x,y,rho,u,v,p,w,temperature,rho_exact,u_exact,v_exact,p_exact,is_solid
0.125,0.125,1,1,1,1,nan,nan,1,1.00004,1,1,0
0.125,0.375,1,1,1,1,nan,nan,1,1.00004,1,1,0
0.125,0.625,1,1,1,1,nan,nan,1,1.00004,1,1,0
0.125,0.875,1,1,1,1,nan,nan,1,1.00004,1,1,0
0.125,1.125,1,1,1,1,nan,nan,1,1.00004,1,1,0
0.125,1.375,1,1,1,1,nan,nan,1,1.00004,1,1,0
0.125,1.625,1,1,1,1,nan,nan,1,1.00004,1,1,0
0.125,1.875,1,1,1,1,nan,nan,1,1.00004,1,1,0
0.125,2.125,1,1,0.999999,1,nan,nan,1,1.00004,1,1,0
0.125,2.375,1,1,0.999999,1,nan,nan,1,1.00004,1,1,0
0.125,2.625,1,1,0.999997,1,nan,nan,1,1.00004,1,1,0
0.125,2.875,1,1,0.999995,1,nan,nan,1,1.00004,1,1,0
0.125,3.125,1,1,0.999992,1,nan,nan,1,1.00004,1,1,0
0.125,3.375,1,1,0.999988,1,nan,nan,1,1.00004,1,1,0
0.125,3.625,1,1,0.999983,1,nan,nan,1,1.00004,1,1,0
0.125,3.875,1,1.00001,0.999977,1,nan,nan,1,1.00004,1,1,0
0.125,4.125,1,1.00001,0.99997,1,nan,nan,1,1.00004,1,1,0
0.125,4.375,1,1,0.999964,1,nan,nan,1,1.00004,1,1,0
0.125,4.625,1,1,0.999959,1,nan,nan,1,1.00004,1,1,0
0.125,4.875,1,1,0.999956,1,nan,nan,1,1.00004,1,1,0
0.125,5.125,1,0.999999,0.999956,1,nan,nan,1,1.00004,1,1,0
0.125,5.375,1,0.999997,0.999959,1,nan,nan,1,1.00004,1,1,0
0.125,5.625,1,0.999995,0.999964,1,nan,nan,1,1.00004,1,1,0
0.125,5.875,1,0.999995,0.99997,1,nan,nan,1,1.00004,1,1,0
0.125,6.125,1,0.999995,0.999977,1,nan,nan,1,1.00004,1,1,0
0.125,6.375,1,0.999995,0.999983,1,nan,nan,1,1.00004,1,1,0
0.125,6.625,1,0.999996,0.999988,1,nan,nan,1,1.00004,1,1,0
0.125,6.875,1,0.999997,0.999992,1,nan,nan,1,1.00004,1,1,0
0.125,7.125,1,0.999998,0.999995,1,nan,nan,1,1.00004,1,1,0
0.125,7.375,1,0.999999,0.999997,1,nan,nan,1,1.00004,1,1,0
0.125,7.625,1,0.999999,0.999999,1,nan,nan,1,1.00004,1,1,0
0.125,7.875,1,1,0.999999,1,nan,nan,1,1.00004,1,1,0
0.125,8.125,1,1,1,1,nan,nan,1,1.00004,1,1,0
0.125,8.375,1,1,1,1,nan,nan,1,1.00004,1,1,0
0.125,8.625,1,1,1,1,nan,nan,1,1.00004,1,1,0
0.125,8.875,1,1,1,1,nan,nan,1,1.00004,1,1,0
0.125,9.125,1,1,1,1,nan,nan,1,1.00004,1,1,0
0.125,9.375,1,1,1,1,nan,nan,1,1.00004,1,1,0
0.125,9.625,1,1,1,1,nan,nan,1,1.00004,1,1,0
0.125,9.875,1,1,1,1,nan,nan,1,1.00004,1,1,0
0.375,0.125,1,1,1,1,nan,nan,1,1.00004,1,1,0
0.375,0.375,1,1,1,1,nan,nan,1,1.00004,1,1,0
0.375,0.625,1,1,1,1,nan,nan,1,1.00004,1,1,0
0.375,0.875,1,1,1,1,nan,nan,1,1.00004,1,1,0
0.375,1.125,1,1,1,1,nan,nan,1,1.00004,1,1,0
0.375,1.375,1,1,1,1,nan,nan,1,1.00004,1,1,0
0.375,1.625,1,1,1,1,nan,nan,1,1.00004,1,1,0
0.375,1.875,1,1,0.999999,1,nan,nan,1,1.00004,1,1,0
0.375,2.125,1,1,0.999998,1,nan,nan,1,1.00004,1,1,0
0.375,2.375,1,1,0.999996,1,nan,nan,1,1.00004,1,1,0
0.375,2.625,1,1,0.999992,1,nan,nan,1,1.00004,1,1,0
0.375,2.875,1,1.00001,0.999986,1,nan,nan,1,1.00004,1,1,0
0.375,3.125,1,1.00001,0.999976,1,nan,nan,1,1.00004,1,1,0
0.375,3.375,1,1.00001,0.999963,1,nan,nan,1,1.00004,1,1,0
0.375,3.625,1,1.00002,0.999947,1,nan,nan,1,1.00004,1,1,0
0.375,3.875,1,1.00002,0.999927,1,nan,nan,1,1.00004,1,1,0
0.375,4.125,1,1.00002,0.999906,1,nan,nan,1,1.00004,1,1,0
0.375,4.375,1,1.00002,0.999887,1,nan,nan,1,1.00004,1,1,0
0.375,4.625,1,1.00001,0.999872,1,nan,nan,1,1.00004,1,1,0
0.375,4.875,1,1,0.999864,1,nan,nan,1,1.00004,1,1,0
0.375,5.125,1,0.999996,0.999864,1,nan,nan,1,1.00004,1,1,0
0.375,5.375,1,0.99999,0.999872,1,nan,nan,1,1.00004,1,1,0
0.375,5.625,1,0.999985,0.999887,1,nan,nan,1,1.00004,1,1,0
0.375,5.875,1,0.999982,0.999906,1,nan,nan,1,1.00004,1,1,0
0.375,6.125,1,0.999982,0.999927,1,nan,nan,1,1.00004,1,1,0
0.375,6.375,1,0.999984,0.999947,1,nan,nan,1,1.00004,1,1,0
0.375,6.625,1,0.999987,0.999963,1,nan,nan,1,1.00004,1,1,0
0.375,6.875,1,0.99999,0.999976,1,nan,nan,1,1.00004,1,1,0
0.375,7.125,1,0.999993,0.999986,1,nan,nan,1,1.00004,1,1,0
0.375,7.375,1,0.999996,0.999992,1,nan,nan,1,1.00004,1,1,0
0.375,7.625,1,0.999998,0.999996,1,nan,nan,1,1.00004,1,1,0
0.375,7.875,1,0.999999,0.999998,1,nan,nan,1,1.00004,1,1,0
0.375,8.125,1,0.999999,0.999999,1,nan,nan,1,1.00004,1,1,0
0.375,8.375,1,1,1,1,nan,nan,1,1.00004,1,1,0
0.375,8.625,1,1,1,1,nan,nan,1,1.00004,1,1,0
0.375,8.875,1,1,1,1,nan,nan,1,1.00004,1,1,0
0.375,9.125,1,1,1,1,nan,nan,1,1.00004,1,1,0
0.375,9.375,1,1,1,1,nan,nan,1,1.00004,1,1,0
0.375,9.625,1,1,1,1,nan,nan,1,1.00004,1,1,0
0.375,9.875,1,1,1,1,nan,nan,1,1.00004,1,1,0
0.625,0.125,1,1,1,1,nan,nan,1,1.00004,1,1,0
0.625,0.375,1,1,1,1,nan,nan,1,1.00004,1,1,0
0.625,0.625,1,1,1,1,nan,nan,1,1.00004,1,1,0
0.625,0.875,1,1,1,1,nan,nan,1,1.00004,1,1,0
0.625,1.125,1,1,1,1,nan,nan,1,1.00004,1,1,0
0.625,1.375,1,1,0.999999,1,nan,nan,1,1.00004,1,1,0
0.625,1.625,1,1,0.999999,1,nan,nan,1,1.00004,1,1,0
0.625,1.875,1,1,0.999997,1,nan,nan,1,1.00004,1,1,0
0.625,2.125,1,1,0.999994,1,nan,nan,1,1.00004,1,1,0
0.625,2.375,1,1.00001,0.999987,1,nan,nan,1,1.00004,1,1,0
0.625,2.625,1,1.00001,0.999976,1,nan,nan,1,1.00004,1,1,0
0.625,2.875,1,1.00002,0.999958,1,nan,nan,1,1.00004,1,1,0
0.625,3.125,1,1.00003,0.999931,1,nan,nan,1,1.00004,1,1,0
0.625,3.375,1,1.00004,0.999893,1,nan,nan,1,1.00004,1,1,0
0.625,3.625,1,1.00005,0.999844,1,nan,nan,1,1.00004,1,1,0
0.625,3.875,1,1.00005,0.999787,1,nan,nan,1,1.00004,1,1,0
0.625,4.125,1,1.00005,0.999727,1,nan,nan,1,1.00004,1,1,0
0.625,4.375,1,1.00005,0.999671,1,nan,nan,1,1.00004,1,1,0
0.625,4.625,1,1.00003,0.999627,1,nan,nan,1,1.00004,1,1,0
0.625,4.875,1,1.00001,0.999603,1,nan,nan,1,1.00004,1,1,0
0.625,5.125,1,0.999989,0.999603,1,nan,nan,1,1.00004,1,1,0
0.625,5.375,1,0.999968,0.999627,1,nan,nan,1,1.00004,1,1,0
0.625,5.625,1,0.999953,0.999671,1,nan,nan,1,1.00004,1,1,0
0.625,5.875,1,0.999945,0.999727,1,nan,nan,1,1.00004,1,1,0
0.625,6.125,1,0.999945,0.999787,1,nan,nan,1,1.00004,1,1,0
0.625,6.375,1,0.999951,0.999844,1,nan,nan,1,1.00004,1,1,0
0.625,6.625,1,0.99996,0.999893,1,nan,nan,1,1.00004,1,1,0
0.625,6.875,1,0.99997,0.999931,1,nan,nan,1,1.00004,1,1,0
0.625,7.125,1,0.99998,0.999958,1,nan,nan,1,1.00004,1,1,0
0.625,7.375,1,0.999987,0.999976,1,nan,nan,1,1.00004,1,1,0
0.625,7.625,1,0.999992,0.999987,1,nan,nan,1,1.00004,1,1,0
0.625,7.875,1,0.999996,0.999994,1,nan,nan,1,1.00004,1,1,0
0.625,8.125,1,0.999998,0.999997,1,nan,nan,1,1.00004,1,1,0
0.625,8.375,1,0.999999,0.999999,1,nan,nan,1,1.00004,1,1,0
0.625,8.625,1,1,0.999999,1,nan,nan,1,1.00004,1,1,0
0.625,8.875,1,1,1,1,nan,nan,1,1.00004,1,1,0
0.625,9.125,1,1,1,1,nan,nan,1,1.00004,1,1,0
0.625,9.375,1,1,1,1,nan,nan,1,1.00004,1,1,0
0.625,9.625,1,1,1,1,nan,nan,1,1.00004,1,1,0
0.625,9.875,1,1,1,1,nan,nan,1,1.00004,1,1,0
0.875,0.125,1,1,1,1,nan,nan,1,1.00004,1,1,0
0.875,0.375,1,1,1,1,nan,nan,1,1.00004,1,1,0
0.875,0.625,1,1,1,1,nan,nan,1,1.00004,1,1,0
0.875,0.875,1,1,1,1,nan,nan,1,1.00004,1,1,0
0.875,1.125,1,1,0.999999,1,nan,nan,1,1.00004,1,1,0
0.875,1.375,1,1,0.999998,1,nan,nan,1,1.00004,1,1,0
0.875,1.625,1,1,0.999996,1,nan,nan,1,1.00004,1,1,0
0.875,1.875,1,1.00001,0.999992,1,nan,nan,1,1.00004,1,1,0
0.875,2.125,1,1.00001,0.999982,1,nan,nan,1,1.00004,1,1,0
0.875,2.375,1,1.00002,0.999965,1,nan,nan,1,1.00004,1,1,0
0.875,2.625,1,1.00004,0.999935,1,nan,nan,1,1.00004,1,1,0
0.875,2.875,1,1.00006,0.999886,1,nan,nan,1,1.00004,1,1,0
0.875,3.125,1,1.00009,0.999812,1,nan,nan,1,1.00004,1,1,0
0.875,3.375,1,1.00011,0.999708,1,nan,nan,1,1.00004,1,1,0
0.875,3.625,1,1.00014,0.999575,1,nan,nan,1,1.00004,1,1,0
0.875,3.875,1,1.00016,0.99942,1,nan,nan,1,1.00004,1,1,0
0.875,4.125,1,1.00016,0.999255,1,nan,nan,1,1.00004,1,1,0
0.875,4.375,1,1.00014,0.999101,1,nan,nan,1,1.00004,1,1,0
0.875,4.625,1,1.00009,0.998982,1,nan,nan,1,1.00004,1,1,0
0.875,4.875,1,1.00003,0.998916,1,nan,nan,1,1.00004,1,1,0
0.875,5.125,1,0.999967,0.998916,1,nan,nan,1,1.00004,1,1,0
0.875,5.375,1,0.999907,0.998982,1,nan,nan,1,1.00004,1,1,0
0.875,5.625,1,0.999864,0.999101,1,nan,nan,1,1.00004,1,1,0
0.875,5.875,1,0.999842,0.999255,1,nan,nan,1,1.00004,1,1,0
0.875,6.125,1,0.999842,0.99942,1,nan,nan,1,1.00004,1,1,0
0.875,6.375,1,0.999858,0.999575,1,nan,nan,1,1.00004,1,1,0
0.875,6.625,1,0.999885,0.999708,1,nan,nan,1,1.00004,1,1,0
0.875,6.875,1,0.999914,0.999812,1,nan,nan,1,1.00004,1,1,0
0.875,7.125,1,0.999941,0.999886,1,nan,nan,1,1.00004,1,1,0
0.875,7.375,1,0.999963,0.999935,1,nan,nan,1,1.00004,1,1,0
0.875,7.625,1,0.999978,0.999965,1,nan,nan,1,1.00004,1,1,0
0.875,7.875,1,0.999988,0.999982,1,nan,nan,1,1.00004,1,1,0
0.875,8.125,1,0.999994,0.999992,1,nan,nan,1,1.00004,1,1,0
0.875,8.375,1,0.999997,0.999996,1,nan,nan,1,1.00004,1,1,0
0.875,8.625,1,0.999999,0.999998,1,nan,nan,1,1.00004,1,1,0
0.875,8.875,1,0.999999,0.999999,1,nan,nan,1,1.00004,1,1,0
0.875,9.125,1,1,1,1,nan,nan,1,1.00004,1,1,0
0.875,9.375,1,1,1,1,nan,nan,1,1.00004,1,1,0
0.875,9.625,1,1,1,1,nan,nan,1,1.00004,1,1,0
0.875,9.875,1,1,1,1,nan,nan,1,1.00004,1,1,0
1.125,0.125,1,1,1,1,nan,nan,1,1.00004,1,1,0
1.125,0.375,1,1,1,1,nan,nan,1,1.00004,1,1,0
1.125,0.625,1,1,1,1,nan,nan,1,1.00004,1,1,0
1.125,0.875,1,1,0.999999,1,nan,nan,1,1.00004,1,1,0
1.125,1.125,1,1,0.999998,1,nan,nan,1,1.00004,1,1,0
1.125,1.375,1,1,0.999996,1,nan,nan,1,1.00004,1,1,0
1.125,1.625,1,1.00001,0.999991,1,nan,nan,1,1.00004,1,1,0
1.125,1.875,1,1.00002,0.999979,1,nan,nan,1,1.00004,1,1,0
1.125,2.125,1,1.00003,0.999955,1,nan,nan,1,1.00004,1,1,0
1.125,2.375,1,1.00006,0.999911,1,nan,nan,1,1.00004,1,1,0
1.125,2.625,1,1.0001,0.999834,1,nan,nan,1,1.00004,1,1,0
1.125,2.875,1,1.00016,0.999708,1,nan,nan,1,1.00004,1,1,0
1.125,3.125,1,1.00023,0.999519,1,nan,nan,1,1.00004,1,1,0
1.125,3.375,1,1.00031,0.999255,1,nan,nan,1,1.00004,1,1,0
1.125,3.625,1,1.00038,0.998916,1,nan,nan,1,1.00004,1,1,0
1.125,3.875,1,1.00043,0.998518,1,nan,nan,1,1.00004,1,1,0
1.125,4.125,1,1.00043,0.998097,1,nan,nan,1,1.00004,1,1,0
1.125,4.375,1,1.00037,0.997705,1,nan,nan,1,1.00004,1,1,0
1.125,4.625,1,1.00025,0.997399,1,nan,nan,1,1.00004,1,1,0
1.125,4.875,1,1.00009,0.997232,1,nan,nan,1,1.00004,1,1,0
1.125,5.125,1,0.999911,0.997232,1,nan,nan,1,1.00004,1,1,0
1.125,5.375,1,0.999748,0.997399,1,nan,nan,1,1.00004,1,1,0
1.125,5.625,1,0.99963,0.997705,1,nan,nan,1,1.00004,1,1,0
1.125,5.875,1,0.99957,0.998097,1,nan,nan,1,1.00004,1,1,0
1.125,6.125,1,0.99957,0.998518,1,nan,nan,1,1.00004,1,1,0
1.125,6.375,1,0.999615,0.998916,1,nan,nan,1,1.00004,1,1,0
1.125,6.625,1,0.999688,0.999255,1,nan,nan,1,1.00004,1,1,0
1.125,6.875,1,0.999767,0.999519,1,nan,nan,1,1.00004,1,1,0
1.125,7.125,1,0.99984,0.999708,1,nan,nan,1,1.00004,1,1,0
1.125,7.375,1,0.999898,0.999834,1,nan,nan,1,1.00004,1,1,0
1.125,7.625,1,0.99994,0.999911,1,nan,nan,1,1.00004,1,1,0
1.125,7.875,1,0.999967,0.999955,1,nan,nan,1,1.00004,1,1,0
1.125,8.125,1,0.999983,0.999979,1,nan,nan,1,1.00004,1,1,0
1.125,8.375,1,0.999992,0.999991,1,nan,nan,1,1.00004,1,1,0
1.125,8.625,1,0.999996,0.999996,1,nan,nan,1,1.00004,1,1,0
1.125,8.875,1,0.999998,0.999998,1,nan,nan,1,1.00004,1,1,0
1.125,9.125,1,0.999999,0.999999,1,nan,nan,1,1.00004,1,1,0
1.125,9.375,1,1,1,1,nan,nan,1,1.00004,1,1,0
1.125,9.625,1,1,1,1,nan,nan,1,1.00004,1,1,0
1.125,9.875,1,1,1,1,nan,nan,1,1.00004,1,1,0
1.375,0.125,1,1,1,1,nan,nan,1,1.00004,1,1,0
1.375,0.375,1,1,1,1,nan,nan,1,1.00004,1,1,0
1.375,0.625,1,1,1,1,nan,nan,1,1.00004,1,1,0
1.375,0.875,1,1,0.999999,1,nan,nan,1,1.00004,1,1,0
1.375,1.125,1,1,0.999996,1,nan,nan,1,1.00004,1,1,0
1.375,1.375,1,1.00001,0.999991,1,nan,nan,1,1.00004,1,1,0
1.375,1.625,1,1.00002,0.999978,1,nan,nan,1,1.00004,1,1,0
1.375,1.875,1,1.00004,0.99995,1,nan,nan,1,1.00004,1,1,0
1.375,2.125,1,1.00008,0.999893,1,nan,nan,1,1.00004,1,1,0
1.375,2.375,1,1.00015,0.999787,1,nan,nan,1,1.00004,1,1,0
1.375,2.625,1,1.00026,0.999603,1,nan,nan,1,1.00004,1,1,0
1.375,2.875,1,1.00041,0.999303,1,nan,nan,1,1.00004,1,1,0
1.375,3.125,1,1.00059,0.998851,1,nan,nan,1,1.00004,1,1,0
1.375,3.375,1,1.0008,0.99822,1,nan,nan,1,1.00004,1,1,0
1.375,3.625,1,1.00098,0.99741,1,nan,nan,1,1.00004,1,1,0
1.375,3.875,1,1.0011,0.99646,1,nan,nan,1,1.00004,1,1,0
1.375,4.125,0.999999,1.0011,0.995455,0.999999,nan,nan,1,1.00004,1,1,0
1.375,4.375,0.999999,1.00095,0.994518,0.999999,nan,nan,1,1.00004,1,1,0
1.375,4.625,0.999999,1.00064,0.993788,0.999999,nan,nan,1,1.00004,1,1,0
1.375,4.875,0.999999,1.00023,0.993387,0.999998,nan,nan,1,1.00004,1,1,0
1.375,5.125,0.999999,0.999772,0.993387,0.999998,nan,nan,1,1.00004,1,1,0
1.375,5.375,0.999999,0.999357,0.993788,0.999999,nan,nan,1,1.00004,1,1,0
1.375,5.625,0.999999,0.999055,0.994518,0.999999,nan,nan,1,1.00004,1,1,0
1.375,5.875,0.999999,0.998903,0.995455,0.999999,nan,nan,1,1.00004,1,1,0
1.375,6.125,1,0.998901,0.99646,1,nan,nan,1,1.00004,1,1,0
1.375,6.375,1,0.999018,0.99741,1,nan,nan,1,1.00004,1,1,0
1.375,6.625,1,0.999202,0.99822,1,nan,nan,1,1.00004,1,1,0
1.375,6.875,1,0.999406,0.998851,1,nan,nan,1,1.00004,1,1,0
1.375,7.125,1,0.999591,0.999303,1,nan,nan,1,1.00004,1,1,0
1.375,7.375,1,0.99974,0.999603,1,nan,nan,1,1.00004,1,1,0
1.375,7.625,1,0.999846,0.999787,1,nan,nan,1,1.00004,1,1,0
1.375,7.875,1,0.999915,0.999893,1,nan,nan,1,1.00004,1,1,0
1.375,8.125,1,0.999956,0.99995,1,nan,nan,1,1.00004,1,1,0
1.375,8.375,1,0.999979,0.999978,1,nan,nan,1,1.00004,1,1,0
1.375,8.625,1,0.999991,0.999991,1,nan,nan,1,1.00004,1,1,0
1.375,8.875,1,0.999996,0.999996,1,nan,nan,1,1.00004,1,1,0
1.375,9.125,1,0.999998,0.999999,1,nan,nan,1,1.00004,1,1,0
1.375,9.375,1,0.999999,1,1,nan,nan,1,1.00004,1,1,0
1.375,9.625,1,1,1,1,nan,nan,1,1.00004,1,1,0
1.375,9.875,1,1,1,1,nan,nan,1,1.00004,1,1,0
1.625,0.125,1,1,1,1,nan,nan,1,1.00004,1,1,0
1.625,0.375,1,1,1,1,nan,nan,1,1.00004,1,1,0
1.625,0.625,1,1,0.999999,1,nan,nan,1,1.00004,1,1,0
1.625,0.875,1,1,0.999997,1,nan,nan,1,1.00004,1,1,0
1.625,1.125,1,1.00001,0.999992,1,nan,nan,1,1.00004,1,1,0
1.625,1.375,1,1.00002,0.999979,1,nan,nan,1,1.00004,1,1,0
1.625,1.625,1,1.00005,0.99995,1,nan,nan,1,1.00004,1,1,0
1.625,1.875,1,1.0001,0.999887,1,nan,nan,1,1.00004,1,1,0
1.625,2.125,1,1.0002,0.999761,1,nan,nan,1,1.00004,1,1,0
1.625,2.375,1,1.00037,0.999525,1,nan,nan,1,1.00004,1,1,0
1.625,2.625,1,1.00062,0.999113,1,nan,nan,1,1.00004,1,1,0
1.625,2.875,1,1.00098,0.998443,1,nan,nan,1,1.00004,1,1,0
1.625,3.125,1,1.00143,0.997433,1,nan,nan,1,1.00004,1,1,0
1.625,3.375,1,1.00191,0.996025,0.999999,nan,nan,1,1.00004,1,1,0
1.625,3.625,0.999999,1.00236,0.994216,0.999999,nan,nan,1,1.00004,1,1,0
1.625,3.875,0.999998,1.00264,0.992094,0.999997,nan,nan,1,1.00004,1,1,0
1.625,4.125,0.999997,1.00263,0.989849,0.999995,nan,nan,1,1.00004,1,1,0
1.625,4.375,0.999995,1.00227,0.987755,0.999993,nan,nan,1,1.00004,1,1,0
1.625,4.625,0.999994,1.00154,0.986125,0.999992,nan,nan,1,1.00004,1,1,0
1.625,4.875,0.999993,1.00055,0.98523,0.99999,nan,nan,1,1.00004,1,1,0
1.625,5.125,0.999993,0.999453,0.98523,0.99999,nan,nan,1,1.00004,1,1,0
1.625,5.375,0.999994,0.998458,0.986125,0.999992,nan,nan,1,1.00004,1,1,0
1.625,5.625,0.999995,0.997732,0.987755,0.999993,nan,nan,1,1.00004,1,1,0
1.625,5.875,0.999997,0.997368,0.989849,0.999995,nan,nan,1,1.00004,1,1,0
1.625,6.125,0.999998,0.997365,0.992094,0.999997,nan,nan,1,1.00004,1,1,0
1.625,6.375,0.999999,0.997644,0.994216,0.999999,nan,nan,1,1.00004,1,1,0
1.625,6.625,1,0.998086,0.996025,0.999999,nan,nan,1,1.00004,1,1,0
1.625,6.875,1,0.998574,0.997433,1,nan,nan,1,1.00004,1,1,0
1.625,7.125,1,0.99902,0.998443,1,nan,nan,1,1.00004,1,1,0
1.625,7.375,1,0.999376,0.999113,1,nan,nan,1,1.00004,1,1,0
1.625,7.625,1,0.999631,0.999525,1,nan,nan,1,1.00004,1,1,0
1.625,7.875,1,0.999797,0.999761,1,nan,nan,1,1.00004,1,1,0
1.625,8.125,1,0.999896,0.999887,1,nan,nan,1,1.00004,1,1,0
1.625,8.375,1,0.99995,0.99995,1,nan,nan,1,1.00004,1,1,0
1.625,8.625,1,0.999978,0.999979,1,nan,nan,1,1.00004,1,1,0
1.625,8.875,1,0.999991,0.999992,1,nan,nan,1,1.00004,1,1,0
1.625,9.125,1,0.999996,0.999997,1,nan,nan,1,1.00004,1,1,0
1.625,9.375,1,0.999999,0.999999,1,nan,nan,1,1.00004,1,1,0
1.625,9.625,1,1,1,1,nan,nan,1,1.00004,1,1,0
1.625,9.875,1,1,1,1,nan,nan,1,1.00004,1,1,0
1.875,0.125,1,1,1,1,nan,nan,1,1.00004,1,1,0
1.875,0.375,1,1,0.999999,1,nan,nan,1,1.00004,1,1,0
1.875,0.625,1,1,0.999998,1,nan,nan,1,1.00004,1,1,0
1.875,0.875,1,1.00001,0.999994,1,nan,nan,1,1.00004,1,1,0
1.875,1.125,1,1.00002,0.999983,1,nan,nan,1,1.00004,1,1,0
1.875,1.375,1,1.00005,0.999956,1,nan,nan,1,1.00004,1,1,0
1.875,1.625,1,1.00011,0.999896,1,nan,nan,1,1.00004,1,1,0
1.875,1.875,1,1.00024,0.999765,1,nan,nan,1,1.00004,1,1,0
1.875,2.125,1,1.00046,0.999502,1,nan,nan,1,1.00004,1,1,0
1.875,2.375,1,1.00083,0.999009,1,nan,nan,1,1.00004,1,1,0
1.875,2.625,1,1.00141,0.998149,1,nan,nan,1,1.00004,1,1,0
1.875,2.875,1,1.00221,0.996752,0.999999,nan,nan,1,1.00004,1,1,0
1.875,3.125,0.999999,1.00321,0.994644,0.999999,nan,nan,1,1.00004,1,1,0
1.875,3.375,0.999997,1.00431,0.991705,0.999996,nan,nan,1,1.00004,1,1,0
1.875,3.625,0.999995,1.00531,0.987931,0.999993,nan,nan,1,1.00004,1,1,0
1.875,3.875,0.99999,1.00594,0.983504,0.999986,nan,nan,1,1.00004,1,1,0
1.875,4.125,0.999984,1.00593,0.978819,0.999977,nan,nan,1,1.00004,1,1,0
1.875,4.375,0.999976,1.00511,0.97445,0.999967,nan,nan,1,1.00004,1,1,0
1.875,4.625,0.999969,1.00347,0.971048,0.999957,nan,nan,1,1.00004,1,1,0
1.875,4.875,0.999965,1.00123,0.969181,0.999951,nan,nan,1,1.00004,1,1,0
1.875,5.125,0.999965,0.998767,0.969181,0.999951,nan,nan,1,1.00004,1,1,0
1.875,5.375,0.999969,0.996526,0.971048,0.999957,nan,nan,1,1.00004,1,1,0
1.875,5.625,0.999976,0.99489,0.97445,0.999967,nan,nan,1,1.00004,1,1,0
1.875,5.875,0.999984,0.994069,0.978819,0.999977,nan,nan,1,1.00004,1,1,0
1.875,6.125,0.99999,0.994061,0.983504,0.999986,nan,nan,1,1.00004,1,1,0
1.875,6.375,0.999995,0.99469,0.987931,0.999993,nan,nan,1,1.00004,1,1,0
1.875,6.625,0.999997,0.995687,0.991705,0.999996,nan,nan,1,1.00004,1,1,0
1.875,6.875,0.999999,0.996787,0.994644,0.999999,nan,nan,1,1.00004,1,1,0
1.875,7.125,1,0.997791,0.996752,0.999999,nan,nan,1,1.00004,1,1,0
1.875,7.375,1,0.998593,0.998149,1,nan,nan,1,1.00004,1,1,0
1.875,7.625,1,0.999168,0.999009,1,nan,nan,1,1.00004,1,1,0
1.875,7.875,1,0.999542,0.999502,1,nan,nan,1,1.00004,1,1,0
1.875,8.125,1,0.999765,0.999765,1,nan,nan,1,1.00004,1,1,0
1.875,8.375,1,0.999887,0.999896,1,nan,nan,1,1.00004,1,1,0
1.875,8.625,1,0.99995,0.999956,1,nan,nan,1,1.00004,1,1,0
1.875,8.875,1,0.999979,0.999983,1,nan,nan,1,1.00004,1,1,0
1.875,9.125,1,0.999992,0.999994,1,nan,nan,1,1.00004,1,1,0
1.875,9.375,1,0.999997,0.999998,1,nan,nan,1,1.00004,1,1,0
1.875,9.625,1,0.999999,0.999999,1,nan,nan,1,1.00004,1,1,0
1.875,9.875,1,1,1,1,nan,nan,1,1.00004,1,1,0
2.125,0.125,1,1,1,1,nan,nan,1,1.00004,1,1,0
2.125,0.375,1,1,0.999999,1,nan,nan,1,1.00004,1,1,0
2.125,0.625,1,1.00001,0.999996,1,nan,nan,1,1.00004,1,1,0
2.125,0.875,1,1.00002,0.999988,1,nan,nan,1,1.00004,1,1,0
2.125,1.125,1,1.00004,0.999967,1,nan,nan,1,1.00004,1,1,0
2.125,1.375,1,1.00011,0.999915,1,nan,nan,1,1.00004,1,1,0
2.125,1.625,1,1.00024,0.999797,1,nan,nan,1,1.00004,1,1,0
2.125,1.875,1,1.0005,0.999542,1,nan,nan,1,1.00004,1,1,0
2.125,2.125,1,1.00097,0.99903,1,nan,nan,1,1.00004,1,1,0
2.125,2.375,1,1.00176,0.998071,1,nan,nan,1,1.00004,1,1,0
2.125,2.625,0.999999,1.00298,0.996395,0.999999,nan,nan,1,1.00004,1,1,0
2.125,2.875,0.999998,1.00468,0.993674,0.999998,nan,nan,1,1.00004,1,1,0
2.125,3.125,0.999995,1.0068,0.989569,0.999993,nan,nan,1,1.00004,1,1,0
2.125,3.375,0.999989,1.00913,0.983845,0.999984,nan,nan,1,1.00004,1,1,0
2.125,3.625,0.999976,1.01124,0.976494,0.999967,nan,nan,1,1.00004,1,1,0
2.125,3.875,0.999955,1.01257,0.967871,0.999938,nan,nan,1,1.00004,1,1,0
2.125,4.125,0.999926,1.01256,0.958746,0.999897,nan,nan,1,1.00004,1,1,0
2.125,4.375,0.999893,1.01082,0.950238,0.99985,nan,nan,1,1.00004,1,1,0
2.125,4.625,0.999863,1.00735,0.943613,0.999808,nan,nan,1,1.00004,1,1,0
2.125,4.875,0.999844,1.00261,0.939976,0.999782,nan,nan,1,1.00004,1,1,0
2.125,5.125,0.999844,0.99739,0.939976,0.999782,nan,nan,1,1.00004,1,1,0
2.125,5.375,0.999863,0.992645,0.943613,0.999808,nan,nan,1,1.00004,1,1,0
2.125,5.625,0.999893,0.989182,0.950238,0.99985,nan,nan,1,1.00004,1,1,0
2.125,5.875,0.999926,0.987444,0.958746,0.999897,nan,nan,1,1.00004,1,1,0
2.125,6.125,0.999955,0.987428,0.967871,0.999938,nan,nan,1,1.00004,1,1,0
2.125,6.375,0.999976,0.988758,0.976494,0.999967,nan,nan,1,1.00004,1,1,0
2.125,6.625,0.999989,0.990869,0.983845,0.999984,nan,nan,1,1.00004,1,1,0
2.125,6.875,0.999995,0.993197,0.989569,0.999993,nan,nan,1,1.00004,1,1,0
2.125,7.125,0.999998,0.995324,0.993674,0.999998,nan,nan,1,1.00004,1,1,0
2.125,7.375,0.999999,0.997022,0.996395,0.999999,nan,nan,1,1.00004,1,1,0
2.125,7.625,1,0.998238,0.998071,1,nan,nan,1,1.00004,1,1,0
2.125,7.875,1,0.99903,0.99903,1,nan,nan,1,1.00004,1,1,0
2.125,8.125,1,0.999502,0.999542,1,nan,nan,1,1.00004,1,1,0
2.125,8.375,1,0.999761,0.999797,1,nan,nan,1,1.00004,1,1,0
2.125,8.625,1,0.999893,0.999915,1,nan,nan,1,1.00004,1,1,0
2.125,8.875,1,0.999955,0.999967,1,nan,nan,1,1.00004,1,1,0
2.125,9.125,1,0.999982,0.999988,1,nan,nan,1,1.00004,1,1,0
2.125,9.375,1,0.999994,0.999996,1,nan,nan,1,1.00004,1,1,0
2.125,9.625,1,0.999998,0.999999,1,nan,nan,1,1.00004,1,1,0
2.125,9.875,1,0.999999,1,1,nan,nan,1,1.00004,1,1,0
2.375,0.125,1,1,0.999999,1,nan,nan,1,1.00004,1,1,0
2.375,0.375,1,1,0.999998,1,nan,nan,1,1.00004,1,1,0
2.375,0.625,1,1.00001,0.999992,1,nan,nan,1,1.00004,1,1,0
2.375,0.875,1,1.00003,0.999978,1,nan,nan,1,1.00004,1,1,0
2.375,1.125,1,1.00009,0.99994,1,nan,nan,1,1.00004,1,1,0
2.375,1.375,1,1.00021,0.999846,1,nan,nan,1,1.00004,1,1,0
2.375,1.625,1,1.00047,0.999631,1,nan,nan,1,1.00004,1,1,0
2.375,1.875,1,1.00099,0.999168,1,nan,nan,1,1.00004,1,1,0
2.375,2.125,1,1.00193,0.998238,1,nan,nan,1,1.00004,1,1,0
2.375,2.375,0.999999,1.0035,0.996496,0.999999,nan,nan,1,1.00004,1,1,0
2.375,2.625,0.999998,1.00592,0.993455,0.999997,nan,nan,1,1.00004,1,1,0
2.375,2.875,0.999993,1.0093,0.988512,0.99999,nan,nan,1,1.00004,1,1,0
2.375,3.125,0.999981,1.01353,0.98106,0.999974,nan,nan,1,1.00004,1,1,0
2.375,3.375,0.999955,1.01816,0.970665,0.999938,nan,nan,1,1.00004,1,1,0
2.375,3.625,0.999906,1.02236,0.957318,0.999868,nan,nan,1,1.00004,1,1,0
2.375,3.875,0.999824,1.025,0.941661,0.999753,nan,nan,1,1.00004,1,1,0
2.375,4.125,0.999709,1.02497,0.925091,0.999593,nan,nan,1,1.00004,1,1,0
2.375,4.375,0.999577,1.02151,0.909643,0.999408,nan,nan,1,1.00004,1,1,0
2.375,4.625,0.999457,1.01463,0.897612,0.99924,nan,nan,1,1.00004,1,1,0
2.375,4.875,0.999384,1.00519,0.891008,0.999138,nan,nan,1,1.00004,1,1,0
2.375,5.125,0.999384,0.99481,0.891008,0.999138,nan,nan,1,1.00004,1,1,0
2.375,5.375,0.999457,0.985373,0.897612,0.99924,nan,nan,1,1.00004,1,1,0
2.375,5.625,0.999577,0.978486,0.909643,0.999408,nan,nan,1,1.00004,1,1,0
2.375,5.875,0.999709,0.97503,0.925091,0.999593,nan,nan,1,1.00004,1,1,0
2.375,6.125,0.999824,0.974998,0.941661,0.999753,nan,nan,1,1.00004,1,1,0
2.375,6.375,0.999906,0.977643,0.957318,0.999868,nan,nan,1,1.00004,1,1,0
2.375,6.625,0.999955,0.98184,0.970665,0.999938,nan,nan,1,1.00004,1,1,0
2.375,6.875,0.999981,0.986471,0.98106,0.999974,nan,nan,1,1.00004,1,1,0
2.375,7.125,0.999993,0.9907,0.988512,0.99999,nan,nan,1,1.00004,1,1,0
2.375,7.375,0.999998,0.994078,0.993455,0.999997,nan,nan,1,1.00004,1,1,0
2.375,7.625,0.999999,0.996496,0.996496,0.999999,nan,nan,1,1.00004,1,1,0
2.375,7.875,1,0.998071,0.998238,1,nan,nan,1,1.00004,1,1,0
2.375,8.125,1,0.999009,0.999168,1,nan,nan,1,1.00004,1,1,0
2.375,8.375,1,0.999525,0.999631,1,nan,nan,1,1.00004,1,1,0
2.375,8.625,1,0.999787,0.999846,1,nan,nan,1,1.00004,1,1,0
2.375,8.875,1,0.999911,0.99994,1,nan,nan,1,1.00004,1,1,0
2.375,9.125,1,0.999965,0.999978,1,nan,nan,1,1.00004,1,1,0
2.375,9.375,1,0.999987,0.999992,1,nan,nan,1,1.00004,1,1,0
2.375,9.625,1,0.999996,0.999998,1,nan,nan,1,1.00004,1,1,0
2.375,9.875,1,0.999999,0.999999,1,nan,nan,1,1.00004,1,1,0
2.625,0.125,1,1,0.999999,1,nan,nan,1,1.00004,1,1,0
2.625,0.375,1,1.00001,0.999996,1,nan,nan,1,1.00004,1,1,0
2.625,0.625,1,1.00002,0.999987,1,nan,nan,1,1.00004,1,1,0
2.625,0.875,1,1.00007,0.999963,1,nan,nan,1,1.00004,1,1,0
2.625,1.125,1,1.00017,0.999898,1,nan,nan,1,1.00004,1,1,0
2.625,1.375,1,1.0004,0.99974,1,nan,nan,1,1.00004,1,1,0
2.625,1.625,1,1.00089,0.999376,1,nan,nan,1,1.00004,1,1,0
2.625,1.875,1,1.00185,0.998593,1,nan,nan,1,1.00004,1,1,0
2.625,2.125,0.999999,1.0036,0.997022,0.999999,nan,nan,1,1.00004,1,1,0
2.625,2.375,0.999998,1.00655,0.994078,0.999997,nan,nan,1,1.00004,1,1,0
2.625,2.625,0.999992,1.01106,0.988936,0.999989,nan,nan,1,1.00004,1,1,0
2.625,2.875,0.999976,1.01737,0.980582,0.999967,nan,nan,1,1.00004,1,1,0
2.625,3.125,0.999935,1.02527,0.967986,0.999909,nan,nan,1,1.00004,1,1,0
2.625,3.375,0.999844,1.03393,0.950415,0.999782,nan,nan,1,1.00004,1,1,0
2.625,3.625,0.99967,1.04177,0.927854,0.999539,nan,nan,1,1.00004,1,1,0
2.625,3.875,0.999384,1.04671,0.901388,0.999138,nan,nan,1,1.00004,1,1,0
2.625,4.125,0.998985,1.04665,0.87338,0.99858,nan,nan,1,1.00004,1,1,0
2.625,4.375,0.998524,1.04019,0.847267,0.997934,nan,nan,1,1.00004,1,1,0
2.625,4.625,0.998105,1.02733,0.826931,0.997347,nan,nan,1,1.00004,1,1,0
2.625,4.875,0.997852,1.0097,0.815769,0.996995,nan,nan,1,1.00004,1,1,0
2.625,5.125,0.997852,0.990304,0.815769,0.996995,nan,nan,1,1.00004,1,1,0
2.625,5.375,0.998105,0.972673,0.826931,0.997347,nan,nan,1,1.00004,1,1,0
2.625,5.625,0.998524,0.959807,0.847267,0.997934,nan,nan,1,1.00004,1,1,0
2.625,5.875,0.998985,0.953351,0.87338,0.99858,nan,nan,1,1.00004,1,1,0
2.625,6.125,0.999384,0.953289,0.901388,0.999138,nan,nan,1,1.00004,1,1,0
2.625,6.375,0.99967,0.958231,0.927854,0.999539,nan,nan,1,1.00004,1,1,0
2.625,6.625,0.999844,0.966073,0.950415,0.999782,nan,nan,1,1.00004,1,1,0
2.625,6.875,0.999935,0.974725,0.967986,0.999909,nan,nan,1,1.00004,1,1,0
2.625,7.125,0.999976,0.982626,0.980582,0.999967,nan,nan,1,1.00004,1,1,0
2.625,7.375,0.999992,0.988936,0.988936,0.999989,nan,nan,1,1.00004,1,1,0
2.625,7.625,0.999998,0.993455,0.994078,0.999997,nan,nan,1,1.00004,1,1,0
2.625,7.875,0.999999,0.996395,0.997022,0.999999,nan,nan,1,1.00004,1,1,0
2.625,8.125,1,0.998149,0.998593,1,nan,nan,1,1.00004,1,1,0
2.625,8.375,1,0.999113,0.999376,1,nan,nan,1,1.00004,1,1,0
2.625,8.625,1,0.999603,0.99974,1,nan,nan,1,1.00004,1,1,0
2.625,8.875,1,0.999834,0.999898,1,nan,nan,1,1.00004,1,1,0
2.625,9.125,1,0.999935,0.999963,1,nan,nan,1,1.00004,1,1,0
2.625,9.375,1,0.999976,0.999987,1,nan,nan,1,1.00004,1,1,0
2.625,9.625,1,0.999992,0.999996,1,nan,nan,1,1.00004,1,1,0
2.625,9.875,1,0.999997,0.999999,1,nan,nan,1,1.00004,1,1,0
2.875,0.125,1,1,0.999998,1,nan,nan,1,1.00004,1,1,0
2.875,0.375,1,1.00001,0.999993,1,nan,nan,1,1.00004,1,1,0
2.875,0.625,1,1.00004,0.99998,1,nan,nan,1,1.00004,1,1,0
2.875,0.875,1,1.00011,0.999941,1,nan,nan,1,1.00004,1,1,0
2.875,1.125,1,1.00029,0.99984,1,nan,nan,1,1.00004,1,1,0
2.875,1.375,1,1.0007,0.999591,1,nan,nan,1,1.00004,1,1,0
2.875,1.625,1,1.00156,0.99902,1,nan,nan,1,1.00004,1,1,0
2.875,1.875,1,1.00325,0.997791,0.999999,nan,nan,1,1.00004,1,1,0
2.875,2.125,0.999998,1.00633,0.995324,0.999998,nan,nan,1,1.00004,1,1,0
2.875,2.375,0.999993,1.01149,0.9907,0.99999,nan,nan,1,1.00004,1,1,0
2.875,2.625,0.999976,1.01942,0.982626,0.999967,nan,nan,1,1.00004,1,1,0
2.875,2.875,0.999926,1.03049,0.969508,0.999897,nan,nan,1,1.00004,1,1,0
2.875,3.125,0.9998,1.04436,0.949727,0.99972,nan,nan,1,1.00004,1,1,0
2.875,3.375,0.999521,1.05954,0.922136,0.999329,nan,nan,1,1.00004,1,1,0
2.875,3.625,0.998985,1.07331,0.886709,0.99858,nan,nan,1,1.00004,1,1,0
2.875,3.875,0.998105,1.08198,0.845149,0.997347,nan,nan,1,1.00004,1,1,0
2.875,4.125,0.996876,1.08187,0.801167,0.995629,nan,nan,1,1.00004,1,1,0
2.875,4.375,0.995457,1.07054,0.760162,0.993645,nan,nan,1,1.00004,1,1,0
2.875,4.625,0.994169,1.04796,0.728228,0.991846,nan,nan,1,1.00004,1,1,0
2.875,4.875,0.993394,1.01702,0.7107,0.990763,nan,nan,1,1.00004,1,1,0
2.875,5.125,0.993394,0.982982,0.7107,0.990763,nan,nan,1,1.00004,1,1,0
2.875,5.375,0.994169,0.95204,0.728228,0.991846,nan,nan,1,1.00004,1,1,0
2.875,5.625,0.995457,0.929459,0.760162,0.993645,nan,nan,1,1.00004,1,1,0
2.875,5.875,0.996876,0.918128,0.801167,0.995629,nan,nan,1,1.00004,1,1,0
2.875,6.125,0.998105,0.91802,0.845149,0.997347,nan,nan,1,1.00004,1,1,0
2.875,6.375,0.998985,0.926694,0.886709,0.99858,nan,nan,1,1.00004,1,1,0
2.875,6.625,0.999521,0.940457,0.922136,0.999329,nan,nan,1,1.00004,1,1,0
2.875,6.875,0.9998,0.955642,0.949727,0.99972,nan,nan,1,1.00004,1,1,0
2.875,7.125,0.999926,0.969508,0.969508,0.999897,nan,nan,1,1.00004,1,1,0
2.875,7.375,0.999976,0.980582,0.982626,0.999967,nan,nan,1,1.00004,1,1,0
2.875,7.625,0.999993,0.988512,0.9907,0.99999,nan,nan,1,1.00004,1,1,0
2.875,7.875,0.999998,0.993674,0.995324,0.999998,nan,nan,1,1.00004,1,1,0
2.875,8.125,1,0.996752,0.997791,0.999999,nan,nan,1,1.00004,1,1,0
2.875,8.375,1,0.998443,0.99902,1,nan,nan,1,1.00004,1,1,0
2.875,8.625,1,0.999303,0.999591,1,nan,nan,1,1.00004,1,1,0
2.875,8.875,1,0.999708,0.99984,1,nan,nan,1,1.00004,1,1,0
2.875,9.125,1,0.999886,0.999941,1,nan,nan,1,1.00004,1,1,0
2.875,9.375,1,0.999958,0.99998,1,nan,nan,1,1.00004,1,1,0
2.875,9.625,1,0.999986,0.999993,1,nan,nan,1,1.00004,1,1,0
2.875,9.875,1,0.999995,0.999998,1,nan,nan,1,1.00004,1,1,0
3.125,0.125,1,1.00001,0.999997,1,nan,nan,1,1.00004,1,1,0
3.125,0.375,1,1.00002,0.99999,1,nan,nan,1,1.00004,1,1,0
3.125,0.625,1,1.00007,0.99997,1,nan,nan,1,1.00004,1,1,0
3.125,0.875,1,1.00019,0.999914,1,nan,nan,1,1.00004,1,1,0
3.125,1.125,1,1.00048,0.999767,1,nan,nan,1,1.00004,1,1,0
3.125,1.375,1,1.00115,0.999406,1,nan,nan,1,1.00004,1,1,0
3.125,1.625,1,1.00257,0.998574,1,nan,nan,1,1.00004,1,1,0
3.125,1.875,0.999999,1.00536,0.996787,0.999999,nan,nan,1,1.00004,1,1,0
3.125,2.125,0.999995,1.01043,0.993197,0.999993,nan,nan,1,1.00004,1,1,0
3.125,2.375,0.999981,1.01894,0.986471,0.999974,nan,nan,1,1.00004,1,1,0
3.125,2.625,0.999935,1.03201,0.974725,0.999909,nan,nan,1,1.00004,1,1,0
3.125,2.875,0.9998,1.05027,0.955642,0.99972,nan,nan,1,1.00004,1,1,0
3.125,3.125,0.999457,1.07313,0.926866,0.99924,nan,nan,1,1.00004,1,1,0
3.125,3.375,0.998697,1.09817,0.886727,0.998176,nan,nan,1,1.00004,1,1,0
3.125,3.625,0.997243,1.12086,0.835189,0.996142,nan,nan,1,1.00004,1,1,0
3.125,3.875,0.994853,1.13516,0.77473,0.992801,nan,nan,1,1.00004,1,1,0
3.125,4.125,0.991522,1.13498,0.710748,0.988151,nan,nan,1,1.00004,1,1,0
3.125,4.375,0.987679,1.1163,0.651095,0.982793,nan,nan,1,1.00004,1,1,0
3.125,4.625,0.984196,1.07907,0.604639,0.977945,nan,nan,1,1.00004,1,1,0
3.125,4.875,0.982104,1.02806,0.57914,0.975035,nan,nan,1,1.00004,1,1,0
3.125,5.125,0.982104,0.971943,0.57914,0.975035,nan,nan,1,1.00004,1,1,0
3.125,5.375,0.984196,0.920928,0.604639,0.977945,nan,nan,1,1.00004,1,1,0
3.125,5.625,0.987679,0.883698,0.651095,0.982793,nan,nan,1,1.00004,1,1,0
3.125,5.875,0.991522,0.865016,0.710748,0.988151,nan,nan,1,1.00004,1,1,0
3.125,6.125,0.994853,0.864838,0.77473,0.992801,nan,nan,1,1.00004,1,1,0
3.125,6.375,0.997243,0.879139,0.835189,0.996142,nan,nan,1,1.00004,1,1,0
3.125,6.625,0.998697,0.90183,0.886727,0.998176,nan,nan,1,1.00004,1,1,0
3.125,6.875,0.999457,0.926866,0.926866,0.99924,nan,nan,1,1.00004,1,1,0
3.125,7.125,0.9998,0.949727,0.955642,0.99972,nan,nan,1,1.00004,1,1,0
3.125,7.375,0.999935,0.967986,0.974725,0.999909,nan,nan,1,1.00004,1,1,0
3.125,7.625,0.999981,0.98106,0.986471,0.999974,nan,nan,1,1.00004,1,1,0
3.125,7.875,0.999995,0.989569,0.993197,0.999993,nan,nan,1,1.00004,1,1,0
3.125,8.125,0.999999,0.994644,0.996787,0.999999,nan,nan,1,1.00004,1,1,0
3.125,8.375,1,0.997433,0.998574,1,nan,nan,1,1.00004,1,1,0
3.125,8.625,1,0.998851,0.999406,1,nan,nan,1,1.00004,1,1,0
3.125,8.875,1,0.999519,0.999767,1,nan,nan,1,1.00004,1,1,0
3.125,9.125,1,0.999812,0.999914,1,nan,nan,1,1.00004,1,1,0
3.125,9.375,1,0.999931,0.99997,1,nan,nan,1,1.00004,1,1,0
3.125,9.625,1,0.999976,0.99999,1,nan,nan,1,1.00004,1,1,0
3.125,9.875,1,0.999992,0.999997,1,nan,nan,1,1.00004,1,1,0
3.375,0.125,1,1.00001,0.999996,1,nan,nan,1,1.00004,1,1,0
3.375,0.375,1,1.00004,0.999987,1,nan,nan,1,1.00004,1,1,0
3.375,0.625,1,1.00011,0.99996,1,nan,nan,1,1.00004,1,1,0
3.375,0.875,1,1.00029,0.999885,1,nan,nan,1,1.00004,1,1,0
3.375,1.125,1,1.00075,0.999688,1,nan,nan,1,1.00004,1,1,0
3.375,1.375,1,1.00178,0.999202,1,nan,nan,1,1.00004,1,1,0
3.375,1.625,1,1.00398,0.998086,0.999999,nan,nan,1,1.00004,1,1,0
3.375,1.875,0.999997,1.00829,0.995687,0.999996,nan,nan,1,1.00004,1,1,0
3.375,2.125,0.999989,1.01616,0.990869,0.999984,nan,nan,1,1.00004,1,1,0
3.375,2.375,0.999955,1.02933,0.98184,0.999938,nan,nan,1,1.00004,1,1,0
3.375,2.625,0.999844,1.04959,0.966073,0.999782,nan,nan,1,1.00004,1,1,0
3.375,2.875,0.999521,1.07786,0.940457,0.999329,nan,nan,1,1.00004,1,1,0
3.375,3.125,0.998697,1.11327,0.90183,0.998176,nan,nan,1,1.00004,1,1,0
3.375,3.375,0.996876,1.15205,0.847952,0.995629,nan,nan,1,1.00004,1,1,0
3.375,3.625,0.993394,1.18719,0.778771,0.990763,nan,nan,1,1.00004,1,1,0
3.375,3.875,0.987679,1.20934,0.697616,0.982793,nan,nan,1,1.00004,1,1,0
3.375,4.125,0.979735,1.20907,0.611731,0.971745,nan,nan,1,1.00004,1,1,0
3.375,4.375,0.970597,1.18013,0.531658,0.95908,nan,nan,1,1.00004,1,1,0
3.375,4.625,0.962342,1.12247,0.469299,0.947679,nan,nan,1,1.00004,1,1,0
3.375,4.875,0.957393,1.04346,0.435072,0.940863,nan,nan,1,1.00004,1,1,0
3.375,5.125,0.957393,0.956544,0.435072,0.940863,nan,nan,1,1.00004,1,1,0
3.375,5.375,0.962342,0.877531,0.469299,0.947679,nan,nan,1,1.00004,1,1,0
3.375,5.625,0.970597,0.819868,0.531658,0.95908,nan,nan,1,1.00004,1,1,0
3.375,5.875,0.979735,0.790932,0.611731,0.971745,nan,nan,1,1.00004,1,1,0
3.375,6.125,0.987679,0.790657,0.697616,0.982793,nan,nan,1,1.00004,1,1,0
3.375,6.375,0.993394,0.812806,0.778771,0.990763,nan,nan,1,1.00004,1,1,0
3.375,6.625,0.996876,0.847952,0.847952,0.995629,nan,nan,1,1.00004,1,1,0
3.375,6.875,0.998697,0.886727,0.90183,0.998176,nan,nan,1,1.00004,1,1,0
3.375,7.125,0.999521,0.922136,0.940457,0.999329,nan,nan,1,1.00004,1,1,0
3.375,7.375,0.999844,0.950415,0.966073,0.999782,nan,nan,1,1.00004,1,1,0
3.375,7.625,0.999955,0.970665,0.98184,0.999938,nan,nan,1,1.00004,1,1,0
3.375,7.875,0.999989,0.983845,0.990869,0.999984,nan,nan,1,1.00004,1,1,0
3.375,8.125,0.999997,0.991705,0.995687,0.999996,nan,nan,1,1.00004,1,1,0
3.375,8.375,1,0.996025,0.998086,0.999999,nan,nan,1,1.00004,1,1,0
3.375,8.625,1,0.99822,0.999202,1,nan,nan,1,1.00004,1,1,0
3.375,8.875,1,0.999255,0.999688,1,nan,nan,1,1.00004,1,1,0
3.375,9.125,1,0.999708,0.999885,1,nan,nan,1,1.00004,1,1,0
3.375,9.375,1,0.999893,0.99996,1,nan,nan,1,1.00004,1,1,0
3.375,9.625,1,0.999963,0.999987,1,nan,nan,1,1.00004,1,1,0
3.375,9.875,1,0.999988,0.999996,1,nan,nan,1,1.00004,1,1,0
3.625,0.125,1,1.00002,0.999995,1,nan,nan,1,1.00004,1,1,0
3.625,0.375,1,1.00005,0.999984,1,nan,nan,1,1.00004,1,1,0
3.625,0.625,1,1.00016,0.999951,1,nan,nan,1,1.00004,1,1,0
3.625,0.875,1,1.00042,0.999858,1,nan,nan,1,1.00004,1,1,0
3.625,1.125,1,1.00108,0.999615,1,nan,nan,1,1.00004,1,1,0
3.625,1.375,1,1.00259,0.999018,1,nan,nan,1,1.00004,1,1,0
3.625,1.625,0.999999,1.00578,0.997644,0.999999,nan,nan,1,1.00004,1,1,0
3.625,1.875,0.999995,1.01207,0.99469,0.999993,nan,nan,1,1.00004,1,1,0
3.625,2.125,0.999976,1.02351,0.988758,0.999967,nan,nan,1,1.00004,1,1,0
3.625,2.375,0.999906,1.04268,0.977643,0.999868,nan,nan,1,1.00004,1,1,0
3.625,2.625,0.99967,1.07215,0.958231,0.999539,nan,nan,1,1.00004,1,1,0
3.625,2.875,0.998985,1.11329,0.926694,0.99858,nan,nan,1,1.00004,1,1,0
3.625,3.125,0.997243,1.16481,0.879139,0.996142,nan,nan,1,1.00004,1,1,0
3.625,3.375,0.993394,1.22123,0.812806,0.990763,nan,nan,1,1.00004,1,1,0
3.625,3.625,0.986046,1.27237,0.727635,0.980518,nan,nan,1,1.00004,1,1,0
3.625,3.875,0.974025,1.30459,0.627721,0.963825,nan,nan,1,1.00004,1,1,0
3.625,4.125,0.957393,1.30419,0.521984,0.940863,nan,nan,1,1.00004,1,1,0
3.625,4.375,0.938375,1.26209,0.423402,0.914802,nan,nan,1,1.00004,1,1,0
3.625,4.625,0.921299,1.17819,0.346629,0.891582,nan,nan,1,1.00004,1,1,0
3.625,4.875,0.911111,1.06323,0.30449,0.877809,nan,nan,1,1.00004,1,1,0
3.625,5.125,0.911111,0.936772,0.30449,0.877809,nan,nan,1,1.00004,1,1,0
3.625,5.375,0.921299,0.821808,0.346629,0.891582,nan,nan,1,1.00004,1,1,0
3.625,5.625,0.938375,0.73791,0.423402,0.914802,nan,nan,1,1.00004,1,1,0
3.625,5.875,0.957393,0.695808,0.521984,0.940863,nan,nan,1,1.00004,1,1,0
3.625,6.125,0.974025,0.695408,0.627721,0.963825,nan,nan,1,1.00004,1,1,0
3.625,6.375,0.986046,0.727635,0.727635,0.980518,nan,nan,1,1.00004,1,1,0
3.625,6.625,0.993394,0.778771,0.812806,0.990763,nan,nan,1,1.00004,1,1,0
3.625,6.875,0.997243,0.835189,0.879139,0.996142,nan,nan,1,1.00004,1,1,0
3.625,7.125,0.998985,0.886709,0.926694,0.99858,nan,nan,1,1.00004,1,1,0
3.625,7.375,0.99967,0.927854,0.958231,0.999539,nan,nan,1,1.00004,1,1,0
3.625,7.625,0.999906,0.957318,0.977643,0.999868,nan,nan,1,1.00004,1,1,0
3.625,7.875,0.999976,0.976494,0.988758,0.999967,nan,nan,1,1.00004,1,1,0
3.625,8.125,0.999995,0.987931,0.99469,0.999993,nan,nan,1,1.00004,1,1,0
3.625,8.375,0.999999,0.994216,0.997644,0.999999,nan,nan,1,1.00004,1,1,0
3.625,8.625,1,0.99741,0.999018,1,nan,nan,1,1.00004,1,1,0
3.625,8.875,1,0.998916,0.999615,1,nan,nan,1,1.00004,1,1,0
3.625,9.125,1,0.999575,0.999858,1,nan,nan,1,1.00004,1,1,0
3.625,9.375,1,0.999844,0.999951,1,nan,nan,1,1.00004,1,1,0
3.625,9.625,1,0.999947,0.999984,1,nan,nan,1,1.00004,1,1,0
3.625,9.875,1,0.999983,0.999995,1,nan,nan,1,1.00004,1,1,0
3.875,0.125,1,1.00002,0.999995,1,nan,nan,1,1.00004,1,1,0
3.875,0.375,1,1.00007,0.999982,1,nan,nan,1,1.00004,1,1,0
3.875,0.625,1,1.00021,0.999945,1,nan,nan,1,1.00004,1,1,0
3.875,0.875,1,1.00058,0.999842,1,nan,nan,1,1.00004,1,1,0
3.875,1.125,1,1.00148,0.99957,1,nan,nan,1,1.00004,1,1,0
3.875,1.375,1,1.00354,0.998901,1,nan,nan,1,1.00004,1,1,0
3.875,1.625,0.999998,1.00791,0.997365,0.999997,nan,nan,1,1.00004,1,1,0
3.875,1.875,0.99999,1.0165,0.994061,0.999986,nan,nan,1,1.00004,1,1,0
3.875,2.125,0.999955,1.03213,0.987428,0.999938,nan,nan,1,1.00004,1,1,0
3.875,2.375,0.999824,1.05834,0.974998,0.999753,nan,nan,1,1.00004,1,1,0
3.875,2.625,0.999384,1.09861,0.953289,0.999138,nan,nan,1,1.00004,1,1,0
3.875,2.875,0.998105,1.15485,0.91802,0.997347,nan,nan,1,1.00004,1,1,0
3.875,3.125,0.994853,1.22527,0.864838,0.992801,nan,nan,1,1.00004,1,1,0
3.875,3.375,0.987679,1.30238,0.790657,0.982793,nan,nan,1,1.00004,1,1,0
3.875,3.625,0.974025,1.37228,0.695408,0.963825,nan,nan,1,1.00004,1,1,0
3.875,3.875,0.951804,1.41633,0.583672,0.933183,nan,nan,1,1.00004,1,1,0
3.875,4.125,0.921299,1.41578,0.465424,0.891582,nan,nan,1,1.00004,1,1,0
3.875,4.375,0.886766,1.35823,0.355178,0.845147,nan,nan,1,1.00004,1,1,0
3.875,4.625,0.856083,1.24356,0.269321,0.804493,nan,nan,1,1.00004,1,1,0
3.875,4.875,0.837926,1.08642,0.222196,0.780707,nan,nan,1,1.00004,1,1,0
3.875,5.125,0.837926,0.913577,0.222196,0.780707,nan,nan,1,1.00004,1,1,0
3.875,5.375,0.856083,0.75644,0.269321,0.804493,nan,nan,1,1.00004,1,1,0
3.875,5.625,0.886766,0.641766,0.355178,0.845147,nan,nan,1,1.00004,1,1,0
3.875,5.875,0.921299,0.584219,0.465424,0.891582,nan,nan,1,1.00004,1,1,0
3.875,6.125,0.951804,0.583672,0.583672,0.933183,nan,nan,1,1.00004,1,1,0
3.875,6.375,0.974025,0.627721,0.695408,0.963825,nan,nan,1,1.00004,1,1,0
3.875,6.625,0.987679,0.697616,0.790657,0.982793,nan,nan,1,1.00004,1,1,0
3.875,6.875,0.994853,0.77473,0.864838,0.992801,nan,nan,1,1.00004,1,1,0
3.875,7.125,0.998105,0.845149,0.91802,0.997347,nan,nan,1,1.00004,1,1,0
3.875,7.375,0.999384,0.901388,0.953289,0.999138,nan,nan,1,1.00004,1,1,0
3.875,7.625,0.999824,0.941661,0.974998,0.999753,nan,nan,1,1.00004,1,1,0
3.875,7.875,0.999955,0.967871,0.987428,0.999938,nan,nan,1,1.00004,1,1,0
3.875,8.125,0.99999,0.983504,0.994061,0.999986,nan,nan,1,1.00004,1,1,0
3.875,8.375,0.999998,0.992094,0.997365,0.999997,nan,nan,1,1.00004,1,1,0
3.875,8.625,1,0.99646,0.998901,1,nan,nan,1,1.00004,1,1,0
3.875,8.875,1,0.998518,0.99957,1,nan,nan,1,1.00004,1,1,0
3.875,9.125,1,0.99942,0.999842,1,nan,nan,1,1.00004,1,1,0
3.875,9.375,1,0.999787,0.999945,1,nan,nan,1,1.00004,1,1,0
3.875,9.625,1,0.999927,0.999982,1,nan,nan,1,1.00004,1,1,0
3.875,9.875,1,0.999977,0.999995,1,nan,nan,1,1.00004,1,1,0
4.125,0.125,1,1.00003,0.999995,1,nan,nan,1,1.00004,1,1,0
4.125,0.375,1,1.00009,0.999982,1,nan,nan,1,1.00004,1,1,0
4.125,0.625,1,1.00027,0.999945,1,nan,nan,1,1.00004,1,1,0
4.125,0.875,1,1.00075,0.999842,1,nan,nan,1,1.00004,1,1,0
4.125,1.125,1,1.0019,0.99957,1,nan,nan,1,1.00004,1,1,0
4.125,1.375,0.999999,1.00455,0.998903,0.999999,nan,nan,1,1.00004,1,1,0
4.125,1.625,0.999997,1.01015,0.997368,0.999995,nan,nan,1,1.00004,1,1,0
4.125,1.875,0.999984,1.02118,0.994069,0.999977,nan,nan,1,1.00004,1,1,0
4.125,2.125,0.999926,1.04125,0.987444,0.999897,nan,nan,1,1.00004,1,1,0
4.125,2.375,0.999709,1.07491,0.97503,0.999593,nan,nan,1,1.00004,1,1,0
4.125,2.625,0.998985,1.12662,0.953351,0.99858,nan,nan,1,1.00004,1,1,0
4.125,2.875,0.996876,1.19883,0.918128,0.995629,nan,nan,1,1.00004,1,1,0
4.125,3.125,0.991522,1.28925,0.865016,0.988151,nan,nan,1,1.00004,1,1,0
4.125,3.375,0.979735,1.38827,0.790932,0.971745,nan,nan,1,1.00004,1,1,0
4.125,3.625,0.957393,1.47802,0.695808,0.940863,nan,nan,1,1.00004,1,1,0
4.125,3.875,0.921299,1.53458,0.584219,0.891582,nan,nan,1,1.00004,1,1,0
4.125,4.125,0.872301,1.53387,0.466126,0.825911,nan,nan,1,1.00004,1,1,0
4.125,4.375,0.817633,1.45998,0.356025,0.754365,nan,nan,1,1.00004,1,1,0
4.125,4.625,0.769807,1.31274,0.270281,0.693322,nan,nan,1,1.00004,1,1,0
4.125,4.875,0.741849,1.11097,0.223218,0.658328,nan,nan,1,1.00004,1,1,0
4.125,5.125,0.741849,0.889031,0.223218,0.658328,nan,nan,1,1.00004,1,1,0
4.125,5.375,0.769807,0.687263,0.270281,0.693322,nan,nan,1,1.00004,1,1,0
4.125,5.625,0.817633,0.540018,0.356025,0.754365,nan,nan,1,1.00004,1,1,0
4.125,5.875,0.872301,0.466126,0.466126,0.825911,nan,nan,1,1.00004,1,1,0
4.125,6.125,0.921299,0.465424,0.584219,0.891582,nan,nan,1,1.00004,1,1,0
4.125,6.375,0.957393,0.521984,0.695808,0.940863,nan,nan,1,1.00004,1,1,0
4.125,6.625,0.979735,0.611731,0.790932,0.971745,nan,nan,1,1.00004,1,1,0
4.125,6.875,0.991522,0.710748,0.865016,0.988151,nan,nan,1,1.00004,1,1,0
4.125,7.125,0.996876,0.801167,0.918128,0.995629,nan,nan,1,1.00004,1,1,0
4.125,7.375,0.998985,0.87338,0.953351,0.99858,nan,nan,1,1.00004,1,1,0
4.125,7.625,0.999709,0.925091,0.97503,0.999593,nan,nan,1,1.00004,1,1,0
4.125,7.875,0.999926,0.958746,0.987444,0.999897,nan,nan,1,1.00004,1,1,0
4.125,8.125,0.999984,0.978819,0.994069,0.999977,nan,nan,1,1.00004,1,1,0
4.125,8.375,0.999997,0.989849,0.997368,0.999995,nan,nan,1,1.00004,1,1,0
4.125,8.625,0.999999,0.995455,0.998903,0.999999,nan,nan,1,1.00004,1,1,0
4.125,8.875,1,0.998097,0.99957,1,nan,nan,1,1.00004,1,1,0
4.125,9.125,1,0.999255,0.999842,1,nan,nan,1,1.00004,1,1,0
4.125,9.375,1,0.999727,0.999945,1,nan,nan,1,1.00004,1,1,0
4.125,9.625,1,0.999906,0.999982,1,nan,nan,1,1.00004,1,1,0
4.125,9.875,1,0.99997,0.999995,1,nan,nan,1,1.00004,1,1,0
4.375,0.125,1,1.00004,0.999995,1,nan,nan,1,1.00004,1,1,0
4.375,0.375,1,1.00011,0.999985,1,nan,nan,1,1.00004,1,1,0
4.375,0.625,1,1.00033,0.999953,1,nan,nan,1,1.00004,1,1,0
4.375,0.875,1,1.0009,0.999864,1,nan,nan,1,1.00004,1,1,0
4.375,1.125,1,1.0023,0.99963,1,nan,nan,1,1.00004,1,1,0
4.375,1.375,0.999999,1.00548,0.999055,0.999999,nan,nan,1,1.00004,1,1,0
4.375,1.625,0.999995,1.01224,0.997732,0.999993,nan,nan,1,1.00004,1,1,0
4.375,1.875,0.999976,1.02555,0.99489,0.999967,nan,nan,1,1.00004,1,1,0
4.375,2.125,0.999893,1.04976,0.989182,0.99985,nan,nan,1,1.00004,1,1,0
4.375,2.375,0.999577,1.09036,0.978486,0.999408,nan,nan,1,1.00004,1,1,0
4.375,2.625,0.998524,1.15273,0.959807,0.997934,nan,nan,1,1.00004,1,1,0
4.375,2.875,0.995457,1.23984,0.929459,0.993645,nan,nan,1,1.00004,1,1,0
4.375,3.125,0.987679,1.34891,0.883698,0.982793,nan,nan,1,1.00004,1,1,0
4.375,3.375,0.970597,1.46834,0.819868,0.95908,nan,nan,1,1.00004,1,1,0
4.375,3.625,0.938375,1.5766,0.73791,0.914802,nan,nan,1,1.00004,1,1,0
4.375,3.875,0.886766,1.64482,0.641766,0.845147,nan,nan,1,1.00004,1,1,0
4.375,4.125,0.817633,1.64397,0.540018,0.754365,nan,nan,1,1.00004,1,1,0
4.375,4.375,0.741849,1.55484,0.445156,0.658328,nan,nan,1,1.00004,1,1,0
4.375,4.625,0.676815,1.37723,0.371279,0.578972,nan,nan,1,1.00004,1,1,0
4.375,4.875,0.639382,1.13385,0.33073,0.534644,nan,nan,1,1.00004,1,1,0
4.375,5.125,0.639382,0.866146,0.33073,0.534644,nan,nan,1,1.00004,1,1,0
4.375,5.375,0.676815,0.622767,0.371279,0.578972,nan,nan,1,1.00004,1,1,0
4.375,5.625,0.741849,0.445156,0.445156,0.658328,nan,nan,1,1.00004,1,1,0
4.375,5.875,0.817633,0.356025,0.540018,0.754365,nan,nan,1,1.00004,1,1,0
4.375,6.125,0.886766,0.355178,0.641766,0.845147,nan,nan,1,1.00004,1,1,0
4.375,6.375,0.938375,0.423402,0.73791,0.914802,nan,nan,1,1.00004,1,1,0
4.375,6.625,0.970597,0.531658,0.819868,0.95908,nan,nan,1,1.00004,1,1,0
4.375,6.875,0.987679,0.651095,0.883698,0.982793,nan,nan,1,1.00004,1,1,0
4.375,7.125,0.995457,0.760162,0.929459,0.993645,nan,nan,1,1.00004,1,1,0
4.375,7.375,0.998524,0.847267,0.959807,0.997934,nan,nan,1,1.00004,1,1,0
4.375,7.625,0.999577,0.909643,0.978486,0.999408,nan,nan,1,1.00004,1,1,0
4.375,7.875,0.999893,0.950238,0.989182,0.99985,nan,nan,1,1.00004,1,1,0
4.375,8.125,0.999976,0.97445,0.99489,0.999967,nan,nan,1,1.00004,1,1,0
4.375,8.375,0.999995,0.987755,0.997732,0.999993,nan,nan,1,1.00004,1,1,0
4.375,8.625,0.999999,0.994518,0.999055,0.999999,nan,nan,1,1.00004,1,1,0
4.375,8.875,1,0.997705,0.99963,1,nan,nan,1,1.00004,1,1,0
4.375,9.125,1,0.999101,0.999864,1,nan,nan,1,1.00004,1,1,0
4.375,9.375,1,0.999671,0.999953,1,nan,nan,1,1.00004,1,1,0
4.375,9.625,1,0.999887,0.999985,1,nan,nan,1,1.00004,1,1,0
4.375,9.875,1,0.999964,0.999995,1,nan,nan,1,1.00004,1,1,0
4.625,0.125,1,1.00004,0.999997,1,nan,nan,1,1.00004,1,1,0
4.625,0.375,1,1.00013,0.99999,1,nan,nan,1,1.00004,1,1,0
4.625,0.625,1,1.00037,0.999968,1,nan,nan,1,1.00004,1,1,0
4.625,0.875,1,1.00102,0.999907,1,nan,nan,1,1.00004,1,1,0
4.625,1.125,1,1.0026,0.999748,1,nan,nan,1,1.00004,1,1,0
4.625,1.375,0.999999,1.00621,0.999357,0.999999,nan,nan,1,1.00004,1,1,0
4.625,1.625,0.999994,1.01387,0.998458,0.999992,nan,nan,1,1.00004,1,1,0
4.625,1.875,0.999969,1.02895,0.996526,0.999957,nan,nan,1,1.00004,1,1,0
4.625,2.125,0.999863,1.05639,0.992645,0.999808,nan,nan,1,1.00004,1,1,0
4.625,2.375,0.999457,1.10239,0.985373,0.99924,nan,nan,1,1.00004,1,1,0
4.625,2.625,0.998105,1.17307,0.972673,0.997347,nan,nan,1,1.00004,1,1,0
4.625,2.875,0.994169,1.27177,0.95204,0.991846,nan,nan,1,1.00004,1,1,0
4.625,3.125,0.984196,1.39536,0.920928,0.977945,nan,nan,1,1.00004,1,1,0
4.625,3.375,0.962342,1.5307,0.877531,0.947679,nan,nan,1,1.00004,1,1,0
4.625,3.625,0.921299,1.65337,0.821808,0.891582,nan,nan,1,1.00004,1,1,0
4.625,3.875,0.856083,1.73068,0.75644,0.804493,nan,nan,1,1.00004,1,1,0
4.625,4.125,0.769807,1.72972,0.687263,0.693322,nan,nan,1,1.00004,1,1,0
4.625,4.375,0.676815,1.62872,0.622767,0.578972,nan,nan,1,1.00004,1,1,0
4.625,4.625,0.5985,1.42746,0.57254,0.487405,nan,nan,1,1.00004,1,1,0
4.625,4.875,0.554119,1.15168,0.544971,0.437566,nan,nan,1,1.00004,1,1,0
4.625,5.125,0.554119,0.848324,0.544971,0.437566,nan,nan,1,1.00004,1,1,0
4.625,5.375,0.5985,0.57254,0.57254,0.487405,nan,nan,1,1.00004,1,1,0
4.625,5.625,0.676815,0.371279,0.622767,0.578972,nan,nan,1,1.00004,1,1,0
4.625,5.875,0.769807,0.270281,0.687263,0.693322,nan,nan,1,1.00004,1,1,0
4.625,6.125,0.856083,0.269321,0.75644,0.804493,nan,nan,1,1.00004,1,1,0
4.625,6.375,0.921299,0.346629,0.821808,0.891582,nan,nan,1,1.00004,1,1,0
4.625,6.625,0.962342,0.469299,0.877531,0.947679,nan,nan,1,1.00004,1,1,0
4.625,6.875,0.984196,0.604639,0.920928,0.977945,nan,nan,1,1.00004,1,1,0
4.625,7.125,0.994169,0.728228,0.95204,0.991846,nan,nan,1,1.00004,1,1,0
4.625,7.375,0.998105,0.826931,0.972673,0.997347,nan,nan,1,1.00004,1,1,0
4.625,7.625,0.999457,0.897612,0.985373,0.99924,nan,nan,1,1.00004,1,1,0
4.625,7.875,0.999863,0.943613,0.992645,0.999808,nan,nan,1,1.00004,1,1,0
4.625,8.125,0.999969,0.971048,0.996526,0.999957,nan,nan,1,1.00004,1,1,0
4.625,8.375,0.999994,0.986125,0.998458,0.999992,nan,nan,1,1.00004,1,1,0
4.625,8.625,0.999999,0.993788,0.999357,0.999999,nan,nan,1,1.00004,1,1,0
4.625,8.875,1,0.997399,0.999748,1,nan,nan,1,1.00004,1,1,0
4.625,9.125,1,0.998982,0.999907,1,nan,nan,1,1.00004,1,1,0
4.625,9.375,1,0.999627,0.999968,1,nan,nan,1,1.00004,1,1,0
4.625,9.625,1,0.999872,0.99999,1,nan,nan,1,1.00004,1,1,0
4.625,9.875,1,0.999959,0.999997,1,nan,nan,1,1.00004,1,1,0
4.875,0.125,1,1.00004,0.999999,1,nan,nan,1,1.00004,1,1,0
4.875,0.375,1,1.00014,0.999996,1,nan,nan,1,1.00004,1,1,0
4.875,0.625,1,1.0004,0.999989,1,nan,nan,1,1.00004,1,1,0
4.875,0.875,1,1.00108,0.999967,1,nan,nan,1,1.00004,1,1,0
4.875,1.125,1,1.00277,0.999911,1,nan,nan,1,1.00004,1,1,0
4.875,1.375,0.999999,1.00661,0.999772,0.999998,nan,nan,1,1.00004,1,1,0
4.875,1.625,0.999993,1.01477,0.999453,0.99999,nan,nan,1,1.00004,1,1,0
4.875,1.875,0.999965,1.03082,0.998767,0.999951,nan,nan,1,1.00004,1,1,0
4.875,2.125,0.999844,1.06002,0.99739,0.999782,nan,nan,1,1.00004,1,1,0
4.875,2.375,0.999384,1.10899,0.99481,0.999138,nan,nan,1,1.00004,1,1,0
4.875,2.625,0.997852,1.18423,0.990304,0.996995,nan,nan,1,1.00004,1,1,0
4.875,2.875,0.993394,1.2893,0.982982,0.990763,nan,nan,1,1.00004,1,1,0
4.875,3.125,0.982104,1.42086,0.971943,0.975035,nan,nan,1,1.00004,1,1,0
4.875,3.375,0.957393,1.56493,0.956544,0.940863,nan,nan,1,1.00004,1,1,0
4.875,3.625,0.911111,1.69551,0.936772,0.877809,nan,nan,1,1.00004,1,1,0
4.875,3.875,0.837926,1.7778,0.913577,0.780707,nan,nan,1,1.00004,1,1,0
4.875,4.125,0.741849,1.77678,0.889031,0.658328,nan,nan,1,1.00004,1,1,0
4.875,4.375,0.639382,1.66927,0.866146,0.534644,nan,nan,1,1.00004,1,1,0
4.875,4.625,0.554119,1.45503,0.848324,0.437566,nan,nan,1,1.00004,1,1,0
4.875,4.875,0.506287,1.16146,0.838541,0.385616,nan,nan,1,1.00004,1,1,0
4.875,5.125,0.506287,0.838541,0.838541,0.385616,nan,nan,1,1.00004,1,1,0
4.875,5.375,0.554119,0.544971,0.848324,0.437566,nan,nan,1,1.00004,1,1,0
4.875,5.625,0.639382,0.33073,0.866146,0.534644,nan,nan,1,1.00004,1,1,0
4.875,5.875,0.741849,0.223218,0.889031,0.658328,nan,nan,1,1.00004,1,1,0
4.875,6.125,0.837926,0.222196,0.913577,0.780707,nan,nan,1,1.00004,1,1,0
4.875,6.375,0.911111,0.30449,0.936772,0.877809,nan,nan,1,1.00004,1,1,0
4.875,6.625,0.957393,0.435072,0.956544,0.940863,nan,nan,1,1.00004,1,1,0
4.875,6.875,0.982104,0.57914,0.971943,0.975035,nan,nan,1,1.00004,1,1,0
4.875,7.125,0.993394,0.7107,0.982982,0.990763,nan,nan,1,1.00004,1,1,0
4.875,7.375,0.997852,0.815769,0.990304,0.996995,nan,nan,1,1.00004,1,1,0
4.875,7.625,0.999384,0.891008,0.99481,0.999138,nan,nan,1,1.00004,1,1,0
4.875,7.875,0.999844,0.939976,0.99739,0.999782,nan,nan,1,1.00004,1,1,0
4.875,8.125,0.999965,0.969181,0.998767,0.999951,nan,nan,1,1.00004,1,1,0
4.875,8.375,0.999993,0.98523,0.999453,0.99999,nan,nan,1,1.00004,1,1,0
4.875,8.625,0.999999,0.993387,0.999772,0.999998,nan,nan,1,1.00004,1,1,0
4.875,8.875,1,0.997232,0.999911,1,nan,nan,1,1.00004,1,1,0
4.875,9.125,1,0.998916,0.999967,1,nan,nan,1,1.00004,1,1,0
4.875,9.375,1,0.999603,0.999989,1,nan,nan,1,1.00004,1,1,0
4.875,9.625,1,0.999864,0.999996,1,nan,nan,1,1.00004,1,1,0
4.875,9.875,1,0.999956,0.999999,1,nan,nan,1,1.00004,1,1,0
5.125,0.125,1,1.00004,1,1,nan,nan,1,1.00004,1,1,0
5.125,0.375,1,1.00014,1,1,nan,nan,1,1.00004,1,1,0
5.125,0.625,1,1.0004,1.00001,1,nan,nan,1,1.00004,1,1,0
5.125,0.875,1,1.00108,1.00003,1,nan,nan,1,1.00004,1,1,0
5.125,1.125,1,1.00277,1.00009,1,nan,nan,1,1.00004,1,1,0
5.125,1.375,0.999999,1.00661,1.00023,0.999998,nan,nan,1,1.00004,1,1,0
5.125,1.625,0.999993,1.01477,1.00055,0.99999,nan,nan,1,1.00004,1,1,0
5.125,1.875,0.999965,1.03082,1.00123,0.999951,nan,nan,1,1.00004,1,1,0
5.125,2.125,0.999844,1.06002,1.00261,0.999782,nan,nan,1,1.00004,1,1,0
5.125,2.375,0.999384,1.10899,1.00519,0.999138,nan,nan,1,1.00004,1,1,0
5.125,2.625,0.997852,1.18423,1.0097,0.996995,nan,nan,1,1.00004,1,1,0
5.125,2.875,0.993394,1.2893,1.01702,0.990763,nan,nan,1,1.00004,1,1,0
5.125,3.125,0.982104,1.42086,1.02806,0.975035,nan,nan,1,1.00004,1,1,0
5.125,3.375,0.957393,1.56493,1.04346,0.940863,nan,nan,1,1.00004,1,1,0
5.125,3.625,0.911111,1.69551,1.06323,0.877809,nan,nan,1,1.00004,1,1,0
5.125,3.875,0.837926,1.7778,1.08642,0.780707,nan,nan,1,1.00004,1,1,0
5.125,4.125,0.741849,1.77678,1.11097,0.658328,nan,nan,1,1.00004,1,1,0
5.125,4.375,0.639382,1.66927,1.13385,0.534644,nan,nan,1,1.00004,1,1,0
5.125,4.625,0.554119,1.45503,1.15168,0.437566,nan,nan,1,1.00004,1,1,0
5.125,4.875,0.506287,1.16146,1.16146,0.385616,nan,nan,1,1.00004,1,1,0
5.125,5.125,0.506287,0.838541,1.16146,0.385616,nan,nan,1,1.00004,1,1,0
5.125,5.375,0.554119,0.544971,1.15168,0.437566,nan,nan,1,1.00004,1,1,0
5.125,5.625,0.639382,0.33073,1.13385,0.534644,nan,nan,1,1.00004,1,1,0
5.125,5.875,0.741849,0.223218,1.11097,0.658328,nan,nan,1,1.00004,1,1,0
5.125,6.125,0.837926,0.222196,1.08642,0.780707,nan,nan,1,1.00004,1,1,0
5.125,6.375,0.911111,0.30449,1.06323,0.877809,nan,nan,1,1.00004,1,1,0
5.125,6.625,0.957393,0.435072,1.04346,0.940863,nan,nan,1,1.00004,1,1,0
5.125,6.875,0.982104,0.57914,1.02806,0.975035,nan,nan,1,1.00004,1,1,0
5.125,7.125,0.993394,0.7107,1.01702,0.990763,nan,nan,1,1.00004,1,1,0
5.125,7.375,0.997852,0.815769,1.0097,0.996995,nan,nan,1,1.00004,1,1,0
5.125,7.625,0.999384,0.891008,1.00519,0.999138,nan,nan,1,1.00004,1,1,0
5.125,7.875,0.999844,0.939976,1.00261,0.999782,nan,nan,1,1.00004,1,1,0
5.125,8.125,0.999965,0.969181,1.00123,0.999951,nan,nan,1,1.00004,1,1,0
5.125,8.375,0.999993,0.98523,1.00055,0.99999,nan,nan,1,1.00004,1,1,0
5.125,8.625,0.999999,0.993387,1.00023,0.999998,nan,nan,1,1.00004,1,1,0
5.125,8.875,1,0.997232,1.00009,1,nan,nan,1,1.00004,1,1,0
5.125,9.125,1,0.998916,1.00003,1,nan,nan,1,1.00004,1,1,0
5.125,9.375,1,0.999603,1.00001,1,nan,nan,1,1.00004,1,1,0
5.125,9.625,1,0.999864,1,1,nan,nan,1,1.00004,1,1,0
5.125,9.875,1,0.999956,1,1,nan,nan,1,1.00004,1,1,0
5.375,0.125,1,1.00004,1,1,nan,nan,1,1.00004,1,1,0
5.375,0.375,1,1.00013,1.00001,1,nan,nan,1,1.00004,1,1,0
5.375,0.625,1,1.00037,1.00003,1,nan,nan,1,1.00004,1,1,0
5.375,0.875,1,1.00102,1.00009,1,nan,nan,1,1.00004,1,1,0
5.375,1.125,1,1.0026,1.00025,1,nan,nan,1,1.00004,1,1,0
5.375,1.375,0.999999,1.00621,1.00064,0.999999,nan,nan,1,1.00004,1,1,0
5.375,1.625,0.999994,1.01387,1.00154,0.999992,nan,nan,1,1.00004,1,1,0
5.375,1.875,0.999969,1.02895,1.00347,0.999957,nan,nan,1,1.00004,1,1,0
5.375,2.125,0.999863,1.05639,1.00735,0.999808,nan,nan,1,1.00004,1,1,0
5.375,2.375,0.999457,1.10239,1.01463,0.99924,nan,nan,1,1.00004,1,1,0
5.375,2.625,0.998105,1.17307,1.02733,0.997347,nan,nan,1,1.00004,1,1,0
5.375,2.875,0.994169,1.27177,1.04796,0.991846,nan,nan,1,1.00004,1,1,0
5.375,3.125,0.984196,1.39536,1.07907,0.977945,nan,nan,1,1.00004,1,1,0
5.375,3.375,0.962342,1.5307,1.12247,0.947679,nan,nan,1,1.00004,1,1,0
5.375,3.625,0.921299,1.65337,1.17819,0.891582,nan,nan,1,1.00004,1,1,0
5.375,3.875,0.856083,1.73068,1.24356,0.804493,nan,nan,1,1.00004,1,1,0
5.375,4.125,0.769807,1.72972,1.31274,0.693322,nan,nan,1,1.00004,1,1,0
5.375,4.375,0.676815,1.62872,1.37723,0.578972,nan,nan,1,1.00004,1,1,0
5.375,4.625,0.5985,1.42746,1.42746,0.487405,nan,nan,1,1.00004,1,1,0
5.375,4.875,0.554119,1.15168,1.45503,0.437566,nan,nan,1,1.00004,1,1,0
5.375,5.125,0.554119,0.848324,1.45503,0.437566,nan,nan,1,1.00004,1,1,0
5.375,5.375,0.5985,0.57254,1.42746,0.487405,nan,nan,1,1.00004,1,1,0
5.375,5.625,0.676815,0.371279,1.37723,0.578972,nan,nan,1,1.00004,1,1,0
5.375,5.875,0.769807,0.270281,1.31274,0.693322,nan,nan,1,1.00004,1,1,0
5.375,6.125,0.856083,0.269321,1.24356,0.804493,nan,nan,1,1.00004,1,1,0
5.375,6.375,0.921299,0.346629,1.17819,0.891582,nan,nan,1,1.00004,1,1,0
5.375,6.625,0.962342,0.469299,1.12247,0.947679,nan,nan,1,1.00004,1,1,0
5.375,6.875,0.984196,0.604639,1.07907,0.977945,nan,nan,1,1.00004,1,1,0
5.375,7.125,0.994169,0.728228,1.04796,0.991846,nan,nan,1,1.00004,1,1,0
5.375,7.375,0.998105,0.826931,1.02733,0.997347,nan,nan,1,1.00004,1,1,0
5.375,7.625,0.999457,0.897612,1.01463,0.99924,nan,nan,1,1.00004,1,1,0
5.375,7.875,0.999863,0.943613,1.00735,0.999808,nan,nan,1,1.00004,1,1,0
5.375,8.125,0.999969,0.971048,1.00347,0.999957,nan,nan,1,1.00004,1,1,0
5.375,8.375,0.999994,0.986125,1.00154,0.999992,nan,nan,1,1.00004,1,1,0
5.375,8.625,0.999999,0.993788,1.00064,0.999999,nan,nan,1,1.00004,1,1,0
5.375,8.875,1,0.997399,1.00025,1,nan,nan,1,1.00004,1,1,0
5.375,9.125,1,0.998982,1.00009,1,nan,nan,1,1.00004,1,1,0
5.375,9.375,1,0.999627,1.00003,1,nan,nan,1,1.00004,1,1,0
5.375,9.625,1,0.999872,1.00001,1,nan,nan,1,1.00004,1,1,0
5.375,9.875,1,0.999959,1,1,nan,nan,1,1.00004,1,1,0
5.625,0.125,1,1.00004,1,1,nan,nan,1,1.00004,1,1,0
5.625,0.375,1,1.00011,1.00002,1,nan,nan,1,1.00004,1,1,0
5.625,0.625,1,1.00033,1.00005,1,nan,nan,1,1.00004,1,1,0
5.625,0.875,1,1.0009,1.00014,1,nan,nan,1,1.00004,1,1,0
5.625,1.125,1,1.0023,1.00037,1,nan,nan,1,1.00004,1,1,0
5.625,1.375,0.999999,1.00548,1.00095,0.999999,nan,nan,1,1.00004,1,1,0
5.625,1.625,0.999995,1.01224,1.00227,0.999993,nan,nan,1,1.00004,1,1,0
5.625,1.875,0.999976,1.02555,1.00511,0.999967,nan,nan,1,1.00004,1,1,0
5.625,2.125,0.999893,1.04976,1.01082,0.99985,nan,nan,1,1.00004,1,1,0
5.625,2.375,0.999577,1.09036,1.02151,0.999408,nan,nan,1,1.00004,1,1,0
5.625,2.625,0.998524,1.15273,1.04019,0.997934,nan,nan,1,1.00004,1,1,0
5.625,2.875,0.995457,1.23984,1.07054,0.993645,nan,nan,1,1.00004,1,1,0
5.625,3.125,0.987679,1.34891,1.1163,0.982793,nan,nan,1,1.00004,1,1,0
5.625,3.375,0.970597,1.46834,1.18013,0.95908,nan,nan,1,1.00004,1,1,0
5.625,3.625,0.938375,1.5766,1.26209,0.914802,nan,nan,1,1.00004,1,1,0
5.625,3.875,0.886766,1.64482,1.35823,0.845147,nan,nan,1,1.00004,1,1,0
5.625,4.125,0.817633,1.64397,1.45998,0.754365,nan,nan,1,1.00004,1,1,0
5.625,4.375,0.741849,1.55484,1.55484,0.658328,nan,nan,1,1.00004,1,1,0
5.625,4.625,0.676815,1.37723,1.62872,0.578972,nan,nan,1,1.00004,1,1,0
5.625,4.875,0.639382,1.13385,1.66927,0.534644,nan,nan,1,1.00004,1,1,0
5.625,5.125,0.639382,0.866146,1.66927,0.534644,nan,nan,1,1.00004,1,1,0
5.625,5.375,0.676815,0.622767,1.62872,0.578972,nan,nan,1,1.00004,1,1,0
5.625,5.625,0.741849,0.445156,1.55484,0.658328,nan,nan,1,1.00004,1,1,0
5.625,5.875,0.817633,0.356025,1.45998,0.754365,nan,nan,1,1.00004,1,1,0
5.625,6.125,0.886766,0.355178,1.35823,0.845147,nan,nan,1,1.00004,1,1,0
5.625,6.375,0.938375,0.423402,1.26209,0.914802,nan,nan,1,1.00004,1,1,0
5.625,6.625,0.970597,0.531658,1.18013,0.95908,nan,nan,1,1.00004,1,1,0
5.625,6.875,0.987679,0.651095,1.1163,0.982793,nan,nan,1,1.00004,1,1,0
5.625,7.125,0.995457,0.760162,1.07054,0.993645,nan,nan,1,1.00004,1,1,0
5.625,7.375,0.998524,0.847267,1.04019,0.997934,nan,nan,1,1.00004,1,1,0
5.625,7.625,0.999577,0.909643,1.02151,0.999408,nan,nan,1,1.00004,1,1,0
5.625,7.875,0.999893,0.950238,1.01082,0.99985,nan,nan,1,1.00004,1,1,0
5.625,8.125,0.999976,0.97445,1.00511,0.999967,nan,nan,1,1.00004,1,1,0
5.625,8.375,0.999995,0.987755,1.00227,0.999993,nan,nan,1,1.00004,1,1,0
5.625,8.625,0.999999,0.994518,1.00095,0.999999,nan,nan,1,1.00004,1,1,0
5.625,8.875,1,0.997705,1.00037,1,nan,nan,1,1.00004,1,1,0
5.625,9.125,1,0.999101,1.00014,1,nan,nan,1,1.00004,1,1,0
5.625,9.375,1,0.999671,1.00005,1,nan,nan,1,1.00004,1,1,0
5.625,9.625,1,0.999887,1.00002,1,nan,nan,1,1.00004,1,1,0
5.625,9.875,1,0.999964,1,1,nan,nan,1,1.00004,1,1,0
5.875,0.125,1,1.00003,1.00001,1,nan,nan,1,1.00003,1.00001,1,0
5.875,0.375,1,1.00009,1.00002,1,nan,nan,1,1.00003,1.00001,1,0
5.875,0.625,1,1.00027,1.00005,1,nan,nan,1,1.00003,1.00001,1,0
5.875,0.875,1,1.00075,1.00016,1,nan,nan,1,1.00003,1.00001,1,0
5.875,1.125,1,1.0019,1.00043,1,nan,nan,1,1.00003,1.00001,1,0
5.875,1.375,0.999999,1.00455,1.0011,0.999999,nan,nan,1,1.00003,1.00001,1,0
5.875,1.625,0.999997,1.01015,1.00263,0.999995,nan,nan,1,1.00003,1.00001,1,0
5.875,1.875,0.999984,1.02118,1.00593,0.999977,nan,nan,1,1.00003,1.00001,1,0
5.875,2.125,0.999926,1.04125,1.01256,0.999897,nan,nan,1,1.00003,1.00001,1,0
5.875,2.375,0.999709,1.07491,1.02497,0.999593,nan,nan,1,1.00003,1.00001,1,0
5.875,2.625,0.998985,1.12662,1.04665,0.99858,nan,nan,1,1.00003,1.00001,1,0
5.875,2.875,0.996876,1.19883,1.08187,0.995629,nan,nan,1,1.00003,1.00001,1,0
5.875,3.125,0.991522,1.28925,1.13498,0.988151,nan,nan,1,1.00003,1.00001,1,0
5.875,3.375,0.979735,1.38827,1.20907,0.971745,nan,nan,1,1.00003,1.00001,1,0
5.875,3.625,0.957393,1.47802,1.30419,0.940863,nan,nan,1,1.00003,1.00001,1,0
5.875,3.875,0.921299,1.53458,1.41578,0.891582,nan,nan,1,1.00003,1.00001,1,0
5.875,4.125,0.872301,1.53387,1.53387,0.825911,nan,nan,1,1.00003,1.00001,1,0
5.875,4.375,0.817633,1.45998,1.64397,0.754365,nan,nan,1,1.00003,1.00001,1,0
5.875,4.625,0.769807,1.31274,1.72972,0.693322,nan,nan,1,1.00003,1.00001,1,0
5.875,4.875,0.741849,1.11097,1.77678,0.658328,nan,nan,1,1.00003,1.00001,1,0
5.875,5.125,0.741849,0.889031,1.77678,0.658328,nan,nan,1,1.00003,1.00001,1,0
5.875,5.375,0.769807,0.687263,1.72972,0.693322,nan,nan,1,1.00003,1.00001,1,0
5.875,5.625,0.817633,0.540018,1.64397,0.754365,nan,nan,1,1.00003,1.00001,1,0
5.875,5.875,0.872301,0.466126,1.53387,0.825911,nan,nan,1,1.00003,1.00001,1,0
5.875,6.125,0.921299,0.465424,1.41578,0.891582,nan,nan,1,1.00003,1.00001,1,0
5.875,6.375,0.957393,0.521984,1.30419,0.940863,nan,nan,1,1.00003,1.00001,1,0
5.875,6.625,0.979735,0.611731,1.20907,0.971745,nan,nan,1,1.00003,1.00001,1,0
5.875,6.875,0.991522,0.710748,1.13498,0.988151,nan,nan,1,1.00003,1.00001,1,0
5.875,7.125,0.996876,0.801167,1.08187,0.995629,nan,nan,1,1.00003,1.00001,1,0
5.875,7.375,0.998985,0.87338,1.04665,0.99858,nan,nan,1,1.00003,1.00001,1,0
5.875,7.625,0.999709,0.925091,1.02497,0.999593,nan,nan,1,1.00003,1.00001,1,0
5.875,7.875,0.999926,0.958746,1.01256,0.999897,nan,nan,1,1.00003,1.00001,1,0
5.875,8.125,0.999984,0.978819,1.00593,0.999977,nan,nan,1,1.00003,1.00001,1,0
5.875,8.375,0.999997,0.989849,1.00263,0.999995,nan,nan,1,1.00003,1.00001,1,0
5.875,8.625,0.999999,0.995455,1.0011,0.999999,nan,nan,1,1.00003,1.00001,1,0
5.875,8.875,1,0.998097,1.00043,1,nan,nan,1,1.00003,1.00001,1,0
5.875,9.125,1,0.999255,1.00016,1,nan,nan,1,1.00003,1.00001,1,0
5.875,9.375,1,0.999727,1.00005,1,nan,nan,1,1.00003,1.00001,1,0
5.875,9.625,1,0.999906,1.00002,1,nan,nan,1,1.00003,1.00001,1,0
5.875,9.875,1,0.99997,1.00001,1,nan,nan,1,1.00003,1.00001,1,0
6.125,0.125,1,1.00002,1.00001,1,nan,nan,1,1.00003,1.00001,1,0
6.125,0.375,1,1.00007,1.00002,1,nan,nan,1,1.00003,1.00001,1,0
6.125,0.625,1,1.00021,1.00005,1,nan,nan,1,1.00003,1.00001,1,0
6.125,0.875,1,1.00058,1.00016,1,nan,nan,1,1.00003,1.00001,1,0
6.125,1.125,1,1.00148,1.00043,1,nan,nan,1,1.00003,1.00001,1,0
6.125,1.375,1,1.00354,1.0011,1,nan,nan,1,1.00003,1.00001,1,0
6.125,1.625,0.999998,1.00791,1.00264,0.999997,nan,nan,1,1.00003,1.00001,1,0
6.125,1.875,0.99999,1.0165,1.00594,0.999986,nan,nan,1,1.00003,1.00001,1,0
6.125,2.125,0.999955,1.03213,1.01257,0.999938,nan,nan,1,1.00003,1.00001,1,0
6.125,2.375,0.999824,1.05834,1.025,0.999753,nan,nan,1,1.00003,1.00001,1,0
6.125,2.625,0.999384,1.09861,1.04671,0.999138,nan,nan,1,1.00003,1.00001,1,0
6.125,2.875,0.998105,1.15485,1.08198,0.997347,nan,nan,1,1.00003,1.00001,1,0
6.125,3.125,0.994853,1.22527,1.13516,0.992801,nan,nan,1,1.00003,1.00001,1,0
6.125,3.375,0.987679,1.30238,1.20934,0.982793,nan,nan,1,1.00003,1.00001,1,0
6.125,3.625,0.974025,1.37228,1.30459,0.963825,nan,nan,1,1.00003,1.00001,1,0
6.125,3.875,0.951804,1.41633,1.41633,0.933183,nan,nan,1,1.00003,1.00001,1,0
6.125,4.125,0.921299,1.41578,1.53458,0.891582,nan,nan,1,1.00003,1.00001,1,0
6.125,4.375,0.886766,1.35823,1.64482,0.845147,nan,nan,1,1.00003,1.00001,1,0
6.125,4.625,0.856083,1.24356,1.73068,0.804493,nan,nan,1,1.00003,1.00001,1,0
6.125,4.875,0.837926,1.08642,1.7778,0.780707,nan,nan,1,1.00003,1.00001,1,0
6.125,5.125,0.837926,0.913577,1.7778,0.780707,nan,nan,1,1.00003,1.00001,1,0
6.125,5.375,0.856083,0.75644,1.73068,0.804493,nan,nan,1,1.00003,1.00001,1,0
6.125,5.625,0.886766,0.641766,1.64482,0.845147,nan,nan,1,1.00003,1.00001,1,0
6.125,5.875,0.921299,0.584219,1.53458,0.891582,nan,nan,1,1.00003,1.00001,1,0
6.125,6.125,0.951804,0.583672,1.41633,0.933183,nan,nan,1,1.00003,1.00001,1,0
6.125,6.375,0.974025,0.627721,1.30459,0.963825,nan,nan,1,1.00003,1.00001,1,0
6.125,6.625,0.987679,0.697616,1.20934,0.982793,nan,nan,1,1.00003,1.00001,1,0
6.125,6.875,0.994853,0.77473,1.13516,0.992801,nan,nan,1,1.00003,1.00001,1,0
6.125,7.125,0.998105,0.845149,1.08198,0.997347,nan,nan,1,1.00003,1.00001,1,0
6.125,7.375,0.999384,0.901388,1.04671,0.999138,nan,nan,1,1.00003,1.00001,1,0
6.125,7.625,0.999824,0.941661,1.025,0.999753,nan,nan,1,1.00003,1.00001,1,0
6.125,7.875,0.999955,0.967871,1.01257,0.999938,nan,nan,1,1.00003,1.00001,1,0
6.125,8.125,0.99999,0.983504,1.00594,0.999986,nan,nan,1,1.00003,1.00001,1,0
6.125,8.375,0.999998,0.992094,1.00264,0.999997,nan,nan,1,1.00003,1.00001,1,0
6.125,8.625,1,0.99646,1.0011,1,nan,nan,1,1.00003,1.00001,1,0
6.125,8.875,1,0.998518,1.00043,1,nan,nan,1,1.00003,1.00001,1,0
6.125,9.125,1,0.99942,1.00016,1,nan,nan,1,1.00003,1.00001,1,0
6.125,9.375,1,0.999787,1.00005,1,nan,nan,1,1.00003,1.00001,1,0
6.125,9.625,1,0.999927,1.00002,1,nan,nan,1,1.00003,1.00001,1,0
6.125,9.875,1,0.999977,1.00001,1,nan,nan,1,1.00003,1.00001,1,0
6.375,0.125,1,1.00002,1,1,nan,nan,1,1.00003,1.00001,1,0
6.375,0.375,1,1.00005,1.00002,1,nan,nan,1,1.00003,1.00001,1,0
6.375,0.625,1,1.00016,1.00005,1,nan,nan,1,1.00003,1.00001,1,0
6.375,0.875,1,1.00042,1.00014,1,nan,nan,1,1.00003,1.00001,1,0
6.375,1.125,1,1.00108,1.00038,1,nan,nan,1,1.00003,1.00001,1,0
6.375,1.375,1,1.00259,1.00098,1,nan,nan,1,1.00003,1.00001,1,0
6.375,1.625,0.999999,1.00578,1.00236,0.999999,nan,nan,1,1.00003,1.00001,1,0
6.375,1.875,0.999995,1.01207,1.00531,0.999993,nan,nan,1,1.00003,1.00001,1,0
6.375,2.125,0.999976,1.02351,1.01124,0.999967,nan,nan,1,1.00003,1.00001,1,0
6.375,2.375,0.999906,1.04268,1.02236,0.999868,nan,nan,1,1.00003,1.00001,1,0
6.375,2.625,0.99967,1.07215,1.04177,0.999539,nan,nan,1,1.00003,1.00001,1,0
6.375,2.875,0.998985,1.11329,1.07331,0.99858,nan,nan,1,1.00003,1.00001,1,0
6.375,3.125,0.997243,1.16481,1.12086,0.996142,nan,nan,1,1.00003,1.00001,1,0
6.375,3.375,0.993394,1.22123,1.18719,0.990763,nan,nan,1,1.00003,1.00001,1,0
6.375,3.625,0.986046,1.27237,1.27237,0.980518,nan,nan,1,1.00003,1.00001,1,0
6.375,3.875,0.974025,1.30459,1.37228,0.963825,nan,nan,1,1.00003,1.00001,1,0
6.375,4.125,0.957393,1.30419,1.47802,0.940863,nan,nan,1,1.00003,1.00001,1,0
6.375,4.375,0.938375,1.26209,1.5766,0.914802,nan,nan,1,1.00003,1.00001,1,0
6.375,4.625,0.921299,1.17819,1.65337,0.891582,nan,nan,1,1.00003,1.00001,1,0
6.375,4.875,0.911111,1.06323,1.69551,0.877809,nan,nan,1,1.00003,1.00001,1,0
6.375,5.125,0.911111,0.936772,1.69551,0.877809,nan,nan,1,1.00003,1.00001,1,0
6.375,5.375,0.921299,0.821808,1.65337,0.891582,nan,nan,1,1.00003,1.00001,1,0
6.375,5.625,0.938375,0.73791,1.5766,0.914802,nan,nan,1,1.00003,1.00001,1,0
6.375,5.875,0.957393,0.695808,1.47802,0.940863,nan,nan,1,1.00003,1.00001,1,0
6.375,6.125,0.974025,0.695408,1.37228,0.963825,nan,nan,1,1.00003,1.00001,1,0
6.375,6.375,0.986046,0.727635,1.27237,0.980518,nan,nan,1,1.00003,1.00001,1,0
6.375,6.625,0.993394,0.778771,1.18719,0.990763,nan,nan,1,1.00003,1.00001,1,0
6.375,6.875,0.997243,0.835189,1.12086,0.996142,nan,nan,1,1.00003,1.00001,1,0
6.375,7.125,0.998985,0.886709,1.07331,0.99858,nan,nan,1,1.00003,1.00001,1,0
6.375,7.375,0.99967,0.927854,1.04177,0.999539,nan,nan,1,1.00003,1.00001,1,0
6.375,7.625,0.999906,0.957318,1.02236,0.999868,nan,nan,1,1.00003,1.00001,1,0
6.375,7.875,0.999976,0.976494,1.01124,0.999967,nan,nan,1,1.00003,1.00001,1,0
6.375,8.125,0.999995,0.987931,1.00531,0.999993,nan,nan,1,1.00003,1.00001,1,0
6.375,8.375,0.999999,0.994216,1.00236,0.999999,nan,nan,1,1.00003,1.00001,1,0
6.375,8.625,1,0.99741,1.00098,1,nan,nan,1,1.00003,1.00001,1,0
6.375,8.875,1,0.998916,1.00038,1,nan,nan,1,1.00003,1.00001,1,0
6.375,9.125,1,0.999575,1.00014,1,nan,nan,1,1.00003,1.00001,1,0
6.375,9.375,1,0.999844,1.00005,1,nan,nan,1,1.00003,1.00001,1,0
6.375,9.625,1,0.999947,1.00002,1,nan,nan,1,1.00003,1.00001,1,0
6.375,9.875,1,0.999983,1,1,nan,nan,1,1.00003,1.00001,1,0
6.625,0.125,1,1.00001,1,1,nan,nan,1,1.00003,1.00001,1,0
6.625,0.375,1,1.00004,1.00001,1,nan,nan,1,1.00003,1.00001,1,0
6.625,0.625,1,1.00011,1.00004,1,nan,nan,1,1.00003,1.00001,1,0
6.625,0.875,1,1.00029,1.00011,1,nan,nan,1,1.00003,1.00001,1,0
6.625,1.125,1,1.00075,1.00031,1,nan,nan,1,1.00003,1.00001,1,0
6.625,1.375,1,1.00178,1.0008,1,nan,nan,1,1.00003,1.00001,1,0
6.625,1.625,1,1.00398,1.00191,0.999999,nan,nan,1,1.00003,1.00001,1,0
6.625,1.875,0.999997,1.00829,1.00431,0.999996,nan,nan,1,1.00003,1.00001,1,0
6.625,2.125,0.999989,1.01616,1.00913,0.999984,nan,nan,1,1.00003,1.00001,1,0
6.625,2.375,0.999955,1.02933,1.01816,0.999938,nan,nan,1,1.00003,1.00001,1,0
6.625,2.625,0.999844,1.04959,1.03393,0.999782,nan,nan,1,1.00003,1.00001,1,0
6.625,2.875,0.999521,1.07786,1.05954,0.999329,nan,nan,1,1.00003,1.00001,1,0
6.625,3.125,0.998697,1.11327,1.09817,0.998176,nan,nan,1,1.00003,1.00001,1,0
6.625,3.375,0.996876,1.15205,1.15205,0.995629,nan,nan,1,1.00003,1.00001,1,0
6.625,3.625,0.993394,1.18719,1.22123,0.990763,nan,nan,1,1.00003,1.00001,1,0
6.625,3.875,0.987679,1.20934,1.30238,0.982793,nan,nan,1,1.00003,1.00001,1,0
6.625,4.125,0.979735,1.20907,1.38827,0.971745,nan,nan,1,1.00003,1.00001,1,0
6.625,4.375,0.970597,1.18013,1.46834,0.95908,nan,nan,1,1.00003,1.00001,1,0
6.625,4.625,0.962342,1.12247,1.5307,0.947679,nan,nan,1,1.00003,1.00001,1,0
6.625,4.875,0.957393,1.04346,1.56493,0.940863,nan,nan,1,1.00003,1.00001,1,0
6.625,5.125,0.957393,0.956544,1.56493,0.940863,nan,nan,1,1.00003,1.00001,1,0
6.625,5.375,0.962342,0.877531,1.5307,0.947679,nan,nan,1,1.00003,1.00001,1,0
6.625,5.625,0.970597,0.819868,1.46834,0.95908,nan,nan,1,1.00003,1.00001,1,0
6.625,5.875,0.979735,0.790932,1.38827,0.971745,nan,nan,1,1.00003,1.00001,1,0
6.625,6.125,0.987679,0.790657,1.30238,0.982793,nan,nan,1,1.00003,1.00001,1,0
6.625,6.375,0.993394,0.812806,1.22123,0.990763,nan,nan,1,1.00003,1.00001,1,0
6.625,6.625,0.996876,0.847952,1.15205,0.995629,nan,nan,1,1.00003,1.00001,1,0
6.625,6.875,0.998697,0.886727,1.09817,0.998176,nan,nan,1,1.00003,1.00001,1,0
6.625,7.125,0.999521,0.922136,1.05954,0.999329,nan,nan,1,1.00003,1.00001,1,0
6.625,7.375,0.999844,0.950415,1.03393,0.999782,nan,nan,1,1.00003,1.00001,1,0
6.625,7.625,0.999955,0.970665,1.01816,0.999938,nan,nan,1,1.00003,1.00001,1,0
6.625,7.875,0.999989,0.983845,1.00913,0.999984,nan,nan,1,1.00003,1.00001,1,0
6.625,8.125,0.999997,0.991705,1.00431,0.999996,nan,nan,1,1.00003,1.00001,1,0
6.625,8.375,1,0.996025,1.00191,0.999999,nan,nan,1,1.00003,1.00001,1,0
6.625,8.625,1,0.99822,1.0008,1,nan,nan,1,1.00003,1.00001,1,0
6.625,8.875,1,0.999255,1.00031,1,nan,nan,1,1.00003,1.00001,1,0
6.625,9.125,1,0.999708,1.00011,1,nan,nan,1,1.00003,1.00001,1,0
6.625,9.375,1,0.999893,1.00004,1,nan,nan,1,1.00003,1.00001,1,0
6.625,9.625,1,0.999963,1.00001,1,nan,nan,1,1.00003,1.00001,1,0
6.625,9.875,1,0.999988,1,1,nan,nan,1,1.00003,1.00001,1,0
6.875,0.125,1,1.00001,1,1,nan,nan,1,1.00003,1.00001,1,0
6.875,0.375,1,1.00002,1.00001,1,nan,nan,1,1.00003,1.00001,1,0
6.875,0.625,1,1.00007,1.00003,1,nan,nan,1,1.00003,1.00001,1,0
6.875,0.875,1,1.00019,1.00009,1,nan,nan,1,1.00003,1.00001,1,0
6.875,1.125,1,1.00048,1.00023,1,nan,nan,1,1.00003,1.00001,1,0
6.875,1.375,1,1.00115,1.00059,1,nan,nan,1,1.00003,1.00001,1,0
6.875,1.625,1,1.00257,1.00143,1,nan,nan,1,1.00003,1.00001,1,0
6.875,1.875,0.999999,1.00536,1.00321,0.999999,nan,nan,1,1.00003,1.00001,1,0
6.875,2.125,0.999995,1.01043,1.0068,0.999993,nan,nan,1,1.00003,1.00001,1,0
6.875,2.375,0.999981,1.01894,1.01353,0.999974,nan,nan,1,1.00003,1.00001,1,0
6.875,2.625,0.999935,1.03201,1.02527,0.999909,nan,nan,1,1.00003,1.00001,1,0
6.875,2.875,0.9998,1.05027,1.04436,0.99972,nan,nan,1,1.00003,1.00001,1,0
6.875,3.125,0.999457,1.07313,1.07313,0.99924,nan,nan,1,1.00003,1.00001,1,0
6.875,3.375,0.998697,1.09817,1.11327,0.998176,nan,nan,1,1.00003,1.00001,1,0
6.875,3.625,0.997243,1.12086,1.16481,0.996142,nan,nan,1,1.00003,1.00001,1,0
6.875,3.875,0.994853,1.13516,1.22527,0.992801,nan,nan,1,1.00003,1.00001,1,0
6.875,4.125,0.991522,1.13498,1.28925,0.988151,nan,nan,1,1.00003,1.00001,1,0
6.875,4.375,0.987679,1.1163,1.34891,0.982793,nan,nan,1,1.00003,1.00001,1,0
6.875,4.625,0.984196,1.07907,1.39536,0.977945,nan,nan,1,1.00003,1.00001,1,0
6.875,4.875,0.982104,1.02806,1.42086,0.975035,nan,nan,1,1.00003,1.00001,1,0
6.875,5.125,0.982104,0.971943,1.42086,0.975035,nan,nan,1,1.00003,1.00001,1,0
6.875,5.375,0.984196,0.920928,1.39536,0.977945,nan,nan,1,1.00003,1.00001,1,0
6.875,5.625,0.987679,0.883698,1.34891,0.982793,nan,nan,1,1.00003,1.00001,1,0
6.875,5.875,0.991522,0.865016,1.28925,0.988151,nan,nan,1,1.00003,1.00001,1,0
6.875,6.125,0.994853,0.864838,1.22527,0.992801,nan,nan,1,1.00003,1.00001,1,0
6.875,6.375,0.997243,0.879139,1.16481,0.996142,nan,nan,1,1.00003,1.00001,1,0
6.875,6.625,0.998697,0.90183,1.11327,0.998176,nan,nan,1,1.00003,1.00001,1,0
6.875,6.875,0.999457,0.926866,1.07313,0.99924,nan,nan,1,1.00003,1.00001,1,0
6.875,7.125,0.9998,0.949727,1.04436,0.99972,nan,nan,1,1.00003,1.00001,1,0
6.875,7.375,0.999935,0.967986,1.02527,0.999909,nan,nan,1,1.00003,1.00001,1,0
6.875,7.625,0.999981,0.98106,1.01353,0.999974,nan,nan,1,1.00003,1.00001,1,0
6.875,7.875,0.999995,0.989569,1.0068,0.999993,nan,nan,1,1.00003,1.00001,1,0
6.875,8.125,0.999999,0.994644,1.00321,0.999999,nan,nan,1,1.00003,1.00001,1,0
6.875,8.375,1,0.997433,1.00143,1,nan,nan,1,1.00003,1.00001,1,0
6.875,8.625,1,0.998851,1.00059,1,nan,nan,1,1.00003,1.00001,1,0
6.875,8.875,1,0.999519,1.00023,1,nan,nan,1,1.00003,1.00001,1,0
6.875,9.125,1,0.999812,1.00009,1,nan,nan,1,1.00003,1.00001,1,0
6.875,9.375,1,0.999931,1.00003,1,nan,nan,1,1.00003,1.00001,1,0
6.875,9.625,1,0.999976,1.00001,1,nan,nan,1,1.00003,1.00001,1,0
6.875,9.875,1,0.999992,1,1,nan,nan,1,1.00003,1.00001,1,0
7.125,0.125,1,1,1,1,nan,nan,1,1.00003,1.00001,1,0
7.125,0.375,1,1.00001,1.00001,1,nan,nan,1,1.00003,1.00001,1,0
7.125,0.625,1,1.00004,1.00002,1,nan,nan,1,1.00003,1.00001,1,0
7.125,0.875,1,1.00011,1.00006,1,nan,nan,1,1.00003,1.00001,1,0
7.125,1.125,1,1.00029,1.00016,1,nan,nan,1,1.00003,1.00001,1,0
7.125,1.375,1,1.0007,1.00041,1,nan,nan,1,1.00003,1.00001,1,0
7.125,1.625,1,1.00156,1.00098,1,nan,nan,1,1.00003,1.00001,1,0
7.125,1.875,1,1.00325,1.00221,0.999999,nan,nan,1,1.00003,1.00001,1,0
7.125,2.125,0.999998,1.00633,1.00468,0.999998,nan,nan,1,1.00003,1.00001,1,0
7.125,2.375,0.999993,1.01149,1.0093,0.99999,nan,nan,1,1.00003,1.00001,1,0
7.125,2.625,0.999976,1.01942,1.01737,0.999967,nan,nan,1,1.00003,1.00001,1,0
7.125,2.875,0.999926,1.03049,1.03049,0.999897,nan,nan,1,1.00003,1.00001,1,0
7.125,3.125,0.9998,1.04436,1.05027,0.99972,nan,nan,1,1.00003,1.00001,1,0
7.125,3.375,0.999521,1.05954,1.07786,0.999329,nan,nan,1,1.00003,1.00001,1,0
7.125,3.625,0.998985,1.07331,1.11329,0.99858,nan,nan,1,1.00003,1.00001,1,0
7.125,3.875,0.998105,1.08198,1.15485,0.997347,nan,nan,1,1.00003,1.00001,1,0
7.125,4.125,0.996876,1.08187,1.19883,0.995629,nan,nan,1,1.00003,1.00001,1,0
7.125,4.375,0.995457,1.07054,1.23984,0.993645,nan,nan,1,1.00003,1.00001,1,0
7.125,4.625,0.994169,1.04796,1.27177,0.991846,nan,nan,1,1.00003,1.00001,1,0
7.125,4.875,0.993394,1.01702,1.2893,0.990763,nan,nan,1,1.00003,1.00001,1,0
7.125,5.125,0.993394,0.982982,1.2893,0.990763,nan,nan,1,1.00003,1.00001,1,0
7.125,5.375,0.994169,0.95204,1.27177,0.991846,nan,nan,1,1.00003,1.00001,1,0
7.125,5.625,0.995457,0.929459,1.23984,0.993645,nan,nan,1,1.00003,1.00001,1,0
7.125,5.875,0.996876,0.918128,1.19883,0.995629,nan,nan,1,1.00003,1.00001,1,0
7.125,6.125,0.998105,0.91802,1.15485,0.997347,nan,nan,1,1.00003,1.00001,1,0
7.125,6.375,0.998985,0.926694,1.11329,0.99858,nan,nan,1,1.00003,1.00001,1,0
7.125,6.625,0.999521,0.940457,1.07786,0.999329,nan,nan,1,1.00003,1.00001,1,0
7.125,6.875,0.9998,0.955642,1.05027,0.99972,nan,nan,1,1.00003,1.00001,1,0
7.125,7.125,0.999926,0.969508,1.03049,0.999897,nan,nan,1,1.00003,1.00001,1,0
7.125,7.375,0.999976,0.980582,1.01737,0.999967,nan,nan,1,1.00003,1.00001,1,0
7.125,7.625,0.999993,0.988512,1.0093,0.99999,nan,nan,1,1.00003,1.00001,1,0
7.125,7.875,0.999998,0.993674,1.00468,0.999998,nan,nan,1,1.00003,1.00001,1,0
7.125,8.125,1,0.996752,1.00221,0.999999,nan,nan,1,1.00003,1.00001,1,0
7.125,8.375,1,0.998443,1.00098,1,nan,nan,1,1.00003,1.00001,1,0
7.125,8.625,1,0.999303,1.00041,1,nan,nan,1,1.00003,1.00001,1,0
7.125,8.875,1,0.999708,1.00016,1,nan,nan,1,1.00003,1.00001,1,0
7.125,9.125,1,0.999886,1.00006,1,nan,nan,1,1.00003,1.00001,1,0
7.125,9.375,1,0.999958,1.00002,1,nan,nan,1,1.00003,1.00001,1,0
7.125,9.625,1,0.999986,1.00001,1,nan,nan,1,1.00003,1.00001,1,0
7.125,9.875,1,0.999995,1,1,nan,nan,1,1.00003,1.00001,1,0
7.375,0.125,1,1,1,1,nan,nan,1,1.00003,1.00001,1,0
7.375,0.375,1,1.00001,1,1,nan,nan,1,1.00003,1.00001,1,0
7.375,0.625,1,1.00002,1.00001,1,nan,nan,1,1.00003,1.00001,1,0
7.375,0.875,1,1.00007,1.00004,1,nan,nan,1,1.00003,1.00001,1,0
7.375,1.125,1,1.00017,1.0001,1,nan,nan,1,1.00003,1.00001,1,0
7.375,1.375,1,1.0004,1.00026,1,nan,nan,1,1.00003,1.00001,1,0
7.375,1.625,1,1.00089,1.00062,1,nan,nan,1,1.00003,1.00001,1,0
7.375,1.875,1,1.00185,1.00141,1,nan,nan,1,1.00003,1.00001,1,0
7.375,2.125,0.999999,1.0036,1.00298,0.999999,nan,nan,1,1.00003,1.00001,1,0
7.375,2.375,0.999998,1.00655,1.00592,0.999997,nan,nan,1,1.00003,1.00001,1,0
7.375,2.625,0.999992,1.01106,1.01106,0.999989,nan,nan,1,1.00003,1.00001,1,0
7.375,2.875,0.999976,1.01737,1.01942,0.999967,nan,nan,1,1.00003,1.00001,1,0
7.375,3.125,0.999935,1.02527,1.03201,0.999909,nan,nan,1,1.00003,1.00001,1,0
7.375,3.375,0.999844,1.03393,1.04959,0.999782,nan,nan,1,1.00003,1.00001,1,0
7.375,3.625,0.99967,1.04177,1.07215,0.999539,nan,nan,1,1.00003,1.00001,1,0
7.375,3.875,0.999384,1.04671,1.09861,0.999138,nan,nan,1,1.00003,1.00001,1,0
7.375,4.125,0.998985,1.04665,1.12662,0.99858,nan,nan,1,1.00003,1.00001,1,0
7.375,4.375,0.998524,1.04019,1.15273,0.997934,nan,nan,1,1.00003,1.00001,1,0
7.375,4.625,0.998105,1.02733,1.17307,0.997347,nan,nan,1,1.00003,1.00001,1,0
7.375,4.875,0.997852,1.0097,1.18423,0.996995,nan,nan,1,1.00003,1.00001,1,0
7.375,5.125,0.997852,0.990304,1.18423,0.996995,nan,nan,1,1.00003,1.00001,1,0
7.375,5.375,0.998105,0.972673,1.17307,0.997347,nan,nan,1,1.00003,1.00001,1,0
7.375,5.625,0.998524,0.959807,1.15273,0.997934,nan,nan,1,1.00003,1.00001,1,0
7.375,5.875,0.998985,0.953351,1.12662,0.99858,nan,nan,1,1.00003,1.00001,1,0
7.375,6.125,0.999384,0.953289,1.09861,0.999138,nan,nan,1,1.00003,1.00001,1,0
7.375,6.375,0.99967,0.958231,1.07215,0.999539,nan,nan,1,1.00003,1.00001,1,0
7.375,6.625,0.999844,0.966073,1.04959,0.999782,nan,nan,1,1.00003,1.00001,1,0
7.375,6.875,0.999935,0.974725,1.03201,0.999909,nan,nan,1,1.00003,1.00001,1,0
7.375,7.125,0.999976,0.982626,1.01942,0.999967,nan,nan,1,1.00003,1.00001,1,0
7.375,7.375,0.999992,0.988936,1.01106,0.999989,nan,nan,1,1.00003,1.00001,1,0
7.375,7.625,0.999998,0.993455,1.00592,0.999997,nan,nan,1,1.00003,1.00001,1,0
7.375,7.875,0.999999,0.996395,1.00298,0.999999,nan,nan,1,1.00003,1.00001,1,0
7.375,8.125,1,0.998149,1.00141,1,nan,nan,1,1.00003,1.00001,1,0
7.375,8.375,1,0.999113,1.00062,1,nan,nan,1,1.00003,1.00001,1,0
7.375,8.625,1,0.999603,1.00026,1,nan,nan,1,1.00003,1.00001,1,0
7.375,8.875,1,0.999834,1.0001,1,nan,nan,1,1.00003,1.00001,1,0
7.375,9.125,1,0.999935,1.00004,1,nan,nan,1,1.00003,1.00001,1,0
7.375,9.375,1,0.999976,1.00001,1,nan,nan,1,1.00003,1.00001,1,0
7.375,9.625,1,0.999992,1,1,nan,nan,1,1.00003,1.00001,1,0
7.375,9.875,1,0.999997,1,1,nan,nan,1,1.00003,1.00001,1,0
7.625,0.125,1,1,1,1,nan,nan,1,1.00003,1.00001,1,0
7.625,0.375,1,1,1,1,nan,nan,1,1.00003,1.00001,1,0
7.625,0.625,1,1.00001,1.00001,1,nan,nan,1,1.00003,1.00001,1,0
7.625,0.875,1,1.00003,1.00002,1,nan,nan,1,1.00003,1.00001,1,0
7.625,1.125,1,1.00009,1.00006,1,nan,nan,1,1.00003,1.00001,1,0
7.625,1.375,1,1.00021,1.00015,1,nan,nan,1,1.00003,1.00001,1,0
7.625,1.625,1,1.00047,1.00037,1,nan,nan,1,1.00003,1.00001,1,0
7.625,1.875,1,1.00099,1.00083,1,nan,nan,1,1.00003,1.00001,1,0
7.625,2.125,1,1.00193,1.00176,1,nan,nan,1,1.00003,1.00001,1,0
7.625,2.375,0.999999,1.0035,1.0035,0.999999,nan,nan,1,1.00003,1.00001,1,0
7.625,2.625,0.999998,1.00592,1.00655,0.999997,nan,nan,1,1.00003,1.00001,1,0
7.625,2.875,0.999993,1.0093,1.01149,0.99999,nan,nan,1,1.00003,1.00001,1,0
7.625,3.125,0.999981,1.01353,1.01894,0.999974,nan,nan,1,1.00003,1.00001,1,0
7.625,3.375,0.999955,1.01816,1.02933,0.999938,nan,nan,1,1.00003,1.00001,1,0
7.625,3.625,0.999906,1.02236,1.04268,0.999868,nan,nan,1,1.00003,1.00001,1,0
7.625,3.875,0.999824,1.025,1.05834,0.999753,nan,nan,1,1.00003,1.00001,1,0
7.625,4.125,0.999709,1.02497,1.07491,0.999593,nan,nan,1,1.00003,1.00001,1,0
7.625,4.375,0.999577,1.02151,1.09036,0.999408,nan,nan,1,1.00003,1.00001,1,0
7.625,4.625,0.999457,1.01463,1.10239,0.99924,nan,nan,1,1.00003,1.00001,1,0
7.625,4.875,0.999384,1.00519,1.10899,0.999138,nan,nan,1,1.00003,1.00001,1,0
7.625,5.125,0.999384,0.99481,1.10899,0.999138,nan,nan,1,1.00003,1.00001,1,0
7.625,5.375,0.999457,0.985373,1.10239,0.99924,nan,nan,1,1.00003,1.00001,1,0
7.625,5.625,0.999577,0.978486,1.09036,0.999408,nan,nan,1,1.00003,1.00001,1,0
7.625,5.875,0.999709,0.97503,1.07491,0.999593,nan,nan,1,1.00003,1.00001,1,0
7.625,6.125,0.999824,0.974998,1.05834,0.999753,nan,nan,1,1.00003,1.00001,1,0
7.625,6.375,0.999906,0.977643,1.04268,0.999868,nan,nan,1,1.00003,1.00001,1,0
7.625,6.625,0.999955,0.98184,1.02933,0.999938,nan,nan,1,1.00003,1.00001,1,0
7.625,6.875,0.999981,0.986471,1.01894,0.999974,nan,nan,1,1.00003,1.00001,1,0
7.625,7.125,0.999993,0.9907,1.01149,0.99999,nan,nan,1,1.00003,1.00001,1,0
7.625,7.375,0.999998,0.994078,1.00655,0.999997,nan,nan,1,1.00003,1.00001,1,0
7.625,7.625,0.999999,0.996496,1.0035,0.999999,nan,nan,1,1.00003,1.00001,1,0
7.625,7.875,1,0.998071,1.00176,1,nan,nan,1,1.00003,1.00001,1,0
7.625,8.125,1,0.999009,1.00083,1,nan,nan,1,1.00003,1.00001,1,0
7.625,8.375,1,0.999525,1.00037,1,nan,nan,1,1.00003,1.00001,1,0
7.625,8.625,1,0.999787,1.00015,1,nan,nan,1,1.00003,1.00001,1,0
7.625,8.875,1,0.999911,1.00006,1,nan,nan,1,1.00003,1.00001,1,0
7.625,9.125,1,0.999965,1.00002,1,nan,nan,1,1.00003,1.00001,1,0
7.625,9.375,1,0.999987,1.00001,1,nan,nan,1,1.00003,1.00001,1,0
7.625,9.625,1,0.999996,1,1,nan,nan,1,1.00003,1.00001,1,0
7.625,9.875,1,0.999999,1,1,nan,nan,1,1.00003,1.00001,1,0
7.875,0.125,1,1,1,1,nan,nan,1,1.00003,1.00001,1,0
7.875,0.375,1,1,1,1,nan,nan,1,1.00003,1.00001,1,0
7.875,0.625,1,1.00001,1,1,nan,nan,1,1.00003,1.00001,1,0
7.875,0.875,1,1.00002,1.00001,1,nan,nan,1,1.00003,1.00001,1,0
7.875,1.125,1,1.00004,1.00003,1,nan,nan,1,1.00003,1.00001,1,0
7.875,1.375,1,1.00011,1.00008,1,nan,nan,1,1.00003,1.00001,1,0
7.875,1.625,1,1.00024,1.0002,1,nan,nan,1,1.00003,1.00001,1,0
7.875,1.875,1,1.0005,1.00046,1,nan,nan,1,1.00003,1.00001,1,0
7.875,2.125,1,1.00097,1.00097,1,nan,nan,1,1.00003,1.00001,1,0
7.875,2.375,1,1.00176,1.00193,1,nan,nan,1,1.00003,1.00001,1,0
7.875,2.625,0.999999,1.00298,1.0036,0.999999,nan,nan,1,1.00003,1.00001,1,0
7.875,2.875,0.999998,1.00468,1.00633,0.999998,nan,nan,1,1.00003,1.00001,1,0
7.875,3.125,0.999995,1.0068,1.01043,0.999993,nan,nan,1,1.00003,1.00001,1,0
7.875,3.375,0.999989,1.00913,1.01616,0.999984,nan,nan,1,1.00003,1.00001,1,0
7.875,3.625,0.999976,1.01124,1.02351,0.999967,nan,nan,1,1.00003,1.00001,1,0
7.875,3.875,0.999955,1.01257,1.03213,0.999938,nan,nan,1,1.00003,1.00001,1,0
7.875,4.125,0.999926,1.01256,1.04125,0.999897,nan,nan,1,1.00003,1.00001,1,0
7.875,4.375,0.999893,1.01082,1.04976,0.99985,nan,nan,1,1.00003,1.00001,1,0
7.875,4.625,0.999863,1.00735,1.05639,0.999808,nan,nan,1,1.00003,1.00001,1,0
7.875,4.875,0.999844,1.00261,1.06002,0.999782,nan,nan,1,1.00003,1.00001,1,0
7.875,5.125,0.999844,0.99739,1.06002,0.999782,nan,nan,1,1.00003,1.00001,1,0
7.875,5.375,0.999863,0.992645,1.05639,0.999808,nan,nan,1,1.00003,1.00001,1,0
7.875,5.625,0.999893,0.989182,1.04976,0.99985,nan,nan,1,1.00003,1.00001,1,0
7.875,5.875,0.999926,0.987444,1.04125,0.999897,nan,nan,1,1.00003,1.00001,1,0
7.875,6.125,0.999955,0.987428,1.03213,0.999938,nan,nan,1,1.00003,1.00001,1,0
7.875,6.375,0.999976,0.988758,1.02351,0.999967,nan,nan,1,1.00003,1.00001,1,0
7.875,6.625,0.999989,0.990869,1.01616,0.999984,nan,nan,1,1.00003,1.00001,1,0
7.875,6.875,0.999995,0.993197,1.01043,0.999993,nan,nan,1,1.00003,1.00001,1,0
7.875,7.125,0.999998,0.995324,1.00633,0.999998,nan,nan,1,1.00003,1.00001,1,0
7.875,7.375,0.999999,0.997022,1.0036,0.999999,nan,nan,1,1.00003,1.00001,1,0
7.875,7.625,1,0.998238,1.00193,1,nan,nan,1,1.00003,1.00001,1,0
7.875,7.875,1,0.99903,1.00097,1,nan,nan,1,1.00003,1.00001,1,0
7.875,8.125,1,0.999502,1.00046,1,nan,nan,1,1.00003,1.00001,1,0
7.875,8.375,1,0.999761,1.0002,1,nan,nan,1,1.00003,1.00001,1,0
7.875,8.625,1,0.999893,1.00008,1,nan,nan,1,1.00003,1.00001,1,0
7.875,8.875,1,0.999955,1.00003,1,nan,nan,1,1.00003,1.00001,1,0
7.875,9.125,1,0.999982,1.00001,1,nan,nan,1,1.00003,1.00001,1,0
7.875,9.375,1,0.999994,1,1,nan,nan,1,1.00003,1.00001,1,0
7.875,9.625,1,0.999998,1,1,nan,nan,1,1.00003,1.00001,1,0
7.875,9.875,1,0.999999,1,1,nan,nan,1,1.00003,1.00001,1,0
8.125,0.125,1,1,1,1,nan,nan,1,1.00003,1.00001,1,0
8.125,0.375,1,1,1,1,nan,nan,1,1.00003,1.00001,1,0
8.125,0.625,1,1,1,1,nan,nan,1,1.00003,1.00001,1,0
8.125,0.875,1,1.00001,1.00001,1,nan,nan,1,1.00003,1.00001,1,0
8.125,1.125,1,1.00002,1.00002,1,nan,nan,1,1.00003,1.00001,1,0
8.125,1.375,1,1.00005,1.00004,1,nan,nan,1,1.00003,1.00001,1,0
8.125,1.625,1,1.00011,1.0001,1,nan,nan,1,1.00003,1.00001,1,0
8.125,1.875,1,1.00024,1.00024,1,nan,nan,1,1.00003,1.00001,1,0
8.125,2.125,1,1.00046,1.0005,1,nan,nan,1,1.00003,1.00001,1,0
8.125,2.375,1,1.00083,1.00099,1,nan,nan,1,1.00003,1.00001,1,0
8.125,2.625,1,1.00141,1.00185,1,nan,nan,1,1.00003,1.00001,1,0
8.125,2.875,1,1.00221,1.00325,0.999999,nan,nan,1,1.00003,1.00001,1,0
8.125,3.125,0.999999,1.00321,1.00536,0.999999,nan,nan,1,1.00003,1.00001,1,0
8.125,3.375,0.999997,1.00431,1.00829,0.999996,nan,nan,1,1.00003,1.00001,1,0
8.125,3.625,0.999995,1.00531,1.01207,0.999993,nan,nan,1,1.00003,1.00001,1,0
8.125,3.875,0.99999,1.00594,1.0165,0.999986,nan,nan,1,1.00003,1.00001,1,0
8.125,4.125,0.999984,1.00593,1.02118,0.999977,nan,nan,1,1.00003,1.00001,1,0
8.125,4.375,0.999976,1.00511,1.02555,0.999967,nan,nan,1,1.00003,1.00001,1,0
8.125,4.625,0.999969,1.00347,1.02895,0.999957,nan,nan,1,1.00003,1.00001,1,0
8.125,4.875,0.999965,1.00123,1.03082,0.999951,nan,nan,1,1.00003,1.00001,1,0
8.125,5.125,0.999965,0.998767,1.03082,0.999951,nan,nan,1,1.00003,1.00001,1,0
8.125,5.375,0.999969,0.996526,1.02895,0.999957,nan,nan,1,1.00003,1.00001,1,0
8.125,5.625,0.999976,0.99489,1.02555,0.999967,nan,nan,1,1.00003,1.00001,1,0
8.125,5.875,0.999984,0.994069,1.02118,0.999977,nan,nan,1,1.00003,1.00001,1,0
8.125,6.125,0.99999,0.994061,1.0165,0.999986,nan,nan,1,1.00003,1.00001,1,0
8.125,6.375,0.999995,0.99469,1.01207,0.999993,nan,nan,1,1.00003,1.00001,1,0
8.125,6.625,0.999997,0.995687,1.00829,0.999996,nan,nan,1,1.00003,1.00001,1,0
8.125,6.875,0.999999,0.996787,1.00536,0.999999,nan,nan,1,1.00003,1.00001,1,0
8.125,7.125,1,0.997791,1.00325,0.999999,nan,nan,1,1.00003,1.00001,1,0
8.125,7.375,1,0.998593,1.00185,1,nan,nan,1,1.00003,1.00001,1,0
8.125,7.625,1,0.999168,1.00099,1,nan,nan,1,1.00003,1.00001,1,0
8.125,7.875,1,0.999542,1.0005,1,nan,nan,1,1.00003,1.00001,1,0
8.125,8.125,1,0.999765,1.00024,1,nan,nan,1,1.00003,1.00001,1,0
8.125,8.375,1,0.999887,1.0001,1,nan,nan,1,1.00003,1.00001,1,0
8.125,8.625,1,0.99995,1.00004,1,nan,nan,1,1.00003,1.00001,1,0
8.125,8.875,1,0.999979,1.00002,1,nan,nan,1,1.00003,1.00001,1,0
8.125,9.125,1,0.999992,1.00001,1,nan,nan,1,1.00003,1.00001,1,0
8.125,9.375,1,0.999997,1,1,nan,nan,1,1.00003,1.00001,1,0
8.125,9.625,1,0.999999,1,1,nan,nan,1,1.00003,1.00001,1,0
8.125,9.875,1,1,1,1,nan,nan,1,1.00003,1.00001,1,0
8.375,0.125,1,1,1,1,nan,nan,1,1.00003,1.00001,1,0
8.375,0.375,1,1,1,1,nan,nan,1,1.00003,1.00001,1,0
8.375,0.625,1,1,1,1,nan,nan,1,1.00003,1.00001,1,0
8.375,0.875,1,1,1,1,nan,nan,1,1.00003,1.00001,1,0
8.375,1.125,1,1.00001,1.00001,1,nan,nan,1,1.00003,1.00001,1,0
8.375,1.375,1,1.00002,1.00002,1,nan,nan,1,1.00003,1.00001,1,0
8.375,1.625,1,1.00005,1.00005,1,nan,nan,1,1.00003,1.00001,1,0
8.375,1.875,1,1.0001,1.00011,1,nan,nan,1,1.00003,1.00001,1,0
8.375,2.125,1,1.0002,1.00024,1,nan,nan,1,1.00003,1.00001,1,0
8.375,2.375,1,1.00037,1.00047,1,nan,nan,1,1.00003,1.00001,1,0
8.375,2.625,1,1.00062,1.00089,1,nan,nan,1,1.00003,1.00001,1,0
8.375,2.875,1,1.00098,1.00156,1,nan,nan,1,1.00003,1.00001,1,0
8.375,3.125,1,1.00143,1.00257,1,nan,nan,1,1.00003,1.00001,1,0
8.375,3.375,1,1.00191,1.00398,0.999999,nan,nan,1,1.00003,1.00001,1,0
8.375,3.625,0.999999,1.00236,1.00578,0.999999,nan,nan,1,1.00003,1.00001,1,0
8.375,3.875,0.999998,1.00264,1.00791,0.999997,nan,nan,1,1.00003,1.00001,1,0
8.375,4.125,0.999997,1.00263,1.01015,0.999995,nan,nan,1,1.00003,1.00001,1,0
8.375,4.375,0.999995,1.00227,1.01224,0.999993,nan,nan,1,1.00003,1.00001,1,0
8.375,4.625,0.999994,1.00154,1.01387,0.999992,nan,nan,1,1.00003,1.00001,1,0
8.375,4.875,0.999993,1.00055,1.01477,0.99999,nan,nan,1,1.00003,1.00001,1,0
8.375,5.125,0.999993,0.999453,1.01477,0.99999,nan,nan,1,1.00003,1.00001,1,0
8.375,5.375,0.999994,0.998458,1.01387,0.999992,nan,nan,1,1.00003,1.00001,1,0
8.375,5.625,0.999995,0.997732,1.01224,0.999993,nan,nan,1,1.00003,1.00001,1,0
8.375,5.875,0.999997,0.997368,1.01015,0.999995,nan,nan,1,1.00003,1.00001,1,0
8.375,6.125,0.999998,0.997365,1.00791,0.999997,nan,nan,1,1.00003,1.00001,1,0
8.375,6.375,0.999999,0.997644,1.00578,0.999999,nan,nan,1,1.00003,1.00001,1,0
8.375,6.625,1,0.998086,1.00398,0.999999,nan,nan,1,1.00003,1.00001,1,0
8.375,6.875,1,0.998574,1.00257,1,nan,nan,1,1.00003,1.00001,1,0
8.375,7.125,1,0.99902,1.00156,1,nan,nan,1,1.00003,1.00001,1,0
8.375,7.375,1,0.999376,1.00089,1,nan,nan,1,1.00003,1.00001,1,0
8.375,7.625,1,0.999631,1.00047,1,nan,nan,1,1.00003,1.00001,1,0
8.375,7.875,1,0.999797,1.00024,1,nan,nan,1,1.00003,1.00001,1,0
8.375,8.125,1,0.999896,1.00011,1,nan,nan,1,1.00003,1.00001,1,0
8.375,8.375,1,0.99995,1.00005,1,nan,nan,1,1.00003,1.00001,1,0
8.375,8.625,1,0.999978,1.00002,1,nan,nan,1,1.00003,1.00001,1,0
8.375,8.875,1,0.999991,1.00001,1,nan,nan,1,1.00003,1.00001,1,0
8.375,9.125,1,0.999996,1,1,nan,nan,1,1.00003,1.00001,1,0
8.375,9.375,1,0.999999,1,1,nan,nan,1,1.00003,1.00001,1,0
8.375,9.625,1,1,1,1,nan,nan,1,1.00003,1.00001,1,0
8.375,9.875,1,1,1,1,nan,nan,1,1.00003,1.00001,1,0
8.625,0.125,1,1,1,1,nan,nan,1,1.00003,1.00001,1,0
8.625,0.375,1,1,1,1,nan,nan,1,1.00003,1.00001,1,0
8.625,0.625,1,1,1,1,nan,nan,1,1.00003,1.00001,1,0
8.625,0.875,1,1,1,1,nan,nan,1,1.00003,1.00001,1,0
8.625,1.125,1,1,1,1,nan,nan,1,1.00003,1.00001,1,0
8.625,1.375,1,1.00001,1.00001,1,nan,nan,1,1.00003,1.00001,1,0
8.625,1.625,1,1.00002,1.00002,1,nan,nan,1,1.00003,1.00001,1,0
8.625,1.875,1,1.00004,1.00005,1,nan,nan,1,1.00003,1.00001,1,0
8.625,2.125,1,1.00008,1.00011,1,nan,nan,1,1.00003,1.00001,1,0
8.625,2.375,1,1.00015,1.00021,1,nan,nan,1,1.00003,1.00001,1,0
8.625,2.625,1,1.00026,1.0004,1,nan,nan,1,1.00003,1.00001,1,0
8.625,2.875,1,1.00041,1.0007,1,nan,nan,1,1.00003,1.00001,1,0
8.625,3.125,1,1.00059,1.00115,1,nan,nan,1,1.00003,1.00001,1,0
8.625,3.375,1,1.0008,1.00178,1,nan,nan,1,1.00003,1.00001,1,0
8.625,3.625,1,1.00098,1.00259,1,nan,nan,1,1.00003,1.00001,1,0
8.625,3.875,1,1.0011,1.00354,1,nan,nan,1,1.00003,1.00001,1,0
8.625,4.125,0.999999,1.0011,1.00455,0.999999,nan,nan,1,1.00003,1.00001,1,0
8.625,4.375,0.999999,1.00095,1.00548,0.999999,nan,nan,1,1.00003,1.00001,1,0
8.625,4.625,0.999999,1.00064,1.00621,0.999999,nan,nan,1,1.00003,1.00001,1,0
8.625,4.875,0.999999,1.00023,1.00661,0.999998,nan,nan,1,1.00003,1.00001,1,0
8.625,5.125,0.999999,0.999772,1.00661,0.999998,nan,nan,1,1.00003,1.00001,1,0
8.625,5.375,0.999999,0.999357,1.00621,0.999999,nan,nan,1,1.00003,1.00001,1,0
8.625,5.625,0.999999,0.999055,1.00548,0.999999,nan,nan,1,1.00003,1.00001,1,0
8.625,5.875,0.999999,0.998903,1.00455,0.999999,nan,nan,1,1.00003,1.00001,1,0
8.625,6.125,1,0.998901,1.00354,1,nan,nan,1,1.00003,1.00001,1,0
8.625,6.375,1,0.999018,1.00259,1,nan,nan,1,1.00003,1.00001,1,0
8.625,6.625,1,0.999202,1.00178,1,nan,nan,1,1.00003,1.00001,1,0
8.625,6.875,1,0.999406,1.00115,1,nan,nan,1,1.00003,1.00001,1,0
8.625,7.125,1,0.999591,1.0007,1,nan,nan,1,1.00003,1.00001,1,0
8.625,7.375,1,0.99974,1.0004,1,nan,nan,1,1.00003,1.00001,1,0
8.625,7.625,1,0.999846,1.00021,1,nan,nan,1,1.00003,1.00001,1,0
8.625,7.875,1,0.999915,1.00011,1,nan,nan,1,1.00003,1.00001,1,0
8.625,8.125,1,0.999956,1.00005,1,nan,nan,1,1.00003,1.00001,1,0
8.625,8.375,1,0.999979,1.00002,1,nan,nan,1,1.00003,1.00001,1,0
8.625,8.625,1,0.999991,1.00001,1,nan,nan,1,1.00003,1.00001,1,0
8.625,8.875,1,0.999996,1,1,nan,nan,1,1.00003,1.00001,1,0
8.625,9.125,1,0.999998,1,1,nan,nan,1,1.00003,1.00001,1,0
8.625,9.375,1,0.999999,1,1,nan,nan,1,1.00003,1.00001,1,0
8.625,9.625,1,1,1,1,nan,nan,1,1.00003,1.00001,1,0
8.625,9.875,1,1,1,1,nan,nan,1,1.00003,1.00001,1,0
8.875,0.125,1,1,1,1,nan,nan,1,1.00003,1.00001,1,0
8.875,0.375,1,1,1,1,nan,nan,1,1.00003,1.00001,1,0
8.875,0.625,1,1,1,1,nan,nan,1,1.00003,1.00001,1,0
8.875,0.875,1,1,1,1,nan,nan,1,1.00003,1.00001,1,0
8.875,1.125,1,1,1,1,nan,nan,1,1.00003,1.00001,1,0
8.875,1.375,1,1,1,1,nan,nan,1,1.00003,1.00001,1,0
8.875,1.625,1,1.00001,1.00001,1,nan,nan,1,1.00003,1.00001,1,0
8.875,1.875,1,1.00002,1.00002,1,nan,nan,1,1.00003,1.00001,1,0
8.875,2.125,1,1.00003,1.00004,1,nan,nan,1,1.00003,1.00001,1,0
8.875,2.375,1,1.00006,1.00009,1,nan,nan,1,1.00003,1.00001,1,0
8.875,2.625,1,1.0001,1.00017,1,nan,nan,1,1.00003,1.00001,1,0
8.875,2.875,1,1.00016,1.00029,1,nan,nan,1,1.00003,1.00001,1,0
8.875,3.125,1,1.00023,1.00048,1,nan,nan,1,1.00003,1.00001,1,0
8.875,3.375,1,1.00031,1.00075,1,nan,nan,1,1.00003,1.00001,1,0
8.875,3.625,1,1.00038,1.00108,1,nan,nan,1,1.00003,1.00001,1,0
8.875,3.875,1,1.00043,1.00148,1,nan,nan,1,1.00003,1.00001,1,0
8.875,4.125,1,1.00043,1.0019,1,nan,nan,1,1.00003,1.00001,1,0
8.875,4.375,1,1.00037,1.0023,1,nan,nan,1,1.00003,1.00001,1,0
8.875,4.625,1,1.00025,1.0026,1,nan,nan,1,1.00003,1.00001,1,0
8.875,4.875,1,1.00009,1.00277,1,nan,nan,1,1.00003,1.00001,1,0
8.875,5.125,1,0.999911,1.00277,1,nan,nan,1,1.00003,1.00001,1,0
8.875,5.375,1,0.999748,1.0026,1,nan,nan,1,1.00003,1.00001,1,0
8.875,5.625,1,0.99963,1.0023,1,nan,nan,1,1.00003,1.00001,1,0
8.875,5.875,1,0.99957,1.0019,1,nan,nan,1,1.00003,1.00001,1,0
8.875,6.125,1,0.99957,1.00148,1,nan,nan,1,1.00003,1.00001,1,0
8.875,6.375,1,0.999615,1.00108,1,nan,nan,1,1.00003,1.00001,1,0
8.875,6.625,1,0.999688,1.00075,1,nan,nan,1,1.00003,1.00001,1,0
8.875,6.875,1,0.999767,1.00048,1,nan,nan,1,1.00003,1.00001,1,0
8.875,7.125,1,0.99984,1.00029,1,nan,nan,1,1.00003,1.00001,1,0
8.875,7.375,1,0.999898,1.00017,1,nan,nan,1,1.00003,1.00001,1,0
8.875,7.625,1,0.99994,1.00009,1,nan,nan,1,1.00003,1.00001,1,0
8.875,7.875,1,0.999967,1.00004,1,nan,nan,1,1.00003,1.00001,1,0
8.875,8.125,1,0.999983,1.00002,1,nan,nan,1,1.00003,1.00001,1,0
8.875,8.375,1,0.999992,1.00001,1,nan,nan,1,1.00003,1.00001,1,0
8.875,8.625,1,0.999996,1,1,nan,nan,1,1.00003,1.00001,1,0
8.875,8.875,1,0.999998,1,1,nan,nan,1,1.00003,1.00001,1,0
8.875,9.125,1,0.999999,1,1,nan,nan,1,1.00003,1.00001,1,0
8.875,9.375,1,1,1,1,nan,nan,1,1.00003,1.00001,1,0
8.875,9.625,1,1,1,1,nan,nan,1,1.00003,1.00001,1,0
8.875,9.875,1,1,1,1,nan,nan,1,1.00003,1.00001,1,0
9.125,0.125,1,1,1,1,nan,nan,1,1.00003,1.00001,1,0
9.125,0.375,1,1,1,1,nan,nan,1,1.00003,1.00001,1,0
9.125,0.625,1,1,1,1,nan,nan,1,1.00003,1.00001,1,0
9.125,0.875,1,1,1,1,nan,nan,1,1.00003,1.00001,1,0
9.125,1.125,1,1,1,1,nan,nan,1,1.00003,1.00001,1,0
9.125,1.375,1,1,1,1,nan,nan,1,1.00003,1.00001,1,0
9.125,1.625,1,1,1,1,nan,nan,1,1.00003,1.00001,1,0
9.125,1.875,1,1.00001,1.00001,1,nan,nan,1,1.00003,1.00001,1,0
9.125,2.125,1,1.00001,1.00002,1,nan,nan,1,1.00003,1.00001,1,0
9.125,2.375,1,1.00002,1.00003,1,nan,nan,1,1.00003,1.00001,1,0
9.125,2.625,1,1.00004,1.00007,1,nan,nan,1,1.00003,1.00001,1,0
9.125,2.875,1,1.00006,1.00011,1,nan,nan,1,1.00003,1.00001,1,0
9.125,3.125,1,1.00009,1.00019,1,nan,nan,1,1.00003,1.00001,1,0
9.125,3.375,1,1.00011,1.00029,1,nan,nan,1,1.00003,1.00001,1,0
9.125,3.625,1,1.00014,1.00042,1,nan,nan,1,1.00003,1.00001,1,0
9.125,3.875,1,1.00016,1.00058,1,nan,nan,1,1.00003,1.00001,1,0
9.125,4.125,1,1.00016,1.00075,1,nan,nan,1,1.00003,1.00001,1,0
9.125,4.375,1,1.00014,1.0009,1,nan,nan,1,1.00003,1.00001,1,0
9.125,4.625,1,1.00009,1.00102,1,nan,nan,1,1.00003,1.00001,1,0
9.125,4.875,1,1.00003,1.00108,1,nan,nan,1,1.00003,1.00001,1,0
9.125,5.125,1,0.999967,1.00108,1,nan,nan,1,1.00003,1.00001,1,0
9.125,5.375,1,0.999907,1.00102,1,nan,nan,1,1.00003,1.00001,1,0
9.125,5.625,1,0.999864,1.0009,1,nan,nan,1,1.00003,1.00001,1,0
9.125,5.875,1,0.999842,1.00075,1,nan,nan,1,1.00003,1.00001,1,0
9.125,6.125,1,0.999842,1.00058,1,nan,nan,1,1.00003,1.00001,1,0
9.125,6.375,1,0.999858,1.00042,1,nan,nan,1,1.00003,1.00001,1,0
9.125,6.625,1,0.999885,1.00029,1,nan,nan,1,1.00003,1.00001,1,0
9.125,6.875,1,0.999914,1.00019,1,nan,nan,1,1.00003,1.00001,1,0
9.125,7.125,1,0.999941,1.00011,1,nan,nan,1,1.00003,1.00001,1,0
9.125,7.375,1,0.999963,1.00007,1,nan,nan,1,1.00003,1.00001,1,0
9.125,7.625,1,0.999978,1.00003,1,nan,nan,1,1.00003,1.00001,1,0
9.125,7.875,1,0.999988,1.00002,1,nan,nan,1,1.00003,1.00001,1,0
9.125,8.125,1,0.999994,1.00001,1,nan,nan,1,1.00003,1.00001,1,0
9.125,8.375,1,0.999997,1,1,nan,nan,1,1.00003,1.00001,1,0
9.125,8.625,1,0.999999,1,1,nan,nan,1,1.00003,1.00001,1,0
9.125,8.875,1,0.999999,1,1,nan,nan,1,1.00003,1.00001,1,0
9.125,9.125,1,1,1,1,nan,nan,1,1.00003,1.00001,1,0
9.125,9.375,1,1,1,1,nan,nan,1,1.00003,1.00001,1,0
9.125,9.625,1,1,1,1,nan,nan,1,1.00003,1.00001,1,0
9.125,9.875,1,1,1,1,nan,nan,1,1.00003,1.00001,1,0
9.375,0.125,1,1,1,1,nan,nan,1,1.00003,1.00001,1,0
9.375,0.375,1,1,1,1,nan,nan,1,1.00003,1.00001,1,0
9.375,0.625,1,1,1,1,nan,nan,1,1.00003,1.00001,1,0
9.375,0.875,1,1,1,1,nan,nan,1,1.00003,1.00001,1,0
9.375,1.125,1,1,1,1,nan,nan,1,1.00003,1.00001,1,0
9.375,1.375,1,1,1,1,nan,nan,1,1.00003,1.00001,1,0
9.375,1.625,1,1,1,1,nan,nan,1,1.00003,1.00001,1,0
9.375,1.875,1,1,1,1,nan,nan,1,1.00003,1.00001,1,0
9.375,2.125,1,1,1.00001,1,nan,nan,1,1.00003,1.00001,1,0
9.375,2.375,1,1.00001,1.00001,1,nan,nan,1,1.00003,1.00001,1,0
9.375,2.625,1,1.00001,1.00002,1,nan,nan,1,1.00003,1.00001,1,0
9.375,2.875,1,1.00002,1.00004,1,nan,nan,1,1.00003,1.00001,1,0
9.375,3.125,1,1.00003,1.00007,1,nan,nan,1,1.00003,1.00001,1,0
9.375,3.375,1,1.00004,1.00011,1,nan,nan,1,1.00003,1.00001,1,0
9.375,3.625,1,1.00005,1.00016,1,nan,nan,1,1.00003,1.00001,1,0
9.375,3.875,1,1.00005,1.00021,1,nan,nan,1,1.00003,1.00001,1,0
9.375,4.125,1,1.00005,1.00027,1,nan,nan,1,1.00003,1.00001,1,0
9.375,4.375,1,1.00005,1.00033,1,nan,nan,1,1.00003,1.00001,1,0
9.375,4.625,1,1.00003,1.00037,1,nan,nan,1,1.00003,1.00001,1,0
9.375,4.875,1,1.00001,1.0004,1,nan,nan,1,1.00003,1.00001,1,0
9.375,5.125,1,0.999989,1.0004,1,nan,nan,1,1.00003,1.00001,1,0
9.375,5.375,1,0.999968,1.00037,1,nan,nan,1,1.00003,1.00001,1,0
9.375,5.625,1,0.999953,1.00033,1,nan,nan,1,1.00003,1.00001,1,0
9.375,5.875,1,0.999945,1.00027,1,nan,nan,1,1.00003,1.00001,1,0
9.375,6.125,1,0.999945,1.00021,1,nan,nan,1,1.00003,1.00001,1,0
9.375,6.375,1,0.999951,1.00016,1,nan,nan,1,1.00003,1.00001,1,0
9.375,6.625,1,0.99996,1.00011,1,nan,nan,1,1.00003,1.00001,1,0
9.375,6.875,1,0.99997,1.00007,1,nan,nan,1,1.00003,1.00001,1,0
9.375,7.125,1,0.99998,1.00004,1,nan,nan,1,1.00003,1.00001,1,0
9.375,7.375,1,0.999987,1.00002,1,nan,nan,1,1.00003,1.00001,1,0
9.375,7.625,1,0.999992,1.00001,1,nan,nan,1,1.00003,1.00001,1,0
9.375,7.875,1,0.999996,1.00001,1,nan,nan,1,1.00003,1.00001,1,0
9.375,8.125,1,0.999998,1,1,nan,nan,1,1.00003,1.00001,1,0
9.375,8.375,1,0.999999,1,1,nan,nan,1,1.00003,1.00001,1,0
9.375,8.625,1,1,1,1,nan,nan,1,1.00003,1.00001,1,0
9.375,8.875,1,1,1,1,nan,nan,1,1.00003,1.00001,1,0
9.375,9.125,1,1,1,1,nan,nan,1,1.00003,1.00001,1,0
9.375,9.375,1,1,1,1,nan,nan,1,1.00003,1.00001,1,0
9.375,9.625,1,1,1,1,nan,nan,1,1.00003,1.00001,1,0
9.375,9.875,1,1,1,1,nan,nan,1,1.00003,1.00001,1,0
9.625,0.125,1,1,1,1,nan,nan,1,1.00003,1.00001,1,0
9.625,0.375,1,1,1,1,nan,nan,1,1.00003,1.00001,1,0
9.625,0.625,1,1,1,1,nan,nan,1,1.00003,1.00001,1,0
9.625,0.875,1,1,1,1,nan,nan,1,1.00003,1.00001,1,0
9.625,1.125,1,1,1,1,nan,nan,1,1.00003,1.00001,1,0
9.625,1.375,1,1,1,1,nan,nan,1,1.00003,1.00001,1,0
9.625,1.625,1,1,1,1,nan,nan,1,1.00003,1.00001,1,0
9.625,1.875,1,1,1,1,nan,nan,1,1.00003,1.00001,1,0
9.625,2.125,1,1,1,1,nan,nan,1,1.00003,1.00001,1,0
9.625,2.375,1,1,1,1,nan,nan,1,1.00003,1.00001,1,0
9.625,2.625,1,1,1.00001,1,nan,nan,1,1.00003,1.00001,1,0
9.625,2.875,1,1.00001,1.00001,1,nan,nan,1,1.00003,1.00001,1,0
9.625,3.125,1,1.00001,1.00002,1,nan,nan,1,1.00003,1.00001,1,0
9.625,3.375,1,1.00001,1.00004,1,nan,nan,1,1.00003,1.00001,1,0
9.625,3.625,1,1.00002,1.00005,1,nan,nan,1,1.00003,1.00001,1,0
9.625,3.875,1,1.00002,1.00007,1,nan,nan,1,1.00003,1.00001,1,0
9.625,4.125,1,1.00002,1.00009,1,nan,nan,1,1.00003,1.00001,1,0
9.625,4.375,1,1.00002,1.00011,1,nan,nan,1,1.00003,1.00001,1,0
9.625,4.625,1,1.00001,1.00013,1,nan,nan,1,1.00003,1.00001,1,0
9.625,4.875,1,1,1.00014,1,nan,nan,1,1.00003,1.00001,1,0
9.625,5.125,1,0.999996,1.00014,1,nan,nan,1,1.00003,1.00001,1,0
9.625,5.375,1,0.99999,1.00013,1,nan,nan,1,1.00003,1.00001,1,0
9.625,5.625,1,0.999985,1.00011,1,nan,nan,1,1.00003,1.00001,1,0
9.625,5.875,1,0.999982,1.00009,1,nan,nan,1,1.00003,1.00001,1,0
9.625,6.125,1,0.999982,1.00007,1,nan,nan,1,1.00003,1.00001,1,0
9.625,6.375,1,0.999984,1.00005,1,nan,nan,1,1.00003,1.00001,1,0
9.625,6.625,1,0.999987,1.00004,1,nan,nan,1,1.00003,1.00001,1,0
9.625,6.875,1,0.99999,1.00002,1,nan,nan,1,1.00003,1.00001,1,0
9.625,7.125,1,0.999993,1.00001,1,nan,nan,1,1.00003,1.00001,1,0
9.625,7.375,1,0.999996,1.00001,1,nan,nan,1,1.00003,1.00001,1,0
9.625,7.625,1,0.999998,1,1,nan,nan,1,1.00003,1.00001,1,0
9.625,7.875,1,0.999999,1,1,nan,nan,1,1.00003,1.00001,1,0
9.625,8.125,1,0.999999,1,1,nan,nan,1,1.00003,1.00001,1,0
9.625,8.375,1,1,1,1,nan,nan,1,1.00003,1.00001,1,0
9.625,8.625,1,1,1,1,nan,nan,1,1.00003,1.00001,1,0
9.625,8.875,1,1,1,1,nan,nan,1,1.00003,1.00001,1,0
9.625,9.125,1,1,1,1,nan,nan,1,1.00003,1.00001,1,0
9.625,9.375,1,1,1,1,nan,nan,1,1.00003,1.00001,1,0
9.625,9.625,1,1,1,1,nan,nan,1,1.00003,1.00001,1,0
9.625,9.875,1,1,1,1,nan,nan,1,1.00003,1.00001,1,0
9.875,0.125,1,1,1,1,nan,nan,1,1.00003,1.00001,1,0
9.875,0.375,1,1,1,1,nan,nan,1,1.00003,1.00001,1,0
9.875,0.625,1,1,1,1,nan,nan,1,1.00003,1.00001,1,0
9.875,0.875,1,1,1,1,nan,nan,1,1.00003,1.00001,1,0
9.875,1.125,1,1,1,1,nan,nan,1,1.00003,1.00001,1,0
9.875,1.375,1,1,1,1,nan,nan,1,1.00003,1.00001,1,0
9.875,1.625,1,1,1,1,nan,nan,1,1.00003,1.00001,1,0
9.875,1.875,1,1,1,1,nan,nan,1,1.00003,1.00001,1,0
9.875,2.125,1,1,1,1,nan,nan,1,1.00003,1.00001,1,0
9.875,2.375,1,1,1,1,nan,nan,1,1.00003,1.00001,1,0
9.875,2.625,1,1,1,1,nan,nan,1,1.00003,1.00001,1,0
9.875,2.875,1,1,1,1,nan,nan,1,1.00003,1.00001,1,0
9.875,3.125,1,1,1.00001,1,nan,nan,1,1.00003,1.00001,1,0
9.875,3.375,1,1,1.00001,1,nan,nan,1,1.00003,1.00001,1,0
9.875,3.625,1,1,1.00002,1,nan,nan,1,1.00003,1.00001,1,0
9.875,3.875,1,1.00001,1.00002,1,nan,nan,1,1.00003,1.00001,1,0
9.875,4.125,1,1.00001,1.00003,1,nan,nan,1,1.00003,1.00001,1,0
9.875,4.375,1,1,1.00004,1,nan,nan,1,1.00003,1.00001,1,0
9.875,4.625,1,1,1.00004,1,nan,nan,1,1.00003,1.00001,1,0
9.875,4.875,1,1,1.00004,1,nan,nan,1,1.00003,1.00001,1,0
9.875,5.125,1,0.999999,1.00004,1,nan,nan,1,1.00003,1.00001,1,0
9.875,5.375,1,0.999997,1.00004,1,nan,nan,1,1.00003,1.00001,1,0
9.875,5.625,1,0.999995,1.00004,1,nan,nan,1,1.00003,1.00001,1,0
9.875,5.875,1,0.999995,1.00003,1,nan,nan,1,1.00003,1.00001,1,0
9.875,6.125,1,0.999995,1.00002,1,nan,nan,1,1.00003,1.00001,1,0
9.875,6.375,1,0.999995,1.00002,1,nan,nan,1,1.00003,1.00001,1,0
9.875,6.625,1,0.999996,1.00001,1,nan,nan,1,1.00003,1.00001,1,0
9.875,6.875,1,0.999997,1.00001,1,nan,nan,1,1.00003,1.00001,1,0
9.875,7.125,1,0.999998,1,1,nan,nan,1,1.00003,1.00001,1,0
9.875,7.375,1,0.999999,1,1,nan,nan,1,1.00003,1.00001,1,0
9.875,7.625,1,0.999999,1,1,nan,nan,1,1.00003,1.00001,1,0
9.875,7.875,1,1,1,1,nan,nan,1,1.00003,1.00001,1,0
9.875,8.125,1,1,1,1,nan,nan,1,1.00003,1.00001,1,0
9.875,8.375,1,1,1,1,nan,nan,1,1.00003,1.00001,1,0
9.875,8.625,1,1,1,1,nan,nan,1,1.00003,1.00001,1,0
9.875,8.875,1,1,1,1,nan,nan,1,1.00003,1.00001,1,0
9.875,9.125,1,1,1,1,nan,nan,1,1.00003,1.00001,1,0
9.875,9.375,1,1,1,1,nan,nan,1,1.00003,1.00001,1,0
9.875,9.625,1,1,1,1,nan,nan,1,1.00003,1.00001,1,0
9.875,9.875,1,1,1,1,nan,nan,1,1.00003,1.00001,1,0
