# vtk DataFile Version 3.0
CFD
ASCII
DATASET UNSTRUCTURED_GRID
POINTS 4158 double
0.00000000e+00 0.00000000e+00 0
4.00000000e+00 0.00000000e+00 0
4.00000000e+00 2.00000000e+00 0
0.00000000e+00 2.00000000e+00 0
1.75000000e+00 1.00000000e+00 0
1.50000000e+00 1.25000000e+00 0
1.25000000e+00 1.00000000e+00 0
1.50000000e+00 7.50000000e-01 0
9.92675350e-02 0.00000000e+00 0
1.98535070e-01 0.00000000e+00 0
2.97802605e-01 0.00000000e+00 0
3.97070140e-01 0.00000000e+00 0
4.96337675e-01 0.00000000e+00 0
5.95605210e-01 0.00000000e+00 0
6.94872745e-01 0.00000000e+00 0
7.93624905e-01 0.00000000e+00 0
8.88216673e-01 0.00000000e+00 0
9.78500533e-01 0.00000000e+00 0
1.06513168e+00 0.00000000e+00 0
1.14873155e+00 0.00000000e+00 0
1.22989315e+00 0.00000000e+00 0
1.30918640e+00 0.00000000e+00 0
1.38716335e+00 0.00000000e+00 0
1.46436332e+00 0.00000000e+00 0
1.54131818e+00 0.00000000e+00 0
1.61855725e+00 0.00000000e+00 0
1.69661277e+00 0.00000000e+00 0
1.77602482e+00 0.00000000e+00 0
1.85734660e+00 0.00000000e+00 0
1.94114957e+00 0.00000000e+00 0
2.02802867e+00 0.00000000e+00 0
2.11860751e+00 0.00000000e+00 0
2.21354408e+00 0.00000000e+00 0
2.31245190e+00 0.00000000e+00 0
2.41171944e+00 0.00000000e+00 0
2.51098697e+00 0.00000000e+00 0
2.61025451e+00 0.00000000e+00 0
2.70952204e+00 0.00000000e+00 0
2.80878958e+00 0.00000000e+00 0
2.90805711e+00 0.00000000e+00 0
3.00732465e+00 0.00000000e+00 0
3.10659218e+00 0.00000000e+00 0
3.20585972e+00 0.00000000e+00 0
3.30512725e+00 0.00000000e+00 0
3.40439479e+00 0.00000000e+00 0
3.50366232e+00 0.00000000e+00 0
3.60292986e+00 0.00000000e+00 0
3.70219739e+00 0.00000000e+00 0
3.80146493e+00 0.00000000e+00 0
3.90073246e+00 0.00000000e+00 0
4.00000000e+00 1.00000000e-01 0
4.00000000e+00 2.00000000e-01 0
4.00000000e+00 3.00000000e-01 0
4.00000000e+00 4.00000000e-01 0
4.00000000e+00 5.00000000e-01 0
4.00000000e+00 6.00000000e-01 0
4.00000000e+00 7.00000000e-01 0
4.00000000e+00 8.00000000e-01 0
4.00000000e+00 9.00000000e-01 0
4.00000000e+00 1.00000000e+00 0
4.00000000e+00 1.10000000e+00 0
4.00000000e+00 1.20000000e+00 0
4.00000000e+00 1.30000000e+00 0
4.00000000e+00 1.40000000e+00 0
4.00000000e+00 1.50000000e+00 0
4.00000000e+00 1.60000000e+00 0
4.00000000e+00 1.70000000e+00 0
4.00000000e+00 1.80000000e+00 0
4.00000000e+00 1.90000000e+00 0
3.90073246e+00 2.00000000e+00 0
3.80146493e+00 2.00000000e+00 0
3.70219739e+00 2.00000000e+00 0
3.60292986e+00 2.00000000e+00 0
3.50366232e+00 2.00000000e+00 0
3.40439479e+00 2.00000000e+00 0
3.30512725e+00 2.00000000e+00 0
3.20585972e+00 2.00000000e+00 0
3.10659218e+00 2.00000000e+00 0
3.00732465e+00 2.00000000e+00 0
2.90805711e+00 2.00000000e+00 0
2.80878958e+00 2.00000000e+00 0
2.70952204e+00 2.00000000e+00 0
2.61025451e+00 2.00000000e+00 0
2.51098697e+00 2.00000000e+00 0
2.41171944e+00 2.00000000e+00 0
2.31245190e+00 2.00000000e+00 0
2.21354408e+00 2.00000000e+00 0
2.11860751e+00 2.00000000e+00 0
2.02802867e+00 2.00000000e+00 0
1.94114957e+00 2.00000000e+00 0
1.85734660e+00 2.00000000e+00 0
1.77602482e+00 2.00000000e+00 0
1.69661277e+00 2.00000000e+00 0
1.61855725e+00 2.00000000e+00 0
1.54131818e+00 2.00000000e+00 0
1.46436332e+00 2.00000000e+00 0
1.38716335e+00 2.00000000e+00 0
1.30918640e+00 2.00000000e+00 0
1.22989315e+00 2.00000000e+00 0
1.14873155e+00 2.00000000e+00 0
1.06513168e+00 2.00000000e+00 0
9.78500533e-01 2.00000000e+00 0
8.88216673e-01 2.00000000e+00 0
7.93624905e-01 2.00000000e+00 0
6.94872745e-01 2.00000000e+00 0
5.95605210e-01 2.00000000e+00 0
4.96337675e-01 2.00000000e+00 0
3.97070140e-01 2.00000000e+00 0
2.97802605e-01 2.00000000e+00 0
1.98535070e-01 2.00000000e+00 0
9.92675350e-02 2.00000000e+00 0
0.00000000e+00 1.90000000e+00 0
0.00000000e+00 1.80000000e+00 0
0.00000000e+00 1.70000000e+00 0
0.00000000e+00 1.60000000e+00 0
0.00000000e+00 1.50000000e+00 0
0.00000000e+00 1.40000000e+00 0
0.00000000e+00 1.30000000e+00 0
0.00000000e+00 1.20000000e+00 0
0.00000000e+00 1.10000000e+00 0
0.00000000e+00 1.00000000e+00 0
0.00000000e+00 9.00000000e-01 0
0.00000000e+00 8.00000000e-01 0
0.00000000e+00 7.00000000e-01 0
0.00000000e+00 6.00000000e-01 0
0.00000000e+00 5.00000000e-01 0
0.00000000e+00 4.00000000e-01 0
0.00000000e+00 3.00000000e-01 0
0.00000000e+00 2.00000000e-01 0
0.00000000e+00 1.00000000e-01 0
1.74980726e+00 1.00981495e+00 0
1.74922933e+00 1.01961477e+00 0
1.74826711e+00 1.02938435e+00 0
1.74692209e+00 1.03910862e+00 0
1.74519632e+00 1.04877258e+00 0
1.74309248e+00 1.05836134e+00 0
1.74061381e+00 1.06786011e+00 0
1.73776413e+00 1.07725425e+00 0
1.73454783e+00 1.08652926e+00 0
1.73096988e+00 1.09567086e+00 0
1.72703579e+00 1.10466493e+00 0
1.72275163e+00 1.11349763e+00 0
1.71812400e+00 1.12215531e+00 0
1.71316004e+00 1.13062464e+00 0
1.70786740e+00 1.13889256e+00 0
1.70225425e+00 1.14694631e+00 0
1.69632923e+00 1.15477349e+00 0
1.69010149e+00 1.16236201e+00 0
1.68358063e+00 1.16970019e+00 0
1.67677670e+00 1.17677670e+00 0
1.66970019e+00 1.18358063e+00 0
1.66236201e+00 1.19010149e+00 0
1.65477349e+00 1.19632923e+00 0
1.64694631e+00 1.20225425e+00 0
1.63889256e+00 1.20786740e+00 0
1.63062464e+00 1.21316004e+00 0
1.62215531e+00 1.21812400e+00 0
1.61349762e+00 1.22275163e+00 0
1.60466493e+00 1.22703579e+00 0
1.59567086e+00 1.23096988e+00 0
1.58652926e+00 1.23454783e+00 0
1.57725425e+00 1.23776413e+00 0
1.56786011e+00 1.24061381e+00 0
1.55836134e+00 1.24309248e+00 0
1.54877258e+00 1.24519632e+00 0
1.53910862e+00 1.24692209e+00 0
1.52938435e+00 1.24826711e+00 0
1.51961477e+00 1.24922933e+00 0
1.50981495e+00 1.24980726e+00 0
1.49018505e+00 1.24980726e+00 0
1.48038523e+00 1.24922933e+00 0
1.47061565e+00 1.24826711e+00 0
1.46089138e+00 1.24692209e+00 0
1.45122742e+00 1.24519632e+00 0
1.44163866e+00 1.24309248e+00 0
1.43213989e+00 1.24061381e+00 0
1.42274575e+00 1.23776413e+00 0
1.41347074e+00 1.23454783e+00 0
1.40432914e+00 1.23096988e+00 0
1.39533507e+00 1.22703579e+00 0
1.38650237e+00 1.22275163e+00 0
1.37784469e+00 1.21812400e+00 0
1.36937536e+00 1.21316004e+00 0
1.36110744e+00 1.20786740e+00 0
1.35305369e+00 1.20225425e+00 0
1.34522651e+00 1.19632923e+00 0
1.33763799e+00 1.19010149e+00 0
1.33029981e+00 1.18358063e+00 0
1.32322330e+00 1.17677670e+00 0
1.31641937e+00 1.16970019e+00 0
1.30989851e+00 1.16236201e+00 0
1.30367077e+00 1.15477349e+00 0
1.29774575e+00 1.14694631e+00 0
1.29213260e+00 1.13889256e+00 0
1.28683996e+00 1.13062464e+00 0
1.28187600e+00 1.12215531e+00 0
1.27724837e+00 1.11349762e+00 0
1.27296421e+00 1.10466493e+00 0
1.26903012e+00 1.09567086e+00 0
1.26545217e+00 1.08652926e+00 0
1.26223587e+00 1.07725425e+00 0
1.25938619e+00 1.06786011e+00 0
1.25690752e+00 1.05836134e+00 0
1.25480368e+00 1.04877258e+00 0
1.25307791e+00 1.03910862e+00 0
1.25173289e+00 1.02938435e+00 0
1.25077067e+00 1.01961477e+00 0
1.25019274e+00 1.00981495e+00 0
1.25019274e+00 9.90185046e-01 0
1.25077067e+00 9.80385226e-01 0
1.25173289e+00 9.70615651e-01 0
1.25307791e+00 9.60891384e-01 0
1.25480368e+00 9.51227420e-01 0
1.25690752e+00 9.41638659e-01 0
1.25938619e+00 9.32139888e-01 0
1.26223587e+00 9.22745751e-01 0
1.26545217e+00 9.13470736e-01 0
1.26903012e+00 9.04329142e-01 0
1.27296421e+00 8.95335066e-01 0
1.27724837e+00 8.86502375e-01 0
1.28187600e+00 8.77844690e-01 0
1.28683996e+00 8.69375359e-01 0
1.29213260e+00 8.61107442e-01 0
1.29774575e+00 8.53053687e-01 0
1.30367077e+00 8.45226513e-01 0
1.30989851e+00 8.37637988e-01 0
1.31641937e+00 8.30299813e-01 0
1.32322330e+00 8.23223305e-01 0
1.33029981e+00 8.16419372e-01 0
1.33763799e+00 8.09898508e-01 0
1.34522651e+00 8.03670767e-01 0
1.35305369e+00 7.97745751e-01 0
1.36110744e+00 7.92132597e-01 0
1.36937536e+00 7.86839959e-01 0
1.37784469e+00 7.81875998e-01 0
1.38650238e+00 7.77248369e-01 0
1.39533507e+00 7.72964206e-01 0
1.40432914e+00 7.69030117e-01 0
1.41347074e+00 7.65452166e-01 0
1.42274575e+00 7.62235871e-01 0
1.43213989e+00 7.59386191e-01 0
1.44163866e+00 7.56907520e-01 0
1.45122742e+00 7.54803680e-01 0
1.46089138e+00 7.53077915e-01 0
1.47061565e+00 7.51732886e-01 0
1.48038523e+00 7.50770667e-01 0
1.49018505e+00 7.50192741e-01 0
1.50981495e+00 7.50192741e-01 0
1.51961477e+00 7.50770667e-01 0
1.52938435e+00 7.51732886e-01 0
1.53910862e+00 7.53077915e-01 0
1.54877258e+00 7.54803680e-01 0
1.55836134e+00 7.56907520e-01 0
1.56786011e+00 7.59386191e-01 0
1.57725425e+00 7.62235871e-01 0
1.58652926e+00 7.65452166e-01 0
1.59567086e+00 7.69030117e-01 0
1.60466493e+00 7.72964207e-01 0
1.61349763e+00 7.77248369e-01 0
1.62215531e+00 7.81875998e-01 0
1.63062464e+00 7.86839959e-01 0
1.63889256e+00 7.92132597e-01 0
1.64694631e+00 7.97745752e-01 0
1.65477349e+00 8.03670768e-01 0
1.66236201e+00 8.09898509e-01 0
1.66970019e+00 8.16419373e-01 0
1.67677670e+00 8.23223305e-01 0
1.68358063e+00 8.30299814e-01 0
1.69010149e+00 8.37637988e-01 0
1.69632923e+00 8.45226513e-01 0
1.70225425e+00 8.53053687e-01 0
1.70786740e+00 8.61107442e-01 0
1.71316004e+00 8.69375359e-01 0
1.71812400e+00 8.77844690e-01 0
1.72275163e+00 8.86502375e-01 0
1.72703579e+00 8.95335066e-01 0
1.73096988e+00 9.04329142e-01 0
1.73454783e+00 9.13470736e-01 0
1.73776413e+00 9.22745752e-01 0
1.74061381e+00 9.32139888e-01 0
1.74309248e+00 9.41638659e-01 0
1.74519632e+00 9.51227420e-01 0
1.74692209e+00 9.60891384e-01 0
1.74826711e+00 9.70615651e-01 0
1.74922933e+00 9.80385226e-01 0
1.74980726e+00 9.90185046e-01 0
2.74089825e+00 9.62487445e-01 0
6.64357744e-01 1.33040386e+00 0
6.88385772e-01 7.19554195e-01 0
1.05423388e+00 4.56832414e-01 0
1.05481807e+00 1.54245575e+00 0
2.25565366e+00 6.00247040e-01 0
2.21906885e+00 1.07082210e+00 0
2.02236936e+00 1.50382037e+00 0
1.65907209e+00 1.60623192e+00 0
1.41590778e+00 3.87326167e-01 0
1.80335543e+00 4.32809189e-01 0
8.96085738e-01 1.00658469e+00 0
1.02814727e+00 7.69840349e-01 0
1.03493764e+00 1.24858101e+00 0
1.94373562e+00 6.87526720e-01 0
1.38205779e+00 1.52857184e+00 0
1.99129510e+00 9.32045654e-01 0
1.97096732e+00 1.18095337e+00 0
1.82367253e+00 1.36129348e+00 0
1.21431177e+00 1.37245254e+00 0
1.19780193e+00 6.36291216e-01 0
1.64215309e+00 1.40993507e+00 0
1.37316890e+00 5.84978033e-01 0
1.58200481e+00 5.49697608e-01 0
1.75457994e+00 6.34068039e-01 0
1.07820818e+00 1.07532246e+00 0
1.48865368e+00 1.40119606e+00 0
1.10798439e+00 9.29994894e-01 0
1.16612731e+00 8.09405528e-01 0
1.35962637e+00 1.36111512e+00 0
1.81149668e+00 7.62910094e-01 0
1.16471150e+00 1.18015216e+00 0
1.85079046e+00 8.82426292e-01 0
1.86365186e+00 9.89606905e-01 0
1.84890973e+00 1.10656793e+00 0
1.79696712e+00 1.20660293e+00 0
1.71988387e+00 1.28723848e+00 0
2.54823898e+00 1.48503553e+00 0
1.28459671e+00 1.28455605e+00 0
1.25278287e+00 7.42878941e-01 0
1.47856304e+00 6.36969991e-01 0
1.63496003e+00 6.55179800e-01 0
1.33551004e+00 6.94377943e-01 0
3.32724193e+00 1.29353648e+00 0
1.72004034e+00 7.31880074e-01 0
3.30300405e+00 6.58672461e-01 0
1.63278912e+00 1.30852311e+00 0
1.24172348e+00 1.21196207e+00 0
1.15843164e+00 1.00670754e+00 0
1.18138900e+00 1.08344041e+00 0
1.55772131e+00 1.32322862e+00 0
5.64108285e-01 1.02425693e+00 0
1.43920562e+00 1.32983994e+00 0
1.18341106e+00 8.90216525e-01 0
1.55822235e+00 6.75286176e-01 0
1.41745780e+00 6.83681487e-01 0
2.71864108e+00 4.90101258e-01 0
1.24603652e+00 4.58331088e-01 0
1.74752404e+00 7.95368010e-01 0
1.38245330e+00 1.29268163e+00 0
1.22711896e+00 8.40061653e-01 0
1.22142207e+00 1.14849909e+00 0
2.17758342e+00 1.31095104e+00 0
1.62043493e+00 3.49265205e-01 0
1.81556529e+00 9.45302382e-01 0
1.81635842e+00 1.04375767e+00 0
1.78616993e+00 1.13753504e+00 0
1.73091811e+00 1.21944517e+00 0
1.77583449e+00 8.52722688e-01 0
7.01612401e-01 3.56931849e-01 0
2.04382391e+00 4.67188487e-01 0
1.64846453e+00 7.20568024e-01 0
1.96026593e+00 1.06460679e+00 0
7.35601036e-01 1.66168577e+00 0
2.20515966e+00 8.29269299e-01 0
3.51285397e-01 5.31108785e-01 0
1.19304457e+00 9.57542919e-01 0
1.22546839e+00 1.73828254e+00 0
1.46591862e+00 1.74789568e+00 0
3.66975206e-01 1.55832006e+00 0
1.66594002e+00 1.25922391e+00 0
1.49274929e+00 1.30763728e+00 0
1.31215445e+00 7.52202150e-01 0
8.77048710e-01 5.98422951e-01 0
3.31651162e-01 1.25251368e+00 0
1.46432943e+00 5.27420905e-01 0
1.50532881e+00 6.94013118e-01 0
1.89035809e+00 1.74287549e+00 0
8.69207249e-01 1.41387121e+00 0
8.43723383e-01 1.22043849e+00 0
2.96581546e+00 1.56939189e+00 0
1.76073702e+00 1.50420494e+00 0
1.16744824e+00 1.28640685e+00 0
1.80251235e+00 9.93380553e-01 0
1.29763512e+00 1.22836475e+00 0
1.78929746e+00 1.08759283e+00 0
1.74574057e+00 1.17201484e+00 0
1.26882486e+00 7.95853034e-01 0
1.59962282e+00 7.15643572e-01 0
1.34631474e+00 1.25946327e+00 0
1.55600807e+00 1.52191012e+00 0
1.22350195e+00 1.54621370e+00 0
2.50000376e+00 7.60390601e-01 0
3.57467948e+00 9.85275291e-01 0
1.78308269e+00 9.03484809e-01 0
8.41797165e-01 8.26018068e-01 0
1.24112658e+00 2.21107827e-01 0
1.98058499e+00 1.34468147e+00 0
9.75981735e-01 8.87537220e-01 0
1.95618984e+00 8.16576250e-01 0
1.06840704e+00 1.39442546e+00 0
2.29901074e+00 2.82893430e-01 0
1.04560941e+00 6.13875391e-01 0
2.42056337e+00 1.23661947e+00 0
2.27776822e+00 1.54676555e+00 0
1.37736651e+00 7.26628373e-01 0
4.16943550e-01 7.86975188e-01 0
1.87906544e+00 5.60713037e-01 0
3.60004959e+00 1.60005996e+00 0
3.58927867e+00 4.11981238e-01 0
1.67814409e+00 5.66492555e-01 0
1.20589929e+00 1.04042795e+00 0
1.94579140e+00 2.48664113e-01 0
1.58765153e+00 1.28337028e+00 0
1.46019981e+00 7.08188028e-01 0
3.11691441e+00 9.95770865e-01 0
1.69867978e+00 7.76418154e-01 0
1.29147865e+00 1.45078245e+00 0
1.11495208e+00 7.04964686e-01 0
2.08787895e+00 7.38597658e-01 0
1.89142599e+00 1.27368369e+00 0
9.54614755e-01 1.13648814e+00 0
3.07400468e+00 3.68552064e-01 0
1.42554060e+00 1.28346756e+00 0
2.07953025e+00 1.11416618e+00 0
1.02491553e+00 9.88372176e-01 0
1.28943601e+00 6.20854600e-01 0
1.23189195e+00 8.82845176e-01 0
1.26089974e+00 1.16665050e+00 0
1.22878414e+00 1.10477793e+00 0
1.47989071e+00 1.99197408e-01 0
1.00126949e+00 1.76866088e+00 0
2.11613716e+00 1.70591644e+00 0
1.72939233e+00 1.38179063e+00 0
1.88090950e+00 1.18394293e+00 0
1.01650304e+00 2.29837870e-01 0
1.20945335e+00 9.97169529e-01 0
1.22114416e+00 9.24477514e-01 0
1.84658938e+00 6.71305439e-01 0
2.44198103e+00 1.00470319e+00 0
1.68333948e+00 1.22285907e+00 0
1.62340306e+00 1.26268780e+00 0
1.52888951e+00 1.28840909e+00 0
1.12061662e+00 8.60363721e-01 0
1.42160939e+00 1.40068524e+00 0
7.23028940e-01 9.61871054e-01 0
1.56760312e+00 1.39806767e+00 0
1.64726293e+00 1.79714196e+00 0
2.79815187e+00 1.29308046e+00 0
1.53915769e+00 7.14600862e-01 0
3.27514924e+00 1.66165295e+00 0
1.77298118e+00 2.62428901e-01 0
1.69227347e+00 6.77537907e-01 0
1.33393179e+00 1.30979551e+00 0
2.97723598e+00 6.93334182e-01 0
1.73743939e+00 8.35559776e-01 0
1.41664620e+00 7.25219347e-01 0
1.35484318e+00 7.53367839e-01 0
1.89301711e+00 1.46910028e+00 0
1.07175889e+00 1.16574437e+00 0
1.79802133e+00 1.28296147e+00 0
1.91347125e+00 9.31331608e-01 0
1.54975084e+00 4.40902715e-01 0
3.19944430e-01 1.00636258e+00 0
1.66373792e+00 7.65068808e-01 0
3.68587403e+00 1.28497690e+00 0
2.11931136e+00 9.82750014e-01 0
1.64521836e+00 4.70724905e-01 0
1.54180143e+00 6.07093749e-01 0
1.87610694e+00 1.05213171e+00 0
1.26477937e+00 8.35525571e-01 0
1.37064647e+00 4.82774578e-01 0
1.77938431e+00 5.36791337e-01 0
1.46101219e+00 1.28187339e+00 0
1.28733577e+00 1.18897814e+00 0
1.22548454e+00 1.07063464e+00 0
1.47683298e+00 1.61267010e+00 0
1.12628564e+00 1.12303934e+00 0
1.87710348e+00 8.05924905e-01 0
3.68861028e+00 7.01989680e-01 0
1.70395303e+00 1.19689013e+00 0
1.71323913e+00 8.11440637e-01 0
4.60031601e-01 2.63828413e-01 0
1.21889692e+00 7.82839093e-01 0
2.47129800e+00 4.95166725e-01 0
1.18646348e+00 7.24114086e-01 0
1.45458617e+00 1.47595420e+00 0
1.34708832e+00 1.66067454e+00 0
2.06919521e+00 8.47937482e-01 0
1.78306204e+00 9.60847776e-01 0
2.06016537e+00 6.02087602e-01 0
1.27059664e+00 6.81807680e-01 0
2.48867584e+00 1.73448511e+00 0
1.78014383e+00 1.05013831e+00 0
1.76075134e+00 1.11393720e+00 0
1.28770463e+00 1.36529612e+00 0
1.31210758e+00 7.87288003e-01 0
1.15161541e+00 3.40900697e-01 0
8.74574792e-01 4.19088023e-01 0
6.71900379e-01 1.15167959e+00 0
5.85691212e-01 5.22584029e-01 0
1.14958070e+00 5.28548363e-01 0
1.78266053e+00 7.00225777e-01 0
1.62226316e+00 7.43302754e-01 0
1.38735668e+00 1.26096013e+00 0
1.79571570e+00 1.63957640e+00 0
1.93511526e+00 9.93829322e-01 0
2.06579461e+00 1.25633131e+00 0
1.60655502e+00 1.35603022e+00 0
1.91718981e+00 1.12475868e+00 0
1.32890099e+00 1.22456052e+00 0
1.66154239e+00 1.51034150e+00 0
3.34427329e+00 2.80720370e-01 0
1.37154318e+00 6.47033784e-01 0
1.09302152e+00 9.98056315e-01 0
1.42378031e+00 6.28673977e-01 0
1.15125877e+00 1.45798626e+00 0
1.63516632e+00 1.90346153e-01 0
5.80251303e-01 1.52277392e+00 0
5.21401788e-01 1.74239524e+00 0
8.88709191e-01 1.58684782e+00 0
1.92805436e+00 1.60136204e+00 0
1.22796847e+00 1.26811445e+00 0
5.99248742e-01 8.57440166e-01 0
2.76261611e+00 1.73977503e+00 0
1.25235966e+00 1.13370783e+00 0
1.51668328e+00 1.35501910e+00 0
1.31127495e+00 5.37255169e-01 0
1.23001319e+00 5.60480483e-01 0
1.75256939e+00 8.77731858e-01 0
1.13099401e+00 1.05705604e+00 0
1.68674322e+00 1.34363278e+00 0
1.05007254e+00 8.82525932e-01 0
9.12187677e-01 7.17949148e-01 0
2.53817067e+00 2.40173085e-01 0
1.82588947e+00 8.27670328e-01 0
1.77995419e+00 1.01836491e+00 0
2.01585922e+00 1.00798634e+00 0
1.74173759e+00 1.14383798e+00 0
1.10746540e+00 1.23853202e+00 0
1.18914540e+00 1.22560181e+00 0
1.57075372e+00 7.28857335e-01 0
1.87450478e+00 7.32094679e-01 0
9.65227003e-01 1.34008029e+00 0
3.06353856e+00 1.25042125e+00 0
2.33803803e+00 1.38955098e+00 0
1.77130324e+00 9.29060008e-01 0
7.82719060e-01 1.09026546e+00 0
1.17535492e+00 1.13349927e+00 0
1.09093542e+00 7.88920948e-01 0
1.13757663e+00 1.64501554e+00 0
1.92265980e+00 4.46971031e-01 0
2.10194108e+00 2.97457069e-01 0
2.84898841e+00 2.53912365e-01 0
9.99513619e-01 1.06921876e+00 0
1.55915148e+00 1.27251671e+00 0
1.35608919e+00 1.43487898e+00 0
1.29276178e+00 3.47832938e-01 0
2.33413242e-01 3.25122994e-01 0
2.73873637e+00 7.26819879e-01 0
1.22292411e+00 9.61675761e-01 0
1.48275414e+00 7.22639233e-01 0
2.21755306e-01 6.79808712e-01 0
2.20557410e+00 4.41524777e-01 0
1.09550465e+00 1.31994054e+00 0
1.58717122e+00 6.31428349e-01 0
5.14866795e-01 1.22775899e+00 0
1.83181364e+00 1.16733230e+00 0
1.52271960e+00 6.55431897e-01 0
1.14195280e+00 9.61415837e-01 0
1.76464784e+00 7.51252026e-01 0
2.29703355e+00 9.39505443e-01 0
2.34200253e+00 7.36651148e-01 0
1.91821959e+00 8.65442305e-01 0
1.56941868e+00 1.69008610e+00 0
8.53904475e-01 2.30937316e-01 0
1.65023701e+00 1.23469340e+00 0
1.51096900e+00 3.31700904e-01 0
1.49445733e+00 1.27783835e+00 0
2.28448716e+00 1.20694182e+00 0
2.17441996e+00 1.47191075e+00 0
2.34285765e-01 1.76597073e+00 0
7.15701610e-01 1.47547225e+00 0
3.35857398e+00 9.15645979e-01 0
1.34490430e+00 1.84374373e+00 0
1.53123967e+00 1.45733642e+00 0
9.30165820e-01 1.23287674e+00 0
7.28188860e-01 5.72533895e-01 0
1.59967374e+00 1.45543873e+00 0
1.29262218e+00 8.15667827e-01 0
1.45873010e+00 5.80783017e-01 0
1.70398718e+00 1.45241522e+00 0
1.25600016e+00 8.70273424e-01 0
1.76081589e+00 1.33346920e+00 0
2.14520795e-01 1.42639998e+00 0
2.16665489e+00 1.19823092e+00 0
9.39762056e-01 8.09793286e-01 0
1.24356240e+00 1.32493678e+00 0
1.18215640e+00 8.43948364e-01 0
2.59224837e+00 1.10318660e+00 0
1.86680579e+00 9.41151482e-01 0
1.39529973e+00 1.33869101e+00 0
9.70368435e-01 1.45686684e+00 0
1.63328153e+00 5.97420683e-01 0
1.78673133e+00 8.12270210e-01 0
1.89308583e+00 1.34270046e+00 0
1.70327008e+00 3.89095326e-01 0
4.38575699e-01 1.41525280e+00 0
1.72032173e+00 1.16479154e+00 0
1.23935119e+00 9.09614870e-01 0
1.22460301e+00 1.01624101e+00 0
1.33624264e+00 7.74152362e-01 0
1.81090238e+00 8.77669369e-01 0
3.75428033e+00 1.76732916e+00 0
1.67912568e+00 6.25136543e-01 0
1.60156415e+00 1.25718780e+00 0
1.31109155e+00 1.20423121e+00 0
3.76800631e+00 2.31753980e-01 0
1.79466646e+00 1.42715430e+00 0
1.97204326e+00 1.26670668e+00 0
1.59784457e+00 6.76908402e-01 0
3.07243222e+00 1.77285196e+00 0
1.51602096e+00 7.25730111e-01 0
9.65800492e-01 5.33003077e-01 0
1.20515000e+00 1.18900170e+00 0
1.77089792e+00 1.24911076e+00 0
7.06344859e-01 8.36637519e-01 0
1.70352792e+00 1.25569381e+00 0
1.12820155e+00 6.29741217e-01 0
8.76196232e-01 9.13677205e-01 0
1.84594995e+00 1.24946431e+00 0
1.45255610e+00 6.66545533e-01 0
1.38009058e+00 7.52781819e-01 0
1.44093435e+00 7.29569798e-01 0
1.39490954e+00 2.66708519e-01 0
1.35089610e+00 1.38220275e-01 0
5.30982916e-01 6.78414464e-01 0
1.68343129e+00 7.34126299e-01 0
1.16760446e+00 9.25242056e-01 0
1.67659710e+00 7.85866111e-01 0
1.76437393e+00 1.07990008e+00 0
1.31557201e+00 1.25500734e+00 0
2.76784715e+00 1.49700327e+00 0
7.89697939e-01 1.31855514e+00 0
8.23299894e-01 1.81630851e+00 0
1.15208015e+00 1.35058495e+00 0
1.77315501e+00 9.83963795e-01 0
1.47821883e+00 1.34379254e+00 0
1.87078596e+00 3.28217427e-01 0
2.29627832e+00 1.74023292e+00 0
1.67385370e+00 1.30027486e+00 0
1.30171050e+00 1.53376916e+00 0
3.77594874e+00 1.08556296e+00 0
3.16155225e+00 1.48297910e+00 0
1.82032104e+00 6.00548014e-01 0
1.35983251e+00 1.23650115e+00 0
7.96703896e-01 7.22214248e-01 0
2.08319383e+00 1.35837748e+00 0
2.20511202e+00 7.10443664e-01 0
1.81502577e+00 9.08162050e-01 0
3.47522670e+00 1.78184710e+00 0
1.23118441e+00 1.04913013e+00 0
1.63757070e+00 7.65420804e-01 0
1.59888691e+00 7.47845708e-01 0
1.25972771e+00 1.24577350e+00 0
1.40916164e+00 1.25934113e+00 0
2.00886513e+00 1.12854578e+00 0
2.92542785e+00 1.11261768e+00 0
1.79888951e+00 1.84887372e+00 0
1.96129029e+00 5.98628271e-01 0
1.30285711e+00 7.15344865e-01 0
2.02143730e+00 1.84171951e+00 0
3.40970432e+00 1.09217212e+00 0
2.00472410e+00 7.49382406e-01 0
1.84668832e+00 1.56146699e+00 0
1.03735083e+00 6.92100883e-01 0
1.37615285e+00 6.86428475e-01 0
1.71241863e+00 4.92240775e-01 0
3.77649004e+00 1.48053916e+00 0
2.57635341e+00 1.29341270e+00 0
1.52448820e+00 1.31976702e+00 0
9.64282048e-01 6.47615533e-01 0
1.12685768e+00 1.85671763e+00 0
1.75326491e+00 8.99567536e-01 0
1.73610584e+00 8.62287165e-01 0
1.24448831e+00 8.08689065e-01 0
1.76891179e-01 1.14825848e+00 0
1.52056531e+00 5.48366551e-01 0
1.41312366e+00 5.42739291e-01 0
1.22982093e+00 6.99732800e-01 0
1.28265097e+00 7.67344337e-01 0
1.73589909e+00 6.87460079e-01 0
2.34771372e+00 1.10598605e+00 0
1.71420994e+00 1.71095514e+00 0
6.74640414e-01 1.80442681e-01 0
3.51022950e+00 5.98420767e-01 0
1.73211637e+00 7.65063090e-01 0
1.82413705e-01 8.73779756e-01 0
1.83382731e+00 1.01070747e+00 0
1.83278479e+00 9.77279578e-01 0
3.78676523e+00 5.02663549e-01 0
1.16868061e+00 1.04682842e+00 0
1.22310825e+00 1.44741840e+00 0
3.41813551e+00 1.50263085e+00 0
1.03263262e+00 1.11563891e+00 0
1.81308180e+00 1.11405837e+00 0
1.82200925e+00 1.07970518e+00 0
1.53186224e+00 1.86410913e+00 0
1.76095737e+00 1.20750191e+00 0
1.77966569e+00 1.17562505e+00 0
1.99979863e+00 3.70139620e-01 0
1.32449926e+00 6.48728996e-01 0
8.71509810e-01 1.10058038e+00 0
1.62727784e+00 6.96098768e-01 0
1.13935106e+00 7.54532441e-01 0
3.78877229e+00 8.46698059e-01 0
1.13838625e+00 8.94939515e-01 0
1.59374754e+00 1.32152161e+00 0
1.46771980e+00 4.45958487e-01 0
2.90603616e+00 9.07466907e-01 0
1.33493394e+00 7.27826178e-01 0
3.52963495e+00 2.07197773e-01 0
1.84859952e+00 1.40456922e-01 0
1.44248624e+00 1.26689587e+00 0
2.07865419e+00 1.47193605e-01 0
1.49140612e+00 1.54443794e+00 0
9.84718603e-01 3.50729281e-01 0
1.00811276e+00 1.18629241e+00 0
1.15540307e+00 4.35188224e-01 0
1.26962735e+00 1.14509165e+00 0
1.25044655e+00 1.10915692e+00 0
1.90089063e-01 4.83592221e-01 0
1.57882063e+00 1.25948171e+00 0
1.64438990e+00 1.34905922e+00 0
4.71547248e-01 9.21511838e-01 0
4.47183793e-01 1.10419735e+00 0
2.12105029e+00 1.57970577e+00 0
1.97942588e+00 8.68424464e-01 0
1.39960774e+00 7.48119364e-01 0
1.46273935e+00 7.34265613e-01 0
1.26404459e+00 1.61236478e+00 0
9.54580053e-01 9.67904359e-01 0
1.13474040e+00 1.43106176e-01 0
1.68710434e+00 8.04524034e-01 0
3.25353902e+00 4.84151978e-01 0
3.51028876e+00 7.90532231e-01 0
3.13048892e+00 8.04093779e-01 0
2.13596973e+00 8.97246005e-01 0
1.28320016e+00 1.16191385e+00 0
1.24582839e+00 1.08996766e+00 0
1.05265803e+00 9.40442869e-01 0
1.56214693e+00 1.60365604e+00 0
1.84882781e+00 1.30948493e+00 0
2.92141012e+00 5.02221553e-01 0
2.59266623e+00 6.14149256e-01 0
1.44803395e+00 1.37098308e+00 0
9.79438787e-01 1.64845156e+00 0
2.38288583e+00 5.98445514e-01 0
3.15709644e+00 1.80379666e-01 0
1.18776254e+00 1.01535244e+00 0
2.03329209e+00 1.18434435e+00 0
1.92536183e+00 1.22349722e+00 0
1.23551209e+00 9.42463539e-01 0
1.22982450e+00 9.83583550e-01 0
1.57449232e+00 7.01910083e-01 0
2.41127695e+00 8.61437106e-01 0
1.92053758e+00 7.69517590e-01 0
8.79013493e-01 1.31365255e+00 0
2.06769484e+00 9.22964727e-01 0
1.46462726e+00 1.31241673e+00 0
6.76881241e-01 1.05070320e+00 0
1.29377460e+00 1.32604157e+00 0
2.13453824e+00 5.31022215e-01 0
1.18260403e+00 9.88081513e-01 0
1.94586064e+00 1.40669781e+00 0
1.67992701e+00 1.20247865e+00 0
1.66334536e+00 1.21578551e+00 0
1.62876472e+00 1.23792864e+00 0
1.53617619e+00 1.26647451e+00 0
1.51593261e+00 1.27016748e+00 0
1.41089202e+00 1.44370928e+00 0
1.86814044e+00 1.14395743e+00 0
1.25158394e+00 8.91462552e-01 0
1.27249872e+00 1.21267185e+00 0
1.71383965e+00 8.37246842e-01 0
1.71494445e+00 1.55928210e+00 0
2.20074647e+00 9.66694526e-01 0
1.72870430e+00 1.18902725e+00 0
2.57124937e+00 9.18500240e-01 0
1.54972307e+00 1.36027578e+00 0
1.31743572e+00 4.21506962e-01 0
1.50045788e+00 6.03176633e-01 0
1.15991143e+00 6.72736166e-01 0
6.76290122e-01 1.80932001e+00 0
1.01212245e+00 8.36436918e-01 0
1.95870664e-01 1.60338217e+00 0
2.17813161e+00 1.86123708e+00 0
1.47826226e+00 6.82759867e-01 0
1.82909637e+00 7.17754898e-01 0
1.05457353e+00 1.02947345e+00 0
5.58267443e-01 3.79894845e-01 0
1.41219473e+00 1.30976129e+00 0
1.54703841e+00 7.32428705e-01 0
1.21544122e+00 9.02352232e-01 0
1.07468402e+00 8.41313105e-01 0
1.73677466e+00 1.25517522e+00 0
1.65957727e+00 6.88854064e-01 0
1.20712310e+00 8.63913589e-01 0
1.36446231e+00 1.31829960e+00 0
1.61520245e+00 1.28701164e+00 0
8.14742654e-01 9.76549839e-01 0
1.54797672e+00 4.97174247e-01 0
1.64670559e+00 1.28138777e+00 0
1.73823916e+00 5.78893571e-01 0
1.43112622e+00 7.09268948e-01 0
1.20304262e+00 8.17281656e-01 0
1.18307964e+00 7.66829462e-01 0
3.21571762e+00 1.15382441e+00 0
1.89455397e+00 9.66675911e-01 0
1.32530505e+00 1.38988124e+00 0
1.13681159e+00 1.54542702e+00 0
3.50121803e+00 1.34732143e+00 0
1.35400206e+00 1.29031031e+00 0
2.13179335e+00 6.64002870e-01 0
2.32366598e+00 4.86642767e-01 0
1.19671574e+00 1.11011834e+00 0
1.28529390e+00 8.36756988e-01 0
1.27436789e+00 8.54771072e-01 0
1.85409366e+00 1.41526767e+00 0
1.11604203e+00 1.16848129e+00 0
1.63489756e+00 5.25379617e-01 0
1.90350843e+00 6.34415460e-01 0
1.39944470e+00 1.60068848e+00 0
1.88693177e+00 1.09235421e+00 0
1.57097055e+00 2.62387384e-01 0
1.99613052e+00 1.69832987e+00 0
1.90036877e+00 1.01899926e+00 0
2.01817502e+00 6.75374044e-01 0
1.68303052e+00 1.38682962e+00 0
3.24077553e-01 1.83803006e-01 0
1.21585931e+00 7.47884132e-01 0
1.05974889e+00 5.39791681e-01 0
2.97216104e+00 1.39282377e+00 0
2.23261727e+00 1.62773239e-01 0
3.09541803e+00 5.56233276e-01 0
1.79596178e+00 9.25230505e-01 0
1.53274207e+00 6.87385480e-01 0
8.73244213e-01 1.70600519e+00 0
2.07794740e+00 1.04426654e+00 0
1.83888498e+00 1.20658527e+00 0
1.75509171e+00 1.28578131e+00 0
1.14485781e+00 1.09060977e+00 0
1.23080668e+00 1.17809530e+00 0
1.55277117e+00 1.29617557e+00 0
1.12410974e+00 1.02161018e+00 0
7.37580801e-01 1.22729879e+00 0
8.21280713e-01 5.15605796e-01 0
1.76489146e+00 9.51944216e-01 0
1.84099071e+00 4.97793202e-01 0
2.90248463e+00 1.82291865e+00 0
1.40153298e+00 7.03837268e-01 0
1.94045265e+00 5.24859599e-01 0
1.53016387e+00 1.38888023e+00 0
1.80064666e+00 6.50903797e-01 0
1.76779701e+00 1.03807862e+00 0
1.76280185e+00 1.05766053e+00 0
2.61321729e+00 1.63327030e+00 0
1.74181772e+00 1.11806093e+00 0
1.75052470e+00 1.09805348e+00 0
1.55309997e+00 6.40572962e-01 0
1.45568629e+00 1.42950312e+00 0
1.80599296e+00 1.01979756e+00 0
3.97177001e-01 6.59002859e-01 0
1.87800472e+00 9.08184831e-01 0
1.76367433e+00 1.15283052e+00 0
1.24713556e+00 7.73943463e-01 0
1.19214252e+00 1.15944106e+00 0
1.33324836e+00 6.05453060e-01 0
1.61333472e+00 1.55776697e+00 0
1.19314380e+00 9.18108913e-01 0
1.24812570e+00 6.41698648e-01 0
2.68839680e+00 1.71867109e-01 0
1.32479698e+00 1.34757856e+00 0
2.39787139e+00 1.73166231e-01 0
1.77625082e+00 7.81557998e-01 0
1.47514469e+00 1.26750339e+00 0
1.19537244e+00 1.33042501e+00 0
3.71897916e-01 1.83646077e+00 0
1.32999016e+00 7.92277877e-01 0
1.31290009e+00 8.07077309e-01 0
8.01966216e-01 8.93433528e-01 0
2.02089397e+00 1.40262012e+00 0
1.34810482e+00 1.48131838e+00 0
1.08065319e+00 1.12093780e+00 0
1.35541799e+00 7.74140598e-01 0
1.03689348e+00 1.31382801e+00 0
1.37453531e+00 1.74465230e+00 0
2.43529042e+00 1.58970881e+00 0
1.07348432e+00 7.42761891e-01 0
2.99414262e+00 1.73565472e-01 0
2.46860120e+00 1.12231341e+00 0
1.38184447e+00 1.24090130e+00 0
1.30675638e+00 1.18580016e+00 0
1.69095136e+00 3.00374325e-01 0
2.13210832e+00 8.04572672e-01 0
1.36101368e+00 5.36915180e-01 0
1.28469209e+00 7.39884161e-01 0
1.58718642e+00 5.92701609e-01 0
1.08727540e+00 1.46693638e+00 0
1.76376462e+00 8.26853674e-01 0
3.43279807e+00 4.13499077e-01 0
1.32883854e+00 1.27896447e+00 0
1.86286828e+00 8.40903795e-01 0
1.70016268e+00 1.17719951e+00 0
2.60376446e+00 1.83035649e+00 0
1.77990843e+00 8.77723853e-01 0
1.24665941e+00 1.12504127e-01 0
1.82485120e+00 1.48450291e+00 0
9.20444360e-01 1.32909114e-01 0
1.73999616e+00 1.57707553e-01 0
3.57111042e+00 1.15780987e+00 0
2.47219724e+00 1.36372307e+00 0
1.65326054e+00 7.43894933e-01 0
2.02093846e+00 1.06571806e+00 0
1.84021650e+00 7.89454852e-01 0
1.41887008e+00 5.87992724e-01 0
1.42069485e+00 7.43061480e-01 0
1.28765536e+00 1.25602481e+00 0
1.78397971e+00 3.51746663e-01 0
1.17639749e+00 5.82272140e-01 0
1.20332102e+00 1.06502774e+00 0
1.55386218e+00 1.15778894e-01 0
1.26480806e+00 7.12351993e-01 0
5.61695313e-01 1.12939939e+00 0
1.14829433e+00 1.21865139e+00 0
1.42462849e+00 1.67562704e+00 0
1.42639050e+00 4.94453148e-01 0
3.22984922e+00 1.83314659e+00 0
1.78729828e+00 1.11329565e+00 0
2.59575059e+00 4.16515088e-01 0
1.80109556e+00 1.06518347e+00 0
1.91601227e+00 1.06059341e+00 0
1.80729728e+00 9.70662918e-01 0
9.78106585e-01 7.23184911e-01 0
1.72123379e+00 7.87924732e-01 0
1.32960198e+00 1.20594648e+00 0
1.34685610e+00 1.21988319e+00 0
9.29446885e-01 1.06851533e+00 0
2.01339133e+00 1.59064036e+00 0
1.84457739e+00 1.05439835e+00 0
1.22682974e+00 3.84937977e-01 0
1.25234015e+00 1.40791113e+00 0
1.72343857e+00 1.32872517e+00 0
1.26353217e+00 1.18937149e+00 0
1.65338602e+00 7.79655287e-01 0
1.12903197e+00 1.74651502e+00 0
1.16748528e+00 1.40532561e+00 0
1.08916931e+00 8.95156914e-01 0
1.44418788e+00 1.29877959e+00 0
2.75533250e+00 1.14795968e+00 0
1.23456695e+00 1.85462866e+00 0
1.39469983e+00 1.37432911e+00 0
3.84328583e+00 1.22944365e+00 0
1.70208446e+00 7.05908229e-01 0
1.80176592e+00 1.73120433e+00 0
1.14733737e+00 8.35870810e-01 0
8.22394983e-01 1.49644360e+00 0
1.87891275e+00 1.22523482e+00 0
1.30664660e+00 6.79370206e-01 0
1.77699332e+00 1.37646421e+00 0
1.40300805e+00 1.28064012e+00 0
6.34667556e-01 6.22745814e-01 0
1.75267687e+00 7.20401948e-01 0
5.61178681e-01 1.41309018e+00 0
2.01455492e+00 8.02629352e-01 0
1.60644549e+00 1.39415523e+00 0
1.70671860e+00 1.22003972e+00 0
1.00218919e+00 9.42797337e-01 0
1.64647703e+00 1.45765019e+00 0
1.83630688e+00 1.13539978e+00 0
2.14395047e+00 1.07277662e+00 0
1.57747209e-01 1.81761541e-01 0
1.62236704e+00 7.19793518e-01 0
1.20939615e+00 1.09056256e+00 0
1.40340670e+00 6.54199359e-01 0
1.60887432e+00 4.11345468e-01 0
1.16063189e+00 8.68218714e-01 0
1.91269593e-01 1.28191725e+00 0
2.21140296e+00 1.63748433e+00 0
1.71482195e+00 6.48198358e-01 0
3.62225351e+00 1.83953802e+00 0
2.27249932e+00 1.30964312e+00 0
2.30794447e+00 8.46421452e-01 0
1.95019927e+00 9.52564015e-01 0
1.72358872e+00 1.14942772e+00 0
9.65660070e-01 4.40910879e-01 0
6.05559956e-01 1.64729282e+00 0
1.76695042e+00 1.00409149e+00 0
6.79856822e-01 4.69146694e-01 0
9.66436286e-01 1.54102437e+00 0
1.24138320e+00 1.06729142e+00 0
1.92264308e+00 1.16950458e+00 0
2.44100613e+00 3.50137501e-01 0
1.84131023e+00 9.23204564e-01 0
1.91204067e+00 1.87192375e+00 0
3.68164872e-01 3.68494230e-01 0
3.84604796e+00 6.53748451e-01 0
1.14362093e+00 2.42979183e-01 0
1.57815191e+00 7.44923521e-01 0
1.75438284e+00 8.50988855e-01 0
2.23175913e+00 1.38762054e+00 0
1.80410092e+00 1.24098651e+00 0
1.61670789e+00 7.59195752e-01 0
1.93717700e+00 1.30963114e+00 0
3.62609766e+00 1.44518849e+00 0
1.55178982e+00 1.77578125e+00 0
3.43668716e-01 8.89926017e-01 0
9.38689303e-01 1.87929164e+00 0
1.22086105e+00 1.23749056e+00 0
3.85133399e+00 1.62664908e+00 0
1.11050262e+00 9.63376068e-01 0
1.96341350e+00 1.28685315e-01 0
1.66740269e+00 6.56382059e-01 0
7.93790763e-01 6.37084744e-01 0
1.80297130e+00 8.44904674e-01 0
2.39002953e+00 1.85410435e+00 0
1.75396690e+00 9.17986208e-01 0
6.31754034e-01 9.56826780e-01 0
9.67013676e-01 1.02196520e+00 0
1.35706609e+00 7.10045996e-01 0
1.13149620e+00 9.88854899e-01 0
1.49984733e+00 7.31373226e-01 0
8.98761979e-01 1.17697149e+00 0
1.69941128e+00 8.22895845e-01 0
1.96530045e+00 1.11265976e+00 0
1.31362222e+00 4.80328882e-01 0
1.20539174e+00 5.03856492e-01 0
1.23413799e+00 8.60986921e-01 0
1.89172848e+00 6.87918428e-01 0
1.86270827e+00 1.02430961e+00 0
3.11030203e+00 1.62334291e+00 0
1.94723465e+00 1.52550931e+00 0
1.68559447e+00 7.57241233e-01 0
1.71041938e+00 7.54997035e-01 0
5.42375224e-01 1.33933639e-01 0
7.92140832e-01 1.28743561e-01 0
1.43867911e+00 1.52768938e+00 0
6.12764446e-01 1.23631980e+00 0
1.79484268e+00 7.33218617e-01 0
1.42145796e+00 1.35399695e+00 0
1.09651462e+00 1.04434637e+00 0
9.85454679e-01 1.27335002e+00 0
1.08221410e+00 6.61959710e-01 0
2.02629351e+00 8.92304439e-01 0
1.77536022e-01 1.01075968e+00 0
9.17086221e-01 8.66973979e-01 0
5.92448756e-01 7.56626060e-01 0
1.26188269e+00 5.16486574e-01 0
1.25402352e+00 1.49510377e+00 0
1.07048663e+00 3.74979842e-01 0
1.06303190e+00 1.21267537e+00 0
1.57580715e+00 1.34227583e+00 0
1.68835180e+00 1.27436415e+00 0
3.85410046e+00 3.61333024e-01 0
1.12429189e+00 1.27995311e+00 0
1.50175266e+00 1.49451042e+00 0
1.43489544e+00 1.82706028e+00 0
2.81762110e+00 6.06433927e-01 0
1.72729713e+00 1.63334171e+00 0
1.26322761e+00 1.12675812e+00 0
1.47939459e+00 1.29267781e+00 0
1.50070699e+00 6.69821858e-01 0
1.50129602e+00 1.33229080e+00 0
1.21420530e+00 1.12625212e+00 0
1.24271885e+00 1.15377980e+00 0
4.89719484e-01 1.61209135e+00 0
1.78051833e+00 1.56184108e+00 0
1.23566814e+00 1.03175006e+00 0
1.95087078e+00 9.09030142e-01 0
1.57502358e+00 1.30576587e+00 0
1.33377569e+00 7.53161818e-01 0
1.14513814e+00 1.15038015e+00 0
2.02605978e+00 1.30388619e+00 0
1.29238014e+00 7.96648798e-01 0
1.10944024e+00 1.09193322e+00 0
3.18656936e-01 1.13330793e+00 0
1.27744235e+00 5.70177492e-01 0
1.49715697e+00 1.44758922e+00 0
1.24291649e+00 9.26942395e-01 0
1.23274518e+00 1.00056938e+00 0
1.61509107e+00 1.50046997e+00 0
1.35391249e+00 6.71144091e-01 0
1.25230826e+00 1.29368624e+00 0
3.70377366e-01 1.69188413e+00 0
1.59433616e+00 4.85633937e-01 0
1.67391276e+00 7.08973059e-01 0
1.44953803e+00 1.01359510e-01 0
1.61124143e+00 1.24253225e+00 0
1.36676613e+00 1.27159210e+00 0
1.73294470e+00 8.12786404e-01 0
1.74069278e+00 8.83307067e-01 0
4.81310785e-01 5.77483740e-01 0
1.53152531e+00 7.33843724e-01 0
1.42768593e+00 1.25898685e+00 0
1.61954686e+00 1.33181272e+00 0
1.37027178e+00 7.66347099e-01 0
1.21245786e+00 9.46409471e-01 0
1.20624496e+00 9.73604601e-01 0
1.07457442e+00 1.26777551e+00 0
2.10913353e+00 4.04659315e-01 0
1.80566751e+00 1.15949164e+00 0
2.94375098e-01 7.78879083e-01 0
2.41133725e+00 1.47845596e+00 0
1.76504348e+00 9.69493900e-01 0
1.45396092e+00 6.13391671e-01 0
1.70449411e+00 1.89663884e+00 0
2.00772408e+00 5.48588670e-01 0
1.27105142e+00 8.16794578e-01 0
2.09273585e+00 1.44933285e+00 0
7.86525264e-01 1.40730858e+00 0
1.65915420e+00 1.32378211e+00 0
1.97740869e+00 1.02435627e+00 0
1.12868693e+00 8.04620916e-01 0
3.64277693e+00 8.49812511e-01 0
1.71285334e+00 1.50589664e+00 0
1.29126079e+00 1.20932500e+00 0
1.39832444e+00 1.24699327e+00 0
1.39215869e+00 6.19613404e-01 0
1.66846725e+00 1.23780031e+00 0
1.64596339e+00 1.25472045e+00 0
1.72125875e+00 8.51264333e-01 0
1.50774949e+00 1.29157022e+00 0
1.74096347e+00 1.79492432e+00 0
1.34185366e+00 1.24028179e+00 0
1.77853269e+00 1.06896228e+00 0
1.74635888e+00 1.42781695e+00 0
2.22694933e+00 1.15081447e+00 0
1.77010394e+00 1.09813365e+00 0
1.30875581e+00 1.29788685e+00 0
1.64291859e+00 1.67896817e+00 0
3.63805987e+00 5.29286222e-01 0
8.33726862e-01 1.04640693e+00 0
1.01867433e+00 1.19540855e-01 0
1.50010551e+00 4.83611592e-01 0
1.78346953e+00 9.98926092e-01 0
3.19496195e-01 1.36430689e+00 0
1.56117493e+00 3.81357044e-01 0
1.33498650e+00 1.58983487e+00 0
1.45759638e+00 1.26333173e+00 0
3.40940966e+00 1.49401469e-01 0
1.79924545e+00 1.32413734e+00 0
2.10324276e+00 1.17739187e+00 0
6.75917572e-01 1.56649262e+00 0
1.87083732e+00 2.48292942e-01 0
1.91523988e+00 8.22460670e-01 0
2.83228206e+00 1.62223768e+00 0
1.13842347e+00 9.31269843e-01 0
1.66469680e+00 9.37988194e-02 0
1.72807891e+00 1.13367937e+00 0
7.63643946e-01 1.15357212e+00 0
4.71711902e-01 4.57655629e-01 0
1.06454967e+00 1.68881571e+00 0
1.68799710e+00 1.18844545e+00 0
1.25472222e+00 8.51433778e-01 0
1.29740553e+00 1.17261689e+00 0
1.00670868e+00 1.40468980e+00 0
1.43946033e+00 3.23907054e-01 0
1.50163313e+00 3.98831174e-01 0
1.76066074e+00 1.13409537e+00 0
1.17133151e+00 1.10687932e+00 0
1.79115727e+00 1.03305209e+00 0
1.83244522e+00 8.54437551e-01 0
1.44551473e+00 6.87991379e-01 0
1.22793913e+00 2.98469836e-01 0
1.49134755e+00 1.37043474e+00 0
1.19538013e+00 1.60394007e+00 0
2.03501102e+00 9.57874813e-01 0
1.78630931e+00 9.40343753e-01 0
1.39733658e+00 7.28427709e-01 0
1.50166093e+00 7.13208418e-01 0
3.18585755e+00 1.32760882e+00 0
1.73875060e+00 4.39601801e-01 0
1.50008947e+00 1.68198723e+00 0
5.45434012e-01 1.87056785e+00 0
1.48529375e+00 7.01749089e-01 0
1.52114347e+00 7.05166652e-01 0
2.26548052e+00 7.71964478e-01 0
3.65810375e+00 1.35080237e-01 0
3.42588178e+00 1.64534795e+00 0
1.31841433e-01 1.84596482e+00 0
1.87001164e+00 1.65996446e+00 0
1.40917375e+00 4.42620089e-01 0
2.14843056e+00 1.13623183e+00 0
1.16864070e+00 9.62969466e-01 0
1.11362301e+00 1.38315084e+00 0
1.28810807e+00 6.47065407e-01 0
1.61961409e+00 6.26619914e-01 0
2.72923286e+00 3.46256167e-01 0
2.63241268e+00 7.89036886e-01 0
1.84223406e+00 7.54742435e-01 0
1.58206625e+00 1.37150951e+00 0
1.14509454e+00 1.03071552e+00 0
1.55877791e+00 7.13407101e-01 0
1.55313185e+00 5.73660223e-01 0
1.36771230e+00 1.39632985e+00 0
7.62511254e-01 1.02719514e+00 0
1.57810050e+00 6.57862352e-01 0
2.00395774e+00 1.22063175e+00 0
2.28710856e+00 1.02570800e+00 0
3.20996763e+00 3.28059452e-01 0
1.12312621e+00 5.72843890e-01 0
1.22795404e+00 5.95915834e-01 0
1.36693312e+00 3.39132277e-01 0
1.76655449e+00 6.68958871e-01 0
1.23607876e+00 9.63495269e-01 0
5.85961888e-01 2.60277839e-01 0
1.19513165e+00 1.26270592e+00 0
1.03299026e+00 1.07073179e+00 0
1.36840911e+00 1.25354741e+00 0
1.50742863e+00 6.26085610e-01 0
1.08574628e+00 2.92341525e-01 0
1.58725318e+00 7.31164326e-01 0
1.77684489e+00 5.97580113e-01 0
2.93469036e+00 3.61069911e-01 0
1.42828513e+00 6.60431793e-01 0
7.74556092e-01 4.25919847e-01 0
9.02856451e-01 1.49358668e+00 0
5.15677840e-01 8.07222755e-01 0
3.25781873e+00 1.01587289e+00 0
1.21793048e+00 1.29914393e+00 0
2.75915581e+00 1.87073570e+00 0
8.80081682e-01 7.79467041e-01 0
1.83287861e+00 5.56522857e-01 0
1.31477040e+00 2.69805944e-01 0
1.75520385e+00 9.33405454e-01 0
1.53979368e+00 1.34253647e+00 0
7.73419312e-01 7.90358140e-01 0
1.70398625e+00 7.94269369e-01 0
1.71643015e+00 6.04270450e-01 0
1.80926341e+00 7.96063725e-01 0
1.36857601e+00 7.38129381e-01 0
7.90883593e-01 1.59992827e+00 0
1.86221279e+00 1.07995104e+00 0
1.86473411e+00 4.06675954e-01 0
3.84782562e+00 1.86875973e+00 0
3.36156303e+00 1.86566732e+00 0
1.19762969e+00 6.72863009e-01 0
1.88262757e+00 8.70882824e-01 0
1.56401817e+00 1.43881605e+00 0
2.22092323e+00 1.24975334e+00 0
3.05647048e+00 1.11055534e+00 0
1.19445936e+00 1.49338469e+00 0
8.50996694e-01 6.77527511e-01 0
2.92592769e+00 1.23355823e+00 0
3.85916251e+00 1.24320782e-01 0
1.98318729e+00 9.80401096e-01 0
1.76405435e+00 1.01994878e+00 0
2.65801002e+00 1.42201025e+00 0
8.94448912e-01 3.25714052e-01 0
1.25092130e+00 1.36173505e+00 0
1.55723681e+00 1.26125175e+00 0
1.22496481e-01 7.62119615e-01 0
1.95843849e+00 7.37856483e-01 0
1.60877816e+00 5.63670165e-01 0
1.16357082e+00 1.24955427e+00 0
2.56963333e+00 1.01995409e+00 0
1.28030040e+00 1.68621587e+00 0
4.70610517e-01 1.48722614e+00 0
1.86189593e+00 6.28039966e-01 0
5.66874536e-01 1.31677605e+00 0
1.64335241e+00 1.22394962e+00 0
1.48380451e+00 7.35357822e-01 0
1.56192208e+00 7.41809831e-01 0
1.49481982e+00 1.26560336e+00 0
8.89698261e-01 5.24230775e-01 0
1.23753440e+00 1.12131470e+00 0
1.20604305e+00 1.02158977e+00 0
1.83459952e+00 9.50074355e-01 0
1.86010503e+00 9.70077050e-01 0
2.17297482e+00 1.01282802e+00 0
1.71746424e+00 1.23897116e+00 0
1.93599809e+00 1.03328225e+00 0
2.15191713e+00 1.38692956e+00 0
2.13286891e+00 1.25954296e+00 0
1.18990658e+00 7.91807410e-01 0
2.96532191e+00 1.71067577e+00 0
1.76830129e+00 4.88568983e-01 0
9.36790446e-01 1.39696741e+00 0
2.06956326e+00 7.82986632e-01 0
1.48540577e+00 2.67086996e-01 0
3.86418248e+00 1.37138748e+00 0
1.07334183e+00 9.61480758e-01 0
3.37665655e+00 7.68512411e-01 0
6.65610539e-01 1.43283116e+00 0
1.79116781e+00 9.76347941e-01 0
1.31879947e+00 7.69546165e-01 0
2.28466282e+00 1.47430103e+00 0
2.43363467e+00 6.94745382e-01 0
1.75331667e+00 1.23070052e+00 0
2.25559814e+00 8.92412907e-01 0
1.62495295e+00 1.37426539e+00 0
2.29890607e+00 6.89078225e-01 0
1.21636199e+00 1.20611898e+00 0
2.03490525e+00 2.67751038e-01 0
1.49198710e+00 5.62918179e-01 0
2.85842335e+00 1.24113993e-01 0
2.77115605e+00 8.65018227e-01 0
1.30163797e+00 8.23762381e-01 0
9.83662426e-01 5.73226374e-01 0
1.05426123e+00 7.99092463e-01 0
1.11168369e+00 4.66957678e-01 0
1.92780482e+00 3.76116002e-01 0
3.05176596e+00 8.65441050e-01 0
1.06778381e+00 1.61026033e+00 0
1.44812547e+00 6.41759933e-01 0
1.17956914e+00 1.20137005e+00 0
1.75357286e+00 7.75661773e-01 0
1.24369913e+00 8.34839796e-01 0
1.60472495e+00 1.88400186e+00 0
1.62340996e+00 1.74638600e+00 0
1.70102455e+00 1.31064226e+00 0
3.87594766e+00 9.83170183e-01 0
1.31111665e+00 1.79373026e+00 0
9.53037224e-01 1.18809332e+00 0
1.72140866e+00 5.45503071e-01 0
1.67837046e+00 5.19658802e-01 0
1.84340670e+00 9.03021528e-01 0
1.81219099e+00 1.18525280e+00 0
4.33886348e-01 1.29850040e+00 0
3.42891956e+00 9.90008922e-01 0
1.15707088e+00 9.82013190e-01 0
2.37297454e+00 1.29072121e+00 0
2.87945807e+00 7.50079511e-01 0
2.86659817e-01 6.03994214e-01 0
1.39450555e+00 1.42361900e+00 0
1.38604921e-01 1.68316195e+00 0
1.91679278e+00 7.27291225e-01 0
1.15889864e+00 1.07182823e+00 0
1.28538452e-01 3.88112951e-01 0
1.11770616e+00 1.19662274e+00 0
4.57697142e-01 1.01484761e+00 0
1.67175711e+00 1.42200977e+00 0
3.28287539e+00 1.54791893e+00 0
3.37845818e+00 5.50621124e-01 0
2.20328826e+00 3.45027714e-01 0
2.06660885e+00 1.00291984e+00 0
2.57241951e+00 1.28607099e-01 0
1.66110436e+00 4.12093910e-01 0
1.80989802e+00 1.13741310e+00 0
1.12428587e-01 6.09555622e-01 0
3.16565855e+00 6.39116407e-01 0
1.56849330e+00 1.28849053e+00 0
1.80396615e+00 8.93794577e-01 0
1.46151905e+00 1.40021960e+00 0
1.09815382e+00 8.29410890e-01 0
1.68934657e+00 1.24429686e+00 0
1.83671881e+00 1.03629897e+00 0
9.22291910e-01 9.26432340e-01 0
2.36662704e+00 1.17714889e+00 0
1.91037196e+00 8.94646615e-01 0
1.87751933e+00 7.71483047e-01 0
1.04906369e+00 1.90913940e+00 0
1.21426847e+00 1.05724568e+00 0
3.64451592e+00 2.73898313e-01 0
1.24229296e+00 6.71644386e-01 0
1.65195688e+00 6.28948523e-01 0
1.59814321e+00 1.30139502e+00 0
7.15556891e-01 6.52683494e-01 0
1.59651908e+00 6.93805315e-01 0
1.53397255e+00 1.56159737e+00 0
2.20095805e+00 1.54054597e+00 0
2.29923401e+00 4.05801960e-01 0
1.20059745e+00 8.42150843e-01 0
1.35810102e+00 6.17604434e-01 0
1.14303838e+00 7.22066478e-01 0
9.67115495e-01 7.66562478e-01 0
3.70669244e+00 9.75306616e-01 0
1.14598413e+00 1.31794129e+00 0
1.60212799e+00 1.27558785e+00 0
1.39106460e+00 1.31727065e+00 0
1.18035749e+00 1.03558460e+00 0
1.31151294e+00 1.27599326e+00 0
1.19062017e+00 9.36975413e-01 0
1.74127553e+00 7.41098989e-01 0
1.26725830e+00 8.75607570e-01 0
1.41519646e+00 1.49281453e+00 0
1.27401036e+00 1.17816262e+00 0
1.34619354e+00 5.69199470e-01 0
1.73991062e+00 1.15836765e+00 0
1.83050455e+00 1.28043944e+00 0
3.41051644e+00 1.24022141e+00 0
2.15095349e+00 7.48706122e-01 0
1.71114107e+00 1.16042794e+00 0
2.53785312e+00 1.22193482e+00 0
1.20229660e+00 1.67769840e+00 0
1.31027573e+00 1.22248494e+00 0
1.31076337e+00 7.30133849e-01 0
2.35001192e+00 1.65943416e+00 0
1.24831191e-01 1.51048578e+00 0
1.54808605e+00 6.97269237e-01 0
1.21425278e+00 8.81143951e-01 0
2.21810385e+00 5.15757326e-01 0
1.58487112e+00 1.24896953e+00 0
1.56403643e+00 1.47454499e+00 0
1.48134975e+00 6.56386009e-01 0
4.22731906e-01 1.19115474e+00 0
1.89139048e+00 1.30833467e+00 0
6.88167135e-01 8.87628438e-01 0
1.53955083e+00 6.68611967e-01 0
1.81501259e+00 6.87060803e-01 0
1.29253416e+00 1.41743522e+00 0
2.17031291e+00 5.92053269e-01 0
1.85595029e+00 1.35283781e+00 0
7.28198286e-01 2.42042321e-01 0
1.89349573e+00 5.10414776e-01 0
9.90577141e-01 1.11094075e+00 0
3.26833724e+00 1.29154766e-01 0
1.39626088e+00 7.58350636e-01 0
1.45390084e+00 7.40742894e-01 0
1.93202803e+00 1.09322371e+00 0
1.22777661e+00 1.08766430e+00 0
1.67573618e+00 8.03140409e-01 0
1.66976009e+00 7.45093208e-01 0
7.26307285e-01 1.90091477e+00 0
1.78383931e+00 8.33762833e-01 0
1.25579525e+00 9.04164941e-01 0
1.70001701e+00 2.03747323e-01 0
1.71150316e+00 1.40693200e+00 0
3.86343375e+00 7.74278097e-01 0
1.23301934e-01 1.36960038e+00 0
3.71756320e+00 1.64927950e+00 0
2.07735881e+00 6.82490102e-01 0
1.40370189e+00 1.91597382e+00 0
2.99599427e+00 9.99979770e-01 0
1.58139413e+00 7.15417725e-01 0
3.19964845e-01 1.48957475e+00 0
1.28615529e+00 1.14985167e+00 0
1.61061477e+00 6.48460017e-01 0
1.25712714e+00 1.09406257e+00 0
1.54704270e+00 1.28219933e+00 0
2.80700155e-01 1.88628707e+00 0
1.05209897e+00 9.97527255e-01 0
6.60392512e-01 7.88083430e-01 0
1.34229524e+00 7.87897251e-01 0
1.27495758e+00 1.23649050e+00 0
1.53392111e+00 1.30548575e+00 0
1.52309833e+00 1.42296471e+00 0
1.66649261e+00 1.20266023e+00 0
1.52560424e+00 1.26080704e+00 0
1.61353624e+00 7.31943586e-01 0
1.66339520e+00 1.55807380e+00 0
7.15534860e-01 1.35199716e+00 0
3.05357794e+00 1.46785851e+00 0
1.77101484e+00 9.08429424e-01 0
1.77126424e+00 8.89774555e-01 0
1.18743277e+00 8.67144061e-01 0
3.46986490e+00 3.11916538e-01 0
1.89391580e+00 1.40405105e+00 0
1.80891373e+00 1.09393727e+00 0
1.76700899e+00 1.18330184e+00 0
1.82246588e+00 9.93793382e-01 0
1.02024752e+00 1.49330429e+00 0
1.21258253e+00 1.16791228e+00 0
1.64609636e+00 5.64600174e-01 0
1.41031292e+00 2.02326274e-01 0
1.78102498e+00 1.22213658e+00 0
1.98951370e+00 4.22291980e-01 0
1.63187696e+00 2.78215312e-01 0
1.03280037e+00 1.15732652e+00 0
1.24129196e+00 1.01530104e+00 0
7.97322319e-01 3.27232159e-01 0
1.71717884e+00 1.18350079e+00 0
9.92345356e-01 1.23022509e+00 0
3.73077832e+00 3.97823852e-01 0
2.48575117e+00 8.97408123e-01 0
1.60774413e+00 1.43261501e+00 0
1.87399834e+00 1.11656900e+00 0
1.76984033e+00 8.09525897e-01 0
8.24060820e-01 1.27133865e+00 0
5.40570666e-01 9.30749134e-01 0
1.97262108e+00 1.47066086e+00 0
2.19257552e+00 2.31712909e-01 0
1.32301808e+00 1.19581538e+00 0
1.16056558e+00 9.02995512e-01 0
2.93895658e-01 4.46613202e-01 0
1.93267214e+00 1.26363359e+00 0
1.71106575e+00 1.35402629e+00 0
1.60386337e+00 1.63054588e+00 0
1.45360848e+00 1.57321674e+00 0
1.70639769e+00 4.59698958e-01 0
1.34814852e+00 7.34417281e-01 0
1.79267056e+00 8.63094314e-01 0
1.79982210e+00 9.53032789e-01 0
1.00549122e+00 8.72111316e-01 0
2.87258102e+00 1.48567087e+00 0
1.15152415e+00 1.12252897e+00 0
1.29580947e+00 1.91327308e+00 0
1.75528387e+00 1.06646582e+00 0
1.74918193e+00 1.08656183e+00 0
1.05727671e+00 1.35453471e+00 0
9.26814912e-01 1.29207609e+00 0
2.38156055e+00 9.95454575e-01 0
3.57655475e+00 1.72792003e+00 0
1.35768447e+00 4.15248700e-01 0
2.67813538e+00 1.20161318e+00 0
1.45188153e+00 7.19877070e-01 0
1.28532071e+00 8.50259357e-01 0
1.22237702e+00 8.19711422e-01 0
9.58035400e-01 8.52988400e-01 0
1.48100236e+00 1.32319129e+00 0
2.28993860e+00 1.11189425e+00 0
1.71907685e+00 1.20918184e+00 0
1.96863355e+00 6.35636340e-01 0
8.42045573e-01 1.13523812e+00 0
2.49845236e+00 6.11987165e-01 0
1.16202387e+00 6.33410492e-01 0
1.42027566e+00 1.33462376e+00 0
1.57690547e+00 6.78888680e-01 0
4.10427368e-01 1.17837125e-01 0
1.98220613e+00 1.77242819e+00 0
1.27088828e+00 1.30017600e+00 0
1.07752465e+00 9.20409929e-01 0
2.50668643e+00 1.88047663e+00 0
1.26470542e+00 7.65986257e-01 0
2.01135436e+00 8.49562925e-01 0
2.92325997e-01 1.65214547e+00 0
1.41639387e+00 7.07268336e-01 0
2.07829113e+00 5.51852893e-01 0
1.56087598e+00 1.88337041e-01 0
1.74007387e+00 1.30752974e+00 0
3.00682198e+00 1.87983394e+00 0
1.66790121e+00 5.94615778e-01 0
2.59217106e+00 5.09186857e-01 0
1.66281385e+00 1.27536656e+00 0
1.37519520e+00 1.23210933e+00 0
1.19540008e+00 1.13884280e+00 0
1.01522762e+00 1.02439237e+00 0
1.44559788e+00 1.28186505e+00 0
1.83127855e+00 8.85202222e-01 0
1.51543054e+00 7.38346117e-01 0
1.35812625e+00 1.22385782e+00 0
1.21770928e+00 1.03535678e+00 0
1.74443757e+00 1.20563551e+00 0
1.32268363e+00 1.43633793e+00 0
2.29223321e+00 1.88612825e+00 0
9.21001464e-01 2.51693112e-01 0
2.86792753e+00 4.28619177e-01 0
2.84228178e+00 9.92903807e-01 0
1.43492657e+00 7.43198344e-01 0
1.53091987e+00 6.29789623e-01 0
1.86111737e+00 7.03295411e-01 0
1.37320428e+00 7.02850603e-01 0
1.18661359e+00 1.91873648e+00 0
9.21525125e-01 1.76795233e+00 0
1.65671651e+00 1.37505572e+00 0
1.85172026e+00 8.15982969e-01 0
1.03832967e+00 1.42724803e+00 0
1.69541589e+00 1.20939218e+00 0
1.68908992e+00 7.90030650e-01 0
3.90370146e+00 1.72524937e+00 0
7.21490191e-01 1.12826407e+00 0
1.23094358e+00 7.28747198e-01 0
3.74546943e+00 1.88648883e+00 0
1.94608826e+00 1.13677086e+00 0
1.75726485e+00 1.04608256e+00 0
1.66181616e+00 7.89776892e-01 0
1.34161633e+00 1.33697861e+00 0
1.73951509e+00 1.10476868e+00 0
1.02594213e+00 9.24607674e-01 0
1.32029379e+00 7.06386387e-01 0
1.10137380e+00 7.55964268e-01 0
1.01503774e+00 6.51499690e-01 0
1.67684310e+00 7.72470053e-01 0
1.49791775e+00 6.46666435e-01 0
1.56528415e+00 6.19530364e-01 0
1.80007966e+00 1.04793742e+00 0
1.12121762e+00 6.66231425e-01 0
9.03400913e-01 9.65932521e-01 0
1.37947940e+00 1.47903627e+00 0
2.64368125e+00 2.77039969e-01 0
2.04737860e+00 1.09016695e+00 0
1.80667335e+00 1.39010506e+00 0
1.25294876e+00 1.22682531e+00 0
1.77562739e+00 1.12605136e+00 0
1.35805079e+00 6.91225237e-01 0
1.62171617e+00 6.74146612e-01 0
1.45389705e+00 1.34969686e+00 0
1.24374696e+00 1.19235308e+00 0
2.05427273e+00 1.76096512e+00 0
1.31646744e+00 1.24079218e+00 0
1.94782683e+00 8.51313102e-01 0
1.90230937e+00 1.14948454e+00 0
1.76412551e+00 9.92166387e-01 0
2.00236602e+00 1.16182337e+00 0
1.10256546e+00 1.14161685e+00 0
1.25023223e+00 7.93094236e-01 0
1.43205998e+00 1.31197843e+00 0
2.20076517e+00 1.74463400e+00 0
1.84320529e+00 9.93150268e-01 0
1.97752778e+00 7.65531208e-01 0
1.63822360e+00 7.35228683e-01 0
1.32654277e+00 8.04930416e-01 0
3.69122128e+00 1.16366136e+00 0
2.71009233e+00 6.31265983e-01 0
1.43848954e+00 5.47852454e-01 0
7.10617011e-01 1.30019827e+00 0
1.64261144e+00 7.77476706e-01 0
1.30242582e+00 5.78719819e-01 0
1.11232858e+00 9.01346405e-01 0
3.22046264e+00 8.94574466e-01 0
1.26922331e+00 4.07654135e-01 0
1.27220143e+00 1.26669850e+00 0
1.23384636e+00 1.13887610e+00 0
3.57311436e+00 6.91266155e-01 0
2.09512753e+00 1.29606949e+00 0
1.24205494e+00 1.05474557e+00 0
1.65764523e+00 1.30144875e+00 0
1.89012057e+00 1.52279714e+00 0
1.17208135e-01 1.21474758e+00 0
3.88763026e+00 2.63242286e-01 0
7.90460465e-01 1.73550920e+00 0
1.62432886e+00 7.66968030e-01 0
1.60597991e+00 7.58269819e-01 0
1.38785731e+00 1.27568660e+00 0
1.58851055e+00 7.52257199e-01 0
1.02732882e+00 4.99041532e-01 0
2.05454580e+00 1.14640875e+00 0
1.91731181e+00 5.91472931e-01 0
1.66346281e+00 7.31233679e-01 0
1.73597218e+00 1.45703681e+00 0
1.41566148e+00 7.54185798e-01 0
8.72234908e-01 1.24910736e+00 0
1.30134944e+00 1.49421246e+00 0
1.39210236e+00 7.39488294e-01 0
1.25101447e+00 9.16394284e-01 0
1.59811741e+00 1.24362289e+00 0
1.55534489e+00 3.18642240e-01 0
1.84236778e+00 1.78519538e+00 0
3.88548515e+00 1.13141208e+00 0
1.52423742e+00 5.87950931e-01 0
1.57667839e+00 1.27665904e+00 0
1.11047484e+00 1.43627710e+00 0
1.85458584e+00 1.18592521e+00 0
1.17085985e+00 1.02091548e+00 0
1.77885432e+00 9.35828733e-02 0
3.27129908e+00 1.42301110e+00 0
8.28555721e-01 1.35626419e+00 0
3.52828732e+00 1.50670146e+00 0
2.72617476e+00 1.58407809e+00 0
1.78116218e+00 9.17633436e-01 0
1.18023197e+00 1.06090090e+00 0
1.03717083e+00 8.52897835e-01 0
1.41949597e+00 1.26841231e+00 0
1.39908735e+00 6.72392373e-01 0
1.78703152e+00 7.60384550e-01 0
2.03327477e+00 1.35161762e+00 0
6.27213920e-01 1.09938972e+00 0
1.46962866e+00 7.17248038e-01 0
1.34234923e+00 1.20826274e+00 0
1.96994871e+00 1.91351311e+00 0
2.09878899e+00 1.90206821e+00 0
1.03401882e-01 9.36671488e-01 0
1.73179843e+00 8.74644302e-01 0
1.74203896e+00 8.96385135e-01 0
1.29682144e+00 7.71719746e-01 0
1.72192975e+00 7.09474073e-01 0
1.09908824e+00 4.23676172e-01 0
1.18509372e+00 1.79393105e+00 0
1.73989621e+00 1.34995162e+00 0
3.12670813e+00 1.88590735e+00 0
1.20382869e+00 1.41590361e+00 0
2.08475762e+00 1.52368425e+00 0
1.26323856e+00 1.56538737e+00 0
1.41438351e+00 1.24689722e+00 0
3.17425365e+00 1.71881474e+00 0
1.89369020e+00 8.47110776e-01 0
1.07659124e+00 7.00604528e-01 0
9.15050123e-01 6.66424196e-01 0
2.15218836e+00 9.45406307e-01 0
1.98343780e+00 7.04293581e-01 0
1.19258310e+00 9.98939055e-01 0
1.27179146e+00 1.13331989e+00 0
1.26216759e+00 1.11544862e+00 0
1.50548034e+00 5.17818720e-01 0
2.42299735e+00 7.77417241e-01 0
1.62974096e+00 1.27740450e+00 0
1.72176483e+00 6.69876250e-01 0
3.41240329e+00 6.59870821e-01 0
3.89757679e+00 5.46370468e-01 0
3.38078306e+00 1.78040836e+00 0
1.31860684e+00 1.87829919e-01 0
1.85681193e+00 1.91402289e+00 0
2.80734253e+00 1.39464111e+00 0
2.16209886e+00 8.96719027e-02 0
2.62001795e+00 1.53841740e+00 0
1.76261115e+00 8.63102387e-01 0
1.08088894e+00 6.03155109e-01 0
9.34924276e-01 1.01309322e+00 0
1.55302096e+00 5.29515271e-01 0
1.72099497e+00 1.26838363e+00 0
9.25323824e-01 5.70963350e-01 0
1.14891713e+00 7.74548574e-01 0
1.19137012e+00 5.44064491e-01 0
3.51432667e+00 1.87313475e+00 0
1.34580700e+00 1.53211797e+00 0
1.18556219e+00 1.35886557e+00 0
1.11126675e+00 1.35149067e+00 0
1.85448996e+00 1.27103657e+00 0
1.89126623e+00 9.91584905e-01 0
1.92941619e+00 1.65947005e+00 0
3.61620554e-01 2.79305602e-01 0
7.39016810e-01 7.44346148e-01 0
2.09400699e+00 8.80083776e-01 0
1.25005195e+00 1.07588523e+00 0
2.11321405e+00 5.91852015e-01 0
4.66086814e-01 3.72596430e-01 0
2.22630305e+00 1.02338382e+00 0
1.37406281e+00 1.34510154e+00 0
9.95039350e-01 1.14772261e+00 0
1.17906258e+00 8.22032493e-01 0
1.13829154e-01 1.08145021e+00 0
2.62735200e-01 9.35563908e-01 0
1.74477032e+00 8.21582977e-01 0
1.72115964e+00 8.21324685e-01 0
1.32839634e+00 6.72482650e-01 0
1.51912563e+00 6.73182582e-01 0
1.95119983e+00 1.36426302e+00 0
1.52114646e+00 1.63775928e+00 0
2.37812960e+00 4.22379228e-01 0
1.82778916e+00 1.09971643e+00 0
3.31518421e+00 1.20696852e+00 0
3.05363700e+00 1.35466806e+00 0
1.34586993e+00 7.63465198e-01 0
2.04831349e+00 7.14161872e-01 0
1.38385801e+00 7.66882910e-01 0
1.01761599e+00 4.06207830e-01 0
1.66375874e+00 3.66153808e-01 0
1.71382571e+00 7.71547033e-01 0
1.68808819e+00 8.19063879e-01 0
1.46034496e+00 4.82098073e-01 0
9.16456730e-01 1.11067815e+00 0
1.64514239e+00 7.01187243e-01 0
3.87163939e+00 1.52041225e+00 0
2.66605458e+00 8.78234803e-01 0
1.70154599e+00 8.34595482e-01 0
3.29017553e+00 7.54827450e-01 0
1.25973483e+00 1.33793651e+00 0
1.96494077e+00 1.21701995e+00 0
1.38864775e+00 5.08628526e-01 0
1.16569971e+00 1.15488260e+00 0
1.77860899e+00 1.19570086e+00 0
3.08917382e+00 1.13485815e-01 0
8.55773417e-01 7.31123485e-01 0
9.14968118e-01 1.35354262e+00 0
1.11592683e+00 1.49767627e+00 0
1.25593230e+00 8.22265616e-01 0
1.46226894e+00 3.69230407e-01 0
3.07229329e+00 2.55174700e-01 0
1.92331751e+00 3.22805029e-01 0
2.36702121e+00 9.25311066e-01 0
1.80428952e+00 1.52202094e+00 0
1.21683548e+00 1.34656118e+00 0
3.40507599e+00 1.40230019e+00 0
6.55445049e-01 5.53117775e-01 0
1.24364695e+00 9.54817840e-01 0
1.24100740e+00 9.73901219e-01 0
5.49008776e-01 5.99625770e-01 0
1.56596292e+00 1.25240257e+00 0
1.07398005e+00 1.79892420e+00 0
1.41225310e+00 1.55855755e+00 0
1.36725743e+00 1.56724618e+00 0
1.25816739e+00 1.44317917e+00 0
1.33539021e+00 5.11589000e-01 0
1.77829786e+00 1.30633070e+00 0
1.41389040e+00 1.29228122e+00 0
8.63997107e-01 1.92063788e+00 0
1.36681373e+00 1.30062126e+00 0
6.23855384e-01 6.93844876e-01 0
3.98789565e-01 9.71899666e-01 0
1.74206898e+00 1.18874950e+00 0
1.51199821e+00 1.31253773e+00 0
1.16144731e+00 4.85966574e-01 0
1.60121072e+00 6.12908031e-01 0
1.47425481e+00 7.41157475e-01 0
1.08625450e+00 8.61013609e-01 0
2.61072588e-01 1.20473354e+00 0
1.79406624e+00 1.01007946e+00 0
8.98890668e-01 8.26071640e-01 0
3.75421974e+00 1.37077090e+00 0
1.05935114e+00 1.09886511e+00 0
1.26342906e+00 8.87481832e-01 0
1.80505119e+00 8.26370970e-01 0
2.47255727e+00 9.06573375e-02 0
1.64050593e+00 6.82169808e-01 0
1.03224470e+00 7.31949818e-01 0
8.16890455e-01 5.85218904e-01 0
1.63215492e+00 1.22398494e+00 0
1.25862917e+00 6.09879203e-01 0
1.22460681e+00 1.19292966e+00 0
1.17355701e+00 9.45202848e-01 0
1.00867670e+00 1.59462546e+00 0
1.54562765e+00 1.25651145e+00 0
1.08151883e+00 1.02377781e+00 0
2.72221860e+00 1.34239748e+00 0
1.98778641e+00 1.08564109e+00 0
1.47870877e+00 6.11745023e-01 0
1.46078693e+00 1.32901800e+00 0
1.63804120e+00 7.49048626e-01 0
1.33278371e+00 1.25346494e+00 0
3.23320815e+00 5.71668718e-01 0
1.67809711e+00 1.47691725e+00 0
2.19435932e+00 9.08296185e-01 0
1.25577967e+00 1.14683756e+00 0
1.81837853e+00 1.22144804e+00 0
1.64861196e+00 1.21366193e+00 0
1.50486494e+00 1.26017190e+00 0
2.11502526e+00 4.67042342e-01 0
1.89035561e+00 9.42990580e-01 0
2.34306156e-01 1.05493329e-01 0
1.19302457e+00 1.28865217e+00 0
1.58838905e+00 4.48044684e-01 0
1.81397745e+00 9.26065593e-01 0
1.61635172e+00 1.31432328e+00 0
1.77531773e+00 1.27027104e+00 0
1.44413164e+00 1.25463359e+00 0
1.23836961e+00 1.04220247e+00 0
1.23826894e+00 8.95819417e-01 0
1.42815081e+00 1.42731924e+00 0
1.30220908e+00 1.24471625e+00 0
9.25810328e-01 7.63759475e-01 0
1.20575537e+00 4.27039029e-01 0
3.14340112e+00 4.55190795e-01 0
2.09157048e+00 1.64385415e+00 0
1.78483595e+00 1.15607765e+00 0
1.01402973e-01 2.83621756e-01 0
1.80757761e+00 2.02696277e-01 0
1.09419031e+00 1.18291503e+00 0
8.73411745e-01 8.70427436e-01 0
9.83059886e-01 9.68073883e-01 0
1.22898155e+00 7.65718605e-01 0
1.85966374e+00 9.19942864e-01 0
2.66682612e+00 1.03557378e+00 0
1.27192440e+00 7.80056776e-01 0
1.74650156e+00 9.09162578e-01 0
1.73531551e+00 3.34062313e-01 0
1.89994958e+00 7.40147066e-02 0
1.84885311e+00 1.60856267e+00 0
3.03162208e+00 4.83530718e-01 0
1.48260164e+00 1.92669607e+00 0
1.75588616e+00 1.67546625e+00 0
1.93533518e+00 8.86653950e-01 0
1.19122038e+00 1.88163468e-01 0
1.41090843e+00 7.36580196e-01 0
1.82559905e+00 2.99809356e-01 0
1.46276971e+00 6.90529232e-01 0
9.52033469e-01 1.71178308e+00 0
4.53808722e-01 7.11523194e-01 0
3.52389408e+00 4.79154941e-01 0
8.83818008e-01 1.05582095e+00 0
1.73393563e+00 8.49668534e-01 0
2.20548310e+00 7.73290237e-01 0
2.58278425e+00 1.73351639e+00 0
6.53372436e-01 1.50134151e+00 0
1.82034014e+00 1.06136270e+00 0
7.47974533e-01 4.97007986e-01 0
1.47079157e+00 1.36400842e+00 0
1.29929606e+00 8.34813846e-01 0
1.92975028e+00 9.68227124e-01 0
2.04421121e+00 4.11177178e-01 0
1.24562841e+00 8.78522307e-01 0
1.60993141e+00 1.26510027e+00 0
1.27514440e+00 8.65944899e-01 0
2.58169159e+00 7.07202749e-01 0
1.19758754e+00 9.00914058e-01 0
1.39586774e+00 5.68073616e-01 0
1.34871103e+00 6.46969733e-01 0
1.18491780e+00 1.18092899e+00 0
1.25246758e+00 6.94812710e-01 0
1.08861829e+00 1.99299788e-01 0
9.15000210e-01 1.64819373e+00 0
8.45811234e-01 1.63721877e+00 0
3.64631598e+00 1.06684146e+00 0
1.02903449e+00 5.74304760e-01 0
1.29917978e+00 1.19731079e+00 0
1.87715376e+00 4.54390589e-01 0
1.73400588e+00 1.17787219e+00 0
3.68714767e+00 1.53171525e+00 0
1.02986467e+00 1.22167054e+00 0
1.22411774e+00 8.69243223e-01 0
2.99833758e+00 5.75615256e-01 0
2.01409116e+00 1.92316355e-01 0
2.12853888e+00 1.02985743e+00 0
1.61312479e+00 7.06908177e-01 0
1.91026269e+00 1.19637523e+00 0
1.22493149e+00 9.12850031e-01 0
2.85264554e+00 1.71360313e+00 0
1.23841890e+00 1.25124438e+00 0
1.68337089e+00 1.25856859e+00 0
2.54085229e-01 1.07168476e+00 0
2.31512649e+00 1.12227063e-01 0
1.70183551e+00 7.36367999e-01 0
3.45440049e+00 8.82148419e-01 0
6.02978534e-01 4.50860082e-01 0
1.72896506e+00 1.12276557e+00 0
1.46947669e+00 1.50969469e+00 0
1.53878544e+00 1.48640389e+00 0
1.51915006e+00 1.52110144e+00 0
2.00571082e+00 4.99477586e-01 0
6.56808143e-01 1.70915883e+00 0
1.75329815e+00 9.43772933e-01 0
8.58259471e-01 9.77829563e-01 0
3.56255835e+00 1.05030367e-01 0
5.17066929e-01 1.06934395e+00 0
2.32288752e+00 5.68349041e-01 0
1.89792234e+00 1.04569127e+00 0
2.19109042e+00 6.42056962e-01 0
1.33453712e+00 1.37105891e+00 0
1.31375169e+00 7.76508724e-02 0
1.58837667e+00 1.26995364e+00 0
3.12833479e-01 6.89198082e-01 0
3.58083177e+00 1.26911154e+00 0
1.76139270e+00 9.80544711e-01 0
1.16769559e+00 7.40507175e-01 0
1.57631221e+00 1.32326688e+00 0
2.01144865e+00 6.11961592e-01 0
7.48191409e-01 8.77325334e-01 0
1.39876688e+00 1.26699555e+00 0
1.10899623e+00 1.06707663e+00 0
1.49098575e+00 1.80564205e+00 0
3.33277289e+00 3.88107197e-01 0
1.20683342e+00 7.65012665e-01 0
1.42877504e+00 7.23629364e-01 0
3.75760030e+00 1.13482857e-01 0
1.21328450e+00 1.01271042e+00 0
3.76580032e+00 7.72037323e-01 0
1.77076718e+00 4.07407331e-01 0
1.48545639e+00 1.25931826e+00 0
1.59017344e+00 1.41237102e+00 0
6.74875994e-01 9.89665944e-01 0
1.48077948e+00 1.27910107e+00 0
1.97505245e+00 1.30468929e+00 0
1.31243098e+00 8.20443466e-01 0
1.17679382e+00 1.00354102e+00 0
1.68713571e+00 6.51229074e-01 0
1.19177664e+00 1.05493295e+00 0
1.79217990e+00 1.46509896e+00 0
1.72388421e+00 8.64268846e-01 0
4.96072621e-01 1.16470853e+00 0
1.24959949e+00 1.12121602e+00 0
2.35144031e+00 1.51146541e+00 0
1.23181429e+00 7.96301573e-01 0
4.53937251e-01 1.91306478e+00 0
1.73794116e+00 7.81892190e-01 0
3.75265636e+00 6.12211923e-01 0
2.10787023e+00 2.30291729e-01 0
2.96212063e+00 8.17038099e-01 0
1.17989975e+00 7.42669512e-02 0
2.53714080e+00 1.57271183e+00 0
6.75356029e-01 1.22170893e+00 0
1.70074023e+00 1.16456772e+00 0
2.01548681e+00 1.26019243e+00 0
1.84358296e+00 1.08602345e+00 0
1.44886741e+00 1.31458506e+00 0
1.50723472e+00 4.43379618e-01 0
1.82568831e+00 1.44267507e+00 0
1.13396621e+00 1.25331472e+00 0
2.37035593e+00 6.72429189e-01 0
1.23487854e+00 1.07928613e+00 0
1.32933989e+00 1.70593709e+00 0
1.64109087e+00 1.32486923e+00 0
1.65750728e+00 1.24680863e+00 0
1.90108685e+00 1.90168015e-01 0
2.10625216e+00 9.42013914e-01 0
1.65149475e+00 7.59961139e-01 0
6.23962794e-01 9.51095091e-02 0
7.92003662e-01 8.42467702e-01 0
1.49811934e+00 1.57999782e+00 0
1.31280828e+00 1.32830412e+00 0
2.76713918e+00 8.64688675e-02 0
1.46568150e+00 1.29643746e+00 0
1.30028296e+00 8.05548744e-01 0
3.09741088e+00 7.16595050e-01 0
1.29530861e+00 7.55355234e-01 0
1.57982049e+00 5.14824240e-01 0
1.53165831e+00 1.36942866e+00 0
1.54241380e+00 1.40751970e+00 0
1.79773440e+00 9.08374952e-01 0
1.42816716e+00 1.37927641e+00 0
1.85477142e+00 5.89437573e-01 0
1.34411193e+00 4.53824854e-01 0
1.20729005e+00 9.59241470e-01 0
8.23676077e-01 7.74196356e-01 0
2.56253637e+00 1.39134692e+00 0
1.70065115e+00 8.11227978e-01 0
1.27124844e+00 1.16011770e+00 0
1.23977944e+00 1.10124334e+00 0
1.20903285e+00 7.14794751e-01 0
9.62881277e-01 9.31444090e-01 0
1.74785064e+00 1.13131507e+00 0
1.77890736e+00 1.02995386e+00 0
2.07609894e+00 1.21153750e+00 0
1.82337927e+00 1.02582273e+00 0
1.98088324e+00 1.38770177e+00 0
1.90702256e+00 7.94153202e-01 0
1.77230007e+00 7.29769215e-01 0
1.57532290e+00 1.55858365e+00 0
1.12548284e+00 9.53869283e-01 0
1.97919860e+00 8.38163831e-01 0
2.12916551e+00 1.78512178e+00 0
1.71215377e+00 1.14933627e+00 0
2.04062753e+00 1.02999808e+00 0
1.52712554e+00 7.22876982e-01 0
2.39250806e+00 1.75427782e+00 0
1.11823515e+00 1.59574665e+00 0
1.61169712e+00 7.49841462e-01 0
1.62731412e+00 7.56534711e-01 0
3.88747514e+00 8.87759931e-01 0
1.20923848e+00 9.15192179e-01 0
1.73765126e+00 1.27494790e+00 0
1.75484279e+00 1.26338926e+00 0
1.38002116e+00 6.67483876e-01 0
1.66501063e+00 7.77497151e-01 0
1.24586914e+00 9.37629149e-01 0
1.13793063e+00 8.71070380e-01 0
1.23847870e+00 9.91051987e-01 0
3.50156209e+00 1.06975008e+00 0
3.15623650e+00 1.24446012e+00 0
1.31644980e+00 6.23924241e-01 0
1.15443219e+00 9.41892216e-01 0
1.22341537e+00 9.48893203e-01 0
1.21947493e+00 9.74714988e-01 0
1.74900432e+00 8.64130030e-01 0
6.28259210e-01 3.31562567e-01 0
1.49383185e+00 1.29459852e+00 0
1.84209103e+00 1.38408739e+00 0
3.99259404e-01 1.48155202e+00 0
1.27616866e+00 1.19932682e+00 0
1.25021113e+00 1.27123485e+00 0
9.66692056e-01 1.08096017e+00 0
1.23269882e+00 1.06073289e+00 0
1.18584858e+00 1.44455730e+00 0
1.83076393e+00 6.42957463e-01 0
1.77563476e+00 1.91919122e+00 0
1.90129063e+00 1.24250267e+00 0
9.90289031e-02 1.60140321e+00 0
1.21204465e+00 1.10684737e+00 0
1.49532861e+00 1.35066073e+00 0
2.37657069e+00 2.73060959e-01 0
1.29343735e+00 1.15679248e+00 0
1.78273289e+00 1.34638667e+00 0
1.51252225e+00 1.37582908e+00 0
1.75115406e+00 1.15282908e+00 0
1.78184852e+00 6.26411916e-01 0
1.72349861e+00 8.02697769e-01 0
1.97591683e+00 1.14258136e+00 0
1.17735962e+00 3.84761453e-01 0
1.67291489e+00 1.19337251e+00 0
1.82227470e+00 9.60365106e-01 0
1.55859848e+00 1.34344488e+00 0
1.53308850e+00 1.72032568e+00 0
1.89397054e+00 1.06881099e+00 0
1.61759433e+00 1.23398815e+00 0
9.33178664e-01 3.86417271e-01 0
1.09459232e+00 7.60254269e-02 0
1.74203864e+00 6.08723290e-01 0
1.58929300e+00 1.82534453e+00 0
1.00871791e+00 1.35528118e+00 0
2.39674528e+00 5.08136647e-01 0
1.77358869e+00 9.41607362e-01 0
1.68258735e+00 1.65047247e+00 0
1.50476262e+00 7.40526567e-01 0
1.19025671e+00 9.73072191e-01 0
2.15981315e+00 8.48646536e-01 0
2.41282509e+00 1.06420737e+00 0
1.06859106e+00 7.72065635e-01 0
1.34515762e+00 1.27579237e+00 0
1.26043197e+00 8.07224130e-01 0
1.17767116e+00 6.92068757e-01 0
1.36776327e+00 7.53287600e-01 0
1.33200171e+00 3.74004937e-01 0
1.28424539e+00 4.47783361e-01 0
1.82162651e+00 1.30282974e+00 0
1.82940915e+00 1.33046940e+00 0
1.57219884e+00 1.93616275e+00 0
1.54536905e+00 7.44012743e-01 0
1.28218048e+00 8.05296614e-01 0
1.05461722e+00 1.13790088e+00 0
2.51032989e+00 3.94908846e-01 0
1.60984257e+00 6.91329747e-01 0
2.49445730e+00 1.28123577e+00 0
1.37001762e+00 1.28756177e+00 0
1.02446336e+00 2.92739646e-01 0
2.83598377e+00 1.20831876e+00 0
9.70215617e-02 1.01692657e-01 0
1.82018811e+00 7.39378051e-01 0
1.74226804e+00 6.59091186e-01 0
1.66431177e+00 1.35501487e+00 0
8.35247300e-01 9.35231176e-01 0
1.66177675e+00 1.22895254e+00 0
1.20683481e+00 9.32230897e-01 0
6.27451104e-01 1.90806159e+00 0
1.54115961e+00 1.32115512e+00 0
1.13613436e+00 1.18470435e+00 0
1.99510298e+00 1.54417199e+00 0
1.87809451e+00 6.58181740e-01 0
2.31241421e+00 2.06417999e-01 0
1.28150900e+00 8.24067791e-01 0
1.04589826e+00 9.69423961e-01 0
1.75514868e+00 1.39788640e+00 0
1.22308146e+00 8.55379311e-01 0
1.50753958e+00 1.28025603e+00 0
1.06714598e+00 1.29925408e+00 0
1.07680236e+00 1.05035970e+00 0
1.43347438e+00 1.63139314e+00 0
1.39139450e+00 1.64670584e+00 0
1.43264531e+00 6.10528644e-01 0
3.89599457e+00 4.40880215e-01 0
1.43450547e+00 5.20675251e-01 0
1.19387666e+00 1.09377667e+00 0
1.28321746e+00 7.01694592e-01 0
1.75887732e+00 6.98015466e-01 0
1.74097092e+00 5.15941976e-01 0
1.80143102e+00 5.72983518e-01 0
9.51679712e-01 6.95798015e-01 0
1.64011806e+00 1.24300359e+00 0
1.42769779e+00 1.29782782e+00 0
1.40649827e+00 7.56818328e-01 0
2.02605447e+00 9.25831188e-01 0
1.55798787e+00 7.25881256e-01 0
1.42451797e+00 1.77721336e+00 0
1.68043497e+00 1.31990174e+00 0
3.34254879e+00 1.01537819e+00 0
1.69954797e+00 1.29076396e+00 0
2.03741358e+00 7.52059176e-01 0
1.87742722e+00 9.74911726e-01 0
1.54770484e+00 1.38309952e+00 0
1.79989636e+00 9.40264957e-01 0
1.20903709e+00 1.07674687e+00 0
7.36422189e-01 1.07336566e+00 0
1.46183579e+00 6.51317702e-01 0
3.54951046e+00 8.84249863e-01 0
2.84148907e+00 1.90878612e+00 0
6.11373004e-01 1.17386030e+00 0
1.12334436e+00 7.81238160e-01 0
1.71213785e+00 8.47025205e-01 0
1.34971401e+00 1.23163185e+00 0
1.18292253e+00 1.56433721e+00 0
2.03176489e+00 8.24408891e-02 0
1.48521425e+00 1.46893856e+00 0
2.94220668e+00 2.60275600e-01 0
2.07168072e+00 9.61042131e-01 0
1.62458236e+00 1.35206067e+00 0
1.24482126e+00 1.16830330e+00 0
1.25974037e+00 1.20826732e+00 0
1.74953740e+00 8.89824196e-01 0
1.25613910e+00 1.08473979e+00 0
7.66045973e-01 1.52822262e+00 0
1.32370895e+00 7.41184871e-01 0
1.67352335e+00 1.74220618e+00 0
1.84745323e+00 1.15198976e+00 0
1.38349385e+00 7.89154450e-02 0
1.26255715e+00 1.13714301e+00 0
1.01980625e+00 8.03926020e-01 0
1.14745624e+00 6.01922004e-01 0
7.73429178e-01 9.35934460e-01 0
1.67796334e+00 6.92141396e-01 0
1.77707279e+00 9.72831328e-01 0
1.47868223e+00 1.30725424e+00 0
1.76244398e+00 1.16954492e+00 0
1.35107282e+00 1.30602872e+00 0
1.38087411e+00 1.69350836e+00 0
1.87537511e+00 1.01070184e+00 0
1.80819280e+00 1.00532497e+00 0
1.98566463e+00 1.05268409e+00 0
1.60911543e+00 5.38470348e-01 0
1.33921872e+00 1.29217412e+00 0
1.80177850e+00 5.04008327e-01 0
2.24612437e+00 1.80609146e+00 0
9.30235104e-01 4.91745484e-01 0
2.53142957e+00 8.42924730e-01 0
1.43973996e+00 1.44989397e+00 0
8.61932932e-02 4.77588779e-01 0
1.52096905e+00 6.10819309e-01 0
1.79434734e+00 8.81894426e-01 0
1.09264164e+00 9.48633247e-01 0
9.97311938e-01 6.87836250e-01 0
1.70268150e+00 5.75020687e-01 0
2.10368843e+00 8.40342080e-01 0
1.71026621e+00 6.86712142e-01 0
1.11150938e+00 1.92245757e+00 0
3.25092104e+00 2.45666766e-01 0
4.95683107e-01 1.34148480e+00 0
2.10211134e+00 1.40262526e+00 0
3.19650486e+00 1.58657424e+00 0
1.65308465e+00 1.26675898e+00 0
6.18905834e-01 1.02348237e+00 0
1.52046628e+00 1.30035892e+00 0
1.71925922e+00 1.13928728e+00 0
1.80526086e+00 7.10626385e-01 0
1.49338964e+00 7.40191830e-01 0
2.12291748e+00 7.04898605e-01 0
1.98052600e+00 9.02864192e-01 0
1.42973525e+00 7.34405459e-01 0
1.01774290e+00 1.09134127e+00 0
1.23119176e+00 9.30118466e-01 0
1.22231543e+00 9.94292419e-01 0
1.79884490e+00 1.12656126e+00 0
1.42193202e+00 1.72277566e+00 0
2.36250127e+00 8.01003299e-01 0
3.30234949e-01 1.76313071e+00 0
1.16403782e+00 1.08974541e+00 0
1.70400783e+00 1.27339951e+00 0
1.12754162e+00 1.07918468e+00 0
1.75813134e+00 9.62411760e-01 0
1.67563378e+00 1.21411347e+00 0
1.88787748e+00 1.57432358e+00 0
1.71118808e+00 8.27804458e-01 0
1.52708243e+00 1.27556282e+00 0
1.40744818e+00 7.17841582e-01 0
2.34228994e+00 1.23817822e+00 0
2.89957810e-01 1.57279030e+00 0
1.04715190e+00 1.18526703e+00 0
1.81641709e+00 3.93499001e-01 0
1.14343772e+00 9.14489427e-01 0
1.69045556e+00 1.52996251e+00 0
1.43689595e+00 4.17458729e-01 0
1.79142119e+00 7.94588128e-01 0
1.73614535e+00 1.23552310e+00 0
1.25360831e+00 1.17990760e+00 0
1.85356125e+00 1.12661946e+00 0
1.39657288e+00 1.29812397e+00 0
2.05923103e+00 3.43300012e-01 0
1.94046275e+00 1.19239018e+00 0
1.75034459e+00 1.10953092e+00 0
1.17793121e+00 2.91769177e-01 0
1.49240868e+00 6.88531920e-01 0
1.42924060e+00 6.94446796e-01 0
1.76965176e+00 1.04836004e+00 0
2.10446619e+00 1.07678990e+00 0
1.19266392e+00 7.44780996e-01 0
1.11739928e+00 1.00267754e+00 0
1.43899756e+00 2.44422320e-01 0
1.68928227e+00 1.36282178e+00 0
3.12676485e+00 1.08948862e+00 0
2.36263660e-01 2.25349469e-01 0
1.11898064e+00 7.32477346e-01 0
1.22233733e+00 6.54813366e-01 0
1.77511174e+00 1.08638125e+00 0
1.32379031e+00 7.80672895e-01 0
1.11048326e+00 5.38528690e-01 0
1.53442388e+00 7.01912450e-01 0
1.13997500e+00 1.00952858e+00 0
1.36676393e+00 7.76038175e-01 0
2.74893211e+00 2.56547344e-01 0
9.45872286e-01 1.59315339e+00 0
1.63854780e+00 1.26566377e+00 0
1.23769816e+00 1.23006279e+00 0
1.70278656e+00 1.23478695e+00 0
1.36089628e+00 7.26981056e-01 0
1.43537197e+00 6.74551153e-01 0
1.63002283e+00 1.29137996e+00 0
1.15084548e+00 1.05257655e+00 0
1.74804905e+00 1.58947976e+00 0
1.24068556e+00 8.49141949e-01 0
1.50626280e+00 6.04904809e-02 0
1.62007069e+00 1.47536443e+00 0
1.26696306e+00 6.57438529e-01 0
1.83181430e+00 1.11817100e+00 0
1.34212790e+00 1.45720437e+00 0
1.75159340e+00 8.36578744e-01 0
1.30235083e+00 1.34621819e+00 0
1.81180964e+00 1.26292977e+00 0
1.76049691e+00 1.09004718e+00 0
1.33863907e+00 7.10965873e-01 0
2.04013025e+00 1.22687381e+00 0
1.62106860e+00 1.24811295e+00 0
1.76593569e+00 1.06912790e+00 0
2.67544091e+00 1.90922857e+00 0
7.22500523e-01 1.17958074e+00 0
1.31460099e+00 1.62498891e+00 0
7.90834523e-01 1.23180269e+00 0
1.91289042e+00 1.08189830e+00 0
1.39365273e+00 1.23810362e+00 0
6.51418767e-01 8.46184026e-01 0
7.53949140e-01 6.86324327e-01 0
2.07873578e-01 7.77214348e-01 0
1.31191352e+00 1.36862132e+00 0
1.53496412e+00 7.43542274e-01 0
1.17289732e+00 1.31024612e+00 0
1.35670331e+00 1.24969340e+00 0
1.86348004e+00 1.16516949e+00 0
1.95353515e-01 5.91171757e-01 0
3.52591224e+00 1.65268886e+00 0
1.54701054e+00 1.26956743e+00 0
4.16504432e-01 8.62757071e-01 0
1.73737060e+00 1.52746319e+00 0
1.93836156e+00 6.53538835e-01 0
1.82088017e+00 1.14938698e+00 0
9.66756825e-01 1.05091527e+00 0
8.27126555e-01 1.09127274e+00 0
2.94787355e+00 8.48940017e-02 0
1.35213491e+00 7.87011397e-01 0
1.19954385e+00 9.86010547e-01 0
2.65139213e+00 7.30953879e-02 0
1.29617461e+00 1.39142802e+00 0
1.26843816e+00 7.32413446e-01 0
1.46609299e+00 1.25839321e+00 0
1.32005797e+00 1.18651179e+00 0
1.10421883e+00 1.11454258e+00 0
1.51991168e+00 1.33762879e+00 0
1.89747760e+00 7.48696680e-01 0
2.18281952e+00 1.10334811e+00 0
1.56355923e+00 6.90189294e-01 0
1.20117586e+00 6.04542868e-01 0
1.88259215e+00 1.03044308e+00 0
1.56741066e+00 1.26690395e+00 0
1.91526355e+00 5.51082459e-01 0
8.37594231e-02 8.41613392e-01 0
1.75193574e+00 1.05700851e+00 0
1.75676408e+00 1.03519330e+00 0
8.58017923e-01 7.76843945e-02 0
1.27920468e+00 7.53911202e-01 0
3.92312754e-01 1.04381236e+00 0
1.74114558e+00 1.09259148e+00 0
1.85275359e+00 1.00878887e+00 0
1.27462221e+00 8.42732900e-01 0
1.47235299e+00 7.28821893e-01 0
2.14554589e+00 1.52790899e+00 0
1.22972187e+00 1.16156324e+00 0
1.18066392e+00 9.10774632e-01 0
2.13087508e+00 1.34206667e+00 0
1.68093464e+00 4.87610992e-01 0
1.78259270e+00 1.10015398e+00 0
1.97582462e+00 1.62798356e+00 0
1.82377132e+00 1.68055686e+00 0
1.55942825e+00 6.57408551e-01 0
1.16214972e+00 8.48353875e-01 0
1.79062592e+00 1.07373957e+00 0
7.10103620e-01 1.01667026e-01 0
1.38284046e+00 1.44740942e+00 0
3.18227249e+00 8.83648006e-02 0
1.74829461e+00 9.26058814e-01 0
1.28185354e+00 5.40368717e-01 0
1.38870789e+00 7.15518553e-01 0
1.19627478e+00 8.82151667e-01 0
1.86570627e+00 1.20593973e+00 0
1.47764896e+00 1.38403871e+00 0
2.14765297e+00 1.64163020e+00 0
3.66802312e+00 1.74682562e+00 0
1.21236546e+00 8.02273457e-01 0
1.28561334e+00 1.17552483e+00 0
2.23389448e+00 1.49439561e+00 0
1.35976778e+00 7.63777242e-01 0
7.54524565e-01 1.81040967e+00 0
1.40232618e+00 1.35745022e+00 0
1.59537686e+00 1.33878484e+00 0
2.12776279e+00 1.21525975e+00 0
1.47593489e+00 1.41731846e+00 0
1.24257735e+00 1.02532710e+00 0
1.64867923e+00 7.69946232e-01 0
1.98282387e+00 1.42967400e+00 0
1.86497740e+00 8.97272561e-01 0
1.81055584e+00 9.82785396e-01 0
1.72605316e+00 7.49145153e-01 0
1.08293863e+00 1.23845045e+00 0
1.26280872e+00 8.60908386e-01 0
2.88767543e+00 6.69136581e-01 0
6.54428389e-01 2.53128576e-01 0
1.31862546e+00 7.95958726e-01 0
1.68887760e+00 1.17912031e+00 0
1.85471303e+00 1.04068780e+00 0
1.43454936e+00 1.25051144e+00 0
1.74201689e+00 8.72612994e-01 0
5.28319552e-01 7.45574953e-01 0
1.91364145e+00 9.98073056e-01 0
1.26767371e+00 1.38168976e+00 0
1.27071828e+00 6.34917075e-01 0
1.82690164e+00 8.04973500e-01 0
2.75001737e-01 8.56503943e-01 0
9.16099473e-01 1.44064333e+00 0
1.30680594e+00 1.17443728e+00 0
1.80507165e+00 1.03306053e+00 0
1.11719667e+00 1.04037470e+00 0
1.84798403e+00 1.22790576e+00 0
1.29474752e+00 5.08360223e-01 0
1.77144257e+00 1.11144041e+00 0
1.77299790e+00 1.14131263e+00 0
1.78756767e+00 1.05813260e+00 0
1.15565742e+00 1.69285013e+00 0
1.12467978e+00 1.14542093e+00 0
2.02003558e+00 1.45380729e+00 0
2.09601643e+00 6.34677879e-01 0
2.88673379e+00 1.31975581e+00 0
1.12192519e+00 8.80715592e-01 0
8.25983925e-01 1.44121431e+00 0
1.28385301e+00 1.22171541e+00 0
1.33779388e+00 7.99001180e-01 0
2.79776862e-01 1.29847968e+00 0
1.01678532e+00 1.27937978e+00 0
2.24494847e-01 1.49504151e+00 0
1.04606491e+00 6.56612571e-01 0
1.93209772e+00 1.45144094e+00 0
1.43599578e+00 4.56079650e-01 0
3.74183786e-01 7.35564496e-01 0
1.83112914e+00 1.18405464e+00 0
1.16599695e+00 8.85456139e-01 0
1.17832221e+00 6.54052718e-01 0
1.71139627e+00 1.17307931e+00 0
2.98505680e+00 1.29412734e+00 0
1.87727440e+00 1.37587921e+00 0
1.52456930e+00 2.35723664e-01 0
2.15476321e+00 1.72328677e-01 0
6.48525352e-01 4.01522432e-01 0
1.47245642e+00 7.04778715e-01 0
1.45229151e+00 1.27198088e+00 0
4.80367957e-01 1.82076475e+00 0
1.42498403e+00 1.24782980e+00 0
1.76554998e+00 8.42227472e-01 0
1.35205937e+00 2.33610381e-01 0
3.30484044e+00 1.10980426e+00 0
1.01248958e+00 1.84645170e+00 0
2.21817872e+00 1.19640756e+00 0
2.31153947e+00 1.15346090e+00 0
1.93426332e+00 7.96087893e-01 0
8.86384069e-01 1.14353929e+00 0
7.86690949e-02 1.75799451e+00 0
1.23432209e+00 7.48562615e-01 0
1.34011071e+00 6.29717699e-01 0
3.60767946e+00 1.35034381e+00 0
2.66938880e+00 5.47936666e-01 0
1.63211797e+00 1.52730941e+00 0
1.49813640e+00 1.38562019e-01 0
9.83677158e-01 8.15437685e-01 0
1.65416700e+00 1.93689707e+00 0
1.89634322e+00 1.11416829e+00 0
1.61346288e+00 1.32430338e-01 0
1.59727795e+00 6.41497087e-02 0
5.35597375e-01 1.47180852e+00 0
1.28351228e+00 7.21595037e-01 0
1.60243359e+00 1.59160889e+00 0
2.38972876e+00 1.34899036e+00 0
1.14376798e+00 6.93775945e-01 0
1.85896733e+00 1.45704951e+00 0
1.79697614e+00 1.10241705e+00 0
1.39008907e+00 6.38992199e-01 0
1.80383282e+00 1.07985825e+00 0
3.32736764e-01 8.14266920e-02 0
1.26679155e+00 1.53032966e+00 0
1.79020487e+00 6.75363535e-01 0
2.51626749e+00 1.65535412e+00 0
3.60281613e-01 1.92716252e+00 0
1.24131721e+00 1.00549101e+00 0
1.36947274e+00 1.24185636e+00 0
1.56525472e+00 1.64756733e+00 0
1.86422108e+00 8.62665948e-01 0
8.68584010e-01 4.74397628e-01 0
1.72542979e+00 8.41735454e-01 0
1.43782824e+00 5.71731264e-01 0
1.69922421e+00 1.59948029e+00 0
1.42636504e+00 7.52471240e-01 0
6.00279822e-01 1.76422663e+00 0
1.67783038e+00 8.12589988e-01 0
1.44104690e+00 1.41019002e+00 0
1.56787958e+00 7.49116016e-01 0
3.57486832e+00 3.06516912e-01 0
1.31977940e+00 1.21360730e+00 0
2.22747229e+00 1.33597054e+00 0
1.25486944e+00 5.81079579e-01 0
1.53699243e+00 6.48033389e-01 0
1.51859820e+00 6.92573750e-01 0
2.26071890e+00 4.65710655e-01 0
1.12644409e+00 3.83466946e-01 0
1.30157537e+00 1.58087632e+00 0
1.52978629e+00 4.70114558e-01 0
1.09460165e+00 1.21160941e+00 0
3.28016464e+00 1.91236044e+00 0
1.20592754e+00 1.15139629e+00 0
1.07883768e+00 8.15317695e-01 0
1.08692567e+00 1.09744389e+00 0
1.06270047e+00 8.63262542e-01 0
2.40356005e+00 1.12605802e+00 0
1.85075198e+00 7.30754038e-01 0
1.73263348e+00 1.11258226e+00 0
1.19817137e+00 1.20677679e+00 0
8.54255537e-01 1.67472575e-01 0
1.52546771e+00 7.41732677e-01 0
1.96017874e+00 4.74840948e-01 0
1.65152733e+00 6.67630233e-01 0
1.79083450e+00 1.25743144e+00 0
1.22411522e+00 8.93450011e-01 0
1.93738372e+00 9.30781020e-01 0
9.19576722e-01 6.21297376e-01 0
1.15444394e+00 1.49516922e+00 0
1.15878130e+00 1.20231883e+00 0
1.16685530e+00 1.22611775e+00 0
1.41110367e+00 6.12045649e-01 0
2.16588098e-01 1.69002749e+00 0
1.63544395e+00 7.12889692e-01 0
5.35472670e-01 8.68631757e-01 0
1.84149356e+00 8.38423087e-01 0
1.70325422e+00 1.38224633e+00 0
1.53864000e+00 7.26935547e-01 0
2.75171083e+00 1.06144203e+00 0
1.19772362e+00 1.08009279e+00 0
3.46192942e+00 1.16838294e+00 0
1.76275678e+00 7.92154690e-01 0
2.46634314e+00 8.24442821e-01 0
2.48913571e+00 1.04640950e+00 0
2.81203730e+00 5.15368764e-01 0
1.39404859e+00 1.39814451e+00 0
1.12447373e+00 8.34216547e-01 0
1.12536002e+00 1.10188758e+00 0
1.59049592e+00 1.25868666e+00 0
1.10496011e+00 1.02180715e+00 0
1.23231545e+00 9.54269122e-01 0
1.22986194e+00 9.71474157e-01 0
1.32113838e+00 8.13972882e-01 0
1.74703513e+00 1.07493729e+00 0
2.34853250e+00 3.48596948e-01 0
2.68057275e+00 1.70355973e+00 0
1.74876906e+00 5.49552031e-01 0
9.66300608e-01 1.84970950e-01 0
1.87000889e+00 1.24830464e+00 0
1.30284981e+00 1.21343158e+00 0
1.45263550e+00 7.30989415e-01 0
1.05107593e+00 9.09637678e-01 0
1.81395678e+00 8.58608771e-01 0
9.55043198e-01 6.73065308e-02 0
1.43243458e+00 1.27260241e+00 0
1.29390948e+00 8.44132221e-01 0
1.24640823e+00 7.12583892e-01 0
2.26173530e+00 9.80431888e-01 0
1.75956884e+00 1.01237150e+00 0
2.16980176e+00 1.93110076e+00 0
1.95711120e+00 9.74837358e-01 0
3.62680197e+00 7.60769917e-01 0
2.05824303e+00 1.31944622e+00 0
1.28735769e+00 7.82636911e-01 0
1.65670547e+00 1.20598648e+00 0
1.28241400e+00 8.59647166e-01 0
1.74834221e+00 7.56780930e-01 0
1.64801243e+00 7.88173698e-01 0
1.44536768e+00 7.47965365e-01 0
1.47996973e+00 5.87435961e-01 0
1.51568569e+00 1.25825014e+00 0
1.87772993e+00 9.26699012e-01 0
3.99409431e-01 4.46367675e-01 0
1.28096529e+00 1.14014968e+00 0
1.53474836e+00 1.25635099e+00 0
1.54030610e+00 1.29343583e+00 0
1.02741617e+00 9.48981408e-01 0
1.26189115e+00 1.10368328e+00 0
1.70354281e+00 1.83619524e+00 0
1.29080034e+00 1.30369122e+00 0
1.52104429e+00 2.87483689e-01 0
6.63940864e-01 1.27481060e+00 0
4.71053017e-01 6.45220211e-01 0
1.46292015e+00 7.44941782e-01 0
1.57531787e+00 1.24776040e+00 0
4.08061868e-01 5.78459768e-01 0
1.20240879e+00 3.40878360e-01 0
1.85716062e+00 5.30618561e-01 0
1.40533801e+00 1.24108968e+00 0
1.66439614e+00 8.01050867e-01 0
1.25688626e+00 1.71792883e-01 0
1.33457227e+00 1.19803551e+00 0
1.35346279e+00 1.21264503e+00 0
1.46718759e+00 1.65615608e+00 0
1.68929803e+00 7.18946041e-01 0
1.12843677e+00 9.70334632e-01 0
1.88331061e+00 6.00815793e-01 0
1.66598839e+00 1.39448678e+00 0
2.50833081e+00 6.85885549e-01 0
6.02979280e-01 1.45795867e+00 0
1.97054641e+00 5.59255622e-01 0
1.20056685e+00 4.66378470e-01 0
8.04044109e-01 1.01663473e+00 0
1.45478341e+00 1.25477081e+00 0
1.26242897e+00 8.96877916e-01 0
1.56270522e+00 4.69506320e-01 0
1.65357436e+00 1.43365434e+00 0
3.01850139e+00 1.63682357e+00 0
1.63034102e+00 4.94724639e-01 0
1.76664640e+00 1.44472780e+00 0
2.10148396e-01 4.07003580e-01 0
3.77908629e+00 1.57930600e+00 0
4.04718386e-01 2.02512374e-01 0
1.34519364e+00 1.41042510e+00 0
1.67211021e+00 6.74595419e-01 0
1.43516007e+00 1.34670095e+00 0
1.36964548e+00 1.22255836e+00 0
1.86070780e+00 1.48952201e+00 0
5.57778694e-01 1.59363081e+00 0
1.23035490e+00 5.27542609e-01 0
3.13939626e+00 8.99016064e-01 0
1.67964375e+00 1.18589950e+00 0
1.23417383e+00 9.19831172e-01 0
1.76656511e+00 8.78082360e-01 0
9.95316343e-01 1.31021974e+00 0
1.56391148e+00 5.95191790e-01 0
1.30058429e+00 1.16446533e+00 0
1.63082871e+00 7.76788609e-01 0
1.40314530e+00 6.89429575e-01 0
1.76673710e+00 5.71310620e-01 0
3.46399632e+00 8.14043883e-02 0
5.26139761e-01 3.08799508e-01 0
2.99153235e+00 1.79449298e+00 0
1.23947820e+00 1.38050046e+00 0
1.37197208e+00 5.61128357e-01 0
1.59011675e+00 1.48309628e+00 0
2.66375692e+00 7.06491851e-01 0
1.59567866e+00 7.59769382e-01 0
1.46833087e+00 6.71218234e-01 0
4.63801447e-01 1.68205879e+00 0
2.70425337e+00 1.80398710e+00 0
1.79310473e+00 1.18712775e+00 0
1.33531435e+00 1.21643054e+00 0
3.65645974e+00 1.91696746e+00 0
1.00256940e+00 7.48312959e-01 0
1.18445437e+00 1.11941453e+00 0
2.61066705e+00 2.04421816e-01 0
1.44595670e+00 7.03865552e-01 0
1.79572175e+00 9.63491783e-01 0
1.75332347e+00 1.24504933e+00 0
2.27783119e+00 1.36151422e+00 0
1.86630875e+00 1.09883833e+00 0
1.27274342e+00 4.83583529e-01 0
1.31896128e+00 6.90810176e-01 0
7.92576278e-02 6.84932419e-01 0
1.69866268e+00 7.62701707e-01 0
1.56136547e+00 1.30929417e+00 0
1.71819437e+00 5.93599755e-02 0
1.91126163e+00 9.53395363e-01 0
7.56710908e-01 1.27591383e+00 0
1.68050012e+00 1.51283466e-01 0
1.09377886e+00 1.53236381e+00 0
2.25156219e+00 8.26514654e-01 0
1.30168031e+00 1.26052061e+00 0
1.78276235e+00 9.29707733e-01 0
1.19261030e+00 1.38768328e+00 0
2.81176580e+00 1.80582406e+00 0
2.16630960e+00 4.86156750e-01 0
1.33741647e+00 7.40219435e-01 0
2.10613657e+00 7.75532575e-01 0
1.33957250e+00 1.22838943e+00 0
1.83540363e+00 4.57870529e-01 0
1.03472901e+00 1.01142528e+00 0
1.75698626e+00 1.02499227e+00 0
1.44817075e+00 1.53339828e-01 0
1.83049153e+00 1.05101579e+00 0
1.77126091e+00 9.61433334e-01 0
2.64496644e+00 9.59011899e-01 0
3.51289907e+00 3.90636919e-01 0
1.65157818e+00 3.25551179e-01 0
1.21310211e+00 1.25583526e+00 0
1.69030799e+00 1.19865346e+00 0
5.13249476e-01 5.18598441e-01 0
1.41384170e+00 6.67149045e-01 0
7.93312507e-01 2.00507850e-01 0
1.01085815e+00 1.70080267e+00 0
1.57168635e+00 6.42284325e-01 0
1.77299733e+00 9.96530030e-01 0
2.47846770e+00 1.82278386e-01 0
1.24716471e+00 8.63343285e-01 0
2.00360884e+00 9.57349794e-01 0
1.58758210e+00 7.41579577e-01 0
3.89568343e+00 1.29787213e+00 0
1.14650068e+00 8.16385564e-01 0
1.63892542e+00 1.23271204e+00 0
6.11633253e-01 1.37305077e+00 0
1.65346470e+00 1.22340860e+00 0
1.16717082e+00 1.37492026e+00 0
1.20538214e+00 5.77455163e-01 0
1.07369425e+00 1.43318328e+00 0
2.65519409e-01 5.27711724e-01 0
3.42337523e+00 2.35105035e-01 0
3.46862860e+00 1.57449615e+00 0
1.24775409e+00 1.65840682e+00 0
1.48682267e+00 1.27055216e+00 0
1.28857476e+00 1.24097527e+00 0
1.44328017e+00 1.39066493e+00 0
1.50228736e+00 1.27116983e+00 0
1.78681954e+00 9.88129123e-01 0
1.59952757e+00 1.37438222e+00 0
1.83126943e+00 7.69452575e-01 0
1.71950137e+00 1.30846434e+00 0
1.71637522e+00 1.19553682e+00 0
6.67869412e-01 6.65300250e-01 0
2.74443392e+00 1.23894891e+00 0
1.57363245e+00 4.10243523e-01 0
1.32959129e+00 1.23758924e+00 0
1.59931358e+00 7.31274860e-01 0
1.22633331e+00 1.11692116e+00 0
1.21601148e+00 1.02434396e+00 0
3.48178071e+00 1.43366911e+00 0
1.30736141e+00 6.59721218e-01 0
1.32918253e+00 7.64685949e-01 0
1.20182531e+00 1.00915224e+00 0
3.75787292e+00 1.23273354e+00 0
1.37691636e+00 7.71461732e-01 0
1.28199183e+00 1.73713289e+00 0
1.09319032e+00 7.23980319e-01 0
1.08140423e+00 5.01590894e-01 0
1.86359627e+00 7.88953134e-01 0
1.46214093e+00 1.45218664e+00 0
3.35806649e+00 1.59124042e+00 0
1.25042420e+00 3.43084932e-01 0
1.98478366e+00 8.05513096e-01 0
1.32520181e+00 3.16924814e-01 0
1.39466283e+00 5.97303727e-01 0
1.60355580e+00 1.23660477e+00 0
1.25279204e+00 9.25070282e-01 0
1.30313059e+00 7.41666253e-01 0
2.80421751e+00 1.79506245e-01 0
1.61228686e+00 2.34293863e-01 0
1.67532887e+00 1.44523731e+00 0
2.58142666e+00 1.92401234e+00 0
2.27975273e+00 1.62094121e+00 0
6.70831831e-01 1.62842919e+00 0
1.38534893e+00 1.23103702e+00 0
2.52762078e+00 1.79813864e+00 0
1.87774904e+00 8.26213094e-01 0
7.17765545e-01 7.84117815e-01 0
1.40815924e+00 3.48526815e-01 0
1.70317352e+00 1.32949197e+00 0
1.51354577e+00 1.40016699e+00 0
1.70896490e+00 7.84356347e-01 0
1.29658175e+00 1.18304711e+00 0
1.35270840e+00 5.94839954e-01 0
1.61113629e+00 1.25403738e+00 0
9.62635773e-01 2.97509481e-01 0
1.81632233e+00 1.20334099e+00 0
1.35932044e+00 1.26456194e+00 0
1.69186754e+00 6.01470164e-01 0
1.55568285e+00 7.47954572e-01 0
2.17442948e+00 1.25276667e+00 0
3.43075172e+00 1.92013751e+00 0
2.54959153e+00 3.24120474e-01 0
3.24176422e+00 1.26308635e+00 0
1.10249758e+00 1.26220387e+00 0
1.49464919e+00 7.21550151e-01 0
3.63508585e+00 6.14092891e-01 0
1.24998068e+00 1.06316223e+00 0
1.54693956e+00 6.83802542e-01 0
1.59956136e+00 1.28878758e+00 0
1.95654174e+00 1.04000413e+00 0
1.19567682e+00 1.03029526e+00 0
1.65900849e+00 5.39526601e-01 0
1.83427907e+00 1.06734564e+00 0
1.22464427e+00 1.48028671e+00 0
2.06093324e+00 8.87088037e-01 0
1.00800988e+00 4.59647996e-01 0
3.53446220e-01 8.18434300e-01 0
1.25502697e+00 1.79265428e+00 0
5.76370921e-01 1.07300334e+00 0
2.90094007e+00 5.83831390e-01 0
3.11197175e+00 1.54583925e+00 0
1.13686333e+00 1.41690248e+00 0
1.47208434e+00 4.10893568e-01 0
1.30397484e+00 8.14499945e-01 0
1.62845071e+00 4.42891528e-01 0
1.29260991e+00 8.26154657e-01 0
1.27773193e+00 3.07535323e-01 0
6.41084824e-01 9.01776612e-01 0
1.62470561e+00 7.31556578e-01 0
1.83786094e+00 6.94536971e-01 0
1.75144726e+00 1.73942455e+00 0
3.92136620e+00 1.43709876e+00 0
3.34832051e+00 8.04725147e-02 0
1.58633805e+00 1.29834777e+00 0
1.78112858e+00 1.40192825e+00 0
2.47113251e+00 1.51567912e+00 0
8.95397713e-01 1.21610952e+00 0
1.65878779e+00 7.07677944e-01 0
9.47296341e-01 1.49615152e+00 0
3.92469627e+00 1.03783795e+00 0
1.78330068e+00 8.90898735e-01 0
2.18139798e+00 1.15950780e+00 0
1.32222699e+00 1.47101140e+00 0
1.22585918e+00 1.58304836e+00 0
2.23820211e+00 7.56405458e-02 0
1.82589485e+00 8.68699373e-01 0
1.41878564e+00 6.45580876e-01 0
2.47965313e+00 1.19949494e+00 0
1.91455288e+00 1.29359840e+00 0
1.77082612e+00 3.06220732e-01 0
3.93029515e+00 1.64899405e+00 0
1.22000379e+00 6.78987793e-01 0
7.29291408e-01 1.41073845e+00 0
5.21984047e-01 9.83447941e-01 0
1.79706620e+00 1.22590063e+00 0
1.70704889e+00 7.20970563e-01 0
1.24907746e+00 7.57363892e-01 0
1.96500633e+00 9.30772430e-01 0
1.97506800e+00 9.54661725e-01 0
3.28226171e+00 1.75247783e+00 0
1.46398224e+00 1.26984346e+00 0
1.38954547e+00 5.40370584e-01 0
1.98683901e+00 3.11232774e-01 0
6.81776847e-02 1.14996091e+00 0
3.77430147e+00 3.26728942e-01 0
1.09687706e+00 1.28927675e+00 0
1.61261307e+00 7.67807690e-01 0
1.90084656e+00 1.17211685e+00 0
1.22280191e+00 1.00548506e+00 0
1.92814434e+00 1.49203312e+00 0
8.39518455e-01 6.32704426e-01 0
3.98870170e-01 1.35631973e+00 0
1.37548273e+00 1.37841910e+00 0
1.30133387e+00 7.85509646e-01 0
1.34976367e+00 1.94521533e+00 0
1.46094162e+00 6.30629485e-01 0
2.43767805e+00 1.67573208e+00 0
1.18152706e+00 9.27194168e-01 0
1.61068844e+00 5.89768778e-01 0
1.79795612e+00 7.77493237e-01 0
1.30765089e+00 6.01562341e-01 0
1.40583236e+00 1.32593902e+00 0
9.98377766e-01 9.10449347e-01 0
4.14447974e-01 1.62402646e+00 0
2.99361304e+00 1.17611118e+00 0
2.04621535e+00 6.44083345e-01 0
1.09392033e+00 1.16183056e+00 0
2.68511540e+00 4.16423588e-01 0
1.73677926e+00 1.13204637e+00 0
1.46111761e+00 1.69775720e+00 0
8.31792504e-01 3.74384925e-01 0
8.30991016e-01 8.65834254e-01 0
2.67447745e+00 1.12332421e+00 0
1.48876854e+00 5.37791087e-01 0
1.23694913e+00 8.22936775e-01 0
1.32518641e+00 1.26588660e+00 0
1.76620946e+00 9.18465455e-01 0
1.75183219e+00 1.37197307e+00 0
2.36850192e+00 1.93237083e+00 0
1.19456022e+00 8.54112946e-01 0
1.55846261e+00 1.28472342e+00 0
2.82133204e+00 3.40260483e-01 0
1.34580738e+00 7.78051729e-01 0
1.93556296e+00 6.21439058e-01 0
1.25634946e+00 8.80371934e-01 0
2.34265803e+00 1.44776867e+00 0
3.67557465e+00 4.58523661e-01 0
2.46168823e+00 2.63730540e-01 0
2.52154336e+00 5.41843129e-01 0
7.75931666e-01 1.46223189e+00 0
2.04318619e+00 5.22574165e-01 0
3.10205684e+00 1.17081015e+00 0
7.19295995e-01 4.19621098e-01 0
1.38926812e+00 1.24938575e+00 0
7.26479686e-01 1.58884449e+00 0
1.76316483e+00 9.37673090e-01 0
1.09121523e+00 5.68992496e-01 0
6.86072044e-01 6.06289147e-01 0
1.68054093e+00 7.95979818e-01 0
2.43302146e+00 1.30118224e+00 0
1.27529205e+00 8.32339155e-01 0
1.34252435e+00 1.35240970e+00 0
2.32523721e+00 1.81055646e+00 0
1.60988528e+00 7.20722337e-01 0
6.80051515e-01 1.10166421e+00 0
1.17993081e+00 1.73689632e+00 0
1.88843989e+00 1.20677040e+00 0
8.66921123e-01 1.52972176e+00 0
1.69254551e+00 8.28898602e-01 0
1.51794331e+00 1.28438743e+00 0
2.05793646e+00 1.69179809e+00 0
1.09665178e+00 6.32413089e-01 0
9.30031215e-01 1.16156335e+00 0
1.79078265e+00 1.02133416e+00 0
1.45336458e+00 1.29124287e+00 0
1.33026736e+00 1.56076890e+00 0
1.15565177e+00 1.10659365e+00 0
3.34682121e+00 4.79199158e-01 0
5.55791674e-01 1.19330964e+00 0
2.32387801e+00 8.96904813e-01 0
2.26574457e+00 5.35428942e-01 0
7.52680159e-02 1.45390574e+00 0
1.67244456e+00 1.22481570e+00 0
2.47718978e+00 1.44198203e+00 0
1.22600401e+00 6.23856856e-01 0
1.40042311e+00 4.71960538e-01 0
1.37316547e+00 1.80011492e+00 0
1.15236905e+00 1.27155278e+00 0
1.92767050e+00 1.34024870e+00 0
1.50562895e+00 7.23201958e-01 0
1.51574061e+00 7.15318796e-01 0
5.97790919e-01 1.84768014e-01 0
2.93323549e+00 1.92230774e+00 0
1.59504859e+00 6.60783157e-01 0
2.50257894e+00 9.71356773e-01 0
1.80320149e+00 1.59761738e+00 0
1.33602832e+00 5.44351831e-01 0
1.63280948e+00 1.25173484e+00 0
1.62766143e+00 1.39443708e+00 0
1.66615692e+00 2.45815261e-01 0
2.03999662e+00 1.55191445e+00 0
1.73479700e+00 7.22130889e-01 0
1.77391346e+00 1.05840813e+00 0
1.77945335e+00 1.04049122e+00 0
1.69765625e+00 1.18804994e+00 0
1.12747293e+00 9.17022407e-01 0
1.75430246e+00 1.12190909e+00 0
1.76061068e+00 1.10352381e+00 0
9.15075506e-01 1.03664451e+00 0
1.70360787e+00 6.26595933e-01 0
8.10726720e-01 6.76925811e-01 0
8.53013475e-01 1.01462966e+00 0
1.86056911e+00 1.06150990e+00 0
2.25672737e+00 7.21278350e-01 0
1.41448155e+00 1.27953579e+00 0
1.06905409e+00 1.73906361e+00 0
1.36217812e+00 1.61595614e+00 0
1.89184887e+00 1.43677597e+00 0
2.99708862e+00 3.35667614e-01 0
1.70699393e+00 1.20754420e+00 0
3.06339922e+00 6.34540419e-01 0
2.96188768e+00 1.48605046e+00 0
1.04650948e+00 8.25113991e-01 0
1.86727072e+00 1.29619416e+00 0
1.38818630e+00 6.97320117e-01 0
1.99617039e+00 1.19152806e+00 0
1.72731687e+00 1.15866735e+00 0
1.87473465e+00 9.57917774e-01 0
1.58550923e+00 1.38869284e+00 0
2.35071680e+00 1.57683929e+00 0
1.29701100e+00 7.29198071e-01 0
5.27008698e-01 2.18537394e-01 0
1.88686112e+00 1.13358332e+00 0
1.31299005e+00 1.19491785e+00 0
1.30627168e+00 7.96338538e-01 0
1.75698547e+00 2.09750373e-01 0
1.89819231e+00 9.15189704e-01 0
2.43607552e+00 1.92162154e+00 0
1.92566446e+00 9.11437833e-01 0
1.02006745e+00 1.53749627e+00 0
1.62146881e+00 1.44983985e+00 0
1.09675075e+00 9.11950936e-01 0
3.14585869e+00 1.80420032e+00 0
5.36435285e-01 1.66382708e+00 0
1.28847560e+00 6.68581650e-01 0
1.23616269e+00 4.92696460e-01 0
1.54822377e+00 7.20811309e-01 0
9.40137944e-01 8.93852810e-01 0
1.21097602e+00 8.33067091e-01 0
1.94554900e+00 1.72139218e+00 0
1.26474063e+00 8.47484388e-01 0
1.78882892e+00 8.48621127e-01 0
1.08651837e+00 1.36893005e+00 0
1.56957269e+00 7.16413708e-01 0
1.95050110e+00 1.01567530e+00 0
2.27242629e+00 1.25794873e+00 0
1.02688928e+00 1.04457374e+00 0
2.80801250e+00 6.87654422e-01 0
2.71024576e+00 7.96359579e-01 0
4.37504810e-01 5.18279006e-01 0
1.59603378e+00 3.78891586e-01 0
1.81008494e+00 6.27410741e-01 0
1.46638483e+00 5.59434618e-01 0
2.00731819e+00 1.03245567e+00 0
1.82783715e+00 9.34421513e-01 0
1.76866134e+00 7.67089565e-01 0
2.30656702e+00 6.26508905e-01 0
1.51120159e+00 1.46828640e+00 0
3.92380331e+00 7.21487524e-01 0
1.18295899e+00 1.52605944e+00 0
1.74360534e+00 8.54373590e-01 0
1.37811853e+00 1.32826151e+00 0
1.20882088e+00 1.22295702e+00 0
1.89305101e+00 7.15147125e-01 0
1.10344480e+00 3.40606630e-01 0
1.20504020e+00 2.50399256e-01 0
1.71825057e+00 1.25379492e+00 0
1.50797571e+00 6.82454402e-01 0
1.38961074e+00 7.50092764e-01 0
1.04769627e+00 1.27402079e+00 0
1.29145217e+00 1.27086141e+00 0
5.67180322e-01 8.06869484e-01 0
1.29906360e+00 1.84914329e+00 0
1.94027858e+00 1.11419892e+00 0
2.17070355e+00 8.00896973e-01 0
1.69502180e+00 1.22112327e+00 0
1.57347974e+00 5.70145598e-01 0
1.79085228e+00 1.77990342e+00 0
2.05854864e+00 1.38935297e+00 0
1.91274940e+00 1.79521663e+00 0
1.14218999e+00 8.53015674e-01 0
1.54785806e+00 1.30861113e+00 0
1.07964487e+00 1.14395529e+00 0
1.22175934e+00 9.37432182e-01 0
1.21528179e+00 9.85043100e-01 0
1.63509805e+00 3.86947988e-01 0
1.27314535e+00 1.12125633e+00 0
2.17360579e+00 3.94704552e-01 0
1.19292680e+00 8.30308324e-01 0
1.92585145e+00 1.14842028e+00 0
1.27149567e+00 1.47586185e+00 0
1.37482432e+00 1.26502701e+00 0
1.94646977e+00 7.67777820e-01 0
1.77512784e+00 8.65782497e-01 0
1.39822710e+00 1.25573121e+00 0
1.40898282e+00 1.27098498e+00 0
1.75452739e+00 8.08848078e-01 0
3.47607040e+00 7.15716102e-01 0
1.54170006e+00 1.43425343e+00 0
1.14262751e+00 1.07025106e+00 0
3.77962287e-01 1.12222597e+00 0
1.20460174e+00 6.94202026e-01 0
1.73431114e+00 7.96957972e-01 0
1.26604116e+00 1.28327033e+00 0
2.91546738e+00 1.63362827e+00 0
1.30362294e+00 6.96599876e-01 0
1.36292407e+00 1.50467858e+00 0
9.16972538e-01 1.53977741e+00 0
3.92489088e+00 1.23174557e+00 0
1.17126035e+00 1.33491399e+00 0
3.44492706e+00 5.15508872e-01 0
1.97531759e-01 1.91815077e+00 0
1.80209031e+00 8.08808807e-01 0
1.21110285e+00 1.13878019e+00 0
1.28174228e+00 5.93712173e-01 0
7.97913340e-01 1.12776712e+00 0
7.70424682e-01 9.80668737e-01 0
3.79943171e+00 1.16218440e+00 0
1.12425533e+00 1.30619136e+00 0
1.37771724e+00 4.49646280e-01 0
3.93134929e+00 3.50804640e-01 0
1.15714903e+00 1.13610870e+00 0
7.73033228e-01 5.45655421e-01 0
1.15191092e+00 5.60552783e-01 0
1.75789548e+00 9.99856145e-01 0
1.95122377e+00 1.28553964e+00 0
1.14760405e+00 7.95420120e-01 0
1.59305145e+00 1.52062753e+00 0
1.23290822e+00 7.80686670e-01 0
1.70204397e+00 4.25795458e-01 0
1.08456039e+00 1.57101916e+00 0
1.21828651e+00 1.18198473e+00 0
1.53613386e+00 4.07192594e-01 0
2.45672133e+00 1.82042436e+00 0
1.40661667e+00 6.32794672e-01 0
2.01536655e+00 1.09790032e+00 0
1.48926311e+00 7.12276928e-01 0
1.23170168e+00 1.42227190e+00 0
1.82859722e+00 9.15906723e-01 0
1.97286124e+00 5.70281821e-02 0
1.22211959e+00 1.32246496e+00 0
2.18159880e+00 1.05244768e+00 0
2.53183955e+00 1.09124624e+00 0
1.35130953e+00 1.38453822e+00 0
2.00778680e+00 7.76785978e-01 0
1.65571431e+00 5.06127338e-01 0
1.49843526e+00 1.42400705e+00 0
1.88761783e+00 1.61585686e+00 0
2.04165703e+00 8.20721145e-01 0
1.73106049e+00 6.29594211e-01 0
2.08905029e+00 1.83631264e+00 0
2.09604676e+00 1.00883510e+00 0
3.78912622e+00 9.72840223e-01 0
1.23646865e+00 8.71316196e-01 0
1.43973477e+00 7.17242146e-01 0
1.69645137e+00 7.47714832e-01 0
1.67490562e+00 7.60085366e-01 0
1.27617916e+00 1.24903113e+00 0
2.92594666e-01 3.61066805e-01 0
1.20413926e+00 1.05221496e+00 0
1.33642452e+00 1.26636591e+00 0
6.79826378e-01 9.38005077e-01 0
2.45196061e+00 5.65419902e-01 0
1.00064977e+00 1.00285174e+00 0
2.06968145e+00 1.17278497e+00 0
1.73199646e+00 8.87603428e-01 0
1.49869510e+00 1.31976970e+00 0
6.40398848e-01 7.42163652e-01 0
1.77780911e+00 9.51298527e-01 0
1.63822465e+00 1.58081252e+00 0
2.43194916e+00 9.39717793e-01 0
1.96119054e+00 1.57190067e+00 0
1.14348116e+00 6.52134016e-01 0
1.65145291e+00 6.47203010e-01 0
1.38471788e+00 1.35923306e+00 0
1.95764004e+00 1.08911335e+00 0
5.61706252e-01 1.26097430e+00 0
8.34222437e-01 1.31078062e+00 0
1.57963159e+00 7.53579513e-01 0
1.57896982e+00 7.34996608e-01 0
1.23294910e+00 1.28637944e+00 0
1.43945017e+00 1.50005230e+00 0
3.70611184e+00 1.44015517e+00 0
1.54777636e+00 6.24246675e-01 0
6.15522782e-01 1.29641739e+00 0
1.24616949e+00 9.02343080e-01 0
1.74104764e+00 7.06318582e-01 0
2.16342451e+00 6.92392890e-01 0
8.59499107e-01 1.17620426e+00 0
2.12334121e+00 1.10753306e+00 0
2.11261944e+00 1.14160899e+00 0
9.83765664e-01 1.93160581e+00 0
1.73173212e+00 1.14235802e+00 0
2.03466290e+00 1.64106436e+00 0
2.25926147e-01 1.35396229e+00 0
8.54303819e-01 1.76370221e+00 0
3.33310339e+00 1.47668004e+00 0
1.22905229e+00 9.02940897e-01 0
1.49710503e+00 7.02483340e-01 0
1.77685493e+00 1.00677662e+00 0
1.25712623e+00 5.46964916e-02 0
2.18901591e+00 1.41814182e+00 0
2.84651830e+00 1.10189767e+00 0
1.84794118e+00 9.39059492e-01 0
1.76046944e+00 1.30848194e+00 0
1.21894512e+00 1.04714816e+00 0
1.18194840e+00 1.14887148e+00 0
1.17204787e+00 7.86321980e-01 0
1.71677101e+00 8.59302055e-01 0
5.78635064e-01 9.73012963e-01 0
1.09298044e+00 9.75105798e-01 0
1.47172469e+00 1.28521357e+00 0
1.16382764e+00 8.30740367e-01 0
1.34793678e+00 7.22047277e-01 0
3.54833529e+00 1.80363756e+00 0
1.25321902e+00 1.15814451e+00 0
3.78330973e+00 7.02853095e-01 0
2.05256522e+00 1.06289277e+00 0
1.52985529e+00 5.17152581e-01 0
1.16082282e+00 1.03506368e+00 0
1.59019148e+00 7.06812852e-01 0
1.22160236e+00 1.09507927e+00 0
1.14874901e+00 9.93980325e-01 0
3.13117315e+00 1.39862204e+00 0
8.07781234e-02 1.91906274e+00 0
1.88726625e+00 2.89557773e-01 0
1.36067638e+00 5.06710260e-01 0
1.72664299e+00 2.67914588e-01 0
2.91342522e+00 1.84127789e-01 0
3.30402083e+00 8.48599499e-01 0
4.84821806e-01 7.85812774e-02 0
1.80312246e+00 4.72560943e-01 0
1.73806902e+00 9.04818915e-01 0
5.35424776e-01 4.43296068e-01 0
1.79809088e+00 1.17245712e+00 0
3.20081787e+00 1.91899581e+00 0
1.29736006e+00 1.37599615e-01 0
1.75683897e+00 9.72801723e-01 0
1.67572965e+00 1.27079151e+00 0
1.37965262e+00 7.41726554e-01 0
1.50830369e+00 5.76048952e-01 0
1.65118203e+00 6.08281896e-01 0
4.43035596e-01 1.55185717e+00 0
3.79373805e+00 1.68908011e+00 0
2.32673820e+00 1.33015163e+00 0
1.20083775e+00 1.24220410e+00 0
1.14724714e+00 1.16846436e+00 0
1.74269160e+00 1.32655165e+00 0
1.93687077e+00 1.05162726e+00 0
3.05179275e+00 7.93921904e-01 0
4.73759763e-01 8.44723754e-01 0
1.77652857e+00 8.21846819e-01 0
1.79197906e+00 1.50737209e-01 0
7.97408773e-02 2.09732061e-01 0
1.35869837e+00 1.33775960e+00 0
1.56972395e+00 1.35819575e+00 0
2.74555612e+00 5.58221320e-01 0
1.73929072e+00 4.75061320e-01 0
1.47784570e+00 3.10501954e-01 0
1.12699337e+00 1.22315053e+00 0
7.17816913e-01 1.01544944e+00 0
6.18514658e-01 7.99561136e-01 0
1.71885162e+00 1.22632466e+00 0
8.44969517e-01 8.96422270e-01 0
7.99585019e-01 1.67226975e+00 0
1.24304132e+00 1.14215220e+00 0
2.17513891e+00 1.58944605e+00 0
2.23119345e+00 1.58937091e+00 0
3.34077283e+00 1.86753487e-01 0
5.12832162e-01 1.53989798e+00 0
1.32230950e+00 1.29215337e+00 0
1.24491082e+00 1.03546119e+00 0
1.95066270e+00 1.24127666e+00 0
1.21176333e+00 1.27644142e+00 0
4.13975960e-01 3.21056169e-01 0
1.03566727e+00 1.38430268e+00 0
1.75368787e+00 9.54049543e-01 0
1.61663287e+00 1.27410155e+00 0
1.14377845e+00 9.77322983e-01 0
1.37454415e+00 6.27713991e-01 0
9.70288236e-01 1.16994428e+00 0
1.18792560e+00 8.08490121e-01 0
9.44539340e-01 7.32387656e-01 0
9.06664110e-01 8.97351963e-01 0
1.37852924e+00 1.25194633e+00 0
1.68796473e+00 7.79361377e-01 0
1.83826926e+00 3.56563841e-01 0
1.94744900e+00 1.16326171e+00 0
2.82525313e+00 1.54319953e+00 0
3.15186164e+00 2.82939370e-01 0
1.86133723e+00 1.84373837e+00 0
1.92459840e+00 8.43434840e-01 0
1.79960802e+00 1.14654313e+00 0
1.53682841e+00 1.27845083e+00 0
1.47569825e+00 1.25654581e+00 0
1.73297492e+00 8.24445024e-01 0
8.67243867e-01 1.46924681e+00 0
1.09968682e+00 6.82621966e-01 0
1.50833808e+00 7.31835596e-01 0
1.88741301e+00 8.91377626e-01 0
1.70478886e+00 8.42940803e-01 0
2.73187592e+00 1.42851440e+00 0
2.24922149e+00 6.60240308e-01 0
9.58158005e-01 1.21899758e+00 0
1.03705325e+00 1.64947420e+00 0
2.00192782e+00 8.82416547e-01 0
1.57035653e+00 7.38429539e-01 0
9.82270334e-01 4.92592525e-01 0
1.29209632e+00 3.81626352e-01 0
6.34801186e-01 5.00492223e-01 0
3.91427751e+00 1.91767257e+00 0
1.84944951e+00 1.72008299e+00 0
1.44168956e+00 6.27566492e-01 0
1.05707446e+00 1.50354317e+00 0
1.96577972e+00 9.99032792e-01 0
1.34580648e+00 7.95141553e-01 0
3.63891035e+00 9.42738662e-01 0
1.48558081e+00 6.71529335e-01 0
8.60343597e-01 5.55984699e-01 0
3.71006362e+00 8.96818441e-01 0
2.12416756e-01 1.83405534e+00 0
1.71890443e+00 1.15653016e+00 0
1.75716536e+00 7.36482474e-01 0
1.77658455e+00 7.96605717e-01 0
1.91591850e+00 6.99830984e-01 0
1.05007988e+00 7.51290682e-01 0
2.38921798e+00 7.53926972e-02 0
3.92077316e+00 6.25992955e-01 0
1.64348152e+00 1.48878527e+00 0
3.92234978e+00 7.76983079e-02 0
1.36149610e+00 7.83748671e-01 0
1.30862219e+00 7.63602835e-01 0
1.88882719e-01 1.21359022e+00 0
1.24045413e+00 1.11148004e+00 0
1.08860802e+00 1.64936393e+00 0
1.91059488e+00 6.67349765e-01 0
1.81961652e+00 8.41499239e-01 0
1.68044213e+00 1.23495597e+00 0
7.09106006e-01 1.52744805e+00 0
2.07923509e+00 5.00029776e-01 0
1.84901698e+00 1.07122739e+00 0
1.69300319e+00 1.17042406e+00 0
1.58817613e+00 1.35686306e+00 0
1.37948110e+00 3.79296130e-01 0
3.61039556e+00 1.52091629e+00 0
5.06798504e-01 1.41501780e+00 0
1.05898265e+00 4.14841960e-01 0
6.67084064e-02 5.45158736e-01 0
7.72279619e-02 1.29434478e+00 0
1.30471694e+00 1.31426323e+00 0
1.43565266e+00 1.28934619e+00 0
1.58557378e+00 1.43639325e+00 0
1.75301547e+00 1.14298160e+00 0
1.90570968e+00 1.32521860e-01 0
1.02600912e+00 5.36155064e-02 0
8.81688834e-01 1.83728001e+00 0
1.30517091e+00 6.40058893e-01 0
1.06730676e+00 8.93540001e-01 0
1.76142060e+00 1.35383921e+00 0
1.67428233e+00 1.24923351e+00 0
1.07229591e+00 1.19047543e+00 0
1.27640628e+00 1.18838376e+00 0
1.15875677e+00 1.59543825e+00 0
7.22736866e-01 1.74521670e+00 0
1.18103430e+00 1.84706955e+00 0
1.25630046e+00 5.50780899e-01 0
2.06988574e+00 1.59184758e+00 0
3.61762058e+00 1.67535479e+00 0
1.30878481e+00 1.23266469e+00 0
2.25476797e+00 1.68359523e+00 0
1.26395808e+00 1.15444505e+00 0
1.86806946e+00 1.32581646e+00 0
1.45496946e+00 1.30407231e+00 0
1.75909763e+00 9.08998123e-01 0
1.13247173e+00 3.01719442e-01 0
1.67485203e+00 7.22446824e-01 0
3.93744789e+00 9.49890613e-01 0
3.06816224e+00 1.69250179e+00 0
1.81976768e+00 9.73095486e-01 0
5.74853564e-02 3.42933677e-01 0
1.65058595e+00 7.32680242e-01 0
1.41236594e+00 1.51937623e+00 0
1.25690524e+00 1.31414688e+00 0
1.71296590e+00 8.00662530e-01 0
9.69276439e-01 1.37782639e+00 0
1.80913387e+00 1.05584584e+00 0
1.83885564e+00 1.51998602e+00 0
1.61290930e+00 1.29996310e+00 0
3.80838801e+00 4.05885916e-01 0
1.73220786e+00 1.40472913e+00 0
1.87678749e+00 1.07066312e+00 0
3.80347616e+00 1.30291013e+00 0
6.17549077e-01 1.57244158e+00 0
2.42780096e+00 1.17232695e+00 0
3.61217882e+00 2.03456115e-01 0
1.78018121e+00 7.44680773e-01 0
1.44454166e+00 5.94176708e-01 0
1.34278652e+00 4.82486951e-01 0
9.98959196e-01 6.11322329e-01 0
1.11230614e+00 9.83067541e-01 0
1.32925512e+00 1.19108003e+00 0
1.62283338e+00 1.22735547e+00 0
2.13896317e+00 1.29686052e+00 0
1.36814515e+00 6.74149012e-01 0
7.51069713e-01 6.13882568e-01 0
1.64000618e+00 1.64131858e+00 0
1.13997351e+00 1.13317490e+00 0
2.14001807e+00 1.17137186e+00 0
1.77248654e+00 6.47449140e-01 0
1.58023457e+00 1.73603944e+00 0
1.13758191e+00 1.20508957e+00 0
1.43120474e+00 4.69140410e-02 0
1.91351095e+00 1.94275832e+00 0
3.19841778e+00 9.68026223e-01 0
1.63399305e+00 6.37299327e-01 0
1.98250447e+00 1.50737401e+00 0
1.73618070e+00 1.29121986e+00 0
1.18438162e+00 1.10499187e+00 0
1.95967644e+00 1.83896024e+00 0
1.61011022e+00 1.70632418e+00 0
5.05051414e-01 1.28150796e+00 0
1.84845285e+00 9.79074600e-01 0
2.34288025e+00 1.04245093e+00 0
1.24820357e+00 9.45929325e-01 0
1.24298024e+00 9.83692868e-01 0
1.77070247e+00 1.53004932e+00 0
1.74703270e+00 1.21960616e+00 0
2.15319582e+00 9.83840796e-01 0
2.52393500e-01 1.00063620e+00 0
1.52337707e+00 3.68441487e-01 0
1.64428363e+00 1.29589093e+00 0
1.70885614e+00 1.48136193e+00 0
1.09547326e+00 1.40928780e+00 0
9.94257484e-01 1.03774401e+00 0
9.17663830e-01 4.42516750e-01 0
3.69261906e+00 2.06168400e-01 0
1.44262102e+00 6.56160929e-01 0
1.19780304e+00 1.17337241e+00 0
9.28443586e-01 8.38956826e-01 0
1.26653725e+00 7.47093473e-01 0
4.76822316e-01 7.74958413e-01 0
1.07342223e+00 9.40767414e-01 0
1.22596566e+00 1.51143822e+00 0
2.03680432e+00 1.93323288e+00 0
1.03646417e+00 3.41338009e-01 0
2.23617119e+00 3.94516399e-01 0
1.35092309e+00 1.24152411e+00 0
1.99250457e+00 1.00480272e+00 0
1.84402742e+00 1.02257079e+00 0
1.52297128e+00 1.60116150e+00 0
1.36342511e+00 1.46092866e+00 0
1.60970213e+00 5.11806556e-01 0
1.85011550e+00 8.53283932e-01 0
2.03733783e+00 9.89092847e-01 0
1.79839730e+00 1.36473261e+00 0
1.20172669e+00 1.12223282e+00 0
1.33423460e+00 7.84213169e-01 0
5.86487769e-01 6.46825317e-01 0
1.76923923e+00 7.12999812e-01 0
1.39655449e+00 1.86095513e+00 0
1.43625755e+00 1.26072603e+00 0
1.22575057e+00 1.13124151e+00 0
1.80175713e+00 7.49468596e-01 0
3.40384874e+00 1.31944509e+00 0
1.53707195e+00 1.67360438e+00 0
1.78504048e+00 1.23807396e+00 0
3.39645161e+00 3.36662422e-01 0
2.26243050e+00 1.06655904e+00 0
7.64983088e-01 1.36221579e+00 0
1.31502634e+00 1.17800805e+00 0
1.46341258e+00 1.86781345e+00 0
1.00640067e+00 5.38075346e-01 0
1.23343407e+00 1.02118721e+00 0
1.73054092e+00 1.20173118e+00 0
1.82623241e+00 1.24414079e+00 0
1.60119336e+00 3.13805427e-01 0
3.06544319e+00 1.93392526e+00 0
1.03845495e+00 1.75167919e-01 0
1.82087208e+00 6.63685680e-01 0
1.19524070e+00 1.31885325e-01 0
1.66908340e+00 1.33747364e+00 0
1.95328396e+00 1.86236576e-01 0
1.69484949e+00 6.92504503e-01 0
3.54901264e+00 1.41664486e+00 0
1.43839516e+00 2.87489114e-01 0
1.77606321e+00 1.28831599e+00 0
9.56129052e-01 6.07412230e-01 0
1.69812126e+00 3.47915455e-01 0
1.25926614e+00 7.82157122e-01 0
1.71362953e+00 1.66990576e+00 0
1.64955045e+00 1.31173262e+00 0
1.84251729e+00 9.65259199e-01 0
1.72626571e+00 7.75870910e-01 0
1.60626776e+00 1.32678055e+00 0
1.49052082e+00 6.24433707e-01 0
1.56705508e+00 1.37664018e+00 0
1.34487851e+00 7.48677516e-01 0
1.17218811e+00 9.75767743e-01 0
1.77062678e+00 1.01361227e+00 0
2.18664979e+00 1.35665940e+00 0
1.99704524e+00 5.79301998e-01 0
1.25424135e+00 8.40210450e-01 0
1.17933314e+00 1.16680300e+00 0
1.83705443e+00 5.95998952e-02 0
1.62719711e+00 5.52113797e-01 0
1.43234851e+00 1.59843122e+00 0
9.48307544e-01 1.10529153e+00 0
8.72795386e-01 1.36573058e+00 0
1.89482025e+00 8.14800164e-01 0
1.29950841e+00 5.57774160e-01 0
1.17694747e+00 5.15608980e-01 0
1.13505114e+00 1.80074850e+00 0
1.47891601e+00 5.03165158e-01 0
1.10740532e+00 8.08954193e-01 0
1.60333807e+00 6.33972694e-01 0
1.18144006e+00 9.62433422e-01 0
2.83231647e+00 9.13895797e-01 0
1.15088867e+00 8.80704876e-01 0
1.18166598e+00 1.24531249e+00 0
1.00875660e+00 7.15423161e-01 0
1.15204826e+00 9.27076580e-01 0
1.24510878e+00 9.64744272e-01 0
1.46155663e+00 1.54539887e+00 0
1.39247288e+00 1.28678308e+00 0
1.68488425e+00 1.21091737e+00 0
1.20783482e+00 8.92781514e-01 0
1.76437525e+00 1.22008507e+00 0
1.66229255e+00 7.54743266e-01 0
3.66972271e+00 3.50305507e-01 0
2.23846769e+00 1.10929538e+00 0
1.38027631e+00 1.30739492e+00 0
3.65406301e+00 6.37149965e-02 0
1.24744553e+00 1.23897354e+00 0
1.40998339e+00 1.38382463e+00 0
8.17155820e-01 4.54373200e-01 0
2.30472071e+00 7.90792845e-01 0
1.72135162e+00 1.42961787e+00 0
1.95097554e+00 4.08105367e-01 0
1.16033187e+00 1.43188362e+00 0
1.72113953e+00 1.12961212e+00 0
3.51091703e-01 1.19098455e+00 0
2.85946478e+00 8.37000426e-01 0
1.16670115e+00 9.91558516e-01 0
3.83387361e+00 1.93139185e+00 0
2.13669978e+00 3.47179021e-01 0
1.06169687e+00 5.80449492e-01 0
3.91666094e+00 1.83491442e+00 0
1.90515049e+00 4.10951803e-01 0
2.79653858e+00 7.81685103e-01 0
4.23013571e-01 1.75611573e+00 0
1.78844364e+00 9.51596987e-01 0
1.81662872e+00 1.16966258e+00 0
1.42699728e+00 1.47261572e+00 0
1.66715146e+00 6.40007388e-01 0
6.07659363e-01 5.79364802e-01 0
4.57291447e-01 1.24355321e+00 0
1.65630755e+00 1.85767024e+00 0
8.76395776e-01 9.47250509e-01 0
2.96677656e+00 4.23067348e-01 0
1.41874800e+00 1.25539864e+00 0
3.16128981e+00 3.68776389e-01 0
1.74193492e+00 1.08357482e+00 0
1.51218882e+00 1.32521529e+00 0
1.74759221e+00 1.06492661e+00 0
1.34489242e+00 6.82294609e-01 0
1.54899169e+00 7.08794780e-01 0
6.75713027e-01 1.37772614e+00 0
1.27637290e+00 1.40351107e+00 0
8.09151129e-01 1.17801379e+00 0
1.92289552e+00 1.55917855e+00 0
1.37571817e+00 6.07414393e-01 0
1.50702730e+00 1.76045151e+00 0
3.82122052e+00 5.73786111e-01 0
3.16983724e+00 5.27668521e-01 0
2.18614524e+00 1.68265204e+00 0
3.49030380e+00 1.25523056e+00 0
1.05708382e+00 1.06656415e+00 0
9.26303854e-01 1.94464588e+00 0
1.07381466e+00 1.85788978e+00 0
1.34755899e+00 7.00063242e-01 0
1.69209297e+00 5.42855580e-01 0
1.24287341e+00 1.94114872e+00 0
2.01125146e+00 9.82917935e-01 0
7.97427159e-01 1.05375925e+00 0
1.22055740e+00 1.08101312e+00 0
1.86889302e+00 6.80470292e-01 0
2.53940431e-01 1.13442743e+00 0
1.81762451e+00 8.93489099e-01 0
9.51652721e-01 1.25828947e+00 0
1.62763457e+00 1.32145037e+00 0
1.23269889e+00 1.01071245e+00 0
1.58095280e+00 6.10352029e-01 0
7.59680771e-02 1.01267564e+00 0
1.22789853e+00 1.03904509e+00 0
2.98906323e+00 1.07653378e+00 0
1.81965501e+00 1.12650626e+00 0
1.77059795e+00 4.52668261e-01 0
1.53137110e+00 1.35355613e+00 0
2.00527985e+00 9.08150331e-01 0
2.90014121e+00 1.41578840e+00 0
1.15695284e+00 9.69188748e-01 0
2.09305163e+00 6.35629387e-02 0
1.82524741e+00 1.41285901e+00 0
3.39124257e-01 9.50657144e-01 0
3.05402157e+00 1.03684620e+00 0
1.85355800e+00 7.71278521e-01 0
2.03421297e+00 7.84792494e-01 0
1.47671250e+00 6.94100448e-01 0
1.15562831e+00 1.02057920e+00 0
1.66507300e+00 1.31076156e+00 0
1.68182409e+00 7.47005338e-01 0
1.25305470e+00 7.26217855e-01 0
2.77085824e+00 1.67265073e+00 0
2.35452438e+00 8.66215547e-01 0
1.94874919e-01 9.41992621e-01 0
1.74091115e-01 2.78857734e-01 0
1.72367191e+00 8.31352706e-01 0
1.19928022e+00 9.46760097e-01 0
1.36188413e+00 1.21575830e+00 0
2.18018041e+00 5.44344486e-01 0
1.49020197e+00 7.29500212e-01 0
1.81946175e+00 1.01205775e+00 0
1.61917892e+00 6.08475335e-01 0
1.80581852e+00 9.16989439e-01 0
1.07177147e+00 9.84316297e-01 0
1.41844455e+00 5.65189968e-01 0
1.17553505e+00 1.26736408e+00 0
1.56982364e+00 6.68801634e-01 0
2.98041050e+00 9.26785858e-01 0
1.72451507e+00 1.95014651e+00 0
1.00064645e+00 7.81845028e-01 0
6.98614090e-01 5.26678094e-01 0
1.74470493e+00 1.85916467e+00 0
3.84929691e+00 1.06255485e+00 0
9.51132467e-01 1.81992731e+00 0
3.30891763e+00 5.82430878e-01 0
1.26729672e+00 8.25987377e-01 0
9.00307858e-01 1.08389870e+00 0
1.55246790e+00 5.56305118e-01 0
2.39769637e+00 1.41765159e+00 0
2.13833165e+00 1.43552941e+00 0
9.71498012e-01 1.41767940e+00 0
2.60627240e+00 1.19489893e+00 0
1.75947152e+00 8.89226340e-01 0
1.01039327e+00 9.67635200e-01 0
1.28802702e+00 1.19974649e+00 0
1.69018731e+00 1.23160442e+00 0
1.87000590e+00 8.80925050e-01 0
1.77890200e+00 1.32550676e+00 0
2.28443543e+00 1.41653503e+00 0
1.52251310e+00 7.32336684e-01 0
9.02040294e-01 1.26305772e+00 0
3.91746802e+00 1.61137915e-01 0
1.44542050e+00 7.39217942e-01 0
9.59973302e-01 1.29979551e+00 0
9.35374152e-01 1.32475746e+00 0
2.03540791e+00 8.64283979e-01 0
1.81482597e+00 8.15253151e-01 0
1.78565684e+00 7.17864894e-01 0
1.17960064e+00 1.63998031e+00 0
2.31738566e+00 1.28532858e+00 0
1.47940632e+00 7.12149229e-01 0
1.88834369e+00 3.66888343e-01 0
1.88493645e-01 1.07839993e+00 0
3.36752983e-01 1.07126743e+00 0
1.33402983e+00 1.75631349e+00 0
1.61158261e-01 1.76344655e+00 0
1.51713865e+00 1.44240621e+00 0
1.13239204e+00 1.33563983e+00 0
1.05560255e+00 1.24141772e+00 0
1.40005026e+00 3.07670330e-01 0
1.42024152e+00 7.34014649e-01 0
1.55519226e+00 1.25169091e+00 0
1.67817170e+00 1.28643436e+00 0
1.99694124e+00 1.28711260e+00 0
1.02490372e+00 8.91341051e-01 0
5.71423357e-01 7.08123090e-01 0
3.84879227e+00 5.96733378e-02 0
1.79941147e+00 1.11432770e+00 0
1.92950333e+00 9.48370106e-01 0
1.63486775e+00 6.17840946e-01 0
1.58325202e+00 6.91419104e-01 0
1.68721425e+00 7.03755926e-01 0
1.22837554e+00 1.21828753e+00 0
1.17697108e+00 6.11687744e-01 0
2.40398346e+00 1.53442972e+00 0
1.62465640e+00 7.07780466e-01 0
2.09953056e+00 1.24774820e+00 0
1.69690939e+00 8.01399764e-01 0
1.40996029e+00 1.34464997e+00 0
1.56419379e+00 1.41906457e+00 0
2.79722739e-01 1.42319658e+00 0
2.05254717e+00 1.28721233e+00 0
1.76070356e+00 9.26248568e-01 0
1.94095858e+00 7.16758472e-01 0
1.48886688e+00 1.33458641e+00 0
1.43534093e+00 7.52213271e-01 0
3.50181442e+00 9.62286516e-01 0
1.95592984e+00 1.32982742e+00 0
3.35640029e+00 1.93963305e+00 0
8.21040038e-01 1.54676490e+00 0
7.68452077e-01 6.34429937e-02 0
1.81350656e+00 5.32667128e-01 0
1.74444984e+00 8.45026797e-01 0
3.69156365e+00 1.83042996e+00 0
1.50992951e+00 7.03794012e-01 0
2.23410400e+00 2.90174603e-01 0
1.97585624e+00 6.67015834e-01 0
2.21434339e+00 1.29250045e+00 0
1.93130867e+00 7.46965281e-01 0
9.61037230e-01 9.92844399e-01 0
1.76790217e+00 1.41968569e+00 0
2.31893443e+00 9.91986800e-01 0
1.29824523e+00 1.28718661e+00 0
1.70703817e+00 1.18486131e+00 0
1.68710840e+00 7.68046315e-01 0
1.92374288e+00 1.01692774e+00 0
2.06078602e+00 1.47758079e+00 0
1.93518224e+00 1.07230867e+00 0
1.45459326e+00 6.79295073e-01 0
3.28128678e+00 3.27618042e-01 0
3.47549695e+00 1.56224585e-01 0
3.26004408e+00 1.34969935e+00 0
1.01770076e+00 1.13765868e+00 0
5.91622759e-02 1.54164503e+00 0
3.57514240e+00 5.43319835e-01 0
1.40162886e+00 7.37802480e-01 0
2.00264632e+00 1.32633629e+00 0
1.98959873e+00 1.11114302e+00 0
1.61844847e+00 4.70142394e-01 0
1.56227576e+00 7.02681426e-01 0
1.05708074e+00 7.19281758e-01 0
1.66057895e+00 1.29013387e+00 0
3.56061149e-01 1.30655327e+00 0
1.23728866e+00 1.34265026e+00 0
1.63872730e+00 1.21652479e+00 0
8.28962882e-01 1.39962226e+00 0
8.54045309e-01 1.07352025e+00 0
1.48440385e+00 7.43534107e-01 0
4.71563847e-01 1.69205037e-01 0
1.72271052e+00 8.12062374e-01 0
1.17527406e+00 8.58382018e-01 0
1.81025909e+00 9.57488070e-01 0
2.56482661e+00 7.88345740e-01 0
1.55792113e-01 6.88273871e-01 0
1.76284151e+00 1.62367426e+00 0
1.21915587e+00 1.62923979e+00 0
1.14012591e+00 1.37400209e+00 0
1.74385370e+00 3.72255780e-01 0
1.51708389e+00 6.40924840e-01 0
5.60280132e-02 1.85026084e+00 0
1.40508694e+00 1.25001050e+00 0
1.44993875e+00 1.26216663e+00 0
3.62804328e+00 1.21300034e+00 0
1.49506524e+00 1.25698016e+00 0
1.88375784e+00 1.15804243e+00 0
1.10177154e+00 8.48907695e-01 0
2.15206737e+00 4.38539122e-01 0
5.48620542e-01 6.15248851e-02 0
1.65451724e+00 7.95876771e-01 0
9.87852711e-01 8.55439654e-01 0
1.34774764e+00 1.32251205e+00 0
2.08705814e+00 8.12015431e-01 0
1.35743353e+00 1.27823592e+00 0
1.41067714e+00 1.41712334e+00 0
1.64578429e+00 1.71223313e+00 0
1.81209562e+00 1.07056224e+00 0
2.03622115e+00 5.69083941e-01 0
1.80034774e+00 9.82727346e-01 0
1.92174635e+00 4.82513189e-01 0
1.61136586e+00 6.63676329e-01 0
1.16868143e+00 7.13216248e-01 0
1.06551295e+00 2.46173693e-01 0
1.95879693e+00 8.83657170e-01 0
9.04532631e-01 1.93632948e-01 0
1.13373517e+00 1.04071728e+00 0
1.10694110e+00 1.70010219e+00 0
1.32360361e+00 1.24671343e+00 0
1.24745369e+00 1.04560797e+00 0
1.78835751e+00 1.04468375e+00 0
1.76450913e+00 1.12235193e+00 0
1.58695860e+00 1.31059131e+00 0
1.26993598e+00 1.35781602e+00 0
1.77570256e+00 1.20947269e+00 0
3.57210079e+00 1.06056103e+00 0
1.74768372e+00 9.35367804e-01 0
2.77238104e+00 4.22838240e-01 0
1.35751763e+00 7.42476779e-01 0
1.46318224e+00 5.97506476e-01 0
3.71123095e+00 5.39128325e-01 0
2.07805145e+00 4.42707404e-01 0
2.53607796e+00 1.15551249e+00 0
2.21457938e+00 8.66575519e-01 0
1.77317116e+00 1.07657950e+00 0
1.14021253e+00 9.46432418e-01 0
1.07328781e+00 1.00430370e+00 0
3.46408438e+00 1.70747694e+00 0
2.26702088e+00 1.16259217e+00 0
1.65681079e+00 7.70917161e-01 0
1.77265499e+00 1.16351954e+00 0
1.89894603e+00 7.73813808e-01 0
1.12128272e+00 1.46532697e+00 0
1.41382756e+00 6.95335158e-01 0
1.32307980e+00 7.55667715e-01 0
1.01187753e+00 1.25064129e+00 0
1.55517904e+00 7.37503170e-01 0
1.40116657e+00 1.38507957e-01 0
2.16274648e+00 2.90307174e-01 0
2.92653316e+00 1.01688364e+00 0
1.23007704e+00 8.09249673e-01 0
3.57802920e+00 1.92957115e+00 0
2.07339370e+00 1.07955869e+00 0
7.63250771e-01 3.67197781e-01 0
1.49779435e+00 1.38572367e+00 0
1.16266699e+00 7.61302442e-01 0
1.68180089e+00 1.19398061e+00 0
1.09124167e+00 1.06238583e+00 0
1.09554606e+00 1.07927610e+00 0
6.01384437e-01 1.83154884e+00 0
1.74399687e+00 9.17809447e-01 0
1.59817515e+00 1.26549192e+00 0
1.91542980e+00 1.37965523e+00 0
1.16591096e+00 1.12083741e+00 0
1.38716332e+00 7.30207956e-01 0
1.62918137e+00 5.75348301e-01 0
5.45971443e-01 1.94631270e+00 0
1.43437888e+00 1.36229459e+00 0
2.05480926e+00 1.43092448e+00 0
1.36479052e+00 1.82555280e-01 0
1.24261147e+00 4.25699122e-01 0
1.27453441e+00 1.16912856e+00 0
3.67695592e+00 1.37649112e+00 0
1.14099147e+00 1.93034361e-01 0
1.42133503e+00 7.16293736e-01 0
1.79656728e+00 1.30329653e+00 0
2.75908388e+00 1.94303646e+00 0
1.26379467e+00 1.17709530e+00 0
3.69410349e+00 7.93514574e-01 0
1.89819756e+00 1.69821360e+00 0
1.91427697e+00 1.10343368e+00 0
1.68695918e+00 1.50206266e+00 0
1.29228765e+00 1.16580984e+00 0
6.30510362e-02 1.66312740e+00 0
1.23253693e+00 1.14906595e+00 0
1.69481461e+00 1.26550652e+00 0
1.37252024e+00 1.41697724e+00 0
1.53964300e+00 1.81799861e+00 0
1.53907637e+00 7.35675254e-01 0
1.83304434e+00 4.23150973e-01 0
1.70415461e+00 5.18120412e-01 0
1.76220287e+00 6.14026728e-01 0
1.45325084e-01 1.43953240e+00 0
1.15753214e+00 9.55350074e-01 0
1.32186604e+00 7.21973671e-01 0
1.57604558e+00 1.45707569e+00 0
1.23565074e+00 1.09275570e+00 0
1.13981597e+00 1.11201586e+00 0
1.86615184e+00 7.52101619e-01 0
1.82179665e+00 2.50102597e-01 0
1.35860202e+00 6.33807928e-01 0
1.55269957e+00 1.45695550e+00 0
1.54279162e+00 5.88270197e-01 0
1.95790490e+00 3.53776836e-01 0
1.18697283e+00 9.49319361e-01 0
1.85445058e+00 9.53923226e-01 0
9.28086584e-01 5.31942115e-01 0
1.73680119e+00 1.49134670e+00 0
1.71644835e+00 1.11146538e-01 0
1.25024010e+00 1.05412994e+00 0
1.07741195e+00 1.40873636e-01 0
2.59532491e+00 8.46332583e-01 0
2.45120543e+00 4.26661680e-01 0
1.20858461e+00 1.03093178e+00 0
1.74888230e+00 1.55582826e+00 0
1.65781493e-01 6.57185909e-02 0
1.30793658e+00 8.29391499e-01 0
7.37451729e-01 1.64206455e-01 0
8.84567454e-01 6.93727614e-01 0
2.89554779e+00 1.55669645e+00 0
1.23762918e+00 1.30679304e+00 0
1.18036011e+00 1.04926091e+00 0
3.82694597e+00 1.79530360e+00 0
1.29051185e+00 6.85610801e-01 0
1.76362809e+00 9.00377537e-01 0
3.30317437e+00 1.82592650e+00 0
1.59663303e+00 1.77890245e+00 0
1.31485382e+00 4.50861015e-01 0
3.43253024e+00 1.84423901e+00 0
1.57968743e+00 7.24880474e-01 0
1.60251958e+00 7.65620773e-01 0
1.62059273e+00 7.74386879e-01 0
1.20609422e+00 7.32991995e-01 0
1.20143981e+00 1.30918044e+00 0
1.75342521e+00 6.80601239e-01 0
1.59044099e+00 1.24148897e+00 0
3.92118952e-01 1.24720998e+00 0
1.93599302e+00 8.25800019e-01 0
1.63791731e+00 7.84551883e-01 0
1.60170490e+00 7.03479592e-01 0
3.84816190e+00 1.44510131e+00 0
1.91238837e+00 9.78954881e-01 0
1.12349898e+00 5.05482706e-01 0
2.01263652e+00 7.20958608e-01 0
2.44083884e+00 6.36940233e-01 0
1.25763849e+00 9.11995034e-01 0
1.68890749e+00 1.40591449e+00 0
3.83650665e+00 1.93264892e-01 0
1.79810608e+00 6.04986860e-01 0
7.50455778e-01 8.25668793e-01 0
1.56422212e+00 1.29782765e+00 0
2.65221338e+00 4.76032691e-01 0
9.41283728e-01 1.03784337e+00 0
1.24497044e+00 1.69906545e+00 0
1.00824829e+00 1.45854149e+00 0
2.02543163e+00 1.14521916e+00 0
3.21126940e+00 1.07170102e+00 0
1.22588742e+00 1.02798735e+00 0
2.89593935e-01 2.74929575e-01 0
1.67069162e+00 4.49802625e-01 0
3.28030713e+00 9.43016208e-01 0
1.72082398e+00 7.60311256e-01 0
1.32761749e+00 1.50621280e+00 0
1.57142320e+00 4.91503095e-01 0
1.65096443e+00 5.84459898e-01 0
1.82735052e+00 5.79872990e-01 0
1.20221640e+00 7.81752418e-01 0
1.28343856e+00 1.64993279e+00 0
3.20104839e+00 7.32416990e-01 0
1.27132555e+00 1.42272546e+00 0
1.64447622e+00 1.38768496e+00 0
1.46025474e+00 1.38198295e+00 0
1.21572651e+00 1.06711808e+00 0
3.06711983e+00 1.81904960e-01 0
1.39392585e+00 1.50050454e+00 0
9.75293331e-01 3.96066315e-01 0
1.48354302e+00 1.35717141e+00 0
3.03700937e+00 1.55488443e+00 0
3.58234453e+00 8.21341130e-01 0
1.52869928e+00 7.11951507e-01 0
1.98232859e+00 1.23908643e+00 0
1.76459461e+00 8.52260351e-01 0
1.43445755e+00 1.96066747e+00 0
2.12336958e+00 8.66579599e-01 0
9.77675686e-01 1.19893777e+00 0
1.67326715e+00 1.37197353e+00 0
1.64313902e+00 1.36547964e+00 0
3.11286432e+00 1.30805020e+00 0
1.81193118e+00 1.55358808e+00 0
2.00396469e+00 1.36603057e+00 0
1.46157297e+00 7.23231676e-01 0
3.05217274e+00 9.48006247e-01 0
9.01972134e-01 1.39415103e+00 0
1.84942060e+00 1.28880863e+00 0
1.73249962e+00 1.16708839e+00 0
1.76896265e+00 1.02780321e+00 0
5.81325628e-01 1.70546397e+00 0
1.06128365e+00 6.78593076e-01 0
1.69507792e+00 1.78585810e+00 0
1.75542116e+00 1.07744352e+00 0
1.59428660e+00 1.25072418e+00 0
1.68867793e+00 1.30152318e+00 0
9.11733591e-01 7.93963954e-01 0
7.08841123e-01 1.25998608e+00 0
1.36318942e+00 6.60244331e-01 0
1.53271730e+00 1.33057146e+00 0
1.18892398e+00 1.07065882e+00 0
1.32101282e+00 1.20354902e+00 0
1.41174682e+00 5.20014181e-01 0
1.59257556e+00 5.73983921e-01 0
2.68890784e+00 1.48527507e+00 0
3.25785863e+00 5.57965055e-02 0
3.36437111e+00 1.68976741e+00 0
2.23264046e+00 1.44228526e+00 0
2.24189456e+00 9.37468190e-01 0
1.17231870e+00 1.07369870e+00 0
1.42064227e+00 1.32057868e+00 0
3.02934606e+00 6.95937346e-02 0
1.69547257e+00 1.42702111e+00 0
1.63384095e+00 7.24007299e-01 0
2.02198093e+00 1.37659041e-01 0
1.03925260e+00 1.08927504e+00 0
5.36649231e-02 7.52818180e-01 0
1.65797100e+00 4.02529080e-02 0
1.34311764e+00 6.62893236e-01 0
1.50833003e+00 6.57747623e-01 0
8.81126360e-01 6.48350679e-01 0
1.14774996e+00 1.23575669e+00 0
1.40735798e+00 7.27839421e-01 0
1.24184331e+00 8.87162363e-01 0
1.91848585e+00 1.03785353e+00 0
1.82799783e+00 9.00987401e-01 0
1.20090772e+00 1.46761372e+00 0
1.50479944e+00 1.36338673e+00 0
1.26728769e+00 1.22529065e+00 0
1.41479796e+00 1.36829264e+00 0
2.00488760e+00 4.58991667e-01 0
1.34829957e+00 1.88805073e+00 0
1.40916661e+00 7.46094608e-01 0
1.35482875e+00 2.83435013e-01 0
1.39111831e+00 7.66365886e-01 0
2.64067433e+00 3.56071057e-01 0
1.63195012e+00 1.43100318e+00 0
1.13268724e+00 1.16012014e+00 0
1.37763098e+00 7.61407576e-01 0
2.08315357e+00 1.14869222e+00 0
1.27621237e+00 1.15255407e+00 0
1.25029284e+00 1.09991625e+00 0
1.34651198e+00 1.24951237e+00 0
1.49544638e+00 1.51743612e+00 0
1.75303855e+00 1.16256720e+00 0
1.37144821e+00 7.16404916e-01 0
1.73402202e+00 8.97694337e-01 0
1.78698513e+00 1.12586083e+00 0
1.24272403e+00 9.97439537e-01 0
1.72558213e+00 8.79762519e-01 0
8.48945173e-01 2.97219788e-01 0
2.52664211e+00 4.61869886e-01 0
1.24587912e+00 1.46665115e+00 0
1.36576992e+00 1.23004662e+00 0
1.25171796e+00 9.32699825e-01 0
1.10060572e+00 8.75587511e-01 0
1.28251151e+00 8.14164434e-01 0
9.29764492e-01 9.83193910e-01 0
1.27609067e+00 1.32042181e+00 0
1.91817615e+00 1.42165814e+00 0
1.23096296e+00 1.20433026e+00 0
1.31834212e+00 1.30959718e+00 0
1.75707036e+00 9.87321318e-01 0
1.31637822e+00 1.40910150e+00 0
1.11240843e+00 6.01193530e-01 0
1.78175755e+00 1.07855855e+00 0
1.24035530e+00 1.13141806e+00 0
2.04524402e+00 9.07047098e-01 0
3.38447695e+00 8.44624626e-01 0
9.39462438e-01 3.39701359e-01 0
1.28074052e+00 7.92914569e-01 0
1.81645453e+00 1.95830353e+00 0
2.52695689e+00 1.33520207e+00 0
1.72401777e+00 1.17589325e+00 0
1.67895930e+00 1.68728110e+00 0
1.48839416e+00 1.28555817e+00 0
1.76894730e+00 9.76899472e-01 0
2.56137598e+00 5.34104666e-02 0
1.39617955e+00 4.12896532e-01 0
5.49773604e-01 1.80590066e+00 0
8.07724054e-01 8.08260067e-01 0
1.38931859e+00 6.82610883e-01 0
1.48616449e+00 1.30054196e+00 0
1.54941159e+00 1.33219728e+00 0
1.31024581e+00 7.76389882e-01 0
3.24287246e+00 3.90564949e-01 0
2.09468546e+00 9.09787101e-01 0
1.16794744e+00 1.06041277e+00 0
1.32987386e+00 1.32579434e+00 0
1.37939286e+00 1.22531929e+00 0
1.70306236e+00 6.64223953e-01 0
1.67199120e+00 7.95823793e-01 0
1.31896661e+00 1.22861648e+00 0
7.65215282e-01 1.19605937e+00 0
3.93734158e+00 1.36127138e+00 0
1.34935709e+00 3.77850824e-02 0
1.93999897e+00 5.71498966e-01 0
2.39150296e+00 7.30021546e-01 0
1.49924580e+00 1.28607461e+00 0
1.60937112e+00 1.34191754e+00 0
8.41092849e-01 1.58674511e+00 0
2.11844367e+00 1.48305364e+00 0
1.77201833e+00 6.85260633e-01 0
1.19047924e+00 7.07417995e-01 0
1.75784511e+00 1.19368412e+00 0
1.86927839e+00 1.03726843e+00 0
1.08391469e+00 1.34403389e+00 0
1.91364306e+00 1.31826603e+00 0
2.30601433e+00 1.07051965e+00 0
1.26753291e+00 6.97806040e-01 0
2.85842335e+00 5.21326084e-02 0
1.81893067e+00 7.82241390e-01 0
1.27009331e+00 8.83529627e-01 0
1.72286750e+00 8.72708282e-01 0
1.72855939e+00 8.57331410e-01 0
2.14184793e+00 6.20826854e-01 0
1.85516034e+00 2.01510599e-01 0
3.53640600e-01 6.09668783e-01 0
1.49424887e+00 1.72055458e+00 0
1.25971585e+00 2.63695923e-01 0
1.58976050e+00 7.20903745e-01 0
2.60896689e+00 1.46813238e+00 0
1.53330346e+00 5.70246556e-01 0
1.70683982e+00 8.18609159e-01 0
1.98632499e+00 7.34140489e-01 0
1.48055554e+00 4.67328808e-01 0
1.29406124e+00 1.21871625e+00 0
1.79401642e+00 9.99734056e-01 0
1.17643401e+00 1.09502982e+00 0
1.60996649e+00 1.23248695e+00 0
1.05782822e+00 1.11865934e+00 0
1.83247561e+00 1.26174736e+00 0
2.03855127e+00 1.11989727e+00 0
7.95209805e-01 2.72141152e-01 0
9.31632716e-01 9.53915078e-01 0
9.25342470e-01 1.19735643e+00 0
1.66756029e+00 6.99411616e-01 0
2.59209365e-01 7.31275056e-01 0
1.62734930e+00 1.60977742e+00 0
8.01105638e-01 1.87751511e+00 0
1.72789606e+00 1.24552136e+00 0
1.04747826e+00 1.46379277e+00 0
1.60300000e+00 1.31235086e+00 0
8.88165139e-01 3.72429964e-01 0
1.56839963e+00 1.49731656e+00 0
1.10919756e+00 9.46627671e-01 0
2.29356744e+00 7.41953009e-01 0
1.32779540e+00 5.85354041e-01 0
2.80843010e-01 1.81489875e+00 0
1.70452371e+00 1.15521035e+00 0
1.69818574e+00 7.86966569e-01 0
7.81079878e-01 7.56669239e-01 0
2.79351049e-01 1.71750422e+00 0
7.49719989e-01 3.14175020e-01 0
1.22350422e+00 1.05762609e+00 0
3.71538974e+00 1.04672296e+00 0
2.90051813e+00 1.16725864e+00 0
1.78629633e+00 1.49633230e+00 0
1.22237846e+00 1.39778715e+00 0
1.19920907e+00 9.65865295e-01 0
1.71504439e+00 1.75467366e+00 0
1.77412910e+00 8.99106354e-01 0
1.57670145e+00 3.49850904e-01 0
1.83074243e+00 1.64151290e+00 0
1.50387323e+00 1.30357445e+00 0
1.75575417e+00 5.92063148e-01 0
1.90021071e+00 8.75501878e-01 0
3.59314842e-01 1.42170046e+00 0
1.27911681e+00 1.12940906e+00 0
1.26948333e+00 1.11171016e+00 0
1.85364039e+00 6.49661317e-01 0
1.24274883e+00 9.18085089e-01 0
1.61768795e+00 1.41241943e+00 0
1.23321182e+00 1.06908197e+00 0
1.83642566e+00 6.19959570e-01 0
1.80669146e+00 1.34540390e+00 0
1.47909476e+00 1.43992384e+00 0
1.56620341e+00 1.27821679e+00 0
1.17758911e+00 8.77320575e-01 0
1.58610733e+00 6.69231568e-01 0
1.24324580e+00 1.17966482e+00 0
1.07028583e+00 6.33603174e-01 0
1.90261076e+00 1.22028206e+00 0
4.13945842e-01 9.16150785e-01 0
1.45282777e+00 5.06086920e-01 0
1.14787433e+00 1.29538192e+00 0
2.23565452e+00 1.93762761e+00 0
1.27206268e+00 8.06648253e-01 0
1.71284576e+00 7.42987052e-01 0
1.47143627e+00 1.27616786e+00 0
1.60263926e+00 1.66689852e+00 0
3.34555986e+00 7.10470786e-01 0
1.84746713e+00 1.16952603e+00 0
1.88651537e+00 7.88951615e-01 0
1.52264083e+00 4.97174339e-01 0
2.63608810e+00 1.34542696e+00 0
1.73173711e+00 4.06831139e-01 0
1.84089134e+00 8.67578953e-01 0
1.28150693e+00 1.20873115e+00 0
3.43466165e+00 5.91573924e-01 0
2.00630971e+00 8.23318070e-01 0
1.40211889e+00 1.47327002e+00 0
3.21426543e+00 8.22254708e-01 0
1.04709400e+00 1.57350188e+00 0
1.66397007e+00 7.18401373e-01 0
3.24002792e+00 1.48711981e+00 0
1.82629707e+00 7.56620789e-01 0
1.43388119e+00 6.43362333e-01 0
1.61957728e+00 7.51937846e-01 0
1.49410543e+00 6.60438216e-01 0
1.07673332e+00 8.76824312e-01 0
1.37583577e+00 1.27834707e+00 0
8.62314390e-01 1.28158738e+00 0
1.65562383e+00 1.25687799e+00 0
1.73285718e+00 1.15053174e+00 0
1.76799646e+00 1.23419270e+00 0
7.47508761e-01 1.32177604e+00 0
1.38889336e+00 6.54744776e-01 0
2.64339339e+00 1.76733151e+00 0
3.93189124e+00 1.57877935e+00 0
1.50714828e+00 1.34492987e+00 0
1.19303494e+00 1.04378611e+00 0
3.60130421e+00 4.81855599e-01 0
3.51270130e-01 1.62659756e+00 0
1.32488734e-01 5.40059556e-01 0
5.44641736e-01 1.36520000e+00 0
3.71139772e+00 2.78218991e-01 0
1.27831027e+00 1.50622766e+00 0
1.28159859e+00 1.34228837e+00 0
1.17647817e+00 1.47242151e+00 0
3.38123243e+00 1.16907627e+00 0
1.60479624e+00 1.24861838e+00 0
1.20300830e+00 1.10032624e+00 0
1.29137570e+00 8.06177487e-01 0
7.19424993e-01 9.18920262e-01 0
2.27005678e+00 3.44501842e-01 0
1.27538239e+00 8.73904599e-01 0
1.71013466e+00 8.54103087e-01 0
5.94487522e-01 9.19314626e-01 0
1.57844950e+00 1.29154760e+00 0
2.66079462e+00 1.27188334e+00 0
1.26415313e+00 3.74268614e-01 0
2.00325739e+00 6.46122257e-01 0
1.21025919e+00 8.49306628e-01 0
1.23887237e+00 9.34288387e-01 0
1.23084095e+00 9.92374335e-01 0
1.79260739e+00 8.97074028e-01 0
1.95832650e+00 7.90498664e-01 0
1.49135797e-01 8.13681778e-01 0
1.32168278e+00 5.62177801e-01 0
3.06979731e+00 1.84404541e+00 0
2.25328867e+00 2.34387073e-01 0
1.23176708e+00 1.36077990e+00 0
1.63717736e+00 6.69781613e-01 0
2.18854666e+00 1.79927108e+00 0
4.90722742e-02 5.04231643e-02 0
7.61314357e-01 1.11767642e+00 0
1.06900698e+00 1.32527347e+00 0
1.63481204e+00 1.33583230e+00 0
9.87230348e-01 1.50419785e+00 0
3.44052858e+00 8.01636289e-01 0
1.97692254e+00 5.21404485e-01 0
1.68514858e+00 5.84399796e-01 0
1.65162770e+00 1.33574159e+00 0
1.31095363e+00 1.66554984e+00 0
8.89261823e-01 7.40879650e-01 0
1.18366418e+00 1.02553694e+00 0
1.29138509e+00 2.32197815e-01 0
3.93184869e+00 8.19302479e-01 0
1.74266416e+00 8.06927638e-01 0
1.56647916e+00 1.33224715e+00 0
1.65913927e+00 1.23747723e+00 0
2.09079349e+00 9.80903473e-01 0
1.75472646e+00 1.18138935e+00 0
2.88680437e+00 3.03879590e-01 0
1.45511885e+00 7.48673907e-01 0
1.60870315e+00 7.40826707e-01 0
3.20519976e+00 1.40641400e+00 0
1.76310550e+00 1.47645792e+00 0
2.21351430e+00 5.71648004e-01 0
3.33000199e+00 1.38633159e+00 0
1.59099325e+00 6.45798482e-01 0
1.56323985e+00 7.34496226e-01 0
1.21498714e+00 9.66552053e-01 0
1.21650623e+00 9.55277491e-01 0
1.12416680e+00 9.36819796e-01 0
1.19158088e+00 1.19361947e+00 0
6.92443655e-01 2.99568067e-01 0
8.28550182e-01 7.01947764e-01 0
1.66968819e+00 8.09025994e-01 0
1.38642825e+00 7.59313598e-01 0
CELLS 8030 32120
3 2090 1195 4073
3 914 1138 2517
3 1346 840 3475
3 1292 400 2347
3 554 1334 3517
3 1033 2105 2259
3 318 1322 1534
3 3205 1468 3490
3 391 1227 1783
3 973 1834 1993
3 2039 416 2518
3 1242 306 2242
3 2256 332 3289
3 1900 482 2144
3 1523 486 3669
3 126 1334 2177
3 1809 2379 3376
3 365 1431 2031
3 579 1325 2127
3 1228 1984 3826
3 572 1966 2120
3 724 1306 1662
3 1479 634 3422
3 810 1522 2232
3 1236 401 3141
3 1353 1573 3459
3 1647 528 3577
3 413 1406 1539
3 207 206 1465
3 2506 1118 2663
3 1538 704 3328
3 288 1363 2280
3 1441 676 2192
3 1042 1484 1765
3 1515 831 1584
3 1404 842 1721
3 1281 855 1891
3 485 1290 2162
3 1149 408 3127
3 350 1273 2053
3 1474 375 1627
3 1163 1752 3331
3 588 1865 2659
3 1227 391 1987
3 706 1462 3439
3 193 192 1432
3 199 198 1434
3 1802 338 1958
3 2561 1478 3302
3 672 1547 1580
3 1809 845 2379
3 1276 623 2253
3 966 1770 2226
3 789 1419 2096
3 1164 870 3254
3 1348 655 1982
3 163 162 1763
3 1807 743 2068
3 1468 1047 3490
3 1541 1254 3917
3 634 1479 2325
3 1320 809 2182
3 1512 338 2585
3 2008 1021 2854
3 1282 468 2117
3 833 1427 1729
3 1896 633 2564
3 212 211 1760
3 1305 298 2070
3 966 2226 3425
3 210 209 1761
3 1305 545 2473
3 444 2088 2388
3 1517 313 2180
3 152 151 1443
3 513 1524 2431
3 167 166 1444
3 1709 745 1963
3 1547 1025 1580
3 1228 403 1984
3 658 1602 2597
3 492 2244 2364
3 3285 1989 3590
3 399 1327 2215
3 659 1618 2607
3 764 1172 2123
3 1312 344 1948
3 1293 388 1680
3 820 1367 1724
3 1620 659 2607
3 900 1387 2976
3 2149 779 3895
3 1306 724 1777
3 361 1480 2542
3 1019 2280 3306
3 1448 838 1727
3 1427 415 1729
3 245 244 1779
3 1280 2345 3183
3 2088 1249 2388
3 1617 658 2597
3 1589 303 2050
3 2244 884 2364
3 267 266 1734
3 2392 1439 3217
3 608 1487 2522
3 1837 2498 2824
3 1161 1552 3815
3 1213 550 2948
3 841 1173 2634
3 1263 603 3247
3 2345 811 3183
3 1487 1020 2522
3 578 1289 2784
3 337 1908 2785
3 1289 578 1858
3 747 1365 2001
3 286 1302 3418
3 613 1615 2796
3 1647 790 2914
3 504 1296 2679
3 567 1755 3614
3 2331 1404 2464
3 129 2089 3155
3 386 1365 1902
3 932 1744 2877
3 1484 721 1972
3 1273 350 2956
3 633 1418 1624
3 340 1404 2331
3 2505 1200 2804
3 1684 696 2112
3 786 1499 1985
3 567 1295 2871
3 2533 1660 2805
3 683 3540 3989
3 103 1419 4006
3 825 1335 1832
3 1524 513 2710
3 2617 1501 3056
3 486 1523 1710
3 1455 705 1746
3 1484 1042 3424
3 1302 286 1739
3 1354 575 2418
3 353 2223 3164
3 1418 918 1624
3 776 1330 3666
3 2373 1235 3978
3 1592 797 2121
3 1771 103 4006
3 1003 1216 3674
3 797 1770 2121
3 569 1586 1846
3 1197 850 2247
3 983 1425 3250
3 1386 329 1726
3 2223 1276 3164
3 400 1366 2347
3 1061 1900 2144
3 1860 1221 3436
3 619 1304 1696
3 765 1802 1958
3 837 1878 3373
3 1454 702 1725
3 3331 1632 4029
3 830 1524 2710
3 1701 882 1757
3 329 1386 3365
3 1354 399 2215
3 1582 338 1802
3 1093 2057 2271
3 156 155 1792
3 1142 3331 4029
3 575 1245 2417
3 1002 1424 3118
3 1510 750 2568
3 625 1353 3459
3 331 1346 1805
3 999 1322 1836
3 1021 2008 3035
3 660 1607 2033
3 768 1407 1710
3 165 164 1797
3 1296 504 2147
3 756 1203 2917
3 573 1632 3331
3 699 2672 2701
3 456 1819 2484
3 1279 2731 3304
3 1644 1690 3871
3 1342 530 2658
3 1639 1376 3121
3 705 1455 2164
3 1298 620 1794
3 595 1261 1837
3 2050 303 3189
3 1846 1586 3675
3 1339 1683 3537
3 730 1336 1774
3 1376 697 3121
3 60 61 1634
3 506 2461 2612
3 1420 354 2413
3 2007 2882 3840
3 3361 1062 3372
3 2071 385 2728
3 976 1887 3043
3 1377 637 2827
3 365 2031 3144
3 1490 638 1688
3 327 1581 3672
3 444 1688 1799
3 410 1501 2617
3 1676 432 2693
3 432 1929 2693
3 1118 2506 3415
3 1634 61 3010
3 1426 404 1882
3 1065 521 1944
3 521 1065 2157
3 1351 623 1893
3 2377 1166 2865
3 1911 1407 4146
3 1447 287 1601
3 1805 1346 3475
3 623 1351 2253
3 788 1242 2073
3 1392 666 3755
3 217 216 3806
3 1850 410 2617
3 884 1439 2392
3 1939 448 2584
3 548 1950 3709
3 1754 1307 3564
3 2227 706 2794
3 1775 783 1881
3 1335 825 2098
3 1365 721 1902
3 1325 579 1897
3 427 1549 1851
3 248 247 1535
3 886 1921 1971
3 154 153 1810
3 1360 487 1873
3 5 168 1811
3 94 1844 2079
3 2155 975 2225
3 1744 932 3869
3 1609 691 2737
3 1261 784 2647
3 1683 331 3537
3 477 1989 3285
3 1566 545 2070
3 332 1818 3289
3 1482 948 1664
3 644 1754 3564
3 956 1492 3483
3 721 1484 3424
3 708 1509 2295
3 1615 1059 2796
3 1433 327 3672
3 1252 3400 3856
3 1468 723 1883
3 1644 862 1690
3 2221 1752 2754
3 1481 416 2039
3 719 1533 2524
3 1422 513 2630
3 905 1420 2413
3 784 1261 2886
3 1752 573 3331
3 161 160 3796
3 1221 1860 2844
3 2119 677 2181
3 408 1149 1967
3 1408 304 2078
3 1519 686 1838
3 1455 1746 3971
3 295 1752 2221
3 638 1644 3871
3 755 1639 1938
3 1456 695 1594
3 1357 100 3093
3 2105 346 2259
3 1337 307 2567
3 1346 331 3829
3 545 1305 2070
3 1619 500 1922
3 1352 351 1997
3 2057 773 2271
3 1473 905 2998
3 1389 675 2085
3 1299 408 1886
3 694 1456 1594
3 2007 618 2882
3 223 222 1502
3 1985 1499 3021
3 1295 988 2871
3 706 3439 3764
3 701 1454 1725
3 1440 660 3895
3 1314 703 2061
3 692 1312 1948
3 757 1481 2039
3 981 1343 2756
3 450 2362 2751
3 1306 289 1662
3 2316 16 2523
3 382 1775 1881
3 858 1981 2721
3 172 2302 2573
3 128 129 3155
3 2667 952 3649
3 2768 375 3090
3 2701 1338 3098
3 1102 2095 2985
3 677 1567 2181
3 1928 613 3337
3 790 2158 2914
3 957 2505 2804
3 1749 539 3286
3 2524 1099 3362
3 688 1354 2418
3 1520 3050 3558
3 855 1281 2602
3 576 1366 2323
3 617 1281 3279
3 699 2701 3098
3 1643 404 2672
3 603 1263 2031
3 2615 1165 3319
3 1615 613 3808
3 149 2365 2591
3 1453 824 2405
3 1489 790 1647
3 972 1507 3164
3 787 1215 3396
3 765 1505 1802
3 468 1282 2172
3 710 1370 1918
3 1425 116 3250
3 163 1763 3574
3 1281 617 2602
3 1275 782 1712
3 1365 386 2001
3 1509 708 2420
3 649 2189 2752
3 2361 588 2659
3 3328 704 3428
3 941 1478 2561
3 1892 660 2033
3 364 1924 2125
3 1396 423 2485
3 2659 1865 3055
3 1208 2075 2704
3 487 1360 2262
3 1627 375 2768
3 3543 1161 3815
3 905 1718 2998
3 1195 2090 2477
3 2280 1363 3306
3 1592 338 3877
3 634 2325 2809
3 1480 1001 2542
3 1438 622 2279
3 1438 288 2718
3 1428 3361 3372
3 415 1387 2639
3 1548 956 3483
3 1311 317 1872
3 1549 843 1851
3 622 1403 2279
3 1887 1275 3043
3 795 2108 3478
3 1542 1219 3460
3 1614 983 3250
3 1069 2041 2688
3 1385 456 2267
3 1885 450 2751
3 2910 418 3460
3 616 1364 3583
3 1784 461 3293
3 2168 1782 3994
3 461 2694 3293
3 2940 346 4110
3 1299 1886 1950
3 1261 595 3044
3 1446 781 2454
3 1648 1099 2524
3 841 1645 1982
3 1377 907 3172
3 2737 691 3627
3 3018 1201 3162
3 1436 108 3013
3 1280 812 3827
3 2267 456 2484
3 245 1779 3640
3 1138 914 2523
3 344 1312 2501
3 642 2162 2678
3 1760 211 3423
3 190 2376 2596
3 210 1761 3423
3 1621 837 3373
3 715 3530 3710
3 783 1775 3375
3 70 71 1558
3 2188 653 2326
3 949 2032 2149
3 1400 326 1569
3 795 1437 3697
3 1696 369 3220
3 1877 389 3218
3 1966 1125 2120
3 842 1404 2739
3 1371 592 1825
3 498 1405 2194
3 1372 1877 3218
3 1489 1647 3577
3 1742 3284 3925
3 697 1376 3782
3 598 2375 3543
3 361 1329 2670
3 1578 2149 3895
3 908 1671 2450
3 1018 1939 2584
3 1328 450 1951
3 749 1542 3460
3 575 1354 2215
3 1751 466 3403
3 723 1464 2217
3 1469 696 2838
3 676 1776 2192
3 103 104 1419
3 1645 390 1982
3 423 1396 1884
3 904 1750 3215
3 1814 835 2240
3 988 1295 2632
3 495 1954 2138
3 1403 622 1921
3 2426 1086 3230
3 291 1911 4146
3 327 1433 3316
3 1919 713 2351
3 1411 700 3625
3 1322 999 3040
3 360 1856 2632
3 1374 409 1914
3 895 1753 2145
3 610 1361 3143
3 1929 606 2689
3 668 1325 2021
3 685 1360 1873
3 1270 1696 3220
3 687 1682 2091
3 658 1803 1969
3 2375 598 2770
3 573 1752 3160
3 747 2001 2435
3 1696 1270 3767
3 602 1343 1732
3 1308 742 2590
3 1348 608 3489
3 1159 2361 2659
3 791 1331 2040
3 2339 1547 2916
3 323 1690 1953
3 1547 2339 3912
3 1683 1339 4066
3 322 1695 2014
3 2099 944 3073
3 2500 916 3477
3 2731 348 3304
3 255 254 3080
3 580 1318 2878
3 66 67 1555
3 916 1916 3477
3 675 1389 3544
3 346 2105 4110
3 1173 841 2132
3 797 1375 2226
3 441 3018 3162
3 507 1446 2426
3 2375 1283 3543
3 1660 686 1978
3 560 3020 3570
3 1834 737 1993
3 2128 322 2681
3 3050 1520 4067
3 1751 1313 2826
3 3530 1429 3710
3 1792 155 3637
3 1911 291 3204
3 1652 495 2138
3 525 1096 2368
3 2948 795 3478
3 3400 532 3856
3 1216 1003 3276
3 1334 554 2580
3 1620 255 3080
3 1682 985 2091
3 700 1411 2199
3 870 1164 2382
3 1421 1630 3087
3 961 2506 2663
3 225 224 1862
3 1791 1019 3306
3 753 1962 2958
3 1755 1497 3614
3 4 285 3026
3 952 2753 3649
3 305 1701 1757
3 1096 525 2150
3 1387 900 2639
3 883 2205 3451
3 317 1745 3404
3 571 1541 3917
3 2006 533 3355
3 1950 1477 3709
3 1331 791 2492
3 1567 677 3300
3 312 1349 2342
3 1543 715 3710
3 721 1365 1972
3 1410 854 1880
3 2437 2073 3673
3 2278 178 2558
3 666 1565 3755
3 1797 164 3574
3 907 1377 2827
3 499 1596 1803
3 2219 1479 3422
3 1398 161 3796
3 2461 941 2612
3 1334 1830 3517
3 2315 2643 3856
3 1600 2453 3527
3 727 1334 2580
3 406 1527 3825
3 1447 1601 4083
3 2071 2728 3665
3 500 1619 2993
3 2090 1044 2194
3 505 1587 2924
3 1896 2564 2787
3 1782 532 3101
3 1746 704 3971
3 1578 333 2149
3 1165 2615 3724
3 2816 663 3496
3 379 1456 2168
3 1766 828 2908
3 1561 950 2017
3 660 1578 3895
3 472 1723 2563
3 2112 696 3290
3 429 1482 1664
3 1325 668 2127
3 530 1342 2616
3 134 133 1560
3 70 1558 3445
3 381 1454 2439
3 663 2816 4023
3 1527 610 3143
3 1706 1001 3060
3 338 1512 3877
3 1454 381 2441
3 2672 1184 2701
3 1908 929 1943
3 1583 949 2149
3 513 1422 2891
3 750 1868 2568
3 2260 24 2432
3 140 139 1563
3 237 236 3901
3 2095 433 2985
3 1541 431 2726
3 2430 505 2924
3 1421 217 3806
3 1671 1243 2450
3 1023 1934 2191
3 1458 347 2324
3 1482 527 2720
3 94 95 1844
3 977 1814 2240
3 1334 727 2177
3 3026 285 3929
3 1908 1336 2785
3 3141 401 3725
3 1172 764 2146
3 996 1709 1963
3 1424 1930 3118
3 1690 862 1953
3 2063 1724 3773
3 1959 714 2754
3 2012 1317 3054
3 404 2288 2672
3 893 1953 2445
3 2075 553 2704
3 867 2377 2865
3 667 1515 1584
3 2297 231 3217
3 637 1377 2633
3 820 1724 2063
3 124 1345 2624
3 1505 367 3068
3 686 1660 2533
3 742 1308 3151
3 1290 485 2618
3 927 2260 2432
3 1577 304 2030
3 484 3050 3664
3 1543 286 3418
3 1370 710 2241
3 782 1275 3329
3 1425 983 3096
3 154 1810 3637
3 5 1811 3656
3 1191 422 3258
3 417 1411 1714
3 1745 317 3148
3 456 1385 2077
3 850 1197 3677
3 400 1292 1945
3 3024 1791 3306
3 711 2012 3054
3 1401 731 1943
3 1659 679 1839
3 558 1329 1915
3 1971 1921 3810
3 2303 187 3302
3 1264 827 2100
3 408 1299 2794
3 1470 761 2502
3 1207 524 2463
3 1639 755 4133
3 1366 576 2347
3 1424 711 1930
3 1456 379 2358
3 283 282 2209
3 2031 1263 3144
3 590 1425 3096
3 760 2308 3583
3 1909 753 2958
3 2345 1280 3827
3 613 1928 3808
3 770 2356 2397
3 731 1336 1908
3 1323 321 2611
3 683 1694 3540
3 2506 1350 3415
3 960 1845 2330
3 664 1128 2979
3 944 2329 3073
3 848 1583 1794
3 740 2869 3537
3 1316 2128 2681
3 683 1300 2825
3 1045 1512 2585
3 306 1242 2402
3 1681 808 2256
3 1140 1782 3101
3 1707 288 2280
3 1752 295 2719
3 1231 785 3499
3 93 2079 2429
3 705 2164 3701
3 1462 706 1864
3 709 1581 1789
3 568 1297 1962
3 1242 788 2402
3 939 1371 3184
3 1451 803 2340
3 1513 616 3583
3 2287 558 3646
3 1163 1959 2754
3 1387 415 2196
3 1295 567 3875
3 536 1311 2479
3 1426 609 2344
3 920 2373 3978
3 403 1410 2312
3 1551 920 2699
3 1334 126 3281
3 2077 1385 3854
3 1736 417 2864
3 351 1352 2645
3 1299 2227 2794
3 1598 916 1877
3 1883 299 3706
3 267 1734 2860
3 1338 446 2189
3 2032 779 2149
3 1405 498 2444
3 963 2039 2518
3 1489 394 3662
3 652 1748 1987
3 455 1464 2082
3 415 1427 2196
3 1586 733 3675
3 564 1404 1721
3 1413 237 3901
3 893 2445 2808
3 966 1619 1922
3 630 1460 2237
3 1406 413 3830
3 2733 998 2839
3 622 1438 2718
3 1523 768 1710
3 848 1458 2324
3 413 1539 2774
3 2401 1479 3419
3 3013 110 3126
3 1203 756 2270
3 1445 499 4143
3 703 1314 2079
3 1464 723 1714
3 2878 1318 3567
3 229 228 1597
3 755 1272 2742
3 1057 1919 2351
3 1383 308 2724
3 1898 496 3135
3 1449 390 1645
3 2078 748 3273
3 496 1762 2652
3 1367 820 2466
3 761 1470 3072
3 2205 1089 3451
3 2293 1344 3497
3 1762 632 2552
3 1355 569 1846
3 2254 1236 3689
3 1497 435 2069
3 1329 361 3984
3 785 1231 2054
3 840 1346 2912
3 446 1338 2701
3 1659 1839 3134
3 1459 406 3825
3 1107 2399 2748
3 438 1441 2192
3 1674 743 1807
3 2428 790 3662
3 281 280 1905
3 526 1923 2378
3 635 1568 3187
3 1944 1271 3235
3 1324 2187 2803
3 948 1482 2720
3 2079 1314 2429
3 2420 1736 2864
3 304 1408 2030
3 1750 2631 3215
3 1387 654 1856
3 309 1259 3870
3 428 1593 2004
3 1336 730 2785
3 1568 635 2017
3 1376 1639 4133
3 1941 614 1960
3 319 2167 2320
3 1341 844 2006
3 1480 361 2670
3 1299 548 2227
3 655 1348 3489
3 1238 829 2621
3 952 1666 2036
3 1497 1755 3072
3 1805 740 3537
3 809 1320 2516
3 1410 403 2557
3 1504 592 2428
3 1441 438 2545
3 548 1299 1950
3 379 2168 3994
3 2062 539 2594
3 871 1519 3390
3 100 1357 2185
3 517 1705 3049
3 1336 731 2318
3 2378 1046 2509
3 1494 864 2319
3 404 1426 3269
3 431 2087 2726
3 394 1504 3662
3 1742 593 3284
3 1384 534 2047
3 496 2652 3135
3 1460 630 2414
3 861 1493 2314
3 777 2155 2225
3 307 1337 2576
3 1288 1683 2999
3 1954 1043 2138
3 534 1384 4081
3 1342 877 2616
3 749 1843 1885
3 142 141 1899
3 416 1703 2518
3 1843 840 1885
3 2162 1290 2678
3 3300 677 3388
3 389 2021 3599
3 1419 789 2349
3 1586 569 3193
3 1671 1150 3193
3 116 117 3250
3 1405 794 2194
3 1504 2428 3662
3 1168 1850 2617
3 712 1604 2389
3 550 1411 2034
3 2085 399 2779
3 1807 2068 3694
3 1446 507 2220
3 975 2155 2293
3 1443 771 2210
3 234 2248 2695
3 253 2459 3080
3 2189 649 4072
3 635 1561 2017
3 1675 1258 3596
3 1536 942 2562
3 1215 787 2178
3 551 1435 2289
3 1394 791 2040
3 970 3050 4067
3 1497 2069 3324
3 1910 832 3891
3 2192 1127 2861
3 499 2010 4143
3 914 2316 2523
3 2905 654 3204
3 673 1485 3159
3 9 10 1814
3 726 1944 3235
3 2220 1120 2291
3 172 171 2302
3 2339 401 3912
3 432 2201 2800
3 750 1599 2606
3 1283 1749 3286
3 2974 580 3898
3 829 1238 3292
3 1507 972 2911
3 1573 1353 4001
3 1706 3060 3819
3 1636 728 1914
3 131 2528 2643
3 359 1237 3166
3 1404 340 2739
3 1020 1420 1787
3 394 1993 2939
3 624 1572 2863
3 1444 774 2213
3 2035 471 4021
3 1387 1856 2976
3 2041 1069 3357
3 120 1657 3494
3 711 1424 2012
3 239 238 1626
3 2632 1295 3694
3 791 1394 2395
3 766 1652 2191
3 288 1707 2718
3 1705 1186 3049
3 3201 2357 3549
3 717 1452 2671
3 772 1443 2210
3 1407 768 3521
3 480 2063 3773
3 2882 1181 3840
3 1555 67 3448
3 1296 971 2679
3 1845 501 2330
3 1427 833 2817
3 908 1551 2717
3 340 1513 2308
3 416 1402 2915
3 1378 875 2095
3 2524 1533 3252
3 781 1446 2220
3 1997 694 3350
3 331 1741 3829
3 1128 664 3534
3 1411 550 2199
3 682 1614 2795
3 1520 733 2003
3 309 1979 2170
3 1524 426 2427
3 1707 1232 2718
3 1554 635 3187
3 545 1566 2139
3 775 1444 2213
3 2134 1201 3485
3 2187 603 2803
3 1272 755 2693
3 2948 550 3335
3 320 1957 2621
3 2781 1840 3129
3 1464 455 2217
3 877 1342 2299
3 1582 643 1861
3 2575 1090 3824
3 1330 776 2335
3 1345 2287 3646
3 2139 1697 3028
3 1551 531 2373
3 1483 747 2435
3 2307 1132 2773
3 1313 1751 3403
3 1479 339 2325
3 2083 998 2733
3 2236 1026 2247
3 2070 298 3227
3 894 1566 2070
3 225 1862 3777
3 975 2293 3497
3 2528 130 3026
3 1341 2006 3355
3 1613 670 3288
3 710 1697 2139
3 1670 1036 2189
3 1837 286 2498
3 684 1600 3527
3 2285 651 2448
3 1023 2191 3111
3 2028 796 2601
3 177 176 1669
3 1604 712 2897
3 51 52 1615
3 752 1851 1875
3 1234 809 2060
3 1297 568 4013
3 1799 1688 3203
3 1702 560 3570
3 643 1582 1802
3 2145 1753 2910
3 1519 1838 3390
3 1981 1442 2721
3 443 1315 2154
3 446 1670 2189
3 1743 303 2917
3 1600 371 2954
3 1508 665 1920
3 1433 1192 3316
3 1536 2562 3520
3 2416 1357 3093
3 1454 701 2439
3 1630 605 3087
3 1274 319 3323
3 702 1454 2441
3 415 1284 2129
3 1200 2505 3747
3 569 1355 4033
3 1345 124 3249
3 2421 113 3744
3 1595 1258 3991
3 899 2891 3129
3 1814 10 2442
3 2091 985 3051
3 681 1591 2072
3 474 1551 2699
3 1660 1978 3233
3 170 169 1932
3 2280 1019 2902
3 472 1484 1972
3 1765 828 1766
3 2955 1117 3349
3 636 2243 2268
3 1762 1097 2652
3 1486 2254 3689
3 149 148 2365
3 608 1534 3489
3 1446 874 2426
3 1468 1883 3706
3 1959 1163 3034
3 1524 927 2431
3 1452 717 2460
3 2232 1522 3704
3 1869 799 2013
3 2308 1513 3583
3 1485 673 2327
3 366 1529 2190
3 227 226 1937
3 2687 384 2855
3 915 1422 2630
3 1572 1048 2863
3 179 178 2278
3 401 1236 2254
3 524 1207 2668
3 1425 590 3753
3 731 1908 1943
3 1909 820 2063
3 1521 1089 4019
3 367 1505 2163
3 1300 683 3142
3 550 1213 2199
3 852 1270 3220
3 1559 2050 3189
3 1869 2340 3427
3 88 89 1655
3 1596 918 1803
3 410 1850 2409
3 1721 842 2465
3 1844 1428 3372
3 1487 911 2995
3 1504 394 2939
3 300 1675 3596
3 922 1544 2455
3 1733 412 2625
3 313 1517 2933
3 788 2073 2437
3 1593 428 3476
3 1874 1003 3674
3 1216 2966 3346
3 1829 1106 3136
3 450 1328 2362
3 1775 1538 3375
3 1126 2140 2452
3 1591 681 1946
3 1592 954 1958
3 1581 709 2084
3 800 1350 3658
3 108 109 3013
3 620 1298 2479
3 418 1843 3460
3 692 2359 2536
3 320 1472 2225
3 1752 1162 3160
3 693 1657 2313
3 641 1373 3011
3 294 1446 2454
3 1549 427 3536
3 1738 1015 2581
3 674 1738 2581
3 1312 692 2536
3 185 184 1654
3 396 1552 3177
3 608 1348 2179
3 1288 2999 4127
3 120 121 1657
3 1728 607 2692
3 1901 581 3762
3 763 1496 3557
3 2153 368 2708
3 422 1191 2372
3 1097 1762 2552
3 1836 596 3105
3 803 1396 2340
3 190 189 2376
3 2255 341 2653
3 609 1426 3145
3 616 1581 2084
3 709 2493 3588
3 435 1497 3072
3 1460 426 2237
3 1408 2078 3273
3 2167 1035 2320
3 1013 2416 3093
3 1840 899 3129
3 681 1751 2826
3 754 1412 2186
3 3067 1659 3913
3 1143 1766 2908
3 1658 3067 3916
3 1644 638 3190
3 1920 3402 3669
3 1610 503 3589
3 1524 830 2406
3 1259 309 2170
3 1391 380 2519
3 330 1379 2359
3 753 1909 2063
3 416 1481 2780
3 1309 1796 4070
3 695 1456 3280
3 426 1285 2237
3 543 2134 3485
3 1856 1182 2632
3 232 231 2297
3 1212 1815 3528
3 306 1511 3586
3 1975 1066 2163
3 1564 746 2546
3 1368 2940 4110
3 686 1519 2317
3 1781 370 2393
3 871 1591 3030
3 1573 297 1906
3 1711 796 3135
3 319 1274 2130
3 645 1393 2008
3 950 1561 2537
3 525 1691 2593
3 1744 467 2877
3 1402 601 3273
3 130 4 3026
3 1349 312 2353
3 1879 612 2519
3 1583 848 4047
3 751 1582 1861
3 1420 600 1787
3 1156 1711 3135
3 1278 2188 2326
3 1957 1238 2621
3 1639 334 1938
3 1245 575 2947
3 2838 696 3691
3 1716 682 2795
3 125 126 2177
3 854 1410 2557
3 458 1959 3034
3 601 1408 3273
3 1566 710 2139
3 743 1674 1968
3 1883 723 2217
3 869 2357 3201
3 1134 1377 3172
3 929 1652 2138
3 147 146 1955
3 1363 288 2683
3 1924 1062 2125
3 346 1503 2826
3 1075 1919 2626
3 1505 643 1802
3 2587 1613 3288
3 2275 1143 2908
3 1539 2264 2774
3 1412 754 2336
3 2118 650 3809
3 1237 359 2846
3 555 1599 2949
3 841 1817 2132
3 403 1228 2557
3 1507 353 3164
3 1256 551 2289
3 551 1256 2311
3 1768 523 2380
3 188 187 2303
3 2200 433 2592
3 179 2278 2715
3 1929 432 2800
3 999 1836 3105
3 1496 763 3553
3 854 2557 3604
3 283 2209 3139
3 2718 1232 3810
3 933 1670 2791
3 549 2709 3130
3 234 233 2248
3 427 2655 2907
3 1352 1997 3350
3 1688 444 2388
3 2111 921 3298
3 741 1609 2531
3 1856 654 2905
3 3104 1543 3710
3 662 1589 2050
3 1354 688 2476
3 438 2192 2861
3 2258 1072 2887
3 2572 806 2903
3 1740 780 3202
3 1183 1928 3337
3 1101 2248 2348
3 1557 325 2422
3 1533 719 2410
3 347 1458 2472
3 2864 417 3182
3 1151 1644 3190
3 1099 1648 3461
3 2169 1117 2955
3 2021 389 3686
3 867 1782 2168
3 1479 712 3419
3 809 1234 2182
3 1272 1929 2689
3 860 2315 3856
3 887 1651 2980
3 1844 703 2079
3 557 1267 2322
3 1131 1625 3438
3 2245 2698 3803
3 1478 941 3868
3 1670 933 2934
3 1558 609 3783
3 1240 1558 3783
3 1737 709 1789
3 850 2236 2247
3 2963 804 3432
3 1472 320 2621
3 832 3618 3891
3 1886 720 1950
3 1343 981 2987
3 1890 433 2013
3 237 1413 2122
3 2298 1103 2986
3 1591 1946 3030
3 411 3315 3817
3 954 1592 2121
3 899 1463 2891
3 1514 11 3132
3 433 1890 2592
3 1456 694 3523
3 891 2062 2594
3 1679 683 2825
3 1687 1000 3314
3 2043 879 2839
3 1456 2358 3280
3 1219 1542 2833
3 839 1895 2101
3 2822 1254 4010
3 663 3104 3710
3 1505 765 2163
3 2140 780 2452
3 1921 886 2160
3 612 2461 2519
3 308 1383 2604
3 1150 1671 3410
3 1388 604 2403
3 1540 792 2173
3 852 1860 3436
3 1437 795 2642
3 2248 890 2348
3 824 2030 2405
3 1361 610 3455
3 418 1827 1843
3 2461 506 3959
3 921 2453 3298
3 1700 301 1766
3 1827 840 1843
3 1106 1829 3194
3 1542 749 2504
3 1273 2956 3105
3 2239 411 3817
3 383 1838 3937
3 289 1306 2698
3 180 179 2715
3 1625 587 3438
3 1748 1227 1987
3 1375 797 2813
3 911 1487 2179
3 696 1469 3290
3 648 3054 3535
3 748 2077 3854
3 1725 702 1957
3 2459 252 2730
3 1000 1655 3314
3 1492 956 2974
3 827 1264 2566
3 745 1709 2151
3 1551 474 2717
3 109 110 3013
3 1823 776 3666
3 1371 939 2614
3 532 1995 3856
3 460 1568 2017
3 2139 1118 3415
3 2021 1325 3599
3 1079 2805 2926
3 996 1611 2738
3 1315 443 3787
3 812 1280 3109
3 642 1588 1917
3 1747 41 2336
3 1105 1864 2227
3 747 1483 2449
3 507 2426 3230
3 464 1545 2178
3 2067 3399 3417
3 320 2225 2263
3 1783 1051 1833
3 1431 365 2216
3 1276 2223 4007
3 691 1609 2999
3 1107 1915 2399
3 1869 339 2340
3 98 99 1548
3 1506 688 2418
3 949 1583 2224
3 2960 57 4135
3 592 1371 2428
3 1618 1008 2798
3 1607 923 2972
3 1008 1617 2798
3 3152 402 3342
3 1239 2218 3188
3 384 2687 3987
3 1603 2812 3016
3 850 2378 2509
3 2356 1476 2397
3 1545 1215 2178
3 324 1516 3005
3 782 1674 1807
3 429 1423 2496
3 254 253 3080
3 794 2090 2194
3 610 1939 3455
3 1432 192 2044
3 1360 685 2783
3 1379 330 2893
3 1360 876 2262
3 683 1679 3120
3 354 1487 2995
3 413 1628 2992
3 77 1665 3137
3 54 55 1684
3 301 1765 1766
3 3050 484 3558
3 1312 880 2501
3 3082 1225 3175
3 1723 1178 2563
3 465 1910 2056
3 473 1590 2304
3 83 1518 2712
3 1014 1892 2650
3 1418 633 3512
3 664 1687 2038
3 457 2928 2930
3 1173 2132 3452
3 527 1482 2238
3 2257 1197 3121
3 1223 3152 3342
3 1529 808 2190
3 1591 383 2072
3 760 1430 2945
3 1420 905 3153
3 1838 2533 3937
3 806 1906 2903
3 1930 711 3739
3 375 1474 2276
3 1475 730 2494
3 1576 420 3999
3 379 2678 3670
3 711 3221 3739
3 2389 1604 3922
3 1618 2798 3791
3 1976 1079 2926
3 2798 1617 3792
3 321 1323 2727
3 2498 955 2824
3 812 1926 3827
3 1424 1002 2960
3 2275 736 2468
3 1393 645 3271
3 626 1703 3998
3 1905 280 3687
3 1854 1137 2903
3 1970 14 2334
3 1462 1864 3897
3 1219 2910 3460
3 199 1434 2151
3 792 1540 4053
3 1674 462 1968
3 1211 2028 2601
3 1567 671 2181
3 844 1887 2234
3 1465 206 2354
3 1443 151 2052
3 2071 818 2171
3 2090 794 2477
3 1599 1063 2949
3 525 2593 3545
3 354 1420 2943
3 346 1313 2259
3 649 1448 3125
3 1329 558 2287
3 1390 363 2857
3 1694 683 3120
3 2738 1611 3770
3 2155 563 2293
3 1380 588 2361
3 2041 425 2688
3 837 1621 2698
3 1204 1712 2527
3 1239 3188 3564
3 1076 1728 2692
3 207 1465 2447
3 339 1479 2401
3 371 2825 2954
3 2678 379 3994
3 803 1451 2831
3 2202 701 3497
3 1898 796 2408
3 871 1835 2788
3 1676 755 1938
3 1162 1752 2719
3 363 1390 3814
3 824 1453 2909
3 976 2307 3091
3 1864 356 3897
3 883 1436 4015
3 1539 1406 3930
3 1793 876 2876
3 100 101 3093
3 1868 750 2606
3 1104 2971 3571
3 1313 346 2826
3 733 1520 3207
3 1651 887 3850
3 1396 803 1884
3 1803 918 1969
3 297 1854 2903
3 2460 717 3296
3 672 2016 3948
3 2557 1228 3604
3 118 1614 3250
3 2928 1355 2930
3 2709 1301 3130
3 1271 1944 3933
3 1242 2242 2783
3 1015 1555 3145
3 1993 1353 2939
3 2583 815 3045
3 413 1767 3830
3 710 1566 2241
3 1720 964 2691
3 322 2014 3318
3 1331 2421 3744
3 709 1737 2493
3 731 1401 3002
3 201 200 1709
3 2001 874 2435
3 2067 769 3399
3 471 3833 4021
3 2184 448 3957
3 371 1600 2113
3 1005 1691 2027
3 476 1553 2651
3 1575 877 2249
3 31 32 1689
3 1801 326 2807
3 2383 489 3681
3 2255 627 3621
3 2150 525 3545
3 569 1671 3193
3 325 1557 3513
3 665 1508 2835
3 638 1490 3190
3 675 3544 4107
3 2243 1133 2268
3 420 1622 3999
3 1096 1659 3067
3 1658 1096 3067
3 746 1287 2103
3 724 1662 2467
3 161 1398 2554
3 437 1681 3179
3 2585 1582 3728
3 490 2381 3682
3 2284 1815 3794
3 383 1591 3390
3 56 57 2960
3 1481 757 3174
3 794 1546 2477
3 1982 655 3525
3 1371 1825 3184
3 1400 1569 4076
3 1602 950 2537
3 1089 2205 4019
3 378 1815 2284
3 1402 416 2780
3 1816 1090 2575
3 905 1473 3153
3 3061 407 3107
3 1867 1380 2361
3 1270 852 2451
3 891 1495 2062
3 1214 2285 2448
3 907 2071 2171
3 2256 808 3332
3 1895 879 2101
3 1939 610 2901
3 1166 1571 3681
3 2631 816 3032
3 796 2028 2408
3 1399 1901 3762
3 1845 960 2762
3 3439 1307 3764
3 1275 1712 3043
3 1501 629 3056
3 309 1694 1979
3 648 1598 4022
3 1837 1261 2647
3 671 1567 2396
3 733 1586 2003
3 2168 1456 3523
3 1511 306 2402
3 1572 788 2437
3 1287 746 3343
3 865 1570 2656
3 1492 2974 3898
3 847 1333 2206
3 1927 2198 3573
3 503 1956 2270
3 531 1551 2495
3 1579 1164 3682
3 1829 870 2382
3 1470 784 2886
3 831 1515 2941
3 1648 661 3461
3 623 1276 2968
3 983 1781 2393
3 723 1468 3845
3 2193 1154 3094
3 879 2658 2839
3 1499 786 2075
3 512 1637 2753
3 1606 786 2076
3 2016 1649 3948
3 545 2139 3415
3 1711 1156 2542
3 1611 657 1821
3 539 2062 3286
3 1271 2688 3235
3 2444 1209 3310
3 741 2531 3839
3 391 1783 1833
3 425 3123 3757
3 1683 691 2999
3 1842 670 2211
3 298 1305 2158
3 629 1501 2520
3 736 1668 2468
3 314 1715 3114
3 88 1655 3345
3 142 1899 3441
3 469 1533 2410
3 1436 883 2446
3 2146 1968 4139
3 1772 804 2165
3 893 1393 2921
3 1082 1603 3016
3 781 2220 2291
3 1691 525 2027
3 317 1311 2489
3 1364 616 2084
3 2186 1205 3191
3 700 2082 3625
3 414 1370 2241
3 2271 437 2725
3 627 2255 3338
3 1569 326 3396
3 1389 2085 2779
3 293 1476 2386
3 1393 893 2808
3 288 1438 3069
3 1254 1541 2726
3 789 2096 3720
3 938 1290 2618
3 1798 1046 2108
3 524 1698 2589
3 1304 619 3373
3 2231 1067 2969
3 2537 1561 3661
3 2098 317 2489
3 862 1644 2515
3 390 1449 4028
3 1819 846 2015
3 2129 669 3804
3 805 1374 3179
3 1233 2722 3285
3 1923 1046 2378
3 669 1595 3991
3 16 17 2523
3 403 1623 2566
3 1427 819 2196
3 1955 1388 2403
3 1870 921 2705
3 2236 510 3301
3 2065 294 2454
3 756 1589 3816
3 333 1583 2149
3 1210 556 2510
3 1586 395 2003
3 556 1210 2511
3 813 1726 2734
3 2688 425 3235
3 746 1564 2521
3 348 2731 3610
3 2956 999 3105
3 1498 656 3698
3 843 1616 3166
3 1129 1804 2686
3 1528 750 2840
3 2780 1481 3027
3 1749 763 3557
3 269 268 1740
3 1437 421 2103
3 1516 324 2549
3 217 1421 2574
3 1182 1856 2905
3 1949 2737 3691
3 326 1400 2135
3 1674 782 3329
3 794 1405 2761
3 667 1656 3345
3 1555 1015 2782
3 1494 2319 3463
3 956 1548 3266
3 1800 358 2169
3 1527 406 4129
3 865 2331 2464
3 1374 805 2740
3 1937 226 3777
3 1585 637 1824
3 816 2009 3032
3 875 1869 2013
3 437 1866 2725
3 939 2119 2181
3 798 2124 3707
3 1450 911 2772
3 1919 336 2626
3 1535 247 2066
3 1505 3068 3597
3 1887 462 3329
3 3109 1280 3183
3 2258 2887 3647
3 1311 536 2490
3 13 14 1970
3 2314 1493 3465
3 1798 795 3697
3 1155 1556 4123
3 3054 648 4022
3 918 1418 3429
3 838 1448 2913
3 769 1676 1938
3 2455 1544 3598
3 670 1842 2887
3 1534 1322 3892
3 1901 386 1902
3 1501 410 3851
3 1770 419 2121
3 1352 945 2645
3 321 1461 3685
3 1485 1177 3159
3 2391 380 2675
3 1720 328 2623
3 1656 87 3345
3 1703 1385 3998
3 174 173 1820
3 1164 1579 2382
3 1086 2426 3029
3 1132 2307 3431
3 1668 387 2443
3 1095 2049 3004
3 388 1293 2568
3 1410 857 2312
3 1817 350 2132
3 715 1543 3418
3 1589 756 2917
3 1571 1166 2377
3 2254 1486 3115
3 409 1636 1914
3 1538 353 3375
3 1453 3723 3926
3 2158 790 2428
3 1517 2180 3343
3 1596 499 2760
3 2426 874 3029
3 426 1524 2406
3 1619 345 4078
3 1373 2284 3011
3 409 1374 2740
3 1319 2864 3182
3 2966 1055 3346
3 900 2068 2183
3 483 2275 2908
3 1419 104 2096
3 1676 769 2298
3 799 1890 2013
3 1796 1309 3206
3 1906 806 2093
3 2174 1270 2451
3 1267 1779 2322
3 1943 562 3457
3 835 1514 2582
3 1661 330 2787
3 407 1537 3107
3 1788 1342 2658
3 2495 1167 3238
3 1472 777 2225
3 1723 472 3351
3 1290 938 3670
3 1556 1155 2274
3 1375 2963 3432
3 1125 2251 2889
3 780 1740 2212
3 1657 1050 3494
3 1256 1763 2311
3 1729 415 2129
3 1258 1675 3991
3 1995 1166 2895
3 11 1514 2442
3 1177 1931 3498
3 1932 169 3656
3 47 48 1928
3 1164 1994 2898
3 1434 198 2547
3 193 1432 2543
3 1218 2118 3809
3 1579 352 2382
3 1343 602 3031
3 419 2524 3252
3 1193 1575 2249
3 351 1571 2377
3 1396 2485 3427
3 927 1524 2427
3 1567 398 2396
3 1635 464 2178
3 1344 2293 3194
3 3708 1460 3730
3 486 1920 3669
3 1458 848 3033
3 720 1689 2407
3 1197 2247 3510
3 1584 428 2004
3 964 1720 2623
3 112 113 2421
3 685 1557 1992
3 1435 551 2832
3 472 1972 3351
3 906 1452 2648
3 1462 2482 3439
3 1203 1743 2917
3 1392 2153 2708
3 670 2887 3849
3 1893 623 3746
3 1682 687 2184
3 418 1753 3191
3 1349 866 2458
3 1243 1671 4033
3 2046 2721 3715
3 1046 1798 2509
3 516 1875 1876
3 920 1551 2373
3 876 1360 2242
3 1622 756 3816
3 2189 1036 2752
3 812 1918 2235
3 2307 1188 3091
3 1458 872 2472
3 414 1572 2437
3 1695 322 2207
3 1955 146 4016
3 2485 799 3427
3 2046 858 2721
3 394 1489 2814
3 248 1535 2481
3 730 1475 2785
3 1719 2212 3990
3 530 1575 2733
3 1552 1161 3177
3 1452 906 3368
3 2399 402 2748
3 1797 1256 2289
3 1866 437 3179
3 2494 519 4105
3 1196 2920 3397
3 131 130 2528
3 152 1443 2534
3 167 1444 2540
3 1409 690 3778
3 2132 1488 3452
3 1448 649 2752
3 1285 426 2406
3 1444 166 2544
3 1359 2460 3296
3 986 1498 2344
3 34 35 1788
3 1495 891 4124
3 672 1580 3305
3 2539 586 2954
3 2085 675 3939
3 854 2172 3133
3 1940 926 3867
3 1951 450 3151
3 610 1527 2729
3 2589 1053 3267
3 476 2682 2911
3 654 1911 3204
3 1439 884 3358
3 1474 639 2629
3 2282 815 2300
3 1518 83 2929
3 1633 2981 3192
3 923 1607 3059
3 1947 107 2446
3 2359 1379 2536
3 1695 801 2014
3 559 1397 2637
3 1728 890 2834
3 1604 953 3922
3 2074 1236 3141
3 1503 346 2940
3 1600 684 2113
3 1926 812 2235
3 2461 1391 2519
3 2919 1274 3766
3 2225 975 2263
3 656 1498 3116
3 1774 1336 2318
3 913 1941 1960
3 255 1620 2607
3 1231 2305 3866
3 1526 78 2884
3 1907 1183 3296
3 1814 977 3776
3 1254 2822 3917
3 2433 1263 3247
3 220 219 4103
3 1939 1018 3455
3 1498 986 3116
3 1275 1887 3329
3 2318 731 3002
3 579 2127 3821
3 529 1673 2119
3 2822 494 3436
3 968 1379 2893
3 108 1436 2446
3 780 2212 3518
3 450 1977 3151
3 1267 557 3522
3 1321 2327 3751
3 2117 1320 3751
3 1633 960 3213
3 315 1713 3076
3 2870 1043 3078
3 318 1534 4064
3 693 2313 4115
3 2743 1459 3406
3 2753 1190 3649
3 1260 2490 3420
3 3707 2124 4149
3 1716 119 3494
3 2605 3029 4011
3 1498 2288 3269
3 919 1576 3037
3 1655 667 3345
3 1892 518 2650
3 1931 296 3498
3 503 1610 3594
3 1835 479 1926
3 1801 787 3396
3 1557 836 3793
3 1300 2539 2954
3 1570 2595 3493
3 1220 2255 2653
3 1751 681 2072
3 1215 1569 3396
3 1050 1716 3494
3 990 2193 3094
3 2346 470 3263
3 1677 1065 2988
3 1559 1030 2050
3 1065 1678 2988
3 2019 712 2389
3 676 1441 2097
3 760 2945 3632
3 2288 404 3269
3 836 1557 2422
3 1755 761 3072
3 477 1719 3990
3 1590 473 2385
3 607 2244 2692
3 2082 1464 3625
3 575 2417 3699
3 836 1926 2235
3 1532 2948 3335
3 1645 542 2828
3 712 2219 2897
3 1318 580 2974
3 1322 318 2357
3 874 1446 3071
3 1168 2255 3621
3 2663 314 3114
3 1529 366 3140
3 783 1467 3940
3 344 2501 2998
3 1912 815 2282
3 399 1354 3295
3 678 1548 2185
3 1316 2681 2720
3 2482 547 3439
3 1420 1020 2943
3 787 1635 2178
3 866 1349 2353
3 822 1502 2321
3 1502 823 2321
3 2076 343 3731
3 1327 399 2851
3 1815 378 3528
3 1704 319 2130
3 353 1507 3375
3 2490 1260 3888
3 3123 1416 3757
3 1956 503 3594
3 408 1754 3127
3 2245 837 2698
3 1279 1610 3589
3 1121 1879 2519
3 2183 484 3664
3 2093 806 2160
3 1378 1795 2809
3 1826 343 2571
3 1570 561 2656
3 2051 724 2467
3 2138 1043 2870
3 926 1358 3833
3 1412 2764 3170
3 586 2453 2954
3 499 1445 2760
3 432 2298 2986
3 1115 1642 3638
3 1077 1745 3148
3 47 1928 3433
3 855 1526 2884
3 454 1613 2587
3 2293 1106 3194
3 1344 2202 3497
3 1333 847 3001
3 410 1653 3851
3 306 2309 2876
3 1237 1876 3166
3 3050 1284 3664
3 802 1737 1789
3 1678 726 2547
3 725 1677 2543
3 739 1554 3590
3 538 1546 2965
3 815 1912 3045
3 1655 1000 3320
3 512 2753 3440
3 253 252 2459
3 452 1927 3573
3 765 1975 2163
3 959 1661 2787
3 1666 698 2036
3 1028 2768 3090
3 510 3112 3301
3 76 77 3137
3 687 1661 2184
3 1514 835 2442
3 1678 1065 1944
3 1647 800 2475
3 2183 2068 3844
3 314 3109 3183
3 442 1981 2131
3 1582 751 3728
3 54 1684 2112
3 1673 677 2119
3 859 2444 3310
3 1413 734 2122
3 1517 953 2933
3 728 1636 2311
3 1623 827 2566
3 3553 763 4079
3 1089 1521 4090
3 1347 1636 4106
3 2756 1343 3820
3 1434 2547 3908
3 2543 1432 3907
3 1039 1733 2625
3 1928 1250 3808
3 1668 736 2775
3 1373 641 3570
3 1284 415 2639
3 1661 959 2184
3 2103 421 3546
3 106 107 1947
3 439 2506 2982
3 1763 1256 3574
3 1558 1240 3445
3 1598 1877 4022
3 1051 1504 2939
3 1981 858 2131
3 811 2940 2990
3 2126 1316 2720
3 41 42 2336
3 1589 662 3816
3 1694 807 1979
3 875 2013 2095
3 2547 726 3908
3 725 2543 3907
3 1477 1950 2407
3 1880 2641 3750
3 1548 678 3266
3 1851 843 1875
3 1680 761 2204
3 1222 2375 2770
3 2988 1678 4036
3 1642 1115 3370
3 2429 1314 3458
3 1677 2988 4035
3 942 1536 2141
3 592 1504 3340
3 2361 1159 2942
3 1067 2231 3219
3 1384 382 3855
3 2170 1979 3353
3 945 1352 2366
3 1554 739 2850
3 1008 1618 2010
3 1617 1008 2011
3 1608 347 3363
3 1492 97 3483
3 102 103 1771
3 750 1510 2840
3 890 1728 2348
3 2174 2451 3336
3 352 1829 2382
3 826 2743 3406
3 3698 1685 3873
3 810 2232 2617
3 1682 2184 3957
3 898 1879 2723
3 1526 855 2602
3 1450 2772 4028
3 1206 2245 3025
3 2125 1062 2878
3 1636 409 4106
3 1830 127 3155
3 1779 1267 3640
3 2064 542 2634
3 764 1968 2146
3 829 1472 2621
3 687 2091 3795
3 2305 1231 3499
3 1611 996 2035
3 1546 538 2477
3 690 1409 2363
3 2069 688 3324
3 804 1772 3432
3 1294 3328 3428
3 628 2074 3141
3 714 1735 2398
3 19 20 1952
3 2722 940 3285
3 1638 430 2341
3 2360 1104 3571
3 971 1296 2890
3 740 1827 3952
3 910 1518 2716
3 1411 417 3408
3 1880 1239 3449
3 1021 1540 2854
3 1548 99 2185
3 93 94 2079
3 2764 1145 3170
3 2801 1476 3317
3 1920 2817 4109
3 1449 1645 2828
3 552 1539 2583
3 1463 899 2649
3 2737 1136 3691
3 1398 728 2554
3 313 1604 2897
3 1906 2093 3459
3 300 3226 3237
3 1105 2227 3446
3 345 1772 2086
3 651 1536 3920
3 1480 727 2580
3 1713 597 3076
3 1289 2569 2665
3 916 1598 3655
3 633 3057 3512
3 1836 1322 2357
3 1430 760 3122
3 2961 1247 3344
3 1613 454 2801
3 1225 1815 3175
3 3723 770 3926
3 319 1704 2167
3 2515 1644 3514
3 1698 925 3025
3 444 1799 2684
3 432 1676 2298
3 2519 380 3993
3 2244 492 3951
3 1031 1768 2380
3 1778 903 2810
3 1353 625 3185
3 670 1613 2211
3 1722 770 3723
3 1571 2383 3681
3 846 2014 2015
3 880 1312 2957
3 1712 292 3043
3 1552 396 2669
3 1598 648 3019
3 134 1560 2314
3 1516 1088 3005
3 1560 133 2315
3 1546 794 2761
3 1780 800 3658
3 1478 2303 3302
3 1743 757 2228
3 338 1582 2585
3 1760 758 3325
3 2940 1368 2990
3 1852 632 2369
3 1061 1901 1902
3 759 1761 3326
3 830 1463 3377
3 873 1369 2423
3 1558 71 2613
3 2022 813 2734
3 303 1589 2917
3 1563 139 2319
3 66 1555 2782
3 505 1559 2991
3 2381 1579 3682
3 1735 932 2398
3 2191 1652 2750
3 2075 1208 3245
3 324 1607 2972
3 1534 2777 4064
3 2560 1847 3381
3 2901 1234 3051
3 2117 673 3159
3 977 2089 3776
3 774 2289 3195
3 2595 903 3493
3 1210 1760 3423
3 1761 1210 3423
3 1001 1711 2542
3 2318 3002 3566
3 1064 2065 2454
3 1878 398 3300
3 1889 997 2228
3 1649 341 2598
3 1576 919 3119
3 1838 383 3390
3 2546 2103 3546
3 1111 2429 3458
3 87 88 3345
3 680 1658 1942
3 1209 2091 3310
3 955 1500 2824
3 633 1896 3057
3 973 1564 2546
3 1522 810 3735
3 2033 1607 3005
3 528 1647 2475
3 2327 673 3751
3 1517 746 2521
3 2267 1007 3376
3 769 2067 2298
3 1056 1883 2217
3 623 1695 2207
3 1365 747 3351
3 223 1502 2525
3 1431 2395 3593
3 159 1631 3796
3 788 1572 3074
3 793 1850 2608
3 1860 994 2844
3 1439 2297 3217
3 667 1584 3052
3 286 1543 2498
3 1681 437 2251
3 2309 306 3586
3 1502 222 2535
3 767 1973 2266
3 1599 750 2425
3 1266 1792 3637
3 1401 1943 3457
3 215 1630 3806
3 1110 1801 2807
3 864 1494 2268
3 518 3082 3175
3 2657 642 2678
3 647 1668 2443
3 695 2053 3393
3 426 1460 2644
3 705 1829 3136
3 856 2339 2916
3 1434 745 2151
3 3021 1499 3945
3 2409 1850 3509
3 431 1541 2517
3 338 1592 1958
3 1493 861 2272
3 418 3191 3462
3 2605 1086 3029
3 1708 484 2183
3 1358 3061 3107
3 786 1606 3210
3 2504 749 2751
3 1109 2209 2646
3 1239 1880 3750
3 99 100 2185
3 1414 735 2553
3 2009 546 3236
3 2593 1691 2995
3 2013 433 2095
3 1184 3698 3873
3 621 1819 2015
3 835 1706 3819
3 1565 328 2269
3 953 1517 3259
3 1219 2833 4141
3 784 1470 2175
3 835 1814 2442
3 1581 616 3672
3 1269 574 2674
3 1279 2352 2731
3 1293 1962 3805
3 1194 2606 2950
3 1475 2494 4105
3 572 1266 2666
3 712 1479 2219
3 2993 1619 4078
3 1258 1595 2994
3 607 1728 2834
3 790 1489 3662
3 776 1823 2176
3 2352 591 2731
3 1539 552 2264
3 1266 572 2664
3 1968 462 4139
3 311 1785 3478
3 1487 608 2179
3 2365 1158 2591
3 1656 667 3052
3 98 1548 3483
3 1521 791 2216
3 947 1767 3039
3 3575 646 3634
3 1577 965 3356
3 1826 724 2051
3 1734 266 2457
3 1095 3004 4136
3 1025 1547 3912
3 1377 1134 3615
3 717 1907 3296
3 1628 413 2774
3 2498 1543 3104
3 2251 437 2889
3 1727 838 2404
3 1350 800 2473
3 1233 3285 3590
3 491 2300 2371
3 1417 739 2457
3 1518 910 2712
3 61 62 3010
3 1516 2549 3925
3 1577 2030 3504
3 1869 875 2325
3 1920 486 2817
3 1304 3300 3388
3 1721 2465 2969
3 1765 1484 3407
3 634 1795 2024
3 1256 1797 3574
3 1544 922 2198
3 646 1612 3634
3 2501 1473 2998
3 842 1395 2246
3 1127 2192 4031
3 1607 660 3059
3 1748 652 4155
3 363 2696 2749
3 886 2093 2160
3 1565 666 3007
3 3236 546 3678
3 1241 1685 3789
3 117 118 3250
3 479 2345 3827
3 502 1863 2530
3 1787 531 3238
3 1694 309 3540
3 811 1503 2940
3 2107 891 2971
3 880 1650 2811
3 19 1952 2059
3 574 1269 2677
3 1685 656 3789
3 333 1578 2252
3 319 1594 3323
3 771 1443 2052
3 1192 1433 3416
3 2302 1144 2573
3 1232 1707 4018
3 2784 1289 3468
3 1921 622 3810
3 1571 936 2383
3 2144 1083 2959
3 2655 1157 2907
3 635 1554 2850
3 1423 429 3291
3 382 1384 3911
3 1921 2160 4101
3 1215 1545 3651
3 1602 2537 3799
3 679 1659 2150
3 1559 505 2975
3 1320 2182 3482
3 851 1954 2274
3 3031 1485 3820
3 2615 544 3724
3 1693 1024 3813
3 1382 2346 3263
3 654 1387 3089
3 486 1710 2387
3 764 2746 3953
3 724 1826 2571
3 808 1529 3634
3 350 1488 2132
3 2204 568 3964
3 1659 1096 2150
3 51 1615 3554
3 1421 778 2574
3 1529 3575 3634
3 1551 908 2495
3 732 2323 3168
3 1633 373 2981
3 1630 1421 3806
3 934 1579 2381
3 2077 748 2078
3 499 1803 2011
3 1715 594 3114
3 522 1980 2046
3 78 1526 3378
3 2879 1260 3528
3 2920 442 3397
3 2379 626 3376
3 308 1870 2705
3 897 1530 2715
3 2549 767 3925
3 1053 2338 3267
3 594 1368 2831
3 1197 2257 3677
3 750 1528 2425
3 1811 1269 3656
3 1879 898 2925
3 1707 652 4018
3 872 1531 2472
3 1810 1266 3637
3 1001 1480 3060
3 726 1678 1944
3 816 2142 3264
3 1179 1947 2411
3 1370 414 2437
3 656 1685 3698
3 1952 20 3102
3 2959 1083 3569
3 2376 1160 2596
3 1621 289 2698
3 1827 3462 3952
3 1961 1260 2879
3 1065 1677 2157
3 913 2438 2587
3 883 1947 2446
3 1729 2129 3804
3 1640 915 3769
3 1379 968 3224
3 2209 853 2646
3 302 2123 2660
3 1973 878 2266
3 1803 658 2011
3 1069 3015 3357
3 1397 559 2466
3 1059 1615 3022
3 1876 843 3166
3 2964 1298 3585
3 1688 2388 3501
3 417 1714 3182
3 725 1808 2157
3 1309 2009 3236
3 1791 369 2802
3 674 1784 3801
3 1213 2948 3478
3 667 1655 3320
3 373 1633 3213
3 774 1444 2544
3 754 2186 3191
3 1949 475 2737
3 707 2023 2423
3 229 1597 2392
3 2366 465 2904
3 1784 1286 3801
3 1722 393 1998
3 1566 894 2697
3 1735 714 3992
3 1615 52 3022
3 471 1963 3486
3 1014 2964 3585
3 2641 854 3133
3 597 1375 2813
3 1588 3026 3929
3 2245 497 3025
3 1626 238 2122
3 1113 1751 2072
3 2536 1379 3224
3 497 1698 3025
3 546 2384 3678
3 297 1573 3924
3 588 1380 2836
3 949 1382 3263
3 846 1525 3318
3 1207 1793 2876
3 2020 759 3326
3 1137 1854 3639
3 758 2018 3325
3 1086 2261 3230
3 219 3979 4103
3 3239 1351 3261
3 2590 742 4069
3 1440 2391 2675
3 62 2662 3010
3 287 1447 3468
3 123 124 2624
3 773 1792 2664
3 1575 1193 3902
3 1952 738 2059
3 849 1435 2832
3 1650 880 2957
3 1785 311 2474
3 1236 2074 3689
3 600 1420 3153
3 1189 1795 3417
3 872 1458 3339
3 1777 724 2571
3 1862 822 2757
3 614 1577 3504
3 1185 3013 3126
3 1383 901 2604
3 1918 481 2235
3 652 1987 4018
3 877 1575 2616
3 808 1681 2251
3 235 1730 3901
3 1811 775 2677
3 2571 343 2937
3 116 1425 2873
3 514 1858 3294
3 1487 354 2943
3 697 2257 3121
3 1772 818 2086
3 744 1432 2044
3 1714 1411 3625
3 2182 1234 2729
3 1328 1951 3443
3 2009 816 3264
3 296 1931 2218
3 867 1997 2377
3 659 2661 2687
3 1618 659 2010
3 915 1640 3154
3 658 1617 2011
3 322 2128 2207
3 2306 538 2965
3 1810 772 2666
3 818 1772 2165
3 715 1951 3530
3 825 1590 2385
3 1536 651 2141
3 2891 1422 3129
3 1508 2292 2835
3 1871 707 2423
3 1951 1308 3530
3 1944 521 3933
3 357 1596 3880
3 1651 653 2980
3 1545 464 3085
3 2610 520 2636
3 1887 976 2234
3 1150 1999 2419
3 1594 319 2320
3 1029 1734 1989
3 45 46 1907
3 1833 1051 3185
3 1606 2076 3731
3 1670 446 2791
3 2895 1166 3681
3 1597 228 2512
3 1164 2898 3682
3 1416 3123 3486
3 1763 162 2554
3 1484 472 3407
3 1499 2075 3245
3 1590 889 2304
3 856 1522 2214
3 827 1623 2835
3 657 1611 2035
3 1511 624 2159
3 44 2600 2764
3 1623 403 2312
3 2470 1335 3161
3 380 1391 3270
3 768 1523 3241
3 387 2961 3344
3 1875 516 2250
3 1472 829 2430
3 2309 1207 2876
3 1530 2448 3920
3 1991 425 3757
3 2682 1507 2911
3 558 2281 3646
3 673 2117 3751
3 980 1649 4084
3 946 1826 2051
3 2158 2428 3532
3 218 1786 3979
3 718 1640 3405
3 3145 1555 3783
3 819 1427 2387
3 650 2118 3826
3 691 1683 4066
3 1677 725 2157
3 331 1683 4058
3 2325 875 2809
3 1658 680 2368
3 1737 802 2769
3 1530 897 2448
3 140 1563 2478
3 631 3708 3730
3 1580 1025 3481
3 758 1760 2510
3 1668 647 2468
3 424 1990 3732
3 1963 1416 3486
3 1761 759 2511
3 1984 403 2566
3 1683 1288 4058
3 625 1833 3185
3 320 1725 1957
3 703 1924 3748
3 1545 865 2464
3 1643 699 2690
3 1570 865 3085
3 1910 937 2056
3 917 2875 3541
3 33 1895 2776
3 2684 1799 4107
3 973 1993 2814
3 1448 1727 3125
3 2103 1287 3526
3 2665 1265 3086
3 823 2361 2942
3 3015 1531 3357
3 885 1937 2755
3 1779 244 2553
3 1188 2307 2773
3 639 1642 3370
3 1768 901 2888
3 3417 1795 3765
3 1382 949 3738
3 1696 1304 3388
3 831 1705 2329
3 2517 1138 3379
3 983 1614 3234
3 1358 926 3061
3 1614 682 3234
3 1864 706 2227
3 843 1549 3097
3 1671 2717 3410
3 1935 881 2674
3 2545 849 2983
3 645 2008 2854
3 345 2086 4078
3 707 1720 2691
3 785 1980 3499
3 1645 841 2634
3 596 2919 3766
3 1009 2780 3027
3 2289 1435 3195
3 119 120 3494
3 1473 600 3153
3 75 76 2471
3 1792 773 3303
3 913 1960 2438
3 482 3083 3454
3 2595 1199 2978
3 1528 935 3812
3 1476 293 3317
3 239 1626 2455
3 727 1480 2670
3 1662 1055 2467
3 352 2202 3194
3 304 1577 3356
3 2505 1330 3747
3 1355 1846 2930
3 1118 2139 3028
3 1575 530 2616
3 2687 1217 3987
3 464 1635 3763
3 1058 2128 3575
3 424 3732 3738
3 1875 843 1876
3 704 1538 3971
3 1630 215 2707
3 2212 1719 3518
3 2268 1494 3860
3 1404 564 2464
3 629 1927 3056
3 1172 2146 3355
3 935 1528 3918
3 2439 701 3580
3 814 2628 3802
3 1375 597 2963
3 1631 159 2706
3 1718 451 3197
3 1795 1378 3765
3 1227 1748 4132
3 1037 2801 3317
3 652 1707 2280
3 1500 955 2684
3 609 1558 3606
3 303 1743 2228
3 729 2092 3847
3 392 1847 2560
3 2869 906 3012
3 1767 947 3830
3 702 2441 3668
3 3020 1060 4052
3 1443 772 2534
3 561 1778 3416
3 1599 555 2606
3 1493 2272 3860
3 1444 775 2540
3 891 2394 2971
3 1741 1288 3131
3 1083 2144 4043
3 2182 406 3482
3 952 2036 3440
3 531 2495 3238
3 2569 969 2665
3 611 1866 3722
3 2483 327 3075
3 1278 3103 3542
3 845 1638 2341
3 3386 1162 3572
3 1642 763 3409
3 1343 3031 3820
3 341 1649 2653
3 1368 594 2990
3 11 12 3132
3 1638 845 2400
3 293 1667 2892
3 1646 1940 3867
3 889 1785 2474
3 616 1513 4046
3 396 1495 2944
3 875 1378 2809
3 1867 221 4103
3 797 1592 3877
3 1786 218 2574
3 1669 176 2412
3 165 1797 2544
3 1653 557 2322
3 1584 831 2862
3 1519 871 2788
3 881 1932 2674
3 2244 1291 2692
3 1629 734 2970
3 1652 766 2856
3 950 1602 2355
3 639 1474 3079
3 853 1905 2847
3 1698 524 2668
3 1533 469 2866
3 221 220 4103
3 844 1341 3053
3 127 128 3155
3 1667 293 3619
3 601 1402 3974
3 1338 2189 4072
3 1531 544 2615
3 1024 1693 3612
3 1671 569 4033
3 1625 1131 2579
3 1204 2527 3614
3 2872 291 4146
3 1366 400 3169
3 1224 2127 2415
3 1522 856 3704
3 1672 414 2697
3 2548 1128 3534
3 629 1544 2198
3 451 1718 2265
3 1736 943 3408
3 1303 585 2755
3 1020 1487 2943
3 2260 927 2427
3 1995 532 2865
3 911 1450 2593
3 1534 608 2777
3 965 1577 2766
3 689 1845 2762
3 1862 1303 3777
3 1588 642 2657
3 1699 73 2732
3 2091 310 3310
3 1133 2243 2328
3 1734 1029 2860
3 1976 885 2755
3 1540 1021 2830
3 1495 396 3177
3 1928 1183 3433
3 792 1656 3052
3 1705 517 2329
3 2395 590 3593
3 1380 1786 2836
3 352 1579 3914
3 770 1722 1998
3 1810 153 2534
3 1513 340 3529
3 1811 168 2540
3 2171 449 3172
3 1220 2653 2778
3 177 1669 2558
3 1474 1627 4079
3 1405 434 2761
3 1445 2687 2855
3 502 2946 3618
3 1122 2278 2558
3 585 1303 2757
3 1695 623 2968
3 1698 1032 2589
3 1020 1787 3238
3 2473 800 2914
3 1863 989 2530
3 1055 1731 3346
3 547 1880 3449
3 3069 1438 3163
3 1546 1034 2965
3 1312 2536 2957
3 805 1681 2256
3 1616 843 3097
3 669 2129 3046
3 1426 1882 2581
3 1892 1014 2252
3 666 1392 2922
3 2115 666 2434
3 1581 327 4120
3 1823 866 2176
3 2804 315 3076
3 2043 397 2101
3 1571 351 3287
3 495 1556 2274
3 795 1798 2108
3 1042 1765 3283
3 1737 357 2493
3 615 1481 3174
3 1588 993 3026
3 644 1849 3127
3 1078 1651 3629
3 1609 475 2531
3 566 2536 3224
3 653 1610 2326
3 1374 1866 3179
3 1173 2064 2634
3 1951 715 3443
3 1764 427 2907
3 1616 359 3166
3 791 1521 2492
3 732 1667 2323
3 1649 2016 4084
3 1954 495 2274
3 596 1836 2541
3 2743 826 3047
3 287 2665 3086
3 1829 352 3194
3 754 1747 2336
3 836 1835 1926
3 3212 69 3445
3 24 25 2432
3 1734 739 1989
3 1690 323 3988
3 600 1473 3225
3 701 1725 2263
3 1725 320 2263
3 1019 1791 2802
3 1503 811 2345
3 1934 441 3162
3 960 1633 2979
3 2878 1062 3361
3 1605 2590 4069
3 1408 601 2405
3 1540 85 4053
3 2208 847 2507
3 1143 2275 2468
3 1956 1203 2270
3 2681 948 2720
3 3142 683 3989
3 1702 1190 2944
3 1193 2249 2833
3 1835 2422 2788
3 659 1620 2661
3 2248 1101 2695
3 1092 2260 2427
3 630 3386 3572
3 347 3015 3363
3 1422 915 2927
3 1369 873 2724
3 18 19 2059
3 2014 801 2015
3 495 1652 2856
3 327 2483 4120
3 2246 1181 2465
3 566 1650 2957
3 1704 832 2167
3 2453 1600 2954
3 1909 291 2872
3 747 1723 3351
3 1765 301 3283
3 462 1674 3329
3 1281 2577 3279
3 2981 1000 3192
3 2733 1575 3902
3 185 1654 2561
3 1654 184 2562
3 1047 1468 3706
3 1924 703 3372
3 587 1625 3333
3 1464 1714 3625
3 1693 297 3924
3 2406 830 2550
3 1927 629 2198
3 1553 476 2911
3 2292 300 3237
3 2232 1168 2617
3 593 1742 3636
3 541 2837 3551
3 27 1640 2627
3 919 1800 2169
3 1437 2103 3526
3 461 1598 2694
3 857 1410 3671
3 1435 849 2545
3 1808 521 2157
3 1205 2186 3622
3 1461 321 2786
3 1282 2117 3159
3 2152 2846 3240
3 1667 732 3268
3 1832 2470 3262
3 1441 2545 2983
3 1962 753 3805
3 345 2226 3432
3 746 1517 3343
3 1746 321 3685
3 833 1675 3609
3 1467 783 2682
3 1657 121 2313
3 1471 584 3253
3 2696 1318 2749
3 363 1663 2857
3 1297 2905 3204
3 2281 558 4004
3 2402 788 3074
3 1305 2473 2914
3 1253 1799 3203
3 1476 2356 2386
3 1572 414 3199
3 1897 741 2136
3 1541 571 3676
3 1602 658 2355
3 395 1586 3798
3 2281 1107 2374
3 1574 2335 4068
3 1723 747 2449
3 1629 3141 3725
3 2740 805 3289
3 1557 685 2526
3 2008 488 3035
3 912 2560 3381
3 2087 1216 3346
3 995 1796 2250
3 763 1642 3079
3 82 83 2712
3 1538 1775 3971
3 1849 1149 3127
3 1752 1163 2754
3 821 2615 3319
3 1881 783 3940
3 1879 470 2723
3 1525 948 2681
3 3572 1208 3900
3 1160 2376 2723
3 2606 555 2950
3 1598 461 3655
3 1070 2148 2324
3 631 1913 2156
3 2053 1273 3393
3 925 1698 2668
3 1610 653 2532
3 3651 564 3886
3 1584 2004 3052
3 773 2057 3303
3 694 1594 2320
3 2944 1190 3334
3 2249 549 2833
3 1657 693 3516
3 1298 1794 3927
3 310 2091 3051
3 1633 664 2979
3 1626 2122 3899
3 2355 1969 3700
3 2269 716 3755
3 1050 1657 3516
3 2528 1252 2643
3 540 1727 2404
3 1446 294 3071
3 1910 465 2310
3 434 1405 3380
3 535 1961 2735
3 1367 2466 3347
3 1593 645 2173
3 800 1647 2914
3 1709 200 2151
3 523 1768 2888
3 321 1809 2786
3 1899 863 2820
3 1687 664 3192
3 2552 868 2555
3 743 1968 3953
3 1680 2204 3964
3 1957 702 2744
3 68 3212 3448
3 1689 720 3503
3 2746 1708 3953
3 1226 2610 2636
3 330 1661 2893
3 1651 1078 2532
3 328 1720 3466
3 2443 387 3344
3 984 3271 3476
3 1858 1148 3294
3 353 1538 3328
3 475 1609 2737
3 1096 1658 2368
3 473 2304 2507
3 1640 718 3154
3 219 218 3979
3 1246 2816 3496
3 1862 224 2525
3 2892 1667 3268
3 2323 1366 3168
3 476 2651 2896
3 3046 2129 3508
3 1806 3333 3742
3 822 2102 2757
3 1663 363 2749
3 612 1879 2925
3 1731 289 2747
3 575 2215 2947
3 28 29 1841
3 1741 331 4058
3 627 2135 2608
3 2384 1390 2857
3 2250 516 3009
3 1816 458 2685
3 1288 1741 4058
3 2654 1409 3778
3 1351 1893 3261
3 985 2901 3051
3 1426 2581 3145
3 2290 402 3152
3 1509 2420 3090
3 1746 705 2611
3 777 1472 2924
3 1004 1620 3080
3 1966 1124 3261
3 677 1673 2487
3 2226 1375 3432
3 531 1787 3559
3 817 1916 2424
3 734 1629 3628
3 539 1749 3557
3 1097 2552 2555
3 221 1867 2535
3 1609 741 2999
3 1863 502 3802
3 37 38 1974
3 828 2109 2110
3 801 1695 2968
3 2330 1186 3213
3 701 2202 3580
3 339 1869 2325
3 1637 512 3703
3 1730 235 2695
3 2144 2700 4043
3 1144 2302 2792
3 1680 388 2502
3 2064 853 2847
3 1033 1884 2105
3 2098 2489 3312
3 1812 768 3241
3 2466 559 3347
3 1574 888 3352
3 2376 898 2723
3 2240 835 3819
3 1632 573 2550
3 1997 351 2377
3 1964 483 2166
3 1793 422 2372
3 2025 758 2510
3 759 2026 2511
3 1568 460 3058
3 752 1796 3206
3 814 1704 2130
3 609 3145 3783
3 1923 526 2208
3 481 1918 3673
3 1891 1151 3006
3 1795 634 2809
3 620 1458 3033
3 863 1994 2820
3 2182 2729 4129
3 2095 1102 3519
3 833 1729 3804
3 2759 1403 3063
3 1569 3651 3886
3 536 2479 2964
3 816 1750 2488
3 3054 1317 3535
3 1445 978 2760
3 3478 1785 3882
3 398 1567 3300
3 359 1616 3265
3 1012 1717 2374
3 1405 2444 3380
3 1431 3593 4034
3 2404 1249 2816
3 2034 1411 3408
3 772 2094 2666
3 693 2281 2374
3 661 1922 2996
3 739 1734 2457
3 1088 2033 3005
3 1463 830 2710
3 3068 1068 3597
3 728 1763 2554
3 1339 2869 3012
3 775 2106 2677
3 3122 760 3583
3 414 1672 3199
3 1711 478 2601
3 699 1758 2690
3 2241 1566 2697
3 2172 854 3604
3 752 1875 2250
3 719 2524 3362
3 876 1793 2372
3 688 1506 3975
3 1580 1087 3305
3 778 1421 3087
3 1823 440 2458
3 2490 536 3420
3 1616 640 2349
3 1778 1192 3416
3 2581 1015 3145
3 370 1781 3442
3 1010 1643 3385
3 1355 2928 3201
3 1899 141 2478
3 901 1383 2888
3 540 2404 2816
3 1934 766 2191
3 1841 718 3405
3 2814 1489 3577
3 870 2047 3254
3 1960 614 3504
3 855 2137 2636
3 1395 842 2739
3 2120 773 2664
3 1969 460 3700
3 699 1643 2672
3 1346 1977 2912
3 2137 1226 2636
3 2175 1470 2502
3 2169 358 2741
3 15 16 2316
3 1846 1074 2930
3 518 1892 2033
3 2192 1776 4031
3 1640 27 3405
3 1187 3021 3945
3 821 2041 3357
3 1728 453 2348
3 1095 1718 3197
3 1322 3040 3892
3 716 2153 3755
3 912 1952 3102
3 334 3124 3444
3 1632 830 3377
3 1689 839 2407
3 535 2470 3161
3 1386 1726 4097
3 2529 792 4053
3 1634 958 3019
3 1304 1878 3300
3 839 1477 2407
3 985 1939 2901
3 520 2515 3514
3 717 2671 3623
3 902 2317 3341
3 1183 1907 3433
3 3363 1271 3933
3 2448 651 3920
3 1281 1891 3006
3 918 1596 3282
3 417 1736 3408
3 1624 918 3282
3 2295 1509 3017
3 85 1540 2830
3 2642 795 2948
3 903 2595 2978
3 2393 1141 3096
3 1980 785 2131
3 419 1770 2906
3 2146 1341 3355
3 633 1624 3277
3 2107 1104 2797
3 935 2733 3902
3 2102 2852 3538
3 3590 1554 4017
3 597 1713 2963
3 891 2107 4124
3 1397 2872 4146
3 251 250 2080
3 817 1758 3365
3 830 1632 2550
3 2302 881 2792
3 1781 1081 3442
3 1703 626 2518
3 1819 621 2484
3 2135 1400 2608
3 487 2262 2936
3 1858 514 2569
3 3213 1186 3740
3 1531 872 3108
3 1432 744 3907
3 465 2366 3972
3 2008 1393 2808
3 1090 1816 3631
3 745 1434 3908
3 2062 1161 3286
3 1759 583 2849
3 2946 1277 3618
3 1636 1347 4044
3 1664 948 3149
3 2267 3376 3998
3 484 1708 2746
3 781 2258 2454
3 974 1806 3230
3 542 1645 2634
3 1332 2306 2965
3 930 2490 3888
3 1813 596 2541
3 2019 439 2982
3 1895 33 3228
3 60 1634 2771
3 2496 1423 3807
3 79 80 2137
3 3096 1141 3593
3 2316 914 2480
3 386 1901 4011
3 1230 1905 3687
3 946 2051 2556
3 2123 1172 2660
3 1391 2461 3959
3 2465 1181 3607
3 1933 3253 3592
3 343 1826 3731
3 430 2286 3657
3 1488 350 3644
3 2122 734 3899
3 421 2642 3065
3 145 144 2005
3 594 1715 2990
3 995 2250 3009
3 328 1565 2623
3 1992 1557 3793
3 1706 835 2582
3 452 2214 3735
3 2304 1080 2507
3 796 1711 2601
3 993 1588 2657
3 360 2632 3694
3 212 1760 3325
3 1761 209 3326
3 2134 1556 2856
3 735 1779 2553
3 2133 979 2499
3 2769 802 4003
3 1977 1346 3829
3 694 1997 3523
3 742 1977 3829
3 728 1398 2508
3 2945 1198 3632
3 2255 1220 3338
3 3544 1500 4107
3 2328 381 2439
3 2698 1306 3803
3 868 1915 3984
3 882 2284 3794
3 2034 943 2294
3 527 2126 2720
3 2180 1016 3112
3 544 1531 3108
3 1036 1670 3279
3 381 2333 2441
3 2068 360 3694
3 1428 96 2806
3 1604 313 2933
3 1670 617 3279
3 1324 3635 3797
3 1726 813 2415
3 624 1511 3074
3 1502 822 2525
3 2653 980 2778
3 823 1502 2535
3 2603 947 4025
3 636 2268 3860
3 1788 879 3228
3 1884 803 2105
3 869 1836 2357
3 428 1828 2343
3 1619 966 3425
3 1961 535 3161
3 1747 895 3878
3 812 3109 3716
3 1208 2704 3900
3 1644 1151 3514
3 2272 636 3860
3 689 2154 3941
3 2152 1237 2846
3 958 1634 3010
3 1124 3239 3261
3 174 1820 2367
3 421 1437 2642
3 597 2350 3076
3 1993 394 2814
3 1758 699 3098
3 1291 3233 3705
3 466 1751 3538
3 834 2496 3807
3 833 3609 4109
3 1798 510 2509
3 660 1440 3059
3 734 1413 2970
3 1562 878 3955
3 784 1739 2647
3 3123 979 3486
3 1525 846 3106
3 1731 722 3346
3 2383 1130 2894
3 1133 2381 2899
3 978 1445 2855
3 1839 277 3134
3 201 1709 2738
3 2165 804 3663
3 878 1912 2282
3 925 2159 3025
3 832 1704 2370
3 1724 1367 2514
3 1572 624 3074
3 561 1570 3493
3 1961 1060 2735
3 596 1813 2919
3 761 1680 2502
3 1828 732 2343
3 604 1388 3223
3 2947 987 3610
3 2436 917 3541
3 1950 720 2407
3 53 54 2112
3 81 82 2273
3 979 2114 2499
3 1739 784 3772
3 321 1746 2611
3 406 1459 2743
3 404 1643 3246
3 735 1414 2520
3 1643 1010 3246
3 277 1839 3721
3 1832 1335 2470
3 1728 1076 3398
3 680 2027 2368
3 1000 1687 3192
3 2644 1460 3708
3 815 2583 3930
3 1037 1613 2801
3 32 33 2776
3 1140 2657 2678
3 429 1664 2829
3 2471 76 3137
3 884 1597 2364
3 1673 529 3779
3 2142 387 2775
3 716 1486 2638
3 96 1428 3843
3 2276 1474 2629
3 2678 1290 3670
3 359 1904 2714
3 3271 1593 3476
3 1804 1129 3909
3 560 2107 2797
3 2600 1145 2764
3 1847 392 2967
3 1052 3069 3163
3 357 1737 2769
3 2514 1367 4102
3 2799 430 3657
3 2073 1242 3003
3 2253 972 3164
3 1117 2169 2741
3 2536 566 2957
3 1032 1777 2571
3 778 1786 2574
3 1544 629 3555
3 1166 1995 2865
3 2273 910 2610
3 1675 833 3804
3 2925 1478 3868
3 2130 1274 2919
3 1671 908 2717
3 1063 1599 3158
3 1770 966 2906
3 1230 2337 3595
3 1757 882 3042
3 1030 1559 2975
3 1080 2208 2507
3 2545 438 3195
3 1767 698 3039
3 1373 3020 4052
3 372 2231 2969
3 2067 1103 2298
3 1088 1516 3284
3 1718 1095 4136
3 1703 416 2915
3 2971 299 3571
3 1890 799 3099
3 2436 541 3146
3 1597 885 2364
3 885 1597 2512
3 2642 1532 3065
3 1482 429 2496
3 863 1563 2229
3 1563 864 2229
3 1689 32 2776
3 879 2043 2101
3 1620 1004 2661
3 192 191 2044
3 861 1560 2233
3 1560 860 2233
3 1234 2060 3051
3 3619 1114 3968
3 1796 752 2250
3 643 1505 3597
3 430 1638 2286
3 946 1606 3731
3 928 2115 2434
3 1587 505 2991
3 1713 315 3156
3 494 2451 3436
3 69 70 3445
3 943 2034 3408
3 1177 1485 3031
3 2686 1804 3679
3 470 2346 2723
3 151 150 2052
3 1601 287 2551
3 1712 1204 3369
3 1303 1937 3777
3 967 1759 2849
3 2335 776 4068
3 2784 1115 2841
3 1820 173 2573
3 1806 587 3333
3 882 1701 3011
3 703 1844 3372
3 892 2878 3567
3 1961 3161 3888
3 1080 1923 2208
3 483 2110 2166
3 288 1773 2683
3 1561 635 3958
3 2202 1344 3194
3 412 1733 2722
3 1583 333 3927
3 1194 1868 2606
3 1715 314 3183
3 1974 877 2299
3 1547 672 2916
3 537 2124 2945
3 1327 2436 3146
3 817 3365 3477
3 2188 1278 3542
3 1899 1154 3441
3 933 1665 2934
3 1426 2344 3269
3 2628 1863 3802
3 1656 792 2529
3 2482 1462 3897
3 1777 497 3803
3 1797 774 2544
3 1005 2265 2413
3 2190 808 2251
3 2366 1352 3350
3 1301 2296 3130
3 3585 1298 3927
3 478 1706 2582
3 2278 1122 2845
3 1663 951 2857
3 2074 453 3689
3 502 2370 3802
3 755 1676 2693
3 292 1712 3369
3 778 1865 2836
3 1721 1067 3886
3 1388 1955 4016
3 1025 2254 3115
3 1889 430 2799
3 2160 441 4101
3 2154 3667 3941
3 1684 55 3229
3 2929 1021 3035
3 1556 495 2856
3 2714 992 3294
3 1755 567 2871
3 1035 2366 3350
3 1384 2047 3911
3 1200 2583 3045
3 2913 1448 3838
3 2135 627 3338
3 660 1892 3434
3 1268 2459 2730
3 584 1471 2932
3 1226 2273 2610
3 865 1545 3085
3 1511 2402 3074
3 1023 2759 3063
3 1931 924 2218
3 1590 825 2818
3 1740 268 2860
3 2243 381 2328
3 2444 859 3380
3 1845 1064 3647
3 2506 961 2982
3 1458 620 3339
3 2608 1850 3621
3 97 98 3483
3 647 1628 3823
3 1243 3201 3549
3 974 2932 3903
3 2539 1300 3142
3 1007 2267 2484
3 1024 2294 3813
3 73 1699 3712
3 2381 490 2899
3 1822 778 3087
3 1675 300 3609
3 2301 902 3341
3 479 1946 2345
3 247 7 2066
3 489 2383 2894
3 557 1653 3563
3 349 1732 2987
3 1718 905 2265
3 2682 783 3375
3 236 235 3901
3 1813 814 2919
3 64 1738 2763
3 156 1792 3303
3 1665 77 3378
3 818 2165 2171
3 2928 869 3201
3 428 1584 2862
3 315 2853 3156
3 1233 3590 4017
3 951 1764 2907
3 1665 933 3137
3 1146 2077 2078
3 1883 1056 3571
3 945 2366 2904
3 1654 942 2612
3 2031 1431 4034
3 1302 1739 2950
3 1878 1304 3373
3 866 1823 2458
3 1158 2365 2896
3 757 1889 2228
3 97 1492 2806
3 892 1964 2166
3 740 1805 3475
3 1169 2230 2967
3 2092 1550 3847
3 1560 861 2314
3 2341 430 2858
3 860 1560 2315
3 2567 1550 3846
3 1877 916 3686
3 864 1563 2319
3 997 2991 3189
3 1285 2406 2550
3 445 2246 3467
3 2970 628 3141
3 1269 1932 3656
3 730 1774 4050
3 1717 693 2374
3 1103 2026 2986
3 2025 1102 2985
3 897 2278 2845
3 1063 2504 2751
3 2128 1058 2207
3 1751 1113 3538
3 1717 1012 3505
3 1518 2929 3035
3 2494 730 3152
3 901 1744 2793
3 393 1722 3600
3 3065 1532 3335
3 2073 3003 3970
3 1742 1255 3636
3 37 1974 2299
3 2576 974 3903
3 1642 639 3079
3 1154 2820 3094
3 1716 1050 3565
3 3172 449 3928
3 774 1797 2289
3 440 1823 3666
3 1224 2415 3817
3 594 2332 3114
3 1666 952 2635
3 34 1788 3228
3 1763 728 2311
3 682 1716 3565
3 892 2166 2203
3 1424 2960 4135
3 1777 1032 3412
3 1635 3142 3989
3 1001 1706 3176
3 857 2482 4128
3 87 1656 2529
3 1962 1293 3964
3 512 2488 3703
3 1866 1374 3722
3 1179 2411 3946
3 2772 2179 4113
3 2810 903 3870
3 326 1801 3396
3 1791 852 3220
3 757 1743 3174
3 366 1966 3261
3 2417 1132 3699
3 1565 2269 3755
3 614 1941 2579
3 1980 858 2046
3 1688 638 3203
3 160 159 3796
3 1942 272 3110
3 464 1570 3085
3 1827 740 3475
3 787 2539 3142
3 1972 1365 3351
3 2583 1539 3930
3 3575 2128 3862
3 289 1731 3248
3 1890 605 2592
3 2820 534 3094
3 904 1637 3703
3 981 1816 2685
3 358 1800 3077
3 1587 997 2799
3 1868 388 2568
3 1770 797 2226
3 1851 752 2655
3 813 2022 2843
3 1699 986 3712
3 67 68 3448
3 598 3815 4126
3 709 1888 2084
3 2061 443 3458
3 696 1684 3474
3 772 1810 2534
3 1410 1880 3671
3 617 1670 2934
3 1635 787 3142
3 387 1668 2775
3 1003 1847 2967
3 879 1788 2658
3 2837 1292 3551
3 775 1811 2540
3 658 1969 2355
3 1512 1045 3591
3 1799 1253 4062
3 828 1765 3407
3 1963 745 3757
3 1745 544 3108
3 804 2963 3156
3 1569 1215 3651
3 2598 856 2916
3 589 3106 3550
3 2288 1498 3698
3 2262 1191 2936
3 928 1873 3976
3 3207 1520 3558
3 2089 977 3155
3 1306 1777 3803
3 739 1417 2850
3 1260 1961 3888
3 1933 971 4039
3 766 2134 2856
3 1779 735 2322
3 1321 2743 3047
3 450 1885 2912
3 1806 974 2711
3 1699 656 3116
3 301 1700 3008
3 632 1852 2552
3 2365 909 2896
3 1848 922 3899
3 2661 1217 2687
3 2232 341 2255
3 829 2056 2277
3 2822 1466 3917
3 1915 868 2399
3 986 1699 3116
3 917 1988 2875
3 1914 728 2508
3 756 1996 2270
3 1342 1788 3944
3 1628 647 4094
3 1773 288 3069
3 1073 1821 3495
3 954 1533 2866
3 3431 1506 3699
3 1764 951 3413
3 1873 928 2526
3 216 215 3806
3 862 1857 2445
3 631 1686 3138
3 1786 1380 3979
3 1245 2947 3610
3 1911 819 3982
3 1078 1956 3594
3 1917 284 3139
3 583 3024 3306
3 1681 805 3179
3 447 1831 3760
3 41 1747 3878
3 1901 1399 4011
3 2329 517 3073
3 2092 729 4130
3 805 2256 3289
3 2158 1305 2914
3 3231 50 3554
3 1857 488 2445
3 1904 992 2714
3 1307 1754 3764
3 459 1717 3505
3 3124 1326 3444
3 2772 390 4028
3 1150 2419 3798
3 1623 665 2835
3 1653 410 2409
3 3333 1120 3742
3 1504 1051 3340
3 661 1648 2997
3 369 1696 2487
3 1838 686 2533
3 922 1626 3899
3 528 2521 3577
3 1835 871 3030
3 382 1881 3855
3 2805 492 2926
3 1732 1343 2987
3 1970 690 2883
3 1113 2102 3538
3 1570 464 2595
3 811 2990 3183
3 1591 871 3390
3 3109 1697 3716
3 520 1891 2636
3 1727 540 3848
3 605 1630 4038
3 780 2140 3202
3 1691 1005 3842
3 994 1898 2408
3 238 237 2122
3 1370 2437 3673
3 2306 1356 3759
3 1872 317 3404
3 1706 478 3176
3 1176 2022 2734
3 1855 1126 2452
3 1915 1329 3984
3 1481 615 3027
3 2992 1628 4094
3 1385 1703 3854
3 544 1745 3023
3 1533 954 3252
3 763 1749 3409
3 1316 2126 3862
3 1783 592 3340
3 289 1621 2747
3 2464 564 3651
3 1667 3619 3968
3 427 1851 2655
3 2834 1439 3358
3 640 1616 3097
3 427 1764 2416
3 266 265 2457
3 2493 357 3880
3 1041 2316 2480
3 1293 1680 3964
3 497 1777 3412
3 2775 736 3648
3 755 2742 4133
3 1477 839 4118
3 513 2431 2630
3 1809 321 2727
3 1597 884 2392
3 953 1604 2933
3 690 1970 2334
3 478 1711 3176
3 1028 2420 2864
3 1808 725 3272
3 397 2043 2514
3 1772 345 3432
3 1490 1688 3501
3 1701 305 2635
3 1235 2222 2811
3 1387 2196 3089
3 901 1768 3128
3 1431 2216 2395
3 2228 997 3189
3 2191 337 3111
3 1978 686 2317
3 3658 439 3922
3 948 1525 3149
3 2378 850 3677
3 1733 940 2722
3 1738 64 4086
3 2371 2300 3469
3 1650 566 3297
3 832 1910 2310
3 384 1888 2855
3 458 1816 2575
3 2618 1488 3644
3 1685 1241 3786
3 459 1774 2318
3 1786 778 2836
3 3083 1381 3454
3 2346 1160 2723
3 2242 1360 2783
3 842 2246 2465
3 1698 497 3412
3 982 3643 4045
3 879 1895 3228
3 1700 647 3823
3 540 2816 2843
3 972 1553 2911
3 1186 1705 3740
3 1782 867 2865
3 2363 1211 2883
3 1750 904 3703
3 582 3205 3490
3 2825 371 3414
3 653 1651 2532
3 2148 424 2224
3 2991 1559 3189
3 2470 1056 3262
3 1740 1029 2212
3 756 1622 3066
3 33 34 3228
3 1614 118 2795
3 1062 1924 3372
3 162 161 2554
3 564 1721 3886
3 1925 906 2869
3 1577 614 2766
3 1760 1210 2510
3 1194 1739 3772
3 448 2184 3384
3 1210 1761 2511
3 1809 1007 2786
3 1125 2190 2251
3 583 1759 3533
3 1931 1177 4063
3 2110 931 2166
3 1126 3110 4104
3 264 263 2559
3 1515 667 3320
3 244 243 2553
3 1778 561 3493
3 1754 408 2794
3 1507 2682 3375
3 2649 899 3389
3 1918 1370 3673
3 1051 1783 3340
3 2159 1206 3025
3 751 1861 3832
3 656 1699 3789
3 1852 402 2399
3 1679 2825 3414
3 1726 329 2734
3 591 2417 2731
3 895 1747 3834
3 2075 786 3210
3 1137 2572 2903
3 1563 863 2478
3 421 3065 3546
3 1794 1583 3927
3 758 2025 2985
3 2140 1126 4104
3 2026 759 2986
3 1708 743 3953
3 1712 782 2527
3 2831 1451 3643
3 587 1806 2711
3 1564 973 2814
3 2322 735 3851
3 218 217 2574
3 200 199 2151
3 198 197 2547
3 1747 754 3834
3 1978 368 3233
3 194 193 2543
3 1362 2740 3289
3 453 1728 3398
3 1005 2027 2962
3 1634 3019 3535
3 698 1666 3039
3 1553 972 2977
3 550 2034 2294
3 398 1692 4048
3 168 167 2540
3 153 152 2534
3 166 165 2544
3 560 1702 3973
3 2728 1094 3665
3 754 1753 3834
3 845 1809 2727
3 291 1909 2958
3 332 3332 3392
3 2335 1574 3352
3 1907 46 3433
3 1649 980 2653
3 1831 447 2927
3 637 1585 3679
3 3106 589 3149
3 2398 932 2877
3 1758 817 2690
3 645 1593 3271
3 888 1574 3008
3 2148 848 2324
3 104 105 2096
3 1753 895 3834
3 3106 1769 3550
3 2265 905 2413
3 690 2363 2883
3 10 11 2442
3 589 1664 3149
3 2153 1392 3755
3 1916 461 2424
3 1148 2714 3294
3 1013 1771 3257
3 1795 1189 3754
3 991 1731 2747
3 1151 1891 3514
3 1815 1212 3175
3 1015 1738 4086
3 2222 880 2811
3 1788 35 3944
3 1796 995 2931
3 2074 1101 2348
3 1947 883 2411
3 2859 962 3198
3 1891 520 3514
3 1102 1986 3519
3 1447 2784 3468
3 2061 703 3748
3 947 3039 4025
3 1622 420 3906
3 2824 1500 3544
3 1800 1030 3077
3 1626 922 2455
3 1857 862 2515
3 388 1868 3645
3 1035 2167 2310
3 2247 334 3510
3 2028 355 2408
3 1986 362 3519
3 1067 1721 2969
3 1866 611 2725
3 1074 2197 2789
3 3253 1244 3592
3 838 2913 3501
3 2093 625 3459
3 1904 359 3265
3 2515 520 2610
3 997 1587 2991
3 642 1917 3943
3 2395 1394 3753
3 778 1822 3890
3 1895 839 2776
3 472 2109 3407
3 419 1648 2524
3 1880 854 2641
3 598 3543 3815
3 1962 1297 2958
3 3173 204 3680
3 919 2006 3119
3 2612 942 2640
3 940 1948 3004
3 1975 469 3113
3 2813 1512 3591
3 2092 527 2238
3 2266 878 2282
3 2643 1252 3856
3 708 1736 2420
3 110 3 3126
3 799 1869 3427
3 385 1804 3909
3 768 1812 2637
3 1637 904 2669
3 2125 892 2203
3 2195 1267 3522
3 501 1845 3647
3 2214 1522 3735
3 224 223 2525
3 430 1889 2858
3 1435 2545 3195
3 1861 1170 2342
3 3 111 3126
3 457 1813 2928
3 2055 1178 3366
3 1831 2927 3154
3 376 2913 3838
3 2166 931 2203
3 1378 2095 3519
3 870 1829 3701
3 1486 716 3115
3 1222 2859 3198
3 2127 1224 3821
3 222 221 2535
3 2002 565 2565
3 3019 648 3535
3 1265 2665 4092
3 83 84 2929
3 1532 2642 2948
3 1793 1207 2463
3 2400 1323 3453
3 782 1807 3875
3 1852 868 2552
3 26 27 2627
3 141 140 2478
3 1753 418 2910
3 858 1980 2131
3 2004 1593 4121
3 1032 2571 2937
3 1977 450 2912
3 1785 889 3997
3 1900 721 3424
3 568 2204 3437
3 1629 2970 3141
3 1704 814 3802
3 1891 855 2636
3 1821 1073 3173
3 1048 1572 3199
3 1888 978 2855
3 1059 2112 3290
3 874 2001 3029
3 523 2338 2380
3 468 2118 2599
3 272 1942 3980
3 1087 1580 3466
3 2947 2215 3562
3 581 1901 2959
3 1960 824 2438
3 2559 263 3661
3 1595 669 3046
3 810 2617 3056
3 532 1782 2865
3 1817 841 3525
3 227 1937 2512
3 1826 946 3731
3 463 2327 3047
3 2521 1564 3577
3 1124 2094 2874
3 2337 1022 3595
3 2239 813 2843
3 2188 1114 3729
3 913 1756 4024
3 1508 1920 4109
3 2927 915 3154
3 422 2023 3258
3 357 1624 3282
3 1168 2232 2255
3 1839 1022 3721
3 551 2311 4044
3 2515 2610 4085
3 2547 197 4036
3 194 2543 4035
3 1996 756 3066
3 1610 1279 3304
3 2369 1052 2973
3 721 1900 3910
3 938 2618 3644
3 924 1849 3188
3 2796 3430 4093
3 2623 1565 3007
3 2796 1469 3430
3 612 2925 3868
3 1856 360 2976
3 2651 1158 2896
3 1629 1174 3628
3 3332 1612 3392
3 1221 2822 3436
3 773 2120 2889
3 943 1736 3539
3 1860 852 3024
3 2411 883 3451
3 423 1884 3055
3 3398 1486 3689
3 1324 2803 3635
3 1596 357 3282
3 451 1855 2452
3 1943 929 2870
3 1033 2659 3055
3 1519 2788 3341
3 2416 1013 3536
3 373 2941 2981
3 823 1867 2361
3 2312 857 3963
3 1034 1546 3487
3 3643 1451 4045
3 1790 298 2614
3 300 2292 3609
3 2681 322 3318
3 903 1778 3493
3 409 2740 2765
3 1870 308 2604
3 1127 2106 2861
3 73 74 2732
3 2094 772 2874
3 666 2115 3007
3 337 2191 2750
3 1169 2967 3986
3 1525 3106 3149
3 1630 2707 4038
3 2109 931 2110
3 1606 946 4108
3 570 2055 3366
3 1139 1959 2469
3 1853 906 2648
3 1390 2384 3561
3 3131 1288 3935
3 78 79 2884
3 2384 546 3561
3 1330 2335 3747
3 764 2123 3934
3 405 1853 2648
3 2 69 3212
3 1994 534 2820
3 1049 3207 3558
3 375 2276 3470
3 2051 493 2556
3 2214 1174 2339
3 595 2824 3544
3 2076 1031 2622
3 3609 1508 4109
3 68 2 3212
3 2056 829 3292
3 144 143 2193
3 956 1663 2749
3 1953 862 2445
3 1054 2443 3344
3 530 2733 2839
3 816 2488 2961
3 834 2567 3846
3 1754 644 3127
3 2027 525 2368
3 2975 1415 3077
3 2124 1198 2945
3 364 2125 2203
3 250 249 2283
3 662 2050 3630
3 2080 250 2283
3 3416 1433 4148
3 985 1682 3957
3 369 1791 3220
3 397 2514 4102
3 1849 924 2781
3 868 1852 2399
3 1132 3431 3699
3 2106 775 2861
3 1654 941 2561
3 942 1654 2562
3 7 246 2195
3 1040 1970 2883
3 1782 1140 3994
3 1159 2259 3403
3 2327 463 3820
3 889 1590 2984
3 135 134 2314
3 133 132 2315
3 2005 144 2193
3 538 2306 3759
3 622 2718 3810
3 1140 2678 3994
3 878 1562 2853
3 2004 792 3052
3 1055 1662 3248
3 2713 1393 3271
3 139 138 2319
3 2084 1888 3800
3 1732 2649 3389
3 606 1929 2800
3 1918 812 3716
3 2179 1348 4113
3 2394 891 2594
3 1882 674 2581
3 1717 459 3330
3 605 1890 3099
3 661 2996 3653
3 2296 895 3130
3 2400 845 2727
3 1959 458 2469
3 3188 644 3564
3 1705 831 2941
3 1998 887 2356
3 542 2847 3595
3 685 1873 2526
3 284 1917 3929
3 1836 869 2541
3 3058 1418 3512
3 2308 1395 2739
3 1578 660 3434
3 1933 442 2920
3 392 2560 4134
3 2062 1495 3177
3 568 3437 4013
3 345 1619 3425
3 1652 929 2750
3 590 2395 3753
3 605 1822 3087
3 2352 1147 3309
3 3382 2092 4130
3 1022 1839 3275
3 761 1755 3515
3 2099 293 2892
3 877 1974 2709
3 1546 2761 3487
3 2578 463 3047
3 2913 1490 3501
3 1126 1855 3981
3 49 1 3231
3 2334 14 3603
3 1390 3561 3648
3 1 50 3231
3 1738 674 3801
3 1987 1232 4018
3 1775 382 4140
3 2167 832 2310
3 50 51 3554
3 718 1841 3255
3 1207 2309 2668
3 1287 2180 3112
3 810 1927 3735
3 15 2316 3603
3 2637 1397 3521
3 2746 764 3934
3 1627 3553 4079
3 442 1933 3592
3 3402 1112 3669
3 909 1955 2403
3 732 1828 3268
3 2980 2188 3729
3 2326 348 3401
3 2963 1713 3156
3 1043 1954 2551
3 361 2555 3984
3 479 1835 3030
3 2516 468 2599
3 1364 2084 3800
3 802 1789 2483
3 2205 883 4015
3 2231 1180 3509
3 1806 507 3230
3 1996 1147 2352
3 2007 1098 3552
3 2043 998 2514
3 1974 38 3977
3 822 1862 2525
3 839 1689 2776
3 90 1687 3314
3 800 1780 2475
3 1542 2504 3688
3 3095 944 3268
3 992 1904 3857
3 121 122 2313
3 831 2329 3095
3 1537 407 3774
3 469 2410 2792
3 1878 837 3447
3 2438 824 2909
3 2119 939 3184
3 943 1854 2900
3 2258 1064 2454
3 1792 1266 2664
3 1613 1037 3471
3 1903 1112 4128
3 1650 316 2811
3 3540 1199 3989
3 1289 1858 2569
3 1075 3811 4106
3 2126 646 3862
3 1179 2096 3727
3 749 1885 2751
3 744 1990 3907
3 1991 745 3908
3 563 2400 3453
3 567 2527 3875
3 1867 823 2535
3 2479 1298 2964
3 951 1663 3413
3 422 1793 3016
3 279 278 2337
3 1719 477 3642
3 2816 1246 2843
3 1301 1974 3977
3 524 2589 3267
3 911 2593 2995
3 1594 695 3323
3 45 1907 2600
3 704 1746 3685
3 972 2253 2977
3 2504 342 3688
3 315 1912 2853
3 39 40 2296
3 997 1889 2799
3 361 2542 2951
3 488 1857 2716
3 1753 754 3191
3 2311 1636 4044
3 1834 973 3546
3 1264 1984 2566
3 3865 1087 3885
3 27 28 3405
3 1908 337 2750
3 31 1689 3503
3 1865 778 3890
3 510 1798 3697
3 2056 937 2277
3 1372 3054 4022
3 115 2873 3626
3 941 1654 2612
3 1865 588 2836
3 1276 2253 3164
3 1750 816 2631
3 1579 934 3914
3 814 1813 2628
3 2066 7 2195
3 372 2465 3607
3 2482 1903 4128
3 2560 1686 4134
3 2397 1476 2801
3 3205 582 4002
3 1585 1824 3270
3 2459 1004 3080
3 1611 1821 3680
3 1887 844 3053
3 971 1933 2920
3 3229 1002 3474
3 1380 1867 4103
3 2990 1715 3183
3 1894 459 3566
3 378 2879 3528
3 2134 543 4123
3 281 1905 3178
3 1882 1010 3084
3 1266 1810 2666
3 583 1860 3024
3 1857 910 2716
3 688 2069 2476
3 1824 923 2675
3 1919 1075 3683
3 2707 1084 4038
3 1700 1766 2867
3 1859 351 2645
3 522 2305 3499
3 825 1832 2818
3 1024 3065 3335
3 674 1882 3084
3 2137 855 2884
3 1081 1894 3566
3 2223 353 3328
3 1744 901 3128
3 1835 836 2422
3 2273 82 2712
3 3257 1549 3536
3 1853 691 3012
3 423 1822 2485
3 853 2064 3070
3 829 2277 3741
3 2931 1457 3215
3 1821 657 3495
3 1913 631 3138
3 2024 1795 3754
3 982 2019 2982
3 1956 615 3841
3 55 56 3229
3 1269 1811 2677
3 887 1998 3850
3 2140 270 3202
3 1771 1013 3479
3 650 1984 4041
3 2952 349 2987
3 2618 485 3452
3 1912 878 2853
3 2124 798 2938
3 398 1878 3447
3 2127 668 2415
3 326 2135 2807
3 206 205 2354
3 568 1962 3964
3 2272 861 2894
3 2030 824 3504
3 849 2832 3811
3 2869 1339 3537
3 848 1794 3033
3 2360 535 2735
3 2438 454 2587
3 314 3028 3109
3 1739 286 2647
3 2340 1396 3427
3 1684 3229 3474
3 1884 1033 3055
3 1977 742 3151
3 1904 789 2456
3 1905 853 3178
3 1995 860 3856
3 1607 324 3005
3 2731 1245 3610
3 1190 1702 3649
3 2259 1159 2659
3 1988 1253 3988
3 2200 758 2985
3 787 1801 2539
3 1893 366 3261
3 759 2201 2986
3 921 2111 2491
3 864 2268 2899
3 2141 1129 2640
3 2450 318 4064
3 1773 967 2683
3 2410 1144 2792
3 534 1994 3254
3 1068 2042 3597
3 1997 867 3523
3 347 1608 3745
3 2296 1301 3977
3 1171 2142 2775
3 1830 977 3517
3 3732 1382 3738
3 1710 1407 3982
3 2246 1395 3467
3 1732 349 2649
3 3833 1358 4021
3 2488 1750 3703
3 1314 2061 3458
3 2430 829 3741
3 819 1911 3089
3 1066 1975 3113
3 440 1983 2676
3 2847 1230 3595
3 584 2261 2605
3 772 2210 2874
3 2054 1057 3157
3 1079 2533 2805
3 929 1908 2750
3 607 2834 3358
3 2697 894 3633
3 2353 3048 4043
3 2345 1946 3711
3 665 1623 3963
3 3097 1549 3257
3 29 30 3041
3 574 1935 2674
3 533 2955 3349
3 592 1783 3863
3 2287 727 2670
3 1784 674 3084
3 1310 2135 3338
3 902 2301 2434
3 2542 1156 2951
3 594 2831 3643
3 785 2054 3157
3 36 37 2299
3 1673 3779 3887
3 2761 434 3487
3 2162 1109 2646
3 1098 2007 2497
3 720 2143 3503
3 443 2061 3787
3 1739 1194 2950
3 1545 2464 3651
3 1933 1471 3253
3 3284 1516 3925
3 1003 1874 3734
3 387 2142 2961
3 921 2491 2705
3 1731 1055 3248
3 2082 700 3997
3 2802 1248 2902
3 175 174 2367
3 1149 1849 3760
3 44 45 2600
3 2020 208 3915
3 1329 2287 2670
3 1612 646 3511
3 298 1790 3227
3 946 2556 2702
3 469 1975 2866
3 775 2213 2861
3 1603 1082 3411
3 1013 3257 3536
3 2873 1394 3626
3 2030 1408 2405
3 618 1535 3200
3 1759 967 3456
3 768 2637 3521
3 1203 1956 3841
3 652 2280 2902
3 793 2608 3219
3 2053 695 3280
3 1631 2706 4098
3 1056 2217 3262
3 299 1883 3571
3 619 1696 3767
3 932 1735 4051
3 491 2282 2300
3 1323 2400 2727
3 1081 1781 3488
3 3811 1347 4106
3 230 229 2392
3 1080 2304 2474
3 23 24 2260
3 269 1740 3202
3 1839 679 3275
3 857 2570 3963
3 2728 1214 2993
3 1094 2086 3665
3 297 1693 2900
3 461 1784 3733
3 3570 641 3649
3 881 1935 4056
3 272 271 3110
3 562 1943 2870
3 899 1840 3389
3 1198 2124 2938
3 284 283 3139
3 119 1716 2795
3 30 2143 3041
3 1968 764 3953
3 632 1762 3359
3 1996 503 2270
3 2977 436 3426
3 2680 920 3978
3 770 1998 2356
3 213 2018 3921
3 923 1824 2633
3 1202 2331 2656
3 878 1973 3955
3 2120 1125 2889
3 595 1837 2824
3 1047 2394 2594
3 376 2577 3006
3 1858 578 3240
3 2216 365 4090
3 1286 1784 3293
3 1320 2117 2516
3 2186 508 3622
3 998 1724 2514
3 442 2131 3397
3 1686 631 3730
3 1416 1963 3757
3 420 1576 3713
3 1854 297 2900
3 2271 773 2889
3 1012 2374 2748
3 1211 2601 2923
3 1888 384 3800
3 597 2813 3591
3 2015 801 2619
3 2133 926 3833
3 2530 989 2790
3 668 2021 2500
3 2694 1598 3019
3 170 1932 3196
3 1984 1264 4041
3 1701 641 3011
3 1709 996 2738
3 1253 1988 4062
3 2021 916 2500
3 895 2296 3878
3 1407 1911 3982
3 936 1571 3287
3 1767 413 2992
3 1959 1139 3992
3 1793 2463 3016
3 290 2931 3215
3 2231 793 3219
3 2577 1281 3006
3 208 2020 3326
3 2281 1257 3646
3 2018 213 3325
3 1988 323 2875
3 3065 1834 3546
3 1190 2753 3334
3 1471 1933 4039
3 2023 873 2423
3 2028 1211 2363
3 1535 618 3552
3 1855 680 3981
3 2118 1218 2599
3 535 2360 2470
3 2153 716 2638
3 3211 994 3533
3 1907 717 3623
3 1702 3570 3649
3 2117 468 2516
3 331 1805 3537
3 2176 482 3454
3 641 1701 2667
3 906 1925 3368
3 1947 1179 3727
3 789 1904 3265
3 1653 2322 3851
3 2143 30 3503
3 1442 3000 3569
3 1759 3211 3533
3 514 2433 2569
3 1608 3363 3933
3 1880 547 3671
3 1500 2684 4107
3 1922 661 2997
3 380 1824 2675
3 2886 435 3072
3 1415 2975 3741
3 1064 1845 3391
3 2419 762 2994
3 471 2035 4040
3 449 3663 3955
3 2749 1318 2974
3 1830 1334 3281
3 671 1672 3633
3 251 2080 2730
3 1730 2695 3905
3 2335 552 3747
3 2111 511 2491
3 30 31 3503
3 2064 1173 3070
3 630 2237 3386
3 1840 924 3650
3 2033 1088 3082
3 2640 1129 2686
3 1319 3205 4002
3 2039 963 4049
3 1337 2567 3807
3 463 2756 3820
3 1485 2327 3820
3 3612 1693 3924
3 1824 380 3270
3 3467 1395 3632
3 2682 476 3616
3 1038 3058 3512
3 396 2944 3334
3 990 2005 2193
3 2044 191 2596
3 1655 89 3314
3 475 1930 3739
3 1042 1900 3424
3 1223 2369 2973
3 1983 751 2676
3 1433 2885 4148
3 678 1764 3413
3 176 175 2412
3 2052 150 2591
3 2222 600 3225
3 2706 1093 4098
3 922 1848 3573
3 1558 2613 3606
3 1953 893 2767
3 902 1978 2317
3 368 1978 2708
3 1898 994 3211
3 1854 943 3539
3 462 1887 3053
3 1052 1773 3069
3 940 1733 3394
3 2460 1359 3430
3 3014 1235 3559
3 405 2460 3430
3 767 2549 3251
3 2264 552 3352
3 157 2057 3996
3 1999 762 2419
3 2063 480 3064
3 2414 1229 4134
3 2022 540 2843
3 1924 364 3473
3 2165 449 2171
3 1906 297 2903
3 1679 1139 4061
3 2688 1271 3363
3 461 1916 3655
3 1886 408 3383
3 2453 586 3298
3 107 108 2446
3 1356 3507 3759
3 508 2671 3368
3 2713 400 2921
3 1031 2380 2622
3 2671 1452 3368
3 1076 2153 2638
3 1216 2087 3674
3 1781 983 3234
3 529 2119 3184
3 1029 1740 2860
3 3315 1224 3817
3 2260 1092 3313
3 2266 491 4095
3 2221 714 2398
3 402 1852 3342
3 1994 863 2898
3 860 1995 2895
3 1892 2252 3434
3 1108 1945 2837
3 58 2012 4135
3 2145 549 3130
3 1697 710 3716
3 1006 2462 2620
3 2109 472 2563
3 618 2007 3552
3 2397 454 2909
3 1648 419 2906
3 2057 157 3303
3 977 1830 3155
3 2294 943 3813
3 924 1840 2781
3 2476 896 3295
3 906 1853 3012
3 270 269 3202
3 3259 528 4077
3 967 3359 3456
3 546 2009 3264
3 1849 644 3188
3 1871 509 3865
3 240 239 2455
3 1235 2373 3559
3 1827 418 3462
3 863 1899 2478
3 840 1827 3475
3 6 207 2447
3 940 2049 3285
3 1885 840 2912
3 1902 721 3910
3 1822 605 3099
3 1945 1292 2837
3 799 2485 3099
3 2209 1109 3139
3 2096 105 3727
3 3199 1672 3858
3 647 1700 2867
3 482 1900 3083
3 1756 913 3288
3 578 2784 2841
3 926 1940 3061
3 1938 334 3444
3 502 2530 3216
3 1922 500 2996
3 1780 3658 3922
3 1624 357 4071
3 1027 2195 3522
3 2007 445 2497
3 1948 940 3394
3 2197 302 2789
3 556 2025 2510
3 2026 556 2511
3 496 1898 3211
3 3222 1185 3568
3 542 2064 2847
3 2032 470 3547
3 2568 1293 3805
3 584 2605 3756
3 1672 2697 3633
3 852 1791 3024
3 1303 1862 2757
3 2155 777 2286
3 521 1808 3167
3 552 2335 3352
3 1291 2244 3951
3 2503 435 2886
3 1419 2349 4006
3 1112 1903 2842
3 3593 1141 4034
3 955 2088 2684
3 1824 637 2633
3 873 2023 2812
3 2203 931 2821
3 993 2528 3026
3 1912 315 3045
3 1191 2262 2372
3 2417 1245 2731
3 615 3174 3841
3 1174 1629 3725
3 1980 522 3499
3 1932 1269 2674
3 921 1870 3527
3 21 1913 3102
3 1841 1017 3255
3 1850 793 3509
3 2347 576 3874
3 1469 2796 3290
3 2598 2916 3948
3 1936 1009 3027
3 2118 468 3604
3 1877 1372 4022
3 2941 1515 2981
3 1861 643 3837
3 847 2208 3001
3 2462 987 2620
3 2695 1101 3905
3 885 1976 2926
3 1928 48 3579
3 3365 1386 3477
3 2796 1059 3290
3 3782 1646 3954
3 2673 1390 3648
3 1813 2541 2928
3 737 3612 3924
3 350 1817 2956
3 1966 572 4138
3 931 2109 2563
3 671 1790 3421
3 453 3398 3689
3 1989 477 3990
3 2431 1153 2630
3 147 1955 3243
3 912 1913 3138
3 371 2113 4051
3 354 1691 3842
3 1525 2681 3318
3 2112 1059 3022
3 814 2130 2919
3 425 1991 3235
3 516 1876 3967
3 351 1859 3287
3 2767 1108 2875
3 1748 1248 3779
3 2601 478 2923
3 1990 424 3272
3 591 2352 3309
3 483 1964 4131
3 1807 1295 3875
3 1937 885 2512
3 9 1814 3776
3 1250 1928 3579
3 2374 1107 2748
3 1185 2421 3568
3 1993 737 4001
3 2703 1595 3046
3 1187 2398 2877
3 3103 1278 3401
3 678 2185 3480
3 740 1925 2869
3 1691 354 2995
3 1124 2874 3239
3 323 1953 2767
3 53 2112 3022
3 845 2341 2379
3 441 1934 3063
3 1762 496 3456
3 664 1633 3192
3 1139 1679 3414
3 1187 2221 2398
3 1842 2211 3049
3 1843 749 3460
3 439 2019 2389
3 1115 2784 3370
3 2431 927 2432
3 529 1825 4132
3 449 2165 3663
3 856 2598 3704
3 2236 850 2509
3 1317 2012 3278
3 249 248 2481
3 838 2388 2404
3 518 2033 3082
3 1816 981 2756
3 2593 1450 3545
3 1030 1800 3630
3 1687 90 3938
3 2136 1119 3218
3 1813 457 2628
3 1213 3478 3882
3 2791 446 3873
3 2114 335 2499
3 1371 2614 3532
3 1929 1272 2693
3 1201 2134 3162
3 2042 643 3597
3 1868 1194 3645
3 1235 2811 3978
3 1954 851 3864
3 1130 2272 2894
3 1932 881 3196
3 1815 1225 3794
3 145 2005 4016
3 1745 1077 3023
3 402 2290 2748
3 1860 583 3533
3 366 1893 3140
3 2853 1562 3156
3 2221 1187 3945
3 576 3103 3874
3 2788 325 3341
3 1262 1964 2696
3 807 1694 3120
3 1852 2369 3342
3 2227 548 3446
3 1685 2791 3873
3 2048 859 3310
3 2187 1324 3322
3 1978 902 2708
3 447 2781 3129
3 2096 1179 3720
3 2249 877 2709
3 1825 592 3863
3 1133 2328 2381
3 1901 1061 2959
3 2307 292 3431
3 3000 581 3569
3 2050 1030 3630
3 2388 1249 2404
3 389 2136 3218
3 585 1976 2755
3 1833 625 3165
3 2875 1108 3541
3 1692 398 3447
3 1254 2726 3936
3 691 1853 3627
3 2338 1053 2380
3 1692 2863 4048
3 305 1757 4119
3 3779 1248 3887
3 2268 1133 2899
3 2333 1130 2383
3 1030 2975 3077
3 1517 2521 3259
3 86 87 2529
3 491 2266 2282
3 1325 1897 3599
3 1039 3057 4055
3 2283 249 2481
3 2023 707 3258
3 1686 2560 3138
3 2003 395 2703
3 127 1830 3281
3 2825 1300 2954
3 615 1936 3027
3 1871 3865 3885
3 3354 2450 4064
3 846 1819 3387
3 1192 1778 3524
3 2628 457 3581
3 2331 865 2656
3 1853 405 4089
3 710 1918 3716
3 286 1837 2647
3 2469 458 2575
3 2292 1508 3609
3 79 2137 2884
3 1948 344 3004
3 1488 2618 3452
3 680 1855 2962
3 1006 3103 3401
3 1974 1301 2709
3 2351 713 3395
3 2740 1362 2765
3 335 2206 3876
3 1971 391 2823
3 1720 707 3885
3 2784 1447 3370
3 2104 429 2829
3 3466 1720 3885
3 1736 708 3539
3 2259 1313 3403
3 2047 870 3911
3 2049 940 3004
3 2433 969 2569
3 1790 671 3633
3 549 2249 2709
3 491 3684 4095
3 1829 705 3701
3 3470 2276 3960
3 2069 896 2476
3 2216 791 2395
3 92 93 2429
3 2447 1465 3492
3 1804 385 3062
3 1428 1844 3843
3 2278 897 2715
3 511 2111 3214
3 391 1833 2823
3 3831 1296 3847
3 431 1874 3674
3 726 1991 3908
3 1127 2029 3965
3 1154 1899 2820
3 1847 1003 3734
3 1664 589 3260
3 1278 2326 3401
3 356 1864 3692
3 335 2114 3995
3 2204 761 3515
3 2887 1842 4030
3 1147 1996 3066
3 2832 1347 3811
3 962 2152 2841
3 1521 2216 4090
3 175 2367 2412
3 1261 2503 2886
3 1033 2259 2659
3 270 2140 4104
3 1952 912 3381
3 14 15 3603
3 262 261 2537
3 966 1922 2997
3 1714 723 3182
3 2817 833 4109
3 115 116 2873
3 1766 1143 2867
3 470 2032 3263
3 1818 332 3491
3 1470 2886 3072
3 501 2887 4030
3 3103 576 3542
3 872 3339 3404
3 506 2640 2686
3 2400 563 4059
3 980 2440 3036
3 457 2486 3581
3 1711 1001 3176
3 3028 1697 3109
3 2029 1127 4031
3 776 2176 3454
3 1661 687 3088
3 2300 815 3930
3 2058 991 3336
3 2088 444 2684
3 2415 668 4097
3 63 64 2763
3 424 2148 3117
3 528 2475 4077
3 1794 620 3033
3 1937 1303 2755
3 2135 1310 2807
3 2812 422 3016
3 640 3097 3257
3 2142 816 2961
3 2069 435 2503
3 1882 404 3246
3 867 2168 3523
3 1663 956 3266
3 1087 3466 3885
3 336 2097 2983
3 3233 368 3705
3 1010 1882 3246
3 890 2248 3232
3 1556 2134 4123
3 389 1877 3686
3 1264 2100 4037
3 519 2494 2973
3 655 1817 3525
3 1106 2293 3453
3 1905 1230 2847
3 820 1909 2872
3 2087 722 2726
3 1828 3095 3268
3 2564 959 2787
3 1897 579 3935
3 910 1857 4085
3 3048 1083 4043
3 186 185 2561
3 184 183 2562
3 106 1947 3727
3 1994 1164 3254
3 453 2074 2348
3 1228 2118 3604
3 2342 1170 3715
3 364 2203 2821
3 2605 1399 3756
3 1946 681 3711
3 2186 1412 3170
3 1573 1906 3459
3 2946 502 3216
3 1061 1902 3910
3 1167 2522 3238
3 738 1952 3381
3 2848 1206 3931
3 870 2164 3911
3 1353 1993 4001
3 637 1804 2827
3 448 1939 3957
3 746 2103 2546
3 2303 898 3371
3 1894 3488 3565
3 801 2223 2619
3 1115 2390 2841
3 926 2133 2499
3 2356 887 2386
3 137 136 2513
3 1011 2061 3748
3 2332 982 2982
3 2014 846 3318
3 2622 1053 2937
3 2010 499 4075
3 1985 467 3299
3 2083 935 3918
3 178 177 2558
3 316 1650 3364
3 1019 2802 2902
3 851 2629 3864
3 1153 2431 2432
3 3339 620 4153
3 1903 356 2842
3 85 86 4053
3 467 1744 3128
3 475 1949 3118
3 2465 372 2969
3 2420 1028 3090
3 317 2098 3148
3 1825 1227 4132
3 2463 1082 3016
3 2153 1076 3705
3 1363 2849 3306
3 533 2006 2955
3 205 204 3173
3 1988 917 3939
3 1011 1924 3473
3 1060 2879 4052
3 713 1919 3683
3 1483 3307 4057
3 3108 872 3404
3 1942 1658 3980
3 493 2230 2556
3 1969 918 3429
3 1949 1002 3118
3 602 1732 3389
3 853 2209 3178
3 1719 1095 3197
3 40 41 3878
3 2239 1246 3506
3 3226 1034 3237
3 1016 2002 2565
3 1180 2231 3100
3 1540 2173 2854
3 793 2231 3509
3 1873 487 3976
3 2230 1169 2556
3 1662 289 3248
3 1095 1719 3642
3 57 58 4135
3 2001 386 3029
3 700 1785 3997
3 447 1849 2781
3 888 3008 3823
3 2315 132 2643
3 173 172 2573
3 1154 2193 3441
3 2770 598 4126
3 2307 976 3043
3 1490 2913 3780
3 1116 2126 3382
3 2649 349 3377
3 56 2960 3229
3 1965 332 3392
3 411 2239 3506
3 2949 1328 3450
3 693 1717 3516
3 702 1859 2744
3 43 44 2764
3 459 1894 3330
3 2527 567 3614
3 1781 682 3488
3 2692 1291 3705
3 448 2161 2584
3 1356 2699 3507
3 1017 1886 3383
3 2299 1342 3944
3 1726 2415 4097
3 593 3042 3781
3 1084 2200 2592
3 2396 398 4048
3 228 227 2512
3 399 2085 2851
3 1257 2313 3883
3 3048 1442 3569
3 1919 1057 4137
3 2098 825 3904
3 2201 1085 2800
3 467 1985 3021
3 2252 1014 3585
3 2360 1056 2470
3 1756 1072 3327
3 3928 449 3955
3 425 2041 3123
3 3017 1509 3470
3 2257 526 3677
3 1009 1936 3600
3 242 241 2538
3 1749 1283 3853
3 1048 3199 3858
3 1958 954 3274
3 511 3214 4074
3 856 2214 2339
3 1692 2848 3931
3 1821 3173 3680
3 2006 919 2955
3 741 1897 4127
3 1979 1090 3353
3 3683 1362 4009
3 1672 671 3858
3 1364 3122 3583
3 684 2793 3869
3 1017 1841 3041
3 23 2260 3313
3 1930 475 3118
3 766 1934 3162
3 2340 339 4045
3 562 2870 3078
3 330 1896 2787
3 72 73 3712
3 2027 680 2962
3 600 2222 3014
3 1941 913 4024
3 465 2056 3292
3 340 2308 2739
3 2629 1601 3864
3 500 2993 3186
3 150 149 2591
3 1822 423 3890
3 1955 909 3243
3 515 2609 2935
3 2209 282 3178
3 334 1639 3510
3 1093 2271 2725
3 1294 2223 3328
3 1240 3212 3445
3 2975 505 3741
3 2061 1011 3787
3 571 2480 3676
3 191 190 2596
3 916 2021 3686
3 1911 654 3089
3 3815 1457 4126
3 2068 743 3844
3 2435 874 3071
3 1255 1742 3684
3 1894 1081 3488
3 1251 2530 2790
3 934 2328 2439
3 2045 965 3260
3 2108 1046 3718
3 2458 440 2676
3 3112 1016 3301
3 102 1771 3479
3 1776 676 3464
3 1199 2595 3763
3 2433 514 3171
3 2176 866 2700
3 1018 2483 3075
3 978 1888 3588
3 1226 2137 3737
3 834 2238 2496
3 2333 936 2441
3 2206 1165 2868
3 1510 2568 3805
3 1787 600 3014
3 743 1708 3844
3 961 2663 3114
3 1176 2734 3624
3 2290 1012 2748
3 1967 1149 3983
3 2082 889 2984
3 898 2376 3371
3 2711 1337 3879
3 385 2071 3062
3 510 2236 2509
3 64 65 4086
3 824 1960 3504
3 2387 1710 3982
3 2613 986 3606
3 451 2452 3518
3 285 284 3929
3 2037 859 2953
3 101 102 3479
3 2753 1637 3334
3 2094 572 2666
3 1913 912 3102
3 2111 1110 3214
3 2403 604 3940
3 2927 447 3129
3 2297 890 3232
3 1381 3083 3283
3 994 1860 3533
3 278 277 3721
3 1825 529 3184
3 400 1945 2921
3 89 90 3314
3 1094 2728 2993
3 20 21 3102
3 2000 566 3224
3 182 181 2586
3 1801 1110 3690
3 332 1965 3491
3 2846 1148 3240
3 1057 2351 3244
3 859 2037 3380
3 1916 817 3477
3 2059 738 3771
3 1465 2354 3374
3 3322 1324 3457
3 480 2840 3064
3 1925 740 3952
3 935 2819 3812
3 1138 2059 3771
3 3212 1240 3448
3 714 1959 3992
3 2638 1486 3398
3 963 2341 2858
3 1832 455 2818
3 1916 916 3655
3 2427 426 2644
3 39 2296 3977
3 2099 1037 3317
3 2696 363 3814
3 493 2051 2467
3 312 2342 3715
3 2042 1068 4087
3 2828 1022 3275
3 819 2387 3982
3 1564 2814 3577
3 1027 2066 2195
3 3057 1896 4055
3 1828 428 2862
3 604 3855 3940
3 2019 982 3419
3 1105 1812 3692
3 3779 529 4132
3 3307 1135 4057
3 722 1731 3836
3 71 72 2613
3 886 1971 2823
3 2085 917 2851
3 1262 2696 3814
3 1957 2744 3242
3 1506 2418 3699
3 2093 886 3165
3 1722 2880 3600
3 1248 1748 4155
3 2349 640 4006
3 1748 3779 4132
3 496 1759 3456
3 1915 1107 4004
3 640 3257 4006
3 1331 2492 3568
3 684 1870 2793
3 1925 508 3368
3 2106 574 2677
3 3488 682 3565
3 2161 802 2584
3 2556 1169 2702
3 2116 968 3088
3 664 2038 3534
3 2053 938 3644
3 260 259 2597
3 896 2069 2503
3 1148 1858 3240
3 2778 980 3036
3 3399 1189 3417
3 2137 80 3737
3 1034 2100 3237
3 273 272 3980
3 779 2391 3895
3 2102 822 2852
3 508 1925 3622
3 911 2179 2772
3 3209 1621 3373
3 2257 697 3954
3 2147 729 3847
3 1917 1588 3929
3 601 2880 3723
3 1939 985 3957
3 3094 534 4081
3 565 2002 3696
3 132 131 2643
3 1553 2977 3426
3 1819 456 3387
3 256 255 2607
3 572 2120 2664
3 2148 1070 3117
3 343 2076 2622
3 1302 2950 3450
3 2152 578 2841
3 3414 1735 3992
3 751 1983 3728
3 208 6 3915
3 423 1865 3890
3 362 1986 4026
3 1418 3058 3429
3 1599 2425 3158
3 1178 1723 3366
3 1789 1581 4120
3 1942 3110 3981
3 727 2287 4091
3 1383 2724 4014
3 998 2043 2839
3 798 2497 2938
3 2608 1400 3219
3 1731 991 3836
3 3359 1762 3456
3 2362 1328 2949
3 1104 2360 2735
3 36 2299 3944
3 2086 1094 4078
3 762 2306 3611
3 1267 2195 3640
3 2032 949 3263
3 1137 2295 3485
3 2481 1535 3552
3 987 2462 3610
3 1940 1646 3782
3 2060 310 3051
3 707 1871 3885
3 114 2040 3744
3 938 2053 3280
3 2328 934 2381
3 504 2679 3244
3 553 2702 2758
3 956 2749 2974
3 2316 1041 3603
3 341 2232 3704
3 1783 1227 3863
3 2231 372 3100
3 3410 474 4060
3 1764 678 3480
3 2337 1230 3687
3 682 1781 3234
3 1308 1951 3151
3 844 2234 3713
3 1395 2308 3632
3 481 1992 3793
3 2669 904 4008
3 3760 1831 3983
3 1804 637 3679
3 2480 571 2654
3 2174 991 3209
3 909 2403 3616
3 1724 998 3773
3 936 2333 2383
3 1755 2871 3515
3 3387 456 3736
3 2370 1704 3802
3 1198 3467 3632
3 589 2045 3260
3 2156 22 3313
3 708 1854 3539
3 1874 738 3734
3 817 2424 3385
3 1007 1809 3376
3 942 2141 2640
3 1283 2375 3853
3 388 2175 2502
3 1060 1961 2879
3 2223 1294 2619
3 2503 1261 3044
3 647 2443 4094
3 996 1963 4040
3 1834 3065 3612
3 1876 1237 3967
3 1964 1262 4131
3 924 1931 3650
3 2304 889 2474
3 1002 1949 3474
3 1031 1985 3299
3 2417 591 2773
3 1149 3760 3983
3 2302 171 3196
3 807 2469 2575
3 1186 1842 3049
3 2306 1332 3611
3 355 2028 4154
3 1678 2547 4036
3 2543 1677 4035
3 1568 3058 3617
3 771 2651 3426
3 2086 818 3665
3 965 2104 2829
3 1422 2927 3129
3 2037 434 3380
3 522 2046 3894
3 2614 298 3532
3 2091 1209 3795
3 1451 2340 4045
3 2071 907 3062
3 1934 1023 3063
3 1014 2650 3147
3 1363 2683 2849
3 323 2767 2875
3 2102 585 2757
3 1139 3414 3992
3 1686 2414 4134
3 2913 376 3780
3 892 2125 2878
3 896 2779 3295
3 1032 1698 3412
3 214 213 3921
3 2238 1482 2496
3 431 2517 3379
3 3272 725 3907
3 1817 655 3040
3 2489 1311 2490
3 3002 1081 3566
3 2704 553 2758
3 478 2582 3641
3 2492 577 3568
3 1229 2758 3986
3 506 2612 2640
3 2838 405 3430
3 158 157 3996
3 59 2771 3278
3 59 60 2771
3 313 2897 4152
3 2110 483 2908
3 1469 2838 3430
3 646 2126 3511
3 485 2162 2646
3 84 85 2830
3 1920 665 3402
3 2038 1687 3938
3 2101 397 4118
3 1818 1100 3395
3 17 18 3256
3 499 2011 4075
3 1195 2477 3759
3 171 170 3196
3 1926 479 3827
3 3058 460 3429
3 828 2110 2908
3 2931 290 4070
3 2261 1086 2605
3 697 3782 3954
3 1201 2572 3485
3 608 2522 2777
3 2023 422 2812
3 1123 2491 3036
3 2045 589 3550
3 2049 477 3285
3 1785 700 3882
3 967 1773 3359
3 624 2863 3931
3 2038 1111 3534
3 1070 1808 3117
3 323 1988 3988
3 546 3264 3561
3 938 2358 3670
3 2181 671 3421
3 1557 2526 3513
3 3241 356 3692
3 1146 1769 3736
3 1638 2400 4059
3 698 1767 3919
3 2068 900 2976
3 1759 496 3211
3 477 2049 3642
3 3257 1771 4006
3 893 2921 3587
3 1104 2107 2971
3 2339 1174 3725
3 2206 1333 3876
3 1756 3288 3849
3 653 2188 2980
3 2193 143 3441
3 621 2015 2619
3 1037 2099 3073
3 2998 1718 4136
3 471 3486 3833
3 358 3077 3620
3 3339 1872 3404
3 3042 882 3794
3 2370 502 3618
3 1552 2669 4008
3 310 2048 3310
3 2118 1228 3826
3 2018 1084 3921
3 1268 3707 4149
3 2624 1345 3646
3 1393 2713 2921
3 282 281 3178
3 1845 689 3391
3 1526 2602 4117
3 2041 979 3123
3 1861 2342 3832
3 1984 650 3826
3 1198 2938 3467
3 2849 583 3306
3 873 2812 4014
3 2277 937 3620
3 135 2314 3465
3 989 2486 2789
3 1022 2337 3721
3 1949 696 3474
3 1855 451 3605
3 2620 541 3551
3 1987 391 3947
3 2088 955 3104
3 1561 2559 3661
3 3008 1700 3823
3 1101 2074 3905
3 3214 1310 4074
3 2262 876 2372
3 2185 1357 3480
3 2319 138 3463
3 350 2053 3644
3 696 1949 3691
3 1085 2020 3915
3 1773 1052 3578
3 714 2221 2754
3 2301 928 2434
3 1146 2078 4042
3 3068 367 4031
3 2195 246 3640
3 566 2000 3297
3 148 147 3243
3 382 2164 4140
3 615 1956 3576
3 3106 846 3387
3 441 2160 3018
3 2451 494 3336
3 2445 488 2808
3 1900 1061 3910
3 1743 1203 3841
3 3042 593 3636
3 2635 305 4025
3 391 1971 3947
3 2646 853 3070
3 1973 3928 3955
3 765 1958 3274
3 1991 726 3235
3 553 3210 4108
3 1935 574 3942
3 1100 1818 3491
3 2104 965 2766
3 932 2113 3869
3 434 2100 3487
3 1808 1070 3167
3 1003 2230 3276
3 968 2000 3224
3 587 2711 3879
3 619 3209 3373
3 2977 2253 3548
3 202 201 2738
3 2016 672 3305
3 2114 979 4099
3 712 2019 3419
3 2097 1441 2983
3 981 2952 2987
3 3394 1733 3822
3 2087 431 3674
3 1800 919 3037
3 2121 419 3252
3 989 1863 3581
3 343 2622 2937
3 470 1879 3547
3 235 234 2695
3 488 2008 2808
3 687 2116 3088
3 1769 1146 3550
3 252 251 2730
3 935 2083 2733
3 603 2031 4034
3 1465 3374 3492
3 2288 1184 2672
3 2559 1561 3958
3 2567 834 3807
3 2923 478 3641
3 1936 615 3576
3 2964 1014 3147
3 2226 345 3425
3 1769 3387 3736
3 3174 1743 3841
3 1265 2187 3322
3 603 2187 3247
3 1999 1150 3410
3 1874 431 3379
3 1872 3339 4153
3 1859 2645 2744
3 2313 122 3883
3 2144 482 2700
3 1982 390 4113
3 1768 1031 3299
3 209 208 3326
3 28 1841 3405
3 213 212 3325
3 625 2093 3165
3 2816 1249 4023
3 159 158 2706
3 1758 3098 4147
3 3629 1651 3850
3 1452 2460 2648
3 215 214 2707
3 303 2228 3189
3 2089 8 3776
3 2550 573 3160
3 1733 1039 3822
3 3110 1126 3981
3 1848 452 3573
3 2090 316 3364
3 294 2065 3307
3 1103 2067 4026
3 1859 702 3668
3 1844 95 3843
3 738 1874 3771
3 1467 2682 3616
3 279 2337 3687
3 1296 2147 3847
3 661 1669 3461
3 2887 501 3647
3 889 2082 3997
3 2771 1317 3278
3 2665 969 4092
3 745 1991 3757
3 1990 744 3732
3 2174 619 3767
3 368 2153 3705
3 1904 2456 3857
3 2047 534 3254
3 157 156 3303
3 692 1948 3394
3 492 2805 3951
3 1927 810 3056
3 2040 114 3626
3 1988 675 4062
3 230 2392 3217
3 2196 819 3089
3 509 1871 3761
3 540 2022 3848
3 2365 148 3243
3 1255 2371 2603
3 2017 950 3700
3 1745 3108 3404
3 2134 766 3162
3 1927 452 3735
3 258 257 2798
3 2629 639 4083
3 1776 3068 4031
3 295 2221 3945
3 1865 423 3055
3 2626 336 2983
3 610 2729 2901
3 1774 459 3505
3 2694 958 3293
3 1669 661 3653
3 2022 1176 3848
3 2109 828 3407
3 558 1915 4004
3 2507 847 3758
3 1663 3266 3413
3 1109 1917 3139
3 1831 718 3983
3 2486 1074 2789
3 2048 310 3752
3 1970 1040 3660
3 2184 959 3384
3 801 2968 4007
3 2793 1744 3869
3 2057 1093 3996
3 3191 1205 3462
3 2405 601 3723
3 2329 944 3095
3 65 66 2782
3 3042 1225 3781
3 2114 3319 3995
3 2538 1414 4142
3 2143 1017 3041
3 293 2099 3317
3 2390 374 3198
3 2292 827 2835
3 1480 2580 3060
3 2152 962 3602
3 555 2949 3450
3 3505 1012 4050
3 1029 1989 3990
3 2254 1025 3912
3 859 2048 2953
3 753 2063 3064
3 1403 1921 4101
3 2679 1196 3244
3 2494 1223 2973
3 2279 1403 2759
3 1870 684 3527
3 994 2408 2844
3 96 97 2806
3 2349 789 3265
3 910 2273 2712
3 1946 479 3030
3 2100 434 4037
3 1219 2145 2910
3 2380 1053 2622
3 1889 757 4049
3 1386 2500 3477
3 1924 1011 3748
3 2583 1200 3747
3 1973 767 3251
3 2768 582 3553
3 1311 1872 4153
3 22 2156 3962
3 1842 1186 4030
3 503 1996 3589
3 2341 963 2379
3 2880 601 3974
3 455 2082 2984
3 2467 1055 2966
3 467 3128 3299
3 722 2087 3346
3 1896 330 4055
3 1979 807 3824
3 1871 2423 3761
3 1491 3308 3758
3 2029 1066 3942
3 992 2588 3294
3 1072 1756 3849
3 1263 2433 3171
3 769 1938 3444
3 1193 2833 3688
3 2627 1640 3769
3 1841 29 3041
3 1136 2737 3627
3 796 1898 3135
3 881 2302 3196
3 1333 2257 3954
3 963 2858 4049
3 1850 1168 3621
3 1467 2403 3940
3 1967 3255 3383
3 2415 813 3817
3 619 2174 3209
3 1894 1050 3330
3 2602 617 4117
3 991 2058 3836
3 1900 1042 3083
3 439 2389 3922
3 2160 806 3018
3 2005 1388 4016
3 1796 2931 4070
3 954 2121 3252
3 2774 888 3823
3 2180 1287 3343
3 675 1988 3939
3 374 2375 3198
3 2059 1138 3256
3 1990 3272 3907
3 1503 2345 3711
3 2242 306 2876
3 1472 2430 2924
3 1886 1017 3881
3 685 1992 3003
3 979 2133 3486
3 2483 1789 4120
3 2397 2909 3926
3 311 2108 3718
3 888 2264 3352
3 1155 3017 3470
3 1595 2703 4114
3 429 2104 3291
3 2833 1542 3688
3 268 267 2860
3 1374 1914 3722
3 839 2101 4118
3 438 2213 3195
3 1227 1825 3863
3 1170 1861 3837
3 494 2058 3336
3 1044 2090 3364
3 2234 976 3091
3 626 2379 2518
3 1100 2147 3966
3 998 2083 3773
3 1463 2649 3377
3 2765 1362 3683
3 1601 2629 4083
3 2353 312 3048
3 3125 1727 3848
3 2351 504 3244
3 1053 2589 2937
3 2009 1309 3032
3 2263 975 3497
3 3020 1373 3570
3 1897 2136 3599
3 118 119 2795
3 837 2848 3447
3 2078 304 4042
3 436 2210 3426
3 1350 2473 3415
3 1847 738 3381
3 2807 1310 3214
3 3128 1768 3299
3 2702 553 4108
3 454 2397 2801
3 981 2685 2952
3 718 1831 3154
3 847 2868 3758
3 3065 1024 3612
3 1323 3136 3453
3 1031 2076 3788
3 2187 1265 4092
3 3015 1069 3363
3 2285 1214 2728
3 1893 1058 3140
3 809 2516 2599
3 3083 1042 3283
3 1812 1105 3659
3 2012 58 3278
3 91 92 3531
3 451 2265 3605
3 1176 3125 3848
3 806 2572 3018
3 1250 3231 3554
3 2126 1116 3511
3 517 2211 3471
3 1229 3986 4134
3 1196 2679 2920
3 1864 1105 3692
3 957 2350 3896
3 543 2295 3017
3 1160 2346 3743
3 3288 670 3849
3 1246 2239 2843
3 2419 2994 4114
3 2204 988 3437
3 2391 1440 3895
3 1935 1066 3113
3 851 2276 2629
3 455 1832 3262
3 515 2935 3857
3 1085 2447 3492
3 2261 584 2932
3 2999 741 4127
3 1643 2690 3385
3 2293 563 3453
3 2770 995 3009
3 929 2138 2870
3 988 2204 3515
3 2460 405 2648
3 3077 1415 3620
3 2691 964 2936
3 958 2662 3293
3 738 1847 3734
3 2662 1286 3293
3 1129 2141 3348
3 847 2206 2868
3 240 2455 3598
3 1011 2055 3311
3 2482 857 3671
3 3029 386 4011
3 876 2242 2876
3 460 1969 3429
3 2491 511 3036
3 1175 3038 3100
3 2394 299 2971
3 1531 2615 3357
3 1976 585 4100
3 1116 1965 3392
3 2235 481 3793
3 2126 527 3382
3 1146 2045 3550
3 2742 1376 4133
3 507 1806 3742
3 3148 2098 3904
3 2371 947 2603
3 2074 628 3905
3 506 2686 3959
3 894 3227 3633
3 2161 1091 4003
3 1870 2604 2793
3 2362 1063 2751
3 1011 3311 3787
3 936 3287 3668
3 2274 1155 3960
3 2652 1156 3135
3 8 9 3776
3 1326 3124 3180
3 414 2241 2697
3 2124 537 4149
3 3635 370 3797
3 334 2247 3124
3 486 2387 2817
3 2012 1424 4135
3 2245 1206 2848
3 2055 570 3311
3 2425 342 3158
3 2978 309 3870
3 1453 2405 3723
3 1529 3140 3575
3 1107 2281 4004
3 1349 2458 2676
3 2580 554 3060
3 974 2261 2932
3 2100 1034 3487
3 2208 526 3001
3 1999 3410 4060
3 970 2703 3046
3 1854 708 3639
3 1178 2055 3985
3 2046 1170 3894
3 2197 1074 3675
3 1124 1966 4138
3 2721 312 3715
3 2658 530 2839
3 974 2576 2711
3 401 2339 3725
3 407 3061 4088
3 527 2092 3382
3 2248 233 3232
3 2217 455 3262
3 2422 325 2788
3 2327 1321 3047
3 2219 1152 2897
3 1132 2417 2773
3 1774 3505 4050
3 2310 465 3972
3 744 2346 3732
3 730 2290 3152
3 1043 2551 3086
3 2905 1297 4013
3 802 2483 2584
3 3561 1171 3648
3 737 1834 3612
3 1666 2635 4025
3 367 2029 4031
3 348 2326 3304
3 186 2561 3302
3 2305 676 3866
3 196 195 2988
3 2081 1079 4100
3 2194 1044 3560
3 2038 91 3531
3 2295 543 3485
3 1985 1031 3788
3 1066 1935 3942
3 2287 1345 4091
3 1222 2770 3009
3 2173 645 2854
3 292 2307 3043
3 393 3629 3850
3 1098 2283 2481
3 2880 1722 3723
3 2080 2283 3749
3 2321 823 2942
3 316 2090 4073
3 2202 352 3914
3 2273 1226 3737
3 2541 869 2928
3 1449 2828 3275
3 2436 1327 2851
3 986 2613 3712
3 1610 2532 3594
3 491 2371 3684
3 3078 1043 3086
3 2351 3395 3966
3 2683 967 2849
3 1442 1981 3000
3 3161 930 3888
3 2859 516 3967
3 424 3117 3272
3 841 1982 3525
3 2344 1498 3269
3 1415 2277 3620
3 1050 1894 3565
3 3040 655 3892
3 2309 925 2668
3 822 2321 2852
3 262 2537 3661
3 1091 2161 3584
3 2123 302 3500
3 2379 963 2518
3 2762 960 2979
3 1849 447 3760
3 1144 2410 3654
3 2354 1073 3374
3 2100 827 3237
3 2388 838 3501
3 2291 1120 3768
3 1936 393 3600
3 634 2024 3422
3 2562 183 3520
3 1083 3048 3569
3 468 2172 3604
3 2537 261 3799
3 137 2513 3463
3 2513 136 3465
3 1109 2162 3943
3 2702 1169 2758
3 1628 2774 3823
3 968 2116 3360
3 718 1967 3983
3 907 2171 3172
3 2113 932 4051
3 2993 1214 3186
3 2367 1099 2412
3 310 2060 3752
3 1071 2609 2815
3 336 1919 4137
3 2154 1315 3667
3 3058 1038 3617
3 2576 1337 2711
3 2958 1297 3204
3 456 2077 3736
3 1923 1080 3719
3 378 2284 4052
3 2346 744 3743
3 2531 475 3739
3 934 2202 3914
3 909 2365 3243
3 3442 1401 3797
3 480 3773 3918
3 2703 395 4114
3 3618 1277 3891
3 735 2520 3851
3 408 1967 3383
3 895 2145 3130
3 1295 1807 3694
3 2049 1095 3642
3 944 2099 2892
3 1103 1986 4150
3 1986 1102 4151
3 77 78 3378
3 949 2224 3738
3 1812 3241 3692
3 2375 374 3853
3 2403 1467 3616
3 2222 1235 3014
3 2419 395 3798
3 12 13 3660
3 2206 335 3995
3 917 2436 2851
3 2387 1427 2817
3 977 2240 3517
3 2000 968 3360
3 1888 709 3588
3 52 53 3022
3 81 2273 3737
3 3696 2024 3754
3 291 2958 3204
3 2164 382 3911
3 679 2150 3545
3 428 2343 3476
3 1175 2736 3038
3 2257 1333 3001
3 1061 2144 2959
3 1017 2143 3881
3 2651 1553 3426
3 3486 2133 3833
3 2710 513 2891
3 692 3394 3822
3 1058 1893 3746
3 1041 2480 2654
3 1981 442 3592
3 2429 1111 3531
3 2538 241 3598
3 2459 1268 3208
3 2497 445 2938
3 1111 2038 3531
3 2284 882 3011
3 2708 902 2922
3 3221 1119 3739
3 482 2176 2700
3 3255 1017 3383
3 2428 1371 3532
3 452 1848 3889
3 556 2026 4150
3 2025 556 4151
3 1232 1987 3947
3 2423 1369 3761
3 2401 982 4045
3 2523 17 3256
3 931 2563 2821
3 2813 797 3877
3 2200 1084 4111
3 1085 2201 4112
3 2631 290 3215
3 242 2538 4142
3 3124 1026 3180
3 2129 1284 3508
3 2408 355 2844
3 2863 1692 3931
3 1112 2842 3669
3 1110 2111 3298
3 1397 2466 2872
3 2558 1669 3653
3 113 114 3744
3 1971 1232 3947
3 1046 1923 3718
3 748 2915 3273
3 1004 2459 3208
3 962 2390 3198
3 2491 1123 2705
3 884 2244 3358
3 182 2586 3520
3 2906 966 2997
3 2600 1907 3623
3 3308 473 3758
3 1074 1846 3675
3 1113 2072 4054
3 1229 2704 2758
3 2067 362 4026
3 2660 1172 3484
3 3197 451 3518
3 1092 2427 2644
3 1045 3728 3896
3 3140 1058 3575
3 798 2080 3749
3 124 125 3249
3 2689 606 3818
3 3867 335 3876
3 2685 1142 2952
3 2724 873 4014
3 716 2269 3115
3 902 2434 2922
3 957 2804 3076
3 2163 1066 3949
3 22 23 3313
3 3950 336 4137
3 1983 440 3435
3 2054 1231 3950
3 2000 1044 3297
3 1879 1121 3547
3 1027 2736 2881
3 2477 538 3759
3 2190 1125 4080
3 1757 3042 3636
3 2457 265 4156
3 1252 2528 3400
3 2303 1478 2925
3 1769 3106 3387
3 1323 2611 3136
3 2586 181 3956
3 275 274 3067
3 2468 647 2867
3 1913 21 3962
3 2269 1025 3115
3 2214 452 3889
3 2714 1148 2846
3 420 2234 3091
3 2506 439 3658
3 2364 885 2926
3 1963 471 4040
3 1512 2813 3877
3 2213 774 3195
3 2597 259 3792
3 260 2597 3799
3 1717 3330 3516
3 3374 606 3492
3 3206 1309 3236
3 863 2229 2898
3 95 96 3843
3 581 2959 3569
3 2229 864 2899
3 466 2321 2942
3 861 2233 2894
3 2233 860 2895
3 1016 2180 4012
3 256 2607 3791
3 984 2343 3168
3 2883 1211 2923
3 2147 1100 4125
3 332 2256 3332
3 2321 466 2852
3 1611 3680 3770
3 2058 722 3836
3 360 2068 2976
3 2890 1296 3831
3 1509 3090 3470
3 508 2186 3170
3 2950 555 3450
3 2344 609 3606
3 3037 1576 3999
3 2528 993 3400
3 1079 1976 4100
3 340 2331 3529
3 1084 2707 3921
3 2505 440 3666
3 1238 1957 3242
3 434 2037 4037
3 3266 678 3413
3 519 2279 2759
3 1063 2362 2949
3 2233 489 2894
3 489 2233 2895
3 2323 1667 3968
3 1157 2655 3206
3 3507 1195 3759
3 1098 2481 3552
3 2782 1015 4086
3 2147 504 3966
3 937 1910 3891
3 3093 101 3479
3 232 2297 3232
3 2868 1165 3724
3 2243 636 3695
3 930 2489 2490
3 2213 438 2861
3 657 3107 3495
3 1816 2756 3631
3 3119 844 3713
3 2172 1282 3133
3 1820 719 3362
3 2210 436 2874
3 1270 2174 3767
3 13 1970 3660
3 933 2471 3137
3 2320 1035 3350
3 979 2041 4099
3 2006 844 3119
3 3466 1580 3481
3 1259 2170 3406
3 802 2161 4003
3 2036 698 3893
3 3602 2859 3967
3 2440 1123 3036
3 3070 1173 3452
3 2164 1455 4140
3 2589 1032 2937
3 2473 545 3415
3 2390 962 2841
3 565 3696 3754
3 2229 490 2898
3 3377 349 4029
3 490 2229 2899
3 2522 1167 2777
3 700 2199 3882
3 643 2042 3837
3 1956 1078 3576
3 125 2177 3249
3 3773 2083 3918
3 2297 1439 2834
3 2805 1660 3951
3 1162 2719 3572
3 3054 1372 3221
3 711 3054 3221
3 2371 1255 3684
3 2486 457 2930
3 1701 2635 2667
3 481 3673 3970
3 2410 719 3654
3 2633 1377 2972
3 498 2194 3560
3 818 2071 3665
3 1511 2159 3586
3 188 2303 3371
3 580 2878 3361
3 1100 3491 4125
3 602 3389 3650
3 1967 718 3255
3 681 2826 3711
3 2549 1134 3251
3 1996 2352 3589
3 2721 1442 3048
3 3414 371 4051
3 1174 2214 3889
3 2729 1234 2901
3 2105 803 4110
3 2202 934 3580
3 377 2291 3768
3 1071 3144 3171
3 1917 1109 3943
3 347 2472 3015
3 757 2039 4049
3 578 2152 3240
3 898 2303 2925
3 2409 1180 3563
3 2011 1008 4075
3 719 1820 3654
3 880 2222 3225
3 2652 1097 2951
3 2655 752 3206
3 2131 785 3397
3 1066 2029 3949
3 989 2789 2790
3 2005 990 3223
3 2472 1531 3015
3 1608 3167 3745
3 3663 1562 3955
3 1335 2098 3312
3 606 3374 3818
3 1237 2152 3602
3 92 2429 3531
3 1285 2550 3160
3 827 2292 3237
3 1394 2040 3626
3 1550 3831 3847
3 2264 888 2774
3 1128 2762 2979
3 126 127 3281
3 2645 945 2744
3 307 3903 4039
3 2230 493 3276
3 631 2156 3708
3 406 2182 4129
3 851 2274 3960
3 2170 826 3406
3 2154 689 4027
3 202 2738 3770
3 2499 335 3867
3 826 2170 3353
3 296 2218 3750
3 1007 2484 3367
3 886 2823 3165
3 651 2285 3348
3 2972 1377 3615
3 919 2169 2955
3 2237 1285 3386
3 1369 2724 3472
3 2143 720 3881
3 1093 2706 3996
3 8 2089 4122
3 2162 642 3943
3 1082 2338 3411
3 1348 1982 4113
3 2065 1135 3307
3 362 2067 3417
3 3311 1315 3787
3 2177 727 4091
3 1650 3297 3364
3 1026 2236 3301
3 1669 2412 3461
3 3247 2187 4092
3 2448 897 3186
3 277 276 3134
3 2016 509 4084
3 1627 2768 3553
3 2199 1213 3882
3 3491 1965 4125
3 2488 1247 2961
3 821 2114 4099
3 2572 1201 3018
3 1073 2354 3173
3 1406 2300 3930
3 258 2798 3792
3 1170 2046 3715
3 2798 257 3791
3 758 2200 4111
3 2201 759 4112
3 62 63 3961
3 1057 2054 4137
3 632 3359 3578
3 1119 2136 3839
3 2114 821 3319
3 2115 487 3784
3 2247 1026 3124
3 993 2657 3101
3 552 2583 3747
3 894 2070 3227
3 1423 3291 3438
3 2136 389 3599
3 1903 2482 3897
3 2089 129 4122
3 2244 607 3358
3 58 59 3278
3 2326 1610 3304
3 2594 539 3556
3 356 1903 3897
3 1172 3355 3484
3 385 2285 2728
3 720 1886 3881
3 1121 2391 4065
3 2234 420 3713
3 2483 1018 2584
3 519 2759 4105
3 1070 2324 3745
3 676 2305 3464
3 662 3037 3999
3 2625 412 3617
3 2210 771 3426
3 2113 684 3869
3 3090 375 3470
3 1975 765 3274
3 2180 313 4012
3 90 91 3938
3 515 2411 3451
3 231 230 3217
3 572 2094 4138
3 1554 3187 4017
3 3264 1171 3561
3 2040 1331 3744
3 3855 1881 3940
3 541 2436 3541
3 2107 560 4124
3 1530 2586 3956
3 2786 1007 3367
3 2065 1064 3391
3 460 2017 3700
3 2822 1221 3714
3 1593 2173 4121
3 1642 3409 3638
3 1094 2993 4078
3 2230 1003 2967
3 1218 2048 3752
3 3287 1859 3668
3 3409 374 3638
3 3061 1940 4088
3 585 2102 3923
3 4125 1965 4130
3 1590 2818 2984
3 890 2297 2834
3 2661 1004 3081
3 2246 445 3840
3 2609 1089 2815
3 771 2052 3717
3 328 3466 3481
3 1232 1971 3810
3 373 3213 3740
3 526 2257 3001
3 2665 287 3468
3 928 2301 3513
3 1945 1108 3587
3 2679 971 2920
3 2026 1103 4150
3 1102 2025 4151
3 2159 624 3931
3 114 115 3626
3 2253 1351 3548
3 574 2106 3965
3 1110 2807 3214
3 1414 2538 3555
3 2338 1082 3267
3 1082 2463 3267
3 680 1942 3981
3 561 3416 4148
3 3073 517 3471
3 2108 311 3478
3 2741 1277 2946
3 733 2197 3675
3 1936 3576 3629
3 3327 377 4024
3 1735 3414 4051
3 2500 1386 4097
3 1438 2279 3163
3 1049 2123 3500
3 2252 1578 3434
3 668 2500 4097
3 2136 741 3839
3 3227 1790 3633
3 2261 974 3230
3 2277 1415 3741
3 849 2626 2983
3 264 2559 4156
3 1249 2088 4023
3 836 2235 3793
3 2812 1603 4014
3 1340 3446 3709
3 3330 1050 3516
3 576 2323 3968
3 393 1936 3629
3 1125 1966 4080
3 646 3575 3862
3 437 2271 2889
3 2660 1251 2790
3 359 2714 2846
3 939 2181 3421
3 549 2145 4141
3 2145 1219 4141
3 2520 1414 3555
3 982 2332 3643
3 2055 1011 3473
3 582 2768 4002
3 623 2207 3746
3 1463 2710 2891
3 2220 507 3742
3 2671 1145 3623
3 1097 2555 2951
3 433 2200 2985
3 2201 432 2986
3 2076 786 3788
3 1646 3867 3876
3 2538 1544 3555
3 2045 1146 4042
3 2650 518 3175
3 1165 2206 3995
3 1092 2156 3313
3 3144 1263 3171
3 21 22 3962
3 2462 1006 3401
3 2002 1016 4012
3 1074 2486 2930
3 779 2032 4065
3 544 3023 3724
3 3132 1040 3641
3 2553 243 4142
3 233 232 3232
3 2874 436 3239
3 2156 1092 3708
3 3728 1983 3896
3 1161 2062 3177
3 1448 2752 3838
3 2449 1483 4057
3 25 26 3884
3 2604 901 2793
3 2555 361 2951
3 2258 781 3775
3 46 47 3433
3 3894 2042 4087
3 3136 1106 3453
3 2866 1975 3274
3 1188 2773 3309
3 2376 189 3371
3 2686 1585 3959
3 296 2641 3133
3 2155 2286 4059
3 187 186 3302
3 48 49 3579
3 590 3096 3593
3 337 2785 3111
3 196 2988 4036
3 3120 1679 4061
3 1998 393 3850
3 762 1999 3702
3 1221 2844 3714
3 1079 2081 3937
3 1388 2005 3223
3 2159 925 3586
3 2988 195 4035
3 1964 892 3567
3 2343 732 3168
3 2104 1131 3291
3 1008 2010 4075
3 1084 2018 4111
3 2020 1085 4112
3 2354 205 3173
3 627 2608 3621
3 837 2245 2848
3 2211 1613 3471
3 2197 733 3207
3 2675 923 3059
3 744 2044 3743
3 2996 1122 3653
3 708 2295 3639
3 2735 1060 2797
3 2609 1071 2935
3 1012 2290 4050
3 2685 458 3034
3 2224 424 3738
3 330 2359 4055
3 2520 1501 3851
3 1587 2799 3657
3 1136 2838 3691
3 1460 2414 3730
3 1247 2745 3344
3 1130 2333 3932
3 1648 2906 2997
3 3297 1044 3364
3 1616 2349 3265
3 3000 1981 3592
3 522 3894 4087
3 1966 366 4080
3 2077 1146 3736
3 550 2294 3335
3 1440 2675 3059
3 1108 2837 3541
3 2142 1171 3264
3 701 2263 3497
3 2116 498 3360
3 1181 2882 3607
3 2054 3950 4137
3 2207 1058 3746
3 2332 594 3643
3 2338 523 3411
3 1206 2159 3931
3 2115 928 3976
3 2066 1027 3200
3 3107 1537 3495
3 2627 1153 3884
3 3979 1380 4103
3 466 2942 3403
3 3435 957 3896
3 2578 826 3353
3 969 2433 3247
3 1156 2652 2951
3 84 2830 2929
3 553 2075 3210
3 1461 3367 4082
3 406 2743 3482
3 2842 356 3241
3 18 2059 3256
3 1535 2066 3200
3 105 106 3727
3 1986 1103 4026
3 1965 1116 4130
3 1989 739 3590
3 1605 3131 3821
3 111 112 3652
3 3150 358 3620
3 1040 2883 2923
3 1191 2691 2936
3 2346 1382 3732
3 2840 480 3918
3 2035 996 4040
3 2072 383 4054
3 3131 579 3821
3 2240 554 3517
3 2116 687 3795
3 955 2498 3104
3 1035 2310 3972
3 2845 500 3186
3 2218 924 3188
3 2164 870 3701
3 2526 928 3513
3 2224 1583 4047
3 74 75 3601
3 1044 2000 3560
3 2785 1475 3111
3 1090 1979 3824
3 759 2020 4112
3 2018 758 4111
3 961 2332 2982
3 694 2320 3350
3 1077 2385 3308
3 302 2660 2790
3 1181 2246 3840
3 122 123 3883
3 211 210 3423
3 951 2384 2857
3 2294 1024 3335
3 734 3628 3899
3 489 2895 3681
3 826 2578 3047
3 1138 2523 3256
3 3673 2073 3970
3 2826 1503 3711
3 2842 1523 3669
3 1120 2220 3742
3 2533 1079 3937
3 965 2045 3356
3 367 2163 3949
3 366 2190 4080
3 786 1985 3788
3 2308 760 3632
3 991 2174 3336
3 521 3167 3933
3 2094 1124 4138
3 143 142 3441
3 2434 666 2922
3 315 2804 3045
3 2350 597 3591
3 2898 490 3682
3 554 2240 3819
3 2915 1402 3273
3 189 188 3371
3 333 2252 3585
3 907 2827 3062
3 1340 2989 3446
3 1048 2396 4048
3 80 81 3737
3 2102 1113 3923
3 991 2747 3209
3 965 2829 3260
3 2411 515 3946
3 2921 1945 3587
3 2175 388 3645
3 3057 1038 3512
3 1820 2573 3654
3 3067 274 3916
3 1180 3038 3563
3 275 3067 3913
3 138 137 3463
3 136 135 3465
3 1143 2468 2867
3 3167 1070 3745
3 1265 3078 3086
3 1350 2506 3658
3 3576 1078 3629
3 1225 3042 3794
3 3007 2115 3784
3 362 3417 3765
3 2305 1068 3464
3 2106 1127 3965
3 1292 2347 3874
3 2447 1085 3915
3 333 3585 3927
3 562 3322 3457
3 1036 2577 3838
3 43 2764 3872
3 2779 896 3693
3 1025 2269 3481
3 1152 2219 3422
3 2716 1518 3035
3 2973 1052 3163
3 2330 501 4030
3 2764 1412 3872
3 604 2918 3855
3 1039 2625 3057
3 487 2115 3976
3 2028 2363 4154
3 2215 1327 3562
3 509 2016 3865
3 2313 1257 4115
3 1010 2424 3733
3 1430 3122 3987
3 2284 1373 4052
3 35 36 3944
3 2391 779 4065
3 581 3000 3762
3 2291 377 3327
3 722 2058 3936
3 2041 821 4099
3 1330 2505 3666
3 2588 992 2935
3 2416 1764 3480
3 129 0 4122
3 2128 1316 3862
3 2024 1152 3422
3 2485 1822 3099
3 1052 2369 3578
3 1659 3134 3913
3 984 3168 3169
3 2265 1005 3605
3 2358 938 3280
3 348 2462 3401
3 3075 327 3316
3 2358 379 3670
3 2741 358 3150
3 2461 612 3868
3 183 182 3520
3 2625 1038 3057
3 526 2378 3677
3 707 2691 3258
3 563 2155 4059
3 1756 3327 4024
3 42 43 3872
3 1308 2590 3852
3 2797 1060 3020
3 1723 2449 3366
3 2590 411 3852
3 1157 3206 3236
3 2394 1047 3706
3 1466 2822 3714
3 1992 481 3970
3 2036 512 3440
3 1114 2188 3542
3 1152 3696 4152
3 2414 630 3900
3 2295 1137 3639
3 3167 1608 3933
3 1596 2760 3880
3 1493 2513 3465
3 2890 307 4039
3 2513 1494 3463
3 325 2301 3341
3 1514 3132 3641
3 164 163 3574
3 2619 1294 4082
3 38 39 3977
3 1356 2306 3702
3 2918 604 3223
3 155 154 3637
3 2290 730 4050
3 1699 2732 3789
3 2029 367 3949
3 2597 1602 3799
3 3134 276 3913
3 2956 1817 3040
3 3233 1291 3951
3 1045 2350 3591
3 3359 1773 3578
3 2440 509 3181
3 917 2085 3939
3 2967 392 3986
3 2845 1122 2996
3 630 3572 3900
3 1072 2258 3775
3 0 8 4122
3 298 2158 3532
3 2359 1039 4055
3 1708 2183 3844
3 241 240 3598
3 2373 531 3559
3 676 2097 3866
3 2173 792 4121
3 2331 1202 3529
3 2724 308 3472
3 369 2487 3887
3 2662 958 3010
3 2654 571 4000
3 454 2438 2909
3 2042 1170 3837
3 767 2266 4095
3 509 2440 4084
3 3098 1338 4072
3 246 245 3640
3 729 2147 4125
3 2471 933 3786
3 2791 1685 3786
3 91 2038 3938
3 2840 1510 3064
3 3315 1605 3821
3 1544 2538 3598
3 579 3131 3935
3 537 2945 3790
3 1145 2671 3170
3 469 2792 4056
3 169 5 3656
3 1641 3098 4072
3 492 2364 2926
3 2671 508 3170
3 2211 517 3049
3 923 2633 2972
3 983 2393 3096
3 2887 1072 3849
3 1054 2992 4094
3 1491 2868 3724
3 2773 591 3309
3 3060 554 3819
3 1241 2471 3786
3 299 2394 3706
3 2565 565 3180
3 2279 519 3163
3 263 262 3661
3 1491 3023 3308
3 2336 42 3872
3 2385 473 3308
3 1412 2336 3872
3 1080 2474 3719
3 2466 820 2872
3 2141 651 3348
3 1039 2359 3822
3 729 4125 4130
3 1171 2775 3648
3 312 2721 3048
3 2238 834 3846
3 3389 1840 3650
3 2037 1264 4037
3 1392 2708 2922
3 713 3683 4009
3 280 279 3687
3 2859 1222 3009
3 2563 1178 2821
3 777 2924 3657
3 493 2467 2966
3 978 2493 3880
3 2504 1063 3158
3 2462 348 3610
3 314 2663 3028
3 1417 2457 4156
3 618 2881 2882
3 3291 1131 3438
3 1153 2432 3884
3 226 225 3777
3 3002 1401 3442
3 1289 2665 3468
3 342 2504 3158
3 2635 952 2667
3 2198 922 3573
3 374 2390 3638
3 813 2239 3817
3 2048 1218 3809
3 204 203 3680
3 2493 978 3588
3 1800 3037 3630
3 2586 1536 3520
3 2205 577 4019
3 3122 384 3987
3 896 2503 3044
3 476 2896 3616
3 1134 2549 3615
3 1259 2810 3870
3 2505 957 3435
3 1071 2588 2935
3 514 2588 3171
3 2609 515 3451
3 2611 705 3136
3 440 2505 3435
3 445 2007 3840
3 2391 1121 3993
3 1026 2565 3180
3 3923 1113 4054
3 2607 1618 3791
3 2286 1638 4059
3 1617 2597 3792
3 2736 1175 2881
3 1184 2288 3698
3 2218 1239 3750
3 1212 2650 3175
3 1284 3050 3508
3 2765 1075 4106
3 3628 1848 3899
3 1224 3315 3821
3 960 2330 3213
3 1332 2965 3226
3 2689 1537 3774
3 2424 461 3733
3 203 202 3770
3 2548 1111 3458
3 2551 287 3086
3 2522 1020 3238
3 2324 347 3745
3 2487 1673 3887
3 2564 633 3277
3 2830 1021 2929
3 2752 1036 3838
3 2734 329 3624
3 259 258 3792
3 3437 1182 4013
3 257 256 3791
3 292 3369 3431
3 958 2694 3019
3 2421 1185 3652
3 2837 541 3541
3 261 260 3799
3 2301 325 3513
3 770 2397 3926
3 2934 1665 4117
3 2938 445 3467
3 2052 2591 3717
3 1229 2414 3900
3 2332 961 3114
3 1632 3377 4029
3 1041 2334 3603
3 1528 2840 3918
3 2350 957 3076
3 3411 523 4116
3 2818 455 2984
3 2570 665 3963
3 2044 2596 3743
3 2736 557 3038
3 2549 324 3615
3 2463 524 3267
3 1123 3181 3472
3 1170 2042 3894
3 2161 448 3384
3 2393 370 3635
3 2620 987 3146
3 1158 2651 3717
3 3696 2002 4152
3 1473 2501 3225
3 2705 1123 3472
3 2334 1041 3778
3 577 2205 4015
3 3023 1491 3724
3 1264 2037 4041
3 1152 2024 3696
3 2058 494 4010
3 324 2972 3615
3 2588 1071 3171
3 2375 1222 3198
3 2789 302 2790
3 2396 1048 3858
3 3187 412 4017
3 1123 2440 3181
3 2965 1034 3226
3 2060 809 4032
3 488 2716 3035
3 3392 1612 3511
3 2932 1471 3903
3 1550 2092 3846
3 2367 1820 3362
3 2632 1182 3437
3 497 2245 3803
3 1167 2495 3354
3 629 2520 3555
3 302 2197 3500
3 1863 2628 3581
3 3068 1776 3464
3 804 3156 3663
3 2811 316 3978
3 1520 2003 4067
3 1623 2312 3963
3 274 273 3916
3 318 2450 3549
3 276 275 3913
3 370 3442 3797
3 2010 659 4143
3 383 2081 4054
3 3680 203 3770
3 3462 1205 3952
3 2444 498 3969
3 941 2461 3868
3 1135 2065 3941
3 2942 1159 3403
3 1131 2104 3613
3 2081 383 3937
3 2337 278 3721
3 401 2254 3912
3 1653 2409 3563
3 3161 1335 3312
3 954 2866 3274
3 2484 621 3367
3 986 2344 3606
3 197 196 4036
3 2560 912 3138
3 2440 980 4084
3 2123 1049 3934
3 1214 2448 3186
3 2588 514 3294
3 1248 2802 3887
3 195 194 4035
3 1122 2558 3653
3 2363 1409 4154
3 512 2036 4096
3 2579 1131 3613
3 2296 40 3878
3 2443 1054 4094
3 2424 1010 3385
3 412 3187 3617
3 500 2845 2996
3 146 145 4016
3 1104 2735 2797
3 2657 1140 3101
3 2088 3104 4023
3 2676 751 3832
3 181 180 3956
3 2359 692 3822
3 690 2334 3778
3 1223 2494 3152
3 657 2035 4021
3 1409 2654 4000
3 792 2004 4121
3 913 2587 3288
3 1660 3233 3951
3 3050 970 3508
3 1005 2413 3842
3 2783 685 3003
3 2097 336 3950
3 950 2355 3700
3 832 2370 3618
3 3596 1258 3611
3 2418 575 3699
3 2615 821 3357
3 559 2989 3347
3 3365 1758 4147
3 2333 381 3932
3 400 2713 3169
3 2343 984 3476
3 1071 2815 3144
3 329 3365 4147
3 3034 1163 3331
3 2412 1099 3461
3 1186 2330 4030
3 896 3044 3693
3 665 2570 3402
3 677 2487 3388
3 2369 1223 3342
3 271 270 4104
3 2778 511 4074
3 2803 603 4034
3 265 264 4156
3 243 242 4142
3 1217 2661 3081
3 2844 355 3714
3 1513 3529 4046
3 784 2175 3772
3 1244 3000 3592
3 925 2309 3586
3 2421 1331 3568
3 2663 1118 3028
3 3012 691 4066
3 930 3161 3312
3 1332 3596 3611
3 3556 539 3557
3 2390 1115 3638
3 2690 817 3385
3 1141 2393 3635
3 1277 2741 3150
3 1341 2146 4139
3 1362 3289 4009
3 2548 443 3859
3 577 3222 3568
3 443 2154 3859
3 2559 1417 4156
3 2966 1216 3276
3 2471 1241 3601
3 2590 1605 3315
3 2651 771 3717
3 339 2401 4045
3 2877 467 3021
3 75 2471 3601
3 1075 2626 3811
3 1056 2360 3571
3 26 2627 3884
3 1128 2548 3859
3 1914 2508 3722
3 988 2632 3437
3 2981 1515 3320
3 3332 808 3634
3 3768 1625 4145
3 357 2769 4071
3 1117 2741 2946
3 825 2385 3904
3 2521 528 3259
3 2092 2238 3846
3 2595 464 3763
3 2742 1272 3774
3 1076 2638 3398
3 2317 1519 3341
3 2806 1492 3898
3 3420 1212 3528
3 3023 1077 3308
3 671 2396 3858
3 2650 1212 3147
3 2953 650 4041
3 3113 469 4056
3 2469 807 4061
3 1114 3619 3729
3 1414 2553 4142
3 2508 611 3722
3 3038 1180 3100
3 2081 3923 4054
3 2223 801 4007
3 984 2713 3271
3 900 2183 3664
3 3619 2386 3729
3 2385 1077 3904
3 1390 2673 3814
3 3147 1212 3420
3 617 2934 4117
3 2743 1321 3482
3 498 2116 3969
3 1461 2786 3367
3 2480 914 3676
3 2453 921 3527
3 2357 318 3549
3 2577 1036 3279
3 2572 1137 3485
3 2275 483 4131
3 1282 3159 3498
3 459 2318 3566
3 2435 3071 4005
3 1354 2476 3295
3 2827 1804 3062
3 2532 1078 3594
3 2815 1089 4090
3 2456 515 3857
3 427 2416 3536
3 443 2548 3458
3 2281 693 4115
3 2565 1026 3301
3 2369 632 3578
3 2451 852 3436
3 2815 365 3144
3 1068 2305 4087
3 2858 1889 4049
3 2989 559 3659
3 2719 295 3245
3 380 2391 3993
3 493 2966 3276
3 973 2546 3546
3 753 3064 3805
3 1255 2603 4119
3 3506 1429 3852
3 1209 2444 3969
3 3092 1147 3906
3 411 2590 3315
3 474 2699 4060
3 2350 1045 3896
3 2488 512 4096
3 290 2631 3032
3 614 2579 3613
3 1941 4024 4145
3 964 2623 3007
3 2804 1200 3045
3 570 2449 4057
3 494 2822 4010
3 897 2845 3186
3 736 2275 3828
3 3367 621 4082
3 2662 62 3961
3 1499 3245 3945
3 1242 2783 3003
3 560 2797 3020
3 1754 2794 3764
3 908 2450 3354
3 1090 2578 3353
3 2286 777 3657
3 381 2243 3932
3 2530 1251 3216
3 407 2742 3774
3 2212 1029 3990
3 2730 2080 3707
3 1848 3628 3889
3 595 3544 3693
3 2156 1913 3962
3 1705 2941 3740
3 616 2885 3672
3 2032 3547 4065
3 2881 1175 2882
3 2474 311 3719
3 2897 1152 4152
3 1142 2685 3034
3 3078 1265 3322
3 1091 2564 3277
3 1247 2488 4096
3 2794 706 3764
3 3861 1631 4098
3 3037 662 3630
3 2449 570 3366
3 2873 1425 3753
3 4024 377 4145
3 397 3608 4118
3 1155 3470 3960
3 515 2456 3946
3 1241 2732 3601
3 635 2850 3958
3 1790 2614 3421
3 2713 984 3169
3 2763 1738 3801
3 2881 618 3200
3 1064 2258 3647
3 2732 74 3601
3 485 2646 3070
3 2862 831 3095
3 3529 1202 4046
3 2080 798 3707
3 420 3091 3092
3 3143 599 3825
3 848 2148 4047
3 1147 3066 3906
3 541 2620 3146
3 1099 2367 3362
3 2823 1833 3165
3 1940 3782 4088
3 2425 1528 3812
3 1349 2676 3832
3 3245 295 3945
3 2475 1780 4077
3 112 2421 3652
3 1202 2656 4148
3 2747 1621 3209
3 3181 1369 3472
3 4072 649 4144
3 736 2673 3648
3 3684 1742 4095
3 2269 328 3481
3 1142 3034 3331
3 1180 2409 3509
3 621 2619 4082
3 2452 780 3518
3 1361 3075 3316
3 2945 1430 3790
3 559 2637 3659
3 2669 396 3334
3 1006 2620 3551
3 1637 2669 3334
3 511 2778 3036
3 1027 2881 3200
3 2904 465 3292
3 1357 2416 3480
3 1147 3092 3309
3 1251 2660 3484
3 2306 762 3702
3 1108 2767 3587
3 3104 663 4023
3 1730 3905 4157
3 2492 1521 4019
3 2037 2953 4041
3 1000 2981 3320
3 3324 1204 3614
3 516 2859 3009
3 3763 1635 3989
3 2863 1048 4048
3 599 2810 3726
3 2432 25 3884
3 1098 2497 3749
3 1828 2862 3095
3 1153 2627 3769
3 2386 887 3729
3 999 2956 3040
3 3270 1391 3959
3 586 2539 3690
3 3132 12 3660
3 307 2576 3903
3 3157 1057 3244
3 934 2439 3580
3 2527 782 3875
3 2148 2224 4047
3 1016 2565 3301
3 982 2401 3419
3 2626 849 3811
3 807 2575 3824
3 1257 2281 4115
3 2517 1541 3676
3 3156 1562 3663
3 2924 1587 3657
3 1385 2267 3998
3 1436 3013 3222
3 6 2447 3915
3 473 2507 3758
3 2413 354 3842
3 2564 1091 3584
3 2487 1696 3388
3 659 2687 4143
3 3008 1574 3835
3 2699 920 3507
3 636 2272 3695
3 1139 2469 4061
3 2960 1002 3229
3 1157 3236 3678
3 2441 936 3668
3 945 2904 3242
3 1047 2594 3556
3 2745 1054 3344
3 3369 1506 3431
3 3017 1155 4123
3 2508 1398 3861
3 1049 2746 3934
3 2539 1801 3690
3 2829 1664 3260
3 2746 1049 3558
3 2893 1661 3088
3 3782 1376 4088
3 3013 1185 3222
3 2691 1191 3258
3 2300 1406 3469
3 803 2831 4110
3 947 2371 3469
3 377 3768 4145
3 2745 698 3919
3 781 2291 3775
3 2673 736 3828
3 2989 1340 3347
3 2978 1199 3540
3 3000 1244 3762
3 2276 851 3960
3 3098 1641 4147
3 3395 1100 3966
3 2578 1090 3631
3 1601 2551 3864
3 3376 626 3998
3 990 2918 3223
3 2800 1085 3492
3 487 2936 3784
3 1550 2567 3831
3 2850 1417 3958
3 1208 2719 3245
3 2456 789 3720
3 1603 3411 4116
3 1284 2639 3664
3 1257 2624 3646
3 1116 3392 3511
3 547 2482 3671
3 2779 399 3295
3 2352 1279 3589
3 2624 1257 3883
3 557 2736 3522
3 3942 574 3965
3 1089 2609 3451
3 577 2492 4019
3 2753 952 3440
3 2497 798 3749
3 3159 1177 3498
3 1250 3554 3808
3 3084 1010 3733
3 3378 1526 4117
3 1175 3100 3607
3 2941 373 3740
3 2736 1027 3522
3 3554 1615 3808
3 2501 880 3225
3 2699 1356 4060
3 1665 3378 4117
3 582 3490 3553
3 1119 2531 3739
3 2864 1319 4002
3 1038 2625 3617
3 2570 1112 3402
3 3936 2058 4010
3 342 2425 3812
3 1639 3121 3510
3 585 3923 4100
3 2486 989 3581
3 1523 2842 3241
3 3544 1389 3693
3 1973 3251 3928
3 3289 1818 4009
3 620 2479 4153
3 1238 2904 3292
3 3004 344 4136
3 1187 2877 3021
3 1145 2600 3623
3 3168 1366 3169
3 1527 3143 3825
3 2598 341 3704
3 308 2705 3472
3 3446 548 3709
3 3448 1240 3783
3 3311 570 3321
3 1054 2745 3919
3 2573 1144 3654
3 1719 3197 3518
3 611 3861 4098
3 2531 1119 3839
3 2489 930 3312
3 1555 3448 3783
3 2614 939 3421
3 3081 1004 3208
3 2744 945 3242
3 2285 385 3909
3 866 2353 4043
3 944 2892 3268
3 2828 542 3595
3 920 2680 3507
3 969 3247 4092
3 2283 1098 3749
3 1778 2810 3524
3 2414 1686 3730
3 523 2888 4116
3 1189 3399 3502
3 2700 866 4043
3 2495 908 3354
3 2305 522 4087
3 484 2746 3558
3 2551 1954 3864
3 316 2680 3978
3 3284 593 3781
3 1134 3172 3928
3 2450 1243 3549
3 1199 3763 3989
3 914 2517 3676
3 1259 3406 3726
3 405 2838 4089
3 1537 2689 3818
3 1355 3201 4033
3 2939 1353 3185
3 3092 1188 3309
3 968 2893 3088
3 2197 3207 3500
3 2613 72 3712
3 3349 1251 3484
3 3216 1251 3349
3 1874 3379 3771
3 519 2973 3163
3 2577 376 3838
3 2384 951 3678
3 3628 1174 3889
3 2637 1812 3659
3 2567 307 3831
3 3316 1192 3582
3 2848 1692 3447
3 2722 1233 4017
3 1612 3332 3634
3 2342 1349 3832
3 504 2351 3966
3 2989 1105 3446
3 1585 3270 3959
3 293 2386 3619
3 3903 1471 4039
3 3218 1119 3221
3 2763 1286 3961
3 2717 474 3410
3 1073 3495 3818
3 1372 3218 3221
3 180 2715 3956
3 1040 3132 3660
3 63 2763 3961
3 2852 466 3538
3 3117 1808 3272
3 1135 3321 4057
3 1398 3796 3861
3 3796 1631 3861
3 2630 1153 3769
3 2871 988 3515
3 2582 1514 3641
3 2771 1634 3535
3 3064 1510 3805
3 2603 305 4119
3 926 2499 3867
3 915 2630 3769
3 2907 1157 3678
3 3006 1151 3780
3 536 2964 3147
3 2696 1964 3567
3 1022 2828 3595
3 411 3506 3852
3 1339 3012 4066
3 3075 1361 3455
3 1857 2515 4085
3 2767 893 3587
3 1327 3146 3562
3 2810 1259 3726
3 1468 3205 3845
3 2291 3327 3775
3 809 2599 4032
3 3110 271 4104
3 2880 1009 3600
3 1317 2771 3535
3 462 3053 4139
3 2272 1130 3695
3 2065 3391 3941
3 1105 2989 3659
3 2756 463 3631
3 2831 1368 4110
3 3038 557 3563
3 3905 628 4157
3 1084 2592 4038
3 2719 1208 3572
3 3207 1049 3500
3 1332 3226 3596
3 1381 3835 4068
3 2599 1218 4032
3 606 2800 3492
3 1220 2778 4074
3 2366 1035 3972
3 1111 2548 3534
3 2555 868 3984
3 959 2564 3584
3 2610 910 4085
3 2994 762 3611
3 946 2702 4108
3 3439 547 3449
3 2726 722 3936
3 3490 1496 3553
3 3286 1161 3543
3 1037 3073 3471
3 1361 3316 3582
3 1069 2688 3363
3 123 2624 3883
3 349 2952 4029
3 364 2821 3985
3 763 3079 4079
3 2641 296 3750
3 2904 1238 3242
3 1586 3193 3798
3 641 2667 3649
3 463 2578 3631
3 3406 1459 3726
3 3495 1537 3818
3 1258 2994 3611
3 1399 2605 4011
3 2680 1195 3507
3 1185 3126 3652
3 3866 2097 3950
3 951 2907 3678
3 3399 1326 3502
3 1112 2570 4128
3 1703 2915 3854
3 2701 1184 3873
3 3160 1162 3386
3 2885 1433 3672
3 993 3101 3400
3 1051 2939 3185
3 3667 1135 3941
3 1195 2680 4073
3 505 2430 3741
3 1093 2725 4098
3 2944 1495 3973
3 2680 316 4073
3 3551 1292 3874
3 2762 1128 4027
3 2896 909 3616
3 1497 3324 3614
3 1117 2946 3216
3 1092 2644 3708
3 3391 689 3941
3 3091 1188 3092
3 943 2900 3813
3 2579 1941 4145
3 698 2745 3893
3 742 3829 4069
3 3829 1741 4069
3 3146 987 3562
3 2656 561 4148
3 1040 2923 3641
3 2673 1262 3814
3 395 2419 4114
3 309 2978 3540
3 1151 3190 3780
3 562 3078 3322
3 2592 605 4038
3 3399 769 3444
3 1018 3075 3455
3 1193 2819 3902
3 3355 533 3484
3 1286 2662 3961
3 611 2508 3861
3 2016 3305 3865
3 2715 1530 3956
3 2732 1241 3789
3 962 2859 3602
3 2810 599 3524
3 2570 857 4128
3 2819 1193 3688
3 1585 2686 3679
3 446 2701 3873
3 3547 1121 4065
3 689 2762 4027
3 2832 551 4044
3 409 2765 4106
3 2936 964 3784
3 1483 2435 4005
3 436 2977 3548
3 2992 1054 3919
3 1013 3093 3479
3 1045 2585 3728
3 3542 576 3968
3 3922 953 4077
3 342 2819 3688
3 649 3125 4144
3 1428 2806 3898
3 1075 2765 3683
3 1076 2692 3705
3 3490 1047 3556
3 3275 679 3785
3 1417 2559 3958
3 3079 1474 4079
3 1326 3180 3502
3 2725 611 4098
3 1359 3296 3337
3 2687 1445 4143
3 301 3008 3835
3 2029 3942 3965
3 1262 2673 3828
3 3190 1490 3780
3 1286 2763 3801
3 1260 3420 3528
3 412 2722 4017
3 2639 900 3664
3 1273 3105 3766
3 1641 4072 4144
3 1041 2654 3778
3 3298 586 3690
3 650 2953 3809
3 933 2791 3786
3 2104 2766 3613
3 2968 1276 4007
3 3327 1072 3775
3 3430 1359 4093
3 1254 3936 4010
3 1253 3871 3988
3 3923 2081 4100
3 1196 3157 3244
3 1217 3081 3790
3 1116 3382 4130
3 655 3489 3892
3 2707 214 3921
3 3418 1302 3443
3 1394 2873 3753
3 556 4150 4151
3 904 3215 4008
3 1117 3216 3349
3 3871 1690 3988
3 296 3133 3498
3 1028 2864 4002
3 537 3081 3208
3 390 2772 4113
3 2819 342 3812
3 3101 532 3400
3 2819 935 3902
3 1272 2689 3774
3 2768 1028 4002
3 3039 1666 4025
3 1315 3311 3321
3 1121 2519 3993
3 2994 1595 4114
3 1702 2944 3973
3 3044 595 3693
3 2821 1178 3985
3 2915 748 3854
3 3296 1183 3337
3 536 3147 3420
3 2803 1141 3635
3 3835 1574 4068
3 3100 372 3607
3 1009 2880 3974
3 1787 3014 3559
3 970 3046 3508
3 2802 369 3887
3 3105 596 3766
3 903 2978 3870
3 2706 158 3996
3 1081 3002 3442
3 1202 2885 4046
3 2591 1158 3717
3 3121 1197 3510
3 580 3361 3898
3 3443 1302 3450
3 887 2980 3729
3 1641 3624 4147
3 2792 881 4056
3 599 3143 3582
3 3239 436 3548
3 3143 1361 3582
3 1780 3922 4077
3 3519 362 3765
3 2900 1693 3813
3 785 3157 3397
3 2596 1160 3743
3 1217 3790 3987
3 1328 3443 3450
3 1023 3111 4105
3 3608 1340 3709
3 2745 1247 3893
3 1192 3524 3582
3 3624 329 4147
3 307 2890 3831
3 2882 1175 3607
3 1649 2598 3948
3 2879 378 4052
3 715 3418 3443
3 3622 1925 3952
3 3333 1625 3768
3 49 3231 3579
3 3323 695 3393
3 3133 1282 3498
3 2479 1311 4153
3 602 3650 4063
3 2962 1855 3605
3 2885 616 4046
3 2909 1453 3926
3 2003 2703 4067
3 3496 663 3710
3 2918 990 4081
3 3222 577 4015
3 3032 1309 4070
3 1429 3496 3710
3 1389 2779 3693
3 86 2529 4053
3 2742 407 4088
3 937 3150 3620
3 1402 2780 3974
3 3524 599 3582
3 987 2947 3562
3 1285 3160 3386
3 2000 3360 3560
3 1429 3530 3852
3 1318 2696 3567
3 2868 1491 3758
3 1378 3519 3765
3 294 3307 4005
3 485 3070 3452
3 3428 704 3685
3 3150 937 3891
3 2970 1413 4157
3 3112 510 3526
3 65 2782 4086
3 1005 2962 3605
3 1767 2992 3919
3 2888 1383 4116
3 2953 2048 3809
3 613 2796 4093
3 305 2603 4025
3 1576 3119 3713
3 441 3063 4101
3 2758 1169 3986
3 3360 498 3560
3 3187 1568 3617
3 2766 614 3613
3 1367 3347 4102
3 365 2815 4090
3 376 3006 3780
3 2513 1493 3860
3 3393 1273 3766
3 3180 565 3502
3 1494 2513 3860
3 1625 2579 4145
3 1307 3439 3449
3 1167 3354 4064
3 1283 3286 3543
3 2902 1248 4155
3 533 3349 3484
3 1110 3298 3690
3 1449 3275 3785
3 2935 992 3857
3 3226 300 3596
3 3356 2045 4042
3 1231 3866 3950
3 2838 1136 4089
3 4062 675 4107
3 1436 3222 4015
3 3231 1250 3579
3 1268 2730 3707
3 807 3120 4061
3 2586 1530 3920
3 971 2890 4039
3 1784 3084 3733
3 1182 2905 4013
3 995 2770 4126
3 1068 3068 3464
3 3901 1730 4157
3 3053 1341 4139
3 1413 3901 4157
3 3103 1006 3874
3 2704 1229 3900
3 3886 1067 4076
3 964 3007 3784
3 3126 111 3652
3 420 3092 3906
3 2769 1091 4071
3 1457 2931 4126
3 3489 1534 3892
3 1120 3333 3768
3 3449 1239 3564
3 652 2902 4155
3 2456 3720 3946
3 2729 1527 4129
3 3081 537 3790
3 1381 3283 3835
3 3205 1319 3845
3 3082 1088 3781
3 2833 549 4141
3 3321 1135 3667
3 2952 1142 4029
3 2918 1384 3855
3 3428 1461 4082
3 3182 723 3845
3 3971 1775 4140
3 3307 1483 4005
3 1277 3150 3891
3 3157 1196 3397
3 3193 1150 3798
3 1246 3496 3506
3 1141 2803 4034
3 1935 3113 4056
3 1536 2586 3920
3 3496 1429 3506
3 1091 2769 4003
3 2885 1202 4148
3 3251 1134 3928
3 384 3122 3800
3 3208 1268 4149
3 1477 3608 3709
3 2055 3473 3985
3 639 3370 4083
3 3066 1622 3906
3 3361 1428 3898
3 1274 3323 3393
3 1799 4062 4107
3 1244 3253 3756
3 1326 3399 3444
3 1189 3502 3754
3 4150 1986 4151
3 2759 1023 4105
3 3521 1397 4146
3 3031 602 4063
3 953 3259 4077
3 1569 3886 4076
3 3338 1220 4074
3 1347 2832 4044
3 1337 3807 3879
3 1496 3490 3556
3 3409 1749 3853
3 3807 1423 3879
3 3215 1457 4008
3 3181 509 3761
3 1287 3112 3526
3 2760 978 3880
3 1506 3369 3975
3 3063 1403 4101
3 2116 3795 3969
3 1345 3249 4091
3 1225 3082 3781
3 3111 1475 4105
3 1319 3182 3845
3 3695 1130 3932
3 3369 1204 3975
3 3203 638 3871
3 1253 3203 3871
3 1077 3148 3904
3 599 3726 3825
3 3752 2060 4032
3 3526 510 3697
3 628 2970 4157
3 2777 1167 4064
3 3986 392 4134
3 543 3017 4123
3 3473 364 3985
3 1177 3031 4063
3 3828 2275 4131
3 2780 1009 3974
3 3107 657 4021
3 344 2998 4136
3 2175 3645 3772
3 3374 1073 3818
3 3003 1992 3970
3 1351 3239 3548
3 1437 3526 3697
3 3384 959 3584
3 2703 970 4067
3 3650 1931 4063
3 3249 2177 4091
3 990 3094 4081
3 2161 3384 3584
3 1244 3756 3762
3 2916 672 3948
3 1088 3284 3781
3 1006 3551 3874
3 3210 1606 4108
3 3804 669 3991
3 3815 1552 4008
3 1128 3859 4027
3 3457 1324 3797
3 3125 1176 4144
3 737 3924 4001
3 1455 3971 4140
3 3201 1243 4033
3 1376 2742 4088
3 3253 584 3756
3 1359 3337 4093
3 1274 3393 3766
3 3277 1624 4071
3 1675 3804 3991
3 1401 3457 3797
3 1204 3324 3975
3 2243 3695 3932
3 1384 2918 4081
3 3131 1605 4069
3 1741 3131 4069
3 304 3356 4042
3 679 3545 3785
3 3973 1495 4124
3 1496 3556 3557
3 290 3032 4070
3 3348 2285 3909
3 4000 1466 4020
3 3122 1364 3800
3 1461 3428 3685
3 1983 3435 3896
3 1423 3438 3879
3 3816 662 3999
3 3305 1087 3865
3 2002 4012 4152
3 2931 995 4126
3 3370 1447 4083
3 3714 355 4020
3 1340 3608 4102
3 3283 301 3835
3 3718 1923 3719
3 3321 570 4057
3 1307 3449 3564
3 3337 613 4093
3 3917 1466 4000
3 3545 1450 3785
3 1315 3321 3667
3 1646 3876 3954
3 1114 3542 3968
3 1358 3107 4021
3 3530 1308 3852
3 3071 294 4005
3 3925 767 4095
3 1369 3181 3761
3 3324 688 3975
3 3790 1430 3987
3 3785 1450 4028
3 3454 1381 4068
3 537 3208 4149
3 1818 3395 4009
3 1067 3219 4076
3 3379 1138 3771
3 1320 3482 3751
3 3395 713 4009
3 1897 3935 4127
3 1757 3636 4119
3 1129 3348 3909
3 1218 3752 4032
3 1091 3277 4071
3 2036 3893 4096
3 1294 3428 4082
3 1409 4020 4154
3 3795 1209 3969
3 3482 1321 3751
3 776 3454 4068
3 3347 1340 4102
3 3502 565 3754
3 374 3409 3853
3 1383 4014 4116
3 1205 3622 3952
3 947 3469 3830
3 571 3917 4000
3 4020 355 4154
3 4014 1603 4116
3 3469 1406 3830
3 3726 1459 3825
3 1407 3521 4146
3 3645 1194 3772
3 3893 1247 4096
3 1457 3815 4008
3 1176 3624 4144
3 3627 1853 4089
3 1136 3627 4089
3 1466 3714 4020
3 1310 3338 4074
3 3756 1399 3762
3 3916 273 3980
3 1356 3702 4060
3 4012 313 4152
3 3924 1573 4001
3 3219 1400 4076
3 1409 4000 4020
3 3608 1477 4118
3 3636 1255 4119
3 3438 587 3879
3 3319 1165 3995
3 311 3718 3719
3 3624 1641 4144
3 1449 3785 4028
3 1622 3816 3999
3 3702 1999 4060
3 3859 2154 4027
3 3608 397 4102
3 3720 1179 3946
3 560 3973 4124
3 1742 3925 4095
3 3876 1333 3954
3 1237 3602 3967
3 3935 1288 4127
3 1262 3828 4131
3 1658 3916 3980
CELL_TYPES 8030
5
5
5
5
5
5
5
5
5
5
5
5
5
5
5
5
5
5
5
5
5
5
5
5
5
5
5
5
5
5
5
5
5
5
5
5
5
5
5
5
5
5
5
5
5
5
5
5
5
5
5
5
5
5
5
5
5
5
5
5
5
5
5
5
5
5
5
5
5
5
5
5
5
5
5
5
5
5
5
5
5
5
5
5
5
5
5
5
5
5
5
5
5
5
5
5
5
5
5
5
5
5
5
5
5
5
5
5
5
5
5
5
5
5
5
5
5
5
5
5
5
5
5
5
5
5
5
5
5
5
5
5
5
5
5
5
5
5
5
5
5
5
5
5
5
5
5
5
5
5
5
5
5
5
5
5
5
5
5
5
5
5
5
5
5
5
5
5
5
5
5
5
5
5
5
5
5
5
5
5
5
5
5
5
5
5
5
5
5
5
5
5
5
5
5
5
5
5
5
5
5
5
5
5
5
5
5
5
5
5
5
5
5
5
5
5
5
5
5
5
5
5
5
5
5
5
5
5
5
5
5
5
5
5
5
5
5
5
5
5
5
5
5
5
5
5
5
5
5
5
5
5
5
5
5
5
5
5
5
5
5
5
5
5
5
5
5
5
5
5
5
5
5
5
5
5
5
5
5
5
5
5
5
5
5
5
5
5
5
5
5
5
5
5
5
5
5
5
5
5
5
5
5
5
5
5
5
5
5
5
5
5
5
5
5
5
5
5
5
5
5
5
5
5
5
5
5
5
5
5
5
5
5
5
5
5
5
5
5
5
5
5
5
5
5
5
5
5
5
5
5
5
5
5
5
5
5
5
5
5
5
5
5
5
5
5
5
5
5
5
5
5
5
5
5
5
5
5
5
5
5
5
5
5
5
5
5
5
5
5
5
5
5
5
5
5
5
5
5
5
5
5
5
5
5
5
5
5
5
5
5
5
5
5
5
5
5
5
5
5
5
5
5
5
5
5
5
5
5
5
5
5
5
5
5
5
5
5
5
5
5
5
5
5
5
5
5
5
5
5
5
5
5
5
5
5
5
5
5
5
5
5
5
5
5
5
5
5
5
5
5
5
5
5
5
5
5
5
5
5
5
5
5
5
5
5
5
5
5
5
5
5
5
5
5
5
5
5
5
5
5
5
5
5
5
5
5
5
5
5
5
5
5
5
5
5
5
5
5
5
5
5
5
5
5
5
5
5
5
5
5
5
5
5
5
5
5
5
5
5
5
5
5
5
5
5
5
5
5
5
5
5
5
5
5
5
5
5
5
5
5
5
5
5
5
5
5
5
5
5
5
5
5
5
5
5
5
5
5
5
5
5
5
5
5
5
5
5
5
5
5
5
5
5
5
5
5
5
5
5
5
5
5
5
5
5
5
5
5
5
5
5
5
5
5
5
5
5
5
5
5
5
5
5
5
5
5
5
5
5
5
5
5
5
5
5
5
5
5
5
5
5
5
5
5
5
5
5
5
5
5
5
5
5
5
5
5
5
5
5
5
5
5
5
5
5
5
5
5
5
5
5
5
5
5
5
5
5
5
5
5
5
5
5
5
5
5
5
5
5
5
5
5
5
5
5
5
5
5
5
5
5
5
5
5
5
5
5
5
5
5
5
5
5
5
5
5
5
5
5
5
5
5
5
5
5
5
5
5
5
5
5
5
5
5
5
5
5
5
5
5
5
5
5
5
5
5
5
5
5
5
5
5
5
5
5
5
5
5
5
5
5
5
5
5
5
5
5
5
5
5
5
5
5
5
5
5
5
5
5
5
5
5
5
5
5
5
5
5
5
5
5
5
5
5
5
5
5
5
5
5
5
5
5
5
5
5
5
5
5
5
5
5
5
5
5
5
5
5
5
5
5
5
5
5
5
5
5
5
5
5
5
5
5
5
5
5
5
5
5
5
5
5
5
5
5
5
5
5
5
5
5
5
5
5
5
5
5
5
5
5
5
5
5
5
5
5
5
5
5
5
5
5
5
5
5
5
5
5
5
5
5
5
5
5
5
5
5
5
5
5
5
5
5
5
5
5
5
5
5
5
5
5
5
5
5
5
5
5
5
5
5
5
5
5
5
5
5
5
5
5
5
5
5
5
5
5
5
5
5
5
5
5
5
5
5
5
5
5
5
5
5
5
5
5
5
5
5
5
5
5
5
5
5
5
5
5
5
5
5
5
5
5
5
5
5
5
5
5
5
5
5
5
5
5
5
5
5
5
5
5
5
5
5
5
5
5
5
5
5
5
5
5
5
5
5
5
5
5
5
5
5
5
5
5
5
5
5
5
5
5
5
5
5
5
5
5
5
5
5
5
5
5
5
5
5
5
5
5
5
5
5
5
5
5
5
5
5
5
5
5
5
5
5
5
5
5
5
5
5
5
5
5
5
5
5
5
5
5
5
5
5
5
5
5
5
5
5
5
5
5
5
5
5
5
5
5
5
5
5
5
5
5
5
5
5
5
5
5
5
5
5
5
5
5
5
5
5
5
5
5
5
5
5
5
5
5
5
5
5
5
5
5
5
5
5
5
5
5
5
5
5
5
5
5
5
5
5
5
5
5
5
5
5
5
5
5
5
5
5
5
5
5
5
5
5
5
5
5
5
5
5
5
5
5
5
5
5
5
5
5
5
5
5
5
5
5
5
5
5
5
5
5
5
5
5
5
5
5
5
5
5
5
5
5
5
5
5
5
5
5
5
5
5
5
5
5
5
5
5
5
5
5
5
5
5
5
5
5
5
5
5
5
5
5
5
5
5
5
5
5
5
5
5
5
5
5
5
5
5
5
5
5
5
5
5
5
5
5
5
5
5
5
5
5
5
5
5
5
5
5
5
5
5
5
5
5
5
5
5
5
5
5
5
5
5
5
5
5
5
5
5
5
5
5
5
5
5
5
5
5
5
5
5
5
5
5
5
5
5
5
5
5
5
5
5
5
5
5
5
5
5
5
5
5
5
5
5
5
5
5
5
5
5
5
5
5
5
5
5
5
5
5
5
5
5
5
5
5
5
5
5
5
5
5
5
5
5
5
5
5
5
5
5
5
5
5
5
5
5
5
5
5
5
5
5
5
5
5
5
5
5
5
5
5
5
5
5
5
5
5
5
5
5
5
5
5
5
5
5
5
5
5
5
5
5
5
5
5
5
5
5
5
5
5
5
5
5
5
5
5
5
5
5
5
5
5
5
5
5
5
5
5
5
5
5
5
5
5
5
5
5
5
5
5
5
5
5
5
5
5
5
5
5
5
5
5
5
5
5
5
5
5
5
5
5
5
5
5
5
5
5
5
5
5
5
5
5
5
5
5
5
5
5
5
5
5
5
5
5
5
5
5
5
5
5
5
5
5
5
5
5
5
5
5
5
5
5
5
5
5
5
5
5
5
5
5
5
5
5
5
5
5
5
5
5
5
5
5
5
5
5
5
5
5
5
5
5
5
5
5
5
5
5
5
5
5
5
5
5
5
5
5
5
5
5
5
5
5
5
5
5
5
5
5
5
5
5
5
5
5
5
5
5
5
5
5
5
5
5
5
5
5
5
5
5
5
5
5
5
5
5
5
5
5
5
5
5
5
5
5
5
5
5
5
5
5
5
5
5
5
5
5
5
5
5
5
5
5
5
5
5
5
5
5
5
5
5
5
5
5
5
5
5
5
5
5
5
5
5
5
5
5
5
5
5
5
5
5
5
5
5
5
5
5
5
5
5
5
5
5
5
5
5
5
5
5
5
5
5
5
5
5
5
5
5
5
5
5
5
5
5
5
5
5
5
5
5
5
5
5
5
5
5
5
5
5
5
5
5
5
5
5
5
5
5
5
5
5
5
5
5
5
5
5
5
5
5
5
5
5
5
5
5
5
5
5
5
5
5
5
5
5
5
5
5
5
5
5
5
5
5
5
5
5
5
5
5
5
5
5
5
5
5
5
5
5
5
5
5
5
5
5
5
5
5
5
5
5
5
5
5
5
5
5
5
5
5
5
5
5
5
5
5
5
5
5
5
5
5
5
5
5
5
5
5
5
5
5
5
5
5
5
5
5
5
5
5
5
5
5
5
5
5
5
5
5
5
5
5
5
5
5
5
5
5
5
5
5
5
5
5
5
5
5
5
5
5
5
5
5
5
5
5
5
5
5
5
5
5
5
5
5
5
5
5
5
5
5
5
5
5
5
5
5
5
5
5
5
5
5
5
5
5
5
5
5
5
5
5
5
5
5
5
5
5
5
5
5
5
5
5
5
5
5
5
5
5
5
5
5
5
5
5
5
5
5
5
5
5
5
5
5
5
5
5
5
5
5
5
5
5
5
5
5
5
5
5
5
5
5
5
5
5
5
5
5
5
5
5
5
5
5
5
5
5
5
5
5
5
5
5
5
5
5
5
5
5
5
5
5
5
5
5
5
5
5
5
5
5
5
5
5
5
5
5
5
5
5
5
5
5
5
5
5
5
5
5
5
5
5
5
5
5
5
5
5
5
5
5
5
5
5
5
5
5
5
5
5
5
5
5
5
5
5
5
5
5
5
5
5
5
5
5
5
5
5
5
5
5
5
5
5
5
5
5
5
5
5
5
5
5
5
5
5
5
5
5
5
5
5
5
5
5
5
5
5
5
5
5
5
5
5
5
5
5
5
5
5
5
5
5
5
5
5
5
5
5
5
5
5
5
5
5
5
5
5
5
5
5
5
5
5
5
5
5
5
5
5
5
5
5
5
5
5
5
5
5
5
5
5
5
5
5
5
5
5
5
5
5
5
5
5
5
5
5
5
5
5
5
5
5
5
5
5
5
5
5
5
5
5
5
5
5
5
5
5
5
5
5
5
5
5
5
5
5
5
5
5
5
5
5
5
5
5
5
5
5
5
5
5
5
5
5
5
5
5
5
5
5
5
5
5
5
5
5
5
5
5
5
5
5
5
5
5
5
5
5
5
5
5
5
5
5
5
5
5
5
5
5
5
5
5
5
5
5
5
5
5
5
5
5
5
5
5
5
5
5
5
5
5
5
5
5
5
5
5
5
5
5
5
5
5
5
5
5
5
5
5
5
5
5
5
5
5
5
5
5
5
5
5
5
5
5
5
5
5
5
5
5
5
5
5
5
5
5
5
5
5
5
5
5
5
5
5
5
5
5
5
5
5
5
5
5
5
5
5
5
5
5
5
5
5
5
5
5
5
5
5
5
5
5
5
5
5
5
5
5
5
5
5
5
5
5
5
5
5
5
5
5
5
5
5
5
5
5
5
5
5
5
5
5
5
5
5
5
5
5
5
5
5
5
5
5
5
5
5
5
5
5
5
5
5
5
5
5
5
5
5
5
5
5
5
5
5
5
5
5
5
5
5
5
5
5
5
5
5
5
5
5
5
5
5
5
5
5
5
5
5
5
5
5
5
5
5
5
5
5
5
5
5
5
5
5
5
5
5
5
5
5
5
5
5
5
5
5
5
5
5
5
5
5
5
5
5
5
5
5
5
5
5
5
5
5
5
5
5
5
5
5
5
5
5
5
5
5
5
5
5
5
5
5
5
5
5
5
5
5
5
5
5
5
5
5
5
5
5
5
5
5
5
5
5
5
5
5
5
5
5
5
5
5
5
5
5
5
5
5
5
5
5
5
5
5
5
5
5
5
5
5
5
5
5
5
5
5
5
5
5
5
5
5
5
5
5
5
5
5
5
5
5
5
5
5
5
5
5
5
5
5
5
5
5
5
5
5
5
5
5
5
5
5
5
5
5
5
5
5
5
5
5
5
5
5
5
5
5
5
5
5
5
5
5
5
5
5
5
5
5
5
5
5
5
5
5
5
5
5
5
5
5
5
5
5
5
5
5
5
5
5
5
5
5
5
5
5
5
5
5
5
5
5
5
5
5
5
5
5
5
5
5
5
5
5
5
5
5
5
5
5
5
5
5
5
5
5
5
5
5
5
5
5
5
5
5
5
5
5
5
5
5
5
5
5
5
5
5
5
5
5
5
5
5
5
5
5
5
5
5
5
5
5
5
5
5
5
5
5
5
5
5
5
5
5
5
5
5
5
5
5
5
5
5
5
5
5
5
5
5
5
5
5
5
5
5
5
5
5
5
5
5
5
5
5
5
5
5
5
5
5
5
5
5
5
5
5
5
5
5
5
5
5
5
5
5
5
5
5
5
5
5
5
5
5
5
5
5
5
5
5
5
5
5
5
5
5
5
5
5
5
5
5
5
5
5
5
5
5
5
5
5
5
5
5
5
5
5
5
5
5
5
5
5
5
5
5
5
5
5
5
5
5
5
5
5
5
5
5
5
5
5
5
5
5
5
5
5
5
5
5
5
5
5
5
5
5
5
5
5
5
5
5
5
5
5
5
5
5
5
5
5
5
5
5
5
5
5
5
5
5
5
5
5
5
5
5
5
5
5
5
5
5
5
5
5
5
5
5
5
5
5
5
5
5
5
5
5
5
5
5
5
5
5
5
5
5
5
5
5
5
5
5
5
5
5
5
5
5
5
5
5
5
5
5
5
5
5
5
5
5
5
5
5
5
5
5
5
5
5
5
5
5
5
5
5
5
5
5
5
5
5
5
5
5
5
5
5
5
5
5
5
5
5
5
5
5
5
5
5
5
5
5
5
5
5
5
5
5
5
5
5
5
5
5
5
5
5
5
5
5
5
5
5
5
5
5
5
5
5
5
5
5
5
5
5
5
5
5
5
5
5
5
5
5
5
5
5
5
5
5
5
5
5
5
5
5
5
5
5
5
5
5
5
5
5
5
5
5
5
5
5
5
5
5
5
5
5
5
5
5
5
5
5
5
5
5
5
5
5
5
5
5
5
5
5
5
5
5
5
5
5
5
5
5
5
5
5
5
5
5
5
5
5
5
5
5
5
5
5
5
5
5
5
5
5
5
5
5
5
5
5
5
5
5
5
5
5
5
5
5
5
5
5
5
5
5
5
5
5
5
5
5
5
5
5
5
5
5
5
5
5
5
5
5
5
5
5
5
5
5
5
5
5
5
5
5
5
5
5
5
5
5
5
5
5
5
5
5
5
5
5
5
5
5
5
5
5
5
5
5
5
5
5
5
5
5
5
5
5
5
5
5
5
5
5
5
5
5
5
5
5
5
5
5
5
5
5
5
5
5
5
5
5
5
5
5
5
5
5
5
5
5
5
5
5
5
5
5
5
5
5
5
5
5
5
5
5
5
5
5
5
5
5
5
5
5
5
5
5
5
5
5
5
5
5
5
5
5
5
5
5
5
5
5
5
5
5
5
5
5
5
5
5
5
5
5
5
5
5
5
5
5
5
5
5
5
5
5
5
5
5
5
5
5
5
5
5
5
5
5
5
5
5
5
5
5
5
5
5
5
5
5
5
5
5
5
5
5
5
5
5
5
5
5
5
5
5
5
5
5
5
5
5
5
5
5
5
5
5
5
5
5
5
5
5
5
5
5
5
5
5
5
5
5
5
5
5
5
5
5
5
5
5
5
5
5
5
5
5
5
5
5
5
5
5
5
5
5
5
5
5
5
5
5
5
5
5
5
5
5
5
5
5
5
5
5
5
5
5
5
5
5
5
5
5
5
5
5
5
5
5
5
5
5
5
5
5
5
5
5
5
5
5
5
5
5
5
5
5
5
5
5
5
5
5
5
5
5
5
5
5
5
5
5
5
5
5
5
5
5
5
5
5
5
5
5
5
5
5
5
5
5
5
5
5
5
5
5
5
5
5
5
5
5
5
5
5
5
5
5
5
5
5
5
5
5
5
5
5
5
5
5
5
5
5
5
5
5
5
5
5
5
5
5
5
5
5
5
5
5
5
5
5
5
5
5
5
5
5
5
5
5
5
5
5
5
5
5
5
5
5
5
5
5
5
5
5
5
5
5
5
5
5
5
5
5
5
5
5
5
5
5
5
5
5
5
5
5
5
5
5
5
5
5
5
5
5
5
5
5
5
5
5
5
5
5
5
5
5
5
5
5
5
5
5
5
5
5
5
5
5
5
5
5
5
5
5
5
5
5
5
5
5
5
5
5
5
5
5
5
5
5
5
5
5
5
5
5
5
5
5
5
5
5
5
5
5
5
5
5
5
5
5
5
5
5
5
5
5
5
5
5
5
5
5
5
5
5
5
5
5
5
5
5
5
5
5
5
5
5
5
5
5
5
5
5
5
5
5
5
5
5
5
5
5
5
5
5
5
5
5
5
5
5
5
5
5
5
5
5
5
5
5
5
5
5
5
5
5
5
5
5
5
5
5
5
5
5
5
5
5
5
5
5
5
5
5
5
5
5
5
5
5
5
5
5
5
5
5
5
5
5
5
5
5
5
5
5
5
5
5
5
5
5
5
5
5
5
5
5
5
5
5
5
5
5
5
5
5
5
5
5
5
5
5
5
5
5
5
5
5
5
5
5
5
5
5
5
5
5
5
5
5
5
5
5
5
5
5
5
5
5
5
5
5
5
5
5
5
5
5
5
5
5
5
5
5
5
5
5
5
5
5
5
5
5
5
5
5
5
5
5
5
5
5
5
5
5
5
5
5
5
5
5
5
5
5
5
5
5
5
5
5
5
5
5
5
5
5
5
5
5
5
5
5
5
5
5
5
5
5
5
5
5
5
5
5
5
5
5
5
5
5
5
5
5
5
5
5
5
5
5
5
5
5
5
5
5
5
5
5
5
5
5
5
5
5
5
5
5
5
5
5
5
5
5
5
5
5
5
5
5
5
5
5
5
5
5
5
5
5
5
5
5
5
5
5
5
5
5
5
5
5
5
5
5
5
5
5
5
5
5
5
5
5
5
5
5
5
5
5
5
5
5
5
5
5
5
5
5
5
5
5
5
5
5
5
5
5
5
5
5
5
5
5
5
5
5
5
5
5
5
5
5
5
5
5
5
5
5
5
5
5
5
5
5
5
5
5
5
5
5
5
5
5
5
5
5
5
5
5
5
5
5
5
5
5
5
5
5
5
5
5
5
5
5
5
5
5
5
5
5
5
5
5
5
5
5
5
5
5
5
5
5
5
5
5
5
5
5
5
5
5
5
5
5
5
5
5
5
5
5
5
5
5
5
5
5
5
5
5
5
5
5
5
5
5
5
5
5
5
5
5
5
5
5
5
5
5
5
5
5
5
5
5
5
5
5
5
5
5
5
5
5
5
5
5
5
5
5
5
5
5
5
5
5
5
5
5
5
5
5
5
5
5
5
5
5
5
5
5
5
5
5
5
5
5
5
5
5
5
5
5
5
5
5
5
5
5
5
5
5
5
5
5
5
5
5
5
5
5
5
5
5
5
5
5
5
5
5
5
5
5
5
5
5
5
5
5
5
5
5
5
5
5
5
5
5
5
5
5
5
5
5
5
5
5
5
5
5
5
5
5
5
5
5
5
5
5
5
5
5
5
5
5
5
5
5
5
5
5
5
5
5
5
5
5
5
5
5
5
5
5
5
5
5
5
5
5
5
5
5
5
5
5
5
5
5
5
5
5
5
5
5
5
5
5
5
5
5
5
5
5
5
5
5
5
5
5
5
5
5
5
5
5
5
5
5
5
5
5
5
5
5
5
5
5
5
5
5
5
5
5
5
5
5
5
5
5
5
5
5
5
5
5
5
5
5
5
5
5
5
5
5
5
5
5
5
5
5
5
5
5
5
5
5
5
5
5
5
5
5
5
5
5
5
5
5
5
5
5
5
5
5
5
5
5
5
5
5
5
5
5
5
5
5
5
5
5
5
5
5
5
5
5
5
5
5
5
5
5
5
5
5
5
5
5
5
5
5
5
5
5
5
5
5
5
5
5
5
5
5
5
5
5
5
5
5
5
5
5
5
5
5
5
5
5
5
5
5
5
5
5
5
5
5
5
5
5
5
5
5
5
5
5
5
5
5
5
5
5
5
5
5
5
5
5
5
5
5
5
5
5
5
5
5
5
5
5
5
5
5
5
5
5
5
5
5
5
5
5
5
5
5
5
5
5
5
5
5
5
5
5
5
5
5
5
5
5
5
5
5
5
5
5
5
5
5
5
5
5
5
5
5
5
5
5
5
5
5
5
5
5
5
5
5
5
5
5
5
5
5
5
5
5
5
5
5
5
5
5
5
5
5
5
5
5
5
5
5
5
5
5
5
5
5
5
5
5
5
5
5
5
5
5
5
5
5
5
5
5
5
5
5
5
5
5
5
5
5
5
5
5
5
5
5
5
5
5
5
5
5
5
5
5
5
5
5
5
5
5
5
5
5
5
5
5
5
5
5
5
5
5
5
5
5
5
5
5
5
5
5
5
5
5
5
5
5
5
5
5
5
5
5
5
5
5
5
5
5
5
5
5
5
5
5
5
5
5
5
5
5
5
5
5
5
5
5
5
5
5
5
5
5
5
5
5
5
5
5
5
5
5
5
5
5
5
5
5
5
5
5
5
5
5
5
5
5
5
5
5
5
5
5
5
5
5
5
5
5
5
5
5
5
5
5
5
5
5
5
5
5
5
5
5
5
5
5
5
5
5
5
5
5
5
5
5
5
5
5
5
5
5
5
5
5
5
5
5
5
5
5
5
5
5
5
5
5
5
5
5
5
5
5
5
5
5
5
5
5
5
5
5
5
5
5
5
5
5
5
5
5
5
5
5
5
5
5
5
5
5
5
5
5
5
5
5
5
5
5
5
5
5
5
5
5
5
5
5
5
5
5
5
5
5
5
5
5
5
5
5
5
5
5
5
5
5
5
5
5
5
5
5
5
5
5
5
5
5
5
5
5
5
5
5
5
5
5
5
5
5
5
5
5
5
5
5
5
5
5
5
5
5
5
5
5
5
5
5
5
5
5
5
5
5
5
5
5
5
5
5
5
5
5
5
5
5
5
5
5
5
5
5
5
5
5
5
5
5
5
5
5
5
5
5
5
5
5
5
5
5
5
5
5
5
5
5
5
5
5
5
5
5
5
5
5
5
5
5
5
5
5
5
5
5
5
5
5
5
5
5
5
5
5
5
5
5
5
5
5
5
5
5
5
5
5
5
5
5
5
5
5
5
5
5
5
5
5
5
5
5
5
5
5
5
5
5
5
5
5
5
5
5
5
5
5
5
5
5
5
5
5
5
5
5
5
5
5
5
5
5
5
5
5
5
5
5
5
5
5
5
5
5
5
5
5
5
5
5
5
5
5
5
5
5
5
5
5
5
5
5
5
5
5
5
5
5
5
5
5
5
5
5
5
5
5
5
5
5
5
5
5
5
5
5
5
5
5
5
5
5
5
5
5
5
5
5
5
5
5
5
5
5
5
5
5
5
5
5
5
5
5
5
5
5
5
5
5
5
5
5
5
5
5
5
5
5
5
5
5
5
5
5
5
5
5
5
5
5
5
5
5
5
5
5
5
5
5
5
5
5
5
5
5
5
5
5
5
5
5
5
5
5
5
5
5
5
5
5
5
5
5
5
5
5
5
5
5
5
5
5
5
5
5
5
5
5
5
5
5
5
5
5
5
5
5
5
5
5
5
5
5
5
5
5
5
5
5
5
5
5
5
5
5
5
5
5
5
5
5
5
5
5
5
5
5
5
5
5
5
5
5
5
5
5
5
5
5
5
5
5
5
5
5
5
5
5
5
5
5
5
5
5
5
5
5
5
5
5
5
5
5
5
5
5
5
5
5
5
5
5
5
5
5
5
5
5
5
5
5
5
5
5
5
5
5
5
5
5
5
5
5
5
5
5
5
5
5
5
5
5
5
5
5
5
5
5
5
5
5
5
5
5
5
5
5
5
5
5
5
5
5
5
5
5
5
5
5
5
5
5
5
5
5
5
5
5
5
5
5
5
5
5
5
5
5
5
5
5
5
5
5
5
5
5
5
5
5
5
5
5
5
5
5
5
5
5
5
5
5
5
5
5
5
5
5
5
5
5
5
5
5
5
5
5
5
5
5
5
5
5
5
5
5
5
5
5
5
5
5
5
5
5
5
5
5
5
5
5
5
5
5
5
5
5
5
5
5
5
5
5
5
5
5
5
5
5
5
5
5
5
5
5
5
5
5
5
5
5
5
5
5
5
5
5
5
5
5
5
5
5
5
5
5
5
5
5
5
5
5
5
5
5
5
5
5
5
5
5
5
5
5
5
5
5
5
5
5
5
5
5
5
5
5
5
5
5
5
5
5
5
5
5
5
5
5
5
5
5
5
5
5
5
5
5
5
5
5
5
5
5
5
5
5
5
5
5
5
5
5
5
5
5
5
5
5
5
5
5
5
5
5
5
5
5
5
5
5
5
5
5
5
5
5
5
5
5
5
5
5
5
5
5
5
5
5
5
5
5
5
5
5
5
5
5
5
5
5
5
5
5
5
5
5
5
5
5
5
5
5
5
5
5
5
5
5
5
5
5
5
5
5
5
5
5
5
5
5
5
5
5
5
5
5
5
5
5
5
5
5
5
5
5
5
5
5
5
5
5
5
5
5
5
5
5
5
5
5
5
5
5
5
5
5
5
5
5
5
5
5
5
5
5
5
5
5
5
5
5
5
5
5
5
5
5
5
5
5
5
5
5
5
5
5
5
5
5
5
5
5
5
5
5
5
5
5
5
5
5
5
5
5
5
5
5
5
5
5
5
5
5
5
5
5
5
5
5
5
5
5
5
5
5
5
5
5
5
5
5
5
5
5
5
5
5
5
5
5
5
5
5
5
5
5
5
5
5
5
5
5
5
5
5
5
5
5
5
5
5
5
5
5
5
5
5
5
5
5
5
5
5
5
5
5
5
5
5
5
5
5
5
5
5
5
5
5
5
5
5
5
5
5
5
5
5
5
5
5
5
5
5
5
5
5
5
5
5
5
5
5
5
5
5
5
5
5
5
5
5
5
5
5
5
5
5
5
5
5
5
5
5
5
5
5
5
5
5
5
5
5
5
5
5
5
5
5
5
5
5
5
5
5
5
5
5
5
5
5
5
5
5
5
5
5
5
5
5
5
5
5
5
5
5
5
5
5
5
5
5
5
5
5
5
5
5
5
5
5
5
5
5
5
5
5
5
5
5
5
5
5
5
5
5
5
5
5
5
5
5
5
5
5
5
5
5
5
5
5
5
5
5
5
5
5
5
5
5
5
5
5
5
5
5
5
5
5
5
5
5
5
5
5
5
5
5
5
5
5
5
5
5
5
5
5
5
5
5
5
5
5
5
5
5
5
5
5
5
5
5
5
5
5
5
5
5
5
5
5
5
5
5
5
5
5
5
5
5
5
5
5
5
5
5
5
5
5
5
5
5
5
5
5
5
5
5
5
5
5
5
5
5
5
5
5
5
5
5
5
5
5
5
5
5
5
5
5
5
5
5
5
5
5
5
5
5
5
5
5
5
5
5
5
5
5
5
5
5
5
5
5
5
5
5
5
5
5
5
5
5
5
5
5
5
5
5
5
5
5
5
5
5
5
5
5
5
5
5
5
5
5
5
5
5
5
5
5
5
5
5
5
5
5
5
5
5
5
5
5
5
5
5
5
5
5
5
5
5
5
5
5
5
5
5
5
5
5
5
5
5
5
5
5
5
5
5
5
5
5
5
5
5
5
5
5
5
5
5
5
5
5
5
5
5
5
5
5
5
5
5
5
5
5
5
5
5
5
5
5
5
5
5
5
5
5
5
5
5
5
5
5
5
5
5
5
5
5
5
5
5
5
5
5
5
5
5
5
5
5
5
5
5
5
5
5
5
5
5
5
5
5
5
5
5
5
5
5
5
5
5
5
5
5
5
5
5
5
5
5
5
5
5
5
5
5
5
5
5
5
5
5
5
5
5
5
5
5
5
5
5
5
5
5
5
5
5
5
5
5
5
5
5
5
5
5
5
5
5
5
5
5
5
5
5
5
5
5
5
5
5
5
5
5
5
5
5
5
5
5
5
5
5
5
5
5
5
5
5
5
5
5
5
5
5
5
5
5
5
5
5
5
5
5
5
5
5
5
5
5
5
5
5
5
5
5
5
5
5
5
5
5
5
5
5
5
5
5
5
5
5
5
5
5
5
5
5
5
5
5
5
5
5
5
5
5
5
5
5
5
5
5
5
5
5
5
5
5
5
5
5
5
5
5
5
5
5
5
5
5
5
5
5
5
5
5
5
5
5
5
5
5
5
5
5
5
5
5
5
5
5
5
5
5
5
5
5
5
5
5
5
5
5
5
5
5
5
5
5
5
5
5
5
5
5
5
5
5
5
5
5
5
5
5
5
5
5
5
5
5
5
5
5
5
5
5
5
5
5
5
5
5
5
5
5
5
5
5
5
5
5
5
5
5
5
5
5
5
5
5
5
5
5
5
5
5
5
5
5
5
5
5
5
5
5
5
5
5
5
5
5
5
5
5
5
5
5
5
5
5
5
5
5
5
5
5
5
5
5
5
5
5
5
5
5
5
5
5
5
5
5
5
5
5
5
5
5
5
5
5
5
5
5
5
5
5
5
5
5
5
5
5
5
5
5
5
5
5
5
5
5
5
5
5
5
5
5
5
5
5
5
5
5
5
5
5
5
5
5
5
5
5
5
5
5
5
5
5
5
5
5
5
5
5
5
5
5
5
5
5
5
5
5
5
5
5
5
5
5
5
5
5
5
5
5
5
5
5
5
5
5
5
5
5
5
5
5
5
5
5
5
5
5
5
5
5
5
5
5
5
5
5
5
5
5
5
5
5
5
5
5
5
5
5
5
5
5
5
5
5
5
5
5
5
5
5
5
5
5
5
5
5
5
5
5
5
5
5
5
5
5
5
5
5
5
5
5
5
5
5
5
5
5
5
5
5
5
5
5
5
5
5
5
5
5
5
5
5
5
5
5
5
5
5
5
5
5
5
5
5
5
5
5
5
5
5
5
5
5
5
5
5
5
5
5
5
5
5
5
5
5
5
5
5
5
5
5
5
5
5
5
5
5
5
5
5
5
5
5
5
5
5
5
5
5
5
5
5
5
5
5
5
5
5
5
5
5
5
5
5
5
5
5
5
5
5
5
5
5
5
5
5
5
5
5
5
5
5
5
5
5
5
5
5
5
5
5
5
5
5
5
5
5
5
5
5
5
5
5
5
5
5
5
5
5
5
5
5
5
5
5
5
5
5
5
5
5
5
5
5
5
5
5
5
5
5
5
5
5
5
5
5
5
5
5
5
5
5
5
5
5
5
5
5
5
5
5
5
5
5
5
5
5
5
5
5
5
5
5
5
5
5
5
5
5
5
5
5
5
5
5
5
5
5
5
5
5
5
5
5
5
5
5
5
5
5
5
5
5
5
5
5
5
5
5
5
5
5
5
5
5
5
5
5
5
5
5
5
5
5
5
5
5
5
5
5
5
5
5
5
5
5
5
5
5
5
5
5
5
5
5
5
5
5
5
5
5
5
5
5
5
5
5
5
5
5
5
5
5
5
5
5
5
5
5
5
5
5
5
5
5
5
5
5
5
5
5
5
5
5
5
5
5
5
5
5
5
5
5
5
5
5
5
5
5
5
5
5
5
5
5
5
5
5
5
5
5
5
5
5
5
5
5
5
5
5
5
5
5
5
5
5
5
5
5
5
5
5
5
5
5
5
5
5
5
5
5
5
5
5
5
5
5
5
5
5
5
5
5
5
5
5
5
5
5
5
5
5
5
5
5
5
5
5
5
5
5
5
5
5
5
5
5
5
5
5
5
5
5
5
5
5
5
5
5
5
5
5
5
5
5
5
5
5
5
5
5
5
5
5
5
5
5
5
5
5
5
5
5
5
5
5
5
5
5
5
5
5
5
5
5
5
5
5
5
5
5
5
5
5
5
5
5
5
5
5
5
5
5
5
5
5
5
5
5
5
5
5
5
5
5
5
5
5
5
5
5
5
5
5
5
5
5
5
5
5
5
5
5
5
5
5
5
5
5
5
5
5
5
5
5
5
5
5
5
5
5
5
5
5
5
5
5
5
5
5
5
5
5
5
5
5
5
5
5
5
5
5
5
5
5
5
5
5
5
5
5
5
5
5
5
5
5
5
5
5
5
5
5
5
5
5
5
5
5
5
5
5
5
5
5
5
5
5
5
5
5
5
5
5
5
5
5
5
5
5
5
5
5
5
5
5
5
5
5
5
5
5
5
5
5
5
5
5
5
5
5
5
5
5
5
5
5
5
5
5
5
5
5
5
5
5
5
5
5
5
5
5
5
5
5
5
5
5
5
5
5
5
5
5
5
5
5
5
5
5
5
5
5
5
5
5
5
5
5
5
5
5
5
5
5
5
5
5
5
5
5
5
5
5
5
5
5
5
5
5
5
5
5
5
5
5
5
5
5
5
5
5
5
5
5
5
5
5
5
5
5
5
5
5
5
5
5
5
5
5
5
5
5
5
5
5
5
5
5
5
5
5
5
5
5
5
5
5
5
5
5
5
5
5
5
5
5
5
5
5
5
5
5
5
5
5
5
5
5
5
5
5
5
5
5
5
5
5
5
5
5
5
5
5
5
5
5
5
5
5
5
5
5
5
5
5
5
5
5
5
5
5
5
5
5
5
5
5
5
5
5
5
5
5
5
5
5
5
5
5
5
5
5
5
5
5
5
5
5
5
5
5
5
5
5
5
5
5
5
5
5
5
5
5
5
5
5
5
5
5
5
5
5
5
5
5
5
5
5
5
5
5
5
5
5
5
5
5
5
5
5
5
5
5
5
5
5
5
5
5
5
5
5
5
5
5
5
5
5
5
5
5
5
5
5
5
5
5
5
5
5
5
5
5
5
5
5
5
5
5
5
5
5
5
5
5
5
5
5
5
5
5
5
5
5
5
5
5
5
5
5
5
5
5
5
5
5
5
5
5
5
5
5
5
5
5
5
5
5
5
5
5
5
5
5
5
5
5
5
5
5
5
5
5
5
5
5
5
5
5
5
5
5
5
5
5
5
5
5
5
5
5
5
5
5
5
5
5
5
5
5
5
5
5
5
5
5
5
5
5
5
5
5
5
5
5
5
5
5
5
5
5
5
5
5
5
5
5
5
5
5
5
5
5
5
5
5
5
5
5
5
5
5
5
5
5
5
5
5
5
5
5
5
5
5
5
5
5
5
5
5
5
5
5
5
5
5
5
5
5
5
5
5
5
5
5
5
5
5
5
5
5
5
5
5
5
5
5
5
5
5
5
5
5
5
5
5
5
5
5
5
5
5
5
5
5
5
5
5
5
5
5
5
5
5
5
5
5
5
5
5
5
5
5
5
5
5
5
5
5
5
5
5
5
5
5
5
5
5
5
5
5
5
5
5
5
5
5
5
5
5
5
5
5
5
5
5
5
5
5
5
5
5
5
5
5
5
5
5
5
5
5
5
5
5
5
5
5
5
5
5
5
5
5
5
5
5
5
5
5
5
5
5
5
5
5
5
5
5
5
5
5
5
5
5
5
5
5
5
5
5
5
5
5
5
5
5
5
5
5
5
5
5
5
5
5
5
5
5
5
5
5
5
5
5
5
5
5
5
5
5
5
5
5
5
5
5
5
5
5
5
5
5
5
5
5
5
5
5
5
5
5
5
5
5
5
5
5
5
5
5
5
5
5
5
5
5
5
5
5
5
5
5
5
5
5
5
5
5
5
5
5
5
5
5
5
5
5
5
5
5
5
5
5
5
5
5
5
5
5
5
5
5
5
5
5
5
5
5
5
5
5
5
5
5
5
5
5
5
5
5
5
5
5
5
5
5
5
5
5
5
5
5
5
5
5
5
5
5
5
5
5
5
5
5
5
5
5
5
5
5
5
5
5
5
5
5
5
5
5
5
5
5
5
5
5
5
5
5
5
5
5
5
5
5
5
5
5
5
5
5
5
5
5
5
5
5
5
5
5
5
5
5
5
5
5
5
5
5
5
5
5
5
5
5
5
5
5
5
5
5
5
5
5
5
5
5
5
5
5
5
5
5
5
5
5
5
5
5
5
5
5
5
5
5
5
5
5
5
5
5
5
5
5
5
5
5
5
5
5
5
5
5
5
5
5
5
5
5
5
5
5
5
5
5
5
5
5
5
5
5
5
5
5
5
5
5
5
5
5
5
5
5
5
5
5
5
5
5
5
5
5
5
5
5
5
5
5
5
5
5
5
5
5
5
5
5
5
5
5
5
5
5
5
5
5
5
5
5
5
5
5
5
5
5
5
5
5
5
5
5
5
5
5
5
5
CELL_DATA 8030
SCALARS density double 1
LOOKUP_TABLE default
9.17440348e-01
1.01869787e+00
9.89388540e-01
9.65473190e-01
1.04813721e+00
1.08349312e+00
9.41650125e-01
1.06583099e+00
1.06576757e+00
1.08787270e+00
9.15089127e-01
1.01223724e+00
8.52870886e-01
8.41763914e-01
9.49258724e-01
1.05063956e+00
9.07294190e-01
1.04577050e+00
1.03040309e+00
9.22915221e-01
8.63610892e-01
1.00994265e+00
1.12149992e+00
7.58393088e-01
8.32197857e-01
1.07672486e+00
1.09109159e+00
9.43739942e-01
1.14679360e+00
1.08565959e+00
8.88989785e-01
1.05227982e+00
5.72585473e-01
8.88921729e-01
9.46716133e-01
6.34043372e-01
9.89699422e-01
8.94828346e-01
9.38459033e-01
8.54787655e-01
1.05881358e+00
9.05530427e-01
1.08678283e+00
1.06298895e+00
9.42939842e-01
1.02018466e+00
1.10053681e+00
7.37461578e-01
9.16650760e-01
8.68507438e-01
8.99134212e-01
8.99785186e-01
7.80475672e-01
1.03516057e+00
1.01453202e+00
9.33642528e-01
3.35877569e-01
9.07404896e-01
1.06410734e+00
1.02857992e+00
1.12105390e+00
8.88489917e-01
7.84442249e-01
9.72734272e-01
9.05933208e-01
9.42569394e-01
8.85564164e-01
1.14297381e+00
1.07254484e+00
7.98860991e-01
1.15103251e+00
1.07866962e+00
9.78466363e-01
1.10892862e+00
8.70556946e-01
9.25183391e-01
4.21687063e-01
1.12144497e+00
8.66781591e-01
9.23487912e-01
8.09666287e-01
9.39083802e-01
8.83730253e-01
9.72764952e-01
7.54389168e-01
8.67326955e-01
9.04261704e-01
9.73797767e-01
9.71861142e-01
7.10116901e-01
9.40714602e-01
1.01476864e+00
1.00842940e+00
1.04611344e+00
1.05080041e+00
9.84447808e-01
9.43912262e-01
5.35555331e-01
1.06741736e+00
9.79513108e-01
7.95329735e-01
8.66472333e-01
9.32054771e-01
8.72971511e-01
8.87747038e-01
9.71173671e-01
9.65400228e-01
1.03578425e+00
1.09459265e+00
9.00007567e-01
1.04569975e+00
1.06961202e+00
9.04348410e-01
1.04566663e+00
1.05165884e+00
1.04442357e+00
8.63629388e-01
9.64185650e-01
1.01740357e+00
1.08353674e+00
8.11347284e-01
9.30748099e-01
6.48971762e-01
1.04976411e+00
8.47286646e-01
9.01193361e-01
8.79147451e-01
8.53404650e-01
8.64409076e-01
6.22595109e-01
8.77146007e-01
1.02150267e+00
9.44123898e-01
9.23339323e-01
9.79011570e-01
8.07075125e-01
1.02950960e+00
1.08340985e+00
9.24215992e-01
6.90302194e-01
9.52031972e-01
8.77719587e-01
8.74284929e-01
9.63177401e-01
9.58176250e-01
8.95611654e-01
8.57645901e-01
8.64157573e-01
9.07036587e-01
7.66112525e-01
1.02600694e+00
1.00448132e+00
7.55881202e-01
9.14326159e-01
1.12665255e+00
1.05026677e+00
1.00363691e+00
8.98227933e-01
9.63024425e-01
8.41757374e-01
1.04171826e+00
1.04222805e+00
7.14259214e-01
1.03408552e+00
8.64247600e-01
9.01468617e-01
9.21414810e-01
1.01135540e+00
1.00688383e+00
9.68096262e-01
7.45108321e-01
8.15139365e-01
8.34866907e-01
8.99516178e-01
9.50046589e-01
1.02413815e+00
9.80021264e-01
1.07529888e+00
9.94502414e-01
8.83091526e-01
9.76110623e-01
9.97020214e-01
9.57520854e-01
3.75551133e-01
8.32986948e-01
8.82229431e-01
9.07266278e-01
1.00464252e+00
9.17340356e-01
9.40793945e-01
9.83225231e-01
9.81028343e-01
1.13469276e+00
8.75210744e-01
1.06074619e+00
9.63334832e-01
8.69461510e-01
9.14669917e-01
1.00357887e+00
1.04926131e+00
1.13324445e+00
1.00071783e+00
9.19931208e-01
8.78734065e-01
5.30807213e-01
9.31541714e-01
8.72258486e-01
8.79278184e-01
9.26656926e-01
1.04512021e+00
9.83907733e-01
7.94759206e-01
9.81486408e-01
6.92443119e-01
1.14644971e+00
1.14818232e+00
1.08360690e+00
1.00937351e+00
1.01698580e+00
1.08203520e+00
1.07164028e+00
8.96193675e-01
8.85073307e-01
9.61212212e-01
1.04977282e+00
9.90991722e-01
8.98333386e-01
1.02908691e+00
9.42627388e-01
1.10691217e+00
7.04633069e-01
8.99379854e-01
8.72525223e-01
9.58934352e-01
9.36699367e-01
9.47599026e-01
8.75619048e-01
1.08449034e+00
8.58845145e-01
1.03339664e+00
1.01802692e+00
4.56280237e-01
1.06196856e+00
8.56827235e-01
9.91136406e-01
4.66598450e-01
9.21057640e-01
8.98324475e-01
8.98785746e-01
1.02094090e+00
9.50946197e-01
1.00059687e+00
8.87579797e-01
1.07162656e+00
8.52083656e-01
9.07014354e-01
9.34934179e-01
9.66296201e-01
8.76579018e-01
1.06854286e+00
1.01793654e+00
7.94647553e-01
9.15730113e-01
1.07221610e+00
9.83165562e-01
9.04337966e-01
9.13333659e-01
6.84295244e-01
9.24206588e-01
8.83892558e-01
9.50352763e-01
9.07186210e-01
7.46372338e-01
1.04141234e+00
1.05515893e+00
9.39877672e-01
9.24762216e-01
1.00136704e+00
8.81520942e-01
9.14391388e-01
9.85328431e-01
1.13999580e+00
8.57550504e-01
1.00568664e+00
1.08107277e+00
8.71099159e-01
9.92002086e-01
1.07602726e+00
7.81532532e-01
8.77974413e-01
8.23439473e-01
8.95627241e-01
9.78928020e-01
9.47050548e-01
8.65548696e-01
5.21888638e-01
1.02214940e+00
9.33836009e-01
9.39101125e-01
9.43155890e-01
8.63133670e-01
1.00052248e+00
9.14816315e-01
9.05374048e-01
9.06882479e-01
8.89188863e-01
9.83629193e-01
1.01786855e+00
1.02293542e+00
8.73545429e-01
7.31759566e-01
5.80759381e-01
1.05028825e+00
1.01947163e+00
1.06384211e+00
9.99939222e-01
1.13625978e+00
1.05197923e+00
1.01465718e+00
1.08069881e+00
8.68026051e-01
1.05001811e+00
6.78658807e-01
9.56495822e-01
9.04547594e-01
9.90211171e-01
9.57790926e-01
9.92396456e-01
1.00226528e+00
1.01174948e+00
1.04554499e+00
1.11142002e+00
1.01598822e+00
8.76428453e-01
9.27540410e-01
1.08596370e+00
8.89726565e-01
7.50741621e-01
6.98670137e-01
9.12140388e-01
1.05677423e+00
1.05174810e+00
3.56195962e-01
9.92069177e-01
9.08987796e-01
8.58064015e-01
1.06913258e+00
9.92246606e-01
1.07622769e+00
8.89911232e-01
9.19190686e-01
1.01018423e+00
9.22211432e-01
1.10599249e+00
1.08822221e+00
9.48326623e-01
9.89795364e-01
1.06196121e+00
1.03885434e+00
8.94049019e-01
9.21245652e-01
1.05049390e+00
7.70364538e-01
1.12505545e+00
1.04585498e+00
1.05515704e+00
1.05396608e+00
9.32662006e-01
9.41510469e-01
9.74570639e-01
1.07770517e+00
1.02384752e+00
1.05625591e+00
8.83374568e-01
1.10565839e+00
9.89753632e-01
1.05052025e+00
1.10763808e+00
9.16302148e-01
9.83374735e-01
9.92031581e-01
5.94923127e-01
1.02802134e+00
8.81545570e-01
1.02767390e+00
1.08215583e+00
9.52883706e-01
9.61247879e-01
8.94340019e-01
7.01837134e-01
9.19055805e-01
9.27852215e-01
1.01890917e+00
1.06187434e+00
1.04546349e+00
1.05929407e+00
9.18867135e-01
5.45752569e-01
1.01820338e+00
9.07306812e-01
8.99558556e-01
1.14476697e+00
9.78633694e-01
1.14920791e+00
1.03191570e+00
9.76294203e-01
8.78861280e-01
1.01296242e+00
9.44719641e-01
1.02126703e+00
7.27584309e-01
1.10684129e+00
1.04550715e+00
1.03767913e+00
8.65071413e-01
5.93361211e-01
1.06872433e+00
9.18381181e-01
1.03512768e+00
1.08827457e+00
9.79060307e-01
1.13358841e+00
1.04098965e+00
1.04713141e+00
1.01535952e+00
9.04787683e-01
8.63917586e-01
9.77353207e-01
9.87020263e-01
9.62730104e-01
1.05152501e+00
1.07855613e+00
1.02125321e+00
5.99910399e-01
1.03140661e+00
9.42850078e-01
1.10241155e+00
1.01875615e+00
1.04587208e+00
9.33392636e-01
1.05353965e+00
1.05836799e+00
8.61921331e-01
9.63531714e-01
7.98735727e-01
6.21815427e-01
1.08657315e+00
8.92970959e-01
9.43265516e-01
7.95492121e-01
9.93247194e-01
8.52986031e-01
1.14884497e+00
1.03662652e+00
1.00379441e+00
1.04370017e+00
8.97202794e-01
8.22220540e-01
1.03931622e+00
9.11031860e-01
8.73516775e-01
1.04142627e+00
9.02018996e-01
9.86557825e-01
9.73808246e-01
1.07432262e+00
1.04861063e+00
8.38189962e-01
9.80429404e-01
8.39360474e-01
1.00566635e+00
9.12590578e-01
9.41511239e-01
1.02562725e+00
9.44259279e-01
3.55964088e-01
9.46697959e-01
1.01396777e+00
1.02782517e+00
9.79669824e-01
1.08517623e+00
8.92572756e-01
8.03605070e-01
1.06139942e+00
8.77364482e-01
1.04245442e+00
9.79639025e-01
1.04306139e+00
1.08677268e+00
9.10674454e-01
9.07435553e-01
1.05720411e+00
9.79635053e-01
8.42808592e-01
9.62913573e-01
1.05381703e+00
9.64685009e-01
1.10117869e+00
9.04238980e-01
1.00246036e+00
1.04807226e+00
4.58287388e-01
8.92138949e-01
1.08760824e+00
1.00046834e+00
1.11356522e+00
1.08807071e+00
9.87602406e-01
1.04897206e+00
9.71775831e-01
9.35953177e-01
9.98000395e-01
1.01785568e+00
1.00851998e+00
1.01602885e+00
9.36903561e-01
1.04364828e+00
1.08697180e+00
1.02846455e+00
8.54709547e-01
9.59707235e-01
1.04769337e+00
1.04972214e+00
7.83105585e-01
9.74862533e-01
8.64994230e-01
9.27452947e-01
1.03892303e+00
7.23273298e-01
9.42310093e-01
3.81266142e-01
9.24977114e-01
8.15557447e-01
1.11979960e+00
7.47503053e-01
9.15121180e-01
1.04874902e+00
9.29194987e-01
8.59320573e-01
1.04818683e+00
8.57536278e-01
1.05101147e+00
8.72699583e-01
8.07985283e-01
9.20675691e-01
8.73473254e-01
8.85421019e-01
8.95198705e-01
8.85525097e-01
1.02808662e+00
1.10819422e+00
9.76093972e-01
8.73726359e-01
9.19907198e-01
8.41202010e-01
1.01104775e+00
8.93134665e-01
1.02181937e+00
9.07252096e-01
1.03336924e+00
9.83178144e-01
9.69581680e-01
1.01323342e+00
8.71685761e-01
9.74292430e-01
8.55209722e-01
1.04537633e+00
7.78739660e-01
8.72330663e-01
1.00596963e+00
1.05055981e+00
1.03428864e+00
9.23331623e-01
9.79755989e-01
9.34049353e-01
9.86493468e-01
7.38807160e-01
1.13344413e+00
1.02100882e+00
8.57188381e-01
1.10662548e+00
9.13231586e-01
1.05578113e+00
1.07657409e+00
8.99459781e-01
9.23478112e-01
1.04689245e+00
1.04928626e+00
9.91360009e-01
1.05037934e+00
8.09906843e-01
8.62098503e-01
1.12659021e+00
1.02561945e+00
9.81213767e-01
9.75616763e-01
8.89852920e-01
1.01290976e+00
1.01130472e+00
9.77867274e-01
9.57409246e-01
8.83330990e-01
9.47501299e-01
8.63251807e-01
9.43110651e-01
9.73497562e-01
1.05181168e+00
6.53895181e-01
9.82999960e-01
9.81261266e-01
8.85550793e-01
9.33757301e-01
9.22956055e-01
9.09766400e-01
9.69878216e-01
1.05718125e+00
9.07896937e-01
1.04906170e+00
8.54003026e-01
4.89895396e-01
9.55312455e-01
1.08066577e+00
1.08649408e+00
9.22846634e-01
1.12489464e+00
9.68570820e-01
1.04766155e+00
1.01859886e+00
1.04889973e+00
1.04504395e+00
1.04801696e+00
1.06077279e+00
9.24433379e-01
9.27980368e-01
9.46029094e-01
9.59534171e-01
9.87148506e-01
1.13873153e+00
9.60539335e-01
1.02304409e+00
8.66628308e-01
1.03017510e+00
1.04515873e+00
1.04900811e+00
5.70033209e-01
9.72242332e-01
1.06134679e+00
1.01509755e+00
9.35174555e-01
1.04977230e+00
8.80749913e-01
8.11320246e-01
1.08599020e+00
9.18528246e-01
9.21040006e-01
9.42151583e-01
1.05425138e+00
9.98404631e-01
9.08097510e-01
8.20413458e-01
7.89652259e-01
1.01734696e+00
8.63152930e-01
8.90304120e-01
1.05327254e+00
9.21522424e-01
6.57519603e-01
9.15584235e-01
9.22712392e-01
9.47174172e-01
8.15315960e-01
9.69491342e-01
1.02784247e+00
1.06425198e+00
1.10392513e+00
6.30688794e-01
1.04900274e+00
8.93710931e-01
9.47962110e-01
9.13406243e-01
1.06307405e+00
1.01543465e+00
9.05691068e-01
9.32560855e-01
9.04542698e-01
1.05073947e+00
9.22523830e-01
1.07647283e+00
8.78083673e-01
9.48843668e-01
1.03308707e+00
1.06684779e+00
8.76929419e-01
9.97597245e-01
1.01300127e+00
9.18262688e-01
9.05279562e-01
1.08424079e+00
1.05821341e+00
1.08548559e+00
9.46291909e-01
9.12270170e-01
6.45432518e-01
7.46849461e-01
9.78108934e-01
7.85479584e-01
9.39000601e-01
9.56071292e-01
9.79606343e-01
1.05511631e+00
9.53928620e-01
1.07058689e+00
9.42905939e-01
1.11095174e+00
1.04800543e+00
8.90208088e-01
7.91542698e-01
9.15203220e-01
1.08069778e+00
9.46280522e-01
9.11765920e-01
1.14310542e+00
6.44660494e-01
9.10424447e-01
1.04441025e+00
9.55271690e-01
9.25368073e-01
1.04596273e+00
9.69919445e-01
9.45860867e-01
1.04391298e+00
9.12866285e-01
1.04739707e+00
9.24122022e-01
8.56333011e-01
9.48559570e-01
1.04704160e+00
6.24182207e-01
9.87030429e-01
9.99507205e-01
1.04764483e+00
8.56786909e-01
1.04796761e+00
5.54889432e-01
8.86714092e-01
1.08026065e+00
1.01760993e+00
1.11668803e+00
8.66656718e-01
1.09576212e+00
1.04693267e+00
9.06355493e-01
9.15049367e-01
1.07304149e+00
9.25112917e-01
1.01752286e+00
9.51610418e-01
8.20576633e-01
9.58866594e-01
1.05008687e+00
8.59104857e-01
1.13782531e+00
9.19764751e-01
8.65730605e-01
8.53008739e-01
1.04670503e+00
9.53365002e-01
9.33182333e-01
8.46508815e-01
1.00453672e+00
9.37432392e-01
9.95634357e-01
8.94563068e-01
9.27751567e-01
1.07432334e+00
5.35216143e-01
9.53738001e-01
8.77597284e-01
1.05144829e+00
1.01880847e+00
9.97771298e-01
9.34516061e-01
1.04908353e+00
1.11599917e+00
9.53897445e-01
1.01520386e+00
1.01854947e+00
1.08019870e+00
9.86276158e-01
1.02464755e+00
1.04502753e+00
9.47733973e-01
9.31947143e-01
9.01415011e-01
8.71432283e-01
1.00983334e+00
1.05252015e+00
1.04353029e+00
9.83748938e-01
9.86998932e-01
1.01794124e+00
9.15540894e-01
9.88416578e-01
8.91173081e-01
1.04828830e+00
1.03982457e+00
1.03377237e+00
9.08975083e-01
8.95387487e-01
1.05261613e+00
9.21966942e-01
1.07832695e+00
7.15786533e-01
1.10756271e+00
1.08690798e+00
9.77219855e-01
9.06898452e-01
8.88240248e-01
9.24600132e-01
8.74452716e-01
8.03562691e-01
3.56370035e-01
9.93779989e-01
8.49946965e-01
9.34044578e-01
8.53190147e-01
7.51857150e-01
4.58705790e-01
1.04893499e+00
9.10091729e-01
9.46217549e-01
8.65071140e-01
5.54314898e-01
7.88168144e-01
1.02307130e+00
9.60920312e-01
8.98718842e-01
1.04612883e+00
1.09630943e+00
8.96084977e-01
5.45201292e-01
8.32028661e-01
1.14953960e+00
9.80392125e-01
1.04898678e+00
9.52113981e-01
8.51910871e-01
8.81768638e-01
1.07989985e+00
1.04558814e+00
4.74074338e-01
9.91843713e-01
1.03548328e+00
6.16555463e-01
8.85523221e-01
1.08262305e+00
1.03700251e+00
4.66798004e-01
1.13599604e+00
9.41525475e-01
1.10668511e+00
1.05296382e+00
1.01674094e+00
6.73147332e-01
9.33922973e-01
1.04836868e+00
1.05547623e+00
1.05406624e+00
9.33028675e-01
9.30115917e-01
1.00829018e+00
8.70754928e-01
9.58714376e-01
9.77214427e-01
5.40355239e-01
1.01459486e+00
8.12423677e-01
9.17352015e-01
9.45524431e-01
8.88692900e-01
6.07087159e-01
9.23189643e-01
1.13146535e+00
6.90962015e-01
8.92795743e-01
8.72580586e-01
9.95575798e-01
9.20792586e-01
1.08930177e+00
1.05120843e+00
9.02477754e-01
8.36191171e-01
9.30570354e-01
1.05675279e+00
8.73217820e-01
1.07228752e+00
4.78260955e-01
1.06305613e+00
1.04666928e+00
1.14377474e+00
1.09365936e+00
8.49562342e-01
9.21378242e-01
1.08310239e+00
9.83904626e-01
7.44409068e-01
8.63114539e-01
8.75858542e-01
1.04958016e+00
1.07158190e+00
8.96153540e-01
8.77613189e-01
9.08698698e-01
1.05654017e+00
1.11690897e+00
9.78714923e-01
1.12521447e+00
1.07040034e+00
1.06854566e+00
9.83211447e-01
9.18563280e-01
9.89995448e-01
8.57098698e-01
9.27207291e-01
1.06994873e+00
9.94833720e-01
9.64043634e-01
8.67637752e-01
8.37124569e-01
1.05421887e+00
1.04224619e+00
6.67078929e-01
1.10999136e+00
1.01458079e+00
1.02292250e+00
8.92253240e-01
9.67177338e-01
9.83660257e-01
1.04157897e+00
7.32180660e-01
9.92263243e-01
1.01261048e+00
7.38969789e-01
9.06990058e-01
9.96322432e-01
8.78327885e-01
8.53026026e-01
9.40216573e-01
8.03867414e-01
8.40275748e-01
1.00775932e+00
8.71041929e-01
1.11598004e+00
8.53374975e-01
8.69867698e-01
9.36202591e-01
8.82158366e-01
9.25726167e-01
1.05179008e+00
1.05023473e+00
9.31000480e-01
9.19098602e-01
1.04546382e+00
8.93956911e-01
1.03828163e+00
9.05607086e-01
9.64995966e-01
5.02781689e-01
1.05277014e+00
8.82152271e-01
9.13981914e-01
8.49232394e-01
9.02328700e-01
1.04628252e+00
8.72383441e-01
8.76045233e-01
9.66613545e-01
8.75438088e-01
1.06861476e+00
8.87910807e-01
9.28210989e-01
1.01031475e+00
7.67747070e-01
1.12026109e+00
5.73032235e-01
8.90135594e-01
8.79341960e-01
9.51258909e-01
7.72907037e-01
9.27018585e-01
1.04236974e+00
7.13201161e-01
8.44591959e-01
9.94245342e-01
1.04926655e+00
1.04973208e+00
9.73123860e-01
1.04511684e+00
6.44253828e-01
8.08035010e-01
1.09266655e+00
1.04280769e+00
8.69309881e-01
1.11360960e+00
9.44974289e-01
8.32096126e-01
6.59059011e-01
6.07102131e-01
9.31222892e-01
1.01246487e+00
1.07990801e+00
9.35187211e-01
6.85744670e-01
8.89787333e-01
1.10671992e+00
1.03803247e+00
9.58236432e-01
1.00393891e+00
1.01159646e+00
9.42414204e-01
9.81054798e-01
8.83715029e-01
8.76798269e-01
1.04179971e+00
7.37640434e-01
7.97228646e-01
1.08918983e+00
1.04579608e+00
1.06000938e+00
9.90671236e-01
9.04603144e-01
8.50295646e-01
9.19720802e-01
1.05100201e+00
1.03114543e+00
8.93580773e-01
1.01718902e+00
1.01937951e+00
1.02110628e+00
9.08448694e-01
8.65423401e-01
1.03643769e+00
9.83792966e-01
1.01477515e+00
1.05359933e+00
9.01764694e-01
7.99904899e-01
1.05443408e+00
9.44501510e-01
9.65209200e-01
1.04703295e+00
8.47306326e-01
1.10516154e+00
9.66539501e-01
7.89586515e-01
1.01608707e+00
7.65257832e-01
8.22201081e-01
9.41617998e-01
9.38003220e-01
9.26580423e-01
8.67879994e-01
1.01307211e+00
9.17216888e-01
1.05251786e+00
9.99515833e-01
1.05560888e+00
9.31339321e-01
9.65834399e-01
9.84493795e-01
9.44461949e-01
9.29757208e-01
9.22601167e-01
8.24063207e-01
9.58852234e-01
9.01964498e-01
9.73827841e-01
9.21117579e-01
1.01733455e+00
8.59504363e-01
9.32242857e-01
1.06279983e+00
9.44872778e-01
8.46239440e-01
1.03885914e+00
1.01839019e+00
6.55288383e-01
1.09786713e+00
1.08478042e+00
9.99819325e-01
1.04797828e+00
1.03298742e+00
1.07524375e+00
1.04367798e+00
8.52406212e-01
9.71100731e-01
8.32715396e-01
9.83191390e-01
9.12869256e-01
9.26660357e-01
1.00330226e+00
7.86976757e-01
9.66726848e-01
1.05525052e+00
7.60386066e-01
8.91714998e-01
1.04417671e+00
9.47055487e-01
8.52376768e-01
1.13679521e+00
9.53903228e-01
1.02286443e+00
1.05129449e+00
1.05148510e+00
9.25751892e-01
8.78849428e-01
9.27197725e-01
1.06657479e+00
8.79349816e-01
1.07563286e+00
9.10103033e-01
9.30698526e-01
1.05254558e+00
8.72840636e-01
1.05125357e+00
9.24009476e-01
1.06868195e+00
5.33427212e-01
7.10400203e-01
9.26660483e-01
9.39209926e-01
9.26576243e-01
9.99118564e-01
9.16367494e-01
1.03725588e+00
9.82217337e-01
8.79042688e-01
9.23684430e-01
8.89459634e-01
4.32932563e-01
4.30485755e-01
9.47594169e-01
9.26405700e-01
1.13014727e+00
7.48216538e-01
1.14980438e+00
8.59279642e-01
1.05666305e+00
9.21898819e-01
9.76169862e-01
1.05758025e+00
9.98146094e-01
9.89790929e-01
7.98317882e-01
1.00991005e+00
8.75428173e-01
9.81579475e-01
8.41080012e-01
1.02540531e+00
9.55137121e-01
9.71873506e-01
8.60388031e-01
9.61674884e-01
5.35305352e-01
9.13997196e-01
1.06872620e+00
8.80342589e-01
1.01375511e+00
8.24908145e-01
1.01900255e+00
6.48681718e-01
1.08142132e+00
1.07519623e+00
9.85350254e-01
6.94514870e-01
8.42483829e-01
1.04071695e+00
8.80013227e-01
1.11134162e+00
8.86594662e-01
1.14749747e+00
9.23847550e-01
9.39288370e-01
9.20580254e-01
5.85246692e-01
9.05204521e-01
1.01946118e+00
9.23523401e-01
9.96772066e-01
1.01398560e+00
1.01412723e+00
8.27856332e-01
1.12468462e+00
8.56516217e-01
8.46326054e-01
8.63852629e-01
9.53171661e-01
8.91130937e-01
1.12691209e+00
7.35591610e-01
1.14657438e+00
1.04062711e+00
1.00757847e+00
7.34289385e-01
9.15307672e-01
1.04250759e+00
1.12793464e+00
8.68309786e-01
1.05204258e+00
8.30185603e-01
9.35504558e-01
9.76197073e-01
8.62450700e-01
9.88449843e-01
9.68682217e-01
1.03322134e+00
9.74797995e-01
6.83642548e-01
8.78485463e-01
1.06266724e+00
9.49609836e-01
9.12959842e-01
8.93780516e-01
8.72289639e-01
9.64219148e-01
1.04256183e+00
1.10355951e+00
8.43541756e-01
9.27180862e-01
8.52419718e-01
9.92356536e-01
9.22887026e-01
8.47270120e-01
9.20749315e-01
9.90474835e-01
9.96037607e-01
9.86604122e-01
8.50103970e-01
1.00098294e+00
1.01073158e+00
1.01921538e+00
7.41500108e-01
8.99503114e-01
1.06083854e+00
8.14907854e-01
1.01614024e+00
1.02166548e+00
1.01975845e+00
9.24177880e-01
8.63644613e-01
3.74169453e-01
9.40409583e-01
9.65573949e-01
9.28931600e-01
1.11879224e+00
9.01476178e-01
1.04742893e+00
8.50878112e-01
1.06612963e+00
9.00070220e-01
8.56097369e-01
1.07836824e+00
1.03902710e+00
9.77067433e-01
1.13542370e+00
9.07640128e-01
1.06351111e+00
9.29647655e-01
9.97075097e-01
9.53749496e-01
8.82047776e-01
8.75489848e-01
7.32716827e-01
1.13771530e+00
8.55529946e-01
1.07135028e+00
1.04587834e+00
9.00613602e-01
1.01693986e+00
1.04788871e+00
1.11318414e+00
9.80723274e-01
9.44896891e-01
1.03776416e+00
1.01188174e+00
1.07133852e+00
7.64677980e-01
9.77094192e-01
7.76244953e-01
1.04862511e+00
9.26824746e-01
6.48641649e-01
9.56744173e-01
1.11966302e+00
9.35713710e-01
7.22926123e-01
9.78796372e-01
8.89350034e-01
9.00989347e-01
3.26422091e-01
9.20247412e-01
8.64599864e-01
1.01441148e+00
1.00645407e+00
9.03618964e-01
9.91223161e-01
8.33691657e-01
9.51891012e-01
9.53925037e-01
9.95957781e-01
1.01737354e+00
9.11135385e-01
9.04373540e-01
9.03191470e-01
1.01927349e+00
8.97600481e-01
8.62572443e-01
1.09939876e+00
9.80684471e-01
1.03034109e+00
8.73624080e-01
9.27217505e-01
8.44805088e-01
8.84041086e-01
8.97682996e-01
1.12889220e+00
1.04942571e+00
8.74344741e-01
1.02690597e+00
4.98133302e-01
8.92216060e-01
9.98528178e-01
1.06983706e+00
1.02728603e+00
1.05831172e+00
1.05039240e+00
8.48563144e-01
8.77056066e-01
1.02946081e+00
1.10352522e+00
7.57388308e-01
9.76541567e-01
7.70597520e-01
8.78709382e-01
9.66669455e-01
1.05266802e+00
1.02210334e+00
9.55770901e-01
9.68657939e-01
9.13818034e-01
1.02678903e+00
1.07192142e+00
1.03625384e+00
9.46942935e-01
9.91159298e-01
1.10542828e+00
9.64279161e-01
8.79917273e-01
1.04175686e+00
1.05445383e+00
8.58298909e-01
1.14742238e+00
8.72676971e-01
8.84826961e-01
9.23379726e-01
9.82306387e-01
1.04041447e+00
8.77356105e-01
1.07143965e+00
9.87408232e-01
1.04821018e+00
9.78669967e-01
8.18782269e-01
1.13656919e+00
9.49130883e-01
1.07155956e+00
1.10935362e+00
1.02710965e+00
9.18562679e-01
9.30403655e-01
9.05763956e-01
1.14804755e+00
1.11447279e+00
8.38958724e-01
8.81862803e-01
1.09822199e+00
8.83879625e-01
1.04288510e+00
1.02876987e+00
1.14207340e+00
9.23951615e-01
9.74555851e-01
9.27965287e-01
8.81183740e-01
9.48452769e-01
1.04449729e+00
9.41255612e-01
9.89693303e-01
1.00735869e+00
9.81419819e-01
1.06272165e+00
1.06964520e+00
9.00107923e-01
9.37532861e-01
1.10016512e+00
8.31659920e-01
1.07422898e+00
1.01173822e+00
8.47513407e-01
9.20295490e-01
1.05251066e+00
8.64028915e-01
9.90136612e-01
1.09082812e+00
1.01408674e+00
1.01708344e+00
1.08131956e+00
9.16392182e-01
9.61376227e-01
1.06335835e+00
9.39475827e-01
9.13709998e-01
1.04927866e+00
8.24199494e-01
1.04857151e+00
1.12094810e+00
8.66440002e-01
1.13917738e+00
1.13532077e+00
8.84669442e-01
8.62108253e-01
8.86702647e-01
8.77824467e-01
9.85950384e-01
9.62081431e-01
7.70639050e-01
8.88115333e-01
7.57197263e-01
1.03198194e+00
9.06189924e-01
1.01316280e+00
9.37485077e-01
9.85401303e-01
9.78231013e-01
9.04630320e-01
8.61604299e-01
1.04298200e+00
1.00740797e+00
1.10421361e+00
1.00751025e+00
6.39935936e-01
8.44527211e-01
7.76084201e-01
9.19413798e-01
1.02711803e+00
1.02615251e+00
1.00961456e+00
9.04779003e-01
9.24855181e-01
9.11851187e-01
1.06543851e+00
7.13315951e-01
8.21051582e-01
1.04483260e+00
1.03450466e+00
9.22916389e-01
8.65537236e-01
8.95283254e-01
1.14116474e+00
1.06711010e+00
1.04176629e+00
1.04760282e+00
8.42390365e-01
9.03356435e-01
8.67155041e-01
9.72890143e-01
8.73142990e-01
8.85672067e-01
1.00880497e+00
1.04238378e+00
8.15535590e-01
9.18017012e-01
9.40572684e-01
8.90914432e-01
6.77539523e-01
8.29826251e-01
1.02766880e+00
9.60440594e-01
1.05112674e+00
9.01270037e-01
8.71682126e-01
1.01986649e+00
1.03878626e+00
1.10469635e+00
7.06197578e-01
9.54038188e-01
1.11691160e+00
7.11972901e-01
9.12987330e-01
8.91622253e-01
9.45776739e-01
1.01107272e+00
9.48865632e-01
9.42698997e-01
7.22774529e-01
8.96249341e-01
1.04835014e+00
1.07258777e+00
1.05963968e+00
9.76815600e-01
9.46427141e-01
1.01676946e+00
9.61118634e-01
8.41453179e-01
1.07667265e+00
1.04478651e+00
1.14216489e+00
1.04885072e+00
1.09926111e+00
9.12778500e-01
1.03059204e+00
1.06728904e+00
1.11569430e+00
1.01279455e+00
9.27869162e-01
1.07506215e+00
6.64658930e-01
9.58089276e-01
1.08329065e+00
9.47048100e-01
1.02668831e+00
6.51450148e-01
1.04408065e+00
8.68615977e-01
8.74185535e-01
9.74014554e-01
9.59848433e-01
8.97265837e-01
9.52503581e-01
1.07530386e+00
7.56830885e-01
9.98030491e-01
1.08816134e+00
1.05315807e+00
8.33807616e-01
7.59828070e-01
7.39846466e-01
9.79976946e-01
9.40113989e-01
9.73600157e-01
1.05292955e+00
1.02558373e+00
1.03657171e+00
8.78296477e-01
1.11137234e+00
9.94943970e-01
1.03802981e+00
6.46032419e-01
8.30956086e-01
1.07929105e+00
9.83646537e-01
9.77294772e-01
9.17478479e-01
9.35441106e-01
8.40921429e-01
8.88900868e-01
1.11443867e+00
9.31225797e-01
1.02012523e+00
9.30398552e-01
9.49311009e-01
8.72590955e-01
8.69344311e-01
1.11773636e+00
8.96595770e-01
8.67701150e-01
1.03632322e+00
1.14556475e+00
8.99152218e-01
1.14703096e+00
9.95977855e-01
1.10490817e+00
1.09828053e+00
9.48769247e-01
8.63361400e-01
1.00845405e+00
1.03060052e+00
9.02734184e-01
9.80979234e-01
9.19932667e-01
1.05343902e+00
8.81817689e-01
1.10149819e+00
9.69276448e-01
1.10068385e+00
9.57835034e-01
1.02383512e+00
7.49036057e-01
8.96004472e-01
9.21329328e-01
9.51353827e-01
1.01679823e+00
9.58798874e-01
9.77106621e-01
8.28032798e-01
8.67968439e-01
6.60790305e-01
8.30574640e-01
9.63842339e-01
9.46302943e-01
1.00668794e+00
1.12286756e+00
8.37082927e-01
1.05865979e+00
4.50691983e-01
1.02145203e+00
5.63402771e-01
4.80798940e-01
6.56351085e-01
8.85539582e-01
1.06649127e+00
9.14179395e-01
1.06113853e+00
1.03714806e+00
9.44769179e-01
1.10798692e+00
1.05952957e+00
1.02450581e+00
8.50039556e-01
9.84826610e-01
1.14160535e+00
6.69746210e-01
9.22648558e-01
9.37653721e-01
8.38037965e-01
6.67507441e-01
7.46650336e-01
8.76619185e-01
8.92511271e-01
9.00174048e-01
9.79933766e-01
9.24765674e-01
9.53684963e-01
9.16263107e-01
5.98343859e-01
9.53084338e-01
8.58685444e-01
9.13597063e-01
9.71447299e-01
8.92885401e-01
9.73753687e-01
9.33661485e-01
8.70799591e-01
9.70441625e-01
8.71860031e-01
8.84789896e-01
8.79851983e-01
5.12501345e-01
8.88953713e-01
9.31329937e-01
1.07782332e+00
1.10841555e+00
8.12637929e-01
8.62212395e-01
9.28765993e-01
8.19670300e-01
1.03307700e+00
7.98158238e-01
1.07383334e+00
1.01270150e+00
9.20789184e-01
9.39897707e-01
1.03442152e+00
1.14310156e+00
1.12340772e+00
1.01577930e+00
1.06945869e+00
1.03860684e+00
5.73131690e-01
1.04872299e+00
1.04418118e+00
8.96775397e-01
1.14311900e+00
9.80213780e-01
8.90571688e-01
8.71729302e-01
8.86045134e-01
8.73316542e-01
1.05860880e+00
8.34615821e-01
8.60903182e-01
8.81520217e-01
1.05124717e+00
3.90247243e-01
9.41038615e-01
9.35550128e-01
8.91495162e-01
1.04349477e+00
9.10051870e-01
5.14809194e-01
1.01364276e+00
9.88585720e-01
1.09737029e+00
1.03102029e+00
9.12366552e-01
9.61290752e-01
8.98973907e-01
7.17950836e-01
9.85086862e-01
8.81674717e-01
1.10900864e+00
9.31661777e-01
1.04776058e+00
7.47001269e-01
9.41293317e-01
9.48876600e-01
9.47031133e-01
1.07149335e+00
9.58251814e-01
1.13069779e+00
9.53715217e-01
9.36516361e-01
1.05049882e+00
1.01982365e+00
4.69968105e-01
8.83242855e-01
1.00863020e+00
9.42037376e-01
8.85462755e-01
9.46770639e-01
9.22197428e-01
9.02448575e-01
8.94685588e-01
9.94361602e-01
8.16684430e-01
9.16553277e-01
7.37611907e-01
1.11357878e+00
1.03036518e+00
9.03461243e-01
9.98380061e-01
8.68092900e-01
9.92531814e-01
1.04956846e+00
8.86945100e-01
1.08253223e+00
1.04582644e+00
9.09702117e-01
8.72473711e-01
1.11201251e+00
7.17277974e-01
1.08611019e+00
4.63922971e-01
1.05040140e+00
8.86369393e-01
9.82456001e-01
1.03839964e+00
1.00673119e+00
1.04809228e+00
4.21053042e-01
8.35697855e-01
1.05194938e+00
7.14032200e-01
9.93939819e-01
8.69485290e-01
4.45571757e-01
1.03591413e+00
8.78453423e-01
9.90267946e-01
9.26848533e-01
4.26730188e-01
1.01282789e+00
1.01178888e+00
9.77952507e-01
1.04973687e+00
8.73168424e-01
8.19338737e-01
9.81854848e-01
9.18857322e-01
1.13281967e+00
9.78074814e-01
8.65417382e-01
9.78524858e-01
8.77691253e-01
9.59665578e-01
9.06156623e-01
1.05429987e+00
9.37391115e-01
9.78075916e-01
9.32613501e-01
9.81903481e-01
1.04241058e+00
9.06986901e-01
9.12629653e-01
9.62709726e-01
8.68089073e-01
1.10311226e+00
8.27006616e-01
1.07408532e+00
8.72689173e-01
1.05096838e+00
9.52710299e-01
8.42776822e-01
8.72059330e-01
1.00947708e+00
1.04886401e+00
9.19789190e-01
7.04620448e-01
6.43021356e-01
9.92038566e-01
1.01164333e+00
1.04722027e+00
1.03208074e+00
1.04521843e+00
1.06745590e+00
8.61394061e-01
1.01053936e+00
8.88587839e-01
1.04870766e+00
1.02566942e+00
1.05705651e+00
1.03689974e+00
9.06928365e-01
1.04420825e+00
8.82164524e-01
9.77901401e-01
5.71361630e-01
8.84742248e-01
8.92567177e-01
9.25907035e-01
8.72720283e-01
1.05054096e+00
9.59882003e-01
1.05066830e+00
8.52424510e-01
1.02434172e+00
1.05642726e+00
4.41808955e-01
1.05289764e+00
8.36699055e-01
1.01166014e+00
8.27692496e-01
9.46669559e-01
1.02697551e+00
9.15825348e-01
9.30740391e-01
1.04242235e+00
7.70210352e-01
1.02987431e+00
8.21148631e-01
7.59884393e-01
7.98493023e-01
1.04078017e+00
7.41114410e-01
1.05124971e+00
1.05179692e+00
1.00696608e+00
1.06573737e+00
8.49055211e-01
1.07610835e+00
1.10673771e+00
5.96710873e-01
5.20948644e-01
1.01315476e+00
1.02844978e+00
9.46125934e-01
8.87398534e-01
1.09632923e+00
9.19825569e-01
1.08587621e+00
9.46372219e-01
1.04149321e+00
1.09389767e+00
9.44919196e-01
1.11339998e+00
9.51156705e-01
9.34294968e-01
8.76558374e-01
7.50087444e-01
1.08252106e+00
8.82988215e-01
8.75866213e-01
9.01648427e-01
9.28297282e-01
9.72382314e-01
9.88810544e-01
9.07131162e-01
9.38981919e-01
8.74227642e-01
7.62729593e-01
8.03031099e-01
1.02833229e+00
1.04000973e+00
9.71705448e-01
9.74447386e-01
1.03933108e+00
8.59282551e-01
8.88477305e-01
1.05946269e+00
1.11751195e+00
9.25190284e-01
9.39352929e-01
1.02553221e+00
9.36089105e-01
9.72333312e-01
9.12193580e-01
1.06598385e+00
1.13166369e+00
9.86408334e-01
7.33863637e-01
9.99968386e-01
1.05126900e+00
1.13486979e+00
1.00253581e+00
8.41137701e-01
7.97653241e-01
1.14732627e+00
1.04724743e+00
1.09144728e+00
1.01313707e+00
9.91066791e-01
9.29196383e-01
9.80298661e-01
8.96409212e-01
1.11802554e+00
6.39052665e-01
1.00624005e+00
1.03356072e+00
9.21549327e-01
8.41547673e-01
1.09170782e+00
1.05156663e+00
8.70247630e-01
9.26720905e-01
9.14520111e-01
9.41049123e-01
1.01275793e+00
3.48842764e-01
7.25177587e-01
6.71446048e-01
8.92153194e-01
9.94048029e-01
1.06638755e+00
1.11648431e+00
9.96712706e-01
8.94233065e-01
1.04423210e+00
1.08232946e+00
1.08817579e+00
9.07450778e-01
1.07304378e+00
7.24334276e-01
7.83018609e-01
1.01986597e+00
1.05420233e+00
9.13077356e-01
7.47026537e-01
1.10490992e+00
4.09445391e-01
9.31372381e-01
1.05676210e+00
1.04498241e+00
4.70572669e-01
8.87282302e-01
1.10200878e+00
1.03611442e+00
8.93329836e-01
1.01504484e+00
9.69209413e-01
1.03324684e+00
9.40831539e-01
8.92595765e-01
1.09863875e+00
1.04155000e+00
1.09468928e+00
3.76714248e-01
1.01333040e+00
1.03082155e+00
1.07711491e+00
7.07237580e-01
1.07846808e+00
8.99872708e-01
9.97834890e-01
8.57908815e-01
8.40728129e-01
1.12832196e+00
1.09844512e+00
1.04343757e+00
9.60190067e-01
9.25533314e-01
9.85785577e-01
1.02493614e+00
9.61086569e-01
1.03860740e+00
1.07720518e+00
1.04861306e+00
9.14009699e-01
1.06135948e+00
8.60289221e-01
1.07434101e+00
1.06286975e+00
6.78364482e-01
8.97686027e-01
8.44796408e-01
8.75020592e-01
8.68707968e-01
7.73190926e-01
7.86496266e-01
1.08831612e+00
9.62392355e-01
1.02490131e+00
9.80467087e-01
8.60445939e-01
1.03714780e+00
9.83684820e-01
8.56274385e-01
1.00447645e+00
7.29928905e-01
8.87529995e-01
9.78461898e-01
9.90936718e-01
1.00672329e+00
1.01892898e+00
9.33281251e-01
4.81525607e-01
1.05028670e+00
5.49129730e-01
9.16771070e-01
8.61926860e-01
8.41721457e-01
9.05023565e-01
6.44706649e-01
1.13611558e+00
9.26723392e-01
1.03725491e+00
9.47452467e-01
8.53282742e-01
8.96750809e-01
8.22940330e-01
8.90590278e-01
9.87385095e-01
8.88310713e-01
8.76997941e-01
1.06487949e+00
8.24074697e-01
9.95909217e-01
9.80334937e-01
1.08125780e+00
9.31305361e-01
9.71109092e-01
9.87230518e-01
9.17495148e-01
1.00394962e+00
9.36185464e-01
9.44184741e-01
9.50453067e-01
9.19936398e-01
9.13372472e-01
1.02256847e+00
5.62675734e-01
1.11216741e+00
1.07146906e+00
9.32811703e-01
9.55276003e-01
8.41610339e-01
8.30967322e-01
1.04750302e+00
8.56526946e-01
1.04604615e+00
1.03101836e+00
8.82412374e-01
9.03051315e-01
5.24800043e-01
9.87941997e-01
9.32683205e-01
1.02454540e+00
9.32641242e-01
8.63967344e-01
9.84785866e-01
1.00943283e+00
9.80232205e-01
1.14604920e+00
9.69284277e-01
9.45030844e-01
9.49260659e-01
7.94881935e-01
1.07511967e+00
9.28306277e-01
9.32039732e-01
8.85776495e-01
9.16221431e-01
9.10577123e-01
9.01344037e-01
1.03239326e+00
1.02232926e+00
9.71707013e-01
9.87223803e-01
9.67367790e-01
9.25621887e-01
1.09061323e+00
9.29578701e-01
8.85791635e-01
7.60486379e-01
1.14056522e+00
1.08169766e+00
1.04821608e+00
8.29099323e-01
1.15204184e+00
9.15017287e-01
9.14654543e-01
1.01239212e+00
9.91135791e-01
8.72421353e-01
9.81235811e-01
1.01598205e+00
8.71184455e-01
9.25666957e-01
8.86858128e-01
1.05390457e+00
9.44355283e-01
9.78242602e-01
9.60371651e-01
9.82632465e-01
8.87319482e-01
8.98587981e-01
1.04802664e+00
4.58154382e-01
7.74098357e-01
1.14705253e+00
1.15016403e+00
1.04480351e+00
1.04850755e+00
9.03477037e-01
1.04221413e+00
8.77242349e-01
8.05950933e-01
8.32257629e-01
1.01389145e+00
1.09842449e+00
9.15809884e-01
9.52732692e-01
8.74885541e-01
9.05743419e-01
9.71743350e-01
8.83410702e-01
1.09442591e+00
7.51856934e-01
9.95442834e-01
1.09017047e+00
8.88246095e-01
1.10189006e+00
9.14627795e-01
1.14240534e+00
1.07386440e+00
9.05244613e-01
8.71027207e-01
1.01836497e+00
1.04694975e+00
7.72224310e-01
1.03790217e+00
6.92785991e-01
1.04268708e+00
8.72925748e-01
9.50729054e-01
9.65231454e-01
8.54362881e-01
1.01123487e+00
1.03105806e+00
9.45564397e-01
9.82689380e-01
8.44259958e-01
1.04850457e+00
1.11626171e+00
7.86543595e-01
9.35492876e-01
1.02037006e+00
9.18190089e-01
9.57310923e-01
8.52858063e-01
9.39318072e-01
9.45662904e-01
8.08439283e-01
1.11138580e+00
9.29449035e-01
6.85210954e-01
1.02075248e+00
7.43446047e-01
9.18234093e-01
9.95248463e-01
8.50055081e-01
9.04324372e-01
1.13946888e+00
9.62045872e-01
9.85282328e-01
9.26405182e-01
9.26646272e-01
9.94184475e-01
6.10295644e-01
1.00125025e+00
1.00363377e+00
1.13121768e+00
1.00536821e+00
9.13747381e-01
1.04508116e+00
9.21175764e-01
1.10180543e+00
9.88910628e-01
9.59885230e-01
1.04546324e+00
7.70000300e-01
5.54652334e-01
9.32038377e-01
9.76160239e-01
9.76536804e-01
1.05188301e+00
8.62475490e-01
1.11378526e+00
8.13700066e-01
9.31435819e-01
8.89438827e-01
1.08418686e+00
8.53290050e-01
9.30598922e-01
9.24161372e-01
8.56201943e-01
8.70495566e-01
1.10120202e+00
1.01549112e+00
8.76770566e-01
9.50823679e-01
9.74245157e-01
1.04669810e+00
9.76332495e-01
8.89726510e-01
9.19326141e-01
9.96033005e-01
8.69940251e-01
8.93827171e-01
8.61348519e-01
9.43397622e-01
1.01055988e+00
9.44163458e-01
9.69053495e-01
8.48806396e-01
9.81654975e-01
1.08711911e+00
8.85560440e-01
9.58704297e-01
8.66840865e-01
9.80333165e-01
1.00864594e+00
9.70640718e-01
9.23645021e-01
1.12231513e+00
9.45715645e-01
1.04473287e+00
6.34052915e-01
8.92811266e-01
1.12720955e+00
3.89018254e-01
6.93717145e-01
8.84206568e-01
9.03134305e-01
5.67344555e-01
5.76981237e-01
9.96664668e-01
1.05655867e+00
9.67475241e-01
1.06551283e+00
9.45570575e-01
1.00041928e+00
1.00325667e+00
1.05321744e+00
1.05488322e+00
8.66728176e-01
8.84223443e-01
8.18429876e-01
1.07363288e+00
1.05570668e+00
9.18153244e-01
9.95416574e-01
5.41396547e-01
1.00474515e+00
1.03046545e+00
8.54552708e-01
8.73110416e-01
7.79107063e-01
5.85348420e-01
1.05672782e+00
1.04682223e+00
1.05866963e+00
8.81777878e-01
8.14665894e-01
1.00993320e+00
8.65760228e-01
9.01946792e-01
9.04101560e-01
1.06111887e+00
7.16863311e-01
8.16072925e-01
1.04612979e+00
8.50684154e-01
8.85741984e-01
1.05488915e+00
8.93963730e-01
1.10439998e+00
1.08415267e+00
1.01612385e+00
9.55651781e-01
9.50877913e-01
8.69728305e-01
9.96367541e-01
8.80311133e-01
8.70098035e-01
9.68511991e-01
1.05025792e+00
1.01522528e+00
1.10150836e+00
8.86014914e-01
8.91051893e-01
9.56437926e-01
9.32082376e-01
1.11616594e+00
9.08844829e-01
9.26150948e-01
8.08061294e-01
1.08631526e+00
6.94978150e-01
9.93310076e-01
1.04901752e+00
7.33465655e-01
9.06636859e-01
8.88118597e-01
7.88991531e-01
9.61579054e-01
9.69670569e-01
1.08989606e+00
1.12633769e+00
9.82786130e-01
5.05833649e-01
9.64151937e-01
1.05618362e+00
1.09052674e+00
8.53248412e-01
1.04598529e+00
1.09063559e+00
9.97081689e-01
1.04062375e+00
1.04917298e+00
1.00612399e+00
9.81701482e-01
7.99781617e-01
9.86185787e-01
1.02539756e+00
9.94844137e-01
1.05582974e+00
1.06711230e+00
9.24309775e-01
1.04275019e+00
9.38188738e-01
9.30803226e-01
9.13145236e-01
9.33757548e-01
8.71254784e-01
9.34494541e-01
8.11771214e-01
1.10090588e+00
9.65445058e-01
1.01775665e+00
1.03074377e+00
1.04740972e+00
9.81727701e-01
1.07815692e+00
1.06109548e+00
1.00630871e+00
1.04826879e+00
1.02562128e+00
1.09947774e+00
9.45286403e-01
9.31201178e-01
4.34595274e-01
9.97840364e-01
1.02603723e+00
9.25954398e-01
9.09736713e-01
8.71668073e-01
1.02440214e+00
9.33115287e-01
1.06318680e+00
8.77685042e-01
1.01674004e+00
1.12770572e+00
1.04338979e+00
9.19990651e-01
8.18320652e-01
9.53583448e-01
1.01692698e+00
7.05263734e-01
1.03734143e+00
9.10949681e-01
1.00938137e+00
9.95651744e-01
1.07924295e+00
1.07961318e+00
1.02320391e+00
9.16781610e-01
9.90922108e-01
1.15270973e+00
1.07091700e+00
1.13692899e+00
8.57404559e-01
1.07164551e+00
8.85457767e-01
9.89885796e-01
9.84399400e-01
1.01372280e+00
1.04867511e+00
1.05268224e+00
8.37788236e-01
9.85077776e-01
9.96458446e-01
4.90767951e-01
9.15435370e-01
1.10042189e+00
8.48162378e-01
8.92575369e-01
1.13411027e+00
1.08045094e+00
9.98999882e-01
1.01002293e+00
9.20729813e-01
1.04798159e+00
9.14729290e-01
1.04609101e+00
1.05828068e+00
9.84659821e-01
8.61298274e-01
7.58992765e-01
5.10246774e-01
9.85827855e-01
1.05162417e+00
1.04315119e+00
9.10093270e-01
1.12928674e+00
8.64771726e-01
1.02040965e+00
1.08482996e+00
8.82485495e-01
9.74727595e-01
9.99693554e-01
9.17609212e-01
8.79313488e-01
6.87910699e-01
7.59309515e-01
9.31267706e-01
7.97183800e-01
9.06472580e-01
9.26837417e-01
8.62920965e-01
8.70665711e-01
9.74502417e-01
1.09282202e+00
8.48713582e-01
9.21172992e-01
9.36678263e-01
9.19723279e-01
9.75192253e-01
1.08434758e+00
8.28843367e-01
9.39409710e-01
6.98803061e-01
9.85739698e-01
8.69898525e-01
9.04418574e-01
8.63660783e-01
8.78824096e-01
1.00988379e+00
1.07217651e+00
9.70246408e-01
9.98238013e-01
8.89625869e-01
9.27262064e-01
9.58090940e-01
1.12255072e+00
3.42591130e-01
8.92787235e-01
9.42375034e-01
1.09726421e+00
7.77206133e-01
9.35147847e-01
1.13955515e+00
1.02679194e+00
1.00536249e+00
9.30996145e-01
1.07420219e+00
9.58068804e-01
9.53815310e-01
9.86446136e-01
1.02903425e+00
8.38113694e-01
9.99804363e-01
8.13621064e-01
1.11313942e+00
8.79834471e-01
1.04910363e+00
8.94204652e-01
8.37391391e-01
9.88788823e-01
1.07583921e+00
1.08258474e+00
9.35417964e-01
1.01589361e+00
9.51723496e-01
9.16704616e-01
1.00917267e+00
1.05842635e+00
1.00281659e+00
1.12629620e+00
8.79221861e-01
8.46842615e-01
8.01985774e-01
9.91729159e-01
9.52793849e-01
8.83124653e-01
1.14191945e+00
9.55340260e-01
1.03891913e+00
1.12445012e+00
1.15139174e+00
9.27210530e-01
1.00540963e+00
1.07279557e+00
8.57979008e-01
9.15184753e-01
6.83504294e-01
1.01080484e+00
7.31736400e-01
8.59747865e-01
9.75393736e-01
9.69781616e-01
9.82352013e-01
1.08720110e+00
9.85239162e-01
1.10530845e+00
1.04842405e+00
1.05966230e+00
1.09881209e+00
9.62854429e-01
5.68441538e-01
8.99775515e-01
1.05011551e+00
9.26499443e-01
1.13453901e+00
1.03056873e+00
1.04375132e+00
9.40284861e-01
1.01545741e+00
1.04987048e+00
1.13671229e+00
1.05000144e+00
9.48772380e-01
1.02489592e+00
8.94846348e-01
5.66371249e-01
5.28837064e-01
9.70741538e-01
8.30141157e-01
9.35478150e-01
6.67556124e-01
9.09698236e-01
8.39763897e-01
9.23672486e-01
4.72183974e-01
1.05372306e+00
8.93499402e-01
9.99680932e-01
8.35068721e-01
9.24256955e-01
8.59478451e-01
7.90488093e-01
9.83184261e-01
9.40269942e-01
6.84255257e-01
1.04739229e+00
1.01039962e+00
9.27759582e-01
9.23085359e-01
8.79645373e-01
8.98685979e-01
1.07519001e+00
9.82249992e-01
5.84949420e-01
7.66289223e-01
8.98981971e-01
1.03958371e+00
1.02881740e+00
8.84474961e-01
1.11971819e+00
8.87610346e-01
9.32020430e-01
6.64408906e-01
7.09989512e-01
8.69509293e-01
9.81319084e-01
8.74643763e-01
8.56674523e-01
8.40633256e-01
7.82054586e-01
8.89003932e-01
1.13237654e+00
1.06055332e+00
9.36551729e-01
1.05496932e+00
9.74718842e-01
1.01347439e+00
8.80877677e-01
8.71642544e-01
9.82120929e-01
1.00606654e+00
9.67973001e-01
8.72873352e-01
1.04777644e+00
8.69170152e-01
7.54416565e-01
9.81692036e-01
9.20326979e-01
4.65146657e-01
1.05799137e+00
1.00293566e+00
8.07601238e-01
8.78505274e-01
1.00558654e+00
8.82628776e-01
1.04614139e+00
8.25024934e-01
8.35883795e-01
9.52604496e-01
8.80048098e-01
9.33330848e-01
1.05120364e+00
8.96662721e-01
8.13306953e-01
1.08774701e+00
1.04224539e+00
8.81117616e-01
9.46451088e-01
1.13196436e+00
1.09826613e+00
6.36641224e-01
1.03967528e+00
1.13136142e+00
1.05554015e+00
7.70572368e-01
1.08867376e+00
6.80726964e-01
4.01002237e-01
6.03558315e-01
9.47816874e-01
1.01865682e+00
5.62905345e-01
9.25122614e-01
7.74038057e-01
1.05566044e+00
8.24177489e-01
1.05341032e+00
9.61814106e-01
9.96303409e-01
6.58040236e-01
1.05521751e+00
8.58025417e-01
1.05071080e+00
9.45767748e-01
9.27130107e-01
9.94970151e-01
1.10185950e+00
1.08509284e+00
9.21013096e-01
9.08836713e-01
9.28054047e-01
9.65393451e-01
9.63424425e-01
1.02136642e+00
7.89739939e-01
1.05411233e+00
9.17749707e-01
6.86753687e-01
8.89159480e-01
1.07869814e+00
9.83377506e-01
8.99893096e-01
9.33387311e-01
8.93579306e-01
1.03346162e+00
9.70959275e-01
9.18636509e-01
9.13061938e-01
9.87739685e-01
9.32248500e-01
1.00692422e+00
9.05894718e-01
8.96397456e-01
8.77228603e-01
9.70321728e-01
9.71051940e-01
1.04006597e+00
1.01309451e+00
9.56967789e-01
9.38572570e-01
1.04740523e+00
1.08352252e+00
9.19622634e-01
9.33911875e-01
8.61156748e-01
6.14084172e-01
4.73793649e-01
9.14318224e-01
8.02232971e-01
7.02424376e-01
1.05701992e+00
9.22699013e-01
7.92974382e-01
8.62147551e-01
7.28224328e-01
9.93652067e-01
9.08540879e-01
9.94998220e-01
8.84732944e-01
1.08398146e+00
8.66566566e-01
1.01846920e+00
9.33073266e-01
1.05281437e+00
9.28149862e-01
9.08606107e-01
8.50573036e-01
1.02953921e+00
9.31264249e-01
1.01819666e+00
1.03008220e+00
9.54654799e-01
9.66366627e-01
8.19301013e-01
8.36753551e-01
8.76444873e-01
9.72403826e-01
8.80666664e-01
1.05677582e+00
1.10743494e+00
8.86977654e-01
8.35845590e-01
9.08856102e-01
9.50590346e-01
9.31088955e-01
9.32495587e-01
1.02769062e+00
9.15334877e-01
9.40657551e-01
8.31456816e-01
9.07309619e-01
9.71389681e-01
1.00783505e+00
1.03457699e+00
1.04682577e+00
9.53272696e-01
8.47310164e-01
1.05549893e+00
8.52288376e-01
8.63996230e-01
1.04871612e+00
9.90973204e-01
9.97513311e-01
1.04022994e+00
1.01308991e+00
9.32568726e-01
8.74018942e-01
9.80820319e-01
9.01058331e-01
8.61674947e-01
8.57496375e-01
1.04983844e+00
1.06768285e+00
1.05910851e+00
9.24703886e-01
9.33692555e-01
9.95285189e-01
9.27639263e-01
9.67960810e-01
1.11260680e+00
9.44640649e-01
9.07910925e-01
9.06529782e-01
7.91239353e-01
1.03532473e+00
9.87408019e-01
1.02991085e+00
6.63072492e-01
8.09712333e-01
9.38975619e-01
9.36889851e-01
1.09058798e+00
9.25924879e-01
9.17421362e-01
9.99328677e-01
9.14258955e-01
1.05524391e+00
8.34022489e-01
5.70777640e-01
9.15236657e-01
8.69712285e-01
8.47496734e-01
9.68731489e-01
8.80925103e-01
9.01574031e-01
8.94351347e-01
9.90466679e-01
9.35418003e-01
9.82314223e-01
8.87058258e-01
8.62959976e-01
1.06530765e+00
9.20481948e-01
8.99051893e-01
1.08286052e+00
1.07969909e+00
9.19348453e-01
6.98941768e-01
8.77609235e-01
9.33879803e-01
7.44335583e-01
9.89851216e-01
9.67611133e-01
9.32838416e-01
8.25041381e-01
1.10530479e+00
1.02978312e+00
9.34414449e-01
5.13960737e-01
1.07063510e+00
9.99409749e-01
8.95697662e-01
9.05897298e-01
1.04029987e+00
9.52101000e-01
1.07931155e+00
5.54875061e-01
9.76226934e-01
8.22633161e-01
1.10396531e+00
8.86156512e-01
9.39325760e-01
8.76926550e-01
1.05290936e+00
8.16665850e-01
9.60295910e-01
9.79010517e-01
9.65169999e-01
1.04859541e+00
1.02953830e+00
1.08114992e+00
9.82321751e-01
9.39063319e-01
1.04611729e+00
1.02890463e+00
1.02646925e+00
8.13213228e-01
8.98383153e-01
1.04851359e+00
8.87232047e-01
8.85227520e-01
8.02601460e-01
8.35764705e-01
1.01330505e+00
9.76345730e-01
9.80449284e-01
1.01267759e+00
1.02579320e+00
1.05232171e+00
9.80371716e-01
8.83176654e-01
9.32631566e-01
9.02284082e-01
1.11015022e+00
8.75979013e-01
9.88373670e-01
9.13297127e-01
9.42929177e-01
9.84771866e-01
9.75966838e-01
1.03045306e+00
1.06739820e+00
9.58806541e-01
8.49252321e-01
1.00490292e+00
9.37690256e-01
6.76077871e-01
9.54018498e-01
8.26424387e-01
8.66121113e-01
1.03237120e+00
9.87561409e-01
1.05032748e+00
1.05228555e+00
8.98561379e-01
9.25856276e-01
7.13366332e-01
8.45373087e-01
9.18360614e-01
1.05034770e+00
9.36618037e-01
9.80321912e-01
8.85590369e-01
8.67727192e-01
9.22453440e-01
1.06189337e+00
9.67952684e-01
9.65194828e-01
1.08630473e+00
1.11691681e+00
9.39594631e-01
8.94745438e-01
1.01676001e+00
9.28664204e-01
1.04704626e+00
8.80946543e-01
9.72716404e-01
8.67139066e-01
1.01300120e+00
9.58419365e-01
8.87828577e-01
9.86429146e-01
9.00986452e-01
9.34417218e-01
9.08879501e-01
9.73941096e-01
9.63536743e-01
1.04208335e+00
8.89171055e-01
1.02445275e+00
9.33564854e-01
1.10432189e+00
9.34704740e-01
1.08029396e+00
9.78415057e-01
9.99310016e-01
9.48996113e-01
9.58597524e-01
8.76994472e-01
9.31162055e-01
8.90853962e-01
1.01378526e+00
9.75596479e-01
9.65039658e-01
1.02396077e+00
9.61135898e-01
9.42451336e-01
9.97869949e-01
7.52626450e-01
9.84842331e-01
1.03104447e+00
8.76686286e-01
1.00292639e+00
1.03410815e+00
8.91556700e-01
8.86650534e-01
1.01777715e+00
1.04869512e+00
1.06739370e+00
8.75576857e-01
8.72072489e-01
3.91371011e-01
8.77541928e-01
1.05211401e+00
8.26874219e-01
8.92943250e-01
1.02396658e+00
7.72036241e-01
1.05102063e+00
1.04672905e+00
1.04643591e+00
1.02163124e+00
8.66997787e-01
9.87295707e-01
9.14332768e-01
9.10686837e-01
9.27998411e-01
8.81167166e-01
1.11827175e+00
1.01689332e+00
7.82089110e-01
8.23945998e-01
5.97170337e-01
9.65101207e-01
9.27203518e-01
1.08939785e+00
1.07840137e+00
9.54984620e-01
9.65918185e-01
9.12996239e-01
9.74585878e-01
1.04575465e+00
9.12950064e-01
8.80405500e-01
9.39445249e-01
9.70242632e-01
1.14194509e+00
1.14963311e+00
8.63978261e-01
1.01775789e+00
8.58482510e-01
1.01578027e+00
1.11496271e+00
1.04511172e+00
9.87928271e-01
1.12860778e+00
1.06914693e+00
1.01731473e+00
8.75629662e-01
1.13598254e+00
9.41602277e-01
1.05648802e+00
7.01930952e-01
1.05505241e+00
1.00628024e+00
1.01469885e+00
8.04825084e-01
1.09857477e+00
1.04571827e+00
1.03452767e+00
1.04842556e+00
9.18347264e-01
1.04666545e+00
9.76343854e-01
1.08381422e+00
8.66025371e-01
1.04904360e+00
7.52032042e-01
8.71899575e-01
9.96487569e-01
9.16666127e-01
6.74636299e-01
3.55228027e-01
1.00320148e+00
5.17206221e-01
5.32036318e-01
1.05193671e+00
1.04305504e+00
1.00687424e+00
1.06133467e+00
9.19309975e-01
1.02493896e+00
6.68853863e-01
9.81801859e-01
9.41707996e-01
8.80052866e-01
1.10511483e+00
8.26543091e-01
1.05725149e+00
1.03044898e+00
7.86121579e-01
1.01813920e+00
1.04791031e+00
1.01722450e+00
8.79628363e-01
1.00788756e+00
9.21745211e-01
9.76272692e-01
1.05606348e+00
9.39498206e-01
1.08927945e+00
1.04577639e+00
9.20518432e-01
9.88951008e-01
5.80176745e-01
8.47206731e-01
8.47049356e-01
1.00772061e+00
9.85742570e-01
9.87522579e-01
9.58065498e-01
8.38886418e-01
1.02712487e+00
8.91811488e-01
1.01502530e+00
5.84140453e-01
9.35846649e-01
9.19689948e-01
1.10944311e+00
8.68480282e-01
8.90699121e-01
9.06582602e-01
9.18619915e-01
9.82548543e-01
1.13401195e+00
9.11506839e-01
9.63283848e-01
1.07142315e+00
1.01213083e+00
9.63051706e-01
1.01797067e+00
1.04128283e+00
9.63342945e-01
8.80713212e-01
9.84554361e-01
1.00778424e+00
9.90377549e-01
1.01188780e+00
1.09342190e+00
8.25827038e-01
9.88125384e-01
8.34928389e-01
1.07751501e+00
8.47296358e-01
1.06565649e+00
9.71962321e-01
1.10081684e+00
7.81404835e-01
1.04765035e+00
6.76172148e-01
7.37035881e-01
8.68842585e-01
8.66982429e-01
1.05583912e+00
9.81939022e-01
1.03055943e+00
8.75797590e-01
8.51528464e-01
1.05200030e+00
9.65597476e-01
3.91957146e-01
1.00925634e+00
9.15883898e-01
5.86572404e-01
1.04801935e+00
9.12983566e-01
9.15449927e-01
7.36988862e-01
9.73442946e-01
1.04403334e+00
9.31283261e-01
1.09161923e+00
1.02882197e+00
8.71861894e-01
9.74391743e-01
8.71297902e-01
1.11055032e+00
1.04505534e+00
1.04661755e+00
8.58987537e-01
4.59948376e-01
9.12752430e-01
9.12610412e-01
8.97541873e-01
9.03193416e-01
8.73985999e-01
9.25668055e-01
9.27280370e-01
1.06405399e+00
8.33992238e-01
1.09891927e+00
9.73345267e-01
1.00137860e+00
8.94157328e-01
9.88702143e-01
1.04760929e+00
1.02477457e+00
8.24951326e-01
9.96047837e-01
9.88834723e-01
8.68801069e-01
9.34432470e-01
5.80777756e-01
7.74404443e-01
9.82759162e-01
8.95388335e-01
8.63304019e-01
7.40663132e-01
1.09616596e+00
8.82544255e-01
1.08517087e+00
1.03018289e+00
9.25756569e-01
1.02680167e+00
1.04437736e+00
7.55171032e-01
1.10615250e+00
1.04338798e+00
9.37732003e-01
9.38807174e-01
1.14051893e+00
1.15210323e+00
1.05860002e+00
5.81905384e-01
1.12495591e+00
8.58110990e-01
9.87895880e-01
8.73248664e-01
9.82372275e-01
6.65617485e-01
5.01327151e-01
7.83360594e-01
9.81813342e-01
8.80987279e-01
1.01829817e+00
1.04741369e+00
1.02615985e+00
1.08226079e+00
8.99215024e-01
1.11525118e+00
1.09740698e+00
9.93883244e-01
8.75309337e-01
9.25403616e-01
9.42511769e-01
1.10989783e+00
9.94319021e-01
1.04727293e+00
1.00734062e+00
1.02912262e+00
1.02217082e+00
8.20528715e-01
1.04072375e+00
9.83833084e-01
9.22249971e-01
9.76656727e-01
1.09279438e+00
8.92893725e-01
9.55634864e-01
7.91826461e-01
1.06522225e+00
9.94667303e-01
1.06166873e+00
9.50105267e-01
9.86563553e-01
9.19473233e-01
9.08406482e-01
1.03894036e+00
1.01389038e+00
8.84643669e-01
6.36021660e-01
1.10031039e+00
8.41700267e-01
1.08601085e+00
1.00383864e+00
9.40210364e-01
1.04130098e+00
8.92846287e-01
9.40821889e-01
1.11478124e+00
9.97155201e-01
7.66024219e-01
9.11689894e-01
9.58274681e-01
1.12087964e+00
9.16377803e-01
1.02089603e+00
8.90805776e-01
9.10888545e-01
7.95656495e-01
1.04365302e+00
1.12587484e+00
8.80896534e-01
9.24684415e-01
1.01592116e+00
8.68558997e-01
9.72269798e-01
1.03687262e+00
7.40288482e-01
1.05804304e+00
8.39407881e-01
9.63693703e-01
9.54946338e-01
8.71917909e-01
9.57335631e-01
9.75627704e-01
9.57953326e-01
1.01720107e+00
9.83574741e-01
1.12209420e+00
9.61687800e-01
8.81118378e-01
8.61731037e-01
1.01366012e+00
6.23485222e-01
1.01895985e+00
1.04106938e+00
1.07936198e+00
8.93074556e-01
8.95803039e-01
9.34642967e-01
9.43287476e-01
9.24528121e-01
9.33063288e-01
9.68421183e-01
8.95556781e-01
9.09514047e-01
9.98436166e-01
9.26628231e-01
1.05651927e+00
9.83770053e-01
8.98793900e-01
9.35316649e-01
1.05571547e+00
8.81144113e-01
1.03789207e+00
9.64019570e-01
8.88740700e-01
1.05139911e+00
1.00540179e+00
9.82665052e-01
1.05177969e+00
8.44928167e-01
9.70495190e-01
8.90405770e-01
1.02763650e+00
8.94206303e-01
8.41267805e-01
9.13520479e-01
9.98721427e-01
1.09459062e+00
6.57018988e-01
8.89679302e-01
9.83739549e-01
9.39445074e-01
9.41290848e-01
8.46151672e-01
8.86267489e-01
9.85209588e-01
7.66492363e-01
9.92307287e-01
1.01151992e+00
8.43281389e-01
1.11020081e+00
5.15366620e-01
9.79163705e-01
1.04235261e+00
6.44001832e-01
1.14388809e+00
9.87272144e-01
8.94296782e-01
9.22113598e-01
1.06423712e+00
1.11934835e+00
9.71054956e-01
9.44400229e-01
9.40881468e-01
1.09605921e+00
9.01984919e-01
9.70282321e-01
9.62970821e-01
9.64436091e-01
9.73154265e-01
3.94319691e-01
1.00127337e+00
9.17659031e-01
9.15698346e-01
8.90506736e-01
9.47657124e-01
1.02341068e+00
6.84651769e-01
8.92628762e-01
9.75400010e-01
9.79552613e-01
8.73068725e-01
8.75888020e-01
1.03837032e+00
1.01329267e+00
1.08176822e+00
9.01566223e-01
9.09922527e-01
1.00217983e+00
8.74300497e-01
1.05062369e+00
9.18838881e-01
9.73275070e-01
1.04748712e+00
8.80071118e-01
1.04605944e+00
6.08128172e-01
8.90788238e-01
1.01911210e+00
9.22248644e-01
9.41049700e-01
1.06501947e+00
1.11230516e+00
9.33278543e-01
1.05084340e+00
8.53415825e-01
9.33793455e-01
8.91979943e-01
1.04096736e+00
9.75148143e-01
1.07759765e+00
9.86037290e-01
8.45989746e-01
4.60662615e-01
9.70217888e-01
1.01563923e+00
9.48065195e-01
1.04332283e+00
9.96395052e-01
1.01481654e+00
8.55998196e-01
9.57837765e-01
9.43770743e-01
1.01089347e+00
4.18518016e-01
8.73980421e-01
8.71199585e-01
8.74635875e-01
9.91336642e-01
1.04880495e+00
1.04386511e+00
7.44532465e-01
9.88163154e-01
8.56264995e-01
8.67349630e-01
1.14462955e+00
9.13512609e-01
1.09558480e+00
6.55615574e-01
8.71969811e-01
8.77842209e-01
8.80706019e-01
1.06092494e+00
9.04746325e-01
1.01987973e+00
9.75875555e-01
1.05704248e+00
1.04064579e+00
9.29448445e-01
8.72928288e-01
1.00389828e+00
8.97814541e-01
9.88117411e-01
7.69781840e-01
1.01295679e+00
3.84618702e-01
8.35847331e-01
9.85446980e-01
6.93184979e-01
1.02763517e+00
1.05602213e+00
9.20074896e-01
1.09138472e+00
8.81446436e-01
8.88187664e-01
9.18256367e-01
9.11153704e-01
1.09099567e+00
1.07350775e+00
7.29774867e-01
9.65165771e-01
9.42117804e-01
9.38715355e-01
8.53153197e-01
7.98507048e-01
9.14176557e-01
1.08512527e+00
1.00822633e+00
9.15751765e-01
1.10750304e+00
9.36953583e-01
9.91216596e-01
1.05568344e+00
4.69139771e-01
8.90097504e-01
6.12066917e-01
9.02017562e-01
8.86960675e-01
8.79518357e-01
7.49615880e-01
8.46483921e-01
1.01932630e+00
8.31445159e-01
9.94816795e-01
8.89554883e-01
8.92985671e-01
9.53263997e-01
8.92625609e-01
8.78570750e-01
9.99754376e-01
9.97045332e-01
9.23864606e-01
1.07057856e+00
8.71861859e-01
8.81845174e-01
1.04605379e+00
9.70262425e-01
1.03846210e+00
8.31847996e-01
8.77374966e-01
8.85924563e-01
9.52705204e-01
9.40038874e-01
9.93241416e-01
9.86538511e-01
8.72521940e-01
9.30207641e-01
8.77972869e-01
9.26386612e-01
8.79204398e-01
1.03488097e+00
9.59006496e-01
8.80439129e-01
9.22639291e-01
5.35968363e-01
7.93553831e-01
5.20911717e-01
1.04907882e+00
1.04891170e+00
1.14759272e+00
1.14038675e+00
7.70448097e-01
9.85789132e-01
9.05940593e-01
1.03845654e+00
1.04835417e+00
9.77693337e-01
1.05003724e+00
9.09143081e-01
9.31294255e-01
1.09420546e+00
1.02944088e+00
9.87459208e-01
9.86033796e-01
8.62257444e-01
1.05192966e+00
1.04378501e+00
1.05034708e+00
9.18848157e-01
4.28335732e-01
8.44083404e-01
1.01520098e+00
1.09157704e+00
1.00665353e+00
9.76851047e-01
3.94098295e-01
1.05032821e+00
9.29575844e-01
1.01530706e+00
9.99595948e-01
7.85406481e-01
1.04450976e+00
9.40070031e-01
9.58542173e-01
9.74913208e-01
1.01087219e+00
8.23971778e-01
1.04040036e+00
9.90731786e-01
8.01942677e-01
7.52896026e-01
1.04511944e+00
9.04085427e-01
8.82467516e-01
9.40884151e-01
9.22725402e-01
9.15981231e-01
7.03204949e-01
9.84475355e-01
7.63480956e-01
8.73789967e-01
7.41838106e-01
9.92808545e-01
7.93159392e-01
8.71967978e-01
9.26560744e-01
9.02326678e-01
1.02082641e+00
1.12261014e+00
1.05465763e+00
1.01946656e+00
8.83954965e-01
8.23345970e-01
8.87742548e-01
9.75330394e-01
7.91016126e-01
1.01772550e+00
9.87721417e-01
1.00961191e+00
1.01277834e+00
1.03321450e+00
7.91152078e-01
9.11132630e-01
1.02390842e+00
8.63560505e-01
9.32238399e-01
9.95134077e-01
7.70229335e-01
9.73144535e-01
9.90756767e-01
9.77153622e-01
9.67619525e-01
4.78804092e-01
8.28114277e-01
8.08621064e-01
9.82867054e-01
9.03648209e-01
1.12137000e+00
1.09491948e+00
8.66661086e-01
7.06580617e-01
8.16537257e-01
9.19766353e-01
1.00990182e+00
9.70117122e-01
9.88967768e-01
8.98672584e-01
1.04869826e+00
1.01119570e+00
8.66044043e-01
1.05804434e+00
8.08742344e-01
1.05823324e+00
5.93212846e-01
8.74355238e-01
9.84515496e-01
8.75108549e-01
1.00760707e+00
9.18999700e-01
1.04779105e+00
8.77779287e-01
7.22603703e-01
5.81865653e-01
7.77428155e-01
8.46661507e-01
1.03357995e+00
1.04748805e+00
1.00898668e+00
9.78837797e-01
6.88308601e-01
8.92575076e-01
9.79765163e-01
9.52043348e-01
1.05118890e+00
1.14637285e+00
6.75028712e-01
9.37341523e-01
9.96981465e-01
9.98625882e-01
1.11458224e+00
9.81082907e-01
9.63240515e-01
1.08312251e+00
9.56368284e-01
9.57116089e-01
9.26061573e-01
9.98735863e-01
1.04724669e+00
8.46305585e-01
9.29126862e-01
9.95704830e-01
8.19952395e-01
9.38589555e-01
8.74052322e-01
8.48310728e-01
1.07827838e+00
1.01395536e+00
9.80315264e-01
1.03943585e+00
9.40561961e-01
1.04835937e+00
1.13328858e+00
9.84524974e-01
9.05449497e-01
9.35653521e-01
6.53570416e-01
8.93071439e-01
1.07554847e+00
7.30157599e-01
1.04736314e+00
9.97452310e-01
7.13579557e-01
1.09393502e+00
1.03393926e+00
8.72123762e-01
9.60093976e-01
8.98047271e-01
1.03830112e+00
1.02941422e+00
7.45059978e-01
1.07600612e+00
1.02747689e+00
1.06529144e+00
9.87107732e-01
9.80973907e-01
1.11895640e+00
8.79969779e-01
8.94080723e-01
1.04333710e+00
7.00945645e-01
1.04575959e+00
9.22067448e-01
1.08025227e+00
1.04410032e+00
9.88390068e-01
8.74228223e-01
1.04739211e+00
9.18950185e-01
9.57202455e-01
9.19940595e-01
1.09738758e+00
7.13927824e-01
1.05163950e+00
8.98777841e-01
1.07131553e+00
1.02653157e+00
6.84040293e-01
9.49206389e-01
1.01602691e+00
8.96317524e-01
1.02896309e+00
1.00760275e+00
8.65693943e-01
8.28004955e-01
1.02842400e+00
9.72549958e-01
1.00640141e+00
9.71630380e-01
1.14220201e+00
9.65959363e-01
9.26242067e-01
8.94637520e-01
9.15225621e-01
1.10494750e+00
1.03707988e+00
1.04367314e+00
1.07085990e+00
1.05806197e+00
9.72312098e-01
8.46205497e-01
9.85194039e-01
1.00867680e+00
9.12867758e-01
9.52257544e-01
9.25351418e-01
1.04679408e+00
8.75492195e-01
1.05336013e+00
9.83585222e-01
1.09765907e+00
9.12057428e-01
1.12201985e+00
8.96583008e-01
1.01719113e+00
9.61331653e-01
9.16335318e-01
8.66714153e-01
7.73342316e-01
8.72622192e-01
8.72930790e-01
1.00198099e+00
1.04839993e+00
1.09408012e+00
8.71070984e-01
9.99931781e-01
1.00524936e+00
5.81745391e-01
1.00675380e+00
1.10251666e+00
9.73416010e-01
9.38949056e-01
9.79688586e-01
8.82528885e-01
9.33379678e-01
8.82952268e-01
1.03961919e+00
1.01816063e+00
1.06492850e+00
8.49914573e-01
9.36958404e-01
1.05039807e+00
8.73141766e-01
1.07657867e+00
8.80985906e-01
8.68101340e-01
9.73220284e-01
1.05259300e+00
9.24416755e-01
3.48890505e-01
6.74692023e-01
1.00314832e+00
9.19436020e-01
1.14471252e+00
9.69430810e-01
8.82832093e-01
1.14984596e+00
9.03189313e-01
8.64301372e-01
1.04600898e+00
9.09956916e-01
9.23181519e-01
8.77635344e-01
8.43110178e-01
9.45131790e-01
5.55856827e-01
7.65572794e-01
9.43446690e-01
8.80501938e-01
9.10399829e-01
1.04896069e+00
1.07241183e+00
1.01941177e+00
7.71713842e-01
1.00639013e+00
1.04787592e+00
8.47903480e-01
9.98838129e-01
9.38253796e-01
9.94713409e-01
9.54863743e-01
1.06886417e+00
9.90582478e-01
1.09625202e+00
1.04998769e+00
1.13932863e+00
8.78980682e-01
1.14993005e+00
8.91128712e-01
9.18142886e-01
1.09765354e+00
8.88949631e-01
1.09190039e+00
6.10072472e-01
1.09338348e+00
1.10944260e+00
1.08988793e+00
9.96760372e-01
9.57720792e-01
1.03439548e+00
8.22684555e-01
8.71972082e-01
8.74539265e-01
1.01322983e+00
9.90128920e-01
8.81440458e-01
1.08684007e+00
1.03978124e+00
4.41344810e-01
8.65126054e-01
3.94584002e-01
1.04230893e+00
8.48468092e-01
9.95867585e-01
8.93478923e-01
9.68572054e-01
8.67250949e-01
9.01310899e-01
1.01098254e+00
8.17772612e-01
9.28851268e-01
9.29868561e-01
9.17137759e-01
9.02342641e-01
1.01228319e+00
9.65095282e-01
9.14443689e-01
1.06491175e+00
1.03567654e+00
9.93805424e-01
9.22052813e-01
8.84958813e-01
1.03866641e+00
1.04419542e+00
9.15339572e-01
9.33228060e-01
1.02666264e+00
1.04106658e+00
1.02084097e+00
1.13155016e+00
1.02721685e+00
9.86794150e-01
1.03202988e+00
1.01893716e+00
9.11895286e-01
9.80368114e-01
1.02537998e+00
8.36868923e-01
1.04235053e+00
1.03989531e+00
9.86390135e-01
1.13919543e+00
1.04793749e+00
9.14224267e-01
9.84384335e-01
8.65434517e-01
9.71905153e-01
8.22939508e-01
6.90438432e-01
9.82832913e-01
9.72597374e-01
8.71859489e-01
1.13119157e+00
1.04088301e+00
1.13946168e+00
6.50805867e-01
8.25771688e-01
8.76972825e-01
7.83077981e-01
9.84654773e-01
1.07134474e+00
1.03692072e+00
9.85704093e-01
8.84515104e-01
9.13107263e-01
1.04879996e+00
1.10578378e+00
9.68303639e-01
8.98210415e-01
7.07120717e-01
9.25844467e-01
1.03824259e+00
9.70667868e-01
1.14115668e+00
8.38798276e-01
8.88990634e-01
8.98089361e-01
6.38538106e-01
8.03526297e-01
8.87581247e-01
9.36525645e-01
9.25762339e-01
1.07243843e+00
1.04931867e+00
1.11563007e+00
8.94810816e-01
9.57908515e-01
1.02424197e+00
9.30603641e-01
5.38564843e-01
9.16248788e-01
7.59155881e-01
1.00357483e+00
8.76317037e-01
4.97531505e-01
7.49101851e-01
1.04983649e+00
8.34280544e-01
9.00113412e-01
9.30169220e-01
9.88277155e-01
9.25219118e-01
1.13418051e+00
9.98719745e-01
8.99955571e-01
1.03867581e+00
1.02228151e+00
1.03771771e+00
1.12369379e+00
1.01777417e+00
1.04757885e+00
9.77267354e-01
1.09850083e+00
9.86194594e-01
8.90443030e-01
8.92918036e-01
1.04740996e+00
9.32227324e-01
9.98892170e-01
9.93231642e-01
6.95276927e-01
9.59356734e-01
9.88874775e-01
9.84149088e-01
1.09699295e+00
8.64026357e-01
9.64642187e-01
7.97289465e-01
8.57919093e-01
9.88331312e-01
1.14663640e+00
1.04464836e+00
7.95718170e-01
1.02037822e+00
8.63144787e-01
9.55849656e-01
9.11093008e-01
8.72631876e-01
8.92648777e-01
9.64387802e-01
8.09586499e-01
9.24668621e-01
8.38875993e-01
9.26996838e-01
7.16424083e-01
8.90053024e-01
8.84479292e-01
9.49168059e-01
9.83068776e-01
8.80154286e-01
1.09517421e+00
8.76395300e-01
9.97251397e-01
9.93535146e-01
9.45011286e-01
9.18681353e-01
9.40867525e-01
9.29857132e-01
9.49402367e-01
8.46234264e-01
7.47168572e-01
1.02013314e+00
4.39897569e-01
9.84024840e-01
1.08517731e+00
1.04360806e+00
8.91226031e-01
9.36260200e-01
1.05007794e+00
8.53072039e-01
8.68810866e-01
9.25086797e-01
1.01700361e+00
9.41032969e-01
1.01864457e+00
9.44317454e-01
9.38303814e-01
8.76996904e-01
7.78319655e-01
8.77642161e-01
1.03827186e+00
8.44559914e-01
1.07715640e+00
1.04347031e+00
1.04269219e+00
1.09673266e+00
8.77270797e-01
1.04705033e+00
8.40189934e-01
8.75670627e-01
1.05016496e+00
1.08549877e+00
1.00940298e+00
1.01483954e+00
9.36921404e-01
1.05809681e+00
9.35567740e-01
9.28622707e-01
1.10268086e+00
1.06630837e+00
9.36311081e-01
9.14645648e-01
7.77538852e-01
7.60292960e-01
8.94230052e-01
5.44442446e-01
1.00555711e+00
8.68045278e-01
9.60836453e-01
1.05311690e+00
9.79633254e-01
9.17197352e-01
1.12231877e+00
9.17187409e-01
9.76118205e-01
8.98045387e-01
8.67888052e-01
1.01087437e+00
9.85575064e-01
1.00790875e+00
9.91216617e-01
9.91204781e-01
8.83225167e-01
8.73645149e-01
1.01295635e+00
1.01259904e+00
1.03286424e+00
8.96403824e-01
1.05993198e+00
9.93462849e-01
7.94584245e-01
9.73927762e-01
9.60019273e-01
9.39517914e-01
1.01203221e+00
8.53894003e-01
1.04183840e+00
9.75412949e-01
9.80579718e-01
9.72885331e-01
9.79786011e-01
9.98650647e-01
8.83765856e-01
9.35354280e-01
9.33694551e-01
8.25482140e-01
4.86848276e-01
9.21153219e-01
4.10370078e-01
8.49100074e-01
4.17393013e-01
7.47509961e-01
8.87547402e-01
1.04690033e+00
9.70918772e-01
9.24542881e-01
1.04764269e+00
9.30407939e-01
5.27610532e-01
8.97615686e-01
8.69571579e-01
4.87475267e-01
1.03940071e+00
8.86285928e-01
1.06770183e+00
8.82988419e-01
1.09556656e+00
9.73374357e-01
9.82539220e-01
9.87224601e-01
9.24098287e-01
1.05739938e+00
8.85907631e-01
9.13531811e-01
9.57391186e-01
1.01457594e+00
9.68216861e-01
9.79451206e-01
7.78184896e-01
9.08188893e-01
1.14981510e+00
1.05523137e+00
9.84311235e-01
1.05654946e+00
1.02110178e+00
1.04853983e+00
1.12027050e+00
7.44461941e-01
9.92744264e-01
8.81331823e-01
8.75166133e-01
9.30939073e-01
9.40557688e-01
9.37765927e-01
9.47924661e-01
1.00577401e+00
1.00655317e+00
8.76195594e-01
8.66678734e-01
5.78680070e-01
1.01357298e+00
7.50962248e-01
9.73036254e-01
1.04540388e+00
9.61789659e-01
8.03396222e-01
1.05258485e+00
1.04846966e+00
1.11463534e+00
9.09326562e-01
8.80823792e-01
1.01943524e+00
9.42778614e-01
9.44035566e-01
9.86971032e-01
9.26486912e-01
8.72248687e-01
9.85162440e-01
8.72408523e-01
1.01342128e+00
1.03344206e+00
9.81619908e-01
1.01298063e+00
1.02256745e+00
1.05943302e+00
8.73077372e-01
8.69843615e-01
1.01370422e+00
9.39837605e-01
1.00059461e+00
1.11149280e+00
7.38722167e-01
1.02919026e+00
9.62042434e-01
8.75238404e-01
1.05784709e+00
7.63728379e-01
9.44482344e-01
8.73475116e-01
9.52972361e-01
9.44212635e-01
9.47724156e-01
8.72365148e-01
1.05169003e+00
1.04665061e+00
1.04283707e+00
9.05135213e-01
7.56477505e-01
8.43944413e-01
1.04442263e+00
6.56156116e-01
8.76130876e-01
9.05534269e-01
4.87377466e-01
9.75062427e-01
9.88953449e-01
1.00883789e+00
9.63786247e-01
9.35314789e-01
1.09166841e+00
9.85550251e-01
9.47750796e-01
1.03971287e+00
1.05361935e+00
9.44873011e-01
1.14409761e+00
6.29608700e-01
1.03445144e+00
9.27880162e-01
1.06080048e+00
1.07672437e+00
9.04216970e-01
8.45604980e-01
9.33716275e-01
9.43498142e-01
9.14267138e-01
7.92958265e-01
1.04482217e+00
4.99374465e-01
8.97905191e-01
1.03830132e+00
9.86259714e-01
1.03398026e+00
1.11159689e+00
8.99520404e-01
9.12219688e-01
1.05029179e+00
1.05523314e+00
9.88600110e-01
9.70340579e-01
1.03305658e+00
8.87129273e-01
9.82008225e-01
9.88641312e-01
9.83291131e-01
1.01736177e+00
8.54825191e-01
1.00858928e+00
8.86527973e-01
8.94192093e-01
9.85149768e-01
9.02677971e-01
9.92455679e-01
8.79388400e-01
1.04598504e+00
9.80304935e-01
9.96039560e-01
4.43704774e-01
1.09170525e+00
9.26220928e-01
8.97777411e-01
9.36602273e-01
1.05155934e+00
9.59883866e-01
1.09748671e+00
1.11295410e+00
8.52582232e-01
1.02832840e+00
1.05142701e+00
9.01809570e-01
1.08837242e+00
8.99205102e-01
1.00913261e+00
9.12311172e-01
8.46692757e-01
4.99631274e-01
6.11000669e-01
9.42267370e-01
9.68825416e-01
9.35692085e-01
1.06756839e+00
9.45529863e-01
3.64492191e-01
1.14223797e+00
8.62364968e-01
7.88608843e-01
1.02311812e+00
1.06969412e+00
1.07795161e+00
1.04836705e+00
1.04567345e+00
1.06222571e+00
1.00392940e+00
1.02213117e+00
8.58265794e-01
1.04548152e+00
9.81222430e-01
9.55762814e-01
9.68722620e-01
5.53129556e-01
1.12554375e+00
9.29730579e-01
8.78626167e-01
6.67906384e-01
1.08590760e+00
1.09019813e+00
1.02298867e+00
9.89512520e-01
1.04835613e+00
8.97072546e-01
9.12625078e-01
1.03105055e+00
9.82780068e-01
1.02012624e+00
1.01230978e+00
1.10845650e+00
9.17082476e-01
8.38426216e-01
1.02416827e+00
1.14443081e+00
9.63037432e-01
1.12822705e+00
1.10056067e+00
9.10448479e-01
1.01518545e+00
5.13795465e-01
9.36432432e-01
8.81418528e-01
1.02019598e+00
9.21687961e-01
8.97283250e-01
8.86162430e-01
9.14814403e-01
4.69422932e-01
1.03728099e+00
1.02818072e+00
7.59740760e-01
1.14595062e+00
9.74349175e-01
9.05548220e-01
9.24985807e-01
5.03184907e-01
1.00061471e+00
1.06008715e+00
1.06504614e+00
9.27923111e-01
1.07367391e+00
9.60783504e-01
1.10834238e+00
1.02192653e+00
1.09032409e+00
9.79755125e-01
1.03779754e+00
9.65005319e-01
9.02806906e-01
9.80463400e-01
9.48751058e-01
1.03251455e+00
1.07501547e+00
9.82769045e-01
1.13601310e+00
7.80674995e-01
8.85079585e-01
1.15086021e+00
8.43955536e-01
9.36632645e-01
8.82170421e-01
9.42404321e-01
1.04971807e+00
6.21855134e-01
1.04606333e+00
6.76028003e-01
8.76669880e-01
1.08099806e+00
9.90786865e-01
9.83999974e-01
1.04838641e+00
1.02997865e+00
9.55864536e-01
5.43393348e-01
9.04139919e-01
1.13715834e+00
1.01126823e+00
9.11768831e-01
8.35264870e-01
9.56223990e-01
6.49032150e-01
8.16216990e-01
9.76198590e-01
8.39330411e-01
8.72513417e-01
6.21295184e-01
9.80746553e-01
1.05146013e+00
9.00325858e-01
1.06018064e+00
7.95935980e-01
1.05686840e+00
9.36382898e-01
1.02327155e+00
9.49063797e-01
5.72219266e-01
8.51529584e-01
1.07058493e+00
1.04800226e+00
1.02551121e+00
7.75348216e-01
9.83976476e-01
1.04521136e+00
1.09529861e+00
6.52744938e-01
9.84832802e-01
1.05430285e+00
9.26208345e-01
9.16312286e-01
4.95734800e-01
9.55335304e-01
9.09680467e-01
9.67893683e-01
6.92100071e-01
8.11675742e-01
9.78522593e-01
9.99994509e-01
9.87191183e-01
8.62414872e-01
1.02055682e+00
1.09185889e+00
1.05313418e+00
6.16321684e-01
9.32650737e-01
1.00690202e+00
1.15176570e+00
1.04790124e+00
8.83769914e-01
1.06775182e+00
9.81742936e-01
6.76576240e-01
5.06779131e-01
9.59828789e-01
1.02004368e+00
1.05035016e+00
9.26108163e-01
5.05283717e-01
1.04699755e+00
9.59554822e-01
9.07544547e-01
1.05369568e+00
7.06400074e-01
8.55298868e-01
7.88509030e-01
1.07852725e+00
1.06933166e+00
1.04194507e+00
8.83644590e-01
9.48386321e-01
8.77877965e-01
1.04826881e+00
4.93215646e-01
8.90958739e-01
1.10409525e+00
9.38690294e-01
8.83057532e-01
1.02353475e+00
9.38410372e-01
8.36650187e-01
8.52413122e-01
1.07920251e+00
1.02804188e+00
1.03064264e+00
6.08434302e-01
8.75615776e-01
1.04977569e+00
9.14684198e-01
4.80829286e-01
1.00487734e+00
1.05284187e+00
9.51253362e-01
8.63109576e-01
1.04791576e+00
9.08607693e-01
8.76270315e-01
9.12495093e-01
9.34857514e-01
1.13095919e+00
9.62352864e-01
6.70981851e-01
9.26382028e-01
8.53401143e-01
9.65715152e-01
1.05896922e+00
9.88582116e-01
1.04326392e+00
1.04563271e+00
1.02635512e+00
8.96591623e-01
1.00065393e+00
9.74410689e-01
7.02524424e-01
9.58400946e-01
1.12247502e+00
8.50515390e-01
1.07704858e+00
8.36364784e-01
1.04820504e+00
1.04153030e+00
7.71971316e-01
8.19896748e-01
9.09680403e-01
1.13226940e+00
8.67615714e-01
1.03147076e+00
1.02778340e+00
5.31314112e-01
9.24528311e-01
1.02231329e+00
1.13045777e+00
9.80758205e-01
1.03385985e+00
9.93452960e-01
9.58070222e-01
8.80510508e-01
9.61768869e-01
8.75115522e-01
9.73323310e-01
1.02155225e+00
6.77179404e-01
9.89718308e-01
1.15365913e+00
1.04983808e+00
1.13357678e+00
9.78844028e-01
1.09297791e+00
1.02552163e+00
8.11998325e-01
9.29437076e-01
1.04025708e+00
5.01544486e-01
8.70813542e-01
9.09519794e-01
1.06941732e+00
9.16419564e-01
1.04431850e+00
1.00921432e+00
1.03339808e+00
9.04140854e-01
9.96515401e-01
8.53919593e-01
1.02121929e+00
1.00478788e+00
1.04035584e+00
1.03654319e+00
6.21808750e-01
9.55198227e-01
7.72801459e-01
1.04510040e+00
1.04471160e+00
1.09141656e+00
9.31640281e-01
9.80015480e-01
7.60365846e-01
9.66013761e-01
9.41420759e-01
8.29326032e-01
9.09765206e-01
9.20309854e-01
1.13398261e+00
9.04834506e-01
9.60464947e-01
1.04966956e+00
1.05624115e+00
3.98737057e-01
7.87942174e-01
8.96703455e-01
8.38694367e-01
9.55722804e-01
8.99312741e-01
9.38303259e-01
9.17145583e-01
1.00333827e+00
8.97974748e-01
1.06947633e+00
9.02456342e-01
8.84839433e-01
8.84412132e-01
8.91944317e-01
1.08365188e+00
9.59382886e-01
5.44664512e-01
8.77067045e-01
8.75713725e-01
1.03345366e+00
9.36287313e-01
9.95995306e-01
9.41793124e-01
1.02968061e+00
8.71543507e-01
1.04993571e+00
8.04912906e-01
7.42577924e-01
9.96747882e-01
6.46305838e-01
8.75763483e-01
9.03077753e-01
7.95102511e-01
7.28839582e-01
1.01231957e+00
9.77065243e-01
9.79630827e-01
9.60178702e-01
1.04386666e+00
1.07619237e+00
8.81156819e-01
1.05108057e+00
8.96671284e-01
1.01490783e+00
9.00279709e-01
1.01492614e+00
9.52890834e-01
9.13559579e-01
8.09991929e-01
9.18243010e-01
9.76162794e-01
9.61769682e-01
9.82058165e-01
9.14423076e-01
8.95896273e-01
1.07355640e+00
8.53851147e-01
1.09862247e+00
1.02991080e+00
9.46935577e-01
8.35030784e-01
1.04353340e+00
9.22311281e-01
1.00466933e+00
9.69102861e-01
9.58650539e-01
1.00623904e+00
9.11849773e-01
1.01107631e+00
1.04874292e+00
1.05985743e+00
8.81088720e-01
1.00984950e+00
9.42309400e-01
9.55087118e-01
8.97652004e-01
1.04827226e+00
9.83683257e-01
8.98437685e-01
1.02325013e+00
9.73148214e-01
1.00584804e+00
9.90957502e-01
1.06443136e+00
9.61152678e-01
9.00873633e-01
5.09951865e-01
9.31636442e-01
7.24777703e-01
8.18454243e-01
1.04879468e+00
1.08229189e+00
9.19071739e-01
9.61502698e-01
1.00887223e+00
8.82860541e-01
1.09574902e+00
1.04787924e+00
9.98088411e-01
9.30785959e-01
8.90315389e-01
6.57926014e-01
8.99077987e-01
9.92796048e-01
1.00226743e+00
9.91635835e-01
1.14693300e+00
8.92277766e-01
9.85605693e-01
8.55172341e-01
1.11483270e+00
9.68783298e-01
1.11490594e+00
9.55275655e-01
1.03738683e+00
1.05092964e+00
9.40501852e-01
8.57686716e-01
9.21423597e-01
1.04483573e+00
1.13601222e+00
1.13652011e+00
8.65599346e-01
7.76477830e-01
1.09578871e+00
8.49881598e-01
5.46922425e-01
5.00751033e-01
9.01887541e-01
8.60229645e-01
1.14433343e+00
1.14688841e+00
1.04488826e+00
1.04747365e+00
9.36866349e-01
9.99087127e-01
9.78047242e-01
8.20788928e-01
1.05797830e+00
1.04507159e+00
9.92634929e-01
9.18855635e-01
1.07308288e+00
9.01883935e-01
9.42343805e-01
9.45225683e-01
1.03112322e+00
9.46283332e-01
1.04687613e+00
9.73778127e-01
9.49119733e-01
9.36520666e-01
9.15660666e-01
9.59488350e-01
9.04444074e-01
9.71914107e-01
9.40929911e-01
9.09657476e-01
7.92135644e-01
6.76168137e-01
5.43297869e-01
8.73487153e-01
9.68920452e-01
9.44177107e-01
6.88405440e-01
9.58481244e-01
1.01935600e+00
8.21966487e-01
9.24505738e-01
9.13578914e-01
1.03320818e+00
9.40409664e-01
7.36913265e-01
1.11571037e+00
9.60330796e-01
8.06797822e-01
9.68134432e-01
1.01401027e+00
1.01146988e+00
1.01955944e+00
1.12899318e+00
9.75053788e-01
8.34823114e-01
1.08391362e+00
8.58734267e-01
8.71912919e-01
9.07730858e-01
1.05972592e+00
8.73434399e-01
8.84977993e-01
9.27583931e-01
8.73876111e-01
9.71350936e-01
8.69010868e-01
9.01415212e-01
9.12845369e-01
1.01959767e+00
8.45932297e-01
1.10783927e+00
1.03224373e+00
8.78480116e-01
9.76134814e-01
1.05632579e+00
1.04242392e+00
1.04624364e+00
9.14038600e-01
9.44887571e-01
9.06521599e-01
9.53233309e-01
1.04675739e+00
1.01392744e+00
1.04821119e+00
1.04847413e+00
1.08397486e+00
9.18453319e-01
9.06699652e-01
9.53932141e-01
9.94851215e-01
1.00019701e+00
9.26207356e-01
8.77607387e-01
9.78565886e-01
1.01843808e+00
8.97248306e-01
1.05853611e+00
1.04655134e+00
9.28084431e-01
8.56382417e-01
9.07586912e-01
9.28878638e-01
9.87958753e-01
1.10203348e+00
1.04730686e+00
9.30359477e-01
1.06215815e+00
8.99716682e-01
7.92820436e-01
1.12068901e+00
1.00871920e+00
4.31339639e-01
9.81840373e-01
1.01265700e+00
8.79581836e-01
1.03726891e+00
8.22940978e-01
9.30918409e-01
1.03597534e+00
8.44038792e-01
1.09835199e+00
1.00045001e+00
1.12199874e+00
1.06789805e+00
1.14669358e+00
1.06145305e+00
7.01870900e-01
9.76490284e-01
9.10095254e-01
1.05408404e+00
8.96966970e-01
5.46404514e-01
1.02432589e+00
8.72891373e-01
1.09595708e+00
1.04825339e+00
1.04505272e+00
8.90195752e-01
8.96308342e-01
9.14914719e-01
9.58150709e-01
1.01168569e+00
9.54738928e-01
8.33141245e-01
1.04836453e+00
9.55522884e-01
1.00216899e+00
9.12844457e-01
1.04752793e+00
9.66497526e-01
9.22693368e-01
1.03818382e+00
9.86364800e-01
1.06887748e+00
9.00002179e-01
8.21156052e-01
9.09054496e-01
7.81768459e-01
8.47579777e-01
9.78145636e-01
1.03886040e+00
9.86242922e-01
1.07068942e+00
9.75879703e-01
1.03825913e+00
1.02738442e+00
1.01444673e+00
9.64080472e-01
1.03874398e+00
9.98299527e-01
1.05420524e+00
9.07962482e-01
8.84610504e-01
8.24176222e-01
1.10013474e+00
9.60008863e-01
9.46908855e-01
1.03618307e+00
8.91969235e-01
4.39561585e-01
9.38988502e-01
9.69737499e-01
9.03469358e-01
1.05046022e+00
8.27805677e-01
9.22156560e-01
8.98598789e-01
9.22373714e-01
9.17748828e-01
7.90247435e-01
8.46659792e-01
6.97896141e-01
1.01500923e+00
1.06063987e+00
9.61181227e-01
8.65259546e-01
9.37316939e-01
9.89572266e-01
8.98893606e-01
8.78125528e-01
8.68908148e-01
9.57888867e-01
9.88841304e-01
8.12078203e-01
7.57184751e-01
1.12151962e+00
1.06396679e+00
9.17650643e-01
1.04857658e+00
9.09144717e-01
9.12355143e-01
1.07299348e+00
1.06789133e+00
1.02150905e+00
8.91635266e-01
1.04542731e+00
1.05969890e+00
9.88305171e-01
9.61732196e-01
9.53800291e-01
1.05925647e+00
9.57773813e-01
1.04704470e+00
9.16159832e-01
1.15136503e+00
8.97865874e-01
9.32240757e-01
7.60053891e-01
8.21162694e-01
1.06701327e+00
8.56345769e-01
1.01015788e+00
1.10501464e+00
5.78880477e-01
1.03149273e+00
9.92014503e-01
9.14912545e-01
9.49876207e-01
9.51677571e-01
1.11927400e+00
9.52342565e-01
9.22804355e-01
8.98275998e-01
4.92833912e-01
1.04168077e+00
1.04561428e+00
6.54167731e-01
9.47364687e-01
1.08028382e+00
8.81228045e-01
9.83411977e-01
1.03297897e+00
8.16203082e-01
7.64491456e-01
1.07765358e+00
9.43461482e-01
1.05218879e+00
9.34412992e-01
1.00892306e+00
8.53218914e-01
9.48167384e-01
9.20784282e-01
9.53930948e-01
1.08218922e+00
9.05444377e-01
8.97240916e-01
8.47202969e-01
8.49520551e-01
1.04459567e+00
1.07018352e+00
5.83004751e-01
8.56700484e-01
9.02789217e-01
9.40342666e-01
1.03082520e+00
9.78138999e-01
1.02175294e+00
1.01724111e+00
1.05375742e+00
1.09463838e+00
1.06222324e+00
9.74873052e-01
7.81865077e-01
9.55381815e-01
1.02518555e+00
9.97763898e-01
9.47399697e-01
1.01531321e+00
8.75518021e-01
9.77416681e-01
8.97321186e-01
5.80909584e-01
9.43743213e-01
1.02035602e+00
8.35538801e-01
1.06042592e+00
1.03866766e+00
9.27587506e-01
1.05150942e+00
8.97202047e-01
9.60440677e-01
9.68070740e-01
9.69979189e-01
1.02088622e+00
9.49979546e-01
8.87173970e-01
1.02512565e+00
9.83218798e-01
8.03572001e-01
8.86233719e-01
8.40787596e-01
1.04029431e+00
1.00105834e+00
8.48253471e-01
9.19026515e-01
7.57077582e-01
9.17833887e-01
8.16700419e-01
1.04958441e+00
1.00145098e+00
1.07431515e+00
8.61731237e-01
8.41994395e-01
8.95990743e-01
9.91410693e-01
1.02687600e+00
9.94494232e-01
1.08176103e+00
9.23873960e-01
8.78755299e-01
1.10071146e+00
9.52353180e-01
1.04902156e+00
9.02617907e-01
1.04479918e+00
1.12984485e+00
9.39142669e-01
9.72422438e-01
9.11243356e-01
1.09739314e+00
9.15956329e-01
9.74816257e-01
7.94197350e-01
9.30690981e-01
9.80720187e-01
6.91142350e-01
9.19135496e-01
1.05212739e+00
1.05439550e+00
9.29180618e-01
1.07267789e+00
9.47224333e-01
9.66653652e-01
9.16018534e-01
1.02640340e+00
6.20754999e-01
1.06762617e+00
1.08180477e+00
1.06379848e+00
9.71825736e-01
9.18866078e-01
1.04874954e+00
8.50906139e-01
1.14277260e+00
9.78387442e-01
9.13570670e-01
1.04921888e+00
6.21017613e-01
8.91671445e-01
1.08838039e+00
8.73641867e-01
9.93061964e-01
8.47412647e-01
1.02600733e+00
9.05325803e-01
9.44506701e-01
8.90822693e-01
9.95001773e-01
9.89482824e-01
9.31059784e-01
1.12013107e+00
6.35225796e-01
9.67717680e-01
6.64356280e-01
9.90222693e-01
9.86670755e-01
1.01809990e+00
8.89362915e-01
1.00334930e+00
8.49354741e-01
1.09319849e+00
9.25949415e-01
9.26127832e-01
9.79960906e-01
5.67872514e-01
1.05606028e+00
1.03378399e+00
8.88974487e-01
9.87358287e-01
8.87253436e-01
9.07367862e-01
1.01734528e+00
8.70578603e-01
9.95195647e-01
9.80873094e-01
1.04912642e+00
8.75620329e-01
1.00364701e+00
1.04856329e+00
9.26170163e-01
1.04886248e+00
9.29292751e-01
8.69301516e-01
9.15641365e-01
9.47816306e-01
9.83130512e-01
1.01103050e+00
1.00113915e+00
1.13029065e+00
1.04489631e+00
9.31218343e-01
9.79255358e-01
1.05172759e+00
7.75729397e-01
5.89323738e-01
1.08667954e+00
1.15163121e+00
9.31143447e-01
1.03559116e+00
1.07279721e+00
9.16122369e-01
9.20840435e-01
1.11322108e+00
1.06383588e+00
1.12298889e+00
9.26885334e-01
6.00027362e-01
1.04837744e+00
1.04896703e+00
6.98691354e-01
8.16703911e-01
8.02155898e-01
1.03163029e+00
1.14471037e+00
8.38533546e-01
1.02411864e+00
8.49220387e-01
7.58726290e-01
1.05461739e+00
5.89549627e-01
8.89720904e-01
9.44663137e-01
9.42485383e-01
1.02842678e+00
1.05840191e+00
1.10905848e+00
1.04979352e+00
8.95358634e-01
1.00922257e+00
8.71156358e-01
9.04710857e-01
9.18191973e-01
8.61607741e-01
5.90478903e-01
1.05296859e+00
8.00031054e-01
8.76137262e-01
1.10545556e+00
8.74551361e-01
1.04195588e+00
9.90361638e-01
1.13476368e+00
8.12698420e-01
8.94267347e-01
1.01332503e+00
8.37096239e-01
9.08181076e-01
1.02683017e+00
9.83446049e-01
1.03572560e+00
9.58568935e-01
1.02944136e+00
9.07788887e-01
8.76950405e-01
9.76297125e-01
1.04848731e+00
8.71232330e-01
8.83432346e-01
9.18463539e-01
1.10999295e+00
8.23349735e-01
1.11714823e+00
1.01980710e+00
6.14619665e-01
7.73505875e-01
1.04419039e+00
8.36759627e-01
8.50692771e-01
7.95018226e-01
9.86873978e-01
8.93815776e-01
8.76286092e-01
1.11338949e+00
9.78536864e-01
8.95010824e-01
9.02059076e-01
1.08668127e+00
9.90943747e-01
1.04834461e+00
9.38595950e-01
1.09215564e+00
9.64845576e-01
8.87087565e-01
8.89965829e-01
1.11789336e+00
1.01561011e+00
9.24399041e-01
9.54557892e-01
1.01151935e+00
8.78802601e-01
1.01467122e+00
9.19348952e-01
1.01605270e+00
1.02377862e+00
8.63155273e-01
9.72185363e-01
8.15724358e-01
8.72396244e-01
9.24703962e-01
8.50561164e-01
8.78780222e-01
1.04363240e+00
1.04257331e+00
1.06249436e+00
9.68664878e-01
9.36459738e-01
8.44236230e-01
9.73305463e-01
9.13589635e-01
7.90991796e-01
7.95709405e-01
8.60485140e-01
1.04054310e+00
6.79325562e-01
9.18875698e-01
1.02003809e+00
1.00000106e+00
1.15059502e+00
1.04768854e+00
9.79084439e-01
9.98305150e-01
9.82471704e-01
1.00685441e+00
1.01350072e+00
8.82931449e-01
8.89251057e-01
8.94244828e-01
1.08535090e+00
1.02906433e+00
9.36502955e-01
9.91214828e-01
9.39182993e-01
9.68385787e-01
9.99801208e-01
7.60518705e-01
6.88230035e-01
9.92320881e-01
9.53604946e-01
1.09148506e+00
5.04783717e-01
8.92594354e-01
9.53166206e-01
8.71840462e-01
1.10296767e+00
9.54945540e-01
1.05878090e+00
8.94614309e-01
1.02338614e+00
1.01151868e+00
1.06433279e+00
9.78671617e-01
9.63762317e-01
8.67300681e-01
9.39047139e-01
1.06731528e+00
9.29653593e-01
1.05578244e+00
1.02984520e+00
1.05835611e+00
1.04586400e+00
1.04807431e+00
1.02627922e+00
1.04768162e+00
8.84588848e-01
1.00310931e+00
5.50758102e-01
1.04920121e+00
8.61259756e-01
9.81921196e-01
9.06994999e-01
9.22963563e-01
8.63230837e-01
7.84387590e-01
9.60592945e-01
1.04245484e+00
8.27881767e-01
1.13579516e+00
9.87482216e-01
9.29149274e-01
8.84468543e-01
9.99558793e-01
1.02255744e+00
1.00154745e+00
1.01525814e+00
1.03189312e+00
1.12691768e+00
8.57961026e-01
9.40273339e-01
9.29378507e-01
8.77743227e-01
1.05165784e+00
1.12339651e+00
9.94964531e-01
8.78770187e-01
9.19482955e-01
7.38583314e-01
8.57200964e-01
1.06333724e+00
9.69155970e-01
9.70858962e-01
1.04303502e+00
8.73376162e-01
7.97160409e-01
1.15005421e+00
1.09875313e+00
1.13990536e+00
8.63508283e-01
9.83555174e-01
8.96851952e-01
8.13421335e-01
8.74830382e-01
1.04887442e+00
9.25264437e-01
9.75988205e-01
4.65941066e-01
7.10890666e-01
1.02690416e+00
1.04724058e+00
9.80834397e-01
1.06237977e+00
9.83291045e-01
8.39555921e-01
9.25024560e-01
5.29825846e-01
1.02318192e+00
1.06731969e+00
4.71709668e-01
9.57885670e-01
1.13281006e+00
8.98544424e-01
9.17305005e-01
1.05063754e+00
8.59229637e-01
9.01535547e-01
7.67112857e-01
9.69416599e-01
9.65879196e-01
1.02992057e+00
7.76357928e-01
1.06692686e+00
6.34831809e-01
9.05578803e-01
9.97661943e-01
1.00013314e+00
1.04910334e+00
9.79128813e-01
8.50919068e-01
5.56062081e-01
1.03325543e+00
1.02586536e+00
9.33783724e-01
9.22350176e-01
1.03000044e+00
1.03409642e+00
8.76129963e-01
9.76035314e-01
8.81364606e-01
9.37228228e-01
9.21339040e-01
8.68946665e-01
5.23110174e-01
9.18078751e-01
9.48472045e-01
1.07369772e+00
9.99994516e-01
1.01933603e+00
9.05621610e-01
8.74522385e-01
1.04445230e+00
9.65553662e-01
1.05363012e+00
9.04445477e-01
9.57163653e-01
9.56347595e-01
1.12877877e+00
1.08972620e+00
1.03479579e+00
9.53617364e-01
9.16332525e-01
1.09970352e+00
1.02451006e+00
9.43007992e-01
9.27625545e-01
9.34611499e-01
5.56206041e-01
8.60341071e-01
9.29821993e-01
9.29119757e-01
1.04020136e+00
1.08766074e+00
1.05167668e+00
8.71154374e-01
8.75792909e-01
8.60258517e-01
9.14969759e-01
9.24814826e-01
9.22581716e-01
6.98534695e-01
1.06922733e+00
9.04181608e-01
1.10604960e+00
9.00723963e-01
1.05650072e+00
1.03885427e+00
1.04945443e+00
9.78423390e-01
1.00684165e+00
8.64833520e-01
9.62112464e-01
9.87428342e-01
9.33088726e-01
9.69656017e-01
9.97813943e-01
1.12912786e+00
8.98686137e-01
1.01603167e+00
1.04874031e+00
8.99967873e-01
1.06744892e+00
1.04829450e+00
9.62829109e-01
1.04294813e+00
1.04696347e+00
9.67669879e-01
8.99525457e-01
1.01746817e+00
8.01492910e-01
1.00070981e+00
9.96603400e-01
1.11467654e+00
9.30854799e-01
1.01863816e+00
8.89770483e-01
9.02911547e-01
9.72321635e-01
9.41342376e-01
9.27102805e-01
9.69679664e-01
8.39150701e-01
1.01042963e+00
8.05266068e-01
9.23725372e-01
5.21561716e-01
1.04914696e+00
8.61297615e-01
9.23328026e-01
1.02134749e+00
8.42262392e-01
1.12953649e+00
1.06501708e+00
9.73134066e-01
9.51060840e-01
8.55674161e-01
9.19437463e-01
8.87549695e-01
1.09410127e+00
1.04888537e+00
1.03421721e+00
9.20056478e-01
1.06433538e+00
9.81002722e-01
9.92412230e-01
8.68228778e-01
1.05761663e+00
1.01545528e+00
9.51572674e-01
9.23616501e-01
8.92629208e-01
9.78413820e-01
9.25379372e-01
1.04546306e+00
8.89293436e-01
1.02547088e+00
9.73320030e-01
1.05880738e+00
8.00513093e-01
1.12160861e+00
9.21581630e-01
9.43331348e-01
1.05224835e+00
9.11461209e-01
9.39828121e-01
8.94067400e-01
1.13087850e+00
8.30478964e-01
1.08040948e+00
1.01537319e+00
8.64794909e-01
1.03019962e+00
9.07308053e-01
9.18012824e-01
1.13059762e+00
4.15343933e-01
1.05049315e+00
9.69722845e-01
1.00002338e+00
9.11001993e-01
9.92870313e-01
1.11659334e+00
7.70659445e-01
9.21487517e-01
5.11785951e-01
1.04785180e+00
9.39349306e-01
8.44415305e-01
9.74782883e-01
8.58077264e-01
1.01599915e+00
1.02451901e+00
8.73635783e-01
9.66863016e-01
1.06270672e+00
9.71342979e-01
8.42104517e-01
9.27954857e-01
8.15340492e-01
8.00150221e-01
9.82633651e-01
9.98421118e-01
9.75895446e-01
8.58832625e-01
1.02419400e+00
1.15214798e+00
1.05018750e+00
9.01973347e-01
9.85373024e-01
9.23641177e-01
6.15259241e-01
5.13457705e-01
9.16940362e-01
8.74981997e-01
8.78657894e-01
9.21176856e-01
9.21071251e-01
1.06200546e+00
1.03614954e+00
9.78499465e-01
8.51166518e-01
9.02876017e-01
1.00114841e+00
1.00045318e+00
1.06321128e+00
9.11829937e-01
9.25277568e-01
7.09690976e-01
1.10411464e+00
9.65874228e-01
5.75906621e-01
8.53215804e-01
9.14506344e-01
8.84709706e-01
9.26689878e-01
1.07117194e+00
9.95447385e-01
9.11881353e-01
8.88701631e-01
1.03536656e+00
8.90407001e-01
1.12762595e+00
8.61854347e-01
1.11871776e+00
1.10850113e+00
5.66108335e-01
8.94272128e-01
9.01758807e-01
1.01186502e+00
8.24973517e-01
7.23717162e-01
8.57415396e-01
9.75536926e-01
9.92609947e-01
7.75990543e-01
9.76097983e-01
9.04335763e-01
9.22771952e-01
3.68180941e-01
9.81396751e-01
1.04605176e+00
1.15139702e+00
1.00858942e+00
8.46021553e-01
8.83863953e-01
1.04220906e+00
9.22112841e-01
1.04339078e+00
8.15745569e-01
9.21343141e-01
9.04121226e-01
1.04787031e+00
1.04630830e+00
9.01663613e-01
1.00981932e+00
1.07505994e+00
8.77019731e-01
1.05295048e+00
8.35366875e-01
9.45250628e-01
9.40918479e-01
1.15350547e+00
9.40374365e-01
1.13590154e+00
1.07056353e+00
9.75308291e-01
7.83427309e-01
1.00011282e+00
9.34485734e-01
1.01075626e+00
1.12237289e+00
8.72818687e-01
1.04837257e+00
9.17542314e-01
8.95700185e-01
8.76208876e-01
7.30575831e-01
9.18849182e-01
8.95290336e-01
1.14216399e+00
8.74445519e-01
9.29401856e-01
1.00147610e+00
8.77273885e-01
1.02830083e+00
8.54594781e-01
7.08048090e-01
9.16239278e-01
1.09345624e+00
1.00537623e+00
1.04659680e+00
1.11443034e+00
1.03109084e+00
1.03805090e+00
9.35009818e-01
1.03901463e+00
1.05230720e+00
8.20763359e-01
9.05715826e-01
9.59861781e-01
7.12169602e-01
1.05073905e+00
9.81206502e-01
8.82482639e-01
9.53417111e-01
8.93471225e-01
9.83946807e-01
8.76049358e-01
9.78997025e-01
8.41375611e-01
1.09035275e+00
1.05905744e+00
7.34576111e-01
7.50423311e-01
1.05309954e+00
6.16836102e-01
9.17788669e-01
1.09742344e+00
5.50311635e-01
8.74763984e-01
1.04840297e+00
1.02519230e+00
7.24704111e-01
9.86028251e-01
9.08734370e-01
1.04804487e+00
1.11009936e+00
9.85413370e-01
9.66293754e-01
9.35147735e-01
8.61389206e-01
9.07974893e-01
1.03955773e+00
8.85470143e-01
9.04087279e-01
8.95178727e-01
8.05626963e-01
9.96667554e-01
9.28529234e-01
9.43971293e-01
1.01517465e+00
1.00924307e+00
1.11686447e+00
6.11392648e-01
9.49611135e-01
9.42607342e-01
1.04391392e+00
9.34037306e-01
1.04695005e+00
1.04017317e+00
9.80838324e-01
1.04850126e+00
8.80283702e-01
8.56408736e-01
9.13528846e-01
9.77082779e-01
1.05897970e+00
7.45130115e-01
1.05067433e+00
1.05582178e+00
8.76423778e-01
1.04215401e+00
9.49157628e-01
1.03464056e+00
9.82831450e-01
1.04478205e+00
9.26932487e-01
9.91634454e-01
9.65521783e-01
8.84090025e-01
1.01982944e+00
9.14884391e-01
9.01018043e-01
9.44989250e-01
1.06371631e+00
1.07291105e+00
9.55017782e-01
9.26943344e-01
9.12693297e-01
8.94813390e-01
9.27003241e-01
1.08929316e+00
1.00938200e+00
9.26151796e-01
1.01957706e+00
8.95558400e-01
8.47870780e-01
9.04359631e-01
1.10475081e+00
6.13292572e-01
1.04173826e+00
9.17756940e-01
1.04472078e+00
1.13888030e+00
9.86683684e-01
9.31348194e-01
9.45141330e-01
1.02053760e+00
1.04359132e+00
5.63477508e-01
1.12554576e+00
8.92940080e-01
7.28130101e-01
8.75163736e-01
9.42863743e-01
1.00759861e+00
1.03597972e+00
1.04905637e+00
9.93248368e-01
1.02813485e+00
8.67103939e-01
1.10046808e+00
1.06512651e+00
8.71944484e-01
1.01965829e+00
7.29136075e-01
9.29003675e-01
1.10958766e+00
9.81593230e-01
1.04290336e+00
1.00737407e+00
1.04495599e+00
1.06095787e+00
1.00604567e+00
8.56636522e-01
9.48881661e-01
1.02085692e+00
1.12443619e+00
8.33571289e-01
9.31543705e-01
1.10782580e+00
9.18305528e-01
1.06156456e+00
9.20052529e-01
9.08245239e-01
9.87821818e-01
8.79591378e-01
8.25659420e-01
9.68418996e-01
4.97751017e-01
1.06526406e+00
7.44930917e-01
1.03273047e+00
9.17567106e-01
8.68574092e-01
9.05517087e-01
8.37446899e-01
9.78512220e-01
9.09781301e-01
7.37651282e-01
1.05237279e+00
7.87062551e-01
9.84164197e-01
7.64122377e-01
9.79703785e-01
1.00858883e+00
8.73136603e-01
1.04017628e+00
1.03889234e+00
1.05351697e+00
1.03054562e+00
9.24243644e-01
8.75676373e-01
1.08406955e+00
9.91826858e-01
7.94946258e-01
9.29468646e-01
9.69385702e-01
9.32472479e-01
8.88086923e-01
9.34415525e-01
1.11150889e+00
1.08877070e+00
8.94490081e-01
9.55950614e-01
1.04742450e+00
1.09555273e+00
8.47579232e-01
8.94845920e-01
9.01591377e-01
8.81506746e-01
9.57723130e-01
1.00238623e+00
9.20239740e-01
8.78684800e-01
9.86132237e-01
1.06590129e+00
1.01439374e+00
8.86567394e-01
9.33316364e-01
9.68707476e-01
7.56270980e-01
9.52298479e-01
8.35964533e-01
1.06488300e+00
1.00188848e+00
9.22973889e-01
9.87035452e-01
9.23451533e-01
9.53500959e-01
9.97580084e-01
6.33799730e-01
1.05596538e+00
1.08324542e+00
1.04066071e+00
1.15194761e+00
8.37959564e-01
1.01817733e+00
1.01409716e+00
9.57801700e-01
1.03241278e+00
1.05144330e+00
9.52286532e-01
1.01286817e+00
8.27757893e-01
9.54460126e-01
1.02180501e+00
9.92612426e-01
1.02392665e+00
8.71871678e-01
1.11388895e+00
6.64062759e-01
9.03553634e-01
9.37450941e-01
8.42170457e-01
9.97905001e-01
8.53603143e-01
8.38260670e-01
6.04482134e-01
1.06092819e+00
1.10359049e+00
9.89954267e-01
8.72720259e-01
1.03866153e+00
8.90937346e-01
9.21933843e-01
1.13985540e+00
8.84269380e-01
1.08666109e+00
9.77812316e-01
8.18100418e-01
9.20311082e-01
1.06342533e+00
8.64508303e-01
8.96582567e-01
9.83862525e-01
9.06933962e-01
8.76528016e-01
1.05814803e+00
1.04493380e+00
1.04787496e+00
1.13098755e+00
1.05624968e+00
4.56555908e-01
1.04742535e+00
1.13125525e+00
9.49132331e-01
1.01317776e+00
1.02476433e+00
9.01641796e-01
9.83790493e-01
8.04026693e-01
9.29933146e-01
8.89235492e-01
1.04845425e+00
8.08257841e-01
1.04706701e+00
8.53991304e-01
9.29075962e-01
1.11796815e+00
9.03186906e-01
9.21289031e-01
1.07204178e+00
9.03936508e-01
7.23859291e-01
8.95027491e-01
8.69534157e-01
7.55195649e-01
9.80093200e-01
8.73597359e-01
8.19638864e-01
1.13990389e+00
8.86868948e-01
8.21043696e-01
1.08112211e+00
1.02053076e+00
8.76792258e-01
1.11653807e+00
9.31613199e-01
1.04859180e+00
8.69377793e-01
1.02022000e+00
1.04919963e+00
1.05076244e+00
9.65031329e-01
8.50666516e-01
9.82750129e-01
1.08735972e+00
1.00032541e+00
6.06301866e-01
9.46149483e-01
9.04303069e-01
6.32903838e-01
1.06413367e+00
9.99454355e-01
9.18043996e-01
9.22469962e-01
1.06567184e+00
9.44428488e-01
6.06236385e-01
1.04958762e+00
1.03522823e+00
9.67019144e-01
8.94218354e-01
9.33149698e-01
4.50668419e-01
9.30388745e-01
4.32049178e-01
1.04722504e+00
9.19586385e-01
9.19067214e-01
9.84845926e-01
8.48114348e-01
9.92216482e-01
9.74860051e-01
1.01061779e+00
9.33090096e-01
9.63307728e-01
1.04996290e+00
8.11261069e-01
1.04863321e+00
7.55193078e-01
1.06786736e+00
1.03424150e+00
1.05238672e+00
9.10430645e-01
1.01297485e+00
8.37069335e-01
1.04928342e+00
9.11584531e-01
1.00702141e+00
1.03111490e+00
8.25092908e-01
8.72791368e-01
8.57387728e-01
9.06676120e-01
9.19403114e-01
9.27639780e-01
6.22063854e-01
1.14935146e+00
9.30570147e-01
9.82609379e-01
9.01083853e-01
9.29488068e-01
1.12525495e+00
8.35062352e-01
7.89055576e-01
9.14792731e-01
8.11296980e-01
9.74584799e-01
9.70177804e-01
9.27130818e-01
9.74797950e-01
9.39447430e-01
9.12458349e-01
9.38506389e-01
9.12062830e-01
8.79197608e-01
8.20673416e-01
6.58323446e-01
9.01917681e-01
1.04353889e+00
5.70828142e-01
9.05246882e-01
8.74645063e-01
8.75851481e-01
9.67020039e-01
9.21383326e-01
1.11003441e+00
1.03860418e+00
1.01494156e+00
1.02975658e+00
9.11775573e-01
8.75272923e-01
1.04795499e+00
9.78896179e-01
9.09830796e-01
8.60316092e-01
6.33963860e-01
9.42769339e-01
9.92039341e-01
9.11594659e-01
8.87952117e-01
9.44675952e-01
1.14461656e+00
1.14194967e+00
9.93721110e-01
1.03764183e+00
9.54169842e-01
1.04468337e+00
8.75421326e-01
9.05409993e-01
9.04596585e-01
1.03984031e+00
1.11862734e+00
9.75406903e-01
9.48201669e-01
1.04737354e+00
9.12903423e-01
8.02009982e-01
1.01663987e+00
9.85514438e-01
1.12556226e+00
9.67488921e-01
8.91640292e-01
1.04388948e+00
9.57902366e-01
5.99280777e-01
1.12274215e+00
8.20110306e-01
9.49141662e-01
8.76139336e-01
1.12977393e+00
9.20960397e-01
9.02937105e-01
9.00090260e-01
1.03004556e+00
7.34466996e-01
9.17096438e-01
6.34579257e-01
3.95802261e-01
4.97233752e-01
9.20096890e-01
1.02573331e+00
9.69663910e-01
1.03206081e+00
8.40861849e-01
9.44405152e-01
1.07124062e+00
7.42238896e-01
1.14638245e+00
1.14455155e+00
1.06014886e+00
9.09543068e-01
1.10554957e+00
1.01443136e+00
9.11089466e-01
7.88907321e-01
1.13112659e+00
1.15158372e+00
1.01793090e+00
6.07335803e-01
1.12824344e+00
9.30822632e-01
1.04130954e+00
1.03447869e+00
9.46585827e-01
8.21660816e-01
9.66786005e-01
7.11056782e-01
1.05097859e+00
1.06090446e+00
1.11244136e+00
9.25097830e-01
3.94359325e-01
1.04219215e+00
8.61115075e-01
9.13579697e-01
8.11605689e-01
7.59174343e-01
1.00826525e+00
1.10352674e+00
9.00574222e-01
1.02482425e+00
9.63005580e-01
1.14068585e+00
8.70866799e-01
8.86668515e-01
9.39422213e-01
8.10275335e-01
8.95796322e-01
4.39803991e-01
1.05225054e+00
1.14874493e+00
1.12503093e+00
8.91515002e-01
9.24215844e-01
9.02334531e-01
9.71554009e-01
8.62870297e-01
6.35178010e-01
9.47466399e-01
5.93167977e-01
8.33326002e-01
6.21138599e-01
9.14492739e-01
9.84493924e-01
5.64147726e-01
9.23054370e-01
8.73029844e-01
1.00147911e+00
8.61819009e-01
9.31469967e-01
9.37160157e-01
9.19190988e-01
8.88128455e-01
7.92347539e-01
1.04896984e+00
9.43258585e-01
9.61189482e-01
8.90338336e-01
7.51764959e-01
1.03966792e+00
8.62439668e-01
1.09319611e+00
9.51623558e-01
1.12992626e+00
8.00679874e-01
4.75610275e-01
7.78056707e-01
7.94996997e-01
1.04897489e+00
1.15105629e+00
1.00967249e+00
9.74032816e-01
9.35955353e-01
8.00697092e-01
9.41891893e-01
1.04725036e+00
9.03798270e-01
8.99963799e-01
1.11412886e+00
7.35606479e-01
9.59619233e-01
1.04063821e+00
8.53637305e-01
8.66766090e-01
1.03760691e+00
1.13997043e+00
1.02737511e+00
9.27495569e-01
8.54883575e-01
1.06385727e+00
1.00232466e+00
9.78709962e-01
1.01342356e+00
8.41818102e-01
9.27052582e-01
9.86973022e-01
6.34116841e-01
1.12714628e+00
8.52765898e-01
8.58620233e-01
9.22701883e-01
9.88040466e-01
1.05409060e+00
9.83621455e-01
8.96984662e-01
8.95995359e-01
9.52013250e-01
1.01091138e+00
9.21273026e-01
4.76367591e-01
1.01726859e+00
8.29518595e-01
8.60189923e-01
1.01300209e+00
8.45121642e-01
1.10883251e+00
8.97325571e-01
1.06833811e+00
5.17512102e-01
1.14310042e+00
8.75907074e-01
8.40075931e-01
9.11781576e-01
6.50456613e-01
8.74377386e-01
1.04018881e+00
1.03858384e+00
9.98516086e-01
8.69876099e-01
1.11657480e+00
8.44838432e-01
8.90773668e-01
8.39121135e-01
8.57068546e-01
9.94583359e-01
1.03604259e+00
8.54163377e-01
8.93213697e-01
8.77576928e-01
9.87759407e-01
1.08090442e+00
1.04322347e+00
1.12629079e+00
9.53209034e-01
9.03546722e-01
9.46971257e-01
9.29269588e-01
1.09228490e+00
7.06435368e-01
9.25401869e-01
1.05143407e+00
9.78950493e-01
8.78185676e-01
9.63634612e-01
9.30118573e-01
1.02784062e+00
1.02471291e+00
9.75085205e-01
8.50869598e-01
1.01327761e+00
1.03789616e+00
6.45316190e-01
9.53683609e-01
9.15638059e-01
8.78206918e-01
1.01938406e+00
9.41071057e-01
9.40941199e-01
8.53008897e-01
9.10700267e-01
9.38992459e-01
1.05506234e+00
9.51881023e-01
9.15617751e-01
7.70224342e-01
8.63047944e-01
7.79321904e-01
8.80872725e-01
1.09231100e+00
8.89024589e-01
9.08684892e-01
1.04402268e+00
9.44599535e-01
1.08839892e+00
8.98360066e-01
1.04251360e+00
9.55927714e-01
6.44650619e-01
7.89960517e-01
6.31741259e-01
9.05032942e-01
1.04589966e+00
1.01630398e+00
6.86818416e-01
6.15405868e-01
8.63324275e-01
9.04153405e-01
1.09355219e+00
1.07937024e+00
9.07454605e-01
1.07894693e+00
1.14974132e+00
1.03881604e+00
9.17216150e-01
9.20208359e-01
9.33258729e-01
1.04987207e+00
8.69899989e-01
9.27841085e-01
9.19374853e-01
1.05120392e+00
8.76817326e-01
8.48481395e-01
9.96094045e-01
9.52812748e-01
8.74597162e-01
1.05725963e+00
8.46291569e-01
9.09780720e-01
1.13130245e+00
1.12512088e+00
8.52445337e-01
9.22059465e-01
9.13084478e-01
1.06620245e+00
8.56043537e-01
9.55312367e-01
8.33788237e-01
9.31199193e-01
9.00613229e-01
9.54198090e-01
7.97771121e-01
1.04911864e+00
9.04815790e-01
9.60341515e-01
9.45081992e-01
8.97467324e-01
1.13903408e+00
9.04459487e-01
1.04951308e+00
9.16179395e-01
1.12239351e+00
6.86005860e-01
1.04688341e+00
8.10293922e-01
1.04831249e+00
8.58986426e-01
1.06169520e+00
1.09416411e+00
8.60842710e-01
9.97421437e-01
1.11616783e+00
1.06488391e+00
1.14827457e+00
9.42980101e-01
7.59924643e-01
7.28311513e-01
7.46684214e-01
1.13637382e+00
1.15232501e+00
1.01623540e+00
6.18231097e-01
1.04853296e+00
1.03311743e+00
1.11457892e+00
9.70707519e-01
1.12870361e+00
9.06351465e-01
9.03510236e-01
1.06760046e+00
9.02004541e-01
1.03943150e+00
9.42459215e-01
1.04993626e+00
9.18025297e-01
9.97605933e-01
9.40536248e-01
1.05440169e+00
9.46612225e-01
8.69055018e-01
8.64227364e-01
9.52847815e-01
9.90941036e-01
8.55083800e-01
8.51710169e-01
1.05381484e+00
1.07311805e+00
6.24108007e-01
8.41368370e-01
8.84962838e-01
8.73849401e-01
8.78806393e-01
1.06268287e+00
6.98560166e-01
1.11323573e+00
9.28129205e-01
1.04197950e+00
8.66369291e-01
8.69348981e-01
8.78018667e-01
9.89389535e-01
1.04934141e+00
8.72224846e-01
9.71812051e-01
1.05023844e+00
7.97080739e-01
9.06479242e-01
9.04071642e-01
8.51330336e-01
1.03792142e+00
9.64452690e-01
1.04897632e+00
8.35928269e-01
9.91627274e-01
9.08665938e-01
8.77312226e-01
1.04747309e+00
1.13757157e+00
1.01017537e+00
8.66272601e-01
1.09201026e+00
8.60771996e-01
4.06008101e-01
5.33858211e-01
1.04375175e+00
8.75876467e-01
9.03252886e-01
1.06005002e+00
9.30882138e-01
1.12169125e+00
1.04771627e+00
9.96307014e-01
9.73133732e-01
7.77488277e-01
1.14583879e+00
1.14188191e+00
1.02778016e+00
1.05161682e+00
8.92555802e-01
5.53128731e-01
7.99427086e-01
6.24381075e-01
9.69042448e-01
9.72847774e-01
8.73428216e-01
7.47627818e-01
9.36791855e-01
1.10416309e+00
8.51287848e-01
9.04223567e-01
9.27380979e-01
9.13715712e-01
8.70672257e-01
1.01703203e+00
1.05373354e+00
8.76370275e-01
1.02506488e+00
1.02523771e+00
1.03069333e+00
1.06278341e+00
8.58285240e-01
8.32408246e-01
5.42169443e-01
8.50996140e-01
9.74382393e-01
1.03956364e+00
9.43434379e-01
9.61951640e-01
1.04924592e+00
9.54831531e-01
9.30287459e-01
8.66718759e-01
8.96495995e-01
8.45964879e-01
8.72330218e-01
1.03852684e+00
1.06033973e+00
9.89613280e-01
9.90364282e-01
6.34533948e-01
1.09966120e+00
9.08889083e-01
1.06600116e+00
9.03587308e-01
9.18291796e-01
8.84035609e-01
1.00638416e+00
1.04632687e+00
1.13348279e+00
1.14967848e+00
9.57414933e-01
1.12738108e+00
6.55163818e-01
9.21478359e-01
1.02814976e+00
1.11724461e+00
9.48060089e-01
1.04451181e+00
9.60505055e-01
9.56674606e-01
1.11822993e+00
8.74034975e-01
1.00203899e+00
1.10146983e+00
1.04133583e+00
5.88301877e-01
8.22428661e-01
8.82092544e-01
9.47634293e-01
8.16262730e-01
1.04310565e+00
9.88878905e-01
8.88231596e-01
9.30308955e-01
9.06623945e-01
1.04624644e+00
9.05064647e-01
1.01205581e+00
6.96741236e-01
9.35142613e-01
6.83559496e-01
9.02914014e-01
9.59674396e-01
9.25651989e-01
9.20126054e-01
9.37887927e-01
9.05709252e-01
1.01404512e+00
1.04785345e+00
1.05206391e+00
1.07159682e+00
8.39669269e-01
9.35132367e-01
9.16169135e-01
1.03995294e+00
9.99538070e-01
8.75099396e-01
1.01784701e+00
1.05942848e+00
9.41989838e-01
9.57166895e-01
9.08858354e-01
7.80719946e-01
1.13155551e+00
1.15249263e+00
1.14464499e+00
7.43099263e-01
1.02703435e+00
9.32955804e-01
9.00153483e-01
9.78679055e-01
1.01287185e+00
7.40208004e-01
1.06879951e+00
1.05587700e+00
1.04257242e+00
1.04843685e+00
8.84132019e-01
1.04131910e+00
9.01151804e-01
6.50748967e-01
8.90327418e-01
1.02157871e+00
9.49653061e-01
9.86198376e-01
8.84816658e-01
7.40457228e-01
9.16765097e-01
1.03276857e+00
7.49592087e-01
6.83394232e-01
8.74747018e-01
9.23902401e-01
1.08916199e+00
9.86297096e-01
9.72581523e-01
9.89668448e-01
8.68138506e-01
9.10814931e-01
5.77246134e-01
5.95763628e-01
8.99996335e-01
1.09519084e+00
9.56225214e-01
1.02518910e+00
9.83774784e-01
5.16061149e-01
1.14440578e+00
9.30288044e-01
1.07546002e+00
1.05280018e+00
8.42494078e-01
8.58817563e-01
1.04578983e+00
1.04542417e+00
9.74960480e-01
9.59302755e-01
9.04014282e-01
8.71344605e-01
9.50549782e-01
1.00490717e+00
4.93697418e-01
1.03885885e+00
1.14343792e+00
8.73352091e-01
8.75530194e-01
1.00956393e+00
1.05021789e+00
8.38423414e-01
1.04041926e+00
9.57380085e-01
1.02270313e+00
9.79640265e-01
1.13422231e+00
1.02504902e+00
1.01523966e+00
1.04705687e+00
9.04952133e-01
9.66935666e-01
8.72396121e-01
7.91667309e-01
9.23221527e-01
9.78696313e-01
1.00168958e+00
1.04555438e+00
1.00261165e+00
9.16893305e-01
1.05190671e+00
8.56144049e-01
1.15283407e+00
1.13676430e+00
1.09485792e+00
8.69542718e-01
1.09674568e+00
8.73199165e-01
5.53091198e-01
1.05342857e+00
1.14645015e+00
9.89467886e-01
1.08822290e+00
7.49932617e-01
8.90243421e-01
8.68098420e-01
1.01415556e+00
1.03659639e+00
1.06159574e+00
9.49610325e-01
8.93513026e-01
9.92407412e-01
9.19356056e-01
6.38414106e-01
8.73558415e-01
9.45571356e-01
5.43236472e-01
1.03376220e+00
1.08083039e+00
8.72711749e-01
1.03942024e+00
9.65905612e-01
8.85396093e-01
8.24506689e-01
9.50264327e-01
1.04628752e+00
9.25648104e-01
9.44586731e-01
1.03665011e+00
9.11973503e-01
9.61419196e-01
1.04752980e+00
9.86523259e-01
1.01796898e+00
1.02956137e+00
9.16249631e-01
1.04058269e+00
9.73287985e-01
9.64073173e-01
8.79689972e-01
6.10829916e-01
1.02120066e+00
6.32151267e-01
1.05486143e+00
9.77360410e-01
9.76548002e-01
9.44772806e-01
1.07510523e+00
1.04918265e+00
1.08976181e+00
9.28612057e-01
1.01536375e+00
9.64829765e-01
1.13738801e+00
6.47790770e-01
5.60040658e-01
9.63441065e-01
1.14964831e+00
1.04201148e+00
1.04823765e+00
9.90365284e-01
1.00211048e+00
9.72271098e-01
8.94685212e-01
1.11999663e+00
9.78313432e-01
1.05143097e+00
9.21351107e-01
1.00169168e+00
8.70372345e-01
8.89016543e-01
9.79204546e-01
1.03969163e+00
9.68695398e-01
8.74474696e-01
1.05094582e+00
1.02323569e+00
4.95105090e-01
1.03732495e+00
9.81843888e-01
9.97212054e-01
7.88010821e-01
9.10130306e-01
1.02694896e+00
1.11146157e+00
8.58933972e-01
1.04153930e+00
1.00474179e+00
1.05031787e+00
9.03644828e-01
1.12280899e+00
1.11145851e+00
1.04967262e+00
1.05323521e+00
9.61434474e-01
8.76445214e-01
8.64815295e-01
9.53512082e-01
8.31752514e-01
8.70950160e-01
8.41320875e-01
9.40379719e-01
8.13783799e-01
8.85701639e-01
1.12027645e+00
9.41193272e-01
9.42592460e-01
9.15768789e-01
1.00068906e+00
9.84803288e-01
1.05113752e+00
8.87847279e-01
9.93034643e-01
1.00877741e+00
1.06149807e+00
1.03635172e+00
1.03331605e+00
1.00521499e+00
9.48381586e-01
1.12017738e+00
9.48312700e-01
1.06921436e+00
1.08304857e+00
8.17330217e-01
9.47007948e-01
8.47048533e-01
9.55723985e-01
1.00251933e+00
1.04239619e+00
3.49549293e-01
9.05912149e-01
9.90078343e-01
9.23223102e-01
8.72796145e-01
8.47758308e-01
1.04905599e+00
1.00584877e+00
6.21809528e-01
8.02623928e-01
1.05107066e+00
8.80866012e-01
9.47210215e-01
8.20114994e-01
1.04917614e+00
8.69995690e-01
9.78442280e-01
9.80314176e-01
7.59153581e-01
9.45537005e-01
9.12783968e-01
1.04982432e+00
1.07358676e+00
8.98930284e-01
9.06973330e-01
6.35398436e-01
8.97801997e-01
5.99583428e-01
9.64116476e-01
6.66578338e-01
9.03305576e-01
1.04974331e+00
1.01843828e+00
1.03149478e+00
9.28199679e-01
7.18922041e-01
9.53379950e-01
8.66301193e-01
9.97293342e-01
5.05587794e-01
8.56480857e-01
9.99596933e-01
1.00087605e+00
9.27037356e-01
9.78487913e-01
1.00829442e+00
6.43719261e-01
1.01996118e+00
4.62808896e-01
1.00499895e+00
6.19053753e-01
4.80422438e-01
9.95295395e-01
9.54816610e-01
1.00421785e+00
9.32907776e-01
9.66220970e-01
1.04829007e+00
9.18178663e-01
9.64507808e-01
1.10685364e+00
9.17327437e-01
1.04624802e+00
1.00090665e+00
1.06249434e+00
1.12575688e+00
1.05344559e+00
8.30256923e-01
1.10098855e+00
9.99363745e-01
1.09985018e+00
9.99928304e-01
1.10598384e+00
9.69249671e-01
8.57987549e-01
8.99787958e-01
8.66984546e-01
9.78776148e-01
7.62106243e-01
8.89987125e-01
9.12259113e-01
9.23753465e-01
9.53984816e-01
7.73268209e-01
1.03582090e+00
1.03590704e+00
9.03196977e-01
8.92315328e-01
1.00265750e+00
8.16218569e-01
9.85078064e-01
9.51838442e-01
1.07849200e+00
8.61135371e-01
5.30400434e-01
9.04669783e-01
9.29935653e-01
9.67663788e-01
1.04826628e+00
1.04720258e+00
9.84510321e-01
1.01215301e+00
7.01801101e-01
1.04567449e+00
1.00152294e+00
9.11494493e-01
1.13887088e+00
8.15002748e-01
8.24147376e-01
8.21467480e-01
1.04542809e+00
6.18606180e-01
9.58875276e-01
8.77407462e-01
9.51021787e-01
8.12951202e-01
8.46951718e-01
1.04256237e+00
1.04349682e+00
1.04232011e+00
8.90114527e-01
8.49834327e-01
5.23984198e-01
9.81263266e-01
1.12627162e+00
1.02028026e+00
7.48825986e-01
8.96799037e-01
7.84286006e-01
5.68217152e-01
1.00764750e+00
9.24939142e-01
1.03426242e+00
9.19728424e-01
5.15676808e-01
7.52366021e-01
1.01594654e+00
9.25156891e-01
9.29428540e-01
1.14676504e+00
1.02716608e+00
1.13290199e+00
9.15214302e-01
1.04996774e+00
8.95731721e-01
1.07978793e+00
1.05194009e+00
8.73960951e-01
9.74609780e-01
9.91026523e-01
9.94182924e-01
7.63652992e-01
9.57984003e-01
7.34249610e-01
9.19452277e-01
1.02512287e+00
1.04898943e+00
9.71924244e-01
7.99778028e-01
1.00293609e+00
9.33837571e-01
9.95049796e-01
5.09109407e-01
8.75618892e-01
9.56168439e-01
1.09163341e+00
9.07365811e-01
1.03283128e+00
9.81093774e-01
8.48957469e-01
9.47744466e-01
1.08833494e+00
9.38539694e-01
1.00220141e+00
5.94189272e-01
9.62076890e-01
9.82471357e-01
8.77072197e-01
7.15305542e-01
8.76282973e-01
1.04746346e+00
9.65361089e-01
8.76191854e-01
1.12120697e+00
8.99293266e-01
8.78519526e-01
1.03320053e+00
1.04535054e+00
1.10246879e+00
9.23469703e-01
1.12333710e+00
1.03229964e+00
9.61459875e-01
1.04322792e+00
1.04059173e+00
8.65321493e-01
1.04897495e+00
8.83330486e-01
8.71815204e-01
9.29563592e-01
8.99765691e-01
9.78447310e-01
8.77248559e-01
8.38750244e-01
8.79119746e-01
6.40034195e-01
9.49343043e-01
1.01698744e+00
8.92838327e-01
6.55338675e-01
8.62423686e-01
8.54492456e-01
6.28017507e-01
8.84181365e-01
9.15437481e-01
9.02906792e-01
9.34467806e-01
9.69478928e-01
9.43930226e-01
1.05461166e+00
1.04774467e+00
7.71357323e-01
1.01421173e+00
1.13643884e+00
9.97025516e-01
9.14932988e-01
9.23871663e-01
9.00511451e-01
1.05991912e+00
9.11325081e-01
1.00945691e+00
1.03696613e+00
8.50795841e-01
6.19982007e-01
1.07562607e+00
6.95780891e-01
9.12938044e-01
1.01248839e+00
1.07592352e+00
9.72110868e-01
8.47170895e-01
8.68811731e-01
8.15487785e-01
1.04267366e+00
1.05226039e+00
1.04932006e+00
7.35018644e-01
1.03790136e+00
1.00414091e+00
9.11237581e-01
9.93390627e-01
9.64293028e-01
1.02120728e+00
8.80657577e-01
7.66318618e-01
8.72408548e-01
1.05866325e+00
9.00624447e-01
9.70519955e-01
7.86911234e-01
7.69958251e-01
9.04846574e-01
1.03551894e+00
1.04993418e+00
1.13938556e+00
1.03429640e+00
9.60278316e-01
9.24716898e-01
9.62362545e-01
9.16282463e-01
8.73616611e-01
1.01674204e+00
5.83829158e-01
8.34177036e-01
8.65868398e-01
9.32668965e-01
9.53998710e-01
1.10726714e+00
9.63525050e-01
1.00429413e+00
8.82951444e-01
9.65768821e-01
9.60138596e-01
1.04399641e+00
1.00077495e+00
8.95393667e-01
6.87836018e-01
9.26278868e-01
9.68584735e-01
9.41340573e-01
1.04952231e+00
1.04923325e+00
8.78740581e-01
8.15463723e-01
1.04641923e+00
8.55721379e-01
5.81182282e-01
4.14353190e-01
1.03961248e+00
6.47406009e-01
9.59346911e-01
7.64759084e-01
1.01124798e+00
1.04851682e+00
1.07917525e+00
1.00986936e+00
1.07090848e+00
9.31139043e-01
1.05356349e+00
1.04630988e+00
1.01496415e+00
1.04739051e+00
8.50921291e-01
8.69900050e-01
8.25084274e-01
9.11501193e-01
1.04692563e+00
9.10606562e-01
8.53428836e-01
1.00450797e+00
1.00182627e+00
1.00335556e+00
8.74981964e-01
1.10939168e+00
9.18007036e-01
1.00105591e+00
5.25386198e-01
1.06983832e+00
9.30907296e-01
9.15227446e-01
8.26212634e-01
9.47139258e-01
9.40614919e-01
8.76054755e-01
9.07956072e-01
8.54128912e-01
8.50291443e-01
1.09054510e+00
1.09765023e+00
8.87292722e-01
7.58815380e-01
1.14370673e+00
9.01174248e-01
1.00073448e+00
9.53569796e-01
1.04466343e+00
1.09842823e+00
1.05363050e+00
1.03904188e+00
9.20654687e-01
6.35397509e-01
8.51804037e-01
9.46215868e-01
5.99436369e-01
8.15272724e-01
6.29634269e-01
1.01304495e+00
9.04157419e-01
9.65224695e-01
9.18230506e-01
9.43422327e-01
1.09497399e+00
9.75530467e-01
1.04548751e+00
9.94452368e-01
8.72634307e-01
9.12668817e-01
9.04475513e-01
1.02513581e+00
8.53665240e-01
9.35927145e-01
9.91718620e-01
1.06729653e+00
9.43475449e-01
9.06764826e-01
1.04836669e+00
8.78469458e-01
9.59580508e-01
9.07397189e-01
9.30812890e-01
1.04431960e+00
1.04009206e+00
1.01303742e+00
9.12624979e-01
1.04966311e+00
1.12261431e+00
1.04899212e+00
1.04072377e+00
1.04475256e+00
6.51609973e-01
8.82819788e-01
9.61606990e-01
9.28735997e-01
9.82208552e-01
1.00214453e+00
1.09527231e+00
9.76400931e-01
9.87639033e-01
9.86514127e-01
9.12487621e-01
8.86267055e-01
9.98186196e-01
9.07035209e-01
8.24235319e-01
1.00366860e+00
1.01470255e+00
9.15605393e-01
9.14129785e-01
9.44063454e-01
8.91410894e-01
8.91158777e-01
1.03393027e+00
7.81276343e-01
9.57398773e-01
9.09045883e-01
1.01802415e+00
9.32447942e-01
1.01802373e+00
1.04839362e+00
9.41537649e-01
9.01494426e-01
8.61272934e-01
9.16160672e-01
8.86531577e-01
8.65888588e-01
1.14285303e+00
8.83316912e-01
4.06187199e-01
7.58288990e-01
9.73052024e-01
9.60181600e-01
9.36512955e-01
7.44915957e-01
1.00202041e+00
5.61395833e-01
1.10495062e+00
1.11755779e+00
8.88438155e-01
1.04853988e+00
8.72222122e-01
9.98642973e-01
9.44450183e-01
7.86474557e-01
8.40095835e-01
8.92609476e-01
1.05011890e+00
9.12959733e-01
9.68279224e-01
1.06006037e+00
1.03995488e+00
1.00341152e+00
8.63750128e-01
1.06379035e+00
9.64207729e-01
1.02173392e+00
5.24800448e-01
9.10240380e-01
1.00393146e+00
9.03694406e-01
9.46716872e-01
6.54085039e-01
4.41776184e-01
8.72743566e-01
8.40951133e-01
1.05603917e+00
8.82864706e-01
9.66416433e-01
6.75183075e-01
1.06816512e+00
1.13542950e+00
9.82257005e-01
7.98280912e-01
9.26493917e-01
1.09437806e+00
1.04991296e+00
7.07009553e-01
1.03042608e+00
8.93889235e-01
9.91080309e-01
9.71107061e-01
9.73120077e-01
8.99747356e-01
8.96659293e-01
6.48351826e-01
9.09181217e-01
8.81263550e-01
8.32605272e-01
4.77467103e-01
9.61150906e-01
1.03112536e+00
9.62359753e-01
1.02608861e+00
8.32879411e-01
5.22725877e-01
8.63481202e-01
1.00460846e+00
8.92052162e-01
8.70466458e-01
9.23757896e-01
9.75783501e-01
9.74023974e-01
7.88624617e-01
1.04610033e+00
9.20017603e-01
9.40250645e-01
9.36927569e-01
1.03427540e+00
7.71345437e-01
1.04273176e+00
8.23291029e-01
9.30006226e-01
4.62039212e-01
9.50484536e-01
9.29688158e-01
9.42293340e-01
8.75625057e-01
9.42830834e-01
8.12214554e-01
1.04061712e+00
8.60803729e-01
6.81002627e-01
8.85425493e-01
9.01122001e-01
1.05313702e+00
1.12075435e+00
1.10521492e+00
5.15970548e-01
8.50915784e-01
1.04994238e+00
1.02235654e+00
8.92073317e-01
8.91085259e-01
9.17325831e-01
1.04599044e+00
1.14858233e+00
1.10655250e+00
8.71833580e-01
8.73101767e-01
1.04695786e+00
7.76891674e-01
9.05788125e-01
9.15034567e-01
8.99344450e-01
8.62201327e-01
1.02010512e+00
1.00343602e+00
8.74787842e-01
8.70956300e-01
1.05782180e+00
9.76803360e-01
9.30185998e-01
1.06150105e+00
7.74561713e-01
8.79881733e-01
8.01178830e-01
9.15542206e-01
8.93267556e-01
8.99853780e-01
1.13699427e+00
1.04718674e+00
9.53607937e-01
9.55176738e-01
1.09283217e+00
9.67438283e-01
9.07883464e-01
9.79547511e-01
9.04434290e-01
9.62861318e-01
9.64128305e-01
7.99734353e-01
7.70713657e-01
1.05723283e+00
9.97125950e-01
8.35466803e-01
8.62834615e-01
1.05180114e+00
9.13334833e-01
8.83430790e-01
1.15129936e+00
9.72841516e-01
8.70518443e-01
8.61883210e-01
9.35488109e-01
1.03791650e+00
9.48041892e-01
9.27545459e-01
1.05066158e+00
8.80757367e-01
9.36733666e-01
9.73816872e-01
9.26985116e-01
1.05153285e+00
5.92412279e-01
5.80321079e-01
1.04342936e+00
1.04617174e+00
1.01411242e+00
4.58203687e-01
9.07555906e-01
1.01517308e+00
1.02488151e+00
9.93295025e-01
6.03550727e-01
9.35251018e-01
5.55097580e-01
1.01563236e+00
9.04431832e-01
9.16419679e-01
9.94383934e-01
1.06187666e+00
1.03199128e+00
1.07141472e+00
8.82461063e-01
9.41615525e-01
1.02989129e+00
9.83312522e-01
1.13347621e+00
1.00236029e+00
8.54416041e-01
9.50636535e-01
9.76854950e-01
9.36399796e-01
8.37926825e-01
1.06464876e+00
8.60585402e-01
8.95477844e-01
9.17941960e-01
1.00661809e+00
9.61112819e-01
8.54818363e-01
7.96630422e-01
8.85598114e-01
9.58872779e-01
1.01427836e+00
8.98279890e-01
9.76587109e-01
6.19169946e-01
8.86967493e-01
7.97729556e-01
1.03213214e+00
1.07264087e+00
1.01502303e+00
1.06269751e+00
4.02927130e-01
8.70236042e-01
8.71080279e-01
8.14157773e-01
9.46783873e-01
9.55106186e-01
9.13034569e-01
1.04620695e+00
4.55835128e-01
7.99464194e-01
9.57289951e-01
9.39170392e-01
1.13350472e+00
8.18252880e-01
8.93874173e-01
6.59451983e-01
8.99367335e-01
1.05261033e+00
9.13975965e-01
9.95252248e-01
9.32738977e-01
9.44513593e-01
7.88747972e-01
1.02155468e+00
8.33000260e-01
1.01711073e+00
1.14745658e+00
9.30076331e-01
1.07820394e+00
8.96868227e-01
9.05343994e-01
8.96078915e-01
1.01050774e+00
8.61320508e-01
8.59693660e-01
1.00625084e+00
1.05210331e+00
9.89500561e-01
9.95313764e-01
7.72114303e-01
9.58034240e-01
8.69936786e-01
8.12484892e-01
1.03315511e+00
8.84600791e-01
8.77750519e-01
7.79084435e-01
8.13277708e-01
9.59286729e-01
9.38446534e-01
9.44331717e-01
8.37438955e-01
1.03392134e+00
1.02130088e+00
9.02865897e-01
1.14760686e+00
1.03241496e+00
7.69773745e-01
1.04072285e+00
1.01922223e+00
1.04024196e+00
1.05977532e+00
8.96493456e-01
7.59557455e-01
7.77347079e-01
9.28997552e-01
9.42567076e-01
1.04302067e+00
1.00802070e+00
9.78977699e-01
9.93517669e-01
1.12977184e+00
9.28257880e-01
1.00330654e+00
9.86850510e-01
1.05098840e+00
9.53372800e-01
9.87389156e-01
9.90530516e-01
1.00667521e+00
8.50259120e-01
9.82120452e-01
9.76410429e-01
9.68923035e-01
8.29209642e-01
1.07000977e+00
9.10714069e-01
9.00071688e-01
8.77549374e-01
9.26834358e-01
1.00958409e+00
8.78625490e-01
8.97904373e-01
9.04927527e-01
9.58130987e-01
8.76661501e-01
1.09082054e+00
6.23747917e-01
7.94039870e-01
1.12721198e+00
9.37965250e-01
8.89916594e-01
9.31291812e-01
8.85025776e-01
9.06402656e-01
1.15135822e+00
8.09016467e-01
8.74376297e-01
9.18274751e-01
1.04698747e+00
8.81499808e-01
9.82943076e-01
9.26538906e-01
9.76365904e-01
9.37000867e-01
1.02421549e+00
1.06067124e+00
1.04360248e+00
9.36839495e-01
8.34183795e-01
1.09980745e+00
1.05260303e+00
9.00793956e-01
9.10101488e-01
1.05529449e+00
9.20904698e-01
8.61580017e-01
8.92954828e-01
1.02245898e+00
8.71722905e-01
8.47775386e-01
1.14666727e+00
9.29480074e-01
8.23491990e-01
9.19324973e-01
1.04876212e+00
6.08477458e-01
1.00029002e+00
1.13353228e+00
9.41989468e-01
9.20752262e-01
1.00328667e+00
9.26507254e-01
7.44259725e-01
9.11725263e-01
1.07608738e+00
9.01647172e-01
9.17579739e-01
8.37254221e-01
8.06306468e-01
1.04221231e+00
9.18070324e-01
9.63566520e-01
9.15525504e-01
8.77333722e-01
9.40990122e-01
8.52701412e-01
9.44914051e-01
9.06893385e-01
8.82151168e-01
1.08048593e+00
9.14235496e-01
9.86896541e-01
9.86742975e-01
9.90546317e-01
9.64638508e-01
7.11905154e-01
1.04139534e+00
9.66261268e-01
9.10603469e-01
8.06488455e-01
9.86803540e-01
1.04882365e+00
1.12434315e+00
1.13793578e+00
8.51218438e-01
9.85018922e-01
8.59242233e-01
1.02182828e+00
7.95249057e-01
8.73098566e-01
7.82153647e-01
1.00434653e+00
1.03875895e+00
8.20508952e-01
9.38500619e-01
9.86168566e-01
9.26244560e-01
1.00140832e+00
9.92347096e-01
9.13299740e-01
4.72259622e-01
4.92790506e-01
9.58498629e-01
8.83029365e-01
8.83568243e-01
9.69183186e-01
1.01505932e+00
7.98133745e-01
9.53038463e-01
1.09906660e+00
9.84500801e-01
9.89200679e-01
9.44572709e-01
5.28040270e-01
9.15185668e-01
1.06131979e+00
1.02324024e+00
8.54318122e-01
1.05620394e+00
1.13044138e+00
8.07634528e-01
1.01385402e+00
7.86364625e-01
9.08905946e-01
5.81854611e-01
9.64570373e-01
9.86256336e-01
1.02327834e+00
1.05019811e+00
8.86359525e-01
9.28911945e-01
8.44205445e-01
9.92904657e-01
1.03241889e+00
8.21506116e-01
9.16861681e-01
9.99024330e-01
9.15004674e-01
8.98236556e-01
9.12892432e-01
1.01606323e+00
1.02972586e+00
9.82422063e-01
1.00591685e+00
6.87493714e-01
4.37332986e-01
8.79765570e-01
9.32015603e-01
1.12527648e+00
9.67077438e-01
1.04993142e+00
1.14482872e+00
1.02349313e+00
8.53813137e-01
9.82700265e-01
9.14565062e-01
1.07018299e+00
4.24915412e-01
9.80185523e-01
9.83980215e-01
8.99347302e-01
9.83995834e-01
1.14655821e+00
1.06754114e+00
9.91253587e-01
9.02827622e-01
9.77664509e-01
9.25158933e-01
1.03896722e+00
9.68549397e-01
9.06933463e-01
9.24026630e-01
1.01280276e+00
1.05037380e+00
1.04693411e+00
8.92959986e-01
6.09381464e-01
9.26274127e-01
8.92509857e-01
9.23056385e-01
1.05032858e+00
8.43054520e-01
7.98136549e-01
7.94137662e-01
1.04821574e+00
6.84447783e-01
8.76271471e-01
1.13080174e+00
9.43881386e-01
9.71045629e-01
9.40969279e-01
9.94785586e-01
5.94500655e-01
8.38454938e-01
8.80951725e-01
8.37452231e-01
1.09675416e+00
1.13788950e+00
1.08102354e+00
6.55823847e-01
9.96511887e-01
4.52191176e-01
9.74700283e-01
1.05377777e+00
9.63334241e-01
9.88596364e-01
8.15419246e-01
9.97254547e-01
8.57241566e-01
5.68299405e-01
8.26896980e-01
1.04381729e+00
9.68596576e-01
9.99688893e-01
9.00466161e-01
1.01387840e+00
8.50569717e-01
9.12861948e-01
1.06672105e+00
9.08659019e-01
8.71629458e-01
6.65597766e-01
9.31113699e-01
9.03961303e-01
9.76129120e-01
9.78734787e-01
1.04588505e+00
1.01397159e+00
9.83051579e-01
9.75151474e-01
9.63304974e-01
1.14169525e+00
8.48077585e-01
9.24661206e-01
8.20710579e-01
9.63984605e-01
9.27779948e-01
9.13917401e-01
9.82095143e-01
9.53489325e-01
1.10719979e+00
1.13496813e+00
8.89575581e-01
8.91087064e-01
8.91515651e-01
8.56060768e-01
7.67558953e-01
1.11207210e+00
1.01626136e+00
8.71090322e-01
9.67179449e-01
9.32143093e-01
9.14221423e-01
1.01689000e+00
9.92169088e-01
8.35312415e-01
1.05885812e+00
9.75266654e-01
9.13993403e-01
8.74073497e-01
9.16744571e-01
9.68434626e-01
1.04484329e+00
9.88261829e-01
9.39689901e-01
8.46127478e-01
1.12879444e+00
9.42444145e-01
9.08988478e-01
9.37564983e-01
9.19509994e-01
1.04494359e+00
1.05412847e+00
8.57621215e-01
8.14655478e-01
9.97092453e-01
1.04092902e+00
9.32695966e-01
9.22424046e-01
6.11414131e-01
1.01975416e+00
9.81434473e-01
1.04561427e+00
1.01402823e+00
4.09014177e-01
8.41798458e-01
8.06323057e-01
8.26495453e-01
1.02597706e+00
9.60831142e-01
1.03194331e+00
6.36400330e-01
7.70804538e-01
8.74787693e-01
7.60153202e-01
9.58709364e-01
9.55091697e-01
6.81909270e-01
9.55383104e-01
1.04963274e+00
8.70954329e-01
8.59823410e-01
1.02759287e+00
9.46692973e-01
8.99525512e-01
9.32265580e-01
1.05586856e+00
1.03893657e+00
8.63546436e-01
4.32371104e-01
8.89337616e-01
1.07130514e+00
1.00375182e+00
9.89386837e-01
9.00012099e-01
8.95384381e-01
9.18831833e-01
9.01210544e-01
1.07548863e+00
8.79620243e-01
8.88752318e-01
8.55629501e-01
7.03203289e-01
8.95068507e-01
9.86993134e-01
1.04677291e+00
6.20806701e-01
8.28377601e-01
9.85024437e-01
8.60740602e-01
6.91160195e-01
9.37194731e-01
6.59893925e-01
4.15254754e-01
9.63505326e-01
9.08225627e-01
1.05084950e+00
8.68712207e-01
9.42420824e-01
8.48652613e-01
9.82684333e-01
7.94956869e-01
1.13551590e+00
1.13121629e+00
1.14345168e+00
1.05445449e+00
9.63328699e-01
9.05632082e-01
1.09847457e+00
6.88975361e-01
7.92982139e-01
4.78569366e-01
8.86685082e-01
1.05923219e+00
1.04933746e+00
8.93899582e-01
1.02574078e+00
8.86736582e-01
1.11010268e+00
8.11694117e-01
9.37188083e-01
1.05834390e+00
9.08449885e-01
1.05044242e+00
1.00991257e+00
1.05255197e+00
1.07393791e+00
8.89822234e-01
9.31574474e-01
9.84324823e-01
9.83985365e-01
1.09216387e+00
8.41898145e-01
9.01886662e-01
1.11103210e+00
7.84786698e-01
9.31580111e-01
9.73425138e-01
1.06309013e+00
9.13539253e-01
9.03479898e-01
9.52635463e-01
9.24059209e-01
1.14117330e+00
8.96052557e-01
9.70656667e-01
1.14905414e+00
1.02751653e+00
8.90360399e-01
1.10714627e+00
8.80642137e-01
9.08660029e-01
9.12433044e-01
1.05037433e+00
1.03791280e+00
8.73331945e-01
7.95764534e-01
8.42634082e-01
9.94161120e-01
9.62692622e-01
9.65977634e-01
9.34027566e-01
1.03119975e+00
9.14060698e-01
1.04765974e+00
9.87705654e-01
1.08266253e+00
8.79428214e-01
9.35699439e-01
1.13938435e+00
8.14741633e-01
1.01465778e+00
8.44330588e-01
8.62261725e-01
9.35802312e-01
1.04800012e+00
9.36651623e-01
8.90803581e-01
9.58356504e-01
1.00051950e+00
9.98213868e-01
9.23510822e-01
1.03297244e+00
1.04444073e+00
1.05565356e+00
1.01624231e+00
8.66375998e-01
1.03543286e+00
6.83762122e-01
8.94367249e-01
8.27506730e-01
8.95862700e-01
8.55410230e-01
8.87715568e-01
1.11852291e+00
1.02785876e+00
1.05000786e+00
1.03865535e+00
9.66551600e-01
8.99388603e-01
1.10873375e+00
8.95544718e-01
9.35407461e-01
1.01553022e+00
1.03337303e+00
1.02827123e+00
9.01630105e-01
1.12686488e+00
9.49883977e-01
1.14061021e+00
9.80942217e-01
8.85803557e-01
9.63441258e-01
8.93992447e-01
9.44658581e-01
4.77977895e-01
1.01246377e+00
8.75764277e-01
4.25733215e-01
8.39632594e-01
6.82434473e-01
1.00852847e+00
8.87668295e-01
8.16650125e-01
1.02100905e+00
9.99405860e-01
8.78649171e-01
9.05508266e-01
8.64987733e-01
9.96435945e-01
9.00946669e-01
1.03698130e+00
9.08706579e-01
8.81617323e-01
8.68403600e-01
9.66062625e-01
1.12836359e+00
1.04725789e+00
9.30990475e-01
9.98147705e-01
9.69996941e-01
1.03167223e+00
1.03846674e+00
9.44451786e-01
9.60253749e-01
8.43699807e-01
9.62108337e-01
9.72990608e-01
9.95055941e-01
1.02961038e+00
9.89960472e-01
1.01661922e+00
1.01845199e+00
1.03657434e+00
7.94736324e-01
8.00443185e-01
9.05051779e-01
9.14841708e-01
1.11603546e+00
1.07979720e+00
7.04700190e-01
1.03514950e+00
9.65198482e-01
9.90102433e-01
8.96539558e-01
1.11524679e+00
1.10613484e+00
9.92439588e-01
9.94584233e-01
8.59897469e-01
9.11960828e-01
9.10348330e-01
9.68440928e-01
1.03894132e+00
1.04588047e+00
9.71537808e-01
1.12464386e+00
1.03586588e+00
1.01123146e+00
9.55981211e-01
9.11688924e-01
SCALARS pressure double 1
LOOKUP_TABLE default
6.48300938e-01
7.33213340e-01
7.10931815e-01
6.83819793e-01
7.62902078e-01
8.01277365e-01
6.51570503e-01
7.81188699e-01
7.81029384e-01
8.03946983e-01
6.51897033e-01
7.27355775e-01
5.84581259e-01
5.62675258e-01
6.67706897e-01
7.65449095e-01
6.56919820e-01
7.60504111e-01
7.09808114e-01
6.41644264e-01
6.25206993e-01
7.24533661e-01
8.39717210e-01
4.88588171e-01
5.56277283e-01
7.92340760e-01
8.07374698e-01
6.59657037e-01
8.73787949e-01
8.02087639e-01
6.59865409e-01
7.67165755e-01
3.30380484e-01
6.06847615e-01
6.62739090e-01
3.80923301e-01
7.06895239e-01
6.56276502e-01
6.54478607e-01
6.51738643e-01
7.73895816e-01
6.22613199e-01
8.05812557e-01
7.78170014e-01
6.59428453e-01
7.41239367e-01
8.23474499e-01
4.69438692e-01
6.38260711e-01
5.89056497e-01
6.57508726e-01
6.52399315e-01
5.08238517e-01
7.49760497e-01
6.63096965e-01
6.53176211e-01
1.58452476e-01
6.79071302e-01
7.79426313e-01
7.43147010e-01
8.39387567e-01
6.08418809e-01
5.11084437e-01
6.89333586e-01
6.24319422e-01
6.66416893e-01
6.14935329e-01
8.66081509e-01
7.88237981e-01
5.24954562e-01
8.74301382e-01
7.94619959e-01
7.10314406e-01
8.26167840e-01
6.52637030e-01
6.41173006e-01
2.16658709e-01
8.42166205e-01
5.87245598e-01
6.42235485e-01
5.72365107e-01
6.58462758e-01
6.45673163e-01
6.98300954e-01
5.15695565e-01
6.55302033e-01
6.49893812e-01
7.04479994e-01
6.90208958e-01
4.73946050e-01
6.77851854e-01
7.31577172e-01
7.23110479e-01
7.60852970e-01
7.65665611e-01
7.09658647e-01
6.68953229e-01
3.02121654e-01
7.83828212e-01
7.11692317e-01
5.57933925e-01
6.38140148e-01
6.52048221e-01
6.43001075e-01
6.10360904e-01
6.54859714e-01
7.14823050e-01
7.50558816e-01
8.11052481e-01
6.54492974e-01
7.60436496e-01
7.86077228e-01
6.55136854e-01
7.60420813e-01
7.66511110e-01
7.59153878e-01
5.82984834e-01
7.13008905e-01
7.12819466e-01
7.99548181e-01
5.38196473e-01
7.06351617e-01
3.93195397e-01
7.64553018e-01
5.67742237e-01
6.18541863e-01
5.97624601e-01
6.51244354e-01
5.98289341e-01
3.71217129e-01
5.96319275e-01
7.11772354e-01
6.59822125e-01
6.99927013e-01
6.96386257e-01
5.31304218e-01
7.44078818e-01
7.99690270e-01
6.40343332e-01
4.29019034e-01
6.70551142e-01
6.62126752e-01
5.92908063e-01
7.13156330e-01
6.94280997e-01
6.57359227e-01
5.92483671e-01
5.83874671e-01
6.53682159e-01
4.95234724e-01
7.40540196e-01
7.19023581e-01
4.85868038e-01
6.54188718e-01
8.45141290e-01
7.65073869e-01
7.09924770e-01
6.56378696e-01
6.81048763e-01
5.62786200e-01
7.56426962e-01
7.57031797e-01
4.49015115e-01
7.48811316e-01
6.56527729e-01
6.18569821e-01
6.37620810e-01
7.26449055e-01
7.09972111e-01
6.98584119e-01
4.75900153e-01
5.86595853e-01
6.13002353e-01
6.16804628e-01
6.82516043e-01
7.10255288e-01
7.04328142e-01
7.90851824e-01
7.11297739e-01
6.49872202e-01
6.92817224e-01
7.12962727e-01
6.75966866e-01
1.84759689e-01
5.58584257e-01
6.39110218e-01
6.24130590e-01
7.10685359e-01
6.52407823e-01
6.66087298e-01
7.04325587e-01
6.98060141e-01
8.53936431e-01
6.63088398e-01
7.77305834e-01
7.16693450e-01
6.40412559e-01
6.54934228e-01
7.11412175e-01
7.64062945e-01
8.52326550e-01
7.09566284e-01
6.40095082e-01
6.57184998e-01
2.98140833e-01
6.47376212e-01
5.92927656e-01
6.63424650e-01
6.44555324e-01
7.59843815e-01
7.08018066e-01
5.23532995e-01
7.09133447e-01
4.31018573e-01
8.67022942e-01
8.69123965e-01
7.99879709e-01
7.09565426e-01
7.11127521e-01
8.01271938e-01
7.90541767e-01
6.45909311e-01
6.57216375e-01
6.80854970e-01
7.64604319e-01
7.11386449e-01
6.50829122e-01
7.44259370e-01
6.59755418e-01
8.28576958e-01
4.41333365e-01
6.21362437e-01
5.96064083e-01
6.74988566e-01
6.52990401e-01
6.63807850e-01
6.63641948e-01
8.00875416e-01
5.78557771e-01
7.09896052e-01
7.32541877e-01
2.41975326e-01
7.77092181e-01
6.36923416e-01
7.06620442e-01
2.49246371e-01
6.37192910e-01
6.54921909e-01
6.16439568e-01
7.11076826e-01
7.11629401e-01
7.11296023e-01
6.49579811e-01
7.87383449e-01
5.82379921e-01
6.30267901e-01
6.51207039e-01
6.81244728e-01
5.95148903e-01
7.83854653e-01
7.12459073e-01
5.22723806e-01
6.58898480e-01
7.87803810e-01
7.03327034e-01
6.21357123e-01
6.50188424e-01
4.24244871e-01
6.40275623e-01
6.57956239e-01
7.12909547e-01
6.24028637e-01
5.24458488e-01
7.56102338e-01
7.70246915e-01
6.55759459e-01
6.46842239e-01
7.17797499e-01
6.63690149e-01
6.31048019e-01
7.06633070e-01
8.59691483e-01
6.53425865e-01
7.20244172e-01
7.98795569e-01
5.92866688e-01
7.11231959e-01
7.91897191e-01
5.09619098e-01
6.55208649e-01
5.95349030e-01
6.56850787e-01
7.07124357e-01
6.62962788e-01
6.53784990e-01
2.91292537e-01
7.42440039e-01
6.49795551e-01
7.01012996e-01
6.59488194e-01
6.56876321e-01
7.16837433e-01
6.31204311e-01
6.46378060e-01
6.48360609e-01
6.07279620e-01
7.11123369e-01
7.32504733e-01
7.37469448e-01
6.62994048e-01
4.63828495e-01
3.38098481e-01
7.65085922e-01
7.34394630e-01
7.79064122e-01
7.10828498e-01
8.56129110e-01
7.67013639e-01
7.13042373e-01
7.96614306e-01
5.87829010e-01
7.64964650e-01
4.19579420e-01
6.98983217e-01
6.62002764e-01
7.07100383e-01
6.75619381e-01
7.08365311e-01
7.11110174e-01
7.10884607e-01
7.60277541e-01
8.29522512e-01
7.12736731e-01
6.62344180e-01
6.47432103e-01
8.02014304e-01
6.60014595e-01
4.80547896e-01
4.35558727e-01
6.30328159e-01
7.72447939e-01
7.66580022e-01
1.71784065e-01
7.08492672e-01
6.76180807e-01
5.77906757e-01
7.84490097e-01
7.09868680e-01
7.94895052e-01
6.58657725e-01
6.40644617e-01
7.26174675e-01
6.38385849e-01
8.24754337e-01
8.06914570e-01
6.63727531e-01
7.05454056e-01
7.77129539e-01
7.53646575e-01
6.56380707e-01
6.49945463e-01
7.65343784e-01
4.98744536e-01
8.43724109e-01
7.60592596e-01
7.70090336e-01
7.68875262e-01
6.48419970e-01
6.73728395e-01
6.89424820e-01
7.94299573e-01
7.38404837e-01
7.71221406e-01
6.67220406e-01
8.22658612e-01
7.09128528e-01
7.65332788e-01
8.26237020e-01
6.51104593e-01
7.10345250e-01
7.10347897e-01
3.49267319e-01
7.10207928e-01
6.56603655e-01
7.09918002e-01
7.99560946e-01
6.68761632e-01
7.14055304e-01
6.12340794e-01
4.39742887e-01
6.54272045e-01
6.45584262e-01
7.11453336e-01
7.76991135e-01
7.60183743e-01
7.75395209e-01
6.53957245e-01
3.10220510e-01
7.32725560e-01
6.53277093e-01
6.57224956e-01
8.67737135e-01
6.99876209e-01
8.72739863e-01
7.46635154e-01
7.12516250e-01
6.61188665e-01
7.11823939e-01
6.65265412e-01
7.38297782e-01
4.60347632e-01
8.23847398e-01
7.60328392e-01
7.09211095e-01
6.22899936e-01
3.47278704e-01
7.84143084e-01
6.41909312e-01
7.08815741e-01
8.04452916e-01
6.94697192e-01
8.52818067e-01
7.55778261e-01
7.61886477e-01
7.31778196e-01
6.51911407e-01
5.87810827e-01
7.11423162e-01
7.09156297e-01
6.93907494e-01
7.69264913e-01
7.94398333e-01
7.12147401e-01
3.52530878e-01
7.45983056e-01
6.54687902e-01
8.21155787e-01
7.33394194e-01
7.60597360e-01
6.94495575e-01
7.68447098e-01
7.73380656e-01
5.82205739e-01
6.83364661e-01
5.25980841e-01
3.71451607e-01
8.02660803e-01
6.50377678e-01
6.87549213e-01
5.49774095e-01
7.09277952e-01
5.75956586e-01
8.69929238e-01
7.09439565e-01
7.19285357e-01
7.58485161e-01
6.19976403e-01
5.72376089e-01
7.54069826e-01
6.27723355e-01
5.92380736e-01
7.56174543e-01
6.19385681e-01
7.11851344e-01
6.53237892e-01
7.93099762e-01
7.63383263e-01
5.61173567e-01
7.00992708e-01
5.62092487e-01
7.11775046e-01
6.46718415e-01
6.58384712e-01
7.09956263e-01
6.68722262e-01
1.73853290e-01
6.62098109e-01
7.11321712e-01
7.09932642e-01
7.09711663e-01
8.02671375e-01
6.54092835e-01
5.28691919e-01
7.76488982e-01
5.96552863e-01
7.57254789e-01
6.96726698e-01
7.58212682e-01
8.02775230e-01
6.38546287e-01
6.62743360e-01
7.74415532e-01
7.12771934e-01
6.21383438e-01
6.83684446e-01
7.68723201e-01
6.57640534e-01
8.17983757e-01
6.58716580e-01
7.17043651e-01
7.62838983e-01
2.60140205e-01
6.14641601e-01
8.03807474e-01
6.62961587e-01
8.34237509e-01
8.04669159e-01
7.07936754e-01
7.63811050e-01
6.94027526e-01
7.09271480e-01
6.58567306e-01
7.32695969e-01
7.23689846e-01
6.57554921e-01
6.73511672e-01
7.58344600e-01
8.03826332e-01
7.43018037e-01
6.45321550e-01
6.75885163e-01
7.62450574e-01
7.64719933e-01
5.09614697e-01
7.14498731e-01
5.84280167e-01
6.44864779e-01
7.54243086e-01
4.59393814e-01
6.59618334e-01
1.88727989e-01
6.43026510e-01
5.56541351e-01
8.37904535e-01
5.25550348e-01
6.35620308e-01
7.63523056e-01
6.58987148e-01
5.79236668e-01
7.62954314e-01
5.79241523e-01
7.65871129e-01
5.93478648e-01
5.33916628e-01
6.46977587e-01
6.47790007e-01
6.14525293e-01
6.57876721e-01
6.62202521e-01
7.44650155e-01
8.26093150e-01
7.11425976e-01
6.55340457e-01
6.36259697e-01
6.04077908e-01
7.27408961e-01
6.10650057e-01
7.12297937e-01
6.29080427e-01
7.09998054e-01
7.00293486e-01
6.58982810e-01
7.11888559e-01
6.58045782e-01
7.13025104e-01
5.77747309e-01
7.60101282e-01
5.06031400e-01
6.57750819e-01
7.10766612e-01
7.65390375e-01
7.51384216e-01
6.39510993e-01
7.05364328e-01
6.49770788e-01
6.61708657e-01
4.73030799e-01
8.53175316e-01
7.35544155e-01
6.47577469e-01
8.28375224e-01
6.51626309e-01
7.70727618e-01
7.93875235e-01
6.22890160e-01
6.39532889e-01
7.61633953e-01
7.64073121e-01
6.58429414e-01
7.65206012e-01
5.35585294e-01
6.53266964e-01
8.47524752e-01
7.09852339e-01
7.01037081e-01
6.94791415e-01
6.07654783e-01
7.09794790e-01
7.11031163e-01
6.96622819e-01
6.72628686e-01
6.56911180e-01
6.63400826e-01
5.87411009e-01
6.60632781e-01
6.92339295e-01
7.66645077e-01
3.97315126e-01
6.99940342e-01
7.11534811e-01
6.55831568e-01
6.49483573e-01
6.43882570e-01
6.63328862e-01
7.15599870e-01
7.72731024e-01
6.75621023e-01
7.63847682e-01
6.33584535e-01
2.66716540e-01
6.71250381e-01
7.96517150e-01
8.03224390e-01
6.50663343e-01
8.43215373e-01
6.87168089e-01
7.62473135e-01
7.09370931e-01
7.63695648e-01
6.57256672e-01
7.62787394e-01
7.75854110e-01
6.46520592e-01
6.48455034e-01
6.62063639e-01
7.11461813e-01
7.02162896e-01
8.58564263e-01
6.78473666e-01
7.09780072e-01
6.55102202e-01
6.57255982e-01
7.59884947e-01
7.63795257e-01
3.29324299e-01
6.92875575e-01
7.77680380e-01
7.13102434e-01
6.54087559e-01
7.64584455e-01
6.59153002e-01
5.35013038e-01
8.02314733e-01
6.35119248e-01
6.37328951e-01
6.58802057e-01
7.70999372e-01
7.11375868e-01
6.35883600e-01
5.43332649e-01
5.15579290e-01
7.32460198e-01
6.01016290e-01
6.57674554e-01
7.68183262e-01
6.37839124e-01
4.00006447e-01
6.31903901e-01
6.64250741e-01
6.63628598e-01
5.44258755e-01
6.95256268e-01
7.43069654e-01
7.79544990e-01
8.21838352e-01
3.78976873e-01
7.63787005e-01
6.11330052e-01
6.73977913e-01
6.95504328e-01
7.79273200e-01
7.11452704e-01
6.52803085e-01
6.50502477e-01
6.53750211e-01
7.65549900e-01
6.50362362e-01
7.92088159e-01
6.54929672e-01
6.64978700e-01
7.09681129e-01
7.82314994e-01
6.46785919e-01
7.10414444e-01
7.30043069e-01
6.41092359e-01
6.51806036e-01
8.00171001e-01
7.73262231e-01
8.01679549e-01
6.71599091e-01
6.54299884e-01
3.90038014e-01
4.80094235e-01
6.96344379e-01
5.13358558e-01
6.54601398e-01
6.71754558e-01
6.97229681e-01
7.70056112e-01
6.72263642e-01
7.87773741e-01
6.58908852e-01
8.28723048e-01
7.62762541e-01
6.41611988e-01
5.35908487e-01
6.31550672e-01
7.96546664e-01
6.61718300e-01
6.33582854e-01
8.63265089e-01
3.90243888e-01
6.27612849e-01
7.59131286e-01
6.55363512e-01
6.49046402e-01
7.60707622e-01
6.87970813e-01
7.10408969e-01
7.58612866e-01
6.57765947e-01
7.62166655e-01
6.50205495e-01
5.78328598e-01
7.12133635e-01
7.61796585e-01
3.71925661e-01
7.10765590e-01
7.10771673e-01
6.57310906e-01
5.78347565e-01
7.62740458e-01
3.16604890e-01
6.76468583e-01
7.96102860e-01
6.56650650e-01
8.34542174e-01
6.21944067e-01
8.14543606e-01
7.61691005e-01
6.29593000e-01
6.31405722e-01
7.88550116e-01
6.46223947e-01
7.32193176e-01
6.81032166e-01
5.44141958e-01
6.74981904e-01
7.64904775e-01
6.14309799e-01
8.57258591e-01
6.38525586e-01
6.51537482e-01
6.45556534e-01
7.61452954e-01
6.69486315e-01
6.52732547e-01
6.50240365e-01
7.19446654e-01
7.10050118e-01
7.11498991e-01
6.14277349e-01
6.45788985e-01
7.89939513e-01
3.01102847e-01
6.69795828e-01
6.56343303e-01
7.66478499e-01
7.35097084e-01
7.12335972e-01
6.51094438e-01
7.63881575e-01
8.33726336e-01
6.60613399e-01
7.11302053e-01
7.33105818e-01
7.95994275e-01
7.01798113e-01
6.63863854e-01
7.59758285e-01
6.63139962e-01
6.58794912e-01
6.53962785e-01
5.92703611e-01
7.11146532e-01
7.67402080e-01
6.63904309e-01
7.00972170e-01
7.10008848e-01
6.63476056e-01
6.51316878e-01
7.10937555e-01
6.56804468e-01
7.63224842e-01
7.09310249e-01
7.48364857e-01
6.56094026e-01
6.56614396e-01
7.67463337e-01
6.45795152e-01
7.94078113e-01
4.50842037e-01
8.24852732e-01
8.02973600e-01
7.05390828e-01
6.81034903e-01
6.06949329e-01
6.57509137e-01
6.55095308e-01
5.31708529e-01
1.72177216e-01
7.10217900e-01
6.12923701e-01
6.59149340e-01
5.77681656e-01
4.81757113e-01
2.43654812e-01
7.63713365e-01
6.60659240e-01
7.09281991e-01
6.47676558e-01
3.16194585e-01
5.35012600e-01
7.37603009e-01
6.84894149e-01
6.16970704e-01
7.60857360e-01
8.15490265e-01
6.14637784e-01
3.09503525e-01
5.55554720e-01
8.71048475e-01
7.07050654e-01
7.63909949e-01
6.67391048e-01
6.49972003e-01
6.57638091e-01
7.95617905e-01
7.60313712e-01
2.58642371e-01
6.59057946e-01
7.50099870e-01
3.66561926e-01
6.56110115e-01
7.98519292e-01
7.51964084e-01
2.49451219e-01
8.56456608e-01
6.79390736e-01
8.24961852e-01
7.67823030e-01
7.09813844e-01
4.15430482e-01
6.94043058e-01
7.63140256e-01
7.70416166e-01
7.68985299e-01
6.49562584e-01
6.49982203e-01
7.12425824e-01
6.50934697e-01
6.77274016e-01
6.96686109e-01
3.05365894e-01
7.11555410e-01
5.38314708e-01
6.34173764e-01
6.66464128e-01
6.52682656e-01
3.59050831e-01
6.50401702e-01
8.50741182e-01
4.29490862e-01
6.11277776e-01
6.54249850e-01
7.11304569e-01
6.37053646e-01
8.05470854e-01
7.66035790e-01
6.59628328e-01
5.58278243e-01
6.46383599e-01
7.71734154e-01
6.28529363e-01
7.88166989e-01
2.57943055e-01
7.78198063e-01
7.61423269e-01
8.64262470e-01
8.09994705e-01
6.53252251e-01
6.37790988e-01
7.99116313e-01
7.00937962e-01
4.75254905e-01
5.82899172e-01
5.94808326e-01
7.64373829e-01
7.87532271e-01
6.54555454e-01
5.96106801e-01
6.68165568e-01
7.74078928e-01
8.35080033e-01
6.97185791e-01
8.43555660e-01
7.86050239e-01
7.84241209e-01
7.03745209e-01
6.57598583e-01
6.58761367e-01
6.46679076e-01
6.44564101e-01
7.85871812e-01
7.10019951e-01
7.14956725e-01
5.86983488e-01
5.61040022e-01
7.69131905e-01
7.56934529e-01
4.10272311e-01
8.27499127e-01
7.12416320e-01
7.37479965e-01
6.12595538e-01
6.93957577e-01
7.09070749e-01
7.56688579e-01
4.64663312e-01
7.09314953e-01
7.29104381e-01
4.69978045e-01
6.23766880e-01
7.10214250e-01
6.41637981e-01
5.73340898e-01
6.59799365e-01
5.30425214e-01
5.65695490e-01
7.22258724e-01
6.57783017e-01
8.36462217e-01
6.50974635e-01
6.56634878e-01
6.67311123e-01
6.00958502e-01
6.50470960e-01
7.66623882e-01
7.65032935e-01
6.59520156e-01
6.35492617e-01
7.60184017e-01
6.15801192e-01
7.55099599e-01
6.55278119e-01
6.82225457e-01
2.76464291e-01
7.67677020e-01
6.00260426e-01
6.30654455e-01
6.43051151e-01
6.59135540e-01
7.61031731e-01
5.93451069e-01
6.62970116e-01
6.52730765e-01
5.94514069e-01
7.84110339e-01
6.05848778e-01
6.44104026e-01
7.12659141e-01
4.96880274e-01
8.39262567e-01
3.31271966e-01
6.08733593e-01
6.23000403e-01
6.72013576e-01
5.13801300e-01
6.43010080e-01
7.57417847e-01
4.50365771e-01
5.67383622e-01
7.09216951e-01
7.64055262e-01
7.64545414e-01
6.92469877e-01
7.59834225e-01
3.89099691e-01
5.32020260e-01
8.08982020e-01
7.57550824e-01
6.38385481e-01
8.31979812e-01
6.60684780e-01
5.72347050e-01
4.01938743e-01
3.58576409e-01
6.47054320e-01
6.55625187e-01
7.95646600e-01
6.58843064e-01
4.26290682e-01
6.32842312e-01
8.23889747e-01
7.53331469e-01
6.74580959e-01
7.18502031e-01
7.26159276e-01
6.61914930e-01
7.12143444e-01
6.63139625e-01
6.56664304e-01
7.58270188e-01
4.69909838e-01
5.27375815e-01
8.05567184e-01
7.60518608e-01
7.76331079e-01
7.10290580e-01
6.39896990e-01
6.52599019e-01
6.36090001e-01
7.65824073e-01
7.46293583e-01
6.11574943e-01
7.31700125e-01
7.10938921e-01
7.10844479e-01
6.45668672e-01
5.89581253e-01
7.51285516e-01
6.53916777e-01
7.10996748e-01
7.68468860e-01
6.21966862e-01
5.24447011e-01
7.69457059e-01
6.62034114e-01
6.80984469e-01
7.61795220e-01
6.49172591e-01
8.23357803e-01
6.87856812e-01
5.15775044e-01
7.11594003e-01
4.97860573e-01
5.52223791e-01
7.11210003e-01
6.53668714e-01
6.48705808e-01
6.51426872e-01
7.27586217e-01
6.33754126e-01
7.69681098e-01
7.11049449e-01
6.57619080e-01
6.47318022e-01
6.57888954e-01
7.05967302e-01
6.63106865e-01
6.55815188e-01
6.38755366e-01
5.47212916e-01
6.76686946e-01
6.32444843e-01
6.93854324e-01
6.50334658e-01
7.31902357e-01
6.53782748e-01
6.48077726e-01
7.77947143e-01
6.87337262e-01
5.71282358e-01
7.54324298e-01
7.33347711e-01
3.98744711e-01
8.14425999e-01
8.01983292e-01
7.16421648e-01
7.62749862e-01
7.49307956e-01
7.90809427e-01
7.58386535e-01
6.50186259e-01
6.88161544e-01
5.98976725e-01
6.57001430e-01
6.29785018e-01
6.49888013e-01
6.58668695e-01
5.12832929e-01
6.85030981e-01
7.72364516e-01
4.89251151e-01
6.56206495e-01
7.58892280e-01
6.67672934e-01
6.52699992e-01
8.56269003e-01
6.83294165e-01
7.11637479e-01
7.66122848e-01
7.66308395e-01
6.43556581e-01
5.97223101e-01
6.49342868e-01
7.82336362e-01
6.72198982e-01
7.91353058e-01
6.49794721e-01
6.48099324e-01
7.67421791e-01
6.64346506e-01
7.66112544e-01
6.40079826e-01
7.85788036e-01
2.99344775e-01
4.45607598e-01
6.44449651e-01
6.54892663e-01
6.42991968e-01
7.11012201e-01
6.35763328e-01
7.51890595e-01
7.10668039e-01
6.53055119e-01
6.42012556e-01
6.59844548e-01
2.24834445e-01
2.23135457e-01
6.63371992e-01
6.48274461e-01
8.50063788e-01
4.81567625e-01
8.70861704e-01
6.49624124e-01
7.71728423e-01
6.39778064e-01
6.57371963e-01
7.72585413e-01
7.09969710e-01
7.07132275e-01
5.26709220e-01
7.24417327e-01
6.54340798e-01
7.09629114e-01
5.62483297e-01
7.11059378e-01
6.85031747e-01
7.12321090e-01
6.37975184e-01
7.04373265e-01
3.01225678e-01
6.31292126e-01
7.84041703e-01
6.54175947e-01
7.13116242e-01
5.50787248e-01
7.34807096e-01
3.93677789e-01
7.98807951e-01
7.90807549e-01
7.05876817e-01
4.33276232e-01
6.40858519e-01
7.09863155e-01
6.56635888e-01
8.29035690e-01
6.07116698e-01
8.68454310e-01
6.59076744e-01
6.59665184e-01
6.36750425e-01
3.41789525e-01
6.24480196e-01
7.34122398e-01
6.44324085e-01
7.09727119e-01
7.11802568e-01
7.11678206e-01
5.56160260e-01
8.42864665e-01
5.77533681e-01
6.52577786e-01
6.46991983e-01
6.68998073e-01
6.08975468e-01
8.46543794e-01
4.70184502e-01
8.66984508e-01
7.57026030e-01
7.11299071e-01
4.66774701e-01
6.31819046e-01
7.57187394e-01
8.48004391e-01
6.54695629e-01
7.67137948e-01
5.52209742e-01
6.51379095e-01
6.92975433e-01
6.54656437e-01
7.08030220e-01
6.84840047e-01
7.47841197e-01
7.11974758e-01
4.22724443e-01
6.56376661e-01
7.77804063e-01
6.68174837e-01
6.30157177e-01
6.54465111e-01
6.64181680e-01
6.80326365e-01
7.57290806e-01
8.20422925e-01
5.68179105e-01
6.47055402e-01
5.75723770e-01
7.11194654e-01
6.42207382e-01
5.68145363e-01
6.37207805e-01
7.10932511e-01
6.61639514e-01
7.09212586e-01
6.50273588e-01
7.10356924e-01
7.27673933e-01
7.33832777e-01
4.75541871e-01
6.18965644e-01
7.75957378e-01
5.39106434e-01
6.55106663e-01
7.12116110e-01
7.08956456e-01
6.50102813e-01
6.55292270e-01
1.84101818e-01
6.56181280e-01
6.80599469e-01
6.48466095e-01
8.40203658e-01
6.55194170e-01
7.62179007e-01
5.71358624e-01
7.81493862e-01
6.58757976e-01
6.08856103e-01
7.94441624e-01
7.09768357e-01
6.94978577e-01
8.57183382e-01
6.24375520e-01
7.79610628e-01
6.57845297e-01
7.10607666e-01
6.70139393e-01
6.00229296e-01
5.95081402e-01
4.64853430e-01
8.57180126e-01
6.54544973e-01
7.86791553e-01
7.60611357e-01
6.53419490e-01
7.11491713e-01
7.62658729e-01
8.31355988e-01
6.95492573e-01
6.93805318e-01
7.54698772e-01
7.10228901e-01
7.86846567e-01
5.28009228e-01
6.93521054e-01
5.39155292e-01
7.63414783e-01
6.43488013e-01
4.01609313e-01
6.72526300e-01
8.37630091e-01
6.54184871e-01
4.56122642e-01
6.94826811e-01
6.80106536e-01
6.21923649e-01
1.52350717e-01
6.46685450e-01
5.87500530e-01
7.35647311e-01
7.21782607e-01
6.31826781e-01
7.06626870e-01
5.55531181e-01
6.55839605e-01
6.69495814e-01
7.09246561e-01
7.11381573e-01
6.27998774e-01
6.62893096e-01
6.49634171e-01
7.34710463e-01
6.14861655e-01
6.48687990e-01
8.16359857e-01
6.97363774e-01
7.46100267e-01
6.07241145e-01
6.43271857e-01
6.48117058e-01
6.54538864e-01
6.20543832e-01
8.47537411e-01
7.64231421e-01
6.16436906e-01
7.43545129e-01
2.73092774e-01
6.57156012e-01
7.15406759e-01
7.85206457e-01
7.09942400e-01
7.73363470e-01
7.65220316e-01
6.39223297e-01
6.56473187e-01
7.09618739e-01
8.20612260e-01
5.23971806e-01
6.94450635e-01
5.37159786e-01
6.57221070e-01
7.13008156e-01
7.68618835e-01
7.10304403e-01
6.71057249e-01
6.85543810e-01
6.51414151e-01
6.56565841e-01
7.87359708e-01
7.50874915e-01
6.63689874e-01
7.09905900e-01
8.28466742e-01
6.80210504e-01
6.67975851e-01
7.56441892e-01
7.69570973e-01
6.51445743e-01
8.73264407e-01
6.55283613e-01
6.04491871e-01
6.49916689e-01
7.09539722e-01
6.57057548e-01
6.56441652e-01
7.88855232e-01
7.09496957e-01
7.62981865e-01
6.93447631e-01
5.41796371e-01
8.58697568e-01
6.57699763e-01
7.91068108e-01
8.28131891e-01
7.41773841e-01
6.89934005e-01
6.46990374e-01
6.25578149e-01
8.74217423e-01
8.32579099e-01
5.60255331e-01
6.56703657e-01
8.15901448e-01
6.58255348e-01
7.57585753e-01
7.44912915e-01
8.62026942e-01
6.40155104e-01
6.89385253e-01
6.47007857e-01
6.57450078e-01
6.65261708e-01
7.59201673e-01
6.57417385e-01
7.05001605e-01
7.21867450e-01
7.07484361e-01
7.78130560e-01
7.87139774e-01
6.59061522e-01
6.57889116e-01
8.18386409e-01
5.75514689e-01
7.89754079e-01
7.12726975e-01
5.68911568e-01
6.38687149e-01
7.67360519e-01
6.48518995e-01
7.06754900e-01
8.09462806e-01
7.29347232e-01
7.11319550e-01
7.97126579e-01
6.33646433e-01
6.76856673e-01
7.79060096e-01
6.56197352e-01
6.45374565e-01
7.64059719e-01
5.54142382e-01
7.63359544e-01
8.44729587e-01
5.85710308e-01
8.58839246e-01
8.55392199e-01
6.08146497e-01
5.81797224e-01
6.57139893e-01
6.59591009e-01
7.03561864e-01
6.77771919e-01
4.98382866e-01
6.57598373e-01
4.86968744e-01
6.57301677e-01
6.54292818e-01
7.28979881e-01
6.57022638e-01
7.07305718e-01
7.09040899e-01
6.59331225e-01
6.39449840e-01
6.57680121e-01
6.57810064e-01
8.21093198e-01
7.22145794e-01
4.22677302e-01
5.91031717e-01
5.03277794e-01
6.61069144e-01
7.42363059e-01
7.42882971e-01
7.10443115e-01
6.46246280e-01
6.49737068e-01
6.52989988e-01
7.80748993e-01
4.47952890e-01
5.87227509e-01
7.59546173e-01
7.49844870e-01
6.50149136e-01
5.85058323e-01
6.56989084e-01
8.61280485e-01
7.86755101e-01
7.56512437e-01
7.62619915e-01
5.66135994e-01
6.22237014e-01
6.01559830e-01
6.89150812e-01
5.95604014e-01
6.57435547e-01
7.23376668e-01
7.57080100e-01
5.38889119e-01
6.34592905e-01
6.56929869e-01
6.73320763e-01
4.18322355e-01
5.52225567e-01
7.09087703e-01
7.17495930e-01
7.66183306e-01
6.57372615e-01
6.55440386e-01
7.34830710e-01
7.53909968e-01
8.21668719e-01
4.41971883e-01
6.69246509e-01
8.35071676e-01
4.48345997e-01
6.50265382e-01
6.54431168e-01
6.61963178e-01
6.62794833e-01
7.13261957e-01
6.58754628e-01
4.58142221e-01
6.48435165e-01
7.63127237e-01
7.88141700e-01
6.64316104e-01
6.93762757e-01
6.61954102e-01
7.31532881e-01
6.76292394e-01
5.63325508e-01
7.92644102e-01
7.59509848e-01
8.63686632e-01
7.63828660e-01
8.17917250e-01
6.34491891e-01
7.10880250e-01
7.82616026e-01
8.34933667e-01
7.11323734e-01
6.44805535e-01
7.90791928e-01
4.07500456e-01
6.73260084e-01
7.99927427e-01
6.62753038e-01
6.63920249e-01
3.96182835e-01
7.58782960e-01
6.56109595e-01
5.94242923e-01
6.91808984e-01
6.75368952e-01
6.15615778e-01
6.57200671e-01
7.91744953e-01
4.90337097e-01
7.11194822e-01
8.04389147e-01
7.68580378e-01
5.87907023e-01
4.88893166e-01
4.71034190e-01
7.08632697e-01
6.58204979e-01
6.91581287e-01
7.67816974e-01
7.40139996e-01
7.51186512e-01
6.55387606e-01
8.28750368e-01
7.09902486e-01
7.52769674e-01
3.90640062e-01
5.99123652e-01
7.95757945e-01
7.03087155e-01
6.55741412e-01
6.51540622e-01
6.62635701e-01
5.82797902e-01
6.44585185e-01
8.32129635e-01
6.59930899e-01
7.34667737e-01
6.49206335e-01
6.72171811e-01
6.64222755e-01
5.88654276e-01
8.35561708e-01
6.14256691e-01
6.39133565e-01
7.52902534e-01
8.66514185e-01
6.57251833e-01
8.68038853e-01
7.10892203e-01
8.23784670e-01
8.14916481e-01
6.73259121e-01
6.49964248e-01
7.11040231e-01
7.45162069e-01
6.22500902e-01
7.03291698e-01
6.49151690e-01
7.68425412e-01
6.52573256e-01
8.18279182e-01
6.85448195e-01
8.22352083e-01
6.88186677e-01
7.11316736e-01
4.79305135e-01
6.75986564e-01
6.45249577e-01
6.67075643e-01
7.11302846e-01
6.60259059e-01
6.91870221e-01
6.38418686e-01
5.89144996e-01
4.03066291e-01
5.72752148e-01
6.84470168e-01
6.64149160e-01
7.21294634e-01
8.41802467e-01
5.86952905e-01
7.73815047e-01
2.37644063e-01
6.55860107e-01
3.23065333e-01
2.60198766e-01
3.99131648e-01
6.64067512e-01
7.82644641e-01
6.31298360e-01
7.77148306e-01
7.51769248e-01
6.58867555e-01
8.25123018e-01
7.74584028e-01
7.09132462e-01
5.90420042e-01
7.09400352e-01
8.61301641e-01
4.12508686e-01
6.39713337e-01
6.51065419e-01
5.59461884e-01
4.09686636e-01
4.78026543e-01
6.54570947e-01
6.58464627e-01
6.18173280e-01
6.96968874e-01
6.42232696e-01
6.69397383e-01
6.51147720e-01
3.52484248e-01
6.62210550e-01
5.79016643e-01
6.72301417e-01
6.86520814e-01
6.51172616e-01
7.03427031e-01
6.51616000e-01
6.52595436e-01
7.13815969e-01
6.40248290e-01
6.57087184e-01
6.00024942e-01
2.93754008e-01
6.62459441e-01
6.50781349e-01
7.93617956e-01
8.25569637e-01
5.53646311e-01
5.81984391e-01
6.44723630e-01
5.44039100e-01
7.48308527e-01
5.42311927e-01
7.89369877e-01
7.27243653e-01
6.72460315e-01
6.55531727e-01
7.49026128e-01
8.63134041e-01
8.42893411e-01
7.30346538e-01
7.84809575e-01
7.53312499e-01
3.32140135e-01
7.63517112e-01
7.58888117e-01
6.24274131e-01
8.63677719e-01
6.96934444e-01
6.53430991e-01
6.51880665e-01
6.03958320e-01
6.55626841e-01
7.73635002e-01
5.56985919e-01
6.11512626e-01
6.53931606e-01
7.66074355e-01
1.94681981e-01
6.67681885e-01
6.60766993e-01
6.58266344e-01
7.58188721e-01
6.27466106e-01
2.85798806e-01
7.13095105e-01
6.62832052e-01
8.20467056e-01
7.52192915e-01
6.31870310e-01
6.61583108e-01
6.16570485e-01
4.53080139e-01
7.03589304e-01
6.56586008e-01
8.27756490e-01
6.47447401e-01
7.62760357e-01
4.77278760e-01
6.59520772e-01
6.64210853e-01
6.65716501e-01
7.88671368e-01
6.74027230e-01
8.49394173e-01
6.69809164e-01
6.53551933e-01
7.65300933e-01
7.35383946e-01
2.51914757e-01
6.01391876e-01
7.12600554e-01
6.58895616e-01
6.42255368e-01
6.64223524e-01
6.39337572e-01
6.43177548e-01
6.17882147e-01
7.10572684e-01
5.39985440e-01
6.51412744e-01
4.68900979e-01
8.31102844e-01
7.44951616e-01
6.54040578e-01
7.13722928e-01
6.39396462e-01
7.09678236e-01
7.65245695e-01
6.56905327e-01
7.99629366e-01
7.61069403e-01
6.43827217e-01
6.64502868e-01
8.30952569e-01
4.51019880e-01
8.02161419e-01
2.47691371e-01
7.65228033e-01
6.53448589e-01
7.00320700e-01
7.53236144e-01
7.12316269e-01
7.62868428e-01
2.16312598e-01
5.85432485e-01
7.66812558e-01
4.48922079e-01
6.58910942e-01
6.51083065e-01
2.33808837e-01
7.50530090e-01
6.54335394e-01
7.09761384e-01
6.42846326e-01
2.20310336e-01
7.12903045e-01
7.11550798e-01
6.94403248e-01
7.64830518e-01
5.93032115e-01
5.42276793e-01
7.06867984e-01
6.36590006e-01
8.52155313e-01
7.11784595e-01
5.87464003e-01
6.93649722e-01
6.59141253e-01
6.82847922e-01
6.27422216e-01
7.69246761e-01
6.53851863e-01
6.94679824e-01
6.48628332e-01
6.98208223e-01
7.57090218e-01
6.38255575e-01
6.50007796e-01
6.80440883e-01
5.90761601e-01
8.20109680e-01
5.51693749e-01
7.91280234e-01
5.91709006e-01
7.66889363e-01
6.71275367e-01
6.49316412e-01
6.55531705e-01
7.11026004e-01
7.63655764e-01
6.38296489e-01
4.81589681e-01
3.88003293e-01
7.07485472e-01
7.12816494e-01
7.61964594e-01
7.46673836e-01
7.59947737e-01
7.88583686e-01
5.84791832e-01
7.11448972e-01
6.66751438e-01
7.63497177e-01
7.10348037e-01
7.72144169e-01
7.51550592e-01
6.34706406e-01
7.58908847e-01
6.55435320e-01
7.10504413e-01
3.30612123e-01
6.03885110e-01
6.11650248e-01
6.42192258e-01
5.92339747e-01
7.65374418e-01
6.51857339e-01
7.65485398e-01
5.73863043e-01
7.39228008e-01
7.72159573e-01
2.31193006e-01
7.67754535e-01
5.58421085e-01
7.11205661e-01
6.36855185e-01
6.62442159e-01
7.42800728e-01
6.33055290e-01
6.56112448e-01
7.58341933e-01
4.98019926e-01
7.45515119e-01
5.44080798e-01
4.89383146e-01
5.23884572e-01
7.57694925e-01
4.72300148e-01
7.66075981e-01
6.64404583e-01
7.24547910e-01
7.85890352e-01
6.38579168e-01
7.96534054e-01
8.24034556e-01
3.50006040e-01
2.90559795e-01
7.11068530e-01
7.44247473e-01
7.11515285e-01
6.52320081e-01
8.13203817e-01
6.39356985e-01
8.01997642e-01
6.82343887e-01
7.57234433e-01
8.10272825e-01
6.55655226e-01
8.31065243e-01
6.66448900e-01
6.50748191e-01
5.95379910e-01
4.80783752e-01
7.99030505e-01
6.26524680e-01
6.63282368e-01
6.53758946e-01
6.45115207e-01
7.03255559e-01
7.03435355e-01
6.31940607e-01
6.55870712e-01
6.53970193e-01
4.91238756e-01
5.27479139e-01
7.47480864e-01
7.59300470e-01
6.86691670e-01
6.99759325e-01
7.54691091e-01
6.49799319e-01
6.62098834e-01
7.75218591e-01
8.36791358e-01
6.51333085e-01
6.55426693e-01
7.40245150e-01
6.62045871e-01
6.90242946e-01
6.66634338e-01
7.81229453e-01
8.50646678e-01
7.01218348e-01
4.66518240e-01
7.14607613e-01
7.66120370e-01
8.54619510e-01
7.11758595e-01
5.62513071e-01
5.39694568e-01
8.67838943e-01
7.62054548e-01
8.08354717e-01
7.13098947e-01
7.07015316e-01
6.47104060e-01
6.59510767e-01
6.58722317e-01
8.36109579e-01
3.85544188e-01
7.21225988e-01
7.48160396e-01
6.66190291e-01
5.69137726e-01
8.11939351e-01
7.71163984e-01
6.33696979e-01
6.51812927e-01
6.31815758e-01
6.56864321e-01
7.27530231e-01
1.67068335e-01
4.59903765e-01
4.12415623e-01
6.18993531e-01
7.08977194e-01
7.81678877e-01
8.34104813e-01
7.09008128e-01
6.19075627e-01
7.58935693e-01
8.01785974e-01
8.04456855e-01
6.73037786e-01
7.89370179e-01
4.57536844e-01
5.09565652e-01
7.11719099e-01
7.69232951e-01
6.34788737e-01
4.79943320e-01
8.21918666e-01
2.08127118e-01
6.50685286e-01
7.71801340e-01
7.59700121e-01
2.52282612e-01
6.05539027e-01
8.22943547e-01
7.55602683e-01
6.32262732e-01
7.12824579e-01
6.84222771e-01
7.48348762e-01
6.72302011e-01
6.17749990e-01
8.15243332e-01
7.56220863e-01
8.11486804e-01
1.85440639e-01
7.11647972e-01
7.09385435e-01
7.92765293e-01
4.42309394e-01
7.95436594e-01
6.24868526e-01
7.10452975e-01
6.35402626e-01
5.62142957e-01
8.47609525e-01
8.18930129e-01
7.63007091e-01
6.76092162e-01
6.42600012e-01
7.00478429e-01
7.39475921e-01
7.05594333e-01
7.53314595e-01
7.98170103e-01
7.63443670e-01
6.30413993e-01
7.81753763e-01
5.83723562e-01
7.89897250e-01
7.81295474e-01
4.18267820e-01
6.63739440e-01
5.66282110e-01
6.53512539e-01
6.32192174e-01
5.30428526e-01
5.44970624e-01
8.06341368e-01
6.77458168e-01
7.39451773e-01
7.02921146e-01
5.83617641e-01
7.51844892e-01
6.61876790e-01
5.77312726e-01
7.10864178e-01
4.63257802e-01
6.10949676e-01
6.97257480e-01
7.06688561e-01
6.55950962e-01
7.33648755e-01
6.49082461e-01
2.60635002e-01
7.65086936e-01
3.12871836e-01
6.55530394e-01
6.55571790e-01
6.49329202e-01
6.27570970e-01
3.89154859e-01
8.57314436e-01
6.51675633e-01
7.51883739e-01
7.05843757e-01
5.74460238e-01
6.58129005e-01
5.48503292e-01
6.08475706e-01
7.02083806e-01
6.43568854e-01
6.51648108e-01
7.80384724e-01
5.49260957e-01
7.11283511e-01
6.97351216e-01
7.97076046e-01
6.48179259e-01
6.87414090e-01
7.01918601e-01
6.33749784e-01
7.12252299e-01
6.54115272e-01
6.64062115e-01
6.55705764e-01
6.36870409e-01
6.29996884e-01
7.11663186e-01
3.40213489e-01
8.29653325e-01
7.86886253e-01
6.55118933e-01
6.71770272e-01
5.63836563e-01
5.56265702e-01
7.62260845e-01
5.77219273e-01
7.60797893e-01
7.10341369e-01
6.15762622e-01
6.50169643e-01
2.93825000e-01
7.02710719e-01
6.50530535e-01
7.39930077e-01
6.52088230e-01
6.50161288e-01
7.04349504e-01
7.24233845e-01
7.09815355e-01
8.66309772e-01
6.87013834e-01
6.63497391e-01
6.64956847e-01
5.21241216e-01
7.90682158e-01
6.45543556e-01
6.51982727e-01
6.57073002e-01
6.50265065e-01
6.48966854e-01
6.75189501e-01
7.47187633e-01
7.09405508e-01
6.58883969e-01
7.03055158e-01
6.59013642e-01
6.49550162e-01
8.07040013e-01
6.50780017e-01
6.46995291e-01
4.89581509e-01
8.62152284e-01
7.98776090e-01
7.63000359e-01
5.51072433e-01
8.74105445e-01
6.31533996e-01
6.31875834e-01
7.11737949e-01
7.10369515e-01
6.40816444e-01
6.61316419e-01
7.11158235e-01
6.43358535e-01
6.61057504e-01
6.04887008e-01
7.68811251e-01
6.59921385e-01
6.94623365e-01
6.52935924e-01
6.97315384e-01
6.08436501e-01
6.17053154e-01
7.62784780e-01
2.43206896e-01
5.02137886e-01
8.68713766e-01
8.71953510e-01
7.59524865e-01
7.63291993e-01
6.20872882e-01
7.57096562e-01
6.46769103e-01
5.30640367e-01
6.39035340e-01
7.30504274e-01
8.15008890e-01
6.32155745e-01
6.68382742e-01
6.57867597e-01
6.27558191e-01
7.12657687e-01
6.15813964e-01
8.10849784e-01
4.82879586e-01
7.11504907e-01
8.06464141e-01
6.07251480e-01
8.18702400e-01
6.55094366e-01
8.62316247e-01
7.89578347e-01
6.45255065e-01
5.89939695e-01
7.38840139e-01
7.61700419e-01
5.48221988e-01
7.53085819e-01
4.30458567e-01
7.57396242e-01
5.96232223e-01
6.66628833e-01
7.12555688e-01
6.00547736e-01
7.26183518e-01
7.51465301e-01
6.62004486e-01
7.06345921e-01
6.22187840e-01
7.63293017e-01
8.38061873e-01
5.12777940e-01
6.60198729e-01
7.35940277e-01
6.57536794e-01
6.72582410e-01
6.51877257e-01
6.54881777e-01
6.61916864e-01
5.33529582e-01
8.32453764e-01
6.45603201e-01
4.24489119e-01
7.35279580e-01
4.74567276e-01
6.58872793e-01
7.10601371e-01
5.70987964e-01
6.67414153e-01
8.59522866e-01
6.77227550e-01
7.09175638e-01
6.56963044e-01
6.43620472e-01
7.08805401e-01
3.62394810e-01
7.15825199e-01
6.56579190e-01
8.50923413e-01
7.10676175e-01
6.52659255e-01
7.59797937e-01
6.39073223e-01
8.18685192e-01
7.07382849e-01
7.13212033e-01
7.60186053e-01
5.01519273e-01
3.16959072e-01
6.64919718e-01
7.00234720e-01
7.09689694e-01
7.66740665e-01
6.35381491e-01
8.31599625e-01
5.38789371e-01
6.60676382e-01
6.11054194e-01
8.00151848e-01
5.73741571e-01
6.64990160e-01
6.40825405e-01
6.28740454e-01
6.57996532e-01
8.17963380e-01
6.54366188e-01
6.61879355e-01
6.66636226e-01
6.89102327e-01
7.61443422e-01
6.91560871e-01
6.20051441e-01
6.40276421e-01
7.10728972e-01
6.40025920e-01
6.52408795e-01
5.82644970e-01
6.60506418e-01
7.12777465e-01
6.59932175e-01
7.12860482e-01
5.99579547e-01
7.09735554e-01
8.03365367e-01
6.45551685e-01
6.74576649e-01
6.34985612e-01
6.97290006e-01
7.09718885e-01
6.86665960e-01
6.43500259e-01
8.41039800e-01
6.65279233e-01
7.59602222e-01
3.80760491e-01
6.10384788e-01
8.45824898e-01
1.93806802e-01
4.32876924e-01
6.14413859e-01
6.55703875e-01
3.26660606e-01
3.34247821e-01
7.12924104e-01
7.71568492e-01
6.82454560e-01
7.80730748e-01
6.62368930e-01
7.15005268e-01
7.10743135e-01
7.68077656e-01
7.71077708e-01
6.47710862e-01
6.54134127e-01
5.41816048e-01
7.90550368e-01
7.70914179e-01
6.54821083e-01
7.10049005e-01
3.06506831e-01
7.10780076e-01
7.46633343e-01
6.51659788e-01
6.55506732e-01
5.07661757e-01
3.41625381e-01
7.71715285e-01
7.61595997e-01
7.73696863e-01
6.57129709e-01
5.37917076e-01
7.24478751e-01
6.28014691e-01
6.22872285e-01
6.63613295e-01
7.76206718e-01
4.51055501e-01
5.82985189e-01
6.57384598e-01
6.43332528e-01
6.05745593e-01
7.69836045e-01
6.12056138e-01
8.22065734e-01
8.00030528e-01
7.33761907e-01
6.81315534e-01
6.70248529e-01
6.58752472e-01
7.11120038e-01
6.16012227e-01
6.53217197e-01
7.01526949e-01
6.57522822e-01
7.12793182e-01
8.22240638e-01
6.21618359e-01
6.54453419e-01
6.73560179e-01
6.48220086e-01
8.37923310e-01
6.60344716e-01
6.49782731e-01
5.55164676e-01
8.03144788e-01
4.32023276e-01
7.08423771e-01
7.64511015e-01
4.66012928e-01
6.53214760e-01
6.06512739e-01
5.18171183e-01
6.77786286e-01
6.84903000e-01
8.07053639e-01
8.44851785e-01
7.05508936e-01
2.78961943e-01
6.83038225e-01
7.71168873e-01
8.07901533e-01
6.31712079e-01
7.60720877e-01
8.10385476e-01
7.11725439e-01
7.55280994e-01
7.64541668e-01
7.10727644e-01
6.96468121e-01
5.24304253e-01
7.05934072e-01
7.40070501e-01
7.11625105e-01
7.71449034e-01
7.86529367e-01
6.42614440e-01
7.57432726e-01
6.64520930e-01
6.46652509e-01
6.40866708e-01
6.56739091e-01
6.55101242e-01
6.51254475e-01
5.62089121e-01
8.18971287e-01
6.83318074e-01
7.12558318e-01
7.45314322e-01
7.63529351e-01
7.08993929e-01
7.93866169e-01
7.79550162e-01
7.20881344e-01
7.63117187e-01
7.10586502e-01
8.16141308e-01
6.61040349e-01
6.47350793e-01
2.25825422e-01
7.11328307e-01
7.10843769e-01
6.42829929e-01
6.31857580e-01
6.51885724e-01
7.10481491e-01
6.53745390e-01
7.78726290e-01
5.96178726e-01
7.12270032e-01
8.47601310e-01
7.59484145e-01
6.37538089e-01
5.41913439e-01
6.58449909e-01
7.31683106e-01
4.43418818e-01
7.54626316e-01
6.40964603e-01
7.24119176e-01
7.10257140e-01
7.94931092e-01
7.99295089e-01
7.40528063e-01
6.44871189e-01
7.06015224e-01
8.74396188e-01
7.86301497e-01
8.58335452e-01
5.78037021e-01
7.92674668e-01
6.42148536e-01
7.10638899e-01
7.01200525e-01
7.09763591e-01
7.63483669e-01
7.67530881e-01
6.13085904e-01
7.03779935e-01
7.11047036e-01
2.67265747e-01
6.51778238e-01
8.17218499e-01
5.71521083e-01
6.56115731e-01
8.53221171e-01
7.97535396e-01
7.13672607e-01
7.29625298e-01
6.40523875e-01
7.62739040e-01
6.31639421e-01
7.61759959e-01
7.73312020e-01
7.02213839e-01
6.03780498e-01
4.91022653e-01
2.82336496e-01
7.00722822e-01
7.66455695e-01
7.57854749e-01
6.56303199e-01
8.48045439e-01
5.85643347e-01
7.40067061e-01
8.00839175e-01
6.03163570e-01
7.12099837e-01
7.14297089e-01
6.34662470e-01
6.55961262e-01
4.42993460e-01
5.17275462e-01
6.47116664e-01
5.55606175e-01
6.39782361e-01
6.53494418e-01
6.40930592e-01
5.90911833e-01
7.13148039e-01
8.09476508e-01
5.72955848e-01
6.37461906e-01
6.56671431e-01
6.37015068e-01
7.11325895e-01
8.02761300e-01
5.63479195e-01
6.59865872e-01
4.35091116e-01
7.03577783e-01
6.55781760e-01
6.55706195e-01
6.52035599e-01
6.46538352e-01
7.12789503e-01
7.87647234e-01
6.85283631e-01
7.09683663e-01
6.58018913e-01
6.48691729e-01
6.62385265e-01
8.41926955e-01
1.62938570e-01
6.10411561e-01
6.58056256e-01
8.14069303e-01
5.05533131e-01
6.54414227e-01
8.60894144e-01
7.41707719e-01
7.12198896e-01
6.49551983e-01
7.90129184e-01
6.76033110e-01
6.71629920e-01
7.01312304e-01
7.43632428e-01
6.48356601e-01
7.14854456e-01
5.40402466e-01
8.32386064e-01
6.59921439e-01
7.63890680e-01
6.12988293e-01
5.59511828e-01
7.03540848e-01
7.91530179e-01
8.03585649e-01
6.51181440e-01
7.11584439e-01
6.72540748e-01
6.36112773e-01
7.12143268e-01
7.77738326e-01
7.11010706e-01
8.45156781e-01
6.57794717e-01
5.74557767e-01
5.29736914e-01
6.62277307e-01
6.68029470e-01
6.02800126e-01
8.63138700e-01
6.70704588e-01
7.56671691e-01
8.44191897e-01
8.72876759e-01
6.46060780e-01
7.11108691e-01
7.88249869e-01
6.54179318e-01
6.31560089e-01
4.22304080e-01
7.10427821e-01
4.64449877e-01
6.47309683e-01
6.97284243e-01
6.85742854e-01
7.11458737e-01
8.03310089e-01
7.09791735e-01
8.22338164e-01
7.63218101e-01
7.78754188e-01
8.16632770e-01
6.82861548e-01
3.28307718e-01
6.62365803e-01
7.64977407e-01
6.42887086e-01
8.53733815e-01
7.47992480e-01
7.58576826e-01
6.56625731e-01
7.29987321e-01
7.64672664e-01
8.56447340e-01
7.64806725e-01
6.65165497e-01
7.39424228e-01
6.55034399e-01
3.26137711e-01
2.96114267e-01
6.87354138e-01
5.53531195e-01
6.52387005e-01
4.08473621e-01
6.54603218e-01
6.49085410e-01
6.49666676e-01
2.53503806e-01
7.68594194e-01
6.55131602e-01
7.09880910e-01
6.09840859e-01
6.42657934e-01
5.79155219e-01
5.16530890e-01
7.04094551e-01
6.58156525e-01
4.25163913e-01
7.62150031e-01
7.24974858e-01
6.60176996e-01
6.43982507e-01
5.98661336e-01
6.50790511e-01
7.91244729e-01
6.99857028e-01
3.46919638e-01
4.94625611e-01
6.32377449e-01
7.57260467e-01
7.43390206e-01
6.61206907e-01
8.41650405e-01
6.55151128e-01
6.59689403e-01
4.06049079e-01
4.46479805e-01
6.51618984e-01
7.01968208e-01
6.58274086e-01
6.48387629e-01
5.62707958e-01
5.57832434e-01
6.56765307e-01
8.51589182e-01
7.75680314e-01
6.54263566e-01
7.69923057e-01
7.12176406e-01
7.11724068e-01
6.44386020e-01
5.95314727e-01
6.96884629e-01
7.12039491e-01
6.83303584e-01
6.56555413e-01
7.63095582e-01
6.49237198e-01
4.84905315e-01
7.09718252e-01
6.58952645e-01
2.48191729e-01
7.73219207e-01
7.10861968e-01
5.31305053e-01
5.98834407e-01
7.20405370e-01
6.53134105e-01
7.60890995e-01
5.73834836e-01
5.61222619e-01
6.72123056e-01
6.54974274e-01
6.49182134e-01
7.66109805e-01
6.14528940e-01
5.37465613e-01
8.04942370e-01
7.56927249e-01
6.57146630e-01
6.63705530e-01
8.51118589e-01
8.14978187e-01
3.83899331e-01
7.54630458e-01
8.50417209e-01
7.76336851e-01
4.98821795e-01
8.09872440e-01
4.22147513e-01
2.02227048e-01
3.56470150e-01
6.63903062e-01
7.34845681e-01
3.23636318e-01
6.44239599e-01
5.03744891e-01
7.70612997e-01
5.87311915e-01
7.68347414e-01
6.56401419e-01
7.11164652e-01
4.01251978e-01
7.76012701e-01
6.48692286e-01
7.65517193e-01
6.63481531e-01
6.50369134e-01
7.10144296e-01
8.19539894e-01
8.01041920e-01
6.51509741e-01
6.28003583e-01
6.99248416e-01
6.84597249e-01
6.80884139e-01
7.09814319e-01
5.16783652e-01
7.69420017e-01
6.34103033e-01
4.26900669e-01
6.57926105e-01
7.94401330e-01
7.02506843e-01
6.55157380e-01
6.49112252e-01
6.58277605e-01
6.56264010e-01
6.52978962e-01
6.39211342e-01
6.29794338e-01
7.07710002e-01
6.57888095e-01
7.11119529e-01
6.27406185e-01
6.59197304e-01
6.46665762e-01
6.89474287e-01
6.87340390e-01
7.54979565e-01
7.12964869e-01
6.72748417e-01
6.55083064e-01
7.62162122e-01
8.03654869e-01
6.61154976e-01
6.53850852e-01
6.41738283e-01
3.64591333e-01
2.54659193e-01
6.32425374e-01
5.26981940e-01
4.40995092e-01
7.72060414e-01
6.45025513e-01
5.32568940e-01
6.45777778e-01
4.63294438e-01
7.12752920e-01
6.48551437e-01
7.09827555e-01
6.56004956e-01
8.00080034e-01
6.48572046e-01
7.33035370e-01
6.49931874e-01
7.67694886e-01
6.51611057e-01
6.46123053e-01
5.88730787e-01
7.44115480e-01
6.63106374e-01
7.11349843e-01
7.46075075e-01
6.71568820e-01
6.82700514e-01
5.46350853e-01
5.58266371e-01
5.95743661e-01
6.88959611e-01
6.56284603e-01
7.71758483e-01
8.24610155e-01
6.04931793e-01
5.65827233e-01
6.46879018e-01
6.58525888e-01
6.47358433e-01
6.55250332e-01
7.10493632e-01
6.45397069e-01
6.63368627e-01
5.81454105e-01
6.55211535e-01
7.12271310e-01
7.22386939e-01
7.49185665e-01
7.61569773e-01
6.70406253e-01
5.68695177e-01
7.70450310e-01
6.48868785e-01
5.84390146e-01
7.63518868e-01
6.61609815e-01
7.10415087e-01
7.56151031e-01
7.11836553e-01
6.48334465e-01
6.41901802e-01
7.01985602e-01
6.54465154e-01
6.56223025e-01
6.55075457e-01
7.64702928e-01
7.84414519e-01
7.74143796e-01
6.40979826e-01
6.49432767e-01
7.11510486e-01
6.48970131e-01
6.83935197e-01
8.30185909e-01
6.60155266e-01
6.47137840e-01
6.31228168e-01
5.16664910e-01
7.50291703e-01
7.05926780e-01
7.45869934e-01
4.22093027e-01
5.36742102e-01
6.54557830e-01
6.52595480e-01
8.08513468e-01
6.41976220e-01
6.34597554e-01
7.13898530e-01
6.51671782e-01
7.70184199e-01
5.60155900e-01
3.29305783e-01
6.48638392e-01
6.49478645e-01
5.68188131e-01
6.88184577e-01
5.99137415e-01
6.18904984e-01
6.71145789e-01
7.08247316e-01
6.51360772e-01
7.00864985e-01
6.10299870e-01
5.87452134e-01
7.80687924e-01
6.36682953e-01
6.18141484e-01
7.98860926e-01
7.95435561e-01
6.35626093e-01
4.36967054e-01
6.59099788e-01
6.55391745e-01
4.76027066e-01
7.05203984e-01
6.87877519e-01
6.48630854e-01
6.37437129e-01
8.22248643e-01
7.09502728e-01
6.51878025e-01
2.84934399e-01
7.89278900e-01
7.11604503e-01
6.58264624e-01
6.24096388e-01
7.54972110e-01
6.69146169e-01
7.95296114e-01
3.16614961e-01
6.98865713e-01
5.46196690e-01
8.20939052e-01
6.60690151e-01
6.61809838e-01
6.61880223e-01
7.67767842e-01
5.40618454e-01
6.75417526e-01
6.93776255e-01
6.89443735e-01
7.63373880e-01
7.44610430e-01
7.97147575e-01
7.07335879e-01
6.57515000e-01
7.61270158e-01
7.10519755e-01
7.41018837e-01
5.76106174e-01
6.55954561e-01
7.63293650e-01
6.05414468e-01
6.03212506e-01
5.29137317e-01
5.71050866e-01
7.28849740e-01
6.93393586e-01
6.95187660e-01
7.27201780e-01
7.40356889e-01
7.67248496e-01
6.97156367e-01
6.62432717e-01
6.48768488e-01
6.19430724e-01
8.28301731e-01
6.63671065e-01
7.06559773e-01
6.37843091e-01
6.58466107e-01
7.04104696e-01
7.09401713e-01
7.09810534e-01
7.84891657e-01
6.73923016e-01
6.51272469e-01
7.19772139e-01
6.60376996e-01
4.15580583e-01
6.69925551e-01
6.00677306e-01
6.53271535e-01
7.47267779e-01
7.05950492e-01
7.65139167e-01
7.68659701e-01
6.20294205e-01
6.42013423e-01
4.50124186e-01
5.95448955e-01
6.36738784e-01
7.65159483e-01
6.59192101e-01
7.09644967e-01
6.03926702e-01
6.49408358e-01
6.44439670e-01
7.77484055e-01
6.85654692e-01
6.81525259e-01
8.02447711e-01
8.40846916e-01
6.55642041e-01
6.57315386e-01
6.63265243e-01
6.44708179e-01
7.61805007e-01
6.69785053e-01
7.06120836e-01
6.55006845e-01
7.11681363e-01
6.74041644e-01
6.63242918e-01
7.03488436e-01
6.28453279e-01
6.57176284e-01
6.26851427e-01
6.88900770e-01
6.80097718e-01
7.56769907e-01
6.60311230e-01
7.10918131e-01
6.57871612e-01
8.21444375e-01
6.50472162e-01
8.01437389e-01
7.11444280e-01
7.19672685e-01
6.66016721e-01
6.75799351e-01
6.61103569e-01
6.64464828e-01
6.09922891e-01
7.32349610e-01
6.90446900e-01
6.84146428e-01
7.38564869e-01
6.90745238e-01
6.58095897e-01
7.11420475e-01
4.82686811e-01
6.99558522e-01
7.45637013e-01
5.95297371e-01
7.11328882e-01
7.48702913e-01
6.41673806e-01
6.08560619e-01
7.11274332e-01
7.63484645e-01
7.82684399e-01
6.60226253e-01
6.50207818e-01
1.96260176e-01
6.34042027e-01
7.67096101e-01
5.50099332e-01
6.54206634e-01
7.10174695e-01
5.02015006e-01
7.65978805e-01
7.61483234e-01
7.67148755e-01
7.11025597e-01
6.47430745e-01
7.03924532e-01
6.30873950e-01
6.50730239e-01
6.44408917e-01
6.58403266e-01
8.36677676e-01
7.31592079e-01
5.11975807e-01
5.46407666e-01
3.51246887e-01
7.04385559e-01
6.56166692e-01
8.07392270e-01
7.94717346e-01
6.72526940e-01
6.83430896e-01
6.29963058e-01
6.94032761e-01
7.60480395e-01
6.29540686e-01
6.55924197e-01
6.55053140e-01
6.85784152e-01
8.62662987e-01
8.70758681e-01
6.09137463e-01
7.32301148e-01
6.49020654e-01
7.11586566e-01
8.32771404e-01
7.60622861e-01
7.06929847e-01
8.47415538e-01
7.85950593e-01
6.63226772e-01
5.96591559e-01
8.55643150e-01
6.65158077e-01
7.71454856e-01
4.37990896e-01
7.71081506e-01
7.20964238e-01
7.09450736e-01
5.42304815e-01
8.15226702e-01
7.60660925e-01
7.49120053e-01
7.63205850e-01
6.40380171e-01
7.61413285e-01
7.10109275e-01
7.99750822e-01
6.41521007e-01
7.63831782e-01
4.83622994e-01
6.39870367e-01
7.12226931e-01
6.33067402e-01
4.14787186e-01
1.70868379e-01
7.11583239e-01
2.87524243e-01
2.99160460e-01
7.67224904e-01
7.57749031e-01
7.10749090e-01
7.76875550e-01
6.37242024e-01
7.39496667e-01
4.11217270e-01
6.97244693e-01
6.97158807e-01
5.99471012e-01
8.25471410e-01
5.48859197e-01
7.73172963e-01
7.45005762e-01
5.13715625e-01
7.11357736e-01
7.62682643e-01
7.10506121e-01
6.48978880e-01
6.63168948e-01
6.38412443e-01
7.09328444e-01
7.71023139e-01
6.55174754e-01
8.05454012e-01
6.63601228e-01
6.39686446e-01
7.05615966e-01
3.36893934e-01
6.13756292e-01
5.97256427e-01
7.10705192e-01
7.11087993e-01
7.04386120e-01
7.09590810e-01
6.40287849e-01
7.41684735e-01
6.51418664e-01
7.30729954e-01
3.39695112e-01
6.51569859e-01
6.36140212e-01
8.27795254e-01
5.90891195e-01
6.55181190e-01
6.50851552e-01
6.36854624e-01
6.97315311e-01
8.53019104e-01
6.28129323e-01
6.79076320e-01
7.87292242e-01
7.09942967e-01
6.78880486e-01
7.09437616e-01
7.56103253e-01
6.79298638e-01
6.02869113e-01
7.03178712e-01
7.12338926e-01
7.06746656e-01
7.12600638e-01
8.11709731e-01
5.51600276e-01
7.06826078e-01
5.71363536e-01
7.93204255e-01
5.82536064e-01
7.80891047e-01
6.87987875e-01
8.17489603e-01
5.08338270e-01
7.62414620e-01
4.15715243e-01
4.69432549e-01
6.50642003e-01
5.97839036e-01
7.71137354e-01
7.01152910e-01
7.48415067e-01
6.35551131e-01
5.72586318e-01
7.67141431e-01
6.84126032e-01
1.96267345e-01
7.10398112e-01
6.32339952e-01
3.42672113e-01
7.62793420e-01
6.50660565e-01
6.54399945e-01
4.68929110e-01
6.89201464e-01
7.58749701e-01
6.47620268e-01
8.08880482e-01
7.48283351e-01
6.51855741e-01
6.91642224e-01
5.90559809e-01
8.31758194e-01
7.59961380e-01
7.61386692e-01
6.44745214e-01
2.44406847e-01
6.35868606e-01
6.52831183e-01
6.63100978e-01
6.20855219e-01
5.93988553e-01
6.55372221e-01
6.54075951e-01
7.79942849e-01
6.48503407e-01
8.15970574e-01
6.89377230e-01
7.09277520e-01
6.15319635e-01
7.05128333e-01
7.62374141e-01
7.39291200e-01
5.47323068e-01
6.56511859e-01
7.03579334e-01
6.54002679e-01
6.53478365e-01
3.37189693e-01
5.02218292e-01
6.97649873e-01
6.51302436e-01
6.53230865e-01
4.74372710e-01
8.12671655e-01
6.64877729e-01
8.02077343e-01
7.44794300e-01
6.43138892e-01
7.42414125e-01
7.59083972e-01
4.86092247e-01
8.23320662e-01
7.58092795e-01
6.58379047e-01
6.92696615e-01
8.63816375e-01
8.75019534e-01
7.73624161e-01
3.39205134e-01
8.44048367e-01
5.85311839e-01
7.11361865e-01
6.54657086e-01
7.11035484e-01
4.36812671e-01
2.75355272e-01
5.10199192e-01
7.13268375e-01
6.58580822e-01
7.32971107e-01
7.62176264e-01
7.41470184e-01
7.98135477e-01
6.23311346e-01
8.32802534e-01
8.14890413e-01
7.09671832e-01
6.57689544e-01
6.80695523e-01
6.58019656e-01
8.27262986e-01
7.09373794e-01
7.62035532e-01
7.10943343e-01
7.44037441e-01
7.41786645e-01
5.43875525e-01
7.60351444e-01
6.99096140e-01
6.59419245e-01
6.93074068e-01
8.10746811e-01
6.49623397e-01
6.71950233e-01
5.18467713e-01
7.80917869e-01
7.09598053e-01
7.77584663e-01
6.65473342e-01
7.06196714e-01
6.59059671e-01
6.25256739e-01
7.53593833e-01
7.09448976e-01
6.41217819e-01
3.83915935e-01
8.16983569e-01
5.63381527e-01
8.02022358e-01
7.10598713e-01
6.58432497e-01
7.58819689e-01
6.14122587e-01
6.61699295e-01
8.32323274e-01
7.13549050e-01
4.96946746e-01
6.29286616e-01
7.12893984e-01
8.39998534e-01
6.43948030e-01
7.35457204e-01
6.57934889e-01
6.60284189e-01
5.33679400e-01
6.57231415e-01
8.49694599e-01
6.00338196e-01
6.41708549e-01
7.30720674e-01
6.48657413e-01
6.90019050e-01
7.51892306e-01
4.72102532e-01
7.73563889e-01
6.48938563e-01
7.08421507e-01
6.71667048e-01
6.64454648e-01
6.81344292e-01
6.97623949e-01
6.73776077e-01
7.11737379e-01
7.00452867e-01
8.41067467e-01
7.13397274e-01
6.59483714e-01
5.82748016e-01
7.11043721e-01
3.73247057e-01
7.10518770e-01
6.57099486e-01
7.95438372e-01
6.13546133e-01
6.57406867e-01
6.50537735e-01
6.58754225e-01
6.41359580e-01
6.50811670e-01
6.84241504e-01
6.57656864e-01
6.31300670e-01
7.09838732e-01
6.47334474e-01
7.71567353e-01
6.98614463e-01
6.18028082e-01
6.51000000e-01
7.70699877e-01
6.56601026e-01
7.52521246e-01
6.80414266e-01
6.09082894e-01
7.66608632e-01
7.12041872e-01
6.97372408e-01
7.66639012e-01
5.74486013e-01
6.87831417e-01
6.47964773e-01
7.42927418e-01
6.58544587e-01
6.41139046e-01
6.46574299e-01
7.13482476e-01
8.15044129e-01
4.01263010e-01
6.58052711e-01
7.00895530e-01
6.62857819e-01
6.61718276e-01
6.49187257e-01
6.50788598e-01
7.09598100e-01
4.95862732e-01
6.56450278e-01
7.26778433e-01
6.39177544e-01
8.27615551e-01
2.85984978e-01
6.94244565e-01
7.57611988e-01
3.89181606e-01
8.64050553e-01
7.02975149e-01
6.55600396e-01
6.51205148e-01
7.79655263e-01
8.38784380e-01
6.92908563e-01
6.64596178e-01
6.61437591e-01
8.12468857e-01
6.23924025e-01
6.62238383e-01
6.61520525e-01
6.80179409e-01
6.89775327e-01
1.97897421e-01
7.22409806e-01
6.58718296e-01
6.58838443e-01
6.11539299e-01
6.65995708e-01
7.37996121e-01
4.23256642e-01
6.53161139e-01
6.90303813e-01
6.95691763e-01
6.46290716e-01
5.95218112e-01
7.53052228e-01
7.11906117e-01
7.97574699e-01
6.19362467e-01
6.29142770e-01
7.20196737e-01
6.57782276e-01
7.65469244e-01
6.88407186e-01
6.93310633e-01
7.62267258e-01
5.98691294e-01
7.60831931e-01
3.60605094e-01
6.10192722e-01
7.34245217e-01
6.38347790e-01
6.56630937e-01
7.80788633e-01
8.29785084e-01
6.49114571e-01
7.65688962e-01
6.16828371e-01
6.59666483e-01
6.37333033e-01
7.57533965e-01
7.07971153e-01
7.94070479e-01
7.03057361e-01
5.67793344e-01
2.44791328e-01
6.93229447e-01
7.10150587e-01
6.67518914e-01
6.63824044e-01
7.09325349e-01
7.11381573e-01
6.47664833e-01
6.73666825e-01
6.60629831e-01
7.25581250e-01
2.14377903e-01
6.56365735e-01
6.13421936e-01
6.53812192e-01
7.07531572e-01
7.65152008e-01
7.58567303e-01
4.77720432e-01
7.02855849e-01
5.78994969e-01
6.47377036e-01
8.64775259e-01
6.83582207e-01
8.14961719e-01
3.98497640e-01
6.64376130e-01
5.98149535e-01
6.49210467e-01
7.76001243e-01
6.21726138e-01
7.11053466e-01
6.92450131e-01
7.72025267e-01
7.55308397e-01
7.06392721e-01
6.53002808e-01
6.63844407e-01
6.15755774e-01
7.09106580e-01
4.97959148e-01
7.28882786e-01
1.90815601e-01
5.58482685e-01
7.02591933e-01
4.30575815e-01
7.42678594e-01
7.70973251e-01
6.36841268e-01
8.07940900e-01
6.51493223e-01
6.58672831e-01
6.39865096e-01
6.28190146e-01
8.07708028e-01
7.90384401e-01
4.62938347e-01
6.80141566e-01
6.57794469e-01
6.49739229e-01
5.74709570e-01
5.23253630e-01
6.54594185e-01
8.01066024e-01
7.11485368e-01
6.60751118e-01
8.27188377e-01
6.59306109e-01
7.07387075e-01
7.72160968e-01
2.51427313e-01
6.57820569e-01
3.63328056e-01
6.19295542e-01
6.57219684e-01
6.61910841e-01
4.82563224e-01
6.48861291e-01
7.10589699e-01
6.08937554e-01
7.08807969e-01
6.08908252e-01
6.49361154e-01
6.69308945e-01
6.11200397e-01
6.38463501e-01
7.14308434e-01
7.09210005e-01
6.47520315e-01
7.86203563e-01
6.52866931e-01
6.04409869e-01
7.60792117e-01
7.13677142e-01
7.53248728e-01
5.53941530e-01
6.62590680e-01
6.47368818e-01
6.67935473e-01
6.55660136e-01
7.11078424e-01
7.01245175e-01
5.95730610e-01
6.59009860e-01
6.50848687e-01
6.58955158e-01
6.01548418e-01
7.09103678e-01
6.61197461e-01
6.44358822e-01
6.38793930e-01
3.02031188e-01
5.21365857e-01
2.90515923e-01
7.63875617e-01
7.63699643e-01
8.68213445e-01
8.60599653e-01
5.01044729e-01
7.09951599e-01
6.39229972e-01
7.55958592e-01
7.63134767e-01
6.94359256e-01
7.64855275e-01
6.26302206e-01
6.52973170e-01
8.10531980e-01
7.44710593e-01
7.02864676e-01
7.02768777e-01
5.83351237e-01
7.66831829e-01
6.64005412e-01
7.65157431e-01
6.36584193e-01
2.21423908e-01
5.65224242e-01
7.10003925e-01
8.08591113e-01
7.21593925e-01
6.93166847e-01
1.97393222e-01
7.65139572e-01
6.45484575e-01
7.10238463e-01
7.14290573e-01
5.11536907e-01
7.59220945e-01
6.57421698e-01
6.74227871e-01
7.01384962e-01
7.25578767e-01
5.75872957e-01
7.55058461e-01
6.54713970e-01
5.27288530e-01
4.82461224e-01
7.59896897e-01
6.47330211e-01
6.33637568e-01
6.81994642e-01
6.40508104e-01
6.34837169e-01
4.38889629e-01
7.08310573e-01
5.41155121e-01
6.57472054e-01
4.73121159e-01
7.11092256e-01
5.18549721e-01
5.90790542e-01
6.43174675e-01
6.31676621e-01
7.35406673e-01
8.42532748e-01
6.63925264e-01
7.34153734e-01
6.02227718e-01
6.38268133e-01
6.47962537e-01
7.05392896e-01
5.17711038e-01
7.32242915e-01
7.10545696e-01
7.11367902e-01
7.11463079e-01
7.47909362e-01
5.22791826e-01
6.27685544e-01
7.11310780e-01
6.43141965e-01
6.49553792e-01
7.09133430e-01
4.97772034e-01
6.88076710e-01
7.05423152e-01
6.93748293e-01
6.87216536e-01
2.58323886e-01
5.78456028e-01
5.32961336e-01
7.07759084e-01
6.20780090e-01
8.41663038e-01
8.12049787e-01
5.86755652e-01
4.41804128e-01
5.41007108e-01
6.43685942e-01
7.10922363e-01
6.86006130e-01
7.04711862e-01
6.59317846e-01
7.63467801e-01
7.25831663e-01
6.32032799e-01
7.73663410e-01
5.34344985e-01
7.73243004e-01
3.48339279e-01
5.94224416e-01
7.11263524e-01
5.95268477e-01
7.11290646e-01
6.35568740e-01
7.62566297e-01
6.63264877e-01
4.57887184e-01
3.47214195e-01
5.05303929e-01
6.47402586e-01
7.48183587e-01
7.62252643e-01
7.11349403e-01
7.01286605e-01
4.43995272e-01
6.43418340e-01
6.96504855e-01
6.67513591e-01
7.66040584e-01
8.67880409e-01
4.15571493e-01
6.88368164e-01
7.11582313e-01
7.14350763e-01
8.36561955e-01
6.99580363e-01
6.78264820e-01
8.03936623e-01
6.81114160e-01
6.77684133e-01
6.52207158e-01
6.57777209e-01
7.62037236e-01
5.88048741e-01
6.45220920e-01
7.09954185e-01
5.42844507e-01
6.55278140e-01
5.98402179e-01
5.83247305e-01
7.94143869e-01
7.12867882e-01
6.98400360e-01
7.54084318e-01
6.56781357e-01
7.63138644e-01
8.52200895e-01
6.55492271e-01
6.57293323e-01
6.54975793e-01
3.97793891e-01
6.11994892e-01
7.91131418e-01
4.64177086e-01
7.62220823e-01
7.14383751e-01
4.50477484e-01
8.10404663e-01
7.50042661e-01
6.63472877e-01
6.78140816e-01
6.15555232e-01
7.52936555e-01
7.47252700e-01
4.75904566e-01
7.92659870e-01
7.43783386e-01
7.81247123e-01
7.05057382e-01
7.09616252e-01
8.39526883e-01
6.55474557e-01
6.56926425e-01
7.58049375e-01
4.39496358e-01
7.61195855e-01
6.53088298e-01
7.96891094e-01
7.58807459e-01
7.10808344e-01
6.56653080e-01
7.62152561e-01
6.48162890e-01
6.72544350e-01
6.50667690e-01
8.14541232e-01
4.49390106e-01
7.66571041e-01
6.25635998e-01
7.86788526e-01
7.41156473e-01
4.22664121e-01
6.66962252e-01
7.30564280e-01
6.18219872e-01
7.43515246e-01
7.22105090e-01
6.36091468e-01
5.60620694e-01
7.42975279e-01
7.02825308e-01
7.21107550e-01
6.86502837e-01
8.62296517e-01
6.81981220e-01
6.42207958e-01
6.58637023e-01
6.36547892e-01
8.22016675e-01
7.51702359e-01
7.58375601e-01
7.86277318e-01
7.76592200e-01
6.89269813e-01
5.68205693e-01
7.09450927e-01
7.23717553e-01
6.56159425e-01
6.77611183e-01
6.41848209e-01
7.61541948e-01
6.45041782e-01
7.68251888e-01
7.00195276e-01
8.14480441e-01
6.36632902e-01
8.40195312e-01
6.42038793e-01
7.10806236e-01
6.76962349e-01
6.47077292e-01
6.48581562e-01
5.09945854e-01
5.91656913e-01
6.54351607e-01
7.10481032e-01
7.63182241e-01
8.14596620e-01
5.90115458e-01
7.18835718e-01
7.20541606e-01
3.38063050e-01
7.21549210e-01
8.19973159e-01
6.89721893e-01
6.54784468e-01
7.10762257e-01
6.58360210e-01
6.49695448e-01
6.57072989e-01
7.54272216e-01
7.32845722e-01
7.80229472e-01
5.70403473e-01
6.59025699e-01
7.67852523e-01
6.41355930e-01
7.92459803e-01
6.51993628e-01
6.39169158e-01
6.89410509e-01
7.67444301e-01
6.40472334e-01
1.71261866e-01
4.14785815e-01
7.12215842e-01
6.39246835e-01
8.66137633e-01
7.12857188e-01
6.07516076e-01
8.71298413e-01
6.55362135e-01
6.12153700e-01
7.60771197e-01
6.27274342e-01
6.39333226e-01
6.57043492e-01
6.13722931e-01
6.61001828e-01
3.18180287e-01
4.94851877e-01
6.59469098e-01
6.60551966e-01
6.27212094e-01
7.64487699e-01
7.87897952e-01
7.34200284e-01
4.99350285e-01
7.11041672e-01
7.62649737e-01
5.68625186e-01
7.10144066e-01
6.72341536e-01
7.09193912e-01
6.70219139e-01
7.84194477e-01
6.62418494e-01
8.12724189e-01
7.66685770e-01
8.59877339e-01
6.56880469e-01
8.70793477e-01
6.71197378e-01
6.81788738e-01
8.15059388e-01
6.08500214e-01
8.08196291e-01
3.61974378e-01
8.14892722e-01
8.33232015e-01
8.12791597e-01
7.10514889e-01
6.75159948e-01
7.55588153e-01
5.58416048e-01
5.93354135e-01
6.57428942e-01
7.09092191e-01
7.05151551e-01
6.57162252e-01
8.02884473e-01
7.54680857e-01
2.30740259e-01
6.46402180e-01
1.97746232e-01
7.57323964e-01
5.70550962e-01
7.10777342e-01
6.57652494e-01
6.88867517e-01
5.96896316e-01
6.18851468e-01
7.13030402e-01
5.41250519e-01
6.44935266e-01
6.48073610e-01
6.41098609e-01
6.19710394e-01
7.10571924e-01
6.81694946e-01
6.31265570e-01
7.82239716e-01
7.50282538e-01
7.09431504e-01
6.45960522e-01
6.57337918e-01
7.53309604e-01
7.58897123e-01
6.38407167e-01
6.51074386e-01
7.10027840e-01
7.55739608e-01
7.35344505e-01
8.50494489e-01
7.41828424e-01
7.05898913e-01
7.47459868e-01
7.10999551e-01
6.54810744e-01
6.96896387e-01
7.39977735e-01
5.61724298e-01
7.57033737e-01
7.54594172e-01
7.04976424e-01
8.59110303e-01
7.62734794e-01
6.30637575e-01
6.99526223e-01
6.41309849e-01
7.11874277e-01
6.37867022e-01
4.30229533e-01
7.01535724e-01
7.05581308e-01
6.50937111e-01
8.50102286e-01
7.55557714e-01
8.59205603e-01
3.94767139e-01
5.75779369e-01
6.55462052e-01
5.09887045e-01
7.09457702e-01
7.86776576e-01
7.51545561e-01
7.03626287e-01
6.47164831e-01
6.57621131e-01
7.63578418e-01
8.25549495e-01
6.84249220e-01
6.15470547e-01
4.43606090e-01
6.43196865e-01
7.53002751e-01
6.93586526e-01
8.67491804e-01
6.41290316e-01
6.10692104e-01
6.47275588e-01
3.84705326e-01
5.28300638e-01
6.10774448e-01
6.53148244e-01
6.58847275e-01
7.87889329e-01
7.64098764e-01
8.34513521e-01
6.15089516e-01
6.75525737e-01
7.38969712e-01
6.46504117e-01
3.04521129e-01
6.33121746e-01
4.89319877e-01
7.23912318e-01
6.49321452e-01
2.72368968e-01
4.79078345e-01
7.64624828e-01
6.47963530e-01
6.17218285e-01
6.46116817e-01
7.09098653e-01
6.41310830e-01
8.53649694e-01
6.63192632e-01
6.19302418e-01
7.53369864e-01
7.10062062e-01
7.58332423e-01
8.41843449e-01
7.09087861e-01
7.62356662e-01
6.93678977e-01
8.15066931e-01
7.01395046e-01
6.58849267e-01
6.82842261e-01
7.62175928e-01
6.48021912e-01
6.62745908e-01
7.10101899e-01
4.32127899e-01
6.75526613e-01
7.03668029e-01
7.11037165e-01
8.13642392e-01
5.83383435e-01
6.98740610e-01
5.24928853e-01
6.48485888e-01
7.05896330e-01
8.68773156e-01
7.59716565e-01
5.30706001e-01
7.12270181e-01
5.82794757e-01
6.71403034e-01
6.29966103e-01
6.57704076e-01
6.11464198e-01
6.89643262e-01
5.33273254e-01
6.43483399e-01
6.09363701e-01
6.58811656e-01
4.51724647e-01
6.57914013e-01
6.52766965e-01
6.70196827e-01
6.97908739e-01
5.99289931e-01
8.11644012e-01
6.42587844e-01
6.56521938e-01
7.09789060e-01
6.63986162e-01
6.36721622e-01
6.60697988e-01
6.45796724e-01
6.65501242e-01
5.80037741e-01
4.77996428e-01
6.56884396e-01
2.29804670e-01
7.01914630e-01
8.08100743e-01
7.64953566e-01
6.43542059e-01
6.61556212e-01
7.64900137e-01
5.73057970e-01
6.54514353e-01
6.41513612e-01
7.12505459e-01
6.58039363e-01
7.12191849e-01
6.63680899e-01
6.81741331e-01
6.61129502e-01
5.07146449e-01
6.06934834e-01
7.52931278e-01
6.08797894e-01
7.92783158e-01
7.58205297e-01
7.57375403e-01
8.15351515e-01
5.97947631e-01
7.61808305e-01
5.74289049e-01
6.56713295e-01
7.64989727e-01
8.03971329e-01
7.25636650e-01
7.29326922e-01
6.52999840e-01
7.77587105e-01
6.53728484e-01
6.51367783e-01
8.20246229e-01
7.81771991e-01
6.57888099e-01
6.42459954e-01
5.05497202e-01
5.00461008e-01
6.12167694e-01
3.08528151e-01
7.11026307e-01
6.44093983e-01
6.77369059e-01
7.68003218e-01
6.94399372e-01
6.41669954e-01
8.43401332e-01
6.33604343e-01
6.91067990e-01
6.15258771e-01
5.87065013e-01
7.11957276e-01
7.00262136e-01
7.11068224e-01
7.06961341e-01
7.05859064e-01
6.01712992e-01
6.58032801e-01
7.11929846e-01
7.11790378e-01
6.63719258e-01
6.60556463e-01
7.75025276e-01
7.08134678e-01
5.21521494e-01
7.14833925e-01
6.75321311e-01
6.60084243e-01
7.11692415e-01
6.48574944e-01
6.64562189e-01
6.90253431e-01
6.99654541e-01
6.87923617e-01
6.97438716e-01
7.13323502e-01
6.05945081e-01
6.51541839e-01
6.57309032e-01
6.40652215e-01
2.64434956e-01
6.37342688e-01
2.09070690e-01
6.37136352e-01
2.14075004e-01
4.79155126e-01
6.10179341e-01
7.61724368e-01
6.87731172e-01
6.40945183e-01
7.62411461e-01
6.81909983e-01
2.95549654e-01
6.19804192e-01
5.93053995e-01
2.65099847e-01
7.54047360e-01
6.57280713e-01
7.85765030e-01
6.01842591e-01
8.12261747e-01
6.58683966e-01
6.58992657e-01
6.64715690e-01
6.52869382e-01
7.72389630e-01
6.57169869e-01
6.31187092e-01
6.73303780e-01
7.29169341e-01
6.85231899e-01
6.60809746e-01
5.10835707e-01
6.25156129e-01
8.71096952e-01
7.71012764e-01
6.54119723e-01
7.71712016e-01
7.10842184e-01
7.63321271e-01
8.40175728e-01
4.77575489e-01
7.08618905e-01
6.57014847e-01
5.94003720e-01
6.47298757e-01
6.56721923e-01
6.57083644e-01
6.56018807e-01
7.21341266e-01
6.57968910e-01
6.49584514e-01
6.05972624e-01
3.35927069e-01
7.29701445e-01
4.81457770e-01
6.87899826e-01
7.60408278e-01
6.95083827e-01
5.29023357e-01
7.67458675e-01
7.63244477e-01
8.34613031e-01
6.55412182e-01
6.04910219e-01
6.56842416e-01
7.07707402e-01
6.61263889e-01
7.03931016e-01
6.49202556e-01
5.91760700e-01
7.09312134e-01
6.57063376e-01
7.12965488e-01
7.48025839e-01
6.96368938e-01
7.12813828e-01
7.10668721e-01
7.74486805e-01
6.62660805e-01
6.49260763e-01
7.12627943e-01
6.55527923e-01
7.15532376e-01
8.28867967e-01
4.71430015e-01
7.43751358e-01
6.80021627e-01
6.59735496e-01
7.72924351e-01
4.92712587e-01
6.62763828e-01
6.63900092e-01
6.69637321e-01
6.63508657e-01
6.69646300e-01
5.92214120e-01
7.66554479e-01
7.61400102e-01
7.58987651e-01
6.24191502e-01
4.90948595e-01
5.70235182e-01
7.59127639e-01
3.99516908e-01
5.95832379e-01
6.52149559e-01
2.64978836e-01
6.92254973e-01
7.05458626e-01
7.28315621e-01
6.79677662e-01
6.51137108e-01
8.08087449e-01
7.08081751e-01
6.64313085e-01
7.54360913e-01
7.68488541e-01
6.61161736e-01
8.64568038e-01
3.77864539e-01
7.49218180e-01
6.46635527e-01
7.75996349e-01
7.92360422e-01
6.21659769e-01
6.21364533e-01
6.50877953e-01
6.61190345e-01
6.50627423e-01
5.18396261e-01
7.59553470e-01
2.73599447e-01
6.24757793e-01
7.52933154e-01
7.10096368e-01
7.52231633e-01
8.31578392e-01
6.58758814e-01
6.95200614e-01
7.70105187e-01
7.71476995e-01
7.03222630e-01
6.85931267e-01
6.56721547e-01
6.50965897e-01
7.10259071e-01
7.05117548e-01
6.98320712e-01
6.56131716e-01
6.52471857e-01
7.12709925e-01
6.61113306e-01
6.58291047e-01
7.07499173e-01
6.20520088e-01
7.08010808e-01
6.48143521e-01
7.60724773e-01
6.97640148e-01
7.10554242e-01
2.32602016e-01
8.07960483e-01
6.45746093e-01
6.16281944e-01
6.52330636e-01
7.66413036e-01
6.75505721e-01
8.16829378e-01
8.30351743e-01
6.46349196e-01
7.08908525e-01
7.66250635e-01
6.23460977e-01
8.07572802e-01
6.57318454e-01
7.23764043e-01
6.60126400e-01
6.48282873e-01
2.74421761e-01
3.61919286e-01
6.59616195e-01
6.83760918e-01
6.53756154e-01
7.82943352e-01
6.63263327e-01
1.77086168e-01
8.64409510e-01
6.53580978e-01
5.15803277e-01
7.10898288e-01
7.90361306e-01
7.94580153e-01
7.63146085e-01
7.61138470e-01
7.77342106e-01
6.56724887e-01
7.10758988e-01
6.35652264e-01
7.60242626e-01
6.98552519e-01
7.05360108e-01
6.85684557e-01
3.15512064e-01
8.46762636e-01
6.45864166e-01
6.55591977e-01
4.08883733e-01
8.02264421e-01
8.06374133e-01
7.10574654e-01
7.05823158e-01
7.63135884e-01
6.58775557e-01
6.29557997e-01
7.46826535e-01
6.99645386e-01
7.34623013e-01
7.11913297e-01
8.27671510e-01
6.56052468e-01
6.46643028e-01
7.38780657e-01
8.65853878e-01
6.78059264e-01
8.46851699e-01
8.17758199e-01
6.48230692e-01
7.10761686e-01
2.85004045e-01
6.56438354e-01
6.55963090e-01
7.34726461e-01
6.41192298e-01
6.14735592e-01
6.55340230e-01
6.32203290e-01
2.51463542e-01
7.52087753e-01
7.10049098e-01
4.88608481e-01
8.72318518e-01
7.00423402e-01
6.58579427e-01
6.44707866e-01
2.76691915e-01
7.11822501e-01
7.76932316e-01
7.80633370e-01
6.46153622e-01
7.89837285e-01
7.14212531e-01
8.26565846e-01
7.11061368e-01
8.08755236e-01
7.10919976e-01
7.52424738e-01
6.56601901e-01
6.58927381e-01
6.96564786e-01
6.73382737e-01
7.47493658e-01
7.93192480e-01
7.05521793e-01
8.56395508e-01
5.07162561e-01
6.34243739e-01
8.71872471e-01
5.65040626e-01
6.60344541e-01
6.03593149e-01
6.51928559e-01
7.64540055e-01
3.71631868e-01
6.63586400e-01
4.15780588e-01
6.55690492e-01
7.98762323e-01
7.06983267e-01
6.98741745e-01
7.63152782e-01
7.47519134e-01
6.75302987e-01
3.07743462e-01
6.21243759e-01
8.57211857e-01
7.25912542e-01
6.28268557e-01
6.47385227e-01
6.78154631e-01
3.93654265e-01
5.39623351e-01
6.56217876e-01
5.61210963e-01
6.49093973e-01
3.69590067e-01
6.98009322e-01
7.66309818e-01
6.21604068e-01
7.75602465e-01
5.20938773e-01
7.73394800e-01
6.54969427e-01
7.37789258e-01
6.64645165e-01
3.30918538e-01
6.44094322e-01
7.86001712e-01
7.62768629e-01
7.10489570e-01
5.02610457e-01
7.00279667e-01
7.59938631e-01
8.12627916e-01
3.96024666e-01
7.01573623e-01
7.69296405e-01
6.48521074e-01
6.56925550e-01
2.71379715e-01
6.70949856e-01
6.26311641e-01
7.11189431e-01
4.29506190e-01
5.36389151e-01
6.94348544e-01
7.14598346e-01
7.01965250e-01
5.82372975e-01
7.35168663e-01
8.08245645e-01
7.68058649e-01
3.67418160e-01
6.48757108e-01
7.12426808e-01
8.75470577e-01
7.62668465e-01
6.12433865e-01
7.83297322e-01
6.96555853e-01
4.17143765e-01
2.79537973e-01
6.75391881e-01
7.34565073e-01
7.65153413e-01
6.47225720e-01
2.78638114e-01
7.61765937e-01
6.77424587e-01
6.46952403e-01
7.68631022e-01
4.42471872e-01
6.52657615e-01
5.62131801e-01
7.94395061e-01
7.84905767e-01
7.56712664e-01
6.02019198e-01
6.64544023e-01
6.56130385e-01
7.63045803e-01
2.69252350e-01
6.13715911e-01
8.21143369e-01
6.54290472e-01
6.54484994e-01
6.56998593e-01
6.56542539e-01
5.60363464e-01
5.74280256e-01
7.94892897e-01
7.10154888e-01
7.45674856e-01
3.60506250e-01
6.57231323e-01
7.64590308e-01
6.31360651e-01
2.59850854e-01
6.57645928e-01
7.67698680e-01
6.66834541e-01
6.57698687e-01
7.62696538e-01
6.48291651e-01
6.52969793e-01
6.51891428e-01
6.54184513e-01
8.53400393e-01
6.79502297e-01
4.11963946e-01
6.43524516e-01
6.11136238e-01
7.15208818e-01
7.74171957e-01
7.07998531e-01
7.57977719e-01
7.60363271e-01
7.10100546e-01
6.15567050e-01
7.11614896e-01
6.92457387e-01
4.38507886e-01
6.73516348e-01
8.42174292e-01
6.40568303e-01
7.92663563e-01
6.00341246e-01
7.62982535e-01
7.56204498e-01
5.07963167e-01
5.43419757e-01
6.52347831e-01
8.51883655e-01
6.50751412e-01
7.10239016e-01
7.09772282e-01
2.98594129e-01
6.44064028e-01
7.37371115e-01
8.51988137e-01
7.05148670e-01
7.09745651e-01
7.08833326e-01
6.78033491e-01
6.56872188e-01
6.77156953e-01
5.93886943e-01
6.88614677e-01
7.36153341e-01
4.17210124e-01
7.08010380e-01
8.76128639e-01
7.64637681e-01
8.56101493e-01
7.00834688e-01
8.09319970e-01
7.40336789e-01
5.36856673e-01
6.46199569e-01
7.54919933e-01
2.75787159e-01
6.57401815e-01
6.29014432e-01
7.85133397e-01
6.35055981e-01
7.59047113e-01
7.12572304e-01
7.48416994e-01
6.22843821e-01
7.11163260e-01
5.74138020e-01
7.36247117e-01
7.12057382e-01
7.55017080e-01
7.51156833e-01
3.71488860e-01
6.70745183e-01
5.00207585e-01
7.59842485e-01
7.59436462e-01
8.09783793e-01
6.48872439e-01
7.12180465e-01
4.91201234e-01
6.83225303e-01
7.10173212e-01
6.43846355e-01
6.26796896e-01
6.57303393e-01
8.54404388e-01
6.22944287e-01
6.75577131e-01
7.64459953e-01
7.71459371e-01
2.01057356e-01
5.16744306e-01
6.14594038e-01
5.60405237e-01
6.71339028e-01
6.55497285e-01
6.53968750e-01
6.33872314e-01
7.19031605e-01
6.18505124e-01
7.84906559e-01
6.50686313e-01
6.06008118e-01
6.03047362e-01
6.10408966e-01
7.99520050e-01
6.76897852e-01
3.08962143e-01
6.61562359e-01
6.14786908e-01
7.48316223e-01
6.64527565e-01
7.17338676e-01
6.57533956e-01
7.10117955e-01
5.90409203e-01
7.64752770e-01
5.29364630e-01
4.75109827e-01
7.11341247e-01
3.92591478e-01
6.59979556e-01
6.55303602e-01
5.68731798e-01
4.63453949e-01
7.11669350e-01
6.96556111e-01
6.96272780e-01
6.77396756e-01
7.58583484e-01
7.91757920e-01
6.59306381e-01
7.65926007e-01
6.42332571e-01
7.12338923e-01
6.53848127e-01
7.12607722e-01
6.69251100e-01
6.30647997e-01
5.86094054e-01
6.56286502e-01
6.96672386e-01
6.76857170e-01
7.10868380e-01
6.30851634e-01
6.14695668e-01
7.89039370e-01
5.74112372e-01
8.17101735e-01
7.09806368e-01
6.62720751e-01
5.56790594e-01
7.58227206e-01
6.54041713e-01
7.12161268e-01
6.86727817e-01
6.74081847e-01
7.12472874e-01
6.30782478e-01
7.25628029e-01
7.63525379e-01
7.75012800e-01
6.50869616e-01
7.09304534e-01
6.57801822e-01
6.71109783e-01
6.15058944e-01
7.63054084e-01
6.62961491e-01
6.58713447e-01
7.39256215e-01
6.92616697e-01
7.09954732e-01
7.08092708e-01
7.80258819e-01
6.82137052e-01
6.17991501e-01
2.82195084e-01
6.50114675e-01
4.59183103e-01
5.94816228e-01
7.63566863e-01
7.98119350e-01
6.35641732e-01
7.02741642e-01
7.12200649e-01
6.55611533e-01
8.12352370e-01
7.62662882e-01
7.12703362e-01
6.47064972e-01
6.09066459e-01
4.02451292e-01
6.53160817e-01
7.10657602e-01
6.63064416e-01
7.11428222e-01
8.74461552e-01
6.47694287e-01
7.10476549e-01
5.75089602e-01
8.34481693e-01
6.87976985e-01
8.34196947e-01
6.57303210e-01
7.52011155e-01
7.66102116e-01
6.56263877e-01
5.77562003e-01
6.39398222e-01
7.59581559e-01
8.55587241e-01
8.55737429e-01
6.46942934e-01
5.05707204e-01
8.12458348e-01
5.81344217e-01
3.11199340e-01
2.74977264e-01
6.47782622e-01
6.56658822e-01
8.65026951e-01
8.67715523e-01
7.59620553e-01
7.62222530e-01
6.55838742e-01
7.16670455e-01
7.02570033e-01
5.43926077e-01
7.73335641e-01
7.59836311e-01
7.12145629e-01
6.54010239e-01
7.91160116e-01
6.19395083e-01
6.60995302e-01
7.09522712e-01
7.45684543e-01
6.63976824e-01
7.61629116e-01
7.12010474e-01
6.66470728e-01
6.52929748e-01
6.32073562e-01
6.58761828e-01
6.22282054e-01
6.87569250e-01
6.73579243e-01
6.47588983e-01
5.19637087e-01
4.15774552e-01
3.08112739e-01
5.92666817e-01
6.83867658e-01
6.59787327e-01
4.26966512e-01
6.77130679e-01
7.12165104e-01
5.45480841e-01
6.50491100e-01
6.32275189e-01
7.09232875e-01
6.56436806e-01
4.68639879e-01
8.33647906e-01
6.82217850e-01
5.34130696e-01
6.87180093e-01
7.13220994e-01
7.10040783e-01
7.12187541e-01
8.47910971e-01
6.89862131e-01
6.48720059e-01
7.99817984e-01
6.51632461e-01
6.33646011e-01
6.24517325e-01
7.74966772e-01
5.94939181e-01
6.49678817e-01
6.43501172e-01
6.64208336e-01
6.86245221e-01
5.88242177e-01
6.56623414e-01
6.40359961e-01
7.12347469e-01
6.48732558e-01
8.26852308e-01
7.46847440e-01
6.56138801e-01
6.96469717e-01
7.71343748e-01
7.57110391e-01
7.64130007e-01
6.59573768e-01
6.60340290e-01
6.87891350e-01
6.73516505e-01
7.61494615e-01
7.12845179e-01
7.62987093e-01
7.63240478e-01
7.99877064e-01
6.58561556e-01
6.23747252e-01
6.74028594e-01
7.09439723e-01
7.11722202e-01
6.56614851e-01
6.43929139e-01
6.98763242e-01
7.12163698e-01
6.55775442e-01
7.73549363e-01
7.61308367e-01
6.44197393e-01
5.76419851e-01
6.24582808e-01
6.45746579e-01
7.09842083e-01
8.19173007e-01
7.62102693e-01
6.46183233e-01
7.77338796e-01
6.18332209e-01
5.19150969e-01
8.38657253e-01
7.09427689e-01
2.23911892e-01
7.10197756e-01
7.28336454e-01
5.98115132e-01
6.56659501e-01
6.36816193e-01
6.46845992e-01
7.09763487e-01
6.47563321e-01
8.14955730e-01
7.10399238e-01
8.40821595e-01
7.83356547e-01
8.67422890e-01
7.76550330e-01
4.38144165e-01
7.09783792e-01
6.53803931e-01
7.69003343e-01
6.58433887e-01
3.10484707e-01
7.39656171e-01
6.64779558e-01
8.12969945e-01
7.63033976e-01
7.59799575e-01
6.33541272e-01
6.14652714e-01
6.31584057e-01
6.77212235e-01
7.27639226e-01
6.69923516e-01
5.54953273e-01
7.63150045e-01
6.71721059e-01
7.10348487e-01
6.33688257e-01
7.62297997e-01
6.83270148e-01
6.39061913e-01
7.52816839e-01
7.03971450e-01
7.84261450e-01
6.59715194e-01
5.43786635e-01
6.72686953e-01
5.08132674e-01
6.37371108e-01
7.10455362e-01
7.09068907e-01
7.05300302e-01
7.86079406e-01
6.96474255e-01
7.53121867e-01
7.41963833e-01
7.11919999e-01
6.79462995e-01
7.53665666e-01
7.13459384e-01
7.69176734e-01
6.60032270e-01
6.57888004e-01
6.39332570e-01
8.16892215e-01
6.75774568e-01
6.63180535e-01
7.09771590e-01
6.25520323e-01
2.29932654e-01
6.55490244e-01
6.84650216e-01
6.57313692e-01
7.65263832e-01
5.49979242e-01
6.49516268e-01
6.16899598e-01
6.53014980e-01
6.49987586e-01
5.17439156e-01
6.47101818e-01
4.35195952e-01
7.11841908e-01
7.76405504e-01
7.15590288e-01
5.84637398e-01
6.57832311e-01
7.05736859e-01
6.48400919e-01
6.54865930e-01
6.57316649e-01
6.78079119e-01
7.05690351e-01
5.40925293e-01
4.97188081e-01
8.40020463e-01
7.79160289e-01
6.35050140e-01
7.63391485e-01
6.30188378e-01
6.30241548e-01
7.88495741e-01
7.85648645e-01
6.63417927e-01
6.47332417e-01
7.60163729e-01
7.74969969e-01
7.05834538e-01
6.77577955e-01
6.62798098e-01
7.74313631e-01
7.07010482e-01
7.61793789e-01
6.32462248e-01
8.74055636e-01
6.17271546e-01
6.48008721e-01
4.91873285e-01
5.44137276e-01
7.82288091e-01
5.79979795e-01
7.24704100e-01
8.24718443e-01
3.36028594e-01
6.63764978e-01
7.06629566e-01
6.37564938e-01
6.70580783e-01
6.68476666e-01
8.37826520e-01
7.03318354e-01
6.39616108e-01
6.50053551e-01
2.68799222e-01
7.56385329e-01
7.60341897e-01
3.99355035e-01
7.09864452e-01
7.98519848e-01
6.56678650e-01
6.98085971e-01
7.47575175e-01
5.86948392e-01
4.94264096e-01
7.93384920e-01
6.64221668e-01
7.67026737e-01
6.50272267e-01
7.26539405e-01
5.81126877e-01
7.13960869e-01
6.37638640e-01
6.72884017e-01
7.99061509e-01
6.25562536e-01
6.58184399e-01
5.68574589e-01
6.48254334e-01
7.59312736e-01
7.86244658e-01
3.38971779e-01
5.76650903e-01
6.27420063e-01
6.56672957e-01
7.45440844e-01
7.10904686e-01
7.11165384e-01
7.10572989e-01
7.71218337e-01
8.11101810e-01
7.78834869e-01
6.94604114e-01
5.08529310e-01
6.71185215e-01
7.39705083e-01
7.12502780e-01
7.10421679e-01
7.10930182e-01
6.56213019e-01
6.92171767e-01
6.15753263e-01
3.37109464e-01
6.61506478e-01
7.10739839e-01
5.61009783e-01
7.75498533e-01
7.08868077e-01
6.48000610e-01
7.66360016e-01
6.51951025e-01
6.58947560e-01
6.56375088e-01
6.88992855e-01
7.35425009e-01
6.66551945e-01
6.14165666e-01
7.10035510e-01
7.00612661e-01
5.27886945e-01
6.09478624e-01
5.66453693e-01
7.54948995e-01
6.63164635e-01
5.71852874e-01
6.37568979e-01
4.86338757e-01
6.34177262e-01
5.40035687e-01
7.66207769e-01
7.11928890e-01
7.89818041e-01
6.45752232e-01
5.63037753e-01
6.53871279e-01
7.06046378e-01
7.41642713e-01
6.63267305e-01
7.97565518e-01
6.42230225e-01
6.02056133e-01
8.17446343e-01
6.72731446e-01
7.63810898e-01
6.52544217e-01
7.59557140e-01
8.49177309e-01
6.58027037e-01
6.59101794e-01
6.27803742e-01
8.14487110e-01
6.47631286e-01
6.89921023e-01
5.40734235e-01
6.46821878e-01
7.00492670e-01
4.31112861e-01
6.50338623e-01
7.67026363e-01
7.69328411e-01
6.45041629e-01
7.89321601e-01
6.64615912e-01
6.82523992e-01
6.32755220e-01
7.10774947e-01
3.69738953e-01
7.82949327e-01
7.98355502e-01
7.79019701e-01
6.87194687e-01
6.37506969e-01
7.63564111e-01
6.43151671e-01
8.69239290e-01
7.02075275e-01
6.30046879e-01
7.64638526e-01
3.71976188e-01
6.09347989e-01
8.05460634e-01
6.57722091e-01
7.07718244e-01
5.90831409e-01
7.10711910e-01
6.22502746e-01
6.56800732e-01
6.54735643e-01
7.09576777e-01
7.11055545e-01
6.53303703e-01
8.38093142e-01
3.81874125e-01
6.83915201e-01
4.06384272e-01
7.05965084e-01
7.01371681e-01
7.32666318e-01
6.52919738e-01
7.10149001e-01
5.69796763e-01
8.09670906e-01
6.42240182e-01
6.42487380e-01
6.59027752e-01
3.27666712e-01
6.64209890e-01
7.48459092e-01
6.64267768e-01
7.08879097e-01
6.12035542e-01
6.24269582e-01
7.10611126e-01
5.97320110e-01
7.11174810e-01
7.12808552e-01
7.63916349e-01
6.55431956e-01
7.12016746e-01
7.63344324e-01
7.00935405e-01
7.63649480e-01
6.47913662e-01
5.94444785e-01
6.53872860e-01
6.63481541e-01
6.99927771e-01
7.10156900e-01
7.16500590e-01
8.50613519e-01
7.59876686e-01
6.52549316e-01
7.05107740e-01
7.66560782e-01
5.02632049e-01
3.43583699e-01
8.03202693e-01
8.73330198e-01
6.47346967e-01
7.51594715e-01
7.88577644e-01
6.33817773e-01
6.38401333e-01
8.32120719e-01
7.79009656e-01
8.41279149e-01
6.50620775e-01
3.53941330e-01
7.63258055e-01
7.64104316e-01
4.35564459e-01
5.40324684e-01
5.28207148e-01
7.46452700e-01
8.66971166e-01
6.40977177e-01
7.10145290e-01
5.70077762e-01
4.95666188e-01
7.69831996e-01
3.45471266e-01
6.07782812e-01
6.60310797e-01
6.57980526e-01
7.10149231e-01
7.73413807e-01
8.27041881e-01
7.64610370e-01
6.24257298e-01
7.11245073e-01
6.57341972e-01
6.57357165e-01
6.36478816e-01
6.49576222e-01
3.45235467e-01
7.67870287e-01
5.26614027e-01
6.61238071e-01
8.24679765e-01
6.63968115e-01
7.56633786e-01
6.57016598e-01
8.53980984e-01
5.81178795e-01
6.55742099e-01
7.11780672e-01
6.44106837e-01
6.24854657e-01
7.41361027e-01
7.04768427e-01
7.09998499e-01
6.81426477e-01
7.44089230e-01
6.76692554e-01
5.95687162e-01
6.91774892e-01
7.63267927e-01
6.50134247e-01
6.58996768e-01
6.40047104e-01
8.27349439e-01
5.46162458e-01
8.34878087e-01
7.34324206e-01
3.64539084e-01
5.01094786e-01
7.58904368e-01
5.58353699e-01
5.75201089e-01
5.29422885e-01
7.03704438e-01
6.15851886e-01
6.57358360e-01
8.31437928e-01
7.02413153e-01
6.55198968e-01
6.71096288e-01
8.03329568e-01
7.10432048e-01
7.63125818e-01
6.54467698e-01
8.08650109e-01
6.85051309e-01
6.07329064e-01
6.09757775e-01
8.35628856e-01
7.10649991e-01
6.43479805e-01
6.74004292e-01
7.11542530e-01
6.56605729e-01
6.58124652e-01
6.39961022e-01
7.30562120e-01
7.38592081e-01
6.36531490e-01
6.87042016e-01
5.39241174e-01
6.63965884e-01
6.40910189e-01
5.75089048e-01
5.97263585e-01
7.58354464e-01
6.57008515e-01
7.77705224e-01
6.87017855e-01
6.52289628e-01
5.67217305e-01
6.88173632e-01
6.42803981e-01
5.20322306e-01
5.20773766e-01
5.87669184e-01
7.55212323e-01
4.20010208e-01
6.39954838e-01
7.10288749e-01
7.14553714e-01
8.72883905e-01
7.62461090e-01
6.99927259e-01
7.11799405e-01
7.03618170e-01
7.21400407e-01
7.11753244e-01
6.01257114e-01
6.09373062e-01
6.52934145e-01
8.01616636e-01
7.09731702e-01
6.52154300e-01
7.07203127e-01
6.56505990e-01
6.83316764e-01
7.14439997e-01
4.89169999e-01
4.26385349e-01
6.56483088e-01
6.73987633e-01
8.07803614e-01
2.78209121e-01
6.24778653e-01
6.69438764e-01
6.63843156e-01
8.20251112e-01
6.71901221e-01
7.73878133e-01
6.12127113e-01
7.37955359e-01
7.11646782e-01
7.79520256e-01
7.02781618e-01
6.78803579e-01
6.54490699e-01
6.88185944e-01
7.82597794e-01
6.51333577e-01
7.70775452e-01
7.44406222e-01
7.73425931e-01
7.60611469e-01
7.62846045e-01
7.40802128e-01
7.62436214e-01
6.02970228e-01
7.12438619e-01
3.13855077e-01
7.63992628e-01
5.86830170e-01
6.96705612e-01
6.32470894e-01
6.39131782e-01
6.53514421e-01
5.56134212e-01
7.11459160e-01
7.57153455e-01
5.50513276e-01
8.55060456e-01
7.04153261e-01
6.50885418e-01
6.57630638e-01
7.16276406e-01
7.41191904e-01
7.11962449e-01
6.55341526e-01
7.46563446e-01
8.45616381e-01
5.82259948e-01
6.58114557e-01
6.50465175e-01
6.00656451e-01
6.63985002e-01
8.41581751e-01
6.59043147e-01
6.55765836e-01
6.51741074e-01
5.15161702e-01
6.24230885e-01
7.81006268e-01
6.84299204e-01
7.11899392e-01
7.57753669e-01
5.92218808e-01
5.22313720e-01
8.75415502e-01
8.17694626e-01
8.59709733e-01
6.03705084e-01
7.07560021e-01
6.14176021e-01
5.41506024e-01
6.57579744e-01
7.63655120e-01
6.41963299e-01
6.93355084e-01
2.48799907e-01
4.45946250e-01
7.41485190e-01
7.62010430e-01
7.11713072e-01
7.77860858e-01
7.00011843e-01
5.62204496e-01
6.55464869e-01
2.97767935e-01
7.40741025e-01
7.82600730e-01
2.53244270e-01
6.80804449e-01
8.51966536e-01
6.19324360e-01
6.34858208e-01
7.65445373e-01
6.53659774e-01
6.59765165e-01
4.97405492e-01
6.84378771e-01
6.80863804e-01
7.44473416e-01
5.04293982e-01
7.82237932e-01
3.81634699e-01
6.55166863e-01
7.12198637e-01
6.56533768e-01
7.63893135e-01
7.12020753e-01
6.45939748e-01
3.17819493e-01
7.48811831e-01
7.40565755e-01
6.49761008e-01
6.40794579e-01
7.44564767e-01
7.48782846e-01
6.63532134e-01
6.94356821e-01
6.57476279e-01
7.05535579e-01
6.49552946e-01
6.48610629e-01
2.92086608e-01
6.40673399e-01
6.63801970e-01
7.89187724e-01
7.14544918e-01
7.10521956e-01
6.55021836e-01
5.96997353e-01
7.59267805e-01
7.06442655e-01
7.69107903e-01
6.56341194e-01
7.12202678e-01
6.71662772e-01
8.49311691e-01
8.05903795e-01
7.49419925e-01
6.68877453e-01
6.33200156e-01
8.16573544e-01
7.11025592e-01
6.58812573e-01
6.69423886e-01
6.50591461e-01
3.18328793e-01
5.80206704e-01
6.46422245e-01
6.56073801e-01
7.54872511e-01
8.08994980e-01
7.71896115e-01
6.16216899e-01
6.57374826e-01
5.81395552e-01
6.35863101e-01
6.40999867e-01
6.43738742e-01
4.35024391e-01
7.84769303e-01
6.26789181e-01
8.23887741e-01
6.19755031e-01
7.71468390e-01
7.54704040e-01
7.64275343e-01
6.99168399e-01
7.25575053e-01
5.84191641e-01
6.77167656e-01
7.08504117e-01
6.48874354e-01
7.06694374e-01
7.12595379e-01
8.51719229e-01
6.20790614e-01
7.30567567e-01
7.67137108e-01
6.51468138e-01
7.83604040e-01
7.63074296e-01
6.77898131e-01
7.57637997e-01
7.61706661e-01
6.82644289e-01
6.20460034e-01
7.12385645e-01
5.77882663e-01
7.09411012e-01
7.09582739e-01
8.32317834e-01
6.46767259e-01
7.12571573e-01
6.16852337e-01
6.56519010e-01
6.88497509e-01
6.60117345e-01
6.43124966e-01
6.86096166e-01
5.67044160e-01
7.24966951e-01
5.52503618e-01
6.52567916e-01
2.90943954e-01
7.65194797e-01
6.04682050e-01
6.39544105e-01
7.35936998e-01
5.63791839e-01
8.48400545e-01
7.80220138e-01
6.53485728e-01
6.67117840e-01
5.76224540e-01
6.42394626e-01
6.48549777e-01
8.10554883e-01
7.63688479e-01
7.49141169e-01
6.36293132e-01
7.82078098e-01
7.03348081e-01
7.07045607e-01
6.55256264e-01
7.72792501e-01
7.31282445e-01
6.68733905e-01
6.47653456e-01
6.58680770e-01
6.93530930e-01
6.74664320e-01
7.60206134e-01
6.50364874e-01
7.40015292e-01
6.91929158e-01
7.74123825e-01
5.26821395e-01
8.40013700e-01
6.39143717e-01
6.63359625e-01
6.64425985e-01
6.54174845e-01
6.56837781e-01
6.55307370e-01
8.50711572e-01
6.40080858e-01
7.97223555e-01
7.30607729e-01
6.46847882e-01
7.44945728e-01
6.28297511e-01
6.36730595e-01
8.52396967e-01
2.12174848e-01
7.65302467e-01
6.87260561e-01
6.56924108e-01
6.27834241e-01
7.08193098e-01
8.35506733e-01
4.98469281e-01
6.40781743e-01
2.83448995e-01
7.62648617e-01
6.55672537e-01
6.44198667e-01
6.58645698e-01
6.51583535e-01
6.56732059e-01
7.11598230e-01
6.56571958e-01
6.87583142e-01
7.77850977e-01
7.12475990e-01
6.10334878e-01
6.44170865e-01
5.41610522e-01
5.25071888e-01
6.98177612e-01
7.12973956e-01
6.60422801e-01
6.52663586e-01
7.11522467e-01
8.74845929e-01
7.65015038e-01
6.19233228e-01
7.01342182e-01
6.46462295e-01
3.64989233e-01
2.84931576e-01
6.46207300e-01
6.64065414e-01
6.63271571e-01
6.48820075e-01
6.48575499e-01
7.77123522e-01
7.50815058e-01
6.96351809e-01
5.71549774e-01
6.45324007e-01
7.16497422e-01
7.15562018e-01
7.78360195e-01
6.56308657e-01
6.42497738e-01
4.45266525e-01
8.23560597e-01
6.80935817e-01
3.33619682e-01
5.80378650e-01
6.35174828e-01
6.02991088e-01
6.48166392e-01
7.89081228e-01
7.10047128e-01
6.39751210e-01
6.08675384e-01
7.50081860e-01
6.54272155e-01
8.52686586e-01
5.82408614e-01
8.37538194e-01
8.25968009e-01
3.25214901e-01
6.11937085e-01
6.40965753e-01
7.26380353e-01
6.36477282e-01
4.57607632e-01
6.48823766e-01
6.90544531e-01
7.10359600e-01
5.06370829e-01
6.93586903e-01
6.28999649e-01
6.46636435e-01
1.80057520e-01
7.00365742e-01
7.60792145e-01
8.73445154e-01
7.10917065e-01
6.14343738e-01
6.05388763e-01
7.56889137e-01
6.49466319e-01
7.59266936e-01
5.40509829e-01
6.48857612e-01
6.46810137e-01
7.62649109e-01
7.61056773e-01
6.53701082e-01
7.24332811e-01
7.91705138e-01
6.55201360e-01
7.67807215e-01
5.56892852e-01
6.54465567e-01
6.56852787e-01
8.77053718e-01
6.56035038e-01
8.59164750e-01
7.85935588e-01
7.11489064e-01
5.59363633e-01
7.10354351e-01
6.56028702e-01
7.12403824e-01
8.44768459e-01
6.43074934e-01
7.63135759e-01
6.33960788e-01
6.34687363e-01
6.57319449e-01
4.64526360e-01
6.49400462e-01
6.12947963e-01
8.62207340e-01
6.56134678e-01
6.45277035e-01
7.15990527e-01
6.62032861e-01
6.56632257e-01
5.78991685e-01
4.45457305e-01
6.33233450e-01
8.09943516e-01
7.09316187e-01
7.61354254e-01
8.34371604e-01
7.49255681e-01
7.52775982e-01
6.53101817e-01
7.53657021e-01
6.63719543e-01
5.97848332e-01
6.46298466e-01
6.77965579e-01
4.47890321e-01
7.65548551e-01
7.06192034e-01
6.05744556e-01
6.76449306e-01
6.11954321e-01
7.10886826e-01
6.63762717e-01
6.94366382e-01
6.01348754e-01
8.07392777e-01
7.74095335e-01
4.67781540e-01
5.25023817e-01
7.68014428e-01
3.66398893e-01
6.34271883e-01
8.16476765e-01
3.12558849e-01
5.96400284e-01
7.63184060e-01
7.09864614e-01
4.60098051e-01
7.10750459e-01
6.25550513e-01
7.62814959e-01
8.27579583e-01
7.00099692e-01
6.57593501e-01
6.50980068e-01
6.51619030e-01
6.28474447e-01
7.54203294e-01
6.10810843e-01
6.51754967e-01
6.12912891e-01
5.80002099e-01
7.11423518e-01
6.49599020e-01
6.60541575e-01
7.10941578e-01
7.24601335e-01
8.35331626e-01
3.63322559e-01
6.65184388e-01
6.59905943e-01
7.58680189e-01
6.54017470e-01
7.61701011e-01
7.54860565e-01
7.12430477e-01
7.63285735e-01
6.47912331e-01
5.77828877e-01
6.34276433e-01
6.97440064e-01
7.74013470e-01
4.77115757e-01
7.65508018e-01
7.70770298e-01
5.95228137e-01
7.56849187e-01
6.64492511e-01
7.49233866e-01
6.99849335e-01
7.61028454e-01
6.48069237e-01
7.09579685e-01
6.80762484e-01
6.45196967e-01
7.09905676e-01
6.31309724e-01
6.18977442e-01
6.61560280e-01
7.78955047e-01
7.89406592e-01
6.70223515e-01
6.43602701e-01
6.52038607e-01
6.53426960e-01
6.50175170e-01
8.05623763e-01
7.23974581e-01
6.42535300e-01
7.34144987e-01
6.25421567e-01
5.68778614e-01
6.22253029e-01
8.22015425e-01
3.64188127e-01
7.56416930e-01
6.35415644e-01
7.59442146e-01
8.58393239e-01
7.06330726e-01
6.47171277e-01
6.60757624e-01
7.11380666e-01
7.58301614e-01
3.24006955e-01
8.44090323e-01
6.51664960e-01
4.61482130e-01
6.63531168e-01
6.58568672e-01
7.09733140e-01
7.50675858e-01
7.63845372e-01
7.08324504e-01
7.42720197e-01
5.86248413e-01
8.17478780e-01
7.80323705e-01
6.64600487e-01
7.34208563e-01
4.62536477e-01
6.45192489e-01
8.26776075e-01
7.06097545e-01
7.57669649e-01
7.21885071e-01
7.63410086e-01
7.77543259e-01
7.21209852e-01
6.49265505e-01
6.64561968e-01
7.36186386e-01
8.43692739e-01
5.60246178e-01
6.50254726e-01
8.24986317e-01
6.35013406e-01
7.76681502e-01
6.59594850e-01
6.28984842e-01
7.07518941e-01
6.49405713e-01
5.77657428e-01
6.84523842e-01
2.72591339e-01
7.80559266e-01
4.75785781e-01
7.47351603e-01
6.47317419e-01
6.51303859e-01
6.51763839e-01
5.64071768e-01
6.97072153e-01
6.26519946e-01
4.76398180e-01
7.67263178e-01
5.13016017e-01
7.09744459e-01
4.95757154e-01
6.94682734e-01
7.23144170e-01
6.56736601e-01
7.55356338e-01
7.09948464e-01
7.68383361e-01
7.45290519e-01
6.46306639e-01
6.52674406e-01
8.00249333e-01
7.06459954e-01
5.20397471e-01
6.45696876e-01
6.84358166e-01
6.50572973e-01
6.06007910e-01
6.50249658e-01
8.29137550e-01
8.04850354e-01
6.61171991e-01
6.71370198e-01
7.62195418e-01
8.13627632e-01
5.70498892e-01
6.35699361e-01
6.21050410e-01
5.99877600e-01
6.74716512e-01
7.09804694e-01
6.36420491e-01
6.57340843e-01
7.10469907e-01
7.81136727e-01
7.12973515e-01
6.12603998e-01
6.50224414e-01
6.83657332e-01
4.86832937e-01
6.69075991e-01
5.57934306e-01
7.80077182e-01
7.20589009e-01
6.40420702e-01
7.10169988e-01
6.60787686e-01
7.01150840e-01
7.14334706e-01
3.81167347e-01
7.70934675e-01
7.99353752e-01
7.55319047e-01
8.74252237e-01
5.60067363e-01
7.10862988e-01
7.10467710e-01
6.58003456e-01
7.47043517e-01
7.66295639e-01
7.03026393e-01
7.12371697e-01
6.41054665e-01
6.70853548e-01
7.09755874e-01
7.07172687e-01
7.10082122e-01
5.93841784e-01
8.31818499e-01
4.07814683e-01
6.20441538e-01
6.54823561e-01
5.63414517e-01
7.13118737e-01
5.97144967e-01
5.59876684e-01
3.56833694e-01
7.76244007e-01
8.21508970e-01
7.08039891e-01
5.99245451e-01
7.54253801e-01
6.15291746e-01
6.44850213e-01
8.59449347e-01
6.03609129e-01
8.03276802e-01
6.93207536e-01
5.44324175e-01
6.39783990e-01
7.78886580e-01
5.91444938e-01
6.14377158e-01
7.10468958e-01
6.23696028e-01
6.56767649e-01
7.73170855e-01
7.59660371e-01
7.62631299e-01
8.49730888e-01
7.71670701e-01
2.42092856e-01
7.62189172e-01
8.50015049e-01
6.68772739e-01
7.09654252e-01
7.39519160e-01
6.18683975e-01
7.06579480e-01
5.28800615e-01
6.49798312e-01
6.25810104e-01
7.63232221e-01
5.32311775e-01
7.61817539e-01
5.75145366e-01
6.50738415e-01
8.35980734e-01
6.53254825e-01
6.61885858e-01
7.87476368e-01
6.20864843e-01
4.57131036e-01
6.55018530e-01
6.31268114e-01
4.84546294e-01
6.97173341e-01
5.94126431e-01
5.44429224e-01
8.59756676e-01
6.10736558e-01
5.47789246e-01
7.97089275e-01
7.36454102e-01
5.96276557e-01
8.34364638e-01
6.73015069e-01
7.63378745e-01
6.50296109e-01
7.38291965e-01
7.64000821e-01
7.65605597e-01
6.91483133e-01
5.76684414e-01
6.97464244e-01
8.03403389e-01
7.15330793e-01
3.57854672e-01
6.68972304e-01
6.26920452e-01
3.79603112e-01
7.86336479e-01
7.17001701e-01
6.44046494e-01
6.38603468e-01
7.80903384e-01
6.60075734e-01
3.58329246e-01
7.64381355e-01
7.49895410e-01
6.83482576e-01
6.68624261e-01
6.54680010e-01
2.37717463e-01
6.51489588e-01
2.24266414e-01
7.66053034e-01
6.50249255e-01
6.60025471e-01
7.01792785e-01
6.49553224e-01
6.56313949e-01
6.98220935e-01
7.11526534e-01
6.57165941e-01
6.78995579e-01
7.64786903e-01
5.39900421e-01
7.63436047e-01
4.84427511e-01
7.83760802e-01
7.48853601e-01
7.70202757e-01
6.53554136e-01
7.11322330e-01
6.43156903e-01
7.64074716e-01
6.51424683e-01
7.21920307e-01
7.49802557e-01
5.95843938e-01
5.99426588e-01
6.55686387e-01
6.53082689e-01
6.35840771e-01
6.43874743e-01
3.71668607e-01
8.71399675e-01
6.51236281e-01
7.09993804e-01
6.19563258e-01
6.52336414e-01
8.43719093e-01
5.61247448e-01
5.14716085e-01
6.32913769e-01
5.81861360e-01
6.59439776e-01
6.58934327e-01
6.57181930e-01
6.89665607e-01
6.55367369e-01
6.37863129e-01
6.54267979e-01
6.30327918e-01
5.97809626e-01
5.45672055e-01
4.02497242e-01
6.22604403e-01
7.58239423e-01
3.28659074e-01
6.22166129e-01
6.15777101e-01
5.96579398e-01
6.89535615e-01
6.49202887e-01
8.27379967e-01
7.53897656e-01
7.33756748e-01
7.10204730e-01
6.59572771e-01
6.63566156e-01
7.62730357e-01
6.98688543e-01
6.57893963e-01
6.45702329e-01
3.81798302e-01
6.58610631e-01
7.08731806e-01
6.87678525e-01
6.49113619e-01
6.61531270e-01
8.64915353e-01
8.62122280e-01
7.08155267e-01
7.54943475e-01
6.71356528e-01
7.59486829e-01
6.63210623e-01
6.56938147e-01
6.57027468e-01
7.54491444e-01
8.36991393e-01
6.98738368e-01
6.68886577e-01
7.62122326e-01
6.39188779e-01
5.32904043e-01
7.12125582e-01
7.02366432e-01
8.43918630e-01
6.88511313e-01
6.63393511e-01
6.57257650e-01
6.74279021e-01
3.52939089e-01
8.41143118e-01
5.42667874e-01
6.64783795e-01
6.57692061e-01
8.49382195e-01
6.37206694e-01
6.42269144e-01
6.40880730e-01
7.44596822e-01
4.66334269e-01
6.33399728e-01
3.82777556e-01
1.98522925e-01
2.72373295e-01
6.36309508e-01
7.40904833e-01
6.86448896e-01
7.09727204e-01
5.61899913e-01
6.60101048e-01
7.86783073e-01
4.74910007e-01
8.67084142e-01
8.65028206e-01
7.75235040e-01
6.27203902e-01
8.23129074e-01
7.28953707e-01
6.27731822e-01
5.15321296e-01
8.51501177e-01
8.73557120e-01
7.32512375e-01
3.60058600e-01
8.46813414e-01
6.64602798e-01
7.55996715e-01
7.49337298e-01
6.64536764e-01
5.44518957e-01
6.84965208e-01
4.48194208e-01
7.65790441e-01
7.75995897e-01
8.29999331e-01
6.49655676e-01
1.97562930e-01
7.56922351e-01
5.81049362e-01
6.34058575e-01
5.39387743e-01
4.89597423e-01
7.12515840e-01
8.20695794e-01
6.53995208e-01
7.41921774e-01
6.78084951e-01
8.60437605e-01
6.52377620e-01
6.55436113e-01
6.54975541e-01
5.34302656e-01
6.32274054e-01
2.29820656e-01
7.67089500e-01
8.69974420e-01
8.43836991e-01
6.09259684e-01
6.40950236e-01
6.21293304e-01
6.87948065e-01
5.82975255e-01
3.81773516e-01
6.62836637e-01
3.46725211e-01
5.55449113e-01
3.69673837e-01
6.43790109e-01
7.02284910e-01
3.24885485e-01
6.51614589e-01
6.20741122e-01
7.16699201e-01
6.32224507e-01
6.58920444e-01
6.57681838e-01
6.46727911e-01
6.62001723e-01
5.21720136e-01
6.57798861e-01
6.58863814e-01
6.76241582e-01
6.09871348e-01
4.82909892e-01
7.54323169e-01
6.46173231e-01
8.09859224e-01
6.70864107e-01
8.50141690e-01
5.26025464e-01
2.55989646e-01
5.49754018e-01
5.66602632e-01
7.63763305e-01
8.72663004e-01
7.24216210e-01
6.62442588e-01
6.51642222e-01
5.25269821e-01
6.61085501e-01
7.65660240e-01
6.58542109e-01
6.58608316e-01
8.31707367e-01
5.12691347e-01
6.76499852e-01
7.55302387e-01
5.79394347e-01
5.97992158e-01
7.55859034e-01
8.62221643e-01
7.41966191e-01
6.77665393e-01
5.78237740e-01
7.79055564e-01
7.11592356e-01
7.12541083e-01
7.11566201e-01
6.36530163e-01
6.58839593e-01
7.04842191e-01
3.81073887e-01
8.48820123e-01
5.73331617e-01
6.53125822e-01
6.43893468e-01
7.02667917e-01
7.69002108e-01
7.11132216e-01
6.58288644e-01
6.58364105e-01
6.69726700e-01
7.25430082e-01
6.52780973e-01
2.56761303e-01
7.10920772e-01
5.56263079e-01
6.46548649e-01
7.27524527e-01
5.70410483e-01
8.26577452e-01
6.58848313e-01
7.84336004e-01
2.87688798e-01
8.64068091e-01
5.94884516e-01
6.41565303e-01
6.29724877e-01
3.95711733e-01
6.50663862e-01
7.54928488e-01
7.53221283e-01
7.09783249e-01
6.52671708e-01
8.35329422e-01
6.43130579e-01
6.09682900e-01
5.61295965e-01
5.84205410e-01
7.09467557e-01
7.50678748e-01
5.74749207e-01
6.55269239e-01
6.64017466e-01
7.02668568e-01
7.96984726e-01
7.57957252e-01
8.44635623e-01
6.62017241e-01
6.20578432e-01
6.61323562e-01
6.54319078e-01
8.08658932e-01
4.41794574e-01
6.51580310e-01
7.66258140e-01
6.98376295e-01
6.01084854e-01
6.81124679e-01
6.46075120e-01
7.09168668e-01
7.09580936e-01
6.90624494e-01
6.48019889e-01
7.28272352e-01
7.53302474e-01
3.91239329e-01
6.70699134e-01
6.41015751e-01
5.98388635e-01
7.34228502e-01
6.62665247e-01
6.56501544e-01
5.79623200e-01
6.27692902e-01
6.54762669e-01
7.71838057e-01
6.68500159e-01
6.54542431e-01
4.97900563e-01
5.82707600e-01
5.07828833e-01
6.02240199e-01
8.10062123e-01
6.59420376e-01
6.26900770e-01
7.58732624e-01
6.57596108e-01
8.06122736e-01
6.46600471e-01
7.57219478e-01
6.76133159e-01
3.90217718e-01
5.45433213e-01
3.79943457e-01
6.52731480e-01
7.60640909e-01
7.30849324e-01
4.25167037e-01
3.65251472e-01
6.52307330e-01
6.64524480e-01
8.11267101e-01
7.97226246e-01
6.25433899e-01
7.95152970e-01
8.71124380e-01
7.53479493e-01
6.33488255e-01
6.36468407e-01
6.53934878e-01
7.64666471e-01
5.92881556e-01
6.44239398e-01
6.35774631e-01
7.66020335e-01
6.54607508e-01
5.71039456e-01
7.10698450e-01
6.68048698e-01
5.95456336e-01
7.72259350e-01
5.67881160e-01
6.26556261e-01
8.56383908e-01
8.44108757e-01
5.73512698e-01
6.38988051e-01
6.56294426e-01
7.81448108e-01
5.78847171e-01
6.72168956e-01
6.39148449e-01
6.47064983e-01
6.18399393e-01
6.69790175e-01
5.72001814e-01
7.63895193e-01
6.57333223e-01
6.75779156e-01
6.53834204e-01
6.14883836e-01
8.58674021e-01
6.21325613e-01
7.64303212e-01
6.47175054e-01
8.40471652e-01
4.26325026e-01
7.61643601e-01
5.36993637e-01
6.57339180e-01
5.79497358e-01
7.76870001e-01
8.10591994e-01
5.87084097e-01
7.12168039e-01
8.34762361e-01
7.80077778e-01
8.70510235e-01
6.59008493e-01
5.34166018e-01
4.60717831e-01
5.21358708e-01
8.57007571e-01
8.73653451e-01
7.10133994e-01
3.67332837e-01
7.63326186e-01
7.10445036e-01
8.32978569e-01
6.86661213e-01
8.47259155e-01
6.58491261e-01
6.21034943e-01
7.83181667e-01
6.22140694e-01
7.09373148e-01
6.59638218e-01
7.64727922e-01
6.38612598e-01
7.09668764e-01
6.63340979e-01
7.69485204e-01
6.63762528e-01
6.50692857e-01
5.86133291e-01
6.68490068e-01
7.08232426e-01
6.43771946e-01
5.76447971e-01
7.68716434e-01
7.90759458e-01
3.72168656e-01
6.35610473e-01
6.27915258e-01
6.54794336e-01
5.97453227e-01
7.77848341e-01
4.35763742e-01
8.30708311e-01
6.44111841e-01
7.56657152e-01
5.90334251e-01
6.34945258e-01
6.33449780e-01
7.04063722e-01
7.64125025e-01
6.63617372e-01
6.93326537e-01
7.65394327e-01
5.25738134e-01
6.57180441e-01
6.21333561e-01
6.04026040e-01
7.52569891e-01
6.80615698e-01
7.63833546e-01
5.59454943e-01
7.06258292e-01
6.28753844e-01
6.56279264e-01
7.62304685e-01
8.57209437e-01
7.28151996e-01
5.92132473e-01
8.08546026e-01
5.84592549e-01
2.05684627e-01
3.00250138e-01
7.58452588e-01
6.58674567e-01
6.21669801e-01
7.75115020e-01
6.47148506e-01
8.39928754e-01
7.62501766e-01
7.12223772e-01
6.92398488e-01
5.06057046e-01
8.66393278e-01
8.62141024e-01
7.42622174e-01
7.66442151e-01
6.50554132e-01
3.15323758e-01
5.24347929e-01
3.74110003e-01
6.84358685e-01
6.88057754e-01
6.57933019e-01
4.78978045e-01
6.53642360e-01
8.21160115e-01
6.43493347e-01
6.55692732e-01
6.51916834e-01
6.31791712e-01
5.89695439e-01
7.10128155e-01
7.68636484e-01
6.58279033e-01
7.41306153e-01
7.10276019e-01
7.10027595e-01
7.78194553e-01
5.79097558e-01
6.44621870e-01
3.06582880e-01
6.21597045e-01
7.11156919e-01
7.55351854e-01
6.59479842e-01
6.78242056e-01
7.64037973e-01
6.72730256e-01
6.53145924e-01
6.19742914e-01
6.25967776e-01
6.00089385e-01
6.52391561e-01
7.53168956e-01
7.75549515e-01
7.07739349e-01
7.08533163e-01
3.82429610e-01
8.16930870e-01
6.25568728e-01
7.81310269e-01
6.43589098e-01
6.34651470e-01
6.03065877e-01
7.12316763e-01
7.61074248e-01
8.53497092e-01
8.70392126e-01
6.72769560e-01
8.46323098e-01
4.00031813e-01
6.44324277e-01
7.43726211e-01
8.35501051e-01
6.63414782e-01
7.59228041e-01
6.75588961e-01
6.77517311e-01
8.36006251e-01
6.50494275e-01
7.19020789e-01
8.18809716e-01
7.56003127e-01
3.44377185e-01
5.49098327e-01
6.48687942e-01
6.62979462e-01
5.39794331e-01
7.58007002e-01
7.09333438e-01
6.06038660e-01
6.46142463e-01
6.23912605e-01
7.60990537e-01
6.22704700e-01
7.13137343e-01
4.33512632e-01
6.61205587e-01
4.22875095e-01
6.62178194e-01
6.81204527e-01
6.44258895e-01
6.37417915e-01
6.55179810e-01
6.28282621e-01
7.13166711e-01
7.62620360e-01
7.66927051e-01
7.93975034e-01
5.60814232e-01
6.55752312e-01
6.53787384e-01
7.54627088e-01
7.16745628e-01
6.64583931e-01
7.32727326e-01
7.81751447e-01
6.57515287e-01
6.73948478e-01
6.28910743e-01
5.36582422e-01
8.52866940e-01
8.74663256e-01
8.70795704e-01
4.74469004e-01
7.41744299e-01
6.50094050e-01
6.56116636e-01
6.95430305e-01
7.32554307e-01
4.73632115e-01
7.84140774e-01
7.71283229e-01
7.57257932e-01
7.63221428e-01
6.02298272e-01
7.58587543e-01
6.31526667e-01
3.95783660e-01
6.49224271e-01
7.11780008e-01
6.64963605e-01
7.01054974e-01
6.58036887e-01
4.73074440e-01
6.46280905e-01
7.47348927e-01
4.79582072e-01
4.22032779e-01
6.26030619e-01
6.47947485e-01
8.05330262e-01
7.02890546e-01
6.92789952e-01
7.04365949e-01
6.57183381e-01
6.36010072e-01
3.34801458e-01
3.48734905e-01
6.39410071e-01
8.12317104e-01
6.71794323e-01
7.40018031e-01
6.99551816e-01
2.86971693e-01
8.65236835e-01
6.46125772e-01
7.96049238e-01
7.70843224e-01
5.63983235e-01
5.79303506e-01
7.60530356e-01
7.60157550e-01
6.91246268e-01
6.74459622e-01
6.58225822e-01
5.91890892e-01
6.67942705e-01
7.19458981e-01
2.69824647e-01
7.53497164e-01
8.63647326e-01
5.98918773e-01
6.39057629e-01
7.10202344e-01
7.65013729e-01
6.41577480e-01
7.55077203e-01
6.73446547e-01
7.40434364e-01
7.00274690e-01
8.55202666e-01
7.42125294e-01
7.10506950e-01
7.61802459e-01
6.28308063e-01
7.12659581e-01
6.51145872e-01
5.19568910e-01
6.39916800e-01
6.63244411e-01
7.17446031e-01
7.62614484e-01
7.10597952e-01
6.43304152e-01
7.66764130e-01
5.76524633e-01
8.74401577e-01
8.58340659e-01
8.11803109e-01
6.53180486e-01
8.13701456e-01
6.54826638e-01
3.15373202e-01
7.68292576e-01
8.70247373e-01
7.04115473e-01
8.04271926e-01
4.82118460e-01
6.57997229e-01
5.88093859e-01
7.28694936e-01
7.51966517e-01
7.78518243e-01
6.67580574e-01
6.12147612e-01
7.09652335e-01
6.40933900e-01
3.84555018e-01
6.21151289e-01
6.61159521e-01
3.07909896e-01
7.48414143e-01
7.99163436e-01
6.37588214e-01
6.64241749e-01
6.82478991e-01
6.04083107e-01
5.47338852e-01
6.62022164e-01
7.61020505e-01
6.50218123e-01
6.66288481e-01
7.52876319e-01
6.30579246e-01
6.78037917e-01
7.62593673e-01
7.03280249e-01
7.35700911e-01
7.44194103e-01
6.37659942e-01
7.55239366e-01
6.91826309e-01
7.04932193e-01
6.17038538e-01
3.62561126e-01
6.57878023e-01
3.79729683e-01
6.57710658e-01
6.59839556e-01
6.58613274e-01
6.60387187e-01
7.92833522e-01
7.63990888e-01
8.06274531e-01
6.53140573e-01
7.30679354e-01
6.81049237e-01
8.56742876e-01
3.91937026e-01
3.20842019e-01
6.82221450e-01
8.74531397e-01
7.58303674e-01
7.63022101e-01
7.08991964e-01
7.11752906e-01
7.09999668e-01
6.13834788e-01
8.37991864e-01
6.95217191e-01
7.66280159e-01
6.38066680e-01
7.11664774e-01
6.64177690e-01
6.26508017e-01
6.95068222e-01
7.54350404e-01
6.93766106e-01
5.94119530e-01
7.65764705e-01
7.10608364e-01
2.70923638e-01
7.52549682e-01
6.98466251e-01
7.14261867e-01
5.13877618e-01
6.28265338e-01
7.41517390e-01
8.29926687e-01
5.79065530e-01
7.56212098e-01
7.19281643e-01
7.65115562e-01
6.31568877e-01
8.41018635e-01
8.30775071e-01
7.64487258e-01
6.57499284e-01
6.78420768e-01
6.57500737e-01
6.54679311e-01
6.75501627e-01
5.56683346e-01
6.55742911e-01
6.41754832e-01
6.59836354e-01
5.41343833e-01
6.23199006e-01
8.38364372e-01
6.57638763e-01
6.57160513e-01
6.33794542e-01
7.11532311e-01
7.11776952e-01
7.66456384e-01
6.05582166e-01
7.11525479e-01
7.23328575e-01
7.76785272e-01
7.50991635e-01
7.48735493e-01
7.19958713e-01
6.67393208e-01
8.38164614e-01
6.63679195e-01
7.84549797e-01
8.01123183e-01
5.54119248e-01
6.58990416e-01
5.70338595e-01
6.59685037e-01
7.18570583e-01
7.57078465e-01
1.67414197e-01
6.57785737e-01
7.06341509e-01
6.54437522e-01
6.64312486e-01
6.26974293e-01
7.63852836e-01
7.10904001e-01
3.70607105e-01
5.69432046e-01
6.57495727e-01
6.50978951e-01
6.65126135e-01
5.43343857e-01
7.63982682e-01
5.89673919e-01
7.02924302e-01
6.95083661e-01
4.90679286e-01
6.61027380e-01
6.30162059e-01
7.64613544e-01
7.89230041e-01
6.32386508e-01
6.71323694e-01
3.83399012e-01
6.55429880e-01
3.51944782e-01
6.80074254e-01
4.08622888e-01
6.21026657e-01
7.64640607e-01
7.09744764e-01
7.46068053e-01
6.46730975e-01
4.52725149e-01
6.69556636e-01
5.86465524e-01
7.10482855e-01
2.78811296e-01
5.82126857e-01
7.09933381e-01
7.10445969e-01
6.43037918e-01
7.00416561e-01
7.09679942e-01
3.90339253e-01
7.10377832e-01
2.46499219e-01
7.11962868e-01
3.69178821e-01
2.59501897e-01
7.10305516e-01
6.73810987e-01
7.12199443e-01
6.49692065e-01
6.82975256e-01
7.63063741e-01
6.35427628e-01
6.79737400e-01
8.24366900e-01
6.62484180e-01
7.60983580e-01
7.10319065e-01
7.77825957e-01
8.44132211e-01
7.68339177e-01
6.01168939e-01
8.18128363e-01
7.11309672e-01
8.16904774e-01
7.10950924e-01
8.23083741e-01
6.87651330e-01
5.80774694e-01
6.34292259e-01
5.92153408e-01
6.93578814e-01
4.90454316e-01
6.12133913e-01
6.29140114e-01
6.44067639e-01
6.70982209e-01
5.07304029e-01
6.56583080e-01
7.50563625e-01
6.20170093e-01
6.50348536e-01
7.17243149e-01
5.49512628e-01
7.09022053e-01
6.74628842e-01
7.94802101e-01
6.30417557e-01
2.97874458e-01
6.24718902e-01
6.45779242e-01
6.88250659e-01
7.63047723e-01
7.61976338e-01
7.07601912e-01
7.27064409e-01
4.39673653e-01
7.60470632e-01
7.10374273e-01
6.31511270e-01
8.65424853e-01
5.48117904e-01
6.35812387e-01
5.48129252e-01
7.60147639e-01
3.72630515e-01
7.10750226e-01
6.61901415e-01
6.67592111e-01
5.37339182e-01
5.67957933e-01
7.57250667e-01
7.58201134e-01
7.56999921e-01
6.62870280e-01
5.70810161e-01
2.92889456e-01
6.98575935e-01
8.44625117e-01
7.37718842e-01
5.15798664e-01
6.54890062e-01
5.50616039e-01
3.27729559e-01
7.10849433e-01
6.41799267e-01
7.49854689e-01
6.63630892e-01
2.86257898e-01
4.84418937e-01
7.10220262e-01
6.41560745e-01
6.54082577e-01
8.67515706e-01
7.10200658e-01
8.59687785e-01
6.31604520e-01
7.64796108e-01
6.55400105e-01
7.97508825e-01
7.66887766e-01
6.03641644e-01
6.90973647e-01
7.09139559e-01
7.10517126e-01
5.37795951e-01
6.92457747e-01
5.11831644e-01
6.82581911e-01
7.09669162e-01
7.63763814e-01
6.92467184e-01
5.71522188e-01
7.18754372e-01
6.52735748e-01
7.08882408e-01
2.81276857e-01
6.59447931e-01
6.71385750e-01
8.08467378e-01
6.24238878e-01
7.47416777e-01
7.02080728e-01
5.70018321e-01
6.63529778e-01
8.04710508e-01
6.56961471e-01
7.21965501e-01
3.48656172e-01
6.78477201e-01
6.97590622e-01
5.96128055e-01
4.49601812e-01
6.01176002e-01
7.62226906e-01
6.87456748e-01
6.60098900e-01
8.39189416e-01
6.52195909e-01
5.97551734e-01
7.47777741e-01
7.60068659e-01
8.19739898e-01
6.43601490e-01
8.41481199e-01
7.46901711e-01
6.78051411e-01
7.57925736e-01
7.55325146e-01
6.55282570e-01
7.64031268e-01
6.33468677e-01
5.91441924e-01
6.53092738e-01
6.19835462e-01
6.95618461e-01
6.06118457e-01
5.61294547e-01
6.02081597e-01
3.86993147e-01
6.92440469e-01
7.31686560e-01
6.54593806e-01
3.99971816e-01
6.56098198e-01
6.47440307e-01
3.75596929e-01
6.03389573e-01
6.52431217e-01
6.58739124e-01
6.52973257e-01
6.57921617e-01
6.51371463e-01
6.57630146e-01
7.62515245e-01
5.19903061e-01
7.31371970e-01
8.63110881e-01
7.11469332e-01
6.37784938e-01
6.43998493e-01
6.17786464e-01
7.78081298e-01
6.31314428e-01
7.26659431e-01
6.56792542e-01
5.72965995e-01
3.69538165e-01
7.91645664e-01
4.33438475e-01
6.56120534e-01
7.11452147e-01
7.98582220e-01
6.86929248e-01
5.68469217e-01
6.58810001e-01
5.41024105e-01
7.57365835e-01
7.67181401e-01
7.71429317e-01
4.69391993e-01
7.52537201e-01
7.18920753e-01
6.30563254e-01
7.08585355e-01
6.79461425e-01
7.10534008e-01
6.28001885e-01
4.96483976e-01
6.64725642e-01
7.74063098e-01
6.58147899e-01
7.11440849e-01
5.12987241e-01
5.01212827e-01
6.39843619e-01
7.50126094e-01
7.64751282e-01
8.60250419e-01
7.48902586e-01
6.76213198e-01
6.42618660e-01
6.80042167e-01
6.61614678e-01
6.56777309e-01
7.32110228e-01
3.39082099e-01
5.94009726e-01
6.47424437e-01
6.58872779e-01
6.89912270e-01
8.25377440e-01
6.80705972e-01
7.10325820e-01
6.58073547e-01
6.83196032e-01
6.76609986e-01
7.58703748e-01
7.10270424e-01
6.12914047e-01
4.27960917e-01
6.42863022e-01
7.11408239e-01
6.59750394e-01
7.64457348e-01
7.64036528e-01
6.56187452e-01
5.39084485e-01
7.61167196e-01
6.26377343e-01
3.38558023e-01
2.11483761e-01
7.54274690e-01
3.92589747e-01
7.11484385e-01
4.93165807e-01
7.26124814e-01
7.63284947e-01
7.95394452e-01
7.11778930e-01
7.86830507e-01
6.57217136e-01
7.68592205e-01
7.61100198e-01
7.10360387e-01
7.62151624e-01
6.42852353e-01
6.52149560e-01
5.57574220e-01
6.28071467e-01
7.61666750e-01
6.27254805e-01
6.22788323e-01
7.19051713e-01
7.10129038e-01
7.10615973e-01
6.58274924e-01
8.27261744e-01
6.34598516e-01
7.10379648e-01
2.93547006e-01
7.85509625e-01
6.46730411e-01
6.31679041e-01
5.73879249e-01
6.94074628e-01
6.56549534e-01
6.10286714e-01
6.26620691e-01
5.83280737e-01
6.42509763e-01
8.07181803e-01
8.14278960e-01
6.09942408e-01
4.88135213e-01
8.64060655e-01
6.20676289e-01
7.16997864e-01
6.68819967e-01
7.60196652e-01
8.15482482e-01
7.68771667e-01
7.54668599e-01
6.40332683e-01
3.82746191e-01
5.72137360e-01
6.64687076e-01
3.53518257e-01
5.63428902e-01
3.77697210e-01
7.30441110e-01
6.54096108e-01
6.82034047e-01
6.68580319e-01
6.61880914e-01
8.11845980e-01
6.90387252e-01
7.61191764e-01
7.08924686e-01
5.92645179e-01
6.35915243e-01
6.58682676e-01
7.39668774e-01
5.73982858e-01
6.50911307e-01
7.09001741e-01
7.82564597e-01
6.58957365e-01
6.24668233e-01
7.63146703e-01
5.97034211e-01
7.00371463e-01
6.26325014e-01
6.54901113e-01
7.59028238e-01
7.54745681e-01
7.27551225e-01
6.29132811e-01
7.64460998e-01
8.40763731e-01
7.63792643e-01
7.55434194e-01
7.59471581e-01
3.95012757e-01
6.46964216e-01
6.78673554e-01
6.44791645e-01
6.99632965e-01
7.16728570e-01
8.11694325e-01
6.98168492e-01
7.02941173e-01
7.10681139e-01
6.35001099e-01
6.49239614e-01
7.11160325e-01
6.54748552e-01
5.47115271e-01
7.18371899e-01
7.29289763e-01
6.34809800e-01
6.32524414e-01
6.60788537e-01
6.09810192e-01
6.08739903e-01
7.48542405e-01
5.10363311e-01
6.72537036e-01
6.57094497e-01
7.09985966e-01
6.48400250e-01
7.33231511e-01
7.63617332e-01
6.57732589e-01
6.53427551e-01
5.81440826e-01
6.51879433e-01
6.58479225e-01
6.47780423e-01
8.63146662e-01
6.50912717e-01
2.05812986e-01
4.89255714e-01
7.12859334e-01
6.75270469e-01
6.52740842e-01
4.78577388e-01
7.19479644e-01
3.22427266e-01
8.21933473e-01
8.35336625e-01
6.06317405e-01
7.63332723e-01
6.00605122e-01
7.13353285e-01
6.60660876e-01
5.58473137e-01
6.36300917e-01
6.10105782e-01
7.64921758e-01
6.31258341e-01
6.84727280e-01
7.75133560e-01
7.54605327e-01
7.10671584e-01
6.27216806e-01
7.79139837e-01
6.81325040e-01
7.10644666e-01
2.93708279e-01
6.27475888e-01
7.10792414e-01
6.56127536e-01
6.63032644e-01
3.98132396e-01
2.31298730e-01
6.47045204e-01
5.63969764e-01
7.73136159e-01
6.46328654e-01
6.87969447e-01
4.17035005e-01
7.83481105e-01
8.54869857e-01
7.04340845e-01
5.23336096e-01
6.42664535e-01
8.10887997e-01
7.64704315e-01
4.43311780e-01
7.45094052e-01
6.12185144e-01
7.10060047e-01
6.86015192e-01
6.88770419e-01
6.18376252e-01
6.14167428e-01
3.92900422e-01
6.57232086e-01
6.56432829e-01
5.57240607e-01
2.57470767e-01
6.78549701e-01
7.45934589e-01
6.82851804e-01
7.40841698e-01
5.55255620e-01
2.92032971e-01
6.50667845e-01
7.19133406e-01
6.52719243e-01
6.51215733e-01
6.55191518e-01
6.95360341e-01
7.14558637e-01
5.17496799e-01
7.60833002e-01
6.40209382e-01
6.56091575e-01
7.03072412e-01
7.48905819e-01
4.98837806e-01
7.57711909e-01
5.47184056e-01
6.45843912e-01
2.45973060e-01
6.66796598e-01
6.45549829e-01
6.61167985e-01
6.50356435e-01
6.61046291e-01
5.35821225e-01
7.55275307e-01
5.82596574e-01
4.20305940e-01
6.58806387e-01
6.85971193e-01
7.70222358e-01
8.38677296e-01
8.22687212e-01
2.86127396e-01
5.71370687e-01
7.64743338e-01
7.36871463e-01
6.10716411e-01
6.48567510e-01
6.52153657e-01
7.60715615e-01
8.74650608e-01
8.23816148e-01
6.55673389e-01
6.00511198e-01
7.61835291e-01
5.25209553e-01
6.23015835e-01
6.54414872e-01
6.58865921e-01
5.81878979e-01
7.10577753e-01
7.17990222e-01
6.57083554e-01
6.53289550e-01
7.72979290e-01
6.91731752e-01
6.87865243e-01
7.76604663e-01
5.40705418e-01
6.60199060e-01
5.25786300e-01
6.37176434e-01
6.60307543e-01
6.26209604e-01
8.56447340e-01
7.61932097e-01
6.69814173e-01
6.70969728e-01
8.10308005e-01
6.82953991e-01
6.26341203e-01
6.94526590e-01
6.22534376e-01
6.77894188e-01
6.80851587e-01
5.24741075e-01
4.98277846e-01
7.72243276e-01
7.10243208e-01
5.62577756e-01
5.82691932e-01
7.66674178e-01
6.53634750e-01
6.64351158e-01
8.73343689e-01
6.88840022e-01
5.93192396e-01
6.27903271e-01
6.51312424e-01
7.52541562e-01
6.63819144e-01
6.68201053e-01
7.65474876e-01
6.06980737e-01
6.53874472e-01
7.05183331e-01
6.60385922e-01
7.66361762e-01
3.47796086e-01
3.37209207e-01
7.58125803e-01
7.60902291e-01
7.28984138e-01
2.43183865e-01
6.25287411e-01
7.12924775e-01
7.10448046e-01
7.08085681e-01
3.56188045e-01
6.51425075e-01
3.17590234e-01
7.12797315e-01
6.51733778e-01
6.54977192e-01
7.08738331e-01
7.77092913e-01
7.09921501e-01
7.86880446e-01
6.23517887e-01
6.59894280e-01
7.44486426e-01
7.05678328e-01
8.52513799e-01
7.20487127e-01
6.49192400e-01
6.68380682e-01
7.11642494e-01
6.53310680e-01
5.68860249e-01
7.81052777e-01
6.51116559e-01
6.50579022e-01
6.34589961e-01
7.12241992e-01
6.78405140e-01
5.77033823e-01
5.22672286e-01
6.04074738e-01
6.75096043e-01
7.11777705e-01
6.15475396e-01
6.91618896e-01
3.69520526e-01
6.54730413e-01
5.61888080e-01
7.10534170e-01
7.88757172e-01
7.11548471e-01
7.77978933e-01
2.03478759e-01
6.54409842e-01
5.92492062e-01
5.37667765e-01
6.63634172e-01
6.55968219e-01
6.52068817e-01
7.60955250e-01
2.41552276e-01
5.25574403e-01
6.72459460e-01
6.55174088e-01
8.52531027e-01
5.41175625e-01
6.54826530e-01
4.01576664e-01
6.63321640e-01
7.67498483e-01
6.51287348e-01
7.10706475e-01
6.50063105e-01
6.50247411e-01
5.14723183e-01
7.36068020e-01
5.55808147e-01
7.12006286e-01
8.68380934e-01
6.48510491e-01
7.93904134e-01
6.56935627e-01
6.31626911e-01
6.58129204e-01
7.11565118e-01
6.47856488e-01
6.46665216e-01
7.20768726e-01
7.66969335e-01
7.08768916e-01
7.09929998e-01
5.01621324e-01
6.75337225e-01
5.92208736e-01
5.38229288e-01
7.47950513e-01
6.39167617e-01
6.08316049e-01
5.05825828e-01
5.41026735e-01
6.75827480e-01
6.56756856e-01
6.62397479e-01
5.60590047e-01
7.09207767e-01
7.10390266e-01
6.57131317e-01
8.68981168e-01
7.09629348e-01
5.01070722e-01
7.55384466e-01
7.10324177e-01
7.58272862e-01
7.77654172e-01
6.13832067e-01
5.32972969e-01
5.50536025e-01
6.44877614e-01
7.05037993e-01
7.57710065e-01
7.09243623e-01
7.01059367e-01
7.08729541e-01
8.48969681e-01
6.44174743e-01
7.17845611e-01
7.06969722e-01
7.66974222e-01
6.68659535e-01
6.56365906e-01
7.10100684e-01
7.11538091e-01
5.73854440e-01
7.00179339e-01
6.95453012e-01
6.92298483e-01
5.52460592e-01
7.85491388e-01
6.28608608e-01
6.19875930e-01
6.56922679e-01
6.50476810e-01
7.09132588e-01
6.57617660e-01
6.58520143e-01
6.22039084e-01
6.75111642e-01
5.95658142e-01
8.08222160e-01
3.73163025e-01
5.22160836e-01
8.47412559e-01
6.53681445e-01
6.59105349e-01
6.56044223e-01
6.03258439e-01
6.26038441e-01
8.72768838e-01
5.33303170e-01
6.52653255e-01
6.34567680e-01
7.61743545e-01
6.08597070e-01
7.00420663e-01
6.57196208e-01
6.91245022e-01
6.53758223e-01
7.38779211e-01
7.75847955e-01
7.58462505e-01
6.53880171e-01
5.58464281e-01
8.18073055e-01
7.67451691e-01
6.18063813e-01
6.26721498e-01
7.70286396e-01
6.38088052e-01
6.52304996e-01
6.52839880e-01
7.37398912e-01
5.91109193e-01
5.69671414e-01
8.67744633e-01
6.58477206e-01
5.46251089e-01
6.51771544e-01
7.63532126e-01
3.59274172e-01
7.14856691e-01
8.52474844e-01
6.60001517e-01
6.49825265e-01
7.10902311e-01
6.42562495e-01
4.76884505e-01
6.58624172e-01
7.91673977e-01
6.18780245e-01
6.49806225e-01
6.45974746e-01
5.74357497e-01
7.57225756e-01
6.50615958e-01
6.82940085e-01
6.32045050e-01
6.63137878e-01
7.08329346e-01
6.43943956e-01
6.60340098e-01
6.23862037e-01
6.53325784e-01
7.96246286e-01
6.32892530e-01
7.01829884e-01
7.11164087e-01
7.11070634e-01
6.87736485e-01
4.47235439e-01
7.56066059e-01
6.81223201e-01
6.57941053e-01
5.30906066e-01
7.07314650e-01
7.63621311e-01
8.44556585e-01
8.57255094e-01
5.75137143e-01
7.04510735e-01
6.47422731e-01
7.10055883e-01
5.59024239e-01
5.92843295e-01
5.12112004e-01
7.10626390e-01
7.53437343e-01
5.45047651e-01
6.56537860e-01
7.05873328e-01
6.44920849e-01
7.10449338e-01
7.09792451e-01
6.29958328e-01
2.53641900e-01
2.68897527e-01
6.74694780e-01
6.01289132e-01
6.50553397e-01
6.84306880e-01
7.29555976e-01
5.23321649e-01
6.71661747e-01
8.15899372e-01
7.06342282e-01
7.10103614e-01
6.60003700e-01
2.95791346e-01
6.34279588e-01
7.76554594e-01
6.56875382e-01
6.22599536e-01
7.71205963e-01
8.49213441e-01
5.72054571e-01
7.12802356e-01
5.31140271e-01
6.25921816e-01
3.38343017e-01
6.79599566e-01
7.07858719e-01
7.10548903e-01
7.65809952e-01
6.36639407e-01
6.70262945e-01
6.49819330e-01
7.10489422e-01
7.46996764e-01
5.44323263e-01
6.36629217e-01
7.09919143e-01
6.34896334e-01
6.50473688e-01
6.30620299e-01
7.12550789e-01
7.44308487e-01
7.05079947e-01
7.23294154e-01
4.26229021e-01
2.27952004e-01
6.04768972e-01
6.51869084e-01
8.47674030e-01
7.11810322e-01
7.64729421e-01
8.65283553e-01
7.38171828e-01
6.44636894e-01
7.04202898e-01
6.32021184e-01
7.85592659e-01
2.19067462e-01
6.55035141e-01
7.05535223e-01
6.58416065e-01
7.03451055e-01
8.67191234e-01
7.82879140e-01
7.06318053e-01
6.19824466e-01
6.95272685e-01
6.60908839e-01
7.53979426e-01
7.12313120e-01
6.23720782e-01
6.49967155e-01
7.12992875e-01
7.66180923e-01
7.61688467e-01
6.10794228e-01
3.60527891e-01
6.49904256e-01
6.53088983e-01
6.64179264e-01
7.65217268e-01
6.49435237e-01
5.23647084e-01
5.70172156e-01
7.62994587e-01
4.24293300e-01
6.60528824e-01
8.49641102e-01
6.59326282e-01
7.12212016e-01
6.60242684e-01
7.10280294e-01
3.48993377e-01
5.62014946e-01
6.47675207e-01
5.61323079e-01
8.13441888e-01
8.57436495e-01
7.96797458e-01
3.98565589e-01
7.16282728e-01
2.38798653e-01
7.12019656e-01
7.68676392e-01
6.79748712e-01
7.03389808e-01
5.40670707e-01
7.10309267e-01
5.80135502e-01
3.27549346e-01
5.49990736e-01
7.59175650e-01
7.12479638e-01
7.11504199e-01
6.19387712e-01
7.13060702e-01
6.51507770e-01
6.30565206e-01
7.83038353e-01
6.25817338e-01
6.57611311e-01
4.08534910e-01
6.50101067e-01
6.58347472e-01
7.10180906e-01
6.64230802e-01
7.60608564e-01
7.28550947e-01
7.13157220e-01
7.09073966e-01
6.79098685e-01
8.61566712e-01
6.43583892e-01
6.49926115e-01
5.45432253e-01
6.88178568e-01
6.43797141e-01
6.40275705e-01
7.11147554e-01
6.68743608e-01
8.24637737e-01
8.54346599e-01
6.07514698e-01
6.55640885e-01
6.60157200e-01
6.45008111e-01
4.98221852e-01
8.29487730e-01
7.10804942e-01
6.57771189e-01
6.82450253e-01
6.48451338e-01
6.34175850e-01
7.12761918e-01
7.07349983e-01
6.39677859e-01
7.73884112e-01
6.90129600e-01
6.39301986e-01
6.21360260e-01
6.36350415e-01
6.85540644e-01
7.59561353e-01
7.08228669e-01
6.59174174e-01
6.50334251e-01
8.47338761e-01
6.59461160e-01
6.27801359e-01
6.54061256e-01
6.53752380e-01
7.59795571e-01
7.69082170e-01
6.46823447e-01
5.38140776e-01
6.56449108e-01
7.55595072e-01
6.56206929e-01
6.43945695e-01
3.61594375e-01
7.11799633e-01
7.08081388e-01
7.60335575e-01
7.13024409e-01
2.07829608e-01
5.62883772e-01
5.34108896e-01
5.50996344e-01
7.10205198e-01
6.91504414e-01
7.46592649e-01
3.82358916e-01
5.01389400e-01
6.52650609e-01
4.91822260e-01
6.78438721e-01
6.70316901e-01
4.20861202e-01
6.71856778e-01
7.64418166e-01
6.46059671e-01
5.88384006e-01
7.42219824e-01
6.51786165e-01
6.18202320e-01
6.48838927e-01
7.70855323e-01
7.53574649e-01
5.85148647e-01
2.24275313e-01
6.07314549e-01
7.86796342e-01
7.19288426e-01
7.07711255e-01
6.17196871e-01
6.12867232e-01
6.63961348e-01
6.58949863e-01
7.91122511e-01
6.63903126e-01
6.06687595e-01
6.44842648e-01
4.39582884e-01
6.56341660e-01
7.12924467e-01
7.61525548e-01
3.70590882e-01
5.54542735e-01
7.11284507e-01
5.87863878e-01
4.29676281e-01
6.54108975e-01
4.07608366e-01
2.12172045e-01
6.79756738e-01
6.24920810e-01
7.65713986e-01
6.39583958e-01
6.57937789e-01
6.50730505e-01
7.09899583e-01
5.20469115e-01
8.54675200e-01
8.49960834e-01
8.63788633e-01
7.69371905e-01
6.81702636e-01
6.22983074e-01
8.15199355e-01
4.26740272e-01
5.18566781e-01
2.58200456e-01
6.07516688e-01
7.74387758e-01
7.64228851e-01
6.14458680e-01
7.40391071e-01
6.05614732e-01
8.27337911e-01
5.48778405e-01
6.94674947e-01
7.73352304e-01
6.31763309e-01
7.65250668e-01
7.25343780e-01
7.67424842e-01
7.89498107e-01
6.58396079e-01
6.94950483e-01
7.07181312e-01
7.06958214e-01
8.08945004e-01
5.64577589e-01
6.21967822e-01
8.28288672e-01
5.13791705e-01
6.53963139e-01
6.88274289e-01
7.78237067e-01
6.30039818e-01
6.21037497e-01
6.67909459e-01
6.49349073e-01
8.61967270e-01
6.51501763e-01
7.11643491e-01
8.70585932e-01
7.42883218e-01
6.48121322e-01
8.24232968e-01
6.06641997e-01
6.58422488e-01
6.29482432e-01
7.65179081e-01
6.64219333e-01
5.99559365e-01
5.21092214e-01
5.64750086e-01
7.09755823e-01
6.82581695e-01
6.81046864e-01
6.60991031e-01
7.45915107e-01
6.30592859e-01
7.62430280e-01
7.09973076e-01
7.98485072e-01
6.63772587e-01
6.49546745e-01
8.59048856e-01
5.38696822e-01
7.12662671e-01
6.50122500e-01
5.93262410e-01
6.61181189e-01
7.62778122e-01
7.00600141e-01
6.58571233e-01
6.64084967e-01
7.10824571e-01
7.11379852e-01
6.45029232e-01
6.56941070e-01
7.59447414e-01
7.70726065e-01
7.30793457e-01
5.88178362e-01
7.50049029e-01
4.26578015e-01
6.59685272e-01
5.50093195e-01
6.16203024e-01
6.36307897e-01
6.06764213e-01
8.36360107e-01
7.42460329e-01
7.64850995e-01
7.53311298e-01
6.83069551e-01
6.16839275e-01
8.25976256e-01
6.12906471e-01
6.51924698e-01
7.12808515e-01
7.47965849e-01
6.56643978e-01
6.18684558e-01
8.45634185e-01
6.68421608e-01
8.60916635e-01
7.12506418e-01
6.04029180e-01
6.79395748e-01
6.12245757e-01
7.01953024e-01
2.58004769e-01
6.56339625e-01
5.94511070e-01
2.19609152e-01
5.68101741e-01
4.21252520e-01
7.23026805e-01
6.06989650e-01
5.46471793e-01
7.10013198e-01
7.14662579e-01
5.99814461e-01
6.25482244e-01
5.93583246e-01
7.11210491e-01
6.58765476e-01
7.51611155e-01
6.31278673e-01
6.01177705e-01
5.87706804e-01
6.82915624e-01
8.46949947e-01
7.62101789e-01
6.47347983e-01
7.11458146e-01
6.85450381e-01
7.46258085e-01
7.53113233e-01
6.60467609e-01
6.75832922e-01
5.66040118e-01
6.80757349e-01
7.13239411e-01
7.09827582e-01
7.44295824e-01
7.10358450e-01
7.11460529e-01
7.11479509e-01
7.51200949e-01
5.20266538e-01
5.25077860e-01
6.57897005e-01
6.53205524e-01
8.33683549e-01
7.95526192e-01
4.40614167e-01
7.49755180e-01
6.81552454e-01
7.05368921e-01
6.16217041e-01
8.33532373e-01
8.23265004e-01
7.10178830e-01
6.56215935e-01
6.38345721e-01
6.51743019e-01
6.27015167e-01
6.85076326e-01
7.53578468e-01
7.60957727e-01
6.87302122e-01
8.43236596e-01
7.50486836e-01
7.10468050e-01
6.71142881e-01
6.57922063e-01
SCALARS mach double 1
LOOKUP_TABLE default
5.63020750e-01
5.09298568e-01
4.99956902e-01
5.71713113e-01
4.48912053e-01
3.54509800e-01
9.32258503e-02
4.06840710e-01
4.06112179e-01
3.51794409e-01
5.80222941e-01
5.24151965e-01
7.22874963e-01
8.10208148e-01
6.01846248e-01
4.45644775e-01
5.03780653e-01
4.51515194e-01
4.67855094e-01
6.46634263e-01
4.69517745e-01
5.24152637e-01
2.56572193e-01
9.49668527e-01
8.28858512e-01
3.77807151e-01
3.48334024e-01
6.41208703e-01
4.70873816e-02
3.61465208e-01
3.37618926e-01
4.38199138e-01
1.25192988e+00
7.39474287e-01
6.31457473e-01
1.14901017e+00
5.17185937e-01
3.26760849e-02
6.44447634e-01
4.91351660e-02
4.19995015e-01
7.12147757e-01
3.62981774e-01
4.10738309e-01
6.23771644e-01
4.82624610e-01
2.89226087e-01
9.80745679e-01
6.67801302e-01
7.76846794e-01
4.55336242e-01
4.82005602e-01
9.06849481e-01
4.74389302e-01
6.98865746e-02
5.45179731e-02
1.70989852e+00
2.70575596e-01
4.08619956e-01
4.90325458e-01
2.59724837e-01
7.04490542e-01
9.06096415e-01
5.66627848e-01
6.88945945e-01
5.75905685e-01
6.52712149e-01
1.37285168e-01
3.92219552e-01
8.80509995e-01
7.21474326e-02
3.69340010e-01
4.72486777e-01
2.94168527e-01
1.49720038e-01
6.69662216e-01
1.51680394e+00
2.36996863e-01
7.70676119e-01
6.41964652e-01
5.17227537e-01
6.48858893e-01
3.10243370e-01
5.15948538e-01
6.66750646e-01
1.05382372e-01
4.37167104e-01
5.01297322e-01
5.64464423e-01
7.34720123e-01
4.98287548e-01
5.27248356e-01
5.35094433e-01
4.50258794e-01
4.38973713e-01
4.89635022e-01
5.67762023e-01
1.28666610e+00
4.06198171e-01
4.72077829e-01
5.39092482e-01
3.23777540e-01
6.67579524e-01
1.93320223e-01
7.21419818e-01
1.12858103e-01
3.64066961e-01
4.72025161e-01
3.24897287e-01
2.97016059e-02
4.50972327e-01
3.84611571e-01
1.51710276e-01
4.51375936e-01
4.36838795e-01
4.51846177e-01
7.68172891e-01
3.86846481e-01
5.03693674e-01
3.60725214e-01
8.21010525e-01
9.94091622e-02
1.12233689e+00
4.46900468e-01
7.93267752e-01
7.13057555e-01
7.55416863e-01
3.68028480e-02
6.46264141e-01
1.16034920e+00
7.59322831e-01
4.98819944e-01
6.49221250e-01
1.68665209e-01
5.87983487e-01
8.68885112e-01
4.87529808e-01
3.64578664e-01
6.82946764e-01
1.05117726e+00
5.98561448e-01
2.07859946e-01
7.56552773e-01
3.83203947e-01
4.52260991e-01
4.13306612e-01
6.58056428e-01
7.78530889e-01
4.44256107e-01
9.36363870e-01
4.91332436e-01
5.35296963e-01
9.43777997e-01
2.15281776e-01
2.27968916e-01
4.46023888e-01
4.79957200e-01
4.40304268e-01
5.80073014e-01
8.12593094e-01
4.60261578e-01
4.61820601e-01
1.01026186e+00
4.73551330e-01
7.38718891e-02
7.06259144e-01
6.83922787e-01
5.15432440e-01
4.83777641e-01
4.78822218e-01
9.68254541e-01
4.64293781e-01
3.22133403e-01
7.15861937e-01
5.18496544e-01
4.94880035e-01
5.26861938e-01
3.84062425e-01
4.98180667e-01
3.94163759e-02
5.61897463e-01
5.43639281e-01
5.90264965e-01
1.61701545e+00
7.87598889e-01
5.04777608e-01
7.02408714e-01
4.99403265e-01
5.79048673e-01
5.90323701e-01
5.16019563e-01
5.53960942e-01
1.94738912e-01
1.33825939e-01
4.20533971e-01
3.29554004e-01
3.20620589e-01
2.13814454e-01
4.97939699e-01
4.41277063e-01
2.09440047e-01
4.87959054e-01
6.88670419e-01
1.72948647e-01
1.32328576e+00
6.60418389e-01
7.57810644e-01
5.14468212e-02
6.66727537e-01
4.51844337e-01
4.98541405e-01
8.50480713e-01
4.86597936e-01
1.04882758e+00
1.19500679e-01
1.01566100e-01
3.56930702e-01
4.89339860e-01
4.99006273e-01
3.71422148e-01
3.82139424e-01
5.04260618e-01
8.66077281e-02
5.75870273e-01
4.38430535e-01
4.99387184e-01
4.84085572e-01
4.86839987e-01
6.44489679e-01
2.71240871e-01
1.03316366e+00
7.04594993e-01
7.13397989e-01
6.04112203e-01
6.37673756e-01
6.19840163e-01
9.13212797e-02
3.68179751e-01
7.83639594e-01
4.72944864e-01
5.07706300e-01
1.43902087e+00
4.11197257e-01
2.31898152e-01
5.59723661e-01
1.42335644e+00
6.74207957e-01
1.31160549e-01
7.31213414e-01
4.95967274e-01
2.73807588e-01
4.97988628e-01
3.08683266e-01
4.00618114e-01
7.43100331e-01
6.68495453e-01
6.42507731e-01
5.99086681e-01
7.52762458e-01
4.01568685e-01
5.01947656e-01
8.58987731e-01
6.03882838e-02
3.91004660e-01
5.24516921e-01
7.06074515e-01
5.82372908e-01
1.06018157e+00
6.71109015e-01
1.93710918e-01
2.69726438e-01
6.98693127e-01
5.63193900e-01
4.59038424e-01
4.34558355e-01
6.43402682e-01
6.49133851e-01
5.32184513e-01
2.15039596e-01
6.95048603e-01
5.13473485e-01
1.68855976e-01
9.98303680e-02
5.34584756e-01
3.76162252e-01
7.54216156e-01
4.90424264e-01
3.98028639e-01
9.03978933e-01
1.08272005e-01
4.51841642e-01
3.15780473e-01
4.77283146e-01
6.25540588e-01
1.04272825e-01
1.33732438e+00
4.76855233e-01
6.63079671e-01
3.24711345e-01
6.28008607e-01
8.34781746e-02
5.38437847e-01
6.87193911e-01
4.77226161e-01
5.69088513e-01
7.27775158e-01
5.01045993e-01
5.15733148e-01
5.00243510e-01
9.35382365e-02
9.93668874e-01
1.21097830e+00
4.46208354e-01
5.12431834e-01
4.07010231e-01
4.99007347e-01
1.80263047e-01
4.34956183e-01
5.05679206e-01
3.73448079e-01
7.78043389e-01
4.43861816e-01
1.06663817e+00
4.01408313e-01
3.51392193e-01
5.15685102e-01
5.92805652e-01
5.11493460e-01
4.99161366e-01
4.99296901e-01
4.50661241e-01
2.80621221e-01
5.04024320e-01
7.56083308e-02
6.59244567e-01
3.65099708e-01
3.47037917e-01
9.60280499e-01
1.03612130e+00
6.80448946e-01
4.40982605e-01
4.44252614e-01
1.65862664e+00
5.14082387e-01
6.09345756e-02
7.83384626e-01
3.95826358e-01
5.00200912e-01
3.74170425e-01
3.51797306e-01
6.79802501e-01
5.29195148e-01
6.80319687e-01
2.91736438e-01
3.40937253e-01
6.33723475e-01
5.75898701e-01
4.16106690e-01
4.67332638e-01
3.04271441e-01
5.73888187e-01
4.39436411e-01
9.29988114e-01
2.35208032e-01
4.52785479e-01
4.30117652e-01
4.33607583e-01
6.56501112e-01
5.28286925e-01
5.89672270e-01
3.83150875e-01
5.00558525e-01
4.24419153e-01
4.92545624e-02
3.02247013e-01
5.21551362e-01
4.45209845e-01
3.07247537e-01
5.81705101e-01
5.00261542e-01
5.18916817e-01
1.19777833e+00
4.93484896e-01
6.20014608e-02
4.91793685e-01
3.74285134e-01
6.18363965e-01
3.27531878e-01
7.12151095e-01
1.03333756e+00
3.41138604e-02
6.77490411e-01
4.99839167e-01
4.10437170e-01
4.53326229e-01
4.25122479e-01
5.78249195e-01
1.26611064e+00
5.08857019e-01
4.33712090e-01
3.48531164e-02
1.28734426e-01
5.64036893e-01
9.11158009e-02
4.84476784e-01
4.05644800e-01
1.98208372e-01
5.00834416e-01
6.15541606e-01
5.01948852e-01
9.96458719e-01
3.00257406e-01
4.51530654e-01
4.84990687e-01
5.10831858e-01
1.22231182e+00
3.98118746e-01
6.16245475e-01
4.85499300e-01
3.49472795e-01
5.86712257e-01
1.99634729e-01
4.63159165e-01
4.49004907e-01
5.09114216e-01
2.17661701e-01
7.27546594e-01
4.77089509e-01
5.14600531e-01
4.88253318e-01
4.42719974e-01
3.73231110e-01
5.01501456e-01
1.19988166e+00
4.82318665e-01
4.08822369e-02
3.10353461e-01
5.05291631e-01
4.52038242e-01
3.34587591e-01
4.29876173e-01
4.22373480e-01
7.74595528e-01
5.73386310e-01
8.34392186e-01
1.15564387e+00
3.56992865e-01
3.97304191e-02
4.49155681e-01
6.89793260e-01
5.24909345e-01
7.67322004e-01
9.05316792e-02
4.72394230e-01
5.45537988e-01
4.56069297e-01
6.63845912e-01
5.92968916e-01
4.69200302e-01
6.95630379e-01
7.57542222e-01
4.57520668e-01
7.03499022e-01
4.54901680e-01
7.46776201e-02
3.93994386e-01
4.48793894e-01
8.28289289e-01
5.26618968e-01
8.18582601e-01
4.97491844e-01
5.95526804e-01
6.32851933e-01
4.84986641e-01
5.87276517e-01
1.60231682e+00
6.32960821e-01
4.97999988e-01
4.87329764e-01
4.68686807e-01
3.56212474e-01
2.87356924e-02
8.67113801e-01
4.15739426e-01
7.46744738e-01
4.57243204e-01
5.88345537e-01
4.54179454e-01
3.56315697e-01
6.41556976e-01
3.74461316e-01
4.29977605e-01
4.09723108e-01
3.06364213e-01
5.66565385e-01
4.31237837e-01
4.33907931e-02
3.05843831e-01
5.52707380e-02
5.43917948e-01
4.49287877e-01
1.18938453e+00
6.72653731e-01
3.37377258e-01
7.83369695e-02
2.69934171e-01
3.52907635e-01
5.39145132e-01
4.42843153e-01
5.46744186e-01
1.33762681e-01
3.29574598e-02
5.07311838e-01
5.29434231e-01
3.88745088e-02
5.03575557e-01
4.56506724e-01
3.60047874e-01
4.88372110e-01
1.43367990e-01
5.99361268e-01
4.49790618e-01
4.47710814e-01
9.14989900e-01
4.00849805e-01
7.70991253e-01
6.47800528e-01
4.65752144e-01
9.71652205e-01
6.56775295e-01
1.60086427e+00
6.73391488e-01
6.93210834e-01
2.58654336e-01
5.82769625e-01
6.80545098e-01
4.48114475e-01
6.63330960e-02
7.87605736e-01
4.48298623e-01
7.55968627e-01
4.37575132e-01
7.62519887e-01
8.69491071e-01
5.95211190e-01
1.73586600e-01
6.44814528e-01
5.26220230e-02
2.76681327e-01
4.95680356e-01
2.87362523e-01
4.26073363e-01
7.21975743e-02
6.79539965e-01
4.23150983e-01
5.26258407e-01
7.22535801e-01
5.00396484e-01
6.81798417e-01
4.69311346e-01
5.51206178e-01
9.01356333e-02
5.00574783e-01
7.83447246e-02
4.32678848e-01
7.59421160e-01
4.53364903e-01
9.15588985e-01
7.60114892e-02
5.00931621e-01
4.38565938e-01
4.81441608e-01
6.82199873e-01
5.19475985e-01
6.56751321e-01
8.11494677e-02
9.36593092e-01
1.80561767e-01
5.04360054e-01
1.40589077e-01
2.90860226e-01
2.04598951e-01
4.27830738e-01
3.73684654e-01
6.81756010e-01
6.70136632e-01
4.50995337e-01
4.47487766e-01
2.25686802e-02
4.38235782e-01
8.57952531e-01
9.68354302e-02
2.29807533e-01
4.94200232e-01
5.28465467e-01
5.54704456e-01
7.30213056e-01
4.88808628e-01
5.00646674e-01
5.42556311e-01
6.22906504e-01
8.82960432e-02
6.25523012e-01
7.51349452e-01
6.47582714e-01
5.59325702e-01
4.44177532e-01
1.11222391e+00
5.72599064e-01
4.55458250e-01
4.12769528e-02
6.60451506e-01
6.59049256e-01
3.94483163e-01
3.87874292e-01
4.32283747e-01
6.95615277e-02
4.46650423e-01
2.54254005e-01
1.37608861e+00
6.26191902e-01
3.64287375e-01
3.53890036e-01
6.18662362e-01
2.41808115e-01
5.66316770e-01
4.49195063e-01
4.88990144e-01
4.42106888e-01
1.26522109e-02
4.47532167e-01
4.17287834e-01
6.50840590e-01
6.19479500e-01
6.27553091e-01
3.88676565e-01
5.69768579e-01
1.48219123e-01
5.88070386e-01
4.91254974e-01
7.22258088e-02
9.54757832e-03
4.52440357e-01
4.47308097e-01
1.25329923e+00
5.58008970e-01
4.21344967e-01
5.05461366e-01
6.47727035e-01
4.40897547e-01
2.80298501e-01
8.53767358e-01
3.57333942e-01
6.81232422e-01
6.74591277e-01
6.34287231e-01
4.32808330e-01
4.99956521e-01
6.47016987e-01
8.44534206e-01
8.89016649e-01
5.15838698e-01
6.64745155e-01
5.65385344e-02
4.32565513e-01
6.79128355e-01
1.10132618e+00
6.81467761e-01
9.26655803e-02
6.18622274e-01
7.96709085e-01
5.30748730e-01
5.01183878e-01
4.12763600e-01
3.15520973e-01
1.13922268e+00
4.47087979e-01
7.26052387e-01
5.58575221e-01
1.53113130e-01
4.19266333e-01
4.99862242e-01
4.38149395e-01
6.40267527e-01
4.31263643e-01
4.45998315e-01
6.18415213e-01
3.84144762e-01
9.93543852e-02
6.18394376e-01
4.87953156e-01
4.02173350e-01
1.83976851e-01
5.02070724e-01
5.15158772e-01
6.24978375e-01
5.33521796e-01
3.66704903e-01
4.23246025e-01
3.46332161e-01
5.64167969e-01
1.99510578e-01
1.12268446e+00
9.33135378e-01
5.49119209e-01
9.05681200e-01
6.52576706e-01
6.27355794e-01
5.57647085e-01
4.27352883e-01
5.94939213e-01
3.85236762e-01
6.54013435e-01
2.85582602e-01
4.48806200e-01
5.26442840e-01
7.30971186e-01
6.85330923e-01
3.76915443e-01
6.36535302e-01
6.69231341e-01
1.39772133e-01
1.12724779e+00
7.02209495e-01
4.53262117e-01
3.59154432e-02
6.37916641e-01
4.49078915e-01
5.68468253e-01
2.88756234e-01
4.54701476e-01
1.06801571e-01
4.46148307e-01
1.69013919e-01
7.88130018e-01
2.06028166e-01
4.49153667e-01
1.15668891e+00
4.99543016e-01
5.01861858e-01
1.31653726e-02
7.61171719e-01
4.46114962e-01
1.27881670e+00
8.12800328e-02
3.74291443e-01
2.40103313e-02
2.56906999e-01
4.35288837e-01
3.20016545e-01
4.46605606e-01
6.72979813e-01
6.86647299e-01
3.86476789e-01
6.54601679e-01
5.14944257e-01
5.32587403e-01
8.33438686e-01
6.04794721e-01
4.40257414e-01
4.52394606e-01
1.87502722e-01
6.77933561e-01
1.41384502e-01
1.21415671e-01
4.50153129e-01
6.12472885e-01
6.00679393e-02
8.75274867e-02
5.40741301e-01
1.39901601e-01
5.00554393e-01
6.93651969e-01
6.46214932e-01
3.83237507e-01
1.31900058e+00
6.10607165e-01
7.12975724e-02
4.35596987e-01
5.00130679e-01
5.44642315e-01
6.47877925e-01
4.41856413e-01
2.64845371e-01
9.53036598e-02
4.99972010e-01
5.12213631e-01
3.69300753e-01
5.73219979e-01
4.11068927e-02
4.53129147e-01
6.42492791e-01
1.02306274e-01
1.32898006e-01
7.59635852e-01
4.90259213e-01
4.34079467e-01
4.40186539e-02
5.49777731e-01
5.08996760e-01
5.89240482e-02
5.82028221e-01
5.07624836e-01
3.97792197e-02
4.45025457e-01
4.78447410e-01
4.78214275e-01
2.61249454e-01
3.57174265e-01
4.43763572e-01
6.10321133e-01
3.75655235e-01
1.01758053e+00
2.99535960e-01
3.49798714e-01
4.81906211e-01
2.46529179e-01
7.32520315e-01
1.21159614e-01
2.03028482e-01
8.47103803e-01
1.65744050e+00
4.99875165e-01
4.07272995e-01
5.80472495e-01
7.77675631e-01
9.61431756e-01
1.46000456e+00
4.47158594e-01
4.27537783e-01
2.03817323e-01
1.37487575e-01
1.28083613e+00
7.02283275e-01
5.00639796e-01
5.51410577e-01
7.11060394e-01
4.52019412e-01
3.21250720e-01
7.13228969e-01
1.27725477e+00
8.27559221e-01
6.49008002e-02
5.11974336e-01
4.46166447e-01
6.28023490e-01
7.59856346e-02
2.96897750e-01
3.73805603e-01
4.52396391e-01
1.36380085e+00
5.79266946e-02
4.73481646e-01
1.18326559e+00
2.64898998e-01
3.60631539e-01
4.71484973e-01
1.43958107e+00
1.91846625e-01
4.91749989e-01
2.92103037e-01
4.43169381e-01
4.90508458e-01
1.04909886e+00
3.43053504e-01
4.48415000e-01
4.28672339e-01
4.32230081e-01
6.52719480e-01
1.20518960e-01
5.08670791e-01
2.06373517e-01
5.87434043e-01
5.51577396e-01
1.31310947e+00
4.98815013e-01
8.39515628e-01
6.78089960e-01
5.88639070e-01
3.40280325e-01
1.19896372e+00
6.23285183e-01
2.21186478e-01
1.04641050e+00
7.23745949e-01
1.15511448e-01
4.87980549e-01
6.76869238e-01
3.46885430e-01
4.44752581e-01
3.00314090e-01
8.13212684e-01
6.62013415e-01
4.29054971e-01
4.21739742e-01
4.07328719e-01
1.41185664e+00
4.11742622e-01
4.48416476e-01
1.14141871e-01
3.35860387e-01
7.61366548e-02
6.75654910e-01
3.73051364e-01
5.44533374e-01
9.64659860e-01
7.81630417e-01
7.56346263e-01
4.46366706e-01
3.89699121e-01
3.65916809e-01
7.43651616e-01
3.69179089e-01
4.26319959e-01
2.56478412e-01
5.50135897e-01
2.27877968e-01
4.04374891e-01
4.09913076e-01
5.51070741e-01
1.08903718e-01
4.49513554e-02
1.42339627e-01
6.63632117e-01
4.13893284e-01
5.04869060e-01
3.46378347e-01
7.70649076e-01
8.08789745e-01
4.29537022e-01
4.59368323e-01
1.06013345e+00
2.77437477e-01
5.01097083e-01
4.99694456e-01
6.89491712e-01
5.31732450e-01
4.94036083e-01
4.63585553e-01
9.90300502e-01
5.19925561e-01
5.19919903e-01
9.70165596e-01
7.00777828e-01
5.04520624e-01
4.59808520e-01
7.97429274e-01
6.05832012e-01
8.43628824e-01
7.95629359e-01
5.26334695e-01
6.79275621e-02
2.51326442e-01
1.24105158e-01
8.15541831e-02
5.39104384e-01
7.52319521e-01
1.69272591e-01
4.45005021e-01
4.46326875e-01
5.64802949e-01
6.82694345e-01
4.53373008e-01
6.76326985e-01
4.71120636e-01
4.29705419e-01
6.07579537e-01
1.35475522e+00
4.38271494e-01
7.38297474e-01
6.95479301e-01
1.39765927e-01
9.73791500e-02
4.49396475e-01
7.65664558e-01
5.17518085e-02
7.70014075e-02
7.51822872e-01
4.02797312e-01
7.35461568e-01
6.67661587e-01
5.07998251e-01
9.40186595e-01
2.47004909e-01
1.24968382e+00
7.21754507e-01
6.01935264e-01
6.01665790e-01
8.07279329e-01
6.68322428e-01
4.66072162e-01
9.81902271e-01
8.05144995e-01
5.59831880e-01
4.47020587e-01
4.39789397e-01
5.61716414e-01
4.52938713e-01
1.12700419e+00
8.67484781e-01
3.39989779e-01
4.52552524e-01
2.59413559e-01
2.82936439e-01
6.31039018e-01
6.68387174e-01
1.10811205e+00
1.19709803e+00
6.62766308e-01
7.06103362e-02
3.73714037e-01
5.87634555e-01
1.04546388e+00
4.91371133e-01
2.89908827e-01
4.78280376e-01
5.98749461e-01
5.39781427e-01
5.27433145e-01
1.18963426e-01
4.88087534e-01
2.45456260e-01
7.31072550e-02
4.47526572e-01
9.81268679e-01
8.25736867e-01
3.44927279e-01
4.51917760e-01
4.11026263e-01
5.13361852e-01
5.33120169e-01
1.06323782e-01
6.86556276e-01
4.44966209e-01
4.83918313e-01
7.17223505e-01
5.07838858e-01
4.97414757e-01
4.97093749e-01
5.13134423e-01
7.44451257e-01
4.73893798e-01
7.29432071e-02
4.88007081e-01
4.42349186e-01
7.10912313e-01
8.70574735e-01
4.24364840e-01
6.37797234e-01
6.12517309e-01
4.47780462e-01
2.25698568e-02
3.13493051e-01
5.80574277e-01
8.89276209e-01
4.99764392e-01
8.80555559e-01
7.92930235e-01
1.82961968e-01
6.58346030e-01
6.46784581e-01
1.32593139e-01
5.19756270e-01
6.80602781e-01
4.47763724e-01
5.15312678e-01
9.77703429e-03
6.65424987e-01
3.13621541e-02
5.12279473e-01
6.07348408e-01
6.09576984e-01
6.82390118e-01
8.19437870e-01
6.11613961e-01
5.94707877e-01
5.56012788e-01
6.17383790e-01
5.09122235e-01
7.82074318e-02
6.67762878e-01
4.08509516e-01
4.54952955e-01
7.71524129e-01
4.74294214e-01
5.14289849e-01
1.10638981e+00
3.26690219e-01
3.56231853e-01
5.50703961e-01
4.47140128e-01
4.76644826e-01
3.79134505e-01
4.55482267e-01
1.25490676e-01
5.66907983e-01
4.18320093e-01
5.67937740e-02
7.00954607e-01
6.39869553e-01
3.34872855e-02
8.97535144e-01
6.06678170e-01
4.35671167e-01
9.35702341e-01
3.05910001e-01
4.55084146e-01
6.10591207e-01
6.67316785e-02
1.74145259e-01
5.23576186e-01
5.00106590e-01
4.44511272e-01
4.44886426e-01
6.55976440e-01
7.41697568e-01
6.45552926e-01
4.09413112e-01
1.00384159e-01
3.88894861e-01
9.42268549e-02
6.64242554e-01
4.33189188e-01
2.03265061e-02
4.37930681e-01
6.71052647e-01
4.00816815e-01
1.32423407e+00
1.01733818e+00
6.63407129e-01
6.46548741e-01
6.72907019e-01
5.17423007e-01
6.49935687e-01
4.69574876e-01
5.00645156e-01
2.82492543e-02
6.50401247e-01
3.42478937e-01
1.49997082e+00
1.50670233e+00
6.40854823e-01
6.41610695e-01
1.97376407e-01
9.30888644e-01
9.97015978e-02
1.25859031e-02
4.23306239e-01
6.62194673e-01
1.26883387e-02
4.22301561e-01
5.07997559e-01
5.31650345e-01
8.46838421e-01
5.21361325e-01
1.11974253e-01
4.86068716e-01
8.19118337e-01
4.93080944e-01
5.26387512e-01
3.81567048e-01
3.04556478e-01
3.95611139e-01
1.31943040e+00
6.81276645e-01
3.97918852e-01
9.18472594e-02
5.06484129e-01
8.26261766e-01
5.13867583e-01
1.11909330e+00
3.65510351e-01
3.79894077e-01
5.13808964e-01
1.04043844e+00
1.03324047e-01
4.80836835e-01
8.81276391e-02
2.85517375e-01
7.00540385e-01
9.38051742e-02
8.03968779e-02
6.32124022e-01
6.79459632e-01
1.21577515e+00
7.01114609e-01
5.05425945e-01
6.66190914e-01
5.08340597e-01
5.01094878e-01
5.00619782e-01
7.72407729e-01
2.48419488e-01
7.92549115e-01
7.97416604e-02
1.40090206e-01
6.12917459e-01
7.17425326e-01
2.29409955e-01
9.55046507e-01
1.28150247e-01
4.64988897e-01
4.45323752e-01
9.80298476e-01
6.86416018e-01
4.58133126e-01
2.33182704e-01
1.02176253e-01
4.40174687e-01
8.29792966e-01
6.47686738e-01
5.66850975e-01
7.75671449e-02
5.24056762e-01
5.79138909e-01
4.84283268e-01
3.95816955e-01
1.05999103e+00
7.69062725e-02
4.11229497e-01
6.24986152e-01
7.08815972e-01
3.60772863e-01
3.26580102e-02
5.86879135e-01
4.59840608e-01
3.04017023e-01
8.00836706e-01
6.60522501e-01
7.52910040e-01
5.12184817e-01
6.74638701e-01
8.10942779e-01
6.87060464e-01
5.07043187e-01
1.01440212e-01
5.16479366e-01
3.70462112e-02
4.36608234e-01
5.30866097e-01
5.07012504e-01
9.32456935e-01
7.09650003e-01
4.20129364e-01
8.60247464e-01
7.69249355e-02
5.00753340e-01
4.87758232e-01
6.28039130e-01
9.05965371e-02
1.61590274e+00
6.41631984e-01
6.07471597e-01
6.25839979e-01
2.59146223e-01
4.04158488e-01
4.50313125e-01
7.95246186e-01
4.13630537e-01
7.88450981e-02
4.88272707e-01
3.79075343e-01
4.76813523e-01
5.89554567e-01
1.92156676e-01
7.01782817e-01
4.16555407e-01
1.88368897e-02
5.20217125e-01
6.06866540e-01
7.38647623e-01
7.57552468e-01
9.86380408e-01
1.67664715e-01
9.23030567e-02
3.91490710e-01
4.50879282e-01
4.81156611e-01
4.95475040e-01
4.47114194e-01
2.71691540e-01
5.76526338e-01
3.78399956e-01
4.60360808e-01
4.91177419e-01
3.93977299e-01
6.17022323e-01
5.88241981e-01
6.00087251e-01
4.42843463e-01
6.54973474e-01
1.01545475e+00
6.31528530e-01
2.52484947e-01
6.44190339e-01
9.98707638e-01
5.84200123e-01
7.49144052e-02
7.02592177e-01
1.73765573e+00
5.92916737e-01
7.30720587e-01
4.97597695e-01
5.31724975e-01
6.14078054e-01
5.68116315e-01
8.29318807e-01
7.77006176e-02
6.32085565e-01
5.11594703e-01
4.96032348e-01
7.01151221e-01
3.47944090e-01
4.30597246e-01
5.11738863e-01
7.17091123e-01
1.00637340e-01
3.19849721e-01
5.49180239e-01
4.84526305e-01
6.31438787e-01
6.65162501e-01
3.76264891e-02
3.58728353e-02
6.89209984e-01
2.26476400e-01
4.42002621e-01
6.22937213e-01
4.83304415e-01
1.38061647e+00
3.05195194e-01
5.44029396e-01
3.92028903e-01
4.91982523e-01
4.21891334e-01
4.37808706e-01
1.98671664e-01
5.95009535e-02
4.90268936e-01
3.01733699e-01
6.25016047e-01
5.75590648e-01
5.70867117e-01
2.87243342e-01
3.88712791e-01
4.32459298e-01
4.94177998e-01
6.23580910e-01
5.75020907e-01
5.71882518e-01
2.38909719e-02
3.89332598e-01
4.74351999e-01
6.16579017e-01
5.19431790e-01
2.79539226e-01
5.88189038e-01
1.22238303e-01
4.62807472e-01
4.36539897e-01
5.99332846e-02
6.74579208e-02
1.40340170e-01
7.38348671e-01
5.89420142e-01
5.04316655e-01
4.19101772e-02
1.75314350e-01
3.86153376e-01
4.90844848e-01
4.47350736e-01
5.81821856e-01
8.46720883e-01
1.61718139e-01
1.46452452e-01
3.82850841e-01
2.77266197e-01
4.89705391e-01
1.15194607e-01
6.49759636e-01
7.11057805e-01
4.15024527e-02
2.97348728e-01
8.16682532e-01
5.48572092e-02
3.27369939e-01
7.91712543e-02
4.56466692e-01
4.92454768e-01
1.48361875e-01
6.77344495e-01
5.87959974e-01
6.59198458e-01
2.39356173e-01
6.12588803e-01
4.54158470e-01
6.55281646e-01
5.68497493e-01
5.25420649e-01
5.16817624e-01
4.10282712e-01
4.14382726e-01
2.66287421e-01
6.34506819e-01
3.26090813e-01
6.24316341e-01
3.82673432e-01
5.07287302e-01
8.03126204e-01
6.55940456e-01
4.43901114e-01
8.81937636e-02
5.31740035e-01
3.40375535e-01
5.26760501e-01
4.98434171e-01
3.67355565e-01
6.98791199e-01
6.11859187e-01
4.25843832e-01
6.60521333e-01
6.09792279e-01
4.47385705e-01
7.82467499e-01
4.43023498e-01
2.27570921e-01
7.60394303e-01
1.61370118e-01
1.94554867e-01
6.91386327e-01
7.81948699e-01
6.03337182e-02
1.86612195e-01
5.41913272e-01
5.97231429e-01
9.30319947e-01
9.15692252e-02
9.52590370e-01
4.03454864e-02
2.66308617e-01
5.23780114e-01
6.09594634e-01
5.08575053e-01
4.64191901e-01
9.37272192e-02
3.17893834e-01
2.43913045e-02
2.49614530e-02
3.12063653e-01
5.35823018e-01
7.54154290e-01
6.59354035e-01
9.08061771e-01
8.75102081e-02
4.88104892e-01
4.98460620e-01
4.90949332e-01
5.72034169e-01
5.96595494e-01
4.08009584e-02
4.13986657e-01
1.01644242e+00
4.33968849e-01
4.53730143e-01
4.80019976e-01
6.23595239e-01
7.73440302e-01
3.15884134e-01
1.71730579e-01
3.99228034e-01
4.63574100e-01
4.42650153e-01
8.08843646e-01
7.15305495e-01
6.77557916e-01
5.74079365e-01
7.15750887e-01
9.05215239e-02
5.22463219e-01
4.60690733e-01
8.51711655e-01
6.85069383e-01
6.31094006e-01
7.16255670e-03
1.07130376e+00
8.22868137e-01
4.89039544e-01
3.05023011e-01
4.38495270e-01
3.10507511e-01
9.91310421e-02
5.04311849e-01
4.64678151e-01
3.03493033e-01
1.02238700e+00
6.20975660e-01
2.48065273e-01
1.01353966e+00
5.83872040e-01
3.38353022e-01
7.94579048e-02
7.61048371e-02
2.74148568e-01
6.37289842e-01
9.96451701e-01
4.86191447e-01
4.46758729e-01
3.92503579e-01
3.39902328e-02
5.63211609e-01
6.41692012e-01
5.11241236e-01
6.11613475e-01
8.12075432e-01
3.75487864e-01
4.54242219e-01
1.42308064e-01
4.48262788e-01
3.03682726e-01
6.40720066e-01
4.90154804e-01
3.96207956e-01
2.67906613e-01
4.94566473e-01
6.58980513e-01
3.93968845e-01
1.08870110e+00
6.13141736e-01
3.70838479e-01
6.26456548e-01
5.63783356e-02
1.11867034e+00
4.56208961e-01
1.42671839e-01
7.65672030e-01
5.63397117e-01
6.16700817e-01
7.13855731e-01
5.17277614e-02
3.80835442e-01
9.06419140e-01
5.14368021e-01
3.49777458e-01
4.38122448e-01
6.05079277e-01
9.40575275e-01
9.77609754e-01
4.78159113e-01
6.34181789e-01
5.55757870e-01
4.34423316e-01
4.95619209e-01
4.71789483e-01
4.26759134e-02
2.81452494e-01
5.62211659e-01
4.65393602e-01
1.13101516e+00
3.78784116e-01
3.75072126e-01
5.25848818e-01
3.94287931e-02
5.89396233e-01
5.67764210e-01
6.88933346e-01
3.78361299e-01
2.60330685e-01
5.64405771e-01
5.07807589e-01
6.30060656e-01
5.71553156e-01
2.73404435e-02
7.68910909e-01
2.49641892e-01
7.11118228e-01
3.78916074e-01
4.72611854e-01
1.14408183e-01
3.66483026e-01
1.13830511e-01
4.71373064e-01
2.96628245e-01
3.18407546e-01
5.80963099e-01
8.66629732e-03
5.02676559e-01
4.80857821e-01
7.15825538e-01
5.33244578e-01
6.20234507e-01
4.38435009e-01
1.31592259e-01
3.07327686e-01
5.97831017e-01
3.04154042e-01
5.21743945e-01
4.99479019e-01
9.63327440e-01
7.64229389e-02
6.08154790e-01
6.19583309e-01
4.98296266e-01
1.02197083e-01
5.80232869e-01
3.60943174e-02
7.41584512e-01
1.09926831e+00
7.03210015e-01
5.87150299e-01
6.47937172e-01
5.31718772e-01
2.44089495e-01
6.42691026e-01
4.22045796e-01
1.46850794e+00
5.65073264e-02
1.26986025e+00
1.38884524e+00
1.10294484e+00
1.10713528e-01
3.98011320e-01
6.83978183e-01
4.11049023e-01
4.70424809e-01
1.05906906e-01
2.91588973e-01
4.17749170e-01
4.88193645e-01
6.07523410e-01
4.92832779e-01
1.65104616e-01
1.06218448e+00
6.65605337e-01
7.30493280e-02
8.25172227e-01
1.08542717e+00
9.61559872e-01
1.11866170e-01
3.85551736e-01
7.01196969e-01
5.87588611e-01
6.82253807e-01
6.12632434e-01
5.82355158e-01
1.18004458e+00
7.97073097e-02
7.85784240e-01
3.67230003e-01
6.02979200e-01
3.34249057e-01
5.05296017e-01
6.37239154e-01
2.32746024e-02
3.94639370e-01
4.00869527e-01
8.79384555e-02
7.49954330e-01
1.22388728e+00
3.11566167e-01
6.53836623e-01
3.72473213e-01
2.98232816e-01
7.08575533e-01
7.68130268e-01
6.75822810e-01
8.47394666e-01
4.83528245e-01
7.52438730e-01
3.93398975e-01
5.16963331e-01
4.14666312e-01
6.48016719e-01
4.77458417e-01
1.46224218e-01
2.51427322e-01
5.14839799e-01
3.95016651e-01
4.65706210e-01
1.23572659e+00
4.41890862e-01
4.56515637e-01
6.33307537e-01
1.36457057e-01
5.57092831e-01
2.23885059e-01
1.37038624e-01
7.33710527e-01
6.00905856e-02
4.22266932e-01
8.20413514e-01
5.88579888e-01
1.16372688e-01
4.44698919e-01
1.59127886e+00
5.63978675e-01
5.78784418e-01
8.38893296e-02
4.57058222e-01
6.81699268e-01
1.32899623e+00
5.05940438e-01
6.88767140e-02
3.06619482e-01
4.66493079e-01
6.54959683e-01
7.58381625e-02
7.03003442e-01
1.00751249e+00
5.36424287e-01
9.61228929e-02
2.85458501e-01
6.62649811e-01
4.50742129e-01
9.58305430e-01
9.99544879e-02
6.36892651e-01
6.04286956e-01
4.10328699e-01
6.00769504e-01
2.24452523e-01
6.11563043e-01
6.64409795e-01
4.45866588e-01
5.11032333e-01
1.43620236e+00
7.41558110e-01
5.06895797e-01
6.24391533e-01
5.01741138e-01
6.44637526e-01
6.69667094e-01
5.81328622e-01
6.74224681e-01
5.16779531e-01
8.58828114e-01
2.03130823e-01
9.77340861e-01
2.71447638e-01
4.84660752e-01
4.24465576e-01
5.55937538e-01
3.80523793e-01
5.02903205e-01
4.42926162e-01
3.29003748e-01
3.52549486e-01
4.58412171e-01
5.99924082e-01
1.81263630e-02
2.68814475e-01
1.00937122e+00
3.52826842e-01
1.42110052e+00
4.38449061e-01
2.08576267e-01
5.50311485e-01
4.68674869e-01
5.07093181e-01
4.46025219e-01
1.52590025e+00
6.63908368e-01
4.33680234e-01
1.00505190e+00
4.62855892e-02
1.68109054e-01
1.46575009e+00
4.74653729e-01
3.57953066e-02
5.00074792e-01
6.74342351e-01
1.50375072e+00
5.07097942e-01
5.02041550e-01
5.60339564e-01
4.46020533e-01
7.63559242e-01
8.52756051e-01
5.03661283e-01
6.67276418e-01
2.13672511e-01
4.77115375e-01
7.42843288e-01
5.89742777e-01
2.01532669e-01
5.58585799e-01
7.02611813e-01
4.32373579e-01
6.57369788e-01
5.52664716e-01
6.56298459e-01
5.78339100e-01
4.58655682e-01
5.80521920e-01
5.78701086e-01
5.82515911e-01
7.66668684e-01
3.04160484e-01
8.32594710e-01
3.91283688e-01
7.67212291e-01
4.52631933e-01
6.34355201e-01
9.13735347e-02
1.08396729e-01
5.02472562e-01
4.43189101e-01
6.74798804e-01
6.60188649e-01
1.13223352e+00
5.16532512e-01
5.08325543e-01
4.49903611e-01
4.81849211e-01
4.50886368e-01
3.90178881e-01
7.38305005e-01
5.02114129e-01
9.03126417e-02
4.43603193e-01
4.64557318e-01
4.28030880e-01
4.69712343e-01
6.06877605e-01
4.54759681e-01
1.16359424e-01
4.77273644e-01
1.24369927e+00
7.30855233e-01
7.11013614e-01
6.67210242e-01
7.64116270e-01
4.39032409e-01
1.30357517e-01
4.45392666e-01
7.71246892e-01
4.99912438e-01
4.33335799e-01
1.49107769e+00
4.43021628e-01
8.21485643e-01
5.00918384e-01
7.53327155e-02
6.25435853e-01
5.01406505e-01
6.74573375e-01
6.17223373e-01
4.50993282e-01
9.31913490e-01
4.87288083e-01
8.54790580e-01
9.35923223e-01
8.83338960e-01
4.59937911e-01
9.79485300e-01
4.44400195e-01
3.75489067e-02
5.19572443e-01
3.90602876e-01
2.07841489e-01
3.78980831e-01
2.96661190e-01
1.20759224e+00
1.33325066e+00
4.99978168e-01
4.97898961e-01
2.90887393e-01
2.56998744e-01
3.17547229e-01
6.89562202e-01
3.54795712e-01
4.83835077e-01
4.62042444e-01
3.27791793e-01
3.05116069e-02
2.74157642e-01
6.25290486e-01
9.37443631e-02
7.41549156e-01
9.62298450e-01
3.62780451e-01
5.93733218e-01
8.67530415e-02
3.86042734e-01
6.75854343e-01
4.71570032e-01
5.60018980e-01
6.66807693e-01
6.28610243e-01
1.71567175e-01
9.39997522e-01
8.78682958e-01
4.75470715e-01
4.61695934e-01
5.93036888e-01
5.07610948e-01
4.67210647e-01
1.48911990e-01
3.12616188e-01
4.28219081e-01
2.59272696e-01
6.21241579e-01
6.38305141e-01
4.98337654e-01
6.02082565e-01
5.88430836e-01
3.93417981e-01
4.01058240e-01
2.21913314e-01
5.70722820e-01
9.80858124e-01
5.45993205e-01
4.35573493e-01
1.95494883e-01
5.13346723e-01
8.25131321e-01
7.30558377e-01
1.22756499e-01
4.44570503e-01
3.49557837e-01
5.06720278e-01
5.19101460e-01
6.58321848e-01
1.14954735e-01
9.99247669e-02
2.52165782e-01
1.13588518e+00
5.35714735e-01
4.76078219e-01
4.68516512e-01
7.51281867e-01
3.26948849e-01
4.34361428e-01
3.32232413e-01
5.91869917e-01
6.92755962e-01
6.38213425e-01
5.18447654e-01
1.67910689e+00
9.96143773e-01
1.08497782e+00
6.46309504e-01
5.54198558e-01
4.03344827e-01
2.67011757e-01
5.10169113e-01
6.55684972e-01
4.55095673e-01
3.52804132e-01
3.40755299e-01
3.05001177e-01
3.92029067e-01
1.00486849e+00
9.00837339e-01
4.98204331e-01
4.31231809e-01
6.36636891e-01
9.47818049e-01
3.07832892e-01
1.55764922e+00
6.22054625e-01
4.25035111e-01
4.53454778e-01
1.43496771e+00
7.24518347e-01
3.03387827e-01
4.61537564e-01
5.26212047e-01
5.04768069e-01
5.99927484e-01
4.76585665e-01
5.33215424e-01
6.62531785e-01
3.20939346e-01
4.60721394e-01
3.39707033e-01
1.62015868e+00
4.99906987e-01
4.89116304e-01
3.76624256e-01
1.03017841e+00
3.81746032e-01
6.75292691e-01
5.18744739e-01
3.08049257e-01
8.13786678e-01
2.20095031e-01
3.20196919e-01
4.48944585e-01
6.00895183e-01
6.55004637e-01
5.69298128e-01
4.92577904e-01
4.28121784e-01
4.65078845e-01
3.60480034e-01
4.44350983e-01
6.87180894e-01
4.07274050e-01
7.75616388e-01
3.86813791e-01
4.05235054e-01
1.07829745e+00
4.70719697e-02
8.00218905e-01
1.12968871e-01
3.37594525e-01
6.44806811e-01
5.98396058e-01
3.55431772e-01
6.07762703e-01
4.96893803e-01
5.35466766e-01
7.77865885e-01
4.73701356e-01
8.53574859e-02
7.74066663e-01
5.03403128e-01
9.88910977e-01
6.83818898e-01
5.81191182e-01
5.15440685e-01
4.29393456e-02
5.05184120e-01
6.60685460e-01
1.40699509e+00
4.46498657e-01
1.26316764e+00
3.12706378e-02
9.23195633e-02
9.46987277e-02
6.54083241e-01
1.12028158e+00
1.73361405e-01
5.94398563e-01
4.71072414e-01
2.52031369e-01
7.90980979e-01
4.15520122e-01
8.49808694e-01
7.36649406e-01
5.66214327e-01
3.73600764e-01
3.58102336e-01
4.09523714e-01
8.17731713e-01
5.06785689e-01
5.47845379e-01
3.71757294e-01
6.44297697e-01
5.74322949e-01
5.65436992e-01
6.79668136e-01
5.12875276e-01
6.42794409e-01
5.97884557e-01
3.56715029e-02
6.89658792e-01
6.91874239e-01
4.99151157e-01
1.04897874e+00
2.84272097e-01
3.91135181e-01
5.99290570e-01
6.01888025e-01
8.06735896e-01
8.18378797e-01
4.49038287e-01
7.90941469e-01
4.48796693e-01
4.89537432e-01
6.20160525e-01
6.70851263e-02
1.32638746e+00
5.62861916e-01
6.54064161e-01
4.97743719e-01
6.52171245e-01
1.42657292e-01
5.22607276e-01
5.27341932e-01
4.78882599e-01
1.36376089e-01
5.99861657e-01
6.39940934e-01
6.39764531e-01
8.73971894e-01
3.80966695e-01
6.58168399e-01
6.49071693e-01
8.75884222e-02
5.91164619e-01
5.04002532e-01
1.85259408e-01
4.78893430e-01
4.89199189e-01
9.47029107e-02
5.67440073e-01
8.57536149e-02
6.02990119e-01
3.41550165e-01
6.52696200e-01
4.69467708e-01
9.47780149e-01
1.62278075e-01
3.67126412e-01
4.43803507e-01
8.31692451e-01
5.56901030e-02
6.93153978e-01
6.92890224e-01
5.01329072e-01
4.70110044e-01
4.00296842e-01
8.70312173e-02
4.97876294e-01
1.96975065e-01
7.69746935e-02
7.36641157e-01
4.30332423e-01
6.45901349e-01
5.95060911e-01
1.25872093e-01
5.72598170e-01
7.05380649e-01
7.05710497e-01
4.49123811e-01
1.45937659e+00
9.14872085e-01
1.22013247e-01
1.21522968e-01
4.53558611e-01
4.44215128e-01
7.02856156e-01
4.62375758e-01
3.46311376e-01
8.61872597e-01
6.49757440e-02
5.11912930e-01
3.26261202e-01
6.84996047e-01
6.18376926e-01
5.87502535e-02
6.50158332e-01
4.20442449e-01
6.18129897e-01
3.29790346e-01
9.50352447e-01
5.59595786e-01
3.47313815e-01
7.23952410e-01
3.15394863e-01
5.53037731e-01
1.50204393e-01
3.88517510e-01
5.74908857e-01
7.63553051e-01
4.88498443e-01
4.49446923e-01
5.14321067e-01
4.79600682e-01
1.05020747e+00
4.58275282e-01
7.37903517e-01
6.19348045e-01
3.53597389e-01
6.47092251e-01
5.25796904e-01
4.64690029e-01
6.44799635e-01
5.24649038e-01
2.95417898e-01
4.42908435e-01
2.46016781e-01
9.09215829e-01
1.02511214e-01
5.08565974e-01
1.52690292e-02
6.20186290e-01
7.61178731e-02
6.49930352e-01
1.07122133e-01
8.66322774e-01
2.66112434e-01
6.73425172e-01
1.06575571e+00
5.05948484e-01
9.66537035e-01
1.05357465e-01
5.15344965e-01
8.02726158e-01
3.19798948e-01
1.67834388e-01
6.17312121e-01
5.13015592e-01
2.80595873e-02
6.51013462e-01
5.53467567e-01
1.16558019e+00
5.37902612e-01
5.92286165e-02
2.27494070e-01
5.01515620e-01
5.61282564e-01
4.53841735e-01
6.90501899e-01
3.09458047e-01
5.25162656e-01
3.78731351e-01
4.53785467e-01
8.93936996e-01
1.27244886e+00
5.63549354e-01
5.32990642e-01
4.81959536e-01
4.36241973e-01
3.64244702e-01
2.76682721e-01
8.55602293e-01
5.60325631e-01
7.39651017e-01
3.64459618e-01
8.00888912e-01
5.47003073e-01
6.86541722e-01
3.72510943e-01
1.34395465e-01
3.18756682e-01
7.74741144e-02
9.12679740e-02
6.14668995e-01
5.85910355e-01
4.51041029e-01
5.89517545e-01
6.60781465e-01
6.64864367e-01
5.55754753e-01
2.15103303e-01
3.29124457e-01
7.89308645e-01
6.50536818e-01
5.08820340e-01
6.43938617e-01
3.77650625e-01
6.03251370e-01
4.83538140e-01
3.59990659e-01
3.44172009e-01
6.22899545e-01
2.63340763e-01
5.43790970e-01
4.89694715e-01
6.01936480e-01
6.67529200e-01
2.39353434e-01
5.96775082e-01
4.55265254e-01
1.15021824e+00
7.22835284e-01
2.24125341e-01
1.58779976e+00
1.03837271e+00
6.71350332e-01
3.86520500e-01
1.26045398e+00
1.24647568e+00
5.59702065e-01
4.28342000e-01
6.03012658e-01
4.06050995e-01
6.40846245e-01
5.43078822e-01
5.05769772e-01
4.42886320e-01
4.28057899e-01
1.77846948e-01
2.77102961e-01
8.39526136e-01
3.89293682e-01
4.25760195e-01
5.11208742e-01
5.53638465e-01
1.30051539e+00
5.05241299e-01
4.81934415e-01
1.18896044e-01
1.42513145e-01
8.80391298e-01
1.20696778e+00
4.27297672e-01
4.48421449e-01
4.19392980e-01
8.50048220e-02
8.58361808e-01
5.27542298e-01
3.54676122e-01
6.98684378e-01
5.70665127e-02
4.14536645e-01
1.01950601e+00
4.56148379e-01
2.41034025e-02
1.80846798e-01
7.12454037e-01
4.25392321e-01
7.12527893e-01
3.00419355e-01
3.65089642e-01
5.10281705e-01
5.51065557e-01
5.91102879e-01
1.33917618e-01
5.56854148e-01
6.46320022e-01
3.61764038e-02
4.88803383e-01
2.12938874e-02
5.02792162e-01
3.07617265e-01
6.35395012e-01
3.38938081e-01
6.01064204e-01
6.55473222e-01
2.69085599e-01
8.22306661e-02
6.37982987e-01
6.47500748e-01
3.54460921e-01
1.05191831e+00
5.15450932e-01
4.48302804e-01
9.83984513e-01
5.26579866e-01
7.46885113e-01
8.80879172e-01
6.16675279e-01
6.02074375e-01
3.33482152e-01
2.28854655e-01
5.30015137e-01
1.35299421e+00
5.96448010e-01
4.26563982e-01
3.46856406e-01
2.82513517e-01
4.51536203e-01
3.44278130e-01
5.47152968e-01
4.61967435e-01
4.47250795e-01
5.02826298e-01
5.75498704e-01
8.80442380e-01
5.47008046e-01
5.00707159e-01
5.09405040e-01
4.41703455e-01
4.02294447e-01
6.66672403e-01
4.57698510e-01
5.67238052e-01
6.60360320e-01
5.99674623e-01
2.61779853e-02
1.17024814e-01
6.59954059e-01
6.10282046e-01
3.19040069e-01
5.78757431e-01
5.01645867e-01
4.81755578e-01
4.43133387e-01
4.87234931e-01
3.79492662e-01
4.11093632e-01
5.30895917e-01
4.44121474e-01
4.94933004e-01
3.21566642e-01
6.31873478e-01
6.60798029e-01
1.49438448e+00
5.17411773e-01
4.96703008e-01
6.72386232e-01
6.79510252e-01
1.18012708e-01
4.94773922e-01
6.43002455e-01
4.16941472e-01
7.51830336e-01
5.01027231e-01
2.31337718e-01
4.60325941e-01
6.61454789e-01
8.47390211e-01
2.17870897e-02
5.14504347e-01
1.00143615e+00
4.77251617e-01
5.80384561e-01
5.24153618e-01
5.50165293e-01
3.75196098e-01
3.69750777e-01
4.92556625e-01
6.29005554e-01
5.62066813e-01
7.93706786e-02
3.94787952e-01
1.65608204e-01
7.82732772e-01
3.71039004e-01
4.69268713e-01
4.57321566e-01
5.72808202e-01
4.90496741e-01
4.41807027e-01
4.43638084e-01
3.70139489e-01
5.39683057e-01
5.51465838e-01
1.40336455e+00
5.12945271e-01
3.13461031e-01
8.08908261e-01
3.08125781e-01
1.90477992e-01
3.68360500e-01
5.46143667e-01
5.26038664e-01
6.72649727e-01
4.48990485e-01
6.97405320e-01
4.60716768e-01
4.25713050e-01
5.44024749e-01
6.44308786e-01
9.14119158e-01
1.35207308e+00
5.76349748e-01
4.45080775e-01
4.56798031e-01
1.49239683e-01
2.22605774e-01
7.78858801e-01
4.94569705e-01
3.61386167e-01
7.10351896e-01
4.65822013e-01
5.40491566e-01
6.68085140e-01
9.21742693e-02
8.56988155e-01
6.67659784e-01
6.58079204e-01
5.81699588e-01
6.09310359e-01
5.82205009e-01
2.76784427e-01
7.62697265e-01
4.33949094e-01
3.38609738e-01
7.97411810e-01
6.80146958e-01
6.08349103e-01
6.92655578e-01
4.36426776e-01
3.47514180e-01
7.24197741e-01
6.29310452e-01
1.03533545e+00
5.26477027e-01
6.97585290e-02
4.20803709e-01
1.23853371e-01
2.20016359e-01
5.09312272e-01
3.86047214e-01
6.00509851e-01
5.04605851e-01
9.30488444e-02
6.51081359e-01
8.47085006e-02
2.52198270e-01
1.68920943e+00
7.28069405e-01
6.50447334e-01
3.17677203e-01
9.18121359e-01
6.17682345e-01
1.70421812e-01
4.96115224e-01
5.12581551e-01
6.30657098e-01
3.86457977e-01
6.18902715e-01
6.00195821e-01
5.75934375e-01
4.89808724e-01
9.04355092e-02
5.49355101e-01
8.47883689e-01
2.76763776e-01
2.24040640e-01
4.46681691e-01
7.14244988e-01
8.23007905e-01
5.66967417e-01
3.92032798e-01
3.40321338e-01
6.49382929e-01
4.99526427e-01
5.81644986e-01
6.46957856e-01
4.97665832e-01
4.16645820e-01
4.89345219e-01
2.42339389e-01
5.68392539e-02
7.36765730e-01
8.64022754e-01
7.83963511e-02
6.28746265e-01
7.52254383e-01
1.46867157e-01
6.28892133e-01
4.54958152e-01
2.36620342e-01
1.10553574e-01
6.33960077e-01
4.88946181e-01
3.92116920e-01
7.35844465e-02
6.84359117e-01
1.06789433e+00
4.93814576e-01
9.87615115e-01
1.09269127e-01
5.27021721e-01
5.79513755e-01
4.78926960e-01
3.44610733e-01
4.89497615e-01
2.91897345e-01
4.42802080e-01
4.27960766e-01
3.14926673e-01
6.02369710e-01
1.22503408e+00
3.69799490e-01
4.36754550e-01
6.74221503e-01
1.88846345e-01
4.84846305e-01
4.52348530e-01
6.39402473e-01
5.17189330e-01
4.45984702e-01
1.98273657e-01
4.45527283e-01
6.13389019e-01
4.93928764e-01
3.64399181e-01
1.25300195e+00
1.33153663e+00
5.72305295e-01
8.28079266e-01
6.72876329e-01
1.08988639e+00
3.40480819e-02
8.11016011e-02
6.30111081e-01
1.42938633e+00
4.42450128e-01
3.15343329e-01
5.07896111e-01
3.87238388e-01
6.69303614e-01
7.81432268e-01
8.92127225e-01
5.36237615e-01
6.37690638e-01
1.03475769e+00
4.49049877e-01
5.25887786e-01
9.11897546e-02
6.60350924e-01
7.62509803e-01
1.20334667e-01
3.85675888e-01
5.47528806e-01
1.13583813e+00
9.34789701e-01
6.21974069e-01
4.68123898e-01
4.86944512e-01
2.74306187e-01
2.43169194e-01
2.10735920e-01
1.02287977e-01
1.09326208e+00
1.01686015e+00
1.60811802e-01
5.38804198e-01
7.33888366e-02
1.50391940e-01
8.19923248e-01
5.00701752e-01
2.21105117e-01
1.74977051e-01
4.18471592e-01
6.45112724e-01
4.32036003e-01
4.40713546e-01
5.01267611e-01
4.56188930e-01
7.30102300e-01
5.83849855e-01
5.02226749e-01
6.00270863e-01
8.76115161e-02
4.47393320e-01
2.18883873e-01
9.29779291e-01
5.03875971e-01
1.05669977e-01
1.43971624e+00
4.23686785e-01
4.76291704e-01
8.62468414e-01
7.23459746e-01
5.31112080e-01
2.80339977e-01
4.49039232e-01
6.79255109e-01
7.79928722e-01
6.01731537e-01
3.48868841e-01
6.65825438e-01
4.36308704e-01
7.13641839e-01
8.57912479e-01
3.59315301e-01
4.60282943e-01
3.26598734e-01
6.23574980e-01
2.07221425e-01
3.12227585e-01
1.11301140e+00
4.71746221e-01
2.18410671e-01
4.17161406e-01
9.20015694e-01
3.35253016e-01
1.03994159e+00
1.55838595e+00
1.19278911e+00
6.25845064e-01
5.11628731e-01
1.25091816e+00
6.74550272e-01
9.17098420e-01
4.25333838e-01
4.77793626e-01
4.31082216e-01
2.77141414e-02
5.48871740e-01
1.10125160e+00
4.00993050e-01
1.16792959e-01
4.45600294e-01
6.21615854e-01
6.39358868e-01
4.99594742e-01
3.01820212e-01
3.55203045e-01
1.96467259e-01
6.96055105e-01
9.01027328e-02
5.73120582e-01
5.85316994e-01
4.58686436e-01
9.05974839e-01
4.30605833e-01
6.80558754e-01
1.05581129e+00
2.20420303e-01
3.71883970e-01
5.60355287e-01
1.45534022e-01
6.58328961e-01
7.40676058e-02
4.99100762e-02
1.11681645e-01
6.70822007e-01
6.91222634e-01
5.60733868e-01
1.78294920e-02
5.03924152e-01
6.57486815e-01
8.47101823e-02
1.52568838e-01
5.90682356e-01
5.69660729e-01
4.66941738e-01
5.06857317e-01
6.06698740e-01
6.42819511e-01
4.49527231e-01
3.51129593e-01
8.64277531e-02
6.46791002e-01
2.15197563e-01
1.15700040e+00
1.40741893e+00
7.01681692e-01
8.72919964e-01
1.00474212e+00
4.22179815e-01
6.14427770e-01
7.80701612e-01
1.66490492e-01
9.68423584e-01
5.48913271e-01
5.70548659e-01
5.55793606e-01
2.62877442e-01
3.58726902e-01
1.72082657e-01
5.09163445e-01
6.40716204e-01
4.35498037e-01
5.99421795e-01
5.08264355e-01
6.81867820e-01
4.88623665e-01
5.39243253e-01
4.98967098e-01
4.85955238e-01
6.30495648e-01
6.09036496e-01
8.15137758e-01
8.20687472e-01
7.58643357e-01
5.76906763e-01
8.63549093e-02
4.24043051e-01
2.86403278e-01
7.35778629e-01
7.53361182e-01
5.85588451e-01
2.81732246e-02
6.49576096e-01
6.31654649e-01
4.93848235e-01
5.75762072e-01
6.14618878e-01
6.70551391e-01
3.08302097e-02
4.32688501e-01
5.31453638e-01
4.76843757e-01
4.50767276e-01
6.08146010e-01
8.05824064e-01
4.28065404e-01
2.00280998e-02
7.64773006e-01
4.42521443e-01
8.21669274e-02
5.18122319e-01
4.70204383e-01
4.99548243e-01
6.59524402e-01
2.28277082e-01
5.20182760e-01
3.83334908e-01
7.50428891e-02
8.57577005e-02
4.44264866e-01
4.03273645e-01
4.18048792e-01
6.71580570e-01
6.52450080e-01
4.59872573e-01
6.49513098e-01
5.80730524e-01
2.83072134e-01
6.37810716e-01
5.80726009e-01
6.64095416e-01
8.85492709e-01
4.78791552e-01
5.33295786e-01
4.94092010e-01
9.00701428e-01
8.42852323e-01
6.51833029e-01
6.57078473e-01
3.43098036e-01
6.66688984e-01
6.97548808e-01
5.43617900e-01
5.76081712e-01
4.28170528e-01
7.95381544e-01
1.25485046e+00
5.40906700e-01
1.61723055e-01
8.00846853e-01
5.69235770e-01
7.37508302e-01
7.18449161e-01
8.18614713e-02
5.10766970e-01
6.49711683e-01
5.43128062e-01
7.17838826e-01
7.54221061e-01
4.07765278e-01
6.78814080e-01
7.12297309e-01
3.54993507e-01
3.67467790e-01
6.84885901e-01
1.03181046e+00
1.97826114e-01
6.02092189e-01
9.72691068e-01
5.63867623e-01
5.54884909e-01
6.55956038e-01
4.54606392e-02
3.03149872e-01
4.91298966e-01
6.35944604e-01
1.35425704e+00
3.97870349e-01
5.13567752e-01
4.12084724e-01
6.96206768e-01
4.62849892e-01
6.12463435e-01
3.80191508e-01
1.28039909e+00
5.41387171e-01
8.37459580e-01
3.02089268e-01
2.99944945e-01
5.88146418e-01
1.12358601e-01
4.43388091e-01
8.46673185e-01
6.14830752e-01
5.81028936e-01
5.45598142e-01
4.47201817e-01
4.86966706e-01
3.73117091e-01
4.96502907e-01
6.40136158e-01
4.51182507e-01
4.83818881e-01
4.95375229e-01
4.96711646e-01
3.68875398e-01
4.46430053e-01
7.39864663e-01
7.34564176e-01
8.72222342e-01
7.22646871e-01
5.20570133e-01
5.56314800e-01
5.80097900e-01
5.20080385e-01
4.88462357e-01
4.35625548e-01
5.45116596e-01
2.47399820e-01
6.52496423e-01
7.08173201e-01
2.87897125e-01
8.78095090e-02
5.60222890e-01
6.56472547e-01
6.44624900e-01
5.59830781e-01
4.79361838e-01
4.90934355e-01
4.00825075e-01
6.19308023e-01
6.96033902e-02
5.39458198e-01
6.18912611e-01
1.07702021e+00
6.13864601e-01
4.03725397e-01
1.22255392e-01
4.85374729e-01
5.30474612e-01
4.45454505e-01
4.29600721e-01
6.66238319e-01
6.67712331e-01
9.99571065e-01
5.45871482e-01
6.95928431e-01
4.45254350e-01
5.66744535e-02
4.77269410e-01
7.27494615e-01
1.26283162e-01
6.19670821e-01
4.18948598e-01
5.73064716e-01
5.85746797e-01
3.63207112e-01
2.43285933e-01
6.58084413e-01
4.11932895e-01
5.36236523e-02
6.60212137e-01
4.48444188e-01
1.06746302e-01
4.86516754e-01
8.88876148e-02
4.99063588e-01
6.05942954e-01
2.11546062e-01
5.29610039e-01
6.26880703e-01
6.28953060e-01
7.01318420e-01
5.90364739e-01
5.92779241e-01
4.57369278e-01
3.35086358e-01
4.96836783e-01
4.74959154e-02
2.97994931e-01
6.53928801e-01
3.57680184e-01
4.27530976e-01
5.24225067e-01
6.17336898e-01
5.96667841e-01
1.07343764e-01
5.32318744e-01
7.29974673e-01
5.07661332e-01
5.89694889e-01
6.06509244e-01
4.98619081e-01
5.08211491e-01
6.37006857e-01
4.88329188e-01
9.59328858e-01
5.72746351e-01
4.78705767e-01
7.45301162e-01
4.88144851e-01
4.76833620e-01
5.16278768e-01
6.91626362e-01
4.98860505e-01
4.43994527e-01
4.03329005e-01
2.07962292e-01
1.39721345e-01
1.56307700e+00
4.86790529e-01
4.39796704e-01
8.36630152e-01
3.46391344e-01
4.90312444e-01
9.23829464e-01
4.38732479e-01
4.47965479e-01
4.31695536e-01
4.91411913e-01
1.78831624e-01
5.37052799e-01
6.88105247e-01
5.68754104e-01
6.65441716e-01
8.04120496e-02
2.67732265e-01
5.06556439e-01
8.79767944e-01
8.41331583e-01
1.19109383e+00
4.52846933e-01
3.14293337e-02
3.49570689e-01
3.78660979e-01
5.97684551e-01
5.77090389e-01
7.01487659e-01
5.72585847e-01
4.52543329e-01
6.94646528e-01
9.75314089e-02
6.49749573e-01
5.97183819e-01
1.41011504e-01
1.02974957e-01
5.42122753e-01
5.08489215e-01
1.49780928e-01
4.99652812e-01
2.55395997e-01
4.59708937e-01
5.16706989e-01
2.24036756e-01
3.95572159e-01
5.03203686e-02
7.21792309e-01
1.72363365e-01
5.79979378e-01
4.24684855e-01
1.03751847e+00
4.27937897e-01
5.34974844e-01
4.87356813e-01
7.64114639e-01
3.20338125e-01
4.50164437e-01
4.73681256e-01
4.46282123e-01
6.24992514e-01
4.50153449e-01
4.64830406e-01
3.58970356e-01
3.15795067e-01
4.46627193e-01
9.48424922e-01
2.52322103e-01
5.52303062e-01
6.87304297e-01
1.07254328e+00
1.67454707e+00
4.99856729e-01
1.34649333e+00
1.32185728e+00
4.44240858e-01
4.57332549e-01
4.92938127e-01
4.19077672e-01
6.66916048e-01
4.94764136e-01
1.08301428e+00
5.84191875e-01
2.89687286e-01
7.50153819e-01
2.86983349e-01
8.35856631e-01
4.33983950e-01
4.82135266e-01
8.82669570e-01
4.98771715e-01
4.46327179e-01
4.94306601e-01
8.98054365e-02
6.68054981e-02
6.87138854e-01
4.65531578e-01
4.24398379e-01
6.44183063e-01
3.51275857e-01
5.19063686e-02
6.73085526e-01
5.23374870e-01
1.24038941e+00
4.57040790e-01
5.30969557e-01
4.99627279e-01
4.92633433e-01
5.25426783e-01
3.86532027e-01
8.76159019e-02
4.93902751e-01
1.18296500e-01
5.14340162e-01
1.23009512e+00
6.52282304e-01
6.85355248e-01
2.89436243e-01
7.74888278e-01
2.58972056e-01
4.73725870e-02
6.83794425e-01
5.80046675e-01
1.98053950e-01
6.95131503e-01
5.94348223e-01
4.08596250e-01
4.76963935e-01
5.92029843e-01
4.90890488e-01
4.57562968e-01
5.93857363e-01
7.04291860e-01
5.23895457e-01
5.10436087e-01
5.60191736e-01
5.07446401e-01
3.29962799e-01
8.31761406e-01
5.14258712e-01
6.87151618e-01
3.73549856e-01
6.73135498e-01
4.04633099e-01
5.75486657e-01
3.17805699e-01
8.99753830e-01
4.47522999e-01
1.07471045e+00
9.71662194e-01
1.63818391e-01
6.75837532e-01
4.27677356e-01
5.42283677e-01
4.77458878e-01
3.59846119e-01
7.95779950e-01
4.32100475e-01
5.78872602e-01
1.57546270e+00
4.88634545e-01
6.92050707e-01
1.21319068e+00
4.45761721e-01
5.73915041e-01
5.59732996e-01
9.86460098e-01
5.95131829e-01
4.53069252e-01
6.61142782e-01
3.38287910e-01
4.78378520e-01
1.22050790e-01
5.61105842e-01
7.66351343e-01
2.91117660e-01
4.55356189e-01
4.46703925e-01
1.45509835e-01
1.45764157e+00
6.60967198e-01
5.55806041e-01
3.02251348e-01
7.01023797e-01
7.52517981e-01
3.12288062e-02
5.80521622e-01
4.19321313e-01
3.39546372e-02
3.10315739e-01
5.75313594e-01
4.86846383e-01
7.11570892e-01
5.23437000e-01
4.48762166e-01
4.93693456e-01
8.38570614e-01
2.82599220e-02
5.68803594e-01
1.07393966e-01
6.62111340e-01
1.23771645e+00
9.13419585e-01
5.80043065e-01
2.50329617e-01
4.61578369e-02
9.62376512e-01
3.19472339e-01
6.34970064e-03
3.61085248e-01
4.83962736e-01
6.69982069e-01
4.97229518e-01
4.54701469e-01
9.50271244e-01
3.01553377e-01
4.58704099e-01
2.00586653e-02
3.69970815e-01
1.54295069e-01
6.36436417e-02
4.20707584e-01
1.21553186e+00
2.25473987e-01
7.21443429e-01
4.90828826e-01
9.91428142e-02
4.75523015e-01
7.84200534e-01
1.37555848e+00
9.12011261e-01
4.61359699e-01
7.78559247e-02
5.15377898e-01
4.47952131e-01
5.03413549e-01
3.55601174e-01
6.84608789e-01
2.75807204e-01
3.29843831e-01
5.06835472e-01
8.17333453e-02
3.81149441e-01
6.40452536e-01
2.83679023e-01
5.10327865e-01
4.46165806e-01
4.66860402e-01
4.83733620e-01
4.96260135e-01
8.50332391e-01
4.42802182e-01
5.75212871e-01
1.03944565e-01
5.65282520e-01
3.36019632e-01
6.55598366e-02
6.10813865e-01
8.81027981e-01
4.14756999e-01
5.23264125e-01
4.17192813e-01
6.35660204e-01
5.20491217e-01
1.03906261e-01
7.02867670e-01
4.64567188e-01
4.90186042e-01
4.78072745e-01
1.11304427e+00
3.14461856e-01
8.13417640e-01
3.58003539e-01
4.92372635e-01
6.52806744e-01
4.53664684e-01
7.15543030e-01
5.95620198e-01
2.73865101e-01
5.46519895e-01
9.23215925e-01
6.94499849e-01
3.53120668e-01
2.39279074e-01
6.29346731e-01
5.04592343e-01
9.23538816e-02
8.80181483e-02
7.78391487e-01
1.27808564e-02
2.15375463e-01
7.47946210e-01
6.81219156e-01
5.14831958e-01
1.62242701e-01
5.66090244e-01
4.76184352e-01
9.57933818e-01
4.30936538e-01
8.06412661e-02
4.25439765e-01
6.06042306e-01
2.07065872e-02
5.56005341e-01
5.32816099e-01
6.06404618e-01
4.97793666e-01
5.35970247e-01
2.43101834e-01
3.84658055e-01
2.76545019e-01
7.52705166e-01
4.99361296e-01
1.15177437e+00
4.95446621e-01
1.22110278e-02
3.85062578e-01
7.33307807e-01
4.94492154e-02
6.52907164e-01
6.44468015e-01
6.80738428e-01
6.50188414e-01
5.85684449e-01
5.09220241e-02
6.77438863e-01
5.08891382e-01
6.63205737e-01
4.27051060e-01
5.78238123e-01
7.18588009e-01
6.49211521e-01
4.26475478e-01
4.76718021e-02
4.66423461e-01
5.90310246e-01
7.33278967e-01
4.37284165e-01
5.12023834e-01
5.75968485e-01
4.36423320e-01
7.37866916e-01
5.71725841e-01
2.53427643e-01
4.97922511e-01
3.91684976e-01
1.01722290e-01
5.49862276e-01
5.52895994e-01
3.14219305e-01
1.09913594e+00
8.88811284e-02
5.35232893e-01
5.82636135e-01
6.47962115e-01
1.19263404e-01
3.40513237e-01
5.18118583e-01
9.30121256e-01
2.53850143e-02
5.28604540e-01
1.85527121e-01
2.82414065e-01
1.35012282e+00
5.78490926e-01
4.59957764e-01
1.13554646e+00
1.40598235e-01
5.71441308e-01
3.05854908e-01
6.14377191e-01
4.09090023e-01
2.57253081e-01
5.46110781e-01
6.40570073e-01
6.32699033e-01
3.33386120e-01
6.89385374e-01
8.39342621e-02
8.37145765e-02
5.92206532e-01
5.71229401e-01
1.56951335e+00
5.15034329e-01
9.27659386e-02
9.27992403e-02
6.96550201e-01
6.16857252e-01
5.01609405e-01
1.06137931e+00
2.47947584e-01
5.87707205e-01
5.89960920e-01
1.86661684e-01
7.56303957e-01
4.69075917e-01
5.00132453e-01
3.67580743e-01
7.03312797e-01
6.98663991e-01
5.39334935e-01
1.15333340e-01
4.39096604e-01
1.86953621e-01
5.76423538e-01
4.47114814e-01
7.53911176e-01
4.51586562e-01
1.16267880e+00
7.23054309e-01
5.06438956e-01
6.74279431e-01
6.46888871e-01
4.21845077e-01
2.84919735e-01
6.62619058e-01
4.39550527e-01
3.78647600e-01
9.31000770e-02
4.65019013e-01
4.61446241e-01
4.83749644e-01
3.74702374e-01
5.40890986e-01
8.04598737e-01
1.45610466e+00
5.33667820e-01
4.87510053e-01
6.08557793e-01
3.94130069e-02
5.10452577e-01
5.00191184e-01
1.48617881e-01
5.99997947e-01
6.21762689e-01
5.25867822e-01
1.53144049e+00
1.25051106e-01
6.31382744e-01
1.25276871e-01
5.27966798e-01
4.45638396e-01
4.56166401e-01
9.52459695e-01
5.68664890e-01
7.91734224e-01
1.75847449e-01
1.43730950e-01
1.89723784e-01
3.30954635e-01
1.10780920e+00
1.44896602e-02
7.57876513e-01
3.36689735e-01
4.16828057e-01
7.07304108e-01
4.96092122e-01
5.59020572e-01
4.26040821e-01
4.60510671e-01
1.84130465e-01
1.25843806e-01
4.58895519e-02
7.21056714e-01
5.01334168e-01
9.33383665e-01
5.10756675e-01
1.60728830e+00
8.20971314e-01
5.32525990e-01
1.04861959e+00
4.96524222e-01
4.27835337e-01
6.68895841e-01
3.37260401e-01
1.48612686e-01
8.57489719e-02
6.30675795e-01
6.88162458e-01
3.39609490e-01
3.89046468e-01
9.94799536e-01
5.97693083e-01
6.42592522e-01
1.43152976e-01
7.84835209e-01
8.79388089e-01
5.52200544e-01
3.57234499e-01
5.03636978e-01
8.86730747e-02
2.90338902e-01
5.92111727e-01
5.64578801e-01
4.41314940e-01
1.41255889e+00
9.43801953e-02
1.18096357e+00
7.08773981e-01
2.13817688e-01
1.94011133e-01
9.25333410e-01
1.16686721e-01
4.94350437e-01
3.49032858e-01
5.12090605e-01
7.40511868e-01
9.33385462e-02
6.18968202e-01
7.35449123e-01
3.50789399e-01
5.41926210e-01
5.09487591e-01
6.40437086e-01
3.96070708e-01
1.12426797e-01
7.33678887e-01
4.50233250e-01
4.32854426e-01
4.69957361e-01
8.36071868e-01
8.29174447e-02
4.67022235e-01
6.19407268e-01
6.52729594e-01
5.01323503e-01
5.72362169e-01
7.32444010e-01
1.01407735e-01
3.76090401e-01
8.00261237e-02
7.33285458e-01
4.86378692e-01
9.39498132e-02
2.56378295e-01
6.81393557e-01
1.31910245e+00
8.87718191e-01
1.32203163e+00
4.42989692e-01
4.45920630e-01
1.20418712e-01
1.60983137e-01
9.12694013e-01
5.15451479e-01
6.13831905e-01
4.59124410e-01
4.45063626e-01
5.56087040e-01
4.40349444e-01
7.10090342e-01
6.41833839e-01
3.37639448e-01
4.83973217e-01
5.74371947e-01
5.40462205e-01
7.70446046e-01
4.35072922e-01
4.71845524e-02
4.45106332e-01
6.85710619e-01
1.50680085e+00
8.14891580e-01
4.54273903e-01
3.47972735e-01
5.34725513e-01
5.64495243e-01
1.58011888e+00
4.45401290e-01
6.65488216e-01
4.91939131e-01
5.41105473e-01
9.05922676e-01
4.54236737e-01
6.26230078e-01
6.06100439e-01
5.20885132e-01
5.24396472e-01
6.74133172e-01
4.64000139e-01
6.32868622e-02
8.66848831e-01
9.56707395e-01
4.52336150e-01
5.64803821e-01
5.32392688e-01
4.68836119e-01
6.78948410e-01
6.82656415e-01
1.03186899e+00
5.00714767e-01
5.31665320e-01
5.43992934e-02
9.67578393e-01
5.05937488e-01
8.92755784e-01
7.59055448e-01
6.76891762e-01
6.47942255e-01
5.02751474e-01
2.38913291e-01
4.26533275e-02
5.01028958e-01
7.37925460e-01
5.39234285e-02
2.39329727e-01
5.02312892e-01
8.95138936e-01
5.05592599e-01
4.66455235e-01
5.03162751e-01
4.98503914e-01
4.79558998e-01
8.48110980e-01
6.92624383e-01
4.98605085e-01
2.26378282e-01
6.41637848e-01
5.09439399e-01
9.22913835e-01
5.90523199e-01
5.66807455e-01
5.61022431e-01
5.62680736e-01
1.40887943e+00
5.68916275e-01
8.64116376e-01
4.98460339e-01
7.11793787e-01
2.63058537e-01
3.22454686e-01
7.69634224e-01
1.02843420e+00
8.62151701e-01
6.45988737e-01
5.01064389e-01
6.08166178e-01
5.64444073e-01
2.63626166e-01
4.48046482e-01
5.23027868e-01
3.22298820e-01
4.27658955e-01
8.59529195e-01
4.22748261e-01
1.19713065e+00
7.51291278e-01
4.99077948e-01
7.46048423e-01
5.03967667e-01
6.84744078e-01
4.46129541e-01
8.32110604e-02
9.93884146e-01
1.10080526e+00
9.23528678e-01
7.84856810e-02
4.79617182e-01
4.46719550e-01
5.03775861e-01
5.21103836e-01
8.91138640e-01
5.25423233e-01
5.52368897e-01
6.30356154e-01
4.38412466e-01
1.13083371e-01
1.07710701e+00
3.83874833e-01
5.50168783e-01
5.53125734e-01
2.64115725e-01
5.37283830e-01
6.11961466e-01
3.62077498e-01
5.63431361e-01
5.76552956e-01
6.24825594e-01
8.32981710e-03
4.47852001e-01
6.81191145e-01
6.64676584e-01
5.21098354e-01
8.44423390e-01
6.39209404e-01
7.23092687e-01
7.04015933e-01
3.70486983e-01
5.03107484e-01
5.43005625e-01
4.64951541e-01
6.33129439e-01
4.45570566e-01
2.00384024e-01
4.85360154e-02
4.18153745e-01
6.15044621e-01
1.11263200e+00
7.23000484e-01
3.87351401e-01
9.84951133e-01
4.48382825e-01
5.56261504e-01
1.00540909e+00
3.27381647e-01
4.79783931e-01
6.40248740e-02
6.08099066e-01
7.08670583e-01
4.68575665e-01
4.87818340e-01
9.59603555e-01
3.79823821e-01
4.86605065e-01
4.12967779e-01
5.22000227e-01
4.77153239e-01
2.47402221e-01
8.45623694e-02
7.23798090e-02
4.57389096e-01
1.00367287e+00
4.58246953e-01
5.57102789e-01
3.64904558e-01
4.55233156e-01
4.80043757e-01
7.04901029e-02
4.47718482e-01
6.20990947e-01
6.19323753e-01
6.07434279e-01
3.19087451e-01
1.01136971e+00
4.35391429e-01
6.71201669e-01
3.88780232e-01
4.92938638e-01
1.06585273e+00
6.15120031e-01
5.14865588e-01
7.23646919e-01
4.85359998e-01
5.23995576e-01
2.37084450e-01
7.38825424e-01
4.89542857e-01
5.02490690e-01
5.33883177e-01
5.86254299e-01
1.42947540e-01
5.88884841e-01
6.69378697e-01
4.07153106e-01
6.82291436e-01
3.06305781e-01
4.71180264e-01
4.56700808e-01
3.96912689e-01
4.23579709e-01
5.72142571e-01
8.08197511e-01
4.97074826e-01
5.30148161e-01
4.62626327e-01
5.55169622e-01
6.81908028e-01
4.50256362e-01
3.46041888e-01
4.32284560e-01
5.68923035e-01
3.33181960e-01
6.54901615e-01
2.45573950e-01
4.58404066e-01
4.96209964e-01
6.12254446e-01
5.66458029e-01
1.28394599e-01
8.27755906e-01
7.68607872e-01
4.57977962e-02
5.06109301e-01
4.43830182e-01
3.39629012e-01
7.67623763e-01
5.37878843e-01
5.41812796e-01
1.23332017e+00
5.36909003e-01
3.00650956e-01
5.69783997e-01
6.51448135e-01
4.65284163e-01
2.97413693e-01
6.56409354e-01
8.41316748e-02
4.65779086e-01
5.12079810e-01
4.06716934e-01
8.04657432e-01
6.25550175e-01
4.44560264e-01
2.53046871e-01
3.87773579e-01
1.20087652e-01
3.84897800e-01
5.70846358e-01
4.43235719e-01
6.71397598e-01
1.59626090e+00
1.07723409e+00
5.04325588e-01
6.74996452e-01
1.36326370e-01
4.30375653e-01
6.87509090e-01
1.06089875e-01
4.89925739e-01
5.93575097e-01
4.51060556e-01
6.84724401e-01
6.75553247e-01
8.35148827e-02
3.23739619e-01
6.31234209e-01
1.24752422e+00
9.22075012e-01
6.32478625e-01
2.24791711e-01
6.90972799e-01
4.51885284e-01
3.88858224e-01
5.08460279e-01
9.20376155e-01
5.04252713e-01
4.45306814e-01
8.08864181e-01
4.78138061e-01
5.37819015e-01
5.21222248e-01
6.30404763e-01
3.96342252e-01
6.35777327e-02
3.28203494e-01
4.48539885e-01
1.73437745e-01
9.05524300e-02
1.13243526e-01
1.87363845e-01
5.01280006e-02
3.07900368e-01
7.27844834e-01
3.39825958e-01
1.17756303e+00
3.18500297e-01
2.60379130e-01
3.19846806e-01
5.19561130e-01
6.20062175e-01
4.48136025e-01
7.43384118e-01
7.57279359e-01
5.85150601e-02
4.88558579e-01
5.66131888e-01
2.93517799e-01
3.51349100e-01
4.62143883e-01
1.47538345e+00
1.82869366e-01
1.57490900e+00
4.53577373e-01
7.92243942e-01
5.21045654e-01
4.10460072e-01
5.62175601e-01
7.09235738e-01
7.21682613e-01
5.08853092e-01
8.46579968e-01
6.66776890e-01
6.67949522e-01
6.49848763e-01
7.19789003e-01
4.91305071e-01
5.83719500e-01
6.95984192e-01
4.07518449e-01
4.72815759e-01
5.23019832e-01
6.43172928e-01
2.02273949e-01
4.68365851e-01
4.55231223e-01
6.57589733e-01
6.67732541e-01
4.91524322e-01
4.61712398e-01
5.00839159e-01
1.96346891e-01
4.92170683e-01
5.18192834e-01
4.85239231e-01
4.96959185e-01
4.62617202e-01
5.56905959e-01
4.94398784e-01
8.19440571e-01
4.60166313e-01
4.63064870e-01
5.21010201e-01
1.67749967e-01
4.44293520e-01
6.85291373e-01
5.74757474e-01
3.27726641e-01
4.21271112e-01
1.06381006e-01
1.03496658e+00
5.32925691e-01
4.84384859e-01
1.49257966e-01
2.00694504e-01
4.61816943e-01
1.68394425e-01
1.12603171e+00
6.61560613e-01
6.48063144e-02
9.10130684e-01
4.93639095e-01
3.87990301e-01
4.71308225e-01
5.29969161e-01
2.50881357e-01
3.17123714e-02
4.47581165e-01
3.12531069e-01
5.83561686e-01
7.12302383e-01
1.02228665e+00
6.52802934e-01
4.65505435e-01
5.47254618e-01
1.17801197e-01
4.61583761e-02
7.33645629e-01
4.16516971e-01
1.13541817e+00
8.70058160e-01
7.02433793e-01
6.63613370e-01
6.65059313e-02
3.92715066e-01
4.47487106e-01
2.61607492e-01
7.37395145e-01
5.93542681e-01
4.95423136e-01
6.66917532e-01
1.29069481e+00
6.81980980e-01
9.38845963e-01
5.06729972e-01
3.81868408e-01
1.38906752e+00
9.54543259e-01
4.46606963e-01
1.19520980e-02
7.16175946e-01
6.58612815e-01
5.03938171e-01
6.76635318e-01
1.76441483e-01
8.02583193e-02
7.26611278e-01
4.64969060e-01
4.58588358e-01
4.47415872e-01
2.41468916e-01
4.89219849e-01
4.44238475e-01
5.58465918e-01
3.20955909e-01
5.77835240e-01
2.08531074e-01
3.22677867e-02
4.46162277e-01
6.58437442e-01
7.21091795e-02
5.17550588e-01
1.04715070e+00
5.97316290e-01
5.65013929e-01
4.94166413e-01
3.17418920e-01
7.77999922e-01
4.90994172e-01
8.87550417e-01
1.51450179e-01
5.19217728e-01
1.13694197e-01
4.52058275e-01
7.94762897e-01
5.00465530e-01
7.71738515e-01
6.28515636e-01
6.71909464e-01
5.37045599e-02
7.34582853e-01
5.32996248e-01
8.61842691e-01
6.66340990e-01
3.49993763e-01
5.45684848e-01
1.01140447e+00
8.17117804e-02
3.22200777e-02
6.14039808e-01
5.78973799e-01
7.44399100e-01
3.33007390e-01
4.04860243e-01
2.54960816e-02
4.40880113e-01
6.20280967e-01
6.77408827e-01
6.01736724e-01
6.61043914e-01
6.35158018e-01
7.00146571e-01
9.63696482e-01
2.03818685e-02
1.49554432e+00
5.32232762e-01
3.33131807e-01
4.34919715e-01
5.08567112e-01
5.98002851e-01
4.39500344e-01
7.89332585e-01
5.29182719e-02
6.60759187e-01
5.04360769e-01
6.53411312e-01
5.02584349e-01
6.29248777e-01
4.55526902e-01
1.10160330e-01
9.09381975e-01
6.96027220e-01
4.67241685e-01
4.94033201e-01
3.75744273e-01
4.53021642e-01
4.57742676e-01
3.19718644e-01
7.50503831e-01
4.47528517e-01
7.08269370e-01
8.77698048e-02
4.37539864e-01
3.48500295e-01
5.28866175e-01
5.11914488e-01
6.47217685e-01
4.11159948e-01
6.29209617e-01
6.03756579e-01
3.06647649e-01
4.03800544e-01
5.98312041e-01
6.36777796e-01
8.99260998e-01
8.58191419e-01
7.31097533e-01
1.30036233e+00
5.04873085e-01
3.02395895e-01
6.21731464e-01
4.32521385e-01
5.81406598e-01
6.49042809e-01
2.30291103e-01
6.88080850e-01
5.95130405e-01
7.18470800e-01
7.71550424e-01
5.03128896e-01
5.66605085e-01
4.78541682e-01
5.18744406e-01
5.59492358e-01
7.44036216e-01
4.17217742e-02
5.03164714e-01
4.99107772e-01
5.08096395e-02
2.41969175e-01
4.14963187e-01
5.57520777e-01
8.86972560e-01
4.11206846e-01
6.18413192e-01
5.99712068e-01
4.98608521e-01
8.12937643e-02
3.06823512e-02
5.88291536e-01
5.36568458e-01
5.95511784e-01
5.54056393e-01
5.43302340e-01
7.25946648e-01
6.43266936e-01
5.14906922e-02
1.04957969e-01
1.40220984e+00
6.77882932e-01
1.53447061e+00
2.11717984e-01
1.51817145e+00
9.29509689e-01
6.80979694e-01
4.51486629e-01
5.76803208e-01
6.65388833e-01
4.46692576e-01
3.89597197e-01
1.32422357e+00
7.04290995e-01
7.52712395e-01
1.37634314e+00
4.66211882e-01
5.79114257e-02
3.89560331e-01
7.36322457e-01
3.32364494e-01
9.92845197e-02
7.72715914e-02
2.61331685e-02
5.71856745e-01
4.25218541e-01
5.32542890e-02
7.00667181e-01
6.05119309e-01
5.20778910e-01
5.79751608e-01
9.31693038e-02
8.72463276e-01
6.96762368e-01
8.30851084e-02
4.37736958e-01
6.51179585e-02
4.24184757e-01
4.97228047e-01
4.45970425e-01
2.60980849e-01
9.65098630e-01
5.26140681e-01
3.20041378e-01
7.67850537e-01
6.49289570e-01
6.44566503e-01
6.40887586e-01
2.90808653e-02
5.32764233e-01
1.11911050e-02
4.73742734e-02
5.81282793e-01
1.24509210e+00
5.13698529e-01
9.51127765e-01
5.97200937e-01
4.60903539e-01
4.97529234e-01
8.70323925e-01
4.35226666e-01
4.48309100e-01
2.82228942e-01
5.11479342e-01
7.13272938e-01
1.66615163e-02
2.91179037e-01
6.27380993e-01
5.37196713e-01
6.06342841e-01
7.53683930e-01
4.96165288e-01
5.93219944e-02
5.03342552e-01
4.77350596e-01
5.75652206e-01
5.02625396e-01
4.95631295e-01
4.25435602e-01
9.32235522e-02
1.51896224e-01
5.02249962e-01
6.41543819e-01
5.47719556e-01
2.78945941e-01
9.72054903e-01
4.88083054e-01
5.85722934e-01
1.40688931e-01
4.20836254e-01
9.36502963e-01
6.12191840e-01
3.17540557e-02
6.10740782e-01
6.25633781e-01
5.96737385e-01
7.70505185e-01
4.35362966e-01
4.49542475e-01
4.65438214e-01
6.80694015e-01
9.10345271e-01
7.54970823e-01
4.54737360e-01
1.11058562e+00
7.50042297e-01
5.18539158e-01
1.39526220e+00
5.67586464e-01
5.34794948e-01
5.09490018e-01
5.88894575e-01
6.50236937e-01
3.42259799e-01
5.18490379e-01
6.22671799e-01
4.63141256e-01
4.42498183e-01
6.32924892e-01
1.47170229e-01
1.14886671e+00
4.77621255e-01
6.62319014e-01
4.22845571e-01
3.72448076e-01
6.97593355e-01
3.59830302e-01
6.49005537e-01
6.17775518e-01
5.15695729e-01
8.82639133e-01
4.51903527e-01
1.38934787e+00
6.75361902e-01
4.67315865e-01
5.11389397e-01
4.62308928e-01
2.88213951e-01
2.08003225e-01
3.81561945e-02
4.32931047e-01
4.33138423e-01
5.59298879e-01
6.07790100e-01
2.16212749e-02
2.70163343e-01
4.32742099e-01
5.31645815e-01
5.77700303e-01
6.66909996e-02
1.02561933e-01
5.10173802e-01
3.01274108e-01
3.98352297e-01
5.21636977e-01
7.10602483e-01
5.26513124e-01
3.40054594e-01
4.51046411e-01
5.47960594e-01
5.18265542e-01
1.48700095e+00
3.41862820e-01
6.30379523e-01
7.28169787e-01
6.48344114e-01
4.34690144e-01
6.02321921e-01
3.21812094e-01
2.80768177e-01
7.50079081e-02
4.86578901e-01
4.45109226e-01
7.06353976e-01
3.43626240e-01
4.44161533e-01
5.26233701e-01
7.65532550e-02
1.14734367e-01
1.35118451e+00
1.18730858e+00
6.23222589e-01
6.04193284e-01
6.47779217e-01
4.03078314e-01
6.36910597e-01
1.65142224e+00
1.42779304e-01
9.90373484e-02
8.89590010e-01
4.97138346e-01
3.92800111e-01
3.73751151e-01
4.45217341e-01
4.60849259e-01
4.15800360e-01
2.26793255e-02
4.96013571e-01
2.82496962e-01
4.52379810e-01
5.43528675e-01
3.45458704e-01
6.02015326e-01
1.27674495e+00
2.26602705e-01
6.72502584e-01
9.45151377e-02
1.08619153e+00
3.61793062e-01
3.42000440e-01
4.96164650e-01
5.20620826e-01
4.45554157e-01
4.14910749e-01
6.97547918e-01
4.79794295e-01
5.39818787e-01
5.00244011e-01
4.99290638e-01
2.89986889e-01
2.81368606e-02
7.12874084e-02
4.94314091e-01
1.35705650e-01
6.10967921e-01
2.25873135e-01
3.15144602e-01
5.86032972e-01
4.93485089e-01
1.34162416e+00
6.38717199e-01
1.01444252e-01
5.07394785e-01
6.38532867e-01
7.13243165e-01
3.95490923e-02
6.96681346e-01
1.43346412e+00
4.66891762e-01
4.62734840e-01
9.42460360e-01
7.68963373e-02
5.24981657e-01
9.95259859e-02
6.64786115e-01
1.37695191e+00
4.99752305e-01
4.24141757e-01
4.13342824e-01
6.62173707e-01
3.80855608e-01
3.60880153e-01
2.86796322e-01
4.96981645e-01
3.32113955e-01
4.75977965e-01
4.68435625e-01
2.39102805e-02
7.41222860e-02
5.76113623e-01
5.73986521e-01
4.84173771e-01
3.75231490e-01
5.12029605e-01
1.75023810e-01
9.02828309e-01
5.33656404e-01
1.02481290e-01
8.11889255e-01
9.34531522e-02
7.45152721e-01
1.53151577e-01
4.42433540e-01
1.16084601e+00
4.34108753e-02
1.07494226e+00
9.95092492e-02
3.62665773e-01
5.29398084e-01
5.67668054e-01
4.48821262e-01
4.79042899e-01
5.83833937e-01
1.29888712e+00
7.00952203e-01
1.91744810e-01
5.19374301e-01
6.90495214e-01
1.02004196e-01
5.67552994e-01
1.11842667e+00
8.56185551e-01
2.55681355e-02
8.05643176e-01
2.96079788e-01
1.16124846e+00
5.73238522e-01
4.36702413e-01
7.18005732e-01
4.15755329e-01
8.89238686e-01
4.19664435e-01
6.22388780e-01
4.95954069e-01
6.25375157e-01
1.24484273e+00
1.41796770e-01
4.01510480e-01
4.48477612e-01
4.94983915e-01
9.12685701e-01
5.82655380e-01
4.51380963e-01
3.30453589e-01
1.11048875e+00
5.44324880e-01
4.32704129e-01
6.10319241e-01
2.82693652e-02
1.37700173e+00
6.09562899e-01
6.96791603e-01
4.30628534e-01
1.05202790e+00
8.59979191e-01
5.85874343e-01
5.49559584e-01
5.67030184e-01
7.87853276e-01
5.12817260e-01
3.42403116e-01
4.37580982e-01
1.14614875e+00
6.55231110e-01
5.11338715e-01
2.43680158e-02
4.48642970e-01
6.86298118e-01
4.05048644e-01
5.79342098e-01
1.07283741e+00
1.36912816e+00
6.25608564e-01
5.06560378e-01
4.46019316e-01
6.52642005e-01
1.35937678e+00
4.46812098e-01
5.88985679e-01
5.81669067e-01
4.30298475e-01
1.03510676e+00
7.34298707e-02
5.01004707e-01
3.87605690e-01
4.02612187e-01
4.56973257e-01
7.54571118e-01
6.42145239e-01
2.92284968e-01
4.46429064e-01
1.40202419e+00
7.02378689e-01
3.02404111e-01
6.50549000e-01
1.25322840e-01
2.18860580e-02
6.25857253e-01
8.22460757e-01
7.92975571e-01
3.75058747e-01
4.92909019e-01
4.86178540e-01
1.17733862e+00
6.34487197e-02
4.40937243e-01
6.85678175e-01
1.41548308e+00
3.69353938e-03
4.43363749e-01
6.19536933e-01
1.03751050e-01
4.45970033e-01
5.70825794e-01
2.86097345e-01
4.99323765e-01
6.44636759e-01
1.85235326e-01
6.14437040e-01
1.07673047e+00
6.77119454e-01
5.24052719e-01
3.62164643e-01
4.24359639e-01
5.07711227e-01
4.55463562e-01
4.52595784e-01
4.93087025e-01
7.01424706e-01
5.13140028e-01
5.61168968e-01
1.03457715e+00
6.19809984e-01
2.39595203e-01
1.88067047e-01
3.79201497e-01
5.05528394e-01
4.45531308e-01
4.60741832e-01
8.43210835e-01
8.50338784e-01
5.43475460e-01
2.15763504e-01
1.67138896e-01
4.79339400e-01
4.91767299e-01
1.29921982e+00
6.33633981e-01
4.94545652e-01
1.96607667e-01
5.01392092e-01
4.82007789e-01
5.24164580e-01
5.78073385e-01
8.64109180e-02
6.16974842e-01
7.64163770e-01
5.92615200e-01
4.99689986e-01
1.07808593e+00
5.12389722e-01
4.55493097e-02
4.46212507e-01
1.82748540e-01
5.19670096e-01
3.32330645e-01
4.92547580e-01
8.50539093e-01
6.75646296e-01
4.64889933e-01
1.36821186e+00
5.88926095e-02
6.60891378e-01
3.99925169e-01
6.98470732e-01
4.54014886e-01
5.09350401e-01
4.79723098e-01
6.91587789e-01
4.97751350e-01
7.95490079e-01
5.05716698e-01
5.07792348e-01
4.65074019e-01
4.70377812e-01
1.15886097e+00
6.14720972e-01
9.25135636e-01
4.51472849e-01
4.53097011e-01
3.44481239e-01
6.37704219e-01
4.59717811e-01
9.41459023e-01
6.04974952e-01
1.86992357e-01
9.77199211e-02
6.93059402e-01
5.12597125e-01
1.96673221e-01
7.06352221e-01
6.12802365e-01
4.47217738e-01
4.26660026e-01
1.55775790e+00
8.78474431e-01
7.26707763e-01
8.24480294e-01
6.09918981e-01
3.46550055e-02
6.59145868e-01
6.77954970e-01
5.40447667e-01
7.21674441e-01
3.96068038e-01
5.33148786e-01
7.36258489e-01
7.41470779e-01
7.25376130e-01
3.63047739e-01
6.21498797e-01
1.29820678e+00
1.08688404e-01
5.70110585e-01
4.80166632e-01
2.42403010e-02
5.30826149e-01
6.36666124e-01
4.94025847e-01
7.64378541e-01
4.40852957e-01
8.73041923e-01
9.50637126e-01
5.49154247e-01
1.09381880e+00
1.06258066e-01
3.87227605e-01
4.90108351e-01
9.86998757e-01
5.01975822e-01
5.39176373e-01
5.81636685e-01
6.19838150e-01
4.53562338e-01
3.83489543e-01
1.21361747e-01
4.39099861e-01
4.48299621e-01
5.05018165e-01
3.94194544e-01
5.04670091e-01
6.28436098e-01
7.04436039e-01
4.15362923e-01
5.10666359e-01
5.48491130e-01
6.16631645e-01
4.65841896e-01
6.89032581e-01
7.23603724e-01
3.87450040e-01
7.96660151e-01
3.24875614e-01
4.89599315e-01
6.31798017e-01
8.28308921e-01
4.56478470e-01
5.53289137e-01
5.09904141e-01
5.74140829e-01
6.21749581e-01
5.09589100e-01
6.93729197e-01
5.26600154e-01
4.47014034e-01
4.21321084e-01
1.43866497e-01
4.49024830e-01
6.44386929e-01
6.31561058e-01
7.18294761e-01
4.44893854e-01
7.57117411e-02
8.95967934e-02
4.98931842e-01
5.51000866e-01
4.88722382e-01
5.28828904e-01
4.19670953e-01
5.76946945e-01
7.11719864e-01
1.35127098e+00
6.55285484e-01
9.98801597e-01
4.03235850e-01
4.47948408e-01
3.64372130e-01
6.72739914e-01
4.04697509e-01
5.02251891e-01
1.15720320e-01
3.18007998e-01
4.46082909e-01
5.46059953e-01
6.53906860e-01
7.40317440e-01
1.07298488e+00
3.87112319e-01
5.10566584e-01
6.15182477e-02
5.06417342e-01
2.82737105e-02
3.69545763e-01
5.00184039e-01
7.84230508e-01
2.65611020e-01
5.57342275e-01
2.69162356e-01
1.31256878e-02
4.69799150e-01
4.39393074e-01
6.54101527e-01
7.89320342e-01
6.72659500e-01
4.51483122e-01
1.93667904e-01
1.88999945e-01
1.75697496e-01
9.16142424e-01
3.30551220e-01
7.03529968e-01
1.27412833e+00
1.37628887e+00
4.40816002e-01
6.09707691e-02
1.41307241e-01
1.10209415e-01
4.53395625e-01
4.49483429e-01
2.74611033e-02
5.40915020e-01
5.30500481e-01
8.29136932e-01
4.29005591e-01
4.51639767e-01
5.44052840e-01
1.71664784e-01
3.74948643e-01
7.16689695e-01
6.53167363e-01
2.19184371e-01
4.81440901e-01
6.14423332e-01
4.48867043e-01
4.38724771e-01
6.30534838e-01
6.58697612e-01
6.88059610e-01
2.84512006e-02
7.15220666e-01
5.98947793e-01
5.29754747e-01
5.84761427e-01
8.90773920e-01
1.07621657e+00
1.29059424e+00
7.70398953e-01
5.98206694e-01
6.36050795e-01
1.05826579e+00
5.82425256e-01
5.02105113e-01
8.39048415e-01
6.30008613e-01
6.66460096e-01
4.85973996e-01
6.42382485e-01
9.77511199e-01
2.52780701e-01
5.66312093e-01
8.54808199e-01
6.02583306e-01
5.05543314e-01
4.84915497e-01
5.01505960e-01
2.06697504e-01
5.83416083e-01
3.39966476e-02
3.56285391e-01
2.60038636e-02
4.60844761e-01
7.00319108e-01
4.22518566e-01
7.65758607e-01
2.54958298e-01
6.66850461e-01
3.12560407e-02
5.98768625e-01
7.73463308e-01
7.26357383e-02
6.36637767e-01
4.99863696e-01
1.19281835e-01
2.82502091e-01
4.81201934e-01
9.25018768e-02
5.35113587e-01
4.26722254e-01
4.59726315e-01
4.47092741e-01
5.05742454e-01
6.41644079e-01
1.61071175e-01
6.18663387e-01
4.51079319e-01
5.04426604e-01
4.46700447e-01
4.48502486e-01
3.60267291e-01
4.97810725e-01
7.06668051e-01
5.95666307e-01
5.51683162e-01
5.05094684e-01
7.66229485e-02
3.96427347e-01
5.30830966e-01
4.99775866e-01
4.61334626e-01
4.22277960e-01
4.49159975e-01
6.63157885e-01
7.92428479e-01
7.07661709e-01
6.55319897e-01
5.13469549e-01
3.13785554e-01
4.44271955e-01
6.64901220e-01
4.18919080e-01
7.25733540e-01
8.92532375e-01
2.54473437e-01
4.88503705e-01
1.48984850e+00
4.83583195e-01
5.26124506e-01
7.38047900e-01
4.84092895e-02
1.19112244e-01
6.55744950e-01
4.86313615e-01
1.02774094e-01
3.26323320e-01
5.04023229e-01
2.35550904e-01
3.99178033e-01
1.04145394e-01
4.14581688e-01
1.03591111e+00
4.81382585e-01
4.58102861e-01
4.32700054e-01
9.76569253e-02
1.27823159e+00
5.01172891e-01
1.30497392e-02
3.18126312e-01
4.44516460e-01
4.51824475e-01
5.86311070e-01
7.24794728e-01
6.94096149e-01
5.90802008e-01
5.25561084e-01
6.19851239e-01
8.23700788e-01
4.44296171e-01
6.07072682e-01
5.03759790e-01
6.51579146e-01
4.45274420e-01
5.96605230e-01
6.71731688e-01
4.68936695e-01
5.38707876e-01
4.00301841e-01
8.57018055e-02
8.40165444e-01
2.92712897e-01
9.06246548e-01
2.10036945e-01
4.71508873e-01
4.82454305e-01
5.72049077e-01
3.94090794e-01
5.37829736e-01
4.71618501e-01
4.96185474e-01
4.99683657e-01
6.14648936e-01
4.68276283e-01
5.41672388e-01
4.32702377e-01
9.44847051e-02
8.88595163e-02
1.09117153e-01
3.13853254e-01
6.00392552e-01
6.45267613e-01
4.74878874e-01
5.84551626e-01
1.47071410e+00
6.56786081e-01
6.01707507e-01
4.02199703e-01
4.45809042e-01
8.34337405e-01
6.26529954e-01
7.26056380e-01
1.82239599e-01
5.98011542e-01
8.65990343e-01
1.01468649e-01
1.04146876e+00
5.02848592e-01
4.29396499e-01
3.18328931e-01
7.74647053e-01
6.03195389e-01
5.21226645e-01
4.15023326e-01
4.61084631e-02
5.35361052e-02
5.90211496e-01
5.34595100e-01
8.33680181e-01
8.43993231e-01
2.45081767e-01
4.05177538e-01
6.93912189e-01
4.44828168e-01
6.82798166e-01
7.05732974e-01
3.80808402e-01
4.07884326e-01
5.84021003e-02
3.60785787e-01
4.50262310e-01
4.25454738e-01
5.34942442e-01
6.18725751e-01
1.05108686e-01
4.17543932e-01
3.36871384e-01
4.49428017e-01
6.80492923e-01
3.44755274e-02
7.19477776e-01
6.53593205e-01
9.21160216e-01
8.48188007e-01
4.01974272e-01
7.62551502e-01
5.29273728e-01
2.96102492e-01
1.24803794e+00
4.90804729e-02
5.58904106e-01
6.59777509e-01
6.05384360e-01
6.08842971e-01
2.49170056e-01
3.97408757e-01
6.68454671e-01
5.02001774e-01
1.39999595e+00
4.57601871e-01
4.52105172e-01
1.08334550e+00
2.19843723e-01
3.63931283e-01
9.91763515e-02
5.69326423e-01
4.81964721e-01
4.13672807e-01
9.32239572e-01
3.76054768e-01
5.92030649e-01
4.44085944e-01
6.59991892e-01
5.29618397e-01
7.58617552e-01
2.70992107e-01
6.72197903e-01
5.96879487e-01
3.48295894e-01
7.08619449e-01
2.10244374e-01
8.16767548e-01
9.75852282e-02
4.55310880e-01
3.99609364e-01
1.23156764e+00
7.85829030e-01
6.44972110e-01
6.59642284e-01
4.82774861e-01
4.70131838e-01
4.72877823e-01
4.93375612e-01
4.30721667e-01
3.45696179e-01
4.01901447e-01
5.82541230e-01
9.09394228e-01
6.24942681e-01
4.91429536e-01
5.54605741e-01
2.10776473e-01
4.99647333e-01
9.27246890e-02
5.78863014e-01
7.23658570e-01
1.23632314e+00
6.39440262e-01
4.95634832e-01
8.04090274e-01
4.17838904e-01
4.83045282e-01
6.22945847e-01
4.36810687e-01
3.41142447e-02
1.34228973e-01
2.89063978e-02
5.66251051e-01
5.05959331e-01
6.17194657e-01
6.58081450e-01
4.70492539e-01
5.40940876e-01
8.79676190e-01
7.03627484e-01
7.80652209e-01
4.62688374e-01
7.49303406e-02
8.00637517e-01
6.59784973e-01
9.50229348e-01
6.87946257e-01
8.40878801e-01
4.39106335e-01
5.14440449e-01
3.87418979e-01
1.67782207e-01
8.21011801e-01
2.04411883e-01
5.60517087e-01
4.90781164e-01
6.04121633e-02
3.69722049e-01
6.82550241e-01
7.04054741e-01
3.15892684e-01
6.06438749e-01
4.45911673e-01
4.97862731e-01
4.52436811e-01
2.21736555e-01
6.36802260e-01
1.04570013e-01
6.96067114e-01
3.14709813e-01
6.04527164e-01
5.94557372e-01
6.87168063e-01
6.67136249e-01
5.44098207e-01
1.01745516e+00
5.59990543e-01
4.37589667e-01
4.30329774e-01
6.66687955e-01
3.90839028e-01
6.10801074e-01
5.87984974e-01
6.90645565e-01
4.97014638e-01
1.17309230e+00
3.98625829e-01
3.63691417e-01
4.17211795e-01
6.03143219e-01
6.83219704e-01
4.41744879e-01
1.37995178e-01
1.02883299e-01
5.08084751e-01
6.90581188e-01
4.48584043e-01
1.15167278e+00
7.24094449e-01
3.44770840e-01
4.75778524e-02
5.62110542e-01
6.02127178e-01
4.96562691e-01
6.95751621e-01
2.70990592e-02
2.64898680e-01
5.22904069e-01
4.30010163e-01
6.01885316e-01
2.44819081e-01
1.14559670e+00
5.79649794e-01
1.09514731e+00
5.72972196e-01
5.71188325e-01
5.06018342e-01
2.66866111e-01
4.88613597e-01
7.87995192e-01
3.21224146e-01
6.66907173e-01
6.76088551e-01
7.24492979e-02
1.23488415e+00
3.85975259e-02
4.75543674e-01
2.24357723e-01
5.05697392e-01
7.02268898e-01
7.00070850e-01
4.93674059e-01
7.31624277e-01
4.32931231e-01
4.86129847e-01
4.46410274e-01
9.60768513e-02
5.13693371e-01
4.45854613e-01
8.43338044e-02
4.45956824e-01
6.71572982e-01
7.08244187e-01
5.05407543e-01
6.26409307e-01
5.48029592e-01
4.69249956e-01
5.42459011e-01
2.08202398e-01
4.55098523e-01
6.35114544e-01
4.99373013e-01
4.44494782e-01
9.18214030e-01
1.22282703e+00
3.52215483e-01
6.28303811e-02
6.73559287e-01
4.70432257e-01
3.98096881e-01
6.83460161e-01
6.87699131e-01
2.67739085e-01
4.10710512e-01
2.42105275e-01
6.36702962e-01
1.17145949e+00
4.42955078e-01
4.49398239e-01
1.03825190e+00
8.64987080e-01
8.81143668e-01
4.85515175e-01
1.23926414e-01
5.31508565e-02
4.81224456e-01
7.95295487e-01
8.69603154e-01
4.38025341e-01
1.21151561e+00
7.40005228e-01
6.30381667e-01
6.43610036e-01
4.94094862e-01
4.21968873e-01
3.06797778e-01
4.39750594e-01
6.31874843e-01
5.03090582e-01
5.44777812e-02
3.84978636e-01
6.78905400e-01
1.00628943e-01
1.22530002e+00
4.34266576e-01
8.70019287e-01
8.50574101e-02
2.99609566e-01
3.54741875e-02
4.59540572e-01
1.68745247e-02
1.94594316e-01
5.07662910e-01
4.15203485e-01
4.99458712e-01
1.33442406e-01
6.98433593e-01
4.90448986e-01
5.46791092e-01
4.84740506e-01
5.60954278e-01
4.83298098e-01
2.77486484e-01
7.47912831e-01
5.87117102e-01
4.46170960e-01
1.69418202e-01
8.07312902e-02
6.64123538e-01
2.76126871e-01
8.49614131e-01
2.57791190e-01
5.03496087e-01
1.18007414e+00
9.17205481e-01
4.52888204e-01
8.26303704e-01
7.59329838e-01
7.93345209e-01
5.27114872e-01
7.06140441e-01
8.11352624e-02
2.67024872e-01
5.31146732e-01
3.45120014e-01
2.88319837e-01
3.60101136e-01
4.81915264e-01
4.45307647e-01
6.47485667e-01
3.33898485e-01
5.93148992e-01
7.35023693e-01
7.35074601e-01
2.65560478e-01
4.95866715e-01
6.68361577e-01
5.86988460e-01
5.02327197e-01
9.85171141e-02
1.58049388e-02
6.39823671e-01
5.10104186e-01
4.99530486e-01
3.49936802e-01
5.91674021e-01
8.59343178e-01
4.01880977e-02
6.73509775e-01
7.84847519e-01
7.47772804e-01
4.54141925e-01
1.57767498e-02
4.17468451e-01
5.63456408e-01
6.45154863e-01
8.13188263e-01
5.87884201e-01
5.81388571e-01
8.56047481e-01
8.80409728e-01
7.44779983e-01
4.61140356e-01
1.03502352e+00
6.31967191e-01
4.88714829e-01
5.43676857e-01
7.14503102e-02
4.44943242e-01
5.44757061e-01
5.05888824e-01
5.33148648e-01
5.33790979e-01
4.99346050e-01
7.51345887e-01
7.35472562e-01
4.69585966e-01
3.57681608e-01
4.88067522e-01
6.56276767e-01
5.28653895e-01
6.37409248e-01
5.97705528e-01
5.47830305e-01
9.43488037e-01
1.05477958e+00
2.56551031e-02
5.80383429e-01
3.35911029e-01
1.35390941e+00
6.06447196e-01
6.15969834e-01
4.73036636e-02
2.99678688e-01
5.99447274e-01
4.23013716e-01
7.19424579e-01
4.99391955e-01
5.01898693e-01
4.08393950e-01
5.11256634e-01
6.09382378e-01
9.28696691e-02
3.81475044e-01
4.00846684e-01
6.43696038e-01
4.27526625e-01
4.85711440e-01
4.23290786e-01
4.49314914e-01
4.46894569e-01
4.89212801e-01
4.49350586e-01
7.46119493e-01
5.10002195e-01
1.28345960e+00
4.46126931e-01
7.23368605e-01
5.82075086e-01
6.25082385e-01
6.70960688e-01
5.39181402e-02
4.98103900e-01
3.33673570e-01
4.58122291e-01
8.40430599e-01
1.80782241e-01
5.25973884e-01
6.08014174e-01
3.50538300e-02
5.44307792e-01
4.95189733e-01
5.10370414e-01
5.69686798e-02
4.78900506e-01
2.14186401e-01
7.48246002e-01
2.14463317e-02
6.47845124e-01
6.96320507e-01
4.56247985e-02
2.36286085e-01
6.33078824e-02
2.86995358e-01
5.94413031e-01
6.13902228e-01
4.40777102e-01
4.18760670e-01
6.04912007e-01
4.45615446e-01
4.56399371e-01
7.64814617e-01
8.79990971e-01
2.12396836e-02
3.05520765e-01
1.59630655e-01
5.87427054e-01
5.20441692e-01
7.20669495e-01
8.00767698e-01
6.95751648e-02
4.47742484e-01
6.84971018e-01
5.62249889e-01
1.44145308e+00
1.01899152e+00
4.87675271e-01
4.46156921e-01
4.89366813e-01
4.11769012e-01
5.47932858e-01
8.09559309e-01
5.57832937e-01
1.30133507e+00
5.07223525e-01
3.99344038e-01
1.42054163e+00
5.70524576e-01
2.07894609e-01
6.83509545e-01
7.00982325e-01
4.46339931e-01
7.01541738e-02
7.74555355e-02
8.92452044e-01
6.01969566e-01
6.01690414e-01
4.84658372e-01
9.21654335e-01
4.03339264e-01
1.14768627e+00
4.33248361e-01
5.41405296e-01
2.85271642e-02
4.46160262e-01
4.54928792e-01
5.74802254e-02
1.27790422e+00
4.81595202e-01
4.88429800e-01
6.57863637e-01
6.76133033e-01
4.87032876e-01
4.81378506e-01
7.21297954e-02
5.56815046e-01
8.44262424e-02
2.82538907e-01
6.18222414e-01
1.73868007e-01
1.33347683e+00
6.55249528e-01
6.29730376e-01
3.86231614e-01
5.43967010e-01
4.93021750e-01
5.02832408e-01
7.55708641e-01
4.56330106e-01
4.47791982e-01
4.35868665e-01
4.82138509e-01
3.16040797e-01
6.18713352e-01
2.14908009e-01
3.40524394e-01
4.77000657e-01
6.29464006e-01
6.74400976e-01
3.10391545e-01
4.97764058e-01
6.52199963e-01
4.95602013e-01
6.54343411e-01
1.25530658e+00
7.88854682e-01
6.57597538e-01
5.78498280e-01
4.66556910e-01
3.50556098e-01
4.18091063e-01
5.27680886e-01
1.86015464e-01
7.76163781e-01
6.75856815e-01
6.75598648e-01
6.26325733e-01
1.04408142e+00
4.00765517e-01
6.51874018e-01
3.12516213e-01
7.10100879e-01
4.24347649e-01
4.73804277e-01
4.42935024e-01
5.29929599e-01
5.25103464e-01
7.75083520e-01
6.15332529e-01
5.04997463e-01
6.56378684e-01
4.24404714e-01
5.48378201e-01
2.02247341e-01
6.95787782e-01
5.16598466e-01
4.37369752e-01
3.30323189e-02
4.05107155e-01
4.45182594e-01
6.10889268e-01
4.58260030e-01
4.50296710e-01
6.04069529e-01
7.16350019e-01
5.03066326e-01
4.36856507e-01
4.86494438e-01
4.86266768e-01
2.73396334e-01
6.60378655e-01
5.02855990e-01
6.85616165e-01
3.16489944e-02
5.70433340e-01
6.11870091e-01
6.61924476e-01
5.80681444e-01
7.88492119e-01
5.24507394e-01
6.61138956e-01
5.71226085e-01
1.32028948e+00
4.44153398e-01
5.69361176e-01
6.76414356e-01
5.03747466e-01
8.02503225e-01
2.12579980e-01
4.05676827e-01
1.14146768e-01
6.40918064e-01
7.97762776e-01
6.50331080e-01
3.11052821e-01
3.28739318e-01
4.42874959e-01
4.80651494e-01
6.76576824e-01
3.99279888e-01
5.14342399e-01
5.53508894e-01
6.65804565e-02
4.25364653e-01
5.35180901e-01
6.05189095e-01
6.39964476e-01
2.39925889e-01
5.89571616e-01
4.25724361e-01
4.51867290e-01
3.11765269e-01
4.96007600e-01
5.52249132e-01
4.24322758e-01
8.77427919e-01
2.44519248e-01
6.74624828e-01
6.22612221e-01
4.08330911e-02
5.41656581e-01
6.38472964e-01
3.04575747e-01
2.20923835e-01
6.09148421e-02
3.73638292e-01
5.16309958e-01
1.62828194e-01
4.83023674e-01
6.58698718e-01
6.54466333e-01
2.07965522e-01
1.53825150e+00
4.45704409e-01
5.69565915e-01
2.06880674e-02
6.95759000e-01
5.13781095e-01
2.60986079e-01
9.26414762e-01
6.41231307e-01
1.35808718e+00
4.46760746e-01
6.62679955e-01
8.79479961e-02
1.01563955e-01
1.09931016e-01
2.01491292e-02
4.99061243e-01
8.60906249e-02
5.63020560e-01
4.13589717e-01
4.24880763e-01
3.58703594e-01
6.70454430e-01
8.47419709e-01
8.85752267e-01
5.84249374e-01
5.43909486e-01
9.64731519e-02
4.82064643e-02
4.99035619e-01
2.54120684e-02
4.39749856e-01
7.18577852e-01
5.73701601e-01
6.45390815e-01
1.17797772e+00
1.32526209e+00
5.77543105e-01
3.58774670e-02
9.44417712e-02
6.23995054e-01
6.24444436e-01
4.10716109e-01
4.72190666e-01
5.48261278e-01
8.04834599e-01
5.71959773e-01
5.51346217e-01
5.46377646e-01
4.14905245e-01
3.19638371e-02
6.71436078e-01
1.02232374e+00
3.09525577e-01
6.07652224e-01
1.23762913e+00
7.69374765e-01
6.76007205e-01
7.48874697e-01
6.14146637e-01
3.90261204e-01
5.53476455e-01
5.97567984e-01
7.27378650e-01
4.75876402e-01
4.01613928e-01
1.88892065e-01
7.84158887e-01
2.48813732e-01
2.99683234e-01
1.26444456e+00
7.21008617e-01
5.06367287e-01
5.19517752e-01
7.39958040e-02
9.94956063e-01
1.45640256e-01
5.91357350e-01
5.56345664e-01
8.82218016e-01
5.55514651e-01
6.40147810e-01
6.41732072e-01
1.63010829e+00
5.44849127e-01
4.50612136e-01
7.16449528e-02
5.00414774e-01
3.33579551e-01
7.28736223e-01
4.59243375e-01
6.26793971e-01
4.56067261e-01
8.62299585e-01
6.21578752e-01
5.70212195e-01
4.44604607e-01
4.47917088e-01
4.19841446e-01
5.24095424e-01
3.86144076e-01
9.97778917e-02
4.43414317e-01
8.21189114e-01
5.04903835e-02
6.52968882e-01
4.08544475e-02
6.41710154e-01
1.66675000e-01
3.98039133e-01
4.51191223e-01
4.80875082e-01
4.89841904e-01
6.36168230e-01
5.06270237e-01
2.26650243e-01
3.47471712e-01
4.48558020e-01
6.90780771e-01
5.17476186e-01
8.07762359e-02
9.83814708e-01
5.62485522e-01
7.16467003e-01
1.38244050e-01
8.66393661e-02
6.61722873e-01
5.37560861e-01
1.12054039e-01
2.21581069e-02
7.57566444e-01
1.01293409e+00
6.79074615e-01
3.41097584e-01
4.87435860e-01
4.47980997e-01
2.76245221e-01
4.76909455e-01
4.69722661e-01
6.59847820e-01
4.65647862e-01
4.95309707e-02
3.72356363e-01
4.87374888e-01
6.20609850e-01
1.01145996e+00
4.45304426e-01
5.00640581e-01
7.18729432e-01
5.66996458e-01
7.32899307e-01
4.77105208e-01
4.88558435e-02
5.77136372e-01
4.66773771e-01
3.36954570e-01
4.17816906e-01
9.76879860e-01
5.76220682e-01
4.32285844e-01
1.17591809e+00
6.86264908e-01
3.31945371e-01
1.29297828e+00
7.27517270e-01
4.45314536e-01
4.92117813e-01
9.85138039e-01
4.78987844e-01
7.00719316e-01
4.46999647e-01
2.82657341e-01
5.68397415e-01
1.28659950e-02
6.49800155e-01
6.33852295e-02
6.69186699e-01
4.64765519e-01
6.72396788e-01
5.07762801e-01
7.26738249e-01
4.57553516e-01
5.14354584e-01
6.49590150e-01
6.29113525e-01
4.96820585e-01
5.31366388e-01
2.62597346e-01
1.15953781e+00
6.24525374e-01
6.31680577e-01
4.56673172e-01
6.12001997e-01
4.50674676e-01
4.62242826e-01
4.86644264e-01
4.44759271e-01
2.13755627e-01
7.84323134e-01
6.46668448e-01
5.52064005e-01
4.18693391e-01
9.37760899e-01
4.38087441e-01
4.27463980e-01
7.58096422e-01
4.57842542e-01
6.27706108e-01
4.74009788e-01
5.39335449e-01
4.53165185e-01
6.18716142e-01
5.21811565e-01
6.08296265e-01
4.69786649e-01
4.82504587e-01
6.90414144e-01
7.27732821e-01
6.40495760e-01
4.13207672e-01
3.89934403e-01
6.21936350e-01
6.62262062e-01
5.65527406e-01
4.66417343e-01
6.40274045e-01
3.45137646e-01
5.29299063e-01
6.75633283e-01
5.12347784e-01
6.15917091e-01
8.01166192e-01
7.12585752e-01
3.04609153e-01
1.18633292e+00
4.59629449e-01
6.80389028e-01
4.52877706e-01
1.71029217e-01
5.29302375e-01
6.60724148e-01
6.32112757e-01
4.99303349e-01
4.56493914e-01
1.24690302e+00
2.36177842e-01
4.70948112e-01
9.94363828e-01
7.89299573e-02
6.35707538e-01
4.49718156e-01
4.71901935e-01
4.45583686e-01
5.12388697e-01
4.85774300e-01
7.66321084e-01
3.11459907e-01
4.07199700e-01
1.28305097e-02
5.00291159e-01
9.91783269e-01
6.67822625e-01
2.99277894e-01
5.02832171e-01
4.58251706e-01
5.26399184e-01
4.49285434e-01
4.11556603e-01
5.38506535e-01
1.37479282e-01
6.23049703e-01
5.03013919e-01
2.37182276e-01
7.74777611e-01
6.53151831e-01
2.93540093e-01
6.91381150e-01
4.12719659e-01
5.00265722e-01
6.90355177e-01
5.26523725e-01
1.64185374e-01
6.73310211e-01
5.85725637e-01
1.38818467e+00
4.02397219e-01
9.74175376e-01
4.78099701e-01
5.68289230e-01
2.12821996e-01
5.29393156e-01
7.80212674e-01
5.53437954e-01
6.95074806e-01
9.13455774e-01
4.34140573e-01
9.04438703e-01
4.82738066e-01
8.91329062e-01
5.81726766e-01
5.22859890e-01
9.91364005e-02
4.63328615e-01
4.78287728e-01
4.42729538e-01
4.83699219e-01
6.50560582e-01
2.88350262e-01
3.56891121e-01
5.61693469e-01
8.95408073e-01
6.67414166e-01
5.97509495e-01
6.51705733e-01
7.27006396e-01
6.52643489e-01
2.83012583e-01
3.51107182e-01
2.05763257e-01
6.26716716e-01
4.45714723e-01
3.33676451e-01
8.05577592e-01
5.89139790e-01
6.84424907e-01
7.49672679e-01
5.96210049e-01
4.87198346e-01
6.73878571e-01
1.31747616e-01
4.82595089e-01
4.01855095e-01
5.03407356e-01
7.01597488e-01
6.47823878e-01
6.05200757e-01
9.31416497e-01
6.04904385e-01
8.19488256e-01
4.09614781e-01
5.26764174e-01
6.69554839e-01
4.37177693e-01
5.09172612e-01
4.07994898e-01
5.57284789e-01
1.14356612e+00
4.29830605e-01
3.71828783e-01
4.60756741e-01
4.07766958e-02
8.03362740e-01
4.89465989e-01
4.93909637e-01
1.36261329e-01
4.75656398e-01
4.35888641e-01
3.95273683e-01
5.04988630e-01
6.83527291e-02
6.40972388e-01
4.91618057e-01
5.52313793e-01
4.92938655e-01
7.60804895e-01
2.68169742e-01
1.06586386e+00
7.07153896e-01
6.30085816e-01
8.20273332e-01
5.51932886e-01
5.85053931e-01
8.19079195e-01
1.19821770e+00
4.09893220e-01
3.06904260e-01
5.51228057e-01
7.24140532e-01
4.70559409e-01
6.94871114e-01
6.47733676e-01
1.86210362e-01
7.39114563e-01
3.59553106e-01
5.88546810e-01
8.47502655e-01
6.87262926e-01
4.15121606e-01
7.04458392e-01
7.29048891e-01
5.03718298e-01
7.04774817e-01
8.44996295e-02
4.19666646e-01
4.52583332e-01
4.49622758e-01
2.09296828e-01
4.31439427e-01
1.45852878e+00
4.46854445e-01
2.11839600e-01
5.92879748e-01
4.89895679e-01
4.98615239e-01
7.14945311e-01
5.24462453e-01
8.53166516e-01
6.55836511e-01
6.22145263e-01
4.47109979e-01
8.68781032e-01
4.50482375e-01
7.81673965e-01
6.10262018e-01
2.53760258e-01
4.30222871e-01
4.92098206e-01
3.88692617e-01
7.10685731e-01
1.00755944e+00
1.38695915e-01
4.61656937e-01
9.57285207e-01
5.59052033e-01
7.55969552e-01
8.50188851e-01
1.68313094e-01
7.05129259e-01
8.18213264e-01
3.70723476e-01
5.08502223e-01
7.42913707e-01
2.66901413e-01
4.83809760e-01
4.43570036e-01
1.20997503e-01
4.89656229e-01
4.41332419e-01
4.38239684e-01
5.34108973e-01
7.41187837e-01
5.68507634e-01
3.50585735e-01
5.48132853e-01
1.19319281e+00
6.03642146e-01
6.83636406e-01
1.14784518e+00
3.80015054e-01
5.45274529e-01
5.99911448e-01
6.70391034e-01
4.03524764e-01
6.39942326e-01
1.19563699e+00
4.47119481e-01
4.72623327e-01
5.78505403e-01
2.13659057e-01
6.37850181e-01
1.46280046e+00
6.46761193e-01
1.50291162e+00
4.41594183e-01
5.61844550e-01
8.71451298e-02
5.29611896e-01
3.43454635e-02
2.49339605e-02
5.27247879e-01
5.02767289e-01
6.22110141e-01
6.09684659e-01
4.39038055e-01
8.22334872e-01
4.42973399e-01
9.47705417e-01
4.09660969e-01
4.71774955e-01
4.31644859e-01
3.98416410e-02
5.00541023e-01
7.16035763e-02
4.45930636e-01
4.72913915e-02
5.36114192e-01
4.77856820e-01
3.98456487e-01
6.93398216e-01
1.42100758e-02
5.30683114e-01
6.79347758e-01
6.61536937e-01
1.15790054e+00
8.75192318e-02
6.13546754e-01
4.85861828e-01
7.05960916e-01
6.37607425e-01
2.39860475e-01
7.94173803e-01
9.02417640e-01
6.75487052e-01
4.36880078e-01
1.03929532e-01
1.04935221e-01
1.94807652e-02
5.91999222e-01
6.55186549e-01
6.18429393e-01
6.45646726e-01
6.96776876e-01
7.56722261e-01
8.42649917e-01
1.08699380e+00
6.76661697e-01
4.56364187e-01
1.24888748e+00
7.09381188e-01
5.44231364e-01
7.49848839e-01
5.51437630e-01
6.19315682e-01
2.84578863e-01
4.67207667e-01
5.12386445e-01
4.93902617e-01
7.54729791e-02
3.78039464e-02
4.45459513e-01
5.48607000e-01
4.48041142e-01
1.43857063e-01
1.13498463e+00
6.36924510e-01
5.26495808e-01
2.41064040e-01
3.11046937e-01
6.27806701e-01
1.33912054e-01
1.60946568e-01
5.14159178e-01
4.67351955e-01
6.02051547e-01
4.53543829e-01
6.95366104e-02
3.98073791e-01
4.16041172e-01
4.64639420e-01
2.46113393e-01
5.19233880e-01
5.85493593e-01
4.49724119e-01
6.09641858e-01
8.29645219e-01
4.99763215e-01
5.33054830e-01
2.26650725e-01
5.61059063e-01
5.71471460e-02
2.58726514e-02
6.06636329e-01
1.20480191e+00
2.36142226e-01
8.38095371e-01
6.20129367e-01
1.84846321e-01
2.19421797e-01
6.84097333e-01
4.98248016e-01
5.83018669e-01
4.83215297e-01
9.78270104e-01
6.81027627e-01
1.11498980e+00
1.57980381e+00
1.38463671e+00
6.76950194e-01
4.92732727e-01
6.07150101e-01
4.90597000e-01
8.11770760e-01
6.31434443e-01
3.92560987e-01
9.69461418e-01
1.11408010e-01
1.27497626e-01
4.15769741e-01
7.12229227e-01
2.97070353e-01
5.15853878e-01
6.99030747e-01
8.98153229e-01
1.94173305e-01
4.27672124e-02
5.03666295e-01
1.16070949e+00
2.14024951e-01
5.32044555e-01
4.62876100e-01
4.72627578e-01
6.10370663e-01
8.46234328e-01
5.75006937e-01
9.95098897e-01
4.45415720e-01
4.16354642e-01
2.69761340e-01
6.33778853e-01
1.58405538e+00
4.57982250e-01
7.81526385e-01
6.88637392e-01
8.31451016e-01
9.42467452e-01
5.10525744e-01
3.01812658e-01
1.45336298e-01
4.90817429e-01
6.14598222e-01
1.61160759e-01
1.61955104e-01
2.13528098e-01
6.49152737e-01
8.56398054e-01
6.14289083e-01
1.48604867e+00
4.44072451e-01
8.37762476e-02
2.31607260e-01
7.27289091e-01
6.80111735e-01
7.17650377e-01
5.97728949e-01
7.78020036e-01
1.14343502e+00
6.34527114e-01
1.21643625e+00
8.32571095e-01
1.17051729e+00
5.77158182e-01
5.74404629e-01
1.25627778e+00
5.72767924e-01
5.83376182e-01
5.39565783e-01
2.56751061e-01
4.86288453e-02
6.37980736e-01
6.24786931e-01
2.01064021e-01
8.60287593e-01
1.39612931e-02
6.42656300e-01
6.07221549e-01
7.34616362e-01
9.49464111e-01
4.63300542e-01
2.14509821e-01
3.34856356e-01
6.20377102e-01
2.00975718e-01
8.86632492e-01
1.41964553e+00
5.21780976e-01
4.82239354e-01
4.45823506e-01
7.17966742e-02
5.22671811e-01
7.25064406e-02
6.52824397e-01
8.80559463e-01
9.25629227e-02
4.44471342e-01
1.00432667e-01
8.73386718e-02
2.66838977e-01
6.16617605e-01
5.96129839e-01
4.63827061e-01
7.57887062e-01
7.04603362e-01
4.55404139e-01
1.57509365e-01
4.93812538e-01
4.22197912e-01
7.74824892e-01
4.06553843e-01
5.12509646e-01
4.77236031e-01
5.01673344e-01
1.83166041e-01
4.97356530e-02
5.64286378e-01
1.13665604e+00
2.12984612e-01
7.99388177e-01
8.32385949e-02
6.23745323e-01
5.59620144e-01
4.29302746e-01
5.02412414e-01
9.52702106e-02
9.62050977e-02
6.07542777e-01
5.18616315e-01
5.53264894e-01
1.41040531e+00
4.96958175e-01
7.95434696e-01
1.10557758e-01
5.18468267e-01
7.79269825e-01
2.83655488e-01
9.60091451e-02
3.98523634e-01
1.34586839e+00
1.38836483e-01
7.55520665e-01
5.10550593e-02
6.76212491e-01
1.10181326e+00
2.93014245e-01
4.66029505e-01
4.67874008e-01
5.08448262e-01
1.31401184e-01
2.50561202e-01
4.83152745e-02
7.30840337e-01
7.98546970e-01
7.15927401e-01
5.57326173e-01
4.70075033e-01
7.93098799e-01
3.34105715e-02
1.22405347e-01
5.70302159e-01
3.74496719e-01
4.56725687e-01
2.34525026e-01
8.63321151e-02
7.02717784e-01
8.44888896e-02
1.63537260e-01
3.30475521e-01
1.01851600e+00
6.25631143e-01
4.44826321e-01
5.47714433e-01
7.44882270e-01
6.05193603e-01
6.66289985e-01
4.88326218e-01
4.89747058e-01
5.94070389e-01
5.39447447e-02
5.19675385e-01
4.69713122e-01
1.11792944e+00
6.27265139e-01
6.08009361e-01
7.55107941e-01
5.03805722e-01
6.24937589e-01
6.44159042e-01
7.61213564e-01
6.89184928e-01
6.41289424e-01
4.25331251e-01
6.37013276e-01
5.60888386e-01
9.31367168e-01
7.87378052e-01
9.10381719e-01
7.15749328e-01
3.48429970e-01
7.98984715e-02
6.96375115e-01
4.55238368e-01
1.26889833e-02
3.50425741e-01
5.38731412e-01
4.55544054e-01
6.16357491e-01
1.13101967e+00
6.21809283e-01
1.13604649e+00
4.21640946e-01
4.49570295e-01
5.12348920e-01
1.05933942e+00
1.17000715e+00
1.21526569e-01
2.63213185e-02
3.38364296e-01
3.69754234e-01
7.09745821e-01
3.71614746e-01
8.65808680e-02
4.66567884e-01
6.78326634e-01
6.84097243e-01
6.09758477e-01
4.46570455e-01
7.44443890e-01
6.77834179e-01
6.82532377e-01
4.45220042e-01
1.04473070e-01
7.94499278e-01
5.53604173e-01
6.28557854e-01
7.32981703e-01
4.23377676e-01
7.88480969e-01
6.98323569e-01
1.81504173e-01
2.32780922e-01
7.89840047e-01
6.61985157e-01
5.37662813e-01
4.03496428e-01
7.86434113e-01
6.31456292e-01
5.29310440e-02
6.67189394e-01
7.17460300e-01
6.13344449e-01
4.68819425e-01
4.47843186e-01
3.50712886e-02
6.16852664e-01
5.16185147e-02
7.14854226e-01
1.58899268e-01
7.06234928e-01
4.46505324e-01
5.61160637e-01
2.43114209e-01
1.03946954e+00
4.47578347e-01
8.59091339e-01
4.39425323e-03
7.85858399e-01
4.13766131e-01
3.32940019e-01
7.50057088e-01
5.52428228e-01
2.73372275e-01
4.06915952e-01
9.46620165e-02
6.42049267e-01
5.62167782e-01
9.87491410e-01
5.93401485e-01
1.88937673e-01
8.62462775e-02
4.92012209e-01
1.17593402e+00
4.43466087e-01
4.85814653e-01
2.62821381e-01
5.97802179e-01
2.20874083e-01
4.81541228e-02
7.10144475e-01
4.05056233e-01
7.06445915e-01
4.81650039e-01
6.19286637e-01
4.46774230e-01
6.94181291e-01
4.86555182e-01
6.10378526e-01
4.31941583e-01
6.14058296e-01
1.61080199e-01
7.83124227e-01
6.18401475e-01
5.59399648e-01
1.87726770e-01
7.47709009e-01
4.31702144e-01
3.93263805e-01
1.16338310e+00
1.93649171e-01
5.03552387e-01
1.90860295e-01
7.55401833e-01
4.10560770e-01
1.03872535e+00
2.83716222e-01
6.61914989e-01
4.60185047e-01
7.36392263e-01
4.28341225e-01
4.08639078e-01
5.60560074e-01
4.47617700e-01
5.77791326e-02
5.39034581e-01
4.36179398e-01
8.62125325e-01
4.90802582e-01
7.00338167e-01
5.02592767e-01
4.67306755e-01
5.90201223e-01
4.44109069e-01
8.30699635e-01
5.60273868e-01
6.63385953e-01
8.97921009e-02
4.46802413e-01
1.96161017e-01
5.19433100e-01
7.37823909e-01
3.39023064e-01
7.70535462e-01
1.56105606e+00
1.32147225e+00
4.55037235e-01
1.40535467e-01
7.16049532e-01
4.18118607e-01
6.57912938e-01
2.40696649e-01
4.41969144e-01
5.58847893e-01
5.48598529e-01
8.95173787e-01
1.11961063e-01
1.65437824e-01
4.87168775e-01
4.44808430e-01
4.50551122e-01
1.27850650e+00
8.84108060e-01
1.14604565e+00
6.06056651e-01
5.94786668e-01
6.84450358e-02
9.43816044e-01
6.43247780e-01
2.96071544e-01
1.35643522e-01
1.67957040e-01
6.31981672e-01
6.86871268e-01
7.67926844e-01
4.79482623e-01
4.31371641e-01
9.14818990e-02
5.01169322e-01
4.76106955e-01
4.84963277e-01
4.11649333e-01
7.73102800e-01
7.95085125e-02
1.30544025e+00
3.09833015e-01
4.47241490e-01
4.77269583e-01
6.46816316e-01
5.96167082e-01
4.46011467e-01
5.99915662e-01
6.36580887e-01
5.44059616e-01
6.53402959e-01
5.88248166e-01
1.65509264e-01
4.66878746e-01
4.24123577e-01
5.26849431e-01
5.23053945e-01
1.13214174e+00
3.20534891e-01
7.01914168e-01
4.03157555e-01
5.78902379e-01
6.86905217e-01
7.32027386e-01
5.10636955e-01
4.49990549e-01
1.95752232e-01
1.13084898e-01
6.26343129e-01
2.22941565e-01
1.09110854e+00
6.47615480e-01
4.93883856e-01
2.68429137e-01
6.36309160e-01
4.52657005e-01
6.11973005e-01
5.83395030e-01
2.63387368e-01
5.98842668e-02
5.27984574e-01
3.04573032e-01
4.61200330e-01
1.18902299e+00
8.05842977e-01
3.93177067e-01
6.35357416e-01
8.53309672e-01
4.58170618e-01
5.00376912e-01
7.28993576e-01
6.61556518e-01
7.09971658e-01
4.49492666e-01
6.95358967e-01
5.07997760e-01
1.04100384e+00
1.23744541e-01
1.06268298e+00
4.02018676e-01
5.92565013e-01
6.65282928e-01
6.66345987e-01
1.67295199e-01
6.70671601e-01
5.04830868e-01
4.48193941e-01
4.34473958e-01
3.67872100e-01
8.10654936e-01
6.40556770e-01
5.13816777e-01
4.65802248e-01
5.42837698e-01
1.88661884e-02
5.16820597e-01
3.97049380e-01
6.43260386e-01
6.01583874e-01
6.93521565e-01
6.35042619e-01
1.94346436e-01
4.31267396e-02
9.20335211e-02
9.73337919e-01
4.88605357e-01
6.52322080e-01
1.57984827e-01
5.84224536e-01
5.05562012e-01
9.64680996e-01
3.93070929e-01
4.29174025e-01
4.57123330e-01
4.43533243e-01
7.38730601e-01
4.54626153e-01
6.02675725e-01
1.11219085e+00
2.35506245e-01
5.00300365e-01
6.33531325e-01
5.70425563e-01
8.88845815e-02
9.69200535e-01
5.73201484e-01
4.78442428e-01
9.55566276e-01
1.06419276e+00
5.39640248e-01
6.40109567e-01
3.40961074e-01
5.68240484e-01
5.42989869e-01
5.59664723e-01
8.67540102e-02
6.17515788e-01
1.24447661e+00
1.21073071e+00
5.84863660e-01
3.21366948e-01
6.26574587e-01
4.99056138e-01
5.72264178e-01
1.33104051e+00
1.38456282e-01
6.63718405e-01
3.73612147e-01
4.20903955e-01
8.16226561e-01
7.79468725e-01
4.50718920e-01
4.51955929e-01
5.63509039e-01
6.15383717e-01
4.65696095e-01
7.37451952e-01
6.06964764e-01
5.34819204e-01
1.37651673e+00
4.65636129e-01
1.31228601e-01
7.26550340e-01
3.16861992e-01
4.60110596e-01
4.46272102e-01
8.27879744e-02
4.63226707e-01
6.24541659e-01
4.94482216e-01
5.43265156e-01
2.07991109e-01
5.02516364e-01
4.62291706e-01
4.50431479e-01
6.45182515e-01
3.89861228e-01
1.41963882e-01
8.88928265e-01
6.62700389e-01
5.91301086e-02
5.50173193e-01
4.50713515e-01
5.06400137e-01
6.02598787e-01
4.36459911e-01
7.91989022e-01
8.55819800e-02
1.89746649e-01
3.39627742e-01
1.16972450e-01
3.16394443e-01
1.17199134e-01
1.28414919e+00
4.42914532e-01
1.06342029e-01
5.62396469e-01
3.54214013e-01
9.53390105e-01
9.14331648e-02
7.67827333e-01
5.19079170e-01
4.76921521e-01
4.17758335e-01
6.06917786e-01
7.19195111e-01
5.60352770e-01
6.62342830e-01
1.14263188e+00
5.80674372e-01
6.40841859e-01
1.29780688e+00
4.76766554e-01
3.67286222e-01
4.19576910e-01
4.92905145e-02
6.10532937e-01
7.39472819e-01
8.33872112e-01
8.11312769e-02
4.51230840e-01
6.33110326e-01
6.09236743e-01
4.73024913e-01
6.96653455e-01
5.91721467e-01
4.56144982e-01
5.29978297e-01
5.01363803e-01
4.85687011e-01
6.69169532e-01
4.61839275e-01
5.57220628e-01
4.45554980e-01
5.73222551e-01
1.16360565e+00
2.07787186e-02
1.15173884e+00
1.20865217e-02
1.00006384e-01
1.02789523e-01
6.47764661e-01
3.75090659e-01
4.41642987e-01
3.46635815e-01
6.30398202e-01
5.18258073e-01
6.15099859e-01
1.84587650e-01
1.12196885e+00
1.26973074e+00
5.75362572e-01
1.14018486e-02
4.58364056e-01
4.42895003e-01
5.05033354e-01
5.14762814e-01
4.19418704e-01
7.32058427e-01
2.63487063e-01
5.51007435e-01
4.38028209e-01
6.71533556e-01
5.14973313e-01
2.61844816e-02
5.48819182e-01
5.87580618e-01
4.66341375e-01
5.23033602e-01
7.65290129e-01
4.45303675e-01
4.94115929e-01
1.38614652e+00
4.67845943e-01
5.52886596e-01
5.40904392e-01
9.01639861e-01
6.92871989e-01
4.90686545e-01
2.80108696e-01
7.88230905e-01
4.58928611e-01
5.33412182e-01
4.46193354e-01
6.54110976e-01
2.40137656e-01
2.79442713e-01
4.41187084e-01
5.78860039e-03
5.91104614e-01
1.31192069e-01
6.74807653e-02
5.88990721e-01
7.87290570e-01
5.97164195e-02
8.53318386e-02
6.45467632e-01
8.18582478e-01
5.59652320e-01
2.44128952e-01
6.50135429e-01
1.64410523e-01
6.83378264e-01
5.16420546e-01
4.38256592e-01
4.40235875e-01
7.28695568e-01
4.35837288e-01
5.26619798e-01
4.09558061e-01
4.75281184e-01
4.81515381e-01
5.26757185e-01
6.15567768e-01
2.52393084e-01
6.36684052e-01
3.97107014e-01
3.52897235e-01
7.39906183e-01
1.06340759e-01
7.98715738e-01
1.02498231e-01
5.46126923e-01
4.59837061e-01
1.67817825e+00
4.80214282e-01
5.32149039e-01
5.54888162e-01
2.53127603e-02
2.76737465e-01
4.42668832e-01
5.04750675e-01
1.16294122e+00
4.76729759e-01
5.12966581e-03
1.91559351e-02
6.36973059e-01
8.41107548e-01
4.43206876e-01
7.67048574e-01
5.07708002e-01
5.85047682e-01
9.37794756e-01
6.46780387e-01
6.85603486e-01
4.46681710e-01
3.91962155e-01
5.73675858e-01
3.14702985e-01
1.10851765e+00
3.68294549e-01
1.20040038e+00
5.94980876e-01
1.09043252e+00
7.21435954e-01
4.43175054e-01
4.91472506e-01
4.82329039e-01
6.59567273e-01
1.00706559e+00
6.29536303e-01
7.85452475e-01
4.98525904e-01
1.34396302e+00
7.49530157e-01
5.07515445e-01
5.06764831e-01
6.64766801e-01
5.38800419e-01
4.51078080e-01
1.10426618e+00
4.67262000e-01
1.45110327e+00
5.11270695e-01
1.16811771e+00
1.39788535e+00
4.90710954e-01
6.27948790e-01
5.11901155e-01
6.50257198e-01
6.10077049e-01
4.47526268e-01
6.74431496e-01
6.10669292e-01
2.92866184e-01
4.95474813e-01
4.51738661e-01
5.07089676e-01
4.10458606e-01
2.22096251e-01
4.33179777e-01
3.72291476e-01
3.04658473e-01
5.17625282e-01
3.17407211e-01
5.15844741e-01
3.05352964e-01
5.71523045e-01
7.78258292e-01
5.54984186e-01
7.34308986e-01
5.78158130e-01
9.37531492e-01
7.13249352e-01
6.83566463e-01
6.28646560e-01
6.24986849e-01
8.87003227e-01
2.26359073e-02
4.68933775e-01
7.09611099e-01
1.73301943e-01
5.38162189e-01
7.55835564e-01
5.17061848e-01
5.78872548e-01
3.77189185e-01
2.73882582e-01
1.32083939e+00
7.00846172e-01
6.63992182e-01
5.69077636e-01
4.44131686e-01
4.48486531e-01
5.21372160e-01
5.23152872e-01
1.02992829e+00
4.52437157e-01
4.46180314e-01
6.58590350e-01
1.30233331e-01
7.63926178e-01
1.24485808e-01
8.18444211e-01
4.51909384e-01
1.11146247e+00
3.27061067e-01
1.08827706e-01
6.26911435e-01
8.42817370e-01
8.04635656e-01
4.58210822e-01
4.56030493e-01
4.57672403e-01
1.98882903e-01
8.08787156e-01
1.33956253e+00
5.69835391e-01
2.30775121e-01
5.05668141e-01
6.39223779e-01
2.43590417e-01
5.50120849e-01
1.25433004e+00
5.01571937e-01
6.58099222e-01
4.83280770e-01
4.70026266e-01
1.35332332e+00
9.53688091e-01
4.54491309e-01
6.72472835e-01
5.89639022e-01
1.12525597e-01
4.92765294e-01
1.60372595e-01
6.85109868e-01
4.39580208e-01
2.01872006e-01
3.80035310e-01
4.37904672e-01
6.67998843e-01
5.63842432e-01
5.03563260e-01
4.82834864e-01
5.40841387e-01
4.98201965e-01
6.03230066e-01
2.83773936e-01
4.91773781e-01
4.47621092e-01
5.48441773e-01
4.57642956e-01
5.38951879e-01
6.49252495e-01
5.11028603e-01
1.36312091e+00
1.14752517e-01
6.27673630e-01
3.40461669e-01
7.01755129e-01
4.81134394e-01
5.41034845e-01
8.01532407e-01
6.42023680e-01
3.44739948e-01
6.20125019e-01
5.21691915e-01
1.21068106e+00
6.14355147e-01
5.82374743e-01
7.56303080e-01
1.01377723e+00
6.97495952e-01
4.46901553e-01
5.59019366e-01
1.11121033e-01
2.59997182e-01
3.85371577e-01
7.60784269e-01
4.76641526e-01
4.53173064e-01
3.03763684e-01
6.33765293e-01
2.50131878e-01
4.75963524e-01
6.15334992e-01
4.55681258e-01
4.63858732e-01
1.14912132e-01
4.42856046e-01
4.50273211e-01
7.71849390e-01
5.96992403e-01
6.79655047e-01
5.52034666e-01
6.94521076e-01
8.10260460e-01
7.21153950e-01
1.11745019e+00
4.49102157e-01
5.13773701e-01
2.22918839e-01
1.10437535e+00
1.78264648e-02
1.46756259e-01
1.15545475e+00
7.48383001e-01
5.12757689e-01
3.77995451e-01
6.26206652e-01
2.48676026e-02
1.55171649e-01
2.07304330e-03
4.45972926e-01
7.21251338e-01
5.19075191e-01
1.47166103e-01
5.12114878e-01
6.29194677e-01
6.68464953e-01
7.09990658e-01
4.11738701e-01
6.89558545e-01
5.27161189e-01
1.88652652e-02
8.01101592e-01
1.17080555e+00
3.92120682e-01
1.04546916e+00
5.35865033e-01
5.01839390e-01
3.47658205e-01
5.89858902e-01
8.11148509e-01
6.18995571e-02
8.42126133e-01
4.56404019e-01
4.37657275e-01
4.12299903e-01
9.61861537e-01
4.69477450e-01
5.37113282e-01
6.90191664e-01
5.24806015e-01
6.07401793e-01
4.93663863e-01
4.81665865e-01
9.23071211e-01
9.51125775e-03
4.24944878e-01
4.62302202e-02
4.25339735e-01
8.99122850e-01
8.86268263e-01
5.44807273e-01
4.74228178e-01
4.39757142e-01
1.62587920e-01
4.79337553e-01
5.99886184e-01
6.67858386e-01
6.17584443e-01
4.66607633e-01
1.29297272e-01
5.19077896e-01
1.22892685e+00
4.78162820e-01
1.62150346e-01
5.77874249e-01
4.72671529e-01
2.86764991e-01
5.82584093e-01
4.87580761e-01
8.39165876e-02
5.79101711e-01
6.00121838e-01
4.54527051e-01
4.86139050e-01
7.23469182e-01
1.04139089e+00
6.65648585e-01
3.93773774e-01
6.16951985e-01
4.44748766e-01
4.41675160e-01
8.38677005e-02
8.61838195e-01
4.48564230e-01
2.83136397e-01
1.20080716e+00
1.54525114e+00
4.64251539e-01
1.10652410e+00
3.83625887e-01
9.34344102e-01
5.27301066e-01
4.48217402e-01
3.68978876e-01
4.98374120e-01
3.95963409e-01
5.79463115e-01
4.29568476e-01
4.51120113e-01
4.91888654e-01
4.47951335e-01
1.23842433e-01
1.62974769e-01
7.68745382e-01
6.90554248e-01
4.50676441e-01
6.96928087e-01
2.84227684e-01
5.35854380e-01
5.06107094e-01
4.47038685e-01
1.26104847e-01
3.02865018e-01
6.88460853e-01
5.07222122e-01
1.33991667e+00
3.95965906e-01
6.60466364e-01
6.85045401e-01
6.92213550e-01
4.19835852e-01
6.38719404e-01
6.62712054e-01
6.98527965e-01
7.24557785e-01
1.36018468e-01
3.40901439e-01
3.24494679e-01
7.11201274e-01
9.47013973e-01
1.28938666e-01
7.13833159e-01
5.43238490e-01
6.26133726e-01
4.57474893e-01
3.19013656e-01
4.39562967e-01
4.68413347e-01
6.43082470e-01
1.14446756e+00
7.95393447e-01
6.23623095e-01
1.17994359e+00
6.96786828e-01
1.15944405e+00
5.14693276e-01
4.97242827e-01
5.85678795e-01
4.18107685e-01
6.27442297e-01
3.40798165e-01
5.92416488e-01
4.59968751e-01
5.11650736e-01
7.46076198e-01
6.32603662e-01
4.67131694e-01
4.97030683e-01
7.95679393e-01
1.20700852e-01
5.08251075e-01
4.02573765e-01
6.37290275e-01
6.89077525e-01
4.45058346e-01
7.38259704e-01
4.04698739e-01
7.03993804e-01
6.25357675e-01
4.54663817e-01
4.63294558e-01
5.17297273e-01
6.90754770e-01
4.46169996e-01
2.34916528e-01
4.43025314e-01
4.61594013e-01
4.54042751e-01
1.11061220e+00
4.55316130e-01
5.87145615e-01
6.70539115e-01
5.76386143e-01
5.44038898e-01
3.35976423e-01
5.43700157e-01
5.66305436e-01
4.19384513e-01
6.36581928e-01
4.20688404e-01
4.39353262e-01
4.39802722e-01
8.36985502e-01
5.33976770e-01
5.15612859e-01
6.84795347e-01
6.84249582e-01
6.49063907e-01
7.38054295e-01
7.25447434e-01
4.73338604e-01
8.99000219e-01
6.13057233e-01
5.07703900e-01
4.92019841e-01
6.64203615e-01
5.08727222e-01
4.43584662e-01
6.29328167e-01
2.22008452e-01
7.81830111e-01
1.74573952e-01
8.66413623e-02
1.73845532e-01
1.45274043e-01
2.08247699e-01
1.55645767e+00
9.40395362e-01
4.12331704e-01
6.12465475e-01
6.49645974e-01
9.35972781e-01
5.44908197e-01
1.27219561e+00
3.08674919e-01
2.72316706e-01
7.29885818e-01
4.42202523e-01
6.88861077e-01
5.40865246e-01
6.23777354e-01
5.28095832e-01
1.90596920e-01
7.24204796e-01
4.46292624e-01
6.87989628e-01
5.84730315e-01
4.17927165e-01
4.63295161e-01
5.05557558e-01
3.65877630e-01
4.17251903e-01
5.86143820e-01
4.95485442e-01
1.33077117e+00
6.89641126e-01
5.05385020e-01
3.12623958e-02
6.28158696e-01
1.10156094e+00
1.48101541e+00
3.22363102e-01
7.88653008e-01
4.16924523e-01
4.24891558e-01
5.52853766e-01
1.05976721e+00
3.99184723e-01
1.91953467e-01
5.30630889e-01
8.87159374e-01
6.74015223e-01
3.39758066e-01
4.46785334e-01
1.02240309e+00
4.88586447e-01
7.36695366e-01
4.90657654e-01
5.93676321e-01
6.01129190e-01
7.15455630e-01
7.23940323e-01
1.12300453e+00
5.06349336e-01
1.11809371e-01
7.83334650e-01
1.41839486e+00
5.86919249e-01
4.82894862e-01
5.69775149e-01
4.88768534e-01
8.40330005e-01
1.33323465e+00
9.59536273e-02
5.33354001e-01
4.21331090e-01
1.61040489e-01
5.53577456e-01
5.43198024e-01
4.27060563e-01
8.82240792e-01
4.52128373e-01
6.38153745e-01
6.43767366e-01
1.64095970e-01
4.74566641e-01
9.19411822e-01
4.60396247e-01
8.18982042e-01
6.62384065e-01
1.44583168e+00
6.21644957e-01
6.62965022e-01
6.32924274e-01
1.98221047e-02
6.38021986e-01
8.61047265e-01
4.62390390e-01
7.73518674e-01
1.05831509e+00
7.21997225e-02
2.78207437e-02
4.24993018e-01
2.54237872e-01
2.93664512e-01
1.35708296e+00
7.96592725e-01
4.45777170e-01
5.00809858e-01
7.30355327e-01
1.76210919e-01
5.81725816e-01
4.51678277e-01
2.51131634e-02
3.00109518e-01
1.29411469e-01
6.83064587e-01
4.51028985e-01
7.21774537e-01
7.10274609e-01
4.97858506e-01
9.85382058e-02
7.86783476e-01
4.94386027e-01
5.35577029e-01
8.36719619e-02
1.06500327e-01
4.22340206e-01
5.81882547e-01
3.05265433e-01
4.16123462e-01
6.10132779e-01
1.53036224e-01
8.76559325e-01
6.70421320e-01
2.42668155e-01
6.30385058e-01
2.00669856e-01
4.50519023e-01
6.35863706e-01
6.28135131e-01
3.31442605e-01
6.01384718e-01
6.94575993e-01
5.78730717e-01
7.03594225e-01
6.04453407e-01
5.87236064e-01
8.69929108e-01
9.19710475e-01
4.20313591e-01
4.89293249e-01
7.88381143e-01
7.68962342e-01
4.35055050e-01
5.56478851e-01
2.39946781e-02
3.90644731e-02
6.08136996e-01
7.47126156e-01
3.25974945e-01
6.58375428e-01
4.66937000e-01
6.39081019e-01
4.86131592e-01
4.45407452e-01
7.12211846e-01
6.31560778e-01
4.64731483e-01
5.70037003e-01
4.44816551e-01
1.20789836e+00
1.22948572e+00
4.56543396e-01
4.51294608e-01
5.21653724e-01
1.45553571e+00
6.91953269e-01
5.04357425e-01
4.94512435e-01
5.13580778e-01
1.20367316e+00
6.52596868e-01
1.27338495e+00
5.03160215e-01
4.24510076e-01
5.05478009e-01
5.12819770e-01
4.11131451e-01
4.91504528e-01
3.94768960e-01
5.27451390e-01
6.15507355e-01
4.87340873e-01
5.27805040e-01
2.03655183e-01
5.39121857e-01
1.14229429e-01
6.03811734e-01
4.36522625e-01
6.58457352e-01
7.63157943e-01
4.05055663e-01
9.56512440e-02
3.64291971e-01
6.95136901e-01
5.10950539e-01
5.90374276e-01
7.69663258e-01
8.93042307e-01
7.42278501e-01
6.00705660e-01
5.00307429e-01
7.17804683e-01
5.88840643e-01
1.14875694e+00
2.08741963e-01
5.83047349e-01
4.90848299e-01
3.95147879e-01
4.99140938e-01
4.15030213e-01
1.56971151e+00
9.95786468e-02
7.68071366e-01
8.66418553e-01
6.22932668e-01
2.76987120e-02
4.99154342e-01
4.47595472e-01
1.45104935e+00
8.63044401e-01
6.25233206e-01
6.53035593e-01
1.84426662e-01
8.47816877e-01
2.30620206e-01
1.09813522e+00
3.03155312e-01
4.33745553e-01
5.10360793e-01
5.56550468e-01
6.69589068e-01
1.51433276e-01
8.99191616e-01
5.02602856e-01
8.02518428e-01
5.02701685e-01
1.12150267e-01
1.50254303e-01
3.73011384e-01
4.12110073e-01
6.23865584e-01
1.40830779e-01
5.02424905e-01
1.59769136e-01
1.60292848e-01
5.31546218e-01
4.34620088e-01
5.05823597e-01
5.54352239e-01
9.20976233e-01
5.91970019e-01
7.62275027e-01
8.25109156e-01
4.79332959e-01
3.87649133e-01
6.82915213e-01
9.12976285e-01
8.21161054e-01
5.96402880e-01
6.51205384e-01
6.28861749e-01
8.13909842e-01
4.87038742e-01
4.93923454e-01
3.97755683e-01
1.09393070e-01
4.88013185e-01
8.94417416e-01
4.63400727e-01
4.93326630e-01
4.67385424e-01
4.15844953e-01
7.18159188e-01
5.66721747e-01
5.39519610e-01
6.65388097e-01
3.11063649e-01
4.57877088e-01
4.88063425e-01
5.40527616e-01
5.52175140e-01
2.17050311e-01
6.64029155e-01
5.36074886e-01
5.10716676e-01
4.46892700e-01
6.30029027e-01
2.33019623e-02
4.21933224e-01
4.98132740e-01
7.58993024e-01
5.35169355e-01
5.45002219e-01
5.40323091e-01
8.20574002e-01
3.93519922e-01
6.94825120e-01
6.76748339e-01
7.31056237e-02
6.38303816e-01
4.87140385e-01
1.50050453e-01
9.67144335e-02
7.04737053e-01
5.92528064e-01
7.49635841e-01
3.47370877e-01
1.16212590e+00
8.77845914e-01
2.12145603e-01
6.56141807e-01
1.29593845e-01
5.86898950e-01
7.42219017e-01
6.66704302e-01
8.22827215e-02
8.67920355e-01
1.40429396e-01
6.81216559e-01
4.48340066e-01
6.67834797e-01
5.39284134e-01
5.56236068e-01
5.87999225e-01
6.34316820e-01
5.01374908e-01
4.20517108e-01
4.55691943e-01
6.42616381e-01
7.94508171e-01
3.14567560e-01
4.43601409e-01
7.12998390e-01
6.96886069e-01
4.27365528e-01
6.60818835e-01
8.29103192e-02
3.55401720e-01
4.94775111e-01
7.57371892e-01
7.82865654e-01
1.08409650e-01
5.61853468e-01
8.36714166e-01
5.49641953e-01
4.48125154e-01
1.18732767e+00
5.43743531e-01
1.96682397e-01
6.19187985e-01
6.14390658e-01
5.01486702e-01
6.73428932e-01
9.35952491e-01
4.50594353e-02
3.81884534e-01
7.11204383e-01
5.51871793e-01
1.27208758e-01
5.23249184e-01
4.62771299e-01
5.51460066e-01
5.68954097e-01
6.87055575e-01
7.71851747e-02
1.60335909e-01
1.53103725e-01
6.42859845e-01
7.01436612e-01
3.28651464e-01
3.67019426e-01
6.86997429e-01
5.70242167e-01
4.74144450e-01
4.74529549e-01
5.46657789e-01
9.99732880e-01
4.61824180e-01
6.03049551e-01
4.50444085e-01
8.56843083e-01
5.12087696e-01
4.41908443e-01
2.31954807e-01
1.78180752e-01
7.52194738e-01
5.35061819e-01
1.48028657e-01
4.92405556e-01
5.98453504e-01
7.64213550e-01
8.82523927e-01
5.04943878e-01
4.63710798e-01
8.35411149e-01
6.23290586e-01
5.32144152e-01
6.74903253e-01
5.01746445e-01
5.55367803e-01
6.94117859e-01
1.43046707e+00
1.39446259e+00
6.27033417e-01
7.36351124e-01
3.90346958e-01
5.99244767e-01
5.13194260e-01
8.79143118e-01
6.04396765e-01
3.07152781e-01
5.25599459e-01
4.90487187e-01
6.36603485e-01
1.32361503e+00
6.90312739e-01
4.19984054e-01
2.16619300e-02
3.21343888e-01
4.29429914e-01
1.98901823e-01
5.61955415e-01
5.06793244e-01
7.39301459e-01
7.03270875e-01
1.23948813e+00
6.10554210e-01
5.06756215e-01
4.94270542e-01
4.50757361e-01
4.41512044e-01
4.85613406e-01
5.88670628e-02
4.90590843e-01
4.80605386e-01
8.47564577e-01
6.47632375e-01
5.07280126e-01
6.84820989e-01
4.83255874e-01
6.88973857e-01
5.04403531e-01
4.88264664e-01
5.09753004e-01
5.26300737e-01
1.03223405e+00
1.49735148e+00
7.13236397e-01
6.06908007e-02
2.16161615e-01
4.16777315e-01
4.46926807e-01
1.28450277e-01
5.00790619e-01
1.52956850e-01
5.17434054e-01
6.73220769e-01
3.96493934e-01
1.52720437e+00
5.16772934e-02
5.28908494e-01
5.60324185e-02
5.38422703e-01
1.19749966e-01
4.02336367e-01
5.62384476e-01
7.12647142e-01
5.84999658e-01
5.15689239e-01
4.70531985e-01
3.91904572e-01
7.04720556e-01
6.28176334e-01
5.07482102e-01
4.41772109e-01
4.47691159e-01
7.30971052e-01
1.18682636e+00
6.38690175e-01
3.44310628e-01
4.86540544e-01
4.42318247e-01
5.80172665e-02
8.77287569e-01
4.59248367e-01
4.44981114e-01
1.06107934e+00
1.09744475e-01
2.11855883e-01
6.37547363e-01
4.46984179e-01
6.29758580e-01
4.86413654e-01
1.20105134e+00
7.99421129e-01
3.90920516e-01
7.88793751e-01
3.33892689e-01
1.79204333e-01
3.68488393e-01
1.10144757e+00
5.37721219e-01
1.46633831e+00
4.64422194e-01
4.32625450e-01
5.91295307e-01
5.58656855e-01
8.29980776e-01
4.85245171e-01
7.78875480e-01
1.26126680e+00
8.35191482e-01
4.55814418e-01
4.20432964e-01
5.10967802e-01
7.08049438e-01
5.03957351e-01
9.61714861e-02
6.81416895e-01
3.95499057e-01
6.87944749e-01
6.87217792e-02
1.07533200e+00
6.55324321e-01
3.99711558e-01
3.99054870e-01
3.83912957e-02
4.51694905e-01
5.17541699e-01
4.07959666e-01
4.42946739e-01
5.93993082e-01
1.76881990e-01
8.53037284e-02
6.32520940e-01
8.23986673e-01
5.46184464e-01
6.75790415e-01
6.05632250e-01
4.14167237e-01
6.24217392e-01
2.90562807e-01
1.79110020e-01
7.24177828e-01
3.98846131e-02
3.53124672e-01
1.19256401e-01
9.16830332e-01
2.71192288e-01
4.96742225e-01
6.68685290e-02
6.06291977e-01
6.70451137e-01
6.53883367e-01
5.04180867e-01
5.61133536e-01
6.76854817e-02
4.19091657e-01
5.93369854e-01
6.11946523e-01
4.96661286e-01
6.81091366e-01
5.76613157e-01
4.53236991e-01
5.09301070e-01
1.07240069e-01
6.96772351e-02
2.19585786e-01
1.07478140e-01
6.93902006e-01
6.36427352e-01
1.79685527e-01
4.53172982e-01
4.29145974e-01
1.47622353e-01
8.59305842e-01
3.13002580e-02
4.61898355e-01
5.90864209e-01
6.58520821e-01
1.18420355e+00
5.00227829e-01
4.90127438e-01
4.53007867e-01
5.03856165e-01
1.54865813e+00
8.12677783e-01
8.51675216e-01
8.28749571e-01
4.94997860e-01
5.16603715e-01
4.79823593e-01
1.13691094e+00
9.05074433e-01
1.56413246e-01
9.23141276e-01
5.83694543e-01
6.24722278e-01
1.06615131e+00
6.32641199e-01
4.47013142e-01
3.27486247e-01
7.12628285e-01
4.88935912e-01
7.36044189e-02
7.14778956e-01
6.45215428e-01
4.29113608e-01
4.65865217e-01
7.36809281e-01
1.51047344e+00
7.35533590e-01
3.95766271e-01
5.41861897e-01
5.28406931e-01
7.13990007e-01
7.17033942e-01
4.43392725e-02
4.41771169e-01
3.91137020e-01
1.93683609e-01
7.28696347e-01
1.22140209e-01
1.02185103e+00
3.58675808e-01
4.26139115e-01
4.49052876e-01
1.16753382e+00
8.19707238e-01
4.11890022e-01
7.16425970e-01
1.03439448e+00
6.53809659e-01
1.03194073e+00
1.53922677e+00
5.93524906e-01
7.01332094e-01
4.38145231e-01
3.86461930e-01
6.44743942e-01
9.67753414e-02
4.83537907e-01
8.82189961e-01
1.84172644e-01
2.09079205e-01
1.30365248e-01
4.29551847e-01
5.81612104e-01
6.94666706e-01
3.13205365e-01
1.05254757e+00
8.88049397e-01
1.42019261e+00
7.31225312e-01
4.19146294e-01
4.43254866e-01
7.21386515e-01
4.93977778e-01
7.48275997e-01
2.87377143e-01
7.52279790e-01
2.99574902e-01
4.22755346e-01
6.37719779e-01
4.46227345e-01
5.26404807e-01
4.34201218e-01
3.89846554e-01
9.25728811e-02
2.20184120e-01
5.04701746e-01
5.07384909e-01
3.42978361e-01
7.93903813e-01
6.74264205e-01
2.86262851e-01
8.96020552e-01
1.65958791e-01
5.94329965e-01
4.12213910e-01
6.95739338e-01
6.93274102e-01
6.25725674e-01
6.33353332e-01
1.58680681e-01
3.65685359e-01
4.38909806e-01
8.62111152e-02
4.94018058e-01
4.56248025e-01
2.89960697e-01
6.77518251e-01
4.28707401e-01
6.80829563e-01
4.46110378e-01
3.54352328e-02
6.88324891e-01
8.86843038e-01
8.15041326e-01
5.57123671e-01
5.77739612e-01
6.07152132e-01
5.70258166e-01
4.77332240e-01
6.89753673e-01
4.45619992e-01
4.83733683e-01
3.65947855e-01
1.98042882e-01
1.45578626e-01
1.75498069e-01
8.55681769e-01
5.06265073e-01
9.10661552e-02
6.84346529e-01
5.78149740e-01
4.44437389e-01
2.09693385e-01
9.24463952e-02
3.82680369e-02
4.62434826e-01
4.74434955e-01
6.55943085e-01
3.43744698e-02
4.50923291e-01
4.26287354e-01
5.09367460e-01
7.68073443e-01
4.76124905e-01
1.02442006e+00
3.81882040e-01
8.37064692e-01
7.15463013e-01
2.93745131e-01
7.46349017e-01
2.61432965e-01
4.83760453e-01
4.37951688e-01
4.69973067e-01
5.86093029e-01
7.16803300e-01
2.87007651e-01
7.20448030e-01
6.40470202e-01
5.05785431e-01
4.78351954e-01
3.48909682e-02
7.12615691e-01
2.24516110e-01
6.09941794e-01
1.73295554e-01
4.35800233e-01
7.30149681e-01
6.14570012e-01
7.30523992e-01
2.65619828e-01
1.41754239e+00
4.28740012e-02
7.57206937e-01
1.52456318e+00
7.99042739e-01
1.06058712e+00
5.24900977e-01
7.20196382e-01
8.30930695e-01
4.78986197e-01
5.50422180e-01
7.52356003e-01
6.68088071e-01
6.99694548e-01
5.45730522e-01
4.39620650e-01
4.72425288e-01
6.43453678e-01
7.31216247e-01
7.72337949e-01
5.82323623e-01
2.10174325e-01
4.47102486e-01
6.68913993e-01
5.11442624e-01
6.07325701e-01
4.84861790e-01
4.68152783e-01
6.52897678e-01
6.18475195e-01
7.80416619e-01
5.83587793e-01
4.38499497e-01
5.51182587e-01
4.87515602e-01
4.84012874e-01
4.99783886e-01
5.00017486e-01
4.71897629e-01
8.90722408e-01
8.63264685e-01
3.36388836e-02
5.09329253e-01
2.82337486e-01
3.68677883e-01
1.03111519e+00
4.74124516e-01
5.89001910e-01
5.60858613e-01
7.16512129e-01
2.72514293e-01
2.88669224e-01
4.85913705e-01
3.26546005e-02
3.16316366e-01
5.06002750e-01
6.95935088e-01
5.81263506e-01
4.65581586e-01
4.50275747e-01
5.99026659e-01
2.32068160e-01
4.68947585e-01
4.80024761e-01
6.20572691e-01
3.07971720e-02
VECTORS velocity double
5.51767176e-01 9.56697033e-02 0
5.10985169e-01 -1.62930095e-02 0
5.00910176e-01 2.32487485e-02 0
5.66149879e-01 -5.98277500e-02 0
4.53148474e-01 -3.08932521e-03 0
2.59196757e-01 -2.50870879e-01 0
8.83119311e-02 2.49045577e-02 0
4.06489049e-01 6.78852077e-02 0
4.09820322e-01 -3.54524823e-02 0
3.57144583e-01 -2.21487663e-02 0
5.76554453e-01 -5.78656005e-02 0
4.94483134e-01 -1.78512491e-01 0
6.95185874e-01 -1.34733690e-01 0
7.79432120e-01 8.24453622e-02 0
5.93773928e-01 6.42674817e-02 0
4.50071813e-01 -1.46655889e-03 0
5.05236336e-01 -4.46990861e-02 0
4.55510994e-01 8.18577744e-03 0
4.59401476e-01 6.96431016e-03 0
6.32520110e-01 8.30837197e-02 0
4.55079701e-01 -1.27791065e-01 0
5.18869518e-01 -8.19058283e-02 0
2.42233112e-01 -1.01627714e-01 0
8.68945578e-01 -2.41587586e-01 0
7.30144715e-01 -3.31366436e-01 0
3.83216349e-01 -1.41004589e-02 0
3.49200255e-01 -6.13085797e-02 0
6.13053555e-01 1.62803191e-01 0
3.37741258e-03 4.85153463e-02 0
3.39376379e-01 -1.41298668e-01 0
3.42051040e-01 -3.81114833e-02 0
4.41961697e-01 -2.56448929e-02 0
1.12502632e+00 1.99643038e-02 0
7.18673417e-01 7.83178463e-02 0
6.24554308e-01 -2.67950033e-02 0
1.05377317e+00 -4.38007224e-04 0
5.17031231e-01 -1.21467841e-02 0
-3.23937895e-02 -6.85251602e-03 0
6.36109929e-01 2.92785141e-02 0
-5.05491276e-02 -4.67621786e-03 0
4.23063633e-01 3.89619534e-02 0
6.98099568e-01 -2.89997110e-02 0
2.33564202e-01 -2.86735352e-01 0
4.14230095e-01 -3.62917928e-02 0
6.15398521e-01 4.72258754e-02 0
2.81851519e-01 3.96854280e-01 0
1.10636375e-01 2.74570084e-01 0
9.06518625e-01 1.88202972e-01 0
5.01733258e-01 4.27774347e-01 0
7.07031796e-01 -2.70448565e-01 0
4.58275614e-01 -4.73719617e-02 0
4.78645922e-01 -8.20507452e-02 0
8.19633302e-01 2.79167159e-01 0
4.77646545e-01 7.22524633e-03 0
4.19240378e-02 5.20724934e-02 0
5.05885138e-02 -1.87590668e-02 0
1.35429034e+00 -3.11315807e-01 0
2.64314846e-01 8.27159742e-02 0
4.07891486e-01 6.96092445e-02 0
4.92315171e-01 -2.84428951e-02 0
2.36787437e-01 -1.21009796e-01 0
6.83525446e-01 9.27222323e-02 0
8.41670855e-01 2.01156176e-01 0
5.64019407e-01 -2.04578347e-02 0
6.72515851e-01 7.52520519e-02 0
5.68354052e-01 7.25812554e-02 0
6.18938414e-01 1.76316021e-01 0
2.69843195e-02 -1.38801145e-01 0
3.86143040e-01 -9.57831819e-02 0
7.94958134e-01 2.85132120e-01 0
8.79039934e-03 -7.38786643e-02 0
3.60490961e-01 -1.03598044e-01 0
4.75454727e-01 -2.88286275e-02 0
2.95712317e-01 -5.30293107e-02 0
1.21209231e-01 -9.39952035e-02 0
6.59619507e-01 2.20581525e-04 0
1.28303355e+00 -9.34286263e-02 0
1.25445007e-01 2.08123379e-01 0
6.95024722e-01 -2.83364333e-01 0
6.28795590e-01 7.65802741e-02 0
4.64873134e-01 2.20582521e-01 0
5.14272731e-01 -3.85764255e-01 0
2.86472122e-01 1.28008083e-01 0
5.08080802e-01 -9.68801845e-02 0
6.11225972e-01 2.27721484e-01 0
-1.07062409e-01 1.68678315e-02 0
4.21515206e-01 1.20918867e-01 0
5.01513376e-01 5.47945800e-02 0
5.61448451e-01 3.96242631e-02 0
6.67492734e-01 2.42587451e-01 0
4.94021462e-01 8.01133863e-02 0
4.28075187e-01 3.11974904e-01 0
5.28290233e-01 -9.13783143e-02 0
4.54283872e-01 -7.54448573e-03 0
4.42221841e-01 -3.18259725e-02 0
4.91523611e-01 -1.88906497e-02 0
5.60527032e-01 7.51239173e-02 0
1.13676557e+00 -1.23493667e-01 0
3.51487563e-01 -2.14666671e-01 0
4.75474693e-01 -2.48269656e-02 0
4.86096913e-01 2.21660911e-01 0
3.27954094e-01 -2.31397235e-02 0
5.25559022e-01 -4.00344524e-01 0
1.39809635e-01 1.37810433e-01 0
5.66256229e-01 -4.24631917e-01 0
1.07719338e-01 2.05044320e-02 0
3.70093683e-01 -2.07142670e-02 0
4.68458296e-01 8.11222540e-02 0
3.29357928e-01 3.19998299e-02 0
-4.29498311e-03 -2.96597147e-02 0
4.54885749e-01 1.15336214e-02 0
3.28553316e-01 -2.10360816e-01 0
1.52144353e-01 1.39630812e-02 0
4.54709896e-01 2.58079950e-02 0
4.41270613e-01 1.33941073e-03 0
4.55176555e-01 2.39693647e-02 0
7.46713836e-01 9.30517832e-03 0
3.93003419e-01 2.19038125e-02 0
4.98831854e-01 4.72520663e-03 0
3.59228626e-01 -7.33512745e-02 0
7.83365672e-01 -1.10981572e-01 0
1.01985555e-01 9.92327844e-03 0
1.03334930e+00 2.54253423e-02 0
4.51265720e-01 -6.32268257e-04 0
7.68045525e-01 2.06737309e-02 0
6.92068178e-01 -9.80477067e-02 0
7.35042753e-01 5.28919274e-02 0
-3.79886832e-02 -1.97425579e-03 0
6.07609890e-01 1.88458615e-01 0
1.05858681e+00 5.73948444e-02 0
7.16920865e-01 1.86524458e-01 0
4.92613078e-01 7.67429746e-03 0
6.35776132e-01 -9.04532685e-02 0
1.64995878e-01 5.44690015e-02 0
4.74594720e-01 -3.45031711e-01 0
8.34109841e-01 -7.54767658e-03 0
4.90383499e-01 5.11394589e-03 0
3.50551926e-01 1.20277986e-01 0
6.72620875e-01 6.97895829e-04 0
9.57316872e-01 -2.12069531e-01 0
5.90929810e-01 6.39337459e-02 0
2.12271881e-01 -2.38982130e-02 0
7.33643401e-01 7.20688117e-02 0
3.88721073e-01 3.33777945e-02 0
4.43319047e-01 -1.04679252e-01 0
4.12913372e-01 -7.09530289e-02 0
6.15482052e-01 1.99993192e-01 0
7.42456325e-01 1.48630177e-01 0
4.36249862e-01 9.38938240e-02 0
8.58634682e-01 2.37120749e-01 0
4.93856039e-01 6.55518746e-03 0
5.34339589e-01 -4.04702570e-02 0
8.57958440e-01 2.55853123e-01 0
2.04452809e-01 6.79945147e-02 0
2.31669160e-01 3.01251780e-02 0
4.50419436e-01 2.53650191e-03 0
4.77494546e-01 -1.10361077e-02 0
4.40800588e-01 -6.34896171e-02 0
5.74498439e-01 -5.56532572e-02 0
7.82907749e-01 7.15240330e-02 0
4.62978915e-01 -3.17040917e-02 0
4.61096752e-01 -6.53684236e-02 0
9.32314461e-01 1.70433810e-01 0
4.69710505e-01 -8.19342187e-02 0
-7.18689679e-03 7.58419420e-02 0
6.92163560e-01 -9.20813783e-03 0
6.73162071e-01 -3.26267531e-03 0
4.85586340e-01 1.77106765e-01 0
4.80503802e-01 -1.23733465e-02 0
4.70949999e-01 -9.91286488e-02 0
8.98270533e-01 1.77251048e-01 0
4.42299625e-01 -1.46804538e-01 0
2.85872276e-01 -1.57948002e-01 0
7.01329166e-01 -9.60340312e-03 0
5.05843508e-01 -1.20459712e-01 0
4.87543391e-01 9.27917497e-03 0
5.26501014e-01 4.57213205e-02 0
3.89360626e-01 -1.66510865e-02 0
4.98020080e-01 2.20906920e-02 0
3.96848518e-02 5.07832414e-03 0
5.59822639e-01 -1.82421988e-02 0
4.75133045e-01 2.64814103e-01 0
5.83694189e-01 6.04185593e-02 0
1.32730183e+00 -1.97965298e-01 0
7.56385362e-01 -1.01180068e-01 0
5.02657875e-01 -7.58475897e-02 0
6.89114694e-01 -1.70409597e-02 0
4.96898137e-01 -9.59380739e-03 0
5.73730596e-01 -6.84084124e-02 0
5.76996844e-01 -1.11771014e-01 0
5.15863349e-01 -3.04593663e-02 0
5.52741863e-01 1.33402603e-02 0
1.92252180e-01 5.47264647e-02 0
1.36830315e-01 1.65437330e-02 0
3.55569408e-01 2.34523012e-01 0
3.35181213e-01 -2.78034744e-02 0
3.24458983e-01 -2.70166343e-02 0
2.04233012e-01 6.41666281e-02 0
4.95685344e-01 1.90231148e-02 0
4.45550425e-01 -1.06801414e-03 0
2.07013265e-01 5.77372319e-02 0
4.86169524e-01 -6.03253507e-04 0
5.52348805e-01 3.96117066e-01 0
1.69254575e-01 5.16796193e-02 0
1.17316390e+00 2.53402384e-02 0
6.51195146e-01 1.70743588e-02 0
6.59440213e-01 3.34153344e-01 0
4.69089937e-02 -2.44002910e-02 0
5.77163482e-01 3.15849399e-01 0
4.55766801e-01 9.23919428e-03 0
4.99767372e-01 -2.49917012e-02 0
7.97913363e-01 1.74342004e-01 0
4.88339830e-01 -3.20611499e-02 0
9.58602423e-01 -1.99261089e-01 0
1.22616081e-01 -9.22161366e-03 0
1.03307118e-01 1.61108597e-02 0
3.40129761e-01 -1.26373273e-01 0
4.85448331e-01 -1.42447955e-03 0
4.93687692e-01 -6.17973499e-03 0
2.25810234e-01 3.03366967e-01 0
2.36472882e-01 3.08052933e-01 0
4.97774567e-01 -9.37636626e-02 0
-6.44378449e-02 6.03782648e-02 0
5.70179741e-01 6.12886806e-02 0
4.42082551e-01 2.38700120e-02 0
5.00175819e-01 2.13828322e-02 0
4.78136880e-01 -9.52371297e-02 0
4.58931923e-01 -1.71348283e-01 0
5.66416346e-01 -2.93565090e-01 0
1.00101174e-01 -2.58998834e-01 0
9.50206415e-01 -1.81920898e-01 0
5.51370445e-01 -4.19733327e-01 0
6.81596711e-01 1.48918839e-01 0
5.98890315e-01 3.11883408e-02 0
6.28589811e-01 4.15896707e-02 0
6.12619173e-01 3.86373305e-02 0
9.40540292e-02 1.66349280e-03 0
3.49770948e-01 1.33447929e-01 0
7.60231616e-01 3.46410308e-02 0
4.63692573e-01 1.03543263e-02 0
5.08638481e-01 3.09777332e-02 0
1.23903996e+00 4.72468010e-02 0
4.15882072e-01 -1.60820253e-02 0
1.97276752e-01 -1.30563741e-01 0
5.12800641e-01 -2.23014989e-01 0
1.23087779e+00 -6.20992728e-03 0
6.63510210e-01 2.18004188e-03 0
1.25321610e-01 4.30479960e-02 0
7.08885685e-01 -1.04282984e-01 0
4.89540835e-01 1.43334315e-02 0
2.80207856e-01 5.31655644e-03 0
4.96395677e-01 1.99675562e-02 0
2.88344203e-01 1.20360824e-01 0
3.89300162e-01 -1.16360037e-01 0
7.15118458e-01 -1.30332201e-01 0
6.54520478e-01 -7.96826815e-02 0
6.33252261e-01 3.92979186e-02 0
5.95006175e-01 1.44848504e-02 0
7.31369896e-01 6.09356335e-02 0
4.06421709e-01 2.08135802e-02 0
4.96835838e-01 5.75585328e-03 0
8.07145336e-01 1.67428805e-01 0
-3.22067717e-02 5.13445310e-02 0
3.88759701e-01 7.82897980e-02 0
5.24156672e-01 -2.82022636e-02 0
6.90723351e-01 -4.95739770e-02 0
5.78596391e-01 -5.69601018e-02 0
9.58346069e-01 2.39060573e-01 0
6.60892097e-01 7.15998611e-03 0
1.92708431e-01 4.43688343e-02 0
2.75989414e-01 1.53411280e-02 0
6.85107566e-01 -2.73492290e-02 0
5.30479432e-01 -1.74996677e-01 0
4.62047760e-01 -2.63508187e-02 0
4.33406781e-01 -7.17582134e-02 0
6.35340536e-01 2.64820262e-02 0
6.39178594e-01 -6.39106328e-02 0
4.41149906e-01 -2.99351001e-01 0
2.19589569e-01 -2.28425270e-02 0
6.81018697e-01 -5.44811730e-02 0
5.13724242e-01 -2.83102907e-02 0
1.71778409e-01 2.43827765e-02 0
-9.47506729e-02 4.06656933e-02 0
5.35249193e-01 6.60896901e-03 0
2.82946884e-01 -2.57513992e-01 0
7.32266059e-01 -7.61494046e-02 0
4.90855912e-01 2.18862900e-02 0
3.88549857e-01 -1.10724186e-01 0
8.01090775e-01 3.22895082e-01 0
-8.34677623e-02 7.26700389e-02 0
4.36174730e-01 -1.28078227e-01 0
3.07570348e-01 8.82376072e-02 0
4.75886715e-01 -6.24618977e-02 0
6.18649231e-01 2.76403373e-02 0
-9.86087162e-02 4.21200044e-02 0
1.18208517e+00 1.33683786e-02 0
2.77341330e-01 -3.92828078e-01 0
6.48020123e-01 -9.15815731e-02 0
3.25831414e-01 6.34231100e-02 0
6.19795862e-01 4.40221528e-02 0
2.06652539e-02 8.36519987e-02 0
4.52603645e-01 2.93170626e-01 0
6.75393267e-01 3.11572149e-03 0
4.62451924e-01 1.17350533e-01 0
5.66182007e-01 -5.99445828e-02 0
7.11062114e-01 2.86016643e-02 0
5.03129570e-01 3.09194625e-02 0
5.11670986e-01 -7.85455258e-02 0
5.02534671e-01 -5.64086280e-03 0
9.62626209e-02 5.49949184e-03 0
9.35593199e-01 2.93201212e-02 0
1.07744578e+00 1.85284371e-01 0
4.50611299e-01 -6.76166709e-04 0
4.94964380e-01 1.40828203e-01 0
4.10247995e-01 3.91729999e-02 0
4.97672346e-01 -1.18492037e-02 0
1.34506205e-01 -1.27220685e-01 0
4.32423632e-01 -7.82581745e-02 0
5.01561399e-01 3.88255080e-03 0
3.71566397e-01 -7.65635842e-02 0
7.33237145e-01 1.90490631e-01 0
4.43362882e-01 6.61073390e-02 0
9.55999042e-01 2.66108098e-01 0
3.89856873e-01 -1.13401510e-01 0
3.45471907e-01 8.46389811e-02 0
5.15518090e-01 -9.97704732e-03 0
5.86148204e-01 -5.89399859e-02 0
5.11209198e-01 -1.04939573e-02 0
4.97365103e-01 -1.10302434e-02 0
4.95138560e-01 -8.17594075e-03 0
4.54586709e-01 1.03350084e-02 0
2.44800405e-01 1.49524070e-01 0
4.99480919e-01 4.39892323e-03 0
7.08003785e-02 -3.21811136e-02 0
6.48746538e-01 -6.18725071e-02 0
3.65483237e-01 -6.51442174e-02 0
3.46369246e-01 -7.14545560e-02 0
9.06050308e-01 -7.37226971e-02 0
9.55806270e-01 1.52971447e-01 0
6.65243785e-01 7.34516575e-02 0
4.13828348e-01 -1.66578313e-01 0
4.48760105e-01 1.56738152e-03 0
1.33562140e+00 -2.71245819e-01 0
5.13960827e-01 -8.78455183e-03 0
-6.20050387e-02 -4.71726446e-03 0
7.60642110e-01 8.59725428e-03 0
4.00239313e-01 2.75567435e-02 0
5.00408385e-01 -1.37175526e-02 0
2.35503903e-01 -2.98840950e-01 0
3.55299614e-01 -4.47545114e-02 0
5.19988477e-01 4.24897422e-01 0
4.63380095e-01 2.59070163e-01 0
6.69304896e-01 2.40172312e-02 0
2.05970008e-01 -2.15479338e-01 0
2.31585359e-01 -2.58910755e-01 0
6.24119575e-01 -6.31517715e-02 0
5.33426384e-01 -2.15387887e-01 0
4.19228995e-01 4.04254433e-02 0
4.65133625e-01 7.39388075e-02 0
2.98492559e-01 7.78466548e-02 0
5.61637149e-01 9.93162577e-02 0
4.42945316e-01 -2.76000146e-02 0
8.59039663e-01 2.14378498e-01 0
2.16568497e-01 -1.05746865e-01 0
4.56813323e-01 -7.47006749e-03 0
4.34558493e-01 -1.36876461e-02 0
4.37829243e-01 -1.80989383e-02 0
6.47509501e-01 1.51847288e-02 0
5.23819693e-01 7.21573202e-02 0
5.86625071e-01 1.54668582e-02 0
3.43149503e-01 1.83649894e-01 0
5.01986135e-01 3.15630321e-02 0
4.28929153e-01 -1.22965107e-02 0
-1.22841912e-02 -4.91369654e-02 0
3.06588817e-01 3.40953227e-02 0
5.21938740e-01 2.06760885e-02 0
4.49620337e-01 2.31907533e-03 0
2.26617016e-01 2.17324428e-01 0
5.76953642e-01 -6.12297499e-02 0
5.02290579e-01 2.81575024e-02 0
5.19291157e-01 1.66692941e-02 0
1.06121362e+00 2.30217404e-01 0
4.85286296e-01 -5.84951397e-03 0
-5.31288909e-02 3.44368931e-02 0
4.83607083e-01 -5.75439410e-03 0
2.96792359e-01 -2.38376093e-01 0
6.12373183e-01 2.65485360e-02 0
3.28677533e-01 -5.94728729e-02 0
6.96368406e-01 -3.48241708e-02 0
9.27221634e-01 2.77317312e-01 0
2.28171583e-02 -2.52831784e-02 0
5.97315651e-01 3.00529402e-01 0
4.93981790e-01 1.45704029e-02 0
4.15413143e-01 1.24096337e-03 0
4.57382140e-01 7.04881967e-04 0
3.78869193e-01 -2.04125979e-01 0
5.73733278e-01 -6.31789376e-02 0
1.12377544e+00 -1.13231905e-01 0
5.10561325e-01 -1.40882767e-02 0
4.21639081e-01 1.08794348e-01 0
-3.52212560e-02 -1.40058363e-03 0
4.56424326e-02 -1.24513603e-01 0
3.77430399e-01 4.19609026e-01 0
4.04287380e-02 -8.48073321e-02 0
4.80947964e-01 -8.03039599e-02 0
4.09740093e-01 1.54494754e-02 0
2.03383730e-01 -3.71243776e-03 0
4.96761263e-01 -3.16925962e-04 0
6.04988456e-01 -8.67584607e-02 0
3.93085958e-01 3.16990321e-01 0
9.31372683e-01 -1.09872970e-01 0
3.06473849e-01 4.41373979e-03 0
4.52620413e-01 -5.20630230e-02 0
4.74400538e-01 2.96174457e-03 0
4.97724639e-01 -1.23804096e-01 0
1.10612899e+00 2.59797565e-02 0
3.99448935e-01 -5.70196126e-02 0
5.99998399e-01 1.07753978e-01 0
4.75347760e-01 3.36623871e-03 0
3.50790038e-01 -5.77717618e-02 0
5.37726634e-01 2.29785822e-01 0
1.92203308e-01 7.09500157e-02 0
4.62605161e-01 6.35346513e-02 0
4.53123547e-01 -6.37753159e-03 0
4.20185044e-01 2.91500387e-01 0
2.14177485e-01 4.37911935e-02 0
6.94308029e-01 1.48830075e-01 0
4.80496093e-01 3.28445639e-02 0
5.15628518e-01 2.22860419e-02 0
4.77688990e-01 -1.11215226e-01 0
3.25454458e-01 -3.07934086e-01 0
3.70303896e-01 8.07236549e-02 0
4.95412242e-01 9.95776672e-03 0
1.08774813e+00 3.53699185e-02 0
4.85339917e-01 1.31784815e-03 0
2.87451735e-02 -2.82572862e-02 0
2.31209266e-01 -2.16762658e-01 0
4.98651110e-01 9.31159677e-02 0
4.56108653e-01 -2.93747926e-03 0
3.35736894e-01 6.24123894e-02 0
4.34191727e-01 1.34215878e-02 0
4.27010826e-01 -1.29647221e-02 0
7.52290739e-01 -3.81499008e-02 0
5.68250277e-01 5.94641770e-02 0
7.86041990e-01 1.54888974e-01 0
1.04325253e+00 -1.68910286e-01 0
3.58906484e-01 5.46588320e-02 0
3.96243228e-02 6.28141508e-03 0
4.47781166e-01 7.32213231e-02 0
6.58602090e-01 -1.63159520e-01 0
5.24722182e-01 1.11743031e-02 0
7.34922642e-01 1.28348318e-01 0
8.62729521e-02 3.52932771e-02 0
4.62396751e-01 6.06249545e-04 0
5.01575916e-01 -2.16756923e-01 0
4.57094962e-01 -5.18295864e-02 0
6.40547954e-01 1.26607859e-01 0
5.46361586e-01 2.10157305e-01 0
4.68774878e-01 6.22012075e-02 0
6.82521519e-01 -3.08632828e-02 0
7.38134342e-01 -8.50790061e-04 0
4.58098856e-01 -5.41425130e-02 0
6.88983873e-01 3.27873039e-02 0
4.56604767e-01 2.35014926e-02 0
7.18979237e-02 -8.24511028e-03 0
2.61862080e-01 -3.03090780e-01 0
4.53070881e-01 2.91619357e-03 0
7.49606737e-01 -2.84855928e-01 0
5.25565826e-01 -3.71450993e-02 0
7.36366156e-01 -2.93233180e-01 0
4.94890553e-01 1.79423827e-02 0
5.87246543e-01 -8.36750057e-02 0
6.24436022e-01 -4.65865345e-02 0
4.77384632e-01 -6.97725333e-03 0
5.74451843e-01 -1.09358075e-01 0
1.25907200e+00 4.12602221e-01 0
6.25546827e-01 3.11118179e-02 0
4.93527682e-01 -1.76895705e-03 0
4.79150034e-01 -8.25090067e-03 0
4.67868871e-01 -6.23596436e-02 0
2.78095038e-01 -2.32507304e-01 0
-5.13177271e-03 -2.86500996e-02 0
7.90695315e-01 2.59487076e-01 0
4.20735322e-01 -1.91169205e-03 0
7.27730354e-01 -3.49454061e-02 0
4.56566184e-01 6.45676576e-02 0
4.91121711e-01 -3.21649248e-01 0
4.38510671e-01 1.32790811e-01 0
3.62063365e-01 -1.43747687e-02 0
6.28926297e-01 -9.21674808e-02 0
3.72101110e-01 7.01080778e-02 0
3.26614881e-01 -2.87960465e-01 0
4.13398384e-01 1.00711385e-02 0
2.79321251e-01 -1.37330961e-01 0
5.61305458e-01 6.33554853e-02 0
4.35657145e-01 1.10013150e-02 0
4.16108612e-02 8.08986640e-03 0
3.10564154e-01 2.87723373e-02 0
-3.18137781e-02 4.58631425e-02 0
5.42429469e-01 -4.50599173e-02 0
4.53521330e-01 -3.34708699e-03 0
9.90824311e-01 3.77443441e-01 0
6.48660010e-01 1.25124434e-01 0
3.39387422e-01 5.08665295e-02 0
4.38304358e-02 6.14163146e-02 0
1.32379679e-01 -2.42688109e-01 0
3.30974712e-01 -1.39292799e-01 0
3.44397810e-01 -4.16053395e-01 0
4.45875151e-01 -3.33532405e-02 0
5.43704594e-01 5.72038996e-02 0
1.33909094e-01 -3.24188638e-02 0
4.35722863e-04 3.16746181e-02 0
4.91570607e-01 1.33138584e-01 0
5.01728176e-01 1.72802378e-01 0
3.54650714e-02 1.05585133e-02 0
4.98718479e-01 8.05957698e-02 0
4.60400801e-01 5.53169294e-03 0
3.22389757e-01 1.74003439e-01 0
4.90473027e-01 -2.59018709e-02 0
-1.46455247e-01 1.66545521e-02 0
5.94540765e-01 2.67191986e-02 0
4.53995976e-01 3.25417432e-03 0
4.45413567e-01 -7.77166250e-02 0
8.66224046e-01 1.11382122e-01 0
4.05859124e-01 1.23022530e-02 0
7.48917644e-01 3.53541228e-02 0
6.36025090e-01 6.29897036e-02 0
4.39188250e-01 -1.66108145e-01 0
8.42822327e-01 3.59406726e-01 0
5.83832763e-01 -2.86123801e-01 0
1.31690796e+00 -2.04358244e-01 0
5.88882973e-01 3.07480940e-01 0
6.40755199e-01 2.20287894e-01 0
2.44527303e-01 -1.01443917e-01 0
5.53860208e-01 -1.65917854e-01 0
5.38051758e-01 4.01075496e-01 0
4.52400773e-01 -2.15947484e-03 0
-2.01314934e-02 6.29562364e-02 0
7.55466212e-01 -1.21089121e-01 0
4.52530311e-01 -3.59001407e-03 0
7.28696819e-01 9.71343045e-02 0
4.41158636e-01 2.67342790e-02 0
6.68563013e-01 3.26483024e-01 0
7.69678045e-01 3.27108520e-01 0
5.80514736e-01 1.07437215e-01 0
1.72387942e-01 3.95984727e-02 0
6.13496915e-01 1.66214723e-01 0
-3.98405578e-02 3.55204450e-02 0
2.82389820e-01 -2.00305213e-02 0
4.08965592e-01 2.86169891e-01 0
2.51838480e-01 1.50852168e-01 0
4.30065186e-01 -1.68518880e-02 0
-6.93514272e-02 2.57657789e-02 0
6.63873729e-01 8.01045310e-02 0
3.76366494e-01 1.95868275e-01 0
4.43784522e-01 2.86373233e-01 0
7.05998611e-01 3.57880727e-02 0
4.94286462e-01 6.98262297e-03 0
6.67195110e-01 -7.81134697e-02 0
4.60272192e-01 3.29801840e-03 0
5.50257034e-01 1.37945191e-02 0
-1.61629225e-02 8.64252063e-02 0
4.96459689e-01 -5.31702842e-04 0
-2.28634461e-03 8.05094394e-02 0
4.37748827e-01 -1.36952348e-02 0
7.28571387e-01 1.20989594e-01 0
4.57377629e-01 -5.92176405e-03 0
8.47443955e-01 2.10877973e-01 0
-1.58983564e-02 7.64614716e-02 0
4.98124400e-01 -9.30277061e-03 0
4.42888171e-01 5.69817006e-03 0
3.83249954e-01 2.98095166e-01 0
6.71706262e-01 9.27599744e-03 0
5.19190718e-01 4.93154103e-02 0
6.48126044e-01 -1.14588220e-03 0
-3.08344175e-02 7.23413742e-02 0
8.07298369e-01 -3.66836905e-01 0
1.30781438e-01 -1.31352266e-01 0
5.05599806e-01 -3.04739907e-02 0
1.35493358e-01 5.04616723e-02 0
1.21355698e-01 -2.71904135e-01 0
1.98079926e-01 5.08065926e-02 0
4.32513184e-01 -3.75784237e-04 0
2.92872788e-01 2.41632435e-01 0
6.65653349e-01 -8.67816824e-02 0
6.59848818e-01 1.46604469e-03 0
4.55148987e-01 -2.09548763e-03 0
4.51812213e-01 -2.68819214e-03 0
-9.77419291e-03 1.94440797e-02 0
4.42574870e-01 1.04175839e-03 0
7.57793066e-01 -3.27447471e-01 0
-9.94374464e-02 7.75057465e-03 0
1.15226896e-01 2.05777303e-01 0
4.86389521e-01 8.95770666e-03 0
5.27434400e-01 -3.40071230e-02 0
5.52567817e-01 3.80584874e-02 0
7.12697466e-01 -4.26908574e-02 0
4.84139503e-01 3.80142605e-03 0
4.96647209e-01 -7.58587108e-03 0
5.40603782e-01 -3.65189071e-02 0
6.14099890e-01 -6.72254207e-02 0
-7.18659827e-02 5.43345758e-02 0
6.18889129e-01 -2.27239401e-02 0
5.96152914e-01 -4.27078994e-01 0
5.60243636e-01 3.12068300e-01 0
5.56512273e-01 4.22180460e-02 0
4.48690007e-01 -1.48816552e-03 0
1.01930159e+00 1.15429550e-01 0
4.67992897e-01 -3.28365455e-01 0
4.58204315e-01 2.52643782e-02 0
-3.81732587e-02 -1.75879750e-02 0
6.51732797e-01 -2.19223389e-03 0
6.48277767e-01 -6.28829615e-02 0
3.89318276e-01 8.53234756e-02 0
3.93892531e-01 1.59056341e-02 0
4.11579394e-01 -1.47741115e-01 0
-7.04715506e-02 8.65726203e-03 0
4.50941107e-01 3.72374677e-03 0
2.31877290e-01 -1.15659709e-01 0
1.20122128e+00 2.00843240e-02 0
5.85345466e-01 -2.07604089e-01 0
3.66803331e-01 4.89087339e-02 0
3.23331238e-01 1.58358994e-01 0
6.11294119e-01 -6.41852353e-02 0
2.44752940e-01 3.81780929e-02 0
5.61543699e-01 -5.67389988e-02 0
4.52129028e-01 -3.41924589e-02 0
4.82802593e-01 5.63994276e-03 0
4.46320674e-01 5.86283108e-03 0
9.92716011e-03 -6.51154930e-03 0
4.51730793e-01 -4.95994309e-03 0
4.21807485e-01 -1.95151278e-02 0
4.74429727e-01 4.35504518e-01 0
6.07132784e-01 8.25506629e-02 0
6.20387257e-01 3.12207516e-02 0
3.91412423e-01 6.01191283e-02 0
5.46570328e-01 -1.56659016e-01 0
1.48514813e-01 3.36551411e-02 0
5.81542499e-01 -6.15735707e-02 0
4.84079946e-01 8.60551591e-03 0
-6.99226120e-02 2.51289385e-02 0
-1.33147797e-03 -8.92459853e-03 0
4.56347212e-01 1.03998267e-02 0
4.51600325e-01 3.82619669e-03 0
1.11625654e+00 1.56307182e-01 0
5.54810800e-01 5.33770840e-02 0
3.69229868e-01 -2.13974406e-01 0
5.01260869e-01 3.44412351e-03 0
6.37903991e-01 -6.24660762e-02 0
4.45202754e-01 2.87189470e-03 0
2.86523502e-01 -1.49624501e-02 0
8.20304614e-01 -6.68835591e-03 0
3.43545138e-01 -1.18507726e-01 0
6.69714246e-01 -2.69430194e-02 0
6.63840431e-01 -1.30278232e-02 0
6.26034523e-01 -4.39745071e-02 0
3.46437060e-01 2.67904371e-01 0
4.99012915e-01 1.79484579e-02 0
6.34029885e-01 -9.16703226e-02 0
8.11423892e-01 -5.37284197e-02 0
8.26693638e-01 1.97552482e-01 0
4.89429072e-01 -1.69312189e-01 0
6.43523819e-01 -1.28990718e-01 0
-4.63882262e-02 3.39710615e-02 0
4.36440923e-01 -2.39419253e-02 0
6.66542096e-01 -5.14690593e-02 0
1.01637366e+00 5.21748974e-03 0
6.69862289e-01 -5.90224492e-04 0
9.29544920e-02 3.70623683e-03 0
6.10869886e-01 4.71253422e-02 0
7.47874937e-01 1.84095504e-01 0
5.28015869e-01 6.33811763e-02 0
4.74516351e-01 -1.70479590e-01 0
4.13031390e-01 -6.41794510e-02 0
2.58233286e-01 -1.92550996e-01 0
1.02753696e+00 1.89650374e-01 0
4.51382007e-01 -3.15212509e-03 0
7.09499917e-01 -3.79068210e-02 0
5.52249135e-01 7.47079373e-02 0
1.51072525e-01 4.65659477e-02 0
3.73539720e-01 2.02156190e-01 0
4.95047328e-01 -4.06731319e-03 0
4.32717533e-01 8.04710589e-02 0
6.28814264e-01 7.01917644e-02 0
4.25568257e-01 8.41524866e-02 0
4.50436639e-01 -1.60443563e-03 0
6.11278783e-01 -6.15963316e-02 0
3.87795411e-01 4.03778986e-02 0
-7.36680612e-02 6.98619758e-02 0
6.11508344e-01 3.55754696e-02 0
4.78510165e-01 -3.86237641e-03 0
3.98416238e-01 8.55135095e-02 0
1.42280310e-01 1.21270629e-01 0
5.01175738e-01 -1.16423549e-02 0
4.08234943e-01 3.17971849e-01 0
6.08732500e-01 1.05940691e-01 0
5.33402069e-01 -4.90611375e-02 0
3.69224108e-01 -5.10955475e-02 0
4.26534251e-01 -3.64471272e-02 0
3.42466763e-01 8.20740177e-02 0
5.57699135e-01 7.22577592e-02 0
1.96407220e-01 3.73132875e-02 0
1.03252208e+00 -1.57358046e-02 0
8.10168839e-01 -3.56729493e-01 0
5.47278620e-01 -3.19883870e-02 0
8.09518619e-01 3.08550990e-01 0
6.43930537e-01 -3.12890544e-02 0
6.00223213e-01 1.63949289e-01 0
5.56092034e-01 2.50138801e-02 0
4.31645983e-01 -1.69344784e-02 0
5.87883905e-01 6.00898877e-02 0
3.08012284e-01 2.40858452e-01 0
6.28462367e-01 1.53294777e-01 0
2.64115569e-01 -1.24164056e-01 0
4.53038375e-01 8.62586859e-04 0
5.20737634e-01 -9.20875866e-02 0
6.74619979e-01 2.26599916e-01 0
6.73608440e-01 2.12315678e-03 0
3.76547127e-01 6.93434346e-02 0
6.28837312e-01 3.50829796e-02 0
4.93787212e-01 -4.38049439e-01 0
1.37175758e-01 4.28707669e-02 0
1.02831482e+00 -1.39498949e-01 0
6.68671808e-01 -1.69620300e-01 0
4.56973926e-01 -1.53508787e-02 0
2.76966832e-02 -2.17214434e-02 0
6.29028215e-01 -6.25765571e-02 0
4.52913751e-01 -1.44837385e-02 0
5.64827627e-01 4.32841560e-02 0
2.95302211e-01 2.16986782e-02 0
4.58596738e-01 6.01672710e-03 0
9.66785649e-02 4.64743881e-02 0
4.50143064e-01 -1.22973177e-02 0
1.64431592e-01 3.31710862e-02 0
6.90378291e-01 -3.32674127e-01 0
2.06739526e-01 -4.32837469e-02 0
4.53263069e-01 -6.60993999e-03 0
1.05626572e+00 -2.02483885e-02 0
5.00987166e-01 2.42513376e-02 0
5.00637670e-01 -1.05700078e-02 0
9.25329798e-03 -8.16237131e-03 0
7.34010736e-01 9.35955221e-02 0
4.50295364e-01 -5.09443118e-03 0
1.14294952e+00 -2.26109455e-03 0
6.87020556e-02 4.83326749e-02 0
3.75393720e-01 -6.01638698e-02 0
-4.90469786e-03 -2.22879255e-02 0
2.57262994e-01 5.35811854e-02 0
4.02861503e-01 1.67534184e-01 0
1.97532599e-01 2.59922496e-01 0
4.50618462e-01 1.01085234e-02 0
6.58120723e-01 -8.55796986e-02 0
6.74884923e-01 -6.18368426e-05 0
3.90306006e-01 3.64789524e-02 0
6.44220128e-01 -6.35215226e-02 0
5.08779621e-01 9.09823826e-02 0
5.27454510e-01 7.73817225e-02 0
8.00683024e-01 6.14094064e-02 0
5.99736366e-01 -2.81713351e-02 0
4.44591537e-01 -7.24700140e-04 0
4.11359694e-01 1.88852748e-01 0
1.85951664e-01 5.00536723e-02 0
6.65770500e-01 -5.86275541e-02 0
-1.25111728e-01 7.35425481e-02 0
-1.24792466e-01 -6.78408972e-03 0
4.54244981e-01 -6.43220122e-03 0
6.06331580e-01 3.40054771e-02 0
5.87984981e-02 -8.72071395e-03 0
1.45491509e-02 8.95937250e-02 0
5.22277651e-01 1.42862900e-01 0
1.44060812e-01 1.21197630e-03 0
5.00260067e-01 2.02827738e-02 0
6.74228617e-01 8.92877689e-02 0
6.33959438e-01 7.10305169e-02 0
3.84966724e-01 -5.46859599e-02 0
1.17046444e+00 -1.65875465e-02 0
6.04714826e-01 2.99491517e-02 0
-6.70903728e-02 2.86592559e-02 0
4.33179310e-01 7.74742749e-02 0
4.20054706e-01 -2.76080174e-01 0
5.44410774e-01 1.01603650e-02 0
6.38725264e-01 -3.81110516e-02 0
4.46118136e-01 1.73501190e-03 0
2.68510191e-01 3.55597596e-02 0
-2.07300148e-02 9.15235188e-02 0
4.95146046e-01 -5.50055007e-03 0
5.12927121e-01 -3.57406166e-02 0
3.72096399e-01 -4.73758366e-02 0
5.28537951e-01 2.19035436e-01 0
2.39199659e-02 3.09927701e-02 0
4.56929829e-01 -1.42253364e-02 0
6.35022626e-01 -3.34714608e-02 0
-3.02925545e-02 9.71634376e-02 0
1.27446423e-01 4.11849748e-02 0
7.37828322e-01 -7.12597799e-02 0
4.86468764e-01 1.77689024e-02 0
4.38291740e-01 1.53520197e-02 0
2.33065341e-02 3.43896964e-02 0
5.48976309e-01 1.21196737e-02 0
5.10270024e-01 2.33059853e-02 0
-2.60999044e-02 4.98700102e-02 0
5.77863866e-01 -5.88403506e-02 0
5.08877590e-01 2.28993132e-02 0
-3.96262918e-02 -7.90492441e-03 0
4.43566724e-01 -7.15367139e-02 0
4.67534035e-01 4.81959194e-03 0
4.81310280e-01 1.06177526e-02 0
2.57891008e-01 4.96091571e-02 0
3.55236033e-01 6.91531506e-02 0
4.48340989e-01 9.76543900e-04 0
5.95086866e-01 1.05594823e-01 0
3.77866367e-01 -5.19855983e-02 0
9.36418708e-01 -1.90250079e-01 0
2.90113560e-01 -9.68608620e-02 0
3.54206365e-01 3.30302373e-02 0
4.77690649e-01 -8.06194492e-02 0
2.46725034e-01 5.49819318e-02 0
7.15396988e-01 -3.90966739e-02 0
1.16905104e-01 3.07888750e-02 0
1.96991332e-01 -6.65349020e-02 0
7.09065316e-01 -4.02456834e-01 0
1.32300592e+00 3.28321982e-01 0
4.99822480e-01 -1.35901700e-02 0
3.70711035e-01 1.73304341e-01 0
5.71378388e-01 8.01370508e-02 0
6.33010384e-01 4.15426450e-01 0
9.08816924e-01 -5.69989061e-02 0
1.25325365e+00 -1.20541939e-01 0
4.51448960e-01 2.71468912e-03 0
4.25634353e-01 6.78435400e-02 0
1.97460674e-01 -6.78559514e-02 0
-1.05591110e-01 9.30807278e-02 0
1.14426028e+00 2.81847237e-02 0
6.46812836e-01 2.24357411e-01 0
5.02914559e-01 -7.89943902e-03 0
5.46474812e-01 6.90245657e-02 0
6.94264979e-01 6.27302752e-02 0
4.56121049e-01 -1.61788262e-04 0
1.95082828e-01 2.63469756e-01 0
6.97396232e-01 -4.61400779e-02 0
1.12737378e+00 1.59956218e-01 0
7.40311408e-01 -3.03541877e-01 0
6.64746467e-02 -7.03310557e-03 0
5.12718017e-01 4.20975678e-02 0
4.45736006e-01 6.53584242e-02 0
6.21733229e-01 2.23944483e-02 0
-1.02451842e-02 7.78606811e-02 0
3.00578725e-01 -4.11328462e-02 0
3.79411887e-01 -1.31180621e-02 0
4.56428892e-01 -5.00510340e-03 0
1.16576264e+00 -2.48263225e-01 0
-1.57192460e-02 5.36136514e-02 0
4.76144343e-01 2.53892385e-02 0
1.07821614e+00 5.32012231e-02 0
2.60142166e-01 7.15192417e-02 0
3.64988037e-01 -3.28616975e-02 0
4.58485094e-01 -1.24359016e-01 0
1.24398938e+00 -5.41980792e-02 0
1.29428451e-01 1.48647032e-01 0
4.89491467e-01 6.84640180e-02 0
2.26778741e-01 1.93949719e-01 0
4.47772676e-01 1.28146684e-04 0
4.84879956e-01 6.85242706e-03 0
9.20561793e-01 -3.21709777e-01 0
3.38434166e-01 8.89009773e-02 0
4.52662316e-01 3.75877590e-03 0
4.33314468e-01 4.62650853e-03 0
4.36290332e-01 -2.15366868e-02 0
6.43406418e-01 -3.57189186e-02 0
1.16357476e-01 2.59082110e-02 0
5.05865370e-01 7.11265726e-03 0
1.98448512e-01 -7.20538761e-02 0
5.81267487e-01 5.84502628e-02 0
5.49667540e-01 3.90646948e-02 0
1.16793167e+00 1.06620359e-02 0
4.94265071e-01 -1.36142845e-03 0
8.02853145e-01 -9.60122053e-02 0
6.66433424e-01 -2.96945100e-02 0
5.80215443e-01 7.26260666e-02 0
3.38625269e-01 6.62506113e-02 0
1.08587651e+00 1.05550421e-01 0
6.15837443e-01 -6.25701799e-02 0
1.92606740e-01 -1.20008126e-01 0
9.45909278e-01 2.41084937e-01 0
7.07567753e-01 -3.79992854e-02 0
-9.89074925e-02 6.49874927e-02 0
4.87504255e-01 2.29032003e-02 0
6.66069469e-01 -1.07317371e-02 0
3.50808365e-01 3.87316187e-02 0
4.49221726e-01 1.31359445e-03 0
2.97430820e-01 6.18245286e-02 0
7.85227872e-01 3.93637416e-02 0
6.52754064e-01 -1.00805906e-02 0
4.33248646e-01 -2.25390680e-02 0
3.88795286e-01 1.67547283e-01 0
3.91999045e-01 -1.30662712e-01 0
1.22599498e+00 -4.52326262e-02 0
4.16763292e-01 7.34081940e-03 0
4.52423618e-01 1.01210030e-02 0
1.12576479e-01 3.32998919e-02 0
3.41298682e-01 2.18508283e-02 0
2.42956276e-02 7.51662311e-02 0
6.64588213e-01 2.69403869e-02 0
3.68634564e-01 8.86446429e-02 0
5.43742282e-01 8.94085621e-03 0
9.00729124e-01 1.42948774e-01 0
7.59799637e-01 1.85138543e-02 0
7.22606561e-01 1.47415951e-01 0
4.50705450e-01 -2.75267140e-03 0
3.66065189e-01 -1.49163740e-01 0
3.64579529e-01 6.32343097e-02 0
7.25175352e-01 -1.53832003e-03 0
3.52836784e-01 -1.25733951e-01 0
3.20179961e-01 -2.89667755e-01 0
2.28645906e-01 -1.28750783e-01 0
5.48685869e-01 2.77915467e-02 0
2.33394147e-01 5.38614167e-03 0
3.98412289e-01 -9.68520765e-02 0
3.98362323e-01 -1.18144335e-01 0
3.64596459e-01 -4.13975782e-01 0
9.75435960e-02 4.87037422e-02 0
-9.18134262e-03 4.24038717e-02 0
-1.45813668e-01 1.18131780e-02 0
6.52923366e-01 -4.80702964e-02 0
3.90755329e-01 -1.53181886e-01 0
5.04523758e-01 -1.19201145e-02 0
3.52654769e-01 -1.42953586e-02 0
7.40175630e-01 -1.21029615e-01 0
6.86896725e-01 3.76748223e-01 0
4.34109248e-01 -7.22905665e-04 0
4.62991505e-01 -1.39144039e-02 0
9.28219005e-01 3.25755976e-01 0
2.68879468e-01 -8.96610155e-02 0
4.96819822e-01 3.46945758e-03 0
5.00367294e-01 4.07201893e-02 0
6.68448094e-01 1.00650187e-01 0
5.28703134e-01 6.69920099e-02 0
4.95365430e-01 -3.04549082e-02 0
4.48177898e-01 1.33108104e-01 0
9.19910780e-01 1.58408175e-01 0
5.19975240e-01 1.26572551e-02 0
4.31414126e-01 -2.93888370e-01 0
9.14891984e-01 3.20010663e-02 0
6.87595791e-01 -6.77055900e-03 0
5.03905108e-01 -1.01978748e-02 0
4.62574531e-01 -4.74821964e-02 0
7.67674872e-01 -9.50575794e-02 0
5.96305595e-01 7.07951186e-02 0
7.98678699e-01 1.39907953e-01 0
6.49436104e-01 4.18174864e-01 0
5.27017709e-01 1.46964655e-02 0
1.78615438e-02 6.75219309e-02 0
1.40712658e-01 -2.15596264e-01 0
-1.19024932e-01 4.77679399e-02 0
-1.49309745e-02 8.24986612e-02 0
5.32388577e-01 8.11498714e-02 0
7.12742254e-01 1.78313420e-01 0
1.60076122e-01 5.06210904e-02 0
4.49524058e-01 -1.56345481e-03 0
4.50726834e-01 6.97573535e-04 0
5.56727361e-01 8.01757849e-02 0
6.71442207e-01 1.79934922e-02 0
4.57428433e-01 -1.15596815e-03 0
6.52995483e-01 1.21349466e-01 0
3.74320191e-01 -2.93036353e-01 0
4.25241870e-01 7.88569708e-02 0
5.05425003e-01 -3.31540052e-01 0
1.18593229e+00 8.03595650e-02 0
4.41506436e-01 -3.41156933e-02 0
7.18924404e-01 4.90937616e-02 0
6.78187581e-01 8.55142775e-02 0
-1.37557080e-01 4.22681476e-02 0
-2.09136682e-02 9.62306887e-02 0
4.53310119e-01 -1.28773468e-02 0
6.70604764e-01 -3.29558087e-01 0
3.77266946e-02 -3.76067294e-02 0
7.48557655e-02 -1.41910635e-03 0
7.32420555e-01 -3.09487965e-02 0
4.00430079e-01 7.95339664e-02 0
7.18288270e-01 -2.76990501e-02 0
6.58066669e-01 -3.21027871e-03 0
5.04761023e-01 7.88672992e-03 0
8.60066295e-01 -2.47400617e-01 0
1.90283943e-01 -1.66681915e-01 0
1.11412372e+00 1.50632546e-01 0
7.03600093e-01 6.07572249e-02 0
5.86786913e-01 -1.22738030e-01 0
4.15299629e-01 -4.30760995e-01 0
7.38760684e-01 2.46476309e-01 0
6.58523146e-01 9.34010166e-03 0
4.54088001e-01 -1.21579646e-01 0
8.43248495e-01 3.75874774e-01 0
7.09985260e-01 -3.24971899e-01 0
5.38948909e-01 -1.50076304e-01 0
4.51332437e-01 3.68380712e-03 0
4.44068561e-01 4.38314857e-03 0
5.58742481e-01 4.62979107e-02 0
4.56924996e-01 5.84630468e-03 0
1.02854961e+00 1.26621588e-01 0
8.31491868e-01 -4.78145732e-02 0
3.44298765e-01 3.56833589e-02 0
4.54163468e-01 -4.50334601e-02 0
2.62784085e-01 1.14494222e-02 0
2.29296141e-01 -1.76505392e-01 0
6.24317985e-01 -1.66268710e-03 0
6.21844622e-01 2.08588259e-01 0
1.00987578e+00 -1.68998312e-01 0
1.08826376e+00 -2.55377832e-02 0
6.53598744e-01 1.05696308e-02 0
6.70735454e-02 4.59983735e-03 0
3.77634052e-01 -3.80984722e-02 0
5.78187892e-01 7.92730916e-02 0
9.33310297e-01 -2.83144076e-01 0
4.66253087e-01 1.51724469e-01 0
2.90364536e-01 -5.73064964e-02 0
4.53147552e-01 -1.64543400e-01 0
5.93534385e-01 -3.23462061e-02 0
5.38951235e-01 -3.82822315e-02 0
5.26163330e-01 -5.21550658e-02 0
1.14946353e-01 2.65210199e-02 0
4.91140103e-01 2.97155142e-02 0
2.47494875e-01 -4.51799504e-02 0
5.94071409e-02 4.55491140e-02 0
3.64724517e-01 -2.66567767e-01 0
9.02185024e-01 2.11721489e-01 0
7.71609698e-01 1.89954268e-01 0
3.36963056e-01 -9.82219932e-02 0
4.55989497e-01 -6.67446925e-05 0
3.52232926e-01 2.21708193e-01 0
5.13963063e-01 1.93934609e-02 0
5.14318400e-01 1.30174369e-01 0
8.40918962e-02 7.12421885e-02 0
6.74361520e-01 -4.04183438e-02 0
4.49420035e-01 -1.12198829e-03 0
4.62057118e-01 1.54219517e-01 0
7.01449954e-01 -2.93475979e-02 0
5.08809478e-01 2.89219972e-02 0
4.91486098e-01 -4.67433784e-03 0
4.90718364e-01 -4.92061141e-03 0
4.95600469e-01 1.27981176e-01 0
5.79996612e-01 4.38394645e-01 0
4.67887468e-01 9.47907937e-02 0
7.01483260e-02 -5.52098204e-03 0
4.82974977e-01 1.83844575e-02 0
4.46996993e-01 -1.97285023e-04 0
5.89548278e-01 -3.74765129e-01 0
8.33869345e-01 1.82245953e-02 0
4.25213665e-01 5.63367718e-02 0
5.45614956e-01 -3.18569264e-01 0
5.74295373e-01 -2.01899932e-01 0
4.51747732e-01 -1.27211029e-02 0
-1.04681849e-03 2.33516054e-02 0
2.53345604e-01 -1.95758518e-01 0
3.87431126e-01 4.30962995e-01 0
8.23010625e-01 -2.14148202e-01 0
4.94843038e-01 -3.76037140e-03 0
8.16608524e-01 1.98426210e-01 0
7.40024361e-01 2.08721851e-01 0
1.84136569e-01 -3.86165758e-02 0
6.49882916e-01 -2.24858977e-02 0
6.37193988e-01 -6.33277884e-02 0
-1.13269749e-01 7.51306210e-02 0
5.20928428e-01 1.61166451e-02 0
6.68939873e-01 2.46656280e-02 0
3.47886214e-01 -2.90235318e-01 0
5.14221898e-01 6.92174974e-03 0
9.11634739e-03 -5.12791451e-04 0
6.50549385e-01 8.74375610e-02 0
2.20801171e-02 2.12235746e-02 0
5.12716495e-01 -2.41061039e-02 0
5.98361112e-01 6.74031325e-02 0
5.96305731e-01 -1.06588829e-01 0
6.71782652e-01 -7.66169275e-03 0
7.88025547e-01 5.71134442e-02 0
4.93199708e-01 3.55447546e-01 0
5.71490802e-01 1.43490069e-01 0
5.53140055e-01 4.91356056e-02 0
6.10477494e-01 -6.38227580e-02 0
5.07303595e-01 6.09573263e-02 0
-7.88480134e-02 1.72167465e-02 0
6.58378835e-01 -2.27641129e-02 0
4.13435200e-01 9.22359094e-03 0
4.53219039e-01 7.33905615e-02 0
6.15332616e-01 -4.28889484e-01 0
4.38075840e-01 1.91749696e-01 0
4.92271000e-01 -1.55942577e-01 0
1.01185829e+00 1.37683565e-01 0
3.31393920e-01 -3.19297186e-02 0
2.95632161e-01 -2.09637010e-01 0
4.65109897e-01 -2.96495344e-01 0
4.51334888e-01 4.71399322e-03 0
3.99203184e-01 -2.67124854e-01 0
3.84698910e-01 -3.58229130e-03 0
4.59240906e-01 -1.23496685e-02 0
-1.18925459e-01 5.17057816e-02 0
5.63943471e-01 -2.85049487e-02 0
3.70537744e-01 1.97289783e-01 0
5.48512158e-02 2.98610591e-03 0
6.80844477e-01 -1.04934639e-01 0
6.30842372e-01 -6.35650027e-02 0
-6.99345109e-04 3.20965618e-02 0
8.50696371e-01 1.06037565e-01 0
4.68332962e-01 3.81834176e-01 0
3.46191413e-01 2.73218381e-01 0
8.74930739e-01 1.52239387e-01 0
3.04333925e-01 6.15839557e-02 0
4.58895054e-01 -1.18771725e-02 0
6.00634333e-01 -8.49275365e-02 0
1.00917847e-02 6.83525046e-02 0
1.78284832e-01 1.39493044e-02 0
5.10375204e-01 -1.20114821e-01 0
4.93468462e-01 9.91021609e-03 0
4.48985684e-01 1.10503056e-03 0
4.49378131e-01 -1.16901915e-03 0
6.43549581e-01 6.80754538e-02 0
7.23226213e-01 -1.75463085e-02 0
6.36157838e-01 -6.24387143e-02 0
3.89557290e-01 -1.42737496e-01 0
7.20912912e-02 7.47476473e-02 0
3.86011044e-01 8.22848690e-02 0
8.84951598e-02 3.23032199e-02 0
5.88474694e-01 2.89554196e-01 0
4.37582925e-01 8.28704715e-03 0
1.34556424e-02 -1.60999913e-02 0
4.41815534e-01 -2.16532697e-02 0
6.60506058e-01 2.11561227e-02 0
3.19111203e-01 -2.52082723e-01 0
1.16778901e+00 -1.18181801e-01 0
9.43209016e-01 1.38709355e-01 0
6.52696920e-01 -4.99247486e-02 0
6.33773135e-01 8.00298107e-02 0
6.45732704e-01 1.51452838e-01 0
5.16439377e-01 5.00789563e-03 0
6.34375450e-01 8.86637235e-02 0
4.72288592e-01 2.67557446e-02 0
5.02407185e-01 3.84446892e-02 0
-5.07466498e-03 -2.83593904e-02 0
6.37202262e-01 7.48781217e-02 0
3.45804829e-01 -4.72962413e-02 0
1.26783900e+00 -1.68543879e-01 0
1.27143820e+00 -1.75559109e-01 0
6.20857719e-01 -1.30578419e-01 0
4.58114693e-01 4.39808567e-01 0
1.16643775e-01 -1.65583650e-01 0
7.99086600e-01 3.77207093e-01 0
1.01547744e-01 1.51150831e-02 0
6.65014767e-03 1.11100672e-02 0
4.24643297e-01 5.38042169e-02 0
6.48764108e-01 7.16961449e-02 0
-1.23178705e-02 2.30521534e-04 0
4.26491428e-01 -2.23023980e-02 0
5.06883464e-01 -6.91196945e-03 0
5.31589289e-01 1.09722327e-02 0
7.00287948e-01 -4.14732095e-01 0
5.20977523e-01 3.93758317e-02 0
-9.44807635e-02 6.47596262e-02 0
4.88251701e-01 -2.71601149e-02 0
7.79417740e-01 -1.43881178e-01 0
4.85615690e-01 1.45436924e-02 0
5.22773023e-01 7.01832503e-02 0
3.86515864e-01 -6.35596868e-04 0
3.08980460e-01 -2.86232889e-02 0
3.89032562e-01 -9.56064198e-02 0
1.17099498e+00 1.60270071e-02 0
6.68802194e-01 -3.88790700e-02 0
4.03264398e-01 1.93618698e-03 0
7.83353821e-02 5.13780399e-02 0
5.02615565e-01 2.96581026e-03 0
6.92317050e-01 -3.98591039e-01 0
4.53318565e-01 -2.47149516e-01 0
1.00611768e+00 2.27588298e-01 0
2.93876072e-01 2.27583996e-01 0
3.82418161e-01 4.86033412e-02 0
5.14046631e-01 -2.29479524e-02 0
9.27575765e-01 2.91659601e-01 0
-9.12772855e-02 5.51153100e-02 0
4.69872546e-01 1.65116428e-03 0
-7.86712704e-02 4.38628304e-02 0
2.69861977e-01 -1.10957636e-01 0
6.78714129e-01 9.91334610e-02 0
8.84478711e-02 3.87353681e-02 0
-3.51757277e-02 7.22381440e-02 0
6.22301188e-01 -7.49587164e-02 0
6.68603820e-01 5.09661392e-03 0
1.09206671e+00 -1.26141601e-01 0
6.86200911e-01 -6.23905076e-02 0
4.98620566e-01 -9.44207160e-02 0
5.13334997e-01 4.12286307e-01 0
5.07493077e-01 -6.57632057e-03 0
4.96756436e-01 -2.22611385e-03 0
4.96210240e-01 -1.47300785e-03 0
7.26033683e-01 1.84414323e-01 0
2.54080020e-01 1.38331938e-02 0
7.23570789e-01 2.63440425e-01 0
5.57088122e-02 6.13251931e-02 0
-1.16266242e-01 8.40246671e-02 0
6.07155203e-01 2.23163111e-02 0
7.01216015e-01 2.68454098e-02 0
1.61348060e-01 -1.71219390e-01 0
8.31064934e-01 -3.54335551e-01 0
1.27510339e-01 -3.35584108e-02 0
3.85997633e-01 -2.66855185e-01 0
4.42679896e-01 5.75996264e-03 0
8.97250459e-01 2.23998225e-01 0
6.74626610e-01 1.45342590e-02 0
4.61969214e-01 -2.16147281e-03 0
1.56582153e-01 -1.80868724e-01 0
-9.28480445e-02 4.89849277e-02 0
4.35842091e-01 8.85327036e-02 0
7.99474336e-01 -4.52221963e-02 0
6.39415742e-01 -8.64096305e-03 0
5.64699493e-01 2.11949212e-02 0
-7.80643105e-02 1.73152775e-02 0
5.24424335e-01 1.97605150e-02 0
5.75977254e-01 1.49036350e-02 0
4.86251657e-01 -3.48159845e-02 0
4.00101187e-01 -1.09826892e-02 0
9.76384729e-01 1.39039742e-01 0
6.54117003e-02 4.36825703e-02 0
4.16053795e-01 -1.36978257e-02 0
4.88209685e-01 3.82664877e-01 0
6.78207794e-01 -1.59804715e-01 0
3.58468218e-01 7.02131709e-02 0
2.82894503e-02 1.83476651e-02 0
5.83122873e-01 -1.39019571e-02 0
4.62511506e-01 -3.33965281e-02 0
3.10059121e-01 7.82963613e-03 0
6.68743790e-01 -3.96935618e-01 0
6.49868814e-01 -6.27384779e-02 0
7.20161108e-01 1.31834897e-01 0
5.12688789e-01 1.89758923e-02 0
5.44980824e-01 3.82619311e-01 0
7.74186129e-01 -1.34188544e-01 0
6.68276108e-01 1.03761599e-01 0
5.07852174e-01 2.08048057e-02 0
9.46460945e-02 2.47330169e-02 0
5.17512837e-01 2.51592905e-02 0
-3.82824707e-02 -2.04687379e-03 0
4.35190709e-01 -1.06332955e-03 0
4.24792057e-01 -3.21876467e-01 0
5.02443605e-01 -8.16565096e-02 0
7.93034292e-01 3.89562322e-01 0
6.93785944e-01 -6.17726201e-02 0
4.23476162e-01 -3.76797589e-02 0
7.91150660e-01 2.43875999e-01 0
7.30494461e-02 -2.18062706e-03 0
4.94591528e-01 8.37443294e-03 0
4.81204315e-01 5.03214925e-04 0
6.19882657e-01 -6.47228279e-02 0
-3.77772229e-03 9.32974718e-02 0
1.31360463e+00 2.70368852e-01 0
6.34109036e-01 -8.55013347e-03 0
6.03069962e-01 2.14810276e-02 0
6.13333449e-01 8.13016553e-02 0
1.18057655e-01 2.38055098e-01 0
3.98287380e-01 8.70250566e-02 0
4.54511317e-01 3.52877776e-04 0
7.57217708e-01 1.45429768e-01 0
4.12837288e-01 -7.17136020e-02 0
-5.04574943e-02 6.18373498e-02 0
4.52337352e-01 1.81027869e-01 0
3.61730212e-01 -1.31757584e-01 0
4.66271114e-01 4.35589039e-03 0
4.60751306e-01 -3.65821316e-01 0
8.58431567e-02 1.77924195e-01 0
6.88699087e-01 -2.69733055e-03 0
3.77739279e-01 -1.88124008e-01 0
-1.50173933e-02 1.12249428e-02 0
5.19627450e-01 3.07149302e-03 0
6.00333634e-01 4.33620637e-02 0
7.20956200e-01 3.45295259e-03 0
7.37755460e-01 -4.27215036e-02 0
9.29448612e-01 -1.70441098e-02 0
1.66876988e-01 -4.24710525e-02 0
7.86974163e-02 5.41514612e-02 0
3.95588218e-01 -3.30039074e-02 0
4.54895493e-01 7.13945279e-03 0
4.80144601e-01 -6.79436065e-02 0
4.90101067e-01 1.62107773e-02 0
4.51291267e-01 -5.57088794e-03 0
2.30857951e-01 -1.54543872e-01 0
5.74446542e-01 3.15679367e-03 0
3.69173591e-01 -1.04415442e-01 0
3.53262728e-01 3.01628475e-01 0
4.86864026e-01 5.62793143e-03 0
3.95411139e-01 -5.70118849e-02 0
5.61339541e-01 2.30078175e-01 0
5.11493427e-01 2.86740174e-01 0
5.44645242e-01 2.31356655e-01 0
4.47028818e-01 -6.70812908e-03 0
6.44092208e-01 4.61322090e-02 0
9.06659058e-01 2.67927922e-01 0
6.01133936e-01 -1.76428280e-01 0
2.57206893e-01 2.47373290e-02 0
6.34426802e-01 -6.06493873e-02 0
9.38119235e-01 -3.10795985e-02 0
5.21052150e-01 2.60170713e-01 0
4.17666302e-02 6.52993507e-02 0
6.86542315e-01 -7.54761989e-02 0
1.34829249e+00 3.93798554e-01 0
5.78982633e-01 1.03159975e-01 0
6.99975305e-01 1.34119030e-01 0
3.06552642e-01 3.96750543e-01 0
4.92956265e-01 -2.02140849e-01 0
5.89789214e-01 1.45897023e-01 0
5.29749710e-01 -2.03685778e-01 0
8.00187659e-01 -3.62495665e-02 0
7.62309795e-02 3.51883067e-03 0
6.10392326e-01 1.41378413e-01 0
5.10814534e-01 -2.44297306e-03 0
4.90740084e-01 6.10211321e-03 0
6.82352153e-01 9.36833143e-02 0
3.46904912e-01 6.23826510e-02 0
4.21011549e-01 9.72410956e-02 0
4.65581090e-01 2.17958135e-01 0
7.01544967e-01 3.12346441e-02 0
-6.36649538e-02 8.13016024e-02 0
3.09727618e-01 1.02083202e-01 0
5.47919713e-01 -6.11399959e-03 0
4.26184485e-01 2.37419179e-01 0
5.94727899e-01 1.85188094e-01 0
6.55494288e-01 -7.61815734e-03 0
1.93522614e-02 3.38538150e-02 0
-2.30148100e-02 -2.83587013e-02 0
6.72643710e-01 -8.51875207e-02 0
2.26200495e-01 5.23899214e-02 0
4.46231090e-01 -7.75835419e-03 0
6.07115842e-01 -1.20130316e-01 0
3.82617715e-01 -3.00639882e-01 0
1.19573113e+00 1.82231588e-01 0
2.99636271e-01 7.91497114e-02 0
4.35626808e-01 -3.27259404e-01 0
3.97380011e-01 -2.58655446e-03 0
4.83823240e-01 1.00048704e-02 0
4.25454878e-01 3.29192949e-02 0
4.42130128e-01 -3.76678781e-03 0
1.98790276e-01 -4.59214050e-02 0
-5.87768301e-02 1.59753749e-02 0
4.81539975e-01 8.87079000e-03 0
2.93416507e-01 -9.32199684e-02 0
5.67769653e-01 2.36627999e-01 0
4.40155549e-01 -3.68924427e-01 0
5.11591640e-01 2.37293710e-01 0
2.93251551e-01 -1.99909628e-02 0
3.93743921e-01 -3.15214616e-02 0
3.85223232e-01 -2.06836038e-01 0
4.87378078e-01 7.84697868e-03 0
6.12268187e-01 8.57494255e-02 0
5.71343099e-01 -3.43405408e-02 0
5.68632082e-01 -5.52202972e-02 0
-4.17292172e-03 -2.22160659e-02 0
3.94677587e-01 1.02859927e-02 0
4.77748248e-01 -4.14839135e-03 0
6.08786058e-01 4.91144941e-02 0
5.19817944e-01 1.83333820e-02 0
1.18272386e-01 2.60770223e-01 0
5.84410379e-01 -1.14473599e-02 0
-1.11429671e-01 5.88543424e-02 0
4.66439374e-01 -1.31978082e-02 0
4.32683193e-01 -8.65978442e-02 0
3.34329044e-02 -5.19526735e-02 0
3.17616334e-02 6.19661111e-02 0
1.26450219e-01 -6.86657776e-02 0
6.54996020e-01 3.03965076e-01 0
5.77024478e-01 9.68552056e-02 0
5.05761608e-01 3.74340868e-02 0
3.93404374e-02 2.30293779e-03 0
1.75124227e-01 3.90655510e-02 0
2.90864507e-01 -2.62866991e-01 0
4.92039852e-01 -1.61866249e-02 0
4.51566409e-01 -4.69451132e-03 0
5.76937289e-01 5.42870804e-02 0
8.14816296e-01 -1.54852988e-02 0
6.12465943e-02 1.54632644e-01 0
1.40771085e-01 3.14824683e-02 0
2.35483894e-01 -3.09899385e-01 0
1.98051577e-01 2.02778677e-01 0
4.85555770e-01 -8.18689345e-02 0
5.89703548e-02 -1.02353563e-01 0
6.39520145e-01 4.50677073e-02 0
5.95276660e-01 -3.66780699e-01 0
1.92761314e-02 3.82713320e-02 0
2.65327309e-01 -1.48575549e-01 0
7.85346532e-01 -8.24214746e-02 0
-5.30302731e-02 1.80318218e-02 0
2.69081361e-01 -1.97646118e-01 0
5.28936232e-02 6.11354810e-02 0
4.60028348e-01 -1.67060010e-02 0
4.23688333e-01 -2.57537612e-01 0
1.52418059e-01 5.30920451e-03 0
6.65411178e-01 -4.74526663e-02 0
5.82341902e-01 5.68735228e-02 0
6.48473212e-01 -6.04219291e-02 0
2.25449651e-01 -9.49499304e-02 0
6.04923179e-01 5.07207008e-02 0
4.58124858e-01 3.47582088e-03 0
6.24857472e-01 1.71539647e-01 0
5.38642657e-01 -1.79373100e-01 0
5.26268180e-01 9.46276559e-04 0
5.16921215e-01 4.85612204e-02 0
4.01602684e-01 1.06161347e-01 0
3.22849725e-01 -2.69581915e-01 0
2.57915132e-01 7.85331051e-02 0
6.24514136e-01 -7.41661433e-02 0
2.48345223e-01 -2.21506098e-01 0
5.74938532e-01 2.16932430e-01 0
3.88194233e-01 5.31849289e-03 0
5.03746258e-01 6.27537963e-03 0
7.36885816e-01 -2.51333293e-01 0
6.42259619e-01 7.44479687e-02 0
4.48472306e-01 1.00764007e-03 0
8.70307256e-02 2.44738097e-02 0
5.31471512e-01 9.55951072e-03 0
2.24810775e-01 2.64236589e-01 0
4.94724014e-01 -1.86118141e-01 0
4.93193308e-01 -3.12735640e-03 0
3.72432717e-01 -2.38600821e-02 0
6.59790958e-01 1.93336633e-01 0
5.87442463e-01 1.54654876e-01 0
4.06360404e-01 -1.44479320e-01 0
6.06191758e-01 -2.43229874e-01 0
6.00093209e-01 -8.71182763e-02 0
4.51712123e-01 1.56490086e-03 0
7.32944756e-01 1.97720470e-01 0
4.47237551e-01 4.07897924e-03 0
7.13902132e-02 2.22578770e-01 0
7.39637556e-01 -1.18895791e-02 0
1.61213311e-01 -3.86679283e-02 0
1.32731109e-01 1.49361109e-01 0
6.62341777e-01 1.46098044e-01 0
7.53935434e-01 -9.62848034e-02 0
6.06706930e-02 9.79297148e-03 0
1.88913665e-01 -3.07384065e-02 0
5.41416188e-01 1.58568926e-02 0
5.93115926e-01 2.18812422e-03 0
8.78033534e-01 -1.12586929e-01 0
-4.89354591e-02 7.93555040e-02 0
8.85510187e-01 -1.81359541e-01 0
3.80925686e-02 6.59286922e-04 0
2.55650225e-01 7.95724647e-02 0
4.64673010e-01 -2.45826830e-01 0
5.99318173e-01 7.36600104e-02 0
5.09235701e-01 -2.43823720e-02 0
4.64873415e-01 -5.04428950e-02 0
-1.14804040e-02 9.39787058e-02 0
3.17421350e-01 -6.51464995e-02 0
2.08231305e-02 9.57135690e-03 0
2.19758847e-02 9.30866228e-03 0
3.17353126e-01 -2.58329214e-02 0
5.31090627e-01 -7.77475697e-02 0
6.82139859e-01 -2.46184185e-01 0
6.37114952e-01 -1.41556892e-01 0
8.47616174e-01 1.73667729e-01 0
1.48749639e-02 8.65299884e-02 0
4.54929715e-01 1.84696900e-01 0
4.03919148e-01 -2.97781746e-01 0
4.87256605e-01 5.70907417e-03 0
5.68893254e-01 -5.97593810e-02 0
5.83761176e-01 9.63870419e-02 0
3.62864733e-02 -1.87689259e-02 0
4.15121950e-01 -5.91611217e-02 0
9.48093603e-01 -9.72072502e-02 0
3.84077087e-01 2.02628923e-01 0
4.57700450e-01 5.73103409e-03 0
4.48051283e-01 1.81857602e-01 0
6.16172615e-01 -6.20320994e-02 0
7.52228349e-01 1.59676843e-02 0
3.09978872e-01 8.01665013e-02 0
1.43596648e-01 1.02672245e-01 0
2.33117410e-01 -3.31917690e-01 0
4.65388786e-01 -4.35144184e-02 0
4.36650794e-01 9.50164480e-02 0
6.94867558e-01 3.64294969e-01 0
6.32293997e-01 3.05964376e-01 0
6.54740408e-01 -1.31070826e-01 0
5.71475045e-01 1.57042201e-02 0
6.87789448e-01 1.27232289e-01 0
-5.96110834e-02 7.04418527e-02 0
5.16551357e-01 8.48754715e-02 0
4.64278736e-01 -1.58142849e-02 0
8.19177875e-01 4.53057671e-03 0
6.73566934e-01 -2.24017680e-02 0
6.22394035e-01 4.54716521e-02 0
-2.12916306e-03 7.05322330e-03 0
9.69348022e-01 -2.28922849e-01 0
7.93891369e-01 2.39692824e-02 0
4.80651520e-01 -1.06526267e-03 0
3.11099439e-01 -2.28847565e-02 0
4.33371545e-01 -9.16819289e-02 0
3.02024868e-01 8.50527718e-02 0
-9.15483861e-02 4.43136663e-02 0
4.81176594e-01 -1.58171121e-01 0
4.44537694e-01 -1.47583149e-01 0
3.07729621e-01 -3.48695863e-02 0
9.54983814e-01 6.21425402e-02 0
6.15078577e-01 1.95012394e-02 0
2.33461884e-01 9.95352917e-02 0
9.14050670e-01 -2.64875878e-01 0
5.75776298e-01 -9.17141429e-02 0
3.35561039e-01 7.09772087e-02 0
2.76850727e-02 7.36211350e-02 0
5.82285521e-02 4.38748087e-02 0
2.80579537e-01 1.92163975e-02 0
6.29708908e-01 -2.82468479e-02 0
8.90846144e-01 2.95836362e-01 0
4.82824951e-01 -7.94421996e-02 0
4.50987941e-01 4.04114670e-03 0
3.92148260e-01 6.85873507e-02 0
6.40991217e-04 3.18374620e-02 0
5.61332745e-01 1.76441067e-02 0
6.29532753e-01 -8.30052861e-02 0
4.99750372e-01 1.16247004e-01 0
5.99937521e-01 -9.26109386e-02 0
7.48006918e-01 -2.42019731e-01 0
3.60215276e-01 -1.24744848e-01 0
4.58149644e-01 -9.68853702e-03 0
6.73976521e-02 1.29988639e-01 0
4.45717165e-01 7.87714517e-02 0
2.02883372e-01 2.34320055e-01 0
6.22286389e-01 1.10758931e-01 0
4.81440064e-01 1.49713679e-02 0
4.00082820e-01 -3.29809748e-02 0
1.80284109e-01 2.06627295e-01 0
4.90081139e-01 1.80289200e-02 0
6.48621932e-01 -4.21708866e-02 0
3.90310936e-01 -8.65767042e-02 0
9.84858871e-01 -2.17745016e-01 0
6.00821770e-01 9.41493654e-02 0
3.33502594e-01 -1.75910387e-01 0
6.20063806e-01 -3.86441010e-03 0
-1.98544904e-02 4.98336762e-02 0
1.01068342e+00 2.09767918e-01 0
4.60163623e-01 2.66939185e-03 0
-1.43434033e-01 3.08572855e-02 0
6.93898018e-01 2.76456513e-01 0
5.60224136e-01 -4.21750796e-02 0
5.89090323e-01 -1.66173922e-01 0
6.98292512e-01 -4.32491832e-02 0
4.97720326e-02 1.03645926e-02 0
3.43873024e-01 1.76795738e-01 0
8.35451357e-01 2.17340437e-01 0
5.13635725e-01 1.13037642e-02 0
3.49238181e-01 6.81727543e-02 0
4.18229619e-01 -1.45604870e-01 0
5.79068935e-01 -1.61509103e-01 0
8.74388835e-01 -1.79895636e-01 0
9.17925786e-01 -9.63097382e-02 0
4.75734335e-01 -7.16802808e-02 0
6.25075164e-01 -5.91508838e-02 0
5.53077266e-01 -3.55467189e-02 0
4.38600770e-01 -1.72839975e-02 0
4.97024044e-01 -3.38711086e-02 0
4.75127310e-01 8.91831627e-03 0
-4.33485149e-02 -4.84980632e-03 0
2.85984776e-01 3.02012233e-02 0
5.45884820e-01 -1.33223323e-01 0
4.63783745e-01 -6.93005678e-02 0
1.03775466e+00 -7.72190931e-02 0
3.27450822e-01 1.93915177e-01 0
3.45855288e-01 1.59985281e-01 0
5.25403805e-01 -2.56458141e-02 0
3.08131038e-02 -2.26035336e-02 0
5.83253274e-01 -7.20319363e-02 0
5.59584893e-01 8.09313420e-02 0
6.63482461e-01 -1.42503769e-01 0
3.52631310e-01 1.44863957e-01 0
2.62849076e-01 4.19055592e-02 0
5.56668064e-01 7.85470945e-02 0
5.09893891e-01 -1.59918268e-03 0
6.18129538e-01 7.55955847e-02 0
5.64427296e-01 7.24488475e-02 0
2.79047044e-02 4.23449326e-03 0
7.32876441e-01 -1.52830665e-01 0
2.55388295e-01 -1.45197838e-04 0
6.95992228e-01 -2.49128291e-02 0
3.78956002e-01 -6.67203019e-02 0
3.81582639e-01 2.85622621e-01 0
7.59303470e-02 -8.99761081e-02 0
3.64858230e-01 6.57661189e-02 0
7.67107422e-02 -8.85637078e-02 0
4.71076150e-01 -1.08279569e-02 0
1.95037305e-01 2.31953199e-01 0
3.22195992e-01 -3.88045302e-02 0
5.68910330e-01 -1.07940944e-01 0
4.82487289e-03 7.47516537e-03 0
4.99398987e-01 -5.25289423e-03 0
4.83065466e-01 2.65487748e-02 0
6.03204493e-01 3.61693573e-01 0
5.32650552e-01 4.10502622e-02 0
6.12922554e-01 -6.60800959e-02 0
4.39213907e-01 5.82742732e-02 0
8.71891956e-02 1.01679575e-01 0
3.13353590e-01 -6.37598888e-03 0
5.36325575e-01 2.57291529e-01 0
1.41529533e-01 -2.77006562e-01 0
5.18495609e-01 7.05552754e-02 0
4.92465037e-01 1.16921438e-02 0
9.03407400e-01 -1.23319345e-01 0
-7.70600750e-02 1.51849666e-02 0
5.93719638e-01 1.00655361e-01 0
6.13793947e-01 -1.00002061e-02 0
4.93121658e-01 -2.88948849e-03 0
-2.76778893e-02 9.64523877e-02 0
5.77255513e-01 2.28371618e-02 0
1.48935948e-02 3.44156181e-02 0
7.16494872e-01 9.60880911e-02 0
1.01515387e+00 3.72550559e-02 0
6.74754135e-01 -1.48697704e-01 0
4.04000214e-01 -4.23712153e-01 0
5.48147471e-01 3.34722865e-01 0
5.26324203e-01 8.11492746e-02 0
2.02912068e-01 -1.46148870e-01 0
6.19745621e-01 -1.46264657e-01 0
4.20894686e-01 -7.15752508e-02 0
1.25063394e+00 1.66909185e-01 0
5.25268929e-02 -1.05474487e-02 0
1.13479604e+00 -8.22522005e-02 0
1.20875901e+00 1.81611298e-02 0
1.01124116e+00 1.14225383e-01 0
-1.12821328e-01 1.18329337e-02 0
3.54672197e-01 -1.92248744e-01 0
6.71505630e-01 -3.69989216e-02 0
3.71295189e-01 1.88094264e-01 0
4.73887891e-01 -7.35046929e-04 0
-2.90026896e-02 1.00547121e-01 0
2.97318715e-01 1.57032606e-02 0
4.22359970e-01 1.50240094e-02 0
4.80575838e-01 8.50063954e-04 0
5.64784432e-01 1.99801571e-01 0
4.94582963e-01 -1.80885604e-02 0
1.69670418e-01 -2.20720354e-03 0
9.49155208e-01 -2.68263578e-01 0
6.54559710e-01 -3.99179079e-02 0
7.19821006e-02 2.42741486e-03 0
7.97487164e-01 2.01309445e-02 0
9.89747349e-01 -1.80934135e-01 0
8.73796596e-01 2.55370437e-01 0
-7.86942437e-02 8.30007905e-02 0
3.90275920e-01 -3.49481087e-02 0
6.85165155e-01 5.70569584e-02 0
4.84602022e-01 3.30074918e-01 0
6.21138019e-01 -2.58364601e-01 0
6.07281662e-01 -4.76596947e-03 0
5.78272273e-01 -5.49114487e-02 0
1.04597885e+00 2.33200768e-01 0
4.55465003e-02 6.40743725e-02 0
7.62933853e-01 -2.87863729e-02 0
3.52661812e-01 -1.20686747e-01 0
5.90171168e-01 1.06864994e-01 0
3.19981059e-01 1.08080683e-01 0
5.05174586e-01 5.49412966e-02 0
6.26356994e-01 6.66606015e-02 0
-1.42833364e-02 -1.90876822e-02 0
3.99914376e-01 2.11382508e-02 0
4.02368717e-01 -5.75257029e-02 0
-6.52412183e-02 6.15127205e-02 0
6.61150247e-01 -3.16005408e-01 0
1.07823988e+00 -1.98457776e-01 0
3.15933843e-01 -3.82403700e-02 0
6.43695307e-01 -6.22081963e-02 0
3.72244389e-01 -6.67027809e-02 0
3.01712796e-01 -4.14038724e-02 0
6.57835800e-01 2.14806756e-01 0
7.46294210e-01 -2.46807051e-02 0
6.66143417e-01 -1.13260855e-02 0
7.57153228e-01 3.06548177e-01 0
4.59913285e-01 1.59916595e-01 0
7.16187220e-01 -1.60098023e-01 0
3.95620462e-01 5.24974268e-02 0
5.15484306e-01 -5.44290805e-02 0
4.12052802e-01 7.75744820e-02 0
6.36002766e-01 7.43541932e-02 0
4.80703558e-01 4.83268183e-03 0
1.48415668e-01 -2.39890986e-02 0
1.86769888e-01 -1.77538981e-01 0
5.13114210e-01 5.93604918e-02 0
4.00350815e-01 -5.35486079e-03 0
4.66680316e-01 -4.93891177e-02 0
1.10401077e+00 -1.41669370e-01 0
4.46054262e-01 8.02866557e-03 0
4.60475861e-01 -3.66486460e-03 0
6.06684127e-01 1.51060807e-01 0
1.11220585e-01 8.55925503e-02 0
5.55702292e-01 1.09931219e-02 0
2.21476285e-01 4.93621366e-02 0
1.31061438e-01 4.98364035e-02 0
7.16035996e-01 3.18596538e-02 0
-6.15741983e-02 1.93439926e-03 0
4.26792634e-01 1.67568666e-02 0
7.48648463e-01 2.61498638e-01 0
5.70876286e-01 -1.36385008e-01 0
1.04510623e-01 5.60555216e-02 0
4.49172471e-01 -5.36672641e-05 0
1.30637769e+00 -2.48763576e-01 0
5.56911946e-01 7.61382949e-02 0
5.70096308e-01 7.89325719e-02 0
-5.12534504e-02 6.81757692e-02 0
4.60974282e-01 -1.52278376e-03 0
6.67753970e-01 5.17926274e-02 0
1.16965022e+00 6.82836082e-02 0
5.02104857e-01 5.44436482e-04 0
1.78007132e-02 6.43135324e-02 0
1.39226014e-01 2.81114329e-01 0
2.77810413e-01 3.80908363e-01 0
6.38754376e-01 8.89862637e-02 0
4.78896514e-02 5.69926062e-02 0
6.87793539e-01 3.85530618e-02 0
9.11732404e-01 2.56070647e-01 0
5.36080281e-01 1.87319355e-02 0
-6.89379876e-02 6.98614972e-02 0
2.15737213e-01 -1.96486308e-01 0
6.53571359e-01 -7.44706837e-03 0
4.45935854e-01 -9.05978919e-02 0
9.06032698e-01 -2.37756500e-02 0
9.07444057e-02 3.95686725e-02 0
6.30035172e-01 -2.39505714e-02 0
5.95742574e-01 6.67749937e-02 0
3.32746184e-01 2.50558482e-01 0
5.95989781e-01 1.46953635e-02 0
2.28079861e-01 3.10317276e-02 0
6.05804647e-01 -2.72474714e-02 0
6.07057340e-01 -2.50533136e-01 0
4.50284394e-01 6.02560638e-04 0
4.65758153e-01 -2.16127034e-01 0
1.23679372e+00 -1.35081816e-01 0
7.23154182e-01 3.53073075e-02 0
5.03995749e-01 1.14949655e-02 0
6.15681183e-01 5.19304950e-02 0
5.00314734e-01 -7.29579739e-02 0
5.56420512e-01 -3.13933994e-01 0
6.58367213e-01 -4.26161574e-02 0
5.71738744e-01 -1.01532394e-01 0
6.48728544e-01 1.36620257e-01 0
5.16744294e-01 1.24351663e-02 0
8.16855098e-01 1.24531662e-01 0
1.95116165e-01 5.46427732e-02 0
9.19587390e-01 6.68250997e-02 0
2.76683282e-01 2.08878841e-02 0
4.86199974e-01 3.70215049e-02 0
4.19463847e-01 8.15670498e-02 0
5.21145254e-01 -1.94246603e-01 0
3.80647211e-01 -6.64833736e-02 0
5.02999632e-01 -1.27410001e-02 0
4.06499755e-01 -1.87114338e-01 0
3.18691585e-01 -1.03308284e-01 0
2.90106846e-01 2.10645320e-01 0
4.40666389e-01 -1.41093456e-01 0
5.90115068e-01 -9.14982860e-02 0
1.72027546e-02 -7.37621817e-03 0
1.94774385e-01 -1.94059598e-01 0
9.45538725e-01 5.33310500e-02 0
3.56126838e-01 -4.34929441e-02 0
1.22740835e+00 5.47887974e-02 0
4.42785948e-01 -2.53586566e-03 0
1.93149605e-01 8.71439770e-02 0
5.49383215e-01 2.00536399e-02 0
4.64587625e-01 8.50100460e-02 0
5.04566197e-01 1.15272327e-02 0
4.50208592e-01 -5.69249332e-03 0
1.28509978e+00 -1.52228397e-01 0
6.41219737e-01 -1.45340723e-01 0
4.38060726e-01 -6.41169868e-03 0
9.40002066e-01 -7.42402842e-02 0
-2.88434300e-03 4.44971961e-02 0
1.52097789e-01 -8.05793976e-02 0
1.25483996e+00 -6.06837687e-02 0
4.77891082e-01 -1.18805390e-02 0
-2.83549337e-02 -2.30687721e-02 0
5.00707525e-01 -1.49958174e-02 0
6.64228786e-01 -1.89119571e-02 0
1.27463906e+00 -9.85195591e-02 0
5.03348242e-01 6.36499646e-03 0
4.98135947e-01 -3.97130286e-03 0
5.58675955e-01 1.82424470e-03 0
4.38421383e-01 1.03467822e-01 0
6.98305387e-01 -2.58325194e-01 0
8.14801553e-01 -9.95234316e-02 0
5.02281678e-01 -5.82476086e-02 0
6.53638931e-01 6.80032833e-02 0
1.82550688e-01 1.21479770e-01 0
4.80740355e-01 2.85611974e-02 0
7.14639662e-01 1.17084398e-01 0
5.71597951e-01 -1.35781914e-01 0
2.05196267e-01 -2.44381890e-02 0
5.53740305e-01 6.47593613e-02 0
5.55549355e-01 -4.12191639e-01 0
4.35708680e-01 3.34714987e-02 0
6.17455448e-01 2.01847837e-01 0
5.51071397e-01 -5.78719474e-03 0
6.47357996e-01 -1.80093801e-02 0
4.97638080e-01 2.92112240e-01 0
4.62488988e-01 1.93764937e-03 0
5.58840552e-01 1.40403486e-01 0
5.71804874e-01 -8.35055164e-02 0
5.77314780e-01 4.97508538e-02 0
6.34313942e-01 -3.97051936e-01 0
2.99501845e-01 -8.11768242e-02 0
7.26556208e-01 -3.45736229e-01 0
3.18012212e-01 -2.38276819e-01 0
7.39212591e-01 -1.10914965e-01 0
4.08887478e-01 -2.05200626e-01 0
5.03915855e-01 3.78174762e-01 0
-8.86325942e-02 3.39096428e-02 0
9.47811719e-02 5.81543309e-02 0
4.98943373e-01 -4.74290854e-03 0
4.47447438e-01 5.16432828e-04 0
6.62811689e-01 -5.54640824e-02 0
5.89983447e-01 2.62616755e-01 0
1.04046510e+00 1.96602411e-02 0
5.16119701e-01 -2.65083329e-03 0
5.04858137e-01 3.71377686e-03 0
4.54077850e-01 -1.21530548e-03 0
4.83918252e-01 -3.13906157e-02 0
4.54718797e-01 1.29684582e-02 0
1.91125329e-01 -3.47742721e-01 0
7.05514449e-01 1.42590522e-01 0
4.98480741e-01 -3.90685669e-03 0
-8.96928337e-02 -2.28774643e-02 0
4.47842077e-01 3.08198383e-03 0
4.57317329e-01 1.06419026e-02 0
4.28737054e-01 -5.95416521e-02 0
4.71835251e-01 -3.53629140e-02 0
5.84883204e-01 1.36983579e-01 0
4.58717557e-01 1.34099670e-03 0
1.05650314e-01 5.40512502e-02 0
4.80649439e-01 2.60905062e-02 0
1.11282540e+00 -1.21095565e-01 0
7.11114759e-01 6.88225272e-02 0
6.92077264e-01 7.76784641e-02 0
6.57085978e-01 -2.24513938e-02 0
7.11457136e-01 2.20537458e-01 0
4.43206598e-01 1.29341754e-02 0
1.25230633e-01 2.17560978e-02 0
4.49821620e-01 -1.49383295e-03 0
7.44841216e-01 7.63530953e-02 0
4.86022806e-01 1.27573144e-01 0
3.97833746e-01 1.84065716e-01 0
1.26406137e+00 1.75933443e-01 0
4.47617294e-01 4.36429878e-04 0
7.93818061e-01 -2.01078272e-02 0
4.96914023e-01 -5.84274409e-03 0
7.77244831e-02 8.49008053e-03 0
6.18962826e-01 -1.00288885e-02 0
4.45615733e-01 2.36652115e-01 0
6.61453143e-01 5.33609514e-02 0
6.05516728e-01 -9.65791449e-02 0
3.93523300e-01 -2.28673581e-01 0
8.82719309e-01 -8.35276156e-02 0
4.39093742e-01 -2.18721096e-01 0
8.18678145e-01 -8.68715590e-02 0
8.87108397e-01 5.31569934e-02 0
8.22008622e-01 -2.02529356e-01 0
3.57911847e-01 -2.95813447e-01 0
9.21258462e-01 -8.51423564e-02 0
4.48870609e-01 2.51455668e-04 0
9.75825141e-03 3.39360101e-02 0
3.82297712e-01 3.54666182e-01 0
2.20676146e-01 3.29868094e-01 0
2.13140490e-01 7.51402278e-03 0
2.04288954e-01 3.27265962e-01 0
2.84937724e-01 -1.02706838e-01 0
1.09430890e+00 -1.04019868e-03 0
1.16735636e+00 1.59022197e-01 0
4.95559352e-01 -6.48794506e-03 0
4.45367355e-01 -2.29792538e-01 0
2.95783068e-01 3.99891010e-02 0
2.41616688e-01 9.79474008e-02 0
3.04407739e-01 1.09770361e-01 0
5.65003001e-01 -3.78795265e-01 0
3.53943753e-01 6.98843204e-02 0
4.69440597e-01 -1.26197109e-01 0
4.14286127e-01 -2.13705382e-01 0
3.33270062e-01 1.88433175e-02 0
6.23501635e-03 -2.94190380e-02 0
2.65368956e-01 -9.01290898e-02 0
6.18648035e-01 2.84762122e-02 0
9.03861850e-02 1.99919110e-02 0
7.22542758e-01 -2.88983105e-02 0
8.91524338e-01 -1.90143735e-01 0
3.32475541e-01 -1.59565761e-01 0
5.80734208e-01 -1.13709857e-01 0
8.90368610e-02 7.18436138e-03 0
3.73049216e-01 1.10061262e-01 0
6.33047738e-01 2.08952644e-01 0
4.64268896e-01 -9.80670556e-02 0
5.58699984e-01 1.43726598e-02 0
6.52049247e-01 -9.20752413e-02 0
6.19266588e-01 5.40563574e-02 0
1.73711531e-01 2.55187003e-02 0
8.91507939e-01 -4.39259038e-02 0
8.34344716e-01 1.17814973e-01 0
3.12042282e-01 -3.64266636e-01 0
2.93835280e-01 -3.62684910e-01 0
5.81391364e-01 -9.96769092e-02 0
5.01315015e-01 -8.79277392e-02 0
4.34156875e-01 1.82794108e-01 0
-1.36616233e-01 6.93711585e-02 0
3.13906158e-01 -5.85009835e-02 0
3.97364699e-01 1.73048655e-01 0
1.66186990e-01 2.07007886e-01 0
6.09577561e-01 -9.37989002e-02 0
6.30025260e-01 3.26405109e-02 0
4.92219603e-01 -9.31570998e-02 0
5.89291151e-01 -1.08013835e-01 0
4.59440689e-01 3.64734027e-01 0
3.91525840e-01 7.11650300e-02 0
4.06142313e-01 -9.02575132e-03 0
2.03742011e-01 -1.01551336e-01 0
5.60661606e-01 -9.91475031e-02 0
9.21473984e-01 8.43924637e-02 0
5.40807953e-01 -7.60204709e-02 0
4.39818710e-01 1.13017178e-02 0
1.49621883e-01 1.33813003e-01 0
5.11767951e-01 4.67757007e-03 0
7.90873576e-01 -1.09359761e-01 0
6.74197207e-01 2.25869587e-01 0
1.22417612e-01 -3.11703195e-02 0
4.47049573e-01 3.86536575e-02 0
3.20858156e-01 1.54099815e-01 0
5.03002925e-01 1.73601553e-03 0
5.18749949e-01 -5.11977867e-03 0
6.47963540e-01 -5.18316262e-02 0
1.03999383e-01 4.03803304e-02 0
8.13608468e-02 6.04382029e-02 0
2.44045695e-01 8.37663284e-02 0
1.02872116e+00 -1.77487150e-01 0
5.10579647e-01 -1.65197428e-01 0
4.78350231e-01 2.95252541e-02 0
4.65252923e-01 7.54682919e-02 0
7.08578230e-01 1.79789703e-01 0
1.72436644e-01 2.85601262e-01 0
2.59758236e-01 3.55289324e-01 0
3.05429071e-01 1.38703100e-01 0
5.80418771e-01 8.97931083e-02 0
6.50340410e-01 2.03068101e-01 0
6.30795026e-01 -1.15969819e-02 0
5.05618284e-01 1.21133436e-01 0
1.33714691e+00 3.20028574e-01 0
8.97802520e-01 -2.73840663e-01 0
9.94295243e-01 1.53755824e-01 0
6.18868065e-01 1.50830253e-01 0
5.35459531e-01 1.41286458e-01 0
4.06728830e-01 3.90473884e-02 0
2.72729996e-01 -1.36780738e-02 0
5.09117990e-01 -6.42450983e-04 0
6.30192315e-01 1.39807407e-01 0
4.59054402e-01 -2.51869592e-03 0
2.02208215e-01 2.96988809e-01 0
3.37575877e-01 -7.88562741e-02 0
3.04556630e-01 6.19568818e-02 0
3.52267658e-01 -1.84900395e-01 0
9.44900113e-01 -1.12655871e-02 0
8.44074490e-01 1.63970044e-01 0
4.92406737e-01 5.81581659e-03 0
4.31435413e-01 -6.19098363e-02 0
6.19198306e-01 1.05266265e-01 0
8.32360563e-01 -3.39432054e-01 0
3.07174389e-01 -6.58097133e-02 0
1.29112154e+00 -2.44209312e-01 0
6.10250263e-01 7.78826574e-02 0
4.27262019e-01 4.65164175e-02 0
4.57430661e-01 6.15686156e-03 0
1.23046402e+00 -1.77403988e-01 0
7.07268415e-01 3.62378933e-02 0
1.44546227e-01 2.74474283e-01 0
2.84290873e-01 3.69679595e-01 0
4.98472442e-01 1.60917437e-01 0
5.00495217e-01 2.32353098e-03 0
5.89248978e-01 9.22134628e-02 0
4.58430511e-01 1.41950540e-01 0
5.27368267e-01 7.94961794e-02 0
6.34764856e-01 1.49591144e-01 0
3.26731662e-01 -1.58735944e-02 0
4.64500760e-01 4.81456572e-04 0
3.22039376e-01 -1.26708449e-01 0
1.32446051e+00 -2.34080584e-01 0
4.95688869e-01 -1.13096706e-03 0
4.80090023e-01 -1.74384332e-03 0
3.80433701e-01 -3.78120315e-02 0
9.63881001e-01 1.19648959e-02 0
3.24744766e-01 -2.12178357e-01 0
6.59013246e-01 -9.49945815e-02 0
5.17911388e-01 8.52835382e-04 0
3.12532210e-01 -2.68206203e-02 0
7.87298008e-01 9.41307035e-03 0
1.78426011e-01 -1.38240008e-01 0
1.64763549e-01 2.82603191e-01 0
2.82243354e-01 3.55914284e-01 0
5.96130084e-01 2.38070047e-02 0
6.43282459e-01 5.67089974e-02 0
5.67497283e-01 1.91117499e-02 0
4.93915208e-01 3.35590973e-02 0
4.28638335e-01 6.82499641e-02 0
4.65522268e-01 5.40958199e-02 0
1.82149848e-01 3.18779998e-01 0
4.47122875e-01 3.65238959e-02 0
6.75259835e-01 -1.88703131e-03 0
2.21622213e-01 3.49181966e-01 0
6.38539334e-01 4.04630777e-01 0
3.90089575e-01 -4.29440046e-02 0
2.71642085e-01 -3.08556190e-01 0
9.97186681e-01 -9.64451370e-02 0
4.50162391e-02 1.63456975e-02 0
7.74008614e-01 4.29440433e-02 0
-7.98131825e-02 8.35087379e-02 0
3.04300445e-01 1.53355118e-01 0
5.90579544e-01 2.24814638e-01 0
5.43642473e-01 2.27628085e-01 0
2.62964784e-01 2.48776367e-01 0
6.03304520e-01 6.68293312e-03 0
4.99389031e-01 1.69498868e-03 0
5.34650348e-01 4.39661352e-02 0
6.49187504e-01 -3.91311563e-01 0
4.74805639e-01 -4.78752766e-02 0
6.48205038e-02 5.15906372e-02 0
7.48906461e-01 6.85904984e-02 0
5.01031826e-01 -6.63248393e-03 0
9.03979729e-01 -2.27486897e-01 0
6.56720283e-01 1.39145511e-01 0
4.28234087e-01 3.91923796e-01 0
5.14975085e-01 -7.62219262e-03 0
3.91950550e-02 -1.20684518e-02 0
4.94162463e-01 -1.14293994e-01 0
6.51345452e-01 2.76531778e-02 0
1.21250832e+00 -1.73047601e-01 0
4.50904711e-01 -8.97998832e-04 0
1.12289608e+00 -1.08856719e-01 0
-4.50096714e-03 -3.09617554e-02 0
-9.47162096e-02 1.02093575e-02 0
6.10971285e-02 7.71520321e-02 0
6.32564333e-01 1.23271800e-01 0
1.02965315e+00 1.98163240e-02 0
8.90632476e-02 1.54331566e-01 0
5.82082729e-01 9.49103858e-02 0
4.74356414e-01 -1.36414940e-02 0
2.50085505e-01 -6.08902367e-02 0
7.17158846e-01 2.74550104e-01 0
4.18768918e-01 -4.50743021e-02 0
7.39942466e-01 -3.55475918e-01 0
7.17389200e-01 -6.64055009e-02 0
5.64924418e-01 -2.89932514e-03 0
3.51940311e-01 1.33074455e-01 0
3.64710145e-01 -1.96682964e-02 0
4.00000563e-01 1.09842178e-01 0
7.84136569e-01 -9.53792104e-02 0
5.06473431e-01 1.69539904e-02 0
5.46523709e-01 -1.44408559e-02 0
3.75418440e-01 4.11482760e-02 0
6.33902022e-01 5.15257471e-02 0
5.71518484e-01 -1.57624781e-02 0
5.64063061e-01 8.95020268e-03 0
6.68370795e-01 1.00080349e-03 0
5.11114017e-01 4.77596718e-03 0
6.33341592e-01 -5.52170981e-02 0
5.89019883e-01 7.09415174e-02 0
1.78311428e-02 -3.01834837e-02 0
6.57325730e-01 1.70032752e-01 0
6.79692873e-01 1.62251854e-02 0
4.92563129e-01 1.18314983e-02 0
9.39604950e-01 -2.20413806e-01 0
2.81025271e-01 -7.36275583e-02 0
3.96506446e-01 -8.79485799e-03 0
5.88564784e-01 8.19573215e-02 0
5.95900096e-01 3.95040464e-02 0
7.24453462e-01 2.92563000e-01 0
6.83667806e-01 4.00342023e-01 0
4.53204922e-01 -5.04778059e-03 0
7.35073612e-01 2.23361405e-01 0
4.52435413e-01 1.98195030e-02 0
4.80759977e-01 -4.83610761e-03 0
5.86319037e-01 1.78778726e-01 0
6.17312566e-02 2.69347165e-02 0
1.15626014e+00 2.05087296e-01 0
5.50059511e-01 1.13658315e-01 0
6.44129344e-01 -5.32328933e-02 0
4.57227783e-01 2.03562691e-01 0
6.42157420e-01 -6.29999322e-02 0
-1.28241504e-01 7.06742990e-02 0
5.22480749e-01 -2.22199361e-02 0
5.13458437e-01 -1.25252359e-01 0
4.81136423e-01 -3.15726098e-02 0
1.39687594e-01 -1.30235388e-02 0
4.83186614e-01 3.51558607e-01 0
5.12172534e-01 -3.74448783e-01 0
6.21319301e-01 -1.23940990e-01 0
8.32567087e-01 8.97763291e-02 0
3.86111511e-01 -1.87385102e-02 0
6.47812525e-01 -4.55053319e-02 0
6.38934098e-01 -6.59525766e-02 0
-4.92523638e-02 7.44412516e-02 0
5.84051402e-01 -7.82819464e-02 0
4.90392308e-01 1.13883469e-01 0
1.63029255e-01 -9.70305520e-02 0
4.72472931e-01 9.56285196e-02 0
4.82164749e-01 -2.57100138e-03 0
-2.48792819e-02 8.88533422e-02 0
5.09986833e-01 2.46861547e-01 0
-2.45156625e-02 8.00780660e-02 0
5.90099788e-01 9.48443300e-02 0
3.33816514e-01 -9.70598848e-02 0
4.82234090e-01 4.30105147e-01 0
4.72397754e-01 -4.70857718e-02 0
8.80217871e-01 1.86623369e-01 0
6.43981067e-02 -1.54017061e-01 0
3.07186776e-01 -2.12078139e-01 0
4.47890017e-01 -1.05447371e-02 0
8.01579425e-01 3.36032684e-02 0
3.85943127e-02 -4.24841642e-02 0
6.81356784e-01 2.47748132e-03 0
6.52453105e-01 -1.96570820e-01 0
4.97360937e-01 -1.02241377e-03 0
4.70679843e-01 -1.47632005e-02 0
4.01284777e-01 -6.12267595e-02 0
-2.31408446e-02 8.13101559e-02 0
4.92858406e-01 -1.95096829e-03 0
1.98028206e-01 2.99766676e-02 0
2.41941868e-02 7.30653905e-02 0
7.15755166e-01 -7.64854896e-02 0
4.34864484e-01 4.51129600e-03 0
6.35180899e-01 -6.85039261e-02 0
5.22562323e-01 2.80958291e-01 0
1.17959161e-01 3.41499772e-02 0
5.70074057e-01 -2.74192381e-02 0
6.81425489e-01 1.15368716e-01 0
6.88469494e-01 6.92650753e-02 0
4.53360651e-01 -1.03151409e-03 0
1.25527678e+00 -8.41608851e-02 0
8.69616587e-01 6.22540667e-02 0
4.89273855e-02 -1.15718526e-01 0
5.64562740e-02 -1.11743609e-01 0
4.57479892e-01 -8.73275407e-03 0
4.48449453e-01 1.78395598e-03 0
6.88857303e-01 -2.74281824e-02 0
4.58265656e-01 -8.61341049e-02 0
3.50740545e-01 -2.77972100e-02 0
7.92666824e-01 -2.37461646e-01 0
6.73669099e-02 -2.14296367e-04 0
4.17596086e-01 -2.99910988e-01 0
3.32074033e-01 -1.73300925e-02 0
6.73373392e-01 -3.39292371e-03 0
6.12835132e-01 -1.11548665e-03 0
4.93137178e-02 3.46660887e-02 0
6.30356883e-01 1.12604225e-01 0
4.24986727e-01 -2.97277678e-02 0
5.85502872e-01 1.73409792e-01 0
3.34608916e-01 -2.91472517e-02 0
8.65315580e-01 -2.51621063e-01 0
4.95198300e-01 2.61026779e-01 0
3.46273712e-01 -7.08758246e-02 0
7.05097151e-01 6.68418239e-02 0
3.18013951e-01 -4.83699967e-02 0
5.50658888e-01 -5.88469470e-02 0
1.52021951e-01 -2.70399652e-02 0
3.83219672e-01 9.23181759e-02 0
5.67182524e-01 -9.01942968e-02 0
7.43262461e-01 1.94720242e-02 0
2.98990623e-01 -3.91135786e-01 0
4.53558548e-01 6.01999853e-03 0
4.83056466e-01 -1.71953445e-01 0
4.61040888e-01 -1.45246746e-01 0
9.68645853e-01 -1.45427128e-01 0
4.61491414e-01 -2.45050558e-02 0
5.87850559e-01 -4.18455558e-01 0
6.13318201e-01 -1.98176269e-02 0
3.59471902e-01 1.03228737e-03 0
6.26939861e-01 -1.37881420e-01 0
5.04330377e-01 -1.53608578e-01 0
2.73577973e-01 -3.81429683e-01 0
5.91456501e-01 2.40203656e-01 0
5.24675471e-01 4.13217968e-02 0
2.75475707e-01 -1.18976955e-01 0
4.47086863e-01 6.54569890e-03 0
1.01200078e-01 -2.31029694e-01 0
8.59928559e-01 -1.22633739e-01 0
-1.97835576e-02 9.99559093e-02 0
4.60346174e-01 2.21905173e-01 0
-1.43433841e-02 5.29246503e-03 0
6.04866282e-01 1.11631602e-01 0
-7.79070481e-02 1.14224937e-02 0
6.41806148e-01 -1.95833694e-02 0
1.05042582e-01 1.45224983e-02 0
7.84829289e-01 -2.78328130e-01 0
1.20449029e-01 2.44441833e-01 0
6.58936854e-01 -8.25262549e-02 0
9.81807925e-01 -1.45482840e-01 0
5.07264516e-01 -2.88625477e-02 0
8.90907808e-01 2.02836696e-01 0
-3.32173489e-02 1.00236860e-01 0
5.15048291e-01 1.40429875e-02 0
7.77967087e-01 -2.69356755e-02 0
3.14646874e-01 8.16561423e-02 0
1.35175480e-01 1.07120063e-01 0
6.06582807e-01 -8.72630191e-02 0
5.14298497e-01 2.65029235e-02 0
-2.23721400e-02 -1.67681293e-02 0
6.39716568e-01 5.36922296e-02 0
5.52942316e-01 2.99907125e-03 0
1.04664137e+00 -1.84277325e-01 0
5.34028924e-01 6.64368927e-02 0
5.62730640e-02 6.80334994e-03 0
1.75284069e-01 -1.54199550e-01 0
4.98855860e-01 -7.31671127e-03 0
5.56231082e-01 -7.50778236e-02 0
4.57847351e-01 -4.58639856e-03 0
6.19464826e-01 -2.81698186e-01 0
3.09220741e-01 -6.32602971e-02 0
5.25213353e-01 1.85544086e-02 0
3.83767738e-01 4.39268160e-02 0
4.57842197e-01 -2.04917966e-03 0
8.33640937e-01 1.83645610e-01 0
1.13560002e+00 7.59887684e-02 0
5.51663542e-01 -1.13415567e-01 0
5.31298640e-01 5.48984934e-02 0
4.83783379e-01 4.78456225e-02 0
4.40669755e-01 -4.09497918e-03 0
3.49728472e-01 -1.20526386e-01 0
2.60511144e-01 -1.10250258e-01 0
7.58928570e-01 3.20386193e-01 0
5.52657477e-01 7.96698027e-02 0
6.10242229e-01 -3.92170657e-01 0
3.66102978e-01 -5.66848336e-02 0
7.66059445e-01 1.30198740e-01 0
5.32560734e-01 -1.25363289e-01 0
6.56838875e-01 1.61643941e-01 0
3.56974784e-01 -1.23404627e-01 0
-1.36604086e-01 2.12942106e-02 0
3.20684466e-01 5.31241517e-02 0
7.33550695e-02 -5.82051372e-03 0
8.46589986e-02 -4.04524636e-02 0
6.08803653e-01 -1.44641406e-02 0
5.83022986e-01 5.19571289e-03 0
4.55157894e-01 4.98908961e-03 0
5.64869141e-01 1.59855315e-01 0
6.42998206e-01 -1.12064878e-01 0
6.53179735e-01 -6.61128014e-02 0
5.48941263e-01 -8.49286959e-02 0
1.75936417e-01 1.29243088e-01 0
3.20716463e-01 8.85016078e-02 0
7.09894171e-01 -2.93331291e-01 0
5.74640338e-01 2.90866138e-01 0
5.05596289e-01 4.91942465e-03 0
6.20874352e-01 1.42389983e-01 0
3.83038128e-01 -1.27539605e-02 0
5.82011960e-01 -1.45417757e-01 0
4.86133253e-01 -1.83230426e-02 0
3.51381322e-01 -1.02984246e-01 0
3.23744798e-01 1.26805919e-01 0
5.86457381e-01 1.95666426e-01 0
2.28304708e-01 1.37827663e-01 0
5.42534096e-01 -1.09751756e-02 0
4.86027329e-01 -1.66669433e-03 0
5.44375007e-01 2.50017365e-01 0
6.56259058e-01 -6.28215437e-02 0
2.03540204e-01 -1.36660809e-01 0
5.88182556e-01 6.91905525e-02 0
4.53638080e-01 -7.20479101e-02 0
1.05373121e+00 -4.39606872e-02 0
7.03687725e-01 7.01182705e-02 0
2.14019212e-01 -8.34602642e-02 0
1.30873882e+00 -2.13556046e-01 0
9.31446731e-01 -2.72639911e-01 0
6.52554943e-01 -1.12409166e-01 0
3.77303367e-01 9.74523753e-02 0
1.13128587e+00 2.90952298e-02 0
1.12106636e+00 5.74723140e-02 0
4.83925981e-01 2.82012814e-01 0
4.31501694e-01 -3.72542820e-02 0
5.97532428e-01 4.53263137e-02 0
4.11117323e-01 -1.08114409e-02 0
5.73028102e-01 -2.72753596e-01 0
5.39791178e-01 6.11021071e-02 0
5.03679270e-01 -3.91507844e-03 0
4.47506769e-01 4.51589585e-04 0
3.71589400e-01 -2.22333877e-01 0
-1.64253927e-01 7.81815302e-02 0
2.75521390e-01 6.01254065e-02 0
8.08029888e-01 1.78555770e-02 0
3.21540447e-01 -2.29867100e-01 0
4.18531126e-01 1.00752702e-01 0
4.99937070e-01 1.04870207e-01 0
5.53191009e-01 -8.95450901e-03 0
1.15571064e+00 6.98930717e-02 0
5.02785407e-01 -4.80857155e-03 0
4.04656117e-01 2.68057502e-01 0
-1.10562043e-01 5.35534228e-02 0
1.30782997e-01 -6.51402416e-02 0
8.28403235e-01 1.44253197e-01 0
1.07462361e+00 1.88362295e-01 0
4.31315339e-01 -2.53128699e-02 0
4.51822595e-01 2.58259211e-02 0
4.23925296e-01 -1.57895828e-02 0
-4.68760277e-02 7.30857172e-02 0
8.22876960e-01 6.29576535e-02 0
5.26805553e-01 4.44062792e-02 0
3.24177155e-01 1.50532768e-01 0
6.83118286e-01 -7.28880358e-02 0
5.04253767e-02 2.83507305e-02 0
4.19394908e-01 -9.46080806e-03 0
9.56211984e-01 -3.53421101e-02 0
3.96299737e-01 2.25931351e-01 0
2.24128251e-02 -2.96316604e-03 0
1.83986910e-01 2.78563310e-02 0
6.91731297e-01 8.65733616e-02 0
4.29538075e-01 1.95139232e-02 0
6.95908669e-01 4.84344052e-02 0
2.65434989e-01 1.53607926e-01 0
3.70980350e-01 8.74686060e-03 0
3.70836474e-01 3.54574588e-01 0
5.46287936e-01 6.83196407e-02 0
5.83443148e-01 6.62762101e-02 0
1.26750024e-01 5.43271240e-02 0
5.49062968e-01 -9.14745051e-02 0
6.27977730e-01 -1.21993385e-01 0
-2.88357765e-02 -2.33242839e-02 0
4.87408429e-01 6.87255086e-02 0
1.99287359e-02 -5.17986325e-04 0
4.98479240e-01 2.61980700e-03 0
1.53679694e-01 -2.74361843e-01 0
6.19668494e-01 -1.12077654e-01 0
3.37251420e-01 6.62360263e-02 0
5.94660460e-01 -5.07466017e-02 0
6.46439047e-01 -2.08363494e-02 0
1.28019935e-01 -2.44358058e-01 0
2.56377321e-02 7.88729072e-02 0
6.29043783e-01 -6.39887249e-02 0
5.97722930e-01 2.14448573e-01 0
3.16898536e-01 -1.72113429e-01 0
9.80071629e-01 4.96340599e-02 0
5.15050526e-01 -2.62833835e-03 0
4.17039290e-01 1.76448239e-01 0
9.26567872e-01 -5.20490858e-02 0
5.26348564e-01 -5.14646958e-02 0
7.12790803e-01 -1.58964844e-01 0
7.52844492e-01 3.82977852e-01 0
5.60653876e-01 2.46863512e-01 0
5.81845546e-01 -1.41101206e-01 0
2.81347315e-01 -1.90087870e-01 0
2.28616834e-01 5.22870226e-02 0
5.29963938e-01 3.82414513e-02 0
1.18807714e+00 4.29755008e-02 0
4.42276758e-01 3.96518801e-01 0
4.30389551e-01 -2.76054196e-02 0
2.90050466e-01 2.01623537e-01 0
2.61552316e-01 -1.19657601e-01 0
4.55583948e-01 -6.03169333e-03 0
1.93734109e-01 2.92858167e-01 0
5.40034932e-01 8.68254128e-02 0
4.65647011e-01 5.09274987e-03 0
4.28205985e-01 -1.43916874e-01 0
5.00013901e-01 -5.44776320e-03 0
5.73514203e-01 -6.16474614e-03 0
8.41694183e-01 5.47429938e-02 0
3.72088028e-01 4.01761260e-01 0
4.97099317e-01 -7.88437411e-02 0
5.09555561e-01 1.48285843e-02 0
4.14335826e-01 1.67031045e-01 0
2.36379813e-01 3.33356113e-01 0
6.55474881e-01 -5.43331797e-02 0
4.61550324e-01 2.49585703e-03 0
5.59159907e-01 8.00234479e-02 0
6.51208950e-01 7.80243444e-03 0
5.79530778e-01 1.32210220e-01 0
-1.96024831e-02 -1.70445892e-02 0
-1.15697343e-01 3.20968134e-02 0
6.08382572e-01 2.34120460e-01 0
5.58079867e-01 2.22691221e-01 0
2.53376199e-01 2.04470283e-01 0
5.74134717e-01 4.77118880e-02 0
4.96621510e-01 5.21702133e-03 0
4.83897488e-01 2.81145597e-02 0
3.79768893e-01 2.37022077e-01 0
4.89252650e-01 -2.56274751e-02 0
3.81501457e-01 5.39763609e-02 0
2.61624002e-01 3.24611519e-01 0
5.27287343e-01 6.81015787e-02 0
4.46181883e-01 -4.41221888e-02 0
4.87415200e-01 -5.36735780e-03 0
3.25391625e-01 3.97593974e-02 0
6.25036170e-01 -1.47731176e-02 0
6.51440591e-01 -2.44640940e-02 0
1.26996765e+00 -1.08444271e-01 0
5.16804686e-01 9.82034314e-03 0
4.89031526e-01 1.19429030e-02 0
6.29047146e-01 -2.09073975e-01 0
5.14413153e-01 -4.29366437e-01 0
-7.69750156e-02 9.30401615e-02 0
4.87516018e-01 -5.02564296e-03 0
6.32933864e-01 -7.02006282e-02 0
4.04698283e-01 -1.20329255e-01 0
7.30671119e-01 -6.04415253e-02 0
4.96169643e-01 3.76913390e-03 0
1.51502595e-01 1.82649978e-01 0
4.00631086e-01 2.35443672e-01 0
6.48386629e-01 6.37869401e-02 0
7.80960478e-01 2.36295667e-01 0
-9.92061493e-03 1.89855814e-02 0
5.04422806e-01 -1.10482047e-01 0
8.78830561e-01 -3.32273429e-01 0
3.63007603e-01 -3.16537755e-01 0
5.59538813e-01 1.36871838e-01 0
5.11417726e-01 -1.19927392e-01 0
5.46680449e-01 5.85631213e-02 0
3.80978326e-01 -4.26354263e-03 0
2.14103807e-01 -3.09620034e-01 0
3.67652037e-01 3.32646033e-01 0
6.19019761e-01 -8.02314116e-02 0
5.34561791e-01 -1.71363669e-01 0
7.05244719e-02 -4.14301717e-02 0
4.00067409e-01 1.24850940e-02 0
6.62281473e-02 -1.56849115e-01 0
7.59093094e-01 -4.51669309e-02 0
1.91194032e-01 -3.25590558e-01 0
4.61783908e-01 -1.01679273e-01 0
4.57976750e-01 2.14135777e-02 0
4.77128008e-01 3.15518534e-01 0
4.85615100e-01 -2.37958508e-03 0
4.45365092e-01 2.45694115e-02 0
4.48219968e-01 -9.22436304e-04 0
3.53948741e-01 -1.22805237e-01 0
5.39272464e-01 2.25016550e-02 0
5.51013915e-01 -1.39749720e-02 0
1.22138816e+00 -9.87337448e-02 0
4.98905051e-01 1.15585092e-01 0
3.13109134e-01 6.41956312e-02 0
7.01648882e-01 -3.53504550e-01 0
3.02972120e-01 7.68995503e-02 0
1.86425077e-01 -5.88202445e-02 0
3.05750056e-01 2.16193987e-01 0
5.37442464e-01 -9.73181894e-02 0
3.55830229e-01 -3.91457748e-01 0
6.60894224e-01 -6.23246972e-02 0
4.53222682e-01 8.01641251e-04 0
6.69180910e-01 -1.49629070e-01 0
4.26354527e-01 -1.86052637e-01 0
4.29534972e-01 -3.00386897e-02 0
5.43391087e-01 1.48332624e-02 0
6.24592778e-01 -1.31541661e-01 0
7.79397159e-01 -3.86482463e-01 0
1.18976721e+00 2.49620291e-02 0
5.65174563e-01 -1.05517800e-01 0
4.49586460e-01 1.63693496e-03 0
4.60306711e-01 1.87576941e-02 0
1.43487467e-01 4.35603799e-02 0
2.18286685e-01 6.66955049e-02 0
6.98506398e-01 2.95353443e-01 0
3.14562980e-01 3.86534532e-01 0
3.63027195e-01 5.64507481e-02 0
6.86657215e-01 1.06495131e-01 0
4.70152010e-01 2.98668027e-02 0
5.34671087e-01 7.97004688e-02 0
6.55560663e-01 4.93174068e-02 0
-7.35705992e-02 5.88268667e-02 0
7.87208750e-01 2.05989965e-01 0
6.12520623e-01 2.23534837e-01 0
6.48994530e-01 1.03451264e-02 0
5.31979933e-01 2.17174396e-01 0
5.98781464e-01 -9.11366099e-02 0
5.71222830e-01 9.10963499e-02 0
2.67063162e-01 -9.13197015e-02 0
6.85482952e-01 2.87804078e-01 0
4.38443603e-01 2.64266564e-02 0
3.25205930e-01 1.14634508e-01 0
6.63279534e-01 4.01286748e-01 0
6.69263848e-01 1.61194798e-02 0
5.97926039e-01 7.56479090e-02 0
6.45712413e-01 -2.19709155e-01 0
4.40421310e-01 2.30946209e-02 0
2.24390287e-01 2.73525748e-01 0
6.75801470e-01 2.06062078e-01 0
6.18835930e-01 -8.06115719e-02 0
9.66597449e-01 7.23552929e-03 0
5.26138978e-01 -1.22614537e-02 0
4.00261120e-02 -5.94455468e-02 0
4.16167872e-01 8.08513950e-02 0
-1.14518654e-01 5.56667992e-02 0
1.97559123e-01 1.04057063e-01 0
5.06282301e-01 6.52382812e-04 0
3.90286321e-01 -3.08650865e-02 0
5.89425413e-01 -9.56942406e-02 0
5.03348237e-01 -8.58096922e-03 0
-5.93462486e-02 7.37811370e-02 0
4.78355013e-01 -4.31688050e-01 0
2.54449244e-02 7.93585217e-02 0
1.71785138e-01 1.93067699e-01 0
1.34091790e+00 -3.19205293e-01 0
7.10008854e-01 5.73148300e-02 0
6.38741764e-01 -7.49630958e-02 0
3.11704240e-01 8.75325682e-02 0
8.31192500e-01 -2.77003235e-01 0
6.06603971e-01 7.63175346e-02 0
9.62524686e-02 1.46469971e-01 0
4.79743330e-01 -1.36956181e-01 0
5.10460980e-01 2.12099997e-03 0
6.18850698e-01 7.42598648e-02 0
3.68534181e-01 1.34083638e-01 0
5.06181729e-01 3.49533855e-01 0
5.93130670e-01 5.76173199e-02 0
5.64364385e-01 1.07904876e-01 0
4.90715522e-01 4.38236038e-02 0
7.17459769e-02 6.09108704e-02 0
5.25302105e-01 -1.61703814e-01 0
7.18344961e-01 3.90476350e-01 0
1.73713238e-01 2.23638096e-01 0
2.25290580e-01 -4.41782061e-02 0
4.50981118e-01 -3.09408407e-03 0
6.95930340e-01 7.26414056e-02 0
7.62783643e-01 -2.27516018e-01 0
5.60030721e-01 -8.10678257e-02 0
3.91223206e-01 -7.24485347e-02 0
1.66738445e-01 -3.04231430e-01 0
6.41011673e-01 9.44121610e-03 0
4.94658593e-01 -2.60773254e-03 0
5.74386746e-01 6.91149005e-02 0
6.31957068e-01 8.51263729e-02 0
4.94389835e-01 1.62078420e-02 0
2.59179760e-01 3.33776465e-01 0
4.87124373e-01 2.00296579e-02 0
2.14201484e-01 -1.25754726e-01 0
5.31163938e-02 2.37179707e-02 0
6.94680278e-01 1.81728360e-01 0
7.37202708e-01 3.83257567e-01 0
-2.40270779e-02 7.18937514e-02 0
6.22572761e-01 -2.10312096e-02 0
6.77144178e-01 -2.86777024e-01 0
7.94237050e-02 -1.28520397e-01 0
6.14601646e-01 1.04879641e-01 0
3.15847279e-01 3.33610550e-01 0
1.56920575e-01 1.84997654e-01 0
8.14119321e-02 -7.96491832e-02 0
6.21336144e-01 7.74356939e-02 0
4.86122718e-01 2.02272897e-02 0
3.96973777e-01 -2.39848641e-02 0
2.29177349e-02 7.24891460e-02 0
6.72601675e-01 9.47428879e-03 0
9.93156407e-01 8.70113941e-03 0
4.89732537e-01 -1.02600307e-02 0
9.30117169e-01 4.02460611e-02 0
-6.53052507e-02 9.12169730e-02 0
5.23607386e-01 -6.17754328e-02 0
5.76564047e-01 6.04652635e-03 0
4.80720630e-01 -3.84091366e-02 0
3.49412594e-01 -2.75001791e-02 0
4.91307034e-01 -1.68825438e-02 0
2.97347146e-01 -1.82208968e-02 0
4.46734876e-01 1.60369974e-02 0
2.74351920e-01 -3.36406279e-01 0
2.53545467e-01 1.97250378e-01 0
4.38983607e-01 -4.09343268e-01 0
1.09167803e+00 -1.47250989e-01 0
3.53539057e-01 -1.26281143e-01 0
4.39527965e-01 3.68462806e-02 0
6.50056973e-01 -1.37911333e-01 0
1.80545885e-01 -7.05251305e-02 0
3.60225773e-01 3.30309817e-01 0
4.51467043e-01 -6.61490194e-02 0
6.31204459e-01 -3.58025059e-02 0
5.18421294e-01 -2.10450130e-02 0
4.50348398e-01 2.22010327e-03 0
1.63602471e-01 1.21250825e-01 0
4.49897571e-01 2.27954242e-03 0
6.06246227e-01 4.19004813e-02 0
4.95806985e-01 2.43390288e-02 0
3.59268337e-01 8.37112010e-02 0
1.11966360e+00 1.09795613e-01 0
1.17748457e+00 -5.82427764e-02 0
5.69289633e-01 -2.43521227e-02 0
7.40731880e-01 3.02385828e-01 0
6.20869369e-01 -2.37844489e-01 0
1.00862848e+00 1.56298128e-02 0
6.43360194e-03 -3.35630413e-02 0
-7.65168755e-02 3.55349739e-02 0
6.21541396e-01 -6.81804024e-02 0
1.23504103e+00 -1.01749478e-01 0
4.47109228e-01 1.30041322e-04 0
3.10914495e-01 7.35498488e-02 0
5.06408181e-01 -5.28961943e-04 0
3.63426407e-01 -1.45719951e-01 0
6.57961159e-01 -5.62356399e-02 0
7.52031293e-01 1.02532365e-01 0
8.52525918e-01 3.58525258e-02 0
5.35930621e-01 3.27779148e-02 0
6.28790581e-01 -5.58491665e-02 0
9.16348542e-01 -3.02855031e-01 0
4.53207046e-01 -5.09999544e-03 0
5.22868963e-01 -6.64496177e-02 0
7.49908466e-02 5.15797237e-02 0
6.49363968e-01 -6.50275184e-02 0
7.24218946e-01 1.71711613e-01 0
1.11735651e-01 4.68584092e-02 0
3.62688593e-01 -1.47330672e-01 0
5.46561141e-01 1.76327157e-02 0
9.99549103e-01 2.68521666e-01 0
8.88600815e-01 -6.92049657e-03 0
6.08454022e-01 -1.03730541e-01 0
3.34362162e-01 3.34186036e-01 0
4.88530722e-01 3.46696141e-02 0
2.77680367e-01 -4.05426652e-02 0
9.47983091e-02 -2.30735227e-01 0
1.98327262e-01 8.09750432e-02 0
-2.37441841e-02 9.90157832e-02 0
1.01124578e+00 3.83551599e-03 0
9.23082544e-01 -2.41354120e-01 0
-1.64705170e-01 2.07473473e-03 0
5.38156417e-01 3.35048532e-02 0
2.42776234e-02 7.13131639e-02 0
-1.38462353e-01 6.92401830e-02 0
7.55828911e-01 2.42358642e-01 0
4.71510081e-01 -1.67425601e-01 0
2.13576624e-01 7.03416344e-02 0
1.60748523e-01 -7.99690387e-02 0
4.21340727e-01 -4.22417427e-02 0
6.35763128e-01 -5.31923980e-02 0
4.35773519e-01 -2.85007701e-02 0
4.44206514e-01 -3.68543321e-02 0
4.97024362e-01 -2.48389022e-03 0
4.58527743e-01 -5.37028612e-02 0
7.07293587e-01 -9.70717384e-02 0
5.80995322e-01 -3.27890239e-02 0
4.99682294e-01 1.54903625e-02 0
5.74035231e-01 1.63047261e-01 0
-3.61770505e-02 8.23054299e-02 0
4.26302652e-01 1.49512498e-01 0
2.02782923e-01 -9.47680397e-02 0
8.74791074e-01 1.12507809e-01 0
5.04909051e-01 4.51551575e-02 0
-3.04373746e-02 1.01323659e-01 0
1.24398598e+00 -2.97473894e-02 0
4.18493756e-01 9.23744639e-02 0
4.74047410e-01 1.96122834e-02 0
8.23925314e-01 7.91126303e-02 0
7.01127643e-01 8.88888838e-02 0
5.15714918e-01 1.30208931e-01 0
2.82026099e-01 4.33548781e-02 0
4.52808075e-01 1.68411274e-02 0
6.54306457e-01 -1.45463241e-01 0
7.40268307e-01 1.54209003e-01 0
5.92834052e-01 -7.87862550e-02 0
3.54856381e-01 -2.98635878e-02 0
6.55757299e-01 -4.09886810e-02 0
4.38327389e-01 4.58337251e-02 0
6.97779035e-01 4.19390001e-02 0
7.93493451e-01 -2.26517709e-01 0
3.10072083e-01 -1.93938781e-01 0
4.64120405e-01 -5.59212645e-04 0
3.33584481e-01 -9.78814320e-03 0
6.15441132e-01 -5.46387235e-02 0
1.87197560e-01 1.00790691e-01 0
3.11009209e-01 6.74524899e-02 0
1.00701752e+00 1.78097338e-01 0
4.63449826e-01 1.06566423e-01 0
1.94125720e-01 -1.11872772e-01 0
2.25664021e-01 -3.58140903e-01 0
8.45138529e-01 2.29865702e-01 0
1.57343066e-01 -3.03807151e-01 0
9.18758731e-01 3.07930244e-01 0
1.30017592e+00 -1.55476743e-01 0
1.07435992e+00 -1.48870293e-01 0
6.18997082e-01 -3.06677994e-02 0
4.34065695e-01 -2.75596257e-01 0
1.11740249e+00 1.04591282e-01 0
5.55759682e-01 -3.67075906e-01 0
8.08654848e-01 -3.35252138e-01 0
4.29913196e-01 7.67618455e-03 0
4.31680897e-01 2.03471801e-01 0
4.34014475e-01 3.73232811e-02 0
-1.03466657e-02 -2.50359707e-02 0
5.30477663e-01 -1.40179051e-01 0
9.97501300e-01 2.00724586e-01 0
2.04141895e-01 -3.51960013e-01 0
-1.19963185e-01 6.82629238e-03 0
4.50033907e-01 -3.43893612e-04 0
6.13396436e-01 -5.69997304e-02 0
6.30369932e-01 -6.39417935e-02 0
4.99254163e-01 -1.21447569e-02 0
2.55830981e-01 1.71485649e-01 0
3.61076221e-01 4.64811963e-03 0
1.91524696e-01 3.93026861e-02 0
6.81851500e-01 -6.14397984e-02 0
7.80722118e-02 -4.96834413e-02 0
5.68237228e-01 5.66258629e-02 0
5.79813979e-01 -5.28142279e-02 0
4.52431170e-01 2.91088234e-03 0
8.27240832e-01 -2.60030183e-01 0
4.16858097e-01 -1.25338708e-01 0
6.69261849e-01 -1.02935457e-02 0
9.49436060e-01 -2.62094312e-01 0
2.14808909e-01 6.47096220e-02 0
3.76414220e-01 3.00056432e-02 0
4.01537037e-01 -3.90906930e-01 0
1.43240040e-01 3.27148514e-02 0
6.49554244e-01 -6.31317231e-03 0
-5.08504471e-02 5.54274467e-02 0
4.69665113e-02 -2.95184248e-03 0
1.07820672e-01 1.08624830e-02 0
6.58922744e-01 -6.47566772e-02 0
6.78905280e-01 -2.17148665e-02 0
3.81317601e-01 -4.12300405e-01 0
-1.41651316e-02 1.06498329e-02 0
5.01071738e-01 -1.59189311e-03 0
6.38078464e-01 1.09587744e-01 0
-7.11773683e-03 8.56569897e-02 0
1.30069703e-01 8.42902591e-02 0
4.36346326e-01 -3.95839470e-01 0
5.66946767e-01 -1.23321967e-02 0
4.60580971e-01 9.71788537e-02 0
5.03099673e-01 2.36213590e-03 0
6.01686777e-01 -1.55145078e-02 0
6.34225702e-01 -3.90937088e-02 0
4.53690250e-01 5.04858801e-03 0
1.92984207e-01 -3.01300554e-01 0
5.60222239e-02 6.61812412e-02 0
6.36822096e-01 -6.70822116e-02 0
1.96891529e-01 -9.77155819e-02 0
1.04960092e+00 1.05005409e-01 0
1.22079734e+00 -1.40824170e-02 0
6.28710053e-01 2.85492718e-01 0
8.13051537e-01 -1.99278022e-01 0
8.81322276e-01 3.32525184e-01 0
4.25026694e-01 4.01520681e-02 0
5.99909611e-01 9.79016004e-02 0
7.21705186e-01 2.28519395e-01 0
-1.47685570e-01 8.51852160e-02 0
8.42296893e-01 3.54755777e-01 0
3.88083870e-01 -3.89834414e-01 0
5.63449107e-01 -8.85835948e-02 0
5.41196644e-01 -1.25011464e-01 0
2.62666785e-01 5.23537156e-02 0
3.52901627e-01 -9.18405118e-02 0
-1.57413909e-01 7.90518888e-02 0
5.08136562e-01 -5.50009035e-02 0
6.30433425e-01 5.36434229e-02 0
4.39781498e-01 -1.43690049e-02 0
5.87407364e-01 9.00334650e-02 0
4.93205294e-01 1.18043651e-01 0
6.57585891e-01 -1.34614301e-01 0
4.90914304e-01 2.43034017e-02 0
5.32243633e-01 8.11769867e-02 0
4.93441760e-01 -5.37994378e-03 0
4.24284698e-01 2.43806327e-01 0
5.54962329e-01 -2.88999963e-01 0
5.41366851e-01 -2.71632366e-01 0
7.70791481e-01 1.61876279e-01 0
7.83721926e-01 1.22030040e-01 0
7.08959183e-01 2.12299609e-01 0
5.74042190e-01 2.46299489e-02 0
-5.68615734e-02 6.74300980e-02 0
4.28524777e-01 1.44656233e-02 0
2.91609914e-01 2.17526308e-02 0
7.13159199e-01 9.11885512e-02 0
7.05644761e-01 1.99885034e-01 0
5.80439888e-01 -6.91837383e-02 0
-1.41047879e-02 2.38926712e-02 0
6.39957252e-01 3.42173728e-02 0
6.21266504e-01 -8.08416487e-02 0
4.85676087e-01 1.31735717e-02 0
5.57255431e-01 1.29237831e-01 0
6.03893522e-01 -9.09584110e-02 0
6.47926624e-01 -1.42860807e-01 0
-4.98030307e-03 -3.05967375e-02 0
4.37254501e-01 3.15985199e-02 0
5.31237058e-01 3.48265799e-02 0
4.79575133e-01 2.29515561e-02 0
4.54895232e-01 4.64700014e-03 0
6.00999580e-01 -5.41883809e-02 0
7.45848676e-01 -2.32104319e-01 0
4.32444436e-01 1.57335939e-02 0
-1.60225064e-03 2.06148943e-02 0
7.41171639e-01 6.71149464e-02 0
4.46373312e-01 1.87064650e-02 0
6.59762223e-02 4.42449392e-02 0
5.17336580e-01 4.94880340e-03 0
4.16013865e-01 -2.27884750e-01 0
4.95458571e-01 -5.38686445e-04 0
6.50659598e-01 -5.86460040e-04 0
2.06497558e-01 1.04587164e-01 0
5.19195508e-01 -3.95818668e-02 0
3.77247854e-01 8.43052905e-02 0
4.01908670e-02 6.62487273e-02 0
4.30577318e-02 7.75348847e-02 0
4.47043274e-01 -3.77332494e-02 0
3.37514245e-01 -2.30995993e-01 0
4.22893582e-01 -6.32723327e-04 0
6.61305188e-01 -1.90991573e-02 0
6.43414685e-01 2.33372909e-02 0
4.59699399e-01 1.83166671e-02 0
6.39728745e-01 -6.27439013e-02 0
5.77553412e-01 -6.21053431e-03 0
2.73461083e-01 9.44717274e-02 0
6.24875316e-01 8.68228988e-02 0
5.73912000e-01 -8.45889633e-02 0
6.49790029e-01 -8.77411432e-02 0
8.46059754e-01 -3.13802154e-02 0
4.67411921e-01 1.18774004e-01 0
5.33182228e-01 1.94243034e-02 0
4.28403039e-01 -2.52960575e-01 0
8.00898423e-01 2.85586060e-01 0
7.09615302e-01 -3.94613838e-01 0
6.43889679e-01 -8.26441774e-03 0
6.47637861e-01 -4.00005918e-02 0
2.65015275e-01 2.27913037e-01 0
6.56695746e-01 1.37145806e-02 0
6.60202803e-01 -1.87973102e-01 0
5.43649323e-01 -2.01537346e-03 0
5.70484312e-01 -7.56399380e-02 0
4.32705292e-01 9.71609114e-03 0
7.53318856e-01 1.65422056e-01 0
1.12776914e+00 -3.41296176e-03 0
5.26484751e-01 1.14500838e-01 0
-1.40948612e-01 8.64721592e-02 0
7.68626472e-01 -1.05792352e-01 0
5.65080388e-01 5.43114416e-02 0
7.19394614e-01 1.93765690e-02 0
6.97863052e-01 9.51675662e-02 0
-8.20935387e-02 1.73501167e-02 0
5.10914335e-01 -1.15667763e-02 0
6.41294149e-01 -1.60134084e-02 0
5.42320543e-01 2.33498850e-02 0
5.56862425e-01 4.31552007e-01 0
5.97493046e-01 4.30275176e-01 0
4.05821462e-01 7.67978336e-02 0
6.67867336e-01 1.27099667e-02 0
6.96323724e-01 -5.92339778e-02 0
3.54855514e-01 6.50734965e-02 0
3.73190918e-01 1.46900226e-03 0
6.73730808e-01 -1.08798673e-02 0
9.31235008e-01 -2.54222325e-01 0
1.98385305e-01 -4.23195251e-02 0
5.91236551e-01 8.13314834e-02 0
8.96109048e-01 -2.10001012e-01 0
5.22564840e-01 2.09877548e-01 0
5.48950359e-01 -7.13622038e-02 0
6.47186106e-01 3.15388809e-03 0
1.55932669e-02 4.46349447e-02 0
3.09220187e-01 -9.71252084e-03 0
4.82492304e-01 -5.03317906e-03 0
6.25237996e-01 6.38286153e-02 0
1.19069978e+00 -7.54569370e-02 0
2.59660378e-01 3.09769236e-01 0
5.12616201e-01 1.18999913e-02 0
4.14885377e-01 -5.08834628e-02 0
6.80345888e-01 6.80054772e-02 0
4.65731596e-01 2.74797731e-02 0
6.05460573e-01 -5.00244759e-02 0
3.69769591e-01 1.11280004e-01 0
1.14389052e+00 -3.41126896e-02 0
5.39415776e-01 5.27894648e-02 0
7.57766615e-01 2.78776257e-01 0
3.05512445e-01 -4.08512031e-02 0
3.05589012e-01 -2.28577680e-02 0
5.79281702e-01 7.50875525e-02 0
1.14254981e-01 1.69065418e-02 0
4.47988838e-01 -5.37838933e-04 0
8.13546278e-01 -5.00648903e-02 0
6.08798976e-01 3.98695962e-02 0
5.76730729e-01 4.80924813e-02 0
5.41734438e-01 6.49379059e-02 0
4.51459778e-01 -3.51782150e-03 0
4.65183152e-01 -1.54000836e-01 0
3.66817145e-01 -9.56552923e-02 0
4.97179830e-01 -3.63598077e-02 0
6.30714707e-01 -6.23060354e-02 0
4.37540765e-01 -1.26291672e-01 0
4.75524492e-01 1.34812173e-02 0
4.97416256e-01 -2.43555122e-02 0
4.52607901e-01 1.99616045e-01 0
3.63942364e-01 8.14685818e-02 0
4.50676400e-01 -3.26793964e-03 0
7.10678169e-01 1.33686606e-01 0
7.17325845e-01 1.41934044e-02 0
7.70417209e-01 -3.29607747e-01 0
6.92525050e-01 -1.41244326e-01 0
4.71706733e-01 -2.24456427e-01 0
5.54259303e-01 -2.25687133e-02 0
5.77462674e-01 -2.41626827e-02 0
5.19463073e-01 -4.56657170e-02 0
4.88051942e-01 5.37685187e-02 0
4.37845898e-01 4.46832921e-02 0
5.43903184e-01 -1.44534422e-03 0
2.52328257e-01 -2.45423784e-02 0
6.43177492e-01 3.09158410e-02 0
6.93113357e-01 -4.00540893e-02 0
2.45070663e-01 1.62845821e-01 0
8.98946962e-02 9.86816364e-03 0
4.16943399e-01 3.74519828e-01 0
6.43710431e-01 -8.37032109e-02 0
6.35301135e-01 -5.14337550e-02 0
3.91160965e-01 4.00891271e-01 0
4.81634064e-01 4.31860049e-02 0
4.82073445e-01 -5.79217349e-03 0
3.03821929e-01 2.70345574e-01 0
6.14171448e-01 -1.44850280e-02 0
-7.10234409e-02 1.25301845e-02 0
5.22886517e-01 -1.35681085e-01 0
6.07851363e-01 -9.05129041e-02 0
9.98066504e-01 -4.58436622e-02 0
6.08236541e-01 -2.25767205e-02 0
3.83518244e-01 -1.37012641e-01 0
-1.09559298e-01 6.14766925e-02 0
4.74624448e-01 1.16061552e-01 0
5.30437527e-01 1.60794221e-02 0
4.49857099e-01 -7.77457706e-04 0
3.58930500e-01 2.44758140e-01 0
6.44827787e-01 1.14792446e-01 0
6.57693560e-01 -1.61004092e-02 0
8.81629426e-01 -3.24580231e-01 0
4.99326146e-01 2.10972450e-01 0
6.16619248e-01 -2.99828179e-01 0
4.49656739e-01 -6.95060782e-04 0
-1.61712318e-02 5.38825987e-02 0
4.80045347e-01 -2.01315994e-02 0
7.10264701e-01 -2.84958353e-02 0
-9.37129137e-02 8.90337610e-02 0
6.05213243e-01 9.63554680e-02 0
3.99376575e-01 1.42864757e-01 0
5.69216787e-01 4.08528598e-02 0
5.81750556e-01 -2.70975342e-02 0
3.59480906e-01 -8.48583433e-02 0
1.00262295e-01 2.28755999e-01 0
6.36060992e-01 -1.36020439e-01 0
4.15689754e-01 -4.15461348e-02 0
-1.59138916e-03 5.12206739e-02 0
6.50795359e-01 -1.03873317e-02 0
4.52503963e-01 -9.16230875e-03 0
7.18427072e-02 8.34714018e-02 0
4.87117092e-01 5.72107197e-02 0
-3.42459185e-02 8.47503652e-02 0
4.94945509e-01 -6.11907626e-04 0
6.01172151e-01 1.01980243e-02 0
1.95097972e-01 9.34912563e-02 0
5.29085501e-01 -1.07664621e-02 0
6.02420112e-01 1.44373502e-01 0
6.18369004e-01 -8.43686200e-02 0
6.38193964e-01 -2.60047117e-01 0
5.76749757e-01 1.11793394e-01 0
5.88053762e-01 -3.77175984e-02 0
4.60728255e-01 2.01962465e-02 0
3.37522413e-01 -5.30532251e-02 0
4.89527560e-01 1.34736697e-02 0
3.94821006e-02 2.58207863e-02 0
2.88401717e-01 9.64379908e-02 0
6.45338116e-01 1.27165633e-02 0
1.62783497e-01 -3.26155174e-01 0
4.31230619e-01 -1.05891477e-02 0
3.35969637e-01 -4.05216075e-01 0
6.09768084e-01 -5.13063436e-02 0
5.90340383e-01 -5.36320069e-02 0
1.08577057e-01 -1.92770183e-02 0
5.25660347e-01 8.22625467e-02 0
7.12572542e-01 -5.47236655e-02 0
3.50953225e-01 -3.70778110e-01 0
5.85557958e-01 4.07969997e-02 0
4.61549202e-01 3.89959090e-01 0
4.96716507e-01 -6.57953446e-02 0
4.98766813e-01 -1.05347266e-01 0
6.29827314e-01 1.79229612e-03 0
4.87390204e-01 2.16010655e-02 0
8.96384217e-01 -1.51052152e-01 0
5.68235169e-01 5.76921590e-02 0
4.79520873e-01 4.55454229e-02 0
7.26667760e-01 3.41630376e-03 0
4.85946922e-01 2.14984540e-02 0
4.79860641e-01 -1.41051042e-02 0
5.06415628e-01 -1.10072423e-01 0
6.67396158e-01 1.19278257e-01 0
4.93420041e-01 -4.56352301e-03 0
4.48215027e-01 -5.33400753e-03 0
4.07517135e-01 3.04451695e-02 0
2.13671472e-01 -5.28680782e-04 0
1.33132845e-01 5.15097172e-02 0
1.27044240e+00 3.18190819e-01 0
4.75305332e-01 -1.17395728e-01 0
4.39893506e-01 -6.26605253e-02 0
7.61189927e-01 2.69283365e-01 0
3.44530069e-01 6.61007527e-02 0
4.83055221e-01 -9.26453777e-03 0
8.17751770e-01 -3.28979847e-01 0
4.38118653e-01 6.66953038e-02 0
4.51969830e-01 -1.02730070e-02 0
2.45919133e-01 -3.61656203e-01 0
4.84781677e-01 1.67486093e-02 0
-1.64624330e-01 7.95808556e-02 0
5.36561058e-01 1.30212144e-03 0
6.73271455e-01 6.39093497e-02 0
5.63057537e-01 -8.10346313e-02 0
6.55396852e-01 -3.07293943e-02 0
4.08341941e-02 7.13902960e-02 0
2.29316194e-01 -1.49989512e-01 0
4.95989966e-01 1.11554552e-01 0
7.46609959e-01 -3.89767309e-01 0
8.06054212e-01 8.63176214e-02 0
1.06678936e+00 1.73799631e-01 0
4.53719582e-01 6.06571068e-02 0
-1.09669557e-02 -2.92984407e-02 0
2.59120736e-01 -2.44232867e-01 0
3.50254836e-01 1.58912882e-01 0
5.90895551e-01 5.51293636e-02 0
5.72665959e-01 4.40945898e-02 0
6.75870000e-01 1.36200257e-01 0
4.08077442e-01 4.00422679e-01 0
4.56605893e-01 -3.36343755e-03 0
6.82354248e-01 -1.51046283e-02 0
-7.82745173e-02 6.16022897e-02 0
6.39550950e-01 5.56409785e-02 0
5.62348636e-01 -1.91477498e-01 0
8.04401843e-02 -1.20660998e-01 0
8.41395415e-02 -6.45350299e-02 0
5.00720277e-01 1.98421864e-01 0
5.07707721e-01 5.18681781e-02 0
-1.38806749e-01 6.69138681e-02 0
4.94809287e-01 -3.09485533e-03 0
2.54384374e-01 5.91138512e-02 0
4.27979655e-01 -1.79336146e-01 0
5.16888971e-01 -1.70644044e-02 0
2.06512024e-01 -1.00571508e-01 0
3.31441869e-01 2.26246787e-01 0
2.46724139e-04 4.80734699e-02 0
6.97271109e-01 1.03725478e-01 0
1.43538258e-01 -1.03562658e-01 0
5.71627761e-01 7.68720061e-02 0
4.29328148e-01 -7.39397987e-03 0
9.67690171e-01 -6.26706576e-02 0
3.76787253e-01 2.13091885e-01 0
5.26560013e-01 9.90237029e-02 0
4.82168271e-01 2.30648099e-03 0
7.09115232e-01 2.18967665e-01 0
3.22724107e-01 4.95802325e-02 0
4.46019979e-01 -8.62339650e-02 0
4.76559842e-01 1.87932255e-02 0
4.50526038e-01 -2.29933367e-03 0
6.09080611e-01 1.01771858e-01 0
4.54233888e-01 6.98536735e-03 0
4.68624843e-01 -1.99816699e-02 0
3.62777601e-01 3.88966408e-02 0
3.02969048e-01 -1.07857303e-01 0
4.50926923e-01 -2.18681715e-03 0
8.40577398e-01 3.21371381e-01 0
2.11103849e-01 1.44388984e-01 0
4.93197200e-01 2.48974069e-01 0
6.75818056e-01 2.36996635e-03 0
9.90020603e-01 1.00186334e-01 0
1.33451326e+00 -3.27721649e-01 0
4.97862115e-01 1.58239594e-02 0
1.18759695e+00 2.60573997e-02 0
1.15546714e+00 2.00982796e-01 0
4.31163921e-01 -1.24933477e-01 0
4.61121503e-01 -9.38018202e-03 0
4.89903376e-01 -1.13507375e-02 0
4.03526272e-01 -1.30932067e-01 0
6.53201801e-01 7.04172294e-02 0
4.95326547e-01 4.37793424e-02 0
9.70468273e-01 2.60310380e-01 0
5.50808852e-01 -1.89532461e-01 0
2.79374572e-01 -9.44798178e-02 0
6.87113455e-01 -2.54010558e-01 0
1.59266960e-01 -2.46496226e-01 0
7.92092451e-01 1.48665328e-01 0
3.95997620e-01 1.89777491e-01 0
4.84808717e-01 1.57502891e-02 0
8.35085148e-01 1.24160821e-01 0
4.93279202e-01 -3.88659294e-03 0
4.50513538e-01 4.25608361e-03 0
4.88722286e-01 -9.00996521e-03 0
8.82253611e-02 2.33808077e-02 0
-1.89205502e-02 6.12631566e-02 0
6.60234905e-01 -1.48065194e-01 0
4.69216787e-01 -1.67862284e-02 0
4.29062449e-01 2.24022153e-03 0
6.36449876e-01 8.60753121e-03 0
3.53984341e-01 -4.93441114e-02 0
2.91848648e-02 3.92653417e-02 0
6.61169989e-01 -6.01272418e-02 0
5.23020447e-01 -8.32639209e-03 0
1.11747781e+00 4.48559864e-02 0
4.35448079e-01 -1.49140206e-01 0
4.90778341e-01 1.93495698e-01 0
4.96364543e-01 -9.76825063e-03 0
4.94446928e-01 2.48576543e-02 0
5.25009132e-01 -7.23590795e-03 0
3.90757485e-01 4.72241578e-02 0
-5.99807956e-02 6.78614580e-02 0
4.96594225e-01 -1.44820047e-03 0
1.08458022e-01 5.04727075e-02 0
4.56574095e-01 2.41184700e-01 0
1.10883985e+00 4.87833691e-02 0
6.43972194e-01 4.50937837e-03 0
6.69596086e-01 -8.05850016e-02 0
2.31659685e-01 1.83963572e-01 0
6.54429076e-01 -3.79034213e-01 0
2.54460182e-01 6.56963154e-02 0
4.74904867e-02 -4.75653749e-04 0
5.96358844e-01 -3.13330645e-01 0
5.78063571e-01 -1.17008143e-02 0
2.03181320e-01 -5.05394926e-03 0
6.82761102e-01 -3.81693489e-03 0
5.90225724e-01 1.64694019e-02 0
3.89986562e-01 1.40208775e-01 0
4.72514005e-01 -1.14862118e-02 0
5.88078321e-01 -8.40072130e-03 0
4.84878121e-01 -2.44480432e-03 0
4.54678244e-01 -7.81169919e-02 0
5.89719172e-01 1.96445128e-02 0
6.77600204e-01 1.27346597e-01 0
5.23492339e-01 -1.98288293e-02 0
5.07734243e-01 5.81603265e-03 0
4.82466787e-01 -2.84156983e-01 0
5.03854420e-01 2.65864647e-03 0
2.27414611e-01 2.47864625e-01 0
7.03344996e-01 3.90181056e-01 0
5.14451615e-01 -1.35862321e-02 0
6.38541121e-01 2.11277132e-01 0
3.77623026e-01 3.47868122e-02 0
6.28678211e-01 2.02233197e-01 0
4.09311195e-01 2.07697209e-02 0
5.72842575e-01 -6.69577105e-03 0
3.23545954e-01 1.80303387e-02 0
8.57110711e-01 5.17172914e-02 0
4.51684824e-01 5.42350078e-03 0
9.97048626e-01 6.23234169e-03 0
8.77046565e-01 2.69547391e-01 0
-1.67686432e-01 4.09163111e-03 0
6.36573005e-01 1.89002756e-01 0
4.16174390e-01 1.17565603e-01 0
5.41575992e-01 2.58788747e-02 0
3.39715206e-01 -3.41130638e-01 0
3.27770649e-01 1.55311709e-01 0
7.35892373e-01 2.33693786e-01 0
4.24495208e-01 1.02072665e-01 0
5.74055039e-01 5.32930768e-02 0
1.30380325e+00 2.00287546e-01 0
4.84938891e-01 -1.09815229e-02 0
6.80311393e-01 -1.02501712e-02 0
1.08475865e+00 1.64523775e-01 0
4.49955181e-01 3.90448608e-03 0
5.70785014e-01 -5.32934803e-02 0
5.56167162e-01 -6.49777017e-02 0
9.20605323e-01 -1.38977254e-01 0
5.49240961e-01 -2.22264315e-01 0
4.56595248e-01 1.93416346e-02 0
6.51620850e-01 -3.07690066e-02 0
2.92289559e-01 1.82439460e-01 0
3.09878655e-01 3.70131575e-01 0
-9.01087481e-02 8.64454479e-02 0
5.58518404e-01 -3.04687255e-02 0
7.46090824e-01 2.52644127e-02 0
1.52990742e-01 2.55846536e-01 0
4.52640079e-01 7.88308194e-02 0
4.50115560e-01 -2.49918015e-02 0
-1.22643164e-01 8.48989605e-02 0
1.24619783e+00 -1.66234810e-01 0
6.48102321e-01 -7.78091120e-02 0
5.53233852e-01 -5.75390035e-02 0
2.99182641e-01 7.05729163e-02 0
6.86727063e-01 -3.66437397e-02 0
7.31975385e-01 -5.49702470e-02 0
6.90776717e-03 -3.03139880e-02 0
5.70200511e-01 8.75804232e-02 0
3.88020837e-01 1.72843657e-01 0
-1.19190216e-02 3.33621278e-02 0
2.93314175e-01 -1.18613501e-01 0
5.72840605e-01 6.71832720e-03 0
4.84802558e-01 8.96767437e-05 0
6.94298081e-01 -7.58996554e-02 0
5.23032747e-01 -1.06500105e-03 0
4.52929772e-01 5.65041401e-03 0
4.95988383e-01 -1.27515888e-02 0
8.08157470e-01 6.80136809e-03 0
-6.82466506e-03 -2.62747843e-02 0
5.62711202e-01 -7.51170177e-02 0
-1.08326924e-01 2.04952221e-02 0
5.32900051e-01 3.81091909e-01 0
1.11561878e+00 -2.41251273e-02 0
8.69102536e-01 -4.66850422e-02 0
5.70215991e-01 -9.60868070e-02 0
2.52601560e-01 -2.75664575e-03 0
-4.50888358e-02 -1.49648426e-02 0
8.47892572e-01 -3.33968511e-01 0
3.25473674e-01 6.29620069e-04 0
-3.66525589e-03 5.39355722e-03 0
3.15374718e-01 -1.88296226e-01 0
4.84088611e-01 5.22182006e-02 0
6.04369879e-01 -2.67049753e-01 0
4.50206183e-01 -2.18128839e-01 0
4.58653698e-01 -4.58109683e-03 0
8.59961455e-01 -2.72445875e-01 0
2.94176661e-01 9.06471378e-02 0
4.62482526e-01 -1.17273221e-02 0
-1.76495146e-02 9.16400776e-03 0
3.68576011e-01 7.44666772e-02 0
5.44686793e-02 -1.49253977e-01 0
3.40083188e-02 -5.61278072e-02 0
4.25429974e-01 9.80600478e-03 0
1.08529712e+00 -1.67085750e-01 0
1.78659467e-01 1.46568103e-01 0
6.81836836e-01 1.79224666e-01 0
4.92162156e-01 2.53551375e-02 0
-8.83210394e-02 5.01572866e-02 0
4.78075369e-01 2.40048073e-02 0
7.30867794e-01 -1.75607349e-01 0
1.19777960e+00 1.42507535e-01 0
8.48794606e-01 -1.94838304e-01 0
4.63140331e-01 -4.45849320e-02 0
-2.04777841e-03 7.96217686e-02 0
5.09426587e-01 -9.02746040e-02 0
4.52073440e-01 -7.20945339e-03 0
4.72669684e-01 1.81513241e-01 0
3.60635621e-01 2.23300188e-02 0
6.68001197e-01 -9.27901127e-02 0
2.80286807e-01 -3.10677601e-02 0
2.83399909e-01 1.81074702e-01 0
5.06636356e-01 -1.06409035e-02 0
-2.41448761e-02 8.02762977e-02 0
3.76476899e-01 8.87025802e-02 0
6.33148252e-01 6.31457762e-03 0
2.82130662e-01 -6.61509473e-02 0
5.09933484e-01 -9.44396296e-03 0
4.50253023e-01 7.56771264e-03 0
4.63926356e-01 -1.14110406e-02 0
4.66071675e-01 -1.40087079e-01 0
3.16856039e-01 -3.87054152e-01 0
7.92666268e-01 -2.06549551e-01 0
2.68879542e-01 -3.58127825e-01 0
5.48153176e-01 1.69361405e-01 0
-2.29286140e-02 1.01438298e-01 0
5.63364656e-01 9.27331642e-03 0
2.58100308e-01 -2.25075273e-01 0
6.44903869e-02 1.47948669e-02 0
6.04745274e-01 -3.94687775e-02 0
7.89495542e-01 2.97046297e-01 0
3.94627470e-01 1.44306619e-01 0
5.22916955e-01 4.96075531e-03 0
3.81750504e-01 -1.80926898e-01 0
6.27000217e-01 -5.55994459e-02 0
5.20643380e-01 -2.05302829e-02 0
-2.86973096e-02 1.00053342e-01 0
6.89791541e-01 -1.54421630e-02 0
4.67319360e-01 2.78913462e-02 0
4.85159756e-01 -2.39039331e-03 0
4.67639481e-01 -1.15070990e-01 0
9.92861712e-01 2.47294202e-01 0
3.20608698e-01 -1.64924889e-03 0
7.55837130e-01 2.20731945e-01 0
3.62300729e-01 -3.53569472e-02 0
4.89996596e-01 -1.26691592e-02 0
5.45684553e-01 -3.46472054e-01 0
3.32345512e-01 -3.15464631e-01 0
6.97678371e-01 -7.92469890e-02 0
5.86296769e-01 7.46553735e-02 0
2.79521460e-01 1.62954515e-02 0
4.64842553e-01 2.88354983e-01 0
8.09318733e-01 -3.45125934e-01 0
6.37783388e-01 2.43570427e-01 0
3.57926542e-01 4.19370028e-02 0
1.72326045e-01 1.74280377e-01 0
6.19390949e-01 -7.75463896e-02 0
5.04372781e-01 -4.90134175e-02 0
-3.79527544e-02 8.59009434e-02 0
1.70750752e-03 8.86519989e-02 0
7.20984539e-01 2.21670330e-01 0
1.84332000e-03 -1.18582446e-02 0
8.44656603e-02 2.04637519e-01 0
6.79907139e-01 2.67354978e-01 0
6.34445545e-01 2.19871179e-01 0
5.00138259e-01 -1.29471450e-01 0
-1.42373778e-01 8.51548902e-02 0
5.63067593e-01 3.68147715e-02 0
4.60549385e-01 -1.34521210e-01 0
9.01390976e-01 8.23294566e-02 0
4.12023922e-01 1.42552262e-01 0
-7.87981859e-02 2.87964350e-02 0
4.28412539e-01 5.23325965e-02 0
5.99823604e-01 -4.33443931e-02 0
1.67303869e-02 1.33242217e-02 0
5.44747337e-01 -1.06193396e-01 0
5.28698294e-01 -6.83770998e-02 0
6.01397405e-01 2.04356651e-02 0
4.92657322e-01 5.27841470e-03 0
5.35166394e-01 -1.47113769e-03 0
1.93660722e-01 1.56562604e-01 0
3.90515656e-01 3.40961825e-02 0
2.81239318e-01 -3.22612990e-02 0
7.27394760e-01 8.54081465e-02 0
4.94792875e-01 -8.04735467e-03 0
1.03532217e+00 -1.99810979e-01 0
4.89436537e-01 -9.02035241e-03 0
7.45792356e-04 -1.14544270e-02 0
3.69909094e-01 1.27065541e-01 0
6.18858954e-01 -3.66354408e-01 0
4.81348337e-02 1.39757195e-02 0
6.44398769e-01 -1.19068129e-02 0
6.36936598e-01 -1.97581328e-02 0
6.44585845e-01 1.85926574e-01 0
6.40503066e-01 -5.06587263e-02 0
5.82503457e-01 1.66325754e-03 0
-4.55134206e-02 2.43811228e-02 0
6.63547552e-01 -7.52582772e-02 0
5.07698379e-01 -1.89700444e-03 0
5.10630971e-01 -4.11623144e-01 0
4.28745101e-01 -5.13511965e-02 0
5.68516515e-01 9.59566321e-02 0
6.25194913e-01 -3.25917940e-01 0
6.40826250e-01 6.31783107e-03 0
4.29876118e-01 3.31043542e-02 0
-4.73691423e-02 1.12704787e-02 0
4.69515160e-01 1.95996559e-02 0
5.85757594e-01 -3.49160641e-02 0
6.19611411e-01 3.63296612e-01 0
4.25749090e-01 1.18023486e-01 0
5.09834976e-01 2.99780064e-03 0
5.72687684e-01 -4.03353142e-02 0
4.40649754e-01 -1.37556127e-02 0
6.93457926e-01 1.93316946e-01 0
5.68488734e-01 3.39768589e-02 0
2.55387106e-01 1.45195734e-02 0
4.66744842e-01 -1.81886299e-01 0
3.92883565e-01 -6.18197699e-02 0
-8.96467647e-02 5.48059373e-02 0
5.31122520e-01 1.32306032e-01 0
5.42799905e-01 -1.05401106e-01 0
1.58211701e-01 -2.79096041e-01 0
9.86418182e-01 -2.44817743e-01 0
-6.31821951e-02 6.47179005e-02 0
5.34452226e-01 -1.05440986e-02 0
5.73971438e-01 7.67226313e-02 0
4.92388067e-01 4.13242601e-01 0
-1.11704058e-01 5.29161855e-02 0
3.38673156e-01 6.70752704e-02 0
5.19123938e-01 3.46276768e-02 0
8.41026841e-01 2.76067384e-01 0
-1.79054273e-03 -2.43640573e-02 0
4.94741268e-01 1.90533361e-01 0
1.88037602e-01 3.41613254e-02 0
2.76749184e-01 8.15418141e-02 0
1.18916561e+00 -4.48324673e-02 0
5.56122228e-01 1.51366341e-01 0
4.39386081e-01 1.49050741e-01 0
1.04175779e+00 -7.54069162e-02 0
1.37090256e-01 -4.59449138e-02 0
5.16880192e-01 2.41562418e-01 0
2.96335548e-01 9.05275975e-02 0
6.08003557e-01 -5.93553110e-02 0
4.02601725e-01 9.77568552e-02 0
1.76148300e-01 -1.95958455e-01 0
5.39787318e-01 -8.10230850e-02 0
4.82571855e-01 -4.13988591e-01 0
4.67510474e-01 -4.18826833e-01 0
3.39581242e-01 5.36501960e-03 0
6.73836510e-01 -7.86422909e-02 0
-8.74692744e-03 8.15791718e-02 0
-1.10684182e-02 8.13480051e-02 0
5.88428239e-01 5.46325171e-03 0
5.68703947e-01 1.93526426e-02 0
1.27651957e+00 3.18290968e-01 0
3.14708569e-01 4.10967995e-01 0
-3.48484053e-02 8.62191651e-02 0
-3.79970649e-02 8.50335325e-02 0
6.74202148e-01 1.09167372e-01 0
6.08548006e-01 -6.36677905e-02 0
5.01325003e-01 5.18716453e-02 0
9.77804798e-01 1.37458580e-01 0
2.50818602e-01 -8.32142360e-03 0
5.78400822e-01 -8.76026128e-02 0
5.27299464e-01 -2.60816045e-01 0
1.89380911e-01 1.56228015e-02 0
7.00170539e-01 2.32268010e-01 0
4.71138434e-01 -3.78235045e-02 0
4.96012883e-01 -1.08421755e-04 0
3.72390639e-01 2.81418635e-02 0
6.87793190e-01 5.18019167e-02 0
5.91943127e-01 3.49444919e-01 0
3.88187806e-01 3.76777978e-01 0
9.01043927e-02 -7.67585734e-02 0
4.42934553e-01 2.17885105e-02 0
1.64614411e-01 -9.77900112e-02 0
3.99671843e-01 -4.14276703e-01 0
4.50798819e-01 -2.11974257e-02 0
7.22893452e-01 1.36910306e-01 0
4.54555938e-01 3.21545272e-02 0
1.03570990e+00 2.22578556e-01 0
7.05650610e-01 -5.85826377e-02 0
4.79918363e-01 1.68467608e-01 0
6.63686978e-01 9.58647861e-03 0
6.38274293e-01 3.73105767e-02 0
3.97481409e-01 1.57017310e-01 0
2.81364080e-01 7.49561461e-02 0
6.51163030e-01 5.92965574e-02 0
4.43556425e-01 -1.85911100e-02 0
3.36912480e-01 1.77674313e-01 0
7.59099084e-02 5.30101087e-02 0
4.39353699e-01 1.52579219e-01 0
3.80056220e-01 2.69249110e-01 0
4.85247979e-01 4.88928533e-02 0
3.32173845e-01 -1.85756511e-01 0
5.40370857e-01 6.40996662e-03 0
7.32379827e-01 -2.68163270e-01 0
1.24104377e+00 1.92753307e-01 0
5.26793856e-01 -8.58988871e-02 0
4.82210798e-01 -1.11540912e-02 0
5.98877826e-01 -7.99956826e-02 0
-4.65367088e-03 3.69058500e-02 0
5.09569117e-01 -5.27605182e-03 0
4.95490187e-01 -5.04727563e-03 0
-1.38832393e-01 6.42019531e-02 0
5.95253637e-01 -1.20064840e-02 0
6.13243955e-01 5.27575610e-02 0
5.17245806e-01 -1.01684409e-01 0
1.29051144e+00 -1.28284493e-01 0
1.22830486e-01 3.68020923e-02 0
6.13422289e-01 -1.29147986e-01 0
-1.01537882e-01 7.81964657e-02 0
5.27718361e-01 6.28079903e-03 0
3.78454857e-01 2.44148479e-01 0
4.60065560e-01 -6.43335654e-03 0
8.24801740e-01 3.66899752e-01 0
5.65844293e-01 4.28601597e-02 0
6.81713123e-01 -3.58713425e-01 0
-1.59269576e-01 8.33376246e-02 0
1.46947550e-01 1.60373563e-02 0
1.64959906e-01 -1.02457167e-01 0
1.94454332e-01 -2.76140372e-01 0
1.02018890e+00 -5.94702244e-02 0
9.79486329e-03 1.13143147e-02 0
6.72898979e-01 -3.08428822e-01 0
3.40964848e-01 -2.70415787e-02 0
4.21732569e-01 -7.71724304e-03 0
6.93640342e-01 -1.26319598e-02 0
4.90081049e-01 6.22998385e-03 0
5.57014644e-01 -1.32169832e-02 0
4.30633036e-01 1.23119088e-02 0
4.63879159e-01 1.75204179e-02 0
1.89927074e-01 -1.48339009e-03 0
-1.03279078e-01 7.69345068e-02 0
3.67075373e-02 2.45376689e-02 0
6.79965650e-01 1.91997395e-01 0
5.02190030e-01 -1.78678136e-02 0
8.73987133e-01 -1.58562005e-01 0
4.38004302e-01 2.66365822e-01 0
1.31429979e+00 2.58713558e-01 0
7.92024944e-01 -5.63015654e-02 0
5.31961337e-01 -8.82146439e-03 0
9.77729800e-01 1.67050276e-02 0
4.75376881e-01 -1.53165137e-01 0
4.32511429e-01 -4.75354721e-03 0
6.56945607e-01 4.45679184e-02 0
3.25218062e-01 1.10085114e-01 0
1.17139687e-01 9.55607106e-02 0
-6.90730198e-03 8.70991790e-02 0
6.14822358e-01 1.00115176e-01 0
6.75430982e-01 -2.98519361e-02 0
3.17261208e-01 -1.37429693e-01 0
3.30886491e-01 2.15704295e-01 0
9.23220249e-01 -1.62948380e-01 0
5.93662924e-01 1.28924787e-03 0
6.22972086e-01 1.24646108e-01 0
1.36320525e-01 3.57021562e-02 0
7.59567947e-01 -6.29543444e-02 0
8.39738466e-01 -6.55039976e-02 0
5.49170286e-01 -6.39507400e-02 0
3.62912887e-01 1.37001731e-02 0
5.00591908e-01 -1.42942969e-03 0
3.12180962e-03 8.90674986e-02 0
1.64766265e-01 -2.46975991e-01 0
5.82381454e-01 7.88515557e-02 0
4.89415453e-01 -2.80963446e-01 0
3.74404349e-01 -2.43424507e-01 0
1.22355218e+00 4.68602246e-03 0
-4.33749057e-02 8.56445101e-02 0
1.06776661e+00 -1.37555550e-01 0
6.94592127e-01 2.01907988e-02 0
2.10997786e-01 5.39117773e-02 0
1.97691238e-01 -2.40133625e-02 0
7.90597282e-01 -3.82937032e-01 0
-1.07929596e-01 5.44335721e-02 0
4.88364433e-01 -2.91781939e-03 0
3.23416579e-01 -1.42521808e-01 0
5.11444882e-01 -2.38718634e-03 0
6.63674361e-01 2.91606749e-01 0
8.98260378e-02 2.82955016e-02 0
6.12792582e-01 -3.29146517e-02 0
6.81659977e-01 2.32030771e-01 0
3.25886365e-01 1.37808371e-01 0
5.40469121e-01 4.07264434e-02 0
5.08408695e-01 -4.17362754e-03 0
6.30995460e-01 -6.56339245e-02 0
3.90374190e-01 9.42947326e-02 0
-7.80349295e-02 8.46252276e-02 0
5.87885696e-01 4.13401815e-01 0
4.54240807e-01 8.23920323e-03 0
4.38008601e-01 3.30057674e-02 0
4.67168267e-01 -7.76847717e-02 0
7.96912145e-01 1.28888548e-01 0
8.22811130e-02 -2.23362185e-02 0
4.70195367e-01 -4.52374791e-02 0
6.13614755e-01 7.50786736e-03 0
6.43125043e-01 4.92241126e-02 0
5.01497810e-01 1.99795165e-02 0
5.68514293e-01 -5.28922845e-02 0
7.09750393e-01 -9.51696545e-02 0
-2.95884389e-02 9.65613923e-02 0
3.81532355e-01 -3.50447263e-02 0
-2.59183296e-02 7.55368091e-02 0
7.12386822e-01 -8.69572924e-02 0
4.76372683e-01 -1.19988601e-03 0
-2.36913370e-02 8.92105523e-02 0
2.59502870e-01 -2.31832768e-03 0
6.70614194e-01 -1.78456966e-02 0
1.17030846e+00 5.61065949e-02 0
7.74532387e-01 -3.53473408e-01 0
1.16666010e+00 5.95186451e-02 0
4.47258758e-01 -2.36076539e-03 0
4.50204911e-01 -1.72412820e-03 0
1.13103636e-01 -5.06584314e-02 0
1.18562879e-01 -1.15425816e-01 0
7.90561583e-01 3.65288212e-01 0
5.16725519e-01 2.96597019e-02 0
6.01819904e-01 -1.00098212e-01 0
3.41728676e-01 -3.13134588e-01 0
4.49293596e-01 -1.52363246e-03 0
5.54374361e-01 -1.15625832e-02 0
4.44648616e-01 -5.38167702e-03 0
6.85421182e-01 -1.28455461e-01 0
6.31990551e-01 -7.04307792e-02 0
3.43697999e-01 9.78226212e-03 0
4.50786986e-01 -1.84429129e-01 0
5.35534191e-01 2.04826977e-01 0
5.39854691e-01 4.14414572e-03 0
7.47088476e-01 -6.38592549e-02 0
4.37870185e-01 3.80948695e-02 0
5.63461775e-03 4.41711881e-02 0
4.49506655e-01 7.76985492e-04 0
6.17287265e-01 2.73891095e-01 0
1.27421014e+00 -1.39817381e-01 0
7.73281241e-01 1.56748775e-01 0
4.49506613e-01 -2.75831904e-04 0
3.10871447e-01 -1.70091179e-01 0
5.15079474e-01 1.47108122e-01 0
5.62610315e-01 5.57647211e-03 0
1.29907890e+00 -2.51373770e-01 0
4.49803372e-01 7.46992509e-04 0
6.54668126e-01 4.41133085e-02 0
4.86779618e-01 7.11552295e-03 0
5.29629077e-01 -1.11393532e-01 0
8.64571172e-01 -2.90870764e-02 0
4.58168846e-01 -6.85165856e-03 0
6.16606715e-01 6.12422314e-02 0
6.01427488e-01 -6.20073791e-03 0
5.19898972e-01 5.46046177e-02 0
5.14260587e-01 1.08954285e-01 0
6.52030887e-01 -1.39719630e-01 0
4.67658809e-01 6.58530500e-03 0
5.94185140e-02 -1.32277397e-02 0
8.28032327e-01 7.78822260e-02 0
8.99951184e-01 -1.05930381e-01 0
4.54561843e-01 -4.06152966e-02 0
5.62131807e-01 -6.14759198e-02 0
5.21563745e-01 -1.13572776e-01 0
4.55363617e-01 -1.25301718e-01 0
6.04411935e-01 -2.87508561e-01 0
6.69850287e-01 -5.89683867e-02 0
9.63695474e-01 4.06205481e-02 0
5.01627236e-01 -3.01443644e-02 0
4.95746022e-01 -1.86367673e-01 0
4.09838440e-02 3.79166060e-02 0
9.13552541e-01 3.66004296e-02 0
5.06307831e-01 1.80712081e-02 0
8.51505384e-01 -6.65976949e-02 0
7.38711587e-01 2.87694178e-02 0
6.43216833e-01 1.77595479e-01 0
6.33500205e-01 -1.00704040e-01 0
5.00609467e-01 -6.56808616e-02 0
1.44308355e-01 -1.97862524e-01 0
8.37393753e-03 3.91570686e-02 0
4.92384188e-01 1.03167705e-01 0
7.20614015e-01 9.67121716e-03 0
3.20614656e-02 4.61283147e-02 0
2.41897882e-01 -4.02216128e-03 0
5.03042724e-01 4.92695539e-02 0
8.15911675e-01 2.61691528e-01 0
5.05760808e-01 4.11365375e-02 0
4.67927519e-01 -1.32550025e-02 0
4.99732609e-01 -2.32792388e-03 0
4.94368383e-01 -9.96725790e-04 0
4.77655763e-01 7.00464542e-02 0
7.87786899e-01 2.11711045e-01 0
6.80206122e-01 -1.80014060e-03 0
4.91659461e-01 7.85775678e-03 0
2.10073379e-01 -9.64491086e-02 0
6.30718298e-01 6.16170509e-02 0
5.08772339e-01 -8.18808845e-03 0
8.76563165e-01 -4.78895957e-02 0
5.79293286e-01 9.80402214e-02 0
5.64472754e-01 -4.01883274e-02 0
5.59175199e-01 1.29192807e-02 0
5.57068213e-01 -6.69300661e-02 0
1.22432657e+00 -1.74142781e-02 0
5.20727359e-01 2.12992240e-01 0
8.03925628e-01 2.06663578e-01 0
4.98883866e-01 -3.99856528e-02 0
6.93788129e-01 7.70311180e-02 0
1.47753296e-01 2.25574055e-01 0
2.84218996e-01 1.64864529e-01 0
7.05169320e-01 2.53333886e-01 0
9.60157697e-01 -6.29702945e-02 0
7.87766428e-01 -2.62497957e-01 0
6.35311408e-01 -7.23825592e-02 0
4.97391411e-01 -5.92251067e-03 0
5.64932928e-01 -2.16830388e-01 0
5.09506019e-01 -2.41323136e-01 0
2.62057460e-01 5.20526675e-02 0
4.52330169e-01 -1.23656244e-03 0
5.15310768e-01 -9.67322221e-02 0
2.90593712e-01 1.47265035e-01 0
3.98616217e-01 1.68325148e-01 0
8.22979608e-01 -7.79894096e-02 0
4.27493388e-01 8.39612180e-03 0
1.07463570e+00 -1.52691722e-01 0
7.29584321e-01 6.89024612e-02 0
5.01242226e-01 2.61171912e-02 0
7.25633572e-01 -5.91715128e-02 0
5.00994381e-01 -3.69067152e-03 0
6.64435158e-01 1.11806710e-01 0
4.50187580e-01 -1.11411287e-02 0
8.31086767e-02 -2.04372509e-02 0
8.86161100e-01 -3.01709639e-01 0
9.69744553e-01 2.68196570e-01 0
8.52766038e-01 -2.21125305e-01 0
-6.94082305e-03 8.09085782e-02 0
4.82030173e-01 -2.77132253e-02 0
4.50842339e-01 -6.78764897e-03 0
5.00486916e-01 -2.92428519e-03 0
5.19036010e-01 -5.45247509e-02 0
8.42944042e-01 -8.12496505e-02 0
5.19408507e-01 -9.39355059e-02 0
5.51005148e-01 7.35189322e-03 0
6.12410608e-01 1.22425908e-01 0
4.42446709e-01 -1.83070937e-02 0
5.91048695e-02 1.00301376e-01 0
9.76515644e-01 2.15282073e-01 0
3.67776181e-01 -1.27463025e-01 0
5.48753015e-01 3.63756917e-02 0
4.99084121e-01 -2.39399259e-01 0
9.19046531e-02 -2.54663097e-01 0
5.36141766e-01 -2.71002288e-02 0
6.07091400e-01 -2.49443351e-02 0
1.94618898e-01 -3.13614882e-01 0
5.51100614e-01 -1.13184702e-01 0
5.70424556e-01 6.42357995e-02 0
6.14212693e-01 -8.76428706e-02 0
-3.42121795e-03 7.22998961e-03 0
4.51117437e-01 -2.86244426e-02 0
6.57388922e-01 -1.38672347e-01 0
6.54995520e-01 2.23541732e-02 0
5.20629959e-01 2.34857274e-03 0
8.12955924e-01 1.43523658e-03 0
6.30544787e-01 -4.21074595e-02 0
7.01061756e-01 -9.83209109e-02 0
6.77679213e-01 -1.33530619e-01 0
3.66743628e-01 -8.38276047e-02 0
4.99135431e-01 1.31313676e-03 0
5.41789120e-01 -2.34786833e-02 0
4.68295336e-01 1.63019641e-02 0
6.24587976e-01 4.19984110e-02 0
4.49806912e-01 -9.74755538e-04 0
2.05460789e-01 -7.62535472e-03 0
4.38967038e-02 -1.63982104e-02 0
4.13890871e-01 7.99840495e-02 0
6.04559695e-01 7.23342011e-02 0
1.01408966e+00 -1.62748528e-01 0
7.06214270e-01 -5.25036882e-02 0
3.90833487e-01 -4.19441283e-02 0
8.80366348e-01 2.97287473e-01 0
4.49427817e-01 -5.34055425e-02 0
4.54925358e-01 -3.21407366e-01 0
8.92761919e-01 -3.10439762e-01 0
3.29070307e-01 -5.35944476e-02 0
4.06755308e-01 -2.61403411e-01 0
6.23273619e-02 2.19355302e-02 0
4.77359905e-01 -3.71203531e-01 0
6.93654334e-01 2.78290727e-02 0
4.72051925e-01 -8.56678863e-03 0
3.53825264e-01 -3.41531918e-01 0
9.06690066e-01 3.70009180e-02 0
3.27798863e-01 -2.03309519e-01 0
4.02753402e-01 -2.78853017e-01 0
3.82581261e-01 -1.69497044e-01 0
5.21789021e-01 -1.45908247e-02 0
4.79848952e-01 -1.78534672e-02 0
1.29735783e-01 -2.17854509e-01 0
6.33125144e-02 5.87250629e-02 0
6.99574444e-02 2.22461330e-02 0
4.60900864e-01 -1.92566928e-02 0
8.74908096e-01 -3.44677644e-01 0
4.32862490e-01 -1.63153979e-01 0
5.47546050e-01 8.91644758e-02 0
3.22673325e-01 1.82757202e-01 0
4.59141590e-01 -6.67950403e-03 0
4.81471542e-01 -1.41054025e-02 0
6.71017760e-02 2.68786581e-02 0
4.51848918e-01 -6.29188960e-03 0
6.13279810e-01 -6.84285139e-02 0
6.00455430e-01 1.29413734e-01 0
6.01274053e-01 -6.19176429e-02 0
2.87300949e-01 1.52518139e-01 0
9.24271855e-01 2.17072889e-01 0
4.36754228e-01 5.19401509e-02 0
6.55370341e-01 -9.76170247e-02 0
3.92060833e-01 -4.12019744e-02 0
4.90826682e-01 -6.85723772e-02 0
9.91138202e-01 -1.94785554e-02 0
6.07023622e-01 -6.10951319e-02 0
5.15286645e-01 3.64797000e-02 0
5.84283163e-01 -4.05311951e-01 0
4.87781121e-01 1.95363535e-02 0
5.24066679e-01 2.89278333e-02 0
1.76279077e-01 1.63545679e-01 0
6.90297377e-01 2.02274819e-01 0
4.92215860e-01 -1.05752061e-02 0
5.01977445e-01 5.89632787e-02 0
5.23723407e-01 -1.07874644e-01 0
5.77128275e-01 8.30274607e-02 0
1.39596735e-01 4.59329486e-02 0
5.85063105e-01 2.16979385e-02 0
6.59483886e-01 3.82565849e-03 0
4.11291495e-01 -4.12329897e-02 0
5.24399118e-01 -4.22243986e-01 0
3.02553014e-01 -7.86149616e-02 0
4.74595066e-01 -6.81281328e-03 0
4.60561855e-01 -8.13612023e-03 0
4.00269527e-01 4.15559827e-02 0
2.80739123e-01 3.24886590e-01 0
5.69300316e-01 2.78392137e-02 0
7.30943186e-01 2.82412084e-01 0
4.98540371e-01 -2.35923568e-02 0
5.04401572e-01 1.67026175e-01 0
4.53599706e-01 9.80805558e-02 0
5.49261733e-01 7.32055310e-02 0
6.59034831e-01 -1.31234537e-01 0
4.54361944e-01 6.02767158e-03 0
3.50423339e-01 -2.68111588e-02 0
4.36812112e-01 1.46739120e-03 0
4.79866196e-01 -3.03828918e-01 0
3.22355184e-01 -1.06803627e-01 0
6.42430520e-01 -8.00711701e-02 0
2.48280414e-01 3.97421015e-02 0
4.32972627e-01 1.52319801e-01 0
4.90789382e-01 -3.10182260e-03 0
5.78525503e-01 1.86726404e-01 0
5.50305856e-01 1.19945343e-01 0
-1.03443749e-01 8.10561745e-02 0
7.60827102e-01 2.31684308e-01 0
7.48819034e-01 5.97311301e-03 0
-4.44728058e-02 -1.49436964e-02 0
5.04239119e-01 -4.62964588e-03 0
4.48055150e-01 1.07291897e-04 0
1.91575039e-01 -2.89022579e-01 0
7.39829499e-01 1.07327074e-01 0
3.80409555e-01 3.82707477e-01 0
5.04975043e-01 -1.98962320e-01 0
1.11238998e+00 9.29547226e-03 0
5.24837240e-01 -1.17452199e-01 0
2.69505437e-01 -1.46573313e-01 0
5.67370567e-01 1.18827108e-02 0
6.33241364e-01 1.15469331e-01 0
4.68691207e-01 -1.47046698e-02 0
2.97677629e-01 -6.13957834e-02 0
6.47091427e-01 -3.40060134e-02 0
-6.75685259e-02 5.29984906e-02 0
4.69281322e-01 -1.18169568e-02 0
5.04275053e-01 9.97361680e-02 0
4.07743891e-01 5.84686819e-02 0
7.76794205e-01 -7.03250583e-02 0
6.15101973e-01 -8.35520210e-02 0
3.28891207e-01 3.06744311e-01 0
2.56606711e-01 -1.12235517e-03 0
3.77064338e-01 1.13053858e-01 0
1.08563965e-01 5.61741503e-02 0
3.84122191e-01 -7.18262984e-02 0
5.68479027e-01 1.80103516e-03 0
4.47807420e-01 7.91496472e-04 0
6.61002713e-01 1.77678886e-02 0
1.27773279e+00 -3.44215390e-01 0
9.98401743e-01 -4.43436215e-02 0
5.02610654e-01 1.39231276e-02 0
6.62876965e-01 -6.38612952e-02 0
6.03747730e-02 -1.26656340e-01 0
4.33954847e-01 4.86307057e-02 0
6.58165257e-01 1.48958631e-01 0
7.08368738e-02 -8.31991923e-02 0
4.90715836e-01 -5.50472059e-02 0
5.75839328e-01 -1.33305127e-01 0
4.54499792e-01 -2.43913965e-02 0
6.70948412e-01 4.80109522e-02 0
6.63001008e-01 5.38820993e-02 0
6.39704163e-02 5.67282641e-02 0
2.56139230e-01 2.02981951e-01 0
6.24325742e-01 -1.88780065e-02 0
1.10493723e+00 -1.62217077e-01 0
8.71945045e-01 9.54289469e-02 0
6.24723467e-01 3.44832256e-02 0
2.29786192e-01 -1.64403909e-02 0
6.78227630e-01 2.25831037e-02 0
4.24437792e-01 -1.67939346e-01 0
3.92610953e-01 -3.72607540e-02 0
4.95974963e-01 -1.21195751e-01 0
8.64927604e-01 1.38836050e-01 0
5.01494679e-01 -3.44961520e-03 0
4.49442483e-01 -7.27386432e-03 0
7.81495685e-01 -5.94469882e-02 0
4.76849589e-01 -1.30107026e-02 0
5.22608235e-01 -1.30622692e-01 0
5.20693044e-01 6.95156502e-03 0
6.19580857e-01 -8.14788098e-02 0
4.01669129e-01 3.50841126e-03 0
-1.25562325e-02 6.02211911e-02 0
3.34286570e-01 -7.34049183e-03 0
3.64491582e-01 2.69837537e-01 0
1.12748689e-01 -1.38098913e-01 0
7.51076879e-02 5.42015467e-02 0
1.07720387e-01 -4.46309708e-02 0
1.84305853e-01 5.52182262e-02 0
-4.82599039e-02 1.68319210e-02 0
2.61326228e-01 -1.73960302e-01 0
7.09922373e-01 -6.07392355e-02 0
3.44222920e-01 -3.43181734e-02 0
1.05908271e+00 -1.73739493e-01 0
1.33578178e-01 -2.96653270e-01 0
9.02582250e-02 2.51274752e-01 0
1.33886379e-01 2.98133909e-01 0
5.18981168e-01 7.06885665e-03 0
5.21685717e-01 -3.27573269e-01 0
2.46729534e-01 3.80130140e-01 0
7.09701474e-01 -1.46522020e-01 0
6.42357462e-01 -3.65653713e-01 0
5.69700525e-02 1.89204175e-02 0
4.83588688e-01 -1.42885549e-03 0
5.45044694e-01 1.49958139e-01 0
2.92074389e-01 -6.79466259e-02 0
3.56102669e-01 2.93623634e-02 0
4.55004863e-01 -9.99629889e-02 0
1.26098621e+00 -5.62238019e-02 0
1.51766102e-01 -1.09307563e-01 0
1.31087433e+00 -1.47792927e-01 0
4.42033313e-01 1.17817307e-01 0
6.95896643e-01 3.26520111e-01 0
5.20780526e-01 7.98541778e-03 0
4.15972632e-01 -2.40766377e-02 0
5.58064686e-01 5.69967306e-02 0
6.85120706e-01 -1.23688525e-01 0
6.93230523e-01 1.41701286e-01 0
5.05635184e-01 1.25876911e-03 0
7.84485406e-01 -2.20628608e-01 0
6.57115662e-01 1.93243237e-02 0
5.65300260e-01 3.40242727e-01 0
6.38422758e-01 -7.54649275e-02 0
7.00603380e-01 -8.54392995e-02 0
4.86902851e-01 -1.17283844e-02 0
5.79713155e-01 -2.95899729e-02 0
6.71790496e-01 1.29785139e-01 0
3.14241321e-01 2.68397168e-01 0
4.76163079e-01 7.87031318e-04 0
5.22778144e-01 9.34025558e-03 0
6.32967059e-01 -7.12708277e-02 0
1.96234053e-01 6.35582364e-02 0
4.71839044e-01 -1.03310072e-02 0
4.59194369e-01 -2.54067699e-04 0
6.45430995e-01 -7.51878734e-02 0
5.80669483e-01 -3.13545370e-01 0
4.83587764e-01 -7.87223849e-03 0
4.65048586e-01 1.95666431e-02 0
5.02784353e-01 1.30804263e-02 0
1.90964823e-01 -6.40274954e-02 0
4.91406972e-01 -5.85319777e-02 0
5.18289784e-01 -1.72621543e-02 0
4.43727148e-01 2.04577274e-01 0
4.91172808e-01 -3.55668636e-03 0
4.51252092e-01 1.07340939e-01 0
5.55556212e-01 3.24148854e-03 0
4.93246908e-01 6.05129424e-02 0
6.98557005e-01 -3.78176145e-01 0
4.63990108e-01 4.54554982e-03 0
4.64866653e-01 4.16886413e-02 0
5.20906224e-01 -1.63427651e-02 0
1.40283113e-01 -1.00153452e-01 0
4.47783145e-01 2.51760593e-02 0
6.73419176e-01 6.02006022e-03 0
5.49143439e-01 1.64601711e-01 0
3.25577331e-01 -7.36550358e-02 0
4.24156023e-01 -4.55484747e-02 0
1.04032448e-01 3.81813813e-02 0
9.19932779e-01 -2.96940100e-01 0
5.32273985e-01 -2.22903502e-02 0
4.84744418e-01 5.76398166e-02 0
-1.24259235e-01 8.85758481e-02 0
2.05357004e-01 1.43482628e-02 0
4.65185724e-01 -1.84242898e-02 0
1.53767601e-01 -7.93135101e-02 0
1.03579890e+00 -6.22927568e-02 0
6.34570349e-01 -1.56691199e-01 0
1.19553763e-02 6.52051917e-02 0
8.68428296e-01 -3.05347442e-02 0
4.95309934e-01 -2.17362999e-02 0
3.93222619e-01 -1.21579090e-02 0
4.74431853e-01 1.76426821e-02 0
5.29540835e-01 -1.65853763e-02 0
2.53824396e-01 6.75795169e-03 0
-3.12118878e-02 6.31042939e-03 0
4.51857438e-01 3.74018629e-03 0
1.90454270e-01 -2.56550464e-01 0
5.80332312e-01 1.08155874e-02 0
6.95552995e-01 5.41634701e-02 0
9.19154976e-01 2.70214828e-01 0
6.41031299e-01 5.96125579e-02 0
4.63846578e-01 6.98068324e-02 0
5.44025545e-01 6.02728755e-02 0
3.69945751e-02 1.15759583e-01 0
-4.68640648e-02 9.17819373e-03 0
5.96121299e-01 4.02836203e-01 0
3.97940356e-01 1.29204782e-01 0
1.03010308e+00 1.62071045e-01 0
8.05617927e-01 2.18576645e-01 0
6.83431641e-01 -9.09344976e-02 0
6.15831920e-01 2.25240205e-01 0
-2.62158286e-02 6.09888423e-02 0
3.97256226e-01 2.85322720e-02 0
4.51820134e-01 1.14989345e-04 0
2.07345661e-01 -1.69347165e-01 0
6.33018891e-01 3.50098484e-01 0
5.87350420e-01 5.32511781e-02 0
4.87292945e-01 1.02282223e-01 0
6.56644178e-01 3.75604910e-02 0
1.14547296e+00 -8.13497930e-02 0
6.69994137e-01 -3.22387146e-02 0
8.51385653e-01 -2.65574301e-01 0
3.09026830e-01 -4.04736111e-01 0
3.88641968e-01 -1.50941821e-02 0
1.21461156e+00 -5.93864200e-02 0
8.95543467e-01 1.17491356e-01 0
4.50975290e-01 3.45750906e-04 0
-4.19899696e-03 1.17344886e-02 0
7.01395117e-01 2.08491679e-02 0
6.49276422e-01 1.64357423e-02 0
5.04806081e-01 -1.64564938e-02 0
6.64898496e-01 4.68472931e-02 0
1.46997112e-01 -1.05810490e-01 0
6.36422342e-02 4.40224396e-02 0
6.39151860e-01 -3.16431664e-01 0
4.66195866e-01 4.68691809e-02 0
4.52183182e-01 5.78505376e-03 0
2.47137262e-01 -3.79109173e-01 0
2.43876654e-01 -4.09810102e-02 0
4.83160328e-01 -1.10343236e-03 0
4.48112033e-01 1.60768303e-02 0
5.56713517e-01 -1.46159506e-03 0
3.26878707e-01 1.25372896e-02 0
5.51740722e-01 -1.67450575e-01 0
2.12188007e-01 4.64261633e-03 0
3.33634841e-02 -1.27359362e-03 0
4.50237819e-01 -8.86451356e-03 0
6.49549631e-01 4.98882140e-04 0
-2.99748166e-02 6.27009111e-02 0
5.17599392e-01 1.39702130e-02 0
9.76463798e-01 2.51762125e-02 0
5.92552802e-01 -2.45523265e-02 0
5.52605714e-01 -1.12518536e-01 0
4.96190428e-01 2.82867969e-02 0
3.15609818e-01 7.07992342e-02 0
7.53641834e-01 6.46506509e-02 0
4.89094496e-01 7.25211392e-02 0
7.80943029e-01 -3.40927365e-01 0
-1.39397977e-01 6.95781033e-02 0
5.19076915e-01 -1.11960886e-02 0
5.69912845e-02 1.02291271e-01 0
4.38995274e-01 -1.23886338e-01 0
7.35298273e-01 2.21646471e-01 0
4.94700706e-01 6.49699870e-03 0
7.50189362e-01 -1.43359318e-02 0
6.07578330e-01 -1.38979794e-01 0
6.55565034e-01 8.51892651e-02 0
4.00088564e-02 3.79819276e-02 0
6.70760955e-01 -2.59937371e-01 0
5.22485639e-01 -1.06871655e-01 0
8.27054709e-01 3.08056377e-02 0
6.55128186e-01 -5.82487986e-02 0
2.92465106e-01 1.97580810e-01 0
5.37159645e-01 8.79454775e-02 0
9.23147399e-01 -2.25356695e-01 0
-6.56792748e-02 5.09489624e-02 0
1.75769737e-02 -2.76348393e-02 0
4.37252901e-01 -4.26060888e-01 0
5.70471635e-01 -8.79093232e-02 0
7.24720701e-01 5.48052105e-02 0
3.36006221e-01 -4.64561594e-02 0
3.94427815e-01 -1.12617840e-01 0
2.81034078e-03 -2.43152181e-02 0
4.40834895e-01 -8.54618803e-03 0
6.10909622e-01 -7.24950258e-02 0
6.65288297e-01 -5.15000337e-02 0
5.92301047e-01 7.17722471e-02 0
6.51696542e-01 1.31740016e-02 0
5.95887763e-01 -2.02044611e-01 0
6.56290686e-01 1.99216449e-01 0
8.87948831e-01 -2.08179445e-01 0
2.99019010e-03 -1.91195076e-02 0
1.26550736e+00 -1.85216188e-01 0
5.31600754e-01 -1.68923243e-02 0
1.54972856e-01 3.02789031e-01 0
2.44067703e-01 3.66795791e-01 0
5.00639004e-01 -1.04046349e-01 0
5.85717060e-01 -1.03403459e-01 0
4.43685186e-01 -1.12639871e-02 0
7.63360867e-01 5.68393606e-02 0
-5.31982317e-02 -1.11095893e-02 0
6.49972926e-01 3.75531682e-02 0
4.99457936e-01 6.71506345e-03 0
5.87782417e-01 -2.69230318e-01 0
4.97177186e-01 7.46505281e-03 0
4.81702596e-01 3.96936088e-01 0
4.51782014e-01 8.34613436e-02 0
1.10684298e-01 -2.35915904e-02 0
8.08487360e-01 -3.17393309e-01 0
6.74534383e-01 -1.18482785e-01 0
4.69772104e-01 -3.09500062e-02 0
4.76118508e-01 -1.40077478e-01 0
3.80737932e-01 2.26637785e-02 0
4.55606799e-01 -3.45635266e-02 0
4.61564872e-01 5.44437394e-03 0
2.27443733e-01 -2.33797190e-01 0
6.49176913e-01 -3.40662021e-01 0
4.51606032e-01 7.75786461e-03 0
6.62915387e-01 2.01454320e-01 0
8.15266270e-02 3.79688823e-02 0
4.41796032e-01 7.27507117e-03 0
2.39912227e-01 -2.61489705e-01 0
4.54219654e-01 -2.74193023e-01 0
5.13084176e-01 2.01680515e-02 0
6.38832832e-01 -2.49933974e-02 0
2.51183914e-01 -3.32920645e-01 0
6.18485398e-01 6.90647361e-02 0
5.91672086e-01 8.88124838e-02 0
2.67447155e-01 -1.62477245e-01 0
4.00728289e-01 -8.23390061e-02 0
5.88349769e-01 7.73600232e-02 0
6.25494056e-01 -8.66246923e-02 0
8.53943861e-01 8.25291216e-02 0
8.02705626e-01 -1.85407298e-01 0
6.99476463e-01 -1.51669818e-01 0
1.15756972e+00 3.94961909e-02 0
5.02325918e-01 -3.64723518e-04 0
2.96538405e-01 -8.40053465e-02 0
5.57039462e-01 -2.66871273e-01 0
4.37027001e-01 2.40249289e-03 0
5.76995615e-01 -5.03056455e-02 0
6.37713325e-01 -7.69181592e-02 0
1.03024324e-01 -2.12559751e-01 0
6.74332763e-01 5.63162925e-02 0
5.86871483e-01 -8.14446896e-02 0
7.03499618e-01 1.42468547e-02 0
7.50137483e-01 -3.21581871e-02 0
4.99426294e-01 1.31393370e-02 0
5.61409088e-01 6.45343328e-02 0
4.75255611e-01 1.77170386e-02 0
5.18358823e-01 -7.82945035e-04 0
5.54748131e-01 6.58644200e-02 0
7.09207840e-01 1.58191350e-01 0
4.21613361e-02 7.61386933e-03 0
4.98977587e-01 1.15536725e-02 0
4.95125888e-01 -1.36303878e-04 0
1.13944725e-02 4.68262381e-02 0
2.38308841e-01 6.00942632e-02 0
4.18630754e-01 3.19528845e-02 0
5.52885342e-01 -6.70687712e-02 0
7.97839292e-01 -2.93864817e-01 0
4.14550165e-01 -4.35784634e-02 0
6.03556122e-01 -1.11134956e-01 0
5.90196172e-01 7.36737225e-02 0
4.94734930e-01 -3.98930989e-04 0
-8.72095999e-03 8.33751169e-02 0
-1.53678934e-02 2.45871296e-02 0
5.84522270e-01 3.47378855e-02 0
5.35404664e-01 -3.05834273e-02 0
5.80906224e-01 1.16673844e-01 0
5.52661412e-01 2.20776694e-02 0
5.33809896e-01 1.01119208e-01 0
7.06222026e-01 -8.43452332e-02 0
6.34192112e-01 3.64848339e-02 0
4.98022826e-02 1.15238018e-02 0
9.67962436e-02 5.09893977e-02 0
1.21293782e+00 1.54638177e-01 0
6.66394993e-01 3.22367451e-02 0
1.28708642e+00 1.51133746e-01 0
2.16830629e-01 8.55658863e-03 0
1.27650880e+00 1.59676471e-01 0
8.68802092e-01 1.43275954e-01 0
6.54991077e-01 1.31617192e-01 0
4.53582546e-01 -4.36181807e-02 0
5.73522058e-01 3.16299601e-02 0
6.54688585e-01 3.30197609e-02 0
4.50813444e-01 -7.74052399e-03 0
3.71118469e-01 -1.34222945e-01 0
1.17259134e+00 1.53378775e-02 0
5.48577484e-01 4.22577004e-01 0
6.03689337e-01 4.20156563e-01 0
1.20016326e+00 -4.30224016e-02 0
4.69809191e-01 -5.84894461e-03 0
-5.19913453e-02 2.79094722e-02 0
2.76338205e-01 -2.82834278e-01 0
7.17507052e-01 5.04248625e-02 0
3.24620937e-01 9.63427591e-02 0
-2.10009509e-02 9.43276232e-02 0
-1.07304806e-02 7.41042646e-02 0
4.08699970e-03 2.50413360e-02 0
5.61755550e-01 8.87880533e-02 0
4.29631694e-01 -1.79470818e-02 0
-4.67692228e-02 2.75303222e-02 0
6.48363475e-01 2.33467658e-01 0
6.00166935e-01 -1.79326247e-02 0
5.18114103e-01 -6.66494011e-02 0
5.75821562e-01 -3.81388269e-02 0
-3.26808709e-02 8.44457405e-02 0
8.06322842e-01 2.22253802e-01 0
6.83563260e-01 2.43842277e-02 0
7.94278851e-02 3.18265212e-02 0
4.04986666e-01 -1.78861227e-01 0
6.03917723e-02 -1.72598063e-02 0
4.19644105e-01 8.88413872e-02 0
4.90833943e-01 -6.41830585e-03 0
4.50226694e-01 -2.21253076e-04 0
1.70642257e-01 -2.05901585e-01 0
8.53678271e-01 3.28242403e-01 0
5.25906629e-01 7.56514415e-03 0
3.25714610e-01 -2.84531326e-02 0
7.48253707e-01 -1.90811131e-02 0
6.39201433e-01 4.24690591e-02 0
6.36476133e-01 -3.19842707e-02 0
6.31114767e-01 -6.79216528e-02 0
-2.24095515e-03 -2.85369538e-02 0
4.85613350e-01 -2.21755534e-01 0
-7.88796953e-03 7.23845593e-03 0
3.50847149e-02 3.31433636e-02 0
5.44294154e-01 1.85721127e-01 0
1.12028273e+00 6.97900232e-02 0
4.39149741e-01 2.70404990e-01 0
8.99026140e-01 -6.10980226e-02 0
5.92953330e-01 -3.73978965e-02 0
4.55247168e-01 9.52736881e-02 0
4.95476862e-01 7.03805578e-02 0
7.77085877e-01 3.07288342e-01 0
4.39672239e-01 6.63260087e-03 0
4.52562401e-01 4.00482780e-03 0
1.68271901e-01 -2.34912733e-01 0
4.99324477e-01 -1.21077790e-01 0
6.92545369e-01 -9.76226753e-02 0
7.41768962e-03 -1.39782650e-02 0
2.94252921e-01 5.01817236e-02 0
6.19098601e-01 -5.20378822e-02 0
5.36715581e-01 9.35838779e-03 0
5.93339184e-01 9.28161596e-02 0
7.32849846e-01 4.95687169e-02 0
4.97707190e-01 -2.08638243e-02 0
5.40355810e-02 2.81208006e-02 0
4.99536077e-01 2.37905018e-04 0
4.80501140e-01 -4.86926008e-03 0
5.69255035e-01 7.11423486e-02 0
4.98879192e-01 7.88820483e-04 0
4.88859943e-01 -5.33958166e-03 0
4.29372024e-01 -2.96695224e-02 0
9.41120172e-02 1.94299725e-02 0
-1.25118321e-01 9.19541128e-02 0
4.98260542e-01 1.92171552e-03 0
6.33854239e-01 1.13922015e-02 0
5.25943261e-01 -1.54030533e-01 0
2.83752146e-01 -2.68403003e-02 0
8.84264211e-01 -2.49554679e-01 0
4.90905390e-01 -5.37165380e-03 0
5.80183432e-01 5.37413473e-02 0
1.29373757e-01 6.44217939e-02 0
4.23042598e-01 4.68775882e-02 0
8.88903978e-01 -4.45885022e-02 0
6.03293885e-01 6.49858427e-02 0
3.20237883e-02 6.88657230e-03 0
6.04021852e-01 -4.58564242e-02 0
6.15939269e-01 -7.54566749e-02 0
5.85853778e-01 -9.50319441e-02 0
7.10874112e-01 2.42677711e-01 0
4.39476795e-01 1.65353397e-02 0
4.53599340e-01 -8.02379094e-03 0
4.00896319e-01 -2.44983088e-01 0
6.63531502e-01 8.40503405e-02 0
8.37055870e-01 2.28718297e-01 0
7.13569364e-01 1.73182741e-01 0
4.58700010e-01 3.83390407e-03 0
1.01945438e+00 -1.09971553e-01 0
7.30024390e-01 -5.17858005e-02 0
5.08123060e-01 -1.13637233e-01 0
1.21590903e+00 5.78883690e-02 0
5.65072241e-01 2.99437702e-02 0
5.34434888e-01 2.39524975e-03 0
3.30663670e-01 -3.91179682e-01 0
5.85029788e-01 1.15573041e-02 0
6.41917836e-01 -5.06787007e-03 0
3.37609742e-01 -8.61192070e-02 0
5.19401372e-01 2.50361807e-02 0
6.15229596e-01 -4.43466718e-02 0
4.66565304e-01 1.40891556e-02 0
4.47148900e-01 -3.98172081e-04 0
6.25314958e-01 -3.76195173e-02 0
1.31174322e-01 7.55477589e-02 0
1.03583128e+00 1.89885823e-01 0
4.72928025e-01 -8.74563440e-02 0
6.51584356e-01 -5.85184651e-02 0
4.22748330e-01 -6.63036637e-02 0
3.77748706e-01 1.48623659e-02 0
6.83573949e-01 -3.35002305e-02 0
3.45431694e-01 -1.17798109e-01 0
6.39256510e-01 -4.91440853e-02 0
6.08779009e-01 6.18204920e-02 0
5.04954106e-01 9.98885262e-02 0
8.44379156e-01 7.12426714e-03 0
4.55455673e-01 2.00788758e-02 0
1.20781247e+00 -1.47624666e-01 0
6.58308572e-01 -1.04575339e-01 0
4.70836984e-01 4.57281347e-03 0
5.12754090e-01 2.62786289e-02 0
3.05182338e-01 3.52917077e-01 0
1.58623744e-01 2.48671344e-01 0
2.10559173e-01 4.90137206e-03 0
1.80748826e-03 3.93710718e-02 0
2.56192221e-01 -3.56041810e-01 0
3.77032751e-01 2.23317098e-01 0
5.57008573e-01 3.55389278e-02 0
5.75857385e-01 -1.84325972e-01 0
-5.88952754e-03 -1.95285851e-02 0
2.52724225e-01 1.05411739e-01 0
4.35283362e-01 -1.22505688e-02 0
5.31225188e-01 4.98786901e-03 0
5.58376797e-01 -1.41555656e-01 0
6.33034544e-02 -2.92034694e-03 0
-1.01035831e-01 3.21285234e-02 0
5.07431866e-01 2.08397727e-03 0
3.06147842e-01 -3.21821845e-02 0
3.96140832e-01 -8.13766764e-02 0
5.22243750e-01 2.90525665e-02 0
6.61275427e-01 2.20633714e-01 0
5.26183113e-01 9.41570911e-04 0
3.44803968e-01 -2.07586145e-02 0
4.55044005e-01 -8.89167554e-03 0
5.46545468e-01 -2.10602522e-02 0
5.17829585e-01 1.05326321e-02 0
1.25982075e+00 -1.88864977e-01 0
3.47634322e-01 -1.55778590e-02 0
6.17512515e-01 8.08842083e-02 0
6.73488767e-01 -2.36607672e-01 0
6.40213505e-01 1.40278861e-03 0
4.39079435e-01 3.68119689e-03 0
5.97825015e-01 6.25541804e-03 0
2.00169176e-01 -2.60467046e-01 0
2.86907244e-01 4.87996021e-03 0
-1.91858096e-02 7.48549415e-02 0
4.78009878e-01 3.17909734e-03 0
4.49598571e-01 1.20181375e-03 0
5.57341198e-01 4.15068632e-01 0
2.12817567e-01 -2.78153217e-01 0
4.41869120e-01 -8.15312311e-02 0
5.19631620e-01 8.96669398e-02 0
3.63087525e-02 6.79580565e-02 0
-1.08823538e-01 4.76267522e-02 0
1.18449387e+00 -2.90223067e-02 0
1.07992864e+00 -5.27554193e-02 0
6.14076909e-01 5.97040510e-02 0
5.99640023e-01 -3.35493117e-02 0
6.38063775e-01 -5.76974523e-02 0
4.04525030e-01 5.63646356e-02 0
5.29452743e-01 3.43595890e-01 0
1.31908703e+00 3.39110150e-01 0
6.53736833e-02 1.31623241e-01 0
-1.01067756e-01 -1.38751330e-02 0
8.48281759e-01 -7.12135700e-02 0
4.90256884e-01 8.04232038e-03 0
2.23424720e-01 -3.31184263e-01 0
3.29038027e-01 -1.89445481e-01 0
4.49450585e-01 1.09937718e-03 0
4.30643422e-01 1.75994960e-01 0
4.20674862e-01 1.27701205e-02 0
-6.54675828e-03 -2.06927932e-02 0
4.89340721e-01 -7.72310730e-03 0
2.62872781e-01 -1.16812316e-01 0
4.55521920e-01 -2.89595848e-02 0
5.42360630e-01 -1.70351777e-02 0
3.35377029e-01 -1.04054599e-01 0
5.08234810e-01 3.17554590e-01 0
1.13285483e+00 -1.35585782e-01 0
1.05990996e-01 -2.06998801e-01 0
6.55485321e-01 1.00917606e-01 0
-5.97722974e-02 7.58878243e-02 0
1.00471561e+00 4.14571983e-02 0
3.48846197e-01 1.17013443e-01 0
3.47937464e-01 7.65438666e-03 0
4.89241893e-01 -6.26838657e-03 0
5.20236899e-01 -5.20166171e-03 0
4.49788710e-01 1.52150270e-03 0
4.16594027e-01 -5.86416420e-02 0
6.74498981e-01 -1.22336852e-01 0
4.23194696e-01 -2.33125938e-01 0
5.38896520e-01 -4.83105372e-03 0
5.01840228e-01 2.11608513e-02 0
4.95190068e-01 1.51198634e-02 0
1.99571785e-01 -2.19267496e-01 0
-1.66827545e-02 -2.26841224e-02 0
4.17334347e-02 6.12009306e-02 0
4.90929391e-01 7.58307024e-02 0
8.59229925e-02 1.10107774e-01 0
6.06284994e-01 -1.92082067e-02 0
2.17438793e-01 -7.95808840e-02 0
2.92991398e-01 -1.32173851e-01 0
5.80290130e-01 -7.47961527e-02 0
4.88532363e-01 6.11554487e-03 0
1.18184674e+00 3.24960094e-02 0
6.28825727e-01 -7.03515433e-02 0
7.66330781e-02 6.96381986e-02 0
5.09393600e-01 9.62858204e-03 0
6.24488995e-01 8.43363531e-02 0
6.98391704e-01 1.35697792e-02 0
-3.61053895e-02 -1.77708322e-02 0
6.47702044e-01 2.23771062e-01 0
1.23383061e+00 1.36735903e-01 0
4.61677344e-01 -9.01617150e-02 0
4.54991724e-01 -1.44264753e-03 0
8.85001773e-01 -1.28505486e-01 0
8.92421478e-03 7.88791798e-02 0
5.22961175e-01 6.23170844e-02 0
-3.53575110e-02 9.39965429e-02 0
6.53801912e-01 -6.15128648e-02 0
1.20307961e+00 -1.10460100e-01 0
4.98428165e-01 1.75373600e-02 0
3.46059199e-01 2.54609579e-01 0
3.99286310e-01 1.26050999e-01 0
6.51485507e-01 -5.50167403e-02 0
3.48881625e-01 -1.66340054e-01 0
3.67715875e-01 1.79287161e-02 0
2.21362974e-01 -1.92030722e-01 0
4.90447820e-01 7.82469044e-03 0
2.41884424e-01 -2.36714314e-01 0
4.79013792e-01 2.63166949e-02 0
4.71784053e-01 1.22307286e-02 0
-6.75515405e-03 -2.23373694e-02 0
-3.59056380e-02 6.57626977e-02 0
5.10532258e-01 2.63588322e-01 0
5.60214356e-01 -1.16325285e-01 0
4.69749461e-01 1.30126687e-01 0
2.58121751e-01 -2.80740754e-01 0
5.11713636e-01 -4.05838145e-02 0
1.10066974e-01 -1.42182383e-01 0
8.56725119e-01 -8.57811856e-02 0
5.23731099e-01 -1.06844169e-01 0
9.67805641e-02 -4.21017577e-02 0
7.70487448e-01 -1.55554541e-01 0
-9.79233401e-03 9.23271807e-02 0
6.20257810e-01 3.83609557e-01 0
1.44166300e-01 4.39565164e-02 0
4.46361405e-01 -1.89058472e-02 0
1.04275580e+00 2.00299622e-01 0
1.62075583e-02 3.75628137e-02 0
9.92277878e-01 1.01620745e-01 0
-8.63285898e-02 5.39992372e-02 0
2.67816147e-01 2.53644566e-01 0
5.29108307e-01 4.57725542e-03 0
5.59107439e-01 8.80855570e-02 0
4.53083795e-01 -1.93587689e-03 0
3.45789286e-01 3.37044270e-01 0
5.77333164e-01 6.18501860e-02 0
1.15478689e+00 6.42347839e-02 0
6.87244141e-01 1.83391606e-02 0
1.44492352e-01 1.33876521e-01 0
5.10311816e-01 1.03284677e-01 0
6.78194665e-01 -1.13981348e-03 0
7.69576868e-02 7.32648734e-02 0
5.61575003e-01 6.67586690e-02 0
1.02027436e+00 1.45618698e-01 0
8.07636070e-01 1.61933736e-01 0
-1.45606062e-03 -2.47610138e-02 0
7.78338752e-01 -4.21104649e-02 0
2.90853098e-01 -8.18940099e-02 0
1.05719973e+00 -7.33672781e-02 0
4.52907980e-01 -3.49703951e-01 0
4.41092038e-01 4.84359319e-03 0
5.84083071e-01 -3.96427934e-01 0
4.04922751e-01 -1.14342205e-01 0
8.46383849e-01 9.05128829e-02 0
3.49762499e-01 -2.41034929e-01 0
6.11656542e-01 7.21660809e-02 0
4.97786117e-01 2.22500607e-02 0
6.19228306e-01 1.37083226e-03 0
1.11597002e+00 9.61291733e-02 0
-1.42272903e-01 3.24056496e-02 0
4.04505324e-01 -4.55640035e-02 0
4.52686389e-01 -4.62357861e-03 0
4.87442162e-01 -6.67047451e-03 0
8.55958987e-01 -1.52661139e-01 0
5.10702240e-01 -2.78269030e-01 0
4.55288360e-01 -1.01507100e-02 0
2.84922270e-01 -1.79566540e-01 0
1.02246496e+00 -4.49411571e-02 0
5.43596558e-01 1.09380263e-03 0
4.34233103e-01 -5.20375251e-02 0
5.97198665e-01 9.21531324e-02 0
-2.51983277e-02 -1.29287345e-02 0
1.20369658e+00 6.56748848e-02 0
6.04334459e-01 1.10285268e-02 0
6.84095603e-01 -1.41875794e-03 0
4.34516510e-01 4.42396311e-02 0
9.80541740e-01 -1.06169771e-02 0
8.25274313e-01 -5.61345866e-02 0
5.33346684e-01 2.37766488e-01 0
5.48533701e-01 -3.55015703e-02 0
5.56845796e-01 9.99997911e-02 0
7.49149368e-01 -1.59979986e-01 0
5.11443606e-01 -6.03614242e-02 0
3.42219614e-01 6.62334052e-02 0
4.40372701e-01 -3.96970858e-02 0
1.01234607e+00 2.67470857e-01 0
6.46037735e-01 2.71150122e-02 0
5.08919327e-01 5.67194148e-04 0
2.50269064e-02 -2.35588966e-03 0
4.52841322e-01 -5.00763543e-03 0
6.66888169e-01 -1.10523220e-01 0
4.00149979e-01 -9.15398028e-02 0
5.72989787e-01 -7.12434097e-02 0
9.80344017e-01 1.80052052e-01 0
1.20314826e+00 3.54596827e-04 0
5.99795080e-01 -1.60651699e-01 0
5.08323473e-01 1.76224382e-02 0
4.50423691e-01 1.85103067e-03 0
6.42526253e-01 -6.25034537e-02 0
1.19423793e+00 2.07612028e-02 0
4.50554306e-01 -1.88496141e-02 0
5.82921654e-01 5.54229199e-02 0
5.75884643e-01 -7.75922751e-02 0
4.33629483e-01 -3.25000561e-02 0
9.61489103e-01 -1.22953709e-01 0
-7.41044216e-02 1.63945502e-02 0
4.74772599e-01 -1.58465767e-01 0
3.81179702e-01 9.81033304e-02 0
3.96647583e-01 9.61488353e-02 0
4.56940678e-01 -5.93936201e-02 0
7.32568841e-01 -8.01218872e-02 0
6.01715603e-01 2.06038481e-01 0
2.98961103e-01 -3.73065827e-03 0
4.50659124e-01 2.60991603e-03 0
1.21754278e+00 -1.41092177e-01 0
5.34626756e-01 -4.35805087e-01 0
2.97649831e-01 8.13749254e-02 0
6.42638879e-01 -1.49138410e-03 0
9.06585520e-02 8.98760750e-02 0
1.52631773e-02 -1.40530304e-02 0
6.15651193e-01 6.80846462e-02 0
7.16283990e-01 3.48169567e-01 0
7.04060749e-01 3.12073017e-01 0
3.80833010e-01 4.59178241e-03 0
4.84679352e-01 -7.16143875e-03 0
4.68943066e-01 1.39687925e-01 0
1.06310757e+00 1.40080246e-01 0
3.56348068e-02 5.44107651e-02 0
4.45163644e-01 8.92413588e-03 0
6.73487059e-01 2.73670656e-02 0
1.22196169e+00 1.50698065e-01 0
3.14000436e-04 3.52149148e-03 0
4.47958290e-01 6.40251023e-04 0
6.13734941e-01 4.42972090e-03 0
6.48553166e-02 8.53069906e-02 0
4.49958484e-01 -1.39945664e-02 0
5.60643524e-01 -1.05652881e-01 0
2.84853051e-01 -6.51878898e-02 0
4.90435031e-01 9.40185214e-02 0
6.34709760e-01 -6.52278939e-02 0
6.65385420e-02 -1.78382777e-01 0
5.24236960e-01 3.13645800e-01 0
9.93819818e-01 9.40872354e-02 0
6.22091341e-01 2.42689887e-01 0
5.04051990e-01 -1.45833709e-01 0
3.65999166e-01 -4.51655438e-02 0
4.21373679e-01 8.21876321e-02 0
5.08168960e-01 -1.47333027e-02 0
4.58728499e-01 2.39896664e-02 0
4.56609062e-01 6.99673360e-03 0
4.85260594e-01 -5.06590793e-03 0
6.82783030e-01 8.19084679e-02 0
5.11910465e-01 1.02160196e-02 0
5.58791964e-01 3.24935705e-02 0
9.66575794e-01 -3.27387289e-02 0
6.14207685e-01 -2.66294414e-02 0
1.49045264e-01 1.95152335e-01 0
1.84963387e-01 -5.55189347e-02 0
3.84834162e-01 7.71447745e-03 0
4.82165135e-01 -1.55988761e-01 0
4.49743293e-01 -3.30518292e-03 0
4.64410247e-01 -1.01423010e-02 0
7.76893885e-01 2.26762074e-01 0
7.87320043e-01 2.25996097e-01 0
5.38321752e-01 -8.21357793e-02 0
1.71541633e-01 1.40033605e-01 0
-1.57075268e-01 6.82739163e-02 0
4.70617837e-01 -3.57996652e-03 0
4.83528390e-01 -3.34709821e-03 0
1.14742696e+00 1.07183388e-01 0
6.19999374e-01 8.47037179e-02 0
4.71627418e-01 1.56642439e-01 0
8.65637628e-02 1.82462149e-01 0
5.01127201e-01 -4.38046286e-02 0
4.72513603e-01 -4.99784109e-03 0
5.23855725e-01 4.82277237e-03 0
5.71923237e-01 6.32070126e-02 0
-4.70761831e-02 7.47150752e-02 0
5.93909236e-01 1.49960036e-01 0
7.43738390e-01 -4.07045405e-02 0
5.64458193e-01 -1.70989913e-01 0
4.96351330e-01 7.44345120e-02 0
9.96070525e-01 -1.01720192e-01 0
5.12592636e-01 -1.37448628e-02 0
4.67504347e-02 -4.50305239e-03 0
4.50574304e-01 -2.37340182e-03 0
5.85111686e-02 -1.78570592e-01 0
5.17878265e-01 -5.00043560e-02 0
3.38213522e-01 -1.02119739e-02 0
4.80672276e-01 1.18943873e-01 0
8.15374572e-01 -6.90727920e-02 0
6.36317112e-01 -1.98591505e-01 0
4.68408512e-01 -1.30888154e-02 0
1.20024200e+00 2.31606658e-02 0
5.42132259e-02 2.69557591e-02 0
6.44268275e-01 8.84160276e-02 0
3.86060082e-01 1.23895186e-01 0
6.06309525e-01 -3.25107489e-01 0
4.57463739e-01 -2.18609010e-02 0
5.06394004e-01 4.19225878e-03 0
4.64648171e-01 1.32060509e-01 0
6.74386885e-01 8.05202451e-02 0
4.97096193e-01 2.07675975e-02 0
7.63816526e-01 1.10644502e-01 0
4.83296544e-01 1.56715174e-01 0
5.05612720e-01 1.34006654e-02 0
4.68771748e-01 3.49933576e-03 0
4.73559009e-01 1.46723911e-02 0
1.04784100e+00 -1.59020882e-01 0
6.09469174e-01 6.18071915e-03 0
8.80017593e-01 3.37547419e-02 0
4.54948043e-01 -2.22041633e-02 0
4.56799540e-01 1.63223396e-02 0
2.46968945e-01 2.49541093e-01 0
6.27100252e-01 5.72430588e-02 0
4.62461725e-01 -3.38184366e-02 0
8.40533370e-01 3.08418784e-01 0
5.04817443e-01 3.27956394e-01 0
1.91490556e-01 -1.61061360e-02 0
9.29288330e-02 4.17507944e-02 0
6.80156674e-01 -2.62934508e-02 0
5.05312153e-01 8.59717586e-02 0
1.23173322e-01 1.60093038e-01 0
6.42532995e-01 2.60857926e-01 0
6.07226495e-01 3.27426134e-02 0
4.51575569e-01 -1.85599215e-03 0
4.18260548e-01 -1.05825623e-01 0
1.29219714e+00 2.07947595e-01 0
7.48515896e-01 -3.85057507e-01 0
6.93818593e-01 1.59242055e-01 0
7.80358686e-01 -1.64127171e-01 0
6.04838604e-01 1.66118947e-03 0
-1.94469388e-02 -2.91090329e-02 0
6.50163995e-01 -3.50320998e-02 0
6.65865596e-01 3.67388470e-02 0
4.85844695e-01 2.38748872e-01 0
6.00492269e-01 3.76329971e-01 0
3.97804590e-01 5.41545719e-02 0
5.33477302e-01 -4.82521110e-02 0
7.17078723e-01 -7.45509791e-02 0
7.23265909e-01 4.13450125e-02 0
7.08003452e-01 5.34369748e-02 0
3.68973993e-01 -1.05693812e-03 0
5.15292206e-01 3.40607827e-01 0
1.15358879e+00 8.74730120e-02 0
1.11041245e-01 -1.20253605e-02 0
5.35944456e-01 1.79493207e-01 0
4.71485921e-01 1.06895041e-01 0
5.51335890e-03 2.35257686e-02 0
3.39435259e-01 4.10977209e-01 0
6.29428436e-01 -4.42578940e-03 0
4.85310299e-01 1.08325931e-02 0
7.40537754e-01 7.57001163e-02 0
4.45086378e-01 -9.19459608e-03 0
8.22682425e-01 1.58047206e-01 0
8.85857447e-01 1.57299028e-01 0
5.48073060e-01 3.03816475e-02 0
9.64549306e-01 2.95151789e-01 0
9.48700292e-02 -5.39627113e-02 0
3.80866550e-01 8.52530613e-02 0
4.67272221e-01 -1.49002795e-01 0
8.83814474e-01 -2.93436796e-01 0
4.97994313e-01 -1.77169115e-03 0
5.37214649e-01 -3.93729054e-02 0
4.95809842e-01 -3.01329264e-01 0
5.26153397e-01 -3.20360832e-01 0
4.57044756e-01 -2.01449532e-02 0
3.88749219e-01 1.86512820e-02 0
-1.22784068e-01 -1.87788452e-02 0
4.43260163e-01 -1.48633677e-02 0
4.26802303e-01 1.39261669e-01 0
5.00546767e-01 8.06681453e-03 0
3.86445783e-01 9.30408361e-02 0
5.00277703e-01 8.88498873e-03 0
5.70182627e-01 2.51431016e-01 0
6.74547520e-01 1.56735187e-01 0
3.84431826e-01 -1.64266459e-01 0
5.03283366e-01 8.74327242e-02 0
5.46637328e-01 4.21543368e-02 0
6.10699114e-01 -4.09783356e-02 0
4.68730819e-01 -1.44070359e-02 0
6.76857139e-01 2.03807074e-02 0
6.50353625e-01 2.82840128e-01 0
3.93017393e-01 1.85962013e-03 0
7.71780781e-01 -4.22739890e-02 0
2.28783991e-01 2.39908144e-01 0
4.80859910e-01 -7.74924499e-03 0
6.24997633e-01 2.20033662e-02 0
7.90436091e-01 -1.25242517e-01 0
4.60395153e-01 2.77702782e-04 0
5.43783173e-01 9.06671881e-02 0
5.07873799e-01 9.39853748e-03 0
5.69881157e-01 -4.75341463e-02 0
6.05706841e-01 -1.16914036e-01 0
5.07270854e-01 9.60419176e-03 0
5.94687788e-01 -3.35306661e-01 0
5.26052127e-01 -4.35221757e-02 0
4.51286569e-01 3.06027634e-03 0
4.22137747e-01 -5.93735015e-02 0
1.15034019e-01 9.04018511e-02 0
4.45232965e-01 5.66104539e-03 0
6.36997981e-01 -6.62104085e-03 0
5.84964386e-01 2.24051052e-01 0
7.00641087e-01 -6.34840853e-02 0
4.49054995e-01 -7.55802064e-03 0
1.12640604e-02 7.26756775e-02 0
-4.95618040e-02 7.60494574e-02 0
4.31555977e-01 2.56009461e-01 0
5.46912678e-01 -5.83204962e-02 0
4.85800518e-01 4.35051279e-03 0
5.28778656e-01 1.25780368e-02 0
3.91120393e-01 -1.66643585e-01 0
5.68268144e-01 -8.83485921e-02 0
6.95795706e-01 4.84578432e-02 0
1.18891680e+00 3.27924551e-02 0
6.45101234e-01 -5.78363427e-02 0
8.98114714e-01 2.79706460e-01 0
3.76960619e-01 -1.52769366e-01 0
4.52239745e-01 -1.22232490e-03 0
3.69858297e-01 1.65722159e-02 0
6.61098870e-01 3.40799814e-02 0
4.01026867e-01 -8.22320993e-02 0
4.99115412e-01 1.38737366e-02 0
7.20907036e-02 9.34073596e-02 0
3.16551502e-01 -6.89815055e-02 0
4.49949634e-01 -1.74507997e-02 0
5.40946457e-01 7.39436968e-02 0
6.43978554e-01 3.80693971e-02 0
6.88327735e-01 -2.26085985e-01 0
9.49877598e-01 -2.89266091e-01 0
3.82965961e-01 7.58356384e-02 0
5.10864103e-01 1.59361072e-02 0
-1.67052878e-02 5.67987238e-02 0
5.07111507e-01 2.06151532e-02 0
7.03433314e-04 2.92026458e-02 0
3.50007336e-01 1.27582499e-01 0
5.01876210e-01 2.45863543e-02 0
7.59613886e-01 4.48533048e-02 0
1.70879094e-01 -2.11498139e-01 0
5.52351647e-01 -6.11351919e-02 0
1.90472823e-01 -1.99023967e-01 0
-1.15218302e-02 -5.76278092e-03 0
4.73268695e-01 3.25059201e-03 0
4.28453368e-01 -1.16036923e-01 0
6.37060603e-01 1.10073522e-01 0
7.61188442e-01 8.91762922e-02 0
6.61070825e-01 -5.05770994e-02 0
4.54499116e-01 2.98669366e-02 0
1.65762535e-01 1.09867158e-01 0
1.93881049e-01 8.02855203e-03 0
-1.63098218e-01 7.54943464e-02 0
8.10785619e-01 3.28501556e-01 0
3.23963592e-01 -9.20056157e-02 0
6.59505149e-01 1.97590123e-01 0
1.13485887e+00 -7.28021991e-02 0
1.20459402e+00 7.18127957e-02 0
4.24157832e-01 1.24450482e-01 0
8.54188398e-03 6.24486730e-02 0
9.88643228e-02 -1.06571669e-01 0
8.99565645e-02 -6.90881137e-02 0
4.57070883e-01 -1.75859577e-02 0
4.53673846e-01 1.76756620e-03 0
-3.86430299e-03 -2.69097289e-02 0
4.13545318e-01 3.50448870e-01 0
5.29390777e-01 5.26630509e-02 0
7.97959687e-01 -3.26626300e-02 0
4.18745102e-01 -1.13989845e-01 0
4.54249331e-01 -3.58576158e-02 0
3.75254701e-01 -3.95575756e-01 0
1.69649539e-01 2.41636068e-02 0
2.54108777e-01 2.83796634e-01 0
6.86271060e-01 1.51314680e-01 0
5.29821833e-01 -3.71809732e-01 0
2.22397084e-01 -3.20367595e-02 0
4.84328028e-01 9.84399501e-03 0
6.05967790e-01 6.04183302e-02 0
4.52954817e-01 6.94040985e-03 0
4.43187483e-01 -2.48543568e-02 0
5.37438494e-01 3.19384436e-01 0
6.22350316e-01 -1.90200094e-01 0
6.75155060e-01 4.10969872e-02 0
-1.16227429e-02 2.53570613e-02 0
6.68992006e-01 2.12567701e-01 0
5.59134710e-01 -2.06561914e-01 0
5.15959932e-01 -1.22662645e-01 0
5.79565493e-01 -7.00691079e-02 0
7.90877255e-01 -3.21306803e-01 0
9.98047825e-01 3.13349821e-02 0
1.14640412e+00 9.05935750e-02 0
7.37138751e-01 -1.42868579e-01 0
5.94615479e-01 -5.85422663e-03 0
6.28967756e-01 1.36792030e-02 0
9.75861599e-01 -1.41928373e-01 0
5.75294626e-01 -6.73779457e-02 0
4.96516211e-01 7.73049610e-03 0
7.68066915e-01 -2.53274737e-01 0
6.21313434e-01 -7.03420913e-02 0
6.51009279e-01 8.09406584e-02 0
4.76404243e-01 1.42377290e-03 0
6.34546979e-01 -2.48154614e-02 0
9.11511603e-01 1.41002724e-01 0
2.46125803e-01 7.91436870e-02 0
5.56799334e-01 -9.45446594e-02 0
7.26045467e-01 -3.87436102e-01 0
4.53661828e-01 -3.93721183e-01 0
5.01663662e-01 8.51935765e-04 0
4.80609939e-01 -1.04432531e-02 0
4.95902243e-01 6.29200441e-03 0
1.93382910e-01 8.67460649e-02 0
5.76391052e-01 7.01411658e-02 0
-1.00469223e-02 3.40063130e-02 0
3.62096035e-01 -4.69534447e-03 0
-1.46922426e-02 -2.24166728e-02 0
4.49422809e-01 -1.18732182e-01 0
6.85560687e-01 4.90287041e-02 0
4.18231701e-01 -8.86229611e-02 0
6.59433677e-01 -3.52605149e-01 0
2.30629733e-01 1.16698576e-01 0
6.57178043e-01 3.86005948e-03 0
2.95044102e-02 -1.30019934e-02 0
5.95304852e-01 -1.48574219e-02 0
7.47871064e-01 -8.73532875e-02 0
7.18818893e-02 1.46104131e-02 0
6.25501259e-01 -8.24630411e-02 0
4.94331684e-01 5.68254088e-03 0
-1.11424602e-01 5.34832322e-02 0
1.78732111e-01 2.26818165e-01 0
4.82798066e-01 3.81365008e-02 0
-5.96600534e-02 7.34029752e-02 0
5.32135061e-01 -5.35054391e-02 0
4.29165589e-01 -4.43770486e-02 0
4.63498729e-01 -8.45542269e-03 0
3.07106983e-01 3.31774599e-01 0
4.94206815e-01 -1.18977187e-01 0
6.31660226e-01 6.17973677e-02 0
1.53280360e-01 6.37714011e-02 0
4.48877023e-01 -4.20849177e-01 0
4.55225595e-01 -7.94723651e-04 0
5.00441198e-01 1.89613455e-03 0
4.50918449e-01 -3.94245372e-03 0
4.52770379e-01 1.59763233e-03 0
3.65786352e-01 -1.69062174e-02 0
4.92481134e-01 7.89372006e-02 0
6.89013545e-01 -7.88352998e-02 0
5.86495779e-01 -8.37428552e-02 0
5.50882004e-01 1.95691028e-02 0
5.03876720e-01 1.62238625e-02 0
7.54838266e-02 1.13681584e-02 0
3.89160189e-01 -9.99380896e-02 0
5.29068523e-01 -4.22183632e-02 0
4.94472220e-01 4.74580774e-03 0
4.65062861e-01 -3.85854536e-02 0
4.27111391e-01 -3.23495875e-03 0
4.52993640e-01 -1.60667774e-02 0
6.53566508e-01 -1.45032120e-02 0
7.67515935e-01 -5.14154244e-02 0
6.90935452e-01 -7.13465470e-02 0
6.45221170e-01 -4.06532266e-02 0
5.14517032e-01 2.18265123e-02 0
3.00533997e-01 -1.10200428e-01 0
4.47254874e-01 3.22716491e-02 0
6.55651867e-01 -7.64410833e-04 0
4.20985633e-01 -5.07866972e-02 0
6.57736903e-01 2.72282437e-01 0
8.15606142e-01 -2.55099457e-01 0
2.59724847e-01 1.96759692e-02 0
4.84719652e-01 3.31808554e-03 0
1.26625349e+00 9.86640847e-02 0
4.86155874e-01 -2.16164029e-02 0
4.70423280e-01 2.39637643e-01 0
7.19800765e-01 2.13262231e-02 0
4.50973170e-02 -6.57431485e-03 0
1.22700545e-01 1.77486529e-02 0
6.46749385e-01 -3.82232830e-03 0
4.76173389e-01 1.00881304e-02 0
-9.10947403e-02 5.51998851e-02 0
3.29994454e-01 4.14650628e-02 0
5.02472866e-01 -8.03381557e-03 0
1.99855095e-01 1.35164637e-01 0
3.98874078e-01 -6.73798233e-02 0
1.05284845e-01 2.00426017e-02 0
4.19549475e-01 4.53426480e-03 0
9.61455648e-01 1.15981900e-01 0
4.82976955e-01 5.04561438e-02 0
4.50958951e-01 8.77513277e-02 0
4.36801779e-01 2.08259626e-02 0
-3.45199859e-02 9.27866286e-02 0
1.13315550e+00 1.25491998e-01 0
4.62155964e-01 2.00825047e-01 0
1.03368421e-02 8.64417787e-03 0
2.88995469e-01 1.46911322e-01 0
4.48708713e-01 -4.92527431e-03 0
4.55111890e-01 -2.57867961e-02 0
5.75083390e-01 -1.08578911e-01 0
6.68776426e-01 2.38927321e-01 0
6.78722328e-01 -7.02938863e-02 0
5.83111565e-01 -7.32493867e-02 0
4.54536241e-01 -2.67441481e-01 0
6.11858812e-01 5.53625706e-02 0
7.95402801e-01 -6.67112924e-03 0
4.48419718e-01 -9.65739109e-03 0
6.01110806e-01 3.70665237e-02 0
5.01779052e-01 -6.83098401e-03 0
6.33778729e-01 1.04575145e-01 0
4.49327750e-01 1.00269076e-02 0
5.10914059e-01 -3.02078763e-01 0
6.60978791e-01 2.51878250e-02 0
4.72446534e-01 5.83339089e-03 0
5.38357920e-01 1.18383861e-02 0
4.02924971e-01 -4.74748737e-02 0
1.51093490e-03 8.68049862e-02 0
8.08095948e-01 3.75082307e-02 0
2.69351117e-01 -1.27332483e-01 0
8.64099309e-01 2.59806479e-02 0
2.15328302e-01 8.82567507e-03 0
4.75051420e-01 -1.98788110e-02 0
4.71561484e-01 6.97506571e-03 0
4.22356883e-01 -3.86323065e-01 0
3.98999280e-01 -2.08059097e-02 0
5.34481517e-01 -5.78665444e-02 0
4.64641551e-01 -9.99188069e-02 0
4.97577614e-01 -3.66061681e-02 0
4.95088005e-01 1.41669687e-02 0
5.95842136e-01 -1.33179914e-01 0
4.59261494e-01 -1.08724953e-01 0
5.11310506e-01 1.79249309e-01 0
4.34975258e-01 -4.52683309e-02 0
-9.41350145e-03 9.48518602e-02 0
-3.56657525e-02 8.33616532e-02 0
1.06256077e-01 4.05007452e-02 0
3.15636618e-01 -5.26647898e-02 0
5.96020278e-01 -1.60702125e-03 0
6.01056616e-01 2.16762093e-01 0
4.64969460e-01 7.95178548e-03 0
5.54901331e-01 1.66022608e-01 0
1.25394387e+00 1.07992245e-01 0
6.13079392e-01 -2.13811782e-01 0
5.97474524e-01 -2.97394987e-02 0
3.97564718e-01 8.19115439e-02 0
4.50223181e-01 -8.78411363e-04 0
8.00932113e-01 -7.74094914e-02 0
6.17925875e-01 -7.24179813e-02 0
6.73110772e-01 -2.31479555e-01 0
1.77235203e-01 3.87995372e-02 0
5.90917255e-01 -7.35415305e-02 0
8.20696931e-01 1.17987837e-01 0
-9.05793371e-02 5.30300287e-02 0
9.70972309e-01 6.43085704e-02 0
4.98114398e-01 1.21398004e-02 0
4.01525138e-01 -1.66540505e-01 0
3.24932969e-01 6.07652173e-03 0
7.53389424e-01 -6.94812960e-03 0
5.92956171e-01 7.68134367e-02 0
5.20812581e-01 -2.91508663e-03 0
4.01684100e-01 1.12220558e-01 0
-4.03031830e-02 -2.43989062e-02 0
5.25022683e-02 1.67019955e-02 0
5.81555890e-01 -8.38022162e-02 0
5.34300937e-01 7.84815634e-03 0
7.92171927e-01 -1.43527199e-01 0
7.93165802e-01 -1.60350705e-01 0
2.22021064e-01 1.17008771e-01 0
4.09603242e-01 -2.31974157e-02 0
6.39566295e-01 -2.39733619e-01 0
4.48162608e-01 2.87897197e-02 0
6.68756788e-01 -7.20625207e-02 0
6.47754453e-01 -2.49172209e-01 0
3.85411859e-01 2.54744458e-02 0
2.95925796e-01 -2.89457294e-01 0
3.97372529e-02 3.90147662e-02 0
3.48382370e-01 1.04555740e-01 0
4.53992782e-01 1.65194175e-02 0
4.19531054e-01 -9.65403384e-02 0
5.34727705e-01 1.37870374e-02 0
5.75458744e-01 2.15511251e-01 0
1.01473423e-01 2.12409757e-02 0
4.21642210e-01 2.52932872e-02 0
3.33005163e-01 -7.99141356e-02 0
4.53558012e-01 5.09679785e-03 0
6.68989492e-01 -1.73853599e-04 0
2.00553448e-02 2.93427026e-02 0
6.20097305e-01 3.37204268e-01 0
6.44716648e-01 7.45648970e-03 0
7.90126776e-01 3.80116824e-01 0
8.01394876e-01 -1.58664690e-01 0
4.06553797e-01 -2.37968881e-02 0
7.36700924e-01 -9.28720086e-02 0
5.29523711e-01 -3.10358633e-02 0
1.66004587e-01 2.53088805e-01 0
1.12236228e+00 7.82302688e-02 0
-5.02435727e-03 4.63133398e-02 0
5.57152644e-01 -3.30772792e-02 0
6.47423505e-01 -7.43555871e-02 0
5.95178014e-01 -8.93581567e-02 0
6.01672160e-01 5.02205021e-02 0
2.12064915e-01 1.41746154e-01 0
4.01020123e-01 4.97356803e-02 0
6.57470087e-01 -3.64079644e-02 0
4.94706733e-01 -1.02864757e-01 0
1.21738263e+00 -1.20792483e-01 0
4.60100419e-01 3.42991461e-02 0
4.56123156e-01 6.19714009e-03 0
9.60655270e-01 2.83219550e-01 0
2.23983769e-01 -2.30656548e-02 0
2.61082817e-01 -2.62482384e-01 0
7.12728528e-02 7.19835665e-02 0
5.67252021e-01 -1.87062370e-02 0
4.85132294e-01 -9.18093013e-04 0
3.44253094e-01 2.31890709e-01 0
8.34167933e-01 3.01317266e-01 0
3.76863531e-01 6.10962551e-02 0
5.83344494e-01 7.19387097e-02 0
4.48630386e-01 8.47699930e-04 0
6.44693739e-01 9.35762924e-02 0
4.02323237e-01 3.47735973e-01 0
7.29358915e-01 -1.29606748e-01 0
2.77287291e-01 2.29729378e-02 0
6.60970379e-01 -3.44046288e-02 0
5.88549706e-01 -7.37058919e-02 0
2.99086752e-01 1.89600454e-01 0
5.82790415e-01 3.82164580e-01 0
2.12532460e-01 1.50238508e-02 0
7.64574355e-01 -2.05475654e-01 0
-8.20583120e-02 5.86504165e-02 0
4.59230161e-01 -8.69742849e-03 0
3.67762251e-01 -1.70289274e-01 0
1.10870868e+00 7.34355871e-02 0
7.52925615e-01 1.22594949e-01 0
6.21599285e-01 1.35498153e-01 0
6.22565507e-01 1.94480046e-01 0
4.83268413e-01 -4.91477101e-02 0
4.73218039e-01 -3.09651519e-02 0
4.66762627e-01 -5.41702294e-03 0
4.87896272e-01 -2.68829220e-03 0
3.09983872e-01 3.06593412e-01 0
3.43922400e-01 -7.54247553e-02 0
3.34745184e-01 2.31841180e-01 0
4.11140870e-01 -4.11670410e-01 0
8.56154226e-01 -1.41553629e-01 0
5.91954785e-01 -1.83618171e-01 0
4.93613135e-01 1.73020112e-02 0
5.46363067e-01 9.48407795e-02 0
2.11470535e-01 -4.38162172e-02 0
4.94643615e-01 -7.40355731e-03 0
-8.05112952e-02 5.03968527e-02 0
5.75749136e-01 2.69026370e-02 0
6.64090023e-01 -2.49167354e-01 0
1.11374750e+00 -3.70736749e-02 0
5.37580586e-01 -3.35038560e-01 0
4.89377852e-01 -8.20229855e-03 0
6.62504106e-01 -4.10927485e-01 0
4.22594955e-01 1.27929976e-02 0
4.72167687e-01 6.06495538e-05 0
6.09698830e-01 8.83175650e-02 0
4.41161985e-01 -7.86619947e-03 0
3.14798330e-02 -1.38904767e-02 0
1.29186409e-01 2.48402607e-02 0
-6.70672324e-03 -2.73528826e-02 0
5.62442525e-01 5.01715624e-02 0
5.06603952e-01 -3.91289656e-02 0
6.10281291e-01 -4.17932598e-02 0
6.27282689e-01 1.61989792e-01 0
4.63132675e-01 1.26842253e-02 0
5.40035290e-01 -1.66203135e-02 0
8.39659059e-01 8.16148161e-02 0
5.32672535e-01 4.39245457e-01 0
6.22622465e-01 4.32605277e-01 0
4.66369467e-01 1.78720112e-03 0
2.87046202e-02 6.62061831e-02 0
6.82847050e-01 -3.72457193e-01 0
6.45374964e-01 7.92986029e-02 0
8.95355218e-01 1.01932459e-01 0
6.75733457e-01 3.45336232e-02 0
8.08675273e-01 -2.47373001e-02 0
3.56882694e-01 -2.63996024e-01 0
5.13175552e-01 6.66532775e-03 0
3.92977032e-01 -7.32419504e-03 0
-1.53316199e-01 7.76374606e-02 0
7.92872735e-01 4.88906960e-02 0
2.02922114e-01 3.88960255e-02 0
5.59408773e-01 -1.75417773e-02 0
4.81092612e-01 -1.09980179e-01 0
4.98388571e-02 3.03941158e-02 0
3.75010982e-01 -2.15049378e-02 0
5.86326593e-01 3.31081011e-01 0
6.74020670e-01 1.45436185e-01 0
3.20978184e-01 -2.69102109e-02 0
4.33375539e-01 4.19389533e-01 0
4.50205907e-01 1.49340246e-03 0
4.96393049e-01 -6.68323506e-02 0
4.54964698e-01 3.66957949e-02 0
1.77686673e-01 1.41993583e-01 0
6.27279237e-01 -6.56251905e-02 0
-2.95199074e-02 9.74926254e-02 0
6.83571968e-01 7.42973706e-03 0
2.88989539e-01 -1.39277161e-01 0
5.96469764e-01 -7.73130665e-02 0
5.79627382e-01 -1.19555114e-01 0
6.32225558e-01 2.24479947e-01 0
6.48844298e-01 -1.09769526e-01 0
5.43198366e-01 3.11320116e-02 0
8.84062530e-01 3.49945464e-01 0
5.47461684e-01 1.04498896e-01 0
4.40471943e-01 -3.76864165e-02 0
4.34273803e-01 2.38853505e-02 0
6.57248790e-01 1.12174169e-03 0
3.36874929e-01 2.09476552e-01 0
6.02745545e-01 5.63363400e-02 0
5.84592252e-01 -1.05221086e-03 0
6.69285908e-01 -1.15507778e-01 0
4.89248763e-01 1.10367875e-02 0
1.06970461e+00 -5.71914729e-02 0
4.02239449e-01 3.67187868e-02 0
3.33301642e-01 1.59906422e-01 0
4.19544174e-01 -4.93793556e-02 0
5.76688986e-01 -1.66014063e-01 0
5.81349880e-01 -3.39753323e-01 0
4.45144924e-01 -2.73968582e-02 0
-1.39878281e-01 2.41795127e-02 0
1.54899842e-02 1.05033165e-01 0
5.06042862e-01 -5.71209843e-02 0
6.78427848e-01 1.38478863e-02 0
4.25659067e-01 1.55313563e-01 0
1.03870030e+00 -1.82589673e-01 0
7.08214109e-01 -7.58745928e-03 0
3.00164962e-01 1.81813584e-01 0
4.16705668e-02 2.54839837e-02 0
5.58070119e-01 -6.17095254e-02 0
5.57870486e-01 2.06577985e-01 0
4.88908977e-01 9.48177088e-03 0
6.81914429e-01 3.12842374e-02 0
-1.76000899e-02 -2.01288188e-02 0
2.53834917e-01 8.81590269e-02 0
5.22484559e-01 6.61515068e-04 0
4.31287758e-01 -4.46195747e-03 0
5.90449471e-01 8.50930014e-02 0
2.48148115e-01 -3.47203746e-02 0
1.04656064e+00 -9.62103721e-02 0
5.76314263e-01 -1.73681404e-02 0
1.00669515e+00 -1.16858780e-01 0
5.23035349e-01 -2.32616985e-01 0
5.66807052e-01 -5.84387160e-02 0
5.03100294e-01 -6.97449700e-02 0
2.55138265e-01 9.00103780e-02 0
4.86359664e-01 4.74654188e-03 0
7.63639861e-01 -6.22448118e-03 0
3.21381716e-01 6.08804954e-02 0
6.56503158e-01 2.98245390e-02 0
6.54257127e-01 1.26064668e-01 0
-1.93719800e-02 6.75765993e-02 0
1.09196673e+00 1.98671428e-01 0
-5.65140927e-03 3.57749830e-02 0
4.74550422e-01 6.33959988e-02 0
2.04285476e-01 -1.04524622e-01 0
5.06578869e-01 -2.05301428e-02 0
6.82558715e-01 -1.01957153e-01 0
6.86964707e-01 1.19753030e-02 0
4.88146483e-01 6.28327477e-03 0
7.07167467e-01 -1.18660126e-01 0
4.33028346e-01 -6.93589930e-04 0
4.89054374e-01 3.54690278e-02 0
4.50719234e-01 -1.01389646e-03 0
-4.09621065e-02 8.94173667e-02 0
5.11943819e-01 5.82836942e-04 0
4.50111534e-01 2.28890294e-04 0
7.27459213e-02 -4.73671268e-02 0
4.50234158e-01 2.39541909e-03 0
5.60225359e-01 -3.55495372e-01 0
6.75073033e-01 1.56495288e-01 0
4.97620366e-01 8.80315834e-02 0
6.19818575e-01 1.92782652e-02 0
5.47096638e-01 5.87114435e-03 0
4.65249637e-01 -8.77559656e-03 0
5.00461223e-01 2.10658332e-01 0
1.16302643e-01 -1.79289745e-01 0
4.48477190e-01 -9.86676395e-02 0
4.54430643e-01 -4.34992217e-01 0
4.95855670e-01 -7.42374028e-02 0
4.49004537e-01 -1.22637366e-03 0
8.72740169e-01 5.60229292e-02 0
1.09980723e+00 -1.04503870e-01 0
3.35015406e-01 1.27028225e-01 0
6.47128741e-02 -1.84035449e-03 0
6.56934213e-01 -1.00040546e-01 0
4.04501909e-01 2.47469193e-01 0
3.87246603e-01 1.14594836e-01 0
6.71064132e-01 -4.60162002e-02 0
6.23929784e-01 2.64073028e-01 0
1.85397723e-01 2.01603901e-01 0
4.15217147e-01 2.28853855e-02 0
2.40581689e-01 5.99652291e-02 0
6.27183903e-01 -7.08943337e-02 0
1.03940132e+00 -2.30085805e-01 0
4.43588708e-01 5.67077434e-02 0
4.38743365e-01 -1.16032943e-01 0
9.50046599e-01 1.95495576e-01 0
8.15397003e-01 -1.67733282e-01 0
7.97562422e-01 -2.82229424e-01 0
4.76414165e-01 -1.08706914e-01 0
4.06227600e-02 1.20970789e-01 0
-5.21468944e-02 1.74335301e-02 0
4.73845122e-01 1.68300374e-02 0
7.70215790e-01 3.45681135e-02 0
8.17975584e-01 -1.50156186e-01 0
4.30242590e-01 -1.04731627e-01 0
1.07107862e+00 2.38605055e-01 0
7.13080792e-01 -1.23399469e-01 0
6.23530935e-01 9.00671156e-03 0
6.36278671e-01 -4.02020227e-03 0
4.85685416e-01 1.08034799e-02 0
4.26794776e-01 2.24189449e-03 0
2.62874120e-01 -1.70773835e-01 0
4.43932308e-01 1.05174288e-02 0
6.04240340e-01 1.56898911e-01 0
4.99719501e-01 -2.75687835e-04 0
5.40470454e-02 1.46319587e-02 0
3.80161574e-01 7.89906710e-02 0
6.66647823e-01 -5.36539783e-02 0
-5.52872420e-02 8.73571410e-02 0
1.10537541e+00 8.40602990e-02 0
4.38089804e-01 2.47774112e-02 0
7.60872174e-01 3.44408422e-01 0
6.39363394e-02 -5.96359804e-02 0
1.94343763e-01 -2.36607537e-01 0
3.31856230e-02 -1.53713793e-02 0
4.63238384e-01 1.00183769e-02 0
-1.23482696e-02 -1.05824649e-02 0
1.96933115e-01 3.33692870e-02 0
4.89920341e-01 -1.34169867e-01 0
4.17296993e-01 -5.32894294e-02 0
4.95292571e-01 -7.57558507e-04 0
1.27580841e-01 5.39010490e-02 0
6.85462510e-01 4.34183848e-03 0
4.92705470e-01 -1.93898308e-02 0
3.49055598e-01 4.22045701e-01 0
4.74871126e-01 -2.01940741e-03 0
5.55472963e-01 6.79608871e-02 0
4.80824644e-01 7.19153302e-02 0
2.74096612e-01 7.22982300e-02 0
7.29128789e-01 -1.80040585e-02 0
5.47596833e-01 2.05148427e-01 0
4.50419390e-01 2.19505141e-03 0
-1.60076846e-01 6.60402409e-02 0
1.22728982e-02 8.15833562e-02 0
6.52196641e-01 -7.03132435e-02 0
2.79750820e-01 3.60974372e-02 0
8.04488585e-01 1.52182436e-01 0
2.62930756e-01 -1.99522253e-02 0
5.05507239e-01 4.55693315e-03 0
1.07399714e+00 5.35419225e-02 0
8.73102475e-01 2.60740343e-02 0
4.56593979e-01 1.48161498e-02 0
7.90567332e-01 1.13356525e-01 0
7.23057439e-01 1.51627665e-01 0
7.35431934e-01 2.14297939e-01 0
5.26637464e-01 -5.28080010e-03 0
6.88682738e-01 -8.19070408e-02 0
-3.37847423e-02 7.59748696e-02 0
2.44334688e-01 1.21839302e-01 0
5.29975088e-01 5.13721578e-02 0
3.39512026e-01 8.24790415e-02 0
2.80260898e-01 8.96420383e-02 0
3.31924029e-01 -1.55020661e-01 0
4.82594301e-01 -1.42513129e-02 0
4.49525015e-01 -3.90021891e-03 0
6.39359432e-01 2.18675963e-02 0
3.30020109e-01 8.15690957e-02 0
4.17592081e-01 4.18732870e-01 0
7.16323932e-01 -6.86389943e-02 0
6.39026249e-01 3.31568854e-01 0
2.71585378e-01 6.58449557e-03 0
4.90780837e-01 -2.52533475e-03 0
6.57033902e-01 -6.03679964e-02 0
5.79979209e-01 6.50107562e-02 0
4.98492762e-01 -2.43653030e-03 0
9.54384627e-02 3.23079963e-02 0
8.53543213e-04 1.50366011e-02 0
6.24407547e-01 9.52273957e-02 0
5.11791181e-01 8.26379845e-04 0
4.87914976e-01 1.18186455e-01 0
3.42741458e-01 -9.46299586e-02 0
5.88429570e-01 -1.05006069e-02 0
8.13741042e-01 -1.45829840e-01 0
4.08790620e-02 7.05687077e-03 0
6.63126578e-01 2.05636542e-02 0
6.42436609e-01 -4.12741115e-01 0
7.22312301e-01 1.01566609e-01 0
4.57338566e-01 -2.56152712e-02 0
-4.80826947e-03 -1.40170647e-02 0
4.18749743e-01 -5.69330129e-02 0
5.59004335e-01 -5.24926969e-02 0
6.37092845e-01 -1.33037167e-03 0
7.12690766e-01 3.37756601e-01 0
5.84895596e-01 -1.72527819e-03 0
5.63524825e-01 1.24084528e-01 0
7.08208436e-01 4.16313775e-01 0
8.35204575e-01 -1.12482680e-01 0
7.17929950e-01 -1.22229364e-01 0
4.64230543e-01 2.37568986e-02 0
9.53150243e-01 -1.37052860e-01 0
6.16409821e-01 9.72174302e-02 0
4.82447838e-01 -9.17051209e-03 0
5.43407754e-01 -2.00780564e-02 0
3.40703841e-02 6.52789643e-02 0
4.49016394e-01 9.59729063e-03 0
5.43420371e-01 4.12455492e-02 0
5.05214947e-01 1.49501691e-02 0
5.33089631e-01 2.85191548e-02 0
5.34392253e-01 -1.53866452e-02 0
4.95128210e-01 -8.65176117e-04 0
7.32377362e-01 -4.26637046e-02 0
6.35381837e-01 -3.39460083e-01 0
4.73339375e-01 -3.68620037e-02 0
3.48927244e-01 1.02649756e-01 0
4.79535707e-01 -7.19033814e-03 0
6.47809982e-01 -1.54836477e-02 0
5.28342838e-01 3.17083518e-03 0
6.28467205e-01 -5.13346650e-02 0
5.91909626e-01 5.06258686e-02 0
5.43336311e-01 -7.09098468e-02 0
8.90020394e-01 9.72154572e-02 0
9.78015112e-01 9.20350318e-02 0
1.18145332e-02 -2.16799364e-02 0
5.73361049e-01 6.75413777e-02 0
3.39534400e-01 -4.03715638e-02 0
1.18894278e+00 -2.86079465e-02 0
5.78114388e-01 1.61817246e-01 0
6.09732929e-01 -3.59824668e-02 0
4.49921651e-02 1.90005737e-02 0
2.76625191e-01 -1.30311656e-01 0
5.93042423e-01 4.75693979e-02 0
4.25001498e-01 -4.98003865e-02 0
7.04074931e-01 -8.71875874e-03 0
4.99076681e-01 -5.18761367e-02 0
4.98110064e-01 -2.56576650e-04 0
4.13105349e-01 -1.89713902e-02 0
5.07635294e-01 -7.13065064e-02 0
6.02589280e-01 5.52767419e-02 0
-3.27804078e-02 8.96513195e-02 0
3.67463759e-01 -1.19485905e-01 0
4.05863260e-01 -1.47218577e-02 0
6.33765934e-01 -6.89774437e-02 0
4.30421788e-01 -3.93750159e-02 0
4.88418046e-01 1.36553546e-02 0
4.25862528e-01 -4.42019770e-02 0
4.52978348e-01 -1.89884148e-02 0
4.51096667e-01 -4.52910509e-03 0
4.91548125e-01 1.54395603e-02 0
4.53552355e-01 2.91969965e-03 0
7.16373831e-01 -1.34383296e-01 0
5.08424785e-01 1.13896418e-02 0
1.14487847e+00 5.87453160e-02 0
4.50436942e-01 1.84699459e-03 0
6.87032326e-01 1.64712841e-01 0
5.76440238e-01 -6.53737898e-02 0
6.04001801e-01 1.28966441e-01 0
6.60588720e-01 -8.12756277e-03 0
-5.53293079e-02 -4.46223616e-03 0
4.32088383e-01 2.44075068e-01 0
3.31952097e-01 -7.24892668e-02 0
4.61359879e-01 2.36310265e-02 0
7.86062420e-01 -1.99147114e-01 0
1.77279936e-01 -5.49329804e-02 0
5.25517307e-01 -3.58961345e-03 0
5.96193149e-01 8.43162231e-02 0
1.83428138e-02 3.07021808e-02 0
4.41111824e-01 3.20387528e-01 0
3.45690127e-01 -3.59631663e-01 0
5.09003232e-01 1.20541500e-02 0
5.35239448e-02 -8.24917146e-03 0
4.76898103e-01 -6.97779370e-02 0
2.06895531e-01 7.34046585e-02 0
7.22531147e-01 -9.94640344e-02 0
-1.36497130e-02 1.62597353e-02 0
6.37993053e-01 -6.48923611e-02 0
6.68475931e-01 1.32893276e-01 0
1.54021384e-02 4.00344467e-02 0
2.37643294e-01 -4.56195984e-02 0
-6.33011850e-03 6.06346777e-02 0
2.87416670e-01 -5.86662836e-02 0
5.88517763e-01 -6.53173834e-02 0
5.64832361e-01 2.21322504e-01 0
4.28137366e-01 -1.21544028e-01 0
3.08751082e-01 2.91534771e-01 0
5.91880617e-01 -1.06728198e-01 0
4.49822863e-01 3.88525252e-02 0
4.59322082e-01 2.97051576e-02 0
7.42402743e-01 -6.42647840e-02 0
8.25636141e-01 1.69326183e-01 0
-9.92822423e-05 2.19258061e-02 0
1.94890389e-01 -2.43454676e-01 0
1.43752891e-01 -7.89985325e-02 0
5.47714862e-01 1.94313065e-01 0
5.20964942e-01 3.72927305e-02 0
7.05185695e-01 2.54530931e-02 0
7.52616768e-01 1.76615808e-01 0
5.48222279e-02 4.57006408e-02 0
4.52030316e-01 -3.31050732e-03 0
6.52800761e-01 -1.72019644e-01 0
5.60153654e-01 2.52789507e-02 0
1.23964978e+00 1.28620243e-01 0
9.47669075e-01 -1.17587516e-01 0
4.87311302e-01 -5.42492071e-02 0
4.50039577e-01 -1.55223317e-02 0
4.91988174e-01 3.50369386e-02 0
3.99179204e-01 1.20245780e-01 0
5.47005239e-01 3.98567950e-03 0
7.19023652e-01 3.12140457e-01 0
5.48805256e-01 8.66594190e-02 0
1.15062858e+00 -9.22192619e-02 0
3.92039509e-01 3.27207351e-01 0
4.04454166e-01 1.11433940e-02 0
1.22982515e+00 6.50695197e-02 0
5.60269127e-01 -9.98974201e-02 0
1.89724810e-01 9.75278281e-02 0
6.62257677e-01 1.10576341e-01 0
6.50976462e-01 -2.28773430e-01 0
4.50773376e-01 1.41669196e-03 0
-7.20348604e-02 7.26252217e-03 0
1.10227127e-02 7.76219296e-02 0
8.42044982e-01 -1.18229769e-01 0
5.94894274e-01 -6.51869753e-02 0
5.97034387e-01 2.88507737e-02 0
4.87500571e-01 -7.19839731e-03 0
8.46742068e-01 -2.35596273e-01 0
4.06644549e-01 -4.02938710e-02 0
1.04929466e+00 -8.69015372e-02 0
4.28248867e-01 8.19927068e-02 0
5.40734968e-01 2.35340029e-02 0
-4.31845153e-03 -2.70046778e-02 0
4.50457614e-01 2.75799471e-03 0
4.57981812e-01 3.08900789e-02 0
4.26860312e-02 -4.10999882e-02 0
1.13857276e+00 1.01833871e-01 0
4.42545081e-01 -1.98678229e-01 0
4.82131962e-01 9.30238211e-02 0
6.48971733e-01 2.10247859e-02 0
5.75968375e-01 3.36016966e-01 0
4.89631266e-01 -1.77656578e-02 0
4.81257589e-01 -5.74308601e-02 0
7.38737089e-02 -7.68199677e-03 0
5.54630924e-01 3.43120468e-02 0
-3.71973787e-02 7.78484003e-02 0
2.86043457e-01 4.80680839e-02 0
6.10465651e-01 -6.75813416e-02 0
-1.58231824e-01 8.09525970e-02 0
1.17290356e+00 1.19606662e-01 0
6.43824454e-01 -7.04094032e-02 0
6.23315316e-01 -5.65340172e-03 0
3.91339382e-01 1.89285518e-02 0
5.43301045e-01 -2.88631900e-02 0
4.86942879e-01 -9.47158302e-03 0
5.02278242e-01 -6.11740541e-02 0
6.21567273e-01 3.99324557e-01 0
4.56808153e-01 5.70650334e-02 0
4.49266545e-01 5.95856792e-02 0
4.12216018e-01 1.55654802e-01 0
4.81141256e-01 -6.83370184e-02 0
3.18271556e-01 -5.24474722e-02 0
6.02632373e-01 1.15013365e-01 0
1.28881652e-01 1.78998576e-01 0
3.46487386e-01 -2.06596519e-03 0
4.79205668e-01 3.24972975e-02 0
6.20844002e-01 6.02968983e-02 0
6.62012829e-01 4.16972408e-02 0
3.05123418e-01 8.39851965e-02 0
4.90551835e-01 9.82854205e-03 0
6.35402253e-01 -1.10927583e-01 0
4.80497631e-01 -1.31441310e-01 0
6.45502960e-01 2.44033958e-02 0
1.11378902e+00 1.48593629e-01 0
7.66481037e-01 -6.50794895e-03 0
6.47714093e-01 -3.67808894e-02 0
5.68747113e-01 8.58081558e-02 0
4.69950781e-01 -1.73087855e-02 0
1.73322002e-01 3.12930885e-01 0
2.40350449e-01 3.49067670e-01 0
4.91684811e-01 1.84369360e-01 0
1.85048555e-01 -4.60238659e-02 0
6.90644903e-01 3.04980485e-01 0
6.63021455e-01 -6.94498766e-02 0
6.65299952e-01 1.67059408e-02 0
6.11565012e-01 9.58914073e-02 0
9.73012478e-01 6.06767730e-02 0
3.98560853e-01 -7.86511593e-02 0
6.31413241e-01 1.17131278e-01 0
2.68889136e-01 -1.71900941e-01 0
6.21591516e-01 3.15207429e-01 0
4.29043423e-01 -2.72182489e-03 0
4.22162165e-01 2.23833084e-01 0
4.46651582e-01 -2.30651376e-02 0
5.28021010e-01 -4.62336381e-02 0
3.75948669e-01 -3.69933737e-01 0
7.51756908e-01 -5.46967850e-02 0
6.09684931e-01 -3.71239237e-02 0
5.05792047e-01 -1.87942467e-02 0
6.46784322e-01 3.33867198e-02 0
4.19121301e-01 -9.01059414e-02 0
5.35870446e-01 -1.16220237e-01 0
5.45601778e-02 -2.00548081e-01 0
6.79134345e-01 -8.34438417e-02 0
5.17716395e-01 -2.49013857e-02 0
2.82941340e-01 3.40356352e-01 0
3.14135800e-02 -1.09076199e-02 0
3.69563412e-01 1.79122736e-01 0
4.49403779e-01 2.59371321e-03 0
6.03470070e-01 -6.05949663e-02 0
4.62106555e-01 -5.73018848e-03 0
4.54445239e-01 2.98123762e-03 0
5.98117816e-01 -5.14012796e-02 0
5.82668354e-01 3.95016262e-01 0
4.97962006e-01 1.01512635e-02 0
3.97489903e-01 -1.86122021e-01 0
4.84654831e-01 2.14040920e-03 0
4.85487148e-01 1.14626362e-03 0
2.71081863e-01 -6.81988771e-02 0
6.47793397e-01 6.76239965e-02 0
4.97556754e-01 8.88903607e-03 0
6.66945045e-01 -1.06884524e-01 0
-2.73097396e-02 -1.65476706e-02 0
5.67954706e-01 -1.45687906e-03 0
6.02108374e-01 7.08417004e-02 0
6.52283537e-01 -6.22519875e-03 0
5.77475500e-01 2.30856033e-02 0
7.56361235e-01 -1.26820145e-01 0
5.25678760e-01 -1.27160252e-03 0
6.05422572e-01 2.30928793e-01 0
5.60044824e-01 9.52396153e-02 0
1.16087334e+00 1.17148218e-01 0
3.89887739e-01 -2.22306370e-01 0
5.30520629e-01 1.92798310e-01 0
6.62297570e-01 7.09942864e-02 0
5.00940810e-01 7.10426892e-02 0
7.75811316e-01 -4.04800232e-02 0
2.04154149e-01 7.64248356e-02 0
4.10813255e-01 4.83385884e-03 0
1.10106887e-01 1.12242167e-02 0
6.04558572e-01 -1.94681699e-01 0
7.52895148e-01 -1.82097419e-01 0
6.39293326e-01 -7.06802405e-02 0
2.92547881e-01 1.15739472e-01 0
3.30416933e-01 5.39620903e-02 0
4.46829244e-01 -1.65490514e-02 0
4.68357586e-01 -1.22163985e-01 0
6.65715437e-01 -5.32269848e-03 0
2.83268728e-01 2.89418143e-01 0
5.13447290e-01 -4.37448535e-02 0
5.48070011e-01 7.21431661e-02 0
-6.73434562e-02 1.21926796e-02 0
4.21235726e-01 -8.74730299e-02 0
4.80045555e-01 -2.41510409e-01 0
5.97918901e-01 5.32969264e-02 0
6.30363187e-01 -6.85723354e-02 0
2.43640466e-01 -1.03782991e-02 0
5.68350306e-01 1.48049375e-01 0
4.21548017e-01 8.53772727e-02 0
4.55544065e-01 -1.84491160e-02 0
2.95523490e-01 1.10374174e-01 0
4.98414299e-01 1.17443924e-02 0
5.49099452e-01 -4.49612904e-02 0
4.16056452e-01 1.05793609e-01 0
7.84372513e-01 -3.06734076e-01 0
2.28944490e-01 1.01363461e-01 0
6.63022367e-01 -4.79021273e-02 0
6.12717231e-01 -7.88193961e-02 0
-6.41073962e-03 3.78529544e-02 0
5.38521890e-01 -6.92608271e-02 0
6.29631256e-01 -4.92601366e-02 0
2.96909144e-01 8.38774658e-02 0
1.59211231e-01 1.61411684e-01 0
2.84081014e-02 5.65407335e-02 0
3.24125435e-01 1.97893200e-01 0
4.80945811e-01 1.92951486e-01 0
-1.45170725e-01 8.17868744e-02 0
4.77097721e-01 9.25816411e-02 0
6.39746316e-01 1.06612736e-01 0
6.39541650e-01 8.31042009e-02 0
9.09058650e-02 -1.93355939e-01 0
1.28128344e+00 2.24898322e-01 0
4.50118175e-01 -2.01311240e-03 0
5.65749240e-01 -4.24817663e-02 0
-3.58528389e-03 -1.95131214e-02 0
6.83012513e-01 -2.35054316e-02 0
5.13378278e-01 -6.44600344e-03 0
1.94932095e-01 1.82634515e-01 0
8.71735590e-01 1.31320130e-01 0
6.27266365e-01 8.26440791e-02 0
1.19120347e+00 1.05573628e-01 0
4.50142350e-01 -2.73725671e-02 0
6.29223147e-01 -1.82249425e-01 0
-2.03497380e-02 8.85838478e-02 0
-2.57458552e-02 9.53673690e-02 0
-9.25178778e-02 6.54809366e-02 0
-7.10732687e-04 -1.91544184e-02 0
4.92032743e-01 9.52007204e-03 0
8.69411574e-02 1.54721274e-02 0
5.56286207e-01 -7.83934144e-02 0
4.17756804e-01 -2.76868622e-02 0
4.29726104e-01 -2.67238064e-02 0
3.03269323e-01 1.96431095e-01 0
6.50094241e-01 1.19314634e-01 0
7.23298852e-01 -3.80368266e-01 0
8.33712067e-01 -1.60310205e-01 0
5.47358901e-01 -1.99860955e-01 0
5.43636046e-01 1.48679634e-02 0
-2.72453377e-02 8.98636818e-02 0
-4.95582910e-02 -4.04719997e-03 0
4.92041030e-01 1.04240624e-02 0
2.61503401e-02 -1.62641572e-03 0
4.43867793e-01 -1.40562681e-02 0
7.02363829e-01 -5.45515124e-02 0
5.07464137e-01 -2.65417828e-01 0
6.35531239e-01 -6.51470001e-02 0
1.06975786e+00 8.98523328e-02 0
1.16614909e+00 -6.76556892e-02 0
5.61151901e-01 1.19198741e-01 0
2.47524266e-02 -2.74771487e-02 0
9.42649630e-02 2.32406057e-02 0
6.14462734e-01 -7.98925861e-02 0
6.15668618e-01 -7.31557992e-02 0
4.15677536e-01 -4.95487931e-03 0
4.73566118e-01 -4.38761286e-02 0
5.46505507e-01 -2.85329096e-02 0
7.77990915e-01 6.06549162e-02 0
5.67730764e-01 -7.09157202e-02 0
5.11921093e-01 2.06181759e-01 0
5.21787913e-01 1.63290711e-01 0
4.19204303e-01 -2.65262257e-02 0
-2.31368308e-02 -2.22310537e-02 0
6.11645806e-01 2.53287530e-01 0
9.41807406e-01 1.76142838e-01 0
1.79780662e-01 2.60241337e-01 0
5.99209195e-01 -7.33926348e-02 0
1.11075016e+00 9.21039261e-02 0
7.40550669e-01 -1.23675487e-01 0
6.63175390e-01 -6.75332434e-02 0
7.24667917e-01 -9.99144663e-02 0
6.01043220e-01 8.99182580e-02 0
2.72385730e-01 2.87887017e-01 0
5.50880707e-01 -4.94117683e-02 0
5.79389503e-01 1.22637098e-01 0
7.09383065e-01 -6.39692136e-02 0
4.74554439e-01 -6.69490041e-02 0
3.98209482e-01 -8.57647298e-02 0
5.02633509e-02 1.87740387e-01 0
7.19990372e-01 -2.51705023e-01 0
1.99415575e-01 1.58495724e-01 0
2.82595402e-01 -1.17588204e-01 0
1.13368338e+00 -2.52240304e-02 0
7.05538847e-01 1.52991445e-02 0
4.81989253e-01 1.51132938e-01 0
5.19555064e-01 -3.62339389e-02 0
7.62171588e-02 1.02467788e-02 0
9.02423244e-01 2.48892053e-01 0
-1.35057361e-01 6.50439456e-02 0
5.77856915e-01 -1.12425316e-01 0
4.19336090e-01 3.66426228e-01 0
7.42195445e-01 -4.00228444e-01 0
5.53477905e-01 -2.55703227e-02 0
6.18722237e-01 1.27342865e-01 0
6.31880890e-01 -6.88846602e-02 0
1.32301741e+00 2.62588114e-01 0
5.43827896e-01 2.90547231e-02 0
4.54604269e-01 9.24647668e-03 0
5.55136394e-02 4.86791281e-02 0
4.97042421e-01 -7.76212046e-03 0
2.93031848e-01 1.65096611e-01 0
7.09191024e-01 -7.92618055e-02 0
4.63014287e-01 -7.11297506e-03 0
6.17871193e-01 -7.50120540e-02 0
4.01623632e-01 2.24943578e-01 0
7.79697628e-01 2.86049079e-01 0
6.13516881e-01 -6.73039654e-02 0
5.66615006e-01 -6.78049856e-02 0
4.48616691e-01 1.25977390e-02 0
4.51857284e-01 1.14362583e-02 0
4.15168176e-01 8.09002470e-02 0
5.24470282e-01 -2.76050059e-02 0
3.38728917e-01 1.97464800e-01 0
-6.25705428e-02 8.06076748e-02 0
4.48017661e-01 -8.13569668e-04 0
7.88287608e-01 8.93120672e-02 0
4.37679760e-02 -2.35676719e-02 0
6.34131490e-01 -1.20758363e-01 0
3.50063484e-03 -4.20052626e-02 0
6.34165522e-01 4.98717923e-03 0
3.84110919e-02 -1.67158661e-01 0
4.03162038e-01 -1.72552754e-02 0
4.55710910e-01 -1.54171556e-02 0
4.43523964e-01 -1.85562411e-01 0
4.88317319e-01 -1.19888072e-02 0
6.26005503e-01 -7.66685673e-02 0
5.02822836e-01 9.11358772e-03 0
6.94747036e-02 -2.22044203e-01 0
3.52394549e-01 -1.88898861e-02 0
4.52819681e-01 -6.33924751e-04 0
6.79028260e-01 -2.23229162e-02 0
4.93117849e-01 1.49941410e-01 0
7.04694347e-02 4.34372678e-02 0
8.81410216e-01 -2.91039839e-01 0
5.50062138e-01 1.02398853e-01 0
7.01178595e-01 -1.91207872e-02 0
1.33691699e-01 -4.82113590e-02 0
-4.09456239e-02 7.87957261e-02 0
6.52385517e-01 3.75409310e-03 0
5.37277802e-01 -2.38118374e-02 0
1.14958977e-01 -7.07454143e-03 0
-4.74609831e-03 -2.04059956e-02 0
7.31376098e-01 -9.71761900e-02 0
8.96133700e-01 3.17276005e-01 0
6.66991633e-01 -3.61973368e-02 0
3.39400586e-01 7.38944318e-02 0
4.84429521e-01 2.65467042e-03 0
4.51784878e-01 1.66747753e-02 0
1.66887305e-01 2.28334194e-01 0
3.23147157e-01 3.56314118e-01 0
4.69607031e-01 -5.89446490e-02 0
5.62351192e-01 -3.30962693e-01 0
4.69046835e-01 1.35620765e-02 0
2.91823565e-02 3.62590114e-02 0
3.35434829e-01 -1.69921935e-01 0
4.66831120e-01 1.39167103e-01 0
4.97532805e-01 -3.65130366e-01 0
9.17755699e-01 -2.41855275e-01 0
4.49736396e-01 1.34025299e-03 0
5.00248894e-01 -4.79398580e-02 0
5.55957783e-01 -4.32808170e-01 0
5.60769264e-01 6.97768107e-02 0
6.83287464e-01 -2.19488050e-01 0
4.79584196e-01 -1.55351671e-02 0
4.27689111e-02 -2.65087388e-02 0
5.44798651e-01 1.84224407e-01 0
4.26635417e-01 1.89717489e-01 0
3.00866211e-01 1.64872086e-01 0
4.22610648e-01 6.22168493e-03 0
8.84856204e-01 -2.60400138e-01 0
5.15779226e-01 2.43295419e-01 0
4.35724487e-01 3.06676037e-02 0
1.06928299e+00 8.09384508e-02 0
6.71781967e-01 -6.61259576e-02 0
2.25820638e-01 -2.52538504e-01 0
1.15103651e+00 -6.66887120e-02 0
7.00717858e-01 1.19132085e-01 0
4.49552832e-01 -7.92073024e-04 0
4.84508443e-01 -4.26812426e-03 0
8.73118627e-01 3.16652310e-01 0
4.80901988e-01 -1.61853501e-02 0
6.84758414e-01 6.55938039e-02 0
4.51197511e-01 -4.75997015e-03 0
2.71189652e-01 9.92109663e-02 0
5.65982469e-01 3.17869217e-02 0
-1.11459241e-02 -5.78617252e-03 0
6.41248844e-01 1.74621092e-02 0
4.48618980e-03 6.50758304e-02 0
6.50550624e-01 1.03588685e-01 0
4.68379132e-01 -4.52735758e-03 0
6.43179134e-01 1.51489715e-01 0
5.03539176e-01 -8.15976858e-02 0
7.01202537e-01 -1.20724363e-01 0
4.33019986e-01 -1.53316054e-01 0
5.14014042e-01 1.30815260e-02 0
6.39723916e-01 -6.36003592e-02 0
6.21316528e-01 -4.11585568e-02 0
4.91932488e-01 -2.28103129e-03 0
4.88996244e-01 2.11393825e-01 0
2.27195681e-01 1.43482062e-01 0
1.03640529e+00 -2.10835785e-01 0
6.18401163e-01 8.59390185e-03 0
6.23009174e-01 -5.42899670e-02 0
4.58480369e-01 4.46065708e-02 0
6.00770922e-01 7.89762064e-02 0
4.54810114e-01 -5.00957713e-03 0
4.64707894e-01 3.36364068e-02 0
4.89102585e-01 4.00093598e-02 0
4.48996162e-01 -2.25810116e-03 0
1.97975486e-01 8.88138806e-02 0
6.97468934e-01 -3.07599580e-01 0
6.29823432e-01 9.90474980e-02 0
5.49846316e-01 4.72836021e-02 0
4.23368965e-01 -1.19019843e-02 0
8.80889738e-01 -1.11156490e-01 0
4.42372452e-01 -8.36111626e-03 0
4.32054143e-01 -8.92049936e-03 0
7.27041490e-01 -1.33624052e-01 0
4.61142203e-01 -2.17835819e-02 0
6.21432869e-01 1.89829082e-03 0
4.77096680e-01 1.29076498e-02 0
5.38444345e-01 -7.74455982e-03 0
3.84596810e-01 -2.48000809e-01 0
6.05708129e-01 8.84201732e-02 0
5.22024516e-01 1.62996699e-02 0
5.91307584e-01 -1.24926892e-01 0
4.72557140e-01 -4.66762015e-02 0
4.76222326e-01 -9.81731325e-03 0
6.78497200e-01 1.16280258e-02 0
6.90918137e-01 1.78825588e-01 0
5.84111097e-01 2.46749991e-01 0
4.15301316e-01 5.06999425e-02 0
3.45138482e-01 1.93648578e-01 0
6.16446999e-01 -5.66185195e-03 0
6.52015181e-01 -3.48230750e-02 0
5.55808056e-01 -1.04666051e-01 0
4.69878250e-01 -4.02258842e-02 0
6.31139313e-01 -6.48312303e-02 0
3.40532257e-01 8.58878148e-02 0
5.26596994e-01 -6.33557104e-02 0
6.55970856e-01 -1.14327726e-01 0
5.12397505e-01 -4.54631122e-02 0
5.87949167e-01 1.58780389e-01 0
7.76309308e-01 1.27573972e-02 0
6.65459105e-01 -2.15170912e-01 0
2.85433260e-01 1.23223466e-01 0
1.07544528e+00 1.15989632e-01 0
4.63152798e-01 1.56844737e-02 0
6.68337889e-01 -4.51864982e-02 0
4.56689821e-01 1.28129219e-02 0
1.75363284e-01 -1.06522469e-02 0
5.29449065e-01 2.15289581e-02 0
6.51656693e-01 6.08231110e-03 0
6.25345829e-01 4.45683187e-03 0
4.93072573e-01 1.31406920e-02 0
4.60184911e-01 -1.47309577e-02 0
1.11009787e+00 1.38920159e-01 0
2.27213687e-01 8.32954085e-02 0
4.74717688e-01 -3.53782979e-02 0
9.20324894e-01 -1.74170351e-01 0
7.99326623e-02 1.49514245e-02 0
6.28339318e-01 1.92260390e-02 0
4.46576125e-01 -3.41552682e-03 0
4.71524719e-01 -5.97748220e-02 0
4.49879678e-01 4.69571811e-04 0
5.11924141e-01 -7.38221126e-03 0
4.85980174e-01 -4.97917324e-02 0
7.40893441e-01 8.32472441e-02 0
3.02650030e-01 -9.63798095e-02 0
4.12377122e-01 -3.27634939e-03 0
8.28521940e-03 1.03451015e-02 0
4.98168052e-01 6.43500335e-02 0
9.06096895e-01 2.29261850e-01 0
6.44351789e-01 1.35807257e-01 0
3.03057724e-01 -3.98713685e-02 0
5.01576204e-01 -5.52266032e-02 0
4.59303792e-01 5.12412072e-02 0
5.27140212e-01 -1.08352990e-02 0
3.00064352e-01 3.41203471e-01 0
3.39253197e-01 -2.42265959e-01 0
5.10755393e-01 -1.73694488e-01 0
1.31250939e-01 5.31831785e-02 0
6.16716469e-01 1.68936880e-02 0
4.61604593e-01 -2.05849859e-01 0
1.78425267e-01 1.65100681e-01 0
7.31591743e-01 1.72058852e-01 0
6.42973860e-01 -5.90690036e-02 0
2.95788620e-01 4.83999959e-02 0
6.64567933e-01 1.45301915e-01 0
4.17139130e-01 2.16939177e-02 0
4.93433489e-01 8.77989641e-02 0
6.76214960e-01 -6.93251180e-02 0
5.26738753e-01 2.30776938e-02 0
1.12460053e-01 1.23353185e-01 0
6.53767399e-01 -1.28973186e-01 0
5.82307133e-01 2.04931531e-02 0
1.21522566e+00 -2.66334930e-02 0
4.05012396e-01 -4.55131023e-02 0
9.13211073e-01 1.20976466e-01 0
4.79268673e-01 -4.33884395e-02 0
5.55272107e-01 1.03151929e-01 0
2.04821184e-01 -7.48123935e-02 0
5.29039618e-01 -5.02585919e-02 0
7.49161032e-01 -1.13062656e-01 0
5.51749561e-01 3.23825829e-02 0
6.82404601e-01 1.06180685e-02 0
8.54248330e-01 -1.57147148e-01 0
4.37841942e-01 2.60006548e-02 0
8.58942806e-01 9.31651448e-02 0
4.84689923e-01 -1.88675726e-02 0
8.36352020e-01 -1.48788744e-01 0
5.65572020e-01 -1.26748952e-01 0
5.18923394e-01 7.16554889e-02 0
9.03446062e-02 4.67650565e-02 0
4.44279338e-01 1.44444944e-01 0
4.67688145e-01 1.12241852e-02 0
4.47373791e-01 4.15027117e-04 0
4.77141258e-01 -9.60261116e-02 0
6.40292545e-01 -6.60630099e-02 0
2.84745852e-01 -7.53672882e-02 0
3.45050338e-01 -1.12134513e-01 0
5.60390262e-01 -2.40220832e-02 0
8.44311677e-01 -1.48104451e-01 0
6.46928743e-01 -1.21274520e-01 0
5.89914546e-01 -6.97317175e-02 0
6.41648138e-01 -5.60150485e-02 0
7.10532736e-01 8.29132528e-03 0
6.44007515e-01 1.50867104e-02 0
2.65984423e-01 1.13577401e-01 0
3.57177378e-01 2.31786989e-03 0
2.09304748e-01 2.11748518e-03 0
6.12009773e-01 -1.07845413e-01 0
4.49691699e-01 1.28751252e-02 0
2.52042402e-01 2.28556564e-01 0
6.97346937e-01 3.53887801e-01 0
5.77510162e-01 -1.08074068e-01 0
6.66283659e-01 8.84003282e-02 0
7.25645737e-01 9.42088144e-02 0
5.90243356e-01 4.70064658e-02 0
4.85074224e-01 3.82648159e-03 0
6.63081849e-01 -4.71597733e-04 0
1.22507394e-01 5.63114869e-02 0
4.84392917e-01 -1.65845728e-02 0
4.07039686e-01 -1.16420814e-03 0
4.99360574e-01 1.77455403e-03 0
6.82058093e-01 -1.04775300e-01 0
6.38373557e-01 -4.25652209e-02 0
5.99703617e-01 -4.73540670e-02 0
8.79848275e-01 -8.77949143e-02 0
5.98181853e-01 4.57898534e-02 0
7.66498226e-01 1.99933056e-01 0
4.14537548e-01 1.52480563e-02 0
3.58695608e-01 3.88251167e-01 0
6.58368045e-01 -4.51620792e-02 0
4.38701204e-01 -7.76197292e-03 0
5.03219150e-01 8.05655833e-02 0
4.09041330e-01 6.36587724e-02 0
4.59416530e-01 3.16666242e-01 0
1.04105859e+00 1.31397290e-01 0
4.33741146e-01 2.65922262e-02 0
3.62002953e-01 1.08563750e-01 0
4.64316799e-01 1.14478228e-02 0
3.77567158e-02 1.84689795e-02 0
7.75601787e-01 -4.84442666e-02 0
4.83621570e-01 1.68076140e-02 0
4.89040959e-01 -1.04259494e-02 0
1.32401010e-01 1.81021015e-02 0
4.75618274e-01 5.46202498e-02 0
4.40189531e-01 9.68574646e-03 0
3.96288734e-01 6.66229409e-02 0
5.00986720e-01 1.05497970e-02 0
3.72951125e-02 6.06191515e-02 0
5.89976543e-01 -2.37070498e-01 0
4.84783700e-01 -3.93657603e-03 0
5.50717984e-01 -3.11481968e-02 0
4.85691529e-01 -4.19912505e-03 0
6.36596055e-01 3.82996951e-01 0
2.53835169e-01 1.03697816e-01 0
9.49145194e-01 -2.75458696e-01 0
6.93287404e-01 9.18501302e-03 0
6.20160702e-01 6.03598112e-02 0
7.93780007e-01 -1.02873305e-02 0
5.20129079e-01 -1.85030947e-01 0
5.40605402e-01 2.07307417e-01 0
7.72008145e-01 -1.77000501e-01 0
1.08636546e+00 -7.96789168e-02 0
4.04270529e-01 9.30897343e-02 0
2.56389676e-01 1.80069892e-01 0
4.11736581e-01 -3.67048853e-01 0
7.01095559e-01 -1.12025108e-01 0
4.30453889e-01 -1.99555431e-01 0
6.76322377e-01 -9.71114881e-02 0
6.37245354e-01 -6.90312910e-02 0
1.80965049e-01 6.20787569e-02 0
7.20573820e-01 -5.32559149e-02 0
3.37316361e-01 1.41450202e-01 0
5.58201646e-01 1.79456275e-01 0
7.30560142e-01 -3.67880268e-01 0
5.65521964e-01 3.74009194e-01 0
4.07522174e-01 -1.03099438e-01 0
6.68291914e-01 1.69421077e-01 0
6.99678336e-01 -1.42658750e-01 0
5.05461217e-01 3.20123894e-02 0
6.91515513e-01 4.94956948e-03 0
-4.50820462e-02 7.38758403e-02 0
4.24006125e-01 1.95439505e-02 0
4.56427281e-01 -1.22485919e-02 0
4.53852648e-01 -9.91098647e-05 0
2.13954474e-01 -1.73121430e-02 0
4.16165574e-01 -1.31115922e-01 0
1.24182474e+00 1.92623274e-01 0
4.50984670e-01 5.97943115e-03 0
2.17072106e-01 9.32262685e-03 0
5.84877515e-01 6.83049860e-02 0
4.85080075e-01 6.13859216e-03 0
4.89932887e-01 -1.05572154e-01 0
7.00669555e-01 9.62932019e-03 0
5.24736730e-01 3.50405576e-02 0
8.17384244e-01 4.58540975e-02 0
6.45637233e-01 -6.26404307e-02 0
6.06969582e-01 -1.13797737e-01 0
4.51355297e-01 -3.55154794e-03 0
8.22752286e-01 1.37867801e-01 0
4.54630259e-01 -4.54790996e-03 0
7.56942324e-01 -5.60873293e-02 0
5.97740107e-01 8.88498360e-02 0
2.49554326e-01 7.16616730e-02 0
4.26812586e-01 7.24760549e-02 0
4.87084143e-01 7.94747528e-02 0
3.93853884e-01 1.57752016e-02 0
6.96544401e-01 2.22961255e-02 0
9.44120849e-01 7.86144032e-02 0
1.33808692e-01 4.24805455e-02 0
4.52978321e-01 -1.06903497e-01 0
9.03569200e-01 8.20183123e-02 0
5.57592553e-01 1.83864255e-02 0
7.34702538e-01 -6.59097958e-02 0
7.60520560e-01 -3.06229201e-01 0
1.48045728e-01 8.94216606e-02 0
6.85814936e-01 -9.49519312e-02 0
6.73580565e-01 -4.14267826e-01 0
3.64693161e-01 9.41225434e-02 0
4.44380350e-01 -2.52511960e-01 0
7.22186225e-01 6.26625180e-02 0
2.59131773e-01 -8.58921803e-02 0
4.65453426e-01 -1.41740160e-01 0
4.47806068e-01 -1.67750198e-03 0
-9.13209732e-02 8.36178092e-02 0
3.40891546e-01 3.55953204e-01 0
4.45583392e-01 -4.13524032e-03 0
4.42271230e-01 1.74378962e-02 0
5.30612637e-01 6.79909750e-02 0
7.02861892e-01 1.65457246e-01 0
5.61443586e-01 7.68769293e-02 0
3.56366854e-01 -1.18794706e-02 0
5.25191248e-01 1.58004711e-01 0
1.08019450e+00 9.80434287e-02 0
5.92114360e-01 -1.00457789e-01 0
5.12949433e-01 4.36447975e-01 0
1.05130322e+00 3.31161903e-02 0
1.83729670e-01 3.40059419e-01 0
4.18484088e-01 -3.51409818e-01 0
5.84455906e-01 1.09014414e-01 0
6.59979258e-01 -1.70471408e-03 0
4.08486683e-01 1.36746944e-02 0
6.24562440e-01 -1.03129273e-01 0
1.08018790e+00 1.27065749e-01 0
4.51464152e-01 -3.06874692e-03 0
4.72905693e-01 5.37470806e-02 0
5.75041279e-01 -2.20346866e-02 0
2.02468791e-01 -8.24216370e-02 0
6.27667309e-01 -7.51666105e-02 0
1.25272121e+00 1.04180547e-01 0
6.36954982e-01 -6.60247885e-02 0
1.27336509e+00 1.41368211e-01 0
2.91330580e-01 -3.38871083e-01 0
5.50063331e-01 9.96427048e-02 0
5.60749877e-02 6.70143550e-02 0
5.28953416e-01 -5.63315758e-03 0
3.42271424e-02 9.66012871e-03 0
1.32558064e-02 -2.00002374e-02 0
5.21489315e-01 -8.24298516e-02 0
4.99149439e-01 -1.70246115e-03 0
6.10543322e-01 -9.40311645e-02 0
5.70177801e-01 2.04222155e-01 0
4.43120447e-01 1.43509520e-02 0
7.82821761e-01 -1.31320663e-01 0
4.46733242e-01 -2.07487404e-02 0
8.97943247e-01 1.65655614e-02 0
3.84952980e-01 1.55734890e-01 0
4.73319159e-01 3.98304322e-02 0
3.04651663e-01 3.13192506e-01 0
2.40421097e-02 -3.18944804e-02 0
4.96269655e-01 -4.74653047e-03 0
3.36149270e-02 6.62203239e-02 0
4.50247937e-01 1.01581221e-03 0
4.72557156e-02 -2.09260762e-03 0
5.17653951e-01 -1.43176232e-01 0
3.20697443e-01 -3.60029588e-01 0
3.35963277e-01 2.18277605e-01 0
6.59282277e-01 1.66257956e-01 0
-5.94336803e-03 1.34487334e-02 0
5.30845739e-01 -4.69077299e-02 0
6.68158918e-01 -2.01599842e-02 0
6.51538140e-01 2.75988657e-02 0
1.03713692e+00 2.14072027e-01 0
5.12818154e-02 7.41643068e-02 0
6.01602293e-01 8.30258755e-02 0
4.88181444e-01 -2.17942328e-02 0
6.91053354e-01 -4.67924651e-02 0
6.27808969e-01 -7.28425160e-02 0
2.26128980e-01 -9.62262154e-02 0
6.40715856e-01 4.27723657e-01 0
8.59803441e-01 6.66899764e-02 0
6.60525248e-01 7.52820002e-02 0
3.75762742e-01 2.24599679e-01 0
-2.83350393e-02 9.71038007e-02 0
-2.87520201e-02 9.82022201e-02 0
-1.64058674e-02 -1.03658707e-02 0
5.85935370e-01 -6.17368475e-02 0
6.33118056e-01 1.35679269e-01 0
5.99134817e-01 1.23854648e-01 0
6.37560123e-01 1.92097088e-02 0
6.18293869e-01 2.95723532e-01 0
7.32809800e-01 -8.99522265e-02 0
7.34940903e-01 3.47613166e-01 0
9.65017127e-01 2.83022803e-01 0
6.56529491e-01 1.07108934e-01 0
4.60178807e-01 9.76816350e-03 0
1.11800435e+00 -8.54211452e-02 0
6.95791937e-01 -8.70132462e-03 0
5.07023647e-01 1.86714983e-01 0
7.29071317e-01 -6.81050150e-02 0
5.47291463e-01 6.34847993e-02 0
6.11570262e-01 -6.58068944e-02 0
2.83329602e-01 6.50624651e-02 0
4.41122466e-01 1.65032918e-01 0
3.48739712e-01 3.79614027e-01 0
4.85153153e-01 1.27948819e-02 0
3.75987636e-02 6.59934620e-02 0
3.68522527e-02 -1.26001154e-02 0
4.49628835e-01 5.48422463e-03 0
5.47166247e-01 3.67914589e-02 0
4.45022615e-01 7.19126705e-02 0
-1.17135340e-01 8.95800079e-02 0
1.02548101e+00 -1.85762989e-01 0
6.29434988e-01 2.38959322e-02 0
5.26455727e-01 9.69272072e-03 0
2.44247921e-01 4.14227593e-02 0
3.00061682e-01 9.47643611e-02 0
6.19684618e-01 -4.89914632e-02 0
1.19850832e-01 -6.78702680e-02 0
1.35036644e-01 -9.56234270e-02 0
5.13562606e-01 -4.96595735e-04 0
3.54450890e-01 3.11192136e-01 0
5.95285354e-01 5.17717741e-02 0
4.54629767e-01 5.17284441e-02 0
7.16055388e-02 -1.06570402e-03 0
3.91286478e-01 8.86621947e-02 0
4.13795936e-01 6.91349394e-02 0
4.68299613e-01 -3.29789814e-04 0
2.21480555e-01 1.19986351e-01 0
5.15056627e-01 -7.14270822e-02 0
5.77560917e-01 7.05293054e-02 0
4.53904419e-01 -2.63725889e-03 0
5.90601648e-01 1.24534165e-01 0
7.73192340e-01 2.06086265e-01 0
4.94888449e-01 4.20972854e-03 0
5.32452321e-01 -2.69293819e-03 0
2.24709642e-01 -5.85532697e-02 0
5.56824490e-01 5.97595415e-02 0
5.01678629e-02 2.97473747e-02 0
2.42614981e-02 1.19696690e-03 0
6.01035945e-01 -3.76670486e-02 0
1.09065544e+00 -8.53840900e-02 0
2.28459556e-01 7.93348661e-02 0
8.04594475e-01 5.76339355e-02 0
6.13948744e-01 1.24232955e-02 0
1.84581069e-01 -4.28774874e-02 0
1.60765553e-01 1.57575598e-01 0
6.73257505e-01 6.52558218e-03 0
4.76853148e-01 1.40813041e-01 0
5.72796024e-01 -1.03616956e-01 0
4.85895132e-01 -1.45458781e-02 0
9.22144113e-01 -1.84091788e-02 0
6.69665179e-01 -2.25585394e-03 0
9.93370581e-01 -2.51142456e-01 0
1.29551525e+00 2.72351642e-01 0
1.20987451e+00 8.05967568e-02 0
6.66086432e-01 -3.93341704e-03 0
4.65487557e-01 1.69813959e-01 0
5.27141339e-01 -2.95753893e-01 0
4.81253722e-01 1.07284461e-02 0
7.78094818e-01 1.05180273e-01 0
6.24398216e-01 1.67746758e-02 0
3.92735467e-01 -6.49263813e-02 0
8.67966617e-01 -2.97534168e-01 0
9.09413820e-02 -6.98040602e-02 0
9.89012845e-02 -8.61306234e-02 0
4.19803768e-01 -2.71122868e-02 0
6.69403983e-01 -2.04020196e-01 0
2.66741261e-01 -1.44354433e-01 0
5.17367755e-01 -6.08137393e-03 0
6.85218141e-01 4.26082566e-02 0
8.24130601e-01 2.41890139e-01 0
9.73526409e-02 -1.73948805e-01 0
4.11369215e-02 -1.58172435e-02 0
4.99234444e-01 7.95947740e-02 0
1.03510535e+00 -2.16232998e-01 0
2.19219695e-01 -8.69456908e-03 0
5.25884849e-01 8.00085213e-02 0
4.66193916e-01 -2.08089420e-02 0
4.62900359e-01 -1.10685548e-01 0
6.01865501e-01 6.26165396e-02 0
8.03621187e-01 -1.36356759e-01 0
5.70519934e-01 4.96041774e-02 0
8.73788405e-01 3.32136767e-01 0
4.49870206e-01 5.81410050e-04 0
4.20650571e-01 -2.38600835e-02 0
2.70762592e-01 5.19678107e-02 0
6.25205899e-01 -6.34701798e-02 0
1.29702170e+00 2.78587242e-01 0
4.59881162e-01 4.21766619e-02 0
7.39413818e-01 -1.73941686e-01 0
5.45509636e-01 -4.03977358e-01 0
6.83680010e-01 4.19283223e-01 0
8.46867065e-01 2.91181404e-01 0
5.07788947e-01 3.13636120e-03 0
2.86546952e-01 1.12841433e-01 0
1.27440464e-01 7.23452442e-02 0
3.74387067e-01 -3.22483425e-01 0
6.07713786e-01 -5.51946871e-02 0
1.53077981e-01 -6.32099683e-02 0
-1.64673074e-01 1.97771206e-02 0
2.06882613e-01 6.62188329e-02 0
6.41221405e-01 -1.26897704e-02 0
8.01230956e-01 1.87349323e-01 0
6.01277562e-01 -1.06516813e-01 0
1.26210957e+00 1.50475194e-01 0
4.48622120e-01 -7.49743053e-04 0
7.03136304e-02 4.99735961e-02 0
2.09663947e-01 1.11217385e-01 0
7.11390089e-01 6.35345121e-04 0
6.45638679e-01 -1.79574479e-01 0
6.35382553e-01 -3.04544789e-01 0
5.22850233e-01 -2.84268680e-01 0
7.28026203e-01 2.06225308e-01 0
1.04006012e+00 1.35826690e-01 0
6.27964214e-01 -1.08762192e-03 0
1.09924142e+00 -5.08484617e-02 0
7.86579535e-01 1.67741932e-01 0
1.06823360e+00 -2.18358908e-02 0
5.61937560e-01 1.11957236e-01 0
4.40753960e-01 3.67753458e-01 0
1.12660878e+00 -5.64918229e-02 0
5.61624815e-01 9.38316662e-02 0
5.67873025e-01 -1.27638998e-01 0
5.04098789e-01 1.93824434e-01 0
2.10425603e-01 1.53049162e-01 0
-2.31245996e-02 4.25113649e-02 0
4.72851201e-01 4.19888112e-01 0
6.16065771e-01 -7.05199881e-02 0
2.05366737e-01 -3.41247337e-03 0
7.19478465e-01 4.05697960e-01 0
5.78218539e-03 1.17341275e-02 0
6.27219851e-01 1.02340156e-01 0
6.02609437e-01 -6.02354668e-03 0
6.54417619e-01 -2.98770536e-01 0
8.53661660e-01 -2.86318977e-01 0
4.66371031e-01 2.29817791e-02 0
2.04539598e-01 -8.01854120e-02 0
3.21603497e-01 -1.13423971e-01 0
4.72274090e-01 -3.95985330e-01 0
1.26466902e-01 1.62947527e-01 0
8.20011528e-01 2.24994472e-01 0
1.23065084e+00 -6.44456219e-02 0
4.62242329e-01 2.35897719e-01 0
4.19901469e-01 2.36060728e-01 0
4.50114996e-01 -5.69665603e-04 0
5.67491593e-02 4.74424343e-02 0
5.20380181e-01 5.94546049e-02 0
2.52755525e-03 7.07050794e-02 0
6.44521033e-01 8.08062236e-04 0
8.42833901e-01 4.19708912e-02 0
-1.05043340e-02 9.11516562e-02 0
3.01357632e-01 -3.33755729e-01 0
-4.01244980e-02 9.31634323e-02 0
-4.03331460e-02 7.86669960e-02 0
2.69688910e-01 -4.10255903e-02 0
5.67179332e-01 2.22046248e-01 0
5.90609740e-01 -4.37568500e-02 0
4.67468028e-01 -8.90201129e-03 0
7.30386349e-01 -1.11091218e-01 0
6.80661794e-01 -1.27374565e-01 0
3.15149948e-01 -3.34947815e-01 0
5.50010636e-02 1.52463929e-01 0
4.94392531e-01 -4.61231853e-02 0
4.20625590e-01 7.35284594e-02 0
7.48864786e-01 -8.77893650e-02 0
4.10615622e-01 2.91170788e-02 0
5.10875558e-01 8.65855061e-03 0
4.80392774e-01 3.69188391e-02 0
4.97380273e-01 -3.13821904e-03 0
1.87670695e-01 -1.71834643e-02 0
-2.65814214e-02 4.18877461e-02 0
4.29089920e-01 -3.66385565e-01 0
1.04028058e+00 6.93369909e-02 0
8.44516803e-02 -2.01726183e-01 0
7.58002637e-01 1.64041830e-01 0
-2.83993589e-02 8.10682692e-02 0
6.09596635e-01 9.21393146e-02 0
5.57761568e-01 2.66848602e-02 0
4.33772294e-01 -8.86459704e-03 0
5.04338493e-01 3.36310156e-02 0
-4.34578859e-02 8.62377209e-02 0
-4.78252102e-02 8.50517117e-02 0
6.00168097e-01 -5.76629069e-02 0
5.17509781e-01 4.89338848e-02 0
5.42717303e-01 9.54358737e-02 0
1.22320149e+00 6.96859610e-02 0
4.91548851e-01 -3.32830681e-03 0
7.62339658e-01 -1.13334713e-01 0
-7.62737375e-02 8.39312825e-02 0
5.19857175e-01 5.08863527e-03 0
6.30101572e-01 -4.20460683e-01 0
2.60262540e-01 1.27413334e-01 0
-2.40611540e-02 9.43200207e-02 0
3.67829005e-01 1.67161497e-01 0
1.18726442e+00 -1.15023800e-02 0
9.03390140e-02 1.10622739e-01 0
7.36270529e-01 2.54974716e-02 0
3.98457909e-02 -3.46302608e-02 0
6.61484414e-01 6.76233462e-02 0
9.87637048e-01 2.41940407e-01 0
2.89322057e-01 -7.57577162e-02 0
4.66825970e-01 -5.24037880e-02 0
4.71438494e-01 -2.93360302e-03 0
5.07210427e-01 -3.06947109e-03 0
-1.11445529e-01 7.56097380e-02 0
1.94130306e-01 1.67534917e-01 0
-4.40680005e-02 2.33634602e-02 0
6.62815441e-01 -2.69233706e-01 0
7.70091317e-01 6.42413604e-02 0
6.78676689e-01 1.68874600e-01 0
5.39753517e-01 1.37344898e-01 0
4.71847497e-01 3.88590913e-02 0
7.45155447e-01 -1.93097410e-01 0
-2.23027210e-02 -2.54765026e-02 0
1.24702295e-01 -1.79171940e-02 0
5.56189844e-01 -1.20717031e-01 0
3.62557528e-01 -1.15432979e-01 0
4.59189842e-01 3.64085559e-02 0
2.34479953e-01 -5.25889787e-02 0
7.28739275e-03 8.48164013e-02 0
6.89057627e-01 5.21742092e-03 0
2.31489801e-03 8.35094120e-02 0
1.55781154e-01 4.57833208e-02 0
3.32896312e-01 4.87580699e-02 0
9.45995007e-01 1.15570735e-01 0
6.15498684e-01 -8.36480915e-02 0
4.49313644e-01 -1.14777811e-03 0
5.46273534e-01 3.46603397e-02 0
6.02975109e-01 -4.10004857e-01 0
4.89243991e-01 -3.50821857e-01 0
6.55371187e-01 -4.69655523e-02 0
4.79916743e-01 4.61039062e-03 0
4.82163684e-01 6.64361387e-03 0
5.58069953e-01 1.96228742e-01 0
4.39638280e-03 5.55288805e-02 0
4.97721530e-01 1.54970532e-01 0
4.37570976e-01 -1.80880783e-01 0
1.00544327e+00 2.23309999e-01 0
5.46713964e-01 2.97487182e-01 0
5.92034449e-01 1.08702116e-01 0
6.68362892e-01 3.11781968e-01 0
4.85746858e-01 -1.41405678e-01 0
4.43818659e-01 4.33631148e-01 0
6.36134755e-01 2.53526869e-02 0
7.33544337e-01 -1.14644001e-01 0
6.76062506e-01 3.55267495e-02 0
6.33425852e-01 1.56913206e-02 0
3.40286474e-01 -2.63602033e-01 0
5.74180695e-01 2.63229643e-01 0
5.50119666e-01 -1.10539396e-01 0
8.83796690e-01 6.28465877e-02 0
7.61690485e-01 -7.64516855e-02 0
8.19753295e-01 -2.89996791e-01 0
6.90850097e-01 1.14352603e-01 0
2.71675464e-01 -2.28558570e-01 0
4.09887728e-02 7.03491663e-02 0
6.82645703e-01 -4.87509007e-02 0
4.59047725e-01 1.14241896e-02 0
-1.22535375e-02 -2.60311356e-03 0
2.75297598e-01 2.27028470e-01 0
5.39024098e-01 -4.36744336e-02 0
4.58544471e-01 2.75591943e-02 0
4.51604002e-01 4.15015718e-01 0
1.03424346e+00 -1.19977119e-01 0
5.70507828e-01 2.19701177e-01 0
1.01451585e+00 2.39652496e-01 0
4.15090318e-01 8.49000029e-02 0
4.53479975e-01 -1.18545656e-02 0
5.11765125e-01 4.87464842e-02 0
9.86069337e-01 -1.50422945e-02 0
1.06039264e+00 1.14129527e-01 0
-1.02198534e-01 7.19576114e-02 0
1.26151840e-02 2.35314716e-02 0
2.79759444e-01 2.01607276e-01 0
2.65808003e-01 2.65930042e-01 0
6.49347942e-01 2.53786606e-01 0
3.50920566e-01 1.39061988e-01 0
6.97438662e-02 5.55638884e-02 0
4.69041636e-01 3.24027465e-02 0
6.67014580e-01 -1.42957073e-03 0
6.72813297e-01 -2.20275797e-02 0
5.98621392e-01 7.99147164e-02 0
4.50939104e-01 1.92089739e-03 0
7.21579914e-01 -9.01187337e-02 0
6.52892145e-01 1.42697655e-01 0
6.71373621e-01 -1.63209818e-02 0
4.49691871e-01 -5.71543050e-04 0
-6.20228689e-02 8.69548159e-02 0
7.67499217e-01 -7.55047461e-02 0
5.50623967e-01 -5.42898775e-02 0
6.22538650e-01 -1.59915032e-02 0
7.09017240e-01 9.69339195e-02 0
4.27616228e-01 2.11099461e-02 0
7.61621039e-01 6.30915883e-02 0
6.85543894e-01 -1.45000675e-02 0
5.98027103e-02 1.77022447e-01 0
1.98523259e-01 1.32298518e-01 0
7.64765542e-01 5.22980183e-02 0
6.50105980e-01 5.02795847e-02 0
5.36198582e-01 -5.81873652e-02 0
4.08384847e-01 -1.67347546e-02 0
6.65431325e-01 3.77747148e-01 0
5.54217226e-01 2.92611926e-01 0
-5.09720367e-02 2.02134839e-02 0
6.57460449e-01 -2.80952831e-02 0
6.78453596e-01 -1.85819817e-01 0
6.07846724e-01 1.45562574e-02 0
4.41466749e-01 -1.60418019e-01 0
4.52162429e-01 -3.10149165e-04 0
-3.53629545e-02 -6.78419212e-04 0
5.93050362e-01 -1.52157997e-01 0
4.87241641e-02 -1.43754607e-02 0
6.99938622e-01 -1.56667830e-02 0
1.53368666e-01 -5.59104598e-02 0
6.92593271e-01 -1.58016467e-04 0
4.50838987e-01 -2.75497173e-03 0
5.47023076e-01 1.10379954e-01 0
2.48771985e-01 -8.64132784e-03 0
9.21078293e-01 3.02810600e-01 0
4.51524377e-01 1.29528139e-02 0
7.40729726e-01 3.68878597e-01 0
-1.46044824e-03 -3.84943563e-03 0
7.28339510e-01 -2.29799655e-01 0
4.16368447e-01 4.49430683e-02 0
3.36122952e-01 4.46108680e-02 0
7.23908050e-01 -1.14473463e-01 0
5.41265592e-01 1.09956114e-01 0
2.22465820e-01 1.69577219e-01 0
4.12073230e-01 3.08268951e-03 0
3.33919576e-02 9.16273533e-02 0
6.08434709e-01 1.82017657e-01 0
5.03607451e-01 2.39548151e-01 0
9.26043622e-01 7.77368202e-02 0
5.37705676e-01 2.34699323e-01 0
1.01285964e-01 -1.65624175e-01 0
8.44923932e-02 -2.75029847e-02 0
4.86638936e-01 -2.56554598e-03 0
1.06994300e+00 -7.41625620e-02 0
4.47500079e-01 -1.34252936e-02 0
4.76547258e-01 1.11597326e-02 0
2.21219315e-01 1.52756034e-01 0
5.43038515e-01 -2.42945849e-01 0
2.26403957e-01 -3.18400937e-03 0
-3.64076560e-02 3.21411009e-02 0
6.75815784e-01 1.69016169e-01 0
3.97691016e-01 -1.01718813e-01 0
6.90720279e-01 -6.93923364e-02 0
4.70731516e-01 7.94043504e-03 0
6.10440358e-01 5.62207417e-02 0
4.51152973e-01 -5.44876574e-04 0
5.64273895e-01 -3.88460538e-01 0
4.85552280e-01 3.03006813e-03 0
5.98630347e-01 -9.74995175e-02 0
4.30025984e-01 7.54937993e-02 0
6.05996503e-01 5.41004209e-02 0
-1.64096383e-01 1.64510472e-02 0
6.77502759e-01 3.51147663e-01 0
6.12645662e-01 1.66787820e-02 0
4.45547801e-01 3.38525713e-01 0
1.84600169e-01 -5.53901914e-02 0
7.10189986e-01 1.59275525e-01 0
4.36216346e-01 -6.43262775e-03 0
2.94033179e-01 2.70357261e-01 0
1.06214527e+00 4.22224753e-02 0
1.98982928e-01 -8.17570936e-03 0
4.71145312e-01 1.72921670e-01 0
1.89944933e-01 -4.62100157e-02 0
7.28740550e-01 -1.09799706e-01 0
4.14442150e-01 3.11489106e-02 0
9.56372187e-01 1.66208592e-01 0
2.86030002e-01 -4.77434782e-02 0
6.52443011e-01 -3.75968775e-04 0
4.63936577e-01 7.57553262e-03 0
5.73733606e-01 -4.33737784e-01 0
4.15120625e-01 -1.23621387e-01 0
3.82965776e-01 1.48320041e-01 0
5.54093327e-01 7.76721847e-02 0
4.51951515e-01 1.74277103e-03 0
5.94448307e-02 4.72149772e-03 0
5.33713136e-01 -7.32343470e-02 0
4.25519468e-01 1.14221920e-01 0
7.25524227e-01 3.99936711e-01 0
4.90974523e-01 -5.86359243e-02 0
6.86481734e-01 -2.56864994e-02 0
4.58777844e-01 2.01079436e-01 0
4.69907365e-01 -2.93418922e-02 0
5.86197627e-01 -2.28808767e-02 0
4.46076750e-01 4.56325751e-02 0
7.32146487e-01 3.32455262e-01 0
5.57605779e-01 -4.55571788e-02 0
6.45436446e-01 9.86562043e-02 0
-4.44285548e-02 8.04358150e-02 0
4.48654597e-01 4.58929147e-02 0
1.71076123e-01 1.06428109e-01 0
3.75711549e-01 -3.62103340e-01 0
7.13647003e-01 -1.07981689e-01 0
3.30438910e-01 9.97598870e-02 0
6.30306723e-01 -4.08940434e-01 0
1.28096951e+00 2.95751591e-01 0
1.17184628e+00 4.20979206e-02 0
4.58887748e-01 8.24564586e-03 0
1.32257458e-01 -5.74585245e-02 0
6.49156060e-01 -2.69516634e-01 0
4.22515721e-01 -2.10935097e-02 0
6.48462453e-01 -2.79222344e-02 0
2.38198616e-01 6.32152521e-02 0
4.45641098e-01 2.07288447e-02 0
4.97944809e-01 -2.54194166e-01 0
5.44776629e-01 -5.48727327e-02 0
8.49505525e-01 -9.24736241e-02 0
1.01975355e-01 -5.35770299e-02 0
1.28265616e-01 -1.11706553e-01 0
4.73594443e-01 -1.25648493e-01 0
4.49311246e-01 7.87246167e-04 0
4.47465175e-01 -8.31567809e-02 0
1.14051231e+00 6.15846630e-02 0
8.35604867e-01 -1.39731192e-01 0
1.02506225e+00 -2.25816997e-01 0
5.83702069e-01 -1.49832459e-01 0
5.70856502e-01 -1.56253236e-01 0
6.20451958e-02 3.30279059e-02 0
8.85075582e-01 1.24962731e-01 0
6.34186824e-01 -4.46484678e-02 0
2.98948404e-01 4.35582127e-02 0
-1.15801837e-01 7.78535940e-02 0
1.59398816e-01 5.68369105e-02 0
6.22051535e-01 -7.82489454e-02 0
6.73975747e-01 -4.96768746e-02 0
7.44425270e-01 -7.06899478e-02 0
4.73992092e-01 -8.31691284e-03 0
4.35741451e-01 -1.26117076e-02 0
6.54027284e-02 6.72551481e-02 0
4.26979935e-01 2.68302647e-01 0
4.68842175e-01 -6.61023391e-03 0
4.76087996e-01 1.28656822e-02 0
4.05985796e-01 -9.42662184e-02 0
7.49492996e-01 -5.32589541e-02 0
4.49724639e-02 6.95065433e-02 0
1.15943842e+00 -6.95410205e-02 0
2.51412090e-01 1.86972705e-01 0
4.51181752e-01 -2.86295361e-02 0
4.31953921e-01 -2.12439655e-01 0
6.15911962e-01 -1.73443309e-01 0
5.91252944e-01 3.53406966e-02 0
4.50327915e-01 -2.69369701e-05 0
5.92462045e-01 -6.31193950e-02 0
6.26707891e-01 -7.45231775e-02 0
5.27684015e-01 -1.33660372e-01 0
6.36952377e-01 -1.07867328e-01 0
5.67520907e-01 -1.46857825e-01 0
-1.61799122e-01 5.00242517e-02 0
4.69945225e-01 2.15991900e-02 0
4.22138697e-01 -7.74191128e-02 0
5.26996935e-01 1.36839865e-02 0
5.23214478e-01 1.64043726e-02 0
1.01814235e+00 -2.11862163e-01 0
2.87798573e-01 -1.55014499e-01 0
6.88867627e-01 1.43586239e-02 0
4.05537208e-01 4.81600505e-02 0
5.69608266e-01 -9.86101731e-02 0
6.75636417e-01 7.26057921e-03 0
7.13865567e-01 -4.65760716e-02 0
5.08284810e-01 5.32305006e-03 0
4.53978615e-01 -1.03041603e-02 0
1.28444612e-01 -1.54586781e-01 0
1.14717208e-01 -1.98550247e-02 0
6.13340858e-01 -9.87528052e-02 0
2.00346642e-01 1.09990476e-01 0
9.79618550e-01 -2.40875976e-01 0
6.37163027e-01 -6.77361873e-02 0
4.43925034e-01 2.23499139e-01 0
2.42865296e-01 1.28272125e-01 0
6.29717257e-01 -1.05757116e-02 0
4.56475619e-01 1.18025600e-02 0
6.07277808e-01 -7.33711445e-04 0
5.73890127e-01 -9.00015567e-02 0
2.65522639e-01 -4.59098109e-02 0
1.14642426e-02 6.00424731e-02 0
4.17364221e-01 3.25348721e-01 0
2.71217840e-01 1.51604746e-01 0
4.64941270e-01 -4.67138633e-03 0
1.06065421e+00 -1.83404084e-01 0
6.56193889e-01 -4.19998224e-01 0
3.87775376e-01 -9.37410043e-02 0
6.28658195e-01 -1.33016082e-02 0
8.01626327e-01 1.77536277e-01 0
4.53999661e-01 8.63018103e-02 0
5.01193364e-01 -1.55760811e-02 0
7.12483301e-01 -4.46770832e-04 0
6.52351233e-01 2.15442208e-04 0
6.82795234e-01 -1.39362578e-01 0
4.53498328e-01 -8.89739239e-03 0
6.81334652e-01 -3.90976113e-02 0
5.04556857e-01 2.66710624e-04 0
9.68073964e-01 8.25415801e-02 0
1.22004488e-01 1.65165551e-02 0
9.72046299e-01 1.82205949e-01 0
3.92697575e-01 -1.08295004e-01 0
4.05747086e-01 4.29315314e-01 0
5.51375147e-01 3.56734702e-01 0
6.53591248e-01 5.87259948e-02 0
1.64591552e-01 1.67778511e-02 0
4.94103052e-01 4.38969063e-01 0
5.00929712e-01 1.53442187e-04 0
4.52385192e-01 4.90648862e-03 0
4.38917944e-01 -5.95014685e-04 0
1.83292908e-01 3.26773777e-01 0
7.83292146e-01 -3.06238521e-02 0
6.30628465e-01 -7.16017732e-02 0
5.05670973e-01 8.97483526e-02 0
4.68793757e-01 -2.55314638e-02 0
4.20111802e-01 -3.45442192e-01 0
7.58567903e-03 1.79134117e-02 0
5.00582052e-01 -1.36429298e-01 0
2.09476523e-01 3.44934013e-01 0
6.34394133e-01 4.35621203e-02 0
5.95475879e-01 -4.64191982e-02 0
6.79296823e-01 -6.71371932e-02 0
5.81871934e-01 2.22404292e-01 0
9.66321626e-02 -1.74692799e-01 0
3.85574042e-02 -2.21245402e-02 0
3.09418354e-02 8.97988258e-02 0
9.05419058e-01 -1.64576812e-01 0
4.81908688e-01 -9.56605275e-02 0
6.42675590e-01 -4.56291842e-02 0
1.56977656e-01 2.87694839e-02 0
4.97480963e-01 3.03414740e-01 0
3.31604238e-01 3.85794519e-01 0
8.45764158e-01 3.43993094e-01 0
3.97936196e-01 1.85311599e-02 0
4.12425896e-01 1.35158490e-01 0
4.60835566e-01 1.08444338e-02 0
4.47747838e-01 -3.16285317e-03 0
7.21407544e-01 -6.32227268e-03 0
3.34662392e-01 3.14317233e-01 0
5.75649820e-01 1.58074242e-01 0
1.00613621e+00 -2.02333670e-01 0
2.37755176e-01 9.67072575e-03 0
4.93986448e-01 1.14571882e-02 0
6.26607589e-01 -2.86320276e-02 0
5.56332282e-01 1.19674297e-01 0
-3.06152725e-02 8.53727091e-02 0
8.71879469e-01 2.82896382e-01 0
5.58585308e-01 1.10687868e-01 0
4.81257640e-01 1.71713092e-02 0
9.04364187e-01 -1.30118862e-03 0
9.86586044e-01 7.60597942e-02 0
5.26043012e-01 -1.22698457e-01 0
6.30752589e-01 -6.67195501e-02 0
3.46059772e-01 2.41904090e-02 0
4.77912379e-01 3.06203011e-01 0
5.38661612e-01 -6.22138340e-02 0
5.52375007e-01 8.35521530e-02 0
5.71193873e-02 6.86566447e-02 0
5.99232730e-01 1.17067428e-01 0
1.12112538e+00 -2.52052165e-02 0
1.09491417e+00 -4.94359133e-02 0
5.74854039e-01 -9.88712658e-02 0
2.82950900e-01 -1.64866976e-01 0
6.04222490e-01 -1.45119160e-01 0
4.86342294e-01 -1.23128831e-01 0
5.14856643e-01 -2.46867324e-01 0
1.17430131e+00 -1.68477496e-02 0
1.09073337e-01 9.16200564e-02 0
6.54478227e-01 2.21529914e-03 0
1.96987261e-01 -3.25338436e-01 0
2.96591745e-01 -3.05994496e-01 0
7.66916366e-01 1.90313034e-01 0
7.55711475e-01 5.15818843e-02 0
4.54566773e-01 1.40784288e-02 0
4.55847274e-01 -1.18334575e-02 0
5.61395418e-01 -5.24238360e-03 0
6.06042228e-01 -7.39262529e-02 0
4.66520188e-01 -5.85701501e-02 0
7.14191168e-01 8.43653112e-02 0
5.99422649e-01 5.58433786e-02 0
5.35395392e-01 -6.93495783e-03 0
1.20406356e+00 6.57887422e-03 0
4.69216364e-01 2.81547960e-04 0
1.20466806e-01 -6.08087469e-02 0
7.03600826e-01 -1.08386004e-01 0
2.88508529e-01 1.39141779e-01 0
4.56280936e-01 1.74691945e-02 0
4.50669885e-01 3.43293108e-04 0
-3.87115059e-02 7.64460079e-02 0
4.66866143e-01 -7.54560134e-03 0
5.78153684e-01 -2.23295074e-01 0
3.49721953e-01 3.54304510e-01 0
5.42086786e-01 3.87708900e-02 0
1.18878160e-01 1.77576761e-01 0
3.92836611e-01 -3.18799128e-01 0
4.57381719e-01 1.39254797e-02 0
4.54587876e-01 -3.22865394e-03 0
6.23469679e-01 1.26090989e-01 0
3.95733337e-01 -1.50466496e-02 0
-1.12197935e-01 9.20387800e-02 0
7.77142718e-01 3.49415904e-01 0
6.51457858e-01 4.20703341e-02 0
5.03375882e-02 2.79878987e-02 0
4.93702097e-01 -2.44489678e-01 0
3.51502639e-01 2.89626590e-01 0
5.04432868e-01 -2.60542634e-04 0
5.86110969e-01 1.14702539e-01 0
4.40907340e-01 -1.72648898e-03 0
7.68708219e-01 2.06844862e-02 0
8.29355925e-02 -2.99855018e-02 0
9.54298344e-02 -1.70155403e-01 0
3.13735554e-01 -1.45968166e-01 0
-1.02872880e-01 6.16960156e-02 0
2.96146426e-01 1.27577883e-01 0
-1.07241997e-01 5.40367569e-02 0
1.14710239e+00 2.35283792e-02 0
4.47553026e-01 -4.52414541e-04 0
1.64584112e-02 -1.08383275e-01 0
5.59115678e-01 4.99472630e-02 0
3.59967701e-01 1.56249348e-02 0
8.44820725e-01 -3.23059548e-01 0
-4.91963319e-02 7.89329626e-02 0
7.45657501e-01 5.61312050e-02 0
5.20508222e-01 -1.06339209e-02 0
4.46089100e-01 -1.78896133e-01 0
3.38136956e-01 -2.54642357e-01 0
5.98932580e-01 6.17373336e-02 0
7.02629602e-01 -4.91960126e-02 0
4.42244428e-01 -3.44622958e-01 0
6.50781157e-01 -6.82698162e-02 0
1.04191171e+00 1.24273205e-01 0
5.67265303e-01 -1.17768671e-01 0
6.26096700e-01 -1.00087125e-01 0
1.14898693e+00 1.27952891e-01 0
4.77319526e-01 -5.05434803e-02 0
2.48347049e-01 2.79223065e-01 0
4.10701220e-01 -1.06704833e-01 0
-2.34368665e-02 4.03033983e-02 0
5.39813156e-01 -2.78074212e-01 0
6.92176155e-01 2.07860620e-01 0
7.74713308e-01 2.14597616e-01 0
1.22225797e-02 7.91869626e-02 0
4.55322554e-01 -3.94315517e-03 0
6.24803049e-01 -6.16931873e-02 0
4.20208596e-01 4.35848764e-01 0
4.01420076e-01 2.57614283e-01 0
6.07513390e-01 3.17386269e-01 0
5.86762537e-01 3.75939593e-02 0
4.48208290e-01 -1.05689421e-01 0
5.29459088e-01 -5.59341874e-04 0
3.68440922e-01 -3.44359013e-01 0
4.84715374e-01 -6.13466959e-02 0
6.56827255e-01 -6.97737458e-02 0
4.65478379e-01 7.69776909e-03 0
5.53527425e-01 -5.09205540e-02 0
4.47954949e-01 5.05676197e-02 0
5.40574868e-01 1.74492963e-01 0
1.03759803e+00 2.20261008e-01 0
1.49747365e-02 1.28514889e-02 0
1.05030725e+00 -1.11382687e-01 0
1.01506824e-02 4.94785405e-03 0
-3.16865966e-02 9.19179185e-02 0
-2.52542712e-02 9.66352097e-02 0
6.33817288e-01 9.42851221e-02 0
2.72777334e-01 2.66172284e-01 0
4.45660647e-01 1.51140886e-02 0
3.32640893e-01 -1.17511795e-01 0
6.20353991e-01 -8.04945027e-02 0
4.80614297e-01 1.99018560e-01 0
5.54867139e-01 -2.56934354e-01 0
1.76838434e-01 -6.82616575e-02 0
1.03087015e+00 5.98874413e-02 0
1.13590148e+00 5.29213221e-02 0
5.69141445e-01 -6.52497435e-02 0
1.12689016e-02 3.38534885e-03 0
3.82644537e-01 2.60068085e-01 0
4.47011170e-01 8.85032176e-03 0
5.05420929e-01 -1.34537767e-02 0
5.13303473e-01 2.14843949e-03 0
4.17758005e-01 -7.29493219e-02 0
6.55620635e-01 -2.91404886e-01 0
2.55653231e-01 -8.58142086e-02 0
5.49374492e-01 -1.55646068e-02 0
4.42305232e-01 -1.15268643e-02 0
6.60521201e-01 -3.05962596e-02 0
5.13584214e-01 3.07328815e-03 0
2.24690515e-02 1.50871055e-02 0
5.21572923e-01 1.58526369e-01 0
5.32642617e-01 -2.43698343e-01 0
4.69745154e-01 -1.56193740e-02 0
5.14549227e-01 -9.76270506e-02 0
7.09618389e-01 -2.31317930e-01 0
4.49755004e-01 -1.29543146e-03 0
4.87146555e-01 -8.13543434e-03 0
1.18815456e+00 2.45454876e-01 0
4.42896949e-01 1.61708993e-01 0
5.51761239e-01 7.33161011e-04 0
4.36154107e-01 3.21178038e-01 0
8.61380181e-01 1.50191118e-02 0
6.79480428e-01 -4.75278828e-02 0
4.91486033e-01 -4.28356033e-02 0
2.18939573e-01 1.84625934e-01 0
7.48207179e-01 1.63089139e-01 0
4.62479289e-01 1.40683636e-02 0
5.33416524e-01 2.51643961e-02 0
4.50599022e-01 -9.95679458e-05 0
6.39535069e-01 -9.82219985e-02 0
2.33857542e-01 -7.60382209e-02 0
1.83973663e-01 -2.18790021e-01 0
4.45341799e-01 -1.17667506e-02 0
5.41019838e-03 1.21425687e-04 0
5.85657057e-01 -4.66723029e-02 0
1.24577920e-01 5.05653551e-02 0
-6.90464888e-02 7.65824698e-03 0
5.78805701e-01 -9.51453608e-02 0
7.46843708e-01 1.51674864e-01 0
-5.99068084e-02 1.30396231e-02 0
-5.85635637e-02 6.59267426e-02 0
5.03275872e-01 3.94947390e-01 0
6.65323976e-01 4.25899858e-01 0
5.27190093e-01 1.74943603e-01 0
2.45811598e-01 4.49253401e-02 0
6.03988198e-01 -2.20609454e-01 0
1.61929886e-01 1.27418506e-02 0
6.70925397e-01 -4.85109302e-02 0
5.15246643e-01 3.42328514e-04 0
4.40492581e-01 1.77193542e-02 0
4.23571656e-01 1.35767590e-01 0
7.11923007e-01 1.48549049e-02 0
4.36188467e-01 1.69395515e-02 0
5.24595512e-01 5.65273768e-02 0
4.06565213e-01 8.09398363e-02 0
4.77850853e-01 -2.87796178e-02 0
4.43946800e-01 -1.95229726e-01 0
5.12092751e-01 1.26439502e-01 0
6.06640666e-01 -7.28332904e-02 0
2.50342020e-01 -6.37145147e-02 0
6.28860091e-01 -4.13598382e-02 0
4.02263558e-01 1.33421458e-02 0
2.48117429e-01 2.59622697e-01 0
6.87534363e-01 2.16605403e-01 0
-2.91167355e-02 1.00841231e-01 0
7.71015026e-01 -8.30615511e-02 0
-2.78130263e-02 9.68439302e-02 0
4.77574107e-01 -2.66857181e-01 0
4.63670342e-01 -3.54733889e-03 0
1.34864359e+00 -2.63694332e-01 0
4.80771390e-01 -5.72703142e-02 0
5.31826150e-01 5.05079886e-04 0
5.45595495e-01 8.88164227e-02 0
1.78446834e-02 1.90873003e-02 0
2.39469071e-01 -1.48151282e-01 0
4.46930729e-01 -2.75656932e-03 0
5.02080669e-01 -2.75972492e-03 0
1.05688795e+00 1.07161677e-01 0
4.19060141e-01 2.23887021e-01 0
3.27029249e-03 -3.51421150e-03 0
1.93033169e-02 -2.65317437e-03 0
5.23462258e-01 -3.53346835e-01 0
7.83988567e-01 2.03848448e-01 0
4.47243910e-01 -1.49848271e-02 0
7.17760248e-01 -2.07657071e-01 0
5.05163415e-01 -6.37673315e-02 0
5.81059556e-01 -4.62352832e-02 0
8.22138587e-01 3.46269259e-01 0
6.38275557e-01 -4.51344594e-02 0
6.72743533e-01 -4.16225607e-02 0
4.51050183e-01 5.53796354e-05 0
3.89980077e-01 -7.76792816e-02 0
5.48469997e-01 1.52674726e-01 0
3.10980968e-01 7.69360567e-02 0
9.85612355e-01 -2.58104416e-01 0
3.63954922e-01 7.85434270e-02 0
1.08818465e+00 1.49861779e-04 0
5.90897051e-01 -2.07890774e-02 0
1.00516085e+00 1.00570008e-01 0
6.85333309e-01 -1.76843881e-01 0
4.44365543e-01 -5.31631726e-02 0
4.85444259e-01 -2.87497256e-03 0
4.84965619e-01 -1.95385728e-02 0
6.48952610e-01 -5.66982057e-02 0
9.39973685e-01 1.02813593e-01 0
5.79619279e-01 2.31745642e-01 0
7.33583932e-01 -2.15791203e-01 0
4.97710786e-01 -1.26412726e-02 0
1.17842720e+00 -7.61755726e-02 0
7.23544908e-01 -1.05141802e-01 0
5.06051060e-01 -4.24554033e-03 0
5.05149928e-01 -5.48155615e-03 0
6.55089217e-01 -2.25081423e-03 0
5.37584333e-01 4.39388144e-02 0
4.47588414e-01 1.26903593e-02 0
9.84775596e-01 -2.55753728e-01 0
4.61094647e-01 1.67767834e-02 0
1.23644547e+00 2.03330139e-01 0
5.09125720e-01 6.53270412e-03 0
1.05196171e+00 1.80560214e-01 0
1.21522362e+00 3.06394133e-02 0
4.90341527e-01 -1.23493225e-02 0
4.86911993e-01 -3.90505931e-01 0
5.10017159e-01 7.90703621e-03 0
6.40773088e-01 -4.08175708e-02 0
5.26596955e-01 3.01688866e-01 0
4.51754041e-01 4.35458497e-03 0
6.62632920e-01 -4.02141357e-02 0
5.92872420e-01 1.28222926e-01 0
2.68152116e-01 1.32390502e-01 0
4.81429881e-01 -1.28206921e-01 0
4.55825402e-01 -4.69876677e-03 0
5.05436799e-01 -3.73795689e-03 0
4.06520353e-01 8.61014754e-02 0
2.25647985e-01 -2.94056519e-02 0
4.37602594e-01 -1.04052688e-02 0
3.01183513e-01 2.23134744e-01 0
2.81093155e-01 1.32460325e-01 0
5.16707642e-01 1.63515178e-03 0
3.00615925e-01 1.19962651e-01 0
5.14645173e-01 3.57903108e-03 0
3.01915430e-01 7.74187441e-02 0
5.67649797e-01 4.70005002e-02 0
6.53033867e-01 3.84101577e-01 0
5.28878119e-01 1.55767032e-01 0
7.10547768e-01 -1.03521749e-01 0
5.69629260e-01 8.44818853e-02 0
8.86503350e-01 7.76822780e-02 0
6.94573327e-01 -8.61953408e-02 0
6.70838926e-01 3.35079409e-02 0
6.14611882e-01 8.95077508e-02 0
5.44688917e-01 -2.96547806e-01 0
8.41366315e-01 -1.21382569e-01 0
-5.35624986e-03 -2.06401231e-02 0
4.69929855e-01 4.71585090e-02 0
6.94875530e-01 3.47239039e-02 0
1.72429360e-01 3.02214123e-02 0
5.34986583e-01 -6.19373628e-02 0
7.03493824e-01 2.08703104e-01 0
5.18045167e-01 3.21249645e-02 0
5.67568659e-01 -1.01827538e-01 0
3.47264858e-01 -1.61846996e-01 0
2.28918976e-01 1.56448606e-01 0
1.17119369e+00 9.69415051e-06 0
6.85905041e-01 -6.63092827e-02 0
6.54699659e-01 9.53052163e-04 0
3.78157063e-01 -4.23639155e-01 0
4.48321809e-01 4.90132993e-03 0
4.52156323e-01 2.12747414e-02 0
5.22074220e-01 3.09938113e-02 0
5.02505375e-01 1.50760143e-01 0
9.23166020e-01 -2.79535858e-01 0
4.54284958e-01 4.51764244e-02 0
4.44591850e-01 -4.87322429e-03 0
6.41605852e-01 9.51568148e-02 0
2.45346996e-02 1.32067466e-01 0
7.12048543e-01 2.06056025e-01 0
1.25966542e-01 2.94953872e-02 0
6.73854721e-01 4.14326989e-01 0
4.55929556e-01 4.32328369e-03 0
9.89219469e-01 2.51473105e-01 0
3.28708236e-01 -5.43636320e-02 0
1.10963491e-01 -1.39793897e-02 0
5.59665390e-01 2.70218651e-01 0
8.07042618e-01 7.74952124e-02 0
7.56813142e-01 1.87260845e-01 0
4.61890744e-01 1.24973571e-02 0
4.59717878e-01 1.44069365e-02 0
4.61419296e-01 8.30593395e-03 0
2.03058856e-01 -2.42088759e-03 0
7.65523746e-01 1.70543378e-01 0
1.18437663e+00 3.85522172e-02 0
4.55449649e-01 3.40881537e-01 0
2.35410700e-01 -2.22848271e-02 0
3.78449166e-01 -3.40023181e-01 0
5.83933741e-01 2.30336541e-01 0
2.46243354e-01 -5.18707583e-03 0
4.90885109e-01 2.37665740e-01 0
1.12585534e+00 -5.37236984e-02 0
4.98409262e-01 -7.22601702e-03 0
6.46737420e-01 4.95407394e-02 0
4.39111494e-01 2.10355337e-01 0
4.65357364e-01 8.13283703e-02 0
1.18241666e+00 -1.58866843e-01 0
8.49499338e-01 -3.13365044e-01 0
4.49514260e-01 9.99018576e-03 0
6.62036253e-01 -2.72724207e-02 0
5.78612249e-01 8.80477312e-02 0
9.90108130e-02 6.00583662e-02 0
4.84741044e-01 -8.35728311e-03 0
3.63046142e-02 1.61262217e-01 0
6.73398662e-01 -5.25175409e-03 0
4.43518812e-01 1.84380392e-02 0
1.95820567e-01 5.83071233e-02 0
2.92164302e-01 2.52940558e-01 0
4.39191445e-01 -5.31754207e-02 0
6.31006010e-01 1.82530347e-01 0
5.61661396e-01 -9.53387426e-03 0
5.03805888e-01 -1.44286248e-02 0
4.82806105e-01 -1.24355824e-02 0
4.75708370e-01 2.49193940e-01 0
4.95671671e-01 7.40483554e-02 0
5.47559371e-01 2.35160778e-01 0
2.65365947e-01 -1.15220410e-01 0
4.84124421e-01 -3.65896057e-03 0
4.51926139e-01 1.00849948e-03 0
5.43489373e-01 -6.81411234e-02 0
3.87780004e-01 2.43220461e-01 0
4.74315661e-01 -2.57789304e-01 0
6.39366551e-01 -6.08928337e-02 0
5.10324321e-01 -5.75894711e-03 0
1.19505928e+00 9.50866744e-02 0
1.02189760e-01 -5.86630818e-02 0
6.20815383e-01 -4.33104295e-02 0
3.11875551e-01 -1.51388945e-01 0
6.88703651e-01 -1.76699435e-03 0
4.84213230e-01 -8.08298763e-03 0
5.40260771e-01 3.71455464e-02 0
7.48984329e-01 2.07204445e-01 0
6.17382046e-01 -1.51182286e-01 0
3.36112335e-01 1.00260054e-01 0
6.09830269e-01 7.04387888e-02 0
3.39717363e-01 3.98843985e-01 0
1.09287277e+00 -9.86014402e-02 0
5.48294168e-01 2.68358187e-01 0
5.60595993e-01 -1.51244470e-01 0
7.13033994e-01 -1.89379371e-01 0
9.46070848e-01 9.65767223e-02 0
6.65849777e-01 1.54644485e-01 0
4.51037999e-01 5.76280025e-03 0
5.50692191e-01 -9.10767861e-02 0
1.09118978e-01 -3.34159895e-02 0
2.60108774e-01 -5.63654165e-02 0
3.78024658e-01 8.87943455e-02 0
7.20550885e-01 -1.78782634e-01 0
4.79685318e-01 -9.95081590e-03 0
4.57198765e-01 4.21962367e-03 0
2.78880497e-01 1.35197460e-01 0
6.19831015e-01 8.78247281e-02 0
2.47300153e-01 -6.67624682e-02 0
4.77285543e-01 -4.08935771e-02 0
5.44065579e-01 2.78980327e-01 0
4.59383009e-01 1.30057958e-02 0
4.64847451e-01 5.06819486e-02 0
-1.03388217e-01 5.75354254e-02 0
4.34089317e-01 -1.07481562e-01 0
4.19154432e-01 1.66927387e-01 0
7.25832272e-01 -1.97460936e-01 0
5.85775679e-01 8.61746722e-02 0
6.60037595e-01 9.92718356e-02 0
5.50393063e-01 -1.95660180e-02 0
6.73644931e-01 -1.13095953e-01 0
7.81532087e-01 -6.55217499e-02 0
7.00158747e-01 -9.17745372e-02 0
9.96449670e-01 2.53201793e-01 0
4.49535755e-01 6.22502457e-02 0
5.04748668e-01 -1.05385411e-01 0
2.21213630e-01 4.55022737e-02 0
9.94446436e-01 -2.30681181e-01 0
-6.92363082e-03 1.70447293e-02 0
-1.36440400e-01 6.50396453e-02 0
1.05510849e+00 6.78072073e-02 0
6.85102081e-01 2.56382296e-01 0
5.02829376e-01 9.74625579e-02 0
3.73170360e-01 8.17496240e-02 0
6.15191580e-01 7.17865757e-02 0
1.15130697e-02 2.13302931e-02 0
1.47349045e-01 3.93696369e-02 0
7.99044664e-04 1.76444833e-03 0
4.50127242e-01 5.61196635e-03 0
6.63401291e-01 2.25323122e-01 0
3.99826498e-01 -3.34898729e-01 0
4.85844988e-02 1.43763577e-01 0
5.11663021e-01 1.44172418e-02 0
6.11278400e-01 1.12652783e-01 0
5.19728528e-01 4.07375235e-01 0
6.95613204e-01 -1.65854459e-02 0
2.82032210e-01 -3.07714355e-01 0
6.75903322e-01 -6.56142843e-02 0
4.12256332e-01 -3.31827049e-01 0
-1.87868954e-04 -1.77637424e-02 0
7.11151708e-01 -3.15174195e-01 0
1.05942029e+00 -1.46634247e-01 0
3.70751266e-01 1.44821836e-01 0
9.56916532e-01 1.93798255e-01 0
5.33347632e-01 -6.68033882e-02 0
4.97734895e-01 -3.11353661e-03 0
1.55947243e-01 3.18237546e-01 0
5.86250979e-01 -2.27473553e-02 0
7.56212697e-01 -2.15060103e-01 0
6.33460404e-02 -7.40765977e-03 0
7.27667107e-01 3.59431779e-01 0
4.59956289e-01 1.63905578e-02 0
4.39793018e-01 -4.57503421e-02 0
2.12858361e-01 3.60073448e-01 0
8.41735208e-01 3.44446872e-01 0
4.72772198e-01 -1.48026262e-02 0
5.23586052e-01 1.22568137e-01 0
6.76461583e-01 -6.23863894e-02 0
5.24437863e-01 2.47590957e-03 0
5.91304354e-01 1.19600689e-01 0
4.87141771e-01 -9.08237926e-03 0
4.50886996e-01 1.68284374e-01 0
8.08596501e-01 3.44992888e-01 0
5.95362477e-03 -7.81371627e-03 0
4.12600323e-01 1.20862308e-01 0
-3.90020331e-02 2.57952126e-02 0
4.30407180e-01 -2.04075901e-02 0
8.45848430e-01 1.49514175e-01 0
7.45991772e-01 3.99164254e-01 0
5.20069407e-01 1.52869344e-01 0
4.77481433e-01 -9.33583648e-03 0
4.44029257e-01 -6.34981526e-03 0
9.85695318e-02 1.35004185e-01 0
4.82305108e-01 -1.71306463e-02 0
5.95310349e-01 -1.94933417e-02 0
6.56686627e-01 -5.20991352e-02 0
5.08648795e-01 -3.44388421e-01 0
4.61915626e-01 8.20218481e-02 0
1.28962790e-01 3.10515095e-02 0
4.79405940e-01 -2.04421385e-01 0
1.10754925e+00 -3.65645031e-02 0
4.30757569e-01 2.05876154e-01 0
-1.42005625e-01 8.57772317e-02 0
5.68821457e-01 8.19260027e-02 0
4.56946847e-01 -1.31908264e-01 0
2.34551341e-01 1.75510915e-01 0
5.77910511e-01 4.13774120e-02 0
4.85034489e-01 -1.21536169e-02 0
-2.39740461e-02 8.22989185e-02 0
5.74237180e-01 -4.88162233e-02 0
5.94646994e-01 -4.13301141e-02 0
4.58357481e-01 1.01301990e-02 0
4.84435923e-01 -1.19383897e-02 0
7.07897311e-01 -2.18388101e-02 0
9.26319055e-01 2.94264149e-01 0
6.55347923e-01 -3.22568929e-02 0
3.91661509e-01 -7.77387736e-02 0
6.07293232e-01 6.83501804e-02 0
4.44663776e-01 -6.30893726e-02 0
4.45858870e-01 -9.10918706e-03 0
4.94781119e-02 7.00375478e-02 0
8.09490619e-01 -1.79332174e-01 0
4.52570974e-01 9.17018806e-03 0
2.15950587e-01 1.88462943e-01 0
1.06727552e+00 -1.92068930e-01 0
1.26984981e+00 3.06090854e-01 0
4.67336801e-01 -2.28039427e-02 0
1.01050170e+00 1.35485955e-01 0
3.88270144e-01 4.52755838e-02 0
8.87669707e-01 -1.39502161e-02 0
5.07965719e-01 -1.46566895e-01 0
4.52485838e-01 1.78763044e-03 0
3.45752818e-01 -1.44697244e-01 0
4.94810873e-01 1.57620012e-02 0
3.69916983e-01 1.56321457e-01 0
5.69720332e-01 8.49523449e-02 0
4.29134095e-01 6.56338208e-02 0
4.53643308e-01 3.81766435e-02 0
4.86791755e-01 -1.05321686e-02 0
4.52088622e-01 5.95309803e-03 0
-9.42762778e-02 8.56352850e-02 0
-1.66684859e-01 9.65381542e-03 0
7.35566385e-01 -1.34358996e-01 0
6.78206747e-01 -7.36750447e-03 0
4.54827228e-01 2.58241053e-03 0
6.84336607e-01 -9.15078525e-03 0
2.39733068e-01 1.58310626e-01 0
5.33967087e-01 -5.13592405e-02 0
5.04165890e-01 -2.51684416e-03 0
4.44833033e-01 1.65989343e-02 0
1.26683310e-01 -2.64718785e-02 0
2.69472462e-01 -1.52133587e-01 0
6.70397562e-01 -9.63252636e-02 0
5.05565004e-01 -1.23196072e-03 0
1.17977774e+00 -1.11794203e-01 0
3.86814274e-01 1.07433872e-01 0
6.51361886e-01 1.25423698e-03 0
6.73305776e-01 -1.06918115e-02 0
6.70590145e-01 -1.27500132e-01 0
4.17946365e-01 7.84509688e-02 0
6.31032770e-01 -2.14189060e-02 0
6.43135653e-01 -1.21278403e-01 0
6.84347383e-01 -5.58438335e-02 0
6.82377514e-01 1.90456722e-01 0
-1.18491072e-01 7.43766684e-02 0
3.23231373e-01 1.26275838e-01 0
3.25204239e-01 -6.00056297e-02 0
6.92165066e-01 -8.76930327e-02 0
8.98502420e-01 1.95862042e-02 0
1.19411404e-01 5.76642884e-02 0
6.09991518e-01 -3.45319446e-01 0
4.62977085e-01 -2.85768069e-01 0
6.20290736e-01 1.42263356e-02 0
4.18989008e-01 1.94062999e-01 0
2.95740987e-01 1.35328681e-01 0
4.32858740e-01 -1.00012286e-01 0
4.21920078e-01 2.12340987e-01 0
6.28153064e-01 9.00733232e-02 0
1.03871539e+00 1.60182673e-01 0
7.71100814e-01 -1.77608867e-02 0
6.14776281e-01 -6.72452801e-02 0
1.05358746e+00 -1.98697607e-01 0
6.69360202e-01 -1.47322843e-01 0
1.05752218e+00 -1.03046215e-01 0
3.88590958e-01 -3.41188294e-01 0
4.94221833e-01 -7.84925768e-02 0
5.81006001e-01 -4.19989264e-02 0
4.13924488e-01 8.28607649e-02 0
6.18490756e-01 -6.43976911e-02 0
3.20241491e-01 1.34172917e-01 0
5.86228936e-01 6.37125578e-02 0
4.18395551e-01 2.01495303e-01 0
5.11101103e-01 -6.83748313e-03 0
7.23139824e-01 7.94602667e-02 0
6.13702041e-01 1.17220854e-01 0
4.69351660e-01 -4.67604229e-02 0
4.99290094e-01 -1.59759532e-02 0
7.60561920e-01 -1.32300668e-01 0
1.11917255e-01 4.07369588e-02 0
5.08315214e-01 -1.28456928e-02 0
4.07788794e-01 8.38306821e-03 0
6.26440682e-01 6.85492132e-02 0
6.73885478e-01 6.18814131e-02 0
4.49290522e-01 1.02054051e-03 0
7.19953894e-01 -1.58162231e-02 0
3.98054946e-01 -9.43784242e-02 0
6.07683868e-01 3.31128220e-01 0
6.14180262e-01 -8.94053008e-02 0
4.58571540e-01 7.59555287e-03 0
4.66850748e-01 1.03927839e-02 0
5.18119807e-01 2.47029022e-02 0
6.78579635e-01 -5.06140334e-03 0
4.50518623e-01 -2.01214659e-03 0
2.40106987e-01 -1.45368166e-02 0
4.47126865e-01 -1.22682811e-02 0
4.63706478e-01 -3.87562112e-02 0
4.57957426e-01 9.04546205e-03 0
1.02126209e+00 6.20815388e-02 0
4.59525114e-01 -3.91679945e-02 0
5.81920416e-01 4.47069037e-02 0
6.58168418e-01 -6.19388904e-02 0
4.70550006e-01 3.31485831e-01 0
5.41260288e-01 -5.82436758e-02 0
3.41375442e-01 -2.40573630e-02 0
5.41647137e-01 5.04140665e-02 0
5.33577452e-01 1.86690917e-01 0
4.21084125e-01 8.72830363e-03 0
6.18336517e-01 1.11652646e-01 0
4.11618284e-01 -1.09889839e-01 0
4.38631620e-01 1.17556823e-02 0
4.34425101e-01 8.21656924e-02 0
7.82472129e-01 1.96858219e-01 0
5.22054204e-01 1.14776161e-01 0
5.11425394e-01 7.71500636e-02 0
6.71857306e-01 -6.15596563e-02 0
6.71266769e-01 -5.43356658e-02 0
5.87621887e-01 -2.59853579e-01 0
6.94587186e-01 1.98114407e-01 0
7.09420132e-01 3.33513383e-03 0
4.75175817e-01 -3.60199775e-02 0
7.77698894e-01 3.66492984e-01 0
6.02833735e-01 7.88019454e-02 0
5.07634541e-01 -5.61898929e-02 0
4.86168049e-01 -2.56876457e-03 0
6.51061385e-01 -7.48675181e-02 0
4.73920627e-01 -1.90692439e-01 0
4.27854064e-01 1.32619059e-01 0
6.21203134e-01 3.80549602e-02 0
2.15537896e-01 5.96535892e-02 0
7.58839824e-01 4.33856034e-02 0
1.72280490e-01 2.60401575e-02 0
-2.07770787e-02 8.58736007e-02 0
-1.65126974e-01 6.62308222e-02 0
1.36330095e-01 6.10669911e-02 0
1.91998684e-01 8.87489189e-02 0
1.29323508e+00 2.14573369e-01 0
8.41204258e-01 -3.01989466e-01 0
4.12842860e-01 -6.27519075e-02 0
6.07623632e-01 -1.11542604e-02 0
6.40962731e-01 -3.14296483e-02 0
8.67510044e-01 1.88089382e-01 0
4.23587764e-01 3.45042583e-01 0
1.14007534e+00 -3.98878236e-02 0
3.08442537e-01 6.39451404e-02 0
2.69102685e-01 -7.20061904e-02 0
7.13424761e-01 -4.10293621e-03 0
4.46262961e-01 1.20724132e-02 0
6.52217631e-01 1.79087423e-01 0
5.28805344e-01 1.13645260e-01 0
6.15994110e-01 4.00684191e-02 0
5.05958716e-01 -1.45792672e-01 0
1.96231938e-01 -3.69697060e-03 0
7.08358216e-01 1.01184297e-02 0
4.50677286e-01 2.61789094e-03 0
6.74892508e-01 -5.20760475e-02 0
5.81196829e-01 2.66153263e-02 0
4.22183468e-01 2.37544786e-02 0
4.66853073e-01 9.72704086e-03 0
5.03414587e-01 -2.09567838e-03 0
3.27836297e-01 1.69157716e-01 0
4.13554805e-01 -8.65520743e-02 0
5.81282327e-01 -4.45711845e-02 0
4.88916219e-01 -4.42880715e-03 0
1.17794095e+00 -5.58178528e-03 0
6.76625948e-01 -3.43522064e-02 0
5.03157718e-01 -1.36721919e-03 0
-2.65597475e-02 -1.69709832e-02 0
6.21008065e-01 -3.51241657e-02 0
1.00895221e+00 1.26719967e-01 0
1.25854097e+00 1.54347694e-01 0
3.14126367e-01 -9.58445358e-02 0
7.56276209e-01 1.09585053e-01 0
3.21382651e-01 2.73636162e-01 0
4.16892256e-01 -1.05978398e-01 0
5.45547355e-01 -8.36336342e-02 0
9.48925271e-01 2.65934841e-01 0
4.03862610e-01 -2.29378992e-02 0
1.75345817e-01 8.99561383e-02 0
5.30451098e-01 3.58587029e-02 0
8.39285063e-01 1.34033133e-01 0
6.60710010e-01 -6.80850242e-02 0
3.35360487e-01 -8.53191751e-02 0
4.51161878e-01 7.81917378e-04 0
9.50447815e-01 1.19394885e-01 0
4.86881195e-01 -6.78741194e-02 0
6.94876364e-01 -1.93663994e-01 0
4.91188142e-01 -1.44495579e-02 0
5.85289509e-01 7.75208772e-02 0
5.56963356e-01 2.18780581e-01 0
6.43077693e-01 -2.81021567e-01 0
7.08799888e-01 -1.29799262e-02 0
1.02719702e+00 -1.21715336e-01 0
5.04707420e-01 -6.88926816e-02 0
9.95030620e-02 5.59989133e-02 0
7.44582787e-01 1.43323012e-01 0
1.21245994e+00 2.20822612e-01 0
5.81585862e-01 4.71670435e-02 0
4.74838189e-01 1.03428583e-01 0
5.62007695e-01 -8.15054716e-02 0
4.80146177e-01 1.04576556e-01 0
7.90251093e-01 -1.85967576e-01 0
1.17900128e+00 -1.50277959e-02 0
-5.50170819e-02 8.17692356e-02 0
5.33554285e-01 2.00780844e-02 0
4.11804963e-01 -1.10751059e-01 0
-1.59362679e-01 4.20252060e-02 0
5.44925170e-01 8.57416980e-02 0
5.40274902e-01 -4.97792837e-02 0
4.32627058e-01 -1.22461592e-02 0
7.58663348e-01 -3.73477235e-01 0
4.56204559e-01 4.81223209e-03 0
6.23084504e-01 9.22193628e-02 0
6.36080576e-01 -1.62256898e-02 0
1.37193930e-01 -9.72977163e-02 0
4.75620107e-01 4.57108416e-02 0
8.74755076e-01 -1.22892093e-02 0
4.51131084e-01 -1.10080211e-01 0
7.83939485e-01 9.76867911e-02 0
6.53122173e-01 7.96828585e-04 0
1.24324996e+00 1.11115363e-01 0
6.14879389e-01 -3.82950485e-02 0
6.53646453e-01 3.95762442e-03 0
6.23664577e-01 -6.74819926e-02 0
1.96449955e-02 -4.75802893e-03 0
5.20992649e-01 3.57967655e-01 0
8.20722596e-01 -1.05655279e-01 0
4.66096699e-01 -1.98814952e-03 0
7.49422031e-01 -7.28136501e-02 0
9.78209375e-01 -1.04317790e-01 0
2.34739990e-02 6.98500852e-02 0
-8.00948614e-03 2.75811977e-02 0
3.20726242e-01 2.86480850e-01 0
2.58705812e-01 -2.80635830e-02 0
2.70870487e-01 -1.28452540e-01 0
1.19176726e+00 -9.74219335e-02 0
7.72336807e-01 5.05708520e-03 0
4.50144486e-01 -2.16530481e-03 0
5.02556769e-01 -2.27988157e-02 0
6.70657183e-01 2.47934433e-01 0
1.74116329e-01 3.63731092e-02 0
5.77299980e-01 -5.94930255e-02 0
4.55761735e-01 1.59797108e-03 0
7.29353661e-03 2.48830589e-02 0
2.86759481e-01 1.07903264e-01 0
1.31608351e-01 1.76718991e-02 0
6.47839311e-01 1.71972793e-01 0
4.51104497e-01 -6.11756707e-02 0
6.70377596e-01 2.08944690e-01 0
6.86161575e-01 1.22381924e-01 0
4.90834333e-01 8.51777242e-02 0
-2.81126450e-02 9.57523330e-02 0
7.64133694e-01 -3.12076350e-02 0
4.88152269e-01 7.99449218e-03 0
5.33376184e-01 5.34129111e-02 0
-3.36623806e-02 7.89240990e-02 0
-5.72386444e-02 9.29219669e-02 0
4.20454699e-01 7.54644908e-02 0
5.65967112e-01 1.23952260e-01 0
2.82697068e-01 -1.28677225e-01 0
4.20770441e-01 1.76277112e-02 0
5.90656355e-01 -1.22232478e-01 0
1.49319271e-01 4.80163384e-02 0
8.33942069e-01 -1.02396159e-01 0
6.57788984e-01 -7.24152029e-02 0
2.44048321e-01 3.71838996e-02 0
6.06405697e-01 1.39390075e-01 0
1.88869000e-01 8.24248156e-02 0
4.54696034e-01 1.39832043e-03 0
5.91124875e-01 -2.19467722e-01 0
5.95506321e-01 1.82733632e-01 0
2.68958985e-01 -2.04198196e-01 0
5.70258422e-01 1.79564899e-01 0
6.80584344e-01 -5.25808822e-02 0
5.60086637e-01 1.36992134e-01 0
6.89278113e-01 -4.40474231e-02 0
5.95428832e-01 7.47552064e-02 0
5.82583959e-01 3.91221622e-02 0
8.33338619e-01 2.68928452e-02 0
8.74973826e-01 -5.74165464e-03 0
4.24260329e-01 2.57229791e-02 0
4.88433900e-01 -1.30929920e-02 0
7.55272541e-01 -1.24516418e-01 0
7.46654347e-01 3.94457077e-02 0
4.38985801e-01 2.09999760e-02 0
5.54774833e-01 -4.98821937e-02 0
1.59713245e-02 1.87368863e-02 0
3.85726585e-02 1.15238351e-02 0
5.58267835e-01 -2.34412957e-01 0
7.24620468e-01 -8.62683371e-02 0
2.83945662e-01 1.66591653e-01 0
6.47127478e-01 -6.10383343e-02 0
4.70321723e-01 1.06495593e-02 0
6.12882896e-01 -1.57305753e-01 0
4.80595973e-01 8.58685407e-02 0
4.49833190e-01 -1.94158364e-03 0
6.90674772e-01 -1.11218599e-01 0
6.21662601e-01 5.77139798e-02 0
4.60952323e-01 -8.04923307e-02 0
5.56998139e-01 -1.17636123e-01 0
4.49312546e-01 -1.33013690e-03 0
1.09078073e+00 -9.69093947e-02 0
1.10544865e+00 8.77659725e-02 0
4.60385811e-01 7.85884967e-03 0
4.55376616e-01 3.95624480e-03 0
5.06785579e-01 1.30483237e-01 0
1.24887173e+00 1.20346510e-01 0
6.77131431e-01 5.76984585e-02 0
5.00091244e-01 2.39797522e-03 0
4.87099149e-01 -7.62447028e-03 0
5.13047294e-01 -4.81849754e-03 0
1.09191825e+00 -6.89947997e-02 0
6.43785114e-01 -2.88689862e-02 0
1.13776592e+00 -6.55563050e-02 0
4.98741765e-01 3.27037289e-03 0
4.15098807e-01 9.74417101e-02 0
4.98624792e-01 8.38703219e-02 0
5.12246933e-01 -4.30293784e-03 0
4.12063930e-01 5.81339844e-02 0
4.82199468e-01 1.18889593e-02 0
3.97086189e-01 5.06007232e-02 0
4.96466879e-01 1.69467630e-01 0
6.06130914e-01 6.56326449e-02 0
4.88687629e-01 -3.92771267e-02 0
5.28014049e-01 3.30613521e-02 0
2.05652838e-01 3.71403116e-02 0
3.99811707e-01 -3.64192344e-01 0
-9.27667711e-02 7.26242520e-02 0
5.96191710e-01 5.85510566e-02 0
4.37004494e-01 -5.80694418e-02 0
5.97942913e-01 2.56813031e-01 0
7.30408844e-01 -1.41606229e-01 0
3.52367054e-01 2.10593709e-01 0
-3.51457528e-02 9.19559554e-02 0
3.50754137e-01 1.09327370e-01 0
6.78248439e-01 -8.75031050e-02 0
5.08522849e-01 4.05830767e-03 0
5.84745725e-01 -4.99980128e-02 0
7.40241768e-01 1.08964039e-01 0
8.20797855e-01 -2.42597174e-01 0
7.04749065e-01 -1.71715714e-01 0
5.95405326e-01 3.42012011e-02 0
4.95898723e-01 -1.34167332e-03 0
7.03016687e-01 3.08484560e-03 0
5.71596495e-01 1.30600670e-01 0
1.02831141e+00 2.12515997e-01 0
1.98792549e-01 7.42399249e-02 0
5.59219335e-01 -1.49978859e-01 0
4.81689132e-01 1.34522724e-02 0
3.66673943e-01 1.62156698e-01 0
4.94479109e-01 -2.00112876e-03 0
4.13204337e-01 -7.61787265e-02 0
1.28740952e+00 2.90904484e-01 0
-5.81436970e-02 8.40158024e-02 0
6.58754336e-01 3.57503622e-01 0
8.26727643e-01 1.02803269e-01 0
6.15293206e-01 -4.69739644e-02 0
7.69702757e-03 -2.60471359e-02 0
4.90820868e-01 9.06212586e-02 0
4.51446553e-01 1.41795903e-02 0
1.24500981e+00 1.09560552e-01 0
8.22048106e-01 9.88519450e-02 0
6.19163710e-01 -3.28898103e-02 0
6.28407398e-01 -1.46980390e-01 0
1.85709402e-01 -3.64252632e-02 0
8.09718353e-01 9.95463656e-02 0
2.27706436e-01 5.19326439e-02 0
1.01252406e+00 5.35762503e-02 0
2.99181883e-01 7.33870965e-02 0
4.37786841e-01 1.97456928e-02 0
5.01681391e-01 9.03573889e-02 0
5.09713648e-01 2.23290195e-01 0
5.99749124e-01 2.78859805e-01 0
1.45538767e-01 3.03471850e-02 0
8.59457212e-01 5.75716006e-03 0
5.04376247e-01 -2.06166808e-02 0
7.71825632e-01 7.68053109e-02 0
4.97540454e-01 1.08770855e-02 0
9.77761221e-02 6.13670754e-02 0
1.44984903e-01 3.19028128e-02 0
3.77722825e-01 -2.74818990e-02 0
4.00098471e-01 -1.18664723e-01 0
6.01880027e-01 1.33761986e-01 0
1.35568364e-01 4.48837026e-02 0
4.98852035e-01 -1.03358698e-03 0
-1.58044482e-01 4.36102422e-02 0
-1.55450835e-01 5.37848869e-02 0
5.31656973e-01 -2.59917560e-02 0
4.38951023e-01 -1.02144356e-02 0
5.06302736e-01 -1.52586781e-02 0
5.51481757e-01 5.23296238e-02 0
8.23142329e-01 -3.06442683e-01 0
5.85921630e-01 5.02930308e-02 0
7.39516780e-01 -8.30454505e-02 0
7.83171628e-01 1.34312078e-01 0
4.72210737e-01 -9.94238212e-02 0
3.59071242e-01 1.51915030e-01 0
6.61498080e-01 -1.22153782e-01 0
8.61118269e-01 1.26950326e-01 0
7.83183578e-01 -1.20957106e-01 0
5.90926609e-01 4.04261911e-02 0
5.37913204e-01 3.55159058e-01 0
6.20167350e-01 -6.12426856e-02 0
7.84488981e-01 -7.35341657e-02 0
4.77201593e-01 8.48458888e-03 0
4.87395478e-01 -3.88822228e-03 0
3.94997920e-01 7.20125809e-02 0
7.69186373e-02 8.22771446e-02 0
4.78682617e-01 6.21118410e-03 0
7.57588527e-01 3.93812202e-01 0
4.67116634e-01 -3.45462729e-03 0
4.87287648e-01 -2.77225504e-03 0
3.33244325e-01 -3.34482780e-01 0
2.82527478e-01 3.12773991e-01 0
7.03108766e-01 -5.53383312e-03 0
5.41952385e-01 -1.47638220e-01 0
5.15782113e-01 -1.50266683e-01 0
6.55930943e-01 4.93509943e-03 0
3.15747295e-01 4.03859593e-02 0
4.61737575e-01 -4.72965580e-03 0
4.84399026e-01 1.27848229e-04 0
5.39073814e-01 4.81378489e-02 0
5.23130419e-01 1.75596497e-01 0
1.84760173e-01 1.24200832e-01 0
6.54460582e-01 8.33232508e-03 0
5.34259009e-01 4.92344244e-02 0
5.11126005e-01 -1.87108966e-02 0
3.98684034e-01 2.12348819e-01 0
6.22431355e-01 4.83112520e-02 0
4.93566940e-03 -2.19308927e-02 0
4.22631968e-01 7.66608967e-03 0
4.95236903e-01 1.68252359e-02 0
7.24221820e-01 1.40792236e-01 0
5.34273523e-01 -2.03197701e-02 0
5.42187717e-01 -4.70676555e-02 0
5.32249046e-01 -9.35352066e-02 0
7.88086093e-01 8.35427894e-02 0
3.93434641e-01 6.60477703e-02 0
6.81526455e-01 -4.52690247e-02 0
6.58014293e-01 9.27249263e-02 0
5.45761445e-02 5.12106556e-02 0
6.29023789e-01 -6.82200770e-02 0
4.83068395e-01 1.46631467e-03 0
-1.53172425e-01 1.14288701e-02 0
-3.12160148e-02 9.28951234e-02 0
6.91054604e-01 -1.99388516e-02 0
5.86928230e-01 4.30165476e-02 0
7.30274700e-01 3.54355081e-02 0
2.85504324e-01 -2.08937759e-01 0
1.05642515e+00 -1.22985859e-01 0
7.59291430e-01 -3.64601681e-01 0
1.10643249e-01 -1.87419610e-01 0
6.45833515e-01 -5.43220525e-02 0
1.30195089e-01 2.15265060e-02 0
5.76731683e-01 8.41762336e-02 0
7.15584012e-01 1.16797173e-01 0
6.48892947e-01 9.35191520e-02 0
7.81371641e-02 3.28588609e-02 0
8.12736046e-01 -1.86150027e-01 0
-1.10267041e-01 9.19174523e-02 0
6.70002766e-01 -7.22812051e-03 0
4.52417095e-01 -7.90066525e-03 0
6.36261836e-01 1.62069872e-01 0
5.38472242e-01 -1.33600428e-02 0
5.47928896e-01 8.37490134e-02 0
5.80685248e-01 -7.41233175e-02 0
6.24855333e-01 5.07793063e-02 0
5.02190980e-01 -4.06676736e-02 0
4.21558317e-01 5.81138788e-02 0
4.53403760e-01 7.55682271e-02 0
6.33455941e-01 -4.74671951e-02 0
7.57384893e-01 1.34198900e-01 0
2.30599683e-01 2.23315547e-01 0
4.48176924e-01 -7.81092775e-04 0
6.98777938e-01 6.23882689e-03 0
6.83615164e-01 2.95914685e-02 0
4.29618033e-01 4.54830644e-02 0
6.48523523e-01 5.49545773e-02 0
-3.55202702e-02 7.76176342e-02 0
3.51891783e-01 7.38648882e-02 0
4.76108179e-01 1.43155866e-01 0
7.36716801e-01 4.23758953e-02 0
7.54808209e-01 8.26240413e-02 0
7.86865509e-02 7.91191124e-02 0
5.53061355e-01 8.49540946e-02 0
8.06178665e-01 -1.51138696e-02 0
5.39455324e-01 9.40473581e-02 0
4.52415417e-01 1.02034328e-03 0
1.07945048e+00 -1.10217887e-02 0
5.42045831e-01 4.46530352e-02 0
1.99657070e-01 -2.94335007e-02 0
6.09900603e-01 6.39850614e-02 0
6.07384328e-01 -6.36539200e-02 0
4.99406160e-01 -8.43824578e-03 0
6.62656198e-01 -3.48799707e-02 0
8.70710318e-01 1.66390571e-01 0
-2.98417168e-02 3.41008834e-02 0
3.86337006e-01 -3.08384049e-02 0
6.97003015e-01 -1.28412429e-02 0
5.41044405e-01 9.60599876e-02 0
1.23500612e-01 4.71884154e-02 0
4.98629296e-01 -1.56235312e-01 0
4.54144200e-01 1.07653341e-01 0
5.40043427e-01 1.00367710e-01 0
5.62451120e-01 -6.96746055e-02 0
6.75291362e-01 -1.47436701e-02 0
7.93100572e-02 -3.76632546e-03 0
1.59859073e-01 -3.92045652e-02 0
-1.43112439e-01 6.55869265e-02 0
6.35693866e-01 -1.49444934e-02 0
6.88092843e-01 -1.93453653e-02 0
3.16723437e-01 -1.08064783e-01 0
3.72580309e-01 1.25776293e-02 0
6.73887811e-01 -5.73581111e-02 0
5.52690253e-01 1.35208563e-01 0
4.75643967e-01 2.45045596e-02 0
4.75239216e-01 2.12564234e-02 0
5.37710700e-01 -9.56139096e-02 0
9.30561565e-01 1.14446720e-01 0
4.65562639e-01 -5.87863916e-03 0
5.95876800e-01 6.22627690e-02 0
4.44416712e-01 8.79567007e-02 0
8.21986868e-01 3.10787602e-02 0
5.12536854e-01 -2.12867132e-02 0
4.46012402e-01 1.12114097e-02 0
1.37159021e-01 -1.94338949e-01 0
1.82363110e-01 -1.51013411e-02 0
7.17200672e-01 1.44314855e-01 0
5.34882231e-01 2.38507044e-02 0
-1.50485505e-01 2.16566283e-02 0
4.85659535e-01 -3.66246848e-03 0
5.77584608e-01 -1.37336442e-01 0
7.05564145e-01 -2.39498764e-01 0
7.46982158e-01 3.94898468e-01 0
5.02549486e-01 -2.88789270e-03 0
4.65609902e-01 3.94744874e-02 0
7.98447076e-01 1.07399274e-01 0
6.13432133e-01 6.46780580e-02 0
5.32102426e-01 2.51840874e-02 0
5.65283832e-01 3.52793483e-01 0
4.99961825e-01 -9.13212453e-03 0
4.34914571e-01 3.45985756e-01 0
6.81889663e-01 -1.68384921e-02 0
1.23288745e+00 -1.36316592e-01 0
1.20420023e+00 -1.88095408e-01 0
5.72814272e-01 -2.43602899e-01 0
7.18919279e-01 -7.39030317e-03 0
3.88114076e-01 -8.01870064e-02 0
5.80426174e-01 1.34414349e-01 0
5.14708283e-01 9.12564161e-03 0
8.21806154e-01 1.84701803e-01 0
5.96559602e-01 -6.73767742e-02 0
3.02673221e-01 -8.02456028e-02 0
5.26084309e-01 2.68082987e-02 0
4.91468462e-01 -1.54571816e-02 0
6.29520973e-01 1.19561738e-02 0
1.15935412e+00 -1.72755800e-01 0
5.81802790e-01 -3.51962086e-01 0
4.18970194e-01 7.17484560e-02 0
1.72626981e-02 -1.11230690e-02 0
2.80570516e-01 1.63204492e-01 0
4.32230630e-01 4.10735944e-02 0
2.02508750e-01 -2.44534303e-02 0
5.42102841e-01 -1.38837662e-01 0
5.02768621e-01 5.23261823e-03 0
6.82884809e-01 2.24741413e-01 0
6.80999512e-01 1.14374837e-01 0
1.11472042e+00 9.00289294e-02 0
6.02640396e-01 6.72776383e-02 0
5.07480766e-01 -2.23800305e-02 0
4.87317817e-01 -4.25444510e-03 0
4.16465802e-01 1.84343066e-01 0
4.17635648e-01 1.46965383e-01 0
4.81937407e-01 7.71837435e-02 0
-5.91761170e-02 1.52497975e-02 0
4.90835553e-01 -1.38360034e-02 0
4.83543069e-01 -1.26633821e-02 0
8.07654836e-01 -1.18618066e-01 0
6.31912390e-01 9.17182555e-02 0
5.05944405e-01 -5.48063458e-03 0
6.71813322e-01 -6.51439275e-02 0
4.81124522e-01 -7.27068016e-02 0
6.76157431e-01 -4.34078814e-02 0
4.99745610e-01 6.84146381e-03 0
4.89679933e-01 -3.82758090e-02 0
5.09694757e-01 -3.60532375e-02 0
3.94050229e-01 -3.51511637e-01 0
9.56989227e-01 -9.48406189e-02 0
1.25158963e+00 2.63840187e-01 0
6.92155503e-01 -1.02439667e-01 0
5.94439202e-02 -8.55150582e-03 0
8.00798165e-02 -2.07039662e-01 0
4.21559033e-01 3.58090209e-02 0
4.51301774e-01 2.52812360e-03 0
1.04931841e-01 -8.03005348e-02 0
4.95058724e-01 9.02528091e-02 0
-1.46963552e-01 5.59587254e-02 0
5.17092474e-01 -3.49399639e-02 0
6.59637408e-01 5.80420206e-02 0
3.99573571e-01 4.36284065e-02 0
1.27328502e+00 2.49370533e-01 0
4.43421721e-02 -2.30715790e-02 0
5.29029319e-01 3.07200962e-02 0
-3.75577365e-02 4.25131728e-02 0
5.37979380e-01 2.68958261e-02 0
1.13549137e-01 4.78643134e-02 0
4.05166948e-01 4.51028938e-02 0
5.39656938e-01 1.55814872e-01 0
6.98666964e-01 -8.15851696e-04 0
4.62379403e-01 3.56273407e-01 0
5.09420206e-01 8.03682352e-02 0
4.58897288e-01 1.19799330e-01 0
3.93692863e-01 -5.60760232e-02 0
6.90847995e-01 2.98807265e-02 0
6.20248414e-01 -6.23514500e-02 0
5.03787364e-01 4.54003241e-03 0
3.98373157e-01 2.01496946e-01 0
4.51766063e-01 7.38052838e-03 0
7.04738326e-01 1.22537742e-01 0
1.07835327e+00 -6.19272325e-02 0
6.29450437e-01 -6.70166795e-02 0
3.40324577e-01 7.50105604e-02 0
4.82820531e-01 7.31336870e-02 0
4.44334159e-01 -4.60404846e-02 0
-5.76234943e-02 1.75973772e-02 0
8.38611775e-01 6.04608443e-02 0
4.28051155e-01 -1.69620315e-01 0
4.49189222e-01 3.29138572e-03 0
9.76127479e-01 1.55881320e-01 0
1.07099901e-01 -3.52084943e-02 0
2.12244767e-01 4.65272254e-02 0
6.30123857e-01 2.10429459e-02 0
4.51853317e-01 3.13612608e-02 0
6.19969794e-01 -7.22798758e-02 0
4.86145776e-01 -1.29234397e-02 0
1.07794953e+00 1.53506667e-01 0
7.65298253e-01 1.18478047e-01 0
3.87112468e-01 -8.62392071e-02 0
7.53300075e-01 1.28053799e-01 0
3.29563504e-01 -8.45461480e-02 0
1.61856231e-01 -8.76428821e-02 0
3.74193139e-01 9.78401558e-03 0
1.01491875e+00 -4.63732432e-02 0
3.60951560e-01 4.00850848e-01 0
1.22890134e+00 2.81901764e-01 0
4.68020870e-01 3.92542574e-02 0
4.37185176e-01 -2.63858634e-03 0
5.86871135e-01 3.11625876e-02 0
5.43353368e-01 1.25095817e-01 0
7.90286250e-01 1.22112551e-01 0
4.84386978e-01 -1.28812399e-02 0
7.53607558e-01 -8.27082734e-02 0
1.13249970e+00 -3.28524052e-02 0
7.68523558e-01 -2.42711499e-01 0
4.28908270e-01 1.66108501e-01 0
4.25928459e-01 2.48666238e-02 0
5.09867438e-01 1.36937075e-02 0
6.92517625e-01 -5.65736826e-02 0
5.00066037e-01 9.34022115e-04 0
-9.44408951e-02 3.16079179e-02 0
6.67145503e-01 6.28519248e-02 0
3.48355142e-01 1.98491164e-01 0
6.74360123e-01 3.96402492e-02 0
6.68966112e-02 2.26530837e-02 0
9.78262436e-01 1.91431123e-01 0
6.45031212e-01 -6.09250617e-02 0
3.96984172e-01 7.28402672e-02 0
4.02703321e-01 -5.61971438e-03 0
2.08972380e-02 3.10433697e-02 0
4.55763236e-01 2.85954869e-03 0
5.14625196e-01 6.77879112e-02 0
4.11100107e-01 5.44889416e-03 0
4.39863169e-01 -7.90803933e-02 0
5.90092125e-01 -4.03033832e-03 0
1.61481418e-01 8.35374760e-02 0
-3.88444799e-02 7.88801004e-02 0
6.24034708e-01 -6.53838671e-02 0
7.86173631e-01 1.16803776e-01 0
5.36723124e-01 -1.00400773e-01 0
6.65444772e-01 -2.91420811e-02 0
5.88115018e-01 1.17792666e-01 0
4.16805135e-01 1.29580340e-02 0
6.17158732e-01 4.13989518e-02 0
2.72813404e-01 1.16643920e-01 0
1.60963554e-01 -8.88742741e-02 0
7.07883142e-01 -1.76294933e-02 0
-3.14150905e-02 -2.55291283e-02 0
3.58276389e-01 -3.01572358e-02 0
-7.80226962e-02 9.44169336e-02 0
7.98754432e-01 -3.54763388e-01 0
2.76945816e-01 -1.00375026e-02 0
4.91543613e-01 -2.48539740e-03 0
6.68284486e-02 1.61534103e-02 0
5.85392355e-01 1.42969736e-01 0
6.43041426e-01 -1.55816950e-01 0
6.37171826e-01 9.61266965e-02 0
4.99406787e-01 5.98587309e-03 0
5.33163713e-01 1.73236699e-01 0
6.93045549e-02 -1.04199100e-02 0
4.23895199e-01 -5.27421508e-03 0
5.87876235e-01 -5.66515736e-02 0
5.94339337e-01 1.16046178e-01 0
4.57953004e-01 1.89142558e-01 0
6.68511588e-01 -6.24117682e-02 0
5.72755674e-01 3.81370710e-02 0
4.57174088e-01 7.82511416e-03 0
5.09832732e-01 -1.77022181e-02 0
-3.01669365e-02 1.01902979e-01 0
-7.10425748e-02 1.33057485e-02 0
2.22204704e-01 -3.60320929e-02 0
-2.68279272e-02 1.02939285e-01 0
6.79822515e-01 -5.84361725e-02 0
6.27115797e-01 4.80983660e-02 0
1.72922309e-01 4.72789479e-02 0
4.52371553e-01 6.64431533e-02 0
4.31882822e-01 -3.98695686e-02 0
-1.48447142e-01 3.12051065e-02 0
8.16322368e-01 -1.28450393e-01 0
2.20780455e-02 -2.03853760e-02 0
4.65436795e-01 1.35410514e-02 0
5.80441161e-01 8.34616111e-02 0
6.47527265e-01 -6.73244174e-02 0
1.07750822e+00 -8.29892204e-03 0
4.94357036e-01 1.17330602e-02 0
4.89899363e-01 -5.13975557e-02 0
4.57068363e-01 2.30151466e-03 0
4.99914994e-01 1.36021870e-03 0
1.28807035e+00 2.16770351e-01 0
7.86123456e-01 -1.66126541e-02 0
7.14980424e-01 4.01826862e-01 0
7.96476403e-01 -8.16215316e-02 0
4.87240946e-01 -7.14268106e-03 0
5.14417399e-01 6.53822900e-02 0
4.78998326e-01 6.12823936e-02 0
1.03984178e+00 7.72003561e-02 0
7.80436069e-01 -3.70000152e-01 0
-1.59831926e-01 2.72386974e-03 0
7.99547839e-01 -3.64200101e-01 0
5.75752460e-01 -7.77645679e-02 0
6.17176027e-01 -5.06834382e-02 0
9.87677423e-01 -8.15092817e-02 0
5.74390091e-01 -2.53214668e-01 0
4.51368276e-01 2.95509810e-04 0
3.22301981e-01 -8.65874244e-02 0
6.73063635e-01 1.83060080e-01 0
4.86867692e-01 6.85345833e-02 0
7.22611381e-02 5.16657619e-04 0
6.99158337e-01 -5.24536482e-02 0
6.35095105e-01 4.78393068e-02 0
4.32347718e-01 -3.58104301e-02 0
4.69366992e-01 9.03140737e-03 0
7.09450055e-01 1.08139938e-01 0
1.26126427e+00 2.56995287e-01 0
7.11167417e-01 1.07082144e-01 0
3.96914308e-01 5.92183225e-02 0
4.90775349e-01 2.31743676e-01 0
5.28542254e-01 1.59555512e-02 0
6.99547779e-01 -7.72133648e-03 0
7.01910702e-01 -8.41095782e-04 0
3.20581662e-02 3.10027306e-02 0
4.44517643e-01 -4.67186004e-02 0
3.91263214e-01 6.68210461e-02 0
1.95885476e-01 -3.56080540e-02 0
7.12284209e-01 -1.07524721e-02 0
-9.31703449e-02 8.40214237e-02 0
9.53651351e-01 -6.61379030e-02 0
3.56457602e-01 7.07707664e-02 0
4.28481238e-01 -6.39087389e-03 0
4.53125344e-01 7.47894383e-03 0
1.05725853e+00 1.46350246e-01 0
6.82562139e-01 4.04766391e-01 0
4.14121122e-01 3.56368728e-03 0
6.77013557e-01 1.80053960e-01 0
9.53990858e-01 1.45411794e-01 0
5.89669270e-01 2.64531971e-01 0
9.24021028e-01 2.58983542e-01 0
1.28044089e+00 2.35001383e-01 0
5.89182554e-01 2.83672173e-02 0
6.88068775e-01 1.93406707e-02 0
4.41429063e-01 3.12308107e-02 0
3.86032167e-01 -7.01661461e-02 0
6.37222845e-01 1.55894986e-02 0
-9.58633375e-02 2.93936085e-02 0
4.84526879e-01 -4.12490675e-02 0
8.43969385e-01 -3.26695921e-02 0
1.87603158e-01 -2.34020674e-02 0
2.08674204e-01 -4.93829713e-02 0
1.06543648e-01 -8.13775876e-02 0
4.34115162e-01 -5.00798758e-03 0
5.76288264e-01 5.49858003e-02 0
6.80429620e-01 4.18402822e-02 0
3.12145372e-01 -6.69735861e-02 0
9.76764277e-01 -8.12119243e-02 0
8.30582318e-01 -1.79286383e-01 0
1.22582387e+00 -1.44320535e-01 0
7.12565762e-01 -7.16532409e-02 0
4.19323205e-01 6.31136691e-02 0
4.44485058e-01 5.25528014e-02 0
7.03981231e-01 -7.22128658e-02 0
4.90104481e-01 7.98902976e-02 0
6.99870073e-01 -2.13427244e-01 0
2.92940749e-01 -1.88402712e-02 0
6.99918270e-01 2.13955972e-01 0
2.81267526e-01 -1.18403848e-01 0
4.27524712e-01 -7.52088661e-03 0
6.17747573e-01 1.19744500e-01 0
4.50640929e-01 -2.22561754e-03 0
4.81470608e-01 2.16370129e-01 0
4.38670047e-01 -3.42371377e-03 0
3.91314542e-01 5.73685800e-02 0
-2.88230391e-02 8.97023159e-02 0
1.88214272e-01 -1.23323543e-01 0
5.05275081e-01 -3.00582788e-02 0
5.07698012e-01 -3.44695320e-02 0
3.21018214e-01 1.37580670e-01 0
7.62484880e-01 1.01748094e-01 0
6.54690462e-01 1.01584579e-01 0
2.92452855e-01 5.25639946e-04 0
7.78315880e-01 -3.60682090e-01 0
1.60913157e-01 3.42825861e-02 0
5.89780593e-01 -4.26133179e-02 0
4.16981121e-01 1.65349405e-02 0
6.83257780e-01 2.30216646e-02 0
6.78394699e-01 4.80403501e-02 0
6.15392761e-01 7.48752752e-02 0
6.24723331e-01 -6.60186940e-02 0
1.13761325e-01 1.16982636e-01 0
3.56300005e-01 9.57672005e-02 0
4.42030964e-01 4.83728936e-02 0
5.23512248e-02 7.17145022e-02 0
4.57395188e-01 -1.94466464e-01 0
4.49066463e-01 -1.02363597e-01 0
2.96018396e-01 -1.67380540e-03 0
6.46428283e-01 1.57555931e-01 0
4.23209044e-01 8.56748128e-02 0
6.67627535e-01 4.44279958e-02 0
4.50517090e-01 -2.06614205e-03 0
1.41218326e-02 3.04231063e-02 0
6.55858865e-01 1.58816652e-01 0
8.48839066e-01 -2.23449668e-02 0
7.44520115e-01 -2.62679451e-01 0
5.07407076e-01 2.29712454e-01 0
5.70530518e-01 -7.63140244e-02 0
5.98044056e-01 -7.87541367e-02 0
5.62010822e-01 7.95615193e-02 0
4.73207282e-01 8.25306110e-02 0
6.77751447e-01 -1.25625828e-02 0
4.49732485e-01 7.74352239e-03 0
4.84999673e-01 -1.59957103e-02 0
3.71694065e-01 -1.08351318e-02 0
2.03223316e-01 -1.20267646e-02 0
1.37702980e-01 4.04298597e-02 0
1.66921881e-01 6.81713838e-02 0
8.22203960e-01 -4.17428327e-02 0
5.01987054e-01 6.06335058e-03 0
-8.93554987e-02 3.09084330e-02 0
6.44690173e-01 1.88388516e-01 0
5.69803195e-01 7.71781623e-02 0
4.48575415e-01 7.30535589e-03 0
1.97291229e-01 -8.43915213e-02 0
-2.48263150e-02 9.07154050e-02 0
2.09512413e-02 3.13325351e-02 0
4.60881359e-01 1.69596929e-02 0
4.73447599e-01 2.05258280e-02 0
6.45355072e-01 -6.51251790e-02 0
3.09010789e-02 -9.85781877e-03 0
4.41353709e-01 1.10435096e-01 0
4.26152898e-01 6.43142781e-02 0
5.06114796e-01 7.11098904e-02 0
6.53159254e-01 3.66183328e-01 0
4.78966584e-01 -2.21417255e-02 0
9.34672615e-01 2.07321908e-01 0
3.85088687e-01 -4.79646843e-02 0
7.87201129e-01 1.80025854e-01 0
6.98725383e-01 -6.86462371e-02 0
2.97656193e-01 -3.54955135e-02 0
6.89252430e-01 -2.40767496e-01 0
2.62925595e-01 -4.91739320e-02 0
4.82320142e-01 6.34767997e-02 0
4.41342806e-01 2.85424462e-02 0
4.73069567e-01 -2.18674532e-02 0
5.82050700e-01 3.28290672e-02 0
6.94250823e-01 1.06597334e-01 0
2.87018652e-01 5.94355114e-02 0
7.05212724e-01 4.78205827e-05 0
6.30970048e-01 4.60287871e-02 0
5.01360482e-01 4.84127008e-03 0
4.80865636e-01 -2.52974322e-02 0
3.21412243e-02 -7.43714958e-03 0
6.98437913e-01 -5.19847378e-03 0
2.11276826e-01 9.12160440e-02 0
6.01484064e-01 -6.87459250e-02 0
1.22899168e-01 1.28957099e-01 0
4.38965674e-01 2.09403962e-02 0
7.13103910e-01 -2.07256105e-02 0
5.63057019e-01 2.36317916e-01 0
6.86124384e-01 -2.02242754e-01 0
2.48549245e-01 -1.07800414e-01 0
1.20941484e+00 2.36292581e-01 0
3.78855323e-02 -1.52627672e-02 0
7.28940275e-01 1.16458280e-01 0
1.27272932e+00 2.42281761e-01 0
7.65400435e-01 -1.37668335e-01 0
9.81736624e-01 -9.09606175e-02 0
5.25431062e-01 -2.13662809e-02 0
6.99940672e-01 8.14260079e-02 0
7.91201292e-01 -1.44323695e-01 0
4.72341856e-01 1.59994043e-02 0
5.16579888e-01 1.90918432e-01 0
6.35595414e-01 3.70124690e-01 0
6.49631220e-01 9.80594370e-02 0
6.60468233e-01 1.84734668e-01 0
5.31296086e-01 1.23793050e-01 0
4.40778098e-01 -5.96280975e-02 0
4.75557315e-01 -1.78417596e-02 0
6.23657852e-01 1.17178841e-01 0
7.10252704e-01 7.73204654e-02 0
7.40835446e-01 1.27814195e-01 0
5.78226083e-01 3.53839336e-02 0
2.11027424e-01 -4.34333305e-02 0
4.48313216e-01 5.17038894e-02 0
6.39498876e-01 -1.63139189e-01 0
5.10739042e-01 1.29311074e-02 0
5.78751996e-01 1.73057139e-01 0
4.87399768e-01 -2.26953956e-02 0
4.71325969e-01 -1.93080139e-02 0
6.24186958e-01 -1.66525207e-01 0
5.88976498e-01 1.73223883e-01 0
7.50436798e-01 9.43554249e-02 0
5.77985285e-01 5.74875944e-02 0
4.41693835e-01 4.72913008e-02 0
5.37606791e-01 1.19937877e-01 0
4.83678682e-01 8.11765796e-02 0
4.84908607e-01 -1.43802451e-02 0
4.94538991e-01 1.26474583e-02 0
4.94337027e-01 1.24179970e-02 0
4.74740049e-01 -2.35519346e-02 0
8.35969349e-01 -1.68199905e-01 0
8.27100654e-01 -1.74131186e-02 0
2.34951374e-02 2.44859682e-02 0
5.02190984e-01 8.43808585e-02 0
2.82449471e-01 -5.99014191e-02 0
3.74320318e-01 -8.94058911e-03 0
9.58471736e-01 -1.09560721e-01 0
4.77036316e-01 -1.95173925e-02 0
5.85075065e-01 2.54492149e-02 0
5.26546446e-01 1.91022648e-01 0
6.99839407e-01 -6.51071458e-02 0
2.36831379e-01 1.47029019e-01 0
2.89009093e-01 5.74621804e-02 0
4.86136712e-01 -1.46297424e-02 0
2.78927599e-02 -1.43861614e-02 0
3.16189497e-01 -6.33370580e-02 0
4.98705517e-01 8.64070797e-02 0
6.83276277e-01 -1.24110848e-02 0
5.77710155e-01 2.93562967e-02 0
4.69100725e-01 7.95518979e-03 0
4.39586513e-01 1.15258035e-01 0
5.51633365e-01 2.26038001e-01 0
2.17009974e-01 9.71523087e-02 0
4.71002185e-01 3.48441568e-02 0
4.75810806e-01 1.58342333e-02 0
6.11421040e-01 6.83793256e-02 0
2.26352641e-02 2.11161514e-02 0
