x,y,rho,u,v,p,w,temperature,rho_exact,u_exact,v_exact,p_exact,is_solid
0.0625,0.0625,1,1,1,1,nan,nan,1,1.00003,1,1,0
0.0625,0.1875,1,1,1,1,nan,nan,1,1.00003,1,1,0
0.0625,0.3125,1,1,1,1,nan,nan,1,1.00003,1,1,0
0.0625,0.4375,1,1,1,1,nan,nan,1,1.00003,1,1,0
0.0625,0.5625,1,1,1,1,nan,nan,1,1.00003,1,1,0
0.0625,0.6875,1,1,1,1,nan,nan,1,1.00003,1,1,0
0.0625,0.8125,1,1,1,1,nan,nan,1,1.00003,1,1,0
0.0625,0.9375,1,1,1,1,nan,nan,1,1.00003,1,1,0
0.0625,1.0625,1,1,1,1,nan,nan,1,1.00003,1,1,0
0.0625,1.1875,1,1,1,1,nan,nan,1,1.00003,1,1,0
0.0625,1.3125,1,1,1,1,nan,nan,1,1.00003,1,1,0
0.0625,1.4375,1,1,1,1,nan,nan,1,1.00003,1,1,0
0.0625,1.5625,1,1,1,1,nan,nan,1,1.00003,1,1,0
0.0625,1.6875,1,1,1,1,nan,nan,1,1.00003,1,1,0
0.0625,1.8125,1,1,1,1,nan,nan,1,1.00003,1,1,0
0.0625,1.9375,1,1,1,1,nan,nan,1,1.00003,1,1,0
0.0625,2.0625,1,1,1,1,nan,nan,1,1.00003,1,1,0
0.0625,2.1875,1,1,0.999999,1,nan,nan,1,1.00003,1,1,0
0.0625,2.3125,1,1,0.999999,1,nan,nan,1,1.00003,1,1,0
0.0625,2.4375,1,1,0.999999,1,nan,nan,1,1.00003,1,1,0
0.0625,2.5625,1,1,0.999998,1,nan,nan,1,1.00003,1,1,0
0.0625,2.6875,1,1,0.999998,1,nan,nan,1,1.00003,1,1,0
0.0625,2.8125,1,1,0.999997,1,nan,nan,1,1.00003,1,1,0
0.0625,2.9375,1,1,0.999996,1,nan,nan,1,1.00003,1,1,0
0.0625,3.0625,1,1,0.999995,1,nan,nan,1,1.00003,1,1,0
0.0625,3.1875,1,1,0.999994,1,nan,nan,1,1.00003,1,1,0
0.0625,3.3125,1,1,0.999992,1,nan,nan,1,1.00003,1,1,0
0.0625,3.4375,1,1,0.99999,1,nan,nan,1,1.00003,1,1,0
0.0625,3.5625,1,1,0.999988,1,nan,nan,1,1.00003,1,1,0
0.0625,3.6875,1,1,0.999986,1,nan,nan,1,1.00003,1,1,0
0.0625,3.8125,1,1,0.999984,1,nan,nan,1,1.00003,1,1,0
0.0625,3.9375,1,1,0.999981,1,nan,nan,1,1.00003,1,1,0
0.0625,4.0625,1,1,0.999979,1,nan,nan,1,1.00003,1,1,0
0.0625,4.1875,1,1,0.999976,1,nan,nan,1,1.00003,1,1,0
0.0625,4.3125,1,1,0.999974,1,nan,nan,1,1.00003,1,1,0
0.0625,4.4375,1,1,0.999972,1,nan,nan,1,1.00003,1,1,0
0.0625,4.5625,1,1,0.99997,1,nan,nan,1,1.00003,1,1,0
0.0625,4.6875,1,1,0.999969,1,nan,nan,1,1.00003,1,1,0
0.0625,4.8125,1,1,0.999968,1,nan,nan,1,1.00003,1,1,0
0.0625,4.9375,1,1,0.999967,1,nan,nan,1,1.00003,1,1,0
0.0625,5.0625,1,1,0.999967,1,nan,nan,1,1.00003,1,1,0
0.0625,5.1875,1,0.999999,0.999968,1,nan,nan,1,1.00003,1,1,0
0.0625,5.3125,1,0.999998,0.999969,1,nan,nan,1,1.00003,1,1,0
0.0625,5.4375,1,0.999997,0.99997,1,nan,nan,1,1.00003,1,1,0
0.0625,5.5625,1,0.999997,0.999972,1,nan,nan,1,1.00003,1,1,0
0.0625,5.6875,1,0.999996,0.999974,1,nan,nan,1,1.00003,1,1,0
0.0625,5.8125,1,0.999996,0.999976,1,nan,nan,1,1.00003,1,1,0
0.0625,5.9375,1,0.999996,0.999979,1,nan,nan,1,1.00003,1,1,0
0.0625,6.0625,1,0.999996,0.999981,1,nan,nan,1,1.00003,1,1,0
0.0625,6.1875,1,0.999996,0.999984,1,nan,nan,1,1.00003,1,1,0
0.0625,6.3125,1,0.999996,0.999986,1,nan,nan,1,1.00003,1,1,0
0.0625,6.4375,1,0.999997,0.999988,1,nan,nan,1,1.00003,1,1,0
0.0625,6.5625,1,0.999997,0.99999,1,nan,nan,1,1.00003,1,1,0
0.0625,6.6875,1,0.999997,0.999992,1,nan,nan,1,1.00003,1,1,0
0.0625,6.8125,1,0.999998,0.999994,1,nan,nan,1,1.00003,1,1,0
0.0625,6.9375,1,0.999998,0.999995,1,nan,nan,1,1.00003,1,1,0
0.0625,7.0625,1,0.999998,0.999996,1,nan,nan,1,1.00003,1,1,0
0.0625,7.1875,1,0.999999,0.999997,1,nan,nan,1,1.00003,1,1,0
0.0625,7.3125,1,0.999999,0.999998,1,nan,nan,1,1.00003,1,1,0
0.0625,7.4375,1,0.999999,0.999998,1,nan,nan,1,1.00003,1,1,0
0.0625,7.5625,1,0.999999,0.999999,1,nan,nan,1,1.00003,1,1,0
0.0625,7.6875,1,1,0.999999,1,nan,nan,1,1.00003,1,1,0
0.0625,7.8125,1,1,0.999999,1,nan,nan,1,1.00003,1,1,0
0.0625,7.9375,1,1,1,1,nan,nan,1,1.00003,1,1,0
0.0625,8.0625,1,1,1,1,nan,nan,1,1.00003,1,1,0
0.0625,8.1875,1,1,1,1,nan,nan,1,1.00003,1,1,0
0.0625,8.3125,1,1,1,1,nan,nan,1,1.00003,1,1,0
0.0625,8.4375,1,1,1,1,nan,nan,1,1.00003,1,1,0
0.0625,8.5625,1,1,1,1,nan,nan,1,1.00003,1,1,0
0.0625,8.6875,1,1,1,1,nan,nan,1,1.00003,1,1,0
0.0625,8.8125,1,1,1,1,nan,nan,1,1.00003,1,1,0
0.0625,8.9375,1,1,1,1,nan,nan,1,1.00003,1,1,0
0.0625,9.0625,1,1,1,1,nan,nan,1,1.00003,1,1,0
0.0625,9.1875,1,1,1,1,nan,nan,1,1.00003,1,1,0
0.0625,9.3125,1,1,1,1,nan,nan,1,1.00003,1,1,0
0.0625,9.4375,1,1,1,1,nan,nan,1,1.00003,1,1,0
0.0625,9.5625,1,1,1,1,nan,nan,1,1.00003,1,1,0
0.0625,9.6875,1,1,1,1,nan,nan,1,1.00003,1,1,0
0.0625,9.8125,1,1,1,1,nan,nan,1,1.00003,1,1,0
0.0625,9.9375,1,1,1,1,nan,nan,1,1.00003,1,1,0
0.1875,0.0625,1,1,1,1,nan,nan,1,1.00003,1,1,0
0.1875,0.1875,1,1,1,1,nan,nan,1,1.00003,1,1,0
0.1875,0.3125,1,1,1,1,nan,nan,1,1.00003,1,1,0
0.1875,0.4375,1,1,1,1,nan,nan,1,1.00003,1,1,0
0.1875,0.5625,1,1,1,1,nan,nan,1,1.00003,1,1,0
0.1875,0.6875,1,1,1,1,nan,nan,1,1.00003,1,1,0
0.1875,0.8125,1,1,1,1,nan,nan,1,1.00003,1,1,0
0.1875,0.9375,1,1,1,1,nan,nan,1,1.00003,1,1,0
0.1875,1.0625,1,1,1,1,nan,nan,1,1.00003,1,1,0
0.1875,1.1875,1,1,1,1,nan,nan,1,1.00003,1,1,0
0.1875,1.3125,1,1,1,1,nan,nan,1,1.00003,1,1,0
0.1875,1.4375,1,1,1,1,nan,nan,1,1.00003,1,1,0
0.1875,1.5625,1,1,1,1,nan,nan,1,1.00003,1,1,0
0.1875,1.6875,1,1,1,1,nan,nan,1,1.00003,1,1,0
0.1875,1.8125,1,1,1,1,nan,nan,1,1.00003,1,1,0
0.1875,1.9375,1,1,0.999999,1,nan,nan,1,1.00003,1,1,0
0.1875,2.0625,1,1,0.999999,1,nan,nan,1,1.00003,1,1,0
0.1875,2.1875,1,1,0.999999,1,nan,nan,1,1.00003,1,1,0
0.1875,2.3125,1,1,0.999998,1,nan,nan,1,1.00003,1,1,0
0.1875,2.4375,1,1,0.999998,1,nan,nan,1,1.00003,1,1,0
0.1875,2.5625,1,1,0.999997,1,nan,nan,1,1.00003,1,1,0
0.1875,2.6875,1,1,0.999996,1,nan,nan,1,1.00003,1,1,0
0.1875,2.8125,1,1,0.999995,1,nan,nan,1,1.00003,1,1,0
0.1875,2.9375,1,1,0.999993,1,nan,nan,1,1.00003,1,1,0
0.1875,3.0625,1,1,0.999991,1,nan,nan,1,1.00003,1,1,0
0.1875,3.1875,1,1,0.999989,1,nan,nan,1,1.00003,1,1,0
0.1875,3.3125,1,1,0.999986,1,nan,nan,1,1.00003,1,1,0
0.1875,3.4375,1,1.00001,0.999983,1,nan,nan,1,1.00003,1,1,0
0.1875,3.5625,1,1.00001,0.999979,1,nan,nan,1,1.00003,1,1,0
0.1875,3.6875,1,1.00001,0.999975,1,nan,nan,1,1.00003,1,1,0
0.1875,3.8125,1,1.00001,0.999971,1,nan,nan,1,1.00003,1,1,0
0.1875,3.9375,1,1.00001,0.999966,1,nan,nan,1,1.00003,1,1,0
0.1875,4.0625,1,1.00001,0.999962,1,nan,nan,1,1.00003,1,1,0
0.1875,4.1875,1,1.00001,0.999958,1,nan,nan,1,1.00003,1,1,0
0.1875,4.3125,1,1.00001,0.999953,1,nan,nan,1,1.00003,1,1,0
0.1875,4.4375,1,1.00001,0.99995,1,nan,nan,1,1.00003,1,1,0
0.1875,4.5625,1,1,0.999946,1,nan,nan,1,1.00003,1,1,0
0.1875,4.6875,1,1,0.999944,1,nan,nan,1,1.00003,1,1,0
0.1875,4.8125,1,1,0.999942,1,nan,nan,1,1.00003,1,1,0
0.1875,4.9375,1,1,0.999941,1,nan,nan,1,1.00003,1,1,0
0.1875,5.0625,1,0.999999,0.999941,1,nan,nan,1,1.00003,1,1,0
0.1875,5.1875,1,0.999998,0.999942,1,nan,nan,1,1.00003,1,1,0
0.1875,5.3125,1,0.999996,0.999944,1,nan,nan,1,1.00003,1,1,0
0.1875,5.4375,1,0.999995,0.999946,1,nan,nan,1,1.00003,1,1,0
0.1875,5.5625,1,0.999994,0.99995,1,nan,nan,1,1.00003,1,1,0
0.1875,5.6875,1,0.999993,0.999953,1,nan,nan,1,1.00003,1,1,0
0.1875,5.8125,1,0.999993,0.999958,1,nan,nan,1,1.00003,1,1,0
0.1875,5.9375,1,0.999993,0.999962,1,nan,nan,1,1.00003,1,1,0
0.1875,6.0625,1,0.999993,0.999966,1,nan,nan,1,1.00003,1,1,0
0.1875,6.1875,1,0.999993,0.999971,1,nan,nan,1,1.00003,1,1,0
0.1875,6.3125,1,0.999993,0.999975,1,nan,nan,1,1.00003,1,1,0
0.1875,6.4375,1,0.999994,0.999979,1,nan,nan,1,1.00003,1,1,0
0.1875,6.5625,1,0.999994,0.999983,1,nan,nan,1,1.00003,1,1,0
0.1875,6.6875,1,0.999995,0.999986,1,nan,nan,1,1.00003,1,1,0
0.1875,6.8125,1,0.999996,0.999989,1,nan,nan,1,1.00003,1,1,0
0.1875,6.9375,1,0.999996,0.999991,1,nan,nan,1,1.00003,1,1,0
0.1875,7.0625,1,0.999997,0.999993,1,nan,nan,1,1.00003,1,1,0
0.1875,7.1875,1,0.999998,0.999995,1,nan,nan,1,1.00003,1,1,0
0.1875,7.3125,1,0.999998,0.999996,1,nan,nan,1,1.00003,1,1,0
0.1875,7.4375,1,0.999998,0.999997,1,nan,nan,1,1.00003,1,1,0
0.1875,7.5625,1,0.999999,0.999998,1,nan,nan,1,1.00003,1,1,0
0.1875,7.6875,1,0.999999,0.999998,1,nan,nan,1,1.00003,1,1,0
0.1875,7.8125,1,0.999999,0.999999,1,nan,nan,1,1.00003,1,1,0
0.1875,7.9375,1,1,0.999999,1,nan,nan,1,1.00003,1,1,0
0.1875,8.0625,1,1,0.999999,1,nan,nan,1,1.00003,1,1,0
0.1875,8.1875,1,1,1,1,nan,nan,1,1.00003,1,1,0
0.1875,8.3125,1,1,1,1,nan,nan,1,1.00003,1,1,0
0.1875,8.4375,1,1,1,1,nan,nan,1,1.00003,1,1,0
0.1875,8.5625,1,1,1,1,nan,nan,1,1.00003,1,1,0
0.1875,8.6875,1,1,1,1,nan,nan,1,1.00003,1,1,0
0.1875,8.8125,1,1,1,1,nan,nan,1,1.00003,1,1,0
0.1875,8.9375,1,1,1,1,nan,nan,1,1.00003,1,1,0
0.1875,9.0625,1,1,1,1,nan,nan,1,1.00003,1,1,0
0.1875,9.1875,1,1,1,1,nan,nan,1,1.00003,1,1,0
0.1875,9.3125,1,1,1,1,nan,nan,1,1.00003,1,1,0
0.1875,9.4375,1,1,1,1,nan,nan,1,1.00003,1,1,0
0.1875,9.5625,1,1,1,1,nan,nan,1,1.00003,1,1,0
0.1875,9.6875,1,1,1,1,nan,nan,1,1.00003,1,1,0
0.1875,9.8125,1,1,1,1,nan,nan,1,1.00003,1,1,0
0.1875,9.9375,1,1,1,1,nan,nan,1,1.00003,1,1,0
0.3125,0.0625,1,1,1,1,nan,nan,1,1.00003,1,1,0
0.3125,0.1875,1,1,1,1,nan,nan,1,1.00003,1,1,0
0.3125,0.3125,1,1,1,1,nan,nan,1,1.00003,1,1,0
0.3125,0.4375,1,1,1,1,nan,nan,1,1.00003,1,1,0
0.3125,0.5625,1,1,1,1,nan,nan,1,1.00003,1,1,0
0.3125,0.6875,1,1,1,1,nan,nan,1,1.00003,1,1,0
0.3125,0.8125,1,1,1,1,nan,nan,1,1.00003,1,1,0
0.3125,0.9375,1,1,1,1,nan,nan,1,1.00003,1,1,0
0.3125,1.0625,1,1,1,1,nan,nan,1,1.00003,1,1,0
0.3125,1.1875,1,1,1,1,nan,nan,1,1.00003,1,1,0
0.3125,1.3125,1,1,1,1,nan,nan,1,1.00003,1,1,0
0.3125,1.4375,1,1,1,1,nan,nan,1,1.00003,1,1,0
0.3125,1.5625,1,1,1,1,nan,nan,1,1.00003,1,1,0
0.3125,1.6875,1,1,1,1,nan,nan,1,1.00003,1,1,0
0.3125,1.8125,1,1,0.999999,1,nan,nan,1,1.00003,1,1,0
0.3125,1.9375,1,1,0.999999,1,nan,nan,1,1.00003,1,1,0
0.3125,2.0625,1,1,0.999999,1,nan,nan,1,1.00003,1,1,0
0.3125,2.1875,1,1,0.999998,1,nan,nan,1,1.00003,1,1,0
0.3125,2.3125,1,1,0.999997,1,nan,nan,1,1.00003,1,1,0
0.3125,2.4375,1,1,0.999996,1,nan,nan,1,1.00003,1,1,0
0.3125,2.5625,1,1,0.999995,1,nan,nan,1,1.00003,1,1,0
0.3125,2.6875,1,1,0.999993,1,nan,nan,1,1.00003,1,1,0
0.3125,2.8125,1,1,0.99999,1,nan,nan,1,1.00003,1,1,0
0.3125,2.9375,1,1.00001,0.999988,1,nan,nan,1,1.00003,1,1,0
0.3125,3.0625,1,1.00001,0.999984,1,nan,nan,1,1.00003,1,1,0
0.3125,3.1875,1,1.00001,0.99998,1,nan,nan,1,1.00003,1,1,0
0.3125,3.3125,1,1.00001,0.999975,1,nan,nan,1,1.00003,1,1,0
0.3125,3.4375,1,1.00001,0.999969,1,nan,nan,1,1.00003,1,1,0
0.3125,3.5625,1,1.00001,0.999963,1,nan,nan,1,1.00003,1,1,0
0.3125,3.6875,1,1.00001,0.999956,1,nan,nan,1,1.00003,1,1,0
0.3125,3.8125,1,1.00001,0.999949,1,nan,nan,1,1.00003,1,1,0
0.3125,3.9375,1,1.00001,0.999941,1,nan,nan,1,1.00003,1,1,0
0.3125,4.0625,1,1.00001,0.999933,1,nan,nan,1,1.00003,1,1,0
0.3125,4.1875,1,1.00001,0.999925,1,nan,nan,1,1.00003,1,1,0
0.3125,4.3125,1,1.00001,0.999918,1,nan,nan,1,1.00003,1,1,0
0.3125,4.4375,1,1.00001,0.999911,1,nan,nan,1,1.00003,1,1,0
0.3125,4.5625,1,1.00001,0.999905,1,nan,nan,1,1.00003,1,1,0
0.3125,4.6875,1,1.00001,0.999901,1,nan,nan,1,1.00003,1,1,0
0.3125,4.8125,1,1,0.999898,1,nan,nan,1,1.00003,1,1,0
0.3125,4.9375,1,1,0.999896,1,nan,nan,1,1.00003,1,1,0
0.3125,5.0625,1,0.999999,0.999896,1,nan,nan,1,1.00003,1,1,0
0.3125,5.1875,1,0.999996,0.999898,1,nan,nan,1,1.00003,1,1,0
0.3125,5.3125,1,0.999993,0.999901,1,nan,nan,1,1.00003,1,1,0
0.3125,5.4375,1,0.999991,0.999905,1,nan,nan,1,1.00003,1,1,0
0.3125,5.5625,1,0.999989,0.999911,1,nan,nan,1,1.00003,1,1,0
0.3125,5.6875,1,0.999988,0.999918,1,nan,nan,1,1.00003,1,1,0
0.3125,5.8125,1,0.999987,0.999925,1,nan,nan,1,1.00003,1,1,0
0.3125,5.9375,1,0.999987,0.999933,1,nan,nan,1,1.00003,1,1,0
0.3125,6.0625,1,0.999987,0.999941,1,nan,nan,1,1.00003,1,1,0
0.3125,6.1875,1,0.999987,0.999949,1,nan,nan,1,1.00003,1,1,0
0.3125,6.3125,1,0.999988,0.999956,1,nan,nan,1,1.00003,1,1,0
0.3125,6.4375,1,0.999989,0.999963,1,nan,nan,1,1.00003,1,1,0
0.3125,6.5625,1,0.99999,0.999969,1,nan,nan,1,1.00003,1,1,0
0.3125,6.6875,1,0.999991,0.999975,1,nan,nan,1,1.00003,1,1,0
0.3125,6.8125,1,0.999992,0.99998,1,nan,nan,1,1.00003,1,1,0
0.3125,6.9375,1,0.999993,0.999984,1,nan,nan,1,1.00003,1,1,0
0.3125,7.0625,1,0.999995,0.999988,1,nan,nan,1,1.00003,1,1,0
0.3125,7.1875,1,0.999996,0.99999,1,nan,nan,1,1.00003,1,1,0
0.3125,7.3125,1,0.999996,0.999993,1,nan,nan,1,1.00003,1,1,0
0.3125,7.4375,1,0.999997,0.999995,1,nan,nan,1,1.00003,1,1,0
0.3125,7.5625,1,0.999998,0.999996,1,nan,nan,1,1.00003,1,1,0
0.3125,7.6875,1,0.999998,0.999997,1,nan,nan,1,1.00003,1,1,0
0.3125,7.8125,1,0.999999,0.999998,1,nan,nan,1,1.00003,1,1,0
0.3125,7.9375,1,0.999999,0.999999,1,nan,nan,1,1.00003,1,1,0
0.3125,8.0625,1,0.999999,0.999999,1,nan,nan,1,1.00003,1,1,0
0.3125,8.1875,1,1,0.999999,1,nan,nan,1,1.00003,1,1,0
0.3125,8.3125,1,1,1,1,nan,nan,1,1.00003,1,1,0
0.3125,8.4375,1,1,1,1,nan,nan,1,1.00003,1,1,0
0.3125,8.5625,1,1,1,1,nan,nan,1,1.00003,1,1,0
0.3125,8.6875,1,1,1,1,nan,nan,1,1.00003,1,1,0
0.3125,8.8125,1,1,1,1,nan,nan,1,1.00003,1,1,0
0.3125,8.9375,1,1,1,1,nan,nan,1,1.00003,1,1,0
0.3125,9.0625,1,1,1,1,nan,nan,1,1.00003,1,1,0
0.3125,9.1875,1,1,1,1,nan,nan,1,1.00003,1,1,0
0.3125,9.3125,1,1,1,1,nan,nan,1,1.00003,1,1,0
0.3125,9.4375,1,1,1,1,nan,nan,1,1.00003,1,1,0
0.3125,9.5625,1,1,1,1,nan,nan,1,1.00003,1,1,0
0.3125,9.6875,1,1,1,1,nan,nan,1,1.00003,1,1,0
0.3125,9.8125,1,1,1,1,nan,nan,1,1.00003,1,1,0
0.3125,9.9375,1,1,1,1,nan,nan,1,1.00003,1,1,0
0.4375,0.0625,1,1,1,1,nan,nan,1,1.00003,1,1,0
0.4375,0.1875,1,1,1,1,nan,nan,1,1.00003,1,1,0
0.4375,0.3125,1,1,1,1,nan,nan,1,1.00003,1,1,0
0.4375,0.4375,1,1,1,1,nan,nan,1,1.00003,1,1,0
0.4375,0.5625,1,1,1,1,nan,nan,1,1.00003,1,1,0
0.4375,0.6875,1,1,1,1,nan,nan,1,1.00003,1,1,0
0.4375,0.8125,1,1,1,1,nan,nan,1,1.00003,1,1,0
0.4375,0.9375,1,1,1,1,nan,nan,1,1.00003,1,1,0
0.4375,1.0625,1,1,1,1,nan,nan,1,1.00003,1,1,0
0.4375,1.1875,1,1,1,1,nan,nan,1,1.00003,1,1,0
0.4375,1.3125,1,1,1,1,nan,nan,1,1.00003,1,1,0
0.4375,1.4375,1,1,1,1,nan,nan,1,1.00003,1,1,0
0.4375,1.5625,1,1,1,1,nan,nan,1,1.00003,1,1,0
0.4375,1.6875,1,1,0.999999,1,nan,nan,1,1.00003,1,1,0
0.4375,1.8125,1,1,0.999999,1,nan,nan,1,1.00003,1,1,0
0.4375,1.9375,1,1,0.999998,1,nan,nan,1,1.00003,1,1,0
0.4375,2.0625,1,1,0.999998,1,nan,nan,1,1.00003,1,1,0
0.4375,2.1875,1,1,0.999997,1,nan,nan,1,1.00003,1,1,0
0.4375,2.3125,1,1,0.999995,1,nan,nan,1,1.00003,1,1,0
0.4375,2.4375,1,1,0.999993,1,nan,nan,1,1.00003,1,1,0
0.4375,2.5625,1,1,0.999991,1,nan,nan,1,1.00003,1,1,0
0.4375,2.6875,1,1.00001,0.999988,1,nan,nan,1,1.00003,1,1,0
0.4375,2.8125,1,1.00001,0.999983,1,nan,nan,1,1.00003,1,1,0
0.4375,2.9375,1,1.00001,0.999978,1,nan,nan,1,1.00003,1,1,0
0.4375,3.0625,1,1.00001,0.999972,1,nan,nan,1,1.00003,1,1,0
0.4375,3.1875,1,1.00001,0.999965,1,nan,nan,1,1.00003,1,1,0
0.4375,3.3125,1,1.00002,0.999956,1,nan,nan,1,1.00003,1,1,0
0.4375,3.4375,1,1.00002,0.999947,1,nan,nan,1,1.00003,1,1,0
0.4375,3.5625,1,1.00002,0.999936,1,nan,nan,1,1.00003,1,1,0
0.4375,3.6875,1,1.00002,0.999924,1,nan,nan,1,1.00003,1,1,0
0.4375,3.8125,1,1.00002,0.999911,1,nan,nan,1,1.00003,1,1,0
0.4375,3.9375,1,1.00002,0.999897,1,nan,nan,1,1.00003,1,1,0
0.4375,4.0625,1,1.00002,0.999884,1,nan,nan,1,1.00003,1,1,0
0.4375,4.1875,1,1.00002,0.99987,1,nan,nan,1,1.00003,1,1,0
0.4375,4.3125,1,1.00002,0.999857,1,nan,nan,1,1.00003,1,1,0
0.4375,4.4375,1,1.00002,0.999846,1,nan,nan,1,1.00003,1,1,0
0.4375,4.5625,1,1.00002,0.999836,1,nan,nan,1,1.00003,1,1,0
0.4375,4.6875,1,1.00001,0.999828,1,nan,nan,1,1.00003,1,1,0
0.4375,4.8125,1,1.00001,0.999822,1,nan,nan,1,1.00003,1,1,0
0.4375,4.9375,1,1,0.99982,1,nan,nan,1,1.00003,1,1,0
0.4375,5.0625,1,0.999998,0.99982,1,nan,nan,1,1.00003,1,1,0
0.4375,5.1875,1,0.999993,0.999822,1,nan,nan,1,1.00003,1,1,0
0.4375,5.3125,1,0.999988,0.999828,1,nan,nan,1,1.00003,1,1,0
0.4375,5.4375,1,0.999984,0.999836,1,nan,nan,1,1.00003,1,1,0
0.4375,5.5625,1,0.999981,0.999846,1,nan,nan,1,1.00003,1,1,0
0.4375,5.6875,1,0.999979,0.999857,1,nan,nan,1,1.00003,1,1,0
0.4375,5.8125,1,0.999977,0.99987,1,nan,nan,1,1.00003,1,1,0
0.4375,5.9375,1,0.999976,0.999884,1,nan,nan,1,1.00003,1,1,0
0.4375,6.0625,1,0.999976,0.999897,1,nan,nan,1,1.00003,1,1,0
0.4375,6.1875,1,0.999977,0.999911,1,nan,nan,1,1.00003,1,1,0
0.4375,6.3125,1,0.999978,0.999924,1,nan,nan,1,1.00003,1,1,0
0.4375,6.4375,1,0.99998,0.999936,1,nan,nan,1,1.00003,1,1,0
0.4375,6.5625,1,0.999982,0.999947,1,nan,nan,1,1.00003,1,1,0
0.4375,6.6875,1,0.999984,0.999956,1,nan,nan,1,1.00003,1,1,0
0.4375,6.8125,1,0.999986,0.999965,1,nan,nan,1,1.00003,1,1,0
0.4375,6.9375,1,0.999988,0.999972,1,nan,nan,1,1.00003,1,1,0
0.4375,7.0625,1,0.99999,0.999978,1,nan,nan,1,1.00003,1,1,0
0.4375,7.1875,1,0.999992,0.999983,1,nan,nan,1,1.00003,1,1,0
0.4375,7.3125,1,0.999994,0.999988,1,nan,nan,1,1.00003,1,1,0
0.4375,7.4375,1,0.999995,0.999991,1,nan,nan,1,1.00003,1,1,0
0.4375,7.5625,1,0.999996,0.999993,1,nan,nan,1,1.00003,1,1,0
0.4375,7.6875,1,0.999997,0.999995,1,nan,nan,1,1.00003,1,1,0
0.4375,7.8125,1,0.999998,0.999997,1,nan,nan,1,1.00003,1,1,0
0.4375,7.9375,1,0.999998,0.999998,1,nan,nan,1,1.00003,1,1,0
0.4375,8.0625,1,0.999999,0.999998,1,nan,nan,1,1.00003,1,1,0
0.4375,8.1875,1,0.999999,0.999999,1,nan,nan,1,1.00003,1,1,0
0.4375,8.3125,1,0.999999,0.999999,1,nan,nan,1,1.00003,1,1,0
0.4375,8.4375,1,1,1,1,nan,nan,1,1.00003,1,1,0
0.4375,8.5625,1,1,1,1,nan,nan,1,1.00003,1,1,0
0.4375,8.6875,1,1,1,1,nan,nan,1,1.00003,1,1,0
0.4375,8.8125,1,1,1,1,nan,nan,1,1.00003,1,1,0
0.4375,8.9375,1,1,1,1,nan,nan,1,1.00003,1,1,0
0.4375,9.0625,1,1,1,1,nan,nan,1,1.00003,1,1,0
0.4375,9.1875,1,1,1,1,nan,nan,1,1.00003,1,1,0
0.4375,9.3125,1,1,1,1,nan,nan,1,1.00003,1,1,0
0.4375,9.4375,1,1,1,1,nan,nan,1,1.00003,1,1,0
0.4375,9.5625,1,1,1,1,nan,nan,1,1.00003,1,1,0
0.4375,9.6875,1,1,1,1,nan,nan,1,1.00003,1,1,0
0.4375,9.8125,1,1,1,1,nan,nan,1,1.00003,1,1,0
0.4375,9.9375,1,1,1,1,nan,nan,1,1.00003,1,1,0
0.5625,0.0625,1,1,1,1,nan,nan,1,1.00003,1,1,0
0.5625,0.1875,1,1,1,1,nan,nan,1,1.00003,1,1,0
0.5625,0.3125,1,1,1,1,nan,nan,1,1.00003,1,1,0
0.5625,0.4375,1,1,1,1,nan,nan,1,1.00003,1,1,0
0.5625,0.5625,1,1,1,1,nan,nan,1,1.00003,1,1,0
0.5625,0.6875,1,1,1,1,nan,nan,1,1.00003,1,1,0
0.5625,0.8125,1,1,1,1,nan,nan,1,1.00003,1,1,0
0.5625,0.9375,1,1,1,1,nan,nan,1,1.00003,1,1,0
0.5625,1.0625,1,1,1,1,nan,nan,1,1.00003,1,1,0
0.5625,1.1875,1,1,1,1,nan,nan,1,1.00003,1,1,0
0.5625,1.3125,1,1,1,1,nan,nan,1,1.00003,1,1,0
0.5625,1.4375,1,1,0.999999,1,nan,nan,1,1.00003,1,1,0
0.5625,1.5625,1,1,0.999999,1,nan,nan,1,1.00003,1,1,0
0.5625,1.6875,1,1,0.999999,1,nan,nan,1,1.00003,1,1,0
0.5625,1.8125,1,1,0.999998,1,nan,nan,1,1.00003,1,1,0
0.5625,1.9375,1,1,0.999997,1,nan,nan,1,1.00003,1,1,0
0.5625,2.0625,1,1,0.999996,1,nan,nan,1,1.00003,1,1,0
0.5625,2.1875,1,1,0.999994,1,nan,nan,1,1.00003,1,1,0
0.5625,2.3125,1,1.00001,0.999992,1,nan,nan,1,1.00003,1,1,0
0.5625,2.4375,1,1.00001,0.999988,1,nan,nan,1,1.00003,1,1,0
0.5625,2.5625,1,1.00001,0.999984,1,nan,nan,1,1.00003,1,1,0
0.5625,2.6875,1,1.00001,0.999979,1,nan,nan,1,1.00003,1,1,0
0.5625,2.8125,1,1.00001,0.999972,1,nan,nan,1,1.00003,1,1,0
0.5625,2.9375,1,1.00002,0.999963,1,nan,nan,1,1.00003,1,1,0
0.5625,3.0625,1,1.00002,0.999953,1,nan,nan,1,1.00003,1,1,0
0.5625,3.1875,1,1.00002,0.99994,1,nan,nan,1,1.00003,1,1,0
0.5625,3.3125,1,1.00003,0.999926,1,nan,nan,1,1.00003,1,1,0
0.5625,3.4375,1,1.00003,0.999909,1,nan,nan,1,1.00003,1,1,0
0.5625,3.5625,1,1.00004,0.99989,1,nan,nan,1,1.00003,1,1,0
0.5625,3.6875,1,1.00004,0.99987,1,nan,nan,1,1.00003,1,1,0
0.5625,3.8125,1,1.00004,0.999848,1,nan,nan,1,1.00003,1,1,0
0.5625,3.9375,1,1.00004,0.999825,1,nan,nan,1,1.00003,1,1,0
0.5625,4.0625,1,1.00004,0.999801,1,nan,nan,1,1.00003,1,1,0
0.5625,4.1875,1,1.00004,0.999778,1,nan,nan,1,1.00003,1,1,0
0.5625,4.3125,1,1.00004,0.999756,1,nan,nan,1,1.00003,1,1,0
0.5625,4.4375,1,1.00003,0.999737,1,nan,nan,1,1.00003,1,1,0
0.5625,4.5625,1,1.00003,0.99972,1,nan,nan,1,1.00003,1,1,0
0.5625,4.6875,1,1.00002,0.999706,1,nan,nan,1,1.00003,1,1,0
0.5625,4.8125,1,1.00001,0.999697,1,nan,nan,1,1.00003,1,1,0
0.5625,4.9375,1,1,0.999692,1,nan,nan,1,1.00003,1,1,0
0.5625,5.0625,1,0.999996,0.999692,1,nan,nan,1,1.00003,1,1,0
0.5625,5.1875,1,0.999987,0.999697,1,nan,nan,1,1.00003,1,1,0
0.5625,5.3125,1,0.999979,0.999706,1,nan,nan,1,1.00003,1,1,0
0.5625,5.4375,1,0.999972,0.99972,1,nan,nan,1,1.00003,1,1,0
0.5625,5.5625,1,0.999967,0.999737,1,nan,nan,1,1.00003,1,1,0
0.5625,5.6875,1,0.999962,0.999756,1,nan,nan,1,1.00003,1,1,0
0.5625,5.8125,1,0.999959,0.999778,1,nan,nan,1,1.00003,1,1,0
0.5625,5.9375,1,0.999958,0.999801,1,nan,nan,1,1.00003,1,1,0
0.5625,6.0625,1,0.999958,0.999825,1,nan,nan,1,1.00003,1,1,0
0.5625,6.1875,1,0.999959,0.999848,1,nan,nan,1,1.00003,1,1,0
0.5625,6.3125,1,0.999961,0.99987,1,nan,nan,1,1.00003,1,1,0
0.5625,6.4375,1,0.999964,0.99989,1,nan,nan,1,1.00003,1,1,0
0.5625,6.5625,1,0.999968,0.999909,1,nan,nan,1,1.00003,1,1,0
0.5625,6.6875,1,0.999972,0.999926,1,nan,nan,1,1.00003,1,1,0
0.5625,6.8125,1,0.999976,0.99994,1,nan,nan,1,1.00003,1,1,0
0.5625,6.9375,1,0.999979,0.999953,1,nan,nan,1,1.00003,1,1,0
0.5625,7.0625,1,0.999983,0.999963,1,nan,nan,1,1.00003,1,1,0
0.5625,7.1875,1,0.999986,0.999972,1,nan,nan,1,1.00003,1,1,0
0.5625,7.3125,1,0.999989,0.999979,1,nan,nan,1,1.00003,1,1,0
0.5625,7.4375,1,0.999991,0.999984,1,nan,nan,1,1.00003,1,1,0
0.5625,7.5625,1,0.999993,0.999988,1,nan,nan,1,1.00003,1,1,0
0.5625,7.6875,1,0.999995,0.999992,1,nan,nan,1,1.00003,1,1,0
0.5625,7.8125,1,0.999996,0.999994,1,nan,nan,1,1.00003,1,1,0
0.5625,7.9375,1,0.999997,0.999996,1,nan,nan,1,1.00003,1,1,0
0.5625,8.0625,1,0.999998,0.999997,1,nan,nan,1,1.00003,1,1,0
0.5625,8.1875,1,0.999999,0.999998,1,nan,nan,1,1.00003,1,1,0
0.5625,8.3125,1,0.999999,0.999999,1,nan,nan,1,1.00003,1,1,0
0.5625,8.4375,1,0.999999,0.999999,1,nan,nan,1,1.00003,1,1,0
0.5625,8.5625,1,1,0.999999,1,nan,nan,1,1.00003,1,1,0
0.5625,8.6875,1,1,1,1,nan,nan,1,1.00003,1,1,0
0.5625,8.8125,1,1,1,1,nan,nan,1,1.00003,1,1,0
0.5625,8.9375,1,1,1,1,nan,nan,1,1.00003,1,1,0
0.5625,9.0625,1,1,1,1,nan,nan,1,1.00003,1,1,0
0.5625,9.1875,1,1,1,1,nan,nan,1,1.00003,1,1,0
0.5625,9.3125,1,1,1,1,nan,nan,1,1.00003,1,1,0
0.5625,9.4375,1,1,1,1,nan,nan,1,1.00003,1,1,0
0.5625,9.5625,1,1,1,1,nan,nan,1,1.00003,1,1,0
0.5625,9.6875,1,1,1,1,nan,nan,1,1.00003,1,1,0
0.5625,9.8125,1,1,1,1,nan,nan,1,1.00003,1,1,0
0.5625,9.9375,1,1,1,1,nan,nan,1,1.00003,1,1,0
0.6875,0.0625,1,1,1,1,nan,nan,1,1.00003,1,1,0
0.6875,0.1875,1,1,1,1,nan,nan,1,1.00003,1,1,0
0.6875,0.3125,1,1,1,1,nan,nan,1,1.00003,1,1,0
0.6875,0.4375,1,1,1,1,nan,nan,1,1.00003,1,1,0
0.6875,0.5625,1,1,1,1,nan,nan,1,1.00003,1,1,0
0.6875,0.6875,1,1,1,1,nan,nan,1,1.00003,1,1,0
0.6875,0.8125,1,1,1,1,nan,nan,1,1.00003,1,1,0
0.6875,0.9375,1,1,1,1,nan,nan,1,1.00003,1,1,0
0.6875,1.0625,1,1,1,1,nan,nan,1,1.00003,1,1,0
0.6875,1.1875,1,1,1,1,nan,nan,1,1.00003,1,1,0
0.6875,1.3125,1,1,0.999999,1,nan,nan,1,1.00003,1,1,0
0.6875,1.4375,1,1,0.999999,1,nan,nan,1,1.00003,1,1,0
0.6875,1.5625,1,1,0.999999,1,nan,nan,1,1.00003,1,1,0
0.6875,1.6875,1,1,0.999998,1,nan,nan,1,1.00003,1,1,0
0.6875,1.8125,1,1,0.999997,1,nan,nan,1,1.00003,1,1,0
0.6875,1.9375,1,1,0.999995,1,nan,nan,1,1.00003,1,1,0
0.6875,2.0625,1,1,0.999993,1,nan,nan,1,1.00003,1,1,0
0.6875,2.1875,1,1.00001,0.99999,1,nan,nan,1,1.00003,1,1,0
0.6875,2.3125,1,1.00001,0.999986,1,nan,nan,1,1.00003,1,1,0
0.6875,2.4375,1,1.00001,0.999981,1,nan,nan,1,1.00003,1,1,0
0.6875,2.5625,1,1.00002,0.999973,1,nan,nan,1,1.00003,1,1,0
0.6875,2.6875,1,1.00002,0.999964,1,nan,nan,1,1.00003,1,1,0
0.6875,2.8125,1,1.00002,0.999953,1,nan,nan,1,1.00003,1,1,0
0.6875,2.9375,1,1.00003,0.999938,1,nan,nan,1,1.00003,1,1,0
0.6875,3.0625,1,1.00004,0.999921,1,nan,nan,1,1.00003,1,1,0
0.6875,3.1875,1,1.00004,0.9999,1,nan,nan,1,1.00003,1,1,0
0.6875,3.3125,1,1.00005,0.999875,1,nan,nan,1,1.00003,1,1,0
0.6875,3.4375,1,1.00006,0.999847,1,nan,nan,1,1.00003,1,1,0
0.6875,3.5625,1,1.00006,0.999816,1,nan,nan,1,1.00003,1,1,0
0.6875,3.6875,1,1.00007,0.999781,1,nan,nan,1,1.00003,1,1,0
0.6875,3.8125,1,1.00007,0.999744,1,nan,nan,1,1.00003,1,1,0
0.6875,3.9375,1,1.00007,0.999705,1,nan,nan,1,1.00003,1,1,0
0.6875,4.0625,1,1.00007,0.999666,1,nan,nan,1,1.00003,1,1,0
0.6875,4.1875,1,1.00007,0.999628,1,nan,nan,1,1.00003,1,1,0
0.6875,4.3125,1,1.00007,0.999591,1,nan,nan,1,1.00003,1,1,0
0.6875,4.4375,1,1.00006,0.999558,1,nan,nan,1,1.00003,1,1,0
0.6875,4.5625,1,1.00005,0.999529,1,nan,nan,1,1.00003,1,1,0
0.6875,4.6875,1,1.00004,0.999507,1,nan,nan,1,1.00003,1,1,0
0.6875,4.8125,1,1.00002,0.999491,1,nan,nan,1,1.00003,1,1,0
0.6875,4.9375,1,1.00001,0.999483,1,nan,nan,1,1.00003,1,1,0
0.6875,5.0625,1,0.999993,0.999483,1,nan,nan,1,1.00003,1,1,0
0.6875,5.1875,1,0.999978,0.999491,1,nan,nan,1,1.00003,1,1,0
0.6875,5.3125,1,0.999964,0.999507,1,nan,nan,1,1.00003,1,1,0
0.6875,5.4375,1,0.999952,0.999529,1,nan,nan,1,1.00003,1,1,0
0.6875,5.5625,1,0.999942,0.999558,1,nan,nan,1,1.00003,1,1,0
0.6875,5.6875,1,0.999935,0.999591,1,nan,nan,1,1.00003,1,1,0
0.6875,5.8125,1,0.99993,0.999628,1,nan,nan,1,1.00003,1,1,0
0.6875,5.9375,1,0.999927,0.999666,1,nan,nan,1,1.00003,1,1,0
0.6875,6.0625,1,0.999927,0.999705,1,nan,nan,1,1.00003,1,1,0
0.6875,6.1875,1,0.99993,0.999744,1,nan,nan,1,1.00003,1,1,0
0.6875,6.3125,1,0.999933,0.999781,1,nan,nan,1,1.00003,1,1,0
0.6875,6.4375,1,0.999939,0.999816,1,nan,nan,1,1.00003,1,1,0
0.6875,6.5625,1,0.999945,0.999847,1,nan,nan,1,1.00003,1,1,0
0.6875,6.6875,1,0.999951,0.999875,1,nan,nan,1,1.00003,1,1,0
0.6875,6.8125,1,0.999958,0.9999,1,nan,nan,1,1.00003,1,1,0
0.6875,6.9375,1,0.999964,0.999921,1,nan,nan,1,1.00003,1,1,0
0.6875,7.0625,1,0.99997,0.999938,1,nan,nan,1,1.00003,1,1,0
0.6875,7.1875,1,0.999976,0.999953,1,nan,nan,1,1.00003,1,1,0
0.6875,7.3125,1,0.999981,0.999964,1,nan,nan,1,1.00003,1,1,0
0.6875,7.4375,1,0.999985,0.999973,1,nan,nan,1,1.00003,1,1,0
0.6875,7.5625,1,0.999988,0.999981,1,nan,nan,1,1.00003,1,1,0
0.6875,7.6875,1,0.999991,0.999986,1,nan,nan,1,1.00003,1,1,0
0.6875,7.8125,1,0.999994,0.99999,1,nan,nan,1,1.00003,1,1,0
0.6875,7.9375,1,0.999995,0.999993,1,nan,nan,1,1.00003,1,1,0
0.6875,8.0625,1,0.999997,0.999995,1,nan,nan,1,1.00003,1,1,0
0.6875,8.1875,1,0.999998,0.999997,1,nan,nan,1,1.00003,1,1,0
0.6875,8.3125,1,0.999998,0.999998,1,nan,nan,1,1.00003,1,1,0
0.6875,8.4375,1,0.999999,0.999999,1,nan,nan,1,1.00003,1,1,0
0.6875,8.5625,1,0.999999,0.999999,1,nan,nan,1,1.00003,1,1,0
0.6875,8.6875,1,1,0.999999,1,nan,nan,1,1.00003,1,1,0
0.6875,8.8125,1,1,1,1,nan,nan,1,1.00003,1,1,0
0.6875,8.9375,1,1,1,1,nan,nan,1,1.00003,1,1,0
0.6875,9.0625,1,1,1,1,nan,nan,1,1.00003,1,1,0
0.6875,9.1875,1,1,1,1,nan,nan,1,1.00003,1,1,0
0.6875,9.3125,1,1,1,1,nan,nan,1,1.00003,1,1,0
0.6875,9.4375,1,1,1,1,nan,nan,1,1.00003,1,1,0
0.6875,9.5625,1,1,1,1,nan,nan,1,1.00003,1,1,0
0.6875,9.6875,1,1,1,1,nan,nan,1,1.00003,1,1,0
0.6875,9.8125,1,1,1,1,nan,nan,1,1.00003,1,1,0
0.6875,9.9375,1,1,1,1,nan,nan,1,1.00003,1,1,0
0.8125,0.0625,1,1,1,1,nan,nan,1,1.00003,1,1,0
0.8125,0.1875,1,1,1,1,nan,nan,1,1.00003,1,1,0
0.8125,0.3125,1,1,1,1,nan,nan,1,1.00003,1,1,0
0.8125,0.4375,1,1,1,1,nan,nan,1,1.00003,1,1,0
0.8125,0.5625,1,1,1,1,nan,nan,1,1.00003,1,1,0
0.8125,0.6875,1,1,1,1,nan,nan,1,1.00003,1,1,0
0.8125,0.8125,1,1,1,1,nan,nan,1,1.00003,1,1,0
0.8125,0.9375,1,1,1,1,nan,nan,1,1.00003,1,1,0
0.8125,1.0625,1,1,1,1,nan,nan,1,1.00003,1,1,0
0.8125,1.1875,1,1,0.999999,1,nan,nan,1,1.00003,1,1,0
0.8125,1.3125,1,1,0.999999,1,nan,nan,1,1.00003,1,1,0
0.8125,1.4375,1,1,0.999998,1,nan,nan,1,1.00003,1,1,0
0.8125,1.5625,1,1,0.999998,1,nan,nan,1,1.00003,1,1,0
0.8125,1.6875,1,1,0.999996,1,nan,nan,1,1.00003,1,1,0
0.8125,1.8125,1,1,0.999995,1,nan,nan,1,1.00003,1,1,0
0.8125,1.9375,1,1.00001,0.999992,1,nan,nan,1,1.00003,1,1,0
0.8125,2.0625,1,1.00001,0.999989,1,nan,nan,1,1.00003,1,1,0
0.8125,2.1875,1,1.00001,0.999984,1,nan,nan,1,1.00003,1,1,0
0.8125,2.3125,1,1.00001,0.999977,1,nan,nan,1,1.00003,1,1,0
0.8125,2.4375,1,1.00002,0.999968,1,nan,nan,1,1.00003,1,1,0
0.8125,2.5625,1,1.00003,0.999956,1,nan,nan,1,1.00003,1,1,0
0.8125,2.6875,1,1.00003,0.999941,1,nan,nan,1,1.00003,1,1,0
0.8125,2.8125,1,1.00004,0.999922,1,nan,nan,1,1.00003,1,1,0
0.8125,2.9375,1,1.00005,0.999898,1,nan,nan,1,1.00003,1,1,0
0.8125,3.0625,1,1.00006,0.999869,1,nan,nan,1,1.00003,1,1,0
0.8125,3.1875,1,1.00007,0.999834,1,nan,nan,1,1.00003,1,1,0
0.8125,3.3125,1,1.00008,0.999794,1,nan,nan,1,1.00003,1,1,0
0.8125,3.4375,1,1.00009,0.999748,1,nan,nan,1,1.00003,1,1,0
0.8125,3.5625,1,1.0001,0.999696,1,nan,nan,1,1.00003,1,1,0
0.8125,3.6875,1,1.00011,0.999638,1,nan,nan,1,1.00003,1,1,0
0.8125,3.8125,1,1.00012,0.999577,1,nan,nan,1,1.00003,1,1,0
0.8125,3.9375,1,1.00012,0.999514,1,nan,nan,1,1.00003,1,1,0
0.8125,4.0625,1,1.00012,0.999449,1,nan,nan,1,1.00003,1,1,0
0.8125,4.1875,1,1.00012,0.999385,1,nan,nan,1,1.00003,1,1,0
0.8125,4.3125,1,1.00011,0.999325,1,nan,nan,1,1.00003,1,1,0
0.8125,4.4375,1,1.0001,0.99927,1,nan,nan,1,1.00003,1,1,0
0.8125,4.5625,1,1.00008,0.999223,1,nan,nan,1,1.00003,1,1,0
0.8125,4.6875,1,1.00006,0.999185,1,nan,nan,1,1.00003,1,1,0
0.8125,4.8125,1,1.00004,0.999159,1,nan,nan,1,1.00003,1,1,0
0.8125,4.9375,1,1.00001,0.999146,1,nan,nan,1,1.00003,1,1,0
0.8125,5.0625,1,0.999987,0.999146,1,nan,nan,1,1.00003,1,1,0
0.8125,5.1875,1,0.999962,0.999159,1,nan,nan,1,1.00003,1,1,0
0.8125,5.3125,1,0.999939,0.999185,1,nan,nan,1,1.00003,1,1,0
0.8125,5.4375,1,0.999919,0.999223,1,nan,nan,1,1.00003,1,1,0
0.8125,5.5625,1,0.999902,0.99927,1,nan,nan,1,1.00003,1,1,0
0.8125,5.6875,1,0.999889,0.999325,1,nan,nan,1,1.00003,1,1,0
0.8125,5.8125,1,0.999881,0.999385,1,nan,nan,1,1.00003,1,1,0
0.8125,5.9375,1,0.999877,0.999449,1,nan,nan,1,1.00003,1,1,0
0.8125,6.0625,1,0.999877,0.999514,1,nan,nan,1,1.00003,1,1,0
0.8125,6.1875,1,0.99988,0.999577,1,nan,nan,1,1.00003,1,1,0
0.8125,6.3125,1,0.999887,0.999638,1,nan,nan,1,1.00003,1,1,0
0.8125,6.4375,1,0.999895,0.999696,1,nan,nan,1,1.00003,1,1,0
0.8125,6.5625,1,0.999906,0.999748,1,nan,nan,1,1.00003,1,1,0
0.8125,6.6875,1,0.999917,0.999794,1,nan,nan,1,1.00003,1,1,0
0.8125,6.8125,1,0.999928,0.999834,1,nan,nan,1,1.00003,1,1,0
0.8125,6.9375,1,0.999939,0.999869,1,nan,nan,1,1.00003,1,1,0
0.8125,7.0625,1,0.99995,0.999898,1,nan,nan,1,1.00003,1,1,0
0.8125,7.1875,1,0.999959,0.999922,1,nan,nan,1,1.00003,1,1,0
0.8125,7.3125,1,0.999967,0.999941,1,nan,nan,1,1.00003,1,1,0
0.8125,7.4375,1,0.999974,0.999956,1,nan,nan,1,1.00003,1,1,0
0.8125,7.5625,1,0.99998,0.999968,1,nan,nan,1,1.00003,1,1,0
0.8125,7.6875,1,0.999985,0.999977,1,nan,nan,1,1.00003,1,1,0
0.8125,7.8125,1,0.999989,0.999984,1,nan,nan,1,1.00003,1,1,0
0.8125,7.9375,1,0.999992,0.999989,1,nan,nan,1,1.00003,1,1,0
0.8125,8.0625,1,0.999994,0.999992,1,nan,nan,1,1.00003,1,1,0
0.8125,8.1875,1,0.999996,0.999995,1,nan,nan,1,1.00003,1,1,0
0.8125,8.3125,1,0.999997,0.999996,1,nan,nan,1,1.00003,1,1,0
0.8125,8.4375,1,0.999998,0.999998,1,nan,nan,1,1.00003,1,1,0
0.8125,8.5625,1,0.999999,0.999998,1,nan,nan,1,1.00003,1,1,0
0.8125,8.6875,1,0.999999,0.999999,1,nan,nan,1,1.00003,1,1,0
0.8125,8.8125,1,0.999999,0.999999,1,nan,nan,1,1.00003,1,1,0
0.8125,8.9375,1,1,1,1,nan,nan,1,1.00003,1,1,0
0.8125,9.0625,1,1,1,1,nan,nan,1,1.00003,1,1,0
0.8125,9.1875,1,1,1,1,nan,nan,1,1.00003,1,1,0
0.8125,9.3125,1,1,1,1,nan,nan,1,1.00003,1,1,0
0.8125,9.4375,1,1,1,1,nan,nan,1,1.00003,1,1,0
0.8125,9.5625,1,1,1,1,nan,nan,1,1.00003,1,1,0
0.8125,9.6875,1,1,1,1,nan,nan,1,1.00003,1,1,0
0.8125,9.8125,1,1,1,1,nan,nan,1,1.00003,1,1,0
0.8125,9.9375,1,1,1,1,nan,nan,1,1.00003,1,1,0
0.9375,0.0625,1,1,1,1,nan,nan,1,1.00003,1,1,0
0.9375,0.1875,1,1,1,1,nan,nan,1,1.00003,1,1,0
0.9375,0.3125,1,1,1,1,nan,nan,1,1.00003,1,1,0
0.9375,0.4375,1,1,1,1,nan,nan,1,1.00003,1,1,0
0.9375,0.5625,1,1,1,1,nan,nan,1,1.00003,1,1,0
0.9375,0.6875,1,1,1,1,nan,nan,1,1.00003,1,1,0
0.9375,0.8125,1,1,1,1,nan,nan,1,1.00003,1,1,0
0.9375,0.9375,1,1,1,1,nan,nan,1,1.00003,1,1,0
0.9375,1.0625,1,1,0.999999,1,nan,nan,1,1.00003,1,1,0
0.9375,1.1875,1,1,0.999999,1,nan,nan,1,1.00003,1,1,0
0.9375,1.3125,1,1,0.999998,1,nan,nan,1,1.00003,1,1,0
0.9375,1.4375,1,1,0.999998,1,nan,nan,1,1.00003,1,1,0
0.9375,1.5625,1,1,0.999996,1,nan,nan,1,1.00003,1,1,0
0.9375,1.6875,1,1,0.999994,1,nan,nan,1,1.00003,1,1,0
0.9375,1.8125,1,1.00001,0.999991,1,nan,nan,1,1.00003,1,1,0
0.9375,1.9375,1,1.00001,0.999987,1,nan,nan,1,1.00003,1,1,0
0.9375,2.0625,1,1.00001,0.999981,1,nan,nan,1,1.00003,1,1,0
0.9375,2.1875,1,1.00002,0.999973,1,nan,nan,1,1.00003,1,1,0
0.9375,2.3125,1,1.00002,0.999962,1,nan,nan,1,1.00003,1,1,0
0.9375,2.4375,1,1.00003,0.999948,1,nan,nan,1,1.00003,1,1,0
0.9375,2.5625,1,1.00004,0.999929,1,nan,nan,1,1.00003,1,1,0
0.9375,2.6875,1,1.00005,0.999904,1,nan,nan,1,1.00003,1,1,0
0.9375,2.8125,1,1.00007,0.999873,1,nan,nan,1,1.00003,1,1,0
0.9375,2.9375,1,1.00008,0.999834,1,nan,nan,1,1.00003,1,1,0
0.9375,3.0625,1,1.0001,0.999787,1,nan,nan,1,1.00003,1,1,0
0.9375,3.1875,1,1.00012,0.999731,1,nan,nan,1,1.00003,1,1,0
0.9375,3.3125,1,1.00014,0.999665,1,nan,nan,1,1.00003,1,1,0
0.9375,3.4375,1,1.00016,0.99959,1,nan,nan,1,1.00003,1,1,0
0.9375,3.5625,1,1.00018,0.999505,1,nan,nan,1,1.00003,1,1,0
0.9375,3.6875,1,1.00019,0.999413,1,nan,nan,1,1.00003,1,1,0
0.9375,3.8125,1,1.0002,0.999313,1,nan,nan,1,1.00003,1,1,0
0.9375,3.9375,1,1.00021,0.99921,1,nan,nan,1,1.00003,1,1,0
0.9375,4.0625,1,1.00021,0.999104,1,nan,nan,1,1.00003,1,1,0
0.9375,4.1875,1,1.0002,0.999001,1,nan,nan,1,1.00003,1,1,0
0.9375,4.3125,1,1.00019,0.998903,1,nan,nan,1,1.00003,1,1,0
0.9375,4.4375,1,1.00016,0.998814,1,nan,nan,1,1.00003,1,1,0
0.9375,4.5625,1,1.00014,0.998737,1,nan,nan,1,1.00003,1,1,0
0.9375,4.6875,1,1.0001,0.998676,1,nan,nan,1,1.00003,1,1,0
0.9375,4.8125,1,1.00006,0.998634,1,nan,nan,1,1.00003,1,1,0
0.9375,4.9375,1,1.00002,0.998613,1,nan,nan,1,1.00003,1,1,0
0.9375,5.0625,1,0.999979,0.998613,1,nan,nan,1,1.00003,1,1,0
0.9375,5.1875,1,0.999937,0.998634,1,nan,nan,1,1.00003,1,1,0
0.9375,5.3125,1,0.999898,0.998676,1,nan,nan,1,1.00003,1,1,0
0.9375,5.4375,1,0.999864,0.998737,1,nan,nan,1,1.00003,1,1,0
0.9375,5.5625,1,0.999836,0.998814,1,nan,nan,1,1.00003,1,1,0
0.9375,5.6875,1,0.999814,0.998903,1,nan,nan,1,1.00003,1,1,0
0.9375,5.8125,1,0.9998,0.999001,1,nan,nan,1,1.00003,1,1,0
0.9375,5.9375,1,0.999793,0.999104,1,nan,nan,1,1.00003,1,1,0
0.9375,6.0625,1,0.999793,0.99921,1,nan,nan,1,1.00003,1,1,0
0.9375,6.1875,1,0.999799,0.999313,1,nan,nan,1,1.00003,1,1,0
0.9375,6.3125,1,0.99981,0.999413,1,nan,nan,1,1.00003,1,1,0
0.9375,6.4375,1,0.999825,0.999505,1,nan,nan,1,1.00003,1,1,0
0.9375,6.5625,1,0.999842,0.99959,1,nan,nan,1,1.00003,1,1,0
0.9375,6.6875,1,0.999861,0.999665,1,nan,nan,1,1.00003,1,1,0
0.9375,6.8125,1,0.99988,0.999731,1,nan,nan,1,1.00003,1,1,0
0.9375,6.9375,1,0.999899,0.999787,1,nan,nan,1,1.00003,1,1,0
0.9375,7.0625,1,0.999916,0.999834,1,nan,nan,1,1.00003,1,1,0
0.9375,7.1875,1,0.999932,0.999873,1,nan,nan,1,1.00003,1,1,0
0.9375,7.3125,1,0.999945,0.999904,1,nan,nan,1,1.00003,1,1,0
0.9375,7.4375,1,0.999957,0.999929,1,nan,nan,1,1.00003,1,1,0
0.9375,7.5625,1,0.999967,0.999948,1,nan,nan,1,1.00003,1,1,0
0.9375,7.6875,1,0.999975,0.999962,1,nan,nan,1,1.00003,1,1,0
0.9375,7.8125,1,0.999982,0.999973,1,nan,nan,1,1.00003,1,1,0
0.9375,7.9375,1,0.999987,0.999981,1,nan,nan,1,1.00003,1,1,0
0.9375,8.0625,1,0.99999,0.999987,1,nan,nan,1,1.00003,1,1,0
0.9375,8.1875,1,0.999993,0.999991,1,nan,nan,1,1.00003,1,1,0
0.9375,8.3125,1,0.999995,0.999994,1,nan,nan,1,1.00003,1,1,0
0.9375,8.4375,1,0.999997,0.999996,1,nan,nan,1,1.00003,1,1,0
0.9375,8.5625,1,0.999998,0.999998,1,nan,nan,1,1.00003,1,1,0
0.9375,8.6875,1,0.999999,0.999998,1,nan,nan,1,1.00003,1,1,0
0.9375,8.8125,1,0.999999,0.999999,1,nan,nan,1,1.00003,1,1,0
0.9375,8.9375,1,0.999999,0.999999,1,nan,nan,1,1.00003,1,1,0
0.9375,9.0625,1,1,1,1,nan,nan,1,1.00003,1,1,0
0.9375,9.1875,1,1,1,1,nan,nan,1,1.00003,1,1,0
0.9375,9.3125,1,1,1,1,nan,nan,1,1.00003,1,1,0
0.9375,9.4375,1,1,1,1,nan,nan,1,1.00003,1,1,0
0.9375,9.5625,1,1,1,1,nan,nan,1,1.00003,1,1,0
0.9375,9.6875,1,1,1,1,nan,nan,1,1.00003,1,1,0
0.9375,9.8125,1,1,1,1,nan,nan,1,1.00003,1,1,0
0.9375,9.9375,1,1,1,1,nan,nan,1,1.00003,1,1,0
1.0625,0.0625,1,1,1,1,nan,nan,1,1.00003,1,1,0
1.0625,0.1875,1,1,1,1,nan,nan,1,1.00003,1,1,0
1.0625,0.3125,1,1,1,1,nan,nan,1,1.00003,1,1,0
1.0625,0.4375,1,1,1,1,nan,nan,1,1.00003,1,1,0
1.0625,0.5625,1,1,1,1,nan,nan,1,1.00003,1,1,0
1.0625,0.6875,1,1,1,1,nan,nan,1,1.00003,1,1,0
1.0625,0.8125,1,1,1,1,nan,nan,1,1.00003,1,1,0
1.0625,0.9375,1,1,0.999999,1,nan,nan,1,1.00003,1,1,0
1.0625,1.0625,1,1,0.999999,1,nan,nan,1,1.00003,1,1,0
1.0625,1.1875,1,1,0.999998,1,nan,nan,1,1.00003,1,1,0
1.0625,1.3125,1,1,0.999998,1,nan,nan,1,1.00003,1,1,0
1.0625,1.4375,1,1,0.999996,1,nan,nan,1,1.00003,1,1,0
1.0625,1.5625,1,1.00001,0.999994,1,nan,nan,1,1.00003,1,1,0
1.0625,1.6875,1,1.00001,0.999991,1,nan,nan,1,1.00003,1,1,0
1.0625,1.8125,1,1.00001,0.999986,1,nan,nan,1,1.00003,1,1,0
1.0625,1.9375,1,1.00002,0.99998,1,nan,nan,1,1.00003,1,1,0
1.0625,2.0625,1,1.00002,0.99997,1,nan,nan,1,1.00003,1,1,0
1.0625,2.1875,1,1.00003,0.999957,1,nan,nan,1,1.00003,1,1,0
1.0625,2.3125,1,1.00004,0.99994,1,nan,nan,1,1.00003,1,1,0
1.0625,2.4375,1,1.00005,0.999917,1,nan,nan,1,1.00003,1,1,0
1.0625,2.5625,1,1.00007,0.999886,1,nan,nan,1,1.00003,1,1,0
1.0625,2.6875,1,1.00009,0.999847,1,nan,nan,1,1.00003,1,1,0
1.0625,2.8125,1,1.00011,0.999797,1,nan,nan,1,1.00003,1,1,0
1.0625,2.9375,1,1.00014,0.999735,1,nan,nan,1,1.00003,1,1,0
1.0625,3.0625,1,1.00017,0.99966,1,nan,nan,1,1.00003,1,1,0
1.0625,3.1875,1,1.0002,0.99957,1,nan,nan,1,1.00003,1,1,0
1.0625,3.3125,1,1.00023,0.999465,1,nan,nan,1,1.00003,1,1,0
1.0625,3.4375,1,1.00026,0.999345,1,nan,nan,1,1.00003,1,1,0
1.0625,3.5625,1,1.00029,0.99921,1,nan,nan,1,1.00003,1,1,0
1.0625,3.6875,1,1.00031,0.999061,1,nan,nan,1,1.00003,1,1,0
1.0625,3.8125,1,1.00033,0.998903,1,nan,nan,1,1.00003,1,1,0
1.0625,3.9375,1,1.00034,0.998737,1,nan,nan,1,1.00003,1,1,0
1.0625,4.0625,1,1.00034,0.998569,1,nan,nan,1,1.00003,1,1,0
1.0625,4.1875,1,1.00033,0.998403,1,nan,nan,1,1.00003,1,1,0
1.0625,4.3125,1,1.00031,0.998247,1,nan,nan,1,1.00003,1,1,0
1.0625,4.4375,1,1.00027,0.998104,1,nan,nan,1,1.00003,1,1,0
1.0625,4.5625,1,1.00022,0.997982,1,nan,nan,1,1.00003,1,1,0
1.0625,4.6875,1,1.00017,0.997885,1,nan,nan,1,1.00003,1,1,0
1.0625,4.8125,1,1.0001,0.997818,1,nan,nan,1,1.00003,1,1,0
1.0625,4.9375,1,1.00004,0.997783,1,nan,nan,1,1.00003,1,1,0
1.0625,5.0625,1,0.999965,0.997783,1,nan,nan,1,1.00003,1,1,0
1.0625,5.1875,1,0.999896,0.997818,1,nan,nan,1,1.00003,1,1,0
1.0625,5.3125,1,0.999832,0.997885,1,nan,nan,1,1.00003,1,1,0
1.0625,5.4375,1,0.999776,0.997982,1,nan,nan,1,1.00003,1,1,0
1.0625,5.5625,1,0.999729,0.998104,1,nan,nan,1,1.00003,1,1,0
1.0625,5.6875,1,0.999694,0.998247,1,nan,nan,1,1.00003,1,1,0
1.0625,5.8125,1,0.999671,0.998403,1,nan,nan,1,1.00003,1,1,0
1.0625,5.9375,1,0.999659,0.998569,1,nan,nan,1,1.00003,1,1,0
1.0625,6.0625,1,0.999659,0.998737,1,nan,nan,1,1.00003,1,1,0
1.0625,6.1875,1,0.999669,0.998903,1,nan,nan,1,1.00003,1,1,0
1.0625,6.3125,1,0.999687,0.999061,1,nan,nan,1,1.00003,1,1,0
1.0625,6.4375,1,0.999711,0.99921,1,nan,nan,1,1.00003,1,1,0
1.0625,6.5625,1,0.99974,0.999345,1,nan,nan,1,1.00003,1,1,0
1.0625,6.6875,1,0.999771,0.999465,1,nan,nan,1,1.00003,1,1,0
1.0625,6.8125,1,0.999802,0.99957,1,nan,nan,1,1.00003,1,1,0
1.0625,6.9375,1,0.999833,0.99966,1,nan,nan,1,1.00003,1,1,0
1.0625,7.0625,1,0.999861,0.999735,1,nan,nan,1,1.00003,1,1,0
1.0625,7.1875,1,0.999887,0.999797,1,nan,nan,1,1.00003,1,1,0
1.0625,7.3125,1,0.99991,0.999847,1,nan,nan,1,1.00003,1,1,0
1.0625,7.4375,1,0.99993,0.999886,1,nan,nan,1,1.00003,1,1,0
1.0625,7.5625,1,0.999946,0.999917,1,nan,nan,1,1.00003,1,1,0
1.0625,7.6875,1,0.999959,0.99994,1,nan,nan,1,1.00003,1,1,0
1.0625,7.8125,1,0.99997,0.999957,1,nan,nan,1,1.00003,1,1,0
1.0625,7.9375,1,0.999978,0.99997,1,nan,nan,1,1.00003,1,1,0
1.0625,8.0625,1,0.999984,0.99998,1,nan,nan,1,1.00003,1,1,0
1.0625,8.1875,1,0.999989,0.999986,1,nan,nan,1,1.00003,1,1,0
1.0625,8.3125,1,0.999992,0.999991,1,nan,nan,1,1.00003,1,1,0
1.0625,8.4375,1,0.999995,0.999994,1,nan,nan,1,1.00003,1,1,0
1.0625,8.5625,1,0.999996,0.999996,1,nan,nan,1,1.00003,1,1,0
1.0625,8.6875,1,0.999998,0.999998,1,nan,nan,1,1.00003,1,1,0
1.0625,8.8125,1,0.999998,0.999998,1,nan,nan,1,1.00003,1,1,0
1.0625,8.9375,1,0.999999,0.999999,1,nan,nan,1,1.00003,1,1,0
1.0625,9.0625,1,0.999999,0.999999,1,nan,nan,1,1.00003,1,1,0
1.0625,9.1875,1,1,1,1,nan,nan,1,1.00003,1,1,0
1.0625,9.3125,1,1,1,1,nan,nan,1,1.00003,1,1,0
1.0625,9.4375,1,1,1,1,nan,nan,1,1.00003,1,1,0
1.0625,9.5625,1,1,1,1,nan,nan,1,1.00003,1,1,0
1.0625,9.6875,1,1,1,1,nan,nan,1,1.00003,1,1,0
1.0625,9.8125,1,1,1,1,nan,nan,1,1.00003,1,1,0
1.0625,9.9375,1,1,1,1,nan,nan,1,1.00003,1,1,0
1.1875,0.0625,1,1,1,1,nan,nan,1,1.00003,1,1,0
1.1875,0.1875,1,1,1,1,nan,nan,1,1.00003,1,1,0
1.1875,0.3125,1,1,1,1,nan,nan,1,1.00003,1,1,0
1.1875,0.4375,1,1,1,1,nan,nan,1,1.00003,1,1,0
1.1875,0.5625,1,1,1,1,nan,nan,1,1.00003,1,1,0
1.1875,0.6875,1,1,1,1,nan,nan,1,1.00003,1,1,0
1.1875,0.8125,1,1,0.999999,1,nan,nan,1,1.00003,1,1,0
1.1875,0.9375,1,1,0.999999,1,nan,nan,1,1.00003,1,1,0
1.1875,1.0625,1,1,0.999998,1,nan,nan,1,1.00003,1,1,0
1.1875,1.1875,1,1,0.999998,1,nan,nan,1,1.00003,1,1,0
1.1875,1.3125,1,1,0.999996,1,nan,nan,1,1.00003,1,1,0
1.1875,1.4375,1,1.00001,0.999994,1,nan,nan,1,1.00003,1,1,0
1.1875,1.5625,1,1.00001,0.999991,1,nan,nan,1,1.00003,1,1,0
1.1875,1.6875,1,1.00001,0.999986,1,nan,nan,1,1.00003,1,1,0
1.1875,1.8125,1,1.00002,0.999978,1,nan,nan,1,1.00003,1,1,0
1.1875,1.9375,1,1.00003,0.999968,1,nan,nan,1,1.00003,1,1,0
1.1875,2.0625,1,1.00004,0.999953,1,nan,nan,1,1.00003,1,1,0
1.1875,2.1875,1,1.00005,0.999933,1,nan,nan,1,1.00003,1,1,0
1.1875,2.3125,1,1.00007,0.999906,1,nan,nan,1,1.00003,1,1,0
1.1875,2.4375,1,1.00009,0.999869,1,nan,nan,1,1.00003,1,1,0
1.1875,2.5625,1,1.00011,0.999821,1,nan,nan,1,1.00003,1,1,0
1.1875,2.6875,1,1.00015,0.999759,1,nan,nan,1,1.00003,1,1,0
1.1875,2.8125,1,1.00018,0.999681,1,nan,nan,1,1.00003,1,1,0
1.1875,2.9375,1,1.00023,0.999584,1,nan,nan,1,1.00003,1,1,0
1.1875,3.0625,1,1.00027,0.999466,1,nan,nan,1,1.00003,1,1,0
1.1875,3.1875,1,1.00032,0.999325,1,nan,nan,1,1.00003,1,1,0
1.1875,3.3125,1,1.00037,0.99916,1,nan,nan,1,1.00003,1,1,0
1.1875,3.4375,1,1.00042,0.99897,1,nan,nan,1,1.00003,1,1,0
1.1875,3.5625,1,1.00047,0.998758,1,nan,nan,1,1.00003,1,1,0
1.1875,3.6875,1,1.00051,0.998525,1,nan,nan,1,1.00003,1,1,0
1.1875,3.8125,1,1.00054,0.998275,1,nan,nan,1,1.00003,1,1,0
1.1875,3.9375,1,1.00055,0.998015,1,nan,nan,1,1.00003,1,1,0
1.1875,4.0625,1,1.00055,0.997751,1,nan,nan,1,1.00003,1,1,0
1.1875,4.1875,1,1.00053,0.997491,1,nan,nan,1,1.00003,1,1,0
1.1875,4.3125,1,1.0005,0.997244,1,nan,nan,1,1.00003,1,1,0
1.1875,4.4375,1,1.00044,0.99702,1,nan,nan,1,1.00003,1,1,0
1.1875,4.5625,1,1.00036,0.996828,1,nan,nan,1,1.00003,1,1,0
1.1875,4.6875,1,1.00027,0.996676,1,nan,nan,1,1.00003,1,1,0
1.1875,4.8125,1,1.00017,0.99657,1,nan,nan,1,1.00003,1,1,0
1.1875,4.9375,1,1.00006,0.996516,1,nan,nan,1,1.00003,1,1,0
1.1875,5.0625,1,0.999943,0.996516,1,nan,nan,1,1.00003,1,1,0
1.1875,5.1875,1,0.999831,0.99657,1,nan,nan,1,1.00003,1,1,0
1.1875,5.3125,1,0.999728,0.996676,1,nan,nan,1,1.00003,1,1,0
1.1875,5.4375,1,0.999636,0.996828,1,nan,nan,1,1.00003,1,1,0
1.1875,5.5625,1,0.99956,0.99702,1,nan,nan,1,1.00003,1,1,0
1.1875,5.6875,1,0.999503,0.997244,1,nan,nan,1,1.00003,1,1,0
1.1875,5.8125,1,0.999465,0.997491,1,nan,nan,1,1.00003,1,1,0
1.1875,5.9375,1,0.999447,0.997751,1,nan,nan,1,1.00003,1,1,0
1.1875,6.0625,1,0.999447,0.998015,1,nan,nan,1,1.00003,1,1,0
1.1875,6.1875,1,0.999463,0.998275,1,nan,nan,1,1.00003,1,1,0
1.1875,6.3125,1,0.999492,0.998525,1,nan,nan,1,1.00003,1,1,0
1.1875,6.4375,1,0.999532,0.998758,1,nan,nan,1,1.00003,1,1,0
1.1875,6.5625,1,0.999578,0.99897,1,nan,nan,1,1.00003,1,1,0
1.1875,6.6875,1,0.999628,0.99916,1,nan,nan,1,1.00003,1,1,0
1.1875,6.8125,1,0.999679,0.999325,1,nan,nan,1,1.00003,1,1,0
1.1875,6.9375,1,0.999729,0.999466,1,nan,nan,1,1.00003,1,1,0
1.1875,7.0625,1,0.999775,0.999584,1,nan,nan,1,1.00003,1,1,0
1.1875,7.1875,1,0.999817,0.999681,1,nan,nan,1,1.00003,1,1,0
1.1875,7.3125,1,0.999854,0.999759,1,nan,nan,1,1.00003,1,1,0
1.1875,7.4375,1,0.999886,0.999821,1,nan,nan,1,1.00003,1,1,0
1.1875,7.5625,1,0.999912,0.999869,1,nan,nan,1,1.00003,1,1,0
1.1875,7.6875,1,0.999934,0.999906,1,nan,nan,1,1.00003,1,1,0
1.1875,7.8125,1,0.999951,0.999933,1,nan,nan,1,1.00003,1,1,0
1.1875,7.9375,1,0.999964,0.999953,1,nan,nan,1,1.00003,1,1,0
1.1875,8.0625,1,0.999974,0.999968,1,nan,nan,1,1.00003,1,1,0
1.1875,8.1875,1,0.999982,0.999978,1,nan,nan,1,1.00003,1,1,0
1.1875,8.3125,1,0.999987,0.999986,1,nan,nan,1,1.00003,1,1,0
1.1875,8.4375,1,0.999991,0.999991,1,nan,nan,1,1.00003,1,1,0
1.1875,8.5625,1,0.999994,0.999994,1,nan,nan,1,1.00003,1,1,0
1.1875,8.6875,1,0.999996,0.999996,1,nan,nan,1,1.00003,1,1,0
1.1875,8.8125,1,0.999998,0.999998,1,nan,nan,1,1.00003,1,1,0
1.1875,8.9375,1,0.999998,0.999998,1,nan,nan,1,1.00003,1,1,0
1.1875,9.0625,1,0.999999,0.999999,1,nan,nan,1,1.00003,1,1,0
1.1875,9.1875,1,0.999999,0.999999,1,nan,nan,1,1.00003,1,1,0
1.1875,9.3125,1,1,1,1,nan,nan,1,1.00003,1,1,0
1.1875,9.4375,1,1,1,1,nan,nan,1,1.00003,1,1,0
1.1875,9.5625,1,1,1,1,nan,nan,1,1.00003,1,1,0
1.1875,9.6875,1,1,1,1,nan,nan,1,1.00003,1,1,0
1.1875,9.8125,1,1,1,1,nan,nan,1,1.00003,1,1,0
1.1875,9.9375,1,1,1,1,nan,nan,1,1.00003,1,1,0
1.3125,0.0625,1,1,1,1,nan,nan,1,1.00003,1,1,0
1.3125,0.1875,1,1,1,1,nan,nan,1,1.00003,1,1,0
1.3125,0.3125,1,1,1,1,nan,nan,1,1.00003,1,1,0
1.3125,0.4375,1,1,1,1,nan,nan,1,1.00003,1,1,0
1.3125,0.5625,1,1,1,1,nan,nan,1,1.00003,1,1,0
1.3125,0.6875,1,1,1,1,nan,nan,1,1.00003,1,1,0
1.3125,0.8125,1,1,0.999999,1,nan,nan,1,1.00003,1,1,0
1.3125,0.9375,1,1,0.999999,1,nan,nan,1,1.00003,1,1,0
1.3125,1.0625,1,1,0.999998,1,nan,nan,1,1.00003,1,1,0
1.3125,1.1875,1,1,0.999996,1,nan,nan,1,1.00003,1,1,0
1.3125,1.3125,1,1.00001,0.999994,1,nan,nan,1,1.00003,1,1,0
1.3125,1.4375,1,1.00001,0.999991,1,nan,nan,1,1.00003,1,1,0
1.3125,1.5625,1,1.00001,0.999985,1,nan,nan,1,1.00003,1,1,0
1.3125,1.6875,1,1.00002,0.999978,1,nan,nan,1,1.00003,1,1,0
1.3125,1.8125,1,1.00003,0.999966,1,nan,nan,1,1.00003,1,1,0
1.3125,1.9375,1,1.00004,0.99995,1,nan,nan,1,1.00003,1,1,0
1.3125,2.0625,1,1.00006,0.999928,1,nan,nan,1,1.00003,1,1,0
1.3125,2.1875,1,1.00008,0.999897,1,nan,nan,1,1.00003,1,1,0
1.3125,2.3125,1,1.00011,0.999854,1,nan,nan,1,1.00003,1,1,0
1.3125,2.4375,1,1.00014,0.999798,1,nan,nan,1,1.00003,1,1,0
1.3125,2.5625,1,1.00018,0.999723,1,nan,nan,1,1.00003,1,1,0
1.3125,2.6875,1,1.00023,0.999628,1,nan,nan,1,1.00003,1,1,0
1.3125,2.8125,1,1.00029,0.999507,1,nan,nan,1,1.00003,1,1,0
1.3125,2.9375,1,1.00036,0.999357,1,nan,nan,1,1.00003,1,1,0
1.3125,3.0625,1,1.00043,0.999174,1,nan,nan,1,1.00003,1,1,0
1.3125,3.1875,1,1.00051,0.998956,1,nan,nan,1,1.00003,1,1,0
1.3125,3.3125,1,1.00059,0.998701,1,nan,nan,1,1.00003,1,1,0
1.3125,3.4375,1,1.00067,0.998408,1,nan,nan,1,1.00003,1,1,0
1.3125,3.5625,1,1.00075,0.99808,1,nan,nan,1,1.00003,1,1,0
1.3125,3.6875,1,1.00081,0.99772,1,nan,nan,1,1.00003,1,1,0
1.3125,3.8125,1,1.00086,0.997335,1,nan,nan,1,1.00003,1,1,0
1.3125,3.9375,1,1.00088,0.996932,1,nan,nan,1,1.00003,1,1,0
1.3125,4.0625,1,1.00088,0.996524,1,nan,nan,1,1.00003,1,1,0
1.3125,4.1875,1,1.00085,0.996122,0.999999,nan,nan,1,1.00003,1,1,0
1.3125,4.3125,1,1.00079,0.995741,0.999999,nan,nan,1,1.00003,1,1,0
1.3125,4.4375,0.999999,1.0007,0.995395,0.999999,nan,nan,1,1.00003,1,1,0
1.3125,4.5625,0.999999,1.00058,0.995098,0.999999,nan,nan,1,1.00003,1,1,0
1.3125,4.6875,0.999999,1.00044,0.994862,0.999999,nan,nan,1,1.00003,1,1,0
1.3125,4.8125,0.999999,1.00027,0.994699,0.999999,nan,nan,1,1.00003,1,1,0
1.3125,4.9375,0.999999,1.00009,0.994616,0.999999,nan,nan,1,1.00003,1,1,0
1.3125,5.0625,0.999999,0.999909,0.994616,0.999999,nan,nan,1,1.00003,1,1,0
1.3125,5.1875,0.999999,0.99973,0.994699,0.999999,nan,nan,1,1.00003,1,1,0
1.3125,5.3125,0.999999,0.999565,0.994862,0.999999,nan,nan,1,1.00003,1,1,0
1.3125,5.4375,0.999999,0.999418,0.995098,0.999999,nan,nan,1,1.00003,1,1,0
1.3125,5.5625,0.999999,0.999297,0.995395,0.999999,nan,nan,1,1.00003,1,1,0
1.3125,5.6875,1,0.999206,0.995741,0.999999,nan,nan,1,1.00003,1,1,0
1.3125,5.8125,1,0.999145,0.996122,0.999999,nan,nan,1,1.00003,1,1,0
1.3125,5.9375,1,0.999116,0.996524,1,nan,nan,1,1.00003,1,1,0
1.3125,6.0625,1,0.999116,0.996932,1,nan,nan,1,1.00003,1,1,0
1.3125,6.1875,1,0.999142,0.997335,1,nan,nan,1,1.00003,1,1,0
1.3125,6.3125,1,0.999189,0.99772,1,nan,nan,1,1.00003,1,1,0
1.3125,6.4375,1,0.999252,0.99808,1,nan,nan,1,1.00003,1,1,0
1.3125,6.5625,1,0.999326,0.998408,1,nan,nan,1,1.00003,1,1,0
1.3125,6.6875,1,0.999406,0.998701,1,nan,nan,1,1.00003,1,1,0
1.3125,6.8125,1,0.999487,0.998956,1,nan,nan,1,1.00003,1,1,0
1.3125,6.9375,1,0.999566,0.999174,1,nan,nan,1,1.00003,1,1,0
1.3125,7.0625,1,0.99964,0.999357,1,nan,nan,1,1.00003,1,1,0
1.3125,7.1875,1,0.999708,0.999507,1,nan,nan,1,1.00003,1,1,0
1.3125,7.3125,1,0.999767,0.999628,1,nan,nan,1,1.00003,1,1,0
1.3125,7.4375,1,0.999817,0.999723,1,nan,nan,1,1.00003,1,1,0
1.3125,7.5625,1,0.999859,0.999798,1,nan,nan,1,1.00003,1,1,0
1.3125,7.6875,1,0.999894,0.999854,1,nan,nan,1,1.00003,1,1,0
1.3125,7.8125,1,0.999921,0.999897,1,nan,nan,1,1.00003,1,1,0
1.3125,7.9375,1,0.999943,0.999928,1,nan,nan,1,1.00003,1,1,0
1.3125,8.0625,1,0.999959,0.99995,1,nan,nan,1,1.00003,1,1,0
1.3125,8.1875,1,0.999971,0.999966,1,nan,nan,1,1.00003,1,1,0
1.3125,8.3125,1,0.99998,0.999978,1,nan,nan,1,1.00003,1,1,0
1.3125,8.4375,1,0.999986,0.999985,1,nan,nan,1,1.00003,1,1,0
1.3125,8.5625,1,0.999991,0.999991,1,nan,nan,1,1.00003,1,1,0
1.3125,8.6875,1,0.999994,0.999994,1,nan,nan,1,1.00003,1,1,0
1.3125,8.8125,1,0.999996,0.999996,1,nan,nan,1,1.00003,1,1,0
1.3125,8.9375,1,0.999998,0.999998,1,nan,nan,1,1.00003,1,1,0
1.3125,9.0625,1,0.999998,0.999999,1,nan,nan,1,1.00003,1,1,0
1.3125,9.1875,1,0.999999,0.999999,1,nan,nan,1,1.00003,1,1,0
1.3125,9.3125,1,0.999999,1,1,nan,nan,1,1.00003,1,1,0
1.3125,9.4375,1,1,1,1,nan,nan,1,1.00003,1,1,0
1.3125,9.5625,1,1,1,1,nan,nan,1,1.00003,1,1,0
1.3125,9.6875,1,1,1,1,nan,nan,1,1.00003,1,1,0
1.3125,9.8125,1,1,1,1,nan,nan,1,1.00003,1,1,0
1.3125,9.9375,1,1,1,1,nan,nan,1,1.00003,1,1,0
1.4375,0.0625,1,1,1,1,nan,nan,1,1.00003,1,1,0
1.4375,0.1875,1,1,1,1,nan,nan,1,1.00003,1,1,0
1.4375,0.3125,1,1,1,1,nan,nan,1,1.00003,1,1,0
1.4375,0.4375,1,1,1,1,nan,nan,1,1.00003,1,1,0
1.4375,0.5625,1,1,1,1,nan,nan,1,1.00003,1,1,0
1.4375,0.6875,1,1,0.999999,1,nan,nan,1,1.00003,1,1,0
1.4375,0.8125,1,1,0.999999,1,nan,nan,1,1.00003,1,1,0
1.4375,0.9375,1,1,0.999998,1,nan,nan,1,1.00003,1,1,0
1.4375,1.0625,1,1,0.999996,1,nan,nan,1,1.00003,1,1,0
1.4375,1.1875,1,1.00001,0.999994,1,nan,nan,1,1.00003,1,1,0
1.4375,1.3125,1,1.00001,0.999991,1,nan,nan,1,1.00003,1,1,0
1.4375,1.4375,1,1.00001,0.999986,1,nan,nan,1,1.00003,1,1,0
1.4375,1.5625,1,1.00002,0.999978,1,nan,nan,1,1.00003,1,1,0
1.4375,1.6875,1,1.00003,0.999966,1,nan,nan,1,1.00003,1,1,0
1.4375,1.8125,1,1.00005,0.999949,1,nan,nan,1,1.00003,1,1,0
1.4375,1.9375,1,1.00006,0.999925,1,nan,nan,1,1.00003,1,1,0
1.4375,2.0625,1,1.00009,0.99989,1,nan,nan,1,1.00003,1,1,0
1.4375,2.1875,1,1.00012,0.999843,1,nan,nan,1,1.00003,1,1,0
1.4375,2.3125,1,1.00017,0.999778,1,nan,nan,1,1.00003,1,1,0
1.4375,2.4375,1,1.00022,0.999692,1,nan,nan,1,1.00003,1,1,0
1.4375,2.5625,1,1.00029,0.99958,1,nan,nan,1,1.00003,1,1,0
1.4375,2.6875,1,1.00037,0.999434,1,nan,nan,1,1.00003,1,1,0
1.4375,2.8125,1,1.00046,0.999251,1,nan,nan,1,1.00003,1,1,0
1.4375,2.9375,1,1.00057,0.999023,1,nan,nan,1,1.00003,1,1,0
1.4375,3.0625,1,1.00068,0.998745,1,nan,nan,1,1.00003,1,1,0
1.4375,3.1875,1,1.00081,0.998414,1,nan,nan,1,1.00003,1,1,0
1.4375,3.3125,1,1.00094,0.998026,1,nan,nan,1,1.00003,1,1,0
1.4375,3.4375,1,1.00106,0.997581,1,nan,nan,1,1.00003,1,1,0
1.4375,3.5625,1,1.00118,0.997082,1,nan,nan,1,1.00003,1,1,0
1.4375,3.6875,1,1.00128,0.996535,1,nan,nan,1,1.00003,1,1,0
1.4375,3.8125,1,1.00135,0.995949,0.999999,nan,nan,1,1.00003,1,1,0
1.4375,3.9375,0.999999,1.00139,0.995337,0.999999,nan,nan,1,1.00003,1,1,0
1.4375,4.0625,0.999999,1.00139,0.994716,0.999999,nan,nan,1,1.00003,1,1,0
1.4375,4.1875,0.999999,1.00134,0.994106,0.999999,nan,nan,1,1.00003,1,1,0
1.4375,4.3125,0.999999,1.00125,0.993526,0.999998,nan,nan,1,1.00003,1,1,0
1.4375,4.4375,0.999999,1.00111,0.993,0.999998,nan,nan,1,1.00003,1,1,0
1.4375,4.5625,0.999998,1.00092,0.992549,0.999998,nan,nan,1,1.00003,1,1,0
1.4375,4.6875,0.999998,1.00068,0.992191,0.999998,nan,nan,1,1.00003,1,1,0
1.4375,4.8125,0.999998,1.00042,0.991943,0.999997,nan,nan,1,1.00003,1,1,0
1.4375,4.9375,0.999998,1.00014,0.991816,0.999997,nan,nan,1,1.00003,1,1,0
1.4375,5.0625,0.999998,0.999856,0.991816,0.999997,nan,nan,1,1.00003,1,1,0
1.4375,5.1875,0.999998,0.999576,0.991943,0.999997,nan,nan,1,1.00003,1,1,0
1.4375,5.3125,0.999998,0.999315,0.992191,0.999998,nan,nan,1,1.00003,1,1,0
1.4375,5.4375,0.999998,0.999085,0.992549,0.999998,nan,nan,1,1.00003,1,1,0
1.4375,5.5625,0.999999,0.998895,0.993,0.999998,nan,nan,1,1.00003,1,1,0
1.4375,5.6875,0.999999,0.998751,0.993526,0.999998,nan,nan,1,1.00003,1,1,0
1.4375,5.8125,0.999999,0.998656,0.994106,0.999999,nan,nan,1,1.00003,1,1,0
1.4375,5.9375,0.999999,0.99861,0.994716,0.999999,nan,nan,1,1.00003,1,1,0
1.4375,6.0625,0.999999,0.998609,0.995337,0.999999,nan,nan,1,1.00003,1,1,0
1.4375,6.1875,1,0.99865,0.995949,0.999999,nan,nan,1,1.00003,1,1,0
1.4375,6.3125,1,0.998723,0.996535,1,nan,nan,1,1.00003,1,1,0
1.4375,6.4375,1,0.998823,0.997082,1,nan,nan,1,1.00003,1,1,0
1.4375,6.5625,1,0.998939,0.997581,1,nan,nan,1,1.00003,1,1,0
1.4375,6.6875,1,0.999065,0.998026,1,nan,nan,1,1.00003,1,1,0
1.4375,6.8125,1,0.999193,0.998414,1,nan,nan,1,1.00003,1,1,0
1.4375,6.9375,1,0.999317,0.998745,1,nan,nan,1,1.00003,1,1,0
1.4375,7.0625,1,0.999434,0.999023,1,nan,nan,1,1.00003,1,1,0
1.4375,7.1875,1,0.99954,0.999251,1,nan,nan,1,1.00003,1,1,0
1.4375,7.3125,1,0.999633,0.999434,1,nan,nan,1,1.00003,1,1,0
1.4375,7.4375,1,0.999712,0.99958,1,nan,nan,1,1.00003,1,1,0
1.4375,7.5625,1,0.999779,0.999692,1,nan,nan,1,1.00003,1,1,0
1.4375,7.6875,1,0.999833,0.999778,1,nan,nan,1,1.00003,1,1,0
1.4375,7.8125,1,0.999876,0.999843,1,nan,nan,1,1.00003,1,1,0
1.4375,7.9375,1,0.99991,0.99989,1,nan,nan,1,1.00003,1,1,0
1.4375,8.0625,1,0.999935,0.999925,1,nan,nan,1,1.00003,1,1,0
1.4375,8.1875,1,0.999954,0.999949,1,nan,nan,1,1.00003,1,1,0
1.4375,8.3125,1,0.999968,0.999966,1,nan,nan,1,1.00003,1,1,0
1.4375,8.4375,1,0.999979,0.999978,1,nan,nan,1,1.00003,1,1,0
1.4375,8.5625,1,0.999986,0.999986,1,nan,nan,1,1.00003,1,1,0
1.4375,8.6875,1,0.999991,0.999991,1,nan,nan,1,1.00003,1,1,0
1.4375,8.8125,1,0.999994,0.999994,1,nan,nan,1,1.00003,1,1,0
1.4375,8.9375,1,0.999996,0.999996,1,nan,nan,1,1.00003,1,1,0
1.4375,9.0625,1,0.999998,0.999998,1,nan,nan,1,1.00003,1,1,0
1.4375,9.1875,1,0.999998,0.999999,1,nan,nan,1,1.00003,1,1,0
1.4375,9.3125,1,0.999999,0.999999,1,nan,nan,1,1.00003,1,1,0
1.4375,9.4375,1,0.999999,1,1,nan,nan,1,1.00003,1,1,0
1.4375,9.5625,1,1,1,1,nan,nan,1,1.00003,1,1,0
1.4375,9.6875,1,1,1,1,nan,nan,1,1.00003,1,1,0
1.4375,9.8125,1,1,1,1,nan,nan,1,1.00003,1,1,0
1.4375,9.9375,1,1,1,1,nan,nan,1,1.00003,1,1,0
1.5625,0.0625,1,1,1,1,nan,nan,1,1.00003,1,1,0
1.5625,0.1875,1,1,1,1,nan,nan,1,1.00003,1,1,0
1.5625,0.3125,1,1,1,1,nan,nan,1,1.00003,1,1,0
1.5625,0.4375,1,1,1,1,nan,nan,1,1.00003,1,1,0
1.5625,0.5625,1,1,0.999999,1,nan,nan,1,1.00003,1,1,0
1.5625,0.6875,1,1,0.999999,1,nan,nan,1,1.00003,1,1,0
1.5625,0.8125,1,1,0.999998,1,nan,nan,1,1.00003,1,1,0
1.5625,0.9375,1,1,0.999997,1,nan,nan,1,1.00003,1,1,0
1.5625,1.0625,1,1.00001,0.999995,1,nan,nan,1,1.00003,1,1,0
1.5625,1.1875,1,1.00001,0.999991,1,nan,nan,1,1.00003,1,1,0
1.5625,1.3125,1,1.00001,0.999986,1,nan,nan,1,1.00003,1,1,0
1.5625,1.4375,1,1.00002,0.999979,1,nan,nan,1,1.00003,1,1,0
1.5625,1.5625,1,1.00003,0.999967,1,nan,nan,1,1.00003,1,1,0
1.5625,1.6875,1,1.00005,0.999949,1,nan,nan,1,1.00003,1,1,0
1.5625,1.8125,1,1.00007,0.999924,1,nan,nan,1,1.00003,1,1,0
1.5625,1.9375,1,1.0001,0.999887,1,nan,nan,1,1.00003,1,1,0
1.5625,2.0625,1,1.00014,0.999836,1,nan,nan,1,1.00003,1,1,0
1.5625,2.1875,1,1.00019,0.999765,1,nan,nan,1,1.00003,1,1,0
1.5625,2.3125,1,1.00026,0.999669,1,nan,nan,1,1.00003,1,1,0
1.5625,2.4375,1,1.00034,0.99954,1,nan,nan,1,1.00003,1,1,0
1.5625,2.5625,1,1.00045,0.999372,1,nan,nan,1,1.00003,1,1,0
1.5625,2.6875,1,1.00057,0.999155,1,nan,nan,1,1.00003,1,1,0
1.5625,2.8125,1,1.00071,0.99888,1,nan,nan,1,1.00003,1,1,0
1.5625,2.9375,1,1.00088,0.998539,1,nan,nan,1,1.00003,1,1,0
1.5625,3.0625,1,1.00106,0.998124,1,nan,nan,1,1.00003,1,1,0
1.5625,3.1875,1,1.00125,0.997629,1,nan,nan,1,1.00003,1,1,0
1.5625,3.3125,1,1.00145,0.997049,1,nan,nan,1,1.00003,1,1,0
1.5625,3.4375,1,1.00164,0.996385,0.999999,nan,nan,1,1.00003,1,1,0
1.5625,3.5625,0.999999,1.00182,0.995639,0.999999,nan,nan,1,1.00003,1,1,0
1.5625,3.6875,0.999999,1.00198,0.994821,0.999999,nan,nan,1,1.00003,1,1,0
1.5625,3.8125,0.999999,1.00209,0.993946,0.999998,nan,nan,1,1.00003,1,1,0
1.5625,3.9375,0.999999,1.00215,0.993031,0.999998,nan,nan,1,1.00003,1,1,0
1.5625,4.0625,0.999998,1.00215,0.992104,0.999997,nan,nan,1,1.00003,1,1,0
1.5625,4.1875,0.999998,1.00208,0.991191,0.999997,nan,nan,1,1.00003,1,1,0
1.5625,4.3125,0.999997,1.00193,0.990325,0.999996,nan,nan,1,1.00003,1,1,0
1.5625,4.4375,0.999997,1.00171,0.989539,0.999995,nan,nan,1,1.00003,1,1,0
1.5625,4.5625,0.999996,1.00142,0.988864,0.999995,nan,nan,1,1.00003,1,1,0
1.5625,4.6875,0.999996,1.00106,0.98833,0.999994,nan,nan,1,1.00003,1,1,0
1.5625,4.8125,0.999996,1.00066,0.987959,0.999994,nan,nan,1,1.00003,1,1,0
1.5625,4.9375,0.999995,1.00022,0.98777,0.999994,nan,nan,1,1.00003,1,1,0
1.5625,5.0625,0.999995,0.999778,0.98777,0.999994,nan,nan,1,1.00003,1,1,0
1.5625,5.1875,0.999996,0.999343,0.987959,0.999994,nan,nan,1,1.00003,1,1,0
1.5625,5.3125,0.999996,0.998939,0.98833,0.999994,nan,nan,1,1.00003,1,1,0
1.5625,5.4375,0.999996,0.998583,0.988864,0.999995,nan,nan,1,1.00003,1,1,0
1.5625,5.5625,0.999997,0.998288,0.989539,0.999995,nan,nan,1,1.00003,1,1,0
1.5625,5.6875,0.999997,0.998065,0.990325,0.999996,nan,nan,1,1.00003,1,1,0
1.5625,5.8125,0.999998,0.997918,0.991191,0.999997,nan,nan,1,1.00003,1,1,0
1.5625,5.9375,0.999998,0.997846,0.992104,0.999997,nan,nan,1,1.00003,1,1,0
1.5625,6.0625,0.999999,0.997846,0.993031,0.999998,nan,nan,1,1.00003,1,1,0
1.5625,6.1875,0.999999,0.997908,0.993946,0.999998,nan,nan,1,1.00003,1,1,0
1.5625,6.3125,0.999999,0.998023,0.994821,0.999999,nan,nan,1,1.00003,1,1,0
1.5625,6.4375,0.999999,0.998176,0.995639,0.999999,nan,nan,1,1.00003,1,1,0
1.5625,6.5625,1,0.998357,0.996385,0.999999,nan,nan,1,1.00003,1,1,0
1.5625,6.6875,1,0.998551,0.997049,1,nan,nan,1,1.00003,1,1,0
1.5625,6.8125,1,0.99875,0.997629,1,nan,nan,1,1.00003,1,1,0
1.5625,6.9375,1,0.998943,0.998124,1,nan,nan,1,1.00003,1,1,0
1.5625,7.0625,1,0.999124,0.998539,1,nan,nan,1,1.00003,1,1,0
1.5625,7.1875,1,0.999287,0.99888,1,nan,nan,1,1.00003,1,1,0
1.5625,7.3125,1,0.999431,0.999155,1,nan,nan,1,1.00003,1,1,0
1.5625,7.4375,1,0.999555,0.999372,1,nan,nan,1,1.00003,1,1,0
1.5625,7.5625,1,0.999657,0.99954,1,nan,nan,1,1.00003,1,1,0
1.5625,7.6875,1,0.999741,0.999669,1,nan,nan,1,1.00003,1,1,0
1.5625,7.8125,1,0.999808,0.999765,1,nan,nan,1,1.00003,1,1,0
1.5625,7.9375,1,0.99986,0.999836,1,nan,nan,1,1.00003,1,1,0
1.5625,8.0625,1,0.9999,0.999887,1,nan,nan,1,1.00003,1,1,0
1.5625,8.1875,1,0.999929,0.999924,1,nan,nan,1,1.00003,1,1,0
1.5625,8.3125,1,0.999951,0.999949,1,nan,nan,1,1.00003,1,1,0
1.5625,8.4375,1,0.999967,0.999967,1,nan,nan,1,1.00003,1,1,0
1.5625,8.5625,1,0.999978,0.999979,1,nan,nan,1,1.00003,1,1,0
1.5625,8.6875,1,0.999985,0.999986,1,nan,nan,1,1.00003,1,1,0
1.5625,8.8125,1,0.999991,0.999991,1,nan,nan,1,1.00003,1,1,0
1.5625,8.9375,1,0.999994,0.999995,1,nan,nan,1,1.00003,1,1,0
1.5625,9.0625,1,0.999996,0.999997,1,nan,nan,1,1.00003,1,1,0
1.5625,9.1875,1,0.999998,0.999998,1,nan,nan,1,1.00003,1,1,0
1.5625,9.3125,1,0.999999,0.999999,1,nan,nan,1,1.00003,1,1,0
1.5625,9.4375,1,0.999999,0.999999,1,nan,nan,1,1.00003,1,1,0
1.5625,9.5625,1,1,1,1,nan,nan,1,1.00003,1,1,0
1.5625,9.6875,1,1,1,1,nan,nan,1,1.00003,1,1,0
1.5625,9.8125,1,1,1,1,nan,nan,1,1.00003,1,1,0
1.5625,9.9375,1,1,1,1,nan,nan,1,1.00003,1,1,0
1.6875,0.0625,1,1,1,1,nan,nan,1,1.00003,1,1,0
1.6875,0.1875,1,1,1,1,nan,nan,1,1.00003,1,1,0
1.6875,0.3125,1,1,1,1,nan,nan,1,1.00003,1,1,0
1.6875,0.4375,1,1,0.999999,1,nan,nan,1,1.00003,1,1,0
1.6875,0.5625,1,1,0.999999,1,nan,nan,1,1.00003,1,1,0
1.6875,0.6875,1,1,0.999998,1,nan,nan,1,1.00003,1,1,0
1.6875,0.8125,1,1,0.999997,1,nan,nan,1,1.00003,1,1,0
1.6875,0.9375,1,1.00001,0.999995,1,nan,nan,1,1.00003,1,1,0
1.6875,1.0625,1,1.00001,0.999992,1,nan,nan,1,1.00003,1,1,0
1.6875,1.1875,1,1.00001,0.999987,1,nan,nan,1,1.00003,1,1,0
1.6875,1.3125,1,1.00002,0.99998,1,nan,nan,1,1.00003,1,1,0
1.6875,1.4375,1,1.00003,0.999968,1,nan,nan,1,1.00003,1,1,0
1.6875,1.5625,1,1.00005,0.999951,1,nan,nan,1,1.00003,1,1,0
1.6875,1.6875,1,1.00007,0.999925,1,nan,nan,1,1.00003,1,1,0
1.6875,1.8125,1,1.00011,0.999888,1,nan,nan,1,1.00003,1,1,0
1.6875,1.9375,1,1.00015,0.999834,1,nan,nan,1,1.00003,1,1,0
1.6875,2.0625,1,1.00021,0.999759,1,nan,nan,1,1.00003,1,1,0
1.6875,2.1875,1,1.00029,0.999655,1,nan,nan,1,1.00003,1,1,0
1.6875,2.3125,1,1.00039,0.999514,1,nan,nan,1,1.00003,1,1,0
1.6875,2.4375,1,1.00052,0.999325,1,nan,nan,1,1.00003,1,1,0
1.6875,2.5625,1,1.00068,0.999077,1,nan,nan,1,1.00003,1,1,0
1.6875,2.6875,1,1.00087,0.998758,1,nan,nan,1,1.00003,1,1,0
1.6875,2.8125,1,1.00109,0.998354,1,nan,nan,1,1.00003,1,1,0
1.6875,2.9375,1,1.00134,0.997854,1,nan,nan,1,1.00003,1,1,0
1.6875,3.0625,1,1.00161,0.997244,1,nan,nan,1,1.00003,1,1,0
1.6875,3.1875,1,1.00191,0.996516,0.999999,nan,nan,1,1.00003,1,1,0
1.6875,3.3125,0.999999,1.00221,0.995664,0.999999,nan,nan,1,1.00003,1,1,0
1.6875,3.4375,0.999999,1.00251,0.994688,0.999999,nan,nan,1,1.00003,1,1,0
1.6875,3.5625,0.999999,1.00278,0.993592,0.999998,nan,nan,1,1.00003,1,1,0
1.6875,3.6875,0.999998,1.00301,0.992391,0.999997,nan,nan,1,1.00003,1,1,0
1.6875,3.8125,0.999997,1.00319,0.991104,0.999996,nan,nan,1,1.00003,1,1,0
1.6875,3.9375,0.999997,1.00328,0.989761,0.999995,nan,nan,1,1.00003,1,1,0
1.6875,4.0625,0.999996,1.00328,0.988397,0.999994,nan,nan,1,1.00003,1,1,0
1.6875,4.1875,0.999995,1.00317,0.987056,0.999992,nan,nan,1,1.00003,1,1,0
1.6875,4.3125,0.999993,1.00295,0.985784,0.999991,nan,nan,1,1.00003,1,1,0
1.6875,4.4375,0.999992,1.00261,0.984629,0.999989,nan,nan,1,1.00003,1,1,0
1.6875,4.5625,0.999991,1.00216,0.983638,0.999988,nan,nan,1,1.00003,1,1,0
1.6875,4.6875,0.99999,1.00162,0.982852,0.999987,nan,nan,1,1.00003,1,1,0
1.6875,4.8125,0.99999,1.001,0.982308,0.999986,nan,nan,1,1.00003,1,1,0
1.6875,4.9375,0.999989,1.00034,0.982029,0.999985,nan,nan,1,1.00003,1,1,0
1.6875,5.0625,0.999989,0.999661,0.982029,0.999985,nan,nan,1,1.00003,1,1,0
1.6875,5.1875,0.99999,0.998999,0.982308,0.999986,nan,nan,1,1.00003,1,1,0
1.6875,5.3125,0.99999,0.998382,0.982852,0.999987,nan,nan,1,1.00003,1,1,0
1.6875,5.4375,0.999991,0.997839,0.983638,0.999988,nan,nan,1,1.00003,1,1,0
1.6875,5.5625,0.999992,0.99739,0.984629,0.999989,nan,nan,1,1.00003,1,1,0
1.6875,5.6875,0.999993,0.99705,0.985784,0.999991,nan,nan,1,1.00003,1,1,0
1.6875,5.8125,0.999995,0.996825,0.987056,0.999992,nan,nan,1,1.00003,1,1,0
1.6875,5.9375,0.999996,0.996716,0.988397,0.999994,nan,nan,1,1.00003,1,1,0
1.6875,6.0625,0.999997,0.996716,0.989761,0.999995,nan,nan,1,1.00003,1,1,0
1.6875,6.1875,0.999997,0.996811,0.991104,0.999996,nan,nan,1,1.00003,1,1,0
1.6875,6.3125,0.999998,0.996985,0.992391,0.999997,nan,nan,1,1.00003,1,1,0
1.6875,6.4375,0.999999,0.997219,0.993592,0.999998,nan,nan,1,1.00003,1,1,0
1.6875,6.5625,0.999999,0.997494,0.994688,0.999999,nan,nan,1,1.00003,1,1,0
1.6875,6.6875,0.999999,0.997791,0.995664,0.999999,nan,nan,1,1.00003,1,1,0
1.6875,6.8125,1,0.998094,0.996516,0.999999,nan,nan,1,1.00003,1,1,0
1.6875,6.9375,1,0.998388,0.997244,1,nan,nan,1,1.00003,1,1,0
1.6875,7.0625,1,0.998664,0.997854,1,nan,nan,1,1.00003,1,1,0
1.6875,7.1875,1,0.998913,0.998354,1,nan,nan,1,1.00003,1,1,0
1.6875,7.3125,1,0.999133,0.998758,1,nan,nan,1,1.00003,1,1,0
1.6875,7.4375,1,0.999321,0.999077,1,nan,nan,1,1.00003,1,1,0
1.6875,7.5625,1,0.999478,0.999325,1,nan,nan,1,1.00003,1,1,0
1.6875,7.6875,1,0.999605,0.999514,1,nan,nan,1,1.00003,1,1,0
1.6875,7.8125,1,0.999707,0.999655,1,nan,nan,1,1.00003,1,1,0
1.6875,7.9375,1,0.999786,0.999759,1,nan,nan,1,1.00003,1,1,0
1.6875,8.0625,1,0.999847,0.999834,1,nan,nan,1,1.00003,1,1,0
1.6875,8.1875,1,0.999892,0.999888,1,nan,nan,1,1.00003,1,1,0
1.6875,8.3125,1,0.999925,0.999925,1,nan,nan,1,1.00003,1,1,0
1.6875,8.4375,1,0.999949,0.999951,1,nan,nan,1,1.00003,1,1,0
1.6875,8.5625,1,0.999966,0.999968,1,nan,nan,1,1.00003,1,1,0
1.6875,8.6875,1,0.999978,0.99998,1,nan,nan,1,1.00003,1,1,0
1.6875,8.8125,1,0.999986,0.999987,1,nan,nan,1,1.00003,1,1,0
1.6875,8.9375,1,0.999991,0.999992,1,nan,nan,1,1.00003,1,1,0
1.6875,9.0625,1,0.999994,0.999995,1,nan,nan,1,1.00003,1,1,0
1.6875,9.1875,1,0.999996,0.999997,1,nan,nan,1,1.00003,1,1,0
1.6875,9.3125,1,0.999998,0.999998,1,nan,nan,1,1.00003,1,1,0
1.6875,9.4375,1,0.999999,0.999999,1,nan,nan,1,1.00003,1,1,0
1.6875,9.5625,1,0.999999,0.999999,1,nan,nan,1,1.00003,1,1,0
1.6875,9.6875,1,1,1,1,nan,nan,1,1.00003,1,1,0
1.6875,9.8125,1,1,1,1,nan,nan,1,1.00003,1,1,0
1.6875,9.9375,1,1,1,1,nan,nan,1,1.00003,1,1,0
1.8125,0.0625,1,1,1,1,nan,nan,1,1.00003,1,1,0
1.8125,0.1875,1,1,1,1,nan,nan,1,1.00003,1,1,0
1.8125,0.3125,1,1,1,1,nan,nan,1,1.00003,1,1,0
1.8125,0.4375,1,1,0.999999,1,nan,nan,1,1.00003,1,1,0
1.8125,0.5625,1,1,0.999999,1,nan,nan,1,1.00003,1,1,0
1.8125,0.6875,1,1,0.999998,1,nan,nan,1,1.00003,1,1,0
1.8125,0.8125,1,1.00001,0.999996,1,nan,nan,1,1.00003,1,1,0
1.8125,0.9375,1,1.00001,0.999993,1,nan,nan,1,1.00003,1,1,0
1.8125,1.0625,1,1.00001,0.999989,1,nan,nan,1,1.00003,1,1,0
1.8125,1.1875,1,1.00002,0.999982,1,nan,nan,1,1.00003,1,1,0
1.8125,1.3125,1,1.00003,0.999971,1,nan,nan,1,1.00003,1,1,0
1.8125,1.4375,1,1.00005,0.999954,1,nan,nan,1,1.00003,1,1,0
1.8125,1.5625,1,1.00008,0.999929,1,nan,nan,1,1.00003,1,1,0
1.8125,1.6875,1,1.00011,0.999892,1,nan,nan,1,1.00003,1,1,0
1.8125,1.8125,1,1.00016,0.999838,1,nan,nan,1,1.00003,1,1,0
1.8125,1.9375,1,1.00023,0.999761,1,nan,nan,1,1.00003,1,1,0
1.8125,2.0625,1,1.00032,0.999652,1,nan,nan,1,1.00003,1,1,0
1.8125,2.1875,1,1.00044,0.999502,1,nan,nan,1,1.00003,1,1,0
1.8125,2.3125,1,1.00059,0.999297,1,nan,nan,1,1.00003,1,1,0
1.8125,2.4375,1,1.00078,0.999024,1,nan,nan,1,1.00003,1,1,0
1.8125,2.5625,1,1.00102,0.998667,1,nan,nan,1,1.00003,1,1,0
1.8125,2.6875,1,1.0013,0.998206,1,nan,nan,1,1.00003,1,1,0
1.8125,2.8125,1,1.00163,0.997623,1,nan,nan,1,1.00003,1,1,0
1.8125,2.9375,1,1.00201,0.9969,1,nan,nan,1,1.00003,1,1,0
1.8125,3.0625,0.999999,1.00242,0.996019,0.999999,nan,nan,1,1.00003,1,1,0
1.8125,3.1875,0.999999,1.00286,0.994968,0.999999,nan,nan,1,1.00003,1,1,0
1.8125,3.3125,0.999999,1.00332,0.993737,0.999998,nan,nan,1,1.00003,1,1,0
1.8125,3.4375,0.999998,1.00376,0.992327,0.999997,nan,nan,1,1.00003,1,1,0
1.8125,3.5625,0.999997,1.00417,0.990744,0.999996,nan,nan,1,1.00003,1,1,0
1.8125,3.6875,0.999996,1.00453,0.989008,0.999994,nan,nan,1,1.00003,1,1,0
1.8125,3.8125,0.999994,1.00479,0.987149,0.999992,nan,nan,1,1.00003,1,1,0
1.8125,3.9375,0.999992,1.00493,0.985209,0.999989,nan,nan,1,1.00003,1,1,0
1.8125,4.0625,0.99999,1.00493,0.98324,0.999986,nan,nan,1,1.00003,1,1,0
1.8125,4.1875,0.999988,1.00477,0.981302,0.999983,nan,nan,1,1.00003,1,1,0
1.8125,4.3125,0.999985,1.00443,0.979465,0.999979,nan,nan,1,1.00003,1,1,0
1.8125,4.4375,0.999983,1.00392,0.977796,0.999976,nan,nan,1,1.00003,1,1,0
1.8125,4.5625,0.99998,1.00324,0.976364,0.999973,nan,nan,1,1.00003,1,1,0
1.8125,4.6875,0.999978,1.00243,0.97523,0.99997,nan,nan,1,1.00003,1,1,0
1.8125,4.8125,0.999977,1.0015,0.974443,0.999968,nan,nan,1,1.00003,1,1,0
1.8125,4.9375,0.999976,1.00051,0.974041,0.999967,nan,nan,1,1.00003,1,1,0
1.8125,5.0625,0.999976,0.999491,0.974041,0.999967,nan,nan,1,1.00003,1,1,0
1.8125,5.1875,0.999977,0.998497,0.974443,0.999968,nan,nan,1,1.00003,1,1,0
1.8125,5.3125,0.999978,0.997572,0.97523,0.99997,nan,nan,1,1.00003,1,1,0
1.8125,5.4375,0.99998,0.996756,0.976364,0.999973,nan,nan,1,1.00003,1,1,0
1.8125,5.5625,0.999983,0.996082,0.977796,0.999976,nan,nan,1,1.00003,1,1,0
1.8125,5.6875,0.999985,0.995571,0.979465,0.999979,nan,nan,1,1.00003,1,1,0
1.8125,5.8125,0.999988,0.995234,0.981302,0.999983,nan,nan,1,1.00003,1,1,0
1.8125,5.9375,0.99999,0.99507,0.98324,0.999986,nan,nan,1,1.00003,1,1,0
1.8125,6.0625,0.999992,0.99507,0.985209,0.999989,nan,nan,1,1.00003,1,1,0
1.8125,6.1875,0.999994,0.995212,0.987149,0.999992,nan,nan,1,1.00003,1,1,0
1.8125,6.3125,0.999996,0.995474,0.989008,0.999994,nan,nan,1,1.00003,1,1,0
1.8125,6.4375,0.999997,0.995826,0.990744,0.999996,nan,nan,1,1.00003,1,1,0
1.8125,6.5625,0.999998,0.996238,0.992327,0.999997,nan,nan,1,1.00003,1,1,0
1.8125,6.6875,0.999999,0.996684,0.993737,0.999998,nan,nan,1,1.00003,1,1,0
1.8125,6.8125,0.999999,0.997138,0.994968,0.999999,nan,nan,1,1.00003,1,1,0
1.8125,6.9375,0.999999,0.99758,0.996019,0.999999,nan,nan,1,1.00003,1,1,0
1.8125,7.0625,1,0.997994,0.9969,1,nan,nan,1,1.00003,1,1,0
1.8125,7.1875,1,0.998369,0.997623,1,nan,nan,1,1.00003,1,1,0
1.8125,7.3125,1,0.998698,0.998206,1,nan,nan,1,1.00003,1,1,0
1.8125,7.4375,1,0.99898,0.998667,1,nan,nan,1,1.00003,1,1,0
1.8125,7.5625,1,0.999216,0.999024,1,nan,nan,1,1.00003,1,1,0
1.8125,7.6875,1,0.999408,0.999297,1,nan,nan,1,1.00003,1,1,0
1.8125,7.8125,1,0.99956,0.999502,1,nan,nan,1,1.00003,1,1,0
1.8125,7.9375,1,0.999679,0.999652,1,nan,nan,1,1.00003,1,1,0
1.8125,8.0625,1,0.99977,0.999761,1,nan,nan,1,1.00003,1,1,0
1.8125,8.1875,1,0.999838,0.999838,1,nan,nan,1,1.00003,1,1,0
1.8125,8.3125,1,0.999888,0.999892,1,nan,nan,1,1.00003,1,1,0
1.8125,8.4375,1,0.999924,0.999929,1,nan,nan,1,1.00003,1,1,0
1.8125,8.5625,1,0.999949,0.999954,1,nan,nan,1,1.00003,1,1,0
1.8125,8.6875,1,0.999966,0.999971,1,nan,nan,1,1.00003,1,1,0
1.8125,8.8125,1,0.999978,0.999982,1,nan,nan,1,1.00003,1,1,0
1.8125,8.9375,1,0.999986,0.999989,1,nan,nan,1,1.00003,1,1,0
1.8125,9.0625,1,0.999991,0.999993,1,nan,nan,1,1.00003,1,1,0
1.8125,9.1875,1,0.999995,0.999996,1,nan,nan,1,1.00003,1,1,0
1.8125,9.3125,1,0.999997,0.999998,1,nan,nan,1,1.00003,1,1,0
1.8125,9.4375,1,0.999998,0.999999,1,nan,nan,1,1.00003,1,1,0
1.8125,9.5625,1,0.999999,0.999999,1,nan,nan,1,1.00003,1,1,0
1.8125,9.6875,1,0.999999,1,1,nan,nan,1,1.00003,1,1,0
1.8125,9.8125,1,1,1,1,nan,nan,1,1.00003,1,1,0
1.8125,9.9375,1,1,1,1,nan,nan,1,1.00003,1,1,0
1.9375,0.0625,1,1,1,1,nan,nan,1,1.00003,1,1,0
1.9375,0.1875,1,1,1,1,nan,nan,1,1.00003,1,1,0
1.9375,0.3125,1,1,0.999999,1,nan,nan,1,1.00003,1,1,0
1.9375,0.4375,1,1,0.999999,1,nan,nan,1,1.00003,1,1,0
1.9375,0.5625,1,1,0.999998,1,nan,nan,1,1.00003,1,1,0
1.9375,0.6875,1,1,0.999997,1,nan,nan,1,1.00003,1,1,0
1.9375,0.8125,1,1.00001,0.999994,1,nan,nan,1,1.00003,1,1,0
1.9375,0.9375,1,1.00001,0.99999,1,nan,nan,1,1.00003,1,1,0
1.9375,1.0625,1,1.00002,0.999984,1,nan,nan,1,1.00003,1,1,0
1.9375,1.1875,1,1.00003,0.999974,1,nan,nan,1,1.00003,1,1,0
1.9375,1.3125,1,1.00005,0.999959,1,nan,nan,1,1.00003,1,1,0
1.9375,1.4375,1,1.00008,0.999935,1,nan,nan,1,1.00003,1,1,0
1.9375,1.5625,1,1.00011,0.9999,1,nan,nan,1,1.00003,1,1,0
1.9375,1.6875,1,1.00017,0.999847,1,nan,nan,1,1.00003,1,1,0
1.9375,1.8125,1,1.00024,0.99977,1,nan,nan,1,1.00003,1,1,0
1.9375,1.9375,1,1.00034,0.999661,1,nan,nan,1,1.00003,1,1,0
1.9375,2.0625,1,1.00047,0.999506,1,nan,nan,1,1.00003,1,1,0
1.9375,2.1875,1,1.00065,0.999292,1,nan,nan,1,1.00003,1,1,0
1.9375,2.3125,1,1.00088,0.999002,1,nan,nan,1,1.00003,1,1,0
1.9375,2.4375,1,1.00116,0.998615,1,nan,nan,1,1.00003,1,1,0
1.9375,2.5625,1,1.00151,0.998107,1,nan,nan,1,1.00003,1,1,0
1.9375,2.6875,1,1.00192,0.997452,1,nan,nan,1,1.00003,1,1,0
1.9375,2.8125,1,1.00241,0.996625,0.999999,nan,nan,1,1.00003,1,1,0
1.9375,2.9375,0.999999,1.00296,0.995598,0.999999,nan,nan,1,1.00003,1,1,0
1.9375,3.0625,0.999999,1.00358,0.994347,0.999998,nan,nan,1,1.00003,1,1,0
1.9375,3.1875,0.999998,1.00423,0.992854,0.999997,nan,nan,1,1.00003,1,1,0
1.9375,3.3125,0.999997,1.0049,0.991107,0.999996,nan,nan,1,1.00003,1,1,0
1.9375,3.4375,0.999995,1.00556,0.989104,0.999994,nan,nan,1,1.00003,1,1,0
1.9375,3.5625,0.999993,1.00617,0.986857,0.999991,nan,nan,1,1.00003,1,1,0
1.9375,3.6875,0.999991,1.00669,0.984392,0.999987,nan,nan,1,1.00003,1,1,0
1.9375,3.8125,0.999987,1.00708,0.981753,0.999982,nan,nan,1,1.00003,1,1,0
1.9375,3.9375,0.999983,1.00729,0.978998,0.999976,nan,nan,1,1.00003,1,1,0
1.9375,4.0625,0.999978,1.00729,0.976201,0.99997,nan,nan,1,1.00003,1,1,0
1.9375,4.1875,0.999973,1.00704,0.97345,0.999962,nan,nan,1,1.00003,1,1,0
1.9375,4.3125,0.999968,1.00655,0.970841,0.999955,nan,nan,1,1.00003,1,1,0
1.9375,4.4375,0.999962,1.00579,0.968472,0.999947,nan,nan,1,1.00003,1,1,0
1.9375,4.5625,0.999957,1.00479,0.966438,0.99994,nan,nan,1,1.00003,1,1,0
1.9375,4.6875,0.999953,1.00359,0.964827,0.999934,nan,nan,1,1.00003,1,1,0
1.9375,4.8125,0.99995,1.00222,0.963711,0.99993,nan,nan,1,1.00003,1,1,0
1.9375,4.9375,0.999948,1.00075,0.963139,0.999928,nan,nan,1,1.00003,1,1,0
1.9375,5.0625,0.999948,0.999248,0.963139,0.999928,nan,nan,1,1.00003,1,1,0
1.9375,5.1875,0.99995,0.997778,0.963711,0.99993,nan,nan,1,1.00003,1,1,0
1.9375,5.3125,0.999953,0.996411,0.964827,0.999934,nan,nan,1,1.00003,1,1,0
1.9375,5.4375,0.999957,0.995205,0.966438,0.99994,nan,nan,1,1.00003,1,1,0
1.9375,5.5625,0.999962,0.994209,0.968472,0.999947,nan,nan,1,1.00003,1,1,0
1.9375,5.6875,0.999968,0.993454,0.970841,0.999955,nan,nan,1,1.00003,1,1,0
1.9375,5.8125,0.999973,0.992956,0.97345,0.999962,nan,nan,1,1.00003,1,1,0
1.9375,5.9375,0.999978,0.992715,0.976201,0.99997,nan,nan,1,1.00003,1,1,0
1.9375,6.0625,0.999983,0.992713,0.978998,0.999976,nan,nan,1,1.00003,1,1,0
1.9375,6.1875,0.999987,0.992925,0.981753,0.999982,nan,nan,1,1.00003,1,1,0
1.9375,6.3125,0.999991,0.993311,0.984392,0.999987,nan,nan,1,1.00003,1,1,0
1.9375,6.4375,0.999993,0.993831,0.986857,0.999991,nan,nan,1,1.00003,1,1,0
1.9375,6.5625,0.999995,0.994441,0.989104,0.999994,nan,nan,1,1.00003,1,1,0
1.9375,6.6875,0.999997,0.9951,0.991107,0.999996,nan,nan,1,1.00003,1,1,0
1.9375,6.8125,0.999998,0.995771,0.992854,0.999997,nan,nan,1,1.00003,1,1,0
1.9375,6.9375,0.999999,0.996424,0.994347,0.999998,nan,nan,1,1.00003,1,1,0
1.9375,7.0625,0.999999,0.997035,0.995598,0.999999,nan,nan,1,1.00003,1,1,0
1.9375,7.1875,1,0.997589,0.996625,0.999999,nan,nan,1,1.00003,1,1,0
1.9375,7.3125,1,0.998076,0.997452,1,nan,nan,1,1.00003,1,1,0
1.9375,7.4375,1,0.998493,0.998107,1,nan,nan,1,1.00003,1,1,0
1.9375,7.5625,1,0.998841,0.998615,1,nan,nan,1,1.00003,1,1,0
1.9375,7.6875,1,0.999124,0.999002,1,nan,nan,1,1.00003,1,1,0
1.9375,7.8125,1,0.99935,0.999292,1,nan,nan,1,1.00003,1,1,0
1.9375,7.9375,1,0.999526,0.999506,1,nan,nan,1,1.00003,1,1,0
1.9375,8.0625,1,0.999661,0.999661,1,nan,nan,1,1.00003,1,1,0
1.9375,8.1875,1,0.999761,0.99977,1,nan,nan,1,1.00003,1,1,0
1.9375,8.3125,1,0.999834,0.999847,1,nan,nan,1,1.00003,1,1,0
1.9375,8.4375,1,0.999887,0.9999,1,nan,nan,1,1.00003,1,1,0
1.9375,8.5625,1,0.999925,0.999935,1,nan,nan,1,1.00003,1,1,0
1.9375,8.6875,1,0.99995,0.999959,1,nan,nan,1,1.00003,1,1,0
1.9375,8.8125,1,0.999968,0.999974,1,nan,nan,1,1.00003,1,1,0
1.9375,8.9375,1,0.99998,0.999984,1,nan,nan,1,1.00003,1,1,0
1.9375,9.0625,1,0.999987,0.99999,1,nan,nan,1,1.00003,1,1,0
1.9375,9.1875,1,0.999992,0.999994,1,nan,nan,1,1.00003,1,1,0
1.9375,9.3125,1,0.999995,0.999997,1,nan,nan,1,1.00003,1,1,0
1.9375,9.4375,1,0.999997,0.999998,1,nan,nan,1,1.00003,1,1,0
1.9375,9.5625,1,0.999998,0.999999,1,nan,nan,1,1.00003,1,1,0
1.9375,9.6875,1,0.999999,0.999999,1,nan,nan,1,1.00003,1,1,0
1.9375,9.8125,1,0.999999,1,1,nan,nan,1,1.00003,1,1,0
1.9375,9.9375,1,1,1,1,nan,nan,1,1.00003,1,1,0
2.0625,0.0625,1,1,1,1,nan,nan,1,1.00003,1,1,0
2.0625,0.1875,1,1,1,1,nan,nan,1,1.00003,1,1,0
2.0625,0.3125,1,1,0.999999,1,nan,nan,1,1.00003,1,1,0
2.0625,0.4375,1,1,0.999998,1,nan,nan,1,1.00003,1,1,0
2.0625,0.5625,1,1,0.999997,1,nan,nan,1,1.00003,1,1,0
2.0625,0.6875,1,1.00001,0.999995,1,nan,nan,1,1.00003,1,1,0
2.0625,0.8125,1,1.00001,0.999992,1,nan,nan,1,1.00003,1,1,0
2.0625,0.9375,1,1.00002,0.999987,1,nan,nan,1,1.00003,1,1,0
2.0625,1.0625,1,1.00003,0.999978,1,nan,nan,1,1.00003,1,1,0
2.0625,1.1875,1,1.00005,0.999964,1,nan,nan,1,1.00003,1,1,0
2.0625,1.3125,1,1.00007,0.999943,1,nan,nan,1,1.00003,1,1,0
2.0625,1.4375,1,1.00011,0.99991,1,nan,nan,1,1.00003,1,1,0
2.0625,1.5625,1,1.00016,0.99986,1,nan,nan,1,1.00003,1,1,0
2.0625,1.6875,1,1.00024,0.999786,1,nan,nan,1,1.00003,1,1,0
2.0625,1.8125,1,1.00035,0.999679,1,nan,nan,1,1.00003,1,1,0
2.0625,1.9375,1,1.00049,0.999526,1,nan,nan,1,1.00003,1,1,0
2.0625,2.0625,1,1.00069,0.999311,1,nan,nan,1,1.00003,1,1,0
2.0625,2.1875,1,1.00095,0.999013,1,nan,nan,1,1.00003,1,1,0
2.0625,2.3125,1,1.00127,0.998608,1,nan,nan,1,1.00003,1,1,0
2.0625,2.4375,1,1.00169,0.998067,1,nan,nan,1,1.00003,1,1,0
2.0625,2.5625,1,1.00219,0.997358,1,nan,nan,1,1.00003,1,1,0
2.0625,2.6875,0.999999,1.0028,0.996444,0.999999,nan,nan,1,1.00003,1,1,0
2.0625,2.8125,0.999999,1.00351,0.995289,0.999999,nan,nan,1,1.00003,1,1,0
2.0625,2.9375,0.999998,1.00431,0.993856,0.999998,nan,nan,1,1.00003,1,1,0
2.0625,3.0625,0.999997,1.0052,0.992111,0.999996,nan,nan,1,1.00003,1,1,0
2.0625,3.1875,0.999996,1.00615,0.990027,0.999994,nan,nan,1,1.00003,1,1,0
2.0625,3.3125,0.999994,1.00713,0.987589,0.999991,nan,nan,1,1.00003,1,1,0
2.0625,3.4375,0.99999,1.00809,0.984794,0.999987,nan,nan,1,1.00003,1,1,0
2.0625,3.5625,0.999986,1.00898,0.981658,0.999981,nan,nan,1,1.00003,1,1,0
2.0625,3.6875,0.99998,1.00973,0.978218,0.999973,nan,nan,1,1.00003,1,1,0
2.0625,3.8125,0.999973,1.01029,0.974534,0.999962,nan,nan,1,1.00003,1,1,0
2.0625,3.9375,0.999964,1.0106,0.970689,0.99995,nan,nan,1,1.00003,1,1,0
2.0625,4.0625,0.999954,1.0106,0.966786,0.999936,nan,nan,1,1.00003,1,1,0
2.0625,4.1875,0.999943,1.01025,0.962947,0.99992,nan,nan,1,1.00003,1,1,0
2.0625,4.3125,0.999931,1.00952,0.959305,0.999904,nan,nan,1,1.00003,1,1,0
2.0625,4.4375,0.99992,1.00843,0.955999,0.999888,nan,nan,1,1.00003,1,1,0
2.0625,4.5625,0.999909,1.00698,0.953161,0.999873,nan,nan,1,1.00003,1,1,0
2.0625,4.6875,0.9999,1.00522,0.950913,0.99986,nan,nan,1,1.00003,1,1,0
2.0625,4.8125,0.999894,1.00323,0.949355,0.999851,nan,nan,1,1.00003,1,1,0
2.0625,4.9375,0.99989,1.00109,0.948557,0.999847,nan,nan,1,1.00003,1,1,0
2.0625,5.0625,0.99989,0.998905,0.948557,0.999847,nan,nan,1,1.00003,1,1,0
2.0625,5.1875,0.999894,0.996767,0.949355,0.999851,nan,nan,1,1.00003,1,1,0
2.0625,5.3125,0.9999,0.994778,0.950913,0.99986,nan,nan,1,1.00003,1,1,0
2.0625,5.4375,0.999909,0.993024,0.953161,0.999873,nan,nan,1,1.00003,1,1,0
2.0625,5.5625,0.99992,0.991574,0.955999,0.999888,nan,nan,1,1.00003,1,1,0
2.0625,5.6875,0.999931,0.990476,0.959305,0.999904,nan,nan,1,1.00003,1,1,0
2.0625,5.8125,0.999943,0.989751,0.962947,0.99992,nan,nan,1,1.00003,1,1,0
2.0625,5.9375,0.999954,0.9894,0.966786,0.999936,nan,nan,1,1.00003,1,1,0
2.0625,6.0625,0.999964,0.989398,0.970689,0.99995,nan,nan,1,1.00003,1,1,0
2.0625,6.1875,0.999973,0.989705,0.974534,0.999962,nan,nan,1,1.00003,1,1,0
2.0625,6.3125,0.99998,0.990268,0.978218,0.999973,nan,nan,1,1.00003,1,1,0
2.0625,6.4375,0.999986,0.991024,0.981658,0.999981,nan,nan,1,1.00003,1,1,0
2.0625,6.5625,0.99999,0.991911,0.984794,0.999987,nan,nan,1,1.00003,1,1,0
2.0625,6.6875,0.999994,0.99287,0.987589,0.999991,nan,nan,1,1.00003,1,1,0
2.0625,6.8125,0.999996,0.993847,0.990027,0.999994,nan,nan,1,1.00003,1,1,0
2.0625,6.9375,0.999997,0.994797,0.992111,0.999996,nan,nan,1,1.00003,1,1,0
2.0625,7.0625,0.999998,0.995686,0.993856,0.999998,nan,nan,1,1.00003,1,1,0
2.0625,7.1875,0.999999,0.996492,0.995289,0.999999,nan,nan,1,1.00003,1,1,0
2.0625,7.3125,0.999999,0.997201,0.996444,0.999999,nan,nan,1,1.00003,1,1,0
2.0625,7.4375,1,0.997807,0.997358,1,nan,nan,1,1.00003,1,1,0
2.0625,7.5625,1,0.998314,0.998067,1,nan,nan,1,1.00003,1,1,0
2.0625,7.6875,1,0.998726,0.998608,1,nan,nan,1,1.00003,1,1,0
2.0625,7.8125,1,0.999055,0.999013,1,nan,nan,1,1.00003,1,1,0
2.0625,7.9375,1,0.999311,0.999311,1,nan,nan,1,1.00003,1,1,0
2.0625,8.0625,1,0.999506,0.999526,1,nan,nan,1,1.00003,1,1,0
2.0625,8.1875,1,0.999652,0.999679,1,nan,nan,1,1.00003,1,1,0
2.0625,8.3125,1,0.999759,0.999786,1,nan,nan,1,1.00003,1,1,0
2.0625,8.4375,1,0.999836,0.99986,1,nan,nan,1,1.00003,1,1,0
2.0625,8.5625,1,0.99989,0.99991,1,nan,nan,1,1.00003,1,1,0
2.0625,8.6875,1,0.999928,0.999943,1,nan,nan,1,1.00003,1,1,0
2.0625,8.8125,1,0.999953,0.999964,1,nan,nan,1,1.00003,1,1,0
2.0625,8.9375,1,0.99997,0.999978,1,nan,nan,1,1.00003,1,1,0
2.0625,9.0625,1,0.999981,0.999987,1,nan,nan,1,1.00003,1,1,0
2.0625,9.1875,1,0.999989,0.999992,1,nan,nan,1,1.00003,1,1,0
2.0625,9.3125,1,0.999993,0.999995,1,nan,nan,1,1.00003,1,1,0
2.0625,9.4375,1,0.999996,0.999997,1,nan,nan,1,1.00003,1,1,0
2.0625,9.5625,1,0.999998,0.999998,1,nan,nan,1,1.00003,1,1,0
2.0625,9.6875,1,0.999999,0.999999,1,nan,nan,1,1.00003,1,1,0
2.0625,9.8125,1,0.999999,1,1,nan,nan,1,1.00003,1,1,0
2.0625,9.9375,1,1,1,1,nan,nan,1,1.00003,1,1,0
2.1875,0.0625,1,1,1,1,nan,nan,1,1.00003,1,1,0
2.1875,0.1875,1,1,0.999999,1,nan,nan,1,1.00003,1,1,0
2.1875,0.3125,1,1,0.999999,1,nan,nan,1,1.00003,1,1,0
2.1875,0.4375,1,1,0.999998,1,nan,nan,1,1.00003,1,1,0
2.1875,0.5625,1,1.00001,0.999996,1,nan,nan,1,1.00003,1,1,0
2.1875,0.6875,1,1.00001,0.999994,1,nan,nan,1,1.00003,1,1,0
2.1875,0.8125,1,1.00002,0.999989,1,nan,nan,1,1.00003,1,1,0
2.1875,0.9375,1,1.00003,0.999982,1,nan,nan,1,1.00003,1,1,0
2.1875,1.0625,1,1.00004,0.99997,1,nan,nan,1,1.00003,1,1,0
2.1875,1.1875,1,1.00007,0.999951,1,nan,nan,1,1.00003,1,1,0
2.1875,1.3125,1,1.0001,0.999921,1,nan,nan,1,1.00003,1,1,0
2.1875,1.4375,1,1.00016,0.999876,1,nan,nan,1,1.00003,1,1,0
2.1875,1.5625,1,1.00023,0.999808,1,nan,nan,1,1.00003,1,1,0
2.1875,1.6875,1,1.00034,0.999707,1,nan,nan,1,1.00003,1,1,0
2.1875,1.8125,1,1.0005,0.99956,1,nan,nan,1,1.00003,1,1,0
2.1875,1.9375,1,1.00071,0.99935,1,nan,nan,1,1.00003,1,1,0
2.1875,2.0625,1,1.00099,0.999055,1,nan,nan,1,1.00003,1,1,0
2.1875,2.1875,1,1.00135,0.998646,1,nan,nan,1,1.00003,1,1,0
2.1875,2.3125,1,1.00182,0.99809,1,nan,nan,1,1.00003,1,1,0
2.1875,2.4375,1,1.00242,0.997349,1,nan,nan,1,1.00003,1,1,0
2.1875,2.5625,0.999999,1.00314,0.996376,0.999999,nan,nan,1,1.00003,1,1,0
2.1875,2.6875,0.999999,1.00401,0.995123,0.999998,nan,nan,1,1.00003,1,1,0
2.1875,2.8125,0.999998,1.00502,0.993539,0.999997,nan,nan,1,1.00003,1,1,0
2.1875,2.9375,0.999997,1.00618,0.991574,0.999996,nan,nan,1,1.00003,1,1,0
2.1875,3.0625,0.999995,1.00745,0.98918,0.999993,nan,nan,1,1.00003,1,1,0
2.1875,3.1875,0.999992,1.00881,0.986323,0.999988,nan,nan,1,1.00003,1,1,0
2.1875,3.3125,0.999987,1.01021,0.982978,0.999982,nan,nan,1,1.00003,1,1,0
2.1875,3.4375,0.99998,1.01159,0.979145,0.999973,nan,nan,1,1.00003,1,1,0
2.1875,3.5625,0.999971,1.01286,0.974844,0.99996,nan,nan,1,1.00003,1,1,0
2.1875,3.6875,0.99996,1.01394,0.970126,0.999944,nan,nan,1,1.00003,1,1,0
2.1875,3.8125,0.999945,1.01475,0.965074,0.999923,nan,nan,1,1.00003,1,1,0
2.1875,3.9375,0.999927,1.01519,0.9598,0.999898,nan,nan,1,1.00003,1,1,0
2.1875,4.0625,0.999906,1.01518,0.954448,0.999869,nan,nan,1,1.00003,1,1,0
2.1875,4.1875,0.999883,1.01468,0.949183,0.999837,nan,nan,1,1.00003,1,1,0
2.1875,4.3125,0.999859,1.01364,0.944188,0.999803,nan,nan,1,1.00003,1,1,0
2.1875,4.4375,0.999836,1.01207,0.939653,0.99977,nan,nan,1,1.00003,1,1,0
2.1875,4.5625,0.999814,1.00999,0.935761,0.999739,nan,nan,1,1.00003,1,1,0
2.1875,4.6875,0.999795,1.00748,0.932678,0.999714,nan,nan,1,1.00003,1,1,0
2.1875,4.8125,0.999782,1.00463,0.930541,0.999695,nan,nan,1,1.00003,1,1,0
2.1875,4.9375,0.999775,1.00157,0.929447,0.999685,nan,nan,1,1.00003,1,1,0
2.1875,5.0625,0.999775,0.998432,0.929447,0.999685,nan,nan,1,1.00003,1,1,0
2.1875,5.1875,0.999782,0.995369,0.930541,0.999695,nan,nan,1,1.00003,1,1,0
2.1875,5.3125,0.999795,0.99252,0.932678,0.999714,nan,nan,1,1.00003,1,1,0
2.1875,5.4375,0.999814,0.990007,0.935761,0.999739,nan,nan,1,1.00003,1,1,0
2.1875,5.5625,0.999836,0.987931,0.939653,0.99977,nan,nan,1,1.00003,1,1,0
2.1875,5.6875,0.999859,0.986357,0.944188,0.999803,nan,nan,1,1.00003,1,1,0
2.1875,5.8125,0.999883,0.985319,0.949183,0.999837,nan,nan,1,1.00003,1,1,0
2.1875,5.9375,0.999906,0.984816,0.954448,0.999869,nan,nan,1,1.00003,1,1,0
2.1875,6.0625,0.999927,0.984813,0.9598,0.999898,nan,nan,1,1.00003,1,1,0
2.1875,6.1875,0.999945,0.985253,0.965074,0.999923,nan,nan,1,1.00003,1,1,0
2.1875,6.3125,0.99996,0.986059,0.970126,0.999944,nan,nan,1,1.00003,1,1,0
2.1875,6.4375,0.999971,0.987142,0.974844,0.99996,nan,nan,1,1.00003,1,1,0
2.1875,6.5625,0.99998,0.988414,0.979145,0.999973,nan,nan,1,1.00003,1,1,0
2.1875,6.6875,0.999987,0.989787,0.982978,0.999982,nan,nan,1,1.00003,1,1,0
2.1875,6.8125,0.999992,0.991186,0.986323,0.999988,nan,nan,1,1.00003,1,1,0
2.1875,6.9375,0.999995,0.992547,0.98918,0.999993,nan,nan,1,1.00003,1,1,0
2.1875,7.0625,0.999997,0.993821,0.991574,0.999996,nan,nan,1,1.00003,1,1,0
2.1875,7.1875,0.999998,0.994975,0.993539,0.999997,nan,nan,1,1.00003,1,1,0
2.1875,7.3125,0.999999,0.99599,0.995123,0.999998,nan,nan,1,1.00003,1,1,0
2.1875,7.4375,0.999999,0.996859,0.996376,0.999999,nan,nan,1,1.00003,1,1,0
2.1875,7.5625,1,0.997584,0.997349,1,nan,nan,1,1.00003,1,1,0
2.1875,7.6875,1,0.998175,0.99809,1,nan,nan,1,1.00003,1,1,0
2.1875,7.8125,1,0.998646,0.998646,1,nan,nan,1,1.00003,1,1,0
2.1875,7.9375,1,0.999013,0.999055,1,nan,nan,1,1.00003,1,1,0
2.1875,8.0625,1,0.999292,0.99935,1,nan,nan,1,1.00003,1,1,0
2.1875,8.1875,1,0.999502,0.99956,1,nan,nan,1,1.00003,1,1,0
2.1875,8.3125,1,0.999655,0.999707,1,nan,nan,1,1.00003,1,1,0
2.1875,8.4375,1,0.999765,0.999808,1,nan,nan,1,1.00003,1,1,0
2.1875,8.5625,1,0.999843,0.999876,1,nan,nan,1,1.00003,1,1,0
2.1875,8.6875,1,0.999897,0.999921,1,nan,nan,1,1.00003,1,1,0
2.1875,8.8125,1,0.999933,0.999951,1,nan,nan,1,1.00003,1,1,0
2.1875,8.9375,1,0.999957,0.99997,1,nan,nan,1,1.00003,1,1,0
2.1875,9.0625,1,0.999973,0.999982,1,nan,nan,1,1.00003,1,1,0
2.1875,9.1875,1,0.999984,0.999989,1,nan,nan,1,1.00003,1,1,0
2.1875,9.3125,1,0.99999,0.999994,1,nan,nan,1,1.00003,1,1,0
2.1875,9.4375,1,0.999994,0.999996,1,nan,nan,1,1.00003,1,1,0
2.1875,9.5625,1,0.999997,0.999998,1,nan,nan,1,1.00003,1,1,0
2.1875,9.6875,1,0.999998,0.999999,1,nan,nan,1,1.00003,1,1,0
2.1875,9.8125,1,0.999999,0.999999,1,nan,nan,1,1.00003,1,1,0
2.1875,9.9375,1,0.999999,1,1,nan,nan,1,1.00003,1,1,0
2.3125,0.0625,1,1,1,1,nan,nan,1,1.00003,1,1,0
2.3125,0.1875,1,1,0.999999,1,nan,nan,1,1.00003,1,1,0
2.3125,0.3125,1,1,0.999998,1,nan,nan,1,1.00003,1,1,0
2.3125,0.4375,1,1,0.999997,1,nan,nan,1,1.00003,1,1,0
2.3125,0.5625,1,1.00001,0.999995,1,nan,nan,1,1.00003,1,1,0
2.3125,0.6875,1,1.00001,0.999991,1,nan,nan,1,1.00003,1,1,0
2.3125,0.8125,1,1.00002,0.999985,1,nan,nan,1,1.00003,1,1,0
2.3125,0.9375,1,1.00004,0.999975,1,nan,nan,1,1.00003,1,1,0
2.3125,1.0625,1,1.00006,0.999959,1,nan,nan,1,1.00003,1,1,0
2.3125,1.1875,1,1.00009,0.999934,1,nan,nan,1,1.00003,1,1,0
2.3125,1.3125,1,1.00015,0.999894,1,nan,nan,1,1.00003,1,1,0
2.3125,1.4375,1,1.00022,0.999833,1,nan,nan,1,1.00003,1,1,0
2.3125,1.5625,1,1.00033,0.999741,1,nan,nan,1,1.00003,1,1,0
2.3125,1.6875,1,1.00049,0.999605,1,nan,nan,1,1.00003,1,1,0
2.3125,1.8125,1,1.0007,0.999408,1,nan,nan,1,1.00003,1,1,0
2.3125,1.9375,1,1.001,0.999124,1,nan,nan,1,1.00003,1,1,0
2.3125,2.0625,1,1.00139,0.998726,1,nan,nan,1,1.00003,1,1,0
2.3125,2.1875,1,1.00191,0.998175,1,nan,nan,1,1.00003,1,1,0
2.3125,2.3125,1,1.00257,0.997426,1,nan,nan,1,1.00003,1,1,0
2.3125,2.4375,0.999999,1.00341,0.996427,0.999999,nan,nan,1,1.00003,1,1,0
2.3125,2.5625,0.999999,1.00443,0.995116,0.999998,nan,nan,1,1.00003,1,1,0
2.3125,2.6875,0.999998,1.00565,0.993428,0.999997,nan,nan,1,1.00003,1,1,0
2.3125,2.8125,0.999996,1.00709,0.991294,0.999995,nan,nan,1,1.00003,1,1,0
2.3125,2.9375,0.999994,1.00871,0.988645,0.999991,nan,nan,1,1.00003,1,1,0
2.3125,3.0625,0.999989,1.01051,0.98542,0.999985,nan,nan,1,1.00003,1,1,0
2.3125,3.1875,0.999983,1.01243,0.981569,0.999976,nan,nan,1,1.00003,1,1,0
2.3125,3.3125,0.999974,1.0144,0.977063,0.999964,nan,nan,1,1.00003,1,1,0
2.3125,3.4375,0.999961,1.01634,0.971896,0.999945,nan,nan,1,1.00003,1,1,0
2.3125,3.5625,0.999943,1.01813,0.966101,0.99992,nan,nan,1,1.00003,1,1,0
2.3125,3.6875,0.99992,1.01966,0.959744,0.999888,nan,nan,1,1.00003,1,1,0
2.3125,3.8125,0.99989,1.0208,0.952935,0.999847,nan,nan,1,1.00003,1,1,0
2.3125,3.9375,0.999855,1.02142,0.945829,0.999797,nan,nan,1,1.00003,1,1,0
2.3125,4.0625,0.999814,1.02141,0.938616,0.999739,nan,nan,1,1.00003,1,1,0
2.3125,4.1875,0.999768,1.0207,0.931521,0.999675,nan,nan,1,1.00003,1,1,0
2.3125,4.3125,0.99972,1.01924,0.924791,0.999608,nan,nan,1,1.00003,1,1,0
2.3125,4.4375,0.999673,1.01702,0.91868,0.999542,nan,nan,1,1.00003,1,1,0
2.3125,4.5625,0.99963,1.01409,0.913435,0.999481,nan,nan,1,1.00003,1,1,0
2.3125,4.6875,0.999593,1.01055,0.909281,0.99943,nan,nan,1,1.00003,1,1,0
2.3125,4.8125,0.999567,1.00653,0.906401,0.999394,nan,nan,1,1.00003,1,1,0
2.3125,4.9375,0.999553,1.00221,0.904927,0.999374,nan,nan,1,1.00003,1,1,0
2.3125,5.0625,0.999553,0.997789,0.904927,0.999374,nan,nan,1,1.00003,1,1,0
2.3125,5.1875,0.999567,0.99347,0.906401,0.999394,nan,nan,1,1.00003,1,1,0
2.3125,5.3125,0.999593,0.989451,0.909281,0.99943,nan,nan,1,1.00003,1,1,0
2.3125,5.4375,0.99963,0.985908,0.913435,0.999481,nan,nan,1,1.00003,1,1,0
2.3125,5.5625,0.999673,0.982979,0.91868,0.999542,nan,nan,1,1.00003,1,1,0
2.3125,5.6875,0.99972,0.98076,0.924791,0.999608,nan,nan,1,1.00003,1,1,0
2.3125,5.8125,0.999768,0.979297,0.931521,0.999675,nan,nan,1,1.00003,1,1,0
2.3125,5.9375,0.999814,0.978587,0.938616,0.999739,nan,nan,1,1.00003,1,1,0
2.3125,6.0625,0.999855,0.978584,0.945829,0.999797,nan,nan,1,1.00003,1,1,0
2.3125,6.1875,0.99989,0.979204,0.952935,0.999847,nan,nan,1,1.00003,1,1,0
2.3125,6.3125,0.99992,0.98034,0.959744,0.999888,nan,nan,1,1.00003,1,1,0
2.3125,6.4375,0.999943,0.981868,0.966101,0.99992,nan,nan,1,1.00003,1,1,0
2.3125,6.5625,0.999961,0.983661,0.971896,0.999945,nan,nan,1,1.00003,1,1,0
2.3125,6.6875,0.999974,0.985597,0.977063,0.999964,nan,nan,1,1.00003,1,1,0
2.3125,6.8125,0.999983,0.98757,0.981569,0.999976,nan,nan,1,1.00003,1,1,0
2.3125,6.9375,0.999989,0.989489,0.98542,0.999985,nan,nan,1,1.00003,1,1,0
2.3125,7.0625,0.999994,0.991286,0.988645,0.999991,nan,nan,1,1.00003,1,1,0
2.3125,7.1875,0.999996,0.992914,0.991294,0.999995,nan,nan,1,1.00003,1,1,0
2.3125,7.3125,0.999998,0.994345,0.993428,0.999997,nan,nan,1,1.00003,1,1,0
2.3125,7.4375,0.999999,0.995571,0.995116,0.999998,nan,nan,1,1.00003,1,1,0
2.3125,7.5625,0.999999,0.996593,0.996427,0.999999,nan,nan,1,1.00003,1,1,0
2.3125,7.6875,1,0.997426,0.997426,1,nan,nan,1,1.00003,1,1,0
2.3125,7.8125,1,0.99809,0.998175,1,nan,nan,1,1.00003,1,1,0
2.3125,7.9375,1,0.998608,0.998726,1,nan,nan,1,1.00003,1,1,0
2.3125,8.0625,1,0.999002,0.999124,1,nan,nan,1,1.00003,1,1,0
2.3125,8.1875,1,0.999297,0.999408,1,nan,nan,1,1.00003,1,1,0
2.3125,8.3125,1,0.999514,0.999605,1,nan,nan,1,1.00003,1,1,0
2.3125,8.4375,1,0.999669,0.999741,1,nan,nan,1,1.00003,1,1,0
2.3125,8.5625,1,0.999778,0.999833,1,nan,nan,1,1.00003,1,1,0
2.3125,8.6875,1,0.999854,0.999894,1,nan,nan,1,1.00003,1,1,0
2.3125,8.8125,1,0.999906,0.999934,1,nan,nan,1,1.00003,1,1,0
2.3125,8.9375,1,0.99994,0.999959,1,nan,nan,1,1.00003,1,1,0
2.3125,9.0625,1,0.999962,0.999975,1,nan,nan,1,1.00003,1,1,0
2.3125,9.1875,1,0.999977,0.999985,1,nan,nan,1,1.00003,1,1,0
2.3125,9.3125,1,0.999986,0.999991,1,nan,nan,1,1.00003,1,1,0
2.3125,9.4375,1,0.999992,0.999995,1,nan,nan,1,1.00003,1,1,0
2.3125,9.5625,1,0.999995,0.999997,1,nan,nan,1,1.00003,1,1,0
2.3125,9.6875,1,0.999997,0.999998,1,nan,nan,1,1.00003,1,1,0
2.3125,9.8125,1,0.999998,0.999999,1,nan,nan,1,1.00003,1,1,0
2.3125,9.9375,1,0.999999,1,1,nan,nan,1,1.00003,1,1,0
2.4375,0.0625,1,1,0.999999,1,nan,nan,1,1.00003,1,1,0
2.4375,0.1875,1,1,0.999999,1,nan,nan,1,1.00003,1,1,0
2.4375,0.3125,1,1,0.999998,1,nan,nan,1,1.00003,1,1,0
2.4375,0.4375,1,1.00001,0.999996,1,nan,nan,1,1.00003,1,1,0
2.4375,0.5625,1,1.00001,0.999993,1,nan,nan,1,1.00003,1,1,0
2.4375,0.6875,1,1.00002,0.999988,1,nan,nan,1,1.00003,1,1,0
2.4375,0.8125,1,1.00003,0.99998,1,nan,nan,1,1.00003,1,1,0
2.4375,0.9375,1,1.00005,0.999967,1,nan,nan,1,1.00003,1,1,0
2.4375,1.0625,1,1.00008,0.999946,1,nan,nan,1,1.00003,1,1,0
2.4375,1.1875,1,1.00013,0.999912,1,nan,nan,1,1.00003,1,1,0
2.4375,1.3125,1,1.0002,0.999859,1,nan,nan,1,1.00003,1,1,0
2.4375,1.4375,1,1.00031,0.999779,1,nan,nan,1,1.00003,1,1,0
2.4375,1.5625,1,1.00046,0.999657,1,nan,nan,1,1.00003,1,1,0
2.4375,1.6875,1,1.00068,0.999478,1,nan,nan,1,1.00003,1,1,0
2.4375,1.8125,1,1.00098,0.999216,1,nan,nan,1,1.00003,1,1,0
2.4375,1.9375,1,1.00139,0.998841,1,nan,nan,1,1.00003,1,1,0
2.4375,2.0625,1,1.00193,0.998314,1,nan,nan,1,1.00003,1,1,0
2.4375,2.1875,1,1.00265,0.997584,1,nan,nan,1,1.00003,1,1,0
2.4375,2.3125,0.999999,1.00357,0.996593,0.999999,nan,nan,1,1.00003,1,1,0
2.4375,2.4375,0.999999,1.00473,0.99527,0.999998,nan,nan,1,1.00003,1,1,0
2.4375,2.5625,0.999998,1.00615,0.993535,0.999997,nan,nan,1,1.00003,1,1,0
2.4375,2.6875,0.999996,1.00785,0.9913,0.999994,nan,nan,1,1.00003,1,1,0
2.4375,2.8125,0.999993,1.00984,0.988475,0.99999,nan,nan,1,1.00003,1,1,0
2.4375,2.9375,0.999988,1.0121,0.984969,0.999983,nan,nan,1,1.00003,1,1,0
2.4375,3.0625,0.99998,1.01459,0.980699,0.999972,nan,nan,1,1.00003,1,1,0
2.4375,3.1875,0.999968,1.01726,0.975602,0.999955,nan,nan,1,1.00003,1,1,0
2.4375,3.3125,0.99995,1.02,0.969636,0.99993,nan,nan,1,1.00003,1,1,0
2.4375,3.4375,0.999925,1.02268,0.962797,0.999895,nan,nan,1,1.00003,1,1,0
2.4375,3.5625,0.99989,1.02517,0.955124,0.999847,nan,nan,1,1.00003,1,1,0
2.4375,3.6875,0.999846,1.0273,0.946709,0.999784,nan,nan,1,1.00003,1,1,0
2.4375,3.8125,0.999789,1.02887,0.937696,0.999704,nan,nan,1,1.00003,1,1,0
2.4375,3.9375,0.99972,1.02973,0.928289,0.999608,nan,nan,1,1.00003,1,1,0
2.4375,4.0625,0.999641,1.02973,0.918741,0.999497,nan,nan,1,1.00003,1,1,0
2.4375,4.1875,0.999553,1.02874,0.909349,0.999374,nan,nan,1,1.00003,1,1,0
2.4375,4.3125,0.999461,1.02671,0.900439,0.999245,nan,nan,1,1.00003,1,1,0
2.4375,4.4375,0.99937,1.02363,0.892349,0.999118,nan,nan,1,1.00003,1,1,0
2.4375,4.5625,0.999286,1.01956,0.885406,0.999,nan,nan,1,1.00003,1,1,0
2.4375,4.6875,0.999216,1.01465,0.879907,0.998902,nan,nan,1,1.00003,1,1,0
2.4375,4.8125,0.999165,1.00907,0.876095,0.998831,nan,nan,1,1.00003,1,1,0
2.4375,4.9375,0.999139,1.00307,0.874143,0.998794,nan,nan,1,1.00003,1,1,0
2.4375,5.0625,0.999139,0.99693,0.874143,0.998794,nan,nan,1,1.00003,1,1,0
2.4375,5.1875,0.999165,0.990934,0.876095,0.998831,nan,nan,1,1.00003,1,1,0
2.4375,5.3125,0.999216,0.985354,0.879907,0.998902,nan,nan,1,1.00003,1,1,0
2.4375,5.4375,0.999286,0.980435,0.885406,0.999,nan,nan,1,1.00003,1,1,0
2.4375,5.5625,0.99937,0.976369,0.892349,0.999118,nan,nan,1,1.00003,1,1,0
2.4375,5.6875,0.999461,0.973289,0.900439,0.999245,nan,nan,1,1.00003,1,1,0
2.4375,5.8125,0.999553,0.971257,0.909349,0.999374,nan,nan,1,1.00003,1,1,0
2.4375,5.9375,0.999641,0.970271,0.918741,0.999497,nan,nan,1,1.00003,1,1,0
2.4375,6.0625,0.99972,0.970266,0.928289,0.999608,nan,nan,1,1.00003,1,1,0
2.4375,6.1875,0.999789,0.971128,0.937696,0.999704,nan,nan,1,1.00003,1,1,0
2.4375,6.3125,0.999846,0.972705,0.946709,0.999784,nan,nan,1,1.00003,1,1,0
2.4375,6.4375,0.99989,0.974826,0.955124,0.999847,nan,nan,1,1.00003,1,1,0
2.4375,6.5625,0.999925,0.977315,0.962797,0.999895,nan,nan,1,1.00003,1,1,0
2.4375,6.6875,0.99995,0.980004,0.969636,0.99993,nan,nan,1,1.00003,1,1,0
2.4375,6.8125,0.999968,0.982743,0.975602,0.999955,nan,nan,1,1.00003,1,1,0
2.4375,6.9375,0.99998,0.985407,0.980699,0.999972,nan,nan,1,1.00003,1,1,0
2.4375,7.0625,0.999988,0.987902,0.984969,0.999983,nan,nan,1,1.00003,1,1,0
2.4375,7.1875,0.999993,0.990162,0.988475,0.99999,nan,nan,1,1.00003,1,1,0
2.4375,7.3125,0.999996,0.992149,0.9913,0.999994,nan,nan,1,1.00003,1,1,0
2.4375,7.4375,0.999998,0.99385,0.993535,0.999997,nan,nan,1,1.00003,1,1,0
2.4375,7.5625,0.999999,0.99527,0.99527,0.999998,nan,nan,1,1.00003,1,1,0
2.4375,7.6875,0.999999,0.996427,0.996593,0.999999,nan,nan,1,1.00003,1,1,0
2.4375,7.8125,1,0.997349,0.997584,1,nan,nan,1,1.00003,1,1,0
2.4375,7.9375,1,0.998067,0.998314,1,nan,nan,1,1.00003,1,1,0
2.4375,8.0625,1,0.998615,0.998841,1,nan,nan,1,1.00003,1,1,0
2.4375,8.1875,1,0.999024,0.999216,1,nan,nan,1,1.00003,1,1,0
2.4375,8.3125,1,0.999325,0.999478,1,nan,nan,1,1.00003,1,1,0
2.4375,8.4375,1,0.99954,0.999657,1,nan,nan,1,1.00003,1,1,0
2.4375,8.5625,1,0.999692,0.999779,1,nan,nan,1,1.00003,1,1,0
2.4375,8.6875,1,0.999798,0.999859,1,nan,nan,1,1.00003,1,1,0
2.4375,8.8125,1,0.999869,0.999912,1,nan,nan,1,1.00003,1,1,0
2.4375,8.9375,1,0.999917,0.999946,1,nan,nan,1,1.00003,1,1,0
2.4375,9.0625,1,0.999948,0.999967,1,nan,nan,1,1.00003,1,1,0
2.4375,9.1875,1,0.999968,0.99998,1,nan,nan,1,1.00003,1,1,0
2.4375,9.3125,1,0.999981,0.999988,1,nan,nan,1,1.00003,1,1,0
2.4375,9.4375,1,0.999988,0.999993,1,nan,nan,1,1.00003,1,1,0
2.4375,9.5625,1,0.999993,0.999996,1,nan,nan,1,1.00003,1,1,0
2.4375,9.6875,1,0.999996,0.999998,1,nan,nan,1,1.00003,1,1,0
2.4375,9.8125,1,0.999998,0.999999,1,nan,nan,1,1.00003,1,1,0
2.4375,9.9375,1,0.999999,0.999999,1,nan,nan,1,1.00003,1,1,0
2.5625,0.0625,1,1,0.999999,1,nan,nan,1,1.00003,1,1,0
2.5625,0.1875,1,1,0.999998,1,nan,nan,1,1.00003,1,1,0
2.5625,0.3125,1,1.00001,0.999997,1,nan,nan,1,1.00003,1,1,0
2.5625,0.4375,1,1.00001,0.999995,1,nan,nan,1,1.00003,1,1,0
2.5625,0.5625,1,1.00002,0.999991,1,nan,nan,1,1.00003,1,1,0
2.5625,0.6875,1,1.00003,0.999985,1,nan,nan,1,1.00003,1,1,0
2.5625,0.8125,1,1.00004,0.999974,1,nan,nan,1,1.00003,1,1,0
2.5625,0.9375,1,1.00007,0.999957,1,nan,nan,1,1.00003,1,1,0
2.5625,1.0625,1,1.00011,0.99993,1,nan,nan,1,1.00003,1,1,0
2.5625,1.1875,1,1.00018,0.999886,1,nan,nan,1,1.00003,1,1,0
2.5625,1.3125,1,1.00028,0.999817,1,nan,nan,1,1.00003,1,1,0
2.5625,1.4375,1,1.00042,0.999712,1,nan,nan,1,1.00003,1,1,0
2.5625,1.5625,1,1.00063,0.999555,1,nan,nan,1,1.00003,1,1,0
2.5625,1.6875,1,1.00092,0.999321,1,nan,nan,1,1.00003,1,1,0
2.5625,1.8125,1,1.00133,0.99898,1,nan,nan,1,1.00003,1,1,0
2.5625,1.9375,1,1.00189,0.998493,1,nan,nan,1,1.00003,1,1,0
2.5625,2.0625,1,1.00264,0.997807,1,nan,nan,1,1.00003,1,1,0
2.5625,2.1875,0.999999,1.00362,0.996859,0.999999,nan,nan,1,1.00003,1,1,0
2.5625,2.3125,0.999999,1.00488,0.995571,0.999998,nan,nan,1,1.00003,1,1,0
2.5625,2.4375,0.999998,1.00646,0.99385,0.999997,nan,nan,1,1.00003,1,1,0
2.5625,2.5625,0.999996,1.00841,0.991595,0.999994,nan,nan,1,1.00003,1,1,0
2.5625,2.6875,0.999992,1.01073,0.988689,0.999989,nan,nan,1,1.00003,1,1,0
2.5625,2.8125,0.999987,1.01345,0.985016,0.999981,nan,nan,1,1.00003,1,1,0
2.5625,2.9375,0.999977,1.01654,0.980457,0.999968,nan,nan,1,1.00003,1,1,0
2.5625,3.0625,0.999962,1.01995,0.974906,0.999947,nan,nan,1,1.00003,1,1,0
2.5625,3.1875,0.99994,1.02359,0.968278,0.999915,nan,nan,1,1.00003,1,1,0
2.5625,3.3125,0.999906,1.02733,0.960521,0.999869,nan,nan,1,1.00003,1,1,0
2.5625,3.4375,0.999859,1.03101,0.95163,0.999803,nan,nan,1,1.00003,1,1,0
2.5625,3.5625,0.999795,1.03441,0.941654,0.999714,nan,nan,1,1.00003,1,1,0
2.5625,3.6875,0.999711,1.03731,0.930713,0.999596,nan,nan,1,1.00003,1,1,0
2.5625,3.8125,0.999606,1.03946,0.918995,0.999448,nan,nan,1,1.00003,1,1,0
2.5625,3.9375,0.999478,1.04064,0.906764,0.999269,nan,nan,1,1.00003,1,1,0
2.5625,4.0625,0.999329,1.04063,0.89435,0.999061,nan,nan,1,1.00003,1,1,0
2.5625,4.1875,0.999165,1.03929,0.882139,0.998831,nan,nan,1,1.00003,1,1,0
2.5625,4.3125,0.998993,1.03651,0.870555,0.998591,nan,nan,1,1.00003,1,1,0
2.5625,4.4375,0.998823,1.0323,0.860036,0.998352,nan,nan,1,1.00003,1,1,0
2.5625,4.5625,0.998666,1.02674,0.851009,0.998133,nan,nan,1,1.00003,1,1,0
2.5625,4.6875,0.998535,1.02002,0.843859,0.99795,nan,nan,1,1.00003,1,1,0
2.5625,4.8125,0.998441,1.01239,0.838903,0.997818,nan,nan,1,1.00003,1,1,0
2.5625,4.9375,0.998391,1.0042,0.836366,0.997748,nan,nan,1,1.00003,1,1,0
2.5625,5.0625,0.998391,0.995804,0.836366,0.997748,nan,nan,1,1.00003,1,1,0
2.5625,5.1875,0.998441,0.987608,0.838903,0.997818,nan,nan,1,1.00003,1,1,0
2.5625,5.3125,0.998535,0.979982,0.843859,0.99795,nan,nan,1,1.00003,1,1,0
2.5625,5.4375,0.998666,0.973258,0.851009,0.998133,nan,nan,1,1.00003,1,1,0
2.5625,5.5625,0.998823,0.967701,0.860036,0.998352,nan,nan,1,1.00003,1,1,0
2.5625,5.6875,0.998993,0.96349,0.870555,0.998591,nan,nan,1,1.00003,1,1,0
2.5625,5.8125,0.999165,0.960713,0.882139,0.998831,nan,nan,1,1.00003,1,1,0
2.5625,5.9375,0.999329,0.959365,0.89435,0.999061,nan,nan,1,1.00003,1,1,0
2.5625,6.0625,0.999478,0.959359,0.906764,0.999269,nan,nan,1,1.00003,1,1,0
2.5625,6.1875,0.999606,0.960536,0.918995,0.999448,nan,nan,1,1.00003,1,1,0
2.5625,6.3125,0.999711,0.962692,0.930713,0.999596,nan,nan,1,1.00003,1,1,0
2.5625,6.4375,0.999795,0.965591,0.941654,0.999714,nan,nan,1,1.00003,1,1,0
2.5625,6.5625,0.999859,0.968993,0.95163,0.999803,nan,nan,1,1.00003,1,1,0
2.5625,6.6875,0.999906,0.972669,0.960521,0.999869,nan,nan,1,1.00003,1,1,0
2.5625,6.8125,0.99994,0.976412,0.968278,0.999915,nan,nan,1,1.00003,1,1,0
2.5625,6.9375,0.999962,0.980053,0.974906,0.999947,nan,nan,1,1.00003,1,1,0
2.5625,7.0625,0.999977,0.983463,0.980457,0.999968,nan,nan,1,1.00003,1,1,0
2.5625,7.1875,0.999987,0.986552,0.985016,0.999981,nan,nan,1,1.00003,1,1,0
2.5625,7.3125,0.999992,0.989269,0.988689,0.999989,nan,nan,1,1.00003,1,1,0
2.5625,7.4375,0.999996,0.991595,0.991595,0.999994,nan,nan,1,1.00003,1,1,0
2.5625,7.5625,0.999998,0.993535,0.99385,0.999997,nan,nan,1,1.00003,1,1,0
2.5625,7.6875,0.999999,0.995116,0.995571,0.999998,nan,nan,1,1.00003,1,1,0
2.5625,7.8125,0.999999,0.996376,0.996859,0.999999,nan,nan,1,1.00003,1,1,0
2.5625,7.9375,1,0.997358,0.997807,1,nan,nan,1,1.00003,1,1,0
2.5625,8.0625,1,0.998107,0.998493,1,nan,nan,1,1.00003,1,1,0
2.5625,8.1875,1,0.998667,0.99898,1,nan,nan,1,1.00003,1,1,0
2.5625,8.3125,1,0.999077,0.999321,1,nan,nan,1,1.00003,1,1,0
2.5625,8.4375,1,0.999372,0.999555,1,nan,nan,1,1.00003,1,1,0
2.5625,8.5625,1,0.99958,0.999712,1,nan,nan,1,1.00003,1,1,0
2.5625,8.6875,1,0.999723,0.999817,1,nan,nan,1,1.00003,1,1,0
2.5625,8.8125,1,0.999821,0.999886,1,nan,nan,1,1.00003,1,1,0
2.5625,8.9375,1,0.999886,0.99993,1,nan,nan,1,1.00003,1,1,0
2.5625,9.0625,1,0.999929,0.999957,1,nan,nan,1,1.00003,1,1,0
2.5625,9.1875,1,0.999956,0.999974,1,nan,nan,1,1.00003,1,1,0
2.5625,9.3125,1,0.999973,0.999985,1,nan,nan,1,1.00003,1,1,0
2.5625,9.4375,1,0.999984,0.999991,1,nan,nan,1,1.00003,1,1,0
2.5625,9.5625,1,0.999991,0.999995,1,nan,nan,1,1.00003,1,1,0
2.5625,9.6875,1,0.999995,0.999997,1,nan,nan,1,1.00003,1,1,0
2.5625,9.8125,1,0.999997,0.999998,1,nan,nan,1,1.00003,1,1,0
2.5625,9.9375,1,0.999998,0.999999,1,nan,nan,1,1.00003,1,1,0
2.6875,0.0625,1,1,0.999999,1,nan,nan,1,1.00003,1,1,0
2.6875,0.1875,1,1,0.999998,1,nan,nan,1,1.00003,1,1,0
2.6875,0.3125,1,1.00001,0.999996,1,nan,nan,1,1.00003,1,1,0
2.6875,0.4375,1,1.00001,0.999994,1,nan,nan,1,1.00003,1,1,0
2.6875,0.5625,1,1.00002,0.999989,1,nan,nan,1,1.00003,1,1,0
2.6875,0.6875,1,1.00004,0.999981,1,nan,nan,1,1.00003,1,1,0
2.6875,0.8125,1,1.00006,0.999967,1,nan,nan,1,1.00003,1,1,0
2.6875,0.9375,1,1.0001,0.999945,1,nan,nan,1,1.00003,1,1,0
2.6875,1.0625,1,1.00015,0.99991,1,nan,nan,1,1.00003,1,1,0
2.6875,1.1875,1,1.00024,0.999854,1,nan,nan,1,1.00003,1,1,0
2.6875,1.3125,1,1.00037,0.999767,1,nan,nan,1,1.00003,1,1,0
2.6875,1.4375,1,1.00057,0.999633,1,nan,nan,1,1.00003,1,1,0
2.6875,1.5625,1,1.00085,0.999431,1,nan,nan,1,1.00003,1,1,0
2.6875,1.6875,1,1.00124,0.999133,1,nan,nan,1,1.00003,1,1,0
2.6875,1.8125,1,1.00179,0.998698,1,nan,nan,1,1.00003,1,1,0
2.6875,1.9375,1,1.00255,0.998076,1,nan,nan,1,1.00003,1,1,0
2.6875,2.0625,0.999999,1.00356,0.997201,0.999999,nan,nan,1,1.00003,1,1,0
2.6875,2.1875,0.999999,1.00488,0.99599,0.999998,nan,nan,1,1.00003,1,1,0
2.6875,2.3125,0.999998,1.00657,0.994345,0.999997,nan,nan,1,1.00003,1,1,0
2.6875,2.4375,0.999996,1.0087,0.992149,0.999994,nan,nan,1,1.00003,1,1,0
2.6875,2.5625,0.999992,1.01131,0.989269,0.999989,nan,nan,1,1.00003,1,1,0
2.6875,2.6875,0.999986,1.01444,0.98556,0.999981,nan,nan,1,1.00003,1,1,0
2.6875,2.8125,0.999976,1.0181,0.98087,0.999966,nan,nan,1,1.00003,1,1,0
2.6875,2.9375,0.999958,1.02225,0.97505,0.999942,nan,nan,1,1.00003,1,1,0
2.6875,3.0625,0.999931,1.02684,0.967964,0.999904,nan,nan,1,1.00003,1,1,0
2.6875,3.1875,0.99989,1.03174,0.959503,0.999847,nan,nan,1,1.00003,1,1,0
2.6875,3.3125,0.99983,1.03678,0.9496,0.999763,nan,nan,1,1.00003,1,1,0
2.6875,3.4375,0.999745,1.04172,0.938249,0.999644,nan,nan,1,1.00003,1,1,0
2.6875,3.5625,0.99963,1.0463,0.925514,0.999481,nan,nan,1,1.00003,1,1,0
2.6875,3.6875,0.999478,1.0502,0.911545,0.999269,nan,nan,1,1.00003,1,1,0
2.6875,3.8125,0.999286,1.0531,0.896586,0.999,nan,nan,1,1.00003,1,1,0
2.6875,3.9375,0.999054,1.05469,0.880971,0.998676,nan,nan,1,1.00003,1,1,0
2.6875,4.0625,0.998786,1.05468,0.865123,0.9983,nan,nan,1,1.00003,1,1,0
2.6875,4.1875,0.998489,1.05287,0.849534,0.997885,nan,nan,1,1.00003,1,1,0
2.6875,4.3125,0.998177,1.04913,0.834745,0.997449,nan,nan,1,1.00003,1,1,0
2.6875,4.4375,0.997869,1.04346,0.821317,0.997018,nan,nan,1,1.00003,1,1,0
2.6875,4.5625,0.997586,1.03599,0.809793,0.996621,nan,nan,1,1.00003,1,1,0
2.6875,4.6875,0.997348,1.02694,0.800665,0.99629,nan,nan,1,1.00003,1,1,0
2.6875,4.8125,0.997178,1.01668,0.794337,0.996051,nan,nan,1,1.00003,1,1,0
2.6875,4.9375,0.997088,1.00565,0.791098,0.995926,nan,nan,1,1.00003,1,1,0
2.6875,5.0625,0.997088,0.994354,0.791098,0.995926,nan,nan,1,1.00003,1,1,0
2.6875,5.1875,0.997178,0.983325,0.794337,0.996051,nan,nan,1,1.00003,1,1,0
2.6875,5.3125,0.997348,0.973063,0.800665,0.99629,nan,nan,1,1.00003,1,1,0
2.6875,5.4375,0.997586,0.964015,0.809793,0.996621,nan,nan,1,1.00003,1,1,0
2.6875,5.5625,0.997869,0.956537,0.821317,0.997018,nan,nan,1,1.00003,1,1,0
2.6875,5.6875,0.998177,0.95087,0.834745,0.997449,nan,nan,1,1.00003,1,1,0
2.6875,5.8125,0.998489,0.947133,0.849534,0.997885,nan,nan,1,1.00003,1,1,0
2.6875,5.9375,0.998786,0.94532,0.865123,0.9983,nan,nan,1,1.00003,1,1,0
2.6875,6.0625,0.999054,0.945311,0.880971,0.998676,nan,nan,1,1.00003,1,1,0
2.6875,6.1875,0.999286,0.946896,0.896586,0.999,nan,nan,1,1.00003,1,1,0
2.6875,6.3125,0.999478,0.949796,0.911545,0.999269,nan,nan,1,1.00003,1,1,0
2.6875,6.4375,0.99963,0.953698,0.925514,0.999481,nan,nan,1,1.00003,1,1,0
2.6875,6.5625,0.999745,0.958276,0.938249,0.999644,nan,nan,1,1.00003,1,1,0
2.6875,6.6875,0.99983,0.963222,0.9496,0.999763,nan,nan,1,1.00003,1,1,0
2.6875,6.8125,0.99989,0.968259,0.959503,0.999847,nan,nan,1,1.00003,1,1,0
2.6875,6.9375,0.999931,0.973159,0.967964,0.999904,nan,nan,1,1.00003,1,1,0
2.6875,7.0625,0.999958,0.977748,0.97505,0.999942,nan,nan,1,1.00003,1,1,0
2.6875,7.1875,0.999976,0.981904,0.98087,0.999966,nan,nan,1,1.00003,1,1,0
2.6875,7.3125,0.999986,0.98556,0.98556,0.999981,nan,nan,1,1.00003,1,1,0
2.6875,7.4375,0.999992,0.988689,0.989269,0.999989,nan,nan,1,1.00003,1,1,0
2.6875,7.5625,0.999996,0.9913,0.992149,0.999994,nan,nan,1,1.00003,1,1,0
2.6875,7.6875,0.999998,0.993428,0.994345,0.999997,nan,nan,1,1.00003,1,1,0
2.6875,7.8125,0.999999,0.995123,0.99599,0.999998,nan,nan,1,1.00003,1,1,0
2.6875,7.9375,0.999999,0.996444,0.997201,0.999999,nan,nan,1,1.00003,1,1,0
2.6875,8.0625,1,0.997452,0.998076,1,nan,nan,1,1.00003,1,1,0
2.6875,8.1875,1,0.998206,0.998698,1,nan,nan,1,1.00003,1,1,0
2.6875,8.3125,1,0.998758,0.999133,1,nan,nan,1,1.00003,1,1,0
2.6875,8.4375,1,0.999155,0.999431,1,nan,nan,1,1.00003,1,1,0
2.6875,8.5625,1,0.999434,0.999633,1,nan,nan,1,1.00003,1,1,0
2.6875,8.6875,1,0.999628,0.999767,1,nan,nan,1,1.00003,1,1,0
2.6875,8.8125,1,0.999759,0.999854,1,nan,nan,1,1.00003,1,1,0
2.6875,8.9375,1,0.999847,0.99991,1,nan,nan,1,1.00003,1,1,0
2.6875,9.0625,1,0.999904,0.999945,1,nan,nan,1,1.00003,1,1,0
2.6875,9.1875,1,0.999941,0.999967,1,nan,nan,1,1.00003,1,1,0
2.6875,9.3125,1,0.999964,0.999981,1,nan,nan,1,1.00003,1,1,0
2.6875,9.4375,1,0.999979,0.999989,1,nan,nan,1,1.00003,1,1,0
2.6875,9.5625,1,0.999988,0.999994,1,nan,nan,1,1.00003,1,1,0
2.6875,9.6875,1,0.999993,0.999996,1,nan,nan,1,1.00003,1,1,0
2.6875,9.8125,1,0.999996,0.999998,1,nan,nan,1,1.00003,1,1,0
2.6875,9.9375,1,0.999998,0.999999,1,nan,nan,1,1.00003,1,1,0
2.8125,0.0625,1,1,0.999999,1,nan,nan,1,1.00003,1,1,0
2.8125,0.1875,1,1.00001,0.999998,1,nan,nan,1,1.00003,1,1,0
2.8125,0.3125,1,1.00001,0.999996,1,nan,nan,1,1.00003,1,1,0
2.8125,0.4375,1,1.00002,0.999992,1,nan,nan,1,1.00003,1,1,0
2.8125,0.5625,1,1.00003,0.999986,1,nan,nan,1,1.00003,1,1,0
2.8125,0.6875,1,1.00005,0.999976,1,nan,nan,1,1.00003,1,1,0
2.8125,0.8125,1,1.00008,0.999959,1,nan,nan,1,1.00003,1,1,0
2.8125,0.9375,1,1.00013,0.999932,1,nan,nan,1,1.00003,1,1,0
2.8125,1.0625,1,1.0002,0.999887,1,nan,nan,1,1.00003,1,1,0
2.8125,1.1875,1,1.00032,0.999817,1,nan,nan,1,1.00003,1,1,0
2.8125,1.3125,1,1.00049,0.999708,1,nan,nan,1,1.00003,1,1,0
2.8125,1.4375,1,1.00075,0.99954,1,nan,nan,1,1.00003,1,1,0
2.8125,1.5625,1,1.00112,0.999287,1,nan,nan,1,1.00003,1,1,0
2.8125,1.6875,1,1.00165,0.998913,1,nan,nan,1,1.00003,1,1,0
2.8125,1.8125,1,1.00238,0.998369,1,nan,nan,1,1.00003,1,1,0
2.8125,1.9375,1,1.00338,0.997589,0.999999,nan,nan,1,1.00003,1,1,0
2.8125,2.0625,0.999999,1.00471,0.996492,0.999999,nan,nan,1,1.00003,1,1,0
2.8125,2.1875,0.999998,1.00646,0.994975,0.999997,nan,nan,1,1.00003,1,1,0
2.8125,2.3125,0.999996,1.00871,0.992914,0.999995,nan,nan,1,1.00003,1,1,0
2.8125,2.4375,0.999993,1.01152,0.990162,0.99999,nan,nan,1,1.00003,1,1,0
2.8125,2.5625,0.999987,1.01498,0.986552,0.999981,nan,nan,1,1.00003,1,1,0
2.8125,2.6875,0.999976,1.01913,0.981904,0.999966,nan,nan,1,1.00003,1,1,0
2.8125,2.8125,0.999957,1.02397,0.976027,0.99994,nan,nan,1,1.00003,1,1,0
2.8125,2.9375,0.999927,1.02948,0.968734,0.999898,nan,nan,1,1.00003,1,1,0
2.8125,3.0625,0.99988,1.03556,0.959853,0.999832,nan,nan,1,1.00003,1,1,0
2.8125,3.1875,0.999808,1.04205,0.94925,0.999731,nan,nan,1,1.00003,1,1,0
2.8125,3.3125,0.999702,1.04872,0.93684,0.999583,nan,nan,1,1.00003,1,1,0
2.8125,3.4375,0.999553,1.05528,0.922615,0.999374,nan,nan,1,1.00003,1,1,0
2.8125,3.5625,0.99935,1.06134,0.906656,0.99909,nan,nan,1,1.00003,1,1,0
2.8125,3.6875,0.999083,1.06651,0.889151,0.998717,nan,nan,1,1.00003,1,1,0
2.8125,3.8125,0.998747,1.07035,0.870404,0.998246,nan,nan,1,1.00003,1,1,0
2.8125,3.9375,0.99834,1.07245,0.850836,0.997677,nan,nan,1,1.00003,1,1,0
2.8125,4.0625,0.997869,1.07244,0.830975,0.997018,nan,nan,1,1.00003,1,1,0
2.8125,4.1875,0.997348,1.07004,0.811439,0.99629,nan,nan,1,1.00003,1,1,0
2.8125,4.3125,0.996802,1.06509,0.792907,0.995526,nan,nan,1,1.00003,1,1,0
2.8125,4.4375,0.996262,1.05758,0.776079,0.994771,nan,nan,1,1.00003,1,1,0
2.8125,4.5625,0.995765,1.04767,0.761637,0.994076,nan,nan,1,1.00003,1,1,0
2.8125,4.6875,0.995349,1.03569,0.750198,0.993495,nan,nan,1,1.00003,1,1,0
2.8125,4.8125,0.99505,1.02209,0.742268,0.993076,nan,nan,1,1.00003,1,1,0
2.8125,4.9375,0.994893,1.00748,0.73821,0.992857,nan,nan,1,1.00003,1,1,0
2.8125,5.0625,0.994893,0.99252,0.73821,0.992857,nan,nan,1,1.00003,1,1,0
2.8125,5.1875,0.99505,0.977909,0.742268,0.993076,nan,nan,1,1.00003,1,1,0
2.8125,5.3125,0.995349,0.964314,0.750198,0.993495,nan,nan,1,1.00003,1,1,0
2.8125,5.4375,0.995765,0.952327,0.761637,0.994076,nan,nan,1,1.00003,1,1,0
2.8125,5.5625,0.996262,0.94242,0.776079,0.994771,nan,nan,1,1.00003,1,1,0
2.8125,5.6875,0.996802,0.934914,0.792907,0.995526,nan,nan,1,1.00003,1,1,0
2.8125,5.8125,0.997348,0.929963,0.811439,0.99629,nan,nan,1,1.00003,1,1,0
2.8125,5.9375,0.997869,0.927561,0.830975,0.997018,nan,nan,1,1.00003,1,1,0
2.8125,6.0625,0.99834,0.927549,0.850836,0.997677,nan,nan,1,1.00003,1,1,0
2.8125,6.1875,0.998747,0.929648,0.870404,0.998246,nan,nan,1,1.00003,1,1,0
2.8125,6.3125,0.999083,0.933491,0.889151,0.998717,nan,nan,1,1.00003,1,1,0
2.8125,6.4375,0.99935,0.938659,0.906656,0.99909,nan,nan,1,1.00003,1,1,0
2.8125,6.5625,0.999553,0.944725,0.922615,0.999374,nan,nan,1,1.00003,1,1,0
2.8125,6.6875,0.999702,0.951277,0.93684,0.999583,nan,nan,1,1.00003,1,1,0
2.8125,6.8125,0.999808,0.95795,0.94925,0.999731,nan,nan,1,1.00003,1,1,0
2.8125,6.9375,0.99988,0.964441,0.959853,0.999832,nan,nan,1,1.00003,1,1,0
2.8125,7.0625,0.999927,0.97052,0.968734,0.999898,nan,nan,1,1.00003,1,1,0
2.8125,7.1875,0.999957,0.976027,0.976027,0.99994,nan,nan,1,1.00003,1,1,0
2.8125,7.3125,0.999976,0.98087,0.981904,0.999966,nan,nan,1,1.00003,1,1,0
2.8125,7.4375,0.999987,0.985016,0.986552,0.999981,nan,nan,1,1.00003,1,1,0
2.8125,7.5625,0.999993,0.988475,0.990162,0.99999,nan,nan,1,1.00003,1,1,0
2.8125,7.6875,0.999996,0.991294,0.992914,0.999995,nan,nan,1,1.00003,1,1,0
2.8125,7.8125,0.999998,0.993539,0.994975,0.999997,nan,nan,1,1.00003,1,1,0
2.8125,7.9375,0.999999,0.995289,0.996492,0.999999,nan,nan,1,1.00003,1,1,0
2.8125,8.0625,1,0.996625,0.997589,0.999999,nan,nan,1,1.00003,1,1,0
2.8125,8.1875,1,0.997623,0.998369,1,nan,nan,1,1.00003,1,1,0
2.8125,8.3125,1,0.998354,0.998913,1,nan,nan,1,1.00003,1,1,0
2.8125,8.4375,1,0.99888,0.999287,1,nan,nan,1,1.00003,1,1,0
2.8125,8.5625,1,0.999251,0.99954,1,nan,nan,1,1.00003,1,1,0
2.8125,8.6875,1,0.999507,0.999708,1,nan,nan,1,1.00003,1,1,0
2.8125,8.8125,1,0.999681,0.999817,1,nan,nan,1,1.00003,1,1,0
2.8125,8.9375,1,0.999797,0.999887,1,nan,nan,1,1.00003,1,1,0
2.8125,9.0625,1,0.999873,0.999932,1,nan,nan,1,1.00003,1,1,0
2.8125,9.1875,1,0.999922,0.999959,1,nan,nan,1,1.00003,1,1,0
2.8125,9.3125,1,0.999953,0.999976,1,nan,nan,1,1.00003,1,1,0
2.8125,9.4375,1,0.999972,0.999986,1,nan,nan,1,1.00003,1,1,0
2.8125,9.5625,1,0.999983,0.999992,1,nan,nan,1,1.00003,1,1,0
2.8125,9.6875,1,0.99999,0.999996,1,nan,nan,1,1.00003,1,1,0
2.8125,9.8125,1,0.999995,0.999998,1,nan,nan,1,1.00003,1,1,0
2.8125,9.9375,1,0.999997,0.999999,1,nan,nan,1,1.00003,1,1,0
2.9375,0.0625,1,1,0.999998,1,nan,nan,1,1.00003,1,1,0
2.9375,0.1875,1,1.00001,0.999997,1,nan,nan,1,1.00003,1,1,0
2.9375,0.3125,1,1.00001,0.999995,1,nan,nan,1,1.00003,1,1,0
2.9375,0.4375,1,1.00002,0.99999,1,nan,nan,1,1.00003,1,1,0
2.9375,0.5625,1,1.00004,0.999983,1,nan,nan,1,1.00003,1,1,0
2.9375,0.6875,1,1.00006,0.99997,1,nan,nan,1,1.00003,1,1,0
2.9375,0.8125,1,1.0001,0.99995,1,nan,nan,1,1.00003,1,1,0
2.9375,0.9375,1,1.00017,0.999916,1,nan,nan,1,1.00003,1,1,0
2.9375,1.0625,1,1.00026,0.999861,1,nan,nan,1,1.00003,1,1,0
2.9375,1.1875,1,1.00042,0.999775,1,nan,nan,1,1.00003,1,1,0
2.9375,1.3125,1,1.00064,0.99964,1,nan,nan,1,1.00003,1,1,0
2.9375,1.4375,1,1.00098,0.999434,1,nan,nan,1,1.00003,1,1,0
2.9375,1.5625,1,1.00146,0.999124,1,nan,nan,1,1.00003,1,1,0
2.9375,1.6875,1,1.00215,0.998664,1,nan,nan,1,1.00003,1,1,0
2.9375,1.8125,1,1.0031,0.997994,1,nan,nan,1,1.00003,1,1,0
2.9375,1.9375,0.999999,1.0044,0.997035,0.999999,nan,nan,1,1.00003,1,1,0
2.9375,2.0625,0.999998,1.00614,0.995686,0.999998,nan,nan,1,1.00003,1,1,0
2.9375,2.1875,0.999997,1.00843,0.993821,0.999996,nan,nan,1,1.00003,1,1,0
2.9375,2.3125,0.999994,1.01135,0.991286,0.999991,nan,nan,1,1.00003,1,1,0
2.9375,2.4375,0.999988,1.01503,0.987902,0.999983,nan,nan,1,1.00003,1,1,0
2.9375,2.5625,0.999977,1.01954,0.983463,0.999968,nan,nan,1,1.00003,1,1,0
2.9375,2.6875,0.999958,1.02495,0.977748,0.999942,nan,nan,1,1.00003,1,1,0
2.9375,2.8125,0.999927,1.03127,0.97052,0.999898,nan,nan,1,1.00003,1,1,0
2.9375,2.9375,0.999876,1.03845,0.961551,0.999826,nan,nan,1,1.00003,1,1,0
2.9375,3.0625,0.999795,1.04638,0.950631,0.999714,nan,nan,1,1.00003,1,1,0
2.9375,3.1875,0.999673,1.05484,0.937591,0.999542,nan,nan,1,1.00003,1,1,0
2.9375,3.3125,0.999494,1.06355,0.922331,0.999291,nan,nan,1,1.00003,1,1,0
2.9375,3.4375,0.99924,1.07209,0.904838,0.998936,nan,nan,1,1.00003,1,1,0
2.9375,3.5625,0.998894,1.08,0.885213,0.998452,nan,nan,1,1.00003,1,1,0
2.9375,3.6875,0.998441,1.08674,0.863687,0.997818,nan,nan,1,1.00003,1,1,0
2.9375,3.8125,0.997869,1.09176,0.840634,0.997018,nan,nan,1,1.00003,1,1,0
2.9375,3.9375,0.997178,1.09449,0.816571,0.996051,nan,nan,1,1.00003,1,1,0
2.9375,4.0625,0.996377,1.09448,0.792147,0.994931,nan,nan,1,1.00003,1,1,0
2.9375,4.1875,0.995492,1.09135,0.768124,0.993695,nan,nan,1,1.00003,1,1,0
2.9375,4.3125,0.994564,1.08489,0.745334,0.992398,nan,nan,1,1.00003,1,1,0
2.9375,4.4375,0.993646,1.0751,0.72464,0.991116,nan,nan,1,1.00003,1,1,0
2.9375,4.5625,0.992802,1.06218,0.706881,0.989938,nan,nan,1,1.00003,1,1,0
2.9375,4.6875,0.992096,1.04654,0.692814,0.988952,nan,nan,1,1.00003,1,1,0
2.9375,4.8125,0.991588,1.02881,0.683063,0.988243,nan,nan,1,1.00003,1,1,0
2.9375,4.9375,0.991322,1.00976,0.678072,0.987871,nan,nan,1,1.00003,1,1,0
2.9375,5.0625,0.991322,0.990245,0.678072,0.987871,nan,nan,1,1.00003,1,1,0
2.9375,5.1875,0.991588,0.971188,0.683063,0.988243,nan,nan,1,1.00003,1,1,0
2.9375,5.3125,0.992096,0.953457,0.692814,0.988952,nan,nan,1,1.00003,1,1,0
2.9375,5.4375,0.992802,0.937823,0.706881,0.989938,nan,nan,1,1.00003,1,1,0
2.9375,5.5625,0.993646,0.924902,0.72464,0.991116,nan,nan,1,1.00003,1,1,0
2.9375,5.6875,0.994564,0.915111,0.745334,0.992398,nan,nan,1,1.00003,1,1,0
2.9375,5.8125,0.995492,0.908655,0.768124,0.993695,nan,nan,1,1.00003,1,1,0
2.9375,5.9375,0.996377,0.905522,0.792147,0.994931,nan,nan,1,1.00003,1,1,0
2.9375,6.0625,0.997178,0.905506,0.816571,0.996051,nan,nan,1,1.00003,1,1,0
2.9375,6.1875,0.997869,0.908244,0.840634,0.997018,nan,nan,1,1.00003,1,1,0
2.9375,6.3125,0.998441,0.913255,0.863687,0.997818,nan,nan,1,1.00003,1,1,0
2.9375,6.4375,0.998894,0.919997,0.885213,0.998452,nan,nan,1,1.00003,1,1,0
2.9375,6.5625,0.99924,0.927908,0.904838,0.998936,nan,nan,1,1.00003,1,1,0
2.9375,6.6875,0.999494,0.936453,0.922331,0.999291,nan,nan,1,1.00003,1,1,0
2.9375,6.8125,0.999673,0.945156,0.937591,0.999542,nan,nan,1,1.00003,1,1,0
2.9375,6.9375,0.999795,0.953623,0.950631,0.999714,nan,nan,1,1.00003,1,1,0
2.9375,7.0625,0.999876,0.961551,0.961551,0.999826,nan,nan,1,1.00003,1,1,0
2.9375,7.1875,0.999927,0.968734,0.97052,0.999898,nan,nan,1,1.00003,1,1,0
2.9375,7.3125,0.999958,0.97505,0.977748,0.999942,nan,nan,1,1.00003,1,1,0
2.9375,7.4375,0.999977,0.980457,0.983463,0.999968,nan,nan,1,1.00003,1,1,0
2.9375,7.5625,0.999988,0.984969,0.987902,0.999983,nan,nan,1,1.00003,1,1,0
2.9375,7.6875,0.999994,0.988645,0.991286,0.999991,nan,nan,1,1.00003,1,1,0
2.9375,7.8125,0.999997,0.991574,0.993821,0.999996,nan,nan,1,1.00003,1,1,0
2.9375,7.9375,0.999998,0.993856,0.995686,0.999998,nan,nan,1,1.00003,1,1,0
2.9375,8.0625,0.999999,0.995598,0.997035,0.999999,nan,nan,1,1.00003,1,1,0
2.9375,8.1875,1,0.9969,0.997994,1,nan,nan,1,1.00003,1,1,0
2.9375,8.3125,1,0.997854,0.998664,1,nan,nan,1,1.00003,1,1,0
2.9375,8.4375,1,0.998539,0.999124,1,nan,nan,1,1.00003,1,1,0
2.9375,8.5625,1,0.999023,0.999434,1,nan,nan,1,1.00003,1,1,0
2.9375,8.6875,1,0.999357,0.99964,1,nan,nan,1,1.00003,1,1,0
2.9375,8.8125,1,0.999584,0.999775,1,nan,nan,1,1.00003,1,1,0
2.9375,8.9375,1,0.999735,0.999861,1,nan,nan,1,1.00003,1,1,0
2.9375,9.0625,1,0.999834,0.999916,1,nan,nan,1,1.00003,1,1,0
2.9375,9.1875,1,0.999898,0.99995,1,nan,nan,1,1.00003,1,1,0
2.9375,9.3125,1,0.999938,0.99997,1,nan,nan,1,1.00003,1,1,0
2.9375,9.4375,1,0.999963,0.999983,1,nan,nan,1,1.00003,1,1,0
2.9375,9.5625,1,0.999978,0.99999,1,nan,nan,1,1.00003,1,1,0
2.9375,9.6875,1,0.999988,0.999995,1,nan,nan,1,1.00003,1,1,0
2.9375,9.8125,1,0.999993,0.999997,1,nan,nan,1,1.00003,1,1,0
2.9375,9.9375,1,0.999996,0.999998,1,nan,nan,1,1.00003,1,1,0
3.0625,0.0625,1,1.00001,0.999998,1,nan,nan,1,1.00003,1,1,0
3.0625,0.1875,1,1.00001,0.999996,1,nan,nan,1,1.00003,1,1,0
3.0625,0.3125,1,1.00002,0.999993,1,nan,nan,1,1.00003,1,1,0
3.0625,0.4375,1,1.00003,0.999988,1,nan,nan,1,1.00003,1,1,0
3.0625,0.5625,1,1.00005,0.999979,1,nan,nan,1,1.00003,1,1,0
3.0625,0.6875,1,1.00008,0.999964,1,nan,nan,1,1.00003,1,1,0
3.0625,0.8125,1,1.00013,0.999939,1,nan,nan,1,1.00003,1,1,0
3.0625,0.9375,1,1.00021,0.999899,1,nan,nan,1,1.00003,1,1,0
3.0625,1.0625,1,1.00034,0.999833,1,nan,nan,1,1.00003,1,1,0
3.0625,1.1875,1,1.00053,0.999729,1,nan,nan,1,1.00003,1,1,0
3.0625,1.3125,1,1.00083,0.999566,1,nan,nan,1,1.00003,1,1,0
3.0625,1.4375,1,1.00125,0.999317,1,nan,nan,1,1.00003,1,1,0
3.0625,1.5625,1,1.00188,0.998943,1,nan,nan,1,1.00003,1,1,0
3.0625,1.6875,1,1.00276,0.998388,1,nan,nan,1,1.00003,1,1,0
3.0625,1.8125,0.999999,1.00398,0.99758,0.999999,nan,nan,1,1.00003,1,1,0
3.0625,1.9375,0.999999,1.00565,0.996424,0.999998,nan,nan,1,1.00003,1,1,0
3.0625,2.0625,0.999997,1.00789,0.994797,0.999996,nan,nan,1,1.00003,1,1,0
3.0625,2.1875,0.999995,1.01082,0.992547,0.999993,nan,nan,1,1.00003,1,1,0
3.0625,2.3125,0.999989,1.01458,0.989489,0.999985,nan,nan,1,1.00003,1,1,0
3.0625,2.4375,0.99998,1.0193,0.985407,0.999972,nan,nan,1,1.00003,1,1,0
3.0625,2.5625,0.999962,1.02509,0.980053,0.999947,nan,nan,1,1.00003,1,1,0
3.0625,2.6875,0.999931,1.03204,0.973159,0.999904,nan,nan,1,1.00003,1,1,0
3.0625,2.8125,0.99988,1.04015,0.964441,0.999832,nan,nan,1,1.00003,1,1,0
3.0625,2.9375,0.999795,1.04937,0.953623,0.999714,nan,nan,1,1.00003,1,1,0
3.0625,3.0625,0.999663,1.05955,0.94045,0.999528,nan,nan,1,1.00003,1,1,0
3.0625,3.1875,0.999461,1.07042,0.924722,0.999245,nan,nan,1,1.00003,1,1,0
3.0625,3.3125,0.999165,1.0816,0.906315,0.998831,nan,nan,1,1.00003,1,1,0
3.0625,3.4375,0.998747,1.09257,0.885215,0.998246,nan,nan,1,1.00003,1,1,0
3.0625,3.5625,0.998177,1.10273,0.861543,0.997449,nan,nan,1,1.00003,1,1,0
3.0625,3.6875,0.99743,1.11138,0.835578,0.996404,nan,nan,1,1.00003,1,1,0
3.0625,3.8125,0.996488,1.11782,0.807772,0.995087,nan,nan,1,1.00003,1,1,0
3.0625,3.9375,0.995349,1.12133,0.778747,0.993495,nan,nan,1,1.00003,1,1,0
3.0625,4.0625,0.994031,1.12131,0.749287,0.991653,nan,nan,1,1.00003,1,1,0
3.0625,4.1875,0.992574,1.11729,0.72031,0.989619,nan,nan,1,1.00003,1,1,0
3.0625,4.3125,0.991047,1.109,0.69282,0.987488,nan,nan,1,1.00003,1,1,0
3.0625,4.4375,0.989538,1.09643,0.667859,0.985383,nan,nan,1,1.00003,1,1,0
3.0625,4.5625,0.988149,1.07984,0.646438,0.983449,nan,nan,1,1.00003,1,1,0
3.0625,4.6875,0.986989,1.05976,0.62947,0.981833,nan,nan,1,1.00003,1,1,0
3.0625,4.8125,0.986154,1.037,0.617709,0.980669,nan,nan,1,1.00003,1,1,0
3.0625,4.9375,0.985716,1.01253,0.611688,0.98006,nan,nan,1,1.00003,1,1,0
3.0625,5.0625,0.985716,0.987474,0.611688,0.98006,nan,nan,1,1.00003,1,1,0
3.0625,5.1875,0.986154,0.963004,0.617709,0.980669,nan,nan,1,1.00003,1,1,0
3.0625,5.3125,0.986989,0.940237,0.62947,0.981833,nan,nan,1,1.00003,1,1,0
3.0625,5.4375,0.988149,0.920163,0.646438,0.983449,nan,nan,1,1.00003,1,1,0
3.0625,5.5625,0.989538,0.903572,0.667859,0.985383,nan,nan,1,1.00003,1,1,0
3.0625,5.6875,0.991047,0.891001,0.69282,0.987488,nan,nan,1,1.00003,1,1,0
3.0625,5.8125,0.992574,0.88271,0.72031,0.989619,nan,nan,1,1.00003,1,1,0
3.0625,5.9375,0.994031,0.878687,0.749287,0.991653,nan,nan,1,1.00003,1,1,0
3.0625,6.0625,0.995349,0.878668,0.778747,0.993495,nan,nan,1,1.00003,1,1,0
3.0625,6.1875,0.996488,0.882183,0.807772,0.995087,nan,nan,1,1.00003,1,1,0
3.0625,6.3125,0.99743,0.888618,0.835578,0.996404,nan,nan,1,1.00003,1,1,0
3.0625,6.4375,0.998177,0.897274,0.861543,0.997449,nan,nan,1,1.00003,1,1,0
3.0625,6.5625,0.998747,0.907432,0.885215,0.998246,nan,nan,1,1.00003,1,1,0
3.0625,6.6875,0.999165,0.918404,0.906315,0.998831,nan,nan,1,1.00003,1,1,0
3.0625,6.8125,0.999461,0.929579,0.924722,0.999245,nan,nan,1,1.00003,1,1,0
3.0625,6.9375,0.999663,0.94045,0.94045,0.999528,nan,nan,1,1.00003,1,1,0
3.0625,7.0625,0.999795,0.950631,0.953623,0.999714,nan,nan,1,1.00003,1,1,0
3.0625,7.1875,0.99988,0.959853,0.964441,0.999832,nan,nan,1,1.00003,1,1,0
3.0625,7.3125,0.999931,0.967964,0.973159,0.999904,nan,nan,1,1.00003,1,1,0
3.0625,7.4375,0.999962,0.974906,0.980053,0.999947,nan,nan,1,1.00003,1,1,0
3.0625,7.5625,0.99998,0.980699,0.985407,0.999972,nan,nan,1,1.00003,1,1,0
3.0625,7.6875,0.999989,0.98542,0.989489,0.999985,nan,nan,1,1.00003,1,1,0
3.0625,7.8125,0.999995,0.98918,0.992547,0.999993,nan,nan,1,1.00003,1,1,0
3.0625,7.9375,0.999997,0.992111,0.994797,0.999996,nan,nan,1,1.00003,1,1,0
3.0625,8.0625,0.999999,0.994347,0.996424,0.999998,nan,nan,1,1.00003,1,1,0
3.0625,8.1875,0.999999,0.996019,0.99758,0.999999,nan,nan,1,1.00003,1,1,0
3.0625,8.3125,1,0.997244,0.998388,1,nan,nan,1,1.00003,1,1,0
3.0625,8.4375,1,0.998124,0.998943,1,nan,nan,1,1.00003,1,1,0
3.0625,8.5625,1,0.998745,0.999317,1,nan,nan,1,1.00003,1,1,0
3.0625,8.6875,1,0.999174,0.999566,1,nan,nan,1,1.00003,1,1,0
3.0625,8.8125,1,0.999466,0.999729,1,nan,nan,1,1.00003,1,1,0
3.0625,8.9375,1,0.99966,0.999833,1,nan,nan,1,1.00003,1,1,0
3.0625,9.0625,1,0.999787,0.999899,1,nan,nan,1,1.00003,1,1,0
3.0625,9.1875,1,0.999869,0.999939,1,nan,nan,1,1.00003,1,1,0
3.0625,9.3125,1,0.999921,0.999964,1,nan,nan,1,1.00003,1,1,0
3.0625,9.4375,1,0.999953,0.999979,1,nan,nan,1,1.00003,1,1,0
3.0625,9.5625,1,0.999972,0.999988,1,nan,nan,1,1.00003,1,1,0
3.0625,9.6875,1,0.999984,0.999993,1,nan,nan,1,1.00003,1,1,0
3.0625,9.8125,1,0.999991,0.999996,1,nan,nan,1,1.00003,1,1,0
3.0625,9.9375,1,0.999995,0.999998,1,nan,nan,1,1.00003,1,1,0
3.1875,0.0625,1,1.00001,0.999998,1,nan,nan,1,1.00003,1,1,0
3.1875,0.1875,1,1.00001,0.999996,1,nan,nan,1,1.00003,1,1,0
3.1875,0.3125,1,1.00002,0.999992,1,nan,nan,1,1.00003,1,1,0
3.1875,0.4375,1,1.00003,0.999986,1,nan,nan,1,1.00003,1,1,0
3.1875,0.5625,1,1.00006,0.999976,1,nan,nan,1,1.00003,1,1,0
3.1875,0.6875,1,1.0001,0.999958,1,nan,nan,1,1.00003,1,1,0
3.1875,0.8125,1,1.00017,0.999928,1,nan,nan,1,1.00003,1,1,0
3.1875,0.9375,1,1.00027,0.99988,1,nan,nan,1,1.00003,1,1,0
3.1875,1.0625,1,1.00043,0.999802,1,nan,nan,1,1.00003,1,1,0
3.1875,1.1875,1,1.00068,0.999679,1,nan,nan,1,1.00003,1,1,0
3.1875,1.3125,1,1.00104,0.999487,1,nan,nan,1,1.00003,1,1,0
3.1875,1.4375,1,1.00159,0.999193,1,nan,nan,1,1.00003,1,1,0
3.1875,1.5625,1,1.00237,0.99875,1,nan,nan,1,1.00003,1,1,0
3.1875,1.6875,1,1.00348,0.998094,0.999999,nan,nan,1,1.00003,1,1,0
3.1875,1.8125,0.999999,1.00503,0.997138,0.999999,nan,nan,1,1.00003,1,1,0
3.1875,1.9375,0.999998,1.00715,0.995771,0.999997,nan,nan,1,1.00003,1,1,0
3.1875,2.0625,0.999996,1.00997,0.993847,0.999994,nan,nan,1,1.00003,1,1,0
3.1875,2.1875,0.999992,1.01368,0.991186,0.999988,nan,nan,1,1.00003,1,1,0
3.1875,2.3125,0.999983,1.01843,0.98757,0.999976,nan,nan,1,1.00003,1,1,0
3.1875,2.4375,0.999968,1.0244,0.982743,0.999955,nan,nan,1,1.00003,1,1,0
3.1875,2.5625,0.99994,1.03172,0.976412,0.999915,nan,nan,1,1.00003,1,1,0
3.1875,2.6875,0.99989,1.0405,0.968259,0.999847,nan,nan,1,1.00003,1,1,0
3.1875,2.8125,0.999808,1.05075,0.95795,0.999731,nan,nan,1,1.00003,1,1,0
3.1875,2.9375,0.999673,1.06241,0.945156,0.999542,nan,nan,1,1.00003,1,1,0
3.1875,3.0625,0.999461,1.07528,0.929579,0.999245,nan,nan,1,1.00003,1,1,0
3.1875,3.1875,0.999139,1.08902,0.910979,0.998794,nan,nan,1,1.00003,1,1,0
3.1875,3.3125,0.998666,1.10315,0.889212,0.998133,nan,nan,1,1.00003,1,1,0
3.1875,3.4375,0.997998,1.11702,0.86426,0.997198,nan,nan,1,1.00003,1,1,0
3.1875,3.5625,0.997088,1.12986,0.836266,0.995926,nan,nan,1,1.00003,1,1,0
3.1875,3.6875,0.995895,1.1408,0.805561,0.994258,nan,nan,1,1.00003,1,1,0
3.1875,3.8125,0.994392,1.14894,0.772678,0.992157,nan,nan,1,1.00003,1,1,0
3.1875,3.9375,0.992574,1.15338,0.738354,0.989619,nan,nan,1,1.00003,1,1,0
3.1875,4.0625,0.990471,1.15335,0.703516,0.986685,nan,nan,1,1.00003,1,1,0
3.1875,4.1875,0.988149,1.14827,0.669249,0.983449,nan,nan,1,1.00003,1,1,0
3.1875,4.3125,0.985716,1.13779,0.636741,0.98006,nan,nan,1,1.00003,1,1,0
3.1875,4.4375,0.983313,1.1219,0.607223,0.976716,nan,nan,1,1.00003,1,1,0
3.1875,4.5625,0.981103,1.10092,0.581891,0.973645,nan,nan,1,1.00003,1,1,0
3.1875,4.6875,0.979258,1.07555,0.561826,0.971082,nan,nan,1,1.00003,1,1,0
3.1875,4.8125,0.977929,1.04677,0.547916,0.969238,nan,nan,1,1.00003,1,1,0
3.1875,4.9375,0.977233,1.01583,0.540797,0.968272,nan,nan,1,1.00003,1,1,0
3.1875,5.0625,0.977233,0.984165,0.540797,0.968272,nan,nan,1,1.00003,1,1,0
3.1875,5.1875,0.977929,0.953233,0.547916,0.969238,nan,nan,1,1.00003,1,1,0
3.1875,5.3125,0.979258,0.924453,0.561826,0.971082,nan,nan,1,1.00003,1,1,0
3.1875,5.4375,0.981103,0.899077,0.581891,0.973645,nan,nan,1,1.00003,1,1,0
3.1875,5.5625,0.983313,0.878104,0.607223,0.976716,nan,nan,1,1.00003,1,1,0
3.1875,5.6875,0.985716,0.862212,0.636741,0.98006,nan,nan,1,1.00003,1,1,0
3.1875,5.8125,0.988149,0.851732,0.669249,0.983449,nan,nan,1,1.00003,1,1,0
3.1875,5.9375,0.990471,0.846646,0.703516,0.986685,nan,nan,1,1.00003,1,1,0
3.1875,6.0625,0.992574,0.846621,0.738354,0.989619,nan,nan,1,1.00003,1,1,0
3.1875,6.1875,0.994392,0.851065,0.772678,0.992157,nan,nan,1,1.00003,1,1,0
3.1875,6.3125,0.995895,0.8592,0.805561,0.994258,nan,nan,1,1.00003,1,1,0
3.1875,6.4375,0.997088,0.870142,0.836266,0.995926,nan,nan,1,1.00003,1,1,0
3.1875,6.5625,0.997998,0.882983,0.86426,0.997198,nan,nan,1,1.00003,1,1,0
3.1875,6.6875,0.998666,0.896853,0.889212,0.998133,nan,nan,1,1.00003,1,1,0
3.1875,6.8125,0.999139,0.910979,0.910979,0.998794,nan,nan,1,1.00003,1,1,0
3.1875,6.9375,0.999461,0.924722,0.929579,0.999245,nan,nan,1,1.00003,1,1,0
3.1875,7.0625,0.999673,0.937591,0.945156,0.999542,nan,nan,1,1.00003,1,1,0
3.1875,7.1875,0.999808,0.94925,0.95795,0.999731,nan,nan,1,1.00003,1,1,0
3.1875,7.3125,0.99989,0.959503,0.968259,0.999847,nan,nan,1,1.00003,1,1,0
3.1875,7.4375,0.99994,0.968278,0.976412,0.999915,nan,nan,1,1.00003,1,1,0
3.1875,7.5625,0.999968,0.975602,0.982743,0.999955,nan,nan,1,1.00003,1,1,0
3.1875,7.6875,0.999983,0.981569,0.98757,0.999976,nan,nan,1,1.00003,1,1,0
3.1875,7.8125,0.999992,0.986323,0.991186,0.999988,nan,nan,1,1.00003,1,1,0
3.1875,7.9375,0.999996,0.990027,0.993847,0.999994,nan,nan,1,1.00003,1,1,0
3.1875,8.0625,0.999998,0.992854,0.995771,0.999997,nan,nan,1,1.00003,1,1,0
3.1875,8.1875,0.999999,0.994968,0.997138,0.999999,nan,nan,1,1.00003,1,1,0
3.1875,8.3125,1,0.996516,0.998094,0.999999,nan,nan,1,1.00003,1,1,0
3.1875,8.4375,1,0.997629,0.99875,1,nan,nan,1,1.00003,1,1,0
3.1875,8.5625,1,0.998414,0.999193,1,nan,nan,1,1.00003,1,1,0
3.1875,8.6875,1,0.998956,0.999487,1,nan,nan,1,1.00003,1,1,0
3.1875,8.8125,1,0.999325,0.999679,1,nan,nan,1,1.00003,1,1,0
3.1875,8.9375,1,0.99957,0.999802,1,nan,nan,1,1.00003,1,1,0
3.1875,9.0625,1,0.999731,0.99988,1,nan,nan,1,1.00003,1,1,0
3.1875,9.1875,1,0.999834,0.999928,1,nan,nan,1,1.00003,1,1,0
3.1875,9.3125,1,0.9999,0.999958,1,nan,nan,1,1.00003,1,1,0
3.1875,9.4375,1,0.99994,0.999976,1,nan,nan,1,1.00003,1,1,0
3.1875,9.5625,1,0.999965,0.999986,1,nan,nan,1,1.00003,1,1,0
3.1875,9.6875,1,0.99998,0.999992,1,nan,nan,1,1.00003,1,1,0
3.1875,9.8125,1,0.999989,0.999996,1,nan,nan,1,1.00003,1,1,0
3.1875,9.9375,1,0.999994,0.999998,1,nan,nan,1,1.00003,1,1,0
3.3125,0.0625,1,1.00001,0.999997,1,nan,nan,1,1.00003,1,1,0
3.3125,0.1875,1,1.00001,0.999995,1,nan,nan,1,1.00003,1,1,0
3.3125,0.3125,1,1.00003,0.999991,1,nan,nan,1,1.00003,1,1,0
3.3125,0.4375,1,1.00004,0.999984,1,nan,nan,1,1.00003,1,1,0
3.3125,0.5625,1,1.00007,0.999972,1,nan,nan,1,1.00003,1,1,0
3.3125,0.6875,1,1.00012,0.999951,1,nan,nan,1,1.00003,1,1,0
3.3125,0.8125,1,1.00021,0.999917,1,nan,nan,1,1.00003,1,1,0
3.3125,0.9375,1,1.00033,0.999861,1,nan,nan,1,1.00003,1,1,0
3.3125,1.0625,1,1.00053,0.999771,1,nan,nan,1,1.00003,1,1,0
3.3125,1.1875,1,1.00084,0.999628,1,nan,nan,1,1.00003,1,1,0
3.3125,1.3125,1,1.0013,0.999406,1,nan,nan,1,1.00003,1,1,0
3.3125,1.4375,1,1.00197,0.999065,1,nan,nan,1,1.00003,1,1,0
3.3125,1.5625,1,1.00295,0.998551,1,nan,nan,1,1.00003,1,1,0
3.3125,1.6875,0.999999,1.00434,0.997791,0.999999,nan,nan,1,1.00003,1,1,0
3.3125,1.8125,0.999999,1.00626,0.996684,0.999998,nan,nan,1,1.00003,1,1,0
3.3125,1.9375,0.999997,1.00889,0.9951,0.999996,nan,nan,1,1.00003,1,1,0
3.3125,2.0625,0.999994,1.01241,0.99287,0.999991,nan,nan,1,1.00003,1,1,0
3.3125,2.1875,0.999987,1.01702,0.989787,0.999982,nan,nan,1,1.00003,1,1,0
3.3125,2.3125,0.999974,1.02294,0.985597,0.999964,nan,nan,1,1.00003,1,1,0
3.3125,2.4375,0.99995,1.03036,0.980004,0.99993,nan,nan,1,1.00003,1,1,0
3.3125,2.5625,0.999906,1.03948,0.972669,0.999869,nan,nan,1,1.00003,1,1,0
3.3125,2.6875,0.99983,1.0504,0.963222,0.999763,nan,nan,1,1.00003,1,1,0
3.3125,2.8125,0.999702,1.06316,0.951277,0.999583,nan,nan,1,1.00003,1,1,0
3.3125,2.9375,0.999494,1.07767,0.936453,0.999291,nan,nan,1,1.00003,1,1,0
3.3125,3.0625,0.999165,1.09368,0.918404,0.998831,nan,nan,1,1.00003,1,1,0
3.3125,3.1875,0.998666,1.11079,0.896853,0.998133,nan,nan,1,1.00003,1,1,0
3.3125,3.3125,0.997935,1.12837,0.871631,0.99711,nan,nan,1,1.00003,1,1,0
3.3125,3.4375,0.9969,1.14563,0.842719,0.995663,nan,nan,1,1.00003,1,1,0
3.3125,3.5625,0.995492,1.16161,0.810283,0.993695,nan,nan,1,1.00003,1,1,0
3.3125,3.6875,0.993646,1.17523,0.774706,0.991116,nan,nan,1,1.00003,1,1,0
3.3125,3.8125,0.991322,1.18535,0.736604,0.987871,nan,nan,1,1.00003,1,1,0
3.3125,3.9375,0.988513,1.19088,0.696833,0.983955,nan,nan,1,1.00003,1,1,0
3.3125,4.0625,0.985265,1.19085,0.656467,0.979431,nan,nan,1,1.00003,1,1,0
3.3125,4.1875,0.981682,1.18452,0.616761,0.974448,nan,nan,1,1.00003,1,1,0
3.3125,4.3125,0.977929,1.17148,0.579095,0.969238,nan,nan,1,1.00003,1,1,0
3.3125,4.4375,0.974226,1.1517,0.544893,0.964103,nan,nan,1,1.00003,1,1,0
3.3125,4.5625,0.970824,1.1256,0.515541,0.959394,nan,nan,1,1.00003,1,1,0
3.3125,4.6875,0.967984,1.09402,0.492291,0.955467,nan,nan,1,1.00003,1,1,0
3.3125,4.8125,0.965941,1.0582,0.476175,0.952645,nan,nan,1,1.00003,1,1,0
3.3125,4.9375,0.964872,1.01971,0.467926,0.951168,nan,nan,1,1.00003,1,1,0
3.3125,5.0625,0.964872,0.980294,0.467926,0.951168,nan,nan,1,1.00003,1,1,0
3.3125,5.1875,0.965941,0.941797,0.476175,0.952645,nan,nan,1,1.00003,1,1,0
3.3125,5.3125,0.967984,0.90598,0.492291,0.955467,nan,nan,1,1.00003,1,1,0
3.3125,5.4375,0.970824,0.874399,0.515541,0.959394,nan,nan,1,1.00003,1,1,0
3.3125,5.5625,0.974226,0.848298,0.544893,0.964103,nan,nan,1,1.00003,1,1,0
3.3125,5.6875,0.977929,0.82852,0.579095,0.969238,nan,nan,1,1.00003,1,1,0
3.3125,5.8125,0.981682,0.815478,0.616761,0.974448,nan,nan,1,1.00003,1,1,0
3.3125,5.9375,0.985265,0.809148,0.656467,0.979431,nan,nan,1,1.00003,1,1,0
3.3125,6.0625,0.988513,0.809117,0.696833,0.983955,nan,nan,1,1.00003,1,1,0
3.3125,6.1875,0.991322,0.814647,0.736604,0.987871,nan,nan,1,1.00003,1,1,0
3.3125,6.3125,0.993646,0.824771,0.774706,0.991116,nan,nan,1,1.00003,1,1,0
3.3125,6.4375,0.995492,0.838389,0.810283,0.993695,nan,nan,1,1.00003,1,1,0
3.3125,6.5625,0.9969,0.85437,0.842719,0.995663,nan,nan,1,1.00003,1,1,0
3.3125,6.6875,0.997935,0.871631,0.871631,0.99711,nan,nan,1,1.00003,1,1,0
3.3125,6.8125,0.998666,0.889212,0.896853,0.998133,nan,nan,1,1.00003,1,1,0
3.3125,6.9375,0.999165,0.906315,0.918404,0.998831,nan,nan,1,1.00003,1,1,0
3.3125,7.0625,0.999494,0.922331,0.936453,0.999291,nan,nan,1,1.00003,1,1,0
3.3125,7.1875,0.999702,0.93684,0.951277,0.999583,nan,nan,1,1.00003,1,1,0
3.3125,7.3125,0.99983,0.9496,0.963222,0.999763,nan,nan,1,1.00003,1,1,0
3.3125,7.4375,0.999906,0.960521,0.972669,0.999869,nan,nan,1,1.00003,1,1,0
3.3125,7.5625,0.99995,0.969636,0.980004,0.99993,nan,nan,1,1.00003,1,1,0
3.3125,7.6875,0.999974,0.977063,0.985597,0.999964,nan,nan,1,1.00003,1,1,0
3.3125,7.8125,0.999987,0.982978,0.989787,0.999982,nan,nan,1,1.00003,1,1,0
3.3125,7.9375,0.999994,0.987589,0.99287,0.999991,nan,nan,1,1.00003,1,1,0
3.3125,8.0625,0.999997,0.991107,0.9951,0.999996,nan,nan,1,1.00003,1,1,0
3.3125,8.1875,0.999999,0.993737,0.996684,0.999998,nan,nan,1,1.00003,1,1,0
3.3125,8.3125,0.999999,0.995664,0.997791,0.999999,nan,nan,1,1.00003,1,1,0
3.3125,8.4375,1,0.997049,0.998551,1,nan,nan,1,1.00003,1,1,0
3.3125,8.5625,1,0.998026,0.999065,1,nan,nan,1,1.00003,1,1,0
3.3125,8.6875,1,0.998701,0.999406,1,nan,nan,1,1.00003,1,1,0
3.3125,8.8125,1,0.99916,0.999628,1,nan,nan,1,1.00003,1,1,0
3.3125,8.9375,1,0.999465,0.999771,1,nan,nan,1,1.00003,1,1,0
3.3125,9.0625,1,0.999665,0.999861,1,nan,nan,1,1.00003,1,1,0
3.3125,9.1875,1,0.999794,0.999917,1,nan,nan,1,1.00003,1,1,0
3.3125,9.3125,1,0.999875,0.999951,1,nan,nan,1,1.00003,1,1,0
3.3125,9.4375,1,0.999926,0.999972,1,nan,nan,1,1.00003,1,1,0
3.3125,9.5625,1,0.999956,0.999984,1,nan,nan,1,1.00003,1,1,0
3.3125,9.6875,1,0.999975,0.999991,1,nan,nan,1,1.00003,1,1,0
3.3125,9.8125,1,0.999986,0.999995,1,nan,nan,1,1.00003,1,1,0
3.3125,9.9375,1,0.999992,0.999997,1,nan,nan,1,1.00003,1,1,0
3.4375,0.0625,1,1.00001,0.999997,1,nan,nan,1,1.00003,1,1,0
3.4375,0.1875,1,1.00002,0.999994,1,nan,nan,1,1.00003,1,1,0
3.4375,0.3125,1,1.00003,0.99999,1,nan,nan,1,1.00003,1,1,0
3.4375,0.4375,1,1.00005,0.999982,1,nan,nan,1,1.00003,1,1,0
3.4375,0.5625,1,1.00009,0.999968,1,nan,nan,1,1.00003,1,1,0
3.4375,0.6875,1,1.00015,0.999945,1,nan,nan,1,1.00003,1,1,0
3.4375,0.8125,1,1.00025,0.999906,1,nan,nan,1,1.00003,1,1,0
3.4375,0.9375,1,1.00041,0.999842,1,nan,nan,1,1.00003,1,1,0
3.4375,1.0625,1,1.00066,0.99974,1,nan,nan,1,1.00003,1,1,0
3.4375,1.1875,1,1.00103,0.999578,1,nan,nan,1,1.00003,1,1,0
3.4375,1.3125,1,1.00159,0.999326,1,nan,nan,1,1.00003,1,1,0
3.4375,1.4375,1,1.00242,0.998939,1,nan,nan,1,1.00003,1,1,0
3.4375,1.5625,1,1.00362,0.998357,0.999999,nan,nan,1,1.00003,1,1,0
3.4375,1.6875,0.999999,1.00531,0.997494,0.999999,nan,nan,1,1.00003,1,1,0
3.4375,1.8125,0.999998,1.00767,0.996238,0.999997,nan,nan,1,1.00003,1,1,0
3.4375,1.9375,0.999995,1.0109,0.994441,0.999994,nan,nan,1,1.00003,1,1,0
3.4375,2.0625,0.99999,1.01521,0.991911,0.999987,nan,nan,1,1.00003,1,1,0
3.4375,2.1875,0.99998,1.02086,0.988414,0.999973,nan,nan,1,1.00003,1,1,0
3.4375,2.3125,0.999961,1.0281,0.983661,0.999945,nan,nan,1,1.00003,1,1,0
3.4375,2.4375,0.999925,1.0372,0.977315,0.999895,nan,nan,1,1.00003,1,1,0
3.4375,2.5625,0.999859,1.04837,0.968993,0.999803,nan,nan,1,1.00003,1,1,0
3.4375,2.6875,0.999745,1.06175,0.958276,0.999644,nan,nan,1,1.00003,1,1,0
3.4375,2.8125,0.999553,1.07739,0.944725,0.999374,nan,nan,1,1.00003,1,1,0
3.4375,2.9375,0.99924,1.09516,0.927908,0.998936,nan,nan,1,1.00003,1,1,0
3.4375,3.0625,0.998747,1.11478,0.907432,0.998246,nan,nan,1,1.00003,1,1,0
3.4375,3.1875,0.997998,1.13574,0.882983,0.997198,nan,nan,1,1.00003,1,1,0
3.4375,3.3125,0.9969,1.15728,0.85437,0.995663,nan,nan,1,1.00003,1,1,0
3.4375,3.4375,0.995349,1.17843,0.82157,0.993495,nan,nan,1,1.00003,1,1,0
3.4375,3.5625,0.993237,1.19801,0.784772,0.990545,nan,nan,1,1.00003,1,1,0
3.4375,3.6875,0.990471,1.2147,0.744411,0.986685,nan,nan,1,1.00003,1,1,0
3.4375,3.8125,0.986989,1.2271,0.701186,0.981833,nan,nan,1,1.00003,1,1,0
3.4375,3.9375,0.982786,1.23387,0.656067,0.975983,nan,nan,1,1.00003,1,1,0
3.4375,4.0625,0.977929,1.23384,0.610273,0.969238,nan,nan,1,1.00003,1,1,0
3.4375,4.1875,0.972577,1.22608,0.565228,0.96182,nan,nan,1,1.00003,1,1,0
3.4375,4.3125,0.966978,1.2101,0.522496,0.954077,nan,nan,1,1.00003,1,1,0
3.4375,4.4375,0.96146,1.18587,0.483695,0.946463,nan,nan,1,1.00003,1,1,0
3.4375,4.5625,0.956396,1.15389,0.450397,0.939492,nan,nan,1,1.00003,1,1,0
3.4375,4.6875,0.952174,1.1152,0.424021,0.93369,nan,nan,1,1.00003,1,1,0
3.4375,4.8125,0.949137,1.07131,0.405737,0.929524,nan,nan,1,1.00003,1,1,0
3.4375,4.9375,0.947549,1.02414,0.396379,0.927347,nan,nan,1,1.00003,1,1,0
3.4375,5.0625,0.947549,0.975855,0.396379,0.927347,nan,nan,1,1.00003,1,1,0
3.4375,5.1875,0.949137,0.928688,0.405737,0.929524,nan,nan,1,1.00003,1,1,0
3.4375,5.3125,0.952174,0.884804,0.424021,0.93369,nan,nan,1,1.00003,1,1,0
3.4375,5.4375,0.956396,0.846111,0.450397,0.939492,nan,nan,1,1.00003,1,1,0
3.4375,5.5625,0.96146,0.81413,0.483695,0.946463,nan,nan,1,1.00003,1,1,0
3.4375,5.6875,0.966978,0.789898,0.522496,0.954077,nan,nan,1,1.00003,1,1,0
3.4375,5.8125,0.972577,0.773919,0.565228,0.96182,nan,nan,1,1.00003,1,1,0
3.4375,5.9375,0.977929,0.766164,0.610273,0.969238,nan,nan,1,1.00003,1,1,0
3.4375,6.0625,0.982786,0.766126,0.656067,0.975983,nan,nan,1,1.00003,1,1,0
3.4375,6.1875,0.986989,0.772901,0.701186,0.981833,nan,nan,1,1.00003,1,1,0
3.4375,6.3125,0.990471,0.785305,0.744411,0.986685,nan,nan,1,1.00003,1,1,0
3.4375,6.4375,0.993237,0.80199,0.784772,0.990545,nan,nan,1,1.00003,1,1,0
3.4375,6.5625,0.995349,0.82157,0.82157,0.993495,nan,nan,1,1.00003,1,1,0
3.4375,6.6875,0.9969,0.842719,0.85437,0.995663,nan,nan,1,1.00003,1,1,0
3.4375,6.8125,0.997998,0.86426,0.882983,0.997198,nan,nan,1,1.00003,1,1,0
3.4375,6.9375,0.998747,0.885215,0.907432,0.998246,nan,nan,1,1.00003,1,1,0
3.4375,7.0625,0.99924,0.904838,0.927908,0.998936,nan,nan,1,1.00003,1,1,0
3.4375,7.1875,0.999553,0.922615,0.944725,0.999374,nan,nan,1,1.00003,1,1,0
3.4375,7.3125,0.999745,0.938249,0.958276,0.999644,nan,nan,1,1.00003,1,1,0
3.4375,7.4375,0.999859,0.95163,0.968993,0.999803,nan,nan,1,1.00003,1,1,0
3.4375,7.5625,0.999925,0.962797,0.977315,0.999895,nan,nan,1,1.00003,1,1,0
3.4375,7.6875,0.999961,0.971896,0.983661,0.999945,nan,nan,1,1.00003,1,1,0
3.4375,7.8125,0.99998,0.979145,0.988414,0.999973,nan,nan,1,1.00003,1,1,0
3.4375,7.9375,0.99999,0.984794,0.991911,0.999987,nan,nan,1,1.00003,1,1,0
3.4375,8.0625,0.999995,0.989104,0.994441,0.999994,nan,nan,1,1.00003,1,1,0
3.4375,8.1875,0.999998,0.992327,0.996238,0.999997,nan,nan,1,1.00003,1,1,0
3.4375,8.3125,0.999999,0.994688,0.997494,0.999999,nan,nan,1,1.00003,1,1,0
3.4375,8.4375,1,0.996385,0.998357,0.999999,nan,nan,1,1.00003,1,1,0
3.4375,8.5625,1,0.997581,0.998939,1,nan,nan,1,1.00003,1,1,0
3.4375,8.6875,1,0.998408,0.999326,1,nan,nan,1,1.00003,1,1,0
3.4375,8.8125,1,0.99897,0.999578,1,nan,nan,1,1.00003,1,1,0
3.4375,8.9375,1,0.999345,0.99974,1,nan,nan,1,1.00003,1,1,0
3.4375,9.0625,1,0.99959,0.999842,1,nan,nan,1,1.00003,1,1,0
3.4375,9.1875,1,0.999748,0.999906,1,nan,nan,1,1.00003,1,1,0
3.4375,9.3125,1,0.999847,0.999945,1,nan,nan,1,1.00003,1,1,0
3.4375,9.4375,1,0.999909,0.999968,1,nan,nan,1,1.00003,1,1,0
3.4375,9.5625,1,0.999947,0.999982,1,nan,nan,1,1.00003,1,1,0
3.4375,9.6875,1,0.999969,0.99999,1,nan,nan,1,1.00003,1,1,0
3.4375,9.8125,1,0.999983,0.999994,1,nan,nan,1,1.00003,1,1,0
3.4375,9.9375,1,0.99999,0.999997,1,nan,nan,1,1.00003,1,1,0
3.5625,0.0625,1,1.00001,0.999997,1,nan,nan,1,1.00003,1,1,0
3.5625,0.1875,1,1.00002,0.999994,1,nan,nan,1,1.00003,1,1,0
3.5625,0.3125,1,1.00004,0.999989,1,nan,nan,1,1.00003,1,1,0
3.5625,0.4375,1,1.00006,0.99998,1,nan,nan,1,1.00003,1,1,0
3.5625,0.5625,1,1.00011,0.999964,1,nan,nan,1,1.00003,1,1,0
3.5625,0.6875,1,1.00018,0.999939,1,nan,nan,1,1.00003,1,1,0
3.5625,0.8125,1,1.0003,0.999895,1,nan,nan,1,1.00003,1,1,0
3.5625,0.9375,1,1.00049,0.999825,1,nan,nan,1,1.00003,1,1,0
3.5625,1.0625,1,1.00079,0.999711,1,nan,nan,1,1.00003,1,1,0
3.5625,1.1875,1,1.00124,0.999532,1,nan,nan,1,1.00003,1,1,0
3.5625,1.3125,1,1.00192,0.999252,1,nan,nan,1,1.00003,1,1,0
3.5625,1.4375,1,1.00292,0.998823,1,nan,nan,1,1.00003,1,1,0
3.5625,1.5625,0.999999,1.00436,0.998176,0.999999,nan,nan,1,1.00003,1,1,0
3.5625,1.6875,0.999999,1.00641,0.997219,0.999998,nan,nan,1,1.00003,1,1,0
3.5625,1.8125,0.999997,1.00926,0.995826,0.999996,nan,nan,1,1.00003,1,1,0
3.5625,1.9375,0.999993,1.01314,0.993831,0.999991,nan,nan,1,1.00003,1,1,0
3.5625,2.0625,0.999986,1.01834,0.991024,0.999981,nan,nan,1,1.00003,1,1,0
3.5625,2.1875,0.999971,1.02516,0.987142,0.99996,nan,nan,1,1.00003,1,1,0
3.5625,2.3125,0.999943,1.0339,0.981868,0.99992,nan,nan,1,1.00003,1,1,0
3.5625,2.4375,0.99989,1.04488,0.974826,0.999847,nan,nan,1,1.00003,1,1,0
3.5625,2.5625,0.999795,1.05835,0.965591,0.999714,nan,nan,1,1.00003,1,1,0
3.5625,2.6875,0.99963,1.07449,0.953698,0.999481,nan,nan,1,1.00003,1,1,0
3.5625,2.8125,0.99935,1.09334,0.938659,0.99909,nan,nan,1,1.00003,1,1,0
3.5625,2.9375,0.998894,1.11479,0.919997,0.998452,nan,nan,1,1.00003,1,1,0
3.5625,3.0625,0.998177,1.13846,0.897274,0.997449,nan,nan,1,1.00003,1,1,0
3.5625,3.1875,0.997088,1.16373,0.870142,0.995926,nan,nan,1,1.00003,1,1,0
3.5625,3.3125,0.995492,1.18972,0.838389,0.993695,nan,nan,1,1.00003,1,1,0
3.5625,3.4375,0.993237,1.21523,0.80199,0.990545,nan,nan,1,1.00003,1,1,0
3.5625,3.5625,0.99017,1.23885,0.761155,0.986264,nan,nan,1,1.00003,1,1,0
3.5625,3.6875,0.986154,1.25897,0.716364,0.980669,nan,nan,1,1.00003,1,1,0
3.5625,3.8125,0.981103,1.27393,0.668396,0.973645,nan,nan,1,1.00003,1,1,0
3.5625,3.9375,0.975012,1.28211,0.618327,0.965193,nan,nan,1,1.00003,1,1,0
3.5625,4.0625,0.967984,1.28206,0.567507,0.955467,nan,nan,1,1.00003,1,1,0
3.5625,4.1875,0.960251,1.27271,0.51752,0.944797,nan,nan,1,1.00003,1,1,0
3.5625,4.3125,0.952174,1.25343,0.470099,0.93369,nan,nan,1,1.00003,1,1,0
3.5625,4.4375,0.944224,1.2242,0.42704,0.922795,nan,nan,1,1.00003,1,1,0
3.5625,4.5625,0.936942,1.18563,0.390088,0.912847,nan,nan,1,1.00003,1,1,0
3.5625,4.6875,0.930877,1.13895,0.360817,0.904585,nan,nan,1,1.00003,1,1,0
3.5625,4.8125,0.926521,1.08602,0.340527,0.898664,nan,nan,1,1.00003,1,1,0
3.5625,4.9375,0.924243,1.02912,0.330142,0.895573,nan,nan,1,1.00003,1,1,0
3.5625,5.0625,0.924243,0.970876,0.330142,0.895573,nan,nan,1,1.00003,1,1,0
3.5625,5.1875,0.926521,0.913982,0.340527,0.898664,nan,nan,1,1.00003,1,1,0
3.5625,5.3125,0.930877,0.861047,0.360817,0.904585,nan,nan,1,1.00003,1,1,0
3.5625,5.4375,0.936942,0.814374,0.390088,0.912847,nan,nan,1,1.00003,1,1,0
3.5625,5.5625,0.944224,0.775798,0.42704,0.922795,nan,nan,1,1.00003,1,1,0
3.5625,5.6875,0.952174,0.746569,0.470099,0.93369,nan,nan,1,1.00003,1,1,0
3.5625,5.8125,0.960251,0.727294,0.51752,0.944797,nan,nan,1,1.00003,1,1,0
3.5625,5.9375,0.967984,0.71794,0.567507,0.955467,nan,nan,1,1.00003,1,1,0
3.5625,6.0625,0.975012,0.717894,0.618327,0.965193,nan,nan,1,1.00003,1,1,0
3.5625,6.1875,0.981103,0.726067,0.668396,0.973645,nan,nan,1,1.00003,1,1,0
3.5625,6.3125,0.986154,0.741028,0.716364,0.980669,nan,nan,1,1.00003,1,1,0
3.5625,6.4375,0.99017,0.761155,0.761155,0.986264,nan,nan,1,1.00003,1,1,0
3.5625,6.5625,0.993237,0.784772,0.80199,0.990545,nan,nan,1,1.00003,1,1,0
3.5625,6.6875,0.995492,0.810283,0.838389,0.993695,nan,nan,1,1.00003,1,1,0
3.5625,6.8125,0.997088,0.836266,0.870142,0.995926,nan,nan,1,1.00003,1,1,0
3.5625,6.9375,0.998177,0.861543,0.897274,0.997449,nan,nan,1,1.00003,1,1,0
3.5625,7.0625,0.998894,0.885213,0.919997,0.998452,nan,nan,1,1.00003,1,1,0
3.5625,7.1875,0.99935,0.906656,0.938659,0.99909,nan,nan,1,1.00003,1,1,0
3.5625,7.3125,0.99963,0.925514,0.953698,0.999481,nan,nan,1,1.00003,1,1,0
3.5625,7.4375,0.999795,0.941654,0.965591,0.999714,nan,nan,1,1.00003,1,1,0
3.5625,7.5625,0.99989,0.955124,0.974826,0.999847,nan,nan,1,1.00003,1,1,0
3.5625,7.6875,0.999943,0.966101,0.981868,0.99992,nan,nan,1,1.00003,1,1,0
3.5625,7.8125,0.999971,0.974844,0.987142,0.99996,nan,nan,1,1.00003,1,1,0
3.5625,7.9375,0.999986,0.981658,0.991024,0.999981,nan,nan,1,1.00003,1,1,0
3.5625,8.0625,0.999993,0.986857,0.993831,0.999991,nan,nan,1,1.00003,1,1,0
3.5625,8.1875,0.999997,0.990744,0.995826,0.999996,nan,nan,1,1.00003,1,1,0
3.5625,8.3125,0.999999,0.993592,0.997219,0.999998,nan,nan,1,1.00003,1,1,0
3.5625,8.4375,0.999999,0.995639,0.998176,0.999999,nan,nan,1,1.00003,1,1,0
3.5625,8.5625,1,0.997082,0.998823,1,nan,nan,1,1.00003,1,1,0
3.5625,8.6875,1,0.99808,0.999252,1,nan,nan,1,1.00003,1,1,0
3.5625,8.8125,1,0.998758,0.999532,1,nan,nan,1,1.00003,1,1,0
3.5625,8.9375,1,0.99921,0.999711,1,nan,nan,1,1.00003,1,1,0
3.5625,9.0625,1,0.999505,0.999825,1,nan,nan,1,1.00003,1,1,0
3.5625,9.1875,1,0.999696,0.999895,1,nan,nan,1,1.00003,1,1,0
3.5625,9.3125,1,0.999816,0.999939,1,nan,nan,1,1.00003,1,1,0
3.5625,9.4375,1,0.99989,0.999964,1,nan,nan,1,1.00003,1,1,0
3.5625,9.5625,1,0.999936,0.99998,1,nan,nan,1,1.00003,1,1,0
3.5625,9.6875,1,0.999963,0.999989,1,nan,nan,1,1.00003,1,1,0
3.5625,9.8125,1,0.999979,0.999994,1,nan,nan,1,1.00003,1,1,0
3.5625,9.9375,1,0.999988,0.999997,1,nan,nan,1,1.00003,1,1,0
3.6875,0.0625,1,1.00001,0.999996,1,nan,nan,1,1.00003,1,1,0
3.6875,0.1875,1,1.00002,0.999993,1,nan,nan,1,1.00003,1,1,0
3.6875,0.3125,1,1.00004,0.999988,1,nan,nan,1,1.00003,1,1,0
3.6875,0.4375,1,1.00008,0.999978,1,nan,nan,1,1.00003,1,1,0
3.6875,0.5625,1,1.00013,0.999961,1,nan,nan,1,1.00003,1,1,0
3.6875,0.6875,1,1.00022,0.999933,1,nan,nan,1,1.00003,1,1,0
3.6875,0.8125,1,1.00036,0.999887,1,nan,nan,1,1.00003,1,1,0
3.6875,0.9375,1,1.00059,0.99981,1,nan,nan,1,1.00003,1,1,0
3.6875,1.0625,1,1.00094,0.999687,1,nan,nan,1,1.00003,1,1,0
3.6875,1.1875,1,1.00148,0.999492,1,nan,nan,1,1.00003,1,1,0
3.6875,1.3125,1,1.00228,0.999189,1,nan,nan,1,1.00003,1,1,0
3.6875,1.4375,1,1.00347,0.998723,1,nan,nan,1,1.00003,1,1,0
3.6875,1.5625,0.999999,1.00518,0.998023,0.999999,nan,nan,1,1.00003,1,1,0
3.6875,1.6875,0.999998,1.00761,0.996985,0.999997,nan,nan,1,1.00003,1,1,0
3.6875,1.8125,0.999996,1.01099,0.995474,0.999994,nan,nan,1,1.00003,1,1,0
3.6875,1.9375,0.999991,1.01561,0.993311,0.999987,nan,nan,1,1.00003,1,1,0
3.6875,2.0625,0.99998,1.02178,0.990268,0.999973,nan,nan,1,1.00003,1,1,0
3.6875,2.1875,0.99996,1.02987,0.986059,0.999944,nan,nan,1,1.00003,1,1,0
3.6875,2.3125,0.99992,1.04026,0.98034,0.999888,nan,nan,1,1.00003,1,1,0
3.6875,2.4375,0.999846,1.05329,0.972705,0.999784,nan,nan,1,1.00003,1,1,0
3.6875,2.5625,0.999711,1.06929,0.962692,0.999596,nan,nan,1,1.00003,1,1,0
3.6875,2.6875,0.999478,1.08845,0.949796,0.999269,nan,nan,1,1.00003,1,1,0
3.6875,2.8125,0.999083,1.11085,0.933491,0.998717,nan,nan,1,1.00003,1,1,0
3.6875,2.9375,0.998441,1.13631,0.913255,0.997818,nan,nan,1,1.00003,1,1,0
3.6875,3.0625,0.99743,1.16442,0.888618,0.996404,nan,nan,1,1.00003,1,1,0
3.6875,3.1875,0.995895,1.19444,0.8592,0.994258,nan,nan,1,1.00003,1,1,0
3.6875,3.3125,0.993646,1.22529,0.824771,0.991116,nan,nan,1,1.00003,1,1,0
3.6875,3.4375,0.990471,1.25559,0.785305,0.986685,nan,nan,1,1.00003,1,1,0
3.6875,3.5625,0.986154,1.28364,0.741028,0.980669,nan,nan,1,1.00003,1,1,0
3.6875,3.6875,0.980507,1.30754,0.692464,0.972817,nan,nan,1,1.00003,1,1,0
3.6875,3.8125,0.973414,1.3253,0.640453,0.962979,nan,nan,1,1.00003,1,1,0
3.6875,3.9375,0.964872,1.33501,0.586164,0.951168,nan,nan,1,1.00003,1,1,0
3.6875,4.0625,0.955031,1.33496,0.531063,0.937615,nan,nan,1,1.00003,1,1,0
3.6875,4.1875,0.944224,1.32385,0.476863,0.922795,nan,nan,1,1.00003,1,1,0
3.6875,4.3125,0.93296,1.30096,0.425446,0.907419,nan,nan,1,1.00003,1,1,0
3.6875,4.4375,0.921897,1.26625,0.378759,0.892391,nan,nan,1,1.00003,1,1,0
3.6875,4.5625,0.911784,1.22044,0.338693,0.878716,nan,nan,1,1.00003,1,1,0
3.6875,4.6875,0.903377,1.16501,0.306956,0.867394,nan,nan,1,1.00003,1,1,0
3.6875,4.8125,0.897346,1.10215,0.284956,0.859299,nan,nan,1,1.00003,1,1,0
3.6875,4.9375,0.894196,1.03459,0.273696,0.855079,nan,nan,1,1.00003,1,1,0
3.6875,5.0625,0.894196,0.965414,0.273696,0.855079,nan,nan,1,1.00003,1,1,0
3.6875,5.1875,0.897346,0.897851,0.284956,0.859299,nan,nan,1,1.00003,1,1,0
3.6875,5.3125,0.903377,0.83499,0.306956,0.867394,nan,nan,1,1.00003,1,1,0
3.6875,5.4375,0.911784,0.779564,0.338693,0.878716,nan,nan,1,1.00003,1,1,0
3.6875,5.5625,0.921897,0.733754,0.378759,0.892391,nan,nan,1,1.00003,1,1,0
3.6875,5.6875,0.93296,0.699043,0.425446,0.907419,nan,nan,1,1.00003,1,1,0
3.6875,5.8125,0.944224,0.676153,0.476863,0.922795,nan,nan,1,1.00003,1,1,0
3.6875,5.9375,0.955031,0.665045,0.531063,0.937615,nan,nan,1,1.00003,1,1,0
3.6875,6.0625,0.964872,0.66499,0.586164,0.951168,nan,nan,1,1.00003,1,1,0
3.6875,6.1875,0.973414,0.674696,0.640453,0.962979,nan,nan,1,1.00003,1,1,0
3.6875,6.3125,0.980507,0.692464,0.692464,0.972817,nan,nan,1,1.00003,1,1,0
3.6875,6.4375,0.986154,0.716364,0.741028,0.980669,nan,nan,1,1.00003,1,1,0
3.6875,6.5625,0.990471,0.744411,0.785305,0.986685,nan,nan,1,1.00003,1,1,0
3.6875,6.6875,0.993646,0.774706,0.824771,0.991116,nan,nan,1,1.00003,1,1,0
3.6875,6.8125,0.995895,0.805561,0.8592,0.994258,nan,nan,1,1.00003,1,1,0
3.6875,6.9375,0.99743,0.835578,0.888618,0.996404,nan,nan,1,1.00003,1,1,0
3.6875,7.0625,0.998441,0.863687,0.913255,0.997818,nan,nan,1,1.00003,1,1,0
3.6875,7.1875,0.999083,0.889151,0.933491,0.998717,nan,nan,1,1.00003,1,1,0
3.6875,7.3125,0.999478,0.911545,0.949796,0.999269,nan,nan,1,1.00003,1,1,0
3.6875,7.4375,0.999711,0.930713,0.962692,0.999596,nan,nan,1,1.00003,1,1,0
3.6875,7.5625,0.999846,0.946709,0.972705,0.999784,nan,nan,1,1.00003,1,1,0
3.6875,7.6875,0.99992,0.959744,0.98034,0.999888,nan,nan,1,1.00003,1,1,0
3.6875,7.8125,0.99996,0.970126,0.986059,0.999944,nan,nan,1,1.00003,1,1,0
3.6875,7.9375,0.99998,0.978218,0.990268,0.999973,nan,nan,1,1.00003,1,1,0
3.6875,8.0625,0.999991,0.984392,0.993311,0.999987,nan,nan,1,1.00003,1,1,0
3.6875,8.1875,0.999996,0.989008,0.995474,0.999994,nan,nan,1,1.00003,1,1,0
3.6875,8.3125,0.999998,0.992391,0.996985,0.999997,nan,nan,1,1.00003,1,1,0
3.6875,8.4375,0.999999,0.994821,0.998023,0.999999,nan,nan,1,1.00003,1,1,0
3.6875,8.5625,1,0.996535,0.998723,1,nan,nan,1,1.00003,1,1,0
3.6875,8.6875,1,0.99772,0.999189,1,nan,nan,1,1.00003,1,1,0
3.6875,8.8125,1,0.998525,0.999492,1,nan,nan,1,1.00003,1,1,0
3.6875,8.9375,1,0.999061,0.999687,1,nan,nan,1,1.00003,1,1,0
3.6875,9.0625,1,0.999413,0.99981,1,nan,nan,1,1.00003,1,1,0
3.6875,9.1875,1,0.999638,0.999887,1,nan,nan,1,1.00003,1,1,0
3.6875,9.3125,1,0.999781,0.999933,1,nan,nan,1,1.00003,1,1,0
3.6875,9.4375,1,0.99987,0.999961,1,nan,nan,1,1.00003,1,1,0
3.6875,9.5625,1,0.999924,0.999978,1,nan,nan,1,1.00003,1,1,0
3.6875,9.6875,1,0.999956,0.999988,1,nan,nan,1,1.00003,1,1,0
3.6875,9.8125,1,0.999975,0.999993,1,nan,nan,1,1.00003,1,1,0
3.6875,9.9375,1,0.999986,0.999996,1,nan,nan,1,1.00003,1,1,0
3.8125,0.0625,1,1.00002,0.999996,1,nan,nan,1,1.00003,1,1,0
3.8125,0.1875,1,1.00003,0.999993,1,nan,nan,1,1.00003,1,1,0
3.8125,0.3125,1,1.00005,0.999987,1,nan,nan,1,1.00003,1,1,0
3.8125,0.4375,1,1.00009,0.999977,1,nan,nan,1,1.00003,1,1,0
3.8125,0.5625,1,1.00015,0.999959,1,nan,nan,1,1.00003,1,1,0
3.8125,0.6875,1,1.00026,0.99993,1,nan,nan,1,1.00003,1,1,0
3.8125,0.8125,1,1.00042,0.99988,1,nan,nan,1,1.00003,1,1,0
3.8125,0.9375,1,1.00069,0.999799,1,nan,nan,1,1.00003,1,1,0
3.8125,1.0625,1,1.0011,0.999669,1,nan,nan,1,1.00003,1,1,0
3.8125,1.1875,1,1.00172,0.999463,1,nan,nan,1,1.00003,1,1,0
3.8125,1.3125,1,1.00267,0.999142,1,nan,nan,1,1.00003,1,1,0
3.8125,1.4375,1,1.00405,0.99865,0.999999,nan,nan,1,1.00003,1,1,0
3.8125,1.5625,0.999999,1.00605,0.997908,0.999998,nan,nan,1,1.00003,1,1,0
3.8125,1.6875,0.999997,1.0089,0.996811,0.999996,nan,nan,1,1.00003,1,1,0
3.8125,1.8125,0.999994,1.01285,0.995212,0.999992,nan,nan,1,1.00003,1,1,0
3.8125,1.9375,0.999987,1.01825,0.992925,0.999982,nan,nan,1,1.00003,1,1,0
3.8125,2.0625,0.999973,1.02547,0.989705,0.999962,nan,nan,1,1.00003,1,1,0
3.8125,2.1875,0.999945,1.03493,0.985253,0.999923,nan,nan,1,1.00003,1,1,0
3.8125,2.3125,0.99989,1.04706,0.979204,0.999847,nan,nan,1,1.00003,1,1,0
3.8125,2.4375,0.999789,1.0623,0.971128,0.999704,nan,nan,1,1.00003,1,1,0
3.8125,2.5625,0.999606,1.081,0.960536,0.999448,nan,nan,1,1.00003,1,1,0
3.8125,2.6875,0.999286,1.10341,0.946896,0.999,nan,nan,1,1.00003,1,1,0
3.8125,2.8125,0.998747,1.1296,0.929648,0.998246,nan,nan,1,1.00003,1,1,0
3.8125,2.9375,0.997869,1.15937,0.908244,0.997018,nan,nan,1,1.00003,1,1,0
3.8125,3.0625,0.996488,1.19223,0.882183,0.995087,nan,nan,1,1.00003,1,1,0
3.8125,3.1875,0.994392,1.22732,0.851065,0.992157,nan,nan,1,1.00003,1,1,0
3.8125,3.3125,0.991322,1.2634,0.814647,0.987871,nan,nan,1,1.00003,1,1,0
3.8125,3.4375,0.986989,1.29881,0.772901,0.981833,nan,nan,1,1.00003,1,1,0
3.8125,3.5625,0.981103,1.3316,0.726067,0.973645,nan,nan,1,1.00003,1,1,0
3.8125,3.6875,0.973414,1.35955,0.674696,0.962979,nan,nan,1,1.00003,1,1,0
3.8125,3.8125,0.963769,1.38032,0.619681,0.949647,nan,nan,1,1.00003,1,1,0
3.8125,3.9375,0.952174,1.39167,0.562256,0.93369,nan,nan,1,1.00003,1,1,0
3.8125,4.0625,0.938846,1.3916,0.503971,0.915444,nan,nan,1,1.00003,1,1,0
3.8125,4.1875,0.924243,1.37862,0.446639,0.895573,nan,nan,1,1.00003,1,1,0
3.8125,4.3125,0.909064,1.35185,0.392252,0.875048,nan,nan,1,1.00003,1,1,0
3.8125,4.4375,0.894196,1.31127,0.342868,0.855079,nan,nan,1,1.00003,1,1,0
3.8125,4.5625,0.880642,1.25772,0.300486,0.836988,nan,nan,1,1.00003,1,1,0
3.8125,4.6875,0.869399,1.19292,0.266916,0.822067,nan,nan,1,1.00003,1,1,0
3.8125,4.8125,0.861351,1.11942,0.243646,0.811432,nan,nan,1,1.00003,1,1,0
3.8125,4.9375,0.857152,1.04044,0.231735,0.805899,nan,nan,1,1.00003,1,1,0
3.8125,5.0625,0.857152,0.959565,0.231735,0.805899,nan,nan,1,1.00003,1,1,0
3.8125,5.1875,0.861351,0.880576,0.243646,0.811432,nan,nan,1,1.00003,1,1,0
3.8125,5.3125,0.869399,0.807083,0.266916,0.822067,nan,nan,1,1.00003,1,1,0
3.8125,5.4375,0.880642,0.742284,0.300486,0.836988,nan,nan,1,1.00003,1,1,0
3.8125,5.5625,0.894196,0.688727,0.342868,0.855079,nan,nan,1,1.00003,1,1,0
3.8125,5.6875,0.909064,0.648146,0.392252,0.875048,nan,nan,1,1.00003,1,1,0
3.8125,5.8125,0.924243,0.621385,0.446639,0.895573,nan,nan,1,1.00003,1,1,0
3.8125,5.9375,0.938846,0.608398,0.503971,0.915444,nan,nan,1,1.00003,1,1,0
3.8125,6.0625,0.952174,0.608334,0.562256,0.93369,nan,nan,1,1.00003,1,1,0
3.8125,6.1875,0.963769,0.619681,0.619681,0.949647,nan,nan,1,1.00003,1,1,0
3.8125,6.3125,0.973414,0.640453,0.674696,0.962979,nan,nan,1,1.00003,1,1,0
3.8125,6.4375,0.981103,0.668396,0.726067,0.973645,nan,nan,1,1.00003,1,1,0
3.8125,6.5625,0.986989,0.701186,0.772901,0.981833,nan,nan,1,1.00003,1,1,0
3.8125,6.6875,0.991322,0.736604,0.814647,0.987871,nan,nan,1,1.00003,1,1,0
3.8125,6.8125,0.994392,0.772678,0.851065,0.992157,nan,nan,1,1.00003,1,1,0
3.8125,6.9375,0.996488,0.807772,0.882183,0.995087,nan,nan,1,1.00003,1,1,0
3.8125,7.0625,0.997869,0.840634,0.908244,0.997018,nan,nan,1,1.00003,1,1,0
3.8125,7.1875,0.998747,0.870404,0.929648,0.998246,nan,nan,1,1.00003,1,1,0
3.8125,7.3125,0.999286,0.896586,0.946896,0.999,nan,nan,1,1.00003,1,1,0
3.8125,7.4375,0.999606,0.918995,0.960536,0.999448,nan,nan,1,1.00003,1,1,0
3.8125,7.5625,0.999789,0.937696,0.971128,0.999704,nan,nan,1,1.00003,1,1,0
3.8125,7.6875,0.99989,0.952935,0.979204,0.999847,nan,nan,1,1.00003,1,1,0
3.8125,7.8125,0.999945,0.965074,0.985253,0.999923,nan,nan,1,1.00003,1,1,0
3.8125,7.9375,0.999973,0.974534,0.989705,0.999962,nan,nan,1,1.00003,1,1,0
3.8125,8.0625,0.999987,0.981753,0.992925,0.999982,nan,nan,1,1.00003,1,1,0
3.8125,8.1875,0.999994,0.987149,0.995212,0.999992,nan,nan,1,1.00003,1,1,0
3.8125,8.3125,0.999997,0.991104,0.996811,0.999996,nan,nan,1,1.00003,1,1,0
3.8125,8.4375,0.999999,0.993946,0.997908,0.999998,nan,nan,1,1.00003,1,1,0
3.8125,8.5625,1,0.995949,0.99865,0.999999,nan,nan,1,1.00003,1,1,0
3.8125,8.6875,1,0.997335,0.999142,1,nan,nan,1,1.00003,1,1,0
3.8125,8.8125,1,0.998275,0.999463,1,nan,nan,1,1.00003,1,1,0
3.8125,8.9375,1,0.998903,0.999669,1,nan,nan,1,1.00003,1,1,0
3.8125,9.0625,1,0.999313,0.999799,1,nan,nan,1,1.00003,1,1,0
3.8125,9.1875,1,0.999577,0.99988,1,nan,nan,1,1.00003,1,1,0
3.8125,9.3125,1,0.999744,0.99993,1,nan,nan,1,1.00003,1,1,0
3.8125,9.4375,1,0.999848,0.999959,1,nan,nan,1,1.00003,1,1,0
3.8125,9.5625,1,0.999911,0.999977,1,nan,nan,1,1.00003,1,1,0
3.8125,9.6875,1,0.999949,0.999987,1,nan,nan,1,1.00003,1,1,0
3.8125,9.8125,1,0.999971,0.999993,1,nan,nan,1,1.00003,1,1,0
3.8125,9.9375,1,0.999984,0.999996,1,nan,nan,1,1.00003,1,1,0
3.9375,0.0625,1,1.00002,0.999996,1,nan,nan,1,1.00003,1,1,0
3.9375,0.1875,1,1.00003,0.999993,1,nan,nan,1,1.00003,1,1,0
3.9375,0.3125,1,1.00006,0.999987,1,nan,nan,1,1.00003,1,1,0
3.9375,0.4375,1,1.0001,0.999976,1,nan,nan,1,1.00003,1,1,0
3.9375,0.5625,1,1.00018,0.999958,1,nan,nan,1,1.00003,1,1,0
3.9375,0.6875,1,1.00029,0.999927,1,nan,nan,1,1.00003,1,1,0
3.9375,0.8125,1,1.00049,0.999877,1,nan,nan,1,1.00003,1,1,0
3.9375,0.9375,1,1.00079,0.999793,1,nan,nan,1,1.00003,1,1,0
3.9375,1.0625,1,1.00126,0.999659,1,nan,nan,1,1.00003,1,1,0
3.9375,1.1875,1,1.00198,0.999447,1,nan,nan,1,1.00003,1,1,0
3.9375,1.3125,1,1.00307,0.999116,1,nan,nan,1,1.00003,1,1,0
3.9375,1.4375,0.999999,1.00466,0.998609,0.999999,nan,nan,1,1.00003,1,1,0
3.9375,1.5625,0.999999,1.00697,0.997846,0.999998,nan,nan,1,1.00003,1,1,0
3.9375,1.6875,0.999997,1.01024,0.996716,0.999995,nan,nan,1,1.00003,1,1,0
3.9375,1.8125,0.999992,1.01479,0.99507,0.999989,nan,nan,1,1.00003,1,1,0
3.9375,1.9375,0.999983,1.021,0.992713,0.999976,nan,nan,1,1.00003,1,1,0
3.9375,2.0625,0.999964,1.02931,0.989398,0.99995,nan,nan,1,1.00003,1,1,0
3.9375,2.1875,0.999927,1.0402,0.984813,0.999898,nan,nan,1,1.00003,1,1,0
3.9375,2.3125,0.999855,1.05417,0.978584,0.999797,nan,nan,1,1.00003,1,1,0
3.9375,2.4375,0.99972,1.07171,0.970266,0.999608,nan,nan,1,1.00003,1,1,0
3.9375,2.5625,0.999478,1.09324,0.959359,0.999269,nan,nan,1,1.00003,1,1,0
3.9375,2.6875,0.999054,1.11903,0.945311,0.998676,nan,nan,1,1.00003,1,1,0
3.9375,2.8125,0.99834,1.14916,0.927549,0.997677,nan,nan,1,1.00003,1,1,0
3.9375,2.9375,0.997178,1.18343,0.905506,0.996051,nan,nan,1,1.00003,1,1,0
3.9375,3.0625,0.995349,1.22125,0.878668,0.993495,nan,nan,1,1.00003,1,1,0
3.9375,3.1875,0.992574,1.26165,0.846621,0.989619,nan,nan,1,1.00003,1,1,0
3.9375,3.3125,0.988513,1.30317,0.809117,0.983955,nan,nan,1,1.00003,1,1,0
3.9375,3.4375,0.982786,1.34393,0.766126,0.975983,nan,nan,1,1.00003,1,1,0
3.9375,3.5625,0.975012,1.38167,0.717894,0.965193,nan,nan,1,1.00003,1,1,0
3.9375,3.6875,0.964872,1.41384,0.66499,0.951168,nan,nan,1,1.00003,1,1,0
3.9375,3.8125,0.952174,1.43774,0.608334,0.93369,nan,nan,1,1.00003,1,1,0
3.9375,3.9375,0.936942,1.4508,0.549195,0.912847,nan,nan,1,1.00003,1,1,0
3.9375,4.0625,0.91948,1.45073,0.489171,0.889117,nan,nan,1,1.00003,1,1,0
3.9375,4.1875,0.900405,1.43578,0.430129,0.863403,nan,nan,1,1.00003,1,1,0
3.9375,4.3125,0.880642,1.40498,0.374119,0.836988,nan,nan,1,1.00003,1,1,0
3.9375,4.4375,0.861351,1.35827,0.323262,0.811432,nan,nan,1,1.00003,1,1,0
3.9375,4.5625,0.84382,1.29663,0.279616,0.788406,nan,nan,1,1.00003,1,1,0
3.9375,4.6875,0.829322,1.22205,0.245044,0.769507,nan,nan,1,1.00003,1,1,0
3.9375,4.8125,0.818967,1.13746,0.221079,0.75609,nan,nan,1,1.00003,1,1,0
3.9375,4.9375,0.813573,1.04654,0.208813,0.749127,nan,nan,1,1.00003,1,1,0
3.9375,5.0625,0.813573,0.95346,0.208813,0.749127,nan,nan,1,1.00003,1,1,0
3.9375,5.1875,0.818967,0.862543,0.221079,0.75609,nan,nan,1,1.00003,1,1,0
3.9375,5.3125,0.829322,0.777954,0.245044,0.769507,nan,nan,1,1.00003,1,1,0
3.9375,5.4375,0.84382,0.703371,0.279616,0.788406,nan,nan,1,1.00003,1,1,0
3.9375,5.5625,0.861351,0.641727,0.323262,0.811432,nan,nan,1,1.00003,1,1,0
3.9375,5.6875,0.880642,0.595018,0.374119,0.836988,nan,nan,1,1.00003,1,1,0
3.9375,5.8125,0.900405,0.564217,0.430129,0.863403,nan,nan,1,1.00003,1,1,0
3.9375,5.9375,0.91948,0.549269,0.489171,0.889117,nan,nan,1,1.00003,1,1,0
3.9375,6.0625,0.936942,0.549195,0.549195,0.912847,nan,nan,1,1.00003,1,1,0
3.9375,6.1875,0.952174,0.562256,0.608334,0.93369,nan,nan,1,1.00003,1,1,0
3.9375,6.3125,0.964872,0.586164,0.66499,0.951168,nan,nan,1,1.00003,1,1,0
3.9375,6.4375,0.975012,0.618327,0.717894,0.965193,nan,nan,1,1.00003,1,1,0
3.9375,6.5625,0.982786,0.656067,0.766126,0.975983,nan,nan,1,1.00003,1,1,0
3.9375,6.6875,0.988513,0.696833,0.809117,0.983955,nan,nan,1,1.00003,1,1,0
3.9375,6.8125,0.992574,0.738354,0.846621,0.989619,nan,nan,1,1.00003,1,1,0
3.9375,6.9375,0.995349,0.778747,0.878668,0.993495,nan,nan,1,1.00003,1,1,0
3.9375,7.0625,0.997178,0.816571,0.905506,0.996051,nan,nan,1,1.00003,1,1,0
3.9375,7.1875,0.99834,0.850836,0.927549,0.997677,nan,nan,1,1.00003,1,1,0
3.9375,7.3125,0.999054,0.880971,0.945311,0.998676,nan,nan,1,1.00003,1,1,0
3.9375,7.4375,0.999478,0.906764,0.959359,0.999269,nan,nan,1,1.00003,1,1,0
3.9375,7.5625,0.99972,0.928289,0.970266,0.999608,nan,nan,1,1.00003,1,1,0
3.9375,7.6875,0.999855,0.945829,0.978584,0.999797,nan,nan,1,1.00003,1,1,0
3.9375,7.8125,0.999927,0.9598,0.984813,0.999898,nan,nan,1,1.00003,1,1,0
3.9375,7.9375,0.999964,0.970689,0.989398,0.99995,nan,nan,1,1.00003,1,1,0
3.9375,8.0625,0.999983,0.978998,0.992713,0.999976,nan,nan,1,1.00003,1,1,0
3.9375,8.1875,0.999992,0.985209,0.99507,0.999989,nan,nan,1,1.00003,1,1,0
3.9375,8.3125,0.999997,0.989761,0.996716,0.999995,nan,nan,1,1.00003,1,1,0
3.9375,8.4375,0.999999,0.993031,0.997846,0.999998,nan,nan,1,1.00003,1,1,0
3.9375,8.5625,0.999999,0.995337,0.998609,0.999999,nan,nan,1,1.00003,1,1,0
3.9375,8.6875,1,0.996932,0.999116,1,nan,nan,1,1.00003,1,1,0
3.9375,8.8125,1,0.998015,0.999447,1,nan,nan,1,1.00003,1,1,0
3.9375,8.9375,1,0.998737,0.999659,1,nan,nan,1,1.00003,1,1,0
3.9375,9.0625,1,0.99921,0.999793,1,nan,nan,1,1.00003,1,1,0
3.9375,9.1875,1,0.999514,0.999877,1,nan,nan,1,1.00003,1,1,0
3.9375,9.3125,1,0.999705,0.999927,1,nan,nan,1,1.00003,1,1,0
3.9375,9.4375,1,0.999825,0.999958,1,nan,nan,1,1.00003,1,1,0
3.9375,9.5625,1,0.999897,0.999976,1,nan,nan,1,1.00003,1,1,0
3.9375,9.6875,1,0.999941,0.999987,1,nan,nan,1,1.00003,1,1,0
3.9375,9.8125,1,0.999966,0.999993,1,nan,nan,1,1.00003,1,1,0
3.9375,9.9375,1,0.999981,0.999996,1,nan,nan,1,1.00003,1,1,0
4.0625,0.0625,1,1.00002,0.999996,1,nan,nan,1,1.00003,1,1,0
4.0625,0.1875,1,1.00004,0.999993,1,nan,nan,1,1.00003,1,1,0
4.0625,0.3125,1,1.00007,0.999987,1,nan,nan,1,1.00003,1,1,0
4.0625,0.4375,1,1.00012,0.999976,1,nan,nan,1,1.00003,1,1,0
4.0625,0.5625,1,1.0002,0.999958,1,nan,nan,1,1.00003,1,1,0
4.0625,0.6875,1,1.00033,0.999927,1,nan,nan,1,1.00003,1,1,0
4.0625,0.8125,1,1.00055,0.999877,1,nan,nan,1,1.00003,1,1,0
4.0625,0.9375,1,1.0009,0.999793,1,nan,nan,1,1.00003,1,1,0
4.0625,1.0625,1,1.00143,0.999659,1,nan,nan,1,1.00003,1,1,0
4.0625,1.1875,1,1.00225,0.999447,1,nan,nan,1,1.00003,1,1,0
4.0625,1.3125,1,1.00348,0.999116,1,nan,nan,1,1.00003,1,1,0
4.0625,1.4375,0.999999,1.00528,0.99861,0.999999,nan,nan,1,1.00003,1,1,0
4.0625,1.5625,0.999998,1.0079,0.997846,0.999997,nan,nan,1,1.00003,1,1,0
4.0625,1.6875,0.999996,1.0116,0.996716,0.999994,nan,nan,1,1.00003,1,1,0
4.0625,1.8125,0.99999,1.01676,0.99507,0.999986,nan,nan,1,1.00003,1,1,0
4.0625,1.9375,0.999978,1.0238,0.992715,0.99997,nan,nan,1,1.00003,1,1,0
4.0625,2.0625,0.999954,1.03321,0.9894,0.999936,nan,nan,1,1.00003,1,1,0
4.0625,2.1875,0.999906,1.04555,0.984816,0.999869,nan,nan,1,1.00003,1,1,0
4.0625,2.3125,0.999814,1.06138,0.978587,0.999739,nan,nan,1,1.00003,1,1,0
4.0625,2.4375,0.999641,1.08126,0.970271,0.999497,nan,nan,1,1.00003,1,1,0
4.0625,2.5625,0.999329,1.10565,0.959365,0.999061,nan,nan,1,1.00003,1,1,0
4.0625,2.6875,0.998786,1.13488,0.94532,0.9983,nan,nan,1,1.00003,1,1,0
4.0625,2.8125,0.997869,1.16902,0.927561,0.997018,nan,nan,1,1.00003,1,1,0
4.0625,2.9375,0.996377,1.20785,0.905522,0.994931,nan,nan,1,1.00003,1,1,0
4.0625,3.0625,0.994031,1.25071,0.878687,0.991653,nan,nan,1,1.00003,1,1,0
4.0625,3.1875,0.990471,1.29648,0.846646,0.986685,nan,nan,1,1.00003,1,1,0
4.0625,3.3125,0.985265,1.34353,0.809148,0.979431,nan,nan,1,1.00003,1,1,0
4.0625,3.4375,0.977929,1.38973,0.766164,0.969238,nan,nan,1,1.00003,1,1,0
4.0625,3.5625,0.967984,1.43249,0.71794,0.955467,nan,nan,1,1.00003,1,1,0
4.0625,3.6875,0.955031,1.46894,0.665045,0.937615,nan,nan,1,1.00003,1,1,0
4.0625,3.8125,0.938846,1.49603,0.608398,0.915444,nan,nan,1,1.00003,1,1,0
4.0625,3.9375,0.91948,1.51083,0.549269,0.889117,nan,nan,1,1.00003,1,1,0
4.0625,4.0625,0.897346,1.51075,0.489255,0.859299,nan,nan,1,1.00003,1,1,0
4.0625,4.1875,0.873255,1.49381,0.430222,0.827175,nan,nan,1,1.00003,1,1,0
4.0625,4.3125,0.848389,1.4589,0.374222,0.794389,nan,nan,1,1.00003,1,1,0
4.0625,4.4375,0.824216,1.40598,0.323372,0.762882,nan,nan,1,1.00003,1,1,0
4.0625,4.5625,0.802335,1.33612,0.279733,0.73468,nan,nan,1,1.00003,1,1,0
4.0625,4.6875,0.784304,1.25161,0.245167,0.711669,nan,nan,1,1.00003,1,1,0
4.0625,4.8125,0.771461,1.15576,0.221206,0.695407,nan,nan,1,1.00003,1,1,0
4.0625,4.9375,0.764782,1.05274,0.208942,0.686994,nan,nan,1,1.00003,1,1,0
4.0625,5.0625,0.764782,0.947263,0.208942,0.686994,nan,nan,1,1.00003,1,1,0
4.0625,5.1875,0.771461,0.844241,0.221206,0.695407,nan,nan,1,1.00003,1,1,0
4.0625,5.3125,0.784304,0.748389,0.245167,0.711669,nan,nan,1,1.00003,1,1,0
4.0625,5.4375,0.802335,0.663876,0.279733,0.73468,nan,nan,1,1.00003,1,1,0
4.0625,5.5625,0.824216,0.594023,0.323372,0.762882,nan,nan,1,1.00003,1,1,0
4.0625,5.6875,0.848389,0.541096,0.374222,0.794389,nan,nan,1,1.00003,1,1,0
4.0625,5.8125,0.873255,0.506193,0.430222,0.827175,nan,nan,1,1.00003,1,1,0
4.0625,5.9375,0.897346,0.489255,0.489255,0.859299,nan,nan,1,1.00003,1,1,0
4.0625,6.0625,0.91948,0.489171,0.549269,0.889117,nan,nan,1,1.00003,1,1,0
4.0625,6.1875,0.938846,0.503971,0.608398,0.915444,nan,nan,1,1.00003,1,1,0
4.0625,6.3125,0.955031,0.531063,0.665045,0.937615,nan,nan,1,1.00003,1,1,0
4.0625,6.4375,0.967984,0.567507,0.71794,0.955467,nan,nan,1,1.00003,1,1,0
4.0625,6.5625,0.977929,0.610273,0.766164,0.969238,nan,nan,1,1.00003,1,1,0
4.0625,6.6875,0.985265,0.656467,0.809148,0.979431,nan,nan,1,1.00003,1,1,0
4.0625,6.8125,0.990471,0.703516,0.846646,0.986685,nan,nan,1,1.00003,1,1,0
4.0625,6.9375,0.994031,0.749287,0.878687,0.991653,nan,nan,1,1.00003,1,1,0
4.0625,7.0625,0.996377,0.792147,0.905522,0.994931,nan,nan,1,1.00003,1,1,0
4.0625,7.1875,0.997869,0.830975,0.927561,0.997018,nan,nan,1,1.00003,1,1,0
4.0625,7.3125,0.998786,0.865123,0.94532,0.9983,nan,nan,1,1.00003,1,1,0
4.0625,7.4375,0.999329,0.89435,0.959365,0.999061,nan,nan,1,1.00003,1,1,0
4.0625,7.5625,0.999641,0.918741,0.970271,0.999497,nan,nan,1,1.00003,1,1,0
4.0625,7.6875,0.999814,0.938616,0.978587,0.999739,nan,nan,1,1.00003,1,1,0
4.0625,7.8125,0.999906,0.954448,0.984816,0.999869,nan,nan,1,1.00003,1,1,0
4.0625,7.9375,0.999954,0.966786,0.9894,0.999936,nan,nan,1,1.00003,1,1,0
4.0625,8.0625,0.999978,0.976201,0.992715,0.99997,nan,nan,1,1.00003,1,1,0
4.0625,8.1875,0.99999,0.98324,0.99507,0.999986,nan,nan,1,1.00003,1,1,0
4.0625,8.3125,0.999996,0.988397,0.996716,0.999994,nan,nan,1,1.00003,1,1,0
4.0625,8.4375,0.999998,0.992104,0.997846,0.999997,nan,nan,1,1.00003,1,1,0
4.0625,8.5625,0.999999,0.994716,0.99861,0.999999,nan,nan,1,1.00003,1,1,0
4.0625,8.6875,1,0.996524,0.999116,1,nan,nan,1,1.00003,1,1,0
4.0625,8.8125,1,0.997751,0.999447,1,nan,nan,1,1.00003,1,1,0
4.0625,8.9375,1,0.998569,0.999659,1,nan,nan,1,1.00003,1,1,0
4.0625,9.0625,1,0.999104,0.999793,1,nan,nan,1,1.00003,1,1,0
4.0625,9.1875,1,0.999449,0.999877,1,nan,nan,1,1.00003,1,1,0
4.0625,9.3125,1,0.999666,0.999927,1,nan,nan,1,1.00003,1,1,0
4.0625,9.4375,1,0.999801,0.999958,1,nan,nan,1,1.00003,1,1,0
4.0625,9.5625,1,0.999884,0.999976,1,nan,nan,1,1.00003,1,1,0
4.0625,9.6875,1,0.999933,0.999987,1,nan,nan,1,1.00003,1,1,0
4.0625,9.8125,1,0.999962,0.999993,1,nan,nan,1,1.00003,1,1,0
4.0625,9.9375,1,0.999979,0.999996,1,nan,nan,1,1.00003,1,1,0
4.1875,0.0625,1,1.00002,0.999996,1,nan,nan,1,1.00003,1,1,0
4.1875,0.1875,1,1.00004,0.999993,1,nan,nan,1,1.00003,1,1,0
4.1875,0.3125,1,1.00007,0.999987,1,nan,nan,1,1.00003,1,1,0
4.1875,0.4375,1,1.00013,0.999977,1,nan,nan,1,1.00003,1,1,0
4.1875,0.5625,1,1.00022,0.999959,1,nan,nan,1,1.00003,1,1,0
4.1875,0.6875,1,1.00037,0.99993,1,nan,nan,1,1.00003,1,1,0
4.1875,0.8125,1,1.00061,0.999881,1,nan,nan,1,1.00003,1,1,0
4.1875,0.9375,1,1.001,0.9998,1,nan,nan,1,1.00003,1,1,0
4.1875,1.0625,1,1.0016,0.999671,1,nan,nan,1,1.00003,1,1,0
4.1875,1.1875,1,1.00251,0.999465,1,nan,nan,1,1.00003,1,1,0
4.1875,1.3125,1,1.00388,0.999145,0.999999,nan,nan,1,1.00003,1,1,0
4.1875,1.4375,0.999999,1.00589,0.998656,0.999999,nan,nan,1,1.00003,1,1,0
4.1875,1.5625,0.999998,1.00881,0.997918,0.999997,nan,nan,1,1.00003,1,1,0
4.1875,1.6875,0.999995,1.01294,0.996825,0.999992,nan,nan,1,1.00003,1,1,0
4.1875,1.8125,0.999988,1.0187,0.995234,0.999983,nan,nan,1,1.00003,1,1,0
4.1875,1.9375,0.999973,1.02655,0.992956,0.999962,nan,nan,1,1.00003,1,1,0
4.1875,2.0625,0.999943,1.03705,0.989751,0.99992,nan,nan,1,1.00003,1,1,0
4.1875,2.1875,0.999883,1.05082,0.985319,0.999837,nan,nan,1,1.00003,1,1,0
4.1875,2.3125,0.999768,1.06848,0.979297,0.999675,nan,nan,1,1.00003,1,1,0
4.1875,2.4375,0.999553,1.09065,0.971257,0.999374,nan,nan,1,1.00003,1,1,0
4.1875,2.5625,0.999165,1.11786,0.960713,0.998831,nan,nan,1,1.00003,1,1,0
4.1875,2.6875,0.998489,1.15047,0.947133,0.997885,nan,nan,1,1.00003,1,1,0
4.1875,2.8125,0.997348,1.18856,0.929963,0.99629,nan,nan,1,1.00003,1,1,0
4.1875,2.9375,0.995492,1.23188,0.908655,0.993695,nan,nan,1,1.00003,1,1,0
4.1875,3.0625,0.992574,1.27969,0.88271,0.989619,nan,nan,1,1.00003,1,1,0
4.1875,3.1875,0.988149,1.33075,0.851732,0.983449,nan,nan,1,1.00003,1,1,0
4.1875,3.3125,0.981682,1.38324,0.815478,0.974448,nan,nan,1,1.00003,1,1,0
4.1875,3.4375,0.972577,1.43477,0.773919,0.96182,nan,nan,1,1.00003,1,1,0
4.1875,3.5625,0.960251,1.48248,0.727294,0.944797,nan,nan,1,1.00003,1,1,0
4.1875,3.6875,0.944224,1.52314,0.676153,0.922795,nan,nan,1,1.00003,1,1,0
4.1875,3.8125,0.924243,1.55336,0.621385,0.895573,nan,nan,1,1.00003,1,1,0
4.1875,3.9375,0.900405,1.56987,0.564217,0.863403,nan,nan,1,1.00003,1,1,0
4.1875,4.0625,0.873255,1.56978,0.506193,0.827175,nan,nan,1,1.00003,1,1,0
4.1875,4.1875,0.84382,1.55088,0.449118,0.788406,nan,nan,1,1.00003,1,1,0
4.1875,4.3125,0.813573,1.51194,0.394975,0.749127,nan,nan,1,1.00003,1,1,0
4.1875,4.4375,0.784304,1.4529,0.345812,0.711669,nan,nan,1,1.00003,1,1,0
4.1875,4.5625,0.757929,1.37497,0.30362,0.67839,nan,nan,1,1.00003,1,1,0
4.1875,4.6875,0.736282,1.28069,0.2702,0.651421,nan,nan,1,1.00003,1,1,0
4.1875,4.8125,0.720914,1.17376,0.247034,0.632466,nan,nan,1,1.00003,1,1,0
4.1875,4.9375,0.71294,1.05883,0.235176,0.622694,nan,nan,1,1.00003,1,1,0
4.1875,5.0625,0.71294,0.941167,0.235176,0.622694,nan,nan,1,1.00003,1,1,0
4.1875,5.1875,0.720914,0.826239,0.247034,0.632466,nan,nan,1,1.00003,1,1,0
4.1875,5.3125,0.736282,0.719308,0.2702,0.651421,nan,nan,1,1.00003,1,1,0
4.1875,5.4375,0.757929,0.625026,0.30362,0.67839,nan,nan,1,1.00003,1,1,0
4.1875,5.5625,0.784304,0.5471,0.345812,0.711669,nan,nan,1,1.00003,1,1,0
4.1875,5.6875,0.813573,0.488055,0.394975,0.749127,nan,nan,1,1.00003,1,1,0
4.1875,5.8125,0.84382,0.449118,0.449118,0.788406,nan,nan,1,1.00003,1,1,0
4.1875,5.9375,0.873255,0.430222,0.506193,0.827175,nan,nan,1,1.00003,1,1,0
4.1875,6.0625,0.900405,0.430129,0.564217,0.863403,nan,nan,1,1.00003,1,1,0
4.1875,6.1875,0.924243,0.446639,0.621385,0.895573,nan,nan,1,1.00003,1,1,0
4.1875,6.3125,0.944224,0.476863,0.676153,0.922795,nan,nan,1,1.00003,1,1,0
4.1875,6.4375,0.960251,0.51752,0.727294,0.944797,nan,nan,1,1.00003,1,1,0
4.1875,6.5625,0.972577,0.565228,0.773919,0.96182,nan,nan,1,1.00003,1,1,0
4.1875,6.6875,0.981682,0.616761,0.815478,0.974448,nan,nan,1,1.00003,1,1,0
4.1875,6.8125,0.988149,0.669249,0.851732,0.983449,nan,nan,1,1.00003,1,1,0
4.1875,6.9375,0.992574,0.72031,0.88271,0.989619,nan,nan,1,1.00003,1,1,0
4.1875,7.0625,0.995492,0.768124,0.908655,0.993695,nan,nan,1,1.00003,1,1,0
4.1875,7.1875,0.997348,0.811439,0.929963,0.99629,nan,nan,1,1.00003,1,1,0
4.1875,7.3125,0.998489,0.849534,0.947133,0.997885,nan,nan,1,1.00003,1,1,0
4.1875,7.4375,0.999165,0.882139,0.960713,0.998831,nan,nan,1,1.00003,1,1,0
4.1875,7.5625,0.999553,0.909349,0.971257,0.999374,nan,nan,1,1.00003,1,1,0
4.1875,7.6875,0.999768,0.931521,0.979297,0.999675,nan,nan,1,1.00003,1,1,0
4.1875,7.8125,0.999883,0.949183,0.985319,0.999837,nan,nan,1,1.00003,1,1,0
4.1875,7.9375,0.999943,0.962947,0.989751,0.99992,nan,nan,1,1.00003,1,1,0
4.1875,8.0625,0.999973,0.97345,0.992956,0.999962,nan,nan,1,1.00003,1,1,0
4.1875,8.1875,0.999988,0.981302,0.995234,0.999983,nan,nan,1,1.00003,1,1,0
4.1875,8.3125,0.999995,0.987056,0.996825,0.999992,nan,nan,1,1.00003,1,1,0
4.1875,8.4375,0.999998,0.991191,0.997918,0.999997,nan,nan,1,1.00003,1,1,0
4.1875,8.5625,0.999999,0.994106,0.998656,0.999999,nan,nan,1,1.00003,1,1,0
4.1875,8.6875,1,0.996122,0.999145,0.999999,nan,nan,1,1.00003,1,1,0
4.1875,8.8125,1,0.997491,0.999465,1,nan,nan,1,1.00003,1,1,0
4.1875,8.9375,1,0.998403,0.999671,1,nan,nan,1,1.00003,1,1,0
4.1875,9.0625,1,0.999001,0.9998,1,nan,nan,1,1.00003,1,1,0
4.1875,9.1875,1,0.999385,0.999881,1,nan,nan,1,1.00003,1,1,0
4.1875,9.3125,1,0.999628,0.99993,1,nan,nan,1,1.00003,1,1,0
4.1875,9.4375,1,0.999778,0.999959,1,nan,nan,1,1.00003,1,1,0
4.1875,9.5625,1,0.99987,0.999977,1,nan,nan,1,1.00003,1,1,0
4.1875,9.6875,1,0.999925,0.999987,1,nan,nan,1,1.00003,1,1,0
4.1875,9.8125,1,0.999958,0.999993,1,nan,nan,1,1.00003,1,1,0
4.1875,9.9375,1,0.999976,0.999996,1,nan,nan,1,1.00003,1,1,0
4.3125,0.0625,1,1.00003,0.999996,1,nan,nan,1,1.00003,1,1,0
4.3125,0.1875,1,1.00005,0.999993,1,nan,nan,1,1.00003,1,1,0
4.3125,0.3125,1,1.00008,0.999988,1,nan,nan,1,1.00003,1,1,0
4.3125,0.4375,1,1.00014,0.999979,1,nan,nan,1,1.00003,1,1,0
4.3125,0.5625,1,1.00024,0.999962,1,nan,nan,1,1.00003,1,1,0
4.3125,0.6875,1,1.00041,0.999935,1,nan,nan,1,1.00003,1,1,0
4.3125,0.8125,1,1.00068,0.999889,1,nan,nan,1,1.00003,1,1,0
4.3125,0.9375,1,1.0011,0.999814,1,nan,nan,1,1.00003,1,1,0
4.3125,1.0625,1,1.00175,0.999694,1,nan,nan,1,1.00003,1,1,0
4.3125,1.1875,1,1.00276,0.999503,1,nan,nan,1,1.00003,1,1,0
4.3125,1.3125,1,1.00426,0.999206,0.999999,nan,nan,1,1.00003,1,1,0
4.3125,1.4375,0.999999,1.00647,0.998751,0.999998,nan,nan,1,1.00003,1,1,0
4.3125,1.5625,0.999997,1.00967,0.998065,0.999996,nan,nan,1,1.00003,1,1,0
4.3125,1.6875,0.999993,1.01422,0.99705,0.999991,nan,nan,1,1.00003,1,1,0
4.3125,1.8125,0.999985,1.02054,0.995571,0.999979,nan,nan,1,1.00003,1,1,0
4.3125,1.9375,0.999968,1.02916,0.993454,0.999955,nan,nan,1,1.00003,1,1,0
4.3125,2.0625,0.999931,1.04069,0.990476,0.999904,nan,nan,1,1.00003,1,1,0
4.3125,2.1875,0.999859,1.05581,0.986357,0.999803,nan,nan,1,1.00003,1,1,0
4.3125,2.3125,0.99972,1.07521,0.98076,0.999608,nan,nan,1,1.00003,1,1,0
4.3125,2.4375,0.999461,1.09956,0.973289,0.999245,nan,nan,1,1.00003,1,1,0
4.3125,2.5625,0.998993,1.12945,0.96349,0.998591,nan,nan,1,1.00003,1,1,0
4.3125,2.6875,0.998177,1.16525,0.95087,0.997449,nan,nan,1,1.00003,1,1,0
4.3125,2.8125,0.996802,1.20709,0.934914,0.995526,nan,nan,1,1.00003,1,1,0
4.3125,2.9375,0.994564,1.25467,0.915111,0.992398,nan,nan,1,1.00003,1,1,0
4.3125,3.0625,0.991047,1.30718,0.891001,0.987488,nan,nan,1,1.00003,1,1,0
4.3125,3.1875,0.985716,1.36326,0.862212,0.98006,nan,nan,1,1.00003,1,1,0
4.3125,3.3125,0.977929,1.42091,0.82852,0.969238,nan,nan,1,1.00003,1,1,0
4.3125,3.4375,0.966978,1.4775,0.789898,0.954077,nan,nan,1,1.00003,1,1,0
4.3125,3.5625,0.952174,1.5299,0.746569,0.93369,nan,nan,1,1.00003,1,1,0
4.3125,3.6875,0.93296,1.57455,0.699043,0.907419,nan,nan,1,1.00003,1,1,0
4.3125,3.8125,0.909064,1.60775,0.648146,0.875048,nan,nan,1,1.00003,1,1,0
4.3125,3.9375,0.880642,1.62588,0.595018,0.836988,nan,nan,1,1.00003,1,1,0
4.3125,4.0625,0.848389,1.62578,0.541096,0.794389,nan,nan,1,1.00003,1,1,0
4.3125,4.1875,0.813573,1.60503,0.488055,0.749127,nan,nan,1,1.00003,1,1,0
4.3125,4.3125,0.777966,1.56226,0.437739,0.703631,nan,nan,1,1.00003,1,1,0
4.3125,4.4375,0.743682,1.49741,0.392051,0.660605,nan,nan,1,1.00003,1,1,0
4.3125,4.5625,0.71294,1.41183,0.352841,0.622694,nan,nan,1,1.00003,1,1,0
4.3125,4.6875,0.687822,1.30828,0.321784,0.592198,nan,nan,1,1.00003,1,1,0
4.3125,4.8125,0.670054,1.19084,0.300255,0.570892,nan,nan,1,1.00003,1,1,0
4.3125,4.9375,0.660856,1.06461,0.289235,0.559951,nan,nan,1,1.00003,1,1,0
4.3125,5.0625,0.660856,0.935385,0.289235,0.559951,nan,nan,1,1.00003,1,1,0
4.3125,5.1875,0.670054,0.80916,0.300255,0.570892,nan,nan,1,1.00003,1,1,0
4.3125,5.3125,0.687822,0.69172,0.321784,0.592198,nan,nan,1,1.00003,1,1,0
4.3125,5.4375,0.71294,0.588172,0.352841,0.622694,nan,nan,1,1.00003,1,1,0
4.3125,5.5625,0.743682,0.502587,0.392051,0.660605,nan,nan,1,1.00003,1,1,0
4.3125,5.6875,0.777966,0.437739,0.437739,0.703631,nan,nan,1,1.00003,1,1,0
4.3125,5.8125,0.813573,0.394975,0.488055,0.749127,nan,nan,1,1.00003,1,1,0
4.3125,5.9375,0.848389,0.374222,0.541096,0.794389,nan,nan,1,1.00003,1,1,0
4.3125,6.0625,0.880642,0.374119,0.595018,0.836988,nan,nan,1,1.00003,1,1,0
4.3125,6.1875,0.909064,0.392252,0.648146,0.875048,nan,nan,1,1.00003,1,1,0
4.3125,6.3125,0.93296,0.425446,0.699043,0.907419,nan,nan,1,1.00003,1,1,0
4.3125,6.4375,0.952174,0.470099,0.746569,0.93369,nan,nan,1,1.00003,1,1,0
4.3125,6.5625,0.966978,0.522496,0.789898,0.954077,nan,nan,1,1.00003,1,1,0
4.3125,6.6875,0.977929,0.579095,0.82852,0.969238,nan,nan,1,1.00003,1,1,0
4.3125,6.8125,0.985716,0.636741,0.862212,0.98006,nan,nan,1,1.00003,1,1,0
4.3125,6.9375,0.991047,0.69282,0.891001,0.987488,nan,nan,1,1.00003,1,1,0
4.3125,7.0625,0.994564,0.745334,0.915111,0.992398,nan,nan,1,1.00003,1,1,0
4.3125,7.1875,0.996802,0.792907,0.934914,0.995526,nan,nan,1,1.00003,1,1,0
4.3125,7.3125,0.998177,0.834745,0.95087,0.997449,nan,nan,1,1.00003,1,1,0
4.3125,7.4375,0.998993,0.870555,0.96349,0.998591,nan,nan,1,1.00003,1,1,0
4.3125,7.5625,0.999461,0.900439,0.973289,0.999245,nan,nan,1,1.00003,1,1,0
4.3125,7.6875,0.99972,0.924791,0.98076,0.999608,nan,nan,1,1.00003,1,1,0
4.3125,7.8125,0.999859,0.944188,0.986357,0.999803,nan,nan,1,1.00003,1,1,0
4.3125,7.9375,0.999931,0.959305,0.990476,0.999904,nan,nan,1,1.00003,1,1,0
4.3125,8.0625,0.999968,0.970841,0.993454,0.999955,nan,nan,1,1.00003,1,1,0
4.3125,8.1875,0.999985,0.979465,0.995571,0.999979,nan,nan,1,1.00003,1,1,0
4.3125,8.3125,0.999993,0.985784,0.99705,0.999991,nan,nan,1,1.00003,1,1,0
4.3125,8.4375,0.999997,0.990325,0.998065,0.999996,nan,nan,1,1.00003,1,1,0
4.3125,8.5625,0.999999,0.993526,0.998751,0.999998,nan,nan,1,1.00003,1,1,0
4.3125,8.6875,1,0.995741,0.999206,0.999999,nan,nan,1,1.00003,1,1,0
4.3125,8.8125,1,0.997244,0.999503,1,nan,nan,1,1.00003,1,1,0
4.3125,8.9375,1,0.998247,0.999694,1,nan,nan,1,1.00003,1,1,0
4.3125,9.0625,1,0.998903,0.999814,1,nan,nan,1,1.00003,1,1,0
4.3125,9.1875,1,0.999325,0.999889,1,nan,nan,1,1.00003,1,1,0
4.3125,9.3125,1,0.999591,0.999935,1,nan,nan,1,1.00003,1,1,0
4.3125,9.4375,1,0.999756,0.999962,1,nan,nan,1,1.00003,1,1,0
4.3125,9.5625,1,0.999857,0.999979,1,nan,nan,1,1.00003,1,1,0
4.3125,9.6875,1,0.999918,0.999988,1,nan,nan,1,1.00003,1,1,0
4.3125,9.8125,1,0.999953,0.999993,1,nan,nan,1,1.00003,1,1,0
4.3125,9.9375,1,0.999974,0.999996,1,nan,nan,1,1.00003,1,1,0
4.4375,0.0625,1,1.00003,0.999997,1,nan,nan,1,1.00003,1,1,0
4.4375,0.1875,1,1.00005,0.999994,1,nan,nan,1,1.00003,1,1,0
4.4375,0.3125,1,1.00009,0.999989,1,nan,nan,1,1.00003,1,1,0
4.4375,0.4375,1,1.00015,0.999981,1,nan,nan,1,1.00003,1,1,0
4.4375,0.5625,1,1.00026,0.999967,1,nan,nan,1,1.00003,1,1,0
4.4375,0.6875,1,1.00044,0.999942,1,nan,nan,1,1.00003,1,1,0
4.4375,0.8125,1,1.00073,0.999902,1,nan,nan,1,1.00003,1,1,0
4.4375,0.9375,1,1.00119,0.999836,1,nan,nan,1,1.00003,1,1,0
4.4375,1.0625,1,1.0019,0.999729,1,nan,nan,1,1.00003,1,1,0
4.4375,1.1875,1,1.00298,0.99956,1,nan,nan,1,1.00003,1,1,0
4.4375,1.3125,0.999999,1.00461,0.999297,0.999999,nan,nan,1,1.00003,1,1,0
4.4375,1.4375,0.999999,1.007,0.998895,0.999998,nan,nan,1,1.00003,1,1,0
4.4375,1.5625,0.999997,1.01046,0.998288,0.999995,nan,nan,1,1.00003,1,1,0
4.4375,1.6875,0.999992,1.01537,0.99739,0.999989,nan,nan,1,1.00003,1,1,0
4.4375,1.8125,0.999983,1.0222,0.996082,0.999976,nan,nan,1,1.00003,1,1,0
4.4375,1.9375,0.999962,1.03153,0.994209,0.999947,nan,nan,1,1.00003,1,1,0
4.4375,2.0625,0.99992,1.044,0.991574,0.999888,nan,nan,1,1.00003,1,1,0
4.4375,2.1875,0.999836,1.06035,0.987931,0.99977,nan,nan,1,1.00003,1,1,0
4.4375,2.3125,0.999673,1.08132,0.982979,0.999542,nan,nan,1,1.00003,1,1,0
4.4375,2.4375,0.99937,1.10765,0.976369,0.999118,nan,nan,1,1.00003,1,1,0
4.4375,2.5625,0.998823,1.13996,0.967701,0.998352,nan,nan,1,1.00003,1,1,0
4.4375,2.6875,0.997869,1.17868,0.956537,0.997018,nan,nan,1,1.00003,1,1,0
4.4375,2.8125,0.996262,1.22392,0.94242,0.994771,nan,nan,1,1.00003,1,1,0
4.4375,2.9375,0.993646,1.27536,0.924902,0.991116,nan,nan,1,1.00003,1,1,0
4.4375,3.0625,0.989538,1.33214,0.903572,0.985383,nan,nan,1,1.00003,1,1,0
4.4375,3.1875,0.983313,1.39278,0.878104,0.976716,nan,nan,1,1.00003,1,1,0
4.4375,3.3125,0.974226,1.45511,0.848298,0.964103,nan,nan,1,1.00003,1,1,0
4.4375,3.4375,0.96146,1.5163,0.81413,0.946463,nan,nan,1,1.00003,1,1,0
4.4375,3.5625,0.944224,1.57296,0.775798,0.922795,nan,nan,1,1.00003,1,1,0
4.4375,3.6875,0.921897,1.62124,0.733754,0.892391,nan,nan,1,1.00003,1,1,0
4.4375,3.8125,0.894196,1.65713,0.688727,0.855079,nan,nan,1,1.00003,1,1,0
4.4375,3.9375,0.861351,1.67674,0.641727,0.811432,nan,nan,1,1.00003,1,1,0
4.4375,4.0625,0.824216,1.67663,0.594023,0.762882,nan,nan,1,1.00003,1,1,0
4.4375,4.1875,0.784304,1.65419,0.5471,0.711669,nan,nan,1,1.00003,1,1,0
4.4375,4.3125,0.743682,1.60795,0.502587,0.660605,nan,nan,1,1.00003,1,1,0
4.4375,4.4375,0.704769,1.53783,0.462168,0.612725,nan,nan,1,1.00003,1,1,0
4.4375,4.5625,0.670054,1.44529,0.427481,0.570892,nan,nan,1,1.00003,1,1,0
4.4375,4.6875,0.641822,1.33333,0.400005,0.537502,nan,nan,1,1.00003,1,1,0
4.4375,4.8125,0.621925,1.20635,0.380959,0.51432,nan,nan,1,1.00003,1,1,0
4.4375,4.9375,0.611651,1.06987,0.371211,0.502464,nan,nan,1,1.00003,1,1,0
4.4375,5.0625,0.611651,0.930135,0.371211,0.502464,nan,nan,1,1.00003,1,1,0
4.4375,5.1875,0.621925,0.793653,0.380959,0.51432,nan,nan,1,1.00003,1,1,0
4.4375,5.3125,0.641822,0.66667,0.400005,0.537502,nan,nan,1,1.00003,1,1,0
4.4375,5.4375,0.670054,0.554708,0.427481,0.570892,nan,nan,1,1.00003,1,1,0
4.4375,5.5625,0.704769,0.462168,0.462168,0.612725,nan,nan,1,1.00003,1,1,0
4.4375,5.6875,0.743682,0.392051,0.502587,0.660605,nan,nan,1,1.00003,1,1,0
4.4375,5.8125,0.784304,0.345812,0.5471,0.711669,nan,nan,1,1.00003,1,1,0
4.4375,5.9375,0.824216,0.323372,0.594023,0.762882,nan,nan,1,1.00003,1,1,0
4.4375,6.0625,0.861351,0.323262,0.641727,0.811432,nan,nan,1,1.00003,1,1,0
4.4375,6.1875,0.894196,0.342868,0.688727,0.855079,nan,nan,1,1.00003,1,1,0
4.4375,6.3125,0.921897,0.378759,0.733754,0.892391,nan,nan,1,1.00003,1,1,0
4.4375,6.4375,0.944224,0.42704,0.775798,0.922795,nan,nan,1,1.00003,1,1,0
4.4375,6.5625,0.96146,0.483695,0.81413,0.946463,nan,nan,1,1.00003,1,1,0
4.4375,6.6875,0.974226,0.544893,0.848298,0.964103,nan,nan,1,1.00003,1,1,0
4.4375,6.8125,0.983313,0.607223,0.878104,0.976716,nan,nan,1,1.00003,1,1,0
4.4375,6.9375,0.989538,0.667859,0.903572,0.985383,nan,nan,1,1.00003,1,1,0
4.4375,7.0625,0.993646,0.72464,0.924902,0.991116,nan,nan,1,1.00003,1,1,0
4.4375,7.1875,0.996262,0.776079,0.94242,0.994771,nan,nan,1,1.00003,1,1,0
4.4375,7.3125,0.997869,0.821317,0.956537,0.997018,nan,nan,1,1.00003,1,1,0
4.4375,7.4375,0.998823,0.860036,0.967701,0.998352,nan,nan,1,1.00003,1,1,0
4.4375,7.5625,0.99937,0.892349,0.976369,0.999118,nan,nan,1,1.00003,1,1,0
4.4375,7.6875,0.999673,0.91868,0.982979,0.999542,nan,nan,1,1.00003,1,1,0
4.4375,7.8125,0.999836,0.939653,0.987931,0.99977,nan,nan,1,1.00003,1,1,0
4.4375,7.9375,0.99992,0.955999,0.991574,0.999888,nan,nan,1,1.00003,1,1,0
4.4375,8.0625,0.999962,0.968472,0.994209,0.999947,nan,nan,1,1.00003,1,1,0
4.4375,8.1875,0.999983,0.977796,0.996082,0.999976,nan,nan,1,1.00003,1,1,0
4.4375,8.3125,0.999992,0.984629,0.99739,0.999989,nan,nan,1,1.00003,1,1,0
4.4375,8.4375,0.999997,0.989539,0.998288,0.999995,nan,nan,1,1.00003,1,1,0
4.4375,8.5625,0.999999,0.993,0.998895,0.999998,nan,nan,1,1.00003,1,1,0
4.4375,8.6875,0.999999,0.995395,0.999297,0.999999,nan,nan,1,1.00003,1,1,0
4.4375,8.8125,1,0.99702,0.99956,1,nan,nan,1,1.00003,1,1,0
4.4375,8.9375,1,0.998104,0.999729,1,nan,nan,1,1.00003,1,1,0
4.4375,9.0625,1,0.998814,0.999836,1,nan,nan,1,1.00003,1,1,0
4.4375,9.1875,1,0.99927,0.999902,1,nan,nan,1,1.00003,1,1,0
4.4375,9.3125,1,0.999558,0.999942,1,nan,nan,1,1.00003,1,1,0
4.4375,9.4375,1,0.999737,0.999967,1,nan,nan,1,1.00003,1,1,0
4.4375,9.5625,1,0.999846,0.999981,1,nan,nan,1,1.00003,1,1,0
4.4375,9.6875,1,0.999911,0.999989,1,nan,nan,1,1.00003,1,1,0
4.4375,9.8125,1,0.99995,0.999994,1,nan,nan,1,1.00003,1,1,0
4.4375,9.9375,1,0.999972,0.999997,1,nan,nan,1,1.00003,1,1,0
4.5625,0.0625,1,1.00003,0.999997,1,nan,nan,1,1.00003,1,1,0
4.5625,0.1875,1,1.00005,0.999995,1,nan,nan,1,1.00003,1,1,0
4.5625,0.3125,1,1.00009,0.999991,1,nan,nan,1,1.00003,1,1,0
4.5625,0.4375,1,1.00016,0.999984,1,nan,nan,1,1.00003,1,1,0
4.5625,0.5625,1,1.00028,0.999972,1,nan,nan,1,1.00003,1,1,0
4.5625,0.6875,1,1.00047,0.999952,1,nan,nan,1,1.00003,1,1,0
4.5625,0.8125,1,1.00078,0.999919,1,nan,nan,1,1.00003,1,1,0
4.5625,0.9375,1,1.00126,0.999864,1,nan,nan,1,1.00003,1,1,0
4.5625,1.0625,1,1.00202,0.999776,1,nan,nan,1,1.00003,1,1,0
4.5625,1.1875,1,1.00317,0.999636,1,nan,nan,1,1.00003,1,1,0
4.5625,1.3125,0.999999,1.0049,0.999418,0.999999,nan,nan,1,1.00003,1,1,0
4.5625,1.4375,0.999998,1.00745,0.999085,0.999998,nan,nan,1,1.00003,1,1,0
4.5625,1.5625,0.999996,1.01114,0.998583,0.999995,nan,nan,1,1.00003,1,1,0
4.5625,1.6875,0.999991,1.01636,0.997839,0.999988,nan,nan,1,1.00003,1,1,0
4.5625,1.8125,0.99998,1.02364,0.996756,0.999973,nan,nan,1,1.00003,1,1,0
4.5625,1.9375,0.999957,1.03356,0.995205,0.99994,nan,nan,1,1.00003,1,1,0
4.5625,2.0625,0.999909,1.04684,0.993024,0.999873,nan,nan,1,1.00003,1,1,0
4.5625,2.1875,0.999814,1.06424,0.990007,0.999739,nan,nan,1,1.00003,1,1,0
4.5625,2.3125,0.99963,1.08657,0.985908,0.999481,nan,nan,1,1.00003,1,1,0
4.5625,2.4375,0.999286,1.11459,0.980435,0.999,nan,nan,1,1.00003,1,1,0
4.5625,2.5625,0.998666,1.14899,0.973258,0.998133,nan,nan,1,1.00003,1,1,0
4.5625,2.6875,0.997586,1.19021,0.964015,0.996621,nan,nan,1,1.00003,1,1,0
4.5625,2.8125,0.995765,1.23836,0.952327,0.994076,nan,nan,1,1.00003,1,1,0
4.5625,2.9375,0.992802,1.29312,0.937823,0.989938,nan,nan,1,1.00003,1,1,0
4.5625,3.0625,0.988149,1.35356,0.920163,0.983449,nan,nan,1,1.00003,1,1,0
4.5625,3.1875,0.981103,1.41811,0.899077,0.973645,nan,nan,1,1.00003,1,1,0
4.5625,3.3125,0.970824,1.48446,0.874399,0.959394,nan,nan,1,1.00003,1,1,0
4.5625,3.4375,0.956396,1.5496,0.846111,0.939492,nan,nan,1,1.00003,1,1,0
4.5625,3.5625,0.936942,1.60991,0.814374,0.912847,nan,nan,1,1.00003,1,1,0
4.5625,3.6875,0.911784,1.66131,0.779564,0.878716,nan,nan,1,1.00003,1,1,0
4.5625,3.8125,0.880642,1.69951,0.742284,0.836988,nan,nan,1,1.00003,1,1,0
4.5625,3.9375,0.84382,1.72038,0.703371,0.788406,nan,nan,1,1.00003,1,1,0
4.5625,4.0625,0.802335,1.72027,0.663876,0.73468,nan,nan,1,1.00003,1,1,0
4.5625,4.1875,0.757929,1.69638,0.625026,0.67839,nan,nan,1,1.00003,1,1,0
4.5625,4.3125,0.71294,1.64716,0.588172,0.622694,nan,nan,1,1.00003,1,1,0
4.5625,4.4375,0.670054,1.57252,0.554708,0.570892,nan,nan,1,1.00003,1,1,0
4.5625,4.5625,0.631982,1.47401,0.525989,0.526001,nan,nan,1,1.00003,1,1,0
4.5625,4.6875,0.601157,1.35483,0.50324,0.490437,nan,nan,1,1.00003,1,1,0
4.5625,4.8125,0.579513,1.21966,0.487472,0.465896,nan,nan,1,1.00003,1,1,0
4.5625,4.9375,0.568363,1.07437,0.4794,0.453394,nan,nan,1,1.00003,1,1,0
4.5625,5.0625,0.568363,0.925629,0.4794,0.453394,nan,nan,1,1.00003,1,1,0
4.5625,5.1875,0.579513,0.780345,0.487472,0.465896,nan,nan,1,1.00003,1,1,0
4.5625,5.3125,0.601157,0.645172,0.50324,0.490437,nan,nan,1,1.00003,1,1,0
4.5625,5.4375,0.631982,0.525989,0.525989,0.526001,nan,nan,1,1.00003,1,1,0
4.5625,5.5625,0.670054,0.427481,0.554708,0.570892,nan,nan,1,1.00003,1,1,0
4.5625,5.6875,0.71294,0.352841,0.588172,0.622694,nan,nan,1,1.00003,1,1,0
4.5625,5.8125,0.757929,0.30362,0.625026,0.67839,nan,nan,1,1.00003,1,1,0
4.5625,5.9375,0.802335,0.279733,0.663876,0.73468,nan,nan,1,1.00003,1,1,0
4.5625,6.0625,0.84382,0.279616,0.703371,0.788406,nan,nan,1,1.00003,1,1,0
4.5625,6.1875,0.880642,0.300486,0.742284,0.836988,nan,nan,1,1.00003,1,1,0
4.5625,6.3125,0.911784,0.338693,0.779564,0.878716,nan,nan,1,1.00003,1,1,0
4.5625,6.4375,0.936942,0.390088,0.814374,0.912847,nan,nan,1,1.00003,1,1,0
4.5625,6.5625,0.956396,0.450397,0.846111,0.939492,nan,nan,1,1.00003,1,1,0
4.5625,6.6875,0.970824,0.515541,0.874399,0.959394,nan,nan,1,1.00003,1,1,0
4.5625,6.8125,0.981103,0.581891,0.899077,0.973645,nan,nan,1,1.00003,1,1,0
4.5625,6.9375,0.988149,0.646438,0.920163,0.983449,nan,nan,1,1.00003,1,1,0
4.5625,7.0625,0.992802,0.706881,0.937823,0.989938,nan,nan,1,1.00003,1,1,0
4.5625,7.1875,0.995765,0.761637,0.952327,0.994076,nan,nan,1,1.00003,1,1,0
4.5625,7.3125,0.997586,0.809793,0.964015,0.996621,nan,nan,1,1.00003,1,1,0
4.5625,7.4375,0.998666,0.851009,0.973258,0.998133,nan,nan,1,1.00003,1,1,0
4.5625,7.5625,0.999286,0.885406,0.980435,0.999,nan,nan,1,1.00003,1,1,0
4.5625,7.6875,0.99963,0.913435,0.985908,0.999481,nan,nan,1,1.00003,1,1,0
4.5625,7.8125,0.999814,0.935761,0.990007,0.999739,nan,nan,1,1.00003,1,1,0
4.5625,7.9375,0.999909,0.953161,0.993024,0.999873,nan,nan,1,1.00003,1,1,0
4.5625,8.0625,0.999957,0.966438,0.995205,0.99994,nan,nan,1,1.00003,1,1,0
4.5625,8.1875,0.99998,0.976364,0.996756,0.999973,nan,nan,1,1.00003,1,1,0
4.5625,8.3125,0.999991,0.983638,0.997839,0.999988,nan,nan,1,1.00003,1,1,0
4.5625,8.4375,0.999996,0.988864,0.998583,0.999995,nan,nan,1,1.00003,1,1,0
4.5625,8.5625,0.999998,0.992549,0.999085,0.999998,nan,nan,1,1.00003,1,1,0
4.5625,8.6875,0.999999,0.995098,0.999418,0.999999,nan,nan,1,1.00003,1,1,0
4.5625,8.8125,1,0.996828,0.999636,1,nan,nan,1,1.00003,1,1,0
4.5625,8.9375,1,0.997982,0.999776,1,nan,nan,1,1.00003,1,1,0
4.5625,9.0625,1,0.998737,0.999864,1,nan,nan,1,1.00003,1,1,0
4.5625,9.1875,1,0.999223,0.999919,1,nan,nan,1,1.00003,1,1,0
4.5625,9.3125,1,0.999529,0.999952,1,nan,nan,1,1.00003,1,1,0
4.5625,9.4375,1,0.99972,0.999972,1,nan,nan,1,1.00003,1,1,0
4.5625,9.5625,1,0.999836,0.999984,1,nan,nan,1,1.00003,1,1,0
4.5625,9.6875,1,0.999905,0.999991,1,nan,nan,1,1.00003,1,1,0
4.5625,9.8125,1,0.999946,0.999995,1,nan,nan,1,1.00003,1,1,0
4.5625,9.9375,1,0.99997,0.999997,1,nan,nan,1,1.00003,1,1,0
4.6875,0.0625,1,1.00003,0.999998,1,nan,nan,1,1.00003,1,1,0
4.6875,0.1875,1,1.00006,0.999996,1,nan,nan,1,1.00003,1,1,0
4.6875,0.3125,1,1.0001,0.999993,1,nan,nan,1,1.00003,1,1,0
4.6875,0.4375,1,1.00017,0.999988,1,nan,nan,1,1.00003,1,1,0
4.6875,0.5625,1,1.00029,0.999979,1,nan,nan,1,1.00003,1,1,0
4.6875,0.6875,1,1.00049,0.999964,1,nan,nan,1,1.00003,1,1,0
4.6875,0.8125,1,1.00081,0.999939,1,nan,nan,1,1.00003,1,1,0
4.6875,0.9375,1,1.00132,0.999898,1,nan,nan,1,1.00003,1,1,0
4.6875,1.0625,1,1.00212,0.999832,1,nan,nan,1,1.00003,1,1,0
4.6875,1.1875,1,1.00332,0.999728,1,nan,nan,1,1.00003,1,1,0
4.6875,1.3125,0.999999,1.00514,0.999565,0.999999,nan,nan,1,1.00003,1,1,0
4.6875,1.4375,0.999998,1.00781,0.999315,0.999998,nan,nan,1,1.00003,1,1,0
4.6875,1.5625,0.999996,1.01167,0.998939,0.999994,nan,nan,1,1.00003,1,1,0
4.6875,1.6875,0.99999,1.01715,0.998382,0.999987,nan,nan,1,1.00003,1,1,0
4.6875,1.8125,0.999978,1.02477,0.997572,0.99997,nan,nan,1,1.00003,1,1,0
4.6875,1.9375,0.999953,1.03517,0.996411,0.999934,nan,nan,1,1.00003,1,1,0
4.6875,2.0625,0.9999,1.04909,0.994778,0.99986,nan,nan,1,1.00003,1,1,0
4.6875,2.1875,0.999795,1.06732,0.99252,0.999714,nan,nan,1,1.00003,1,1,0
4.6875,2.3125,0.999593,1.09072,0.989451,0.99943,nan,nan,1,1.00003,1,1,0
4.6875,2.4375,0.999216,1.12009,0.985354,0.998902,nan,nan,1,1.00003,1,1,0
4.6875,2.5625,0.998535,1.15614,0.979982,0.99795,nan,nan,1,1.00003,1,1,0
4.6875,2.6875,0.997348,1.19934,0.973063,0.99629,nan,nan,1,1.00003,1,1,0
4.6875,2.8125,0.995349,1.2498,0.964314,0.993495,nan,nan,1,1.00003,1,1,0
4.6875,2.9375,0.992096,1.30719,0.953457,0.988952,nan,nan,1,1.00003,1,1,0
4.6875,3.0625,0.986989,1.37053,0.940237,0.981833,nan,nan,1,1.00003,1,1,0
4.6875,3.1875,0.979258,1.43817,0.924453,0.971082,nan,nan,1,1.00003,1,1,0
4.6875,3.3125,0.967984,1.50771,0.90598,0.955467,nan,nan,1,1.00003,1,1,0
4.6875,3.4375,0.952174,1.57598,0.884804,0.93369,nan,nan,1,1.00003,1,1,0
4.6875,3.5625,0.930877,1.63918,0.861047,0.904585,nan,nan,1,1.00003,1,1,0
4.6875,3.6875,0.903377,1.69304,0.83499,0.867394,nan,nan,1,1.00003,1,1,0
4.6875,3.8125,0.869399,1.73308,0.807083,0.822067,nan,nan,1,1.00003,1,1,0
4.6875,3.9375,0.829322,1.75496,0.777954,0.769507,nan,nan,1,1.00003,1,1,0
4.6875,4.0625,0.784304,1.75483,0.748389,0.711669,nan,nan,1,1.00003,1,1,0
4.6875,4.1875,0.736282,1.7298,0.719308,0.651421,nan,nan,1,1.00003,1,1,0
4.6875,4.3125,0.687822,1.67822,0.69172,0.592198,nan,nan,1,1.00003,1,1,0
4.6875,4.4375,0.641822,1.59999,0.66667,0.537502,nan,nan,1,1.00003,1,1,0
4.6875,4.5625,0.601157,1.49676,0.645172,0.490437,nan,nan,1,1.00003,1,1,0
4.6875,4.6875,0.568363,1.37186,0.628143,0.453394,nan,nan,1,1.00003,1,1,0
4.6875,4.8125,0.54541,1.2302,0.616339,0.427969,nan,nan,1,1.00003,1,1,0
4.6875,4.9375,0.53361,1.07794,0.610297,0.415062,nan,nan,1,1.00003,1,1,0
4.6875,5.0625,0.53361,0.922059,0.610297,0.415062,nan,nan,1,1.00003,1,1,0
4.6875,5.1875,0.54541,0.769803,0.616339,0.427969,nan,nan,1,1.00003,1,1,0
4.6875,5.3125,0.568363,0.628143,0.628143,0.453394,nan,nan,1,1.00003,1,1,0
4.6875,5.4375,0.601157,0.50324,0.645172,0.490437,nan,nan,1,1.00003,1,1,0
4.6875,5.5625,0.641822,0.400005,0.66667,0.537502,nan,nan,1,1.00003,1,1,0
4.6875,5.6875,0.687822,0.321784,0.69172,0.592198,nan,nan,1,1.00003,1,1,0
4.6875,5.8125,0.736282,0.2702,0.719308,0.651421,nan,nan,1,1.00003,1,1,0
4.6875,5.9375,0.784304,0.245167,0.748389,0.711669,nan,nan,1,1.00003,1,1,0
4.6875,6.0625,0.829322,0.245044,0.777954,0.769507,nan,nan,1,1.00003,1,1,0
4.6875,6.1875,0.869399,0.266916,0.807083,0.822067,nan,nan,1,1.00003,1,1,0
4.6875,6.3125,0.903377,0.306956,0.83499,0.867394,nan,nan,1,1.00003,1,1,0
4.6875,6.4375,0.930877,0.360817,0.861047,0.904585,nan,nan,1,1.00003,1,1,0
4.6875,6.5625,0.952174,0.424021,0.884804,0.93369,nan,nan,1,1.00003,1,1,0
4.6875,6.6875,0.967984,0.492291,0.90598,0.955467,nan,nan,1,1.00003,1,1,0
4.6875,6.8125,0.979258,0.561826,0.924453,0.971082,nan,nan,1,1.00003,1,1,0
4.6875,6.9375,0.986989,0.62947,0.940237,0.981833,nan,nan,1,1.00003,1,1,0
4.6875,7.0625,0.992096,0.692814,0.953457,0.988952,nan,nan,1,1.00003,1,1,0
4.6875,7.1875,0.995349,0.750198,0.964314,0.993495,nan,nan,1,1.00003,1,1,0
4.6875,7.3125,0.997348,0.800665,0.973063,0.99629,nan,nan,1,1.00003,1,1,0
4.6875,7.4375,0.998535,0.843859,0.979982,0.99795,nan,nan,1,1.00003,1,1,0
4.6875,7.5625,0.999216,0.879907,0.985354,0.998902,nan,nan,1,1.00003,1,1,0
4.6875,7.6875,0.999593,0.909281,0.989451,0.99943,nan,nan,1,1.00003,1,1,0
4.6875,7.8125,0.999795,0.932678,0.99252,0.999714,nan,nan,1,1.00003,1,1,0
4.6875,7.9375,0.9999,0.950913,0.994778,0.99986,nan,nan,1,1.00003,1,1,0
4.6875,8.0625,0.999953,0.964827,0.996411,0.999934,nan,nan,1,1.00003,1,1,0
4.6875,8.1875,0.999978,0.97523,0.997572,0.99997,nan,nan,1,1.00003,1,1,0
4.6875,8.3125,0.99999,0.982852,0.998382,0.999987,nan,nan,1,1.00003,1,1,0
4.6875,8.4375,0.999996,0.98833,0.998939,0.999994,nan,nan,1,1.00003,1,1,0
4.6875,8.5625,0.999998,0.992191,0.999315,0.999998,nan,nan,1,1.00003,1,1,0
4.6875,8.6875,0.999999,0.994862,0.999565,0.999999,nan,nan,1,1.00003,1,1,0
4.6875,8.8125,1,0.996676,0.999728,1,nan,nan,1,1.00003,1,1,0
4.6875,8.9375,1,0.997885,0.999832,1,nan,nan,1,1.00003,1,1,0
4.6875,9.0625,1,0.998676,0.999898,1,nan,nan,1,1.00003,1,1,0
4.6875,9.1875,1,0.999185,0.999939,1,nan,nan,1,1.00003,1,1,0
4.6875,9.3125,1,0.999507,0.999964,1,nan,nan,1,1.00003,1,1,0
4.6875,9.4375,1,0.999706,0.999979,1,nan,nan,1,1.00003,1,1,0
4.6875,9.5625,1,0.999828,0.999988,1,nan,nan,1,1.00003,1,1,0
4.6875,9.6875,1,0.999901,0.999993,1,nan,nan,1,1.00003,1,1,0
4.6875,9.8125,1,0.999944,0.999996,1,nan,nan,1,1.00003,1,1,0
4.6875,9.9375,1,0.999969,0.999998,1,nan,nan,1,1.00003,1,1,0
4.8125,0.0625,1,1.00003,0.999999,1,nan,nan,1,1.00003,1,1,0
4.8125,0.1875,1,1.00006,0.999998,1,nan,nan,1,1.00003,1,1,0
4.8125,0.3125,1,1.0001,0.999996,1,nan,nan,1,1.00003,1,1,0
4.8125,0.4375,1,1.00018,0.999993,1,nan,nan,1,1.00003,1,1,0
4.8125,0.5625,1,1.0003,0.999987,1,nan,nan,1,1.00003,1,1,0
4.8125,0.6875,1,1.00051,0.999978,1,nan,nan,1,1.00003,1,1,0
4.8125,0.8125,1,1.00084,0.999962,1,nan,nan,1,1.00003,1,1,0
4.8125,0.9375,1,1.00137,0.999937,1,nan,nan,1,1.00003,1,1,0
4.8125,1.0625,1,1.00218,0.999896,1,nan,nan,1,1.00003,1,1,0
4.8125,1.1875,1,1.00343,0.999831,1,nan,nan,1,1.00003,1,1,0
4.8125,1.3125,0.999999,1.0053,0.99973,0.999999,nan,nan,1,1.00003,1,1,0
4.8125,1.4375,0.999998,1.00806,0.999576,0.999997,nan,nan,1,1.00003,1,1,0
4.8125,1.5625,0.999996,1.01204,0.999343,0.999994,nan,nan,1,1.00003,1,1,0
4.8125,1.6875,0.99999,1.01769,0.998999,0.999986,nan,nan,1,1.00003,1,1,0
4.8125,1.8125,0.999977,1.02556,0.998497,0.999968,nan,nan,1,1.00003,1,1,0
4.8125,1.9375,0.99995,1.03629,0.997778,0.99993,nan,nan,1,1.00003,1,1,0
4.8125,2.0625,0.999894,1.05065,0.996767,0.999851,nan,nan,1,1.00003,1,1,0
4.8125,2.1875,0.999782,1.06946,0.995369,0.999695,nan,nan,1,1.00003,1,1,0
4.8125,2.3125,0.999567,1.0936,0.99347,0.999394,nan,nan,1,1.00003,1,1,0
4.8125,2.4375,0.999165,1.12391,0.990934,0.998831,nan,nan,1,1.00003,1,1,0
4.8125,2.5625,0.998441,1.1611,0.987608,0.997818,nan,nan,1,1.00003,1,1,0
4.8125,2.6875,0.997178,1.20566,0.983325,0.996051,nan,nan,1,1.00003,1,1,0
4.8125,2.8125,0.99505,1.25773,0.977909,0.993076,nan,nan,1,1.00003,1,1,0
4.8125,2.9375,0.991588,1.31694,0.971188,0.988243,nan,nan,1,1.00003,1,1,0
4.8125,3.0625,0.986154,1.38229,0.963004,0.980669,nan,nan,1,1.00003,1,1,0
4.8125,3.1875,0.977929,1.45208,0.953233,0.969238,nan,nan,1,1.00003,1,1,0
4.8125,3.3125,0.965941,1.52383,0.941797,0.952645,nan,nan,1,1.00003,1,1,0
4.8125,3.4375,0.949137,1.59426,0.928688,0.929524,nan,nan,1,1.00003,1,1,0
4.8125,3.5625,0.926521,1.65947,0.913982,0.898664,nan,nan,1,1.00003,1,1,0
4.8125,3.6875,0.897346,1.71504,0.897851,0.859299,nan,nan,1,1.00003,1,1,0
4.8125,3.8125,0.861351,1.75635,0.880576,0.811432,nan,nan,1,1.00003,1,1,0
4.8125,3.9375,0.818967,1.77892,0.862543,0.75609,nan,nan,1,1.00003,1,1,0
4.8125,4.0625,0.771461,1.77879,0.844241,0.695407,nan,nan,1,1.00003,1,1,0
4.8125,4.1875,0.720914,1.75297,0.826239,0.632466,nan,nan,1,1.00003,1,1,0
4.8125,4.3125,0.670054,1.69975,0.80916,0.570892,nan,nan,1,1.00003,1,1,0
4.8125,4.4375,0.621925,1.61904,0.793653,0.51432,nan,nan,1,1.00003,1,1,0
4.8125,4.5625,0.579513,1.51253,0.780345,0.465896,nan,nan,1,1.00003,1,1,0
4.8125,4.6875,0.54541,1.38366,0.769803,0.427969,nan,nan,1,1.00003,1,1,0
4.8125,4.8125,0.521597,1.2375,0.762496,0.40204,nan,nan,1,1.00003,1,1,0
4.8125,4.9375,0.509375,1.08041,0.758756,0.388913,nan,nan,1,1.00003,1,1,0
4.8125,5.0625,0.509375,0.919585,0.758756,0.388913,nan,nan,1,1.00003,1,1,0
4.8125,5.1875,0.521597,0.762496,0.762496,0.40204,nan,nan,1,1.00003,1,1,0
4.8125,5.3125,0.54541,0.616339,0.769803,0.427969,nan,nan,1,1.00003,1,1,0
4.8125,5.4375,0.579513,0.487472,0.780345,0.465896,nan,nan,1,1.00003,1,1,0
4.8125,5.5625,0.621925,0.380959,0.793653,0.51432,nan,nan,1,1.00003,1,1,0
4.8125,5.6875,0.670054,0.300255,0.80916,0.570892,nan,nan,1,1.00003,1,1,0
4.8125,5.8125,0.720914,0.247034,0.826239,0.632466,nan,nan,1,1.00003,1,1,0
4.8125,5.9375,0.771461,0.221206,0.844241,0.695407,nan,nan,1,1.00003,1,1,0
4.8125,6.0625,0.818967,0.221079,0.862543,0.75609,nan,nan,1,1.00003,1,1,0
4.8125,6.1875,0.861351,0.243646,0.880576,0.811432,nan,nan,1,1.00003,1,1,0
4.8125,6.3125,0.897346,0.284956,0.897851,0.859299,nan,nan,1,1.00003,1,1,0
4.8125,6.4375,0.926521,0.340527,0.913982,0.898664,nan,nan,1,1.00003,1,1,0
4.8125,6.5625,0.949137,0.405737,0.928688,0.929524,nan,nan,1,1.00003,1,1,0
4.8125,6.6875,0.965941,0.476175,0.941797,0.952645,nan,nan,1,1.00003,1,1,0
4.8125,6.8125,0.977929,0.547916,0.953233,0.969238,nan,nan,1,1.00003,1,1,0
4.8125,6.9375,0.986154,0.617709,0.963004,0.980669,nan,nan,1,1.00003,1,1,0
4.8125,7.0625,0.991588,0.683063,0.971188,0.988243,nan,nan,1,1.00003,1,1,0
4.8125,7.1875,0.99505,0.742268,0.977909,0.993076,nan,nan,1,1.00003,1,1,0
4.8125,7.3125,0.997178,0.794337,0.983325,0.996051,nan,nan,1,1.00003,1,1,0
4.8125,7.4375,0.998441,0.838903,0.987608,0.997818,nan,nan,1,1.00003,1,1,0
4.8125,7.5625,0.999165,0.876095,0.990934,0.998831,nan,nan,1,1.00003,1,1,0
4.8125,7.6875,0.999567,0.906401,0.99347,0.999394,nan,nan,1,1.00003,1,1,0
4.8125,7.8125,0.999782,0.930541,0.995369,0.999695,nan,nan,1,1.00003,1,1,0
4.8125,7.9375,0.999894,0.949355,0.996767,0.999851,nan,nan,1,1.00003,1,1,0
4.8125,8.0625,0.99995,0.963711,0.997778,0.99993,nan,nan,1,1.00003,1,1,0
4.8125,8.1875,0.999977,0.974443,0.998497,0.999968,nan,nan,1,1.00003,1,1,0
4.8125,8.3125,0.99999,0.982308,0.998999,0.999986,nan,nan,1,1.00003,1,1,0
4.8125,8.4375,0.999996,0.987959,0.999343,0.999994,nan,nan,1,1.00003,1,1,0
4.8125,8.5625,0.999998,0.991943,0.999576,0.999997,nan,nan,1,1.00003,1,1,0
4.8125,8.6875,0.999999,0.994699,0.99973,0.999999,nan,nan,1,1.00003,1,1,0
4.8125,8.8125,1,0.99657,0.999831,1,nan,nan,1,1.00003,1,1,0
4.8125,8.9375,1,0.997818,0.999896,1,nan,nan,1,1.00003,1,1,0
4.8125,9.0625,1,0.998634,0.999937,1,nan,nan,1,1.00003,1,1,0
4.8125,9.1875,1,0.999159,0.999962,1,nan,nan,1,1.00003,1,1,0
4.8125,9.3125,1,0.999491,0.999978,1,nan,nan,1,1.00003,1,1,0
4.8125,9.4375,1,0.999697,0.999987,1,nan,nan,1,1.00003,1,1,0
4.8125,9.5625,1,0.999822,0.999993,1,nan,nan,1,1.00003,1,1,0
4.8125,9.6875,1,0.999898,0.999996,1,nan,nan,1,1.00003,1,1,0
4.8125,9.8125,1,0.999942,0.999998,1,nan,nan,1,1.00003,1,1,0
4.8125,9.9375,1,0.999968,0.999999,1,nan,nan,1,1.00003,1,1,0
4.9375,0.0625,1,1.00003,1,1,nan,nan,1,1.00003,1,1,0
4.9375,0.1875,1,1.00006,0.999999,1,nan,nan,1,1.00003,1,1,0
4.9375,0.3125,1,1.0001,0.999999,1,nan,nan,1,1.00003,1,1,0
4.9375,0.4375,1,1.00018,0.999998,1,nan,nan,1,1.00003,1,1,0
4.9375,0.5625,1,1.00031,0.999996,1,nan,nan,1,1.00003,1,1,0
4.9375,0.6875,1,1.00052,0.999993,1,nan,nan,1,1.00003,1,1,0
4.9375,0.8125,1,1.00085,0.999987,1,nan,nan,1,1.00003,1,1,0
4.9375,0.9375,1,1.00139,0.999979,1,nan,nan,1,1.00003,1,1,0
4.9375,1.0625,1,1.00222,0.999965,1,nan,nan,1,1.00003,1,1,0
4.9375,1.1875,1,1.00348,0.999943,1,nan,nan,1,1.00003,1,1,0
4.9375,1.3125,0.999999,1.00538,0.999909,0.999999,nan,nan,1,1.00003,1,1,0
4.9375,1.4375,0.999998,1.00818,0.999856,0.999997,nan,nan,1,1.00003,1,1,0
4.9375,1.5625,0.999995,1.01223,0.999778,0.999994,nan,nan,1,1.00003,1,1,0
4.9375,1.6875,0.999989,1.01797,0.999661,0.999985,nan,nan,1,1.00003,1,1,0
4.9375,1.8125,0.999976,1.02596,0.999491,0.999967,nan,nan,1,1.00003,1,1,0
4.9375,1.9375,0.999948,1.03686,0.999248,0.999928,nan,nan,1,1.00003,1,1,0
4.9375,2.0625,0.99989,1.05144,0.998905,0.999847,nan,nan,1,1.00003,1,1,0
4.9375,2.1875,0.999775,1.07055,0.998432,0.999685,nan,nan,1,1.00003,1,1,0
4.9375,2.3125,0.999553,1.09507,0.997789,0.999374,nan,nan,1,1.00003,1,1,0
4.9375,2.4375,0.999139,1.12586,0.99693,0.998794,nan,nan,1,1.00003,1,1,0
4.9375,2.5625,0.998391,1.16363,0.995804,0.997748,nan,nan,1,1.00003,1,1,0
4.9375,2.6875,0.997088,1.2089,0.994354,0.995926,nan,nan,1,1.00003,1,1,0
4.9375,2.8125,0.994893,1.26179,0.99252,0.992857,nan,nan,1,1.00003,1,1,0
4.9375,2.9375,0.991322,1.32193,0.990245,0.987871,nan,nan,1,1.00003,1,1,0
4.9375,3.0625,0.985716,1.38831,0.987474,0.98006,nan,nan,1,1.00003,1,1,0
4.9375,3.1875,0.977233,1.4592,0.984165,0.968272,nan,nan,1,1.00003,1,1,0
4.9375,3.3125,0.964872,1.53207,0.980294,0.951168,nan,nan,1,1.00003,1,1,0
4.9375,3.4375,0.947549,1.60362,0.975855,0.927347,nan,nan,1,1.00003,1,1,0
4.9375,3.5625,0.924243,1.66986,0.970876,0.895573,nan,nan,1,1.00003,1,1,0
4.9375,3.6875,0.894196,1.7263,0.965414,0.855079,nan,nan,1,1.00003,1,1,0
4.9375,3.8125,0.857152,1.76827,0.959565,0.805899,nan,nan,1,1.00003,1,1,0
4.9375,3.9375,0.813573,1.79119,0.95346,0.749127,nan,nan,1,1.00003,1,1,0
4.9375,4.0625,0.764782,1.79106,0.947263,0.686994,nan,nan,1,1.00003,1,1,0
4.9375,4.1875,0.71294,1.76482,0.941167,0.622694,nan,nan,1,1.00003,1,1,0
4.9375,4.3125,0.660856,1.71076,0.935385,0.559951,nan,nan,1,1.00003,1,1,0
4.9375,4.4375,0.611651,1.62879,0.930135,0.502464,nan,nan,1,1.00003,1,1,0
4.9375,4.5625,0.568363,1.5206,0.925629,0.453394,nan,nan,1,1.00003,1,1,0
4.9375,4.6875,0.53361,1.3897,0.922059,0.415062,nan,nan,1,1.00003,1,1,0
4.9375,4.8125,0.509375,1.24124,0.919585,0.388913,nan,nan,1,1.00003,1,1,0
4.9375,4.9375,0.496946,1.08168,0.918319,0.375693,nan,nan,1,1.00003,1,1,0
4.9375,5.0625,0.496946,0.918319,0.918319,0.375693,nan,nan,1,1.00003,1,1,0
4.9375,5.1875,0.509375,0.758756,0.919585,0.388913,nan,nan,1,1.00003,1,1,0
4.9375,5.3125,0.53361,0.610297,0.922059,0.415062,nan,nan,1,1.00003,1,1,0
4.9375,5.4375,0.568363,0.4794,0.925629,0.453394,nan,nan,1,1.00003,1,1,0
4.9375,5.5625,0.611651,0.371211,0.930135,0.502464,nan,nan,1,1.00003,1,1,0
4.9375,5.6875,0.660856,0.289235,0.935385,0.559951,nan,nan,1,1.00003,1,1,0
4.9375,5.8125,0.71294,0.235176,0.941167,0.622694,nan,nan,1,1.00003,1,1,0
4.9375,5.9375,0.764782,0.208942,0.947263,0.686994,nan,nan,1,1.00003,1,1,0
4.9375,6.0625,0.813573,0.208813,0.95346,0.749127,nan,nan,1,1.00003,1,1,0
4.9375,6.1875,0.857152,0.231735,0.959565,0.805899,nan,nan,1,1.00003,1,1,0
4.9375,6.3125,0.894196,0.273696,0.965414,0.855079,nan,nan,1,1.00003,1,1,0
4.9375,6.4375,0.924243,0.330142,0.970876,0.895573,nan,nan,1,1.00003,1,1,0
4.9375,6.5625,0.947549,0.396379,0.975855,0.927347,nan,nan,1,1.00003,1,1,0
4.9375,6.6875,0.964872,0.467926,0.980294,0.951168,nan,nan,1,1.00003,1,1,0
4.9375,6.8125,0.977233,0.540797,0.984165,0.968272,nan,nan,1,1.00003,1,1,0
4.9375,6.9375,0.985716,0.611688,0.987474,0.98006,nan,nan,1,1.00003,1,1,0
4.9375,7.0625,0.991322,0.678072,0.990245,0.987871,nan,nan,1,1.00003,1,1,0
4.9375,7.1875,0.994893,0.73821,0.99252,0.992857,nan,nan,1,1.00003,1,1,0
4.9375,7.3125,0.997088,0.791098,0.994354,0.995926,nan,nan,1,1.00003,1,1,0
4.9375,7.4375,0.998391,0.836366,0.995804,0.997748,nan,nan,1,1.00003,1,1,0
4.9375,7.5625,0.999139,0.874143,0.99693,0.998794,nan,nan,1,1.00003,1,1,0
4.9375,7.6875,0.999553,0.904927,0.997789,0.999374,nan,nan,1,1.00003,1,1,0
4.9375,7.8125,0.999775,0.929447,0.998432,0.999685,nan,nan,1,1.00003,1,1,0
4.9375,7.9375,0.99989,0.948557,0.998905,0.999847,nan,nan,1,1.00003,1,1,0
4.9375,8.0625,0.999948,0.963139,0.999248,0.999928,nan,nan,1,1.00003,1,1,0
4.9375,8.1875,0.999976,0.974041,0.999491,0.999967,nan,nan,1,1.00003,1,1,0
4.9375,8.3125,0.999989,0.982029,0.999661,0.999985,nan,nan,1,1.00003,1,1,0
4.9375,8.4375,0.999995,0.98777,0.999778,0.999994,nan,nan,1,1.00003,1,1,0
4.9375,8.5625,0.999998,0.991816,0.999856,0.999997,nan,nan,1,1.00003,1,1,0
4.9375,8.6875,0.999999,0.994616,0.999909,0.999999,nan,nan,1,1.00003,1,1,0
4.9375,8.8125,1,0.996516,0.999943,1,nan,nan,1,1.00003,1,1,0
4.9375,8.9375,1,0.997783,0.999965,1,nan,nan,1,1.00003,1,1,0
4.9375,9.0625,1,0.998613,0.999979,1,nan,nan,1,1.00003,1,1,0
4.9375,9.1875,1,0.999146,0.999987,1,nan,nan,1,1.00003,1,1,0
4.9375,9.3125,1,0.999483,0.999993,1,nan,nan,1,1.00003,1,1,0
4.9375,9.4375,1,0.999692,0.999996,1,nan,nan,1,1.00003,1,1,0
4.9375,9.5625,1,0.99982,0.999998,1,nan,nan,1,1.00003,1,1,0
4.9375,9.6875,1,0.999896,0.999999,1,nan,nan,1,1.00003,1,1,0
4.9375,9.8125,1,0.999941,0.999999,1,nan,nan,1,1.00003,1,1,0
4.9375,9.9375,1,0.999967,1,1,nan,nan,1,1.00003,1,1,0
5.0625,0.0625,1,1.00003,1,1,nan,nan,1,1.00003,1,1,0
5.0625,0.1875,1,1.00006,1,1,nan,nan,1,1.00003,1,1,0
5.0625,0.3125,1,1.0001,1,1,nan,nan,1,1.00003,1,1,0
5.0625,0.4375,1,1.00018,1,1,nan,nan,1,1.00003,1,1,0
5.0625,0.5625,1,1.00031,1,1,nan,nan,1,1.00003,1,1,0
5.0625,0.6875,1,1.00052,1.00001,1,nan,nan,1,1.00003,1,1,0
5.0625,0.8125,1,1.00085,1.00001,1,nan,nan,1,1.00003,1,1,0
5.0625,0.9375,1,1.00139,1.00002,1,nan,nan,1,1.00003,1,1,0
5.0625,1.0625,1,1.00222,1.00004,1,nan,nan,1,1.00003,1,1,0
5.0625,1.1875,1,1.00348,1.00006,1,nan,nan,1,1.00003,1,1,0
5.0625,1.3125,0.999999,1.00538,1.00009,0.999999,nan,nan,1,1.00003,1,1,0
5.0625,1.4375,0.999998,1.00818,1.00014,0.999997,nan,nan,1,1.00003,1,1,0
5.0625,1.5625,0.999995,1.01223,1.00022,0.999994,nan,nan,1,1.00003,1,1,0
5.0625,1.6875,0.999989,1.01797,1.00034,0.999985,nan,nan,1,1.00003,1,1,0
5.0625,1.8125,0.999976,1.02596,1.00051,0.999967,nan,nan,1,1.00003,1,1,0
5.0625,1.9375,0.999948,1.03686,1.00075,0.999928,nan,nan,1,1.00003,1,1,0
5.0625,2.0625,0.99989,1.05144,1.00109,0.999847,nan,nan,1,1.00003,1,1,0
5.0625,2.1875,0.999775,1.07055,1.00157,0.999685,nan,nan,1,1.00003,1,1,0
5.0625,2.3125,0.999553,1.09507,1.00221,0.999374,nan,nan,1,1.00003,1,1,0
5.0625,2.4375,0.999139,1.12586,1.00307,0.998794,nan,nan,1,1.00003,1,1,0
5.0625,2.5625,0.998391,1.16363,1.0042,0.997748,nan,nan,1,1.00003,1,1,0
5.0625,2.6875,0.997088,1.2089,1.00565,0.995926,nan,nan,1,1.00003,1,1,0
5.0625,2.8125,0.994893,1.26179,1.00748,0.992857,nan,nan,1,1.00003,1,1,0
5.0625,2.9375,0.991322,1.32193,1.00976,0.987871,nan,nan,1,1.00003,1,1,0
5.0625,3.0625,0.985716,1.38831,1.01253,0.98006,nan,nan,1,1.00003,1,1,0
5.0625,3.1875,0.977233,1.4592,1.01583,0.968272,nan,nan,1,1.00003,1,1,0
5.0625,3.3125,0.964872,1.53207,1.01971,0.951168,nan,nan,1,1.00003,1,1,0
5.0625,3.4375,0.947549,1.60362,1.02414,0.927347,nan,nan,1,1.00003,1,1,0
5.0625,3.5625,0.924243,1.66986,1.02912,0.895573,nan,nan,1,1.00003,1,1,0
5.0625,3.6875,0.894196,1.7263,1.03459,0.855079,nan,nan,1,1.00003,1,1,0
5.0625,3.8125,0.857152,1.76827,1.04044,0.805899,nan,nan,1,1.00003,1,1,0
5.0625,3.9375,0.813573,1.79119,1.04654,0.749127,nan,nan,1,1.00003,1,1,0
5.0625,4.0625,0.764782,1.79106,1.05274,0.686994,nan,nan,1,1.00003,1,1,0
5.0625,4.1875,0.71294,1.76482,1.05883,0.622694,nan,nan,1,1.00003,1,1,0
5.0625,4.3125,0.660856,1.71076,1.06461,0.559951,nan,nan,1,1.00003,1,1,0
5.0625,4.4375,0.611651,1.62879,1.06987,0.502464,nan,nan,1,1.00003,1,1,0
5.0625,4.5625,0.568363,1.5206,1.07437,0.453394,nan,nan,1,1.00003,1,1,0
5.0625,4.6875,0.53361,1.3897,1.07794,0.415062,nan,nan,1,1.00003,1,1,0
5.0625,4.8125,0.509375,1.24124,1.08041,0.388913,nan,nan,1,1.00003,1,1,0
5.0625,4.9375,0.496946,1.08168,1.08168,0.375693,nan,nan,1,1.00003,1,1,0
5.0625,5.0625,0.496946,0.918319,1.08168,0.375693,nan,nan,1,1.00003,1,1,0
5.0625,5.1875,0.509375,0.758756,1.08041,0.388913,nan,nan,1,1.00003,1,1,0
5.0625,5.3125,0.53361,0.610297,1.07794,0.415062,nan,nan,1,1.00003,1,1,0
5.0625,5.4375,0.568363,0.4794,1.07437,0.453394,nan,nan,1,1.00003,1,1,0
5.0625,5.5625,0.611651,0.371211,1.06987,0.502464,nan,nan,1,1.00003,1,1,0
5.0625,5.6875,0.660856,0.289235,1.06461,0.559951,nan,nan,1,1.00003,1,1,0
5.0625,5.8125,0.71294,0.235176,1.05883,0.622694,nan,nan,1,1.00003,1,1,0
5.0625,5.9375,0.764782,0.208942,1.05274,0.686994,nan,nan,1,1.00003,1,1,0
5.0625,6.0625,0.813573,0.208813,1.04654,0.749127,nan,nan,1,1.00003,1,1,0
5.0625,6.1875,0.857152,0.231735,1.04044,0.805899,nan,nan,1,1.00003,1,1,0
5.0625,6.3125,0.894196,0.273696,1.03459,0.855079,nan,nan,1,1.00003,1,1,0
5.0625,6.4375,0.924243,0.330142,1.02912,0.895573,nan,nan,1,1.00003,1,1,0
5.0625,6.5625,0.947549,0.396379,1.02414,0.927347,nan,nan,1,1.00003,1,1,0
5.0625,6.6875,0.964872,0.467926,1.01971,0.951168,nan,nan,1,1.00003,1,1,0
5.0625,6.8125,0.977233,0.540797,1.01583,0.968272,nan,nan,1,1.00003,1,1,0
5.0625,6.9375,0.985716,0.611688,1.01253,0.98006,nan,nan,1,1.00003,1,1,0
5.0625,7.0625,0.991322,0.678072,1.00976,0.987871,nan,nan,1,1.00003,1,1,0
5.0625,7.1875,0.994893,0.73821,1.00748,0.992857,nan,nan,1,1.00003,1,1,0
5.0625,7.3125,0.997088,0.791098,1.00565,0.995926,nan,nan,1,1.00003,1,1,0
5.0625,7.4375,0.998391,0.836366,1.0042,0.997748,nan,nan,1,1.00003,1,1,0
5.0625,7.5625,0.999139,0.874143,1.00307,0.998794,nan,nan,1,1.00003,1,1,0
5.0625,7.6875,0.999553,0.904927,1.00221,0.999374,nan,nan,1,1.00003,1,1,0
5.0625,7.8125,0.999775,0.929447,1.00157,0.999685,nan,nan,1,1.00003,1,1,0
5.0625,7.9375,0.99989,0.948557,1.00109,0.999847,nan,nan,1,1.00003,1,1,0
5.0625,8.0625,0.999948,0.963139,1.00075,0.999928,nan,nan,1,1.00003,1,1,0
5.0625,8.1875,0.999976,0.974041,1.00051,0.999967,nan,nan,1,1.00003,1,1,0
5.0625,8.3125,0.999989,0.982029,1.00034,0.999985,nan,nan,1,1.00003,1,1,0
5.0625,8.4375,0.999995,0.98777,1.00022,0.999994,nan,nan,1,1.00003,1,1,0
5.0625,8.5625,0.999998,0.991816,1.00014,0.999997,nan,nan,1,1.00003,1,1,0
5.0625,8.6875,0.999999,0.994616,1.00009,0.999999,nan,nan,1,1.00003,1,1,0
5.0625,8.8125,1,0.996516,1.00006,1,nan,nan,1,1.00003,1,1,0
5.0625,8.9375,1,0.997783,1.00004,1,nan,nan,1,1.00003,1,1,0
5.0625,9.0625,1,0.998613,1.00002,1,nan,nan,1,1.00003,1,1,0
5.0625,9.1875,1,0.999146,1.00001,1,nan,nan,1,1.00003,1,1,0
5.0625,9.3125,1,0.999483,1.00001,1,nan,nan,1,1.00003,1,1,0
5.0625,9.4375,1,0.999692,1,1,nan,nan,1,1.00003,1,1,0
5.0625,9.5625,1,0.99982,1,1,nan,nan,1,1.00003,1,1,0
5.0625,9.6875,1,0.999896,1,1,nan,nan,1,1.00003,1,1,0
5.0625,9.8125,1,0.999941,1,1,nan,nan,1,1.00003,1,1,0
5.0625,9.9375,1,0.999967,1,1,nan,nan,1,1.00003,1,1,0
5.1875,0.0625,1,1.00003,1,1,nan,nan,1,1.00003,1,1,0
5.1875,0.1875,1,1.00006,1,1,nan,nan,1,1.00003,1,1,0
5.1875,0.3125,1,1.0001,1,1,nan,nan,1,1.00003,1,1,0
5.1875,0.4375,1,1.00018,1.00001,1,nan,nan,1,1.00003,1,1,0
5.1875,0.5625,1,1.0003,1.00001,1,nan,nan,1,1.00003,1,1,0
5.1875,0.6875,1,1.00051,1.00002,1,nan,nan,1,1.00003,1,1,0
5.1875,0.8125,1,1.00084,1.00004,1,nan,nan,1,1.00003,1,1,0
5.1875,0.9375,1,1.00137,1.00006,1,nan,nan,1,1.00003,1,1,0
5.1875,1.0625,1,1.00218,1.0001,1,nan,nan,1,1.00003,1,1,0
5.1875,1.1875,1,1.00343,1.00017,1,nan,nan,1,1.00003,1,1,0
5.1875,1.3125,0.999999,1.0053,1.00027,0.999999,nan,nan,1,1.00003,1,1,0
5.1875,1.4375,0.999998,1.00806,1.00042,0.999997,nan,nan,1,1.00003,1,1,0
5.1875,1.5625,0.999996,1.01204,1.00066,0.999994,nan,nan,1,1.00003,1,1,0
5.1875,1.6875,0.99999,1.01769,1.001,0.999986,nan,nan,1,1.00003,1,1,0
5.1875,1.8125,0.999977,1.02556,1.0015,0.999968,nan,nan,1,1.00003,1,1,0
5.1875,1.9375,0.99995,1.03629,1.00222,0.99993,nan,nan,1,1.00003,1,1,0
5.1875,2.0625,0.999894,1.05065,1.00323,0.999851,nan,nan,1,1.00003,1,1,0
5.1875,2.1875,0.999782,1.06946,1.00463,0.999695,nan,nan,1,1.00003,1,1,0
5.1875,2.3125,0.999567,1.0936,1.00653,0.999394,nan,nan,1,1.00003,1,1,0
5.1875,2.4375,0.999165,1.12391,1.00907,0.998831,nan,nan,1,1.00003,1,1,0
5.1875,2.5625,0.998441,1.1611,1.01239,0.997818,nan,nan,1,1.00003,1,1,0
5.1875,2.6875,0.997178,1.20566,1.01668,0.996051,nan,nan,1,1.00003,1,1,0
5.1875,2.8125,0.99505,1.25773,1.02209,0.993076,nan,nan,1,1.00003,1,1,0
5.1875,2.9375,0.991588,1.31694,1.02881,0.988243,nan,nan,1,1.00003,1,1,0
5.1875,3.0625,0.986154,1.38229,1.037,0.980669,nan,nan,1,1.00003,1,1,0
5.1875,3.1875,0.977929,1.45208,1.04677,0.969238,nan,nan,1,1.00003,1,1,0
5.1875,3.3125,0.965941,1.52383,1.0582,0.952645,nan,nan,1,1.00003,1,1,0
5.1875,3.4375,0.949137,1.59426,1.07131,0.929524,nan,nan,1,1.00003,1,1,0
5.1875,3.5625,0.926521,1.65947,1.08602,0.898664,nan,nan,1,1.00003,1,1,0
5.1875,3.6875,0.897346,1.71504,1.10215,0.859299,nan,nan,1,1.00003,1,1,0
5.1875,3.8125,0.861351,1.75635,1.11942,0.811432,nan,nan,1,1.00003,1,1,0
5.1875,3.9375,0.818967,1.77892,1.13746,0.75609,nan,nan,1,1.00003,1,1,0
5.1875,4.0625,0.771461,1.77879,1.15576,0.695407,nan,nan,1,1.00003,1,1,0
5.1875,4.1875,0.720914,1.75297,1.17376,0.632466,nan,nan,1,1.00003,1,1,0
5.1875,4.3125,0.670054,1.69975,1.19084,0.570892,nan,nan,1,1.00003,1,1,0
5.1875,4.4375,0.621925,1.61904,1.20635,0.51432,nan,nan,1,1.00003,1,1,0
5.1875,4.5625,0.579513,1.51253,1.21966,0.465896,nan,nan,1,1.00003,1,1,0
5.1875,4.6875,0.54541,1.38366,1.2302,0.427969,nan,nan,1,1.00003,1,1,0
5.1875,4.8125,0.521597,1.2375,1.2375,0.40204,nan,nan,1,1.00003,1,1,0
5.1875,4.9375,0.509375,1.08041,1.24124,0.388913,nan,nan,1,1.00003,1,1,0
5.1875,5.0625,0.509375,0.919585,1.24124,0.388913,nan,nan,1,1.00003,1,1,0
5.1875,5.1875,0.521597,0.762496,1.2375,0.40204,nan,nan,1,1.00003,1,1,0
5.1875,5.3125,0.54541,0.616339,1.2302,0.427969,nan,nan,1,1.00003,1,1,0
5.1875,5.4375,0.579513,0.487472,1.21966,0.465896,nan,nan,1,1.00003,1,1,0
5.1875,5.5625,0.621925,0.380959,1.20635,0.51432,nan,nan,1,1.00003,1,1,0
5.1875,5.6875,0.670054,0.300255,1.19084,0.570892,nan,nan,1,1.00003,1,1,0
5.1875,5.8125,0.720914,0.247034,1.17376,0.632466,nan,nan,1,1.00003,1,1,0
5.1875,5.9375,0.771461,0.221206,1.15576,0.695407,nan,nan,1,1.00003,1,1,0
5.1875,6.0625,0.818967,0.221079,1.13746,0.75609,nan,nan,1,1.00003,1,1,0
5.1875,6.1875,0.861351,0.243646,1.11942,0.811432,nan,nan,1,1.00003,1,1,0
5.1875,6.3125,0.897346,0.284956,1.10215,0.859299,nan,nan,1,1.00003,1,1,0
5.1875,6.4375,0.926521,0.340527,1.08602,0.898664,nan,nan,1,1.00003,1,1,0
5.1875,6.5625,0.949137,0.405737,1.07131,0.929524,nan,nan,1,1.00003,1,1,0
5.1875,6.6875,0.965941,0.476175,1.0582,0.952645,nan,nan,1,1.00003,1,1,0
5.1875,6.8125,0.977929,0.547916,1.04677,0.969238,nan,nan,1,1.00003,1,1,0
5.1875,6.9375,0.986154,0.617709,1.037,0.980669,nan,nan,1,1.00003,1,1,0
5.1875,7.0625,0.991588,0.683063,1.02881,0.988243,nan,nan,1,1.00003,1,1,0
5.1875,7.1875,0.99505,0.742268,1.02209,0.993076,nan,nan,1,1.00003,1,1,0
5.1875,7.3125,0.997178,0.794337,1.01668,0.996051,nan,nan,1,1.00003,1,1,0
5.1875,7.4375,0.998441,0.838903,1.01239,0.997818,nan,nan,1,1.00003,1,1,0
5.1875,7.5625,0.999165,0.876095,1.00907,0.998831,nan,nan,1,1.00003,1,1,0
5.1875,7.6875,0.999567,0.906401,1.00653,0.999394,nan,nan,1,1.00003,1,1,0
5.1875,7.8125,0.999782,0.930541,1.00463,0.999695,nan,nan,1,1.00003,1,1,0
5.1875,7.9375,0.999894,0.949355,1.00323,0.999851,nan,nan,1,1.00003,1,1,0
5.1875,8.0625,0.99995,0.963711,1.00222,0.99993,nan,nan,1,1.00003,1,1,0
5.1875,8.1875,0.999977,0.974443,1.0015,0.999968,nan,nan,1,1.00003,1,1,0
5.1875,8.3125,0.99999,0.982308,1.001,0.999986,nan,nan,1,1.00003,1,1,0
5.1875,8.4375,0.999996,0.987959,1.00066,0.999994,nan,nan,1,1.00003,1,1,0
5.1875,8.5625,0.999998,0.991943,1.00042,0.999997,nan,nan,1,1.00003,1,1,0
5.1875,8.6875,0.999999,0.994699,1.00027,0.999999,nan,nan,1,1.00003,1,1,0
5.1875,8.8125,1,0.99657,1.00017,1,nan,nan,1,1.00003,1,1,0
5.1875,8.9375,1,0.997818,1.0001,1,nan,nan,1,1.00003,1,1,0
5.1875,9.0625,1,0.998634,1.00006,1,nan,nan,1,1.00003,1,1,0
5.1875,9.1875,1,0.999159,1.00004,1,nan,nan,1,1.00003,1,1,0
5.1875,9.3125,1,0.999491,1.00002,1,nan,nan,1,1.00003,1,1,0
5.1875,9.4375,1,0.999697,1.00001,1,nan,nan,1,1.00003,1,1,0
5.1875,9.5625,1,0.999822,1.00001,1,nan,nan,1,1.00003,1,1,0
5.1875,9.6875,1,0.999898,1,1,nan,nan,1,1.00003,1,1,0
5.1875,9.8125,1,0.999942,1,1,nan,nan,1,1.00003,1,1,0
5.1875,9.9375,1,0.999968,1,1,nan,nan,1,1.00003,1,1,0
5.3125,0.0625,1,1.00003,1,1,nan,nan,1,1.00003,1,1,0
5.3125,0.1875,1,1.00006,1,1,nan,nan,1,1.00003,1,1,0
5.3125,0.3125,1,1.0001,1.00001,1,nan,nan,1,1.00003,1,1,0
5.3125,0.4375,1,1.00017,1.00001,1,nan,nan,1,1.00003,1,1,0
5.3125,0.5625,1,1.00029,1.00002,1,nan,nan,1,1.00003,1,1,0
5.3125,0.6875,1,1.00049,1.00004,1,nan,nan,1,1.00003,1,1,0
5.3125,0.8125,1,1.00081,1.00006,1,nan,nan,1,1.00003,1,1,0
5.3125,0.9375,1,1.00132,1.0001,1,nan,nan,1,1.00003,1,1,0
5.3125,1.0625,1,1.00212,1.00017,1,nan,nan,1,1.00003,1,1,0
5.3125,1.1875,1,1.00332,1.00027,1,nan,nan,1,1.00003,1,1,0
5.3125,1.3125,0.999999,1.00514,1.00044,0.999999,nan,nan,1,1.00003,1,1,0
5.3125,1.4375,0.999998,1.00781,1.00068,0.999998,nan,nan,1,1.00003,1,1,0
5.3125,1.5625,0.999996,1.01167,1.00106,0.999994,nan,nan,1,1.00003,1,1,0
5.3125,1.6875,0.99999,1.01715,1.00162,0.999987,nan,nan,1,1.00003,1,1,0
5.3125,1.8125,0.999978,1.02477,1.00243,0.99997,nan,nan,1,1.00003,1,1,0
5.3125,1.9375,0.999953,1.03517,1.00359,0.999934,nan,nan,1,1.00003,1,1,0
5.3125,2.0625,0.9999,1.04909,1.00522,0.99986,nan,nan,1,1.00003,1,1,0
5.3125,2.1875,0.999795,1.06732,1.00748,0.999714,nan,nan,1,1.00003,1,1,0
5.3125,2.3125,0.999593,1.09072,1.01055,0.99943,nan,nan,1,1.00003,1,1,0
5.3125,2.4375,0.999216,1.12009,1.01465,0.998902,nan,nan,1,1.00003,1,1,0
5.3125,2.5625,0.998535,1.15614,1.02002,0.99795,nan,nan,1,1.00003,1,1,0
5.3125,2.6875,0.997348,1.19934,1.02694,0.99629,nan,nan,1,1.00003,1,1,0
5.3125,2.8125,0.995349,1.2498,1.03569,0.993495,nan,nan,1,1.00003,1,1,0
5.3125,2.9375,0.992096,1.30719,1.04654,0.988952,nan,nan,1,1.00003,1,1,0
5.3125,3.0625,0.986989,1.37053,1.05976,0.981833,nan,nan,1,1.00003,1,1,0
5.3125,3.1875,0.979258,1.43817,1.07555,0.971082,nan,nan,1,1.00003,1,1,0
5.3125,3.3125,0.967984,1.50771,1.09402,0.955467,nan,nan,1,1.00003,1,1,0
5.3125,3.4375,0.952174,1.57598,1.1152,0.93369,nan,nan,1,1.00003,1,1,0
5.3125,3.5625,0.930877,1.63918,1.13895,0.904585,nan,nan,1,1.00003,1,1,0
5.3125,3.6875,0.903377,1.69304,1.16501,0.867394,nan,nan,1,1.00003,1,1,0
5.3125,3.8125,0.869399,1.73308,1.19292,0.822067,nan,nan,1,1.00003,1,1,0
5.3125,3.9375,0.829322,1.75496,1.22205,0.769507,nan,nan,1,1.00003,1,1,0
5.3125,4.0625,0.784304,1.75483,1.25161,0.711669,nan,nan,1,1.00003,1,1,0
5.3125,4.1875,0.736282,1.7298,1.28069,0.651421,nan,nan,1,1.00003,1,1,0
5.3125,4.3125,0.687822,1.67822,1.30828,0.592198,nan,nan,1,1.00003,1,1,0
5.3125,4.4375,0.641822,1.59999,1.33333,0.537502,nan,nan,1,1.00003,1,1,0
5.3125,4.5625,0.601157,1.49676,1.35483,0.490437,nan,nan,1,1.00003,1,1,0
5.3125,4.6875,0.568363,1.37186,1.37186,0.453394,nan,nan,1,1.00003,1,1,0
5.3125,4.8125,0.54541,1.2302,1.38366,0.427969,nan,nan,1,1.00003,1,1,0
5.3125,4.9375,0.53361,1.07794,1.3897,0.415062,nan,nan,1,1.00003,1,1,0
5.3125,5.0625,0.53361,0.922059,1.3897,0.415062,nan,nan,1,1.00003,1,1,0
5.3125,5.1875,0.54541,0.769803,1.38366,0.427969,nan,nan,1,1.00003,1,1,0
5.3125,5.3125,0.568363,0.628143,1.37186,0.453394,nan,nan,1,1.00003,1,1,0
5.3125,5.4375,0.601157,0.50324,1.35483,0.490437,nan,nan,1,1.00003,1,1,0
5.3125,5.5625,0.641822,0.400005,1.33333,0.537502,nan,nan,1,1.00003,1,1,0
5.3125,5.6875,0.687822,0.321784,1.30828,0.592198,nan,nan,1,1.00003,1,1,0
5.3125,5.8125,0.736282,0.2702,1.28069,0.651421,nan,nan,1,1.00003,1,1,0
5.3125,5.9375,0.784304,0.245167,1.25161,0.711669,nan,nan,1,1.00003,1,1,0
5.3125,6.0625,0.829322,0.245044,1.22205,0.769507,nan,nan,1,1.00003,1,1,0
5.3125,6.1875,0.869399,0.266916,1.19292,0.822067,nan,nan,1,1.00003,1,1,0
5.3125,6.3125,0.903377,0.306956,1.16501,0.867394,nan,nan,1,1.00003,1,1,0
5.3125,6.4375,0.930877,0.360817,1.13895,0.904585,nan,nan,1,1.00003,1,1,0
5.3125,6.5625,0.952174,0.424021,1.1152,0.93369,nan,nan,1,1.00003,1,1,0
5.3125,6.6875,0.967984,0.492291,1.09402,0.955467,nan,nan,1,1.00003,1,1,0
5.3125,6.8125,0.979258,0.561826,1.07555,0.971082,nan,nan,1,1.00003,1,1,0
5.3125,6.9375,0.986989,0.62947,1.05976,0.981833,nan,nan,1,1.00003,1,1,0
5.3125,7.0625,0.992096,0.692814,1.04654,0.988952,nan,nan,1,1.00003,1,1,0
5.3125,7.1875,0.995349,0.750198,1.03569,0.993495,nan,nan,1,1.00003,1,1,0
5.3125,7.3125,0.997348,0.800665,1.02694,0.99629,nan,nan,1,1.00003,1,1,0
5.3125,7.4375,0.998535,0.843859,1.02002,0.99795,nan,nan,1,1.00003,1,1,0
5.3125,7.5625,0.999216,0.879907,1.01465,0.998902,nan,nan,1,1.00003,1,1,0
5.3125,7.6875,0.999593,0.909281,1.01055,0.99943,nan,nan,1,1.00003,1,1,0
5.3125,7.8125,0.999795,0.932678,1.00748,0.999714,nan,nan,1,1.00003,1,1,0
5.3125,7.9375,0.9999,0.950913,1.00522,0.99986,nan,nan,1,1.00003,1,1,0
5.3125,8.0625,0.999953,0.964827,1.00359,0.999934,nan,nan,1,1.00003,1,1,0
5.3125,8.1875,0.999978,0.97523,1.00243,0.99997,nan,nan,1,1.00003,1,1,0
5.3125,8.3125,0.99999,0.982852,1.00162,0.999987,nan,nan,1,1.00003,1,1,0
5.3125,8.4375,0.999996,0.98833,1.00106,0.999994,nan,nan,1,1.00003,1,1,0
5.3125,8.5625,0.999998,0.992191,1.00068,0.999998,nan,nan,1,1.00003,1,1,0
5.3125,8.6875,0.999999,0.994862,1.00044,0.999999,nan,nan,1,1.00003,1,1,0
5.3125,8.8125,1,0.996676,1.00027,1,nan,nan,1,1.00003,1,1,0
5.3125,8.9375,1,0.997885,1.00017,1,nan,nan,1,1.00003,1,1,0
5.3125,9.0625,1,0.998676,1.0001,1,nan,nan,1,1.00003,1,1,0
5.3125,9.1875,1,0.999185,1.00006,1,nan,nan,1,1.00003,1,1,0
5.3125,9.3125,1,0.999507,1.00004,1,nan,nan,1,1.00003,1,1,0
5.3125,9.4375,1,0.999706,1.00002,1,nan,nan,1,1.00003,1,1,0
5.3125,9.5625,1,0.999828,1.00001,1,nan,nan,1,1.00003,1,1,0
5.3125,9.6875,1,0.999901,1.00001,1,nan,nan,1,1.00003,1,1,0
5.3125,9.8125,1,0.999944,1,1,nan,nan,1,1.00003,1,1,0
5.3125,9.9375,1,0.999969,1,1,nan,nan,1,1.00003,1,1,0
5.4375,0.0625,1,1.00003,1,1,nan,nan,1,1.00003,1,1,0
5.4375,0.1875,1,1.00005,1,1,nan,nan,1,1.00003,1,1,0
5.4375,0.3125,1,1.00009,1.00001,1,nan,nan,1,1.00003,1,1,0
5.4375,0.4375,1,1.00016,1.00002,1,nan,nan,1,1.00003,1,1,0
5.4375,0.5625,1,1.00028,1.00003,1,nan,nan,1,1.00003,1,1,0
5.4375,0.6875,1,1.00047,1.00005,1,nan,nan,1,1.00003,1,1,0
5.4375,0.8125,1,1.00078,1.00008,1,nan,nan,1,1.00003,1,1,0
5.4375,0.9375,1,1.00126,1.00014,1,nan,nan,1,1.00003,1,1,0
5.4375,1.0625,1,1.00202,1.00022,1,nan,nan,1,1.00003,1,1,0
5.4375,1.1875,1,1.00317,1.00036,1,nan,nan,1,1.00003,1,1,0
5.4375,1.3125,0.999999,1.0049,1.00058,0.999999,nan,nan,1,1.00003,1,1,0
5.4375,1.4375,0.999998,1.00745,1.00092,0.999998,nan,nan,1,1.00003,1,1,0
5.4375,1.5625,0.999996,1.01114,1.00142,0.999995,nan,nan,1,1.00003,1,1,0
5.4375,1.6875,0.999991,1.01636,1.00216,0.999988,nan,nan,1,1.00003,1,1,0
5.4375,1.8125,0.99998,1.02364,1.00324,0.999973,nan,nan,1,1.00003,1,1,0
5.4375,1.9375,0.999957,1.03356,1.00479,0.99994,nan,nan,1,1.00003,1,1,0
5.4375,2.0625,0.999909,1.04684,1.00698,0.999873,nan,nan,1,1.00003,1,1,0
5.4375,2.1875,0.999814,1.06424,1.00999,0.999739,nan,nan,1,1.00003,1,1,0
5.4375,2.3125,0.99963,1.08657,1.01409,0.999481,nan,nan,1,1.00003,1,1,0
5.4375,2.4375,0.999286,1.11459,1.01956,0.999,nan,nan,1,1.00003,1,1,0
5.4375,2.5625,0.998666,1.14899,1.02674,0.998133,nan,nan,1,1.00003,1,1,0
5.4375,2.6875,0.997586,1.19021,1.03599,0.996621,nan,nan,1,1.00003,1,1,0
5.4375,2.8125,0.995765,1.23836,1.04767,0.994076,nan,nan,1,1.00003,1,1,0
5.4375,2.9375,0.992802,1.29312,1.06218,0.989938,nan,nan,1,1.00003,1,1,0
5.4375,3.0625,0.988149,1.35356,1.07984,0.983449,nan,nan,1,1.00003,1,1,0
5.4375,3.1875,0.981103,1.41811,1.10092,0.973645,nan,nan,1,1.00003,1,1,0
5.4375,3.3125,0.970824,1.48446,1.1256,0.959394,nan,nan,1,1.00003,1,1,0
5.4375,3.4375,0.956396,1.5496,1.15389,0.939492,nan,nan,1,1.00003,1,1,0
5.4375,3.5625,0.936942,1.60991,1.18563,0.912847,nan,nan,1,1.00003,1,1,0
5.4375,3.6875,0.911784,1.66131,1.22044,0.878716,nan,nan,1,1.00003,1,1,0
5.4375,3.8125,0.880642,1.69951,1.25772,0.836988,nan,nan,1,1.00003,1,1,0
5.4375,3.9375,0.84382,1.72038,1.29663,0.788406,nan,nan,1,1.00003,1,1,0
5.4375,4.0625,0.802335,1.72027,1.33612,0.73468,nan,nan,1,1.00003,1,1,0
5.4375,4.1875,0.757929,1.69638,1.37497,0.67839,nan,nan,1,1.00003,1,1,0
5.4375,4.3125,0.71294,1.64716,1.41183,0.622694,nan,nan,1,1.00003,1,1,0
5.4375,4.4375,0.670054,1.57252,1.44529,0.570892,nan,nan,1,1.00003,1,1,0
5.4375,4.5625,0.631982,1.47401,1.47401,0.526001,nan,nan,1,1.00003,1,1,0
5.4375,4.6875,0.601157,1.35483,1.49676,0.490437,nan,nan,1,1.00003,1,1,0
5.4375,4.8125,0.579513,1.21966,1.51253,0.465896,nan,nan,1,1.00003,1,1,0
5.4375,4.9375,0.568363,1.07437,1.5206,0.453394,nan,nan,1,1.00003,1,1,0
5.4375,5.0625,0.568363,0.925629,1.5206,0.453394,nan,nan,1,1.00003,1,1,0
5.4375,5.1875,0.579513,0.780345,1.51253,0.465896,nan,nan,1,1.00003,1,1,0
5.4375,5.3125,0.601157,0.645172,1.49676,0.490437,nan,nan,1,1.00003,1,1,0
5.4375,5.4375,0.631982,0.525989,1.47401,0.526001,nan,nan,1,1.00003,1,1,0
5.4375,5.5625,0.670054,0.427481,1.44529,0.570892,nan,nan,1,1.00003,1,1,0
5.4375,5.6875,0.71294,0.352841,1.41183,0.622694,nan,nan,1,1.00003,1,1,0
5.4375,5.8125,0.757929,0.30362,1.37497,0.67839,nan,nan,1,1.00003,1,1,0
5.4375,5.9375,0.802335,0.279733,1.33612,0.73468,nan,nan,1,1.00003,1,1,0
5.4375,6.0625,0.84382,0.279616,1.29663,0.788406,nan,nan,1,1.00003,1,1,0
5.4375,6.1875,0.880642,0.300486,1.25772,0.836988,nan,nan,1,1.00003,1,1,0
5.4375,6.3125,0.911784,0.338693,1.22044,0.878716,nan,nan,1,1.00003,1,1,0
5.4375,6.4375,0.936942,0.390088,1.18563,0.912847,nan,nan,1,1.00003,1,1,0
5.4375,6.5625,0.956396,0.450397,1.15389,0.939492,nan,nan,1,1.00003,1,1,0
5.4375,6.6875,0.970824,0.515541,1.1256,0.959394,nan,nan,1,1.00003,1,1,0
5.4375,6.8125,0.981103,0.581891,1.10092,0.973645,nan,nan,1,1.00003,1,1,0
5.4375,6.9375,0.988149,0.646438,1.07984,0.983449,nan,nan,1,1.00003,1,1,0
5.4375,7.0625,0.992802,0.706881,1.06218,0.989938,nan,nan,1,1.00003,1,1,0
5.4375,7.1875,0.995765,0.761637,1.04767,0.994076,nan,nan,1,1.00003,1,1,0
5.4375,7.3125,0.997586,0.809793,1.03599,0.996621,nan,nan,1,1.00003,1,1,0
5.4375,7.4375,0.998666,0.851009,1.02674,0.998133,nan,nan,1,1.00003,1,1,0
5.4375,7.5625,0.999286,0.885406,1.01956,0.999,nan,nan,1,1.00003,1,1,0
5.4375,7.6875,0.99963,0.913435,1.01409,0.999481,nan,nan,1,1.00003,1,1,0
5.4375,7.8125,0.999814,0.935761,1.00999,0.999739,nan,nan,1,1.00003,1,1,0
5.4375,7.9375,0.999909,0.953161,1.00698,0.999873,nan,nan,1,1.00003,1,1,0
5.4375,8.0625,0.999957,0.966438,1.00479,0.99994,nan,nan,1,1.00003,1,1,0
5.4375,8.1875,0.99998,0.976364,1.00324,0.999973,nan,nan,1,1.00003,1,1,0
5.4375,8.3125,0.999991,0.983638,1.00216,0.999988,nan,nan,1,1.00003,1,1,0
5.4375,8.4375,0.999996,0.988864,1.00142,0.999995,nan,nan,1,1.00003,1,1,0
5.4375,8.5625,0.999998,0.992549,1.00092,0.999998,nan,nan,1,1.00003,1,1,0
5.4375,8.6875,0.999999,0.995098,1.00058,0.999999,nan,nan,1,1.00003,1,1,0
5.4375,8.8125,1,0.996828,1.00036,1,nan,nan,1,1.00003,1,1,0
5.4375,8.9375,1,0.997982,1.00022,1,nan,nan,1,1.00003,1,1,0
5.4375,9.0625,1,0.998737,1.00014,1,nan,nan,1,1.00003,1,1,0
5.4375,9.1875,1,0.999223,1.00008,1,nan,nan,1,1.00003,1,1,0
5.4375,9.3125,1,0.999529,1.00005,1,nan,nan,1,1.00003,1,1,0
5.4375,9.4375,1,0.99972,1.00003,1,nan,nan,1,1.00003,1,1,0
5.4375,9.5625,1,0.999836,1.00002,1,nan,nan,1,1.00003,1,1,0
5.4375,9.6875,1,0.999905,1.00001,1,nan,nan,1,1.00003,1,1,0
5.4375,9.8125,1,0.999946,1,1,nan,nan,1,1.00003,1,1,0
5.4375,9.9375,1,0.99997,1,1,nan,nan,1,1.00003,1,1,0
5.5625,0.0625,1,1.00003,1,1,nan,nan,1,1.00003,1,1,0
5.5625,0.1875,1,1.00005,1.00001,1,nan,nan,1,1.00003,1,1,0
5.5625,0.3125,1,1.00009,1.00001,1,nan,nan,1,1.00003,1,1,0
5.5625,0.4375,1,1.00015,1.00002,1,nan,nan,1,1.00003,1,1,0
5.5625,0.5625,1,1.00026,1.00003,1,nan,nan,1,1.00003,1,1,0
5.5625,0.6875,1,1.00044,1.00006,1,nan,nan,1,1.00003,1,1,0
5.5625,0.8125,1,1.00073,1.0001,1,nan,nan,1,1.00003,1,1,0
5.5625,0.9375,1,1.00119,1.00016,1,nan,nan,1,1.00003,1,1,0
5.5625,1.0625,1,1.0019,1.00027,1,nan,nan,1,1.00003,1,1,0
5.5625,1.1875,1,1.00298,1.00044,1,nan,nan,1,1.00003,1,1,0
5.5625,1.3125,0.999999,1.00461,1.0007,0.999999,nan,nan,1,1.00003,1,1,0
5.5625,1.4375,0.999999,1.007,1.00111,0.999998,nan,nan,1,1.00003,1,1,0
5.5625,1.5625,0.999997,1.01046,1.00171,0.999995,nan,nan,1,1.00003,1,1,0
5.5625,1.6875,0.999992,1.01537,1.00261,0.999989,nan,nan,1,1.00003,1,1,0
5.5625,1.8125,0.999983,1.0222,1.00392,0.999976,nan,nan,1,1.00003,1,1,0
5.5625,1.9375,0.999962,1.03153,1.00579,0.999947,nan,nan,1,1.00003,1,1,0
5.5625,2.0625,0.99992,1.044,1.00843,0.999888,nan,nan,1,1.00003,1,1,0
5.5625,2.1875,0.999836,1.06035,1.01207,0.99977,nan,nan,1,1.00003,1,1,0
5.5625,2.3125,0.999673,1.08132,1.01702,0.999542,nan,nan,1,1.00003,1,1,0
5.5625,2.4375,0.99937,1.10765,1.02363,0.999118,nan,nan,1,1.00003,1,1,0
5.5625,2.5625,0.998823,1.13996,1.0323,0.998352,nan,nan,1,1.00003,1,1,0
5.5625,2.6875,0.997869,1.17868,1.04346,0.997018,nan,nan,1,1.00003,1,1,0
5.5625,2.8125,0.996262,1.22392,1.05758,0.994771,nan,nan,1,1.00003,1,1,0
5.5625,2.9375,0.993646,1.27536,1.0751,0.991116,nan,nan,1,1.00003,1,1,0
5.5625,3.0625,0.989538,1.33214,1.09643,0.985383,nan,nan,1,1.00003,1,1,0
5.5625,3.1875,0.983313,1.39278,1.1219,0.976716,nan,nan,1,1.00003,1,1,0
5.5625,3.3125,0.974226,1.45511,1.1517,0.964103,nan,nan,1,1.00003,1,1,0
5.5625,3.4375,0.96146,1.5163,1.18587,0.946463,nan,nan,1,1.00003,1,1,0
5.5625,3.5625,0.944224,1.57296,1.2242,0.922795,nan,nan,1,1.00003,1,1,0
5.5625,3.6875,0.921897,1.62124,1.26625,0.892391,nan,nan,1,1.00003,1,1,0
5.5625,3.8125,0.894196,1.65713,1.31127,0.855079,nan,nan,1,1.00003,1,1,0
5.5625,3.9375,0.861351,1.67674,1.35827,0.811432,nan,nan,1,1.00003,1,1,0
5.5625,4.0625,0.824216,1.67663,1.40598,0.762882,nan,nan,1,1.00003,1,1,0
5.5625,4.1875,0.784304,1.65419,1.4529,0.711669,nan,nan,1,1.00003,1,1,0
5.5625,4.3125,0.743682,1.60795,1.49741,0.660605,nan,nan,1,1.00003,1,1,0
5.5625,4.4375,0.704769,1.53783,1.53783,0.612725,nan,nan,1,1.00003,1,1,0
5.5625,4.5625,0.670054,1.44529,1.57252,0.570892,nan,nan,1,1.00003,1,1,0
5.5625,4.6875,0.641822,1.33333,1.59999,0.537502,nan,nan,1,1.00003,1,1,0
5.5625,4.8125,0.621925,1.20635,1.61904,0.51432,nan,nan,1,1.00003,1,1,0
5.5625,4.9375,0.611651,1.06987,1.62879,0.502464,nan,nan,1,1.00003,1,1,0
5.5625,5.0625,0.611651,0.930135,1.62879,0.502464,nan,nan,1,1.00003,1,1,0
5.5625,5.1875,0.621925,0.793653,1.61904,0.51432,nan,nan,1,1.00003,1,1,0
5.5625,5.3125,0.641822,0.66667,1.59999,0.537502,nan,nan,1,1.00003,1,1,0
5.5625,5.4375,0.670054,0.554708,1.57252,0.570892,nan,nan,1,1.00003,1,1,0
5.5625,5.5625,0.704769,0.462168,1.53783,0.612725,nan,nan,1,1.00003,1,1,0
5.5625,5.6875,0.743682,0.392051,1.49741,0.660605,nan,nan,1,1.00003,1,1,0
5.5625,5.8125,0.784304,0.345812,1.4529,0.711669,nan,nan,1,1.00003,1,1,0
5.5625,5.9375,0.824216,0.323372,1.40598,0.762882,nan,nan,1,1.00003,1,1,0
5.5625,6.0625,0.861351,0.323262,1.35827,0.811432,nan,nan,1,1.00003,1,1,0
5.5625,6.1875,0.894196,0.342868,1.31127,0.855079,nan,nan,1,1.00003,1,1,0
5.5625,6.3125,0.921897,0.378759,1.26625,0.892391,nan,nan,1,1.00003,1,1,0
5.5625,6.4375,0.944224,0.42704,1.2242,0.922795,nan,nan,1,1.00003,1,1,0
5.5625,6.5625,0.96146,0.483695,1.18587,0.946463,nan,nan,1,1.00003,1,1,0
5.5625,6.6875,0.974226,0.544893,1.1517,0.964103,nan,nan,1,1.00003,1,1,0
5.5625,6.8125,0.983313,0.607223,1.1219,0.976716,nan,nan,1,1.00003,1,1,0
5.5625,6.9375,0.989538,0.667859,1.09643,0.985383,nan,nan,1,1.00003,1,1,0
5.5625,7.0625,0.993646,0.72464,1.0751,0.991116,nan,nan,1,1.00003,1,1,0
5.5625,7.1875,0.996262,0.776079,1.05758,0.994771,nan,nan,1,1.00003,1,1,0
5.5625,7.3125,0.997869,0.821317,1.04346,0.997018,nan,nan,1,1.00003,1,1,0
5.5625,7.4375,0.998823,0.860036,1.0323,0.998352,nan,nan,1,1.00003,1,1,0
5.5625,7.5625,0.99937,0.892349,1.02363,0.999118,nan,nan,1,1.00003,1,1,0
5.5625,7.6875,0.999673,0.91868,1.01702,0.999542,nan,nan,1,1.00003,1,1,0
5.5625,7.8125,0.999836,0.939653,1.01207,0.99977,nan,nan,1,1.00003,1,1,0
5.5625,7.9375,0.99992,0.955999,1.00843,0.999888,nan,nan,1,1.00003,1,1,0
5.5625,8.0625,0.999962,0.968472,1.00579,0.999947,nan,nan,1,1.00003,1,1,0
5.5625,8.1875,0.999983,0.977796,1.00392,0.999976,nan,nan,1,1.00003,1,1,0
5.5625,8.3125,0.999992,0.984629,1.00261,0.999989,nan,nan,1,1.00003,1,1,0
5.5625,8.4375,0.999997,0.989539,1.00171,0.999995,nan,nan,1,1.00003,1,1,0
5.5625,8.5625,0.999999,0.993,1.00111,0.999998,nan,nan,1,1.00003,1,1,0
5.5625,8.6875,0.999999,0.995395,1.0007,0.999999,nan,nan,1,1.00003,1,1,0
5.5625,8.8125,1,0.99702,1.00044,1,nan,nan,1,1.00003,1,1,0
5.5625,8.9375,1,0.998104,1.00027,1,nan,nan,1,1.00003,1,1,0
5.5625,9.0625,1,0.998814,1.00016,1,nan,nan,1,1.00003,1,1,0
5.5625,9.1875,1,0.99927,1.0001,1,nan,nan,1,1.00003,1,1,0
5.5625,9.3125,1,0.999558,1.00006,1,nan,nan,1,1.00003,1,1,0
5.5625,9.4375,1,0.999737,1.00003,1,nan,nan,1,1.00003,1,1,0
5.5625,9.5625,1,0.999846,1.00002,1,nan,nan,1,1.00003,1,1,0
5.5625,9.6875,1,0.999911,1.00001,1,nan,nan,1,1.00003,1,1,0
5.5625,9.8125,1,0.99995,1.00001,1,nan,nan,1,1.00003,1,1,0
5.5625,9.9375,1,0.999972,1,1,nan,nan,1,1.00003,1,1,0
5.6875,0.0625,1,1.00003,1,1,nan,nan,1,1.00003,1,1,0
5.6875,0.1875,1,1.00005,1.00001,1,nan,nan,1,1.00003,1,1,0
5.6875,0.3125,1,1.00008,1.00001,1,nan,nan,1,1.00003,1,1,0
5.6875,0.4375,1,1.00014,1.00002,1,nan,nan,1,1.00003,1,1,0
5.6875,0.5625,1,1.00024,1.00004,1,nan,nan,1,1.00003,1,1,0
5.6875,0.6875,1,1.00041,1.00007,1,nan,nan,1,1.00003,1,1,0
5.6875,0.8125,1,1.00068,1.00011,1,nan,nan,1,1.00003,1,1,0
5.6875,0.9375,1,1.0011,1.00019,1,nan,nan,1,1.00003,1,1,0
5.6875,1.0625,1,1.00175,1.00031,1,nan,nan,1,1.00003,1,1,0
5.6875,1.1875,1,1.00276,1.0005,1,nan,nan,1,1.00003,1,1,0
5.6875,1.3125,1,1.00426,1.00079,0.999999,nan,nan,1,1.00003,1,1,0
5.6875,1.4375,0.999999,1.00647,1.00125,0.999998,nan,nan,1,1.00003,1,1,0
5.6875,1.5625,0.999997,1.00967,1.00193,0.999996,nan,nan,1,1.00003,1,1,0
5.6875,1.6875,0.999993,1.01422,1.00295,0.999991,nan,nan,1,1.00003,1,1,0
5.6875,1.8125,0.999985,1.02054,1.00443,0.999979,nan,nan,1,1.00003,1,1,0
5.6875,1.9375,0.999968,1.02916,1.00655,0.999955,nan,nan,1,1.00003,1,1,0
5.6875,2.0625,0.999931,1.04069,1.00952,0.999904,nan,nan,1,1.00003,1,1,0
5.6875,2.1875,0.999859,1.05581,1.01364,0.999803,nan,nan,1,1.00003,1,1,0
5.6875,2.3125,0.99972,1.07521,1.01924,0.999608,nan,nan,1,1.00003,1,1,0
5.6875,2.4375,0.999461,1.09956,1.02671,0.999245,nan,nan,1,1.00003,1,1,0
5.6875,2.5625,0.998993,1.12945,1.03651,0.998591,nan,nan,1,1.00003,1,1,0
5.6875,2.6875,0.998177,1.16525,1.04913,0.997449,nan,nan,1,1.00003,1,1,0
5.6875,2.8125,0.996802,1.20709,1.06509,0.995526,nan,nan,1,1.00003,1,1,0
5.6875,2.9375,0.994564,1.25467,1.08489,0.992398,nan,nan,1,1.00003,1,1,0
5.6875,3.0625,0.991047,1.30718,1.109,0.987488,nan,nan,1,1.00003,1,1,0
5.6875,3.1875,0.985716,1.36326,1.13779,0.98006,nan,nan,1,1.00003,1,1,0
5.6875,3.3125,0.977929,1.42091,1.17148,0.969238,nan,nan,1,1.00003,1,1,0
5.6875,3.4375,0.966978,1.4775,1.2101,0.954077,nan,nan,1,1.00003,1,1,0
5.6875,3.5625,0.952174,1.5299,1.25343,0.93369,nan,nan,1,1.00003,1,1,0
5.6875,3.6875,0.93296,1.57455,1.30096,0.907419,nan,nan,1,1.00003,1,1,0
5.6875,3.8125,0.909064,1.60775,1.35185,0.875048,nan,nan,1,1.00003,1,1,0
5.6875,3.9375,0.880642,1.62588,1.40498,0.836988,nan,nan,1,1.00003,1,1,0
5.6875,4.0625,0.848389,1.62578,1.4589,0.794389,nan,nan,1,1.00003,1,1,0
5.6875,4.1875,0.813573,1.60503,1.51194,0.749127,nan,nan,1,1.00003,1,1,0
5.6875,4.3125,0.777966,1.56226,1.56226,0.703631,nan,nan,1,1.00003,1,1,0
5.6875,4.4375,0.743682,1.49741,1.60795,0.660605,nan,nan,1,1.00003,1,1,0
5.6875,4.5625,0.71294,1.41183,1.64716,0.622694,nan,nan,1,1.00003,1,1,0
5.6875,4.6875,0.687822,1.30828,1.67822,0.592198,nan,nan,1,1.00003,1,1,0
5.6875,4.8125,0.670054,1.19084,1.69975,0.570892,nan,nan,1,1.00003,1,1,0
5.6875,4.9375,0.660856,1.06461,1.71076,0.559951,nan,nan,1,1.00003,1,1,0
5.6875,5.0625,0.660856,0.935385,1.71076,0.559951,nan,nan,1,1.00003,1,1,0
5.6875,5.1875,0.670054,0.80916,1.69975,0.570892,nan,nan,1,1.00003,1,1,0
5.6875,5.3125,0.687822,0.69172,1.67822,0.592198,nan,nan,1,1.00003,1,1,0
5.6875,5.4375,0.71294,0.588172,1.64716,0.622694,nan,nan,1,1.00003,1,1,0
5.6875,5.5625,0.743682,0.502587,1.60795,0.660605,nan,nan,1,1.00003,1,1,0
5.6875,5.6875,0.777966,0.437739,1.56226,0.703631,nan,nan,1,1.00003,1,1,0
5.6875,5.8125,0.813573,0.394975,1.51194,0.749127,nan,nan,1,1.00003,1,1,0
5.6875,5.9375,0.848389,0.374222,1.4589,0.794389,nan,nan,1,1.00003,1,1,0
5.6875,6.0625,0.880642,0.374119,1.40498,0.836988,nan,nan,1,1.00003,1,1,0
5.6875,6.1875,0.909064,0.392252,1.35185,0.875048,nan,nan,1,1.00003,1,1,0
5.6875,6.3125,0.93296,0.425446,1.30096,0.907419,nan,nan,1,1.00003,1,1,0
5.6875,6.4375,0.952174,0.470099,1.25343,0.93369,nan,nan,1,1.00003,1,1,0
5.6875,6.5625,0.966978,0.522496,1.2101,0.954077,nan,nan,1,1.00003,1,1,0
5.6875,6.6875,0.977929,0.579095,1.17148,0.969238,nan,nan,1,1.00003,1,1,0
5.6875,6.8125,0.985716,0.636741,1.13779,0.98006,nan,nan,1,1.00003,1,1,0
5.6875,6.9375,0.991047,0.69282,1.109,0.987488,nan,nan,1,1.00003,1,1,0
5.6875,7.0625,0.994564,0.745334,1.08489,0.992398,nan,nan,1,1.00003,1,1,0
5.6875,7.1875,0.996802,0.792907,1.06509,0.995526,nan,nan,1,1.00003,1,1,0
5.6875,7.3125,0.998177,0.834745,1.04913,0.997449,nan,nan,1,1.00003,1,1,0
5.6875,7.4375,0.998993,0.870555,1.03651,0.998591,nan,nan,1,1.00003,1,1,0
5.6875,7.5625,0.999461,0.900439,1.02671,0.999245,nan,nan,1,1.00003,1,1,0
5.6875,7.6875,0.99972,0.924791,1.01924,0.999608,nan,nan,1,1.00003,1,1,0
5.6875,7.8125,0.999859,0.944188,1.01364,0.999803,nan,nan,1,1.00003,1,1,0
5.6875,7.9375,0.999931,0.959305,1.00952,0.999904,nan,nan,1,1.00003,1,1,0
5.6875,8.0625,0.999968,0.970841,1.00655,0.999955,nan,nan,1,1.00003,1,1,0
5.6875,8.1875,0.999985,0.979465,1.00443,0.999979,nan,nan,1,1.00003,1,1,0
5.6875,8.3125,0.999993,0.985784,1.00295,0.999991,nan,nan,1,1.00003,1,1,0
5.6875,8.4375,0.999997,0.990325,1.00193,0.999996,nan,nan,1,1.00003,1,1,0
5.6875,8.5625,0.999999,0.993526,1.00125,0.999998,nan,nan,1,1.00003,1,1,0
5.6875,8.6875,1,0.995741,1.00079,0.999999,nan,nan,1,1.00003,1,1,0
5.6875,8.8125,1,0.997244,1.0005,1,nan,nan,1,1.00003,1,1,0
5.6875,8.9375,1,0.998247,1.00031,1,nan,nan,1,1.00003,1,1,0
5.6875,9.0625,1,0.998903,1.00019,1,nan,nan,1,1.00003,1,1,0
5.6875,9.1875,1,0.999325,1.00011,1,nan,nan,1,1.00003,1,1,0
5.6875,9.3125,1,0.999591,1.00007,1,nan,nan,1,1.00003,1,1,0
5.6875,9.4375,1,0.999756,1.00004,1,nan,nan,1,1.00003,1,1,0
5.6875,9.5625,1,0.999857,1.00002,1,nan,nan,1,1.00003,1,1,0
5.6875,9.6875,1,0.999918,1.00001,1,nan,nan,1,1.00003,1,1,0
5.6875,9.8125,1,0.999953,1.00001,1,nan,nan,1,1.00003,1,1,0
5.6875,9.9375,1,0.999974,1,1,nan,nan,1,1.00003,1,1,0
5.8125,0.0625,1,1.00002,1,1,nan,nan,1,1.00002,1,1,0
5.8125,0.1875,1,1.00004,1.00001,1,nan,nan,1,1.00002,1,1,0
5.8125,0.3125,1,1.00007,1.00001,1,nan,nan,1,1.00002,1,1,0
5.8125,0.4375,1,1.00013,1.00002,1,nan,nan,1,1.00002,1,1,0
5.8125,0.5625,1,1.00022,1.00004,1,nan,nan,1,1.00002,1,1,0
5.8125,0.6875,1,1.00037,1.00007,1,nan,nan,1,1.00002,1,1,0
5.8125,0.8125,1,1.00061,1.00012,1,nan,nan,1,1.00002,1,1,0
5.8125,0.9375,1,1.001,1.0002,1,nan,nan,1,1.00002,1,1,0
5.8125,1.0625,1,1.0016,1.00033,1,nan,nan,1,1.00002,1,1,0
5.8125,1.1875,1,1.00251,1.00053,1,nan,nan,1,1.00002,1,1,0
5.8125,1.3125,1,1.00388,1.00085,0.999999,nan,nan,1,1.00002,1,1,0
5.8125,1.4375,0.999999,1.00589,1.00134,0.999999,nan,nan,1,1.00002,1,1,0
5.8125,1.5625,0.999998,1.00881,1.00208,0.999997,nan,nan,1,1.00002,1,1,0
5.8125,1.6875,0.999995,1.01294,1.00317,0.999992,nan,nan,1,1.00002,1,1,0
5.8125,1.8125,0.999988,1.0187,1.00477,0.999983,nan,nan,1,1.00002,1,1,0
5.8125,1.9375,0.999973,1.02655,1.00704,0.999962,nan,nan,1,1.00002,1,1,0
5.8125,2.0625,0.999943,1.03705,1.01025,0.99992,nan,nan,1,1.00002,1,1,0
5.8125,2.1875,0.999883,1.05082,1.01468,0.999837,nan,nan,1,1.00002,1,1,0
5.8125,2.3125,0.999768,1.06848,1.0207,0.999675,nan,nan,1,1.00002,1,1,0
5.8125,2.4375,0.999553,1.09065,1.02874,0.999374,nan,nan,1,1.00002,1,1,0
5.8125,2.5625,0.999165,1.11786,1.03929,0.998831,nan,nan,1,1.00002,1,1,0
5.8125,2.6875,0.998489,1.15047,1.05287,0.997885,nan,nan,1,1.00002,1,1,0
5.8125,2.8125,0.997348,1.18856,1.07004,0.99629,nan,nan,1,1.00002,1,1,0
5.8125,2.9375,0.995492,1.23188,1.09135,0.993695,nan,nan,1,1.00002,1,1,0
5.8125,3.0625,0.992574,1.27969,1.11729,0.989619,nan,nan,1,1.00002,1,1,0
5.8125,3.1875,0.988149,1.33075,1.14827,0.983449,nan,nan,1,1.00002,1,1,0
5.8125,3.3125,0.981682,1.38324,1.18452,0.974448,nan,nan,1,1.00002,1,1,0
5.8125,3.4375,0.972577,1.43477,1.22608,0.96182,nan,nan,1,1.00002,1,1,0
5.8125,3.5625,0.960251,1.48248,1.27271,0.944797,nan,nan,1,1.00002,1,1,0
5.8125,3.6875,0.944224,1.52314,1.32385,0.922795,nan,nan,1,1.00002,1,1,0
5.8125,3.8125,0.924243,1.55336,1.37862,0.895573,nan,nan,1,1.00002,1,1,0
5.8125,3.9375,0.900405,1.56987,1.43578,0.863403,nan,nan,1,1.00002,1,1,0
5.8125,4.0625,0.873255,1.56978,1.49381,0.827175,nan,nan,1,1.00002,1,1,0
5.8125,4.1875,0.84382,1.55088,1.55088,0.788406,nan,nan,1,1.00002,1,1,0
5.8125,4.3125,0.813573,1.51194,1.60503,0.749127,nan,nan,1,1.00002,1,1,0
5.8125,4.4375,0.784304,1.4529,1.65419,0.711669,nan,nan,1,1.00002,1,1,0
5.8125,4.5625,0.757929,1.37497,1.69638,0.67839,nan,nan,1,1.00002,1,1,0
5.8125,4.6875,0.736282,1.28069,1.7298,0.651421,nan,nan,1,1.00002,1,1,0
5.8125,4.8125,0.720914,1.17376,1.75297,0.632466,nan,nan,1,1.00002,1,1,0
5.8125,4.9375,0.71294,1.05883,1.76482,0.622694,nan,nan,1,1.00002,1,1,0
5.8125,5.0625,0.71294,0.941167,1.76482,0.622694,nan,nan,1,1.00002,1,1,0
5.8125,5.1875,0.720914,0.826239,1.75297,0.632466,nan,nan,1,1.00002,1,1,0
5.8125,5.3125,0.736282,0.719308,1.7298,0.651421,nan,nan,1,1.00002,1,1,0
5.8125,5.4375,0.757929,0.625026,1.69638,0.67839,nan,nan,1,1.00002,1,1,0
5.8125,5.5625,0.784304,0.5471,1.65419,0.711669,nan,nan,1,1.00002,1,1,0
5.8125,5.6875,0.813573,0.488055,1.60503,0.749127,nan,nan,1,1.00002,1,1,0
5.8125,5.8125,0.84382,0.449118,1.55088,0.788406,nan,nan,1,1.00002,1,1,0
5.8125,5.9375,0.873255,0.430222,1.49381,0.827175,nan,nan,1,1.00002,1,1,0
5.8125,6.0625,0.900405,0.430129,1.43578,0.863403,nan,nan,1,1.00002,1,1,0
5.8125,6.1875,0.924243,0.446639,1.37862,0.895573,nan,nan,1,1.00002,1,1,0
5.8125,6.3125,0.944224,0.476863,1.32385,0.922795,nan,nan,1,1.00002,1,1,0
5.8125,6.4375,0.960251,0.51752,1.27271,0.944797,nan,nan,1,1.00002,1,1,0
5.8125,6.5625,0.972577,0.565228,1.22608,0.96182,nan,nan,1,1.00002,1,1,0
5.8125,6.6875,0.981682,0.616761,1.18452,0.974448,nan,nan,1,1.00002,1,1,0
5.8125,6.8125,0.988149,0.669249,1.14827,0.983449,nan,nan,1,1.00002,1,1,0
5.8125,6.9375,0.992574,0.72031,1.11729,0.989619,nan,nan,1,1.00002,1,1,0
5.8125,7.0625,0.995492,0.768124,1.09135,0.993695,nan,nan,1,1.00002,1,1,0
5.8125,7.1875,0.997348,0.811439,1.07004,0.99629,nan,nan,1,1.00002,1,1,0
5.8125,7.3125,0.998489,0.849534,1.05287,0.997885,nan,nan,1,1.00002,1,1,0
5.8125,7.4375,0.999165,0.882139,1.03929,0.998831,nan,nan,1,1.00002,1,1,0
5.8125,7.5625,0.999553,0.909349,1.02874,0.999374,nan,nan,1,1.00002,1,1,0
5.8125,7.6875,0.999768,0.931521,1.0207,0.999675,nan,nan,1,1.00002,1,1,0
5.8125,7.8125,0.999883,0.949183,1.01468,0.999837,nan,nan,1,1.00002,1,1,0
5.8125,7.9375,0.999943,0.962947,1.01025,0.99992,nan,nan,1,1.00002,1,1,0
5.8125,8.0625,0.999973,0.97345,1.00704,0.999962,nan,nan,1,1.00002,1,1,0
5.8125,8.1875,0.999988,0.981302,1.00477,0.999983,nan,nan,1,1.00002,1,1,0
5.8125,8.3125,0.999995,0.987056,1.00317,0.999992,nan,nan,1,1.00002,1,1,0
5.8125,8.4375,0.999998,0.991191,1.00208,0.999997,nan,nan,1,1.00002,1,1,0
5.8125,8.5625,0.999999,0.994106,1.00134,0.999999,nan,nan,1,1.00002,1,1,0
5.8125,8.6875,1,0.996122,1.00085,0.999999,nan,nan,1,1.00002,1,1,0
5.8125,8.8125,1,0.997491,1.00053,1,nan,nan,1,1.00002,1,1,0
5.8125,8.9375,1,0.998403,1.00033,1,nan,nan,1,1.00002,1,1,0
5.8125,9.0625,1,0.999001,1.0002,1,nan,nan,1,1.00002,1,1,0
5.8125,9.1875,1,0.999385,1.00012,1,nan,nan,1,1.00002,1,1,0
5.8125,9.3125,1,0.999628,1.00007,1,nan,nan,1,1.00002,1,1,0
5.8125,9.4375,1,0.999778,1.00004,1,nan,nan,1,1.00002,1,1,0
5.8125,9.5625,1,0.99987,1.00002,1,nan,nan,1,1.00002,1,1,0
5.8125,9.6875,1,0.999925,1.00001,1,nan,nan,1,1.00002,1,1,0
5.8125,9.8125,1,0.999958,1.00001,1,nan,nan,1,1.00002,1,1,0
5.8125,9.9375,1,0.999976,1,1,nan,nan,1,1.00002,1,1,0
5.9375,0.0625,1,1.00002,1,1,nan,nan,1,1.00002,1,1,0
5.9375,0.1875,1,1.00004,1.00001,1,nan,nan,1,1.00002,1,1,0
5.9375,0.3125,1,1.00007,1.00001,1,nan,nan,1,1.00002,1,1,0
5.9375,0.4375,1,1.00012,1.00002,1,nan,nan,1,1.00002,1,1,0
5.9375,0.5625,1,1.0002,1.00004,1,nan,nan,1,1.00002,1,1,0
5.9375,0.6875,1,1.00033,1.00007,1,nan,nan,1,1.00002,1,1,0
5.9375,0.8125,1,1.00055,1.00012,1,nan,nan,1,1.00002,1,1,0
5.9375,0.9375,1,1.0009,1.00021,1,nan,nan,1,1.00002,1,1,0
5.9375,1.0625,1,1.00143,1.00034,1,nan,nan,1,1.00002,1,1,0
5.9375,1.1875,1,1.00225,1.00055,1,nan,nan,1,1.00002,1,1,0
5.9375,1.3125,1,1.00348,1.00088,1,nan,nan,1,1.00002,1,1,0
5.9375,1.4375,0.999999,1.00528,1.00139,0.999999,nan,nan,1,1.00002,1,1,0
5.9375,1.5625,0.999998,1.0079,1.00215,0.999997,nan,nan,1,1.00002,1,1,0
5.9375,1.6875,0.999996,1.0116,1.00328,0.999994,nan,nan,1,1.00002,1,1,0
5.9375,1.8125,0.99999,1.01676,1.00493,0.999986,nan,nan,1,1.00002,1,1,0
5.9375,1.9375,0.999978,1.0238,1.00729,0.99997,nan,nan,1,1.00002,1,1,0
5.9375,2.0625,0.999954,1.03321,1.0106,0.999936,nan,nan,1,1.00002,1,1,0
5.9375,2.1875,0.999906,1.04555,1.01518,0.999869,nan,nan,1,1.00002,1,1,0
5.9375,2.3125,0.999814,1.06138,1.02141,0.999739,nan,nan,1,1.00002,1,1,0
5.9375,2.4375,0.999641,1.08126,1.02973,0.999497,nan,nan,1,1.00002,1,1,0
5.9375,2.5625,0.999329,1.10565,1.04063,0.999061,nan,nan,1,1.00002,1,1,0
5.9375,2.6875,0.998786,1.13488,1.05468,0.9983,nan,nan,1,1.00002,1,1,0
5.9375,2.8125,0.997869,1.16902,1.07244,0.997018,nan,nan,1,1.00002,1,1,0
5.9375,2.9375,0.996377,1.20785,1.09448,0.994931,nan,nan,1,1.00002,1,1,0
5.9375,3.0625,0.994031,1.25071,1.12131,0.991653,nan,nan,1,1.00002,1,1,0
5.9375,3.1875,0.990471,1.29648,1.15335,0.986685,nan,nan,1,1.00002,1,1,0
5.9375,3.3125,0.985265,1.34353,1.19085,0.979431,nan,nan,1,1.00002,1,1,0
5.9375,3.4375,0.977929,1.38973,1.23384,0.969238,nan,nan,1,1.00002,1,1,0
5.9375,3.5625,0.967984,1.43249,1.28206,0.955467,nan,nan,1,1.00002,1,1,0
5.9375,3.6875,0.955031,1.46894,1.33496,0.937615,nan,nan,1,1.00002,1,1,0
5.9375,3.8125,0.938846,1.49603,1.3916,0.915444,nan,nan,1,1.00002,1,1,0
5.9375,3.9375,0.91948,1.51083,1.45073,0.889117,nan,nan,1,1.00002,1,1,0
5.9375,4.0625,0.897346,1.51075,1.51075,0.859299,nan,nan,1,1.00002,1,1,0
5.9375,4.1875,0.873255,1.49381,1.56978,0.827175,nan,nan,1,1.00002,1,1,0
5.9375,4.3125,0.848389,1.4589,1.62578,0.794389,nan,nan,1,1.00002,1,1,0
5.9375,4.4375,0.824216,1.40598,1.67663,0.762882,nan,nan,1,1.00002,1,1,0
5.9375,4.5625,0.802335,1.33612,1.72027,0.73468,nan,nan,1,1.00002,1,1,0
5.9375,4.6875,0.784304,1.25161,1.75483,0.711669,nan,nan,1,1.00002,1,1,0
5.9375,4.8125,0.771461,1.15576,1.77879,0.695407,nan,nan,1,1.00002,1,1,0
5.9375,4.9375,0.764782,1.05274,1.79106,0.686994,nan,nan,1,1.00002,1,1,0
5.9375,5.0625,0.764782,0.947263,1.79106,0.686994,nan,nan,1,1.00002,1,1,0
5.9375,5.1875,0.771461,0.844241,1.77879,0.695407,nan,nan,1,1.00002,1,1,0
5.9375,5.3125,0.784304,0.748389,1.75483,0.711669,nan,nan,1,1.00002,1,1,0
5.9375,5.4375,0.802335,0.663876,1.72027,0.73468,nan,nan,1,1.00002,1,1,0
5.9375,5.5625,0.824216,0.594023,1.67663,0.762882,nan,nan,1,1.00002,1,1,0
5.9375,5.6875,0.848389,0.541096,1.62578,0.794389,nan,nan,1,1.00002,1,1,0
5.9375,5.8125,0.873255,0.506193,1.56978,0.827175,nan,nan,1,1.00002,1,1,0
5.9375,5.9375,0.897346,0.489255,1.51075,0.859299,nan,nan,1,1.00002,1,1,0
5.9375,6.0625,0.91948,0.489171,1.45073,0.889117,nan,nan,1,1.00002,1,1,0
5.9375,6.1875,0.938846,0.503971,1.3916,0.915444,nan,nan,1,1.00002,1,1,0
5.9375,6.3125,0.955031,0.531063,1.33496,0.937615,nan,nan,1,1.00002,1,1,0
5.9375,6.4375,0.967984,0.567507,1.28206,0.955467,nan,nan,1,1.00002,1,1,0
5.9375,6.5625,0.977929,0.610273,1.23384,0.969238,nan,nan,1,1.00002,1,1,0
5.9375,6.6875,0.985265,0.656467,1.19085,0.979431,nan,nan,1,1.00002,1,1,0
5.9375,6.8125,0.990471,0.703516,1.15335,0.986685,nan,nan,1,1.00002,1,1,0
5.9375,6.9375,0.994031,0.749287,1.12131,0.991653,nan,nan,1,1.00002,1,1,0
5.9375,7.0625,0.996377,0.792147,1.09448,0.994931,nan,nan,1,1.00002,1,1,0
5.9375,7.1875,0.997869,0.830975,1.07244,0.997018,nan,nan,1,1.00002,1,1,0
5.9375,7.3125,0.998786,0.865123,1.05468,0.9983,nan,nan,1,1.00002,1,1,0
5.9375,7.4375,0.999329,0.89435,1.04063,0.999061,nan,nan,1,1.00002,1,1,0
5.9375,7.5625,0.999641,0.918741,1.02973,0.999497,nan,nan,1,1.00002,1,1,0
5.9375,7.6875,0.999814,0.938616,1.02141,0.999739,nan,nan,1,1.00002,1,1,0
5.9375,7.8125,0.999906,0.954448,1.01518,0.999869,nan,nan,1,1.00002,1,1,0
5.9375,7.9375,0.999954,0.966786,1.0106,0.999936,nan,nan,1,1.00002,1,1,0
5.9375,8.0625,0.999978,0.976201,1.00729,0.99997,nan,nan,1,1.00002,1,1,0
5.9375,8.1875,0.99999,0.98324,1.00493,0.999986,nan,nan,1,1.00002,1,1,0
5.9375,8.3125,0.999996,0.988397,1.00328,0.999994,nan,nan,1,1.00002,1,1,0
5.9375,8.4375,0.999998,0.992104,1.00215,0.999997,nan,nan,1,1.00002,1,1,0
5.9375,8.5625,0.999999,0.994716,1.00139,0.999999,nan,nan,1,1.00002,1,1,0
5.9375,8.6875,1,0.996524,1.00088,1,nan,nan,1,1.00002,1,1,0
5.9375,8.8125,1,0.997751,1.00055,1,nan,nan,1,1.00002,1,1,0
5.9375,8.9375,1,0.998569,1.00034,1,nan,nan,1,1.00002,1,1,0
5.9375,9.0625,1,0.999104,1.00021,1,nan,nan,1,1.00002,1,1,0
5.9375,9.1875,1,0.999449,1.00012,1,nan,nan,1,1.00002,1,1,0
5.9375,9.3125,1,0.999666,1.00007,1,nan,nan,1,1.00002,1,1,0
5.9375,9.4375,1,0.999801,1.00004,1,nan,nan,1,1.00002,1,1,0
5.9375,9.5625,1,0.999884,1.00002,1,nan,nan,1,1.00002,1,1,0
5.9375,9.6875,1,0.999933,1.00001,1,nan,nan,1,1.00002,1,1,0
5.9375,9.8125,1,0.999962,1.00001,1,nan,nan,1,1.00002,1,1,0
5.9375,9.9375,1,0.999979,1,1,nan,nan,1,1.00002,1,1,0
6.0625,0.0625,1,1.00002,1,1,nan,nan,1,1.00002,1,1,0
6.0625,0.1875,1,1.00003,1.00001,1,nan,nan,1,1.00002,1,1,0
6.0625,0.3125,1,1.00006,1.00001,1,nan,nan,1,1.00002,1,1,0
6.0625,0.4375,1,1.0001,1.00002,1,nan,nan,1,1.00002,1,1,0
6.0625,0.5625,1,1.00018,1.00004,1,nan,nan,1,1.00002,1,1,0
6.0625,0.6875,1,1.00029,1.00007,1,nan,nan,1,1.00002,1,1,0
6.0625,0.8125,1,1.00049,1.00012,1,nan,nan,1,1.00002,1,1,0
6.0625,0.9375,1,1.00079,1.00021,1,nan,nan,1,1.00002,1,1,0
6.0625,1.0625,1,1.00126,1.00034,1,nan,nan,1,1.00002,1,1,0
6.0625,1.1875,1,1.00198,1.00055,1,nan,nan,1,1.00002,1,1,0
6.0625,1.3125,1,1.00307,1.00088,1,nan,nan,1,1.00002,1,1,0
6.0625,1.4375,0.999999,1.00466,1.00139,0.999999,nan,nan,1,1.00002,1,1,0
6.0625,1.5625,0.999999,1.00697,1.00215,0.999998,nan,nan,1,1.00002,1,1,0
6.0625,1.6875,0.999997,1.01024,1.00328,0.999995,nan,nan,1,1.00002,1,1,0
6.0625,1.8125,0.999992,1.01479,1.00493,0.999989,nan,nan,1,1.00002,1,1,0
6.0625,1.9375,0.999983,1.021,1.00729,0.999976,nan,nan,1,1.00002,1,1,0
6.0625,2.0625,0.999964,1.02931,1.0106,0.99995,nan,nan,1,1.00002,1,1,0
6.0625,2.1875,0.999927,1.0402,1.01519,0.999898,nan,nan,1,1.00002,1,1,0
6.0625,2.3125,0.999855,1.05417,1.02142,0.999797,nan,nan,1,1.00002,1,1,0
6.0625,2.4375,0.99972,1.07171,1.02973,0.999608,nan,nan,1,1.00002,1,1,0
6.0625,2.5625,0.999478,1.09324,1.04064,0.999269,nan,nan,1,1.00002,1,1,0
6.0625,2.6875,0.999054,1.11903,1.05469,0.998676,nan,nan,1,1.00002,1,1,0
6.0625,2.8125,0.99834,1.14916,1.07245,0.997677,nan,nan,1,1.00002,1,1,0
6.0625,2.9375,0.997178,1.18343,1.09449,0.996051,nan,nan,1,1.00002,1,1,0
6.0625,3.0625,0.995349,1.22125,1.12133,0.993495,nan,nan,1,1.00002,1,1,0
6.0625,3.1875,0.992574,1.26165,1.15338,0.989619,nan,nan,1,1.00002,1,1,0
6.0625,3.3125,0.988513,1.30317,1.19088,0.983955,nan,nan,1,1.00002,1,1,0
6.0625,3.4375,0.982786,1.34393,1.23387,0.975983,nan,nan,1,1.00002,1,1,0
6.0625,3.5625,0.975012,1.38167,1.28211,0.965193,nan,nan,1,1.00002,1,1,0
6.0625,3.6875,0.964872,1.41384,1.33501,0.951168,nan,nan,1,1.00002,1,1,0
6.0625,3.8125,0.952174,1.43774,1.39167,0.93369,nan,nan,1,1.00002,1,1,0
6.0625,3.9375,0.936942,1.4508,1.4508,0.912847,nan,nan,1,1.00002,1,1,0
6.0625,4.0625,0.91948,1.45073,1.51083,0.889117,nan,nan,1,1.00002,1,1,0
6.0625,4.1875,0.900405,1.43578,1.56987,0.863403,nan,nan,1,1.00002,1,1,0
6.0625,4.3125,0.880642,1.40498,1.62588,0.836988,nan,nan,1,1.00002,1,1,0
6.0625,4.4375,0.861351,1.35827,1.67674,0.811432,nan,nan,1,1.00002,1,1,0
6.0625,4.5625,0.84382,1.29663,1.72038,0.788406,nan,nan,1,1.00002,1,1,0
6.0625,4.6875,0.829322,1.22205,1.75496,0.769507,nan,nan,1,1.00002,1,1,0
6.0625,4.8125,0.818967,1.13746,1.77892,0.75609,nan,nan,1,1.00002,1,1,0
6.0625,4.9375,0.813573,1.04654,1.79119,0.749127,nan,nan,1,1.00002,1,1,0
6.0625,5.0625,0.813573,0.95346,1.79119,0.749127,nan,nan,1,1.00002,1,1,0
6.0625,5.1875,0.818967,0.862543,1.77892,0.75609,nan,nan,1,1.00002,1,1,0
6.0625,5.3125,0.829322,0.777954,1.75496,0.769507,nan,nan,1,1.00002,1,1,0
6.0625,5.4375,0.84382,0.703371,1.72038,0.788406,nan,nan,1,1.00002,1,1,0
6.0625,5.5625,0.861351,0.641727,1.67674,0.811432,nan,nan,1,1.00002,1,1,0
6.0625,5.6875,0.880642,0.595018,1.62588,0.836988,nan,nan,1,1.00002,1,1,0
6.0625,5.8125,0.900405,0.564217,1.56987,0.863403,nan,nan,1,1.00002,1,1,0
6.0625,5.9375,0.91948,0.549269,1.51083,0.889117,nan,nan,1,1.00002,1,1,0
6.0625,6.0625,0.936942,0.549195,1.4508,0.912847,nan,nan,1,1.00002,1,1,0
6.0625,6.1875,0.952174,0.562256,1.39167,0.93369,nan,nan,1,1.00002,1,1,0
6.0625,6.3125,0.964872,0.586164,1.33501,0.951168,nan,nan,1,1.00002,1,1,0
6.0625,6.4375,0.975012,0.618327,1.28211,0.965193,nan,nan,1,1.00002,1,1,0
6.0625,6.5625,0.982786,0.656067,1.23387,0.975983,nan,nan,1,1.00002,1,1,0
6.0625,6.6875,0.988513,0.696833,1.19088,0.983955,nan,nan,1,1.00002,1,1,0
6.0625,6.8125,0.992574,0.738354,1.15338,0.989619,nan,nan,1,1.00002,1,1,0
6.0625,6.9375,0.995349,0.778747,1.12133,0.993495,nan,nan,1,1.00002,1,1,0
6.0625,7.0625,0.997178,0.816571,1.09449,0.996051,nan,nan,1,1.00002,1,1,0
6.0625,7.1875,0.99834,0.850836,1.07245,0.997677,nan,nan,1,1.00002,1,1,0
6.0625,7.3125,0.999054,0.880971,1.05469,0.998676,nan,nan,1,1.00002,1,1,0
6.0625,7.4375,0.999478,0.906764,1.04064,0.999269,nan,nan,1,1.00002,1,1,0
6.0625,7.5625,0.99972,0.928289,1.02973,0.999608,nan,nan,1,1.00002,1,1,0
6.0625,7.6875,0.999855,0.945829,1.02142,0.999797,nan,nan,1,1.00002,1,1,0
6.0625,7.8125,0.999927,0.9598,1.01519,0.999898,nan,nan,1,1.00002,1,1,0
6.0625,7.9375,0.999964,0.970689,1.0106,0.99995,nan,nan,1,1.00002,1,1,0
6.0625,8.0625,0.999983,0.978998,1.00729,0.999976,nan,nan,1,1.00002,1,1,0
6.0625,8.1875,0.999992,0.985209,1.00493,0.999989,nan,nan,1,1.00002,1,1,0
6.0625,8.3125,0.999997,0.989761,1.00328,0.999995,nan,nan,1,1.00002,1,1,0
6.0625,8.4375,0.999999,0.993031,1.00215,0.999998,nan,nan,1,1.00002,1,1,0
6.0625,8.5625,0.999999,0.995337,1.00139,0.999999,nan,nan,1,1.00002,1,1,0
6.0625,8.6875,1,0.996932,1.00088,1,nan,nan,1,1.00002,1,1,0
6.0625,8.8125,1,0.998015,1.00055,1,nan,nan,1,1.00002,1,1,0
6.0625,8.9375,1,0.998737,1.00034,1,nan,nan,1,1.00002,1,1,0
6.0625,9.0625,1,0.99921,1.00021,1,nan,nan,1,1.00002,1,1,0
6.0625,9.1875,1,0.999514,1.00012,1,nan,nan,1,1.00002,1,1,0
6.0625,9.3125,1,0.999705,1.00007,1,nan,nan,1,1.00002,1,1,0
6.0625,9.4375,1,0.999825,1.00004,1,nan,nan,1,1.00002,1,1,0
6.0625,9.5625,1,0.999897,1.00002,1,nan,nan,1,1.00002,1,1,0
6.0625,9.6875,1,0.999941,1.00001,1,nan,nan,1,1.00002,1,1,0
6.0625,9.8125,1,0.999966,1.00001,1,nan,nan,1,1.00002,1,1,0
6.0625,9.9375,1,0.999981,1,1,nan,nan,1,1.00002,1,1,0
6.1875,0.0625,1,1.00002,1,1,nan,nan,1,1.00002,1,1,0
6.1875,0.1875,1,1.00003,1.00001,1,nan,nan,1,1.00002,1,1,0
6.1875,0.3125,1,1.00005,1.00001,1,nan,nan,1,1.00002,1,1,0
6.1875,0.4375,1,1.00009,1.00002,1,nan,nan,1,1.00002,1,1,0
6.1875,0.5625,1,1.00015,1.00004,1,nan,nan,1,1.00002,1,1,0
6.1875,0.6875,1,1.00026,1.00007,1,nan,nan,1,1.00002,1,1,0
6.1875,0.8125,1,1.00042,1.00012,1,nan,nan,1,1.00002,1,1,0
6.1875,0.9375,1,1.00069,1.0002,1,nan,nan,1,1.00002,1,1,0
6.1875,1.0625,1,1.0011,1.00033,1,nan,nan,1,1.00002,1,1,0
6.1875,1.1875,1,1.00172,1.00054,1,nan,nan,1,1.00002,1,1,0
6.1875,1.3125,1,1.00267,1.00086,1,nan,nan,1,1.00002,1,1,0
6.1875,1.4375,1,1.00405,1.00135,0.999999,nan,nan,1,1.00002,1,1,0
6.1875,1.5625,0.999999,1.00605,1.00209,0.999998,nan,nan,1,1.00002,1,1,0
6.1875,1.6875,0.999997,1.0089,1.00319,0.999996,nan,nan,1,1.00002,1,1,0
6.1875,1.8125,0.999994,1.01285,1.00479,0.999992,nan,nan,1,1.00002,1,1,0
6.1875,1.9375,0.999987,1.01825,1.00708,0.999982,nan,nan,1,1.00002,1,1,0
6.1875,2.0625,0.999973,1.02547,1.01029,0.999962,nan,nan,1,1.00002,1,1,0
6.1875,2.1875,0.999945,1.03493,1.01475,0.999923,nan,nan,1,1.00002,1,1,0
6.1875,2.3125,0.99989,1.04706,1.0208,0.999847,nan,nan,1,1.00002,1,1,0
6.1875,2.4375,0.999789,1.0623,1.02887,0.999704,nan,nan,1,1.00002,1,1,0
6.1875,2.5625,0.999606,1.081,1.03946,0.999448,nan,nan,1,1.00002,1,1,0
6.1875,2.6875,0.999286,1.10341,1.0531,0.999,nan,nan,1,1.00002,1,1,0
6.1875,2.8125,0.998747,1.1296,1.07035,0.998246,nan,nan,1,1.00002,1,1,0
6.1875,2.9375,0.997869,1.15937,1.09176,0.997018,nan,nan,1,1.00002,1,1,0
6.1875,3.0625,0.996488,1.19223,1.11782,0.995087,nan,nan,1,1.00002,1,1,0
6.1875,3.1875,0.994392,1.22732,1.14894,0.992157,nan,nan,1,1.00002,1,1,0
6.1875,3.3125,0.991322,1.2634,1.18535,0.987871,nan,nan,1,1.00002,1,1,0
6.1875,3.4375,0.986989,1.29881,1.2271,0.981833,nan,nan,1,1.00002,1,1,0
6.1875,3.5625,0.981103,1.3316,1.27393,0.973645,nan,nan,1,1.00002,1,1,0
6.1875,3.6875,0.973414,1.35955,1.3253,0.962979,nan,nan,1,1.00002,1,1,0
6.1875,3.8125,0.963769,1.38032,1.38032,0.949647,nan,nan,1,1.00002,1,1,0
6.1875,3.9375,0.952174,1.39167,1.43774,0.93369,nan,nan,1,1.00002,1,1,0
6.1875,4.0625,0.938846,1.3916,1.49603,0.915444,nan,nan,1,1.00002,1,1,0
6.1875,4.1875,0.924243,1.37862,1.55336,0.895573,nan,nan,1,1.00002,1,1,0
6.1875,4.3125,0.909064,1.35185,1.60775,0.875048,nan,nan,1,1.00002,1,1,0
6.1875,4.4375,0.894196,1.31127,1.65713,0.855079,nan,nan,1,1.00002,1,1,0
6.1875,4.5625,0.880642,1.25772,1.69951,0.836988,nan,nan,1,1.00002,1,1,0
6.1875,4.6875,0.869399,1.19292,1.73308,0.822067,nan,nan,1,1.00002,1,1,0
6.1875,4.8125,0.861351,1.11942,1.75635,0.811432,nan,nan,1,1.00002,1,1,0
6.1875,4.9375,0.857152,1.04044,1.76827,0.805899,nan,nan,1,1.00002,1,1,0
6.1875,5.0625,0.857152,0.959565,1.76827,0.805899,nan,nan,1,1.00002,1,1,0
6.1875,5.1875,0.861351,0.880576,1.75635,0.811432,nan,nan,1,1.00002,1,1,0
6.1875,5.3125,0.869399,0.807083,1.73308,0.822067,nan,nan,1,1.00002,1,1,0
6.1875,5.4375,0.880642,0.742284,1.69951,0.836988,nan,nan,1,1.00002,1,1,0
6.1875,5.5625,0.894196,0.688727,1.65713,0.855079,nan,nan,1,1.00002,1,1,0
6.1875,5.6875,0.909064,0.648146,1.60775,0.875048,nan,nan,1,1.00002,1,1,0
6.1875,5.8125,0.924243,0.621385,1.55336,0.895573,nan,nan,1,1.00002,1,1,0
6.1875,5.9375,0.938846,0.608398,1.49603,0.915444,nan,nan,1,1.00002,1,1,0
6.1875,6.0625,0.952174,0.608334,1.43774,0.93369,nan,nan,1,1.00002,1,1,0
6.1875,6.1875,0.963769,0.619681,1.38032,0.949647,nan,nan,1,1.00002,1,1,0
6.1875,6.3125,0.973414,0.640453,1.3253,0.962979,nan,nan,1,1.00002,1,1,0
6.1875,6.4375,0.981103,0.668396,1.27393,0.973645,nan,nan,1,1.00002,1,1,0
6.1875,6.5625,0.986989,0.701186,1.2271,0.981833,nan,nan,1,1.00002,1,1,0
6.1875,6.6875,0.991322,0.736604,1.18535,0.987871,nan,nan,1,1.00002,1,1,0
6.1875,6.8125,0.994392,0.772678,1.14894,0.992157,nan,nan,1,1.00002,1,1,0
6.1875,6.9375,0.996488,0.807772,1.11782,0.995087,nan,nan,1,1.00002,1,1,0
6.1875,7.0625,0.997869,0.840634,1.09176,0.997018,nan,nan,1,1.00002,1,1,0
6.1875,7.1875,0.998747,0.870404,1.07035,0.998246,nan,nan,1,1.00002,1,1,0
6.1875,7.3125,0.999286,0.896586,1.0531,0.999,nan,nan,1,1.00002,1,1,0
6.1875,7.4375,0.999606,0.918995,1.03946,0.999448,nan,nan,1,1.00002,1,1,0
6.1875,7.5625,0.999789,0.937696,1.02887,0.999704,nan,nan,1,1.00002,1,1,0
6.1875,7.6875,0.99989,0.952935,1.0208,0.999847,nan,nan,1,1.00002,1,1,0
6.1875,7.8125,0.999945,0.965074,1.01475,0.999923,nan,nan,1,1.00002,1,1,0
6.1875,7.9375,0.999973,0.974534,1.01029,0.999962,nan,nan,1,1.00002,1,1,0
6.1875,8.0625,0.999987,0.981753,1.00708,0.999982,nan,nan,1,1.00002,1,1,0
6.1875,8.1875,0.999994,0.987149,1.00479,0.999992,nan,nan,1,1.00002,1,1,0
6.1875,8.3125,0.999997,0.991104,1.00319,0.999996,nan,nan,1,1.00002,1,1,0
6.1875,8.4375,0.999999,0.993946,1.00209,0.999998,nan,nan,1,1.00002,1,1,0
6.1875,8.5625,1,0.995949,1.00135,0.999999,nan,nan,1,1.00002,1,1,0
6.1875,8.6875,1,0.997335,1.00086,1,nan,nan,1,1.00002,1,1,0
6.1875,8.8125,1,0.998275,1.00054,1,nan,nan,1,1.00002,1,1,0
6.1875,8.9375,1,0.998903,1.00033,1,nan,nan,1,1.00002,1,1,0
6.1875,9.0625,1,0.999313,1.0002,1,nan,nan,1,1.00002,1,1,0
6.1875,9.1875,1,0.999577,1.00012,1,nan,nan,1,1.00002,1,1,0
6.1875,9.3125,1,0.999744,1.00007,1,nan,nan,1,1.00002,1,1,0
6.1875,9.4375,1,0.999848,1.00004,1,nan,nan,1,1.00002,1,1,0
6.1875,9.5625,1,0.999911,1.00002,1,nan,nan,1,1.00002,1,1,0
6.1875,9.6875,1,0.999949,1.00001,1,nan,nan,1,1.00002,1,1,0
6.1875,9.8125,1,0.999971,1.00001,1,nan,nan,1,1.00002,1,1,0
6.1875,9.9375,1,0.999984,1,1,nan,nan,1,1.00002,1,1,0
6.3125,0.0625,1,1.00001,1,1,nan,nan,1,1.00002,1,1,0
6.3125,0.1875,1,1.00002,1.00001,1,nan,nan,1,1.00002,1,1,0
6.3125,0.3125,1,1.00004,1.00001,1,nan,nan,1,1.00002,1,1,0
6.3125,0.4375,1,1.00008,1.00002,1,nan,nan,1,1.00002,1,1,0
6.3125,0.5625,1,1.00013,1.00004,1,nan,nan,1,1.00002,1,1,0
6.3125,0.6875,1,1.00022,1.00007,1,nan,nan,1,1.00002,1,1,0
6.3125,0.8125,1,1.00036,1.00011,1,nan,nan,1,1.00002,1,1,0
6.3125,0.9375,1,1.00059,1.00019,1,nan,nan,1,1.00002,1,1,0
6.3125,1.0625,1,1.00094,1.00031,1,nan,nan,1,1.00002,1,1,0
6.3125,1.1875,1,1.00148,1.00051,1,nan,nan,1,1.00002,1,1,0
6.3125,1.3125,1,1.00228,1.00081,1,nan,nan,1,1.00002,1,1,0
6.3125,1.4375,1,1.00347,1.00128,1,nan,nan,1,1.00002,1,1,0
6.3125,1.5625,0.999999,1.00518,1.00198,0.999999,nan,nan,1,1.00002,1,1,0
6.3125,1.6875,0.999998,1.00761,1.00301,0.999997,nan,nan,1,1.00002,1,1,0
6.3125,1.8125,0.999996,1.01099,1.00453,0.999994,nan,nan,1,1.00002,1,1,0
6.3125,1.9375,0.999991,1.01561,1.00669,0.999987,nan,nan,1,1.00002,1,1,0
6.3125,2.0625,0.99998,1.02178,1.00973,0.999973,nan,nan,1,1.00002,1,1,0
6.3125,2.1875,0.99996,1.02987,1.01394,0.999944,nan,nan,1,1.00002,1,1,0
6.3125,2.3125,0.99992,1.04026,1.01966,0.999888,nan,nan,1,1.00002,1,1,0
6.3125,2.4375,0.999846,1.05329,1.0273,0.999784,nan,nan,1,1.00002,1,1,0
6.3125,2.5625,0.999711,1.06929,1.03731,0.999596,nan,nan,1,1.00002,1,1,0
6.3125,2.6875,0.999478,1.08845,1.0502,0.999269,nan,nan,1,1.00002,1,1,0
6.3125,2.8125,0.999083,1.11085,1.06651,0.998717,nan,nan,1,1.00002,1,1,0
6.3125,2.9375,0.998441,1.13631,1.08674,0.997818,nan,nan,1,1.00002,1,1,0
6.3125,3.0625,0.99743,1.16442,1.11138,0.996404,nan,nan,1,1.00002,1,1,0
6.3125,3.1875,0.995895,1.19444,1.1408,0.994258,nan,nan,1,1.00002,1,1,0
6.3125,3.3125,0.993646,1.22529,1.17523,0.991116,nan,nan,1,1.00002,1,1,0
6.3125,3.4375,0.990471,1.25559,1.2147,0.986685,nan,nan,1,1.00002,1,1,0
6.3125,3.5625,0.986154,1.28364,1.25897,0.980669,nan,nan,1,1.00002,1,1,0
6.3125,3.6875,0.980507,1.30754,1.30754,0.972817,nan,nan,1,1.00002,1,1,0
6.3125,3.8125,0.973414,1.3253,1.35955,0.962979,nan,nan,1,1.00002,1,1,0
6.3125,3.9375,0.964872,1.33501,1.41384,0.951168,nan,nan,1,1.00002,1,1,0
6.3125,4.0625,0.955031,1.33496,1.46894,0.937615,nan,nan,1,1.00002,1,1,0
6.3125,4.1875,0.944224,1.32385,1.52314,0.922795,nan,nan,1,1.00002,1,1,0
6.3125,4.3125,0.93296,1.30096,1.57455,0.907419,nan,nan,1,1.00002,1,1,0
6.3125,4.4375,0.921897,1.26625,1.62124,0.892391,nan,nan,1,1.00002,1,1,0
6.3125,4.5625,0.911784,1.22044,1.66131,0.878716,nan,nan,1,1.00002,1,1,0
6.3125,4.6875,0.903377,1.16501,1.69304,0.867394,nan,nan,1,1.00002,1,1,0
6.3125,4.8125,0.897346,1.10215,1.71504,0.859299,nan,nan,1,1.00002,1,1,0
6.3125,4.9375,0.894196,1.03459,1.7263,0.855079,nan,nan,1,1.00002,1,1,0
6.3125,5.0625,0.894196,0.965414,1.7263,0.855079,nan,nan,1,1.00002,1,1,0
6.3125,5.1875,0.897346,0.897851,1.71504,0.859299,nan,nan,1,1.00002,1,1,0
6.3125,5.3125,0.903377,0.83499,1.69304,0.867394,nan,nan,1,1.00002,1,1,0
6.3125,5.4375,0.911784,0.779564,1.66131,0.878716,nan,nan,1,1.00002,1,1,0
6.3125,5.5625,0.921897,0.733754,1.62124,0.892391,nan,nan,1,1.00002,1,1,0
6.3125,5.6875,0.93296,0.699043,1.57455,0.907419,nan,nan,1,1.00002,1,1,0
6.3125,5.8125,0.944224,0.676153,1.52314,0.922795,nan,nan,1,1.00002,1,1,0
6.3125,5.9375,0.955031,0.665045,1.46894,0.937615,nan,nan,1,1.00002,1,1,0
6.3125,6.0625,0.964872,0.66499,1.41384,0.951168,nan,nan,1,1.00002,1,1,0
6.3125,6.1875,0.973414,0.674696,1.35955,0.962979,nan,nan,1,1.00002,1,1,0
6.3125,6.3125,0.980507,0.692464,1.30754,0.972817,nan,nan,1,1.00002,1,1,0
6.3125,6.4375,0.986154,0.716364,1.25897,0.980669,nan,nan,1,1.00002,1,1,0
6.3125,6.5625,0.990471,0.744411,1.2147,0.986685,nan,nan,1,1.00002,1,1,0
6.3125,6.6875,0.993646,0.774706,1.17523,0.991116,nan,nan,1,1.00002,1,1,0
6.3125,6.8125,0.995895,0.805561,1.1408,0.994258,nan,nan,1,1.00002,1,1,0
6.3125,6.9375,0.99743,0.835578,1.11138,0.996404,nan,nan,1,1.00002,1,1,0
6.3125,7.0625,0.998441,0.863687,1.08674,0.997818,nan,nan,1,1.00002,1,1,0
6.3125,7.1875,0.999083,0.889151,1.06651,0.998717,nan,nan,1,1.00002,1,1,0
6.3125,7.3125,0.999478,0.911545,1.0502,0.999269,nan,nan,1,1.00002,1,1,0
6.3125,7.4375,0.999711,0.930713,1.03731,0.999596,nan,nan,1,1.00002,1,1,0
6.3125,7.5625,0.999846,0.946709,1.0273,0.999784,nan,nan,1,1.00002,1,1,0
6.3125,7.6875,0.99992,0.959744,1.01966,0.999888,nan,nan,1,1.00002,1,1,0
6.3125,7.8125,0.99996,0.970126,1.01394,0.999944,nan,nan,1,1.00002,1,1,0
6.3125,7.9375,0.99998,0.978218,1.00973,0.999973,nan,nan,1,1.00002,1,1,0
6.3125,8.0625,0.999991,0.984392,1.00669,0.999987,nan,nan,1,1.00002,1,1,0
6.3125,8.1875,0.999996,0.989008,1.00453,0.999994,nan,nan,1,1.00002,1,1,0
6.3125,8.3125,0.999998,0.992391,1.00301,0.999997,nan,nan,1,1.00002,1,1,0
6.3125,8.4375,0.999999,0.994821,1.00198,0.999999,nan,nan,1,1.00002,1,1,0
6.3125,8.5625,1,0.996535,1.00128,1,nan,nan,1,1.00002,1,1,0
6.3125,8.6875,1,0.99772,1.00081,1,nan,nan,1,1.00002,1,1,0
6.3125,8.8125,1,0.998525,1.00051,1,nan,nan,1,1.00002,1,1,0
6.3125,8.9375,1,0.999061,1.00031,1,nan,nan,1,1.00002,1,1,0
6.3125,9.0625,1,0.999413,1.00019,1,nan,nan,1,1.00002,1,1,0
6.3125,9.1875,1,0.999638,1.00011,1,nan,nan,1,1.00002,1,1,0
6.3125,9.3125,1,0.999781,1.00007,1,nan,nan,1,1.00002,1,1,0
6.3125,9.4375,1,0.99987,1.00004,1,nan,nan,1,1.00002,1,1,0
6.3125,9.5625,1,0.999924,1.00002,1,nan,nan,1,1.00002,1,1,0
6.3125,9.6875,1,0.999956,1.00001,1,nan,nan,1,1.00002,1,1,0
6.3125,9.8125,1,0.999975,1.00001,1,nan,nan,1,1.00002,1,1,0
6.3125,9.9375,1,0.999986,1,1,nan,nan,1,1.00002,1,1,0
6.4375,0.0625,1,1.00001,1,1,nan,nan,1,1.00002,1,1,0
6.4375,0.1875,1,1.00002,1.00001,1,nan,nan,1,1.00002,1,1,0
6.4375,0.3125,1,1.00004,1.00001,1,nan,nan,1,1.00002,1,1,0
6.4375,0.4375,1,1.00006,1.00002,1,nan,nan,1,1.00002,1,1,0
6.4375,0.5625,1,1.00011,1.00004,1,nan,nan,1,1.00002,1,1,0
6.4375,0.6875,1,1.00018,1.00006,1,nan,nan,1,1.00002,1,1,0
6.4375,0.8125,1,1.0003,1.0001,1,nan,nan,1,1.00002,1,1,0
6.4375,0.9375,1,1.00049,1.00018,1,nan,nan,1,1.00002,1,1,0
6.4375,1.0625,1,1.00079,1.00029,1,nan,nan,1,1.00002,1,1,0
6.4375,1.1875,1,1.00124,1.00047,1,nan,nan,1,1.00002,1,1,0
6.4375,1.3125,1,1.00192,1.00075,1,nan,nan,1,1.00002,1,1,0
6.4375,1.4375,1,1.00292,1.00118,1,nan,nan,1,1.00002,1,1,0
6.4375,1.5625,0.999999,1.00436,1.00182,0.999999,nan,nan,1,1.00002,1,1,0
6.4375,1.6875,0.999999,1.00641,1.00278,0.999998,nan,nan,1,1.00002,1,1,0
6.4375,1.8125,0.999997,1.00926,1.00417,0.999996,nan,nan,1,1.00002,1,1,0
6.4375,1.9375,0.999993,1.01314,1.00617,0.999991,nan,nan,1,1.00002,1,1,0
6.4375,2.0625,0.999986,1.01834,1.00898,0.999981,nan,nan,1,1.00002,1,1,0
6.4375,2.1875,0.999971,1.02516,1.01286,0.99996,nan,nan,1,1.00002,1,1,0
6.4375,2.3125,0.999943,1.0339,1.01813,0.99992,nan,nan,1,1.00002,1,1,0
6.4375,2.4375,0.99989,1.04488,1.02517,0.999847,nan,nan,1,1.00002,1,1,0
6.4375,2.5625,0.999795,1.05835,1.03441,0.999714,nan,nan,1,1.00002,1,1,0
6.4375,2.6875,0.99963,1.07449,1.0463,0.999481,nan,nan,1,1.00002,1,1,0
6.4375,2.8125,0.99935,1.09334,1.06134,0.99909,nan,nan,1,1.00002,1,1,0
6.4375,2.9375,0.998894,1.11479,1.08,0.998452,nan,nan,1,1.00002,1,1,0
6.4375,3.0625,0.998177,1.13846,1.10273,0.997449,nan,nan,1,1.00002,1,1,0
6.4375,3.1875,0.997088,1.16373,1.12986,0.995926,nan,nan,1,1.00002,1,1,0
6.4375,3.3125,0.995492,1.18972,1.16161,0.993695,nan,nan,1,1.00002,1,1,0
6.4375,3.4375,0.993237,1.21523,1.19801,0.990545,nan,nan,1,1.00002,1,1,0
6.4375,3.5625,0.99017,1.23885,1.23885,0.986264,nan,nan,1,1.00002,1,1,0
6.4375,3.6875,0.986154,1.25897,1.28364,0.980669,nan,nan,1,1.00002,1,1,0
6.4375,3.8125,0.981103,1.27393,1.3316,0.973645,nan,nan,1,1.00002,1,1,0
6.4375,3.9375,0.975012,1.28211,1.38167,0.965193,nan,nan,1,1.00002,1,1,0
6.4375,4.0625,0.967984,1.28206,1.43249,0.955467,nan,nan,1,1.00002,1,1,0
6.4375,4.1875,0.960251,1.27271,1.48248,0.944797,nan,nan,1,1.00002,1,1,0
6.4375,4.3125,0.952174,1.25343,1.5299,0.93369,nan,nan,1,1.00002,1,1,0
6.4375,4.4375,0.944224,1.2242,1.57296,0.922795,nan,nan,1,1.00002,1,1,0
6.4375,4.5625,0.936942,1.18563,1.60991,0.912847,nan,nan,1,1.00002,1,1,0
6.4375,4.6875,0.930877,1.13895,1.63918,0.904585,nan,nan,1,1.00002,1,1,0
6.4375,4.8125,0.926521,1.08602,1.65947,0.898664,nan,nan,1,1.00002,1,1,0
6.4375,4.9375,0.924243,1.02912,1.66986,0.895573,nan,nan,1,1.00002,1,1,0
6.4375,5.0625,0.924243,0.970876,1.66986,0.895573,nan,nan,1,1.00002,1,1,0
6.4375,5.1875,0.926521,0.913982,1.65947,0.898664,nan,nan,1,1.00002,1,1,0
6.4375,5.3125,0.930877,0.861047,1.63918,0.904585,nan,nan,1,1.00002,1,1,0
6.4375,5.4375,0.936942,0.814374,1.60991,0.912847,nan,nan,1,1.00002,1,1,0
6.4375,5.5625,0.944224,0.775798,1.57296,0.922795,nan,nan,1,1.00002,1,1,0
6.4375,5.6875,0.952174,0.746569,1.5299,0.93369,nan,nan,1,1.00002,1,1,0
6.4375,5.8125,0.960251,0.727294,1.48248,0.944797,nan,nan,1,1.00002,1,1,0
6.4375,5.9375,0.967984,0.71794,1.43249,0.955467,nan,nan,1,1.00002,1,1,0
6.4375,6.0625,0.975012,0.717894,1.38167,0.965193,nan,nan,1,1.00002,1,1,0
6.4375,6.1875,0.981103,0.726067,1.3316,0.973645,nan,nan,1,1.00002,1,1,0
6.4375,6.3125,0.986154,0.741028,1.28364,0.980669,nan,nan,1,1.00002,1,1,0
6.4375,6.4375,0.99017,0.761155,1.23885,0.986264,nan,nan,1,1.00002,1,1,0
6.4375,6.5625,0.993237,0.784772,1.19801,0.990545,nan,nan,1,1.00002,1,1,0
6.4375,6.6875,0.995492,0.810283,1.16161,0.993695,nan,nan,1,1.00002,1,1,0
6.4375,6.8125,0.997088,0.836266,1.12986,0.995926,nan,nan,1,1.00002,1,1,0
6.4375,6.9375,0.998177,0.861543,1.10273,0.997449,nan,nan,1,1.00002,1,1,0
6.4375,7.0625,0.998894,0.885213,1.08,0.998452,nan,nan,1,1.00002,1,1,0
6.4375,7.1875,0.99935,0.906656,1.06134,0.99909,nan,nan,1,1.00002,1,1,0
6.4375,7.3125,0.99963,0.925514,1.0463,0.999481,nan,nan,1,1.00002,1,1,0
6.4375,7.4375,0.999795,0.941654,1.03441,0.999714,nan,nan,1,1.00002,1,1,0
6.4375,7.5625,0.99989,0.955124,1.02517,0.999847,nan,nan,1,1.00002,1,1,0
6.4375,7.6875,0.999943,0.966101,1.01813,0.99992,nan,nan,1,1.00002,1,1,0
6.4375,7.8125,0.999971,0.974844,1.01286,0.99996,nan,nan,1,1.00002,1,1,0
6.4375,7.9375,0.999986,0.981658,1.00898,0.999981,nan,nan,1,1.00002,1,1,0
6.4375,8.0625,0.999993,0.986857,1.00617,0.999991,nan,nan,1,1.00002,1,1,0
6.4375,8.1875,0.999997,0.990744,1.00417,0.999996,nan,nan,1,1.00002,1,1,0
6.4375,8.3125,0.999999,0.993592,1.00278,0.999998,nan,nan,1,1.00002,1,1,0
6.4375,8.4375,0.999999,0.995639,1.00182,0.999999,nan,nan,1,1.00002,1,1,0
6.4375,8.5625,1,0.997082,1.00118,1,nan,nan,1,1.00002,1,1,0
6.4375,8.6875,1,0.99808,1.00075,1,nan,nan,1,1.00002,1,1,0
6.4375,8.8125,1,0.998758,1.00047,1,nan,nan,1,1.00002,1,1,0
6.4375,8.9375,1,0.99921,1.00029,1,nan,nan,1,1.00002,1,1,0
6.4375,9.0625,1,0.999505,1.00018,1,nan,nan,1,1.00002,1,1,0
6.4375,9.1875,1,0.999696,1.0001,1,nan,nan,1,1.00002,1,1,0
6.4375,9.3125,1,0.999816,1.00006,1,nan,nan,1,1.00002,1,1,0
6.4375,9.4375,1,0.99989,1.00004,1,nan,nan,1,1.00002,1,1,0
6.4375,9.5625,1,0.999936,1.00002,1,nan,nan,1,1.00002,1,1,0
6.4375,9.6875,1,0.999963,1.00001,1,nan,nan,1,1.00002,1,1,0
6.4375,9.8125,1,0.999979,1.00001,1,nan,nan,1,1.00002,1,1,0
6.4375,9.9375,1,0.999988,1,1,nan,nan,1,1.00002,1,1,0
6.5625,0.0625,1,1.00001,1,1,nan,nan,1,1.00002,1,1,0
6.5625,0.1875,1,1.00002,1.00001,1,nan,nan,1,1.00002,1,1,0
6.5625,0.3125,1,1.00003,1.00001,1,nan,nan,1,1.00002,1,1,0
6.5625,0.4375,1,1.00005,1.00002,1,nan,nan,1,1.00002,1,1,0
6.5625,0.5625,1,1.00009,1.00003,1,nan,nan,1,1.00002,1,1,0
6.5625,0.6875,1,1.00015,1.00006,1,nan,nan,1,1.00002,1,1,0
6.5625,0.8125,1,1.00025,1.00009,1,nan,nan,1,1.00002,1,1,0
6.5625,0.9375,1,1.00041,1.00016,1,nan,nan,1,1.00002,1,1,0
6.5625,1.0625,1,1.00066,1.00026,1,nan,nan,1,1.00002,1,1,0
6.5625,1.1875,1,1.00103,1.00042,1,nan,nan,1,1.00002,1,1,0
6.5625,1.3125,1,1.00159,1.00067,1,nan,nan,1,1.00002,1,1,0
6.5625,1.4375,1,1.00242,1.00106,1,nan,nan,1,1.00002,1,1,0
6.5625,1.5625,1,1.00362,1.00164,0.999999,nan,nan,1,1.00002,1,1,0
6.5625,1.6875,0.999999,1.00531,1.00251,0.999999,nan,nan,1,1.00002,1,1,0
6.5625,1.8125,0.999998,1.00767,1.00376,0.999997,nan,nan,1,1.00002,1,1,0
6.5625,1.9375,0.999995,1.0109,1.00556,0.999994,nan,nan,1,1.00002,1,1,0
6.5625,2.0625,0.99999,1.01521,1.00809,0.999987,nan,nan,1,1.00002,1,1,0
6.5625,2.1875,0.99998,1.02086,1.01159,0.999973,nan,nan,1,1.00002,1,1,0
6.5625,2.3125,0.999961,1.0281,1.01634,0.999945,nan,nan,1,1.00002,1,1,0
6.5625,2.4375,0.999925,1.0372,1.02268,0.999895,nan,nan,1,1.00002,1,1,0
6.5625,2.5625,0.999859,1.04837,1.03101,0.999803,nan,nan,1,1.00002,1,1,0
6.5625,2.6875,0.999745,1.06175,1.04172,0.999644,nan,nan,1,1.00002,1,1,0
6.5625,2.8125,0.999553,1.07739,1.05528,0.999374,nan,nan,1,1.00002,1,1,0
6.5625,2.9375,0.99924,1.09516,1.07209,0.998936,nan,nan,1,1.00002,1,1,0
6.5625,3.0625,0.998747,1.11478,1.09257,0.998246,nan,nan,1,1.00002,1,1,0
6.5625,3.1875,0.997998,1.13574,1.11702,0.997198,nan,nan,1,1.00002,1,1,0
6.5625,3.3125,0.9969,1.15728,1.14563,0.995663,nan,nan,1,1.00002,1,1,0
6.5625,3.4375,0.995349,1.17843,1.17843,0.993495,nan,nan,1,1.00002,1,1,0
6.5625,3.5625,0.993237,1.19801,1.21523,0.990545,nan,nan,1,1.00002,1,1,0
6.5625,3.6875,0.990471,1.2147,1.25559,0.986685,nan,nan,1,1.00002,1,1,0
6.5625,3.8125,0.986989,1.2271,1.29881,0.981833,nan,nan,1,1.00002,1,1,0
6.5625,3.9375,0.982786,1.23387,1.34393,0.975983,nan,nan,1,1.00002,1,1,0
6.5625,4.0625,0.977929,1.23384,1.38973,0.969238,nan,nan,1,1.00002,1,1,0
6.5625,4.1875,0.972577,1.22608,1.43477,0.96182,nan,nan,1,1.00002,1,1,0
6.5625,4.3125,0.966978,1.2101,1.4775,0.954077,nan,nan,1,1.00002,1,1,0
6.5625,4.4375,0.96146,1.18587,1.5163,0.946463,nan,nan,1,1.00002,1,1,0
6.5625,4.5625,0.956396,1.15389,1.5496,0.939492,nan,nan,1,1.00002,1,1,0
6.5625,4.6875,0.952174,1.1152,1.57598,0.93369,nan,nan,1,1.00002,1,1,0
6.5625,4.8125,0.949137,1.07131,1.59426,0.929524,nan,nan,1,1.00002,1,1,0
6.5625,4.9375,0.947549,1.02414,1.60362,0.927347,nan,nan,1,1.00002,1,1,0
6.5625,5.0625,0.947549,0.975855,1.60362,0.927347,nan,nan,1,1.00002,1,1,0
6.5625,5.1875,0.949137,0.928688,1.59426,0.929524,nan,nan,1,1.00002,1,1,0
6.5625,5.3125,0.952174,0.884804,1.57598,0.93369,nan,nan,1,1.00002,1,1,0
6.5625,5.4375,0.956396,0.846111,1.5496,0.939492,nan,nan,1,1.00002,1,1,0
6.5625,5.5625,0.96146,0.81413,1.5163,0.946463,nan,nan,1,1.00002,1,1,0
6.5625,5.6875,0.966978,0.789898,1.4775,0.954077,nan,nan,1,1.00002,1,1,0
6.5625,5.8125,0.972577,0.773919,1.43477,0.96182,nan,nan,1,1.00002,1,1,0
6.5625,5.9375,0.977929,0.766164,1.38973,0.969238,nan,nan,1,1.00002,1,1,0
6.5625,6.0625,0.982786,0.766126,1.34393,0.975983,nan,nan,1,1.00002,1,1,0
6.5625,6.1875,0.986989,0.772901,1.29881,0.981833,nan,nan,1,1.00002,1,1,0
6.5625,6.3125,0.990471,0.785305,1.25559,0.986685,nan,nan,1,1.00002,1,1,0
6.5625,6.4375,0.993237,0.80199,1.21523,0.990545,nan,nan,1,1.00002,1,1,0
6.5625,6.5625,0.995349,0.82157,1.17843,0.993495,nan,nan,1,1.00002,1,1,0
6.5625,6.6875,0.9969,0.842719,1.14563,0.995663,nan,nan,1,1.00002,1,1,0
6.5625,6.8125,0.997998,0.86426,1.11702,0.997198,nan,nan,1,1.00002,1,1,0
6.5625,6.9375,0.998747,0.885215,1.09257,0.998246,nan,nan,1,1.00002,1,1,0
6.5625,7.0625,0.99924,0.904838,1.07209,0.998936,nan,nan,1,1.00002,1,1,0
6.5625,7.1875,0.999553,0.922615,1.05528,0.999374,nan,nan,1,1.00002,1,1,0
6.5625,7.3125,0.999745,0.938249,1.04172,0.999644,nan,nan,1,1.00002,1,1,0
6.5625,7.4375,0.999859,0.95163,1.03101,0.999803,nan,nan,1,1.00002,1,1,0
6.5625,7.5625,0.999925,0.962797,1.02268,0.999895,nan,nan,1,1.00002,1,1,0
6.5625,7.6875,0.999961,0.971896,1.01634,0.999945,nan,nan,1,1.00002,1,1,0
6.5625,7.8125,0.99998,0.979145,1.01159,0.999973,nan,nan,1,1.00002,1,1,0
6.5625,7.9375,0.99999,0.984794,1.00809,0.999987,nan,nan,1,1.00002,1,1,0
6.5625,8.0625,0.999995,0.989104,1.00556,0.999994,nan,nan,1,1.00002,1,1,0
6.5625,8.1875,0.999998,0.992327,1.00376,0.999997,nan,nan,1,1.00002,1,1,0
6.5625,8.3125,0.999999,0.994688,1.00251,0.999999,nan,nan,1,1.00002,1,1,0
6.5625,8.4375,1,0.996385,1.00164,0.999999,nan,nan,1,1.00002,1,1,0
6.5625,8.5625,1,0.997581,1.00106,1,nan,nan,1,1.00002,1,1,0
6.5625,8.6875,1,0.998408,1.00067,1,nan,nan,1,1.00002,1,1,0
6.5625,8.8125,1,0.99897,1.00042,1,nan,nan,1,1.00002,1,1,0
6.5625,8.9375,1,0.999345,1.00026,1,nan,nan,1,1.00002,1,1,0
6.5625,9.0625,1,0.99959,1.00016,1,nan,nan,1,1.00002,1,1,0
6.5625,9.1875,1,0.999748,1.00009,1,nan,nan,1,1.00002,1,1,0
6.5625,9.3125,1,0.999847,1.00006,1,nan,nan,1,1.00002,1,1,0
6.5625,9.4375,1,0.999909,1.00003,1,nan,nan,1,1.00002,1,1,0
6.5625,9.5625,1,0.999947,1.00002,1,nan,nan,1,1.00002,1,1,0
6.5625,9.6875,1,0.999969,1.00001,1,nan,nan,1,1.00002,1,1,0
6.5625,9.8125,1,0.999983,1.00001,1,nan,nan,1,1.00002,1,1,0
6.5625,9.9375,1,0.99999,1,1,nan,nan,1,1.00002,1,1,0
6.6875,0.0625,1,1.00001,1,1,nan,nan,1,1.00002,1,1,0
6.6875,0.1875,1,1.00001,1,1,nan,nan,1,1.00002,1,1,0
6.6875,0.3125,1,1.00003,1.00001,1,nan,nan,1,1.00002,1,1,0
6.6875,0.4375,1,1.00004,1.00002,1,nan,nan,1,1.00002,1,1,0
6.6875,0.5625,1,1.00007,1.00003,1,nan,nan,1,1.00002,1,1,0
6.6875,0.6875,1,1.00012,1.00005,1,nan,nan,1,1.00002,1,1,0
6.6875,0.8125,1,1.00021,1.00008,1,nan,nan,1,1.00002,1,1,0
6.6875,0.9375,1,1.00033,1.00014,1,nan,nan,1,1.00002,1,1,0
6.6875,1.0625,1,1.00053,1.00023,1,nan,nan,1,1.00002,1,1,0
6.6875,1.1875,1,1.00084,1.00037,1,nan,nan,1,1.00002,1,1,0
6.6875,1.3125,1,1.0013,1.00059,1,nan,nan,1,1.00002,1,1,0
6.6875,1.4375,1,1.00197,1.00094,1,nan,nan,1,1.00002,1,1,0
6.6875,1.5625,1,1.00295,1.00145,1,nan,nan,1,1.00002,1,1,0
6.6875,1.6875,0.999999,1.00434,1.00221,0.999999,nan,nan,1,1.00002,1,1,0
6.6875,1.8125,0.999999,1.00626,1.00332,0.999998,nan,nan,1,1.00002,1,1,0
6.6875,1.9375,0.999997,1.00889,1.0049,0.999996,nan,nan,1,1.00002,1,1,0
6.6875,2.0625,0.999994,1.01241,1.00713,0.999991,nan,nan,1,1.00002,1,1,0
6.6875,2.1875,0.999987,1.01702,1.01021,0.999982,nan,nan,1,1.00002,1,1,0
6.6875,2.3125,0.999974,1.02294,1.0144,0.999964,nan,nan,1,1.00002,1,1,0
6.6875,2.4375,0.99995,1.03036,1.02,0.99993,nan,nan,1,1.00002,1,1,0
6.6875,2.5625,0.999906,1.03948,1.02733,0.999869,nan,nan,1,1.00002,1,1,0
6.6875,2.6875,0.99983,1.0504,1.03678,0.999763,nan,nan,1,1.00002,1,1,0
6.6875,2.8125,0.999702,1.06316,1.04872,0.999583,nan,nan,1,1.00002,1,1,0
6.6875,2.9375,0.999494,1.07767,1.06355,0.999291,nan,nan,1,1.00002,1,1,0
6.6875,3.0625,0.999165,1.09368,1.0816,0.998831,nan,nan,1,1.00002,1,1,0
6.6875,3.1875,0.998666,1.11079,1.10315,0.998133,nan,nan,1,1.00002,1,1,0
6.6875,3.3125,0.997935,1.12837,1.12837,0.99711,nan,nan,1,1.00002,1,1,0
6.6875,3.4375,0.9969,1.14563,1.15728,0.995663,nan,nan,1,1.00002,1,1,0
6.6875,3.5625,0.995492,1.16161,1.18972,0.993695,nan,nan,1,1.00002,1,1,0
6.6875,3.6875,0.993646,1.17523,1.22529,0.991116,nan,nan,1,1.00002,1,1,0
6.6875,3.8125,0.991322,1.18535,1.2634,0.987871,nan,nan,1,1.00002,1,1,0
6.6875,3.9375,0.988513,1.19088,1.30317,0.983955,nan,nan,1,1.00002,1,1,0
6.6875,4.0625,0.985265,1.19085,1.34353,0.979431,nan,nan,1,1.00002,1,1,0
6.6875,4.1875,0.981682,1.18452,1.38324,0.974448,nan,nan,1,1.00002,1,1,0
6.6875,4.3125,0.977929,1.17148,1.42091,0.969238,nan,nan,1,1.00002,1,1,0
6.6875,4.4375,0.974226,1.1517,1.45511,0.964103,nan,nan,1,1.00002,1,1,0
6.6875,4.5625,0.970824,1.1256,1.48446,0.959394,nan,nan,1,1.00002,1,1,0
6.6875,4.6875,0.967984,1.09402,1.50771,0.955467,nan,nan,1,1.00002,1,1,0
6.6875,4.8125,0.965941,1.0582,1.52383,0.952645,nan,nan,1,1.00002,1,1,0
6.6875,4.9375,0.964872,1.01971,1.53207,0.951168,nan,nan,1,1.00002,1,1,0
6.6875,5.0625,0.964872,0.980294,1.53207,0.951168,nan,nan,1,1.00002,1,1,0
6.6875,5.1875,0.965941,0.941797,1.52383,0.952645,nan,nan,1,1.00002,1,1,0
6.6875,5.3125,0.967984,0.90598,1.50771,0.955467,nan,nan,1,1.00002,1,1,0
6.6875,5.4375,0.970824,0.874399,1.48446,0.959394,nan,nan,1,1.00002,1,1,0
6.6875,5.5625,0.974226,0.848298,1.45511,0.964103,nan,nan,1,1.00002,1,1,0
6.6875,5.6875,0.977929,0.82852,1.42091,0.969238,nan,nan,1,1.00002,1,1,0
6.6875,5.8125,0.981682,0.815478,1.38324,0.974448,nan,nan,1,1.00002,1,1,0
6.6875,5.9375,0.985265,0.809148,1.34353,0.979431,nan,nan,1,1.00002,1,1,0
6.6875,6.0625,0.988513,0.809117,1.30317,0.983955,nan,nan,1,1.00002,1,1,0
6.6875,6.1875,0.991322,0.814647,1.2634,0.987871,nan,nan,1,1.00002,1,1,0
6.6875,6.3125,0.993646,0.824771,1.22529,0.991116,nan,nan,1,1.00002,1,1,0
6.6875,6.4375,0.995492,0.838389,1.18972,0.993695,nan,nan,1,1.00002,1,1,0
6.6875,6.5625,0.9969,0.85437,1.15728,0.995663,nan,nan,1,1.00002,1,1,0
6.6875,6.6875,0.997935,0.871631,1.12837,0.99711,nan,nan,1,1.00002,1,1,0
6.6875,6.8125,0.998666,0.889212,1.10315,0.998133,nan,nan,1,1.00002,1,1,0
6.6875,6.9375,0.999165,0.906315,1.0816,0.998831,nan,nan,1,1.00002,1,1,0
6.6875,7.0625,0.999494,0.922331,1.06355,0.999291,nan,nan,1,1.00002,1,1,0
6.6875,7.1875,0.999702,0.93684,1.04872,0.999583,nan,nan,1,1.00002,1,1,0
6.6875,7.3125,0.99983,0.9496,1.03678,0.999763,nan,nan,1,1.00002,1,1,0
6.6875,7.4375,0.999906,0.960521,1.02733,0.999869,nan,nan,1,1.00002,1,1,0
6.6875,7.5625,0.99995,0.969636,1.02,0.99993,nan,nan,1,1.00002,1,1,0
6.6875,7.6875,0.999974,0.977063,1.0144,0.999964,nan,nan,1,1.00002,1,1,0
6.6875,7.8125,0.999987,0.982978,1.01021,0.999982,nan,nan,1,1.00002,1,1,0
6.6875,7.9375,0.999994,0.987589,1.00713,0.999991,nan,nan,1,1.00002,1,1,0
6.6875,8.0625,0.999997,0.991107,1.0049,0.999996,nan,nan,1,1.00002,1,1,0
6.6875,8.1875,0.999999,0.993737,1.00332,0.999998,nan,nan,1,1.00002,1,1,0
6.6875,8.3125,0.999999,0.995664,1.00221,0.999999,nan,nan,1,1.00002,1,1,0
6.6875,8.4375,1,0.997049,1.00145,1,nan,nan,1,1.00002,1,1,0
6.6875,8.5625,1,0.998026,1.00094,1,nan,nan,1,1.00002,1,1,0
6.6875,8.6875,1,0.998701,1.00059,1,nan,nan,1,1.00002,1,1,0
6.6875,8.8125,1,0.99916,1.00037,1,nan,nan,1,1.00002,1,1,0
6.6875,8.9375,1,0.999465,1.00023,1,nan,nan,1,1.00002,1,1,0
6.6875,9.0625,1,0.999665,1.00014,1,nan,nan,1,1.00002,1,1,0
6.6875,9.1875,1,0.999794,1.00008,1,nan,nan,1,1.00002,1,1,0
6.6875,9.3125,1,0.999875,1.00005,1,nan,nan,1,1.00002,1,1,0
6.6875,9.4375,1,0.999926,1.00003,1,nan,nan,1,1.00002,1,1,0
6.6875,9.5625,1,0.999956,1.00002,1,nan,nan,1,1.00002,1,1,0
6.6875,9.6875,1,0.999975,1.00001,1,nan,nan,1,1.00002,1,1,0
6.6875,9.8125,1,0.999986,1,1,nan,nan,1,1.00002,1,1,0
6.6875,9.9375,1,0.999992,1,1,nan,nan,1,1.00002,1,1,0
6.8125,0.0625,1,1.00001,1,1,nan,nan,1,1.00002,1,1,0
6.8125,0.1875,1,1.00001,1,1,nan,nan,1,1.00002,1,1,0
6.8125,0.3125,1,1.00002,1.00001,1,nan,nan,1,1.00002,1,1,0
6.8125,0.4375,1,1.00003,1.00001,1,nan,nan,1,1.00002,1,1,0
6.8125,0.5625,1,1.00006,1.00002,1,nan,nan,1,1.00002,1,1,0
6.8125,0.6875,1,1.0001,1.00004,1,nan,nan,1,1.00002,1,1,0
6.8125,0.8125,1,1.00017,1.00007,1,nan,nan,1,1.00002,1,1,0
6.8125,0.9375,1,1.00027,1.00012,1,nan,nan,1,1.00002,1,1,0
6.8125,1.0625,1,1.00043,1.0002,1,nan,nan,1,1.00002,1,1,0
6.8125,1.1875,1,1.00068,1.00032,1,nan,nan,1,1.00002,1,1,0
6.8125,1.3125,1,1.00104,1.00051,1,nan,nan,1,1.00002,1,1,0
6.8125,1.4375,1,1.00159,1.00081,1,nan,nan,1,1.00002,1,1,0
6.8125,1.5625,1,1.00237,1.00125,1,nan,nan,1,1.00002,1,1,0
6.8125,1.6875,1,1.00348,1.00191,0.999999,nan,nan,1,1.00002,1,1,0
6.8125,1.8125,0.999999,1.00503,1.00286,0.999999,nan,nan,1,1.00002,1,1,0
6.8125,1.9375,0.999998,1.00715,1.00423,0.999997,nan,nan,1,1.00002,1,1,0
6.8125,2.0625,0.999996,1.00997,1.00615,0.999994,nan,nan,1,1.00002,1,1,0
6.8125,2.1875,0.999992,1.01368,1.00881,0.999988,nan,nan,1,1.00002,1,1,0
6.8125,2.3125,0.999983,1.01843,1.01243,0.999976,nan,nan,1,1.00002,1,1,0
6.8125,2.4375,0.999968,1.0244,1.01726,0.999955,nan,nan,1,1.00002,1,1,0
6.8125,2.5625,0.99994,1.03172,1.02359,0.999915,nan,nan,1,1.00002,1,1,0
6.8125,2.6875,0.99989,1.0405,1.03174,0.999847,nan,nan,1,1.00002,1,1,0
6.8125,2.8125,0.999808,1.05075,1.04205,0.999731,nan,nan,1,1.00002,1,1,0
6.8125,2.9375,0.999673,1.06241,1.05484,0.999542,nan,nan,1,1.00002,1,1,0
6.8125,3.0625,0.999461,1.07528,1.07042,0.999245,nan,nan,1,1.00002,1,1,0
6.8125,3.1875,0.999139,1.08902,1.08902,0.998794,nan,nan,1,1.00002,1,1,0
6.8125,3.3125,0.998666,1.10315,1.11079,0.998133,nan,nan,1,1.00002,1,1,0
6.8125,3.4375,0.997998,1.11702,1.13574,0.997198,nan,nan,1,1.00002,1,1,0
6.8125,3.5625,0.997088,1.12986,1.16373,0.995926,nan,nan,1,1.00002,1,1,0
6.8125,3.6875,0.995895,1.1408,1.19444,0.994258,nan,nan,1,1.00002,1,1,0
6.8125,3.8125,0.994392,1.14894,1.22732,0.992157,nan,nan,1,1.00002,1,1,0
6.8125,3.9375,0.992574,1.15338,1.26165,0.989619,nan,nan,1,1.00002,1,1,0
6.8125,4.0625,0.990471,1.15335,1.29648,0.986685,nan,nan,1,1.00002,1,1,0
6.8125,4.1875,0.988149,1.14827,1.33075,0.983449,nan,nan,1,1.00002,1,1,0
6.8125,4.3125,0.985716,1.13779,1.36326,0.98006,nan,nan,1,1.00002,1,1,0
6.8125,4.4375,0.983313,1.1219,1.39278,0.976716,nan,nan,1,1.00002,1,1,0
6.8125,4.5625,0.981103,1.10092,1.41811,0.973645,nan,nan,1,1.00002,1,1,0
6.8125,4.6875,0.979258,1.07555,1.43817,0.971082,nan,nan,1,1.00002,1,1,0
6.8125,4.8125,0.977929,1.04677,1.45208,0.969238,nan,nan,1,1.00002,1,1,0
6.8125,4.9375,0.977233,1.01583,1.4592,0.968272,nan,nan,1,1.00002,1,1,0
6.8125,5.0625,0.977233,0.984165,1.4592,0.968272,nan,nan,1,1.00002,1,1,0
6.8125,5.1875,0.977929,0.953233,1.45208,0.969238,nan,nan,1,1.00002,1,1,0
6.8125,5.3125,0.979258,0.924453,1.43817,0.971082,nan,nan,1,1.00002,1,1,0
6.8125,5.4375,0.981103,0.899077,1.41811,0.973645,nan,nan,1,1.00002,1,1,0
6.8125,5.5625,0.983313,0.878104,1.39278,0.976716,nan,nan,1,1.00002,1,1,0
6.8125,5.6875,0.985716,0.862212,1.36326,0.98006,nan,nan,1,1.00002,1,1,0
6.8125,5.8125,0.988149,0.851732,1.33075,0.983449,nan,nan,1,1.00002,1,1,0
6.8125,5.9375,0.990471,0.846646,1.29648,0.986685,nan,nan,1,1.00002,1,1,0
6.8125,6.0625,0.992574,0.846621,1.26165,0.989619,nan,nan,1,1.00002,1,1,0
6.8125,6.1875,0.994392,0.851065,1.22732,0.992157,nan,nan,1,1.00002,1,1,0
6.8125,6.3125,0.995895,0.8592,1.19444,0.994258,nan,nan,1,1.00002,1,1,0
6.8125,6.4375,0.997088,0.870142,1.16373,0.995926,nan,nan,1,1.00002,1,1,0
6.8125,6.5625,0.997998,0.882983,1.13574,0.997198,nan,nan,1,1.00002,1,1,0
6.8125,6.6875,0.998666,0.896853,1.11079,0.998133,nan,nan,1,1.00002,1,1,0
6.8125,6.8125,0.999139,0.910979,1.08902,0.998794,nan,nan,1,1.00002,1,1,0
6.8125,6.9375,0.999461,0.924722,1.07042,0.999245,nan,nan,1,1.00002,1,1,0
6.8125,7.0625,0.999673,0.937591,1.05484,0.999542,nan,nan,1,1.00002,1,1,0
6.8125,7.1875,0.999808,0.94925,1.04205,0.999731,nan,nan,1,1.00002,1,1,0
6.8125,7.3125,0.99989,0.959503,1.03174,0.999847,nan,nan,1,1.00002,1,1,0
6.8125,7.4375,0.99994,0.968278,1.02359,0.999915,nan,nan,1,1.00002,1,1,0
6.8125,7.5625,0.999968,0.975602,1.01726,0.999955,nan,nan,1,1.00002,1,1,0
6.8125,7.6875,0.999983,0.981569,1.01243,0.999976,nan,nan,1,1.00002,1,1,0
6.8125,7.8125,0.999992,0.986323,1.00881,0.999988,nan,nan,1,1.00002,1,1,0
6.8125,7.9375,0.999996,0.990027,1.00615,0.999994,nan,nan,1,1.00002,1,1,0
6.8125,8.0625,0.999998,0.992854,1.00423,0.999997,nan,nan,1,1.00002,1,1,0
6.8125,8.1875,0.999999,0.994968,1.00286,0.999999,nan,nan,1,1.00002,1,1,0
6.8125,8.3125,1,0.996516,1.00191,0.999999,nan,nan,1,1.00002,1,1,0
6.8125,8.4375,1,0.997629,1.00125,1,nan,nan,1,1.00002,1,1,0
6.8125,8.5625,1,0.998414,1.00081,1,nan,nan,1,1.00002,1,1,0
6.8125,8.6875,1,0.998956,1.00051,1,nan,nan,1,1.00002,1,1,0
6.8125,8.8125,1,0.999325,1.00032,1,nan,nan,1,1.00002,1,1,0
6.8125,8.9375,1,0.99957,1.0002,1,nan,nan,1,1.00002,1,1,0
6.8125,9.0625,1,0.999731,1.00012,1,nan,nan,1,1.00002,1,1,0
6.8125,9.1875,1,0.999834,1.00007,1,nan,nan,1,1.00002,1,1,0
6.8125,9.3125,1,0.9999,1.00004,1,nan,nan,1,1.00002,1,1,0
6.8125,9.4375,1,0.99994,1.00002,1,nan,nan,1,1.00002,1,1,0
6.8125,9.5625,1,0.999965,1.00001,1,nan,nan,1,1.00002,1,1,0
6.8125,9.6875,1,0.99998,1.00001,1,nan,nan,1,1.00002,1,1,0
6.8125,9.8125,1,0.999989,1,1,nan,nan,1,1.00002,1,1,0
6.8125,9.9375,1,0.999994,1,1,nan,nan,1,1.00002,1,1,0
6.9375,0.0625,1,1.00001,1,1,nan,nan,1,1.00002,1,1,0
6.9375,0.1875,1,1.00001,1,1,nan,nan,1,1.00002,1,1,0
6.9375,0.3125,1,1.00002,1.00001,1,nan,nan,1,1.00002,1,1,0
6.9375,0.4375,1,1.00003,1.00001,1,nan,nan,1,1.00002,1,1,0
6.9375,0.5625,1,1.00005,1.00002,1,nan,nan,1,1.00002,1,1,0
6.9375,0.6875,1,1.00008,1.00004,1,nan,nan,1,1.00002,1,1,0
6.9375,0.8125,1,1.00013,1.00006,1,nan,nan,1,1.00002,1,1,0
6.9375,0.9375,1,1.00021,1.0001,1,nan,nan,1,1.00002,1,1,0
6.9375,1.0625,1,1.00034,1.00017,1,nan,nan,1,1.00002,1,1,0
6.9375,1.1875,1,1.00053,1.00027,1,nan,nan,1,1.00002,1,1,0
6.9375,1.3125,1,1.00083,1.00043,1,nan,nan,1,1.00002,1,1,0
6.9375,1.4375,1,1.00125,1.00068,1,nan,nan,1,1.00002,1,1,0
6.9375,1.5625,1,1.00188,1.00106,1,nan,nan,1,1.00002,1,1,0
6.9375,1.6875,1,1.00276,1.00161,1,nan,nan,1,1.00002,1,1,0
6.9375,1.8125,0.999999,1.00398,1.00242,0.999999,nan,nan,1,1.00002,1,1,0
6.9375,1.9375,0.999999,1.00565,1.00358,0.999998,nan,nan,1,1.00002,1,1,0
6.9375,2.0625,0.999997,1.00789,1.0052,0.999996,nan,nan,1,1.00002,1,1,0
6.9375,2.1875,0.999995,1.01082,1.00745,0.999993,nan,nan,1,1.00002,1,1,0
6.9375,2.3125,0.999989,1.01458,1.01051,0.999985,nan,nan,1,1.00002,1,1,0
6.9375,2.4375,0.99998,1.0193,1.01459,0.999972,nan,nan,1,1.00002,1,1,0
6.9375,2.5625,0.999962,1.02509,1.01995,0.999947,nan,nan,1,1.00002,1,1,0
6.9375,2.6875,0.999931,1.03204,1.02684,0.999904,nan,nan,1,1.00002,1,1,0
6.9375,2.8125,0.99988,1.04015,1.03556,0.999832,nan,nan,1,1.00002,1,1,0
6.9375,2.9375,0.999795,1.04937,1.04638,0.999714,nan,nan,1,1.00002,1,1,0
6.9375,3.0625,0.999663,1.05955,1.05955,0.999528,nan,nan,1,1.00002,1,1,0
6.9375,3.1875,0.999461,1.07042,1.07528,0.999245,nan,nan,1,1.00002,1,1,0
6.9375,3.3125,0.999165,1.0816,1.09368,0.998831,nan,nan,1,1.00002,1,1,0
6.9375,3.4375,0.998747,1.09257,1.11478,0.998246,nan,nan,1,1.00002,1,1,0
6.9375,3.5625,0.998177,1.10273,1.13846,0.997449,nan,nan,1,1.00002,1,1,0
6.9375,3.6875,0.99743,1.11138,1.16442,0.996404,nan,nan,1,1.00002,1,1,0
6.9375,3.8125,0.996488,1.11782,1.19223,0.995087,nan,nan,1,1.00002,1,1,0
6.9375,3.9375,0.995349,1.12133,1.22125,0.993495,nan,nan,1,1.00002,1,1,0
6.9375,4.0625,0.994031,1.12131,1.25071,0.991653,nan,nan,1,1.00002,1,1,0
6.9375,4.1875,0.992574,1.11729,1.27969,0.989619,nan,nan,1,1.00002,1,1,0
6.9375,4.3125,0.991047,1.109,1.30718,0.987488,nan,nan,1,1.00002,1,1,0
6.9375,4.4375,0.989538,1.09643,1.33214,0.985383,nan,nan,1,1.00002,1,1,0
6.9375,4.5625,0.988149,1.07984,1.35356,0.983449,nan,nan,1,1.00002,1,1,0
6.9375,4.6875,0.986989,1.05976,1.37053,0.981833,nan,nan,1,1.00002,1,1,0
6.9375,4.8125,0.986154,1.037,1.38229,0.980669,nan,nan,1,1.00002,1,1,0
6.9375,4.9375,0.985716,1.01253,1.38831,0.98006,nan,nan,1,1.00002,1,1,0
6.9375,5.0625,0.985716,0.987474,1.38831,0.98006,nan,nan,1,1.00002,1,1,0
6.9375,5.1875,0.986154,0.963004,1.38229,0.980669,nan,nan,1,1.00002,1,1,0
6.9375,5.3125,0.986989,0.940237,1.37053,0.981833,nan,nan,1,1.00002,1,1,0
6.9375,5.4375,0.988149,0.920163,1.35356,0.983449,nan,nan,1,1.00002,1,1,0
6.9375,5.5625,0.989538,0.903572,1.33214,0.985383,nan,nan,1,1.00002,1,1,0
6.9375,5.6875,0.991047,0.891001,1.30718,0.987488,nan,nan,1,1.00002,1,1,0
6.9375,5.8125,0.992574,0.88271,1.27969,0.989619,nan,nan,1,1.00002,1,1,0
6.9375,5.9375,0.994031,0.878687,1.25071,0.991653,nan,nan,1,1.00002,1,1,0
6.9375,6.0625,0.995349,0.878668,1.22125,0.993495,nan,nan,1,1.00002,1,1,0
6.9375,6.1875,0.996488,0.882183,1.19223,0.995087,nan,nan,1,1.00002,1,1,0
6.9375,6.3125,0.99743,0.888618,1.16442,0.996404,nan,nan,1,1.00002,1,1,0
6.9375,6.4375,0.998177,0.897274,1.13846,0.997449,nan,nan,1,1.00002,1,1,0
6.9375,6.5625,0.998747,0.907432,1.11478,0.998246,nan,nan,1,1.00002,1,1,0
6.9375,6.6875,0.999165,0.918404,1.09368,0.998831,nan,nan,1,1.00002,1,1,0
6.9375,6.8125,0.999461,0.929579,1.07528,0.999245,nan,nan,1,1.00002,1,1,0
6.9375,6.9375,0.999663,0.94045,1.05955,0.999528,nan,nan,1,1.00002,1,1,0
6.9375,7.0625,0.999795,0.950631,1.04638,0.999714,nan,nan,1,1.00002,1,1,0
6.9375,7.1875,0.99988,0.959853,1.03556,0.999832,nan,nan,1,1.00002,1,1,0
6.9375,7.3125,0.999931,0.967964,1.02684,0.999904,nan,nan,1,1.00002,1,1,0
6.9375,7.4375,0.999962,0.974906,1.01995,0.999947,nan,nan,1,1.00002,1,1,0
6.9375,7.5625,0.99998,0.980699,1.01459,0.999972,nan,nan,1,1.00002,1,1,0
6.9375,7.6875,0.999989,0.98542,1.01051,0.999985,nan,nan,1,1.00002,1,1,0
6.9375,7.8125,0.999995,0.98918,1.00745,0.999993,nan,nan,1,1.00002,1,1,0
6.9375,7.9375,0.999997,0.992111,1.0052,0.999996,nan,nan,1,1.00002,1,1,0
6.9375,8.0625,0.999999,0.994347,1.00358,0.999998,nan,nan,1,1.00002,1,1,0
6.9375,8.1875,0.999999,0.996019,1.00242,0.999999,nan,nan,1,1.00002,1,1,0
6.9375,8.3125,1,0.997244,1.00161,1,nan,nan,1,1.00002,1,1,0
6.9375,8.4375,1,0.998124,1.00106,1,nan,nan,1,1.00002,1,1,0
6.9375,8.5625,1,0.998745,1.00068,1,nan,nan,1,1.00002,1,1,0
6.9375,8.6875,1,0.999174,1.00043,1,nan,nan,1,1.00002,1,1,0
6.9375,8.8125,1,0.999466,1.00027,1,nan,nan,1,1.00002,1,1,0
6.9375,8.9375,1,0.99966,1.00017,1,nan,nan,1,1.00002,1,1,0
6.9375,9.0625,1,0.999787,1.0001,1,nan,nan,1,1.00002,1,1,0
6.9375,9.1875,1,0.999869,1.00006,1,nan,nan,1,1.00002,1,1,0
6.9375,9.3125,1,0.999921,1.00004,1,nan,nan,1,1.00002,1,1,0
6.9375,9.4375,1,0.999953,1.00002,1,nan,nan,1,1.00002,1,1,0
6.9375,9.5625,1,0.999972,1.00001,1,nan,nan,1,1.00002,1,1,0
6.9375,9.6875,1,0.999984,1.00001,1,nan,nan,1,1.00002,1,1,0
6.9375,9.8125,1,0.999991,1,1,nan,nan,1,1.00002,1,1,0
6.9375,9.9375,1,0.999995,1,1,nan,nan,1,1.00002,1,1,0
7.0625,0.0625,1,1,1,1,nan,nan,1,1.00002,1,1,0
7.0625,0.1875,1,1.00001,1,1,nan,nan,1,1.00002,1,1,0
7.0625,0.3125,1,1.00001,1.00001,1,nan,nan,1,1.00002,1,1,0
7.0625,0.4375,1,1.00002,1.00001,1,nan,nan,1,1.00002,1,1,0
7.0625,0.5625,1,1.00004,1.00002,1,nan,nan,1,1.00002,1,1,0
7.0625,0.6875,1,1.00006,1.00003,1,nan,nan,1,1.00002,1,1,0
7.0625,0.8125,1,1.0001,1.00005,1,nan,nan,1,1.00002,1,1,0
7.0625,0.9375,1,1.00017,1.00008,1,nan,nan,1,1.00002,1,1,0
7.0625,1.0625,1,1.00026,1.00014,1,nan,nan,1,1.00002,1,1,0
7.0625,1.1875,1,1.00042,1.00023,1,nan,nan,1,1.00002,1,1,0
7.0625,1.3125,1,1.00064,1.00036,1,nan,nan,1,1.00002,1,1,0
7.0625,1.4375,1,1.00098,1.00057,1,nan,nan,1,1.00002,1,1,0
7.0625,1.5625,1,1.00146,1.00088,1,nan,nan,1,1.00002,1,1,0
7.0625,1.6875,1,1.00215,1.00134,1,nan,nan,1,1.00002,1,1,0
7.0625,1.8125,1,1.0031,1.00201,1,nan,nan,1,1.00002,1,1,0
7.0625,1.9375,0.999999,1.0044,1.00296,0.999999,nan,nan,1,1.00002,1,1,0
7.0625,2.0625,0.999998,1.00614,1.00431,0.999998,nan,nan,1,1.00002,1,1,0
7.0625,2.1875,0.999997,1.00843,1.00618,0.999996,nan,nan,1,1.00002,1,1,0
7.0625,2.3125,0.999994,1.01135,1.00871,0.999991,nan,nan,1,1.00002,1,1,0
7.0625,2.4375,0.999988,1.01503,1.0121,0.999983,nan,nan,1,1.00002,1,1,0
7.0625,2.5625,0.999977,1.01954,1.01654,0.999968,nan,nan,1,1.00002,1,1,0
7.0625,2.6875,0.999958,1.02495,1.02225,0.999942,nan,nan,1,1.00002,1,1,0
7.0625,2.8125,0.999927,1.03127,1.02948,0.999898,nan,nan,1,1.00002,1,1,0
7.0625,2.9375,0.999876,1.03845,1.03845,0.999826,nan,nan,1,1.00002,1,1,0
7.0625,3.0625,0.999795,1.04638,1.04937,0.999714,nan,nan,1,1.00002,1,1,0
7.0625,3.1875,0.999673,1.05484,1.06241,0.999542,nan,nan,1,1.00002,1,1,0
7.0625,3.3125,0.999494,1.06355,1.07767,0.999291,nan,nan,1,1.00002,1,1,0
7.0625,3.4375,0.99924,1.07209,1.09516,0.998936,nan,nan,1,1.00002,1,1,0
7.0625,3.5625,0.998894,1.08,1.11479,0.998452,nan,nan,1,1.00002,1,1,0
7.0625,3.6875,0.998441,1.08674,1.13631,0.997818,nan,nan,1,1.00002,1,1,0
7.0625,3.8125,0.997869,1.09176,1.15937,0.997018,nan,nan,1,1.00002,1,1,0
7.0625,3.9375,0.997178,1.09449,1.18343,0.996051,nan,nan,1,1.00002,1,1,0
7.0625,4.0625,0.996377,1.09448,1.20785,0.994931,nan,nan,1,1.00002,1,1,0
7.0625,4.1875,0.995492,1.09135,1.23188,0.993695,nan,nan,1,1.00002,1,1,0
7.0625,4.3125,0.994564,1.08489,1.25467,0.992398,nan,nan,1,1.00002,1,1,0
7.0625,4.4375,0.993646,1.0751,1.27536,0.991116,nan,nan,1,1.00002,1,1,0
7.0625,4.5625,0.992802,1.06218,1.29312,0.989938,nan,nan,1,1.00002,1,1,0
7.0625,4.6875,0.992096,1.04654,1.30719,0.988952,nan,nan,1,1.00002,1,1,0
7.0625,4.8125,0.991588,1.02881,1.31694,0.988243,nan,nan,1,1.00002,1,1,0
7.0625,4.9375,0.991322,1.00976,1.32193,0.987871,nan,nan,1,1.00002,1,1,0
7.0625,5.0625,0.991322,0.990245,1.32193,0.987871,nan,nan,1,1.00002,1,1,0
7.0625,5.1875,0.991588,0.971188,1.31694,0.988243,nan,nan,1,1.00002,1,1,0
7.0625,5.3125,0.992096,0.953457,1.30719,0.988952,nan,nan,1,1.00002,1,1,0
7.0625,5.4375,0.992802,0.937823,1.29312,0.989938,nan,nan,1,1.00002,1,1,0
7.0625,5.5625,0.993646,0.924902,1.27536,0.991116,nan,nan,1,1.00002,1,1,0
7.0625,5.6875,0.994564,0.915111,1.25467,0.992398,nan,nan,1,1.00002,1,1,0
7.0625,5.8125,0.995492,0.908655,1.23188,0.993695,nan,nan,1,1.00002,1,1,0
7.0625,5.9375,0.996377,0.905522,1.20785,0.994931,nan,nan,1,1.00002,1,1,0
7.0625,6.0625,0.997178,0.905506,1.18343,0.996051,nan,nan,1,1.00002,1,1,0
7.0625,6.1875,0.997869,0.908244,1.15937,0.997018,nan,nan,1,1.00002,1,1,0
7.0625,6.3125,0.998441,0.913255,1.13631,0.997818,nan,nan,1,1.00002,1,1,0
7.0625,6.4375,0.998894,0.919997,1.11479,0.998452,nan,nan,1,1.00002,1,1,0
7.0625,6.5625,0.99924,0.927908,1.09516,0.998936,nan,nan,1,1.00002,1,1,0
7.0625,6.6875,0.999494,0.936453,1.07767,0.999291,nan,nan,1,1.00002,1,1,0
7.0625,6.8125,0.999673,0.945156,1.06241,0.999542,nan,nan,1,1.00002,1,1,0
7.0625,6.9375,0.999795,0.953623,1.04937,0.999714,nan,nan,1,1.00002,1,1,0
7.0625,7.0625,0.999876,0.961551,1.03845,0.999826,nan,nan,1,1.00002,1,1,0
7.0625,7.1875,0.999927,0.968734,1.02948,0.999898,nan,nan,1,1.00002,1,1,0
7.0625,7.3125,0.999958,0.97505,1.02225,0.999942,nan,nan,1,1.00002,1,1,0
7.0625,7.4375,0.999977,0.980457,1.01654,0.999968,nan,nan,1,1.00002,1,1,0
7.0625,7.5625,0.999988,0.984969,1.0121,0.999983,nan,nan,1,1.00002,1,1,0
7.0625,7.6875,0.999994,0.988645,1.00871,0.999991,nan,nan,1,1.00002,1,1,0
7.0625,7.8125,0.999997,0.991574,1.00618,0.999996,nan,nan,1,1.00002,1,1,0
7.0625,7.9375,0.999998,0.993856,1.00431,0.999998,nan,nan,1,1.00002,1,1,0
7.0625,8.0625,0.999999,0.995598,1.00296,0.999999,nan,nan,1,1.00002,1,1,0
7.0625,8.1875,1,0.9969,1.00201,1,nan,nan,1,1.00002,1,1,0
7.0625,8.3125,1,0.997854,1.00134,1,nan,nan,1,1.00002,1,1,0
7.0625,8.4375,1,0.998539,1.00088,1,nan,nan,1,1.00002,1,1,0
7.0625,8.5625,1,0.999023,1.00057,1,nan,nan,1,1.00002,1,1,0
7.0625,8.6875,1,0.999357,1.00036,1,nan,nan,1,1.00002,1,1,0
7.0625,8.8125,1,0.999584,1.00023,1,nan,nan,1,1.00002,1,1,0
7.0625,8.9375,1,0.999735,1.00014,1,nan,nan,1,1.00002,1,1,0
7.0625,9.0625,1,0.999834,1.00008,1,nan,nan,1,1.00002,1,1,0
7.0625,9.1875,1,0.999898,1.00005,1,nan,nan,1,1.00002,1,1,0
7.0625,9.3125,1,0.999938,1.00003,1,nan,nan,1,1.00002,1,1,0
7.0625,9.4375,1,0.999963,1.00002,1,nan,nan,1,1.00002,1,1,0
7.0625,9.5625,1,0.999978,1.00001,1,nan,nan,1,1.00002,1,1,0
7.0625,9.6875,1,0.999988,1.00001,1,nan,nan,1,1.00002,1,1,0
7.0625,9.8125,1,0.999993,1,1,nan,nan,1,1.00002,1,1,0
7.0625,9.9375,1,0.999996,1,1,nan,nan,1,1.00002,1,1,0
7.1875,0.0625,1,1,1,1,nan,nan,1,1.00002,1,1,0
7.1875,0.1875,1,1.00001,1,1,nan,nan,1,1.00002,1,1,0
7.1875,0.3125,1,1.00001,1,1,nan,nan,1,1.00002,1,1,0
7.1875,0.4375,1,1.00002,1.00001,1,nan,nan,1,1.00002,1,1,0
7.1875,0.5625,1,1.00003,1.00001,1,nan,nan,1,1.00002,1,1,0
7.1875,0.6875,1,1.00005,1.00002,1,nan,nan,1,1.00002,1,1,0
7.1875,0.8125,1,1.00008,1.00004,1,nan,nan,1,1.00002,1,1,0
7.1875,0.9375,1,1.00013,1.00007,1,nan,nan,1,1.00002,1,1,0
7.1875,1.0625,1,1.0002,1.00011,1,nan,nan,1,1.00002,1,1,0
7.1875,1.1875,1,1.00032,1.00018,1,nan,nan,1,1.00002,1,1,0
7.1875,1.3125,1,1.00049,1.00029,1,nan,nan,1,1.00002,1,1,0
7.1875,1.4375,1,1.00075,1.00046,1,nan,nan,1,1.00002,1,1,0
7.1875,1.5625,1,1.00112,1.00071,1,nan,nan,1,1.00002,1,1,0
7.1875,1.6875,1,1.00165,1.00109,1,nan,nan,1,1.00002,1,1,0
7.1875,1.8125,1,1.00238,1.00163,1,nan,nan,1,1.00002,1,1,0
7.1875,1.9375,1,1.00338,1.00241,0.999999,nan,nan,1,1.00002,1,1,0
7.1875,2.0625,0.999999,1.00471,1.00351,0.999999,nan,nan,1,1.00002,1,1,0
7.1875,2.1875,0.999998,1.00646,1.00502,0.999997,nan,nan,1,1.00002,1,1,0
7.1875,2.3125,0.999996,1.00871,1.00709,0.999995,nan,nan,1,1.00002,1,1,0
7.1875,2.4375,0.999993,1.01152,1.00984,0.99999,nan,nan,1,1.00002,1,1,0
7.1875,2.5625,0.999987,1.01498,1.01345,0.999981,nan,nan,1,1.00002,1,1,0
7.1875,2.6875,0.999976,1.01913,1.0181,0.999966,nan,nan,1,1.00002,1,1,0
7.1875,2.8125,0.999957,1.02397,1.02397,0.99994,nan,nan,1,1.00002,1,1,0
7.1875,2.9375,0.999927,1.02948,1.03127,0.999898,nan,nan,1,1.00002,1,1,0
7.1875,3.0625,0.99988,1.03556,1.04015,0.999832,nan,nan,1,1.00002,1,1,0
7.1875,3.1875,0.999808,1.04205,1.05075,0.999731,nan,nan,1,1.00002,1,1,0
7.1875,3.3125,0.999702,1.04872,1.06316,0.999583,nan,nan,1,1.00002,1,1,0
7.1875,3.4375,0.999553,1.05528,1.07739,0.999374,nan,nan,1,1.00002,1,1,0
7.1875,3.5625,0.99935,1.06134,1.09334,0.99909,nan,nan,1,1.00002,1,1,0
7.1875,3.6875,0.999083,1.06651,1.11085,0.998717,nan,nan,1,1.00002,1,1,0
7.1875,3.8125,0.998747,1.07035,1.1296,0.998246,nan,nan,1,1.00002,1,1,0
7.1875,3.9375,0.99834,1.07245,1.14916,0.997677,nan,nan,1,1.00002,1,1,0
7.1875,4.0625,0.997869,1.07244,1.16902,0.997018,nan,nan,1,1.00002,1,1,0
7.1875,4.1875,0.997348,1.07004,1.18856,0.99629,nan,nan,1,1.00002,1,1,0
7.1875,4.3125,0.996802,1.06509,1.20709,0.995526,nan,nan,1,1.00002,1,1,0
7.1875,4.4375,0.996262,1.05758,1.22392,0.994771,nan,nan,1,1.00002,1,1,0
7.1875,4.5625,0.995765,1.04767,1.23836,0.994076,nan,nan,1,1.00002,1,1,0
7.1875,4.6875,0.995349,1.03569,1.2498,0.993495,nan,nan,1,1.00002,1,1,0
7.1875,4.8125,0.99505,1.02209,1.25773,0.993076,nan,nan,1,1.00002,1,1,0
7.1875,4.9375,0.994893,1.00748,1.26179,0.992857,nan,nan,1,1.00002,1,1,0
7.1875,5.0625,0.994893,0.99252,1.26179,0.992857,nan,nan,1,1.00002,1,1,0
7.1875,5.1875,0.99505,0.977909,1.25773,0.993076,nan,nan,1,1.00002,1,1,0
7.1875,5.3125,0.995349,0.964314,1.2498,0.993495,nan,nan,1,1.00002,1,1,0
7.1875,5.4375,0.995765,0.952327,1.23836,0.994076,nan,nan,1,1.00002,1,1,0
7.1875,5.5625,0.996262,0.94242,1.22392,0.994771,nan,nan,1,1.00002,1,1,0
7.1875,5.6875,0.996802,0.934914,1.20709,0.995526,nan,nan,1,1.00002,1,1,0
7.1875,5.8125,0.997348,0.929963,1.18856,0.99629,nan,nan,1,1.00002,1,1,0
7.1875,5.9375,0.997869,0.927561,1.16902,0.997018,nan,nan,1,1.00002,1,1,0
7.1875,6.0625,0.99834,0.927549,1.14916,0.997677,nan,nan,1,1.00002,1,1,0
7.1875,6.1875,0.998747,0.929648,1.1296,0.998246,nan,nan,1,1.00002,1,1,0
7.1875,6.3125,0.999083,0.933491,1.11085,0.998717,nan,nan,1,1.00002,1,1,0
7.1875,6.4375,0.99935,0.938659,1.09334,0.99909,nan,nan,1,1.00002,1,1,0
7.1875,6.5625,0.999553,0.944725,1.07739,0.999374,nan,nan,1,1.00002,1,1,0
7.1875,6.6875,0.999702,0.951277,1.06316,0.999583,nan,nan,1,1.00002,1,1,0
7.1875,6.8125,0.999808,0.95795,1.05075,0.999731,nan,nan,1,1.00002,1,1,0
7.1875,6.9375,0.99988,0.964441,1.04015,0.999832,nan,nan,1,1.00002,1,1,0
7.1875,7.0625,0.999927,0.97052,1.03127,0.999898,nan,nan,1,1.00002,1,1,0
7.1875,7.1875,0.999957,0.976027,1.02397,0.99994,nan,nan,1,1.00002,1,1,0
7.1875,7.3125,0.999976,0.98087,1.0181,0.999966,nan,nan,1,1.00002,1,1,0
7.1875,7.4375,0.999987,0.985016,1.01345,0.999981,nan,nan,1,1.00002,1,1,0
7.1875,7.5625,0.999993,0.988475,1.00984,0.99999,nan,nan,1,1.00002,1,1,0
7.1875,7.6875,0.999996,0.991294,1.00709,0.999995,nan,nan,1,1.00002,1,1,0
7.1875,7.8125,0.999998,0.993539,1.00502,0.999997,nan,nan,1,1.00002,1,1,0
7.1875,7.9375,0.999999,0.995289,1.00351,0.999999,nan,nan,1,1.00002,1,1,0
7.1875,8.0625,1,0.996625,1.00241,0.999999,nan,nan,1,1.00002,1,1,0
7.1875,8.1875,1,0.997623,1.00163,1,nan,nan,1,1.00002,1,1,0
7.1875,8.3125,1,0.998354,1.00109,1,nan,nan,1,1.00002,1,1,0
7.1875,8.4375,1,0.99888,1.00071,1,nan,nan,1,1.00002,1,1,0
7.1875,8.5625,1,0.999251,1.00046,1,nan,nan,1,1.00002,1,1,0
7.1875,8.6875,1,0.999507,1.00029,1,nan,nan,1,1.00002,1,1,0
7.1875,8.8125,1,0.999681,1.00018,1,nan,nan,1,1.00002,1,1,0
7.1875,8.9375,1,0.999797,1.00011,1,nan,nan,1,1.00002,1,1,0
7.1875,9.0625,1,0.999873,1.00007,1,nan,nan,1,1.00002,1,1,0
7.1875,9.1875,1,0.999922,1.00004,1,nan,nan,1,1.00002,1,1,0
7.1875,9.3125,1,0.999953,1.00002,1,nan,nan,1,1.00002,1,1,0
7.1875,9.4375,1,0.999972,1.00001,1,nan,nan,1,1.00002,1,1,0
7.1875,9.5625,1,0.999983,1.00001,1,nan,nan,1,1.00002,1,1,0
7.1875,9.6875,1,0.99999,1,1,nan,nan,1,1.00002,1,1,0
7.1875,9.8125,1,0.999995,1,1,nan,nan,1,1.00002,1,1,0
7.1875,9.9375,1,0.999997,1,1,nan,nan,1,1.00002,1,1,0
7.3125,0.0625,1,1,1,1,nan,nan,1,1.00002,1,1,0
7.3125,0.1875,1,1,1,1,nan,nan,1,1.00002,1,1,0
7.3125,0.3125,1,1.00001,1,1,nan,nan,1,1.00002,1,1,0
7.3125,0.4375,1,1.00001,1.00001,1,nan,nan,1,1.00002,1,1,0
7.3125,0.5625,1,1.00002,1.00001,1,nan,nan,1,1.00002,1,1,0
7.3125,0.6875,1,1.00004,1.00002,1,nan,nan,1,1.00002,1,1,0
7.3125,0.8125,1,1.00006,1.00003,1,nan,nan,1,1.00002,1,1,0
7.3125,0.9375,1,1.0001,1.00005,1,nan,nan,1,1.00002,1,1,0
7.3125,1.0625,1,1.00015,1.00009,1,nan,nan,1,1.00002,1,1,0
7.3125,1.1875,1,1.00024,1.00015,1,nan,nan,1,1.00002,1,1,0
7.3125,1.3125,1,1.00037,1.00023,1,nan,nan,1,1.00002,1,1,0
7.3125,1.4375,1,1.00057,1.00037,1,nan,nan,1,1.00002,1,1,0
7.3125,1.5625,1,1.00085,1.00057,1,nan,nan,1,1.00002,1,1,0
7.3125,1.6875,1,1.00124,1.00087,1,nan,nan,1,1.00002,1,1,0
7.3125,1.8125,1,1.00179,1.0013,1,nan,nan,1,1.00002,1,1,0
7.3125,1.9375,1,1.00255,1.00192,1,nan,nan,1,1.00002,1,1,0
7.3125,2.0625,0.999999,1.00356,1.0028,0.999999,nan,nan,1,1.00002,1,1,0
7.3125,2.1875,0.999999,1.00488,1.00401,0.999998,nan,nan,1,1.00002,1,1,0
7.3125,2.3125,0.999998,1.00657,1.00565,0.999997,nan,nan,1,1.00002,1,1,0
7.3125,2.4375,0.999996,1.0087,1.00785,0.999994,nan,nan,1,1.00002,1,1,0
7.3125,2.5625,0.999992,1.01131,1.01073,0.999989,nan,nan,1,1.00002,1,1,0
7.3125,2.6875,0.999986,1.01444,1.01444,0.999981,nan,nan,1,1.00002,1,1,0
7.3125,2.8125,0.999976,1.0181,1.01913,0.999966,nan,nan,1,1.00002,1,1,0
7.3125,2.9375,0.999958,1.02225,1.02495,0.999942,nan,nan,1,1.00002,1,1,0
7.3125,3.0625,0.999931,1.02684,1.03204,0.999904,nan,nan,1,1.00002,1,1,0
7.3125,3.1875,0.99989,1.03174,1.0405,0.999847,nan,nan,1,1.00002,1,1,0
7.3125,3.3125,0.99983,1.03678,1.0504,0.999763,nan,nan,1,1.00002,1,1,0
7.3125,3.4375,0.999745,1.04172,1.06175,0.999644,nan,nan,1,1.00002,1,1,0
7.3125,3.5625,0.99963,1.0463,1.07449,0.999481,nan,nan,1,1.00002,1,1,0
7.3125,3.6875,0.999478,1.0502,1.08845,0.999269,nan,nan,1,1.00002,1,1,0
7.3125,3.8125,0.999286,1.0531,1.10341,0.999,nan,nan,1,1.00002,1,1,0
7.3125,3.9375,0.999054,1.05469,1.11903,0.998676,nan,nan,1,1.00002,1,1,0
7.3125,4.0625,0.998786,1.05468,1.13488,0.9983,nan,nan,1,1.00002,1,1,0
7.3125,4.1875,0.998489,1.05287,1.15047,0.997885,nan,nan,1,1.00002,1,1,0
7.3125,4.3125,0.998177,1.04913,1.16525,0.997449,nan,nan,1,1.00002,1,1,0
7.3125,4.4375,0.997869,1.04346,1.17868,0.997018,nan,nan,1,1.00002,1,1,0
7.3125,4.5625,0.997586,1.03599,1.19021,0.996621,nan,nan,1,1.00002,1,1,0
7.3125,4.6875,0.997348,1.02694,1.19934,0.99629,nan,nan,1,1.00002,1,1,0
7.3125,4.8125,0.997178,1.01668,1.20566,0.996051,nan,nan,1,1.00002,1,1,0
7.3125,4.9375,0.997088,1.00565,1.2089,0.995926,nan,nan,1,1.00002,1,1,0
7.3125,5.0625,0.997088,0.994354,1.2089,0.995926,nan,nan,1,1.00002,1,1,0
7.3125,5.1875,0.997178,0.983325,1.20566,0.996051,nan,nan,1,1.00002,1,1,0
7.3125,5.3125,0.997348,0.973063,1.19934,0.99629,nan,nan,1,1.00002,1,1,0
7.3125,5.4375,0.997586,0.964015,1.19021,0.996621,nan,nan,1,1.00002,1,1,0
7.3125,5.5625,0.997869,0.956537,1.17868,0.997018,nan,nan,1,1.00002,1,1,0
7.3125,5.6875,0.998177,0.95087,1.16525,0.997449,nan,nan,1,1.00002,1,1,0
7.3125,5.8125,0.998489,0.947133,1.15047,0.997885,nan,nan,1,1.00002,1,1,0
7.3125,5.9375,0.998786,0.94532,1.13488,0.9983,nan,nan,1,1.00002,1,1,0
7.3125,6.0625,0.999054,0.945311,1.11903,0.998676,nan,nan,1,1.00002,1,1,0
7.3125,6.1875,0.999286,0.946896,1.10341,0.999,nan,nan,1,1.00002,1,1,0
7.3125,6.3125,0.999478,0.949796,1.08845,0.999269,nan,nan,1,1.00002,1,1,0
7.3125,6.4375,0.99963,0.953698,1.07449,0.999481,nan,nan,1,1.00002,1,1,0
7.3125,6.5625,0.999745,0.958276,1.06175,0.999644,nan,nan,1,1.00002,1,1,0
7.3125,6.6875,0.99983,0.963222,1.0504,0.999763,nan,nan,1,1.00002,1,1,0
7.3125,6.8125,0.99989,0.968259,1.0405,0.999847,nan,nan,1,1.00002,1,1,0
7.3125,6.9375,0.999931,0.973159,1.03204,0.999904,nan,nan,1,1.00002,1,1,0
7.3125,7.0625,0.999958,0.977748,1.02495,0.999942,nan,nan,1,1.00002,1,1,0
7.3125,7.1875,0.999976,0.981904,1.01913,0.999966,nan,nan,1,1.00002,1,1,0
7.3125,7.3125,0.999986,0.98556,1.01444,0.999981,nan,nan,1,1.00002,1,1,0
7.3125,7.4375,0.999992,0.988689,1.01073,0.999989,nan,nan,1,1.00002,1,1,0
7.3125,7.5625,0.999996,0.9913,1.00785,0.999994,nan,nan,1,1.00002,1,1,0
7.3125,7.6875,0.999998,0.993428,1.00565,0.999997,nan,nan,1,1.00002,1,1,0
7.3125,7.8125,0.999999,0.995123,1.00401,0.999998,nan,nan,1,1.00002,1,1,0
7.3125,7.9375,0.999999,0.996444,1.0028,0.999999,nan,nan,1,1.00002,1,1,0
7.3125,8.0625,1,0.997452,1.00192,1,nan,nan,1,1.00002,1,1,0
7.3125,8.1875,1,0.998206,1.0013,1,nan,nan,1,1.00002,1,1,0
7.3125,8.3125,1,0.998758,1.00087,1,nan,nan,1,1.00002,1,1,0
7.3125,8.4375,1,0.999155,1.00057,1,nan,nan,1,1.00002,1,1,0
7.3125,8.5625,1,0.999434,1.00037,1,nan,nan,1,1.00002,1,1,0
7.3125,8.6875,1,0.999628,1.00023,1,nan,nan,1,1.00002,1,1,0
7.3125,8.8125,1,0.999759,1.00015,1,nan,nan,1,1.00002,1,1,0
7.3125,8.9375,1,0.999847,1.00009,1,nan,nan,1,1.00002,1,1,0
7.3125,9.0625,1,0.999904,1.00005,1,nan,nan,1,1.00002,1,1,0
7.3125,9.1875,1,0.999941,1.00003,1,nan,nan,1,1.00002,1,1,0
7.3125,9.3125,1,0.999964,1.00002,1,nan,nan,1,1.00002,1,1,0
7.3125,9.4375,1,0.999979,1.00001,1,nan,nan,1,1.00002,1,1,0
7.3125,9.5625,1,0.999988,1.00001,1,nan,nan,1,1.00002,1,1,0
7.3125,9.6875,1,0.999993,1,1,nan,nan,1,1.00002,1,1,0
7.3125,9.8125,1,0.999996,1,1,nan,nan,1,1.00002,1,1,0
7.3125,9.9375,1,0.999998,1,1,nan,nan,1,1.00002,1,1,0
7.4375,0.0625,1,1,1,1,nan,nan,1,1.00002,1,1,0
7.4375,0.1875,1,1,1,1,nan,nan,1,1.00002,1,1,0
7.4375,0.3125,1,1.00001,1,1,nan,nan,1,1.00002,1,1,0
7.4375,0.4375,1,1.00001,1,1,nan,nan,1,1.00002,1,1,0
7.4375,0.5625,1,1.00002,1.00001,1,nan,nan,1,1.00002,1,1,0
7.4375,0.6875,1,1.00003,1.00002,1,nan,nan,1,1.00002,1,1,0
7.4375,0.8125,1,1.00004,1.00003,1,nan,nan,1,1.00002,1,1,0
7.4375,0.9375,1,1.00007,1.00004,1,nan,nan,1,1.00002,1,1,0
7.4375,1.0625,1,1.00011,1.00007,1,nan,nan,1,1.00002,1,1,0
7.4375,1.1875,1,1.00018,1.00011,1,nan,nan,1,1.00002,1,1,0
7.4375,1.3125,1,1.00028,1.00018,1,nan,nan,1,1.00002,1,1,0
7.4375,1.4375,1,1.00042,1.00029,1,nan,nan,1,1.00002,1,1,0
7.4375,1.5625,1,1.00063,1.00045,1,nan,nan,1,1.00002,1,1,0
7.4375,1.6875,1,1.00092,1.00068,1,nan,nan,1,1.00002,1,1,0
7.4375,1.8125,1,1.00133,1.00102,1,nan,nan,1,1.00002,1,1,0
7.4375,1.9375,1,1.00189,1.00151,1,nan,nan,1,1.00002,1,1,0
7.4375,2.0625,1,1.00264,1.00219,1,nan,nan,1,1.00002,1,1,0
7.4375,2.1875,0.999999,1.00362,1.00314,0.999999,nan,nan,1,1.00002,1,1,0
7.4375,2.3125,0.999999,1.00488,1.00443,0.999998,nan,nan,1,1.00002,1,1,0
7.4375,2.4375,0.999998,1.00646,1.00615,0.999997,nan,nan,1,1.00002,1,1,0
7.4375,2.5625,0.999996,1.00841,1.00841,0.999994,nan,nan,1,1.00002,1,1,0
7.4375,2.6875,0.999992,1.01073,1.01131,0.999989,nan,nan,1,1.00002,1,1,0
7.4375,2.8125,0.999987,1.01345,1.01498,0.999981,nan,nan,1,1.00002,1,1,0
7.4375,2.9375,0.999977,1.01654,1.01954,0.999968,nan,nan,1,1.00002,1,1,0
7.4375,3.0625,0.999962,1.01995,1.02509,0.999947,nan,nan,1,1.00002,1,1,0
7.4375,3.1875,0.99994,1.02359,1.03172,0.999915,nan,nan,1,1.00002,1,1,0
7.4375,3.3125,0.999906,1.02733,1.03948,0.999869,nan,nan,1,1.00002,1,1,0
7.4375,3.4375,0.999859,1.03101,1.04837,0.999803,nan,nan,1,1.00002,1,1,0
7.4375,3.5625,0.999795,1.03441,1.05835,0.999714,nan,nan,1,1.00002,1,1,0
7.4375,3.6875,0.999711,1.03731,1.06929,0.999596,nan,nan,1,1.00002,1,1,0
7.4375,3.8125,0.999606,1.03946,1.081,0.999448,nan,nan,1,1.00002,1,1,0
7.4375,3.9375,0.999478,1.04064,1.09324,0.999269,nan,nan,1,1.00002,1,1,0
7.4375,4.0625,0.999329,1.04063,1.10565,0.999061,nan,nan,1,1.00002,1,1,0
7.4375,4.1875,0.999165,1.03929,1.11786,0.998831,nan,nan,1,1.00002,1,1,0
7.4375,4.3125,0.998993,1.03651,1.12945,0.998591,nan,nan,1,1.00002,1,1,0
7.4375,4.4375,0.998823,1.0323,1.13996,0.998352,nan,nan,1,1.00002,1,1,0
7.4375,4.5625,0.998666,1.02674,1.14899,0.998133,nan,nan,1,1.00002,1,1,0
7.4375,4.6875,0.998535,1.02002,1.15614,0.99795,nan,nan,1,1.00002,1,1,0
7.4375,4.8125,0.998441,1.01239,1.1611,0.997818,nan,nan,1,1.00002,1,1,0
7.4375,4.9375,0.998391,1.0042,1.16363,0.997748,nan,nan,1,1.00002,1,1,0
7.4375,5.0625,0.998391,0.995804,1.16363,0.997748,nan,nan,1,1.00002,1,1,0
7.4375,5.1875,0.998441,0.987608,1.1611,0.997818,nan,nan,1,1.00002,1,1,0
7.4375,5.3125,0.998535,0.979982,1.15614,0.99795,nan,nan,1,1.00002,1,1,0
7.4375,5.4375,0.998666,0.973258,1.14899,0.998133,nan,nan,1,1.00002,1,1,0
7.4375,5.5625,0.998823,0.967701,1.13996,0.998352,nan,nan,1,1.00002,1,1,0
7.4375,5.6875,0.998993,0.96349,1.12945,0.998591,nan,nan,1,1.00002,1,1,0
7.4375,5.8125,0.999165,0.960713,1.11786,0.998831,nan,nan,1,1.00002,1,1,0
7.4375,5.9375,0.999329,0.959365,1.10565,0.999061,nan,nan,1,1.00002,1,1,0
7.4375,6.0625,0.999478,0.959359,1.09324,0.999269,nan,nan,1,1.00002,1,1,0
7.4375,6.1875,0.999606,0.960536,1.081,0.999448,nan,nan,1,1.00002,1,1,0
7.4375,6.3125,0.999711,0.962692,1.06929,0.999596,nan,nan,1,1.00002,1,1,0
7.4375,6.4375,0.999795,0.965591,1.05835,0.999714,nan,nan,1,1.00002,1,1,0
7.4375,6.5625,0.999859,0.968993,1.04837,0.999803,nan,nan,1,1.00002,1,1,0
7.4375,6.6875,0.999906,0.972669,1.03948,0.999869,nan,nan,1,1.00002,1,1,0
7.4375,6.8125,0.99994,0.976412,1.03172,0.999915,nan,nan,1,1.00002,1,1,0
7.4375,6.9375,0.999962,0.980053,1.02509,0.999947,nan,nan,1,1.00002,1,1,0
7.4375,7.0625,0.999977,0.983463,1.01954,0.999968,nan,nan,1,1.00002,1,1,0
7.4375,7.1875,0.999987,0.986552,1.01498,0.999981,nan,nan,1,1.00002,1,1,0
7.4375,7.3125,0.999992,0.989269,1.01131,0.999989,nan,nan,1,1.00002,1,1,0
7.4375,7.4375,0.999996,0.991595,1.00841,0.999994,nan,nan,1,1.00002,1,1,0
7.4375,7.5625,0.999998,0.993535,1.00615,0.999997,nan,nan,1,1.00002,1,1,0
7.4375,7.6875,0.999999,0.995116,1.00443,0.999998,nan,nan,1,1.00002,1,1,0
7.4375,7.8125,0.999999,0.996376,1.00314,0.999999,nan,nan,1,1.00002,1,1,0
7.4375,7.9375,1,0.997358,1.00219,1,nan,nan,1,1.00002,1,1,0
7.4375,8.0625,1,0.998107,1.00151,1,nan,nan,1,1.00002,1,1,0
7.4375,8.1875,1,0.998667,1.00102,1,nan,nan,1,1.00002,1,1,0
7.4375,8.3125,1,0.999077,1.00068,1,nan,nan,1,1.00002,1,1,0
7.4375,8.4375,1,0.999372,1.00045,1,nan,nan,1,1.00002,1,1,0
7.4375,8.5625,1,0.99958,1.00029,1,nan,nan,1,1.00002,1,1,0
7.4375,8.6875,1,0.999723,1.00018,1,nan,nan,1,1.00002,1,1,0
7.4375,8.8125,1,0.999821,1.00011,1,nan,nan,1,1.00002,1,1,0
7.4375,8.9375,1,0.999886,1.00007,1,nan,nan,1,1.00002,1,1,0
7.4375,9.0625,1,0.999929,1.00004,1,nan,nan,1,1.00002,1,1,0
7.4375,9.1875,1,0.999956,1.00003,1,nan,nan,1,1.00002,1,1,0
7.4375,9.3125,1,0.999973,1.00002,1,nan,nan,1,1.00002,1,1,0
7.4375,9.4375,1,0.999984,1.00001,1,nan,nan,1,1.00002,1,1,0
7.4375,9.5625,1,0.999991,1,1,nan,nan,1,1.00002,1,1,0
7.4375,9.6875,1,0.999995,1,1,nan,nan,1,1.00002,1,1,0
7.4375,9.8125,1,0.999997,1,1,nan,nan,1,1.00002,1,1,0
7.4375,9.9375,1,0.999998,1,1,nan,nan,1,1.00002,1,1,0
7.5625,0.0625,1,1,1,1,nan,nan,1,1.00002,1,1,0
7.5625,0.1875,1,1,1,1,nan,nan,1,1.00002,1,1,0
7.5625,0.3125,1,1,1,1,nan,nan,1,1.00002,1,1,0
7.5625,0.4375,1,1.00001,1,1,nan,nan,1,1.00002,1,1,0
7.5625,0.5625,1,1.00001,1.00001,1,nan,nan,1,1.00002,1,1,0
7.5625,0.6875,1,1.00002,1.00001,1,nan,nan,1,1.00002,1,1,0
7.5625,0.8125,1,1.00003,1.00002,1,nan,nan,1,1.00002,1,1,0
7.5625,0.9375,1,1.00005,1.00003,1,nan,nan,1,1.00002,1,1,0
7.5625,1.0625,1,1.00008,1.00005,1,nan,nan,1,1.00002,1,1,0
7.5625,1.1875,1,1.00013,1.00009,1,nan,nan,1,1.00002,1,1,0
7.5625,1.3125,1,1.0002,1.00014,1,nan,nan,1,1.00002,1,1,0
7.5625,1.4375,1,1.00031,1.00022,1,nan,nan,1,1.00002,1,1,0
7.5625,1.5625,1,1.00046,1.00034,1,nan,nan,1,1.00002,1,1,0
7.5625,1.6875,1,1.00068,1.00052,1,nan,nan,1,1.00002,1,1,0
7.5625,1.8125,1,1.00098,1.00078,1,nan,nan,1,1.00002,1,1,0
7.5625,1.9375,1,1.00139,1.00116,1,nan,nan,1,1.00002,1,1,0
7.5625,2.0625,1,1.00193,1.00169,1,nan,nan,1,1.00002,1,1,0
7.5625,2.1875,1,1.00265,1.00242,1,nan,nan,1,1.00002,1,1,0
7.5625,2.3125,0.999999,1.00357,1.00341,0.999999,nan,nan,1,1.00002,1,1,0
7.5625,2.4375,0.999999,1.00473,1.00473,0.999998,nan,nan,1,1.00002,1,1,0
7.5625,2.5625,0.999998,1.00615,1.00646,0.999997,nan,nan,1,1.00002,1,1,0
7.5625,2.6875,0.999996,1.00785,1.0087,0.999994,nan,nan,1,1.00002,1,1,0
7.5625,2.8125,0.999993,1.00984,1.01152,0.99999,nan,nan,1,1.00002,1,1,0
7.5625,2.9375,0.999988,1.0121,1.01503,0.999983,nan,nan,1,1.00002,1,1,0
7.5625,3.0625,0.99998,1.01459,1.0193,0.999972,nan,nan,1,1.00002,1,1,0
7.5625,3.1875,0.999968,1.01726,1.0244,0.999955,nan,nan,1,1.00002,1,1,0
7.5625,3.3125,0.99995,1.02,1.03036,0.99993,nan,nan,1,1.00002,1,1,0
7.5625,3.4375,0.999925,1.02268,1.0372,0.999895,nan,nan,1,1.00002,1,1,0
7.5625,3.5625,0.99989,1.02517,1.04488,0.999847,nan,nan,1,1.00002,1,1,0
7.5625,3.6875,0.999846,1.0273,1.05329,0.999784,nan,nan,1,1.00002,1,1,0
7.5625,3.8125,0.999789,1.02887,1.0623,0.999704,nan,nan,1,1.00002,1,1,0
7.5625,3.9375,0.99972,1.02973,1.07171,0.999608,nan,nan,1,1.00002,1,1,0
7.5625,4.0625,0.999641,1.02973,1.08126,0.999497,nan,nan,1,1.00002,1,1,0
7.5625,4.1875,0.999553,1.02874,1.09065,0.999374,nan,nan,1,1.00002,1,1,0
7.5625,4.3125,0.999461,1.02671,1.09956,0.999245,nan,nan,1,1.00002,1,1,0
7.5625,4.4375,0.99937,1.02363,1.10765,0.999118,nan,nan,1,1.00002,1,1,0
7.5625,4.5625,0.999286,1.01956,1.11459,0.999,nan,nan,1,1.00002,1,1,0
7.5625,4.6875,0.999216,1.01465,1.12009,0.998902,nan,nan,1,1.00002,1,1,0
7.5625,4.8125,0.999165,1.00907,1.12391,0.998831,nan,nan,1,1.00002,1,1,0
7.5625,4.9375,0.999139,1.00307,1.12586,0.998794,nan,nan,1,1.00002,1,1,0
7.5625,5.0625,0.999139,0.99693,1.12586,0.998794,nan,nan,1,1.00002,1,1,0
7.5625,5.1875,0.999165,0.990934,1.12391,0.998831,nan,nan,1,1.00002,1,1,0
7.5625,5.3125,0.999216,0.985354,1.12009,0.998902,nan,nan,1,1.00002,1,1,0
7.5625,5.4375,0.999286,0.980435,1.11459,0.999,nan,nan,1,1.00002,1,1,0
7.5625,5.5625,0.99937,0.976369,1.10765,0.999118,nan,nan,1,1.00002,1,1,0
7.5625,5.6875,0.999461,0.973289,1.09956,0.999245,nan,nan,1,1.00002,1,1,0
7.5625,5.8125,0.999553,0.971257,1.09065,0.999374,nan,nan,1,1.00002,1,1,0
7.5625,5.9375,0.999641,0.970271,1.08126,0.999497,nan,nan,1,1.00002,1,1,0
7.5625,6.0625,0.99972,0.970266,1.07171,0.999608,nan,nan,1,1.00002,1,1,0
7.5625,6.1875,0.999789,0.971128,1.0623,0.999704,nan,nan,1,1.00002,1,1,0
7.5625,6.3125,0.999846,0.972705,1.05329,0.999784,nan,nan,1,1.00002,1,1,0
7.5625,6.4375,0.99989,0.974826,1.04488,0.999847,nan,nan,1,1.00002,1,1,0
7.5625,6.5625,0.999925,0.977315,1.0372,0.999895,nan,nan,1,1.00002,1,1,0
7.5625,6.6875,0.99995,0.980004,1.03036,0.99993,nan,nan,1,1.00002,1,1,0
7.5625,6.8125,0.999968,0.982743,1.0244,0.999955,nan,nan,1,1.00002,1,1,0
7.5625,6.9375,0.99998,0.985407,1.0193,0.999972,nan,nan,1,1.00002,1,1,0
7.5625,7.0625,0.999988,0.987902,1.01503,0.999983,nan,nan,1,1.00002,1,1,0
7.5625,7.1875,0.999993,0.990162,1.01152,0.99999,nan,nan,1,1.00002,1,1,0
7.5625,7.3125,0.999996,0.992149,1.0087,0.999994,nan,nan,1,1.00002,1,1,0
7.5625,7.4375,0.999998,0.99385,1.00646,0.999997,nan,nan,1,1.00002,1,1,0
7.5625,7.5625,0.999999,0.99527,1.00473,0.999998,nan,nan,1,1.00002,1,1,0
7.5625,7.6875,0.999999,0.996427,1.00341,0.999999,nan,nan,1,1.00002,1,1,0
7.5625,7.8125,1,0.997349,1.00242,1,nan,nan,1,1.00002,1,1,0
7.5625,7.9375,1,0.998067,1.00169,1,nan,nan,1,1.00002,1,1,0
7.5625,8.0625,1,0.998615,1.00116,1,nan,nan,1,1.00002,1,1,0
7.5625,8.1875,1,0.999024,1.00078,1,nan,nan,1,1.00002,1,1,0
7.5625,8.3125,1,0.999325,1.00052,1,nan,nan,1,1.00002,1,1,0
7.5625,8.4375,1,0.99954,1.00034,1,nan,nan,1,1.00002,1,1,0
7.5625,8.5625,1,0.999692,1.00022,1,nan,nan,1,1.00002,1,1,0
7.5625,8.6875,1,0.999798,1.00014,1,nan,nan,1,1.00002,1,1,0
7.5625,8.8125,1,0.999869,1.00009,1,nan,nan,1,1.00002,1,1,0
7.5625,8.9375,1,0.999917,1.00005,1,nan,nan,1,1.00002,1,1,0
7.5625,9.0625,1,0.999948,1.00003,1,nan,nan,1,1.00002,1,1,0
7.5625,9.1875,1,0.999968,1.00002,1,nan,nan,1,1.00002,1,1,0
7.5625,9.3125,1,0.999981,1.00001,1,nan,nan,1,1.00002,1,1,0
7.5625,9.4375,1,0.999988,1.00001,1,nan,nan,1,1.00002,1,1,0
7.5625,9.5625,1,0.999993,1,1,nan,nan,1,1.00002,1,1,0
7.5625,9.6875,1,0.999996,1,1,nan,nan,1,1.00002,1,1,0
7.5625,9.8125,1,0.999998,1,1,nan,nan,1,1.00002,1,1,0
7.5625,9.9375,1,0.999999,1,1,nan,nan,1,1.00002,1,1,0
7.6875,0.0625,1,1,1,1,nan,nan,1,1.00002,1,1,0
7.6875,0.1875,1,1,1,1,nan,nan,1,1.00002,1,1,0
7.6875,0.3125,1,1,1,1,nan,nan,1,1.00002,1,1,0
7.6875,0.4375,1,1,1,1,nan,nan,1,1.00002,1,1,0
7.6875,0.5625,1,1.00001,1.00001,1,nan,nan,1,1.00002,1,1,0
7.6875,0.6875,1,1.00001,1.00001,1,nan,nan,1,1.00002,1,1,0
7.6875,0.8125,1,1.00002,1.00001,1,nan,nan,1,1.00002,1,1,0
7.6875,0.9375,1,1.00004,1.00002,1,nan,nan,1,1.00002,1,1,0
7.6875,1.0625,1,1.00006,1.00004,1,nan,nan,1,1.00002,1,1,0
7.6875,1.1875,1,1.00009,1.00007,1,nan,nan,1,1.00002,1,1,0
7.6875,1.3125,1,1.00015,1.00011,1,nan,nan,1,1.00002,1,1,0
7.6875,1.4375,1,1.00022,1.00017,1,nan,nan,1,1.00002,1,1,0
7.6875,1.5625,1,1.00033,1.00026,1,nan,nan,1,1.00002,1,1,0
7.6875,1.6875,1,1.00049,1.00039,1,nan,nan,1,1.00002,1,1,0
7.6875,1.8125,1,1.0007,1.00059,1,nan,nan,1,1.00002,1,1,0
7.6875,1.9375,1,1.001,1.00088,1,nan,nan,1,1.00002,1,1,0
7.6875,2.0625,1,1.00139,1.00127,1,nan,nan,1,1.00002,1,1,0
7.6875,2.1875,1,1.00191,1.00182,1,nan,nan,1,1.00002,1,1,0
7.6875,2.3125,1,1.00257,1.00257,1,nan,nan,1,1.00002,1,1,0
7.6875,2.4375,0.999999,1.00341,1.00357,0.999999,nan,nan,1,1.00002,1,1,0
7.6875,2.5625,0.999999,1.00443,1.00488,0.999998,nan,nan,1,1.00002,1,1,0
7.6875,2.6875,0.999998,1.00565,1.00657,0.999997,nan,nan,1,1.00002,1,1,0
7.6875,2.8125,0.999996,1.00709,1.00871,0.999995,nan,nan,1,1.00002,1,1,0
7.6875,2.9375,0.999994,1.00871,1.01135,0.999991,nan,nan,1,1.00002,1,1,0
7.6875,3.0625,0.999989,1.01051,1.01458,0.999985,nan,nan,1,1.00002,1,1,0
7.6875,3.1875,0.999983,1.01243,1.01843,0.999976,nan,nan,1,1.00002,1,1,0
7.6875,3.3125,0.999974,1.0144,1.02294,0.999964,nan,nan,1,1.00002,1,1,0
7.6875,3.4375,0.999961,1.01634,1.0281,0.999945,nan,nan,1,1.00002,1,1,0
7.6875,3.5625,0.999943,1.01813,1.0339,0.99992,nan,nan,1,1.00002,1,1,0
7.6875,3.6875,0.99992,1.01966,1.04026,0.999888,nan,nan,1,1.00002,1,1,0
7.6875,3.8125,0.99989,1.0208,1.04706,0.999847,nan,nan,1,1.00002,1,1,0
7.6875,3.9375,0.999855,1.02142,1.05417,0.999797,nan,nan,1,1.00002,1,1,0
7.6875,4.0625,0.999814,1.02141,1.06138,0.999739,nan,nan,1,1.00002,1,1,0
7.6875,4.1875,0.999768,1.0207,1.06848,0.999675,nan,nan,1,1.00002,1,1,0
7.6875,4.3125,0.99972,1.01924,1.07521,0.999608,nan,nan,1,1.00002,1,1,0
7.6875,4.4375,0.999673,1.01702,1.08132,0.999542,nan,nan,1,1.00002,1,1,0
7.6875,4.5625,0.99963,1.01409,1.08657,0.999481,nan,nan,1,1.00002,1,1,0
7.6875,4.6875,0.999593,1.01055,1.09072,0.99943,nan,nan,1,1.00002,1,1,0
7.6875,4.8125,0.999567,1.00653,1.0936,0.999394,nan,nan,1,1.00002,1,1,0
7.6875,4.9375,0.999553,1.00221,1.09507,0.999374,nan,nan,1,1.00002,1,1,0
7.6875,5.0625,0.999553,0.997789,1.09507,0.999374,nan,nan,1,1.00002,1,1,0
7.6875,5.1875,0.999567,0.99347,1.0936,0.999394,nan,nan,1,1.00002,1,1,0
7.6875,5.3125,0.999593,0.989451,1.09072,0.99943,nan,nan,1,1.00002,1,1,0
7.6875,5.4375,0.99963,0.985908,1.08657,0.999481,nan,nan,1,1.00002,1,1,0
7.6875,5.5625,0.999673,0.982979,1.08132,0.999542,nan,nan,1,1.00002,1,1,0
7.6875,5.6875,0.99972,0.98076,1.07521,0.999608,nan,nan,1,1.00002,1,1,0
7.6875,5.8125,0.999768,0.979297,1.06848,0.999675,nan,nan,1,1.00002,1,1,0
7.6875,5.9375,0.999814,0.978587,1.06138,0.999739,nan,nan,1,1.00002,1,1,0
7.6875,6.0625,0.999855,0.978584,1.05417,0.999797,nan,nan,1,1.00002,1,1,0
7.6875,6.1875,0.99989,0.979204,1.04706,0.999847,nan,nan,1,1.00002,1,1,0
7.6875,6.3125,0.99992,0.98034,1.04026,0.999888,nan,nan,1,1.00002,1,1,0
7.6875,6.4375,0.999943,0.981868,1.0339,0.99992,nan,nan,1,1.00002,1,1,0
7.6875,6.5625,0.999961,0.983661,1.0281,0.999945,nan,nan,1,1.00002,1,1,0
7.6875,6.6875,0.999974,0.985597,1.02294,0.999964,nan,nan,1,1.00002,1,1,0
7.6875,6.8125,0.999983,0.98757,1.01843,0.999976,nan,nan,1,1.00002,1,1,0
7.6875,6.9375,0.999989,0.989489,1.01458,0.999985,nan,nan,1,1.00002,1,1,0
7.6875,7.0625,0.999994,0.991286,1.01135,0.999991,nan,nan,1,1.00002,1,1,0
7.6875,7.1875,0.999996,0.992914,1.00871,0.999995,nan,nan,1,1.00002,1,1,0
7.6875,7.3125,0.999998,0.994345,1.00657,0.999997,nan,nan,1,1.00002,1,1,0
7.6875,7.4375,0.999999,0.995571,1.00488,0.999998,nan,nan,1,1.00002,1,1,0
7.6875,7.5625,0.999999,0.996593,1.00357,0.999999,nan,nan,1,1.00002,1,1,0
7.6875,7.6875,1,0.997426,1.00257,1,nan,nan,1,1.00002,1,1,0
7.6875,7.8125,1,0.99809,1.00182,1,nan,nan,1,1.00002,1,1,0
7.6875,7.9375,1,0.998608,1.00127,1,nan,nan,1,1.00002,1,1,0
7.6875,8.0625,1,0.999002,1.00088,1,nan,nan,1,1.00002,1,1,0
7.6875,8.1875,1,0.999297,1.00059,1,nan,nan,1,1.00002,1,1,0
7.6875,8.3125,1,0.999514,1.00039,1,nan,nan,1,1.00002,1,1,0
7.6875,8.4375,1,0.999669,1.00026,1,nan,nan,1,1.00002,1,1,0
7.6875,8.5625,1,0.999778,1.00017,1,nan,nan,1,1.00002,1,1,0
7.6875,8.6875,1,0.999854,1.00011,1,nan,nan,1,1.00002,1,1,0
7.6875,8.8125,1,0.999906,1.00007,1,nan,nan,1,1.00002,1,1,0
7.6875,8.9375,1,0.99994,1.00004,1,nan,nan,1,1.00002,1,1,0
7.6875,9.0625,1,0.999962,1.00002,1,nan,nan,1,1.00002,1,1,0
7.6875,9.1875,1,0.999977,1.00001,1,nan,nan,1,1.00002,1,1,0
7.6875,9.3125,1,0.999986,1.00001,1,nan,nan,1,1.00002,1,1,0
7.6875,9.4375,1,0.999992,1.00001,1,nan,nan,1,1.00002,1,1,0
7.6875,9.5625,1,0.999995,1,1,nan,nan,1,1.00002,1,1,0
7.6875,9.6875,1,0.999997,1,1,nan,nan,1,1.00002,1,1,0
7.6875,9.8125,1,0.999998,1,1,nan,nan,1,1.00002,1,1,0
7.6875,9.9375,1,0.999999,1,1,nan,nan,1,1.00002,1,1,0
7.8125,0.0625,1,1,1,1,nan,nan,1,1.00002,1,1,0
7.8125,0.1875,1,1,1,1,nan,nan,1,1.00002,1,1,0
7.8125,0.3125,1,1,1,1,nan,nan,1,1.00002,1,1,0
7.8125,0.4375,1,1,1,1,nan,nan,1,1.00002,1,1,0
7.8125,0.5625,1,1.00001,1,1,nan,nan,1,1.00002,1,1,0
7.8125,0.6875,1,1.00001,1.00001,1,nan,nan,1,1.00002,1,1,0
7.8125,0.8125,1,1.00002,1.00001,1,nan,nan,1,1.00002,1,1,0
7.8125,0.9375,1,1.00003,1.00002,1,nan,nan,1,1.00002,1,1,0
7.8125,1.0625,1,1.00004,1.00003,1,nan,nan,1,1.00002,1,1,0
7.8125,1.1875,1,1.00007,1.00005,1,nan,nan,1,1.00002,1,1,0
7.8125,1.3125,1,1.0001,1.00008,1,nan,nan,1,1.00002,1,1,0
7.8125,1.4375,1,1.00016,1.00012,1,nan,nan,1,1.00002,1,1,0
7.8125,1.5625,1,1.00023,1.00019,1,nan,nan,1,1.00002,1,1,0
7.8125,1.6875,1,1.00034,1.00029,1,nan,nan,1,1.00002,1,1,0
7.8125,1.8125,1,1.0005,1.00044,1,nan,nan,1,1.00002,1,1,0
7.8125,1.9375,1,1.00071,1.00065,1,nan,nan,1,1.00002,1,1,0
7.8125,2.0625,1,1.00099,1.00095,1,nan,nan,1,1.00002,1,1,0
7.8125,2.1875,1,1.00135,1.00135,1,nan,nan,1,1.00002,1,1,0
7.8125,2.3125,1,1.00182,1.00191,1,nan,nan,1,1.00002,1,1,0
7.8125,2.4375,1,1.00242,1.00265,1,nan,nan,1,1.00002,1,1,0
7.8125,2.5625,0.999999,1.00314,1.00362,0.999999,nan,nan,1,1.00002,1,1,0
7.8125,2.6875,0.999999,1.00401,1.00488,0.999998,nan,nan,1,1.00002,1,1,0
7.8125,2.8125,0.999998,1.00502,1.00646,0.999997,nan,nan,1,1.00002,1,1,0
7.8125,2.9375,0.999997,1.00618,1.00843,0.999996,nan,nan,1,1.00002,1,1,0
7.8125,3.0625,0.999995,1.00745,1.01082,0.999993,nan,nan,1,1.00002,1,1,0
7.8125,3.1875,0.999992,1.00881,1.01368,0.999988,nan,nan,1,1.00002,1,1,0
7.8125,3.3125,0.999987,1.01021,1.01702,0.999982,nan,nan,1,1.00002,1,1,0
7.8125,3.4375,0.99998,1.01159,1.02086,0.999973,nan,nan,1,1.00002,1,1,0
7.8125,3.5625,0.999971,1.01286,1.02516,0.99996,nan,nan,1,1.00002,1,1,0
7.8125,3.6875,0.99996,1.01394,1.02987,0.999944,nan,nan,1,1.00002,1,1,0
7.8125,3.8125,0.999945,1.01475,1.03493,0.999923,nan,nan,1,1.00002,1,1,0
7.8125,3.9375,0.999927,1.01519,1.0402,0.999898,nan,nan,1,1.00002,1,1,0
7.8125,4.0625,0.999906,1.01518,1.04555,0.999869,nan,nan,1,1.00002,1,1,0
7.8125,4.1875,0.999883,1.01468,1.05082,0.999837,nan,nan,1,1.00002,1,1,0
7.8125,4.3125,0.999859,1.01364,1.05581,0.999803,nan,nan,1,1.00002,1,1,0
7.8125,4.4375,0.999836,1.01207,1.06035,0.99977,nan,nan,1,1.00002,1,1,0
7.8125,4.5625,0.999814,1.00999,1.06424,0.999739,nan,nan,1,1.00002,1,1,0
7.8125,4.6875,0.999795,1.00748,1.06732,0.999714,nan,nan,1,1.00002,1,1,0
7.8125,4.8125,0.999782,1.00463,1.06946,0.999695,nan,nan,1,1.00002,1,1,0
7.8125,4.9375,0.999775,1.00157,1.07055,0.999685,nan,nan,1,1.00002,1,1,0
7.8125,5.0625,0.999775,0.998432,1.07055,0.999685,nan,nan,1,1.00002,1,1,0
7.8125,5.1875,0.999782,0.995369,1.06946,0.999695,nan,nan,1,1.00002,1,1,0
7.8125,5.3125,0.999795,0.99252,1.06732,0.999714,nan,nan,1,1.00002,1,1,0
7.8125,5.4375,0.999814,0.990007,1.06424,0.999739,nan,nan,1,1.00002,1,1,0
7.8125,5.5625,0.999836,0.987931,1.06035,0.99977,nan,nan,1,1.00002,1,1,0
7.8125,5.6875,0.999859,0.986357,1.05581,0.999803,nan,nan,1,1.00002,1,1,0
7.8125,5.8125,0.999883,0.985319,1.05082,0.999837,nan,nan,1,1.00002,1,1,0
7.8125,5.9375,0.999906,0.984816,1.04555,0.999869,nan,nan,1,1.00002,1,1,0
7.8125,6.0625,0.999927,0.984813,1.0402,0.999898,nan,nan,1,1.00002,1,1,0
7.8125,6.1875,0.999945,0.985253,1.03493,0.999923,nan,nan,1,1.00002,1,1,0
7.8125,6.3125,0.99996,0.986059,1.02987,0.999944,nan,nan,1,1.00002,1,1,0
7.8125,6.4375,0.999971,0.987142,1.02516,0.99996,nan,nan,1,1.00002,1,1,0
7.8125,6.5625,0.99998,0.988414,1.02086,0.999973,nan,nan,1,1.00002,1,1,0
7.8125,6.6875,0.999987,0.989787,1.01702,0.999982,nan,nan,1,1.00002,1,1,0
7.8125,6.8125,0.999992,0.991186,1.01368,0.999988,nan,nan,1,1.00002,1,1,0
7.8125,6.9375,0.999995,0.992547,1.01082,0.999993,nan,nan,1,1.00002,1,1,0
7.8125,7.0625,0.999997,0.993821,1.00843,0.999996,nan,nan,1,1.00002,1,1,0
7.8125,7.1875,0.999998,0.994975,1.00646,0.999997,nan,nan,1,1.00002,1,1,0
7.8125,7.3125,0.999999,0.99599,1.00488,0.999998,nan,nan,1,1.00002,1,1,0
7.8125,7.4375,0.999999,0.996859,1.00362,0.999999,nan,nan,1,1.00002,1,1,0
7.8125,7.5625,1,0.997584,1.00265,1,nan,nan,1,1.00002,1,1,0
7.8125,7.6875,1,0.998175,1.00191,1,nan,nan,1,1.00002,1,1,0
7.8125,7.8125,1,0.998646,1.00135,1,nan,nan,1,1.00002,1,1,0
7.8125,7.9375,1,0.999013,1.00095,1,nan,nan,1,1.00002,1,1,0
7.8125,8.0625,1,0.999292,1.00065,1,nan,nan,1,1.00002,1,1,0
7.8125,8.1875,1,0.999502,1.00044,1,nan,nan,1,1.00002,1,1,0
7.8125,8.3125,1,0.999655,1.00029,1,nan,nan,1,1.00002,1,1,0
7.8125,8.4375,1,0.999765,1.00019,1,nan,nan,1,1.00002,1,1,0
7.8125,8.5625,1,0.999843,1.00012,1,nan,nan,1,1.00002,1,1,0
7.8125,8.6875,1,0.999897,1.00008,1,nan,nan,1,1.00002,1,1,0
7.8125,8.8125,1,0.999933,1.00005,1,nan,nan,1,1.00002,1,1,0
7.8125,8.9375,1,0.999957,1.00003,1,nan,nan,1,1.00002,1,1,0
7.8125,9.0625,1,0.999973,1.00002,1,nan,nan,1,1.00002,1,1,0
7.8125,9.1875,1,0.999984,1.00001,1,nan,nan,1,1.00002,1,1,0
7.8125,9.3125,1,0.99999,1.00001,1,nan,nan,1,1.00002,1,1,0
7.8125,9.4375,1,0.999994,1,1,nan,nan,1,1.00002,1,1,0
7.8125,9.5625,1,0.999997,1,1,nan,nan,1,1.00002,1,1,0
7.8125,9.6875,1,0.999998,1,1,nan,nan,1,1.00002,1,1,0
7.8125,9.8125,1,0.999999,1,1,nan,nan,1,1.00002,1,1,0
7.8125,9.9375,1,0.999999,1,1,nan,nan,1,1.00002,1,1,0
7.9375,0.0625,1,1,1,1,nan,nan,1,1.00002,1,1,0
7.9375,0.1875,1,1,1,1,nan,nan,1,1.00002,1,1,0
7.9375,0.3125,1,1,1,1,nan,nan,1,1.00002,1,1,0
7.9375,0.4375,1,1,1,1,nan,nan,1,1.00002,1,1,0
7.9375,0.5625,1,1,1,1,nan,nan,1,1.00002,1,1,0
7.9375,0.6875,1,1.00001,1,1,nan,nan,1,1.00002,1,1,0
7.9375,0.8125,1,1.00001,1.00001,1,nan,nan,1,1.00002,1,1,0
7.9375,0.9375,1,1.00002,1.00001,1,nan,nan,1,1.00002,1,1,0
7.9375,1.0625,1,1.00003,1.00002,1,nan,nan,1,1.00002,1,1,0
7.9375,1.1875,1,1.00005,1.00004,1,nan,nan,1,1.00002,1,1,0
7.9375,1.3125,1,1.00007,1.00006,1,nan,nan,1,1.00002,1,1,0
7.9375,1.4375,1,1.00011,1.00009,1,nan,nan,1,1.00002,1,1,0
7.9375,1.5625,1,1.00016,1.00014,1,nan,nan,1,1.00002,1,1,0
7.9375,1.6875,1,1.00024,1.00021,1,nan,nan,1,1.00002,1,1,0
7.9375,1.8125,1,1.00035,1.00032,1,nan,nan,1,1.00002,1,1,0
7.9375,1.9375,1,1.00049,1.00047,1,nan,nan,1,1.00002,1,1,0
7.9375,2.0625,1,1.00069,1.00069,1,nan,nan,1,1.00002,1,1,0
7.9375,2.1875,1,1.00095,1.00099,1,nan,nan,1,1.00002,1,1,0
7.9375,2.3125,1,1.00127,1.00139,1,nan,nan,1,1.00002,1,1,0
7.9375,2.4375,1,1.00169,1.00193,1,nan,nan,1,1.00002,1,1,0
7.9375,2.5625,1,1.00219,1.00264,1,nan,nan,1,1.00002,1,1,0
7.9375,2.6875,0.999999,1.0028,1.00356,0.999999,nan,nan,1,1.00002,1,1,0
7.9375,2.8125,0.999999,1.00351,1.00471,0.999999,nan,nan,1,1.00002,1,1,0
7.9375,2.9375,0.999998,1.00431,1.00614,0.999998,nan,nan,1,1.00002,1,1,0
7.9375,3.0625,0.999997,1.0052,1.00789,0.999996,nan,nan,1,1.00002,1,1,0
7.9375,3.1875,0.999996,1.00615,1.00997,0.999994,nan,nan,1,1.00002,1,1,0
7.9375,3.3125,0.999994,1.00713,1.01241,0.999991,nan,nan,1,1.00002,1,1,0
7.9375,3.4375,0.99999,1.00809,1.01521,0.999987,nan,nan,1,1.00002,1,1,0
7.9375,3.5625,0.999986,1.00898,1.01834,0.999981,nan,nan,1,1.00002,1,1,0
7.9375,3.6875,0.99998,1.00973,1.02178,0.999973,nan,nan,1,1.00002,1,1,0
7.9375,3.8125,0.999973,1.01029,1.02547,0.999962,nan,nan,1,1.00002,1,1,0
7.9375,3.9375,0.999964,1.0106,1.02931,0.99995,nan,nan,1,1.00002,1,1,0
7.9375,4.0625,0.999954,1.0106,1.03321,0.999936,nan,nan,1,1.00002,1,1,0
7.9375,4.1875,0.999943,1.01025,1.03705,0.99992,nan,nan,1,1.00002,1,1,0
7.9375,4.3125,0.999931,1.00952,1.04069,0.999904,nan,nan,1,1.00002,1,1,0
7.9375,4.4375,0.99992,1.00843,1.044,0.999888,nan,nan,1,1.00002,1,1,0
7.9375,4.5625,0.999909,1.00698,1.04684,0.999873,nan,nan,1,1.00002,1,1,0
7.9375,4.6875,0.9999,1.00522,1.04909,0.99986,nan,nan,1,1.00002,1,1,0
7.9375,4.8125,0.999894,1.00323,1.05065,0.999851,nan,nan,1,1.00002,1,1,0
7.9375,4.9375,0.99989,1.00109,1.05144,0.999847,nan,nan,1,1.00002,1,1,0
7.9375,5.0625,0.99989,0.998905,1.05144,0.999847,nan,nan,1,1.00002,1,1,0
7.9375,5.1875,0.999894,0.996767,1.05065,0.999851,nan,nan,1,1.00002,1,1,0
7.9375,5.3125,0.9999,0.994778,1.04909,0.99986,nan,nan,1,1.00002,1,1,0
7.9375,5.4375,0.999909,0.993024,1.04684,0.999873,nan,nan,1,1.00002,1,1,0
7.9375,5.5625,0.99992,0.991574,1.044,0.999888,nan,nan,1,1.00002,1,1,0
7.9375,5.6875,0.999931,0.990476,1.04069,0.999904,nan,nan,1,1.00002,1,1,0
7.9375,5.8125,0.999943,0.989751,1.03705,0.99992,nan,nan,1,1.00002,1,1,0
7.9375,5.9375,0.999954,0.9894,1.03321,0.999936,nan,nan,1,1.00002,1,1,0
7.9375,6.0625,0.999964,0.989398,1.02931,0.99995,nan,nan,1,1.00002,1,1,0
7.9375,6.1875,0.999973,0.989705,1.02547,0.999962,nan,nan,1,1.00002,1,1,0
7.9375,6.3125,0.99998,0.990268,1.02178,0.999973,nan,nan,1,1.00002,1,1,0
7.9375,6.4375,0.999986,0.991024,1.01834,0.999981,nan,nan,1,1.00002,1,1,0
7.9375,6.5625,0.99999,0.991911,1.01521,0.999987,nan,nan,1,1.00002,1,1,0
7.9375,6.6875,0.999994,0.99287,1.01241,0.999991,nan,nan,1,1.00002,1,1,0
7.9375,6.8125,0.999996,0.993847,1.00997,0.999994,nan,nan,1,1.00002,1,1,0
7.9375,6.9375,0.999997,0.994797,1.00789,0.999996,nan,nan,1,1.00002,1,1,0
7.9375,7.0625,0.999998,0.995686,1.00614,0.999998,nan,nan,1,1.00002,1,1,0
7.9375,7.1875,0.999999,0.996492,1.00471,0.999999,nan,nan,1,1.00002,1,1,0
7.9375,7.3125,0.999999,0.997201,1.00356,0.999999,nan,nan,1,1.00002,1,1,0
7.9375,7.4375,1,0.997807,1.00264,1,nan,nan,1,1.00002,1,1,0
7.9375,7.5625,1,0.998314,1.00193,1,nan,nan,1,1.00002,1,1,0
7.9375,7.6875,1,0.998726,1.00139,1,nan,nan,1,1.00002,1,1,0
7.9375,7.8125,1,0.999055,1.00099,1,nan,nan,1,1.00002,1,1,0
7.9375,7.9375,1,0.999311,1.00069,1,nan,nan,1,1.00002,1,1,0
7.9375,8.0625,1,0.999506,1.00047,1,nan,nan,1,1.00002,1,1,0
7.9375,8.1875,1,0.999652,1.00032,1,nan,nan,1,1.00002,1,1,0
7.9375,8.3125,1,0.999759,1.00021,1,nan,nan,1,1.00002,1,1,0
7.9375,8.4375,1,0.999836,1.00014,1,nan,nan,1,1.00002,1,1,0
7.9375,8.5625,1,0.99989,1.00009,1,nan,nan,1,1.00002,1,1,0
7.9375,8.6875,1,0.999928,1.00006,1,nan,nan,1,1.00002,1,1,0
7.9375,8.8125,1,0.999953,1.00004,1,nan,nan,1,1.00002,1,1,0
7.9375,8.9375,1,0.99997,1.00002,1,nan,nan,1,1.00002,1,1,0
7.9375,9.0625,1,0.999981,1.00001,1,nan,nan,1,1.00002,1,1,0
7.9375,9.1875,1,0.999989,1.00001,1,nan,nan,1,1.00002,1,1,0
7.9375,9.3125,1,0.999993,1,1,nan,nan,1,1.00002,1,1,0
7.9375,9.4375,1,0.999996,1,1,nan,nan,1,1.00002,1,1,0
7.9375,9.5625,1,0.999998,1,1,nan,nan,1,1.00002,1,1,0
7.9375,9.6875,1,0.999999,1,1,nan,nan,1,1.00002,1,1,0
7.9375,9.8125,1,0.999999,1,1,nan,nan,1,1.00002,1,1,0
7.9375,9.9375,1,1,1,1,nan,nan,1,1.00002,1,1,0
8.0625,0.0625,1,1,1,1,nan,nan,1,1.00002,1,1,0
8.0625,0.1875,1,1,1,1,nan,nan,1,1.00002,1,1,0
8.0625,0.3125,1,1,1,1,nan,nan,1,1.00002,1,1,0
8.0625,0.4375,1,1,1,1,nan,nan,1,1.00002,1,1,0
8.0625,0.5625,1,1,1,1,nan,nan,1,1.00002,1,1,0
8.0625,0.6875,1,1,1,1,nan,nan,1,1.00002,1,1,0
8.0625,0.8125,1,1.00001,1.00001,1,nan,nan,1,1.00002,1,1,0
8.0625,0.9375,1,1.00001,1.00001,1,nan,nan,1,1.00002,1,1,0
8.0625,1.0625,1,1.00002,1.00002,1,nan,nan,1,1.00002,1,1,0
8.0625,1.1875,1,1.00003,1.00003,1,nan,nan,1,1.00002,1,1,0
8.0625,1.3125,1,1.00005,1.00004,1,nan,nan,1,1.00002,1,1,0
8.0625,1.4375,1,1.00008,1.00006,1,nan,nan,1,1.00002,1,1,0
8.0625,1.5625,1,1.00011,1.0001,1,nan,nan,1,1.00002,1,1,0
8.0625,1.6875,1,1.00017,1.00015,1,nan,nan,1,1.00002,1,1,0
8.0625,1.8125,1,1.00024,1.00023,1,nan,nan,1,1.00002,1,1,0
8.0625,1.9375,1,1.00034,1.00034,1,nan,nan,1,1.00002,1,1,0
8.0625,2.0625,1,1.00047,1.00049,1,nan,nan,1,1.00002,1,1,0
8.0625,2.1875,1,1.00065,1.00071,1,nan,nan,1,1.00002,1,1,0
8.0625,2.3125,1,1.00088,1.001,1,nan,nan,1,1.00002,1,1,0
8.0625,2.4375,1,1.00116,1.00139,1,nan,nan,1,1.00002,1,1,0
8.0625,2.5625,1,1.00151,1.00189,1,nan,nan,1,1.00002,1,1,0
8.0625,2.6875,1,1.00192,1.00255,1,nan,nan,1,1.00002,1,1,0
8.0625,2.8125,1,1.00241,1.00338,0.999999,nan,nan,1,1.00002,1,1,0
8.0625,2.9375,0.999999,1.00296,1.0044,0.999999,nan,nan,1,1.00002,1,1,0
8.0625,3.0625,0.999999,1.00358,1.00565,0.999998,nan,nan,1,1.00002,1,1,0
8.0625,3.1875,0.999998,1.00423,1.00715,0.999997,nan,nan,1,1.00002,1,1,0
8.0625,3.3125,0.999997,1.0049,1.00889,0.999996,nan,nan,1,1.00002,1,1,0
8.0625,3.4375,0.999995,1.00556,1.0109,0.999994,nan,nan,1,1.00002,1,1,0
8.0625,3.5625,0.999993,1.00617,1.01314,0.999991,nan,nan,1,1.00002,1,1,0
8.0625,3.6875,0.999991,1.00669,1.01561,0.999987,nan,nan,1,1.00002,1,1,0
8.0625,3.8125,0.999987,1.00708,1.01825,0.999982,nan,nan,1,1.00002,1,1,0
8.0625,3.9375,0.999983,1.00729,1.021,0.999976,nan,nan,1,1.00002,1,1,0
8.0625,4.0625,0.999978,1.00729,1.0238,0.99997,nan,nan,1,1.00002,1,1,0
8.0625,4.1875,0.999973,1.00704,1.02655,0.999962,nan,nan,1,1.00002,1,1,0
8.0625,4.3125,0.999968,1.00655,1.02916,0.999955,nan,nan,1,1.00002,1,1,0
8.0625,4.4375,0.999962,1.00579,1.03153,0.999947,nan,nan,1,1.00002,1,1,0
8.0625,4.5625,0.999957,1.00479,1.03356,0.99994,nan,nan,1,1.00002,1,1,0
8.0625,4.6875,0.999953,1.00359,1.03517,0.999934,nan,nan,1,1.00002,1,1,0
8.0625,4.8125,0.99995,1.00222,1.03629,0.99993,nan,nan,1,1.00002,1,1,0
8.0625,4.9375,0.999948,1.00075,1.03686,0.999928,nan,nan,1,1.00002,1,1,0
8.0625,5.0625,0.999948,0.999248,1.03686,0.999928,nan,nan,1,1.00002,1,1,0
8.0625,5.1875,0.99995,0.997778,1.03629,0.99993,nan,nan,1,1.00002,1,1,0
8.0625,5.3125,0.999953,0.996411,1.03517,0.999934,nan,nan,1,1.00002,1,1,0
8.0625,5.4375,0.999957,0.995205,1.03356,0.99994,nan,nan,1,1.00002,1,1,0
8.0625,5.5625,0.999962,0.994209,1.03153,0.999947,nan,nan,1,1.00002,1,1,0
8.0625,5.6875,0.999968,0.993454,1.02916,0.999955,nan,nan,1,1.00002,1,1,0
8.0625,5.8125,0.999973,0.992956,1.02655,0.999962,nan,nan,1,1.00002,1,1,0
8.0625,5.9375,0.999978,0.992715,1.0238,0.99997,nan,nan,1,1.00002,1,1,0
8.0625,6.0625,0.999983,0.992713,1.021,0.999976,nan,nan,1,1.00002,1,1,0
8.0625,6.1875,0.999987,0.992925,1.01825,0.999982,nan,nan,1,1.00002,1,1,0
8.0625,6.3125,0.999991,0.993311,1.01561,0.999987,nan,nan,1,1.00002,1,1,0
8.0625,6.4375,0.999993,0.993831,1.01314,0.999991,nan,nan,1,1.00002,1,1,0
8.0625,6.5625,0.999995,0.994441,1.0109,0.999994,nan,nan,1,1.00002,1,1,0
8.0625,6.6875,0.999997,0.9951,1.00889,0.999996,nan,nan,1,1.00002,1,1,0
8.0625,6.8125,0.999998,0.995771,1.00715,0.999997,nan,nan,1,1.00002,1,1,0
8.0625,6.9375,0.999999,0.996424,1.00565,0.999998,nan,nan,1,1.00002,1,1,0
8.0625,7.0625,0.999999,0.997035,1.0044,0.999999,nan,nan,1,1.00002,1,1,0
8.0625,7.1875,1,0.997589,1.00338,0.999999,nan,nan,1,1.00002,1,1,0
8.0625,7.3125,1,0.998076,1.00255,1,nan,nan,1,1.00002,1,1,0
8.0625,7.4375,1,0.998493,1.00189,1,nan,nan,1,1.00002,1,1,0
8.0625,7.5625,1,0.998841,1.00139,1,nan,nan,1,1.00002,1,1,0
8.0625,7.6875,1,0.999124,1.001,1,nan,nan,1,1.00002,1,1,0
8.0625,7.8125,1,0.99935,1.00071,1,nan,nan,1,1.00002,1,1,0
8.0625,7.9375,1,0.999526,1.00049,1,nan,nan,1,1.00002,1,1,0
8.0625,8.0625,1,0.999661,1.00034,1,nan,nan,1,1.00002,1,1,0
8.0625,8.1875,1,0.999761,1.00023,1,nan,nan,1,1.00002,1,1,0
8.0625,8.3125,1,0.999834,1.00015,1,nan,nan,1,1.00002,1,1,0
8.0625,8.4375,1,0.999887,1.0001,1,nan,nan,1,1.00002,1,1,0
8.0625,8.5625,1,0.999925,1.00006,1,nan,nan,1,1.00002,1,1,0
8.0625,8.6875,1,0.99995,1.00004,1,nan,nan,1,1.00002,1,1,0
8.0625,8.8125,1,0.999968,1.00003,1,nan,nan,1,1.00002,1,1,0
8.0625,8.9375,1,0.99998,1.00002,1,nan,nan,1,1.00002,1,1,0
8.0625,9.0625,1,0.999987,1.00001,1,nan,nan,1,1.00002,1,1,0
8.0625,9.1875,1,0.999992,1.00001,1,nan,nan,1,1.00002,1,1,0
8.0625,9.3125,1,0.999995,1,1,nan,nan,1,1.00002,1,1,0
8.0625,9.4375,1,0.999997,1,1,nan,nan,1,1.00002,1,1,0
8.0625,9.5625,1,0.999998,1,1,nan,nan,1,1.00002,1,1,0
8.0625,9.6875,1,0.999999,1,1,nan,nan,1,1.00002,1,1,0
8.0625,9.8125,1,0.999999,1,1,nan,nan,1,1.00002,1,1,0
8.0625,9.9375,1,1,1,1,nan,nan,1,1.00002,1,1,0
8.1875,0.0625,1,1,1,1,nan,nan,1,1.00002,1,1,0
8.1875,0.1875,1,1,1,1,nan,nan,1,1.00002,1,1,0
8.1875,0.3125,1,1,1,1,nan,nan,1,1.00002,1,1,0
8.1875,0.4375,1,1,1,1,nan,nan,1,1.00002,1,1,0
8.1875,0.5625,1,1,1,1,nan,nan,1,1.00002,1,1,0
8.1875,0.6875,1,1,1,1,nan,nan,1,1.00002,1,1,0
8.1875,0.8125,1,1.00001,1,1,nan,nan,1,1.00002,1,1,0
8.1875,0.9375,1,1.00001,1.00001,1,nan,nan,1,1.00002,1,1,0
8.1875,1.0625,1,1.00001,1.00001,1,nan,nan,1,1.00002,1,1,0
8.1875,1.1875,1,1.00002,1.00002,1,nan,nan,1,1.00002,1,1,0
8.1875,1.3125,1,1.00003,1.00003,1,nan,nan,1,1.00002,1,1,0
8.1875,1.4375,1,1.00005,1.00005,1,nan,nan,1,1.00002,1,1,0
8.1875,1.5625,1,1.00008,1.00007,1,nan,nan,1,1.00002,1,1,0
8.1875,1.6875,1,1.00011,1.00011,1,nan,nan,1,1.00002,1,1,0
8.1875,1.8125,1,1.00016,1.00016,1,nan,nan,1,1.00002,1,1,0
8.1875,1.9375,1,1.00023,1.00024,1,nan,nan,1,1.00002,1,1,0
8.1875,2.0625,1,1.00032,1.00035,1,nan,nan,1,1.00002,1,1,0
8.1875,2.1875,1,1.00044,1.0005,1,nan,nan,1,1.00002,1,1,0
8.1875,2.3125,1,1.00059,1.0007,1,nan,nan,1,1.00002,1,1,0
8.1875,2.4375,1,1.00078,1.00098,1,nan,nan,1,1.00002,1,1,0
8.1875,2.5625,1,1.00102,1.00133,1,nan,nan,1,1.00002,1,1,0
8.1875,2.6875,1,1.0013,1.00179,1,nan,nan,1,1.00002,1,1,0
8.1875,2.8125,1,1.00163,1.00238,1,nan,nan,1,1.00002,1,1,0
8.1875,2.9375,1,1.00201,1.0031,1,nan,nan,1,1.00002,1,1,0
8.1875,3.0625,0.999999,1.00242,1.00398,0.999999,nan,nan,1,1.00002,1,1,0
8.1875,3.1875,0.999999,1.00286,1.00503,0.999999,nan,nan,1,1.00002,1,1,0
8.1875,3.3125,0.999999,1.00332,1.00626,0.999998,nan,nan,1,1.00002,1,1,0
8.1875,3.4375,0.999998,1.00376,1.00767,0.999997,nan,nan,1,1.00002,1,1,0
8.1875,3.5625,0.999997,1.00417,1.00926,0.999996,nan,nan,1,1.00002,1,1,0
8.1875,3.6875,0.999996,1.00453,1.01099,0.999994,nan,nan,1,1.00002,1,1,0
8.1875,3.8125,0.999994,1.00479,1.01285,0.999992,nan,nan,1,1.00002,1,1,0
8.1875,3.9375,0.999992,1.00493,1.01479,0.999989,nan,nan,1,1.00002,1,1,0
8.1875,4.0625,0.99999,1.00493,1.01676,0.999986,nan,nan,1,1.00002,1,1,0
8.1875,4.1875,0.999988,1.00477,1.0187,0.999983,nan,nan,1,1.00002,1,1,0
8.1875,4.3125,0.999985,1.00443,1.02054,0.999979,nan,nan,1,1.00002,1,1,0
8.1875,4.4375,0.999983,1.00392,1.0222,0.999976,nan,nan,1,1.00002,1,1,0
8.1875,4.5625,0.99998,1.00324,1.02364,0.999973,nan,nan,1,1.00002,1,1,0
8.1875,4.6875,0.999978,1.00243,1.02477,0.99997,nan,nan,1,1.00002,1,1,0
8.1875,4.8125,0.999977,1.0015,1.02556,0.999968,nan,nan,1,1.00002,1,1,0
8.1875,4.9375,0.999976,1.00051,1.02596,0.999967,nan,nan,1,1.00002,1,1,0
8.1875,5.0625,0.999976,0.999491,1.02596,0.999967,nan,nan,1,1.00002,1,1,0
8.1875,5.1875,0.999977,0.998497,1.02556,0.999968,nan,nan,1,1.00002,1,1,0
8.1875,5.3125,0.999978,0.997572,1.02477,0.99997,nan,nan,1,1.00002,1,1,0
8.1875,5.4375,0.99998,0.996756,1.02364,0.999973,nan,nan,1,1.00002,1,1,0
8.1875,5.5625,0.999983,0.996082,1.0222,0.999976,nan,nan,1,1.00002,1,1,0
8.1875,5.6875,0.999985,0.995571,1.02054,0.999979,nan,nan,1,1.00002,1,1,0
8.1875,5.8125,0.999988,0.995234,1.0187,0.999983,nan,nan,1,1.00002,1,1,0
8.1875,5.9375,0.99999,0.99507,1.01676,0.999986,nan,nan,1,1.00002,1,1,0
8.1875,6.0625,0.999992,0.99507,1.01479,0.999989,nan,nan,1,1.00002,1,1,0
8.1875,6.1875,0.999994,0.995212,1.01285,0.999992,nan,nan,1,1.00002,1,1,0
8.1875,6.3125,0.999996,0.995474,1.01099,0.999994,nan,nan,1,1.00002,1,1,0
8.1875,6.4375,0.999997,0.995826,1.00926,0.999996,nan,nan,1,1.00002,1,1,0
8.1875,6.5625,0.999998,0.996238,1.00767,0.999997,nan,nan,1,1.00002,1,1,0
8.1875,6.6875,0.999999,0.996684,1.00626,0.999998,nan,nan,1,1.00002,1,1,0
8.1875,6.8125,0.999999,0.997138,1.00503,0.999999,nan,nan,1,1.00002,1,1,0
8.1875,6.9375,0.999999,0.99758,1.00398,0.999999,nan,nan,1,1.00002,1,1,0
8.1875,7.0625,1,0.997994,1.0031,1,nan,nan,1,1.00002,1,1,0
8.1875,7.1875,1,0.998369,1.00238,1,nan,nan,1,1.00002,1,1,0
8.1875,7.3125,1,0.998698,1.00179,1,nan,nan,1,1.00002,1,1,0
8.1875,7.4375,1,0.99898,1.00133,1,nan,nan,1,1.00002,1,1,0
8.1875,7.5625,1,0.999216,1.00098,1,nan,nan,1,1.00002,1,1,0
8.1875,7.6875,1,0.999408,1.0007,1,nan,nan,1,1.00002,1,1,0
8.1875,7.8125,1,0.99956,1.0005,1,nan,nan,1,1.00002,1,1,0
8.1875,7.9375,1,0.999679,1.00035,1,nan,nan,1,1.00002,1,1,0
8.1875,8.0625,1,0.99977,1.00024,1,nan,nan,1,1.00002,1,1,0
8.1875,8.1875,1,0.999838,1.00016,1,nan,nan,1,1.00002,1,1,0
8.1875,8.3125,1,0.999888,1.00011,1,nan,nan,1,1.00002,1,1,0
8.1875,8.4375,1,0.999924,1.00007,1,nan,nan,1,1.00002,1,1,0
8.1875,8.5625,1,0.999949,1.00005,1,nan,nan,1,1.00002,1,1,0
8.1875,8.6875,1,0.999966,1.00003,1,nan,nan,1,1.00002,1,1,0
8.1875,8.8125,1,0.999978,1.00002,1,nan,nan,1,1.00002,1,1,0
8.1875,8.9375,1,0.999986,1.00001,1,nan,nan,1,1.00002,1,1,0
8.1875,9.0625,1,0.999991,1.00001,1,nan,nan,1,1.00002,1,1,0
8.1875,9.1875,1,0.999995,1,1,nan,nan,1,1.00002,1,1,0
8.1875,9.3125,1,0.999997,1,1,nan,nan,1,1.00002,1,1,0
8.1875,9.4375,1,0.999998,1,1,nan,nan,1,1.00002,1,1,0
8.1875,9.5625,1,0.999999,1,1,nan,nan,1,1.00002,1,1,0
8.1875,9.6875,1,0.999999,1,1,nan,nan,1,1.00002,1,1,0
8.1875,9.8125,1,1,1,1,nan,nan,1,1.00002,1,1,0
8.1875,9.9375,1,1,1,1,nan,nan,1,1.00002,1,1,0
8.3125,0.0625,1,1,1,1,nan,nan,1,1.00002,1,1,0
8.3125,0.1875,1,1,1,1,nan,nan,1,1.00002,1,1,0
8.3125,0.3125,1,1,1,1,nan,nan,1,1.00002,1,1,0
8.3125,0.4375,1,1,1,1,nan,nan,1,1.00002,1,1,0
8.3125,0.5625,1,1,1,1,nan,nan,1,1.00002,1,1,0
8.3125,0.6875,1,1,1,1,nan,nan,1,1.00002,1,1,0
8.3125,0.8125,1,1,1,1,nan,nan,1,1.00002,1,1,0
8.3125,0.9375,1,1.00001,1,1,nan,nan,1,1.00002,1,1,0
8.3125,1.0625,1,1.00001,1.00001,1,nan,nan,1,1.00002,1,1,0
8.3125,1.1875,1,1.00001,1.00001,1,nan,nan,1,1.00002,1,1,0
8.3125,1.3125,1,1.00002,1.00002,1,nan,nan,1,1.00002,1,1,0
8.3125,1.4375,1,1.00003,1.00003,1,nan,nan,1,1.00002,1,1,0
8.3125,1.5625,1,1.00005,1.00005,1,nan,nan,1,1.00002,1,1,0
8.3125,1.6875,1,1.00007,1.00007,1,nan,nan,1,1.00002,1,1,0
8.3125,1.8125,1,1.00011,1.00011,1,nan,nan,1,1.00002,1,1,0
8.3125,1.9375,1,1.00015,1.00017,1,nan,nan,1,1.00002,1,1,0
8.3125,2.0625,1,1.00021,1.00024,1,nan,nan,1,1.00002,1,1,0
8.3125,2.1875,1,1.00029,1.00034,1,nan,nan,1,1.00002,1,1,0
8.3125,2.3125,1,1.00039,1.00049,1,nan,nan,1,1.00002,1,1,0
8.3125,2.4375,1,1.00052,1.00068,1,nan,nan,1,1.00002,1,1,0
8.3125,2.5625,1,1.00068,1.00092,1,nan,nan,1,1.00002,1,1,0
8.3125,2.6875,1,1.00087,1.00124,1,nan,nan,1,1.00002,1,1,0
8.3125,2.8125,1,1.00109,1.00165,1,nan,nan,1,1.00002,1,1,0
8.3125,2.9375,1,1.00134,1.00215,1,nan,nan,1,1.00002,1,1,0
8.3125,3.0625,1,1.00161,1.00276,1,nan,nan,1,1.00002,1,1,0
8.3125,3.1875,1,1.00191,1.00348,0.999999,nan,nan,1,1.00002,1,1,0
8.3125,3.3125,0.999999,1.00221,1.00434,0.999999,nan,nan,1,1.00002,1,1,0
8.3125,3.4375,0.999999,1.00251,1.00531,0.999999,nan,nan,1,1.00002,1,1,0
8.3125,3.5625,0.999999,1.00278,1.00641,0.999998,nan,nan,1,1.00002,1,1,0
8.3125,3.6875,0.999998,1.00301,1.00761,0.999997,nan,nan,1,1.00002,1,1,0
8.3125,3.8125,0.999997,1.00319,1.0089,0.999996,nan,nan,1,1.00002,1,1,0
8.3125,3.9375,0.999997,1.00328,1.01024,0.999995,nan,nan,1,1.00002,1,1,0
8.3125,4.0625,0.999996,1.00328,1.0116,0.999994,nan,nan,1,1.00002,1,1,0
8.3125,4.1875,0.999995,1.00317,1.01294,0.999992,nan,nan,1,1.00002,1,1,0
8.3125,4.3125,0.999993,1.00295,1.01422,0.999991,nan,nan,1,1.00002,1,1,0
8.3125,4.4375,0.999992,1.00261,1.01537,0.999989,nan,nan,1,1.00002,1,1,0
8.3125,4.5625,0.999991,1.00216,1.01636,0.999988,nan,nan,1,1.00002,1,1,0
8.3125,4.6875,0.99999,1.00162,1.01715,0.999987,nan,nan,1,1.00002,1,1,0
8.3125,4.8125,0.99999,1.001,1.01769,0.999986,nan,nan,1,1.00002,1,1,0
8.3125,4.9375,0.999989,1.00034,1.01797,0.999985,nan,nan,1,1.00002,1,1,0
8.3125,5.0625,0.999989,0.999661,1.01797,0.999985,nan,nan,1,1.00002,1,1,0
8.3125,5.1875,0.99999,0.998999,1.01769,0.999986,nan,nan,1,1.00002,1,1,0
8.3125,5.3125,0.99999,0.998382,1.01715,0.999987,nan,nan,1,1.00002,1,1,0
8.3125,5.4375,0.999991,0.997839,1.01636,0.999988,nan,nan,1,1.00002,1,1,0
8.3125,5.5625,0.999992,0.99739,1.01537,0.999989,nan,nan,1,1.00002,1,1,0
8.3125,5.6875,0.999993,0.99705,1.01422,0.999991,nan,nan,1,1.00002,1,1,0
8.3125,5.8125,0.999995,0.996825,1.01294,0.999992,nan,nan,1,1.00002,1,1,0
8.3125,5.9375,0.999996,0.996716,1.0116,0.999994,nan,nan,1,1.00002,1,1,0
8.3125,6.0625,0.999997,0.996716,1.01024,0.999995,nan,nan,1,1.00002,1,1,0
8.3125,6.1875,0.999997,0.996811,1.0089,0.999996,nan,nan,1,1.00002,1,1,0
8.3125,6.3125,0.999998,0.996985,1.00761,0.999997,nan,nan,1,1.00002,1,1,0
8.3125,6.4375,0.999999,0.997219,1.00641,0.999998,nan,nan,1,1.00002,1,1,0
8.3125,6.5625,0.999999,0.997494,1.00531,0.999999,nan,nan,1,1.00002,1,1,0
8.3125,6.6875,0.999999,0.997791,1.00434,0.999999,nan,nan,1,1.00002,1,1,0
8.3125,6.8125,1,0.998094,1.00348,0.999999,nan,nan,1,1.00002,1,1,0
8.3125,6.9375,1,0.998388,1.00276,1,nan,nan,1,1.00002,1,1,0
8.3125,7.0625,1,0.998664,1.00215,1,nan,nan,1,1.00002,1,1,0
8.3125,7.1875,1,0.998913,1.00165,1,nan,nan,1,1.00002,1,1,0
8.3125,7.3125,1,0.999133,1.00124,1,nan,nan,1,1.00002,1,1,0
8.3125,7.4375,1,0.999321,1.00092,1,nan,nan,1,1.00002,1,1,0
8.3125,7.5625,1,0.999478,1.00068,1,nan,nan,1,1.00002,1,1,0
8.3125,7.6875,1,0.999605,1.00049,1,nan,nan,1,1.00002,1,1,0
8.3125,7.8125,1,0.999707,1.00034,1,nan,nan,1,1.00002,1,1,0
8.3125,7.9375,1,0.999786,1.00024,1,nan,nan,1,1.00002,1,1,0
8.3125,8.0625,1,0.999847,1.00017,1,nan,nan,1,1.00002,1,1,0
8.3125,8.1875,1,0.999892,1.00011,1,nan,nan,1,1.00002,1,1,0
8.3125,8.3125,1,0.999925,1.00007,1,nan,nan,1,1.00002,1,1,0
8.3125,8.4375,1,0.999949,1.00005,1,nan,nan,1,1.00002,1,1,0
8.3125,8.5625,1,0.999966,1.00003,1,nan,nan,1,1.00002,1,1,0
8.3125,8.6875,1,0.999978,1.00002,1,nan,nan,1,1.00002,1,1,0
8.3125,8.8125,1,0.999986,1.00001,1,nan,nan,1,1.00002,1,1,0
8.3125,8.9375,1,0.999991,1.00001,1,nan,nan,1,1.00002,1,1,0
8.3125,9.0625,1,0.999994,1,1,nan,nan,1,1.00002,1,1,0
8.3125,9.1875,1,0.999996,1,1,nan,nan,1,1.00002,1,1,0
8.3125,9.3125,1,0.999998,1,1,nan,nan,1,1.00002,1,1,0
8.3125,9.4375,1,0.999999,1,1,nan,nan,1,1.00002,1,1,0
8.3125,9.5625,1,0.999999,1,1,nan,nan,1,1.00002,1,1,0
8.3125,9.6875,1,1,1,1,nan,nan,1,1.00002,1,1,0
8.3125,9.8125,1,1,1,1,nan,nan,1,1.00002,1,1,0
8.3125,9.9375,1,1,1,1,nan,nan,1,1.00002,1,1,0
8.4375,0.0625,1,1,1,1,nan,nan,1,1.00002,1,1,0
8.4375,0.1875,1,1,1,1,nan,nan,1,1.00002,1,1,0
8.4375,0.3125,1,1,1,1,nan,nan,1,1.00002,1,1,0
8.4375,0.4375,1,1,1,1,nan,nan,1,1.00002,1,1,0
8.4375,0.5625,1,1,1,1,nan,nan,1,1.00002,1,1,0
8.4375,0.6875,1,1,1,1,nan,nan,1,1.00002,1,1,0
8.4375,0.8125,1,1,1,1,nan,nan,1,1.00002,1,1,0
8.4375,0.9375,1,1,1,1,nan,nan,1,1.00002,1,1,0
8.4375,1.0625,1,1.00001,1.00001,1,nan,nan,1,1.00002,1,1,0
8.4375,1.1875,1,1.00001,1.00001,1,nan,nan,1,1.00002,1,1,0
8.4375,1.3125,1,1.00001,1.00001,1,nan,nan,1,1.00002,1,1,0
8.4375,1.4375,1,1.00002,1.00002,1,nan,nan,1,1.00002,1,1,0
8.4375,1.5625,1,1.00003,1.00003,1,nan,nan,1,1.00002,1,1,0
8.4375,1.6875,1,1.00005,1.00005,1,nan,nan,1,1.00002,1,1,0
8.4375,1.8125,1,1.00007,1.00008,1,nan,nan,1,1.00002,1,1,0
8.4375,1.9375,1,1.0001,1.00011,1,nan,nan,1,1.00002,1,1,0
8.4375,2.0625,1,1.00014,1.00016,1,nan,nan,1,1.00002,1,1,0
8.4375,2.1875,1,1.00019,1.00023,1,nan,nan,1,1.00002,1,1,0
8.4375,2.3125,1,1.00026,1.00033,1,nan,nan,1,1.00002,1,1,0
8.4375,2.4375,1,1.00034,1.00046,1,nan,nan,1,1.00002,1,1,0
8.4375,2.5625,1,1.00045,1.00063,1,nan,nan,1,1.00002,1,1,0
8.4375,2.6875,1,1.00057,1.00085,1,nan,nan,1,1.00002,1,1,0
8.4375,2.8125,1,1.00071,1.00112,1,nan,nan,1,1.00002,1,1,0
8.4375,2.9375,1,1.00088,1.00146,1,nan,nan,1,1.00002,1,1,0
8.4375,3.0625,1,1.00106,1.00188,1,nan,nan,1,1.00002,1,1,0
8.4375,3.1875,1,1.00125,1.00237,1,nan,nan,1,1.00002,1,1,0
8.4375,3.3125,1,1.00145,1.00295,1,nan,nan,1,1.00002,1,1,0
8.4375,3.4375,1,1.00164,1.00362,0.999999,nan,nan,1,1.00002,1,1,0
8.4375,3.5625,0.999999,1.00182,1.00436,0.999999,nan,nan,1,1.00002,1,1,0
8.4375,3.6875,0.999999,1.00198,1.00518,0.999999,nan,nan,1,1.00002,1,1,0
8.4375,3.8125,0.999999,1.00209,1.00605,0.999998,nan,nan,1,1.00002,1,1,0
8.4375,3.9375,0.999999,1.00215,1.00697,0.999998,nan,nan,1,1.00002,1,1,0
8.4375,4.0625,0.999998,1.00215,1.0079,0.999997,nan,nan,1,1.00002,1,1,0
8.4375,4.1875,0.999998,1.00208,1.00881,0.999997,nan,nan,1,1.00002,1,1,0
8.4375,4.3125,0.999997,1.00193,1.00967,0.999996,nan,nan,1,1.00002,1,1,0
8.4375,4.4375,0.999997,1.00171,1.01046,0.999995,nan,nan,1,1.00002,1,1,0
8.4375,4.5625,0.999996,1.00142,1.01114,0.999995,nan,nan,1,1.00002,1,1,0
8.4375,4.6875,0.999996,1.00106,1.01167,0.999994,nan,nan,1,1.00002,1,1,0
8.4375,4.8125,0.999996,1.00066,1.01204,0.999994,nan,nan,1,1.00002,1,1,0
8.4375,4.9375,0.999995,1.00022,1.01223,0.999994,nan,nan,1,1.00002,1,1,0
8.4375,5.0625,0.999995,0.999778,1.01223,0.999994,nan,nan,1,1.00002,1,1,0
8.4375,5.1875,0.999996,0.999343,1.01204,0.999994,nan,nan,1,1.00002,1,1,0
8.4375,5.3125,0.999996,0.998939,1.01167,0.999994,nan,nan,1,1.00002,1,1,0
8.4375,5.4375,0.999996,0.998583,1.01114,0.999995,nan,nan,1,1.00002,1,1,0
8.4375,5.5625,0.999997,0.998288,1.01046,0.999995,nan,nan,1,1.00002,1,1,0
8.4375,5.6875,0.999997,0.998065,1.00967,0.999996,nan,nan,1,1.00002,1,1,0
8.4375,5.8125,0.999998,0.997918,1.00881,0.999997,nan,nan,1,1.00002,1,1,0
8.4375,5.9375,0.999998,0.997846,1.0079,0.999997,nan,nan,1,1.00002,1,1,0
8.4375,6.0625,0.999999,0.997846,1.00697,0.999998,nan,nan,1,1.00002,1,1,0
8.4375,6.1875,0.999999,0.997908,1.00605,0.999998,nan,nan,1,1.00002,1,1,0
8.4375,6.3125,0.999999,0.998023,1.00518,0.999999,nan,nan,1,1.00002,1,1,0
8.4375,6.4375,0.999999,0.998176,1.00436,0.999999,nan,nan,1,1.00002,1,1,0
8.4375,6.5625,1,0.998357,1.00362,0.999999,nan,nan,1,1.00002,1,1,0
8.4375,6.6875,1,0.998551,1.00295,1,nan,nan,1,1.00002,1,1,0
8.4375,6.8125,1,0.99875,1.00237,1,nan,nan,1,1.00002,1,1,0
8.4375,6.9375,1,0.998943,1.00188,1,nan,nan,1,1.00002,1,1,0
8.4375,7.0625,1,0.999124,1.00146,1,nan,nan,1,1.00002,1,1,0
8.4375,7.1875,1,0.999287,1.00112,1,nan,nan,1,1.00002,1,1,0
8.4375,7.3125,1,0.999431,1.00085,1,nan,nan,1,1.00002,1,1,0
8.4375,7.4375,1,0.999555,1.00063,1,nan,nan,1,1.00002,1,1,0
8.4375,7.5625,1,0.999657,1.00046,1,nan,nan,1,1.00002,1,1,0
8.4375,7.6875,1,0.999741,1.00033,1,nan,nan,1,1.00002,1,1,0
8.4375,7.8125,1,0.999808,1.00023,1,nan,nan,1,1.00002,1,1,0
8.4375,7.9375,1,0.99986,1.00016,1,nan,nan,1,1.00002,1,1,0
8.4375,8.0625,1,0.9999,1.00011,1,nan,nan,1,1.00002,1,1,0
8.4375,8.1875,1,0.999929,1.00008,1,nan,nan,1,1.00002,1,1,0
8.4375,8.3125,1,0.999951,1.00005,1,nan,nan,1,1.00002,1,1,0
8.4375,8.4375,1,0.999967,1.00003,1,nan,nan,1,1.00002,1,1,0
8.4375,8.5625,1,0.999978,1.00002,1,nan,nan,1,1.00002,1,1,0
8.4375,8.6875,1,0.999985,1.00001,1,nan,nan,1,1.00002,1,1,0
8.4375,8.8125,1,0.999991,1.00001,1,nan,nan,1,1.00002,1,1,0
8.4375,8.9375,1,0.999994,1.00001,1,nan,nan,1,1.00002,1,1,0
8.4375,9.0625,1,0.999996,1,1,nan,nan,1,1.00002,1,1,0
8.4375,9.1875,1,0.999998,1,1,nan,nan,1,1.00002,1,1,0
8.4375,9.3125,1,0.999999,1,1,nan,nan,1,1.00002,1,1,0
8.4375,9.4375,1,0.999999,1,1,nan,nan,1,1.00002,1,1,0
8.4375,9.5625,1,1,1,1,nan,nan,1,1.00002,1,1,0
8.4375,9.6875,1,1,1,1,nan,nan,1,1.00002,1,1,0
8.4375,9.8125,1,1,1,1,nan,nan,1,1.00002,1,1,0
8.4375,9.9375,1,1,1,1,nan,nan,1,1.00002,1,1,0
8.5625,0.0625,1,1,1,1,nan,nan,1,1.00002,1,1,0
8.5625,0.1875,1,1,1,1,nan,nan,1,1.00002,1,1,0
8.5625,0.3125,1,1,1,1,nan,nan,1,1.00002,1,1,0
8.5625,0.4375,1,1,1,1,nan,nan,1,1.00002,1,1,0
8.5625,0.5625,1,1,1,1,nan,nan,1,1.00002,1,1,0
8.5625,0.6875,1,1,1,1,nan,nan,1,1.00002,1,1,0
8.5625,0.8125,1,1,1,1,nan,nan,1,1.00002,1,1,0
8.5625,0.9375,1,1,1,1,nan,nan,1,1.00002,1,1,0
8.5625,1.0625,1,1,1,1,nan,nan,1,1.00002,1,1,0
8.5625,1.1875,1,1.00001,1.00001,1,nan,nan,1,1.00002,1,1,0
8.5625,1.3125,1,1.00001,1.00001,1,nan,nan,1,1.00002,1,1,0
8.5625,1.4375,1,1.00001,1.00001,1,nan,nan,1,1.00002,1,1,0
8.5625,1.5625,1,1.00002,1.00002,1,nan,nan,1,1.00002,1,1,0
8.5625,1.6875,1,1.00003,1.00003,1,nan,nan,1,1.00002,1,1,0
8.5625,1.8125,1,1.00005,1.00005,1,nan,nan,1,1.00002,1,1,0
8.5625,1.9375,1,1.00006,1.00008,1,nan,nan,1,1.00002,1,1,0
8.5625,2.0625,1,1.00009,1.00011,1,nan,nan,1,1.00002,1,1,0
8.5625,2.1875,1,1.00012,1.00016,1,nan,nan,1,1.00002,1,1,0
8.5625,2.3125,1,1.00017,1.00022,1,nan,nan,1,1.00002,1,1,0
8.5625,2.4375,1,1.00022,1.00031,1,nan,nan,1,1.00002,1,1,0
8.5625,2.5625,1,1.00029,1.00042,1,nan,nan,1,1.00002,1,1,0
8.5625,2.6875,1,1.00037,1.00057,1,nan,nan,1,1.00002,1,1,0
8.5625,2.8125,1,1.00046,1.00075,1,nan,nan,1,1.00002,1,1,0
8.5625,2.9375,1,1.00057,1.00098,1,nan,nan,1,1.00002,1,1,0
8.5625,3.0625,1,1.00068,1.00125,1,nan,nan,1,1.00002,1,1,0
8.5625,3.1875,1,1.00081,1.00159,1,nan,nan,1,1.00002,1,1,0
8.5625,3.3125,1,1.00094,1.00197,1,nan,nan,1,1.00002,1,1,0
8.5625,3.4375,1,1.00106,1.00242,1,nan,nan,1,1.00002,1,1,0
8.5625,3.5625,1,1.00118,1.00292,1,nan,nan,1,1.00002,1,1,0
8.5625,3.6875,1,1.00128,1.00347,1,nan,nan,1,1.00002,1,1,0
8.5625,3.8125,1,1.00135,1.00405,0.999999,nan,nan,1,1.00002,1,1,0
8.5625,3.9375,0.999999,1.00139,1.00466,0.999999,nan,nan,1,1.00002,1,1,0
8.5625,4.0625,0.999999,1.00139,1.00528,0.999999,nan,nan,1,1.00002,1,1,0
8.5625,4.1875,0.999999,1.00134,1.00589,0.999999,nan,nan,1,1.00002,1,1,0
8.5625,4.3125,0.999999,1.00125,1.00647,0.999998,nan,nan,1,1.00002,1,1,0
8.5625,4.4375,0.999999,1.00111,1.007,0.999998,nan,nan,1,1.00002,1,1,0
8.5625,4.5625,0.999998,1.00092,1.00745,0.999998,nan,nan,1,1.00002,1,1,0
8.5625,4.6875,0.999998,1.00068,1.00781,0.999998,nan,nan,1,1.00002,1,1,0
8.5625,4.8125,0.999998,1.00042,1.00806,0.999997,nan,nan,1,1.00002,1,1,0
8.5625,4.9375,0.999998,1.00014,1.00818,0.999997,nan,nan,1,1.00002,1,1,0
8.5625,5.0625,0.999998,0.999856,1.00818,0.999997,nan,nan,1,1.00002,1,1,0
8.5625,5.1875,0.999998,0.999576,1.00806,0.999997,nan,nan,1,1.00002,1,1,0
8.5625,5.3125,0.999998,0.999315,1.00781,0.999998,nan,nan,1,1.00002,1,1,0
8.5625,5.4375,0.999998,0.999085,1.00745,0.999998,nan,nan,1,1.00002,1,1,0
8.5625,5.5625,0.999999,0.998895,1.007,0.999998,nan,nan,1,1.00002,1,1,0
8.5625,5.6875,0.999999,0.998751,1.00647,0.999998,nan,nan,1,1.00002,1,1,0
8.5625,5.8125,0.999999,0.998656,1.00589,0.999999,nan,nan,1,1.00002,1,1,0
8.5625,5.9375,0.999999,0.99861,1.00528,0.999999,nan,nan,1,1.00002,1,1,0
8.5625,6.0625,0.999999,0.998609,1.00466,0.999999,nan,nan,1,1.00002,1,1,0
8.5625,6.1875,1,0.99865,1.00405,0.999999,nan,nan,1,1.00002,1,1,0
8.5625,6.3125,1,0.998723,1.00347,1,nan,nan,1,1.00002,1,1,0
8.5625,6.4375,1,0.998823,1.00292,1,nan,nan,1,1.00002,1,1,0
8.5625,6.5625,1,0.998939,1.00242,1,nan,nan,1,1.00002,1,1,0
8.5625,6.6875,1,0.999065,1.00197,1,nan,nan,1,1.00002,1,1,0
8.5625,6.8125,1,0.999193,1.00159,1,nan,nan,1,1.00002,1,1,0
8.5625,6.9375,1,0.999317,1.00125,1,nan,nan,1,1.00002,1,1,0
8.5625,7.0625,1,0.999434,1.00098,1,nan,nan,1,1.00002,1,1,0
8.5625,7.1875,1,0.99954,1.00075,1,nan,nan,1,1.00002,1,1,0
8.5625,7.3125,1,0.999633,1.00057,1,nan,nan,1,1.00002,1,1,0
8.5625,7.4375,1,0.999712,1.00042,1,nan,nan,1,1.00002,1,1,0
8.5625,7.5625,1,0.999779,1.00031,1,nan,nan,1,1.00002,1,1,0
8.5625,7.6875,1,0.999833,1.00022,1,nan,nan,1,1.00002,1,1,0
8.5625,7.8125,1,0.999876,1.00016,1,nan,nan,1,1.00002,1,1,0
8.5625,7.9375,1,0.99991,1.00011,1,nan,nan,1,1.00002,1,1,0
8.5625,8.0625,1,0.999935,1.00008,1,nan,nan,1,1.00002,1,1,0
8.5625,8.1875,1,0.999954,1.00005,1,nan,nan,1,1.00002,1,1,0
8.5625,8.3125,1,0.999968,1.00003,1,nan,nan,1,1.00002,1,1,0
8.5625,8.4375,1,0.999979,1.00002,1,nan,nan,1,1.00002,1,1,0
8.5625,8.5625,1,0.999986,1.00001,1,nan,nan,1,1.00002,1,1,0
8.5625,8.6875,1,0.999991,1.00001,1,nan,nan,1,1.00002,1,1,0
8.5625,8.8125,1,0.999994,1.00001,1,nan,nan,1,1.00002,1,1,0
8.5625,8.9375,1,0.999996,1,1,nan,nan,1,1.00002,1,1,0
8.5625,9.0625,1,0.999998,1,1,nan,nan,1,1.00002,1,1,0
8.5625,9.1875,1,0.999998,1,1,nan,nan,1,1.00002,1,1,0
8.5625,9.3125,1,0.999999,1,1,nan,nan,1,1.00002,1,1,0
8.5625,9.4375,1,0.999999,1,1,nan,nan,1,1.00002,1,1,0
8.5625,9.5625,1,1,1,1,nan,nan,1,1.00002,1,1,0
8.5625,9.6875,1,1,1,1,nan,nan,1,1.00002,1,1,0
8.5625,9.8125,1,1,1,1,nan,nan,1,1.00002,1,1,0
8.5625,9.9375,1,1,1,1,nan,nan,1,1.00002,1,1,0
8.6875,0.0625,1,1,1,1,nan,nan,1,1.00002,1,1,0
8.6875,0.1875,1,1,1,1,nan,nan,1,1.00002,1,1,0
8.6875,0.3125,1,1,1,1,nan,nan,1,1.00002,1,1,0
8.6875,0.4375,1,1,1,1,nan,nan,1,1.00002,1,1,0
8.6875,0.5625,1,1,1,1,nan,nan,1,1.00002,1,1,0
8.6875,0.6875,1,1,1,1,nan,nan,1,1.00002,1,1,0
8.6875,0.8125,1,1,1,1,nan,nan,1,1.00002,1,1,0
8.6875,0.9375,1,1,1,1,nan,nan,1,1.00002,1,1,0
8.6875,1.0625,1,1,1,1,nan,nan,1,1.00002,1,1,0
8.6875,1.1875,1,1,1,1,nan,nan,1,1.00002,1,1,0
8.6875,1.3125,1,1.00001,1.00001,1,nan,nan,1,1.00002,1,1,0
8.6875,1.4375,1,1.00001,1.00001,1,nan,nan,1,1.00002,1,1,0
8.6875,1.5625,1,1.00001,1.00001,1,nan,nan,1,1.00002,1,1,0
8.6875,1.6875,1,1.00002,1.00002,1,nan,nan,1,1.00002,1,1,0
8.6875,1.8125,1,1.00003,1.00003,1,nan,nan,1,1.00002,1,1,0
8.6875,1.9375,1,1.00004,1.00005,1,nan,nan,1,1.00002,1,1,0
8.6875,2.0625,1,1.00006,1.00007,1,nan,nan,1,1.00002,1,1,0
8.6875,2.1875,1,1.00008,1.0001,1,nan,nan,1,1.00002,1,1,0
8.6875,2.3125,1,1.00011,1.00015,1,nan,nan,1,1.00002,1,1,0
8.6875,2.4375,1,1.00014,1.0002,1,nan,nan,1,1.00002,1,1,0
8.6875,2.5625,1,1.00018,1.00028,1,nan,nan,1,1.00002,1,1,0
8.6875,2.6875,1,1.00023,1.00037,1,nan,nan,1,1.00002,1,1,0
8.6875,2.8125,1,1.00029,1.00049,1,nan,nan,1,1.00002,1,1,0
8.6875,2.9375,1,1.00036,1.00064,1,nan,nan,1,1.00002,1,1,0
8.6875,3.0625,1,1.00043,1.00083,1,nan,nan,1,1.00002,1,1,0
8.6875,3.1875,1,1.00051,1.00104,1,nan,nan,1,1.00002,1,1,0
8.6875,3.3125,1,1.00059,1.0013,1,nan,nan,1,1.00002,1,1,0
8.6875,3.4375,1,1.00067,1.00159,1,nan,nan,1,1.00002,1,1,0
8.6875,3.5625,1,1.00075,1.00192,1,nan,nan,1,1.00002,1,1,0
8.6875,3.6875,1,1.00081,1.00228,1,nan,nan,1,1.00002,1,1,0
8.6875,3.8125,1,1.00086,1.00267,1,nan,nan,1,1.00002,1,1,0
8.6875,3.9375,1,1.00088,1.00307,1,nan,nan,1,1.00002,1,1,0
8.6875,4.0625,1,1.00088,1.00348,1,nan,nan,1,1.00002,1,1,0
8.6875,4.1875,1,1.00085,1.00388,0.999999,nan,nan,1,1.00002,1,1,0
8.6875,4.3125,1,1.00079,1.00426,0.999999,nan,nan,1,1.00002,1,1,0
8.6875,4.4375,0.999999,1.0007,1.00461,0.999999,nan,nan,1,1.00002,1,1,0
8.6875,4.5625,0.999999,1.00058,1.0049,0.999999,nan,nan,1,1.00002,1,1,0
8.6875,4.6875,0.999999,1.00044,1.00514,0.999999,nan,nan,1,1.00002,1,1,0
8.6875,4.8125,0.999999,1.00027,1.0053,0.999999,nan,nan,1,1.00002,1,1,0
8.6875,4.9375,0.999999,1.00009,1.00538,0.999999,nan,nan,1,1.00002,1,1,0
8.6875,5.0625,0.999999,0.999909,1.00538,0.999999,nan,nan,1,1.00002,1,1,0
8.6875,5.1875,0.999999,0.99973,1.0053,0.999999,nan,nan,1,1.00002,1,1,0
8.6875,5.3125,0.999999,0.999565,1.00514,0.999999,nan,nan,1,1.00002,1,1,0
8.6875,5.4375,0.999999,0.999418,1.0049,0.999999,nan,nan,1,1.00002,1,1,0
8.6875,5.5625,0.999999,0.999297,1.00461,0.999999,nan,nan,1,1.00002,1,1,0
8.6875,5.6875,1,0.999206,1.00426,0.999999,nan,nan,1,1.00002,1,1,0
8.6875,5.8125,1,0.999145,1.00388,0.999999,nan,nan,1,1.00002,1,1,0
8.6875,5.9375,1,0.999116,1.00348,1,nan,nan,1,1.00002,1,1,0
8.6875,6.0625,1,0.999116,1.00307,1,nan,nan,1,1.00002,1,1,0
8.6875,6.1875,1,0.999142,1.00267,1,nan,nan,1,1.00002,1,1,0
8.6875,6.3125,1,0.999189,1.00228,1,nan,nan,1,1.00002,1,1,0
8.6875,6.4375,1,0.999252,1.00192,1,nan,nan,1,1.00002,1,1,0
8.6875,6.5625,1,0.999326,1.00159,1,nan,nan,1,1.00002,1,1,0
8.6875,6.6875,1,0.999406,1.0013,1,nan,nan,1,1.00002,1,1,0
8.6875,6.8125,1,0.999487,1.00104,1,nan,nan,1,1.00002,1,1,0
8.6875,6.9375,1,0.999566,1.00083,1,nan,nan,1,1.00002,1,1,0
8.6875,7.0625,1,0.99964,1.00064,1,nan,nan,1,1.00002,1,1,0
8.6875,7.1875,1,0.999708,1.00049,1,nan,nan,1,1.00002,1,1,0
8.6875,7.3125,1,0.999767,1.00037,1,nan,nan,1,1.00002,1,1,0
8.6875,7.4375,1,0.999817,1.00028,1,nan,nan,1,1.00002,1,1,0
8.6875,7.5625,1,0.999859,1.0002,1,nan,nan,1,1.00002,1,1,0
8.6875,7.6875,1,0.999894,1.00015,1,nan,nan,1,1.00002,1,1,0
8.6875,7.8125,1,0.999921,1.0001,1,nan,nan,1,1.00002,1,1,0
8.6875,7.9375,1,0.999943,1.00007,1,nan,nan,1,1.00002,1,1,0
8.6875,8.0625,1,0.999959,1.00005,1,nan,nan,1,1.00002,1,1,0
8.6875,8.1875,1,0.999971,1.00003,1,nan,nan,1,1.00002,1,1,0
8.6875,8.3125,1,0.99998,1.00002,1,nan,nan,1,1.00002,1,1,0
8.6875,8.4375,1,0.999986,1.00001,1,nan,nan,1,1.00002,1,1,0
8.6875,8.5625,1,0.999991,1.00001,1,nan,nan,1,1.00002,1,1,0
8.6875,8.6875,1,0.999994,1.00001,1,nan,nan,1,1.00002,1,1,0
8.6875,8.8125,1,0.999996,1,1,nan,nan,1,1.00002,1,1,0
8.6875,8.9375,1,0.999998,1,1,nan,nan,1,1.00002,1,1,0
8.6875,9.0625,1,0.999998,1,1,nan,nan,1,1.00002,1,1,0
8.6875,9.1875,1,0.999999,1,1,nan,nan,1,1.00002,1,1,0
8.6875,9.3125,1,0.999999,1,1,nan,nan,1,1.00002,1,1,0
8.6875,9.4375,1,1,1,1,nan,nan,1,1.00002,1,1,0
8.6875,9.5625,1,1,1,1,nan,nan,1,1.00002,1,1,0
8.6875,9.6875,1,1,1,1,nan,nan,1,1.00002,1,1,0
8.6875,9.8125,1,1,1,1,nan,nan,1,1.00002,1,1,0
8.6875,9.9375,1,1,1,1,nan,nan,1,1.00002,1,1,0
8.8125,0.0625,1,1,1,1,nan,nan,1,1.00002,1,1,0
8.8125,0.1875,1,1,1,1,nan,nan,1,1.00002,1,1,0
8.8125,0.3125,1,1,1,1,nan,nan,1,1.00002,1,1,0
8.8125,0.4375,1,1,1,1,nan,nan,1,1.00002,1,1,0
8.8125,0.5625,1,1,1,1,nan,nan,1,1.00002,1,1,0
8.8125,0.6875,1,1,1,1,nan,nan,1,1.00002,1,1,0
8.8125,0.8125,1,1,1,1,nan,nan,1,1.00002,1,1,0
8.8125,0.9375,1,1,1,1,nan,nan,1,1.00002,1,1,0
8.8125,1.0625,1,1,1,1,nan,nan,1,1.00002,1,1,0
8.8125,1.1875,1,1,1,1,nan,nan,1,1.00002,1,1,0
8.8125,1.3125,1,1,1,1,nan,nan,1,1.00002,1,1,0
8.8125,1.4375,1,1.00001,1.00001,1,nan,nan,1,1.00002,1,1,0
8.8125,1.5625,1,1.00001,1.00001,1,nan,nan,1,1.00002,1,1,0
8.8125,1.6875,1,1.00001,1.00001,1,nan,nan,1,1.00002,1,1,0
8.8125,1.8125,1,1.00002,1.00002,1,nan,nan,1,1.00002,1,1,0
8.8125,1.9375,1,1.00003,1.00003,1,nan,nan,1,1.00002,1,1,0
8.8125,2.0625,1,1.00004,1.00005,1,nan,nan,1,1.00002,1,1,0
8.8125,2.1875,1,1.00005,1.00007,1,nan,nan,1,1.00002,1,1,0
8.8125,2.3125,1,1.00007,1.00009,1,nan,nan,1,1.00002,1,1,0
8.8125,2.4375,1,1.00009,1.00013,1,nan,nan,1,1.00002,1,1,0
8.8125,2.5625,1,1.00011,1.00018,1,nan,nan,1,1.00002,1,1,0
8.8125,2.6875,1,1.00015,1.00024,1,nan,nan,1,1.00002,1,1,0
8.8125,2.8125,1,1.00018,1.00032,1,nan,nan,1,1.00002,1,1,0
8.8125,2.9375,1,1.00023,1.00042,1,nan,nan,1,1.00002,1,1,0
8.8125,3.0625,1,1.00027,1.00053,1,nan,nan,1,1.00002,1,1,0
8.8125,3.1875,1,1.00032,1.00068,1,nan,nan,1,1.00002,1,1,0
8.8125,3.3125,1,1.00037,1.00084,1,nan,nan,1,1.00002,1,1,0
8.8125,3.4375,1,1.00042,1.00103,1,nan,nan,1,1.00002,1,1,0
8.8125,3.5625,1,1.00047,1.00124,1,nan,nan,1,1.00002,1,1,0
8.8125,3.6875,1,1.00051,1.00148,1,nan,nan,1,1.00002,1,1,0
8.8125,3.8125,1,1.00054,1.00172,1,nan,nan,1,1.00002,1,1,0
8.8125,3.9375,1,1.00055,1.00198,1,nan,nan,1,1.00002,1,1,0
8.8125,4.0625,1,1.00055,1.00225,1,nan,nan,1,1.00002,1,1,0
8.8125,4.1875,1,1.00053,1.00251,1,nan,nan,1,1.00002,1,1,0
8.8125,4.3125,1,1.0005,1.00276,1,nan,nan,1,1.00002,1,1,0
8.8125,4.4375,1,1.00044,1.00298,1,nan,nan,1,1.00002,1,1,0
8.8125,4.5625,1,1.00036,1.00317,1,nan,nan,1,1.00002,1,1,0
8.8125,4.6875,1,1.00027,1.00332,1,nan,nan,1,1.00002,1,1,0
8.8125,4.8125,1,1.00017,1.00343,1,nan,nan,1,1.00002,1,1,0
8.8125,4.9375,1,1.00006,1.00348,1,nan,nan,1,1.00002,1,1,0
8.8125,5.0625,1,0.999943,1.00348,1,nan,nan,1,1.00002,1,1,0
8.8125,5.1875,1,0.999831,1.00343,1,nan,nan,1,1.00002,1,1,0
8.8125,5.3125,1,0.999728,1.00332,1,nan,nan,1,1.00002,1,1,0
8.8125,5.4375,1,0.999636,1.00317,1,nan,nan,1,1.00002,1,1,0
8.8125,5.5625,1,0.99956,1.00298,1,nan,nan,1,1.00002,1,1,0
8.8125,5.6875,1,0.999503,1.00276,1,nan,nan,1,1.00002,1,1,0
8.8125,5.8125,1,0.999465,1.00251,1,nan,nan,1,1.00002,1,1,0
8.8125,5.9375,1,0.999447,1.00225,1,nan,nan,1,1.00002,1,1,0
8.8125,6.0625,1,0.999447,1.00198,1,nan,nan,1,1.00002,1,1,0
8.8125,6.1875,1,0.999463,1.00172,1,nan,nan,1,1.00002,1,1,0
8.8125,6.3125,1,0.999492,1.00148,1,nan,nan,1,1.00002,1,1,0
8.8125,6.4375,1,0.999532,1.00124,1,nan,nan,1,1.00002,1,1,0
8.8125,6.5625,1,0.999578,1.00103,1,nan,nan,1,1.00002,1,1,0
8.8125,6.6875,1,0.999628,1.00084,1,nan,nan,1,1.00002,1,1,0
8.8125,6.8125,1,0.999679,1.00068,1,nan,nan,1,1.00002,1,1,0
8.8125,6.9375,1,0.999729,1.00053,1,nan,nan,1,1.00002,1,1,0
8.8125,7.0625,1,0.999775,1.00042,1,nan,nan,1,1.00002,1,1,0
8.8125,7.1875,1,0.999817,1.00032,1,nan,nan,1,1.00002,1,1,0
8.8125,7.3125,1,0.999854,1.00024,1,nan,nan,1,1.00002,1,1,0
8.8125,7.4375,1,0.999886,1.00018,1,nan,nan,1,1.00002,1,1,0
8.8125,7.5625,1,0.999912,1.00013,1,nan,nan,1,1.00002,1,1,0
8.8125,7.6875,1,0.999934,1.00009,1,nan,nan,1,1.00002,1,1,0
8.8125,7.8125,1,0.999951,1.00007,1,nan,nan,1,1.00002,1,1,0
8.8125,7.9375,1,0.999964,1.00005,1,nan,nan,1,1.00002,1,1,0
8.8125,8.0625,1,0.999974,1.00003,1,nan,nan,1,1.00002,1,1,0
8.8125,8.1875,1,0.999982,1.00002,1,nan,nan,1,1.00002,1,1,0
8.8125,8.3125,1,0.999987,1.00001,1,nan,nan,1,1.00002,1,1,0
8.8125,8.4375,1,0.999991,1.00001,1,nan,nan,1,1.00002,1,1,0
8.8125,8.5625,1,0.999994,1.00001,1,nan,nan,1,1.00002,1,1,0
8.8125,8.6875,1,0.999996,1,1,nan,nan,1,1.00002,1,1,0
8.8125,8.8125,1,0.999998,1,1,nan,nan,1,1.00002,1,1,0
8.8125,8.9375,1,0.999998,1,1,nan,nan,1,1.00002,1,1,0
8.8125,9.0625,1,0.999999,1,1,nan,nan,1,1.00002,1,1,0
8.8125,9.1875,1,0.999999,1,1,nan,nan,1,1.00002,1,1,0
8.8125,9.3125,1,1,1,1,nan,nan,1,1.00002,1,1,0
8.8125,9.4375,1,1,1,1,nan,nan,1,1.00002,1,1,0
8.8125,9.5625,1,1,1,1,nan,nan,1,1.00002,1,1,0
8.8125,9.6875,1,1,1,1,nan,nan,1,1.00002,1,1,0
8.8125,9.8125,1,1,1,1,nan,nan,1,1.00002,1,1,0
8.8125,9.9375,1,1,1,1,nan,nan,1,1.00002,1,1,0
8.9375,0.0625,1,1,1,1,nan,nan,1,1.00002,1,1,0
8.9375,0.1875,1,1,1,1,nan,nan,1,1.00002,1,1,0
8.9375,0.3125,1,1,1,1,nan,nan,1,1.00002,1,1,0
8.9375,0.4375,1,1,1,1,nan,nan,1,1.00002,1,1,0
8.9375,0.5625,1,1,1,1,nan,nan,1,1.00002,1,1,0
8.9375,0.6875,1,1,1,1,nan,nan,1,1.00002,1,1,0
8.9375,0.8125,1,1,1,1,nan,nan,1,1.00002,1,1,0
8.9375,0.9375,1,1,1,1,nan,nan,1,1.00002,1,1,0
8.9375,1.0625,1,1,1,1,nan,nan,1,1.00002,1,1,0
8.9375,1.1875,1,1,1,1,nan,nan,1,1.00002,1,1,0
8.9375,1.3125,1,1,1,1,nan,nan,1,1.00002,1,1,0
8.9375,1.4375,1,1,1,1,nan,nan,1,1.00002,1,1,0
8.9375,1.5625,1,1.00001,1.00001,1,nan,nan,1,1.00002,1,1,0
8.9375,1.6875,1,1.00001,1.00001,1,nan,nan,1,1.00002,1,1,0
8.9375,1.8125,1,1.00001,1.00001,1,nan,nan,1,1.00002,1,1,0
8.9375,1.9375,1,1.00002,1.00002,1,nan,nan,1,1.00002,1,1,0
8.9375,2.0625,1,1.00002,1.00003,1,nan,nan,1,1.00002,1,1,0
8.9375,2.1875,1,1.00003,1.00004,1,nan,nan,1,1.00002,1,1,0
8.9375,2.3125,1,1.00004,1.00006,1,nan,nan,1,1.00002,1,1,0
8.9375,2.4375,1,1.00005,1.00008,1,nan,nan,1,1.00002,1,1,0
8.9375,2.5625,1,1.00007,1.00011,1,nan,nan,1,1.00002,1,1,0
8.9375,2.6875,1,1.00009,1.00015,1,nan,nan,1,1.00002,1,1,0
8.9375,2.8125,1,1.00011,1.0002,1,nan,nan,1,1.00002,1,1,0
8.9375,2.9375,1,1.00014,1.00026,1,nan,nan,1,1.00002,1,1,0
8.9375,3.0625,1,1.00017,1.00034,1,nan,nan,1,1.00002,1,1,0
8.9375,3.1875,1,1.0002,1.00043,1,nan,nan,1,1.00002,1,1,0
8.9375,3.3125,1,1.00023,1.00053,1,nan,nan,1,1.00002,1,1,0
8.9375,3.4375,1,1.00026,1.00066,1,nan,nan,1,1.00002,1,1,0
8.9375,3.5625,1,1.00029,1.00079,1,nan,nan,1,1.00002,1,1,0
8.9375,3.6875,1,1.00031,1.00094,1,nan,nan,1,1.00002,1,1,0
8.9375,3.8125,1,1.00033,1.0011,1,nan,nan,1,1.00002,1,1,0
8.9375,3.9375,1,1.00034,1.00126,1,nan,nan,1,1.00002,1,1,0
8.9375,4.0625,1,1.00034,1.00143,1,nan,nan,1,1.00002,1,1,0
8.9375,4.1875,1,1.00033,1.0016,1,nan,nan,1,1.00002,1,1,0
8.9375,4.3125,1,1.00031,1.00175,1,nan,nan,1,1.00002,1,1,0
8.9375,4.4375,1,1.00027,1.0019,1,nan,nan,1,1.00002,1,1,0
8.9375,4.5625,1,1.00022,1.00202,1,nan,nan,1,1.00002,1,1,0
8.9375,4.6875,1,1.00017,1.00212,1,nan,nan,1,1.00002,1,1,0
8.9375,4.8125,1,1.0001,1.00218,1,nan,nan,1,1.00002,1,1,0
8.9375,4.9375,1,1.00004,1.00222,1,nan,nan,1,1.00002,1,1,0
8.9375,5.0625,1,0.999965,1.00222,1,nan,nan,1,1.00002,1,1,0
8.9375,5.1875,1,0.999896,1.00218,1,nan,nan,1,1.00002,1,1,0
8.9375,5.3125,1,0.999832,1.00212,1,nan,nan,1,1.00002,1,1,0
8.9375,5.4375,1,0.999776,1.00202,1,nan,nan,1,1.00002,1,1,0
8.9375,5.5625,1,0.999729,1.0019,1,nan,nan,1,1.00002,1,1,0
8.9375,5.6875,1,0.999694,1.00175,1,nan,nan,1,1.00002,1,1,0
8.9375,5.8125,1,0.999671,1.0016,1,nan,nan,1,1.00002,1,1,0
8.9375,5.9375,1,0.999659,1.00143,1,nan,nan,1,1.00002,1,1,0
8.9375,6.0625,1,0.999659,1.00126,1,nan,nan,1,1.00002,1,1,0
8.9375,6.1875,1,0.999669,1.0011,1,nan,nan,1,1.00002,1,1,0
8.9375,6.3125,1,0.999687,1.00094,1,nan,nan,1,1.00002,1,1,0
8.9375,6.4375,1,0.999711,1.00079,1,nan,nan,1,1.00002,1,1,0
8.9375,6.5625,1,0.99974,1.00066,1,nan,nan,1,1.00002,1,1,0
8.9375,6.6875,1,0.999771,1.00053,1,nan,nan,1,1.00002,1,1,0
8.9375,6.8125,1,0.999802,1.00043,1,nan,nan,1,1.00002,1,1,0
8.9375,6.9375,1,0.999833,1.00034,1,nan,nan,1,1.00002,1,1,0
8.9375,7.0625,1,0.999861,1.00026,1,nan,nan,1,1.00002,1,1,0
8.9375,7.1875,1,0.999887,1.0002,1,nan,nan,1,1.00002,1,1,0
8.9375,7.3125,1,0.99991,1.00015,1,nan,nan,1,1.00002,1,1,0
8.9375,7.4375,1,0.99993,1.00011,1,nan,nan,1,1.00002,1,1,0
8.9375,7.5625,1,0.999946,1.00008,1,nan,nan,1,1.00002,1,1,0
8.9375,7.6875,1,0.999959,1.00006,1,nan,nan,1,1.00002,1,1,0
8.9375,7.8125,1,0.99997,1.00004,1,nan,nan,1,1.00002,1,1,0
8.9375,7.9375,1,0.999978,1.00003,1,nan,nan,1,1.00002,1,1,0
8.9375,8.0625,1,0.999984,1.00002,1,nan,nan,1,1.00002,1,1,0
8.9375,8.1875,1,0.999989,1.00001,1,nan,nan,1,1.00002,1,1,0
8.9375,8.3125,1,0.999992,1.00001,1,nan,nan,1,1.00002,1,1,0
8.9375,8.4375,1,0.999995,1.00001,1,nan,nan,1,1.00002,1,1,0
8.9375,8.5625,1,0.999996,1,1,nan,nan,1,1.00002,1,1,0
8.9375,8.6875,1,0.999998,1,1,nan,nan,1,1.00002,1,1,0
8.9375,8.8125,1,0.999998,1,1,nan,nan,1,1.00002,1,1,0
8.9375,8.9375,1,0.999999,1,1,nan,nan,1,1.00002,1,1,0
8.9375,9.0625,1,0.999999,1,1,nan,nan,1,1.00002,1,1,0
8.9375,9.1875,1,1,1,1,nan,nan,1,1.00002,1,1,0
8.9375,9.3125,1,1,1,1,nan,nan,1,1.00002,1,1,0
8.9375,9.4375,1,1,1,1,nan,nan,1,1.00002,1,1,0
8.9375,9.5625,1,1,1,1,nan,nan,1,1.00002,1,1,0
8.9375,9.6875,1,1,1,1,nan,nan,1,1.00002,1,1,0
8.9375,9.8125,1,1,1,1,nan,nan,1,1.00002,1,1,0
8.9375,9.9375,1,1,1,1,nan,nan,1,1.00002,1,1,0
9.0625,0.0625,1,1,1,1,nan,nan,1,1.00002,1,1,0
9.0625,0.1875,1,1,1,1,nan,nan,1,1.00002,1,1,0
9.0625,0.3125,1,1,1,1,nan,nan,1,1.00002,1,1,0
9.0625,0.4375,1,1,1,1,nan,nan,1,1.00002,1,1,0
9.0625,0.5625,1,1,1,1,nan,nan,1,1.00002,1,1,0
9.0625,0.6875,1,1,1,1,nan,nan,1,1.00002,1,1,0
9.0625,0.8125,1,1,1,1,nan,nan,1,1.00002,1,1,0
9.0625,0.9375,1,1,1,1,nan,nan,1,1.00002,1,1,0
9.0625,1.0625,1,1,1,1,nan,nan,1,1.00002,1,1,0
9.0625,1.1875,1,1,1,1,nan,nan,1,1.00002,1,1,0
9.0625,1.3125,1,1,1,1,nan,nan,1,1.00002,1,1,0
9.0625,1.4375,1,1,1,1,nan,nan,1,1.00002,1,1,0
9.0625,1.5625,1,1,1,1,nan,nan,1,1.00002,1,1,0
9.0625,1.6875,1,1,1.00001,1,nan,nan,1,1.00002,1,1,0
9.0625,1.8125,1,1.00001,1.00001,1,nan,nan,1,1.00002,1,1,0
9.0625,1.9375,1,1.00001,1.00001,1,nan,nan,1,1.00002,1,1,0
9.0625,2.0625,1,1.00001,1.00002,1,nan,nan,1,1.00002,1,1,0
9.0625,2.1875,1,1.00002,1.00003,1,nan,nan,1,1.00002,1,1,0
9.0625,2.3125,1,1.00002,1.00004,1,nan,nan,1,1.00002,1,1,0
9.0625,2.4375,1,1.00003,1.00005,1,nan,nan,1,1.00002,1,1,0
9.0625,2.5625,1,1.00004,1.00007,1,nan,nan,1,1.00002,1,1,0
9.0625,2.6875,1,1.00005,1.0001,1,nan,nan,1,1.00002,1,1,0
9.0625,2.8125,1,1.00007,1.00013,1,nan,nan,1,1.00002,1,1,0
9.0625,2.9375,1,1.00008,1.00017,1,nan,nan,1,1.00002,1,1,0
9.0625,3.0625,1,1.0001,1.00021,1,nan,nan,1,1.00002,1,1,0
9.0625,3.1875,1,1.00012,1.00027,1,nan,nan,1,1.00002,1,1,0
9.0625,3.3125,1,1.00014,1.00033,1,nan,nan,1,1.00002,1,1,0
9.0625,3.4375,1,1.00016,1.00041,1,nan,nan,1,1.00002,1,1,0
9.0625,3.5625,1,1.00018,1.00049,1,nan,nan,1,1.00002,1,1,0
9.0625,3.6875,1,1.00019,1.00059,1,nan,nan,1,1.00002,1,1,0
9.0625,3.8125,1,1.0002,1.00069,1,nan,nan,1,1.00002,1,1,0
9.0625,3.9375,1,1.00021,1.00079,1,nan,nan,1,1.00002,1,1,0
9.0625,4.0625,1,1.00021,1.0009,1,nan,nan,1,1.00002,1,1,0
9.0625,4.1875,1,1.0002,1.001,1,nan,nan,1,1.00002,1,1,0
9.0625,4.3125,1,1.00019,1.0011,1,nan,nan,1,1.00002,1,1,0
9.0625,4.4375,1,1.00016,1.00119,1,nan,nan,1,1.00002,1,1,0
9.0625,4.5625,1,1.00014,1.00126,1,nan,nan,1,1.00002,1,1,0
9.0625,4.6875,1,1.0001,1.00132,1,nan,nan,1,1.00002,1,1,0
9.0625,4.8125,1,1.00006,1.00137,1,nan,nan,1,1.00002,1,1,0
9.0625,4.9375,1,1.00002,1.00139,1,nan,nan,1,1.00002,1,1,0
9.0625,5.0625,1,0.999979,1.00139,1,nan,nan,1,1.00002,1,1,0
9.0625,5.1875,1,0.999937,1.00137,1,nan,nan,1,1.00002,1,1,0
9.0625,5.3125,1,0.999898,1.00132,1,nan,nan,1,1.00002,1,1,0
9.0625,5.4375,1,0.999864,1.00126,1,nan,nan,1,1.00002,1,1,0
9.0625,5.5625,1,0.999836,1.00119,1,nan,nan,1,1.00002,1,1,0
9.0625,5.6875,1,0.999814,1.0011,1,nan,nan,1,1.00002,1,1,0
9.0625,5.8125,1,0.9998,1.001,1,nan,nan,1,1.00002,1,1,0
9.0625,5.9375,1,0.999793,1.0009,1,nan,nan,1,1.00002,1,1,0
9.0625,6.0625,1,0.999793,1.00079,1,nan,nan,1,1.00002,1,1,0
9.0625,6.1875,1,0.999799,1.00069,1,nan,nan,1,1.00002,1,1,0
9.0625,6.3125,1,0.99981,1.00059,1,nan,nan,1,1.00002,1,1,0
9.0625,6.4375,1,0.999825,1.00049,1,nan,nan,1,1.00002,1,1,0
9.0625,6.5625,1,0.999842,1.00041,1,nan,nan,1,1.00002,1,1,0
9.0625,6.6875,1,0.999861,1.00033,1,nan,nan,1,1.00002,1,1,0
9.0625,6.8125,1,0.99988,1.00027,1,nan,nan,1,1.00002,1,1,0
9.0625,6.9375,1,0.999899,1.00021,1,nan,nan,1,1.00002,1,1,0
9.0625,7.0625,1,0.999916,1.00017,1,nan,nan,1,1.00002,1,1,0
9.0625,7.1875,1,0.999932,1.00013,1,nan,nan,1,1.00002,1,1,0
9.0625,7.3125,1,0.999945,1.0001,1,nan,nan,1,1.00002,1,1,0
9.0625,7.4375,1,0.999957,1.00007,1,nan,nan,1,1.00002,1,1,0
9.0625,7.5625,1,0.999967,1.00005,1,nan,nan,1,1.00002,1,1,0
9.0625,7.6875,1,0.999975,1.00004,1,nan,nan,1,1.00002,1,1,0
9.0625,7.8125,1,0.999982,1.00003,1,nan,nan,1,1.00002,1,1,0
9.0625,7.9375,1,0.999987,1.00002,1,nan,nan,1,1.00002,1,1,0
9.0625,8.0625,1,0.99999,1.00001,1,nan,nan,1,1.00002,1,1,0
9.0625,8.1875,1,0.999993,1.00001,1,nan,nan,1,1.00002,1,1,0
9.0625,8.3125,1,0.999995,1.00001,1,nan,nan,1,1.00002,1,1,0
9.0625,8.4375,1,0.999997,1,1,nan,nan,1,1.00002,1,1,0
9.0625,8.5625,1,0.999998,1,1,nan,nan,1,1.00002,1,1,0
9.0625,8.6875,1,0.999999,1,1,nan,nan,1,1.00002,1,1,0
9.0625,8.8125,1,0.999999,1,1,nan,nan,1,1.00002,1,1,0
9.0625,8.9375,1,0.999999,1,1,nan,nan,1,1.00002,1,1,0
9.0625,9.0625,1,1,1,1,nan,nan,1,1.00002,1,1,0
9.0625,9.1875,1,1,1,1,nan,nan,1,1.00002,1,1,0
9.0625,9.3125,1,1,1,1,nan,nan,1,1.00002,1,1,0
9.0625,9.4375,1,1,1,1,nan,nan,1,1.00002,1,1,0
9.0625,9.5625,1,1,1,1,nan,nan,1,1.00002,1,1,0
9.0625,9.6875,1,1,1,1,nan,nan,1,1.00002,1,1,0
9.0625,9.8125,1,1,1,1,nan,nan,1,1.00002,1,1,0
9.0625,9.9375,1,1,1,1,nan,nan,1,1.00002,1,1,0
9.1875,0.0625,1,1,1,1,nan,nan,1,1.00002,1,1,0
9.1875,0.1875,1,1,1,1,nan,nan,1,1.00002,1,1,0
9.1875,0.3125,1,1,1,1,nan,nan,1,1.00002,1,1,0
9.1875,0.4375,1,1,1,1,nan,nan,1,1.00002,1,1,0
9.1875,0.5625,1,1,1,1,nan,nan,1,1.00002,1,1,0
9.1875,0.6875,1,1,1,1,nan,nan,1,1.00002,1,1,0
9.1875,0.8125,1,1,1,1,nan,nan,1,1.00002,1,1,0
9.1875,0.9375,1,1,1,1,nan,nan,1,1.00002,1,1,0
9.1875,1.0625,1,1,1,1,nan,nan,1,1.00002,1,1,0
9.1875,1.1875,1,1,1,1,nan,nan,1,1.00002,1,1,0
9.1875,1.3125,1,1,1,1,nan,nan,1,1.00002,1,1,0
9.1875,1.4375,1,1,1,1,nan,nan,1,1.00002,1,1,0
9.1875,1.5625,1,1,1,1,nan,nan,1,1.00002,1,1,0
9.1875,1.6875,1,1,1,1,nan,nan,1,1.00002,1,1,0
9.1875,1.8125,1,1,1.00001,1,nan,nan,1,1.00002,1,1,0
9.1875,1.9375,1,1.00001,1.00001,1,nan,nan,1,1.00002,1,1,0
9.1875,2.0625,1,1.00001,1.00001,1,nan,nan,1,1.00002,1,1,0
9.1875,2.1875,1,1.00001,1.00002,1,nan,nan,1,1.00002,1,1,0
9.1875,2.3125,1,1.00001,1.00002,1,nan,nan,1,1.00002,1,1,0
9.1875,2.4375,1,1.00002,1.00003,1,nan,nan,1,1.00002,1,1,0
9.1875,2.5625,1,1.00003,1.00004,1,nan,nan,1,1.00002,1,1,0
9.1875,2.6875,1,1.00003,1.00006,1,nan,nan,1,1.00002,1,1,0
9.1875,2.8125,1,1.00004,1.00008,1,nan,nan,1,1.00002,1,1,0
9.1875,2.9375,1,1.00005,1.0001,1,nan,nan,1,1.00002,1,1,0
9.1875,3.0625,1,1.00006,1.00013,1,nan,nan,1,1.00002,1,1,0
9.1875,3.1875,1,1.00007,1.00017,1,nan,nan,1,1.00002,1,1,0
9.1875,3.3125,1,1.00008,1.00021,1,nan,nan,1,1.00002,1,1,0
9.1875,3.4375,1,1.00009,1.00025,1,nan,nan,1,1.00002,1,1,0
9.1875,3.5625,1,1.0001,1.0003,1,nan,nan,1,1.00002,1,1,0
9.1875,3.6875,1,1.00011,1.00036,1,nan,nan,1,1.00002,1,1,0
9.1875,3.8125,1,1.00012,1.00042,1,nan,nan,1,1.00002,1,1,0
9.1875,3.9375,1,1.00012,1.00049,1,nan,nan,1,1.00002,1,1,0
9.1875,4.0625,1,1.00012,1.00055,1,nan,nan,1,1.00002,1,1,0
9.1875,4.1875,1,1.00012,1.00061,1,nan,nan,1,1.00002,1,1,0
9.1875,4.3125,1,1.00011,1.00068,1,nan,nan,1,1.00002,1,1,0
9.1875,4.4375,1,1.0001,1.00073,1,nan,nan,1,1.00002,1,1,0
9.1875,4.5625,1,1.00008,1.00078,1,nan,nan,1,1.00002,1,1,0
9.1875,4.6875,1,1.00006,1.00081,1,nan,nan,1,1.00002,1,1,0
9.1875,4.8125,1,1.00004,1.00084,1,nan,nan,1,1.00002,1,1,0
9.1875,4.9375,1,1.00001,1.00085,1,nan,nan,1,1.00002,1,1,0
9.1875,5.0625,1,0.999987,1.00085,1,nan,nan,1,1.00002,1,1,0
9.1875,5.1875,1,0.999962,1.00084,1,nan,nan,1,1.00002,1,1,0
9.1875,5.3125,1,0.999939,1.00081,1,nan,nan,1,1.00002,1,1,0
9.1875,5.4375,1,0.999919,1.00078,1,nan,nan,1,1.00002,1,1,0
9.1875,5.5625,1,0.999902,1.00073,1,nan,nan,1,1.00002,1,1,0
9.1875,5.6875,1,0.999889,1.00068,1,nan,nan,1,1.00002,1,1,0
9.1875,5.8125,1,0.999881,1.00061,1,nan,nan,1,1.00002,1,1,0
9.1875,5.9375,1,0.999877,1.00055,1,nan,nan,1,1.00002,1,1,0
9.1875,6.0625,1,0.999877,1.00049,1,nan,nan,1,1.00002,1,1,0
9.1875,6.1875,1,0.99988,1.00042,1,nan,nan,1,1.00002,1,1,0
9.1875,6.3125,1,0.999887,1.00036,1,nan,nan,1,1.00002,1,1,0
9.1875,6.4375,1,0.999895,1.0003,1,nan,nan,1,1.00002,1,1,0
9.1875,6.5625,1,0.999906,1.00025,1,nan,nan,1,1.00002,1,1,0
9.1875,6.6875,1,0.999917,1.00021,1,nan,nan,1,1.00002,1,1,0
9.1875,6.8125,1,0.999928,1.00017,1,nan,nan,1,1.00002,1,1,0
9.1875,6.9375,1,0.999939,1.00013,1,nan,nan,1,1.00002,1,1,0
9.1875,7.0625,1,0.99995,1.0001,1,nan,nan,1,1.00002,1,1,0
9.1875,7.1875,1,0.999959,1.00008,1,nan,nan,1,1.00002,1,1,0
9.1875,7.3125,1,0.999967,1.00006,1,nan,nan,1,1.00002,1,1,0
9.1875,7.4375,1,0.999974,1.00004,1,nan,nan,1,1.00002,1,1,0
9.1875,7.5625,1,0.99998,1.00003,1,nan,nan,1,1.00002,1,1,0
9.1875,7.6875,1,0.999985,1.00002,1,nan,nan,1,1.00002,1,1,0
9.1875,7.8125,1,0.999989,1.00002,1,nan,nan,1,1.00002,1,1,0
9.1875,7.9375,1,0.999992,1.00001,1,nan,nan,1,1.00002,1,1,0
9.1875,8.0625,1,0.999994,1.00001,1,nan,nan,1,1.00002,1,1,0
9.1875,8.1875,1,0.999996,1.00001,1,nan,nan,1,1.00002,1,1,0
9.1875,8.3125,1,0.999997,1,1,nan,nan,1,1.00002,1,1,0
9.1875,8.4375,1,0.999998,1,1,nan,nan,1,1.00002,1,1,0
9.1875,8.5625,1,0.999999,1,1,nan,nan,1,1.00002,1,1,0
9.1875,8.6875,1,0.999999,1,1,nan,nan,1,1.00002,1,1,0
9.1875,8.8125,1,0.999999,1,1,nan,nan,1,1.00002,1,1,0
9.1875,8.9375,1,1,1,1,nan,nan,1,1.00002,1,1,0
9.1875,9.0625,1,1,1,1,nan,nan,1,1.00002,1,1,0
9.1875,9.1875,1,1,1,1,nan,nan,1,1.00002,1,1,0
9.1875,9.3125,1,1,1,1,nan,nan,1,1.00002,1,1,0
9.1875,9.4375,1,1,1,1,nan,nan,1,1.00002,1,1,0
9.1875,9.5625,1,1,1,1,nan,nan,1,1.00002,1,1,0
9.1875,9.6875,1,1,1,1,nan,nan,1,1.00002,1,1,0
9.1875,9.8125,1,1,1,1,nan,nan,1,1.00002,1,1,0
9.1875,9.9375,1,1,1,1,nan,nan,1,1.00002,1,1,0
9.3125,0.0625,1,1,1,1,nan,nan,1,1.00002,1,1,0
9.3125,0.1875,1,1,1,1,nan,nan,1,1.00002,1,1,0
9.3125,0.3125,1,1,1,1,nan,nan,1,1.00002,1,1,0
9.3125,0.4375,1,1,1,1,nan,nan,1,1.00002,1,1,0
9.3125,0.5625,1,1,1,1,nan,nan,1,1.00002,1,1,0
9.3125,0.6875,1,1,1,1,nan,nan,1,1.00002,1,1,0
9.3125,0.8125,1,1,1,1,nan,nan,1,1.00002,1,1,0
9.3125,0.9375,1,1,1,1,nan,nan,1,1.00002,1,1,0
9.3125,1.0625,1,1,1,1,nan,nan,1,1.00002,1,1,0
9.3125,1.1875,1,1,1,1,nan,nan,1,1.00002,1,1,0
9.3125,1.3125,1,1,1,1,nan,nan,1,1.00002,1,1,0
9.3125,1.4375,1,1,1,1,nan,nan,1,1.00002,1,1,0
9.3125,1.5625,1,1,1,1,nan,nan,1,1.00002,1,1,0
9.3125,1.6875,1,1,1,1,nan,nan,1,1.00002,1,1,0
9.3125,1.8125,1,1,1,1,nan,nan,1,1.00002,1,1,0
9.3125,1.9375,1,1,1,1,nan,nan,1,1.00002,1,1,0
9.3125,2.0625,1,1,1.00001,1,nan,nan,1,1.00002,1,1,0
9.3125,2.1875,1,1.00001,1.00001,1,nan,nan,1,1.00002,1,1,0
9.3125,2.3125,1,1.00001,1.00001,1,nan,nan,1,1.00002,1,1,0
9.3125,2.4375,1,1.00001,1.00002,1,nan,nan,1,1.00002,1,1,0
9.3125,2.5625,1,1.00002,1.00003,1,nan,nan,1,1.00002,1,1,0
9.3125,2.6875,1,1.00002,1.00004,1,nan,nan,1,1.00002,1,1,0
9.3125,2.8125,1,1.00002,1.00005,1,nan,nan,1,1.00002,1,1,0
9.3125,2.9375,1,1.00003,1.00006,1,nan,nan,1,1.00002,1,1,0
9.3125,3.0625,1,1.00004,1.00008,1,nan,nan,1,1.00002,1,1,0
9.3125,3.1875,1,1.00004,1.0001,1,nan,nan,1,1.00002,1,1,0
9.3125,3.3125,1,1.00005,1.00012,1,nan,nan,1,1.00002,1,1,0
9.3125,3.4375,1,1.00006,1.00015,1,nan,nan,1,1.00002,1,1,0
9.3125,3.5625,1,1.00006,1.00018,1,nan,nan,1,1.00002,1,1,0
9.3125,3.6875,1,1.00007,1.00022,1,nan,nan,1,1.00002,1,1,0
9.3125,3.8125,1,1.00007,1.00026,1,nan,nan,1,1.00002,1,1,0
9.3125,3.9375,1,1.00007,1.00029,1,nan,nan,1,1.00002,1,1,0
9.3125,4.0625,1,1.00007,1.00033,1,nan,nan,1,1.00002,1,1,0
9.3125,4.1875,1,1.00007,1.00037,1,nan,nan,1,1.00002,1,1,0
9.3125,4.3125,1,1.00007,1.00041,1,nan,nan,1,1.00002,1,1,0
9.3125,4.4375,1,1.00006,1.00044,1,nan,nan,1,1.00002,1,1,0
9.3125,4.5625,1,1.00005,1.00047,1,nan,nan,1,1.00002,1,1,0
9.3125,4.6875,1,1.00004,1.00049,1,nan,nan,1,1.00002,1,1,0
9.3125,4.8125,1,1.00002,1.00051,1,nan,nan,1,1.00002,1,1,0
9.3125,4.9375,1,1.00001,1.00052,1,nan,nan,1,1.00002,1,1,0
9.3125,5.0625,1,0.999993,1.00052,1,nan,nan,1,1.00002,1,1,0
9.3125,5.1875,1,0.999978,1.00051,1,nan,nan,1,1.00002,1,1,0
9.3125,5.3125,1,0.999964,1.00049,1,nan,nan,1,1.00002,1,1,0
9.3125,5.4375,1,0.999952,1.00047,1,nan,nan,1,1.00002,1,1,0
9.3125,5.5625,1,0.999942,1.00044,1,nan,nan,1,1.00002,1,1,0
9.3125,5.6875,1,0.999935,1.00041,1,nan,nan,1,1.00002,1,1,0
9.3125,5.8125,1,0.99993,1.00037,1,nan,nan,1,1.00002,1,1,0
9.3125,5.9375,1,0.999927,1.00033,1,nan,nan,1,1.00002,1,1,0
9.3125,6.0625,1,0.999927,1.00029,1,nan,nan,1,1.00002,1,1,0
9.3125,6.1875,1,0.99993,1.00026,1,nan,nan,1,1.00002,1,1,0
9.3125,6.3125,1,0.999933,1.00022,1,nan,nan,1,1.00002,1,1,0
9.3125,6.4375,1,0.999939,1.00018,1,nan,nan,1,1.00002,1,1,0
9.3125,6.5625,1,0.999945,1.00015,1,nan,nan,1,1.00002,1,1,0
9.3125,6.6875,1,0.999951,1.00012,1,nan,nan,1,1.00002,1,1,0
9.3125,6.8125,1,0.999958,1.0001,1,nan,nan,1,1.00002,1,1,0
9.3125,6.9375,1,0.999964,1.00008,1,nan,nan,1,1.00002,1,1,0
9.3125,7.0625,1,0.99997,1.00006,1,nan,nan,1,1.00002,1,1,0
9.3125,7.1875,1,0.999976,1.00005,1,nan,nan,1,1.00002,1,1,0
9.3125,7.3125,1,0.999981,1.00004,1,nan,nan,1,1.00002,1,1,0
9.3125,7.4375,1,0.999985,1.00003,1,nan,nan,1,1.00002,1,1,0
9.3125,7.5625,1,0.999988,1.00002,1,nan,nan,1,1.00002,1,1,0
9.3125,7.6875,1,0.999991,1.00001,1,nan,nan,1,1.00002,1,1,0
9.3125,7.8125,1,0.999994,1.00001,1,nan,nan,1,1.00002,1,1,0
9.3125,7.9375,1,0.999995,1.00001,1,nan,nan,1,1.00002,1,1,0
9.3125,8.0625,1,0.999997,1,1,nan,nan,1,1.00002,1,1,0
9.3125,8.1875,1,0.999998,1,1,nan,nan,1,1.00002,1,1,0
9.3125,8.3125,1,0.999998,1,1,nan,nan,1,1.00002,1,1,0
9.3125,8.4375,1,0.999999,1,1,nan,nan,1,1.00002,1,1,0
9.3125,8.5625,1,0.999999,1,1,nan,nan,1,1.00002,1,1,0
9.3125,8.6875,1,1,1,1,nan,nan,1,1.00002,1,1,0
9.3125,8.8125,1,1,1,1,nan,nan,1,1.00002,1,1,0
9.3125,8.9375,1,1,1,1,nan,nan,1,1.00002,1,1,0
9.3125,9.0625,1,1,1,1,nan,nan,1,1.00002,1,1,0
9.3125,9.1875,1,1,1,1,nan,nan,1,1.00002,1,1,0
9.3125,9.3125,1,1,1,1,nan,nan,1,1.00002,1,1,0
9.3125,9.4375,1,1,1,1,nan,nan,1,1.00002,1,1,0
9.3125,9.5625,1,1,1,1,nan,nan,1,1.00002,1,1,0
9.3125,9.6875,1,1,1,1,nan,nan,1,1.00002,1,1,0
9.3125,9.8125,1,1,1,1,nan,nan,1,1.00002,1,1,0
9.3125,9.9375,1,1,1,1,nan,nan,1,1.00002,1,1,0
9.4375,0.0625,1,1,1,1,nan,nan,1,1.00002,1,1,0
9.4375,0.1875,1,1,1,1,nan,nan,1,1.00002,1,1,0
9.4375,0.3125,1,1,1,1,nan,nan,1,1.00002,1,1,0
9.4375,0.4375,1,1,1,1,nan,nan,1,1.00002,1,1,0
9.4375,0.5625,1,1,1,1,nan,nan,1,1.00002,1,1,0
9.4375,0.6875,1,1,1,1,nan,nan,1,1.00002,1,1,0
9.4375,0.8125,1,1,1,1,nan,nan,1,1.00002,1,1,0
9.4375,0.9375,1,1,1,1,nan,nan,1,1.00002,1,1,0
9.4375,1.0625,1,1,1,1,nan,nan,1,1.00002,1,1,0
9.4375,1.1875,1,1,1,1,nan,nan,1,1.00002,1,1,0
9.4375,1.3125,1,1,1,1,nan,nan,1,1.00002,1,1,0
9.4375,1.4375,1,1,1,1,nan,nan,1,1.00002,1,1,0
9.4375,1.5625,1,1,1,1,nan,nan,1,1.00002,1,1,0
9.4375,1.6875,1,1,1,1,nan,nan,1,1.00002,1,1,0
9.4375,1.8125,1,1,1,1,nan,nan,1,1.00002,1,1,0
9.4375,1.9375,1,1,1,1,nan,nan,1,1.00002,1,1,0
9.4375,2.0625,1,1,1,1,nan,nan,1,1.00002,1,1,0
9.4375,2.1875,1,1,1.00001,1,nan,nan,1,1.00002,1,1,0
9.4375,2.3125,1,1.00001,1.00001,1,nan,nan,1,1.00002,1,1,0
9.4375,2.4375,1,1.00001,1.00001,1,nan,nan,1,1.00002,1,1,0
9.4375,2.5625,1,1.00001,1.00002,1,nan,nan,1,1.00002,1,1,0
9.4375,2.6875,1,1.00001,1.00002,1,nan,nan,1,1.00002,1,1,0
9.4375,2.8125,1,1.00001,1.00003,1,nan,nan,1,1.00002,1,1,0
9.4375,2.9375,1,1.00002,1.00004,1,nan,nan,1,1.00002,1,1,0
9.4375,3.0625,1,1.00002,1.00005,1,nan,nan,1,1.00002,1,1,0
9.4375,3.1875,1,1.00002,1.00006,1,nan,nan,1,1.00002,1,1,0
9.4375,3.3125,1,1.00003,1.00007,1,nan,nan,1,1.00002,1,1,0
9.4375,3.4375,1,1.00003,1.00009,1,nan,nan,1,1.00002,1,1,0
9.4375,3.5625,1,1.00004,1.00011,1,nan,nan,1,1.00002,1,1,0
9.4375,3.6875,1,1.00004,1.00013,1,nan,nan,1,1.00002,1,1,0
9.4375,3.8125,1,1.00004,1.00015,1,nan,nan,1,1.00002,1,1,0
9.4375,3.9375,1,1.00004,1.00018,1,nan,nan,1,1.00002,1,1,0
9.4375,4.0625,1,1.00004,1.0002,1,nan,nan,1,1.00002,1,1,0
9.4375,4.1875,1,1.00004,1.00022,1,nan,nan,1,1.00002,1,1,0
9.4375,4.3125,1,1.00004,1.00024,1,nan,nan,1,1.00002,1,1,0
9.4375,4.4375,1,1.00003,1.00026,1,nan,nan,1,1.00002,1,1,0
9.4375,4.5625,1,1.00003,1.00028,1,nan,nan,1,1.00002,1,1,0
9.4375,4.6875,1,1.00002,1.00029,1,nan,nan,1,1.00002,1,1,0
9.4375,4.8125,1,1.00001,1.0003,1,nan,nan,1,1.00002,1,1,0
9.4375,4.9375,1,1,1.00031,1,nan,nan,1,1.00002,1,1,0
9.4375,5.0625,1,0.999996,1.00031,1,nan,nan,1,1.00002,1,1,0
9.4375,5.1875,1,0.999987,1.0003,1,nan,nan,1,1.00002,1,1,0
9.4375,5.3125,1,0.999979,1.00029,1,nan,nan,1,1.00002,1,1,0
9.4375,5.4375,1,0.999972,1.00028,1,nan,nan,1,1.00002,1,1,0
9.4375,5.5625,1,0.999967,1.00026,1,nan,nan,1,1.00002,1,1,0
9.4375,5.6875,1,0.999962,1.00024,1,nan,nan,1,1.00002,1,1,0
9.4375,5.8125,1,0.999959,1.00022,1,nan,nan,1,1.00002,1,1,0
9.4375,5.9375,1,0.999958,1.0002,1,nan,nan,1,1.00002,1,1,0
9.4375,6.0625,1,0.999958,1.00018,1,nan,nan,1,1.00002,1,1,0
9.4375,6.1875,1,0.999959,1.00015,1,nan,nan,1,1.00002,1,1,0
9.4375,6.3125,1,0.999961,1.00013,1,nan,nan,1,1.00002,1,1,0
9.4375,6.4375,1,0.999964,1.00011,1,nan,nan,1,1.00002,1,1,0
9.4375,6.5625,1,0.999968,1.00009,1,nan,nan,1,1.00002,1,1,0
9.4375,6.6875,1,0.999972,1.00007,1,nan,nan,1,1.00002,1,1,0
9.4375,6.8125,1,0.999976,1.00006,1,nan,nan,1,1.00002,1,1,0
9.4375,6.9375,1,0.999979,1.00005,1,nan,nan,1,1.00002,1,1,0
9.4375,7.0625,1,0.999983,1.00004,1,nan,nan,1,1.00002,1,1,0
9.4375,7.1875,1,0.999986,1.00003,1,nan,nan,1,1.00002,1,1,0
9.4375,7.3125,1,0.999989,1.00002,1,nan,nan,1,1.00002,1,1,0
9.4375,7.4375,1,0.999991,1.00002,1,nan,nan,1,1.00002,1,1,0
9.4375,7.5625,1,0.999993,1.00001,1,nan,nan,1,1.00002,1,1,0
9.4375,7.6875,1,0.999995,1.00001,1,nan,nan,1,1.00002,1,1,0
9.4375,7.8125,1,0.999996,1.00001,1,nan,nan,1,1.00002,1,1,0
9.4375,7.9375,1,0.999997,1,1,nan,nan,1,1.00002,1,1,0
9.4375,8.0625,1,0.999998,1,1,nan,nan,1,1.00002,1,1,0
9.4375,8.1875,1,0.999999,1,1,nan,nan,1,1.00002,1,1,0
9.4375,8.3125,1,0.999999,1,1,nan,nan,1,1.00002,1,1,0
9.4375,8.4375,1,0.999999,1,1,nan,nan,1,1.00002,1,1,0
9.4375,8.5625,1,1,1,1,nan,nan,1,1.00002,1,1,0
9.4375,8.6875,1,1,1,1,nan,nan,1,1.00002,1,1,0
9.4375,8.8125,1,1,1,1,nan,nan,1,1.00002,1,1,0
9.4375,8.9375,1,1,1,1,nan,nan,1,1.00002,1,1,0
9.4375,9.0625,1,1,1,1,nan,nan,1,1.00002,1,1,0
9.4375,9.1875,1,1,1,1,nan,nan,1,1.00002,1,1,0
9.4375,9.3125,1,1,1,1,nan,nan,1,1.00002,1,1,0
9.4375,9.4375,1,1,1,1,nan,nan,1,1.00002,1,1,0
9.4375,9.5625,1,1,1,1,nan,nan,1,1.00002,1,1,0
9.4375,9.6875,1,1,1,1,nan,nan,1,1.00002,1,1,0
9.4375,9.8125,1,1,1,1,nan,nan,1,1.00002,1,1,0
9.4375,9.9375,1,1,1,1,nan,nan,1,1.00002,1,1,0
9.5625,0.0625,1,1,1,1,nan,nan,1,1.00002,1,1,0
9.5625,0.1875,1,1,1,1,nan,nan,1,1.00002,1,1,0
9.5625,0.3125,1,1,1,1,nan,nan,1,1.00002,1,1,0
9.5625,0.4375,1,1,1,1,nan,nan,1,1.00002,1,1,0
9.5625,0.5625,1,1,1,1,nan,nan,1,1.00002,1,1,0
9.5625,0.6875,1,1,1,1,nan,nan,1,1.00002,1,1,0
9.5625,0.8125,1,1,1,1,nan,nan,1,1.00002,1,1,0
9.5625,0.9375,1,1,1,1,nan,nan,1,1.00002,1,1,0
9.5625,1.0625,1,1,1,1,nan,nan,1,1.00002,1,1,0
9.5625,1.1875,1,1,1,1,nan,nan,1,1.00002,1,1,0
9.5625,1.3125,1,1,1,1,nan,nan,1,1.00002,1,1,0
9.5625,1.4375,1,1,1,1,nan,nan,1,1.00002,1,1,0
9.5625,1.5625,1,1,1,1,nan,nan,1,1.00002,1,1,0
9.5625,1.6875,1,1,1,1,nan,nan,1,1.00002,1,1,0
9.5625,1.8125,1,1,1,1,nan,nan,1,1.00002,1,1,0
9.5625,1.9375,1,1,1,1,nan,nan,1,1.00002,1,1,0
9.5625,2.0625,1,1,1,1,nan,nan,1,1.00002,1,1,0
9.5625,2.1875,1,1,1,1,nan,nan,1,1.00002,1,1,0
9.5625,2.3125,1,1,1,1,nan,nan,1,1.00002,1,1,0
9.5625,2.4375,1,1,1.00001,1,nan,nan,1,1.00002,1,1,0
9.5625,2.5625,1,1,1.00001,1,nan,nan,1,1.00002,1,1,0
9.5625,2.6875,1,1.00001,1.00001,1,nan,nan,1,1.00002,1,1,0
9.5625,2.8125,1,1.00001,1.00002,1,nan,nan,1,1.00002,1,1,0
9.5625,2.9375,1,1.00001,1.00002,1,nan,nan,1,1.00002,1,1,0
9.5625,3.0625,1,1.00001,1.00003,1,nan,nan,1,1.00002,1,1,0
9.5625,3.1875,1,1.00001,1.00003,1,nan,nan,1,1.00002,1,1,0
9.5625,3.3125,1,1.00002,1.00004,1,nan,nan,1,1.00002,1,1,0
9.5625,3.4375,1,1.00002,1.00005,1,nan,nan,1,1.00002,1,1,0
9.5625,3.5625,1,1.00002,1.00006,1,nan,nan,1,1.00002,1,1,0
9.5625,3.6875,1,1.00002,1.00008,1,nan,nan,1,1.00002,1,1,0
9.5625,3.8125,1,1.00002,1.00009,1,nan,nan,1,1.00002,1,1,0
9.5625,3.9375,1,1.00002,1.0001,1,nan,nan,1,1.00002,1,1,0
9.5625,4.0625,1,1.00002,1.00012,1,nan,nan,1,1.00002,1,1,0
9.5625,4.1875,1,1.00002,1.00013,1,nan,nan,1,1.00002,1,1,0
9.5625,4.3125,1,1.00002,1.00014,1,nan,nan,1,1.00002,1,1,0
9.5625,4.4375,1,1.00002,1.00015,1,nan,nan,1,1.00002,1,1,0
9.5625,4.5625,1,1.00002,1.00016,1,nan,nan,1,1.00002,1,1,0
9.5625,4.6875,1,1.00001,1.00017,1,nan,nan,1,1.00002,1,1,0
9.5625,4.8125,1,1.00001,1.00018,1,nan,nan,1,1.00002,1,1,0
9.5625,4.9375,1,1,1.00018,1,nan,nan,1,1.00002,1,1,0
9.5625,5.0625,1,0.999998,1.00018,1,nan,nan,1,1.00002,1,1,0
9.5625,5.1875,1,0.999993,1.00018,1,nan,nan,1,1.00002,1,1,0
9.5625,5.3125,1,0.999988,1.00017,1,nan,nan,1,1.00002,1,1,0
9.5625,5.4375,1,0.999984,1.00016,1,nan,nan,1,1.00002,1,1,0
9.5625,5.5625,1,0.999981,1.00015,1,nan,nan,1,1.00002,1,1,0
9.5625,5.6875,1,0.999979,1.00014,1,nan,nan,1,1.00002,1,1,0
9.5625,5.8125,1,0.999977,1.00013,1,nan,nan,1,1.00002,1,1,0
9.5625,5.9375,1,0.999976,1.00012,1,nan,nan,1,1.00002,1,1,0
9.5625,6.0625,1,0.999976,1.0001,1,nan,nan,1,1.00002,1,1,0
9.5625,6.1875,1,0.999977,1.00009,1,nan,nan,1,1.00002,1,1,0
9.5625,6.3125,1,0.999978,1.00008,1,nan,nan,1,1.00002,1,1,0
9.5625,6.4375,1,0.99998,1.00006,1,nan,nan,1,1.00002,1,1,0
9.5625,6.5625,1,0.999982,1.00005,1,nan,nan,1,1.00002,1,1,0
9.5625,6.6875,1,0.999984,1.00004,1,nan,nan,1,1.00002,1,1,0
9.5625,6.8125,1,0.999986,1.00003,1,nan,nan,1,1.00002,1,1,0
9.5625,6.9375,1,0.999988,1.00003,1,nan,nan,1,1.00002,1,1,0
9.5625,7.0625,1,0.99999,1.00002,1,nan,nan,1,1.00002,1,1,0
9.5625,7.1875,1,0.999992,1.00002,1,nan,nan,1,1.00002,1,1,0
9.5625,7.3125,1,0.999994,1.00001,1,nan,nan,1,1.00002,1,1,0
9.5625,7.4375,1,0.999995,1.00001,1,nan,nan,1,1.00002,1,1,0
9.5625,7.5625,1,0.999996,1.00001,1,nan,nan,1,1.00002,1,1,0
9.5625,7.6875,1,0.999997,1,1,nan,nan,1,1.00002,1,1,0
9.5625,7.8125,1,0.999998,1,1,nan,nan,1,1.00002,1,1,0
9.5625,7.9375,1,0.999998,1,1,nan,nan,1,1.00002,1,1,0
9.5625,8.0625,1,0.999999,1,1,nan,nan,1,1.00002,1,1,0
9.5625,8.1875,1,0.999999,1,1,nan,nan,1,1.00002,1,1,0
9.5625,8.3125,1,0.999999,1,1,nan,nan,1,1.00002,1,1,0
9.5625,8.4375,1,1,1,1,nan,nan,1,1.00002,1,1,0
9.5625,8.5625,1,1,1,1,nan,nan,1,1.00002,1,1,0
9.5625,8.6875,1,1,1,1,nan,nan,1,1.00002,1,1,0
9.5625,8.8125,1,1,1,1,nan,nan,1,1.00002,1,1,0
9.5625,8.9375,1,1,1,1,nan,nan,1,1.00002,1,1,0
9.5625,9.0625,1,1,1,1,nan,nan,1,1.00002,1,1,0
9.5625,9.1875,1,1,1,1,nan,nan,1,1.00002,1,1,0
9.5625,9.3125,1,1,1,1,nan,nan,1,1.00002,1,1,0
9.5625,9.4375,1,1,1,1,nan,nan,1,1.00002,1,1,0
9.5625,9.5625,1,1,1,1,nan,nan,1,1.00002,1,1,0
9.5625,9.6875,1,1,1,1,nan,nan,1,1.00002,1,1,0
9.5625,9.8125,1,1,1,1,nan,nan,1,1.00002,1,1,0
9.5625,9.9375,1,1,1,1,nan,nan,1,1.00002,1,1,0
9.6875,0.0625,1,1,1,1,nan,nan,1,1.00002,1,1,0
9.6875,0.1875,1,1,1,1,nan,nan,1,1.00002,1,1,0
9.6875,0.3125,1,1,1,1,nan,nan,1,1.00002,1,1,0
9.6875,0.4375,1,1,1,1,nan,nan,1,1.00002,1,1,0
9.6875,0.5625,1,1,1,1,nan,nan,1,1.00002,1,1,0
9.6875,0.6875,1,1,1,1,nan,nan,1,1.00002,1,1,0
9.6875,0.8125,1,1,1,1,nan,nan,1,1.00002,1,1,0
9.6875,0.9375,1,1,1,1,nan,nan,1,1.00002,1,1,0
9.6875,1.0625,1,1,1,1,nan,nan,1,1.00002,1,1,0
9.6875,1.1875,1,1,1,1,nan,nan,1,1.00002,1,1,0
9.6875,1.3125,1,1,1,1,nan,nan,1,1.00002,1,1,0
9.6875,1.4375,1,1,1,1,nan,nan,1,1.00002,1,1,0
9.6875,1.5625,1,1,1,1,nan,nan,1,1.00002,1,1,0
9.6875,1.6875,1,1,1,1,nan,nan,1,1.00002,1,1,0
9.6875,1.8125,1,1,1,1,nan,nan,1,1.00002,1,1,0
9.6875,1.9375,1,1,1,1,nan,nan,1,1.00002,1,1,0
9.6875,2.0625,1,1,1,1,nan,nan,1,1.00002,1,1,0
9.6875,2.1875,1,1,1,1,nan,nan,1,1.00002,1,1,0
9.6875,2.3125,1,1,1,1,nan,nan,1,1.00002,1,1,0
9.6875,2.4375,1,1,1,1,nan,nan,1,1.00002,1,1,0
9.6875,2.5625,1,1,1.00001,1,nan,nan,1,1.00002,1,1,0
9.6875,2.6875,1,1,1.00001,1,nan,nan,1,1.00002,1,1,0
9.6875,2.8125,1,1,1.00001,1,nan,nan,1,1.00002,1,1,0
9.6875,2.9375,1,1.00001,1.00001,1,nan,nan,1,1.00002,1,1,0
9.6875,3.0625,1,1.00001,1.00002,1,nan,nan,1,1.00002,1,1,0
9.6875,3.1875,1,1.00001,1.00002,1,nan,nan,1,1.00002,1,1,0
9.6875,3.3125,1,1.00001,1.00003,1,nan,nan,1,1.00002,1,1,0
9.6875,3.4375,1,1.00001,1.00003,1,nan,nan,1,1.00002,1,1,0
9.6875,3.5625,1,1.00001,1.00004,1,nan,nan,1,1.00002,1,1,0
9.6875,3.6875,1,1.00001,1.00004,1,nan,nan,1,1.00002,1,1,0
9.6875,3.8125,1,1.00001,1.00005,1,nan,nan,1,1.00002,1,1,0
9.6875,3.9375,1,1.00001,1.00006,1,nan,nan,1,1.00002,1,1,0
9.6875,4.0625,1,1.00001,1.00007,1,nan,nan,1,1.00002,1,1,0
9.6875,4.1875,1,1.00001,1.00007,1,nan,nan,1,1.00002,1,1,0
9.6875,4.3125,1,1.00001,1.00008,1,nan,nan,1,1.00002,1,1,0
9.6875,4.4375,1,1.00001,1.00009,1,nan,nan,1,1.00002,1,1,0
9.6875,4.5625,1,1.00001,1.00009,1,nan,nan,1,1.00002,1,1,0
9.6875,4.6875,1,1.00001,1.0001,1,nan,nan,1,1.00002,1,1,0
9.6875,4.8125,1,1,1.0001,1,nan,nan,1,1.00002,1,1,0
9.6875,4.9375,1,1,1.0001,1,nan,nan,1,1.00002,1,1,0
9.6875,5.0625,1,0.999999,1.0001,1,nan,nan,1,1.00002,1,1,0
9.6875,5.1875,1,0.999996,1.0001,1,nan,nan,1,1.00002,1,1,0
9.6875,5.3125,1,0.999993,1.0001,1,nan,nan,1,1.00002,1,1,0
9.6875,5.4375,1,0.999991,1.00009,1,nan,nan,1,1.00002,1,1,0
9.6875,5.5625,1,0.999989,1.00009,1,nan,nan,1,1.00002,1,1,0
9.6875,5.6875,1,0.999988,1.00008,1,nan,nan,1,1.00002,1,1,0
9.6875,5.8125,1,0.999987,1.00007,1,nan,nan,1,1.00002,1,1,0
9.6875,5.9375,1,0.999987,1.00007,1,nan,nan,1,1.00002,1,1,0
9.6875,6.0625,1,0.999987,1.00006,1,nan,nan,1,1.00002,1,1,0
9.6875,6.1875,1,0.999987,1.00005,1,nan,nan,1,1.00002,1,1,0
9.6875,6.3125,1,0.999988,1.00004,1,nan,nan,1,1.00002,1,1,0
9.6875,6.4375,1,0.999989,1.00004,1,nan,nan,1,1.00002,1,1,0
9.6875,6.5625,1,0.99999,1.00003,1,nan,nan,1,1.00002,1,1,0
9.6875,6.6875,1,0.999991,1.00003,1,nan,nan,1,1.00002,1,1,0
9.6875,6.8125,1,0.999992,1.00002,1,nan,nan,1,1.00002,1,1,0
9.6875,6.9375,1,0.999993,1.00002,1,nan,nan,1,1.00002,1,1,0
9.6875,7.0625,1,0.999995,1.00001,1,nan,nan,1,1.00002,1,1,0
9.6875,7.1875,1,0.999996,1.00001,1,nan,nan,1,1.00002,1,1,0
9.6875,7.3125,1,0.999996,1.00001,1,nan,nan,1,1.00002,1,1,0
9.6875,7.4375,1,0.999997,1.00001,1,nan,nan,1,1.00002,1,1,0
9.6875,7.5625,1,0.999998,1,1,nan,nan,1,1.00002,1,1,0
9.6875,7.6875,1,0.999998,1,1,nan,nan,1,1.00002,1,1,0
9.6875,7.8125,1,0.999999,1,1,nan,nan,1,1.00002,1,1,0
9.6875,7.9375,1,0.999999,1,1,nan,nan,1,1.00002,1,1,0
9.6875,8.0625,1,0.999999,1,1,nan,nan,1,1.00002,1,1,0
9.6875,8.1875,1,1,1,1,nan,nan,1,1.00002,1,1,0
9.6875,8.3125,1,1,1,1,nan,nan,1,1.00002,1,1,0
9.6875,8.4375,1,1,1,1,nan,nan,1,1.00002,1,1,0
9.6875,8.5625,1,1,1,1,nan,nan,1,1.00002,1,1,0
9.6875,8.6875,1,1,1,1,nan,nan,1,1.00002,1,1,0
9.6875,8.8125,1,1,1,1,nan,nan,1,1.00002,1,1,0
9.6875,8.9375,1,1,1,1,nan,nan,1,1.00002,1,1,0
9.6875,9.0625,1,1,1,1,nan,nan,1,1.00002,1,1,0
9.6875,9.1875,1,1,1,1,nan,nan,1,1.00002,1,1,0
9.6875,9.3125,1,1,1,1,nan,nan,1,1.00002,1,1,0
9.6875,9.4375,1,1,1,1,nan,nan,1,1.00002,1,1,0
9.6875,9.5625,1,1,1,1,nan,nan,1,1.00002,1,1,0
9.6875,9.6875,1,1,1,1,nan,nan,1,1.00002,1,1,0
9.6875,9.8125,1,1,1,1,nan,nan,1,1.00002,1,1,0
9.6875,9.9375,1,1,1,1,nan,nan,1,1.00002,1,1,0
9.8125,0.0625,1,1,1,1,nan,nan,1,1.00002,1,1,0
9.8125,0.1875,1,1,1,1,nan,nan,1,1.00002,1,1,0
9.8125,0.3125,1,1,1,1,nan,nan,1,1.00002,1,1,0
9.8125,0.4375,1,1,1,1,nan,nan,1,1.00002,1,1,0
9.8125,0.5625,1,1,1,1,nan,nan,1,1.00002,1,1,0
9.8125,0.6875,1,1,1,1,nan,nan,1,1.00002,1,1,0
9.8125,0.8125,1,1,1,1,nan,nan,1,1.00002,1,1,0
9.8125,0.9375,1,1,1,1,nan,nan,1,1.00002,1,1,0
9.8125,1.0625,1,1,1,1,nan,nan,1,1.00002,1,1,0
9.8125,1.1875,1,1,1,1,nan,nan,1,1.00002,1,1,0
9.8125,1.3125,1,1,1,1,nan,nan,1,1.00002,1,1,0
9.8125,1.4375,1,1,1,1,nan,nan,1,1.00002,1,1,0
9.8125,1.5625,1,1,1,1,nan,nan,1,1.00002,1,1,0
9.8125,1.6875,1,1,1,1,nan,nan,1,1.00002,1,1,0
9.8125,1.8125,1,1,1,1,nan,nan,1,1.00002,1,1,0
9.8125,1.9375,1,1,1,1,nan,nan,1,1.00002,1,1,0
9.8125,2.0625,1,1,1,1,nan,nan,1,1.00002,1,1,0
9.8125,2.1875,1,1,1,1,nan,nan,1,1.00002,1,1,0
9.8125,2.3125,1,1,1,1,nan,nan,1,1.00002,1,1,0
9.8125,2.4375,1,1,1,1,nan,nan,1,1.00002,1,1,0
9.8125,2.5625,1,1,1,1,nan,nan,1,1.00002,1,1,0
9.8125,2.6875,1,1,1,1,nan,nan,1,1.00002,1,1,0
9.8125,2.8125,1,1,1.00001,1,nan,nan,1,1.00002,1,1,0
9.8125,2.9375,1,1,1.00001,1,nan,nan,1,1.00002,1,1,0
9.8125,3.0625,1,1,1.00001,1,nan,nan,1,1.00002,1,1,0
9.8125,3.1875,1,1,1.00001,1,nan,nan,1,1.00002,1,1,0
9.8125,3.3125,1,1,1.00001,1,nan,nan,1,1.00002,1,1,0
9.8125,3.4375,1,1.00001,1.00002,1,nan,nan,1,1.00002,1,1,0
9.8125,3.5625,1,1.00001,1.00002,1,nan,nan,1,1.00002,1,1,0
9.8125,3.6875,1,1.00001,1.00002,1,nan,nan,1,1.00002,1,1,0
9.8125,3.8125,1,1.00001,1.00003,1,nan,nan,1,1.00002,1,1,0
9.8125,3.9375,1,1.00001,1.00003,1,nan,nan,1,1.00002,1,1,0
9.8125,4.0625,1,1.00001,1.00004,1,nan,nan,1,1.00002,1,1,0
9.8125,4.1875,1,1.00001,1.00004,1,nan,nan,1,1.00002,1,1,0
9.8125,4.3125,1,1.00001,1.00005,1,nan,nan,1,1.00002,1,1,0
9.8125,4.4375,1,1.00001,1.00005,1,nan,nan,1,1.00002,1,1,0
9.8125,4.5625,1,1,1.00005,1,nan,nan,1,1.00002,1,1,0
9.8125,4.6875,1,1,1.00006,1,nan,nan,1,1.00002,1,1,0
9.8125,4.8125,1,1,1.00006,1,nan,nan,1,1.00002,1,1,0
9.8125,4.9375,1,1,1.00006,1,nan,nan,1,1.00002,1,1,0
9.8125,5.0625,1,0.999999,1.00006,1,nan,nan,1,1.00002,1,1,0
9.8125,5.1875,1,0.999998,1.00006,1,nan,nan,1,1.00002,1,1,0
9.8125,5.3125,1,0.999996,1.00006,1,nan,nan,1,1.00002,1,1,0
9.8125,5.4375,1,0.999995,1.00005,1,nan,nan,1,1.00002,1,1,0
9.8125,5.5625,1,0.999994,1.00005,1,nan,nan,1,1.00002,1,1,0
9.8125,5.6875,1,0.999993,1.00005,1,nan,nan,1,1.00002,1,1,0
9.8125,5.8125,1,0.999993,1.00004,1,nan,nan,1,1.00002,1,1,0
9.8125,5.9375,1,0.999993,1.00004,1,nan,nan,1,1.00002,1,1,0
9.8125,6.0625,1,0.999993,1.00003,1,nan,nan,1,1.00002,1,1,0
9.8125,6.1875,1,0.999993,1.00003,1,nan,nan,1,1.00002,1,1,0
9.8125,6.3125,1,0.999993,1.00002,1,nan,nan,1,1.00002,1,1,0
9.8125,6.4375,1,0.999994,1.00002,1,nan,nan,1,1.00002,1,1,0
9.8125,6.5625,1,0.999994,1.00002,1,nan,nan,1,1.00002,1,1,0
9.8125,6.6875,1,0.999995,1.00001,1,nan,nan,1,1.00002,1,1,0
9.8125,6.8125,1,0.999996,1.00001,1,nan,nan,1,1.00002,1,1,0
9.8125,6.9375,1,0.999996,1.00001,1,nan,nan,1,1.00002,1,1,0
9.8125,7.0625,1,0.999997,1.00001,1,nan,nan,1,1.00002,1,1,0
9.8125,7.1875,1,0.999998,1.00001,1,nan,nan,1,1.00002,1,1,0
9.8125,7.3125,1,0.999998,1,1,nan,nan,1,1.00002,1,1,0
9.8125,7.4375,1,0.999998,1,1,nan,nan,1,1.00002,1,1,0
9.8125,7.5625,1,0.999999,1,1,nan,nan,1,1.00002,1,1,0
9.8125,7.6875,1,0.999999,1,1,nan,nan,1,1.00002,1,1,0
9.8125,7.8125,1,0.999999,1,1,nan,nan,1,1.00002,1,1,0
9.8125,7.9375,1,1,1,1,nan,nan,1,1.00002,1,1,0
9.8125,8.0625,1,1,1,1,nan,nan,1,1.00002,1,1,0
9.8125,8.1875,1,1,1,1,nan,nan,1,1.00002,1,1,0
9.8125,8.3125,1,1,1,1,nan,nan,1,1.00002,1,1,0
9.8125,8.4375,1,1,1,1,nan,nan,1,1.00002,1,1,0
9.8125,8.5625,1,1,1,1,nan,nan,1,1.00002,1,1,0
9.8125,8.6875,1,1,1,1,nan,nan,1,1.00002,1,1,0
9.8125,8.8125,1,1,1,1,nan,nan,1,1.00002,1,1,0
9.8125,8.9375,1,1,1,1,nan,nan,1,1.00002,1,1,0
9.8125,9.0625,1,1,1,1,nan,nan,1,1.00002,1,1,0
9.8125,9.1875,1,1,1,1,nan,nan,1,1.00002,1,1,0
9.8125,9.3125,1,1,1,1,nan,nan,1,1.00002,1,1,0
9.8125,9.4375,1,1,1,1,nan,nan,1,1.00002,1,1,0
9.8125,9.5625,1,1,1,1,nan,nan,1,1.00002,1,1,0
9.8125,9.6875,1,1,1,1,nan,nan,1,1.00002,1,1,0
9.8125,9.8125,1,1,1,1,nan,nan,1,1.00002,1,1,0
9.8125,9.9375,1,1,1,1,nan,nan,1,1.00002,1,1,0
9.9375,0.0625,1,1,1,1,nan,nan,1,1.00002,1,1,0
9.9375,0.1875,1,1,1,1,nan,nan,1,1.00002,1,1,0
9.9375,0.3125,1,1,1,1,nan,nan,1,1.00002,1,1,0
9.9375,0.4375,1,1,1,1,nan,nan,1,1.00002,1,1,0
9.9375,0.5625,1,1,1,1,nan,nan,1,1.00002,1,1,0
9.9375,0.6875,1,1,1,1,nan,nan,1,1.00002,1,1,0
9.9375,0.8125,1,1,1,1,nan,nan,1,1.00002,1,1,0
9.9375,0.9375,1,1,1,1,nan,nan,1,1.00002,1,1,0
9.9375,1.0625,1,1,1,1,nan,nan,1,1.00002,1,1,0
9.9375,1.1875,1,1,1,1,nan,nan,1,1.00002,1,1,0
9.9375,1.3125,1,1,1,1,nan,nan,1,1.00002,1,1,0
9.9375,1.4375,1,1,1,1,nan,nan,1,1.00002,1,1,0
9.9375,1.5625,1,1,1,1,nan,nan,1,1.00002,1,1,0
9.9375,1.6875,1,1,1,1,nan,nan,1,1.00002,1,1,0
9.9375,1.8125,1,1,1,1,nan,nan,1,1.00002,1,1,0
9.9375,1.9375,1,1,1,1,nan,nan,1,1.00002,1,1,0
9.9375,2.0625,1,1,1,1,nan,nan,1,1.00002,1,1,0
9.9375,2.1875,1,1,1,1,nan,nan,1,1.00002,1,1,0
9.9375,2.3125,1,1,1,1,nan,nan,1,1.00002,1,1,0
9.9375,2.4375,1,1,1,1,nan,nan,1,1.00002,1,1,0
9.9375,2.5625,1,1,1,1,nan,nan,1,1.00002,1,1,0
9.9375,2.6875,1,1,1,1,nan,nan,1,1.00002,1,1,0
9.9375,2.8125,1,1,1,1,nan,nan,1,1.00002,1,1,0
9.9375,2.9375,1,1,1,1,nan,nan,1,1.00002,1,1,0
9.9375,3.0625,1,1,1.00001,1,nan,nan,1,1.00002,1,1,0
9.9375,3.1875,1,1,1.00001,1,nan,nan,1,1.00002,1,1,0
9.9375,3.3125,1,1,1.00001,1,nan,nan,1,1.00002,1,1,0
9.9375,3.4375,1,1,1.00001,1,nan,nan,1,1.00002,1,1,0
9.9375,3.5625,1,1,1.00001,1,nan,nan,1,1.00002,1,1,0
9.9375,3.6875,1,1,1.00001,1,nan,nan,1,1.00002,1,1,0
9.9375,3.8125,1,1,1.00002,1,nan,nan,1,1.00002,1,1,0
9.9375,3.9375,1,1,1.00002,1,nan,nan,1,1.00002,1,1,0
9.9375,4.0625,1,1,1.00002,1,nan,nan,1,1.00002,1,1,0
9.9375,4.1875,1,1,1.00002,1,nan,nan,1,1.00002,1,1,0
9.9375,4.3125,1,1,1.00003,1,nan,nan,1,1.00002,1,1,0
9.9375,4.4375,1,1,1.00003,1,nan,nan,1,1.00002,1,1,0
9.9375,4.5625,1,1,1.00003,1,nan,nan,1,1.00002,1,1,0
9.9375,4.6875,1,1,1.00003,1,nan,nan,1,1.00002,1,1,0
9.9375,4.8125,1,1,1.00003,1,nan,nan,1,1.00002,1,1,0
9.9375,4.9375,1,1,1.00003,1,nan,nan,1,1.00002,1,1,0
9.9375,5.0625,1,1,1.00003,1,nan,nan,1,1.00002,1,1,0
9.9375,5.1875,1,0.999999,1.00003,1,nan,nan,1,1.00002,1,1,0
9.9375,5.3125,1,0.999998,1.00003,1,nan,nan,1,1.00002,1,1,0
9.9375,5.4375,1,0.999997,1.00003,1,nan,nan,1,1.00002,1,1,0
9.9375,5.5625,1,0.999997,1.00003,1,nan,nan,1,1.00002,1,1,0
9.9375,5.6875,1,0.999996,1.00003,1,nan,nan,1,1.00002,1,1,0
9.9375,5.8125,1,0.999996,1.00002,1,nan,nan,1,1.00002,1,1,0
9.9375,5.9375,1,0.999996,1.00002,1,nan,nan,1,1.00002,1,1,0
9.9375,6.0625,1,0.999996,1.00002,1,nan,nan,1,1.00002,1,1,0
9.9375,6.1875,1,0.999996,1.00002,1,nan,nan,1,1.00002,1,1,0
9.9375,6.3125,1,0.999996,1.00001,1,nan,nan,1,1.00002,1,1,0
9.9375,6.4375,1,0.999997,1.00001,1,nan,nan,1,1.00002,1,1,0
9.9375,6.5625,1,0.999997,1.00001,1,nan,nan,1,1.00002,1,1,0
9.9375,6.6875,1,0.999997,1.00001,1,nan,nan,1,1.00002,1,1,0
9.9375,6.8125,1,0.999998,1.00001,1,nan,nan,1,1.00002,1,1,0
9.9375,6.9375,1,0.999998,1.00001,1,nan,nan,1,1.00002,1,1,0
9.9375,7.0625,1,0.999998,1,1,nan,nan,1,1.00002,1,1,0
9.9375,7.1875,1,0.999999,1,1,nan,nan,1,1.00002,1,1,0
9.9375,7.3125,1,0.999999,1,1,nan,nan,1,1.00002,1,1,0
9.9375,7.4375,1,0.999999,1,1,nan,nan,1,1.00002,1,1,0
9.9375,7.5625,1,0.999999,1,1,nan,nan,1,1.00002,1,1,0
9.9375,7.6875,1,1,1,1,nan,nan,1,1.00002,1,1,0
9.9375,7.8125,1,1,1,1,nan,nan,1,1.00002,1,1,0
9.9375,7.9375,1,1,1,1,nan,nan,1,1.00002,1,1,0
9.9375,8.0625,1,1,1,1,nan,nan,1,1.00002,1,1,0
9.9375,8.1875,1,1,1,1,nan,nan,1,1.00002,1,1,0
9.9375,8.3125,1,1,1,1,nan,nan,1,1.00002,1,1,0
9.9375,8.4375,1,1,1,1,nan,nan,1,1.00002,1,1,0
9.9375,8.5625,1,1,1,1,nan,nan,1,1.00002,1,1,0
9.9375,8.6875,1,1,1,1,nan,nan,1,1.00002,1,1,0
9.9375,8.8125,1,1,1,1,nan,nan,1,1.00002,1,1,0
9.9375,8.9375,1,1,1,1,nan,nan,1,1.00002,1,1,0
9.9375,9.0625,1,1,1,1,nan,nan,1,1.00002,1,1,0
9.9375,9.1875,1,1,1,1,nan,nan,1,1.00002,1,1,0
9.9375,9.3125,1,1,1,1,nan,nan,1,1.00002,1,1,0
9.9375,9.4375,1,1,1,1,nan,nan,1,1.00002,1,1,0
9.9375,9.5625,1,1,1,1,nan,nan,1,1.00002,1,1,0
9.9375,9.6875,1,1,1,1,nan,nan,1,1.00002,1,1,0
9.9375,9.8125,1,1,1,1,nan,nan,1,1.00002,1,1,0
9.9375,9.9375,1,1,1,1,nan,nan,1,1.00002,1,1,0
