x,y,rho,u,v,p,rho_exact,u_exact,v_exact,p_exact
0.0005,0.1,1,0,0,1,1,0,0,1
0.0005,0.3,1,0,0,1,1,0,0,1
0.0005,0.5,1,0,0,1,1,0,0,1
0.0005,0.7,1,0,0,1,1,0,0,1
0.0005,0.9,1,0,0,1,1,0,0,1
0.0015,0.1,1,0,0,1,1,0,0,1
0.0015,0.3,1,0,0,1,1,0,0,1
0.0015,0.5,1,0,0,1,1,0,0,1
0.0015,0.7,1,0,0,1,1,0,0,1
0.0015,0.9,1,0,0,1,1,0,0,1
0.0025,0.1,1,0,0,1,1,0,0,1
0.0025,0.3,1,0,0,1,1,0,0,1
0.0025,0.5,1,0,0,1,1,0,0,1
0.0025,0.7,1,0,0,1,1,0,0,1
0.0025,0.9,1,0,0,1,1,0,0,1
0.0035,0.1,1,0,0,1,1,0,0,1
0.0035,0.3,1,0,0,1,1,0,0,1
0.0035,0.5,1,0,0,1,1,0,0,1
0.0035,0.7,1,0,0,1,1,0,0,1
0.0035,0.9,1,0,0,1,1,0,0,1
0.0045,0.1,1,0,0,1,1,0,0,1
0.0045,0.3,1,0,0,1,1,0,0,1
0.0045,0.5,1,0,0,1,1,0,0,1
0.0045,0.7,1,0,0,1,1,0,0,1
0.0045,0.9,1,0,0,1,1,0,0,1
0.0055,0.1,1,0,0,1,1,0,0,1
0.0055,0.3,1,0,0,1,1,0,0,1
0.0055,0.5,1,0,0,1,1,0,0,1
0.0055,0.7,1,0,0,1,1,0,0,1
0.0055,0.9,1,0,0,1,1,0,0,1
0.0065,0.1,1,0,0,1,1,0,0,1
0.0065,0.3,1,0,0,1,1,0,0,1
0.0065,0.5,1,0,0,1,1,0,0,1
0.0065,0.7,1,0,0,1,1,0,0,1
0.0065,0.9,1,0,0,1,1,0,0,1
0.0075,0.1,1,0,0,1,1,0,0,1
0.0075,0.3,1,0,0,1,1,0,0,1
0.0075,0.5,1,0,0,1,1,0,0,1
0.0075,0.7,1,0,0,1,1,0,0,1
0.0075,0.9,1,0,0,1,1,0,0,1
0.0085,0.1,1,0,0,1,1,0,0,1
0.0085,0.3,1,0,0,1,1,0,0,1
0.0085,0.5,1,0,0,1,1,0,0,1
0.0085,0.7,1,0,0,1,1,0,0,1
0.0085,0.9,1,0,0,1,1,0,0,1
0.0095,0.1,1,0,0,1,1,0,0,1
0.0095,0.3,1,0,0,1,1,0,0,1
0.0095,0.5,1,0,0,1,1,0,0,1
0.0095,0.7,1,0,0,1,1,0,0,1
0.0095,0.9,1,0,0,1,1,0,0,1
0.0105,0.1,1,0,0,1,1,0,0,1
0.0105,0.3,1,0,0,1,1,0,0,1
0.0105,0.5,1,0,0,1,1,0,0,1
0.0105,0.7,1,0,0,1,1,0,0,1
0.0105,0.9,1,0,0,1,1,0,0,1
0.0115,0.1,1,0,0,1,1,0,0,1
0.0115,0.3,1,0,0,1,1,0,0,1
0.0115,0.5,1,0,0,1,1,0,0,1
0.0115,0.7,1,0,0,1,1,0,0,1
0.0115,0.9,1,0,0,1,1,0,0,1
0.0125,0.1,1,0,0,1,1,0,0,1
0.0125,0.3,1,0,0,1,1,0,0,1
0.0125,0.5,1,0,0,1,1,0,0,1
0.0125,0.7,1,0,0,1,1,0,0,1
0.0125,0.9,1,0,0,1,1,0,0,1
0.0135,0.1,1,0,0,1,1,0,0,1
0.0135,0.3,1,0,0,1,1,0,0,1
0.0135,0.5,1,0,0,1,1,0,0,1
0.0135,0.7,1,0,0,1,1,0,0,1
0.0135,0.9,1,0,0,1,1,0,0,1
0.0145,0.1,1,0,0,1,1,0,0,1
0.0145,0.3,1,0,0,1,1,0,0,1
0.0145,0.5,1,0,0,1,1,0,0,1
0.0145,0.7,1,0,0,1,1,0,0,1
0.0145,0.9,1,0,0,1,1,0,0,1
0.0155,0.1,1,0,0,1,1,0,0,1
0.0155,0.3,1,0,0,1,1,0,0,1
0.0155,0.5,1,0,0,1,1,0,0,1
0.0155,0.7,1,0,0,1,1,0,0,1
0.0155,0.9,1,0,0,1,1,0,0,1
0.0165,0.1,1,0,0,1,1,0,0,1
0.0165,0.3,1,0,0,1,1,0,0,1
0.0165,0.5,1,0,0,1,1,0,0,1
0.0165,0.7,1,0,0,1,1,0,0,1
0.0165,0.9,1,0,0,1,1,0,0,1
0.0175,0.1,1,0,0,1,1,0,0,1
0.0175,0.3,1,0,0,1,1,0,0,1
0.0175,0.5,1,0,0,1,1,0,0,1
0.0175,0.7,1,0,0,1,1,0,0,1
0.0175,0.9,1,0,0,1,1,0,0,1
0.0185,0.1,1,0,0,1,1,0,0,1
0.0185,0.3,1,0,0,1,1,0,0,1
0.0185,0.5,1,0,0,1,1,0,0,1
0.0185,0.7,1,0,0,1,1,0,0,1
0.0185,0.9,1,0,0,1,1,0,0,1
0.0195,0.1,1,0,0,1,1,0,0,1
0.0195,0.3,1,0,0,1,1,0,0,1
0.0195,0.5,1,0,0,1,1,0,0,1
0.0195,0.7,1,0,0,1,1,0,0,1
0.0195,0.9,1,0,0,1,1,0,0,1
0.0205,0.1,1,0,0,1,1,0,0,1
0.0205,0.3,1,0,0,1,1,0,0,1
0.0205,0.5,1,0,0,1,1,0,0,1
0.0205,0.7,1,0,0,1,1,0,0,1
0.0205,0.9,1,0,0,1,1,0,0,1
0.0215,0.1,1,0,0,1,1,0,0,1
0.0215,0.3,1,0,0,1,1,0,0,1
0.0215,0.5,1,0,0,1,1,0,0,1
0.0215,0.7,1,0,0,1,1,0,0,1
0.0215,0.9,1,0,0,1,1,0,0,1
0.0225,0.1,1,0,0,1,1,0,0,1
0.0225,0.3,1,0,0,1,1,0,0,1
0.0225,0.5,1,0,0,1,1,0,0,1
0.0225,0.7,1,0,0,1,1,0,0,1
0.0225,0.9,1,0,0,1,1,0,0,1
0.0235,0.1,1,0,0,1,1,0,0,1
0.0235,0.3,1,0,0,1,1,0,0,1
0.0235,0.5,1,0,0,1,1,0,0,1
0.0235,0.7,1,0,0,1,1,0,0,1
0.0235,0.9,1,0,0,1,1,0,0,1
0.0245,0.1,1,0,0,1,1,0,0,1
0.0245,0.3,1,0,0,1,1,0,0,1
0.0245,0.5,1,0,0,1,1,0,0,1
0.0245,0.7,1,0,0,1,1,0,0,1
0.0245,0.9,1,0,0,1,1,0,0,1
0.0255,0.1,1,0,0,1,1,0,0,1
0.0255,0.3,1,0,0,1,1,0,0,1
0.0255,0.5,1,0,0,1,1,0,0,1
0.0255,0.7,1,0,0,1,1,0,0,1
0.0255,0.9,1,0,0,1,1,0,0,1
0.0265,0.1,1,0,0,1,1,0,0,1
0.0265,0.3,1,0,0,1,1,0,0,1
0.0265,0.5,1,0,0,1,1,0,0,1
0.0265,0.7,1,0,0,1,1,0,0,1
0.0265,0.9,1,0,0,1,1,0,0,1
0.0275,0.1,1,0,0,1,1,0,0,1
0.0275,0.3,1,0,0,1,1,0,0,1
0.0275,0.5,1,0,0,1,1,0,0,1
0.0275,0.7,1,0,0,1,1,0,0,1
0.0275,0.9,1,0,0,1,1,0,0,1
0.0285,0.1,1,0,0,1,1,0,0,1
0.0285,0.3,1,0,0,1,1,0,0,1
0.0285,0.5,1,0,0,1,1,0,0,1
0.0285,0.7,1,0,0,1,1,0,0,1
0.0285,0.9,1,0,0,1,1,0,0,1
0.0295,0.1,1,0,0,1,1,0,0,1
0.0295,0.3,1,0,0,1,1,0,0,1
0.0295,0.5,1,0,0,1,1,0,0,1
0.0295,0.7,1,0,0,1,1,0,0,1
0.0295,0.9,1,0,0,1,1,0,0,1
0.0305,0.1,1,0,0,1,1,0,0,1
0.0305,0.3,1,0,0,1,1,0,0,1
0.0305,0.5,1,0,0,1,1,0,0,1
0.0305,0.7,1,0,0,1,1,0,0,1
0.0305,0.9,1,0,0,1,1,0,0,1
0.0315,0.1,1,0,0,1,1,0,0,1
0.0315,0.3,1,0,0,1,1,0,0,1
0.0315,0.5,1,0,0,1,1,0,0,1
0.0315,0.7,1,0,0,1,1,0,0,1
0.0315,0.9,1,0,0,1,1,0,0,1
0.0325,0.1,1,0,0,1,1,0,0,1
0.0325,0.3,1,0,0,1,1,0,0,1
0.0325,0.5,1,0,0,1,1,0,0,1
0.0325,0.7,1,0,0,1,1,0,0,1
0.0325,0.9,1,0,0,1,1,0,0,1
0.0335,0.1,1,0,0,1,1,0,0,1
0.0335,0.3,1,0,0,1,1,0,0,1
0.0335,0.5,1,0,0,1,1,0,0,1
0.0335,0.7,1,0,0,1,1,0,0,1
0.0335,0.9,1,0,0,1,1,0,0,1
0.0345,0.1,1,0,0,1,1,0,0,1
0.0345,0.3,1,0,0,1,1,0,0,1
0.0345,0.5,1,0,0,1,1,0,0,1
0.0345,0.7,1,0,0,1,1,0,0,1
0.0345,0.9,1,0,0,1,1,0,0,1
0.0355,0.1,1,0,0,1,1,0,0,1
0.0355,0.3,1,0,0,1,1,0,0,1
0.0355,0.5,1,0,0,1,1,0,0,1
0.0355,0.7,1,0,0,1,1,0,0,1
0.0355,0.9,1,0,0,1,1,0,0,1
0.0365,0.1,1,0,0,1,1,0,0,1
0.0365,0.3,1,0,0,1,1,0,0,1
0.0365,0.5,1,0,0,1,1,0,0,1
0.0365,0.7,1,0,0,1,1,0,0,1
0.0365,0.9,1,0,0,1,1,0,0,1
0.0375,0.1,1,0,0,1,1,0,0,1
0.0375,0.3,1,0,0,1,1,0,0,1
0.0375,0.5,1,0,0,1,1,0,0,1
0.0375,0.7,1,0,0,1,1,0,0,1
0.0375,0.9,1,0,0,1,1,0,0,1
0.0385,0.1,1,0,0,1,1,0,0,1
0.0385,0.3,1,0,0,1,1,0,0,1
0.0385,0.5,1,0,0,1,1,0,0,1
0.0385,0.7,1,0,0,1,1,0,0,1
0.0385,0.9,1,0,0,1,1,0,0,1
0.0395,0.1,1,0,0,1,1,0,0,1
0.0395,0.3,1,0,0,1,1,0,0,1
0.0395,0.5,1,0,0,1,1,0,0,1
0.0395,0.7,1,0,0,1,1,0,0,1
0.0395,0.9,1,0,0,1,1,0,0,1
0.0405,0.1,1,0,0,1,1,0,0,1
0.0405,0.3,1,0,0,1,1,0,0,1
0.0405,0.5,1,0,0,1,1,0,0,1
0.0405,0.7,1,0,0,1,1,0,0,1
0.0405,0.9,1,0,0,1,1,0,0,1
0.0415,0.1,1,0,0,1,1,0,0,1
0.0415,0.3,1,0,0,1,1,0,0,1
0.0415,0.5,1,0,0,1,1,0,0,1
0.0415,0.7,1,0,0,1,1,0,0,1
0.0415,0.9,1,0,0,1,1,0,0,1
0.0425,0.1,1,0,0,1,1,0,0,1
0.0425,0.3,1,0,0,1,1,0,0,1
0.0425,0.5,1,0,0,1,1,0,0,1
0.0425,0.7,1,0,0,1,1,0,0,1
0.0425,0.9,1,0,0,1,1,0,0,1
0.0435,0.1,1,0,0,1,1,0,0,1
0.0435,0.3,1,0,0,1,1,0,0,1
0.0435,0.5,1,0,0,1,1,0,0,1
0.0435,0.7,1,0,0,1,1,0,0,1
0.0435,0.9,1,0,0,1,1,0,0,1
0.0445,0.1,1,0,0,1,1,0,0,1
0.0445,0.3,1,0,0,1,1,0,0,1
0.0445,0.5,1,0,0,1,1,0,0,1
0.0445,0.7,1,0,0,1,1,0,0,1
0.0445,0.9,1,0,0,1,1,0,0,1
0.0455,0.1,1,0,0,1,1,0,0,1
0.0455,0.3,1,0,0,1,1,0,0,1
0.0455,0.5,1,0,0,1,1,0,0,1
0.0455,0.7,1,0,0,1,1,0,0,1
0.0455,0.9,1,0,0,1,1,0,0,1
0.0465,0.1,1,0,0,1,1,0,0,1
0.0465,0.3,1,0,0,1,1,0,0,1
0.0465,0.5,1,0,0,1,1,0,0,1
0.0465,0.7,1,0,0,1,1,0,0,1
0.0465,0.9,1,0,0,1,1,0,0,1
0.0475,0.1,1,0,0,1,1,0,0,1
0.0475,0.3,1,0,0,1,1,0,0,1
0.0475,0.5,1,0,0,1,1,0,0,1
0.0475,0.7,1,0,0,1,1,0,0,1
0.0475,0.9,1,0,0,1,1,0,0,1
0.0485,0.1,1,0,0,1,1,0,0,1
0.0485,0.3,1,0,0,1,1,0,0,1
0.0485,0.5,1,0,0,1,1,0,0,1
0.0485,0.7,1,0,0,1,1,0,0,1
0.0485,0.9,1,0,0,1,1,0,0,1
0.0495,0.1,1,0,0,1,1,0,0,1
0.0495,0.3,1,0,0,1,1,0,0,1
0.0495,0.5,1,0,0,1,1,0,0,1
0.0495,0.7,1,0,0,1,1,0,0,1
0.0495,0.9,1,0,0,1,1,0,0,1
0.0505,0.1,1,0,0,1,1,0,0,1
0.0505,0.3,1,0,0,1,1,0,0,1
0.0505,0.5,1,0,0,1,1,0,0,1
0.0505,0.7,1,0,0,1,1,0,0,1
0.0505,0.9,1,0,0,1,1,0,0,1
0.0515,0.1,1,0,0,1,1,0,0,1
0.0515,0.3,1,0,0,1,1,0,0,1
0.0515,0.5,1,0,0,1,1,0,0,1
0.0515,0.7,1,0,0,1,1,0,0,1
0.0515,0.9,1,0,0,1,1,0,0,1
0.0525,0.1,1,0,0,1,1,0,0,1
0.0525,0.3,1,0,0,1,1,0,0,1
0.0525,0.5,1,0,0,1,1,0,0,1
0.0525,0.7,1,0,0,1,1,0,0,1
0.0525,0.9,1,0,0,1,1,0,0,1
0.0535,0.1,1,0,0,1,1,0,0,1
0.0535,0.3,1,0,0,1,1,0,0,1
0.0535,0.5,1,0,0,1,1,0,0,1
0.0535,0.7,1,0,0,1,1,0,0,1
0.0535,0.9,1,0,0,1,1,0,0,1
0.0545,0.1,1,0,0,1,1,0,0,1
0.0545,0.3,1,0,0,1,1,0,0,1
0.0545,0.5,1,0,0,1,1,0,0,1
0.0545,0.7,1,0,0,1,1,0,0,1
0.0545,0.9,1,0,0,1,1,0,0,1
0.0555,0.1,1,0,0,1,1,0,0,1
0.0555,0.3,1,0,0,1,1,0,0,1
0.0555,0.5,1,0,0,1,1,0,0,1
0.0555,0.7,1,0,0,1,1,0,0,1
0.0555,0.9,1,0,0,1,1,0,0,1
0.0565,0.1,1,0,0,1,1,0,0,1
0.0565,0.3,1,0,0,1,1,0,0,1
0.0565,0.5,1,0,0,1,1,0,0,1
0.0565,0.7,1,0,0,1,1,0,0,1
0.0565,0.9,1,0,0,1,1,0,0,1
0.0575,0.1,1,0,0,1,1,0,0,1
0.0575,0.3,1,0,0,1,1,0,0,1
0.0575,0.5,1,0,0,1,1,0,0,1
0.0575,0.7,1,0,0,1,1,0,0,1
0.0575,0.9,1,0,0,1,1,0,0,1
0.0585,0.1,1,0,0,1,1,0,0,1
0.0585,0.3,1,0,0,1,1,0,0,1
0.0585,0.5,1,0,0,1,1,0,0,1
0.0585,0.7,1,0,0,1,1,0,0,1
0.0585,0.9,1,0,0,1,1,0,0,1
0.0595,0.1,1,0,0,1,1,0,0,1
0.0595,0.3,1,0,0,1,1,0,0,1
0.0595,0.5,1,0,0,1,1,0,0,1
0.0595,0.7,1,0,0,1,1,0,0,1
0.0595,0.9,1,0,0,1,1,0,0,1
0.0605,0.1,1,0,0,1,1,0,0,1
0.0605,0.3,1,0,0,1,1,0,0,1
0.0605,0.5,1,0,0,1,1,0,0,1
0.0605,0.7,1,0,0,1,1,0,0,1
0.0605,0.9,1,0,0,1,1,0,0,1
0.0615,0.1,1,0,0,1,1,0,0,1
0.0615,0.3,1,0,0,1,1,0,0,1
0.0615,0.5,1,0,0,1,1,0,0,1
0.0615,0.7,1,0,0,1,1,0,0,1
0.0615,0.9,1,0,0,1,1,0,0,1
0.0625,0.1,1,0,0,1,1,0,0,1
0.0625,0.3,1,0,0,1,1,0,0,1
0.0625,0.5,1,0,0,1,1,0,0,1
0.0625,0.7,1,0,0,1,1,0,0,1
0.0625,0.9,1,0,0,1,1,0,0,1
0.0635,0.1,1,0,0,1,1,0,0,1
0.0635,0.3,1,0,0,1,1,0,0,1
0.0635,0.5,1,0,0,1,1,0,0,1
0.0635,0.7,1,0,0,1,1,0,0,1
0.0635,0.9,1,0,0,1,1,0,0,1
0.0645,0.1,1,0,0,1,1,0,0,1
0.0645,0.3,1,0,0,1,1,0,0,1
0.0645,0.5,1,0,0,1,1,0,0,1
0.0645,0.7,1,0,0,1,1,0,0,1
0.0645,0.9,1,0,0,1,1,0,0,1
0.0655,0.1,1,0,0,1,1,0,0,1
0.0655,0.3,1,0,0,1,1,0,0,1
0.0655,0.5,1,0,0,1,1,0,0,1
0.0655,0.7,1,0,0,1,1,0,0,1
0.0655,0.9,1,0,0,1,1,0,0,1
0.0665,0.1,1,0,0,1,1,0,0,1
0.0665,0.3,1,0,0,1,1,0,0,1
0.0665,0.5,1,0,0,1,1,0,0,1
0.0665,0.7,1,0,0,1,1,0,0,1
0.0665,0.9,1,0,0,1,1,0,0,1
0.0675,0.1,1,0,0,1,1,0,0,1
0.0675,0.3,1,0,0,1,1,0,0,1
0.0675,0.5,1,0,0,1,1,0,0,1
0.0675,0.7,1,0,0,1,1,0,0,1
0.0675,0.9,1,0,0,1,1,0,0,1
0.0685,0.1,1,0,0,1,1,0,0,1
0.0685,0.3,1,0,0,1,1,0,0,1
0.0685,0.5,1,0,0,1,1,0,0,1
0.0685,0.7,1,0,0,1,1,0,0,1
0.0685,0.9,1,0,0,1,1,0,0,1
0.0695,0.1,1,0,0,1,1,0,0,1
0.0695,0.3,1,0,0,1,1,0,0,1
0.0695,0.5,1,0,0,1,1,0,0,1
0.0695,0.7,1,0,0,1,1,0,0,1
0.0695,0.9,1,0,0,1,1,0,0,1
0.0705,0.1,1,0,0,1,1,0,0,1
0.0705,0.3,1,0,0,1,1,0,0,1
0.0705,0.5,1,0,0,1,1,0,0,1
0.0705,0.7,1,0,0,1,1,0,0,1
0.0705,0.9,1,0,0,1,1,0,0,1
0.0715,0.1,1,0,0,1,1,0,0,1
0.0715,0.3,1,0,0,1,1,0,0,1
0.0715,0.5,1,0,0,1,1,0,0,1
0.0715,0.7,1,0,0,1,1,0,0,1
0.0715,0.9,1,0,0,1,1,0,0,1
0.0725,0.1,1,0,0,1,1,0,0,1
0.0725,0.3,1,0,0,1,1,0,0,1
0.0725,0.5,1,0,0,1,1,0,0,1
0.0725,0.7,1,0,0,1,1,0,0,1
0.0725,0.9,1,0,0,1,1,0,0,1
0.0735,0.1,1,0,0,1,1,0,0,1
0.0735,0.3,1,0,0,1,1,0,0,1
0.0735,0.5,1,0,0,1,1,0,0,1
0.0735,0.7,1,0,0,1,1,0,0,1
0.0735,0.9,1,0,0,1,1,0,0,1
0.0745,0.1,1,0,0,1,1,0,0,1
0.0745,0.3,1,0,0,1,1,0,0,1
0.0745,0.5,1,0,0,1,1,0,0,1
0.0745,0.7,1,0,0,1,1,0,0,1
0.0745,0.9,1,0,0,1,1,0,0,1
0.0755,0.1,1,0,0,1,1,0,0,1
0.0755,0.3,1,0,0,1,1,0,0,1
0.0755,0.5,1,0,0,1,1,0,0,1
0.0755,0.7,1,0,0,1,1,0,0,1
0.0755,0.9,1,0,0,1,1,0,0,1
0.0765,0.1,1,0,0,1,1,0,0,1
0.0765,0.3,1,0,0,1,1,0,0,1
0.0765,0.5,1,0,0,1,1,0,0,1
0.0765,0.7,1,0,0,1,1,0,0,1
0.0765,0.9,1,0,0,1,1,0,0,1
0.0775,0.1,1,0,0,1,1,0,0,1
0.0775,0.3,1,0,0,1,1,0,0,1
0.0775,0.5,1,0,0,1,1,0,0,1
0.0775,0.7,1,0,0,1,1,0,0,1
0.0775,0.9,1,0,0,1,1,0,0,1
0.0785,0.1,1,0,0,1,1,0,0,1
0.0785,0.3,1,0,0,1,1,0,0,1
0.0785,0.5,1,0,0,1,1,0,0,1
0.0785,0.7,1,0,0,1,1,0,0,1
0.0785,0.9,1,0,0,1,1,0,0,1
0.0795,0.1,1,0,0,1,1,0,0,1
0.0795,0.3,1,0,0,1,1,0,0,1
0.0795,0.5,1,0,0,1,1,0,0,1
0.0795,0.7,1,0,0,1,1,0,0,1
0.0795,0.9,1,0,0,1,1,0,0,1
0.0805,0.1,1,0,0,1,1,0,0,1
0.0805,0.3,1,0,0,1,1,0,0,1
0.0805,0.5,1,0,0,1,1,0,0,1
0.0805,0.7,1,0,0,1,1,0,0,1
0.0805,0.9,1,0,0,1,1,0,0,1
0.0815,0.1,1,0,0,1,1,0,0,1
0.0815,0.3,1,0,0,1,1,0,0,1
0.0815,0.5,1,0,0,1,1,0,0,1
0.0815,0.7,1,0,0,1,1,0,0,1
0.0815,0.9,1,0,0,1,1,0,0,1
0.0825,0.1,1,0,0,1,1,0,0,1
0.0825,0.3,1,0,0,1,1,0,0,1
0.0825,0.5,1,0,0,1,1,0,0,1
0.0825,0.7,1,0,0,1,1,0,0,1
0.0825,0.9,1,0,0,1,1,0,0,1
0.0835,0.1,1,0,0,1,1,0,0,1
0.0835,0.3,1,0,0,1,1,0,0,1
0.0835,0.5,1,0,0,1,1,0,0,1
0.0835,0.7,1,0,0,1,1,0,0,1
0.0835,0.9,1,0,0,1,1,0,0,1
0.0845,0.1,1,0,0,1,1,0,0,1
0.0845,0.3,1,0,0,1,1,0,0,1
0.0845,0.5,1,0,0,1,1,0,0,1
0.0845,0.7,1,0,0,1,1,0,0,1
0.0845,0.9,1,0,0,1,1,0,0,1
0.0855,0.1,1,0,0,1,1,0,0,1
0.0855,0.3,1,0,0,1,1,0,0,1
0.0855,0.5,1,0,0,1,1,0,0,1
0.0855,0.7,1,0,0,1,1,0,0,1
0.0855,0.9,1,0,0,1,1,0,0,1
0.0865,0.1,1,0,0,1,1,0,0,1
0.0865,0.3,1,0,0,1,1,0,0,1
0.0865,0.5,1,0,0,1,1,0,0,1
0.0865,0.7,1,0,0,1,1,0,0,1
0.0865,0.9,1,0,0,1,1,0,0,1
0.0875,0.1,1,0,0,1,1,0,0,1
0.0875,0.3,1,0,0,1,1,0,0,1
0.0875,0.5,1,0,0,1,1,0,0,1
0.0875,0.7,1,0,0,1,1,0,0,1
0.0875,0.9,1,0,0,1,1,0,0,1
0.0885,0.1,1,0,0,1,1,0,0,1
0.0885,0.3,1,0,0,1,1,0,0,1
0.0885,0.5,1,0,0,1,1,0,0,1
0.0885,0.7,1,0,0,1,1,0,0,1
0.0885,0.9,1,0,0,1,1,0,0,1
0.0895,0.1,1,0,0,1,1,0,0,1
0.0895,0.3,1,0,0,1,1,0,0,1
0.0895,0.5,1,0,0,1,1,0,0,1
0.0895,0.7,1,0,0,1,1,0,0,1
0.0895,0.9,1,0,0,1,1,0,0,1
0.0905,0.1,1,0,0,1,1,0,0,1
0.0905,0.3,1,0,0,1,1,0,0,1
0.0905,0.5,1,0,0,1,1,0,0,1
0.0905,0.7,1,0,0,1,1,0,0,1
0.0905,0.9,1,0,0,1,1,0,0,1
0.0915,0.1,1,0,0,1,1,0,0,1
0.0915,0.3,1,0,0,1,1,0,0,1
0.0915,0.5,1,0,0,1,1,0,0,1
0.0915,0.7,1,0,0,1,1,0,0,1
0.0915,0.9,1,0,0,1,1,0,0,1
0.0925,0.1,1,0,0,1,1,0,0,1
0.0925,0.3,1,0,0,1,1,0,0,1
0.0925,0.5,1,0,0,1,1,0,0,1
0.0925,0.7,1,0,0,1,1,0,0,1
0.0925,0.9,1,0,0,1,1,0,0,1
0.0935,0.1,1,0,0,1,1,0,0,1
0.0935,0.3,1,0,0,1,1,0,0,1
0.0935,0.5,1,0,0,1,1,0,0,1
0.0935,0.7,1,0,0,1,1,0,0,1
0.0935,0.9,1,0,0,1,1,0,0,1
0.0945,0.1,1,0,0,1,1,0,0,1
0.0945,0.3,1,0,0,1,1,0,0,1
0.0945,0.5,1,0,0,1,1,0,0,1
0.0945,0.7,1,0,0,1,1,0,0,1
0.0945,0.9,1,0,0,1,1,0,0,1
0.0955,0.1,1,0,0,1,1,0,0,1
0.0955,0.3,1,0,0,1,1,0,0,1
0.0955,0.5,1,0,0,1,1,0,0,1
0.0955,0.7,1,0,0,1,1,0,0,1
0.0955,0.9,1,0,0,1,1,0,0,1
0.0965,0.1,1,0,0,1,1,0,0,1
0.0965,0.3,1,0,0,1,1,0,0,1
0.0965,0.5,1,0,0,1,1,0,0,1
0.0965,0.7,1,0,0,1,1,0,0,1
0.0965,0.9,1,0,0,1,1,0,0,1
0.0975,0.1,1,0,0,1,1,0,0,1
0.0975,0.3,1,0,0,1,1,0,0,1
0.0975,0.5,1,0,0,1,1,0,0,1
0.0975,0.7,1,0,0,1,1,0,0,1
0.0975,0.9,1,0,0,1,1,0,0,1
0.0985,0.1,1,0,0,1,1,0,0,1
0.0985,0.3,1,0,0,1,1,0,0,1
0.0985,0.5,1,0,0,1,1,0,0,1
0.0985,0.7,1,0,0,1,1,0,0,1
0.0985,0.9,1,0,0,1,1,0,0,1
0.0995,0.1,1,0,0,1,1,0,0,1
0.0995,0.3,1,0,0,1,1,0,0,1
0.0995,0.5,1,0,0,1,1,0,0,1
0.0995,0.7,1,0,0,1,1,0,0,1
0.0995,0.9,1,0,0,1,1,0,0,1
0.1005,0.1,1,0,0,1,1,0,0,1
0.1005,0.3,1,0,0,1,1,0,0,1
0.1005,0.5,1,0,0,1,1,0,0,1
0.1005,0.7,1,0,0,1,1,0,0,1
0.1005,0.9,1,0,0,1,1,0,0,1
0.1015,0.1,1,0,0,1,1,0,0,1
0.1015,0.3,1,0,0,1,1,0,0,1
0.1015,0.5,1,0,0,1,1,0,0,1
0.1015,0.7,1,0,0,1,1,0,0,1
0.1015,0.9,1,0,0,1,1,0,0,1
0.1025,0.1,1,0,0,1,1,0,0,1
0.1025,0.3,1,0,0,1,1,0,0,1
0.1025,0.5,1,0,0,1,1,0,0,1
0.1025,0.7,1,0,0,1,1,0,0,1
0.1025,0.9,1,0,0,1,1,0,0,1
0.1035,0.1,1,0,0,1,1,0,0,1
0.1035,0.3,1,0,0,1,1,0,0,1
0.1035,0.5,1,0,0,1,1,0,0,1
0.1035,0.7,1,0,0,1,1,0,0,1
0.1035,0.9,1,0,0,1,1,0,0,1
0.1045,0.1,1,0,0,1,1,0,0,1
0.1045,0.3,1,0,0,1,1,0,0,1
0.1045,0.5,1,0,0,1,1,0,0,1
0.1045,0.7,1,0,0,1,1,0,0,1
0.1045,0.9,1,0,0,1,1,0,0,1
0.1055,0.1,1,0,0,1,1,0,0,1
0.1055,0.3,1,0,0,1,1,0,0,1
0.1055,0.5,1,0,0,1,1,0,0,1
0.1055,0.7,1,0,0,1,1,0,0,1
0.1055,0.9,1,0,0,1,1,0,0,1
0.1065,0.1,1,0,0,1,1,0,0,1
0.1065,0.3,1,0,0,1,1,0,0,1
0.1065,0.5,1,0,0,1,1,0,0,1
0.1065,0.7,1,0,0,1,1,0,0,1
0.1065,0.9,1,0,0,1,1,0,0,1
0.1075,0.1,1,0,0,1,1,0,0,1
0.1075,0.3,1,0,0,1,1,0,0,1
0.1075,0.5,1,0,0,1,1,0,0,1
0.1075,0.7,1,0,0,1,1,0,0,1
0.1075,0.9,1,0,0,1,1,0,0,1
0.1085,0.1,1,0,0,1,1,0,0,1
0.1085,0.3,1,0,0,1,1,0,0,1
0.1085,0.5,1,0,0,1,1,0,0,1
0.1085,0.7,1,0,0,1,1,0,0,1
0.1085,0.9,1,0,0,1,1,0,0,1
0.1095,0.1,1,0,0,1,1,0,0,1
0.1095,0.3,1,0,0,1,1,0,0,1
0.1095,0.5,1,0,0,1,1,0,0,1
0.1095,0.7,1,0,0,1,1,0,0,1
0.1095,0.9,1,0,0,1,1,0,0,1
0.1105,0.1,1,0,0,1,1,0,0,1
0.1105,0.3,1,0,0,1,1,0,0,1
0.1105,0.5,1,0,0,1,1,0,0,1
0.1105,0.7,1,0,0,1,1,0,0,1
0.1105,0.9,1,0,0,1,1,0,0,1
0.1115,0.1,1,0,0,1,1,0,0,1
0.1115,0.3,1,0,0,1,1,0,0,1
0.1115,0.5,1,0,0,1,1,0,0,1
0.1115,0.7,1,0,0,1,1,0,0,1
0.1115,0.9,1,0,0,1,1,0,0,1
0.1125,0.1,1,0,0,1,1,0,0,1
0.1125,0.3,1,0,0,1,1,0,0,1
0.1125,0.5,1,0,0,1,1,0,0,1
0.1125,0.7,1,0,0,1,1,0,0,1
0.1125,0.9,1,0,0,1,1,0,0,1
0.1135,0.1,1,0,0,1,1,0,0,1
0.1135,0.3,1,0,0,1,1,0,0,1
0.1135,0.5,1,0,0,1,1,0,0,1
0.1135,0.7,1,0,0,1,1,0,0,1
0.1135,0.9,1,0,0,1,1,0,0,1
0.1145,0.1,1,0,0,1,1,0,0,1
0.1145,0.3,1,0,0,1,1,0,0,1
0.1145,0.5,1,0,0,1,1,0,0,1
0.1145,0.7,1,0,0,1,1,0,0,1
0.1145,0.9,1,0,0,1,1,0,0,1
0.1155,0.1,1,0,0,1,1,0,0,1
0.1155,0.3,1,0,0,1,1,0,0,1
0.1155,0.5,1,0,0,1,1,0,0,1
0.1155,0.7,1,0,0,1,1,0,0,1
0.1155,0.9,1,0,0,1,1,0,0,1
0.1165,0.1,1,0,0,1,1,0,0,1
0.1165,0.3,1,0,0,1,1,0,0,1
0.1165,0.5,1,0,0,1,1,0,0,1
0.1165,0.7,1,0,0,1,1,0,0,1
0.1165,0.9,1,0,0,1,1,0,0,1
0.1175,0.1,1,0,0,1,1,0,0,1
0.1175,0.3,1,0,0,1,1,0,0,1
0.1175,0.5,1,0,0,1,1,0,0,1
0.1175,0.7,1,0,0,1,1,0,0,1
0.1175,0.9,1,0,0,1,1,0,0,1
0.1185,0.1,1,0,0,1,1,0,0,1
0.1185,0.3,1,0,0,1,1,0,0,1
0.1185,0.5,1,0,0,1,1,0,0,1
0.1185,0.7,1,0,0,1,1,0,0,1
0.1185,0.9,1,0,0,1,1,0,0,1
0.1195,0.1,1,0,0,1,1,0,0,1
0.1195,0.3,1,0,0,1,1,0,0,1
0.1195,0.5,1,0,0,1,1,0,0,1
0.1195,0.7,1,0,0,1,1,0,0,1
0.1195,0.9,1,0,0,1,1,0,0,1
0.1205,0.1,1,0,0,1,1,0,0,1
0.1205,0.3,1,0,0,1,1,0,0,1
0.1205,0.5,1,0,0,1,1,0,0,1
0.1205,0.7,1,0,0,1,1,0,0,1
0.1205,0.9,1,0,0,1,1,0,0,1
0.1215,0.1,1,0,0,1,1,0,0,1
0.1215,0.3,1,0,0,1,1,0,0,1
0.1215,0.5,1,0,0,1,1,0,0,1
0.1215,0.7,1,0,0,1,1,0,0,1
0.1215,0.9,1,0,0,1,1,0,0,1
0.1225,0.1,1,0,0,1,1,0,0,1
0.1225,0.3,1,0,0,1,1,0,0,1
0.1225,0.5,1,0,0,1,1,0,0,1
0.1225,0.7,1,0,0,1,1,0,0,1
0.1225,0.9,1,0,0,1,1,0,0,1
0.1235,0.1,1,0,0,1,1,0,0,1
0.1235,0.3,1,0,0,1,1,0,0,1
0.1235,0.5,1,0,0,1,1,0,0,1
0.1235,0.7,1,0,0,1,1,0,0,1
0.1235,0.9,1,0,0,1,1,0,0,1
0.1245,0.1,1,0,0,1,1,0,0,1
0.1245,0.3,1,0,0,1,1,0,0,1
0.1245,0.5,1,0,0,1,1,0,0,1
0.1245,0.7,1,0,0,1,1,0,0,1
0.1245,0.9,1,0,0,1,1,0,0,1
0.1255,0.1,1,0,0,1,1,0,0,1
0.1255,0.3,1,0,0,1,1,0,0,1
0.1255,0.5,1,0,0,1,1,0,0,1
0.1255,0.7,1,0,0,1,1,0,0,1
0.1255,0.9,1,0,0,1,1,0,0,1
0.1265,0.1,1,0,0,1,1,0,0,1
0.1265,0.3,1,0,0,1,1,0,0,1
0.1265,0.5,1,0,0,1,1,0,0,1
0.1265,0.7,1,0,0,1,1,0,0,1
0.1265,0.9,1,0,0,1,1,0,0,1
0.1275,0.1,1,0,0,1,1,0,0,1
0.1275,0.3,1,0,0,1,1,0,0,1
0.1275,0.5,1,0,0,1,1,0,0,1
0.1275,0.7,1,0,0,1,1,0,0,1
0.1275,0.9,1,0,0,1,1,0,0,1
0.1285,0.1,1,0,0,1,1,0,0,1
0.1285,0.3,1,0,0,1,1,0,0,1
0.1285,0.5,1,0,0,1,1,0,0,1
0.1285,0.7,1,0,0,1,1,0,0,1
0.1285,0.9,1,0,0,1,1,0,0,1
0.1295,0.1,1,0,0,1,1,0,0,1
0.1295,0.3,1,0,0,1,1,0,0,1
0.1295,0.5,1,0,0,1,1,0,0,1
0.1295,0.7,1,0,0,1,1,0,0,1
0.1295,0.9,1,0,0,1,1,0,0,1
0.1305,0.1,1,0,0,1,1,0,0,1
0.1305,0.3,1,0,0,1,1,0,0,1
0.1305,0.5,1,0,0,1,1,0,0,1
0.1305,0.7,1,0,0,1,1,0,0,1
0.1305,0.9,1,0,0,1,1,0,0,1
0.1315,0.1,1,0,0,1,1,0,0,1
0.1315,0.3,1,0,0,1,1,0,0,1
0.1315,0.5,1,0,0,1,1,0,0,1
0.1315,0.7,1,0,0,1,1,0,0,1
0.1315,0.9,1,0,0,1,1,0,0,1
0.1325,0.1,1,0,0,1,1,0,0,1
0.1325,0.3,1,0,0,1,1,0,0,1
0.1325,0.5,1,0,0,1,1,0,0,1
0.1325,0.7,1,0,0,1,1,0,0,1
0.1325,0.9,1,0,0,1,1,0,0,1
0.1335,0.1,1,0,0,1,1,0,0,1
0.1335,0.3,1,0,0,1,1,0,0,1
0.1335,0.5,1,0,0,1,1,0,0,1
0.1335,0.7,1,0,0,1,1,0,0,1
0.1335,0.9,1,0,0,1,1,0,0,1
0.1345,0.1,1,0,0,1,1,0,0,1
0.1345,0.3,1,0,0,1,1,0,0,1
0.1345,0.5,1,0,0,1,1,0,0,1
0.1345,0.7,1,0,0,1,1,0,0,1
0.1345,0.9,1,0,0,1,1,0,0,1
0.1355,0.1,1,0,0,1,1,0,0,1
0.1355,0.3,1,0,0,1,1,0,0,1
0.1355,0.5,1,0,0,1,1,0,0,1
0.1355,0.7,1,0,0,1,1,0,0,1
0.1355,0.9,1,0,0,1,1,0,0,1
0.1365,0.1,1,0,0,1,1,0,0,1
0.1365,0.3,1,0,0,1,1,0,0,1
0.1365,0.5,1,0,0,1,1,0,0,1
0.1365,0.7,1,0,0,1,1,0,0,1
0.1365,0.9,1,0,0,1,1,0,0,1
0.1375,0.1,1,0,0,1,1,0,0,1
0.1375,0.3,1,0,0,1,1,0,0,1
0.1375,0.5,1,0,0,1,1,0,0,1
0.1375,0.7,1,0,0,1,1,0,0,1
0.1375,0.9,1,0,0,1,1,0,0,1
0.1385,0.1,1,0,0,1,1,0,0,1
0.1385,0.3,1,0,0,1,1,0,0,1
0.1385,0.5,1,0,0,1,1,0,0,1
0.1385,0.7,1,0,0,1,1,0,0,1
0.1385,0.9,1,0,0,1,1,0,0,1
0.1395,0.1,1,0,0,1,1,0,0,1
0.1395,0.3,1,0,0,1,1,0,0,1
0.1395,0.5,1,0,0,1,1,0,0,1
0.1395,0.7,1,0,0,1,1,0,0,1
0.1395,0.9,1,0,0,1,1,0,0,1
0.1405,0.1,1,0,0,1,1,0,0,1
0.1405,0.3,1,0,0,1,1,0,0,1
0.1405,0.5,1,0,0,1,1,0,0,1
0.1405,0.7,1,0,0,1,1,0,0,1
0.1405,0.9,1,0,0,1,1,0,0,1
0.1415,0.1,1,5.4933e-17,0,1,1,0,0,1
0.1415,0.3,1,5.4933e-17,0,1,1,0,0,1
0.1415,0.5,1,5.4933e-17,0,1,1,0,0,1
0.1415,0.7,1,5.4933e-17,0,1,1,0,0,1
0.1415,0.9,1,5.4933e-17,0,1,1,0,0,1
0.1425,0.1,1,5.23751e-16,0,1,1,0,0,1
0.1425,0.3,1,5.23751e-16,0,1,1,0,0,1
0.1425,0.5,1,5.23751e-16,0,1,1,0,0,1
0.1425,0.7,1,5.23751e-16,0,1,1,0,0,1
0.1425,0.9,1,5.23751e-16,0,1,1,0,0,1
0.1435,0.1,1,2.8341e-15,0,1,1,0,0,1
0.1435,0.3,1,2.8341e-15,0,1,1,0,0,1
0.1435,0.5,1,2.8341e-15,0,1,1,0,0,1
0.1435,0.7,1,2.8341e-15,0,1,1,0,0,1
0.1435,0.9,1,2.8341e-15,0,1,1,0,0,1
0.1445,0.1,1,7.06745e-15,0,1,1,0,0,1
0.1445,0.3,1,7.06745e-15,0,1,1,0,0,1
0.1445,0.5,1,7.06745e-15,0,1,1,0,0,1
0.1445,0.7,1,7.06745e-15,0,1,1,0,0,1
0.1445,0.9,1,7.06745e-15,0,1,1,0,0,1
0.1455,0.1,1,1.72339e-14,0,1,1,0,0,1
0.1455,0.3,1,1.72339e-14,0,1,1,0,0,1
0.1455,0.5,1,1.72339e-14,0,1,1,0,0,1
0.1455,0.7,1,1.72339e-14,0,1,1,0,0,1
0.1455,0.9,1,1.72339e-14,0,1,1,0,0,1
0.1465,0.1,1,3.35414e-14,0,1,1,0,0,1
0.1465,0.3,1,3.35414e-14,0,1,1,0,0,1
0.1465,0.5,1,3.35414e-14,0,1,1,0,0,1
0.1465,0.7,1,3.35414e-14,0,1,1,0,0,1
0.1465,0.9,1,3.35414e-14,0,1,1,0,0,1
0.1475,0.1,1,7.16232e-14,0,1,1,0,0,1
0.1475,0.3,1,7.16232e-14,0,1,1,0,0,1
0.1475,0.5,1,7.16232e-14,0,1,1,0,0,1
0.1475,0.7,1,7.16232e-14,0,1,1,0,0,1
0.1475,0.9,1,7.16232e-14,0,1,1,0,0,1
0.1485,0.1,1,1.31725e-13,0,1,1,0,0,1
0.1485,0.3,1,1.31725e-13,0,1,1,0,0,1
0.1485,0.5,1,1.31725e-13,0,1,1,0,0,1
0.1485,0.7,1,1.31725e-13,0,1,1,0,0,1
0.1485,0.9,1,1.31725e-13,0,1,1,0,0,1
0.1495,0.1,1,2.7028e-13,0,1,1,0,0,1
0.1495,0.3,1,2.7028e-13,0,1,1,0,0,1
0.1495,0.5,1,2.7028e-13,0,1,1,0,0,1
0.1495,0.7,1,2.7028e-13,0,1,1,0,0,1
0.1495,0.9,1,2.7028e-13,0,1,1,0,0,1
0.1505,0.1,1,4.87827e-13,0,1,1,0,0,1
0.1505,0.3,1,4.87827e-13,0,1,1,0,0,1
0.1505,0.5,1,4.87827e-13,0,1,1,0,0,1
0.1505,0.7,1,4.87827e-13,0,1,1,0,0,1
0.1505,0.9,1,4.87827e-13,0,1,1,0,0,1
0.1515,0.1,1,9.79604e-13,0,1,1,0,0,1
0.1515,0.3,1,9.79604e-13,0,1,1,0,0,1
0.1515,0.5,1,9.79604e-13,0,1,1,0,0,1
0.1515,0.7,1,9.79604e-13,0,1,1,0,0,1
0.1515,0.9,1,9.79604e-13,0,1,1,0,0,1
0.1525,0.1,1,1.74989e-12,0,1,1,0,0,1
0.1525,0.3,1,1.74989e-12,0,1,1,0,0,1
0.1525,0.5,1,1.74989e-12,0,1,1,0,0,1
0.1525,0.7,1,1.74989e-12,0,1,1,0,0,1
0.1525,0.9,1,1.74989e-12,0,1,1,0,0,1
0.1535,0.1,1,3.45792e-12,0,1,1,0,0,1
0.1535,0.3,1,3.45792e-12,0,1,1,0,0,1
0.1535,0.5,1,3.45792e-12,0,1,1,0,0,1
0.1535,0.7,1,3.45792e-12,0,1,1,0,0,1
0.1535,0.9,1,3.45792e-12,0,1,1,0,0,1
0.1545,0.1,1,6.11619e-12,0,1,1,0,0,1
0.1545,0.3,1,6.11619e-12,0,1,1,0,0,1
0.1545,0.5,1,6.11619e-12,0,1,1,0,0,1
0.1545,0.7,1,6.11619e-12,0,1,1,0,0,1
0.1545,0.9,1,6.11619e-12,0,1,1,0,0,1
0.1555,0.1,1,1.19164e-11,0,1,1,0,0,1
0.1555,0.3,1,1.19164e-11,0,1,1,0,0,1
0.1555,0.5,1,1.19164e-11,0,1,1,0,0,1
0.1555,0.7,1,1.19164e-11,0,1,1,0,0,1
0.1555,0.9,1,1.19164e-11,0,1,1,0,0,1
0.1565,0.1,1,2.08782e-11,0,1,1,0,0,1
0.1565,0.3,1,2.08782e-11,0,1,1,0,0,1
0.1565,0.5,1,2.08782e-11,0,1,1,0,0,1
0.1565,0.7,1,2.08782e-11,0,1,1,0,0,1
0.1565,0.9,1,2.08782e-11,0,1,1,0,0,1
0.1575,0.1,1,4.01171e-11,0,1,1,0,0,1
0.1575,0.3,1,4.01171e-11,0,1,1,0,0,1
0.1575,0.5,1,4.01171e-11,0,1,1,0,0,1
0.1575,0.7,1,4.01171e-11,0,1,1,0,0,1
0.1575,0.9,1,4.01171e-11,0,1,1,0,0,1
0.1585,0.1,1,6.96139e-11,0,1,1,0,0,1
0.1585,0.3,1,6.96139e-11,0,1,1,0,0,1
0.1585,0.5,1,6.96139e-11,0,1,1,0,0,1
0.1585,0.7,1,6.96139e-11,0,1,1,0,0,1
0.1585,0.9,1,6.96139e-11,0,1,1,0,0,1
0.1595,0.1,1,1.31886e-10,0,1,1,0,0,1
0.1595,0.3,1,1.31886e-10,0,1,1,0,0,1
0.1595,0.5,1,1.31886e-10,0,1,1,0,0,1
0.1595,0.7,1,1.31886e-10,0,1,1,0,0,1
0.1595,0.9,1,1.31886e-10,0,1,1,0,0,1
0.1605,0.1,1,2.26602e-10,0,1,1,0,0,1
0.1605,0.3,1,2.26602e-10,0,1,1,0,0,1
0.1605,0.5,1,2.26602e-10,0,1,1,0,0,1
0.1605,0.7,1,2.26602e-10,0,1,1,0,0,1
0.1605,0.9,1,2.26602e-10,0,1,1,0,0,1
0.1615,0.1,1,4.23171e-10,0,1,1,0,0,1
0.1615,0.3,1,4.23171e-10,0,1,1,0,0,1
0.1615,0.5,1,4.23171e-10,0,1,1,0,0,1
0.1615,0.7,1,4.23171e-10,0,1,1,0,0,1
0.1615,0.9,1,4.23171e-10,0,1,1,0,0,1
0.1625,0.1,1,7.19691e-10,0,1,1,0,0,1
0.1625,0.3,1,7.19691e-10,0,1,1,0,0,1
0.1625,0.5,1,7.19691e-10,0,1,1,0,0,1
0.1625,0.7,1,7.19691e-10,0,1,1,0,0,1
0.1625,0.9,1,7.19691e-10,0,1,1,0,0,1
0.1635,0.1,1,1.32436e-09,0,1,1,0,0,1
0.1635,0.3,1,1.32436e-09,0,1,1,0,0,1
0.1635,0.5,1,1.32436e-09,0,1,1,0,0,1
0.1635,0.7,1,1.32436e-09,0,1,1,0,0,1
0.1635,0.9,1,1.32436e-09,0,1,1,0,0,1
0.1645,0.1,1,2.2288e-09,0,1,1,0,0,1
0.1645,0.3,1,2.2288e-09,0,1,1,0,0,1
0.1645,0.5,1,2.2288e-09,0,1,1,0,0,1
0.1645,0.7,1,2.2288e-09,0,1,1,0,0,1
0.1645,0.9,1,2.2288e-09,0,1,1,0,0,1
0.1655,0.1,1,4.04008e-09,0,1,1,0,0,1
0.1655,0.3,1,4.04008e-09,0,1,1,0,0,1
0.1655,0.5,1,4.04008e-09,0,1,1,0,0,1
0.1655,0.7,1,4.04008e-09,0,1,1,0,0,1
0.1655,0.9,1,4.04008e-09,0,1,1,0,0,1
0.1665,0.1,1,6.72586e-09,0,1,1,0,0,1
0.1665,0.3,1,6.72586e-09,0,1,1,0,0,1
0.1665,0.5,1,6.72586e-09,0,1,1,0,0,1
0.1665,0.7,1,6.72586e-09,0,1,1,0,0,1
0.1665,0.9,1,6.72586e-09,0,1,1,0,0,1
0.1675,0.1,1,1.20051e-08,0,1,1,0,0,1
0.1675,0.3,1,1.20051e-08,0,1,1,0,0,1
0.1675,0.5,1,1.20051e-08,0,1,1,0,0,1
0.1675,0.7,1,1.20051e-08,0,1,1,0,0,1
0.1675,0.9,1,1.20051e-08,0,1,1,0,0,1
0.1685,0.1,1,1.97633e-08,0,1,1,0,0,1
0.1685,0.3,1,1.97633e-08,0,1,1,0,0,1
0.1685,0.5,1,1.97633e-08,0,1,1,0,0,1
0.1685,0.7,1,1.97633e-08,0,1,1,0,0,1
0.1685,0.9,1,1.97633e-08,0,1,1,0,0,1
0.1695,0.1,1,3.47219e-08,0,1,1,0,0,1
0.1695,0.3,1,3.47219e-08,0,1,1,0,0,1
0.1695,0.5,1,3.47219e-08,0,1,1,0,0,1
0.1695,0.7,1,3.47219e-08,0,1,1,0,0,1
0.1695,0.9,1,3.47219e-08,0,1,1,0,0,1
0.1705,0.1,1,5.65022e-08,0,1,1,0,0,1
0.1705,0.3,1,5.65022e-08,0,1,1,0,0,1
0.1705,0.5,1,5.65022e-08,0,1,1,0,0,1
0.1705,0.7,1,5.65022e-08,0,1,1,0,0,1
0.1705,0.9,1,5.65022e-08,0,1,1,0,0,1
0.1715,0.1,1,9.76666e-08,0,1,1,0,0,1
0.1715,0.3,1,9.76666e-08,0,1,1,0,0,1
0.1715,0.5,1,9.76666e-08,0,1,1,0,0,1
0.1715,0.7,1,9.76666e-08,0,1,1,0,0,1
0.1715,0.9,1,9.76666e-08,0,1,1,0,0,1
0.1725,0.1,1,1.57033e-07,0,1,1,0,0,1
0.1725,0.3,1,1.57033e-07,0,1,1,0,0,1
0.1725,0.5,1,1.57033e-07,0,1,1,0,0,1
0.1725,0.7,1,1.57033e-07,0,1,1,0,0,1
0.1725,0.9,1,1.57033e-07,0,1,1,0,0,1
0.1735,0.1,1,2.66932e-07,0,1,1,0,0,1
0.1735,0.3,1,2.66932e-07,0,1,1,0,0,1
0.1735,0.5,1,2.66932e-07,0,1,1,0,0,1
0.1735,0.7,1,2.66932e-07,0,1,1,0,0,1
0.1735,0.9,1,2.66932e-07,0,1,1,0,0,1
0.1745,0.1,1,4.23861e-07,0,0.999999,1,0,0,1
0.1745,0.3,1,4.23861e-07,0,0.999999,1,0,0,1
0.1745,0.5,1,4.23861e-07,0,0.999999,1,0,0,1
0.1745,0.7,1,4.23861e-07,0,0.999999,1,0,0,1
0.1745,0.9,1,4.23861e-07,0,0.999999,1,0,0,1
0.1755,0.1,0.999999,7.08169e-07,0,0.999999,1,0,0,1
0.1755,0.3,0.999999,7.08169e-07,0,0.999999,1,0,0,1
0.1755,0.5,0.999999,7.08169e-07,0,0.999999,1,0,0,1
0.1755,0.7,0.999999,7.08169e-07,0,0.999999,1,0,0,1
0.1755,0.9,0.999999,7.08169e-07,0,0.999999,1,0,0,1
0.1765,0.1,0.999999,1.10998e-06,0,0.999999,1,0,0,1
0.1765,0.3,0.999999,1.10998e-06,0,0.999999,1,0,0,1
0.1765,0.5,0.999999,1.10998e-06,0,0.999999,1,0,0,1
0.1765,0.7,0.999999,1.10998e-06,0,0.999999,1,0,0,1
0.1765,0.9,0.999999,1.10998e-06,0,0.999999,1,0,0,1
0.1775,0.1,0.999998,1.82171e-06,0,0.999998,1,0,0,1
0.1775,0.3,0.999998,1.82171e-06,0,0.999998,1,0,0,1
0.1775,0.5,0.999998,1.82171e-06,0,0.999998,1,0,0,1
0.1775,0.7,0.999998,1.82171e-06,0,0.999998,1,0,0,1
0.1775,0.9,0.999998,1.82171e-06,0,0.999998,1,0,0,1
0.1785,0.1,0.999997,2.81683e-06,0,0.999997,1,0,0,1
0.1785,0.3,0.999997,2.81683e-06,0,0.999997,1,0,0,1
0.1785,0.5,0.999997,2.81683e-06,0,0.999997,1,0,0,1
0.1785,0.7,0.999997,2.81683e-06,0,0.999997,1,0,0,1
0.1785,0.9,0.999997,2.81683e-06,0,0.999997,1,0,0,1
0.1795,0.1,0.999996,4.53838e-06,0,0.999995,1,0,0,1
0.1795,0.3,0.999996,4.53838e-06,0,0.999995,1,0,0,1
0.1795,0.5,0.999996,4.53838e-06,0,0.999995,1,0,0,1
0.1795,0.7,0.999996,4.53838e-06,0,0.999995,1,0,0,1
0.1795,0.9,0.999996,4.53838e-06,0,0.999995,1,0,0,1
0.1805,0.1,0.999994,6.91838e-06,0,0.999991,1,0,0,1
0.1805,0.3,0.999994,6.91838e-06,0,0.999991,1,0,0,1
0.1805,0.5,0.999994,6.91838e-06,0,0.999991,1,0,0,1
0.1805,0.7,0.999994,6.91838e-06,0,0.999991,1,0,0,1
0.1805,0.9,0.999994,6.91838e-06,0,0.999991,1,0,0,1
0.1815,0.1,0.999991,1.09347e-05,0,0.999987,1,0,0,1
0.1815,0.3,0.999991,1.09347e-05,0,0.999987,1,0,0,1
0.1815,0.5,0.999991,1.09347e-05,0,0.999987,1,0,0,1
0.1815,0.7,0.999991,1.09347e-05,0,0.999987,1,0,0,1
0.1815,0.9,0.999991,1.09347e-05,0,0.999987,1,0,0,1
0.1825,0.1,0.999985,1.64216e-05,0,0.99998,1,0,0,1
0.1825,0.3,0.999985,1.64216e-05,0,0.99998,1,0,0,1
0.1825,0.5,0.999985,1.64216e-05,0,0.99998,1,0,0,1
0.1825,0.7,0.999985,1.64216e-05,0,0.99998,1,0,0,1
0.1825,0.9,0.999985,1.64216e-05,0,0.99998,1,0,0,1
0.1835,0.1,0.999978,2.54407e-05,0,0.99997,1,0,0,1
0.1835,0.3,0.999978,2.54407e-05,0,0.99997,1,0,0,1
0.1835,0.5,0.999978,2.54407e-05,0,0.99997,1,0,0,1
0.1835,0.7,0.999978,2.54407e-05,0,0.99997,1,0,0,1
0.1835,0.9,0.999978,2.54407e-05,0,0.99997,1,0,0,1
0.1845,0.1,0.999967,3.76084e-05,0,0.999954,1,0,0,1
0.1845,0.3,0.999967,3.76084e-05,0,0.999954,1,0,0,1
0.1845,0.5,0.999967,3.76084e-05,0,0.999954,1,0,0,1
0.1845,0.7,0.999967,3.76084e-05,0,0.999954,1,0,0,1
0.1845,0.9,0.999967,3.76084e-05,0,0.999954,1,0,0,1
0.1855,0.1,0.999951,5.70582e-05,0,0.999932,1,0,0,1
0.1855,0.3,0.999951,5.70582e-05,0,0.999932,1,0,0,1
0.1855,0.5,0.999951,5.70582e-05,0,0.999932,1,0,0,1
0.1855,0.7,0.999951,5.70582e-05,0,0.999932,1,0,0,1
0.1855,0.9,0.999951,5.70582e-05,0,0.999932,1,0,0,1
0.1865,0.1,0.999927,8.29487e-05,0,0.999899,1,0,0,1
0.1865,0.3,0.999927,8.29487e-05,0,0.999899,1,0,0,1
0.1865,0.5,0.999927,8.29487e-05,0,0.999899,1,0,0,1
0.1865,0.7,0.999927,8.29487e-05,0,0.999899,1,0,0,1
0.1865,0.9,0.999927,8.29487e-05,0,0.999899,1,0,0,1
0.1875,0.1,0.999894,0.000123118,0,0.999854,1,0,0,1
0.1875,0.3,0.999894,0.000123118,0,0.999854,1,0,0,1
0.1875,0.5,0.999894,0.000123118,0,0.999854,1,0,0,1
0.1875,0.7,0.999894,0.000123118,0,0.999854,1,0,0,1
0.1875,0.9,0.999894,0.000123118,0,0.999854,1,0,0,1
0.1885,0.1,0.999845,0.000175826,0,0.999786,1,0,0,1
0.1885,0.3,0.999845,0.000175826,0,0.999786,1,0,0,1
0.1885,0.5,0.999845,0.000175826,0,0.999786,1,0,0,1
0.1885,0.7,0.999845,0.000175826,0,0.999786,1,0,0,1
0.1885,0.9,0.999845,0.000175826,0,0.999786,1,0,0,1
0.1895,0.1,0.999781,0.000255025,0,0.999697,1,0,0,1
0.1895,0.3,0.999781,0.000255025,0,0.999697,1,0,0,1
0.1895,0.5,0.999781,0.000255025,0,0.999697,1,0,0,1
0.1895,0.7,0.999781,0.000255025,0,0.999697,1,0,0,1
0.1895,0.9,0.999781,0.000255025,0,0.999697,1,0,0,1
0.1905,0.1,0.999686,0.000357349,0,0.999566,1,0,0,1
0.1905,0.3,0.999686,0.000357349,0,0.999566,1,0,0,1
0.1905,0.5,0.999686,0.000357349,0,0.999566,1,0,0,1
0.1905,0.7,0.999686,0.000357349,0,0.999566,1,0,0,1
0.1905,0.9,0.999686,0.000357349,0,0.999566,1,0,0,1
0.1915,0.1,0.999565,0.000505887,0,0.999398,1,0,0,1
0.1915,0.3,0.999565,0.000505887,0,0.999398,1,0,0,1
0.1915,0.5,0.999565,0.000505887,0,0.999398,1,0,0,1
0.1915,0.7,0.999565,0.000505887,0,0.999398,1,0,0,1
0.1915,0.9,0.999565,0.000505887,0,0.999398,1,0,0,1
0.1925,0.1,0.999393,0.000694597,0,0.999159,1,0,0,1
0.1925,0.3,0.999393,0.000694597,0,0.999159,1,0,0,1
0.1925,0.5,0.999393,0.000694597,0,0.999159,1,0,0,1
0.1925,0.7,0.999393,0.000694597,0,0.999159,1,0,0,1
0.1925,0.9,0.999393,0.000694597,0,0.999159,1,0,0,1
0.1935,0.1,0.999176,0.000958552,0,0.998859,1,0,0,1
0.1935,0.3,0.999176,0.000958552,0,0.998859,1,0,0,1
0.1935,0.5,0.999176,0.000958552,0,0.998859,1,0,0,1
0.1935,0.7,0.999176,0.000958552,0,0.998859,1,0,0,1
0.1935,0.9,0.999176,0.000958552,0,0.998859,1,0,0,1
0.1945,0.1,0.998879,0.0012878,0,0.998447,1,0,0,1
0.1945,0.3,0.998879,0.0012878,0,0.998447,1,0,0,1
0.1945,0.5,0.998879,0.0012878,0,0.998447,1,0,0,1
0.1945,0.7,0.998879,0.0012878,0,0.998447,1,0,0,1
0.1945,0.9,0.998879,0.0012878,0,0.998447,1,0,0,1
0.1955,0.1,0.998512,0.0017304,0,0.997939,1,0,0,1
0.1955,0.3,0.998512,0.0017304,0,0.997939,1,0,0,1
0.1955,0.5,0.998512,0.0017304,0,0.997939,1,0,0,1
0.1955,0.7,0.998512,0.0017304,0,0.997939,1,0,0,1
0.1955,0.9,0.998512,0.0017304,0,0.997939,1,0,0,1
0.1965,0.1,0.998031,0.00227155,0,0.997271,1,0,0,1
0.1965,0.3,0.998031,0.00227155,0,0.997271,1,0,0,1
0.1965,0.5,0.998031,0.00227155,0,0.997271,1,0,0,1
0.1965,0.7,0.998031,0.00227155,0,0.997271,1,0,0,1
0.1965,0.9,0.998031,0.00227155,0,0.997271,1,0,0,1
0.1975,0.1,0.997449,0.00296913,0,0.996463,1,0,0,1
0.1975,0.3,0.997449,0.00296913,0,0.996463,1,0,0,1
0.1975,0.5,0.997449,0.00296913,0,0.996463,1,0,0,1
0.1975,0.7,0.997449,0.00296913,0,0.996463,1,0,0,1
0.1975,0.9,0.997449,0.00296913,0,0.996463,1,0,0,1
0.1985,0.1,0.996716,0.00380365,0,0.995446,1,0,0,1
0.1985,0.3,0.996716,0.00380365,0,0.995446,1,0,0,1
0.1985,0.5,0.996716,0.00380365,0,0.995446,1,0,0,1
0.1985,0.7,0.996716,0.00380365,0,0.995446,1,0,0,1
0.1985,0.9,0.996716,0.00380365,0,0.995446,1,0,0,1
0.1995,0.1,0.995852,0.00483399,0,0.994245,1,0,0,1
0.1995,0.3,0.995852,0.00483399,0,0.994245,1,0,0,1
0.1995,0.5,0.995852,0.00483399,0,0.994245,1,0,0,1
0.1995,0.7,0.995852,0.00483399,0,0.994245,1,0,0,1
0.1995,0.9,0.995852,0.00483399,0,0.994245,1,0,0,1
0.2005,0.1,0.994809,0.00603788,0,0.992797,1,0,0,1
0.2005,0.3,0.994809,0.00603788,0,0.992797,1,0,0,1
0.2005,0.5,0.994809,0.00603788,0,0.992797,1,0,0,1
0.2005,0.7,0.994809,0.00603788,0,0.992797,1,0,0,1
0.2005,0.9,0.994809,0.00603788,0,0.992797,1,0,0,1
0.2015,0.1,0.993609,0.00746216,0,0.991129,1,0,0,1
0.2015,0.3,0.993609,0.00746216,0,0.991129,1,0,0,1
0.2015,0.5,0.993609,0.00746216,0,0.991129,1,0,0,1
0.2015,0.7,0.993609,0.00746216,0,0.991129,1,0,0,1
0.2015,0.9,0.993609,0.00746216,0,0.991129,1,0,0,1
0.2025,0.1,0.992221,0.00908499,0,0.989201,1,0,0,1
0.2025,0.3,0.992221,0.00908499,0,0.989201,1,0,0,1
0.2025,0.5,0.992221,0.00908499,0,0.989201,1,0,0,1
0.2025,0.7,0.992221,0.00908499,0,0.989201,1,0,0,1
0.2025,0.9,0.992221,0.00908499,0,0.989201,1,0,0,1
0.2035,0.1,0.990663,0.0109295,0,0.987037,1,0,0,1
0.2035,0.3,0.990663,0.0109295,0,0.987037,1,0,0,1
0.2035,0.5,0.990663,0.0109295,0,0.987037,1,0,0,1
0.2035,0.7,0.990663,0.0109295,0,0.987037,1,0,0,1
0.2035,0.9,0.990663,0.0109295,0,0.987037,1,0,0,1
0.2045,0.1,0.98893,0.012977,0,0.984629,0.999144,0.0010133,0,0.998802
0.2045,0.3,0.98893,0.012977,0,0.984629,0.999144,0.0010133,0,0.998802
0.2045,0.5,0.98893,0.012977,0,0.984629,0.999144,0.0010133,0,0.998802
0.2045,0.7,0.98893,0.012977,0,0.984629,0.999144,0.0010133,0,0.998802
0.2045,0.9,0.98893,0.012977,0,0.984629,0.999144,0.0010133,0,0.998802
0.2055,0.1,0.987035,0.0152238,0,0.981998,0.996332,0.00434663,0,0.994868
0.2055,0.3,0.987035,0.0152238,0,0.981998,0.996332,0.00434663,0,0.994868
0.2055,0.5,0.987035,0.0152238,0,0.981998,0.996332,0.00434663,0,0.994868
0.2055,0.7,0.987035,0.0152238,0,0.981998,0.996332,0.00434663,0,0.994868
0.2055,0.9,0.987035,0.0152238,0,0.981998,0.996332,0.00434663,0,0.994868
0.2065,0.1,0.984994,0.0176539,0,0.979163,0.993526,0.00767996,0,0.990948
0.2065,0.3,0.984994,0.0176539,0,0.979163,0.993526,0.00767996,0,0.990948
0.2065,0.5,0.984994,0.0176539,0,0.979163,0.993526,0.00767996,0,0.990948
0.2065,0.7,0.984994,0.0176539,0,0.979163,0.993526,0.00767996,0,0.990948
0.2065,0.9,0.984994,0.0176539,0,0.979163,0.993526,0.00767996,0,0.990948
0.2075,0.1,0.982818,0.0202452,0,0.976144,0.990727,0.0110133,0,0.987041
0.2075,0.3,0.982818,0.0202452,0,0.976144,0.990727,0.0110133,0,0.987041
0.2075,0.5,0.982818,0.0202452,0,0.976144,0.990727,0.0110133,0,0.987041
0.2075,0.7,0.982818,0.0202452,0,0.976144,0.990727,0.0110133,0,0.987041
0.2075,0.9,0.982818,0.0202452,0,0.976144,0.990727,0.0110133,0,0.987041
0.2085,0.1,0.980532,0.0229819,0,0.972972,0.987934,0.0143466,0,0.983148
0.2085,0.3,0.980532,0.0229819,0,0.972972,0.987934,0.0143466,0,0.983148
0.2085,0.5,0.980532,0.0229819,0,0.972972,0.987934,0.0143466,0,0.983148
0.2085,0.7,0.980532,0.0229819,0,0.972972,0.987934,0.0143466,0,0.983148
0.2085,0.9,0.980532,0.0229819,0,0.972972,0.987934,0.0143466,0,0.983148
0.2095,0.1,0.978149,0.025837,0,0.969669,0.985147,0.01768,0,0.979267
0.2095,0.3,0.978149,0.025837,0,0.969669,0.985147,0.01768,0,0.979267
0.2095,0.5,0.978149,0.025837,0,0.969669,0.985147,0.01768,0,0.979267
0.2095,0.7,0.978149,0.025837,0,0.969669,0.985147,0.01768,0,0.979267
0.2095,0.9,0.978149,0.025837,0,0.969669,0.985147,0.01768,0,0.979267
0.2105,0.1,0.97569,0.0287932,0,0.966263,0.982366,0.0210133,0,0.9754
0.2105,0.3,0.97569,0.0287932,0,0.966263,0.982366,0.0210133,0,0.9754
0.2105,0.5,0.97569,0.0287932,0,0.966263,0.982366,0.0210133,0,0.9754
0.2105,0.7,0.97569,0.0287932,0,0.966263,0.982366,0.0210133,0,0.9754
0.2105,0.9,0.97569,0.0287932,0,0.966263,0.982366,0.0210133,0,0.9754
0.2115,0.1,0.973172,0.031829,0,0.962776,0.979592,0.0243466,0,0.971546
0.2115,0.3,0.973172,0.031829,0,0.962776,0.979592,0.0243466,0,0.971546
0.2115,0.5,0.973172,0.031829,0,0.962776,0.979592,0.0243466,0,0.971546
0.2115,0.7,0.973172,0.031829,0,0.962776,0.979592,0.0243466,0,0.971546
0.2115,0.9,0.973172,0.031829,0,0.962776,0.979592,0.0243466,0,0.971546
0.2125,0.1,0.970607,0.0349273,0,0.959229,0.976824,0.02768,0,0.967705
0.2125,0.3,0.970607,0.0349273,0,0.959229,0.976824,0.02768,0,0.967705
0.2125,0.5,0.970607,0.0349273,0,0.959229,0.976824,0.02768,0,0.967705
0.2125,0.7,0.970607,0.0349273,0,0.959229,0.976824,0.02768,0,0.967705
0.2125,0.9,0.970607,0.0349273,0,0.959229,0.976824,0.02768,0,0.967705
0.2135,0.1,0.96801,0.0380744,0,0.955639,0.974062,0.0310133,0,0.963877
0.2135,0.3,0.96801,0.0380744,0,0.955639,0.974062,0.0310133,0,0.963877
0.2135,0.5,0.96801,0.0380744,0,0.955639,0.974062,0.0310133,0,0.963877
0.2135,0.7,0.96801,0.0380744,0,0.955639,0.974062,0.0310133,0,0.963877
0.2135,0.9,0.96801,0.0380744,0,0.955639,0.974062,0.0310133,0,0.963877
0.2145,0.1,0.965389,0.041257,0,0.95202,0.971307,0.0343466,0,0.960062
0.2145,0.3,0.965389,0.041257,0,0.95202,0.971307,0.0343466,0,0.960062
0.2145,0.5,0.965389,0.041257,0,0.95202,0.971307,0.0343466,0,0.960062
0.2145,0.7,0.965389,0.041257,0,0.95202,0.971307,0.0343466,0,0.960062
0.2145,0.9,0.965389,0.041257,0,0.95202,0.971307,0.0343466,0,0.960062
0.2155,0.1,0.962753,0.0444666,0,0.948384,0.968558,0.03768,0,0.956259
0.2155,0.3,0.962753,0.0444666,0,0.948384,0.968558,0.03768,0,0.956259
0.2155,0.5,0.962753,0.0444666,0,0.948384,0.968558,0.03768,0,0.956259
0.2155,0.7,0.962753,0.0444666,0,0.948384,0.968558,0.03768,0,0.956259
0.2155,0.9,0.962753,0.0444666,0,0.948384,0.968558,0.03768,0,0.956259
0.2165,0.1,0.960107,0.0476956,0,0.944738,0.965815,0.0410133,0,0.95247
0.2165,0.3,0.960107,0.0476956,0,0.944738,0.965815,0.0410133,0,0.95247
0.2165,0.5,0.960107,0.0476956,0,0.944738,0.965815,0.0410133,0,0.95247
0.2165,0.7,0.960107,0.0476956,0,0.944738,0.965815,0.0410133,0,0.95247
0.2165,0.9,0.960107,0.0476956,0,0.944738,0.965815,0.0410133,0,0.95247
0.2175,0.1,0.957455,0.0509383,0,0.941088,0.963078,0.0443466,0,0.948694
0.2175,0.3,0.957455,0.0509383,0,0.941088,0.963078,0.0443466,0,0.948694
0.2175,0.5,0.957455,0.0509383,0,0.941088,0.963078,0.0443466,0,0.948694
0.2175,0.7,0.957455,0.0509383,0,0.941088,0.963078,0.0443466,0,0.948694
0.2175,0.9,0.957455,0.0509383,0,0.941088,0.963078,0.0443466,0,0.948694
0.2185,0.1,0.954802,0.0541912,0,0.93744,0.960347,0.04768,0,0.94493
0.2185,0.3,0.954802,0.0541912,0,0.93744,0.960347,0.04768,0,0.94493
0.2185,0.5,0.954802,0.0541912,0,0.93744,0.960347,0.04768,0,0.94493
0.2185,0.7,0.954802,0.0541912,0,0.93744,0.960347,0.04768,0,0.94493
0.2185,0.9,0.954802,0.0541912,0,0.93744,0.960347,0.04768,0,0.94493
0.2195,0.1,0.952149,0.0574512,0,0.933796,0.957623,0.0510133,0,0.941179
0.2195,0.3,0.952149,0.0574512,0,0.933796,0.957623,0.0510133,0,0.941179
0.2195,0.5,0.952149,0.0574512,0,0.933796,0.957623,0.0510133,0,0.941179
0.2195,0.7,0.952149,0.0574512,0,0.933796,0.957623,0.0510133,0,0.941179
0.2195,0.9,0.952149,0.0574512,0,0.933796,0.957623,0.0510133,0,0.941179
0.2205,0.1,0.949497,0.0607164,0,0.930158,0.954905,0.0543466,0,0.937441
0.2205,0.3,0.949497,0.0607164,0,0.930158,0.954905,0.0543466,0,0.937441
0.2205,0.5,0.949497,0.0607164,0,0.930158,0.954905,0.0543466,0,0.937441
0.2205,0.7,0.949497,0.0607164,0,0.930158,0.954905,0.0543466,0,0.937441
0.2205,0.9,0.949497,0.0607164,0,0.930158,0.954905,0.0543466,0,0.937441
0.2215,0.1,0.946849,0.0639854,0,0.926528,0.952193,0.05768,0,0.933716
0.2215,0.3,0.946849,0.0639854,0,0.926528,0.952193,0.05768,0,0.933716
0.2215,0.5,0.946849,0.0639854,0,0.926528,0.952193,0.05768,0,0.933716
0.2215,0.7,0.946849,0.0639854,0,0.926528,0.952193,0.05768,0,0.933716
0.2215,0.9,0.946849,0.0639854,0,0.926528,0.952193,0.05768,0,0.933716
0.2225,0.1,0.944204,0.0672574,0,0.922908,0.949487,0.0610133,0,0.930004
0.2225,0.3,0.944204,0.0672574,0,0.922908,0.949487,0.0610133,0,0.930004
0.2225,0.5,0.944204,0.0672574,0,0.922908,0.949487,0.0610133,0,0.930004
0.2225,0.7,0.944204,0.0672574,0,0.922908,0.949487,0.0610133,0,0.930004
0.2225,0.9,0.944204,0.0672574,0,0.922908,0.949487,0.0610133,0,0.930004
0.2235,0.1,0.941563,0.0705316,0,0.919297,0.946787,0.0643466,0,0.926304
0.2235,0.3,0.941563,0.0705316,0,0.919297,0.946787,0.0643466,0,0.926304
0.2235,0.5,0.941563,0.0705316,0,0.919297,0.946787,0.0643466,0,0.926304
0.2235,0.7,0.941563,0.0705316,0,0.919297,0.946787,0.0643466,0,0.926304
0.2235,0.9,0.941563,0.0705316,0,0.919297,0.946787,0.0643466,0,0.926304
0.2245,0.1,0.938927,0.0738076,0,0.915696,0.944094,0.06768,0,0.922617
0.2245,0.3,0.938927,0.0738076,0,0.915696,0.944094,0.06768,0,0.922617
0.2245,0.5,0.938927,0.0738076,0,0.915696,0.944094,0.06768,0,0.922617
0.2245,0.7,0.938927,0.0738076,0,0.915696,0.944094,0.06768,0,0.922617
0.2245,0.9,0.938927,0.0738076,0,0.915696,0.944094,0.06768,0,0.922617
0.2255,0.1,0.936295,0.077085,0,0.912105,0.941406,0.0710133,0,0.918942
0.2255,0.3,0.936295,0.077085,0,0.912105,0.941406,0.0710133,0,0.918942
0.2255,0.5,0.936295,0.077085,0,0.912105,0.941406,0.0710133,0,0.918942
0.2255,0.7,0.936295,0.077085,0,0.912105,0.941406,0.0710133,0,0.918942
0.2255,0.9,0.936295,0.077085,0,0.912105,0.941406,0.0710133,0,0.918942
0.2265,0.1,0.933669,0.0803638,0,0.908526,0.938725,0.0743466,0,0.91528
0.2265,0.3,0.933669,0.0803638,0,0.908526,0.938725,0.0743466,0,0.91528
0.2265,0.5,0.933669,0.0803638,0,0.908526,0.938725,0.0743466,0,0.91528
0.2265,0.7,0.933669,0.0803638,0,0.908526,0.938725,0.0743466,0,0.91528
0.2265,0.9,0.933669,0.0803638,0,0.908526,0.938725,0.0743466,0,0.91528
0.2275,0.1,0.931047,0.0836435,0,0.904957,0.93605,0.07768,0,0.91163
0.2275,0.3,0.931047,0.0836435,0,0.904957,0.93605,0.07768,0,0.91163
0.2275,0.5,0.931047,0.0836435,0,0.904957,0.93605,0.07768,0,0.91163
0.2275,0.7,0.931047,0.0836435,0,0.904957,0.93605,0.07768,0,0.91163
0.2275,0.9,0.931047,0.0836435,0,0.904957,0.93605,0.07768,0,0.91163
0.2285,0.1,0.928431,0.0869242,0,0.901399,0.933381,0.0810133,0,0.907993
0.2285,0.3,0.928431,0.0869242,0,0.901399,0.933381,0.0810133,0,0.907993
0.2285,0.5,0.928431,0.0869242,0,0.901399,0.933381,0.0810133,0,0.907993
0.2285,0.7,0.928431,0.0869242,0,0.901399,0.933381,0.0810133,0,0.907993
0.2285,0.9,0.928431,0.0869242,0,0.901399,0.933381,0.0810133,0,0.907993
0.2295,0.1,0.92582,0.0902058,0,0.897852,0.930718,0.0843466,0,0.904368
0.2295,0.3,0.92582,0.0902058,0,0.897852,0.930718,0.0843466,0,0.904368
0.2295,0.5,0.92582,0.0902058,0,0.897852,0.930718,0.0843466,0,0.904368
0.2295,0.7,0.92582,0.0902058,0,0.897852,0.930718,0.0843466,0,0.904368
0.2295,0.9,0.92582,0.0902058,0,0.897852,0.930718,0.0843466,0,0.904368
0.2305,0.1,0.923214,0.093488,0,0.894317,0.928061,0.08768,0,0.900756
0.2305,0.3,0.923214,0.093488,0,0.894317,0.928061,0.08768,0,0.900756
0.2305,0.5,0.923214,0.093488,0,0.894317,0.928061,0.08768,0,0.900756
0.2305,0.7,0.923214,0.093488,0,0.894317,0.928061,0.08768,0,0.900756
0.2305,0.9,0.923214,0.093488,0,0.894317,0.928061,0.08768,0,0.900756
0.2315,0.1,0.920613,0.0967709,0,0.890793,0.92541,0.0910133,0,0.897156
0.2315,0.3,0.920613,0.0967709,0,0.890793,0.92541,0.0910133,0,0.897156
0.2315,0.5,0.920613,0.0967709,0,0.890793,0.92541,0.0910133,0,0.897156
0.2315,0.7,0.920613,0.0967709,0,0.890793,0.92541,0.0910133,0,0.897156
0.2315,0.9,0.920613,0.0967709,0,0.890793,0.92541,0.0910133,0,0.897156
0.2325,0.1,0.918018,0.100054,0,0.88728,0.922766,0.0943466,0,0.893569
0.2325,0.3,0.918018,0.100054,0,0.88728,0.922766,0.0943466,0,0.893569
0.2325,0.5,0.918018,0.100054,0,0.88728,0.922766,0.0943466,0,0.893569
0.2325,0.7,0.918018,0.100054,0,0.88728,0.922766,0.0943466,0,0.893569
0.2325,0.9,0.918018,0.100054,0,0.88728,0.922766,0.0943466,0,0.893569
0.2335,0.1,0.915428,0.103338,0,0.883778,0.920127,0.09768,0,0.889993
0.2335,0.3,0.915428,0.103338,0,0.883778,0.920127,0.09768,0,0.889993
0.2335,0.5,0.915428,0.103338,0,0.883778,0.920127,0.09768,0,0.889993
0.2335,0.7,0.915428,0.103338,0,0.883778,0.920127,0.09768,0,0.889993
0.2335,0.9,0.915428,0.103338,0,0.883778,0.920127,0.09768,0,0.889993
0.2345,0.1,0.912844,0.106623,0,0.880288,0.917494,0.101013,0,0.88643
0.2345,0.3,0.912844,0.106623,0,0.880288,0.917494,0.101013,0,0.88643
0.2345,0.5,0.912844,0.106623,0,0.880288,0.917494,0.101013,0,0.88643
0.2345,0.7,0.912844,0.106623,0,0.880288,0.917494,0.101013,0,0.88643
0.2345,0.9,0.912844,0.106623,0,0.880288,0.917494,0.101013,0,0.88643
0.2355,0.1,0.910266,0.109907,0,0.876809,0.914868,0.104347,0,0.88288
0.2355,0.3,0.910266,0.109907,0,0.876809,0.914868,0.104347,0,0.88288
0.2355,0.5,0.910266,0.109907,0,0.876809,0.914868,0.104347,0,0.88288
0.2355,0.7,0.910266,0.109907,0,0.876809,0.914868,0.104347,0,0.88288
0.2355,0.9,0.910266,0.109907,0,0.876809,0.914868,0.104347,0,0.88288
0.2365,0.1,0.907692,0.113192,0,0.873342,0.912247,0.10768,0,0.879341
0.2365,0.3,0.907692,0.113192,0,0.873342,0.912247,0.10768,0,0.879341
0.2365,0.5,0.907692,0.113192,0,0.873342,0.912247,0.10768,0,0.879341
0.2365,0.7,0.907692,0.113192,0,0.873342,0.912247,0.10768,0,0.879341
0.2365,0.9,0.907692,0.113192,0,0.873342,0.912247,0.10768,0,0.879341
0.2375,0.1,0.905125,0.116478,0,0.869886,0.909632,0.111013,0,0.875815
0.2375,0.3,0.905125,0.116478,0,0.869886,0.909632,0.111013,0,0.875815
0.2375,0.5,0.905125,0.116478,0,0.869886,0.909632,0.111013,0,0.875815
0.2375,0.7,0.905125,0.116478,0,0.869886,0.909632,0.111013,0,0.875815
0.2375,0.9,0.905125,0.116478,0,0.869886,0.909632,0.111013,0,0.875815
0.2385,0.1,0.902563,0.119764,0,0.866442,0.907024,0.114347,0,0.8723
0.2385,0.3,0.902563,0.119764,0,0.866442,0.907024,0.114347,0,0.8723
0.2385,0.5,0.902563,0.119764,0,0.866442,0.907024,0.114347,0,0.8723
0.2385,0.7,0.902563,0.119764,0,0.866442,0.907024,0.114347,0,0.8723
0.2385,0.9,0.902563,0.119764,0,0.866442,0.907024,0.114347,0,0.8723
0.2395,0.1,0.900007,0.12305,0,0.863009,0.904421,0.11768,0,0.868798
0.2395,0.3,0.900007,0.12305,0,0.863009,0.904421,0.11768,0,0.868798
0.2395,0.5,0.900007,0.12305,0,0.863009,0.904421,0.11768,0,0.868798
0.2395,0.7,0.900007,0.12305,0,0.863009,0.904421,0.11768,0,0.868798
0.2395,0.9,0.900007,0.12305,0,0.863009,0.904421,0.11768,0,0.868798
0.2405,0.1,0.897456,0.126336,0,0.859587,0.901824,0.121013,0,0.865308
0.2405,0.3,0.897456,0.126336,0,0.859587,0.901824,0.121013,0,0.865308
0.2405,0.5,0.897456,0.126336,0,0.859587,0.901824,0.121013,0,0.865308
0.2405,0.7,0.897456,0.126336,0,0.859587,0.901824,0.121013,0,0.865308
0.2405,0.9,0.897456,0.126336,0,0.859587,0.901824,0.121013,0,0.865308
0.2415,0.1,0.894911,0.129622,0,0.856177,0.899234,0.124347,0,0.86183
0.2415,0.3,0.894911,0.129622,0,0.856177,0.899234,0.124347,0,0.86183
0.2415,0.5,0.894911,0.129622,0,0.856177,0.899234,0.124347,0,0.86183
0.2415,0.7,0.894911,0.129622,0,0.856177,0.899234,0.124347,0,0.86183
0.2415,0.9,0.894911,0.129622,0,0.856177,0.899234,0.124347,0,0.86183
0.2425,0.1,0.892372,0.132909,0,0.852778,0.896649,0.12768,0,0.858364
0.2425,0.3,0.892372,0.132909,0,0.852778,0.896649,0.12768,0,0.858364
0.2425,0.5,0.892372,0.132909,0,0.852778,0.896649,0.12768,0,0.858364
0.2425,0.7,0.892372,0.132909,0,0.852778,0.896649,0.12768,0,0.858364
0.2425,0.9,0.892372,0.132909,0,0.852778,0.896649,0.12768,0,0.858364
0.2435,0.1,0.889838,0.136195,0,0.849391,0.89407,0.131013,0,0.85491
0.2435,0.3,0.889838,0.136195,0,0.849391,0.89407,0.131013,0,0.85491
0.2435,0.5,0.889838,0.136195,0,0.849391,0.89407,0.131013,0,0.85491
0.2435,0.7,0.889838,0.136195,0,0.849391,0.89407,0.131013,0,0.85491
0.2435,0.9,0.889838,0.136195,0,0.849391,0.89407,0.131013,0,0.85491
0.2445,0.1,0.88731,0.139482,0,0.846015,0.891497,0.134347,0,0.851468
0.2445,0.3,0.88731,0.139482,0,0.846015,0.891497,0.134347,0,0.851468
0.2445,0.5,0.88731,0.139482,0,0.846015,0.891497,0.134347,0,0.851468
0.2445,0.7,0.88731,0.139482,0,0.846015,0.891497,0.134347,0,0.851468
0.2445,0.9,0.88731,0.139482,0,0.846015,0.891497,0.134347,0,0.851468
0.2455,0.1,0.884787,0.142769,0,0.842651,0.888931,0.13768,0,0.848037
0.2455,0.3,0.884787,0.142769,0,0.842651,0.888931,0.13768,0,0.848037
0.2455,0.5,0.884787,0.142769,0,0.842651,0.888931,0.13768,0,0.848037
0.2455,0.7,0.884787,0.142769,0,0.842651,0.888931,0.13768,0,0.848037
0.2455,0.9,0.884787,0.142769,0,0.842651,0.888931,0.13768,0,0.848037
0.2465,0.1,0.88227,0.146056,0,0.839298,0.88637,0.141013,0,0.844619
0.2465,0.3,0.88227,0.146056,0,0.839298,0.88637,0.141013,0,0.844619
0.2465,0.5,0.88227,0.146056,0,0.839298,0.88637,0.141013,0,0.844619
0.2465,0.7,0.88227,0.146056,0,0.839298,0.88637,0.141013,0,0.844619
0.2465,0.9,0.88227,0.146056,0,0.839298,0.88637,0.141013,0,0.844619
0.2475,0.1,0.879759,0.149343,0,0.835956,0.883814,0.144347,0,0.841212
0.2475,0.3,0.879759,0.149343,0,0.835956,0.883814,0.144347,0,0.841212
0.2475,0.5,0.879759,0.149343,0,0.835956,0.883814,0.144347,0,0.841212
0.2475,0.7,0.879759,0.149343,0,0.835956,0.883814,0.144347,0,0.841212
0.2475,0.9,0.879759,0.149343,0,0.835956,0.883814,0.144347,0,0.841212
0.2485,0.1,0.877254,0.15263,0,0.832626,0.881265,0.14768,0,0.837817
0.2485,0.3,0.877254,0.15263,0,0.832626,0.881265,0.14768,0,0.837817
0.2485,0.5,0.877254,0.15263,0,0.832626,0.881265,0.14768,0,0.837817
0.2485,0.7,0.877254,0.15263,0,0.832626,0.881265,0.14768,0,0.837817
0.2485,0.9,0.877254,0.15263,0,0.832626,0.881265,0.14768,0,0.837817
0.2495,0.1,0.874754,0.155917,0,0.829307,0.878722,0.151013,0,0.834434
0.2495,0.3,0.874754,0.155917,0,0.829307,0.878722,0.151013,0,0.834434
0.2495,0.5,0.874754,0.155917,0,0.829307,0.878722,0.151013,0,0.834434
0.2495,0.7,0.874754,0.155917,0,0.829307,0.878722,0.151013,0,0.834434
0.2495,0.9,0.874754,0.155917,0,0.829307,0.878722,0.151013,0,0.834434
0.2505,0.1,0.87226,0.159204,0,0.825999,0.876185,0.154347,0,0.831063
0.2505,0.3,0.87226,0.159204,0,0.825999,0.876185,0.154347,0,0.831063
0.2505,0.5,0.87226,0.159204,0,0.825999,0.876185,0.154347,0,0.831063
0.2505,0.7,0.87226,0.159204,0,0.825999,0.876185,0.154347,0,0.831063
0.2505,0.9,0.87226,0.159204,0,0.825999,0.876185,0.154347,0,0.831063
0.2515,0.1,0.869772,0.162491,0,0.822703,0.873653,0.15768,0,0.827703
0.2515,0.3,0.869772,0.162491,0,0.822703,0.873653,0.15768,0,0.827703
0.2515,0.5,0.869772,0.162491,0,0.822703,0.873653,0.15768,0,0.827703
0.2515,0.7,0.869772,0.162491,0,0.822703,0.873653,0.15768,0,0.827703
0.2515,0.9,0.869772,0.162491,0,0.822703,0.873653,0.15768,0,0.827703
0.2525,0.1,0.867289,0.165778,0,0.819418,0.871127,0.161013,0,0.824355
0.2525,0.3,0.867289,0.165778,0,0.819418,0.871127,0.161013,0,0.824355
0.2525,0.5,0.867289,0.165778,0,0.819418,0.871127,0.161013,0,0.824355
0.2525,0.7,0.867289,0.165778,0,0.819418,0.871127,0.161013,0,0.824355
0.2525,0.9,0.867289,0.165778,0,0.819418,0.871127,0.161013,0,0.824355
0.2535,0.1,0.864812,0.169065,0,0.816144,0.868607,0.164347,0,0.821019
0.2535,0.3,0.864812,0.169065,0,0.816144,0.868607,0.164347,0,0.821019
0.2535,0.5,0.864812,0.169065,0,0.816144,0.868607,0.164347,0,0.821019
0.2535,0.7,0.864812,0.169065,0,0.816144,0.868607,0.164347,0,0.821019
0.2535,0.9,0.864812,0.169065,0,0.816144,0.868607,0.164347,0,0.821019
0.2545,0.1,0.86234,0.172352,0,0.812882,0.866093,0.16768,0,0.817694
0.2545,0.3,0.86234,0.172352,0,0.812882,0.866093,0.16768,0,0.817694
0.2545,0.5,0.86234,0.172352,0,0.812882,0.866093,0.16768,0,0.817694
0.2545,0.7,0.86234,0.172352,0,0.812882,0.866093,0.16768,0,0.817694
0.2545,0.9,0.86234,0.172352,0,0.812882,0.866093,0.16768,0,0.817694
0.2555,0.1,0.859875,0.175639,0,0.80963,0.863585,0.171013,0,0.81438
0.2555,0.3,0.859875,0.175639,0,0.80963,0.863585,0.171013,0,0.81438
0.2555,0.5,0.859875,0.175639,0,0.80963,0.863585,0.171013,0,0.81438
0.2555,0.7,0.859875,0.175639,0,0.80963,0.863585,0.171013,0,0.81438
0.2555,0.9,0.859875,0.175639,0,0.80963,0.863585,0.171013,0,0.81438
0.2565,0.1,0.857415,0.178926,0,0.80639,0.861083,0.174347,0,0.811078
0.2565,0.3,0.857415,0.178926,0,0.80639,0.861083,0.174347,0,0.811078
0.2565,0.5,0.857415,0.178926,0,0.80639,0.861083,0.174347,0,0.811078
0.2565,0.7,0.857415,0.178926,0,0.80639,0.861083,0.174347,0,0.811078
0.2565,0.9,0.857415,0.178926,0,0.80639,0.861083,0.174347,0,0.811078
0.2575,0.1,0.85496,0.182213,0,0.803161,0.858586,0.17768,0,0.807788
0.2575,0.3,0.85496,0.182213,0,0.803161,0.858586,0.17768,0,0.807788
0.2575,0.5,0.85496,0.182213,0,0.803161,0.858586,0.17768,0,0.807788
0.2575,0.7,0.85496,0.182213,0,0.803161,0.858586,0.17768,0,0.807788
0.2575,0.9,0.85496,0.182213,0,0.803161,0.858586,0.17768,0,0.807788
0.2585,0.1,0.852511,0.1855,0,0.799943,0.856095,0.181013,0,0.804509
0.2585,0.3,0.852511,0.1855,0,0.799943,0.856095,0.181013,0,0.804509
0.2585,0.5,0.852511,0.1855,0,0.799943,0.856095,0.181013,0,0.804509
0.2585,0.7,0.852511,0.1855,0,0.799943,0.856095,0.181013,0,0.804509
0.2585,0.9,0.852511,0.1855,0,0.799943,0.856095,0.181013,0,0.804509
0.2595,0.1,0.850068,0.188787,0,0.796736,0.85361,0.184347,0,0.801242
0.2595,0.3,0.850068,0.188787,0,0.796736,0.85361,0.184347,0,0.801242
0.2595,0.5,0.850068,0.188787,0,0.796736,0.85361,0.184347,0,0.801242
0.2595,0.7,0.850068,0.188787,0,0.796736,0.85361,0.184347,0,0.801242
0.2595,0.9,0.850068,0.188787,0,0.796736,0.85361,0.184347,0,0.801242
0.2605,0.1,0.847631,0.192074,0,0.793541,0.851131,0.18768,0,0.797986
0.2605,0.3,0.847631,0.192074,0,0.793541,0.851131,0.18768,0,0.797986
0.2605,0.5,0.847631,0.192074,0,0.793541,0.851131,0.18768,0,0.797986
0.2605,0.7,0.847631,0.192074,0,0.793541,0.851131,0.18768,0,0.797986
0.2605,0.9,0.847631,0.192074,0,0.793541,0.851131,0.18768,0,0.797986
0.2615,0.1,0.845199,0.195361,0,0.790356,0.848658,0.191013,0,0.794741
0.2615,0.3,0.845199,0.195361,0,0.790356,0.848658,0.191013,0,0.794741
0.2615,0.5,0.845199,0.195361,0,0.790356,0.848658,0.191013,0,0.794741
0.2615,0.7,0.845199,0.195361,0,0.790356,0.848658,0.191013,0,0.794741
0.2615,0.9,0.845199,0.195361,0,0.790356,0.848658,0.191013,0,0.794741
0.2625,0.1,0.842773,0.198647,0,0.787183,0.84619,0.194347,0,0.791508
0.2625,0.3,0.842773,0.198647,0,0.787183,0.84619,0.194347,0,0.791508
0.2625,0.5,0.842773,0.198647,0,0.787183,0.84619,0.194347,0,0.791508
0.2625,0.7,0.842773,0.198647,0,0.787183,0.84619,0.194347,0,0.791508
0.2625,0.9,0.842773,0.198647,0,0.787183,0.84619,0.194347,0,0.791508
0.2635,0.1,0.840352,0.201934,0,0.78402,0.843728,0.19768,0,0.788285
0.2635,0.3,0.840352,0.201934,0,0.78402,0.843728,0.19768,0,0.788285
0.2635,0.5,0.840352,0.201934,0,0.78402,0.843728,0.19768,0,0.788285
0.2635,0.7,0.840352,0.201934,0,0.78402,0.843728,0.19768,0,0.788285
0.2635,0.9,0.840352,0.201934,0,0.78402,0.843728,0.19768,0,0.788285
0.2645,0.1,0.837937,0.20522,0,0.780868,0.841272,0.201013,0,0.785074
0.2645,0.3,0.837937,0.20522,0,0.780868,0.841272,0.201013,0,0.785074
0.2645,0.5,0.837937,0.20522,0,0.780868,0.841272,0.201013,0,0.785074
0.2645,0.7,0.837937,0.20522,0,0.780868,0.841272,0.201013,0,0.785074
0.2645,0.9,0.837937,0.20522,0,0.780868,0.841272,0.201013,0,0.785074
0.2655,0.1,0.835528,0.208507,0,0.777728,0.838821,0.204347,0,0.781875
0.2655,0.3,0.835528,0.208507,0,0.777728,0.838821,0.204347,0,0.781875
0.2655,0.5,0.835528,0.208507,0,0.777728,0.838821,0.204347,0,0.781875
0.2655,0.7,0.835528,0.208507,0,0.777728,0.838821,0.204347,0,0.781875
0.2655,0.9,0.835528,0.208507,0,0.777728,0.838821,0.204347,0,0.781875
0.2665,0.1,0.833124,0.211793,0,0.774598,0.836376,0.20768,0,0.778686
0.2665,0.3,0.833124,0.211793,0,0.774598,0.836376,0.20768,0,0.778686
0.2665,0.5,0.833124,0.211793,0,0.774598,0.836376,0.20768,0,0.778686
0.2665,0.7,0.833124,0.211793,0,0.774598,0.836376,0.20768,0,0.778686
0.2665,0.9,0.833124,0.211793,0,0.774598,0.836376,0.20768,0,0.778686
0.2675,0.1,0.830726,0.215079,0,0.771479,0.833937,0.211013,0,0.775509
0.2675,0.3,0.830726,0.215079,0,0.771479,0.833937,0.211013,0,0.775509
0.2675,0.5,0.830726,0.215079,0,0.771479,0.833937,0.211013,0,0.775509
0.2675,0.7,0.830726,0.215079,0,0.771479,0.833937,0.211013,0,0.775509
0.2675,0.9,0.830726,0.215079,0,0.771479,0.833937,0.211013,0,0.775509
0.2685,0.1,0.828333,0.218365,0,0.768371,0.831504,0.214347,0,0.772343
0.2685,0.3,0.828333,0.218365,0,0.768371,0.831504,0.214347,0,0.772343
0.2685,0.5,0.828333,0.218365,0,0.768371,0.831504,0.214347,0,0.772343
0.2685,0.7,0.828333,0.218365,0,0.768371,0.831504,0.214347,0,0.772343
0.2685,0.9,0.828333,0.218365,0,0.768371,0.831504,0.214347,0,0.772343
0.2695,0.1,0.825946,0.221651,0,0.765274,0.829076,0.21768,0,0.769188
0.2695,0.3,0.825946,0.221651,0,0.765274,0.829076,0.21768,0,0.769188
0.2695,0.5,0.825946,0.221651,0,0.765274,0.829076,0.21768,0,0.769188
0.2695,0.7,0.825946,0.221651,0,0.765274,0.829076,0.21768,0,0.769188
0.2695,0.9,0.825946,0.221651,0,0.765274,0.829076,0.21768,0,0.769188
0.2705,0.1,0.823564,0.224937,0,0.762188,0.826654,0.221013,0,0.766044
0.2705,0.3,0.823564,0.224937,0,0.762188,0.826654,0.221013,0,0.766044
0.2705,0.5,0.823564,0.224937,0,0.762188,0.826654,0.221013,0,0.766044
0.2705,0.7,0.823564,0.224937,0,0.762188,0.826654,0.221013,0,0.766044
0.2705,0.9,0.823564,0.224937,0,0.762188,0.826654,0.221013,0,0.766044
0.2715,0.1,0.821188,0.228223,0,0.759112,0.824238,0.224347,0,0.76291
0.2715,0.3,0.821188,0.228223,0,0.759112,0.824238,0.224347,0,0.76291
0.2715,0.5,0.821188,0.228223,0,0.759112,0.824238,0.224347,0,0.76291
0.2715,0.7,0.821188,0.228223,0,0.759112,0.824238,0.224347,0,0.76291
0.2715,0.9,0.821188,0.228223,0,0.759112,0.824238,0.224347,0,0.76291
0.2725,0.1,0.818818,0.231509,0,0.756047,0.821827,0.22768,0,0.759788
0.2725,0.3,0.818818,0.231509,0,0.756047,0.821827,0.22768,0,0.759788
0.2725,0.5,0.818818,0.231509,0,0.756047,0.821827,0.22768,0,0.759788
0.2725,0.7,0.818818,0.231509,0,0.756047,0.821827,0.22768,0,0.759788
0.2725,0.9,0.818818,0.231509,0,0.756047,0.821827,0.22768,0,0.759788
0.2735,0.1,0.816453,0.234794,0,0.752993,0.819422,0.231013,0,0.756677
0.2735,0.3,0.816453,0.234794,0,0.752993,0.819422,0.231013,0,0.756677
0.2735,0.5,0.816453,0.234794,0,0.752993,0.819422,0.231013,0,0.756677
0.2735,0.7,0.816453,0.234794,0,0.752993,0.819422,0.231013,0,0.756677
0.2735,0.9,0.816453,0.234794,0,0.752993,0.819422,0.231013,0,0.756677
0.2745,0.1,0.814094,0.23808,0,0.74995,0.817023,0.234347,0,0.753577
0.2745,0.3,0.814094,0.23808,0,0.74995,0.817023,0.234347,0,0.753577
0.2745,0.5,0.814094,0.23808,0,0.74995,0.817023,0.234347,0,0.753577
0.2745,0.7,0.814094,0.23808,0,0.74995,0.817023,0.234347,0,0.753577
0.2745,0.9,0.814094,0.23808,0,0.74995,0.817023,0.234347,0,0.753577
0.2755,0.1,0.81174,0.241365,0,0.746917,0.814629,0.23768,0,0.750488
0.2755,0.3,0.81174,0.241365,0,0.746917,0.814629,0.23768,0,0.750488
0.2755,0.5,0.81174,0.241365,0,0.746917,0.814629,0.23768,0,0.750488
0.2755,0.7,0.81174,0.241365,0,0.746917,0.814629,0.23768,0,0.750488
0.2755,0.9,0.81174,0.241365,0,0.746917,0.814629,0.23768,0,0.750488
0.2765,0.1,0.809392,0.24465,0,0.743895,0.812241,0.241013,0,0.747409
0.2765,0.3,0.809392,0.24465,0,0.743895,0.812241,0.241013,0,0.747409
0.2765,0.5,0.809392,0.24465,0,0.743895,0.812241,0.241013,0,0.747409
0.2765,0.7,0.809392,0.24465,0,0.743895,0.812241,0.241013,0,0.747409
0.2765,0.9,0.809392,0.24465,0,0.743895,0.812241,0.241013,0,0.747409
0.2775,0.1,0.807049,0.247936,0,0.740883,0.809858,0.244347,0,0.744342
0.2775,0.3,0.807049,0.247936,0,0.740883,0.809858,0.244347,0,0.744342
0.2775,0.5,0.807049,0.247936,0,0.740883,0.809858,0.244347,0,0.744342
0.2775,0.7,0.807049,0.247936,0,0.740883,0.809858,0.244347,0,0.744342
0.2775,0.9,0.807049,0.247936,0,0.740883,0.809858,0.244347,0,0.744342
0.2785,0.1,0.804712,0.251221,0,0.737882,0.807481,0.24768,0,0.741285
0.2785,0.3,0.804712,0.251221,0,0.737882,0.807481,0.24768,0,0.741285
0.2785,0.5,0.804712,0.251221,0,0.737882,0.807481,0.24768,0,0.741285
0.2785,0.7,0.804712,0.251221,0,0.737882,0.807481,0.24768,0,0.741285
0.2785,0.9,0.804712,0.251221,0,0.737882,0.807481,0.24768,0,0.741285
0.2795,0.1,0.802381,0.254505,0,0.734892,0.805109,0.251013,0,0.738239
0.2795,0.3,0.802381,0.254505,0,0.734892,0.805109,0.251013,0,0.738239
0.2795,0.5,0.802381,0.254505,0,0.734892,0.805109,0.251013,0,0.738239
0.2795,0.7,0.802381,0.254505,0,0.734892,0.805109,0.251013,0,0.738239
0.2795,0.9,0.802381,0.254505,0,0.734892,0.805109,0.251013,0,0.738239
0.2805,0.1,0.800054,0.25779,0,0.731912,0.802744,0.254347,0,0.735204
0.2805,0.3,0.800054,0.25779,0,0.731912,0.802744,0.254347,0,0.735204
0.2805,0.5,0.800054,0.25779,0,0.731912,0.802744,0.254347,0,0.735204
0.2805,0.7,0.800054,0.25779,0,0.731912,0.802744,0.254347,0,0.735204
0.2805,0.9,0.800054,0.25779,0,0.731912,0.802744,0.254347,0,0.735204
0.2815,0.1,0.797734,0.261075,0,0.728942,0.800383,0.25768,0,0.732179
0.2815,0.3,0.797734,0.261075,0,0.728942,0.800383,0.25768,0,0.732179
0.2815,0.5,0.797734,0.261075,0,0.728942,0.800383,0.25768,0,0.732179
0.2815,0.7,0.797734,0.261075,0,0.728942,0.800383,0.25768,0,0.732179
0.2815,0.9,0.797734,0.261075,0,0.728942,0.800383,0.25768,0,0.732179
0.2825,0.1,0.795418,0.264359,0,0.725983,0.798029,0.261013,0,0.729165
0.2825,0.3,0.795418,0.264359,0,0.725983,0.798029,0.261013,0,0.729165
0.2825,0.5,0.795418,0.264359,0,0.725983,0.798029,0.261013,0,0.729165
0.2825,0.7,0.795418,0.264359,0,0.725983,0.798029,0.261013,0,0.729165
0.2825,0.9,0.795418,0.264359,0,0.725983,0.798029,0.261013,0,0.729165
0.2835,0.1,0.793109,0.267643,0,0.723035,0.795679,0.264347,0,0.726162
0.2835,0.3,0.793109,0.267643,0,0.723035,0.795679,0.264347,0,0.726162
0.2835,0.5,0.793109,0.267643,0,0.723035,0.795679,0.264347,0,0.726162
0.2835,0.7,0.793109,0.267643,0,0.723035,0.795679,0.264347,0,0.726162
0.2835,0.9,0.793109,0.267643,0,0.723035,0.795679,0.264347,0,0.726162
0.2845,0.1,0.790804,0.270928,0,0.720097,0.793336,0.26768,0,0.723169
0.2845,0.3,0.790804,0.270928,0,0.720097,0.793336,0.26768,0,0.723169
0.2845,0.5,0.790804,0.270928,0,0.720097,0.793336,0.26768,0,0.723169
0.2845,0.7,0.790804,0.270928,0,0.720097,0.793336,0.26768,0,0.723169
0.2845,0.9,0.790804,0.270928,0,0.720097,0.793336,0.26768,0,0.723169
0.2855,0.1,0.788505,0.274211,0,0.717169,0.790998,0.271013,0,0.720187
0.2855,0.3,0.788505,0.274211,0,0.717169,0.790998,0.271013,0,0.720187
0.2855,0.5,0.788505,0.274211,0,0.717169,0.790998,0.271013,0,0.720187
0.2855,0.7,0.788505,0.274211,0,0.717169,0.790998,0.271013,0,0.720187
0.2855,0.9,0.788505,0.274211,0,0.717169,0.790998,0.271013,0,0.720187
0.2865,0.1,0.786212,0.277495,0,0.714251,0.788665,0.274347,0,0.717215
0.2865,0.3,0.786212,0.277495,0,0.714251,0.788665,0.274347,0,0.717215
0.2865,0.5,0.786212,0.277495,0,0.714251,0.788665,0.274347,0,0.717215
0.2865,0.7,0.786212,0.277495,0,0.714251,0.788665,0.274347,0,0.717215
0.2865,0.9,0.786212,0.277495,0,0.714251,0.788665,0.274347,0,0.717215
0.2875,0.1,0.783924,0.280779,0,0.711344,0.786338,0.27768,0,0.714254
0.2875,0.3,0.783924,0.280779,0,0.711344,0.786338,0.27768,0,0.714254
0.2875,0.5,0.783924,0.280779,0,0.711344,0.786338,0.27768,0,0.714254
0.2875,0.7,0.783924,0.280779,0,0.711344,0.786338,0.27768,0,0.714254
0.2875,0.9,0.783924,0.280779,0,0.711344,0.786338,0.27768,0,0.714254
0.2885,0.1,0.781641,0.284063,0,0.708447,0.784016,0.281013,0,0.711304
0.2885,0.3,0.781641,0.284063,0,0.708447,0.784016,0.281013,0,0.711304
0.2885,0.5,0.781641,0.284063,0,0.708447,0.784016,0.281013,0,0.711304
0.2885,0.7,0.781641,0.284063,0,0.708447,0.784016,0.281013,0,0.711304
0.2885,0.9,0.781641,0.284063,0,0.708447,0.784016,0.281013,0,0.711304
0.2895,0.1,0.779364,0.287346,0,0.705561,0.7817,0.284347,0,0.708364
0.2895,0.3,0.779364,0.287346,0,0.705561,0.7817,0.284347,0,0.708364
0.2895,0.5,0.779364,0.287346,0,0.705561,0.7817,0.284347,0,0.708364
0.2895,0.7,0.779364,0.287346,0,0.705561,0.7817,0.284347,0,0.708364
0.2895,0.9,0.779364,0.287346,0,0.705561,0.7817,0.284347,0,0.708364
0.2905,0.1,0.777093,0.290629,0,0.702684,0.77939,0.28768,0,0.705434
0.2905,0.3,0.777093,0.290629,0,0.702684,0.77939,0.28768,0,0.705434
0.2905,0.5,0.777093,0.290629,0,0.702684,0.77939,0.28768,0,0.705434
0.2905,0.7,0.777093,0.290629,0,0.702684,0.77939,0.28768,0,0.705434
0.2905,0.9,0.777093,0.290629,0,0.702684,0.77939,0.28768,0,0.705434
0.2915,0.1,0.774826,0.293912,0,0.699818,0.777084,0.291013,0,0.702515
0.2915,0.3,0.774826,0.293912,0,0.699818,0.777084,0.291013,0,0.702515
0.2915,0.5,0.774826,0.293912,0,0.699818,0.777084,0.291013,0,0.702515
0.2915,0.7,0.774826,0.293912,0,0.699818,0.777084,0.291013,0,0.702515
0.2915,0.9,0.774826,0.293912,0,0.699818,0.777084,0.291013,0,0.702515
0.2925,0.1,0.772565,0.297195,0,0.696962,0.774785,0.294347,0,0.699606
0.2925,0.3,0.772565,0.297195,0,0.696962,0.774785,0.294347,0,0.699606
0.2925,0.5,0.772565,0.297195,0,0.696962,0.774785,0.294347,0,0.699606
0.2925,0.7,0.772565,0.297195,0,0.696962,0.774785,0.294347,0,0.699606
0.2925,0.9,0.772565,0.297195,0,0.696962,0.774785,0.294347,0,0.699606
0.2935,0.1,0.77031,0.300478,0,0.694116,0.77249,0.29768,0,0.696707
0.2935,0.3,0.77031,0.300478,0,0.694116,0.77249,0.29768,0,0.696707
0.2935,0.5,0.77031,0.300478,0,0.694116,0.77249,0.29768,0,0.696707
0.2935,0.7,0.77031,0.300478,0,0.694116,0.77249,0.29768,0,0.696707
0.2935,0.9,0.77031,0.300478,0,0.694116,0.77249,0.29768,0,0.696707
0.2945,0.1,0.768059,0.30376,0,0.691281,0.770202,0.301013,0,0.693819
0.2945,0.3,0.768059,0.30376,0,0.691281,0.770202,0.301013,0,0.693819
0.2945,0.5,0.768059,0.30376,0,0.691281,0.770202,0.301013,0,0.693819
0.2945,0.7,0.768059,0.30376,0,0.691281,0.770202,0.301013,0,0.693819
0.2945,0.9,0.768059,0.30376,0,0.691281,0.770202,0.301013,0,0.693819
0.2955,0.1,0.765815,0.307043,0,0.688455,0.767918,0.304347,0,0.690941
0.2955,0.3,0.765815,0.307043,0,0.688455,0.767918,0.304347,0,0.690941
0.2955,0.5,0.765815,0.307043,0,0.688455,0.767918,0.304347,0,0.690941
0.2955,0.7,0.765815,0.307043,0,0.688455,0.767918,0.304347,0,0.690941
0.2955,0.9,0.765815,0.307043,0,0.688455,0.767918,0.304347,0,0.690941
0.2965,0.1,0.763575,0.310325,0,0.685639,0.76564,0.30768,0,0.688073
0.2965,0.3,0.763575,0.310325,0,0.685639,0.76564,0.30768,0,0.688073
0.2965,0.5,0.763575,0.310325,0,0.685639,0.76564,0.30768,0,0.688073
0.2965,0.7,0.763575,0.310325,0,0.685639,0.76564,0.30768,0,0.688073
0.2965,0.9,0.763575,0.310325,0,0.685639,0.76564,0.30768,0,0.688073
0.2975,0.1,0.761341,0.313607,0,0.682834,0.763368,0.311013,0,0.685216
0.2975,0.3,0.761341,0.313607,0,0.682834,0.763368,0.311013,0,0.685216
0.2975,0.5,0.761341,0.313607,0,0.682834,0.763368,0.311013,0,0.685216
0.2975,0.7,0.761341,0.313607,0,0.682834,0.763368,0.311013,0,0.685216
0.2975,0.9,0.761341,0.313607,0,0.682834,0.763368,0.311013,0,0.685216
0.2985,0.1,0.759112,0.316889,0,0.680038,0.7611,0.314347,0,0.682368
0.2985,0.3,0.759112,0.316889,0,0.680038,0.7611,0.314347,0,0.682368
0.2985,0.5,0.759112,0.316889,0,0.680038,0.7611,0.314347,0,0.682368
0.2985,0.7,0.759112,0.316889,0,0.680038,0.7611,0.314347,0,0.682368
0.2985,0.9,0.759112,0.316889,0,0.680038,0.7611,0.314347,0,0.682368
0.2995,0.1,0.756889,0.320171,0,0.677252,0.758839,0.31768,0,0.679531
0.2995,0.3,0.756889,0.320171,0,0.677252,0.758839,0.31768,0,0.679531
0.2995,0.5,0.756889,0.320171,0,0.677252,0.758839,0.31768,0,0.679531
0.2995,0.7,0.756889,0.320171,0,0.677252,0.758839,0.31768,0,0.679531
0.2995,0.9,0.756889,0.320171,0,0.677252,0.758839,0.31768,0,0.679531
0.3005,0.1,0.754671,0.323452,-5.45651e-21,0.674477,0.756582,0.321013,0,0.676704
0.3005,0.3,0.754671,0.323452,0,0.674477,0.756582,0.321013,0,0.676704
0.3005,0.5,0.754671,0.323452,0,0.674477,0.756582,0.321013,0,0.676704
0.3005,0.7,0.754671,0.323452,0,0.674477,0.756582,0.321013,0,0.676704
0.3005,0.9,0.754671,0.323452,5.45651e-21,0.674477,0.756582,0.321013,0,0.676704
0.3015,0.1,0.752458,0.326734,-3.30374e-20,0.671711,0.754331,0.324347,0,0.673887
0.3015,0.3,0.752458,0.326734,0,0.671711,0.754331,0.324347,0,0.673887
0.3015,0.5,0.752458,0.326734,0,0.671711,0.754331,0.324347,0,0.673887
0.3015,0.7,0.752458,0.326734,0,0.671711,0.754331,0.324347,0,0.673887
0.3015,0.9,0.752458,0.326734,3.30374e-20,0.671711,0.754331,0.324347,0,0.673887
0.3025,0.1,0.75025,0.330015,-6.66329e-20,0.668955,0.752086,0.32768,0,0.67108
0.3025,0.3,0.75025,0.330015,0,0.668955,0.752086,0.32768,0,0.67108
0.3025,0.5,0.75025,0.330015,0,0.668955,0.752086,0.32768,0,0.67108
0.3025,0.7,0.75025,0.330015,0,0.668955,0.752086,0.32768,0,0.67108
0.3025,0.9,0.75025,0.330015,6.66329e-20,0.668955,0.752086,0.32768,0,0.67108
0.3035,0.1,0.748048,0.333296,-7.80661e-20,0.666209,0.749845,0.331013,0,0.668283
0.3035,0.3,0.748048,0.333296,0,0.666209,0.749845,0.331013,0,0.668283
0.3035,0.5,0.748048,0.333296,0,0.666209,0.749845,0.331013,0,0.668283
0.3035,0.7,0.748048,0.333296,0,0.666209,0.749845,0.331013,0,0.668283
0.3035,0.9,0.748048,0.333296,7.80661e-20,0.666209,0.749845,0.331013,0,0.668283
0.3045,0.1,0.745851,0.336576,-6.8402e-20,0.663473,0.74761,0.334347,0,0.665496
0.3045,0.3,0.745851,0.336576,0,0.663473,0.74761,0.334347,0,0.665496
0.3045,0.5,0.745851,0.336576,0,0.663473,0.74761,0.334347,0,0.665496
0.3045,0.7,0.745851,0.336576,0,0.663473,0.74761,0.334347,0,0.665496
0.3045,0.9,0.745851,0.336576,6.8402e-20,0.663473,0.74761,0.334347,0,0.665496
0.3055,0.1,0.74366,0.339857,-5.61701e-20,0.660746,0.745381,0.33768,0,0.662719
0.3055,0.3,0.74366,0.339857,0,0.660746,0.745381,0.33768,0,0.662719
0.3055,0.5,0.74366,0.339857,0,0.660746,0.745381,0.33768,0,0.662719
0.3055,0.7,0.74366,0.339857,0,0.660746,0.745381,0.33768,0,0.662719
0.3055,0.9,0.74366,0.339857,5.61701e-20,0.660746,0.745381,0.33768,0,0.662719
0.3065,0.1,0.741473,0.343137,-4.94577e-20,0.65803,0.743156,0.341013,0,0.659952
0.3065,0.3,0.741473,0.343137,0,0.65803,0.743156,0.341013,0,0.659952
0.3065,0.5,0.741473,0.343137,0,0.65803,0.743156,0.341013,0,0.659952
0.3065,0.7,0.741473,0.343137,0,0.65803,0.743156,0.341013,0,0.659952
0.3065,0.9,0.741473,0.343137,4.94577e-20,0.65803,0.743156,0.341013,0,0.659952
0.3075,0.1,0.739292,0.346418,-4.40138e-20,0.655323,0.740937,0.344347,0,0.657195
0.3075,0.3,0.739292,0.346418,0,0.655323,0.740937,0.344347,0,0.657195
0.3075,0.5,0.739292,0.346418,0,0.655323,0.740937,0.344347,0,0.657195
0.3075,0.7,0.739292,0.346418,0,0.655323,0.740937,0.344347,0,0.657195
0.3075,0.9,0.739292,0.346418,4.40138e-20,0.655323,0.740937,0.344347,0,0.657195
0.3085,0.1,0.737116,0.349698,-3.56918e-20,0.652625,0.738724,0.34768,0,0.654447
0.3085,0.3,0.737116,0.349698,0,0.652625,0.738724,0.34768,0,0.654447
0.3085,0.5,0.737116,0.349698,0,0.652625,0.738724,0.34768,0,0.654447
0.3085,0.7,0.737116,0.349698,0,0.652625,0.738724,0.34768,0,0.654447
0.3085,0.9,0.737116,0.349698,3.56918e-20,0.652625,0.738724,0.34768,0,0.654447
0.3095,0.1,0.734946,0.352977,-2.60332e-20,0.649938,0.736515,0.351013,0,0.65171
0.3095,0.3,0.734946,0.352977,0,0.649938,0.736515,0.351013,0,0.65171
0.3095,0.5,0.734946,0.352977,0,0.649938,0.736515,0.351013,0,0.65171
0.3095,0.7,0.734946,0.352977,0,0.649938,0.736515,0.351013,0,0.65171
0.3095,0.9,0.734946,0.352977,2.60332e-20,0.649938,0.736515,0.351013,0,0.65171
0.3105,0.1,0.73278,0.356257,-2.0498e-20,0.64726,0.734312,0.354347,0,0.648982
0.3105,0.3,0.73278,0.356257,0,0.64726,0.734312,0.354347,0,0.648982
0.3105,0.5,0.73278,0.356257,0,0.64726,0.734312,0.354347,0,0.648982
0.3105,0.7,0.73278,0.356257,0,0.64726,0.734312,0.354347,0,0.648982
0.3105,0.9,0.73278,0.356257,2.0498e-20,0.64726,0.734312,0.354347,0,0.648982
0.3115,0.1,0.73062,0.359536,-2.39273e-20,0.644592,0.732114,0.35768,0,0.646265
0.3115,0.3,0.73062,0.359536,0,0.644592,0.732114,0.35768,0,0.646265
0.3115,0.5,0.73062,0.359536,0,0.644592,0.732114,0.35768,0,0.646265
0.3115,0.7,0.73062,0.359536,0,0.644592,0.732114,0.35768,0,0.646265
0.3115,0.9,0.73062,0.359536,2.39273e-20,0.644592,0.732114,0.35768,0,0.646265
0.3125,0.1,0.728465,0.362815,-3.60163e-20,0.641933,0.729922,0.361013,0,0.643556
0.3125,0.3,0.728465,0.362815,0,0.641933,0.729922,0.361013,0,0.643556
0.3125,0.5,0.728465,0.362815,0,0.641933,0.729922,0.361013,0,0.643556
0.3125,0.7,0.728465,0.362815,0,0.641933,0.729922,0.361013,0,0.643556
0.3125,0.9,0.728465,0.362815,3.60163e-20,0.641933,0.729922,0.361013,0,0.643556
0.3135,0.1,0.726316,0.366094,-5.79402e-20,0.639284,0.727734,0.364347,0,0.640858
0.3135,0.3,0.726316,0.366094,0,0.639284,0.727734,0.364347,0,0.640858
0.3135,0.5,0.726316,0.366094,0,0.639284,0.727734,0.364347,0,0.640858
0.3135,0.7,0.726316,0.366094,0,0.639284,0.727734,0.364347,0,0.640858
0.3135,0.9,0.726316,0.366094,5.79402e-20,0.639284,0.727734,0.364347,0,0.640858
0.3145,0.1,0.724171,0.369373,-8.42707e-20,0.636645,0.725552,0.36768,0,0.63817
0.3145,0.3,0.724171,0.369373,0,0.636645,0.725552,0.36768,0,0.63817
0.3145,0.5,0.724171,0.369373,0,0.636645,0.725552,0.36768,0,0.63817
0.3145,0.7,0.724171,0.369373,0,0.636645,0.725552,0.36768,0,0.63817
0.3145,0.9,0.724171,0.369373,8.42707e-20,0.636645,0.725552,0.36768,0,0.63817
0.3155,0.1,0.722032,0.372651,-1.02344e-19,0.634015,0.723375,0.371013,0,0.635491
0.3155,0.3,0.722032,0.372651,0,0.634015,0.723375,0.371013,0,0.635491
0.3155,0.5,0.722032,0.372651,0,0.634015,0.723375,0.371013,0,0.635491
0.3155,0.7,0.722032,0.372651,0,0.634015,0.723375,0.371013,0,0.635491
0.3155,0.9,0.722032,0.372651,1.02344e-19,0.634015,0.723375,0.371013,0,0.635491
0.3165,0.1,0.719898,0.37593,-1.06009e-19,0.631394,0.721204,0.374347,0,0.632821
0.3165,0.3,0.719898,0.37593,6.54037e-45,0.631394,0.721204,0.374347,0,0.632821
0.3165,0.5,0.719898,0.37593,0,0.631394,0.721204,0.374347,0,0.632821
0.3165,0.7,0.719898,0.37593,-6.54037e-45,0.631394,0.721204,0.374347,0,0.632821
0.3165,0.9,0.719898,0.37593,1.06009e-19,0.631394,0.721204,0.374347,0,0.632821
0.3175,0.1,0.717769,0.379208,-9.94234e-20,0.628783,0.719037,0.37768,0,0.630162
0.3175,0.3,0.717769,0.379208,7.06264e-44,0.628783,0.719037,0.37768,0,0.630162
0.3175,0.5,0.717769,0.379208,0,0.628783,0.719037,0.37768,0,0.630162
0.3175,0.7,0.717769,0.379208,-7.06264e-44,0.628783,0.719037,0.37768,0,0.630162
0.3175,0.9,0.717769,0.379208,9.94234e-20,0.628783,0.719037,0.37768,0,0.630162
0.3185,0.1,0.715645,0.382485,-8.8472e-20,0.626182,0.716876,0.381013,0,0.627512
0.3185,0.3,0.715645,0.382485,3.84468e-43,0.626182,0.716876,0.381013,0,0.627512
0.3185,0.5,0.715645,0.382485,0,0.626182,0.716876,0.381013,0,0.627512
0.3185,0.7,0.715645,0.382485,-3.84468e-43,0.626182,0.716876,0.381013,0,0.627512
0.3185,0.9,0.715645,0.382485,8.8472e-20,0.626182,0.716876,0.381013,0,0.627512
0.3195,0.1,0.713527,0.385763,-7.50947e-20,0.62359,0.71472,0.384347,0,0.624871
0.3195,0.3,0.713527,0.385763,1.40528e-42,0.62359,0.71472,0.384347,0,0.624871
0.3195,0.5,0.713527,0.385763,0,0.62359,0.71472,0.384347,0,0.624871
0.3195,0.7,0.713527,0.385763,-1.40528e-42,0.62359,0.71472,0.384347,0,0.624871
0.3195,0.9,0.713527,0.385763,7.50947e-20,0.62359,0.71472,0.384347,0,0.624871
0.3205,0.1,0.711414,0.38904,-5.90221e-20,0.621007,0.712569,0.38768,0,0.62224
0.3205,0.3,0.711414,0.38904,3.87728e-42,0.621007,0.712569,0.38768,0,0.62224
0.3205,0.5,0.711414,0.38904,0,0.621007,0.712569,0.38768,0,0.62224
0.3205,0.7,0.711414,0.38904,-3.87728e-42,0.621007,0.712569,0.38768,0,0.62224
0.3205,0.9,0.711414,0.38904,5.90221e-20,0.621007,0.712569,0.38768,0,0.62224
0.3215,0.1,0.709305,0.392317,-4.08871e-20,0.618434,0.710424,0.391013,0,0.619619
0.3215,0.3,0.709305,0.392317,8.61079e-42,0.618434,0.710424,0.391013,0,0.619619
0.3215,0.5,0.709305,0.392317,0,0.618434,0.710424,0.391013,0,0.619619
0.3215,0.7,0.709305,0.392317,-8.61079e-42,0.618434,0.710424,0.391013,0,0.619619
0.3215,0.9,0.709305,0.392317,4.08871e-20,0.618434,0.710424,0.391013,0,0.619619
0.3225,0.1,0.707202,0.395594,-2.27406e-20,0.61587,0.708283,0.394347,0,0.617007
0.3225,0.3,0.707202,0.395594,1.6013e-41,0.61587,0.708283,0.394347,0,0.617007
0.3225,0.5,0.707202,0.395594,0,0.61587,0.708283,0.394347,0,0.617007
0.3225,0.7,0.707202,0.395594,-1.6013e-41,0.61587,0.708283,0.394347,0,0.617007
0.3225,0.9,0.707202,0.395594,2.27406e-20,0.61587,0.708283,0.394347,0,0.617007
0.3235,0.1,0.705104,0.39887,-6.90866e-21,0.613315,0.706148,0.39768,0,0.614404
0.3235,0.3,0.705104,0.39887,2.5561e-41,0.613315,0.706148,0.39768,0,0.614404
0.3235,0.5,0.705104,0.39887,0,0.613315,0.706148,0.39768,0,0.614404
0.3235,0.7,0.705104,0.39887,-2.5561e-41,0.613315,0.706148,0.39768,0,0.614404
0.3235,0.9,0.705104,0.39887,6.90866e-21,0.613315,0.706148,0.39768,0,0.614404
0.3245,0.1,0.703012,0.402147,4.90226e-21,0.610769,0.704018,0.401013,0,0.611811
0.3245,0.3,0.703012,0.402147,3.55252e-41,0.610769,0.704018,0.401013,0,0.611811
0.3245,0.5,0.703012,0.402147,0,0.610769,0.704018,0.401013,0,0.611811
0.3245,0.7,0.703012,0.402147,-3.55252e-41,0.610769,0.704018,0.401013,0,0.611811
0.3245,0.9,0.703012,0.402147,-4.90226e-21,0.610769,0.704018,0.401013,0,0.611811
0.3255,0.1,0.700924,0.405423,1.17777e-20,0.608233,0.701893,0.404347,0,0.609227
0.3255,0.3,0.700924,0.405423,4.28379e-41,0.608233,0.701893,0.404347,0,0.609227
0.3255,0.5,0.700924,0.405423,0,0.608233,0.701893,0.404347,0,0.609227
0.3255,0.7,0.700924,0.405423,-4.28379e-41,0.608233,0.701893,0.404347,0,0.609227
0.3255,0.9,0.700924,0.405423,-1.17777e-20,0.608233,0.701893,0.404347,0,0.609227
0.3265,0.1,0.698842,0.408698,1.35145e-20,0.605706,0.699773,0.40768,0,0.606653
0.3265,0.3,0.698842,0.408698,4.47836e-41,0.605706,0.699773,0.40768,0,0.606653
0.3265,0.5,0.698842,0.408698,0,0.605706,0.699773,0.40768,0,0.606653
0.3265,0.7,0.698842,0.408698,-4.47836e-41,0.605706,0.699773,0.40768,0,0.606653
0.3265,0.9,0.698842,0.408698,-1.35145e-20,0.605706,0.699773,0.40768,0,0.606653
0.3275,0.1,0.696764,0.411974,1.06187e-20,0.603189,0.697658,0.411013,0,0.604087
0.3275,0.3,0.696764,0.411974,4.15967e-41,0.603189,0.697658,0.411013,0,0.604087
0.3275,0.5,0.696764,0.411974,0,0.603189,0.697658,0.411013,0,0.604087
0.3275,0.7,0.696764,0.411974,-4.15967e-41,0.603189,0.697658,0.411013,0,0.604087
0.3275,0.9,0.696764,0.411974,-1.06187e-20,0.603189,0.697658,0.411013,0,0.604087
0.3285,0.1,0.694692,0.415249,4.3078e-21,0.60068,0.695549,0.414347,0,0.601532
0.3285,0.3,0.694692,0.415249,3.62218e-41,0.60068,0.695549,0.414347,0,0.601532
0.3285,0.5,0.694692,0.415249,0,0.60068,0.695549,0.414347,0,0.601532
0.3285,0.7,0.694692,0.415249,-3.62218e-41,0.60068,0.695549,0.414347,0,0.601532
0.3285,0.9,0.694692,0.415249,-4.3078e-21,0.60068,0.695549,0.414347,0,0.601532
0.3295,0.1,0.692625,0.418524,-3.65147e-21,0.598181,0.693444,0.41768,0,0.598985
0.3295,0.3,0.692625,0.418524,3.21325e-41,0.598181,0.693444,0.41768,0,0.598985
0.3295,0.5,0.692625,0.418524,0,0.598181,0.693444,0.41768,0,0.598985
0.3295,0.7,0.692625,0.418524,-3.21325e-41,0.598181,0.693444,0.41768,0,0.598985
0.3295,0.9,0.692625,0.418524,3.65147e-21,0.598181,0.693444,0.41768,0,0.598985
0.3305,0.1,0.690563,0.421799,-1.12713e-20,0.595691,0.691345,0.421013,0,0.596448
0.3305,0.3,0.690563,0.421799,3.20296e-41,0.595691,0.691345,0.421013,0,0.596448
0.3305,0.5,0.690563,0.421799,0,0.595691,0.691345,0.421013,0,0.596448
0.3305,0.7,0.690563,0.421799,-3.20296e-41,0.595691,0.691345,0.421013,0,0.596448
0.3305,0.9,0.690563,0.421799,1.12713e-20,0.595691,0.691345,0.421013,0,0.596448
0.3315,0.1,0.688506,0.425073,-1.67177e-20,0.59321,0.68925,0.424347,0,0.59392
0.3315,0.3,0.688506,0.425073,3.82327e-41,0.59321,0.68925,0.424347,0,0.59392
0.3315,0.5,0.688506,0.425073,0,0.59321,0.68925,0.424347,0,0.59392
0.3315,0.7,0.688506,0.425073,-3.82327e-41,0.59321,0.68925,0.424347,0,0.59392
0.3315,0.9,0.688506,0.425073,1.67177e-20,0.59321,0.68925,0.424347,0,0.59392
0.3325,0.1,0.686454,0.428347,-1.86344e-20,0.590738,0.687161,0.42768,0,0.591401
0.3325,0.3,0.686454,0.428347,5.26137e-41,0.590738,0.687161,0.42768,0,0.591401
0.3325,0.5,0.686454,0.428347,0,0.590738,0.687161,0.42768,0,0.591401
0.3325,0.7,0.686454,0.428347,-5.26137e-41,0.590738,0.687161,0.42768,0,0.591401
0.3325,0.9,0.686454,0.428347,1.86344e-20,0.590738,0.687161,0.42768,0,0.591401
0.3335,0.1,0.684407,0.431621,-1.63761e-20,0.588275,0.685077,0.431013,0,0.588891
0.3335,0.3,0.684407,0.431621,7.63331e-41,0.588275,0.685077,0.431013,0,0.588891
0.3335,0.5,0.684407,0.431621,0,0.588275,0.685077,0.431013,0,0.588891
0.3335,0.7,0.684407,0.431621,-7.63331e-41,0.588275,0.685077,0.431013,0,0.588891
0.3335,0.9,0.684407,0.431621,1.63761e-20,0.588275,0.685077,0.431013,0,0.588891
0.3345,0.1,0.682365,0.434894,-1.01209e-20,0.585821,0.682998,0.434347,0,0.586391
0.3345,0.3,0.682365,0.434894,1.09545e-40,0.585821,0.682998,0.434347,0,0.586391
0.3345,0.5,0.682365,0.434894,0,0.585821,0.682998,0.434347,0,0.586391
0.3345,0.7,0.682365,0.434894,-1.09545e-40,0.585821,0.682998,0.434347,0,0.586391
0.3345,0.9,0.682365,0.434894,1.01209e-20,0.585821,0.682998,0.434347,0,0.586391
0.3355,0.1,0.680328,0.438167,-8.15841e-22,0.583376,0.680924,0.43768,0,0.583899
0.3355,0.3,0.680328,0.438167,1.51199e-40,0.583376,0.680924,0.43768,0,0.583899
0.3355,0.5,0.680328,0.438167,0,0.583376,0.680924,0.43768,0,0.583899
0.3355,0.7,0.680328,0.438167,-1.51199e-40,0.583376,0.680924,0.43768,0,0.583899
0.3355,0.9,0.680328,0.438167,8.15841e-22,0.583376,0.680924,0.43768,0,0.583899
0.3365,0.1,0.678297,0.44144,1.00615e-20,0.58094,0.678855,0.441013,0,0.581417
0.3365,0.3,0.678297,0.44144,1.98845e-40,0.58094,0.678855,0.441013,0,0.581417
0.3365,0.5,0.678297,0.44144,0,0.58094,0.678855,0.441013,0,0.581417
0.3365,0.7,0.678297,0.44144,-1.98845e-40,0.58094,0.678855,0.441013,0,0.581417
0.3365,0.9,0.678297,0.44144,-1.00615e-20,0.58094,0.678855,0.441013,0,0.581417
0.3375,0.1,0.67627,0.444712,2.08715e-20,0.578513,0.676791,0.444347,0,0.578944
0.3375,0.3,0.67627,0.444712,2.47299e-40,0.578513,0.676791,0.444347,0,0.578944
0.3375,0.5,0.67627,0.444712,0,0.578513,0.676791,0.444347,0,0.578944
0.3375,0.7,0.67627,0.444712,-2.47299e-40,0.578513,0.676791,0.444347,0,0.578944
0.3375,0.9,0.67627,0.444712,-2.08715e-20,0.578513,0.676791,0.444347,0,0.578944
0.3385,0.1,0.674248,0.447984,3.01926e-20,0.576095,0.674732,0.44768,0,0.576479
0.3385,0.3,0.674248,0.447984,2.89053e-40,0.576095,0.674732,0.44768,0,0.576479
0.3385,0.5,0.674248,0.447984,0,0.576095,0.674732,0.44768,0,0.576479
0.3385,0.7,0.674248,0.447984,-2.89053e-40,0.576095,0.674732,0.44768,0,0.576479
0.3385,0.9,0.674248,0.447984,-3.01926e-20,0.576095,0.674732,0.44768,0,0.576479
0.3395,0.1,0.672232,0.451256,3.70919e-20,0.573686,0.672678,0.451013,0,0.574024
0.3395,0.3,0.672232,0.451256,3.16991e-40,0.573686,0.672678,0.451013,0,0.574024
0.3395,0.5,0.672232,0.451256,0,0.573686,0.672678,0.451013,0,0.574024
0.3395,0.7,0.672232,0.451256,-3.16991e-40,0.573686,0.672678,0.451013,0,0.574024
0.3395,0.9,0.672232,0.451256,-3.70919e-20,0.573686,0.672678,0.451013,0,0.574024
0.3405,0.1,0.67022,0.454527,4.12174e-20,0.571286,0.670629,0.454347,0,0.571578
0.3405,0.3,0.67022,0.454527,3.27015e-40,0.571286,0.670629,0.454347,0,0.571578
0.3405,0.5,0.67022,0.454527,0,0.571286,0.670629,0.454347,0,0.571578
0.3405,0.7,0.67022,0.454527,-3.27015e-40,0.571286,0.670629,0.454347,0,0.571578
0.3405,0.9,0.67022,0.454527,-4.12174e-20,0.571286,0.670629,0.454347,0,0.571578
0.3415,0.1,0.668214,0.457798,4.27162e-20,0.568894,0.668585,0.45768,0,0.56914
0.3415,0.3,0.668214,0.457798,3.19112e-40,0.568894,0.668585,0.45768,0,0.56914
0.3415,0.5,0.668214,0.457798,0,0.568894,0.668585,0.45768,0,0.56914
0.3415,0.7,0.668214,0.457798,-3.19112e-40,0.568894,0.668585,0.45768,0,0.56914
0.3415,0.9,0.668214,0.457798,-4.27162e-20,0.568894,0.668585,0.45768,0,0.56914
0.3425,0.1,0.666212,0.461069,4.20418e-20,0.566512,0.666546,0.461013,0,0.566712
0.3425,0.3,0.666212,0.461069,2.96632e-40,0.566512,0.666546,0.461013,0,0.566712
0.3425,0.5,0.666212,0.461069,0,0.566512,0.666546,0.461013,0,0.566712
0.3425,0.7,0.666212,0.461069,-2.96632e-40,0.566512,0.666546,0.461013,0,0.566712
0.3425,0.9,0.666212,0.461069,-4.20418e-20,0.566512,0.666546,0.461013,0,0.566712
0.3435,0.1,0.664216,0.464339,3.973e-20,0.564138,0.664512,0.464347,0,0.564292
0.3435,0.3,0.664216,0.464339,2.64554e-40,0.564138,0.664512,0.464347,0,0.564292
0.3435,0.5,0.664216,0.464339,0,0.564138,0.664512,0.464347,0,0.564292
0.3435,0.7,0.664216,0.464339,-2.64554e-40,0.564138,0.664512,0.464347,0,0.564292
0.3435,0.9,0.664216,0.464339,-3.973e-20,0.564138,0.664512,0.464347,0,0.564292
0.3445,0.1,0.662225,0.467609,3.62198e-20,0.561774,0.662483,0.46768,0,0.561881
0.3445,0.3,0.662225,0.467609,2.27801e-40,0.561774,0.662483,0.46768,0,0.561881
0.3445,0.5,0.662225,0.467609,0,0.561774,0.662483,0.46768,0,0.561881
0.3445,0.7,0.662225,0.467609,-2.27801e-40,0.561774,0.662483,0.46768,0,0.561881
0.3445,0.9,0.662225,0.467609,-3.62198e-20,0.561774,0.662483,0.46768,0,0.561881
0.3455,0.1,0.660238,0.470879,3.17628e-20,0.559418,0.660459,0.471013,0,0.559479
0.3455,0.3,0.660238,0.470879,1.90254e-40,0.559418,0.660459,0.471013,0,0.559479
0.3455,0.5,0.660238,0.470879,0,0.559418,0.660459,0.471013,0,0.559479
0.3455,0.7,0.660238,0.470879,-1.90254e-40,0.559418,0.660459,0.471013,0,0.559479
0.3455,0.9,0.660238,0.470879,-3.17628e-20,0.559418,0.660459,0.471013,0,0.559479
0.3465,0.1,0.658257,0.474148,2.64339e-20,0.55707,0.65844,0.474347,0,0.557086
0.3465,0.3,0.658257,0.474148,1.54576e-40,0.55707,0.65844,0.474347,0,0.557086
0.3465,0.5,0.658257,0.474148,0,0.55707,0.65844,0.474347,0,0.557086
0.3465,0.7,0.658257,0.474148,-1.54576e-40,0.55707,0.65844,0.474347,0,0.557086
0.3465,0.9,0.658257,0.474148,-2.64339e-20,0.55707,0.65844,0.474347,0,0.557086
0.3475,0.1,0.65628,0.477417,2.02223e-20,0.554732,0.656426,0.47768,0,0.554702
0.3475,0.3,0.65628,0.477417,1.22502e-40,0.554732,0.656426,0.47768,0,0.554702
0.3475,0.5,0.65628,0.477417,0,0.554732,0.656426,0.47768,0,0.554702
0.3475,0.7,0.65628,0.477417,-1.22502e-40,0.554732,0.656426,0.47768,0,0.554702
0.3475,0.9,0.65628,0.477417,-2.02223e-20,0.554732,0.656426,0.47768,0,0.554702
0.3485,0.1,0.654309,0.480685,1.31564e-20,0.552402,0.654416,0.481013,0,0.552326
0.3485,0.3,0.654309,0.480685,9.5143e-41,0.552402,0.654416,0.481013,0,0.552326
0.3485,0.5,0.654309,0.480685,0,0.552402,0.654416,0.481013,0,0.552326
0.3485,0.7,0.654309,0.480685,-9.5143e-41,0.552402,0.654416,0.481013,0,0.552326
0.3485,0.9,0.654309,0.480685,-1.31564e-20,0.552402,0.654416,0.481013,0,0.552326
0.3495,0.1,0.652342,0.483953,5.40897e-21,0.550081,0.652412,0.484347,0,0.54996
0.3495,0.3,0.652342,0.483953,7.30021e-41,0.550081,0.652412,0.484347,0,0.54996
0.3495,0.5,0.652342,0.483953,0,0.550081,0.652412,0.484347,0,0.54996
0.3495,0.7,0.652342,0.483953,-7.30021e-41,0.550081,0.652412,0.484347,0,0.54996
0.3495,0.9,0.652342,0.483953,-5.40897e-21,0.550081,0.652412,0.484347,0,0.54996
0.3505,0.1,0.650381,0.48722,-2.66215e-21,0.547768,0.650413,0.48768,0,0.547602
0.3505,0.3,0.650381,0.48722,5.57457e-41,0.547768,0.650413,0.48768,0,0.547602
0.3505,0.5,0.650381,0.48722,0,0.547768,0.650413,0.48768,0,0.547602
0.3505,0.7,0.650381,0.48722,-5.57457e-41,0.547768,0.650413,0.48768,0,0.547602
0.3505,0.9,0.650381,0.48722,2.66215e-21,0.547768,0.650413,0.48768,0,0.547602
0.3515,0.1,0.648424,0.490487,-1.05546e-20,0.545464,0.648418,0.491013,0,0.545252
0.3515,0.3,0.648424,0.490487,4.2353e-41,0.545464,0.648418,0.491013,0,0.545252
0.3515,0.5,0.648424,0.490487,0,0.545464,0.648418,0.491013,0,0.545252
0.3515,0.7,0.648424,0.490487,-4.2353e-41,0.545464,0.648418,0.491013,0,0.545252
0.3515,0.9,0.648424,0.490487,1.05546e-20,0.545464,0.648418,0.491013,0,0.545252
0.3525,0.1,0.646473,0.493754,-1.77284e-20,0.543169,0.646429,0.494347,0,0.542911
0.3525,0.3,0.646473,0.493754,3.1919e-41,0.543169,0.646429,0.494347,0,0.542911
0.3525,0.5,0.646473,0.493754,0,0.543169,0.646429,0.494347,0,0.542911
0.3525,0.7,0.646473,0.493754,-3.1919e-41,0.543169,0.646429,0.494347,0,0.542911
0.3525,0.9,0.646473,0.493754,1.77284e-20,0.543169,0.646429,0.494347,0,0.542911
0.3535,0.1,0.644526,0.49702,-2.37381e-20,0.540883,0.644444,0.49768,0,0.540579
0.3535,0.3,0.644526,0.49702,2.37841e-41,0.540883,0.644444,0.49768,0,0.540579
0.3535,0.5,0.644526,0.49702,0,0.540883,0.644444,0.49768,0,0.540579
0.3535,0.7,0.644526,0.49702,-2.37841e-41,0.540883,0.644444,0.49768,0,0.540579
0.3535,0.9,0.644526,0.49702,2.37381e-20,0.540883,0.644444,0.49768,0,0.540579
0.3545,0.1,0.642584,0.500286,-1.37363e-20,0.538605,0.642464,0.501013,0,0.538255
0.3545,0.3,0.642584,0.500286,2.26395e-41,0.538605,0.642464,0.501013,0,0.538255
0.3545,0.5,0.642584,0.500286,0,0.538605,0.642464,0.501013,0,0.538255
0.3545,0.7,0.642584,0.500286,-2.26395e-41,0.538605,0.642464,0.501013,0,0.538255
0.3545,0.9,0.642584,0.500286,1.37363e-20,0.538605,0.642464,0.501013,0,0.538255
0.3555,0.1,0.640648,0.503551,6.67601e-21,0.536335,0.640489,0.504347,0,0.53594
0.3555,0.3,0.640648,0.503551,2.6424e-41,0.536335,0.640489,0.504347,0,0.53594
0.3555,0.5,0.640648,0.503551,0,0.536335,0.640489,0.504347,0,0.53594
0.3555,0.7,0.640648,0.503551,-2.6424e-41,0.536335,0.640489,0.504347,0,0.53594
0.3555,0.9,0.640648,0.503551,-6.67601e-21,0.536335,0.640489,0.504347,0,0.53594
0.3565,0.1,0.638716,0.506816,6.49406e-20,0.534074,0.638519,0.50768,0,0.533634
0.3565,0.3,0.638716,0.506816,7.14836e-41,0.534074,0.638519,0.50768,0,0.533634
0.3565,0.5,0.638716,0.506816,0,0.534074,0.638519,0.50768,0,0.533634
0.3565,0.7,0.638716,0.506816,-7.14836e-41,0.534074,0.638519,0.50768,0,0.533634
0.3565,0.9,0.638716,0.506816,-6.49406e-20,0.534074,0.638519,0.50768,0,0.533634
0.3575,0.1,0.636789,0.51008,7.53142e-20,0.531822,0.636554,0.511013,0,0.531336
0.3575,0.3,0.636789,0.51008,7.16035e-41,0.531822,0.636554,0.511013,0,0.531336
0.3575,0.5,0.636789,0.51008,0,0.531822,0.636554,0.511013,0,0.531336
0.3575,0.7,0.636789,0.51008,-7.16035e-41,0.531822,0.636554,0.511013,0,0.531336
0.3575,0.9,0.636789,0.51008,-7.53142e-20,0.531822,0.636554,0.511013,0,0.531336
0.3585,0.1,0.634867,0.513343,3.62846e-20,0.529578,0.634593,0.514347,0,0.529046
0.3585,0.3,0.634867,0.513343,3.66264e-41,0.529578,0.634593,0.514347,0,0.529046
0.3585,0.5,0.634867,0.513343,0,0.529578,0.634593,0.514347,0,0.529046
0.3585,0.7,0.634867,0.513343,-3.66264e-41,0.529578,0.634593,0.514347,0,0.529046
0.3585,0.9,0.634867,0.513343,-3.62846e-20,0.529578,0.634593,0.514347,0,0.529046
0.3595,0.1,0.63295,0.516607,-3.8609e-21,0.527343,0.632638,0.51768,0,0.526765
0.3595,0.3,0.63295,0.516607,1.3854e-41,0.527343,0.632638,0.51768,0,0.526765
0.3595,0.5,0.63295,0.516607,0,0.527343,0.632638,0.51768,0,0.526765
0.3595,0.7,0.63295,0.516607,-1.3854e-41,0.527343,0.632638,0.51768,0,0.526765
0.3595,0.9,0.63295,0.516607,3.8609e-21,0.527343,0.632638,0.51768,0,0.526765
0.3605,0.1,0.631038,0.519869,-2.60632e-20,0.525116,0.630687,0.521013,0,0.524493
0.3605,0.3,0.631038,0.519869,4.87721e-42,0.525116,0.630687,0.521013,0,0.524493
0.3605,0.5,0.631038,0.519869,0,0.525116,0.630687,0.521013,0,0.524493
0.3605,0.7,0.631038,0.519869,-4.87721e-42,0.525116,0.630687,0.521013,0,0.524493
0.3605,0.9,0.631038,0.519869,2.60632e-20,0.525116,0.630687,0.521013,0,0.524493
0.3615,0.1,0.629131,0.523131,-2.77232e-20,0.522897,0.628741,0.524347,0,0.522229
0.3615,0.3,0.629131,0.523131,6.85195e-42,0.522897,0.628741,0.524347,0,0.522229
0.3615,0.5,0.629131,0.523131,0,0.522897,0.628741,0.524347,0,0.522229
0.3615,0.7,0.629131,0.523131,-6.85195e-42,0.522897,0.628741,0.524347,0,0.522229
0.3615,0.9,0.629131,0.523131,2.77232e-20,0.522897,0.628741,0.524347,0,0.522229
0.3625,0.1,0.627229,0.526393,6.87894e-21,0.520687,0.6268,0.52768,0,0.519973
0.3625,0.3,0.627229,0.526393,6.4789e-41,0.520687,0.6268,0.52768,0,0.519973
0.3625,0.5,0.627229,0.526393,0,0.520687,0.6268,0.52768,0,0.519973
0.3625,0.7,0.627229,0.526393,-6.4789e-41,0.520687,0.6268,0.52768,0,0.519973
0.3625,0.9,0.627229,0.526393,-6.87894e-21,0.520687,0.6268,0.52768,0,0.519973
0.3635,0.1,0.625332,0.529654,8.66964e-20,0.518485,0.624864,0.531013,0,0.517725
0.3635,0.3,0.625332,0.529654,2.80923e-40,0.518485,0.624864,0.531013,0,0.517725
0.3635,0.5,0.625332,0.529654,0,0.518485,0.624864,0.531013,0,0.517725
0.3635,0.7,0.625332,0.529654,-2.80923e-40,0.518485,0.624864,0.531013,0,0.517725
0.3635,0.9,0.625332,0.529654,-8.66964e-20,0.518485,0.624864,0.531013,0,0.517725
0.3645,0.1,0.62344,0.532914,1.59361e-19,0.516292,0.622932,0.534347,0,0.515486
0.3645,0.3,0.62344,0.532914,5.14865e-40,0.516292,0.622932,0.534347,0,0.515486
0.3645,0.5,0.62344,0.532914,0,0.516292,0.622932,0.534347,0,0.515486
0.3645,0.7,0.62344,0.532914,-5.14865e-40,0.516292,0.622932,0.534347,0,0.515486
0.3645,0.9,0.62344,0.532914,-1.59361e-19,0.516292,0.622932,0.534347,0,0.515486
0.3655,0.1,0.621553,0.536174,1.70877e-19,0.514107,0.621005,0.53768,0,0.513255
0.3655,0.3,0.621553,0.536174,5.25583e-40,0.514107,0.621005,0.53768,0,0.513255
0.3655,0.5,0.621553,0.536174,0,0.514107,0.621005,0.53768,0,0.513255
0.3655,0.7,0.621553,0.536174,-5.25583e-40,0.514107,0.621005,0.53768,0,0.513255
0.3655,0.9,0.621553,0.536174,-1.70877e-19,0.514107,0.621005,0.53768,0,0.513255
0.3665,0.1,0.61967,0.539433,1.26243e-19,0.51193,0.619083,0.541013,0,0.511033
0.3665,0.3,0.61967,0.539433,3.52476e-40,0.51193,0.619083,0.541013,0,0.511033
0.3665,0.5,0.61967,0.539433,0,0.51193,0.619083,0.541013,0,0.511033
0.3665,0.7,0.61967,0.539433,-3.52476e-40,0.51193,0.619083,0.541013,0,0.511033
0.3665,0.9,0.61967,0.539433,-1.26243e-19,0.51193,0.619083,0.541013,0,0.511033
0.3675,0.1,0.617793,0.542691,6.50275e-20,0.509762,0.617166,0.544347,0,0.508818
0.3675,0.3,0.617793,0.542691,1.753e-40,0.509762,0.617166,0.544347,0,0.508818
0.3675,0.5,0.617793,0.542691,0,0.509762,0.617166,0.544347,0,0.508818
0.3675,0.7,0.617793,0.542691,-1.753e-40,0.509762,0.617166,0.544347,0,0.508818
0.3675,0.9,0.617793,0.542691,-6.50275e-20,0.509762,0.617166,0.544347,0,0.508818
0.3685,0.1,0.61592,0.545949,2.32859e-20,0.507602,0.615254,0.54768,0,0.506612
0.3685,0.3,0.61592,0.545949,7.73258e-41,0.507602,0.615254,0.54768,0,0.506612
0.3685,0.5,0.61592,0.545949,0,0.507602,0.615254,0.54768,0,0.506612
0.3685,0.7,0.61592,0.545949,-7.73258e-41,0.507602,0.615254,0.54768,0,0.506612
0.3685,0.9,0.61592,0.545949,-2.32859e-20,0.507602,0.615254,0.54768,0,0.506612
0.3695,0.1,0.614052,0.549206,1.35315e-20,0.505451,0.613346,0.551013,0,0.504415
0.3695,0.3,0.614052,0.549206,4.80981e-41,0.505451,0.613346,0.551013,0,0.504415
0.3695,0.5,0.614052,0.549206,0,0.505451,0.613346,0.551013,0,0.504415
0.3695,0.7,0.614052,0.549206,-4.80981e-41,0.505451,0.613346,0.551013,0,0.504415
0.3695,0.9,0.614052,0.549206,-1.35315e-20,0.505451,0.613346,0.551013,0,0.504415
0.3705,0.1,0.61219,0.552462,2.47067e-20,0.503307,0.611443,0.554347,0,0.502225
0.3705,0.3,0.61219,0.552462,6.00613e-41,0.503307,0.611443,0.554347,0,0.502225
0.3705,0.5,0.61219,0.552462,0,0.503307,0.611443,0.554347,0,0.502225
0.3705,0.7,0.61219,0.552462,-6.00613e-41,0.503307,0.611443,0.554347,0,0.502225
0.3705,0.9,0.61219,0.552462,-2.47067e-20,0.503307,0.611443,0.554347,0,0.502225
0.3715,0.1,0.610332,0.555718,4.00625e-20,0.501172,0.609545,0.55768,0,0.500043
0.3715,0.3,0.610332,0.555718,9.45529e-41,0.501172,0.609545,0.55768,0,0.500043
0.3715,0.5,0.610332,0.555718,0,0.501172,0.609545,0.55768,0,0.500043
0.3715,0.7,0.610332,0.555718,-9.45529e-41,0.501172,0.609545,0.55768,0,0.500043
0.3715,0.9,0.610332,0.555718,-4.00625e-20,0.501172,0.609545,0.55768,0,0.500043
0.3725,0.1,0.608479,0.558973,5.22747e-20,0.499045,0.607651,0.561013,0,0.49787
0.3725,0.3,0.608479,0.558973,1.45843e-40,0.499045,0.607651,0.561013,0,0.49787
0.3725,0.5,0.608479,0.558973,0,0.499045,0.607651,0.561013,0,0.49787
0.3725,0.7,0.608479,0.558973,-1.45843e-40,0.499045,0.607651,0.561013,0,0.49787
0.3725,0.9,0.608479,0.558973,-5.22747e-20,0.499045,0.607651,0.561013,0,0.49787
0.3735,0.1,0.606631,0.562227,6.27394e-20,0.496927,0.605762,0.564347,0,0.495705
0.3735,0.3,0.606631,0.562227,2.15139e-40,0.496927,0.605762,0.564347,0,0.495705
0.3735,0.5,0.606631,0.562227,0,0.496927,0.605762,0.564347,0,0.495705
0.3735,0.7,0.606631,0.562227,-2.15139e-40,0.496927,0.605762,0.564347,0,0.495705
0.3735,0.9,0.606631,0.562227,-6.27394e-20,0.496927,0.605762,0.564347,0,0.495705
0.3745,0.1,0.604788,0.565481,7.42892e-20,0.494816,0.603878,0.56768,0,0.493547
0.3745,0.3,0.604788,0.565481,3.00626e-40,0.494816,0.603878,0.56768,0,0.493547
0.3745,0.5,0.604788,0.565481,0,0.494816,0.603878,0.56768,0,0.493547
0.3745,0.7,0.604788,0.565481,-3.00626e-40,0.494816,0.603878,0.56768,0,0.493547
0.3745,0.9,0.604788,0.565481,-7.42892e-20,0.494816,0.603878,0.56768,0,0.493547
0.3755,0.1,0.60295,0.568734,8.79304e-20,0.492714,0.601999,0.571013,0,0.491398
0.3755,0.3,0.60295,0.568734,3.97421e-40,0.492714,0.601999,0.571013,0,0.491398
0.3755,0.5,0.60295,0.568734,0,0.492714,0.601999,0.571013,0,0.491398
0.3755,0.7,0.60295,0.568734,-3.97421e-40,0.492714,0.601999,0.571013,0,0.491398
0.3755,0.9,0.60295,0.568734,-8.79304e-20,0.492714,0.601999,0.571013,0,0.491398
0.3765,0.1,0.601117,0.571985,1.03204e-19,0.49062,0.600124,0.574347,0,0.489257
0.3765,0.3,0.601117,0.571985,5.02283e-40,0.49062,0.600124,0.574347,0,0.489257
0.3765,0.5,0.601117,0.571985,0,0.49062,0.600124,0.574347,0,0.489257
0.3765,0.7,0.601117,0.571985,-5.02283e-40,0.49062,0.600124,0.574347,0,0.489257
0.3765,0.9,0.601117,0.571985,-1.03204e-19,0.49062,0.600124,0.574347,0,0.489257
0.3775,0.1,0.599288,0.575236,1.19009e-19,0.488534,0.598254,0.57768,0,0.487124
0.3775,0.3,0.599288,0.575236,6.16446e-40,0.488534,0.598254,0.57768,0,0.487124
0.3775,0.5,0.599288,0.575236,0,0.488534,0.598254,0.57768,0,0.487124
0.3775,0.7,0.599288,0.575236,-6.16446e-40,0.488534,0.598254,0.57768,0,0.487124
0.3775,0.9,0.599288,0.575236,-1.19009e-19,0.488534,0.598254,0.57768,0,0.487124
0.3785,0.1,0.597465,0.578487,1.34476e-19,0.486456,0.596388,0.581013,0,0.484999
0.3785,0.3,0.597465,0.578487,7.4802e-40,0.486456,0.596388,0.581013,0,0.484999
0.3785,0.5,0.597465,0.578487,0,0.486456,0.596388,0.581013,0,0.484999
0.3785,0.7,0.597465,0.578487,-7.4802e-40,0.486456,0.596388,0.581013,0,0.484999
0.3785,0.9,0.597465,0.578487,-1.34476e-19,0.486456,0.596388,0.581013,0,0.484999
0.3795,0.1,0.595646,0.581736,1.49467e-19,0.484387,0.594527,0.584347,0,0.482882
0.3795,0.3,0.595646,0.581736,9.07925e-40,0.484387,0.594527,0.584347,0,0.482882
0.3795,0.5,0.595646,0.581736,0,0.484387,0.594527,0.584347,0,0.482882
0.3795,0.7,0.595646,0.581736,-9.07925e-40,0.484387,0.594527,0.584347,0,0.482882
0.3795,0.9,0.595646,0.581736,-1.49467e-19,0.484387,0.594527,0.584347,0,0.482882
0.3805,0.1,0.593833,0.584984,1.63741e-19,0.482325,0.592671,0.58768,0,0.480772
0.3805,0.3,0.593833,0.584984,1.09273e-39,0.482325,0.592671,0.58768,0,0.480772
0.3805,0.5,0.593833,0.584984,0,0.482325,0.592671,0.58768,0,0.480772
0.3805,0.7,0.593833,0.584984,-1.09273e-39,0.482325,0.592671,0.58768,0,0.480772
0.3805,0.9,0.593833,0.584984,-1.63741e-19,0.482325,0.592671,0.58768,0,0.480772
0.3815,0.1,0.592024,0.588232,1.75557e-19,0.480272,0.59082,0.591013,0,0.478671
0.3815,0.3,0.592024,0.588232,1.26842e-39,0.480272,0.59082,0.591013,0,0.478671
0.3815,0.5,0.592024,0.588232,0,0.480272,0.59082,0.591013,0,0.478671
0.3815,0.7,0.592024,0.588232,-1.26842e-39,0.480272,0.59082,0.591013,0,0.478671
0.3815,0.9,0.592024,0.588232,-1.75557e-19,0.480272,0.59082,0.591013,0,0.478671
0.3825,0.1,0.59022,0.591479,1.81679e-19,0.478226,0.588973,0.594347,0,0.476577
0.3825,0.3,0.59022,0.591479,1.37895e-39,0.478226,0.588973,0.594347,0,0.476577
0.3825,0.5,0.59022,0.591479,0,0.478226,0.588973,0.594347,0,0.476577
0.3825,0.7,0.59022,0.591479,-1.37895e-39,0.478226,0.588973,0.594347,0,0.476577
0.3825,0.9,0.59022,0.591479,-1.81679e-19,0.478226,0.588973,0.594347,0,0.476577
0.3835,0.1,0.588422,0.594724,1.79231e-19,0.476189,0.587131,0.59768,0,0.474492
0.3835,0.3,0.588422,0.594724,1.37994e-39,0.476189,0.587131,0.59768,0,0.474492
0.3835,0.5,0.588422,0.594724,0,0.476189,0.587131,0.59768,0,0.474492
0.3835,0.7,0.588422,0.594724,-1.37994e-39,0.476189,0.587131,0.59768,0,0.474492
0.3835,0.9,0.588422,0.594724,-1.79231e-19,0.476189,0.587131,0.59768,0,0.474492
0.3845,0.1,0.586628,0.597969,1.67783e-19,0.47416,0.585293,0.601013,0,0.472414
0.3845,0.3,0.586628,0.597969,1.26887e-39,0.47416,0.585293,0.601013,0,0.472414
0.3845,0.5,0.586628,0.597969,0,0.47416,0.585293,0.601013,0,0.472414
0.3845,0.7,0.586628,0.597969,-1.26887e-39,0.47416,0.585293,0.601013,0,0.472414
0.3845,0.9,0.586628,0.597969,-1.67783e-19,0.47416,0.585293,0.601013,0,0.472414
0.3855,0.1,0.584839,0.601212,1.49903e-19,0.472139,0.58346,0.604347,0,0.470344
0.3855,0.3,0.584839,0.601212,1.08606e-39,0.472139,0.58346,0.604347,0,0.470344
0.3855,0.5,0.584839,0.601212,0,0.472139,0.58346,0.604347,0,0.470344
0.3855,0.7,0.584839,0.601212,-1.08606e-39,0.472139,0.58346,0.604347,0,0.470344
0.3855,0.9,0.584839,0.601212,-1.49903e-19,0.472139,0.58346,0.604347,0,0.470344
0.3865,0.1,0.583055,0.604455,1.29961e-19,0.470126,0.581632,0.60768,0,0.468282
0.3865,0.3,0.583055,0.604455,8.89835e-40,0.470126,0.581632,0.60768,0,0.468282
0.3865,0.5,0.583055,0.604455,0,0.470126,0.581632,0.60768,0,0.468282
0.3865,0.7,0.583055,0.604455,-8.89835e-40,0.470126,0.581632,0.60768,0,0.468282
0.3865,0.9,0.583055,0.604455,-1.29961e-19,0.470126,0.581632,0.60768,0,0.468282
0.3875,0.1,0.581276,0.607696,1.12264e-19,0.468121,0.579808,0.611013,0,0.466227
0.3875,0.3,0.581276,0.607696,7.29188e-40,0.468121,0.579808,0.611013,0,0.466227
0.3875,0.5,0.581276,0.607696,0,0.468121,0.579808,0.611013,0,0.466227
0.3875,0.7,0.581276,0.607696,-7.29188e-40,0.468121,0.579808,0.611013,0,0.466227
0.3875,0.9,0.581276,0.607696,-1.12264e-19,0.468121,0.579808,0.611013,0,0.466227
0.3885,0.1,0.579502,0.610936,9.96666e-20,0.466124,0.577989,0.614347,0,0.464181
0.3885,0.3,0.579502,0.610936,6.30582e-40,0.466124,0.577989,0.614347,0,0.464181
0.3885,0.5,0.579502,0.610936,0,0.466124,0.577989,0.614347,0,0.464181
0.3885,0.7,0.579502,0.610936,-6.30582e-40,0.466124,0.577989,0.614347,0,0.464181
0.3885,0.9,0.579502,0.610936,-9.96666e-20,0.466124,0.577989,0.614347,0,0.464181
0.3895,0.1,0.577733,0.614175,9.31488e-20,0.464135,0.576174,0.61768,0,0.462141
0.3895,0.3,0.577733,0.614175,5.99219e-40,0.464135,0.576174,0.61768,0,0.462141
0.3895,0.5,0.577733,0.614175,0,0.464135,0.576174,0.61768,0,0.462141
0.3895,0.7,0.577733,0.614175,-5.99219e-40,0.464135,0.576174,0.61768,0,0.462141
0.3895,0.9,0.577733,0.614175,-9.31488e-20,0.464135,0.576174,0.61768,0,0.462141
0.3905,0.1,0.575968,0.617413,9.21565e-20,0.462154,0.574364,0.621013,0,0.46011
0.3905,0.3,0.575968,0.617413,6.2665e-40,0.462154,0.574364,0.621013,0,0.46011
0.3905,0.5,0.575968,0.617413,0,0.462154,0.574364,0.621013,0,0.46011
0.3905,0.7,0.575968,0.617413,-6.2665e-40,0.462154,0.574364,0.621013,0,0.46011
0.3905,0.9,0.575968,0.617413,-9.21565e-20,0.462154,0.574364,0.621013,0,0.46011
0.3915,0.1,0.574209,0.62065,9.52743e-20,0.460181,0.572558,0.624347,0,0.458086
0.3915,0.3,0.574209,0.62065,6.98202e-40,0.460181,0.572558,0.624347,0,0.458086
0.3915,0.5,0.574209,0.62065,0,0.460181,0.572558,0.624347,0,0.458086
0.3915,0.7,0.574209,0.62065,-6.98202e-40,0.460181,0.572558,0.624347,0,0.458086
0.3915,0.9,0.574209,0.62065,-9.52743e-20,0.460181,0.572558,0.624347,0,0.458086
0.3925,0.1,0.572455,0.623885,1.00863e-19,0.458216,0.570757,0.62768,0,0.45607
0.3925,0.3,0.572455,0.623885,7.98031e-40,0.458216,0.570757,0.62768,0,0.45607
0.3925,0.5,0.572455,0.623885,0,0.458216,0.570757,0.62768,0,0.45607
0.3925,0.7,0.572455,0.623885,-7.98031e-40,0.458216,0.570757,0.62768,0,0.45607
0.3925,0.9,0.572455,0.623885,-1.00863e-19,0.458216,0.570757,0.62768,0,0.45607
0.3935,0.1,0.570706,0.627119,1.07487e-19,0.456259,0.568961,0.631013,0,0.454062
0.3935,0.3,0.570706,0.627119,9.12089e-40,0.456259,0.568961,0.631013,0,0.454062
0.3935,0.5,0.570706,0.627119,0,0.456259,0.568961,0.631013,0,0.454062
0.3935,0.7,0.570706,0.627119,-9.12089e-40,0.456259,0.568961,0.631013,0,0.454062
0.3935,0.9,0.570706,0.627119,-1.07487e-19,0.456259,0.568961,0.631013,0,0.454062
0.3945,0.1,0.568962,0.630352,1.14115e-19,0.454311,0.567169,0.634347,0,0.452061
0.3945,0.3,0.568962,0.630352,1.02969e-39,0.454311,0.567169,0.634347,0,0.452061
0.3945,0.5,0.568962,0.630352,0,0.454311,0.567169,0.634347,0,0.452061
0.3945,0.7,0.568962,0.630352,-1.02969e-39,0.454311,0.567169,0.634347,0,0.452061
0.3945,0.9,0.568962,0.630352,-1.14115e-19,0.454311,0.567169,0.634347,0,0.452061
0.3955,0.1,0.567222,0.633583,1.20148e-19,0.45237,0.565381,0.63768,0,0.450068
0.3955,0.3,0.567222,0.633583,1.14417e-39,0.45237,0.565381,0.63768,0,0.450068
0.3955,0.5,0.567222,0.633583,0,0.45237,0.565381,0.63768,0,0.450068
0.3955,0.7,0.567222,0.633583,-1.14417e-39,0.45237,0.565381,0.63768,0,0.450068
0.3955,0.9,0.567222,0.633583,-1.20148e-19,0.45237,0.565381,0.63768,0,0.450068
0.3965,0.1,0.565488,0.636813,1.25348e-19,0.450437,0.563598,0.641013,0,0.448082
0.3965,0.3,0.565488,0.636813,1.25272e-39,0.450437,0.563598,0.641013,0,0.448082
0.3965,0.5,0.565488,0.636813,0,0.450437,0.563598,0.641013,0,0.448082
0.3965,0.7,0.565488,0.636813,-1.25272e-39,0.450437,0.563598,0.641013,0,0.448082
0.3965,0.9,0.565488,0.636813,-1.25348e-19,0.450437,0.563598,0.641013,0,0.448082
0.3975,0.1,0.563759,0.640042,1.29735e-19,0.448512,0.56182,0.644347,0,0.446104
0.3975,0.3,0.563759,0.640042,1.35581e-39,0.448512,0.56182,0.644347,0,0.446104
0.3975,0.5,0.563759,0.640042,0,0.448512,0.56182,0.644347,0,0.446104
0.3975,0.7,0.563759,0.640042,-1.35581e-39,0.448512,0.56182,0.644347,0,0.446104
0.3975,0.9,0.563759,0.640042,-1.29735e-19,0.448512,0.56182,0.644347,0,0.446104
0.3985,0.1,0.562035,0.643268,1.33473e-19,0.446595,0.560046,0.64768,0,0.444133
0.3985,0.3,0.562035,0.643268,1.45589e-39,0.446595,0.560046,0.64768,0,0.444133
0.3985,0.5,0.562035,0.643268,0,0.446595,0.560046,0.64768,0,0.444133
0.3985,0.7,0.562035,0.643268,-1.45589e-39,0.446595,0.560046,0.64768,0,0.444133
0.3985,0.9,0.562035,0.643268,-1.33473e-19,0.446595,0.560046,0.64768,0,0.444133
0.3995,0.1,0.560316,0.646494,1.36769e-19,0.444685,0.558276,0.651013,0,0.44217
0.3995,0.3,0.560316,0.646494,1.55572e-39,0.444685,0.558276,0.651013,0,0.44217
0.3995,0.5,0.560316,0.646494,0,0.444685,0.558276,0.651013,0,0.44217
0.3995,0.7,0.560316,0.646494,-1.55572e-39,0.444685,0.558276,0.651013,0,0.44217
0.3995,0.9,0.560316,0.646494,-1.36769e-19,0.444685,0.558276,0.651013,0,0.44217
0.4005,0.1,0.558602,0.649717,1.39775e-19,0.442784,0.556511,0.654347,0,0.440214
0.4005,0.3,0.558602,0.649717,1.65642e-39,0.442784,0.556511,0.654347,0,0.440214
0.4005,0.5,0.558602,0.649717,0,0.442784,0.556511,0.654347,0,0.440214
0.4005,0.7,0.558602,0.649717,-1.65642e-39,0.442784,0.556511,0.654347,0,0.440214
0.4005,0.9,0.558602,0.649717,-1.39775e-19,0.442784,0.556511,0.654347,0,0.440214
0.4015,0.1,0.556893,0.652939,1.4251e-19,0.440891,0.554751,0.65768,0,0.438265
0.4015,0.3,0.556893,0.652939,1.7558e-39,0.440891,0.554751,0.65768,0,0.438265
0.4015,0.5,0.556893,0.652939,0,0.440891,0.554751,0.65768,0,0.438265
0.4015,0.7,0.556893,0.652939,-1.7558e-39,0.440891,0.554751,0.65768,0,0.438265
0.4015,0.9,0.556893,0.652939,-1.4251e-19,0.440891,0.554751,0.65768,0,0.438265
0.4025,0.1,0.555189,0.65616,1.44826e-19,0.439006,0.552995,0.661013,0,0.436324
0.4025,0.3,0.555189,0.65616,1.8475e-39,0.439006,0.552995,0.661013,0,0.436324
0.4025,0.5,0.555189,0.65616,0,0.439006,0.552995,0.661013,0,0.436324
0.4025,0.7,0.555189,0.65616,-1.8475e-39,0.439006,0.552995,0.661013,0,0.436324
0.4025,0.9,0.555189,0.65616,-1.44826e-19,0.439006,0.552995,0.661013,0,0.436324
0.4035,0.1,0.553491,0.659378,1.46413e-19,0.437129,0.551243,0.664347,0,0.434391
0.4035,0.3,0.553491,0.659378,1.92153e-39,0.437129,0.551243,0.664347,0,0.434391
0.4035,0.5,0.553491,0.659378,0,0.437129,0.551243,0.664347,0,0.434391
0.4035,0.7,0.553491,0.659378,-1.92153e-39,0.437129,0.551243,0.664347,0,0.434391
0.4035,0.9,0.553491,0.659378,-1.46413e-19,0.437129,0.551243,0.664347,0,0.434391
0.4045,0.1,0.551797,0.662594,1.46864e-19,0.43526,0.549496,0.66768,0,0.432464
0.4045,0.3,0.551797,0.662594,1.96622e-39,0.43526,0.549496,0.66768,0,0.432464
0.4045,0.5,0.551797,0.662594,0,0.43526,0.549496,0.66768,0,0.432464
0.4045,0.7,0.551797,0.662594,-1.96622e-39,0.43526,0.549496,0.66768,0,0.432464
0.4045,0.9,0.551797,0.662594,-1.46864e-19,0.43526,0.549496,0.66768,0,0.432464
0.4055,0.1,0.550109,0.665809,1.45768e-19,0.433398,0.547753,0.671013,0,0.430545
0.4055,0.3,0.550109,0.665809,1.971e-39,0.433398,0.547753,0.671013,0,0.430545
0.4055,0.5,0.550109,0.665809,0,0.433398,0.547753,0.671013,0,0.430545
0.4055,0.7,0.550109,0.665809,-1.971e-39,0.433398,0.547753,0.671013,0,0.430545
0.4055,0.9,0.550109,0.665809,-1.45768e-19,0.433398,0.547753,0.671013,0,0.430545
0.4065,0.1,0.548425,0.669022,1.42809e-19,0.431545,0.546015,0.674347,0,0.428634
0.4065,0.3,0.548425,0.669022,1.92913e-39,0.431545,0.546015,0.674347,0,0.428634
0.4065,0.5,0.548425,0.669022,0,0.431545,0.546015,0.674347,0,0.428634
0.4065,0.7,0.548425,0.669022,-1.92913e-39,0.431545,0.546015,0.674347,0,0.428634
0.4065,0.9,0.548425,0.669022,-1.42809e-19,0.431545,0.546015,0.674347,0,0.428634
0.4075,0.1,0.546747,0.672232,1.37839e-19,0.4297,0.544281,0.67768,0,0.426729
0.4075,0.3,0.546747,0.672232,1.83957e-39,0.4297,0.544281,0.67768,0,0.426729
0.4075,0.5,0.546747,0.672232,0,0.4297,0.544281,0.67768,0,0.426729
0.4075,0.7,0.546747,0.672232,-1.83957e-39,0.4297,0.544281,0.67768,0,0.426729
0.4075,0.9,0.546747,0.672232,-1.37839e-19,0.4297,0.544281,0.67768,0,0.426729
0.4085,0.1,0.545075,0.675441,1.30914e-19,0.427862,0.542551,0.681013,0,0.424832
0.4085,0.3,0.545075,0.675441,1.70726e-39,0.427862,0.542551,0.681013,0,0.424832
0.4085,0.5,0.545075,0.675441,0,0.427862,0.542551,0.681013,0,0.424832
0.4085,0.7,0.545075,0.675441,-1.70726e-39,0.427862,0.542551,0.681013,0,0.424832
0.4085,0.9,0.545075,0.675441,-1.30914e-19,0.427862,0.542551,0.681013,0,0.424832
0.4095,0.1,0.543407,0.678647,1.22282e-19,0.426033,0.540826,0.684347,0,0.422942
0.4095,0.3,0.543407,0.678647,1.54212e-39,0.426033,0.540826,0.684347,0,0.422942
0.4095,0.5,0.543407,0.678647,0,0.426033,0.540826,0.684347,0,0.422942
0.4095,0.7,0.543407,0.678647,-1.54212e-39,0.426033,0.540826,0.684347,0,0.422942
0.4095,0.9,0.543407,0.678647,-1.22282e-19,0.426033,0.540826,0.684347,0,0.422942
0.4105,0.1,0.541745,0.681851,1.12344e-19,0.424212,0.539106,0.68768,0,0.421059
0.4105,0.3,0.541745,0.681851,1.35707e-39,0.424212,0.539106,0.68768,0,0.421059
0.4105,0.5,0.541745,0.681851,0,0.424212,0.539106,0.68768,0,0.421059
0.4105,0.7,0.541745,0.681851,-1.35707e-39,0.424212,0.539106,0.68768,0,0.421059
0.4105,0.9,0.541745,0.681851,-1.12344e-19,0.424212,0.539106,0.68768,0,0.421059
0.4115,0.1,0.540088,0.685052,1.01599e-19,0.422398,0.537389,0.691013,0,0.419184
0.4115,0.3,0.540088,0.685052,1.16575e-39,0.422398,0.537389,0.691013,0,0.419184
0.4115,0.5,0.540088,0.685052,0,0.422398,0.537389,0.691013,0,0.419184
0.4115,0.7,0.540088,0.685052,-1.16575e-39,0.422398,0.537389,0.691013,0,0.419184
0.4115,0.9,0.540088,0.685052,-1.01599e-19,0.422398,0.537389,0.691013,0,0.419184
0.4125,0.1,0.538436,0.688252,9.05928e-20,0.420593,0.535677,0.694347,0,0.417316
0.4125,0.3,0.538436,0.688252,9.80671e-40,0.420593,0.535677,0.694347,0,0.417316
0.4125,0.5,0.538436,0.688252,0,0.420593,0.535677,0.694347,0,0.417316
0.4125,0.7,0.538436,0.688252,-9.80671e-40,0.420593,0.535677,0.694347,0,0.417316
0.4125,0.9,0.538436,0.688252,-9.05928e-20,0.420593,0.535677,0.694347,0,0.417316
0.4135,0.1,0.53679,0.691448,7.98721e-20,0.418796,0.53397,0.69768,0,0.415454
0.4135,0.3,0.53679,0.691448,8.11983e-40,0.418796,0.53397,0.69768,0,0.415454
0.4135,0.5,0.53679,0.691448,0,0.418796,0.53397,0.69768,0,0.415454
0.4135,0.7,0.53679,0.691448,-8.11983e-40,0.418796,0.53397,0.69768,0,0.415454
0.4135,0.9,0.53679,0.691448,-7.98721e-20,0.418796,0.53397,0.69768,0,0.415454
0.4145,0.1,0.535148,0.694642,6.99515e-20,0.417007,0.532267,0.701013,0,0.4136
0.4145,0.3,0.535148,0.694642,6.67012e-40,0.417007,0.532267,0.701013,0,0.4136
0.4145,0.5,0.535148,0.694642,0,0.417007,0.532267,0.701013,0,0.4136
0.4145,0.7,0.535148,0.694642,-6.67012e-40,0.417007,0.532267,0.701013,0,0.4136
0.4145,0.9,0.535148,0.694642,-6.99515e-20,0.417007,0.532267,0.701013,0,0.4136
0.4155,0.1,0.533513,0.697833,6.12876e-20,0.415226,0.530568,0.704347,0,0.411753
0.4155,0.3,0.533513,0.697833,5.50402e-40,0.415226,0.530568,0.704347,0,0.411753
0.4155,0.5,0.533513,0.697833,0,0.415226,0.530568,0.704347,0,0.411753
0.4155,0.7,0.533513,0.697833,-5.50402e-40,0.415226,0.530568,0.704347,0,0.411753
0.4155,0.9,0.533513,0.697833,-6.12876e-20,0.415226,0.530568,0.704347,0,0.411753
0.4165,0.1,0.531883,0.701022,5.42583e-20,0.413453,0.528873,0.70768,0,0.409913
0.4165,0.3,0.531883,0.701022,4.6465e-40,0.413453,0.528873,0.70768,0,0.409913
0.4165,0.5,0.531883,0.701022,0,0.413453,0.528873,0.70768,0,0.409913
0.4165,0.7,0.531883,0.701022,-4.6465e-40,0.413453,0.528873,0.70768,0,0.409913
0.4165,0.9,0.531883,0.701022,-5.42583e-20,0.413453,0.528873,0.70768,0,0.409913
0.4175,0.1,0.530258,0.704207,4.9146e-20,0.411688,0.527183,0.711013,0,0.40808
0.4175,0.3,0.530258,0.704207,4.10789e-40,0.411688,0.527183,0.711013,0,0.40808
0.4175,0.5,0.530258,0.704207,0,0.411688,0.527183,0.711013,0,0.40808
0.4175,0.7,0.530258,0.704207,-4.10789e-40,0.411688,0.527183,0.711013,0,0.40808
0.4175,0.9,0.530258,0.704207,-4.9146e-20,0.411688,0.527183,0.711013,0,0.40808
0.4185,0.1,0.528639,0.70739,4.61249e-20,0.409931,0.525497,0.714347,0,0.406255
0.4185,0.3,0.528639,0.70739,3.89023e-40,0.409931,0.525497,0.714347,0,0.406255
0.4185,0.5,0.528639,0.70739,0,0.409931,0.525497,0.714347,0,0.406255
0.4185,0.7,0.528639,0.70739,-3.89023e-40,0.409931,0.525497,0.714347,0,0.406255
0.4185,0.9,0.528639,0.70739,-4.61249e-20,0.409931,0.525497,0.714347,0,0.406255
0.4195,0.1,0.527025,0.710569,4.52529e-20,0.408183,0.523815,0.71768,0,0.404436
0.4195,0.3,0.527025,0.710569,3.99143e-40,0.408183,0.523815,0.71768,0,0.404436
0.4195,0.5,0.527025,0.710569,0,0.408183,0.523815,0.71768,0,0.404436
0.4195,0.7,0.527025,0.710569,-3.99143e-40,0.408183,0.523815,0.71768,0,0.404436
0.4195,0.9,0.527025,0.710569,-4.52529e-20,0.408183,0.523815,0.71768,0,0.404436
0.4205,0.1,0.525417,0.713745,4.64714e-20,0.406442,0.522138,0.721013,0,0.402624
0.4205,0.3,0.525417,0.713745,4.40675e-40,0.406442,0.522138,0.721013,0,0.402624
0.4205,0.5,0.525417,0.713745,0,0.406442,0.522138,0.721013,0,0.402624
0.4205,0.7,0.525417,0.713745,-4.40675e-40,0.406442,0.522138,0.721013,0,0.402624
0.4205,0.9,0.525417,0.713745,-4.64714e-20,0.406442,0.522138,0.721013,0,0.402624
0.4215,0.1,0.523815,0.716917,4.96127e-20,0.40471,0.520465,0.724347,0,0.400819
0.4215,0.3,0.523815,0.716917,5.12762e-40,0.40471,0.520465,0.724347,0,0.400819
0.4215,0.5,0.523815,0.716917,0,0.40471,0.520465,0.724347,0,0.400819
0.4215,0.7,0.523815,0.716917,-5.12762e-40,0.40471,0.520465,0.724347,0,0.400819
0.4215,0.9,0.523815,0.716917,-4.96127e-20,0.40471,0.520465,0.724347,0,0.400819
0.4225,0.1,0.522218,0.720086,5.44149e-20,0.402986,0.518797,0.72768,0,0.399021
0.4225,0.3,0.522218,0.720086,6.13859e-40,0.402986,0.518797,0.72768,0,0.399021
0.4225,0.5,0.522218,0.720086,0,0.402986,0.518797,0.72768,0,0.399021
0.4225,0.7,0.522218,0.720086,-6.13859e-40,0.402986,0.518797,0.72768,0,0.399021
0.4225,0.9,0.522218,0.720086,-5.44149e-20,0.402986,0.518797,0.72768,0,0.399021
0.4235,0.1,0.520627,0.723252,6.05432e-20,0.401271,0.517132,0.731013,0,0.39723
0.4235,0.3,0.520627,0.723252,7.41371e-40,0.401271,0.517132,0.731013,0,0.39723
0.4235,0.5,0.520627,0.723252,0,0.401271,0.517132,0.731013,0,0.39723
0.4235,0.7,0.520627,0.723252,-7.41371e-40,0.401271,0.517132,0.731013,0,0.39723
0.4235,0.9,0.520627,0.723252,-6.05432e-20,0.401271,0.517132,0.731013,0,0.39723
0.4245,0.1,0.519042,0.726413,6.76153e-20,0.399563,0.515472,0.734347,0,0.395446
0.4245,0.3,0.519042,0.726413,8.91373e-40,0.399563,0.515472,0.734347,0,0.395446
0.4245,0.5,0.519042,0.726413,0,0.399563,0.515472,0.734347,0,0.395446
0.4245,0.7,0.519042,0.726413,-8.91373e-40,0.399563,0.515472,0.734347,0,0.395446
0.4245,0.9,0.519042,0.726413,-6.76153e-20,0.399563,0.515472,0.734347,0,0.395446
0.4255,0.1,0.517463,0.729571,7.52286e-20,0.397865,0.513816,0.73768,0,0.393669
0.4255,0.3,0.517463,0.729571,1.05852e-39,0.397865,0.513816,0.73768,0,0.393669
0.4255,0.5,0.517463,0.729571,0,0.397865,0.513816,0.73768,0,0.393669
0.4255,0.7,0.517463,0.729571,-1.05852e-39,0.397865,0.513816,0.73768,0,0.393669
0.4255,0.9,0.517463,0.729571,-7.52286e-20,0.397865,0.513816,0.73768,0,0.393669
0.4265,0.1,0.515889,0.732724,8.29872e-20,0.396174,0.512165,0.741013,0,0.391898
0.4265,0.3,0.515889,0.732724,1.2362e-39,0.396174,0.512165,0.741013,0,0.391898
0.4265,0.5,0.515889,0.732724,0,0.396174,0.512165,0.741013,0,0.391898
0.4265,0.7,0.515889,0.732724,-1.2362e-39,0.396174,0.512165,0.741013,0,0.391898
0.4265,0.9,0.515889,0.732724,-8.29872e-20,0.396174,0.512165,0.741013,0,0.391898
0.4275,0.1,0.514322,0.735873,9.05254e-20,0.394492,0.510517,0.744347,0,0.390135
0.4275,0.3,0.514322,0.735873,1.41693e-39,0.394492,0.510517,0.744347,0,0.390135
0.4275,0.5,0.514322,0.735873,0,0.394492,0.510517,0.744347,0,0.390135
0.4275,0.7,0.514322,0.735873,-1.41693e-39,0.394492,0.510517,0.744347,0,0.390135
0.4275,0.9,0.514322,0.735873,-9.05254e-20,0.394492,0.510517,0.744347,0,0.390135
0.4285,0.1,0.512761,0.739018,9.75272e-20,0.392819,0.508874,0.74768,0,0.388378
0.4285,0.3,0.512761,0.739018,1.59291e-39,0.392819,0.508874,0.74768,0,0.388378
0.4285,0.5,0.512761,0.739018,0,0.392819,0.508874,0.74768,0,0.388378
0.4285,0.7,0.512761,0.739018,-1.59291e-39,0.392819,0.508874,0.74768,0,0.388378
0.4285,0.9,0.512761,0.739018,-9.75272e-20,0.392819,0.508874,0.74768,0,0.388378
0.4295,0.1,0.511205,0.742158,1.03738e-19,0.391154,0.507235,0.751013,0,0.386628
0.4295,0.3,0.511205,0.742158,1.75666e-39,0.391154,0.507235,0.751013,0,0.386628
0.4295,0.5,0.511205,0.742158,0,0.391154,0.507235,0.751013,0,0.386628
0.4295,0.7,0.511205,0.742158,-1.75666e-39,0.391154,0.507235,0.751013,0,0.386628
0.4295,0.9,0.511205,0.742158,-1.03738e-19,0.391154,0.507235,0.751013,0,0.386628
0.4305,0.1,0.509656,0.745293,1.08974e-19,0.389498,0.505601,0.754347,0,0.384885
0.4305,0.3,0.509656,0.745293,1.90156e-39,0.389498,0.505601,0.754347,0,0.384885
0.4305,0.5,0.509656,0.745293,0,0.389498,0.505601,0.754347,0,0.384885
0.4305,0.7,0.509656,0.745293,-1.90156e-39,0.389498,0.505601,0.754347,0,0.384885
0.4305,0.9,0.509656,0.745293,-1.08974e-19,0.389498,0.505601,0.754347,0,0.384885
0.4315,0.1,0.508113,0.748423,1.13117e-19,0.38785,0.50397,0.75768,0,0.383148
0.4315,0.3,0.508113,0.748423,2.02231e-39,0.38785,0.50397,0.75768,0,0.383148
0.4315,0.5,0.508113,0.748423,0,0.38785,0.50397,0.75768,0,0.383148
0.4315,0.7,0.508113,0.748423,-2.02231e-39,0.38785,0.50397,0.75768,0,0.383148
0.4315,0.9,0.508113,0.748423,-1.13117e-19,0.38785,0.50397,0.75768,0,0.383148
0.4325,0.1,0.506577,0.751548,1.16113e-19,0.386211,0.502344,0.761013,0,0.381418
0.4325,0.3,0.506577,0.751548,2.11521e-39,0.386211,0.502344,0.761013,0,0.381418
0.4325,0.5,0.506577,0.751548,0,0.386211,0.502344,0.761013,0,0.381418
0.4325,0.7,0.506577,0.751548,-2.11521e-39,0.386211,0.502344,0.761013,0,0.381418
0.4325,0.9,0.506577,0.751548,-1.16113e-19,0.386211,0.502344,0.761013,0,0.381418
0.4335,0.1,0.505047,0.754667,1.17966e-19,0.384581,0.500722,0.764347,0,0.379695
0.4335,0.3,0.505047,0.754667,2.17822e-39,0.384581,0.500722,0.764347,0,0.379695
0.4335,0.5,0.505047,0.754667,0,0.384581,0.500722,0.764347,0,0.379695
0.4335,0.7,0.505047,0.754667,-2.17822e-39,0.384581,0.500722,0.764347,0,0.379695
0.4335,0.9,0.505047,0.754667,-1.17966e-19,0.384581,0.500722,0.764347,0,0.379695
0.4345,0.1,0.503523,0.757781,1.18721e-19,0.38296,0.499104,0.76768,0,0.377979
0.4345,0.3,0.503523,0.757781,2.21093e-39,0.38296,0.499104,0.76768,0,0.377979
0.4345,0.5,0.503523,0.757781,0,0.38296,0.499104,0.76768,0,0.377979
0.4345,0.7,0.503523,0.757781,-2.21093e-39,0.38296,0.499104,0.76768,0,0.377979
0.4345,0.9,0.503523,0.757781,-1.18721e-19,0.38296,0.499104,0.76768,0,0.377979
0.4355,0.1,0.502006,0.760888,1.18461e-19,0.381348,0.497491,0.771013,0,0.376269
0.4355,0.3,0.502006,0.760888,2.21438e-39,0.381348,0.497491,0.771013,0,0.376269
0.4355,0.5,0.502006,0.760888,0,0.381348,0.497491,0.771013,0,0.376269
0.4355,0.7,0.502006,0.760888,-2.21438e-39,0.381348,0.497491,0.771013,0,0.376269
0.4355,0.9,0.502006,0.760888,-1.18461e-19,0.381348,0.497491,0.771013,0,0.376269
0.4365,0.1,0.500496,0.76399,1.17292e-19,0.379745,0.495881,0.774347,0,0.374566
0.4365,0.3,0.500496,0.76399,2.19088e-39,0.379745,0.495881,0.774347,0,0.374566
0.4365,0.5,0.500496,0.76399,0,0.379745,0.495881,0.774347,0,0.374566
0.4365,0.7,0.500496,0.76399,-2.19088e-39,0.379745,0.495881,0.774347,0,0.374566
0.4365,0.9,0.500496,0.76399,-1.17292e-19,0.379745,0.495881,0.774347,0,0.374566
0.4375,0.1,0.498992,0.767085,1.15343e-19,0.378151,0.494276,0.77768,0,0.37287
0.4375,0.3,0.498992,0.767085,2.14375e-39,0.378151,0.494276,0.77768,0,0.37287
0.4375,0.5,0.498992,0.767085,0,0.378151,0.494276,0.77768,0,0.37287
0.4375,0.7,0.498992,0.767085,-2.14375e-39,0.378151,0.494276,0.77768,0,0.37287
0.4375,0.9,0.498992,0.767085,-1.15343e-19,0.378151,0.494276,0.77768,0,0.37287
0.4385,0.1,0.497496,0.770173,1.12752e-19,0.376566,0.492675,0.781013,0,0.37118
0.4385,0.3,0.497496,0.770173,2.07711e-39,0.376566,0.492675,0.781013,0,0.37118
0.4385,0.5,0.497496,0.770173,0,0.376566,0.492675,0.781013,0,0.37118
0.4385,0.7,0.497496,0.770173,-2.07711e-39,0.376566,0.492675,0.781013,0,0.37118
0.4385,0.9,0.497496,0.770173,-1.12752e-19,0.376566,0.492675,0.781013,0,0.37118
0.4395,0.1,0.496006,0.773254,1.0967e-19,0.37499,0.491078,0.784347,0,0.369496
0.4395,0.3,0.496006,0.773254,1.99569e-39,0.37499,0.491078,0.784347,0,0.369496
0.4395,0.5,0.496006,0.773254,0,0.37499,0.491078,0.784347,0,0.369496
0.4395,0.7,0.496006,0.773254,-1.99569e-39,0.37499,0.491078,0.784347,0,0.369496
0.4395,0.9,0.496006,0.773254,-1.0967e-19,0.37499,0.491078,0.784347,0,0.369496
0.4405,0.1,0.494524,0.776328,1.42474e-19,0.373424,0.489485,0.78768,0,0.36782
0.4405,0.3,0.494524,0.776328,1.94594e-39,0.373424,0.489485,0.78768,0,0.36782
0.4405,0.5,0.494524,0.776328,0,0.373424,0.489485,0.78768,0,0.36782
0.4405,0.7,0.494524,0.776328,-1.94594e-39,0.373424,0.489485,0.78768,0,0.36782
0.4405,0.9,0.494524,0.776328,-1.42474e-19,0.373424,0.489485,0.78768,0,0.36782
0.4415,0.1,0.493049,0.779393,2.35799e-19,0.371868,0.487896,0.791013,0,0.366149
0.4415,0.3,0.493049,0.779393,1.96655e-39,0.371868,0.487896,0.791013,0,0.366149
0.4415,0.5,0.493049,0.779393,0,0.371868,0.487896,0.791013,0,0.366149
0.4415,0.7,0.493049,0.779393,-1.96655e-39,0.371868,0.487896,0.791013,0,0.366149
0.4415,0.9,0.493049,0.779393,-2.35799e-19,0.371868,0.487896,0.791013,0,0.366149
0.4425,0.1,0.491581,0.782451,2.52044e-19,0.370321,0.486312,0.794347,0,0.364486
0.4425,0.3,0.491581,0.782451,2.05662e-39,0.370321,0.486312,0.794347,0,0.364486
0.4425,0.5,0.491581,0.782451,0,0.370321,0.486312,0.794347,0,0.364486
0.4425,0.7,0.491581,0.782451,-2.05662e-39,0.370321,0.486312,0.794347,0,0.364486
0.4425,0.9,0.491581,0.782451,-2.52044e-19,0.370321,0.486312,0.794347,0,0.364486
0.4435,0.1,0.490121,0.785501,3.98168e-19,0.368784,0.484731,0.79768,0,0.362828
0.4435,0.3,0.490121,0.785501,2.35227e-39,0.368784,0.484731,0.79768,0,0.362828
0.4435,0.5,0.490121,0.785501,0,0.368784,0.484731,0.79768,0,0.362828
0.4435,0.7,0.490121,0.785501,-2.35227e-39,0.368784,0.484731,0.79768,0,0.362828
0.4435,0.9,0.490121,0.785501,-3.98168e-19,0.368784,0.484731,0.79768,0,0.362828
0.4445,0.1,0.488668,0.788541,4.22901e-19,0.367257,0.483155,0.801013,0,0.361178
0.4445,0.3,0.488668,0.788541,2.35779e-39,0.367257,0.483155,0.801013,0,0.361178
0.4445,0.5,0.488668,0.788541,0,0.367257,0.483155,0.801013,0,0.361178
0.4445,0.7,0.488668,0.788541,-2.35779e-39,0.367257,0.483155,0.801013,0,0.361178
0.4445,0.9,0.488668,0.788541,-4.22901e-19,0.367257,0.483155,0.801013,0,0.361178
0.4455,0.1,0.487224,0.791572,3.88828e-19,0.36574,0.481583,0.804347,0,0.359533
0.4455,0.3,0.487224,0.791572,2.38785e-39,0.36574,0.481583,0.804347,0,0.359533
0.4455,0.5,0.487224,0.791572,0,0.36574,0.481583,0.804347,0,0.359533
0.4455,0.7,0.487224,0.791572,-2.38785e-39,0.36574,0.481583,0.804347,0,0.359533
0.4455,0.9,0.487224,0.791572,-3.88828e-19,0.36574,0.481583,0.804347,0,0.359533
0.4465,0.1,0.485787,0.794594,4.11086e-19,0.364233,0.480014,0.80768,0,0.357895
0.4465,0.3,0.485787,0.794594,2.67786e-39,0.364233,0.480014,0.80768,0,0.357895
0.4465,0.5,0.485787,0.794594,0,0.364233,0.480014,0.80768,0,0.357895
0.4465,0.7,0.485787,0.794594,-2.67786e-39,0.364233,0.480014,0.80768,0,0.357895
0.4465,0.9,0.485787,0.794594,-4.11086e-19,0.364233,0.480014,0.80768,0,0.357895
0.4475,0.1,0.484359,0.797606,4.52151e-19,0.362736,0.47845,0.811013,0,0.356264
0.4475,0.3,0.484359,0.797606,2.95217e-39,0.362736,0.47845,0.811013,0,0.356264
0.4475,0.5,0.484359,0.797606,0,0.362736,0.47845,0.811013,0,0.356264
0.4475,0.7,0.484359,0.797606,-2.95217e-39,0.362736,0.47845,0.811013,0,0.356264
0.4475,0.9,0.484359,0.797606,-4.52151e-19,0.362736,0.47845,0.811013,0,0.356264
0.4485,0.1,0.482939,0.800606,5.90826e-19,0.36125,0.47689,0.814347,0,0.354639
0.4485,0.3,0.482939,0.800606,3.50402e-39,0.36125,0.47689,0.814347,0,0.354639
0.4485,0.5,0.482939,0.800606,0,0.36125,0.47689,0.814347,0,0.354639
0.4485,0.7,0.482939,0.800606,-3.50402e-39,0.36125,0.47689,0.814347,0,0.354639
0.4485,0.9,0.482939,0.800606,-5.90826e-19,0.36125,0.47689,0.814347,0,0.354639
0.4495,0.1,0.481527,0.803596,6.07063e-19,0.359775,0.475335,0.81768,0,0.35302
0.4495,0.3,0.481527,0.803596,3.84544e-39,0.359775,0.475335,0.81768,0,0.35302
0.4495,0.5,0.481527,0.803596,0,0.359775,0.475335,0.81768,0,0.35302
0.4495,0.7,0.481527,0.803596,-3.84544e-39,0.359775,0.475335,0.81768,0,0.35302
0.4495,0.9,0.481527,0.803596,-6.07063e-19,0.359775,0.475335,0.81768,0,0.35302
0.4505,0.1,0.480125,0.806574,5.41681e-19,0.358311,0.473783,0.821013,0,0.351407
0.4505,0.3,0.480125,0.806574,4.13514e-39,0.358311,0.473783,0.821013,0,0.351407
0.4505,0.5,0.480125,0.806574,0,0.358311,0.473783,0.821013,0,0.351407
0.4505,0.7,0.480125,0.806574,-4.13514e-39,0.358311,0.473783,0.821013,0,0.351407
0.4505,0.9,0.480125,0.806574,-5.41681e-19,0.358311,0.473783,0.821013,0,0.351407
0.4515,0.1,0.478731,0.80954,5.57853e-19,0.356858,0.472235,0.824347,0,0.349801
0.4515,0.3,0.478731,0.80954,5.13415e-39,0.356858,0.472235,0.824347,0,0.349801
0.4515,0.5,0.478731,0.80954,0,0.356858,0.472235,0.824347,0,0.349801
0.4515,0.7,0.478731,0.80954,-5.13415e-39,0.356858,0.472235,0.824347,0,0.349801
0.4515,0.9,0.478731,0.80954,-5.57853e-19,0.356858,0.472235,0.824347,0,0.349801
0.4525,0.1,0.477347,0.812494,6.62922e-19,0.355416,0.470691,0.82768,0,0.348201
0.4525,0.3,0.477347,0.812494,6.9586e-39,0.355416,0.470691,0.82768,0,0.348201
0.4525,0.5,0.477347,0.812494,0,0.355416,0.470691,0.82768,0,0.348201
0.4525,0.7,0.477347,0.812494,-6.9586e-39,0.355416,0.470691,0.82768,0,0.348201
0.4525,0.9,0.477347,0.812494,-6.62922e-19,0.355416,0.470691,0.82768,0,0.348201
0.4535,0.1,0.475972,0.815433,7.32736e-19,0.353985,0.469151,0.831013,0,0.346608
0.4535,0.3,0.475972,0.815433,9.44873e-39,0.353985,0.469151,0.831013,0,0.346608
0.4535,0.5,0.475972,0.815433,0,0.353985,0.469151,0.831013,0,0.346608
0.4535,0.7,0.475972,0.815433,-9.44873e-39,0.353985,0.469151,0.831013,0,0.346608
0.4535,0.9,0.475972,0.815433,-7.32736e-19,0.353985,0.469151,0.831013,0,0.346608
0.4545,0.1,0.474607,0.818359,8.60025e-19,0.352567,0.467616,0.834347,0,0.34502
0.4545,0.3,0.474607,0.818359,1.19913e-38,0.352567,0.467616,0.834347,0,0.34502
0.4545,0.5,0.474607,0.818359,0,0.352567,0.467616,0.834347,0,0.34502
0.4545,0.7,0.474607,0.818359,-1.19913e-38,0.352567,0.467616,0.834347,0,0.34502
0.4545,0.9,0.474607,0.818359,-8.60025e-19,0.352567,0.467616,0.834347,0,0.34502
0.4555,0.1,0.473252,0.82127,8.72446e-19,0.35116,0.466084,0.83768,0,0.343439
0.4555,0.3,0.473252,0.82127,1.41673e-38,0.35116,0.466084,0.83768,0,0.343439
0.4555,0.5,0.473252,0.82127,0,0.35116,0.466084,0.83768,0,0.343439
0.4555,0.7,0.473252,0.82127,-1.41673e-38,0.35116,0.466084,0.83768,0,0.343439
0.4555,0.9,0.473252,0.82127,-8.72446e-19,0.35116,0.466084,0.83768,0,0.343439
0.4565,0.1,0.471907,0.824166,8.13736e-19,0.349766,0.464557,0.841013,0,0.341864
0.4565,0.3,0.471907,0.824166,1.59127e-38,0.349766,0.464557,0.841013,0,0.341864
0.4565,0.5,0.471907,0.824166,0,0.349766,0.464557,0.841013,0,0.341864
0.4565,0.7,0.471907,0.824166,-1.59127e-38,0.349766,0.464557,0.841013,0,0.341864
0.4565,0.9,0.471907,0.824166,-8.13736e-19,0.349766,0.464557,0.841013,0,0.341864
0.4575,0.1,0.470573,0.827046,8.38035e-19,0.348384,0.463033,0.844347,0,0.340296
0.4575,0.3,0.470573,0.827046,1.80775e-38,0.348384,0.463033,0.844347,0,0.340296
0.4575,0.5,0.470573,0.827046,0,0.348384,0.463033,0.844347,0,0.340296
0.4575,0.7,0.470573,0.827046,-1.80775e-38,0.348384,0.463033,0.844347,0,0.340296
0.4575,0.9,0.470573,0.827046,-8.38035e-19,0.348384,0.463033,0.844347,0,0.340296
0.4585,0.1,0.469249,0.829908,8.13315e-19,0.347015,0.461513,0.84768,0,0.338733
0.4585,0.3,0.469249,0.829908,2.03185e-38,0.347015,0.461513,0.84768,0,0.338733
0.4585,0.5,0.469249,0.829908,0,0.347015,0.461513,0.84768,0,0.338733
0.4585,0.7,0.469249,0.829908,-2.03185e-38,0.347015,0.461513,0.84768,0,0.338733
0.4585,0.9,0.469249,0.829908,-8.13315e-19,0.347015,0.461513,0.84768,0,0.338733
0.4595,0.1,0.467937,0.832753,8.34479e-19,0.345659,0.459998,0.851013,0,0.337177
0.4595,0.3,0.467937,0.832753,2.30821e-38,0.345659,0.459998,0.851013,0,0.337177
0.4595,0.5,0.467937,0.832753,0,0.345659,0.459998,0.851013,0,0.337177
0.4595,0.7,0.467937,0.832753,-2.30821e-38,0.345659,0.459998,0.851013,0,0.337177
0.4595,0.9,0.467937,0.832753,-8.34479e-19,0.345659,0.459998,0.851013,0,0.337177
0.4605,0.1,0.466637,0.835579,8.73994e-19,0.344316,0.458486,0.854347,0,0.335627
0.4605,0.3,0.466637,0.835579,2.58527e-38,0.344316,0.458486,0.854347,0,0.335627
0.4605,0.5,0.466637,0.835579,0,0.344316,0.458486,0.854347,0,0.335627
0.4605,0.7,0.466637,0.835579,-2.58527e-38,0.344316,0.458486,0.854347,0,0.335627
0.4605,0.9,0.466637,0.835579,-8.73994e-19,0.344316,0.458486,0.854347,0,0.335627
0.4615,0.1,0.465348,0.838386,8.23683e-19,0.342987,0.456978,0.85768,0,0.334083
0.4615,0.3,0.465348,0.838386,2.78305e-38,0.342987,0.456978,0.85768,0,0.334083
0.4615,0.5,0.465348,0.838386,0,0.342987,0.456978,0.85768,0,0.334083
0.4615,0.7,0.465348,0.838386,-2.78305e-38,0.342987,0.456978,0.85768,0,0.334083
0.4615,0.9,0.465348,0.838386,-8.23683e-19,0.342987,0.456978,0.85768,0,0.334083
0.4625,0.1,0.464072,0.841172,8.22313e-19,0.341673,0.455475,0.861013,0,0.332545
0.4625,0.3,0.464072,0.841172,2.88965e-38,0.341673,0.455475,0.861013,0,0.332545
0.4625,0.5,0.464072,0.841172,0,0.341673,0.455475,0.861013,0,0.332545
0.4625,0.7,0.464072,0.841172,-2.88965e-38,0.341673,0.455475,0.861013,0,0.332545
0.4625,0.9,0.464072,0.841172,-8.22313e-19,0.341673,0.455475,0.861013,0,0.332545
0.4635,0.1,0.462808,0.843936,5.42012e-19,0.340373,0.453975,0.864347,0,0.331013
0.4635,0.3,0.462808,0.843936,2.86457e-38,0.340373,0.453975,0.864347,0,0.331013
0.4635,0.5,0.462808,0.843936,0,0.340373,0.453975,0.864347,0,0.331013
0.4635,0.7,0.462808,0.843936,-2.86457e-38,0.340373,0.453975,0.864347,0,0.331013
0.4635,0.9,0.462808,0.843936,-5.42012e-19,0.340373,0.453975,0.864347,0,0.331013
0.4645,0.1,0.461558,0.846678,4.62997e-19,0.339087,0.452479,0.86768,0,0.329487
0.4645,0.3,0.461558,0.846678,2.83218e-38,0.339087,0.452479,0.86768,0,0.329487
0.4645,0.5,0.461558,0.846678,0,0.339087,0.452479,0.86768,0,0.329487
0.4645,0.7,0.461558,0.846678,-2.83218e-38,0.339087,0.452479,0.86768,0,0.329487
0.4645,0.9,0.461558,0.846678,-4.62997e-19,0.339087,0.452479,0.86768,0,0.329487
0.4655,0.1,0.460321,0.849396,3.76995e-19,0.337817,0.450987,0.871013,0,0.327967
0.4655,0.3,0.460321,0.849396,2.78648e-38,0.337817,0.450987,0.871013,0,0.327967
0.4655,0.5,0.460321,0.849396,0,0.337817,0.450987,0.871013,0,0.327967
0.4655,0.7,0.460321,0.849396,-2.78648e-38,0.337817,0.450987,0.871013,0,0.327967
0.4655,0.9,0.460321,0.849396,-3.76995e-19,0.337817,0.450987,0.871013,0,0.327967
0.4665,0.1,0.459098,0.85209,3.76956e-19,0.336563,0.449499,0.874347,0,0.326453
0.4665,0.3,0.459098,0.85209,2.71608e-38,0.336563,0.449499,0.874347,0,0.326453
0.4665,0.5,0.459098,0.85209,0,0.336563,0.449499,0.874347,0,0.326453
0.4665,0.7,0.459098,0.85209,-2.71608e-38,0.336563,0.449499,0.874347,0,0.326453
0.4665,0.9,0.459098,0.85209,-3.76956e-19,0.336563,0.449499,0.874347,0,0.326453
0.4675,0.1,0.45789,0.854757,1.78113e-19,0.335325,0.448015,0.87768,0,0.324945
0.4675,0.3,0.45789,0.854757,2.63351e-38,0.335325,0.448015,0.87768,0,0.324945
0.4675,0.5,0.45789,0.854757,0,0.335325,0.448015,0.87768,0,0.324945
0.4675,0.7,0.45789,0.854757,-2.63351e-38,0.335325,0.448015,0.87768,0,0.324945
0.4675,0.9,0.45789,0.854757,-1.78113e-19,0.335325,0.448015,0.87768,0,0.324945
0.4685,0.1,0.456696,0.857397,-1.02691e-20,0.334103,0.446535,0.881013,0,0.323443
0.4685,0.3,0.456696,0.857397,2.58304e-38,0.334103,0.446535,0.881013,0,0.323443
0.4685,0.5,0.456696,0.857397,0,0.334103,0.446535,0.881013,0,0.323443
0.4685,0.7,0.456696,0.857397,-2.58304e-38,0.334103,0.446535,0.881013,0,0.323443
0.4685,0.9,0.456696,0.857397,1.02691e-20,0.334103,0.446535,0.881013,0,0.323443
0.4695,0.1,0.455518,0.860008,5.40092e-20,0.332899,0.445059,0.884347,0,0.321947
0.4695,0.3,0.455518,0.860008,2.5813e-38,0.332899,0.445059,0.884347,0,0.321947
0.4695,0.5,0.455518,0.860008,0,0.332899,0.445059,0.884347,0,0.321947
0.4695,0.7,0.455518,0.860008,-2.5813e-38,0.332899,0.445059,0.884347,0,0.321947
0.4695,0.9,0.455518,0.860008,-5.40092e-20,0.332899,0.445059,0.884347,0,0.321947
0.4705,0.1,0.454357,0.862589,2.91888e-20,0.331712,0.443587,0.88768,0,0.320458
0.4705,0.3,0.454357,0.862589,2.61948e-38,0.331712,0.443587,0.88768,0,0.320458
0.4705,0.5,0.454357,0.862589,0,0.331712,0.443587,0.88768,0,0.320458
0.4705,0.7,0.454357,0.862589,-2.61948e-38,0.331712,0.443587,0.88768,0,0.320458
0.4705,0.9,0.454357,0.862589,-2.91888e-20,0.331712,0.443587,0.88768,0,0.320458
0.4715,0.1,0.453211,0.865139,-8.83793e-20,0.330543,0.442119,0.891013,0,0.318973
0.4715,0.3,0.453211,0.865139,2.68638e-38,0.330543,0.442119,0.891013,0,0.318973
0.4715,0.5,0.453211,0.865139,0,0.330543,0.442119,0.891013,0,0.318973
0.4715,0.7,0.453211,0.865139,-2.68638e-38,0.330543,0.442119,0.891013,0,0.318973
0.4715,0.9,0.453211,0.865139,8.83793e-20,0.330543,0.442119,0.891013,0,0.318973
0.4725,0.1,0.452083,0.867656,-9.12736e-20,0.329393,0.440654,0.894347,0,0.317495
0.4725,0.3,0.452083,0.867656,2.77029e-38,0.329393,0.440654,0.894347,0,0.317495
0.4725,0.5,0.452083,0.867656,0,0.329393,0.440654,0.894347,0,0.317495
0.4725,0.7,0.452083,0.867656,-2.77029e-38,0.329393,0.440654,0.894347,0,0.317495
0.4725,0.9,0.452083,0.867656,9.12736e-20,0.329393,0.440654,0.894347,0,0.317495
0.4735,0.1,0.450973,0.870138,-3.86846e-21,0.328262,0.439194,0.89768,0,0.316023
0.4735,0.3,0.450973,0.870138,2.86184e-38,0.328262,0.439194,0.89768,0,0.316023
0.4735,0.5,0.450973,0.870138,0,0.328262,0.439194,0.89768,0,0.316023
0.4735,0.7,0.450973,0.870138,-2.86184e-38,0.328262,0.439194,0.89768,0,0.316023
0.4735,0.9,0.450973,0.870138,3.86846e-21,0.328262,0.439194,0.89768,0,0.316023
0.4745,0.1,0.449881,0.872584,1.55071e-20,0.32715,0.437737,0.901013,0,0.314557
0.4745,0.3,0.449881,0.872584,2.95458e-38,0.32715,0.437737,0.901013,0,0.314557
0.4745,0.5,0.449881,0.872584,0,0.32715,0.437737,0.901013,0,0.314557
0.4745,0.7,0.449881,0.872584,-2.95458e-38,0.32715,0.437737,0.901013,0,0.314557
0.4745,0.9,0.449881,0.872584,-1.55071e-20,0.32715,0.437737,0.901013,0,0.314557
0.4755,0.1,0.448808,0.874993,-7.21375e-20,0.326059,0.436284,0.904347,0,0.313096
0.4755,0.3,0.448808,0.874993,3.04584e-38,0.326059,0.436284,0.904347,0,0.313096
0.4755,0.5,0.448808,0.874993,0,0.326059,0.436284,0.904347,0,0.313096
0.4755,0.7,0.448808,0.874993,-3.04584e-38,0.326059,0.436284,0.904347,0,0.313096
0.4755,0.9,0.448808,0.874993,7.21375e-20,0.326059,0.436284,0.904347,0,0.313096
0.4765,0.1,0.447754,0.877363,-3.17679e-20,0.324989,0.434835,0.90768,0,0.311641
0.4765,0.3,0.447754,0.877363,3.13002e-38,0.324989,0.434835,0.90768,0,0.311641
0.4765,0.5,0.447754,0.877363,0,0.324989,0.434835,0.90768,0,0.311641
0.4765,0.7,0.447754,0.877363,-3.13002e-38,0.324989,0.434835,0.90768,0,0.311641
0.4765,0.9,0.447754,0.877363,3.17679e-20,0.324989,0.434835,0.90768,0,0.311641
0.4775,0.1,0.446721,0.879691,3.83395e-20,0.323941,0.43339,0.911013,0,0.310192
0.4775,0.3,0.446721,0.879691,3.19709e-38,0.323941,0.43339,0.911013,0,0.310192
0.4775,0.5,0.446721,0.879691,0,0.323941,0.43339,0.911013,0,0.310192
0.4775,0.7,0.446721,0.879691,-3.19709e-38,0.323941,0.43339,0.911013,0,0.310192
0.4775,0.9,0.446721,0.879691,-3.83395e-20,0.323941,0.43339,0.911013,0,0.310192
0.4785,0.1,0.445709,0.881977,9.42204e-20,0.322915,0.431949,0.914347,0,0.308749
0.4785,0.3,0.445709,0.881977,3.23373e-38,0.322915,0.431949,0.914347,0,0.308749
0.4785,0.5,0.445709,0.881977,0,0.322915,0.431949,0.914347,0,0.308749
0.4785,0.7,0.445709,0.881977,-3.23373e-38,0.322915,0.431949,0.914347,0,0.308749
0.4785,0.9,0.445709,0.881977,-9.42204e-20,0.322915,0.431949,0.914347,0,0.308749
0.4795,0.1,0.444719,0.884218,1.12538e-19,0.321911,0.430512,0.91768,0,0.307311
0.4795,0.3,0.444719,0.884218,3.22891e-38,0.321911,0.430512,0.91768,0,0.307311
0.4795,0.5,0.444719,0.884218,0,0.321911,0.430512,0.91768,0,0.307311
0.4795,0.7,0.444719,0.884218,-3.22891e-38,0.321911,0.430512,0.91768,0,0.307311
0.4795,0.9,0.444719,0.884218,-1.12538e-19,0.321911,0.430512,0.91768,0,0.307311
0.4805,0.1,0.443751,0.886413,1.01581e-19,0.320931,0.429078,0.921013,0,0.30588
0.4805,0.3,0.443751,0.886413,3.18166e-38,0.320931,0.429078,0.921013,0,0.30588
0.4805,0.5,0.443751,0.886413,0,0.320931,0.429078,0.921013,0,0.30588
0.4805,0.7,0.443751,0.886413,-3.18166e-38,0.320931,0.429078,0.921013,0,0.30588
0.4805,0.9,0.443751,0.886413,-1.01581e-19,0.320931,0.429078,0.921013,0,0.30588
0.4815,0.1,0.442805,0.88856,7.75662e-20,0.319975,0.427648,0.924347,0,0.304454
0.4815,0.3,0.442805,0.88856,3.09965e-38,0.319975,0.427648,0.924347,0,0.304454
0.4815,0.5,0.442805,0.88856,0,0.319975,0.427648,0.924347,0,0.304454
0.4815,0.7,0.442805,0.88856,-3.09965e-38,0.319975,0.427648,0.924347,0,0.304454
0.4815,0.9,0.442805,0.88856,-7.75662e-20,0.319975,0.427648,0.924347,0,0.304454
0.4825,0.1,0.441884,0.890657,5.01154e-20,0.319043,0.426319,0.927453,0,0.30313
0.4825,0.3,0.441884,0.890657,2.99461e-38,0.319043,0.426319,0.927453,0,0.30313
0.4825,0.5,0.441884,0.890657,0,0.319043,0.426319,0.927453,0,0.30313
0.4825,0.7,0.441884,0.890657,-2.99461e-38,0.319043,0.426319,0.927453,0,0.30313
0.4825,0.9,0.441884,0.890657,-5.01154e-20,0.319043,0.426319,0.927453,0,0.30313
0.4835,0.1,0.440987,0.892702,2.27683e-20,0.318137,0.426319,0.927453,0,0.30313
0.4835,0.3,0.440987,0.892702,2.87918e-38,0.318137,0.426319,0.927453,0,0.30313
0.4835,0.5,0.440987,0.892702,0,0.318137,0.426319,0.927453,0,0.30313
0.4835,0.7,0.440987,0.892702,-2.87918e-38,0.318137,0.426319,0.927453,0,0.30313
0.4835,0.9,0.440987,0.892702,-2.27683e-20,0.318137,0.426319,0.927453,0,0.30313
0.4845,0.1,0.440115,0.894694,-3.49784e-21,0.317257,0.426319,0.927453,0,0.30313
0.4845,0.3,0.440115,0.894694,2.76491e-38,0.317257,0.426319,0.927453,0,0.30313
0.4845,0.5,0.440115,0.894694,0,0.317257,0.426319,0.927453,0,0.30313
0.4845,0.7,0.440115,0.894694,-2.76491e-38,0.317257,0.426319,0.927453,0,0.30313
0.4845,0.9,0.440115,0.894694,3.49784e-21,0.317257,0.426319,0.927453,0,0.30313
0.4855,0.1,0.439268,0.896631,-2.76762e-20,0.316403,0.426319,0.927453,0,0.30313
0.4855,0.3,0.439268,0.896631,2.66085e-38,0.316403,0.426319,0.927453,0,0.30313
0.4855,0.5,0.439268,0.896631,0,0.316403,0.426319,0.927453,0,0.30313
0.4855,0.7,0.439268,0.896631,-2.66085e-38,0.316403,0.426319,0.927453,0,0.30313
0.4855,0.9,0.439268,0.896631,2.76762e-20,0.316403,0.426319,0.927453,0,0.30313
0.4865,0.1,0.438448,0.898511,-4.78811e-20,0.315576,0.426319,0.927453,0,0.30313
0.4865,0.3,0.438448,0.898511,2.57316e-38,0.315576,0.426319,0.927453,0,0.30313
0.4865,0.5,0.438448,0.898511,0,0.315576,0.426319,0.927453,0,0.30313
0.4865,0.7,0.438448,0.898511,-2.57316e-38,0.315576,0.426319,0.927453,0,0.30313
0.4865,0.9,0.438448,0.898511,4.78811e-20,0.315576,0.426319,0.927453,0,0.30313
0.4875,0.1,0.437655,0.900332,-6.19135e-20,0.314777,0.426319,0.927453,0,0.30313
0.4875,0.3,0.437655,0.900332,2.50488e-38,0.314777,0.426319,0.927453,0,0.30313
0.4875,0.5,0.437655,0.900332,0,0.314777,0.426319,0.927453,0,0.30313
0.4875,0.7,0.437655,0.900332,-2.50488e-38,0.314777,0.426319,0.927453,0,0.30313
0.4875,0.9,0.437655,0.900332,6.19135e-20,0.314777,0.426319,0.927453,0,0.30313
0.4885,0.1,0.436889,0.902093,-6.82436e-20,0.314006,0.426319,0.927453,0,0.30313
0.4885,0.3,0.436889,0.902093,2.45616e-38,0.314006,0.426319,0.927453,0,0.30313
0.4885,0.5,0.436889,0.902093,0,0.314006,0.426319,0.927453,0,0.30313
0.4885,0.7,0.436889,0.902093,-2.45616e-38,0.314006,0.426319,0.927453,0,0.30313
0.4885,0.9,0.436889,0.902093,6.82436e-20,0.314006,0.426319,0.927453,0,0.30313
0.4895,0.1,0.436151,0.903793,-6.65822e-20,0.313264,0.426319,0.927453,0,0.30313
0.4895,0.3,0.436151,0.903793,2.42497e-38,0.313264,0.426319,0.927453,0,0.30313
0.4895,0.5,0.436151,0.903793,0,0.313264,0.426319,0.927453,0,0.30313
0.4895,0.7,0.436151,0.903793,-2.42497e-38,0.313264,0.426319,0.927453,0,0.30313
0.4895,0.9,0.436151,0.903793,6.65822e-20,0.313264,0.426319,0.927453,0,0.30313
0.4905,0.1,0.435442,0.90543,-5.78238e-20,0.312551,0.426319,0.927453,0,0.30313
0.4905,0.3,0.435442,0.90543,2.40789e-38,0.312551,0.426319,0.927453,0,0.30313
0.4905,0.5,0.435442,0.90543,0,0.312551,0.426319,0.927453,0,0.30313
0.4905,0.7,0.435442,0.90543,-2.40789e-38,0.312551,0.426319,0.927453,0,0.30313
0.4905,0.9,0.435442,0.90543,5.78238e-20,0.312551,0.426319,0.927453,0,0.30313
0.4915,0.1,0.434761,0.907002,-4.359e-20,0.311867,0.426319,0.927453,0,0.30313
0.4915,0.3,0.434761,0.907002,2.40096e-38,0.311867,0.426319,0.927453,0,0.30313
0.4915,0.5,0.434761,0.907002,0,0.311867,0.426319,0.927453,0,0.30313
0.4915,0.7,0.434761,0.907002,-2.40096e-38,0.311867,0.426319,0.927453,0,0.30313
0.4915,0.9,0.434761,0.907002,4.359e-20,0.311867,0.426319,0.927453,0,0.30313
0.4925,0.1,0.43411,0.90851,-2.57076e-20,0.311213,0.426319,0.927453,0,0.30313
0.4925,0.3,0.43411,0.90851,2.40036e-38,0.311213,0.426319,0.927453,0,0.30313
0.4925,0.5,0.43411,0.90851,0,0.311213,0.426319,0.927453,0,0.30313
0.4925,0.7,0.43411,0.90851,-2.40036e-38,0.311213,0.426319,0.927453,0,0.30313
0.4925,0.9,0.43411,0.90851,2.57076e-20,0.311213,0.426319,0.927453,0,0.30313
0.4935,0.1,0.433488,0.909952,-5.83791e-21,0.310588,0.426319,0.927453,0,0.30313
0.4935,0.3,0.433488,0.909952,2.40279e-38,0.310588,0.426319,0.927453,0,0.30313
0.4935,0.5,0.433488,0.909952,0,0.310588,0.426319,0.927453,0,0.30313
0.4935,0.7,0.433488,0.909952,-2.40279e-38,0.310588,0.426319,0.927453,0,0.30313
0.4935,0.9,0.433488,0.909952,5.83791e-21,0.310588,0.426319,0.927453,0,0.30313
0.4945,0.1,0.432895,0.911327,1.46896e-20,0.309994,0.426319,0.927453,0,0.30313
0.4945,0.3,0.432895,0.911327,2.40568e-38,0.309994,0.426319,0.927453,0,0.30313
0.4945,0.5,0.432895,0.911327,0,0.309994,0.426319,0.927453,0,0.30313
0.4945,0.7,0.432895,0.911327,-2.40568e-38,0.309994,0.426319,0.927453,0,0.30313
0.4945,0.9,0.432895,0.911327,-1.46896e-20,0.309994,0.426319,0.927453,0,0.30313
0.4955,0.1,0.432332,0.912634,3.48848e-20,0.309429,0.426319,0.927453,0,0.30313
0.4955,0.3,0.432332,0.912634,2.40692e-38,0.309429,0.426319,0.927453,0,0.30313
0.4955,0.5,0.432332,0.912634,0,0.309429,0.426319,0.927453,0,0.30313
0.4955,0.7,0.432332,0.912634,-2.40692e-38,0.309429,0.426319,0.927453,0,0.30313
0.4955,0.9,0.432332,0.912634,-3.48848e-20,0.309429,0.426319,0.927453,0,0.30313
0.4965,0.1,0.4318,0.913875,5.4023e-20,0.308895,0.426319,0.927453,0,0.30313
0.4965,0.3,0.4318,0.913875,2.40461e-38,0.308895,0.426319,0.927453,0,0.30313
0.4965,0.5,0.4318,0.913875,0,0.308895,0.426319,0.927453,0,0.30313
0.4965,0.7,0.4318,0.913875,-2.40461e-38,0.308895,0.426319,0.927453,0,0.30313
0.4965,0.9,0.4318,0.913875,-5.4023e-20,0.308895,0.426319,0.927453,0,0.30313
0.4975,0.1,0.431296,0.915048,7.15525e-20,0.308391,0.426319,0.927453,0,0.30313
0.4975,0.3,0.431296,0.915048,2.39698e-38,0.308391,0.426319,0.927453,0,0.30313
0.4975,0.5,0.431296,0.915048,0,0.308391,0.426319,0.927453,0,0.30313
0.4975,0.7,0.431296,0.915048,-2.39698e-38,0.308391,0.426319,0.927453,0,0.30313
0.4975,0.9,0.431296,0.915048,-7.15525e-20,0.308391,0.426319,0.927453,0,0.30313
0.4985,0.1,0.430822,0.916153,8.70217e-20,0.307916,0.426319,0.927453,0,0.30313
0.4985,0.3,0.430822,0.916153,2.38237e-38,0.307916,0.426319,0.927453,0,0.30313
0.4985,0.5,0.430822,0.916153,0,0.307916,0.426319,0.927453,0,0.30313
0.4985,0.7,0.430822,0.916153,-2.38237e-38,0.307916,0.426319,0.927453,0,0.30313
0.4985,0.9,0.430822,0.916153,-8.70217e-20,0.307916,0.426319,0.927453,0,0.30313
0.4995,0.1,0.430377,0.917192,1.00037e-19,0.30747,0.426319,0.927453,0,0.30313
0.4995,0.3,0.430377,0.917192,2.35938e-38,0.30747,0.426319,0.927453,0,0.30313
0.4995,0.5,0.430377,0.917192,0,0.30747,0.426319,0.927453,0,0.30313
0.4995,0.7,0.430377,0.917192,-2.35938e-38,0.30747,0.426319,0.927453,0,0.30313
0.4995,0.9,0.430377,0.917192,-1.00037e-19,0.30747,0.426319,0.927453,0,0.30313
0.5005,0.1,0.429961,0.918165,1.1025e-19,0.307054,0.426319,0.927453,0,0.30313
0.5005,0.3,0.429961,0.918165,2.32692e-38,0.307054,0.426319,0.927453,0,0.30313
0.5005,0.5,0.429961,0.918165,0,0.307054,0.426319,0.927453,0,0.30313
0.5005,0.7,0.429961,0.918165,-2.32692e-38,0.307054,0.426319,0.927453,0,0.30313
0.5005,0.9,0.429961,0.918165,-1.1025e-19,0.307054,0.426319,0.927453,0,0.30313
0.5015,0.1,0.429573,0.919074,1.1737e-19,0.306666,0.426319,0.927453,0,0.30313
0.5015,0.3,0.429573,0.919074,2.28439e-38,0.306666,0.426319,0.927453,0,0.30313
0.5015,0.5,0.429573,0.919074,0,0.306666,0.426319,0.927453,0,0.30313
0.5015,0.7,0.429573,0.919074,-2.28439e-38,0.306666,0.426319,0.927453,0,0.30313
0.5015,0.9,0.429573,0.919074,-1.1737e-19,0.306666,0.426319,0.927453,0,0.30313
0.5025,0.1,0.429213,0.919918,1.21185e-19,0.306305,0.426319,0.927453,0,0.30313
0.5025,0.3,0.429213,0.919918,2.23183e-38,0.306305,0.426319,0.927453,0,0.30313
0.5025,0.5,0.429213,0.919918,0,0.306305,0.426319,0.927453,0,0.30313
0.5025,0.7,0.429213,0.919918,-2.23183e-38,0.306305,0.426319,0.927453,0,0.30313
0.5025,0.9,0.429213,0.919918,-1.21185e-19,0.306305,0.426319,0.927453,0,0.30313
0.5035,0.1,0.428879,0.920701,1.21597e-19,0.305971,0.426319,0.927453,0,0.30313
0.5035,0.3,0.428879,0.920701,2.17002e-38,0.305971,0.426319,0.927453,0,0.30313
0.5035,0.5,0.428879,0.920701,0,0.305971,0.426319,0.927453,0,0.30313
0.5035,0.7,0.428879,0.920701,-2.17002e-38,0.305971,0.426319,0.927453,0,0.30313
0.5035,0.9,0.428879,0.920701,-1.21597e-19,0.305971,0.426319,0.927453,0,0.30313
0.5045,0.1,0.428571,0.921423,1.18648e-19,0.305664,0.426319,0.927453,0,0.30313
0.5045,0.3,0.428571,0.921423,2.10051e-38,0.305664,0.426319,0.927453,0,0.30313
0.5045,0.5,0.428571,0.921423,0,0.305664,0.426319,0.927453,0,0.30313
0.5045,0.7,0.428571,0.921423,-2.10051e-38,0.305664,0.426319,0.927453,0,0.30313
0.5045,0.9,0.428571,0.921423,-1.18648e-19,0.305664,0.426319,0.927453,0,0.30313
0.5055,0.1,0.428289,0.922087,1.1255e-19,0.305381,0.426319,0.927453,0,0.30313
0.5055,0.3,0.428289,0.922087,2.02554e-38,0.305381,0.426319,0.927453,0,0.30313
0.5055,0.5,0.428289,0.922087,0,0.305381,0.426319,0.927453,0,0.30313
0.5055,0.7,0.428289,0.922087,-2.02554e-38,0.305381,0.426319,0.927453,0,0.30313
0.5055,0.9,0.428289,0.922087,-1.1255e-19,0.305381,0.426319,0.927453,0,0.30313
0.5065,0.1,0.42803,0.922695,1.03695e-19,0.305123,0.426319,0.927453,0,0.30313
0.5065,0.3,0.42803,0.922695,1.94789e-38,0.305123,0.426319,0.927453,0,0.30313
0.5065,0.5,0.42803,0.922695,0,0.305123,0.426319,0.927453,0,0.30313
0.5065,0.7,0.42803,0.922695,-1.94789e-38,0.305123,0.426319,0.927453,0,0.30313
0.5065,0.9,0.42803,0.922695,-1.03695e-19,0.305123,0.426319,0.927453,0,0.30313
0.5075,0.1,0.427794,0.92325,9.26555e-20,0.304888,0.426319,0.927453,0,0.30313
0.5075,0.3,0.427794,0.92325,1.87065e-38,0.304888,0.426319,0.927453,0,0.30313
0.5075,0.5,0.427794,0.92325,0,0.304888,0.426319,0.927453,0,0.30313
0.5075,0.7,0.427794,0.92325,-1.87065e-38,0.304888,0.426319,0.927453,0,0.30313
0.5075,0.9,0.427794,0.92325,-9.26555e-20,0.304888,0.426319,0.927453,0,0.30313
0.5085,0.1,0.42758,0.923753,8.01555e-20,0.304674,0.426319,0.927453,0,0.30313
0.5085,0.3,0.42758,0.923753,1.79686e-38,0.304674,0.426319,0.927453,0,0.30313
0.5085,0.5,0.42758,0.923753,0,0.304674,0.426319,0.927453,0,0.30313
0.5085,0.7,0.42758,0.923753,-1.79686e-38,0.304674,0.426319,0.927453,0,0.30313
0.5085,0.9,0.42758,0.923753,-8.01555e-20,0.304674,0.426319,0.927453,0,0.30313
0.5095,0.1,0.427387,0.924208,6.7024e-20,0.304481,0.426319,0.927453,0,0.30313
0.5095,0.3,0.427387,0.924208,1.72927e-38,0.304481,0.426319,0.927453,0,0.30313
0.5095,0.5,0.427387,0.924208,0,0.304481,0.426319,0.927453,0,0.30313
0.5095,0.7,0.427387,0.924208,-1.72927e-38,0.304481,0.426319,0.927453,0,0.30313
0.5095,0.9,0.427387,0.924208,-6.7024e-20,0.304481,0.426319,0.927453,0,0.30313
0.5105,0.1,0.427213,0.924618,5.413e-20,0.304308,0.426319,0.927453,0,0.30313
0.5105,0.3,0.427213,0.924618,1.67007e-38,0.304308,0.426319,0.927453,0,0.30313
0.5105,0.5,0.427213,0.924618,0,0.304308,0.426319,0.927453,0,0.30313
0.5105,0.7,0.427213,0.924618,-1.67007e-38,0.304308,0.426319,0.927453,0,0.30313
0.5105,0.9,0.427213,0.924618,-5.413e-20,0.304308,0.426319,0.927453,0,0.30313
0.5115,0.1,0.427057,0.924985,4.2309e-20,0.304152,0.426319,0.927453,0,0.30313
0.5115,0.3,0.427057,0.924985,1.62071e-38,0.304152,0.426319,0.927453,0,0.30313
0.5115,0.5,0.427057,0.924985,0,0.304152,0.426319,0.927453,0,0.30313
0.5115,0.7,0.427057,0.924985,-1.62071e-38,0.304152,0.426319,0.927453,0,0.30313
0.5115,0.9,0.427057,0.924985,-4.2309e-20,0.304152,0.426319,0.927453,0,0.30313
0.5125,0.1,0.426918,0.925313,3.22897e-20,0.304014,0.426319,0.927453,0,0.30313
0.5125,0.3,0.426918,0.925313,1.5819e-38,0.304014,0.426319,0.927453,0,0.30313
0.5125,0.5,0.426918,0.925313,0,0.304014,0.426319,0.927453,0,0.30313
0.5125,0.7,0.426918,0.925313,-1.5819e-38,0.304014,0.426319,0.927453,0,0.30313
0.5125,0.9,0.426918,0.925313,-3.22897e-20,0.304014,0.426319,0.927453,0,0.30313
0.5135,0.1,0.426795,0.925604,2.46315e-20,0.303891,0.426319,0.927453,0,0.30313
0.5135,0.3,0.426795,0.925604,1.55362e-38,0.303891,0.426319,0.927453,0,0.30313
0.5135,0.5,0.426795,0.925604,0,0.303891,0.426319,0.927453,0,0.30313
0.5135,0.7,0.426795,0.925604,-1.55362e-38,0.303891,0.426319,0.927453,0,0.30313
0.5135,0.9,0.426795,0.925604,-2.46315e-20,0.303891,0.426319,0.927453,0,0.30313
0.5145,0.1,0.426685,0.925861,1.96811e-20,0.303783,0.426319,0.927453,0,0.30313
0.5145,0.3,0.426685,0.925861,1.53522e-38,0.303783,0.426319,0.927453,0,0.30313
0.5145,0.5,0.426685,0.925861,0,0.303783,0.426319,0.927453,0,0.30313
0.5145,0.7,0.426685,0.925861,-1.53522e-38,0.303783,0.426319,0.927453,0,0.30313
0.5145,0.9,0.426685,0.925861,-1.96811e-20,0.303783,0.426319,0.927453,0,0.30313
0.5155,0.1,0.426589,0.926087,1.75528e-20,0.303687,0.426319,0.927453,0,0.30313
0.5155,0.3,0.426589,0.926087,1.52561e-38,0.303687,0.426319,0.927453,0,0.30313
0.5155,0.5,0.426589,0.926087,0,0.303687,0.426319,0.927453,0,0.30313
0.5155,0.7,0.426589,0.926087,-1.52561e-38,0.303687,0.426319,0.927453,0,0.30313
0.5155,0.9,0.426589,0.926087,-1.75528e-20,0.303687,0.426319,0.927453,0,0.30313
0.5165,0.1,0.426505,0.926285,1.81324e-20,0.303604,0.426319,0.927453,0,0.30313
0.5165,0.3,0.426505,0.926285,1.5233e-38,0.303604,0.426319,0.927453,0,0.30313
0.5165,0.5,0.426505,0.926285,0,0.303604,0.426319,0.927453,0,0.30313
0.5165,0.7,0.426505,0.926285,-1.5233e-38,0.303604,0.426319,0.927453,0,0.30313
0.5165,0.9,0.426505,0.926285,-1.81324e-20,0.303604,0.426319,0.927453,0,0.30313
0.5175,0.1,0.426431,0.926457,2.11046e-20,0.303531,0.426319,0.927453,0,0.30313
0.5175,0.3,0.426431,0.926457,1.52661e-38,0.303531,0.426319,0.927453,0,0.30313
0.5175,0.5,0.426431,0.926457,0,0.303531,0.426319,0.927453,0,0.30313
0.5175,0.7,0.426431,0.926457,-1.52661e-38,0.303531,0.426319,0.927453,0,0.30313
0.5175,0.9,0.426431,0.926457,-2.11046e-20,0.303531,0.426319,0.927453,0,0.30313
0.5185,0.1,0.426367,0.926607,2.59963e-20,0.303468,0.426319,0.927453,0,0.30313
0.5185,0.3,0.426367,0.926607,1.53367e-38,0.303468,0.426319,0.927453,0,0.30313
0.5185,0.5,0.426367,0.926607,0,0.303468,0.426319,0.927453,0,0.30313
0.5185,0.7,0.426367,0.926607,-1.53367e-38,0.303468,0.426319,0.927453,0,0.30313
0.5185,0.9,0.426367,0.926607,-2.59963e-20,0.303468,0.426319,0.927453,0,0.30313
0.5195,0.1,0.426312,0.926736,3.22327e-20,0.303414,0.426319,0.927453,0,0.30313
0.5195,0.3,0.426312,0.926736,1.54255e-38,0.303414,0.426319,0.927453,0,0.30313
0.5195,0.5,0.426312,0.926736,0,0.303414,0.426319,0.927453,0,0.30313
0.5195,0.7,0.426312,0.926736,-1.54255e-38,0.303414,0.426319,0.927453,0,0.30313
0.5195,0.9,0.426312,0.926736,-3.22327e-20,0.303414,0.426319,0.927453,0,0.30313
0.5205,0.1,0.426265,0.926847,3.91978e-20,0.303367,0.426319,0.927453,0,0.30313
0.5205,0.3,0.426265,0.926847,1.55134e-38,0.303367,0.426319,0.927453,0,0.30313
0.5205,0.5,0.426265,0.926847,0,0.303367,0.426319,0.927453,0,0.30313
0.5205,0.7,0.426265,0.926847,-1.55134e-38,0.303367,0.426319,0.927453,0,0.30313
0.5205,0.9,0.426265,0.926847,-3.91978e-20,0.303367,0.426319,0.927453,0,0.30313
0.5215,0.1,0.426224,0.926941,4.62932e-20,0.303327,0.426319,0.927453,0,0.30313
0.5215,0.3,0.426224,0.926941,1.5582e-38,0.303327,0.426319,0.927453,0,0.30313
0.5215,0.5,0.426224,0.926941,0,0.303327,0.426319,0.927453,0,0.30313
0.5215,0.7,0.426224,0.926941,-1.5582e-38,0.303327,0.426319,0.927453,0,0.30313
0.5215,0.9,0.426224,0.926941,-4.62932e-20,0.303327,0.426319,0.927453,0,0.30313
0.5225,0.1,0.426189,0.927022,5.29907e-20,0.303294,0.426319,0.927453,0,0.30313
0.5225,0.3,0.426189,0.927022,1.56156e-38,0.303294,0.426319,0.927453,0,0.30313
0.5225,0.5,0.426189,0.927022,0,0.303294,0.426319,0.927453,0,0.30313
0.5225,0.7,0.426189,0.927022,-1.56156e-38,0.303294,0.426319,0.927453,0,0.30313
0.5225,0.9,0.426189,0.927022,-5.29907e-20,0.303294,0.426319,0.927453,0,0.30313
0.5235,0.1,0.426159,0.92709,5.88735e-20,0.303265,0.426319,0.927453,0,0.30313
0.5235,0.3,0.426159,0.92709,1.56015e-38,0.303265,0.426319,0.927453,0,0.30313
0.5235,0.5,0.426159,0.92709,0,0.303265,0.426319,0.927453,0,0.30313
0.5235,0.7,0.426159,0.92709,-1.56015e-38,0.303265,0.426319,0.927453,0,0.30313
0.5235,0.9,0.426159,0.92709,-5.88735e-20,0.303265,0.426319,0.927453,0,0.30313
0.5245,0.1,0.426134,0.927147,6.36646e-20,0.303241,0.426319,0.927453,0,0.30313
0.5245,0.3,0.426134,0.927147,1.55318e-38,0.303241,0.426319,0.927453,0,0.30313
0.5245,0.5,0.426134,0.927147,0,0.303241,0.426319,0.927453,0,0.30313
0.5245,0.7,0.426134,0.927147,-1.55318e-38,0.303241,0.426319,0.927453,0,0.30313
0.5245,0.9,0.426134,0.927147,-6.36646e-20,0.303241,0.426319,0.927453,0,0.30313
0.5255,0.1,0.426112,0.927196,6.72399e-20,0.303221,0.426319,0.927453,0,0.30313
0.5255,0.3,0.426112,0.927196,1.54036e-38,0.303221,0.426319,0.927453,0,0.30313
0.5255,0.5,0.426112,0.927196,0,0.303221,0.426319,0.927453,0,0.30313
0.5255,0.7,0.426112,0.927196,-1.54036e-38,0.303221,0.426319,0.927453,0,0.30313
0.5255,0.9,0.426112,0.927196,-6.72399e-20,0.303221,0.426319,0.927453,0,0.30313
0.5265,0.1,0.426094,0.927236,6.96265e-20,0.303204,0.426319,0.927453,0,0.30313
0.5265,0.3,0.426094,0.927236,1.52194e-38,0.303204,0.426319,0.927453,0,0.30313
0.5265,0.5,0.426094,0.927236,0,0.303204,0.426319,0.927453,0,0.30313
0.5265,0.7,0.426094,0.927236,-1.52194e-38,0.303204,0.426319,0.927453,0,0.30313
0.5265,0.9,0.426094,0.927236,-6.96265e-20,0.303204,0.426319,0.927453,0,0.30313
0.5275,0.1,0.426079,0.927269,7.09881e-20,0.30319,0.426319,0.927453,0,0.30313
0.5275,0.3,0.426079,0.927269,1.49872e-38,0.30319,0.426319,0.927453,0,0.30313
0.5275,0.5,0.426079,0.927269,0,0.30319,0.426319,0.927453,0,0.30313
0.5275,0.7,0.426079,0.927269,-1.49872e-38,0.30319,0.426319,0.927453,0,0.30313
0.5275,0.9,0.426079,0.927269,-7.09881e-20,0.30319,0.426319,0.927453,0,0.30313
0.5285,0.1,0.426066,0.927297,7.15987e-20,0.303178,0.426319,0.927453,0,0.30313
0.5285,0.3,0.426066,0.927297,1.47193e-38,0.303178,0.426319,0.927453,0,0.30313
0.5285,0.5,0.426066,0.927297,0,0.303178,0.426319,0.927453,0,0.30313
0.5285,0.7,0.426066,0.927297,-1.47193e-38,0.303178,0.426319,0.927453,0,0.30313
0.5285,0.9,0.426066,0.927297,-7.15987e-20,0.303178,0.426319,0.927453,0,0.30313
0.5295,0.1,0.426055,0.927319,7.18088e-20,0.303169,0.426319,0.927453,0,0.30313
0.5295,0.3,0.426055,0.927319,1.44315e-38,0.303169,0.426319,0.927453,0,0.30313
0.5295,0.5,0.426055,0.927319,0,0.303169,0.426319,0.927453,0,0.30313
0.5295,0.7,0.426055,0.927319,-1.44315e-38,0.303169,0.426319,0.927453,0,0.30313
0.5295,0.9,0.426055,0.927319,-7.18088e-20,0.303169,0.426319,0.927453,0,0.30313
0.5305,0.1,0.426046,0.927338,7.20065e-20,0.303161,0.426319,0.927453,0,0.30313
0.5305,0.3,0.426046,0.927338,1.41419e-38,0.303161,0.426319,0.927453,0,0.30313
0.5305,0.5,0.426046,0.927338,0,0.303161,0.426319,0.927453,0,0.30313
0.5305,0.7,0.426046,0.927338,-1.41419e-38,0.303161,0.426319,0.927453,0,0.30313
0.5305,0.9,0.426046,0.927338,-7.20065e-20,0.303161,0.426319,0.927453,0,0.30313
0.5315,0.1,0.426038,0.927353,7.25782e-20,0.303154,0.426319,0.927453,0,0.30313
0.5315,0.3,0.426038,0.927353,1.38689e-38,0.303154,0.426319,0.927453,0,0.30313
0.5315,0.5,0.426038,0.927353,0,0.303154,0.426319,0.927453,0,0.30313
0.5315,0.7,0.426038,0.927353,-1.38689e-38,0.303154,0.426319,0.927453,0,0.30313
0.5315,0.9,0.426038,0.927353,-7.25782e-20,0.303154,0.426319,0.927453,0,0.30313
0.5325,0.1,0.426032,0.927365,7.38707e-20,0.303149,0.426319,0.927453,0,0.30313
0.5325,0.3,0.426032,0.927365,1.36305e-38,0.303149,0.426319,0.927453,0,0.30313
0.5325,0.5,0.426032,0.927365,0,0.303149,0.426319,0.927453,0,0.30313
0.5325,0.7,0.426032,0.927365,-1.36305e-38,0.303149,0.426319,0.927453,0,0.30313
0.5325,0.9,0.426032,0.927365,-7.38707e-20,0.303149,0.426319,0.927453,0,0.30313
0.5335,0.1,0.426026,0.927375,7.61599e-20,0.303145,0.426319,0.927453,0,0.30313
0.5335,0.3,0.426026,0.927375,1.34422e-38,0.303145,0.426319,0.927453,0,0.30313
0.5335,0.5,0.426026,0.927375,0,0.303145,0.426319,0.927453,0,0.30313
0.5335,0.7,0.426026,0.927375,-1.34422e-38,0.303145,0.426319,0.927453,0,0.30313
0.5335,0.9,0.426026,0.927375,-7.61599e-20,0.303145,0.426319,0.927453,0,0.30313
0.5345,0.1,0.426021,0.927383,7.96262e-20,0.303142,0.426319,0.927453,0,0.30313
0.5345,0.3,0.426021,0.927383,1.33164e-38,0.303142,0.426319,0.927453,0,0.30313
0.5345,0.5,0.426021,0.927383,0,0.303142,0.426319,0.927453,0,0.30313
0.5345,0.7,0.426021,0.927383,-1.33164e-38,0.303142,0.426319,0.927453,0,0.30313
0.5345,0.9,0.426021,0.927383,-7.96262e-20,0.303142,0.426319,0.927453,0,0.30313
0.5355,0.1,0.426017,0.92739,8.434e-20,0.303139,0.426319,0.927453,0,0.30313
0.5355,0.3,0.426017,0.92739,1.32608e-38,0.303139,0.426319,0.927453,0,0.30313
0.5355,0.5,0.426017,0.92739,0,0.303139,0.426319,0.927453,0,0.30313
0.5355,0.7,0.426017,0.92739,-1.32608e-38,0.303139,0.426319,0.927453,0,0.30313
0.5355,0.9,0.426017,0.92739,-8.434e-20,0.303139,0.426319,0.927453,0,0.30313
0.5365,0.1,0.426013,0.927395,9.02564e-20,0.303137,0.426319,0.927453,0,0.30313
0.5365,0.3,0.426013,0.927395,1.32782e-38,0.303137,0.426319,0.927453,0,0.30313
0.5365,0.5,0.426013,0.927395,0,0.303137,0.426319,0.927453,0,0.30313
0.5365,0.7,0.426013,0.927395,-1.32782e-38,0.303137,0.426319,0.927453,0,0.30313
0.5365,0.9,0.426013,0.927395,-9.02564e-20,0.303137,0.426319,0.927453,0,0.30313
0.5375,0.1,0.42601,0.927399,9.72202e-20,0.303135,0.426319,0.927453,0,0.30313
0.5375,0.3,0.42601,0.927399,1.33652e-38,0.303135,0.426319,0.927453,0,0.30313
0.5375,0.5,0.42601,0.927399,0,0.303135,0.426319,0.927453,0,0.30313
0.5375,0.7,0.42601,0.927399,-1.33652e-38,0.303135,0.426319,0.927453,0,0.30313
0.5375,0.9,0.42601,0.927399,-9.72202e-20,0.303135,0.426319,0.927453,0,0.30313
0.5385,0.1,0.426007,0.927402,1.04979e-19,0.303134,0.426319,0.927453,0,0.30313
0.5385,0.3,0.426007,0.927402,1.35127e-38,0.303134,0.426319,0.927453,0,0.30313
0.5385,0.5,0.426007,0.927402,0,0.303134,0.426319,0.927453,0,0.30313
0.5385,0.7,0.426007,0.927402,-1.35127e-38,0.303134,0.426319,0.927453,0,0.30313
0.5385,0.9,0.426007,0.927402,-1.04979e-19,0.303134,0.426319,0.927453,0,0.30313
0.5395,0.1,0.426004,0.927405,1.13203e-19,0.303132,0.426319,0.927453,0,0.30313
0.5395,0.3,0.426004,0.927405,1.3706e-38,0.303132,0.426319,0.927453,0,0.30313
0.5395,0.5,0.426004,0.927405,0,0.303132,0.426319,0.927453,0,0.30313
0.5395,0.7,0.426004,0.927405,-1.3706e-38,0.303132,0.426319,0.927453,0,0.30313
0.5395,0.9,0.426004,0.927405,-1.13203e-19,0.303132,0.426319,0.927453,0,0.30313
0.5405,0.1,0.426002,0.927407,1.2151e-19,0.303132,0.426319,0.927453,0,0.30313
0.5405,0.3,0.426002,0.927407,1.39255e-38,0.303132,0.426319,0.927453,0,0.30313
0.5405,0.5,0.426002,0.927407,0,0.303132,0.426319,0.927453,0,0.30313
0.5405,0.7,0.426002,0.927407,-1.39255e-38,0.303132,0.426319,0.927453,0,0.30313
0.5405,0.9,0.426002,0.927407,-1.2151e-19,0.303132,0.426319,0.927453,0,0.30313
0.5415,0.1,0.426,0.927409,1.29493e-19,0.303131,0.426319,0.927453,0,0.30313
0.5415,0.3,0.426,0.927409,1.41479e-38,0.303131,0.426319,0.927453,0,0.30313
0.5415,0.5,0.426,0.927409,0,0.303131,0.426319,0.927453,0,0.30313
0.5415,0.7,0.426,0.927409,-1.41479e-38,0.303131,0.426319,0.927453,0,0.30313
0.5415,0.9,0.426,0.927409,-1.29493e-19,0.303131,0.426319,0.927453,0,0.30313
0.5425,0.1,0.425997,0.92741,1.36745e-19,0.30313,0.426319,0.927453,0,0.30313
0.5425,0.3,0.425997,0.92741,1.43484e-38,0.30313,0.426319,0.927453,0,0.30313
0.5425,0.5,0.425997,0.92741,0,0.30313,0.426319,0.927453,0,0.30313
0.5425,0.7,0.425997,0.92741,-1.43484e-38,0.30313,0.426319,0.927453,0,0.30313
0.5425,0.9,0.425997,0.92741,-1.36745e-19,0.30313,0.426319,0.927453,0,0.30313
0.5435,0.1,0.425995,0.927411,1.42887e-19,0.30313,0.426319,0.927453,0,0.30313
0.5435,0.3,0.425995,0.927411,1.45018e-38,0.30313,0.426319,0.927453,0,0.30313
0.5435,0.5,0.425995,0.927411,0,0.30313,0.426319,0.927453,0,0.30313
0.5435,0.7,0.425995,0.927411,-1.45018e-38,0.30313,0.426319,0.927453,0,0.30313
0.5435,0.9,0.425995,0.927411,-1.42887e-19,0.30313,0.426319,0.927453,0,0.30313
0.5445,0.1,0.425993,0.927412,1.47588e-19,0.303129,0.426319,0.927453,0,0.30313
0.5445,0.3,0.425993,0.927412,1.45852e-38,0.303129,0.426319,0.927453,0,0.30313
0.5445,0.5,0.425993,0.927412,0,0.303129,0.426319,0.927453,0,0.30313
0.5445,0.7,0.425993,0.927412,-1.45852e-38,0.303129,0.426319,0.927453,0,0.30313
0.5445,0.9,0.425993,0.927412,-1.47588e-19,0.303129,0.426319,0.927453,0,0.30313
0.5455,0.1,0.425991,0.927412,1.50578e-19,0.303129,0.426319,0.927453,0,0.30313
0.5455,0.3,0.425991,0.927412,1.45795e-38,0.303129,0.426319,0.927453,0,0.30313
0.5455,0.5,0.425991,0.927412,0,0.303129,0.426319,0.927453,0,0.30313
0.5455,0.7,0.425991,0.927412,-1.45795e-38,0.303129,0.426319,0.927453,0,0.30313
0.5455,0.9,0.425991,0.927412,-1.50578e-19,0.303129,0.426319,0.927453,0,0.30313
0.5465,0.1,0.42599,0.927413,1.51667e-19,0.303129,0.426319,0.927453,0,0.30313
0.5465,0.3,0.42599,0.927413,1.44712e-38,0.303129,0.426319,0.927453,0,0.30313
0.5465,0.5,0.42599,0.927413,0,0.303129,0.426319,0.927453,0,0.30313
0.5465,0.7,0.42599,0.927413,-1.44712e-38,0.303129,0.426319,0.927453,0,0.30313
0.5465,0.9,0.42599,0.927413,-1.51667e-19,0.303129,0.426319,0.927453,0,0.30313
0.5475,0.1,0.425988,0.927413,1.50741e-19,0.303129,0.426319,0.927453,0,0.30313
0.5475,0.3,0.425988,0.927413,1.42532e-38,0.303129,0.426319,0.927453,0,0.30313
0.5475,0.5,0.425988,0.927413,0,0.303129,0.426319,0.927453,0,0.30313
0.5475,0.7,0.425988,0.927413,-1.42532e-38,0.303129,0.426319,0.927453,0,0.30313
0.5475,0.9,0.425988,0.927413,-1.50741e-19,0.303129,0.426319,0.927453,0,0.30313
0.5485,0.1,0.425986,0.927414,1.47773e-19,0.303128,0.426319,0.927453,0,0.30313
0.5485,0.3,0.425986,0.927414,1.39251e-38,0.303128,0.426319,0.927453,0,0.30313
0.5485,0.5,0.425986,0.927414,0,0.303128,0.426319,0.927453,0,0.30313
0.5485,0.7,0.425986,0.927414,-1.39251e-38,0.303128,0.426319,0.927453,0,0.30313
0.5485,0.9,0.425986,0.927414,-1.47773e-19,0.303128,0.426319,0.927453,0,0.30313
0.5495,0.1,0.425984,0.927414,1.4281e-19,0.303128,0.426319,0.927453,0,0.30313
0.5495,0.3,0.425984,0.927414,1.34936e-38,0.303128,0.426319,0.927453,0,0.30313
0.5495,0.5,0.425984,0.927414,0,0.303128,0.426319,0.927453,0,0.30313
0.5495,0.7,0.425984,0.927414,-1.34936e-38,0.303128,0.426319,0.927453,0,0.30313
0.5495,0.9,0.425984,0.927414,-1.4281e-19,0.303128,0.426319,0.927453,0,0.30313
0.5505,0.1,0.425982,0.927414,1.35971e-19,0.303128,0.426319,0.927453,0,0.30313
0.5505,0.3,0.425982,0.927414,1.29709e-38,0.303128,0.426319,0.927453,0,0.30313
0.5505,0.5,0.425982,0.927414,0,0.303128,0.426319,0.927453,0,0.30313
0.5505,0.7,0.425982,0.927414,-1.29709e-38,0.303128,0.426319,0.927453,0,0.30313
0.5505,0.9,0.425982,0.927414,-1.35971e-19,0.303128,0.426319,0.927453,0,0.30313
0.5515,0.1,0.42598,0.927414,1.27434e-19,0.303128,0.426319,0.927453,0,0.30313
0.5515,0.3,0.42598,0.927414,1.23741e-38,0.303128,0.426319,0.927453,0,0.30313
0.5515,0.5,0.42598,0.927414,0,0.303128,0.426319,0.927453,0,0.30313
0.5515,0.7,0.42598,0.927414,-1.23741e-38,0.303128,0.426319,0.927453,0,0.30313
0.5515,0.9,0.42598,0.927414,-1.27434e-19,0.303128,0.426319,0.927453,0,0.30313
0.5525,0.1,0.425978,0.927414,1.17426e-19,0.303128,0.426319,0.927453,0,0.30313
0.5525,0.3,0.425978,0.927414,1.17234e-38,0.303128,0.426319,0.927453,0,0.30313
0.5525,0.5,0.425978,0.927414,0,0.303128,0.426319,0.927453,0,0.30313
0.5525,0.7,0.425978,0.927414,-1.17234e-38,0.303128,0.426319,0.927453,0,0.30313
0.5525,0.9,0.425978,0.927414,-1.17426e-19,0.303128,0.426319,0.927453,0,0.30313
0.5535,0.1,0.425976,0.927414,1.06208e-19,0.303128,0.426319,0.927453,0,0.30313
0.5535,0.3,0.425976,0.927414,1.10406e-38,0.303128,0.426319,0.927453,0,0.30313
0.5535,0.5,0.425976,0.927414,0,0.303128,0.426319,0.927453,0,0.30313
0.5535,0.7,0.425976,0.927414,-1.10406e-38,0.303128,0.426319,0.927453,0,0.30313
0.5535,0.9,0.425976,0.927414,-1.06208e-19,0.303128,0.426319,0.927453,0,0.30313
0.5545,0.1,0.425975,0.927415,9.40633e-20,0.303128,0.426319,0.927453,0,0.30313
0.5545,0.3,0.425975,0.927415,1.03473e-38,0.303128,0.426319,0.927453,0,0.30313
0.5545,0.5,0.425975,0.927415,0,0.303128,0.426319,0.927453,0,0.30313
0.5545,0.7,0.425975,0.927415,-1.03473e-38,0.303128,0.426319,0.927453,0,0.30313
0.5545,0.9,0.425975,0.927415,-9.40633e-20,0.303128,0.426319,0.927453,0,0.30313
0.5555,0.1,0.425973,0.927415,8.12852e-20,0.303128,0.426319,0.927453,0,0.30313
0.5555,0.3,0.425973,0.927415,9.66363e-39,0.303128,0.426319,0.927453,0,0.30313
0.5555,0.5,0.425973,0.927415,0,0.303128,0.426319,0.927453,0,0.30313
0.5555,0.7,0.425973,0.927415,-9.66363e-39,0.303128,0.426319,0.927453,0,0.30313
0.5555,0.9,0.425973,0.927415,-8.12852e-20,0.303128,0.426319,0.927453,0,0.30313
0.5565,0.1,0.425971,0.927415,6.81647e-20,0.303128,0.426319,0.927453,0,0.30313
0.5565,0.3,0.425971,0.927415,9.00706e-39,0.303128,0.426319,0.927453,0,0.30313
0.5565,0.5,0.425971,0.927415,0,0.303128,0.426319,0.927453,0,0.30313
0.5565,0.7,0.425971,0.927415,-9.00706e-39,0.303128,0.426319,0.927453,0,0.30313
0.5565,0.9,0.425971,0.927415,-6.81647e-20,0.303128,0.426319,0.927453,0,0.30313
0.5575,0.1,0.425969,0.927415,5.49817e-20,0.303128,0.426319,0.927453,0,0.30313
0.5575,0.3,0.425969,0.927415,8.39164e-39,0.303128,0.426319,0.927453,0,0.30313
0.5575,0.5,0.425969,0.927415,0,0.303128,0.426319,0.927453,0,0.30313
0.5575,0.7,0.425969,0.927415,-8.39164e-39,0.303128,0.426319,0.927453,0,0.30313
0.5575,0.9,0.425969,0.927415,-5.49817e-20,0.303128,0.426319,0.927453,0,0.30313
0.5585,0.1,0.425967,0.927415,4.19969e-20,0.303128,0.426319,0.927453,0,0.30313
0.5585,0.3,0.425967,0.927415,7.82766e-39,0.303128,0.426319,0.927453,0,0.30313
0.5585,0.5,0.425967,0.927415,0,0.303128,0.426319,0.927453,0,0.30313
0.5585,0.7,0.425967,0.927415,-7.82766e-39,0.303128,0.426319,0.927453,0,0.30313
0.5585,0.9,0.425967,0.927415,-4.19969e-20,0.303128,0.426319,0.927453,0,0.30313
0.5595,0.1,0.425965,0.927415,2.94464e-20,0.303128,0.426319,0.927453,0,0.30313
0.5595,0.3,0.425965,0.927415,7.32153e-39,0.303128,0.426319,0.927453,0,0.30313
0.5595,0.5,0.425965,0.927415,0,0.303128,0.426319,0.927453,0,0.30313
0.5595,0.7,0.425965,0.927415,-7.32153e-39,0.303128,0.426319,0.927453,0,0.30313
0.5595,0.9,0.425965,0.927415,-2.94464e-20,0.303128,0.426319,0.927453,0,0.30313
0.5605,0.1,0.425963,0.927415,1.75373e-20,0.303127,0.426319,0.927453,0,0.30313
0.5605,0.3,0.425963,0.927415,6.87609e-39,0.303127,0.426319,0.927453,0,0.30313
0.5605,0.5,0.425963,0.927415,0,0.303127,0.426319,0.927453,0,0.30313
0.5605,0.7,0.425963,0.927415,-6.87609e-39,0.303127,0.426319,0.927453,0,0.30313
0.5605,0.9,0.425963,0.927415,-1.75373e-20,0.303127,0.426319,0.927453,0,0.30313
0.5615,0.1,0.425961,0.927415,6.44574e-21,0.303127,0.426319,0.927453,0,0.30313
0.5615,0.3,0.425961,0.927415,6.49107e-39,0.303127,0.426319,0.927453,0,0.30313
0.5615,0.5,0.425961,0.927415,0,0.303127,0.426319,0.927453,0,0.30313
0.5615,0.7,0.425961,0.927415,-6.49107e-39,0.303127,0.426319,0.927453,0,0.30313
0.5615,0.9,0.425961,0.927415,-6.44574e-21,0.303127,0.426319,0.927453,0,0.30313
0.5625,0.1,0.425959,0.927415,-3.68359e-21,0.303127,0.426319,0.927453,0,0.30313
0.5625,0.3,0.425959,0.927415,6.16376e-39,0.303127,0.426319,0.927453,0,0.30313
0.5625,0.5,0.425959,0.927415,0,0.303127,0.426319,0.927453,0,0.30313
0.5625,0.7,0.425959,0.927415,-6.16376e-39,0.303127,0.426319,0.927453,0,0.30313
0.5625,0.9,0.425959,0.927415,3.68359e-21,0.303127,0.426319,0.927453,0,0.30313
0.5635,0.1,0.425957,0.927415,-1.27372e-20,0.303127,0.426319,0.927453,0,0.30313
0.5635,0.3,0.425957,0.927415,5.88993e-39,0.303127,0.426319,0.927453,0,0.30313
0.5635,0.5,0.425957,0.927415,0,0.303127,0.426319,0.927453,0,0.30313
0.5635,0.7,0.425957,0.927415,-5.88993e-39,0.303127,0.426319,0.927453,0,0.30313
0.5635,0.9,0.425957,0.927415,1.27372e-20,0.303127,0.426319,0.927453,0,0.30313
0.5645,0.1,0.425955,0.927415,-2.0631e-20,0.303127,0.426319,0.927453,0,0.30313
0.5645,0.3,0.425955,0.927415,5.665e-39,0.303127,0.426319,0.927453,0,0.30313
0.5645,0.5,0.425955,0.927415,0,0.303127,0.426319,0.927453,0,0.30313
0.5645,0.7,0.425955,0.927415,-5.665e-39,0.303127,0.426319,0.927453,0,0.30313
0.5645,0.9,0.425955,0.927415,2.0631e-20,0.303127,0.426319,0.927453,0,0.30313
0.5655,0.1,0.425952,0.927415,-2.73085e-20,0.303127,0.426319,0.927453,0,0.30313
0.5655,0.3,0.425952,0.927415,5.48431e-39,0.303127,0.426319,0.927453,0,0.30313
0.5655,0.5,0.425952,0.927415,0,0.303127,0.426319,0.927453,0,0.30313
0.5655,0.7,0.425952,0.927415,-5.48431e-39,0.303127,0.426319,0.927453,0,0.30313
0.5655,0.9,0.425952,0.927415,2.73085e-20,0.303127,0.426319,0.927453,0,0.30313
0.5665,0.1,0.42595,0.927415,-3.27384e-20,0.303127,0.426319,0.927453,0,0.30313
0.5665,0.3,0.42595,0.927415,5.34335e-39,0.303127,0.426319,0.927453,0,0.30313
0.5665,0.5,0.42595,0.927415,0,0.303127,0.426319,0.927453,0,0.30313
0.5665,0.7,0.42595,0.927415,-5.34335e-39,0.303127,0.426319,0.927453,0,0.30313
0.5665,0.9,0.42595,0.927415,3.27384e-20,0.303127,0.426319,0.927453,0,0.30313
0.5675,0.1,0.425948,0.927415,-3.69126e-20,0.303127,0.426319,0.927453,0,0.30313
0.5675,0.3,0.425948,0.927415,5.23778e-39,0.303127,0.426319,0.927453,0,0.30313
0.5675,0.5,0.425948,0.927415,0,0.303127,0.426319,0.927453,0,0.30313
0.5675,0.7,0.425948,0.927415,-5.23778e-39,0.303127,0.426319,0.927453,0,0.30313
0.5675,0.9,0.425948,0.927415,3.69126e-20,0.303127,0.426319,0.927453,0,0.30313
0.5685,0.1,0.425946,0.927415,-3.98433e-20,0.303127,0.426319,0.927453,0,0.30313
0.5685,0.3,0.425946,0.927415,5.16354e-39,0.303127,0.426319,0.927453,0,0.30313
0.5685,0.5,0.425946,0.927415,0,0.303127,0.426319,0.927453,0,0.30313
0.5685,0.7,0.425946,0.927415,-5.16354e-39,0.303127,0.426319,0.927453,0,0.30313
0.5685,0.9,0.425946,0.927415,3.98433e-20,0.303127,0.426319,0.927453,0,0.30313
0.5695,0.1,0.425944,0.927415,-4.15617e-20,0.303127,0.426319,0.927453,0,0.30313
0.5695,0.3,0.425944,0.927415,5.11684e-39,0.303127,0.426319,0.927453,0,0.30313
0.5695,0.5,0.425944,0.927415,0,0.303127,0.426319,0.927453,0,0.30313
0.5695,0.7,0.425944,0.927415,-5.11684e-39,0.303127,0.426319,0.927453,0,0.30313
0.5695,0.9,0.425944,0.927415,4.15617e-20,0.303127,0.426319,0.927453,0,0.30313
0.5705,0.1,0.425941,0.927416,-4.21159e-20,0.303127,0.426319,0.927453,0,0.30313
0.5705,0.3,0.425941,0.927416,5.09417e-39,0.303127,0.426319,0.927453,0,0.30313
0.5705,0.5,0.425941,0.927416,0,0.303127,0.426319,0.927453,0,0.30313
0.5705,0.7,0.425941,0.927416,-5.09417e-39,0.303127,0.426319,0.927453,0,0.30313
0.5705,0.9,0.425941,0.927416,4.21159e-20,0.303127,0.426319,0.927453,0,0.30313
0.5715,0.1,0.425939,0.927416,-4.15694e-20,0.303127,0.426319,0.927453,0,0.30313
0.5715,0.3,0.425939,0.927416,5.09229e-39,0.303127,0.426319,0.927453,0,0.30313
0.5715,0.5,0.425939,0.927416,0,0.303127,0.426319,0.927453,0,0.30313
0.5715,0.7,0.425939,0.927416,-5.09229e-39,0.303127,0.426319,0.927453,0,0.30313
0.5715,0.9,0.425939,0.927416,4.15694e-20,0.303127,0.426319,0.927453,0,0.30313
0.5725,0.1,0.425937,0.927416,-3.99997e-20,0.303127,0.426319,0.927453,0,0.30313
0.5725,0.3,0.425937,0.927416,5.10821e-39,0.303127,0.426319,0.927453,0,0.30313
0.5725,0.5,0.425937,0.927416,0,0.303127,0.426319,0.927453,0,0.30313
0.5725,0.7,0.425937,0.927416,-5.10821e-39,0.303127,0.426319,0.927453,0,0.30313
0.5725,0.9,0.425937,0.927416,3.99997e-20,0.303127,0.426319,0.927453,0,0.30313
0.5735,0.1,0.425935,0.927416,-3.74969e-20,0.303127,0.426319,0.927453,0,0.30313
0.5735,0.3,0.425935,0.927416,5.13917e-39,0.303127,0.426319,0.927453,0,0.30313
0.5735,0.5,0.425935,0.927416,0,0.303127,0.426319,0.927453,0,0.30313
0.5735,0.7,0.425935,0.927416,-5.13917e-39,0.303127,0.426319,0.927453,0,0.30313
0.5735,0.9,0.425935,0.927416,3.74969e-20,0.303127,0.426319,0.927453,0,0.30313
0.5745,0.1,0.425932,0.927416,-3.41619e-20,0.303127,0.426319,0.927453,0,0.30313
0.5745,0.3,0.425932,0.927416,5.18258e-39,0.303127,0.426319,0.927453,0,0.30313
0.5745,0.5,0.425932,0.927416,0,0.303127,0.426319,0.927453,0,0.30313
0.5745,0.7,0.425932,0.927416,-5.18258e-39,0.303127,0.426319,0.927453,0,0.30313
0.5745,0.9,0.425932,0.927416,3.41619e-20,0.303127,0.426319,0.927453,0,0.30313
0.5755,0.1,0.42593,0.927416,-3.01051e-20,0.303127,0.426319,0.927453,0,0.30313
0.5755,0.3,0.42593,0.927416,5.23608e-39,0.303127,0.426319,0.927453,0,0.30313
0.5755,0.5,0.42593,0.927416,0,0.303127,0.426319,0.927453,0,0.30313
0.5755,0.7,0.42593,0.927416,-5.23608e-39,0.303127,0.426319,0.927453,0,0.30313
0.5755,0.9,0.42593,0.927416,3.01051e-20,0.303127,0.426319,0.927453,0,0.30313
0.5765,0.1,0.425927,0.927416,-2.54445e-20,0.303126,0.426319,0.927453,0,0.30313
0.5765,0.3,0.425927,0.927416,5.29746e-39,0.303126,0.426319,0.927453,0,0.30313
0.5765,0.5,0.425927,0.927416,0,0.303126,0.426319,0.927453,0,0.30313
0.5765,0.7,0.425927,0.927416,-5.29746e-39,0.303126,0.426319,0.927453,0,0.30313
0.5765,0.9,0.425927,0.927416,2.54445e-20,0.303126,0.426319,0.927453,0,0.30313
0.5775,0.1,0.425925,0.927416,-2.03036e-20,0.303126,0.426319,0.927453,0,0.30313
0.5775,0.3,0.425925,0.927416,5.36466e-39,0.303126,0.426319,0.927453,0,0.30313
0.5775,0.5,0.425925,0.927416,0,0.303126,0.426319,0.927453,0,0.30313
0.5775,0.7,0.425925,0.927416,-5.36466e-39,0.303126,0.426319,0.927453,0,0.30313
0.5775,0.9,0.425925,0.927416,2.03036e-20,0.303126,0.426319,0.927453,0,0.30313
0.5785,0.1,0.425922,0.927416,-1.48092e-20,0.303126,0.426319,0.927453,0,0.30313
0.5785,0.3,0.425922,0.927416,5.43582e-39,0.303126,0.426319,0.927453,0,0.30313
0.5785,0.5,0.425922,0.927416,0,0.303126,0.426319,0.927453,0,0.30313
0.5785,0.7,0.425922,0.927416,-5.43582e-39,0.303126,0.426319,0.927453,0,0.30313
0.5785,0.9,0.425922,0.927416,1.48092e-20,0.303126,0.426319,0.927453,0,0.30313
0.5795,0.1,0.42592,0.927416,-9.08926e-21,0.303126,0.426319,0.927453,0,0.30313
0.5795,0.3,0.42592,0.927416,5.5092e-39,0.303126,0.426319,0.927453,0,0.30313
0.5795,0.5,0.42592,0.927416,0,0.303126,0.426319,0.927453,0,0.30313
0.5795,0.7,0.42592,0.927416,-5.5092e-39,0.303126,0.426319,0.927453,0,0.30313
0.5795,0.9,0.42592,0.927416,9.08926e-21,0.303126,0.426319,0.927453,0,0.30313
0.5805,0.1,0.425917,0.927416,-3.27081e-21,0.303126,0.426319,0.927453,0,0.30313
0.5805,0.3,0.425917,0.927416,5.58325e-39,0.303126,0.426319,0.927453,0,0.30313
0.5805,0.5,0.425917,0.927416,0,0.303126,0.426319,0.927453,0,0.30313
0.5805,0.7,0.425917,0.927416,-5.58325e-39,0.303126,0.426319,0.927453,0,0.30313
0.5805,0.9,0.425917,0.927416,3.27081e-21,0.303126,0.426319,0.927453,0,0.30313
0.5815,0.1,0.425915,0.927416,2.52251e-21,0.303126,0.426319,0.927453,0,0.30313
0.5815,0.3,0.425915,0.927416,5.65652e-39,0.303126,0.426319,0.927453,0,0.30313
0.5815,0.5,0.425915,0.927416,0,0.303126,0.426319,0.927453,0,0.30313
0.5815,0.7,0.425915,0.927416,-5.65652e-39,0.303126,0.426319,0.927453,0,0.30313
0.5815,0.9,0.425915,0.927416,-2.52251e-21,0.303126,0.426319,0.927453,0,0.30313
0.5825,0.1,0.425912,0.927416,8.17238e-21,0.303126,0.426319,0.927453,0,0.30313
0.5825,0.3,0.425912,0.927416,5.72757e-39,0.303126,0.426319,0.927453,0,0.30313
0.5825,0.5,0.425912,0.927416,0,0.303126,0.426319,0.927453,0,0.30313
0.5825,0.7,0.425912,0.927416,-5.72757e-39,0.303126,0.426319,0.927453,0,0.30313
0.5825,0.9,0.425912,0.927416,-8.17238e-21,0.303126,0.426319,0.927453,0,0.30313
0.5835,0.1,0.42591,0.927416,1.35677e-20,0.303126,0.426319,0.927453,0,0.30313
0.5835,0.3,0.42591,0.927416,5.79476e-39,0.303126,0.426319,0.927453,0,0.30313
0.5835,0.5,0.42591,0.927416,0,0.303126,0.426319,0.927453,0,0.30313
0.5835,0.7,0.42591,0.927416,-5.79476e-39,0.303126,0.426319,0.927453,0,0.30313
0.5835,0.9,0.42591,0.927416,-1.35677e-20,0.303126,0.426319,0.927453,0,0.30313
0.5845,0.1,0.425907,0.927416,1.86061e-20,0.303126,0.426319,0.927453,0,0.30313
0.5845,0.3,0.425907,0.927416,5.8562e-39,0.303126,0.426319,0.927453,0,0.30313
0.5845,0.5,0.425907,0.927416,0,0.303126,0.426319,0.927453,0,0.30313
0.5845,0.7,0.425907,0.927416,-5.8562e-39,0.303126,0.426319,0.927453,0,0.30313
0.5845,0.9,0.425907,0.927416,-1.86061e-20,0.303126,0.426319,0.927453,0,0.30313
0.5855,0.1,0.425904,0.927416,2.31956e-20,0.303126,0.426319,0.927453,0,0.30313
0.5855,0.3,0.425904,0.927416,5.9099e-39,0.303126,0.426319,0.927453,0,0.30313
0.5855,0.5,0.425904,0.927416,0,0.303126,0.426319,0.927453,0,0.30313
0.5855,0.7,0.425904,0.927416,-5.9099e-39,0.303126,0.426319,0.927453,0,0.30313
0.5855,0.9,0.425904,0.927416,-2.31956e-20,0.303126,0.426319,0.927453,0,0.30313
0.5865,0.1,0.425902,0.927416,2.7256e-20,0.303126,0.426319,0.927453,0,0.30313
0.5865,0.3,0.425902,0.927416,5.9538e-39,0.303126,0.426319,0.927453,0,0.30313
0.5865,0.5,0.425902,0.927416,0,0.303126,0.426319,0.927453,0,0.30313
0.5865,0.7,0.425902,0.927416,-5.9538e-39,0.303126,0.426319,0.927453,0,0.30313
0.5865,0.9,0.425902,0.927416,-2.7256e-20,0.303126,0.426319,0.927453,0,0.30313
0.5875,0.1,0.425899,0.927416,3.07193e-20,0.303126,0.426319,0.927453,0,0.30313
0.5875,0.3,0.425899,0.927416,5.98595e-39,0.303126,0.426319,0.927453,0,0.30313
0.5875,0.5,0.425899,0.927416,0,0.303126,0.426319,0.927453,0,0.30313
0.5875,0.7,0.425899,0.927416,-5.98595e-39,0.303126,0.426319,0.927453,0,0.30313
0.5875,0.9,0.425899,0.927416,-3.07193e-20,0.303126,0.426319,0.927453,0,0.30313
0.5885,0.1,0.425896,0.927416,3.35314e-20,0.303126,0.426319,0.927453,0,0.30313
0.5885,0.3,0.425896,0.927416,6.00457e-39,0.303126,0.426319,0.927453,0,0.30313
0.5885,0.5,0.425896,0.927416,0,0.303126,0.426319,0.927453,0,0.30313
0.5885,0.7,0.425896,0.927416,-6.00457e-39,0.303126,0.426319,0.927453,0,0.30313
0.5885,0.9,0.425896,0.927416,-3.35314e-20,0.303126,0.426319,0.927453,0,0.30313
0.5895,0.1,0.425893,0.927416,3.5652e-20,0.303126,0.426319,0.927453,0,0.30313
0.5895,0.3,0.425893,0.927416,6.00822e-39,0.303126,0.426319,0.927453,0,0.30313
0.5895,0.5,0.425893,0.927416,0,0.303126,0.426319,0.927453,0,0.30313
0.5895,0.7,0.425893,0.927416,-6.00822e-39,0.303126,0.426319,0.927453,0,0.30313
0.5895,0.9,0.425893,0.927416,-3.5652e-20,0.303126,0.426319,0.927453,0,0.30313
0.5905,0.1,0.42589,0.927416,3.70559e-20,0.303126,0.426319,0.927453,0,0.30313
0.5905,0.3,0.42589,0.927416,5.99582e-39,0.303126,0.426319,0.927453,0,0.30313
0.5905,0.5,0.42589,0.927416,0,0.303126,0.426319,0.927453,0,0.30313
0.5905,0.7,0.42589,0.927416,-5.99582e-39,0.303126,0.426319,0.927453,0,0.30313
0.5905,0.9,0.42589,0.927416,-3.70559e-20,0.303126,0.426319,0.927453,0,0.30313
0.5915,0.1,0.425887,0.927416,3.7733e-20,0.303126,0.426319,0.927453,0,0.30313
0.5915,0.3,0.425887,0.927416,5.9668e-39,0.303126,0.426319,0.927453,0,0.30313
0.5915,0.5,0.425887,0.927416,0,0.303126,0.426319,0.927453,0,0.30313
0.5915,0.7,0.425887,0.927416,-5.9668e-39,0.303126,0.426319,0.927453,0,0.30313
0.5915,0.9,0.425887,0.927416,-3.7733e-20,0.303126,0.426319,0.927453,0,0.30313
0.5925,0.1,0.425884,0.927416,3.76885e-20,0.303126,0.426319,0.927453,0,0.30313
0.5925,0.3,0.425884,0.927416,5.92107e-39,0.303126,0.426319,0.927453,0,0.30313
0.5925,0.5,0.425884,0.927416,0,0.303126,0.426319,0.927453,0,0.30313
0.5925,0.7,0.425884,0.927416,-5.92107e-39,0.303126,0.426319,0.927453,0,0.30313
0.5925,0.9,0.425884,0.927416,-3.76885e-20,0.303126,0.426319,0.927453,0,0.30313
0.5935,0.1,0.425881,0.927416,3.69432e-20,0.303126,0.426319,0.927453,0,0.30313
0.5935,0.3,0.425881,0.927416,5.85909e-39,0.303126,0.426319,0.927453,0,0.30313
0.5935,0.5,0.425881,0.927416,0,0.303126,0.426319,0.927453,0,0.30313
0.5935,0.7,0.425881,0.927416,-5.85909e-39,0.303126,0.426319,0.927453,0,0.30313
0.5935,0.9,0.425881,0.927416,-3.69432e-20,0.303126,0.426319,0.927453,0,0.30313
0.5945,0.1,0.425878,0.927416,3.55327e-20,0.303125,0.426319,0.927453,0,0.30313
0.5945,0.3,0.425878,0.927416,5.78185e-39,0.303125,0.426319,0.927453,0,0.30313
0.5945,0.5,0.425878,0.927416,0,0.303125,0.426319,0.927453,0,0.30313
0.5945,0.7,0.425878,0.927416,-5.78185e-39,0.303125,0.426319,0.927453,0,0.30313
0.5945,0.9,0.425878,0.927416,-3.55327e-20,0.303125,0.426319,0.927453,0,0.30313
0.5955,0.1,0.425875,0.927416,3.35071e-20,0.303125,0.426319,0.927453,0,0.30313
0.5955,0.3,0.425875,0.927416,5.69079e-39,0.303125,0.426319,0.927453,0,0.30313
0.5955,0.5,0.425875,0.927416,0,0.303125,0.426319,0.927453,0,0.30313
0.5955,0.7,0.425875,0.927416,-5.69079e-39,0.303125,0.426319,0.927453,0,0.30313
0.5955,0.9,0.425875,0.927416,-3.35071e-20,0.303125,0.426319,0.927453,0,0.30313
0.5965,0.1,0.425872,0.927416,3.09302e-20,0.303125,0.426319,0.927453,0,0.30313
0.5965,0.3,0.425872,0.927416,5.58774e-39,0.303125,0.426319,0.927453,0,0.30313
0.5965,0.5,0.425872,0.927416,0,0.303125,0.426319,0.927453,0,0.30313
0.5965,0.7,0.425872,0.927416,-5.58774e-39,0.303125,0.426319,0.927453,0,0.30313
0.5965,0.9,0.425872,0.927416,-3.09302e-20,0.303125,0.426319,0.927453,0,0.30313
0.5975,0.1,0.425869,0.927416,2.78778e-20,0.303125,0.426319,0.927453,0,0.30313
0.5975,0.3,0.425869,0.927416,5.47486e-39,0.303125,0.426319,0.927453,0,0.30313
0.5975,0.5,0.425869,0.927416,0,0.303125,0.426319,0.927453,0,0.30313
0.5975,0.7,0.425869,0.927416,-5.47486e-39,0.303125,0.426319,0.927453,0,0.30313
0.5975,0.9,0.425869,0.927416,-2.78778e-20,0.303125,0.426319,0.927453,0,0.30313
0.5985,0.1,0.425866,0.927416,2.44361e-20,0.303125,0.426319,0.927453,0,0.30313
0.5985,0.3,0.425866,0.927416,5.35447e-39,0.303125,0.426319,0.927453,0,0.30313
0.5985,0.5,0.425866,0.927416,0,0.303125,0.426319,0.927453,0,0.30313
0.5985,0.7,0.425866,0.927416,-5.35447e-39,0.303125,0.426319,0.927453,0,0.30313
0.5985,0.9,0.425866,0.927416,-2.44361e-20,0.303125,0.426319,0.927453,0,0.30313
0.5995,0.1,0.425862,0.927416,2.07e-20,0.303125,0.426319,0.927453,0,0.30313
0.5995,0.3,0.425862,0.927416,5.22903e-39,0.303125,0.426319,0.927453,0,0.30313
0.5995,0.5,0.425862,0.927416,0,0.303125,0.426319,0.927453,0,0.30313
0.5995,0.7,0.425862,0.927416,-5.22903e-39,0.303125,0.426319,0.927453,0,0.30313
0.5995,0.9,0.425862,0.927416,-2.07e-20,0.303125,0.426319,0.927453,0,0.30313
0.6005,0.1,0.425859,0.927417,1.67703e-20,0.303125,0.426319,0.927453,0,0.30313
0.6005,0.3,0.425859,0.927417,5.10096e-39,0.303125,0.426319,0.927453,0,0.30313
0.6005,0.5,0.425859,0.927417,0,0.303125,0.426319,0.927453,0,0.30313
0.6005,0.7,0.425859,0.927417,-5.10096e-39,0.303125,0.426319,0.927453,0,0.30313
0.6005,0.9,0.425859,0.927417,-1.67703e-20,0.303125,0.426319,0.927453,0,0.30313
0.6015,0.1,0.425856,0.927417,1.2752e-20,0.303125,0.426319,0.927453,0,0.30313
0.6015,0.3,0.425856,0.927417,4.9726e-39,0.303125,0.426319,0.927453,0,0.30313
0.6015,0.5,0.425856,0.927417,0,0.303125,0.426319,0.927453,0,0.30313
0.6015,0.7,0.425856,0.927417,-4.9726e-39,0.303125,0.426319,0.927453,0,0.30313
0.6015,0.9,0.425856,0.927417,-1.2752e-20,0.303125,0.426319,0.927453,0,0.30313
0.6025,0.1,0.425852,0.927417,8.75088e-21,0.303125,0.426319,0.927453,0,0.30313
0.6025,0.3,0.425852,0.927417,4.84612e-39,0.303125,0.426319,0.927453,0,0.30313
0.6025,0.5,0.425852,0.927417,0,0.303125,0.426319,0.927453,0,0.30313
0.6025,0.7,0.425852,0.927417,-4.84612e-39,0.303125,0.426319,0.927453,0,0.30313
0.6025,0.9,0.425852,0.927417,-8.75088e-21,0.303125,0.426319,0.927453,0,0.30313
0.6035,0.1,0.425849,0.927417,4.87135e-21,0.303125,0.426319,0.927453,0,0.30313
0.6035,0.3,0.425849,0.927417,4.7235e-39,0.303125,0.426319,0.927453,0,0.30313
0.6035,0.5,0.425849,0.927417,0,0.303125,0.426319,0.927453,0,0.30313
0.6035,0.7,0.425849,0.927417,-4.7235e-39,0.303125,0.426319,0.927453,0,0.30313
0.6035,0.9,0.425849,0.927417,-4.87135e-21,0.303125,0.426319,0.927453,0,0.30313
0.6045,0.1,0.425845,0.927417,1.21382e-21,0.303125,0.426319,0.927453,0,0.30313
0.6045,0.3,0.425845,0.927417,4.60649e-39,0.303125,0.426319,0.927453,0,0.30313
0.6045,0.5,0.425845,0.927417,0,0.303125,0.426319,0.927453,0,0.30313
0.6045,0.7,0.425845,0.927417,-4.60649e-39,0.303125,0.426319,0.927453,0,0.30313
0.6045,0.9,0.425845,0.927417,-1.21382e-21,0.303125,0.426319,0.927453,0,0.30313
0.6055,0.1,0.425842,0.927417,-2.1278e-21,0.303125,0.426319,0.927453,0,0.30313
0.6055,0.3,0.425842,0.927417,4.49661e-39,0.303125,0.426319,0.927453,0,0.30313
0.6055,0.5,0.425842,0.927417,0,0.303125,0.426319,0.927453,0,0.30313
0.6055,0.7,0.425842,0.927417,-4.49661e-39,0.303125,0.426319,0.927453,0,0.30313
0.6055,0.9,0.425842,0.927417,2.1278e-21,0.303125,0.426319,0.927453,0,0.30313
0.6065,0.1,0.425838,0.927417,-5.06832e-21,0.303125,0.426319,0.927453,0,0.30313
0.6065,0.3,0.425838,0.927417,4.39524e-39,0.303125,0.426319,0.927453,0,0.30313
0.6065,0.5,0.425838,0.927417,0,0.303125,0.426319,0.927453,0,0.30313
0.6065,0.7,0.425838,0.927417,-4.39524e-39,0.303125,0.426319,0.927453,0,0.30313
0.6065,0.9,0.425838,0.927417,5.06832e-21,0.303125,0.426319,0.927453,0,0.30313
0.6075,0.1,0.425834,0.927417,-7.53321e-21,0.303125,0.426319,0.927453,0,0.30313
0.6075,0.3,0.425834,0.927417,4.30363e-39,0.303125,0.426319,0.927453,0,0.30313
0.6075,0.5,0.425834,0.927417,0,0.303125,0.426319,0.927453,0,0.30313
0.6075,0.7,0.425834,0.927417,-4.30363e-39,0.303125,0.426319,0.927453,0,0.30313
0.6075,0.9,0.425834,0.927417,7.53321e-21,0.303125,0.426319,0.927453,0,0.30313
0.6085,0.1,0.425831,0.927417,-9.46027e-21,0.303125,0.426319,0.927453,0,0.30313
0.6085,0.3,0.425831,0.927417,4.22294e-39,0.303125,0.426319,0.927453,0,0.30313
0.6085,0.5,0.425831,0.927417,0,0.303125,0.426319,0.927453,0,0.30313
0.6085,0.7,0.425831,0.927417,-4.22294e-39,0.303125,0.426319,0.927453,0,0.30313
0.6085,0.9,0.425831,0.927417,9.46027e-21,0.303125,0.426319,0.927453,0,0.30313
0.6095,0.1,0.425827,0.927417,-1.0801e-20,0.303125,0.426319,0.927453,0,0.30313
0.6095,0.3,0.425827,0.927417,4.15411e-39,0.303125,0.426319,0.927453,0,0.30313
0.6095,0.5,0.425827,0.927417,0,0.303125,0.426319,0.927453,0,0.30313
0.6095,0.7,0.425827,0.927417,-4.15411e-39,0.303125,0.426319,0.927453,0,0.30313
0.6095,0.9,0.425827,0.927417,1.0801e-20,0.303125,0.426319,0.927453,0,0.30313
0.6105,0.1,0.425823,0.927417,-1.15214e-20,0.303125,0.426319,0.927453,0,0.30313
0.6105,0.3,0.425823,0.927417,4.09793e-39,0.303125,0.426319,0.927453,0,0.30313
0.6105,0.5,0.425823,0.927417,0,0.303125,0.426319,0.927453,0,0.30313
0.6105,0.7,0.425823,0.927417,-4.09793e-39,0.303125,0.426319,0.927453,0,0.30313
0.6105,0.9,0.425823,0.927417,1.15214e-20,0.303125,0.426319,0.927453,0,0.30313
0.6115,0.1,0.425819,0.927417,-1.16029e-20,0.303125,0.426319,0.927453,0,0.30313
0.6115,0.3,0.425819,0.927417,4.05494e-39,0.303125,0.426319,0.927453,0,0.30313
0.6115,0.5,0.425819,0.927417,0,0.303125,0.426319,0.927453,0,0.30313
0.6115,0.7,0.425819,0.927417,-4.05494e-39,0.303125,0.426319,0.927453,0,0.30313
0.6115,0.9,0.425819,0.927417,1.16029e-20,0.303125,0.426319,0.927453,0,0.30313
0.6125,0.1,0.425815,0.927417,-1.10425e-20,0.303124,0.426319,0.927453,0,0.30313
0.6125,0.3,0.425815,0.927417,4.02542e-39,0.303124,0.426319,0.927453,0,0.30313
0.6125,0.5,0.425815,0.927417,0,0.303124,0.426319,0.927453,0,0.30313
0.6125,0.7,0.425815,0.927417,-4.02542e-39,0.303124,0.426319,0.927453,0,0.30313
0.6125,0.9,0.425815,0.927417,1.10425e-20,0.303124,0.426319,0.927453,0,0.30313
0.6135,0.1,0.425811,0.927417,-9.85267e-21,0.303124,0.426319,0.927453,0,0.30313
0.6135,0.3,0.425811,0.927417,4.0094e-39,0.303124,0.426319,0.927453,0,0.30313
0.6135,0.5,0.425811,0.927417,0,0.303124,0.426319,0.927453,0,0.30313
0.6135,0.7,0.425811,0.927417,-4.0094e-39,0.303124,0.426319,0.927453,0,0.30313
0.6135,0.9,0.425811,0.927417,9.85267e-21,0.303124,0.426319,0.927453,0,0.30313
0.6145,0.1,0.425807,0.927417,-8.06094e-21,0.303124,0.426319,0.927453,0,0.30313
0.6145,0.3,0.425807,0.927417,4.00663e-39,0.303124,0.426319,0.927453,0,0.30313
0.6145,0.5,0.425807,0.927417,0,0.303124,0.426319,0.927453,0,0.30313
0.6145,0.7,0.425807,0.927417,-4.00663e-39,0.303124,0.426319,0.927453,0,0.30313
0.6145,0.9,0.425807,0.927417,8.06094e-21,0.303124,0.426319,0.927453,0,0.30313
0.6155,0.1,0.425803,0.927417,-5.70934e-21,0.303124,0.426319,0.927453,0,0.30313
0.6155,0.3,0.425803,0.927417,4.01655e-39,0.303124,0.426319,0.927453,0,0.30313
0.6155,0.5,0.425803,0.927417,0,0.303124,0.426319,0.927453,0,0.30313
0.6155,0.7,0.425803,0.927417,-4.01655e-39,0.303124,0.426319,0.927453,0,0.30313
0.6155,0.9,0.425803,0.927417,5.70934e-21,0.303124,0.426319,0.927453,0,0.30313
0.6165,0.1,0.425799,0.927417,-2.85326e-21,0.303124,0.426319,0.927453,0,0.30313
0.6165,0.3,0.425799,0.927417,4.03836e-39,0.303124,0.426319,0.927453,0,0.30313
0.6165,0.5,0.425799,0.927417,0,0.303124,0.426319,0.927453,0,0.30313
0.6165,0.7,0.425799,0.927417,-4.03836e-39,0.303124,0.426319,0.927453,0,0.30313
0.6165,0.9,0.425799,0.927417,2.85326e-21,0.303124,0.426319,0.927453,0,0.30313
0.6175,0.1,0.425794,0.927417,4.3986e-22,0.303124,0.426319,0.927453,0,0.30313
0.6175,0.3,0.425794,0.927417,4.07095e-39,0.303124,0.426319,0.927453,0,0.30313
0.6175,0.5,0.425794,0.927417,0,0.303124,0.426319,0.927453,0,0.30313
0.6175,0.7,0.425794,0.927417,-4.07095e-39,0.303124,0.426319,0.927453,0,0.30313
0.6175,0.9,0.425794,0.927417,-4.3986e-22,0.303124,0.426319,0.927453,0,0.30313
0.6185,0.1,0.42579,0.927417,4.09215e-21,0.303124,0.426319,0.927453,0,0.30313
0.6185,0.3,0.42579,0.927417,4.11295e-39,0.303124,0.426319,0.927453,0,0.30313
0.6185,0.5,0.42579,0.927417,0,0.303124,0.426319,0.927453,0,0.30313
0.6185,0.7,0.42579,0.927417,-4.11295e-39,0.303124,0.426319,0.927453,0,0.30313
0.6185,0.9,0.42579,0.927417,-4.09215e-21,0.303124,0.426319,0.927453,0,0.30313
0.6195,0.1,0.425785,0.927417,8.01721e-21,0.303124,0.426319,0.927453,0,0.30313
0.6195,0.3,0.425785,0.927417,4.16264e-39,0.303124,0.426319,0.927453,0,0.30313
0.6195,0.5,0.425785,0.927417,0,0.303124,0.426319,0.927453,0,0.30313
0.6195,0.7,0.425785,0.927417,-4.16264e-39,0.303124,0.426319,0.927453,0,0.30313
0.6195,0.9,0.425785,0.927417,-8.01721e-21,0.303124,0.426319,0.927453,0,0.30313
0.6205,0.1,0.425781,0.927417,1.21222e-20,0.303124,0.426319,0.927453,0,0.30313
0.6205,0.3,0.425781,0.927417,4.21787e-39,0.303124,0.426319,0.927453,0,0.30313
0.6205,0.5,0.425781,0.927417,0,0.303124,0.426319,0.927453,0,0.30313
0.6205,0.7,0.425781,0.927417,-4.21787e-39,0.303124,0.426319,0.927453,0,0.30313
0.6205,0.9,0.425781,0.927417,-1.21222e-20,0.303124,0.426319,0.927453,0,0.30313
0.6215,0.1,0.425776,0.927417,1.63103e-20,0.303124,0.426319,0.927453,0,0.30313
0.6215,0.3,0.425776,0.927417,4.27613e-39,0.303124,0.426319,0.927453,0,0.30313
0.6215,0.5,0.425776,0.927417,0,0.303124,0.426319,0.927453,0,0.30313
0.6215,0.7,0.425776,0.927417,-4.27613e-39,0.303124,0.426319,0.927453,0,0.30313
0.6215,0.9,0.425776,0.927417,-1.63103e-20,0.303124,0.426319,0.927453,0,0.30313
0.6225,0.1,0.425771,0.927417,2.0483e-20,0.303124,0.426319,0.927453,0,0.30313
0.6225,0.3,0.425771,0.927417,4.33456e-39,0.303124,0.426319,0.927453,0,0.30313
0.6225,0.5,0.425771,0.927417,0,0.303124,0.426319,0.927453,0,0.30313
0.6225,0.7,0.425771,0.927417,-4.33456e-39,0.303124,0.426319,0.927453,0,0.30313
0.6225,0.9,0.425771,0.927417,-2.0483e-20,0.303124,0.426319,0.927453,0,0.30313
0.6235,0.1,0.425767,0.927417,2.45428e-20,0.303124,0.426319,0.927453,0,0.30313
0.6235,0.3,0.425767,0.927417,4.39004e-39,0.303124,0.426319,0.927453,0,0.30313
0.6235,0.5,0.425767,0.927417,0,0.303124,0.426319,0.927453,0,0.30313
0.6235,0.7,0.425767,0.927417,-4.39004e-39,0.303124,0.426319,0.927453,0,0.30313
0.6235,0.9,0.425767,0.927417,-2.45428e-20,0.303124,0.426319,0.927453,0,0.30313
0.6245,0.1,0.425762,0.927417,2.83958e-20,0.303124,0.426319,0.927453,0,0.30313
0.6245,0.3,0.425762,0.927417,4.43931e-39,0.303124,0.426319,0.927453,0,0.30313
0.6245,0.5,0.425762,0.927417,0,0.303124,0.426319,0.927453,0,0.30313
0.6245,0.7,0.425762,0.927417,-4.43931e-39,0.303124,0.426319,0.927453,0,0.30313
0.6245,0.9,0.425762,0.927417,-2.83958e-20,0.303124,0.426319,0.927453,0,0.30313
0.6255,0.1,0.425757,0.927417,3.19542e-20,0.303124,0.426319,0.927453,0,0.30313
0.6255,0.3,0.425757,0.927417,4.47912e-39,0.303124,0.426319,0.927453,0,0.30313
0.6255,0.5,0.425757,0.927417,0,0.303124,0.426319,0.927453,0,0.30313
0.6255,0.7,0.425757,0.927417,-4.47912e-39,0.303124,0.426319,0.927453,0,0.30313
0.6255,0.9,0.425757,0.927417,-3.19542e-20,0.303124,0.426319,0.927453,0,0.30313
0.6265,0.1,0.425752,0.927417,3.51385e-20,0.303124,0.426319,0.927453,0,0.30313
0.6265,0.3,0.425752,0.927417,4.50633e-39,0.303124,0.426319,0.927453,0,0.30313
0.6265,0.5,0.425752,0.927417,0,0.303124,0.426319,0.927453,0,0.30313
0.6265,0.7,0.425752,0.927417,-4.50633e-39,0.303124,0.426319,0.927453,0,0.30313
0.6265,0.9,0.425752,0.927417,-3.51385e-20,0.303124,0.426319,0.927453,0,0.30313
0.6275,0.1,0.425746,0.927417,3.78803e-20,0.303124,0.426319,0.927453,0,0.30313
0.6275,0.3,0.425746,0.927417,4.51814e-39,0.303124,0.426319,0.927453,0,0.30313
0.6275,0.5,0.425746,0.927417,0,0.303124,0.426319,0.927453,0,0.30313
0.6275,0.7,0.425746,0.927417,-4.51814e-39,0.303124,0.426319,0.927453,0,0.30313
0.6275,0.9,0.425746,0.927417,-3.78803e-20,0.303124,0.426319,0.927453,0,0.30313
0.6285,0.1,0.425741,0.927417,4.01233e-20,0.303124,0.426319,0.927453,0,0.30313
0.6285,0.3,0.425741,0.927417,4.51217e-39,0.303124,0.426319,0.927453,0,0.30313
0.6285,0.5,0.425741,0.927417,0,0.303124,0.426319,0.927453,0,0.30313
0.6285,0.7,0.425741,0.927417,-4.51217e-39,0.303124,0.426319,0.927453,0,0.30313
0.6285,0.9,0.425741,0.927417,-4.01233e-20,0.303124,0.426319,0.927453,0,0.30313
0.6295,0.1,0.425736,0.927417,4.18255e-20,0.303124,0.426319,0.927453,0,0.30313
0.6295,0.3,0.425736,0.927417,4.48666e-39,0.303124,0.426319,0.927453,0,0.30313
0.6295,0.5,0.425736,0.927417,0,0.303124,0.426319,0.927453,0,0.30313
0.6295,0.7,0.425736,0.927417,-4.48666e-39,0.303124,0.426319,0.927453,0,0.30313
0.6295,0.9,0.425736,0.927417,-4.18255e-20,0.303124,0.426319,0.927453,0,0.30313
0.6305,0.1,0.42573,0.927417,4.296e-20,0.303124,0.426319,0.927453,0,0.30313
0.6305,0.3,0.42573,0.927417,4.44049e-39,0.303124,0.426319,0.927453,0,0.30313
0.6305,0.5,0.42573,0.927417,0,0.303124,0.426319,0.927453,0,0.30313
0.6305,0.7,0.42573,0.927417,-4.44049e-39,0.303124,0.426319,0.927453,0,0.30313
0.6305,0.9,0.42573,0.927417,-4.296e-20,0.303124,0.426319,0.927453,0,0.30313
0.6315,0.1,0.425725,0.927417,4.35155e-20,0.303124,0.426319,0.927453,0,0.30313
0.6315,0.3,0.425725,0.927417,4.37332e-39,0.303124,0.426319,0.927453,0,0.30313
0.6315,0.5,0.425725,0.927417,0,0.303124,0.426319,0.927453,0,0.30313
0.6315,0.7,0.425725,0.927417,-4.37332e-39,0.303124,0.426319,0.927453,0,0.30313
0.6315,0.9,0.425725,0.927417,-4.35155e-20,0.303124,0.426319,0.927453,0,0.30313
0.6325,0.1,0.425719,0.927417,4.34966e-20,0.303123,0.426319,0.927453,0,0.30313
0.6325,0.3,0.425719,0.927417,4.28553e-39,0.303123,0.426319,0.927453,0,0.30313
0.6325,0.5,0.425719,0.927417,0,0.303123,0.426319,0.927453,0,0.30313
0.6325,0.7,0.425719,0.927417,-4.28553e-39,0.303123,0.426319,0.927453,0,0.30313
0.6325,0.9,0.425719,0.927417,-4.34966e-20,0.303123,0.426319,0.927453,0,0.30313
0.6335,0.1,0.425713,0.927417,4.29235e-20,0.303123,0.426319,0.927453,0,0.30313
0.6335,0.3,0.425713,0.927417,4.17827e-39,0.303123,0.426319,0.927453,0,0.30313
0.6335,0.5,0.425713,0.927417,0,0.303123,0.426319,0.927453,0,0.30313
0.6335,0.7,0.425713,0.927417,-4.17827e-39,0.303123,0.426319,0.927453,0,0.30313
0.6335,0.9,0.425713,0.927417,-4.29235e-20,0.303123,0.426319,0.927453,0,0.30313
0.6345,0.1,0.425707,0.927417,4.18306e-20,0.303123,0.426319,0.927453,0,0.30313
0.6345,0.3,0.425707,0.927417,4.05333e-39,0.303123,0.426319,0.927453,0,0.30313
0.6345,0.5,0.425707,0.927417,0,0.303123,0.426319,0.927453,0,0.30313
0.6345,0.7,0.425707,0.927417,-4.05333e-39,0.303123,0.426319,0.927453,0,0.30313
0.6345,0.9,0.425707,0.927417,-4.18306e-20,0.303123,0.426319,0.927453,0,0.30313
0.6355,0.1,0.425701,0.927417,4.02658e-20,0.303123,0.426319,0.927453,0,0.30313
0.6355,0.3,0.425701,0.927417,3.91308e-39,0.303123,0.426319,0.927453,0,0.30313
0.6355,0.5,0.425701,0.927417,0,0.303123,0.426319,0.927453,0,0.30313
0.6355,0.7,0.425701,0.927417,-3.91308e-39,0.303123,0.426319,0.927453,0,0.30313
0.6355,0.9,0.425701,0.927417,-4.02658e-20,0.303123,0.426319,0.927453,0,0.30313
0.6365,0.1,0.425695,0.927417,3.82882e-20,0.303123,0.426319,0.927453,0,0.30313
0.6365,0.3,0.425695,0.927417,3.76029e-39,0.303123,0.426319,0.927453,0,0.30313
0.6365,0.5,0.425695,0.927417,0,0.303123,0.426319,0.927453,0,0.30313
0.6365,0.7,0.425695,0.927417,-3.76029e-39,0.303123,0.426319,0.927453,0,0.30313
0.6365,0.9,0.425695,0.927417,-3.82882e-20,0.303123,0.426319,0.927453,0,0.30313
0.6375,0.1,0.425689,0.927417,3.59664e-20,0.303123,0.426319,0.927453,0,0.30313
0.6375,0.3,0.425689,0.927417,3.59804e-39,0.303123,0.426319,0.927453,0,0.30313
0.6375,0.5,0.425689,0.927417,0,0.303123,0.426319,0.927453,0,0.30313
0.6375,0.7,0.425689,0.927417,-3.59804e-39,0.303123,0.426319,0.927453,0,0.30313
0.6375,0.9,0.425689,0.927417,-3.59664e-20,0.303123,0.426319,0.927453,0,0.30313
0.6385,0.1,0.425682,0.927417,3.33758e-20,0.303123,0.426319,0.927453,0,0.30313
0.6385,0.3,0.425682,0.927417,3.42953e-39,0.303123,0.426319,0.927453,0,0.30313
0.6385,0.5,0.425682,0.927417,0,0.303123,0.426319,0.927453,0,0.30313
0.6385,0.7,0.425682,0.927417,-3.42953e-39,0.303123,0.426319,0.927453,0,0.30313
0.6385,0.9,0.425682,0.927417,-3.33758e-20,0.303123,0.426319,0.927453,0,0.30313
0.6395,0.1,0.425676,0.927417,3.05963e-20,0.303123,0.426319,0.927453,0,0.30313
0.6395,0.3,0.425676,0.927417,3.25795e-39,0.303123,0.426319,0.927453,0,0.30313
0.6395,0.5,0.425676,0.927417,0,0.303123,0.426319,0.927453,0,0.30313
0.6395,0.7,0.425676,0.927417,-3.25795e-39,0.303123,0.426319,0.927453,0,0.30313
0.6395,0.9,0.425676,0.927417,-3.05963e-20,0.303123,0.426319,0.927453,0,0.30313
0.6405,0.1,0.425669,0.927417,2.77098e-20,0.303123,0.426319,0.927453,0,0.30313
0.6405,0.3,0.425669,0.927417,3.08632e-39,0.303123,0.426319,0.927453,0,0.30313
0.6405,0.5,0.425669,0.927417,0,0.303123,0.426319,0.927453,0,0.30313
0.6405,0.7,0.425669,0.927417,-3.08632e-39,0.303123,0.426319,0.927453,0,0.30313
0.6405,0.9,0.425669,0.927417,-2.77098e-20,0.303123,0.426319,0.927453,0,0.30313
0.6415,0.1,0.425662,0.927416,2.4797e-20,0.303123,0.426319,0.927453,0,0.30313
0.6415,0.3,0.425662,0.927416,2.91744e-39,0.303123,0.426319,0.927453,0,0.30313
0.6415,0.5,0.425662,0.927416,0,0.303123,0.426319,0.927453,0,0.30313
0.6415,0.7,0.425662,0.927416,-2.91744e-39,0.303123,0.426319,0.927453,0,0.30313
0.6415,0.9,0.425662,0.927416,-2.4797e-20,0.303123,0.426319,0.927453,0,0.30313
0.6425,0.1,0.425655,0.927416,2.19356e-20,0.303123,0.426319,0.927453,0,0.30313
0.6425,0.3,0.425655,0.927416,2.75374e-39,0.303123,0.426319,0.927453,0,0.30313
0.6425,0.5,0.425655,0.927416,0,0.303123,0.426319,0.927453,0,0.30313
0.6425,0.7,0.425655,0.927416,-2.75374e-39,0.303123,0.426319,0.927453,0,0.30313
0.6425,0.9,0.425655,0.927416,-2.19356e-20,0.303123,0.426319,0.927453,0,0.30313
0.6435,0.1,0.425648,0.927416,1.91977e-20,0.303123,0.426319,0.927453,0,0.30313
0.6435,0.3,0.425648,0.927416,2.59727e-39,0.303123,0.426319,0.927453,0,0.30313
0.6435,0.5,0.425648,0.927416,0,0.303123,0.426319,0.927453,0,0.30313
0.6435,0.7,0.425648,0.927416,-2.59727e-39,0.303123,0.426319,0.927453,0,0.30313
0.6435,0.9,0.425648,0.927416,-1.91977e-20,0.303123,0.426319,0.927453,0,0.30313
0.6445,0.1,0.42564,0.927416,1.66477e-20,0.303123,0.426319,0.927453,0,0.30313
0.6445,0.3,0.42564,0.927416,2.44967e-39,0.303123,0.426319,0.927453,0,0.30313
0.6445,0.5,0.42564,0.927416,0,0.303123,0.426319,0.927453,0,0.30313
0.6445,0.7,0.42564,0.927416,-2.44967e-39,0.303123,0.426319,0.927453,0,0.30313
0.6445,0.9,0.42564,0.927416,-1.66477e-20,0.303123,0.426319,0.927453,0,0.30313
0.6455,0.1,0.425633,0.927416,1.43408e-20,0.303123,0.426319,0.927453,0,0.30313
0.6455,0.3,0.425633,0.927416,2.31216e-39,0.303123,0.426319,0.927453,0,0.30313
0.6455,0.5,0.425633,0.927416,0,0.303123,0.426319,0.927453,0,0.30313
0.6455,0.7,0.425633,0.927416,-2.31216e-39,0.303123,0.426319,0.927453,0,0.30313
0.6455,0.9,0.425633,0.927416,-1.43408e-20,0.303123,0.426319,0.927453,0,0.30313
0.6465,0.1,0.425625,0.927416,1.23212e-20,0.303123,0.426319,0.927453,0,0.30313
0.6465,0.3,0.425625,0.927416,2.18556e-39,0.303123,0.426319,0.927453,0,0.30313
0.6465,0.5,0.425625,0.927416,0,0.303123,0.426319,0.927453,0,0.30313
0.6465,0.7,0.425625,0.927416,-2.18556e-39,0.303123,0.426319,0.927453,0,0.30313
0.6465,0.9,0.425625,0.927416,-1.23212e-20,0.303123,0.426319,0.927453,0,0.30313
0.6475,0.1,0.425617,0.927416,1.06219e-20,0.303123,0.426319,0.927453,0,0.30313
0.6475,0.3,0.425617,0.927416,2.07033e-39,0.303123,0.426319,0.927453,0,0.30313
0.6475,0.5,0.425617,0.927416,0,0.303123,0.426319,0.927453,0,0.30313
0.6475,0.7,0.425617,0.927416,-2.07033e-39,0.303123,0.426319,0.927453,0,0.30313
0.6475,0.9,0.425617,0.927416,-1.06219e-20,0.303123,0.426319,0.927453,0,0.30313
0.6485,0.1,0.425609,0.927416,9.26348e-21,0.303123,0.426319,0.927453,0,0.30313
0.6485,0.3,0.425609,0.927416,1.96659e-39,0.303123,0.426319,0.927453,0,0.30313
0.6485,0.5,0.425609,0.927416,0,0.303123,0.426319,0.927453,0,0.30313
0.6485,0.7,0.425609,0.927416,-1.96659e-39,0.303123,0.426319,0.927453,0,0.30313
0.6485,0.9,0.425609,0.927416,-9.26348e-21,0.303123,0.426319,0.927453,0,0.30313
0.6495,0.1,0.425601,0.927416,8.25438e-21,0.303123,0.426319,0.927453,0,0.30313
0.6495,0.3,0.425601,0.927416,1.87421e-39,0.303123,0.426319,0.927453,0,0.30313
0.6495,0.5,0.425601,0.927416,0,0.303123,0.426319,0.927453,0,0.30313
0.6495,0.7,0.425601,0.927416,-1.87421e-39,0.303123,0.426319,0.927453,0,0.30313
0.6495,0.9,0.425601,0.927416,-8.25438e-21,0.303123,0.426319,0.927453,0,0.30313
0.6505,0.1,0.425592,0.927416,7.59114e-21,0.303123,0.426319,0.927453,0,0.30313
0.6505,0.3,0.425592,0.927416,1.79281e-39,0.303123,0.426319,0.927453,0,0.30313
0.6505,0.5,0.425592,0.927416,0,0.303123,0.426319,0.927453,0,0.30313
0.6505,0.7,0.425592,0.927416,-1.79281e-39,0.303123,0.426319,0.927453,0,0.30313
0.6505,0.9,0.425592,0.927416,-7.59114e-21,0.303123,0.426319,0.927453,0,0.30313
0.6515,0.1,0.425584,0.927416,7.25903e-21,0.303123,0.426319,0.927453,0,0.30313
0.6515,0.3,0.425584,0.927416,1.72182e-39,0.303123,0.426319,0.927453,0,0.30313
0.6515,0.5,0.425584,0.927416,0,0.303123,0.426319,0.927453,0,0.30313
0.6515,0.7,0.425584,0.927416,-1.72182e-39,0.303123,0.426319,0.927453,0,0.30313
0.6515,0.9,0.425584,0.927416,-7.25903e-21,0.303123,0.426319,0.927453,0,0.30313
0.6525,0.1,0.425575,0.927416,7.23305e-21,0.303122,0.426319,0.927453,0,0.30313
0.6525,0.3,0.425575,0.927416,1.66051e-39,0.303122,0.426319,0.927453,0,0.30313
0.6525,0.5,0.425575,0.927416,0,0.303122,0.426319,0.927453,0,0.30313
0.6525,0.7,0.425575,0.927416,-1.66051e-39,0.303122,0.426319,0.927453,0,0.30313
0.6525,0.9,0.425575,0.927416,-7.23305e-21,0.303122,0.426319,0.927453,0,0.30313
0.6535,0.1,0.425565,0.927416,7.47919e-21,0.303122,0.426319,0.927453,0,0.30313
0.6535,0.3,0.425565,0.927416,1.60803e-39,0.303122,0.426319,0.927453,0,0.30313
0.6535,0.5,0.425565,0.927416,0,0.303122,0.426319,0.927453,0,0.30313
0.6535,0.7,0.425565,0.927416,-1.60803e-39,0.303122,0.426319,0.927453,0,0.30313
0.6535,0.9,0.425565,0.927416,-7.47919e-21,0.303122,0.426319,0.927453,0,0.30313
0.6545,0.1,0.425556,0.927416,7.95597e-21,0.303122,0.426319,0.927453,0,0.30313
0.6545,0.3,0.425556,0.927416,1.56343e-39,0.303122,0.426319,0.927453,0,0.30313
0.6545,0.5,0.425556,0.927416,0,0.303122,0.426319,0.927453,0,0.30313
0.6545,0.7,0.425556,0.927416,-1.56343e-39,0.303122,0.426319,0.927453,0,0.30313
0.6545,0.9,0.425556,0.927416,-7.95597e-21,0.303122,0.426319,0.927453,0,0.30313
0.6555,0.1,0.425546,0.927416,8.61601e-21,0.303122,0.426319,0.927453,0,0.30313
0.6555,0.3,0.425546,0.927416,1.52567e-39,0.303122,0.426319,0.927453,0,0.30313
0.6555,0.5,0.425546,0.927416,0,0.303122,0.426319,0.927453,0,0.30313
0.6555,0.7,0.425546,0.927416,-1.52567e-39,0.303122,0.426319,0.927453,0,0.30313
0.6555,0.9,0.425546,0.927416,-8.61601e-21,0.303122,0.426319,0.927453,0,0.30313
0.6565,0.1,0.425536,0.927416,9.40781e-21,0.303122,0.426319,0.927453,0,0.30313
0.6565,0.3,0.425536,0.927416,1.49368e-39,0.303122,0.426319,0.927453,0,0.30313
0.6565,0.5,0.425536,0.927416,0,0.303122,0.426319,0.927453,0,0.30313
0.6565,0.7,0.425536,0.927416,-1.49368e-39,0.303122,0.426319,0.927453,0,0.30313
0.6565,0.9,0.425536,0.927416,-9.40781e-21,0.303122,0.426319,0.927453,0,0.30313
0.6575,0.1,0.425526,0.927416,1.02775e-20,0.303122,0.426319,0.927453,0,0.30313
0.6575,0.3,0.425526,0.927416,1.46634e-39,0.303122,0.426319,0.927453,0,0.30313
0.6575,0.5,0.425526,0.927416,0,0.303122,0.426319,0.927453,0,0.30313
0.6575,0.7,0.425526,0.927416,-1.46634e-39,0.303122,0.426319,0.927453,0,0.30313
0.6575,0.9,0.425526,0.927416,-1.02775e-20,0.303122,0.426319,0.927453,0,0.30313
0.6585,0.1,0.425515,0.927416,1.11707e-20,0.303122,0.426319,0.927453,0,0.30313
0.6585,0.3,0.425515,0.927416,1.44251e-39,0.303122,0.426319,0.927453,0,0.30313
0.6585,0.5,0.425515,0.927416,0,0.303122,0.426319,0.927453,0,0.30313
0.6585,0.7,0.425515,0.927416,-1.44251e-39,0.303122,0.426319,0.927453,0,0.30313
0.6585,0.9,0.425515,0.927416,-1.11707e-20,0.303122,0.426319,0.927453,0,0.30313
0.6595,0.1,0.425505,0.927416,1.20339e-20,0.303122,0.426319,0.927453,0,0.30313
0.6595,0.3,0.425505,0.927416,1.42111e-39,0.303122,0.426319,0.927453,0,0.30313
0.6595,0.5,0.425505,0.927416,0,0.303122,0.426319,0.927453,0,0.30313
0.6595,0.7,0.425505,0.927416,-1.42111e-39,0.303122,0.426319,0.927453,0,0.30313
0.6595,0.9,0.425505,0.927416,-1.20339e-20,0.303122,0.426319,0.927453,0,0.30313
0.6605,0.1,0.425493,0.927416,1.28163e-20,0.303122,0.426319,0.927453,0,0.30313
0.6605,0.3,0.425493,0.927416,1.40105e-39,0.303122,0.426319,0.927453,0,0.30313
0.6605,0.5,0.425493,0.927416,0,0.303122,0.426319,0.927453,0,0.30313
0.6605,0.7,0.425493,0.927416,-1.40105e-39,0.303122,0.426319,0.927453,0,0.30313
0.6605,0.9,0.425493,0.927416,-1.28163e-20,0.303122,0.426319,0.927453,0,0.30313
0.6615,0.1,0.425482,0.927416,1.34713e-20,0.303122,0.426319,0.927453,0,0.30313
0.6615,0.3,0.425482,0.927416,1.38137e-39,0.303122,0.426319,0.927453,0,0.30313
0.6615,0.5,0.425482,0.927416,0,0.303122,0.426319,0.927453,0,0.30313
0.6615,0.7,0.425482,0.927416,-1.38137e-39,0.303122,0.426319,0.927453,0,0.30313
0.6615,0.9,0.425482,0.927416,-1.34713e-20,0.303122,0.426319,0.927453,0,0.30313
0.6625,0.1,0.42547,0.927416,1.39571e-20,0.303122,0.426319,0.927453,0,0.30313
0.6625,0.3,0.42547,0.927416,1.36117e-39,0.303122,0.426319,0.927453,0,0.30313
0.6625,0.5,0.42547,0.927416,0,0.303122,0.426319,0.927453,0,0.30313
0.6625,0.7,0.42547,0.927416,-1.36117e-39,0.303122,0.426319,0.927453,0,0.30313
0.6625,0.9,0.42547,0.927416,-1.39571e-20,0.303122,0.426319,0.927453,0,0.30313
0.6635,0.1,0.425458,0.927416,1.42385e-20,0.303122,0.426319,0.927453,0,0.30313
0.6635,0.3,0.425458,0.927416,1.33971e-39,0.303122,0.426319,0.927453,0,0.30313
0.6635,0.5,0.425458,0.927416,0,0.303122,0.426319,0.927453,0,0.30313
0.6635,0.7,0.425458,0.927416,-1.33971e-39,0.303122,0.426319,0.927453,0,0.30313
0.6635,0.9,0.425458,0.927416,-1.42385e-20,0.303122,0.426319,0.927453,0,0.30313
0.6645,0.1,0.425445,0.927416,1.42872e-20,0.303122,0.426319,0.927453,0,0.30313
0.6645,0.3,0.425445,0.927416,1.31637e-39,0.303122,0.426319,0.927453,0,0.30313
0.6645,0.5,0.425445,0.927416,0,0.303122,0.426319,0.927453,0,0.30313
0.6645,0.7,0.425445,0.927416,-1.31637e-39,0.303122,0.426319,0.927453,0,0.30313
0.6645,0.9,0.425445,0.927416,-1.42872e-20,0.303122,0.426319,0.927453,0,0.30313
0.6655,0.1,0.425432,0.927416,1.40821e-20,0.303122,0.426319,0.927453,0,0.30313
0.6655,0.3,0.425432,0.927416,1.2907e-39,0.303122,0.426319,0.927453,0,0.30313
0.6655,0.5,0.425432,0.927416,0,0.303122,0.426319,0.927453,0,0.30313
0.6655,0.7,0.425432,0.927416,-1.2907e-39,0.303122,0.426319,0.927453,0,0.30313
0.6655,0.9,0.425432,0.927416,-1.40821e-20,0.303122,0.426319,0.927453,0,0.30313
0.6665,0.1,0.425418,0.927416,1.36103e-20,0.303122,0.426319,0.927453,0,0.30313
0.6665,0.3,0.425418,0.927416,1.26244e-39,0.303122,0.426319,0.927453,0,0.30313
0.6665,0.5,0.425418,0.927416,0,0.303122,0.426319,0.927453,0,0.30313
0.6665,0.7,0.425418,0.927416,-1.26244e-39,0.303122,0.426319,0.927453,0,0.30313
0.6665,0.9,0.425418,0.927416,-1.36103e-20,0.303122,0.426319,0.927453,0,0.30313
0.6675,0.1,0.425404,0.927416,1.28665e-20,0.303122,0.426319,0.927453,0,0.30313
0.6675,0.3,0.425404,0.927416,1.23146e-39,0.303122,0.426319,0.927453,0,0.30313
0.6675,0.5,0.425404,0.927416,0,0.303122,0.426319,0.927453,0,0.30313
0.6675,0.7,0.425404,0.927416,-1.23146e-39,0.303122,0.426319,0.927453,0,0.30313
0.6675,0.9,0.425404,0.927416,-1.28665e-20,0.303122,0.426319,0.927453,0,0.30313
0.6685,0.1,0.425389,0.927416,1.18532e-20,0.303122,0.426319,0.927453,0,0.30313
0.6685,0.3,0.425389,0.927416,1.19782e-39,0.303122,0.426319,0.927453,0,0.30313
0.6685,0.5,0.425389,0.927416,0,0.303122,0.426319,0.927453,0,0.30313
0.6685,0.7,0.425389,0.927416,-1.19782e-39,0.303122,0.426319,0.927453,0,0.30313
0.6685,0.9,0.425389,0.927416,-1.18532e-20,0.303122,0.426319,0.927453,0,0.30313
0.6695,0.1,0.425374,0.927416,1.05805e-20,0.303122,0.426319,0.927453,0,0.30313
0.6695,0.3,0.425374,0.927416,1.16169e-39,0.303122,0.426319,0.927453,0,0.30313
0.6695,0.5,0.425374,0.927416,0,0.303122,0.426319,0.927453,0,0.30313
0.6695,0.7,0.425374,0.927416,-1.16169e-39,0.303122,0.426319,0.927453,0,0.30313
0.6695,0.9,0.425374,0.927416,-1.05805e-20,0.303122,0.426319,0.927453,0,0.30313
0.6705,0.1,0.425358,0.927416,9.06498e-21,0.303122,0.426319,0.927453,0,0.30313
0.6705,0.3,0.425358,0.927416,1.12336e-39,0.303122,0.426319,0.927453,0,0.30313
0.6705,0.5,0.425358,0.927416,0,0.303122,0.426319,0.927453,0,0.30313
0.6705,0.7,0.425358,0.927416,-1.12336e-39,0.303122,0.426319,0.927453,0,0.30313
0.6705,0.9,0.425358,0.927416,-9.06498e-21,0.303122,0.426319,0.927453,0,0.30313
0.6715,0.1,0.425341,0.927416,7.32967e-21,0.303122,0.426319,0.927453,0,0.30313
0.6715,0.3,0.425341,0.927416,1.0832e-39,0.303122,0.426319,0.927453,0,0.30313
0.6715,0.5,0.425341,0.927416,0,0.303122,0.426319,0.927453,0,0.30313
0.6715,0.7,0.425341,0.927416,-1.0832e-39,0.303122,0.426319,0.927453,0,0.30313
0.6715,0.9,0.425341,0.927416,-7.32967e-21,0.303122,0.426319,0.927453,0,0.30313
0.6725,0.1,0.425324,0.927416,5.40286e-21,0.303122,0.426319,0.927453,0,0.30313
0.6725,0.3,0.425324,0.927416,1.04161e-39,0.303122,0.426319,0.927453,0,0.30313
0.6725,0.5,0.425324,0.927416,0,0.303122,0.426319,0.927453,0,0.30313
0.6725,0.7,0.425324,0.927416,-1.04161e-39,0.303122,0.426319,0.927453,0,0.30313
0.6725,0.9,0.425324,0.927416,-5.40286e-21,0.303122,0.426319,0.927453,0,0.30313
0.6735,0.1,0.425305,0.927415,3.31728e-21,0.303121,0.426319,0.927453,0,0.30313
0.6735,0.3,0.425305,0.927415,9.99034e-40,0.303121,0.426319,0.927453,0,0.30313
0.6735,0.5,0.425305,0.927415,0,0.303121,0.426319,0.927453,0,0.30313
0.6735,0.7,0.425305,0.927415,-9.99034e-40,0.303121,0.426319,0.927453,0,0.30313
0.6735,0.9,0.425305,0.927415,-3.31728e-21,0.303121,0.426319,0.927453,0,0.30313
0.6745,0.1,0.425286,0.927415,1.10911e-21,0.303121,0.426319,0.927453,0,0.30313
0.6745,0.3,0.425286,0.927415,9.55866e-40,0.303121,0.426319,0.927453,0,0.30313
0.6745,0.5,0.425286,0.927415,0,0.303121,0.426319,0.927453,0,0.30313
0.6745,0.7,0.425286,0.927415,-9.55866e-40,0.303121,0.426319,0.927453,0,0.30313
0.6745,0.9,0.425286,0.927415,-1.10911e-21,0.303121,0.426319,0.927453,0,0.30313
0.6755,0.1,0.425265,0.927415,-1.18304e-21,0.303121,0.426319,0.927453,0,0.30313
0.6755,0.3,0.425265,0.927415,9.12467e-40,0.303121,0.426319,0.927453,0,0.30313
0.6755,0.5,0.425265,0.927415,0,0.303121,0.426319,0.927453,0,0.30313
0.6755,0.7,0.425265,0.927415,-9.12467e-40,0.303121,0.426319,0.927453,0,0.30313
0.6755,0.9,0.425265,0.927415,1.18304e-21,0.303121,0.426319,0.927453,0,0.30313
0.6765,0.1,0.425244,0.927415,-3.51923e-21,0.303121,0.426319,0.927453,0,0.30313
0.6765,0.3,0.425244,0.927415,8.69157e-40,0.303121,0.426319,0.927453,0,0.30313
0.6765,0.5,0.425244,0.927415,0,0.303121,0.426319,0.927453,0,0.30313
0.6765,0.7,0.425244,0.927415,-8.69157e-40,0.303121,0.426319,0.927453,0,0.30313
0.6765,0.9,0.425244,0.927415,3.51923e-21,0.303121,0.426319,0.927453,0,0.30313
0.6775,0.1,0.42522,0.927415,-5.85922e-21,0.303121,0.426319,0.927453,0,0.30313
0.6775,0.3,0.42522,0.927415,8.26233e-40,0.303121,0.426319,0.927453,0,0.30313
0.6775,0.5,0.42522,0.927415,0,0.303121,0.426319,0.927453,0,0.30313
0.6775,0.7,0.42522,0.927415,-8.26233e-40,0.303121,0.426319,0.927453,0,0.30313
0.6775,0.9,0.42522,0.927415,5.85922e-21,0.303121,0.426319,0.927453,0,0.30313
0.6785,0.1,0.425195,0.927415,-8.16346e-21,0.303121,0.426319,0.927453,0,0.30313
0.6785,0.3,0.425195,0.927415,7.83976e-40,0.303121,0.426319,0.927453,0,0.30313
0.6785,0.5,0.425195,0.927415,0,0.303121,0.426319,0.927453,0,0.30313
0.6785,0.7,0.425195,0.927415,-7.83976e-40,0.303121,0.426319,0.927453,0,0.30313
0.6785,0.9,0.425195,0.927415,8.16346e-21,0.303121,0.426319,0.927453,0,0.30313
0.6795,0.1,0.425168,0.927415,-1.03941e-20,0.303121,0.426319,0.927453,0,0.30313
0.6795,0.3,0.425168,0.927415,7.4264e-40,0.303121,0.426319,0.927453,0,0.30313
0.6795,0.5,0.425168,0.927415,0,0.303121,0.426319,0.927453,0,0.30313
0.6795,0.7,0.425168,0.927415,-7.4264e-40,0.303121,0.426319,0.927453,0,0.30313
0.6795,0.9,0.425168,0.927415,1.03941e-20,0.303121,0.426319,0.927453,0,0.30313
0.6805,0.1,0.425139,0.927415,-1.25157e-20,0.303121,0.426319,0.927453,0,0.30313
0.6805,0.3,0.425139,0.927415,7.02452e-40,0.303121,0.426319,0.927453,0,0.30313
0.6805,0.5,0.425139,0.927415,0,0.303121,0.426319,0.927453,0,0.30313
0.6805,0.7,0.425139,0.927415,-7.02452e-40,0.303121,0.426319,0.927453,0,0.30313
0.6805,0.9,0.425139,0.927415,1.25157e-20,0.303121,0.426319,0.927453,0,0.30313
0.6815,0.1,0.425106,0.927415,-1.44963e-20,0.303121,0.426319,0.927453,0,0.30313
0.6815,0.3,0.425106,0.927415,6.63609e-40,0.303121,0.426319,0.927453,0,0.30313
0.6815,0.5,0.425106,0.927415,0,0.303121,0.426319,0.927453,0,0.30313
0.6815,0.7,0.425106,0.927415,-6.63609e-40,0.303121,0.426319,0.927453,0,0.30313
0.6815,0.9,0.425106,0.927415,1.44963e-20,0.303121,0.426319,0.927453,0,0.30313
0.6825,0.1,0.42507,0.927415,-1.63076e-20,0.303121,0.426319,0.927453,0,0.30313
0.6825,0.3,0.42507,0.927415,6.26272e-40,0.303121,0.426319,0.927453,0,0.30313
0.6825,0.5,0.42507,0.927415,0,0.303121,0.426319,0.927453,0,0.30313
0.6825,0.7,0.42507,0.927415,-6.26272e-40,0.303121,0.426319,0.927453,0,0.30313
0.6825,0.9,0.42507,0.927415,1.63076e-20,0.303121,0.426319,0.927453,0,0.30313
0.6835,0.1,0.42503,0.927415,-1.79261e-20,0.303121,0.426319,0.927453,0,0.30313
0.6835,0.3,0.42503,0.927415,5.90573e-40,0.303121,0.426319,0.927453,0,0.30313
0.6835,0.5,0.42503,0.927415,0,0.303121,0.426319,0.927453,0,0.30313
0.6835,0.7,0.42503,0.927415,-5.90573e-40,0.303121,0.426319,0.927453,0,0.30313
0.6835,0.9,0.42503,0.927415,1.79261e-20,0.303121,0.426319,0.927453,0,0.30313
0.6845,0.1,0.424985,0.927415,-1.93327e-20,0.303121,0.426319,0.927453,0,0.30313
0.6845,0.3,0.424985,0.927415,5.56608e-40,0.303121,0.426319,0.927453,0,0.30313
0.6845,0.5,0.424985,0.927415,0,0.303121,0.426319,0.927453,0,0.30313
0.6845,0.7,0.424985,0.927415,-5.56608e-40,0.303121,0.426319,0.927453,0,0.30313
0.6845,0.9,0.424985,0.927415,1.93327e-20,0.303121,0.426319,0.927453,0,0.30313
0.6855,0.1,0.424934,0.927415,-2.05138e-20,0.303121,0.426319,0.927453,0,0.30313
0.6855,0.3,0.424934,0.927415,5.24444e-40,0.303121,0.426319,0.927453,0,0.30313
0.6855,0.5,0.424934,0.927415,0,0.303121,0.426319,0.927453,0,0.30313
0.6855,0.7,0.424934,0.927415,-5.24444e-40,0.303121,0.426319,0.927453,0,0.30313
0.6855,0.9,0.424934,0.927415,2.05138e-20,0.303121,0.426319,0.927453,0,0.30313
0.6865,0.1,0.424877,0.927415,-2.14606e-20,0.303121,0.426319,0.927453,0,0.30313
0.6865,0.3,0.424877,0.927415,4.94116e-40,0.303121,0.426319,0.927453,0,0.30313
0.6865,0.5,0.424877,0.927415,0,0.303121,0.426319,0.927453,0,0.30313
0.6865,0.7,0.424877,0.927415,-4.94116e-40,0.303121,0.426319,0.927453,0,0.30313
0.6865,0.9,0.424877,0.927415,2.14606e-20,0.303121,0.426319,0.927453,0,0.30313
0.6875,0.1,0.42481,0.927415,-2.21695e-20,0.303121,0.426319,0.927453,0,0.30313
0.6875,0.3,0.42481,0.927415,4.65632e-40,0.303121,0.426319,0.927453,0,0.30313
0.6875,0.5,0.42481,0.927415,0,0.303121,0.426319,0.927453,0,0.30313
0.6875,0.7,0.42481,0.927415,-4.65632e-40,0.303121,0.426319,0.927453,0,0.30313
0.6875,0.9,0.42481,0.927415,2.21695e-20,0.303121,0.426319,0.927453,0,0.30313
0.6885,0.1,0.424734,0.927415,-2.26419e-20,0.303121,0.426319,0.927453,0,0.30313
0.6885,0.3,0.424734,0.927415,4.38975e-40,0.303121,0.426319,0.927453,0,0.30313
0.6885,0.5,0.424734,0.927415,0,0.303121,0.426319,0.927453,0,0.30313
0.6885,0.7,0.424734,0.927415,-4.38975e-40,0.303121,0.426319,0.927453,0,0.30313
0.6885,0.9,0.424734,0.927415,2.26419e-20,0.303121,0.426319,0.927453,0,0.30313
0.6895,0.1,0.424646,0.927415,-2.28837e-20,0.303121,0.426319,0.927453,0,0.30313
0.6895,0.3,0.424646,0.927415,4.14106e-40,0.303121,0.426319,0.927453,0,0.30313
0.6895,0.5,0.424646,0.927415,0,0.303121,0.426319,0.927453,0,0.30313
0.6895,0.7,0.424646,0.927415,-4.14106e-40,0.303121,0.426319,0.927453,0,0.30313
0.6895,0.9,0.424646,0.927415,2.28837e-20,0.303121,0.426319,0.927453,0,0.30313
0.6905,0.1,0.424544,0.927415,-2.29053e-20,0.303121,0.426319,0.927453,0,0.30313
0.6905,0.3,0.424544,0.927415,3.90966e-40,0.303121,0.426319,0.927453,0,0.30313
0.6905,0.5,0.424544,0.927415,0,0.303121,0.426319,0.927453,0,0.30313
0.6905,0.7,0.424544,0.927415,-3.90966e-40,0.303121,0.426319,0.927453,0,0.30313
0.6905,0.9,0.424544,0.927415,2.29053e-20,0.303121,0.426319,0.927453,0,0.30313
0.6915,0.1,0.424426,0.927415,-2.27206e-20,0.303121,0.426319,0.927453,0,0.30313
0.6915,0.3,0.424426,0.927415,3.6948e-40,0.303121,0.426319,0.927453,0,0.30313
0.6915,0.5,0.424426,0.927415,0,0.303121,0.426319,0.927453,0,0.30313
0.6915,0.7,0.424426,0.927415,-3.6948e-40,0.303121,0.426319,0.927453,0,0.30313
0.6915,0.9,0.424426,0.927415,2.27206e-20,0.303121,0.426319,0.927453,0,0.30313
0.6925,0.1,0.424288,0.927414,-2.23468e-20,0.303121,0.426319,0.927453,0,0.30313
0.6925,0.3,0.424288,0.927414,3.49562e-40,0.303121,0.426319,0.927453,0,0.30313
0.6925,0.5,0.424288,0.927414,0,0.303121,0.426319,0.927453,0,0.30313
0.6925,0.7,0.424288,0.927414,-3.49562e-40,0.303121,0.426319,0.927453,0,0.30313
0.6925,0.9,0.424288,0.927414,2.23468e-20,0.303121,0.426319,0.927453,0,0.30313
0.6935,0.1,0.424127,0.927414,-2.18037e-20,0.30312,0.426319,0.927453,0,0.30313
0.6935,0.3,0.424127,0.927414,3.31115e-40,0.30312,0.426319,0.927453,0,0.30313
0.6935,0.5,0.424127,0.927414,0,0.30312,0.426319,0.927453,0,0.30313
0.6935,0.7,0.424127,0.927414,-3.31115e-40,0.30312,0.426319,0.927453,0,0.30313
0.6935,0.9,0.424127,0.927414,2.18037e-20,0.30312,0.426319,0.927453,0,0.30313
0.6945,0.1,0.42394,0.927414,-2.1113e-20,0.30312,0.426319,0.927453,0,0.30313
0.6945,0.3,0.42394,0.927414,3.14033e-40,0.30312,0.426319,0.927453,0,0.30313
0.6945,0.5,0.42394,0.927414,0,0.30312,0.426319,0.927453,0,0.30313
0.6945,0.7,0.42394,0.927414,-3.14033e-40,0.30312,0.426319,0.927453,0,0.30313
0.6945,0.9,0.42394,0.927414,2.1113e-20,0.30312,0.426319,0.927453,0,0.30313
0.6955,0.1,0.423721,0.927414,-2.02978e-20,0.30312,0.426319,0.927453,0,0.30313
0.6955,0.3,0.423721,0.927414,2.98209e-40,0.30312,0.426319,0.927453,0,0.30313
0.6955,0.5,0.423721,0.927414,0,0.30312,0.426319,0.927453,0,0.30313
0.6955,0.7,0.423721,0.927414,-2.98209e-40,0.30312,0.426319,0.927453,0,0.30313
0.6955,0.9,0.423721,0.927414,2.02978e-20,0.30312,0.426319,0.927453,0,0.30313
0.6965,0.1,0.423467,0.927414,-1.9382e-20,0.30312,0.426319,0.927453,0,0.30313
0.6965,0.3,0.423467,0.927414,2.83535e-40,0.30312,0.426319,0.927453,0,0.30313
0.6965,0.5,0.423467,0.927414,0,0.30312,0.426319,0.927453,0,0.30313
0.6965,0.7,0.423467,0.927414,-2.83535e-40,0.30312,0.426319,0.927453,0,0.30313
0.6965,0.9,0.423467,0.927414,1.9382e-20,0.30312,0.426319,0.927453,0,0.30313
0.6975,0.1,0.423172,0.927414,-1.83897e-20,0.30312,0.426319,0.927453,0,0.30313
0.6975,0.3,0.423172,0.927414,2.69901e-40,0.30312,0.426319,0.927453,0,0.30313
0.6975,0.5,0.423172,0.927414,0,0.30312,0.426319,0.927453,0,0.30313
0.6975,0.7,0.423172,0.927414,-2.69901e-40,0.30312,0.426319,0.927453,0,0.30313
0.6975,0.9,0.423172,0.927414,1.83897e-20,0.30312,0.426319,0.927453,0,0.30313
0.6985,0.1,0.422829,0.927414,-1.73443e-20,0.30312,0.426319,0.927453,0,0.30313
0.6985,0.3,0.422829,0.927414,2.57203e-40,0.30312,0.426319,0.927453,0,0.30313
0.6985,0.5,0.422829,0.927414,0,0.30312,0.426319,0.927453,0,0.30313
0.6985,0.7,0.422829,0.927414,-2.57203e-40,0.30312,0.426319,0.927453,0,0.30313
0.6985,0.9,0.422829,0.927414,1.73443e-20,0.30312,0.426319,0.927453,0,0.30313
0.6995,0.1,0.422433,0.927414,-1.62687e-20,0.30312,0.426319,0.927453,0,0.30313
0.6995,0.3,0.422433,0.927414,2.45339e-40,0.30312,0.426319,0.927453,0,0.30313
0.6995,0.5,0.422433,0.927414,0,0.30312,0.426319,0.927453,0,0.30313
0.6995,0.7,0.422433,0.927414,-2.45339e-40,0.30312,0.426319,0.927453,0,0.30313
0.6995,0.9,0.422433,0.927414,1.62687e-20,0.30312,0.426319,0.927453,0,0.30313
0.7005,0.1,0.421977,0.927414,-1.51843e-20,0.30312,0.426319,0.927453,0,0.30313
0.7005,0.3,0.421977,0.927414,2.34215e-40,0.30312,0.426319,0.927453,0,0.30313
0.7005,0.5,0.421977,0.927414,0,0.30312,0.426319,0.927453,0,0.30313
0.7005,0.7,0.421977,0.927414,-2.34215e-40,0.30312,0.426319,0.927453,0,0.30313
0.7005,0.9,0.421977,0.927414,1.51843e-20,0.30312,0.426319,0.927453,0,0.30313
0.7015,0.1,0.421453,0.927414,-1.41109e-20,0.30312,0.426319,0.927453,0,0.30313
0.7015,0.3,0.421453,0.927414,2.23744e-40,0.30312,0.426319,0.927453,0,0.30313
0.7015,0.5,0.421453,0.927414,0,0.30312,0.426319,0.927453,0,0.30313
0.7015,0.7,0.421453,0.927414,-2.23744e-40,0.30312,0.426319,0.927453,0,0.30313
0.7015,0.9,0.421453,0.927414,1.41109e-20,0.30312,0.426319,0.927453,0,0.30313
0.7025,0.1,0.420852,0.927414,-1.30664e-20,0.30312,0.426319,0.927453,0,0.30313
0.7025,0.3,0.420852,0.927414,2.13846e-40,0.30312,0.426319,0.927453,0,0.30313
0.7025,0.5,0.420852,0.927414,0,0.30312,0.426319,0.927453,0,0.30313
0.7025,0.7,0.420852,0.927414,-2.13846e-40,0.30312,0.426319,0.927453,0,0.30313
0.7025,0.9,0.420852,0.927414,1.30664e-20,0.30312,0.426319,0.927453,0,0.30313
0.7035,0.1,0.420168,0.927414,-1.20669e-20,0.30312,0.426319,0.927453,0,0.30313
0.7035,0.3,0.420168,0.927414,2.0445e-40,0.30312,0.426319,0.927453,0,0.30313
0.7035,0.5,0.420168,0.927414,0,0.30312,0.426319,0.927453,0,0.30313
0.7035,0.7,0.420168,0.927414,-2.0445e-40,0.30312,0.426319,0.927453,0,0.30313
0.7035,0.9,0.420168,0.927414,1.20669e-20,0.30312,0.426319,0.927453,0,0.30313
0.7045,0.1,0.419389,0.927414,-1.11261e-20,0.30312,0.426319,0.927453,0,0.30313
0.7045,0.3,0.419389,0.927414,1.95492e-40,0.30312,0.426319,0.927453,0,0.30313
0.7045,0.5,0.419389,0.927414,0,0.30312,0.426319,0.927453,0,0.30313
0.7045,0.7,0.419389,0.927414,-1.95492e-40,0.30312,0.426319,0.927453,0,0.30313
0.7045,0.9,0.419389,0.927414,1.11261e-20,0.30312,0.426319,0.927453,0,0.30313
0.7055,0.1,0.418509,0.927414,-1.02556e-20,0.30312,0.426319,0.927453,0,0.30313
0.7055,0.3,0.418509,0.927414,1.86919e-40,0.30312,0.426319,0.927453,0,0.30313
0.7055,0.5,0.418509,0.927414,0,0.30312,0.426319,0.927453,0,0.30313
0.7055,0.7,0.418509,0.927414,-1.86919e-40,0.30312,0.426319,0.927453,0,0.30313
0.7055,0.9,0.418509,0.927414,1.02556e-20,0.30312,0.426319,0.927453,0,0.30313
0.7065,0.1,0.417516,0.927414,-9.46485e-21,0.30312,0.426319,0.927453,0,0.30313
0.7065,0.3,0.417516,0.927414,1.78685e-40,0.30312,0.426319,0.927453,0,0.30313
0.7065,0.5,0.417516,0.927414,0,0.30312,0.426319,0.927453,0,0.30313
0.7065,0.7,0.417516,0.927414,-1.78685e-40,0.30312,0.426319,0.927453,0,0.30313
0.7065,0.9,0.417516,0.927414,9.46485e-21,0.30312,0.426319,0.927453,0,0.30313
0.7075,0.1,0.416402,0.927413,-8.76129e-21,0.30312,0.426319,0.927453,0,0.30313
0.7075,0.3,0.416402,0.927413,1.70751e-40,0.30312,0.426319,0.927453,0,0.30313
0.7075,0.5,0.416402,0.927413,0,0.30312,0.426319,0.927453,0,0.30313
0.7075,0.7,0.416402,0.927413,-1.70751e-40,0.30312,0.426319,0.927453,0,0.30313
0.7075,0.9,0.416402,0.927413,8.76129e-21,0.30312,0.426319,0.927453,0,0.30313
0.7085,0.1,0.415158,0.927413,-8.15043e-21,0.30312,0.426319,0.927453,0,0.30313
0.7085,0.3,0.415158,0.927413,1.63085e-40,0.30312,0.426319,0.927453,0,0.30313
0.7085,0.5,0.415158,0.927413,0,0.30312,0.426319,0.927453,0,0.30313
0.7085,0.7,0.415158,0.927413,-1.63085e-40,0.30312,0.426319,0.927453,0,0.30313
0.7085,0.9,0.415158,0.927413,8.15043e-21,0.30312,0.426319,0.927453,0,0.30313
0.7095,0.1,0.413774,0.927413,-7.63602e-21,0.30312,0.426319,0.927453,0,0.30313
0.7095,0.3,0.413774,0.927413,1.55663e-40,0.30312,0.426319,0.927453,0,0.30313
0.7095,0.5,0.413774,0.927413,0,0.30312,0.426319,0.927453,0,0.30313
0.7095,0.7,0.413774,0.927413,-1.55663e-40,0.30312,0.426319,0.927453,0,0.30313
0.7095,0.9,0.413774,0.927413,7.63602e-21,0.30312,0.426319,0.927453,0,0.30313
0.7105,0.1,0.412243,0.927413,-7.22024e-21,0.30312,0.426319,0.927453,0,0.30313
0.7105,0.3,0.412243,0.927413,1.48466e-40,0.30312,0.426319,0.927453,0,0.30313
0.7105,0.5,0.412243,0.927413,0,0.30312,0.426319,0.927453,0,0.30313
0.7105,0.7,0.412243,0.927413,-1.48466e-40,0.30312,0.426319,0.927453,0,0.30313
0.7105,0.9,0.412243,0.927413,7.22024e-21,0.30312,0.426319,0.927453,0,0.30313
0.7115,0.1,0.410555,0.927413,-6.90389e-21,0.30312,0.426319,0.927453,0,0.30313
0.7115,0.3,0.410555,0.927413,1.4148e-40,0.30312,0.426319,0.927453,0,0.30313
0.7115,0.5,0.410555,0.927413,0,0.30312,0.426319,0.927453,0,0.30313
0.7115,0.7,0.410555,0.927413,-1.4148e-40,0.30312,0.426319,0.927453,0,0.30313
0.7115,0.9,0.410555,0.927413,6.90389e-21,0.30312,0.426319,0.927453,0,0.30313
0.7125,0.1,0.408703,0.927413,-6.68659e-21,0.303119,0.426319,0.927453,0,0.30313
0.7125,0.3,0.408703,0.927413,1.34695e-40,0.303119,0.426319,0.927453,0,0.30313
0.7125,0.5,0.408703,0.927413,0,0.303119,0.426319,0.927453,0,0.30313
0.7125,0.7,0.408703,0.927413,-1.34695e-40,0.303119,0.426319,0.927453,0,0.30313
0.7125,0.9,0.408703,0.927413,6.68659e-21,0.303119,0.426319,0.927453,0,0.30313
0.7135,0.1,0.406682,0.927413,-6.56696e-21,0.303119,0.426319,0.927453,0,0.30313
0.7135,0.3,0.406682,0.927413,1.28104e-40,0.303119,0.426319,0.927453,0,0.30313
0.7135,0.5,0.406682,0.927413,0,0.303119,0.426319,0.927453,0,0.30313
0.7135,0.7,0.406682,0.927413,-1.28104e-40,0.303119,0.426319,0.927453,0,0.30313
0.7135,0.9,0.406682,0.927413,6.56696e-21,0.303119,0.426319,0.927453,0,0.30313
0.7145,0.1,0.404485,0.927413,-6.54276e-21,0.303119,0.426319,0.927453,0,0.30313
0.7145,0.3,0.404485,0.927413,1.21703e-40,0.303119,0.426319,0.927453,0,0.30313
0.7145,0.5,0.404485,0.927413,0,0.303119,0.426319,0.927453,0,0.30313
0.7145,0.7,0.404485,0.927413,-1.21703e-40,0.303119,0.426319,0.927453,0,0.30313
0.7145,0.9,0.404485,0.927413,6.54276e-21,0.303119,0.426319,0.927453,0,0.30313
0.7155,0.1,0.40211,0.927413,-6.61112e-21,0.303119,0.426319,0.927453,0,0.30313
0.7155,0.3,0.40211,0.927413,1.15491e-40,0.303119,0.426319,0.927453,0,0.30313
0.7155,0.5,0.40211,0.927413,0,0.303119,0.426319,0.927453,0,0.30313
0.7155,0.7,0.40211,0.927413,-1.15491e-40,0.303119,0.426319,0.927453,0,0.30313
0.7155,0.9,0.40211,0.927413,6.61112e-21,0.303119,0.426319,0.927453,0,0.30313
0.7165,0.1,0.399553,0.927413,-6.76858e-21,0.303119,0.426319,0.927453,0,0.30313
0.7165,0.3,0.399553,0.927413,1.09467e-40,0.303119,0.426319,0.927453,0,0.30313
0.7165,0.5,0.399553,0.927413,0,0.303119,0.426319,0.927453,0,0.30313
0.7165,0.7,0.399553,0.927413,-1.09467e-40,0.303119,0.426319,0.927453,0,0.30313
0.7165,0.9,0.399553,0.927413,6.76858e-21,0.303119,0.426319,0.927453,0,0.30313
0.7175,0.1,0.396815,0.927413,-7.01122e-21,0.303119,0.426319,0.927453,0,0.30313
0.7175,0.3,0.396815,0.927413,1.03631e-40,0.303119,0.426319,0.927453,0,0.30313
0.7175,0.5,0.396815,0.927413,0,0.303119,0.426319,0.927453,0,0.30313
0.7175,0.7,0.396815,0.927413,-1.03631e-40,0.303119,0.426319,0.927453,0,0.30313
0.7175,0.9,0.396815,0.927413,7.01122e-21,0.303119,0.426319,0.927453,0,0.30313
0.7185,0.1,0.393895,0.927413,-7.33475e-21,0.303119,0.426319,0.927453,0,0.30313
0.7185,0.3,0.393895,0.927413,9.79857e-41,0.303119,0.426319,0.927453,0,0.30313
0.7185,0.5,0.393895,0.927413,0,0.303119,0.426319,0.927453,0,0.30313
0.7185,0.7,0.393895,0.927413,-9.79857e-41,0.303119,0.426319,0.927453,0,0.30313
0.7185,0.9,0.393895,0.927413,7.33475e-21,0.303119,0.426319,0.927453,0,0.30313
0.7195,0.1,0.390798,0.927413,-7.73457e-21,0.303119,0.426319,0.927453,0,0.30313
0.7195,0.3,0.390798,0.927413,9.2532e-41,0.303119,0.426319,0.927453,0,0.30313
0.7195,0.5,0.390798,0.927413,0,0.303119,0.426319,0.927453,0,0.30313
0.7195,0.7,0.390798,0.927413,-9.2532e-41,0.303119,0.426319,0.927453,0,0.30313
0.7195,0.9,0.390798,0.927413,7.73457e-21,0.303119,0.426319,0.927453,0,0.30313
0.7205,0.1,0.387527,0.927412,-8.20575e-21,0.303119,0.426319,0.927453,0,0.30313
0.7205,0.3,0.387527,0.927412,8.72714e-41,0.303119,0.426319,0.927453,0,0.30313
0.7205,0.5,0.387527,0.927412,0,0.303119,0.426319,0.927453,0,0.30313
0.7205,0.7,0.387527,0.927412,-8.72714e-41,0.303119,0.426319,0.927453,0,0.30313
0.7205,0.9,0.387527,0.927412,8.20575e-21,0.303119,0.426319,0.927453,0,0.30313
0.7215,0.1,0.38409,0.927412,-8.74309e-21,0.303119,0.426319,0.927453,0,0.30313
0.7215,0.3,0.38409,0.927412,8.22056e-41,0.303119,0.426319,0.927453,0,0.30313
0.7215,0.5,0.38409,0.927412,0,0.303119,0.426319,0.927453,0,0.30313
0.7215,0.7,0.38409,0.927412,-8.22056e-41,0.303119,0.426319,0.927453,0,0.30313
0.7215,0.9,0.38409,0.927412,8.74309e-21,0.303119,0.426319,0.927453,0,0.30313
0.7225,0.1,0.380495,0.927412,-9.34109e-21,0.303119,0.426319,0.927453,0,0.30313
0.7225,0.3,0.380495,0.927412,7.73355e-41,0.303119,0.426319,0.927453,0,0.30313
0.7225,0.5,0.380495,0.927412,0,0.303119,0.426319,0.927453,0,0.30313
0.7225,0.7,0.380495,0.927412,-7.73355e-41,0.303119,0.426319,0.927453,0,0.30313
0.7225,0.9,0.380495,0.927412,9.34109e-21,0.303119,0.426319,0.927453,0,0.30313
0.7235,0.1,0.376753,0.927412,-9.99398e-21,0.303119,0.426319,0.927453,0,0.30313
0.7235,0.3,0.376753,0.927412,7.26621e-41,0.303119,0.426319,0.927453,0,0.30313
0.7235,0.5,0.376753,0.927412,0,0.303119,0.426319,0.927453,0,0.30313
0.7235,0.7,0.376753,0.927412,-7.26621e-41,0.303119,0.426319,0.927453,0,0.30313
0.7235,0.9,0.376753,0.927412,9.99398e-21,0.303119,0.426319,0.927453,0,0.30313
0.7245,0.1,0.372877,0.927412,-1.06957e-20,0.303119,0.426319,0.927453,0,0.30313
0.7245,0.3,0.372877,0.927412,6.81858e-41,0.303119,0.426319,0.927453,0,0.30313
0.7245,0.5,0.372877,0.927412,0,0.303119,0.426319,0.927453,0,0.30313
0.7245,0.7,0.372877,0.927412,-6.81858e-41,0.303119,0.426319,0.927453,0,0.30313
0.7245,0.9,0.372877,0.927412,1.06957e-20,0.303119,0.426319,0.927453,0,0.30313
0.7255,0.1,0.368881,0.927412,-1.14397e-20,0.303119,0.426319,0.927453,0,0.30313
0.7255,0.3,0.368881,0.927412,6.39065e-41,0.303119,0.426319,0.927453,0,0.30313
0.7255,0.5,0.368881,0.927412,0,0.303119,0.426319,0.927453,0,0.30313
0.7255,0.7,0.368881,0.927412,-6.39065e-41,0.303119,0.426319,0.927453,0,0.30313
0.7255,0.9,0.368881,0.927412,1.14397e-20,0.303119,0.426319,0.927453,0,0.30313
0.7265,0.1,0.364781,0.927412,-1.22195e-20,0.303119,0.426319,0.927453,0,0.30313
0.7265,0.3,0.364781,0.927412,5.98241e-41,0.303119,0.426319,0.927453,0,0.30313
0.7265,0.5,0.364781,0.927412,0,0.303119,0.426319,0.927453,0,0.30313
0.7265,0.7,0.364781,0.927412,-5.98241e-41,0.303119,0.426319,0.927453,0,0.30313
0.7265,0.9,0.364781,0.927412,1.22195e-20,0.303119,0.426319,0.927453,0,0.30313
0.7275,0.1,0.360594,0.927412,-1.30278e-20,0.303119,0.426319,0.927453,0,0.30313
0.7275,0.3,0.360594,0.927412,5.59378e-41,0.303119,0.426319,0.927453,0,0.30313
0.7275,0.5,0.360594,0.927412,0,0.303119,0.426319,0.927453,0,0.30313
0.7275,0.7,0.360594,0.927412,-5.59378e-41,0.303119,0.426319,0.927453,0,0.30313
0.7275,0.9,0.360594,0.927412,1.30278e-20,0.303119,0.426319,0.927453,0,0.30313
0.7285,0.1,0.356338,0.927412,-1.38576e-20,0.303119,0.426319,0.927453,0,0.30313
0.7285,0.3,0.356338,0.927412,5.22467e-41,0.303119,0.426319,0.927453,0,0.30313
0.7285,0.5,0.356338,0.927412,0,0.303119,0.426319,0.927453,0,0.30313
0.7285,0.7,0.356338,0.927412,-5.22467e-41,0.303119,0.426319,0.927453,0,0.30313
0.7285,0.9,0.356338,0.927412,1.38576e-20,0.303119,0.426319,0.927453,0,0.30313
0.7295,0.1,0.352033,0.927412,-1.47011e-20,0.303119,0.426319,0.927453,0,0.30313
0.7295,0.3,0.352033,0.927412,4.87496e-41,0.303119,0.426319,0.927453,0,0.30313
0.7295,0.5,0.352033,0.927412,0,0.303119,0.426319,0.927453,0,0.30313
0.7295,0.7,0.352033,0.927412,-4.87496e-41,0.303119,0.426319,0.927453,0,0.30313
0.7295,0.9,0.352033,0.927412,1.47011e-20,0.303119,0.426319,0.927453,0,0.30313
0.7305,0.1,0.347699,0.927412,-1.55508e-20,0.303119,0.426319,0.927453,0,0.30313
0.7305,0.3,0.347699,0.927412,4.54449e-41,0.303119,0.426319,0.927453,0,0.30313
0.7305,0.5,0.347699,0.927412,0,0.303119,0.426319,0.927453,0,0.30313
0.7305,0.7,0.347699,0.927412,-4.54449e-41,0.303119,0.426319,0.927453,0,0.30313
0.7305,0.9,0.347699,0.927412,1.55508e-20,0.303119,0.426319,0.927453,0,0.30313
0.7315,0.1,0.343356,0.927411,-1.63989e-20,0.303119,0.426319,0.927453,0,0.30313
0.7315,0.3,0.343356,0.927411,4.23308e-41,0.303119,0.426319,0.927453,0,0.30313
0.7315,0.5,0.343356,0.927411,0,0.303119,0.426319,0.927453,0,0.30313
0.7315,0.7,0.343356,0.927411,-4.23308e-41,0.303119,0.426319,0.927453,0,0.30313
0.7315,0.9,0.343356,0.927411,1.63989e-20,0.303119,0.426319,0.927453,0,0.30313
0.7325,0.1,0.339025,0.927411,-1.72377e-20,0.303118,0.265574,0.927453,0,0.30313
0.7325,0.3,0.339025,0.927411,3.94053e-41,0.303118,0.265574,0.927453,0,0.30313
0.7325,0.5,0.339025,0.927411,0,0.303118,0.265574,0.927453,0,0.30313
0.7325,0.7,0.339025,0.927411,-3.94053e-41,0.303118,0.265574,0.927453,0,0.30313
0.7325,0.9,0.339025,0.927411,1.72377e-20,0.303118,0.265574,0.927453,0,0.30313
0.7335,0.1,0.334725,0.927411,-1.80596e-20,0.303118,0.265574,0.927453,0,0.30313
0.7335,0.3,0.334725,0.927411,3.66659e-41,0.303118,0.265574,0.927453,0,0.30313
0.7335,0.5,0.334725,0.927411,0,0.303118,0.265574,0.927453,0,0.30313
0.7335,0.7,0.334725,0.927411,-3.66659e-41,0.303118,0.265574,0.927453,0,0.30313
0.7335,0.9,0.334725,0.927411,1.80596e-20,0.303118,0.265574,0.927453,0,0.30313
0.7345,0.1,0.330477,0.927411,-1.88574e-20,0.303118,0.265574,0.927453,0,0.30313
0.7345,0.3,0.330477,0.927411,3.41098e-41,0.303118,0.265574,0.927453,0,0.30313
0.7345,0.5,0.330477,0.927411,0,0.303118,0.265574,0.927453,0,0.30313
0.7345,0.7,0.330477,0.927411,-3.41098e-41,0.303118,0.265574,0.927453,0,0.30313
0.7345,0.9,0.330477,0.927411,1.88574e-20,0.303118,0.265574,0.927453,0,0.30313
0.7355,0.1,0.326299,0.927411,-1.96242e-20,0.303118,0.265574,0.927453,0,0.30313
0.7355,0.3,0.326299,0.927411,3.17339e-41,0.303118,0.265574,0.927453,0,0.30313
0.7355,0.5,0.326299,0.927411,0,0.303118,0.265574,0.927453,0,0.30313
0.7355,0.7,0.326299,0.927411,-3.17339e-41,0.303118,0.265574,0.927453,0,0.30313
0.7355,0.9,0.326299,0.927411,1.96242e-20,0.303118,0.265574,0.927453,0,0.30313
0.7365,0.1,0.322209,0.927411,-2.03538e-20,0.303118,0.265574,0.927453,0,0.30313
0.7365,0.3,0.322209,0.927411,2.95345e-41,0.303118,0.265574,0.927453,0,0.30313
0.7365,0.5,0.322209,0.927411,0,0.303118,0.265574,0.927453,0,0.30313
0.7365,0.7,0.322209,0.927411,-2.95345e-41,0.303118,0.265574,0.927453,0,0.30313
0.7365,0.9,0.322209,0.927411,2.03538e-20,0.303118,0.265574,0.927453,0,0.30313
0.7375,0.1,0.318224,0.927411,-2.10407e-20,0.303118,0.265574,0.927453,0,0.30313
0.7375,0.3,0.318224,0.927411,2.75074e-41,0.303118,0.265574,0.927453,0,0.30313
0.7375,0.5,0.318224,0.927411,0,0.303118,0.265574,0.927453,0,0.30313
0.7375,0.7,0.318224,0.927411,-2.75074e-41,0.303118,0.265574,0.927453,0,0.30313
0.7375,0.9,0.318224,0.927411,2.10407e-20,0.303118,0.265574,0.927453,0,0.30313
0.7385,0.1,0.31436,0.927411,-2.168e-20,0.303118,0.265574,0.927453,0,0.30313
0.7385,0.3,0.31436,0.927411,2.56478e-41,0.303118,0.265574,0.927453,0,0.30313
0.7385,0.5,0.31436,0.927411,0,0.303118,0.265574,0.927453,0,0.30313
0.7385,0.7,0.31436,0.927411,-2.56478e-41,0.303118,0.265574,0.927453,0,0.30313
0.7385,0.9,0.31436,0.927411,2.168e-20,0.303118,0.265574,0.927453,0,0.30313
0.7395,0.1,0.310629,0.927411,-2.22682e-20,0.303118,0.265574,0.927453,0,0.30313
0.7395,0.3,0.310629,0.927411,2.39504e-41,0.303118,0.265574,0.927453,0,0.30313
0.7395,0.5,0.310629,0.927411,0,0.303118,0.265574,0.927453,0,0.30313
0.7395,0.7,0.310629,0.927411,-2.39504e-41,0.303118,0.265574,0.927453,0,0.30313
0.7395,0.9,0.310629,0.927411,2.22682e-20,0.303118,0.265574,0.927453,0,0.30313
0.7405,0.1,0.307044,0.927411,-2.28023e-20,0.303118,0.265574,0.927453,0,0.30313
0.7405,0.3,0.307044,0.927411,2.24091e-41,0.303118,0.265574,0.927453,0,0.30313
0.7405,0.5,0.307044,0.927411,0,0.303118,0.265574,0.927453,0,0.30313
0.7405,0.7,0.307044,0.927411,-2.24091e-41,0.303118,0.265574,0.927453,0,0.30313
0.7405,0.9,0.307044,0.927411,2.28023e-20,0.303118,0.265574,0.927453,0,0.30313
0.7415,0.1,0.303615,0.927411,-2.32806e-20,0.303118,0.265574,0.927453,0,0.30313
0.7415,0.3,0.303615,0.927411,2.10173e-41,0.303118,0.265574,0.927453,0,0.30313
0.7415,0.5,0.303615,0.927411,0,0.303118,0.265574,0.927453,0,0.30313
0.7415,0.7,0.303615,0.927411,-2.10173e-41,0.303118,0.265574,0.927453,0,0.30313
0.7415,0.9,0.303615,0.927411,2.32806e-20,0.303118,0.265574,0.927453,0,0.30313
0.7425,0.1,0.30035,0.92741,-2.37022e-20,0.303118,0.265574,0.927453,0,0.30313
0.7425,0.3,0.30035,0.92741,1.97678e-41,0.303118,0.265574,0.927453,0,0.30313
0.7425,0.5,0.30035,0.92741,0,0.303118,0.265574,0.927453,0,0.30313
0.7425,0.7,0.30035,0.92741,-1.97678e-41,0.303118,0.265574,0.927453,0,0.30313
0.7425,0.9,0.30035,0.92741,2.37022e-20,0.303118,0.265574,0.927453,0,0.30313
0.7435,0.1,0.297255,0.92741,-2.40674e-20,0.303118,0.265574,0.927453,0,0.30313
0.7435,0.3,0.297255,0.92741,1.86529e-41,0.303118,0.265574,0.927453,0,0.30313
0.7435,0.5,0.297255,0.92741,0,0.303118,0.265574,0.927453,0,0.30313
0.7435,0.7,0.297255,0.92741,-1.86529e-41,0.303118,0.265574,0.927453,0,0.30313
0.7435,0.9,0.297255,0.92741,2.40674e-20,0.303118,0.265574,0.927453,0,0.30313
0.7445,0.1,0.294335,0.92741,-2.43771e-20,0.303118,0.265574,0.927453,0,0.30313
0.7445,0.3,0.294335,0.92741,1.76641e-41,0.303118,0.265574,0.927453,0,0.30313
0.7445,0.5,0.294335,0.92741,0,0.303118,0.265574,0.927453,0,0.30313
0.7445,0.7,0.294335,0.92741,-1.76641e-41,0.303118,0.265574,0.927453,0,0.30313
0.7445,0.9,0.294335,0.92741,2.43771e-20,0.303118,0.265574,0.927453,0,0.30313
0.7455,0.1,0.291592,0.92741,-2.46333e-20,0.303118,0.265574,0.927453,0,0.30313
0.7455,0.3,0.291592,0.92741,1.67931e-41,0.303118,0.265574,0.927453,0,0.30313
0.7455,0.5,0.291592,0.92741,0,0.303118,0.265574,0.927453,0,0.30313
0.7455,0.7,0.291592,0.92741,-1.67931e-41,0.303118,0.265574,0.927453,0,0.30313
0.7455,0.9,0.291592,0.92741,2.46333e-20,0.303118,0.265574,0.927453,0,0.30313
0.7465,0.1,0.289027,0.92741,-2.48383e-20,0.303118,0.265574,0.927453,0,0.30313
0.7465,0.3,0.289027,0.92741,1.6031e-41,0.303118,0.265574,0.927453,0,0.30313
0.7465,0.5,0.289027,0.92741,0,0.303118,0.265574,0.927453,0,0.30313
0.7465,0.7,0.289027,0.92741,-1.6031e-41,0.303118,0.265574,0.927453,0,0.30313
0.7465,0.9,0.289027,0.92741,2.48383e-20,0.303118,0.265574,0.927453,0,0.30313
0.7475,0.1,0.28664,0.92741,-2.49952e-20,0.303118,0.265574,0.927453,0,0.30313
0.7475,0.3,0.28664,0.92741,1.5369e-41,0.303118,0.265574,0.927453,0,0.30313
0.7475,0.5,0.28664,0.92741,0,0.303118,0.265574,0.927453,0,0.30313
0.7475,0.7,0.28664,0.92741,-1.5369e-41,0.303118,0.265574,0.927453,0,0.30313
0.7475,0.9,0.28664,0.92741,2.49952e-20,0.303118,0.265574,0.927453,0,0.30313
0.7485,0.1,0.284427,0.92741,-2.51072e-20,0.303118,0.265574,0.927453,0,0.30313
0.7485,0.3,0.284427,0.92741,1.47983e-41,0.303118,0.265574,0.927453,0,0.30313
0.7485,0.5,0.284427,0.92741,0,0.303118,0.265574,0.927453,0,0.30313
0.7485,0.7,0.284427,0.92741,-1.47983e-41,0.303118,0.265574,0.927453,0,0.30313
0.7485,0.9,0.284427,0.92741,2.51072e-20,0.303118,0.265574,0.927453,0,0.30313
0.7495,0.1,0.282386,0.92741,-2.51778e-20,0.303118,0.265574,0.927453,0,0.30313
0.7495,0.3,0.282386,0.92741,1.43105e-41,0.303118,0.265574,0.927453,0,0.30313
0.7495,0.5,0.282386,0.92741,0,0.303118,0.265574,0.927453,0,0.30313
0.7495,0.7,0.282386,0.92741,-1.43105e-41,0.303118,0.265574,0.927453,0,0.30313
0.7495,0.9,0.282386,0.92741,2.51778e-20,0.303118,0.265574,0.927453,0,0.30313
0.7505,0.1,0.280512,0.92741,-2.52106e-20,0.303118,0.265574,0.927453,0,0.30313
0.7505,0.3,0.280512,0.92741,1.38974e-41,0.303118,0.265574,0.927453,0,0.30313
0.7505,0.5,0.280512,0.92741,0,0.303118,0.265574,0.927453,0,0.30313
0.7505,0.7,0.280512,0.92741,-1.38974e-41,0.303118,0.265574,0.927453,0,0.30313
0.7505,0.9,0.280512,0.92741,2.52106e-20,0.303118,0.265574,0.927453,0,0.30313
0.7515,0.1,0.278798,0.92741,-2.52093e-20,0.303118,0.265574,0.927453,0,0.30313
0.7515,0.3,0.278798,0.92741,1.35513e-41,0.303118,0.265574,0.927453,0,0.30313
0.7515,0.5,0.278798,0.92741,0,0.303118,0.265574,0.927453,0,0.30313
0.7515,0.7,0.278798,0.92741,-1.35513e-41,0.303118,0.265574,0.927453,0,0.30313
0.7515,0.9,0.278798,0.92741,2.52093e-20,0.303118,0.265574,0.927453,0,0.30313
0.7525,0.1,0.277238,0.927409,-2.51772e-20,0.303118,0.265574,0.927453,0,0.30313
0.7525,0.3,0.277238,0.927409,1.32654e-41,0.303118,0.265574,0.927453,0,0.30313
0.7525,0.5,0.277238,0.927409,0,0.303118,0.265574,0.927453,0,0.30313
0.7525,0.7,0.277238,0.927409,-1.32654e-41,0.303118,0.265574,0.927453,0,0.30313
0.7525,0.9,0.277238,0.927409,2.51772e-20,0.303118,0.265574,0.927453,0,0.30313
0.7535,0.1,0.275823,0.927409,-2.5118e-20,0.303118,0.265574,0.927453,0,0.30313
0.7535,0.3,0.275823,0.927409,1.30332e-41,0.303118,0.265574,0.927453,0,0.30313
0.7535,0.5,0.275823,0.927409,0,0.303118,0.265574,0.927453,0,0.30313
0.7535,0.7,0.275823,0.927409,-1.30332e-41,0.303118,0.265574,0.927453,0,0.30313
0.7535,0.9,0.275823,0.927409,2.5118e-20,0.303118,0.265574,0.927453,0,0.30313
0.7545,0.1,0.274548,0.927409,-2.50348e-20,0.303118,0.265574,0.927453,0,0.30313
0.7545,0.3,0.274548,0.927409,1.28491e-41,0.303118,0.265574,0.927453,0,0.30313
0.7545,0.5,0.274548,0.927409,0,0.303118,0.265574,0.927453,0,0.30313
0.7545,0.7,0.274548,0.927409,-1.28491e-41,0.303118,0.265574,0.927453,0,0.30313
0.7545,0.9,0.274548,0.927409,2.50348e-20,0.303118,0.265574,0.927453,0,0.30313
0.7555,0.1,0.273401,0.927409,-2.49311e-20,0.303117,0.265574,0.927453,0,0.30313
0.7555,0.3,0.273401,0.927409,1.27083e-41,0.303117,0.265574,0.927453,0,0.30313
0.7555,0.5,0.273401,0.927409,0,0.303117,0.265574,0.927453,0,0.30313
0.7555,0.7,0.273401,0.927409,-1.27083e-41,0.303117,0.265574,0.927453,0,0.30313
0.7555,0.9,0.273401,0.927409,2.49311e-20,0.303117,0.265574,0.927453,0,0.30313
0.7565,0.1,0.272376,0.927409,-2.48102e-20,0.303117,0.265574,0.927453,0,0.30313
0.7565,0.3,0.272376,0.927409,1.26064e-41,0.303117,0.265574,0.927453,0,0.30313
0.7565,0.5,0.272376,0.927409,0,0.303117,0.265574,0.927453,0,0.30313
0.7565,0.7,0.272376,0.927409,-1.26064e-41,0.303117,0.265574,0.927453,0,0.30313
0.7565,0.9,0.272376,0.927409,2.48102e-20,0.303117,0.265574,0.927453,0,0.30313
0.7575,0.1,0.271463,0.927409,-2.46755e-20,0.303117,0.265574,0.927453,0,0.30313
0.7575,0.3,0.271463,0.927409,1.25399e-41,0.303117,0.265574,0.927453,0,0.30313
0.7575,0.5,0.271463,0.927409,0,0.303117,0.265574,0.927453,0,0.30313
0.7575,0.7,0.271463,0.927409,-1.25399e-41,0.303117,0.265574,0.927453,0,0.30313
0.7575,0.9,0.271463,0.927409,2.46755e-20,0.303117,0.265574,0.927453,0,0.30313
0.7585,0.1,0.270653,0.927409,-2.45309e-20,0.303117,0.265574,0.927453,0,0.30313
0.7585,0.3,0.270653,0.927409,1.25055e-41,0.303117,0.265574,0.927453,0,0.30313
0.7585,0.5,0.270653,0.927409,0,0.303117,0.265574,0.927453,0,0.30313
0.7585,0.7,0.270653,0.927409,-1.25055e-41,0.303117,0.265574,0.927453,0,0.30313
0.7585,0.9,0.270653,0.927409,2.45309e-20,0.303117,0.265574,0.927453,0,0.30313
0.7595,0.1,0.269939,0.927409,-2.43803e-20,0.303117,0.265574,0.927453,0,0.30313
0.7595,0.3,0.269939,0.927409,1.25005e-41,0.303117,0.265574,0.927453,0,0.30313
0.7595,0.5,0.269939,0.927409,0,0.303117,0.265574,0.927453,0,0.30313
0.7595,0.7,0.269939,0.927409,-1.25005e-41,0.303117,0.265574,0.927453,0,0.30313
0.7595,0.9,0.269939,0.927409,2.43803e-20,0.303117,0.265574,0.927453,0,0.30313
0.7605,0.1,0.26931,0.927408,-2.42281e-20,0.303117,0.265574,0.927453,0,0.30313
0.7605,0.3,0.26931,0.927408,1.25223e-41,0.303117,0.265574,0.927453,0,0.30313
0.7605,0.5,0.26931,0.927408,0,0.303117,0.265574,0.927453,0,0.30313
0.7605,0.7,0.26931,0.927408,-1.25223e-41,0.303117,0.265574,0.927453,0,0.30313
0.7605,0.9,0.26931,0.927408,2.42281e-20,0.303117,0.265574,0.927453,0,0.30313
0.7615,0.1,0.26876,0.927408,-2.40791e-20,0.303117,0.265574,0.927453,0,0.30313
0.7615,0.3,0.26876,0.927408,1.25683e-41,0.303117,0.265574,0.927453,0,0.30313
0.7615,0.5,0.26876,0.927408,0,0.303117,0.265574,0.927453,0,0.30313
0.7615,0.7,0.26876,0.927408,-1.25683e-41,0.303117,0.265574,0.927453,0,0.30313
0.7615,0.9,0.26876,0.927408,2.40791e-20,0.303117,0.265574,0.927453,0,0.30313
0.7625,0.1,0.268281,0.927408,-2.39385e-20,0.303117,0.265574,0.927453,0,0.30313
0.7625,0.3,0.268281,0.927408,1.26363e-41,0.303117,0.265574,0.927453,0,0.30313
0.7625,0.5,0.268281,0.927408,0,0.303117,0.265574,0.927453,0,0.30313
0.7625,0.7,0.268281,0.927408,-1.26363e-41,0.303117,0.265574,0.927453,0,0.30313
0.7625,0.9,0.268281,0.927408,2.39385e-20,0.303117,0.265574,0.927453,0,0.30313
0.7635,0.1,0.267865,0.927408,-2.38121e-20,0.303117,0.265574,0.927453,0,0.30313
0.7635,0.3,0.267865,0.927408,1.27234e-41,0.303117,0.265574,0.927453,0,0.30313
0.7635,0.5,0.267865,0.927408,0,0.303117,0.265574,0.927453,0,0.30313
0.7635,0.7,0.267865,0.927408,-1.27234e-41,0.303117,0.265574,0.927453,0,0.30313
0.7635,0.9,0.267865,0.927408,2.38121e-20,0.303117,0.265574,0.927453,0,0.30313
0.7645,0.1,0.267506,0.927408,-2.37057e-20,0.303117,0.265574,0.927453,0,0.30313
0.7645,0.3,0.267506,0.927408,1.28267e-41,0.303117,0.265574,0.927453,0,0.30313
0.7645,0.5,0.267506,0.927408,0,0.303117,0.265574,0.927453,0,0.30313
0.7645,0.7,0.267506,0.927408,-1.28267e-41,0.303117,0.265574,0.927453,0,0.30313
0.7645,0.9,0.267506,0.927408,2.37057e-20,0.303117,0.265574,0.927453,0,0.30313
0.7655,0.1,0.267197,0.927408,-2.36254e-20,0.303117,0.265574,0.927453,0,0.30313
0.7655,0.3,0.267197,0.927408,1.2943e-41,0.303117,0.265574,0.927453,0,0.30313
0.7655,0.5,0.267197,0.927408,0,0.303117,0.265574,0.927453,0,0.30313
0.7655,0.7,0.267197,0.927408,-1.2943e-41,0.303117,0.265574,0.927453,0,0.30313
0.7655,0.9,0.267197,0.927408,2.36254e-20,0.303117,0.265574,0.927453,0,0.30313
0.7665,0.1,0.266932,0.927408,-2.35773e-20,0.303117,0.265574,0.927453,0,0.30313
0.7665,0.3,0.266932,0.927408,1.30686e-41,0.303117,0.265574,0.927453,0,0.30313
0.7665,0.5,0.266932,0.927408,0,0.303117,0.265574,0.927453,0,0.30313
0.7665,0.7,0.266932,0.927408,-1.30686e-41,0.303117,0.265574,0.927453,0,0.30313
0.7665,0.9,0.266932,0.927408,2.35773e-20,0.303117,0.265574,0.927453,0,0.30313
0.7675,0.1,0.266706,0.927408,-2.35672e-20,0.303117,0.265574,0.927453,0,0.30313
0.7675,0.3,0.266706,0.927408,1.31995e-41,0.303117,0.265574,0.927453,0,0.30313
0.7675,0.5,0.266706,0.927408,0,0.303117,0.265574,0.927453,0,0.30313
0.7675,0.7,0.266706,0.927408,-1.31995e-41,0.303117,0.265574,0.927453,0,0.30313
0.7675,0.9,0.266706,0.927408,2.35672e-20,0.303117,0.265574,0.927453,0,0.30313
0.7685,0.1,0.266514,0.927408,-2.36005e-20,0.303117,0.265574,0.927453,0,0.30313
0.7685,0.3,0.266514,0.927408,1.33314e-41,0.303117,0.265574,0.927453,0,0.30313
0.7685,0.5,0.266514,0.927408,0,0.303117,0.265574,0.927453,0,0.30313
0.7685,0.7,0.266514,0.927408,-1.33314e-41,0.303117,0.265574,0.927453,0,0.30313
0.7685,0.9,0.266514,0.927408,2.36005e-20,0.303117,0.265574,0.927453,0,0.30313
0.7695,0.1,0.266351,0.927407,-2.36816e-20,0.303117,0.265574,0.927453,0,0.30313
0.7695,0.3,0.266351,0.927407,1.34597e-41,0.303117,0.265574,0.927453,0,0.30313
0.7695,0.5,0.266351,0.927407,0,0.303117,0.265574,0.927453,0,0.30313
0.7695,0.7,0.266351,0.927407,-1.34597e-41,0.303117,0.265574,0.927453,0,0.30313
0.7695,0.9,0.266351,0.927407,2.36816e-20,0.303117,0.265574,0.927453,0,0.30313
0.7705,0.1,0.266214,0.927407,-2.38141e-20,0.303117,0.265574,0.927453,0,0.30313
0.7705,0.3,0.266214,0.927407,1.35795e-41,0.303117,0.265574,0.927453,0,0.30313
0.7705,0.5,0.266214,0.927407,0,0.303117,0.265574,0.927453,0,0.30313
0.7705,0.7,0.266214,0.927407,-1.35795e-41,0.303117,0.265574,0.927453,0,0.30313
0.7705,0.9,0.266214,0.927407,2.38141e-20,0.303117,0.265574,0.927453,0,0.30313
0.7715,0.1,0.2661,0.927407,-2.40001e-20,0.303117,0.265574,0.927453,0,0.30313
0.7715,0.3,0.2661,0.927407,1.3686e-41,0.303117,0.265574,0.927453,0,0.30313
0.7715,0.5,0.2661,0.927407,0,0.303117,0.265574,0.927453,0,0.30313
0.7715,0.7,0.2661,0.927407,-1.3686e-41,0.303117,0.265574,0.927453,0,0.30313
0.7715,0.9,0.2661,0.927407,2.40001e-20,0.303117,0.265574,0.927453,0,0.30313
0.7725,0.1,0.266004,0.927407,-2.42402e-20,0.303117,0.265574,0.927453,0,0.30313
0.7725,0.3,0.266004,0.927407,1.37747e-41,0.303117,0.265574,0.927453,0,0.30313
0.7725,0.5,0.266004,0.927407,0,0.303117,0.265574,0.927453,0,0.30313
0.7725,0.7,0.266004,0.927407,-1.37747e-41,0.303117,0.265574,0.927453,0,0.30313
0.7725,0.9,0.266004,0.927407,2.42402e-20,0.303117,0.265574,0.927453,0,0.30313
0.7735,0.1,0.265924,0.927407,-2.45333e-20,0.303117,0.265574,0.927453,0,0.30313
0.7735,0.3,0.265924,0.927407,1.38411e-41,0.303117,0.265574,0.927453,0,0.30313
0.7735,0.5,0.265924,0.927407,0,0.303117,0.265574,0.927453,0,0.30313
0.7735,0.7,0.265924,0.927407,-1.38411e-41,0.303117,0.265574,0.927453,0,0.30313
0.7735,0.9,0.265924,0.927407,2.45333e-20,0.303117,0.265574,0.927453,0,0.30313
0.7745,0.1,0.265858,0.927407,-2.48763e-20,0.303117,0.265574,0.927453,0,0.30313
0.7745,0.3,0.265858,0.927407,1.38815e-41,0.303117,0.265574,0.927453,0,0.30313
0.7745,0.5,0.265858,0.927407,0,0.303117,0.265574,0.927453,0,0.30313
0.7745,0.7,0.265858,0.927407,-1.38815e-41,0.303117,0.265574,0.927453,0,0.30313
0.7745,0.9,0.265858,0.927407,2.48763e-20,0.303117,0.265574,0.927453,0,0.30313
0.7755,0.1,0.265803,0.927407,-2.52641e-20,0.303117,0.265574,0.927453,0,0.30313
0.7755,0.3,0.265803,0.927407,1.38926e-41,0.303117,0.265574,0.927453,0,0.30313
0.7755,0.5,0.265803,0.927407,0,0.303117,0.265574,0.927453,0,0.30313
0.7755,0.7,0.265803,0.927407,-1.38926e-41,0.303117,0.265574,0.927453,0,0.30313
0.7755,0.9,0.265803,0.927407,2.52641e-20,0.303117,0.265574,0.927453,0,0.30313
0.7765,0.1,0.265758,0.927407,-2.56898e-20,0.303117,0.265574,0.927453,0,0.30313
0.7765,0.3,0.265758,0.927407,1.38722e-41,0.303117,0.265574,0.927453,0,0.30313
0.7765,0.5,0.265758,0.927407,0,0.303117,0.265574,0.927453,0,0.30313
0.7765,0.7,0.265758,0.927407,-1.38722e-41,0.303117,0.265574,0.927453,0,0.30313
0.7765,0.9,0.265758,0.927407,2.56898e-20,0.303117,0.265574,0.927453,0,0.30313
0.7775,0.1,0.265722,0.927406,-2.61444e-20,0.303116,0.265574,0.927453,0,0.30313
0.7775,0.3,0.265722,0.927406,1.38191e-41,0.303116,0.265574,0.927453,0,0.30313
0.7775,0.5,0.265722,0.927406,0,0.303116,0.265574,0.927453,0,0.30313
0.7775,0.7,0.265722,0.927406,-1.38191e-41,0.303116,0.265574,0.927453,0,0.30313
0.7775,0.9,0.265722,0.927406,2.61444e-20,0.303116,0.265574,0.927453,0,0.30313
0.7785,0.1,0.265692,0.927406,-2.66172e-20,0.303116,0.265574,0.927453,0,0.30313
0.7785,0.3,0.265692,0.927406,1.37331e-41,0.303116,0.265574,0.927453,0,0.30313
0.7785,0.5,0.265692,0.927406,0,0.303116,0.265574,0.927453,0,0.30313
0.7785,0.7,0.265692,0.927406,-1.37331e-41,0.303116,0.265574,0.927453,0,0.30313
0.7785,0.9,0.265692,0.927406,2.66172e-20,0.303116,0.265574,0.927453,0,0.30313
0.7795,0.1,0.265667,0.927406,-2.70958e-20,0.303116,0.265574,0.927453,0,0.30313
0.7795,0.3,0.265667,0.927406,1.36154e-41,0.303116,0.265574,0.927453,0,0.30313
0.7795,0.5,0.265667,0.927406,0,0.303116,0.265574,0.927453,0,0.30313
0.7795,0.7,0.265667,0.927406,-1.36154e-41,0.303116,0.265574,0.927453,0,0.30313
0.7795,0.9,0.265667,0.927406,2.70958e-20,0.303116,0.265574,0.927453,0,0.30313
0.7805,0.1,0.265648,0.927406,-2.75667e-20,0.303116,0.265574,0.927453,0,0.30313
0.7805,0.3,0.265648,0.927406,1.34682e-41,0.303116,0.265574,0.927453,0,0.30313
0.7805,0.5,0.265648,0.927406,0,0.303116,0.265574,0.927453,0,0.30313
0.7805,0.7,0.265648,0.927406,-1.34682e-41,0.303116,0.265574,0.927453,0,0.30313
0.7805,0.9,0.265648,0.927406,2.75667e-20,0.303116,0.265574,0.927453,0,0.30313
0.7815,0.1,0.265632,0.927406,-2.80154e-20,0.303116,0.265574,0.927453,0,0.30313
0.7815,0.3,0.265632,0.927406,1.32953e-41,0.303116,0.265574,0.927453,0,0.30313
0.7815,0.5,0.265632,0.927406,0,0.303116,0.265574,0.927453,0,0.30313
0.7815,0.7,0.265632,0.927406,-1.32953e-41,0.303116,0.265574,0.927453,0,0.30313
0.7815,0.9,0.265632,0.927406,2.80154e-20,0.303116,0.265574,0.927453,0,0.30313
0.7825,0.1,0.265619,0.927406,-2.84266e-20,0.303116,0.265574,0.927453,0,0.30313
0.7825,0.3,0.265619,0.927406,1.31016e-41,0.303116,0.265574,0.927453,0,0.30313
0.7825,0.5,0.265619,0.927406,0,0.303116,0.265574,0.927453,0,0.30313
0.7825,0.7,0.265619,0.927406,-1.31016e-41,0.303116,0.265574,0.927453,0,0.30313
0.7825,0.9,0.265619,0.927406,2.84266e-20,0.303116,0.265574,0.927453,0,0.30313
0.7835,0.1,0.265609,0.927406,-2.87852e-20,0.303116,0.265574,0.927453,0,0.30313
0.7835,0.3,0.265609,0.927406,1.28933e-41,0.303116,0.265574,0.927453,0,0.30313
0.7835,0.5,0.265609,0.927406,0,0.303116,0.265574,0.927453,0,0.30313
0.7835,0.7,0.265609,0.927406,-1.28933e-41,0.303116,0.265574,0.927453,0,0.30313
0.7835,0.9,0.265609,0.927406,2.87852e-20,0.303116,0.265574,0.927453,0,0.30313
0.7845,0.1,0.265601,0.927405,-2.90761e-20,0.303116,0.265574,0.927453,0,0.30313
0.7845,0.3,0.265601,0.927405,1.26775e-41,0.303116,0.265574,0.927453,0,0.30313
0.7845,0.5,0.265601,0.927405,0,0.303116,0.265574,0.927453,0,0.30313
0.7845,0.7,0.265601,0.927405,-1.26775e-41,0.303116,0.265574,0.927453,0,0.30313
0.7845,0.9,0.265601,0.927405,2.90761e-20,0.303116,0.265574,0.927453,0,0.30313
0.7855,0.1,0.265594,0.927405,-2.92847e-20,0.303116,0.265574,0.927453,0,0.30313
0.7855,0.3,0.265594,0.927405,1.24625e-41,0.303116,0.265574,0.927453,0,0.30313
0.7855,0.5,0.265594,0.927405,0,0.303116,0.265574,0.927453,0,0.30313
0.7855,0.7,0.265594,0.927405,-1.24625e-41,0.303116,0.265574,0.927453,0,0.30313
0.7855,0.9,0.265594,0.927405,2.92847e-20,0.303116,0.265574,0.927453,0,0.30313
0.7865,0.1,0.265589,0.927405,-2.93977e-20,0.303116,0.265574,0.927453,0,0.30313
0.7865,0.3,0.265589,0.927405,1.22573e-41,0.303116,0.265574,0.927453,0,0.30313
0.7865,0.5,0.265589,0.927405,0,0.303116,0.265574,0.927453,0,0.30313
0.7865,0.7,0.265589,0.927405,-1.22573e-41,0.303116,0.265574,0.927453,0,0.30313
0.7865,0.9,0.265589,0.927405,2.93977e-20,0.303116,0.265574,0.927453,0,0.30313
0.7875,0.1,0.265585,0.927405,-2.9403e-20,0.303116,0.265574,0.927453,0,0.30313
0.7875,0.3,0.265585,0.927405,1.20713e-41,0.303116,0.265574,0.927453,0,0.30313
0.7875,0.5,0.265585,0.927405,0,0.303116,0.265574,0.927453,0,0.30313
0.7875,0.7,0.265585,0.927405,-1.20713e-41,0.303116,0.265574,0.927453,0,0.30313
0.7875,0.9,0.265585,0.927405,2.9403e-20,0.303116,0.265574,0.927453,0,0.30313
0.7885,0.1,0.265582,0.927405,-2.92903e-20,0.303116,0.265574,0.927453,0,0.30313
0.7885,0.3,0.265582,0.927405,1.19146e-41,0.303116,0.265574,0.927453,0,0.30313
0.7885,0.5,0.265582,0.927405,0,0.303116,0.265574,0.927453,0,0.30313
0.7885,0.7,0.265582,0.927405,-1.19146e-41,0.303116,0.265574,0.927453,0,0.30313
0.7885,0.9,0.265582,0.927405,2.92903e-20,0.303116,0.265574,0.927453,0,0.30313
0.7895,0.1,0.265579,0.927405,-2.90511e-20,0.303116,0.265574,0.927453,0,0.30313
0.7895,0.3,0.265579,0.927405,1.17973e-41,0.303116,0.265574,0.927453,0,0.30313
0.7895,0.5,0.265579,0.927405,0,0.303116,0.265574,0.927453,0,0.30313
0.7895,0.7,0.265579,0.927405,-1.17973e-41,0.303116,0.265574,0.927453,0,0.30313
0.7895,0.9,0.265579,0.927405,2.90511e-20,0.303116,0.265574,0.927453,0,0.30313
0.7905,0.1,0.265578,0.927405,-2.86792e-20,0.303116,0.265574,0.927453,0,0.30313
0.7905,0.3,0.265578,0.927405,1.17296e-41,0.303116,0.265574,0.927453,0,0.30313
0.7905,0.5,0.265578,0.927405,0,0.303116,0.265574,0.927453,0,0.30313
0.7905,0.7,0.265578,0.927405,-1.17296e-41,0.303116,0.265574,0.927453,0,0.30313
0.7905,0.9,0.265578,0.927405,2.86792e-20,0.303116,0.265574,0.927453,0,0.30313
0.7915,0.1,0.265576,0.927405,-2.81708e-20,0.303116,0.265574,0.927453,0,0.30313
0.7915,0.3,0.265576,0.927405,1.17211e-41,0.303116,0.265574,0.927453,0,0.30313
0.7915,0.5,0.265576,0.927405,0,0.303116,0.265574,0.927453,0,0.30313
0.7915,0.7,0.265576,0.927405,-1.17211e-41,0.303116,0.265574,0.927453,0,0.30313
0.7915,0.9,0.265576,0.927405,2.81708e-20,0.303116,0.265574,0.927453,0,0.30313
0.7925,0.1,0.265575,0.927404,-2.75245e-20,0.303116,0.265574,0.927453,0,0.30313
0.7925,0.3,0.265575,0.927404,1.17813e-41,0.303116,0.265574,0.927453,0,0.30313
0.7925,0.5,0.265575,0.927404,0,0.303116,0.265574,0.927453,0,0.30313
0.7925,0.7,0.265575,0.927404,-1.17813e-41,0.303116,0.265574,0.927453,0,0.30313
0.7925,0.9,0.265575,0.927404,2.75245e-20,0.303116,0.265574,0.927453,0,0.30313
0.7935,0.1,0.265574,0.927404,-2.67412e-20,0.303116,0.265574,0.927453,0,0.30313
0.7935,0.3,0.265574,0.927404,1.19184e-41,0.303116,0.265574,0.927453,0,0.30313
0.7935,0.5,0.265574,0.927404,0,0.303116,0.265574,0.927453,0,0.30313
0.7935,0.7,0.265574,0.927404,-1.19184e-41,0.303116,0.265574,0.927453,0,0.30313
0.7935,0.9,0.265574,0.927404,2.67412e-20,0.303116,0.265574,0.927453,0,0.30313
0.7945,0.1,0.265573,0.927404,-2.58246e-20,0.303116,0.265574,0.927453,0,0.30313
0.7945,0.3,0.265573,0.927404,1.21399e-41,0.303116,0.265574,0.927453,0,0.30313
0.7945,0.5,0.265573,0.927404,0,0.303116,0.265574,0.927453,0,0.30313
0.7945,0.7,0.265573,0.927404,-1.21399e-41,0.303116,0.265574,0.927453,0,0.30313
0.7945,0.9,0.265573,0.927404,2.58246e-20,0.303116,0.265574,0.927453,0,0.30313
0.7955,0.1,0.265573,0.927404,-2.47807e-20,0.303116,0.265574,0.927453,0,0.30313
0.7955,0.3,0.265573,0.927404,1.24517e-41,0.303116,0.265574,0.927453,0,0.30313
0.7955,0.5,0.265573,0.927404,0,0.303116,0.265574,0.927453,0,0.30313
0.7955,0.7,0.265573,0.927404,-1.24517e-41,0.303116,0.265574,0.927453,0,0.30313
0.7955,0.9,0.265573,0.927404,2.47807e-20,0.303116,0.265574,0.927453,0,0.30313
0.7965,0.1,0.265572,0.927404,-2.3618e-20,0.303116,0.265574,0.927453,0,0.30313
0.7965,0.3,0.265572,0.927404,1.28579e-41,0.303116,0.265574,0.927453,0,0.30313
0.7965,0.5,0.265572,0.927404,0,0.303116,0.265574,0.927453,0,0.30313
0.7965,0.7,0.265572,0.927404,-1.28579e-41,0.303116,0.265574,0.927453,0,0.30313
0.7965,0.9,0.265572,0.927404,2.3618e-20,0.303116,0.265574,0.927453,0,0.30313
0.7975,0.1,0.265572,0.927404,-2.23474e-20,0.303115,0.265574,0.927453,0,0.30313
0.7975,0.3,0.265572,0.927404,1.33608e-41,0.303115,0.265574,0.927453,0,0.30313
0.7975,0.5,0.265572,0.927404,0,0.303115,0.265574,0.927453,0,0.30313
0.7975,0.7,0.265572,0.927404,-1.33608e-41,0.303115,0.265574,0.927453,0,0.30313
0.7975,0.9,0.265572,0.927404,2.23474e-20,0.303115,0.265574,0.927453,0,0.30313
0.7985,0.1,0.265571,0.927403,-2.09819e-20,0.303115,0.265574,0.927453,0,0.30313
0.7985,0.3,0.265571,0.927403,1.39604e-41,0.303115,0.265574,0.927453,0,0.30313
0.7985,0.5,0.265571,0.927403,0,0.303115,0.265574,0.927453,0,0.30313
0.7985,0.7,0.265571,0.927403,-1.39604e-41,0.303115,0.265574,0.927453,0,0.30313
0.7985,0.9,0.265571,0.927403,2.09819e-20,0.303115,0.265574,0.927453,0,0.30313
0.7995,0.1,0.265571,0.927403,-1.95365e-20,0.303115,0.265574,0.927453,0,0.30313
0.7995,0.3,0.265571,0.927403,1.46538e-41,0.303115,0.265574,0.927453,0,0.30313
0.7995,0.5,0.265571,0.927403,0,0.303115,0.265574,0.927453,0,0.30313
0.7995,0.7,0.265571,0.927403,-1.46538e-41,0.303115,0.265574,0.927453,0,0.30313
0.7995,0.9,0.265571,0.927403,1.95365e-20,0.303115,0.265574,0.927453,0,0.30313
0.8005,0.1,0.265571,0.927403,-1.80283e-20,0.303115,0.265574,0.927453,0,0.30313
0.8005,0.3,0.265571,0.927403,1.54355e-41,0.303115,0.265574,0.927453,0,0.30313
0.8005,0.5,0.265571,0.927403,0,0.303115,0.265574,0.927453,0,0.30313
0.8005,0.7,0.265571,0.927403,-1.54355e-41,0.303115,0.265574,0.927453,0,0.30313
0.8005,0.9,0.265571,0.927403,1.80283e-20,0.303115,0.265574,0.927453,0,0.30313
0.8015,0.1,0.265571,0.927403,-1.64757e-20,0.303115,0.265574,0.927453,0,0.30313
0.8015,0.3,0.265571,0.927403,1.62966e-41,0.303115,0.265574,0.927453,0,0.30313
0.8015,0.5,0.265571,0.927403,0,0.303115,0.265574,0.927453,0,0.30313
0.8015,0.7,0.265571,0.927403,-1.62966e-41,0.303115,0.265574,0.927453,0,0.30313
0.8015,0.9,0.265571,0.927403,1.64757e-20,0.303115,0.265574,0.927453,0,0.30313
0.8025,0.1,0.265571,0.927403,-1.4899e-20,0.303115,0.265574,0.927453,0,0.30313
0.8025,0.3,0.265571,0.927403,1.72253e-41,0.303115,0.265574,0.927453,0,0.30313
0.8025,0.5,0.265571,0.927403,0,0.303115,0.265574,0.927453,0,0.30313
0.8025,0.7,0.265571,0.927403,-1.72253e-41,0.303115,0.265574,0.927453,0,0.30313
0.8025,0.9,0.265571,0.927403,1.4899e-20,0.303115,0.265574,0.927453,0,0.30313
0.8035,0.1,0.26557,0.927403,-1.33194e-20,0.303115,0.265574,0.927453,0,0.30313
0.8035,0.3,0.26557,0.927403,1.82062e-41,0.303115,0.265574,0.927453,0,0.30313
0.8035,0.5,0.26557,0.927403,0,0.303115,0.265574,0.927453,0,0.30313
0.8035,0.7,0.26557,0.927403,-1.82062e-41,0.303115,0.265574,0.927453,0,0.30313
0.8035,0.9,0.26557,0.927403,1.33194e-20,0.303115,0.265574,0.927453,0,0.30313
0.8045,0.1,0.26557,0.927403,-1.1759e-20,0.303115,0.265574,0.927453,0,0.30313
0.8045,0.3,0.26557,0.927403,1.9221e-41,0.303115,0.265574,0.927453,0,0.30313
0.8045,0.5,0.26557,0.927403,0,0.303115,0.265574,0.927453,0,0.30313
0.8045,0.7,0.26557,0.927403,-1.9221e-41,0.303115,0.265574,0.927453,0,0.30313
0.8045,0.9,0.26557,0.927403,1.1759e-20,0.303115,0.265574,0.927453,0,0.30313
0.8055,0.1,0.26557,0.927402,-1.02404e-20,0.303115,0.265574,0.927453,0,0.30313
0.8055,0.3,0.26557,0.927402,2.02484e-41,0.303115,0.265574,0.927453,0,0.30313
0.8055,0.5,0.26557,0.927402,0,0.303115,0.265574,0.927453,0,0.30313
0.8055,0.7,0.26557,0.927402,-2.02484e-41,0.303115,0.265574,0.927453,0,0.30313
0.8055,0.9,0.26557,0.927402,1.02404e-20,0.303115,0.265574,0.927453,0,0.30313
0.8065,0.1,0.26557,0.927402,-8.78647e-21,0.303115,0.265574,0.927453,0,0.30313
0.8065,0.3,0.26557,0.927402,2.12645e-41,0.303115,0.265574,0.927453,0,0.30313
0.8065,0.5,0.26557,0.927402,0,0.303115,0.265574,0.927453,0,0.30313
0.8065,0.7,0.26557,0.927402,-2.12645e-41,0.303115,0.265574,0.927453,0,0.30313
0.8065,0.9,0.26557,0.927402,8.78647e-21,0.303115,0.265574,0.927453,0,0.30313
0.8075,0.1,0.26557,0.927402,-7.41965e-21,0.303115,0.265574,0.927453,0,0.30313
0.8075,0.3,0.26557,0.927402,2.22438e-41,0.303115,0.265574,0.927453,0,0.30313
0.8075,0.5,0.26557,0.927402,0,0.303115,0.265574,0.927453,0,0.30313
0.8075,0.7,0.26557,0.927402,-2.22438e-41,0.303115,0.265574,0.927453,0,0.30313
0.8075,0.9,0.26557,0.927402,7.41965e-21,0.303115,0.265574,0.927453,0,0.30313
0.8085,0.1,0.26557,0.927402,-6.16163e-21,0.303115,0.265574,0.927453,0,0.30313
0.8085,0.3,0.26557,0.927402,2.31597e-41,0.303115,0.265574,0.927453,0,0.30313
0.8085,0.5,0.26557,0.927402,0,0.303115,0.265574,0.927453,0,0.30313
0.8085,0.7,0.26557,0.927402,-2.31597e-41,0.303115,0.265574,0.927453,0,0.30313
0.8085,0.9,0.26557,0.927402,6.16163e-21,0.303115,0.265574,0.927453,0,0.30313
0.8095,0.1,0.26557,0.927402,-5.03284e-21,0.303115,0.265574,0.927453,0,0.30313
0.8095,0.3,0.26557,0.927402,2.39853e-41,0.303115,0.265574,0.927453,0,0.30313
0.8095,0.5,0.26557,0.927402,0,0.303115,0.265574,0.927453,0,0.30313
0.8095,0.7,0.26557,0.927402,-2.39853e-41,0.303115,0.265574,0.927453,0,0.30313
0.8095,0.9,0.26557,0.927402,5.03284e-21,0.303115,0.265574,0.927453,0,0.30313
0.8105,0.1,0.26557,0.927402,-4.05192e-21,0.303115,0.265574,0.927453,0,0.30313
0.8105,0.3,0.26557,0.927402,2.46949e-41,0.303115,0.265574,0.927453,0,0.30313
0.8105,0.5,0.26557,0.927402,0,0.303115,0.265574,0.927453,0,0.30313
0.8105,0.7,0.26557,0.927402,-2.46949e-41,0.303115,0.265574,0.927453,0,0.30313
0.8105,0.9,0.26557,0.927402,4.05192e-21,0.303115,0.265574,0.927453,0,0.30313
0.8115,0.1,0.26557,0.927401,-3.23518e-21,0.303115,0.265574,0.927453,0,0.30313
0.8115,0.3,0.26557,0.927401,2.52647e-41,0.303115,0.265574,0.927453,0,0.30313
0.8115,0.5,0.26557,0.927401,0,0.303115,0.265574,0.927453,0,0.30313
0.8115,0.7,0.26557,0.927401,-2.52647e-41,0.303115,0.265574,0.927453,0,0.30313
0.8115,0.9,0.26557,0.927401,3.23518e-21,0.303115,0.265574,0.927453,0,0.30313
0.8125,0.1,0.26557,0.927401,-2.59612e-21,0.303115,0.265574,0.927453,0,0.30313
0.8125,0.3,0.26557,0.927401,2.5674e-41,0.303115,0.265574,0.927453,0,0.30313
0.8125,0.5,0.26557,0.927401,0,0.303115,0.265574,0.927453,0,0.30313
0.8125,0.7,0.26557,0.927401,-2.5674e-41,0.303115,0.265574,0.927453,0,0.30313
0.8125,0.9,0.26557,0.927401,2.59612e-21,0.303115,0.265574,0.927453,0,0.30313
0.8135,0.1,0.265569,0.927401,-2.14499e-21,0.303115,0.265574,0.927453,0,0.30313
0.8135,0.3,0.265569,0.927401,2.59062e-41,0.303115,0.265574,0.927453,0,0.30313
0.8135,0.5,0.265569,0.927401,0,0.303115,0.265574,0.927453,0,0.30313
0.8135,0.7,0.265569,0.927401,-2.59062e-41,0.303115,0.265574,0.927453,0,0.30313
0.8135,0.9,0.265569,0.927401,2.14499e-21,0.303115,0.265574,0.927453,0,0.30313
0.8145,0.1,0.265569,0.927401,-1.8884e-21,0.303115,0.265574,0.927453,0,0.30313
0.8145,0.3,0.265569,0.927401,2.59495e-41,0.303115,0.265574,0.927453,0,0.30313
0.8145,0.5,0.265569,0.927401,0,0.303115,0.265574,0.927453,0,0.30313
0.8145,0.7,0.265569,0.927401,-2.59495e-41,0.303115,0.265574,0.927453,0,0.30313
0.8145,0.9,0.265569,0.927401,1.8884e-21,0.303115,0.265574,0.927453,0,0.30313
0.8155,0.1,0.265569,0.927401,-1.82902e-21,0.303114,0.265574,0.927453,0,0.30313
0.8155,0.3,0.265569,0.927401,2.57975e-41,0.303114,0.265574,0.927453,0,0.30313
0.8155,0.5,0.265569,0.927401,0,0.303114,0.265574,0.927453,0,0.30313
0.8155,0.7,0.265569,0.927401,-2.57975e-41,0.303114,0.265574,0.927453,0,0.30313
0.8155,0.9,0.265569,0.927401,1.82902e-21,0.303114,0.265574,0.927453,0,0.30313
0.8165,0.1,0.265569,0.927401,-1.96541e-21,0.303114,0.265574,0.927453,0,0.30313
0.8165,0.3,0.265569,0.927401,2.54494e-41,0.303114,0.265574,0.927453,0,0.30313
0.8165,0.5,0.265569,0.927401,0,0.303114,0.265574,0.927453,0,0.30313
0.8165,0.7,0.265569,0.927401,-2.54494e-41,0.303114,0.265574,0.927453,0,0.30313
0.8165,0.9,0.265569,0.927401,1.96541e-21,0.303114,0.265574,0.927453,0,0.30313
0.8175,0.1,0.265569,0.9274,-2.29202e-21,0.303114,0.265574,0.927453,0,0.30313
0.8175,0.3,0.265569,0.9274,2.49103e-41,0.303114,0.265574,0.927453,0,0.30313
0.8175,0.5,0.265569,0.9274,0,0.303114,0.265574,0.927453,0,0.30313
0.8175,0.7,0.265569,0.9274,-2.49103e-41,0.303114,0.265574,0.927453,0,0.30313
0.8175,0.9,0.265569,0.9274,2.29202e-21,0.303114,0.265574,0.927453,0,0.30313
0.8185,0.1,0.265569,0.9274,-2.79929e-21,0.303114,0.265574,0.927453,0,0.30313
0.8185,0.3,0.265569,0.9274,2.41906e-41,0.303114,0.265574,0.927453,0,0.30313
0.8185,0.5,0.265569,0.9274,0,0.303114,0.265574,0.927453,0,0.30313
0.8185,0.7,0.265569,0.9274,-2.41906e-41,0.303114,0.265574,0.927453,0,0.30313
0.8185,0.9,0.265569,0.9274,2.79929e-21,0.303114,0.265574,0.927453,0,0.30313
0.8195,0.1,0.265569,0.9274,-3.47396e-21,0.303114,0.265574,0.927453,0,0.30313
0.8195,0.3,0.265569,0.9274,2.33053e-41,0.303114,0.265574,0.927453,0,0.30313
0.8195,0.5,0.265569,0.9274,0,0.303114,0.265574,0.927453,0,0.30313
0.8195,0.7,0.265569,0.9274,-2.33053e-41,0.303114,0.265574,0.927453,0,0.30313
0.8195,0.9,0.265569,0.9274,3.47396e-21,0.303114,0.265574,0.927453,0,0.30313
0.8205,0.1,0.265569,0.9274,-4.29953e-21,0.303114,0.265574,0.927453,0,0.30313
0.8205,0.3,0.265569,0.9274,2.22738e-41,0.303114,0.265574,0.927453,0,0.30313
0.8205,0.5,0.265569,0.9274,0,0.303114,0.265574,0.927453,0,0.30313
0.8205,0.7,0.265569,0.9274,-2.22738e-41,0.303114,0.265574,0.927453,0,0.30313
0.8205,0.9,0.265569,0.9274,4.29953e-21,0.303114,0.265574,0.927453,0,0.30313
0.8215,0.1,0.265569,0.9274,-5.25686e-21,0.303114,0.265574,0.927453,0,0.30313
0.8215,0.3,0.265569,0.9274,2.11186e-41,0.303114,0.265574,0.927453,0,0.30313
0.8215,0.5,0.265569,0.9274,0,0.303114,0.265574,0.927453,0,0.30313
0.8215,0.7,0.265569,0.9274,-2.11186e-41,0.303114,0.265574,0.927453,0,0.30313
0.8215,0.9,0.265569,0.9274,5.25686e-21,0.303114,0.265574,0.927453,0,0.30313
0.8225,0.1,0.265569,0.9274,-6.32493e-21,0.303114,0.265574,0.927453,0,0.30313
0.8225,0.3,0.265569,0.9274,1.98641e-41,0.303114,0.265574,0.927453,0,0.30313
0.8225,0.5,0.265569,0.9274,0,0.303114,0.265574,0.927453,0,0.30313
0.8225,0.7,0.265569,0.9274,-1.98641e-41,0.303114,0.265574,0.927453,0,0.30313
0.8225,0.9,0.265569,0.9274,6.32493e-21,0.303114,0.265574,0.927453,0,0.30313
0.8235,0.1,0.265569,0.927399,-7.4817e-21,0.303114,0.265574,0.927453,0,0.30313
0.8235,0.3,0.265569,0.927399,1.85363e-41,0.303114,0.265574,0.927453,0,0.30313
0.8235,0.5,0.265569,0.927399,0,0.303114,0.265574,0.927453,0,0.30313
0.8235,0.7,0.265569,0.927399,-1.85363e-41,0.303114,0.265574,0.927453,0,0.30313
0.8235,0.9,0.265569,0.927399,7.4817e-21,0.303114,0.265574,0.927453,0,0.30313
0.8245,0.1,0.265569,0.927399,-8.70504e-21,0.303114,0.265574,0.927453,0,0.30313
0.8245,0.3,0.265569,0.927399,1.7161e-41,0.303114,0.265574,0.927453,0,0.30313
0.8245,0.5,0.265569,0.927399,0,0.303114,0.265574,0.927453,0,0.30313
0.8245,0.7,0.265569,0.927399,-1.7161e-41,0.303114,0.265574,0.927453,0,0.30313
0.8245,0.9,0.265569,0.927399,8.70504e-21,0.303114,0.265574,0.927453,0,0.30313
0.8255,0.1,0.265568,0.927399,-9.97362e-21,0.303114,0.265574,0.927453,0,0.30313
0.8255,0.3,0.265568,0.927399,1.57633e-41,0.303114,0.265574,0.927453,0,0.30313
0.8255,0.5,0.265568,0.927399,0,0.303114,0.265574,0.927453,0,0.30313
0.8255,0.7,0.265568,0.927399,-1.57633e-41,0.303114,0.265574,0.927453,0,0.30313
0.8255,0.9,0.265568,0.927399,9.97362e-21,0.303114,0.265574,0.927453,0,0.30313
0.8265,0.1,0.265568,0.927399,-1.12678e-20,0.303114,0.265574,0.927453,0,0.30313
0.8265,0.3,0.265568,0.927399,1.43669e-41,0.303114,0.265574,0.927453,0,0.30313
0.8265,0.5,0.265568,0.927399,0,0.303114,0.265574,0.927453,0,0.30313
0.8265,0.7,0.265568,0.927399,-1.43669e-41,0.303114,0.265574,0.927453,0,0.30313
0.8265,0.9,0.265568,0.927399,1.12678e-20,0.303114,0.265574,0.927453,0,0.30313
0.8275,0.1,0.265568,0.927399,-1.25705e-20,0.303114,0.265574,0.927453,0,0.30313
0.8275,0.3,0.265568,0.927399,1.29934e-41,0.303114,0.265574,0.927453,0,0.30313
0.8275,0.5,0.265568,0.927399,0,0.303114,0.265574,0.927453,0,0.30313
0.8275,0.7,0.265568,0.927399,-1.29934e-41,0.303114,0.265574,0.927453,0,0.30313
0.8275,0.9,0.265568,0.927399,1.25705e-20,0.303114,0.265574,0.927453,0,0.30313
0.8285,0.1,0.265568,0.927398,-1.38677e-20,0.303114,0.265574,0.927453,0,0.30313
0.8285,0.3,0.265568,0.927398,1.16617e-41,0.303114,0.265574,0.927453,0,0.30313
0.8285,0.5,0.265568,0.927398,0,0.303114,0.265574,0.927453,0,0.30313
0.8285,0.7,0.265568,0.927398,-1.16617e-41,0.303114,0.265574,0.927453,0,0.30313
0.8285,0.9,0.265568,0.927398,1.38677e-20,0.303114,0.265574,0.927453,0,0.30313
0.8295,0.1,0.265568,0.927398,-1.51489e-20,0.303114,0.265574,0.927453,0,0.30313
0.8295,0.3,0.265568,0.927398,1.0388e-41,0.303114,0.265574,0.927453,0,0.30313
0.8295,0.5,0.265568,0.927398,0,0.303114,0.265574,0.927453,0,0.30313
0.8295,0.7,0.265568,0.927398,-1.0388e-41,0.303114,0.265574,0.927453,0,0.30313
0.8295,0.9,0.265568,0.927398,1.51489e-20,0.303114,0.265574,0.927453,0,0.30313
0.8305,0.1,0.265568,0.927398,-1.64071e-20,0.303113,0.265574,0.927453,0,0.30313
0.8305,0.3,0.265568,0.927398,9.18528e-42,0.303113,0.265574,0.927453,0,0.30313
0.8305,0.5,0.265568,0.927398,0,0.303113,0.265574,0.927453,0,0.30313
0.8305,0.7,0.265568,0.927398,-9.18528e-42,0.303113,0.265574,0.927453,0,0.30313
0.8305,0.9,0.265568,0.927398,1.64071e-20,0.303113,0.265574,0.927453,0,0.30313
0.8315,0.1,0.265568,0.927398,-1.76389e-20,0.303113,0.265574,0.927453,0,0.30313
0.8315,0.3,0.265568,0.927398,8.06386e-42,0.303113,0.265574,0.927453,0,0.30313
0.8315,0.5,0.265568,0.927398,0,0.303113,0.265574,0.927453,0,0.30313
0.8315,0.7,0.265568,0.927398,-8.06386e-42,0.303113,0.265574,0.927453,0,0.30313
0.8315,0.9,0.265568,0.927398,1.76389e-20,0.303113,0.265574,0.927453,0,0.30313
0.8325,0.1,0.265568,0.927398,-1.88441e-20,0.303113,0.265574,0.927453,0,0.30313
0.8325,0.3,0.265568,0.927398,7.03115e-42,0.303113,0.265574,0.927453,0,0.30313
0.8325,0.5,0.265568,0.927398,0,0.303113,0.265574,0.927453,0,0.30313
0.8325,0.7,0.265568,0.927398,-7.03115e-42,0.303113,0.265574,0.927453,0,0.30313
0.8325,0.9,0.265568,0.927398,1.88441e-20,0.303113,0.265574,0.927453,0,0.30313
0.8335,0.1,0.265568,0.927397,-2.00245e-20,0.303113,0.265574,0.927453,0,0.30313
0.8335,0.3,0.265568,0.927397,6.09212e-42,0.303113,0.265574,0.927453,0,0.30313
0.8335,0.5,0.265568,0.927397,0,0.303113,0.265574,0.927453,0,0.30313
0.8335,0.7,0.265568,0.927397,-6.09212e-42,0.303113,0.265574,0.927453,0,0.30313
0.8335,0.9,0.265568,0.927397,2.00245e-20,0.303113,0.265574,0.927453,0,0.30313
0.8345,0.1,0.265568,0.927397,-2.11835e-20,0.303113,0.265574,0.927453,0,0.30313
0.8345,0.3,0.265568,0.927397,5.24962e-42,0.303113,0.265574,0.927453,0,0.30313
0.8345,0.5,0.265568,0.927397,0,0.303113,0.265574,0.927453,0,0.30313
0.8345,0.7,0.265568,0.927397,-5.24962e-42,0.303113,0.265574,0.927453,0,0.30313
0.8345,0.9,0.265568,0.927397,2.11835e-20,0.303113,0.265574,0.927453,0,0.30313
0.8355,0.1,0.265568,0.927397,-2.23248e-20,0.303113,0.265574,0.927453,0,0.30313
0.8355,0.3,0.265568,0.927397,4.50476e-42,0.303113,0.265574,0.927453,0,0.30313
0.8355,0.5,0.265568,0.927397,0,0.303113,0.265574,0.927453,0,0.30313
0.8355,0.7,0.265568,0.927397,-4.50476e-42,0.303113,0.265574,0.927453,0,0.30313
0.8355,0.9,0.265568,0.927397,2.23248e-20,0.303113,0.265574,0.927453,0,0.30313
0.8365,0.1,0.265568,0.927397,-2.3451e-20,0.303113,0.265574,0.927453,0,0.30313
0.8365,0.3,0.265568,0.927397,3.85734e-42,0.303113,0.265574,0.927453,0,0.30313
0.8365,0.5,0.265568,0.927397,0,0.303113,0.265574,0.927453,0,0.30313
0.8365,0.7,0.265568,0.927397,-3.85734e-42,0.303113,0.265574,0.927453,0,0.30313
0.8365,0.9,0.265568,0.927397,2.3451e-20,0.303113,0.265574,0.927453,0,0.30313
0.8375,0.1,0.265567,0.927397,-2.45629e-20,0.303113,0.265574,0.927453,0,0.30313
0.8375,0.3,0.265567,0.927397,3.30625e-42,0.303113,0.265574,0.927453,0,0.30313
0.8375,0.5,0.265567,0.927397,0,0.303113,0.265574,0.927453,0,0.30313
0.8375,0.7,0.265567,0.927397,-3.30625e-42,0.303113,0.265574,0.927453,0,0.30313
0.8375,0.9,0.265567,0.927397,2.45629e-20,0.303113,0.265574,0.927453,0,0.30313
0.8385,0.1,0.265567,0.927396,-2.56578e-20,0.303113,0.265574,0.927453,0,0.30313
0.8385,0.3,0.265567,0.927396,2.84984e-42,0.303113,0.265574,0.927453,0,0.30313
0.8385,0.5,0.265567,0.927396,0,0.303113,0.265574,0.927453,0,0.30313
0.8385,0.7,0.265567,0.927396,-2.84984e-42,0.303113,0.265574,0.927453,0,0.30313
0.8385,0.9,0.265567,0.927396,2.56578e-20,0.303113,0.265574,0.927453,0,0.30313
0.8395,0.1,0.265567,0.927396,-2.67294e-20,0.303113,0.265574,0.927453,0,0.30313
0.8395,0.3,0.265567,0.927396,2.48618e-42,0.303113,0.265574,0.927453,0,0.30313
0.8395,0.5,0.265567,0.927396,0,0.303113,0.265574,0.927453,0,0.30313
0.8395,0.7,0.265567,0.927396,-2.48618e-42,0.303113,0.265574,0.927453,0,0.30313
0.8395,0.9,0.265567,0.927396,2.67294e-20,0.303113,0.265574,0.927453,0,0.30313
0.8405,0.1,0.265567,0.927396,-2.77668e-20,0.303113,0.265574,0.927453,0,0.30313
0.8405,0.3,0.265567,0.927396,2.21329e-42,0.303113,0.265574,0.927453,0,0.30313
0.8405,0.5,0.265567,0.927396,0,0.303113,0.265574,0.927453,0,0.30313
0.8405,0.7,0.265567,0.927396,-2.21329e-42,0.303113,0.265574,0.927453,0,0.30313
0.8405,0.9,0.265567,0.927396,2.77668e-20,0.303113,0.265574,0.927453,0,0.30313
0.8415,0.1,0.265567,0.927396,-2.87545e-20,0.303113,0.265574,0.927453,0,0.30313
0.8415,0.3,0.265567,0.927396,2.0292e-42,0.303113,0.265574,0.927453,0,0.30313
0.8415,0.5,0.265567,0.927396,0,0.303113,0.265574,0.927453,0,0.30313
0.8415,0.7,0.265567,0.927396,-2.0292e-42,0.303113,0.265574,0.927453,0,0.30313
0.8415,0.9,0.265567,0.927396,2.87545e-20,0.303113,0.265574,0.927453,0,0.30313
0.8425,0.1,0.265567,0.927396,-2.9673e-20,0.303113,0.265574,0.927453,0,0.30313
0.8425,0.3,0.265567,0.927396,1.93198e-42,0.303113,0.265574,0.927453,0,0.30313
0.8425,0.5,0.265567,0.927396,0,0.303113,0.265574,0.927453,0,0.30313
0.8425,0.7,0.265567,0.927396,-1.93198e-42,0.303113,0.265574,0.927453,0,0.30313
0.8425,0.9,0.265567,0.927396,2.9673e-20,0.303113,0.265574,0.927453,0,0.30313
0.8435,0.1,0.265567,0.927395,-3.04991e-20,0.303113,0.265574,0.927453,0,0.30313
0.8435,0.3,0.265567,0.927395,1.91958e-42,0.303113,0.265574,0.927453,0,0.30313
0.8435,0.5,0.265567,0.927395,0,0.303113,0.265574,0.927453,0,0.30313
0.8435,0.7,0.265567,0.927395,-1.91958e-42,0.303113,0.265574,0.927453,0,0.30313
0.8435,0.9,0.265567,0.927395,3.04991e-20,0.303113,0.265574,0.927453,0,0.30313
0.8445,0.1,0.265567,0.927395,-3.12074e-20,0.303112,0.265574,0.927453,0,0.30313
0.8445,0.3,0.265567,0.927395,1.98968e-42,0.303112,0.265574,0.927453,0,0.30313
0.8445,0.5,0.265567,0.927395,0,0.303112,0.265574,0.927453,0,0.30313
0.8445,0.7,0.265567,0.927395,-1.98968e-42,0.303112,0.265574,0.927453,0,0.30313
0.8445,0.9,0.265567,0.927395,3.12074e-20,0.303112,0.265574,0.927453,0,0.30313
0.8455,0.1,0.265567,0.927395,-3.17715e-20,0.303112,0.265574,0.927453,0,0.30313
0.8455,0.3,0.265567,0.927395,2.13943e-42,0.303112,0.265574,0.927453,0,0.30313
0.8455,0.5,0.265567,0.927395,0,0.303112,0.265574,0.927453,0,0.30313
0.8455,0.7,0.265567,0.927395,-2.13943e-42,0.303112,0.265574,0.927453,0,0.30313
0.8455,0.9,0.265567,0.927395,3.17715e-20,0.303112,0.265574,0.927453,0,0.30313
0.8465,0.1,0.265567,0.927395,-3.21656e-20,0.303112,0.265574,0.927453,0,0.30313
0.8465,0.3,0.265567,0.927395,2.36524e-42,0.303112,0.265574,0.927453,0,0.30313
0.8465,0.5,0.265567,0.927395,0,0.303112,0.265574,0.927453,0,0.30313
0.8465,0.7,0.265567,0.927395,-2.36524e-42,0.303112,0.265574,0.927453,0,0.30313
0.8465,0.9,0.265567,0.927395,3.21656e-20,0.303112,0.265574,0.927453,0,0.30313
0.8475,0.1,0.265567,0.927394,-3.2366e-20,0.303112,0.265574,0.927453,0,0.30313
0.8475,0.3,0.265567,0.927394,2.66259e-42,0.303112,0.265574,0.927453,0,0.30313
0.8475,0.5,0.265567,0.927394,0,0.303112,0.265574,0.927453,0,0.30313
0.8475,0.7,0.265567,0.927394,-2.66259e-42,0.303112,0.265574,0.927453,0,0.30313
0.8475,0.9,0.265567,0.927394,3.2366e-20,0.303112,0.265574,0.927453,0,0.30313
0.8485,0.1,0.265567,0.927394,-3.23526e-20,0.303112,0.265574,0.927453,0,0.30313
0.8485,0.3,0.265567,0.927394,3.02596e-42,0.303112,0.265574,0.927453,0,0.30313
0.8485,0.5,0.265567,0.927394,0,0.303112,0.265574,0.927453,0,0.30313
0.8485,0.7,0.265567,0.927394,-3.02596e-42,0.303112,0.265574,0.927453,0,0.30313
0.8485,0.9,0.265567,0.927394,3.23526e-20,0.303112,0.265574,0.927453,0,0.30313
0.8495,0.1,0.265567,0.927394,-3.21105e-20,0.303112,0.265574,0.927453,0,0.30313
0.8495,0.3,0.265567,0.927394,3.44899e-42,0.303112,0.265574,0.927453,0,0.30313
0.8495,0.5,0.265567,0.927394,0,0.303112,0.265574,0.927453,0,0.30313
0.8495,0.7,0.265567,0.927394,-3.44899e-42,0.303112,0.265574,0.927453,0,0.30313
0.8495,0.9,0.265567,0.927394,3.21105e-20,0.303112,0.265574,0.927453,0,0.30313
0.8505,0.1,0.265566,0.927394,-3.16304e-20,0.303112,0.265574,0.927453,0,0.30313
0.8505,0.3,0.265566,0.927394,3.92477e-42,0.303112,0.265574,0.927453,0,0.30313
0.8505,0.5,0.265566,0.927394,0,0.303112,0.265574,0.927453,0,0.30313
0.8505,0.7,0.265566,0.927394,-3.92477e-42,0.303112,0.265574,0.927453,0,0.30313
0.8505,0.9,0.265566,0.927394,3.16304e-20,0.303112,0.265574,0.927453,0,0.30313
0.8515,0.1,0.265566,0.927393,-3.09091e-20,0.303112,0.265574,0.927453,0,0.30313
0.8515,0.3,0.265566,0.927393,4.44649e-42,0.303112,0.265574,0.927453,0,0.30313
0.8515,0.5,0.265566,0.927393,0,0.303112,0.265574,0.927453,0,0.30313
0.8515,0.7,0.265566,0.927393,-4.44649e-42,0.303112,0.265574,0.927453,0,0.30313
0.8515,0.9,0.265566,0.927393,3.09091e-20,0.303112,0.265574,0.927453,0,0.30313
0.8525,0.1,0.265566,0.927393,-2.99498e-20,0.303112,0.265574,0.927453,0,0.30313
0.8525,0.3,0.265566,0.927393,5.00823e-42,0.303112,0.265574,0.927453,0,0.30313
0.8525,0.5,0.265566,0.927393,0,0.303112,0.265574,0.927453,0,0.30313
0.8525,0.7,0.265566,0.927393,-5.00823e-42,0.303112,0.265574,0.927453,0,0.30313
0.8525,0.9,0.265566,0.927393,2.99498e-20,0.303112,0.265574,0.927453,0,0.30313
0.8535,0.1,0.265566,0.927393,-2.87616e-20,0.303112,0.265574,0.927453,0,0.30313
0.8535,0.3,0.265566,0.927393,5.606e-42,0.303112,0.265574,0.927453,0,0.30313
0.8535,0.5,0.265566,0.927393,0,0.303112,0.265574,0.927453,0,0.30313
0.8535,0.7,0.265566,0.927393,-5.606e-42,0.303112,0.265574,0.927453,0,0.30313
0.8535,0.9,0.265566,0.927393,2.87616e-20,0.303112,0.265574,0.927453,0,0.30313
0.8545,0.1,0.265566,0.927393,-2.73584e-20,0.303112,0.265574,0.927453,0,0.30313
0.8545,0.3,0.265566,0.927393,6.2389e-42,0.303112,0.265574,0.927453,0,0.30313
0.8545,0.5,0.265566,0.927393,0,0.303112,0.265574,0.927453,0,0.30313
0.8545,0.7,0.265566,0.927393,-6.2389e-42,0.303112,0.265574,0.927453,0,0.30313
0.8545,0.9,0.265566,0.927393,2.73584e-20,0.303112,0.265574,0.927453,0,0.30313
0.8555,0.1,0.265566,0.927393,-2.57581e-20,0.303112,0.265574,0.927453,0,0.30313
0.8555,0.3,0.265566,0.927393,6.91029e-42,0.303112,0.265574,0.927453,0,0.30313
0.8555,0.5,0.265566,0.927393,0,0.303112,0.265574,0.927453,0,0.30313
0.8555,0.7,0.265566,0.927393,-6.91029e-42,0.303112,0.265574,0.927453,0,0.30313
0.8555,0.9,0.265566,0.927393,2.57581e-20,0.303112,0.265574,0.927453,0,0.30313
0.8565,0.1,0.265566,0.927392,-2.39818e-20,0.303111,0.265574,0.927453,0,0.30313
0.8565,0.3,0.265566,0.927392,7.62868e-42,0.303111,0.265574,0.927453,0,0.30313
0.8565,0.5,0.265566,0.927392,0,0.303111,0.265574,0.927453,0,0.30313
0.8565,0.7,0.265566,0.927392,-7.62868e-42,0.303111,0.265574,0.927453,0,0.30313
0.8565,0.9,0.265566,0.927392,2.39818e-20,0.303111,0.265574,0.927453,0,0.30313
0.8575,0.1,0.265566,0.927392,-2.20519e-20,0.303111,0.265574,0.927453,0,0.30313
0.8575,0.3,0.265566,0.927392,8.40839e-42,0.303111,0.265574,0.927453,0,0.30313
0.8575,0.5,0.265566,0.927392,0,0.303111,0.265574,0.927453,0,0.30313
0.8575,0.7,0.265566,0.927392,-8.40839e-42,0.303111,0.265574,0.927453,0,0.30313
0.8575,0.9,0.265566,0.927392,2.20519e-20,0.303111,0.265574,0.927453,0,0.30313
0.8585,0.1,0.265566,0.927392,-1.99921e-20,0.303111,0.265574,0.927453,0,0.30313
0.8585,0.3,0.265566,0.927392,9.2696e-42,0.303111,0.265574,0.927453,0,0.30313
0.8585,0.5,0.265566,0.927392,0,0.303111,0.265574,0.927453,0,0.30313
0.8585,0.7,0.265566,0.927392,-9.2696e-42,0.303111,0.265574,0.927453,0,0.30313
0.8585,0.9,0.265566,0.927392,1.99921e-20,0.303111,0.265574,0.927453,0,0.30313
0.8595,0.1,0.265566,0.927392,-1.78262e-20,0.303111,0.265574,0.927453,0,0.30313
0.8595,0.3,0.265566,0.927392,1.02376e-41,0.303111,0.265574,0.927453,0,0.30313
0.8595,0.5,0.265566,0.927392,0,0.303111,0.265574,0.927453,0,0.30313
0.8595,0.7,0.265566,0.927392,-1.02376e-41,0.303111,0.265574,0.927453,0,0.30313
0.8595,0.9,0.265566,0.927392,1.78262e-20,0.303111,0.265574,0.927453,0,0.30313
0.8605,0.1,0.265566,0.927391,-1.5578e-20,0.303111,0.265574,0.927453,0,0.30313
0.8605,0.3,0.265566,0.927391,1.13415e-41,0.303111,0.265574,0.927453,0,0.30313
0.8605,0.5,0.265566,0.927391,0,0.303111,0.265574,0.927453,0,0.30313
0.8605,0.7,0.265566,0.927391,-1.13415e-41,0.303111,0.265574,0.927453,0,0.30313
0.8605,0.9,0.265566,0.927391,1.5578e-20,0.303111,0.265574,0.927453,0,0.30313
0.8615,0.1,0.265566,0.927391,-1.32718e-20,0.303111,0.265574,0.927453,0,0.30313
0.8615,0.3,0.265566,0.927391,1.26118e-41,0.303111,0.265574,0.927453,0,0.30313
0.8615,0.5,0.265566,0.927391,0,0.303111,0.265574,0.927453,0,0.30313
0.8615,0.7,0.265566,0.927391,-1.26118e-41,0.303111,0.265574,0.927453,0,0.30313
0.8615,0.9,0.265566,0.927391,1.32718e-20,0.303111,0.265574,0.927453,0,0.30313
0.8625,0.1,0.265566,0.927391,-1.09321e-20,0.303111,0.265574,0.927453,0,0.30313
0.8625,0.3,0.265566,0.927391,1.4077e-41,0.303111,0.265574,0.927453,0,0.30313
0.8625,0.5,0.265566,0.927391,0,0.303111,0.265574,0.927453,0,0.30313
0.8625,0.7,0.265566,0.927391,-1.4077e-41,0.303111,0.265574,0.927453,0,0.30313
0.8625,0.9,0.265566,0.927391,1.09321e-20,0.303111,0.265574,0.927453,0,0.30313
0.8635,0.1,0.265565,0.92739,-8.58479e-21,0.303111,0.265574,0.927453,0,0.30313
0.8635,0.3,0.265565,0.92739,1.57605e-41,0.303111,0.265574,0.927453,0,0.30313
0.8635,0.5,0.265565,0.92739,0,0.303111,0.265574,0.927453,0,0.30313
0.8635,0.7,0.265565,0.92739,-1.57605e-41,0.303111,0.265574,0.927453,0,0.30313
0.8635,0.9,0.265565,0.92739,8.58479e-21,0.303111,0.265574,0.927453,0,0.30313
0.8645,0.1,0.265565,0.92739,-6.25763e-21,0.303111,0.265574,0.927453,0,0.30313
0.8645,0.3,0.265565,0.92739,1.76759e-41,0.303111,0.265574,0.927453,0,0.30313
0.8645,0.5,0.265565,0.92739,0,0.303111,0.265574,0.927453,0,0.30313
0.8645,0.7,0.265565,0.92739,-1.76759e-41,0.303111,0.265574,0.927453,0,0.30313
0.8645,0.9,0.265565,0.92739,6.25763e-21,0.303111,0.265574,0.927453,0,0.30313
0.8655,0.1,0.265565,0.92739,-3.9809e-21,0.303111,0.265574,0.927453,0,0.30313
0.8655,0.3,0.265565,0.92739,1.9823e-41,0.303111,0.265574,0.927453,0,0.30313
0.8655,0.5,0.265565,0.92739,0,0.303111,0.265574,0.927453,0,0.30313
0.8655,0.7,0.265565,0.92739,-1.9823e-41,0.303111,0.265574,0.927453,0,0.30313
0.8655,0.9,0.265565,0.92739,3.9809e-21,0.303111,0.265574,0.927453,0,0.30313
0.8665,0.1,0.265565,0.92739,-1.78792e-21,0.303111,0.265574,0.927453,0,0.30313
0.8665,0.3,0.265565,0.92739,2.21842e-41,0.303111,0.265574,0.927453,0,0.30313
0.8665,0.5,0.265565,0.92739,0,0.303111,0.265574,0.927453,0,0.30313
0.8665,0.7,0.265565,0.92739,-2.21842e-41,0.303111,0.265574,0.927453,0,0.30313
0.8665,0.9,0.265565,0.92739,1.78792e-21,0.303111,0.265574,0.927453,0,0.30313
0.8675,0.1,0.265565,0.927389,2.84667e-22,0.303111,0.265574,0.927453,0,0.30313
0.8675,0.3,0.265565,0.927389,2.47209e-41,0.303111,0.265574,0.927453,0,0.30313
0.8675,0.5,0.265565,0.927389,0,0.303111,0.265574,0.927453,0,0.30313
0.8675,0.7,0.265565,0.927389,-2.47209e-41,0.303111,0.265574,0.927453,0,0.30313
0.8675,0.9,0.265565,0.927389,-2.84667e-22,0.303111,0.265574,0.927453,0,0.30313
0.8685,0.1,0.265565,0.927389,2.19676e-21,0.30311,0.265574,0.927453,0,0.30313
0.8685,0.3,0.265565,0.927389,2.73648e-41,0.30311,0.265574,0.927453,0,0.30313
0.8685,0.5,0.265565,0.927389,0,0.30311,0.265574,0.927453,0,0.30313
0.8685,0.7,0.265565,0.927389,-2.73648e-41,0.30311,0.265574,0.927453,0,0.30313
0.8685,0.9,0.265565,0.927389,-2.19676e-21,0.30311,0.265574,0.927453,0,0.30313
0.8695,0.1,0.265565,0.927389,3.90498e-21,0.30311,0.265574,0.927453,0,0.30313
0.8695,0.3,0.265565,0.927389,2.9995e-41,0.30311,0.265574,0.927453,0,0.30313
0.8695,0.5,0.265565,0.927389,0,0.30311,0.265574,0.927453,0,0.30313
0.8695,0.7,0.265565,0.927389,-2.9995e-41,0.30311,0.265574,0.927453,0,0.30313
0.8695,0.9,0.265565,0.927389,-3.90498e-21,0.30311,0.265574,0.927453,0,0.30313
0.8705,0.1,0.265565,0.927389,5.36298e-21,0.30311,0.265574,0.927453,0,0.30313
0.8705,0.3,0.265565,0.927389,3.24453e-41,0.30311,0.265574,0.927453,0,0.30313
0.8705,0.5,0.265565,0.927389,0,0.30311,0.265574,0.927453,0,0.30313
0.8705,0.7,0.265565,0.927389,-3.24453e-41,0.30311,0.265574,0.927453,0,0.30313
0.8705,0.9,0.265565,0.927389,-5.36298e-21,0.30311,0.265574,0.927453,0,0.30313
0.8715,0.1,0.265565,0.927388,6.52188e-21,0.30311,0.265574,0.927453,0,0.30313
0.8715,0.3,0.265565,0.927388,3.45274e-41,0.30311,0.265574,0.927453,0,0.30313
0.8715,0.5,0.265565,0.927388,0,0.30311,0.265574,0.927453,0,0.30313
0.8715,0.7,0.265565,0.927388,-3.45274e-41,0.30311,0.265574,0.927453,0,0.30313
0.8715,0.9,0.265565,0.927388,-6.52188e-21,0.30311,0.265574,0.927453,0,0.30313
0.8725,0.1,0.265565,0.927388,7.33096e-21,0.30311,0.265574,0.927453,0,0.30313
0.8725,0.3,0.265565,0.927388,3.60579e-41,0.30311,0.265574,0.927453,0,0.30313
0.8725,0.5,0.265565,0.927388,0,0.30311,0.265574,0.927453,0,0.30313
0.8725,0.7,0.265565,0.927388,-3.60579e-41,0.30311,0.265574,0.927453,0,0.30313
0.8725,0.9,0.265565,0.927388,-7.33096e-21,0.30311,0.265574,0.927453,0,0.30313
0.8735,0.1,0.265565,0.927388,7.73873e-21,0.30311,0.265574,0.927453,0,0.30313
0.8735,0.3,0.265565,0.927388,3.68853e-41,0.30311,0.265574,0.927453,0,0.30313
0.8735,0.5,0.265565,0.927388,0,0.30311,0.265574,0.927453,0,0.30313
0.8735,0.7,0.265565,0.927388,-3.68853e-41,0.30311,0.265574,0.927453,0,0.30313
0.8735,0.9,0.265565,0.927388,-7.73873e-21,0.30311,0.265574,0.927453,0,0.30313
0.8745,0.1,0.265565,0.927387,7.69449e-21,0.30311,0.265574,0.927453,0,0.30313
0.8745,0.3,0.265565,0.927387,3.69161e-41,0.30311,0.265574,0.927453,0,0.30313
0.8745,0.5,0.265565,0.927387,0,0.30311,0.265574,0.927453,0,0.30313
0.8745,0.7,0.265565,0.927387,-3.69161e-41,0.30311,0.265574,0.927453,0,0.30313
0.8745,0.9,0.265565,0.927387,-7.69449e-21,0.30311,0.265574,0.927453,0,0.30313
0.8755,0.1,0.265564,0.927387,7.15075e-21,0.30311,0.265574,0.927453,0,0.30313
0.8755,0.3,0.265564,0.927387,3.61329e-41,0.30311,0.265574,0.927453,0,0.30313
0.8755,0.5,0.265564,0.927387,0,0.30311,0.265574,0.927453,0,0.30313
0.8755,0.7,0.265564,0.927387,-3.61329e-41,0.30311,0.265574,0.927453,0,0.30313
0.8755,0.9,0.265564,0.927387,-7.15075e-21,0.30311,0.265574,0.927453,0,0.30313
0.8765,0.1,0.265564,0.927387,6.06666e-21,0.30311,0.265574,0.927453,0,0.30313
0.8765,0.3,0.265564,0.927387,3.46021e-41,0.30311,0.265574,0.927453,0,0.30313
0.8765,0.5,0.265564,0.927387,0,0.30311,0.265574,0.927453,0,0.30313
0.8765,0.7,0.265564,0.927387,-3.46021e-41,0.30311,0.265574,0.927453,0,0.30313
0.8765,0.9,0.265564,0.927387,-6.06666e-21,0.30311,0.265574,0.927453,0,0.30313
0.8775,0.1,0.265564,0.927387,4.41252e-21,0.303109,0.265574,0.927453,0,0.30313
0.8775,0.3,0.265564,0.927387,3.24651e-41,0.303109,0.265574,0.927453,0,0.30313
0.8775,0.5,0.265564,0.927387,0,0.303109,0.265574,0.927453,0,0.30313
0.8775,0.7,0.265564,0.927387,-3.24651e-41,0.303109,0.265574,0.927453,0,0.30313
0.8775,0.9,0.265564,0.927387,-4.41252e-21,0.303109,0.265574,0.927453,0,0.30313
0.8785,0.1,0.265564,0.927386,2.17531e-21,0.303109,0.265574,0.927453,0,0.30313
0.8785,0.3,0.265564,0.927386,2.9909e-41,0.303109,0.265574,0.927453,0,0.30313
0.8785,0.5,0.265564,0.927386,0,0.303109,0.265574,0.927453,0,0.30313
0.8785,0.7,0.265564,0.927386,-2.9909e-41,0.303109,0.265574,0.927453,0,0.30313
0.8785,0.9,0.265564,0.927386,-2.17531e-21,0.303109,0.265574,0.927453,0,0.30313
0.8795,0.1,0.265564,0.927386,-6.35295e-22,0.303109,0.265574,0.927453,0,0.30313
0.8795,0.3,0.265564,0.927386,2.71148e-41,0.303109,0.265574,0.927453,0,0.30313
0.8795,0.5,0.265564,0.927386,0,0.303109,0.265574,0.927453,0,0.30313
0.8795,0.7,0.265564,0.927386,-2.71148e-41,0.303109,0.265574,0.927453,0,0.30313
0.8795,0.9,0.265564,0.927386,6.35295e-22,0.303109,0.265574,0.927453,0,0.30313
0.8805,0.1,0.265564,0.927386,-3.9812e-21,0.303109,0.265574,0.927453,0,0.30313
0.8805,0.3,0.265564,0.927386,2.4211e-41,0.303109,0.265574,0.927453,0,0.30313
0.8805,0.5,0.265564,0.927386,0,0.303109,0.265574,0.927453,0,0.30313
0.8805,0.7,0.265564,0.927386,-2.4211e-41,0.303109,0.265574,0.927453,0,0.30313
0.8805,0.9,0.265564,0.927386,3.9812e-21,0.303109,0.265574,0.927453,0,0.30313
0.8815,0.1,0.265564,0.927385,-7.79126e-21,0.303109,0.265574,0.927453,0,0.30313
0.8815,0.3,0.265564,0.927385,2.12994e-41,0.303109,0.265574,0.927453,0,0.30313
0.8815,0.5,0.265564,0.927385,0,0.303109,0.265574,0.927453,0,0.30313
0.8815,0.7,0.265564,0.927385,-2.12994e-41,0.303109,0.265574,0.927453,0,0.30313
0.8815,0.9,0.265564,0.927385,7.79126e-21,0.303109,0.265574,0.927453,0,0.30313
0.8825,0.1,0.265564,0.927385,-1.19591e-20,0.303109,0.265574,0.927453,0,0.30313
0.8825,0.3,0.265564,0.927385,1.84668e-41,0.303109,0.265574,0.927453,0,0.30313
0.8825,0.5,0.265564,0.927385,0,0.303109,0.265574,0.927453,0,0.30313
0.8825,0.7,0.265564,0.927385,-1.84668e-41,0.303109,0.265574,0.927453,0,0.30313
0.8825,0.9,0.265564,0.927385,1.19591e-20,0.303109,0.265574,0.927453,0,0.30313
0.8835,0.1,0.265564,0.927385,-1.63442e-20,0.303109,0.265574,0.927453,0,0.30313
0.8835,0.3,0.265564,0.927385,1.57837e-41,0.303109,0.265574,0.927453,0,0.30313
0.8835,0.5,0.265564,0.927385,0,0.303109,0.265574,0.927453,0,0.30313
0.8835,0.7,0.265564,0.927385,-1.57837e-41,0.303109,0.265574,0.927453,0,0.30313
0.8835,0.9,0.265564,0.927385,1.63442e-20,0.303109,0.265574,0.927453,0,0.30313
0.8845,0.1,0.265564,0.927384,-2.07763e-20,0.303109,0.265574,0.927453,0,0.30313
0.8845,0.3,0.265564,0.927384,1.33034e-41,0.303109,0.265574,0.927453,0,0.30313
0.8845,0.5,0.265564,0.927384,0,0.303109,0.265574,0.927453,0,0.30313
0.8845,0.7,0.265564,0.927384,-1.33034e-41,0.303109,0.265574,0.927453,0,0.30313
0.8845,0.9,0.265564,0.927384,2.07763e-20,0.303109,0.265574,0.927453,0,0.30313
0.8855,0.1,0.265564,0.927384,-2.50648e-20,0.303109,0.265574,0.927453,0,0.30313
0.8855,0.3,0.265564,0.927384,1.10632e-41,0.303109,0.265574,0.927453,0,0.30313
0.8855,0.5,0.265564,0.927384,0,0.303109,0.265574,0.927453,0,0.30313
0.8855,0.7,0.265564,0.927384,-1.10632e-41,0.303109,0.265574,0.927453,0,0.30313
0.8855,0.9,0.265564,0.927384,2.50648e-20,0.303109,0.265574,0.927453,0,0.30313
0.8865,0.1,0.265563,0.927384,-2.90097e-20,0.303108,0.265574,0.927453,0,0.30313
0.8865,0.3,0.265563,0.927384,9.08672e-42,0.303108,0.265574,0.927453,0,0.30313
0.8865,0.5,0.265563,0.927384,0,0.303108,0.265574,0.927453,0,0.30313
0.8865,0.7,0.265563,0.927384,-9.08672e-42,0.303108,0.265574,0.927453,0,0.30313
0.8865,0.9,0.265563,0.927384,2.90097e-20,0.303108,0.265574,0.927453,0,0.30313
0.8875,0.1,0.265563,0.927383,-3.24159e-20,0.303108,0.265574,0.927453,0,0.30313
0.8875,0.3,0.265563,0.927383,7.38794e-42,0.303108,0.265574,0.927453,0,0.30313
0.8875,0.5,0.265563,0.927383,0,0.303108,0.265574,0.927453,0,0.30313
0.8875,0.7,0.265563,0.927383,-7.38794e-42,0.303108,0.265574,0.927453,0,0.30313
0.8875,0.9,0.265563,0.927383,3.24159e-20,0.303108,0.265574,0.927453,0,0.30313
0.8885,0.1,0.265563,0.927383,-3.5107e-20,0.303108,0.265574,0.927453,0,0.30313
0.8885,0.3,0.265563,0.927383,5.97588e-42,0.303108,0.265574,0.927453,0,0.30313
0.8885,0.5,0.265563,0.927383,0,0.303108,0.265574,0.927453,0,0.30313
0.8885,0.7,0.265563,0.927383,-5.97588e-42,0.303108,0.265574,0.927453,0,0.30313
0.8885,0.9,0.265563,0.927383,3.5107e-20,0.303108,0.265574,0.927453,0,0.30313
0.8895,0.1,0.265563,0.927383,-3.69378e-20,0.303108,0.265574,0.927453,0,0.30313
0.8895,0.3,0.265563,0.927383,4.86042e-42,0.303108,0.265574,0.927453,0,0.30313
0.8895,0.5,0.265563,0.927383,0,0.303108,0.265574,0.927453,0,0.30313
0.8895,0.7,0.265563,0.927383,-4.86042e-42,0.303108,0.265574,0.927453,0,0.30313
0.8895,0.9,0.265563,0.927383,3.69378e-20,0.303108,0.265574,0.927453,0,0.30313
0.8905,0.1,0.265563,0.927382,-3.78041e-20,0.303108,0.265574,0.927453,0,0.30313
0.8905,0.3,0.265563,0.927382,4.05803e-42,0.303108,0.265574,0.927453,0,0.30313
0.8905,0.5,0.265563,0.927382,0,0.303108,0.265574,0.927453,0,0.30313
0.8905,0.7,0.265563,0.927382,-4.05803e-42,0.303108,0.265574,0.927453,0,0.30313
0.8905,0.9,0.265563,0.927382,3.78041e-20,0.303108,0.265574,0.927453,0,0.30313
0.8915,0.1,0.265563,0.927382,-3.76484e-20,0.303108,0.265574,0.927453,0,0.30313
0.8915,0.3,0.265563,0.927382,3.59633e-42,0.303108,0.265574,0.927453,0,0.30313
0.8915,0.5,0.265563,0.927382,0,0.303108,0.265574,0.927453,0,0.30313
0.8915,0.7,0.265563,0.927382,-3.59633e-42,0.303108,0.265574,0.927453,0,0.30313
0.8915,0.9,0.265563,0.927382,3.76484e-20,0.303108,0.265574,0.927453,0,0.30313
0.8925,0.1,0.265563,0.927381,-3.64631e-20,0.303108,0.265574,0.927453,0,0.30313
0.8925,0.3,0.265563,0.927381,3.51653e-42,0.303108,0.265574,0.927453,0,0.30313
0.8925,0.5,0.265563,0.927381,0,0.303108,0.265574,0.927453,0,0.30313
0.8925,0.7,0.265563,0.927381,-3.51653e-42,0.303108,0.265574,0.927453,0,0.30313
0.8925,0.9,0.265563,0.927381,3.64631e-20,0.303108,0.265574,0.927453,0,0.30313
0.8935,0.1,0.265563,0.927381,-3.42901e-20,0.303108,0.265574,0.927453,0,0.30313
0.8935,0.3,0.265563,0.927381,3.87181e-42,0.303108,0.265574,0.927453,0,0.30313
0.8935,0.5,0.265563,0.927381,0,0.303108,0.265574,0.927453,0,0.30313
0.8935,0.7,0.265563,0.927381,-3.87181e-42,0.303108,0.265574,0.927453,0,0.30313
0.8935,0.9,0.265563,0.927381,3.42901e-20,0.303108,0.265574,0.927453,0,0.30313
0.8945,0.1,0.265563,0.927381,-3.12188e-20,0.303108,0.265574,0.927453,0,0.30313
0.8945,0.3,0.265563,0.927381,4.72061e-42,0.303108,0.265574,0.927453,0,0.30313
0.8945,0.5,0.265563,0.927381,0,0.303108,0.265574,0.927453,0,0.30313
0.8945,0.7,0.265563,0.927381,-4.72061e-42,0.303108,0.265574,0.927453,0,0.30313
0.8945,0.9,0.265563,0.927381,3.12188e-20,0.303108,0.265574,0.927453,0,0.30313
0.8955,0.1,0.265563,0.92738,-2.73842e-20,0.303107,0.265574,0.927453,0,0.30313
0.8955,0.3,0.265563,0.92738,6.11402e-42,0.303107,0.265574,0.927453,0,0.30313
0.8955,0.5,0.265563,0.92738,0,0.303107,0.265574,0.927453,0,0.30313
0.8955,0.7,0.265563,0.92738,-6.11402e-42,0.303107,0.265574,0.927453,0,0.30313
0.8955,0.9,0.265563,0.92738,2.73842e-20,0.303107,0.265574,0.927453,0,0.30313
0.8965,0.1,0.265563,0.92738,-2.29645e-20,0.303107,0.265574,0.927453,0,0.30313
0.8965,0.3,0.265563,0.92738,8.0778e-42,0.303107,0.265574,0.927453,0,0.30313
0.8965,0.5,0.265563,0.92738,0,0.303107,0.265574,0.927453,0,0.30313
0.8965,0.7,0.265563,0.92738,-8.0778e-42,0.303107,0.265574,0.927453,0,0.30313
0.8965,0.9,0.265563,0.92738,2.29645e-20,0.303107,0.265574,0.927453,0,0.30313
0.8975,0.1,0.265562,0.92738,-1.81791e-20,0.303107,0.265574,0.927453,0,0.30313
0.8975,0.3,0.265562,0.92738,1.05916e-41,0.303107,0.265574,0.927453,0,0.30313
0.8975,0.5,0.265562,0.92738,0,0.303107,0.265574,0.927453,0,0.30313
0.8975,0.7,0.265562,0.92738,-1.05916e-41,0.303107,0.265574,0.927453,0,0.30313
0.8975,0.9,0.265562,0.92738,1.81791e-20,0.303107,0.265574,0.927453,0,0.30313
0.8985,0.1,0.265562,0.927379,-1.32833e-20,0.303107,0.265574,0.927453,0,0.30313
0.8985,0.3,0.265562,0.927379,1.35695e-41,0.303107,0.265574,0.927453,0,0.30313
0.8985,0.5,0.265562,0.927379,0,0.303107,0.265574,0.927453,0,0.30313
0.8985,0.7,0.265562,0.927379,-1.35695e-41,0.303107,0.265574,0.927453,0,0.30313
0.8985,0.9,0.265562,0.927379,1.32833e-20,0.303107,0.265574,0.927453,0,0.30313
0.8995,0.1,0.265562,0.927379,-8.55991e-21,0.303107,0.265574,0.927453,0,0.30313
0.8995,0.3,0.265562,0.927379,1.68475e-41,0.303107,0.265574,0.927453,0,0.30313
0.8995,0.5,0.265562,0.927379,0,0.303107,0.265574,0.927453,0,0.30313
0.8995,0.7,0.265562,0.927379,-1.68475e-41,0.303107,0.265574,0.927453,0,0.30313
0.8995,0.9,0.265562,0.927379,8.55991e-21,0.303107,0.265574,0.927453,0,0.30313
0.9005,0.1,0.265562,0.927378,-4.30298e-21,0.303107,0.265574,0.927453,0,0.30313
0.9005,0.3,0.265562,0.927378,2.01849e-41,0.303107,0.265574,0.927453,0,0.30313
0.9005,0.5,0.265562,0.927378,0,0.303107,0.265574,0.927453,0,0.30313
0.9005,0.7,0.265562,0.927378,-2.01849e-41,0.303107,0.265574,0.927453,0,0.30313
0.9005,0.9,0.265562,0.927378,4.30298e-21,0.303107,0.265574,0.927453,0,0.30313
0.9015,0.1,0.265562,0.927378,-7.9346e-22,0.303107,0.265574,0.927453,0,0.30313
0.9015,0.3,0.265562,0.927378,2.32827e-41,0.303107,0.265574,0.927453,0,0.30313
0.9015,0.5,0.265562,0.927378,0,0.303107,0.265574,0.927453,0,0.30313
0.9015,0.7,0.265562,0.927378,-2.32827e-41,0.303107,0.265574,0.927453,0,0.30313
0.9015,0.9,0.265562,0.927378,7.9346e-22,0.303107,0.265574,0.927453,0,0.30313
0.9025,0.1,0.265562,0.927378,1.73232e-21,0.303106,0.265574,0.927453,0,0.30313
0.9025,0.3,0.265562,0.927378,2.58202e-41,0.303106,0.265574,0.927453,0,0.30313
0.9025,0.5,0.265562,0.927378,0,0.303106,0.265574,0.927453,0,0.30313
0.9025,0.7,0.265562,0.927378,-2.58202e-41,0.303106,0.265574,0.927453,0,0.30313
0.9025,0.9,0.265562,0.927378,-1.73232e-21,0.303106,0.265574,0.927453,0,0.30313
0.9035,0.1,0.265562,0.927377,3.11714e-21,0.303106,0.265574,0.927453,0,0.30313
0.9035,0.3,0.265562,0.927377,2.74924e-41,0.303106,0.265574,0.927453,0,0.30313
0.9035,0.5,0.265562,0.927377,0,0.303106,0.265574,0.927453,0,0.30313
0.9035,0.7,0.265562,0.927377,-2.74924e-41,0.303106,0.265574,0.927453,0,0.30313
0.9035,0.9,0.265562,0.927377,-3.11714e-21,0.303106,0.265574,0.927453,0,0.30313
0.9045,0.1,0.265562,0.927377,3.31291e-21,0.303106,0.265574,0.927453,0,0.30313
0.9045,0.3,0.265562,0.927377,2.80973e-41,0.303106,0.265574,0.927453,0,0.30313
0.9045,0.5,0.265562,0.927377,0,0.303106,0.265574,0.927453,0,0.30313
0.9045,0.7,0.265562,0.927377,-2.80973e-41,0.303106,0.265574,0.927453,0,0.30313
0.9045,0.9,0.265562,0.927377,-3.31291e-21,0.303106,0.265574,0.927453,0,0.30313
0.9055,0.1,0.265562,0.927376,2.39801e-21,0.303106,0.265574,0.927453,0,0.30313
0.9055,0.3,0.265562,0.927376,2.76104e-41,0.303106,0.265574,0.927453,0,0.30313
0.9055,0.5,0.265562,0.927376,0,0.303106,0.265574,0.927453,0,0.30313
0.9055,0.7,0.265562,0.927376,-2.76104e-41,0.303106,0.265574,0.927453,0,0.30313
0.9055,0.9,0.265562,0.927376,-2.39801e-21,0.303106,0.265574,0.927453,0,0.30313
0.9065,0.1,0.265562,0.927376,5.74526e-22,0.303106,0.265574,0.927453,0,0.30313
0.9065,0.3,0.265562,0.927376,2.61674e-41,0.303106,0.265574,0.927453,0,0.30313
0.9065,0.5,0.265562,0.927376,0,0.303106,0.265574,0.927453,0,0.30313
0.9065,0.7,0.265562,0.927376,-2.61674e-41,0.303106,0.265574,0.927453,0,0.30313
0.9065,0.9,0.265562,0.927376,-5.74526e-22,0.303106,0.265574,0.927453,0,0.30313
0.9075,0.1,0.265561,0.927376,-1.85845e-21,0.303106,0.265574,0.927453,0,0.30313
0.9075,0.3,0.265561,0.927376,2.3983e-41,0.303106,0.265574,0.927453,0,0.30313
0.9075,0.5,0.265561,0.927376,0,0.303106,0.265574,0.927453,0,0.30313
0.9075,0.7,0.265561,0.927376,-2.3983e-41,0.303106,0.265574,0.927453,0,0.30313
0.9075,0.9,0.265561,0.927376,1.85845e-21,0.303106,0.265574,0.927453,0,0.30313
0.9085,0.1,0.265561,0.927375,-4.55496e-21,0.303106,0.265574,0.927453,0,0.30313
0.9085,0.3,0.265561,0.927375,2.12935e-41,0.303106,0.265574,0.927453,0,0.30313
0.9085,0.5,0.265561,0.927375,0,0.303106,0.265574,0.927453,0,0.30313
0.9085,0.7,0.265561,0.927375,-2.12935e-41,0.303106,0.265574,0.927453,0,0.30313
0.9085,0.9,0.265561,0.927375,4.55496e-21,0.303106,0.265574,0.927453,0,0.30313
0.9095,0.1,0.265561,0.927375,-7.18991e-21,0.303105,0.265574,0.927453,0,0.30313
0.9095,0.3,0.265561,0.927375,1.83395e-41,0.303105,0.265574,0.927453,0,0.30313
0.9095,0.5,0.265561,0.927375,0,0.303105,0.265574,0.927453,0,0.30313
0.9095,0.7,0.265561,0.927375,-1.83395e-41,0.303105,0.265574,0.927453,0,0.30313
0.9095,0.9,0.265561,0.927375,7.18991e-21,0.303105,0.265574,0.927453,0,0.30313
0.9105,0.1,0.265561,0.927374,-9.53208e-21,0.303105,0.265574,0.927453,0,0.30313
0.9105,0.3,0.265561,0.927374,1.53398e-41,0.303105,0.265574,0.927453,0,0.30313
0.9105,0.5,0.265561,0.927374,0,0.303105,0.265574,0.927453,0,0.30313
0.9105,0.7,0.265561,0.927374,-1.53398e-41,0.303105,0.265574,0.927453,0,0.30313
0.9105,0.9,0.265561,0.927374,9.53208e-21,0.303105,0.265574,0.927453,0,0.30313
0.9115,0.1,0.265561,0.927374,-1.15018e-20,0.303105,0.265574,0.927453,0,0.30313
0.9115,0.3,0.265561,0.927374,1.24733e-41,0.303105,0.265574,0.927453,0,0.30313
0.9115,0.5,0.265561,0.927374,0,0.303105,0.265574,0.927453,0,0.30313
0.9115,0.7,0.265561,0.927374,-1.24733e-41,0.303105,0.265574,0.927453,0,0.30313
0.9115,0.9,0.265561,0.927374,1.15018e-20,0.303105,0.265574,0.927453,0,0.30313
0.9125,0.1,0.265561,0.927373,-1.31856e-20,0.303105,0.265574,0.927453,0,0.30313
0.9125,0.3,0.265561,0.927373,9.87151e-42,0.303105,0.265574,0.927453,0,0.30313
0.9125,0.5,0.265561,0.927373,0,0.303105,0.265574,0.927453,0,0.30313
0.9125,0.7,0.265561,0.927373,-9.87151e-42,0.303105,0.265574,0.927453,0,0.30313
0.9125,0.9,0.265561,0.927373,1.31856e-20,0.303105,0.265574,0.927453,0,0.30313
0.9135,0.1,0.265561,0.927373,-1.47817e-20,0.303105,0.265574,0.927453,0,0.30313
0.9135,0.3,0.265561,0.927373,7.62569e-42,0.303105,0.265574,0.927453,0,0.30313
0.9135,0.5,0.265561,0.927373,0,0.303105,0.265574,0.927453,0,0.30313
0.9135,0.7,0.265561,0.927373,-7.62569e-42,0.303105,0.265574,0.927453,0,0.30313
0.9135,0.9,0.265561,0.927373,1.47817e-20,0.303105,0.265574,0.927453,0,0.30313
0.9145,0.1,0.265561,0.927372,-1.64714e-20,0.303105,0.265574,0.927453,0,0.30313
0.9145,0.3,0.265561,0.927372,5.80944e-42,0.303105,0.265574,0.927453,0,0.30313
0.9145,0.5,0.265561,0.927372,0,0.303105,0.265574,0.927453,0,0.30313
0.9145,0.7,0.265561,0.927372,-5.80944e-42,0.303105,0.265574,0.927453,0,0.30313
0.9145,0.9,0.265561,0.927372,1.64714e-20,0.303105,0.265574,0.927453,0,0.30313
0.9155,0.1,0.265561,0.927372,-1.82512e-20,0.303104,0.265574,0.927453,0,0.30313
0.9155,0.3,0.265561,0.927372,4.51657e-42,0.303104,0.265574,0.927453,0,0.30313
0.9155,0.5,0.265561,0.927372,0,0.303104,0.265574,0.927453,0,0.30313
0.9155,0.7,0.265561,0.927372,-4.51657e-42,0.303104,0.265574,0.927453,0,0.30313
0.9155,0.9,0.265561,0.927372,1.82512e-20,0.303104,0.265574,0.927453,0,0.30313
0.9165,0.1,0.265561,0.927372,-1.97983e-20,0.303105,0.265574,0.927453,0,0.30313
0.9165,0.3,0.265561,0.927372,3.90883e-42,0.303105,0.265574,0.927453,0,0.30313
0.9165,0.5,0.265561,0.927372,0,0.303105,0.265574,0.927453,0,0.30313
0.9165,0.7,0.265561,0.927372,-3.90883e-42,0.303105,0.265574,0.927453,0,0.30313
0.9165,0.9,0.265561,0.927372,1.97983e-20,0.303105,0.265574,0.927453,0,0.30313
0.9175,0.1,0.265561,0.927372,-2.04481e-20,0.303105,0.265574,0.927453,0,0.30313
0.9175,0.3,0.265561,0.927372,4.2753e-42,0.303105,0.265574,0.927453,0,0.30313
0.9175,0.5,0.265561,0.927372,0,0.303105,0.265574,0.927453,0,0.30313
0.9175,0.7,0.265561,0.927372,-4.2753e-42,0.303105,0.265574,0.927453,0,0.30313
0.9175,0.9,0.265561,0.927372,2.04481e-20,0.303105,0.265574,0.927453,0,0.30313
0.9185,0.1,0.26556,0.927371,-1.93187e-20,0.303104,0.265574,0.927453,0,0.30313
0.9185,0.3,0.26556,0.927371,6.11285e-42,0.303104,0.265574,0.927453,0,0.30313
0.9185,0.5,0.26556,0.927371,0,0.303104,0.265574,0.927453,0,0.30313
0.9185,0.7,0.26556,0.927371,-6.11285e-42,0.303104,0.265574,0.927453,0,0.30313
0.9185,0.9,0.26556,0.927371,1.93187e-20,0.303104,0.265574,0.927453,0,0.30313
0.9195,0.1,0.265559,0.927365,-1.55645e-20,0.303102,0.265574,0.927453,0,0.30313
0.9195,0.3,0.265559,0.927365,1.02092e-41,0.303102,0.265574,0.927453,0,0.30313
0.9195,0.5,0.265559,0.927365,0,0.303102,0.265574,0.927453,0,0.30313
0.9195,0.7,0.265559,0.927365,-1.02092e-41,0.303102,0.265574,0.927453,0,0.30313
0.9195,0.9,0.265559,0.927365,1.55645e-20,0.303102,0.265574,0.927453,0,0.30313
0.9205,0.1,0.265558,0.92736,-8.70245e-21,0.3031,0.265574,0.927453,0,0.30313
0.9205,0.3,0.265558,0.92736,1.76327e-41,0.3031,0.265574,0.927453,0,0.30313
0.9205,0.5,0.265558,0.92736,0,0.3031,0.265574,0.927453,0,0.30313
0.9205,0.7,0.265558,0.92736,-1.76327e-41,0.3031,0.265574,0.927453,0,0.30313
0.9205,0.9,0.265558,0.92736,8.70245e-21,0.3031,0.265574,0.927453,0,0.30313
0.9215,0.1,0.265559,0.927366,1.07361e-21,0.303102,0.265574,0.927453,0,0.30313
0.9215,0.3,0.265559,0.927366,2.94847e-41,0.303102,0.265574,0.927453,0,0.30313
0.9215,0.5,0.265559,0.927366,0,0.303102,0.265574,0.927453,0,0.30313
0.9215,0.7,0.265559,0.927366,-2.94847e-41,0.303102,0.265574,0.927453,0,0.30313
0.9215,0.9,0.265559,0.927366,-1.07361e-21,0.303102,0.265574,0.927453,0,0.30313
0.9225,0.1,0.265565,0.927395,1.27215e-20,0.303112,0.265574,0.927453,0,0.30313
0.9225,0.3,0.265565,0.927395,4.61304e-41,0.303112,0.265574,0.927453,0,0.30313
0.9225,0.5,0.265565,0.927395,0,0.303112,0.265574,0.927453,0,0.30313
0.9225,0.7,0.265565,0.927395,-4.61304e-41,0.303112,0.265574,0.927453,0,0.30313
0.9225,0.9,0.265565,0.927395,-1.27215e-20,0.303112,0.265574,0.927453,0,0.30313
0.9235,0.1,0.265572,0.927426,2.44594e-20,0.303123,0.265574,0.927453,0,0.30313
0.9235,0.3,0.265572,0.927426,6.55022e-41,0.303123,0.265574,0.927453,0,0.30313
0.9235,0.5,0.265572,0.927426,0,0.303123,0.265574,0.927453,0,0.30313
0.9235,0.7,0.265572,0.927426,-6.55022e-41,0.303123,0.265574,0.927453,0,0.30313
0.9235,0.9,0.265572,0.927426,-2.44594e-20,0.303123,0.265574,0.927453,0,0.30313
0.9245,0.1,0.265565,0.927385,3.42062e-20,0.30311,0.265574,0.927453,0,0.30313
0.9245,0.3,0.265565,0.927385,8.28701e-41,0.30311,0.265574,0.927453,0,0.30313
0.9245,0.5,0.265565,0.927385,0,0.30311,0.265574,0.927453,0,0.30313
0.9245,0.7,0.265565,0.927385,-8.28701e-41,0.30311,0.265574,0.927453,0,0.30313
0.9245,0.9,0.265565,0.927385,-3.42062e-20,0.30311,0.265574,0.927453,0,0.30313
0.9255,0.1,0.265527,0.927207,4.0224e-20,0.30305,0.265574,0.927453,0,0.30313
0.9255,0.3,0.265527,0.927207,9.28891e-41,0.30305,0.265574,0.927453,0,0.30313
0.9255,0.5,0.265527,0.927207,0,0.30305,0.265574,0.927453,0,0.30313
0.9255,0.7,0.265527,0.927207,-9.28891e-41,0.30305,0.265574,0.927453,0,0.30313
0.9255,0.9,0.265527,0.927207,-4.0224e-20,0.30305,0.265574,0.927453,0,0.30313
0.9265,0.1,0.265481,0.927013,4.1682e-20,0.302981,0.265574,0.927453,0,0.30313
0.9265,0.3,0.265481,0.927013,9.24373e-41,0.302981,0.265574,0.927453,0,0.30313
0.9265,0.5,0.265481,0.927013,0,0.302981,0.265574,0.927453,0,0.30313
0.9265,0.7,0.265481,0.927013,-9.24373e-41,0.302981,0.265574,0.927453,0,0.30313
0.9265,0.9,0.265481,0.927013,-4.1682e-20,0.302981,0.265574,0.927453,0,0.30313
0.9275,0.1,0.265525,0.927247,3.88749e-20,0.303054,0.265574,0.927453,0,0.30313
0.9275,0.3,0.265525,0.927247,8.21597e-41,0.303054,0.265574,0.927453,0,0.30313
0.9275,0.5,0.265525,0.927247,0,0.303054,0.265574,0.927453,0,0.30313
0.9275,0.7,0.265525,0.927247,-8.21597e-41,0.303054,0.265574,0.927453,0,0.30313
0.9275,0.9,0.265525,0.927247,-3.88749e-20,0.303054,0.265574,0.927453,0,0.30313
0.9285,0.1,0.265755,0.928319,3.30082e-20,0.303419,0.265574,0.927453,0,0.30313
0.9285,0.3,0.265755,0.928319,6.57424e-41,0.303419,0.265574,0.927453,0,0.30313
0.9285,0.5,0.265755,0.928319,0,0.303419,0.265574,0.927453,0,0.30313
0.9285,0.7,0.265755,0.928319,-6.57424e-41,0.303419,0.265574,0.927453,0,0.30313
0.9285,0.9,0.265755,0.928319,-3.30082e-20,0.303419,0.265574,0.927453,0,0.30313
0.9295,0.1,0.266033,0.929509,2.56902e-20,0.303844,0.265574,0.927453,0,0.30313
0.9295,0.3,0.266033,0.929509,4.77633e-41,0.303844,0.265574,0.927453,0,0.30313
0.9295,0.5,0.266033,0.929509,0,0.303844,0.265574,0.927453,0,0.30313
0.9295,0.7,0.266033,0.929509,-4.77633e-41,0.303844,0.265574,0.927453,0,0.30313
0.9295,0.9,0.266033,0.929509,-2.56902e-20,0.303844,0.265574,0.927453,0,0.30313
0.9305,0.1,0.265777,0.928129,1.83999e-20,0.30341,0.265574,0.927453,0,0.30313
0.9305,0.3,0.265777,0.928129,3.17566e-41,0.30341,0.265574,0.927453,0,0.30313
0.9305,0.5,0.265777,0.928129,0,0.30341,0.265574,0.927453,0,0.30313
0.9305,0.7,0.265777,0.928129,-3.17566e-41,0.30341,0.265574,0.927453,0,0.30313
0.9305,0.9,0.265777,0.928129,-1.83999e-20,0.30341,0.265574,0.927453,0,0.30313
0.9315,0.1,0.264384,0.921626,1.21541e-20,0.301204,0.265574,0.927453,0,0.30313
0.9315,0.3,0.264384,0.921626,1.94576e-41,0.301204,0.265574,0.927453,0,0.30313
0.9315,0.5,0.264384,0.921626,0,0.301204,0.265574,0.927453,0,0.30313
0.9315,0.7,0.264384,0.921626,-1.94576e-41,0.301204,0.265574,0.927453,0,0.30313
0.9315,0.9,0.264384,0.921626,-1.21541e-20,0.301204,0.265574,0.927453,0,0.30313
0.9325,0.1,0.26268,0.914227,7.42361e-21,0.298598,0.265574,0.927453,0,0.30313
0.9325,0.3,0.26268,0.914227,1.10707e-41,0.298598,0.265574,0.927453,0,0.30313
0.9325,0.5,0.26268,0.914227,0,0.298598,0.265574,0.927453,0,0.30313
0.9325,0.7,0.26268,0.914227,-1.10707e-41,0.298598,0.265574,0.927453,0,0.30313
0.9325,0.9,0.26268,0.914227,-7.42361e-21,0.298598,0.265574,0.927453,0,0.30313
0.9335,0.1,0.264112,0.922176,4.2148e-21,0.301045,0.265574,0.927453,0,0.30313
0.9335,0.3,0.264112,0.922176,5.91023e-42,0.301045,0.265574,0.927453,0,0.30313
0.9335,0.5,0.264112,0.922176,0,0.301045,0.265574,0.927453,0,0.30313
0.9335,0.7,0.264112,0.922176,-5.91023e-42,0.301045,0.265574,0.927453,0,0.30313
0.9335,0.9,0.264112,0.922176,-4.2148e-21,0.301045,0.265574,0.927453,0,0.30313
0.9345,0.1,0.272415,0.960757,2.23181e-21,0.314281,0.265574,0.927453,0,0.30313
0.9345,0.3,0.272415,0.960757,2.98287e-42,0.314281,0.265574,0.927453,0,0.30313
0.9345,0.5,0.272415,0.960757,0,0.314281,0.265574,0.927453,0,0.30313
0.9345,0.7,0.272415,0.960757,-2.98287e-42,0.314281,0.265574,0.927453,0,0.30313
0.9345,0.9,0.272415,0.960757,-2.23181e-21,0.314281,0.265574,0.927453,0,0.30313
0.9355,0.1,0.283048,1.00375,1.08208e-21,0.330613,0.265574,0.927453,0,0.30313
0.9355,0.3,0.283048,1.00375,1.39886e-42,0.330613,0.265574,0.927453,0,0.30313
0.9355,0.5,0.283048,1.00375,0,0.330613,0.265574,0.927453,0,0.30313
0.9355,0.7,0.283048,1.00375,-1.39886e-42,0.330613,0.265574,0.927453,0,0.30313
0.9355,0.9,0.283048,1.00375,-1.08208e-21,0.330613,0.265574,0.927453,0,0.30313
0.9365,0.1,0.272698,0.952942,4.43975e-22,0.313367,0.265574,0.927453,0,0.30313
0.9365,0.3,0.272698,0.952942,5.621e-43,0.313367,0.265574,0.927453,0,0.30313
0.9365,0.5,0.272698,0.952942,0,0.313367,0.265574,0.927453,0,0.30313
0.9365,0.7,0.272698,0.952942,-5.621e-43,0.313367,0.265574,0.927453,0,0.30313
0.9365,0.9,0.272698,0.952942,-4.43975e-22,0.313367,0.265574,0.927453,0,0.30313
0.9375,0.1,0.219683,0.692363,1.22574e-22,0.231908,0.265574,0.927453,0,0.30313
0.9375,0.3,0.219683,0.692363,1.53294e-43,0.231908,0.265574,0.927453,0,0.30313
0.9375,0.5,0.219683,0.692363,0,0.231908,0.265574,0.927453,0,0.30313
0.9375,0.7,0.219683,0.692363,-1.53294e-43,0.231908,0.265574,0.927453,0,0.30313
0.9375,0.9,0.219683,0.692363,-1.22574e-22,0.231908,0.265574,0.927453,0,0.30313
0.9385,0.1,0.159963,0.289509,1.31595e-23,0.144511,0.125,0,0,0.1
0.9385,0.3,0.159963,0.289509,1.63376e-44,0.144511,0.125,0,0,0.1
0.9385,0.5,0.159963,0.289509,0,0.144511,0.125,0,0,0.1
0.9385,0.7,0.159963,0.289509,-1.63376e-44,0.144511,0.125,0,0,0.1
0.9385,0.9,0.159963,0.289509,-1.31595e-23,0.144511,0.125,0,0,0.1
0.9395,0.1,0.132799,0.0606856,2.53325e-25,0.108746,0.125,0,0,0.1
0.9395,0.3,0.132799,0.0606856,3.12994e-46,0.108746,0.125,0,0,0.1
0.9395,0.5,0.132799,0.0606856,0,0.108746,0.125,0,0,0.1
0.9395,0.7,0.132799,0.0606856,-3.12994e-46,0.108746,0.125,0,0,0.1
0.9395,0.9,0.132799,0.0606856,-2.53325e-25,0.108746,0.125,0,0,0.1
0.9405,0.1,0.12628,0.00923174,5.19469e-28,0.101347,0.125,0,0,0.1
0.9405,0.3,0.12628,0.00923174,6.39477e-49,0.101347,0.125,0,0,0.1
0.9405,0.5,0.12628,0.00923174,0,0.101347,0.125,0,0,0.1
0.9405,0.7,0.12628,0.00923174,-6.39477e-49,0.101347,0.125,0,0,0.1
0.9405,0.9,0.12628,0.00923174,-5.19469e-28,0.101347,0.125,0,0,0.1
0.9415,0.1,0.12519,0.00134789,9.98294e-32,0.100197,0.125,0,0,0.1
0.9415,0.3,0.12519,0.00134789,1.22504e-52,0.100197,0.125,0,0,0.1
0.9415,0.5,0.12519,0.00134789,0,0.100197,0.125,0,0,0.1
0.9415,0.7,0.12519,0.00134789,-1.22504e-52,0.100197,0.125,0,0,0.1
0.9415,0.9,0.12519,0.00134789,-9.98294e-32,0.100197,0.125,0,0,0.1
0.9425,0.1,0.125028,0.000196383,1.81587e-36,0.100029,0.125,0,0,0.1
0.9425,0.3,0.125028,0.000196383,2.22177e-57,0.100029,0.125,0,0,0.1
0.9425,0.5,0.125028,0.000196383,0,0.100029,0.125,0,0,0.1
0.9425,0.7,0.125028,0.000196383,-2.22177e-57,0.100029,0.125,0,0,0.1
0.9425,0.9,0.125028,0.000196383,-1.81587e-36,0.100029,0.125,0,0,0.1
0.9435,0.1,0.125004,2.86151e-05,3.1434e-42,0.100004,0.125,0,0,0.1
0.9435,0.3,0.125004,2.86151e-05,3.83493e-63,0.100004,0.125,0,0,0.1
0.9435,0.5,0.125004,2.86151e-05,0,0.100004,0.125,0,0,0.1
0.9435,0.7,0.125004,2.86151e-05,-3.83493e-63,0.100004,0.125,0,0,0.1
0.9435,0.9,0.125004,2.86151e-05,-3.1434e-42,0.100004,0.125,0,0,0.1
0.9445,0.1,0.125001,4.16985e-06,5.15393e-49,0.100001,0.125,0,0,0.1
0.9445,0.3,0.125001,4.16985e-06,6.2693e-70,0.100001,0.125,0,0,0.1
0.9445,0.5,0.125001,4.16985e-06,0,0.100001,0.125,0,0,0.1
0.9445,0.7,0.125001,4.16985e-06,-6.2693e-70,0.100001,0.125,0,0,0.1
0.9445,0.9,0.125001,4.16985e-06,-5.15393e-49,0.100001,0.125,0,0,0.1
0.9455,0.1,0.125,6.07647e-07,7.96178e-57,0.1,0.125,0,0,0.1
0.9455,0.3,0.125,6.07647e-07,9.65553e-78,0.1,0.125,0,0,0.1
0.9455,0.5,0.125,6.07647e-07,0,0.1,0.125,0,0,0.1
0.9455,0.7,0.125,6.07647e-07,-9.65553e-78,0.1,0.125,0,0,0.1
0.9455,0.9,0.125,6.07647e-07,-7.96178e-57,0.1,0.125,0,0,0.1
0.9465,0.1,0.125,8.85489e-08,1.15319e-65,0.1,0.125,0,0,0.1
0.9465,0.3,0.125,8.85489e-08,1.39415e-86,0.1,0.125,0,0,0.1
0.9465,0.5,0.125,8.85489e-08,0,0.1,0.125,0,0,0.1
0.9465,0.7,0.125,8.85489e-08,-1.39415e-86,0.1,0.125,0,0,0.1
0.9465,0.9,0.125,8.85489e-08,-1.15319e-65,0.1,0.125,0,0,0.1
0.9475,0.1,0.125,1.29037e-08,1.55924e-75,0.1,0.125,0,0,0.1
0.9475,0.3,0.125,1.29037e-08,1.87898e-96,0.1,0.125,0,0,0.1
0.9475,0.5,0.125,1.29037e-08,0,0.1,0.125,0,0,0.1
0.9475,0.7,0.125,1.29037e-08,-1.87898e-96,0.1,0.125,0,0,0.1
0.9475,0.9,0.125,1.29037e-08,-1.55924e-75,0.1,0.125,0,0,0.1
0.9485,0.1,0.125,1.88038e-09,1.96113e-86,0.1,0.125,0,0,0.1
0.9485,0.3,0.125,1.88038e-09,2.35545e-107,0.1,0.125,0,0,0.1
0.9485,0.5,0.125,1.88038e-09,0,0.1,0.125,0,0,0.1
0.9485,0.7,0.125,1.88038e-09,-2.35545e-107,0.1,0.125,0,0,0.1
0.9485,0.9,0.125,1.88038e-09,-1.96113e-86,0.1,0.125,0,0,0.1
0.9495,0.1,0.125,2.74018e-10,2.28871e-98,0.1,0.125,0,0,0.1
0.9495,0.3,0.125,2.74018e-10,2.73954e-119,0.1,0.125,0,0,0.1
0.9495,0.5,0.125,2.74018e-10,0,0.1,0.125,0,0,0.1
0.9495,0.7,0.125,2.74018e-10,-2.73954e-119,0.1,0.125,0,0,0.1
0.9495,0.9,0.125,2.74018e-10,-2.28871e-98,0.1,0.125,0,0,0.1
0.9505,0.1,0.125,3.99307e-11,2.47434e-111,0.1,0.125,0,0,0.1
0.9505,0.3,0.125,3.99307e-11,2.95137e-132,0.1,0.125,0,0,0.1
0.9505,0.5,0.125,3.99307e-11,0,0.1,0.125,0,0,0.1
0.9505,0.7,0.125,3.99307e-11,-2.95137e-132,0.1,0.125,0,0,0.1
0.9505,0.9,0.125,3.99307e-11,-2.47434e-111,0.1,0.125,0,0,0.1
0.9515,0.1,0.125,5.81833e-12,2.47515e-125,0.1,0.125,0,0,0.1
0.9515,0.3,0.125,5.81833e-12,2.94175e-146,0.1,0.125,0,0,0.1
0.9515,0.5,0.125,5.81833e-12,0,0.1,0.125,0,0,0.1
0.9515,0.7,0.125,5.81833e-12,-2.94175e-146,0.1,0.125,0,0,0.1
0.9515,0.9,0.125,5.81833e-12,-2.47515e-125,0.1,0.125,0,0,0.1
0.9525,0.1,0.125,8.47595e-13,2.28888e-140,0.1,0.125,0,0,0.1
0.9525,0.3,0.125,8.47595e-13,2.71036e-161,0.1,0.125,0,0,0.1
0.9525,0.5,0.125,8.47595e-13,0,0.1,0.125,0,0,0.1
0.9525,0.7,0.125,8.47595e-13,-2.71036e-161,0.1,0.125,0,0,0.1
0.9525,0.9,0.125,8.47595e-13,-2.28888e-140,0.1,0.125,0,0,0.1
0.9535,0.1,0.125,1.23423e-13,1.95512e-156,0.1,0.125,0,0,0.1
0.9535,0.3,0.125,1.23423e-13,2.3064e-177,0.1,0.125,0,0,0.1
0.9535,0.5,0.125,1.23423e-13,0,0.1,0.125,0,0,0.1
0.9535,0.7,0.125,1.23423e-13,-2.3064e-177,0.1,0.125,0,0,0.1
0.9535,0.9,0.125,1.23423e-13,-1.95512e-156,0.1,0.125,0,0,0.1
0.9545,0.1,0.125,1.77852e-14,1.53934e-173,0.1,0.125,0,0,0.1
0.9545,0.3,0.125,1.77852e-14,1.80889e-194,0.1,0.125,0,0,0.1
0.9545,0.5,0.125,1.77852e-14,0,0.1,0.125,0,0,0.1
0.9545,0.7,0.125,1.77852e-14,-1.80889e-194,0.1,0.125,0,0,0.1
0.9545,0.9,0.125,1.77852e-14,-1.53934e-173,0.1,0.125,0,0,0.1
0.9555,0.1,0.125,2.26204e-15,1.08974e-191,0.1,0.125,0,0,0.1
0.9555,0.3,0.125,2.26204e-15,1.27548e-212,0.1,0.125,0,0,0.1
0.9555,0.5,0.125,2.26204e-15,0,0.1,0.125,0,0,0.1
0.9555,0.7,0.125,2.26204e-15,-1.27548e-212,0.1,0.125,0,0,0.1
0.9555,0.9,0.125,2.26204e-15,-1.08974e-191,0.1,0.125,0,0,0.1
0.9565,0.1,0.125,1.71002e-16,5.90056e-211,0.1,0.125,0,0,0.1
0.9565,0.3,0.125,1.71002e-16,6.87816e-232,0.1,0.125,0,0,0.1
0.9565,0.5,0.125,1.71002e-16,0,0.1,0.125,0,0,0.1
0.9565,0.7,0.125,1.71002e-16,-6.87816e-232,0.1,0.125,0,0,0.1
0.9565,0.9,0.125,1.71002e-16,-5.90056e-211,0.1,0.125,0,0,0.1
0.9575,0.1,0.125,1.66035e-33,1.37958e-231,0.1,0.125,0,0,0.1
0.9575,0.3,0.125,1.66035e-33,1.60144e-252,0.1,0.125,0,0,0.1
0.9575,0.5,0.125,1.66035e-33,0,0.1,0.125,0,0,0.1
0.9575,0.7,0.125,1.66035e-33,-1.60144e-252,0.1,0.125,0,0,0.1
0.9575,0.9,0.125,1.66035e-33,-1.37958e-231,0.1,0.125,0,0,0.1
0.9585,0.1,0.125,3.41203e-68,1.1339e-269,0.1,0.125,0,0,0.1
0.9585,0.3,0.125,3.41203e-68,1.31061e-290,0.1,0.125,0,0,0.1
0.9585,0.5,0.125,3.41203e-68,0,0.1,0.125,0,0,0.1
0.9585,0.7,0.125,3.41203e-68,-1.31061e-290,0.1,0.125,0,0,0.1
0.9585,0.9,0.125,3.41203e-68,-1.1339e-269,0.1,0.125,0,0,0.1
0.9595,0.1,0.125,2.59728e-138,0,0.1,0.125,0,0,0.1
0.9595,0.3,0.125,2.59728e-138,0,0.1,0.125,0,0,0.1
0.9595,0.5,0.125,2.59728e-138,0,0.1,0.125,0,0,0.1
0.9595,0.7,0.125,2.59728e-138,0,0.1,0.125,0,0,0.1
0.9595,0.9,0.125,2.59728e-138,0,0.1,0.125,0,0,0.1
0.9605,0.1,0.125,4.42063e-281,0,0.1,0.125,0,0,0.1
0.9605,0.3,0.125,4.42063e-281,0,0.1,0.125,0,0,0.1
0.9605,0.5,0.125,4.42063e-281,0,0.1,0.125,0,0,0.1
0.9605,0.7,0.125,4.42063e-281,0,0.1,0.125,0,0,0.1
0.9605,0.9,0.125,4.42063e-281,0,0.1,0.125,0,0,0.1
0.9615,0.1,0.125,0,0,0.1,0.125,0,0,0.1
0.9615,0.3,0.125,0,0,0.1,0.125,0,0,0.1
0.9615,0.5,0.125,0,0,0.1,0.125,0,0,0.1
0.9615,0.7,0.125,0,0,0.1,0.125,0,0,0.1
0.9615,0.9,0.125,0,0,0.1,0.125,0,0,0.1
0.9625,0.1,0.125,0,0,0.1,0.125,0,0,0.1
0.9625,0.3,0.125,0,0,0.1,0.125,0,0,0.1
0.9625,0.5,0.125,0,0,0.1,0.125,0,0,0.1
0.9625,0.7,0.125,0,0,0.1,0.125,0,0,0.1
0.9625,0.9,0.125,0,0,0.1,0.125,0,0,0.1
0.9635,0.1,0.125,0,0,0.1,0.125,0,0,0.1
0.9635,0.3,0.125,0,0,0.1,0.125,0,0,0.1
0.9635,0.5,0.125,0,0,0.1,0.125,0,0,0.1
0.9635,0.7,0.125,0,0,0.1,0.125,0,0,0.1
0.9635,0.9,0.125,0,0,0.1,0.125,0,0,0.1
0.9645,0.1,0.125,0,0,0.1,0.125,0,0,0.1
0.9645,0.3,0.125,0,0,0.1,0.125,0,0,0.1
0.9645,0.5,0.125,0,0,0.1,0.125,0,0,0.1
0.9645,0.7,0.125,0,0,0.1,0.125,0,0,0.1
0.9645,0.9,0.125,0,0,0.1,0.125,0,0,0.1
0.9655,0.1,0.125,0,0,0.1,0.125,0,0,0.1
0.9655,0.3,0.125,0,0,0.1,0.125,0,0,0.1
0.9655,0.5,0.125,0,0,0.1,0.125,0,0,0.1
0.9655,0.7,0.125,0,0,0.1,0.125,0,0,0.1
0.9655,0.9,0.125,0,0,0.1,0.125,0,0,0.1
0.9665,0.1,0.125,0,0,0.1,0.125,0,0,0.1
0.9665,0.3,0.125,0,0,0.1,0.125,0,0,0.1
0.9665,0.5,0.125,0,0,0.1,0.125,0,0,0.1
0.9665,0.7,0.125,0,0,0.1,0.125,0,0,0.1
0.9665,0.9,0.125,0,0,0.1,0.125,0,0,0.1
0.9675,0.1,0.125,0,0,0.1,0.125,0,0,0.1
0.9675,0.3,0.125,0,0,0.1,0.125,0,0,0.1
0.9675,0.5,0.125,0,0,0.1,0.125,0,0,0.1
0.9675,0.7,0.125,0,0,0.1,0.125,0,0,0.1
0.9675,0.9,0.125,0,0,0.1,0.125,0,0,0.1
0.9685,0.1,0.125,0,0,0.1,0.125,0,0,0.1
0.9685,0.3,0.125,0,0,0.1,0.125,0,0,0.1
0.9685,0.5,0.125,0,0,0.1,0.125,0,0,0.1
0.9685,0.7,0.125,0,0,0.1,0.125,0,0,0.1
0.9685,0.9,0.125,0,0,0.1,0.125,0,0,0.1
0.9695,0.1,0.125,0,0,0.1,0.125,0,0,0.1
0.9695,0.3,0.125,0,0,0.1,0.125,0,0,0.1
0.9695,0.5,0.125,0,0,0.1,0.125,0,0,0.1
0.9695,0.7,0.125,0,0,0.1,0.125,0,0,0.1
0.9695,0.9,0.125,0,0,0.1,0.125,0,0,0.1
0.9705,0.1,0.125,0,0,0.1,0.125,0,0,0.1
0.9705,0.3,0.125,0,0,0.1,0.125,0,0,0.1
0.9705,0.5,0.125,0,0,0.1,0.125,0,0,0.1
0.9705,0.7,0.125,0,0,0.1,0.125,0,0,0.1
0.9705,0.9,0.125,0,0,0.1,0.125,0,0,0.1
0.9715,0.1,0.125,0,0,0.1,0.125,0,0,0.1
0.9715,0.3,0.125,0,0,0.1,0.125,0,0,0.1
0.9715,0.5,0.125,0,0,0.1,0.125,0,0,0.1
0.9715,0.7,0.125,0,0,0.1,0.125,0,0,0.1
0.9715,0.9,0.125,0,0,0.1,0.125,0,0,0.1
0.9725,0.1,0.125,0,0,0.1,0.125,0,0,0.1
0.9725,0.3,0.125,0,0,0.1,0.125,0,0,0.1
0.9725,0.5,0.125,0,0,0.1,0.125,0,0,0.1
0.9725,0.7,0.125,0,0,0.1,0.125,0,0,0.1
0.9725,0.9,0.125,0,0,0.1,0.125,0,0,0.1
0.9735,0.1,0.125,0,0,0.1,0.125,0,0,0.1
0.9735,0.3,0.125,0,0,0.1,0.125,0,0,0.1
0.9735,0.5,0.125,0,0,0.1,0.125,0,0,0.1
0.9735,0.7,0.125,0,0,0.1,0.125,0,0,0.1
0.9735,0.9,0.125,0,0,0.1,0.125,0,0,0.1
0.9745,0.1,0.125,0,0,0.1,0.125,0,0,0.1
0.9745,0.3,0.125,0,0,0.1,0.125,0,0,0.1
0.9745,0.5,0.125,0,0,0.1,0.125,0,0,0.1
0.9745,0.7,0.125,0,0,0.1,0.125,0,0,0.1
0.9745,0.9,0.125,0,0,0.1,0.125,0,0,0.1
0.9755,0.1,0.125,0,0,0.1,0.125,0,0,0.1
0.9755,0.3,0.125,0,0,0.1,0.125,0,0,0.1
0.9755,0.5,0.125,0,0,0.1,0.125,0,0,0.1
0.9755,0.7,0.125,0,0,0.1,0.125,0,0,0.1
0.9755,0.9,0.125,0,0,0.1,0.125,0,0,0.1
0.9765,0.1,0.125,0,0,0.1,0.125,0,0,0.1
0.9765,0.3,0.125,0,0,0.1,0.125,0,0,0.1
0.9765,0.5,0.125,0,0,0.1,0.125,0,0,0.1
0.9765,0.7,0.125,0,0,0.1,0.125,0,0,0.1
0.9765,0.9,0.125,0,0,0.1,0.125,0,0,0.1
0.9775,0.1,0.125,0,0,0.1,0.125,0,0,0.1
0.9775,0.3,0.125,0,0,0.1,0.125,0,0,0.1
0.9775,0.5,0.125,0,0,0.1,0.125,0,0,0.1
0.9775,0.7,0.125,0,0,0.1,0.125,0,0,0.1
0.9775,0.9,0.125,0,0,0.1,0.125,0,0,0.1
0.9785,0.1,0.125,0,0,0.1,0.125,0,0,0.1
0.9785,0.3,0.125,0,0,0.1,0.125,0,0,0.1
0.9785,0.5,0.125,0,0,0.1,0.125,0,0,0.1
0.9785,0.7,0.125,0,0,0.1,0.125,0,0,0.1
0.9785,0.9,0.125,0,0,0.1,0.125,0,0,0.1
0.9795,0.1,0.125,0,0,0.1,0.125,0,0,0.1
0.9795,0.3,0.125,0,0,0.1,0.125,0,0,0.1
0.9795,0.5,0.125,0,0,0.1,0.125,0,0,0.1
0.9795,0.7,0.125,0,0,0.1,0.125,0,0,0.1
0.9795,0.9,0.125,0,0,0.1,0.125,0,0,0.1
0.9805,0.1,0.125,0,0,0.1,0.125,0,0,0.1
0.9805,0.3,0.125,0,0,0.1,0.125,0,0,0.1
0.9805,0.5,0.125,0,0,0.1,0.125,0,0,0.1
0.9805,0.7,0.125,0,0,0.1,0.125,0,0,0.1
0.9805,0.9,0.125,0,0,0.1,0.125,0,0,0.1
0.9815,0.1,0.125,0,0,0.1,0.125,0,0,0.1
0.9815,0.3,0.125,0,0,0.1,0.125,0,0,0.1
0.9815,0.5,0.125,0,0,0.1,0.125,0,0,0.1
0.9815,0.7,0.125,0,0,0.1,0.125,0,0,0.1
0.9815,0.9,0.125,0,0,0.1,0.125,0,0,0.1
0.9825,0.1,0.125,0,0,0.1,0.125,0,0,0.1
0.9825,0.3,0.125,0,0,0.1,0.125,0,0,0.1
0.9825,0.5,0.125,0,0,0.1,0.125,0,0,0.1
0.9825,0.7,0.125,0,0,0.1,0.125,0,0,0.1
0.9825,0.9,0.125,0,0,0.1,0.125,0,0,0.1
0.9835,0.1,0.125,0,0,0.1,0.125,0,0,0.1
0.9835,0.3,0.125,0,0,0.1,0.125,0,0,0.1
0.9835,0.5,0.125,0,0,0.1,0.125,0,0,0.1
0.9835,0.7,0.125,0,0,0.1,0.125,0,0,0.1
0.9835,0.9,0.125,0,0,0.1,0.125,0,0,0.1
0.9845,0.1,0.125,0,0,0.1,0.125,0,0,0.1
0.9845,0.3,0.125,0,0,0.1,0.125,0,0,0.1
0.9845,0.5,0.125,0,0,0.1,0.125,0,0,0.1
0.9845,0.7,0.125,0,0,0.1,0.125,0,0,0.1
0.9845,0.9,0.125,0,0,0.1,0.125,0,0,0.1
0.9855,0.1,0.125,0,0,0.1,0.125,0,0,0.1
0.9855,0.3,0.125,0,0,0.1,0.125,0,0,0.1
0.9855,0.5,0.125,0,0,0.1,0.125,0,0,0.1
0.9855,0.7,0.125,0,0,0.1,0.125,0,0,0.1
0.9855,0.9,0.125,0,0,0.1,0.125,0,0,0.1
0.9865,0.1,0.125,0,0,0.1,0.125,0,0,0.1
0.9865,0.3,0.125,0,0,0.1,0.125,0,0,0.1
0.9865,0.5,0.125,0,0,0.1,0.125,0,0,0.1
0.9865,0.7,0.125,0,0,0.1,0.125,0,0,0.1
0.9865,0.9,0.125,0,0,0.1,0.125,0,0,0.1
0.9875,0.1,0.125,0,0,0.1,0.125,0,0,0.1
0.9875,0.3,0.125,0,0,0.1,0.125,0,0,0.1
0.9875,0.5,0.125,0,0,0.1,0.125,0,0,0.1
0.9875,0.7,0.125,0,0,0.1,0.125,0,0,0.1
0.9875,0.9,0.125,0,0,0.1,0.125,0,0,0.1
0.9885,0.1,0.125,0,0,0.1,0.125,0,0,0.1
0.9885,0.3,0.125,0,0,0.1,0.125,0,0,0.1
0.9885,0.5,0.125,0,0,0.1,0.125,0,0,0.1
0.9885,0.7,0.125,0,0,0.1,0.125,0,0,0.1
0.9885,0.9,0.125,0,0,0.1,0.125,0,0,0.1
0.9895,0.1,0.125,0,0,0.1,0.125,0,0,0.1
0.9895,0.3,0.125,0,0,0.1,0.125,0,0,0.1
0.9895,0.5,0.125,0,0,0.1,0.125,0,0,0.1
0.9895,0.7,0.125,0,0,0.1,0.125,0,0,0.1
0.9895,0.9,0.125,0,0,0.1,0.125,0,0,0.1
0.9905,0.1,0.125,0,0,0.1,0.125,0,0,0.1
0.9905,0.3,0.125,0,0,0.1,0.125,0,0,0.1
0.9905,0.5,0.125,0,0,0.1,0.125,0,0,0.1
0.9905,0.7,0.125,0,0,0.1,0.125,0,0,0.1
0.9905,0.9,0.125,0,0,0.1,0.125,0,0,0.1
0.9915,0.1,0.125,0,0,0.1,0.125,0,0,0.1
0.9915,0.3,0.125,0,0,0.1,0.125,0,0,0.1
0.9915,0.5,0.125,0,0,0.1,0.125,0,0,0.1
0.9915,0.7,0.125,0,0,0.1,0.125,0,0,0.1
0.9915,0.9,0.125,0,0,0.1,0.125,0,0,0.1
0.9925,0.1,0.125,0,0,0.1,0.125,0,0,0.1
0.9925,0.3,0.125,0,0,0.1,0.125,0,0,0.1
0.9925,0.5,0.125,0,0,0.1,0.125,0,0,0.1
0.9925,0.7,0.125,0,0,0.1,0.125,0,0,0.1
0.9925,0.9,0.125,0,0,0.1,0.125,0,0,0.1
0.9935,0.1,0.125,0,0,0.1,0.125,0,0,0.1
0.9935,0.3,0.125,0,0,0.1,0.125,0,0,0.1
0.9935,0.5,0.125,0,0,0.1,0.125,0,0,0.1
0.9935,0.7,0.125,0,0,0.1,0.125,0,0,0.1
0.9935,0.9,0.125,0,0,0.1,0.125,0,0,0.1
0.9945,0.1,0.125,0,0,0.1,0.125,0,0,0.1
0.9945,0.3,0.125,0,0,0.1,0.125,0,0,0.1
0.9945,0.5,0.125,0,0,0.1,0.125,0,0,0.1
0.9945,0.7,0.125,0,0,0.1,0.125,0,0,0.1
0.9945,0.9,0.125,0,0,0.1,0.125,0,0,0.1
0.9955,0.1,0.125,0,0,0.1,0.125,0,0,0.1
0.9955,0.3,0.125,0,0,0.1,0.125,0,0,0.1
0.9955,0.5,0.125,0,0,0.1,0.125,0,0,0.1
0.9955,0.7,0.125,0,0,0.1,0.125,0,0,0.1
0.9955,0.9,0.125,0,0,0.1,0.125,0,0,0.1
0.9965,0.1,0.125,0,0,0.1,0.125,0,0,0.1
0.9965,0.3,0.125,0,0,0.1,0.125,0,0,0.1
0.9965,0.5,0.125,0,0,0.1,0.125,0,0,0.1
0.9965,0.7,0.125,0,0,0.1,0.125,0,0,0.1
0.9965,0.9,0.125,0,0,0.1,0.125,0,0,0.1
0.9975,0.1,0.125,0,0,0.1,0.125,0,0,0.1
0.9975,0.3,0.125,0,0,0.1,0.125,0,0,0.1
0.9975,0.5,0.125,0,0,0.1,0.125,0,0,0.1
0.9975,0.7,0.125,0,0,0.1,0.125,0,0,0.1
0.9975,0.9,0.125,0,0,0.1,0.125,0,0,0.1
0.9985,0.1,0.125,0,0,0.1,0.125,0,0,0.1
0.9985,0.3,0.125,0,0,0.1,0.125,0,0,0.1
0.9985,0.5,0.125,0,0,0.1,0.125,0,0,0.1
0.9985,0.7,0.125,0,0,0.1,0.125,0,0,0.1
0.9985,0.9,0.125,0,0,0.1,0.125,0,0,0.1
0.9995,0.1,0.125,0,0,0.1,0.125,0,0,0.1
0.9995,0.3,0.125,0,0,0.1,0.125,0,0,0.1
0.9995,0.5,0.125,0,0,0.1,0.125,0,0,0.1
0.9995,0.7,0.125,0,0,0.1,0.125,0,0,0.1
0.9995,0.9,0.125,0,0,0.1,0.125,0,0,0.1
