x,y,rho,u,v,p,rho_exact,u_exact,v_exact,p_exact
0.005,0.005,21.6093,2.31938,-4.37001,250.801,1,-2,0,0.4
0.005,0.015,21.7126,2.27271,-4.27543,247.541,1,-2,0,0.4
0.005,0.025,21.8196,2.22529,-4.1811,244.249,1,-2,0,0.4
0.005,0.035,21.9297,2.17716,-4.08701,240.925,1,-2,0,0.4
0.005,0.045,22.0427,2.12838,-3.99319,237.57,1,-2,0,0.4
0.005,0.055,22.1581,2.07899,-3.89963,234.182,1,-2,0,0.4
0.005,0.065,22.2762,2.02903,-3.80621,230.773,1,-2,0,0.4
0.005,0.075,22.3965,1.97855,-3.71293,227.345,1,-2,0,0.4
0.005,0.085,22.5175,1.92759,-3.61996,223.884,1,-2,0,0.4
0.005,0.095,22.6387,1.87619,-3.5273,220.39,1,-2,0,0.4
0.005,0.105,22.7593,1.82442,-3.43494,216.863,1,-2,0,0.4
0.005,0.115,22.8786,1.77234,-3.34291,213.303,1,-2,0,0.4
0.005,0.125,22.9959,1.72,-3.25119,209.713,1,-2,0,0.4
0.005,0.135,23.1104,1.66748,-3.1598,206.091,1,-2,0,0.4
0.005,0.145,23.2212,1.61483,-3.06873,202.441,1,-2,0,0.4
0.005,0.155,23.3275,1.56214,-2.978,198.762,1,-2,0,0.4
0.005,0.165,23.4284,1.50946,-2.88759,195.057,1,-2,0,0.4
0.005,0.175,23.523,1.45686,-2.79751,191.328,1,-2,0,0.4
0.005,0.185,23.6104,1.4044,-2.70775,187.577,1,-2,0,0.4
0.005,0.195,23.6897,1.35214,-2.61831,183.805,1,-2,0,0.4
0.005,0.205,23.76,1.30015,-2.52919,180.016,1,-2,0,0.4
0.005,0.215,23.8204,1.24847,-2.44037,176.213,1,-2,0,0.4
0.005,0.225,23.87,1.19718,-2.35185,172.398,1,-2,0,0.4
0.005,0.235,23.9081,1.14632,-2.26361,168.576,1,-2,0,0.4
0.005,0.245,23.9339,1.09594,-2.17563,164.75,1,-2,0,0.4
0.005,0.255,23.9468,1.04611,-2.08789,160.926,1,-2,0,0.4
0.005,0.265,23.9464,0.996857,-2.00035,157.109,1,-2,0,0.4
0.005,0.275,23.9322,0.948242,-1.91297,153.303,1,-2,0,0.4
0.005,0.285,23.9041,0.900302,-1.8257,149.518,1,-2,0,0.4
0.005,0.295,23.8623,0.853076,-1.73849,145.759,1,-2,0,0.4
0.005,0.305,23.8068,0.806595,-1.65126,142.035,1,-2,0,0.4
0.005,0.315,23.7383,0.760885,-1.56393,138.355,1,-2,0,0.4
0.005,0.325,23.6575,0.715964,-1.4764,134.729,1,-2,0,0.4
0.005,0.335,23.5653,0.67184,-1.38858,131.167,1,-2,0,0.4
0.005,0.345,23.4631,0.62851,-1.30035,127.679,1,-2,0,0.4
0.005,0.355,23.3522,0.585961,-1.21163,124.275,1,-2,0,0.4
0.005,0.365,23.2342,0.544171,-1.12232,120.965,1,-2,0,0.4
0.005,0.375,23.1105,0.503103,-1.03237,117.757,1,-2,0,0.4
0.005,0.385,22.9824,0.462716,-0.941768,114.656,1,-2,0,0.4
0.005,0.395,22.851,0.422959,-0.850584,111.665,1,-2,0,0.4
0.005,0.405,22.7171,0.383778,-0.758924,108.785,1,-2,0,0.4
0.005,0.415,22.5816,0.345112,-0.666946,106.018,1,-2,0,0.4
0.005,0.425,22.4457,0.306893,-0.574838,103.366,1,-2,0,0.4
0.005,0.435,22.3106,0.269043,-0.482819,100.831,1,-2,0,0.4
0.005,0.445,22.1783,0.231474,-0.391133,98.42,1,-2,0,0.4
0.005,0.455,22.0509,0.194077,-0.300053,96.1411,1,-2,0,0.4
0.005,0.465,21.9315,0.156717,-0.209887,94.0056,1,-2,0,0.4
0.005,0.475,21.8236,0.11919,-0.120978,92.0284,1,-2,0,0.4
0.005,0.485,21.7335,0.0805778,-0.0335732,90.2334,1,-2,0,0.4
0.005,0.495,21.6767,0.0374127,0.0519409,88.6206,1,-2,0,0.4
0.005,0.505,21.6497,-0.0070214,0.134764,87.2243,1,-2,0,0.4
0.005,0.515,21.6553,-0.0524083,0.214262,86.0862,1,-2,0,0.4
0.005,0.525,21.7007,-0.0994148,0.290038,85.2266,1,-2,0,0.4
0.005,0.535,21.7895,-0.148571,0.36156,84.6595,1,-2,0,0.4
0.005,0.545,21.9188,-0.200342,0.428653,84.3917,1,-2,0,0.4
0.005,0.555,22.0831,-0.255205,0.491398,84.4217,1,-2,0,0.4
0.005,0.565,22.2736,-0.313672,0.550134,84.7367,1,-2,0,0.4
0.005,0.575,22.4776,-0.376256,0.605424,85.3119,1,-2,0,0.4
0.005,0.585,22.6766,-0.44345,0.657982,86.1124,1,-2,0,0.4
0.005,0.595,22.8444,-0.515708,0.708571,87.096,1,-2,0,0.4
0.005,0.605,22.9449,-0.593494,0.757908,88.2171,1,-2,0,0.4
0.005,0.615,22.9288,-0.677483,0.806591,89.4282,1,-2,0,0.4
0.005,0.625,22.7306,-0.769071,0.855076,90.6811,1,-2,0,0.4
0.005,0.635,22.2704,-0.871382,0.9037,91.9276,1,-2,0,0.4
0.005,0.645,21.4619,-0.990976,0.952774,93.1208,1,-2,0,0.4
0.005,0.655,20.2317,-1.14053,1.00277,94.2204,1,-2,0,0.4
0.005,0.665,18.549,-1.34303,1.05471,95.2037,1,-2,0,0.4
0.005,0.675,16.4613,-1.63836,1.11108,96.0852,1,-2,0,0.4
0.005,0.685,14.1274,-2.09299,1.17759,96.9436,1,-2,0,0.4
0.005,0.695,11.8272,-2.80929,1.26627,97.9334,1,-2,0,0.4
0.005,0.705,9.91196,-3.91838,1.39627,99.1305,1,-2,0,0.4
0.005,0.715,8.70436,-5.50524,1.5847,100.341,1,-2,0,0.4
0.005,0.725,8.44806,-7.45376,1.82998,101.561,1,-2,0,0.4
0.005,0.735,9.32817,-9.43664,2.10366,102.933,1,-2,0,0.4
0.005,0.745,11.6133,-11.1297,2.36146,104.797,1,-2,0,0.4
0.005,0.755,15.7662,-12.3987,2.56736,107.301,1,-2,0,0.4
0.005,0.765,22.45,-13.2777,2.70471,109.992,1,-2,0,0.4
0.005,0.775,32.4316,-13.8631,2.77326,111.988,1,-2,0,0.4
0.005,0.785,46.2953,-14.2471,2.79135,112.101,1,-2,0,0.4
0.005,0.795,64.3671,-14.4978,2.77867,110.132,1,-2,0,0.4
0.005,0.805,86.6979,-14.661,2.75247,106.838,1,-2,0,0.4
0.005,0.815,113.038,-14.7674,2.72407,103.158,1,-2,0,0.4
0.005,0.825,142.758,-14.8374,2.69801,99.6271,1,-2,0,0.4
0.005,0.835,174.811,-14.8844,2.67502,96.3885,1,-2,0,0.4
0.005,0.845,207.957,-14.9169,2.65535,93.5477,1,-2,0,0.4
0.005,0.855,241.199,-14.9398,2.64018,91.4204,1,-2,0,0.4
0.005,0.865,274.162,-14.9562,2.6313,90.4839,1,-2,0,0.4
0.005,0.875,307.134,-14.9679,2.63013,91.1667,1,-2,0,0.4
0.005,0.885,340.787,-14.9763,2.63692,93.6809,1,-2,0,0.4
0.005,0.895,375.778,-14.9823,2.65073,97.9877,1,-2,0,0.4
0.005,0.905,412.478,-14.9865,2.66987,103.866,1,-2,0,0.4
0.005,0.915,450.881,-14.9896,2.69247,111.008,1,-2,0,0.4
0.005,0.925,490.669,-14.9919,2.7169,119.093,1,-2,0,0.4
0.005,0.935,531.323,-14.9936,2.74191,127.826,1,-2,0,0.4
0.005,0.945,572.241,-14.9949,2.76665,136.954,1,-2,0,0.4
0.005,0.955,612.812,-14.9959,2.79058,146.269,1,-2,0,0.4
0.005,0.965,652.471,-14.9967,2.81335,155.595,1,-2,0,0.4
0.005,0.975,690.721,-14.9974,2.83476,164.79,1,-2,0,0.4
0.005,0.985,727.143,-14.9979,2.85472,173.733,1,-2,0,0.4
0.005,0.995,761.402,-14.9984,2.87317,182.326,1,-2,0,0.4
0.015,0.005,21.224,2.3917,-4.36914,244.57,1,-2,0,0.4
0.015,0.015,21.3214,2.34514,-4.27454,241.326,1,-2,0,0.4
0.015,0.025,21.4222,2.29783,-4.18018,238.051,1,-2,0,0.4
0.015,0.035,21.526,2.24981,-4.08608,234.746,1,-2,0,0.4
0.015,0.045,21.6325,2.20112,-3.99224,231.41,1,-2,0,0.4
0.015,0.055,21.7411,2.15182,-3.89866,228.043,1,-2,0,0.4
0.015,0.065,21.8519,2.10196,-3.80528,224.653,1,-2,0,0.4
0.015,0.075,21.9651,2.05157,-3.71197,221.248,1,-2,0,0.4
0.015,0.085,22.079,2.00067,-3.61897,217.813,1,-2,0,0.4
0.015,0.095,22.1927,1.94932,-3.52628,214.347,1,-2,0,0.4
0.015,0.105,22.3058,1.89759,-3.43391,210.85,1,-2,0,0.4
0.015,0.115,22.4175,1.84552,-3.34185,207.322,1,-2,0,0.4
0.015,0.125,22.527,1.7932,-3.25011,203.766,1,-2,0,0.4
0.015,0.135,22.6336,1.74067,-3.15869,200.182,1,-2,0,0.4
0.015,0.145,22.7365,1.68801,-3.06759,196.571,1,-2,0,0.4
0.015,0.155,22.8349,1.63529,-2.97682,192.935,1,-2,0,0.4
0.015,0.165,22.9278,1.58255,-2.88636,189.275,1,-2,0,0.4
0.015,0.175,23.0144,1.52988,-2.79622,185.595,1,-2,0,0.4
0.015,0.185,23.0939,1.47733,-2.70638,181.895,1,-2,0,0.4
0.015,0.195,23.1652,1.42495,-2.61684,178.179,1,-2,0,0.4
0.015,0.205,23.2275,1.37281,-2.52759,174.449,1,-2,0,0.4
0.015,0.215,23.2799,1.32097,-2.43861,170.708,1,-2,0,0.4
0.015,0.225,23.3215,1.26948,-2.34988,166.959,1,-2,0,0.4
0.015,0.235,23.3517,1.21839,-2.26137,163.207,1,-2,0,0.4
0.015,0.245,23.3695,1.16775,-2.17307,159.455,1,-2,0,0.4
0.015,0.255,23.3745,1.11762,-2.08492,155.708,1,-2,0,0.4
0.015,0.265,23.366,1.06804,-1.99689,151.971,1,-2,0,0.4
0.015,0.275,23.3438,1.01907,-1.90893,148.251,1,-2,0,0.4
0.015,0.285,23.3076,0.970737,-1.82097,144.553,1,-2,0,0.4
0.015,0.295,23.2576,0.923088,-1.73294,140.885,1,-2,0,0.4
0.015,0.305,23.1938,0.876156,-1.64477,137.255,1,-2,0,0.4
0.015,0.315,23.117,0.82997,-1.55637,133.671,1,-2,0,0.4
0.015,0.325,23.0277,0.784552,-1.46764,130.144,1,-2,0,0.4
0.015,0.335,22.927,0.739913,-1.37848,126.682,1,-2,0,0.4
0.015,0.345,22.8162,0.696057,-1.28881,123.295,1,-2,0,0.4
0.015,0.355,22.6967,0.652974,-1.19852,119.993,1,-2,0,0.4
0.015,0.365,22.5702,0.610644,-1.10755,116.785,1,-2,0,0.4
0.015,0.375,22.4381,0.569033,-1.01587,113.679,1,-2,0,0.4
0.015,0.385,22.3019,0.528097,-0.923495,110.679,1,-2,0,0.4
0.015,0.395,22.1628,0.487786,-0.830519,107.79,1,-2,0,0.4
0.015,0.405,22.0219,0.44804,-0.737082,105.012,1,-2,0,0.4
0.015,0.415,21.8803,0.408795,-0.643377,102.346,1,-2,0,0.4
0.015,0.425,21.7393,0.369977,-0.549636,99.7954,1,-2,0,0.4
0.015,0.435,21.6006,0.331503,-0.456125,97.3629,1,-2,0,0.4
0.015,0.445,21.4662,0.293275,-0.363139,95.0547,1,-2,0,0.4
0.015,0.455,21.3386,0.255178,-0.271009,92.8791,1,-2,0,0.4
0.015,0.465,21.2211,0.217062,-0.180103,90.8476,1,-2,0,0.4
0.015,0.475,21.1175,0.178677,-0.0908087,88.9753,1,-2,0,0.4
0.015,0.485,21.0387,0.138339,-0.003246,87.2925,1,-2,0,0.4
0.015,0.495,20.9933,0.0943806,0.0821884,85.7779,1,-2,0,0.4
0.015,0.505,20.9758,0.0491226,0.164411,84.4766,1,-2,0,0.4
0.015,0.515,20.9943,0.00263461,0.242585,83.4281,1,-2,0,0.4
0.015,0.525,21.0518,-0.0455697,0.316518,82.6474,1,-2,0,0.4
0.015,0.535,21.1494,-0.0959638,0.386201,82.1529,1,-2,0,0.4
0.015,0.545,21.2872,-0.149021,0.451298,81.9558,1,-2,0,0.4
0.015,0.555,21.4597,-0.205225,0.511879,82.0542,1,-2,0,0.4
0.015,0.565,21.6589,-0.265062,0.568303,82.4349,1,-2,0,0.4
0.015,0.575,21.8722,-0.329014,0.621164,83.0727,1,-2,0,0.4
0.015,0.585,22.0815,-0.397536,0.671202,83.9328,1,-2,0,0.4
0.015,0.595,22.2608,-0.471045,0.719201,84.9742,1,-2,0,0.4
0.015,0.605,22.3741,-0.549974,0.765879,86.1525,1,-2,0,0.4
0.015,0.615,22.3716,-0.634975,0.811829,87.4225,1,-2,0,0.4
0.015,0.625,22.1877,-0.727444,0.857498,88.7393,1,-2,0,0.4
0.015,0.635,21.7417,-0.830557,0.903234,90.0588,1,-2,0,0.4
0.015,0.645,20.9472,-0.951035,0.94941,91.3396,1,-2,0,0.4
0.015,0.655,19.7319,-1.10192,0.996668,92.5481,1,-2,0,0.4
0.015,0.665,18.0678,-1.30698,1.0464,93.6675,1,-2,0,0.4
0.015,0.675,16.0072,-1.60771,1.10174,94.7134,1,-2,0,0.4
0.015,0.685,13.7139,-2.07383,1.16932,95.7479,1,-2,0,0.4
0.015,0.695,11.4678,-2.81357,1.26159,96.8626,1,-2,0,0.4
0.015,0.705,9.61908,-3.96045,1.39677,98.0945,1,-2,0,0.4
0.015,0.715,8.49464,-5.58443,1.59113,99.4228,1,-2,0,0.4
0.015,0.725,8.32157,-7.55201,1.84257,100.807,1,-2,0,0.4
0.015,0.735,9.27873,-9.52843,2.11994,102.366,1,-2,0,0.4
0.015,0.745,11.6383,-11.2005,2.37737,104.384,1,-2,0,0.4
0.015,0.755,15.8677,-12.4479,2.57932,106.936,1,-2,0,0.4
0.015,0.765,22.626,-13.3106,2.71071,109.514,1,-2,0,0.4
0.015,0.775,32.6609,-13.8851,2.77335,111.244,1,-2,0,0.4
0.015,0.785,46.5327,-14.2619,2.78713,111.045,1,-2,0,0.4
0.015,0.795,64.5669,-14.5077,2.7724,108.894,1,-2,0,0.4
0.015,0.805,86.8421,-14.6673,2.74629,105.634,1,-2,0,0.4
0.015,0.815,113.146,-14.7712,2.71917,102.156,1,-2,0,0.4
0.015,0.825,142.859,-14.8396,2.69459,98.8776,1,-2,0,0.4
0.015,0.835,174.909,-14.8857,2.67267,95.8391,1,-2,0,0.4
0.015,0.845,208.019,-14.9177,2.65355,93.1135,1,-2,0,0.4
0.015,0.855,241.178,-14.9403,2.63859,91.0371,1,-2,0,0.4
0.015,0.865,274.029,-14.9566,2.62982,90.1258,1,-2,0,0.4
0.015,0.875,306.896,-14.9682,2.62878,90.8368,1,-2,0,0.4
0.015,0.885,340.48,-14.9765,2.63577,93.3922,1,-2,0,0.4
0.015,0.895,375.452,-14.9824,2.64982,97.75,1,-2,0,0.4
0.015,0.905,412.172,-14.9866,2.6692,103.681,1,-2,0,0.4
0.015,0.915,450.622,-14.9897,2.69201,110.872,1,-2,0,0.4
0.015,0.925,490.466,-14.9919,2.71659,118.996,1,-2,0,0.4
0.015,0.935,531.174,-14.9936,2.74172,127.76,1,-2,0,0.4
0.015,0.945,572.136,-14.9949,2.76654,136.912,1,-2,0,0.4
0.015,0.955,612.742,-14.9959,2.79051,146.242,1,-2,0,0.4
0.015,0.965,652.427,-14.9967,2.8133,155.578,1,-2,0,0.4
0.015,0.975,690.693,-14.9974,2.83474,164.78,1,-2,0,0.4
0.015,0.985,727.126,-14.9979,2.85471,173.728,1,-2,0,0.4
0.015,0.995,761.392,-14.9984,2.87316,182.323,1,-2,0,0.4
0.025,0.005,20.8395,2.46505,-4.36737,238.404,1,-2,0,0.4
0.025,0.015,20.931,2.41859,-4.27273,235.179,1,-2,0,0.4
0.025,0.025,21.0258,2.37137,-4.17833,231.925,1,-2,0,0.4
0.025,0.035,21.1234,2.32344,-4.08418,228.641,1,-2,0,0.4
0.025,0.045,21.2234,2.27483,-3.99029,225.328,1,-2,0,0.4
0.025,0.055,21.3254,2.2256,-3.89667,221.985,1,-2,0,0.4
0.025,0.065,21.4292,2.1758,-3.80328,218.617,1,-2,0,0.4
0.025,0.075,21.5352,2.12548,-3.70993,215.238,1,-2,0,0.4
0.025,0.085,21.6419,2.07462,-3.61686,211.831,1,-2,0,0.4
0.025,0.095,21.7483,2.0233,-3.52409,208.396,1,-2,0,0.4
0.025,0.105,21.8537,1.97158,-3.43163,204.931,1,-2,0,0.4
0.025,0.115,21.9576,1.91951,-3.33947,201.439,1,-2,0,0.4
0.025,0.125,22.0592,1.86717,-3.24761,197.919,1,-2,0,0.4
0.025,0.135,22.1576,1.8146,-3.15606,194.375,1,-2,0,0.4
0.025,0.145,22.2521,1.76189,-3.0648,190.806,1,-2,0,0.4
0.025,0.155,22.3419,1.70908,-2.97383,187.214,1,-2,0,0.4
0.025,0.165,22.426,1.65625,-2.88314,183.603,1,-2,0,0.4
0.025,0.175,22.5035,1.60345,-2.79271,179.973,1,-2,0,0.4
0.025,0.185,22.5736,1.55074,-2.70254,176.327,1,-2,0,0.4
0.025,0.195,22.6353,1.49817,-2.61259,172.668,1,-2,0,0.4
0.025,0.205,22.6878,1.44581,-2.52285,168.999,1,-2,0,0.4
0.025,0.215,22.73,1.39371,-2.43328,165.323,1,-2,0,0.4
0.025,0.225,22.7611,1.34192,-2.34386,161.643,1,-2,0,0.4
0.025,0.235,22.7805,1.29049,-2.25456,157.963,1,-2,0,0.4
0.025,0.245,22.7872,1.23949,-2.16533,154.288,1,-2,0,0.4
0.025,0.255,22.7809,1.18895,-2.07613,150.622,1,-2,0,0.4
0.025,0.265,22.761,1.13892,-1.98692,146.97,1,-2,0,0.4
0.025,0.275,22.7272,1.08947,-1.89763,143.339,1,-2,0,0.4
0.025,0.285,22.6795,1.04063,-1.80823,139.734,1,-2,0,0.4
0.025,0.295,22.618,0.992445,-1.71864,136.163,1,-2,0,0.4
0.025,0.305,22.5432,0.944964,-1.62881,132.634,1,-2,0,0.4
0.025,0.315,22.4558,0.898219,-1.53867,129.155,1,-2,0,0.4
0.025,0.325,22.3565,0.852239,-1.44816,125.733,1,-2,0,0.4
0.025,0.335,22.2467,0.807043,-1.3572,122.38,1,-2,0,0.4
0.025,0.345,22.1276,0.762642,-1.26575,119.102,1,-2,0,0.4
0.025,0.355,22.001,0.719032,-1.17374,115.911,1,-2,0,0.4
0.025,0.365,21.8685,0.676197,-1.08116,112.813,1,-2,0,0.4
0.025,0.375,21.7317,0.634104,-0.987998,109.816,1,-2,0,0.4
0.025,0.385,21.5922,0.592709,-0.894315,106.925,1,-2,0,0.4
0.025,0.395,21.4512,0.551957,-0.800222,104.141,1,-2,0,0.4
0.025,0.405,21.3099,0.511785,-0.705886,101.468,1,-2,0,0.4
0.025,0.415,21.1696,0.472122,-0.611513,98.9063,1,-2,0,0.4
0.025,0.425,21.0313,0.432887,-0.517349,96.4574,1,-2,0,0.4
0.025,0.435,20.8969,0.393988,-0.423663,94.1255,1,-2,0,0.4
0.025,0.445,20.7681,0.355317,-0.330755,91.9163,1,-2,0,0.4
0.025,0.455,20.6476,0.316747,-0.238953,89.8384,1,-2,0,0.4
0.025,0.465,20.5382,0.27811,-0.148619,87.9033,1,-2,0,0.4
0.025,0.475,20.4443,0.239032,-0.0600886,86.1282,1,-2,0,0.4
0.025,0.485,20.3814,0.196888,0.0266503,84.5398,1,-2,0,0.4
0.025,0.495,20.3463,0.15245,0.111104,83.113,1,-2,0,0.4
0.025,0.505,20.3389,0.106515,0.192121,81.9004,1,-2,0,0.4
0.025,0.515,20.3682,0.0590372,0.268978,80.9386,1,-2,0,0.4
0.025,0.525,20.4387,0.0096698,0.34128,80.2426,1,-2,0,0.4
0.025,0.535,20.5489,-0.0419459,0.408832,79.8258,1,-2,0,0.4
0.025,0.545,20.6953,-0.0962265,0.471837,79.6996,1,-2,0,0.4
0.025,0.555,20.8763,-0.153656,0.530236,79.8664,1,-2,0,0.4
0.025,0.565,21.0842,-0.214723,0.584386,80.3124,1,-2,0,0.4
0.025,0.575,21.3068,-0.279884,0.634906,81.0123,1,-2,0,0.4
0.025,0.585,21.5262,-0.349556,0.682563,81.9319,1,-2,0,0.4
0.025,0.595,21.7168,-0.424115,0.72816,83.0308,1,-2,0,0.4
0.025,0.605,21.8426,-0.503956,0.772427,84.2667,1,-2,0,0.4
0.025,0.615,21.8537,-0.589702,0.815962,85.5967,1,-2,0,0.4
0.025,0.625,21.6839,-0.682757,0.859225,86.9787,1,-2,0,0.4
0.025,0.635,21.2519,-0.786383,0.902598,88.3719,1,-2,0,0.4
0.025,0.645,20.471,-0.907535,0.946533,89.7383,1,-2,0,0.4
0.025,0.655,19.2694,-1.05977,0.99183,91.0465,1,-2,0,0.4
0.025,0.665,17.621,-1.26789,1.04016,92.2802,1,-2,0,0.4
0.025,0.675,15.582,-1.57534,1.09506,93.4501,1,-2,0,0.4
0.025,0.685,13.3216,-2.05529,1.16365,94.6049,1,-2,0,0.4
0.025,0.695,11.1253,-2.82011,1.25871,95.8229,1,-2,0,0.4
0.025,0.705,9.34637,-4.00263,1.39867,97.1742,1,-2,0,0.4
0.025,0.715,8.30375,-5.662,1.59967,98.6554,1,-2,0,0.4
0.025,0.725,8.21069,-7.64721,1.85748,100.204,1,-2,0,0.4
0.025,0.735,9.24141,-9.61697,2.13793,101.918,1,-2,0,0.4
0.025,0.745,11.6723,-11.2689,2.39401,104.044,1,-2,0,0.4
0.025,0.755,15.9748,-12.4956,2.59114,106.595,1,-2,0,0.4
0.025,0.765,22.8026,-13.3427,2.7161,109.023,1,-2,0,0.4
0.025,0.775,32.8833,-13.9066,2.77273,110.466,1,-2,0,0.4
0.025,0.785,46.7558,-14.2764,2.78239,109.965,1,-2,0,0.4
0.025,0.795,64.7493,-14.5172,2.76593,107.662,1,-2,0,0.4
0.025,0.805,86.974,-14.6733,2.7402,104.47,1,-2,0,0.4
0.025,0.815,113.253,-14.7748,2.71454,101.217,1,-2,0,0.4
0.025,0.825,142.971,-14.8417,2.69145,98.1907,1,-2,0,0.4
0.025,0.835,175.023,-14.887,2.67053,95.3388,1,-2,0,0.4
0.025,0.845,208.096,-14.9184,2.65188,92.7105,1,-2,0,0.4
0.025,0.855,241.166,-14.9408,2.63707,90.6701,1,-2,0,0.4
0.025,0.865,273.898,-14.9569,2.62836,89.7748,1,-2,0,0.4
0.025,0.875,306.656,-14.9685,2.62743,90.5099,1,-2,0,0.4
0.025,0.885,340.172,-14.9767,2.63462,93.1054,1,-2,0,0.4
0.025,0.895,375.124,-14.9826,2.64892,97.5143,1,-2,0,0.4
0.025,0.905,411.868,-14.9867,2.66854,103.499,1,-2,0,0.4
0.025,0.915,450.367,-14.9897,2.69156,110.738,1,-2,0,0.4
0.025,0.925,490.267,-14.992,2.7163,118.903,1,-2,0,0.4
0.025,0.935,531.028,-14.9936,2.74153,127.697,1,-2,0,0.4
0.025,0.945,572.036,-14.9949,2.76642,136.871,1,-2,0,0.4
0.025,0.955,612.676,-14.9959,2.79044,146.216,1,-2,0,0.4
0.025,0.965,652.384,-14.9967,2.81327,155.563,1,-2,0,0.4
0.025,0.975,690.667,-14.9974,2.83472,164.77,1,-2,0,0.4
0.025,0.985,727.11,-14.9979,2.85469,173.722,1,-2,0,0.4
0.025,0.995,761.383,-14.9984,2.87315,182.32,1,-2,0,0.4
0.035,0.005,20.4608,2.53838,-4.36466,232.391,1,-2,0,0.4
0.035,0.015,20.5466,2.49202,-4.26993,229.186,1,-2,0,0.4
0.035,0.025,20.6353,2.44489,-4.17545,225.954,1,-2,0,0.4
0.035,0.035,20.7268,2.39704,-4.08121,222.693,1,-2,0,0.4
0.035,0.045,20.8204,2.3485,-3.98722,219.404,1,-2,0,0.4
0.035,0.055,20.9157,2.29933,-3.89349,216.086,1,-2,0,0.4
0.035,0.065,21.0124,2.24957,-3.80001,212.742,1,-2,0,0.4
0.035,0.075,21.1111,2.19929,-3.70657,209.389,1,-2,0,0.4
0.035,0.085,21.2103,2.14847,-3.61333,206.012,1,-2,0,0.4
0.035,0.095,21.309,2.09716,-3.52037,202.608,1,-2,0,0.4
0.035,0.105,21.4065,2.04542,-3.42769,199.177,1,-2,0,0.4
0.035,0.115,21.5021,1.99332,-3.33529,195.721,1,-2,0,0.4
0.035,0.125,21.595,1.94092,-3.24314,192.239,1,-2,0,0.4
0.035,0.135,21.6845,1.88828,-3.15125,188.735,1,-2,0,0.4
0.035,0.145,21.7696,1.83546,-3.0596,185.209,1,-2,0,0.4
0.035,0.155,21.8496,1.78252,-2.96817,181.664,1,-2,0,0.4
0.035,0.165,21.9235,1.72952,-2.87695,178.101,1,-2,0,0.4
0.035,0.175,21.9904,1.67652,-2.7859,174.524,1,-2,0,0.4
0.035,0.185,22.0494,1.62357,-2.69501,170.934,1,-2,0,0.4
0.035,0.195,22.0996,1.57073,-2.60425,167.335,1,-2,0,0.4
0.035,0.205,22.1402,1.51806,-2.51358,163.729,1,-2,0,0.4
0.035,0.215,22.1701,1.46561,-2.42297,160.12,1,-2,0,0.4
0.035,0.225,22.1887,1.41343,-2.33239,156.512,1,-2,0,0.4
0.035,0.235,22.1953,1.36158,-2.24181,152.909,1,-2,0,0.4
0.035,0.245,22.1892,1.31011,-2.15119,149.315,1,-2,0,0.4
0.035,0.255,22.1701,1.25909,-2.0605,145.734,1,-2,0,0.4
0.035,0.265,22.1377,1.20856,-1.96971,142.172,1,-2,0,0.4
0.035,0.275,22.0919,1.15859,-1.87879,138.636,1,-2,0,0.4
0.035,0.285,22.0328,1.10923,-1.7877,135.13,1,-2,0,0.4
0.035,0.295,21.9609,1.06053,-1.69643,131.661,1,-2,0,0.4
0.035,0.305,21.8767,1.01254,-1.60493,128.238,1,-2,0,0.4
0.035,0.315,21.781,0.965304,-1.51317,124.866,1,-2,0,0.4
0.035,0.325,21.6749,0.918862,-1.42114,121.555,1,-2,0,0.4
0.035,0.335,21.5597,0.873236,-1.32878,118.313,1,-2,0,0.4
0.035,0.345,21.4368,0.82844,-1.23608,115.147,1,-2,0,0.4
0.035,0.355,21.3077,0.784471,-1.14299,112.067,1,-2,0,0.4
0.035,0.365,21.1742,0.741312,-1.04952,109.078,1,-2,0,0.4
0.035,0.375,21.0378,0.698926,-0.955664,106.189,1,-2,0,0.4
0.035,0.385,20.8998,0.657262,-0.861492,103.403,1,-2,0,0.4
0.035,0.395,20.7616,0.616259,-0.767109,100.723,1,-2,0,0.4
0.035,0.405,20.6242,0.575844,-0.672671,98.1502,1,-2,0,0.4
0.035,0.415,20.4886,0.535936,-0.578375,95.6864,1,-2,0,0.4
0.035,0.425,20.356,0.496445,-0.484454,93.3337,1,-2,0,0.4
0.035,0.435,20.2281,0.457268,-0.391169,91.0962,1,-2,0,0.4
0.035,0.445,20.1066,0.418287,-0.298811,88.9799,1,-2,0,0.4
0.035,0.455,19.994,0.379361,-0.207707,86.9935,1,-2,0,0.4
0.035,0.465,19.8932,0.340296,-0.118216,85.1487,1,-2,0,0.4
0.035,0.475,19.8103,0.300278,-0.0305751,83.4673,1,-2,0,0.4
0.035,0.485,19.7611,0.25671,0.0552032,81.9589,1,-2,0,0.4
0.035,0.495,19.7349,0.211768,0.138464,80.6172,1,-2,0,0.4
0.035,0.505,19.7376,0.165203,0.218098,79.4909,1,-2,0,0.4
0.035,0.515,19.7777,0.116876,0.293459,78.6117,1,-2,0,0.4
0.035,0.525,19.8593,0.0664916,0.364136,77.9988,1,-2,0,0.4
0.035,0.535,19.9819,0.013734,0.429838,77.6645,1,-2,0,0.4
0.035,0.545,20.1411,-0.0417253,0.490547,77.6152,1,-2,0,0.4
0.035,0.555,20.3311,-0.100301,0.546729,77.8515,1,-2,0,0.4
0.035,0.565,20.548,-0.162471,0.598645,78.3637,1,-2,0,0.4
0.035,0.575,20.7801,-0.228683,0.646922,79.1266,1,-2,0,0.4
0.035,0.585,21.0098,-0.299324,0.692348,80.1067,1,-2,0,0.4
0.035,0.595,21.2119,-0.374729,0.735744,81.265,1,-2,0,0.4
0.035,0.605,21.3503,-0.455252,0.777854,82.561,1,-2,0,0.4
0.035,0.615,21.3751,-0.541489,0.819289,83.9542,1,-2,0,0.4
0.035,0.625,21.2196,-0.634866,0.860529,85.4052,1,-2,0,0.4
0.035,0.635,20.8018,-0.73876,0.901994,86.8755,1,-2,0,0.4
0.035,0.645,20.0343,-0.86042,0.944205,88.3287,1,-2,0,0.4
0.035,0.655,18.8452,-1.01401,0.988079,89.7338,1,-2,0,0.4
0.035,0.665,17.21,-1.22546,1.03548,91.0724,1,-2,0,0.4
0.035,0.675,15.1889,-1.54028,1.09024,92.3516,1,-2,0,0.4
0.035,0.685,12.9575,-2.03484,1.15989,93.6166,1,-2,0,0.4
0.035,0.695,10.8084,-2.82494,1.25778,94.9509,1,-2,0,0.4
0.035,0.705,9.09693,-4.04292,1.40294,96.4378,1,-2,0,0.4
0.035,0.715,8.13188,-5.73742,1.6109,98.061,1,-2,0,0.4
0.035,0.725,8.11431,-7.73983,1.87474,99.7423,1,-2,0,0.4
0.035,0.735,9.21484,-9.70298,2.15736,101.568,1,-2,0,0.4
0.035,0.745,11.7141,-11.3354,2.41104,103.754,1,-2,0,0.4
0.035,0.755,16.0864,-12.5421,2.60259,106.263,1,-2,0,0.4
0.035,0.765,22.9786,-13.3741,2.72074,108.509,1,-2,0,0.4
0.035,0.775,33.0977,-13.9277,2.77138,109.653,1,-2,0,0.4
0.035,0.785,46.9639,-14.2905,2.77713,108.862,1,-2,0,0.4
0.035,0.795,64.915,-14.5264,2.7593,106.442,1,-2,0,0.4
0.035,0.805,87.0955,-14.6791,2.73425,103.354,1,-2,0,0.4
0.035,0.815,113.361,-14.7782,2.7102,100.342,1,-2,0,0.4
0.035,0.825,143.094,-14.8437,2.6886,97.566,1,-2,0,0.4
0.035,0.835,175.153,-14.8881,2.66861,94.8857,1,-2,0,0.4
0.035,0.845,208.186,-14.9191,2.65033,92.3366,1,-2,0,0.4
0.035,0.855,241.16,-14.9413,2.63561,90.3176,1,-2,0,0.4
0.035,0.865,273.768,-14.9573,2.62692,89.4297,1,-2,0,0.4
0.035,0.875,306.414,-14.9687,2.62609,90.1852,1,-2,0,0.4
0.035,0.885,339.86,-14.9769,2.63348,92.8201,1,-2,0,0.4
0.035,0.895,374.796,-14.9827,2.64803,97.2807,1,-2,0,0.4
0.035,0.905,411.566,-14.9868,2.66789,103.319,1,-2,0,0.4
0.035,0.915,450.114,-14.9898,2.69111,110.607,1,-2,0,0.4
0.035,0.925,490.072,-14.992,2.71601,118.811,1,-2,0,0.4
0.035,0.935,530.887,-14.9936,2.74135,127.636,1,-2,0,0.4
0.035,0.945,571.938,-14.9949,2.76631,136.831,1,-2,0,0.4
0.035,0.955,612.612,-14.9959,2.79038,146.191,1,-2,0,0.4
0.035,0.965,652.344,-14.9967,2.81323,155.547,1,-2,0,0.4
0.035,0.975,690.642,-14.9974,2.8347,164.761,1,-2,0,0.4
0.035,0.985,727.096,-14.9979,2.85468,173.717,1,-2,0,0.4
0.035,0.995,761.375,-14.9984,2.87315,182.317,1,-2,0,0.4
0.045,0.005,20.0877,2.61159,-4.36089,226.532,1,-2,0,0.4
0.045,0.015,20.1677,2.56532,-4.26602,223.349,1,-2,0,0.4
0.045,0.025,20.2505,2.51827,-4.17138,220.139,1,-2,0,0.4
0.045,0.035,20.3356,2.47049,-4.07698,216.902,1,-2,0,0.4
0.045,0.045,20.4226,2.42201,-3.98281,213.638,1,-2,0,0.4
0.045,0.055,20.5111,2.37287,-3.88889,210.347,1,-2,0,0.4
0.045,0.065,20.6006,2.32314,-3.79519,207.031,1,-2,0,0.4
0.045,0.075,20.6916,2.27286,-3.70153,203.703,1,-2,0,0.4
0.045,0.085,20.783,2.22202,-3.608,200.358,1,-2,0,0.4
0.045,0.095,20.8735,2.17068,-3.5147,196.988,1,-2,0,0.4
0.045,0.105,20.9624,2.11888,-3.42162,193.592,1,-2,0,0.4
0.045,0.115,21.0489,2.0667,-3.32875,190.173,1,-2,0,0.4
0.045,0.125,21.1323,2.01419,-3.23609,186.731,1,-2,0,0.4
0.045,0.135,21.2118,1.96141,-3.1436,183.269,1,-2,0,0.4
0.045,0.145,21.2865,1.90841,-3.05128,179.789,1,-2,0,0.4
0.045,0.155,21.3555,1.85526,-2.95909,176.292,1,-2,0,0.4
0.045,0.165,21.418,1.80202,-2.86701,172.782,1,-2,0,0.4
0.045,0.175,21.473,1.74873,-2.77501,169.26,1,-2,0,0.4
0.045,0.185,21.5197,1.69546,-2.68306,165.729,1,-2,0,0.4
0.045,0.195,21.5573,1.64227,-2.59115,162.193,1,-2,0,0.4
0.045,0.205,21.5849,1.58921,-2.49922,158.655,1,-2,0,0.4
0.045,0.215,21.6019,1.53633,-2.40727,155.119,1,-2,0,0.4
0.045,0.225,21.6075,1.48371,-2.31527,151.587,1,-2,0,0.4
0.045,0.235,21.6013,1.43141,-2.22321,148.065,1,-2,0,0.4
0.045,0.245,21.5829,1.37947,-2.13106,144.557,1,-2,0,0.4
0.045,0.255,21.552,1.32798,-2.03882,141.066,1,-2,0,0.4
0.045,0.265,21.5086,1.27699,-1.94649,137.599,1,-2,0,0.4
0.045,0.275,21.4529,1.22657,-1.85405,134.161,1,-2,0,0.4
0.045,0.285,21.385,1.17678,-1.76152,130.756,1,-2,0,0.4
0.045,0.295,21.3057,1.12768,-1.66888,127.393,1,-2,0,0.4
0.045,0.305,21.2154,1.07933,-1.57613,124.076,1,-2,0,0.4
0.045,0.315,21.1152,1.03177,-1.48326,120.814,1,-2,0,0.4
0.045,0.325,21.0061,0.985041,-1.39026,117.612,1,-2,0,0.4
0.045,0.335,20.8894,0.939166,-1.2971,114.479,1,-2,0,0.4
0.045,0.345,20.7662,0.894156,-1.20375,111.423,1,-2,0,0.4
0.045,0.355,20.6382,0.850005,-1.1102,108.45,1,-2,0,0.4
0.045,0.365,20.5068,0.806688,-1.01641,105.568,1,-2,0,0.4
0.045,0.375,20.3734,0.764161,-0.922399,102.782,1,-2,0,0.4
0.045,0.385,20.2392,0.722368,-0.828215,100.097,1,-2,0,0.4
0.045,0.395,20.1055,0.681235,-0.73395,97.5146,1,-2,0,0.4
0.045,0.405,19.9732,0.640683,-0.63975,95.0375,1,-2,0,0.4
0.045,0.415,19.8433,0.600622,-0.545803,92.667,1,-2,0,0.4
0.045,0.425,19.717,0.560953,-0.452334,90.4058,1,-2,0,0.4
0.045,0.435,19.5958,0.521566,-0.359604,88.2579,1,-2,0,0.4
0.045,0.445,19.4815,0.482333,-0.267909,86.2298,1,-2,0,0.4
0.045,0.455,19.3767,0.443102,-0.177583,84.3302,1,-2,0,0.4
0.045,0.465,19.2843,0.403643,-0.0889867,82.5713,1,-2,0,0.4
0.045,0.475,19.2141,0.362333,-0.00222171,80.9798,1,-2,0,0.4
0.045,0.485,19.1748,0.317883,0.082539,79.5439,1,-2,0,0.4
0.045,0.495,19.1577,0.272377,0.164467,78.2859,1,-2,0,0.4
0.045,0.505,19.1709,0.22522,0.242613,77.244,1,-2,0,0.4
0.045,0.515,19.2218,0.176169,0.316364,76.4463,1,-2,0,0.4
0.045,0.525,19.314,0.124942,0.385292,75.9136,1,-2,0,0.4
0.045,0.535,19.4472,0.0712262,0.449136,75.6604,1,-2,0,0.4
0.045,0.545,19.6188,0.0147085,0.507833,75.6919,1,-2,0,0.4
0.045,0.555,19.8222,-0.044939,0.561673,76.0038,1,-2,0,0.4
0.045,0.565,20.0489,-0.108107,0.611385,76.5845,1,-2,0,0.4
0.045,0.575,20.2911,-0.17522,0.657519,77.4128,1,-2,0,0.4
0.045,0.585,20.5317,-0.246648,0.700871,78.4562,1,-2,0,0.4
0.045,0.595,20.7456,-0.322692,0.742274,79.6774,1,-2,0,0.4
0.045,0.605,20.8972,-0.403668,0.782486,81.0378,1,-2,0,0.4
0.045,0.615,20.9362,-0.490156,0.822131,82.4994,1,-2,0,0.4
0.045,0.625,20.7954,-0.583614,0.861707,84.0246,1,-2,0,0.4
0.045,0.635,20.3919,-0.687567,0.901664,85.5764,1,-2,0,0.4
0.045,0.645,19.6372,-0.809601,0.942572,87.1189,1,-2,0,0.4
0.045,0.655,18.459,-0.964532,0.985432,88.6198,1,-2,0,0.4
0.045,0.665,16.8343,-1.17948,1.03225,90.0586,1,-2,0,0.4
0.045,0.675,14.8274,-1.50202,1.08712,91.4405,1,-2,0,0.4
0.045,0.685,12.6212,-2.01167,1.15802,92.8122,1,-2,0,0.4
0.045,0.695,10.5162,-2.82761,1.25903,94.2636,1,-2,0,0.4
0.045,0.705,8.86828,-4.08178,1.40974,95.8766,1,-2,0,0.4
0.045,0.715,7.97643,-5.8117,1.62472,97.6147,1,-2,0,0.4
0.045,0.725,8.03024,-7.83092,1.89403,99.3908,1,-2,0,0.4
0.045,0.735,9.19739,-9.78723,2.17781,101.286,1,-2,0,0.4
0.045,0.745,11.7624,-11.4004,2.42813,103.494,1,-2,0,0.4
0.045,0.755,16.2013,-12.5877,2.61347,105.927,1,-2,0,0.4
0.045,0.765,23.1529,-13.4049,2.72456,107.965,1,-2,0,0.4
0.045,0.775,33.3032,-13.9483,2.76925,108.801,1,-2,0,0.4
0.045,0.785,47.1569,-14.3042,2.77139,107.741,1,-2,0,0.4
0.045,0.795,65.0649,-14.5353,2.75255,105.24,1,-2,0,0.4
0.045,0.805,87.2085,-14.6846,2.72847,102.289,1,-2,0,0.4
0.045,0.815,113.473,-14.7814,2.70615,99.534,1,-2,0,0.4
0.045,0.825,143.231,-14.8455,2.68605,97.0032,1,-2,0,0.4
0.045,0.835,175.3,-14.8892,2.66689,94.4779,1,-2,0,0.4
0.045,0.845,208.289,-14.9198,2.64891,91.9896,1,-2,0,0.4
0.045,0.855,241.16,-14.9418,2.63419,89.978,1,-2,0,0.4
0.045,0.865,273.637,-14.9576,2.62549,89.0894,1,-2,0,0.4
0.045,0.875,306.168,-14.969,2.62475,89.8621,1,-2,0,0.4
0.045,0.885,339.546,-14.9771,2.63233,92.5362,1,-2,0,0.4
0.045,0.895,374.467,-14.9828,2.64713,97.0491,1,-2,0,0.4
0.045,0.905,411.266,-14.9869,2.66725,103.142,1,-2,0,0.4
0.045,0.915,449.866,-14.9899,2.69067,110.479,1,-2,0,0.4
0.045,0.925,489.882,-14.992,2.71573,118.723,1,-2,0,0.4
0.045,0.935,530.75,-14.9937,2.74118,127.577,1,-2,0,0.4
0.045,0.945,571.845,-14.9949,2.76621,136.793,1,-2,0,0.4
0.045,0.955,612.551,-14.9959,2.79032,146.167,1,-2,0,0.4
0.045,0.965,652.305,-14.9967,2.81319,155.533,1,-2,0,0.4
0.045,0.975,690.619,-14.9974,2.83468,164.753,1,-2,0,0.4
0.045,0.985,727.082,-14.9979,2.85467,173.712,1,-2,0,0.4
0.045,0.995,761.367,-14.9984,2.87314,182.314,1,-2,0,0.4
0.055,0.005,19.7197,2.6846,-4.35591,220.827,1,-2,0,0.4
0.055,0.015,19.7939,2.6384,-4.26083,217.667,1,-2,0,0.4
0.055,0.025,19.8705,2.59141,-4.16595,214.482,1,-2,0,0.4
0.055,0.035,19.9491,2.54367,-4.07128,211.27,1,-2,0,0.4
0.055,0.045,20.0294,2.49522,-3.97682,208.033,1,-2,0,0.4
0.055,0.055,20.1107,2.44609,-3.88257,204.77,1,-2,0,0.4
0.055,0.065,20.1927,2.39633,-3.78851,201.483,1,-2,0,0.4
0.055,0.075,20.2756,2.346,-3.69448,198.184,1,-2,0,0.4
0.055,0.085,20.3586,2.29509,-3.60047,194.873,1,-2,0,0.4
0.055,0.095,20.4403,2.24365,-3.50663,191.537,1,-2,0,0.4
0.055,0.105,20.5199,2.19174,-3.41294,188.179,1,-2,0,0.4
0.055,0.115,20.5967,2.13941,-3.3194,184.8,1,-2,0,0.4
0.055,0.125,20.6698,2.08671,-3.22597,181.401,1,-2,0,0.4
0.055,0.135,20.7386,2.03372,-3.13264,177.985,1,-2,0,0.4
0.055,0.145,20.802,1.98047,-3.03938,174.553,1,-2,0,0.4
0.055,0.155,20.8594,1.92704,-2.94618,171.109,1,-2,0,0.4
0.055,0.165,20.9099,1.87348,-2.853,167.654,1,-2,0,0.4
0.055,0.175,20.9526,1.81985,-2.75982,164.192,1,-2,0,0.4
0.055,0.185,20.9868,1.7662,-2.66662,160.725,1,-2,0,0.4
0.055,0.195,21.0118,1.71262,-2.57338,157.257,1,-2,0,0.4
0.055,0.205,21.0268,1.65914,-2.48009,153.791,1,-2,0,0.4
0.055,0.215,21.0315,1.60585,-2.38674,150.331,1,-2,0,0.4
0.055,0.225,21.0253,1.55281,-2.29332,146.88,1,-2,0,0.4
0.055,0.235,21.0078,1.50009,-2.19984,143.443,1,-2,0,0.4
0.055,0.245,20.9789,1.44776,-2.10632,140.024,1,-2,0,0.4
0.055,0.255,20.9386,1.39589,-2.01276,136.626,1,-2,0,0.4
0.055,0.265,20.8869,1.34456,-1.91918,133.256,1,-2,0,0.4
0.055,0.275,20.824,1.29383,-1.8256,129.917,1,-2,0,0.4
0.055,0.285,20.7505,1.24377,-1.73204,126.614,1,-2,0,0.4
0.055,0.295,20.6667,1.19444,-1.6385,123.355,1,-2,0,0.4
0.055,0.305,20.5735,1.14589,-1.54499,120.144,1,-2,0,0.4
0.055,0.315,20.4717,1.09818,-1.45149,116.987,1,-2,0,0.4
0.055,0.325,20.3622,1.05133,-1.358,113.893,1,-2,0,0.4
0.055,0.335,20.2462,1.00536,-1.26448,110.866,1,-2,0,0.4
0.055,0.345,20.1249,0.960276,-1.1709,107.915,1,-2,0,0.4
0.055,0.355,19.9996,0.916067,-1.07723,105.046,1,-2,0,0.4
0.055,0.365,19.8716,0.872701,-0.983431,102.265,1,-2,0,0.4
0.055,0.375,19.7422,0.830127,-0.88951,99.578,1,-2,0,0.4
0.055,0.385,19.6126,0.788281,-0.795503,96.989,1,-2,0,0.4
0.055,0.395,19.4838,0.747084,-0.701501,94.5007,1,-2,0,0.4
0.055,0.405,19.3568,0.70645,-0.607642,92.115,1,-2,0,0.4
0.055,0.415,19.2327,0.666283,-0.514114,89.8337,1,-2,0,0.4
0.055,0.425,19.1125,0.626478,-0.421145,87.6598,1,-2,0,0.4
0.055,0.435,18.9979,0.586918,-0.329003,85.5975,1,-2,0,0.4
0.055,0.445,18.8907,0.547468,-0.237994,83.6535,1,-2,0,0.4
0.055,0.455,18.7933,0.507968,-0.148463,81.8368,1,-2,0,0.4
0.055,0.465,18.7092,0.468101,-0.0607531,80.1612,1,-2,0,0.4
0.055,0.475,18.6525,0.42529,0.0251354,78.6523,1,-2,0,0.4
0.055,0.485,18.6211,0.380356,0.108831,77.2894,1,-2,0,0.4
0.055,0.495,18.6134,0.334311,0.189365,76.1134,1,-2,0,0.4
0.055,0.505,18.6372,0.286618,0.265962,75.1545,1,-2,0,0.4
0.055,0.515,18.699,0.236955,0.338035,74.4383,1,-2,0,0.4
0.055,0.525,18.8018,0.185039,0.405148,73.986,1,-2,0,0.4
0.055,0.535,18.9453,0.13056,0.46706,73.8125,1,-2,0,0.4
0.055,0.545,19.1275,0.0731942,0.523767,73.9241,1,-2,0,0.4
0.055,0.555,19.3443,0.0126271,0.575526,74.3156,1,-2,0,0.4
0.055,0.565,19.5853,-0.0514369,0.622985,74.9709,1,-2,0,0.4
0.055,0.575,19.8387,-0.119323,0.667062,75.8682,1,-2,0,0.4
0.055,0.585,20.0909,-0.19137,0.708489,76.9789,1,-2,0,0.4
0.055,0.595,20.3175,-0.267859,0.748104,78.2675,1,-2,0,0.4
0.055,0.605,20.4828,-0.349078,0.786667,79.6975,1,-2,0,0.4
0.055,0.615,20.5366,-0.435604,0.824812,81.2326,1,-2,0,0.4
0.055,0.625,20.4107,-0.528951,0.863046,82.8368,1,-2,0,0.4
0.055,0.635,20.021,-0.632814,0.901835,84.4737,1,-2,0,0.4
0.055,0.645,19.2779,-0.755143,0.941778,86.1062,1,-2,0,0.4
0.055,0.655,18.1085,-0.911444,0.983934,87.7005,1,-2,0,0.4
0.055,0.665,16.4909,-1.13007,1.03043,89.2339,1,-2,0,0.4
0.055,0.675,14.4942,-1.46068,1.08562,90.711,1,-2,0,0.4
0.055,0.685,12.3092,-1.98607,1.158,92.1817,1,-2,0,0.4
0.055,0.695,10.2445,-2.82891,1.26242,93.7399,1,-2,0,0.4
0.055,0.705,8.65669,-4.12043,1.41893,95.4592,1,-2,0,0.4
0.055,0.715,7.83447,-5.88612,1.6408,97.2822,1,-2,0,0.4
0.055,0.725,7.95645,-7.92149,1.91491,99.1181,1,-2,0,0.4
0.055,0.735,9.18766,-9.87036,2.19889,101.049,1,-2,0,0.4
0.055,0.745,11.8161,-11.4642,2.445,103.246,1,-2,0,0.4
0.055,0.755,16.3186,-12.6323,2.62361,105.575,1,-2,0,0.4
0.055,0.765,23.3244,-13.435,2.72747,107.386,1,-2,0,0.4
0.055,0.775,33.4987,-13.9686,2.76636,107.913,1,-2,0,0.4
0.055,0.785,47.3344,-14.3177,2.76519,106.607,1,-2,0,0.4
0.055,0.795,65.1999,-14.5439,2.74572,104.062,1,-2,0,0.4
0.055,0.805,87.3149,-14.6898,2.72291,101.279,1,-2,0,0.4
0.055,0.815,113.59,-14.7845,2.70244,98.7942,1,-2,0,0.4
0.055,0.825,143.382,-14.8472,2.68379,96.5016,1,-2,0,0.4
0.055,0.835,175.464,-14.8902,2.66539,94.1137,1,-2,0,0.4
0.055,0.845,208.404,-14.9204,2.6476,91.6676,1,-2,0,0.4
0.055,0.855,241.166,-14.9422,2.63283,89.6496,1,-2,0,0.4
0.055,0.865,273.505,-14.958,2.62408,88.7528,1,-2,0,0.4
0.055,0.875,305.918,-14.9693,2.62341,89.5403,1,-2,0,0.4
0.055,0.885,339.228,-14.9773,2.63119,92.2535,1,-2,0,0.4
0.055,0.895,374.138,-14.983,2.64625,96.8194,1,-2,0,0.4
0.055,0.905,410.967,-14.987,2.66661,102.968,1,-2,0,0.4
0.055,0.915,449.621,-14.9899,2.69025,110.353,1,-2,0,0.4
0.055,0.925,489.696,-14.9921,2.71545,118.636,1,-2,0,0.4
0.055,0.935,530.618,-14.9937,2.74101,127.52,1,-2,0,0.4
0.055,0.945,571.755,-14.9949,2.76611,136.757,1,-2,0,0.4
0.055,0.955,612.493,-14.9959,2.79026,146.145,1,-2,0,0.4
0.055,0.965,652.269,-14.9968,2.81316,155.52,1,-2,0,0.4
0.055,0.975,690.597,-14.9974,2.83466,164.745,1,-2,0,0.4
0.055,0.985,727.069,-14.9979,2.85466,173.708,1,-2,0,0.4
0.055,0.995,761.359,-14.9984,2.87313,182.312,1,-2,0,0.4
0.065,0.005,19.3564,2.7573,-4.34956,215.277,1,-2,0,0.4
0.065,0.015,19.4245,2.71114,-4.25416,212.142,1,-2,0,0.4
0.065,0.025,19.4948,2.66418,-4.15893,208.981,1,-2,0,0.4
0.065,0.035,19.5667,2.61644,-4.06387,205.797,1,-2,0,0.4
0.065,0.045,19.6399,2.56798,-3.96898,202.588,1,-2,0,0.4
0.065,0.055,19.7138,2.51881,-3.87426,199.356,1,-2,0,0.4
0.065,0.065,19.7878,2.46898,-3.77968,196.1,1,-2,0,0.4
0.065,0.075,19.8623,2.41853,-3.68508,192.834,1,-2,0,0.4
0.065,0.085,19.9365,2.36748,-3.59042,189.558,1,-2,0,0.4
0.065,0.095,20.009,2.31588,-3.49586,186.26,1,-2,0,0.4
0.065,0.105,20.0788,2.26378,-3.40137,182.943,1,-2,0,0.4
0.065,0.115,20.1454,2.21123,-3.30694,179.607,1,-2,0,0.4
0.065,0.125,20.2079,2.15829,-3.21256,176.254,1,-2,0,0.4
0.065,0.135,20.2656,2.10502,-3.1182,172.887,1,-2,0,0.4
0.065,0.145,20.3177,2.05147,-3.02385,169.508,1,-2,0,0.4
0.065,0.155,20.3634,1.99771,-2.92948,166.12,1,-2,0,0.4
0.065,0.165,20.402,1.9438,-2.83509,162.725,1,-2,0,0.4
0.065,0.175,20.4328,1.88981,-2.74065,159.327,1,-2,0,0.4
0.065,0.185,20.4552,1.8358,-2.64616,155.928,1,-2,0,0.4
0.065,0.195,20.4686,1.78183,-2.55162,152.532,1,-2,0,0.4
0.065,0.205,20.4725,1.72799,-2.45704,149.142,1,-2,0,0.4
0.065,0.215,20.4664,1.67435,-2.36241,145.762,1,-2,0,0.4
0.065,0.225,20.4503,1.62097,-2.26778,142.395,1,-2,0,0.4
0.065,0.235,20.4237,1.56795,-2.17314,139.045,1,-2,0,0.4
0.065,0.245,20.3868,1.51534,-2.07855,135.716,1,-2,0,0.4
0.065,0.255,20.3395,1.46324,-1.98402,132.412,1,-2,0,0.4
0.065,0.265,20.282,1.41171,-1.88958,129.137,1,-2,0,0.4
0.065,0.275,20.2146,1.36083,-1.79526,125.896,1,-2,0,0.4
0.065,0.285,20.1377,1.31065,-1.70107,122.694,1,-2,0,0.4
0.065,0.295,20.0518,1.26124,-1.60703,119.536,1,-2,0,0.4
0.065,0.305,19.9577,1.21265,-1.51313,116.428,1,-2,0,0.4
0.065,0.315,19.8559,1.16492,-1.41935,113.375,1,-2,0,0.4
0.065,0.325,19.7476,1.11807,-1.32567,110.382,1,-2,0,0.4
0.065,0.335,19.6335,1.07211,-1.23205,107.458,1,-2,0,0.4
0.065,0.345,19.5149,1.02705,-1.13844,104.608,1,-2,0,0.4
0.065,0.355,19.3929,0.982859,-1.04481,101.838,1,-2,0,0.4
0.065,0.365,19.2687,0.939507,-0.951127,99.1546,1,-2,0,0.4
0.065,0.375,19.1436,0.896939,-0.857377,96.5628,1,-2,0,0.4
0.065,0.385,19.0187,0.855085,-0.763603,94.0663,1,-2,0,0.4
0.065,0.395,18.8949,0.813862,-0.669894,91.668,1,-2,0,0.4
0.065,0.405,18.7732,0.773179,-0.576393,89.3698,1,-2,0,0.4
0.065,0.415,18.6547,0.732936,-0.483292,87.174,1,-2,0,0.4
0.065,0.425,18.5406,0.693023,-0.390825,85.0835,1,-2,0,0.4
0.065,0.435,18.4323,0.653317,-0.299271,83.1032,1,-2,0,0.4
0.065,0.445,18.3318,0.613681,-0.208948,81.2398,1,-2,0,0.4
0.065,0.455,18.2417,0.573939,-0.120212,79.5028,1,-2,0,0.4
0.065,0.465,18.1667,0.533419,-0.0333363,77.91,1,-2,0,0.4
0.065,0.475,18.122,0.489408,0.0516706,76.4743,1,-2,0,0.4
0.065,0.485,18.0982,0.444119,0.134245,75.1872,1,-2,0,0.4
0.065,0.495,18.1003,0.397598,0.213381,74.0926,1,-2,0,0.4
0.065,0.505,18.1348,0.349435,0.28842,73.2162,1,-2,0,0.4
0.065,0.515,18.2076,0.299273,0.358798,72.5822,1,-2,0,0.4
0.065,0.525,18.3209,0.24681,0.424086,72.2115,1,-2,0,0.4
0.065,0.535,18.4747,0.191738,0.48406,72.1187,1,-2,0,0.4
0.065,0.545,18.6674,0.133734,0.538764,72.3102,1,-2,0,0.4
0.065,0.555,18.8956,0.0724758,0.588534,72.7817,1,-2,0,0.4
0.065,0.565,19.1522,0.00768603,0.633957,73.5163,1,-2,0,0.4
0.065,0.575,19.421,-0.0608586,0.675991,74.4886,1,-2,0,0.4
0.065,0.585,19.6861,-0.133393,0.715617,75.6708,1,-2,0,0.4
0.065,0.595,19.9261,-0.210169,0.753618,77.0312,1,-2,0,0.4
0.065,0.605,20.1058,-0.291467,0.790751,78.5353,1,-2,0,0.4
0.065,0.615,20.1744,-0.377879,0.827642,80.1479,1,-2,0,0.4
0.065,0.625,20.0631,-0.470993,0.864798,81.834,1,-2,0,0.4
0.065,0.635,19.6864,-0.574695,0.902684,83.5565,1,-2,0,0.4
0.065,0.645,18.9529,-0.697324,0.941909,85.2769,1,-2,0,0.4
0.065,0.655,17.7893,-0.855099,0.983577,86.959,1,-2,0,0.4
0.065,0.665,16.175,-1.07765,1.02994,88.5786,1,-2,0,0.4
0.065,0.675,14.1841,-1.41683,1.08562,90.1406,1,-2,0,0.4
0.065,0.685,12.0164,-1.95885,1.15967,91.6983,1,-2,0,0.4
0.065,0.695,9.98894,-2.82996,1.26775,93.3477,1,-2,0,0.4
0.065,0.705,8.45862,-4.16019,1.43022,95.151,1,-2,0,0.4
0.065,0.715,7.70354,-5.96183,1.65877,97.031,1,-2,0,0.4
0.065,0.725,7.8913,-8.01233,1.93698,98.8976,1,-2,0,0.4
0.065,0.735,9.18457,-9.95279,2.22026,100.838,1,-2,0,0.4
0.065,0.745,11.8745,-11.5271,2.46142,102.999,1,-2,0,0.4
0.065,0.755,16.4374,-12.6762,2.63288,105.2,1,-2,0,0.4
0.065,0.765,23.4922,-13.4646,2.72942,106.77,1,-2,0,0.4
0.065,0.775,33.6837,-13.9884,2.76268,106.99,1,-2,0,0.4
0.065,0.785,47.4965,-14.3308,2.75857,105.463,1,-2,0,0.4
0.065,0.795,65.3211,-14.5522,2.73887,102.915,1,-2,0,0.4
0.065,0.805,87.4168,-14.6948,2.7176,100.331,1,-2,0,0.4
0.065,0.815,113.715,-14.7874,2.69907,98.1246,1,-2,0,0.4
0.065,0.825,143.55,-14.8488,2.68183,96.0608,1,-2,0,0.4
0.065,0.835,175.645,-14.8911,2.66408,93.7915,1,-2,0,0.4
0.065,0.845,208.532,-14.921,2.64639,91.3689,1,-2,0,0.4
0.065,0.855,241.175,-14.9426,2.6315,89.331,1,-2,0,0.4
0.065,0.865,273.372,-14.9583,2.62267,88.4193,1,-2,0,0.4
0.065,0.875,305.664,-14.9695,2.62207,89.2195,1,-2,0,0.4
0.065,0.885,338.908,-14.9775,2.63005,91.9721,1,-2,0,0.4
0.065,0.895,373.808,-14.9831,2.64537,96.5919,1,-2,0,0.4
0.065,0.905,410.671,-14.9871,2.66599,102.796,1,-2,0,0.4
0.065,0.915,449.38,-14.99,2.68983,110.23,1,-2,0,0.4
0.065,0.925,489.514,-14.9921,2.71519,118.553,1,-2,0,0.4
0.065,0.935,530.489,-14.9937,2.74085,127.465,1,-2,0,0.4
0.065,0.945,571.669,-14.995,2.76601,136.722,1,-2,0,0.4
0.065,0.955,612.437,-14.996,2.7902,146.124,1,-2,0,0.4
0.065,0.965,652.235,-14.9968,2.81313,155.507,1,-2,0,0.4
0.065,0.975,690.577,-14.9974,2.83464,164.738,1,-2,0,0.4
0.065,0.985,727.057,-14.9979,2.85465,173.703,1,-2,0,0.4
0.065,0.995,761.353,-14.9984,2.87313,182.309,1,-2,0,0.4
0.075,0.005,18.9974,2.82956,-4.34165,209.881,1,-2,0,0.4
0.075,0.015,19.0593,2.78341,-4.24581,206.772,1,-2,0,0.4
0.075,0.025,19.123,2.73643,-4.15011,203.64,1,-2,0,0.4
0.075,0.035,19.188,2.68866,-4.05454,200.484,1,-2,0,0.4
0.075,0.045,19.2538,2.64012,-3.95909,197.306,1,-2,0,0.4
0.075,0.055,19.32,2.59086,-3.86375,194.106,1,-2,0,0.4
0.075,0.065,19.3858,2.5409,-3.7685,190.885,1,-2,0,0.4
0.075,0.075,19.4517,2.49028,-3.67315,187.655,1,-2,0,0.4
0.075,0.085,19.5169,2.43903,-3.57769,184.418,1,-2,0,0.4
0.075,0.095,19.5799,2.38721,-3.48224,181.161,1,-2,0,0.4
0.075,0.105,19.6399,2.33486,-3.38681,177.888,1,-2,0,0.4
0.075,0.115,19.6962,2.28205,-3.29137,174.598,1,-2,0,0.4
0.075,0.125,19.7481,2.22882,-3.19592,171.295,1,-2,0,0.4
0.075,0.135,19.795,2.17525,-3.10045,167.982,1,-2,0,0.4
0.075,0.145,19.8361,2.12138,-3.00494,164.659,1,-2,0,0.4
0.075,0.155,19.8708,2.06729,-2.90939,161.331,1,-2,0,0.4
0.075,0.165,19.8984,2.01305,-2.8138,158,1,-2,0,0.4
0.075,0.175,19.9184,1.95873,-2.71816,154.669,1,-2,0,0.4
0.075,0.185,19.9303,1.9044,-2.6225,151.341,1,-2,0,0.4
0.075,0.195,19.9336,1.85013,-2.52681,148.019,1,-2,0,0.4
0.075,0.205,19.928,1.79601,-2.43114,144.707,1,-2,0,0.4
0.075,0.215,19.9133,1.74212,-2.3355,141.408,1,-2,0,0.4
0.075,0.225,19.8892,1.68853,-2.23992,138.126,1,-2,0,0.4
0.075,0.235,19.8558,1.63533,-2.14445,134.863,1,-2,0,0.4
0.075,0.245,19.8129,1.5826,-2.04912,131.625,1,-2,0,0.4
0.075,0.255,19.7607,1.5304,-1.95396,128.413,1,-2,0,0.4
0.075,0.265,19.6994,1.47882,-1.859,125.233,1,-2,0,0.4
0.075,0.275,19.6292,1.42792,-1.76426,122.089,1,-2,0,0.4
0.075,0.285,19.5506,1.37776,-1.66976,118.985,1,-2,0,0.4
0.075,0.295,19.464,1.3284,-1.57549,115.925,1,-2,0,0.4
0.075,0.305,19.37,1.27987,-1.48143,112.915,1,-2,0,0.4
0.075,0.315,19.2693,1.23221,-1.38757,109.961,1,-2,0,0.4
0.075,0.325,19.1627,1.18544,-1.29386,107.068,1,-2,0,0.4
0.075,0.335,19.0511,1.13956,-1.20026,104.242,1,-2,0,0.4
0.075,0.345,18.9356,1.09458,-1.10672,101.489,1,-2,0,0.4
0.075,0.355,18.8171,1.05045,-1.01319,98.8144,1,-2,0,0.4
0.075,0.365,18.6969,1.00716,-0.919646,96.2246,1,-2,0,0.4
0.075,0.375,18.5762,0.964629,-0.826084,93.7241,1,-2,0,0.4
0.075,0.385,18.4559,0.922796,-0.732547,91.3165,1,-2,0,0.4
0.075,0.395,18.337,0.881572,-0.639129,89.0045,1,-2,0,0.4
0.075,0.405,18.2205,0.840864,-0.54598,86.7904,1,-2,0,0.4
0.075,0.415,18.1075,0.800568,-0.453296,84.6765,1,-2,0,0.4
0.075,0.425,17.9991,0.76057,-0.361324,82.6661,1,-2,0,0.4
0.075,0.435,17.897,0.720746,-0.270351,80.7643,1,-2,0,0.4
0.075,0.445,17.8031,0.680953,-0.180706,78.9784,1,-2,0,0.4
0.075,0.455,17.72,0.640996,-0.0927545,77.3184,1,-2,0,0.4
0.075,0.465,17.6559,0.59949,-0.00664877,75.8073,1,-2,0,0.4
0.075,0.475,17.6202,0.554788,0.0774776,74.4392,1,-2,0,0.4
0.075,0.485,17.6048,0.509157,0.158881,73.2298,1,-2,0,0.4
0.075,0.495,17.6168,0.462239,0.236643,72.2162,1,-2,0,0.4
0.075,0.505,17.6622,0.413687,0.310152,71.4224,1,-2,0,0.4
0.075,0.515,17.7458,0.36313,0.378864,70.8714,1,-2,0,0.4
0.075,0.525,17.8695,0.310252,0.442365,70.5837,1,-2,0,0.4
0.075,0.535,18.0336,0.254742,0.500459,70.5736,1,-2,0,0.4
0.075,0.545,18.2369,0.19628,0.553229,70.8469,1,-2,0,0.4
0.075,0.555,18.4763,0.134548,0.601068,71.3987,1,-2,0,0.4
0.075,0.565,18.7454,0.0692671,0.644648,72.2136,1,-2,0,0.4
0.075,0.575,19.0326,0.000230521,0.684811,73.2661,1,-2,0,0.4
0.075,0.585,19.3146,-0.0726925,0.722693,74.5247,1,-2,0,0.4
0.075,0.595,19.5691,-0.14966,0.75921,75.9604,1,-2,0,0.4
0.075,0.605,19.7635,-0.230943,0.795073,77.5411,1,-2,0,0.4
0.075,0.615,19.8469,-0.317165,0.830893,79.233,1,-2,0,0.4
0.075,0.625,19.7494,-0.410008,0.867157,81.0006,1,-2,0,0.4
0.075,0.635,19.3839,-0.513565,0.904315,82.8061,1,-2,0,0.4
0.075,0.645,18.6576,-0.636581,0.942977,84.6089,1,-2,0,0.4
0.075,0.655,17.4961,-0.796018,0.984285,86.3705,1,-2,0,0.4
0.075,0.665,15.8807,-1.02283,1.03062,88.0654,1,-2,0,0.4
0.075,0.675,13.8914,-1.37121,1.08691,89.6998,1,-2,0,0.4
0.075,0.685,11.7376,-1.93095,1.16279,91.3308,1,-2,0,0.4
0.075,0.695,9.74536,-2.83193,1.27474,93.055,1,-2,0,0.4
0.075,0.705,8.27122,-4.20226,1.4433,94.9215,1,-2,0,0.4
0.075,0.715,7.58175,-6.03975,1.67828,96.8348,1,-2,0,0.4
0.075,0.725,7.83358,-8.10398,1.9599,98.7088,1,-2,0,0.4
0.075,0.735,9.18729,-10.0348,2.24163,100.637,1,-2,0,0.4
0.075,0.745,11.9368,-11.5892,2.47719,102.743,1,-2,0,0.4
0.075,0.755,16.557,-12.7193,2.64118,104.797,1,-2,0,0.4
0.075,0.765,23.6554,-13.4937,2.73037,106.113,1,-2,0,0.4
0.075,0.775,33.8572,-14.0078,2.75824,106.033,1,-2,0,0.4
0.075,0.785,47.6432,-14.3435,2.75157,104.317,1,-2,0,0.4
0.075,0.795,65.4296,-14.5603,2.73205,101.803,1,-2,0,0.4
0.075,0.805,87.5159,-14.6996,2.71258,99.4468,1,-2,0,0.4
0.075,0.815,113.849,-14.7901,2.69606,97.5266,1,-2,0,0.4
0.075,0.825,143.735,-14.8504,2.68017,95.68,1,-2,0,0.4
0.075,0.835,175.844,-14.892,2.66296,93.5098,1,-2,0,0.4
0.075,0.845,208.671,-14.9216,2.64527,91.0919,1,-2,0,0.4
0.075,0.855,241.189,-14.9431,2.6302,89.0213,1,-2,0,0.4
0.075,0.865,273.236,-14.9586,2.62127,88.0882,1,-2,0,0.4
0.075,0.875,305.406,-14.9698,2.62073,88.8993,1,-2,0,0.4
0.075,0.885,338.584,-14.9777,2.62891,91.6919,1,-2,0,0.4
0.075,0.895,373.478,-14.9833,2.64449,96.3665,1,-2,0,0.4
0.075,0.905,410.377,-14.9872,2.66537,102.626,1,-2,0,0.4
0.075,0.915,449.143,-14.99,2.68942,110.11,1,-2,0,0.4
0.075,0.925,489.337,-14.9921,2.71493,118.471,1,-2,0,0.4
0.075,0.935,530.365,-14.9937,2.74069,127.412,1,-2,0,0.4
0.075,0.945,571.586,-14.995,2.76592,136.689,1,-2,0,0.4
0.075,0.955,612.384,-14.996,2.79015,146.104,1,-2,0,0.4
0.075,0.965,652.202,-14.9968,2.8131,155.495,1,-2,0,0.4
0.075,0.975,690.557,-14.9974,2.83462,164.731,1,-2,0,0.4
0.075,0.985,727.046,-14.9979,2.85464,173.699,1,-2,0,0.4
0.075,0.995,761.346,-14.9984,2.87313,182.307,1,-2,0,0.4
0.085,0.005,18.6425,2.90126,-4.33203,204.64,1,-2,0,0.4
0.085,0.015,18.6981,2.85507,-4.23564,201.56,1,-2,0,0.4
0.085,0.025,18.755,2.80803,-4.13935,198.457,1,-2,0,0.4
0.085,0.035,18.813,2.76018,-4.04314,195.333,1,-2,0,0.4
0.085,0.045,18.8713,2.71153,-3.947,192.188,1,-2,0,0.4
0.085,0.055,18.9296,2.66213,-3.85091,189.023,1,-2,0,0.4
0.085,0.065,18.9872,2.61199,-3.75486,185.839,1,-2,0,0.4
0.085,0.075,19.0445,2.56114,-3.65864,182.65,1,-2,0,0.4
0.085,0.085,19.1007,2.50964,-3.56225,179.454,1,-2,0,0.4
0.085,0.095,19.1543,2.45756,-3.46584,176.242,1,-2,0,0.4
0.085,0.105,19.2046,2.40494,-3.36938,173.015,1,-2,0,0.4
0.085,0.115,19.2511,2.35184,-3.27289,169.776,1,-2,0,0.4
0.085,0.125,19.293,2.29832,-3.17636,166.526,1,-2,0,0.4
0.085,0.135,19.3297,2.24445,-3.07978,163.269,1,-2,0,0.4
0.085,0.145,19.3607,2.19029,-2.98316,160.006,1,-2,0,0.4
0.085,0.155,19.3853,2.13591,-2.88651,156.741,1,-2,0,0.4
0.085,0.165,19.4032,2.08139,-2.78984,153.476,1,-2,0,0.4
0.085,0.175,19.4137,2.02681,-2.69317,150.215,1,-2,0,0.4
0.085,0.185,19.4167,1.97225,-2.59653,146.96,1,-2,0,0.4
0.085,0.195,19.4116,1.91778,-2.49994,143.714,1,-2,0,0.4
0.085,0.205,19.3984,1.8635,-2.40343,140.481,1,-2,0,0.4
0.085,0.215,19.3767,1.80948,-2.30705,137.264,1,-2,0,0.4
0.085,0.225,19.3466,1.75581,-2.21084,134.066,1,-2,0,0.4
0.085,0.235,19.3079,1.70257,-2.11482,130.891,1,-2,0,0.4
0.085,0.245,19.2608,1.64984,-2.01904,127.741,1,-2,0,0.4
0.085,0.255,19.2052,1.59768,-1.92353,124.62,1,-2,0,0.4
0.085,0.265,19.1414,1.54616,-1.82831,121.533,1,-2,0,0.4
0.085,0.275,19.0697,1.49536,-1.73338,118.482,1,-2,0,0.4
0.085,0.285,18.9903,1.44531,-1.63875,115.472,1,-2,0,0.4
0.085,0.295,18.9038,1.39607,-1.54441,112.508,1,-2,0,0.4
0.085,0.305,18.8106,1.34768,-1.45033,109.594,1,-2,0,0.4
0.085,0.315,18.7114,1.30016,-1.35648,106.735,1,-2,0,0.4
0.085,0.325,18.6069,1.25352,-1.26281,103.937,1,-2,0,0.4
0.085,0.335,18.498,1.20777,-1.16928,101.205,1,-2,0,0.4
0.085,0.345,18.3856,1.1629,-1.07583,98.5455,1,-2,0,0.4
0.085,0.355,18.2708,1.11887,-0.982421,95.9631,1,-2,0,0.4
0.085,0.365,18.1546,1.07566,-0.889025,93.4633,1,-2,0,0.4
0.085,0.375,18.0382,1.0332,-0.795649,91.0505,1,-2,0,0.4
0.085,0.385,17.9225,0.991407,-0.702342,88.7283,1,-2,0,0.4
0.085,0.395,17.8084,0.950205,-0.609208,86.4994,1,-2,0,0.4
0.085,0.405,17.6971,0.909492,-0.516402,84.3659,1,-2,0,0.4
0.085,0.415,17.5894,0.869163,-0.424131,82.3307,1,-2,0,0.4
0.085,0.425,17.4867,0.829103,-0.33265,80.3973,1,-2,0,0.4
0.085,0.435,17.3906,0.789185,-0.242254,78.5711,1,-2,0,0.4
0.085,0.445,17.3031,0.749264,-0.153283,76.86,1,-2,0,0.4
0.085,0.455,17.227,0.709105,-0.0660948,75.2752,1,-2,0,0.4
0.085,0.465,17.1748,0.666384,0.01927,73.8417,1,-2,0,0.4
0.085,0.475,17.1467,0.621375,0.102508,72.5421,1,-2,0,0.4
0.085,0.485,17.1401,0.57545,0.182721,71.4104,1,-2,0,0.4
0.085,0.495,17.1623,0.528213,0.25913,70.4774,1,-2,0,0.4
0.085,0.505,17.2184,0.47935,0.331143,69.7662,1,-2,0,0.4
0.085,0.515,17.3127,0.428494,0.398234,69.2991,1,-2,0,0.4
0.085,0.525,17.4468,0.375315,0.460013,69.0958,1,-2,0,0.4
0.085,0.535,17.6211,0.319499,0.516316,69.17,1,-2,0,0.4
0.085,0.545,17.8348,0.260731,0.567271,69.5267,1,-2,0,0.4
0.085,0.555,18.0849,0.198701,0.61332,70.1606,1,-2,0,0.4
0.085,0.565,18.3656,0.133138,0.655184,71.056,1,-2,0,0.4
0.085,0.575,18.6664,0.0638265,0.693777,72.189,1,-2,0,0.4
0.085,0.585,18.9696,-0.00935256,0.730057,73.5288,1,-2,0,0.4
0.085,0.595,19.2422,-0.0864628,0.765174,75.0422,1,-2,0,0.4
0.085,0.605,19.4521,-0.167709,0.799879,76.7002,1,-2,0,0.4
0.085,0.615,19.5499,-0.253745,0.834742,78.4702,1,-2,0,0.4
0.085,0.625,19.465,-0.346359,0.870222,80.3164,1,-2,0,0.4
0.085,0.635,19.1086,-0.449863,0.906746,82.1993,1,-2,0,0.4
0.085,0.645,18.3863,-0.573422,0.944917,84.0765,1,-2,0,0.4
0.085,0.655,17.2231,-0.734774,0.985919,85.9073,1,-2,0,0.4
0.085,0.665,15.6025,-0.966281,1.03228,87.6657,1,-2,0,0.4
0.085,0.675,13.6109,-1.3246,1.08926,89.3598,1,-2,0,0.4
0.085,0.685,11.4685,-1.90332,1.16713,91.0506,1,-2,0,0.4
0.085,0.695,9.51065,-2.8359,1.28316,92.8346,1,-2,0,0.4
0.085,0.705,8.09239,-4.24762,1.4579,94.7461,1,-2,0,0.4
0.085,0.715,7.46778,-6.12055,1.69904,96.673,1,-2,0,0.4
0.085,0.725,7.78242,-8.19676,1.98338,98.5362,1,-2,0,0.4
0.085,0.735,9.19516,-10.1165,2.26277,100.436,1,-2,0,0.4
0.085,0.745,12.0023,-11.6504,2.49216,102.47,1,-2,0,0.4
0.085,0.755,16.6765,-12.7617,2.64843,104.363,1,-2,0,0.4
0.085,0.765,23.8129,-13.5222,2.7303,105.416,1,-2,0,0.4
0.085,0.775,34.0188,-14.0269,2.75306,105.046,1,-2,0,0.4
0.085,0.785,47.7745,-14.356,2.74425,103.174,1,-2,0,0.4
0.085,0.795,65.5266,-14.568,2.72532,100.734,1,-2,0,0.4
0.085,0.805,87.614,-14.7042,2.70788,98.6319,1,-2,0,0.4
0.085,0.815,113.994,-14.7926,2.69342,97.0014,1,-2,0,0.4
0.085,0.825,143.938,-14.8518,2.67881,95.3588,1,-2,0,0.4
0.085,0.835,176.06,-14.8929,2.66203,93.2673,1,-2,0,0.4
0.085,0.845,208.821,-14.9222,2.64425,90.8354,1,-2,0,0.4
0.085,0.855,241.205,-14.9435,2.62894,88.7197,1,-2,0,0.4
0.085,0.865,273.097,-14.959,2.61987,87.7592,1,-2,0,0.4
0.085,0.875,305.143,-14.97,2.61938,88.58,1,-2,0,0.4
0.085,0.885,338.258,-14.9779,2.62777,91.4131,1,-2,0,0.4
0.085,0.895,373.149,-14.9834,2.64363,96.1435,1,-2,0,0.4
0.085,0.905,410.086,-14.9873,2.66476,102.46,1,-2,0,0.4
0.085,0.915,448.911,-14.9901,2.68902,109.993,1,-2,0,0.4
0.085,0.925,489.165,-14.9922,2.71468,118.393,1,-2,0,0.4
0.085,0.935,530.245,-14.9938,2.74054,127.362,1,-2,0,0.4
0.085,0.945,571.507,-14.995,2.76583,136.657,1,-2,0,0.4
0.085,0.955,612.334,-14.996,2.7901,146.084,1,-2,0,0.4
0.085,0.965,652.172,-14.9968,2.81307,155.484,1,-2,0,0.4
0.085,0.975,690.539,-14.9974,2.83461,164.724,1,-2,0,0.4
0.085,0.985,727.036,-14.9979,2.85464,173.696,1,-2,0,0.4
0.085,0.995,761.341,-14.9984,2.87312,182.305,1,-2,0,0.4
0.095,0.005,18.2918,2.97229,-4.32057,199.554,1,-2,0,0.4
0.095,0.015,18.341,2.92602,-4.22354,196.505,1,-2,0,0.4
0.095,0.025,18.3912,2.87889,-4.12656,193.434,1,-2,0,0.4
0.095,0.035,18.442,2.8309,-4.02961,190.344,1,-2,0,0.4
0.095,0.045,18.4929,2.7821,-3.93268,187.234,1,-2,0,0.4
0.095,0.055,18.5434,2.73251,-3.83577,184.107,1,-2,0,0.4
0.095,0.065,18.5929,2.68216,-3.73883,180.963,1,-2,0,0.4
0.095,0.075,18.6419,2.63105,-3.64165,177.818,1,-2,0,0.4
0.095,0.085,18.6894,2.57929,-3.54429,174.667,1,-2,0,0.4
0.095,0.095,18.734,2.52693,-3.44688,171.503,1,-2,0,0.4
0.095,0.105,18.7752,2.47404,-3.34941,168.326,1,-2,0,0.4
0.095,0.115,18.8124,2.42067,-3.25189,165.14,1,-2,0,0.4
0.095,0.125,18.845,2.36689,-3.15433,161.946,1,-2,0,0.4
0.095,0.135,18.8725,2.31275,-3.05674,158.748,1,-2,0,0.4
0.095,0.145,18.8945,2.25835,-2.95914,155.548,1,-2,0,0.4
0.095,0.155,18.9103,2.20376,-2.86154,152.348,1,-2,0,0.4
0.095,0.165,18.9198,2.14905,-2.76399,149.151,1,-2,0,0.4
0.095,0.175,18.9224,2.0943,-2.6665,145.961,1,-2,0,0.4
0.095,0.185,18.9179,2.03962,-2.56911,142.779,1,-2,0,0.4
0.095,0.195,18.906,1.98507,-2.47185,139.61,1,-2,0,0.4
0.095,0.205,18.8866,1.93074,-2.37478,136.457,1,-2,0,0.4
0.095,0.215,18.8595,1.87672,-2.27792,133.321,1,-2,0,0.4
0.095,0.225,18.8247,1.82309,-2.18131,130.206,1,-2,0,0.4
0.095,0.235,18.7821,1.76992,-2.08499,127.116,1,-2,0,0.4
0.095,0.245,18.7319,1.71729,-1.98898,124.053,1,-2,0,0.4
0.095,0.255,18.674,1.66526,-1.89331,121.021,1,-2,0,0.4
0.095,0.265,18.6086,1.61391,-1.79799,118.023,1,-2,0,0.4
0.095,0.275,18.536,1.56327,-1.70302,115.063,1,-2,0,0.4
0.095,0.285,18.4565,1.51341,-1.60838,112.144,1,-2,0,0.4
0.095,0.295,18.3705,1.46436,-1.51406,109.272,1,-2,0,0.4
0.095,0.305,18.2785,1.41615,-1.42002,106.45,1,-2,0,0.4
0.095,0.315,18.181,1.36881,-1.32623,103.684,1,-2,0,0.4
0.095,0.325,18.0788,1.32234,-1.23263,100.978,1,-2,0,0.4
0.095,0.335,17.9727,1.27675,-1.13918,98.3369,1,-2,0,0.4
0.095,0.345,17.8636,1.23202,-1.04583,95.767,1,-2,0,0.4
0.095,0.355,17.7525,1.18812,-0.952534,93.273,1,-2,0,0.4
0.095,0.365,17.6404,1.14501,-0.859282,90.8598,1,-2,0,0.4
0.095,0.375,17.5282,1.10264,-0.766087,88.5315,1,-2,0,0.4
0.095,0.385,17.417,1.06091,-0.673007,86.2914,1,-2,0,0.4
0.095,0.395,17.3078,1.01975,-0.580153,84.1422,1,-2,0,0.4
0.095,0.405,17.2014,0.979049,-0.487692,82.0863,1,-2,0,0.4
0.095,0.415,17.099,0.938708,-0.395836,80.1267,1,-2,0,0.4
0.095,0.425,17.0019,0.898608,-0.304849,78.2674,1,-2,0,0.4
0.095,0.435,16.9117,0.858623,-0.215036,76.5144,1,-2,0,0.4
0.095,0.445,16.8307,0.818604,-0.126743,74.876,1,-2,0,0.4
0.095,0.455,16.7624,0.7781,-0.0402853,73.3663,1,-2,0,0.4
0.095,0.465,16.7217,0.734289,0.0443339,72.0039,1,-2,0,0.4
0.095,0.475,16.7009,0.68915,0.126642,70.7755,1,-2,0,0.4
0.095,0.485,16.7036,0.642984,0.205664,69.7219,1,-2,0,0.4
0.095,0.495,16.7361,0.595496,0.280731,68.8694,1,-2,0,0.4
0.095,0.505,16.803,0.546392,0.351268,68.2408,1,-2,0,0.4
0.095,0.515,16.908,0.495311,0.416771,67.8581,1,-2,0,0.4
0.095,0.525,17.0526,0.441919,0.47688,67.7402,1,-2,0,0.4
0.095,0.535,17.2374,0.385898,0.531474,67.9,1,-2,0,0.4
0.095,0.545,17.4615,0.326935,0.58073,68.3414,1,-2,0,0.4
0.095,0.555,17.7221,0.264735,0.625141,69.0583,1,-2,0,0.4
0.095,0.565,18.0132,0.199034,0.665469,70.0347,1,-2,0,0.4
0.095,0.575,18.3251,0.129622,0.702659,71.247,1,-2,0,0.4
0.095,0.585,18.6422,0.0563573,0.737716,72.6662,1,-2,0,0.4
0.095,0.595,18.9379,-0.0208243,0.771554,74.2598,1,-2,0,0.4
0.095,0.605,19.1659,-0.102054,0.805202,75.994,1,-2,0,0.4
0.095,0.615,19.2782,-0.187967,0.839194,77.8389,1,-2,0,0.4
0.095,0.625,19.2047,-0.280451,0.873953,79.7583,1,-2,0,0.4
0.095,0.635,18.8552,-0.384045,0.909881,81.7114,1,-2,0,0.4
0.095,0.645,18.1338,-0.50835,0.94758,83.6536,1,-2,0,0.4
0.095,0.655,16.965,-0.671918,0.988285,85.5429,1,-2,0,0.4
0.095,0.665,15.3351,-0.908604,1.03469,87.353,1,-2,0,0.4
0.095,0.675,13.3381,-1.2777,1.09243,89.0949,1,-2,0,0.4
0.095,0.685,11.2057,-1.87678,1.17245,90.8337,1,-2,0,0.4
0.095,0.695,9.2825,-2.84276,1.29278,92.6648,1,-2,0,0.4
0.095,0.705,7.9207,-4.29706,1.4738,94.6058,1,-2,0,0.4
0.095,0.715,7.3607,-6.20467,1.72081,96.5302,1,-2,0,0.4
0.095,0.725,7.73719,-8.29082,2.00717,98.3685,1,-2,0,0.4
0.095,0.735,9.20768,-10.1979,2.28346,100.227,1,-2,0,0.4
0.095,0.745,12.0706,-11.7109,2.5062,102.177,1,-2,0,0.4
0.095,0.755,16.7952,-12.8034,2.65456,103.893,1,-2,0,0.4
0.095,0.765,23.9641,-13.5503,2.7292,104.678,1,-2,0,0.4
0.095,0.775,34.1677,-14.0455,2.74715,104.034,1,-2,0,0.4
0.095,0.785,47.8906,-14.3681,2.73665,102.04,1,-2,0,0.4
0.095,0.795,65.6133,-14.5755,2.71871,99.7146,1,-2,0,0.4
0.095,0.805,87.7128,-14.7085,2.70355,97.8895,1,-2,0,0.4
0.095,0.815,114.152,-14.7951,2.69117,96.5501,1,-2,0,0.4
0.095,0.825,144.159,-14.8532,2.67775,95.0967,1,-2,0,0.4
0.095,0.835,176.293,-14.8937,2.66128,93.0629,1,-2,0,0.4
0.095,0.845,208.981,-14.9228,2.64332,90.5985,1,-2,0,0.4
0.095,0.855,241.223,-14.9439,2.62771,88.4255,1,-2,0,0.4
0.095,0.865,272.955,-14.9593,2.61847,87.4322,1,-2,0,0.4
0.095,0.875,304.877,-14.9703,2.61804,88.2615,1,-2,0,0.4
0.095,0.885,337.929,-14.9781,2.62664,91.136,1,-2,0,0.4
0.095,0.895,372.82,-14.9835,2.64277,95.9232,1,-2,0,0.4
0.095,0.905,409.799,-14.9874,2.66416,102.297,1,-2,0,0.4
0.095,0.915,448.683,-14.9902,2.68863,109.879,1,-2,0,0.4
0.095,0.925,488.998,-14.9922,2.71444,118.316,1,-2,0,0.4
0.095,0.935,530.13,-14.9938,2.7404,127.313,1,-2,0,0.4
0.095,0.945,571.431,-14.995,2.76575,136.627,1,-2,0,0.4
0.095,0.955,612.287,-14.996,2.79005,146.066,1,-2,0,0.4
0.095,0.965,652.143,-14.9968,2.81305,155.473,1,-2,0,0.4
0.095,0.975,690.522,-14.9974,2.8346,164.718,1,-2,0,0.4
0.095,0.985,727.026,-14.9979,2.85463,173.693,1,-2,0,0.4
0.095,0.995,761.335,-14.9984,2.87312,182.303,1,-2,0,0.4
0.105,0.005,17.9457,3.04257,-4.30723,194.624,1,-2,0,0.4
0.105,0.015,17.9885,2.99619,-4.20948,191.606,1,-2,0,0.4
0.105,0.025,18.0321,2.94892,-4.11173,188.571,1,-2,0,0.4
0.105,0.035,18.0759,2.90078,-4.01398,185.516,1,-2,0,0.4
0.105,0.045,18.1195,2.85179,-3.91622,182.445,1,-2,0,0.4
0.105,0.055,18.1624,2.802,-3.81842,179.358,1,-2,0,0.4
0.105,0.065,18.2041,2.7514,-3.72057,176.257,1,-2,0,0.4
0.105,0.075,18.2453,2.70003,-3.6224,173.161,1,-2,0,0.4
0.105,0.085,18.2845,2.64801,-3.52409,170.057,1,-2,0,0.4
0.105,0.095,18.3208,2.5954,-3.42572,166.942,1,-2,0,0.4
0.105,0.105,18.3536,2.54227,-3.3273,163.818,1,-2,0,0.4
0.105,0.115,18.3824,2.48867,-3.22884,160.688,1,-2,0,0.4
0.105,0.125,18.4067,2.43467,-3.13038,157.552,1,-2,0,0.4
0.105,0.135,18.4261,2.38035,-3.03193,154.415,1,-2,0,0.4
0.105,0.145,18.4401,2.32579,-2.93351,151.278,1,-2,0,0.4
0.105,0.155,18.4484,2.27106,-2.83517,148.145,1,-2,0,0.4
0.105,0.165,18.4507,2.21626,-2.73694,145.017,1,-2,0,0.4
0.105,0.175,18.4466,2.16146,-2.63884,141.898,1,-2,0,0.4
0.105,0.185,18.436,2.10676,-2.54093,138.791,1,-2,0,0.4
0.105,0.195,18.4186,2.05223,-2.44325,135.698,1,-2,0,0.4
0.105,0.205,18.3942,1.99797,-2.34582,132.623,1,-2,0,0.4
0.105,0.215,18.3629,1.94405,-2.24869,129.567,1,-2,0,0.4
0.105,0.225,18.3244,1.89056,-2.15188,126.535,1,-2,0,0.4
0.105,0.235,18.2789,1.83755,-2.05543,123.528,1,-2,0,0.4
0.105,0.245,18.2263,1.78511,-1.95935,120.55,1,-2,0,0.4
0.105,0.255,18.1668,1.7333,-1.86365,117.604,1,-2,0,0.4
0.105,0.265,18.1005,1.68216,-1.76833,114.693,1,-2,0,0.4
0.105,0.275,18.0275,1.63175,-1.67339,111.82,1,-2,0,0.4
0.105,0.285,17.9483,1.58212,-1.5788,108.99,1,-2,0,0.4
0.105,0.295,17.8631,1.5333,-1.48454,106.207,1,-2,0,0.4
0.105,0.305,17.7725,1.48531,-1.39057,103.474,1,-2,0,0.4
0.105,0.315,17.6769,1.43818,-1.29685,100.797,1,-2,0,0.4
0.105,0.325,17.5772,1.39191,-1.20334,98.179,1,-2,0,0.4
0.105,0.335,17.474,1.3465,-1.10997,95.626,1,-2,0,0.4
0.105,0.345,17.3682,1.30194,-1.01672,93.1426,1,-2,0,0.4
0.105,0.355,17.2608,1.25819,-0.923539,90.7338,1,-2,0,0.4
0.105,0.365,17.1527,1.21521,-0.830431,88.4039,1,-2,0,0.4
0.105,0.375,17.0448,1.17294,-0.737416,86.1567,1,-2,0,0.4
0.105,0.385,16.9382,1.13129,-0.644565,83.9956,1,-2,0,0.4
0.105,0.395,16.8337,1.09019,-0.551997,81.923,1,-2,0,0.4
0.105,0.405,16.7323,1.04953,-0.459886,79.9418,1,-2,0,0.4
0.105,0.415,16.6351,1.00919,-0.368454,78.0551,1,-2,0,0.4
0.105,0.425,16.5436,0.969081,-0.277972,76.2676,1,-2,0,0.4
0.105,0.435,16.4594,0.929058,-0.188752,74.5856,1,-2,0,0.4
0.105,0.445,16.3848,0.888969,-0.101148,73.0182,1,-2,0,0.4
0.105,0.455,16.326,0.847816,-0.0153801,71.584,1,-2,0,0.4
0.105,0.465,16.2944,0.803389,0.0684747,70.2867,1,-2,0,0.4
0.105,0.475,16.2818,0.758106,0.149785,69.132,1,-2,0,0.4
0.105,0.485,16.2943,0.711749,0.227615,68.1565,1,-2,0,0.4
0.105,0.495,16.3373,0.664067,0.301345,67.3844,1,-2,0,0.4
0.105,0.505,16.4151,0.614778,0.370416,66.8386,1,-2,0,0.4
0.105,0.515,16.5308,0.56353,0.43435,66.5406,1,-2,0,0.4
0.105,0.525,16.6861,0.509984,0.492826,66.5087,1,-2,0,0.4
0.105,0.535,16.8817,0.453822,0.54577,66.7546,1,-2,0,0.4
0.105,0.545,17.1167,0.394735,0.593416,67.2812,1,-2,0,0.4
0.105,0.555,17.3879,0.332437,0.636309,68.0812,1,-2,0,0.4
0.105,0.565,17.6893,0.266677,0.675255,69.1382,1,-2,0,0.4
0.105,0.575,18.011,0.197252,0.71122,70.4283,1,-2,0,0.4
0.105,0.585,18.3378,0.124014,0.745212,71.9232,1,-2,0,0.4
0.105,0.595,18.6467,0.0468625,0.778167,73.5923,1,-2,0,0.4
0.105,0.605,18.8973,-0.0343525,0.810849,75.4019,1,-2,0,0.4
0.105,0.615,19.0257,-0.120227,0.844063,77.3171,1,-2,0,0.4
0.105,0.625,18.9628,-0.212708,0.878158,79.3033,1,-2,0,0.4
0.105,0.635,18.6182,-0.316559,0.913517,81.3184,1,-2,0,0.4
0.105,0.645,17.8946,-0.441833,0.950747,83.3162,1,-2,0,0.4
0.105,0.655,16.7166,-0.607945,0.991154,85.2534,1,-2,0,0.4
0.105,0.665,15.074,-0.850348,1.03762,87.1047,1,-2,0,0.4
0.105,0.675,13.0693,-1.23115,1.0962,88.8842,1,-2,0,0.4
0.105,0.685,10.9466,-1.85208,1.17855,90.6613,1,-2,0,0.4
0.105,0.695,9.05933,-2.85331,1.30343,92.5288,1,-2,0,0.4
0.105,0.705,7.75525,-4.35119,1.49084,94.4863,1,-2,0,0.4
0.105,0.715,7.25993,-6.29236,1.74338,96.3947,1,-2,0,0.4
0.105,0.725,7.69745,-8.38618,2.03105,98.197,1,-2,0,0.4
0.105,0.735,9.2244,-10.279,2.30355,100.005,1,-2,0,0.4
0.105,0.745,12.141,-11.7706,2.5192,101.858,1,-2,0,0.4
0.105,0.755,16.9124,-12.8444,2.6595,103.387,1,-2,0,0.4
0.105,0.765,24.108,-13.5778,2.72704,103.901,1,-2,0,0.4
0.105,0.775,34.3033,-14.0638,2.74055,103,1,-2,0,0.4
0.105,0.785,47.9917,-14.3798,2.72883,100.922,1,-2,0,0.4
0.105,0.795,65.6905,-14.5827,2.71229,98.7492,1,-2,0,0.4
0.105,0.805,87.8135,-14.7127,2.6996,97.2229,1,-2,0,0.4
0.105,0.815,114.322,-14.7974,2.68931,96.1736,1,-2,0,0.4
0.105,0.825,144.399,-14.8545,2.67698,94.8931,1,-2,0,0.4
0.105,0.835,176.543,-14.8945,2.66072,92.896,1,-2,0,0.4
0.105,0.845,209.151,-14.9233,2.64247,90.3807,1,-2,0,0.4
0.105,0.855,241.243,-14.9444,2.6265,88.1386,1,-2,0,0.4
0.105,0.865,272.811,-14.9596,2.61708,87.1074,1,-2,0,0.4
0.105,0.875,304.606,-14.9706,2.61669,87.9442,1,-2,0,0.4
0.105,0.885,337.599,-14.9783,2.62551,90.8609,1,-2,0,0.4
0.105,0.895,372.492,-14.9837,2.64192,95.7057,1,-2,0,0.4
0.105,0.905,409.515,-14.9875,2.66358,102.137,1,-2,0,0.4
0.105,0.915,448.46,-14.9902,2.68825,109.768,1,-2,0,0.4
0.105,0.925,488.836,-14.9922,2.7142,118.243,1,-2,0,0.4
0.105,0.935,530.019,-14.9938,2.74026,127.266,1,-2,0,0.4
0.105,0.945,571.359,-14.995,2.76567,136.598,1,-2,0,0.4
0.105,0.955,612.242,-14.996,2.79001,146.049,1,-2,0,0.4
0.105,0.965,652.116,-14.9968,2.81302,155.463,1,-2,0,0.4
0.105,0.975,690.507,-14.9974,2.83458,164.713,1,-2,0,0.4
0.105,0.985,727.017,-14.9979,2.85462,173.689,1,-2,0,0.4
0.105,0.995,761.331,-14.9984,2.87311,182.302,1,-2,0,0.4
0.115,0.005,17.6047,3.11205,-4.29204,189.847,0.942915,-1.95627,0,0.368402
0.115,0.015,17.6414,3.06554,-4.19351,186.865,0.942915,-1.95627,0,0.368402
0.115,0.025,17.6785,3.01811,-4.09497,183.865,0.942915,-1.95627,0,0.368402
0.115,0.035,17.7156,2.96979,-3.99639,180.85,0.942915,-1.95627,0,0.368402
0.115,0.045,17.7522,2.92061,-3.89777,177.819,0.942915,-1.95627,0,0.368402
0.115,0.055,17.7879,2.8706,-3.79911,174.775,0.942915,-1.95627,0,0.368402
0.115,0.065,17.8223,2.81977,-3.70034,171.721,0.942915,-1.95627,0,0.368402
0.115,0.075,17.8562,2.76816,-3.60123,168.674,0.942915,-1.95627,0,0.368402
0.115,0.085,17.8878,2.71591,-3.50203,165.62,0.942915,-1.95627,0,0.368402
0.115,0.095,17.9165,2.66309,-3.40278,162.557,0.942915,-1.95627,0,0.368402
0.115,0.105,17.9416,2.60977,-3.30353,159.488,0.942915,-1.95627,0,0.368402
0.115,0.115,17.9629,2.556,-3.20428,156.414,0.942915,-1.95627,0,0.368402
0.115,0.125,17.9799,2.50186,-3.10506,153.339,0.942915,-1.95627,0,0.368402
0.115,0.135,17.9922,2.44743,-3.00592,150.264,0.942915,-1.95627,0,0.368402
0.115,0.145,17.9994,2.3928,-2.90688,147.191,0.942915,-1.95627,0,0.368402
0.115,0.155,18.0013,2.33804,-2.80799,144.125,0.942915,-1.95627,0,0.368402
0.115,0.165,17.9975,2.28324,-2.70928,141.067,0.942915,-1.95627,0,0.368402
0.115,0.175,17.9879,2.22849,-2.61078,138.02,0.942915,-1.95627,0,0.368402
0.115,0.185,17.9721,2.17387,-2.51255,134.986,0.942915,-1.95627,0,0.368402
0.115,0.195,17.9502,2.11947,-2.41462,131.969,0.942915,-1.95627,0,0.368402
0.115,0.205,17.9218,2.06537,-2.31701,128.97,0.942915,-1.95627,0,0.368402
0.115,0.215,17.887,2.01164,-2.21976,125.993,0.942915,-1.95627,0,0.368402
0.115,0.225,17.8458,1.95836,-2.12289,123.041,0.942915,-1.95627,0,0.368402
0.115,0.235,17.798,1.90559,-2.02643,120.115,0.942915,-1.95627,0,0.368402
0.115,0.245,17.7437,1.8534,-1.93036,117.22,0.942915,-1.95627,0,0.368402
0.115,0.255,17.683,1.80185,-1.83471,114.357,0.942915,-1.95627,0,0.368402
0.115,0.265,17.6161,1.75098,-1.73946,111.531,0.942915,-1.95627,0,0.368402
0.115,0.275,17.5431,1.70084,-1.64459,108.744,0.942915,-1.95627,0,0.368402
0.115,0.285,17.4644,1.65148,-1.55008,106,0.942915,-1.95627,0,0.368402
0.115,0.295,17.3803,1.60291,-1.4559,103.302,0.942915,-1.95627,0,0.368402
0.115,0.305,17.2912,1.55518,-1.36202,100.655,0.942915,-1.95627,0,0.368402
0.115,0.315,17.1978,1.50828,-1.26838,98.0634,0.942915,-1.95627,0,0.368402
0.115,0.325,17.1006,1.46223,-1.17494,95.531,0.942915,-1.95627,0,0.368402
0.115,0.335,17.0004,1.41703,-1.08166,93.0624,0.942915,-1.95627,0,0.368402
0.115,0.345,16.898,1.37266,-0.988502,90.6625,0.942915,-1.95627,0,0.368402
0.115,0.355,16.7943,1.32908,-0.895442,88.3355,0.942915,-1.95627,0,0.368402
0.115,0.365,16.6902,1.28624,-0.802479,86.0857,0.942915,-1.95627,0,0.368402
0.115,0.375,16.5866,1.2441,-0.709649,83.9166,0.942915,-1.95627,0,0.368402
0.115,0.385,16.4845,1.20255,-0.617032,81.8314,0.942915,-1.95627,0,0.368402
0.115,0.395,16.3847,1.16153,-0.524758,79.8327,0.942915,-1.95627,0,0.368402
0.115,0.405,16.2882,1.12092,-0.433008,77.9234,0.942915,-1.95627,0,0.368402
0.115,0.415,16.1963,1.08062,-0.342012,76.1071,0.942915,-1.95627,0,0.368402
0.115,0.425,16.1104,1.04052,-0.252046,74.389,0.942915,-1.95627,0,0.368402
0.115,0.435,16.0322,1.00049,-0.163429,72.7761,0.942915,-1.95627,0,0.368402
0.115,0.445,15.9641,0.960362,-0.0765169,71.2781,0.942915,-1.95627,0,0.368402
0.115,0.455,15.916,0.918324,0.00857912,69.9176,0.942915,-1.95627,0,0.368402
0.115,0.465,15.8924,0.873633,0.0916487,68.6852,0.942915,-1.95627,0,0.368402
0.115,0.475,15.8885,0.828231,0.171912,67.6044,0.942915,-1.95627,0,0.368402
0.115,0.485,15.9108,0.781732,0.248542,66.7064,0.942915,-1.95627,0,0.368402
0.115,0.495,15.9644,0.733902,0.320936,66.0145,0.942915,-1.95627,0,0.368402
0.115,0.505,16.053,0.684471,0.38855,65.5514,0.942915,-1.95627,0,0.368402
0.115,0.515,16.1796,0.633092,0.450931,65.3381,0.942915,-1.95627,0,0.368402
0.115,0.525,16.3459,0.579428,0.507803,65.392,0.942915,-1.95627,0,0.368402
0.115,0.535,16.5526,0.523158,0.559145,65.7238,0.942915,-1.95627,0,0.368402
0.115,0.545,16.7986,0.46398,0.60525,66.335,0.942915,-1.95627,0,0.368402
0.115,0.555,17.0807,0.401614,0.646718,67.2173,0.942915,-1.95627,0,0.368402
0.115,0.565,17.3925,0.33582,0.684397,68.3533,0.942915,-1.95627,0,0.368402
0.115,0.575,17.7239,0.2664,0.719271,69.7189,0.942915,-1.95627,0,0.368402
0.115,0.585,18.0593,0.193209,0.752345,71.286,0.942915,-1.95627,0,0.368402
0.115,0.595,18.3758,0.116128,0.784536,73.0246,0.942915,-1.95627,0,0.368402
0.115,0.605,18.6383,0.0349559,0.816589,74.9026,0.942915,-1.95627,0,0.368402
0.115,0.615,18.7856,-0.0509436,0.849083,76.884,0.942915,-1.95627,0,0.368402
0.115,0.625,18.7336,-0.143547,0.88258,78.9299,0.942915,-1.95627,0,0.368402
0.115,0.635,18.3923,-0.247819,0.917401,80.9987,0.942915,-1.95627,0,0.368402
0.115,0.645,17.6639,-0.37429,0.954175,83.0429,0.942915,-1.95627,0,0.368402
0.115,0.655,16.4736,-0.54329,0.994296,85.0187,0.942915,-1.95627,0,0.368402
0.115,0.665,14.8154,-0.791987,1.04087,86.9019,0.942915,-1.95627,0,0.368402
0.115,0.675,12.8015,-1.18549,1.10041,88.7106,0.942915,-1.95627,0,0.368402
0.115,0.685,10.6894,-1.82988,1.18529,90.5183,0.942915,-1.95627,0,0.368402
0.115,0.695,8.84017,-2.86822,1.31499,92.4137,0.942915,-1.95627,0,0.368402
0.115,0.705,7.5955,-4.41046,1.50888,94.3762,0.942915,-1.95627,0,0.368402
0.115,0.715,7.16507,-6.38375,1.76659,96.2577,0.942915,-1.95627,0,0.368402
0.115,0.725,7.66284,-8.48277,2.05485,98.0155,0.942915,-1.95627,0,0.368402
0.115,0.735,9.24495,-10.3598,2.32289,99.7649,0.942915,-1.95627,0,0.368402
0.115,0.745,12.2131,-11.8294,2.53107,101.511,0.942915,-1.95627,0,0.368402
0.115,0.755,17.0273,-12.8846,2.66323,102.842,0.942915,-1.95627,0,0.368402
0.115,0.765,24.2436,-13.6048,2.72384,103.086,0.942915,-1.95627,0,0.368402
0.115,0.775,34.4249,-14.0816,2.73329,101.948,0.942915,-1.95627,0,0.368402
0.115,0.785,48.0779,-14.3913,2.72084,99.8265,0.942915,-1.95627,0,0.368402
0.115,0.795,65.7591,-14.5896,2.70611,97.8437,0.942915,-1.95627,0,0.368402
0.115,0.805,87.9172,-14.7167,2.69607,96.6349,0.942915,-1.95627,0,0.368402
0.115,0.815,114.506,-14.7996,2.68786,95.8727,0.942915,-1.95627,0,0.368402
0.115,0.825,144.658,-14.8558,2.67652,94.748,0.942915,-1.95627,0,0.368402
0.115,0.835,176.81,-14.8953,2.66033,92.7662,0.942915,-1.95627,0,0.368402
0.115,0.845,209.331,-14.9239,2.64171,90.1818,0.942915,-1.95627,0,0.368402
0.115,0.855,241.266,-14.9448,2.62532,87.8592,0.942915,-1.95627,0,0.368402
0.115,0.865,272.664,-14.96,2.61569,86.7851,0.942915,-1.95627,0,0.368402
0.115,0.875,304.332,-14.9708,2.61535,87.6287,0.942915,-1.95627,0,0.368402
0.115,0.885,337.267,-14.9785,2.62438,90.5883,0.942915,-1.95627,0,0.368402
0.115,0.895,372.166,-14.9838,2.64108,95.4915,0.942915,-1.95627,0,0.368402
0.115,0.905,409.235,-14.9876,2.663,101.981,0.942915,-1.95627,0,0.368402
0.115,0.915,448.242,-14.9903,2.68788,109.66,0.942915,-1.95627,0,0.368402
0.115,0.925,488.679,-14.9923,2.71398,118.172,0.942915,-1.95627,0,0.368402
0.115,0.935,529.912,-14.9938,2.74012,127.221,0.942915,-1.95627,0,0.368402
0.115,0.945,571.29,-14.995,2.7656,136.571,0.942915,-1.95627,0,0.368402
0.115,0.955,612.199,-14.996,2.78997,146.033,0.942915,-1.95627,0,0.368402
0.115,0.965,652.091,-14.9968,2.813,155.454,0.942915,-1.95627,0,0.368402
0.115,0.975,690.492,-14.9974,2.83457,164.708,0.942915,-1.95627,0,0.368402
0.115,0.985,727.009,-14.9979,2.85462,173.687,0.942915,-1.95627,0,0.368402
0.115,0.995,761.326,-14.9984,2.87311,182.3,0.942915,-1.95627,0,0.368402
0.125,0.005,17.2695,3.18073,-4.27508,185.222,0.870832,-1.89792,0,0.329586
0.125,0.015,17.3002,3.13406,-4.17577,182.277,0.870832,-1.89792,0,0.329586
0.125,0.025,17.3312,3.08647,-4.07642,179.317,0.870832,-1.89792,0,0.329586
0.125,0.035,17.3619,3.03798,-3.97703,176.342,0.870832,-1.89792,0,0.329586
0.125,0.045,17.3919,2.98861,-3.87759,173.354,0.870832,-1.89792,0,0.329586
0.125,0.055,17.4209,2.9384,-3.7781,170.354,0.870832,-1.89792,0,0.329586
0.125,0.065,17.4488,2.88735,-3.67846,167.351,0.870832,-1.89792,0,0.329586
0.125,0.075,17.476,2.83555,-3.5785,164.355,0.870832,-1.89792,0,0.329586
0.125,0.085,17.5006,2.78313,-3.47851,161.352,0.870832,-1.89792,0,0.329586
0.125,0.095,17.5224,2.73016,-3.37853,158.343,0.870832,-1.89792,0,0.329586
0.125,0.105,17.5408,2.67671,-3.27857,155.329,0.870832,-1.89792,0,0.329586
0.125,0.115,17.5554,2.62285,-3.17868,152.314,0.870832,-1.89792,0,0.329586
0.125,0.125,17.566,2.56865,-3.07888,149.299,0.870832,-1.89792,0,0.329586
0.125,0.135,17.5721,2.51421,-2.97923,146.287,0.870832,-1.89792,0,0.329586
0.125,0.145,17.5735,2.45959,-2.87974,143.28,0.870832,-1.89792,0,0.329586
0.125,0.155,17.5698,2.40489,-2.78048,140.281,0.870832,-1.89792,0,0.329586
0.125,0.165,17.5609,2.35019,-2.68146,137.292,0.870832,-1.89792,0,0.329586
0.125,0.175,17.5466,2.29558,-2.58274,134.315,0.870832,-1.89792,0,0.329586
0.125,0.185,17.5266,2.24113,-2.48434,131.354,0.870832,-1.89792,0,0.329586
0.125,0.195,17.5009,2.18693,-2.3863,128.411,0.870832,-1.89792,0,0.329586
0.125,0.205,17.4693,2.13306,-2.28864,125.488,0.870832,-1.89792,0,0.329586
0.125,0.215,17.4317,2.07959,-2.19139,122.589,0.870832,-1.89792,0,0.329586
0.125,0.225,17.3881,2.02658,-2.09455,119.714,0.870832,-1.89792,0,0.329586
0.125,0.235,17.3385,1.97411,-1.99814,116.868,0.870832,-1.89792,0,0.329586
0.125,0.245,17.283,1.92222,-1.90215,114.053,0.870832,-1.89792,0,0.329586
0.125,0.255,17.2215,1.87097,-1.80659,111.272,0.870832,-1.89792,0,0.329586
0.125,0.265,17.1544,1.8204,-1.71143,108.527,0.870832,-1.89792,0,0.329586
0.125,0.275,17.0817,1.77056,-1.61666,105.823,0.870832,-1.89792,0,0.329586
0.125,0.285,17.0037,1.72149,-1.52224,103.161,0.870832,-1.89792,0,0.329586
0.125,0.295,16.9208,1.67321,-1.42815,100.547,0.870832,-1.89792,0,0.329586
0.125,0.305,16.8335,1.62575,-1.33435,97.9832,0.870832,-1.89792,0,0.329586
0.125,0.315,16.7422,1.57911,-1.24079,95.4741,0.870832,-1.89792,0,0.329586
0.125,0.325,16.6477,1.53331,-1.14743,93.0239,0.870832,-1.89792,0,0.329586
0.125,0.335,16.5505,1.48833,-1.05424,90.6367,0.870832,-1.89792,0,0.329586
0.125,0.345,16.4515,1.44416,-0.961177,88.317,0.870832,-1.89792,0,0.329586
0.125,0.355,16.3516,1.40077,-0.868235,86.0688,0.870832,-1.89792,0,0.329586
0.125,0.365,16.2515,1.3581,-0.775422,83.896,0.870832,-1.89792,0,0.329586
0.125,0.375,16.1522,1.3161,-0.682783,81.802,0.870832,-1.89792,0,0.329586
0.125,0.385,16.0545,1.27468,-0.590409,79.7898,0.870832,-1.89792,0,0.329586
0.125,0.395,15.9595,1.23375,-0.498437,77.8622,0.870832,-1.89792,0,0.329586
0.125,0.405,15.868,1.19322,-0.407058,76.0223,0.870832,-1.89792,0,0.329586
0.125,0.415,15.7813,1.15298,-0.316507,74.2743,0.870832,-1.89792,0,0.329586
0.125,0.425,15.7009,1.11292,-0.227066,72.6237,0.870832,-1.89792,0,0.329586
0.125,0.435,15.6288,1.07292,-0.13906,71.0781,0.870832,-1.89792,0,0.329586
0.125,0.445,15.5675,1.03274,-0.0528305,69.6487,0.870832,-1.89792,0,0.329586
0.125,0.455,15.5307,0.989694,0.0315918,68.3583,0.870832,-1.89792,0,0.329586
0.125,0.465,15.5143,0.944996,0.11385,67.1921,0.870832,-1.89792,0,0.329586
0.125,0.475,15.5194,0.899504,0.193049,66.1851,0.870832,-1.89792,0,0.329586
0.125,0.485,15.5517,0.852903,0.268472,65.3639,0.870832,-1.89792,0,0.329586
0.125,0.495,15.6158,0.804962,0.339533,64.7516,0.870832,-1.89792,0,0.329586
0.125,0.505,15.7151,0.755416,0.405698,64.3706,0.870832,-1.89792,0,0.329586
0.125,0.515,15.8526,0.703928,0.466547,64.2414,0.870832,-1.89792,0,0.329586
0.125,0.525,16.0299,0.65016,0.521845,64.3805,0.870832,-1.89792,0,0.329586
0.125,0.535,16.2477,0.593793,0.571632,64.7971,0.870832,-1.89792,0,0.329586
0.125,0.545,16.5048,0.534526,0.616259,65.4915,0.870832,-1.89792,0,0.329586
0.125,0.555,16.7977,0.472088,0.656382,66.4539,0.870832,-1.89792,0,0.329586
0.125,0.565,17.1198,0.406245,0.692884,67.6663,0.870832,-1.89792,0,0.329586
0.125,0.575,17.4606,0.336804,0.726765,69.104,0.870832,-1.89792,0,0.329586
0.125,0.585,17.8045,0.263619,0.759024,70.7392,0.870832,-1.89792,0,0.329586
0.125,0.595,18.1278,0.18657,0.790551,72.5418,0.870832,-1.89792,0,0.329586
0.125,0.605,18.3946,0.105427,0.822059,74.4804,0.870832,-1.89792,0,0.329586
0.125,0.615,18.552,0.0194757,0.854053,76.5201,0.870832,-1.89792,0,0.329586
0.125,0.625,18.5119,-0.0733525,0.886988,78.6194,0.870832,-1.89792,0,0.329586
0.125,0.635,18.1728,-0.178202,0.921312,80.7339,0.870832,-1.89792,0,0.329586
0.125,0.645,17.4374,-0.30609,0.957655,82.8162,0.870832,-1.89792,0,0.329586
0.125,0.655,16.2321,-0.478333,0.997521,84.8224,0.870832,-1.89792,0,0.329586
0.125,0.665,14.5562,-0.733944,1.04427,86.7299,0.870832,-1.89792,0,0.329586
0.125,0.675,12.5328,-1.14124,1.10491,88.5611,0.870832,-1.89792,0,0.329586
0.125,0.685,10.4328,-1.81077,1.19258,90.3934,0.870832,-1.89792,0,0.329586
0.125,0.695,8.6245,-2.88809,1.32739,92.3095,0.870832,-1.89792,0,0.329586
0.125,0.705,7.44117,-4.47522,1.52781,94.267,0.870832,-1.89792,0,0.329586
0.125,0.715,7.07588,-6.47881,1.79027,96.1123,0.870832,-1.89792,0,0.329586
0.125,0.725,7.63307,-8.58041,2.07838,97.8192,0.870832,-1.89792,0,0.329586
0.125,0.735,9.26895,-10.44,2.34135,99.5038,0.870832,-1.89792,0,0.329586
0.125,0.745,12.2862,-11.8874,2.54172,101.134,0.870832,-1.89792,0,0.329586
0.125,0.755,17.139,-12.9241,2.6657,102.259,0.870832,-1.89792,0,0.329586
0.125,0.765,24.3701,-13.6312,2.7196,102.235,0.870832,-1.89792,0,0.329586
0.125,0.775,34.532,-14.0991,2.72541,100.885,0.870832,-1.89792,0,0.329586
0.125,0.785,48.1491,-14.4024,2.71273,98.7593,0.870832,-1.89792,0,0.329586
0.125,0.795,65.8198,-14.5963,2.70019,97.0029,0.870832,-1.89792,0,0.329586
0.125,0.805,88.0244,-14.7205,2.69298,96.1279,0.870832,-1.89792,0,0.329586
0.125,0.815,114.704,-14.8018,2.68683,95.6479,0.870832,-1.89792,0,0.329586
0.125,0.825,144.935,-14.8571,2.67636,94.6612,0.870832,-1.89792,0,0.329586
0.125,0.835,177.092,-14.8961,2.66013,92.6733,0.870832,-1.89792,0,0.329586
0.125,0.845,209.521,-14.9245,2.64103,90.002,0.870832,-1.89792,0,0.329586
0.125,0.855,241.291,-14.9453,2.62418,87.5878,0.870832,-1.89792,0,0.329586
0.125,0.865,272.514,-14.9604,2.61431,86.466,0.870832,-1.89792,0,0.329586
0.125,0.875,304.056,-14.9711,2.61401,87.3155,0.870832,-1.89792,0,0.329586
0.125,0.885,336.936,-14.9787,2.62327,90.3187,0.870832,-1.89792,0,0.329586
0.125,0.895,371.843,-14.9839,2.64025,95.2808,0.870832,-1.89792,0,0.329586
0.125,0.905,408.96,-14.9876,2.66244,101.828,0.870832,-1.89792,0,0.329586
0.125,0.915,448.029,-14.9903,2.68752,109.555,0.870832,-1.89792,0,0.329586
0.125,0.925,488.527,-14.9923,2.71376,118.104,0.870832,-1.89792,0,0.329586
0.125,0.935,529.81,-14.9938,2.74,127.178,0.870832,-1.89792,0,0.329586
0.125,0.945,571.225,-14.995,2.76552,136.545,0.870832,-1.89792,0,0.329586
0.125,0.955,612.159,-14.996,2.78993,146.018,0.870832,-1.89792,0,0.329586
0.125,0.965,652.067,-14.9968,2.81298,155.445,0.870832,-1.89792,0,0.329586
0.125,0.975,690.479,-14.9974,2.83456,164.703,0.870832,-1.89792,0,0.329586
0.125,0.985,727.002,-14.9979,2.85461,173.684,0.870832,-1.89792,0,0.329586
0.125,0.995,761.322,-14.9984,2.87311,182.299,0.870832,-1.89792,0,0.329586
0.135,0.005,16.9408,3.24862,-4.25652,180.748,0.803226,-1.83957,0,0.294329
0.135,0.015,16.9659,3.20181,-4.15644,177.842,0.803226,-1.83957,0,0.294329
0.135,0.025,16.991,3.15406,-4.05632,174.922,0.803226,-1.83957,0,0.294329
0.135,0.035,17.0158,3.1054,-3.95616,171.99,0.803226,-1.83957,0,0.294329
0.135,0.045,17.0397,3.05587,-3.85596,169.046,0.803226,-1.83957,0,0.294329
0.135,0.055,17.0625,3.00549,-3.75573,166.093,0.803226,-1.83957,0,0.294329
0.135,0.065,17.0846,2.95427,-3.65527,163.143,0.803226,-1.83957,0,0.294329
0.135,0.075,17.1055,2.90233,-3.5546,160.199,0.803226,-1.83957,0,0.294329
0.135,0.085,17.1239,2.84981,-3.45395,157.248,0.803226,-1.83957,0,0.294329
0.135,0.095,17.1395,2.79676,-3.35336,154.293,0.803226,-1.83957,0,0.294329
0.135,0.105,17.1519,2.74326,-3.25286,151.337,0.803226,-1.83957,0,0.294329
0.135,0.115,17.1607,2.68939,-3.15248,148.381,0.803226,-1.83957,0,0.294329
0.135,0.125,17.1657,2.63522,-3.05227,145.427,0.803226,-1.83957,0,0.294329
0.135,0.135,17.1664,2.58084,-2.95226,142.478,0.803226,-1.83957,0,0.294329
0.135,0.145,17.1627,2.52633,-2.85249,139.536,0.803226,-1.83957,0,0.294329
0.135,0.155,17.1544,2.47177,-2.753,136.603,0.803226,-1.83957,0,0.294329
0.135,0.165,17.1411,2.41725,-2.65383,133.683,0.803226,-1.83957,0,0.294329
0.135,0.175,17.1228,2.36285,-2.55501,130.776,0.803226,-1.83957,0,0.294329
0.135,0.185,17.0992,2.30865,-2.45657,127.887,0.803226,-1.83957,0,0.294329
0.135,0.195,17.0703,2.25472,-2.35852,125.017,0.803226,-1.83957,0,0.294329
0.135,0.205,17.036,2.20114,-2.2609,122.168,0.803226,-1.83957,0,0.294329
0.135,0.215,16.9961,2.14798,-2.16371,119.344,0.803226,-1.83957,0,0.294329
0.135,0.225,16.9507,2.09529,-2.06696,116.546,0.803226,-1.83957,0,0.294329
0.135,0.235,16.8997,2.04314,-1.97065,113.777,0.803226,-1.83957,0,0.294329
0.135,0.245,16.8432,1.99158,-1.87477,111.04,0.803226,-1.83957,0,0.294329
0.135,0.255,16.7813,1.94067,-1.77931,108.338,0.803226,-1.83957,0,0.294329
0.135,0.265,16.7142,1.89043,-1.68426,105.672,0.803226,-1.83957,0,0.294329
0.135,0.275,16.6419,1.84092,-1.58959,103.048,0.803226,-1.83957,0,0.294329
0.135,0.285,16.5649,1.79216,-1.49527,100.467,0.803226,-1.83957,0,0.294329
0.135,0.295,16.4835,1.74419,-1.40127,97.9325,0.803226,-1.83957,0,0.294329
0.135,0.305,16.398,1.69702,-1.30755,95.4489,0.803226,-1.83957,0,0.294329
0.135,0.315,16.309,1.65066,-1.21407,93.0196,0.803226,-1.83957,0,0.294329
0.135,0.325,16.2172,1.60512,-1.12079,90.6486,0.803226,-1.83957,0,0.294329
0.135,0.335,16.1231,1.56039,-1.02768,88.3398,0.803226,-1.83957,0,0.294329
0.135,0.345,16.0276,1.51645,-0.934721,86.0973,0.803226,-1.83957,0,0.294329
0.135,0.355,15.9314,1.47326,-0.841901,83.9249,0.803226,-1.83957,0,0.294329
0.135,0.365,15.8353,1.43078,-0.749242,81.8262,0.803226,-1.83957,0,0.294329
0.135,0.375,15.7402,1.38894,-0.656801,79.8043,0.803226,-1.83957,0,0.294329
0.135,0.385,15.647,1.34766,-0.564676,77.8624,0.803226,-1.83957,0,0.294329
0.135,0.395,15.5566,1.30685,-0.473016,76.0033,0.803226,-1.83957,0,0.294329
0.135,0.405,15.4701,1.26642,-0.382014,74.2306,0.803226,-1.83957,0,0.294329
0.135,0.415,15.3886,1.22627,-0.291915,72.5487,0.803226,-1.83957,0,0.294329
0.135,0.425,15.3139,1.18628,-0.203004,70.9638,0.803226,-1.83957,0,0.294329
0.135,0.435,15.2478,1.14632,-0.115613,69.4842,0.803226,-1.83957,0,0.294329
0.135,0.445,15.1946,1.10586,-0.0300347,68.124,0.803226,-1.83957,0,0.294329
0.135,0.455,15.1674,1.06215,0.0537051,66.8979,0.803226,-1.83957,0,0.294329
0.135,0.465,15.1589,1.01745,0.13511,65.7999,0.803226,-1.83957,0,0.294329
0.135,0.475,15.1731,0.971894,0.213244,64.8663,0.803226,-1.83957,0,0.294329
0.135,0.485,15.2154,0.925217,0.287466,64.1212,0.803226,-1.83957,0,0.294329
0.135,0.495,15.2897,0.877188,0.3572,63.5876,0.803226,-1.83957,0,0.294329
0.135,0.505,15.3997,0.827543,0.421931,63.2878,0.803226,-1.83957,0,0.294329
0.135,0.515,15.5479,0.77595,0.481269,63.2416,0.803226,-1.83957,0,0.294329
0.135,0.525,15.7361,0.722076,0.535029,63.4644,0.803226,-1.83957,0,0.294329
0.135,0.535,15.9648,0.665598,0.583308,63.9641,0.803226,-1.83957,0,0.294329
0.135,0.545,16.2328,0.606224,0.626521,64.7392,0.803226,-1.83957,0,0.294329
0.135,0.555,16.5361,0.543688,0.665372,65.7788,0.803226,-1.83957,0,0.294329
0.135,0.565,16.8679,0.477757,0.700777,67.0639,0.803226,-1.83957,0,0.294329
0.135,0.575,17.2178,0.408242,0.733744,68.5696,0.803226,-1.83957,0,0.294329
0.135,0.585,17.5696,0.334997,0.76526,70.268,0.803226,-1.83957,0,0.294329
0.135,0.595,17.8993,0.257897,0.796184,72.1291,0.803226,-1.83957,0,0.294329
0.135,0.605,18.1699,0.176707,0.827193,74.1216,0.803226,-1.83957,0,0.294329
0.135,0.615,18.327,0.090659,0.858773,76.2109,0.803226,-1.83957,0,0.294329
0.135,0.625,18.2934,-0.00246085,0.891241,78.3562,0.803226,-1.83957,0,0.294329
0.135,0.635,17.9561,-0.108026,0.925094,80.5093,0.803226,-1.83957,0,0.294329
0.135,0.645,17.2118,-0.237547,0.96104,82.6222,0.803226,-1.83957,0,0.294329
0.135,0.655,15.9893,-0.413401,1.0007,84.6516,0.803226,-1.83957,0,0.294329
0.135,0.665,14.2943,-0.676588,1.04771,86.5772,0.803226,-1.83957,0,0.294329
0.135,0.675,12.2616,-1.09884,1.10962,88.4258,0.803226,-1.83957,0,0.294329
0.135,0.685,10.1762,-1.79529,1.20036,90.2781,0.803226,-1.83957,0,0.294329
0.135,0.695,8.41221,-2.91341,1.34057,92.2088,0.803226,-1.83957,0,0.294329
0.135,0.705,7.29221,-4.54567,1.54755,94.1522,0.803226,-1.83957,0,0.294329
0.135,0.715,6.9922,-6.57743,1.81428,95.9536,0.803226,-1.83957,0,0.294329
0.135,0.725,7.60792,-8.67886,2.10152,97.6047,0.803226,-1.83957,0,0.294329
0.135,0.735,9.29604,-10.5194,2.3588,99.2194,0.803226,-1.83957,0,0.294329
0.135,0.745,12.3598,-11.9443,2.5511,100.726,0.803226,-1.83957,0,0.294329
0.135,0.755,17.2468,-12.9628,2.66688,101.637,0.803226,-1.83957,0,0.294329
0.135,0.765,24.4863,-13.6571,2.71432,101.349,0.803226,-1.83957,0,0.294329
0.135,0.775,34.6238,-14.1161,2.71695,99.8149,0.803226,-1.83957,0,0.294329
0.135,0.785,48.2053,-14.4131,2.70456,97.7264,0.803226,-1.83957,0,0.294329
0.135,0.795,65.8728,-14.6028,2.6946,96.2311,0.803226,-1.83957,0,0.294329
0.135,0.805,88.1354,-14.7242,2.69034,95.7037,0.803226,-1.83957,0,0.294329
0.135,0.815,114.916,-14.8039,2.6862,95.4996,0.803226,-1.83957,0,0.294329
0.135,0.825,145.23,-14.8583,2.67649,94.6327,0.803226,-1.83957,0,0.294329
0.135,0.835,177.391,-14.897,2.6601,92.6177,0.803226,-1.83957,0,0.294329
0.135,0.845,209.719,-14.9251,2.64045,89.8421,0.803226,-1.83957,0,0.294329
0.135,0.855,241.318,-14.9458,2.62307,87.3254,0.803226,-1.83957,0,0.294329
0.135,0.865,272.364,-14.9607,2.61294,86.1512,0.803226,-1.83957,0,0.294329
0.135,0.875,303.778,-14.9714,2.61268,87.0057,0.803226,-1.83957,0,0.294329
0.135,0.885,336.605,-14.9789,2.62217,90.0528,0.803226,-1.83957,0,0.294329
0.135,0.895,371.523,-14.9841,2.63944,95.0742,0.803226,-1.83957,0,0.294329
0.135,0.905,408.69,-14.9877,2.66189,101.679,0.803226,-1.83957,0,0.294329
0.135,0.915,447.823,-14.9904,2.68717,109.454,0.803226,-1.83957,0,0.294329
0.135,0.925,488.38,-14.9923,2.71355,118.038,0.803226,-1.83957,0,0.294329
0.135,0.935,529.712,-14.9939,2.73988,127.138,0.803226,-1.83957,0,0.294329
0.135,0.945,571.163,-14.995,2.76546,136.521,0.803226,-1.83957,0,0.294329
0.135,0.955,612.121,-14.996,2.78989,146.003,0.803226,-1.83957,0,0.294329
0.135,0.965,652.045,-14.9968,2.81296,155.437,0.803226,-1.83957,0,0.294329
0.135,0.975,690.466,-14.9974,2.83455,164.698,0.803226,-1.83957,0,0.294329
0.135,0.985,726.995,-14.9979,2.8546,173.682,0.803226,-1.83957,0,0.294329
0.135,0.995,761.318,-14.9984,2.8731,182.298,0.803226,-1.83957,0,0.294329
0.145,0.005,16.6192,3.31578,-4.23654,176.421,0.739886,-1.78122,0,0.262356
0.145,0.015,16.639,3.26884,-4.13575,173.555,0.739886,-1.78122,0,0.262356
0.145,0.025,16.6587,3.22096,-4.03492,170.678,0.739886,-1.78122,0,0.262356
0.145,0.035,16.678,3.17217,-3.93407,167.789,0.739886,-1.78122,0,0.262356
0.145,0.045,16.6964,3.12251,-3.8332,164.892,0.739886,-1.78122,0,0.262356
0.145,0.055,16.7135,3.072,-3.73231,161.987,0.739886,-1.78122,0,0.262356
0.145,0.065,16.7303,3.02067,-3.63114,159.093,0.739886,-1.78122,0,0.262356
0.145,0.075,16.7456,2.96867,-3.5299,156.199,0.739886,-1.78122,0,0.262356
0.145,0.085,16.7585,2.9161,-3.42873,153.302,0.739886,-1.78122,0,0.262356
0.145,0.095,16.7686,2.86305,-3.32767,150.403,0.739886,-1.78122,0,0.262356
0.145,0.105,16.7756,2.80958,-3.22677,147.504,0.739886,-1.78122,0,0.262356
0.145,0.115,16.7793,2.75578,-3.12605,144.607,0.739886,-1.78122,0,0.262356
0.145,0.125,16.7793,2.70172,-3.02557,141.714,0.739886,-1.78122,0,0.262356
0.145,0.135,16.7754,2.64748,-2.92534,138.828,0.739886,-1.78122,0,0.262356
0.145,0.145,16.7673,2.59315,-2.82542,135.95,0.739886,-1.78122,0,0.262356
0.145,0.155,16.7548,2.5388,-2.72584,133.084,0.739886,-1.78122,0,0.262356
0.145,0.165,16.7378,2.48453,-2.62662,130.231,0.739886,-1.78122,0,0.262356
0.145,0.175,16.7161,2.43041,-2.52779,127.394,0.739886,-1.78122,0,0.262356
0.145,0.185,16.6895,2.3765,-2.42939,124.575,0.739886,-1.78122,0,0.262356
0.145,0.195,16.6579,2.3229,-2.33141,121.776,0.739886,-1.78122,0,0.262356
0.145,0.205,16.6212,2.26965,-2.23388,119,0.739886,-1.78122,0,0.262356
0.145,0.215,16.5795,2.21684,-2.13679,116.249,0.739886,-1.78122,0,0.262356
0.145,0.225,16.5326,2.16451,-2.04016,113.525,0.739886,-1.78122,0,0.262356
0.145,0.235,16.4805,2.11272,-1.94397,110.832,0.739886,-1.78122,0,0.262356
0.145,0.245,16.4234,2.06152,-1.84822,108.171,0.739886,-1.78122,0,0.262356
0.145,0.255,16.3613,2.01096,-1.75288,105.545,0.739886,-1.78122,0,0.262356
0.145,0.265,16.2944,1.96108,-1.65794,102.957,0.739886,-1.78122,0,0.262356
0.145,0.275,16.2228,1.91192,-1.56337,100.41,0.739886,-1.78122,0,0.262356
0.145,0.285,16.1469,1.8635,-1.46915,97.9061,0.739886,-1.78122,0,0.262356
0.145,0.295,16.067,1.81585,-1.37523,95.4496,0.739886,-1.78122,0,0.262356
0.145,0.305,15.9835,1.76899,-1.28159,93.0434,0.739886,-1.78122,0,0.262356
0.145,0.315,15.8969,1.72293,-1.18819,90.6912,0.739886,-1.78122,0,0.262356
0.145,0.325,15.8078,1.67767,-1.09499,88.3966,0.739886,-1.78122,0,0.262356
0.145,0.335,15.7169,1.6332,-1.00197,86.1633,0.739886,-1.78122,0,0.262356
0.145,0.345,15.6248,1.58951,-0.909106,83.9951,0.739886,-1.78122,0,0.262356
0.145,0.355,15.5323,1.54655,-0.81641,81.8955,0.739886,-1.78122,0,0.262356
0.145,0.365,15.4402,1.50427,-0.72391,79.868,0.739886,-1.78122,0,0.262356
0.145,0.375,15.3493,1.46261,-0.63167,77.9156,0.739886,-1.78122,0,0.262356
0.145,0.385,15.2606,1.42149,-0.539801,76.0413,0.739886,-1.78122,0,0.262356
0.145,0.395,15.1748,1.38082,-0.448455,74.2484,0.739886,-1.78122,0,0.262356
0.145,0.405,15.0932,1.34051,-0.357836,72.5407,0.739886,-1.78122,0,0.262356
0.145,0.415,15.0169,1.30046,-0.26819,70.923,0.739886,-1.78122,0,0.262356
0.145,0.425,14.9478,1.26056,-0.179811,69.4022,0.739886,-1.78122,0,0.262356
0.145,0.435,14.888,1.22068,-0.0930353,67.9872,0.739886,-1.78122,0,0.262356
0.145,0.445,14.8437,1.17971,-0.00806728,66.6956,0.739886,-1.78122,0,0.262356
0.145,0.455,14.8249,1.13566,0.0749846,65.5307,0.739886,-1.78122,0,0.262356
0.145,0.465,14.8245,1.09096,0.155491,64.5014,0.739886,-1.78122,0,0.262356
0.145,0.475,14.8479,1.04535,0.232566,63.6404,0.739886,-1.78122,0,0.262356
0.145,0.485,14.8999,0.998616,0.305598,62.9706,0.739886,-1.78122,0,0.262356
0.145,0.495,14.9844,0.950507,0.374018,62.5147,0.739886,-1.78122,0,0.262356
0.145,0.505,15.1047,0.900763,0.437331,62.2948,0.739886,-1.78122,0,0.262356
0.145,0.515,15.2635,0.849057,0.495184,62.33,0.739886,-1.78122,0,0.262356
0.145,0.525,15.4623,0.795056,0.547443,62.6346,0.739886,-1.78122,0,0.262356
0.145,0.535,15.7017,0.738442,0.594267,63.2147,0.739886,-1.78122,0,0.262356
0.145,0.545,15.98,0.678926,0.636127,64.0674,0.739886,-1.78122,0,0.262356
0.145,0.555,16.2931,0.616245,0.673777,65.1805,0.739886,-1.78122,0,0.262356
0.145,0.565,16.634,0.550173,0.708158,66.534,0.739886,-1.78122,0,0.262356
0.145,0.575,16.992,0.480517,0.74028,68.1029,0.739886,-1.78122,0,0.262356
0.145,0.585,17.351,0.407132,0.77111,69.8591,0.739886,-1.78122,0,0.262356
0.145,0.595,17.6863,0.329891,0.801473,71.7732,0.739886,-1.78122,0,0.262356
0.145,0.605,17.9603,0.248552,0.832007,73.8137,0.739886,-1.78122,0,0.262356
0.145,0.615,18.1164,0.162316,0.863163,75.9454,0.739886,-1.78122,0,0.262356
0.145,0.625,18.0766,0.0688424,0.895269,78.1278,0.739886,-1.78122,0,0.262356
0.145,0.635,17.7392,-0.0375524,0.928666,80.3133,0.739886,-1.78122,0,0.262356
0.145,0.645,16.9845,-0.168923,0.964247,82.4503,0.739886,-1.78122,0,0.262356
0.145,0.655,15.7432,-0.348774,1.00375,84.4968,0.739886,-1.78122,0,0.262356
0.145,0.665,14.0281,-0.620252,1.05113,86.4353,0.739886,-1.78122,0,0.262356
0.145,0.675,11.9872,-1.05872,1.1145,88.2974,0.739886,-1.78122,0,0.262356
0.145,0.685,9.91962,-1.78396,1.20861,90.1662,0.739886,-1.78122,0,0.262356
0.145,0.695,8.20343,-2.94462,1.35451,92.1058,0.739886,-1.78122,0,0.262356
0.145,0.705,7.14869,-4.62191,1.56803,94.0268,0.739886,-1.78122,0,0.262356
0.145,0.715,6.91397,-6.67935,1.8385,95.7779,0.739886,-1.78122,0,0.262356
0.145,0.725,7.58717,-8.77783,2.12412,97.3697,0.739886,-1.78122,0,0.262356
0.145,0.735,9.32582,-10.5981,2.37517,98.9099,0.739886,-1.78122,0,0.262356
0.145,0.745,12.4333,-12.0001,2.55914,100.284,0.739886,-1.78122,0,0.262356
0.145,0.755,17.3496,-13.0007,2.66676,100.975,0.739886,-1.78122,0,0.262356
0.145,0.765,24.5913,-13.6824,2.70802,100.431,0.739886,-1.78122,0,0.262356
0.145,0.775,34.6995,-14.1327,2.70796,98.7426,0.739886,-1.78122,0,0.262356
0.145,0.785,48.2462,-14.4236,2.69639,96.7333,0.739886,-1.78122,0,0.262356
0.145,0.795,65.9183,-14.609,2.68935,95.532,0.739886,-1.78122,0,0.262356
0.145,0.805,88.2498,-14.7278,2.68817,95.3639,0.739886,-1.78122,0,0.262356
0.145,0.815,115.14,-14.806,2.686,95.4282,0.739886,-1.78122,0,0.262356
0.145,0.825,145.542,-14.8596,2.67693,94.6629,0.739886,-1.78122,0,0.262356
0.145,0.835,177.704,-14.8978,2.66026,92.6002,0.739886,-1.78122,0,0.262356
0.145,0.845,209.927,-14.9258,2.63997,89.7032,0.739886,-1.78122,0,0.262356
0.145,0.855,241.348,-14.9463,2.62201,87.0734,0.739886,-1.78122,0,0.262356
0.145,0.865,272.213,-14.9611,2.6116,85.842,0.739886,-1.78122,0,0.262356
0.145,0.875,303.5,-14.9717,2.61136,86.7003,0.739886,-1.78122,0,0.262356
0.145,0.885,336.276,-14.9791,2.62108,89.7914,0.739886,-1.78122,0,0.262356
0.145,0.895,371.208,-14.9842,2.63864,94.8722,0.739886,-1.78122,0,0.262356
0.145,0.905,408.426,-14.9878,2.66135,101.534,0.739886,-1.78122,0,0.262356
0.145,0.915,447.622,-14.9904,2.68684,109.356,0.739886,-1.78122,0,0.262356
0.145,0.925,488.239,-14.9924,2.71335,117.975,0.739886,-1.78122,0,0.262356
0.145,0.935,529.618,-14.9939,2.73976,127.099,0.739886,-1.78122,0,0.262356
0.145,0.945,571.104,-14.9951,2.76539,136.497,0.739886,-1.78122,0,0.262356
0.145,0.955,612.086,-14.996,2.78986,145.99,0.739886,-1.78122,0,0.262356
0.145,0.965,652.024,-14.9968,2.81294,155.43,0.739886,-1.78122,0,0.262356
0.145,0.975,690.454,-14.9974,2.83454,164.694,0.739886,-1.78122,0,0.262356
0.145,0.985,726.988,-14.9979,2.8546,173.679,0.739886,-1.78122,0,0.262356
0.145,0.995,761.315,-14.9984,2.8731,182.296,0.739886,-1.78122,0,0.262356
0.155,0.005,16.3052,3.38229,-4.21538,172.237,0.680606,-1.72286,0,0.233407
0.155,0.015,16.3202,3.33525,-4.11395,169.413,0.680606,-1.72286,0,0.233407
0.155,0.025,16.3349,3.28727,-4.01249,166.579,0.680606,-1.72286,0,0.233407
0.155,0.035,16.3491,3.2384,-3.91104,163.736,0.680606,-1.72286,0,0.233407
0.155,0.045,16.3623,3.18866,-3.8096,160.886,0.680606,-1.72286,0,0.233407
0.155,0.055,16.3745,3.13807,-3.70814,158.032,0.680606,-1.72286,0,0.233407
0.155,0.065,16.3865,3.08669,-3.60641,155.192,0.680606,-1.72286,0,0.233407
0.155,0.075,16.3967,3.03469,-3.50472,152.351,0.680606,-1.72286,0,0.233407
0.155,0.085,16.4045,2.98216,-3.40316,149.508,0.680606,-1.72286,0,0.233407
0.155,0.095,16.4097,2.92918,-3.30178,146.664,0.680606,-1.72286,0,0.233407
0.155,0.105,16.412,2.87582,-3.2006,143.823,0.680606,-1.72286,0,0.233407
0.155,0.115,16.4111,2.82215,-3.09968,140.985,0.680606,-1.72286,0,0.233407
0.155,0.125,16.4068,2.76827,-2.99904,138.153,0.680606,-1.72286,0,0.233407
0.155,0.135,16.3988,2.71424,-2.89871,135.329,0.680606,-1.72286,0,0.233407
0.155,0.145,16.3869,2.66016,-2.79874,132.516,0.680606,-1.72286,0,0.233407
0.155,0.155,16.3708,2.60609,-2.69915,129.715,0.680606,-1.72286,0,0.233407
0.155,0.165,16.3505,2.55212,-2.59997,126.928,0.680606,-1.72286,0,0.233407
0.155,0.175,16.3258,2.49832,-2.50121,124.159,0.680606,-1.72286,0,0.233407
0.155,0.185,16.2966,2.44476,-2.40289,121.409,0.680606,-1.72286,0,0.233407
0.155,0.195,16.2627,2.39151,-2.30503,118.68,0.680606,-1.72286,0,0.233407
0.155,0.205,16.2242,2.33864,-2.20762,115.975,0.680606,-1.72286,0,0.233407
0.155,0.215,16.1808,2.28621,-2.11067,113.295,0.680606,-1.72286,0,0.233407
0.155,0.225,16.1327,2.23426,-2.01417,110.645,0.680606,-1.72286,0,0.233407
0.155,0.235,16.0799,2.18285,-1.91811,108.024,0.680606,-1.72286,0,0.233407
0.155,0.245,16.0224,2.13204,-1.82249,105.437,0.680606,-1.72286,0,0.233407
0.155,0.255,15.9603,2.08186,-1.72727,102.886,0.680606,-1.72286,0,0.233407
0.155,0.265,15.8938,2.03235,-1.63244,100.372,0.680606,-1.72286,0,0.233407
0.155,0.275,15.8231,1.98355,-1.53798,97.9001,0.680606,-1.72286,0,0.233407
0.155,0.285,15.7485,1.93548,-1.44384,95.4717,0.680606,-1.72286,0,0.233407
0.155,0.295,15.6702,1.88817,-1.35001,93.0901,0.680606,-1.72286,0,0.233407
0.155,0.305,15.5888,1.84164,-1.25644,90.7587,0.680606,-1.72286,0,0.233407
0.155,0.315,15.5047,1.7959,-1.16311,88.4807,0.680606,-1.72286,0,0.233407
0.155,0.325,15.4184,1.75094,-1.06999,86.2597,0.680606,-1.72286,0,0.233407
0.155,0.335,15.3306,1.70675,-0.977052,84.0991,0.680606,-1.72286,0,0.233407
0.155,0.345,15.2419,1.66332,-0.884293,82.0023,0.680606,-1.72286,0,0.233407
0.155,0.355,15.1531,1.6206,-0.791723,79.9728,0.680606,-1.72286,0,0.233407
0.155,0.365,15.065,1.57854,-0.699384,78.0138,0.680606,-1.72286,0,0.233407
0.155,0.375,14.9783,1.53707,-0.607349,76.1282,0.680606,-1.72286,0,0.233407
0.155,0.385,14.8938,1.49613,-0.515736,74.3193,0.680606,-1.72286,0,0.233407
0.155,0.395,14.8127,1.45562,-0.424707,72.5903,0.680606,-1.72286,0,0.233407
0.155,0.405,14.7359,1.41546,-0.33447,70.9456,0.680606,-1.72286,0,0.233407
0.155,0.415,14.6649,1.37554,-0.245276,69.3904,0.680606,-1.72286,0,0.233407
0.155,0.425,14.6015,1.33576,-0.157424,67.9321,0.680606,-1.72286,0,0.233407
0.155,0.435,14.5477,1.29597,-0.0712525,66.5801,0.680606,-1.72286,0,0.233407
0.155,0.445,14.5134,1.25429,0.0131272,65.3556,0.680606,-1.72286,0,0.233407
0.155,0.455,14.502,1.21015,0.0954894,64.2513,0.680606,-1.72286,0,0.233407
0.155,0.465,14.5097,1.16545,0.175077,63.2901,0.680606,-1.72286,0,0.233407
0.155,0.475,14.5422,1.11982,0.251096,62.5005,0.680606,-1.72286,0,0.233407
0.155,0.485,14.6038,1.07302,0.322945,61.9047,0.680606,-1.72286,0,0.233407
0.155,0.495,14.6982,1.02483,0.390064,61.5252,0.680606,-1.72286,0,0.233407
0.155,0.505,14.8285,0.974979,0.45198,61.3837,0.680606,-1.72286,0,0.233407
0.155,0.515,14.9975,0.923136,0.508376,61.4984,0.680606,-1.72286,0,0.233407
0.155,0.525,15.2067,0.868977,0.559174,61.8822,0.680606,-1.72286,0,0.233407
0.155,0.535,15.4562,0.812187,0.604593,62.5397,0.680606,-1.72286,0,0.233407
0.155,0.545,15.7442,0.752481,0.645164,63.4664,0.680606,-1.72286,0,0.233407
0.155,0.555,16.0663,0.689603,0.681682,64.6486,0.680606,-1.72286,0,0.233407
0.155,0.565,16.4154,0.623325,0.715106,66.0658,0.680606,-1.72286,0,0.233407
0.155,0.575,16.7807,0.553456,0.746443,67.6926,0.680606,-1.72286,0,0.233407
0.155,0.585,17.1457,0.479846,0.776634,69.5013,0.680606,-1.72286,0,0.233407
0.155,0.595,17.4858,0.402372,0.806467,71.4628,0.680606,-1.72286,0,0.233407
0.155,0.605,17.7621,0.320787,0.836541,73.5454,0.680606,-1.72286,0,0.233407
0.155,0.615,17.9168,0.234259,0.867274,75.7138,0.680606,-1.72286,0,0.233407
0.155,0.625,17.8689,0.140333,0.898971,77.9267,0.680606,-1.72286,0,0.233407
0.155,0.635,17.5196,0.0330062,0.932012,80.1367,0.680606,-1.72286,0,0.233407
0.155,0.645,16.7539,-0.100432,0.967236,82.2924,0.680606,-1.72286,0,0.233407
0.155,0.655,15.4924,-0.284692,1.00665,84.3509,0.680606,-1.72286,0,0.233407
0.155,0.665,13.7568,-0.565231,1.05451,86.2983,0.680606,-1.72286,0,0.233407
0.155,0.675,11.7094,-1.02126,1.11956,88.171,0.680606,-1.72286,0,0.233407
0.155,0.685,9.66318,-1.77722,1.21734,90.0533,0.680606,-1.72286,0,0.233407
0.155,0.695,7.9985,-2.98205,1.3692,91.9966,0.680606,-1.72286,0,0.233407
0.155,0.705,7.01076,-4.70391,1.58918,93.8872,0.680606,-1.72286,0,0.233407
0.155,0.715,6.8411,-6.78424,1.86281,95.5825,0.680606,-1.72286,0,0.233407
0.155,0.725,7.57058,-8.87698,2.14605,97.1125,0.680606,-1.72286,0,0.233407
0.155,0.735,9.35789,-10.6756,2.39036,98.5739,0.680606,-1.72286,0,0.233407
0.155,0.745,12.5059,-12.0548,2.56579,99.8083,0.680606,-1.72286,0,0.233407
0.155,0.755,17.4465,-13.0377,2.6653,100.274,0.680606,-1.72286,0,0.233407
0.155,0.765,24.684,-13.707,2.70071,99.4845,0.680606,-1.72286,0,0.233407
0.155,0.775,34.7583,-14.1488,2.69847,97.6731,0.680606,-1.72286,0,0.233407
0.155,0.785,48.2715,-14.4337,2.68825,95.7849,0.680606,-1.72286,0,0.233407
0.155,0.795,65.9557,-14.615,2.68449,94.9082,0.680606,-1.72286,0,0.233407
0.155,0.805,88.3668,-14.7313,2.68648,95.1091,0.680606,-1.72286,0,0.233407
0.155,0.815,115.375,-14.808,2.68621,95.4336,0.680606,-1.72286,0,0.233407
0.155,0.825,145.868,-14.8609,2.67767,94.7522,0.680606,-1.72286,0,0.233407
0.155,0.835,178.03,-14.8987,2.66061,92.6218,0.680606,-1.72286,0,0.233407
0.155,0.845,210.143,-14.9265,2.63959,89.5869,0.680606,-1.72286,0,0.233407
0.155,0.855,241.383,-14.9468,2.621,86.8334,0.680606,-1.72286,0,0.233407
0.155,0.865,272.064,-14.9615,2.61028,85.54,0.680606,-1.72286,0,0.233407
0.155,0.875,303.224,-14.972,2.61007,86.4006,0.680606,-1.72286,0,0.233407
0.155,0.885,335.951,-14.9793,2.62001,89.5354,0.680606,-1.72286,0,0.233407
0.155,0.895,370.898,-14.9843,2.63786,94.6753,0.680606,-1.72286,0,0.233407
0.155,0.905,408.168,-14.9879,2.66084,101.394,0.680606,-1.72286,0,0.233407
0.155,0.915,447.428,-14.9905,2.68651,109.262,0.680606,-1.72286,0,0.233407
0.155,0.925,488.103,-14.9924,2.71316,117.915,0.680606,-1.72286,0,0.233407
0.155,0.935,529.529,-14.9939,2.73965,127.062,0.680606,-1.72286,0,0.233407
0.155,0.945,571.048,-14.9951,2.76533,136.476,0.680606,-1.72286,0,0.233407
0.155,0.955,612.052,-14.996,2.78982,145.978,0.680606,-1.72286,0,0.233407
0.155,0.965,652.005,-14.9968,2.81292,155.423,0.680606,-1.72286,0,0.233407
0.155,0.975,690.444,-14.9974,2.83453,164.69,0.680606,-1.72286,0,0.233407
0.155,0.985,726.983,-14.9979,2.85459,173.677,0.680606,-1.72286,0,0.233407
0.155,0.995,761.312,-14.9984,2.8731,182.295,0.680606,-1.72286,0,0.233407
0.165,0.005,15.9993,3.44825,-4.19329,168.193,0.625189,-1.66451,0,0.207241
0.165,0.015,16.0097,3.40114,-4.09129,165.412,0.625189,-1.66451,0,0.207241
0.165,0.025,16.0198,3.35311,-3.98931,162.623,0.625189,-1.66451,0,0.207241
0.165,0.035,16.0294,3.30419,-3.88736,159.826,0.625189,-1.66451,0,0.207241
0.165,0.045,16.0379,3.25442,-3.78546,157.023,0.625189,-1.66451,0,0.207241
0.165,0.055,16.0458,3.20382,-3.6835,154.223,0.625189,-1.66451,0,0.207241
0.165,0.065,16.0533,3.15247,-3.58136,151.437,0.625189,-1.66451,0,0.207241
0.165,0.075,16.0588,3.10054,-3.47934,148.648,0.625189,-1.66451,0,0.207241
0.165,0.085,16.0622,3.04812,-3.37752,145.859,0.625189,-1.66451,0,0.207241
0.165,0.095,16.063,2.99527,-3.27593,143.071,0.625189,-1.66451,0,0.207241
0.165,0.105,16.0611,2.94208,-3.1746,140.287,0.625189,-1.66451,0,0.207241
0.165,0.115,16.0562,2.88862,-3.07357,137.508,0.625189,-1.66451,0,0.207241
0.165,0.125,16.048,2.83498,-2.97287,134.737,0.625189,-1.66451,0,0.207241
0.165,0.135,16.0363,2.78122,-2.87254,131.975,0.625189,-1.66451,0,0.207241
0.165,0.145,16.021,2.72743,-2.77259,129.224,0.625189,-1.66451,0,0.207241
0.165,0.155,16.0018,2.67369,-2.67306,126.488,0.625189,-1.66451,0,0.207241
0.165,0.165,15.9787,2.62007,-2.57397,123.767,0.625189,-1.66451,0,0.207241
0.165,0.175,15.9514,2.56663,-2.47532,121.064,0.625189,-1.66451,0,0.207241
0.165,0.185,15.9199,2.51345,-2.37713,118.381,0.625189,-1.66451,0,0.207241
0.165,0.195,15.8841,2.4606,-2.27941,115.721,0.625189,-1.66451,0,0.207241
0.165,0.205,15.8439,2.40813,-2.18214,113.085,0.625189,-1.66451,0,0.207241
0.165,0.215,15.7993,2.35609,-2.08534,110.476,0.625189,-1.66451,0,0.207241
0.165,0.225,15.7503,2.30455,-1.98898,107.895,0.625189,-1.66451,0,0.207241
0.165,0.235,15.6969,2.25355,-1.89306,105.346,0.625189,-1.66451,0,0.207241
0.165,0.245,15.6393,2.20314,-1.79756,102.831,0.625189,-1.66451,0,0.207241
0.165,0.255,15.5774,2.15335,-1.70246,100.352,0.625189,-1.66451,0,0.207241
0.165,0.265,15.5115,2.10423,-1.60773,97.9109,0.625189,-1.66451,0,0.207241
0.165,0.275,15.4418,2.05581,-1.51336,95.5112,0.625189,-1.66451,0,0.207241
0.165,0.285,15.3685,2.00811,-1.41931,93.1553,0.625189,-1.66451,0,0.207241
0.165,0.295,15.292,1.96116,-1.32556,90.8463,0.625189,-1.66451,0,0.207241
0.165,0.305,15.2128,1.91498,-1.23206,88.587,0.625189,-1.66451,0,0.207241
0.165,0.315,15.1311,1.86956,-1.1388,86.3807,0.625189,-1.66451,0,0.207241
0.165,0.325,15.0477,1.82492,-1.04575,84.2305,0.625189,-1.66451,0,0.207241
0.165,0.335,14.963,1.78103,-0.952896,82.1398,0.625189,-1.66451,0,0.207241
0.165,0.345,14.8777,1.73787,-0.860237,80.1118,0.625189,-1.66451,0,0.207241
0.165,0.355,14.7926,1.6954,-0.767794,78.1497,0.625189,-1.66451,0,0.207241
0.165,0.365,14.7083,1.65358,-0.675616,76.2566,0.625189,-1.66451,0,0.207241
0.165,0.375,14.6257,1.61233,-0.583786,74.4354,0.625189,-1.66451,0,0.207241
0.165,0.385,14.5456,1.57158,-0.49243,72.6895,0.625189,-1.66451,0,0.207241
0.165,0.395,14.469,1.53125,-0.401715,71.0224,0.625189,-1.66451,0,0.207241
0.165,0.405,14.3971,1.49124,-0.311855,69.4387,0.625189,-1.66451,0,0.207241
0.165,0.415,14.3313,1.45148,-0.223107,67.9443,0.625189,-1.66451,0,0.207241
0.165,0.425,14.2734,1.41183,-0.135774,66.547,0.625189,-1.66451,0,0.207241
0.165,0.435,14.2259,1.37211,-0.0501884,65.2571,0.625189,-1.66451,0,0.207241
0.165,0.445,14.2018,1.32961,0.0336128,64.0967,0.625189,-1.66451,0,0.207241
0.165,0.455,14.1973,1.28557,0.115279,63.0535,0.625189,-1.66451,0,0.207241
0.165,0.465,14.2132,1.24087,0.193944,62.1596,0.625189,-1.66451,0,0.207241
0.165,0.475,14.2546,1.19521,0.268911,61.44,0.625189,-1.66451,0,0.207241
0.165,0.485,14.3254,1.14836,0.339586,60.9167,0.625189,-1.66451,0,0.207241
0.165,0.495,14.4293,1.10007,0.405416,60.612,0.625189,-1.66451,0,0.207241
0.165,0.505,14.5694,1.05008,0.465952,60.547,0.625189,-1.66451,0,0.207241
0.165,0.515,14.7483,0.99807,0.520919,60.739,0.625189,-1.66451,0,0.207241
0.165,0.525,14.9673,0.943711,0.570296,61.1992,0.625189,-1.66451,0,0.207241
0.165,0.535,15.2264,0.886698,0.614362,61.9307,0.625189,-1.66451,0,0.207241
0.165,0.545,15.5234,0.826749,0.653704,62.9272,0.625189,-1.66451,0,0.207241
0.165,0.555,15.8537,0.763611,0.689154,64.1739,0.625189,-1.66451,0,0.207241
0.165,0.565,16.2101,0.69706,0.721684,65.6498,0.625189,-1.66451,0,0.207241
0.165,0.575,16.5815,0.626902,0.75229,67.3293,0.625189,-1.66451,0,0.207241
0.165,0.585,16.9516,0.552987,0.781882,69.1851,0.625189,-1.66451,0,0.207241
0.165,0.595,17.2952,0.475191,0.811209,71.1884,0.625189,-1.66451,0,0.207241
0.165,0.605,17.5728,0.393267,0.840834,73.3078,0.625189,-1.66451,0,0.207241
0.165,0.615,17.7249,0.306351,0.871142,75.5074,0.625189,-1.66451,0,0.207241
0.165,0.625,17.6684,0.211864,0.902427,77.7454,0.625189,-1.66451,0,0.207241
0.165,0.635,17.3012,0.103478,0.935092,79.9739,0.625189,-1.66451,0,0.207241
0.165,0.645,16.5194,-0.0322457,0.970007,82.1427,0.625189,-1.66451,0,0.207241
0.165,0.655,15.2362,-0.22136,1.00938,84.2089,0.625189,-1.66451,0,0.207241
0.165,0.665,13.4802,-0.511798,1.05786,86.162,0.625189,-1.66451,0,0.207241
0.165,0.675,11.4283,-0.986834,1.1248,88.0431,0.625189,-1.66451,0,0.207241
0.165,0.685,9.40738,-1.77549,1.22658,89.9367,0.625189,-1.66451,0,0.207241
0.165,0.695,7.79787,-3.02598,1.38466,91.8781,0.625189,-1.66451,0,0.207241
0.165,0.705,6.87862,-4.79155,1.61096,93.7306,0.625189,-1.66451,0,0.207241
0.165,0.715,6.77357,-6.89171,1.88711,95.3657,0.625189,-1.66451,0,0.207241
0.165,0.725,7.55793,-8.97595,2.16722,96.8319,0.625189,-1.66451,0,0.207241
0.165,0.735,9.39177,-10.7518,2.40429,98.2102,0.625189,-1.66451,0,0.207241
0.165,0.745,12.577,-12.1082,2.57101,99.2971,0.625189,-1.66451,0,0.207241
0.165,0.755,17.5364,-13.0737,2.66251,99.5333,0.625189,-1.66451,0,0.207241
0.165,0.765,24.7631,-13.7311,2.69242,98.5112,0.625189,-1.66451,0,0.207241
0.165,0.775,34.7994,-14.1644,2.68854,96.6114,0.625189,-1.66451,0,0.207241
0.165,0.785,48.2806,-14.4434,2.68019,94.8856,0.625189,-1.66451,0,0.207241
0.165,0.795,65.9846,-14.6208,2.68003,94.362,0.625189,-1.66451,0,0.207241
0.165,0.805,88.485,-14.7346,2.68528,94.9396,0.625189,-1.66451,0,0.207241
0.165,0.815,115.62,-14.81,2.68684,95.5157,0.625189,-1.66451,0,0.207241
0.165,0.825,146.208,-14.8622,2.67871,94.9011,0.625189,-1.66451,0,0.207241
0.165,0.835,178.37,-14.8997,2.66116,92.684,0.625189,-1.66451,0,0.207241
0.165,0.845,210.368,-14.9272,2.63932,89.4952,0.625189,-1.66451,0,0.207241
0.165,0.855,241.421,-14.9474,2.62005,86.6075,0.625189,-1.66451,0,0.207241
0.165,0.865,271.917,-14.962,2.609,85.247,0.625189,-1.66451,0,0.207241
0.165,0.875,302.951,-14.9723,2.6088,86.108,0.625189,-1.66451,0,0.207241
0.165,0.885,335.63,-14.9795,2.61897,89.2858,0.625189,-1.66451,0,0.207241
0.165,0.895,370.595,-14.9845,2.63711,94.484,0.625189,-1.66451,0,0.207241
0.165,0.905,407.918,-14.988,2.66033,101.258,0.625189,-1.66451,0,0.207241
0.165,0.915,447.241,-14.9905,2.6862,109.172,0.625189,-1.66451,0,0.207241
0.165,0.925,487.974,-14.9924,2.71298,117.858,0.625189,-1.66451,0,0.207241
0.165,0.935,529.445,-14.9939,2.73955,127.027,0.625189,-1.66451,0,0.207241
0.165,0.945,570.995,-14.9951,2.76528,136.455,0.625189,-1.66451,0,0.207241
0.165,0.955,612.021,-14.996,2.78979,145.966,0.625189,-1.66451,0,0.207241
0.165,0.965,651.987,-14.9968,2.81291,155.416,0.625189,-1.66451,0,0.207241
0.165,0.975,690.434,-14.9974,2.83452,164.687,0.625189,-1.66451,0,0.207241
0.165,0.985,726.977,-14.9979,2.85459,173.675,0.625189,-1.66451,0,0.207241
0.165,0.995,761.309,-14.9984,2.8731,182.294,0.625189,-1.66451,0,0.207241
0.175,0.005,15.7016,3.51376,-4.17049,164.284,0.573441,-1.60616,0,0.18363
0.175,0.015,15.7078,3.46663,-4.06803,161.547,0.573441,-1.60616,0,0.18363
0.175,0.025,15.7137,3.41859,-3.96562,158.803,0.573441,-1.60616,0,0.18363
0.175,0.035,15.719,3.36969,-3.86327,156.053,0.573441,-1.60616,0,0.18363
0.175,0.045,15.7233,3.31994,-3.76102,153.299,0.573441,-1.60616,0,0.18363
0.175,0.055,15.7274,3.26937,-3.65866,150.554,0.573441,-1.60616,0,0.18363
0.175,0.065,15.7307,3.21812,-3.55623,147.819,0.573441,-1.60616,0,0.18363
0.175,0.075,15.7321,3.16633,-3.45401,145.083,0.573441,-1.60616,0,0.18363
0.175,0.085,15.7314,3.11408,-3.35202,142.348,0.573441,-1.60616,0,0.18363
0.175,0.095,15.7283,3.06143,-3.25032,139.617,0.573441,-1.60616,0,0.18363
0.175,0.105,15.7226,3.00847,-3.14893,136.889,0.573441,-1.60616,0,0.18363
0.175,0.115,15.714,2.95527,-3.04788,134.169,0.573441,-1.60616,0,0.18363
0.175,0.125,15.7024,2.90192,-2.9472,131.458,0.573441,-1.60616,0,0.18363
0.175,0.135,15.6875,2.84848,-2.84692,128.757,0.573441,-1.60616,0,0.18363
0.175,0.145,15.6692,2.79504,-2.74706,126.068,0.573441,-1.60616,0,0.18363
0.175,0.155,15.6472,2.74166,-2.64764,123.395,0.573441,-1.60616,0,0.18363
0.175,0.165,15.6216,2.68842,-2.54867,120.738,0.573441,-1.60616,0,0.18363
0.175,0.175,15.5921,2.63538,-2.45016,118.101,0.573441,-1.60616,0,0.18363
0.175,0.185,15.5586,2.58261,-2.35212,115.484,0.573441,-1.60616,0,0.18363
0.175,0.195,15.5212,2.53017,-2.25455,112.89,0.573441,-1.60616,0,0.18363
0.175,0.205,15.4796,2.47812,-2.15743,110.322,0.573441,-1.60616,0,0.18363
0.175,0.215,15.434,2.4265,-2.06077,107.781,0.573441,-1.60616,0,0.18363
0.175,0.225,15.3843,2.37539,-1.96456,105.27,0.573441,-1.60616,0,0.18363
0.175,0.235,15.3306,2.32481,-1.86877,102.79,0.573441,-1.60616,0,0.18363
0.175,0.245,15.273,2.27481,-1.77339,100.345,0.573441,-1.60616,0,0.18363
0.175,0.255,15.2115,2.22544,-1.6784,97.9354,0.573441,-1.60616,0,0.18363
0.175,0.265,15.1464,2.17672,-1.58378,95.5648,0.573441,-1.60616,0,0.18363
0.175,0.275,15.0778,2.12869,-1.48949,93.2354,0.573441,-1.60616,0,0.18363
0.175,0.285,15.006,2.08138,-1.39552,90.9498,0.573441,-1.60616,0,0.18363
0.175,0.295,14.9314,2.03481,-1.30183,88.7108,0.573441,-1.60616,0,0.18363
0.175,0.305,14.8543,1.98898,-1.2084,86.5211,0.573441,-1.60616,0,0.18363
0.175,0.315,14.7751,1.94391,-1.11521,84.3839,0.573441,-1.60616,0,0.18363
0.175,0.325,14.6945,1.89959,-1.02223,82.302,0.573441,-1.60616,0,0.18363
0.175,0.335,14.6129,1.85601,-0.929452,80.2786,0.573441,-1.60616,0,0.18363
0.175,0.345,14.5311,1.81313,-0.836891,78.3167,0.573441,-1.60616,0,0.18363
0.175,0.355,14.4495,1.77094,-0.744572,76.4195,0.573441,-1.60616,0,0.18363
0.175,0.365,14.3691,1.72936,-0.652553,74.5898,0.573441,-1.60616,0,0.18363
0.175,0.375,14.2905,1.68833,-0.560926,72.8307,0.573441,-1.60616,0,0.18363
0.175,0.385,14.2146,1.64779,-0.469823,71.1456,0.573441,-1.60616,0,0.18363
0.175,0.395,14.1425,1.60765,-0.379417,69.5384,0.573441,-1.60616,0,0.18363
0.175,0.405,14.0754,1.56783,-0.289928,68.014,0.573441,-1.60616,0,0.18363
0.175,0.415,14.0147,1.52823,-0.201618,66.5788,0.573441,-1.60616,0,0.18363
0.175,0.425,13.9624,1.48873,-0.114799,65.2411,0.573441,-1.60616,0,0.18363
0.175,0.435,13.9222,1.44886,-0.0297609,64.0136,0.573441,-1.60616,0,0.18363
0.175,0.445,13.9068,1.40582,0.053465,62.912,0.573441,-1.60616,0,0.18363
0.175,0.455,13.9094,1.36184,0.134408,61.9308,0.573441,-1.60616,0,0.18363
0.175,0.465,13.9334,1.31714,0.21216,61.1033,0.573441,-1.60616,0,0.18363
0.175,0.475,13.9834,1.27144,0.286082,60.4524,0.573441,-1.60616,0,0.18363
0.175,0.485,14.0632,1.22452,0.355588,60.0001,0.573441,-1.60616,0,0.18363
0.175,0.495,14.1763,1.17612,0.420139,59.7685,0.573441,-1.60616,0,0.18363
0.175,0.505,14.3259,1.12596,0.479312,59.7779,0.573441,-1.60616,0,0.18363
0.175,0.515,14.5142,1.07374,0.532878,60.0445,0.573441,-1.60616,0,0.18363
0.175,0.525,14.7425,1.01914,0.580871,60.578,0.573441,-1.60616,0,0.18363
0.175,0.535,15.0105,0.961845,0.623634,61.3797,0.573441,-1.60616,0,0.18363
0.175,0.545,15.3157,0.901595,0.661806,62.4418,0.573441,-1.60616,0,0.18363
0.175,0.555,15.6534,0.838136,0.696249,63.7484,0.573441,-1.60616,0,0.18363
0.175,0.565,16.016,0.771243,0.727943,65.2779,0.573441,-1.60616,0,0.18363
0.175,0.575,16.3926,0.700721,0.757865,67.005,0.573441,-1.60616,0,0.18363
0.175,0.585,16.7667,0.62642,0.786891,68.9028,0.573441,-1.60616,0,0.18363
0.175,0.595,17.1128,0.548221,0.815733,70.9428,0.573441,-1.60616,0,0.18363
0.175,0.605,17.3905,0.465875,0.844915,73.0939,0.573441,-1.60616,0,0.18363
0.175,0.615,17.5389,0.378482,0.874795,75.3199,0.573441,-1.60616,0,0.18363
0.175,0.625,17.4724,0.283328,0.905658,77.5783,0.573441,-1.60616,0,0.18363
0.175,0.635,17.0867,0.173737,0.937928,79.8207,0.573441,-1.60616,0,0.18363
0.175,0.645,16.2798,0.0354952,0.97259,81.9972,0.573441,-1.60616,0,0.18363
0.175,0.655,14.9744,-0.158962,1.01197,84.0677,0.573441,-1.60616,0,0.18363
0.175,0.665,13.1982,-0.460206,1.06118,86.0239,0.573441,-1.60616,0,0.18363
0.175,0.675,11.1444,-0.955786,1.13025,87.912,0.573441,-1.60616,0,0.18363
0.175,0.685,9.15288,-1.77917,1.23636,89.8143,0.573441,-1.60616,0,0.18363
0.175,0.695,7.60205,-3.07659,1.40091,91.7482,0.573441,-1.60616,0,0.18363
0.175,0.705,6.75245,-4.88458,1.63331,93.5552,0.573441,-1.60616,0,0.18363
0.175,0.715,6.71129,-7.00128,1.91128,95.1262,0.573441,-1.60616,0,0.18363
0.175,0.725,7.54894,-9.07433,2.18752,96.5269,0.573441,-1.60616,0,0.18363
0.175,0.735,9.42696,-10.8265,2.41689,97.8177,0.573441,-1.60616,0,0.18363
0.175,0.745,12.6455,-12.1602,2.57475,98.7495,0.573441,-1.60616,0,0.18363
0.175,0.755,17.6182,-13.1088,2.65836,98.7542,0.573441,-1.60616,0,0.18363
0.175,0.765,24.8275,-13.7544,2.68317,97.5143,0.573441,-1.60616,0,0.18363
0.175,0.775,34.8217,-14.1796,2.67821,95.5621,0.573441,-1.60616,0,0.18363
0.175,0.785,48.2728,-14.4528,2.67226,94.0391,0.573441,-1.60616,0,0.18363
0.175,0.795,66.0037,-14.6264,2.67599,93.8946,0.573441,-1.60616,0,0.18363
0.175,0.805,88.6026,-14.7379,2.68455,94.8549,0.573441,-1.60616,0,0.18363
0.175,0.815,115.872,-14.8121,2.68788,95.6741,0.573441,-1.60616,0,0.18363
0.175,0.825,146.559,-14.8636,2.68006,95.1101,0.573441,-1.60616,0,0.18363
0.175,0.835,178.72,-14.9007,2.66191,92.7885,0.573441,-1.60616,0,0.18363
0.175,0.845,210.602,-14.928,2.63918,89.4304,0.573441,-1.60616,0,0.18363
0.175,0.855,241.466,-14.948,2.61918,86.3984,0.573441,-1.60616,0,0.18363
0.175,0.865,271.774,-14.9624,2.60777,84.9652,0.573441,-1.60616,0,0.18363
0.175,0.875,302.683,-14.9726,2.60757,85.8241,0.573441,-1.60616,0,0.18363
0.175,0.885,335.317,-14.9797,2.61795,89.0436,0.573441,-1.60616,0,0.18363
0.175,0.895,370.3,-14.9846,2.63637,94.2991,0.573441,-1.60616,0,0.18363
0.175,0.905,407.676,-14.9881,2.65985,101.128,0.573441,-1.60616,0,0.18363
0.175,0.915,447.062,-14.9906,2.68591,109.086,0.573441,-1.60616,0,0.18363
0.175,0.925,487.85,-14.9925,2.7128,117.803,0.573441,-1.60616,0,0.18363
0.175,0.935,529.365,-14.9939,2.73945,126.994,0.573441,-1.60616,0,0.18363
0.175,0.945,570.946,-14.9951,2.76522,136.436,0.573441,-1.60616,0,0.18363
0.175,0.955,611.992,-14.996,2.78977,145.955,0.573441,-1.60616,0,0.18363
0.175,0.965,651.97,-14.9968,2.81289,155.41,0.573441,-1.60616,0,0.18363
0.175,0.975,690.425,-14.9974,2.83452,164.684,0.573441,-1.60616,0,0.18363
0.175,0.985,726.972,-14.9979,2.85459,173.674,0.573441,-1.60616,0,0.18363
0.175,0.995,761.307,-14.9984,2.8731,182.294,0.573441,-1.60616,0,0.18363
0.185,0.005,15.4122,3.57893,-4.14723,160.505,0.525178,-1.54781,0,0.162364
0.185,0.015,15.4146,3.53183,-4.0444,157.812,0.525178,-1.54781,0,0.162364
0.185,0.025,15.4167,3.48383,-3.94165,155.114,0.525178,-1.54781,0,0.162364
0.185,0.035,15.418,3.43499,-3.83901,152.412,0.525178,-1.54781,0,0.162364
0.185,0.045,15.4185,3.38531,-3.73649,149.707,0.525178,-1.54781,0,0.162364
0.185,0.055,15.4191,3.33485,-3.63381,147.018,0.525178,-1.54781,0,0.162364
0.185,0.065,15.4185,3.28376,-3.53123,144.335,0.525178,-1.54781,0,0.162364
0.185,0.075,15.4162,3.23217,-3.42889,141.651,0.525178,-1.54781,0,0.162364
0.185,0.085,15.4118,3.18013,-3.32683,138.97,0.525178,-1.54781,0,0.162364
0.185,0.095,15.4052,3.12774,-3.2251,136.294,0.525178,-1.54781,0,0.162364
0.185,0.105,15.3961,3.07506,-3.12371,133.623,0.525178,-1.54781,0,0.162364
0.185,0.115,15.3842,3.02217,-3.02271,130.961,0.525178,-1.54781,0,0.162364
0.185,0.125,15.3695,2.96915,-2.92211,128.309,0.525178,-1.54781,0,0.162364
0.185,0.135,15.3518,2.91607,-2.82193,125.668,0.525178,-1.54781,0,0.162364
0.185,0.145,15.3308,2.86301,-2.72219,123.041,0.525178,-1.54781,0,0.162364
0.185,0.155,15.3064,2.81002,-2.62291,120.43,0.525178,-1.54781,0,0.162364
0.185,0.165,15.2785,2.75719,-2.52409,117.836,0.525178,-1.54781,0,0.162364
0.185,0.175,15.2471,2.70457,-2.42574,115.262,0.525178,-1.54781,0,0.162364
0.185,0.185,15.2119,2.65224,-2.32785,112.71,0.525178,-1.54781,0,0.162364
0.185,0.195,15.1731,2.60023,-2.23043,110.182,0.525178,-1.54781,0,0.162364
0.185,0.205,15.1305,2.54862,-2.13347,107.68,0.525178,-1.54781,0,0.162364
0.185,0.215,15.0841,2.49745,-2.03696,105.205,0.525178,-1.54781,0,0.162364
0.185,0.225,15.0339,2.44677,-1.94088,102.761,0.525178,-1.54781,0,0.162364
0.185,0.235,14.9801,2.39662,-1.84521,100.349,0.525178,-1.54781,0,0.162364
0.185,0.245,14.9227,2.34706,-1.74995,97.9711,0.525178,-1.54781,0,0.162364
0.185,0.255,14.8617,2.29811,-1.65506,95.6298,0.525178,-1.54781,0,0.162364
0.185,0.265,14.7974,2.24981,-1.56053,93.3272,0.525178,-1.54781,0,0.162364
0.185,0.275,14.7301,2.20219,-1.46632,91.0659,0.525178,-1.54781,0,0.162364
0.185,0.285,14.6599,2.15527,-1.37242,88.8482,0.525178,-1.54781,0,0.162364
0.185,0.295,14.5871,2.10908,-1.2788,86.6768,0.525178,-1.54781,0,0.162364
0.185,0.305,14.5122,2.06363,-1.18542,84.5543,0.525178,-1.54781,0,0.162364
0.185,0.315,14.4357,2.01891,-1.09229,82.4836,0.525178,-1.54781,0,0.162364
0.185,0.325,14.3578,1.97493,-0.999369,80.4675,0.525178,-1.54781,0,0.162364
0.185,0.335,14.2794,1.93167,-0.90667,78.5089,0.525178,-1.54781,0,0.162364
0.185,0.345,14.2008,1.88909,-0.814203,76.6107,0.525178,-1.54781,0,0.162364
0.185,0.355,14.1228,1.84717,-0.722005,74.7758,0.525178,-1.54781,0,0.162364
0.185,0.365,14.0461,1.80585,-0.630142,73.0072,0.525178,-1.54781,0,0.162364
0.185,0.375,13.9715,1.76507,-0.538713,71.308,0.525178,-1.54781,0,0.162364
0.185,0.385,13.8998,1.72475,-0.447857,69.6818,0.525178,-1.54781,0,0.162364
0.185,0.395,13.8321,1.68481,-0.357754,68.1326,0.525178,-1.54781,0,0.162364
0.185,0.405,13.7697,1.64518,-0.268627,66.6658,0.525178,-1.54781,0,0.162364
0.185,0.415,13.7141,1.60575,-0.180748,65.2883,0.525178,-1.54781,0,0.162364
0.185,0.425,13.6674,1.56641,-0.094433,64.0087,0.525178,-1.54781,0,0.162364
0.185,0.435,13.6351,1.52617,-0.00990059,62.8427,0.525178,-1.54781,0,0.162364
0.185,0.445,13.6273,1.48284,0.0727528,61.7969,0.525178,-1.54781,0,0.162364
0.185,0.455,13.6371,1.43891,0.152939,60.8776,0.525178,-1.54781,0,0.162364
0.185,0.465,13.6691,1.39419,0.229782,60.1152,0.525178,-1.54781,0,0.162364
0.185,0.475,13.7274,1.34844,0.302665,59.5316,0.525178,-1.54781,0,0.162364
0.185,0.485,13.8159,1.30142,0.371008,59.1487,0.525178,-1.54781,0,0.162364
0.185,0.495,13.9378,1.25287,0.434288,58.9883,0.525178,-1.54781,0,0.162364
0.185,0.505,14.0964,1.20251,0.492113,59.0698,0.525178,-1.54781,0,0.162364
0.185,0.515,14.2937,1.15003,0.544302,59.4083,0.525178,-1.54781,0,0.162364
0.185,0.525,14.5308,1.09513,0.590949,60.0118,0.525178,-1.54781,0,0.162364
0.185,0.535,14.807,1.03751,0.632458,60.8799,0.525178,-1.54781,0,0.162364
0.185,0.545,15.1197,0.976899,0.669515,62.0032,0.525178,-1.54781,0,0.162364
0.185,0.555,15.4637,0.913055,0.703008,63.365,0.525178,-1.54781,0,0.162364
0.185,0.565,15.8317,0.845753,0.733917,64.9433,0.525178,-1.54781,0,0.162364
0.185,0.575,16.2125,0.774796,0.763196,66.7131,0.525178,-1.54781,0,0.162364
0.185,0.585,16.5896,0.700035,0.791685,68.648,0.525178,-1.54781,0,0.162364
0.185,0.595,16.9371,0.621356,0.820057,70.7202,0.525178,-1.54781,0,0.162364
0.185,0.605,17.2138,0.538512,0.848802,72.8984,0.525178,-1.54781,0,0.162364
0.185,0.615,17.3571,0.450562,0.878253,75.1463,0.525178,-1.54781,0,0.162364
0.185,0.625,17.2794,0.354642,0.908688,77.421,0.525178,-1.54781,0,0.162364
0.185,0.635,16.8739,0.243692,0.940567,79.6732,0.525178,-1.54781,0,0.162364
0.185,0.645,16.0376,0.102663,0.974981,81.8537,0.525178,-1.54781,0,0.162364
0.185,0.655,14.7072,-0.0976586,1.01445,83.9254,0.525178,-1.54781,0,0.162364
0.185,0.665,12.9113,-0.410697,1.06453,85.8828,0.525178,-1.54781,0,0.162364
0.185,0.675,10.8584,-0.928456,1.13597,87.7767,0.525178,-1.54781,0,0.162364
0.185,0.685,8.90045,-1.78861,1.24674,89.6852,0.525178,-1.54781,0,0.162364
0.185,0.695,7.41157,-3.13399,1.41795,91.6053,0.525178,-1.54781,0,0.162364
0.185,0.705,6.63244,-4.98267,1.65619,93.3593,0.525178,-1.54781,0,0.162364
0.185,0.715,6.65418,-7.11241,1.93523,94.863,0.525178,-1.54781,0,0.162364
0.185,0.725,7.54329,-9.17173,2.20685,96.1968,0.525178,-1.54781,0,0.162364
0.185,0.735,9.46288,-10.8995,2.42809,97.3952,0.525178,-1.54781,0,0.162364
0.185,0.745,12.7108,-12.2108,2.57697,98.1642,0.525178,-1.54781,0,0.162364
0.185,0.755,17.6907,-13.1428,2.65286,97.9367,0.525178,-1.54781,0,0.162364
0.185,0.765,24.876,-13.777,2.67299,96.4971,0.525178,-1.54781,0,0.162364
0.185,0.775,34.8244,-14.1942,2.66752,94.5297,0.525178,-1.54781,0,0.162364
0.185,0.785,48.2472,-14.4619,2.66449,93.2484,0.525178,-1.54781,0,0.162364
0.185,0.795,66.0115,-14.6318,2.67239,93.5063,0.525178,-1.54781,0,0.162364
0.185,0.805,88.717,-14.7412,2.6843,94.854,0.525178,-1.54781,0,0.162364
0.185,0.815,116.127,-14.8141,2.68932,95.9081,0.525178,-1.54781,0,0.162364
0.185,0.825,146.918,-14.865,2.68171,95.38,0.525178,-1.54781,0,0.162364
0.185,0.835,179.08,-14.9017,2.66288,92.9373,0.525178,-1.54781,0,0.162364
0.185,0.845,210.844,-14.9288,2.63918,89.3954,0.525178,-1.54781,0,0.162364
0.185,0.855,241.518,-14.9486,2.61839,86.2087,0.525178,-1.54781,0,0.162364
0.185,0.865,271.639,-14.9629,2.60659,84.6969,0.525178,-1.54781,0,0.162364
0.185,0.875,302.422,-14.9729,2.60638,85.5506,0.525178,-1.54781,0,0.162364
0.185,0.885,335.012,-14.9799,2.61697,88.8099,0.525178,-1.54781,0,0.162364
0.185,0.895,370.014,-14.9847,2.63567,94.1211,0.525178,-1.54781,0,0.162364
0.185,0.905,407.443,-14.9881,2.65939,101.003,0.525178,-1.54781,0,0.162364
0.185,0.915,446.89,-14.9906,2.68562,109.003,0.525178,-1.54781,0,0.162364
0.185,0.925,487.732,-14.9925,2.71264,117.752,0.525178,-1.54781,0,0.162364
0.185,0.935,529.289,-14.9939,2.73936,126.963,0.525178,-1.54781,0,0.162364
0.185,0.945,570.9,-14.9951,2.76517,136.418,0.525178,-1.54781,0,0.162364
0.185,0.955,611.965,-14.996,2.78974,145.945,0.525178,-1.54781,0,0.162364
0.185,0.965,651.955,-14.9968,2.81288,155.405,0.525178,-1.54781,0,0.162364
0.185,0.975,690.416,-14.9974,2.83451,164.681,0.525178,-1.54781,0,0.162364
0.185,0.985,726.968,-14.9979,2.85458,173.672,0.525178,-1.54781,0,0.162364
0.185,0.995,761.304,-14.9984,2.87309,182.293,0.525178,-1.54781,0,0.162364
0.195,0.005,15.1311,3.64387,-4.12369,156.851,0.480221,-1.48946,0,0.143244
0.195,0.015,15.13,3.59684,-4.02058,154.204,0.480221,-1.48946,0,0.143244
0.195,0.025,15.1285,3.54894,-3.9176,151.552,0.480221,-1.48946,0,0.143244
0.195,0.035,15.1262,3.5002,-3.81476,148.897,0.480221,-1.48946,0,0.143244
0.195,0.045,15.1233,3.45065,-3.71203,146.244,0.480221,-1.48946,0,0.143244
0.195,0.055,15.1206,3.40035,-3.60916,143.609,0.480221,-1.48946,0,0.143244
0.195,0.065,15.1166,3.34948,-3.50649,140.976,0.480221,-1.48946,0,0.143244
0.195,0.075,15.1108,3.29813,-3.40411,138.345,0.480221,-1.48946,0,0.143244
0.195,0.085,15.1031,3.24637,-3.30206,135.718,0.480221,-1.48946,0,0.143244
0.195,0.095,15.0932,3.19427,-3.20036,133.096,0.480221,-1.48946,0,0.143244
0.195,0.105,15.081,3.14192,-3.09904,130.482,0.480221,-1.48946,0,0.143244
0.195,0.115,15.0663,3.08938,-2.99813,127.877,0.480221,-1.48946,0,0.143244
0.195,0.125,15.0488,3.03673,-2.89764,125.283,0.480221,-1.48946,0,0.143244
0.195,0.135,15.0285,2.98404,-2.7976,122.701,0.480221,-1.48946,0,0.143244
0.195,0.145,15.0051,2.93138,-2.69801,120.134,0.480221,-1.48946,0,0.143244
0.195,0.155,14.9786,2.87882,-2.59888,117.584,0.480221,-1.48946,0,0.143244
0.195,0.165,14.9488,2.82642,-2.50022,115.053,0.480221,-1.48946,0,0.143244
0.195,0.175,14.9157,2.77424,-2.40203,112.541,0.480221,-1.48946,0,0.143244
0.195,0.185,14.8791,2.72235,-2.3043,110.053,0.480221,-1.48946,0,0.143244
0.195,0.195,14.8391,2.6708,-2.20704,107.588,0.480221,-1.48946,0,0.143244
0.195,0.205,14.7956,2.61964,-2.11023,105.151,0.480221,-1.48946,0,0.143244
0.195,0.215,14.7487,2.56892,-2.01385,102.741,0.480221,-1.48946,0,0.143244
0.195,0.225,14.6982,2.51869,-1.9179,100.362,0.480221,-1.48946,0,0.143244
0.195,0.235,14.6444,2.469,-1.82235,98.0154,0.480221,-1.48946,0,0.143244
0.195,0.245,14.5873,2.41987,-1.72719,95.7034,0.480221,-1.48946,0,0.143244
0.195,0.255,14.5271,2.37136,-1.6324,93.4279,0.480221,-1.48946,0,0.143244
0.195,0.265,14.4638,2.32349,-1.53794,91.1914,0.480221,-1.48946,0,0.143244
0.195,0.275,14.3977,2.27629,-1.44381,88.9959,0.480221,-1.48946,0,0.143244
0.195,0.285,14.3292,2.22978,-1.34997,86.8439,0.480221,-1.48946,0,0.143244
0.195,0.295,14.2584,2.18398,-1.2564,84.7378,0.480221,-1.48946,0,0.143244
0.195,0.305,14.1857,2.13891,-1.16308,82.6802,0.480221,-1.48946,0,0.143244
0.195,0.315,14.1116,2.09456,-1.06999,80.6737,0.480221,-1.48946,0,0.143244
0.195,0.325,14.0366,2.05092,-0.977129,78.721,0.480221,-1.48946,0,0.143244
0.195,0.335,13.9612,2.00799,-0.884499,76.8247,0.480221,-1.48946,0,0.143244
0.195,0.345,13.8859,1.96572,-0.792121,74.9878,0.480221,-1.48946,0,0.143244
0.195,0.355,13.8113,1.92409,-0.700039,73.213,0.480221,-1.48946,0,0.143244
0.195,0.365,13.7383,1.88303,-0.608327,71.5033,0.480221,-1.48946,0,0.143244
0.195,0.375,13.6675,1.8425,-0.51709,69.8619,0.480221,-1.48946,0,0.143244
0.195,0.385,13.6,1.80241,-0.426474,68.2925,0.480221,-1.48946,0,0.143244
0.195,0.395,13.5366,1.76269,-0.336665,66.7996,0.480221,-1.48946,0,0.143244
0.195,0.405,13.4789,1.72325,-0.247893,65.3888,0.480221,-1.48946,0,0.143244
0.195,0.415,13.4284,1.68401,-0.160434,64.0673,0.480221,-1.48946,0,0.143244
0.195,0.425,13.3871,1.64482,-0.0746094,62.8442,0.480221,-1.48946,0,0.143244
0.195,0.435,13.3633,1.60401,0.00944259,61.7384,0.480221,-1.48946,0,0.143244
0.195,0.445,13.3623,1.56059,0.0915254,60.7472,0.480221,-1.48946,0,0.143244
0.195,0.455,13.3791,1.51669,0.170934,59.8886,0.480221,-1.48946,0,0.143244
0.195,0.465,13.4188,1.47193,0.246864,59.1898,0.480221,-1.48946,0,0.143244
0.195,0.475,13.4853,1.42611,0.31871,58.672,0.480221,-1.48946,0,0.143244
0.195,0.485,13.582,1.37896,0.385892,58.3568,0.480221,-1.48946,0,0.143244
0.195,0.495,13.7125,1.33022,0.447908,58.2656,0.480221,-1.48946,0,0.143244
0.195,0.505,13.8797,1.27962,0.504399,58.4169,0.480221,-1.48946,0,0.143244
0.195,0.515,14.0855,1.22684,0.555234,58.8244,0.480221,-1.48946,0,0.143244
0.195,0.525,14.3308,1.17159,0.600571,59.4946,0.480221,-1.48946,0,0.143244
0.195,0.535,14.6146,1.11358,0.640872,60.4251,0.480221,-1.48946,0,0.143244
0.195,0.545,14.9338,1.05255,0.676866,61.6053,0.480221,-1.48946,0,0.143244
0.195,0.555,15.2835,0.98826,0.709461,63.0177,0.480221,-1.48946,0,0.143244
0.195,0.565,15.6558,0.920484,0.73963,64.6401,0.480221,-1.48946,0,0.143244
0.195,0.575,16.04,0.849024,0.768302,66.4481,0.480221,-1.48946,0,0.143244
0.195,0.585,16.4191,0.773734,0.796277,68.4159,0.480221,-1.48946,0,0.143244
0.195,0.595,16.767,0.694507,0.824192,70.5159,0.480221,-1.48946,0,0.143244
0.195,0.605,17.0417,0.611096,0.852504,72.7172,0.480221,-1.48946,0,0.143244
0.195,0.615,17.1787,0.522515,0.881523,74.9832,0.480221,-1.48946,0,0.143244
0.195,0.625,17.0883,0.425732,0.911528,77.2703,0.480221,-1.48946,0,0.143244
0.195,0.635,16.6616,0.313261,0.943017,79.5292,0.480221,-1.48946,0,0.143244
0.195,0.645,15.7952,0.169147,0.977191,81.7108,0.480221,-1.48946,0,0.143244
0.195,0.655,14.4358,-0.0376005,1.01682,83.7806,0.480221,-1.48946,0,0.143244
0.195,0.665,12.6201,-0.363504,1.06791,85.7382,0.480221,-1.48946,0,0.143244
0.195,0.675,10.571,-0.90518,1.14198,87.637,0.480221,-1.48946,0,0.143244
0.195,0.685,8.65087,-1.80414,1.25778,89.5487,0.480221,-1.48946,0,0.143244
0.195,0.695,7.22692,-3.1982,1.43583,91.4477,0.480221,-1.48946,0,0.143244
0.195,0.705,6.51871,-5.08541,1.67953,93.1415,0.480221,-1.48946,0,0.143244
0.195,0.715,6.60208,-7.22455,1.95884,94.5753,0.480221,-1.48946,0,0.143244
0.195,0.725,7.54061,-9.26774,2.22511,95.8406,0.480221,-1.48946,0,0.143244
0.195,0.735,9.49888,-10.9705,2.43784,96.9412,0.480221,-1.48946,0,0.143244
0.195,0.745,12.7717,-12.2597,2.57765,97.5404,0.480221,-1.48946,0,0.143244
0.195,0.755,17.7526,-13.1757,2.646,97.0819,0.480221,-1.48946,0,0.143244
0.195,0.765,24.9073,-13.7988,2.66192,95.4628,0.480221,-1.48946,0,0.143244
0.195,0.775,34.8064,-14.2082,2.65654,93.5183,0.480221,-1.48946,0,0.143244
0.195,0.785,48.2027,-14.4705,2.65691,92.5157,0.480221,-1.48946,0,0.143244
0.195,0.795,66.0064,-14.637,2.66922,93.1966,0.480221,-1.48946,0,0.143244
0.195,0.805,88.8254,-14.7443,2.68451,94.935,0.480221,-1.48946,0,0.143244
0.195,0.815,116.383,-14.8162,2.69116,96.2166,0.480221,-1.48946,0,0.143244
0.195,0.825,147.281,-14.8664,2.68367,95.7114,0.480221,-1.48946,0,0.143244
0.195,0.835,179.447,-14.9028,2.66407,93.1326,0.480221,-1.48946,0,0.143244
0.195,0.845,211.095,-14.9296,2.63934,89.3932,0.480221,-1.48946,0,0.143244
0.195,0.855,241.578,-14.9492,2.61771,86.0416,0.480221,-1.48946,0,0.143244
0.195,0.865,271.512,-14.9633,2.60549,84.4448,0.480221,-1.48946,0,0.143244
0.195,0.875,302.171,-14.9733,2.60524,85.2895,0.480221,-1.48946,0,0.143244
0.195,0.885,334.717,-14.9801,2.61603,88.586,0.480221,-1.48946,0,0.143244
0.195,0.895,369.738,-14.9849,2.63499,93.9508,0.480221,-1.48946,0,0.143244
0.195,0.905,407.219,-14.9882,2.65895,100.884,0.480221,-1.48946,0,0.143244
0.195,0.915,446.725,-14.9907,2.68535,108.925,0.480221,-1.48946,0,0.143244
0.195,0.925,487.621,-14.9925,2.71248,117.703,0.480221,-1.48946,0,0.143244
0.195,0.935,529.218,-14.9939,2.73927,126.934,0.480221,-1.48946,0,0.143244
0.195,0.945,570.857,-14.9951,2.76513,136.401,0.480221,-1.48946,0,0.143244
0.195,0.955,611.94,-14.996,2.78972,145.935,0.480221,-1.48946,0,0.143244
0.195,0.965,651.941,-14.9968,2.81287,155.4,0.480221,-1.48946,0,0.143244
0.195,0.975,690.409,-14.9974,2.8345,164.678,0.480221,-1.48946,0,0.143244
0.195,0.985,726.964,-14.9979,2.85458,173.671,0.480221,-1.48946,0,0.143244
0.195,0.995,761.302,-14.9984,2.87309,182.292,0.480221,-1.48946,0,0.143244
0.205,0.005,14.8582,3.70869,-4.10007,153.317,0.438397,-1.4311,0,0.126088
0.205,0.015,14.8537,3.66178,-3.99677,150.715,0.438397,-1.4311,0,0.126088
0.205,0.025,14.8489,3.61401,-3.89362,148.11,0.438397,-1.4311,0,0.126088
0.205,0.035,14.8434,3.56543,-3.79066,145.502,0.438397,-1.4311,0,0.126088
0.205,0.045,14.8375,3.51606,-3.68778,142.902,0.438397,-1.4311,0,0.126088
0.205,0.055,14.8316,3.46598,-3.58482,140.319,0.438397,-1.4311,0,0.126088
0.205,0.065,14.8244,3.41537,-3.48214,137.737,0.438397,-1.4311,0,0.126088
0.205,0.075,14.8155,3.36431,-3.37979,135.158,0.438397,-1.4311,0,0.126088
0.205,0.085,14.8048,3.31286,-3.27779,132.584,0.438397,-1.4311,0,0.126088
0.205,0.095,14.792,3.2611,-3.17617,130.017,0.438397,-1.4311,0,0.126088
0.205,0.105,14.777,3.2091,-3.07496,127.459,0.438397,-1.4311,0,0.126088
0.205,0.115,14.7597,3.15694,-2.97417,124.91,0.438397,-1.4311,0,0.126088
0.205,0.125,14.7397,3.10469,-2.87383,122.373,0.438397,-1.4311,0,0.126088
0.205,0.135,14.7171,3.05242,-2.77393,119.85,0.438397,-1.4311,0,0.126088
0.205,0.145,14.6916,3.00019,-2.6745,117.342,0.438397,-1.4311,0,0.126088
0.205,0.155,14.6632,2.94807,-2.57554,114.852,0.438397,-1.4311,0,0.126088
0.205,0.165,14.6317,2.89612,-2.47705,112.381,0.438397,-1.4311,0,0.126088
0.205,0.175,14.5971,2.8444,-2.37902,109.931,0.438397,-1.4311,0,0.126088
0.205,0.185,14.5594,2.79297,-2.28145,107.504,0.438397,-1.4311,0,0.126088
0.205,0.195,14.5185,2.74188,-2.18434,105.102,0.438397,-1.4311,0,0.126088
0.205,0.205,14.4743,2.69119,-2.08766,102.727,0.438397,-1.4311,0,0.126088
0.205,0.215,14.4269,2.64094,-1.99142,100.381,0.438397,-1.4311,0,0.126088
0.205,0.225,14.3764,2.59117,-1.89559,98.0657,0.438397,-1.4311,0,0.126088
0.205,0.235,14.3228,2.54193,-1.80015,95.7829,0.438397,-1.4311,0,0.126088
0.205,0.245,14.2662,2.49326,-1.70508,93.5348,0.438397,-1.4311,0,0.126088
0.205,0.255,14.2067,2.44519,-1.61037,91.3234,0.438397,-1.4311,0,0.126088
0.205,0.265,14.1445,2.39776,-1.51598,89.1508,0.438397,-1.4311,0,0.126088
0.205,0.275,14.0798,2.35098,-1.42191,87.0191,0.438397,-1.4311,0,0.126088
0.205,0.285,14.0129,2.30489,-1.32811,84.9307,0.438397,-1.4311,0,0.126088
0.205,0.295,13.9441,2.2595,-1.23459,82.8877,0.438397,-1.4311,0,0.126088
0.205,0.305,13.8737,2.21481,-1.14131,80.8927,0.438397,-1.4311,0,0.126088
0.205,0.315,13.8021,2.17083,-1.04827,78.9481,0.438397,-1.4311,0,0.126088
0.205,0.325,13.7299,2.12755,-0.955457,77.0564,0.438397,-1.4311,0,0.126088
0.205,0.335,13.6574,2.08494,-0.862891,75.2203,0.438397,-1.4311,0,0.126088
0.205,0.345,13.5853,2.04299,-0.770596,73.4424,0.438397,-1.4311,0,0.126088
0.205,0.355,13.5142,2.00165,-0.678624,71.7255,0.438397,-1.4311,0,0.126088
0.205,0.365,13.4447,1.96087,-0.587055,70.0726,0.438397,-1.4311,0,0.126088
0.205,0.375,13.3777,1.92059,-0.496003,68.487,0.438397,-1.4311,0,0.126088
0.205,0.385,13.3142,1.88074,-0.405618,66.9726,0.438397,-1.4311,0,0.126088
0.205,0.395,13.2551,1.84124,-0.316094,65.5342,0.438397,-1.4311,0,0.126088
0.205,0.405,13.202,1.802,-0.227666,64.1777,0.438397,-1.4311,0,0.126088
0.205,0.415,13.1563,1.76294,-0.140616,62.9106,0.438397,-1.4311,0,0.126088
0.205,0.425,13.1204,1.7239,-0.0552701,61.7427,0.438397,-1.4311,0,0.126088
0.205,0.435,13.1057,1.68234,0.0283127,60.6952,0.438397,-1.4311,0,0.126088
0.205,0.445,13.1107,1.639,0.109823,59.758,0.438397,-1.4311,0,0.126088
0.205,0.455,13.1345,1.59509,0.188443,58.959,0.438397,-1.4311,0,0.126088
0.205,0.465,13.1816,1.55029,0.263456,58.3222,0.438397,-1.4311,0,0.126088
0.205,0.475,13.2558,1.50436,0.334258,57.8684,0.438397,-1.4311,0,0.126088
0.205,0.485,13.3606,1.45705,0.400278,57.6191,0.438397,-1.4311,0,0.126088
0.205,0.495,13.4992,1.40809,0.461032,57.595,0.438397,-1.4311,0,0.126088
0.205,0.505,13.6746,1.35719,0.5162,57.8137,0.438397,-1.4311,0,0.126088
0.205,0.515,13.8884,1.30406,0.565705,58.2873,0.438397,-1.4311,0,0.126088
0.205,0.525,14.1413,1.24841,0.609766,59.0206,0.438397,-1.4311,0,0.126088
0.205,0.535,14.4319,1.18996,0.648902,60.0097,0.438397,-1.4311,0,0.126088
0.205,0.545,14.757,1.12845,0.683882,61.2427,0.438397,-1.4311,0,0.126088
0.205,0.555,15.1114,1.06366,0.715626,62.7014,0.438397,-1.4311,0,0.126088
0.205,0.565,15.4874,0.995347,0.745097,64.3637,0.438397,-1.4311,0,0.126088
0.205,0.575,15.874,0.92332,0.773191,66.2057,0.438397,-1.4311,0,0.126088
0.205,0.585,16.2543,0.847436,0.800672,68.2023,0.438397,-1.4311,0,0.126088
0.205,0.595,16.6018,0.767598,0.828139,70.3265,0.438397,-1.4311,0,0.126088
0.205,0.605,16.8733,0.683557,0.85602,72.5472,0.438397,-1.4311,0,0.126088
0.205,0.615,17.0028,0.594277,0.884605,74.8279,0.438397,-1.4311,0,0.126088
0.205,0.625,16.8983,0.496534,0.914178,77.1243,0.438397,-1.4311,0,0.126088
0.205,0.635,16.4488,0.382373,0.945282,79.3869,0.438397,-1.4311,0,0.126088
0.205,0.645,15.5512,0.234849,0.979241,81.5672,0.438397,-1.4311,0,0.126088
0.205,0.655,14.1597,0.021055,1.0191,83.6334,0.438397,-1.4311,0,0.126088
0.205,0.665,12.3254,-0.318873,1.07135,85.5903,0.438397,-1.4311,0,0.126088
0.205,0.675,10.283,-0.886292,1.14835,87.493,0.438397,-1.4311,0,0.126088
0.205,0.685,8.40489,-1.82605,1.26953,89.4042,0.438397,-1.4311,0,0.126088
0.205,0.695,7.04857,-3.26917,1.45456,91.274,0.438397,-1.4311,0,0.126088
0.205,0.705,6.41135,-5.19228,1.70329,92.9006,0.438397,-1.4311,0,0.126088
0.205,0.715,6.55483,-7.33709,1.98203,94.2623,0.438397,-1.4311,0,0.126088
0.205,0.725,7.54048,-9.36198,2.24223,95.4573,0.438397,-1.4311,0,0.126088
0.205,0.735,9.53427,-11.0394,2.44607,96.4545,0.438397,-1.4311,0,0.126088
0.205,0.745,12.8273,-12.307,2.57675,96.8772,0.438397,-1.4311,0,0.126088
0.205,0.755,17.8028,-13.2075,2.63779,96.1908,0.438397,-1.4311,0,0.126088
0.205,0.765,24.9204,-13.8198,2.64999,94.4152,0.438397,-1.4311,0,0.126088
0.205,0.775,34.7669,-14.2217,2.64529,92.5319,0.438397,-1.4311,0,0.126088
0.205,0.785,48.1383,-14.4788,2.64954,91.8425,0.438397,-1.4311,0,0.126088
0.205,0.795,65.9862,-14.642,2.66647,92.9642,0.438397,-1.4311,0,0.126088
0.205,0.805,88.9244,-14.7474,2.68517,95.0957,0.438397,-1.4311,0,0.126088
0.205,0.815,116.635,-14.8183,2.69338,96.5982,0.438397,-1.4311,0,0.126088
0.205,0.825,147.646,-14.868,2.68593,96.1049,0.438397,-1.4311,0,0.126088
0.205,0.835,179.82,-14.904,2.66549,93.3768,0.438397,-1.4311,0,0.126088
0.205,0.845,211.354,-14.9305,2.63966,89.427,0.438397,-1.4311,0,0.126088
0.205,0.855,241.648,-14.9499,2.61715,85.9003,0.438397,-1.4311,0,0.126088
0.205,0.865,271.396,-14.9638,2.60447,84.2115,0.438397,-1.4311,0,0.126088
0.205,0.875,301.932,-14.9736,2.60416,85.0426,0.438397,-1.4311,0,0.126088
0.205,0.885,334.435,-14.9803,2.61513,88.3731,0.438397,-1.4311,0,0.126088
0.205,0.895,369.475,-14.985,2.63434,93.7889,0.438397,-1.4311,0,0.126088
0.205,0.905,407.006,-14.9883,2.65853,100.771,0.438397,-1.4311,0,0.126088
0.205,0.915,446.57,-14.9907,2.6851,108.851,0.438397,-1.4311,0,0.126088
0.205,0.925,487.516,-14.9925,2.71234,117.657,0.438397,-1.4311,0,0.126088
0.205,0.935,529.151,-14.994,2.73919,126.907,0.438397,-1.4311,0,0.126088
0.205,0.945,570.816,-14.9951,2.76508,136.385,0.438397,-1.4311,0,0.126088
0.205,0.955,611.916,-14.996,2.78969,145.927,0.438397,-1.4311,0,0.126088
0.205,0.965,651.928,-14.9968,2.81286,155.395,0.438397,-1.4311,0,0.126088
0.205,0.975,690.402,-14.9974,2.8345,164.676,0.438397,-1.4311,0,0.126088
0.205,0.985,726.96,-14.9979,2.85458,173.67,0.438397,-1.4311,0,0.126088
0.205,0.995,761.3,-14.9984,2.87309,182.291,0.438397,-1.4311,0,0.126088
0.215,0.005,14.5928,3.77356,-4.07651,149.894,0.399539,-1.37275,0,0.110724
0.215,0.015,14.5853,3.7268,-3.97309,147.337,0.399539,-1.37275,0,0.110724
0.215,0.025,14.5775,3.67921,-3.86986,144.779,0.399539,-1.37275,0,0.110724
0.215,0.035,14.569,3.63081,-3.76685,142.22,0.399539,-1.37275,0,0.110724
0.215,0.045,14.5604,3.58165,-3.66385,139.674,0.399539,-1.37275,0,0.110724
0.215,0.055,14.5516,3.53185,-3.56089,137.14,0.399539,-1.37275,0,0.110724
0.215,0.065,14.5414,3.48154,-3.45826,134.609,0.399539,-1.37275,0,0.110724
0.215,0.075,14.5297,3.43079,-3.35598,132.082,0.399539,-1.37275,0,0.110724
0.215,0.085,14.5162,3.37969,-3.25407,129.562,0.399539,-1.37275,0,0.110724
0.215,0.095,14.5008,3.3283,-3.15257,127.048,0.399539,-1.37275,0,0.110724
0.215,0.105,14.4833,3.27669,-3.0515,124.545,0.399539,-1.37275,0,0.110724
0.215,0.115,14.4636,3.22494,-2.95086,122.052,0.399539,-1.37275,0,0.110724
0.215,0.125,14.4414,3.17311,-2.85067,119.571,0.399539,-1.37275,0,0.110724
0.215,0.135,14.4167,3.12127,-2.75094,117.106,0.399539,-1.37275,0,0.110724
0.215,0.145,14.3894,3.06949,-2.65168,114.656,0.399539,-1.37275,0,0.110724
0.215,0.155,14.3593,3.01782,-2.55288,112.225,0.399539,-1.37275,0,0.110724
0.215,0.165,14.3264,2.96634,-2.45455,109.813,0.399539,-1.37275,0,0.110724
0.215,0.175,14.2906,2.91509,-2.35668,107.424,0.399539,-1.37275,0,0.110724
0.215,0.185,14.2519,2.86413,-2.25926,105.057,0.399539,-1.37275,0,0.110724
0.215,0.195,14.2102,2.81352,-2.16229,102.717,0.399539,-1.37275,0,0.110724
0.215,0.205,14.1656,2.7633,-2.06575,100.403,0.399539,-1.37275,0,0.110724
0.215,0.215,14.118,2.71352,-1.96963,98.1186,0.399539,-1.37275,0,0.110724
0.215,0.225,14.0675,2.66422,-1.8739,95.8651,0.399539,-1.37275,0,0.110724
0.215,0.235,14.0142,2.61545,-1.77856,93.6444,0.399539,-1.37275,0,0.110724
0.215,0.245,13.9582,2.56723,-1.68357,91.4585,0.399539,-1.37275,0,0.110724
0.215,0.255,13.8996,2.51962,-1.58893,89.3093,0.399539,-1.37275,0,0.110724
0.215,0.265,13.8386,2.47262,-1.4946,87.1987,0.399539,-1.37275,0,0.110724
0.215,0.275,13.7754,2.42628,-1.40057,85.129,0.399539,-1.37275,0,0.110724
0.215,0.285,13.7102,2.38061,-1.30682,83.102,0.399539,-1.37275,0,0.110724
0.215,0.295,13.6434,2.33562,-1.21333,81.1202,0.399539,-1.37275,0,0.110724
0.215,0.305,13.5752,2.29132,-1.12008,79.1856,0.399539,-1.37275,0,0.110724
0.215,0.315,13.5061,2.24772,-1.02708,77.3008,0.399539,-1.37275,0,0.110724
0.215,0.325,13.4366,2.20479,-0.934309,75.468,0.399539,-1.37275,0,0.110724
0.215,0.335,13.367,2.16253,-0.841798,73.6898,0.399539,-1.37275,0,0.110724
0.215,0.345,13.2981,2.12089,-0.749579,71.9688,0.399539,-1.37275,0,0.110724
0.215,0.355,13.2302,2.07985,-0.657709,70.3078,0.399539,-1.37275,0,0.110724
0.215,0.365,13.1643,2.03934,-0.566277,68.7098,0.399539,-1.37275,0,0.110724
0.215,0.375,13.101,1.99932,-0.475401,67.1781,0.399539,-1.37275,0,0.110724
0.215,0.385,13.0414,1.9597,-0.38524,65.717,0.399539,-1.37275,0,0.110724
0.215,0.395,12.9866,1.92042,-0.295991,64.3315,0.399539,-1.37275,0,0.110724
0.215,0.405,12.9379,1.88139,-0.207897,63.0277,0.399539,-1.37275,0,0.110724
0.215,0.415,12.8971,1.84251,-0.121251,61.8137,0.399539,-1.37275,0,0.110724
0.215,0.425,12.8671,1.80343,-0.0363583,60.7007,0.399539,-1.37275,0,0.110724
0.215,0.435,12.8606,1.76126,0.0467567,59.707,0.399539,-1.37275,0,0.110724
0.215,0.445,12.8715,1.71799,0.127674,58.8243,0.399539,-1.37275,0,0.110724
0.215,0.455,12.902,1.67406,0.205503,58.0838,0.399539,-1.37275,0,0.110724
0.215,0.465,12.9563,1.62918,0.279592,57.5074,0.399539,-1.37275,0,0.110724
0.215,0.475,13.0379,1.58311,0.349343,57.116,0.399539,-1.37275,0,0.110724
0.215,0.485,13.1504,1.5356,0.414195,56.9307,0.399539,-1.37275,0,0.110724
0.215,0.495,13.2968,1.48637,0.473686,56.9716,0.399539,-1.37275,0,0.110724
0.215,0.505,13.4799,1.43514,0.527541,57.2552,0.399539,-1.37275,0,0.110724
0.215,0.515,13.7013,1.38161,0.575737,57.792,0.399539,-1.37275,0,0.110724
0.215,0.525,13.9611,1.32551,0.618556,58.5851,0.399539,-1.37275,0,0.110724
0.215,0.535,14.2579,1.26656,0.65657,59.629,0.399539,-1.37275,0,0.110724
0.215,0.545,14.5882,1.20452,0.69058,60.9107,0.399539,-1.37275,0,0.110724
0.215,0.555,14.9465,1.13917,0.721517,62.4116,0.399539,-1.37275,0,0.110724
0.215,0.565,15.3254,1.07026,0.750323,64.1098,0.399539,-1.37275,0,0.110724
0.215,0.575,15.7137,0.997612,0.777864,65.9822,0.399539,-1.37275,0,0.110724
0.215,0.585,16.0945,0.921075,0.804866,68.0042,0.399539,-1.37275,0,0.110724
0.215,0.595,16.4407,0.840568,0.831893,70.1491,0.399539,-1.37275,0,0.110724
0.215,0.605,16.7081,0.75584,0.859343,72.3863,0.399539,-1.37275,0,0.110724
0.215,0.615,16.8289,0.665794,0.887492,74.6785,0.399539,-1.37275,0,0.110724
0.215,0.625,16.7087,0.566994,0.916631,76.9816,0.399539,-1.37275,0,0.110724
0.215,0.635,16.2349,0.450964,0.947357,79.2454,0.399539,-1.37275,0,0.110724
0.215,0.645,15.305,0.299674,0.981134,81.4225,0.399539,-1.37275,0,0.110724
0.215,0.655,13.8787,0.0781488,1.02131,83.4838,0.399539,-1.37275,0,0.110724
0.215,0.665,12.0274,-0.27706,1.0749,85.4396,0.399539,-1.37275,0,0.110724
0.215,0.675,9.99522,-0.872136,1.15513,87.3452,0.399539,-1.37275,0,0.110724
0.215,0.685,8.16325,-1.8546,1.28207,89.2509,0.399539,-1.37275,0,0.110724
0.215,0.695,6.87688,-3.34677,1.47418,91.0825,0.399539,-1.37275,0,0.110724
0.215,0.705,6.31038,-5.30273,1.72739,92.6351,0.399539,-1.37275,0,0.110724
0.215,0.715,6.51216,-7.44944,2.00467,93.923,0.399539,-1.37275,0,0.110724
0.215,0.725,7.54243,-9.45407,2.2581,95.0459,0.399539,-1.37275,0,0.110724
0.215,0.735,9.56829,-11.1061,2.45272,95.9335,0.399539,-1.37275,0,0.110724
0.215,0.745,12.8765,-12.3526,2.57424,96.1739,0.399539,-1.37275,0,0.110724
0.215,0.755,17.8401,-13.238,2.62823,95.2653,0.399539,-1.37275,0,0.110724
0.215,0.765,24.9142,-13.8399,2.63724,93.3581,0.399539,-1.37275,0,0.110724
0.215,0.775,34.7051,-14.2345,2.63383,91.574,0.399539,-1.37275,0,0.110724
0.215,0.785,48.0527,-14.4866,2.6424,91.2295,0.399539,-1.37275,0,0.110724
0.215,0.795,65.9486,-14.6467,2.66414,92.8069,0.399539,-1.37275,0,0.110724
0.215,0.805,89.0104,-14.7505,2.68624,95.333,0.399539,-1.37275,0,0.110724
0.215,0.815,116.878,-14.8204,2.69596,97.0512,0.399539,-1.37275,0,0.110724
0.215,0.825,148.008,-14.8696,2.68849,96.5607,0.399539,-1.37275,0,0.110724
0.215,0.835,180.196,-14.9053,2.66715,93.6721,0.399539,-1.37275,0,0.110724
0.215,0.845,211.621,-14.9315,2.64017,89.5003,0.399539,-1.37275,0,0.110724
0.215,0.855,241.73,-14.9507,2.61672,85.7883,0.399539,-1.37275,0,0.110724
0.215,0.865,271.293,-14.9644,2.60355,83.9999,0.399539,-1.37275,0,0.110724
0.215,0.875,301.708,-14.9739,2.60316,84.8119,0.399539,-1.37275,0,0.110724
0.215,0.885,334.167,-14.9806,2.61429,88.1723,0.399539,-1.37275,0,0.110724
0.215,0.895,369.224,-14.9851,2.63373,93.6359,0.399539,-1.37275,0,0.110724
0.215,0.905,406.804,-14.9884,2.65813,100.665,0.399539,-1.37275,0,0.110724
0.215,0.915,446.423,-14.9907,2.68486,108.782,0.399539,-1.37275,0,0.110724
0.215,0.925,487.417,-14.9926,2.7122,117.614,0.399539,-1.37275,0,0.110724
0.215,0.935,529.089,-14.994,2.73912,126.881,0.399539,-1.37275,0,0.110724
0.215,0.945,570.779,-14.9951,2.76504,136.371,0.399539,-1.37275,0,0.110724
0.215,0.955,611.895,-14.996,2.78967,145.919,0.399539,-1.37275,0,0.110724
0.215,0.965,651.916,-14.9968,2.81285,155.391,0.399539,-1.37275,0,0.110724
0.215,0.975,690.395,-14.9974,2.83449,164.673,0.399539,-1.37275,0,0.110724
0.215,0.985,726.957,-14.9979,2.85458,173.668,0.399539,-1.37275,0,0.110724
0.215,0.995,761.299,-14.9984,2.87309,182.291,0.399539,-1.37275,0,0.110724
0.225,0.005,14.3268,3.84059,-4.05369,146.462,0.363486,-1.3144,0,0.0969936
0.225,0.015,14.3195,3.79324,-3.95006,143.994,0.363486,-1.3144,0,0.0969936
0.225,0.025,14.3111,3.74526,-3.84664,141.516,0.363486,-1.3144,0,0.0969936
0.225,0.035,14.3015,3.69672,-3.74346,139.029,0.363486,-1.3144,0,0.0969936
0.225,0.045,14.291,3.6477,-3.64034,136.543,0.363486,-1.3144,0,0.0969936
0.225,0.055,14.2795,3.5982,-3.53745,134.059,0.363486,-1.3144,0,0.0969936
0.225,0.065,14.2667,3.5482,-3.43491,131.579,0.363486,-1.3144,0,0.0969936
0.225,0.075,14.2524,3.4978,-3.33273,129.105,0.363486,-1.3144,0,0.0969936
0.225,0.085,14.2364,3.44706,-3.23095,126.637,0.363486,-1.3144,0,0.0969936
0.225,0.095,14.2187,3.39606,-3.12959,124.177,0.363486,-1.3144,0,0.0969936
0.225,0.105,14.1989,3.34486,-3.02867,121.728,0.363486,-1.3144,0,0.0969936
0.225,0.115,14.177,3.29353,-2.92819,119.29,0.363486,-1.3144,0,0.0969936
0.225,0.125,14.1529,3.24213,-2.82817,116.866,0.363486,-1.3144,0,0.0969936
0.225,0.135,14.1264,3.19074,-2.72861,114.457,0.363486,-1.3144,0,0.0969936
0.225,0.145,14.0975,3.13941,-2.62951,112.065,0.363486,-1.3144,0,0.0969936
0.225,0.155,14.066,3.08821,-2.53088,109.692,0.363486,-1.3144,0,0.0969936
0.225,0.165,14.0319,3.03719,-2.4327,107.339,0.363486,-1.3144,0,0.0969936
0.225,0.175,13.9951,2.98642,-2.33499,105.009,0.363486,-1.3144,0,0.0969936
0.225,0.185,13.9556,2.93593,-2.23771,102.702,0.363486,-1.3144,0,0.0969936
0.225,0.195,13.9134,2.8858,-2.14087,100.421,0.363486,-1.3144,0,0.0969936
0.225,0.205,13.8684,2.83605,-2.04445,98.1679,0.363486,-1.3144,0,0.0969936
0.225,0.215,13.8208,2.78674,-1.94844,95.944,0.363486,-1.3144,0,0.0969936
0.225,0.225,13.7705,2.73792,-1.85281,93.7511,0.363486,-1.3144,0,0.0969936
0.225,0.235,13.7177,2.68961,-1.75755,91.5912,0.363486,-1.3144,0,0.0969936
0.225,0.245,13.6624,2.64185,-1.66263,89.4661,0.363486,-1.3144,0,0.0969936
0.225,0.255,13.6048,2.59469,-1.56804,87.3775,0.363486,-1.3144,0,0.0969936
0.225,0.265,13.5451,2.54813,-1.47376,85.3275,0.363486,-1.3144,0,0.0969936
0.225,0.275,13.4834,2.50222,-1.37977,83.3179,0.363486,-1.3144,0,0.0969936
0.225,0.285,13.42,2.45697,-1.28605,81.3508,0.363486,-1.3144,0,0.0969936
0.225,0.295,13.3551,2.41238,-1.19258,79.4282,0.363486,-1.3144,0,0.0969936
0.225,0.305,13.2892,2.36848,-1.09936,77.5522,0.363486,-1.3144,0,0.0969936
0.225,0.315,13.2226,2.32524,-1.00638,75.7252,0.363486,-1.3144,0,0.0969936
0.225,0.325,13.1558,2.28267,-0.913642,73.9495,0.363486,-1.3144,0,0.0969936
0.225,0.335,13.0891,2.24074,-0.821179,72.2273,0.363486,-1.3144,0,0.0969936
0.225,0.345,13.0232,2.19942,-0.729028,70.5614,0.363486,-1.3144,0,0.0969936
0.225,0.355,12.9586,2.15867,-0.637253,68.9544,0.363486,-1.3144,0,0.0969936
0.225,0.365,12.8961,2.11844,-0.545949,67.4094,0.363486,-1.3144,0,0.0969936
0.225,0.375,12.8365,2.07866,-0.455241,65.9301,0.363486,-1.3144,0,0.0969936
0.225,0.385,12.7807,2.03928,-0.365293,64.5207,0.363486,-1.3144,0,0.0969936
0.225,0.395,12.73,2.00022,-0.276312,63.1864,0.363486,-1.3144,0,0.0969936
0.225,0.405,12.6857,1.96138,-0.188548,61.9341,0.363486,-1.3144,0,0.0969936
0.225,0.415,12.6497,1.92265,-0.102301,60.7719,0.363486,-1.3144,0,0.0969936
0.225,0.425,12.6263,1.88333,-0.0178239,59.7133,0.363486,-1.3144,0,0.0969936
0.225,0.435,12.6267,1.84077,0.0648205,58.7696,0.363486,-1.3144,0,0.0969936
0.225,0.445,12.6436,1.79752,0.145104,57.9413,0.363486,-1.3144,0,0.0969936
0.225,0.455,12.6807,1.75353,0.222138,57.2581,0.363486,-1.3144,0,0.0969936
0.225,0.465,12.7419,1.70854,0.295297,56.7408,0.363486,-1.3144,0,0.0969936
0.225,0.475,12.8307,1.66229,0.363988,56.4102,0.363486,-1.3144,0,0.0969936
0.225,0.485,12.9505,1.61454,0.427663,56.2871,0.363486,-1.3144,0,0.0969936
0.225,0.495,13.1044,1.565,0.485891,56.3909,0.363486,-1.3144,0,0.0969936
0.225,0.505,13.2948,1.51338,0.53844,56.7368,0.363486,-1.3144,0,0.0969936
0.225,0.515,13.5232,1.45941,0.585348,57.3339,0.363486,-1.3144,0,0.0969936
0.225,0.525,13.7894,1.4028,0.626957,58.1835,0.363486,-1.3144,0,0.0969936
0.225,0.535,14.0917,1.34331,0.663888,59.2786,0.363486,-1.3144,0,0.0969936
0.225,0.545,14.4264,1.2807,0.69697,60.6052,0.363486,-1.3144,0,0.0969936
0.225,0.555,14.7881,1.21473,0.727137,62.1446,0.363486,-1.3144,0,0.0969936
0.225,0.565,15.1691,1.14517,0.755309,63.8752,0.363486,-1.3144,0,0.0969936
0.225,0.575,15.5584,1.07184,0.782317,65.7746,0.363486,-1.3144,0,0.0969936
0.225,0.585,15.939,0.994596,0.808852,67.8189,0.363486,-1.3144,0,0.0969936
0.225,0.595,16.2832,0.913366,0.835443,69.9817,0.363486,-1.3144,0,0.0969936
0.225,0.605,16.5456,0.827897,0.862462,72.2325,0.363486,-1.3144,0,0.0969936
0.225,0.615,16.6565,0.737022,0.890171,74.5339,0.363486,-1.3144,0,0.0969936
0.225,0.625,16.5192,0.637064,0.918875,76.8411,0.363486,-1.3144,0,0.0969936
0.225,0.635,16.0194,0.518969,0.949232,79.1042,0.363486,-1.3144,0,0.0969936
0.225,0.645,15.0558,0.363523,0.982862,81.2765,0.363486,-1.3144,0,0.0969936
0.225,0.655,13.5951,0.13351,1.02344,83.3324,0.363486,-1.3144,0,0.0969936
0.225,0.665,11.7268,-0.238327,1.07856,85.2866,0.363486,-1.3144,0,0.0969936
0.225,0.675,9.7083,-0.86306,1.16238,87.1934,0.363486,-1.3144,0,0.0969936
0.225,0.685,7.92658,-1.89003,1.29547,89.0877,0.363486,-1.3144,0,0.0969936
0.225,0.695,6.71218,-3.43075,1.49469,90.8711,0.363486,-1.3144,0,0.0969936
0.225,0.705,6.21577,-5.4161,1.75176,92.3437,0.363486,-1.3144,0,0.0969936
0.225,0.715,6.47379,-7.56097,2.02665,93.5566,0.363486,-1.3144,0,0.0969936
0.225,0.725,7.54592,-9.54366,2.27263,94.6051,0.363486,-1.3144,0,0.0969936
0.225,0.735,9.60013,-11.1702,2.45772,95.377,0.363486,-1.3144,0,0.0969936
0.225,0.745,12.9183,-12.3963,2.57011,95.4303,0.363486,-1.3144,0,0.0969936
0.225,0.755,17.8633,-13.2673,2.61736,94.3076,0.363486,-1.3144,0,0.0969936
0.225,0.765,24.8878,-13.8591,2.62373,92.2958,0.363486,-1.3144,0,0.0969936
0.225,0.775,34.6201,-14.2467,2.6222,90.6479,0.363486,-1.3144,0,0.0969936
0.225,0.785,47.9448,-14.4941,2.6355,90.6768,0.363486,-1.3144,0,0.0969936
0.225,0.795,65.8912,-14.6513,2.66221,92.7219,0.363486,-1.3144,0,0.0969936
0.225,0.805,89.0794,-14.7535,2.68771,95.6435,0.363486,-1.3144,0,0.0969936
0.225,0.815,117.108,-14.8225,2.69889,97.5734,0.363486,-1.3144,0,0.0969936
0.225,0.825,148.364,-14.8712,2.69135,97.0793,0.363486,-1.3144,0,0.0969936
0.225,0.835,180.573,-14.9066,2.66907,94.0211,0.363486,-1.3144,0,0.0969936
0.225,0.845,211.896,-14.9325,2.64088,89.6165,0.363486,-1.3144,0,0.0969936
0.225,0.855,241.825,-14.9514,2.61645,85.7091,0.363486,-1.3144,0,0.0969936
0.225,0.865,271.207,-14.9649,2.60274,83.8127,0.363486,-1.3144,0,0.0969936
0.225,0.875,301.5,-14.9743,2.60223,84.5995,0.363486,-1.3144,0,0.0969936
0.225,0.885,333.915,-14.9808,2.6135,87.9849,0.363486,-1.3144,0,0.0969936
0.225,0.895,368.988,-14.9853,2.63316,93.4925,0.363486,-1.3144,0,0.0969936
0.225,0.905,406.614,-14.9885,2.65776,100.565,0.363486,-1.3144,0,0.0969936
0.225,0.915,446.285,-14.9908,2.68464,108.717,0.363486,-1.3144,0,0.0969936
0.225,0.925,487.325,-14.9926,2.71207,117.575,0.363486,-1.3144,0,0.0969936
0.225,0.935,529.031,-14.994,2.73905,126.858,0.363486,-1.3144,0,0.0969936
0.225,0.945,570.744,-14.9951,2.76501,136.358,0.363486,-1.3144,0,0.0969936
0.225,0.955,611.875,-14.996,2.78965,145.911,0.363486,-1.3144,0,0.0969936
0.225,0.965,651.905,-14.9968,2.81284,155.387,0.363486,-1.3144,0,0.0969936
0.225,0.975,690.389,-14.9974,2.83449,164.671,0.363486,-1.3144,0,0.0969936
0.225,0.985,726.954,-14.9979,2.85457,173.667,0.363486,-1.3144,0,0.0969936
0.225,0.995,761.297,-14.9984,2.87309,182.29,0.363486,-1.3144,0,0.0969936
0.235,0.005,14.044,3.91433,-4.03183,142.791,0.330085,-1.25605,0,0.0847491
0.235,0.015,14.0361,3.8666,-3.92825,140.404,0.330085,-1.25605,0,0.0847491
0.235,0.025,14.028,3.81803,-3.8249,138.019,0.330085,-1.25605,0,0.0847491
0.235,0.035,14.0198,3.76863,-3.72175,135.639,0.330085,-1.25605,0,0.0847491
0.235,0.045,14.0124,3.71844,-3.61847,133.282,0.330085,-1.25605,0,0.0847491
0.235,0.055,14.0037,3.66782,-3.51539,130.923,0.330085,-1.25605,0,0.0847491
0.235,0.065,13.9928,3.61705,-3.41266,128.553,0.330085,-1.25605,0,0.0847491
0.235,0.075,13.9793,3.56626,-3.31032,126.171,0.330085,-1.25605,0,0.0847491
0.235,0.085,13.9627,3.51557,-3.20848,123.776,0.330085,-1.25605,0,0.0847491
0.235,0.095,13.9429,3.46496,-3.10727,121.372,0.330085,-1.25605,0,0.0847491
0.235,0.105,13.9212,3.41414,-3.00652,118.978,0.330085,-1.25605,0,0.0847491
0.235,0.115,13.8976,3.36319,-2.90621,116.598,0.330085,-1.25605,0,0.0847491
0.235,0.125,13.872,3.31219,-2.80635,114.232,0.330085,-1.25605,0,0.0847491
0.235,0.135,13.8441,3.26121,-2.70695,111.881,0.330085,-1.25605,0,0.0847491
0.235,0.145,13.8139,3.21032,-2.60801,109.548,0.330085,-1.25605,0,0.0847491
0.235,0.155,13.7813,3.15957,-2.50954,107.233,0.330085,-1.25605,0,0.0847491
0.235,0.165,13.7462,3.109,-2.41151,104.939,0.330085,-1.25605,0,0.0847491
0.235,0.175,13.7087,3.05868,-2.31394,102.668,0.330085,-1.25605,0,0.0847491
0.235,0.185,13.6687,3.00865,-2.2168,100.421,0.330085,-1.25605,0,0.0847491
0.235,0.195,13.6262,2.95897,-2.12008,98.2,0.330085,-1.25605,0,0.0847491
0.235,0.205,13.5812,2.90969,-2.02376,96.0068,0.330085,-1.25605,0,0.0847491
0.235,0.215,13.5338,2.86083,-1.92784,93.8429,0.330085,-1.25605,0,0.0847491
0.235,0.225,13.4839,2.81246,-1.83229,91.7103,0.330085,-1.25605,0,0.0847491
0.235,0.235,13.4317,2.7646,-1.7371,89.6105,0.330085,-1.25605,0,0.0847491
0.235,0.245,13.3773,2.71729,-1.64224,87.5453,0.330085,-1.25605,0,0.0847491
0.235,0.255,13.3209,2.67055,-1.5477,85.5165,0.330085,-1.25605,0,0.0847491
0.235,0.265,13.2625,2.62443,-1.45345,83.526,0.330085,-1.25605,0,0.0847491
0.235,0.275,13.2024,2.57893,-1.35948,81.5755,0.330085,-1.25605,0,0.0847491
0.235,0.285,13.1408,2.53408,-1.26578,79.667,0.330085,-1.25605,0,0.0847491
0.235,0.295,13.0781,2.48989,-1.17232,77.8023,0.330085,-1.25605,0,0.0847491
0.235,0.305,13.0145,2.44635,-1.07911,75.9837,0.330085,-1.25605,0,0.0847491
0.235,0.315,12.9504,2.40348,-0.98614,74.2131,0.330085,-1.25605,0,0.0847491
0.235,0.325,12.8862,2.36124,-0.893429,72.4929,0.330085,-1.25605,0,0.0847491
0.235,0.335,12.8224,2.31963,-0.801004,70.8253,0.330085,-1.25605,0,0.0847491
0.235,0.345,12.7595,2.27862,-0.708911,69.2129,0.330085,-1.25605,0,0.0847491
0.235,0.355,12.6982,2.23815,-0.617222,67.6585,0.330085,-1.25605,0,0.0847491
0.235,0.365,12.6391,2.19818,-0.526037,66.1652,0.330085,-1.25605,0,0.0847491
0.235,0.375,12.583,2.15864,-0.435488,64.7368,0.330085,-1.25605,0,0.0847491
0.235,0.385,12.531,2.11948,-0.345746,63.3777,0.330085,-1.25605,0,0.0847491
0.235,0.395,12.4843,2.08062,-0.257025,62.0936,0.330085,-1.25605,0,0.0847491
0.235,0.405,12.4444,2.04195,-0.169583,60.8914,0.330085,-1.25605,0,0.0847491
0.235,0.415,12.4131,2.00337,-0.0837283,59.7796,0.330085,-1.25605,0,0.0847491
0.235,0.425,12.3968,1.96358,0.000356247,58.7746,0.330085,-1.25605,0,0.0847491
0.235,0.435,12.4032,1.92081,0.0825255,57.8791,0.330085,-1.25605,0,0.0847491
0.235,0.445,12.426,1.87754,0.162142,57.1043,0.330085,-1.25605,0,0.0847491
0.235,0.455,12.4696,1.83345,0.238367,56.4771,0.330085,-1.25605,0,0.0847491
0.235,0.465,12.5374,1.78831,0.310586,56.0175,0.330085,-1.25605,0,0.0847491
0.235,0.475,12.6331,1.74185,0.378206,55.7462,0.330085,-1.25605,0,0.0847491
0.235,0.485,12.7599,1.69381,0.440696,55.6837,0.330085,-1.25605,0,0.0847491
0.235,0.495,12.9209,1.64391,0.497658,55.8483,0.330085,-1.25605,0,0.0847491
0.235,0.505,13.1183,1.59186,0.54891,56.2542,0.330085,-1.25605,0,0.0847491
0.235,0.515,13.3532,1.53739,0.594549,56.9088,0.330085,-1.25605,0,0.0847491
0.235,0.525,13.6253,1.48024,0.634977,57.8116,0.330085,-1.25605,0,0.0847491
0.235,0.535,13.9325,1.42015,0.670863,58.9544,0.330085,-1.25605,0,0.0847491
0.235,0.545,14.271,1.35691,0.703056,60.3225,0.330085,-1.25605,0,0.0847491
0.235,0.555,14.6353,1.29028,0.732486,61.897,0.330085,-1.25605,0,0.0847491
0.235,0.565,15.0179,1.22003,0.76005,63.6569,0.330085,-1.25605,0,0.0847491
0.235,0.575,15.4076,1.14596,0.786542,65.5803,0.330085,-1.25605,0,0.0847491
0.235,0.585,15.7874,1.06796,0.812618,67.6441,0.330085,-1.25605,0,0.0847491
0.235,0.595,16.1288,0.985954,0.838775,69.8225,0.330085,-1.25605,0,0.0847491
0.235,0.605,16.3853,0.899694,0.865361,72.0845,0.330085,-1.25605,0,0.0847491
0.235,0.615,16.4853,0.807925,0.892627,74.3929,0.330085,-1.25605,0,0.0847491
0.235,0.625,16.3293,0.706701,0.920893,76.7024,0.330085,-1.25605,0,0.0847491
0.235,0.635,15.8018,0.586329,0.950891,78.963,0.330085,-1.25605,0,0.0847491
0.235,0.645,14.8034,0.426293,0.984413,81.1296,0.330085,-1.25605,0,0.0847491
0.235,0.655,13.3085,0.18696,1.02549,83.1797,0.330085,-1.25605,0,0.0847491
0.235,0.665,11.424,-0.202959,1.08238,85.1318,0.330085,-1.25605,0,0.0847491
0.235,0.675,9.42291,-0.859418,1.17017,87.0374,0.330085,-1.25605,0,0.0847491
0.235,0.685,7.69548,-1.9325,1.30983,88.9129,0.330085,-1.25605,0,0.0847491
0.235,0.695,6.55472,-3.52082,1.51612,90.6375,0.330085,-1.25605,0,0.0847491
0.235,0.705,6.12742,-5.53171,1.7763,92.0248,0.330085,-1.25605,0,0.0847491
0.235,0.715,6.43939,-7.6711,2.04785,93.1622,0.330085,-1.25605,0,0.0847491
0.235,0.725,7.55039,-9.6304,2.28573,94.1338,0.330085,-1.25605,0,0.0847491
0.235,0.735,9.62898,-11.2318,2.46104,94.7837,0.330085,-1.25605,0,0.0847491
0.235,0.745,12.9516,-12.4381,2.56433,94.6468,0.330085,-1.25605,0,0.0847491
0.235,0.755,17.8714,-13.2952,2.6052,93.3206,0.330085,-1.25605,0,0.0847491
0.235,0.765,24.8404,-13.8773,2.60951,91.2326,0.330085,-1.25605,0,0.0847491
0.235,0.775,34.5114,-14.2581,2.61044,89.7567,0.330085,-1.25605,0,0.0847491
0.235,0.785,47.8136,-14.5011,2.62886,90.1837,0.330085,-1.25605,0,0.0847491
0.235,0.795,65.8118,-14.6556,2.66064,92.7057,0.330085,-1.25605,0,0.0847491
0.235,0.805,89.1277,-14.7564,2.68955,96.0231,0.330085,-1.25605,0,0.0847491
0.235,0.815,117.321,-14.8247,2.70215,98.1623,0.330085,-1.25605,0,0.0847491
0.235,0.825,148.708,-14.8729,2.69451,97.6607,0.330085,-1.25605,0,0.0847491
0.235,0.835,180.948,-14.9079,2.67124,94.4259,0.330085,-1.25605,0,0.0847491
0.235,0.845,212.179,-14.9336,2.64181,89.7791,0.330085,-1.25605,0,0.0847491
0.235,0.855,241.934,-14.9522,2.61635,85.6661,0.330085,-1.25605,0,0.0847491
0.235,0.865,271.139,-14.9654,2.60205,83.6529,0.330085,-1.25605,0,0.0847491
0.235,0.875,301.312,-14.9746,2.60139,84.4072,0.330085,-1.25605,0,0.0847491
0.235,0.885,333.682,-14.981,2.61277,87.8121,0.330085,-1.25605,0,0.0847491
0.235,0.895,368.768,-14.9854,2.63263,93.3594,0.330085,-1.25605,0,0.0847491
0.235,0.905,406.436,-14.9885,2.65741,100.472,0.330085,-1.25605,0,0.0847491
0.235,0.915,446.157,-14.9908,2.68443,108.657,0.330085,-1.25605,0,0.0847491
0.235,0.925,487.239,-14.9926,2.71195,117.538,0.330085,-1.25605,0,0.0847491
0.235,0.935,528.977,-14.994,2.73898,126.836,0.330085,-1.25605,0,0.0847491
0.235,0.945,570.713,-14.9951,2.76497,136.345,0.330085,-1.25605,0,0.0847491
0.235,0.955,611.857,-14.996,2.78964,145.905,0.330085,-1.25605,0,0.0847491
0.235,0.965,651.895,-14.9968,2.81283,155.383,0.330085,-1.25605,0,0.0847491
0.235,0.975,690.384,-14.9974,2.83448,164.669,0.330085,-1.25605,0,0.0847491
0.235,0.985,726.951,-14.9979,2.85457,173.667,0.330085,-1.25605,0,0.0847491
0.235,0.995,761.296,-14.9984,2.87309,182.29,0.330085,-1.25605,0,0.0847491
0.245,0.005,13.7412,3.99606,-4.01028,138.841,0.299185,-1.1977,0,0.0738542
0.245,0.015,13.7297,3.94878,-3.90691,136.495,0.299185,-1.1977,0,0.0738542
0.245,0.025,13.7184,3.90055,-3.80381,134.159,0.299185,-1.1977,0,0.0738542
0.245,0.035,13.7076,3.85136,-3.70089,131.837,0.299185,-1.1977,0,0.0738542
0.245,0.045,13.6983,3.80125,-3.59787,129.547,0.299185,-1.1977,0,0.0738542
0.245,0.055,13.6891,3.75038,-3.49511,127.273,0.299185,-1.1977,0,0.0738542
0.245,0.065,13.6797,3.69884,-3.3927,125.013,0.299185,-1.1977,0,0.0738542
0.245,0.075,13.67,3.64673,-3.29065,122.769,0.299185,-1.1977,0,0.0738542
0.245,0.085,13.6597,3.59411,-3.1889,120.541,0.299185,-1.1977,0,0.0738542
0.245,0.095,13.6479,3.54125,-3.08746,118.319,0.299185,-1.1977,0,0.0738542
0.245,0.105,13.6329,3.48866,-2.98642,116.087,0.299185,-1.1977,0,0.0738542
0.245,0.115,13.6141,3.4365,-2.88578,113.842,0.299185,-1.1977,0,0.0738542
0.245,0.125,13.5912,3.38495,-2.78562,111.583,0.299185,-1.1977,0,0.0738542
0.245,0.135,13.5635,3.3341,-2.68619,109.308,0.299185,-1.1977,0,0.0738542
0.245,0.145,13.533,3.28348,-2.58734,107.042,0.299185,-1.1977,0,0.0738542
0.245,0.155,13.5001,3.23302,-2.48899,104.793,0.299185,-1.1977,0,0.0738542
0.245,0.165,13.4649,3.18275,-2.39109,102.565,0.299185,-1.1977,0,0.0738542
0.245,0.175,13.4273,3.13275,-2.29363,100.359,0.299185,-1.1977,0,0.0738542
0.245,0.185,13.3874,3.08308,-2.19659,98.1757,0.299185,-1.1977,0,0.0738542
0.245,0.195,13.3452,3.03376,-2.09996,96.018,0.299185,-1.1977,0,0.0738542
0.245,0.205,13.3006,2.98485,-2.00373,93.8876,0.299185,-1.1977,0,0.0738542
0.245,0.215,13.2537,2.93638,-1.90788,91.7862,0.299185,-1.1977,0,0.0738542
0.245,0.225,13.2046,2.88839,-1.81239,89.7155,0.299185,-1.1977,0,0.0738542
0.245,0.235,13.1535,2.84091,-1.71725,87.6773,0.299185,-1.1977,0,0.0738542
0.245,0.245,13.1003,2.79399,-1.62243,85.6734,0.299185,-1.1977,0,0.0738542
0.245,0.255,13.0452,2.74763,-1.52791,83.7053,0.299185,-1.1977,0,0.0738542
0.245,0.265,12.9885,2.70188,-1.43368,81.7749,0.299185,-1.1977,0,0.0738542
0.245,0.275,12.9302,2.65675,-1.33971,79.8838,0.299185,-1.1977,0,0.0738542
0.245,0.285,12.8707,2.61225,-1.24601,78.0341,0.299185,-1.1977,0,0.0738542
0.245,0.295,12.8103,2.5684,-1.15255,76.2274,0.299185,-1.1977,0,0.0738542
0.245,0.305,12.7491,2.5252,-1.05933,74.4658,0.299185,-1.1977,0,0.0738542
0.245,0.315,12.6876,2.48264,-0.966365,72.7513,0.299185,-1.1977,0,0.0738542
0.245,0.325,12.6262,2.44071,-0.873665,71.0862,0.299185,-1.1977,0,0.0738542
0.245,0.335,12.5653,2.39939,-0.781266,69.4726,0.299185,-1.1977,0,0.0738542
0.245,0.345,12.5055,2.35863,-0.68922,67.9131,0.299185,-1.1977,0,0.0738542
0.245,0.355,12.4474,2.31841,-0.597605,66.4106,0.299185,-1.1977,0,0.0738542
0.245,0.365,12.3917,2.27867,-0.506528,64.9682,0.299185,-1.1977,0,0.0738542
0.245,0.375,12.3393,2.23935,-0.416128,63.59,0.299185,-1.1977,0,0.0738542
0.245,0.385,12.2911,2.20038,-0.326582,62.2805,0.299185,-1.1977,0,0.0738542
0.245,0.395,12.2484,2.16168,-0.238112,61.0457,0.299185,-1.1977,0,0.0738542
0.245,0.405,12.2128,2.12317,-0.150984,59.8926,0.299185,-1.1977,0,0.0738542
0.245,0.415,12.1861,2.0847,-0.0655157,58.8303,0.299185,-1.1977,0,0.0738542
0.245,0.425,12.1775,2.04422,0.018187,57.8779,0.299185,-1.1977,0,0.0738542
0.245,0.435,12.1892,2.00137,0.099876,57.0302,0.299185,-1.1977,0,0.0738542
0.245,0.445,12.2178,1.95803,0.178803,56.3081,0.299185,-1.1977,0,0.0738542
0.245,0.455,12.2675,1.91382,0.254203,55.7356,0.299185,-1.1977,0,0.0738542
0.245,0.465,12.3418,1.86847,0.325465,55.3325,0.299185,-1.1977,0,0.0738542
0.245,0.475,12.4442,1.82175,0.392,55.1192,0.299185,-1.1977,0,0.0738542
0.245,0.485,12.5777,1.77338,0.453296,55.1156,0.299185,-1.1977,0,0.0738542
0.245,0.495,12.7455,1.72307,0.50899,55.3392,0.299185,-1.1977,0,0.0738542
0.245,0.505,12.9494,1.67054,0.558953,55.8028,0.299185,-1.1977,0,0.0738542
0.245,0.515,13.1904,1.61553,0.603344,56.5121,0.299185,-1.1977,0,0.0738542
0.245,0.525,13.4678,1.55778,0.642623,57.4652,0.299185,-1.1977,0,0.0738542
0.245,0.535,13.7793,1.49706,0.677497,58.6526,0.299185,-1.1977,0,0.0738542
0.245,0.545,14.121,1.43314,0.708835,60.059,0.299185,-1.1977,0,0.0738542
0.245,0.555,14.4875,1.3658,0.737558,61.6655,0.299185,-1.1977,0,0.0738542
0.245,0.565,14.8711,1.2948,0.764534,63.4519,0.299185,-1.1977,0,0.0738542
0.245,0.575,15.2608,1.21995,0.790523,65.3969,0.299185,-1.1977,0,0.0738542
0.245,0.585,15.6392,1.14113,0.816146,67.4781,0.299185,-1.1977,0,0.0738542
0.245,0.595,15.9772,1.05831,0.841871,69.6697,0.299185,-1.1977,0,0.0738542
0.245,0.605,16.2271,0.971203,0.86802,71.9412,0.299185,-1.1977,0,0.0738542
0.245,0.615,16.3148,0.878473,0.894838,74.2547,0.299185,-1.1977,0,0.0738542
0.245,0.625,16.1388,0.775866,0.922666,76.5649,0.299185,-1.1977,0,0.0738542
0.245,0.635,15.5819,0.652981,0.952316,78.8218,0.299185,-1.1977,0,0.0738542
0.245,0.645,14.5474,0.487877,0.985775,80.982,0.299185,-1.1977,0,0.0738542
0.245,0.655,13.0185,0.238307,1.02747,83.0262,0.299185,-1.1977,0,0.0738542
0.245,0.665,11.1195,-0.171263,1.08639,84.9757,0.299185,-1.1977,0,0.0738542
0.245,0.675,9.13968,-0.861568,1.1786,86.8767,0.299185,-1.1977,0,0.0738542
0.245,0.685,7.47051,-1.98215,1.32523,88.7244,0.299185,-1.1977,0,0.0738542
0.245,0.695,6.40467,-3.61654,1.53846,90.3793,0.299185,-1.1977,0,0.0738542
0.245,0.705,6.04519,-5.64883,1.80091,91.6772,0.299185,-1.1977,0,0.0738542
0.245,0.715,6.40856,-7.77922,2.06814,92.7388,0.299185,-1.1977,0,0.0738542
0.245,0.725,7.55521,-9.714,2.29729,93.6309,0.299185,-1.1977,0,0.0738542
0.245,0.735,9.65398,-11.2906,2.46261,94.153,0.299185,-1.1977,0,0.0738542
0.245,0.745,12.9756,-12.4779,2.55691,93.8244,0.299185,-1.1977,0,0.0738542
0.245,0.755,17.8636,-13.3217,2.59178,92.3081,0.299185,-1.1977,0,0.0738542
0.245,0.765,24.7715,-13.8945,2.59464,90.1733,0.299185,-1.1977,0,0.0738542
0.245,0.775,34.3787,-14.2689,2.59859,88.9028,0.299185,-1.1977,0,0.0738542
0.245,0.785,47.658,-14.5076,2.62245,89.749,0.299185,-1.1977,0,0.0738542
0.245,0.795,65.7078,-14.6597,2.65943,92.7544,0.299185,-1.1977,0,0.0738542
0.245,0.805,89.1514,-14.7592,2.69171,96.4674,0.299185,-1.1977,0,0.0738542
0.245,0.815,117.511,-14.8269,2.70571,98.8154,0.299185,-1.1977,0,0.0738542
0.245,0.825,149.037,-14.8747,2.69795,98.3045,0.299185,-1.1977,0,0.0738542
0.245,0.835,181.319,-14.9093,2.67368,94.8886,0.299185,-1.1977,0,0.0738542
0.245,0.845,212.469,-14.9346,2.64297,89.9914,0.299185,-1.1977,0,0.0738542
0.245,0.855,242.06,-14.953,2.61643,85.6628,0.299185,-1.1977,0,0.0738542
0.245,0.865,271.092,-14.966,2.60151,83.5231,0.299185,-1.1977,0,0.0738542
0.245,0.875,301.146,-14.975,2.60065,84.2369,0.299185,-1.1977,0,0.0738542
0.245,0.885,333.469,-14.9812,2.61211,87.655,0.299185,-1.1977,0,0.0738542
0.245,0.895,368.564,-14.9855,2.63214,93.2371,0.299185,-1.1977,0,0.0738542
0.245,0.905,406.272,-14.9886,2.6571,100.387,0.299185,-1.1977,0,0.0738542
0.245,0.915,446.038,-14.9909,2.68424,108.602,0.299185,-1.1977,0,0.0738542
0.245,0.925,487.16,-14.9926,2.71185,117.504,0.299185,-1.1977,0,0.0738542
0.245,0.935,528.928,-14.994,2.73893,126.816,0.299185,-1.1977,0,0.0738542
0.245,0.945,570.684,-14.9951,2.76494,136.334,0.299185,-1.1977,0,0.0738542
0.245,0.955,611.841,-14.996,2.78962,145.899,0.299185,-1.1977,0,0.0738542
0.245,0.965,651.887,-14.9968,2.81282,155.38,0.299185,-1.1977,0,0.0738542
0.245,0.975,690.38,-14.9974,2.83448,164.668,0.299185,-1.1977,0,0.0738542
0.245,0.985,726.949,-14.9979,2.85457,173.666,0.299185,-1.1977,0,0.0738542
0.245,0.995,761.295,-14.9984,2.87309,182.29,0.299185,-1.1977,0,0.0738542
0.255,0.005,13.4675,4.07236,-3.98847,135.312,0.270644,-1.13934,0,0.0641826
0.255,0.015,13.4507,4.02613,-3.88522,132.976,0.270644,-1.13934,0,0.0641826
0.255,0.025,13.4335,3.97912,-3.78224,130.644,0.270644,-1.13934,0,0.0641826
0.255,0.035,13.4163,3.93133,-3.67945,128.321,0.270644,-1.13934,0,0.0641826
0.255,0.045,13.3999,3.88282,-3.57662,126.024,0.270644,-1.13934,0,0.0641826
0.255,0.055,13.3831,3.83371,-3.47413,123.736,0.270644,-1.13934,0,0.0641826
0.255,0.065,13.3656,3.78404,-3.37204,121.46,0.270644,-1.13934,0,0.0641826
0.255,0.075,13.3476,3.73383,-3.27035,119.2,0.270644,-1.13934,0,0.0641826
0.255,0.085,13.3293,3.68307,-3.16907,116.961,0.270644,-1.13934,0,0.0641826
0.255,0.095,13.3109,3.63174,-3.06819,114.748,0.270644,-1.13934,0,0.0641826
0.255,0.105,13.2926,3.57984,-2.96777,112.564,0.270644,-1.13934,0,0.0641826
0.255,0.115,13.2745,3.52737,-2.8678,110.414,0.270644,-1.13934,0,0.0641826
0.255,0.125,13.2571,3.47428,-2.76821,108.304,0.270644,-1.13934,0,0.0641826
0.255,0.135,13.24,3.42066,-2.66886,106.232,0.270644,-1.13934,0,0.0641826
0.255,0.145,13.2206,3.36726,-2.56981,104.168,0.270644,-1.13934,0,0.0641826
0.255,0.155,13.1977,3.31442,-2.47109,102.103,0.270644,-1.13934,0,0.0641826
0.255,0.165,13.1706,3.26242,-2.3727,100.032,0.270644,-1.13934,0,0.0641826
0.255,0.175,13.138,3.21161,-2.27483,97.9446,0.270644,-1.13934,0,0.0641826
0.255,0.185,13.101,3.16168,-2.17761,95.8558,0.270644,-1.13934,0,0.0641826
0.255,0.195,13.0609,3.11231,-2.08091,93.7814,0.270644,-1.13934,0,0.0641826
0.255,0.205,13.0182,3.06343,-1.98467,91.729,0.270644,-1.13934,0,0.0641826
0.255,0.215,12.9733,3.01504,-1.88882,89.7025,0.270644,-1.13934,0,0.0641826
0.255,0.225,12.9261,2.96717,-1.79334,87.7044,0.270644,-1.13934,0,0.0641826
0.255,0.235,12.8769,2.91985,-1.69819,85.7365,0.270644,-1.13934,0,0.0641826
0.255,0.245,12.8258,2.87311,-1.60335,83.8009,0.270644,-1.13934,0,0.0641826
0.255,0.255,12.7729,2.82696,-1.50882,81.8995,0.270644,-1.13934,0,0.0641826
0.255,0.265,12.7185,2.78142,-1.41457,80.0342,0.270644,-1.13934,0,0.0641826
0.255,0.275,12.6626,2.73651,-1.32058,78.2069,0.270644,-1.13934,0,0.0641826
0.255,0.285,12.6057,2.69225,-1.22684,76.4194,0.270644,-1.13934,0,0.0641826
0.255,0.295,12.5479,2.64862,-1.13335,74.6737,0.270644,-1.13934,0,0.0641826
0.255,0.305,12.4895,2.60564,-1.04011,72.9717,0.270644,-1.13934,0,0.0641826
0.255,0.315,12.431,2.5633,-0.947117,71.3154,0.270644,-1.13934,0,0.0641826
0.255,0.325,12.3727,2.52157,-0.854407,69.7071,0.270644,-1.13934,0,0.0641826
0.255,0.335,12.315,2.48044,-0.762014,68.1489,0.270644,-1.13934,0,0.0641826
0.255,0.345,12.2586,2.43987,-0.669997,66.6435,0.270644,-1.13934,0,0.0641826
0.255,0.355,12.2039,2.39982,-0.57844,65.1938,0.270644,-1.13934,0,0.0641826
0.255,0.365,12.1518,2.36023,-0.487454,63.8032,0.270644,-1.13934,0,0.0641826
0.255,0.375,12.1031,2.32105,-0.397188,62.4757,0.270644,-1.13934,0,0.0641826
0.255,0.385,12.0589,2.28221,-0.307824,61.2162,0.270644,-1.13934,0,0.0641826
0.255,0.395,12.0203,2.24362,-0.219592,60.0309,0.270644,-1.13934,0,0.0641826
0.255,0.405,11.9891,2.20519,-0.132769,58.9273,0.270644,-1.13934,0,0.0641826
0.255,0.415,11.9672,2.16673,-0.0476761,57.9147,0.270644,-1.13934,0,0.0641826
0.255,0.425,11.9666,2.1254,0.035648,57.0141,0.270644,-1.13934,0,0.0641826
0.255,0.435,11.9833,2.08254,0.116849,56.2147,0.270644,-1.13934,0,0.0641826
0.255,0.445,12.0176,2.03908,0.195074,55.5451,0.270644,-1.13934,0,0.0641826
0.255,0.455,12.0733,1.99467,0.269635,55.0267,0.270644,-1.13934,0,0.0641826
0.255,0.465,12.1539,1.94908,0.339924,54.6792,0.270644,-1.13934,0,0.0641826
0.255,0.475,12.2626,1.90204,0.40536,54.5228,0.270644,-1.13934,0,0.0641826
0.255,0.485,12.4028,1.85327,0.465452,54.5769,0.270644,-1.13934,0,0.0641826
0.255,0.495,12.577,1.8025,0.519877,54.8579,0.270644,-1.13934,0,0.0641826
0.255,0.505,12.7871,1.74944,0.568562,55.3771,0.270644,-1.13934,0,0.0641826
0.255,0.515,13.0337,1.69383,0.611727,56.1388,0.270644,-1.13934,0,0.0641826
0.255,0.525,13.316,1.63543,0.649885,57.1395,0.270644,-1.13934,0,0.0641826
0.255,0.535,13.6314,1.57403,0.683782,58.3687,0.270644,-1.13934,0,0.0641826
0.255,0.545,13.9759,1.50939,0.714298,59.8106,0.270644,-1.13934,0,0.0641826
0.255,0.555,14.344,1.44128,0.742339,61.4467,0.270644,-1.13934,0,0.0641826
0.255,0.565,14.7281,1.36948,0.768745,63.2573,0.270644,-1.13934,0,0.0641826
0.255,0.575,15.1174,1.29378,0.794242,65.2219,0.270644,-1.13934,0,0.0641826
0.255,0.585,15.4939,1.21411,0.819416,67.3185,0.270644,-1.13934,0,0.0641826
0.255,0.595,15.8281,1.13041,0.844706,69.522,0.270644,-1.13934,0,0.0641826
0.255,0.605,16.0704,1.04241,0.870414,71.8014,0.270644,-1.13934,0,0.0641826
0.255,0.615,16.1449,0.948646,0.896777,74.1187,0.270644,-1.13934,0,0.0641826
0.255,0.625,15.9472,0.844525,0.924164,76.4283,0.270644,-1.13934,0,0.0641826
0.255,0.635,15.3593,0.718863,0.953481,78.6808,0.270644,-1.13934,0,0.0641826
0.255,0.645,14.2875,0.548156,0.986931,80.8342,0.270644,-1.13934,0,0.0641826
0.255,0.655,12.7248,0.287337,1.02938,82.8725,0.270644,-1.13934,0,0.0641826
0.255,0.665,10.8135,-0.143572,1.09065,84.8183,0.270644,-1.13934,0,0.0641826
0.255,0.675,8.8592,-0.86987,1.18776,86.7099,0.270644,-1.13934,0,0.0641826
0.255,0.685,7.25218,-2.03903,1.34175,88.5195,0.270644,-1.13934,0,0.0641826
0.255,0.695,6.26219,-3.71743,1.56168,90.0938,0.270644,-1.13934,0,0.0641826
0.255,0.705,5.96888,-5.76668,1.82544,91.2995,0.270644,-1.13934,0,0.0641826
0.255,0.715,6.38087,-7.88479,2.08737,92.2859,0.270644,-1.13934,0,0.0641826
0.255,0.725,7.55976,-9.79419,2.30724,93.0955,0.270644,-1.13934,0,0.0641826
0.255,0.735,9.67431,-11.3465,2.46239,93.4846,0.270644,-1.13934,0,0.0641826
0.255,0.745,12.9891,-12.5157,2.54785,92.9649,0.270644,-1.13934,0,0.0641826
0.255,0.755,17.8391,-13.3467,2.57715,91.2742,0.270644,-1.13934,0,0.0641826
0.255,0.765,24.6808,-13.9107,2.57917,89.1228,0.270644,-1.13934,0,0.0641826
0.255,0.775,34.2218,-14.2788,2.58669,88.0887,0.270644,-1.13934,0,0.0641826
0.255,0.785,47.4773,-14.5136,2.61629,89.371,0.270644,-1.13934,0,0.0641826
0.255,0.795,65.5771,-14.6636,2.65852,92.8636,0.270644,-1.13934,0,0.0641826
0.255,0.805,89.1467,-14.7619,2.69417,96.9719,0.270644,-1.13934,0,0.0641826
0.255,0.815,117.675,-14.829,2.70956,99.5294,0.270644,-1.13934,0,0.0641826
0.255,0.825,149.347,-14.8764,2.70168,99.0105,0.270644,-1.13934,0,0.0641826
0.255,0.835,181.682,-14.9107,2.67639,95.4112,0.270644,-1.13934,0,0.0641826
0.255,0.845,212.766,-14.9357,2.64437,90.2565,0.270644,-1.13934,0,0.0641826
0.255,0.855,242.203,-14.9538,2.61671,85.7024,0.270644,-1.13934,0,0.0641826
0.255,0.865,271.068,-14.9665,2.60111,83.4261,0.270644,-1.13934,0,0.0641826
0.255,0.875,301.003,-14.9754,2.60002,84.0903,0.270644,-1.13934,0,0.0641826
0.255,0.885,333.277,-14.9814,2.61151,87.5145,0.270644,-1.13934,0,0.0641826
0.255,0.895,368.379,-14.9856,2.6317,93.1261,0.270644,-1.13934,0,0.0641826
0.255,0.905,406.121,-14.9887,2.6568,100.309,0.270644,-1.13934,0,0.0641826
0.255,0.915,445.929,-14.9909,2.68406,108.551,0.270644,-1.13934,0,0.0641826
0.255,0.925,487.088,-14.9926,2.71175,117.473,0.270644,-1.13934,0,0.0641826
0.255,0.935,528.883,-14.994,2.73887,126.798,0.270644,-1.13934,0,0.0641826
0.255,0.945,570.657,-14.9951,2.76491,136.324,0.270644,-1.13934,0,0.0641826
0.255,0.955,611.826,-14.996,2.78961,145.893,0.270644,-1.13934,0,0.0641826
0.255,0.965,651.879,-14.9968,2.81281,155.377,0.270644,-1.13934,0,0.0641826
0.255,0.975,690.375,-14.9974,2.83448,164.666,0.270644,-1.13934,0,0.0641826
0.255,0.985,726.947,-14.9979,2.85457,173.665,0.270644,-1.13934,0,0.0641826
0.255,0.995,761.294,-14.9984,2.87309,182.289,0.270644,-1.13934,0,0.0641826
0.265,0.005,13.2222,4.14307,-3.9669,132.187,0.244324,-1.08099,0,0.0556175
0.265,0.015,13.2023,4.09741,-3.86375,129.885,0.244324,-1.08099,0,0.0556175
0.265,0.025,13.1819,4.05101,-3.7609,127.586,0.244324,-1.08099,0,0.0556175
0.265,0.035,13.1617,4.00388,-3.65819,125.299,0.244324,-1.08099,0,0.0556175
0.265,0.045,13.1419,3.95614,-3.55551,123.032,0.244324,-1.08099,0,0.0556175
0.265,0.055,13.1212,3.9079,-3.4532,120.771,0.244324,-1.08099,0,0.0556175
0.265,0.065,13.0996,3.85921,-3.3513,118.519,0.244324,-1.08099,0,0.0556175
0.265,0.075,13.077,3.81015,-3.24981,116.277,0.244324,-1.08099,0,0.0556175
0.265,0.085,13.0532,3.76078,-3.14872,114.046,0.244324,-1.08099,0,0.0556175
0.265,0.095,13.0283,3.71115,-3.04804,111.829,0.244324,-1.08099,0,0.0556175
0.265,0.105,13.002,3.66135,-2.94782,109.626,0.244324,-1.08099,0,0.0556175
0.265,0.115,12.9742,3.61145,-2.84806,107.438,0.244324,-1.08099,0,0.0556175
0.265,0.125,12.9449,3.56144,-2.74875,105.269,0.244324,-1.08099,0,0.0556175
0.265,0.135,12.9147,3.51129,-2.64981,103.124,0.244324,-1.08099,0,0.0556175
0.265,0.145,12.8838,3.46096,-2.55132,101.011,0.244324,-1.08099,0,0.0556175
0.265,0.155,12.8528,3.41035,-2.45332,98.935,0.244324,-1.08099,0,0.0556175
0.265,0.165,12.8225,3.35929,-2.35581,96.9074,0.244324,-1.08099,0,0.0556175
0.265,0.175,12.7943,3.3075,-2.25862,94.9415,0.244324,-1.08099,0,0.0556175
0.265,0.185,12.7666,3.25541,-2.16166,93.021,0.244324,-1.08099,0,0.0556175
0.265,0.195,12.7376,3.20354,-2.06496,91.1278,0.244324,-1.08099,0,0.0556175
0.265,0.205,12.7062,3.1522,-1.96846,89.2523,0.244324,-1.08099,0,0.0556175
0.265,0.215,12.6713,3.10178,-1.87214,87.3856,0.244324,-1.08099,0,0.0556175
0.265,0.225,12.6315,3.05273,-1.7762,85.5151,0.244324,-1.08099,0,0.0556175
0.265,0.235,12.588,3.00469,-1.68072,83.655,0.244324,-1.08099,0,0.0556175
0.265,0.245,12.5416,2.95749,-1.58565,81.8149,0.244324,-1.08099,0,0.0556175
0.265,0.255,12.4931,2.91103,-1.49094,80.0011,0.244324,-1.08099,0,0.0556175
0.265,0.265,12.4427,2.86527,-1.39655,78.2181,0.244324,-1.08099,0,0.0556175
0.265,0.275,12.3908,2.8202,-1.30244,76.4688,0.244324,-1.08099,0,0.0556175
0.265,0.285,12.3377,2.77582,-1.2086,74.7557,0.244324,-1.08099,0,0.0556175
0.265,0.295,12.2838,2.73212,-1.11501,73.0813,0.244324,-1.08099,0,0.0556175
0.265,0.305,12.2293,2.68909,-1.02168,71.4477,0.244324,-1.08099,0,0.0556175
0.265,0.315,12.1746,2.64671,-0.928625,69.8573,0.244324,-1.08099,0,0.0556175
0.265,0.325,12.1202,2.60497,-0.83586,68.3124,0.244324,-1.08099,0,0.0556175
0.265,0.335,12.0665,2.56383,-0.743433,66.8154,0.244324,-1.08099,0,0.0556175
0.265,0.345,12.014,2.52325,-0.651407,65.3692,0.244324,-1.08099,0,0.0556175
0.265,0.355,11.9634,2.48319,-0.559873,63.9768,0.244324,-1.08099,0,0.0556175
0.265,0.365,11.9154,2.4436,-0.468948,62.6418,0.244324,-1.08099,0,0.0556175
0.265,0.375,11.8709,2.40441,-0.378787,61.3684,0.244324,-1.08099,0,0.0556175
0.265,0.385,11.831,2.36555,-0.28958,60.162,0.244324,-1.08099,0,0.0556175
0.265,0.395,11.797,2.32694,-0.201567,59.0289,0.244324,-1.08099,0,0.0556175
0.265,0.405,11.7705,2.28846,-0.115034,57.9769,0.244324,-1.08099,0,0.0556175
0.265,0.415,11.7545,2.2497,-0.0302775,57.0174,0.244324,-1.08099,0,0.0556175
0.265,0.425,11.7609,2.20763,0.0526743,56.1667,0.244324,-1.08099,0,0.0556175
0.265,0.435,11.783,2.16461,0.133365,55.4188,0.244324,-1.08099,0,0.0556175
0.265,0.445,11.8232,2.12091,0.21089,54.8029,0.244324,-1.08099,0,0.0556175
0.265,0.455,11.885,2.07622,0.284608,54.3392,0.244324,-1.08099,0,0.0556175
0.265,0.465,11.9718,2.03029,0.353915,54.0476,0.244324,-1.08099,0,0.0556175
0.265,0.475,12.087,1.98284,0.418243,53.948,0.244324,-1.08099,0,0.0556175
0.265,0.485,12.2335,1.93361,0.477126,54.0592,0.244324,-1.08099,0,0.0556175
0.265,0.495,12.414,1.88229,0.530286,54.3966,0.244324,-1.08099,0,0.0556175
0.265,0.505,12.6301,1.82863,0.577708,54.9701,0.244324,-1.08099,0,0.0556175
0.265,0.515,12.8821,1.77236,0.619671,55.7824,0.244324,-1.08099,0,0.0556175
0.265,0.525,13.1689,1.71326,0.656741,56.8287,0.244324,-1.08099,0,0.0556175
0.265,0.535,13.4877,1.6511,0.689694,58.0975,0.244324,-1.08099,0,0.0556175
0.265,0.545,13.8346,1.58568,0.719418,59.5729,0.244324,-1.08099,0,0.0556175
0.265,0.555,14.204,1.51674,0.746801,61.2366,0.244324,-1.08099,0,0.0556175
0.265,0.565,14.5884,1.44408,0.772653,63.0697,0.244324,-1.08099,0,0.0556175
0.265,0.575,14.9768,1.36749,0.797665,65.0525,0.244324,-1.08099,0,0.0556175
0.265,0.585,15.3512,1.28689,0.822392,67.1634,0.244324,-1.08099,0,0.0556175
0.265,0.595,15.6809,1.20227,0.847245,69.3775,0.244324,-1.08099,0,0.0556175
0.265,0.605,15.9151,1.11331,0.872506,71.6639,0.244324,-1.08099,0,0.0556175
0.265,0.615,15.9751,1.01843,0.898409,73.9842,0.244324,-1.08099,0,0.0556175
0.265,0.625,15.7543,0.912644,0.925355,76.2926,0.244324,-1.08099,0,0.0556175
0.265,0.635,15.1337,0.783906,0.954357,78.5401,0.244324,-1.08099,0,0.0556175
0.265,0.645,14.0234,0.607,0.987863,80.6867,0.244324,-1.08099,0,0.0556175
0.265,0.655,12.4275,0.333815,1.03125,82.719,0.244324,-1.08099,0,0.0556175
0.265,0.665,10.5063,-0.120243,1.09522,84.6593,0.244324,-1.08099,0,0.0556175
0.265,0.675,8.58205,-0.884676,1.19778,86.5352,0.244324,-1.08099,0,0.0556175
0.265,0.685,7.04096,-2.10313,1.35949,88.2951,0.244324,-1.08099,0,0.0556175
0.265,0.695,6.12734,-3.82289,1.58574,89.7785,0.244324,-1.08099,0,0.0556175
0.265,0.705,5.89825,-5.8845,1.84976,90.8909,0.244324,-1.08099,0,0.0556175
0.265,0.715,6.35588,-7.98728,2.10541,91.8027,0.244324,-1.08099,0,0.0556175
0.265,0.725,7.56339,-9.87073,2.31547,92.5271,0.244324,-1.08099,0,0.0556175
0.265,0.735,9.68917,-11.3995,2.46034,92.7788,0.244324,-1.08099,0,0.0556175
0.265,0.745,12.9915,-12.5513,2.53717,92.0709,0.244324,-1.08099,0,0.0556175
0.265,0.755,17.7975,-13.3702,2.56137,90.2241,0.244324,-1.08099,0,0.0556175
0.265,0.765,24.5683,-13.9257,2.56317,88.0861,0.244324,-1.08099,0,0.0556175
0.265,0.775,34.0407,-14.288,2.57477,87.3163,0.244324,-1.08099,0,0.0556175
0.265,0.785,47.2709,-14.5192,2.61037,89.0478,0.244324,-1.08099,0,0.0556175
0.265,0.795,65.4178,-14.6672,2.65789,93.0287,0.244324,-1.08099,0,0.0556175
0.265,0.805,89.1103,-14.7646,2.69689,97.5318,0.244324,-1.08099,0,0.0556175
0.265,0.815,117.808,-14.8311,2.71366,100.301,0.244324,-1.08099,0,0.0556175
0.265,0.825,149.633,-14.8782,2.70567,99.7779,0.244324,-1.08099,0,0.0556175
0.265,0.835,182.037,-14.9122,2.67937,95.9952,0.244324,-1.08099,0,0.0556175
0.265,0.845,213.069,-14.9369,2.64603,90.5775,0.244324,-1.08099,0,0.0556175
0.265,0.855,242.365,-14.9546,2.61721,85.7881,0.244324,-1.08099,0,0.0556175
0.265,0.865,271.069,-14.9671,2.60088,83.3641,0.244324,-1.08099,0,0.0556175
0.265,0.875,300.887,-14.9757,2.5995,83.9691,0.244324,-1.08099,0,0.0556175
0.265,0.885,333.11,-14.9816,2.611,87.3915,0.244324,-1.08099,0,0.0556175
0.265,0.895,368.213,-14.9858,2.6313,93.0269,0.244324,-1.08099,0,0.0556175
0.265,0.905,405.984,-14.9887,2.65654,100.238,0.244324,-1.08099,0,0.0556175
0.265,0.915,445.83,-14.9909,2.68391,108.505,0.244324,-1.08099,0,0.0556175
0.265,0.925,487.022,-14.9927,2.71166,117.444,0.244324,-1.08099,0,0.0556175
0.265,0.935,528.842,-14.994,2.73882,126.782,0.244324,-1.08099,0,0.0556175
0.265,0.945,570.633,-14.9951,2.76489,136.315,0.244324,-1.08099,0,0.0556175
0.265,0.955,611.813,-14.996,2.78959,145.888,0.244324,-1.08099,0,0.0556175
0.265,0.965,651.871,-14.9968,2.81281,155.375,0.244324,-1.08099,0,0.0556175
0.265,0.975,690.372,-14.9974,2.83447,164.665,0.244324,-1.08099,0,0.0556175
0.265,0.985,726.945,-14.9979,2.85457,173.664,0.244324,-1.08099,0,0.0556175
0.265,0.995,761.293,-14.9984,2.87309,182.289,0.244324,-1.08099,0,0.0556175
0.275,0.005,12.9945,4.21092,-3.94573,129.312,0.220092,-1.02264,0,0.0480515
0.275,0.015,12.9725,4.16566,-3.84271,127.052,0.220092,-1.02264,0,0.0480515
0.275,0.025,12.95,4.11967,-3.73999,124.794,0.220092,-1.02264,0,0.0480515
0.275,0.035,12.9279,4.07299,-3.63734,122.554,0.220092,-1.02264,0,0.0480515
0.275,0.045,12.9059,4.02574,-3.53483,120.328,0.220092,-1.02264,0,0.0480515
0.275,0.055,12.883,3.97804,-3.43269,118.109,0.220092,-1.02264,0,0.0480515
0.275,0.065,12.8592,3.92993,-3.33095,115.898,0.220092,-1.02264,0,0.0480515
0.275,0.075,12.8343,3.88149,-3.22962,113.697,0.220092,-1.02264,0,0.0480515
0.275,0.085,12.8082,3.83278,-3.12872,111.506,0.220092,-1.02264,0,0.0480515
0.275,0.095,12.781,3.78386,-3.02821,109.328,0.220092,-1.02264,0,0.0480515
0.275,0.105,12.7524,3.73481,-2.92816,107.165,0.220092,-1.02264,0,0.0480515
0.275,0.115,12.7222,3.68568,-2.82856,105.015,0.220092,-1.02264,0,0.0480515
0.275,0.125,12.6906,3.63651,-2.7294,102.882,0.220092,-1.02264,0,0.0480515
0.275,0.135,12.6575,3.58735,-2.63066,100.77,0.220092,-1.02264,0,0.0480515
0.275,0.145,12.6229,3.53825,-2.53234,98.6783,0.220092,-1.02264,0,0.0480515
0.275,0.155,12.5868,3.48927,-2.43447,96.6091,0.220092,-1.02264,0,0.0480515
0.275,0.165,12.549,3.44048,-2.33703,94.5617,0.220092,-1.02264,0,0.0480515
0.275,0.175,12.5094,3.39194,-2.23995,92.5375,0.220092,-1.02264,0,0.0480515
0.275,0.185,12.4682,3.34366,-2.1432,90.5401,0.220092,-1.02264,0,0.0480515
0.275,0.195,12.4257,3.29561,-2.04681,88.5738,0.220092,-1.02264,0,0.0480515
0.275,0.205,12.3827,3.24768,-1.95083,86.6454,0.220092,-1.02264,0,0.0480515
0.275,0.215,12.3402,3.19963,-1.85528,84.767,0.220092,-1.02264,0,0.0480515
0.275,0.225,12.3001,3.15105,-1.76001,82.9552,0.220092,-1.02264,0,0.0480515
0.275,0.235,12.2611,3.10234,-1.66495,81.1969,0.220092,-1.02264,0,0.0480515
0.275,0.245,12.2223,3.05378,-1.57009,79.4827,0.220092,-1.02264,0,0.0480515
0.275,0.255,12.183,3.00558,-1.47538,77.8058,0.220092,-1.02264,0,0.0480515
0.275,0.265,12.1422,2.95805,-1.38074,76.1586,0.220092,-1.02264,0,0.0480515
0.275,0.275,12.0985,2.91167,-1.28629,74.5284,0.220092,-1.02264,0,0.0480515
0.275,0.285,12.0527,2.86633,-1.19212,72.9213,0.220092,-1.02264,0,0.0480515
0.275,0.295,12.0052,2.82187,-1.09825,71.3433,0.220092,-1.02264,0,0.0480515
0.275,0.305,11.9568,2.77821,-1.00469,69.7989,0.220092,-1.02264,0,0.0480515
0.275,0.315,11.9079,2.7353,-0.911432,68.2918,0.220092,-1.02264,0,0.0480515
0.275,0.325,11.8591,2.69309,-0.818509,66.8256,0.220092,-1.02264,0,0.0480515
0.275,0.335,11.8108,2.65153,-0.725958,65.4031,0.220092,-1.02264,0,0.0480515
0.275,0.345,11.7636,2.61057,-0.633846,64.0278,0.220092,-1.02264,0,0.0480515
0.275,0.355,11.7183,2.57017,-0.542266,62.7031,0.220092,-1.02264,0,0.0480515
0.275,0.365,11.6756,2.53025,-0.451342,61.433,0.220092,-1.02264,0,0.0480515
0.275,0.375,11.6364,2.49076,-0.361231,60.2223,0.220092,-1.02264,0,0.0480515
0.275,0.385,11.6018,2.4516,-0.272133,59.0765,0.220092,-1.02264,0,0.0480515
0.275,0.395,11.5732,2.41269,-0.184295,58.0025,0.220092,-1.02264,0,0.0480515
0.275,0.405,11.5523,2.37391,-0.098014,57.0086,0.220092,-1.02264,0,0.0480515
0.275,0.415,11.5434,2.33444,-0.0135339,56.1079,0.220092,-1.02264,0,0.0480515
0.275,0.425,11.5568,2.29159,0.0690702,55.3108,0.220092,-1.02264,0,0.0480515
0.275,0.435,11.5849,2.2482,0.149242,54.6192,0.220092,-1.02264,0,0.0480515
0.275,0.445,11.6314,2.20408,0.226085,54.0607,0.220092,-1.02264,0,0.0480515
0.275,0.455,11.6997,2.15893,0.298974,53.6548,0.220092,-1.02264,0,0.0480515
0.275,0.465,11.793,2.11249,0.367308,53.4214,0.220092,-1.02264,0,0.0480515
0.275,0.475,11.9148,2.0645,0.430534,53.3803,0.220092,-1.02264,0,0.0480515
0.275,0.485,12.0679,2.01466,0.488218,53.5497,0.220092,-1.02264,0,0.0480515
0.275,0.495,12.2547,1.96268,0.540131,53.944,0.220092,-1.02264,0,0.0480515
0.275,0.505,12.4767,1.9083,0.586313,54.5716,0.220092,-1.02264,0,0.0480515
0.275,0.515,12.734,1.85128,0.627108,55.4339,0.220092,-1.02264,0,0.0480515
0.275,0.525,13.025,1.79137,0.663128,56.5248,0.220092,-1.02264,0,0.0480515
0.275,0.535,13.3471,1.72839,0.695176,57.8321,0.220092,-1.02264,0,0.0480515
0.275,0.545,13.6961,1.66209,0.724141,59.3398,0.220092,-1.02264,0,0.0480515
0.275,0.555,14.0666,1.59226,0.750891,61.0303,0.220092,-1.02264,0,0.0480515
0.275,0.565,14.4511,1.51865,0.776205,62.8851,0.220092,-1.02264,0,0.0480515
0.275,0.575,14.8385,1.44109,0.800741,64.8854,0.220092,-1.02264,0,0.0480515
0.275,0.585,15.2105,1.3595,0.825025,67.0101,0.220092,-1.02264,0,0.0480515
0.275,0.595,15.5354,1.27388,0.84944,69.2345,0.220092,-1.02264,0,0.0480515
0.275,0.605,15.7607,1.18389,0.87425,71.5276,0.220092,-1.02264,0,0.0480515
0.275,0.615,15.8052,1.0878,0.899687,73.8505,0.220092,-1.02264,0,0.0480515
0.275,0.625,15.5597,0.980184,0.926194,76.1574,0.220092,-1.02264,0,0.0480515
0.275,0.635,14.9046,0.848032,0.954905,78.3999,0.220092,-1.02264,0,0.0480515
0.275,0.645,13.7546,0.664258,0.988554,80.5399,0.220092,-1.02264,0,0.0480515
0.275,0.655,12.1261,0.377478,1.0331,82.5658,0.220092,-1.02264,0,0.0480515
0.275,0.665,10.1981,-0.101663,1.1002,84.4978,0.220092,-1.02264,0,0.0480515
0.275,0.675,8.30882,-0.906322,1.20879,86.3501,0.220092,-1.02264,0,0.0480515
0.275,0.685,6.8373,-2.17435,1.37852,88.0479,0.220092,-1.02264,0,0.0480515
0.275,0.695,6.00015,-3.93224,1.61055,89.4312,0.220092,-1.02264,0,0.0480515
0.275,0.705,5.83303,-6.0015,1.87368,90.4506,0.220092,-1.02264,0,0.0480515
0.275,0.715,6.33309,-8.08622,2.1221,91.2891,0.220092,-1.02264,0,0.0480515
0.275,0.725,7.56544,-9.94342,2.3219,91.9256,0.220092,-1.02264,0,0.0480515
0.275,0.735,9.6978,-11.4495,2.45644,92.0369,0.220092,-1.02264,0,0.0480515
0.275,0.745,12.9821,-12.5847,2.52489,91.1459,0.220092,-1.02264,0,0.0480515
0.275,0.755,17.7384,-13.3922,2.54451,89.1632,0.220092,-1.02264,0,0.0480515
0.275,0.765,24.4341,-13.9395,2.54671,87.0683,0.220092,-1.02264,0,0.0480515
0.275,0.775,33.836,-14.2964,2.56287,86.5872,0.220092,-1.02264,0,0.0480515
0.275,0.785,47.0386,-14.5242,2.60466,88.7771,0.220092,-1.02264,0,0.0480515
0.275,0.795,65.2285,-14.6705,2.6575,93.2454,0.220092,-1.02264,0,0.0480515
0.275,0.805,89.0393,-14.7671,2.69984,98.1424,0.220092,-1.02264,0,0.0480515
0.275,0.815,117.905,-14.8332,2.71799,101.128,0.220092,-1.02264,0,0.0480515
0.275,0.825,149.892,-14.88,2.70992,100.606,0.220092,-1.02264,0,0.0480515
0.275,0.835,182.379,-14.9136,2.68263,96.642,0.220092,-1.02264,0,0.0480515
0.275,0.845,213.378,-14.938,2.64795,90.9569,0.220092,-1.02264,0,0.0480515
0.275,0.855,242.546,-14.9554,2.61793,85.9225,0.220092,-1.02264,0,0.0480515
0.275,0.865,271.097,-14.9676,2.60082,83.3393,0.220092,-1.02264,0,0.0480515
0.275,0.875,300.799,-14.9761,2.59911,83.8745,0.220092,-1.02264,0,0.0480515
0.275,0.885,332.966,-14.9818,2.61056,87.2868,0.220092,-1.02264,0,0.0480515
0.275,0.895,368.066,-14.9859,2.63096,92.9397,0.220092,-1.02264,0,0.0480515
0.275,0.905,405.862,-14.9888,2.65631,100.175,0.220092,-1.02264,0,0.0480515
0.275,0.915,445.741,-14.991,2.68376,108.464,0.220092,-1.02264,0,0.0480515
0.275,0.925,486.963,-14.9927,2.71158,117.419,0.220092,-1.02264,0,0.0480515
0.275,0.935,528.806,-14.994,2.73878,126.767,0.220092,-1.02264,0,0.0480515
0.275,0.945,570.612,-14.9951,2.76487,136.307,0.220092,-1.02264,0,0.0480515
0.275,0.955,611.801,-14.996,2.78958,145.884,0.220092,-1.02264,0,0.0480515
0.275,0.965,651.865,-14.9968,2.8128,155.372,0.220092,-1.02264,0,0.0480515
0.275,0.975,690.368,-14.9974,2.83447,164.664,0.220092,-1.02264,0,0.0480515
0.275,0.985,726.943,-14.998,2.85456,173.664,0.220092,-1.02264,0,0.0480515
0.275,0.995,761.292,-14.9984,2.87309,182.289,0.220092,-1.02264,0,0.0480515
0.285,0.005,12.7786,4.27745,-3.92502,126.603,0.197823,-0.964289,0,0.0413853
0.285,0.015,12.7548,4.23254,-3.82214,124.386,0.197823,-0.964289,0,0.0413853
0.285,0.025,12.7306,4.18692,-3.71956,122.172,0.197823,-0.964289,0,0.0413853
0.285,0.035,12.7071,4.14063,-3.61699,119.979,0.197823,-0.964289,0,0.0413853
0.285,0.045,12.6834,4.09381,-3.51463,117.798,0.197823,-0.964289,0,0.0413853
0.285,0.055,12.6589,4.04656,-3.41266,115.624,0.197823,-0.964289,0,0.0413853
0.285,0.065,12.6335,3.99893,-3.31108,113.458,0.197823,-0.964289,0,0.0413853
0.285,0.075,12.607,3.95098,-3.20992,111.301,0.197823,-0.964289,0,0.0413853
0.285,0.085,12.5795,3.90277,-3.10919,109.156,0.197823,-0.964289,0,0.0413853
0.285,0.095,12.5508,3.85438,-3.00885,107.025,0.197823,-0.964289,0,0.0413853
0.285,0.105,12.5209,3.80586,-2.90895,104.908,0.197823,-0.964289,0,0.0413853
0.285,0.115,12.4896,3.75727,-2.80949,102.805,0.197823,-0.964289,0,0.0413853
0.285,0.125,12.4568,3.70867,-2.71047,100.719,0.197823,-0.964289,0,0.0413853
0.285,0.135,12.4226,3.66011,-2.61187,98.652,0.197823,-0.964289,0,0.0413853
0.285,0.145,12.3869,3.61166,-2.51368,96.6052,0.197823,-0.964289,0,0.0413853
0.285,0.155,12.3497,3.56336,-2.41591,94.5795,0.197823,-0.964289,0,0.0413853
0.285,0.165,12.3109,3.51526,-2.31854,92.5756,0.197823,-0.964289,0,0.0413853
0.285,0.175,12.2703,3.46742,-2.22156,90.5949,0.197823,-0.964289,0,0.0413853
0.285,0.185,12.2283,3.41985,-2.12492,88.6404,0.197823,-0.964289,0,0.0413853
0.285,0.195,12.185,3.37259,-2.02865,86.7146,0.197823,-0.964289,0,0.0413853
0.285,0.205,12.1403,3.32566,-1.93273,84.8188,0.197823,-0.964289,0,0.0413853
0.285,0.215,12.0943,3.27912,-1.83719,82.953,0.197823,-0.964289,0,0.0413853
0.285,0.225,12.0469,3.233,-1.74193,81.118,0.197823,-0.964289,0,0.0413853
0.285,0.235,11.9982,3.18735,-1.64691,79.3153,0.197823,-0.964289,0,0.0413853
0.285,0.245,11.9483,3.1422,-1.55213,77.5465,0.197823,-0.964289,0,0.0413853
0.285,0.255,11.8978,3.09751,-1.45762,75.8153,0.197823,-0.964289,0,0.0413853
0.285,0.265,11.8474,3.05308,-1.36344,74.1296,0.197823,-0.964289,0,0.0413853
0.285,0.275,11.7992,3.0085,-1.2695,72.5054,0.197823,-0.964289,0,0.0413853
0.285,0.285,11.7528,2.96393,-1.17576,70.939,0.197823,-0.964289,0,0.0413853
0.285,0.295,11.7081,2.9195,-1.08221,69.4264,0.197823,-0.964289,0,0.0413853
0.285,0.305,11.6647,2.87529,-0.988859,67.9647,0.197823,-0.964289,0,0.0413853
0.285,0.315,11.6225,2.83141,-0.895673,66.5511,0.197823,-0.964289,0,0.0413853
0.285,0.325,11.5806,2.7882,-0.802677,65.177,0.197823,-0.964289,0,0.0413853
0.285,0.335,11.539,2.74579,-0.710001,63.8417,0.197823,-0.964289,0,0.0413853
0.285,0.345,11.4985,2.70404,-0.617773,62.5498,0.197823,-0.964289,0,0.0413853
0.285,0.355,11.4598,2.66288,-0.526105,61.3053,0.197823,-0.964289,0,0.0413853
0.285,0.365,11.4237,2.62222,-0.43513,60.1126,0.197823,-0.964289,0,0.0413853
0.285,0.375,11.3912,2.58199,-0.345014,58.9766,0.197823,-0.964289,0,0.0413853
0.285,0.385,11.3633,2.54212,-0.255967,57.9033,0.197823,-0.964289,0,0.0413853
0.285,0.395,11.3415,2.50251,-0.168244,56.8995,0.197823,-0.964289,0,0.0413853
0.285,0.405,11.3274,2.46304,-0.0821536,55.9739,0.197823,-0.964289,0,0.0413853
0.285,0.415,11.3273,2.42232,0.00211848,55.142,0.197823,-0.964289,0,0.0413853
0.285,0.425,11.3485,2.37845,0.084424,54.408,0.197823,-0.964289,0,0.0413853
0.285,0.435,11.3837,2.33433,0.164109,53.7814,0.197823,-0.964289,0,0.0413853
0.285,0.445,11.4375,2.28945,0.240315,53.2878,0.197823,-0.964289,0,0.0413853
0.285,0.455,11.5131,2.24354,0.31242,52.9464,0.197823,-0.964289,0,0.0413853
0.285,0.465,11.6138,2.19634,0.379823,52.777,0.197823,-0.964289,0,0.0413853
0.285,0.475,11.7428,2.14754,0.441986,52.7992,0.197823,-0.964289,0,0.0413853
0.285,0.485,11.903,2.09687,0.498511,53.0306,0.197823,-0.964289,0,0.0413853
0.285,0.495,12.0965,2.04404,0.54922,53.4845,0.197823,-0.964289,0,0.0413853
0.285,0.505,12.3247,1.98877,0.594214,54.1683,0.197823,-0.964289,0,0.0413853
0.285,0.515,12.5873,1.93083,0.633895,55.0818,0.197823,-0.964289,0,0.0413853
0.285,0.525,12.8828,1.86999,0.66892,56.218,0.197823,-0.964289,0,0.0413853
0.285,0.535,13.2082,1.80604,0.700114,57.5643,0.197823,-0.964289,0,0.0413853
0.285,0.545,13.5594,1.73876,0.728364,59.1047,0.197823,-0.964289,0,0.0413853
0.285,0.555,13.931,1.66791,0.754514,60.8221,0.197823,-0.964289,0,0.0413853
0.285,0.565,14.3156,1.59326,0.779315,62.6991,0.197823,-0.964289,0,0.0413853
0.285,0.575,14.7019,1.51463,0.803392,64.7173,0.197823,-0.964289,0,0.0413853
0.285,0.585,15.0713,1.43196,0.827241,66.8563,0.197823,-0.964289,0,0.0413853
0.285,0.595,15.3911,1.34526,0.85122,69.0914,0.197823,-0.964289,0,0.0413853
0.285,0.605,15.6069,1.25416,0.875578,71.3914,0.197823,-0.964289,0,0.0413853
0.285,0.615,15.6348,1.15674,0.900549,73.7173,0.197823,-0.964289,0,0.0413853
0.285,0.625,15.363,1.0471,0.926625,76.0229,0.197823,-0.964289,0,0.0413853
0.285,0.635,14.6716,0.91115,0.955082,78.2607,0.197823,-0.964289,0,0.0413853
0.285,0.645,13.481,0.719757,0.988983,80.3941,0.197823,-0.964289,0,0.0413853
0.285,0.655,11.8207,0.418028,1.03494,82.4128,0.197823,-0.964289,0,0.0413853
0.285,0.665,9.88915,-0.0882411,1.10567,84.3324,0.197823,-0.964289,0,0.0413853
0.285,0.675,8.04013,-0.935122,1.22092,86.1515,0.197823,-0.964289,0,0.0413853
0.285,0.685,6.64163,-2.25248,1.39888,87.7744,0.197823,-0.964289,0,0.0413853
0.285,0.695,5.88062,-4.04473,1.636,89.05,0.197823,-0.964289,0,0.0413853
0.285,0.705,5.77289,-6.11691,1.89702,89.9786,0.197823,-0.964289,0,0.0413853
0.285,0.715,6.31201,-8.18116,2.13729,90.7454,0.197823,-0.964289,0,0.0413853
0.285,0.725,7.56529,-10.0121,2.32645,91.2916,0.197823,-0.964289,0,0.0413853
0.285,0.735,9.69954,-11.4963,2.45068,91.2608,0.197823,-0.964289,0,0.0413853
0.285,0.745,12.9604,-12.616,2.51107,90.1944,0.197823,-0.964289,0,0.0413853
0.285,0.755,17.6618,-13.4125,2.52664,88.0977,0.197823,-0.964289,0,0.0413853
0.285,0.765,24.2788,-13.9522,2.52986,86.0744,0.197823,-0.964289,0,0.0413853
0.285,0.775,33.6081,-14.3039,2.551,85.903,0.197823,-0.964289,0,0.0413853
0.285,0.785,46.7804,-14.5287,2.59916,88.5566,0.197823,-0.964289,0,0.0413853
0.285,0.795,65.0081,-14.6735,2.65732,93.5091,0.197823,-0.964289,0,0.0413853
0.285,0.805,88.9315,-14.7694,2.70297,98.7991,0.197823,-0.964289,0,0.0413853
0.285,0.815,117.965,-14.8352,2.72253,102.006,0.197823,-0.964289,0,0.0413853
0.285,0.825,150.121,-14.8817,2.71441,101.493,0.197823,-0.964289,0,0.0413853
0.285,0.835,182.708,-14.9151,2.68616,97.3526,0.197823,-0.964289,0,0.0413853
0.285,0.845,213.692,-14.9391,2.65014,91.397,0.197823,-0.964289,0,0.0413853
0.285,0.855,242.748,-14.9562,2.61888,86.1081,0.197823,-0.964289,0,0.0413853
0.285,0.865,271.154,-14.9682,2.60094,83.3538,0.197823,-0.964289,0,0.0413853
0.285,0.875,300.74,-14.9764,2.59883,83.8079,0.197823,-0.964289,0,0.0413853
0.285,0.885,332.849,-14.982,2.6102,87.201,0.197823,-0.964289,0,0.0413853
0.285,0.895,367.94,-14.986,2.63066,92.8648,0.197823,-0.964289,0,0.0413853
0.285,0.905,405.755,-14.9889,2.65611,100.12,0.197823,-0.964289,0,0.0413853
0.285,0.915,445.662,-14.991,2.68364,108.427,0.197823,-0.964289,0,0.0413853
0.285,0.925,486.91,-14.9927,2.71151,117.397,0.197823,-0.964289,0,0.0413853
0.285,0.935,528.773,-14.994,2.73874,126.754,0.197823,-0.964289,0,0.0413853
0.285,0.945,570.593,-14.9951,2.76485,136.299,0.197823,-0.964289,0,0.0413853
0.285,0.955,611.79,-14.996,2.78957,145.88,0.197823,-0.964289,0,0.0413853
0.285,0.965,651.859,-14.9968,2.8128,155.37,0.197823,-0.964289,0,0.0413853
0.285,0.975,690.366,-14.9974,2.83447,164.663,0.197823,-0.964289,0,0.0413853
0.285,0.985,726.942,-14.998,2.85456,173.663,0.197823,-0.964289,0,0.0413853
0.285,0.995,761.291,-14.9984,2.87309,182.288,0.197823,-0.964289,0,0.0413853
0.295,0.005,12.5714,4.34339,-3.90478,124.018,0.177393,-0.905937,0,0.0355281
0.295,0.015,12.546,4.29884,-3.80205,121.843,0.177393,-0.905937,0,0.0355281
0.295,0.025,12.5205,4.25359,-3.6996,119.675,0.177393,-0.905937,0,0.0355281
0.295,0.035,12.4957,4.20769,-3.59713,117.528,0.177393,-0.905937,0,0.0355281
0.295,0.045,12.4705,4.16129,-3.49493,115.391,0.177393,-0.905937,0,0.0355281
0.295,0.055,12.4446,4.11447,-3.39312,113.261,0.177393,-0.905937,0,0.0355281
0.295,0.065,12.4179,4.06729,-3.29171,111.141,0.177393,-0.905937,0,0.0355281
0.295,0.075,12.3902,4.0198,-3.19071,109.03,0.177393,-0.905937,0,0.0355281
0.295,0.085,12.3615,3.97208,-3.09013,106.931,0.177393,-0.905937,0,0.0355281
0.295,0.095,12.3317,3.92418,-2.98996,104.846,0.177393,-0.905937,0,0.0355281
0.295,0.105,12.3008,3.87616,-2.8902,102.775,0.177393,-0.905937,0,0.0355281
0.295,0.115,12.2686,3.82808,-2.79088,100.72,0.177393,-0.905937,0,0.0355281
0.295,0.125,12.2351,3.78,-2.69198,98.6815,0.177393,-0.905937,0,0.0355281
0.295,0.135,12.2002,3.73198,-2.5935,96.6615,0.177393,-0.905937,0,0.0355281
0.295,0.145,12.1639,3.68407,-2.49542,94.6616,0.177393,-0.905937,0,0.0355281
0.295,0.155,12.1262,3.63631,-2.39774,92.6832,0.177393,-0.905937,0,0.0355281
0.295,0.165,12.0871,3.58876,-2.30045,90.7271,0.177393,-0.905937,0,0.0355281
0.295,0.175,12.0465,3.54145,-2.20354,88.7945,0.177393,-0.905937,0,0.0355281
0.295,0.185,12.0044,3.49443,-2.10698,86.8877,0.177393,-0.905937,0,0.0355281
0.295,0.195,11.9611,3.44774,-2.01077,85.0085,0.177393,-0.905937,0,0.0355281
0.295,0.205,11.9165,3.40141,-1.91489,83.1579,0.177393,-0.905937,0,0.0355281
0.295,0.215,11.8706,3.35547,-1.81934,81.3366,0.177393,-0.905937,0,0.0355281
0.295,0.225,11.8234,3.30997,-1.72408,79.5453,0.177393,-0.905937,0,0.0355281
0.295,0.235,11.775,3.26494,-1.62907,77.7858,0.177393,-0.905937,0,0.0355281
0.295,0.245,11.7257,3.2204,-1.53432,76.0604,0.177393,-0.905937,0,0.0355281
0.295,0.255,11.6757,3.17634,-1.43982,74.3707,0.177393,-0.905937,0,0.0355281
0.295,0.265,11.625,3.13277,-1.3456,72.718,0.177393,-0.905937,0,0.0355281
0.295,0.275,11.5739,3.08971,-1.25163,71.1031,0.177393,-0.905937,0,0.0355281
0.295,0.285,11.5225,3.04717,-1.15787,69.5274,0.177393,-0.905937,0,0.0355281
0.295,0.295,11.4711,3.00518,-1.06432,67.9922,0.177393,-0.905937,0,0.0355281
0.295,0.305,11.4199,2.96371,-0.971014,66.4991,0.177393,-0.905937,0,0.0355281
0.295,0.315,11.3695,2.9227,-0.878019,65.0519,0.177393,-0.905937,0,0.0355281
0.295,0.325,11.3215,2.88181,-0.785391,63.6617,0.177393,-0.905937,0,0.0355281
0.295,0.335,11.2769,2.84089,-0.693143,62.3341,0.177393,-0.905937,0,0.0355281
0.295,0.345,11.2359,2.80001,-0.601335,61.0688,0.177393,-0.905937,0,0.0355281
0.295,0.355,11.1989,2.75915,-0.510075,59.8672,0.177393,-0.905937,0,0.0355281
0.295,0.365,11.1667,2.71829,-0.419473,58.7309,0.177393,-0.905937,0,0.0355281
0.295,0.375,11.1392,2.67752,-0.329656,57.6589,0.177393,-0.905937,0,0.0355281
0.295,0.385,11.1169,2.63706,-0.240858,56.6506,0.177393,-0.905937,0,0.0355281
0.295,0.395,11.1012,2.59676,-0.153397,55.7138,0.177393,-0.905937,0,0.0355281
0.295,0.405,11.0939,2.55648,-0.0676072,54.8571,0.177393,-0.905937,0,0.0355281
0.295,0.415,11.1033,2.5141,0.0163829,54.0981,0.177393,-0.905937,0,0.0355281
0.295,0.425,11.1325,2.46898,0.0983513,53.4344,0.177393,-0.905937,0,0.0355281
0.295,0.435,11.1759,2.42375,0.177548,52.8807,0.177393,-0.905937,0,0.0355281
0.295,0.445,11.238,2.37776,0.253149,52.4601,0.177393,-0.905937,0,0.0355281
0.295,0.455,11.3219,2.33072,0.324519,52.1911,0.177393,-0.905937,0,0.0355281
0.295,0.465,11.4309,2.28239,0.391051,52.0932,0.177393,-0.905937,0,0.0355281
0.295,0.475,11.568,2.23247,0.452221,52.1855,0.177393,-0.905937,0,0.0355281
0.295,0.485,11.7361,2.18068,0.507664,52.4848,0.177393,-0.905937,0,0.0355281
0.295,0.495,11.9371,2.12671,0.55725,53.0034,0.177393,-0.905937,0,0.0355281
0.295,0.505,12.172,2.07031,0.601142,53.7472,0.177393,-0.905937,0,0.0355281
0.295,0.515,12.4405,2.01123,0.639796,54.7151,0.177393,-0.905937,0,0.0355281
0.295,0.525,12.7407,1.94926,0.67391,55.8991,0.177393,-0.905937,0,0.0355281
0.295,0.535,13.0697,1.88418,0.704327,57.2864,0.177393,-0.905937,0,0.0355281
0.295,0.545,13.4233,1.81576,0.731926,58.8612,0.177393,-0.905937,0,0.0355281
0.295,0.555,13.7962,1.74376,0.757529,60.6073,0.177393,-0.905937,0,0.0355281
0.295,0.565,14.1811,1.66794,0.781855,62.5079,0.177393,-0.905937,0,0.0355281
0.295,0.575,14.5666,1.58813,0.805501,64.5455,0.177393,-0.905937,0,0.0355281
0.295,0.585,14.9334,1.50428,0.828935,66.7001,0.177393,-0.905937,0,0.0355281
0.295,0.595,15.2479,1.4164,0.852492,68.947,0.177393,-0.905937,0,0.0355281
0.295,0.605,15.4536,1.32408,0.876405,71.2549,0.177393,-0.905937,0,0.0355281
0.295,0.615,15.4637,1.22521,0.900918,73.5845,0.177393,-0.905937,0,0.0355281
0.295,0.625,15.1638,1.11333,0.926581,75.8894,0.177393,-0.905937,0,0.0355281
0.295,0.635,14.4344,0.973145,0.954838,78.1229,0.177393,-0.905937,0,0.0355281
0.295,0.645,13.202,0.773294,0.989134,80.2497,0.177393,-0.905937,0,0.0355281
0.295,0.655,11.511,0.455132,1.03684,82.2594,0.177393,-0.905937,0,0.0355281
0.295,0.665,9.57986,-0.0804148,1.11179,84.161,0.177393,-0.905937,0,0.0355281
0.295,0.675,7.77663,-0.971349,1.23432,85.9358,0.177393,-0.905937,0,0.0355281
0.295,0.685,6.45436,-2.33722,1.42061,87.4712,0.177393,-0.905937,0,0.0355281
0.295,0.695,5.76869,-4.15955,1.66194,88.6338,0.177393,-0.905937,0,0.0355281
0.295,0.705,5.71751,-6.23,1.91958,89.4752,0.177393,-0.905937,0,0.0355281
0.295,0.715,6.29214,-8.27174,2.15084,90.172,0.177393,-0.905937,0,0.0355281
0.295,0.725,7.56235,-10.0766,2.32905,90.6262,0.177393,-0.905937,0,0.0355281
0.295,0.735,9.69382,-11.54,2.44306,90.4535,0.177393,-0.905937,0,0.0355281
0.295,0.745,12.926,-12.6449,2.49576,89.2215,0.177393,-0.905937,0,0.0355281
0.295,0.755,17.568,-13.4312,2.50784,87.034,0.177393,-0.905937,0,0.0355281
0.295,0.765,24.1033,-13.9637,2.51268,85.1093,0.177393,-0.905937,0,0.0355281
0.295,0.775,33.3582,-14.3106,2.53921,85.2646,0.177393,-0.905937,0,0.0355281
0.295,0.785,46.4969,-14.5327,2.59385,88.3839,0.177393,-0.905937,0,0.0355281
0.295,0.795,64.7559,-14.6761,2.65731,93.8157,0.177393,-0.905937,0,0.0355281
0.295,0.805,88.785,-14.7715,2.70626,99.4977,0.177393,-0.905937,0,0.0355281
0.295,0.815,117.984,-14.8371,2.72725,102.932,0.177393,-0.905937,0,0.0355281
0.295,0.825,150.317,-14.8834,2.71914,102.439,0.177393,-0.905937,0,0.0355281
0.295,0.835,183.02,-14.9165,2.68997,98.1279,0.177393,-0.905937,0,0.0355281
0.295,0.845,214.01,-14.9402,2.65261,91.8997,0.177393,-0.905937,0,0.0355281
0.295,0.855,242.971,-14.957,2.62009,86.347,0.177393,-0.905937,0,0.0355281
0.295,0.865,271.24,-14.9687,2.60125,83.409,0.177393,-0.905937,0,0.0355281
0.295,0.875,300.712,-14.9767,2.59869,83.7702,0.177393,-0.905937,0,0.0355281
0.295,0.885,332.758,-14.9822,2.60993,87.1345,0.177393,-0.905937,0,0.0355281
0.295,0.895,367.834,-14.9861,2.63041,92.8023,0.177393,-0.905937,0,0.0355281
0.295,0.905,405.663,-14.9889,2.65593,100.073,0.177393,-0.905937,0,0.0355281
0.295,0.915,445.592,-14.991,2.68353,108.395,0.177393,-0.905937,0,0.0355281
0.295,0.925,486.864,-14.9927,2.71144,117.377,0.177393,-0.905937,0,0.0355281
0.295,0.935,528.744,-14.994,2.73871,126.742,0.177393,-0.905937,0,0.0355281
0.295,0.945,570.576,-14.9951,2.76483,136.293,0.177393,-0.905937,0,0.0355281
0.295,0.955,611.781,-14.996,2.78956,145.877,0.177393,-0.905937,0,0.0355281
0.295,0.965,651.854,-14.9968,2.81279,155.369,0.177393,-0.905937,0,0.0355281
0.295,0.975,690.363,-14.9974,2.83447,164.662,0.177393,-0.905937,0,0.0355281
0.295,0.985,726.941,-14.998,2.85456,173.663,0.177393,-0.905937,0,0.0355281
0.295,0.995,761.291,-14.9984,2.87308,182.288,0.177393,-0.905937,0,0.0355281
0.305,0.005,12.3714,4.40914,-3.88501,121.534,0.158688,-0.847586,0,0.0303964
0.305,0.015,12.3447,4.36495,-3.78244,119.401,0.158688,-0.847586,0,0.0303964
0.305,0.025,12.3179,4.32007,-3.6801,117.278,0.158688,-0.847586,0,0.0303964
0.305,0.035,12.2919,4.27457,-3.57775,115.176,0.158688,-0.847586,0,0.0303964
0.305,0.045,12.2655,4.22859,-3.47572,113.083,0.158688,-0.847586,0,0.0303964
0.305,0.055,12.2384,4.1822,-3.37406,110.997,0.158688,-0.847586,0,0.0303964
0.305,0.065,12.2105,4.13547,-3.27281,108.921,0.158688,-0.847586,0,0.0303964
0.305,0.075,12.1817,4.08845,-3.17196,106.856,0.158688,-0.847586,0,0.0303964
0.305,0.085,12.152,4.04121,-3.07153,104.802,0.158688,-0.847586,0,0.0303964
0.305,0.095,12.1213,3.99381,-2.97151,102.762,0.158688,-0.847586,0,0.0303964
0.305,0.105,12.0895,3.94629,-2.87189,100.737,0.158688,-0.847586,0,0.0303964
0.305,0.115,12.0566,3.89872,-2.77269,98.7282,0.158688,-0.847586,0,0.0303964
0.305,0.125,12.0225,3.85115,-2.6739,96.7364,0.158688,-0.847586,0,0.0303964
0.305,0.135,11.987,3.80364,-2.57553,94.763,0.158688,-0.847586,0,0.0303964
0.305,0.145,11.9504,3.75626,-2.47755,92.8097,0.158688,-0.847586,0,0.0303964
0.305,0.155,11.9124,3.70903,-2.37995,90.878,0.158688,-0.847586,0,0.0303964
0.305,0.165,11.8732,3.66201,-2.28273,88.9689,0.158688,-0.847586,0,0.0303964
0.305,0.175,11.8326,3.61522,-2.18587,87.0836,0.158688,-0.847586,0,0.0303964
0.305,0.185,11.7907,3.56873,-2.08936,85.2237,0.158688,-0.847586,0,0.0303964
0.305,0.195,11.7476,3.52256,-1.99319,83.3908,0.158688,-0.847586,0,0.0303964
0.305,0.205,11.7034,3.47677,-1.89733,81.5861,0.158688,-0.847586,0,0.0303964
0.305,0.215,11.6579,3.43136,-1.80178,79.8105,0.158688,-0.847586,0,0.0303964
0.305,0.225,11.6114,3.38638,-1.70651,78.0649,0.158688,-0.847586,0,0.0303964
0.305,0.235,11.5638,3.34185,-1.6115,76.3509,0.158688,-0.847586,0,0.0303964
0.305,0.245,11.5155,3.2978,-1.51673,74.6703,0.158688,-0.847586,0,0.0303964
0.305,0.255,11.4664,3.25425,-1.42222,73.0245,0.158688,-0.847586,0,0.0303964
0.305,0.265,11.4169,3.21119,-1.32795,71.4147,0.158688,-0.847586,0,0.0303964
0.305,0.275,11.3669,3.16864,-1.23393,69.8416,0.158688,-0.847586,0,0.0303964
0.305,0.285,11.3167,3.1266,-1.14013,68.3065,0.158688,-0.847586,0,0.0303964
0.305,0.295,11.2666,3.08508,-1.04657,66.8113,0.158688,-0.847586,0,0.0303964
0.305,0.305,11.2169,3.04408,-0.953256,65.3577,0.158688,-0.847586,0,0.0303964
0.305,0.315,11.1679,3.00356,-0.860249,63.9479,0.158688,-0.847586,0,0.0303964
0.305,0.325,11.12,2.96349,-0.76761,62.5836,0.158688,-0.847586,0,0.0303964
0.305,0.335,11.0738,2.92382,-0.675388,61.2669,0.158688,-0.847586,0,0.0303964
0.305,0.345,11.0296,2.88453,-0.583653,60.0008,0.158688,-0.847586,0,0.0303964
0.305,0.355,10.9882,2.84558,-0.492518,58.7883,0.158688,-0.847586,0,0.0303964
0.305,0.365,10.9505,2.80691,-0.40215,57.6338,0.158688,-0.847586,0,0.0303964
0.305,0.375,10.918,2.76825,-0.312771,56.547,0.158688,-0.847586,0,0.0303964
0.305,0.385,10.8929,2.72926,-0.224595,55.5403,0.158688,-0.847586,0,0.0303964
0.305,0.395,10.8767,2.68987,-0.137867,54.6207,0.158688,-0.847586,0,0.0303964
0.305,0.405,10.8712,2.64992,-0.0528977,53.7966,0.158688,-0.847586,0,0.0303964
0.305,0.415,10.8874,2.60631,0.0303398,53.0876,0.158688,-0.847586,0,0.0303964
0.305,0.425,10.9215,2.5605,0.11162,52.4751,0.158688,-0.847586,0,0.0303964
0.305,0.435,10.9707,2.51449,0.19007,51.9793,0.158688,-0.847586,0,0.0303964
0.305,0.445,11.0394,2.46758,0.264876,51.6209,0.158688,-0.847586,0,0.0303964
0.305,0.455,11.1306,2.4195,0.33538,51.418,0.158688,-0.847586,0,0.0303964
0.305,0.465,11.2473,2.37001,0.400967,51.3885,0.158688,-0.847586,0,0.0303964
0.305,0.475,11.3924,2.31886,0.46112,51.5502,0.158688,-0.847586,0,0.0303964
0.305,0.485,11.5684,2.26578,0.515497,51.9181,0.158688,-0.847586,0,0.0303964
0.305,0.495,11.777,2.21051,0.564011,52.5029,0.158688,-0.847586,0,0.0303964
0.305,0.505,12.0189,2.15279,0.606876,53.3088,0.158688,-0.847586,0,0.0303964
0.305,0.515,12.2934,2.0924,0.644593,54.3331,0.158688,-0.847586,0,0.0303964
0.305,0.525,12.5987,2.02913,0.677892,55.5669,0.158688,-0.847586,0,0.0303964
0.305,0.535,12.9315,1.96275,0.707623,56.997,0.158688,-0.847586,0,0.0303964
0.305,0.545,13.2877,1.89305,0.734653,58.6082,0.158688,-0.847586,0,0.0303964
0.305,0.555,13.6622,1.81976,0.759777,60.3848,0.158688,-0.847586,0,0.0303964
0.305,0.565,14.0476,1.74264,0.783683,62.311,0.158688,-0.847586,0,0.0303964
0.305,0.575,14.4324,1.66153,0.80694,64.3698,0.158688,-0.847586,0,0.0303964
0.305,0.585,14.7967,1.57639,0.82999,66.5416,0.158688,-0.847586,0,0.0303964
0.305,0.595,15.1057,1.48723,0.853149,68.8018,0.158688,-0.847586,0,0.0303964
0.305,0.605,15.3006,1.39361,0.876637,71.1188,0.158688,-0.847586,0,0.0303964
0.305,0.615,15.2916,1.29315,0.90071,73.4529,0.158688,-0.847586,0,0.0303964
0.305,0.625,14.9619,1.17877,0.925992,75.7578,0.158688,-0.847586,0,0.0303964
0.305,0.635,14.1924,1.03387,0.954125,77.9872,0.158688,-0.847586,0,0.0303964
0.305,0.645,12.9171,0.824629,0.989003,80.107,0.158688,-0.847586,0,0.0303964
0.305,0.655,11.1968,0.488411,1.03885,82.1047,0.158688,-0.847586,0,0.0303964
0.305,0.665,9.27059,-0.0786427,1.11868,83.9807,0.158688,-0.847586,0,0.0303964
0.305,0.675,7.51906,-1.01523,1.24915,85.699,0.158688,-0.847586,0,0.0303964
0.305,0.685,6.27588,-2.42815,1.44368,87.1354,0.158688,-0.847586,0,0.0303964
0.305,0.695,5.66427,-4.27583,1.68817,88.1821,0.158688,-0.847586,0,0.0303964
0.305,0.705,5.66652,-6.34005,1.94113,88.9414,0.158688,-0.847586,0,0.0303964
0.305,0.715,6.27298,-8.3576,2.16261,89.5705,0.158688,-0.847586,0,0.0303964
0.305,0.725,7.55607,-10.1368,2.32965,89.9317,0.158688,-0.847586,0,0.0303964
0.305,0.735,9.68019,-11.5804,2.4336,89.619,0.158688,-0.847586,0,0.0303964
0.305,0.745,12.8788,-12.6716,2.47904,88.2333,0.158688,-0.847586,0,0.0303964
0.305,0.755,17.4574,-13.4483,2.48821,85.9786,0.158688,-0.847586,0,0.0303964
0.305,0.765,23.9085,-13.974,2.49525,84.1778,0.158688,-0.847586,0,0.0303964
0.305,0.775,33.0873,-14.3165,2.52751,84.6731,0.158688,-0.847586,0,0.0303964
0.305,0.785,46.1887,-14.5361,2.58871,88.2568,0.158688,-0.847586,0,0.0303964
0.305,0.795,64.4721,-14.6785,2.65745,94.1615,0.158688,-0.847586,0,0.0303964
0.305,0.805,88.5991,-14.7735,2.70967,100.234,0.158688,-0.847586,0,0.0303964
0.305,0.815,117.961,-14.8389,2.73213,103.904,0.158688,-0.847586,0,0.0303964
0.305,0.825,150.477,-14.885,2.72409,103.442,0.158688,-0.847586,0,0.0303964
0.305,0.835,183.315,-14.9178,2.69404,98.9681,0.158688,-0.847586,0,0.0303964
0.305,0.845,214.332,-14.9413,2.65536,92.4665,0.158688,-0.847586,0,0.0303964
0.305,0.855,243.215,-14.9578,2.62154,86.6409,0.158688,-0.847586,0,0.0303964
0.305,0.865,271.357,-14.9692,2.60175,83.5063,0.158688,-0.847586,0,0.0303964
0.305,0.875,300.716,-14.977,2.59868,83.762,0.158688,-0.847586,0,0.0303964
0.305,0.885,332.695,-14.9824,2.60975,87.0876,0.158688,-0.847586,0,0.0303964
0.305,0.895,367.749,-14.9862,2.63022,92.7522,0.158688,-0.847586,0,0.0303964
0.305,0.905,405.585,-14.989,2.65578,100.033,0.158688,-0.847586,0,0.0303964
0.305,0.915,445.533,-14.9911,2.68344,108.368,0.158688,-0.847586,0,0.0303964
0.305,0.925,486.823,-14.9927,2.71139,117.36,0.158688,-0.847586,0,0.0303964
0.305,0.935,528.719,-14.994,2.73868,126.732,0.158688,-0.847586,0,0.0303964
0.305,0.945,570.561,-14.9951,2.76481,136.287,0.158688,-0.847586,0,0.0303964
0.305,0.955,611.773,-14.996,2.78956,145.874,0.158688,-0.847586,0,0.0303964
0.305,0.965,651.85,-14.9968,2.81279,155.367,0.158688,-0.847586,0,0.0303964
0.305,0.975,690.361,-14.9974,2.83446,164.661,0.158688,-0.847586,0,0.0303964
0.305,0.985,726.94,-14.998,2.85456,173.662,0.158688,-0.847586,0,0.0303964
0.305,0.995,761.29,-14.9984,2.87308,182.288,0.158688,-0.847586,0,0.0303964
0.315,0.005,12.1777,4.47487,-3.8657,119.139,0.141595,-0.789234,0,0.0259135
0.315,0.015,12.1497,4.43106,-3.76328,117.048,0.141595,-0.789234,0,0.0259135
0.315,0.025,12.1219,4.38656,-3.66105,114.969,0.141595,-0.789234,0,0.0259135
0.315,0.035,12.0948,4.34147,-3.55883,112.911,0.141595,-0.789234,0,0.0259135
0.315,0.045,12.0673,4.29592,-3.45695,110.86,0.141595,-0.789234,0,0.0259135
0.315,0.055,12.0391,4.24998,-3.35546,108.818,0.141595,-0.789234,0,0.0259135
0.315,0.065,12.0101,4.20371,-3.25435,106.786,0.141595,-0.789234,0,0.0259135
0.315,0.075,11.9804,4.15716,-3.15365,104.765,0.141595,-0.789234,0,0.0259135
0.315,0.085,11.9498,4.1104,-3.05336,102.755,0.141595,-0.789234,0,0.0259135
0.315,0.095,11.9183,4.06348,-2.95347,100.76,0.141595,-0.789234,0,0.0259135
0.315,0.105,11.8858,4.01647,-2.85398,98.7797,0.141595,-0.789234,0,0.0259135
0.315,0.115,11.8523,3.96941,-2.7549,96.816,0.141595,-0.789234,0,0.0259135
0.315,0.125,11.8176,3.92236,-2.65621,94.8696,0.141595,-0.789234,0,0.0259135
0.315,0.135,11.7818,3.87537,-2.55793,92.9417,0.141595,-0.789234,0,0.0259135
0.315,0.145,11.7449,3.82851,-2.46003,91.0341,0.141595,-0.789234,0,0.0259135
0.315,0.155,11.7068,3.78181,-2.36251,89.1479,0.141595,-0.789234,0,0.0259135
0.315,0.165,11.6675,3.7353,-2.26534,87.2846,0.141595,-0.789234,0,0.0259135
0.315,0.175,11.627,3.68904,-2.16853,85.445,0.141595,-0.789234,0,0.0259135
0.315,0.185,11.5853,3.64307,-2.07205,83.6308,0.141595,-0.789234,0,0.0259135
0.315,0.195,11.5426,3.59743,-1.9759,81.8432,0.141595,-0.789234,0,0.0259135
0.315,0.205,11.4987,3.55215,-1.88005,80.0834,0.141595,-0.789234,0,0.0259135
0.315,0.215,11.4539,3.50726,-1.78448,78.3525,0.141595,-0.789234,0,0.0259135
0.315,0.225,11.4081,3.46278,-1.68919,76.6515,0.141595,-0.789234,0,0.0259135
0.315,0.235,11.3614,3.41874,-1.59416,74.9818,0.141595,-0.789234,0,0.0259135
0.315,0.245,11.314,3.37517,-1.49937,73.3449,0.141595,-0.789234,0,0.0259135
0.315,0.255,11.2661,3.33209,-1.40482,71.7421,0.141595,-0.789234,0,0.0259135
0.315,0.265,11.2177,3.2895,-1.31051,70.1746,0.141595,-0.789234,0,0.0259135
0.315,0.275,11.1691,3.2474,-1.21642,68.6432,0.141595,-0.789234,0,0.0259135
0.315,0.285,11.1203,3.20579,-1.12258,67.1493,0.141595,-0.789234,0,0.0259135
0.315,0.295,11.0717,3.16468,-1.02898,65.6945,0.141595,-0.789234,0,0.0259135
0.315,0.305,11.0237,3.12407,-0.935647,64.2806,0.141595,-0.789234,0,0.0259135
0.315,0.315,10.9764,3.08393,-0.842626,62.9094,0.141595,-0.789234,0,0.0259135
0.315,0.325,10.9304,3.04422,-0.749975,61.5829,0.141595,-0.789234,0,0.0259135
0.315,0.335,10.8859,3.00491,-0.657766,60.303,0.141595,-0.789234,0,0.0259135
0.315,0.345,10.8437,2.96596,-0.566086,59.0728,0.141595,-0.789234,0,0.0259135
0.315,0.355,10.8044,2.92732,-0.475054,57.8956,0.141595,-0.789234,0,0.0259135
0.315,0.365,10.7688,2.88893,-0.384831,56.7758,0.141595,-0.789234,0,0.0259135
0.315,0.375,10.738,2.85071,-0.295629,55.7183,0.141595,-0.789234,0,0.0259135
0.315,0.385,10.713,2.81256,-0.20769,54.729,0.141595,-0.789234,0,0.0259135
0.315,0.395,10.6953,2.77436,-0.121295,53.8154,0.141595,-0.789234,0,0.0259135
0.315,0.405,10.6875,2.73582,-0.0367622,52.9875,0.141595,-0.789234,0,0.0259135
0.315,0.415,10.7013,2.69344,0.0458529,52.265,0.141595,-0.789234,0,0.0259135
0.315,0.425,10.7328,2.64898,0.12613,51.6513,0.141595,-0.789234,0,0.0259135
0.315,0.435,10.7829,2.60339,0.203241,51.1773,0.141595,-0.789234,0,0.0259135
0.315,0.445,10.8552,2.55608,0.276659,50.8601,0.141595,-0.789234,0,0.0259135
0.315,0.455,10.9511,2.5073,0.345861,50.7052,0.141595,-0.789234,0,0.0259135
0.315,0.465,11.073,2.45703,0.410214,50.7278,0.141595,-0.789234,0,0.0259135
0.315,0.475,11.224,2.40495,0.469144,50.9455,0.141595,-0.789234,0,0.0259135
0.315,0.485,11.4062,2.3508,0.52232,51.3717,0.141595,-0.789234,0,0.0259135
0.315,0.495,11.6212,2.29435,0.569692,52.0148,0.141595,-0.789234,0,0.0259135
0.315,0.505,11.8691,2.23538,0.61151,52.8771,0.141595,-0.789234,0,0.0259135
0.315,0.515,12.149,2.17369,0.648312,53.9537,0.141595,-0.789234,0,0.0259135
0.315,0.525,12.4588,2.10909,0.680841,55.2346,0.141595,-0.789234,0,0.0259135
0.315,0.535,12.7951,2.04137,0.709945,56.7061,0.141595,-0.789234,0,0.0259135
0.315,0.545,13.1539,1.97032,0.736464,58.3531,0.141595,-0.789234,0,0.0259135
0.315,0.555,13.5299,1.89566,0.761164,60.1604,0.141595,-0.789234,0,0.0259135
0.315,0.565,13.9158,1.81717,0.784698,62.1128,0.141595,-0.789234,0,0.0259135
0.315,0.575,14.2999,1.73467,0.807608,64.1938,0.141595,-0.789234,0,0.0259135
0.315,0.585,14.6616,1.64816,0.830311,66.3839,0.141595,-0.789234,0,0.0259135
0.315,0.595,14.9647,1.55765,0.853101,68.6585,0.141595,-0.789234,0,0.0259135
0.315,0.605,15.148,1.46263,0.876189,70.9854,0.141595,-0.789234,0,0.0259135
0.315,0.615,15.1186,1.36044,0.899851,73.3245,0.141595,-0.789234,0,0.0259135
0.315,0.625,14.7569,1.24331,0.924797,75.6295,0.141595,-0.789234,0,0.0259135
0.315,0.635,13.9452,1.09316,0.95291,77.8547,0.141595,-0.789234,0,0.0259135
0.315,0.645,12.626,0.873481,0.98861,79.9659,0.141595,-0.789234,0,0.0259135
0.315,0.655,10.8779,0.517443,1.0411,81.9471,0.141595,-0.789234,0,0.0259135
0.315,0.665,8.96189,-0.0833983,1.12654,83.7883,0.141595,-0.789234,0,0.0259135
0.315,0.675,7.26825,-1.06691,1.26555,85.4371,0.141595,-0.789234,0,0.0259135
0.315,0.685,6.10656,-2.52475,1.46805,86.7646,0.141595,-0.789234,0,0.0259135
0.315,0.695,5.56724,-4.39267,1.71446,87.6953,0.141595,-0.789234,0,0.0259135
0.315,0.705,5.61954,-6.44641,1.96145,88.3789,0.141595,-0.789234,0,0.0259135
0.315,0.715,6.25406,-8.43847,2.17248,88.9428,0.141595,-0.789234,0,0.0259135
0.315,0.725,7.54599,-10.1927,2.32823,89.2109,0.141595,-0.789234,0,0.0259135
0.315,0.735,9.65832,-11.6176,2.42234,88.7619,0.141595,-0.789234,0,0.0259135
0.315,0.745,12.819,-12.696,2.46098,87.2361,0.141595,-0.789234,0,0.0259135
0.315,0.755,17.3306,-13.4637,2.46783,84.9382,0.141595,-0.789234,0,0.0259135
0.315,0.765,23.6958,-13.9831,2.47763,83.2843,0.141595,-0.789234,0,0.0259135
0.315,0.775,32.7971,-14.3215,2.51591,84.1294,0.141595,-0.789234,0,0.0259135
0.315,0.785,45.8572,-14.5389,2.58373,88.1734,0.141595,-0.789234,0,0.0259135
0.315,0.795,64.1571,-14.6804,2.6577,94.5434,0.141595,-0.789234,0,0.0259135
0.315,0.805,88.3734,-14.7752,2.71319,101.006,0.141595,-0.789234,0,0.0259135
0.315,0.815,117.895,-14.8405,2.73715,104.919,0.141595,-0.789234,0,0.0259135
0.315,0.825,150.602,-14.8865,2.72924,104.5,0.141595,-0.789234,0,0.0259135
0.315,0.835,183.59,-14.9191,2.69838,99.8736,0.141595,-0.789234,0,0.0259135
0.315,0.845,214.657,-14.9423,2.65839,93.0985,0.141595,-0.789234,0,0.0259135
0.315,0.855,243.481,-14.9585,2.62324,86.991,0.141595,-0.789234,0,0.0259135
0.315,0.865,271.505,-14.9697,2.60245,83.6466,0.141595,-0.789234,0,0.0259135
0.315,0.875,300.751,-14.9773,2.59881,83.7838,0.141595,-0.789234,0,0.0259135
0.315,0.885,332.659,-14.9826,2.60964,87.0605,0.141595,-0.789234,0,0.0259135
0.315,0.895,367.685,-14.9863,2.63007,92.7146,0.141595,-0.789234,0,0.0259135
0.315,0.905,405.522,-14.989,2.65567,100.001,0.141595,-0.789234,0,0.0259135
0.315,0.915,445.483,-14.9911,2.68336,108.345,0.141595,-0.789234,0,0.0259135
0.315,0.925,486.789,-14.9927,2.71134,117.345,0.141595,-0.789234,0,0.0259135
0.315,0.935,528.697,-14.9941,2.73865,126.724,0.141595,-0.789234,0,0.0259135
0.315,0.945,570.549,-14.9951,2.7648,136.283,0.141595,-0.789234,0,0.0259135
0.315,0.955,611.765,-14.9961,2.78955,145.871,0.141595,-0.789234,0,0.0259135
0.315,0.965,651.846,-14.9968,2.81279,155.366,0.141595,-0.789234,0,0.0259135
0.315,0.975,690.359,-14.9974,2.83446,164.661,0.141595,-0.789234,0,0.0259135
0.315,0.985,726.939,-14.998,2.85456,173.662,0.141595,-0.789234,0,0.0259135
0.315,0.995,761.29,-14.9984,2.87308,182.288,0.141595,-0.789234,0,0.0259135
0.325,0.005,11.9898,4.54072,-3.84682,116.825,0.126007,-0.730882,0,0.0220097
0.325,0.015,11.9607,4.49729,-3.74457,114.775,0.126007,-0.730882,0,0.0220097
0.325,0.025,11.932,4.45318,-3.64243,112.74,0.126007,-0.730882,0,0.0220097
0.325,0.035,11.9038,4.40851,-3.54035,110.724,0.126007,-0.730882,0,0.0220097
0.325,0.045,11.8752,4.3634,-3.43863,108.715,0.126007,-0.730882,0,0.0220097
0.325,0.055,11.8461,4.31791,-3.33728,106.716,0.126007,-0.730882,0,0.0220097
0.325,0.065,11.8162,4.27209,-3.23632,104.727,0.126007,-0.730882,0,0.0220097
0.325,0.075,11.7857,4.22602,-3.13575,102.749,0.126007,-0.730882,0,0.0220097
0.325,0.085,11.7543,4.17975,-3.03559,100.783,0.126007,-0.730882,0,0.0220097
0.325,0.095,11.7221,4.13333,-2.93583,98.831,0.126007,-0.730882,0,0.0220097
0.325,0.105,11.689,4.08682,-2.83645,96.8947,0.126007,-0.730882,0,0.0220097
0.325,0.115,11.655,4.04027,-2.73747,94.975,0.126007,-0.730882,0,0.0220097
0.325,0.125,11.6199,3.99374,-2.63888,93.0728,0.126007,-0.730882,0,0.0220097
0.325,0.135,11.5838,3.94728,-2.54068,91.1895,0.126007,-0.730882,0,0.0220097
0.325,0.145,11.5466,3.90094,-2.44285,89.3263,0.126007,-0.730882,0,0.0220097
0.325,0.155,11.5084,3.85476,-2.34538,87.4846,0.126007,-0.730882,0,0.0220097
0.325,0.165,11.4691,3.80878,-2.24826,85.6656,0.126007,-0.730882,0,0.0220097
0.325,0.175,11.4288,3.76304,-2.15148,83.8705,0.126007,-0.730882,0,0.0220097
0.325,0.185,11.3874,3.71759,-2.05502,82.1006,0.126007,-0.730882,0,0.0220097
0.325,0.195,11.345,3.67246,-1.95887,80.357,0.126007,-0.730882,0,0.0220097
0.325,0.205,11.3017,3.6277,-1.86301,78.6409,0.126007,-0.730882,0,0.0220097
0.325,0.215,11.2575,3.58331,-1.76743,76.9535,0.126007,-0.730882,0,0.0220097
0.325,0.225,11.2124,3.53932,-1.67211,75.2957,0.126007,-0.730882,0,0.0220097
0.325,0.235,11.1666,3.49577,-1.57704,73.6688,0.126007,-0.730882,0,0.0220097
0.325,0.245,11.1202,3.45267,-1.48221,72.0742,0.126007,-0.730882,0,0.0220097
0.325,0.255,11.0734,3.41005,-1.38761,70.5131,0.126007,-0.730882,0,0.0220097
0.325,0.265,11.0262,3.36791,-1.29324,68.9866,0.126007,-0.730882,0,0.0220097
0.325,0.275,10.9789,3.32624,-1.1991,67.4957,0.126007,-0.730882,0,0.0220097
0.325,0.285,10.9315,3.28505,-1.1052,66.0416,0.126007,-0.730882,0,0.0220097
0.325,0.295,10.8845,3.24434,-1.01155,64.626,0.126007,-0.730882,0,0.0220097
0.325,0.305,10.838,3.20409,-0.918185,63.2505,0.126007,-0.730882,0,0.0220097
0.325,0.315,10.7925,3.1643,-0.825142,61.9169,0.126007,-0.730882,0,0.0220097
0.325,0.325,10.7483,3.12493,-0.732483,60.6273,0.126007,-0.730882,0,0.0220097
0.325,0.335,10.7058,3.08593,-0.640287,59.3837,0.126007,-0.730882,0,0.0220097
0.325,0.345,10.6656,3.04726,-0.548654,58.1891,0.126007,-0.730882,0,0.0220097
0.325,0.355,10.6284,3.00888,-0.457712,57.0469,0.126007,-0.730882,0,0.0220097
0.325,0.365,10.595,2.97072,-0.367628,55.9616,0.126007,-0.730882,0,0.0220097
0.325,0.375,10.5665,2.93272,-0.278609,54.9382,0.126007,-0.730882,0,0.0220097
0.325,0.385,10.544,2.89476,-0.190912,53.9828,0.126007,-0.730882,0,0.0220097
0.325,0.395,10.5291,2.85672,-0.104839,53.1031,0.126007,-0.730882,0,0.0220097
0.325,0.405,10.5252,2.81796,-0.0206667,52.3109,0.126007,-0.730882,0,0.0220097
0.325,0.415,10.5428,2.77523,0.0615323,51.6183,0.126007,-0.730882,0,0.0220097
0.325,0.425,10.5753,2.73131,0.14122,51.025,0.126007,-0.730882,0,0.0220097
0.325,0.435,10.6244,2.68673,0.217499,50.5579,0.126007,-0.730882,0,0.0220097
0.325,0.445,10.6939,2.64089,0.289721,50.2369,0.126007,-0.730882,0,0.0220097
0.325,0.455,10.7893,2.59288,0.357278,50.0947,0.126007,-0.730882,0,0.0220097
0.325,0.465,10.9143,2.54226,0.419777,50.1534,0.126007,-0.730882,0,0.0220097
0.325,0.475,11.0698,2.48928,0.477006,50.4174,0.126007,-0.730882,0,0.0220097
0.325,0.485,11.2564,2.43429,0.528719,50.8894,0.126007,-0.730882,0,0.0220097
0.325,0.495,11.4758,2.37692,0.574776,51.5786,0.126007,-0.730882,0,0.0220097
0.325,0.505,11.728,2.31695,0.615438,52.4858,0.126007,-0.730882,0,0.0220097
0.325,0.515,12.0118,2.25417,0.651256,53.605,0.126007,-0.730882,0,0.0220097
0.325,0.525,12.3247,2.1884,0.682979,54.9252,0.126007,-0.730882,0,0.0220097
0.325,0.535,12.6636,2.11945,0.71144,56.432,0.126007,-0.730882,0,0.0220097
0.325,0.545,13.0242,2.0471,0.737448,58.1105,0.126007,-0.730882,0,0.0220097
0.325,0.555,13.4012,1.97111,0.76173,59.9457,0.126007,-0.730882,0,0.0220097
0.325,0.565,13.7873,1.89123,0.784907,61.9227,0.126007,-0.730882,0,0.0220097
0.325,0.575,14.1703,1.80732,0.807486,64.025,0.126007,-0.730882,0,0.0220097
0.325,0.585,14.5291,1.7194,0.829861,66.2331,0.126007,-0.730882,0,0.0220097
0.325,0.595,14.8257,1.62749,0.852304,68.5218,0.126007,-0.730882,0,0.0220097
0.325,0.605,14.9962,1.531,0.875015,70.8584,0.126007,-0.730882,0,0.0220097
0.325,0.615,14.9444,1.42697,0.898297,73.2022,0.126007,-0.730882,0,0.0220097
0.325,0.625,14.5484,1.3068,0.922967,75.5067,0.126007,-0.730882,0,0.0220097
0.325,0.635,13.6921,1.1508,0.951193,77.7265,0.126007,-0.730882,0,0.0220097
0.325,0.645,12.3281,0.919528,0.988015,79.8262,0.126007,-0.730882,0,0.0220097
0.325,0.655,10.5545,0.541761,1.04371,81.7846,0.126007,-0.730882,0,0.0220097
0.325,0.665,8.65453,-0.0951573,1.13559,83.5804,0.126007,-0.730882,0,0.0220097
0.325,0.675,7.02515,-1.12646,1.28364,85.1464,0.126007,-0.730882,0,0.0220097
0.325,0.685,5.94675,-2.62637,1.49362,86.3575,0.126007,-0.730882,0,0.0220097
0.325,0.695,5.47743,-4.50915,1.74057,87.1749,0.126007,-0.730882,0,0.0220097
0.325,0.705,5.57621,-6.54846,1.98035,87.7904,0.126007,-0.730882,0,0.0220097
0.325,0.715,6.23495,-8.51411,2.18034,88.2917,0.126007,-0.730882,0,0.0220097
0.325,0.725,7.53171,-10.2442,2.32476,88.4677,0.126007,-0.730882,0,0.0220097
0.325,0.735,9.62803,-11.6516,2.40934,87.8877,0.126007,-0.730882,0,0.0220097
0.325,0.745,12.7467,-12.7181,2.44168,86.2368,0.126007,-0.730882,0,0.0220097
0.325,0.755,17.1887,-13.4774,2.44681,83.9193,0.126007,-0.730882,0,0.0220097
0.325,0.765,23.4669,-13.9909,2.45987,82.4329,0.126007,-0.730882,0,0.0220097
0.325,0.775,32.4894,-14.3256,2.50445,83.634,0.126007,-0.730882,0,0.0220097
0.325,0.785,45.5039,-14.5412,2.5789,88.1321,0.126007,-0.730882,0,0.0220097
0.325,0.795,63.8122,-14.682,2.65804,94.9588,0.126007,-0.730882,0,0.0220097
0.325,0.805,88.1087,-14.7767,2.71678,101.81,0.126007,-0.730882,0,0.0220097
0.325,0.815,117.785,-14.842,2.7423,105.974,0.126007,-0.730882,0,0.0220097
0.325,0.825,150.689,-14.8879,2.73459,105.613,0.126007,-0.730882,0,0.0220097
0.325,0.835,183.846,-14.9203,2.70297,100.844,0.126007,-0.730882,0,0.0220097
0.325,0.845,214.985,-14.9432,2.6617,93.7964,0.126007,-0.730882,0,0.0220097
0.325,0.855,243.768,-14.9592,2.62519,87.3981,0.126007,-0.730882,0,0.0220097
0.325,0.865,271.684,-14.9701,2.60335,83.8303,0.126007,-0.730882,0,0.0220097
0.325,0.875,300.818,-14.9776,2.59908,83.8359,0.126007,-0.730882,0,0.0220097
0.325,0.885,332.65,-14.9828,2.60963,87.053,0.126007,-0.730882,0,0.0220097
0.325,0.895,367.641,-14.9864,2.62998,92.6892,0.126007,-0.730882,0,0.0220097
0.325,0.905,405.473,-14.9891,2.65558,99.9759,0.126007,-0.730882,0,0.0220097
0.325,0.915,445.443,-14.9911,2.68329,108.327,0.126007,-0.730882,0,0.0220097
0.325,0.925,486.76,-14.9927,2.7113,117.333,0.126007,-0.730882,0,0.0220097
0.325,0.935,528.679,-14.9941,2.73863,126.716,0.126007,-0.730882,0,0.0220097
0.325,0.945,570.538,-14.9951,2.76479,136.279,0.126007,-0.730882,0,0.0220097
0.325,0.955,611.759,-14.9961,2.78954,145.869,0.126007,-0.730882,0,0.0220097
0.325,0.965,651.843,-14.9968,2.81278,155.365,0.126007,-0.730882,0,0.0220097
0.325,0.975,690.357,-14.9974,2.83446,164.66,0.126007,-0.730882,0,0.0220097
0.325,0.985,726.938,-14.998,2.85456,173.662,0.126007,-0.730882,0,0.0220097
0.325,0.995,761.289,-14.9984,2.87308,182.288,0.126007,-0.730882,0,0.0220097
0.335,0.005,11.8073,4.60674,-3.82837,114.586,0.111824,-0.67253,0,0.0186212
0.335,0.015,11.7771,4.5637,-3.72627,112.576,0.111824,-0.67253,0,0.0186212
0.335,0.025,11.7476,4.51999,-3.62422,110.585,0.111824,-0.67253,0,0.0186212
0.335,0.035,11.7185,4.47575,-3.52229,108.609,0.111824,-0.67253,0,0.0186212
0.335,0.045,11.689,4.43108,-3.42071,106.642,0.111824,-0.67253,0,0.0186212
0.335,0.055,11.6589,4.38605,-3.3195,104.685,0.111824,-0.67253,0,0.0186212
0.335,0.065,11.6283,4.3407,-3.21867,102.737,0.111824,-0.67253,0,0.0186212
0.335,0.075,11.597,4.2951,-3.11824,100.802,0.111824,-0.67253,0,0.0186212
0.335,0.085,11.565,4.24932,-3.01819,98.8786,0.111824,-0.67253,0,0.0186212
0.335,0.095,11.5322,4.2034,-2.91854,96.9697,0.111824,-0.67253,0,0.0186212
0.335,0.105,11.4986,4.1574,-2.81927,95.0762,0.111824,-0.67253,0,0.0186212
0.335,0.115,11.4641,4.11136,-2.72038,93.1995,0.111824,-0.67253,0,0.0186212
0.335,0.125,11.4287,4.06535,-2.62187,91.3406,0.111824,-0.67253,0,0.0186212
0.335,0.135,11.3923,4.01941,-2.52373,89.5005,0.111824,-0.67253,0,0.0186212
0.335,0.145,11.355,3.97359,-2.42596,87.6807,0.111824,-0.67253,0,0.0186212
0.335,0.155,11.3168,3.92794,-2.32854,85.8823,0.111824,-0.67253,0,0.0186212
0.335,0.165,11.2776,3.88248,-2.23145,84.1065,0.111824,-0.67253,0,0.0186212
0.335,0.175,11.2374,3.83727,-2.13468,82.3546,0.111824,-0.67253,0,0.0186212
0.335,0.185,11.1963,3.79233,-2.03823,80.6276,0.111824,-0.67253,0,0.0186212
0.335,0.195,11.1544,3.74772,-1.94208,78.9268,0.111824,-0.67253,0,0.0186212
0.335,0.205,11.1116,3.70346,-1.8462,77.2532,0.111824,-0.67253,0,0.0186212
0.335,0.215,11.068,3.65957,-1.75059,75.6079,0.111824,-0.67253,0,0.0186212
0.335,0.225,11.0237,3.61608,-1.65523,73.9919,0.111824,-0.67253,0,0.0186212
0.335,0.235,10.9788,3.573,-1.56011,72.4065,0.111824,-0.67253,0,0.0186212
0.335,0.245,10.9334,3.53037,-1.46522,70.8528,0.111824,-0.67253,0,0.0186212
0.335,0.255,10.8876,3.48819,-1.37057,69.332,0.111824,-0.67253,0,0.0186212
0.335,0.265,10.8416,3.44648,-1.27613,67.8451,0.111824,-0.67253,0,0.0186212
0.335,0.275,10.7956,3.40524,-1.18193,66.3932,0.111824,-0.67253,0,0.0186212
0.335,0.285,10.7496,3.36446,-1.08796,64.9777,0.111824,-0.67253,0,0.0186212
0.335,0.295,10.7041,3.32412,-0.994262,63.5998,0.111824,-0.67253,0,0.0186212
0.335,0.305,10.6592,3.28424,-0.900855,62.2613,0.111824,-0.67253,0,0.0186212
0.335,0.315,10.6153,3.24478,-0.807787,60.9641,0.111824,-0.67253,0,0.0186212
0.335,0.325,10.5728,3.20572,-0.71512,59.71,0.111824,-0.67253,0,0.0186212
0.335,0.335,10.5322,3.16701,-0.622937,58.5014,0.111824,-0.67253,0,0.0186212
0.335,0.345,10.494,3.12861,-0.53135,57.3412,0.111824,-0.67253,0,0.0186212
0.335,0.355,10.4588,3.09047,-0.440495,56.233,0.111824,-0.67253,0,0.0186212
0.335,0.365,10.4277,3.05251,-0.350546,55.1812,0.111824,-0.67253,0,0.0186212
0.335,0.375,10.4015,3.01468,-0.261718,54.1912,0.111824,-0.67253,0,0.0186212
0.335,0.385,10.3815,2.97687,-0.174274,53.2692,0.111824,-0.67253,0,0.0186212
0.335,0.395,10.3693,2.93893,-0.0885296,52.4232,0.111824,-0.67253,0,0.0186212
0.335,0.405,10.3699,2.89971,-0.00470158,51.6672,0.111824,-0.67253,0,0.0186212
0.335,0.415,10.3912,2.85668,0.0770579,51.0064,0.111824,-0.67253,0,0.0186212
0.335,0.425,10.427,2.81268,0.156104,50.4492,0.111824,-0.67253,0,0.0186212
0.335,0.435,10.4798,2.76792,0.231575,50.02,0.111824,-0.67253,0,0.0186212
0.335,0.445,10.5529,2.7219,0.30284,49.7367,0.111824,-0.67253,0,0.0186212
0.335,0.455,10.6497,2.67427,0.369279,49.6177,0.111824,-0.67253,0,0.0186212
0.335,0.465,10.7733,2.62466,0.43035,49.6825,0.111824,-0.67253,0,0.0186212
0.335,0.475,10.9284,2.57231,0.485687,49.9595,0.111824,-0.67253,0,0.0186212
0.335,0.485,11.1187,2.51651,0.535353,50.471,0.111824,-0.67253,0,0.0186212
0.335,0.495,11.3418,2.4581,0.579711,51.2013,0.111824,-0.67253,0,0.0186212
0.335,0.505,11.5971,2.39718,0.619025,52.146,0.111824,-0.67253,0,0.0186212
0.335,0.515,11.8835,2.33343,0.653735,53.3003,0.111824,-0.67253,0,0.0186212
0.335,0.525,12.1986,2.26662,0.684564,54.6525,0.111824,-0.67253,0,0.0186212
0.335,0.535,12.5389,2.19656,0.712316,56.1884,0.111824,-0.67253,0,0.0186212
0.335,0.545,12.9004,2.12301,0.737763,57.8931,0.111824,-0.67253,0,0.0186212
0.335,0.555,13.2777,2.04574,0.761592,59.7522,0.111824,-0.67253,0,0.0186212
0.335,0.565,13.6634,1.96451,0.784386,61.7506,0.111824,-0.67253,0,0.0186212
0.335,0.575,14.0449,1.87921,0.806622,63.872,0.111824,-0.67253,0,0.0186212
0.335,0.585,14.4,1.78988,0.828666,66.0962,0.111824,-0.67253,0,0.0186212
0.335,0.595,14.6892,1.69657,0.850767,68.3975,0.111824,-0.67253,0,0.0186212
0.335,0.605,14.8455,1.59857,0.873117,70.7423,0.111824,-0.67253,0,0.0186212
0.335,0.615,14.7693,1.49257,0.896048,73.0893,0.111824,-0.67253,0,0.0186212
0.335,0.625,14.3362,1.36907,0.920509,75.3917,0.111824,-0.67253,0,0.0186212
0.335,0.635,13.4327,1.20655,0.949013,77.6036,0.111824,-0.67253,0,0.0186212
0.335,0.645,12.023,0.962406,0.987326,79.6874,0.111824,-0.67253,0,0.0186212
0.335,0.655,10.2267,0.56086,1.0469,81.6151,0.111824,-0.67253,0,0.0186212
0.335,0.665,8.34959,-0.114379,1.14605,83.3531,0.111824,-0.67253,0,0.0186212
0.335,0.675,6.79082,-1.19381,1.30353,84.8239,0.111824,-0.67253,0,0.0186212
0.335,0.685,5.79676,-2.73222,1.52023,85.9139,0.111824,-0.67253,0,0.0186212
0.335,0.695,5.39466,-4.62434,1.76621,86.6235,0.111824,-0.67253,0,0.0186212
0.335,0.705,5.53616,-6.64565,1.99763,87.1792,0.111824,-0.67253,0,0.0186212
0.335,0.715,6.21524,-8.58431,2.18612,87.6209,0.111824,-0.67253,0,0.0186212
0.335,0.725,7.51295,-10.2912,2.31927,87.7067,0.111824,-0.67253,0,0.0186212
0.335,0.735,9.58931,-11.6823,2.39468,87.0024,0.111824,-0.67253,0,0.0186212
0.335,0.745,12.6625,-12.7378,2.42125,85.2422,0.111824,-0.67253,0,0.0186212
0.335,0.755,17.0329,-13.4895,2.42523,82.928,0.111824,-0.67253,0,0.0186212
0.335,0.765,23.2234,-13.9975,2.44204,81.6272,0.111824,-0.67253,0,0.0186212
0.335,0.775,32.166,-14.3289,2.49313,83.1878,0.111824,-0.67253,0,0.0186212
0.335,0.785,45.1309,-14.5428,2.5742,88.1318,0.111824,-0.67253,0,0.0186212
0.335,0.795,63.4393,-14.6832,2.65845,95.4058,0.111824,-0.67253,0,0.0186212
0.335,0.805,87.8064,-14.7778,2.72044,102.643,0.111824,-0.67253,0,0.0186212
0.335,0.815,117.633,-14.8432,2.74755,107.069,0.111824,-0.67253,0,0.0186212
0.335,0.825,150.739,-14.8891,2.74012,106.78,0.111824,-0.67253,0,0.0186212
0.335,0.835,184.081,-14.9214,2.70781,101.879,0.111824,-0.67253,0,0.0186212
0.335,0.845,215.314,-14.9441,2.66527,94.5604,0.111824,-0.67253,0,0.0186212
0.335,0.855,244.076,-14.9598,2.6274,87.8626,0.111824,-0.67253,0,0.0186212
0.335,0.865,271.895,-14.9706,2.60444,84.0577,0.111824,-0.67253,0,0.0186212
0.335,0.875,300.918,-14.9779,2.59948,83.9181,0.111824,-0.67253,0,0.0186212
0.335,0.885,332.668,-14.9829,2.60969,87.065,0.111824,-0.67253,0,0.0186212
0.335,0.895,367.618,-14.9865,2.62993,92.6758,0.111824,-0.67253,0,0.0186212
0.335,0.905,405.437,-14.9891,2.65551,99.9582,0.111824,-0.67253,0,0.0186212
0.335,0.915,445.411,-14.9911,2.68325,108.312,0.111824,-0.67253,0,0.0186212
0.335,0.925,486.737,-14.9927,2.71127,117.323,0.111824,-0.67253,0,0.0186212
0.335,0.935,528.664,-14.9941,2.73861,126.71,0.111824,-0.67253,0,0.0186212
0.335,0.945,570.529,-14.9952,2.76478,136.275,0.111824,-0.67253,0,0.0186212
0.335,0.955,611.754,-14.9961,2.78954,145.867,0.111824,-0.67253,0,0.0186212
0.335,0.965,651.84,-14.9968,2.81278,155.364,0.111824,-0.67253,0,0.0186212
0.335,0.975,690.356,-14.9974,2.83446,164.66,0.111824,-0.67253,0,0.0186212
0.335,0.985,726.937,-14.998,2.85456,173.662,0.111824,-0.67253,0,0.0186212
0.335,0.995,761.289,-14.9984,2.87308,182.288,0.111824,-0.67253,0,0.0186212
0.345,0.005,11.6298,4.67298,-3.81033,112.417,0.0989475,-0.614178,0,0.0156901
0.345,0.015,11.5987,4.63033,-3.70837,110.447,0.0989475,-0.614178,0,0.0156901
0.345,0.025,11.5685,4.58703,-3.6064,108.498,0.0989475,-0.614178,0,0.0156901
0.345,0.035,11.5385,4.54323,-3.50461,106.563,0.0989475,-0.614178,0,0.0156901
0.345,0.045,11.5082,4.49901,-3.40318,104.637,0.0989475,-0.614178,0,0.0156901
0.345,0.055,11.4773,4.45443,-3.3021,102.72,0.0989475,-0.614178,0,0.0156901
0.345,0.065,11.446,4.40955,-3.2014,100.814,0.0989475,-0.614178,0,0.0156901
0.345,0.075,11.4141,4.36444,-3.10108,98.9197,0.0989475,-0.614178,0,0.0156901
0.345,0.085,11.3815,4.31914,-3.00114,97.0384,0.0989475,-0.614178,0,0.0156901
0.345,0.095,11.3481,4.27373,-2.90159,95.1714,0.0989475,-0.614178,0,0.0156901
0.345,0.105,11.3141,4.22823,-2.80241,93.3199,0.0989475,-0.614178,0,0.0156901
0.345,0.115,11.2792,4.18271,-2.7036,91.4852,0.0989475,-0.614178,0,0.0156901
0.345,0.125,11.2436,4.13722,-2.60516,89.6685,0.0989475,-0.614178,0,0.0156901
0.345,0.135,11.2071,4.0918,-2.50708,87.8707,0.0989475,-0.614178,0,0.0156901
0.345,0.145,11.1697,4.04651,-2.40935,86.093,0.0989475,-0.614178,0,0.0156901
0.345,0.155,11.1315,4.00137,-2.31196,84.3368,0.0989475,-0.614178,0,0.0156901
0.345,0.165,11.0924,3.95644,-2.21489,82.6031,0.0989475,-0.614178,0,0.0156901
0.345,0.175,11.0525,3.91174,-2.11813,80.8931,0.0989475,-0.614178,0,0.0156901
0.345,0.185,11.0117,3.86733,-2.02167,79.2079,0.0989475,-0.614178,0,0.0156901
0.345,0.195,10.9702,3.82322,-1.9255,77.5485,0.0989475,-0.614178,0,0.0156901
0.345,0.205,10.9279,3.77946,-1.82959,75.9161,0.0989475,-0.614178,0,0.0156901
0.345,0.215,10.885,3.73606,-1.73393,74.3116,0.0989475,-0.614178,0,0.0156901
0.345,0.225,10.8415,3.69305,-1.63852,72.7362,0.0989475,-0.614178,0,0.0156901
0.345,0.235,10.7974,3.65045,-1.54334,71.1908,0.0989475,-0.614178,0,0.0156901
0.345,0.245,10.753,3.60827,-1.4484,69.6766,0.0989475,-0.614178,0,0.0156901
0.345,0.255,10.7083,3.56654,-1.35367,68.1947,0.0989475,-0.614178,0,0.0156901
0.345,0.265,10.6634,3.52525,-1.25917,66.7461,0.0989475,-0.614178,0,0.0156901
0.345,0.275,10.6186,3.48442,-1.16489,65.332,0.0989475,-0.614178,0,0.0156901
0.345,0.285,10.574,3.44403,-1.07086,63.9535,0.0989475,-0.614178,0,0.0156901
0.345,0.295,10.5299,3.40406,-0.977098,62.612,0.0989475,-0.614178,0,0.0156901
0.345,0.305,10.4865,3.36452,-0.883645,61.3092,0.0989475,-0.614178,0,0.0156901
0.345,0.315,10.4443,3.32538,-0.790547,60.0469,0.0989475,-0.614178,0,0.0156901
0.345,0.325,10.4035,3.28662,-0.697871,58.8272,0.0989475,-0.614178,0,0.0156901
0.345,0.335,10.3646,3.24818,-0.605704,57.6523,0.0989475,-0.614178,0,0.0156901
0.345,0.345,10.3283,3.21003,-0.514164,56.5254,0.0989475,-0.614178,0,0.0156901
0.345,0.355,10.2951,3.1721,-0.423397,55.45,0.0989475,-0.614178,0,0.0156901
0.345,0.365,10.2661,3.13434,-0.333585,54.4307,0.0989475,-0.614178,0,0.0156901
0.345,0.375,10.2422,3.09665,-0.244953,53.473,0.0989475,-0.614178,0,0.0156901
0.345,0.385,10.2247,3.05896,-0.157773,52.5836,0.0989475,-0.614178,0,0.0156901
0.345,0.395,10.2151,3.02109,-0.0723712,51.7704,0.0989475,-0.614178,0,0.0156901
0.345,0.405,10.2206,2.9812,0.0111049,51.0501,0.0989475,-0.614178,0,0.0156901
0.345,0.415,10.2451,2.93799,0.0924014,50.4212,0.0989475,-0.614178,0,0.0156901
0.345,0.425,10.2843,2.89384,0.170763,49.9,0.0989475,-0.614178,0,0.0156901
0.345,0.435,10.3408,2.84885,0.245396,49.509,0.0989475,-0.614178,0,0.0156901
0.345,0.445,10.4179,2.80253,0.315678,49.2654,0.0989475,-0.614178,0,0.0156901
0.345,0.455,10.5188,2.75456,0.380995,49.1875,0.0989475,-0.614178,0,0.0156901
0.345,0.465,10.6465,2.70458,0.440819,49.293,0.0989475,-0.614178,0,0.0156901
0.345,0.475,10.8036,2.6523,0.494782,49.5979,0.0989475,-0.614178,0,0.0156901
0.345,0.485,10.9924,2.59732,0.542768,50.1156,0.0989475,-0.614178,0,0.0156901
0.345,0.495,11.217,2.53857,0.585098,50.8717,0.0989475,-0.614178,0,0.0156901
0.345,0.505,11.4759,2.4763,0.622594,51.8564,0.0989475,-0.614178,0,0.0156901
0.345,0.515,11.7645,2.41146,0.656,53.0422,0.0989475,-0.614178,0,0.0156901
0.345,0.525,12.081,2.34363,0.685813,54.4219,0.0989475,-0.614178,0,0.0156901
0.345,0.535,12.422,2.2725,0.712766,55.9821,0.0989475,-0.614178,0,0.0156901
0.345,0.545,12.7837,2.19783,0.737577,57.7087,0.0989475,-0.614178,0,0.0156901
0.345,0.555,13.1607,2.11933,0.760889,59.5877,0.0989475,-0.614178,0,0.0156901
0.345,0.565,13.5453,2.03681,0.783249,61.6042,0.0989475,-0.614178,0,0.0156901
0.345,0.575,13.9245,1.95015,0.805106,63.7417,0.0989475,-0.614178,0,0.0156901
0.345,0.585,14.2753,1.85943,0.826797,65.9794,0.0989475,-0.614178,0,0.0156901
0.345,0.595,14.5559,1.76472,0.848547,68.2907,0.0989475,-0.614178,0,0.0156901
0.345,0.605,14.6963,1.6652,0.870539,70.6412,0.0989475,-0.614178,0,0.0156901
0.345,0.615,14.593,1.55712,0.893144,72.9888,0.0989475,-0.614178,0,0.0156901
0.345,0.625,14.1197,1.42995,0.917474,75.2863,0.0989475,-0.614178,0,0.0156901
0.345,0.635,13.1662,1.26015,0.946457,77.4868,0.0989475,-0.614178,0,0.0156901
0.345,0.645,11.7102,1.00171,0.986703,79.5487,0.0989475,-0.614178,0,0.0156901
0.345,0.655,9.89486,0.574202,1.05091,81.4359,0.0989475,-0.614178,0,0.0156901
0.345,0.665,8.04848,-0.141482,1.15817,83.1034,0.0989475,-0.614178,0,0.0156901
0.345,0.675,6.56635,-1.26878,1.32527,84.4676,0.0989475,-0.614178,0,0.0156901
0.345,0.685,5.65683,-2.84144,1.54767,85.4353,0.0989475,-0.614178,0,0.0156901
0.345,0.695,5.31877,-4.73724,1.7911,86.0465,0.0989475,-0.614178,0,0.0156901
0.345,0.705,5.49903,-6.73746,2.01312,86.5498,0.0989475,-0.614178,0,0.0156901
0.345,0.715,6.19461,-8.64892,2.18975,86.9347,0.0989475,-0.614178,0,0.0156901
0.345,0.725,7.48951,-10.3337,2.3118,86.9331,0.0989475,-0.614178,0,0.0156901
0.345,0.735,9.54225,-11.7098,2.37843,86.1123,0.0989475,-0.614178,0,0.0156901
0.345,0.745,12.567,-12.7553,2.39978,84.2592,0.0989475,-0.614178,0,0.0156901
0.345,0.755,16.8643,-13.4998,2.4032,81.9699,0.0989475,-0.614178,0,0.0156901
0.345,0.765,22.9674,-14.0028,2.42418,80.8706,0.0989475,-0.614178,0,0.0156901
0.345,0.775,31.8293,-14.3312,2.48197,82.7913,0.0989475,-0.614178,0,0.0156901
0.345,0.785,44.7404,-14.5439,2.56963,88.1718,0.0989475,-0.614178,0,0.0156901
0.345,0.795,63.0406,-14.6839,2.65892,95.8834,0.0989475,-0.614178,0,0.0156901
0.345,0.805,87.4687,-14.7787,2.72414,103.506,0.0989475,-0.614178,0,0.0156901
0.345,0.815,117.44,-14.8442,2.7529,108.202,0.0989475,-0.614178,0,0.0156901
0.345,0.825,150.753,-14.8902,2.74582,107.999,0.0989475,-0.614178,0,0.0156901
0.345,0.835,184.296,-14.9224,2.71288,102.979,0.0989475,-0.614178,0,0.0156901
0.345,0.845,215.645,-14.9449,2.66912,95.3901,0.0989475,-0.614178,0,0.0156901
0.345,0.855,244.405,-14.9604,2.62985,88.3843,0.0989475,-0.614178,0,0.0156901
0.345,0.865,272.135,-14.971,2.60573,84.3285,0.0989475,-0.614178,0,0.0156901
0.345,0.875,301.048,-14.9781,2.60001,84.03,0.0989475,-0.614178,0,0.0156901
0.345,0.885,332.712,-14.983,2.60984,87.096,0.0989475,-0.614178,0,0.0156901
0.345,0.895,367.614,-14.9865,2.62993,92.6739,0.0989475,-0.614178,0,0.0156901
0.345,0.905,405.416,-14.9891,2.65548,99.9472,0.0989475,-0.614178,0,0.0156901
0.345,0.915,445.387,-14.9912,2.68321,108.301,0.0989475,-0.614178,0,0.0156901
0.345,0.925,486.718,-14.9928,2.71125,117.315,0.0989475,-0.614178,0,0.0156901
0.345,0.935,528.651,-14.9941,2.7386,126.705,0.0989475,-0.614178,0,0.0156901
0.345,0.945,570.521,-14.9952,2.76477,136.272,0.0989475,-0.614178,0,0.0156901
0.345,0.955,611.75,-14.9961,2.78953,145.865,0.0989475,-0.614178,0,0.0156901
0.345,0.965,651.838,-14.9968,2.81278,155.363,0.0989475,-0.614178,0,0.0156901
0.345,0.975,690.355,-14.9974,2.83446,164.659,0.0989475,-0.614178,0,0.0156901
0.345,0.985,726.937,-14.998,2.85456,173.661,0.0989475,-0.614178,0,0.0156901
0.345,0.995,761.289,-14.9984,2.87308,182.288,0.0989475,-0.614178,0,0.0156901
0.355,0.005,11.4571,4.73945,-3.79266,110.315,0.0872855,-0.555826,0,0.0131637
0.355,0.015,11.4252,4.6972,-3.69084,108.385,0.0872855,-0.555826,0,0.0131637
0.355,0.025,11.3944,4.65432,-3.58896,106.477,0.0872855,-0.555826,0,0.0131637
0.355,0.035,11.3636,4.61096,-3.48731,104.582,0.0872855,-0.555826,0,0.0131637
0.355,0.045,11.3325,4.56719,-3.386,102.695,0.0872855,-0.555826,0,0.0131637
0.355,0.055,11.301,4.52307,-3.28505,100.818,0.0872855,-0.555826,0,0.0131637
0.355,0.065,11.269,4.47867,-3.18447,98.9526,0.0872855,-0.555826,0,0.0131637
0.355,0.075,11.2365,4.43405,-3.08425,97.099,0.0872855,-0.555826,0,0.0131637
0.355,0.085,11.2034,4.38924,-2.98441,95.2586,0.0872855,-0.555826,0,0.0131637
0.355,0.095,11.1697,4.34433,-2.88495,93.4326,0.0872855,-0.555826,0,0.0131637
0.355,0.105,11.1353,4.29934,-2.78585,91.6222,0.0872855,-0.555826,0,0.0131637
0.355,0.115,11.1001,4.25434,-2.68711,89.8286,0.0872855,-0.555826,0,0.0131637
0.355,0.125,11.0643,4.20936,-2.58872,88.053,0.0872855,-0.555826,0,0.0131637
0.355,0.135,11.0277,4.16446,-2.49068,86.2964,0.0872855,-0.555826,0,0.0131637
0.355,0.145,10.9903,4.11969,-2.39298,84.5599,0.0872855,-0.555826,0,0.0131637
0.355,0.155,10.9521,4.07508,-2.29561,82.8447,0.0872855,-0.555826,0,0.0131637
0.355,0.165,10.9132,4.03066,-2.19855,81.152,0.0872855,-0.555826,0,0.0131637
0.355,0.175,10.8735,3.98648,-2.10178,79.4827,0.0872855,-0.555826,0,0.0131637
0.355,0.185,10.8331,3.94258,-2.0053,77.838,0.0872855,-0.555826,0,0.0131637
0.355,0.195,10.7921,3.89897,-1.9091,76.2189,0.0872855,-0.555826,0,0.0131637
0.355,0.205,10.7504,3.85571,-1.81315,74.6264,0.0872855,-0.555826,0,0.0131637
0.355,0.215,10.7081,3.8128,-1.71744,73.0615,0.0872855,-0.555826,0,0.0131637
0.355,0.225,10.6653,3.77026,-1.62197,71.5252,0.0872855,-0.555826,0,0.0131637
0.355,0.235,10.6221,3.72812,-1.52673,70.0186,0.0872855,-0.555826,0,0.0131637
0.355,0.245,10.5786,3.68639,-1.43171,68.5425,0.0872855,-0.555826,0,0.0131637
0.355,0.255,10.5349,3.64509,-1.3369,67.0982,0.0872855,-0.555826,0,0.0131637
0.355,0.265,10.4912,3.60422,-1.24232,65.6866,0.0872855,-0.555826,0,0.0131637
0.355,0.275,10.4476,3.56378,-1.14797,64.3088,0.0872855,-0.555826,0,0.0131637
0.355,0.285,10.4043,3.52376,-1.05387,62.966,0.0872855,-0.555826,0,0.0131637
0.355,0.295,10.3616,3.48416,-0.960046,61.6596,0.0872855,-0.555826,0,0.0131637
0.355,0.305,10.3196,3.44495,-0.866542,60.3912,0.0872855,-0.555826,0,0.0131637
0.355,0.315,10.2789,3.40612,-0.773412,59.1625,0.0872855,-0.555826,0,0.0131637
0.355,0.325,10.2397,3.36763,-0.680726,57.9759,0.0872855,-0.555826,0,0.0131637
0.355,0.335,10.2026,3.32945,-0.588578,56.8336,0.0872855,-0.555826,0,0.0131637
0.355,0.345,10.168,3.29153,-0.497089,55.7387,0.0872855,-0.555826,0,0.0131637
0.355,0.355,10.1368,3.2538,-0.406414,54.695,0.0872855,-0.555826,0,0.0131637
0.355,0.365,10.1098,3.2162,-0.316745,53.7072,0.0872855,-0.555826,0,0.0131637
0.355,0.375,10.0881,3.17865,-0.228316,52.7809,0.0872855,-0.555826,0,0.0131637
0.355,0.385,10.073,3.14104,-0.141411,51.923,0.0872855,-0.555826,0,0.0131637
0.355,0.395,10.0661,3.10322,-0.0563698,51.1419,0.0872855,-0.555826,0,0.0131637
0.355,0.405,10.0769,3.06243,0.0267343,50.457,0.0872855,-0.555826,0,0.0131637
0.355,0.415,10.1041,3.01917,0.107543,49.8597,0.0872855,-0.555826,0,0.0131637
0.355,0.425,10.1465,2.97486,0.185186,49.3743,0.0872855,-0.555826,0,0.0131637
0.355,0.435,10.2067,2.92959,0.258947,49.021,0.0872855,-0.555826,0,0.0131637
0.355,0.445,10.2878,2.88293,0.328212,48.8169,0.0872855,-0.555826,0,0.0131637
0.355,0.455,10.3928,2.83455,0.392375,48.7802,0.0872855,-0.555826,0,0.0131637
0.355,0.465,10.5248,2.78411,0.45093,48.928,0.0872855,-0.555826,0,0.0131637
0.355,0.475,10.6862,2.7313,0.503548,49.2751,0.0872855,-0.555826,0,0.0131637
0.355,0.485,10.8787,2.67582,0.550158,49.8315,0.0872855,-0.555826,0,0.0131637
0.355,0.495,11.1032,2.61735,0.590992,50.6026,0.0872855,-0.555826,0,0.0131637
0.355,0.505,11.3613,2.55517,0.626664,51.5983,0.0872855,-0.555826,0,0.0131637
0.355,0.515,11.6529,2.4888,0.658282,52.8207,0.0872855,-0.555826,0,0.0131637
0.355,0.525,11.9707,2.41972,0.686881,54.2271,0.0872855,-0.555826,0,0.0131637
0.355,0.535,12.3123,2.34744,0.712905,55.8102,0.0872855,-0.555826,0,0.0131637
0.355,0.545,12.6739,2.27158,0.736985,57.5569,0.0872855,-0.555826,0,0.0131637
0.355,0.555,13.0502,2.19186,0.759707,59.4539,0.0872855,-0.555826,0,0.0131637
0.355,0.565,13.4332,2.10803,0.781578,61.4865,0.0872855,-0.555826,0,0.0131637
0.355,0.575,13.8097,2.02002,0.803015,63.6377,0.0872855,-0.555826,0,0.0131637
0.355,0.585,14.1553,1.92794,0.824327,65.8863,0.0872855,-0.555826,0,0.0131637
0.355,0.595,14.4259,1.83185,0.845712,68.2047,0.0872855,-0.555826,0,0.0131637
0.355,0.605,14.5484,1.73078,0.867344,70.5578,0.0872855,-0.555826,0,0.0131637
0.355,0.615,14.4153,1.62049,0.889649,72.9029,0.0872855,-0.555826,0,0.0131637
0.355,0.625,13.8984,1.48926,0.913941,75.192,0.0872855,-0.555826,0,0.0131637
0.355,0.635,12.8922,1.31133,0.943652,77.3762,0.0872855,-0.555826,0,0.0131637
0.355,0.645,11.3897,1.037,0.986353,79.4086,0.0872855,-0.555826,0,0.0131637
0.355,0.655,9.56001,0.581229,1.05603,81.2443,0.0872855,-0.555826,0,0.0131637
0.355,0.665,7.75286,-0.17682,1.17219,82.8285,0.0872855,-0.555826,0,0.0131637
0.355,0.675,6.35282,-1.35101,1.34886,84.0771,0.0872855,-0.555826,0,0.0131637
0.355,0.685,5.52712,-2.95303,1.57571,84.9244,0.0872855,-0.555826,0,0.0131637
0.355,0.695,5.24967,-4.84683,1.81498,85.4524,0.0872855,-0.555826,0,0.0131637
0.355,0.705,5.46446,-6.82349,2.02666,85.9065,0.0872855,-0.555826,0,0.0131637
0.355,0.715,6.17277,-8.70783,2.19124,86.238,0.0872855,-0.555826,0,0.0131637
0.355,0.725,7.46127,-10.3717,2.3024,86.1525,0.0872855,-0.555826,0,0.0131637
0.355,0.735,9.48711,-11.7341,2.3607,85.2239,0.0872855,-0.555826,0,0.0131637
0.355,0.745,12.461,-12.7705,2.37738,83.2944,0.0872855,-0.555826,0,0.0131637
0.355,0.755,16.6846,-13.5085,2.3808,81.0505,0.0872855,-0.555826,0,0.0131637
0.355,0.765,22.7008,-14.007,2.40636,80.1662,0.0872855,-0.555826,0,0.0131637
0.355,0.775,31.4817,-14.3327,2.47098,82.4454,0.0872855,-0.555826,0,0.0131637
0.355,0.785,44.3351,-14.5443,2.56518,88.2518,0.0872855,-0.555826,0,0.0131637
0.355,0.795,62.6192,-14.6842,2.65944,96.3912,0.0872855,-0.555826,0,0.0131637
0.355,0.805,87.0986,-14.7792,2.72788,104.398,0.0872855,-0.555826,0,0.0131637
0.355,0.815,117.209,-14.845,2.75833,109.371,0.0872855,-0.555826,0,0.0131637
0.355,0.825,150.732,-14.891,2.75169,109.27,0.0872855,-0.555826,0,0.0131637
0.355,0.835,184.49,-14.9233,2.71818,104.141,0.0872855,-0.555826,0,0.0131637
0.355,0.845,215.977,-14.9456,2.67321,96.2849,0.0872855,-0.555826,0,0.0131637
0.355,0.855,244.753,-14.9609,2.63254,88.9627,0.0872855,-0.555826,0,0.0131637
0.355,0.865,272.405,-14.9713,2.6072,84.6421,0.0872855,-0.555826,0,0.0131637
0.355,0.875,301.209,-14.9783,2.60067,84.1711,0.0872855,-0.555826,0,0.0131637
0.355,0.885,332.782,-14.9832,2.61007,87.1454,0.0872855,-0.555826,0,0.0131637
0.355,0.895,367.629,-14.9866,2.62998,92.6832,0.0872855,-0.555826,0,0.0131637
0.355,0.905,405.406,-14.9892,2.65546,99.9428,0.0872855,-0.555826,0,0.0131637
0.355,0.915,445.372,-14.9912,2.68319,108.294,0.0872855,-0.555826,0,0.0131637
0.355,0.925,486.705,-14.9928,2.71123,117.31,0.0872855,-0.555826,0,0.0131637
0.355,0.935,528.642,-14.9941,2.73859,126.702,0.0872855,-0.555826,0,0.0131637
0.355,0.945,570.515,-14.9952,2.76477,136.27,0.0872855,-0.555826,0,0.0131637
0.355,0.955,611.747,-14.9961,2.78953,145.864,0.0872855,-0.555826,0,0.0131637
0.355,0.965,651.836,-14.9968,2.81278,155.362,0.0872855,-0.555826,0,0.0131637
0.355,0.975,690.354,-14.9974,2.83446,164.659,0.0872855,-0.555826,0,0.0131637
0.355,0.985,726.936,-14.998,2.85456,173.661,0.0872855,-0.555826,0,0.0131637
0.355,0.995,761.289,-14.9984,2.87308,182.287,0.0872855,-0.555826,0,0.0131637
0.365,0.005,11.289,4.80619,-3.77536,108.277,0.0767499,-0.497474,0,0.0109943
0.365,0.015,11.2565,4.76433,-3.67365,106.386,0.0767499,-0.497474,0,0.0109943
0.365,0.025,11.225,4.72188,-3.57187,104.519,0.0767499,-0.497474,0,0.0109943
0.365,0.035,11.1935,4.67896,-3.47035,102.662,0.0767499,-0.497474,0,0.0109943
0.365,0.045,11.1618,4.63564,-3.36916,100.814,0.0767499,-0.497474,0,0.0109943
0.365,0.055,11.1297,4.592,-3.26833,98.9765,0.0767499,-0.497474,0,0.0109943
0.365,0.065,11.0972,4.54807,-3.16785,97.1504,0.0767499,-0.497474,0,0.0109943
0.365,0.075,11.0642,4.50393,-3.06773,95.3366,0.0767499,-0.497474,0,0.0109943
0.365,0.085,11.0306,4.45962,-2.96798,93.5362,0.0767499,-0.497474,0,0.0109943
0.365,0.095,10.9965,4.41521,-2.86859,91.7502,0.0767499,-0.497474,0,0.0109943
0.365,0.105,10.9618,4.37073,-2.76955,89.98,0.0767499,-0.497474,0,0.0109943
0.365,0.115,10.9265,4.32624,-2.67087,88.2266,0.0767499,-0.497474,0,0.0109943
0.365,0.125,10.8905,4.28178,-2.57253,86.4912,0.0767499,-0.497474,0,0.0109943
0.365,0.135,10.8538,4.2374,-2.47452,84.7747,0.0767499,-0.497474,0,0.0109943
0.365,0.145,10.8164,4.19315,-2.37684,83.0783,0.0767499,-0.497474,0,0.0109943
0.365,0.155,10.7784,4.14905,-2.27947,81.4031,0.0767499,-0.497474,0,0.0109943
0.365,0.165,10.7397,4.10515,-2.1824,79.7502,0.0767499,-0.497474,0,0.0109943
0.365,0.175,10.7003,4.06148,-2.08562,78.1205,0.0767499,-0.497474,0,0.0109943
0.365,0.185,10.6603,4.01808,-1.98911,76.5151,0.0767499,-0.497474,0,0.0109943
0.365,0.195,10.6197,3.97497,-1.89287,74.935,0.0767499,-0.497474,0,0.0109943
0.365,0.205,10.5785,3.93219,-1.79687,73.3812,0.0767499,-0.497474,0,0.0109943
0.365,0.215,10.5369,3.88976,-1.7011,71.8547,0.0767499,-0.497474,0,0.0109943
0.365,0.225,10.4949,3.8477,-1.60556,70.3563,0.0767499,-0.497474,0,0.0109943
0.365,0.235,10.4525,3.80601,-1.51024,68.887,0.0767499,-0.497474,0,0.0109943
0.365,0.245,10.41,3.76472,-1.41514,67.4479,0.0767499,-0.497474,0,0.0109943
0.365,0.255,10.3673,3.72384,-1.32025,66.0398,0.0767499,-0.497474,0,0.0109943
0.365,0.265,10.3246,3.68337,-1.22559,64.6639,0.0767499,-0.497474,0,0.0109943
0.365,0.275,10.2822,3.64331,-1.13116,63.3211,0.0767499,-0.497474,0,0.0109943
0.365,0.285,10.2401,3.60366,-1.03698,62.0128,0.0767499,-0.497474,0,0.0109943
0.365,0.295,10.1987,3.5644,-0.943093,60.7401,0.0767499,-0.497474,0,0.0109943
0.365,0.305,10.1582,3.52551,-0.849538,59.5047,0.0767499,-0.497474,0,0.0109943
0.365,0.315,10.1189,3.48697,-0.756374,58.3086,0.0767499,-0.497474,0,0.0109943
0.365,0.325,10.0812,3.44875,-0.66368,57.1537,0.0767499,-0.497474,0,0.0109943
0.365,0.335,10.0457,3.41081,-0.571552,56.0428,0.0767499,-0.497474,0,0.0109943
0.365,0.345,10.0129,3.37309,-0.48012,54.9789,0.0767499,-0.497474,0,0.0109943
0.365,0.355,9.98358,3.33554,-0.389543,53.9658,0.0767499,-0.497474,0,0.0109943
0.365,0.365,9.95857,3.29809,-0.300024,53.0085,0.0767499,-0.497474,0,0.0109943
0.365,0.375,9.93899,3.26064,-0.21181,52.1127,0.0767499,-0.497474,0,0.0109943
0.365,0.385,9.9262,3.2231,-0.125198,51.2858,0.0767499,-0.497474,0,0.0109943
0.365,0.395,9.92228,3.18517,-0.0405216,50.537,0.0767499,-0.497474,0,0.0109943
0.365,0.405,9.93781,3.14356,0.042184,49.8846,0.0767499,-0.497474,0,0.0109943
0.365,0.415,9.9677,3.10023,0.122461,49.3198,0.0767499,-0.497474,0,0.0109943
0.365,0.425,10.0134,3.05572,0.199357,48.87,0.0767499,-0.497474,0,0.0109943
0.365,0.435,10.0772,3.01014,0.272214,48.5541,0.0767499,-0.497474,0,0.0109943
0.365,0.445,10.1622,2.96311,0.340426,48.3892,0.0767499,-0.497474,0,0.0109943
0.365,0.455,10.2714,2.91428,0.4034,48.3933,0.0767499,-0.497474,0,0.0109943
0.365,0.465,10.4076,2.86333,0.460656,48.5832,0.0767499,-0.497474,0,0.0109943
0.365,0.475,10.5733,2.80993,0.511911,48.9727,0.0767499,-0.497474,0,0.0109943
0.365,0.485,10.7699,2.7538,0.557145,49.5707,0.0767499,-0.497474,0,0.0109943
0.365,0.495,10.998,2.69466,0.596642,50.38,0.0767499,-0.497474,0,0.0109943
0.365,0.505,11.2571,2.63224,0.630965,51.3978,0.0767499,-0.497474,0,0.0109943
0.365,0.515,11.5467,2.56598,0.660963,52.6245,0.0767499,-0.497474,0,0.0109943
0.365,0.525,11.8671,2.49514,0.687898,54.0655,0.0767499,-0.497474,0,0.0109943
0.365,0.535,12.2094,2.42147,0.712834,55.6718,0.0767499,-0.497474,0,0.0109943
0.365,0.545,12.5708,2.34432,0.73607,57.4383,0.0767499,-0.497474,0,0.0109943
0.365,0.555,12.9462,2.2633,0.75812,59.3522,0.0767499,-0.497474,0,0.0109943
0.365,0.565,13.3274,2.17814,0.779446,61.3992,0.0767499,-0.497474,0,0.0109943
0.365,0.575,13.7006,2.08878,0.800425,63.5619,0.0767499,-0.497474,0,0.0109943
0.365,0.585,14.04,1.99535,0.821332,65.8187,0.0767499,-0.497474,0,0.0109943
0.365,0.595,14.2994,1.89789,0.842336,68.1412,0.0767499,-0.497474,0,0.0109943
0.365,0.605,14.4017,1.79524,0.863606,70.4937,0.0767499,-0.497474,0,0.0109943
0.365,0.615,14.2357,1.68256,0.88564,72.8328,0.0767499,-0.497474,0,0.0109943
0.365,0.625,13.6716,1.54683,0.91001,75.1095,0.0767499,-0.497474,0,0.0109943
0.365,0.635,12.6098,1.35978,0.940751,77.2714,0.0767499,-0.497474,0,0.0109943
0.365,0.645,11.0614,1.0678,0.986519,79.2656,0.0767499,-0.497474,0,0.0109943
0.365,0.655,9.22338,0.581371,1.06255,81.0378,0.0767499,-0.497474,0,0.0109943
0.365,0.665,7.46463,-0.220653,1.18831,82.5266,0.0767499,-0.497474,0,0.0109943
0.365,0.675,6.15122,-1.43997,1.37423,83.6534,0.0767499,-0.497474,0,0.0109943
0.365,0.685,5.40767,-3.06593,1.60406,84.3855,0.0767499,-0.497474,0,0.0109943
0.365,0.695,5.18688,-4.95245,1.83758,84.8426,0.0767499,-0.497474,0,0.0109943
0.365,0.705,5.43213,-6.90338,2.03812,85.2546,0.0767499,-0.497474,0,0.0109943
0.365,0.715,6.14948,-8.76095,2.19057,85.5361,0.0767499,-0.497474,0,0.0109943
0.365,0.725,7.42824,-10.4052,2.29114,85.3708,0.0767499,-0.497474,0,0.0109943
0.365,0.735,9.42426,-11.7552,2.3416,84.3435,0.0767499,-0.497474,0,0.0109943
0.365,0.745,12.3454,-12.7834,2.35417,82.3538,0.0767499,-0.497474,0,0.0109943
0.365,0.755,16.4952,-13.5155,2.35811,80.1742,0.0767499,-0.497474,0,0.0109943
0.365,0.765,22.4259,-14.0098,2.38861,79.5164,0.0767499,-0.497474,0,0.0109943
0.365,0.775,31.1256,-14.3332,2.46018,82.1509,0.0767499,-0.497474,0,0.0109943
0.365,0.785,43.918,-14.544,2.56085,88.3723,0.0767499,-0.497474,0,0.0109943
0.365,0.795,62.1783,-14.684,2.66,96.9296,0.0767499,-0.497474,0,0.0109943
0.365,0.805,86.6998,-14.7793,2.73165,105.318,0.0767499,-0.497474,0,0.0109943
0.365,0.815,116.942,-14.8455,2.76384,110.578,0.0767499,-0.497474,0,0.0109943
0.365,0.825,150.678,-14.8917,2.7577,110.591,0.0767499,-0.497474,0,0.0109943
0.365,0.835,184.666,-14.9239,2.7237,105.366,0.0767499,-0.497474,0,0.0109943
0.365,0.845,216.309,-14.9462,2.67756,97.2435,0.0767499,-0.497474,0,0.0109943
0.365,0.855,245.119,-14.9614,2.63546,89.5965,0.0767499,-0.497474,0,0.0109943
0.365,0.865,272.703,-14.9716,2.60886,84.9974,0.0767499,-0.497474,0,0.0109943
0.365,0.875,301.398,-14.9785,2.60146,84.3404,0.0767499,-0.497474,0,0.0109943
0.365,0.885,332.876,-14.9833,2.61038,87.2125,0.0767499,-0.497474,0,0.0109943
0.365,0.895,367.662,-14.9867,2.63007,92.703,0.0767499,-0.497474,0,0.0109943
0.365,0.905,405.409,-14.9892,2.65547,99.9444,0.0767499,-0.497474,0,0.0109943
0.365,0.915,445.364,-14.9912,2.68318,108.291,0.0767499,-0.497474,0,0.0109943
0.365,0.925,486.696,-14.9928,2.71122,117.306,0.0767499,-0.497474,0,0.0109943
0.365,0.935,528.635,-14.9941,2.73858,126.699,0.0767499,-0.497474,0,0.0109943
0.365,0.945,570.51,-14.9952,2.76476,136.268,0.0767499,-0.497474,0,0.0109943
0.365,0.955,611.744,-14.9961,2.78953,145.863,0.0767499,-0.497474,0,0.0109943
0.365,0.965,651.835,-14.9968,2.81278,155.362,0.0767499,-0.497474,0,0.0109943
0.365,0.975,690.353,-14.9974,2.83446,164.659,0.0767499,-0.497474,0,0.0109943
0.365,0.985,726.936,-14.998,2.85456,173.661,0.0767499,-0.497474,0,0.0109943
0.365,0.995,761.288,-14.9984,2.87308,182.287,0.0767499,-0.497474,0,0.0109943
0.375,0.005,11.1254,4.87318,-3.75841,106.3,0.0672572,-0.439122,0,0.00913891
0.375,0.015,11.0923,4.83173,-3.65679,104.448,0.0672572,-0.439122,0,0.00913891
0.375,0.025,11.0602,4.78971,-3.55511,102.619,0.0672572,-0.439122,0,0.00913891
0.375,0.035,11.0281,4.74723,-3.45371,100.8,0.0672572,-0.439122,0,0.00913891
0.375,0.045,10.9958,4.70437,-3.35264,98.9908,0.0672572,-0.439122,0,0.00913891
0.375,0.055,10.9631,4.6612,-3.25191,97.1919,0.0672572,-0.439122,0,0.00913891
0.375,0.065,10.9301,4.61775,-3.15153,95.4045,0.0672572,-0.439122,0,0.00913891
0.375,0.075,10.8967,4.5741,-3.05149,93.6297,0.0672572,-0.439122,0,0.00913891
0.375,0.085,10.8628,4.53029,-2.95182,91.8683,0.0672572,-0.439122,0,0.00913891
0.375,0.095,10.8284,4.48637,-2.85249,90.1216,0.0672572,-0.439122,0,0.00913891
0.375,0.105,10.7935,4.4424,-2.75351,88.3906,0.0672572,-0.439122,0,0.00913891
0.375,0.115,10.758,4.39842,-2.65487,86.6765,0.0672572,-0.439122,0,0.00913891
0.375,0.125,10.7219,4.35448,-2.55656,84.9802,0.0672572,-0.439122,0,0.00913891
0.375,0.135,10.6852,4.31061,-2.45857,83.3029,0.0672572,-0.439122,0,0.00913891
0.375,0.145,10.6479,4.26687,-2.3609,81.6456,0.0672572,-0.439122,0,0.00913891
0.375,0.155,10.61,4.22329,-2.26352,80.0093,0.0672572,-0.439122,0,0.00913891
0.375,0.165,10.5715,4.1799,-2.16644,78.395,0.0672572,-0.439122,0,0.00913891
0.375,0.175,10.5325,4.13674,-2.06963,76.8038,0.0672572,-0.439122,0,0.00913891
0.375,0.185,10.4928,4.09383,-1.97308,75.2366,0.0672572,-0.439122,0,0.00913891
0.375,0.195,10.4527,4.05122,-1.87678,73.6944,0.0672572,-0.439122,0,0.00913891
0.375,0.205,10.4122,4.00892,-1.78072,72.1781,0.0672572,-0.439122,0,0.00913891
0.375,0.215,10.3712,3.96695,-1.68488,70.6887,0.0672572,-0.439122,0,0.00913891
0.375,0.225,10.3299,3.92534,-1.58926,69.2269,0.0672572,-0.439122,0,0.00913891
0.375,0.235,10.2883,3.8841,-1.49386,67.7938,0.0672572,-0.439122,0,0.00913891
0.375,0.245,10.2467,3.84324,-1.39867,66.3902,0.0672572,-0.439122,0,0.00913891
0.375,0.255,10.2049,3.80277,-1.3037,65.0172,0.0672572,-0.439122,0,0.00913891
0.375,0.265,10.1633,3.76269,-1.20895,63.6757,0.0672572,-0.439122,0,0.00913891
0.375,0.275,10.122,3.72301,-1.11443,62.3667,0.0672572,-0.439122,0,0.00913891
0.375,0.285,10.0811,3.68371,-1.02018,61.0914,0.0672572,-0.439122,0,0.00913891
0.375,0.295,10.041,3.64477,-0.926229,59.8513,0.0672572,-0.439122,0,0.00913891
0.375,0.305,10.0018,3.60619,-0.832622,58.6478,0.0672572,-0.439122,0,0.00913891
0.375,0.315,9.96387,3.56792,-0.739427,57.4829,0.0672572,-0.439122,0,0.00913891
0.375,0.325,9.92772,3.52995,-0.646726,56.3588,0.0672572,-0.439122,0,0.00913891
0.375,0.335,9.89377,3.49223,-0.554623,55.2781,0.0672572,-0.439122,0,0.00913891
0.375,0.345,9.86265,3.45471,-0.463252,54.2441,0.0672572,-0.439122,0,0.00913891
0.375,0.355,9.83508,3.41732,-0.372784,53.2607,0.0672572,-0.439122,0,0.00913891
0.375,0.365,9.812,3.37999,-0.283428,52.333,0.0672572,-0.439122,0,0.00913891
0.375,0.375,9.79452,3.34262,-0.195444,51.4671,0.0672572,-0.439122,0,0.00913891
0.375,0.385,9.78405,3.30511,-0.109143,50.6705,0.0672572,-0.439122,0,0.00913891
0.375,0.395,9.78356,3.26685,-0.0248195,49.9543,0.0672572,-0.439122,0,0.00913891
0.375,0.405,9.80293,3.22464,0.0574589,49.3313,0.0672572,-0.439122,0,0.00913891
0.375,0.415,9.83567,3.18118,0.137137,48.7995,0.0672572,-0.439122,0,0.00913891
0.375,0.425,9.88459,3.13643,0.213256,48.3851,0.0672572,-0.439122,0,0.00913891
0.375,0.435,9.952,3.09051,0.285177,48.1065,0.0672572,-0.439122,0,0.00913891
0.375,0.445,10.0408,3.04307,0.352301,47.9807,0.0672572,-0.439122,0,0.00913891
0.375,0.455,10.1541,2.99376,0.414051,48.0256,0.0672572,-0.439122,0,0.00913891
0.375,0.465,10.2946,2.94224,0.469977,48.2574,0.0672572,-0.439122,0,0.00913891
0.375,0.475,10.4646,2.88821,0.51984,48.6893,0.0672572,-0.439122,0,0.00913891
0.375,0.485,10.6654,2.83137,0.56368,49.3288,0.0672572,-0.439122,0,0.00913891
0.375,0.495,10.8973,2.77145,0.601833,50.1778,0.0672572,-0.439122,0,0.00913891
0.375,0.505,11.1595,2.70821,0.634904,51.2317,0.0672572,-0.439122,0,0.00913891
0.375,0.515,11.4502,2.64141,0.663685,52.4817,0.0672572,-0.439122,0,0.00913891
0.375,0.525,11.7682,2.57046,0.689153,53.9251,0.0672572,-0.439122,0,0.00913891
0.375,0.535,12.1128,2.49478,0.712575,55.5652,0.0672572,-0.439122,0,0.00913891
0.375,0.545,12.4742,2.41609,0.734882,57.3525,0.0672572,-0.439122,0,0.00913891
0.375,0.555,12.8486,2.33367,0.756201,59.283,0.0672572,-0.439122,0,0.00913891
0.375,0.565,13.2277,2.24714,0.776933,61.3428,0.0672572,-0.439122,0,0.00913891
0.375,0.575,13.597,2.15642,0.797417,63.5149,0.0672572,-0.439122,0,0.00913891
0.375,0.585,13.9293,2.06164,0.817893,65.7771,0.0672572,-0.439122,0,0.00913891
0.375,0.595,14.176,1.96281,0.838497,68.1007,0.0672572,-0.439122,0,0.00913891
0.375,0.605,14.2559,1.85853,0.8594,70.4494,0.0672572,-0.439122,0,0.00913891
0.375,0.615,14.0536,1.74326,0.8812,72.779,0.0672572,-0.439122,0,0.00913891
0.375,0.625,13.4386,1.60246,0.905792,75.0388,0.0672572,-0.439122,0,0.00913891
0.375,0.635,12.3186,1.40516,0.937933,77.1718,0.0672572,-0.439122,0,0.00913891
0.375,0.645,10.7258,1.09357,0.987469,79.1178,0.0672572,-0.439122,0,0.00913891
0.375,0.655,8.88664,0.574068,1.07077,80.8144,0.0672572,-0.439122,0,0.00913891
0.375,0.665,7.18572,-0.273118,1.20669,82.1971,0.0672572,-0.439122,0,0.00913891
0.375,0.675,5.96235,-1.53498,1.40122,83.1992,0.0672572,-0.439122,0,0.00913891
0.375,0.685,5.29845,-3.17905,1.63238,83.8244,0.0672572,-0.439122,0,0.00913891
0.375,0.695,5.13006,-5.05333,1.85867,84.2229,0.0672572,-0.439122,0,0.00913891
0.375,0.705,5.40173,-6.97683,2.04744,84.5997,0.0672572,-0.439122,0,0.00913891
0.375,0.715,6.12459,-8.80826,2.18779,84.8345,0.0672572,-0.439122,0,0.00913891
0.375,0.725,7.39048,-10.4343,2.27813,84.5936,0.0672572,-0.439122,0,0.00913891
0.375,0.735,9.3542,-11.7731,2.32123,83.477,0.0672572,-0.439122,0,0.00913891
0.375,0.745,12.2214,-12.794,2.33025,81.4431,0.0672572,-0.439122,0,0.00913891
0.375,0.755,16.298,-13.5208,2.33523,79.3452,0.0672572,-0.439122,0,0.00913891
0.375,0.765,22.1449,-14.0115,2.37097,78.9235,0.0672572,-0.439122,0,0.00913891
0.375,0.775,30.7638,-14.3329,2.44959,81.9086,0.0672572,-0.439122,0,0.00913891
0.375,0.785,43.4921,-14.5431,2.55665,88.534,0.0672572,-0.439122,0,0.00913891
0.375,0.795,61.7218,-14.6833,2.66062,97.4995,0.0672572,-0.439122,0,0.00913891
0.375,0.805,86.2764,-14.7791,2.73546,106.268,0.0672572,-0.439122,0,0.00913891
0.375,0.815,116.645,-14.8456,2.76943,111.821,0.0672572,-0.439122,0,0.00913891
0.375,0.825,150.596,-14.8921,2.76385,111.962,0.0672572,-0.439122,0,0.00913891
0.375,0.835,184.824,-14.9244,2.72941,106.65,0.0672572,-0.439122,0,0.00913891
0.375,0.845,216.642,-14.9467,2.68213,98.2642,0.0672572,-0.439122,0,0.00913891
0.375,0.855,245.503,-14.9618,2.63859,90.2841,0.0672572,-0.439122,0,0.00913891
0.375,0.865,273.028,-14.9719,2.61069,85.393,0.0672572,-0.439122,0,0.00913891
0.375,0.875,301.614,-14.9787,2.60236,84.5366,0.0672572,-0.439122,0,0.00913891
0.375,0.885,332.993,-14.9834,2.61076,87.2965,0.0672572,-0.439122,0,0.00913891
0.375,0.895,367.711,-14.9867,2.6302,92.7328,0.0672572,-0.439122,0,0.00913891
0.375,0.905,405.422,-14.9892,2.6555,99.9517,0.0672572,-0.439122,0,0.00913891
0.375,0.915,445.363,-14.9912,2.68318,108.29,0.0672572,-0.439122,0,0.00913891
0.375,0.925,486.69,-14.9928,2.71121,117.304,0.0672572,-0.439122,0,0.00913891
0.375,0.935,528.63,-14.9941,2.73857,126.697,0.0672572,-0.439122,0,0.00913891
0.375,0.945,570.507,-14.9952,2.76476,136.267,0.0672572,-0.439122,0,0.00913891
0.375,0.955,611.742,-14.9961,2.78953,145.862,0.0672572,-0.439122,0,0.00913891
0.375,0.965,651.834,-14.9968,2.81278,155.361,0.0672572,-0.439122,0,0.00913891
0.375,0.975,690.352,-14.9974,2.83446,164.658,0.0672572,-0.439122,0,0.00913891
0.375,0.985,726.935,-14.998,2.85456,173.661,0.0672572,-0.439122,0,0.00913891
0.375,0.995,761.288,-14.9984,2.87308,182.287,0.0672572,-0.439122,0,0.00913891
0.385,0.005,10.9659,4.94044,-3.74178,104.381,0.0587279,-0.38077,0,0.00755862
0.385,0.015,10.9324,4.89941,-3.64024,102.568,0.0587279,-0.38077,0,0.00755862
0.385,0.025,10.8998,4.85781,-3.53865,100.777,0.0587279,-0.38077,0,0.00755862
0.385,0.035,10.8671,4.81578,-3.43736,98.9953,0.0587279,-0.38077,0,0.00755862
0.385,0.045,10.8343,4.77338,-3.3364,97.2233,0.0587279,-0.38077,0,0.00755862
0.385,0.055,10.8012,4.73067,-3.23576,95.4621,0.0587279,-0.38077,0,0.00755862
0.385,0.065,10.7678,4.68771,-3.13547,93.7126,0.0587279,-0.38077,0,0.00755862
0.385,0.075,10.734,4.64454,-3.03552,91.9758,0.0587279,-0.38077,0,0.00755862
0.385,0.085,10.6998,4.60123,-2.9359,90.2527,0.0587279,-0.38077,0,0.00755862
0.385,0.095,10.6652,4.55781,-2.83663,88.5443,0.0587279,-0.38077,0,0.00755862
0.385,0.105,10.6301,4.51435,-2.73769,86.8516,0.0587279,-0.38077,0,0.00755862
0.385,0.115,10.5945,4.47088,-2.63908,85.1757,0.0587279,-0.38077,0,0.00755862
0.385,0.125,10.5583,4.42744,-2.54079,83.5177,0.0587279,-0.38077,0,0.00755862
0.385,0.135,10.5217,4.38409,-2.44281,81.8786,0.0587279,-0.38077,0,0.00755862
0.385,0.145,10.4845,4.34086,-2.34513,80.2593,0.0587279,-0.38077,0,0.00755862
0.385,0.155,10.4468,4.29778,-2.24774,78.6608,0.0587279,-0.38077,0,0.00755862
0.385,0.165,10.4085,4.2549,-2.15063,77.0842,0.0587279,-0.38077,0,0.00755862
0.385,0.175,10.3698,4.21223,-2.05378,75.5304,0.0587279,-0.38077,0,0.00755862
0.385,0.185,10.3306,4.16982,-1.95718,74.0002,0.0587279,-0.38077,0,0.00755862
0.385,0.195,10.291,4.12769,-1.86082,72.4947,0.0587279,-0.38077,0,0.00755862
0.385,0.205,10.2509,4.08586,-1.76469,71.0148,0.0587279,-0.38077,0,0.00755862
0.385,0.215,10.2106,4.04436,-1.66877,69.5612,0.0587279,-0.38077,0,0.00755862
0.385,0.225,10.17,4.0032,-1.57307,68.1349,0.0587279,-0.38077,0,0.00755862
0.385,0.235,10.1293,3.96239,-1.47758,66.7367,0.0587279,-0.38077,0,0.00755862
0.385,0.245,10.0885,3.92194,-1.3823,65.3675,0.0587279,-0.38077,0,0.00755862
0.385,0.255,10.0477,3.88187,-1.28723,64.0282,0.0587279,-0.38077,0,0.00755862
0.385,0.265,10.0071,3.84217,-1.19239,62.7198,0.0587279,-0.38077,0,0.00755862
0.385,0.275,9.96679,3.80285,-1.09779,61.4434,0.0587279,-0.38077,0,0.00755862
0.385,0.285,9.92705,3.76388,-1.00346,60.2001,0.0587279,-0.38077,0,0.00755862
0.385,0.295,9.88807,3.72526,-0.909446,58.9913,0.0587279,-0.38077,0,0.00755862
0.385,0.305,9.85014,3.68696,-0.815789,57.8185,0.0587279,-0.38077,0,0.00755862
0.385,0.315,9.8136,3.64896,-0.722565,56.6837,0.0587279,-0.38077,0,0.00755862
0.385,0.325,9.77886,3.61123,-0.62986,55.5892,0.0587279,-0.38077,0,0.00755862
0.385,0.335,9.74642,3.57371,-0.537787,54.5377,0.0587279,-0.38077,0,0.00755862
0.385,0.345,9.7169,3.53636,-0.446487,53.5326,0.0587279,-0.38077,0,0.00755862
0.385,0.355,9.69107,3.4991,-0.356137,52.5781,0.0587279,-0.38077,0,0.00755862
0.385,0.365,9.66986,3.46187,-0.266959,51.6792,0.0587279,-0.38077,0,0.00755862
0.385,0.375,9.65443,3.42457,-0.179221,50.8424,0.0587279,-0.38077,0,0.00755862
0.385,0.385,9.64623,3.38706,-0.0932479,50.0754,0.0587279,-0.38077,0,0.00755862
0.385,0.395,9.64951,3.34829,-0.00927809,49.3913,0.0587279,-0.38077,0,0.00755862
0.385,0.405,9.67218,3.30561,0.0725441,48.7969,0.0587279,-0.38077,0,0.00755862
0.385,0.415,9.70777,3.26198,0.151567,48.298,0.0587279,-0.38077,0,0.00755862
0.385,0.425,9.75987,3.21697,0.22687,47.9188,0.0587279,-0.38077,0,0.00755862
0.385,0.435,9.83084,3.17069,0.297819,47.6771,0.0587279,-0.38077,0,0.00755862
0.385,0.445,9.92353,3.1228,0.363817,47.5903,0.0587279,-0.38077,0,0.00755862
0.385,0.455,10.0409,3.07297,0.424306,47.6759,0.0587279,-0.38077,0,0.00755862
0.385,0.465,10.1857,3.02085,0.478868,47.9497,0.0587279,-0.38077,0,0.00755862
0.385,0.475,10.3599,2.96614,0.527313,48.4238,0.0587279,-0.38077,0,0.00755862
0.385,0.485,10.5649,2.90854,0.569737,49.1049,0.0587279,-0.38077,0,0.00755862
0.385,0.495,10.8006,2.84778,0.606534,49.9936,0.0587279,-0.38077,0,0.00755862
0.385,0.505,11.0661,2.78364,0.638352,51.0842,0.0587279,-0.38077,0,0.00755862
0.385,0.515,11.3593,2.7159,0.666007,52.3667,0.0587279,-0.38077,0,0.00755862
0.385,0.525,11.6776,2.6443,0.690375,53.8296,0.0587279,-0.38077,0,0.00755862
0.385,0.535,12.0196,2.56814,0.712456,55.4721,0.0587279,-0.38077,0,0.00755862
0.385,0.545,12.3823,2.48738,0.733413,57.2885,0.0587279,-0.38077,0,0.00755862
0.385,0.555,12.756,2.40326,0.75392,59.2376,0.0587279,-0.38077,0,0.00755862
0.385,0.565,13.133,2.31521,0.77403,61.3114,0.0587279,-0.38077,0,0.00755862
0.385,0.575,13.4981,2.22303,0.794007,63.4927,0.0587279,-0.38077,0,0.00755862
0.385,0.585,13.8227,2.12686,0.814041,65.7592,0.0587279,-0.38077,0,0.00755862
0.385,0.595,14.0551,2.02662,0.834236,68.0819,0.0587279,-0.38077,0,0.00755862
0.385,0.605,14.1101,1.92061,0.854776,70.4243,0.0587279,-0.38077,0,0.00755862
0.385,0.615,13.8682,1.80247,0.876396,72.7413,0.0587279,-0.38077,0,0.00755862
0.385,0.625,13.1984,1.65596,0.901401,74.9794,0.0587279,-0.38077,0,0.00755862
0.385,0.635,12.0181,1.44707,0.935391,77.0761,0.0587279,-0.38077,0,0.00755862
0.385,0.645,10.3835,1.11375,0.989486,78.9632,0.0587279,-0.38077,0,0.00755862
0.385,0.655,8.55181,0.558783,1.08097,80.5725,0.0587279,-0.38077,0,0.00755862
0.385,0.665,6.91803,-0.334212,1.22739,81.8406,0.0587279,-0.38077,0,0.00755862
0.385,0.675,5.78683,-1.63518,1.42963,82.7184,0.0587279,-0.38077,0,0.00755862
0.385,0.685,5.19928,-3.29128,1.66037,83.2475,0.0587279,-0.38077,0,0.00755862
0.385,0.695,5.07889,-5.14878,1.87803,83.5997,0.0587279,-0.38077,0,0.00755862
0.385,0.705,5.37298,-7.04362,2.05457,83.9475,0.0587279,-0.38077,0,0.00755862
0.385,0.715,6.09797,-8.84976,2.18295,84.1387,0.0587279,-0.38077,0,0.00755862
0.385,0.725,7.34815,-10.4591,2.26346,83.8266,0.0587279,-0.38077,0,0.00755862
0.385,0.735,9.2775,-11.7879,2.29972,82.6301,0.0587279,-0.38077,0,0.00755862
0.385,0.745,12.0901,-12.8024,2.30571,80.5674,0.0587279,-0.38077,0,0.00755862
0.385,0.755,16.0945,-13.5245,2.31222,78.5669,0.0587279,-0.38077,0,0.00755862
0.385,0.765,21.8599,-14.0119,2.35349,78.3895,0.0587279,-0.38077,0,0.00755862
0.385,0.775,30.3987,-14.3316,2.43921,81.7197,0.0587279,-0.38077,0,0.00755862
0.385,0.785,43.0606,-14.5415,2.55257,88.7382,0.0587279,-0.38077,0,0.00755862
0.385,0.795,61.2536,-14.682,2.66129,98.1025,0.0587279,-0.38077,0,0.00755862
0.385,0.805,85.8331,-14.7784,2.7393,107.248,0.0587279,-0.38077,0,0.00755862
0.385,0.815,116.322,-14.8454,2.77508,113.101,0.0587279,-0.38077,0,0.00755862
0.385,0.825,150.487,-14.8922,2.77013,113.382,0.0587279,-0.38077,0,0.00755862
0.385,0.835,184.966,-14.9247,2.73531,107.994,0.0587279,-0.38077,0,0.00755862
0.385,0.845,216.976,-14.947,2.68691,99.3446,0.0587279,-0.38077,0,0.00755862
0.385,0.855,245.902,-14.9621,2.64193,91.0233,0.0587279,-0.38077,0,0.00755862
0.385,0.865,273.376,-14.9721,2.61268,85.8271,0.0587279,-0.38077,0,0.00755862
0.385,0.875,301.856,-14.9788,2.60338,84.7585,0.0587279,-0.38077,0,0.00755862
0.385,0.885,333.13,-14.9834,2.6112,87.3962,0.0587279,-0.38077,0,0.00755862
0.385,0.895,367.776,-14.9868,2.63036,92.7718,0.0587279,-0.38077,0,0.00755862
0.385,0.905,405.446,-14.9893,2.65555,99.9642,0.0587279,-0.38077,0,0.00755862
0.385,0.915,445.368,-14.9912,2.68319,108.293,0.0587279,-0.38077,0,0.00755862
0.385,0.925,486.689,-14.9928,2.71121,117.303,0.0587279,-0.38077,0,0.00755862
0.385,0.935,528.627,-14.9941,2.73857,126.696,0.0587279,-0.38077,0,0.00755862
0.385,0.945,570.505,-14.9952,2.76476,136.266,0.0587279,-0.38077,0,0.00755862
0.385,0.955,611.74,-14.9961,2.78953,145.862,0.0587279,-0.38077,0,0.00755862
0.385,0.965,651.833,-14.9968,2.81277,155.361,0.0587279,-0.38077,0,0.00755862
0.385,0.975,690.352,-14.9974,2.83446,164.658,0.0587279,-0.38077,0,0.00755862
0.385,0.985,726.935,-14.998,2.85456,173.661,0.0587279,-0.38077,0,0.00755862
0.385,0.995,761.288,-14.9984,2.87308,182.287,0.0587279,-0.38077,0,0.00755862
0.395,0.005,10.8106,5.00798,-3.72544,102.519,0.0510868,-0.322419,0,0.00621859
0.395,0.015,10.7767,4.96735,-3.62397,100.744,0.0510868,-0.322419,0,0.00621859
0.395,0.025,10.7436,4.92619,-3.52248,98.9896,0.0510868,-0.322419,0,0.00621859
0.395,0.035,10.7105,4.88461,-3.4213,97.2443,0.0510868,-0.322419,0,0.00621859
0.395,0.045,10.6772,4.84267,-3.32043,95.509,0.0510868,-0.322419,0,0.00621859
0.395,0.055,10.6437,4.80043,-3.21988,93.7847,0.0510868,-0.322419,0,0.00621859
0.395,0.065,10.6099,4.75795,-3.11966,92.0723,0.0510868,-0.322419,0,0.00621859
0.395,0.075,10.5758,4.71527,-3.01977,90.3728,0.0510868,-0.322419,0,0.00621859
0.395,0.085,10.5414,4.67244,-2.92021,88.687,0.0510868,-0.322419,0,0.00621859
0.395,0.095,10.5066,4.62953,-2.82098,87.016,0.0510868,-0.322419,0,0.00621859
0.395,0.105,10.4714,4.58657,-2.72208,85.3607,0.0510868,-0.322419,0,0.00621859
0.395,0.115,10.4357,4.5436,-2.62349,83.7222,0.0510868,-0.322419,0,0.00621859
0.395,0.125,10.3995,4.50067,-2.5252,82.1015,0.0510868,-0.322419,0,0.00621859
0.395,0.135,10.3629,4.45783,-2.42722,80.4995,0.0510868,-0.322419,0,0.00621859
0.395,0.145,10.3259,4.4151,-2.32953,78.9172,0.0510868,-0.322419,0,0.00621859
0.395,0.155,10.2884,4.37253,-2.23211,77.3556,0.0510868,-0.322419,0,0.00621859
0.395,0.165,10.2504,4.33014,-2.13496,75.8155,0.0510868,-0.322419,0,0.00621859
0.395,0.175,10.212,4.28797,-2.03806,74.298,0.0510868,-0.322419,0,0.00621859
0.395,0.185,10.1732,4.24604,-1.9414,72.8038,0.0510868,-0.322419,0,0.00621859
0.395,0.195,10.1341,4.20438,-1.84497,71.3339,0.0510868,-0.322419,0,0.00621859
0.395,0.205,10.0946,4.16301,-1.74876,69.8891,0.0510868,-0.322419,0,0.00621859
0.395,0.215,10.0549,4.12196,-1.65276,68.4702,0.0510868,-0.322419,0,0.00621859
0.395,0.225,10.0151,4.08124,-1.55697,67.0781,0.0510868,-0.322419,0,0.00621859
0.395,0.235,9.97507,4.04085,-1.46138,65.7136,0.0510868,-0.322419,0,0.00621859
0.395,0.245,9.93507,4.00081,-1.366,64.3776,0.0510868,-0.322419,0,0.00621859
0.395,0.255,9.89518,3.96113,-1.27084,63.0709,0.0510868,-0.322419,0,0.00621859
0.395,0.265,9.85553,3.92179,-1.17591,61.7945,0.0510868,-0.322419,0,0.00621859
0.395,0.275,9.81627,3.88281,-1.08123,60.5494,0.0510868,-0.322419,0,0.00621859
0.395,0.285,9.77762,3.84417,-0.98682,59.3369,0.0510868,-0.322419,0,0.00621859
0.395,0.295,9.73979,3.80585,-0.892738,58.1582,0.0510868,-0.322419,0,0.00621859
0.395,0.305,9.70307,3.76782,-0.799034,57.0151,0.0510868,-0.322419,0,0.00621859
0.395,0.315,9.6678,3.73007,-0.705784,55.9094,0.0510868,-0.322419,0,0.00621859
0.395,0.325,9.63442,3.69255,-0.613082,54.8434,0.0510868,-0.322419,0,0.00621859
0.395,0.335,9.60342,3.65522,-0.521046,53.8202,0.0510868,-0.322419,0,0.00621859
0.395,0.345,9.57546,3.61802,-0.429825,52.8431,0.0510868,-0.322419,0,0.00621859
0.395,0.355,9.55129,3.58088,-0.339606,51.9165,0.0510868,-0.322419,0,0.00621859
0.395,0.365,9.5319,3.54373,-0.250618,51.0457,0.0510868,-0.322419,0,0.00621859
0.395,0.375,9.51846,3.50646,-0.163144,50.2372,0.0510868,-0.322419,0,0.00621859
0.395,0.385,9.51247,3.46894,-0.0775173,49.4991,0.0510868,-0.322419,0,0.00621859
0.395,0.395,9.51988,3.42947,0.00608457,48.8466,0.0510868,-0.322419,0,0.00621859
0.395,0.405,9.54538,3.38646,0.087421,48.2806,0.0510868,-0.322419,0,0.00621859
0.395,0.415,9.58381,3.34261,0.165741,47.8144,0.0510868,-0.322419,0,0.00621859
0.395,0.425,9.63906,3.29732,0.240187,47.47,0.0510868,-0.322419,0,0.00621859
0.395,0.435,9.71355,3.25065,0.310124,47.2652,0.0510868,-0.322419,0,0.00621859
0.395,0.445,9.81008,3.20228,0.374955,47.2173,0.0510868,-0.322419,0,0.00621859
0.395,0.455,9.93156,3.15189,0.434144,47.3437,0.0510868,-0.322419,0,0.00621859
0.395,0.465,10.0806,3.09914,0.487307,47.6594,0.0510868,-0.322419,0,0.00621859
0.395,0.475,10.2592,3.0437,0.534303,48.1758,0.0510868,-0.322419,0,0.00621859
0.395,0.485,10.4683,2.98529,0.575287,48.8987,0.0510868,-0.322419,0,0.00621859
0.395,0.495,10.7078,2.92364,0.610708,49.8273,0.0510868,-0.322419,0,0.00621859
0.395,0.505,10.9767,2.85853,0.641261,50.9552,0.0510868,-0.322419,0,0.00621859
0.395,0.515,11.2726,2.78975,0.667786,52.2716,0.0510868,-0.322419,0,0.00621859
0.395,0.525,11.5928,2.71706,0.691157,53.764,0.0510868,-0.322419,0,0.00621859
0.395,0.535,11.9341,2.64019,0.712208,55.4206,0.0510868,-0.322419,0,0.00621859
0.395,0.545,12.2953,2.55821,0.731946,57.248,0.0510868,-0.322419,0,0.00621859
0.395,0.555,12.6682,2.47221,0.751373,59.2158,0.0510868,-0.322419,0,0.00621859
0.395,0.565,13.0429,2.38244,0.77076,61.3031,0.0510868,-0.322419,0,0.00621859
0.395,0.575,13.4035,2.28869,0.790195,63.4932,0.0510868,-0.322419,0,0.00621859
0.395,0.585,13.7196,2.19105,0.809779,65.7631,0.0510868,-0.322419,0,0.00621859
0.395,0.595,13.9363,2.08933,0.829566,68.0836,0.0510868,-0.322419,0,0.00621859
0.395,0.605,13.9639,1.98145,0.849759,70.4178,0.0510868,-0.322419,0,0.00621859
0.395,0.615,13.6786,1.86008,0.871282,72.7194,0.0510868,-0.322419,0,0.00621859
0.395,0.625,12.9501,1.70706,0.896947,74.9308,0.0510868,-0.322419,0,0.00621859
0.395,0.635,11.7079,1.48509,0.933329,76.9829,0.0510868,-0.322419,0,0.00621859
0.395,0.645,10.0355,1.12774,0.992856,78.8002,0.0510868,-0.322419,0,0.00621859
0.395,0.655,8.22116,0.535024,1.0934,80.3112,0.0510868,-0.322419,0,0.00621859
0.395,0.665,6.66331,-0.403774,1.25042,81.4588,0.0510868,-0.322419,0,0.00621859
0.395,0.675,5.62503,-1.73963,1.45917,82.2164,0.0510868,-0.322419,0,0.00621859
0.395,0.685,5.10992,-3.40155,1.68767,82.6619,0.0510868,-0.322419,0,0.00621859
0.395,0.695,5.03301,-5.23823,1.8955,82.9794,0.0510868,-0.322419,0,0.00621859
0.395,0.705,5.34563,-7.10362,2.0595,83.3035,0.0510868,-0.322419,0,0.00621859
0.395,0.715,6.06955,-8.8855,2.17613,83.4536,0.0510868,-0.322419,0,0.00621859
0.395,0.725,7.30149,-10.4796,2.24724,83.0748,0.0510868,-0.322419,0,0.00621859
0.395,0.735,9.19484,-11.7997,2.27716,81.8079,0.0510868,-0.322419,0,0.00621859
0.395,0.745,11.9527,-12.8086,2.28066,79.7309,0.0510868,-0.322419,0,0.00621859
0.395,0.755,15.8866,-13.5265,2.28915,77.8424,0.0510868,-0.322419,0,0.00621859
0.395,0.765,21.5731,-14.011,2.33619,77.9159,0.0510868,-0.322419,0,0.00621859
0.395,0.775,30.033,-14.3294,2.42907,81.5853,0.0510868,-0.322419,0,0.00621859
0.395,0.785,42.6269,-14.5391,2.54865,88.9863,0.0510868,-0.322419,0,0.00621859
0.395,0.795,60.7779,-14.6802,2.66202,98.7406,0.0510868,-0.322419,0,0.00621859
0.395,0.805,85.3749,-14.7773,2.74319,108.261,0.0510868,-0.322419,0,0.00621859
0.395,0.815,115.977,-14.8449,2.7808,114.419,0.0510868,-0.322419,0,0.00621859
0.395,0.825,150.357,-14.8921,2.77653,114.849,0.0510868,-0.322419,0,0.00621859
0.395,0.835,185.094,-14.9249,2.74138,109.393,0.0510868,-0.322419,0,0.00621859
0.395,0.845,217.309,-14.9472,2.69189,100.482,0.0510868,-0.322419,0,0.00621859
0.395,0.855,246.316,-14.9623,2.64546,91.8115,0.0510868,-0.322419,0,0.00621859
0.395,0.865,273.747,-14.9722,2.61483,86.2973,0.0510868,-0.322419,0,0.00621859
0.395,0.875,302.12,-14.9789,2.6045,85.0042,0.0510868,-0.322419,0,0.00621859
0.395,0.885,333.286,-14.9835,2.6117,87.5104,0.0510868,-0.322419,0,0.00621859
0.395,0.895,367.854,-14.9868,2.63056,92.8192,0.0510868,-0.322419,0,0.00621859
0.395,0.905,405.479,-14.9893,2.65562,99.9814,0.0510868,-0.322419,0,0.00621859
0.395,0.915,445.378,-14.9912,2.68321,108.298,0.0510868,-0.322419,0,0.00621859
0.395,0.925,486.691,-14.9928,2.71121,117.304,0.0510868,-0.322419,0,0.00621859
0.395,0.935,528.626,-14.9941,2.73857,126.695,0.0510868,-0.322419,0,0.00621859
0.395,0.945,570.503,-14.9952,2.76475,136.265,0.0510868,-0.322419,0,0.00621859
0.395,0.955,611.739,-14.9961,2.78952,145.862,0.0510868,-0.322419,0,0.00621859
0.395,0.965,651.832,-14.9968,2.81277,155.361,0.0510868,-0.322419,0,0.00621859
0.395,0.975,690.352,-14.9974,2.83446,164.658,0.0510868,-0.322419,0,0.00621859
0.395,0.985,726.935,-14.998,2.85456,173.661,0.0510868,-0.322419,0,0.00621859
0.395,0.995,761.288,-14.9984,2.87308,182.287,0.0510868,-0.322419,0,0.00621859
0.405,0.005,10.6593,5.07578,-3.70939,100.71,0.0442625,-0.264067,0,0.00508757
0.405,0.015,10.625,5.03557,-3.60797,98.9731,0.0442625,-0.264067,0,0.00508757
0.405,0.025,10.5915,4.99484,-3.50658,97.2545,0.0442625,-0.264067,0,0.00508757
0.405,0.035,10.558,4.95371,-3.40549,95.545,0.0442625,-0.264067,0,0.00508757
0.405,0.045,10.5243,4.91223,-3.3047,93.8458,0.0442625,-0.264067,0,0.00508757
0.405,0.055,10.4904,4.87046,-3.20423,92.1577,0.0442625,-0.264067,0,0.00508757
0.405,0.065,10.4564,4.82845,-3.10407,90.4816,0.0442625,-0.264067,0,0.00508757
0.405,0.075,10.4221,4.78626,-3.00424,88.8184,0.0442625,-0.264067,0,0.00508757
0.405,0.085,10.3874,4.74393,-2.90473,87.1691,0.0442625,-0.264067,0,0.00508757
0.405,0.095,10.3525,4.70151,-2.80553,85.5346,0.0442625,-0.264067,0,0.00508757
0.405,0.105,10.3171,4.65905,-2.70664,83.9158,0.0442625,-0.264067,0,0.00508757
0.405,0.115,10.2814,4.61658,-2.60806,82.3137,0.0442625,-0.264067,0,0.00508757
0.405,0.125,10.2453,4.57416,-2.50978,80.7294,0.0442625,-0.264067,0,0.00508757
0.405,0.135,10.2088,4.53182,-2.41178,79.1636,0.0442625,-0.264067,0,0.00508757
0.405,0.145,10.1719,4.48959,-2.31406,77.6173,0.0442625,-0.264067,0,0.00508757
0.405,0.155,10.1346,4.44751,-2.2166,76.0914,0.0442625,-0.264067,0,0.00508757
0.405,0.165,10.097,4.40561,-2.1194,74.5869,0.0442625,-0.264067,0,0.00508757
0.405,0.175,10.0589,4.36392,-2.02244,73.1046,0.0442625,-0.264067,0,0.00508757
0.405,0.185,10.0206,4.32247,-1.92572,71.6452,0.0442625,-0.264067,0,0.00508757
0.405,0.195,9.98191,4.28127,-1.82921,70.2098,0.0442625,-0.264067,0,0.00508757
0.405,0.205,9.94302,4.24036,-1.73292,68.799,0.0442625,-0.264067,0,0.00508757
0.405,0.215,9.90393,4.19975,-1.63683,67.4138,0.0442625,-0.264067,0,0.00508757
0.405,0.225,9.86472,4.15945,-1.54094,66.0547,0.0442625,-0.264067,0,0.00508757
0.405,0.235,9.82547,4.11947,-1.44526,64.7228,0.0442625,-0.264067,0,0.00508757
0.405,0.245,9.78627,4.07983,-1.34978,63.4188,0.0442625,-0.264067,0,0.00508757
0.405,0.255,9.74723,4.04052,-1.25452,62.1435,0.0442625,-0.264067,0,0.00508757
0.405,0.265,9.7085,4.00154,-1.15949,60.8979,0.0442625,-0.264067,0,0.00508757
0.405,0.275,9.67022,3.96288,-1.06472,59.6831,0.0442625,-0.264067,0,0.00508757
0.405,0.285,9.63259,3.92455,-0.970244,58.5002,0.0442625,-0.264067,0,0.00508757
0.405,0.295,9.59585,3.88651,-0.8761,57.3506,0.0442625,-0.264067,0,0.00508757
0.405,0.305,9.56028,3.84874,-0.782353,56.2359,0.0442625,-0.264067,0,0.00508757
0.405,0.315,9.52624,3.81122,-0.689083,55.1583,0.0442625,-0.264067,0,0.00508757
0.405,0.325,9.49415,3.7739,-0.59639,54.12,0.0442625,-0.264067,0,0.00508757
0.405,0.335,9.46454,3.73673,-0.504399,53.124,0.0442625,-0.264067,0,0.00508757
0.405,0.345,9.43807,3.69967,-0.413268,52.1741,0.0442625,-0.264067,0,0.00508757
0.405,0.355,9.41552,3.66263,-0.323191,51.2746,0.0442625,-0.264067,0,0.00508757
0.405,0.365,9.39789,3.62554,-0.23441,50.431,0.0442625,-0.264067,0,0.00508757
0.405,0.375,9.38639,3.5883,-0.147216,49.6501,0.0442625,-0.264067,0,0.00508757
0.405,0.385,9.38255,3.55074,-0.0619594,48.9402,0.0442625,-0.264067,0,0.00508757
0.405,0.395,9.39445,3.51036,0.0212509,48.3192,0.0442625,-0.264067,0,0.00508757
0.405,0.405,9.42235,3.46716,0.102071,47.7815,0.0442625,-0.264067,0,0.00508757
0.405,0.415,9.46362,3.42307,0.179646,47.3479,0.0442625,-0.264067,0,0.00508757
0.405,0.425,9.522,3.37747,0.253194,47.0381,0.0442625,-0.264067,0,0.00508757
0.405,0.435,9.59999,3.33037,0.322074,46.87,0.0442625,-0.264067,0,0.00508757
0.405,0.445,9.70037,3.2815,0.385695,46.8611,0.0442625,-0.264067,0,0.00508757
0.405,0.455,9.82597,3.23051,0.44354,47.0283,0.0442625,-0.264067,0,0.00508757
0.405,0.465,9.9793,3.17708,0.495265,47.3863,0.0442625,-0.264067,0,0.00508757
0.405,0.475,10.1622,3.12087,0.540779,47.9453,0.0442625,-0.264067,0,0.00508757
0.405,0.485,10.3755,3.06159,0.580295,48.7102,0.0442625,-0.264067,0,0.00508757
0.405,0.495,10.619,2.99899,0.614318,49.6792,0.0442625,-0.264067,0,0.00508757
0.405,0.505,10.8912,2.93285,0.643585,50.845,0.0442625,-0.264067,0,0.00508757
0.405,0.515,11.19,2.86294,0.668962,52.1964,0.0442625,-0.264067,0,0.00508757
0.405,0.525,11.5124,2.78905,0.691327,53.7206,0.0442625,-0.264067,0,0.00508757
0.405,0.535,11.855,2.71093,0.711491,55.4045,0.0442625,-0.264067,0,0.00508757
0.405,0.545,12.2139,2.62824,0.730223,57.2373,0.0442625,-0.264067,0,0.00508757
0.405,0.555,12.5871,2.54002,0.748548,59.231,0.0442625,-0.264067,0,0.00508757
0.405,0.565,12.9588,2.44853,0.767253,61.3279,0.0442625,-0.264067,0,0.00508757
0.405,0.575,13.3139,2.35323,0.786122,63.5223,0.0442625,-0.264067,0,0.00508757
0.405,0.585,13.6202,2.25413,0.805215,65.7918,0.0442625,-0.264067,0,0.00508757
0.405,0.595,13.8192,2.15089,0.824558,68.1073,0.0442625,-0.264067,0,0.00508757
0.405,0.605,13.8165,2.04097,0.844404,70.4307,0.0442625,-0.264067,0,0.00508757
0.405,0.615,13.484,1.91595,0.86593,72.7133,0.0442625,-0.264067,0,0.00508757
0.405,0.625,12.6929,1.75548,0.892563,74.8924,0.0442625,-0.264067,0,0.00508757
0.405,0.635,11.3879,1.51871,0.931975,76.8908,0.0442625,-0.264067,0,0.00508757
0.405,0.645,9.68331,1.13488,0.99787,78.6273,0.0442625,-0.264067,0,0.00508757
0.405,0.655,7.89712,0.502366,1.10826,80.0305,0.0442625,-0.264067,0,0.00508757
0.405,0.665,6.42303,-0.481469,1.27572,81.0548,0.0442625,-0.264067,0,0.00508757
0.405,0.675,5.47712,-1.84723,1.48951,81.6993,0.0442625,-0.264067,0,0.00508757
0.405,0.685,5.03002,-3.50882,1.71398,82.0748,0.0442625,-0.264067,0,0.00508757
0.405,0.695,4.99204,-5.32118,1.91094,82.3682,0.0442625,-0.264067,0,0.00508757
0.405,0.705,5.31944,-7.15673,2.06225,82.6728,0.0442625,-0.264067,0,0.00508757
0.405,0.715,6.03932,-8.91553,2.16742,82.7842,0.0442625,-0.264067,0,0.00508757
0.405,0.725,7.25078,-10.4958,2.2296,82.3431,0.0442625,-0.264067,0,0.00508757
0.405,0.735,9.10695,-11.8085,2.25368,81.0148,0.0442625,-0.264067,0,0.00508757
0.405,0.745,11.8104,-12.8126,2.2552,78.9374,0.0442625,-0.264067,0,0.00508757
0.405,0.755,15.6758,-13.5268,2.26609,77.174,0.0442625,-0.264067,0,0.00508757
0.405,0.765,21.2866,-14.0088,2.31912,77.5043,0.0442625,-0.264067,0,0.00508757
0.405,0.775,29.6692,-14.3262,2.4192,81.5066,0.0442625,-0.264067,0,0.00508757
0.405,0.785,42.1941,-14.5361,2.54489,89.2802,0.0442625,-0.264067,0,0.00508757
0.405,0.795,60.2989,-14.6779,2.66284,99.416,0.0442625,-0.264067,0,0.00508757
0.405,0.805,84.9069,-14.7757,2.74712,109.309,0.0442625,-0.264067,0,0.00508757
0.405,0.815,115.617,-14.844,2.7866,115.775,0.0442625,-0.264067,0,0.00508757
0.405,0.825,150.208,-14.8917,2.78304,116.363,0.0442625,-0.264067,0,0.00508757
0.405,0.835,185.211,-14.9248,2.7476,110.846,0.0442625,-0.264067,0,0.00508757
0.405,0.845,217.643,-14.9473,2.69705,101.673,0.0442625,-0.264067,0,0.00508757
0.405,0.855,246.742,-14.9624,2.64916,92.6452,0.0442625,-0.264067,0,0.00508757
0.405,0.865,274.137,-14.9724,2.6171,86.801,0.0442625,-0.264067,0,0.00508757
0.405,0.875,302.405,-14.979,2.60571,85.2717,0.0442625,-0.264067,0,0.00508757
0.405,0.885,333.46,-14.9836,2.61226,87.6378,0.0442625,-0.264067,0,0.00508757
0.405,0.895,367.945,-14.9868,2.63079,92.8743,0.0442625,-0.264067,0,0.00508757
0.405,0.905,405.52,-14.9893,2.65571,100.003,0.0442625,-0.264067,0,0.00508757
0.405,0.915,445.394,-14.9912,2.68323,108.305,0.0442625,-0.264067,0,0.00508757
0.405,0.925,486.695,-14.9928,2.71122,117.306,0.0442625,-0.264067,0,0.00508757
0.405,0.935,528.626,-14.9941,2.73857,126.696,0.0442625,-0.264067,0,0.00508757
0.405,0.945,570.503,-14.9952,2.76475,136.265,0.0442625,-0.264067,0,0.00508757
0.405,0.955,611.739,-14.9961,2.78952,145.861,0.0442625,-0.264067,0,0.00508757
0.405,0.965,651.832,-14.9968,2.81277,155.361,0.0442625,-0.264067,0,0.00508757
0.405,0.975,690.351,-14.9974,2.83446,164.658,0.0442625,-0.264067,0,0.00508757
0.405,0.985,726.935,-14.998,2.85456,173.661,0.0442625,-0.264067,0,0.00508757
0.405,0.995,761.288,-14.9984,2.87308,182.287,0.0442625,-0.264067,0,0.00508757
0.415,0.005,10.5117,5.14386,-3.6936,98.9533,0.0381878,-0.205715,0,0.00413766
0.415,0.015,10.4773,5.10405,-3.59222,97.2537,0.0381878,-0.205715,0,0.00413766
0.415,0.025,10.4434,5.06376,-3.49092,95.57,0.0381878,-0.205715,0,0.00413766
0.415,0.035,10.4094,5.02308,-3.38991,93.8956,0.0381878,-0.205715,0,0.00413766
0.415,0.045,10.3754,4.98206,-3.2892,92.2317,0.0381878,-0.205715,0,0.00413766
0.415,0.055,10.3413,4.94076,-3.18879,90.5789,0.0381878,-0.205715,0,0.00413766
0.415,0.065,10.307,4.89923,-3.08869,88.9383,0.0381878,-0.205715,0,0.00413766
0.415,0.075,10.2725,4.85752,-2.9889,87.3107,0.0381878,-0.205715,0,0.00413766
0.415,0.085,10.2377,4.81568,-2.88942,85.697,0.0381878,-0.205715,0,0.00413766
0.415,0.095,10.2026,4.77375,-2.79025,84.0981,0.0381878,-0.205715,0,0.00413766
0.415,0.105,10.1672,4.73178,-2.69137,82.5149,0.0381878,-0.205715,0,0.00413766
0.415,0.115,10.1315,4.68982,-2.59279,80.9484,0.0381878,-0.205715,0,0.00413766
0.415,0.125,10.0955,4.64789,-2.49449,79.3994,0.0381878,-0.205715,0,0.00413766
0.415,0.135,10.0591,4.60604,-2.39647,77.8688,0.0381878,-0.205715,0,0.00413766
0.415,0.145,10.0224,4.56431,-2.29871,76.3576,0.0381878,-0.205715,0,0.00413766
0.415,0.155,9.98536,4.52271,-2.20121,74.8665,0.0381878,-0.205715,0,0.00413766
0.415,0.165,9.94798,4.4813,-2.10395,73.3964,0.0381878,-0.205715,0,0.00413766
0.415,0.175,9.91031,4.44008,-2.00693,71.9482,0.0381878,-0.205715,0,0.00413766
0.415,0.185,9.87237,4.39909,-1.91013,70.5227,0.0381878,-0.205715,0,0.00413766
0.415,0.195,9.8342,4.35835,-1.81354,69.1207,0.0381878,-0.205715,0,0.00413766
0.415,0.205,9.79584,4.31788,-1.71715,67.7428,0.0381878,-0.205715,0,0.00413766
0.415,0.215,9.75735,4.2777,-1.62097,66.39,0.0381878,-0.205715,0,0.00413766
0.415,0.225,9.7188,4.23782,-1.52498,65.063,0.0381878,-0.205715,0,0.00413766
0.415,0.235,9.68026,4.19824,-1.4292,63.7625,0.0381878,-0.205715,0,0.00413766
0.415,0.245,9.64182,4.15897,-1.33362,62.4893,0.0381878,-0.205715,0,0.00413766
0.415,0.255,9.6036,4.12002,-1.23826,61.2443,0.0381878,-0.205715,0,0.00413766
0.415,0.265,9.56574,4.08138,-1.14314,60.0285,0.0381878,-0.205715,0,0.00413766
0.415,0.275,9.52838,4.04304,-1.04828,58.8427,0.0381878,-0.205715,0,0.00413766
0.415,0.285,9.49174,4.005,-0.95373,57.6884,0.0381878,-0.205715,0,0.00413766
0.415,0.295,9.45603,3.96723,-0.859528,56.5668,0.0381878,-0.205715,0,0.00413766
0.415,0.305,9.42156,3.9297,-0.765744,55.4797,0.0381878,-0.205715,0,0.00413766
0.415,0.315,9.38869,3.89239,-0.67246,54.4291,0.0381878,-0.205715,0,0.00413766
0.415,0.325,9.35784,3.85526,-0.579784,53.4175,0.0381878,-0.205715,0,0.00413766
0.415,0.335,9.32957,3.81824,-0.487848,52.448,0.0381878,-0.205715,0,0.00413766
0.415,0.345,9.30454,3.7813,-0.396818,51.5243,0.0381878,-0.205715,0,0.00413766
0.415,0.355,9.28356,3.74434,-0.306897,50.6511,0.0381878,-0.205715,0,0.00413766
0.415,0.365,9.26765,3.70729,-0.218339,49.8341,0.0381878,-0.205715,0,0.00413766
0.415,0.375,9.25805,3.67004,-0.131447,49.0803,0.0381878,-0.205715,0,0.00413766
0.415,0.385,9.25654,3.63236,-0.0465764,48.3987,0.0381878,-0.205715,0,0.00413766
0.415,0.395,9.27277,3.59103,0.0362118,47.8075,0.0381878,-0.205715,0,0.00413766
0.415,0.405,9.3029,3.5477,0.116473,47.2986,0.0381878,-0.205715,0,0.00413766
0.415,0.415,9.34703,3.50333,0.193266,46.8975,0.0381878,-0.205715,0,0.00413766
0.415,0.425,9.40854,3.45739,0.265873,46.6223,0.0381878,-0.205715,0,0.00413766
0.415,0.435,9.49005,3.40985,0.333651,46.4912,0.0381878,-0.205715,0,0.00413766
0.415,0.445,9.59429,3.36044,0.396014,46.5214,0.0381878,-0.205715,0,0.00413766
0.415,0.455,9.72405,3.30882,0.452469,46.7297,0.0381878,-0.205715,0,0.00413766
0.415,0.465,9.88173,3.25465,0.502713,47.1301,0.0381878,-0.205715,0,0.00413766
0.415,0.475,10.069,3.19762,0.546708,47.7322,0.0381878,-0.205715,0,0.00413766
0.415,0.485,10.2866,3.13743,0.584725,48.5396,0.0381878,-0.205715,0,0.00413766
0.415,0.495,10.5341,3.07382,0.617326,49.5495,0.0381878,-0.205715,0,0.00413766
0.415,0.505,10.8098,3.00657,0.645293,50.7537,0.0381878,-0.205715,0,0.00413766
0.415,0.515,11.1114,2.93548,0.669518,52.1403,0.0381878,-0.205715,0,0.00413766
0.415,0.525,11.436,2.86033,0.690892,53.6958,0.0381878,-0.205715,0,0.00413766
0.415,0.535,11.7797,2.78092,0.710231,55.406,0.0381878,-0.205715,0,0.00413766
0.415,0.545,12.1381,2.69703,0.72825,57.2567,0.0381878,-0.205715,0,0.00413766
0.415,0.555,12.5063,2.60816,0.745677,59.2415,0.0381878,-0.205715,0,0.00413766
0.415,0.565,12.8766,2.51435,0.763343,61.3594,0.0381878,-0.205715,0,0.00413766
0.415,0.575,13.2266,2.41713,0.781609,63.5636,0.0381878,-0.205715,0,0.00413766
0.415,0.585,13.5228,2.31633,0.800215,65.8364,0.0381878,-0.205715,0,0.00413766
0.415,0.595,13.7029,2.21137,0.819128,68.1484,0.0381878,-0.205715,0,0.00413766
0.415,0.605,13.667,2.09914,0.838678,70.461,0.0381878,-0.205715,0,0.00413766
0.415,0.615,13.2833,1.9699,0.860367,72.7223,0.0381878,-0.205715,0,0.00413766
0.415,0.625,12.4259,1.80086,0.888367,74.863,0.0381878,-0.205715,0,0.00413766
0.415,0.635,11.0582,1.54737,0.931557,76.7984,0.0381878,-0.205715,0,0.00413766
0.415,0.645,9.32865,1.13452,1.00481,78.4433,0.0381878,-0.205715,0,0.00413766
0.415,0.655,7.58217,0.460476,1.12571,79.7314,0.0381878,-0.205715,0,0.00413766
0.415,0.665,6.19838,-0.566791,1.30313,80.6326,0.0381878,-0.205715,0,0.00413766
0.415,0.675,5.34304,-1.95685,1.52031,81.174,0.0381878,-0.205715,0,0.00413766
0.415,0.685,4.95918,-3.61215,1.73902,81.4935,0.0381878,-0.205715,0,0.00413766
0.415,0.695,4.95562,-5.39726,1.92427,81.7718,0.0381878,-0.205715,0,0.00413766
0.415,0.705,5.29421,-7.20295,2.06285,82.0602,0.0381878,-0.205715,0,0.00413766
0.415,0.715,6.0073,-8.93996,2.15693,82.1348,0.0381878,-0.205715,0,0.00413766
0.415,0.725,7.19639,-10.508,2.21064,81.6356,0.0381878,-0.205715,0,0.00413766
0.415,0.735,9.0146,-11.8143,2.22938,80.2549,0.0381878,-0.205715,0,0.00413766
0.415,0.745,11.6645,-12.8143,2.22939,78.19,0.0381878,-0.205715,0,0.00413766
0.415,0.755,15.4639,-13.5254,2.24311,76.5636,0.0381878,-0.205715,0,0.00413766
0.415,0.765,21.0023,-14.0054,2.30231,77.1558,0.0381878,-0.205715,0,0.00413766
0.415,0.775,29.3096,-14.3221,2.4096,81.4849,0.0381878,-0.205715,0,0.00413766
0.415,0.785,41.7654,-14.5323,2.54131,89.6219,0.0381878,-0.205715,0,0.00413766
0.415,0.795,59.8209,-14.6749,2.66375,100.131,0.0381878,-0.205715,0,0.00413766
0.415,0.805,84.4341,-14.7737,2.75112,110.393,0.0381878,-0.205715,0,0.00413766
0.415,0.815,115.245,-14.8428,2.79246,117.17,0.0381878,-0.205715,0,0.00413766
0.415,0.825,150.047,-14.8911,2.78965,117.922,0.0381878,-0.205715,0,0.00413766
0.415,0.835,185.318,-14.9245,2.75395,112.349,0.0381878,-0.205715,0,0.00413766
0.415,0.845,217.977,-14.9472,2.70236,102.914,0.0381878,-0.205715,0,0.00413766
0.415,0.855,247.179,-14.9624,2.653,93.521,0.0381878,-0.205715,0,0.00413766
0.415,0.865,274.544,-14.9724,2.6195,87.3352,0.0381878,-0.205715,0,0.00413766
0.415,0.875,302.707,-14.9791,2.607,85.559,0.0381878,-0.205715,0,0.00413766
0.415,0.885,333.648,-14.9836,2.61287,87.777,0.0381878,-0.205715,0,0.00413766
0.415,0.895,368.046,-14.9868,2.63105,92.936,0.0381878,-0.205715,0,0.00413766
0.415,0.905,405.567,-14.9893,2.65581,100.028,0.0381878,-0.205715,0,0.00413766
0.415,0.915,445.414,-14.9912,2.68327,108.315,0.0381878,-0.205715,0,0.00413766
0.415,0.925,486.702,-14.9928,2.71123,117.309,0.0381878,-0.205715,0,0.00413766
0.415,0.935,528.628,-14.9941,2.73857,126.696,0.0381878,-0.205715,0,0.00413766
0.415,0.945,570.503,-14.9952,2.76475,136.265,0.0381878,-0.205715,0,0.00413766
0.415,0.955,611.738,-14.9961,2.78952,145.861,0.0381878,-0.205715,0,0.00413766
0.415,0.965,651.831,-14.9968,2.81277,155.36,0.0381878,-0.205715,0,0.00413766
0.415,0.975,690.351,-14.9974,2.83446,164.658,0.0381878,-0.205715,0,0.00413766
0.415,0.985,726.935,-14.998,2.85456,173.661,0.0381878,-0.205715,0,0.00413766
0.415,0.995,761.288,-14.9984,2.87308,182.287,0.0381878,-0.205715,0,0.00413766
0.425,0.005,10.3679,5.21219,-3.67804,97.2471,0.0327992,-0.147363,0,0.00334402
0.425,0.015,10.3332,5.1728,-3.5767,95.5836,0.0327992,-0.147363,0,0.00334402
0.425,0.025,10.299,5.13295,-3.47548,93.9341,0.0327992,-0.147363,0,0.00334402
0.425,0.035,10.2648,5.09271,-3.37454,92.2941,0.0327992,-0.147363,0,0.00334402
0.425,0.045,10.2305,5.05215,-3.2739,90.6647,0.0327992,-0.147363,0,0.00334402
0.425,0.055,10.1961,5.01131,-3.17355,89.0466,0.0327992,-0.147363,0,0.00334402
0.425,0.065,10.1616,4.97026,-3.0735,87.4406,0.0327992,-0.147363,0,0.00334402
0.425,0.075,10.1269,4.92903,-2.97374,85.8478,0.0327992,-0.147363,0,0.00334402
0.425,0.085,10.092,4.88768,-2.87429,84.2688,0.0327992,-0.147363,0,0.00334402
0.425,0.095,10.0569,4.84624,-2.77512,82.7047,0.0327992,-0.147363,0,0.00334402
0.425,0.105,10.0215,4.80476,-2.67625,81.1562,0.0327992,-0.147363,0,0.00334402
0.425,0.115,9.98582,4.76329,-2.57765,79.6242,0.0327992,-0.147363,0,0.00334402
0.425,0.125,9.94988,4.72185,-2.47933,78.1097,0.0327992,-0.147363,0,0.00334402
0.425,0.135,9.91365,4.68049,-2.38128,76.6134,0.0327992,-0.147363,0,0.00334402
0.425,0.145,9.87713,4.63924,-2.28348,75.1361,0.0327992,-0.147363,0,0.00334402
0.425,0.155,9.84033,4.59813,-2.18592,73.6789,0.0327992,-0.147363,0,0.00334402
0.425,0.165,9.80327,4.55719,-2.0886,72.2423,0.0327992,-0.147363,0,0.00334402
0.425,0.175,9.76596,4.51644,-1.9915,70.8272,0.0327992,-0.147363,0,0.00334402
0.425,0.185,9.72844,4.4759,-1.89461,69.4344,0.0327992,-0.147363,0,0.00334402
0.425,0.195,9.69074,4.43561,-1.79793,68.0647,0.0327992,-0.147363,0,0.00334402
0.425,0.205,9.65291,4.39557,-1.70145,66.7187,0.0327992,-0.147363,0,0.00334402
0.425,0.215,9.615,4.3558,-1.60517,65.3973,0.0327992,-0.147363,0,0.00334402
0.425,0.225,9.57707,4.31632,-1.50908,64.1011,0.0327992,-0.147363,0,0.00334402
0.425,0.235,9.53921,4.27713,-1.41319,62.831,0.0327992,-0.147363,0,0.00334402
0.425,0.245,9.50151,4.23823,-1.31751,61.5876,0.0327992,-0.147363,0,0.00334402
0.425,0.255,9.46407,4.19962,-1.22205,60.3718,0.0327992,-0.147363,0,0.00334402
0.425,0.265,9.42704,4.16131,-1.12684,59.1846,0.0327992,-0.147363,0,0.00334402
0.425,0.275,9.39056,4.12327,-1.0319,58.0269,0.0327992,-0.147363,0,0.00334402
0.425,0.285,9.35485,4.08551,-0.937277,56.9001,0.0327992,-0.147363,0,0.00334402
0.425,0.295,9.32013,4.04799,-0.843022,55.8055,0.0327992,-0.147363,0,0.00334402
0.425,0.305,9.28671,4.01069,-0.749205,54.7449,0.0327992,-0.147363,0,0.00334402
0.425,0.315,9.25495,3.97358,-0.655916,53.7205,0.0327992,-0.147363,0,0.00334402
0.425,0.325,9.2253,3.93661,-0.563265,52.7347,0.0327992,-0.147363,0,0.00334402
0.425,0.335,9.19831,3.89973,-0.471395,51.7908,0.0327992,-0.147363,0,0.00334402
0.425,0.345,9.17467,3.86288,-0.380479,50.8927,0.0327992,-0.147363,0,0.00334402
0.425,0.355,9.15522,3.82599,-0.290731,50.0452,0.0327992,-0.147363,0,0.00334402
0.425,0.365,9.141,3.78896,-0.202415,49.2542,0.0327992,-0.147363,0,0.00334402
0.425,0.375,9.13332,3.75167,-0.115851,48.5272,0.0327992,-0.147363,0,0.00334402
0.425,0.385,9.13458,3.71367,-0.0313627,47.8743,0.0327992,-0.147363,0,0.00334402
0.425,0.395,9.15433,3.6716,0.0509695,47.3099,0.0327992,-0.147363,0,0.00334402
0.425,0.405,9.18684,3.62807,0.130605,46.8309,0.0327992,-0.147363,0,0.00334402
0.425,0.415,9.23387,3.58339,0.206578,46.4625,0.0327992,-0.147363,0,0.00334402
0.425,0.425,9.29856,3.53708,0.278201,46.2221,0.0327992,-0.147363,0,0.00334402
0.425,0.435,9.38361,3.48906,0.34483,46.128,0.0327992,-0.147363,0,0.00334402
0.425,0.445,9.49176,3.43907,0.405886,46.1977,0.0327992,-0.147363,0,0.00334402
0.425,0.455,9.62573,3.38678,0.460903,46.4476,0.0327992,-0.147363,0,0.00334402
0.425,0.465,9.78784,3.33184,0.50962,46.8911,0.0327992,-0.147363,0,0.00334402
0.425,0.475,9.97962,3.27393,0.552056,47.5368,0.0327992,-0.147363,0,0.00334402
0.425,0.485,10.2016,3.21276,0.588542,48.3872,0.0327992,-0.147363,0,0.00334402
0.425,0.495,10.453,3.14808,0.619697,49.4386,0.0327992,-0.147363,0,0.00334402
0.425,0.505,10.7323,3.07967,0.64635,50.6816,0.0327992,-0.147363,0,0.00334402
0.425,0.515,11.0369,3.00733,0.669418,52.1039,0.0327992,-0.147363,0,0.00334402
0.425,0.525,11.3636,2.93086,0.689802,53.6913,0.0327992,-0.147363,0,0.00334402
0.425,0.535,11.7086,2.85005,0.708309,55.4295,0.0327992,-0.147363,0,0.00334402
0.425,0.545,12.0675,2.76468,0.725626,57.3045,0.0327992,-0.147363,0,0.00334402
0.425,0.555,12.4342,2.67448,0.742325,59.3039,0.0327992,-0.147363,0,0.00334402
0.425,0.565,12.8013,2.57874,0.759201,61.4328,0.0327992,-0.147363,0,0.00334402
0.425,0.575,13.1446,2.47979,0.776865,63.638,0.0327992,-0.147363,0,0.00334402
0.425,0.585,13.4289,2.37735,0.794925,65.9081,0.0327992,-0.147363,0,0.00334402
0.425,0.595,13.5876,2.2706,0.81336,68.2131,0.0327992,-0.147363,0,0.00334402
0.425,0.605,13.5151,2.15579,0.832637,70.5118,0.0327992,-0.147363,0,0.00334402
0.425,0.615,13.0755,2.0217,0.854679,72.7473,0.0327992,-0.147363,0,0.00334402
0.425,0.625,12.1483,1.8428,0.884526,74.8423,0.0327992,-0.147363,0,0.00334402
0.425,0.635,10.7192,1.57043,0.932338,76.7045,0.0327992,-0.147363,0,0.00334402
0.425,0.645,8.97372,1.12599,1.01394,78.248,0.0327992,-0.147363,0,0.00334402
0.425,0.655,7.27876,0.409137,1.14584,79.4158,0.0327992,-0.147363,0,0.00334402
0.425,0.665,5.99025,-0.659058,1.33244,80.1972,0.0327992,-0.147363,0,0.00334402
0.425,0.675,5.22258,-2.06732,1.55118,80.6474,0.0327992,-0.147363,0,0.00334402
0.425,0.685,4.89694,-3.71069,1.76251,80.9246,0.0327992,-0.147363,0,0.00334402
0.425,0.695,4.92338,-5.46619,1.93543,81.1953,0.0327992,-0.147363,0,0.00334402
0.425,0.705,5.26975,-7.24231,2.06139,81.4699,0.0327992,-0.147363,0,0.00334402
0.425,0.715,5.97356,-8.95889,2.14478,81.5093,0.0327992,-0.147363,0,0.00334402
0.425,0.725,7.13869,-10.5161,2.1905,80.9561,0.0327992,-0.147363,0,0.00334402
0.425,0.735,8.91858,-11.8171,2.20437,79.5314,0.0327992,-0.147363,0,0.00334402
0.425,0.745,11.516,-12.8139,2.20334,77.4911,0.0327992,-0.147363,0,0.00334402
0.425,0.755,15.2522,-13.5223,2.22025,76.0127,0.0327992,-0.147363,0,0.00334402
0.425,0.765,20.7219,-14.0006,2.28581,76.8714,0.0327992,-0.147363,0,0.00334402
0.425,0.775,28.9564,-14.3169,2.40032,81.5214,0.0327992,-0.147363,0,0.00334402
0.425,0.785,41.3436,-14.5277,2.53794,90.0135,0.0327992,-0.147363,0,0.00334402
0.425,0.795,59.3476,-14.6714,2.66478,100.889,0.0327992,-0.147363,0,0.00334402
0.425,0.805,83.9616,-14.7712,2.7552,111.515,0.0327992,-0.147363,0,0.00334402
0.425,0.815,114.869,-14.8411,2.79839,118.604,0.0327992,-0.147363,0,0.00334402
0.425,0.825,149.878,-14.8901,2.79634,119.524,0.0327992,-0.147363,0,0.00334402
0.425,0.835,185.419,-14.924,2.76042,113.899,0.0327992,-0.147363,0,0.00334402
0.425,0.845,218.312,-14.947,2.7078,104.2,0.0327992,-0.147363,0,0.00334402
0.425,0.855,247.624,-14.9623,2.65697,94.4345,0.0327992,-0.147363,0,0.00334402
0.425,0.865,274.965,-14.9724,2.622,87.8966,0.0327992,-0.147363,0,0.00334402
0.425,0.875,303.024,-14.9791,2.60835,85.8636,0.0327992,-0.147363,0,0.00334402
0.425,0.885,333.848,-14.9836,2.61352,87.9264,0.0327992,-0.147363,0,0.00334402
0.425,0.895,368.156,-14.9869,2.63133,93.0035,0.0327992,-0.147363,0,0.00334402
0.425,0.905,405.621,-14.9893,2.65591,100.056,0.0327992,-0.147363,0,0.00334402
0.425,0.915,445.437,-14.9912,2.68331,108.326,0.0327992,-0.147363,0,0.00334402
0.425,0.925,486.711,-14.9928,2.71124,117.313,0.0327992,-0.147363,0,0.00334402
0.425,0.935,528.631,-14.9941,2.73858,126.697,0.0327992,-0.147363,0,0.00334402
0.425,0.945,570.503,-14.9952,2.76475,136.266,0.0327992,-0.147363,0,0.00334402
0.425,0.955,611.738,-14.9961,2.78952,145.861,0.0327992,-0.147363,0,0.00334402
0.425,0.965,651.831,-14.9968,2.81277,155.36,0.0327992,-0.147363,0,0.00334402
0.425,0.975,690.351,-14.9974,2.83446,164.658,0.0327992,-0.147363,0,0.00334402
0.425,0.985,726.935,-14.998,2.85456,173.661,0.0327992,-0.147363,0,0.00334402
0.425,0.995,761.288,-14.9984,2.87308,182.287,0.0327992,-0.147363,0,0.00334402
0.435,0.005,10.2277,5.28078,-3.6627,95.5894,0.0280368,-0.089011,0,0.0026846
0.435,0.015,10.1929,5.24181,-3.56139,93.9609,0.0280368,-0.089011,0,0.0026846
0.435,0.025,10.1583,5.20239,-3.46025,92.345,0.0280368,-0.089011,0,0.0026846
0.435,0.035,10.1238,5.1626,-3.35938,90.7387,0.0280368,-0.089011,0,0.0026846
0.435,0.045,10.0893,5.12249,-3.25879,89.143,0.0280368,-0.089011,0,0.0026846
0.435,0.055,10.0547,5.08212,-3.15848,87.5587,0.0280368,-0.089011,0,0.0026846
0.435,0.065,10.0201,5.04154,-3.05847,85.9867,0.0280368,-0.089011,0,0.0026846
0.435,0.075,9.98524,5.00079,-2.95874,84.4278,0.0280368,-0.089011,0,0.0026846
0.435,0.085,9.95026,4.95992,-2.85929,82.8828,0.0280368,-0.089011,0,0.0026846
0.435,0.095,9.9151,4.91897,-2.76013,81.3525,0.0280368,-0.089011,0,0.0026846
0.435,0.105,9.87972,4.87798,-2.66125,79.8378,0.0280368,-0.089011,0,0.0026846
0.435,0.115,9.84412,4.83699,-2.56264,78.3395,0.0280368,-0.089011,0,0.0026846
0.435,0.125,9.80829,4.79604,-2.46428,76.8584,0.0280368,-0.089011,0,0.0026846
0.435,0.135,9.77222,4.75516,-2.36619,75.3954,0.0280368,-0.089011,0,0.0026846
0.435,0.145,9.73591,4.71438,-2.26833,73.9513,0.0280368,-0.089011,0,0.0026846
0.435,0.155,9.69938,4.67374,-2.17071,72.5268,0.0280368,-0.089011,0,0.0026846
0.435,0.165,9.66263,4.63326,-2.07332,71.1227,0.0280368,-0.089011,0,0.0026846
0.435,0.175,9.62569,4.59297,-1.97614,69.7398,0.0280368,-0.089011,0,0.0026846
0.435,0.185,9.58858,4.55288,-1.87916,68.3787,0.0280368,-0.089011,0,0.0026846
0.435,0.195,9.55134,4.51302,-1.78239,67.0402,0.0280368,-0.089011,0,0.0026846
0.435,0.205,9.51402,4.4734,-1.68581,65.7251,0.0280368,-0.089011,0,0.0026846
0.435,0.215,9.47667,4.43404,-1.58942,64.434,0.0280368,-0.089011,0,0.0026846
0.435,0.225,9.43935,4.39495,-1.49323,63.1676,0.0280368,-0.089011,0,0.0026846
0.435,0.235,9.40215,4.35612,-1.39724,61.9267,0.0280368,-0.089011,0,0.0026846
0.435,0.245,9.36514,4.31758,-1.30145,60.712,0.0280368,-0.089011,0,0.0026846
0.435,0.255,9.32844,4.27931,-1.2059,59.5244,0.0280368,-0.089011,0,0.0026846
0.435,0.265,9.2922,4.2413,-1.11059,58.3648,0.0280368,-0.089011,0,0.0026846
0.435,0.275,9.25656,4.20356,-1.01557,57.2342,0.0280368,-0.089011,0,0.0026846
0.435,0.285,9.22173,4.16605,-0.920884,56.1339,0.0280368,-0.089011,0,0.0026846
0.435,0.295,9.18795,4.12877,-0.82658,55.0654,0.0280368,-0.089011,0,0.0026846
0.435,0.305,9.15553,4.09168,-0.732738,54.0305,0.0280368,-0.089011,0,0.0026846
0.435,0.315,9.12484,4.05475,-0.63945,53.0313,0.0280368,-0.089011,0,0.0026846
0.435,0.325,9.09633,4.01793,-0.546836,52.0705,0.0280368,-0.089011,0,0.0026846
0.435,0.335,9.07058,3.98116,-0.455044,51.1514,0.0280368,-0.089011,0,0.0026846
0.435,0.345,9.0483,3.9444,-0.364256,50.2782,0.0280368,-0.089011,0,0.0026846
0.435,0.355,9.03034,3.90755,-0.274698,49.4558,0.0280368,-0.089011,0,0.0026846
0.435,0.365,9.01779,3.87052,-0.186646,48.6903,0.0280368,-0.089011,0,0.0026846
0.435,0.375,9.01199,3.83318,-0.100431,47.9895,0.0280368,-0.089011,0,0.0026846
0.435,0.385,9.01637,3.79468,-0.0163317,47.3653,0.0280368,-0.089011,0,0.0026846
0.435,0.395,9.03913,3.75201,0.0655094,46.827,0.0280368,-0.089011,0,0.0026846
0.435,0.405,9.07408,3.70824,0.144456,46.378,0.0280368,-0.089011,0,0.0026846
0.435,0.415,9.12402,3.66322,0.219565,46.0423,0.0280368,-0.089011,0,0.0026846
0.435,0.425,9.19192,3.61651,0.290158,45.837,0.0280368,-0.089011,0,0.0026846
0.435,0.435,9.28057,3.56798,0.355586,45.7804,0.0280368,-0.089011,0,0.0026846
0.435,0.445,9.39271,3.51738,0.415282,45.8901,0.0280368,-0.089011,0,0.0026846
0.435,0.455,9.53099,3.46437,0.468809,46.1821,0.0280368,-0.089011,0,0.0026846
0.435,0.465,9.69761,3.40861,0.515951,46.6693,0.0280368,-0.089011,0,0.0026846
0.435,0.475,9.89397,3.34977,0.556786,47.3593,0.0280368,-0.089011,0,0.0026846
0.435,0.485,10.1203,3.28757,0.591709,48.2534,0.0280368,-0.089011,0,0.0026846
0.435,0.495,10.3759,3.22175,0.621398,49.3468,0.0280368,-0.089011,0,0.0026846
0.435,0.505,10.6588,3.15212,0.646728,50.6291,0.0280368,-0.089011,0,0.0026846
0.435,0.515,10.9662,3.07847,0.668643,52.0871,0.0280368,-0.089011,0,0.0026846
0.435,0.525,11.295,3.00063,0.688053,53.7061,0.0280368,-0.089011,0,0.0026846
0.435,0.535,11.6412,2.91839,0.705764,55.4711,0.0280368,-0.089011,0,0.0026846
0.435,0.545,12,2.83156,0.722451,57.3671,0.0280368,-0.089011,0,0.0026846
0.435,0.555,12.3648,2.73997,0.738652,59.3789,0.0280368,-0.089011,0,0.0026846
0.435,0.565,12.725,2.64344,0.754851,61.4945,0.0280368,-0.089011,0,0.0026846
0.435,0.575,13.0636,2.54205,0.771605,63.7173,0.0280368,-0.089011,0,0.0026846
0.435,0.585,13.3361,2.43755,0.789105,65.9926,0.0280368,-0.089011,0,0.0026846
0.435,0.595,13.4718,2.32869,0.807094,68.2948,0.0280368,-0.089011,0,0.0026846
0.435,0.605,13.3593,2.21085,0.826208,70.5805,0.0280368,-0.089011,0,0.0026846
0.435,0.615,12.8593,2.07108,0.848894,72.7869,0.0280368,-0.089011,0,0.0026846
0.435,0.625,11.8592,1.8808,0.88119,74.8288,0.0280368,-0.089011,0,0.0026846
0.435,0.635,10.3717,1.5872,0.934574,76.608,0.0280368,-0.089011,0,0.0026846
0.435,0.645,8.62095,1.10864,1.0255,78.0413,0.0280368,-0.089011,0,0.0026846
0.435,0.655,6.98913,0.348274,1.16867,79.0865,0.0280368,-0.089011,0,0.0026846
0.435,0.665,5.79918,-0.757429,1.36338,79.7542,0.0280368,-0.089011,0,0.0026846
0.435,0.675,5.11536,-2.17745,1.58177,80.1266,0.0280368,-0.089011,0,0.0026846
0.435,0.685,4.8428,-3.80371,1.78427,80.3743,0.0280368,-0.089011,0,0.0026846
0.435,0.695,4.89494,-5.52777,1.9444,80.6434,0.0280368,-0.089011,0,0.0026846
0.435,0.705,5.24591,-7.27487,2.05796,80.9057,0.0280368,-0.089011,0,0.0026846
0.435,0.715,5.93821,-8.97245,2.1311,80.9111,0.0280368,-0.089011,0,0.0026846
0.435,0.725,7.07813,-10.5202,2.16929,80.3077,0.0280368,-0.089011,0,0.0026846
0.435,0.735,8.81967,-11.8171,2.17875,78.8469,0.0280368,-0.089011,0,0.0026846
0.435,0.745,11.3662,-12.8112,2.17711,76.8427,0.0280368,-0.089011,0,0.0026846
0.435,0.755,15.0421,-13.5175,2.19758,75.5225,0.0280368,-0.089011,0,0.0026846
0.435,0.765,20.447,-13.9945,2.26964,76.652,0.0280368,-0.089011,0,0.0026846
0.435,0.775,28.6114,-14.3107,2.39139,81.6174,0.0280368,-0.089011,0,0.0026846
0.435,0.785,40.9313,-14.5224,2.53481,90.4569,0.0280368,-0.089011,0,0.0026846
0.435,0.795,58.8829,-14.6672,2.66596,101.691,0.0280368,-0.089011,0,0.0026846
0.435,0.805,83.4941,-14.7682,2.75936,112.677,0.0280368,-0.089011,0,0.0026846
0.435,0.815,114.492,-14.8391,2.80439,120.077,0.0280368,-0.089011,0,0.0026846
0.435,0.825,149.704,-14.8888,2.80312,121.167,0.0280368,-0.089011,0,0.0026846
0.435,0.835,185.515,-14.9232,2.76698,115.492,0.0280368,-0.089011,0,0.0026846
0.435,0.845,218.647,-14.9466,2.71335,105.526,0.0280368,-0.089011,0,0.0026846
0.435,0.855,248.076,-14.9622,2.66104,95.3811,0.0280368,-0.089011,0,0.0026846
0.435,0.865,275.397,-14.9724,2.62458,88.4814,0.0280368,-0.089011,0,0.0026846
0.435,0.875,303.353,-14.9791,2.60977,86.183,0.0280368,-0.089011,0,0.0026846
0.435,0.885,334.059,-14.9836,2.61421,88.0844,0.0280368,-0.089011,0,0.0026846
0.435,0.895,368.273,-14.9869,2.63163,93.0757,0.0280368,-0.089011,0,0.0026846
0.435,0.905,405.679,-14.9893,2.65603,100.087,0.0280368,-0.089011,0,0.0026846
0.435,0.915,445.463,-14.9912,2.68335,108.338,0.0280368,-0.089011,0,0.0026846
0.435,0.925,486.722,-14.9928,2.71126,117.317,0.0280368,-0.089011,0,0.0026846
0.435,0.935,528.635,-14.9941,2.73858,126.699,0.0280368,-0.089011,0,0.0026846
0.435,0.945,570.505,-14.9952,2.76476,136.266,0.0280368,-0.089011,0,0.0026846
0.435,0.955,611.739,-14.9961,2.78952,145.861,0.0280368,-0.089011,0,0.0026846
0.435,0.965,651.831,-14.9968,2.81277,155.36,0.0280368,-0.089011,0,0.0026846
0.435,0.975,690.351,-14.9974,2.83446,164.658,0.0280368,-0.089011,0,0.0026846
0.435,0.985,726.935,-14.998,2.85456,173.661,0.0280368,-0.089011,0,0.0026846
0.435,0.995,761.288,-14.9984,2.87308,182.287,0.0280368,-0.089011,0,0.0026846
0.445,0.005,10.091,5.34963,-3.64755,93.9783,0.0238444,-0.0306591,0,0.00213994
0.445,0.015,10.056,5.31107,-3.54628,92.3839,0.0238444,-0.0306591,0,0.00213994
0.445,0.025,10.0212,5.27209,-3.4452,90.8008,0.0238444,-0.0306591,0,0.00213994
0.445,0.035,9.98647,5.23274,-3.34439,89.2275,0.0238444,-0.0306591,0,0.00213994
0.445,0.045,9.95176,5.19309,-3.24384,87.6649,0.0238444,-0.0306591,0,0.00213994
0.445,0.055,9.91702,5.15318,-3.14357,86.1137,0.0238444,-0.0306591,0,0.00213994
0.445,0.065,9.88222,5.11306,-3.04358,84.5748,0.0238444,-0.0306591,0,0.00213994
0.445,0.075,9.84732,5.07279,-2.94387,83.049,0.0238444,-0.0306591,0,0.00213994
0.445,0.085,9.8123,5.03239,-2.84443,81.537,0.0238444,-0.0306591,0,0.00213994
0.445,0.095,9.77713,4.99192,-2.74526,80.0398,0.0238444,-0.0306591,0,0.00213994
0.445,0.105,9.74179,4.95141,-2.64636,78.558,0.0238444,-0.0306591,0,0.00213994
0.445,0.115,9.70628,4.9109,-2.54772,77.0925,0.0238444,-0.0306591,0,0.00213994
0.445,0.125,9.67057,4.87043,-2.44933,75.644,0.0238444,-0.0306591,0,0.00213994
0.445,0.135,9.63467,4.83002,-2.35118,74.2134,0.0238444,-0.0306591,0,0.00213994
0.445,0.145,9.59859,4.78972,-2.25327,72.8014,0.0238444,-0.0306591,0,0.00213994
0.445,0.155,9.56232,4.74954,-2.15558,71.4087,0.0238444,-0.0306591,0,0.00213994
0.445,0.165,9.52589,4.70951,-2.0581,70.0361,0.0238444,-0.0306591,0,0.00213994
0.445,0.175,9.48931,4.66966,-1.96084,68.6842,0.0238444,-0.0306591,0,0.00213994
0.445,0.185,9.45261,4.63001,-1.86377,67.3539,0.0238444,-0.0306591,0,0.00213994
0.445,0.195,9.41582,4.59057,-1.7669,66.0457,0.0238444,-0.0306591,0,0.00213994
0.445,0.205,9.379,4.55136,-1.67021,64.7603,0.0238444,-0.0306591,0,0.00213994
0.445,0.215,9.34218,4.51239,-1.57372,63.4985,0.0238444,-0.0306591,0,0.00213994
0.445,0.225,9.30544,4.47367,-1.47742,62.2609,0.0238444,-0.0306591,0,0.00213994
0.445,0.235,9.26886,4.43521,-1.38132,61.0483,0.0238444,-0.0306591,0,0.00213994
0.445,0.245,9.23251,4.397,-1.28544,59.8613,0.0238444,-0.0306591,0,0.00213994
0.445,0.255,9.19652,4.35905,-1.18979,58.7009,0.0238444,-0.0306591,0,0.00213994
0.445,0.265,9.16102,4.32134,-1.09439,57.5678,0.0238444,-0.0306591,0,0.00213994
0.445,0.275,9.12618,4.28387,-0.999299,56.4634,0.0238444,-0.0306591,0,0.00213994
0.445,0.285,9.09219,4.24661,-0.904547,55.3887,0.0238444,-0.0306591,0,0.00213994
0.445,0.295,9.05931,4.20955,-0.810202,54.3453,0.0238444,-0.0306591,0,0.00213994
0.445,0.305,9.02784,4.17266,-0.716342,53.3351,0.0238444,-0.0306591,0,0.00213994
0.445,0.315,8.99817,4.13589,-0.623066,52.3603,0.0238444,-0.0306591,0,0.00213994
0.445,0.325,8.97077,4.0992,-0.5305,51.4238,0.0238444,-0.0306591,0,0.00213994
0.445,0.335,8.94622,4.06254,-0.438798,50.5289,0.0238444,-0.0306591,0,0.00213994
0.445,0.345,8.92525,4.02584,-0.348155,49.6799,0.0238444,-0.0306591,0,0.00213994
0.445,0.355,8.90876,3.98901,-0.258805,48.8819,0.0238444,-0.0306591,0,0.00213994
0.445,0.365,8.89784,3.95196,-0.171037,48.1415,0.0238444,-0.0306591,0,0.00213994
0.445,0.375,8.89391,3.91455,-0.0851943,47.4665,0.0238444,-0.0306591,0,0.00213994
0.445,0.385,8.90171,3.87537,-0.00150118,46.8707,0.0238444,-0.0306591,0,0.00213994
0.445,0.395,8.92709,3.83224,0.0798123,46.3583,0.0238444,-0.0306591,0,0.00213994
0.445,0.405,8.96453,3.7882,0.158014,45.9395,0.0238444,-0.0306591,0,0.00213994
0.445,0.415,9.01739,3.74282,0.23221,45.6366,0.0238444,-0.0306591,0,0.00213994
0.445,0.425,9.08856,3.69567,0.30172,45.4667,0.0238444,-0.0306591,0,0.00213994
0.445,0.435,9.18088,3.6466,0.365893,45.448,0.0238444,-0.0306591,0,0.00213994
0.445,0.445,9.29708,3.59534,0.424173,45.5983,0.0238444,-0.0306591,0,0.00213994
0.445,0.455,9.43978,3.54157,0.476154,45.9332,0.0238444,-0.0306591,0,0.00213994
0.445,0.465,9.61103,3.48494,0.52167,46.4649,0.0238444,-0.0306591,0,0.00213994
0.445,0.475,9.81207,3.42511,0.560862,47.2,0.0238444,-0.0306591,0,0.00213994
0.445,0.485,10.043,3.36182,0.594191,48.1385,0.0238444,-0.0306591,0,0.00213994
0.445,0.495,10.3027,3.29481,0.622397,49.2744,0.0238444,-0.0306591,0,0.00213994
0.445,0.505,10.5891,3.22389,0.646401,50.5963,0.0238444,-0.0306591,0,0.00213994
0.445,0.515,10.8995,3.14889,0.667173,52.09,0.0238444,-0.0306591,0,0.00213994
0.445,0.525,11.2303,3.06961,0.685628,53.7403,0.0238444,-0.0306591,0,0.00213994
0.445,0.535,11.5775,2.98589,0.702562,55.5318,0.0238444,-0.0306591,0,0.00213994
0.445,0.545,11.9363,2.89751,0.718623,57.4497,0.0238444,-0.0306591,0,0.00213994
0.445,0.555,12.2999,2.80431,0.734296,59.4796,0.0238444,-0.0306591,0,0.00213994
0.445,0.565,12.6569,2.70619,0.749919,61.6081,0.0238444,-0.0306591,0,0.00213994
0.445,0.575,12.9882,2.60285,0.765991,63.8356,0.0238444,-0.0306591,0,0.00213994
0.445,0.585,13.2465,2.4964,0.782898,66.1086,0.0238444,-0.0306591,0,0.00213994
0.445,0.595,13.3563,2.38531,0.800416,68.4036,0.0238444,-0.0306591,0,0.00213994
0.445,0.605,13.1993,2.26404,0.819463,70.6719,0.0238444,-0.0306591,0,0.00213994
0.445,0.615,12.6338,2.11766,0.843133,72.843,0.0238444,-0.0306591,0,0.00213994
0.445,0.625,11.5582,1.91427,0.87858,74.8225,0.0238444,-0.0306591,0,0.00213994
0.445,0.635,10.0169,1.59691,0.938557,76.5085,0.0238444,-0.0306591,0,0.00213994
0.445,0.645,8.27307,1.08184,1.03972,77.8246,0.0238444,-0.0306591,0,0.00213994
0.445,0.655,6.71527,0.27798,1.19418,78.7471,0.0238444,-0.0306591,0,0.00213994
0.445,0.665,5.62544,-0.860911,1.39561,79.3099,0.0238444,-0.0306591,0,0.00213994
0.445,0.675,5.0209,-2.28609,1.61171,79.6185,0.0238444,-0.0306591,0,0.00213994
0.445,0.685,4.79625,-3.89057,1.80411,79.8482,0.0238444,-0.0306591,0,0.00213994
0.445,0.695,4.86996,-5.58189,1.95121,80.12,0.0238444,-0.0306591,0,0.00213994
0.445,0.705,5.22256,-7.30074,2.05266,80.3708,0.0238444,-0.0306591,0,0.00213994
0.445,0.715,5.90137,-8.98075,2.11601,80.3431,0.0238444,-0.0306591,0,0.00213994
0.445,0.725,7.01514,-10.5204,2.14714,79.693,0.0238444,-0.0306591,0,0.00213994
0.445,0.735,8.71865,-11.8141,2.15261,78.2036,0.0238444,-0.0306591,0,0.00213994
0.445,0.745,11.216,-12.8063,2.15078,76.2463,0.0238444,-0.0306591,0,0.00213994
0.445,0.755,14.8348,-13.5108,2.17516,75.0938,0.0238444,-0.0306591,0,0.00213994
0.445,0.765,20.1788,-13.987,2.25386,76.4975,0.0238444,-0.0306591,0,0.00213994
0.445,0.775,28.2766,-14.3035,2.38282,81.7747,0.0238444,-0.0306591,0,0.00213994
0.445,0.785,40.5309,-14.5163,2.53194,90.954,0.0238444,-0.0306591,0,0.00213994
0.445,0.795,58.43,-14.6625,2.6673,102.54,0.0238444,-0.0306591,0,0.00213994
0.445,0.805,83.036,-14.7648,2.76363,113.881,0.0238444,-0.0306591,0,0.00213994
0.445,0.815,114.121,-14.8368,2.81047,121.589,0.0238444,-0.0306591,0,0.00213994
0.445,0.825,149.531,-14.8873,2.80996,122.848,0.0238444,-0.0306591,0,0.00213994
0.445,0.835,185.611,-14.9223,2.77361,117.123,0.0238444,-0.0306591,0,0.00213994
0.445,0.845,218.982,-14.9461,2.71898,106.887,0.0238444,-0.0306591,0,0.00213994
0.445,0.855,248.533,-14.9619,2.6652,96.3559,0.0238444,-0.0306591,0,0.00213994
0.445,0.865,275.838,-14.9723,2.62722,89.0859,0.0238444,-0.0306591,0,0.00213994
0.445,0.875,303.691,-14.979,2.61123,86.5146,0.0238444,-0.0306591,0,0.00213994
0.445,0.885,334.277,-14.9836,2.61492,88.2494,0.0238444,-0.0306591,0,0.00213994
0.445,0.895,368.396,-14.9869,2.63194,93.1517,0.0238444,-0.0306591,0,0.00213994
0.445,0.905,405.741,-14.9893,2.65616,100.12,0.0238444,-0.0306591,0,0.00213994
0.445,0.915,445.491,-14.9912,2.6834,108.351,0.0238444,-0.0306591,0,0.00213994
0.445,0.925,486.733,-14.9928,2.71128,117.322,0.0238444,-0.0306591,0,0.00213994
0.445,0.935,528.639,-14.9941,2.73859,126.701,0.0238444,-0.0306591,0,0.00213994
0.445,0.945,570.506,-14.9952,2.76476,136.267,0.0238444,-0.0306591,0,0.00213994
0.445,0.955,611.739,-14.9961,2.78952,145.861,0.0238444,-0.0306591,0,0.00213994
0.445,0.965,651.831,-14.9968,2.81277,155.36,0.0238444,-0.0306591,0,0.00213994
0.445,0.975,690.351,-14.9974,2.83446,164.658,0.0238444,-0.0306591,0,0.00213994
0.445,0.985,726.935,-14.998,2.85456,173.661,0.0238444,-0.0306591,0,0.00213994
0.445,0.995,761.288,-14.9984,2.87308,182.287,0.0238444,-0.0306591,0,0.00213994
0.455,0.005,9.95767,5.41873,-3.63259,92.4122,0.0218521,0,0,0.00189387
0.455,0.015,9.92247,5.38058,-3.53135,90.8509,0.0218521,0,0,0.00189387
0.455,0.025,9.88749,5.34203,-3.43032,89.3,0.0218521,0,0,0.00189387
0.455,0.035,9.85259,5.30312,-3.32956,87.759,0.0218521,0,0,0.00189387
0.455,0.045,9.81772,5.26392,-3.22905,86.2286,0.0218521,0,0,0.00189387
0.455,0.055,9.78286,5.22447,-3.12881,84.7098,0.0218521,0,0,0.00189387
0.455,0.065,9.74797,5.18482,-3.02883,83.2032,0.0218521,0,0,0.00189387
0.455,0.075,9.71301,5.14501,-2.92913,81.7097,0.0218521,0,0,0.00189387
0.455,0.085,9.67797,5.10509,-2.82968,80.23,0.0218521,0,0,0.00189387
0.455,0.095,9.64282,5.06509,-2.7305,78.7649,0.0218521,0,0,0.00189387
0.455,0.105,9.60754,5.02505,-2.63158,77.3151,0.0218521,0,0,0.00189387
0.455,0.115,9.57212,4.98502,-2.5329,75.8815,0.0218521,0,0,0.00189387
0.455,0.125,9.53656,4.94502,-2.43446,74.4647,0.0218521,0,0,0.00189387
0.455,0.135,9.50085,4.90508,-2.33625,73.0656,0.0218521,0,0,0.00189387
0.455,0.145,9.46499,4.86523,-2.23827,71.6847,0.0218521,0,0,0.00189387
0.455,0.155,9.429,4.8255,-2.1405,70.3229,0.0218521,0,0,0.00189387
0.455,0.165,9.39288,4.78592,-2.04295,68.9808,0.0218521,0,0,0.00189387
0.455,0.175,9.35665,4.7465,-1.94559,67.6591,0.0218521,0,0,0.00189387
0.455,0.185,9.32035,4.70727,-1.84842,66.3585,0.0218521,0,0,0.00189387
0.455,0.195,9.284,4.66824,-1.75145,65.0796,0.0218521,0,0,0.00189387
0.455,0.205,9.24765,4.62943,-1.65466,63.823,0.0218521,0,0,0.00189387
0.455,0.215,9.21135,4.59084,-1.55806,62.5895,0.0218521,0,0,0.00189387
0.455,0.225,9.17516,4.55249,-1.46166,61.3797,0.0218521,0,0,0.00189387
0.455,0.235,9.13917,4.51437,-1.36545,60.1943,0.0218521,0,0,0.00189387
0.455,0.245,9.10345,4.47649,-1.26947,59.034,0.0218521,0,0,0.00189387
0.455,0.255,9.06813,4.43884,-1.17372,57.8997,0.0218521,0,0,0.00189387
0.455,0.265,9.03334,4.40141,-1.07824,56.7924,0.0218521,0,0,0.00189387
0.455,0.275,8.99925,4.3642,-0.983076,55.7131,0.0218521,0,0,0.00189387
0.455,0.285,8.96606,4.32718,-0.888269,54.6631,0.0218521,0,0,0.00189387
0.455,0.295,8.93403,4.29032,-0.79389,53.644,0.0218521,0,0,0.00189387
0.455,0.305,8.90347,4.2536,-0.70002,52.6577,0.0218521,0,0,0.00189387
0.455,0.315,8.87478,4.21698,-0.606766,51.7066,0.0218521,0,0,0.00189387
0.455,0.325,8.84844,4.18041,-0.514259,50.7936,0.0218521,0,0,0.00189387
0.455,0.335,8.82506,4.14383,-0.422662,49.9222,0.0218521,0,0,0.00189387
0.455,0.345,8.80538,4.10718,-0.332179,49.0968,0.0218521,0,0,0.00189387
0.455,0.355,8.79031,4.07036,-0.243055,48.3228,0.0218521,0,0,0.00189387
0.455,0.365,8.78101,4.03328,-0.155593,47.6069,0.0218521,0,0,0.00189387
0.455,0.375,8.77891,3.99577,-0.0701494,46.9573,0.0218521,0,0,0.00189387
0.455,0.385,8.79046,3.95573,0.0131102,46.3899,0.0218521,0,0,0.00189387
0.455,0.395,8.81811,3.91228,0.0938583,45.9036,0.0218521,0,0,0.00189387
0.455,0.405,8.85809,3.86793,0.171263,45.5152,0.0218521,0,0,0.00189387
0.455,0.415,8.91391,3.82216,0.244494,45.2452,0.0218521,0,0,0.00189387
0.455,0.425,8.98842,3.77454,0.312864,45.111,0.0218521,0,0,0.00189387
0.455,0.435,9.08449,3.72489,0.375722,45.1309,0.0218521,0,0,0.00189387
0.455,0.445,9.20487,3.67294,0.432524,45.3226,0.0218521,0,0,0.00189387
0.455,0.455,9.3521,3.61836,0.482901,45.7012,0.0218521,0,0,0.00189387
0.455,0.465,9.52811,3.5608,0.52674,46.2783,0.0218521,0,0,0.00189387
0.455,0.475,9.73394,3.49993,0.564247,47.0593,0.0218521,0,0,0.00189387
0.455,0.485,9.96945,3.43548,0.595954,48.0429,0.0218521,0,0,0.00189387
0.455,0.495,10.2334,3.36722,0.622666,49.2218,0.0218521,0,0,0.00189387
0.455,0.505,10.5234,3.29497,0.645347,50.5834,0.0218521,0,0,0.00189387
0.455,0.515,10.8366,3.21855,0.664989,52.1127,0.0218521,0,0,0.00189387
0.455,0.525,11.1693,3.13779,0.682508,53.794,0.0218521,0,0,0.00189387
0.455,0.535,11.5175,3.05252,0.698682,55.6119,0.0218521,0,0,0.00189387
0.455,0.545,11.8763,2.96253,0.714123,57.5518,0.0218521,0,0,0.00189387
0.455,0.555,12.2385,2.86765,0.729278,59.5997,0.0218521,0,0,0.00189387
0.455,0.565,12.592,2.76785,0.744436,61.7405,0.0218521,0,0,0.00189387
0.455,0.575,12.9138,2.66309,0.759911,63.9621,0.0218521,0,0,0.00189387
0.455,0.585,13.1581,2.5542,0.776087,66.2442,0.0218521,0,0,0.00189387
0.455,0.595,13.2395,2.44048,0.793197,68.5351,0.0218521,0,0,0.00189387
0.455,0.605,13.0336,2.31518,0.812379,70.7847,0.0218521,0,0,0.00189387
0.455,0.615,12.3976,2.16105,0.837499,72.9145,0.0218521,0,0,0.00189387
0.455,0.625,11.2449,1.94257,0.87693,74.8222,0.0218521,0,0,0.00189387
0.455,0.635,9.6565,1.59875,0.944581,76.4057,0.0218521,0,0,0.00189387
0.455,0.645,7.93296,1.04506,1.05677,77.5997,0.0218521,0,0,0.00189387
0.455,0.655,6.45891,0.198534,1.22227,78.4022,0.0218521,0,0,0.00189387
0.455,0.665,5.46904,-0.968389,1.42879,78.8706,0.0218521,0,0,0.00189387
0.455,0.675,4.93863,-2.39215,1.64068,79.1294,0.0218521,0,0,0.00189387
0.455,0.685,4.75675,-3.97076,1.82193,79.3513,0.0218521,0,0,0.00189387
0.455,0.695,4.84811,-5.62852,1.95591,79.6288,0.0218521,0,0,0.00189387
0.455,0.705,5.19961,-7.32006,2.04563,79.8681,0.0218521,0,0,0.00189387
0.455,0.715,5.86323,-8.98392,2.09966,79.8078,0.0218521,0,0,0.00189387
0.455,0.725,6.95019,-10.5168,2.12416,79.114,0.0218521,0,0,0.00189387
0.455,0.735,8.61625,-11.8083,2.12605,77.603,0.0218521,0,0,0.00189387
0.455,0.745,11.0664,-12.799,2.12442,75.7027,0.0218521,0,0,0.00189387
0.455,0.755,14.6314,-13.5024,2.15303,74.7272,0.0218521,0,0,0.00189387
0.455,0.765,19.9183,-13.9781,2.23854,76.4083,0.0218521,0,0,0.00189387
0.455,0.775,27.9532,-14.2953,2.37465,81.9947,0.0218521,0,0,0.00189387
0.455,0.785,40.1444,-14.5094,2.52937,91.5065,0.0218521,0,0,0.00189387
0.455,0.795,57.9918,-14.6572,2.66883,103.437,0.0218521,0,0,0.00189387
0.455,0.805,82.5911,-14.7609,2.76801,115.128,0.0218521,0,0,0.00189387
0.455,0.815,113.759,-14.8341,2.81661,123.14,0.0218521,0,0,0.00189387
0.455,0.825,149.362,-14.8855,2.81685,124.566,0.0218521,0,0,0.00189387
0.455,0.835,185.707,-14.9212,2.7803,118.787,0.0218521,0,0,0.00189387
0.455,0.845,219.319,-14.9455,2.72466,108.278,0.0218521,0,0,0.00189387
0.455,0.855,248.993,-14.9616,2.6694,97.3535,0.0218521,0,0,0.00189387
0.455,0.865,276.283,-14.9721,2.62992,89.706,0.0218521,0,0,0.00189387
0.455,0.875,304.034,-14.979,2.61273,86.8555,0.0218521,0,0,0.00189387
0.455,0.885,334.5,-14.9836,2.61565,88.4196,0.0218521,0,0,0.00189387
0.455,0.895,368.522,-14.9869,2.63226,93.2306,0.0218521,0,0,0.00189387
0.455,0.905,405.805,-14.9893,2.65629,100.154,0.0218521,0,0,0.00189387
0.455,0.915,445.522,-14.9912,2.68345,108.366,0.0218521,0,0,0.00189387
0.455,0.925,486.746,-14.9928,2.7113,117.328,0.0218521,0,0,0.00189387
0.455,0.935,528.645,-14.9941,2.73859,126.703,0.0218521,0,0,0.00189387
0.455,0.945,570.508,-14.9952,2.76476,136.267,0.0218521,0,0,0.00189387
0.455,0.955,611.74,-14.9961,2.78953,145.862,0.0218521,0,0,0.00189387
0.455,0.965,651.832,-14.9968,2.81277,155.361,0.0218521,0,0,0.00189387
0.455,0.975,690.351,-14.9974,2.83446,164.658,0.0218521,0,0,0.00189387
0.455,0.985,726.935,-14.998,2.85456,173.661,0.0218521,0,0,0.00189387
0.455,0.995,761.288,-14.9984,2.87308,182.287,0.0218521,0,0,0.00189387
0.465,0.005,9.82757,5.48806,-3.61779,90.8893,0.0218521,0,0,0.00189387
0.465,0.015,9.79224,5.45033,-3.51658,89.3602,0.0218521,0,0,0.00189387
0.465,0.025,9.7571,5.41221,-3.4156,87.8408,0.0218521,0,0,0.00189387
0.465,0.035,9.72205,5.37374,-3.31487,86.3314,0.0218521,0,0,0.00189387
0.465,0.045,9.68707,5.33498,-3.21439,84.8326,0.0218521,0,0,0.00189387
0.465,0.055,9.65211,5.29599,-3.11417,83.3454,0.0218521,0,0,0.00189387
0.465,0.065,9.61716,5.2568,-3.0142,81.8704,0.0218521,0,0,0.00189387
0.465,0.075,9.58217,5.21745,-2.91449,80.4083,0.0218521,0,0,0.00189387
0.465,0.085,9.54713,5.17799,-2.81504,78.9601,0.0218521,0,0,0.00189387
0.465,0.095,9.51202,5.13846,-2.71583,77.5263,0.0218521,0,0,0.00189387
0.465,0.105,9.47682,5.0989,-2.61687,76.1077,0.0218521,0,0,0.00189387
0.465,0.115,9.44152,5.05933,-2.51815,74.7051,0.0218521,0,0,0.00189387
0.465,0.125,9.40611,5.01978,-2.41966,73.3191,0.0218521,0,0,0.00189387
0.465,0.135,9.37059,4.9803,-2.32139,71.9504,0.0218521,0,0,0.00189387
0.465,0.145,9.33497,4.9409,-2.22333,70.5998,0.0218521,0,0,0.00189387
0.465,0.155,9.29924,4.90162,-2.12548,69.2679,0.0218521,0,0,0.00189387
0.465,0.165,9.26343,4.86247,-2.02784,67.9554,0.0218521,0,0,0.00189387
0.465,0.175,9.22755,4.82348,-1.93038,66.6629,0.0218521,0,0,0.00189387
0.465,0.185,9.19163,4.78466,-1.83312,65.391,0.0218521,0,0,0.00189387
0.465,0.195,9.1557,4.74603,-1.73604,64.1404,0.0218521,0,0,0.00189387
0.465,0.205,9.11981,4.7076,-1.63914,62.9116,0.0218521,0,0,0.00189387
0.465,0.215,9.084,4.66938,-1.54244,61.7055,0.0218521,0,0,0.00189387
0.465,0.225,9.04834,4.63137,-1.44592,60.5225,0.0218521,0,0,0.00189387
0.465,0.235,9.01291,4.59358,-1.34962,59.3633,0.0218521,0,0,0.00189387
0.465,0.245,8.97779,4.55601,-1.25353,58.2288,0.0218521,0,0,0.00189387
0.465,0.255,8.9431,4.51865,-1.1577,57.1198,0.0218521,0,0,0.00189387
0.465,0.265,8.90898,4.4815,-1.06214,56.0373,0.0218521,0,0,0.00189387
0.465,0.275,8.8756,4.44453,-0.966906,54.9822,0.0218521,0,0,0.00189387
0.465,0.285,8.84317,4.40772,-0.87205,53.9561,0.0218521,0,0,0.00189387
0.465,0.295,8.81195,4.37106,-0.777643,52.9605,0.0218521,0,0,0.00189387
0.465,0.305,8.78226,4.3345,-0.683773,51.9974,0.0218521,0,0,0.00189387
0.465,0.315,8.75452,4.29802,-0.590552,51.0692,0.0218521,0,0,0.00189387
0.465,0.325,8.72921,4.26155,-0.498117,50.179,0.0218521,0,0,0.00189387
0.465,0.335,8.70695,4.22504,-0.40664,49.3305,0.0218521,0,0,0.00189387
0.465,0.345,8.68853,4.18841,-0.316334,48.5281,0.0218521,0,0,0.00189387
0.465,0.355,8.67487,4.15159,-0.227456,47.7777,0.0218521,0,0,0.00189387
0.465,0.365,8.66716,4.11445,-0.140322,47.0859,0.0218521,0,0,0.00189387
0.465,0.375,8.66688,4.07684,-0.0553075,46.4613,0.0218521,0,0,0.00189387
0.465,0.385,8.6825,4.03575,0.0274848,45.9224,0.0218521,0,0,0.00189387
0.465,0.395,8.7121,3.99209,0.107627,45.4623,0.0218521,0,0,0.00189387
0.465,0.405,8.75469,3.94741,0.184185,45.1046,0.0218521,0,0,0.00189387
0.465,0.415,8.81352,3.90122,0.256395,44.868,0.0218521,0,0,0.00189387
0.465,0.425,8.89144,3.8531,0.323565,44.77,0.0218521,0,0,0.00189387
0.465,0.435,8.99137,3.80283,0.385043,44.8292,0.0218521,0,0,0.00189387
0.465,0.445,9.11606,3.75015,0.440304,45.0631,0.0218521,0,0,0.00189387
0.465,0.455,9.26796,3.6947,0.489015,45.4865,0.0218521,0,0,0.00189387
0.465,0.465,9.44886,3.63616,0.531122,46.1099,0.0218521,0,0,0.00189387
0.465,0.475,9.65959,3.57419,0.566904,46.9376,0.0218521,0,0,0.00189387
0.465,0.485,9.89979,3.50853,0.596965,47.967,0.0218521,0,0,0.00189387
0.465,0.495,10.1679,3.43896,0.622176,49.1892,0.0218521,0,0,0.00189387
0.465,0.505,10.4615,3.36531,0.643542,50.5906,0.0218521,0,0,0.00189387
0.465,0.515,10.7775,3.28742,0.66207,52.1555,0.0218521,0,0,0.00189387
0.465,0.525,11.1121,3.20512,0.67867,53.8677,0.0218521,0,0,0.00189387
0.465,0.535,11.4613,3.11824,0.694094,55.7121,0.0218521,0,0,0.00189387
0.465,0.545,11.82,3.02657,0.708919,57.6744,0.0218521,0,0,0.00189387
0.465,0.555,12.1808,2.92993,0.723555,59.7406,0.0218521,0,0,0.00189387
0.465,0.565,12.5306,2.82832,0.738252,61.8955,0.0218521,0,0,0.00189387
0.465,0.575,12.8437,2.72191,0.753164,64.121,0.0218521,0,0,0.00189387
0.465,0.585,13.0717,2.61061,0.768659,66.4086,0.0218521,0,0,0.00189387
0.465,0.595,13.1212,2.49398,0.785424,68.6933,0.0218521,0,0,0.00189387
0.465,0.605,12.8611,2.36397,0.804992,70.9203,0.0218521,0,0,0.00189387
0.465,0.615,12.1494,2.20076,0.832133,73.0011,0.0218521,0,0,0.00189387
0.465,0.625,10.9192,1.96493,0.876503,74.8272,0.0218521,0,0,0.00189387
0.465,0.635,9.29254,1.59188,0.952941,76.3001,0.0218521,0,0,0.00189387
0.465,0.645,7.60355,0.997862,1.07679,77.3692,0.0218521,0,0,0.00189387
0.465,0.655,6.22139,0.11042,1.25278,78.0566,0.0218521,0,0,0.00189387
0.465,0.665,5.32975,-1.07865,1.46252,78.4426,0.0218521,0,0,0.00189387
0.465,0.675,4.8679,-2.49459,1.66837,78.6653,0.0218521,0,0,0.00189387
0.465,0.685,4.72376,-4.04387,1.83764,78.8879,0.0218521,0,0,0.00189387
0.465,0.695,4.82907,-5.66767,1.95858,79.1727,0.0218521,0,0,0.00189387
0.465,0.705,5.17699,-7.33297,2.03699,79.3998,0.0218521,0,0,0.00189387
0.465,0.715,5.82396,-8.9821,2.08218,79.307,0.0218521,0,0,0.00189387
0.465,0.725,6.88374,-10.5094,2.10047,78.5721,0.0218521,0,0,0.00189387
0.465,0.735,8.51314,-11.7995,2.09913,77.0461,0.0218521,0,0,0.00189387
0.465,0.745,10.9182,-12.7895,2.09809,75.2126,0.0218521,0,0,0.00189387
0.465,0.755,14.4326,-13.4921,2.13126,74.4232,0.0218521,0,0,0.00189387
0.465,0.765,19.6665,-13.9678,2.2237,76.3849,0.0218521,0,0,0.00189387
0.465,0.775,27.6424,-14.286,2.36692,82.278,0.0218521,0,0,0.00189387
0.465,0.785,39.7732,-14.5018,2.52714,92.1158,0.0218521,0,0,0.00189387
0.465,0.795,57.5707,-14.6513,2.67057,104.385,0.0218521,0,0,0.00189387
0.465,0.805,82.1629,-14.7565,2.77252,116.418,0.0218521,0,0,0.00189387
0.465,0.815,113.41,-14.831,2.82284,124.728,0.0218521,0,0,0.00189387
0.465,0.825,149.201,-14.8835,2.82379,126.315,0.0218521,0,0,0.00189387
0.465,0.835,185.806,-14.9199,2.78701,120.479,0.0218521,0,0,0.00189387
0.465,0.845,219.656,-14.9447,2.73037,109.692,0.0218521,0,0,0.00189387
0.465,0.855,249.454,-14.9612,2.67364,98.3686,0.0218521,0,0,0.00189387
0.465,0.865,276.73,-14.9719,2.63264,90.3374,0.0218521,0,0,0.00189387
0.465,0.875,304.38,-14.9789,2.61424,87.203,0.0218521,0,0,0.00189387
0.465,0.885,334.726,-14.9836,2.6164,88.5933,0.0218521,0,0,0.00189387
0.465,0.895,368.651,-14.9869,2.63259,93.3113,0.0218521,0,0,0.00189387
0.465,0.905,405.872,-14.9893,2.65643,100.19,0.0218521,0,0,0.00189387
0.465,0.915,445.553,-14.9912,2.6835,108.38,0.0218521,0,0,0.00189387
0.465,0.925,486.76,-14.9928,2.71132,117.334,0.0218521,0,0,0.00189387
0.465,0.935,528.65,-14.9941,2.7386,126.705,0.0218521,0,0,0.00189387
0.465,0.945,570.51,-14.9952,2.76476,136.268,0.0218521,0,0,0.00189387
0.465,0.955,611.74,-14.9961,2.78953,145.862,0.0218521,0,0,0.00189387
0.465,0.965,651.832,-14.9968,2.81277,155.361,0.0218521,0,0,0.00189387
0.465,0.975,690.351,-14.9974,2.83446,164.658,0.0218521,0,0,0.00189387
0.465,0.985,726.935,-14.998,2.85456,173.661,0.0218521,0,0,0.00189387
0.465,0.995,761.288,-14.9984,2.87308,182.287,0.0218521,0,0,0.00189387
0.475,0.005,9.70062,5.55764,-3.60313,89.4082,0.0218521,0,0,0.00189387
0.475,0.015,9.66518,5.52032,-3.50196,87.9103,0.0218521,0,0,0.00189387
0.475,0.025,9.62991,5.48261,-3.40101,86.4217,0.0218521,0,0,0.00189387
0.475,0.035,9.59475,5.44458,-3.30031,84.9431,0.0218521,0,0,0.00189387
0.475,0.045,9.55967,5.40627,-3.19985,83.4753,0.0218521,0,0,0.00189387
0.475,0.055,9.52466,5.36772,-3.09964,82.0188,0.0218521,0,0,0.00189387
0.475,0.065,9.48966,5.32898,-2.99967,80.5746,0.0218521,0,0,0.00189387
0.475,0.075,9.45467,5.2901,-2.89995,79.1433,0.0218521,0,0,0.00189387
0.475,0.085,9.41966,5.2511,-2.80048,77.7257,0.0218521,0,0,0.00189387
0.475,0.095,9.3846,5.21203,-2.70124,76.3224,0.0218521,0,0,0.00189387
0.475,0.105,9.3495,5.17292,-2.60224,74.9341,0.0218521,0,0,0.00189387
0.475,0.115,9.31432,5.13381,-2.50346,73.5616,0.0218521,0,0,0.00189387
0.475,0.125,9.27907,5.09472,-2.40491,72.2055,0.0218521,0,0,0.00189387
0.475,0.135,9.24375,5.05569,-2.30657,70.8665,0.0218521,0,0,0.00189387
0.475,0.145,9.20836,5.01673,-2.20844,69.5452,0.0218521,0,0,0.00189387
0.475,0.155,9.1729,4.97788,-2.11051,68.2423,0.0218521,0,0,0.00189387
0.475,0.165,9.13739,4.93915,-2.01277,66.9584,0.0218521,0,0,0.00189387
0.475,0.175,9.10185,4.90057,-1.91521,65.6941,0.0218521,0,0,0.00189387
0.475,0.185,9.0663,4.86215,-1.81785,64.45,0.0218521,0,0,0.00189387
0.475,0.195,9.03078,4.8239,-1.72066,63.2268,0.0218521,0,0,0.00189387
0.475,0.205,8.99532,4.78584,-1.62366,62.0249,0.0218521,0,0,0.00189387
0.475,0.215,8.95998,4.74798,-1.52684,60.8451,0.0218521,0,0,0.00189387
0.475,0.225,8.92482,4.71031,-1.43023,59.688,0.0218521,0,0,0.00189387
0.475,0.235,8.88992,4.67284,-1.33382,58.5543,0.0218521,0,0,0.00189387
0.475,0.245,8.85536,4.63557,-1.23764,57.4446,0.0218521,0,0,0.00189387
0.475,0.255,8.82127,4.59848,-1.14171,56.36,0.0218521,0,0,0.00189387
0.475,0.265,8.78779,4.56158,-1.04608,55.3013,0.0218521,0,0,0.00189387
0.475,0.275,8.75508,4.52484,-0.950788,54.2697,0.0218521,0,0,0.00189387
0.475,0.285,8.72337,4.48823,-0.855891,53.2666,0.0218521,0,0,0.00189387
0.475,0.295,8.69292,4.45175,-0.761465,52.2937,0.0218521,0,0,0.00189387
0.475,0.305,8.66407,4.41534,-0.667605,51.3531,0.0218521,0,0,0.00189387
0.475,0.315,8.63723,4.37897,-0.574427,50.4472,0.0218521,0,0,0.00189387
0.475,0.325,8.61292,4.34259,-0.482078,49.5792,0.0218521,0,0,0.00189387
0.475,0.335,8.59177,4.30613,-0.390737,48.753,0.0218521,0,0,0.00189387
0.475,0.345,8.57459,4.26952,-0.300627,47.9733,0.0218521,0,0,0.00189387
0.475,0.355,8.56234,4.23266,-0.212019,47.2459,0.0218521,0,0,0.00189387
0.475,0.365,8.55624,4.19545,-0.125243,46.5782,0.0218521,0,0,0.00189387
0.475,0.375,8.55817,4.15757,-0.0406627,45.9795,0.0218521,0,0,0.00189387
0.475,0.385,8.57723,4.11558,0.0416232,45.4663,0.0218521,0,0,0.00189387
0.475,0.395,8.60895,4.07169,0.121091,45.0339,0.0218521,0,0,0.00189387
0.475,0.405,8.65423,4.02663,0.196754,44.7073,0.0218521,0,0,0.00189387
0.475,0.415,8.71615,3.97998,0.267887,44.5046,0.0218521,0,0,0.00189387
0.475,0.425,8.7976,3.93133,0.333792,44.4436,0.0218521,0,0,0.00189387
0.475,0.435,8.90152,3.88041,0.393823,44.543,0.0218521,0,0,0.00189387
0.475,0.445,9.03066,3.82694,0.447474,44.8201,0.0218521,0,0,0.00189387
0.475,0.455,9.18737,3.77058,0.494456,45.2893,0.0218521,0,0,0.00189387
0.475,0.465,9.3733,3.71099,0.534779,45.9601,0.0218521,0,0,0.00189387
0.475,0.475,9.58904,3.64786,0.568797,46.8354,0.0218521,0,0,0.00189387
0.475,0.485,9.83398,3.58092,0.597192,47.9112,0.0218521,0,0,0.00189387
0.475,0.495,10.1064,3.50999,0.620899,49.177,0.0218521,0,0,0.00189387
0.475,0.505,10.4035,3.43488,0.640958,50.6183,0.0218521,0,0,0.00189387
0.475,0.515,10.7222,3.35546,0.658387,52.2189,0.0218521,0,0,0.00189387
0.475,0.525,11.0587,3.27156,0.674078,53.9624,0.0218521,0,0,0.00189387
0.475,0.535,11.4089,3.18299,0.68875,55.834,0.0218521,0,0,0.00189387
0.475,0.545,11.7676,3.08952,0.702943,57.82,0.0218521,0,0,0.00189387
0.475,0.555,12.1272,2.99099,0.717023,59.907,0.0218521,0,0,0.00189387
0.475,0.565,12.4736,2.8874,0.731203,62.0801,0.0218521,0,0,0.00189387
0.475,0.575,12.7785,2.77895,0.745584,64.3201,0.0218521,0,0,0.00189387
0.475,0.585,12.9876,2.66529,0.760561,66.6095,0.0218521,0,0,0.00189387
0.475,0.595,13.001,2.54547,0.777118,68.8844,0.0218521,0,0,0.00189387
0.475,0.605,12.6807,2.40999,0.797408,71.0818,0.0218521,0,0,0.00189387
0.475,0.615,11.888,2.23614,0.827256,73.1038,0.0218521,0,0,0.00189387
0.475,0.625,10.5815,1.98049,0.877627,74.8378,0.0218521,0,0,0.00189387
0.475,0.635,8.92768,1.57545,0.963949,76.1927,0.0218521,0,0,0.00189387
0.475,0.645,7.28772,0.93994,1.09985,77.1369,0.0218521,0,0,0.00189387
0.475,0.655,6.00383,0.0143405,1.28548,77.7159,0.0218521,0,0,0.00189387
0.475,0.665,5.20713,-1.19042,1.49639,78.0317,0.0218521,0,0,0.00189387
0.475,0.675,4.80802,-2.59248,1.69455,78.2315,0.0218521,0,0,0.00189387
0.475,0.685,4.69677,-4.1096,1.85124,78.4617,0.0218521,0,0,0.00189387
0.475,0.695,4.81255,-5.6994,1.95934,78.754,0.0218521,0,0,0.00189387
0.475,0.705,5.15466,-7.33964,2.0269,78.9678,0.0218521,0,0,0.00189387
0.475,0.715,5.78379,-8.97539,2.0637,78.8422,0.0218521,0,0,0.00189387
0.475,0.725,6.81622,-10.4983,2.07615,78.0685,0.0218521,0,0,0.00189387
0.475,0.735,8.40994,-11.7878,2.07195,76.5334,0.0218521,0,0,0.00189387
0.475,0.745,10.7721,-12.7775,2.07185,74.7764,0.0218521,0,0,0.00189387
0.475,0.755,14.2391,-13.4798,2.1099,74.1819,0.0218521,0,0,0.00189387
0.475,0.765,19.4238,-13.9561,2.2094,76.4274,0.0218521,0,0,0.00189387
0.475,0.775,27.3448,-14.2757,2.35966,82.6255,0.0218521,0,0,0.00189387
0.475,0.785,39.4186,-14.4934,2.52526,92.7829,0.0218521,0,0,0.00189387
0.475,0.795,57.1686,-14.6448,2.67256,105.384,0.0218521,0,0,0.00189387
0.475,0.805,81.754,-14.7518,2.77718,117.752,0.0218521,0,0,0.00189387
0.475,0.815,113.077,-14.8277,2.82913,126.352,0.0218521,0,0,0.00189387
0.475,0.825,149.051,-14.8812,2.83075,128.094,0.0218521,0,0,0.00189387
0.475,0.835,185.909,-14.9185,2.79374,122.194,0.0218521,0,0,0.00189387
0.475,0.845,219.993,-14.9439,2.73609,111.123,0.0218521,0,0,0.00189387
0.475,0.855,249.914,-14.9607,2.67789,99.3955,0.0218521,0,0,0.00189387
0.475,0.865,277.177,-14.9717,2.63537,90.9759,0.0218521,0,0,0.00189387
0.475,0.875,304.727,-14.9788,2.61577,87.5543,0.0218521,0,0,0.00189387
0.475,0.885,334.952,-14.9835,2.61714,88.7689,0.0218521,0,0,0.00189387
0.475,0.895,368.781,-14.9868,2.63292,93.393,0.0218521,0,0,0.00189387
0.475,0.905,405.938,-14.9893,2.65657,100.226,0.0218521,0,0,0.00189387
0.475,0.915,445.584,-14.9912,2.68356,108.395,0.0218521,0,0,0.00189387
0.475,0.925,486.774,-14.9928,2.71133,117.34,0.0218521,0,0,0.00189387
0.475,0.935,528.656,-14.9941,2.73861,126.707,0.0218521,0,0,0.00189387
0.475,0.945,570.512,-14.9952,2.76476,136.269,0.0218521,0,0,0.00189387
0.475,0.955,611.741,-14.9961,2.78953,145.862,0.0218521,0,0,0.00189387
0.475,0.965,651.832,-14.9968,2.81277,155.361,0.0218521,0,0,0.00189387
0.475,0.975,690.351,-14.9974,2.83446,164.658,0.0218521,0,0,0.00189387
0.475,0.985,726.935,-14.998,2.85456,173.661,0.0218521,0,0,0.00189387
0.475,0.995,761.288,-14.9984,2.87308,182.287,0.0218521,0,0,0.00189387
0.485,0.005,9.57672,5.62743,-3.58861,87.9672,0.0218521,0,0,0.00189387
0.485,0.015,9.54118,5.59052,-3.48747,86.4997,0.0218521,0,0,0.00189387
0.485,0.025,9.5058,5.55324,-3.38655,85.0412,0.0218521,0,0,0.00189387
0.485,0.035,9.47056,5.51564,-3.28586,83.5928,0.0218521,0,0,0.00189387
0.485,0.045,9.43543,5.47777,-3.18542,82.155,0.0218521,0,0,0.00189387
0.485,0.055,9.40037,5.43966,-3.0852,80.7287,0.0218521,0,0,0.00189387
0.485,0.065,9.36537,5.40138,-2.98523,79.3145,0.0218521,0,0,0.00189387
0.485,0.075,9.33039,5.36294,-2.8855,77.9131,0.0218521,0,0,0.00189387
0.485,0.085,9.29542,5.3244,-2.78599,76.5253,0.0218521,0,0,0.00189387
0.485,0.095,9.26044,5.28578,-2.68672,75.1516,0.0218521,0,0,0.00189387
0.485,0.105,9.22543,5.24712,-2.58767,73.7929,0.0218521,0,0,0.00189387
0.485,0.115,9.19039,5.20846,-2.48884,72.4496,0.0218521,0,0,0.00189387
0.485,0.125,9.15531,5.16981,-2.39022,71.1225,0.0218521,0,0,0.00189387
0.485,0.135,9.12019,5.13122,-2.2918,69.8123,0.0218521,0,0,0.00189387
0.485,0.145,9.08503,5.09269,-2.19359,68.5195,0.0218521,0,0,0.00189387
0.485,0.155,9.04983,5.05426,-2.09557,67.2447,0.0218521,0,0,0.00189387
0.485,0.165,9.01462,5.01594,-1.99773,65.9885,0.0218521,0,0,0.00189387
0.485,0.175,8.9794,4.97776,-1.90008,64.7515,0.0218521,0,0,0.00189387
0.485,0.185,8.94421,4.93973,-1.8026,63.5343,0.0218521,0,0,0.00189387
0.485,0.195,8.90907,4.90186,-1.70531,62.3375,0.0218521,0,0,0.00189387
0.485,0.205,8.87402,4.86415,-1.6082,61.1616,0.0218521,0,0,0.00189387
0.485,0.215,8.83913,4.82663,-1.51128,60.0073,0.0218521,0,0,0.00189387
0.485,0.225,8.80444,4.78928,-1.41456,58.8751,0.0218521,0,0,0.00189387
0.485,0.235,8.77004,4.75212,-1.31805,57.7659,0.0218521,0,0,0.00189387
0.485,0.245,8.73601,4.71513,-1.22178,56.6802,0.0218521,0,0,0.00189387
0.485,0.255,8.70249,4.6783,-1.12577,55.6191,0.0218521,0,0,0.00189387
0.485,0.265,8.6696,4.64164,-1.03007,54.5835,0.0218521,0,0,0.00189387
0.485,0.275,8.63754,4.60511,-0.934724,53.5745,0.0218521,0,0,0.00189387
0.485,0.285,8.60651,4.5687,-0.839793,52.5937,0.0218521,0,0,0.00189387
0.485,0.295,8.57681,4.53238,-0.745358,51.6428,0.0218521,0,0,0.00189387
0.485,0.305,8.54876,4.4961,-0.651518,50.7239,0.0218521,0,0,0.00189387
0.485,0.315,8.5228,4.45984,-0.558397,49.8397,0.0218521,0,0,0.00189387
0.485,0.325,8.49946,4.42352,-0.466148,48.9933,0.0218521,0,0,0.00189387
0.485,0.335,8.4794,4.3871,-0.37496,48.189,0.0218521,0,0,0.00189387
0.485,0.345,8.46343,4.35049,-0.285067,47.4315,0.0218521,0,0,0.00189387
0.485,0.355,8.45259,4.31359,-0.196753,46.727,0.0218521,0,0,0.00189387
0.485,0.365,8.44812,4.27627,-0.110363,46.0831,0.0218521,0,0,0.00189387
0.485,0.375,8.45262,4.23794,-0.0262264,45.5106,0.0218521,0,0,0.00189387
0.485,0.385,8.47462,4.19521,0.0555111,45.022,0.0218521,0,0,0.00189387
0.485,0.395,8.50858,4.15104,0.134231,44.6181,0.0218521,0,0,0.00189387
0.485,0.405,8.55664,4.10558,0.208946,44.3232,0.0218521,0,0,0.00189387
0.485,0.415,8.62175,4.05844,0.278942,44.1551,0.0218521,0,0,0.00189387
0.485,0.425,8.70685,4.0092,0.343514,44.132,0.0218521,0,0,0.00189387
0.485,0.435,8.81492,3.95758,0.402026,44.2725,0.0218521,0,0,0.00189387
0.485,0.445,8.94866,3.90328,0.453996,44.594,0.0218521,0,0,0.00189387
0.485,0.455,9.11036,3.84595,0.499184,45.1102,0.0218521,0,0,0.00189387
0.485,0.465,9.30146,3.78526,0.537671,45.8294,0.0218521,0,0,0.00189387
0.485,0.475,9.52232,3.7209,0.569889,46.7532,0.0218521,0,0,0.00189387
0.485,0.485,9.77206,3.65263,0.596603,47.8759,0.0218521,0,0,0.00189387
0.485,0.495,10.0487,3.58027,0.618804,49.1858,0.0218521,0,0,0.00189387
0.485,0.505,10.3494,3.50365,0.637565,50.6673,0.0218521,0,0,0.00189387
0.485,0.515,10.6709,3.42263,0.653901,52.3039,0.0218521,0,0,0.00189387
0.485,0.525,11.0093,3.33704,0.66868,54.0795,0.0218521,0,0,0.00189387
0.485,0.535,11.3607,3.24667,0.682586,55.9797,0.0218521,0,0,0.00189387
0.485,0.545,11.7196,3.1513,0.696114,57.9916,0.0218521,0,0,0.00189387
0.485,0.555,12.0781,3.05073,0.709598,60.1022,0.0218521,0,0,0.00189387
0.485,0.565,12.421,2.945,0.723228,62.2959,0.0218521,0,0,0.00189387
0.485,0.575,12.7167,2.83436,0.73712,64.5511,0.0218521,0,0,0.00189387
0.485,0.585,12.904,2.71838,0.751695,66.8386,0.0218521,0,0,0.00189387
0.485,0.595,12.8772,2.59479,0.76822,69.1055,0.0218521,0,0,0.00189387
0.485,0.605,12.4905,2.45286,0.789707,71.2678,0.0218521,0,0,0.00189387
0.485,0.615,11.6122,2.26653,0.823102,73.2215,0.0218521,0,0,0.00189387
0.485,0.625,10.2325,1.98831,0.880645,74.8536,0.0218521,0,0,0.00189387
0.485,0.635,8.56492,1.54865,0.977902,76.0849,0.0218521,0,0,0.00189387
0.485,0.645,6.98816,0.871192,1.126,76.9063,0.0218521,0,0,0.00189387
0.485,0.655,5.80773,-0.0887867,1.31987,77.3857,0.0218521,0,0,0.00189387
0.485,0.665,5.10054,-1.30239,1.53002,77.644,0.0218521,0,0,0.00189387
0.485,0.675,4.7583,-2.68499,1.719,77.8332,0.0218521,0,0,0.00189387
0.485,0.685,4.67526,-4.16772,1.86273,78.0759,0.0218521,0,0,0.00189387
0.485,0.695,4.7983,-5.72385,1.9583,78.3748,0.0218521,0,0,0.00189387
0.485,0.705,5.1326,-7.34023,2.0155,78.5733,0.0218521,0,0,0.00189387
0.485,0.715,5.74292,-8.96392,2.04434,78.4142,0.0218521,0,0,0.00189387
0.485,0.725,6.74806,-10.4835,2.05131,77.6034,0.0218521,0,0,0.00189387
0.485,0.735,8.30717,-11.7731,2.04456,76.0652,0.0218521,0,0,0.00189387
0.485,0.745,10.6285,-12.7631,2.04578,74.3944,0.0218521,0,0,0.00189387
0.485,0.755,14.0514,-13.4657,2.08902,74.0036,0.0218521,0,0,0.00189387
0.485,0.765,19.1909,-13.9429,2.1957,76.5363,0.0218521,0,0,0.00189387
0.485,0.775,27.0611,-14.2643,2.35293,83.0375,0.0218521,0,0,0.00189387
0.485,0.785,39.0815,-14.4842,2.52378,93.5086,0.0218521,0,0,0.00189387
0.485,0.795,56.787,-14.6378,2.67481,106.435,0.0218521,0,0,0.00189387
0.485,0.805,81.3668,-14.7466,2.78198,119.13,0.0218521,0,0,0.00189387
0.485,0.815,112.764,-14.824,2.83549,128.01,0.0218521,0,0,0.00189387
0.485,0.825,148.914,-14.8787,2.83774,129.897,0.0218521,0,0,0.00189387
0.485,0.835,186.02,-14.9169,2.80045,123.926,0.0218521,0,0,0.00189387
0.485,0.845,220.331,-14.9429,2.74178,112.565,0.0218521,0,0,0.00189387
0.485,0.855,250.371,-14.9602,2.68212,100.429,0.0218521,0,0,0.00189387
0.485,0.865,277.621,-14.9714,2.63809,91.6174,0.0218521,0,0,0.00189387
0.485,0.875,305.071,-14.9787,2.61728,87.9066,0.0218521,0,0,0.00189387
0.485,0.885,335.177,-14.9835,2.61789,88.9447,0.0218521,0,0,0.00189387
0.485,0.895,368.91,-14.9868,2.63326,93.4747,0.0218521,0,0,0.00189387
0.485,0.905,406.005,-14.9893,2.6567,100.262,0.0218521,0,0,0.00189387
0.485,0.915,445.616,-14.9912,2.68361,108.41,0.0218521,0,0,0.00189387
0.485,0.925,486.788,-14.9928,2.71135,117.346,0.0218521,0,0,0.00189387
0.485,0.935,528.662,-14.9941,2.73862,126.71,0.0218521,0,0,0.00189387
0.485,0.945,570.515,-14.9952,2.76477,136.27,0.0218521,0,0,0.00189387
0.485,0.955,611.742,-14.9961,2.78953,145.863,0.0218521,0,0,0.00189387
0.485,0.965,651.832,-14.9968,2.81277,155.361,0.0218521,0,0,0.00189387
0.485,0.975,690.351,-14.9974,2.83446,164.658,0.0218521,0,0,0.00189387
0.485,0.985,726.935,-14.998,2.85456,173.661,0.0218521,0,0,0.00189387
0.485,0.995,761.288,-14.9984,2.87308,182.287,0.0218521,0,0,0.00189387
0.495,0.005,9.45577,5.69745,-3.57421,86.5649,0.0218521,0,0,0.00189387
0.495,0.015,9.42014,5.66095,-3.47309,85.1268,0.0218521,0,0,0.00189387
0.495,0.025,9.38469,5.62409,-3.3722,83.6978,0.0218521,0,0,0.00189387
0.495,0.035,9.34939,5.58691,-3.27152,82.2788,0.0218521,0,0,0.00189387
0.495,0.045,9.31422,5.54947,-3.17108,80.8705,0.0218521,0,0,0.00189387
0.495,0.055,9.27915,5.5118,-3.07086,79.4735,0.0218521,0,0,0.00189387
0.495,0.065,9.24415,5.47396,-2.97087,78.0886,0.0218521,0,0,0.00189387
0.495,0.075,9.2092,5.43597,-2.87111,76.7164,0.0218521,0,0,0.00189387
0.495,0.085,9.17429,5.39787,-2.77157,75.3575,0.0218521,0,0,0.00189387
0.495,0.095,9.13939,5.3597,-2.67225,74.0127,0.0218521,0,0,0.00189387
0.495,0.105,9.1045,5.32149,-2.57315,72.6826,0.0218521,0,0,0.00189387
0.495,0.115,9.0696,5.28326,-2.47426,71.3678,0.0218521,0,0,0.00189387
0.495,0.125,9.03469,5.24505,-2.37557,70.0689,0.0218521,0,0,0.00189387
0.495,0.135,8.99976,5.20688,-2.27707,68.7865,0.0218521,0,0,0.00189387
0.495,0.145,8.96483,5.16877,-2.17877,67.5212,0.0218521,0,0,0.00189387
0.495,0.155,8.92989,5.13075,-2.08065,66.2736,0.0218521,0,0,0.00189387
0.495,0.165,8.89496,5.09284,-1.98272,65.0443,0.0218521,0,0,0.00189387
0.495,0.175,8.86005,5.05504,-1.88496,63.8337,0.0218521,0,0,0.00189387
0.495,0.185,8.8252,5.01738,-1.78739,62.6425,0.0218521,0,0,0.00189387
0.495,0.195,8.79043,4.97987,-1.68999,61.4712,0.0218521,0,0,0.00189387
0.495,0.205,8.75577,4.94251,-1.59277,60.3204,0.0218521,0,0,0.00189387
0.495,0.215,8.7213,4.90531,-1.49574,59.1907,0.0218521,0,0,0.00189387
0.495,0.225,8.68705,4.86828,-1.39892,58.0826,0.0218521,0,0,0.00189387
0.495,0.235,8.65312,4.8314,-1.30232,56.997,0.0218521,0,0,0.00189387
0.495,0.245,8.6196,4.79468,-1.20596,55.9345,0.0218521,0,0,0.00189387
0.495,0.255,8.58661,4.75811,-1.10988,54.8961,0.0218521,0,0,0.00189387
0.495,0.265,8.55429,4.72167,-1.01411,53.8828,0.0218521,0,0,0.00189387
0.495,0.275,8.52283,4.68534,-0.918716,52.8957,0.0218521,0,0,0.00189387
0.495,0.285,8.49246,4.64911,-0.823759,51.9365,0.0218521,0,0,0.00189387
0.495,0.295,8.46346,4.61293,-0.729325,51.0069,0.0218521,0,0,0.00189387
0.495,0.305,8.43619,4.57677,-0.635516,50.1091,0.0218521,0,0,0.00189387
0.495,0.315,8.41109,4.5406,-0.542465,49.246,0.0218521,0,0,0.00189387
0.495,0.325,8.3887,4.50434,-0.450331,48.4208,0.0218521,0,0,0.00189387
0.495,0.335,8.36971,4.46794,-0.359315,47.6378,0.0218521,0,0,0.00189387
0.495,0.345,8.35496,4.4313,-0.26966,46.9022,0.0218521,0,0,0.00189387
0.495,0.355,8.34551,4.39434,-0.181666,46.2203,0.0218521,0,0,0.00189387
0.495,0.365,8.34269,4.3569,-0.0956894,45.6,0.0218521,0,0,0.00189387
0.495,0.375,8.35007,4.31795,-0.0120178,45.054,0.0218521,0,0,0.00189387
0.495,0.385,8.37467,4.27463,0.0691271,44.5899,0.0218521,0,0,0.00189387
0.495,0.395,8.41097,4.23013,0.147031,44.215,0.0218521,0,0,0.00189387
0.495,0.405,8.46188,4.18424,0.220738,43.9523,0.0218521,0,0,0.00189387
0.495,0.415,8.53031,4.13657,0.289529,43.8195,0.0218521,0,0,0.00189387
0.495,0.425,8.61921,4.08671,0.352697,43.8352,0.0218521,0,0,0.00189387
0.495,0.435,8.73158,4.03434,0.409614,44.0181,0.0218521,0,0,0.00189387
0.495,0.445,8.87011,3.97914,0.459829,44.3853,0.0218521,0,0,0.00189387
0.495,0.455,9.03695,3.92079,0.503158,44.9496,0.0218521,0,0,0.00189387
0.495,0.465,9.23337,3.85893,0.539756,45.7184,0.0218521,0,0,0.00189387
0.495,0.475,9.45944,3.79329,0.570142,46.6916,0.0218521,0,0,0.00189387
0.495,0.485,9.71406,3.72362,0.59516,47.8618,0.0218521,0,0,0.00189387
0.495,0.495,9.99501,3.64976,0.615855,49.2162,0.0218521,0,0,0.00189387
0.495,0.505,10.2993,3.57155,0.633319,50.7385,0.0218521,0,0,0.00189387
0.495,0.515,10.6236,3.48885,0.648559,52.4121,0.0218521,0,0,0.00189387
0.495,0.525,10.9642,3.40147,0.662411,54.2212,0.0218521,0,0,0.00189387
0.495,0.535,11.3169,3.30919,0.675518,56.1523,0.0218521,0,0,0.00189387
0.495,0.545,11.6763,3.21176,0.688342,58.1928,0.0218521,0,0,0.00189387
0.495,0.555,12.034,3.10901,0.701189,60.3298,0.0218521,0,0,0.00189387
0.495,0.565,12.373,3.00099,0.714253,62.5464,0.0218521,0,0,0.00189387
0.495,0.575,12.6582,2.88798,0.727696,64.8174,0.0218521,0,0,0.00189387
0.495,0.585,12.8211,2.76947,0.74199,67.1041,0.0218521,0,0,0.00189387
0.495,0.595,12.7485,2.64164,0.758751,69.3581,0.0218521,0,0,0.00189387
0.495,0.605,12.2886,2.49206,0.782014,71.4778,0.0218521,0,0,0.00189387
0.495,0.615,11.3209,2.2911,0.819949,73.3532,0.0218521,0,0,0.00189387
0.495,0.625,9.87369,1.9874,0.88592,74.8746,0.0218521,0,0,0.00189387
0.495,0.635,8.20762,1.51073,0.995061,75.9787,0.0218521,0,0,0.00189387
0.495,0.645,6.70721,0.791733,1.15519,76.6813,0.0218521,0,0,0.00189387
0.495,0.655,5.63236,-0.197834,1.3557,77.0711,0.0218521,0,0,0.00189387
0.495,0.665,5.00922,-1.41326,1.56306,77.2857,0.0218521,0,0,0.00189387
0.495,0.675,4.71799,-2.77138,1.74159,77.4746,0.0218521,0,0,0.00189387
0.495,0.685,4.65872,-4.21813,1.87216,77.7329,0.0218521,0,0,0.00189387
0.495,0.695,4.78605,-5.74116,1.9556,78.0364,0.0218521,0,0,0.00189387
0.495,0.705,5.1108,-7.33494,2.00292,78.2172,0.0218521,0,0,0.00189387
0.495,0.715,5.70157,-8.9478,2.02423,78.0235,0.0218521,0,0,0.00189387
0.495,0.725,6.67963,-10.465,2.02602,77.1769,0.0218521,0,0,0.00189387
0.495,0.735,8.20531,-11.7554,2.01702,75.6413,0.0218521,0,0,0.00189387
0.495,0.745,10.488,-12.7462,2.01993,74.0665,0.0218521,0,0,0.00189387
0.495,0.755,13.87,-13.4496,2.06868,73.8885,0.0218521,0,0,0.00189387
0.495,0.765,18.9679,-13.9282,2.18265,76.7116,0.0218521,0,0,0.00189387
0.495,0.775,26.7915,-14.252,2.34675,83.5144,0.0218521,0,0,0.00189387
0.495,0.785,38.7623,-14.4744,2.52273,94.2932,0.0218521,0,0,0.00189387
0.495,0.795,56.427,-14.6304,2.67734,107.538,0.0218521,0,0,0.00189387
0.495,0.805,81.003,-14.7411,2.78696,120.551,0.0218521,0,0,0.00189387
0.495,0.815,112.473,-14.8201,2.84193,129.701,0.0218521,0,0,0.00189387
0.495,0.825,148.794,-14.876,2.84472,131.722,0.0218521,0,0,0.00189387
0.495,0.835,186.138,-14.9151,2.80713,125.669,0.0218521,0,0,0.00189387
0.495,0.845,220.669,-14.9419,2.74743,114.012,0.0218521,0,0,0.00189387
0.495,0.855,250.824,-14.9596,2.68631,101.462,0.0218521,0,0,0.00189387
0.495,0.865,278.059,-14.9711,2.64078,92.2576,0.0218521,0,0,0.00189387
0.495,0.875,305.41,-14.9785,2.61879,88.2572,0.0218521,0,0,0.00189387
0.495,0.885,335.399,-14.9834,2.61863,89.1192,0.0218521,0,0,0.00189387
0.495,0.895,369.037,-14.9868,2.63358,93.5556,0.0218521,0,0,0.00189387
0.495,0.905,406.07,-14.9893,2.65684,100.297,0.0218521,0,0,0.00189387
0.495,0.915,445.647,-14.9912,2.68366,108.425,0.0218521,0,0,0.00189387
0.495,0.925,486.801,-14.9928,2.71137,117.352,0.0218521,0,0,0.00189387
0.495,0.935,528.667,-14.9941,2.73862,126.712,0.0218521,0,0,0.00189387
0.495,0.945,570.517,-14.9952,2.76477,136.271,0.0218521,0,0,0.00189387
0.495,0.955,611.743,-14.9961,2.78953,145.863,0.0218521,0,0,0.00189387
0.495,0.965,651.833,-14.9968,2.81277,155.361,0.0218521,0,0,0.00189387
0.495,0.975,690.351,-14.9974,2.83446,164.658,0.0218521,0,0,0.00189387
0.495,0.985,726.935,-14.998,2.85456,173.661,0.0218521,0,0,0.00189387
0.495,0.995,761.288,-14.9984,2.87308,182.287,0.0218521,0,0,0.00189387
0.505,0.005,9.33767,5.76768,-3.55991,85.1998,0.0218521,0,0,0.00189387
0.505,0.015,9.30195,5.73158,-3.45882,83.7902,0.0218521,0,0,0.00189387
0.505,0.025,9.26645,5.69513,-3.35794,82.3901,0.0218521,0,0,0.00189387
0.505,0.035,9.23112,5.65838,-3.25727,80.9998,0.0218521,0,0,0.00189387
0.505,0.045,9.19593,5.62136,-3.15682,79.6202,0.0218521,0,0,0.00189387
0.505,0.055,9.16086,5.58413,-3.05659,78.2518,0.0218521,0,0,0.00189387
0.505,0.065,9.12589,5.54672,-2.95657,76.8954,0.0218521,0,0,0.00189387
0.505,0.075,9.09099,5.50917,-2.85678,75.5516,0.0218521,0,0,0.00189387
0.505,0.085,9.05614,5.47151,-2.7572,74.221,0.0218521,0,0,0.00189387
0.505,0.095,9.02134,5.43377,-2.65784,72.9042,0.0218521,0,0,0.00189387
0.505,0.105,8.98657,5.39599,-2.55867,71.6019,0.0218521,0,0,0.00189387
0.505,0.115,8.95181,5.3582,-2.45971,70.3147,0.0218521,0,0,0.00189387
0.505,0.125,8.91707,5.32041,-2.36095,69.0431,0.0218521,0,0,0.00189387
0.505,0.135,8.88234,5.28266,-2.26237,67.7877,0.0218521,0,0,0.00189387
0.505,0.145,8.84763,5.24496,-2.16398,66.5491,0.0218521,0,0,0.00189387
0.505,0.155,8.81294,5.20734,-2.06577,65.3279,0.0218521,0,0,0.00189387
0.505,0.165,8.77828,5.16981,-1.96773,64.1245,0.0218521,0,0,0.00189387
0.505,0.175,8.74367,5.13239,-1.86988,62.9395,0.0218521,0,0,0.00189387
0.505,0.185,8.70914,5.0951,-1.77219,61.7734,0.0218521,0,0,0.00189387
0.505,0.195,8.67471,5.05793,-1.67469,60.6268,0.0218521,0,0,0.00189387
0.505,0.205,8.64043,5.02091,-1.57736,59.5002,0.0218521,0,0,0.00189387
0.505,0.215,8.60635,4.98402,-1.48023,58.3942,0.0218521,0,0,0.00189387
0.505,0.225,8.57252,4.94728,-1.38331,57.3095,0.0218521,0,0,0.00189387
0.505,0.235,8.53904,4.91068,-1.28662,56.2466,0.0218521,0,0,0.00189387
0.505,0.245,8.50599,4.87422,-1.19017,55.2065,0.0218521,0,0,0.00189387
0.505,0.255,8.4735,4.83788,-1.09402,54.1901,0.0218521,0,0,0.00189387
0.505,0.265,8.44172,4.80165,-0.998199,53.1983,0.0218521,0,0,0.00189387
0.505,0.275,8.41084,4.76551,-0.902765,52.2324,0.0218521,0,0,0.00189387
0.505,0.285,8.38109,4.72943,-0.807792,51.2941,0.0218521,0,0,0.00189387
0.505,0.295,8.35278,4.69339,-0.713368,50.3851,0.0218521,0,0,0.00189387
0.505,0.305,8.32625,4.65734,-0.619604,49.5079,0.0218521,0,0,0.00189387
0.505,0.315,8.30198,4.62124,-0.526636,48.6653,0.0218521,0,0,0.00189387
0.505,0.325,8.28052,4.58502,-0.434634,47.8609,0.0218521,0,0,0.00189387
0.505,0.335,8.26259,4.54862,-0.343808,47.0989,0.0218521,0,0,0.00189387
0.505,0.345,8.24906,4.51195,-0.254414,46.3849,0.0218521,0,0,0.00189387
0.505,0.355,8.24102,4.47491,-0.166764,45.7253,0.0218521,0,0,0.00189387
0.505,0.365,8.23985,4.43733,-0.0812331,45.1285,0.0218521,0,0,0.00189387
0.505,0.375,8.25041,4.3976,0.00194234,44.609,0.0218521,0,0,0.00189387
0.505,0.385,8.27734,4.35379,0.0824477,44.1699,0.0218521,0,0,0.00189387
0.505,0.395,8.31609,4.30894,0.159472,43.8245,0.0218521,0,0,0.00189387
0.505,0.405,8.36993,4.26259,0.232105,43.5945,0.0218521,0,0,0.00189387
0.505,0.415,8.4418,4.21435,0.299618,43.498,0.0218521,0,0,0.00189387
0.505,0.425,8.53466,4.16382,0.361304,43.5536,0.0218521,0,0,0.00189387
0.505,0.435,8.65153,4.11065,0.416545,43.7802,0.0218521,0,0,0.00189387
0.505,0.445,8.79504,4.05451,0.46493,44.1944,0.0218521,0,0,0.00189387
0.505,0.455,8.9672,3.99506,0.506334,44.8082,0.0218521,0,0,0.00189387
0.505,0.465,9.16907,3.93198,0.540993,45.6277,0.0218521,0,0,0.00189387
0.505,0.475,9.40048,3.86498,0.569516,46.6512,0.0218521,0,0,0.00189387
0.505,0.485,9.66004,3.79385,0.592823,47.8698,0.0218521,0,0,0.00189387
0.505,0.495,9.94536,3.71841,0.612006,49.2695,0.0218521,0,0,0.00189387
0.505,0.505,10.2534,3.63853,0.628166,50.8336,0.0218521,0,0,0.00189387
0.505,0.515,10.5807,3.55405,0.642292,52.5456,0.0218521,0,0,0.00189387
0.505,0.525,10.9236,3.46476,0.655186,54.3905,0.0218521,0,0,0.00189387
0.505,0.535,11.278,3.37043,0.667452,56.3553,0.0218521,0,0,0.00189387
0.505,0.545,11.6383,3.27078,0.679522,58.4278,0.0218521,0,0,0.00189387
0.505,0.555,11.9952,3.16566,0.691693,60.5946,0.0218521,0,0,0.00189387
0.505,0.565,12.33,3.05517,0.704173,62.8368,0.0218521,0,0,0.00189387
0.505,0.575,12.6033,2.93956,0.717192,65.1256,0.0218521,0,0,0.00189387
0.505,0.585,12.739,2.81804,0.73138,67.4159,0.0218521,0,0,0.00189387
0.505,0.595,12.6138,2.6855,0.748817,69.6472,0.0218521,0,0,0.00189387
0.505,0.605,12.0732,2.52693,0.774562,71.7134,0.0218521,0,0,0.00189387
0.505,0.615,11.0133,2.3089,0.818156,73.4995,0.0218521,0,0,0.00189387
0.505,0.625,9.50715,1.97671,0.893848,74.9015,0.0218521,0,0,0.00189387
0.505,0.635,7.85938,1.46106,1.01566,75.8764,0.0218521,0,0,0.00189387
0.505,0.645,6.44684,0.701938,1.18732,76.466,0.0218521,0,0,0.00189387
0.505,0.655,5.47735,-0.311497,1.39262,76.7778,0.0218521,0,0,0.00189387
0.505,0.665,4.93236,-1.52174,1.59517,76.9621,0.0218521,0,0,0.00189387
0.505,0.675,4.68635,-2.85106,1.76221,77.1592,0.0218521,0,0,0.00189387
0.505,0.685,4.64666,-4.2608,1.87962,77.4343,0.0218521,0,0,0.00189387
0.505,0.695,4.7756,-5.75152,1.95137,77.7396,0.0218521,0,0,0.00189387
0.505,0.705,5.08928,-7.32394,1.9893,77.9,0.0218521,0,0,0.00189387
0.505,0.715,5.65997,-8.92712,2.00345,77.6698,0.0218521,0,0,0.00189387
0.505,0.725,6.61129,-10.4428,2.00034,76.7885,0.0218521,0,0,0.00189387
0.505,0.735,8.10473,-11.7346,1.98939,75.2614,0.0218521,0,0,0.00189387
0.505,0.745,10.351,-12.7267,1.99437,73.793,0.0218521,0,0,0.00189387
0.505,0.755,13.695,-13.4314,2.04895,73.8369,0.0218521,0,0,0.00189387
0.505,0.765,18.7549,-13.9121,2.1703,76.9535,0.0218521,0,0,0.00189387
0.505,0.775,26.5361,-14.2386,2.34117,84.0563,0.0218521,0,0,0.00189387
0.505,0.785,38.4613,-14.4639,2.52213,95.1369,0.0218521,0,0,0.00189387
0.505,0.795,56.089,-14.6224,2.68018,108.693,0.0218521,0,0,0.00189387
0.505,0.805,80.6637,-14.7353,2.7921,122.013,0.0218521,0,0,0.00189387
0.505,0.815,112.206,-14.8159,2.84843,131.421,0.0218521,0,0,0.00189387
0.505,0.825,148.692,-14.8732,2.8517,133.562,0.0218521,0,0,0.00189387
0.505,0.835,186.264,-14.9133,2.81375,127.418,0.0218521,0,0,0.00189387
0.505,0.845,221.006,-14.9407,2.75302,115.456,0.0218521,0,0,0.00189387
0.505,0.855,251.27,-14.959,2.69044,102.491,0.0218521,0,0,0.00189387
0.505,0.865,278.489,-14.9708,2.64344,92.8927,0.0218521,0,0,0.00189387
0.505,0.875,305.742,-14.9784,2.62026,88.6038,0.0218521,0,0,0.00189387
0.505,0.885,335.616,-14.9834,2.61935,89.291,0.0218521,0,0,0.00189387
0.505,0.895,369.161,-14.9868,2.63391,93.635,0.0218521,0,0,0.00189387
0.505,0.905,406.134,-14.9893,2.65697,100.332,0.0218521,0,0,0.00189387
0.505,0.915,445.677,-14.9912,2.68371,108.44,0.0218521,0,0,0.00189387
0.505,0.925,486.815,-14.9928,2.71139,117.358,0.0218521,0,0,0.00189387
0.505,0.935,528.673,-14.9941,2.73863,126.714,0.0218521,0,0,0.00189387
0.505,0.945,570.519,-14.9952,2.76477,136.272,0.0218521,0,0,0.00189387
0.505,0.955,611.744,-14.9961,2.78953,145.863,0.0218521,0,0,0.00189387
0.505,0.965,651.833,-14.9968,2.81277,155.361,0.0218521,0,0,0.00189387
0.505,0.975,690.351,-14.9974,2.83446,164.658,0.0218521,0,0,0.00189387
0.505,0.985,726.935,-14.998,2.85456,173.661,0.0218521,0,0,0.00189387
0.505,0.995,761.288,-14.9984,2.87308,182.287,0.0218521,0,0,0.00189387
0.515,0.005,9.22232,5.83811,-3.54571,83.8705,0.0218521,0,0,0.00189387
0.515,0.015,9.18653,5.80241,-3.44464,82.4886,0.0218521,0,0,0.00189387
0.515,0.025,9.151,5.76637,-3.34376,81.1165,0.0218521,0,0,0.00189387
0.515,0.035,9.11565,5.73003,-3.24309,79.7543,0.0218521,0,0,0.00189387
0.515,0.045,9.08047,5.69344,-3.14263,78.4027,0.0218521,0,0,0.00189387
0.515,0.055,9.04542,5.65663,-3.04238,77.0622,0.0218521,0,0,0.00189387
0.515,0.065,9.01048,5.61965,-2.94234,75.7336,0.0218521,0,0,0.00189387
0.515,0.075,8.97564,5.58253,-2.84251,74.4174,0.0218521,0,0,0.00189387
0.515,0.085,8.94087,5.5453,-2.74288,73.1142,0.0218521,0,0,0.00189387
0.515,0.095,8.90617,5.50799,-2.64346,71.8247,0.0218521,0,0,0.00189387
0.515,0.105,8.87152,5.47064,-2.54423,70.5495,0.0218521,0,0,0.00189387
0.515,0.115,8.83691,5.43326,-2.4452,69.289,0.0218521,0,0,0.00189387
0.515,0.125,8.80234,5.39589,-2.34636,68.0439,0.0218521,0,0,0.00189387
0.515,0.135,8.7678,5.35854,-2.2477,66.8148,0.0218521,0,0,0.00189387
0.515,0.145,8.7333,5.32124,-2.14921,65.602,0.0218521,0,0,0.00189387
0.515,0.155,8.69885,5.28401,-2.0509,64.4063,0.0218521,0,0,0.00189387
0.515,0.165,8.66445,5.24686,-1.95277,63.228,0.0218521,0,0,0.00189387
0.515,0.175,8.63012,5.2098,-1.85481,62.0677,0.0218521,0,0,0.00189387
0.515,0.185,8.5959,5.17286,-1.75702,60.9259,0.0218521,0,0,0.00189387
0.515,0.195,8.56179,5.13603,-1.65941,59.8031,0.0218521,0,0,0.00189387
0.515,0.205,8.52786,5.09932,-1.56198,58.6999,0.0218521,0,0,0.00189387
0.515,0.215,8.49415,5.06274,-1.46475,57.6168,0.0218521,0,0,0.00189387
0.515,0.225,8.46071,5.02628,-1.36773,56.5546,0.0218521,0,0,0.00189387
0.515,0.235,8.42765,4.98994,-1.27095,55.5138,0.0218521,0,0,0.00189387
0.515,0.245,8.39504,4.95372,-1.17443,54.4953,0.0218521,0,0,0.00189387
0.515,0.255,8.36303,4.9176,-1.07821,53.5,0.0218521,0,0,0.00189387
0.515,0.265,8.33176,4.88157,-0.982338,52.529,0.0218521,0,0,0.00189387
0.515,0.275,8.30143,4.8456,-0.886875,51.5837,0.0218521,0,0,0.00189387
0.515,0.285,8.27228,4.80968,-0.791895,50.6657,0.0218521,0,0,0.00189387
0.515,0.295,8.24462,4.77375,-0.697493,49.7768,0.0218521,0,0,0.00189387
0.515,0.305,8.21883,4.7378,-0.603784,48.9196,0.0218521,0,0,0.00189387
0.515,0.315,8.19537,4.70175,-0.510915,48.0971,0.0218521,0,0,0.00189387
0.515,0.325,8.17484,4.66556,-0.419062,47.3129,0.0218521,0,0,0.00189387
0.515,0.335,8.15796,4.62915,-0.328446,46.5717,0.0218521,0,0,0.00189387
0.515,0.345,8.14564,4.59243,-0.239335,45.8789,0.0218521,0,0,0.00189387
0.515,0.355,8.13902,4.55529,-0.152058,45.2416,0.0218521,0,0,0.00189387
0.515,0.365,8.13952,4.51755,-0.067007,44.6682,0.0218521,0,0,0.00189387
0.515,0.375,8.15356,4.47686,0.0156328,44.1755,0.0218521,0,0,0.00189387
0.515,0.385,8.18259,4.4327,0.0954487,43.7618,0.0218521,0,0,0.00189387
0.515,0.395,8.22389,4.38745,0.171529,43.4466,0.0218521,0,0,0.00189387
0.515,0.405,8.28079,4.3406,0.243018,43.2502,0.0218521,0,0,0.00189387
0.515,0.415,8.35623,4.29176,0.309177,43.1908,0.0218521,0,0,0.00189387
0.515,0.425,8.45324,4.24051,0.369296,43.2876,0.0218521,0,0,0.00189387
0.515,0.435,8.57479,4.18648,0.422779,43.5593,0.0218521,0,0,0.00189387
0.515,0.445,8.72348,4.12934,0.469253,44.0219,0.0218521,0,0,0.00189387
0.515,0.455,8.90116,4.06874,0.508665,44.6867,0.0218521,0,0,0.00189387
0.515,0.465,9.10864,4.00435,0.541336,45.5582,0.0218521,0,0,0.00189387
0.515,0.475,9.3455,3.93593,0.567964,46.633,0.0218521,0,0,0.00189387
0.515,0.485,9.61011,3.86325,0.589542,47.901,0.0218521,0,0,0.00189387
0.515,0.495,9.89992,3.78615,0.607197,49.3471,0.0218521,0,0,0.00189387
0.515,0.505,10.2118,3.7045,0.622034,50.9546,0.0218521,0,0,0.00189387
0.515,0.515,10.5424,3.61812,0.635014,52.7073,0.0218521,0,0,0.00189387
0.515,0.525,10.8881,3.52678,0.646904,54.5909,0.0218521,0,0,0.00189387
0.515,0.535,11.2445,3.43022,0.658275,56.5931,0.0218521,0,0,0.00189387
0.515,0.545,11.606,3.32818,0.66954,58.7015,0.0218521,0,0,0.00189387
0.515,0.555,11.9623,3.2205,0.681002,60.9015,0.0218521,0,0,0.00189387
0.515,0.565,12.2923,3.10735,0.692899,63.1719,0.0218521,0,0,0.00189387
0.515,0.575,12.5518,2.98892,0.705562,65.4789,0.0218521,0,0,0.00189387
0.515,0.585,12.6558,2.864,0.719877,67.7698,0.0218521,0,0,0.00189387
0.515,0.595,12.4709,2.72597,0.738503,69.9714,0.0218521,0,0,0.00189387
0.515,0.605,11.8421,2.55671,0.767603,71.974,0.0218521,0,0,0.00189387
0.515,0.615,10.6892,2.31886,0.818127,73.66,0.0218521,0,0,0.00189387
0.515,0.625,9.13563,1.95517,0.904838,74.9353,0.0218521,0,0,0.00189387
0.515,0.635,7.52386,1.3992,1.03987,75.7808,0.0218521,0,0,0.00189387
0.515,0.645,6.20857,0.602471,1.2222,76.2646,0.0218521,0,0,0.00189387
0.515,0.655,5.34227,-0.428324,1.43021,76.5111,0.0218521,0,0,0.00189387
0.515,0.665,4.86906,-1.62665,1.62603,76.678,0.0218521,0,0,0.00189387
0.515,0.675,4.66262,-2.92356,1.78079,76.8897,0.0218521,0,0,0.00189387
0.515,0.685,4.63861,-4.29578,1.88519,77.1813,0.0218521,0,0,0.00189387
0.515,0.695,4.76674,-5.75514,1.94575,77.4848,0.0218521,0,0,0.00189387
0.515,0.705,5.06808,-7.30743,1.97477,77.6213,0.0218521,0,0,0.00189387
0.515,0.715,5.6183,-8.902,1.98209,77.3526,0.0218521,0,0,0.00189387
0.515,0.725,6.54334,-10.417,1.97433,76.4374,0.0218521,0,0,0.00189387
0.515,0.735,8.00575,-11.7106,1.96173,74.9252,0.0218521,0,0,0.00189387
0.515,0.745,10.2175,-12.7046,1.96917,73.5739,0.0218521,0,0,0.00189387
0.515,0.755,13.5265,-13.4112,2.02989,73.8491,0.0218521,0,0,0.00189387
0.515,0.765,18.5519,-13.8946,2.1587,77.2621,0.0218521,0,0,0.00189387
0.515,0.775,26.2947,-14.2242,2.33623,84.663,0.0218521,0,0,0.00189387
0.515,0.785,38.1784,-14.4527,2.52202,96.0394,0.0218521,0,0,0.00189387
0.515,0.795,55.7735,-14.614,2.68334,109.899,0.0218521,0,0,0.00189387
0.515,0.805,80.3497,-14.7292,2.79743,123.517,0.0218521,0,0,0.00189387
0.515,0.815,111.963,-14.8116,2.855,133.167,0.0218521,0,0,0.00189387
0.515,0.825,148.608,-14.8702,2.85866,135.415,0.0218521,0,0,0.00189387
0.515,0.835,186.4,-14.9114,2.82031,129.166,0.0218521,0,0,0.00189387
0.515,0.845,221.343,-14.9396,2.75852,116.893,0.0218521,0,0,0.00189387
0.515,0.855,251.709,-14.9583,2.6945,103.51,0.0218521,0,0,0.00189387
0.515,0.865,278.909,-14.9705,2.64603,93.5188,0.0218521,0,0,0.00189387
0.515,0.875,306.065,-14.9782,2.6217,88.9439,0.0218521,0,0,0.00189387
0.515,0.885,335.826,-14.9833,2.62006,89.4589,0.0218521,0,0,0.00189387
0.515,0.895,369.28,-14.9867,2.63422,93.7121,0.0218521,0,0,0.00189387
0.515,0.905,406.196,-14.9893,2.6571,100.366,0.0218521,0,0,0.00189387
0.515,0.915,445.706,-14.9912,2.68376,108.454,0.0218521,0,0,0.00189387
0.515,0.925,486.828,-14.9928,2.71141,117.364,0.0218521,0,0,0.00189387
0.515,0.935,528.678,-14.9941,2.73864,126.717,0.0218521,0,0,0.00189387
0.515,0.945,570.521,-14.9952,2.76477,136.272,0.0218521,0,0,0.00189387
0.515,0.955,611.745,-14.9961,2.78953,145.863,0.0218521,0,0,0.00189387
0.515,0.965,651.833,-14.9968,2.81278,155.361,0.0218521,0,0,0.00189387
0.515,0.975,690.352,-14.9974,2.83446,164.658,0.0218521,0,0,0.00189387
0.515,0.985,726.935,-14.998,2.85456,173.661,0.0218521,0,0,0.00189387
0.515,0.995,761.288,-14.9984,2.87308,182.287,0.0218521,0,0,0.00189387
0.525,0.005,9.10962,5.90873,-3.53159,82.5756,0.0218521,0,0,0.00189387
0.525,0.015,9.07376,5.87343,-3.43055,81.2205,0.0218521,0,0,0.00189387
0.525,0.025,9.03823,5.83779,-3.32966,79.8759,0.0218521,0,0,0.00189387
0.525,0.035,9.00289,5.80186,-3.22898,78.5411,0.0218521,0,0,0.00189387
0.525,0.045,8.96772,5.76569,-3.1285,77.2167,0.0218521,0,0,0.00189387
0.525,0.055,8.9327,5.7293,-3.02822,75.9035,0.0218521,0,0,0.00189387
0.525,0.065,8.89781,5.69274,-2.92815,74.6019,0.0218521,0,0,0.00189387
0.525,0.075,8.86304,5.65604,-2.82827,73.3125,0.0218521,0,0,0.00189387
0.525,0.085,8.82836,5.61923,-2.7286,72.0361,0.0218521,0,0,0.00189387
0.525,0.095,8.79376,5.58234,-2.62911,70.7731,0.0218521,0,0,0.00189387
0.525,0.105,8.75923,5.5454,-2.52982,69.524,0.0218521,0,0,0.00189387
0.525,0.115,8.72477,5.50844,-2.43071,68.2896,0.0218521,0,0,0.00189387
0.525,0.125,8.69036,5.47147,-2.33179,67.0702,0.0218521,0,0,0.00189387
0.525,0.135,8.65601,5.43452,-2.23304,65.8664,0.0218521,0,0,0.00189387
0.525,0.145,8.62172,5.39761,-2.13446,64.6787,0.0218521,0,0,0.00189387
0.525,0.155,8.58749,5.36075,-2.03606,63.5076,0.0218521,0,0,0.00189387
0.525,0.165,8.55334,5.32396,-1.93782,62.3536,0.0218521,0,0,0.00189387
0.525,0.175,8.51928,5.28726,-1.83975,61.2171,0.0218521,0,0,0.00189387
0.525,0.185,8.48534,5.25065,-1.74186,60.0988,0.0218521,0,0,0.00189387
0.525,0.195,8.45154,5.21414,-1.64414,58.9991,0.0218521,0,0,0.00189387
0.525,0.205,8.41794,5.17774,-1.54662,57.9184,0.0218521,0,0,0.00189387
0.525,0.215,8.38457,5.14144,-1.44929,56.8575,0.0218521,0,0,0.00189387
0.525,0.225,8.3515,5.10525,-1.35218,55.817,0.0218521,0,0,0.00189387
0.525,0.235,8.31883,5.06917,-1.25532,54.7975,0.0218521,0,0,0.00189387
0.525,0.245,8.28664,5.03317,-1.15872,53.7999,0.0218521,0,0,0.00189387
0.525,0.255,8.25508,4.99726,-1.06245,52.8251,0.0218521,0,0,0.00189387
0.525,0.265,8.22429,4.96142,-0.966532,51.8743,0.0218521,0,0,0.00189387
0.525,0.275,8.19449,4.92561,-0.871047,50.9489,0.0218521,0,0,0.00189387
0.525,0.285,8.16592,4.88982,-0.776071,50.0505,0.0218521,0,0,0.00189387
0.525,0.295,8.1389,4.854,-0.681701,49.1812,0.0218521,0,0,0.00189387
0.525,0.305,8.11381,4.81812,-0.588063,48.3436,0.0218521,0,0,0.00189387
0.525,0.315,8.09116,4.78213,-0.495306,47.5407,0.0218521,0,0,0.00189387
0.525,0.325,8.07154,4.74595,-0.403621,46.7765,0.0218521,0,0,0.00189387
0.525,0.335,8.05571,4.70951,-0.313236,46.0556,0.0218521,0,0,0.00189387
0.525,0.345,8.04463,4.67272,-0.224435,45.384,0.0218521,0,0,0.00189387
0.525,0.355,8.03944,4.63546,-0.137561,44.7689,0.0218521,0,0,0.00189387
0.525,0.365,8.04168,4.59754,-0.0530212,44.2191,0.0218521,0,0,0.00189387
0.525,0.375,8.05938,4.55575,0.0290369,43.753,0.0218521,0,0,0.00189387
0.525,0.385,8.09037,4.51132,0.108103,43.3657,0.0218521,0,0,0.00189387
0.525,0.395,8.13434,4.46565,0.183175,43.0814,0.0218521,0,0,0.00189387
0.525,0.405,8.19443,4.41827,0.253446,42.9194,0.0218521,0,0,0.00189387
0.525,0.415,8.27362,4.36877,0.318167,42.8983,0.0218521,0,0,0.00189387
0.525,0.425,8.37496,4.31675,0.376632,43.0377,0.0218521,0,0,0.00189387
0.525,0.435,8.50142,4.26181,0.428267,43.3559,0.0218521,0,0,0.00189387
0.525,0.445,8.65551,4.2036,0.47275,43.8686,0.0218521,0,0,0.00189387
0.525,0.455,8.83889,4.14177,0.510102,44.5859,0.0218521,0,0,0.00189387
0.525,0.465,9.05216,4.07601,0.540732,45.5107,0.0218521,0,0,0.00189387
0.525,0.475,9.29462,4.00608,0.565432,46.6382,0.0218521,0,0,0.00189387
0.525,0.485,9.56443,3.93176,0.585256,47.9569,0.0218521,0,0,0.00189387
0.525,0.495,9.85893,3.85291,0.601358,49.4511,0.0218521,0,0,0.00189387
0.525,0.505,10.175,3.76937,0.614835,51.1043,0.0218521,0,0,0.00189387
0.525,0.515,10.5092,3.68094,0.626621,52.9007,0.0218521,0,0,0.00189387
0.525,0.525,10.858,3.58738,0.637448,54.8269,0.0218521,0,0,0.00189387
0.525,0.535,11.217,3.48842,0.647863,56.8706,0.0218521,0,0,0.00189387
0.525,0.545,11.58,3.38377,0.658276,59.0192,0.0218521,0,0,0.00189387
0.525,0.555,11.9357,3.27333,0.669007,61.256,0.0218521,0,0,0.00189387
0.525,0.565,12.2602,3.1573,0.680353,63.5564,0.0218521,0,0,0.00189387
0.525,0.575,12.5033,3.0358,0.692781,65.8806,0.0218521,0,0,0.00189387
0.525,0.585,12.5701,2.90703,0.707528,68.1671,0.0218521,0,0,0.00189387
0.525,0.595,12.3173,2.76251,0.727961,70.3305,0.0218521,0,0,0.00189387
0.525,0.605,11.5931,2.5805,0.761459,72.2587,0.0218521,0,0,0.00189387
0.525,0.615,10.3488,2.3198,0.820315,73.8343,0.0218521,0,0,0.00189387
0.525,0.625,8.76262,1.92179,0.919289,74.9768,0.0218521,0,0,0.00189387
0.525,0.635,7.20457,1.32495,1.06781,75.6946,0.0218521,0,0,0.00189387
0.525,0.645,5.99342,0.494302,1.25955,76.0813,0.0218521,0,0,0.00189387
0.525,0.655,5.22644,-0.546765,1.46802,76.2762,0.0218521,0,0,0.00189387
0.525,0.665,4.81834,-1.72689,1.65537,76.4373,0.0218521,0,0,0.00189387
0.525,0.675,4.64603,-2.98856,1.7973,76.6679,0.0218521,0,0,0.00189387
0.525,0.685,4.63409,-4.32319,1.88898,76.9742,0.0218521,0,0,0.00189387
0.525,0.695,4.75929,-5.75227,1.93887,77.2716,0.0218521,0,0,0.00189387
0.525,0.705,5.04724,-7.2856,1.95941,77.3805,0.0218521,0,0,0.00189387
0.525,0.715,5.57677,-8.87251,1.96021,77.0708,0.0218521,0,0,0.00189387
0.525,0.725,6.47603,-10.3874,1.94803,76.1226,0.0218521,0,0,0.00189387
0.525,0.735,7.9086,-11.6835,1.93409,74.6322,0.0218521,0,0,0.00189387
0.525,0.745,10.0879,-12.6799,1.94441,73.4095,0.0218521,0,0,0.00189387
0.525,0.755,13.3646,-13.389,2.01158,73.9255,0.0218521,0,0,0.00189387
0.525,0.765,18.3588,-13.8756,2.14792,77.6374,0.0218521,0,0,0.00189387
0.525,0.775,26.0671,-14.2089,2.33197,85.3342,0.0218521,0,0,0.00189387
0.525,0.785,37.9134,-14.4409,2.52241,97.0002,0.0218521,0,0,0.00189387
0.525,0.795,55.4803,-14.6052,2.68683,111.155,0.0218521,0,0,0.00189387
0.525,0.805,80.0612,-14.7228,2.80294,125.059,0.0218521,0,0,0.00189387
0.525,0.815,111.745,-14.8071,2.86163,134.938,0.0218521,0,0,0.00189387
0.525,0.825,148.544,-14.8671,2.86558,137.275,0.0218521,0,0,0.00189387
0.525,0.835,186.545,-14.9093,2.82678,130.908,0.0218521,0,0,0.00189387
0.525,0.845,221.678,-14.9383,2.76392,118.317,0.0218521,0,0,0.00189387
0.525,0.855,252.138,-14.9576,2.69846,104.514,0.0218521,0,0,0.00189387
0.525,0.865,279.316,-14.9701,2.64856,94.1324,0.0218521,0,0,0.00189387
0.525,0.875,306.377,-14.9781,2.6231,89.2753,0.0218521,0,0,0.00189387
0.525,0.885,336.028,-14.9832,2.62074,89.6215,0.0218521,0,0,0.00189387
0.525,0.895,369.395,-14.9867,2.63452,93.7865,0.0218521,0,0,0.00189387
0.525,0.905,406.255,-14.9893,2.65722,100.398,0.0218521,0,0,0.00189387
0.525,0.915,445.734,-14.9912,2.68381,108.467,0.0218521,0,0,0.00189387
0.525,0.925,486.84,-14.9928,2.71143,117.369,0.0218521,0,0,0.00189387
0.525,0.935,528.683,-14.9941,2.73864,126.719,0.0218521,0,0,0.00189387
0.525,0.945,570.523,-14.9952,2.76478,136.273,0.0218521,0,0,0.00189387
0.525,0.955,611.745,-14.9961,2.78953,145.864,0.0218521,0,0,0.00189387
0.525,0.965,651.834,-14.9968,2.81278,155.361,0.0218521,0,0,0.00189387
0.525,0.975,690.352,-14.9974,2.83446,164.658,0.0218521,0,0,0.00189387
0.525,0.985,726.935,-14.998,2.85456,173.661,0.0218521,0,0,0.00189387
0.525,0.995,761.288,-14.9984,2.87308,182.287,0.0218521,0,0,0.00189387
0.535,0.005,8.9995,5.97954,-3.51753,81.3139,0.0218521,0,0,0.00189387
0.535,0.015,8.96357,5.94463,-3.41652,79.9848,0.0218521,0,0,0.00189387
0.535,0.025,8.92804,5.90939,-3.31562,78.6669,0.0218521,0,0,0.00189387
0.535,0.035,8.89272,5.87386,-3.21492,77.3588,0.0218521,0,0,0.00189387
0.535,0.045,8.85758,5.8381,-3.11442,76.061,0.0218521,0,0,0.00189387
0.535,0.055,8.82261,5.80212,-3.01411,74.7742,0.0218521,0,0,0.00189387
0.535,0.065,8.78778,5.76598,-2.914,73.4989,0.0218521,0,0,0.00189387
0.535,0.075,8.75308,5.72969,-2.81408,72.2357,0.0218521,0,0,0.00189387
0.535,0.085,8.71849,5.69329,-2.71434,70.9852,0.0218521,0,0,0.00189387
0.535,0.095,8.684,5.65682,-2.6148,69.7479,0.0218521,0,0,0.00189387
0.535,0.105,8.6496,5.62028,-2.51543,68.5244,0.0218521,0,0,0.00189387
0.535,0.115,8.61528,5.58372,-2.41625,67.3151,0.0218521,0,0,0.00189387
0.535,0.125,8.58103,5.54714,-2.31724,66.1206,0.0218521,0,0,0.00189387
0.535,0.135,8.54686,5.51057,-2.2184,64.9414,0.0218521,0,0,0.00189387
0.535,0.145,8.51276,5.47403,-2.11973,63.7779,0.0218521,0,0,0.00189387
0.535,0.155,8.47875,5.43754,-2.02122,62.6307,0.0218521,0,0,0.00189387
0.535,0.165,8.44483,5.40111,-1.92288,61.5001,0.0218521,0,0,0.00189387
0.535,0.175,8.41102,5.36474,-1.82471,60.3868,0.0218521,0,0,0.00189387
0.535,0.185,8.37735,5.32846,-1.72672,59.2911,0.0218521,0,0,0.00189387
0.535,0.195,8.34384,5.29226,-1.6289,58.2136,0.0218521,0,0,0.00189387
0.535,0.205,8.31054,5.25615,-1.53128,57.1548,0.0218521,0,0,0.00189387
0.535,0.215,8.27749,5.22013,-1.43386,56.1153,0.0218521,0,0,0.00189387
0.535,0.225,8.24477,5.1842,-1.33666,55.0958,0.0218521,0,0,0.00189387
0.535,0.235,8.21247,5.14835,-1.23972,54.0968,0.0218521,0,0,0.00189387
0.535,0.245,8.18067,5.11257,-1.14306,53.1194,0.0218521,0,0,0.00189387
0.535,0.255,8.14953,5.07685,-1.04673,52.1645,0.0218521,0,0,0.00189387
0.535,0.265,8.11921,5.04118,-0.950783,51.2333,0.0218521,0,0,0.00189387
0.535,0.275,8.08991,5.00552,-0.855286,50.3272,0.0218521,0,0,0.00189387
0.535,0.285,8.0619,4.96985,-0.760323,49.448,0.0218521,0,0,0.00189387
0.535,0.295,8.03549,4.93413,-0.665999,48.5978,0.0218521,0,0,0.00189387
0.535,0.305,8.01111,4.89831,-0.572444,47.7792,0.0218521,0,0,0.00189387
0.535,0.315,7.98925,4.86235,-0.479817,46.9956,0.0218521,0,0,0.00189387
0.535,0.325,7.97054,4.82616,-0.388318,46.251,0.0218521,0,0,0.00189387
0.535,0.335,7.95578,4.78969,-0.298187,45.5504,0.0218521,0,0,0.00189387
0.535,0.345,7.94594,4.75281,-0.209724,44.8998,0.0218521,0,0,0.00189387
0.535,0.355,7.94225,4.71541,-0.12329,44.307,0.0218521,0,0,0.00189387
0.535,0.365,7.94662,4.67713,-0.0392793,43.7819,0.0218521,0,0,0.00189387
0.535,0.375,7.96748,4.63441,0.0421456,43.3406,0.0218521,0,0,0.00189387
0.535,0.385,8.00064,4.58966,0.12038,42.9811,0.0218521,0,0,0.00189387
0.535,0.395,8.04742,4.54352,0.194377,42.7287,0.0218521,0,0,0.00189387
0.535,0.405,8.11086,4.49556,0.263352,42.6023,0.0218521,0,0,0.00189387
0.535,0.415,8.19399,4.44537,0.326548,42.621,0.0218521,0,0,0.00189387
0.535,0.425,8.29988,4.39251,0.383266,42.8043,0.0218521,0,0,0.00189387
0.535,0.435,8.43148,4.33659,0.432961,43.1708,0.0218521,0,0,0.00189387
0.535,0.445,8.59119,4.27724,0.475368,43.7353,0.0218521,0,0,0.00189387
0.535,0.455,8.7805,4.21411,0.510587,44.5068,0.0218521,0,0,0.00189387
0.535,0.465,8.99975,4.1469,0.539124,45.4866,0.0218521,0,0,0.00189387
0.535,0.475,9.24799,4.07537,0.561854,46.6683,0.0218521,0,0,0.00189387
0.535,0.485,9.52322,3.99932,0.579887,48.0395,0.0218521,0,0,0.00189387
0.535,0.495,9.82269,3.91859,0.594395,49.5843,0.0218521,0,0,0.00189387
0.535,0.505,10.1433,3.83301,0.606462,51.2862,0.0218521,0,0,0.00189387
0.535,0.515,10.4816,3.74237,0.61699,53.1303,0.0218521,0,0,0.00189387
0.535,0.525,10.834,3.6464,0.626684,55.1035,0.0218521,0,0,0.00189387
0.535,0.535,11.1961,3.54482,0.636083,57.1936,0.0218521,0,0,0.00189387
0.535,0.545,11.561,3.43735,0.645605,59.3866,0.0218521,0,0,0.00189387
0.535,0.555,11.916,3.32393,0.655609,61.6636,0.0218521,0,0,0.00189387
0.535,0.565,12.2338,3.2048,0.66647,63.995,0.0218521,0,0,0.00189387
0.535,0.575,12.457,3.07995,0.678851,66.334,0.0218521,0,0,0.00189387
0.535,0.585,12.4801,2.94675,0.694426,68.6089,0.0218521,0,0,0.00189387
0.535,0.595,12.1503,2.79446,0.717422,70.7241,0.0218521,0,0,0.00189387
0.535,0.605,11.3242,2.59727,0.756539,72.5666,0.0218521,0,0,0.00189387
0.535,0.615,9.9932,2.3105,0.825226,74.0217,0.0218521,0,0,0.00189387
0.535,0.625,8.39217,1.8757,0.93758,75.0269,0.0218521,0,0,0.00189387
0.535,0.635,6.90476,1.23841,1.09947,75.6204,0.0218521,0,0,0.00189387
0.535,0.645,5.80188,0.378693,1.29902,75.92,0.0218521,0,0,0.00189387
0.535,0.655,5.12898,-0.665228,1.50561,76.0776,0.0218521,0,0,0.00189387
0.535,0.665,4.77918,-1.82152,1.68295,76.2431,0.0218521,0,0,0.00189387
0.535,0.675,4.63584,-3.04585,1.81174,76.4949,0.0218521,0,0,0.00189387
0.535,0.685,4.63269,-4.3432,1.89108,76.8129,0.0218521,0,0,0.00189387
0.535,0.695,4.75309,-5.74315,1.93085,77.0995,0.0218521,0,0,0.00189387
0.535,0.705,5.02677,-7.25864,1.94333,77.1765,0.0218521,0,0,0.00189387
0.535,0.715,5.53553,-8.83876,1.93786,76.8228,0.0218521,0,0,0.00189387
0.535,0.725,6.40958,-10.3541,1.92147,75.8428,0.0218521,0,0,0.00189387
0.535,0.735,7.81349,-11.653,1.90653,74.3822,0.0218521,0,0,0.00189387
0.535,0.745,9.96223,-12.6523,1.92016,73.3005,0.0218521,0,0,0.00189387
0.535,0.755,13.2093,-13.3647,1.99411,74.0666,0.0218521,0,0,0.00189387
0.535,0.765,18.1754,-13.8551,2.13801,78.0794,0.0218521,0,0,0.00189387
0.535,0.775,25.8528,-14.1926,2.32841,86.0695,0.0218521,0,0,0.00189387
0.535,0.785,37.6659,-14.4285,2.52334,98.0185,0.0218521,0,0,0.00189387
0.535,0.795,55.2092,-14.5961,2.69068,112.46,0.0218521,0,0,0.00189387
0.535,0.805,79.7984,-14.7162,2.80864,126.638,0.0218521,0,0,0.00189387
0.535,0.815,111.552,-14.8024,2.86832,136.729,0.0218521,0,0,0.00189387
0.535,0.825,148.5,-14.8639,2.87246,139.138,0.0218521,0,0,0.00189387
0.535,0.835,186.699,-14.9073,2.83315,132.638,0.0218521,0,0,0.00189387
0.535,0.845,222.01,-14.937,2.76919,119.721,0.0218521,0,0,0.00189387
0.535,0.855,252.556,-14.9569,2.70231,105.498,0.0218521,0,0,0.00189387
0.535,0.865,279.71,-14.9698,2.651,94.7303,0.0218521,0,0,0.00189387
0.535,0.875,306.677,-14.9779,2.62445,89.5963,0.0218521,0,0,0.00189387
0.535,0.885,336.22,-14.9831,2.62139,89.7779,0.0218521,0,0,0.00189387
0.535,0.895,369.504,-14.9867,2.6348,93.8576,0.0218521,0,0,0.00189387
0.535,0.905,406.31,-14.9893,2.65734,100.429,0.0218521,0,0,0.00189387
0.535,0.915,445.76,-14.9912,2.68385,108.48,0.0218521,0,0,0.00189387
0.535,0.925,486.852,-14.9928,2.71145,117.374,0.0218521,0,0,0.00189387
0.535,0.935,528.688,-14.9941,2.73865,126.721,0.0218521,0,0,0.00189387
0.535,0.945,570.525,-14.9952,2.76478,136.274,0.0218521,0,0,0.00189387
0.535,0.955,611.746,-14.9961,2.78953,145.864,0.0218521,0,0,0.00189387
0.535,0.965,651.834,-14.9968,2.81278,155.361,0.0218521,0,0,0.00189387
0.535,0.975,690.352,-14.9974,2.83446,164.658,0.0218521,0,0,0.00189387
0.535,0.985,726.935,-14.998,2.85456,173.661,0.0218521,0,0,0.00189387
0.535,0.995,761.288,-14.9984,2.87308,182.287,0.0218521,0,0,0.00189387
0.545,0.005,8.89185,6.05052,-3.50354,80.0839,0.0218521,0,0,0.00189387
0.545,0.015,8.85585,6.016,-3.40255,78.7799,0.0218521,0,0,0.00189387
0.545,0.025,8.82034,5.98115,-3.30164,77.4882,0.0218521,0,0,0.00189387
0.545,0.035,8.78505,5.94602,-3.20092,76.2061,0.0218521,0,0,0.00189387
0.545,0.045,8.74996,5.91066,-3.10039,74.9342,0.0218521,0,0,0.00189387
0.545,0.055,8.71504,5.87509,-3.00004,73.6732,0.0218521,0,0,0.00189387
0.545,0.065,8.68027,5.83935,-2.89988,72.4235,0.0218521,0,0,0.00189387
0.545,0.075,8.64565,5.80347,-2.79991,71.1857,0.0218521,0,0,0.00189387
0.545,0.085,8.61116,5.76747,-2.70011,69.9604,0.0218521,0,0,0.00189387
0.545,0.095,8.57678,5.73139,-2.6005,68.7481,0.0218521,0,0,0.00189387
0.545,0.105,8.5425,5.69526,-2.50106,67.5492,0.0218521,0,0,0.00189387
0.545,0.115,8.50832,5.65908,-2.4018,66.3644,0.0218521,0,0,0.00189387
0.545,0.125,8.47423,5.62288,-2.3027,65.194,0.0218521,0,0,0.00189387
0.545,0.135,8.44023,5.58669,-2.20377,64.0386,0.0218521,0,0,0.00189387
0.545,0.145,8.40632,5.55052,-2.105,62.8986,0.0218521,0,0,0.00189387
0.545,0.155,8.37251,5.51438,-2.0064,61.7745,0.0218521,0,0,0.00189387
0.545,0.165,8.33881,5.47828,-1.90796,60.6666,0.0218521,0,0,0.00189387
0.545,0.175,8.30523,5.44224,-1.80969,59.5756,0.0218521,0,0,0.00189387
0.545,0.185,8.27181,5.40627,-1.71159,58.5019,0.0218521,0,0,0.00189387
0.545,0.195,8.23856,5.37037,-1.61368,57.4459,0.0218521,0,0,0.00189387
0.545,0.205,8.20554,5.33454,-1.51596,56.4082,0.0218521,0,0,0.00189387
0.545,0.215,8.1728,5.29878,-1.41845,55.3893,0.0218521,0,0,0.00189387
0.545,0.225,8.14041,5.26309,-1.32117,54.3901,0.0218521,0,0,0.00189387
0.545,0.235,8.10845,5.22747,-1.22416,53.4111,0.0218521,0,0,0.00189387
0.545,0.245,8.07703,5.19189,-1.12744,52.4532,0.0218521,0,0,0.00189387
0.545,0.255,8.04629,5.15636,-1.03107,51.5175,0.0218521,0,0,0.00189387
0.545,0.265,8.01641,5.12084,-0.935093,50.6053,0.0218521,0,0,0.00189387
0.545,0.275,7.98759,5.08532,-0.839593,49.718,0.0218521,0,0,0.00189387
0.545,0.285,7.96012,5.04975,-0.744655,48.8574,0.0218521,0,0,0.00189387
0.545,0.295,7.93432,5.01411,-0.650389,48.0258,0.0218521,0,0,0.00189387
0.545,0.305,7.91062,4.97835,-0.556932,47.226,0.0218521,0,0,0.00189387
0.545,0.315,7.88955,4.9424,-0.464454,46.4613,0.0218521,0,0,0.00189387
0.545,0.325,7.87177,4.9062,-0.373161,45.7361,0.0218521,0,0,0.00189387
0.545,0.335,7.85809,4.86967,-0.283311,45.0556,0.0218521,0,0,0.00189387
0.545,0.345,7.84953,4.83269,-0.195216,44.4261,0.0218521,0,0,0.00189387
0.545,0.355,7.84739,4.79512,-0.109256,43.8556,0.0218521,0,0,0.00189387
0.545,0.365,7.8542,4.75632,-0.0257996,43.3558,0.0218521,0,0,0.00189387
0.545,0.375,7.87788,4.7128,0.054937,42.939,0.0218521,0,0,0.00189387
0.545,0.385,7.91339,4.66769,0.132254,42.6085,0.0218521,0,0,0.00189387
0.545,0.395,7.96312,4.62105,0.205103,42.3889,0.0218521,0,0,0.00189387
0.545,0.405,8.03009,4.57246,0.272697,42.2993,0.0218521,0,0,0.00189387
0.545,0.415,8.11737,4.52152,0.334275,42.3591,0.0218521,0,0,0.00189387
0.545,0.425,8.22805,4.46777,0.389147,42.5883,0.0218521,0,0,0.00189387
0.545,0.435,8.36505,4.4108,0.436806,43.0049,0.0218521,0,0,0.00189387
0.545,0.445,8.53063,4.35024,0.477048,43.6231,0.0218521,0,0,0.00189387
0.545,0.455,8.72611,4.28572,0.510058,44.4506,0.0218521,0,0,0.00189387
0.545,0.465,8.95157,4.21696,0.53644,45.4873,0.0218521,0,0,0.00189387
0.545,0.475,9.20585,4.14372,0.55715,46.7254,0.0218521,0,0,0.00189387
0.545,0.485,9.48679,4.06581,0.573342,48.1516,0.0218521,0,0,0.00189387
0.545,0.495,9.7916,3.98306,0.586199,49.7501,0.0218521,0,0,0.00189387
0.545,0.505,10.1172,3.89528,0.596785,51.5047,0.0218521,0,0,0.00189387
0.545,0.515,10.4602,3.80223,0.605979,53.4011,0.0218521,0,0,0.00189387
0.545,0.525,10.8169,3.70364,0.614468,55.4266,0.0218521,0,0,0.00189387
0.545,0.535,11.1825,3.5992,0.622794,57.5681,0.0218521,0,0,0.00189387
0.545,0.545,11.5496,3.48867,0.631405,59.8101,0.0218521,0,0,0.00189387
0.545,0.555,11.9035,3.37204,0.640715,62.1298,0.0218521,0,0,0.00189387
0.545,0.565,12.2128,3.24959,0.651212,64.4921,0.0218521,0,0,0.00189387
0.545,0.575,12.412,3.12106,0.663807,66.8415,0.0218521,0,0,0.00189387
0.545,0.585,12.3834,2.98272,0.680722,69.0958,0.0218521,0,0,0.00189387
0.545,0.595,11.9669,2.821,0.707198,71.1516,0.0218521,0,0,0.00189387
0.545,0.605,11.0336,2.60579,0.753339,72.8965,0.0218521,0,0,0.00189387
0.545,0.615,9.62445,2.28971,0.833408,74.2211,0.0218521,0,0,0.00189387
0.545,0.625,8.02881,1.8162,0.960041,75.086,0.0218521,0,0,0.00189387
0.545,0.635,6.62716,1.14004,1.13478,75.5608,0.0218521,0,0,0.00189387
0.545,0.645,5.63401,0.257174,1.34019,75.7847,0.0218521,0,0,0.00189387
0.545,0.655,5.0488,-0.782139,1.54251,75.9195,0.0218521,0,0,0.00189387
0.545,0.665,4.7505,-1.90974,1.70857,76.0973,0.0218521,0,0,0.00189387
0.545,0.675,4.63128,-3.09534,1.82413,76.3709,0.0218521,0,0,0.00189387
0.545,0.685,4.63399,-4.35604,1.89162,76.6965,0.0218521,0,0,0.00189387
0.545,0.695,4.748,-5.72805,1.92177,76.967,0.0218521,0,0,0.00189387
0.545,0.705,5.00674,-7.22676,1.92656,77.0074,0.0218521,0,0,0.00189387
0.545,0.715,5.49473,-8.80081,1.91506,76.6068,0.0218521,0,0,0.00189387
0.545,0.725,6.34417,-10.3171,1.89467,75.5967,0.0218521,0,0,0.00189387
0.545,0.735,7.72058,-11.6192,1.87909,74.1751,0.0218521,0,0,0.00189387
0.545,0.745,9.84058,-12.622,1.89651,73.2477,0.0218521,0,0,0.00189387
0.545,0.755,13.0605,-13.3382,1.97753,74.2731,0.0218521,0,0,0.00189387
0.545,0.765,18.0014,-13.8333,2.129,78.5881,0.0218521,0,0,0.00189387
0.545,0.775,25.6515,-14.1755,2.32559,86.8684,0.0218521,0,0,0.00189387
0.545,0.785,37.4355,-14.4156,2.52481,99.0936,0.0218521,0,0,0.00189387
0.545,0.795,54.9598,-14.5866,2.69488,113.813,0.0218521,0,0,0.00189387
0.545,0.805,79.5608,-14.7093,2.81453,128.251,0.0218521,0,0,0.00189387
0.545,0.815,111.385,-14.7976,2.87505,138.537,0.0218521,0,0,0.00189387
0.545,0.825,148.475,-14.8607,2.87929,140.999,0.0218521,0,0,0.00189387
0.545,0.835,186.863,-14.9051,2.8394,134.352,0.0218521,0,0,0.00189387
0.545,0.845,222.34,-14.9358,2.77432,121.101,0.0218521,0,0,0.00189387
0.545,0.855,252.963,-14.9562,2.70604,106.458,0.0218521,0,0,0.00189387
0.545,0.865,280.089,-14.9694,2.65336,95.3097,0.0218521,0,0,0.00189387
0.545,0.875,306.963,-14.9777,2.62574,89.905,0.0218521,0,0,0.00189387
0.545,0.885,336.403,-14.9831,2.62201,89.9273,0.0218521,0,0,0.00189387
0.545,0.895,369.607,-14.9867,2.63507,93.925,0.0218521,0,0,0.00189387
0.545,0.905,406.362,-14.9892,2.65744,100.458,0.0218521,0,0,0.00189387
0.545,0.915,445.784,-14.9912,2.6839,108.492,0.0218521,0,0,0.00189387
0.545,0.925,486.862,-14.9928,2.71146,117.379,0.0218521,0,0,0.00189387
0.545,0.935,528.693,-14.9941,2.73865,126.723,0.0218521,0,0,0.00189387
0.545,0.945,570.527,-14.9952,2.76478,136.275,0.0218521,0,0,0.00189387
0.545,0.955,611.747,-14.9961,2.78953,145.864,0.0218521,0,0,0.00189387
0.545,0.965,651.834,-14.9968,2.81278,155.361,0.0218521,0,0,0.00189387
0.545,0.975,690.352,-14.9974,2.83446,164.658,0.0218521,0,0,0.00189387
0.545,0.985,726.935,-14.998,2.85456,173.661,0.0218521,0,0,0.00189387
0.545,0.995,761.288,-14.9984,2.87308,182.287,0.0218521,0,0,0.00189387
0.555,0.005,8.7866,6.12167,-3.48959,78.8846,0.0238444,0.0306591,0,0.00213994
0.555,0.015,8.75052,6.08753,-3.38863,77.6049,0.0238444,0.0306591,0,0.00213994
0.555,0.025,8.71504,6.05307,-3.2877,76.3386,0.0238444,0.0306591,0,0.00213994
0.555,0.035,8.67979,6.01833,-3.18695,75.0819,0.0238444,0.0306591,0,0.00213994
0.555,0.045,8.64475,5.98336,-3.08639,73.8352,0.0238444,0.0306591,0,0.00213994
0.555,0.055,8.60989,5.94818,-2.986,72.5992,0.0238444,0.0306591,0,0.00213994
0.555,0.065,8.5752,5.91284,-2.88579,71.3744,0.0238444,0.0306591,0,0.00213994
0.555,0.075,8.54066,5.87736,-2.78576,70.1614,0.0238444,0.0306591,0,0.00213994
0.555,0.085,8.50626,5.84176,-2.6859,68.9605,0.0238444,0.0306591,0,0.00213994
0.555,0.095,8.47199,5.80607,-2.58622,67.7724,0.0238444,0.0306591,0,0.00213994
0.555,0.105,8.43784,5.77031,-2.4867,66.5976,0.0238444,0.0306591,0,0.00213994
0.555,0.115,8.40379,5.73452,-2.38736,65.4364,0.0238444,0.0306591,0,0.00213994
0.555,0.125,8.36985,5.69869,-2.28817,64.2894,0.0238444,0.0306591,0,0.00213994
0.555,0.135,8.33601,5.66286,-2.18915,63.157,0.0238444,0.0306591,0,0.00213994
0.555,0.145,8.30228,5.62704,-2.09029,62.0397,0.0238444,0.0306591,0,0.00213994
0.555,0.155,8.26866,5.59124,-1.99159,60.9379,0.0238444,0.0306591,0,0.00213994
0.555,0.165,8.23516,5.55547,-1.89305,59.8521,0.0238444,0.0306591,0,0.00213994
0.555,0.175,8.2018,5.51975,-1.79468,58.7826,0.0238444,0.0306591,0,0.00213994
0.555,0.185,8.16861,5.48407,-1.69649,57.73,0.0238444,0.0306591,0,0.00213994
0.555,0.195,8.13561,5.44846,-1.59848,56.6948,0.0238444,0.0306591,0,0.00213994
0.555,0.205,8.10285,5.41289,-1.50066,55.6775,0.0238444,0.0306591,0,0.00213994
0.555,0.215,8.07039,5.37739,-1.40307,54.6787,0.0238444,0.0306591,0,0.00213994
0.555,0.225,8.0383,5.34193,-1.30572,53.699,0.0238444,0.0306591,0,0.00213994
0.555,0.235,8.00666,5.30652,-1.20864,52.7393,0.0238444,0.0306591,0,0.00213994
0.555,0.245,7.9756,5.27113,-1.11187,51.8004,0.0238444,0.0306591,0,0.00213994
0.555,0.255,7.94524,5.23577,-1.01546,50.8834,0.0238444,0.0306591,0,0.00213994
0.555,0.265,7.91578,5.2004,-0.919466,49.9896,0.0238444,0.0306591,0,0.00213994
0.555,0.275,7.88744,5.16499,-0.823974,49.1205,0.0238444,0.0306591,0,0.00213994
0.555,0.285,7.86049,5.12953,-0.729072,48.2782,0.0238444,0.0306591,0,0.00213994
0.555,0.295,7.83529,5.09396,-0.634877,47.4648,0.0238444,0.0306591,0,0.00213994
0.555,0.305,7.81228,5.05823,-0.541535,46.6834,0.0238444,0.0306591,0,0.00213994
0.555,0.315,7.792,5.02229,-0.449222,45.9374,0.0238444,0.0306591,0,0.00213994
0.555,0.325,7.77515,4.98606,-0.358159,45.2314,0.0238444,0.0306591,0,0.00213994
0.555,0.335,7.76257,4.94945,-0.268615,44.5709,0.0238444,0.0306591,0,0.00213994
0.555,0.345,7.75533,4.91234,-0.18092,43.9625,0.0238444,0.0306591,0,0.00213994
0.555,0.355,7.75477,4.87459,-0.0954719,43.4146,0.0238444,0.0306591,0,0.00213994
0.555,0.365,7.76433,4.83511,-0.0126055,42.9403,0.0238444,0.0306591,0,0.00213994
0.555,0.375,7.79062,4.79091,0.0673835,42.5485,0.0238444,0.0306591,0,0.00213994
0.555,0.385,7.82863,4.74539,0.1437,42.248,0.0238444,0.0306591,0,0.00213994
0.555,0.395,7.88147,4.6982,0.215317,42.0623,0.0238444,0.0306591,0,0.00213994
0.555,0.405,7.95216,4.64895,0.28144,42.0108,0.0238444,0.0306591,0,0.00213994
0.555,0.415,8.04381,4.59719,0.3413,42.1135,0.0238444,0.0306591,0,0.00213994
0.555,0.425,8.15955,4.54249,0.39422,42.3904,0.0238444,0.0306591,0,0.00213994
0.555,0.435,8.30222,4.48439,0.439738,42.8592,0.0238444,0.0306591,0,0.00213994
0.555,0.445,8.47397,4.42252,0.47772,43.5332,0.0238444,0.0306591,0,0.00213994
0.555,0.455,8.67589,4.35653,0.508441,44.4189,0.0238444,0.0306591,0,0.00213994
0.555,0.465,8.90785,4.28611,0.532599,45.5148,0.0238444,0.0306591,0,0.00213994
0.555,0.475,9.16848,4.21105,0.551223,46.812,0.0238444,0.0306591,0,0.00213994
0.555,0.485,9.45553,4.13114,0.565508,48.2965,0.0238444,0.0306591,0,0.00213994
0.555,0.495,9.76617,4.04619,0.576636,49.9526,0.0238444,0.0306591,0,0.00213994
0.555,0.505,10.0973,3.95601,0.585657,51.7649,0.0238444,0.0306591,0,0.00213994
0.555,0.515,10.4456,3.86034,0.593431,53.7192,0.0238444,0.0306591,0,0.00213994
0.555,0.525,10.8072,3.75888,0.600642,55.8027,0.0238444,0.0306591,0,0.00213994
0.555,0.535,11.1769,3.65134,0.607855,58.001,0.0238444,0.0306591,0,0.00213994
0.555,0.545,11.5463,3.5375,0.615562,60.2959,0.0238444,0.0306591,0,0.00213994
0.555,0.555,11.8985,3.41742,0.624255,62.6602,0.0238444,0.0306591,0,0.00213994
0.555,0.565,12.1971,3.29139,0.634571,65.0515,0.0238444,0.0306591,0,0.00213994
0.555,0.575,12.3668,3.15879,0.647736,67.4046,0.0238444,0.0306591,0,0.00213994
0.555,0.585,12.2773,3.0144,0.666637,69.6273,0.0238444,0.0306591,0,0.00213994
0.555,0.595,11.7636,2.84117,0.697698,71.6116,0.0238444,0.0306591,0,0.00213994
0.555,0.605,10.72,2.60477,0.752449,73.2462,0.0238444,0.0306591,0,0.00213994
0.555,0.615,9.24564,2.25624,0.845434,74.4306,0.0238444,0.0306591,0,0.00213994
0.555,0.625,7.67729,1.74291,0.98693,75.1545,0.0238444,0.0306591,0,0.00213994
0.555,0.635,6.37396,1.03072,1.17348,75.5183,0.0238444,0.0306591,0,0.00213994
0.555,0.645,5.4894,0.131493,1.38254,75.6794,0.0238444,0.0306591,0,0.00213994
0.555,0.655,4.98467,-0.896012,1.57827,75.8048,0.0238444,0.0306591,0,0.00213994
0.555,0.665,4.73117,-1.99095,1.73206,76.0009,0.0238444,0.0306591,0,0.00213994
0.555,0.675,4.63161,-3.13706,1.83451,76.2951,0.0238444,0.0306591,0,0.00213994
0.555,0.685,4.6376,-4.362,1.89068,76.6236,0.0238444,0.0306591,0,0.00213994
0.555,0.695,4.74388,-5.70727,1.91171,76.8721,0.0238444,0.0306591,0,0.00213994
0.555,0.705,4.98715,-7.19015,1.90914,76.8708,0.0238444,0.0306591,0,0.00213994
0.555,0.715,5.4545,-8.75876,1.89181,76.4205,0.0238444,0.0306591,0,0.00213994
0.555,0.725,6.27994,-10.2763,1.86766,75.3832,0.0238444,0.0306591,0,0.00213994
0.555,0.735,7.62998,-11.582,1.85186,74.0113,0.0238444,0.0306591,0,0.00213994
0.555,0.745,9.72303,-12.5887,1.87357,73.2523,0.0238444,0.0306591,0,0.00213994
0.555,0.755,12.9181,-13.3096,1.96194,74.5459,0.0238444,0.0306591,0,0.00213994
0.555,0.765,17.8365,-13.81,2.12096,79.1635,0.0238444,0.0306591,0,0.00213994
0.555,0.775,25.4626,-14.1575,2.32353,87.7301,0.0238444,0.0306591,0,0.00213994
0.555,0.785,37.2214,-14.4022,2.52684,100.224,0.0238444,0.0306591,0,0.00213994
0.555,0.795,54.7314,-14.5768,2.69945,115.213,0.0238444,0.0306591,0,0.00213994
0.555,0.805,79.3481,-14.7024,2.82062,129.897,0.0238444,0.0306591,0,0.00213994
0.555,0.815,111.244,-14.7927,2.88183,140.359,0.0238444,0.0306591,0,0.00213994
0.555,0.825,148.471,-14.8574,2.88606,142.854,0.0238444,0.0306591,0,0.00213994
0.555,0.835,187.036,-14.903,2.84552,136.043,0.0238444,0.0306591,0,0.00213994
0.555,0.845,222.666,-14.9345,2.77931,122.451,0.0238444,0.0306591,0,0.00213994
0.555,0.855,253.357,-14.9555,2.70963,107.391,0.0238444,0.0306591,0,0.00213994
0.555,0.865,280.451,-14.969,2.65561,95.8679,0.0238444,0.0306591,0,0.00213994
0.555,0.875,307.234,-14.9776,2.62696,90.2002,0.0238444,0.0306591,0,0.00213994
0.555,0.885,336.576,-14.983,2.6226,90.069,0.0238444,0.0306591,0,0.00213994
0.555,0.895,369.703,-14.9866,2.63532,93.9884,0.0238444,0.0306591,0,0.00213994
0.555,0.905,406.411,-14.9892,2.65755,100.485,0.0238444,0.0306591,0,0.00213994
0.555,0.915,445.807,-14.9912,2.68393,108.503,0.0238444,0.0306591,0,0.00213994
0.555,0.925,486.872,-14.9928,2.71148,117.383,0.0238444,0.0306591,0,0.00213994
0.555,0.935,528.697,-14.9941,2.73866,126.724,0.0238444,0.0306591,0,0.00213994
0.555,0.945,570.529,-14.9952,2.76478,136.275,0.0238444,0.0306591,0,0.00213994
0.555,0.955,611.747,-14.9961,2.78953,145.865,0.0238444,0.0306591,0,0.00213994
0.555,0.965,651.834,-14.9968,2.81278,155.362,0.0238444,0.0306591,0,0.00213994
0.555,0.975,690.352,-14.9974,2.83446,164.658,0.0238444,0.0306591,0,0.00213994
0.555,0.985,726.935,-14.998,2.85456,173.661,0.0238444,0.0306591,0,0.00213994
0.555,0.995,761.288,-14.9984,2.87308,182.287,0.0238444,0.0306591,0,0.00213994
0.565,0.005,8.68364,6.19298,-3.47569,77.7146,0.0280368,0.089011,0,0.0026846
0.565,0.015,8.64749,6.15921,-3.37476,76.4583,0.0280368,0.089011,0,0.0026846
0.565,0.025,8.61205,6.12513,-3.27381,75.2169,0.0280368,0.089011,0,0.0026846
0.565,0.035,8.57685,6.09077,-3.17302,73.9848,0.0280368,0.089011,0,0.0026846
0.565,0.045,8.54187,6.05619,-3.07242,72.7627,0.0280368,0.089011,0,0.0026846
0.565,0.055,8.50707,6.0214,-2.97198,71.5511,0.0280368,0.089011,0,0.0026846
0.565,0.065,8.47246,5.98645,-2.87172,70.3505,0.0280368,0.089011,0,0.0026846
0.565,0.075,8.43801,5.95135,-2.77163,69.1615,0.0280368,0.089011,0,0.0026846
0.565,0.085,8.4037,5.91613,-2.67171,67.9844,0.0280368,0.089011,0,0.0026846
0.565,0.095,8.36954,5.88083,-2.57195,66.8198,0.0280368,0.089011,0,0.0026846
0.565,0.105,8.3355,5.84545,-2.47236,65.6682,0.0280368,0.089011,0,0.0026846
0.565,0.115,8.30158,5.81002,-2.37292,64.53,0.0280368,0.089011,0,0.0026846
0.565,0.125,8.26778,5.77455,-2.27365,63.4057,0.0280368,0.089011,0,0.0026846
0.565,0.135,8.2341,5.73907,-2.17454,62.2956,0.0280368,0.089011,0,0.0026846
0.565,0.145,8.20053,5.70359,-2.07558,61.2003,0.0280368,0.089011,0,0.0026846
0.565,0.155,8.16708,5.66812,-1.97678,60.1201,0.0280368,0.089011,0,0.0026846
0.565,0.165,8.13377,5.63267,-1.87815,59.0555,0.0280368,0.089011,0,0.0026846
0.565,0.175,8.10062,5.59724,-1.77968,58.0069,0.0280368,0.089011,0,0.0026846
0.565,0.185,8.06764,5.56186,-1.68139,56.9748,0.0280368,0.089011,0,0.0026846
0.565,0.195,8.03487,5.52651,-1.58329,55.9597,0.0280368,0.089011,0,0.0026846
0.565,0.205,8.00236,5.49121,-1.48539,54.9621,0.0280368,0.089011,0,0.0026846
0.565,0.215,7.97016,5.45594,-1.38772,53.9826,0.0280368,0.089011,0,0.0026846
0.565,0.225,7.93835,5.4207,-1.2903,53.0219,0.0280368,0.089011,0,0.0026846
0.565,0.235,7.90702,5.38549,-1.19316,52.0809,0.0280368,0.089011,0,0.0026846
0.565,0.245,7.87629,5.35028,-1.09634,51.1604,0.0280368,0.089011,0,0.0026846
0.565,0.255,7.8463,5.31507,-0.999902,50.2615,0.0280368,0.089011,0,0.0026846
0.565,0.265,7.81725,5.27984,-0.903905,49.3856,0.0280368,0.089011,0,0.0026846
0.565,0.275,7.78936,5.24454,-0.80843,48.5344,0.0280368,0.089011,0,0.0026846
0.565,0.285,7.76293,5.20916,-0.713577,47.7098,0.0280368,0.089011,0,0.0026846
0.565,0.295,7.73832,5.17364,-0.619469,46.9143,0.0280368,0.089011,0,0.0026846
0.565,0.305,7.716,5.13794,-0.526257,46.1509,0.0280368,0.089011,0,0.0026846
0.565,0.315,7.69652,5.10199,-0.43413,45.4235,0.0280368,0.089011,0,0.0026846
0.565,0.325,7.68062,5.06571,-0.343319,44.7366,0.0280368,0.089011,0,0.0026846
0.565,0.335,7.66917,5.02901,-0.25411,44.096,0.0280368,0.089011,0,0.0026846
0.565,0.345,7.66328,4.99177,-0.166849,43.5087,0.0280368,0.089011,0,0.0026846
0.565,0.355,7.66436,4.95381,-0.0819541,42.9836,0.0280368,0.089011,0,0.0026846
0.565,0.365,7.67696,4.91349,0.00027717,42.5355,0.0280368,0.089011,0,0.0026846
0.565,0.375,7.70568,4.86872,0.0794551,42.1695,0.0280368,0.089011,0,0.0026846
0.565,0.385,7.74637,4.82273,0.154688,41.8998,0.0280368,0.089011,0,0.0026846
0.565,0.395,7.80248,4.77497,0.224984,41.7493,0.0280368,0.089011,0,0.0026846
0.565,0.405,7.8771,4.72499,0.289535,41.7375,0.0280368,0.089011,0,0.0026846
0.565,0.415,7.97339,4.67236,0.347567,41.8849,0.0280368,0.089011,0,0.0026846
0.565,0.425,8.09447,4.61662,0.398424,42.2115,0.0280368,0.089011,0,0.0026846
0.565,0.435,8.24312,4.55732,0.44169,42.7348,0.0280368,0.089011,0,0.0026846
0.565,0.445,8.42135,4.49405,0.477308,43.4672,0.0280368,0.089011,0,0.0026846
0.565,0.455,8.63005,4.42646,0.505646,44.4138,0.0280368,0.089011,0,0.0026846
0.565,0.465,8.86886,4.35427,0.527497,45.5718,0.0280368,0.089011,0,0.0026846
0.565,0.475,9.13627,4.27723,0.543956,46.9314,0.0280368,0.089011,0,0.0026846
0.565,0.485,9.42992,4.19515,0.556246,48.4784,0.0280368,0.089011,0,0.0026846
0.565,0.495,9.747,4.10782,0.565552,50.1972,0.0280368,0.089011,0,0.0026846
0.565,0.505,10.0844,4.01501,0.57291,52.0729,0.0280368,0.089011,0,0.0026846
0.565,0.515,10.4387,3.91647,0.579175,54.0914,0.0280368,0.089011,0,0.0026846
0.565,0.525,10.8059,3.81188,0.585048,56.239,0.0280368,0.089011,0,0.0026846
0.565,0.535,11.1801,3.70096,0.591129,58.4993,0.0280368,0.089011,0,0.0026846
0.565,0.545,11.5517,3.58355,0.597977,60.8505,0.0280368,0.089011,0,0.0026846
0.565,0.555,11.9012,3.45979,0.606187,63.2597,0.0280368,0.089011,0,0.0026846
0.565,0.565,12.1859,3.32992,0.616582,65.6759,0.0280368,0.089011,0,0.0026846
0.565,0.575,12.3193,3.19275,0.630785,68.0236,0.0280368,0.089011,0,0.0026846
0.565,0.585,12.1582,3.04111,0.65248,70.2017,0.0280368,0.089011,0,0.0026846
0.565,0.595,11.5369,2.85381,0.689444,72.1018,0.0280368,0.089011,0,0.0026846
0.565,0.605,10.3831,2.5928,0.754532,73.6127,0.0280368,0.089011,0,0.0026846
0.565,0.615,8.86103,2.20904,0.861862,74.6475,0.0280368,0.089011,0,0.0026846
0.565,0.625,7.34227,1.65577,1.0184,75.2319,0.0280368,0.089011,0,0.0026846
0.565,0.635,6.14667,0.91172,1.2152,75.4951,0.0280368,0.089011,0,0.0026846
0.565,0.645,5.36746,0.00354495,1.42543,75.6078,0.0280368,0.089011,0,0.0026846
0.565,0.655,4.93516,-1.00551,1.61242,75.7347,0.0280368,0.089011,0,0.0026846
0.565,0.665,4.72006,-2.06468,1.75328,75.9538,0.0280368,0.089011,0,0.0026846
0.565,0.675,4.63614,-3.17112,1.84292,76.2665,0.0280368,0.089011,0,0.0026846
0.565,0.685,4.64315,-4.36137,1.88832,76.592,0.0280368,0.089011,0,0.0026846
0.565,0.695,4.74059,-5.6811,1.9007,76.8123,0.0280368,0.089011,0,0.0026846
0.565,0.705,4.96803,-7.14903,1.89107,76.764,0.0280368,0.089011,0,0.0026846
0.565,0.715,5.41492,-8.71266,1.8681,76.2615,0.0280368,0.089011,0,0.0026846
0.565,0.725,6.21703,-10.2317,1.84045,75.2012,0.0280368,0.089011,0,0.0026846
0.565,0.735,7.54182,-11.5412,1.82491,73.8916,0.0280368,0.089011,0,0.0026846
0.565,0.745,9.60964,-12.5526,1.85142,73.3158,0.0280368,0.089011,0,0.0026846
0.565,0.755,12.7821,-13.2789,1.9474,74.8858,0.0280368,0.089011,0,0.0026846
0.565,0.765,17.6804,-13.7853,2.11392,79.8057,0.0280368,0.089011,0,0.0026846
0.565,0.775,25.2856,-14.1386,2.32226,88.6541,0.0280368,0.089011,0,0.0026846
0.565,0.785,37.023,-14.3882,2.52944,101.41,0.0280368,0.089011,0,0.0026846
0.565,0.795,54.5233,-14.5668,2.70439,116.656,0.0280368,0.089011,0,0.0026846
0.565,0.805,79.1596,-14.6953,2.82689,131.573,0.0280368,0.089011,0,0.0026846
0.565,0.815,111.127,-14.7878,2.88865,142.191,0.0280368,0.089011,0,0.0026846
0.565,0.825,148.486,-14.8541,2.89275,144.697,0.0280368,0.089011,0,0.0026846
0.565,0.835,187.217,-14.9009,2.85149,137.707,0.0280368,0.089011,0,0.0026846
0.565,0.845,222.988,-14.9332,2.78413,123.767,0.0280368,0.089011,0,0.0026846
0.565,0.855,253.736,-14.9547,2.71307,108.292,0.0280368,0.089011,0,0.0026846
0.565,0.865,280.796,-14.9686,2.65776,96.4029,0.0280368,0.089011,0,0.0026846
0.565,0.875,307.49,-14.9774,2.62812,90.4805,0.0280368,0.089011,0,0.0026846
0.565,0.885,336.737,-14.9829,2.62315,90.2024,0.0280368,0.089011,0,0.0026846
0.565,0.895,369.792,-14.9866,2.63556,94.0476,0.0280368,0.089011,0,0.0026846
0.565,0.905,406.455,-14.9892,2.65764,100.509,0.0280368,0.089011,0,0.0026846
0.565,0.915,445.828,-14.9912,2.68397,108.513,0.0280368,0.089011,0,0.0026846
0.565,0.925,486.881,-14.9928,2.71149,117.387,0.0280368,0.089011,0,0.0026846
0.565,0.935,528.7,-14.9941,2.73866,126.726,0.0280368,0.089011,0,0.0026846
0.565,0.945,570.53,-14.9952,2.76478,136.276,0.0280368,0.089011,0,0.0026846
0.565,0.955,611.748,-14.9961,2.78953,145.865,0.0280368,0.089011,0,0.0026846
0.565,0.965,651.834,-14.9968,2.81278,155.362,0.0280368,0.089011,0,0.0026846
0.565,0.975,690.352,-14.9974,2.83446,164.658,0.0280368,0.089011,0,0.0026846
0.565,0.985,726.935,-14.998,2.85456,173.661,0.0280368,0.089011,0,0.0026846
0.565,0.995,761.288,-14.9984,2.87308,182.287,0.0280368,0.089011,0,0.0026846
0.575,0.005,8.58291,6.26443,-3.46182,76.5728,0.0327992,0.147363,0,0.00334402
0.575,0.015,8.54666,6.23103,-3.36092,75.3392,0.0327992,0.147363,0,0.00334402
0.575,0.025,8.51128,6.19732,-3.25994,74.1218,0.0327992,0.147363,0,0.00334402
0.575,0.035,8.47614,6.16334,-3.15912,72.9138,0.0327992,0.147363,0,0.00334402
0.575,0.045,8.44122,6.12914,-3.05847,71.7157,0.0327992,0.147363,0,0.00334402
0.575,0.055,8.40649,6.09473,-2.95798,70.5278,0.0327992,0.147363,0,0.00334402
0.575,0.065,8.37196,6.06016,-2.85766,69.3507,0.0327992,0.147363,0,0.00334402
0.575,0.075,8.33759,6.02543,-2.75751,68.1849,0.0327992,0.147363,0,0.00334402
0.575,0.085,8.30338,5.99059,-2.65752,67.031,0.0327992,0.147363,0,0.00334402
0.575,0.095,8.26932,5.95565,-2.55769,65.8892,0.0327992,0.147363,0,0.00334402
0.575,0.105,8.23539,5.92064,-2.45802,64.7601,0.0327992,0.147363,0,0.00334402
0.575,0.115,8.2016,5.88556,-2.3585,63.6442,0.0327992,0.147363,0,0.00334402
0.575,0.125,8.16793,5.85045,-2.25914,62.5418,0.0327992,0.147363,0,0.00334402
0.575,0.135,8.13439,5.81531,-2.15993,61.4533,0.0327992,0.147363,0,0.00334402
0.575,0.145,8.10097,5.78015,-2.06088,60.3792,0.0327992,0.147363,0,0.00334402
0.575,0.155,8.06769,5.745,-1.96199,59.32,0.0327992,0.147363,0,0.00334402
0.575,0.165,8.03455,5.70985,-1.86326,58.2759,0.0327992,0.147363,0,0.00334402
0.575,0.175,8.00158,5.67472,-1.7647,57.2475,0.0327992,0.147363,0,0.00334402
0.575,0.185,7.9688,5.63961,-1.66632,56.2352,0.0327992,0.147363,0,0.00334402
0.575,0.195,7.93624,5.60452,-1.56813,55.2395,0.0327992,0.147363,0,0.00334402
0.575,0.205,7.90396,5.56946,-1.47015,54.261,0.0327992,0.147363,0,0.00334402
0.575,0.215,7.87201,5.53442,-1.3724,53.3003,0.0327992,0.147363,0,0.00334402
0.575,0.225,7.84046,5.49939,-1.27491,52.358,0.0327992,0.147363,0,0.00334402
0.575,0.235,7.80942,5.46436,-1.17772,51.4351,0.0327992,0.147363,0,0.00334402
0.575,0.245,7.779,5.42933,-1.08087,50.5324,0.0327992,0.147363,0,0.00334402
0.575,0.255,7.74937,5.39426,-0.984407,49.6512,0.0327992,0.147363,0,0.00334402
0.575,0.265,7.72071,5.35915,-0.888413,48.7928,0.0327992,0.147363,0,0.00334402
0.575,0.275,7.69327,5.32395,-0.792967,47.9589,0.0327992,0.147363,0,0.00334402
0.575,0.285,7.66735,5.28864,-0.698176,47.1517,0.0327992,0.147363,0,0.00334402
0.575,0.295,7.64334,5.25317,-0.604168,46.3738,0.0327992,0.147363,0,0.00334402
0.575,0.305,7.6217,5.21748,-0.511105,45.6283,0.0327992,0.147363,0,0.00334402
0.575,0.315,7.60304,5.1815,-0.419185,44.9192,0.0327992,0.147363,0,0.00334402
0.575,0.325,7.58811,5.14516,-0.328652,44.2513,0.0327992,0.147363,0,0.00334402
0.575,0.335,7.57781,5.10835,-0.239806,43.6306,0.0327992,0.147363,0,0.00334402
0.575,0.345,7.57332,5.07095,-0.153016,43.0647,0.0327992,0.147363,0,0.00334402
0.575,0.355,7.57612,5.03276,-0.0687208,42.5626,0.0327992,0.147363,0,0.00334402
0.575,0.365,7.59205,4.99143,0.012821,42.1413,0.0327992,0.147363,0,0.00334402
0.575,0.375,7.62309,4.94619,0.091119,41.802,0.0327992,0.147363,0,0.00334402
0.575,0.385,7.66661,4.89971,0.165182,41.5644,0.0327992,0.147363,0,0.00334402
0.575,0.395,7.7262,4.85131,0.23406,41.4504,0.0327992,0.147363,0,0.00334402
0.575,0.405,7.80499,4.80055,0.29693,41.48,0.0327992,0.147363,0,0.00334402
0.575,0.415,7.9062,4.74699,0.353016,41.6741,0.0327992,0.147363,0,0.00334402
0.575,0.425,8.03294,4.69013,0.401686,42.0529,0.0327992,0.147363,0,0.00334402
0.575,0.435,8.18793,4.62952,0.442581,42.6333,0.0327992,0.147363,0,0.00334402
0.575,0.445,8.37301,4.56474,0.47572,43.4269,0.0327992,0.147363,0,0.00334402
0.575,0.455,8.58888,4.49544,0.501571,44.4376,0.0327992,0.147363,0,0.00334402
0.575,0.465,8.83499,4.42132,0.521014,45.6613,0.0327992,0.147363,0,0.00334402
0.575,0.475,9.10969,4.34214,0.535206,47.0877,0.0327992,0.147363,0,0.00334402
0.575,0.485,9.41058,4.25769,0.545394,48.7023,0.0327992,0.147363,0,0.00334402
0.575,0.495,9.73482,4.16775,0.552766,50.4899,0.0327992,0.147363,0,0.00334402
0.575,0.505,10.0793,4.07206,0.558357,52.4357,0.0327992,0.147363,0,0.00334402
0.575,0.515,10.4404,3.97036,0.563032,54.5252,0.0327992,0.147363,0,0.00334402
0.575,0.525,10.8137,3.86235,0.567525,56.7431,0.0327992,0.147363,0,0.00334402
0.575,0.535,11.1927,3.74778,0.572494,59.0703,0.0327992,0.147363,0,0.00334402
0.575,0.545,11.5663,3.62655,0.578581,61.48,0.0327992,0.147363,0,0.00334402
0.575,0.555,11.9115,3.49886,0.58651,63.9324,0.0327992,0.147363,0,0.00334402
0.575,0.565,12.1781,3.36487,0.597338,66.3669,0.0327992,0.147363,0,0.00334402
0.575,0.575,12.2669,3.22251,0.613177,68.6972,0.0327992,0.147363,0,0.00334402
0.575,0.585,12.0219,3.06204,0.638664,70.8161,0.0327992,0.147363,0,0.00334402
0.575,0.595,11.2832,2.85763,0.683078,72.6187,0.0327992,0.147363,0,0.00334402
0.575,0.605,10.0238,2.5685,0.76032,73.9911,0.0327992,0.147363,0,0.00334402
0.575,0.615,8.47594,2.14734,0.883198,74.8683,0.0327992,0.147363,0,0.00334402
0.575,0.625,7.02805,1.55518,1.05445,75.3173,0.0327992,0.147363,0,0.00334402
0.575,0.635,5.94603,0.78469,1.25945,75.4928,0.0327992,0.147363,0,0.00334402
0.575,0.645,5.2676,-0.124713,1.46784,75.5726,0.0327992,0.147363,0,0.00334402
0.575,0.655,4.89871,-1.10945,1.64459,75.7104,0.0327992,0.147363,0,0.00334402
0.575,0.665,4.71607,-2.13065,1.77218,75.9557,0.0327992,0.147363,0,0.00334402
0.575,0.675,4.64416,-3.19773,1.8494,76.2827,0.0327992,0.147363,0,0.00334402
0.575,0.685,4.65029,-4.35451,1.88459,76.5986,0.0327992,0.147363,0,0.00334402
0.575,0.695,4.73802,-5.64984,1.88875,76.7841,0.0327992,0.147363,0,0.00334402
0.575,0.705,4.94938,-7.10357,1.87232,76.6837,0.0327992,0.147363,0,0.00334402
0.575,0.715,5.3761,-8.66258,1.8439,76.1275,0.0327992,0.147363,0,0.00334402
0.575,0.725,6.15554,-10.1832,1.81309,75.0505,0.0327992,0.147363,0,0.00334402
0.575,0.735,7.45621,-11.4968,1.79835,73.8174,0.0327992,0.147363,0,0.00334402
0.575,0.745,9.50048,-12.5134,1.8302,73.4402,0.0327992,0.147363,0,0.00334402
0.575,0.755,12.6524,-13.2461,1.934,75.294,0.0327992,0.147363,0,0.00334402
0.575,0.765,17.5327,-13.7593,2.10792,80.5145,0.0327992,0.147363,0,0.00334402
0.575,0.775,25.12,-14.1189,2.32179,89.6394,0.0327992,0.147363,0,0.00334402
0.575,0.785,36.8398,-14.3739,2.53263,102.648,0.0327992,0.147363,0,0.00334402
0.575,0.795,54.3348,-14.5565,2.70971,118.143,0.0327992,0.147363,0,0.00334402
0.575,0.805,78.9945,-14.6881,2.83336,133.276,0.0327992,0.147363,0,0.00334402
0.575,0.815,111.033,-14.7828,2.89551,144.029,0.0327992,0.147363,0,0.00334402
0.575,0.825,148.519,-14.8507,2.89935,146.526,0.0327992,0.147363,0,0.00334402
0.575,0.835,187.405,-14.8987,2.85731,139.339,0.0327992,0.147363,0,0.00334402
0.575,0.845,223.304,-14.9319,2.78877,125.046,0.0327992,0.147363,0,0.00334402
0.575,0.855,254.101,-14.954,2.71637,109.159,0.0327992,0.147363,0,0.00334402
0.575,0.865,281.124,-14.9683,2.65979,96.9127,0.0327992,0.147363,0,0.00334402
0.575,0.875,307.73,-14.9772,2.62921,90.7452,0.0327992,0.147363,0,0.00334402
0.575,0.885,336.887,-14.9829,2.62366,90.3271,0.0327992,0.147363,0,0.00334402
0.575,0.895,369.875,-14.9866,2.63578,94.1024,0.0327992,0.147363,0,0.00334402
0.575,0.905,406.496,-14.9892,2.65773,100.532,0.0327992,0.147363,0,0.00334402
0.575,0.915,445.846,-14.9912,2.684,108.522,0.0327992,0.147363,0,0.00334402
0.575,0.925,486.889,-14.9928,2.7115,117.391,0.0327992,0.147363,0,0.00334402
0.575,0.935,528.704,-14.9941,2.73867,126.727,0.0327992,0.147363,0,0.00334402
0.575,0.945,570.531,-14.9952,2.76479,136.276,0.0327992,0.147363,0,0.00334402
0.575,0.955,611.748,-14.9961,2.78953,145.865,0.0327992,0.147363,0,0.00334402
0.575,0.965,651.835,-14.9968,2.81278,155.362,0.0327992,0.147363,0,0.00334402
0.575,0.975,690.352,-14.9974,2.83446,164.658,0.0327992,0.147363,0,0.00334402
0.575,0.985,726.935,-14.998,2.85456,173.661,0.0327992,0.147363,0,0.00334402
0.575,0.995,761.288,-14.9984,2.87308,182.287,0.0327992,0.147363,0,0.00334402
0.585,0.005,8.48431,6.33602,-3.44798,75.458,0.0381878,0.205715,0,0.00413766
0.585,0.015,8.44797,6.30299,-3.34711,74.2462,0.0381878,0.205715,0,0.00413766
0.585,0.025,8.41264,6.26964,-3.2461,73.0524,0.0381878,0.205715,0,0.00413766
0.585,0.035,8.37756,6.23603,-3.14524,71.8678,0.0381878,0.205715,0,0.00413766
0.585,0.045,8.34271,6.20219,-3.04454,70.6929,0.0381878,0.205715,0,0.00413766
0.585,0.055,8.30806,6.16816,-2.944,69.5281,0.0381878,0.205715,0,0.00413766
0.585,0.065,8.2736,6.13395,-2.84362,68.3739,0.0381878,0.205715,0,0.00413766
0.585,0.075,8.23932,6.0996,-2.7434,67.2307,0.0381878,0.205715,0,0.00413766
0.585,0.085,8.2052,6.06512,-2.64334,66.0992,0.0381878,0.205715,0,0.00413766
0.585,0.095,8.17124,6.03054,-2.54343,64.9795,0.0381878,0.205715,0,0.00413766
0.585,0.105,8.13742,5.99588,-2.44368,63.8723,0.0381878,0.205715,0,0.00413766
0.585,0.115,8.10374,5.96115,-2.34408,62.7779,0.0381878,0.205715,0,0.00413766
0.585,0.125,8.07019,5.92637,-2.24463,61.6968,0.0381878,0.205715,0,0.00413766
0.585,0.135,8.03678,5.89156,-2.14533,60.6292,0.0381878,0.205715,0,0.00413766
0.585,0.145,8.0035,5.85672,-2.04619,59.5757,0.0381878,0.205715,0,0.00413766
0.585,0.155,7.97037,5.82187,-1.9472,58.5367,0.0381878,0.205715,0,0.00413766
0.585,0.165,7.9374,5.78702,-1.84838,57.5125,0.0381878,0.205715,0,0.00413766
0.585,0.175,7.9046,5.75216,-1.74973,56.5036,0.0381878,0.205715,0,0.00413766
0.585,0.185,7.872,5.71732,-1.65126,55.5105,0.0381878,0.205715,0,0.00413766
0.585,0.195,7.83964,5.68248,-1.55299,54.5337,0.0381878,0.205715,0,0.00413766
0.585,0.205,7.80757,5.64765,-1.45493,53.5736,0.0381878,0.205715,0,0.00413766
0.585,0.215,7.77584,5.61282,-1.35711,52.631,0.0381878,0.205715,0,0.00413766
0.585,0.225,7.74454,5.57798,-1.25957,51.7066,0.0381878,0.205715,0,0.00413766
0.585,0.235,7.71378,5.54314,-1.16233,50.8013,0.0381878,0.205715,0,0.00413766
0.585,0.245,7.68367,5.50826,-1.06544,49.9159,0.0381878,0.205715,0,0.00413766
0.585,0.255,7.65437,5.47333,-0.968975,49.0519,0.0381878,0.205715,0,0.00413766
0.585,0.265,7.6261,5.43832,-0.872994,48.2105,0.0381878,0.205715,0,0.00413766
0.585,0.275,7.5991,5.40321,-0.777589,47.3937,0.0381878,0.205715,0,0.00413766
0.585,0.285,7.57369,5.36796,-0.682873,46.6036,0.0381878,0.205715,0,0.00413766
0.585,0.295,7.55027,5.33252,-0.588981,45.843,0.0381878,0.205715,0,0.00413766
0.585,0.305,7.52933,5.29683,-0.496085,45.1151,0.0381878,0.205715,0,0.00413766
0.585,0.315,7.51151,5.26081,-0.404394,44.4241,0.0381878,0.205715,0,0.00413766
0.585,0.325,7.49757,5.22439,-0.314166,43.7752,0.0381878,0.205715,0,0.00413766
0.585,0.335,7.48848,5.18746,-0.225718,43.1747,0.0381878,0.205715,0,0.00413766
0.585,0.345,7.48545,5.14987,-0.139438,42.6303,0.0381878,0.205715,0,0.00413766
0.585,0.355,7.49004,5.11143,-0.0557895,42.1518,0.0381878,0.205715,0,0.00413766
0.585,0.365,7.50954,5.06895,0.0250004,41.7577,0.0381878,0.205715,0,0.00413766
0.585,0.375,7.54283,5.02333,0.102339,41.4463,0.0381878,0.205715,0,0.00413766
0.585,0.385,7.58939,4.97629,0.175141,41.2421,0.0381878,0.205715,0,0.00413766
0.585,0.395,7.65268,4.9272,0.242497,41.1661,0.0381878,0.205715,0,0.00413766
0.585,0.405,7.73591,4.8756,0.303568,41.2391,0.0381878,0.205715,0,0.00413766
0.585,0.415,7.84235,4.82102,0.357579,41.4824,0.0381878,0.205715,0,0.00413766
0.585,0.425,7.97512,4.76296,0.403928,41.916,0.0381878,0.205715,0,0.00413766
0.585,0.435,8.13684,4.70093,0.442316,42.5567,0.0381878,0.205715,0,0.00413766
0.585,0.445,8.32921,4.63452,0.472846,43.4149,0.0381878,0.205715,0,0.00413766
0.585,0.455,8.55274,4.56336,0.496087,44.4935,0.0381878,0.205715,0,0.00413766
0.585,0.465,8.8067,4.48714,0.513003,45.7875,0.0381878,0.205715,0,0.00413766
0.585,0.475,9.08934,4.40562,0.524804,47.2859,0.0381878,0.205715,0,0.00413766
0.585,0.485,9.39822,4.31857,0.532764,48.9745,0.0381878,0.205715,0,0.00413766
0.585,0.495,9.73046,4.22574,0.538081,50.8379,0.0381878,0.205715,0,0.00413766
0.585,0.505,10.0828,4.12688,0.541801,52.8613,0.0381878,0.205715,0,0.00413766
0.585,0.515,10.4515,4.02173,0.54482,55.0289,0.0381878,0.205715,0,0.00413766
0.585,0.525,10.8315,3.91,0.547925,57.3232,0.0381878,0.205715,0,0.00413766
0.585,0.535,11.2154,3.7915,0.551851,59.721,0.0381878,0.205715,0,0.00413766
0.585,0.545,11.5903,3.66619,0.557342,62.1898,0.0381878,0.205715,0,0.00413766
0.585,0.555,11.9288,3.53435,0.565275,64.6812,0.0381878,0.205715,0,0.00413766
0.585,0.565,12.1719,3.3959,0.576999,67.1241,0.0381878,0.205715,0,0.00413766
0.585,0.575,12.2059,3.24751,0.595225,69.4226,0.0381878,0.205715,0,0.00413766
0.585,0.585,11.8635,3.07617,0.625727,71.4666,0.0381878,0.205715,0,0.00413766
0.585,0.595,10.9994,2.85118,0.679363,73.1567,0.0381878,0.205715,0,0.00413766
0.585,0.605,9.64438,2.53061,0.770577,74.375,0.0381878,0.205715,0,0.00413766
0.585,0.615,8.09645,2.07069,0.909844,75.0892,0.0381878,0.205715,0,0.00413766
0.585,0.625,6.7383,1.44203,1.09489,75.4097,0.0381878,0.205715,0,0.00413766
0.585,0.635,5.77208,0.651604,1.30562,75.5119,0.0381878,0.205715,0,0.00413766
0.585,0.645,5.18724,-0.251356,1.50937,75.5753,0.0381878,0.205715,0,0.00413766
0.585,0.655,4.87379,-1.20686,1.67448,75.7331,0.0381878,0.205715,0,0.00413766
0.585,0.665,4.71809,-2.18874,1.78866,76.0047,0.0381878,0.205715,0,0.00413766
0.585,0.675,4.65501,-3.21719,1.85396,76.3404,0.0381878,0.205715,0,0.00413766
0.585,0.685,4.65869,-4.34179,1.8795,76.6396,0.0381878,0.205715,0,0.00413766
0.585,0.695,4.73602,-5.6138,1.87582,76.7837,0.0381878,0.205715,0,0.00413766
0.585,0.705,4.93121,-7.05398,1.85284,76.6265,0.0381878,0.205715,0,0.00413766
0.585,0.715,5.33809,-8.60855,1.8192,76.0164,0.0381878,0.205715,0,0.00413766
0.585,0.725,6.09561,-10.1307,1.7856,74.931,0.0381878,0.205715,0,0.00413766
0.585,0.735,7.37331,-11.4487,1.77227,73.7909,0.0381878,0.205715,0,0.00413766
0.585,0.745,9.39562,-12.4712,1.81,73.6278,0.0381878,0.205715,0,0.00413766
0.585,0.755,12.5288,-13.2111,1.92181,75.7715,0.0381878,0.205715,0,0.00413766
0.585,0.765,17.3933,-13.7319,2.103,81.2898,0.0381878,0.205715,0,0.00413766
0.585,0.775,24.9653,-14.0985,2.32215,90.6854,0.0381878,0.205715,0,0.00413766
0.585,0.785,36.671,-14.3591,2.53642,103.939,0.0381878,0.205715,0,0.00413766
0.585,0.795,54.1653,-14.546,2.7154,119.671,0.0381878,0.205715,0,0.00413766
0.585,0.805,78.852,-14.6808,2.84001,135.004,0.0381878,0.205715,0,0.00413766
0.585,0.815,110.963,-14.7779,2.90238,145.871,0.0381878,0.205715,0,0.00413766
0.585,0.825,148.57,-14.8474,2.90586,148.336,0.0381878,0.205715,0,0.00413766
0.585,0.835,187.601,-14.8966,2.86297,140.936,0.0381878,0.205715,0,0.00413766
0.585,0.845,223.614,-14.9306,2.79324,126.282,0.0381878,0.205715,0,0.00413766
0.585,0.855,254.451,-14.9533,2.7195,109.989,0.0381878,0.205715,0,0.00413766
0.585,0.865,281.432,-14.9679,2.66171,97.396,0.0381878,0.205715,0,0.00413766
0.585,0.875,307.954,-14.9771,2.63023,90.9936,0.0381878,0.205715,0,0.00413766
0.585,0.885,337.025,-14.9828,2.62414,90.4429,0.0381878,0.205715,0,0.00413766
0.585,0.895,369.95,-14.9866,2.63598,94.1528,0.0381878,0.205715,0,0.00413766
0.585,0.905,406.533,-14.9892,2.6578,100.553,0.0381878,0.205715,0,0.00413766
0.585,0.915,445.863,-14.9912,2.68403,108.531,0.0381878,0.205715,0,0.00413766
0.585,0.925,486.896,-14.9928,2.71151,117.394,0.0381878,0.205715,0,0.00413766
0.585,0.935,528.707,-14.9941,2.73867,126.728,0.0381878,0.205715,0,0.00413766
0.585,0.945,570.532,-14.9952,2.76479,136.277,0.0381878,0.205715,0,0.00413766
0.585,0.955,611.749,-14.9961,2.78953,145.865,0.0381878,0.205715,0,0.00413766
0.585,0.965,651.835,-14.9968,2.81278,155.362,0.0381878,0.205715,0,0.00413766
0.585,0.975,690.352,-14.9974,2.83446,164.658,0.0381878,0.205715,0,0.00413766
0.585,0.985,726.935,-14.998,2.85456,173.661,0.0381878,0.205715,0,0.00413766
0.585,0.995,761.288,-14.9984,2.87308,182.287,0.0381878,0.205715,0,0.00413766
0.595,0.005,8.38776,6.40773,-3.43415,74.3691,0.0442625,0.264067,0,0.00508757
0.595,0.015,8.35132,6.37506,-3.33333,73.1784,0.0442625,0.264067,0,0.00508757
0.595,0.025,8.31605,6.34207,-3.23228,72.0075,0.0442625,0.264067,0,0.00508757
0.595,0.035,8.28104,6.30882,-3.13137,70.8457,0.0442625,0.264067,0,0.00508757
0.595,0.045,8.24625,6.27535,-3.03062,69.6933,0.0442625,0.264067,0,0.00508757
0.595,0.055,8.21168,6.24167,-2.93003,68.551,0.0442625,0.264067,0,0.00508757
0.595,0.065,8.1773,6.20783,-2.82959,67.419,0.0442625,0.264067,0,0.00508757
0.595,0.075,8.1431,6.17383,-2.7293,66.2978,0.0442625,0.264067,0,0.00508757
0.595,0.085,8.10907,6.13971,-2.62917,65.188,0.0442625,0.264067,0,0.00508757
0.595,0.095,8.0752,6.10548,-2.52918,64.0898,0.0442625,0.264067,0,0.00508757
0.595,0.105,8.04148,6.07116,-2.42935,63.0038,0.0442625,0.264067,0,0.00508757
0.595,0.115,8.00791,6.03676,-2.32966,61.9303,0.0442625,0.264067,0,0.00508757
0.595,0.125,7.97448,6.00231,-2.23012,60.8697,0.0442625,0.264067,0,0.00508757
0.595,0.135,7.94119,5.96781,-2.13074,59.8224,0.0442625,0.264067,0,0.00508757
0.595,0.145,7.90804,5.93328,-2.0315,58.7889,0.0442625,0.264067,0,0.00508757
0.595,0.155,7.87505,5.89873,-1.93243,57.7694,0.0442625,0.264067,0,0.00508757
0.595,0.165,7.84222,5.86415,-1.83351,56.7645,0.0442625,0.264067,0,0.00508757
0.595,0.175,7.80957,5.82957,-1.73478,55.7745,0.0442625,0.264067,0,0.00508757
0.595,0.185,7.77714,5.79497,-1.63622,54.7999,0.0442625,0.264067,0,0.00508757
0.595,0.195,7.74496,5.76037,-1.53787,53.8413,0.0442625,0.264067,0,0.00508757
0.595,0.205,7.71309,5.72576,-1.43974,52.8992,0.0442625,0.264067,0,0.00508757
0.595,0.215,7.68158,5.69113,-1.34186,51.9742,0.0442625,0.264067,0,0.00508757
0.595,0.225,7.65051,5.65648,-1.24426,51.0671,0.0442625,0.264067,0,0.00508757
0.595,0.235,7.62001,5.6218,-1.14698,50.1788,0.0442625,0.264067,0,0.00508757
0.595,0.245,7.59019,5.58706,-1.05008,49.3104,0.0442625,0.264067,0,0.00508757
0.595,0.255,7.56123,5.55226,-0.95361,48.4631,0.0442625,0.264067,0,0.00508757
0.595,0.265,7.53333,5.51735,-0.857651,47.6384,0.0442625,0.264067,0,0.00508757
0.595,0.275,7.50677,5.48232,-0.7623,46.8383,0.0442625,0.264067,0,0.00508757
0.595,0.285,7.48187,5.44711,-0.667673,46.065,0.0442625,0.264067,0,0.00508757
0.595,0.295,7.45905,5.41169,-0.573915,45.3214,0.0442625,0.264067,0,0.00508757
0.595,0.305,7.43883,5.37598,-0.481207,44.611,0.0442625,0.264067,0,0.00508757
0.595,0.315,7.42186,5.33991,-0.389769,43.9382,0.0442625,0.264067,0,0.00508757
0.595,0.325,7.40895,5.3034,-0.299875,43.3083,0.0442625,0.264067,0,0.00508757
0.595,0.335,7.40112,5.26632,-0.211862,42.7281,0.0442625,0.264067,0,0.00508757
0.595,0.345,7.39964,5.22852,-0.126139,42.2057,0.0442625,0.264067,0,0.00508757
0.595,0.355,7.40633,5.1897,-0.0431734,41.7519,0.0442625,0.264067,0,0.00508757
0.595,0.365,7.42919,5.14613,0.0367945,41.3843,0.0442625,0.264067,0,0.00508757
0.595,0.375,7.46492,5.1001,0.113073,41.1026,0.0442625,0.264067,0,0.00508757
0.595,0.385,7.51473,5.05246,0.184518,40.9334,0.0442625,0.264067,0,0.00508757
0.595,0.395,7.58198,5.00262,0.250238,40.8973,0.0442625,0.264067,0,0.00508757
0.595,0.405,7.66996,4.9501,0.30938,41.0159,0.0442625,0.264067,0,0.00508757
0.595,0.415,7.782,4.89442,0.361175,41.311,0.0442625,0.264067,0,0.00508757
0.595,0.425,7.92122,4.83504,0.405055,41.8026,0.0442625,0.264067,0,0.00508757
0.595,0.435,8.09013,4.77147,0.440784,42.5071,0.0442625,0.264067,0,0.00508757
0.595,0.445,8.29031,4.70328,0.468559,43.4341,0.0442625,0.264067,0,0.00508757
0.595,0.455,8.52208,4.63008,0.489045,44.5853,0.0442625,0.264067,0,0.00508757
0.595,0.465,8.78457,4.55157,0.503288,45.9551,0.0442625,0.264067,0,0.00508757
0.595,0.475,9.07594,4.46748,0.512552,47.5322,0.0442625,0.264067,0,0.00508757
0.595,0.485,9.3937,4.37755,0.518143,49.302,0.0442625,0.264067,0,0.00508757
0.595,0.495,9.73487,4.28154,0.521278,51.2494,0.0442625,0.264067,0,0.00508757
0.595,0.505,10.096,4.1792,0.523036,53.3583,0.0442625,0.264067,0,0.00508757
0.595,0.515,10.473,4.07027,0.524365,55.6113,0.0442625,0.264067,0,0.00508757
0.595,0.525,10.86,3.95452,0.526125,57.9873,0.0442625,0.264067,0,0.00508757
0.595,0.535,11.2487,3.8318,0.529142,60.4581,0.0442625,0.264067,0,0.00508757
0.595,0.545,11.6237,3.70219,0.534281,62.984,0.0442625,0.264067,0,0.00508757
0.595,0.555,11.9524,3.56597,0.542602,65.507,0.0442625,0.264067,0,0.00508757
0.595,0.565,12.1649,3.42264,0.55581,67.9453,0.0442625,0.264067,0,0.00508757
0.595,0.575,12.1318,3.26712,0.577351,70.1947,0.0442625,0.264067,0,0.00508757
0.595,0.585,11.6776,3.08224,0.614344,72.1475,0.0442625,0.264067,0,0.00508757
0.595,0.595,10.6831,2.83294,0.679176,73.708,0.0442625,0.264067,0,0.00508757
0.595,0.605,9.24932,2.47807,0.786048,74.7563,0.0442625,0.264067,0,0.00508757
0.595,0.615,7.72906,1.9791,0.942034,75.3057,0.0442625,0.264067,0,0.00508757
0.595,0.625,6.47586,1.31772,1.13934,75.5081,0.0442625,0.264067,0,0.00508757
0.595,0.635,5.62422,0.514679,1.35293,75.5536,0.0442625,0.264067,0,0.00508757
0.595,0.645,5.12454,-0.374582,1.54943,75.617,0.0442625,0.264067,0,0.00508757
0.595,0.655,4.85882,-1.29699,1.7018,75.8017,0.0442625,0.264067,0,0.00508757
0.595,0.665,4.725,-2.23898,1.80267,76.0975,0.0442625,0.264067,0,0.00508757
0.595,0.675,4.66803,-3.22987,1.8566,76.4353,0.0442625,0.264067,0,0.00508757
0.595,0.685,4.66801,-4.32359,1.87301,76.7105,0.0442625,0.264067,0,0.00508757
0.595,0.695,4.73449,-5.57329,1.86187,76.8068,0.0442625,0.264067,0,0.00508757
0.595,0.705,4.91351,-7.00042,1.83256,76.5887,0.0442625,0.264067,0,0.00508757
0.595,0.715,5.30099,-8.55058,1.79397,75.9265,0.0442625,0.264067,0,0.00508757
0.595,0.725,6.03737,-10.0742,1.75808,74.8439,0.0442625,0.264067,0,0.00508757
0.595,0.735,7.29326,-11.3967,1.74684,73.8149,0.0442625,0.264067,0,0.00508757
0.595,0.745,9.29518,-12.4259,1.79096,73.8813,0.0442625,0.264067,0,0.00508757
0.595,0.755,12.4114,-13.1739,1.91091,76.3194,0.0442625,0.264067,0,0.00508757
0.595,0.765,17.2617,-13.7032,2.09918,82.1316,0.0442625,0.264067,0,0.00508757
0.595,0.775,24.8209,-14.0774,2.32334,91.7913,0.0442625,0.264067,0,0.00508757
0.595,0.785,36.5161,-14.344,2.54079,105.281,0.0442625,0.264067,0,0.00508757
0.595,0.795,54.0139,-14.5354,2.72147,121.239,0.0442625,0.264067,0,0.00508757
0.595,0.805,78.7313,-14.6734,2.84684,136.754,0.0442625,0.264067,0,0.00508757
0.595,0.815,110.915,-14.7729,2.90928,147.713,0.0442625,0.264067,0,0.00508757
0.595,0.825,148.637,-14.8441,2.91227,150.122,0.0442625,0.264067,0,0.00508757
0.595,0.835,187.801,-14.8945,2.86846,142.492,0.0442625,0.264067,0,0.00508757
0.595,0.845,223.917,-14.9294,2.79751,127.474,0.0442625,0.264067,0,0.00508757
0.595,0.855,254.784,-14.9527,2.72246,110.78,0.0442625,0.264067,0,0.00508757
0.595,0.865,281.722,-14.9676,2.6635,97.8516,0.0442625,0.264067,0,0.00508757
0.595,0.875,308.162,-14.9769,2.63117,91.2252,0.0442625,0.264067,0,0.00508757
0.595,0.885,337.153,-14.9827,2.62457,90.5498,0.0442625,0.264067,0,0.00508757
0.595,0.895,370.018,-14.9865,2.63616,94.1988,0.0442625,0.264067,0,0.00508757
0.595,0.905,406.567,-14.9892,2.65787,100.572,0.0442625,0.264067,0,0.00508757
0.595,0.915,445.878,-14.9912,2.68406,108.538,0.0442625,0.264067,0,0.00508757
0.595,0.925,486.902,-14.9928,2.71152,117.397,0.0442625,0.264067,0,0.00508757
0.595,0.935,528.709,-14.9941,2.73867,126.729,0.0442625,0.264067,0,0.00508757
0.595,0.945,570.533,-14.9952,2.76479,136.277,0.0442625,0.264067,0,0.00508757
0.595,0.955,611.749,-14.9961,2.78953,145.865,0.0442625,0.264067,0,0.00508757
0.595,0.965,651.835,-14.9968,2.81278,155.362,0.0442625,0.264067,0,0.00508757
0.595,0.975,690.352,-14.9974,2.83446,164.658,0.0442625,0.264067,0,0.00508757
0.595,0.985,726.935,-14.998,2.85456,173.661,0.0442625,0.264067,0,0.00508757
0.595,0.995,761.288,-14.9984,2.87308,182.287,0.0442625,0.264067,0,0.00508757
0.605,0.005,8.29319,6.47957,-3.42035,73.3051,0.0510868,0.322419,0,0.00621859
0.605,0.015,8.25664,6.44724,-3.31957,72.1346,0.0510868,0.322419,0,0.00621859
0.605,0.025,8.22143,6.4146,-3.21847,70.986,0.0510868,0.322419,0,0.00621859
0.605,0.035,8.18649,6.3817,-3.11752,69.8464,0.0510868,0.322419,0,0.00621859
0.605,0.045,8.15177,6.34858,-3.01672,68.716,0.0510868,0.322419,0,0.00621859
0.605,0.055,8.11727,6.31526,-2.91606,67.5954,0.0510868,0.322419,0,0.00621859
0.605,0.065,8.08296,6.28177,-2.81556,66.485,0.0510868,0.322419,0,0.00621859
0.605,0.075,8.04884,6.24812,-2.71521,65.3852,0.0510868,0.322419,0,0.00621859
0.605,0.085,8.0149,6.21434,-2.615,64.2964,0.0510868,0.322419,0,0.00621859
0.605,0.095,7.98112,6.18045,-2.51493,63.2191,0.0510868,0.322419,0,0.00621859
0.605,0.105,7.9475,6.14646,-2.41502,62.1536,0.0510868,0.322419,0,0.00621859
0.605,0.115,7.91402,6.11239,-2.31525,61.1004,0.0510868,0.322419,0,0.00621859
0.605,0.125,7.8807,6.07825,-2.21562,60.0597,0.0510868,0.322419,0,0.00621859
0.605,0.135,7.84752,6.04406,-2.11615,59.0321,0.0510868,0.322419,0,0.00621859
0.605,0.145,7.81449,6.00982,-2.01683,58.0178,0.0510868,0.322419,0,0.00621859
0.605,0.155,7.78162,5.97555,-1.91766,57.0173,0.0510868,0.322419,0,0.00621859
0.605,0.165,7.74892,5.94125,-1.81866,56.031,0.0510868,0.322419,0,0.00621859
0.605,0.175,7.71642,5.90692,-1.71984,55.0594,0.0510868,0.322419,0,0.00621859
0.605,0.185,7.68414,5.87256,-1.62121,54.1028,0.0510868,0.322419,0,0.00621859
0.605,0.195,7.65213,5.83819,-1.52278,53.1618,0.0510868,0.322419,0,0.00621859
0.605,0.205,7.62044,5.80378,-1.42458,52.237,0.0510868,0.322419,0,0.00621859
0.605,0.215,7.58913,5.76935,-1.32665,51.3292,0.0510868,0.322419,0,0.00621859
0.605,0.225,7.55829,5.73487,-1.229,50.4389,0.0510868,0.322419,0,0.00621859
0.605,0.235,7.52803,5.70034,-1.13169,49.5672,0.0510868,0.322419,0,0.00621859
0.605,0.245,7.4985,5.66574,-1.03478,48.7153,0.0510868,0.322419,0,0.00621859
0.605,0.255,7.46986,5.63104,-0.938314,47.8843,0.0510868,0.322419,0,0.00621859
0.605,0.265,7.44234,5.59623,-0.84239,47.0759,0.0510868,0.322419,0,0.00621859
0.605,0.275,7.41622,5.56126,-0.747105,46.2922,0.0510868,0.322419,0,0.00621859
0.605,0.285,7.39184,5.52609,-0.652582,45.5355,0.0510868,0.322419,0,0.00621859
0.605,0.295,7.36963,5.49066,-0.558976,44.8088,0.0510868,0.322419,0,0.00621859
0.605,0.305,7.35015,5.45493,-0.466477,44.1158,0.0510868,0.322419,0,0.00621859
0.605,0.315,7.33406,5.41879,-0.375319,43.4611,0.0510868,0.322419,0,0.00621859
0.605,0.325,7.32223,5.38216,-0.285793,42.8505,0.0510868,0.322419,0,0.00621859
0.605,0.335,7.31572,5.34492,-0.198254,42.2908,0.0510868,0.322419,0,0.00621859
0.605,0.345,7.31588,5.30689,-0.113137,41.7909,0.0510868,0.322419,0,0.00621859
0.605,0.355,7.32501,5.26752,-0.0308969,41.3628,0.0510868,0.322419,0,0.00621859
0.605,0.365,7.35096,5.22299,0.0481721,41.0216,0.0510868,0.322419,0,0.00621859
0.605,0.375,7.38939,5.17648,0.123279,40.7714,0.0510868,0.322419,0,0.00621859
0.605,0.385,7.44268,5.12819,0.19326,40.6388,0.0510868,0.322419,0,0.00621859
0.605,0.395,7.51419,5.07753,0.25722,40.6448,0.0510868,0.322419,0,0.00621859
0.605,0.405,7.60727,5.02401,0.31429,40.8116,0.0510868,0.322419,0,0.00621859
0.605,0.415,7.72533,4.96712,0.36371,41.1616,0.0510868,0.322419,0,0.00621859
0.605,0.425,7.87147,4.9063,0.404954,41.715,0.0510868,0.322419,0,0.00621859
0.605,0.435,8.04813,4.84105,0.437853,42.4876,0.0510868,0.322419,0,0.00621859
0.605,0.445,8.25674,4.77091,0.462701,43.4882,0.0510868,0.322419,0,0.00621859
0.605,0.455,8.49746,4.69547,0.480262,44.718,0.0510868,0.322419,0,0.00621859
0.605,0.465,8.76931,4.61442,0.491663,46.1703,0.0510868,0.322419,0,0.00621859
0.605,0.475,9.07035,4.52748,0.498225,47.8337,0.0510868,0.322419,0,0.00621859
0.605,0.485,9.39797,4.43437,0.501293,49.6935,0.0510868,0.322419,0,0.00621859
0.605,0.495,9.74908,4.33485,0.502127,51.7335,0.0510868,0.322419,0,0.00621859
0.605,0.505,10.1199,4.22869,0.50186,53.9363,0.0510868,0.322419,0,0.00621859
0.605,0.515,10.5057,4.11566,0.501513,56.2813,0.0510868,0.322419,0,0.00621859
0.605,0.525,10.9,3.99558,0.502036,58.7429,0.0510868,0.322419,0,0.00621859
0.605,0.535,11.2929,3.86839,0.504362,61.2868,0.0510868,0.322419,0,0.00621859
0.605,0.545,11.6661,3.73426,0.509492,63.8646,0.0510868,0.322419,0,0.00621859
0.605,0.555,11.9806,3.59344,0.518697,66.4081,0.0510868,0.322419,0,0.00621859
0.605,0.565,12.1536,3.4447,0.534118,68.825,0.0510868,0.322419,0,0.00621859
0.605,0.575,12.039,3.28051,0.560101,71.0067,0.0510868,0.322419,0,0.00621859
0.605,0.585,11.4586,3.07877,0.60534,72.8521,0.0510868,0.322419,0,0.00621859
0.605,0.595,10.3338,2.8015,0.683474,74.2617,0.0510868,0.322419,0,0.00621859
0.605,0.605,8.8448,2.41017,0.80739,75.1257,0.0510868,0.322419,0,0.00621859
0.605,0.615,7.38012,1.87311,0.979782,75.5135,0.0510868,0.322419,0,0.00621859
0.605,0.625,6.24261,1.18413,1.18713,75.6116,0.0510868,0.322419,0,0.00621859
0.605,0.635,5.50127,0.376261,1.40051,75.619,0.0510868,0.322419,0,0.00621859
0.605,0.645,5.07757,-0.492788,1.58739,75.6976,0.0510868,0.322419,0,0.00621859
0.605,0.655,4.85217,-1.37932,1.72626,75.9133,0.0510868,0.322419,0,0.00621859
0.605,0.665,4.73571,-2.28157,1.81412,76.2293,0.0510868,0.322419,0,0.00621859
0.605,0.675,4.68261,-3.23616,1.85729,76.562,0.0510868,0.322419,0,0.00621859
0.605,0.685,4.67798,-4.30031,1.86508,76.806,0.0510868,0.322419,0,0.00621859
0.605,0.695,4.7333,-5.52859,1.84681,76.8487,0.0510868,0.322419,0,0.00621859
0.605,0.705,4.89629,-6.94305,1.81143,76.567,0.0510868,0.322419,0,0.00621859
0.605,0.715,5.26488,-8.48868,1.76822,75.8568,0.0510868,0.322419,0,0.00621859
0.605,0.725,5.98098,-10.0135,1.73061,74.7911,0.0510868,0.322419,0,0.00621859
0.605,0.735,7.21628,-11.3408,1.72219,73.8932,0.0510868,0.322419,0,0.00621859
0.605,0.745,9.19927,-12.3774,1.77321,74.2034,0.0510868,0.322419,0,0.00621859
0.605,0.755,12.2999,-13.1346,1.90134,76.9389,0.0510868,0.322419,0,0.00621859
0.605,0.765,17.1377,-13.6732,2.09648,83.0397,0.0510868,0.322419,0,0.00621859
0.605,0.775,24.6865,-14.0555,2.32537,92.9563,0.0510868,0.322419,0,0.00621859
0.605,0.785,36.3745,-14.3285,2.54576,106.674,0.0510868,0.322419,0,0.00621859
0.605,0.795,53.88,-14.5247,2.72792,122.844,0.0510868,0.322419,0,0.00621859
0.605,0.805,78.6314,-14.6661,2.85384,138.523,0.0510868,0.322419,0,0.00621859
0.605,0.815,110.888,-14.7679,2.91618,149.551,0.0510868,0.322419,0,0.00621859
0.605,0.825,148.72,-14.8409,2.91856,151.88,0.0510868,0.322419,0,0.00621859
0.605,0.835,188.007,-14.8925,2.87376,144.005,0.0510868,0.322419,0,0.00621859
0.605,0.845,224.213,-14.9282,2.80159,128.618,0.0510868,0.322419,0,0.00621859
0.605,0.855,255.101,-14.952,2.72526,111.53,0.0510868,0.322419,0,0.00621859
0.605,0.865,281.993,-14.9673,2.66518,98.2787,0.0510868,0.322419,0,0.00621859
0.605,0.875,308.353,-14.9768,2.63205,91.4397,0.0510868,0.322419,0,0.00621859
0.605,0.885,337.268,-14.9827,2.62497,90.6476,0.0510868,0.322419,0,0.00621859
0.605,0.895,370.08,-14.9865,2.63633,94.2404,0.0510868,0.322419,0,0.00621859
0.605,0.905,406.596,-14.9892,2.65794,100.589,0.0510868,0.322419,0,0.00621859
0.605,0.915,445.891,-14.9912,2.68408,108.545,0.0510868,0.322419,0,0.00621859
0.605,0.925,486.908,-14.9928,2.71153,117.399,0.0510868,0.322419,0,0.00621859
0.605,0.935,528.711,-14.9941,2.73868,126.73,0.0510868,0.322419,0,0.00621859
0.605,0.945,570.534,-14.9952,2.76479,136.277,0.0510868,0.322419,0,0.00621859
0.605,0.955,611.749,-14.9961,2.78953,145.865,0.0510868,0.322419,0,0.00621859
0.605,0.965,651.835,-14.9968,2.81278,155.362,0.0510868,0.322419,0,0.00621859
0.605,0.975,690.352,-14.9974,2.83446,164.658,0.0510868,0.322419,0,0.00621859
0.605,0.985,726.935,-14.998,2.85456,173.661,0.0510868,0.322419,0,0.00621859
0.605,0.995,761.288,-14.9984,2.87308,182.287,0.0510868,0.322419,0,0.00621859
0.615,0.005,8.20052,6.5515,-3.40655,72.2648,0.0587279,0.38077,0,0.00755862
0.615,0.015,8.16384,6.51952,-3.30582,71.1139,0.0587279,0.38077,0,0.00755862
0.615,0.025,8.1287,6.48722,-3.20468,69.9869,0.0587279,0.38077,0,0.00755862
0.615,0.035,8.09382,6.45467,-3.10368,68.8688,0.0587279,0.38077,0,0.00755862
0.615,0.045,8.05918,6.4219,-3.00282,67.7599,0.0587279,0.38077,0,0.00755862
0.615,0.055,8.02474,6.38892,-2.90211,66.6604,0.0587279,0.38077,0,0.00755862
0.615,0.065,7.99051,6.35577,-2.80154,65.571,0.0587279,0.38077,0,0.00755862
0.615,0.075,7.95647,6.32246,-2.70111,64.4919,0.0587279,0.38077,0,0.00755862
0.615,0.085,7.92261,6.28901,-2.60083,63.4236,0.0587279,0.38077,0,0.00755862
0.615,0.095,7.88891,6.25545,-2.50069,62.3665,0.0587279,0.38077,0,0.00755862
0.615,0.105,7.85537,6.22178,-2.40069,61.3209,0.0587279,0.38077,0,0.00755862
0.615,0.115,7.82199,6.18802,-2.30084,60.2873,0.0587279,0.38077,0,0.00755862
0.615,0.125,7.78876,6.15419,-2.20113,59.266,0.0587279,0.38077,0,0.00755862
0.615,0.135,7.75568,6.12029,-2.10156,58.2573,0.0587279,0.38077,0,0.00755862
0.615,0.145,7.72276,6.08634,-2.00215,57.2618,0.0587279,0.38077,0,0.00755862
0.615,0.155,7.69,6.05233,-1.9029,56.2797,0.0587279,0.38077,0,0.00755862
0.615,0.165,7.65743,6.01829,-1.80382,55.3114,0.0587279,0.38077,0,0.00755862
0.615,0.175,7.62506,5.9842,-1.70492,54.3575,0.0587279,0.38077,0,0.00755862
0.615,0.185,7.59292,5.95008,-1.60621,53.4183,0.0587279,0.38077,0,0.00755862
0.615,0.195,7.56107,5.91592,-1.50772,52.4945,0.0587279,0.38077,0,0.00755862
0.615,0.205,7.52954,5.88171,-1.40946,51.5866,0.0587279,0.38077,0,0.00755862
0.615,0.215,7.49842,5.84746,-1.31147,50.6953,0.0587279,0.38077,0,0.00755862
0.615,0.225,7.4678,5.81314,-1.21379,49.8214,0.0587279,0.38077,0,0.00755862
0.615,0.235,7.43778,5.77876,-1.11646,48.966,0.0587279,0.38077,0,0.00755862
0.615,0.245,7.40853,5.74428,-1.01953,48.1301,0.0587279,0.38077,0,0.00755862
0.615,0.255,7.38021,5.70968,-0.923092,47.3151,0.0587279,0.38077,0,0.00755862
0.615,0.265,7.35307,5.67494,-0.827214,46.5227,0.0587279,0.38077,0,0.00755862
0.615,0.275,7.32739,5.64002,-0.732009,45.7551,0.0587279,0.38077,0,0.00755862
0.615,0.285,7.30353,5.60488,-0.637607,45.0148,0.0587279,0.38077,0,0.00755862
0.615,0.295,7.28195,5.56945,-0.544172,44.3048,0.0587279,0.38077,0,0.00755862
0.615,0.305,7.26323,5.53366,-0.451905,43.6292,0.0587279,0.38077,0,0.00755862
0.615,0.315,7.24807,5.49744,-0.361056,42.9928,0.0587279,0.38077,0,0.00755862
0.615,0.325,7.23737,5.46068,-0.271932,42.4015,0.0587279,0.38077,0,0.00755862
0.615,0.335,7.23225,5.42324,-0.184912,41.8627,0.0587279,0.38077,0,0.00755862
0.615,0.345,7.23413,5.38495,-0.100454,41.3858,0.0587279,0.38077,0,0.00755862
0.615,0.355,7.24601,5.34487,-0.0189931,40.9843,0.0587279,0.38077,0,0.00755862
0.615,0.365,7.27492,5.29949,0.0590928,40.6704,0.0587279,0.38077,0,0.00755862
0.615,0.375,7.3163,5.25245,0.132914,40.4533,0.0587279,0.38077,0,0.00755862
0.615,0.385,7.37335,5.20343,0.20131,40.3592,0.0587279,0.38077,0,0.00755862
0.615,0.395,7.44943,5.15188,0.263368,40.4097,0.0587279,0.38077,0,0.00755862
0.615,0.405,7.54802,5.09727,0.318206,40.6278,0.0587279,0.38077,0,0.00755862
0.615,0.415,7.67258,5.03905,0.365076,41.0364,0.0587279,0.38077,0,0.00755862
0.615,0.425,7.82621,4.97666,0.403493,41.6559,0.0587279,0.38077,0,0.00755862
0.615,0.435,8.01127,4.90956,0.433364,42.5017,0.0587279,0.38077,0,0.00755862
0.615,0.445,8.22905,4.83725,0.455086,43.5821,0.0587279,0.38077,0,0.00755862
0.615,0.455,8.4796,4.75934,0.469523,44.8973,0.0587279,0.38077,0,0.00755862
0.615,0.465,8.76177,4.67547,0.477887,46.4403,0.0587279,0.38077,0,0.00755862
0.615,0.475,9.07354,4.58536,0.481565,48.1991,0.0587279,0.38077,0,0.00755862
0.615,0.485,9.41214,4.48872,0.481961,50.1583,0.0587279,0.38077,0,0.00755862
0.615,0.495,9.77419,4.38534,0.480398,52.3004,0.0587279,0.38077,0,0.00755862
0.615,0.505,10.1555,4.27499,0.478088,54.605,0.0587279,0.38077,0,0.00755862
0.615,0.515,10.5506,4.15753,0.476147,57.0476,0.0587279,0.38077,0,0.00755862
0.615,0.525,10.9519,4.03284,0.475628,59.5968,0.0587279,0.38077,0,0.00755862
0.615,0.535,11.3479,3.90096,0.47758,62.2106,0.0587279,0.38077,0,0.00755862
0.615,0.545,11.7166,3.76215,0.483151,64.8312,0.0587279,0.38077,0,0.00755862
0.615,0.555,12.0111,3.61648,0.493864,67.3796,0.0587279,0.38077,0,0.00755862
0.615,0.565,12.1335,3.46157,0.512393,69.7553,0.0587279,0.38077,0,0.00755862
0.615,0.575,11.9208,3.28668,0.544175,71.8495,0.0587279,0.38077,0,0.00755862
0.615,0.585,11.2014,3.06407,0.599683,73.572,0.0587279,0.38077,0,0.00755862
0.615,0.595,9.9531,2.75564,0.693233,74.8039,0.0587279,0.38077,0,0.00755862
0.615,0.605,8.43866,2.32667,0.835084,75.4733,0.0587279,0.38077,0,0.00755862
0.615,0.615,7.05533,1.75383,1.02283,75.7083,0.0587279,0.38077,0,0.00755862
0.615,0.625,6.03939,1.04357,1.23742,75.7197,0.0587279,0.38077,0,0.00755862
0.615,0.635,5.40152,0.238703,1.44743,75.7084,0.0587279,0.38077,0,0.00755862
0.615,0.645,5.04424,-0.604635,1.62265,75.8156,0.0587279,0.38077,0,0.00755862
0.615,0.655,4.85217,-1.45361,1.74763,76.0636,0.0587279,0.38077,0,0.00755862
0.615,0.665,4.74917,-2.3168,1.82295,76.3943,0.0587279,0.38077,0,0.00755862
0.615,0.675,4.69819,-3.23649,1.85597,76.7146,0.0587279,0.38077,0,0.00755862
0.615,0.685,4.68831,-4.27232,1.85562,76.9205,0.0587279,0.38077,0,0.00755862
0.615,0.695,4.73235,-5.47997,1.83055,76.9045,0.0587279,0.38077,0,0.00755862
0.615,0.705,4.87956,-6.88198,1.78937,76.5585,0.0587279,0.38077,0,0.00755862
0.615,0.715,5.22989,-8.42279,1.74196,75.8076,0.0587279,0.38077,0,0.00755862
0.615,0.725,5.92666,-9.9485,1.70334,74.7761,0.0587279,0.38077,0,0.00755862
0.615,0.735,7.14257,-11.2808,1.69851,74.0299,0.0587279,0.38077,0,0.00755862
0.615,0.745,9.10803,-12.3258,1.75687,74.5973,0.0587279,0.38077,0,0.00755862
0.615,0.755,12.1945,-13.0932,1.89317,77.6309,0.0587279,0.38077,0,0.00755862
0.615,0.765,17.0211,-13.642,2.09492,84.0139,0.0587279,0.38077,0,0.00755862
0.615,0.775,24.5616,-14.0329,2.32825,94.1797,0.0587279,0.38077,0,0.00755862
0.615,0.785,36.2457,-14.3127,2.55133,108.115,0.0587279,0.38077,0,0.00755862
0.615,0.795,53.7629,-14.5138,2.73473,124.486,0.0587279,0.38077,0,0.00755862
0.615,0.805,78.5516,-14.6587,2.86101,140.31,0.0587279,0.38077,0,0.00755862
0.615,0.815,110.88,-14.763,2.92307,151.381,0.0587279,0.38077,0,0.00755862
0.615,0.825,148.818,-14.8377,2.92472,153.607,0.0587279,0.38077,0,0.00755862
0.615,0.835,188.216,-14.8905,2.87888,145.47,0.0587279,0.38077,0,0.00755862
0.615,0.845,224.5,-14.927,2.80547,129.712,0.0587279,0.38077,0,0.00755862
0.615,0.855,255.401,-14.9514,2.72789,112.239,0.0587279,0.38077,0,0.00755862
0.615,0.865,282.245,-14.967,2.66674,98.6769,0.0587279,0.38077,0,0.00755862
0.615,0.875,308.529,-14.9766,2.63285,91.6373,0.0587279,0.38077,0,0.00755862
0.615,0.885,337.373,-14.9826,2.62534,90.7366,0.0587279,0.38077,0,0.00755862
0.615,0.895,370.135,-14.9865,2.63647,94.2778,0.0587279,0.38077,0,0.00755862
0.615,0.905,406.623,-14.9892,2.65799,100.604,0.0587279,0.38077,0,0.00755862
0.615,0.915,445.903,-14.9912,2.6841,108.551,0.0587279,0.38077,0,0.00755862
0.615,0.925,486.913,-14.9928,2.71153,117.401,0.0587279,0.38077,0,0.00755862
0.615,0.935,528.713,-14.9941,2.73868,126.731,0.0587279,0.38077,0,0.00755862
0.615,0.945,570.535,-14.9952,2.76479,136.278,0.0587279,0.38077,0,0.00755862
0.615,0.955,611.75,-14.9961,2.78954,145.865,0.0587279,0.38077,0,0.00755862
0.615,0.965,651.835,-14.9968,2.81278,155.362,0.0587279,0.38077,0,0.00755862
0.615,0.975,690.352,-14.9974,2.83446,164.658,0.0587279,0.38077,0,0.00755862
0.615,0.985,726.935,-14.998,2.85456,173.661,0.0587279,0.38077,0,0.00755862
0.615,0.995,761.288,-14.9984,2.87308,182.287,0.0587279,0.38077,0,0.00755862
0.625,0.005,8.10967,6.62354,-3.39276,71.2474,0.0672572,0.439122,0,0.00913891
0.625,0.015,8.07285,6.59189,-3.29208,70.1152,0.0672572,0.439122,0,0.00913891
0.625,0.025,8.03777,6.55993,-3.1909,69.0092,0.0672572,0.439122,0,0.00913891
0.625,0.035,8.00297,6.52771,-3.08984,67.9122,0.0672572,0.439122,0,0.00913891
0.625,0.045,7.96839,6.49527,-2.98892,66.824,0.0672572,0.439122,0,0.00913891
0.625,0.055,7.93403,6.46263,-2.88815,65.7451,0.0672572,0.439122,0,0.00913891
0.625,0.065,7.89987,6.42981,-2.78751,64.676,0.0672572,0.439122,0,0.00913891
0.625,0.075,7.8659,6.39683,-2.68702,63.617,0.0672572,0.439122,0,0.00913891
0.625,0.085,7.83211,6.36371,-2.58666,62.5686,0.0672572,0.439122,0,0.00913891
0.625,0.095,7.79849,6.33046,-2.48644,61.5311,0.0672572,0.439122,0,0.00913891
0.625,0.105,7.76503,6.2971,-2.38636,60.5048,0.0672572,0.439122,0,0.00913891
0.625,0.115,7.73173,6.26365,-2.28643,59.4902,0.0672572,0.439122,0,0.00913891
0.625,0.125,7.69859,6.23011,-2.18663,58.4876,0.0672572,0.439122,0,0.00913891
0.625,0.135,7.6656,6.19649,-2.08699,57.4974,0.0672572,0.439122,0,0.00913891
0.625,0.145,7.63277,6.16281,-1.98749,56.52,0.0672572,0.439122,0,0.00913891
0.625,0.155,7.60012,6.12907,-1.88816,55.5557,0.0672572,0.439122,0,0.00913891
0.625,0.165,7.56766,6.09527,-1.789,54.605,0.0672572,0.439122,0,0.00913891
0.625,0.175,7.53541,6.06142,-1.69002,53.6682,0.0672572,0.439122,0,0.00913891
0.625,0.185,7.5034,6.02751,-1.59124,52.746,0.0672572,0.439122,0,0.00913891
0.625,0.195,7.47169,5.99355,-1.49268,51.8388,0.0672572,0.439122,0,0.00913891
0.625,0.205,7.44033,5.95954,-1.39437,50.9473,0.0672572,0.439122,0,0.00913891
0.625,0.215,7.40939,5.92545,-1.29634,50.0721,0.0672572,0.439122,0,0.00913891
0.625,0.225,7.37897,5.89129,-1.19862,49.2142,0.0672572,0.439122,0,0.00913891
0.625,0.235,7.34919,5.85704,-1.10128,48.3746,0.0672572,0.439122,0,0.00913891
0.625,0.245,7.32021,5.82267,-1.00436,47.5543,0.0672572,0.439122,0,0.00913891
0.625,0.255,7.29221,5.78816,-0.907947,46.7551,0.0672572,0.439122,0,0.00913891
0.625,0.265,7.26545,5.75349,-0.812128,45.9785,0.0672572,0.439122,0,0.00913891
0.625,0.275,7.24021,5.71861,-0.717017,45.2268,0.0672572,0.439122,0,0.00913891
0.625,0.285,7.2169,5.68347,-0.622754,44.5026,0.0672572,0.439122,0,0.00913891
0.625,0.295,7.19597,5.64802,-0.52951,43.8094,0.0672572,0.439122,0,0.00913891
0.625,0.305,7.17804,5.61218,-0.437502,43.1511,0.0672572,0.439122,0,0.00913891
0.625,0.315,7.16384,5.57585,-0.346992,42.533,0.0672572,0.439122,0,0.00913891
0.625,0.325,7.15433,5.53894,-0.258309,41.9613,0.0672572,0.439122,0,0.00913891
0.625,0.335,7.15068,5.50129,-0.171854,41.4438,0.0672572,0.439122,0,0.00913891
0.625,0.345,7.15439,5.4627,-0.0881129,40.9905,0.0672572,0.439122,0,0.00913891
0.625,0.355,7.16933,5.42176,-0.0074995,40.6165,0.0672572,0.439122,0,0.00913891
0.625,0.365,7.20115,5.37561,0.0695103,40.3313,0.0672572,0.439122,0,0.00913891
0.625,0.375,7.24573,5.32797,0.141925,40.1491,0.0672572,0.439122,0,0.00913891
0.625,0.385,7.30682,5.27816,0.2086,40.0956,0.0672572,0.439122,0,0.00913891
0.625,0.395,7.38786,5.22563,0.268598,40.1934,0.0672572,0.439122,0,0.00913891
0.625,0.405,7.49243,5.16982,0.321022,40.4663,0.0672572,0.439122,0,0.00913891
0.625,0.415,7.62405,5.11014,0.365138,40.9379,0.0672572,0.439122,0,0.00913891
0.625,0.425,7.78583,5.046,0.40051,41.6287,0.0672572,0.439122,0,0.00913891
0.625,0.435,7.98007,4.97684,0.427127,42.5539,0.0672572,0.439122,0,0.00913891
0.625,0.445,8.20794,4.90214,0.445492,43.7213,0.0672572,0.439122,0,0.00913891
0.625,0.455,8.46932,4.82146,0.456576,45.1304,0.0672572,0.439122,0,0.00913891
0.625,0.465,8.76296,4.73446,0.461686,46.7737,0.0672572,0.439122,0,0.00913891
0.625,0.475,9.08665,4.64081,0.462293,48.6382,0.0672572,0.439122,0,0.00913891
0.625,0.485,9.43738,4.54027,0.459884,50.7072,0.0672572,0.439122,0,0.00913891
0.625,0.495,9.81136,4.43263,0.455872,52.9606,0.0672572,0.439122,0,0.00913891
0.625,0.505,10.2037,4.31775,0.451572,55.3742,0.0672572,0.439122,0,0.00913891
0.625,0.515,10.6082,4.19554,0.448209,57.918,0.0672572,0.439122,0,0.00913891
0.625,0.525,11.0159,4.066,0.446947,60.5535,0.0672572,0.439122,0,0.00913891
0.625,0.535,11.4132,3.92926,0.448954,63.2301,0.0672572,0.439122,0,0.00913891
0.625,0.545,11.7738,3.78563,0.455532,65.8799,0.0672572,0.439122,0,0.00913891
0.625,0.555,12.0407,3.6348,0.468512,68.4133,0.0672572,0.439122,0,0.00913891
0.625,0.565,12.0985,3.47265,0.491242,70.7248,0.0672572,0.439122,0,0.00913891
0.625,0.575,11.7695,3.28433,0.530486,72.7107,0.0672572,0.439122,0,0.00913891
0.625,0.585,10.9013,3.03664,0.598475,74.2922,0.0672572,0.439122,0,0.00913891
0.625,0.595,9.54552,2.69451,0.709304,75.3178,0.0672572,0.439122,0,0.00913891
0.625,0.605,8.03973,2.22783,0.869354,75.789,0.0672572,0.439122,0,0.00913891
0.625,0.615,6.75938,1.62297,1.07062,75.8858,0.0672572,0.439122,0,0.00913891
0.625,0.625,5.86607,0.898659,1.28913,75.8321,0.0672572,0.439122,0,0.00913891
0.625,0.635,5.32283,0.104235,1.49276,75.822,0.0672572,0.439122,0,0.00913891
0.625,0.645,5.02231,-0.709109,1.65467,75.9675,0.0672572,0.439122,0,0.00913891
0.625,0.655,4.85717,-1.51982,1.7657,76.2466,0.0672572,0.439122,0,0.00913891
0.625,0.665,4.76439,-2.34506,1.82907,76.586,0.0672572,0.439122,0,0.00913891
0.625,0.675,4.71427,-3.23133,1.85257,76.8867,0.0672572,0.439122,0,0.00913891
0.625,0.685,4.69876,-4.23999,1.84454,77.0481,0.0672572,0.439122,0,0.00913891
0.625,0.695,4.73155,-5.42767,1.81298,76.9699,0.0672572,0.439122,0,0.00913891
0.625,0.705,4.86336,-6.81729,1.76635,76.5612,0.0672572,0.439122,0,0.00913891
0.625,0.715,5.19619,-8.35284,1.71529,75.7805,0.0672572,0.439122,0,0.00913891
0.625,0.725,5.87467,-9.87903,1.67645,74.8034,0.0672572,0.439122,0,0.00913891
0.625,0.735,7.07243,-11.2166,1.67601,74.2303,0.0672572,0.439122,0,0.00913891
0.625,0.745,9.0216,-12.2709,1.74207,75.066,0.0672572,0.439122,0,0.00913891
0.625,0.755,12.0949,-13.0496,1.88645,78.3964,0.0672572,0.439122,0,0.00913891
0.625,0.765,16.9117,-13.6095,2.09452,85.054,0.0672572,0.439122,0,0.00913891
0.625,0.775,24.4459,-14.0098,2.33199,95.461,0.0672572,0.439122,0,0.00913891
0.625,0.785,36.1293,-14.2966,2.5575,109.605,0.0672572,0.439122,0,0.00913891
0.625,0.795,53.6621,-14.5028,2.74191,126.162,0.0672572,0.439122,0,0.00913891
0.625,0.805,78.491,-14.6513,2.86834,142.111,0.0672572,0.439122,0,0.00913891
0.625,0.815,110.892,-14.7581,2.92995,153.201,0.0672572,0.439122,0,0.00913891
0.625,0.825,148.928,-14.8346,2.93075,155.3,0.0672572,0.439122,0,0.00913891
0.625,0.835,188.427,-14.8886,2.8838,146.885,0.0672572,0.439122,0,0.00913891
0.625,0.845,224.777,-14.9259,2.80914,130.753,0.0672572,0.439122,0,0.00913891
0.625,0.855,255.684,-14.9508,2.73034,112.904,0.0672572,0.439122,0,0.00913891
0.625,0.865,282.478,-14.9667,2.66818,99.046,0.0672572,0.439122,0,0.00913891
0.625,0.875,308.689,-14.9765,2.63358,91.8181,0.0672572,0.439122,0,0.00913891
0.625,0.885,337.468,-14.9826,2.62566,90.817,0.0672572,0.439122,0,0.00913891
0.625,0.895,370.184,-14.9865,2.63661,94.3111,0.0672572,0.439122,0,0.00913891
0.625,0.905,406.646,-14.9892,2.65804,100.617,0.0672572,0.439122,0,0.00913891
0.625,0.915,445.913,-14.9912,2.68412,108.556,0.0672572,0.439122,0,0.00913891
0.625,0.925,486.917,-14.9928,2.71154,117.403,0.0672572,0.439122,0,0.00913891
0.625,0.935,528.715,-14.9941,2.73868,126.732,0.0672572,0.439122,0,0.00913891
0.625,0.945,570.536,-14.9952,2.76479,136.278,0.0672572,0.439122,0,0.00913891
0.625,0.955,611.75,-14.9961,2.78954,145.865,0.0672572,0.439122,0,0.00913891
0.625,0.965,651.835,-14.9968,2.81278,155.362,0.0672572,0.439122,0,0.00913891
0.625,0.975,690.352,-14.9974,2.83446,164.658,0.0672572,0.439122,0,0.00913891
0.625,0.985,726.935,-14.998,2.85456,173.661,0.0672572,0.439122,0,0.00913891
0.625,0.995,761.288,-14.9984,2.87308,182.287,0.0672572,0.439122,0,0.00913891
0.635,0.005,8.02057,6.69566,-3.37897,70.2517,0.0767499,0.497474,0,0.0109943
0.635,0.015,7.98359,6.66434,-3.27834,69.1375,0.0767499,0.497474,0,0.0109943
0.635,0.025,7.94858,6.6327,-3.17712,68.0521,0.0767499,0.497474,0,0.0109943
0.635,0.035,7.91384,6.60082,-3.07601,66.9754,0.0767499,0.497474,0,0.0109943
0.635,0.045,7.87933,6.5687,-2.97503,65.9074,0.0767499,0.497474,0,0.0109943
0.635,0.055,7.84504,6.53639,-2.87419,64.8485,0.0767499,0.497474,0,0.0109943
0.635,0.065,7.81095,6.50389,-2.77349,63.7992,0.0767499,0.497474,0,0.0109943
0.635,0.075,7.77705,6.47123,-2.67292,62.7597,0.0767499,0.497474,0,0.0109943
0.635,0.085,7.74333,6.43842,-2.57249,61.7306,0.0767499,0.497474,0,0.0109943
0.635,0.095,7.70978,6.40548,-2.4722,60.712,0.0767499,0.497474,0,0.0109943
0.635,0.105,7.67639,6.37242,-2.37204,59.7045,0.0767499,0.497474,0,0.0109943
0.635,0.115,7.64317,6.33926,-2.27202,58.7084,0.0767499,0.497474,0,0.0109943
0.635,0.125,7.6101,6.306,-2.17214,57.724,0.0767499,0.497474,0,0.0109943
0.635,0.135,7.5772,6.27266,-2.07242,56.7516,0.0767499,0.497474,0,0.0109943
0.635,0.145,7.54446,6.23923,-1.97284,55.7918,0.0767499,0.497474,0,0.0109943
0.635,0.155,7.5119,6.20574,-1.87343,54.8447,0.0767499,0.497474,0,0.0109943
0.635,0.165,7.47953,6.17218,-1.77419,53.911,0.0767499,0.497474,0,0.0109943
0.635,0.175,7.44739,6.13855,-1.67514,52.991,0.0767499,0.497474,0,0.0109943
0.635,0.185,7.41551,6.10485,-1.57629,52.0851,0.0767499,0.497474,0,0.0109943
0.635,0.195,7.38393,6.07109,-1.47768,51.1941,0.0767499,0.497474,0,0.0109943
0.635,0.205,7.35272,6.03725,-1.37932,50.3185,0.0767499,0.497474,0,0.0109943
0.635,0.215,7.32195,6.00332,-1.28125,49.4591,0.0767499,0.497474,0,0.0109943
0.635,0.225,7.29173,5.9693,-1.18351,48.6168,0.0767499,0.497474,0,0.0109943
0.635,0.235,7.26219,5.93517,-1.08616,47.7925,0.0767499,0.497474,0,0.0109943
0.635,0.245,7.23348,5.9009,-0.989257,46.9877,0.0767499,0.497474,0,0.0109943
0.635,0.255,7.20581,5.86648,-0.892884,46.2038,0.0767499,0.497474,0,0.0109943
0.635,0.265,7.17942,5.83186,-0.797137,45.4428,0.0767499,0.497474,0,0.0109943
0.635,0.275,7.15465,5.79701,-0.702136,44.7068,0.0767499,0.497474,0,0.0109943
0.635,0.285,7.13189,5.76187,-0.60803,43.9987,0.0767499,0.497474,0,0.0109943
0.635,0.295,7.11164,5.72638,-0.515001,43.3221,0.0767499,0.497474,0,0.0109943
0.635,0.305,7.09453,5.69046,-0.423278,42.6813,0.0767499,0.497474,0,0.0109943
0.635,0.315,7.08135,5.65402,-0.333141,42.0816,0.0767499,0.497474,0,0.0109943
0.635,0.325,7.0731,5.61692,-0.24494,41.5299,0.0767499,0.497474,0,0.0109943
0.635,0.335,7.071,5.57904,-0.159102,41.0343,0.0767499,0.497474,0,0.0109943
0.635,0.345,7.07666,5.54012,-0.0761439,40.6052,0.0767499,0.497474,0,0.0109943
0.635,0.355,7.09497,5.49815,0.00354213,40.26,0.0767499,0.497474,0,0.0109943
0.635,0.365,7.12969,5.45132,0.0793725,40.0049,0.0767499,0.497474,0,0.0109943
0.635,0.375,7.17776,5.403,0.15025,39.8596,0.0767499,0.497474,0,0.0109943
0.635,0.385,7.24324,5.35233,0.215052,39.8493,0.0767499,0.497474,0,0.0109943
0.635,0.395,7.32967,5.29871,0.272808,39.9977,0.0767499,0.497474,0,0.0109943
0.635,0.405,7.44076,5.24157,0.32261,40.3297,0.0767499,0.497474,0,0.0109943
0.635,0.415,7.58012,5.18027,0.36374,40.8693,0.0767499,0.497474,0,0.0109943
0.635,0.425,7.75086,5.1142,0.395813,41.6377,0.0767499,0.497474,0,0.0109943
0.635,0.435,7.9552,5.04273,0.418911,42.6498,0.0767499,0.497474,0,0.0109943
0.635,0.445,8.19422,4.96535,0.433654,43.913,0.0767499,0.497474,0,0.0109943
0.635,0.455,8.46764,4.88158,0.441128,45.4261,0.0767499,0.497474,0,0.0109943
0.635,0.465,8.77404,4.79106,0.442756,47.1807,0.0767499,0.497474,0,0.0109943
0.635,0.475,9.11093,4.69348,0.440116,49.1622,0.0767499,0.497474,0,0.0109943
0.635,0.485,9.47493,4.58862,0.434807,51.3516,0.0767499,0.497474,0,0.0109943
0.635,0.495,9.86166,4.47634,0.428364,53.725,0.0767499,0.497474,0,0.0109943
0.635,0.505,10.2655,4.35658,0.422223,56.2528,0.0767499,0.497474,0,0.0109943
0.635,0.515,10.6789,4.22936,0.417724,58.8983,0.0767499,0.497474,0,0.0109943
0.635,0.525,11.0918,4.09478,0.416137,61.6149,0.0767499,0.497474,0,0.0109943
0.635,0.535,11.4879,3.95308,0.418742,64.3425,0.0767499,0.497474,0,0.0109943
0.635,0.545,11.8354,3.80452,0.427014,67.0026,0.0767499,0.497474,0,0.0109943
0.635,0.555,12.065,3.64807,0.44316,69.4973,0.0767499,0.497474,0,0.0109943
0.635,0.565,12.0415,3.47715,0.471398,71.7197,0.0767499,0.497474,0,0.0109943
0.635,0.575,11.577,3.2719,0.520094,73.5764,0.0767499,0.497474,0,0.0109943
0.635,0.585,10.5554,2.99546,0.602874,74.9841,0.0767499,0.497474,0,0.0109943
0.635,0.595,9.11886,2.61769,0.732398,75.7864,0.0767499,0.497474,0,0.0109943
0.635,0.605,7.65711,2.1145,0.910146,76.0643,0.0767499,0.497474,0,0.0109943
0.635,0.615,6.49557,1.48276,1.12232,76.0427,0.0767499,0.497474,0,0.0109943
0.635,0.625,5.7216,0.752174,1.34105,75.9491,0.0767499,0.497474,0,0.0109943
0.635,0.635,5.26297,-0.0251578,1.53539,75.9592,0.0767499,0.497474,0,0.0109943
0.635,0.645,5.00941,-0.805537,1.68295,76.1473,0.0767499,0.497474,0,0.0109943
0.635,0.655,4.86561,-1.57809,1.78032,76.4558,0.0767499,0.497474,0,0.0109943
0.635,0.665,4.78052,-2.36679,1.83243,76.7975,0.0767499,0.497474,0,0.0109943
0.635,0.675,4.73042,-3.22112,1.84701,77.0714,0.0767499,0.497474,0,0.0109943
0.635,0.685,4.70914,-4.20367,1.83172,77.183,0.0767499,0.497474,0,0.0109943
0.635,0.695,4.73085,-5.37189,1.79402,77.0409,0.0767499,0.497474,0,0.0109943
0.635,0.705,4.8478,-6.74901,1.74237,76.5746,0.0767499,0.497474,0,0.0109943
0.635,0.715,5.16402,-8.27869,1.68833,75.7788,0.0767499,0.497474,0,0.0109943
0.635,0.725,5.82532,-9.80492,1.65017,74.8791,0.0767499,0.497474,0,0.0109943
0.635,0.735,7.00613,-11.1482,1.65488,74.4999,0.0767499,0.497474,0,0.0109943
0.635,0.745,8.94013,-12.2127,1.72893,75.6124,0.0767499,0.497474,0,0.0109943
0.635,0.755,12.0013,-13.004,1.88121,79.236,0.0767499,0.497474,0,0.0109943
0.635,0.765,16.8091,-13.5758,2.09528,86.1597,0.0767499,0.497474,0,0.0109943
0.635,0.775,24.3391,-13.986,2.33657,96.7995,0.0767499,0.497474,0,0.0109943
0.635,0.785,36.0248,-14.2803,2.56426,111.142,0.0767499,0.497474,0,0.0109943
0.635,0.795,53.5769,-14.4918,2.74945,127.871,0.0767499,0.497474,0,0.0109943
0.635,0.805,78.4488,-14.644,2.87581,143.924,0.0767499,0.497474,0,0.0109943
0.635,0.815,110.921,-14.7534,2.9368,155.006,0.0767499,0.497474,0,0.0109943
0.635,0.825,149.049,-14.8315,2.93664,156.953,0.0767499,0.497474,0,0.0109943
0.635,0.835,188.639,-14.8867,2.88851,148.247,0.0767499,0.497474,0,0.0109943
0.635,0.845,225.044,-14.9248,2.81261,131.741,0.0767499,0.497474,0,0.0109943
0.635,0.855,255.949,-14.9502,2.73263,113.526,0.0767499,0.497474,0,0.0109943
0.635,0.865,282.692,-14.9664,2.66949,99.3861,0.0767499,0.497474,0,0.0109943
0.635,0.875,308.834,-14.9764,2.63424,91.9824,0.0767499,0.497474,0,0.0109943
0.635,0.885,337.552,-14.9825,2.62596,90.889,0.0767499,0.497474,0,0.0109943
0.635,0.895,370.228,-14.9864,2.63672,94.3406,0.0767499,0.497474,0,0.0109943
0.635,0.905,406.666,-14.9892,2.65809,100.629,0.0767499,0.497474,0,0.0109943
0.635,0.915,445.922,-14.9912,2.68413,108.56,0.0767499,0.497474,0,0.0109943
0.635,0.925,486.92,-14.9928,2.71155,117.405,0.0767499,0.497474,0,0.0109943
0.635,0.935,528.716,-14.9941,2.73868,126.732,0.0767499,0.497474,0,0.0109943
0.635,0.945,570.536,-14.9952,2.76479,136.278,0.0767499,0.497474,0,0.0109943
0.635,0.955,611.75,-14.9961,2.78954,145.866,0.0767499,0.497474,0,0.0109943
0.635,0.965,651.835,-14.9968,2.81278,155.362,0.0767499,0.497474,0,0.0109943
0.635,0.975,690.352,-14.9974,2.83446,164.658,0.0767499,0.497474,0,0.0109943
0.635,0.985,726.935,-14.998,2.85456,173.661,0.0767499,0.497474,0,0.0109943
0.635,0.995,761.288,-14.9984,2.87308,182.287,0.0767499,0.497474,0,0.0109943
0.645,0.005,7.93314,6.76785,-3.36518,69.2769,0.0872855,0.555826,0,0.0131637
0.645,0.015,7.896,6.73686,-3.26462,68.18,0.0872855,0.555826,0,0.0131637
0.645,0.025,7.86105,6.70554,-3.16334,67.1144,0.0872855,0.555826,0,0.0131637
0.645,0.035,7.82638,6.67397,-3.06218,66.0576,0.0872855,0.555826,0,0.0131637
0.645,0.045,7.79193,6.64218,-2.96114,65.0092,0.0872855,0.555826,0,0.0131637
0.645,0.055,7.7577,6.61018,-2.86024,63.9698,0.0872855,0.555826,0,0.0131637
0.645,0.065,7.72368,6.57799,-2.75947,62.9396,0.0872855,0.555826,0,0.0131637
0.645,0.075,7.68984,6.54564,-2.65883,61.9191,0.0872855,0.555826,0,0.0131637
0.645,0.085,7.65618,6.51313,-2.55832,60.9087,0.0872855,0.555826,0,0.0131637
0.645,0.095,7.6227,6.48049,-2.45795,59.9086,0.0872855,0.555826,0,0.0131637
0.645,0.105,7.58938,6.44772,-2.35771,58.9193,0.0872855,0.555826,0,0.0131637
0.645,0.115,7.55622,6.41484,-2.25762,57.941,0.0872855,0.555826,0,0.0131637
0.645,0.125,7.52322,6.38185,-2.15766,56.9742,0.0872855,0.555826,0,0.0131637
0.645,0.135,7.49039,6.34877,-2.05785,56.0192,0.0872855,0.555826,0,0.0131637
0.645,0.145,7.45773,6.3156,-1.9582,55.0764,0.0872855,0.555826,0,0.0131637
0.645,0.155,7.42525,6.28235,-1.85871,54.1462,0.0872855,0.555826,0,0.0131637
0.645,0.165,7.39298,6.24901,-1.7594,53.2289,0.0872855,0.555826,0,0.0131637
0.645,0.175,7.36094,6.21559,-1.66028,52.3251,0.0872855,0.555826,0,0.0131637
0.645,0.185,7.32917,6.1821,-1.56138,51.4352,0.0872855,0.555826,0,0.0131637
0.645,0.195,7.29772,6.14851,-1.46271,50.5599,0.0872855,0.555826,0,0.0131637
0.645,0.205,7.26666,6.11484,-1.3643,49.6999,0.0872855,0.555826,0,0.0131637
0.645,0.215,7.23606,6.08107,-1.2662,48.8558,0.0872855,0.555826,0,0.0131637
0.645,0.225,7.20604,6.04718,-1.16845,48.0286,0.0872855,0.555826,0,0.0131637
0.645,0.235,7.17672,6.01316,-1.0711,47.2196,0.0872855,0.555826,0,0.0131637
0.645,0.245,7.14828,5.97898,-0.974227,46.4298,0.0872855,0.555826,0,0.0131637
0.645,0.255,7.12094,5.94462,-0.877907,45.6611,0.0872855,0.555826,0,0.0131637
0.645,0.265,7.09495,5.91005,-0.782247,44.9153,0.0872855,0.555826,0,0.0131637
0.645,0.275,7.07065,5.87521,-0.687373,44.1949,0.0872855,0.555826,0,0.0131637
0.645,0.285,7.04847,5.84005,-0.593443,43.5029,0.0872855,0.555826,0,0.0131637
0.645,0.295,7.02892,5.80451,-0.500653,42.843,0.0872855,0.555826,0,0.0131637
0.645,0.305,7.01268,5.7685,-0.409245,42.2197,0.0872855,0.555826,0,0.0131637
0.645,0.315,7.00058,5.73191,-0.31952,41.6387,0.0872855,0.555826,0,0.0131637
0.645,0.325,6.99365,5.69463,-0.231847,41.1073,0.0872855,0.555826,0,0.0131637
0.645,0.335,6.99321,5.65647,-0.146683,40.6341,0.0872855,0.555826,0,0.0131637
0.645,0.345,7.00095,5.6172,-0.0645802,40.2302,0.0872855,0.555826,0,0.0131637
0.645,0.355,7.02294,5.57404,0.0140856,39.915,0.0872855,0.555826,0,0.0131637
0.645,0.365,7.06062,5.52659,0.0886196,39.692,0.0872855,0.555826,0,0.0131637
0.645,0.375,7.11252,5.47751,0.157816,39.5859,0.0872855,0.555826,0,0.0131637
0.645,0.385,7.18278,5.42588,0.22057,39.6219,0.0872855,0.555826,0,0.0131637
0.645,0.395,7.27512,5.37106,0.275877,39.8248,0.0872855,0.555826,0,0.0131637
0.645,0.405,7.39339,5.31244,0.322817,40.2207,0.0872855,0.555826,0,0.0131637
0.645,0.415,7.54127,5.24933,0.36069,40.8347,0.0872855,0.555826,0,0.0131637
0.645,0.425,7.72191,5.18108,0.389169,41.6883,0.0872855,0.555826,0,0.0131637
0.645,0.435,7.93748,5.10703,0.408445,42.7964,0.0872855,0.555826,0,0.0131637
0.645,0.445,8.1889,5.02662,0.419263,44.1658,0.0872855,0.555826,0,0.0131637
0.645,0.455,8.47575,4.93938,0.42285,45.7946,0.0872855,0.555826,0,0.0131637
0.645,0.465,8.79631,4.84491,0.420767,47.6727,0.0872855,0.555826,0,0.0131637
0.645,0.475,9.14772,4.74297,0.414737,49.7833,0.0872855,0.555826,0,0.0131637
0.645,0.485,9.52603,4.63337,0.406505,52.1034,0.0872855,0.555826,0,0.0131637
0.645,0.495,9.92606,4.51607,0.397749,54.6038,0.0872855,0.555826,0,0.0131637
0.645,0.505,10.3412,4.39113,0.390038,57.2483,0.0872855,0.555826,0,0.0131637
0.645,0.515,10.7627,4.25868,0.38482,59.992,0.0872855,0.555826,0,0.0131637
0.645,0.525,11.1787,4.11896,0.383456,62.7794,0.0872855,0.555826,0,0.0131637
0.645,0.535,11.5701,3.97227,0.387323,65.5405,0.0872855,0.555826,0,0.0131637
0.645,0.545,11.8981,3.81866,0.398089,68.1871,0.0872855,0.555826,0,0.0131637
0.645,0.555,12.078,3.65589,0.418453,70.6161,0.0872855,0.555826,0,0.0131637
0.645,0.565,11.9535,3.47402,0.453744,72.7246,0.0872855,0.555826,0,0.0131637
0.645,0.575,11.3354,3.24759,0.514167,74.4306,0.0872855,0.555826,0,0.0131637
0.645,0.585,10.1657,2.93935,0.614013,75.6299,0.0872855,0.555826,0,0.0131637
0.645,0.595,8.68384,2.52529,0.763015,76.1949,0.0872855,0.555826,0,0.0131637
0.645,0.605,7.29928,1.98822,0.957045,76.2924,0.0872855,0.555826,0,0.0131637
0.645,0.615,6.26575,1.33593,1.1768,76.1765,0.0872855,0.555826,0,0.0131637
0.645,0.625,5.604,0.606862,1.39197,76.069,0.0872855,0.555826,0,0.0131637
0.645,0.635,5.21909,-0.147843,1.57421,76.1171,0.0872855,0.555826,0,0.0131637
0.645,0.645,5.00319,-0.893543,1.7072,76.3502,0.0872855,0.555826,0,0.0131637
0.645,0.655,4.87607,-1.62873,1.7914,76.6843,0.0872855,0.555826,0,0.0131637
0.645,0.665,4.7968,-2.38247,1.83294,77.0211,0.0872855,0.555826,0,0.0131637
0.645,0.675,4.74626,-3.20629,1.83919,77.2619,0.0872855,0.555826,0,0.0131637
0.645,0.685,4.71929,-4.16365,1.81707,77.3198,0.0872855,0.555826,0,0.0131637
0.645,0.695,4.73027,-5.31277,1.77363,77.115,0.0872855,0.555826,0,0.0131637
0.645,0.705,4.83306,-6.67709,1.7175,76.6,0.0872855,0.555826,0,0.0131637
0.645,0.715,5.1337,-8.20018,1.66129,75.808,0.0872855,0.555826,0,0.0131637
0.645,0.725,5.77899,-9.72599,1.62479,75.0103,0.0872855,0.555826,0,0.0131637
0.645,0.735,6.94401,-11.0753,1.63537,74.8445,0.0872855,0.555826,0,0.0131637
0.645,0.745,8.86377,-12.1513,1.71756,76.2395,0.0872855,0.555826,0,0.0131637
0.645,0.755,11.9134,-12.9562,1.87748,80.1503,0.0872855,0.555826,0,0.0131637
0.645,0.765,16.7133,-13.5409,2.09719,87.3307,0.0872855,0.555826,0,0.0131637
0.645,0.775,24.2408,-13.9616,2.34202,98.1946,0.0872855,0.555826,0,0.0131637
0.645,0.785,35.9321,-14.2637,2.57161,112.726,0.0872855,0.555826,0,0.0131637
0.645,0.795,53.5069,-14.4807,2.75733,129.611,0.0872855,0.555826,0,0.0131637
0.645,0.805,78.4241,-14.6367,2.88341,145.745,0.0872855,0.555826,0,0.0131637
0.645,0.815,110.966,-14.7486,2.94361,156.793,0.0872855,0.555826,0,0.0131637
0.645,0.825,149.181,-14.8286,2.94237,158.564,0.0872855,0.555826,0,0.0131637
0.645,0.835,188.851,-14.885,2.89302,149.552,0.0872855,0.555826,0,0.0131637
0.645,0.845,225.3,-14.9238,2.81587,132.672,0.0872855,0.555826,0,0.0131637
0.645,0.855,256.196,-14.9497,2.73474,114.104,0.0872855,0.555826,0,0.0131637
0.645,0.865,282.889,-14.9662,2.6707,99.6977,0.0872855,0.555826,0,0.0131637
0.645,0.875,308.965,-14.9763,2.63484,92.1308,0.0872855,0.555826,0,0.0131637
0.645,0.885,337.627,-14.9825,2.62621,90.9531,0.0872855,0.555826,0,0.0131637
0.645,0.895,370.265,-14.9864,2.63682,94.3665,0.0872855,0.555826,0,0.0131637
0.645,0.905,406.683,-14.9892,2.65812,100.639,0.0872855,0.555826,0,0.0131637
0.645,0.915,445.929,-14.9912,2.68415,108.564,0.0872855,0.555826,0,0.0131637
0.645,0.925,486.923,-14.9928,2.71155,117.406,0.0872855,0.555826,0,0.0131637
0.645,0.935,528.717,-14.9941,2.73868,126.733,0.0872855,0.555826,0,0.0131637
0.645,0.945,570.536,-14.9952,2.76479,136.278,0.0872855,0.555826,0,0.0131637
0.645,0.955,611.75,-14.9961,2.78954,145.866,0.0872855,0.555826,0,0.0131637
0.645,0.965,651.835,-14.9968,2.81278,155.362,0.0872855,0.555826,0,0.0131637
0.645,0.975,690.352,-14.9974,2.83446,164.658,0.0872855,0.555826,0,0.0131637
0.645,0.985,726.935,-14.998,2.85456,173.661,0.0872855,0.555826,0,0.0131637
0.645,0.995,761.288,-14.9984,2.87308,182.287,0.0872855,0.555826,0,0.0131637
0.655,0.005,7.84732,6.84012,-3.35138,68.322,0.0989475,0.614178,0,0.0156901
0.655,0.015,7.81,6.80944,-3.25089,67.2417,0.0989475,0.614178,0,0.0156901
0.655,0.025,7.7751,6.77843,-3.14957,66.1955,0.0989475,0.614178,0,0.0156901
0.655,0.035,7.7405,6.74717,-3.04835,65.1579,0.0989475,0.614178,0,0.0156901
0.655,0.045,7.70612,6.71568,-2.94725,64.1286,0.0989475,0.614178,0,0.0156901
0.655,0.055,7.67195,6.68399,-2.84628,63.1081,0.0989475,0.614178,0,0.0156901
0.655,0.065,7.63798,6.65211,-2.74544,62.0966,0.0989475,0.614178,0,0.0156901
0.655,0.075,7.6042,6.62006,-2.64473,61.0945,0.0989475,0.614178,0,0.0156901
0.655,0.085,7.5706,6.58784,-2.54415,60.1022,0.0989475,0.614178,0,0.0156901
0.655,0.095,7.53718,6.55549,-2.44371,59.12,0.0989475,0.614178,0,0.0156901
0.655,0.105,7.50392,6.523,-2.34339,58.1484,0.0989475,0.614178,0,0.0156901
0.655,0.115,7.47082,6.49039,-2.24322,57.1875,0.0989475,0.614178,0,0.0156901
0.655,0.125,7.43788,6.45766,-2.14318,56.2378,0.0989475,0.614178,0,0.0156901
0.655,0.135,7.40512,6.42483,-2.0433,55.2996,0.0989475,0.614178,0,0.0156901
0.655,0.145,7.37253,6.3919,-1.94357,54.3733,0.0989475,0.614178,0,0.0156901
0.655,0.155,7.34013,6.35887,-1.84401,53.4594,0.0989475,0.614178,0,0.0156901
0.655,0.165,7.30794,6.32575,-1.74463,52.5581,0.0989475,0.614178,0,0.0156901
0.655,0.175,7.27599,6.29254,-1.64545,51.6701,0.0989475,0.614178,0,0.0156901
0.655,0.185,7.24433,6.25923,-1.54649,50.7957,0.0989475,0.614178,0,0.0156901
0.655,0.195,7.213,6.22582,-1.44777,49.9358,0.0989475,0.614178,0,0.0156901
0.655,0.205,7.18207,6.1923,-1.34933,49.0908,0.0989475,0.614178,0,0.0156901
0.655,0.215,7.15164,6.15867,-1.25121,48.2617,0.0989475,0.614178,0,0.0156901
0.655,0.225,7.12181,6.1249,-1.15345,47.4495,0.0989475,0.614178,0,0.0156901
0.655,0.235,7.09273,6.09098,-1.05612,46.6552,0.0989475,0.614178,0,0.0156901
0.655,0.245,7.06457,6.05689,-0.959277,45.8803,0.0989475,0.614178,0,0.0156901
0.655,0.255,7.03756,6.02259,-0.863022,45.1265,0.0989475,0.614178,0,0.0156901
0.655,0.265,7.01197,5.98804,-0.767463,44.3959,0.0989475,0.614178,0,0.0156901
0.655,0.275,6.98817,5.9532,-0.672734,43.691,0.0989475,0.614178,0,0.0156901
0.655,0.285,6.96659,5.91802,-0.579003,43.015,0.0989475,0.614178,0,0.0156901
0.655,0.295,6.94779,5.88241,-0.486479,42.3717,0.0989475,0.614178,0,0.0156901
0.655,0.305,6.93247,5.84629,-0.395419,41.7662,0.0989475,0.614178,0,0.0156901
0.655,0.315,6.9215,5.80954,-0.306145,41.2043,0.0989475,0.614178,0,0.0156901
0.655,0.325,6.916,5.77203,-0.219051,40.6937,0.0989475,0.614178,0,0.0156901
0.655,0.335,6.91734,5.73357,-0.134627,40.2437,0.0989475,0.614178,0,0.0156901
0.655,0.345,6.92733,5.69389,-0.0534572,39.8662,0.0989475,0.614178,0,0.0156901
0.655,0.355,6.95325,5.64941,0.0240816,39.582,0.0989475,0.614178,0,0.0156901
0.655,0.365,6.99405,5.60137,0.0971809,39.3934,0.0989475,0.614178,0,0.0156901
0.655,0.375,7.05013,5.55145,0.164532,39.3294,0.0989475,0.614178,0,0.0156901
0.655,0.385,7.12567,5.49875,0.225039,39.4153,0.0989475,0.614178,0,0.0156901
0.655,0.395,7.22453,5.44259,0.277659,39.6775,0.0989475,0.614178,0,0.0156901
0.655,0.405,7.35074,5.3823,0.321456,40.1434,0.0989475,0.614178,0,0.0156901
0.655,0.415,7.5081,5.31716,0.355754,40.8392,0.0989475,0.614178,0,0.0156901
0.655,0.425,7.69978,5.24645,0.3803,41.7871,0.0989475,0.614178,0,0.0156901
0.655,0.435,7.92789,5.16948,0.395405,43.002,0.0989475,0.614178,0,0.0156901
0.655,0.445,8.1932,5.08565,0.401964,44.4901,0.0989475,0.614178,0,0.0156901
0.655,0.455,8.495,4.99448,0.401376,46.2478,0.0989475,0.614178,0,0.0156901
0.655,0.465,8.83121,4.89561,0.39538,48.2629,0.0989475,0.614178,0,0.0156901
0.655,0.475,9.19839,4.78883,0.385883,50.5145,0.0989475,0.614178,0,0.0156901
0.655,0.485,9.59181,4.67407,0.374807,52.9743,0.0989475,0.614178,0,0.0156901
0.655,0.495,10.0053,4.55141,0.363991,55.6061,0.0989475,0.614178,0,0.0156901
0.655,0.505,10.4311,4.42105,0.355127,58.3654,0.0989475,0.614178,0,0.0156901
0.655,0.515,10.859,4.28326,0.34975,61.1986,0.0989475,0.614178,0,0.0156901
0.655,0.525,11.2754,4.13839,0.349284,64.0406,0.0989475,0.614178,0,0.0156901
0.655,0.535,11.6574,3.98675,0.355192,66.8118,0.0989475,0.614178,0,0.0156901
0.655,0.545,11.9575,3.82791,0.369375,69.4167,0.0989475,0.614178,0,0.0156901
0.655,0.555,12.0724,3.65772,0.395183,71.7514,0.0989475,0.614178,0,0.0156901
0.655,0.565,11.8248,3.46198,0.439342,73.7218,0.0989475,0.614178,0,0.0156901
0.655,0.575,11.0389,3.20962,0.513973,75.2537,0.0989475,0.614178,0,0.0156901
0.655,0.585,9.7382,2.86779,0.632895,76.2057,0.0989475,0.614178,0,0.0156901
0.655,0.595,8.25292,2.41805,0.801282,76.5304,0.0989475,0.614178,0,0.0156901
0.655,0.605,6.97329,1.85112,1.00923,76.4683,0.0989475,0.614178,0,0.0156901
0.655,0.615,6.07029,1.18549,1.23268,76.2859,0.0989475,0.614178,0,0.0156901
0.655,0.625,5.51053,0.465251,1.44063,76.1904,0.0989475,0.614178,0,0.0156901
0.655,0.635,5.18752,-0.262622,1.60888,76.291,0.0989475,0.614178,0,0.0156901
0.655,0.645,5.0015,-0.973038,1.72718,76.5703,0.0989475,0.614178,0,0.0156901
0.655,0.655,4.88727,-1.67214,1.79884,76.9243,0.0989475,0.614178,0,0.0156901
0.655,0.665,4.8126,-2.39261,1.83053,77.2494,0.0989475,0.614178,0,0.0156901
0.655,0.675,4.76156,-3.18722,1.82901,77.4519,0.0989475,0.614178,0,0.0156901
0.655,0.685,4.72916,-4.12016,1.80052,77.4547,0.0989475,0.614178,0,0.0156901
0.655,0.695,4.72989,-5.25037,1.75183,77.1915,0.0989475,0.614178,0,0.0156901
0.655,0.705,4.81939,-6.60143,1.69189,76.6412,0.0989475,0.614178,0,0.0156901
0.655,0.715,5.1056,-8.11707,1.63446,75.8756,0.0989475,0.614178,0,0.0156901
0.655,0.725,5.7361,-9.64204,1.60061,75.2054,0.0989475,0.614178,0,0.0156901
0.655,0.735,6.88637,-10.998,1.61767,75.2699,0.0989475,0.614178,0,0.0156901
0.655,0.745,8.79264,-12.0866,1.70803,76.9494,0.0989475,0.614178,0,0.0156901
0.655,0.755,11.8313,-12.9064,1.87528,81.1395,0.0989475,0.614178,0,0.0156901
0.655,0.765,16.6241,-13.5049,2.10027,88.5668,0.0989475,0.614178,0,0.0156901
0.655,0.775,24.151,-13.9366,2.34832,99.6459,0.0989475,0.614178,0,0.0156901
0.655,0.785,35.8508,-14.2468,2.57954,114.357,0.0989475,0.614178,0,0.0156901
0.655,0.795,53.4516,-14.4695,2.76555,131.381,0.0989475,0.614178,0,0.0156901
0.655,0.805,78.416,-14.6294,2.89112,147.572,0.0989475,0.614178,0,0.0156901
0.655,0.815,111.026,-14.744,2.95036,158.557,0.0989475,0.614178,0,0.0156901
0.655,0.825,149.322,-14.8257,2.94793,160.128,0.0989475,0.614178,0,0.0156901
0.655,0.835,189.062,-14.8833,2.89731,150.799,0.0989475,0.614178,0,0.0156901
0.655,0.845,225.545,-14.9229,2.81892,133.548,0.0989475,0.614178,0,0.0156901
0.655,0.855,256.426,-14.9492,2.73669,114.638,0.0989475,0.614178,0,0.0156901
0.655,0.865,283.067,-14.9659,2.67179,99.9813,0.0989475,0.614178,0,0.0156901
0.655,0.875,309.082,-14.9762,2.63537,92.2637,0.0989475,0.614178,0,0.0156901
0.655,0.885,337.692,-14.9824,2.62644,91.0098,0.0989475,0.614178,0,0.0156901
0.655,0.895,370.298,-14.9864,2.63691,94.3891,0.0989475,0.614178,0,0.0156901
0.655,0.905,406.698,-14.9892,2.65816,100.647,0.0989475,0.614178,0,0.0156901
0.655,0.915,445.935,-14.9912,2.68416,108.567,0.0989475,0.614178,0,0.0156901
0.655,0.925,486.926,-14.9928,2.71155,117.407,0.0989475,0.614178,0,0.0156901
0.655,0.935,528.718,-14.9941,2.73869,126.733,0.0989475,0.614178,0,0.0156901
0.655,0.945,570.537,-14.9952,2.76479,136.278,0.0989475,0.614178,0,0.0156901
0.655,0.955,611.75,-14.9961,2.78954,145.866,0.0989475,0.614178,0,0.0156901
0.655,0.965,651.835,-14.9968,2.81278,155.362,0.0989475,0.614178,0,0.0156901
0.655,0.975,690.352,-14.9974,2.83446,164.658,0.0989475,0.614178,0,0.0156901
0.655,0.985,726.935,-14.998,2.85456,173.661,0.0989475,0.614178,0,0.0156901
0.655,0.995,761.288,-14.9984,2.87308,182.287,0.0989475,0.614178,0,0.0156901
0.665,0.005,7.76304,6.91244,-3.33758,67.3862,0.111824,0.67253,0,0.0186212
0.665,0.015,7.72552,6.88207,-3.23717,66.3218,0.111824,0.67253,0,0.0186212
0.665,0.025,7.69068,6.85136,-3.1358,65.2944,0.111824,0.67253,0,0.0186212
0.665,0.035,7.65614,6.8204,-3.03452,64.2755,0.111824,0.67253,0,0.0186212
0.665,0.045,7.62182,6.78922,-2.93336,63.2648,0.111824,0.67253,0,0.0186212
0.665,0.055,7.58771,6.75782,-2.83233,62.2626,0.111824,0.67253,0,0.0186212
0.665,0.065,7.55379,6.72623,-2.73142,61.2692,0.111824,0.67253,0,0.0186212
0.665,0.075,7.52007,6.69447,-2.63064,60.285,0.111824,0.67253,0,0.0186212
0.665,0.085,7.48652,6.66254,-2.52998,59.3104,0.111824,0.67253,0,0.0186212
0.665,0.095,7.45315,6.63046,-2.42946,58.3456,0.111824,0.67253,0,0.0186212
0.665,0.105,7.41994,6.59824,-2.32907,57.3911,0.111824,0.67253,0,0.0186212
0.665,0.115,7.38689,6.56589,-2.22882,56.4471,0.111824,0.67253,0,0.0186212
0.665,0.125,7.35402,6.53342,-2.12871,55.514,0.111824,0.67253,0,0.0186212
0.665,0.135,7.32131,6.50083,-2.02876,54.5921,0.111824,0.67253,0,0.0186212
0.665,0.145,7.28878,6.46813,-1.92896,53.6819,0.111824,0.67253,0,0.0186212
0.665,0.155,7.25645,6.43532,-1.82933,52.7838,0.111824,0.67253,0,0.0186212
0.665,0.165,7.22434,6.4024,-1.72989,51.8981,0.111824,0.67253,0,0.0186212
0.665,0.175,7.19248,6.36938,-1.63065,51.0254,0.111824,0.67253,0,0.0186212
0.665,0.185,7.16092,6.33625,-1.53164,50.1662,0.111824,0.67253,0,0.0186212
0.665,0.195,7.1297,6.30301,-1.43288,49.3212,0.111824,0.67253,0,0.0186212
0.665,0.205,7.09892,6.26964,-1.33441,48.491,0.111824,0.67253,0,0.0186212
0.665,0.215,7.06865,6.23613,-1.23627,47.6766,0.111824,0.67253,0,0.0186212
0.665,0.225,7.03901,6.20247,-1.13851,46.8789,0.111824,0.67253,0,0.0186212
0.665,0.235,7.01017,6.16865,-1.0412,46.0992,0.111824,0.67253,0,0.0186212
0.665,0.245,6.98229,6.13462,-0.944409,45.3389,0.111824,0.67253,0,0.0186212
0.665,0.255,6.95562,6.10036,-0.848235,44.5999,0.111824,0.67253,0,0.0186212
0.665,0.265,6.93046,6.06584,-0.752793,43.8843,0.111824,0.67253,0,0.0186212
0.665,0.275,6.90717,6.03099,-0.658228,43.1948,0.111824,0.67253,0,0.0186212
0.665,0.285,6.88622,5.99576,-0.56472,42.5348,0.111824,0.67253,0,0.0186212
0.665,0.295,6.86821,5.96006,-0.472491,41.9084,0.111824,0.67253,0,0.0186212
0.665,0.305,6.85386,5.92381,-0.381816,41.3208,0.111824,0.67253,0,0.0186212
0.665,0.315,6.84411,5.88688,-0.293038,40.7784,0.111824,0.67253,0,0.0186212
0.665,0.325,6.84013,5.84911,-0.206583,40.2893,0.111824,0.67253,0,0.0186212
0.665,0.335,6.8434,5.81031,-0.122972,39.8635,0.111824,0.67253,0,0.0186212
0.665,0.345,6.85596,5.7701,-0.0428138,39.514,0.111824,0.67253,0,0.0186212
0.665,0.355,6.88582,5.72431,0.0334757,39.2615,0.111824,0.67253,0,0.0186212
0.665,0.365,6.93007,5.67562,0.104972,39.1103,0.111824,0.67253,0,0.0186212
0.665,0.375,6.9908,5.62476,0.170292,39.0917,0.111824,0.67253,0,0.0186212
0.665,0.385,7.07218,5.57085,0.228319,39.2319,0.111824,0.67253,0,0.0186212
0.665,0.395,7.17831,5.51319,0.277971,39.559,0.111824,0.67253,0,0.0186212
0.665,0.405,7.3134,5.45102,0.318298,40.1023,0.111824,0.67253,0,0.0186212
0.665,0.415,7.48138,5.38357,0.348651,40.8892,0.111824,0.67253,0,0.0186212
0.665,0.425,7.68545,5.31006,0.36887,41.9424,0.111824,0.67253,0,0.0186212
0.665,0.435,7.92765,5.22976,0.379412,43.277,0.111824,0.67253,0,0.0186212
0.665,0.445,8.2085,5.14206,0.381358,44.898,0.111824,0.67253,0,0.0186212
0.665,0.455,8.52693,5.04646,0.37632,46.7996,0.111824,0.67253,0,0.0186212
0.665,0.465,8.88026,4.94268,0.366267,48.9654,0.111824,0.67253,0,0.0186212
0.665,0.475,9.26427,4.8306,0.35333,51.3691,0.111824,0.67253,0,0.0186212
0.665,0.485,9.67323,4.71028,0.339633,53.9751,0.111824,0.67253,0,0.0186212
0.665,0.495,10.0998,4.58198,0.327171,56.7384,0.111824,0.67253,0,0.0186212
0.665,0.505,10.5348,4.44606,0.317734,59.6055,0.111824,0.67253,0,0.0186212
0.665,0.515,10.9667,4.30294,0.312903,62.5131,0.111824,0.67253,0,0.0186212
0.665,0.525,11.3797,4.15302,0.314128,65.3871,0.111824,0.67253,0,0.0186212
0.665,0.535,11.7466,3.99648,0.322956,68.1396,0.111824,0.67253,0,0.0186212
0.665,0.545,12.0082,3.83201,0.341612,70.671,0.111824,0.67253,0,0.0186212
0.665,0.555,12.039,3.65274,0.37433,72.882,0.111824,0.67253,0,0.0186212
0.665,0.565,11.6448,3.43943,0.429495,74.6906,0.111824,0.67253,0,0.0186212
0.665,0.575,10.6852,3.15658,0.520827,76.0242,0.111824,0.67253,0,0.0186212
0.665,0.585,9.2839,2.78094,0.66019,76.6881,0.111824,0.67253,0,0.0186212
0.665,0.595,7.83892,2.29735,0.846863,76.7823,0.111824,0.67253,0,0.0186212
0.665,0.605,6.68423,1.70591,1.06549,76.5886,0.111824,0.67253,0,0.0186212
0.665,0.615,5.90812,1.03454,1.2884,76.371,0.111824,0.67253,0,0.0186212
0.665,0.625,5.43792,0.329516,1.48589,76.3121,0.111824,0.67253,0,0.0186212
0.665,0.635,5.16518,-0.368738,1.6389,76.4765,0.111824,0.67253,0,0.0186212
0.665,0.645,5.00231,-1.0442,1.74275,76.8004,0.111824,0.67253,0,0.0186212
0.665,0.655,4.89817,-1.70883,1.80261,77.168,0.111824,0.67253,0,0.0186212
0.665,0.665,4.82748,-2.39766,1.82515,77.4754,0.111824,0.67253,0,0.0186212
0.665,0.675,4.77617,-3.16425,1.81643,77.6366,0.111824,0.67253,0,0.0186212
0.665,0.685,4.73876,-4.07335,1.78208,77.5856,0.111824,0.67253,0,0.0186212
0.665,0.695,4.72991,-5.18465,1.72873,77.2725,0.111824,0.67253,0,0.0186212
0.665,0.705,4.80716,-6.52184,1.66579,76.7048,0.111824,0.67253,0,0.0186212
0.665,0.715,5.08022,-8.02912,1.60818,75.9912,0.111824,0.67253,0,0.0186212
0.665,0.725,5.6971,-9.55289,1.57797,75.4736,0.111824,0.67253,0,0.0186212
0.665,0.735,6.83352,-10.9161,1.602,75.7818,0.111824,0.67253,0,0.0186212
0.665,0.745,8.72683,-12.0186,1.70042,77.7441,0.111824,0.67253,0,0.0186212
0.665,0.755,11.7549,-12.8546,1.87461,82.2037,0.111824,0.67253,0,0.0186212
0.665,0.765,16.5414,-13.4678,2.1045,89.8677,0.111824,0.67253,0,0.0186212
0.665,0.775,24.0693,-13.9111,2.35547,101.153,0.111824,0.67253,0,0.0186212
0.665,0.785,35.7807,-14.2298,2.58805,116.033,0.111824,0.67253,0,0.0186212
0.665,0.795,53.4106,-14.4584,2.7741,133.178,0.111824,0.67253,0,0.0186212
0.665,0.805,78.4239,-14.6223,2.89894,149.401,0.111824,0.67253,0,0.0186212
0.665,0.815,111.101,-14.7395,2.95705,160.296,0.111824,0.67253,0,0.0186212
0.665,0.825,149.47,-14.823,2.95332,161.643,0.111824,0.67253,0,0.0186212
0.665,0.835,189.27,-14.8816,2.90139,151.984,0.111824,0.67253,0,0.0186212
0.665,0.845,225.777,-14.922,2.82176,134.366,0.111824,0.67253,0,0.0186212
0.665,0.855,256.639,-14.9487,2.73848,115.129,0.111824,0.67253,0,0.0186212
0.665,0.865,283.229,-14.9657,2.67278,100.238,0.111824,0.67253,0,0.0186212
0.665,0.875,309.185,-14.9761,2.63584,92.382,0.111824,0.67253,0,0.0186212
0.665,0.885,337.75,-14.9824,2.62664,91.0594,0.111824,0.67253,0,0.0186212
0.665,0.895,370.326,-14.9864,2.63699,94.4085,0.111824,0.67253,0,0.0186212
0.665,0.905,406.711,-14.9891,2.65818,100.654,0.111824,0.67253,0,0.0186212
0.665,0.915,445.941,-14.9912,2.68417,108.569,0.111824,0.67253,0,0.0186212
0.665,0.925,486.928,-14.9928,2.71156,117.408,0.111824,0.67253,0,0.0186212
0.665,0.935,528.719,-14.9941,2.73869,126.733,0.111824,0.67253,0,0.0186212
0.665,0.945,570.537,-14.9952,2.76479,136.279,0.111824,0.67253,0,0.0186212
0.665,0.955,611.75,-14.9961,2.78954,145.866,0.111824,0.67253,0,0.0186212
0.665,0.965,651.835,-14.9968,2.81278,155.362,0.111824,0.67253,0,0.0186212
0.665,0.975,690.352,-14.9974,2.83446,164.658,0.111824,0.67253,0,0.0186212
0.665,0.985,726.935,-14.998,2.85456,173.661,0.111824,0.67253,0,0.0186212
0.665,0.995,761.288,-14.9984,2.87308,182.287,0.111824,0.67253,0,0.0186212
0.675,0.005,7.68024,6.98481,-3.32377,66.4686,0.126007,0.730882,0,0.0220097
0.675,0.015,7.6425,6.95473,-3.22344,65.4195,0.126007,0.730882,0,0.0220097
0.675,0.025,7.60771,6.92432,-3.12202,64.4103,0.126007,0.730882,0,0.0220097
0.675,0.035,7.57323,6.89366,-3.02068,63.4097,0.126007,0.730882,0,0.0220097
0.675,0.045,7.53896,6.86276,-2.91946,62.417,0.126007,0.730882,0,0.0220097
0.675,0.055,7.50491,6.83166,-2.81837,61.4326,0.126007,0.730882,0,0.0220097
0.675,0.065,7.47105,6.80035,-2.71739,60.4568,0.126007,0.730882,0,0.0220097
0.675,0.075,7.43737,6.76887,-2.61654,59.49,0.126007,0.730882,0,0.0220097
0.675,0.085,7.40387,6.73721,-2.51582,58.5325,0.126007,0.730882,0,0.0220097
0.675,0.095,7.37054,6.7054,-2.41522,57.5846,0.126007,0.730882,0,0.0220097
0.675,0.105,7.33738,6.67344,-2.31476,56.6467,0.126007,0.730882,0,0.0220097
0.675,0.115,7.30438,6.64134,-2.21444,55.7191,0.126007,0.730882,0,0.0220097
0.675,0.125,7.27156,6.60911,-2.11425,54.8021,0.126007,0.730882,0,0.0220097
0.675,0.135,7.2389,6.57675,-2.01423,53.8962,0.126007,0.730882,0,0.0220097
0.675,0.145,7.20643,6.54427,-1.91436,53.0016,0.126007,0.730882,0,0.0220097
0.675,0.155,7.17416,6.51167,-1.81467,52.1189,0.126007,0.730882,0,0.0220097
0.675,0.165,7.14212,6.47895,-1.71516,51.2484,0.126007,0.730882,0,0.0220097
0.675,0.175,7.11035,6.44611,-1.61587,50.3906,0.126007,0.730882,0,0.0220097
0.675,0.185,7.07888,6.41315,-1.51682,49.5462,0.126007,0.730882,0,0.0220097
0.675,0.195,7.04778,6.38006,-1.41802,48.7157,0.126007,0.730882,0,0.0220097
0.675,0.205,7.01713,6.34683,-1.31953,47.9,0.126007,0.730882,0,0.0220097
0.675,0.215,6.98703,6.31344,-1.22139,47.0999,0.126007,0.730882,0,0.0220097
0.675,0.225,6.95759,6.27988,-1.12364,46.3165,0.126007,0.730882,0,0.0220097
0.675,0.235,6.92898,6.24614,-1.02636,45.5511,0.126007,0.730882,0,0.0220097
0.675,0.245,6.9014,6.21217,-0.929631,44.8053,0.126007,0.730882,0,0.0220097
0.675,0.255,6.87509,6.17795,-0.83355,44.0809,0.126007,0.730882,0,0.0220097
0.675,0.265,6.85037,6.14343,-0.738243,43.3802,0.126007,0.730882,0,0.0220097
0.675,0.275,6.82762,6.10856,-0.643864,42.7061,0.126007,0.730882,0,0.0220097
0.675,0.285,6.80734,6.07326,-0.550605,42.0622,0.126007,0.730882,0,0.0220097
0.675,0.295,6.79016,6.03747,-0.458703,41.4528,0.126007,0.730882,0,0.0220097
0.675,0.305,6.77685,6.00106,-0.368453,40.8835,0.126007,0.730882,0,0.0220097
0.675,0.315,6.76841,5.96391,-0.280225,40.3611,0.126007,0.730882,0,0.0220097
0.675,0.325,6.76608,5.92585,-0.194474,39.8942,0.126007,0.730882,0,0.0220097
0.675,0.335,6.77144,5.88667,-0.11176,39.4938,0.126007,0.730882,0,0.0220097
0.675,0.345,6.78698,5.84575,-0.0327038,39.1742,0.126007,0.730882,0,0.0220097
0.675,0.355,6.82071,5.79875,0.0421962,38.9548,0.126007,0.730882,0,0.0220097
0.675,0.365,6.86889,5.74929,0.111896,38.8443,0.126007,0.730882,0,0.0220097
0.675,0.375,6.93478,5.69737,0.174965,38.8751,0.126007,0.730882,0,0.0220097
0.675,0.385,7.02269,5.6421,0.230241,39.0749,0.126007,0.730882,0,0.0220097
0.675,0.395,7.13698,5.58272,0.276593,39.474,0.126007,0.730882,0,0.0220097
0.675,0.405,7.28207,5.51841,0.31306,40.1035,0.126007,0.730882,0,0.0220097
0.675,0.415,7.46205,5.44832,0.339037,40.9926,0.126007,0.730882,0,0.0220097
0.675,0.425,7.68013,5.37161,0.354481,42.1646,0.126007,0.730882,0,0.0220097
0.675,0.435,7.9382,5.28751,0.36003,43.6341,0.126007,0.730882,0,0.0220097
0.675,0.445,8.23645,5.19539,0.357005,45.4041,0.126007,0.730882,0,0.0220097
0.675,0.455,8.57321,5.09482,0.347292,47.4652,0.126007,0.730882,0,0.0220097
0.675,0.465,8.94502,4.9856,0.333141,49.7952,0.126007,0.730882,0,0.0220097
0.675,0.475,9.34659,4.86776,0.316943,52.3601,0.126007,0.730882,0,0.0220097
0.675,0.485,9.77096,4.74156,0.301028,55.1147,0.126007,0.730882,0,0.0220097
0.675,0.495,10.2094,4.60745,0.28752,58.0043,0.126007,0.730882,0,0.0220097
0.675,0.505,10.6515,4.46595,0.278257,60.9654,0.126007,0.730882,0,0.0220097
0.675,0.515,11.0841,4.31761,0.274806,63.9259,0.126007,0.730882,0,0.0220097
0.675,0.525,11.4891,4.16283,0.278608,66.8032,0.126007,0.730882,0,0.0220097
0.675,0.535,11.8335,4.00142,0.291319,69.5037,0.126007,0.730882,0,0.0220097
0.675,0.545,12.0431,3.83057,0.315647,71.9281,0.126007,0.730882,0,0.0220097
0.675,0.555,11.9669,3.63981,0.357026,73.9858,0.126007,0.730882,0,0.0220097
0.675,0.565,11.4033,3.40451,0.425737,75.605,0.126007,0.730882,0,0.0220097
0.675,0.575,10.2748,3.08891,0.535993,76.687,0.126007,0.730882,0,0.0220097
0.675,0.585,8.81767,2.67947,0.696063,77.0556,0.126007,0.730882,0,0.0220097
0.675,0.595,7.45374,2.16516,0.899023,76.9433,0.126007,0.730882,0,0.0220097
0.675,0.605,6.43508,1.55569,1.12434,76.6529,0.126007,0.730882,0,0.0220097
0.675,0.615,5.77691,0.886084,1.34242,76.4335,0.126007,0.730882,0,0.0220097
0.675,0.625,5.3824,0.201368,1.52679,76.4334,0.126007,0.730882,0,0.0220097
0.675,0.635,5.14909,-0.465855,1.66392,76.6682,0.126007,0.730882,0,0.0220097
0.675,0.645,5.00386,-1.10741,1.75385,77.0335,0.126007,0.730882,0,0.0220097
0.675,0.655,4.90798,-1.73931,1.80272,77.4086,0.126007,0.730882,0,0.0220097
0.675,0.665,4.84124,-2.39803,1.8168,77.6941,0.126007,0.730882,0,0.0220097
0.675,0.675,4.79012,-3.1376,1.80146,77.8137,0.126007,0.730882,0,0.0220097
0.675,0.685,4.74827,-4.02326,1.76185,77.7136,0.126007,0.730882,0,0.0220097
0.675,0.695,4.73068,-5.1155,1.70455,77.3633,0.126007,0.730882,0,0.0220097
0.675,0.705,4.79688,-6.43804,1.63957,76.8004,0.126007,0.730882,0,0.0220097
0.675,0.715,5.0581,-7.93606,1.5829,76.1663,0.126007,0.730882,0,0.0220097
0.675,0.725,5.66246,-9.45839,1.55724,75.8242,0.126007,0.730882,0,0.0220097
0.675,0.735,6.78574,-10.8297,1.58855,76.3851,0.126007,0.730882,0,0.0220097
0.675,0.745,8.66641,-11.9474,1.69478,78.6248,0.126007,0.730882,0,0.0220097
0.675,0.755,11.6841,-12.8007,1.87546,83.3426,0.126007,0.730882,0,0.0220097
0.675,0.765,16.4651,-13.4296,2.10988,91.2333,0.126007,0.730882,0,0.0220097
0.675,0.775,23.9959,-13.8851,2.36348,102.717,0.126007,0.730882,0,0.0220097
0.675,0.785,35.7218,-14.2126,2.59714,117.753,0.126007,0.730882,0,0.0220097
0.675,0.795,53.3835,-14.4473,2.78296,135.001,0.126007,0.730882,0,0.0220097
0.675,0.805,78.4468,-14.6152,2.90684,151.229,0.126007,0.730882,0,0.0220097
0.675,0.815,111.188,-14.7351,2.96364,162.004,0.126007,0.730882,0,0.0220097
0.675,0.825,149.624,-14.8203,2.95852,163.104,0.126007,0.730882,0,0.0220097
0.675,0.835,189.474,-14.8801,2.90524,153.107,0.126007,0.730882,0,0.0220097
0.675,0.845,225.997,-14.9211,2.8244,135.126,0.126007,0.730882,0,0.0220097
0.675,0.855,256.834,-14.9483,2.7401,115.578,0.126007,0.730882,0,0.0220097
0.675,0.865,283.374,-14.9655,2.67366,100.468,0.126007,0.730882,0,0.0220097
0.675,0.875,309.277,-14.976,2.63626,92.4865,0.126007,0.730882,0,0.0220097
0.675,0.885,337.8,-14.9824,2.62682,91.1025,0.126007,0.730882,0,0.0220097
0.675,0.895,370.351,-14.9864,2.63705,94.4251,0.126007,0.730882,0,0.0220097
0.675,0.905,406.721,-14.9891,2.6582,100.66,0.126007,0.730882,0,0.0220097
0.675,0.915,445.945,-14.9912,2.68417,108.571,0.126007,0.730882,0,0.0220097
0.675,0.925,486.93,-14.9928,2.71156,117.409,0.126007,0.730882,0,0.0220097
0.675,0.935,528.72,-14.9941,2.73869,126.734,0.126007,0.730882,0,0.0220097
0.675,0.945,570.537,-14.9952,2.76479,136.279,0.126007,0.730882,0,0.0220097
0.675,0.955,611.75,-14.9961,2.78954,145.866,0.126007,0.730882,0,0.0220097
0.675,0.965,651.835,-14.9968,2.81278,155.362,0.126007,0.730882,0,0.0220097
0.675,0.975,690.352,-14.9974,2.83446,164.658,0.126007,0.730882,0,0.0220097
0.675,0.985,726.935,-14.998,2.85456,173.661,0.126007,0.730882,0,0.0220097
0.675,0.995,761.288,-14.9984,2.87308,182.287,0.126007,0.730882,0,0.0220097
0.685,0.005,7.59884,7.05722,-3.30995,65.5684,0.141595,0.789234,0,0.0259135
0.685,0.015,7.56088,7.02743,-3.20972,64.5339,0.141595,0.789234,0,0.0259135
0.685,0.025,7.52613,6.99731,-3.10825,63.5424,0.141595,0.789234,0,0.0259135
0.685,0.035,7.4917,6.96693,-3.00685,62.5595,0.141595,0.789234,0,0.0259135
0.685,0.045,7.4575,6.93632,-2.90557,61.5844,0.141595,0.789234,0,0.0259135
0.685,0.055,7.42349,6.90549,-2.80441,60.6174,0.141595,0.789234,0,0.0259135
0.685,0.065,7.38967,6.87446,-2.70336,59.6587,0.141595,0.789234,0,0.0259135
0.685,0.075,7.35604,6.84325,-2.60244,58.7088,0.141595,0.789234,0,0.0259135
0.685,0.085,7.32259,6.81186,-2.50165,57.7679,0.141595,0.789234,0,0.0259135
0.685,0.095,7.2893,6.7803,-2.40098,56.8365,0.141595,0.789234,0,0.0259135
0.685,0.105,7.25618,6.74859,-2.30045,55.9147,0.141595,0.789234,0,0.0259135
0.685,0.115,7.22322,6.71673,-2.20005,55.0031,0.141595,0.789234,0,0.0259135
0.685,0.125,7.19044,6.68473,-2.0998,54.1018,0.141595,0.789234,0,0.0259135
0.685,0.135,7.15783,6.65259,-1.99971,53.2113,0.141595,0.789234,0,0.0259135
0.685,0.145,7.12541,6.62033,-1.89978,52.3319,0.141595,0.789234,0,0.0259135
0.685,0.155,7.09321,6.58792,-1.80002,51.4642,0.141595,0.789234,0,0.0259135
0.685,0.165,7.06123,6.55539,-1.70047,50.6084,0.141595,0.789234,0,0.0259135
0.685,0.175,7.02954,6.52273,-1.60113,49.7652,0.141595,0.789234,0,0.0259135
0.685,0.185,6.99816,6.48992,-1.50203,48.9352,0.141595,0.789234,0,0.0259135
0.685,0.195,6.96718,6.45697,-1.40321,48.119,0.141595,0.789234,0,0.0259135
0.685,0.205,6.93667,6.42387,-1.30471,47.3174,0.141595,0.789234,0,0.0259135
0.685,0.215,6.90673,6.39059,-1.20656,46.5314,0.141595,0.789234,0,0.0259135
0.685,0.225,6.87749,6.35713,-1.10884,45.7621,0.141595,0.789234,0,0.0259135
0.685,0.235,6.84913,6.32345,-1.0116,45.0109,0.141595,0.789234,0,0.0259135
0.685,0.245,6.82185,6.28953,-0.914946,44.2793,0.141595,0.789234,0,0.0259135
0.685,0.255,6.79592,6.25533,-0.818975,43.5693,0.141595,0.789234,0,0.0259135
0.685,0.265,6.77166,6.22081,-0.723822,42.8835,0.141595,0.789234,0,0.0259135
0.685,0.275,6.74948,6.18589,-0.629653,42.2249,0.141595,0.789234,0,0.0259135
0.685,0.285,6.72992,6.15052,-0.536671,41.5972,0.141595,0.789234,0,0.0259135
0.685,0.295,6.71362,6.1146,-0.445132,41.0051,0.141595,0.789234,0,0.0259135
0.685,0.305,6.70143,6.07801,-0.355353,40.4544,0.141595,0.789234,0,0.0259135
0.685,0.315,6.6944,6.04062,-0.267731,39.9527,0.141595,0.789234,0,0.0259135
0.685,0.325,6.69385,6.00224,-0.182758,39.509,0.141595,0.789234,0,0.0259135
0.685,0.335,6.70149,5.96262,-0.101037,39.1351,0.141595,0.789234,0,0.0259135
0.685,0.345,6.72039,5.92083,-0.0231963,38.8474,0.141595,0.789234,0,0.0259135
0.685,0.355,6.7581,5.87267,0.0501516,38.6633,0.141595,0.789234,0,0.0259135
0.685,0.365,6.81071,5.82232,0.117838,38.5973,0.141595,0.789234,0,0.0259135
0.685,0.375,6.88239,5.76919,0.178394,38.6823,0.141595,0.789234,0,0.0259135
0.685,0.385,6.97767,5.71237,0.230592,38.9482,0.141595,0.789234,0,0.0259135
0.685,0.395,7.1012,5.65103,0.273251,39.4279,0.141595,0.789234,0,0.0259135
0.685,0.405,7.25767,5.58425,0.305399,40.1547,0.141595,0.789234,0,0.0259135
0.685,0.415,7.45129,5.51111,0.326498,41.1595,0.141595,0.789234,0,0.0259135
0.685,0.425,7.68528,5.43071,0.336662,42.4662,0.141595,0.789234,0,0.0259135
0.685,0.435,7.96125,5.34224,0.336769,44.0881,0.141595,0.789234,0,0.0259135
0.685,0.445,8.27886,5.24512,0.328446,46.0251,0.141595,0.789234,0,0.0259135
0.685,0.455,8.63564,5.13899,0.313925,48.2619,0.141595,0.789234,0,0.0259135
0.685,0.465,9.02699,5.0238,0.295788,50.768,0.141595,0.789234,0,0.0259135
0.685,0.475,9.44634,4.8998,0.276706,53.4992,0.141595,0.789234,0,0.0259135
0.685,0.485,9.88529,4.76748,0.25919,56.3997,0.141595,0.789234,0,0.0259135
0.685,0.495,10.3337,4.6275,0.245434,59.4036,0.141595,0.789234,0,0.0259135
0.685,0.505,10.7798,4.48056,0.237246,62.438,0.141595,0.789234,0,0.0259135
0.685,0.515,11.2089,4.32725,0.236119,65.4226,0.141595,0.789234,0,0.0259135
0.685,0.525,11.6001,4.16786,0.243457,68.2689,0.141595,0.789234,0,0.0259135
0.685,0.535,11.913,4.00146,0.261095,70.881,0.141595,0.789234,0,0.0259135
0.685,0.545,12.0535,3.82295,0.29246,73.1651,0.141595,0.789234,0,0.0259135
0.685,0.555,11.8443,3.61746,0.344531,75.0417,0.141595,0.789234,0,0.0259135
0.685,0.565,11.0938,3.35541,0.429467,76.4401,0.141595,0.789234,0,0.0259135
0.685,0.575,9.81812,3.00668,0.560462,77.2143,0.141595,0.789234,0,0.0259135
0.685,0.585,8.35761,2.5646,0.74052,77.299,0.141595,0.789234,0,0.0259135
0.685,0.595,7.10734,2.0241,0.956705,77.0124,0.141595,0.789234,0,0.0259135
0.685,0.605,6.22653,1.40378,1.18416,76.6638,0.141595,0.789234,0,0.0259135
0.685,0.615,5.67315,0.742779,1.39333,76.4763,0.141595,0.789234,0,0.0259135
0.685,0.625,5.33994,0.0819684,1.56262,76.5537,0.141595,0.789234,0,0.0259135
0.685,0.635,5.13648,-0.554018,1.68378,76.8612,0.141595,0.789234,0,0.0259135
0.685,0.645,5.00477,-1.16315,1.76054,77.2634,0.141595,0.789234,0,0.0259135
0.685,0.655,4.91629,-1.76402,1.79924,77.6413,0.141595,0.789234,0,0.0259135
0.685,0.665,4.85389,-2.39399,1.80556,77.9032,0.141595,0.789234,0,0.0259135
0.685,0.675,4.80361,-3.10737,1.78421,77.984,0.141595,0.789234,0,0.0259135
0.685,0.685,4.75804,-3.96981,1.74002,77.8437,0.141595,0.789234,0,0.0259135
0.685,0.695,4.73268,-5.04267,1.67965,77.4734,0.141595,0.789234,0,0.0259135
0.685,0.705,4.78916,-6.34972,1.61369,76.9407,0.141595,0.789234,0,0.0259135
0.685,0.715,5.03985,-7.83761,1.55908,76.4136,0.141595,0.789234,0,0.0259135
0.685,0.725,5.63263,-9.35842,1.53873,76.2662,0.141595,0.789234,0,0.0259135
0.685,0.735,6.74327,-10.7387,1.57744,77.0838,0.141595,0.789234,0,0.0259135
0.685,0.745,8.61142,-11.873,1.69112,79.5922,0.141595,0.789234,0,0.0259135
0.685,0.755,11.6189,-12.745,1.87782,84.5561,0.141595,0.789234,0,0.0259135
0.685,0.765,16.3951,-13.3903,2.11641,92.6635,0.141595,0.789234,0,0.0259135
0.685,0.775,23.9307,-13.8586,2.37235,104.336,0.141595,0.789234,0,0.0259135
0.685,0.785,35.6738,-14.1953,2.60679,119.518,0.141595,0.789234,0,0.0259135
0.685,0.795,53.3699,-14.4362,2.79212,136.847,0.141595,0.789234,0,0.0259135
0.685,0.805,78.4839,-14.6082,2.9148,153.052,0.141595,0.789234,0,0.0259135
0.685,0.815,111.287,-14.7309,2.97013,163.677,0.141595,0.789234,0,0.0259135
0.685,0.825,149.782,-14.8178,2.96351,164.508,0.141595,0.789234,0,0.0259135
0.685,0.835,189.673,-14.8787,2.90886,154.165,0.141595,0.789234,0,0.0259135
0.685,0.845,226.203,-14.9204,2.82683,135.829,0.141595,0.789234,0,0.0259135
0.685,0.855,257.013,-14.9479,2.74157,115.985,0.141595,0.789234,0,0.0259135
0.685,0.865,283.504,-14.9654,2.67444,100.673,0.141595,0.789234,0,0.0259135
0.685,0.875,309.357,-14.9759,2.63663,92.578,0.141595,0.789234,0,0.0259135
0.685,0.885,337.842,-14.9823,2.62697,91.1396,0.141595,0.789234,0,0.0259135
0.685,0.895,370.371,-14.9864,2.63711,94.4392,0.141595,0.789234,0,0.0259135
0.685,0.905,406.73,-14.9891,2.65822,100.666,0.141595,0.789234,0,0.0259135
0.685,0.915,445.948,-14.9912,2.68418,108.573,0.141595,0.789234,0,0.0259135
0.685,0.925,486.931,-14.9928,2.71156,117.41,0.141595,0.789234,0,0.0259135
0.685,0.935,528.72,-14.9941,2.73869,126.734,0.141595,0.789234,0,0.0259135
0.685,0.945,570.537,-14.9952,2.76479,136.279,0.141595,0.789234,0,0.0259135
0.685,0.955,611.751,-14.9961,2.78954,145.866,0.141595,0.789234,0,0.0259135
0.685,0.965,651.835,-14.9968,2.81278,155.362,0.141595,0.789234,0,0.0259135
0.685,0.975,690.352,-14.9974,2.83446,164.658,0.141595,0.789234,0,0.0259135
0.685,0.985,726.935,-14.998,2.85456,173.661,0.141595,0.789234,0,0.0259135
0.685,0.995,761.288,-14.9984,2.87308,182.287,0.141595,0.789234,0,0.0259135
0.695,0.005,7.51879,7.12966,-3.29612,64.6849,0.158688,0.847586,0,0.0303964
0.695,0.015,7.48059,7.10016,-3.19599,63.6644,0.158688,0.847586,0,0.0303964
0.695,0.025,7.44588,7.07031,-3.09447,62.6901,0.158688,0.847586,0,0.0303964
0.695,0.035,7.41151,7.0402,-2.99302,61.7245,0.158688,0.847586,0,0.0303964
0.695,0.045,7.37735,7.00986,-2.89167,60.7664,0.158688,0.847586,0,0.0303964
0.695,0.055,7.34339,6.97931,-2.79044,59.8162,0.158688,0.847586,0,0.0303964
0.695,0.065,7.30962,6.94855,-2.68934,58.8742,0.158688,0.847586,0,0.0303964
0.695,0.075,7.27603,6.91759,-2.58835,57.9407,0.158688,0.847586,0,0.0303964
0.695,0.085,7.24261,6.88646,-2.48748,57.0161,0.158688,0.847586,0,0.0303964
0.695,0.095,7.20936,6.85515,-2.38675,56.1006,0.158688,0.847586,0,0.0303964
0.695,0.105,7.17627,6.82368,-2.28615,55.1946,0.158688,0.847586,0,0.0303964
0.695,0.115,7.14336,6.79205,-2.18568,54.2984,0.158688,0.847586,0,0.0303964
0.695,0.125,7.11061,6.76028,-2.08537,53.4124,0.158688,0.847586,0,0.0303964
0.695,0.135,7.07805,6.72835,-1.98521,52.5369,0.158688,0.847586,0,0.0303964
0.695,0.145,7.04568,6.69628,-1.88521,51.6724,0.158688,0.847586,0,0.0303964
0.695,0.155,7.01353,6.66407,-1.78541,50.8192,0.158688,0.847586,0,0.0303964
0.695,0.165,6.98162,6.63172,-1.6858,49.9779,0.158688,0.847586,0,0.0303964
0.695,0.175,6.95,6.59922,-1.58642,49.1489,0.158688,0.847586,0,0.0303964
0.695,0.185,6.91872,6.56656,-1.48729,48.333,0.158688,0.847586,0,0.0303964
0.695,0.195,6.88785,6.53375,-1.38845,47.5307,0.158688,0.847586,0,0.0303964
0.695,0.205,6.85747,6.50076,-1.28994,46.743,0.158688,0.847586,0,0.0303964
0.695,0.215,6.8277,6.46758,-1.1918,45.9708,0.158688,0.847586,0,0.0303964
0.695,0.225,6.79868,6.4342,-1.09411,45.2154,0.158688,0.847586,0,0.0303964
0.695,0.235,6.77058,6.40058,-0.99693,44.4781,0.158688,0.847586,0,0.0303964
0.695,0.245,6.74362,6.3667,-0.900362,43.7606,0.158688,0.847586,0,0.0303964
0.695,0.255,6.71808,6.33251,-0.804518,43.0651,0.158688,0.847586,0,0.0303964
0.695,0.265,6.6943,6.29796,-0.70954,42.3941,0.158688,0.847586,0,0.0303964
0.695,0.275,6.67274,6.26299,-0.615605,41.751,0.158688,0.847586,0,0.0303964
0.695,0.285,6.65393,6.22752,-0.522933,41.1397,0.158688,0.847586,0,0.0303964
0.695,0.295,6.63859,6.19145,-0.431797,40.5651,0.158688,0.847586,0,0.0303964
0.695,0.305,6.6276,6.15466,-0.34254,40.0337,0.158688,0.847586,0,0.0303964
0.695,0.315,6.62209,6.11699,-0.25559,39.5533,0.158688,0.847586,0,0.0303964
0.695,0.325,6.62349,6.07824,-0.171479,39.1339,0.158688,0.847586,0,0.0303964
0.695,0.335,6.63362,6.03813,-0.0908586,38.7881,0.158688,0.847586,0,0.0303964
0.695,0.345,6.6563,5.99529,-0.0143747,38.5345,0.158688,0.847586,0,0.0303964
0.695,0.355,6.69822,5.94599,0.0572301,38.389,0.158688,0.847586,0,0.0303964
0.695,0.365,6.75584,5.89461,0.122651,38.3719,0.158688,0.847586,0,0.0303964
0.695,0.375,6.83408,5.8401,0.18038,38.517,0.158688,0.847586,0,0.0303964
0.695,0.385,6.93776,5.7815,0.229109,38.8572,0.158688,0.847586,0,0.0303964
0.695,0.395,7.07187,5.71788,0.267601,39.4281,0.158688,0.847586,0,0.0303964
0.695,0.405,7.24136,5.64824,0.294887,40.2658,0.158688,0.847586,0,0.0303964
0.695,0.415,7.45061,5.57156,0.310534,41.4027,0.158688,0.847586,0,0.0303964
0.695,0.425,7.7027,5.48688,0.314868,42.8629,0.158688,0.847586,0,0.0303964
0.695,0.435,7.99881,5.39341,0.309086,44.6573,0.158688,0.847586,0,0.0303964
0.695,0.445,8.33783,5.29061,0.295216,46.7803,0.158688,0.847586,0,0.0303964
0.695,0.455,8.7161,5.1783,0.275905,49.208,0.158688,0.847586,0,0.0303964
0.695,0.465,9.12764,5.05664,0.25411,51.8992,0.158688,0.847586,0,0.0303964
0.695,0.475,9.5643,4.92616,0.232763,54.7972,0.158688,0.847586,0,0.0303964
0.695,0.485,10.0162,4.7876,0.214497,57.8338,0.158688,0.847586,0,0.0303964
0.695,0.495,10.4717,4.64186,0.201482,60.9326,0.158688,0.847586,0,0.0303964
0.695,0.505,10.9177,4.48975,0.195408,64.012,0.158688,0.847586,0,0.0303964
0.695,0.515,11.3382,4.33186,0.197627,66.9857,0.158688,0.847586,0,0.0303964
0.695,0.525,11.7091,4.1681,0.209517,69.762,0.158688,0.847586,0,0.0303964
0.695,0.535,11.9789,3.99627,0.233244,72.2479,0.158688,0.847586,0,0.0303964
0.695,0.545,12.0291,3.80819,0.273247,74.3594,0.158688,0.847586,0,0.0303964
0.695,0.555,11.659,3.584,0.338318,76.0269,0.158688,0.847586,0,0.0303964
0.695,0.565,10.7158,3.29089,0.442058,77.1669,0.158688,0.847586,0,0.0303964
0.695,0.575,9.33331,2.91022,0.594858,77.5932,0.158688,0.847586,0,0.0303964
0.695,0.585,7.92173,2.43823,0.793051,77.4138,0.158688,0.847586,0,0.0303964
0.695,0.595,6.8065,1.87726,1.01842,76.9926,0.158688,0.847586,0,0.0303964
0.695,0.605,6.05696,1.25346,1.2432,76.6265,0.158688,0.847586,0,0.0303964
0.695,0.615,5.59233,0.606738,1.43995,76.5034,0.158688,0.847586,0,0.0303964
0.695,0.625,5.30659,-0.028082,1.59287,76.6728,0.158688,0.847586,0,0.0303964
0.695,0.635,5.12496,-0.633541,1.69856,77.0512,0.158688,0.847586,0,0.0303964
0.695,0.645,5.00417,-1.21191,1.76304,77.4868,0.158688,0.847586,0,0.0303964
0.695,0.655,4.92304,-1.78332,1.79237,77.8649,0.158688,0.847586,0,0.0303964
0.695,0.665,4.8657,-2.38569,1.79159,78.1043,0.158688,0.847586,0,0.0303964
0.695,0.675,4.81703,-3.07353,1.76491,78.1527,0.158688,0.847586,0,0.0303964
0.695,0.685,4.76858,-3.9128,1.71696,77.9854,0.158688,0.847586,0,0.0303964
0.695,0.695,4.73659,-4.96584,1.65451,77.6161,0.158688,0.847586,0,0.0303964
0.695,0.705,4.78473,-6.25654,1.58873,77.141,0.158688,0.847586,0,0.0303964
0.695,0.715,5.0261,-7.73356,1.53723,76.7463,0.158688,0.847586,0,0.0303964
0.695,0.725,5.60804,-9.25294,1.52277,76.808,0.158688,0.847586,0,0.0303964
0.695,0.735,6.70627,-10.6432,1.56879,77.8809,0.158688,0.847586,0,0.0303964
0.695,0.745,8.56186,-11.7955,1.68944,80.6463,0.158688,0.847586,0,0.0303964
0.695,0.755,11.5593,-12.6873,1.88168,85.8436,0.158688,0.847586,0,0.0303964
0.695,0.765,16.3314,-13.35,2.12408,94.1585,0.158688,0.847586,0,0.0303964
0.695,0.775,23.8736,-13.8316,2.38206,106.011,0.158688,0.847586,0,0.0303964
0.695,0.785,35.6367,-14.1778,2.61699,121.325,0.158688,0.847586,0,0.0303964
0.695,0.795,53.3695,-14.4251,2.80154,138.713,0.158688,0.847586,0,0.0303964
0.695,0.805,78.5344,-14.6014,2.9228,154.865,0.158688,0.847586,0,0.0303964
0.695,0.815,111.395,-14.7267,2.97649,165.311,0.158688,0.847586,0,0.0303964
0.695,0.825,149.943,-14.8154,2.9683,165.852,0.158688,0.847586,0,0.0303964
0.695,0.835,189.865,-14.8773,2.91226,155.157,0.158688,0.847586,0,0.0303964
0.695,0.845,226.396,-14.9197,2.82906,136.476,0.158688,0.847586,0,0.0303964
0.695,0.855,257.175,-14.9476,2.7429,116.352,0.158688,0.847586,0,0.0303964
0.695,0.865,283.619,-14.9652,2.67514,100.855,0.158688,0.847586,0,0.0303964
0.695,0.875,309.426,-14.9759,2.63694,92.6575,0.158688,0.847586,0,0.0303964
0.695,0.885,337.879,-14.9823,2.62709,91.1712,0.158688,0.847586,0,0.0303964
0.695,0.895,370.388,-14.9864,2.63716,94.451,0.158688,0.847586,0,0.0303964
0.695,0.905,406.737,-14.9891,2.65824,100.67,0.158688,0.847586,0,0.0303964
0.695,0.915,445.951,-14.9912,2.68418,108.575,0.158688,0.847586,0,0.0303964
0.695,0.925,486.932,-14.9928,2.71156,117.41,0.158688,0.847586,0,0.0303964
0.695,0.935,528.72,-14.9941,2.73869,126.734,0.158688,0.847586,0,0.0303964
0.695,0.945,570.538,-14.9952,2.76479,136.279,0.158688,0.847586,0,0.0303964
0.695,0.955,611.751,-14.9961,2.78954,145.866,0.158688,0.847586,0,0.0303964
0.695,0.965,651.835,-14.9968,2.81278,155.362,0.158688,0.847586,0,0.0303964
0.695,0.975,690.352,-14.9974,2.83446,164.658,0.158688,0.847586,0,0.0303964
0.695,0.985,726.935,-14.998,2.85456,173.661,0.158688,0.847586,0,0.0303964
0.695,0.995,761.288,-14.9984,2.87308,182.287,0.158688,0.847586,0,0.0303964
0.705,0.005,7.44003,7.20212,-3.28228,63.8172,0.177393,0.905937,0,0.0355281
0.705,0.015,7.40157,7.17289,-3.18226,62.8101,0.177393,0.905937,0,0.0355281
0.705,0.025,7.36689,7.14331,-3.0807,61.8526,0.177393,0.905937,0,0.0355281
0.705,0.035,7.33258,7.11348,-2.97918,60.9037,0.177393,0.905937,0,0.0355281
0.705,0.045,7.29847,7.0834,-2.87777,59.9623,0.177393,0.905937,0,0.0355281
0.705,0.055,7.26455,7.05311,-2.77648,59.0285,0.177393,0.905937,0,0.0355281
0.705,0.065,7.23082,7.02261,-2.67531,58.1027,0.177393,0.905937,0,0.0355281
0.705,0.075,7.19726,6.9919,-2.57425,57.1852,0.177393,0.905937,0,0.0355281
0.705,0.085,7.16388,6.96102,-2.47332,56.2763,0.177393,0.905937,0,0.0355281
0.705,0.095,7.13066,6.92995,-2.37252,55.3763,0.177393,0.905937,0,0.0355281
0.705,0.105,7.09761,6.89871,-2.27185,54.4856,0.177393,0.905937,0,0.0355281
0.705,0.115,7.06473,6.8673,-2.17132,53.6045,0.177393,0.905937,0,0.0355281
0.705,0.125,7.03202,6.83574,-2.07094,52.7334,0.177393,0.905937,0,0.0355281
0.705,0.135,6.9995,6.80402,-1.97072,51.8726,0.177393,0.905937,0,0.0355281
0.705,0.145,6.96717,6.77214,-1.87067,51.0225,0.177393,0.905937,0,0.0355281
0.705,0.155,6.93507,6.74011,-1.77081,50.1835,0.177393,0.905937,0,0.0355281
0.705,0.165,6.90323,6.70792,-1.67116,49.3563,0.177393,0.905937,0,0.0355281
0.705,0.175,6.87169,6.67557,-1.57175,48.5412,0.177393,0.905937,0,0.0355281
0.705,0.185,6.8405,6.64306,-1.47259,47.7391,0.177393,0.905937,0,0.0355281
0.705,0.195,6.80974,6.61037,-1.37374,46.9505,0.177393,0.905937,0,0.0355281
0.705,0.205,6.77951,6.57749,-1.27522,46.1764,0.177393,0.905937,0,0.0355281
0.705,0.215,6.74992,6.54441,-1.17711,45.4179,0.177393,0.905937,0,0.0355281
0.705,0.225,6.72111,6.51109,-1.07946,44.6761,0.177393,0.905937,0,0.0355281
0.705,0.235,6.69328,6.47752,-0.982349,43.9525,0.177393,0.905937,0,0.0355281
0.705,0.245,6.66665,6.44366,-0.885885,43.2491,0.177393,0.905937,0,0.0355281
0.705,0.255,6.64153,6.40947,-0.790187,42.5679,0.177393,0.905937,0,0.0355281
0.705,0.265,6.61827,6.37488,-0.695407,41.9119,0.177393,0.905937,0,0.0355281
0.705,0.275,6.59736,6.33984,-0.601735,41.2844,0.177393,0.905937,0,0.0355281
0.705,0.285,6.57937,6.30425,-0.509408,40.6897,0.177393,0.905937,0,0.0355281
0.705,0.295,6.56506,6.26801,-0.418721,40.1331,0.177393,0.905937,0,0.0355281
0.705,0.305,6.55537,6.23099,-0.330043,39.6215,0.177393,0.905937,0,0.0355281
0.705,0.315,6.55152,6.193,-0.24384,39.1634,0.177393,0.905937,0,0.0355281
0.705,0.325,6.55505,6.15383,-0.160687,38.7696,0.177393,0.905937,0,0.0355281
0.705,0.335,6.56794,6.11316,-0.0812972,38.4538,0.177393,0.905937,0,0.0355281
0.705,0.345,6.59483,6.0691,-0.00634018,38.237,0.177393,0.905937,0,0.0355281
0.705,0.355,6.64131,6.01865,0.0632936,38.1342,0.177393,0.905937,0,0.0355281
0.705,0.365,6.70467,5.96607,0.12615,38.1714,0.177393,0.905937,0,0.0355281
0.705,0.375,6.79042,5.90996,0.180672,38.3841,0.177393,0.905937,0,0.0355281
0.705,0.385,6.90377,5.84928,0.225457,38.8087,0.177393,0.905937,0,0.0355281
0.705,0.395,7.05009,5.78299,0.259212,39.4841,0.177393,0.905937,0,0.0355281
0.705,0.405,7.23465,5.70999,0.280998,40.4494,0.177393,0.905937,0,0.0355281
0.705,0.415,7.46187,5.62917,0.290542,41.7385,0.177393,0.905937,0,0.0355281
0.705,0.425,7.73459,5.53952,0.288468,43.3744,0.177393,0.905937,0,0.0355281
0.705,0.435,8.05329,5.44029,0.276403,45.3635,0.177393,0.905937,0,0.0355281
0.705,0.445,8.41567,5.33109,0.256873,47.6919,0.177393,0.905937,0,0.0355281
0.705,0.455,8.81661,5.21196,0.233014,50.3241,0.177393,0.905937,0,0.0355281
0.705,0.465,9.24835,5.08339,0.208158,53.2049,0.177393,0.905937,0,0.0355281
0.705,0.475,9.70104,4.94621,0.185445,56.2635,0.177393,0.905937,0,0.0355281
0.705,0.485,10.1632,4.80147,0.16752,59.4189,0.177393,0.905937,0,0.0355281
0.705,0.495,10.622,4.65024,0.156412,62.585,0.177393,0.905937,0,0.0355281
0.705,0.505,11.0632,4.49341,0.153588,65.674,0.177393,0.905937,0,0.0355281
0.705,0.515,11.4693,4.33139,0.160225,68.596,0.177393,0.905937,0,0.0355281
0.705,0.525,11.8116,4.1634,0.177746,71.2604,0.177393,0.905937,0,0.0355281
0.705,0.535,12.0238,3.98527,0.208885,73.5819,0.177393,0.905937,0,0.0355281
0.705,0.545,11.9574,3.78487,0.259474,75.4882,0.177393,0.905937,0,0.0355281
0.705,0.555,11.4011,3.53763,0.340176,76.9133,0.177393,0.905937,0,0.0355281
0.705,0.565,10.2773,3.21105,0.464826,77.7524,0.177393,0.905937,0,0.0355281
0.705,0.575,8.84251,2.80089,0.639199,77.8073,0.177393,0.905937,0,0.0355281
0.705,0.585,7.52564,2.30286,0.852564,77.4003,0.177393,0.905937,0,0.0355281
0.705,0.595,6.55438,1.72801,1.08242,76.8904,0.177393,0.905937,0,0.0355281
0.705,0.605,5.92265,1.10766,1.2999,76.5493,0.177393,0.905937,0,0.0355281
0.705,0.615,5.52927,0.47941,1.48155,76.5192,0.177393,0.905937,0,0.0355281
0.705,0.625,5.27861,-0.128666,1.61745,76.7911,0.177393,0.905937,0,0.0355281
0.705,0.635,5.11287,-0.704858,1.70858,77.2383,0.177393,0.905937,0,0.0355281
0.705,0.645,5.00178,-1.25409,1.76168,77.7045,0.177393,0.905937,0,0.0355281
0.705,0.655,4.92856,-1.7974,1.78241,78.082,0.177393,0.905937,0,0.0355281
0.705,0.665,4.87719,-2.3731,1.77519,78.3033,0.177393,0.905937,0,0.0355281
0.705,0.675,4.83099,-3.0359,1.74393,78.3299,0.177393,0.905937,0,0.0355281
0.705,0.685,4.78061,-3.85193,1.69316,78.1531,0.177393,0.905937,0,0.0355281
0.705,0.695,4.74321,-4.88465,1.62975,77.8085,0.177393,0.905937,0,0.0355281
0.705,0.705,4.78436,-6.15817,1.56528,77.4179,0.177393,0.905937,0,0.0355281
0.705,0.715,5.01745,-7.62375,1.51781,77.1774,0.177393,0.905937,0,0.0355281
0.705,0.725,5.58905,-9.14196,1.50957,77.4563,0.177393,0.905937,0,0.0355281
0.705,0.735,6.67487,-10.5433,1.56264,78.778,0.177393,0.905937,0,0.0355281
0.705,0.745,8.51771,-11.7149,1.68972,81.7868,0.177393,0.905937,0,0.0355281
0.705,0.755,11.5051,-12.6278,1.88702,87.205,0.177393,0.905937,0,0.0355281
0.705,0.765,16.2742,-13.3087,2.13289,95.7187,0.177393,0.905937,0,0.0355281
0.705,0.775,23.8247,-13.8042,2.39263,107.743,0.177393,0.905937,0,0.0355281
0.705,0.785,35.6105,-14.1602,2.62774,123.175,0.177393,0.905937,0,0.0355281
0.705,0.795,53.3818,-14.4141,2.81122,140.597,0.177393,0.905937,0,0.0355281
0.705,0.805,78.5972,-14.5947,2.93081,156.664,0.177393,0.905937,0,0.0355281
0.705,0.815,111.512,-14.7228,2.9827,166.9,0.177393,0.905937,0,0.0355281
0.705,0.825,150.105,-14.8131,2.97287,167.132,0.177393,0.905937,0,0.0355281
0.705,0.835,190.051,-14.876,2.91542,156.083,0.177393,0.905937,0,0.0355281
0.705,0.845,226.574,-14.919,2.83109,137.066,0.177393,0.905937,0,0.0355281
0.705,0.855,257.321,-14.9473,2.74408,116.68,0.177393,0.905937,0,0.0355281
0.705,0.865,283.72,-14.9651,2.67574,101.014,0.177393,0.905937,0,0.0355281
0.705,0.875,309.486,-14.9758,2.63721,92.7259,0.177393,0.905937,0,0.0355281
0.705,0.885,337.91,-14.9823,2.6272,91.198,0.177393,0.905937,0,0.0355281
0.705,0.895,370.402,-14.9864,2.63719,94.4608,0.177393,0.905937,0,0.0355281
0.705,0.905,406.743,-14.9891,2.65825,100.673,0.177393,0.905937,0,0.0355281
0.705,0.915,445.954,-14.9912,2.68419,108.576,0.177393,0.905937,0,0.0355281
0.705,0.925,486.933,-14.9928,2.71156,117.41,0.177393,0.905937,0,0.0355281
0.705,0.935,528.721,-14.9941,2.73869,126.734,0.177393,0.905937,0,0.0355281
0.705,0.945,570.538,-14.9952,2.76479,136.279,0.177393,0.905937,0,0.0355281
0.705,0.955,611.751,-14.9961,2.78954,145.866,0.177393,0.905937,0,0.0355281
0.705,0.965,651.835,-14.9968,2.81278,155.362,0.177393,0.905937,0,0.0355281
0.705,0.975,690.352,-14.9974,2.83446,164.658,0.177393,0.905937,0,0.0355281
0.705,0.985,726.935,-14.998,2.85456,173.661,0.177393,0.905937,0,0.0355281
0.705,0.995,761.288,-14.9984,2.87308,182.287,0.177393,0.905937,0,0.0355281
0.715,0.005,7.36251,7.27459,-3.26843,62.9648,0.197823,0.964289,0,0.0413853
0.715,0.015,7.32378,7.24563,-3.16852,61.9706,0.197823,0.964289,0,0.0413853
0.715,0.025,7.28913,7.21632,-3.06692,61.0292,0.197823,0.964289,0,0.0413853
0.715,0.035,7.25486,7.18674,-2.96534,60.0967,0.197823,0.964289,0,0.0413853
0.715,0.045,7.22079,7.15692,-2.86387,59.1714,0.197823,0.964289,0,0.0413853
0.715,0.055,7.18692,7.12688,-2.76252,58.2536,0.197823,0.964289,0,0.0413853
0.715,0.065,7.15322,7.09663,-2.66128,57.3435,0.197823,0.964289,0,0.0413853
0.715,0.075,7.1197,7.06617,-2.56016,56.4416,0.197823,0.964289,0,0.0413853
0.715,0.085,7.08635,7.03552,-2.45917,55.548,0.197823,0.964289,0,0.0413853
0.715,0.095,7.05316,7.00468,-2.3583,54.6632,0.197823,0.964289,0,0.0413853
0.715,0.105,7.02014,6.97366,-2.25757,53.7874,0.197823,0.964289,0,0.0413853
0.715,0.115,6.98729,6.94247,-2.15697,52.921,0.197823,0.964289,0,0.0413853
0.715,0.125,6.95461,6.91111,-2.05653,52.0644,0.197823,0.964289,0,0.0413853
0.715,0.135,6.92212,6.87958,-1.95626,51.2178,0.197823,0.964289,0,0.0413853
0.715,0.145,6.88984,6.84789,-1.85616,50.3818,0.197823,0.964289,0,0.0413853
0.715,0.155,6.85779,6.81603,-1.75625,49.5568,0.197823,0.964289,0,0.0413853
0.715,0.165,6.82601,6.784,-1.65656,48.7433,0.197823,0.964289,0,0.0413853
0.715,0.175,6.79455,6.7518,-1.55711,47.9419,0.197823,0.964289,0,0.0413853
0.715,0.185,6.76346,6.71941,-1.45794,47.1532,0.197823,0.964289,0,0.0413853
0.715,0.195,6.73282,6.68684,-1.35908,46.3781,0.197823,0.964289,0,0.0413853
0.715,0.205,6.70274,6.65406,-1.26057,45.6174,0.197823,0.964289,0,0.0413853
0.715,0.215,6.67333,6.62105,-1.16249,44.8722,0.197823,0.964289,0,0.0413853
0.715,0.225,6.64475,6.5878,-1.06489,44.1439,0.197823,0.964289,0,0.0413853
0.715,0.235,6.6172,6.55427,-0.967867,43.434,0.197823,0.964289,0,0.0413853
0.715,0.245,6.59093,6.52042,-0.871523,42.7445,0.197823,0.964289,0,0.0413853
0.715,0.255,6.56625,6.4862,-0.775991,42.0778,0.197823,0.964289,0,0.0413853
0.715,0.265,6.54355,6.45156,-0.681435,41.4367,0.197823,0.964289,0,0.0413853
0.715,0.275,6.52333,6.41643,-0.588058,40.825,0.197823,0.964289,0,0.0413853
0.715,0.285,6.50622,6.3807,-0.496116,40.2473,0.197823,0.964289,0,0.0413853
0.715,0.295,6.49302,6.34426,-0.405928,39.7092,0.197823,0.964289,0,0.0413853
0.715,0.305,6.48476,6.30697,-0.317897,39.2182,0.197823,0.964289,0,0.0413853
0.715,0.315,6.48274,6.26862,-0.232526,38.7835,0.197823,0.964289,0,0.0413853
0.715,0.325,6.48862,6.22898,-0.150448,38.4169,0.197823,0.964289,0,0.0413853
0.715,0.335,6.50458,6.18767,-0.0724412,38.1335,0.197823,0.964289,0,0.0413853
0.715,0.345,6.5362,6.14219,0.000781261,37.9569,0.197823,0.964289,0,0.0413853
0.715,0.355,6.58775,6.09055,0.0681674,37.9018,0.197823,0.964289,0,0.0413853
0.715,0.365,6.65773,6.03655,0.128097,38.0002,0.197823,0.964289,0,0.0413853
0.715,0.375,6.75219,5.97856,0.178946,38.2901,0.197823,0.964289,0,0.0413853
0.715,0.385,6.8768,5.91543,0.219206,38.8119,0.197823,0.964289,0,0.0413853
0.715,0.395,7.03739,5.84599,0.247534,39.6087,0.197823,0.964289,0,0.0413853
0.715,0.405,7.23949,5.76901,0.263076,40.7225,0.197823,0.964289,0,0.0413853
0.715,0.415,7.4875,5.68328,0.265797,42.1879,0.197823,0.964289,0,0.0413853
0.715,0.425,7.78372,5.58782,0.256746,44.0253,0.197823,0.964289,0,0.0413853
0.715,0.435,8.12755,5.48197,0.238112,46.2334,0.197823,0.964289,0,0.0413853
0.715,0.445,8.51512,5.36557,0.213031,48.7865,0.197823,0.964289,0,0.0413853
0.715,0.455,8.93937,5.23901,0.185162,51.6335,0.197823,0.964289,0,0.0413853
0.715,0.465,9.39058,5.10315,0.158175,54.7026,0.197823,0.964289,0,0.0413853
0.715,0.475,9.85708,4.95921,0.135297,57.9077,0.197823,0.964289,0,0.0413853
0.715,0.485,10.3259,4.8085,0.11904,61.156,0.197823,0.964289,0,0.0413853
0.715,0.495,10.7833,4.65226,0.111151,64.3539,0.197823,0.964289,0,0.0413853
0.715,0.505,11.214,4.49132,0.112786,67.4099,0.197823,0.964289,0,0.0413853
0.715,0.515,11.5989,4.3257,0.124943,70.2348,0.197823,0.964289,0,0.0413853
0.715,0.525,11.9029,4.1534,0.149243,72.744,0.197823,0.964289,0,0.0413853
0.715,0.535,12.0386,3.96744,0.18933,74.8635,0.197823,0.964289,0,0.0413853
0.715,0.545,11.8257,3.75126,0.252785,76.5306,0.197823,0.964289,0,0.0413853
0.715,0.555,11.066,3.47666,0.351959,77.6693,0.197823,0.964289,0,0.0413853
0.715,0.565,9.79259,3.11845,0.49883,78.1263,0.197823,0.964289,0,0.0413853
0.715,0.575,8.37,2.68045,0.693006,77.8521,0.197823,0.964289,0,0.0413853
0.715,0.585,7.18109,2.16142,0.917707,77.2672,0.197823,0.964289,0,0.0413853
0.715,0.595,6.35052,1.57974,1.14696,76.7191,0.197823,0.964289,0,0.0413853
0.715,0.605,5.81817,0.968768,1.35302,76.4444,0.197823,0.964289,0,0.0413853
0.715,0.615,5.47861,0.361602,1.51781,76.531,0.197823,0.964289,0,0.0413853
0.715,0.625,5.25263,-0.220011,1.63686,76.9115,0.197823,0.964289,0,0.0413853
0.715,0.635,5.09925,-0.76841,1.7143,77.4258,0.197823,0.964289,0,0.0413853
0.715,0.645,4.99781,-1.28996,1.75689,77.9205,0.197823,0.964289,0,0.0413853
0.715,0.655,4.93351,-1.80626,1.76975,78.3,0.197823,0.964289,0,0.0413853
0.715,0.665,4.88914,-2.35604,1.75683,78.5113,0.197823,0.964289,0,0.0413853
0.715,0.675,4.8463,-2.99415,1.72181,78.5308,0.197823,0.964289,0,0.0413853
0.715,0.685,4.79503,-3.78681,1.66924,78.3656,0.197823,0.964289,0,0.0413853
0.715,0.695,4.75351,-4.79864,1.60604,78.0714,0.197823,0.964289,0,0.0413853
0.715,0.705,4.78885,-6.05437,1.54398,77.7886,0.197823,0.964289,0,0.0413853
0.715,0.715,5.01444,-7.50815,1.50123,77.7181,0.197823,0.964289,0,0.0413853
0.715,0.725,5.5759,-9.02562,1.49931,78.216,0.197823,0.964289,0,0.0413853
0.715,0.735,6.64912,-10.4392,1.55899,79.7757,0.197823,0.964289,0,0.0413853
0.715,0.745,8.47894,-11.6314,1.6919,83.0126,0.197823,0.964289,0,0.0413853
0.715,0.755,11.4565,-12.5665,1.8938,88.6399,0.197823,0.964289,0,0.0413853
0.715,0.765,16.2234,-13.2665,2.14284,97.3447,0.197823,0.964289,0,0.0413853
0.715,0.775,23.7843,-13.7764,2.40405,109.532,0.197823,0.964289,0,0.0413853
0.715,0.785,35.5951,-14.1425,2.63902,125.064,0.197823,0.964289,0,0.0413853
0.715,0.795,53.4064,-14.4032,2.82113,142.494,0.197823,0.964289,0,0.0413853
0.715,0.805,78.6713,-14.5881,2.9388,158.444,0.197823,0.964289,0,0.0413853
0.715,0.815,111.635,-14.7189,2.98875,168.44,0.197823,0.964289,0,0.0413853
0.715,0.825,150.266,-14.8109,2.9772,168.346,0.197823,0.964289,0,0.0413853
0.715,0.835,190.228,-14.8749,2.91835,156.94,0.197823,0.964289,0,0.0413853
0.715,0.845,226.739,-14.9184,2.83293,137.601,0.197823,0.964289,0,0.0413853
0.715,0.855,257.451,-14.947,2.74513,116.971,0.197823,0.964289,0,0.0413853
0.715,0.865,283.808,-14.9649,2.67627,101.152,0.197823,0.964289,0,0.0413853
0.715,0.875,309.537,-14.9758,2.63745,92.7843,0.197823,0.964289,0,0.0413853
0.715,0.885,337.935,-14.9823,2.62729,91.2204,0.197823,0.964289,0,0.0413853
0.715,0.895,370.414,-14.9864,2.63723,94.4689,0.197823,0.964289,0,0.0413853
0.715,0.905,406.748,-14.9891,2.65826,100.676,0.197823,0.964289,0,0.0413853
0.715,0.915,445.955,-14.9912,2.68419,108.577,0.197823,0.964289,0,0.0413853
0.715,0.925,486.933,-14.9928,2.71156,117.411,0.197823,0.964289,0,0.0413853
0.715,0.935,528.721,-14.9941,2.73869,126.734,0.197823,0.964289,0,0.0413853
0.715,0.945,570.538,-14.9952,2.76479,136.279,0.197823,0.964289,0,0.0413853
0.715,0.955,611.751,-14.9961,2.78954,145.866,0.197823,0.964289,0,0.0413853
0.715,0.965,651.835,-14.9968,2.81278,155.362,0.197823,0.964289,0,0.0413853
0.715,0.975,690.352,-14.9974,2.83446,164.658,0.197823,0.964289,0,0.0413853
0.715,0.985,726.935,-14.998,2.85456,173.661,0.197823,0.964289,0,0.0413853
0.715,0.995,761.288,-14.9984,2.87308,182.287,0.197823,0.964289,0,0.0413853
0.725,0.005,7.28617,7.34707,-3.25456,62.1269,0.220092,1.02264,0,0.0480515
0.725,0.015,7.24715,7.31838,-3.15478,61.145,0.220092,1.02264,0,0.0480515
0.725,0.025,7.21252,7.28931,-3.05313,60.2194,0.220092,1.02264,0,0.0480515
0.725,0.035,7.1783,7.25999,-2.9515,59.3028,0.220092,1.02264,0,0.0480515
0.725,0.045,7.14428,7.23042,-2.84997,58.3932,0.220092,1.02264,0,0.0480515
0.725,0.055,7.11044,7.20062,-2.74856,57.491,0.220092,1.02264,0,0.0480515
0.725,0.065,7.07677,7.17061,-2.64726,56.5963,0.220092,1.02264,0,0.0480515
0.725,0.075,7.04328,7.14038,-2.54607,55.7094,0.220092,1.02264,0,0.0480515
0.725,0.085,7.00996,7.10996,-2.44502,54.8308,0.220092,1.02264,0,0.0480515
0.725,0.095,6.9768,7.07934,-2.34409,53.9607,0.220092,1.02264,0,0.0480515
0.725,0.105,6.9438,7.04854,-2.24329,53.0995,0.220092,1.02264,0,0.0480515
0.725,0.115,6.91098,7.01755,-2.14264,52.2474,0.220092,1.02264,0,0.0480515
0.725,0.125,6.87834,6.98638,-2.04214,51.4049,0.220092,1.02264,0,0.0480515
0.725,0.135,6.84588,6.95504,-1.94181,50.5723,0.220092,1.02264,0,0.0480515
0.725,0.145,6.81365,6.92352,-1.84166,49.75,0.220092,1.02264,0,0.0480515
0.725,0.155,6.78165,6.89182,-1.74172,48.9386,0.220092,1.02264,0,0.0480515
0.725,0.165,6.74993,6.85994,-1.64199,48.1386,0.220092,1.02264,0,0.0480515
0.725,0.175,6.71855,6.82788,-1.54252,47.3505,0.220092,1.02264,0,0.0480515
0.725,0.185,6.68756,6.79562,-1.44333,46.5751,0.220092,1.02264,0,0.0480515
0.725,0.195,6.65704,6.76315,-1.34447,45.8131,0.220092,1.02264,0,0.0480515
0.725,0.205,6.62711,6.73046,-1.24599,45.0656,0.220092,1.02264,0,0.0480515
0.725,0.215,6.59789,6.69752,-1.14795,44.3337,0.220092,1.02264,0,0.0480515
0.725,0.225,6.56956,6.66431,-1.05041,43.6187,0.220092,1.02264,0,0.0480515
0.725,0.235,6.54231,6.6308,-0.95349,42.9224,0.220092,1.02264,0,0.0480515
0.725,0.245,6.51642,6.59695,-0.857285,42.2468,0.220092,1.02264,0,0.0480515
0.725,0.255,6.49221,6.5627,-0.761943,41.5945,0.220092,1.02264,0,0.0480515
0.725,0.265,6.47011,6.52799,-0.667639,40.9686,0.220092,1.02264,0,0.0480515
0.725,0.275,6.45064,6.49274,-0.574592,40.3729,0.220092,1.02264,0,0.0480515
0.725,0.285,6.43448,6.45685,-0.483081,39.8125,0.220092,1.02264,0,0.0480515
0.725,0.295,6.4225,6.42018,-0.393452,39.2936,0.220092,1.02264,0,0.0480515
0.725,0.305,6.41581,6.38257,-0.306144,38.8242,0.220092,1.02264,0,0.0480515
0.725,0.315,6.4158,6.34381,-0.221709,38.4144,0.220092,1.02264,0,0.0480515
0.725,0.325,6.42432,6.30362,-0.140841,38.0771,0.220092,1.02264,0,0.0480515
0.725,0.335,6.44375,6.26159,-0.0644039,37.8291,0.220092,1.02264,0,0.0480515
0.725,0.345,6.4807,6.21448,0.00682857,37.6969,0.220092,1.02264,0,0.0480515
0.725,0.355,6.53801,6.16154,0.0716244,37.6959,0.220092,1.02264,0,0.0480515
0.725,0.365,6.61574,6.10587,0.128177,37.8644,0.220092,1.02264,0,0.0480515
0.725,0.375,6.72046,6.04564,0.174771,38.2439,0.220092,1.02264,0,0.0480515
0.725,0.385,6.85837,5.97957,0.209785,38.8797,0.220092,1.02264,0,0.0480515
0.725,0.395,7.03581,5.90633,0.231857,39.8193,0.220092,1.02264,0,0.0480515
0.725,0.405,7.25852,5.82456,0.240289,41.1077,0.220092,1.02264,0,0.0480515
0.725,0.415,7.53065,5.733,0.23542,42.779,0.220092,1.02264,0,0.0480515
0.725,0.425,7.85359,5.6307,0.218886,44.8477,0.220092,1.02264,0,0.0480515
0.725,0.435,8.22517,5.51723,0.193598,47.3011,0.220092,1.02264,0,0.0480515
0.725,0.445,8.63944,5.39278,0.163391,50.0966,0.220092,1.02264,0,0.0480515
0.725,0.455,9.08703,5.25819,0.132439,53.164,0.220092,1.02264,0,0.0480515
0.725,0.465,9.55607,5.11479,0.104632,56.4128,0.220092,1.02264,0,0.0480515
0.725,0.475,10.0331,4.9642,0.0831112,59.7417,0.220092,1.02264,0,0.0480515
0.725,0.485,10.5041,4.80799,0.0700718,63.0479,0.220092,1.02264,0,0.0480515
0.725,0.495,10.9543,4.64745,0.066832,66.2334,0.220092,1.02264,0,0.0480515
0.725,0.505,11.3679,4.48321,0.0741746,69.2071,0.220092,1.02264,0,0.0480515
0.725,0.515,11.7239,4.3145,0.0929851,71.8856,0.220092,1.02264,0,0.0480515
0.725,0.525,11.9772,4.13743,0.125338,74.1953,0.220092,1.02264,0,0.0480515
0.725,0.535,12.0123,3.94143,0.176179,76.0757,0.220092,1.02264,0,0.0480515
0.725,0.545,11.6228,3.70554,0.255009,77.466,0.220092,1.02264,0,0.0480515
0.725,0.555,10.6598,3.4003,0.375139,78.2668,0.220092,1.02264,0,0.0480515
0.725,0.565,9.29103,3.01364,0.544603,78.3014,0.220092,1.02264,0,0.0480515
0.725,0.575,7.93889,2.55118,0.755714,77.7412,0.220092,1.02264,0,0.0480515
0.725,0.585,6.89448,2.01724,0.986914,77.0318,0.220092,1.02264,0,0.0480515
0.725,0.595,6.19087,1.43556,1.21043,76.4969,0.220092,1.02264,0,0.0480515
0.725,0.605,5.73689,0.838485,1.40176,76.3273,0.220092,1.02264,0,0.0480515
0.725,0.615,5.43534,0.253573,1.5488,76.5489,0.220092,1.02264,0,0.0480515
0.725,0.625,5.22653,-0.30251,1.65163,77.041,0.220092,1.02264,0,0.0480515
0.725,0.635,5.08396,-0.824548,1.71631,77.6206,0.220092,1.02264,0,0.0480515
0.725,0.645,4.99299,-1.3196,1.74923,78.1443,0.220092,1.02264,0,0.0480515
0.725,0.655,4.93887,-1.80975,1.75496,78.5315,0.220092,1.02264,0,0.0480515
0.725,0.665,4.90253,-2.33418,1.7371,78.7447,0.220092,1.02264,0,0.0480515
0.725,0.675,4.86395,-2.94788,1.69923,78.7749,0.220092,1.02264,0,0.0480515
0.725,0.685,4.81286,-3.71706,1.64593,78.6446,0.220092,1.02264,0,0.0480515
0.725,0.695,4.76855,-4.70731,1.58409,78.428,0.220092,1.02264,0,0.0480515
0.725,0.705,4.79894,-5.94498,1.5254,78.2688,0.220092,1.02264,0,0.0480515
0.725,0.715,5.01753,-7.38685,1.48783,78.3773,0.220092,1.02264,0,0.0480515
0.725,0.725,5.56878,-8.90411,1.49207,79.0897,0.220092,1.02264,0,0.0480515
0.725,0.735,6.62901,-10.331,1.55781,80.873,0.220092,1.02264,0,0.0480515
0.725,0.745,8.4455,-11.5451,1.69595,84.3227,0.220092,1.02264,0,0.0480515
0.725,0.755,11.4134,-12.5035,1.90202,90.1485,0.220092,1.02264,0,0.0480515
0.725,0.765,16.1791,-13.2233,2.15393,99.0373,0.220092,1.02264,0,0.0480515
0.725,0.775,23.7524,-13.7483,2.41633,111.377,0.220092,1.02264,0,0.0480515
0.725,0.785,35.5905,-14.1248,2.6508,126.993,0.220092,1.02264,0,0.0480515
0.725,0.795,53.4428,-14.3924,2.83122,144.4,0.220092,1.02264,0,0.0480515
0.725,0.805,78.7558,-14.5817,2.94674,160.198,0.220092,1.02264,0,0.0480515
0.725,0.815,111.765,-14.7153,2.99461,169.927,0.220092,1.02264,0,0.0480515
0.725,0.825,150.426,-14.8089,2.98129,169.49,0.220092,1.02264,0,0.0480515
0.725,0.835,190.395,-14.8738,2.92104,157.73,0.220092,1.02264,0,0.0480515
0.725,0.845,226.89,-14.9179,2.83458,138.082,0.220092,1.02264,0,0.0480515
0.725,0.855,257.567,-14.9468,2.74605,117.228,0.220092,1.02264,0,0.0480515
0.725,0.865,283.884,-14.9648,2.67672,101.272,0.220092,1.02264,0,0.0480515
0.725,0.875,309.58,-14.9757,2.63764,92.8336,0.220092,1.02264,0,0.0480515
0.725,0.885,337.957,-14.9823,2.62736,91.2389,0.220092,1.02264,0,0.0480515
0.725,0.895,370.423,-14.9864,2.63725,94.4754,0.220092,1.02264,0,0.0480515
0.725,0.905,406.752,-14.9891,2.65827,100.678,0.220092,1.02264,0,0.0480515
0.725,0.915,445.957,-14.9912,2.68419,108.578,0.220092,1.02264,0,0.0480515
0.725,0.925,486.934,-14.9928,2.71157,117.411,0.220092,1.02264,0,0.0480515
0.725,0.935,528.721,-14.9941,2.73869,126.734,0.220092,1.02264,0,0.0480515
0.725,0.945,570.538,-14.9952,2.76479,136.279,0.220092,1.02264,0,0.0480515
0.725,0.955,611.751,-14.9961,2.78954,145.866,0.220092,1.02264,0,0.0480515
0.725,0.965,651.835,-14.9968,2.81278,155.362,0.220092,1.02264,0,0.0480515
0.725,0.975,690.352,-14.9974,2.83446,164.658,0.220092,1.02264,0,0.0480515
0.725,0.985,726.935,-14.998,2.85456,173.661,0.220092,1.02264,0,0.0480515
0.725,0.995,761.288,-14.9984,2.87308,182.287,0.220092,1.02264,0,0.0480515
0.735,0.005,7.21095,7.41955,-3.24069,61.3029,0.244324,1.08099,0,0.0556175
0.735,0.015,7.17164,7.39111,-3.14103,60.3328,0.244324,1.08099,0,0.0556175
0.735,0.025,7.13703,7.36229,-3.03935,59.4225,0.244324,1.08099,0,0.0556175
0.735,0.035,7.10285,7.33321,-2.93766,58.5214,0.244324,1.08099,0,0.0556175
0.735,0.045,7.06886,7.30388,-2.83607,57.6272,0.244324,1.08099,0,0.0556175
0.735,0.055,7.03506,7.27432,-2.7346,56.74,0.244324,1.08099,0,0.0556175
0.735,0.065,7.00143,7.24454,-2.63323,55.8603,0.244324,1.08099,0,0.0556175
0.735,0.075,6.96796,7.21454,-2.53199,54.9882,0.244324,1.08099,0,0.0556175
0.735,0.085,6.93467,7.18433,-2.43087,54.1242,0.244324,1.08099,0,0.0556175
0.735,0.095,6.90153,7.15393,-2.32988,53.2684,0.244324,1.08099,0,0.0556175
0.735,0.105,6.86856,7.12333,-2.22903,52.4214,0.244324,1.08099,0,0.0556175
0.735,0.115,6.83576,7.09253,-2.12832,51.5833,0.244324,1.08099,0,0.0556175
0.735,0.125,6.80315,7.06155,-2.02777,50.7545,0.244324,1.08099,0,0.0556175
0.735,0.135,6.77073,7.03039,-1.92739,49.9356,0.244324,1.08099,0,0.0556175
0.735,0.145,6.73854,6.99903,-1.8272,49.1268,0.244324,1.08099,0,0.0556175
0.735,0.155,6.70659,6.96749,-1.72721,48.3287,0.244324,1.08099,0,0.0556175
0.735,0.165,6.67494,6.93575,-1.62746,47.5418,0.244324,1.08099,0,0.0556175
0.735,0.175,6.64364,6.90381,-1.52797,46.7668,0.244324,1.08099,0,0.0556175
0.735,0.185,6.61275,6.87166,-1.42878,46.0044,0.244324,1.08099,0,0.0556175
0.735,0.195,6.58237,6.83929,-1.32993,45.2554,0.244324,1.08099,0,0.0556175
0.735,0.205,6.5526,6.80667,-1.23148,44.5209,0.244324,1.08099,0,0.0556175
0.735,0.215,6.52359,6.7738,-1.13349,43.802,0.244324,1.08099,0,0.0556175
0.735,0.225,6.49551,6.74063,-1.03604,43.1003,0.244324,1.08099,0,0.0556175
0.735,0.235,6.46858,6.70713,-0.939227,42.4176,0.244324,1.08099,0,0.0556175
0.735,0.245,6.44309,6.67326,-0.843183,41.7559,0.244324,1.08099,0,0.0556175
0.735,0.255,6.41939,6.63896,-0.748055,41.1181,0.244324,1.08099,0,0.0556175
0.735,0.265,6.39793,6.60416,-0.654034,40.5074,0.244324,1.08099,0,0.0556175
0.735,0.275,6.37928,6.56877,-0.56136,39.9282,0.244324,1.08099,0,0.0556175
0.735,0.285,6.36417,6.53268,-0.470332,39.3857,0.244324,1.08099,0,0.0556175
0.735,0.295,6.35353,6.49574,-0.38133,38.8868,0.244324,1.08099,0,0.0556175
0.735,0.305,6.34857,6.45777,-0.294837,38.4401,0.244324,1.08099,0,0.0556175
0.735,0.315,6.35084,6.41853,-0.211461,38.057,0.244324,1.08099,0,0.0556175
0.735,0.325,6.36234,6.3777,-0.131972,37.7517,0.244324,1.08099,0,0.0556175
0.735,0.335,6.38574,6.33482,-0.0573329,37.5429,0.244324,1.08099,0,0.0556175
0.735,0.345,6.42875,6.28586,0.0115888,37.4608,0.244324,1.08099,0,0.0556175
0.735,0.355,6.49279,6.23145,0.0733591,37.5224,0.244324,1.08099,0,0.0556175
0.735,0.365,6.57974,6.17375,0.125964,37.7727,0.244324,1.08099,0,0.0556175
0.735,0.375,6.69673,6.11079,0.167565,38.2582,0.244324,1.08099,0,0.0556175
0.735,0.385,6.85061,6.04113,0.196429,39.0298,0.244324,1.08099,0,0.0556175
0.735,0.395,7.04821,5.96324,0.21124,40.1403,0.244324,1.08099,0,0.0556175
0.735,0.405,7.29537,5.87563,0.211577,41.6368,0.244324,1.08099,0,0.0556175
0.735,0.415,7.5956,5.77703,0.198341,43.5502,0.244324,1.08099,0,0.0556175
0.735,0.425,7.94887,5.66664,0.173972,45.8848,0.244324,1.08099,0,0.0556175
0.735,0.435,8.35081,5.54438,0.142265,48.611,0.244324,1.08099,0,0.0556175
0.735,0.445,8.79285,5.41096,0.107801,51.6644,0.244324,1.08099,0,0.0556175
0.735,0.455,9.26301,5.26781,0.0751656,54.952,0.244324,1.08099,0,0.0556175
0.735,0.465,9.74759,5.11643,0.0482849,58.3651,0.244324,1.08099,0,0.0556175
0.735,0.475,10.2307,4.95962,0.0300033,61.7848,0.244324,1.08099,0,0.0556175
0.735,0.485,10.6973,4.7991,0.0219404,65.0993,0.244324,1.08099,0,0.0556175
0.735,0.495,11.1331,4.63564,0.024827,68.2159,0.244324,1.08099,0,0.0556175
0.735,0.505,11.5228,4.46876,0.0391219,71.0545,0.244324,1.08099,0,0.0556175
0.735,0.515,11.8409,4.29726,0.0657813,73.5347,0.244324,1.08099,0,0.0556175
0.735,0.525,12.0272,4.11444,0.107672,75.5998,0.244324,1.08099,0,0.0556175
0.735,0.535,11.9329,3.90556,0.171415,77.2008,0.244324,1.08099,0,0.0556175
0.735,0.545,11.3426,3.64609,0.268272,78.2694,0.244324,1.08099,0,0.0556175
0.735,0.555,10.2012,3.30914,0.411074,78.6808,0.244324,1.08099,0,0.0556175
0.735,0.565,8.80412,2.89827,0.602049,78.2861,0.244324,1.08099,0,0.0556175
0.735,0.575,7.56609,2.41601,0.826065,77.4924,0.244324,1.08099,0,0.0556175
0.735,0.585,6.6661,1.87378,1.05839,76.7166,0.244324,1.08099,0,0.0556175
0.735,0.595,6.06841,1.29804,1.27153,76.2466,0.244324,1.08099,0,0.0556175
0.735,0.605,5.67172,0.717798,1.4458,76.2165,0.244324,1.08099,0,0.0556175
0.735,0.615,5.39533,0.155201,1.57495,76.5865,0.244324,1.08099,0,0.0556175
0.735,0.625,5.19923,-0.376548,1.66244,77.1904,0.244324,1.08099,0,0.0556175
0.735,0.635,5.06756,-0.873428,1.71529,77.8343,0.244324,1.08099,0,0.0556175
0.735,0.645,4.98847,-1.34286,1.73935,78.39,0.244324,1.08099,0,0.0556175
0.735,0.655,4.94584,-1.80752,1.73872,78.794,0.244324,1.08099,0,0.0556175
0.735,0.665,4.91848,-2.30709,1.71675,79.024,0.244324,1.08099,0,0.0556175
0.735,0.675,4.88502,-2.89667,1.67699,79.0849,0.244324,1.08099,0,0.0556175
0.735,0.685,4.83515,-3.64236,1.62398,79.0133,0.244324,1.08099,0,0.0556175
0.735,0.695,4.78909,-4.61058,1.56454,78.8943,0.244324,1.08099,0,0.0556175
0.735,0.705,4.81523,-5.82999,1.51005,78.8716,0.244324,1.08099,0,0.0556175
0.735,0.715,5.02701,-7.26007,1.4778,79.1612,0.244324,1.08099,0,0.0556175
0.735,0.725,5.56775,-8.77771,1.48785,80.078,0.244324,1.08099,0,0.0556175
0.735,0.735,6.61449,-10.2189,1.559,82.0685,0.244324,1.08099,0,0.0556175
0.735,0.745,8.41736,-11.4561,1.70179,85.7161,0.244324,1.08099,0,0.0556175
0.735,0.755,11.3758,-12.4388,1.91167,91.7313,0.244324,1.08099,0,0.0556175
0.735,0.765,16.1417,-13.1793,2.16618,100.798,0.244324,1.08099,0,0.0556175
0.735,0.775,23.7291,-13.7197,2.42945,113.28,0.244324,1.08099,0,0.0556175
0.735,0.785,35.5967,-14.107,2.66307,128.957,0.244324,1.08099,0,0.0556175
0.735,0.795,53.4905,-14.3817,2.84148,146.309,0.244324,1.08099,0,0.0556175
0.735,0.805,78.8493,-14.5756,2.9546,161.921,0.244324,1.08099,0,0.0556175
0.735,0.815,111.898,-14.7118,3.00025,171.353,0.244324,1.08099,0,0.0556175
0.735,0.825,150.582,-14.807,2.98512,170.563,0.244324,1.08099,0,0.0556175
0.735,0.835,190.552,-14.8728,2.92351,158.452,0.244324,1.08099,0,0.0556175
0.735,0.845,227.026,-14.9174,2.83606,138.512,0.244324,1.08099,0,0.0556175
0.735,0.855,257.669,-14.9465,2.74685,117.452,0.244324,1.08099,0,0.0556175
0.735,0.865,283.949,-14.9648,2.67711,101.374,0.244324,1.08099,0,0.0556175
0.735,0.875,309.616,-14.9757,2.6378,92.8747,0.244324,1.08099,0,0.0556175
0.735,0.885,337.974,-14.9823,2.62743,91.2541,0.244324,1.08099,0,0.0556175
0.735,0.895,370.431,-14.9864,2.63727,94.4807,0.244324,1.08099,0,0.0556175
0.735,0.905,406.755,-14.9891,2.65828,100.68,0.244324,1.08099,0,0.0556175
0.735,0.915,445.958,-14.9912,2.6842,108.578,0.244324,1.08099,0,0.0556175
0.735,0.925,486.934,-14.9928,2.71157,117.411,0.244324,1.08099,0,0.0556175
0.735,0.935,528.721,-14.9941,2.73869,126.734,0.244324,1.08099,0,0.0556175
0.735,0.945,570.538,-14.9952,2.76479,136.279,0.244324,1.08099,0,0.0556175
0.735,0.955,611.751,-14.9961,2.78954,145.866,0.244324,1.08099,0,0.0556175
0.735,0.965,651.835,-14.9968,2.81278,155.362,0.244324,1.08099,0,0.0556175
0.735,0.975,690.352,-14.9974,2.83446,164.658,0.244324,1.08099,0,0.0556175
0.735,0.985,726.935,-14.998,2.85456,173.661,0.244324,1.08099,0,0.0556175
0.735,0.995,761.288,-14.9984,2.87308,182.287,0.244324,1.08099,0,0.0556175
0.745,0.005,7.13682,7.49203,-3.2268,60.4923,0.270644,1.13934,0,0.0641826
0.745,0.015,7.09719,7.46383,-3.12729,59.5334,0.270644,1.13934,0,0.0641826
0.745,0.025,7.06259,7.43525,-3.02557,58.6379,0.270644,1.13934,0,0.0641826
0.745,0.035,7.02845,7.4064,-2.92382,57.7519,0.270644,1.13934,0,0.0641826
0.745,0.045,6.99451,7.3773,-2.82217,56.8727,0.270644,1.13934,0,0.0641826
0.745,0.055,6.96074,7.34797,-2.72064,56.0003,0.270644,1.13934,0,0.0641826
0.745,0.065,6.92713,7.31841,-2.61922,55.1352,0.270644,1.13934,0,0.0641826
0.745,0.075,6.8937,7.28863,-2.51791,54.2775,0.270644,1.13934,0,0.0641826
0.745,0.085,6.86042,7.25863,-2.41674,53.4276,0.270644,1.13934,0,0.0641826
0.745,0.095,6.82731,7.22843,-2.31569,52.5859,0.270644,1.13934,0,0.0641826
0.745,0.105,6.79437,7.19803,-2.21478,51.7526,0.270644,1.13934,0,0.0641826
0.745,0.115,6.7616,7.16742,-2.11402,50.9282,0.270644,1.13934,0,0.0641826
0.745,0.125,6.72901,7.13662,-2.01342,50.1129,0.270644,1.13934,0,0.0641826
0.745,0.135,6.69663,7.10562,-1.91299,49.3073,0.270644,1.13934,0,0.0641826
0.745,0.145,6.66448,7.07442,-1.81276,48.5117,0.270644,1.13934,0,0.0641826
0.745,0.155,6.63259,7.04302,-1.71275,47.7266,0.270644,1.13934,0,0.0641826
0.745,0.165,6.601,7.01141,-1.61297,46.9526,0.270644,1.13934,0,0.0641826
0.745,0.175,6.56978,6.97959,-1.51347,46.1905,0.270644,1.13934,0,0.0641826
0.745,0.185,6.53901,6.94755,-1.41428,45.4408,0.270644,1.13934,0,0.0641826
0.745,0.195,6.50876,6.91526,-1.31546,44.7047,0.270644,1.13934,0,0.0641826
0.745,0.205,6.47916,6.88271,-1.21704,43.983,0.270644,1.13934,0,0.0641826
0.745,0.215,6.45037,6.84988,-1.11911,43.2771,0.270644,1.13934,0,0.0641826
0.745,0.225,6.42256,6.81673,-1.02176,42.5886,0.270644,1.13934,0,0.0641826
0.745,0.235,6.39598,6.78323,-0.925088,41.9193,0.270644,1.13934,0,0.0641826
0.745,0.245,6.37093,6.74932,-0.829227,41.2716,0.270644,1.13934,0,0.0641826
0.745,0.255,6.34778,6.71495,-0.734343,40.6484,0.270644,1.13934,0,0.0641826
0.745,0.265,6.32702,6.68004,-0.640643,40.0533,0.270644,1.13934,0,0.0641826
0.745,0.275,6.30927,6.64449,-0.548387,39.4909,0.270644,1.13934,0,0.0641826
0.745,0.285,6.29531,6.60816,-0.457904,38.9671,0.270644,1.13934,0,0.0641826
0.745,0.295,6.28617,6.57091,-0.369613,38.4892,0.270644,1.13934,0,0.0641826
0.745,0.305,6.28316,6.53252,-0.284045,38.067,0.270644,1.13934,0,0.0641826
0.745,0.315,6.28801,6.49272,-0.201881,37.7128,0.270644,1.13934,0,0.0641826
0.745,0.325,6.30295,6.45114,-0.123982,37.443,0.270644,1.13934,0,0.0641826
0.745,0.335,6.33099,6.40723,-0.0514297,37.2789,0.270644,1.13934,0,0.0641826
0.745,0.345,6.38098,6.35618,0.0147676,37.254,0.270644,1.13934,0,0.0641826
0.745,0.355,6.45311,6.3,0.0729439,37.3896,0.270644,1.13934,0,0.0641826
0.745,0.365,6.55128,6.23978,0.120853,37.7381,0.270644,1.13934,0,0.0641826
0.745,0.375,6.68326,6.17343,0.156502,38.3519,0.270644,1.13934,0,0.0641826
0.745,0.385,6.85666,6.09926,0.178074,39.2892,0.270644,1.13934,0,0.0641826
0.745,0.395,7.07877,6.01554,0.184405,40.608,0.270644,1.13934,0,0.0641826
0.745,0.405,7.35522,5.92067,0.17555,42.3558,0.270644,1.13934,0,0.0641826
0.745,0.415,7.68837,5.81344,0.153239,44.5562,0.270644,1.13934,0,0.0641826
0.745,0.425,8.07603,5.69338,0.120964,47.1976,0.270644,1.13934,0,0.0641826
0.745,0.435,8.51101,5.56095,0.0835223,50.2268,0.270644,1.13934,0,0.0641826
0.745,0.445,8.9826,5.4166,0.0462877,53.5575,0.270644,1.13934,0,0.0641826
0.745,0.455,9.47356,5.26445,0.0141107,57.0573,0.270644,1.13934,0,0.0641826
0.745,0.465,9.96782,5.10641,-0.00950251,60.5944,0.270644,1.13934,0,0.0641826
0.745,0.475,10.4499,4.9447,-0.0223959,64.0485,0.270644,1.13934,0,0.0641826
0.745,0.485,10.9045,4.78119,-0.0236579,67.3106,0.270644,1.13934,0,0.0641826
0.745,0.495,11.3179,4.61623,-0.0131841,70.2932,0.270644,1.13934,0,0.0641826
0.745,0.505,11.6745,4.44847,0.00920174,72.9284,0.270644,1.13934,0,0.0641826
0.745,0.515,11.9453,4.2733,0.0449417,75.1672,0.270644,1.13934,0,0.0641826
0.745,0.525,12.0442,4.08309,0.0981536,76.9442,0.270644,1.13934,0,0.0641826
0.745,0.535,11.7892,3.85802,0.177273,78.2204,0.270644,1.13934,0,0.0641826
0.745,0.545,10.9887,3.57186,0.294852,78.9088,0.270644,1.13934,0,0.0641826
0.745,0.555,9.7171,3.20659,0.460811,78.8607,0.270644,1.13934,0,0.0641826
0.745,0.565,8.36035,2.7747,0.670309,78.093,0.270644,1.13934,0,0.0641826
0.745,0.575,7.26044,2.27818,0.902433,77.1314,0.270644,1.13934,0,0.0641826
0.745,0.585,6.49069,1.73422,1.13049,76.3513,0.270644,1.13934,0,0.0641826
0.745,0.595,5.97426,1.16906,1.32942,75.9959,0.270644,1.13934,0,0.0641826
0.745,0.605,5.61607,0.607102,1.48529,76.1342,0.270644,1.13934,0,0.0641826
0.745,0.615,5.35578,0.066202,1.59695,76.6609,0.270644,1.13934,0,0.0641826
0.745,0.625,5.17072,-0.442361,1.67005,77.3752,0.270644,1.13934,0,0.0641826
0.745,0.635,5.05125,-0.914975,1.712,78.0835,0.270644,1.13934,0,0.0641826
0.745,0.645,4.9857,-1.35944,1.72801,78.6768,0.270644,1.13934,0,0.0641826
0.745,0.655,4.95576,-1.79914,1.72181,79.1091,0.270644,1.13934,0,0.0641826
0.745,0.665,4.9382,-2.27432,1.69662,79.3725,0.270644,1.13934,0,0.0641826
0.745,0.675,4.91063,-2.84014,1.65589,79.4845,0.270644,1.13934,0,0.0641826
0.745,0.685,4.86286,-3.56253,1.60413,79.4926,0.270644,1.13934,0,0.0641826
0.745,0.695,4.81584,-4.50844,1.54796,79.4861,0.270644,1.13934,0,0.0641826
0.745,0.705,4.83815,-5.7096,1.49822,79.6058,0.270644,1.13934,0,0.0641826
0.745,0.715,5.04304,-7.12815,1.47124,80.0723,0.270644,1.13934,0,0.0641826
0.745,0.725,5.57278,-8.64679,1.48658,81.1795,0.270644,1.13934,0,0.0641826
0.745,0.735,6.60548,-10.1032,1.56247,83.36,0.270644,1.13934,0,0.0641826
0.745,0.745,8.39449,-11.3646,1.70938,87.192,0.270644,1.13934,0,0.0641826
0.745,0.755,11.344,-12.3725,1.92273,93.3889,0.270644,1.13934,0,0.0641826
0.745,0.765,16.1112,-13.1344,2.17958,102.627,0.270644,1.13934,0,0.0641826
0.745,0.775,23.7148,-13.6909,2.44341,115.238,0.270644,1.13934,0,0.0641826
0.745,0.785,35.6134,-14.0893,2.6758,130.954,0.270644,1.13934,0,0.0641826
0.745,0.795,53.5488,-14.3712,2.85184,148.218,0.270644,1.13934,0,0.0641826
0.745,0.805,78.9507,-14.5696,2.96234,163.606,0.270644,1.13934,0,0.0641826
0.745,0.815,112.033,-14.7085,3.00566,172.715,0.270644,1.13934,0,0.0641826
0.745,0.825,150.734,-14.8052,2.9887,171.561,0.270644,1.13934,0,0.0641826
0.745,0.835,190.699,-14.8719,2.92575,159.108,0.270644,1.13934,0,0.0641826
0.745,0.845,227.149,-14.917,2.83736,138.893,0.270644,1.13934,0,0.0641826
0.745,0.855,257.758,-14.9464,2.74754,117.645,0.270644,1.13934,0,0.0641826
0.745,0.865,284.004,-14.9647,2.67743,101.46,0.270644,1.13934,0,0.0641826
0.745,0.875,309.646,-14.9757,2.63794,92.9087,0.270644,1.13934,0,0.0641826
0.745,0.885,337.988,-14.9823,2.62747,91.2664,0.270644,1.13934,0,0.0641826
0.745,0.895,370.436,-14.9864,2.63729,94.4848,0.270644,1.13934,0,0.0641826
0.745,0.905,406.757,-14.9891,2.65828,100.681,0.270644,1.13934,0,0.0641826
0.745,0.915,445.959,-14.9912,2.6842,108.579,0.270644,1.13934,0,0.0641826
0.745,0.925,486.935,-14.9928,2.71157,117.411,0.270644,1.13934,0,0.0641826
0.745,0.935,528.721,-14.9941,2.73869,126.734,0.270644,1.13934,0,0.0641826
0.745,0.945,570.538,-14.9952,2.76479,136.279,0.270644,1.13934,0,0.0641826
0.745,0.955,611.751,-14.9961,2.78954,145.866,0.270644,1.13934,0,0.0641826
0.745,0.965,651.835,-14.9968,2.81278,155.362,0.270644,1.13934,0,0.0641826
0.745,0.975,690.352,-14.9974,2.83446,164.658,0.270644,1.13934,0,0.0641826
0.745,0.985,726.935,-14.998,2.85456,173.661,0.270644,1.13934,0,0.0641826
0.745,0.995,761.288,-14.9984,2.87308,182.287,0.270644,1.13934,0,0.0641826
0.755,0.005,7.06371,7.56448,-3.2129,59.6943,0.299185,1.1977,0,0.0738542
0.755,0.015,7.02377,7.53652,-3.11354,58.7463,0.299185,1.1977,0,0.0738542
0.755,0.025,6.98918,7.50817,-3.01178,57.8653,0.299185,1.1977,0,0.0738542
0.755,0.035,6.95507,7.47955,-2.90998,56.994,0.299185,1.1977,0,0.0738542
0.755,0.045,6.92116,7.45068,-2.80828,56.1293,0.299185,1.1977,0,0.0738542
0.755,0.055,6.88742,7.42157,-2.70669,55.2713,0.299185,1.1977,0,0.0738542
0.755,0.065,6.85385,7.39222,-2.60521,54.4204,0.299185,1.1977,0,0.0738542
0.755,0.075,6.82044,7.36265,-2.50385,53.5768,0.299185,1.1977,0,0.0738542
0.755,0.085,6.78719,7.33286,-2.40261,52.7408,0.299185,1.1977,0,0.0738542
0.755,0.095,6.7541,7.30285,-2.30151,51.9127,0.299185,1.1977,0,0.0738542
0.755,0.105,6.72117,7.27263,-2.20055,51.093,0.299185,1.1977,0,0.0738542
0.755,0.115,6.68843,7.2422,-2.09974,50.2819,0.299185,1.1977,0,0.0738542
0.755,0.125,6.65587,7.21157,-1.99909,49.4798,0.299185,1.1977,0,0.0738542
0.755,0.135,6.62353,7.18073,-1.89863,48.6871,0.299185,1.1977,0,0.0738542
0.755,0.145,6.59142,7.14968,-1.79836,47.9044,0.299185,1.1977,0,0.0738542
0.755,0.155,6.55959,7.11841,-1.69832,47.1321,0.299185,1.1977,0,0.0738542
0.755,0.165,6.52808,7.08693,-1.59853,46.3708,0.299185,1.1977,0,0.0738542
0.755,0.175,6.49695,7.05522,-1.49903,45.6213,0.299185,1.1977,0,0.0738542
0.755,0.185,6.46629,7.02326,-1.39985,44.8843,0.299185,1.1977,0,0.0738542
0.755,0.195,6.43619,6.99105,-1.30105,44.1607,0.299185,1.1977,0,0.0738542
0.755,0.205,6.40678,6.95856,-1.20269,43.4517,0.299185,1.1977,0,0.0738542
0.755,0.215,6.37822,6.92576,-1.10484,42.7587,0.299185,1.1977,0,0.0738542
0.755,0.225,6.3507,6.89262,-1.0076,42.0833,0.299185,1.1977,0,0.0738542
0.755,0.235,6.3245,6.8591,-0.911084,41.4275,0.299185,1.1977,0,0.0738542
0.755,0.245,6.29992,6.82514,-0.815432,40.7939,0.299185,1.1977,0,0.0738542
0.755,0.255,6.27737,6.79068,-0.720825,40.1856,0.299185,1.1977,0,0.0738542
0.755,0.265,6.25738,6.75562,-0.627489,39.6064,0.299185,1.1977,0,0.0738542
0.755,0.275,6.24062,6.71987,-0.535707,39.0615,0.299185,1.1977,0,0.0738542
0.755,0.285,6.22795,6.68327,-0.445845,38.5572,0.299185,1.1977,0,0.0738542
0.755,0.295,6.22049,6.64565,-0.358365,38.1018,0.299185,1.1977,0,0.0738542
0.755,0.305,6.21972,6.60676,-0.273863,37.7061,0.299185,1.1977,0,0.0738542
0.755,0.315,6.22757,6.56628,-0.193104,37.3842,0.299185,1.1977,0,0.0738542
0.755,0.325,6.24657,6.5238,-0.117068,37.1547,0.299185,1.1977,0,0.0738542
0.755,0.335,6.28017,6.47862,-0.046984,37.0424,0.299185,1.1977,0,0.0738542
0.755,0.345,6.33837,6.42517,0.0159369,37.0853,0.299185,1.1977,0,0.0738542
0.755,0.355,6.42056,6.36675,0.0697526,37.3111,0.299185,1.1977,0,0.0738542
0.755,0.365,6.53273,6.30333,0.11196,37.7803,0.299185,1.1977,0,0.0738542
0.755,0.375,6.6835,6.2326,0.140381,38.5541,0.299185,1.1977,0,0.0738542
0.755,0.385,6.88131,6.1526,0.153196,39.6989,0.299185,1.1977,0,0.0738542
0.755,0.395,7.13375,6.06137,0.149576,41.2773,0.299185,1.1977,0,0.0738542
0.755,0.405,7.44577,5.95726,0.130359,43.3339,0.299185,1.1977,0,0.0738542
0.755,0.415,7.81781,5.83928,0.0984505,45.8791,0.299185,1.1977,0,0.0738542
0.755,0.425,8.24545,5.70671,0.0587395,48.881,0.299185,1.1977,0,0.0738542
0.755,0.435,8.71644,5.56186,0.0172279,52.2468,0.299185,1.1977,0,0.0738542
0.755,0.445,9.21441,5.40724,-0.0202912,55.842,0.299185,1.1977,0,0.0738542
0.755,0.455,9.72101,5.24676,-0.0492582,59.5182,0.299185,1.1977,0,0.0738542
0.755,0.465,10.2183,5.08313,-0.0669097,63.1273,0.299185,1.1977,0,0.0738542
0.755,0.475,10.6909,4.91826,-0.0720879,66.5482,0.299185,1.1977,0,0.0738542
0.755,0.485,11.1249,4.75353,-0.0647372,69.6847,0.299185,1.1977,0,0.0738542
0.755,0.495,11.507,4.58877,-0.045324,72.4618,0.299185,1.1977,0,0.0738542
0.755,0.505,11.822,4.42102,-0.0137041,74.8324,0.299185,1.1977,0,0.0738542
0.755,0.515,12.0317,4.24192,0.0324886,76.772,0.299185,1.1977,0,0.0738542
0.755,0.525,12.0179,4.04186,0.0990132,78.2158,0.299185,1.1977,0,0.0738542
0.755,0.535,11.5751,3.79726,0.196069,79.1162,0.299185,1.1977,0,0.0738542
0.755,0.545,10.5792,3.48295,0.336376,79.3615,0.299185,1.1977,0,0.0738542
0.755,0.555,9.24399,3.09494,0.524662,78.8169,0.299185,1.1977,0,0.0738542
0.755,0.565,7.98161,2.6457,0.748438,77.7574,0.299185,1.1977,0,0.0738542
0.755,0.575,7.0222,2.14117,0.983131,76.6959,0.299185,1.1977,0,0.0738542
0.755,0.585,6.35874,1.60128,1.20184,75.9727,0.299185,1.1977,0,0.0738542
0.755,0.595,5.89899,1.04974,1.38373,75.7769,0.299185,1.1977,0,0.0738542
0.755,0.605,5.56456,0.506409,1.52066,76.1055,0.299185,1.1977,0,0.0738542
0.755,0.615,5.31543,-0.0136825,1.61551,76.7929,0.299185,1.1977,0,0.0738542
0.755,0.625,5.14194,-0.499956,1.67528,77.6147,0.299185,1.1977,0,0.0738542
0.755,0.635,5.03665,-0.948893,1.70721,78.3891,0.299185,1.1977,0,0.0738542
0.755,0.645,4.98628,-1.36888,1.716,79.0272,0.299185,1.1977,0,0.0738542
0.755,0.655,4.97,-1.78417,1.70509,79.5007,0.299185,1.1977,0,0.0738542
0.755,0.665,4.96287,-2.23551,1.67755,79.8142,0.299185,1.1977,0,0.0738542
0.755,0.675,4.94179,-2.77807,1.63675,79.9957,0.299185,1.1977,0,0.0738542
0.755,0.685,4.8968,-3.47756,1.58702,80.0999,0.299185,1.1977,0,0.0738542
0.755,0.695,4.84936,-4.40116,1.53478,80.215,0.299185,1.1977,0,0.0738542
0.755,0.705,4.86796,-5.58419,1.49005,80.4763,0.299185,1.1977,0,0.0738542
0.755,0.715,5.06565,-6.99154,1.46809,81.1102,0.299185,1.1977,0,0.0738542
0.755,0.725,5.58378,-8.51172,1.48812,82.3916,0.299185,1.1977,0,0.0738542
0.755,0.735,6.6019,-9.98411,1.5681,84.7452,0.299185,1.1977,0,0.0738542
0.755,0.745,8.37692,-11.2705,1.71866,88.75,0.299185,1.1977,0,0.0738542
0.755,0.755,11.3181,-12.3047,1.93521,95.123,0.299185,1.1977,0,0.0738542
0.755,0.765,16.088,-13.0888,2.19417,104.526,0.299185,1.1977,0,0.0738542
0.755,0.775,23.7094,-13.6619,2.45821,117.253,0.299185,1.1977,0,0.0738542
0.755,0.785,35.6405,-14.0717,2.68895,132.98,0.299185,1.1977,0,0.0738542
0.755,0.795,53.617,-14.3609,2.86228,150.117,0.299185,1.1977,0,0.0738542
0.755,0.805,79.0586,-14.5638,2.96993,165.246,0.299185,1.1977,0,0.0738542
0.755,0.815,112.169,-14.7054,3.01082,174.008,0.299185,1.1977,0,0.0738542
0.755,0.825,150.879,-14.8036,2.99201,172.483,0.299185,1.1977,0,0.0738542
0.755,0.835,190.834,-14.8711,2.92776,159.697,0.299185,1.1977,0,0.0738542
0.755,0.845,227.258,-14.9166,2.83851,139.226,0.299185,1.1977,0,0.0738542
0.755,0.855,257.834,-14.9462,2.74813,117.81,0.299185,1.1977,0,0.0738542
0.755,0.865,284.051,-14.9646,2.67771,101.531,0.299185,1.1977,0,0.0738542
0.755,0.875,309.67,-14.9757,2.63805,92.9364,0.299185,1.1977,0,0.0738542
0.755,0.885,337.999,-14.9822,2.62751,91.2762,0.299185,1.1977,0,0.0738542
0.755,0.895,370.441,-14.9864,2.6373,94.4881,0.299185,1.1977,0,0.0738542
0.755,0.905,406.759,-14.9891,2.65829,100.682,0.299185,1.1977,0,0.0738542
0.755,0.915,445.959,-14.9912,2.6842,108.579,0.299185,1.1977,0,0.0738542
0.755,0.925,486.935,-14.9928,2.71157,117.411,0.299185,1.1977,0,0.0738542
0.755,0.935,528.721,-14.9941,2.73869,126.734,0.299185,1.1977,0,0.0738542
0.755,0.945,570.538,-14.9952,2.76479,136.279,0.299185,1.1977,0,0.0738542
0.755,0.955,611.751,-14.9961,2.78954,145.866,0.299185,1.1977,0,0.0738542
0.755,0.965,651.835,-14.9968,2.81278,155.362,0.299185,1.1977,0,0.0738542
0.755,0.975,690.352,-14.9974,2.83446,164.658,0.299185,1.1977,0,0.0738542
0.755,0.985,726.935,-14.998,2.85456,173.661,0.299185,1.1977,0,0.0738542
0.755,0.995,761.288,-14.9984,2.87308,182.287,0.299185,1.1977,0,0.0738542
0.765,0.005,6.9916,7.63692,-3.199,58.9087,0.330085,1.25605,0,0.0847491
0.765,0.015,6.95132,7.60919,-3.09979,57.971,0.330085,1.25605,0,0.0847491
0.765,0.025,6.91673,7.58106,-2.998,57.104,0.330085,1.25605,0,0.0847491
0.765,0.035,6.88266,7.55266,-2.89615,56.247,0.330085,1.25605,0,0.0847491
0.765,0.045,6.84879,7.52401,-2.79439,55.3966,0.330085,1.25605,0,0.0847491
0.765,0.055,6.81508,7.4951,-2.69274,54.5526,0.330085,1.25605,0,0.0847491
0.765,0.065,6.78153,7.46596,-2.5912,53.7156,0.330085,1.25605,0,0.0847491
0.765,0.075,6.74814,7.43659,-2.48979,52.8856,0.330085,1.25605,0,0.0847491
0.765,0.085,6.71491,7.40699,-2.3885,52.0632,0.330085,1.25605,0,0.0847491
0.765,0.095,6.68185,7.37717,-2.28734,51.2485,0.330085,1.25605,0,0.0847491
0.765,0.105,6.64895,7.34713,-2.18633,50.4419,0.330085,1.25605,0,0.0847491
0.765,0.115,6.61623,7.31688,-2.08548,49.6439,0.330085,1.25605,0,0.0847491
0.765,0.125,6.5837,7.2864,-1.98479,48.8547,0.330085,1.25605,0,0.0847491
0.765,0.135,6.5514,7.25571,-1.88429,48.0748,0.330085,1.25605,0,0.0847491
0.765,0.145,6.51934,7.2248,-1.784,47.3047,0.330085,1.25605,0,0.0847491
0.765,0.155,6.48756,7.19366,-1.68394,46.5449,0.330085,1.25605,0,0.0847491
0.765,0.165,6.45613,7.16229,-1.58414,45.7961,0.330085,1.25605,0,0.0847491
0.765,0.175,6.4251,7.13067,-1.48464,45.059,0.330085,1.25605,0,0.0847491
0.765,0.185,6.39456,7.0988,-1.38548,44.3344,0.330085,1.25605,0,0.0847491
0.765,0.195,6.36462,7.06665,-1.28672,43.6233,0.330085,1.25605,0,0.0847491
0.765,0.205,6.33541,7.0342,-1.18843,42.9269,0.330085,1.25605,0,0.0847491
0.765,0.215,6.3071,7.00142,-1.09067,42.2467,0.330085,1.25605,0,0.0847491
0.765,0.225,6.27991,6.96828,-0.993568,41.5844,0.330085,1.25605,0,0.0847491
0.765,0.235,6.25411,6.93472,-0.89723,40.9422,0.330085,1.25605,0,0.0847491
0.765,0.245,6.23004,6.90069,-0.801818,40.3229,0.330085,1.25605,0,0.0847491
0.765,0.255,6.20816,6.86611,-0.707527,39.7297,0.330085,1.25605,0,0.0847491
0.765,0.265,6.18903,6.83088,-0.614605,39.1671,0.330085,1.25605,0,0.0847491
0.765,0.275,6.17338,6.79489,-0.523367,38.6405,0.330085,1.25605,0,0.0847491
0.765,0.285,6.16218,6.75796,-0.434217,38.157,0.330085,1.25605,0,0.0847491
0.765,0.295,6.15667,6.71989,-0.347677,37.7261,0.330085,1.25605,0,0.0847491
0.765,0.305,6.15853,6.6804,-0.264422,37.3599,0.330085,1.25605,0,0.0847491
0.765,0.315,6.16994,6.6391,-0.185327,37.0747,0.330085,1.25605,0,0.0847491
0.765,0.325,6.19386,6.59548,-0.111524,36.8925,0.330085,1.25605,0,0.0847491
0.765,0.335,6.23437,6.54868,-0.0444367,36.8425,0.330085,1.25605,0,0.0847491
0.765,0.345,6.30255,6.49242,0.0144378,36.9684,0.330085,1.25605,0,0.0847491
0.765,0.355,6.39773,6.43101,0.0628222,37.3081,0.330085,1.25605,0,0.0847491
0.765,0.365,6.52796,6.36331,0.0979204,37.932,0.330085,1.25605,0,0.0847491
0.765,0.375,6.70299,6.28671,0.117384,38.9123,0.330085,1.25605,0,0.0847491
0.765,0.385,6.93214,6.19889,0.119545,40.325,0.330085,1.25605,0,0.0847491
0.765,0.395,7.22291,6.09769,0.104238,42.2354,0.330085,1.25605,0,0.0847491
0.765,0.405,7.57901,5.98125,0.0735776,44.6804,0.330085,1.25605,0,0.0847491
0.765,0.415,7.99839,5.84839,0.0322912,47.6496,0.330085,1.25605,0,0.0847491
0.765,0.425,8.46892,5.70177,-0.0131249,51.0532,0.330085,1.25605,0,0.0847491
0.765,0.435,8.97441,5.54422,-0.0558888,54.7577,0.330085,1.25605,0,0.0847491
0.765,0.445,9.49452,5.37967,-0.0903049,58.5913,0.330085,1.25605,0,0.0847491
0.765,0.455,10.009,5.21239,-0.112693,62.3845,0.330085,1.25605,0,0.0847491
0.765,0.465,10.5001,5.04519,-0.121478,65.9885,0.330085,1.25605,0,0.0847491
0.765,0.475,10.9533,4.87944,-0.116673,69.2924,0.330085,1.25605,0,0.0847491
0.765,0.485,11.3568,4.71563,-0.0990712,72.2206,0.330085,1.25605,0,0.0847491
0.765,0.495,11.6987,4.55276,-0.0695056,74.718,0.330085,1.25605,0,0.0847491
0.765,0.505,11.9627,4.38564,-0.0274572,76.7616,0.330085,1.25605,0,0.0847491
0.765,0.515,12.0941,4.20145,0.0307869,78.3464,0.330085,1.25605,0,0.0847491
0.765,0.525,11.9394,3.98921,0.112818,79.4013,0.330085,1.25605,0,0.0847491
0.765,0.535,11.2946,3.72245,0.230171,79.8672,0.330085,1.25605,0,0.0847491
0.765,0.545,10.1455,3.3812,0.393946,79.6152,0.330085,1.25605,0,0.0847491
0.765,0.555,8.81759,2.97596,0.602006,78.6019,0.330085,1.25605,0,0.0847491
0.765,0.565,7.67783,2.51471,0.834808,77.3205,0.330085,1.25605,0,0.0847491
0.765,0.575,6.84348,2.00833,1.06627,76.2288,0.330085,1.25605,0,0.0847491
0.765,0.585,6.25817,1.47699,1.27135,75.6223,0.330085,1.25605,0,0.0847491
0.765,0.595,5.83396,0.940648,1.43441,75.6245,0.330085,1.25605,0,0.0847491
0.765,0.605,5.51355,0.415567,1.5525,76.1579,0.330085,1.25605,0,0.0847491
0.765,0.615,5.27451,-0.0845463,1.63139,77.0055,0.330085,1.25605,0,0.0847491
0.765,0.625,5.11449,-0.5491,1.67887,77.9317,0.330085,1.25605,0,0.0847491
0.765,0.635,5.02562,-0.974744,1.70169,78.7742,0.330085,1.25605,0,0.0847491
0.765,0.645,4.9918,-1.37073,1.70411,79.4654,0.330085,1.25605,0,0.0847491
0.765,0.655,4.98985,-1.76224,1.68935,79.9924,0.330085,1.25605,0,0.0847491
0.765,0.665,4.99353,-2.19044,1.66033,80.371,0.330085,1.25605,0,0.0847491
0.765,0.675,4.97934,-2.71044,1.62022,80.6368,0.330085,1.25605,0,0.0847491
0.765,0.685,4.93752,-3.38765,1.57316,80.8474,0.330085,1.25605,0,0.0847491
0.765,0.695,4.88995,-4.28925,1.52522,81.0871,0.330085,1.25605,0,0.0847491
0.765,0.705,4.90475,-5.45434,1.48552,81.484,0.330085,1.25605,0,0.0847491
0.765,0.715,5.09476,-6.85079,1.46818,82.2721,0.330085,1.25605,0,0.0847491
0.765,0.725,5.60063,-8.37292,1.49229,83.7106,0.330085,1.25605,0,0.0847491
0.765,0.735,6.60368,-9.86191,1.57577,86.2221,0.330085,1.25605,0,0.0847491
0.765,0.745,8.36471,-11.1742,1.72961,90.3906,0.330085,1.25605,0,0.0847491
0.765,0.755,11.2982,-12.2355,1.94914,96.9351,0.330085,1.25605,0,0.0847491
0.765,0.765,16.0722,-13.0425,2.20994,106.497,0.330085,1.25605,0,0.0847491
0.765,0.775,23.7133,-13.6326,2.47381,119.322,0.330085,1.25605,0,0.0847491
0.765,0.785,35.6779,-14.0541,2.70247,135.03,0.330085,1.25605,0,0.0847491
0.765,0.795,53.6942,-14.3509,2.87273,152.001,0.330085,1.25605,0,0.0847491
0.765,0.805,79.1716,-14.5583,2.97731,166.834,0.330085,1.25605,0,0.0847491
0.765,0.815,112.304,-14.7025,3.01569,175.226,0.330085,1.25605,0,0.0847491
0.765,0.825,151.017,-14.8022,2.99506,173.328,0.330085,1.25605,0,0.0847491
0.765,0.835,190.957,-14.8704,2.92956,160.222,0.330085,1.25605,0,0.0847491
0.765,0.845,227.354,-14.9163,2.8395,139.515,0.330085,1.25605,0,0.0847491
0.765,0.855,257.899,-14.9461,2.74863,117.95,0.330085,1.25605,0,0.0847491
0.765,0.865,284.089,-14.9646,2.67793,101.59,0.330085,1.25605,0,0.0847491
0.765,0.875,309.69,-14.9756,2.63814,92.9587,0.330085,1.25605,0,0.0847491
0.765,0.885,338.008,-14.9822,2.62754,91.2839,0.330085,1.25605,0,0.0847491
0.765,0.895,370.445,-14.9863,2.63731,94.4906,0.330085,1.25605,0,0.0847491
0.765,0.905,406.76,-14.9891,2.65829,100.683,0.330085,1.25605,0,0.0847491
0.765,0.915,445.96,-14.9912,2.6842,108.579,0.330085,1.25605,0,0.0847491
0.765,0.925,486.935,-14.9928,2.71157,117.411,0.330085,1.25605,0,0.0847491
0.765,0.935,528.721,-14.9941,2.73869,126.735,0.330085,1.25605,0,0.0847491
0.765,0.945,570.538,-14.9952,2.76479,136.279,0.330085,1.25605,0,0.0847491
0.765,0.955,611.751,-14.9961,2.78954,145.866,0.330085,1.25605,0,0.0847491
0.765,0.965,651.835,-14.9968,2.81278,155.362,0.330085,1.25605,0,0.0847491
0.765,0.975,690.352,-14.9974,2.83446,164.658,0.330085,1.25605,0,0.0847491
0.765,0.985,726.935,-14.998,2.85456,173.661,0.330085,1.25605,0,0.0847491
0.765,0.995,761.288,-14.9984,2.87308,182.287,0.330085,1.25605,0,0.0847491
0.775,0.005,6.92043,7.70933,-3.18508,58.1347,0.363486,1.3144,0,0.0969936
0.775,0.015,6.87981,7.68182,-3.08603,57.2069,0.363486,1.3144,0,0.0969936
0.775,0.025,6.84521,7.65391,-2.98422,56.3536,0.363486,1.3144,0,0.0969936
0.775,0.035,6.81118,7.62572,-2.88231,55.5106,0.363486,1.3144,0,0.0969936
0.775,0.045,6.77734,7.59728,-2.7805,54.674,0.363486,1.3144,0,0.0969936
0.775,0.055,6.74366,7.56858,-2.67879,53.8438,0.363486,1.3144,0,0.0969936
0.775,0.065,6.71014,7.53964,-2.57721,53.0203,0.363486,1.3144,0,0.0969936
0.775,0.075,6.67677,7.51046,-2.47574,52.2037,0.363486,1.3144,0,0.0969936
0.775,0.085,6.64357,7.48104,-2.3744,51.3945,0.363486,1.3144,0,0.0969936
0.775,0.095,6.61052,7.4514,-2.27319,50.5929,0.363486,1.3144,0,0.0969936
0.775,0.105,6.57765,7.42153,-2.17214,49.7992,0.363486,1.3144,0,0.0969936
0.775,0.115,6.54496,7.39143,-2.07124,49.0139,0.363486,1.3144,0,0.0969936
0.775,0.125,6.51246,7.36111,-1.97052,48.2373,0.363486,1.3144,0,0.0969936
0.775,0.135,6.4802,7.33056,-1.86999,47.47,0.363486,1.3144,0,0.0969936
0.775,0.145,6.44819,7.29978,-1.76967,46.7123,0.363486,1.3144,0,0.0969936
0.775,0.155,6.41648,7.26876,-1.6696,45.9648,0.363486,1.3144,0,0.0969936
0.775,0.165,6.38513,7.23749,-1.5698,45.2283,0.363486,1.3144,0,0.0969936
0.775,0.175,6.3542,7.20596,-1.47031,44.5034,0.363486,1.3144,0,0.0969936
0.775,0.185,6.32379,7.17416,-1.37119,43.791,0.363486,1.3144,0,0.0969936
0.775,0.195,6.29402,7.14206,-1.27248,43.0923,0.363486,1.3144,0,0.0969936
0.775,0.205,6.26503,7.10964,-1.17426,42.4084,0.363486,1.3144,0,0.0969936
0.775,0.215,6.23699,7.07687,-1.07662,41.741,0.363486,1.3144,0,0.0969936
0.775,0.225,6.21015,7.0437,-0.979673,41.0919,0.363486,1.3144,0,0.0969936
0.775,0.235,6.1848,7.01008,-0.883544,40.4634,0.363486,1.3144,0,0.0969936
0.775,0.245,6.16131,6.97595,-0.788408,39.8586,0.363486,1.3144,0,0.0969936
0.775,0.255,6.14017,6.94123,-0.69448,39.2811,0.363486,1.3144,0,0.0969936
0.775,0.265,6.12201,6.90579,-0.602036,38.7357,0.363486,1.3144,0,0.0969936
0.775,0.275,6.10765,6.8695,-0.511428,38.2286,0.363486,1.3144,0,0.0969936
0.775,0.285,6.09816,6.83216,-0.423112,37.7679,0.363486,1.3144,0,0.0969936
0.775,0.295,6.09497,6.79354,-0.337683,37.3643,0.363486,1.3144,0,0.0969936
0.775,0.305,6.1,6.75329,-0.255922,37.032,0.363486,1.3144,0,0.0969936
0.775,0.315,6.11583,6.71094,-0.178852,36.7904,0.363486,1.3144,0,0.0969936
0.775,0.325,6.14596,6.66585,-0.107813,36.6657,0.363486,1.3144,0,0.0969936
0.775,0.335,6.19539,6.61687,-0.0444948,36.6941,0.363486,1.3144,0,0.0969936
0.775,0.345,6.2763,6.55717,0.00920651,36.9271,0.363486,1.3144,0,0.0969936
0.775,0.355,6.38894,6.49151,0.0505991,37.4175,0.363486,1.3144,0,0.0969936
0.775,0.365,6.54339,6.41785,0.0765689,38.248,0.363486,1.3144,0,0.0969936
0.775,0.375,6.75086,6.33303,0.0846954,39.5057,0.363486,1.3144,0,0.0969936
0.775,0.385,7.02135,6.23433,0.0737892,41.2761,0.363486,1.3144,0,0.0969936
0.775,0.395,7.36248,6.11834,0.0450968,43.6265,0.363486,1.3144,0,0.0969936
0.775,0.405,7.77264,5.98538,0.00284997,46.5593,0.363486,1.3144,0,0.0969936
0.775,0.415,8.24382,5.83564,-0.046139,50.0125,0.363486,1.3144,0,0.0969936
0.775,0.425,8.75813,5.67361,-0.094004,53.8432,0.363486,1.3144,0,0.0969936
0.775,0.435,9.29369,5.50385,-0.133838,57.8627,0.363486,1.3144,0,0.0969936
0.775,0.445,9.82736,5.33119,-0.160909,61.8695,0.363486,1.3144,0,0.0969936
0.775,0.455,10.3385,5.15986,-0.173051,65.6869,0.363486,1.3144,0,0.0969936
0.775,0.465,10.8113,4.99204,-0.170188,69.1828,0.363486,1.3144,0,0.0969936
0.775,0.475,11.2338,4.82814,-0.153472,72.271,0.363486,1.3144,0,0.0969936
0.775,0.485,11.5967,4.6675,-0.124315,74.9038,0.363486,1.3144,0,0.0969936
0.775,0.495,11.8895,4.50802,-0.0835633,77.0482,0.363486,1.3144,0,0.0969936
0.775,0.505,12.0928,4.34132,-0.0297726,78.7096,0.363486,1.3144,0,0.0969936
0.775,0.515,12.1247,4.1505,0.0423525,79.8785,0.363486,1.3144,0,0.0969936
0.775,0.525,11.8034,3.92391,0.142157,80.4828,0.363486,1.3144,0,0.0969936
0.775,0.535,10.9636,3.63391,0.281694,80.4466,0.363486,1.3144,0,0.0969936
0.775,0.545,9.72354,3.27069,0.467928,79.6585,0.363486,1.3144,0,0.0969936
0.775,0.555,8.45982,2.85288,0.691143,78.2515,0.363486,1.3144,0,0.0969936
0.775,0.565,7.44644,2.38532,0.927172,76.8291,0.363486,1.3144,0,0.0969936
0.775,0.575,6.71074,1.88248,1.15005,75.7795,0.363486,1.3144,0,0.0969936
0.775,0.585,6.17659,1.36263,1.33828,75.3451,0.363486,1.3144,0,0.0969936
0.775,0.595,5.77231,0.841927,1.48162,75.5751,0.363486,1.3144,0,0.0969936
0.775,0.605,5.46133,0.334451,1.5814,76.3199,0.363486,1.3144,0,0.0969936
0.775,0.615,5.23398,-0.146272,1.64533,77.3231,0.363486,1.3144,0,0.0969936
0.775,0.625,5.09037,-0.589398,1.68151,78.35,0.363486,1.3144,0,0.0969936
0.775,0.635,5.02002,-0.992059,1.69612,79.2626,0.363486,1.3144,0,0.0969936
0.775,0.645,5.00372,-1.36462,1.69305,80.0141,0.363486,1.3144,0,0.0969936
0.775,0.655,5.01641,-1.73315,1.67531,80.6055,0.363486,1.3144,0,0.0969936
0.775,0.665,5.03103,-2.13913,1.6456,81.0611,0.363486,1.3144,0,0.0969936
0.775,0.675,5.02386,-2.63746,1.60682,81.4206,0.363486,1.3144,0,0.0969936
0.775,0.685,4.98536,-3.2932,1.56285,81.7418,0.363486,1.3144,0,0.0969936
0.775,0.695,4.9377,-4.17337,1.51935,82.1038,0.363486,1.3144,0,0.0969936
0.775,0.705,4.94848,-5.32076,1.48446,82.6269,0.363486,1.3144,0,0.0969936
0.775,0.715,5.13022,-6.70651,1.47129,83.5536,0.363486,1.3144,0,0.0969936
0.775,0.725,5.62321,-8.23083,1.49887,85.1328,0.363486,1.3144,0,0.0969936
0.775,0.735,6.6108,-9.73685,1.58537,87.7894,0.363486,1.3144,0,0.0969936
0.775,0.745,8.35797,-11.0757,1.74219,92.1148,0.363486,1.3144,0,0.0969936
0.775,0.755,11.2846,-12.1648,1.96452,98.8277,0.363486,1.3144,0,0.0969936
0.775,0.765,16.0643,-12.9955,2.22692,108.541,0.363486,1.3144,0,0.0969936
0.775,0.775,23.7265,-13.6033,2.4902,121.443,0.363486,1.3144,0,0.0969936
0.775,0.785,35.725,-14.0368,2.71631,137.097,0.363486,1.3144,0,0.0969936
0.775,0.795,53.7794,-14.3411,2.88314,153.86,0.363486,1.3144,0,0.0969936
0.775,0.805,79.2881,-14.553,2.98446,168.36,0.363486,1.3144,0,0.0969936
0.775,0.815,112.436,-14.6998,3.02026,176.365,0.363486,1.3144,0,0.0969936
0.775,0.825,151.147,-14.8008,2.99782,174.096,0.363486,1.3144,0,0.0969936
0.775,0.835,191.068,-14.8698,2.93114,160.686,0.363486,1.3144,0,0.0969936
0.775,0.845,227.437,-14.916,2.84035,139.763,0.363486,1.3144,0,0.0969936
0.775,0.855,257.954,-14.9459,2.74905,118.066,0.363486,1.3144,0,0.0969936
0.775,0.865,284.12,-14.9645,2.67811,101.639,0.363486,1.3144,0,0.0969936
0.775,0.875,309.705,-14.9756,2.63821,92.9764,0.363486,1.3144,0,0.0969936
0.775,0.885,338.015,-14.9822,2.62757,91.2898,0.363486,1.3144,0,0.0969936
0.775,0.895,370.447,-14.9863,2.63732,94.4924,0.363486,1.3144,0,0.0969936
0.775,0.905,406.761,-14.9891,2.65829,100.684,0.363486,1.3144,0,0.0969936
0.775,0.915,445.96,-14.9912,2.6842,108.579,0.363486,1.3144,0,0.0969936
0.775,0.925,486.935,-14.9928,2.71157,117.411,0.363486,1.3144,0,0.0969936
0.775,0.935,528.722,-14.9941,2.73869,126.735,0.363486,1.3144,0,0.0969936
0.775,0.945,570.538,-14.9952,2.76479,136.279,0.363486,1.3144,0,0.0969936
0.775,0.955,611.751,-14.9961,2.78954,145.866,0.363486,1.3144,0,0.0969936
0.775,0.965,651.835,-14.9968,2.81278,155.362,0.363486,1.3144,0,0.0969936
0.775,0.975,690.352,-14.9974,2.83446,164.658,0.363486,1.3144,0,0.0969936
0.775,0.985,726.935,-14.998,2.85456,173.661,0.363486,1.3144,0,0.0969936
0.775,0.995,761.288,-14.9984,2.87308,182.287,0.363486,1.3144,0,0.0969936
0.785,0.005,6.85017,7.78171,-3.17115,57.372,0.399539,1.37275,0,0.110724
0.785,0.015,6.8092,7.75442,-3.07228,56.4537,0.399539,1.37275,0,0.110724
0.785,0.025,6.77459,7.72671,-2.97044,55.6136,0.399539,1.37275,0,0.110724
0.785,0.035,6.74059,7.69873,-2.86848,54.7843,0.399539,1.37275,0,0.110724
0.785,0.045,6.70678,7.67048,-2.76662,53.9613,0.399539,1.37275,0,0.110724
0.785,0.055,6.67313,7.64198,-2.66486,53.1444,0.399539,1.37275,0,0.110724
0.785,0.065,6.63963,7.61323,-2.56322,52.3342,0.399539,1.37275,0,0.110724
0.785,0.075,6.60629,7.58423,-2.4617,51.5307,0.399539,1.37275,0,0.110724
0.785,0.085,6.57311,7.555,-2.36031,50.7344,0.399539,1.37275,0,0.110724
0.785,0.095,6.54009,7.52552,-2.25906,49.9455,0.399539,1.37275,0,0.110724
0.785,0.105,6.50724,7.49582,-2.15796,49.1645,0.399539,1.37275,0,0.110724
0.785,0.115,6.47457,7.46587,-2.05703,48.3917,0.399539,1.37275,0,0.110724
0.785,0.125,6.44212,7.43569,-1.95627,47.6275,0.399539,1.37275,0,0.110724
0.785,0.135,6.40989,7.40527,-1.85572,46.8724,0.399539,1.37275,0,0.110724
0.785,0.145,6.37794,7.37461,-1.75539,46.1268,0.399539,1.37275,0,0.110724
0.785,0.155,6.3463,7.34369,-1.65531,45.3915,0.399539,1.37275,0,0.110724
0.785,0.165,6.31504,7.31252,-1.55552,44.667,0.399539,1.37275,0,0.110724
0.785,0.175,6.28422,7.28107,-1.45605,43.9542,0.399539,1.37275,0,0.110724
0.785,0.185,6.25396,7.24932,-1.35697,43.254,0.399539,1.37275,0,0.110724
0.785,0.195,6.22438,7.21726,-1.25833,42.5675,0.399539,1.37275,0,0.110724
0.785,0.205,6.19562,7.18486,-1.16021,41.8962,0.399539,1.37275,0,0.110724
0.785,0.215,6.16789,7.15207,-1.06271,41.2415,0.399539,1.37275,0,0.110724
0.785,0.225,6.14143,7.11886,-0.965936,40.6057,0.399539,1.37275,0,0.110724
0.785,0.235,6.11658,7.08516,-0.870049,39.9913,0.399539,1.37275,0,0.110724
0.785,0.245,6.09375,7.0509,-0.775234,39.4014,0.399539,1.37275,0,0.110724
0.785,0.255,6.07347,7.01599,-0.68173,38.8404,0.399539,1.37275,0,0.110724
0.785,0.265,6.05644,6.98028,-0.589846,38.3134,0.399539,1.37275,0,0.110724
0.785,0.275,6.0436,6.94362,-0.499984,37.8277,0.399539,1.37275,0,0.110724
0.785,0.285,6.03618,6.90577,-0.412668,37.3925,0.399539,1.37275,0,0.110724
0.785,0.295,6.03586,6.86644,-0.328594,37.0205,0.399539,1.37275,0,0.110724
0.785,0.305,6.04491,6.82519,-0.248687,36.7289,0.399539,1.37275,0,0.110724
0.785,0.315,6.06648,6.78144,-0.174182,36.5416,0.399539,1.37275,0,0.110724
0.785,0.325,6.10488,6.7343,-0.106711,36.4912,0.399539,1.37275,0,0.110724
0.785,0.335,6.16641,6.68225,-0.0483501,36.624,0.399539,1.37275,0,0.110724
0.785,0.345,6.26453,6.61803,-0.00155109,37.0031,0.399539,1.37275,0,0.110724
0.785,0.355,6.40176,6.54606,0.0304841,37.7035,0.399539,1.37275,0,0.110724
0.785,0.365,6.59009,6.46359,0.0443905,38.8243,0.399539,1.37275,0,0.110724
0.785,0.375,6.84296,6.36607,0.038065,40.4726,0.399539,1.37275,0,0.110724
0.785,0.385,7.16914,6.25107,0.0116836,42.733,0.399539,1.37275,0,0.110724
0.785,0.395,7.57241,6.11587,-0.0311212,45.646,0.399539,1.37275,0,0.110724
0.785,0.405,8.04495,5.96259,-0.0833299,49.1625,0.399539,1.37275,0,0.110724
0.785,0.415,8.57024,5.79419,-0.136153,53.1442,0.399539,1.37275,0,0.110724
0.785,0.425,9.12364,5.61732,-0.181267,57.3809,0.399539,1.37275,0,0.110724
0.785,0.435,9.67872,5.43797,-0.212808,61.6363,0.399539,1.37275,0,0.110724
0.785,0.445,10.2119,5.26095,-0.227946,65.6986,0.399539,1.37275,0,0.110724
0.785,0.455,10.7048,5.0896,-0.226465,69.4092,0.399539,1.37275,0,0.110724
0.785,0.465,11.1453,4.92474,-0.209774,72.6726,0.399539,1.37275,0,0.110724
0.785,0.475,11.5253,4.76552,-0.179857,75.44,0.399539,1.37275,0,0.110724
0.785,0.485,11.8382,4.60989,-0.13828,77.6948,0.399539,1.37275,0,0.110724
0.785,0.495,12.0739,4.45469,-0.0854303,79.4225,0.399539,1.37275,0,0.110724
0.785,0.505,12.2058,4.28667,-0.0184371,80.658,0.399539,1.37275,0,0.110724
0.785,0.515,12.1149,4.08876,0.069532,81.3404,0.399539,1.37275,0,0.110724
0.785,0.525,11.6126,3.84571,0.189081,81.4367,0.399539,1.37275,0,0.110724
0.785,0.535,10.61,3.53358,0.351472,80.8377,0.399539,1.37275,0,0.110724
0.785,0.545,9.34429,3.15577,0.557351,79.5027,0.399539,1.37275,0,0.110724
0.785,0.555,8.17821,2.72924,0.789845,77.8203,0.399539,1.37275,0,0.110724
0.785,0.565,7.27502,2.26095,1.02314,76.3394,0.399539,1.37275,0,0.110724
0.785,0.575,6.60788,1.76573,1.23287,75.4016,0.399539,1.37275,0,0.110724
0.785,0.585,6.10302,1.25885,1.40208,75.1866,0.399539,1.37275,0,0.110724
0.785,0.595,5.7096,0.753525,1.5255,75.6641,0.399539,1.37275,0,0.110724
0.785,0.605,5.40795,0.263042,1.60779,76.619,0.399539,1.37275,0,0.110724
0.785,0.615,5.19577,-0.198583,1.65785,77.769,0.399539,1.37275,0,0.110724
0.785,0.625,5.07169,-0.620415,1.68375,78.8914,0.399539,1.37275,0,0.110724
0.785,0.635,5.0215,-1.00047,1.69109,79.8753,0.399539,1.37275,0,0.110724
0.785,0.645,5.02323,-1.35036,1.68344,80.693,0.399539,1.37275,0,0.110724
0.785,0.655,5.0505,-1.69695,1.66354,81.3568,0.399539,1.37275,0,0.110724
0.785,0.665,5.07591,-2.08181,1.6338,81.8965,0.399539,1.37275,0,0.110724
0.785,0.675,5.07567,-2.55956,1.59685,82.3539,0.399539,1.37275,0,0.110724
0.785,0.685,5.0404,-3.19481,1.5562,82.7842,0.399539,1.37275,0,0.110724
0.785,0.695,4.99252,-4.05429,1.51706,83.2621,0.399539,1.37275,0,0.110724
0.785,0.705,4.99896,-5.18421,1.48663,83.8996,0.399539,1.37275,0,0.110724
0.785,0.715,5.17185,-6.55932,1.47712,84.9495,0.399539,1.37275,0,0.110724
0.785,0.725,5.65139,-8.08588,1.50766,86.6548,0.399539,1.37275,0,0.110724
0.785,0.735,6.62326,-9.60918,1.5968,89.4463,0.399539,1.37275,0,0.110724
0.785,0.745,8.35686,-10.9752,1.7564,93.9244,0.399539,1.37275,0,0.110724
0.785,0.755,11.2777,-12.0929,1.98138,100.803,0.399539,1.37275,0,0.110724
0.785,0.765,16.0644,-12.948,2.24509,110.657,0.399539,1.37275,0,0.110724
0.785,0.775,23.749,-13.5739,2.50733,123.612,0.399539,1.37275,0,0.110724
0.785,0.785,35.7815,-14.0196,2.73039,139.173,0.399539,1.37275,0,0.110724
0.785,0.795,53.8715,-14.3317,2.89345,155.684,0.399539,1.37275,0,0.110724
0.785,0.805,79.4065,-14.5481,2.99132,169.819,0.399539,1.37275,0,0.110724
0.785,0.815,112.564,-14.6973,3.02452,177.422,0.399539,1.37275,0,0.110724
0.785,0.825,151.267,-14.7996,3.00032,174.787,0.399539,1.37275,0,0.110724
0.785,0.835,191.167,-14.8692,2.93253,161.09,0.399539,1.37275,0,0.110724
0.785,0.845,227.509,-14.9158,2.84107,139.973,0.399539,1.37275,0,0.110724
0.785,0.855,257.999,-14.9458,2.74939,118.162,0.399539,1.37275,0,0.110724
0.785,0.865,284.145,-14.9645,2.67826,101.677,0.399539,1.37275,0,0.110724
0.785,0.875,309.717,-14.9756,2.63826,92.9903,0.399539,1.37275,0,0.110724
0.785,0.885,338.02,-14.9822,2.62759,91.2944,0.399539,1.37275,0,0.110724
0.785,0.895,370.449,-14.9863,2.63732,94.4939,0.399539,1.37275,0,0.110724
0.785,0.905,406.762,-14.9891,2.65829,100.684,0.399539,1.37275,0,0.110724
0.785,0.915,445.96,-14.9912,2.6842,108.579,0.399539,1.37275,0,0.110724
0.785,0.925,486.935,-14.9928,2.71157,117.412,0.399539,1.37275,0,0.110724
0.785,0.935,528.722,-14.9941,2.73869,126.735,0.399539,1.37275,0,0.110724
0.785,0.945,570.538,-14.9952,2.76479,136.279,0.399539,1.37275,0,0.110724
0.785,0.955,611.751,-14.9961,2.78954,145.866,0.399539,1.37275,0,0.110724
0.785,0.965,651.835,-14.9968,2.81278,155.362,0.399539,1.37275,0,0.110724
0.785,0.975,690.352,-14.9974,2.83446,164.658,0.399539,1.37275,0,0.110724
0.785,0.985,726.935,-14.998,2.85456,173.661,0.399539,1.37275,0,0.110724
0.785,0.995,761.288,-14.9984,2.87308,182.287,0.399539,1.37275,0,0.110724
0.795,0.005,6.78077,7.85405,-3.15722,56.62,0.438397,1.4311,0,0.126088
0.795,0.015,6.73945,7.82696,-3.05852,55.7109,0.438397,1.4311,0,0.126088
0.795,0.025,6.70482,7.79946,-2.95667,54.8837,0.438397,1.4311,0,0.126088
0.795,0.035,6.67085,7.77168,-2.85466,54.0677,0.438397,1.4311,0,0.126088
0.795,0.045,6.63707,7.74362,-2.75274,53.2579,0.438397,1.4311,0,0.126088
0.795,0.055,6.60345,7.71531,-2.65094,52.4542,0.438397,1.4311,0,0.126088
0.795,0.065,6.56998,7.68674,-2.54925,51.6568,0.438397,1.4311,0,0.126088
0.795,0.075,6.53666,7.65792,-2.44768,50.8662,0.438397,1.4311,0,0.126088
0.795,0.085,6.5035,7.62885,-2.34625,50.0825,0.438397,1.4311,0,0.126088
0.795,0.095,6.4705,7.59954,-2.24495,49.3061,0.438397,1.4311,0,0.126088
0.795,0.105,6.43768,7.56998,-2.14382,48.5375,0.438397,1.4311,0,0.126088
0.795,0.115,6.40505,7.54018,-2.04285,47.7769,0.438397,1.4311,0,0.126088
0.795,0.125,6.37263,7.51014,-1.94207,47.0248,0.438397,1.4311,0,0.126088
0.795,0.135,6.34045,7.47984,-1.84149,46.2818,0.438397,1.4311,0,0.126088
0.795,0.145,6.30856,7.44929,-1.74115,45.5482,0.438397,1.4311,0,0.126088
0.795,0.155,6.27699,7.41847,-1.64108,44.8248,0.438397,1.4311,0,0.126088
0.795,0.165,6.24583,7.38737,-1.5413,44.1122,0.438397,1.4311,0,0.126088
0.795,0.175,6.21514,7.35599,-1.44187,43.4114,0.438397,1.4311,0,0.126088
0.795,0.185,6.18504,7.32429,-1.34284,42.7232,0.438397,1.4311,0,0.126088
0.795,0.195,6.15566,7.29225,-1.24429,42.0489,0.438397,1.4311,0,0.126088
0.795,0.205,6.12717,7.25984,-1.14628,41.3901,0.438397,1.4311,0,0.126088
0.795,0.215,6.09978,7.22703,-1.04894,40.7484,0.438397,1.4311,0,0.126088
0.795,0.225,6.07377,7.19374,-0.952382,40.1261,0.438397,1.4311,0,0.126088
0.795,0.235,6.0495,7.15993,-0.856781,39.5261,0.438397,1.4311,0,0.126088
0.795,0.245,6.02742,7.1255,-0.762345,38.9521,0.438397,1.4311,0,0.126088
0.795,0.255,6.00816,7.09033,-0.669346,38.4086,0.438397,1.4311,0,0.126088
0.795,0.265,5.99251,7.05428,-0.578138,37.902,0.438397,1.4311,0,0.126088
0.795,0.275,5.98156,7.01713,-0.489188,37.4406,0.438397,1.4311,0,0.126088
0.795,0.285,5.97679,6.9786,-0.403119,37.0355,0.438397,1.4311,0,0.126088
0.795,0.295,5.98022,6.9383,-0.320771,36.7024,0.438397,1.4311,0,0.126088
0.795,0.305,5.9947,6.89565,-0.243282,36.4629,0.438397,1.4311,0,0.126088
0.795,0.315,6.0242,6.84986,-0.172199,36.3478,0.438397,1.4311,0,0.126088
0.795,0.325,6.07434,6.7997,-0.109597,36.4004,0.438397,1.4311,0,0.126088
0.795,0.335,6.15336,6.743,-0.0581185,36.6822,0.438397,1.4311,0,0.126088
0.795,0.345,6.2767,6.67194,-0.0209449,37.2758,0.438397,1.4311,0,0.126088
0.795,0.355,6.44977,6.5902,-0.00179912,38.2837,0.438397,1.4311,0,0.126088
0.795,0.365,6.6872,6.49369,-0.00386846,39.8292,0.438397,1.4311,0,0.126088
0.795,0.375,7.00214,6.37752,-0.0279682,42.026,0.438397,1.4311,0,0.126088
0.795,0.385,7.40012,6.23986,-0.0711927,44.9396,0.438397,1.4311,0,0.126088
0.795,0.395,7.87707,6.08041,-0.12645,48.5471,0.438397,1.4311,0,0.126088
0.795,0.405,8.4155,5.90455,-0.183938,52.711,0.438397,1.4311,0,0.126088
0.795,0.415,8.9892,5.71861,-0.234031,57.1983,0.438397,1.4311,0,0.126088
0.795,0.425,9.56799,5.53078,-0.269608,61.7368,0.438397,1.4311,0,0.126088
0.795,0.435,10.1242,5.34719,-0.287168,66.0716,0.438397,1.4311,0,0.126088
0.795,0.445,10.6375,5.17132,-0.286389,70.016,0.438397,1.4311,0,0.126088
0.795,0.455,11.0947,5.00468,-0.268954,73.4603,0.438397,1.4311,0,0.126088
0.795,0.465,11.489,4.84631,-0.237328,76.3619,0.438397,1.4311,0,0.126088
0.795,0.475,11.8162,4.69398,-0.19375,78.7138,0.438397,1.4311,0,0.126088
0.795,0.485,12.0716,4.5442,-0.139294,80.527,0.438397,1.4311,0,0.126088
0.795,0.495,12.2442,4.39307,-0.0733634,81.7927,0.438397,1.4311,0,0.126088
0.795,0.505,12.2905,4.2215,0.00839769,82.554,0.438397,1.4311,0,0.126088
0.795,0.515,12.0584,4.01608,0.114079,82.6972,0.438397,1.4311,0,0.126088
0.795,0.525,11.3783,3.75579,0.254687,82.2292,0.438397,1.4311,0,0.126088
0.795,0.535,10.2653,3.42517,0.438745,81.0392,0.438397,1.4311,0,0.126088
0.795,0.545,9.02937,3.03886,0.659626,79.233,0.438397,1.4311,0,0.126088
0.795,0.555,7.96489,2.60878,0.89509,77.3674,0.438397,1.4311,0,0.126088
0.795,0.565,7.1447,2.14444,1.12007,75.9097,0.438397,1.4311,0,0.126088
0.795,0.575,6.51908,1.65936,1.31321,75.1477,0.438397,1.4311,0,0.126088
0.795,0.585,6.02917,1.16579,1.46225,75.1884,0.438397,1.4311,0,0.126088
0.795,0.595,5.64385,0.675294,1.56611,75.922,0.438397,1.4311,0,0.126088
0.795,0.605,5.3548,0.201419,1.63193,77.0777,0.438397,1.4311,0,0.126088
0.795,0.615,5.16216,-0.241161,1.66929,78.3622,0.438397,1.4311,0,0.126088
0.795,0.625,5.06038,-0.641822,1.68598,79.5738,0.438397,1.4311,0,0.126088
0.795,0.635,5.0314,-0.999827,1.68703,80.6287,0.438397,1.4311,0,0.126088
0.795,0.645,5.05115,-1.32804,1.67569,81.516,0.438397,1.4311,0,0.126088
0.795,0.655,5.09264,-1.65392,1.65438,82.2566,0.438397,1.4311,0,0.126088
0.795,0.665,5.12844,-2.01896,1.62518,82.8834,0.438397,1.4311,0,0.126088
0.795,0.675,5.13482,-2.47735,1.59038,83.4378,0.438397,1.4311,0,0.126088
0.795,0.685,5.10254,-3.09318,1.55313,83.9718,0.438397,1.4311,0,0.126088
0.795,0.695,5.05421,-3.93278,1.51812,84.5563,0.438397,1.4311,0,0.126088
0.795,0.705,5.05595,-5.04541,1.49172,85.2957,0.438397,1.4311,0,0.126088
0.795,0.715,5.21947,-6.40982,1.4854,86.4547,0.438397,1.4311,0,0.126088
0.795,0.725,5.68509,-7.93848,1.51848,88.274,0.438397,1.4311,0,0.126088
0.795,0.735,6.64111,-9.47915,1.60999,91.1932,0.438397,1.4311,0,0.126088
0.795,0.745,8.36158,-10.8728,1.77226,95.8217,0.438397,1.4311,0,0.126088
0.795,0.755,11.2777,-12.0199,1.99976,102.864,0.438397,1.4311,0,0.126088
0.795,0.765,16.0729,-12.9001,2.26446,112.847,0.438397,1.4311,0,0.126088
0.795,0.775,23.7808,-13.5446,2.52515,125.825,0.438397,1.4311,0,0.126088
0.795,0.785,35.8467,-14.0028,2.74465,141.25,0.438397,1.4311,0,0.126088
0.795,0.795,53.9692,-14.3226,2.90357,157.463,0.438397,1.4311,0,0.126088
0.795,0.805,79.5252,-14.5434,2.99786,171.2,0.438397,1.4311,0,0.126088
0.795,0.815,112.687,-14.695,3.02844,178.392,0.438397,1.4311,0,0.126088
0.795,0.825,151.378,-14.7986,3.00254,175.401,0.438397,1.4311,0,0.126088
0.795,0.835,191.254,-14.8688,2.93373,161.439,0.438397,1.4311,0,0.126088
0.795,0.845,227.57,-14.9156,2.84167,140.149,0.438397,1.4311,0,0.126088
0.795,0.855,258.036,-14.9458,2.74967,118.24,0.438397,1.4311,0,0.126088
0.795,0.865,284.165,-14.9645,2.67837,101.708,0.438397,1.4311,0,0.126088
0.795,0.875,309.727,-14.9756,2.6383,93.0009,0.438397,1.4311,0,0.126088
0.795,0.885,338.024,-14.9822,2.6276,91.2978,0.438397,1.4311,0,0.126088
0.795,0.895,370.451,-14.9863,2.63733,94.4949,0.438397,1.4311,0,0.126088
0.795,0.905,406.762,-14.9891,2.65829,100.684,0.438397,1.4311,0,0.126088
0.795,0.915,445.96,-14.9912,2.6842,108.579,0.438397,1.4311,0,0.126088
0.795,0.925,486.935,-14.9928,2.71157,117.412,0.438397,1.4311,0,0.126088
0.795,0.935,528.722,-14.9941,2.73869,126.735,0.438397,1.4311,0,0.126088
0.795,0.945,570.538,-14.9952,2.76479,136.279,0.438397,1.4311,0,0.126088
0.795,0.955,611.751,-14.9961,2.78954,145.866,0.438397,1.4311,0,0.126088
0.795,0.965,651.835,-14.9968,2.81278,155.362,0.438397,1.4311,0,0.126088
0.795,0.975,690.352,-14.9974,2.83446,164.658,0.438397,1.4311,0,0.126088
0.795,0.985,726.935,-14.998,2.85456,173.661,0.438397,1.4311,0,0.126088
0.795,0.995,761.288,-14.9984,2.87308,182.287,0.438397,1.4311,0,0.126088
0.805,0.005,6.7122,7.92635,-3.14327,55.8785,0.480221,1.48946,0,0.143244
0.805,0.015,6.67052,7.89946,-3.04477,54.9782,0.480221,1.48946,0,0.143244
0.805,0.025,6.63587,7.87216,-2.9429,54.1634,0.480221,1.48946,0,0.143244
0.805,0.035,6.60193,7.84456,-2.84084,53.3605,0.480221,1.48946,0,0.143244
0.805,0.045,6.56818,7.81669,-2.73888,52.5636,0.480221,1.48946,0,0.143244
0.805,0.055,6.53459,7.78855,-2.63702,51.7727,0.480221,1.48946,0,0.143244
0.805,0.065,6.50114,7.76016,-2.53529,50.988,0.480221,1.48946,0,0.143244
0.805,0.075,6.46785,7.73151,-2.43368,50.2098,0.480221,1.48946,0,0.143244
0.805,0.085,6.43471,7.7026,-2.3322,49.4385,0.480221,1.48946,0,0.143244
0.805,0.095,6.40174,7.67344,-2.23087,48.6744,0.480221,1.48946,0,0.143244
0.805,0.105,6.36895,7.64403,-2.1297,47.9179,0.480221,1.48946,0,0.143244
0.805,0.115,6.33635,7.61437,-2.0287,47.1693,0.480221,1.48946,0,0.143244
0.805,0.125,6.30397,7.58444,-1.9279,46.4291,0.480221,1.48946,0,0.143244
0.805,0.135,6.27185,7.55426,-1.82731,45.6979,0.480221,1.48946,0,0.143244
0.805,0.145,6.24002,7.5238,-1.72697,44.9761,0.480221,1.48946,0,0.143244
0.805,0.155,6.20854,7.49307,-1.6269,44.2644,0.480221,1.48946,0,0.143244
0.805,0.165,6.17748,7.46204,-1.52715,43.5637,0.480221,1.48946,0,0.143244
0.805,0.175,6.14694,7.43071,-1.42777,42.8747,0.480221,1.48946,0,0.143244
0.805,0.185,6.11702,7.39904,-1.32882,42.1985,0.480221,1.48946,0,0.143244
0.805,0.195,6.08787,7.367,-1.23036,41.5365,0.480221,1.48946,0,0.143244
0.805,0.205,6.05968,7.33457,-1.1325,40.8903,0.480221,1.48946,0,0.143244
0.805,0.215,6.03268,7.30169,-1.03535,40.2618,0.480221,1.48946,0,0.143244
0.805,0.225,6.0072,7.26831,-0.93905,39.6536,0.480221,1.48946,0,0.143244
0.805,0.235,5.98362,7.23433,-0.843794,39.0689,0.480221,1.48946,0,0.143244
0.805,0.245,5.96249,7.19966,-0.749819,38.5119,0.480221,1.48946,0,0.143244
0.805,0.255,5.9445,7.16416,-0.657443,37.9881,0.480221,1.48946,0,0.143244
0.805,0.265,5.93063,7.12762,-0.567085,37.505,0.480221,1.48946,0,0.143244
0.805,0.275,5.92219,7.08979,-0.479307,37.0728,0.480221,1.48946,0,0.143244
0.805,0.285,5.92102,7.05029,-0.39488,36.7058,0.480221,1.48946,0,0.143244
0.805,0.295,5.92974,7.00856,-0.314865,36.4242,0.480221,1.48946,0,0.143244
0.805,0.305,5.95208,6.9638,-0.240736,36.257,0.480221,1.48946,0,0.143244
0.805,0.315,5.9934,6.91482,-0.174526,36.2464,0.480221,1.48946,0,0.143244
0.805,0.325,6.06137,6.85982,-0.118975,36.4527,0.480221,1.48946,0,0.143244
0.805,0.335,6.16712,6.79562,-0.0775342,36.9619,0.480221,1.48946,0,0.143244
0.805,0.345,6.32897,6.71349,-0.0541909,37.8859,0.480221,1.48946,0,0.143244
0.805,0.355,6.5556,6.61593,-0.05277,39.3606,0.480221,1.48946,0,0.143244
0.805,0.365,6.86273,6.49777,-0.0751259,41.5262,0.480221,1.48946,0,0.143244
0.805,0.375,7.25984,6.35497,-0.118999,44.4776,0.480221,1.48946,0,0.143244
0.805,0.385,7.7441,6.18838,-0.177207,48.2131,0.480221,1.48946,0,0.143244
0.805,0.395,8.29895,6.00229,-0.239052,52.5963,0.480221,1.48946,0,0.143244
0.805,0.405,8.89524,5.80605,-0.293487,57.3717,0.480221,1.48946,0,0.143244
0.805,0.415,9.4989,5.60845,-0.332314,62.22,0.480221,1.48946,0,0.143244
0.805,0.425,10.0786,5.4173,-0.351434,66.8459,0.480221,1.48946,0,0.143244
0.805,0.435,10.6109,5.23694,-0.35048,71.0289,0.480221,1.48946,0,0.143244
0.805,0.445,11.0824,5.06831,-0.331484,74.6492,0.480221,1.48946,0,0.143244
0.805,0.455,11.4874,4.91061,-0.297394,77.6697,0.480221,1.48946,0,0.143244
0.805,0.465,11.8243,4.76119,-0.250974,80.1027,0.480221,1.48946,0,0.143244
0.805,0.475,12.0916,4.61666,-0.194026,81.975,0.480221,1.48946,0,0.143244
0.805,0.485,12.285,4.47207,-0.126497,83.3142,0.480221,1.48946,0,0.143244
0.805,0.495,12.3904,4.3228,-0.0462364,84.1028,0.480221,1.48946,0,0.143244
0.805,0.505,12.3336,4.14728,0.0518833,84.3187,0.480221,1.48946,0,0.143244
0.805,0.515,11.9521,3.93317,0.176652,83.8944,0.480221,1.48946,0,0.143244
0.805,0.525,11.1175,3.65697,0.338563,82.8203,0.480221,1.48946,0,0.143244
0.805,0.535,9.95278,3.31374,0.54106,81.0633,0.480221,1.48946,0,0.143244
0.805,0.545,8.77797,2.92382,0.770741,78.8989,0.480221,1.48946,0,0.143244
0.805,0.555,7.80038,2.49477,1.00314,76.95,0.480221,1.48946,0,0.143244
0.805,0.565,7.03473,2.03765,1.21535,75.596,0.480221,1.48946,0,0.143244
0.805,0.575,6.43121,1.56381,1.38972,75.064,0.480221,1.48946,0,0.143244
0.805,0.585,5.95004,1.08322,1.51828,75.384,0.480221,1.48946,0,0.143244
0.805,0.595,5.57526,0.607034,1.60338,76.3706,0.480221,1.48946,0,0.143244
0.805,0.605,5.30416,0.149659,1.65396,77.7112,0.480221,1.48946,0,0.143244
0.805,0.615,5.1354,-0.273801,1.67987,79.1154,0.480221,1.48946,0,0.143244
0.805,0.625,5.05799,-0.653527,1.68847,80.4087,0.480221,1.48946,0,0.143244
0.805,0.635,5.05061,-0.990259,1.68424,81.5327,0.480221,1.48946,0,0.143244
0.805,0.645,5.08794,-1.29802,1.67005,82.4905,0.480221,1.48946,0,0.143244
0.805,0.655,5.14298,-1.60461,1.64799,83.3087,0.480221,1.48946,0,0.143244
0.805,0.665,5.18859,-1.95124,1.61977,84.0216,0.480221,1.48946,0,0.143244
0.805,0.675,5.20116,-2.39157,1.58732,84.6687,0.480221,1.48946,0,0.143244
0.805,0.685,5.17157,-2.98907,1.55341,85.2986,0.480221,1.48946,0,0.143244
0.805,0.695,5.12252,-3.8096,1.52222,85.9799,0.480221,1.48946,0,0.143244
0.805,0.705,5.11943,-4.90473,1.49943,86.8139,0.480221,1.48946,0,0.143244
0.805,0.715,5.2729,-6.25854,1.49592,88.0645,0.480221,1.48946,0,0.143244
0.805,0.725,5.72428,-7.78904,1.53117,89.9891,0.480221,1.48946,0,0.143244
0.805,0.735,6.66447,-9.34702,1.62489,93.0317,0.480221,1.48946,0,0.143244
0.805,0.745,8.37237,-10.7686,1.78978,97.8099,0.480221,1.48946,0,0.143244
0.805,0.755,11.2848,-11.9459,2.01967,105.012,0.480221,1.48946,0,0.143244
0.805,0.765,16.0899,-12.8518,2.28499,115.108,0.480221,1.48946,0,0.143244
0.805,0.775,23.8218,-13.5155,2.54359,128.076,0.480221,1.48946,0,0.143244
0.805,0.785,35.9199,-13.9864,2.75898,143.317,0.480221,1.48946,0,0.143244
0.805,0.795,54.071,-14.3139,2.91344,159.186,0.480221,1.48946,0,0.143244
0.805,0.805,79.6425,-14.5391,3.00402,172.498,0.480221,1.48946,0,0.143244
0.805,0.815,112.803,-14.693,3.03201,179.273,0.480221,1.48946,0,0.143244
0.805,0.825,151.477,-14.7976,3.0045,175.941,0.480221,1.48946,0,0.143244
0.805,0.835,191.33,-14.8684,2.93474,161.735,0.480221,1.48946,0,0.143244
0.805,0.845,227.621,-14.9154,2.84217,140.293,0.480221,1.48946,0,0.143244
0.805,0.855,258.066,-14.9457,2.74989,118.302,0.480221,1.48946,0,0.143244
0.805,0.865,284.181,-14.9644,2.67846,101.731,0.480221,1.48946,0,0.143244
0.805,0.875,309.734,-14.9756,2.63833,93.0089,0.480221,1.48946,0,0.143244
0.805,0.885,338.027,-14.9822,2.62761,91.3003,0.480221,1.48946,0,0.143244
0.805,0.895,370.452,-14.9863,2.63733,94.4956,0.480221,1.48946,0,0.143244
0.805,0.905,406.763,-14.9891,2.65829,100.685,0.480221,1.48946,0,0.143244
0.805,0.915,445.961,-14.9912,2.6842,108.58,0.480221,1.48946,0,0.143244
0.805,0.925,486.935,-14.9928,2.71157,117.412,0.480221,1.48946,0,0.143244
0.805,0.935,528.722,-14.9941,2.73869,126.735,0.480221,1.48946,0,0.143244
0.805,0.945,570.538,-14.9952,2.76479,136.279,0.480221,1.48946,0,0.143244
0.805,0.955,611.751,-14.9961,2.78954,145.866,0.480221,1.48946,0,0.143244
0.805,0.965,651.835,-14.9968,2.81278,155.362,0.480221,1.48946,0,0.143244
0.805,0.975,690.352,-14.9974,2.83446,164.658,0.480221,1.48946,0,0.143244
0.805,0.985,726.935,-14.998,2.85456,173.661,0.480221,1.48946,0,0.143244
0.805,0.995,761.288,-14.9984,2.87308,182.287,0.480221,1.48946,0,0.143244
0.815,0.005,6.64443,7.9986,-3.12933,55.1469,0.525178,1.54781,0,0.162364
0.815,0.015,6.60237,7.97191,-3.03102,54.255,0.525178,1.54781,0,0.162364
0.815,0.025,6.5677,7.94479,-2.92913,53.4525,0.525178,1.54781,0,0.162364
0.815,0.035,6.53379,7.91737,-2.82704,52.6622,0.525178,1.54781,0,0.162364
0.815,0.045,6.50007,7.88968,-2.72503,51.878,0.525178,1.54781,0,0.162364
0.815,0.055,6.46651,7.86172,-2.62313,51.0996,0.525178,1.54781,0,0.162364
0.815,0.065,6.43309,7.83349,-2.52134,50.3272,0.525178,1.54781,0,0.162364
0.815,0.075,6.39982,7.80499,-2.41969,49.5613,0.525178,1.54781,0,0.162364
0.815,0.085,6.36671,7.77624,-2.31818,48.8021,0.525178,1.54781,0,0.162364
0.815,0.095,6.33376,7.74723,-2.21681,48.05,0.525178,1.54781,0,0.162364
0.815,0.105,6.301,7.71795,-2.11561,47.3054,0.525178,1.54781,0,0.162364
0.815,0.115,6.26844,7.68841,-2.01459,46.5686,0.525178,1.54781,0,0.162364
0.815,0.125,6.23611,7.6586,-1.91377,45.8401,0.525178,1.54781,0,0.162364
0.815,0.135,6.20404,7.62852,-1.81318,45.1205,0.525178,1.54781,0,0.162364
0.815,0.145,6.17229,7.59815,-1.71285,44.4104,0.525178,1.54781,0,0.162364
0.815,0.155,6.14091,7.56749,-1.6128,43.7104,0.525178,1.54781,0,0.162364
0.815,0.165,6.10998,7.53651,-1.51309,43.0213,0.525178,1.54781,0,0.162364
0.815,0.175,6.07959,7.50521,-1.41377,42.3441,0.525178,1.54781,0,0.162364
0.815,0.185,6.04988,7.47355,-1.31491,41.68,0.525178,1.54781,0,0.162364
0.815,0.195,6.02101,7.4415,-1.21658,41.0305,0.525178,1.54781,0,0.162364
0.815,0.205,5.99319,7.40901,-1.1189,40.3972,0.525178,1.54781,0,0.162364
0.815,0.215,5.96668,7.37603,-1.02198,39.7826,0.525178,1.54781,0,0.162364
0.815,0.225,5.94184,7.34249,-0.926002,39.1893,0.525178,1.54781,0,0.162364
0.815,0.235,5.91915,7.30828,-0.831177,38.6214,0.525178,1.54781,0,0.162364
0.815,0.245,5.89924,7.27327,-0.737792,38.0837,0.525178,1.54781,0,0.162364
0.815,0.255,5.88298,7.23727,-0.646227,37.5832,0.525178,1.54781,0,0.162364
0.815,0.265,5.87158,7.20003,-0.557001,37.1294,0.525178,1.54781,0,0.162364
0.815,0.275,5.86674,7.16118,-0.470832,36.7355,0.525178,1.54781,0,0.162364
0.815,0.285,5.87093,7.12015,-0.388728,36.421,0.525178,1.54781,0,0.162364
0.815,0.295,5.88773,7.07613,-0.312111,36.2142,0.525178,1.54781,0,0.162364
0.815,0.305,5.92239,7.0279,-0.242997,36.1566,0.525178,1.54781,0,0.162364
0.815,0.315,5.98256,6.97356,-0.184183,36.3097,0.525178,1.54781,0,0.162364
0.815,0.325,6.07911,6.91029,-0.139371,36.7619,0.525178,1.54781,0,0.162364
0.815,0.335,6.22726,6.83336,-0.112972,37.6356,0.525178,1.54781,0,0.162364
0.815,0.345,6.44859,6.73282,-0.109325,39.0812,0.525178,1.54781,0,0.162364
0.815,0.355,6.7536,6.61003,-0.130953,41.2614,0.525178,1.54781,0,0.162364
0.815,0.365,7.15463,6.46041,-0.176087,44.3001,0.525178,1.54781,0,0.162364
0.815,0.375,7.65099,6.28367,-0.237322,48.2123,0.525178,1.54781,0,0.162364
0.815,0.385,8.22533,6.08612,-0.302968,52.8603,0.525178,1.54781,0,0.162364
0.815,0.395,8.84601,5.87759,-0.3608,57.9548,0.525178,1.54781,0,0.162364
0.815,0.405,9.47469,5.66979,-0.401625,63.1335,0.525178,1.54781,0,0.162364
0.815,0.415,10.0759,5.47112,-0.421032,68.0497,0.525178,1.54781,0,0.162364
0.815,0.425,10.6242,5.28642,-0.418809,72.4576,0.525178,1.54781,0,0.162364
0.815,0.435,11.106,5.11673,-0.39736,76.2296,0.525178,1.54781,0,0.162364
0.815,0.445,11.517,4.9601,-0.360124,79.3398,0.525178,1.54781,0,0.162364
0.815,0.455,11.8584,4.81375,-0.310315,81.8224,0.525178,1.54781,0,0.162364
0.815,0.465,12.1317,4.67396,-0.2502,83.7277,0.525178,1.54781,0,0.162364
0.815,0.475,12.3358,4.53658,-0.180568,85.0951,0.525178,1.54781,0,0.162364
0.815,0.485,12.465,4.39485,-0.0996467,85.959,0.525178,1.54781,0,0.162364
0.815,0.495,12.4968,4.24402,-0.00383065,86.2566,0.525178,1.54781,0,0.162364
0.815,0.505,12.3246,4.06623,0.11193,85.8782,0.525178,1.54781,0,0.162364
0.815,0.515,11.7967,3.84216,0.256382,84.8705,0.525178,1.54781,0,0.162364
0.815,0.525,10.8472,3.55323,0.438128,83.1854,0.525178,1.54781,0,0.162364
0.815,0.535,9.6779,3.20448,0.654148,80.9245,0.525178,1.54781,0,0.162364
0.815,0.545,8.57404,2.81391,0.886073,78.5579,0.525178,1.54781,0,0.162364
0.815,0.555,7.66035,2.38944,1.11031,76.6251,0.525178,1.54781,0,0.162364
0.815,0.565,6.92657,1.94135,1.30665,75.4468,0.525178,1.54781,0,0.162364
0.815,0.575,6.33524,1.47882,1.46119,75.1857,0.525178,1.54781,0,0.162364
0.815,0.585,5.86388,1.01063,1.56965,75.7943,0.525178,1.54781,0,0.162364
0.815,0.595,5.50566,0.548468,1.63713,77.0204,0.525178,1.54781,0,0.162364
0.815,0.605,5.25863,0.107731,1.67388,78.525,0.525178,1.54781,0,0.162364
0.815,0.615,5.11742,-0.29653,1.68971,80.0329,0.525178,1.54781,0,0.162364
0.815,0.625,5.06558,-0.65574,1.69138,81.3998,0.525178,1.54781,0,0.162364
0.815,0.635,5.07955,-0.972207,1.68287,82.5896,0.525178,1.54781,0,0.162364
0.815,0.645,5.13365,-1.26091,1.66663,83.6165,0.525178,1.54781,0,0.162364
0.815,0.655,5.20141,-1.54973,1.64436,84.5108,0.525178,1.54781,0,0.162364
0.815,0.665,5.25614,-1.87943,1.61744,85.3062,0.525178,1.54781,0,0.162364
0.815,0.675,5.2744,-2.303,1.58742,86.0398,0.525178,1.54781,0,0.162364
0.815,0.685,5.2472,-2.88322,1.55671,86.7575,0.525178,1.54781,0,0.162364
0.815,0.695,5.19727,-3.68543,1.52894,87.5276,0.525178,1.54781,0,0.162364
0.815,0.705,5.1897,-4.7621,1.50939,88.4609,0.525178,1.54781,0,0.162364
0.815,0.715,5.33212,-6.10581,1.50858,89.7785,0.525178,1.54781,0,0.162364
0.815,0.725,5.76898,-7.63789,1.54569,91.8005,0.525178,1.54781,0,0.162364
0.815,0.735,6.69347,-9.21305,1.64152,94.9642,0.525178,1.54781,0,0.162364
0.815,0.745,8.38949,-10.663,1.80902,99.8925,0.525178,1.54781,0,0.162364
0.815,0.755,11.2995,-11.871,2.04115,107.25,0.525178,1.54781,0,0.162364
0.815,0.765,16.1156,-12.8034,2.30667,117.439,0.525178,1.54781,0,0.162364
0.815,0.775,23.8717,-13.4866,2.56254,130.354,0.525178,1.54781,0,0.162364
0.815,0.785,36.0001,-13.9705,2.7733,145.36,0.525178,1.54781,0,0.162364
0.815,0.795,54.1754,-14.3057,2.92299,160.841,0.525178,1.54781,0,0.162364
0.815,0.805,79.7567,-14.5351,3.00978,173.704,0.525178,1.54781,0,0.162364
0.815,0.815,112.91,-14.6911,3.03524,180.065,0.525178,1.54781,0,0.162364
0.815,0.825,151.566,-14.7968,3.0062,176.409,0.525178,1.54781,0,0.162364
0.815,0.835,191.394,-14.868,2.9356,161.983,0.525178,1.54781,0,0.162364
0.815,0.845,227.662,-14.9153,2.84257,140.41,0.525178,1.54781,0,0.162364
0.815,0.855,258.09,-14.9457,2.75006,118.351,0.525178,1.54781,0,0.162364
0.815,0.865,284.193,-14.9644,2.67853,101.749,0.525178,1.54781,0,0.162364
0.815,0.875,309.739,-14.9756,2.63836,93.0149,0.525178,1.54781,0,0.162364
0.815,0.885,338.029,-14.9822,2.62762,91.3021,0.525178,1.54781,0,0.162364
0.815,0.895,370.453,-14.9863,2.63733,94.4961,0.525178,1.54781,0,0.162364
0.815,0.905,406.763,-14.9891,2.65829,100.685,0.525178,1.54781,0,0.162364
0.815,0.915,445.961,-14.9912,2.6842,108.58,0.525178,1.54781,0,0.162364
0.815,0.925,486.935,-14.9928,2.71157,117.412,0.525178,1.54781,0,0.162364
0.815,0.935,528.722,-14.9941,2.73869,126.735,0.525178,1.54781,0,0.162364
0.815,0.945,570.538,-14.9952,2.76479,136.279,0.525178,1.54781,0,0.162364
0.815,0.955,611.751,-14.9961,2.78954,145.866,0.525178,1.54781,0,0.162364
0.815,0.965,651.835,-14.9968,2.81278,155.362,0.525178,1.54781,0,0.162364
0.815,0.975,690.352,-14.9974,2.83446,164.658,0.525178,1.54781,0,0.162364
0.815,0.985,726.935,-14.998,2.85456,173.661,0.525178,1.54781,0,0.162364
0.815,0.995,761.288,-14.9984,2.87308,182.287,0.525178,1.54781,0,0.162364
0.825,0.005,6.57742,8.07079,-3.11538,54.4248,0.573441,1.60616,0,0.18363
0.825,0.015,6.53499,8.0443,-3.01727,53.5412,0.573441,1.60616,0,0.18363
0.825,0.025,6.50028,8.01735,-2.91538,52.7504,0.573441,1.60616,0,0.18363
0.825,0.035,6.4664,7.99011,-2.81324,51.9726,0.573441,1.60616,0,0.18363
0.825,0.045,6.43271,7.96259,-2.71119,51.2007,0.573441,1.60616,0,0.18363
0.825,0.055,6.39918,7.93479,-2.60924,50.4345,0.573441,1.60616,0,0.18363
0.825,0.065,6.36579,7.90672,-2.50742,49.6743,0.573441,1.60616,0,0.18363
0.825,0.075,6.33254,7.87837,-2.40573,48.9204,0.573441,1.60616,0,0.18363
0.825,0.085,6.29946,7.84976,-2.30418,48.1731,0.573441,1.60616,0,0.18363
0.825,0.095,6.26655,7.82088,-2.20279,47.4328,0.573441,1.60616,0,0.18363
0.825,0.105,6.23382,7.79173,-2.10156,46.6998,0.573441,1.60616,0,0.18363
0.825,0.115,6.2013,7.7623,-2.00053,45.9746,0.573441,1.60616,0,0.18363
0.825,0.125,6.16902,7.7326,-1.8997,45.2577,0.573441,1.60616,0,0.18363
0.825,0.135,6.13703,7.7026,-1.79911,44.5496,0.573441,1.60616,0,0.18363
0.825,0.145,6.10536,7.67231,-1.69879,43.8509,0.573441,1.60616,0,0.18363
0.825,0.155,6.07409,7.6417,-1.59878,43.1625,0.573441,1.60616,0,0.18363
0.825,0.165,6.04331,7.61077,-1.49913,42.4851,0.573441,1.60616,0,0.18363
0.825,0.175,6.01312,7.57947,-1.39989,41.8199,0.573441,1.60616,0,0.18363
0.825,0.185,5.98367,7.5478,-1.30115,41.1681,0.573441,1.60616,0,0.18363
0.825,0.195,5.95515,7.51569,-1.20298,40.5314,0.573441,1.60616,0,0.18363
0.825,0.205,5.92778,7.4831,-1.10552,39.9118,0.573441,1.60616,0,0.18363
0.825,0.215,5.90191,7.44996,-1.00891,39.3121,0.573441,1.60616,0,0.18363
0.825,0.225,5.87795,7.41617,-0.913348,38.7356,0.573441,1.60616,0,0.18363
0.825,0.235,5.85649,7.3816,-0.819097,38.1872,0.573441,1.60616,0,0.18363
0.825,0.245,5.83833,7.34607,-0.726513,37.6732,0.573441,1.60616,0,0.18363
0.825,0.255,5.82461,7.30931,-0.636083,37.2029,0.573441,1.60616,0,0.18363
0.825,0.265,5.81697,7.27094,-0.548493,36.789,0.573441,1.60616,0,0.18363
0.825,0.275,5.81779,7.23039,-0.464722,36.4508,0.573441,1.60616,0,0.18363
0.825,0.285,5.83063,7.18679,-0.386178,36.2166,0.573441,1.60616,0,0.18363
0.825,0.295,5.86077,7.13881,-0.314898,36.1289,0.573441,1.60616,0,0.18363
0.825,0.305,5.91606,7.08442,-0.253772,36.2516,0.573441,1.60616,0,0.18363
0.825,0.315,6.00781,7.02052,-0.20672,36.6786,0.573441,1.60616,0,0.18363
0.825,0.325,6.15147,6.94258,-0.178599,37.5413,0.573441,1.60616,0,0.18363
0.825,0.335,6.36694,6.84373,-0.174233,39.0098,0.573441,1.60616,0,0.18363
0.825,0.345,6.67703,6.71338,-0.196558,41.2653,0.573441,1.60616,0,0.18363
0.825,0.355,7.08862,6.55369,-0.243879,44.4545,0.573441,1.60616,0,0.18363
0.825,0.365,7.60228,6.36466,-0.308229,48.605,0.573441,1.60616,0,0.18363
0.825,0.375,8.19948,6.1533,-0.376922,53.5635,0.573441,1.60616,0,0.18363
0.825,0.385,8.84529,5.93215,-0.436673,59.0058,0.573441,1.60616,0,0.18363
0.825,0.395,9.49701,5.71393,-0.477796,64.5133,0.573441,1.60616,0,0.18363
0.825,0.405,10.1159,5.50868,-0.495843,69.7004,0.573441,1.60616,0,0.18363
0.825,0.415,10.6749,5.321,-0.490987,74.2947,0.573441,1.60616,0,0.18363
0.825,0.425,11.1611,5.15124,-0.466142,78.1729,0.573441,1.60616,0,0.18363
0.825,0.435,11.5723,4.99702,-0.425141,81.3278,0.573441,1.60616,0,0.18363
0.825,0.445,11.9124,4.85432,-0.371558,83.8173,0.573441,1.60616,0,0.18363
0.825,0.455,12.1858,4.71938,-0.307979,85.7171,0.573441,1.60616,0,0.18363
0.825,0.465,12.3941,4.58818,-0.235644,87.0852,0.573441,1.60616,0,0.18363
0.825,0.475,12.5344,4.45596,-0.153958,87.9557,0.573441,1.60616,0,0.18363
0.825,0.485,12.5976,4.31292,-0.0589651,88.3663,0.573441,1.60616,0,0.18363
0.825,0.495,12.5431,4.16028,0.0532698,88.1135,0.573441,1.60616,0,0.18363
0.825,0.505,12.2535,3.97977,0.187082,87.1582,0.573441,1.60616,0,0.18363
0.825,0.515,11.5951,3.74649,0.350638,85.5655,0.573441,1.60616,0,0.18363
0.825,0.525,10.5765,3.44903,0.548768,83.3292,0.573441,1.60616,0,0.18363
0.825,0.535,9.43428,3.09941,0.772473,80.7099,0.573441,1.60616,0,0.18363
0.825,0.545,8.39274,2.71143,1.00101,78.266,0.573441,1.60616,0,0.18363
0.825,0.555,7.52134,2.29376,1.21328,76.4398,0.573441,1.60616,0,0.18363
0.825,0.565,6.80655,1.85529,1.39201,75.4962,0.573441,1.60616,0,0.18363
0.825,0.575,6.22675,1.40359,1.52663,75.5316,0.573441,1.60616,0,0.18363
0.825,0.585,5.77171,0.947315,1.61594,76.4247,0.573441,1.60616,0,0.18363
0.825,0.595,5.43795,0.499207,1.66726,77.869,0.573441,1.60616,0,0.18363
0.825,0.605,5.22079,0.0754038,1.69175,79.5146,0.573441,1.60616,0,0.18363
0.825,0.615,5.10965,-0.309659,1.69889,81.1108,0.573441,1.60616,0,0.18363
0.825,0.625,5.08369,-0.648978,1.69483,82.5432,0.573441,1.60616,0,0.18363
0.825,0.635,5.11822,-0.946376,1.68298,83.7951,0.573441,1.60616,0,0.18363
0.825,0.645,5.18804,-1.21751,1.66539,84.8887,0.573441,1.60616,0,0.18363
0.825,0.655,5.26757,-1.49013,1.64337,85.8558,0.573441,1.60616,0,0.18363
0.825,0.665,5.33072,-1.80434,1.61795,86.7291,0.573441,1.60616,0,0.18363
0.825,0.675,5.35421,-2.2124,1.59038,87.543,0.573441,1.60616,0,0.18363
0.825,0.685,5.32917,-2.77631,1.56266,88.3414,0.573441,1.60616,0,0.18363
0.825,0.695,5.27822,-3.56081,1.53794,89.193,0.573441,1.60616,0,0.18363
0.825,0.705,5.26565,-4.619,1.52133,90.2105,0.573441,1.60616,0,0.18363
0.825,0.715,5.39703,-5.95197,1.52313,91.5946,0.573441,1.60616,0,0.18363
0.825,0.725,5.81927,-7.4853,1.56196,93.7104,0.573441,1.60616,0,0.18363
0.825,0.735,6.72829,-9.07747,1.65989,96.9943,0.573441,1.60616,0,0.18363
0.825,0.745,8.41319,-10.5561,1.83001,102.073,0.573441,1.60616,0,0.18363
0.825,0.755,11.3219,-11.7955,2.06421,109.578,0.573441,1.60616,0,0.18363
0.825,0.765,16.15,-12.755,2.32942,119.833,0.573441,1.60616,0,0.18363
0.825,0.775,23.9299,-13.4582,2.58191,132.651,0.573441,1.60616,0,0.18363
0.825,0.785,36.086,-13.9551,2.78747,147.366,0.573441,1.60616,0,0.18363
0.825,0.795,54.2808,-14.298,2.93212,162.415,0.573441,1.60616,0,0.18363
0.825,0.805,79.8662,-14.5315,3.01509,174.812,0.573441,1.60616,0,0.18363
0.825,0.815,113.008,-14.6895,3.0381,180.766,0.573441,1.60616,0,0.18363
0.825,0.825,151.643,-14.7961,3.00766,176.808,0.573441,1.60616,0,0.18363
0.825,0.835,191.448,-14.8678,2.9363,162.187,0.573441,1.60616,0,0.18363
0.825,0.845,227.696,-14.9152,2.84289,140.503,0.573441,1.60616,0,0.18363
0.825,0.855,258.109,-14.9456,2.7502,118.389,0.573441,1.60616,0,0.18363
0.825,0.865,284.202,-14.9644,2.67858,101.763,0.573441,1.60616,0,0.18363
0.825,0.875,309.743,-14.9756,2.63837,93.0192,0.573441,1.60616,0,0.18363
0.825,0.885,338.031,-14.9822,2.62762,91.3034,0.573441,1.60616,0,0.18363
0.825,0.895,370.453,-14.9863,2.63733,94.4965,0.573441,1.60616,0,0.18363
0.825,0.905,406.763,-14.9891,2.6583,100.685,0.573441,1.60616,0,0.18363
0.825,0.915,445.961,-14.9912,2.6842,108.58,0.573441,1.60616,0,0.18363
0.825,0.925,486.935,-14.9928,2.71157,117.412,0.573441,1.60616,0,0.18363
0.825,0.935,528.722,-14.9941,2.73869,126.735,0.573441,1.60616,0,0.18363
0.825,0.945,570.538,-14.9952,2.76479,136.279,0.573441,1.60616,0,0.18363
0.825,0.955,611.751,-14.9961,2.78954,145.866,0.573441,1.60616,0,0.18363
0.825,0.965,651.835,-14.9968,2.81278,155.362,0.573441,1.60616,0,0.18363
0.825,0.975,690.352,-14.9974,2.83446,164.658,0.573441,1.60616,0,0.18363
0.825,0.985,726.935,-14.998,2.85456,173.661,0.573441,1.60616,0,0.18363
0.825,0.995,761.288,-14.9984,2.87308,182.287,0.573441,1.60616,0,0.18363
0.835,0.005,6.51113,8.14294,-3.10142,53.7121,0.625189,1.66451,0,0.207241
0.835,0.015,6.46832,8.11662,-3.00353,52.8362,0.625189,1.66451,0,0.207241
0.835,0.025,6.43358,8.08985,-2.90164,52.057,0.625189,1.66451,0,0.207241
0.835,0.035,6.39973,8.06277,-2.79946,51.2913,0.625189,1.66451,0,0.207241
0.835,0.045,6.36607,8.03541,-2.69736,50.5315,0.625189,1.66451,0,0.207241
0.835,0.055,6.33257,8.00776,-2.59538,49.7773,0.625189,1.66451,0,0.207241
0.835,0.065,6.29921,7.97984,-2.49352,49.029,0.625189,1.66451,0,0.207241
0.835,0.075,6.26599,7.95164,-2.39179,48.2868,0.625189,1.66451,0,0.207241
0.835,0.085,6.23294,7.92316,-2.29022,47.5512,0.625189,1.66451,0,0.207241
0.835,0.095,6.20006,7.8944,-2.1888,46.8224,0.625189,1.66451,0,0.207241
0.835,0.105,6.16738,7.86537,-2.08756,46.1009,0.625189,1.66451,0,0.207241
0.835,0.115,6.13491,7.83604,-1.98651,45.3872,0.625189,1.66451,0,0.207241
0.835,0.125,6.1027,7.80642,-1.88569,44.6816,0.625189,1.66451,0,0.207241
0.835,0.135,6.07078,7.7765,-1.78511,43.985,0.625189,1.66451,0,0.207241
0.835,0.145,6.03922,7.74626,-1.68483,43.2978,0.625189,1.66451,0,0.207241
0.835,0.155,6.0081,7.71569,-1.58487,42.621,0.625189,1.66451,0,0.207241
0.835,0.165,5.97751,7.68477,-1.48529,41.9555,0.625189,1.66451,0,0.207241
0.835,0.175,5.94757,7.65346,-1.38617,41.3025,0.625189,1.66451,0,0.207241
0.835,0.185,5.91847,7.62172,-1.28758,40.6636,0.625189,1.66451,0,0.207241
0.835,0.195,5.89041,7.5895,-1.18963,40.0406,0.625189,1.66451,0,0.207241
0.835,0.205,5.8637,7.55674,-1.09247,39.4362,0.625189,1.66451,0,0.207241
0.835,0.215,5.83873,7.52333,-0.996278,38.8536,0.625189,1.66451,0,0.207241
0.835,0.225,5.81606,7.48914,-0.901299,38.2974,0.625189,1.66451,0,0.207241
0.835,0.235,5.79647,7.45398,-0.807874,37.7739,0.625189,1.66451,0,0.207241
0.835,0.245,5.78106,7.41757,-0.716476,37.2921,0.625189,1.66451,0,0.207241
0.835,0.255,5.77147,7.3795,-0.627782,36.8652,0.625189,1.66451,0,0.207241
0.835,0.265,5.7701,7.33916,-0.542772,36.5128,0.625189,1.66451,0,0.207241
0.835,0.275,5.7806,7.29558,-0.462885,36.2643,0.625189,1.66451,0,0.207241
0.835,0.285,5.80847,7.24729,-0.390233,36.1648,0.625189,1.66451,0,0.207241
0.835,0.295,5.86199,7.19198,-0.327857,36.2828,0.625189,1.66451,0,0.207241
0.835,0.305,5.95322,7.12615,-0.279944,36.7203,0.625189,1.66451,0,0.207241
0.835,0.315,6.09866,7.04471,-0.251721,37.6211,0.625189,1.66451,0,0.207241
0.835,0.325,6.31879,6.94084,-0.248452,39.1722,0.625189,1.66451,0,0.207241
0.835,0.335,6.6356,6.80621,-0.273108,41.5797,0.625189,1.66451,0,0.207241
0.835,0.345,7.06592,6.63283,-0.323596,44.9987,0.625189,1.66451,0,0.207241
0.835,0.355,7.6028,6.42855,-0.391011,49.4562,0.625189,1.66451,0,0.207241
0.835,0.365,8.22573,6.20221,-0.461544,54.773,0.625189,1.66451,0,0.207241
0.835,0.375,8.89578,5.96813,-0.521295,60.5736,0.625189,1.66451,0,0.207241
0.835,0.385,9.56652,5.74096,-0.560514,66.3906,0.625189,1.66451,0,0.207241
0.835,0.395,10.1965,5.53077,-0.575264,71.7974,0.625189,1.66451,0,0.207241
0.835,0.405,10.7588,5.34205,-0.566306,76.5168,0.625189,1.66451,0,0.207241
0.835,0.415,11.242,5.17414,-0.537071,80.4366,0.625189,1.66451,0,0.207241
0.835,0.425,11.6468,5.02348,-0.491773,83.5766,0.625189,1.66451,0,0.207241
0.835,0.435,11.9796,4.88562,-0.434162,86.0233,0.625189,1.66451,0,0.207241
0.835,0.445,12.2473,4.75594,-0.366991,87.8735,0.625189,1.66451,0,0.207241
0.835,0.455,12.4537,4.63069,-0.29174,89.2039,0.625189,1.66451,0,0.207241
0.835,0.465,12.5979,4.50604,-0.208406,90.0551,0.625189,1.66451,0,0.207241
0.835,0.475,12.6739,4.37622,-0.11479,90.4501,0.625189,1.66451,0,0.207241
0.835,0.485,12.6634,4.22757,-0.00525611,90.4016,0.625189,1.66451,0,0.207241
0.835,0.495,12.5138,4.07531,0.123461,89.5696,0.625189,1.66451,0,0.207241
0.835,0.505,12.1111,3.89056,0.274709,88.0751,0.625189,1.66451,0,0.207241
0.835,0.515,11.3489,3.64995,0.455209,85.9443,0.625189,1.66451,0,0.207241
0.835,0.525,10.303,3.34802,0.664874,83.2867,0.625189,1.66451,0,0.207241
0.835,0.535,9.20085,3.0005,0.890452,80.4719,0.625189,1.66451,0,0.207241
0.835,0.545,8.20805,2.6173,1.11141,78.0668,0.625189,1.66451,0,0.207241
0.835,0.555,7.36542,2.20743,1.30949,76.4257,0.625189,1.66451,0,0.207241
0.835,0.565,6.66732,1.77839,1.47011,75.7602,0.625189,1.66451,0,0.207241
0.835,0.575,6.10574,1.33697,1.58548,76.1024,0.625189,1.66451,0,0.207241
0.835,0.585,5.67669,0.892446,1.65698,77.2653,0.625189,1.66451,0,0.207241
0.835,0.595,5.37546,0.458742,1.69383,78.9022,0.625189,1.66451,0,0.207241
0.835,0.605,5.19276,0.0522337,1.70769,80.6667,0.625189,1.66451,0,0.207241
0.835,0.615,5.11295,-0.313767,1.70756,82.3376,0.625189,1.66451,0,0.207241
0.835,0.625,5.11232,-0.634005,1.69891,83.8291,0.625189,1.66451,0,0.207241
0.835,0.635,5.16627,-0.91364,1.6846,85.1396,0.625189,1.66451,0,0.207241
0.835,0.645,5.25065,-1.16873,1.66624,86.2971,0.625189,1.66451,0,0.207241
0.835,0.655,5.34103,-1.42664,1.64481,87.334,0.625189,1.66451,0,0.207241
0.835,0.665,5.41191,-1.72674,1.62103,88.2808,0.625189,1.66451,0,0.207241
0.835,0.675,5.44025,-2.12045,1.59585,89.1697,0.625189,1.66451,0,0.207241
0.835,0.685,5.4172,-2.66889,1.57091,90.0431,0.625189,1.66451,0,0.207241
0.835,0.695,5.3651,-3.43616,1.54896,90.9695,0.625189,1.66451,0,0.207241
0.835,0.705,5.34722,-4.47598,1.53507,92.0609,0.625189,1.66451,0,0.207241
0.835,0.715,5.46757,-5.79748,1.5393,93.5114,0.625189,1.66451,0,0.207241
0.835,0.725,5.87519,-7.33157,1.57991,95.7203,0.625189,1.66451,0,0.207241
0.835,0.735,6.76911,-8.94058,1.68003,99.1259,0.625189,1.66451,0,0.207241
0.835,0.745,8.44375,-10.4481,1.8528,104.355,0.625189,1.66451,0,0.207241
0.835,0.755,11.3524,-11.7196,2.08885,111.997,0.625189,1.66451,0,0.207241
0.835,0.765,16.1932,-12.7069,2.35317,122.286,0.625189,1.66451,0,0.207241
0.835,0.775,23.996,-13.4305,2.60154,134.951,0.625189,1.66451,0,0.207241
0.835,0.785,36.1764,-13.9405,2.80137,149.319,0.625189,1.66451,0,0.207241
0.835,0.795,54.3854,-14.2909,2.94075,163.897,0.625189,1.66451,0,0.207241
0.835,0.805,79.9695,-14.5282,3.01992,175.816,0.625189,1.66451,0,0.207241
0.835,0.815,113.097,-14.6881,3.0406,181.378,0.625189,1.66451,0,0.207241
0.835,0.825,151.71,-14.7956,3.00888,177.144,0.625189,1.66451,0,0.207241
0.835,0.835,191.493,-14.8675,2.93687,162.353,0.625189,1.66451,0,0.207241
0.835,0.845,227.722,-14.9151,2.84314,140.576,0.625189,1.66451,0,0.207241
0.835,0.855,258.123,-14.9456,2.7503,118.417,0.625189,1.66451,0,0.207241
0.835,0.865,284.208,-14.9644,2.67862,101.772,0.625189,1.66451,0,0.207241
0.835,0.875,309.746,-14.9756,2.63839,93.0222,0.625189,1.66451,0,0.207241
0.835,0.885,338.032,-14.9822,2.62763,91.3042,0.625189,1.66451,0,0.207241
0.835,0.895,370.454,-14.9863,2.63733,94.4967,0.625189,1.66451,0,0.207241
0.835,0.905,406.763,-14.9891,2.6583,100.685,0.625189,1.66451,0,0.207241
0.835,0.915,445.961,-14.9912,2.6842,108.58,0.625189,1.66451,0,0.207241
0.835,0.925,486.935,-14.9928,2.71157,117.412,0.625189,1.66451,0,0.207241
0.835,0.935,528.722,-14.9941,2.73869,126.735,0.625189,1.66451,0,0.207241
0.835,0.945,570.538,-14.9952,2.76479,136.279,0.625189,1.66451,0,0.207241
0.835,0.955,611.751,-14.9961,2.78954,145.866,0.625189,1.66451,0,0.207241
0.835,0.965,651.835,-14.9968,2.81278,155.362,0.625189,1.66451,0,0.207241
0.835,0.975,690.352,-14.9974,2.83446,164.658,0.625189,1.66451,0,0.207241
0.835,0.985,726.935,-14.998,2.85456,173.661,0.625189,1.66451,0,0.207241
0.835,0.995,761.288,-14.9984,2.87308,182.287,0.625189,1.66451,0,0.207241
0.845,0.005,6.44555,8.21502,-3.08747,53.0081,0.680606,1.72286,0,0.233407
0.845,0.015,6.40235,8.18887,-2.98979,52.1399,0.680606,1.72286,0,0.233407
0.845,0.025,6.36757,8.16226,-2.88791,51.3718,0.680606,1.72286,0,0.233407
0.845,0.035,6.33374,8.13534,-2.7857,50.618,0.680606,1.72286,0,0.233407
0.845,0.045,6.30012,8.10813,-2.68356,49.8701,0.680606,1.72286,0,0.233407
0.845,0.055,6.26665,8.08063,-2.58154,49.1276,0.680606,1.72286,0,0.233407
0.845,0.065,6.23332,8.05285,-2.47965,48.391,0.680606,1.72286,0,0.233407
0.845,0.075,6.20014,8.02478,-2.37789,47.6604,0.680606,1.72286,0,0.233407
0.845,0.085,6.16713,7.99642,-2.27629,46.9362,0.680606,1.72286,0,0.233407
0.845,0.095,6.13429,7.96778,-2.17485,46.2188,0.680606,1.72286,0,0.233407
0.845,0.105,6.10165,7.93884,-2.0736,45.5086,0.680606,1.72286,0,0.233407
0.845,0.115,6.06925,7.9096,-1.97256,44.8062,0.680606,1.72286,0,0.233407
0.845,0.125,6.03712,7.88006,-1.87175,44.1121,0.680606,1.72286,0,0.233407
0.845,0.135,6.00532,7.85019,-1.7712,43.4268,0.680606,1.72286,0,0.233407
0.845,0.145,5.9739,7.81998,-1.67097,42.7513,0.680606,1.72286,0,0.233407
0.845,0.155,5.94298,7.78942,-1.57109,42.0864,0.680606,1.72286,0,0.233407
0.845,0.165,5.91265,7.75846,-1.47162,41.4332,0.680606,1.72286,0,0.233407
0.845,0.175,5.88308,7.72708,-1.37266,40.7933,0.680606,1.72286,0,0.233407
0.845,0.185,5.85447,7.69521,-1.27429,40.1685,0.680606,1.72286,0,0.233407
0.845,0.195,5.82712,7.66279,-1.17666,39.5612,0.680606,1.72286,0,0.233407
0.845,0.205,5.80141,7.6297,-1.07993,38.9748,0.680606,1.72286,0,0.233407
0.845,0.215,5.77788,7.59582,-0.984361,38.4139,0.680606,1.72286,0,0.233407
0.845,0.225,5.75733,7.56093,-0.890274,37.8849,0.680606,1.72286,0,0.233407
0.845,0.235,5.74088,7.52472,-0.798151,37.3973,0.680606,1.72286,0,0.233407
0.845,0.245,5.73022,7.48673,-0.708685,36.9649,0.680606,1.72286,0,0.233407
0.845,0.255,5.72792,7.44626,-0.622896,36.6087,0.680606,1.72286,0,0.233407
0.845,0.265,5.73785,7.4022,-0.542306,36.3609,0.680606,1.72286,0,0.233407
0.845,0.275,5.76597,7.35285,-0.469172,36.271,0.680606,1.72286,0,0.233407
0.845,0.285,5.82127,7.29551,-0.406768,36.4147,0.680606,1.72286,0,0.233407
0.845,0.295,5.91686,7.22612,-0.359601,36.9055,0.680606,1.72286,0,0.233407
0.845,0.305,6.07056,7.13881,-0.333237,37.9033,0.680606,1.72286,0,0.233407
0.845,0.315,6.30408,7.02604,-0.33309,39.6136,0.680606,1.72286,0,0.233407
0.845,0.325,6.63913,6.88,-0.361856,42.2578,0.680606,1.72286,0,0.233407
0.845,0.335,7.09068,6.6953,-0.416278,46.0006,0.680606,1.72286,0,0.233407
0.845,0.345,7.65707,6.47309,-0.486181,50.8393,0.680606,1.72286,0,0.233407
0.845,0.355,8.30749,6.23096,-0.556804,56.551,0.680606,1.72286,0,0.233407
0.845,0.365,8.99897,5.98524,-0.614075,62.7025,0.680606,1.72286,0,0.233407
0.845,0.375,9.68184,5.75127,-0.648921,68.776,0.680606,1.72286,0,0.233407
0.845,0.385,10.3142,5.53901,-0.658283,74.3272,0.680606,1.72286,0,0.233407
0.845,0.395,10.8705,5.3517,-0.643753,79.0844,0.680606,1.72286,0,0.233407
0.845,0.405,11.3425,5.18759,-0.609252,82.967,0.680606,1.72286,0,0.233407
0.845,0.415,11.7339,5.0421,-0.5592,86.0261,0.680606,1.72286,0,0.233407
0.845,0.425,12.0536,4.90989,-0.497423,88.3753,0.680606,1.72286,0,0.233407
0.845,0.435,12.3103,4.78622,-0.426658,90.1325,0.680606,1.72286,0,0.233407
0.845,0.445,12.5094,4.66702,-0.348463,91.3852,0.680606,1.72286,0,0.233407
0.845,0.455,12.6515,4.54913,-0.263148,92.1833,0.680606,1.72286,0,0.233407
0.845,0.465,12.7322,4.42874,-0.169519,92.5436,0.680606,1.72286,0,0.233407
0.845,0.475,12.7419,4.29734,-0.0635612,92.4925,0.680606,1.72286,0,0.233407
0.845,0.485,12.6414,4.14393,0.0602771,91.9062,0.680606,1.72286,0,0.233407
0.845,0.495,12.3972,3.99106,0.204179,90.5575,0.680606,1.72286,0,0.233407
0.845,0.505,11.8916,3.80148,0.371085,88.5831,0.680606,1.72286,0,0.233407
0.845,0.515,11.0581,3.55539,0.564947,86.0226,0.680606,1.72286,0,0.233407
0.845,0.525,10.0131,3.25277,0.780931,83.0973,0.680606,1.72286,0,0.233407
0.845,0.535,8.95422,2.90835,1.00362,80.2586,0.680606,1.72286,0,0.233407
0.845,0.545,8.00007,2.53108,1.21447,77.9924,0.680606,1.72286,0,0.233407
0.845,0.555,7.18296,2.1292,1.39752,76.5969,0.680606,1.72286,0,0.233407
0.845,0.565,6.50801,1.70916,1.5404,76.2357,0.680606,1.72286,0,0.233407
0.845,0.575,5.97578,1.27771,1.63766,76.8821,0.680606,1.72286,0,0.233407
0.845,0.585,5.58316,0.845189,1.69297,78.2932,0.680606,1.72286,0,0.233407
0.845,0.595,5.32137,0.426478,1.71713,80.097,0.680606,1.72286,0,0.233407
0.845,0.605,5.17606,0.0376111,1.72199,81.9618,0.680606,1.72286,0,0.233407
0.845,0.615,5.12758,-0.309621,1.71594,83.6973,0.680606,1.72286,0,0.233407
0.845,0.625,5.15115,-0.611722,1.70374,85.2433,0.680606,1.72286,0,0.233407
0.845,0.635,5.22315,-0.874934,1.68771,86.6104,0.680606,1.72286,0,0.233407
0.845,0.645,5.32094,-1.11544,1.66907,87.8301,0.680606,1.72286,0,0.233407
0.845,0.655,5.42128,-1.36006,1.64848,88.9345,0.680606,1.72286,0,0.233407
0.845,0.665,5.49933,-1.64732,1.62639,89.952,0.680606,1.72286,0,0.233407
0.845,0.675,5.53221,-2.02771,1.60351,90.9122,0.680606,1.72286,0,0.233407
0.845,0.685,5.51107,-2.5614,1.58114,91.8567,0.680606,1.72286,0,0.233407
0.845,0.695,5.45776,-3.3118,1.56176,92.8528,0.680606,1.72286,0,0.233407
0.845,0.705,5.43439,-4.33336,1.5504,94.0127,0.680606,1.72286,0,0.233407
0.845,0.715,5.54376,-5.64275,1.55693,95.53,0.680606,1.72286,0,0.233407
0.845,0.725,5.93684,-7.17707,1.59945,97.8328,0.680606,1.72286,0,0.233407
0.845,0.735,6.81613,-8.8027,1.70193,101.362,0.680606,1.72286,0,0.233407
0.845,0.745,8.48139,-10.3394,1.87742,106.74,0.680606,1.72286,0,0.233407
0.845,0.755,11.3909,-11.6436,2.11502,114.503,0.680606,1.72286,0,0.233407
0.845,0.765,16.2447,-12.6593,2.37777,124.786,0.680606,1.72286,0,0.233407
0.845,0.775,24.0689,-13.4035,2.62127,137.24,0.680606,1.72286,0,0.233407
0.845,0.785,36.2697,-13.9266,2.81486,151.201,0.680606,1.72286,0,0.233407
0.845,0.795,54.4875,-14.2843,2.94882,165.273,0.680606,1.72286,0,0.233407
0.845,0.805,80.0652,-14.5254,3.02426,176.713,0.680606,1.72286,0,0.233407
0.845,0.815,113.175,-14.6869,3.04276,181.902,0.680606,1.72286,0,0.233407
0.845,0.825,151.766,-14.7951,3.0099,177.42,0.680606,1.72286,0,0.233407
0.845,0.835,191.529,-14.8674,2.93732,162.483,0.680606,1.72286,0,0.233407
0.845,0.845,227.743,-14.915,2.84333,140.631,0.680606,1.72286,0,0.233407
0.845,0.855,258.133,-14.9456,2.75038,118.438,0.680606,1.72286,0,0.233407
0.845,0.865,284.213,-14.9644,2.67864,101.779,0.680606,1.72286,0,0.233407
0.845,0.875,309.747,-14.9756,2.63839,93.0243,0.680606,1.72286,0,0.233407
0.845,0.885,338.032,-14.9822,2.62763,91.3048,0.680606,1.72286,0,0.233407
0.845,0.895,370.454,-14.9863,2.63733,94.4969,0.680606,1.72286,0,0.233407
0.845,0.905,406.763,-14.9891,2.6583,100.685,0.680606,1.72286,0,0.233407
0.845,0.915,445.961,-14.9912,2.6842,108.58,0.680606,1.72286,0,0.233407
0.845,0.925,486.935,-14.9928,2.71157,117.412,0.680606,1.72286,0,0.233407
0.845,0.935,528.722,-14.9941,2.73869,126.735,0.680606,1.72286,0,0.233407
0.845,0.945,570.538,-14.9952,2.76479,136.279,0.680606,1.72286,0,0.233407
0.845,0.955,611.751,-14.9961,2.78954,145.866,0.680606,1.72286,0,0.233407
0.845,0.965,651.835,-14.9968,2.81278,155.362,0.680606,1.72286,0,0.233407
0.845,0.975,690.352,-14.9974,2.83446,164.658,0.680606,1.72286,0,0.233407
0.845,0.985,726.935,-14.998,2.85456,173.661,0.680606,1.72286,0,0.233407
0.845,0.995,761.288,-14.9984,2.87308,182.287,0.680606,1.72286,0,0.233407
0.855,0.005,6.38063,8.28703,-3.07353,52.3128,0.739886,1.78122,0,0.262356
0.855,0.015,6.33705,8.26104,-2.97607,51.4519,0.739886,1.78122,0,0.262356
0.855,0.025,6.30222,8.23459,-2.8742,50.6947,0.739886,1.78122,0,0.262356
0.855,0.035,6.26842,8.20782,-2.77195,49.9525,0.739886,1.78122,0,0.262356
0.855,0.045,6.23484,8.18075,-2.66978,49.2162,0.739886,1.78122,0,0.262356
0.855,0.055,6.2014,8.15339,-2.56773,48.4853,0.739886,1.78122,0,0.262356
0.855,0.065,6.16811,8.12573,-2.46581,47.7601,0.739886,1.78122,0,0.262356
0.855,0.075,6.13497,8.09778,-2.36403,47.0408,0.739886,1.78122,0,0.262356
0.855,0.085,6.102,8.06953,-2.26241,46.328,0.739886,1.78122,0,0.262356
0.855,0.095,6.06922,8.04099,-2.16096,45.6219,0.739886,1.78122,0,0.262356
0.855,0.105,6.03666,8.01213,-2.05971,44.923,0.739886,1.78122,0,0.262356
0.855,0.115,6.00434,7.98296,-1.95868,44.2319,0.739886,1.78122,0,0.262356
0.855,0.125,5.97233,7.95346,-1.85791,43.5493,0.739886,1.78122,0,0.262356
0.855,0.135,5.94069,7.92362,-1.75741,42.8757,0.739886,1.78122,0,0.262356
0.855,0.145,5.90949,7.89341,-1.65726,42.2122,0.739886,1.78122,0,0.262356
0.855,0.155,5.87886,7.86279,-1.5575,41.56,0.739886,1.78122,0,0.262356
0.855,0.165,5.84894,7.83174,-1.4582,40.9203,0.739886,1.78122,0,0.262356
0.855,0.175,5.81994,7.80019,-1.35948,40.2952,0.739886,1.78122,0,0.262356
0.855,0.185,5.79215,7.76806,-1.26145,39.6871,0.739886,1.78122,0,0.262356
0.855,0.195,5.76597,7.73524,-1.16431,39.0995,0.739886,1.78122,0,0.262356
0.855,0.205,5.74196,7.70157,-1.06828,38.5373,0.739886,1.78122,0,0.262356
0.855,0.215,5.72096,7.6668,-0.973726,38.0075,0.739886,1.78122,0,0.262356
0.855,0.225,5.7042,7.63058,-0.881145,37.5204,0.739886,1.78122,0,0.262356
0.855,0.235,5.69351,7.59237,-0.79128,37.0914,0.739886,1.78122,0,0.262356
0.855,0.245,5.69172,7.55132,-0.705239,36.7442,0.739886,1.78122,0,0.262356
0.855,0.255,5.70318,7.50611,-0.624692,36.5153,0.739886,1.78122,0,0.262356
0.855,0.265,5.73455,7.45469,-0.552126,36.4612,0.739886,1.78122,0,0.262356
0.855,0.275,5.79586,7.39383,-0.491135,36.6687,0.739886,1.78122,0,0.262356
0.855,0.285,5.9016,7.31869,-0.446603,37.2665,0.739886,1.78122,0,0.262356
0.855,0.295,6.0711,7.2225,-0.424332,38.4339,0.739886,1.78122,0,0.262356
0.855,0.305,6.32708,7.09698,-0.429516,40.3956,0.739886,1.78122,0,0.262356
0.855,0.315,6.69068,6.93465,-0.463869,43.3808,0.739886,1.78122,0,0.262356
0.855,0.325,7.17337,6.73271,-0.522557,47.5385,0.739886,1.78122,0,0.262356
0.855,0.335,7.76875,6.49617,-0.593608,52.8302,0.739886,1.78122,0,0.262356
0.855,0.345,8.44665,6.23874,-0.661803,58.9542,0.739886,1.78122,0,0.262356
0.855,0.355,9.15408,5.98374,-0.713724,65.417,0.739886,1.78122,0,0.262356
0.855,0.365,9.83991,5.74644,-0.741557,71.6644,0.739886,1.78122,0,0.262356
0.855,0.375,10.4638,5.53543,-0.743561,77.2534,0.739886,1.78122,0,0.262356
0.855,0.385,11.0039,5.35242,-0.722163,81.9467,0.739886,1.78122,0,0.262356
0.855,0.395,11.4561,5.19414,-0.681687,85.7037,0.739886,1.78122,0,0.262356
0.855,0.405,11.8274,5.05509,-0.626603,88.6136,0.739886,1.78122,0,0.262356
0.855,0.415,12.1287,4.92947,-0.560608,90.8144,0.739886,1.78122,0,0.262356
0.855,0.425,12.37,4.81218,-0.486331,92.4363,0.739886,1.78122,0,0.262356
0.855,0.435,12.5572,4.69937,-0.405262,93.5758,0.739886,1.78122,0,0.262356
0.855,0.445,12.692,4.58798,-0.317843,94.2853,0.739886,1.78122,0,0.262356
0.855,0.455,12.771,4.47533,-0.223407,94.5833,0.739886,1.78122,0,0.262356
0.855,0.465,12.787,4.35683,-0.119586,94.4764,0.739886,1.78122,0,0.262356
0.855,0.475,12.7216,4.22036,-0.00125594,93.9733,0.739886,1.78122,0,0.262356
0.855,0.485,12.5228,4.06574,0.13567,92.827,0.739886,1.78122,0,0.262356
0.855,0.495,12.1871,3.90941,0.292488,91.0534,0.739886,1.78122,0,0.262356
0.855,0.505,11.5952,3.71446,0.47207,88.7031,0.739886,1.78122,0,0.262356
0.855,0.515,10.721,3.46415,0.674915,85.8697,0.739886,1.78122,0,0.262356
0.855,0.525,9.69421,3.16276,0.892648,82.8487,0.739886,1.78122,0,0.262356
0.855,0.535,8.67693,2.82231,1.10939,80.1111,0.739886,1.78122,0,0.262356
0.855,0.545,7.75869,2.45144,1.30895,78.0584,0.739886,1.78122,0,0.262356
0.855,0.555,6.97295,2.05737,1.47707,76.9489,0.739886,1.78122,0,0.262356
0.855,0.565,6.33313,1.64602,1.60311,76.9028,0.739886,1.78122,0,0.262356
0.855,0.575,5.84277,1.22468,1.68365,77.8417,0.739886,1.78122,0,0.262356
0.855,0.585,5.49583,0.80481,1.72447,79.4775,0.739886,1.78122,0,0.262356
0.855,0.595,5.27828,0.401811,1.7377,81.4259,0.739886,1.78122,0,0.262356
0.855,0.605,5.17146,0.0308406,1.73509,83.3772,0.739886,1.78122,0,0.262356
0.855,0.615,5.15332,-0.298068,1.72434,85.1715,0.739886,1.78122,0,0.262356
0.855,0.625,5.19957,-0.583053,1.70949,86.7703,0.739886,1.78122,0,0.262356
0.855,0.635,5.28822,-0.831153,1.69236,88.1938,0.739886,1.78122,0,0.262356
0.855,0.645,5.39835,-1.05845,1.67379,89.4758,0.739886,1.78122,0,0.262356
0.855,0.655,5.5079,-1.29107,1.65418,90.6472,0.739886,1.78122,0,0.262356
0.855,0.665,5.59265,-1.56662,1.63378,91.7342,0.739886,1.78122,0,0.262356
0.855,0.675,5.62987,-1.93459,1.61307,92.7644,0.739886,1.78122,0,0.262356
0.855,0.685,5.61063,-2.45414,1.59309,93.7778,0.739886,1.78122,0,0.262356
0.855,0.695,5.55611,-3.18799,1.57611,94.841,0.739886,1.78122,0,0.262356
0.855,0.705,5.52718,-4.1914,1.56714,96.0674,0.739886,1.78122,0,0.262356
0.855,0.715,5.62562,-5.48818,1.57593,97.6531,0.739886,1.78122,0,0.262356
0.855,0.725,6.00432,-7.02221,1.62053,100.051,0.739886,1.78122,0,0.262356
0.855,0.735,6.86949,-8.66422,1.72561,103.707,0.739886,1.78122,0,0.262356
0.855,0.745,8.52629,-10.2304,1.90386,109.23,0.739886,1.78122,0,0.262356
0.855,0.755,11.4377,-11.5679,2.14265,117.093,0.739886,1.78122,0,0.262356
0.855,0.765,16.3044,-12.6125,2.40308,127.321,0.739886,1.78122,0,0.262356
0.855,0.775,24.1476,-13.3776,2.64091,139.497,0.739886,1.78122,0,0.262356
0.855,0.785,36.3642,-13.9136,2.82779,152.994,0.739886,1.78122,0,0.262356
0.855,0.795,54.5851,-14.2783,2.95625,166.534,0.739886,1.78122,0,0.262356
0.855,0.805,80.1521,-14.5228,3.02809,177.501,0.739886,1.78122,0,0.262356
0.855,0.815,113.242,-14.6859,3.04458,182.344,0.739886,1.78122,0,0.262356
0.855,0.825,151.812,-14.7947,3.01071,177.643,0.739886,1.78122,0,0.262356
0.855,0.835,191.557,-14.8672,2.93767,162.585,0.739886,1.78122,0,0.262356
0.855,0.845,227.758,-14.915,2.84348,140.673,0.739886,1.78122,0,0.262356
0.855,0.855,258.14,-14.9456,2.75043,118.453,0.739886,1.78122,0,0.262356
0.855,0.865,284.216,-14.9644,2.67866,101.784,0.739886,1.78122,0,0.262356
0.855,0.875,309.749,-14.9756,2.6384,93.0257,0.739886,1.78122,0,0.262356
0.855,0.885,338.033,-14.9822,2.62763,91.3052,0.739886,1.78122,0,0.262356
0.855,0.895,370.454,-14.9863,2.63734,94.497,0.739886,1.78122,0,0.262356
0.855,0.905,406.763,-14.9891,2.6583,100.685,0.739886,1.78122,0,0.262356
0.855,0.915,445.961,-14.9912,2.6842,108.58,0.739886,1.78122,0,0.262356
0.855,0.925,486.935,-14.9928,2.71157,117.412,0.739886,1.78122,0,0.262356
0.855,0.935,528.722,-14.9941,2.73869,126.735,0.739886,1.78122,0,0.262356
0.855,0.945,570.538,-14.9952,2.76479,136.279,0.739886,1.78122,0,0.262356
0.855,0.955,611.751,-14.9961,2.78954,145.866,0.739886,1.78122,0,0.262356
0.855,0.965,651.835,-14.9968,2.81278,155.362,0.739886,1.78122,0,0.262356
0.855,0.975,690.352,-14.9974,2.83446,164.658,0.739886,1.78122,0,0.262356
0.855,0.985,726.935,-14.998,2.85456,173.661,0.739886,1.78122,0,0.262356
0.855,0.995,761.288,-14.9984,2.87308,182.287,0.739886,1.78122,0,0.262356
0.865,0.005,6.31635,8.35896,-3.05959,51.6257,0.803226,1.83957,0,0.294329
0.865,0.015,6.27239,8.33313,-2.96237,50.7719,0.803226,1.83957,0,0.294329
0.865,0.025,6.23751,8.30682,-2.86051,50.0253,0.803226,1.83957,0,0.294329
0.865,0.035,6.20375,8.28019,-2.75824,49.2945,0.803226,1.83957,0,0.294329
0.865,0.045,6.1702,8.25325,-2.65603,48.5696,0.803226,1.83957,0,0.294329
0.865,0.055,6.13681,8.22601,-2.55395,47.8501,0.803226,1.83957,0,0.294329
0.865,0.065,6.10356,8.19847,-2.45201,47.1362,0.803226,1.83957,0,0.294329
0.865,0.075,6.07048,8.17063,-2.35022,46.4283,0.803226,1.83957,0,0.294329
0.865,0.085,6.03757,8.14247,-2.24859,45.7267,0.803226,1.83957,0,0.294329
0.865,0.095,6.00487,8.114,-2.14715,45.0319,0.803226,1.83957,0,0.294329
0.865,0.105,5.97242,8.0852,-2.04592,44.3445,0.803226,1.83957,0,0.294329
0.865,0.115,5.94024,8.05607,-1.94492,43.665,0.803226,1.83957,0,0.294329
0.865,0.125,5.90842,8.02658,-1.8442,42.9942,0.803226,1.83957,0,0.294329
0.865,0.135,5.87703,7.9967,-1.7438,42.3331,0.803226,1.83957,0,0.294329
0.865,0.145,5.84619,7.96642,-1.64378,41.6828,0.803226,1.83957,0,0.294329
0.865,0.155,5.81605,7.93567,-1.54421,41.0448,0.803226,1.83957,0,0.294329
0.865,0.165,5.78683,7.90439,-1.4452,40.4212,0.803226,1.83957,0,0.294329
0.865,0.175,5.75884,7.87249,-1.34687,39.8146,0.803226,1.83957,0,0.294329
0.865,0.185,5.73251,7.83984,-1.24942,39.2289,0.803226,1.83957,0,0.294329
0.865,0.195,5.70847,7.80624,-1.1531,38.6696,0.803226,1.83957,0,0.294329
0.865,0.205,5.68765,7.7714,-1.05831,38.1446,0.803226,1.83957,0,0.294329
0.865,0.215,5.67145,7.73488,-0.965585,37.666,0.803226,1.83957,0,0.294329
0.865,0.225,5.662,7.69601,-0.875771,37.2518,0.803226,1.83957,0,0.294329
0.865,0.235,5.66256,7.65374,-0.790124,36.93,0.803226,1.83957,0,0.294329
0.865,0.245,5.67818,7.60643,-0.710541,36.7438,0.803226,1.83957,0,0.294329
0.865,0.255,5.71657,7.55151,-0.639836,36.7602,0.803226,1.83957,0,0.294329
0.865,0.265,5.78918,7.48504,-0.582009,37.0811,0.803226,1.83957,0,0.294329
0.865,0.275,5.91216,7.40122,-0.542314,37.8549,0.803226,1.83957,0,0.294329
0.865,0.285,6.10633,7.29229,-0.526561,39.2833,0.803226,1.83957,0,0.294329
0.865,0.295,6.39473,7.14958,-0.539163,41.6065,0.803226,1.83957,0,0.294329
0.865,0.305,6.79656,6.96674,-0.580055,45.0481,0.803226,1.83957,0,0.294329
0.865,0.315,7.31823,6.74417,-0.6422,49.7166,0.803226,1.83957,0,0.294329
0.865,0.325,7.94566,6.49157,-0.712243,55.5,0.803226,1.83957,0,0.294329
0.865,0.335,8.64292,6.22561,-0.774837,62.0239,0.803226,1.83957,0,0.294329
0.865,0.345,9.35784,5.96521,-0.818244,68.7187,0.803226,1.83957,0,0.294329
0.865,0.355,10.0351,5.72876,-0.836577,75.0223,0.803226,1.83957,0,0.294329
0.865,0.365,10.6386,5.52278,-0.829523,80.5233,0.803226,1.83957,0,0.294329
0.865,0.375,11.1522,5.34684,-0.800297,85.0393,0.803226,1.83957,0,0.294329
0.865,0.385,11.5766,5.19626,-0.753401,88.5833,0.803226,1.83957,0,0.294329
0.865,0.395,11.9219,5.06475,-0.693163,91.2797,0.803226,1.83957,0,0.294329
0.865,0.405,12.2004,4.94622,-0.62303,93.2849,0.803226,1.83957,0,0.294329
0.865,0.415,12.4224,4.83568,-0.545376,94.7362,0.803226,1.83957,0,0.294329
0.865,0.425,12.5942,4.72933,-0.461569,95.73,0.803226,1.83957,0,0.294329
0.865,0.435,12.7175,4.62445,-0.372073,96.3215,0.803226,1.83957,0,0.294329
0.865,0.445,12.79,4.51876,-0.276511,96.5292,0.803226,1.83957,0,0.294329
0.865,0.455,12.8059,4.4095,-0.173463,96.355,0.803226,1.83957,0,0.294329
0.865,0.465,12.7552,4.28918,-0.0592692,95.822,0.803226,1.83957,0,0.294329
0.865,0.475,12.6008,4.14931,0.0705942,94.8105,0.803226,1.83957,0,0.294329
0.865,0.485,12.3086,3.99316,0.218341,93.2053,0.803226,1.83957,0,0.294329
0.865,0.495,11.8864,3.83104,0.385408,91.1091,0.803226,1.83957,0,0.294329
0.865,0.505,11.227,3.63,0.574087,88.517,0.803226,1.83957,0,0.294329
0.865,0.515,10.3363,3.3763,0.781691,85.577,0.803226,1.83957,0,0.294329
0.865,0.525,9.3368,3.07707,0.997721,82.6011,0.803226,1.83957,0,0.294329
0.865,0.535,8.36136,2.74113,1.20695,80.0514,0.803226,1.83957,0,0.294329
0.865,0.545,7.48416,2.37671,1.39503,78.2628,0.803226,1.83957,0,0.294329
0.865,0.555,6.74162,1.99028,1.54886,77.4614,0.803226,1.83957,0,0.294329
0.865,0.565,6.15072,1.58769,1.65916,77.7299,0.803226,1.83957,0,0.294329
0.865,0.575,5.71346,1.17705,1.72437,78.9451,0.803226,1.83957,0,0.294329
0.865,0.585,5.41884,0.770762,1.75236,80.784,0.803226,1.83957,0,0.294329
0.865,0.595,5.24789,0.384198,1.75625,82.8608,0.803226,1.83957,0,0.294329
0.865,0.605,5.17906,0.0312253,1.7475,84.8907,0.803226,1.83957,0,0.294329
0.865,0.615,5.18963,-0.279944,1.73311,86.742,0.803226,1.83957,0,0.294329
0.865,0.625,5.25691,-0.548861,1.71635,88.3949,0.803226,1.83957,0,0.294329
0.865,0.635,5.36092,-0.783088,1.69857,89.877,0.803226,1.83957,0,0.294329
0.865,0.645,5.48244,-0.998418,1.6803,91.2235,0.803226,1.83957,0,0.294329
0.865,0.655,5.60058,-1.22018,1.66174,92.4635,0.803226,1.83957,0,0.294329
0.865,0.665,5.69165,-1.48502,1.64297,93.621,0.803226,1.83957,0,0.294329
0.865,0.675,5.73309,-1.84137,1.62427,94.7217,0.803226,1.83957,0,0.294329
0.865,0.685,5.71577,-2.34729,1.60649,95.8041,0.803226,1.83957,0,0.294329
0.865,0.695,5.66008,-3.06486,1.59177,96.9339,0.803226,1.83957,0,0.294329
0.865,0.705,5.62558,-4.0503,1.58512,98.2272,0.803226,1.83957,0,0.294329
0.865,0.715,5.71318,-5.33411,1.59621,99.8836,0.803226,1.83957,0,0.294329
0.865,0.725,6.0777,-6.86743,1.64315,102.379,0.803226,1.83957,0,0.294329
0.865,0.735,6.92932,-8.52563,1.75106,106.162,0.803226,1.83957,0,0.294329
0.865,0.745,8.57857,-10.1215,1.93209,111.823,0.803226,1.83957,0,0.294329
0.865,0.755,11.4924,-11.4928,2.17163,119.757,0.803226,1.83957,0,0.294329
0.865,0.765,16.3714,-12.5668,2.42888,129.874,0.803226,1.83957,0,0.294329
0.865,0.775,24.2307,-13.3528,2.66023,141.7,0.803226,1.83957,0,0.294329
0.865,0.785,36.458,-13.9016,2.84002,154.678,0.803226,1.83957,0,0.294329
0.865,0.795,54.6767,-14.273,2.96296,167.669,0.803226,1.83957,0,0.294329
0.865,0.805,80.2293,-14.5207,3.03139,178.179,0.803226,1.83957,0,0.294329
0.865,0.815,113.299,-14.6851,3.04608,182.707,0.803226,1.83957,0,0.294329
0.865,0.825,151.849,-14.7944,3.01136,177.818,0.803226,1.83957,0,0.294329
0.865,0.835,191.579,-14.8671,2.93794,162.661,0.803226,1.83957,0,0.294329
0.865,0.845,227.769,-14.9149,2.84358,140.702,0.803226,1.83957,0,0.294329
0.865,0.855,258.146,-14.9455,2.75047,118.463,0.803226,1.83957,0,0.294329
0.865,0.865,284.218,-14.9644,2.67867,101.787,0.803226,1.83957,0,0.294329
0.865,0.875,309.749,-14.9756,2.6384,93.0266,0.803226,1.83957,0,0.294329
0.865,0.885,338.033,-14.9822,2.62763,91.3054,0.803226,1.83957,0,0.294329
0.865,0.895,370.454,-14.9863,2.63734,94.497,0.803226,1.83957,0,0.294329
0.865,0.905,406.763,-14.9891,2.6583,100.685,0.803226,1.83957,0,0.294329
0.865,0.915,445.961,-14.9912,2.6842,108.58,0.803226,1.83957,0,0.294329
0.865,0.925,486.935,-14.9928,2.71157,117.412,0.803226,1.83957,0,0.294329
0.865,0.935,528.722,-14.9941,2.73869,126.735,0.803226,1.83957,0,0.294329
0.865,0.945,570.538,-14.9952,2.76479,136.279,0.803226,1.83957,0,0.294329
0.865,0.955,611.751,-14.9961,2.78954,145.866,0.803226,1.83957,0,0.294329
0.865,0.965,651.835,-14.9968,2.81278,155.362,0.803226,1.83957,0,0.294329
0.865,0.975,690.352,-14.9974,2.83446,164.658,0.803226,1.83957,0,0.294329
0.865,0.985,726.935,-14.998,2.85456,173.661,0.803226,1.83957,0,0.294329
0.865,0.995,761.288,-14.9984,2.87308,182.287,0.803226,1.83957,0,0.294329
0.875,0.005,6.25269,8.43081,-3.04566,50.9467,0.870832,1.89792,0,0.329586
0.875,0.015,6.20835,8.40512,-2.94868,50.0998,0.870832,1.89792,0,0.329586
0.875,0.025,6.17343,8.37895,-2.84685,49.3636,0.870832,1.89792,0,0.329586
0.875,0.035,6.1397,8.35244,-2.74455,48.644,0.870832,1.89792,0,0.329586
0.875,0.045,6.10621,8.32562,-2.64233,47.9305,0.870832,1.89792,0,0.329586
0.875,0.055,6.07288,8.29849,-2.54023,47.2223,0.870832,1.89792,0,0.329586
0.875,0.065,6.0397,8.27104,-2.43827,46.5196,0.870832,1.89792,0,0.329586
0.875,0.075,6.00669,8.24328,-2.33648,45.823,0.870832,1.89792,0,0.329586
0.875,0.085,5.97389,8.21518,-2.23486,45.1328,0.870832,1.89792,0,0.329586
0.875,0.095,5.94133,8.18676,-2.13344,44.4497,0.870832,1.89792,0,0.329586
0.875,0.105,5.90904,8.15798,-2.03226,43.7741,0.870832,1.89792,0,0.329586
0.875,0.115,5.87711,8.12882,-1.93134,43.107,0.870832,1.89792,0,0.329586
0.875,0.125,5.84562,8.09927,-1.83073,42.4494,0.870832,1.89792,0,0.329586
0.875,0.135,5.81469,8.06927,-1.73049,41.8024,0.870832,1.89792,0,0.329586
0.875,0.145,5.78449,8.03878,-1.63071,41.1677,0.870832,1.89792,0,0.329586
0.875,0.155,5.75527,8.00771,-1.53148,40.5478,0.870832,1.89792,0,0.329586
0.875,0.165,5.72738,7.97594,-1.43295,39.9456,0.870832,1.89792,0,0.329586
0.875,0.175,5.70131,7.94332,-1.33534,39.3658,0.870832,1.89792,0,0.329586
0.875,0.185,5.67781,7.90959,-1.23894,38.8148,0.870832,1.89792,0,0.329586
0.875,0.195,5.65799,7.87438,-1.14419,38.3024,0.870832,1.89792,0,0.329586
0.875,0.205,5.64352,7.83713,-1.05173,37.8431,0.870832,1.89792,0,0.329586
0.875,0.215,5.63699,7.79696,-0.962554,37.4593,0.870832,1.89792,0,0.329586
0.875,0.225,5.64234,7.75253,-0.878139,37.1854,0.870832,1.89792,0,0.329586
0.875,0.235,5.66563,7.70171,-0.800709,37.0747,0.870832,1.89792,0,0.329586
0.875,0.245,5.71599,7.64125,-0.733502,37.2089,0.870832,1.89792,0,0.329586
0.875,0.255,5.80666,7.56624,-0.680971,37.7098,0.870832,1.89792,0,0.329586
0.875,0.265,5.9556,7.46979,-0.648605,38.7501,0.870832,1.89792,0,0.329586
0.875,0.275,6.1847,7.34334,-0.641772,40.5534,0.870832,1.89792,0,0.329586
0.875,0.285,6.51609,7.17863,-0.663321,43.3657,0.870832,1.89792,0,0.329586
0.875,0.295,6.96487,6.97179,-0.710613,47.3826,0.870832,1.89792,0,0.329586
0.875,0.305,7.53015,6.72757,-0.774157,52.6403,0.870832,1.89792,0,0.329586
0.875,0.315,8.18885,6.46023,-0.839774,58.9248,0.870832,1.89792,0,0.329586
0.875,0.325,8.89769,6.18917,-0.893357,65.7708,0.870832,1.89792,0,0.329586
0.875,0.335,9.60418,5.93215,-0.925204,72.5787,0.870832,1.89792,0,0.329586
0.875,0.345,10.2596,5.70143,-0.931885,78.7898,0.870832,1.89792,0,0.329586
0.875,0.355,10.8308,5.50412,-0.914555,84.0639,0.870832,1.89792,0,0.329586
0.875,0.365,11.3084,5.33773,-0.87693,88.2911,0.870832,1.89792,0,0.329586
0.875,0.375,11.6982,5.19629,-0.823461,91.5407,0.870832,1.89792,0,0.329586
0.875,0.385,12.0127,5.07305,-0.758139,93.9678,0.870832,1.89792,0,0.329586
0.875,0.395,12.2648,4.96197,-0.684031,95.7383,0.870832,1.89792,0,0.329586
0.875,0.405,12.4646,4.85824,-0.603206,96.9883,0.870832,1.89792,0,0.329586
0.875,0.415,12.618,4.75839,-0.516842,97.8112,0.870832,1.89792,0,0.329586
0.875,0.425,12.7267,4.65988,-0.425377,98.2591,0.870832,1.89792,0,0.329586
0.875,0.435,12.789,4.5608,-0.328597,98.3531,0.870832,1.89792,0,0.329586
0.875,0.445,12.8001,4.45911,-0.225576,98.095,0.870832,1.89792,0,0.329586
0.875,0.455,12.7529,4.35092,-0.114094,97.493,0.870832,1.89792,0,0.329586
0.875,0.465,12.6278,4.22594,0.0100152,96.5505,0.870832,1.89792,0,0.329586
0.875,0.475,12.3837,4.0849,0.149699,95.0773,0.870832,1.89792,0,0.329586
0.875,0.485,12.0064,3.92522,0.305855,93.1409,0.870832,1.89792,0,0.329586
0.875,0.495,11.5056,3.75539,0.480413,90.8357,0.870832,1.89792,0,0.329586
0.875,0.505,10.7965,3.54757,0.67477,88.135,0.870832,1.89792,0,0.329586
0.875,0.515,9.90407,3.29182,0.883762,85.2087,0.870832,1.89792,0,0.329586
0.875,0.525,8.93928,2.99464,1.09584,82.3902,0.870832,1.89792,0,0.329586
0.875,0.535,8.01081,2.66339,1.29703,80.0847,0.870832,1.89792,0,0.329586
0.875,0.545,7.18524,2.30543,1.47397,78.589,0.870832,1.89792,0,0.329586
0.875,0.555,6.49971,1.9267,1.6143,78.1036,0.870832,1.89792,0,0.329586
0.875,0.565,5.97014,1.53338,1.70987,78.6796,0.870832,1.89792,0,0.329586
0.875,0.575,5.59407,1.13438,1.76103,80.155,0.870832,1.89792,0,0.329586
0.875,0.585,5.35524,0.742717,1.77766,82.1803,0.870832,1.89792,0,0.329586
0.875,0.595,5.23102,0.373188,1.7736,84.3756,0.870832,1.89792,0,0.329586
0.875,0.605,5.19854,0.038129,1.75986,86.4817,0.870832,1.89792,0,0.329586
0.875,0.615,5.23589,-0.255994,1.74265,88.3925,0.870832,1.89792,0,0.329586
0.875,0.625,5.32259,-0.509877,1.72453,90.1041,0.870832,1.89792,0,0.329586
0.875,0.635,5.4408,-0.73137,1.70639,91.6497,0.870832,1.89792,0,0.329586
0.875,0.645,5.57292,-0.935835,1.68853,93.0648,0.870832,1.89792,0,0.329586
0.875,0.655,5.69911,-1.14776,1.67098,94.377,0.870832,1.89792,0,0.329586
0.875,0.665,5.7962,-1.40276,1.65371,95.6081,0.870832,1.89792,0,0.329586
0.875,0.675,5.84176,-1.74817,1.63684,96.7817,0.870832,1.89792,0,0.329586
0.875,0.685,5.82643,-2.24095,1.62109,97.9347,0.870832,1.89792,0,0.329586
0.875,0.695,5.76962,-2.94255,1.60853,99.1324,0.870832,1.89792,0,0.329586
0.875,0.705,5.72956,-3.91026,1.60418,100.495,0.870832,1.89792,0,0.329586
0.875,0.715,5.80639,-5.1809,1.61769,102.224,0.870832,1.89792,0,0.329586
0.875,0.725,6.157,-6.71322,1.66726,104.819,0.870832,1.89792,0,0.329586
0.875,0.735,6.9957,-8.38747,1.77828,108.728,0.870832,1.89792,0,0.329586
0.875,0.745,8.63825,-10.0133,1.96208,114.517,0.870832,1.89792,0,0.329586
0.875,0.755,11.5549,-11.4189,2.20179,122.485,0.870832,1.89792,0,0.329586
0.875,0.765,16.4449,-12.5226,2.4549,132.421,0.870832,1.89792,0,0.329586
0.875,0.775,24.3165,-13.3295,2.67899,143.823,0.870832,1.89792,0,0.329586
0.875,0.785,36.5491,-13.8906,2.85138,156.236,0.870832,1.89792,0,0.329586
0.875,0.795,54.7606,-14.2684,2.96892,168.671,0.870832,1.89792,0,0.329586
0.875,0.805,80.2962,-14.5189,3.03419,178.75,0.870832,1.89792,0,0.329586
0.875,0.815,113.346,-14.6844,3.04729,182.998,0.870832,1.89792,0,0.329586
0.875,0.825,151.878,-14.7942,3.01186,177.952,0.870832,1.89792,0,0.329586
0.875,0.835,191.595,-14.867,2.93813,162.717,0.870832,1.89792,0,0.329586
0.875,0.845,227.777,-14.9149,2.84365,140.723,0.870832,1.89792,0,0.329586
0.875,0.855,258.149,-14.9455,2.75049,118.47,0.870832,1.89792,0,0.329586
0.875,0.865,284.22,-14.9644,2.67868,101.79,0.870832,1.89792,0,0.329586
0.875,0.875,309.75,-14.9756,2.63841,93.0272,0.870832,1.89792,0,0.329586
0.875,0.885,338.033,-14.9822,2.62763,91.3056,0.870832,1.89792,0,0.329586
0.875,0.895,370.454,-14.9863,2.63734,94.4971,0.870832,1.89792,0,0.329586
0.875,0.905,406.763,-14.9891,2.6583,100.685,0.870832,1.89792,0,0.329586
0.875,0.915,445.961,-14.9912,2.6842,108.58,0.870832,1.89792,0,0.329586
0.875,0.925,486.935,-14.9928,2.71157,117.412,0.870832,1.89792,0,0.329586
0.875,0.935,528.722,-14.9941,2.73869,126.735,0.870832,1.89792,0,0.329586
0.875,0.945,570.538,-14.9952,2.76479,136.279,0.870832,1.89792,0,0.329586
0.875,0.955,611.751,-14.9961,2.78954,145.866,0.870832,1.89792,0,0.329586
0.875,0.965,651.835,-14.9968,2.81278,155.362,0.870832,1.89792,0,0.329586
0.875,0.975,690.352,-14.9974,2.83446,164.658,0.870832,1.89792,0,0.329586
0.875,0.985,726.935,-14.998,2.85456,173.661,0.870832,1.89792,0,0.329586
0.875,0.995,761.288,-14.9984,2.87308,182.287,0.870832,1.89792,0,0.329586
0.885,0.005,6.18964,8.50255,-3.03175,50.2756,0.942915,1.95627,0,0.368402
0.885,0.015,6.14494,8.47699,-2.93502,49.4356,0.942915,1.95627,0,0.368402
0.885,0.025,6.10998,8.45093,-2.83323,48.7096,0.942915,1.95627,0,0.368402
0.885,0.035,6.0763,8.42453,-2.73092,48.0012,0.942915,1.95627,0,0.368402
0.885,0.045,6.04289,8.39781,-2.62868,47.299,0.942915,1.95627,0,0.368402
0.885,0.055,6.00964,8.37076,-2.52658,46.6021,0.942915,1.95627,0,0.368402
0.885,0.065,5.97657,8.34338,-2.42463,45.911,0.942915,1.95627,0,0.368402
0.885,0.075,5.94371,8.31566,-2.32285,45.2261,0.942915,1.95627,0,0.368402
0.885,0.085,5.91109,8.28759,-2.22127,44.5479,0.942915,1.95627,0,0.368402
0.885,0.095,5.87877,8.25915,-2.11992,43.8772,0.942915,1.95627,0,0.368402
0.885,0.105,5.84681,8.23031,-2.01883,43.2148,0.942915,1.95627,0,0.368402
0.885,0.115,5.81533,8.20103,-1.91805,42.5619,0.942915,1.95627,0,0.368402
0.885,0.125,5.78447,8.17127,-1.81766,41.92,0.942915,1.95627,0,0.368402
0.885,0.135,5.75443,8.14096,-1.71773,41.291,0.942915,1.95627,0,0.368402
0.885,0.145,5.7255,8.10998,-1.61839,40.6777,0.942915,1.95627,0,0.368402
0.885,0.155,5.69811,8.0782,-1.5198,40.0841,0.942915,1.95627,0,0.368402
0.885,0.165,5.67288,8.04538,-1.42223,39.5156,0.942915,1.95627,0,0.368402
0.885,0.175,5.65073,8.01121,-1.32601,38.9808,0.942915,1.95627,0,0.368402
0.885,0.185,5.63305,7.97518,-1.23169,38.4918,0.942915,1.95627,0,0.368402
0.885,0.195,5.62198,7.93653,-1.14005,38.0675,0.942915,1.95627,0,0.368402
0.885,0.205,5.62074,7.89409,-1.05231,37.7366,0.942915,1.95627,0,0.368402
0.885,0.215,5.63429,7.84606,-0.970265,37.5432,0.942915,1.95627,0,0.368402
0.885,0.225,5.67007,7.78965,-0.896561,37.5548,0.942915,1.95627,0,0.368402
0.885,0.235,5.73904,7.72066,-0.83493,37.8731,0.942915,1.95627,0,0.368402
0.885,0.245,5.85645,7.63304,-0.790221,38.645,0.942915,1.95627,0,0.368402
0.885,0.255,6.04191,7.51885,-0.767784,40.0692,0.942915,1.95627,0,0.368402
0.885,0.265,6.31736,7.36937,-0.771805,42.3852,0.942915,1.95627,0,0.368402
0.885,0.275,6.70193,7.17819,-0.802647,45.825,0.942915,1.95627,0,0.368402
0.885,0.285,7.20399,6.94558,-0.854581,50.5228,0.942915,1.95627,0,0.368402
0.885,0.295,7.81301,6.68148,-0.916047,56.4075,0.942915,1.95627,0,0.368402
0.885,0.305,8.49635,6.40394,-0.973103,63.144,0.942915,1.95627,0,0.368402
0.885,0.315,9.20507,6.13323,-1.01398,70.1848,0.942915,1.95627,0,0.368402
0.885,0.325,9.88766,5.88521,-1.03191,76.9256,0.942915,1.95627,0,0.368402
0.885,0.335,10.5041,5.66789,-1.02546,82.8815,0.942915,1.95627,0,0.368402
0.885,0.345,11.0317,5.48268,-0.997144,87.7881,0.942915,1.95627,0,0.368402
0.885,0.355,11.4656,5.32772,-0.95097,91.6256,0.942915,1.95627,0,0.368402
0.885,0.365,11.8156,5.19639,-0.891038,94.5133,0.942915,1.95627,0,0.368402
0.885,0.375,12.0958,5.08181,-0.820854,96.6265,0.942915,1.95627,0,0.368402
0.885,0.385,12.319,4.97823,-0.743028,98.1313,0.942915,1.95627,0,0.368402
0.885,0.395,12.4944,4.88127,-0.659277,99.1566,0.942915,1.95627,0,0.368402
0.885,0.405,12.6273,4.78776,-0.57058,99.7879,0.942915,1.95627,0,0.368402
0.885,0.415,12.7191,4.69545,-0.477317,100.074,0.942915,1.95627,0,0.368402
0.885,0.425,12.7684,4.60261,-0.379372,100.036,0.942915,1.95627,0,0.368402
0.885,0.435,12.7716,4.50761,-0.276123,99.6805,0.942915,1.95627,0,0.368402
0.885,0.445,12.723,4.40796,-0.166198,99.0109,0.942915,1.95627,0,0.368402
0.885,0.455,12.6124,4.29673,-0.0464594,98.0581,0.942915,1.95627,0,0.368402
0.885,0.465,12.4055,4.16877,0.0863865,96.7039,0.942915,1.95627,0,0.368402
0.885,0.475,12.0815,4.02486,0.233687,94.9143,0.942915,1.95627,0,0.368402
0.885,0.485,11.6284,3.86002,0.396264,92.7675,0.942915,1.95627,0,0.368402
0.885,0.495,11.0589,3.6813,0.575928,90.3574,0.942915,1.95627,0,0.368402
0.885,0.505,10.3155,3.46644,0.773159,87.659,0.942915,1.95627,0,0.368402
0.885,0.515,9.43265,3.20953,0.98122,84.8338,0.942915,1.95627,0,0.368402
0.885,0.525,8.50954,2.91453,1.18823,82.2326,0.942915,1.95627,0,0.368402
0.885,0.535,7.63705,2.58806,1.38136,80.201,0.942915,1.95627,0,0.368402
0.885,0.545,6.8756,2.23664,1.54762,79.0103,0.942915,1.95627,0,0.368402
0.885,0.555,6.25942,1.86603,1.67509,78.8403,0.942915,1.95627,0,0.368402
0.885,0.565,5.8,1.48282,1.75673,79.7144,0.942915,1.95627,0,0.368402
0.885,0.575,5.48933,1.09662,1.79491,81.4369,0.942915,1.95627,0,0.368402
0.885,0.585,5.30675,0.720536,1.80142,83.6384,0.942915,1.95627,0,0.368402
0.885,0.595,5.22764,0.368434,1.79053,85.9489,0.942915,1.95627,0,0.368402
0.885,0.605,5.22921,0.0510144,1.77271,88.134,0.942915,1.95627,0,0.368402
0.885,0.615,5.29137,-0.226828,1.75327,90.1106,0.942915,1.95627,0,0.368402
0.885,0.625,5.39605,-0.466667,1.73411,91.888,0.942915,1.95627,0,0.368402
0.885,0.635,5.52746,-0.676451,1.71576,93.504,0.942915,1.95627,0,0.368402
0.885,0.645,5.66952,-0.871023,1.69829,94.9941,0.942915,1.95627,0,0.368402
0.885,0.655,5.80333,-1.074,1.68163,96.3838,0.942915,1.95627,0,0.368402
0.885,0.665,5.90619,-1.31994,1.66566,97.6928,0.942915,1.95627,0,0.368402
0.885,0.675,5.95581,-1.65504,1.65045,98.943,0.942915,1.95627,0,0.368402
0.885,0.685,5.94252,-2.13516,1.6366,100.169,0.942915,1.95627,0,0.368402
0.885,0.695,5.88464,-2.82115,1.62614,101.437,0.942915,1.95627,0,0.368402
0.885,0.705,5.839,-3.77153,1.62414,102.871,0.942915,1.95627,0,0.368402
0.885,0.715,5.90537,-5.02872,1.6403,104.682,0.942915,1.95627,0,0.368402
0.885,0.725,6.24213,-6.56015,1.69287,107.371,0.942915,1.95627,0,0.368402
0.885,0.735,7.0686,-8.25038,1.80725,111.405,0.942915,1.95627,0,0.368402
0.885,0.745,8.70521,-9.90638,1.99373,117.304,0.942915,1.95627,0,0.368402
0.885,0.755,11.6247,-11.3467,2.2329,125.258,0.942915,1.95627,0,0.368402
0.885,0.765,16.5236,-12.4803,2.48084,134.938,0.942915,1.95627,0,0.368402
0.885,0.775,24.4033,-13.3079,2.69691,145.84,0.942915,1.95627,0,0.368402
0.885,0.785,36.6356,-13.8809,2.86173,157.648,0.942915,1.95627,0,0.368402
0.885,0.795,54.8355,-14.2645,2.97408,169.535,0.942915,1.95627,0,0.368402
0.885,0.805,80.3527,-14.5174,3.03648,179.218,0.942915,1.95627,0,0.368402
0.885,0.815,113.383,-14.6839,3.04824,183.225,0.942915,1.95627,0,0.368402
0.885,0.825,151.9,-14.794,3.01222,178.052,0.942915,1.95627,0,0.368402
0.885,0.835,191.606,-14.867,2.93827,162.756,0.942915,1.95627,0,0.368402
0.885,0.845,227.783,-14.9149,2.8437,140.738,0.942915,1.95627,0,0.368402
0.885,0.855,258.152,-14.9455,2.75051,118.475,0.942915,1.95627,0,0.368402
0.885,0.865,284.221,-14.9644,2.67869,101.791,0.942915,1.95627,0,0.368402
0.885,0.875,309.75,-14.9756,2.63841,93.0276,0.942915,1.95627,0,0.368402
0.885,0.885,338.033,-14.9822,2.62763,91.3057,0.942915,1.95627,0,0.368402
0.885,0.895,370.454,-14.9863,2.63734,94.4971,0.942915,1.95627,0,0.368402
0.885,0.905,406.763,-14.9891,2.6583,100.685,0.942915,1.95627,0,0.368402
0.885,0.915,445.961,-14.9912,2.6842,108.58,0.942915,1.95627,0,0.368402
0.885,0.925,486.935,-14.9928,2.71157,117.412,0.942915,1.95627,0,0.368402
0.885,0.935,528.722,-14.9941,2.73869,126.735,0.942915,1.95627,0,0.368402
0.885,0.945,570.538,-14.9952,2.76479,136.279,0.942915,1.95627,0,0.368402
0.885,0.955,611.751,-14.9961,2.78954,145.866,0.942915,1.95627,0,0.368402
0.885,0.965,651.835,-14.9968,2.81278,155.362,0.942915,1.95627,0,0.368402
0.885,0.975,690.352,-14.9974,2.83446,164.658,0.942915,1.95627,0,0.368402
0.885,0.985,726.935,-14.998,2.85456,173.661,0.942915,1.95627,0,0.368402
0.885,0.995,761.288,-14.9984,2.87308,182.287,0.942915,1.95627,0,0.368402
0.895,0.005,6.12722,8.57415,-3.01788,49.6127,1,2,0,0.4
0.895,0.015,6.08218,8.5487,-2.92142,48.7796,1,2,0,0.4
0.895,0.025,6.0472,8.52274,-2.81967,48.0639,1,2,0,0.4
0.895,0.035,6.01362,8.49642,-2.71737,47.3668,1,2,0,0.4
0.895,0.045,5.98033,8.46976,-2.61513,46.6761,1,2,0,0.4
0.895,0.055,5.94724,8.44275,-2.51304,45.9911,1,2,0,0.4
0.895,0.065,5.91437,8.41539,-2.41113,45.3122,1,2,0,0.4
0.895,0.075,5.88177,8.38765,-2.30941,44.6399,1,2,0,0.4
0.895,0.085,5.8495,8.35951,-2.20792,43.9752,1,2,0,0.4
0.895,0.095,5.81766,8.33093,-2.10671,43.3191,1,2,0,0.4
0.895,0.105,5.78637,8.30187,-2.00582,42.6729,1,2,0,0.4
0.895,0.115,5.7558,8.27226,-1.90534,42.0384,1,2,0,0.4
0.895,0.125,5.72623,8.242,-1.80537,41.4184,1,2,0,0.4
0.895,0.135,5.69803,8.21094,-1.70606,40.8162,1,2,0,0.4
0.895,0.145,5.67174,8.17889,-1.60761,40.237,1,2,0,0.4
0.895,0.155,5.64819,8.14553,-1.51034,39.6884,1,2,0,0.4
0.895,0.165,5.62859,8.11041,-1.4147,39.1813,1,2,0,0.4
0.895,0.175,5.61478,8.07282,-1.32137,38.7323,1,2,0,0.4
0.895,0.185,5.60954,8.03172,-1.23136,38.3666,1,2,0,0.4
0.895,0.195,5.61708,7.98549,-1.14618,38.1224,1,2,0,0.4
0.895,0.205,5.64371,7.93165,-1.06806,38.0579,1,2,0,0.4
0.895,0.215,5.69872,7.86651,-1.00015,38.2603,1,2,0,0.4
0.895,0.225,5.79517,7.7847,-0.946663,38.8566,1,2,0,0.4
0.895,0.235,5.95028,7.679,-0.912521,40.0221,1,2,0,0.4
0.895,0.245,6.18446,7.54095,-0.902253,41.9783,1,2,0,0.4
0.895,0.255,6.51778,7.36303,-0.917861,44.9631,1,2,0,0.4
0.895,0.265,6.96362,7.14258,-0.956454,49.1612,1,2,0,0.4
0.895,0.275,7.52069,6.88545,-1.00935,54.6045,1,2,0,0.4
0.895,0.285,8.16727,6.60662,-1.06407,61.0843,1,2,0,0.4
0.895,0.295,8.86216,6.32619,-1.10826,68.1456,1,2,0,0.4
0.895,0.305,9.55428,6.063,-1.13331,75.1925,1,2,0,0.4
0.895,0.315,10.1971,5.8294,-1.13556,81.6639,1,2,0,0.4
0.895,0.325,10.7603,5.62959,-1.11548,87.182,1,2,0,0.4
0.895,0.335,11.2328,5.46126,-1.07611,91.6019,1,2,0,0.4
0.895,0.345,11.6173,5.31921,-1.02155,94.9673,1,2,0,0.4
0.895,0.355,11.9244,5.19841,-0.95547,97.4433,1,2,0,0.4
0.895,0.365,12.1683,5.09254,-0.88076,99.2112,1,2,0,0.4
0.895,0.375,12.3609,4.99633,-0.799523,100.429,1,2,0,0.4
0.895,0.385,12.5106,4.90589,-0.713128,101.213,1,2,0,0.4
0.895,0.395,12.6214,4.81845,-0.62235,101.639,1,2,0,0.4
0.895,0.405,12.6948,4.73201,-0.527506,101.751,1,2,0,0.4
0.895,0.415,12.7294,4.64503,-0.428533,101.57,1,2,0,0.4
0.895,0.425,12.7225,4.55603,-0.325004,101.108,1,2,0,0.4
0.895,0.435,12.6696,4.46316,-0.215996,100.368,1,2,0,0.4
0.895,0.445,12.5641,4.36249,-0.0994523,99.3738,1,2,0,0.4
0.895,0.455,12.3843,4.24603,0.0278197,98.109,1,2,0,0.4
0.895,0.465,12.1016,4.11557,0.167738,96.4468,1,2,0,0.4
0.895,0.475,11.7067,3.96672,0.32093,94.4658,1,2,0,0.4
0.895,0.485,11.1879,3.79564,0.488412,92.2091,1,2,0,0.4
0.895,0.495,10.5615,3.60774,0.671485,89.7718,1,2,0,0.4
0.895,0.505,9.79674,3.38686,0.869625,87.1393,1,2,0,0.4
0.895,0.515,8.93457,3.12895,1.07522,84.4784,1,2,0,0.4
0.895,0.525,8.06205,2.83625,1.27677,82.1244,1,2,0,0.4
0.895,0.535,7.2562,2.51464,1.46198,80.3797,1,2,0,0.4
0.895,0.545,6.56999,2.17006,1.61789,79.4962,1,2,0,0.4
0.895,0.555,6.03169,1.80825,1.73288,79.6371,1,2,0,0.4
0.895,0.565,5.64679,1.43623,1.80112,80.8014,1,2,0,0.4
0.895,0.575,5.40207,1.06396,1.82715,82.7628,1,2,0,0.4
0.895,0.585,5.27384,0.704224,1.82448,85.1367,1,2,0,0.4
0.895,0.595,5.23707,0.369696,1.80763,87.5643,1,2,0,0.4
0.895,0.605,5.2701,0.0694814,1.78632,89.8353,1,2,0,0.4
0.895,0.615,5.35519,-0.192881,1.76496,91.8872,1,2,0,0.4
0.895,0.625,5.47659,-0.419607,1.7449,93.7398,1,2,0,0.4
0.895,0.635,5.6204,-0.618607,1.7263,95.4348,1,2,0,0.4
0.895,0.645,5.77188,-0.804152,1.70911,97.0072,1,2,0,0.4
0.895,0.655,5.91297,-0.998968,1.69318,98.4808,1,2,0,0.4
0.895,0.665,6.02141,-1.23657,1.67837,99.8731,1,2,0,0.4
0.895,0.675,6.07506,-1.56199,1.66468,101.204,1,2,0,0.4
0.895,0.685,6.06387,-2.02996,1.65268,102.508,1,2,0,0.4
0.895,0.695,6.00495,-2.70085,1.64435,103.849,1,2,0,0.4
0.895,0.705,5.95377,-3.63443,1.64477,105.36,1,2,0,0.4
0.895,0.715,6.01061,-4.87731,1.66386,107.275,1,2,0,0.4
0.895,0.725,6.33303,-6.40871,1.72004,110.037,1,2,0,0.4
0.895,0.735,7.14791,-8.11505,1.83797,114.189,1,2,0,0.4
0.895,0.745,8.7792,-9.80144,2.02691,120.175,1,2,0,0.4
0.895,0.755,11.701,-11.2768,2.26468,128.054,1,2,0,0.4
0.895,0.765,16.606,-12.4404,2.50632,137.39,1,2,0,0.4
0.895,0.775,24.4887,-13.2882,2.71372,147.721,1,2,0,0.4
0.895,0.785,36.7154,-13.8724,2.87095,158.899,1,2,0,0.4
0.895,0.795,54.9006,-14.2612,2.97844,170.261,1,2,0,0.4
0.895,0.805,80.3987,-14.5162,3.03832,179.59,1,2,0,0.4
0.895,0.815,113.412,-14.6835,3.04895,183.396,1,2,0,0.4
0.895,0.825,151.916,-14.7939,3.01249,178.123,1,2,0,0.4
0.895,0.835,191.614,-14.8669,2.93837,162.783,1,2,0,0.4
0.895,0.845,227.787,-14.9149,2.84373,140.747,1,2,0,0.4
0.895,0.855,258.153,-14.9455,2.75052,118.477,1,2,0,0.4
0.895,0.865,284.221,-14.9644,2.67869,101.792,1,2,0,0.4
0.895,0.875,309.75,-14.9756,2.63841,93.0277,1,2,0,0.4
0.895,0.885,338.033,-14.9822,2.62763,91.3057,1,2,0,0.4
0.895,0.895,370.454,-14.9863,2.63734,94.4971,1,2,0,0.4
0.895,0.905,406.763,-14.9891,2.6583,100.685,1,2,0,0.4
0.895,0.915,445.961,-14.9912,2.6842,108.58,1,2,0,0.4
0.895,0.925,486.935,-14.9928,2.71157,117.412,1,2,0,0.4
0.895,0.935,528.722,-14.9941,2.73869,126.735,1,2,0,0.4
0.895,0.945,570.538,-14.9952,2.76479,136.279,1,2,0,0.4
0.895,0.955,611.751,-14.9961,2.78954,145.866,1,2,0,0.4
0.895,0.965,651.835,-14.9968,2.81278,155.362,1,2,0,0.4
0.895,0.975,690.352,-14.9974,2.83446,164.658,1,2,0,0.4
0.895,0.985,726.935,-14.998,2.85456,173.661,1,2,0,0.4
0.895,0.995,761.288,-14.9984,2.87308,182.287,1,2,0,0.4
0.905,0.005,6.06551,8.64555,-3.00408,48.9588,1,2,0,0.4
0.905,0.015,6.02017,8.62017,-2.90789,48.1329,1,2,0,0.4
0.905,0.025,5.98524,8.59428,-2.80621,47.4278,1,2,0,0.4
0.905,0.035,5.95183,8.56799,-2.70394,46.7426,1,2,0,0.4
0.905,0.045,5.91878,8.54133,-2.60174,46.0645,1,2,0,0.4
0.905,0.055,5.88599,8.51428,-2.49972,45.3926,1,2,0,0.4
0.905,0.065,5.85353,8.48683,-2.3979,44.7277,1,2,0,0.4
0.905,0.075,5.82147,8.45892,-2.29632,44.0707,1,2,0,0.4
0.905,0.085,5.78993,8.43053,-2.19504,43.4229,1,2,0,0.4
0.905,0.095,5.75909,8.40157,-2.09413,42.7863,1,2,0,0.4
0.905,0.105,5.72919,8.37195,-1.99367,42.1632,1,2,0,0.4
0.905,0.115,5.70058,8.34153,-1.89381,41.5571,1,2,0,0.4
0.905,0.125,5.67379,8.3101,-1.79474,40.9729,1,2,0,0.4
0.905,0.135,5.64956,8.27736,-1.69672,40.4177,1,2,0,0.4
0.905,0.145,5.62902,8.24287,-1.60018,39.9019,1,2,0,0.4
0.905,0.155,5.61384,8.20596,-1.5057,39.441,1,2,0,0.4
0.905,0.165,5.60653,8.16563,-1.41419,39.0581,1,2,0,0.4
0.905,0.175,5.61084,8.12038,-1.32696,38.7879,1,2,0,0.4
0.905,0.185,5.63233,8.06791,-1.24595,38.6827,1,2,0,0.4
0.905,0.195,5.67913,8.00487,-1.17388,38.8202,1,2,0,0.4
0.905,0.205,5.76268,7.92637,-1.11441,39.3132,1,2,0,0.4
0.905,0.215,5.89816,7.82582,-1.07194,40.3184,1,2,0,0.4
0.905,0.225,6.10408,7.69529,-1.05083,42.0377,1,2,0,0.4
0.905,0.235,6.39981,7.52709,-1.05375,44.6998,1,2,0,0.4
0.905,0.245,6.80069,7.31699,-1.07956,48.5081,1,2,0,0.4
0.905,0.255,7.31101,7.06794,-1.12199,53.5547,1,2,0,0.4
0.905,0.265,7.91756,6.79174,-1.17047,59.7285,1,2,0,0.4
0.905,0.275,8.58766,6.50679,-1.21325,66.6736,1,2,0,0.4
0.905,0.285,9.27481,6.23268,-1.24085,73.8456,1,2,0,0.4
0.905,0.295,9.93069,5.98461,-1.24808,80.6589,1,2,0,0.4
0.905,0.305,10.518,5.7704,-1.23395,86.6499,1,2,0,0.4
0.905,0.315,11.0177,5.59061,-1.20037,91.5741,1,2,0,0.4
0.905,0.325,11.4281,5.44065,-1.1506,95.4022,1,2,0,0.4
0.905,0.335,11.7583,5.31378,-1.08817,98.2474,1,2,0,0.4
0.905,0.345,12.0209,5.20379,-1.01635,100.281,1,2,0,0.4
0.905,0.355,12.2279,5.10638,-0.937483,101.687,1,2,0,0.4
0.905,0.365,12.3896,5.01722,-0.853163,102.606,1,2,0,0.4
0.905,0.375,12.5127,4.93295,-0.764413,103.14,1,2,0,0.4
0.905,0.385,12.6009,4.85119,-0.671821,103.353,1,2,0,0.4
0.905,0.395,12.6549,4.77021,-0.575629,103.285,1,2,0,0.4
0.905,0.405,12.674,4.68856,-0.475804,102.958,1,2,0,0.4
0.905,0.415,12.6556,4.60494,-0.372042,102.384,1,2,0,0.4
0.905,0.425,12.5965,4.51778,-0.26369,101.573,1,2,0,0.4
0.905,0.435,12.4915,4.42452,-0.14943,100.538,1,2,0,0.4
0.905,0.445,12.3284,4.31864,-0.0265495,99.3103,1,2,0,0.4
0.905,0.455,12.0778,4.19865,0.107209,97.7659,1,2,0,0.4
0.905,0.465,11.7287,4.0635,0.252647,95.9289,1,2,0,0.4
0.905,0.475,11.2709,3.90857,0.410653,93.8452,1,2,0,0.4
0.905,0.485,10.6971,3.73088,0.582023,91.549,1,2,0,0.4
0.905,0.495,10.0281,3.53442,0.76737,89.1384,1,2,0,0.4
0.905,0.505,9.25531,3.30899,0.965189,86.6035,1,2,0,0.4
0.905,0.515,8.42607,3.05009,1.1675,84.1456,1,2,0,0.4
0.905,0.525,7.61417,2.75978,1.36345,82.0515,1,2,0,0.4
0.905,0.535,6.88456,2.44322,1.54079,80.5965,1,2,0,0.4
0.905,0.545,6.28107,2.10598,1.68642,80.0173,1,2,0,0.4
0.905,0.555,5.82454,1.75389,1.78898,80.4643,1,2,0,0.4
0.905,0.565,5.5144,1.39418,1.84406,81.9144,1,2,0,0.4
0.905,0.575,5.33334,1.03682,1.85847,84.112,1,2,0,0.4
0.905,0.585,5.25613,0.693927,1.84723,86.6601,1,2,0,0.4
0.905,0.595,5.25837,0.37688,1.82489,89.2113,1,2,0,0.4
0.905,0.605,5.3202,0.0933011,1.80037,91.5778,1,2,0,0.4
0.905,0.615,5.42637,-0.154407,1.77719,93.7158,1,2,0,0.4
0.905,0.625,5.56339,-0.368926,1.75621,95.6538,1,2,0,0.4
0.905,0.635,5.71899,-0.558015,1.7373,97.4371,1,2,0,0.4
0.905,0.645,5.87953,-0.735344,1.7203,99.0999,1,2,0,0.4
0.905,0.655,6.02766,-0.922758,1.70503,100.664,1,2,0,0.4
0.905,0.665,6.14157,-1.15272,1.69132,102.146,1,2,0,0.4
0.905,0.675,6.19927,-1.4691,1.67914,103.563,1,2,0,0.4
0.905,0.685,6.19024,-1.92551,1.66902,104.947,1,2,0,0.4
0.905,0.695,6.13026,-2.58188,1.66292,106.367,1,2,0,0.4
0.905,0.705,6.07349,-3.49935,1.6659,107.959,1,2,0,0.4
0.905,0.715,6.12051,-4.72838,1.68829,109.971,1,2,0,0.4
0.905,0.725,6.42942,-6.25955,1.74866,112.815,1,2,0,0.4
0.905,0.735,7.23343,-7.98222,1.87036,117.076,1,2,0,0.4
0.905,0.745,8.85975,-9.6993,2.06142,123.113,1,2,0,0.4
0.905,0.755,11.7826,-11.2101,2.29673,130.842,1,2,0,0.4
0.905,0.765,16.6901,-12.4034,2.53091,139.741,1,2,0,0.4
0.905,0.775,24.5706,-13.2707,2.72911,149.435,1,2,0,0.4
0.905,0.785,36.7869,-13.8651,2.87894,159.977,1,2,0,0.4
0.905,0.795,54.955,-14.2585,2.98199,170.851,1,2,0,0.4
0.905,0.805,80.435,-14.5153,3.03973,179.875,1,2,0,0.4
0.905,0.815,113.433,-14.6832,3.04947,183.52,1,2,0,0.4
0.905,0.825,151.927,-14.7938,3.01267,178.172,1,2,0,0.4
0.905,0.835,191.62,-14.8669,2.93843,162.801,1,2,0,0.4
0.905,0.845,227.789,-14.9149,2.84375,140.752,1,2,0,0.4
0.905,0.855,258.154,-14.9455,2.75052,118.479,1,2,0,0.4
0.905,0.865,284.221,-14.9644,2.67869,101.792,1,2,0,0.4
0.905,0.875,309.751,-14.9756,2.63841,93.0279,1,2,0,0.4
0.905,0.885,338.033,-14.9822,2.62763,91.3057,1,2,0,0.4
0.905,0.895,370.454,-14.9863,2.63734,94.4971,1,2,0,0.4
0.905,0.905,406.763,-14.9891,2.6583,100.685,1,2,0,0.4
0.905,0.915,445.961,-14.9912,2.6842,108.58,1,2,0,0.4
0.905,0.925,486.935,-14.9928,2.71157,117.412,1,2,0,0.4
0.905,0.935,528.722,-14.9941,2.73869,126.735,1,2,0,0.4
0.905,0.945,570.538,-14.9952,2.76479,136.279,1,2,0,0.4
0.905,0.955,611.751,-14.9961,2.78954,145.866,1,2,0,0.4
0.905,0.965,651.835,-14.9968,2.81278,155.362,1,2,0,0.4
0.905,0.975,690.352,-14.9974,2.83446,164.658,1,2,0,0.4
0.905,0.985,726.935,-14.998,2.85456,173.661,1,2,0,0.4
0.905,0.995,761.288,-14.9984,2.87308,182.287,1,2,0,0.4
0.915,0.005,6.00471,8.71662,-2.99039,48.3162,1,2,0,0.4
0.915,0.015,5.95919,8.69126,-2.89452,47.4985,1,2,0,0.4
0.915,0.025,5.92444,8.66534,-2.79295,46.8052,1,2,0,0.4
0.915,0.035,5.89139,8.63898,-2.69076,46.1337,1,2,0,0.4
0.915,0.045,5.85882,8.61219,-2.58868,45.4704,1,2,0,0.4
0.915,0.055,5.82668,8.58493,-2.48681,44.8148,1,2,0,0.4
0.915,0.065,5.79508,8.55716,-2.38521,44.1682,1,2,0,0.4
0.915,0.075,5.76418,8.5288,-2.28396,43.5325,1,2,0,0.4
0.915,0.085,5.73423,8.49974,-2.18315,42.91,1,2,0,0.4
0.915,0.095,5.70559,8.46984,-2.08289,42.3044,1,2,0,0.4
0.915,0.105,5.67877,8.43888,-1.98338,41.7206,1,2,0,0.4
0.915,0.115,5.6545,8.40656,-1.88487,41.1657,1,2,0,0.4
0.915,0.125,5.63388,8.37242,-1.78775,40.6501,1,2,0,0.4
0.915,0.135,5.6185,8.3358,-1.69258,40.1888,1,2,0,0.4
0.915,0.145,5.61075,8.29569,-1.60017,39.8043,1,2,0,0.4
0.915,0.155,5.6141,8.25064,-1.51174,39.5295,1,2,0,0.4
0.915,0.165,5.63368,8.19845,-1.429,39.4137,1,2,0,0.4
0.915,0.175,5.67686,8.13592,-1.35439,39.5288,1,2,0,0.4
0.915,0.185,5.75391,8.05852,-1.29112,39.9785,1,2,0,0.4
0.915,0.195,5.87845,7.96014,-1.24309,40.9057,1,2,0,0.4
0.915,0.205,6.06717,7.8334,-1.21426,42.4955,1,2,0,0.4
0.915,0.215,6.33804,7.67094,-1.20735,44.9619,1,2,0,0.4
0.915,0.225,6.70646,7.46805,-1.22212,48.5078,1,2,0,0.4
0.915,0.235,7.17938,7.22601,-1.25392,53.253,1,2,0,0.4
0.915,0.245,7.74911,6.95416,-1.29405,59.1481,1,2,0,0.4
0.915,0.255,8.39006,6.66882,-1.33191,65.9183,1,2,0,0.4
0.915,0.265,9.06159,6.38893,-1.35812,73.0854,1,2,0,0.4
0.915,0.275,9.71726,6.13082,-1.36667,80.0802,1,2,0,0.4
0.915,0.285,10.3169,5.90465,-1.35546,86.3973,1,2,0,0.4
0.915,0.295,10.8354,5.71353,-1.32543,91.715,1,2,0,0.4
0.915,0.305,11.2649,5.55496,-1.27922,95.929,1,2,0,0.4
0.915,0.315,11.611,5.42318,-1.21996,99.1054,1,2,0,0.4
0.915,0.325,11.886,5.31132,-1.15059,101.401,1,2,0,0.4
0.915,0.335,12.1032,5.21311,-1.07357,102.99,1,2,0,0.4
0.915,0.345,12.2736,5.12402,-0.990894,104.031,1,2,0,0.4
0.915,0.355,12.4047,5.04147,-0.903785,104.65,1,2,0,0.4
0.915,0.365,12.5016,4.96293,-0.812948,104.932,1,2,0,0.4
0.915,0.375,12.567,4.8864,-0.718786,104.932,1,2,0,0.4
0.915,0.385,12.6016,4.81034,-0.621471,104.685,1,2,0,0.4
0.915,0.395,12.6047,4.73348,-0.520971,104.212,1,2,0,0.4
0.915,0.405,12.5743,4.65459,-0.417059,103.527,1,2,0,0.4
0.915,0.415,12.5076,4.5723,-0.309253,102.643,1,2,0,0.4
0.915,0.425,12.4006,4.48466,-0.196627,101.571,1,2,0,0.4
0.915,0.435,12.2457,4.38747,-0.0771673,100.341,1,2,0,0.4
0.915,0.445,12.0193,4.27589,0.0515235,98.8986,1,2,0,0.4
0.915,0.455,11.7055,4.15189,0.19059,97.1798,1,2,0,0.4
0.915,0.465,11.2966,4.01088,0.340694,95.2461,1,2,0,0.4
0.915,0.475,10.7842,3.84957,0.502871,93.115,1,2,0,0.4
0.915,0.485,10.1677,3.6656,0.677513,90.8221,1,2,0,0.4
0.915,0.495,9.47215,3.46236,0.864346,88.4637,1,2,0,0.4
0.915,0.505,8.70812,3.23296,1.06098,86.0648,1,2,0,0.4
0.915,0.515,7.92415,2.97332,1.25966,83.8258,1,2,0,0.4
0.915,0.525,7.18228,2.68556,1.44989,81.9956,1,2,0,0.4
0.915,0.535,6.53545,2.37437,1.61923,80.8278,1,2,0,0.4
0.915,0.545,6.01772,2.04516,1.75435,80.5486,1,2,0,0.4
0.915,0.555,5.64255,1.70378,1.84427,81.2987,1,2,0,0.4
0.915,0.565,5.40429,1.35742,1.88619,83.0338,1,2,0,0.4
0.915,0.575,5.28286,1.01573,1.88928,85.4694,1,2,0,0.4
0.915,0.585,5.25266,0.689903,1.86982,88.1975,1,2,0,0.4
0.915,0.595,5.2906,0.390023,1.84224,90.8816,1,2,0,0.4
0.915,0.605,5.37904,0.122387,1.81462,93.3551,1,2,0,0.4
0.915,0.615,5.50476,-0.111529,1.7896,95.5909,1,2,0,0.4
0.915,0.625,5.6564,-0.314748,1.76761,97.6259,1,2,0,0.4
0.915,0.635,5.82314,-0.49479,1.7483,99.5074,1,2,0,0.4
0.915,0.645,5.99231,-0.664703,1.73143,101.269,1,2,0,0.4
0.915,0.655,6.14724,-0.845464,1.71678,102.931,1,2,0,0.4
0.915,0.665,6.26652,-1.06849,1.70418,104.508,1,2,0,0.4
0.915,0.675,6.32825,-1.37649,1.69355,106.016,1,2,0,0.4
0.915,0.685,6.32136,-1.82199,1.6854,107.486,1,2,0,0.4
0.915,0.695,6.2602,-2.46455,1.68167,108.988,1,2,0,0.4
0.915,0.705,6.19762,-3.3667,1.68748,110.663,1,2,0,0.4
0.915,0.715,6.23459,-4.58273,1.71356,112.766,1,2,0,0.4
0.915,0.725,6.53082,-6.11355,1.77851,115.697,1,2,0,0.4
0.915,0.735,7.32476,-7.85275,1.90428,120.055,1,2,0,0.4
0.915,0.745,8.9461,-9.60086,2.09695,126.097,1,2,0,0.4
0.915,0.755,11.8679,-11.1471,2.32855,133.585,1,2,0,0.4
0.915,0.765,16.7736,-12.3697,2.55414,141.948,1,2,0,0.4
0.915,0.775,24.6465,-13.2554,2.74283,150.955,1,2,0,0.4
0.915,0.785,36.8486,-13.8592,2.88562,160.876,1,2,0,0.4
0.915,0.795,54.9989,-14.2565,2.98478,171.312,1,2,0,0.4
0.915,0.805,80.4622,-14.5147,3.04078,180.084,1,2,0,0.4
0.915,0.815,113.448,-14.6831,3.04983,183.606,1,2,0,0.4
0.915,0.825,151.935,-14.7938,3.01279,178.204,1,2,0,0.4
0.915,0.835,191.623,-14.8669,2.93847,162.812,1,2,0,0.4
0.915,0.845,227.79,-14.9149,2.84376,140.756,1,2,0,0.4
0.915,0.855,258.155,-14.9455,2.75053,118.48,1,2,0,0.4
0.915,0.865,284.222,-14.9644,2.67869,101.792,1,2,0,0.4
0.915,0.875,309.751,-14.9756,2.63841,93.0279,1,2,0,0.4
0.915,0.885,338.033,-14.9822,2.62763,91.3058,1,2,0,0.4
0.915,0.895,370.454,-14.9863,2.63734,94.4971,1,2,0,0.4
0.915,0.905,406.763,-14.9891,2.6583,100.685,1,2,0,0.4
0.915,0.915,445.961,-14.9912,2.6842,108.58,1,2,0,0.4
0.915,0.925,486.935,-14.9928,2.71157,117.412,1,2,0,0.4
0.915,0.935,528.722,-14.9941,2.73869,126.735,1,2,0,0.4
0.915,0.945,570.538,-14.9952,2.76479,136.279,1,2,0,0.4
0.915,0.955,611.751,-14.9961,2.78954,145.866,1,2,0,0.4
0.915,0.965,651.835,-14.9968,2.81278,155.362,1,2,0,0.4
0.915,0.975,690.352,-14.9974,2.83446,164.658,1,2,0,0.4
0.915,0.985,726.935,-14.998,2.85456,173.661,1,2,0,0.4
0.915,0.995,761.288,-14.9984,2.87308,182.287,1,2,0,0.4
0.925,0.005,5.94536,8.78707,-2.97694,47.6906,1,2,0,0.4
0.925,0.015,5.89991,8.76158,-2.88145,46.8835,1,2,0,0.4
0.925,0.025,5.86567,8.73546,-2.78009,46.2053,1,2,0,0.4
0.925,0.035,5.83341,8.70881,-2.6781,45.5516,1,2,0,0.4
0.925,0.045,5.80191,8.6816,-2.57628,44.9088,1,2,0,0.4
0.925,0.055,5.77119,8.65375,-2.47478,44.2773,1,2,0,0.4
0.925,0.065,5.74151,8.62515,-2.37372,43.6595,1,2,0,0.4
0.925,0.075,5.71323,8.59562,-2.27321,43.0593,1,2,0,0.4
0.925,0.085,5.68688,8.56495,-2.17344,42.4819,1,2,0,0.4
0.925,0.095,5.66324,8.53279,-2.07467,41.9348,1,2,0,0.4
0.925,0.105,5.64341,8.49865,-1.97727,41.4287,1,2,0,0.4
0.925,0.115,5.62901,8.46185,-1.8818,40.9793,1,2,0,0.4
0.925,0.125,5.62237,8.42135,-1.78903,40.6092,1,2,0,0.4
0.925,0.135,5.62691,8.37565,-1.7001,40.3514,1,2,0,0.4
0.925,0.145,5.64752,8.32256,-1.61661,40.2542,1,2,0,0.4
0.925,0.155,5.69113,8.25894,-1.54078,40.3871,1,2,0,0.4
0.925,0.165,5.76724,8.18045,-1.47548,40.8485,1,2,0,0.4
0.925,0.175,5.88829,8.08135,-1.42414,41.7723,1,2,0,0.4
0.925,0.185,6.06938,7.95481,-1.39022,43.3301,1,2,0,0.4
0.925,0.195,6.32685,7.79406,-1.37617,45.7203,1,2,0,0.4
0.925,0.205,6.67507,7.59462,-1.38196,49.1345,1,2,0,0.4
0.925,0.215,7.12153,7.3572,-1.40393,53.6971,1,2,0,0.4
0.925,0.225,7.66141,7.08967,-1.43482,59.3884,1,2,0,0.4
0.925,0.235,8.27403,6.80648,-1.4654,65.9878,1,2,0,0.4
0.925,0.245,8.92416,6.52531,-1.487,73.0767,1,2,0,0.4
0.925,0.255,9.56897,6.26235,-1.49354,80.1231,1,2,0,0.4
0.925,0.265,10.1685,6.02876,-1.48229,86.617,1,2,0,0.4
0.925,0.275,10.6949,5.82929,-1.45343,92.1946,1,2,0,0.4
0.925,0.285,11.1358,5.6631,-1.40894,96.6936,1,2,0,0.4
0.925,0.295,11.4928,5.52569,-1.35157,100.132,1,2,0,0.4
0.925,0.305,11.7758,5.41098,-1.28402,102.639,1,2,0,0.4
0.925,0.315,11.998,5.31277,-1.20862,104.388,1,2,0,0.4
0.925,0.325,12.1716,5.22563,-1.12719,105.541,1,2,0,0.4
0.925,0.335,12.306,5.14533,-1.04112,106.231,1,2,0,0.4
0.925,0.345,12.4072,5.0692,-0.951447,106.558,1,2,0,0.4
0.925,0.355,12.4786,4.99592,-0.858726,106.595,1,2,0,0.4
0.925,0.365,12.5219,4.92411,-0.763192,106.389,1,2,0,0.4
0.925,0.375,12.5375,4.85244,-0.664931,105.968,1,2,0,0.4
0.925,0.385,12.5246,4.77977,-0.563895,105.353,1,2,0,0.4
0.925,0.395,12.4818,4.70499,-0.459895,104.56,1,2,0,0.4
0.925,0.405,12.4067,4.62687,-0.352545,103.602,1,2,0,0.4
0.925,0.415,12.2958,4.54384,-0.241146,102.489,1,2,0,0.4
0.925,0.425,12.1436,4.45321,-0.124285,101.242,1,2,0,0.4
0.925,0.435,11.934,4.34932,0.000349132,99.8627,1,2,0,0.4
0.925,0.445,11.6459,4.23384,0.134207,98.2402,1,2,0,0.4
0.925,0.455,11.2751,4.10448,0.277805,96.4249,1,2,0,0.4
0.925,0.465,10.8129,3.95744,0.432172,94.4364,1,2,0,0.4
0.925,0.475,10.2562,3.79013,0.598092,92.2906,1,2,0,0.4
0.925,0.485,9.61215,3.60069,0.775455,90.0329,1,2,0,0.4
0.925,0.495,8.90868,3.39234,0.96312,87.7496,1,2,0,0.4
0.925,0.505,8.17088,3.15935,1.15803,85.5171,1,2,0,0.4
0.925,0.515,7.44395,2.89926,1.35285,83.5063,1,2,0,0.4
0.925,0.525,6.7791,2.61429,1.53712,81.9396,1,2,0,0.4
0.925,0.535,6.21774,2.30898,1.6981,81.0543,1,2,0,0.4
0.925,0.545,5.78473,1.98863,1.82226,81.0708,1,2,0,0.4
0.925,0.555,5.48731,1.65892,1.89916,82.1231,1,2,0,0.4
0.925,0.565,5.31614,1.32677,1.92781,84.1453,1,2,0,0.4
0.925,0.575,5.24957,1.00122,1.91967,86.8245,1,2,0,0.4
0.925,0.585,5.26233,0.692424,1.89216,89.7416,1,2,0,0.4
0.925,0.595,5.33292,0.409207,1.85944,92.5698,1,2,0,0.4
0.925,0.605,5.4459,0.156706,1.82868,95.1627,1,2,0,0.4
0.925,0.615,5.58981,-0.0643452,1.80177,97.509,1,2,0,0.4
0.925,0.625,5.75526,-0.257202,1.77872,99.6525,1,2,0,0.4
0.925,0.635,5.93266,-0.429068,1.75899,101.643,1,2,0,0.4
0.925,0.645,6.11017,-0.592366,1.74224,103.512,1,2,0,0.4
0.925,0.655,6.2717,-0.767217,1.72824,105.28,1,2,0,0.4
0.925,0.665,6.39621,-0.984008,1.71677,106.958,1,2,0,0.4
0.925,0.675,6.46191,-1.2843,1.70775,108.562,1,2,0,0.4
0.925,0.685,6.45701,-1.7196,1.70165,110.123,1,2,0,0.4
0.925,0.695,6.39431,-2.34917,1.70046,111.71,1,2,0,0.4
0.925,0.705,6.32554,-3.23691,1.70941,113.469,1,2,0,0.4
0.925,0.715,6.35243,-4.44095,1.73958,115.658,1,2,0,0.4
0.925,0.725,6.6368,-5.9716,1.80947,118.675,1,2,0,0.4
0.925,0.735,7.42131,-7.72763,1.93949,123.11,1,2,0,0.4
0.925,0.745,9.0371,-9.50718,2.13305,129.093,1,2,0,0.4
0.925,0.755,11.9549,-11.089,2.35952,136.232,1,2,0,0.4
0.925,0.765,16.8538,-12.3399,2.57547,143.963,1,2,0,0.4
0.925,0.775,24.7143,-13.2427,2.75463,152.256,1,2,0,0.4
0.925,0.785,36.8995,-13.8545,2.89099,161.593,1,2,0,0.4
0.925,0.795,55.0324,-14.2549,2.98688,171.655,1,2,0,0.4
0.925,0.805,80.4816,-14.5142,3.0415,180.23,1,2,0,0.4
0.925,0.815,113.458,-14.6829,3.05007,183.662,1,2,0,0.4
0.925,0.825,151.94,-14.7937,3.01286,178.223,1,2,0,0.4
0.925,0.835,191.625,-14.8669,2.93849,162.818,1,2,0,0.4
0.925,0.845,227.791,-14.9149,2.84377,140.758,1,2,0,0.4
0.925,0.855,258.155,-14.9455,2.75053,118.481,1,2,0,0.4
0.925,0.865,284.222,-14.9644,2.67869,101.792,1,2,0,0.4
0.925,0.875,309.751,-14.9756,2.63841,93.0279,1,2,0,0.4
0.925,0.885,338.033,-14.9822,2.62763,91.3058,1,2,0,0.4
0.925,0.895,370.454,-14.9863,2.63734,94.4971,1,2,0,0.4
0.925,0.905,406.763,-14.9891,2.6583,100.685,1,2,0,0.4
0.925,0.915,445.961,-14.9912,2.6842,108.58,1,2,0,0.4
0.925,0.925,486.935,-14.9928,2.71157,117.412,1,2,0,0.4
0.925,0.935,528.722,-14.9941,2.73869,126.735,1,2,0,0.4
0.925,0.945,570.538,-14.9952,2.76479,136.279,1,2,0,0.4
0.925,0.955,611.751,-14.9961,2.78954,145.866,1,2,0,0.4
0.925,0.965,651.835,-14.9968,2.81278,155.362,1,2,0,0.4
0.925,0.975,690.352,-14.9974,2.83446,164.658,1,2,0,0.4
0.925,0.985,726.935,-14.998,2.85456,173.661,1,2,0,0.4
0.925,0.995,761.288,-14.9984,2.87308,182.287,1,2,0,0.4
0.935,0.005,5.8888,8.85617,-2.964,47.0966,1,2,0,0.4
0.935,0.015,5.844,8.83025,-2.86904,46.306,1,2,0,0.4
0.935,0.025,5.81105,8.80354,-2.76809,45.6506,1,2,0,0.4
0.935,0.035,5.78061,8.77608,-2.66658,45.0251,1,2,0,0.4
0.935,0.045,5.75156,8.74776,-2.56539,44.4169,1,2,0,0.4
0.935,0.055,5.72414,8.71839,-2.46478,43.8281,1,2,0,0.4
0.935,0.065,5.69891,8.68772,-2.36494,43.2646,1,2,0,0.4
0.935,0.075,5.67671,8.65535,-2.26614,42.7346,1,2,0,0.4
0.935,0.085,5.65872,8.62075,-2.16878,42.2499,1,2,0,0.4
0.935,0.095,5.64665,8.58315,-2.0734,41.8273,1,2,0,0.4
0.935,0.105,5.64293,8.54142,-1.98079,41.491,1,2,0,0.4
0.935,0.115,5.65101,8.49398,-1.89205,41.2754,1,2,0,0.4
0.935,0.125,5.67577,8.43857,-1.80872,41.23,1,2,0,0.4
0.935,0.135,5.72392,8.372,-1.73284,41.4244,1,2,0,0.4
0.935,0.145,5.80451,8.29001,-1.66701,41.9553,1,2,0,0.4
0.935,0.155,5.92907,8.18714,-1.61423,42.9512,1,2,0,0.4
0.935,0.165,6.11133,8.05714,-1.5774,44.573,1,2,0,0.4
0.935,0.175,6.36587,7.89403,-1.55844,47.0035,1,2,0,0.4
0.935,0.185,6.70537,7.69414,-1.55716,50.4162,1,2,0,0.4
0.935,0.195,7.13642,7.45844,-1.57033,54.9234,1,2,0,0.4
0.935,0.205,7.65492,7.19423,-1.59176,60.5095,1,2,0,0.4
0.935,0.215,8.24298,6.91462,-1.61353,66.9807,1,2,0,0.4
0.935,0.225,8.86954,6.63577,-1.62802,73.9621,1,2,0,0.4
0.935,0.235,9.49591,6.37293,-1.62965,80.9641,1,2,0,0.4
0.935,0.245,10.0844,6.13717,-1.61558,87.4979,1,2,0,0.4
0.935,0.255,10.6069,5.93393,-1.58552,93.1902,1,2,0,0.4
0.935,0.265,11.049,5.76338,-1.54091,97.8472,1,2,0,0.4
0.935,0.275,11.4093,5.62204,-1.48401,101.45,1,2,0,0.4
0.935,0.285,11.6955,5.50456,-1.41725,104.101,1,2,0,0.4
0.935,0.295,11.9194,5.40528,-1.34279,105.959,1,2,0,0.4
0.935,0.305,12.0929,5.31902,-1.26234,107.187,1,2,0,0.4
0.935,0.315,12.2262,5.24148,-1.17721,107.928,1,2,0,0.4
0.935,0.325,12.3268,5.16922,-1.08832,108.287,1,2,0,0.4
0.935,0.335,12.3993,5.09975,-0.996382,108.342,1,2,0,0.4
0.935,0.345,12.4461,5.03157,-0.901912,108.146,1,2,0,0.4
0.935,0.355,12.4682,4.96402,-0.805122,107.743,1,2,0,0.4
0.935,0.365,12.4653,4.89625,-0.706018,107.157,1,2,0,0.4
0.935,0.375,12.4369,4.82726,-0.604515,106.407,1,2,0,0.4
0.935,0.385,12.3815,4.75605,-0.500429,105.508,1,2,0,0.4
0.935,0.395,12.297,4.68155,-0.393428,104.473,1,2,0,0.4
0.935,0.405,12.1806,4.60244,-0.28295,103.312,1,2,0,0.4
0.935,0.415,12.0276,4.51677,-0.167961,102.039,1,2,0,0.4
0.935,0.425,11.8273,4.42018,-0.0464797,100.673,1,2,0,0.4
0.935,0.435,11.5579,4.31151,0.0831526,99.125,1,2,0,0.4
0.935,0.445,11.2148,4.1916,0.221502,97.3928,1,2,0,0.4
0.935,0.455,10.7925,4.05677,0.369337,95.5143,1,2,0,0.4
0.935,0.465,10.2859,3.90412,0.527662,93.4962,1,2,0,0.4
0.935,0.475,9.69834,3.73149,0.69688,91.3624,1,2,0,0.4
0.935,0.485,9.04363,3.53778,0.876302,89.1641,1,2,0,0.4
0.935,0.495,8.35305,3.32486,1.06411,86.999,1,2,0,0.4
0.935,0.505,7.65735,3.08882,1.25695,84.9532,1,2,0,0.4
0.935,0.515,6.99695,2.82864,1.4476,83.1765,1,2,0,0.4
0.935,0.525,6.41276,2.54688,1.62549,81.8704,1,2,0,0.4
0.935,0.535,5.93584,2.24811,1.77761,81.2618,1,2,0,0.4
0.935,0.545,5.58345,1.93746,1.89025,81.5703,1,2,0,0.4
0.935,0.555,5.35827,1.62028,1.95368,82.9255,1,2,0,0.4
0.935,0.565,5.24859,1.30297,1.96889,85.2392,1,2,0,0.4
0.935,0.575,5.23202,0.993738,1.9496,88.1699,1,2,0,0.4
0.935,0.585,5.28396,0.701692,1.91416,91.2863,1,2,0,0.4
0.935,0.595,5.38453,0.434466,1.87638,94.2711,1,2,0,0.4
0.935,0.605,5.52028,0.196192,1.8425,96.997,1,2,0,0.4
0.935,0.615,5.68134,-0.0129912,1.81366,99.4676,1,2,0,0.4
0.935,0.625,5.86005,-0.196448,1.78952,101.733,1,2,0,0.4
0.935,0.635,6.04773,-0.361008,1.76934,103.842,1,2,0,0.4
0.935,0.645,6.23326,-0.51847,1.7527,105.829,1,2,0,0.4
0.935,0.655,6.40112,-0.688133,1.73933,107.71,1,2,0,0.4
0.935,0.665,6.53068,-0.89938,1.72899,109.497,1,2,0,0.4
0.935,0.675,6.60016,-1.19266,1.72159,111.202,1,2,0,0.4
0.935,0.685,6.59686,-1.61852,1.71761,112.856,1,2,0,0.4
0.935,0.695,6.53202,-2.23601,1.71912,114.531,1,2,0,0.4
0.935,0.705,6.4566,-3.11046,1.73154,116.373,1,2,0,0.4
0.935,0.715,6.47347,-4.30365,1.76623,118.643,1,2,0,0.4
0.935,0.725,6.74682,-5.83462,1.84139,121.739,1,2,0,0.4
0.935,0.735,7.52226,-7.60803,1.97566,126.217,1,2,0,0.4
0.935,0.745,9.13103,-9.41952,2.16908,132.054,1,2,0,0.4
0.935,0.755,12.0408,-11.0365,2.38885,138.722,1,2,0,0.4
0.935,0.765,16.9277,-12.3144,2.59436,145.739,1,2,0,0.4
0.935,0.775,24.7719,-13.2324,2.76434,153.321,1,2,0,0.4
0.935,0.785,36.9394,-13.851,2.89509,162.137,1,2,0,0.4
0.935,0.795,55.0567,-14.2539,2.98835,171.897,1,2,0,0.4
0.935,0.805,80.4946,-14.514,3.04198,180.326,1,2,0,0.4
0.935,0.815,113.465,-14.6828,3.05022,183.696,1,2,0,0.4
0.935,0.825,151.942,-14.7937,3.01291,178.235,1,2,0,0.4
0.935,0.835,191.626,-14.8669,2.9385,162.822,1,2,0,0.4
0.935,0.845,227.791,-14.9149,2.84377,140.759,1,2,0,0.4
0.935,0.855,258.155,-14.9455,2.75053,118.481,1,2,0,0.4
0.935,0.865,284.222,-14.9644,2.67869,101.792,1,2,0,0.4
0.935,0.875,309.751,-14.9756,2.63841,93.0279,1,2,0,0.4
0.935,0.885,338.033,-14.9822,2.62763,91.3058,1,2,0,0.4
0.935,0.895,370.454,-14.9863,2.63734,94.4971,1,2,0,0.4
0.935,0.905,406.763,-14.9891,2.6583,100.685,1,2,0,0.4
0.935,0.915,445.961,-14.9912,2.6842,108.58,1,2,0,0.4
0.935,0.925,486.935,-14.9928,2.71157,117.412,1,2,0,0.4
0.935,0.935,528.722,-14.9941,2.73869,126.735,1,2,0,0.4
0.935,0.945,570.538,-14.9952,2.76479,136.279,1,2,0,0.4
0.935,0.955,611.751,-14.9961,2.78954,145.866,1,2,0,0.4
0.935,0.965,651.835,-14.9968,2.81278,155.362,1,2,0,0.4
0.935,0.975,690.352,-14.9974,2.83446,164.658,1,2,0,0.4
0.935,0.985,726.935,-14.998,2.85456,173.661,1,2,0,0.4
0.935,0.995,761.288,-14.9984,2.87308,182.287,1,2,0,0.4
0.945,0.005,5.83843,8.92213,-2.95225,46.5711,1,2,0,0.4
0.945,0.015,5.79572,8.89504,-2.8582,45.8117,1,2,0,0.4
0.945,0.025,5.76596,8.86677,-2.75814,45.1987,1,2,0,0.4
0.945,0.035,5.73989,8.83721,-2.65774,44.6275,1,2,0,0.4
0.945,0.045,5.71666,8.80608,-2.55807,44.0883,1,2,0,0.4
0.945,0.055,5.69706,8.77293,-2.45954,43.5887,1,2,0,0.4
0.945,0.065,5.68238,8.73712,-2.36257,43.1421,1,2,0,0.4
0.945,0.075,5.6745,8.69777,-2.26775,42.7674,1,2,0,0.4
0.945,0.085,5.67605,8.65362,-2.17588,42.4914,1,2,0,0.4
0.945,0.095,5.69067,8.60292,-2.08807,42.3518,1,2,0,0.4
0.945,0.105,5.72336,8.54324,-2.00581,42.4012,1,2,0,0.4
0.945,0.115,5.78085,8.4713,-1.93102,42.7119,1,2,0,0.4
0.945,0.125,5.87187,8.38285,-1.86603,43.3813,1,2,0,0.4
0.945,0.135,6.00724,8.27273,-1.81338,44.535,1,2,0,0.4
0.945,0.145,6.19939,8.13535,-1.77534,46.3248,1,2,0,0.4
0.945,0.155,6.46098,7.96584,-1.75316,48.9161,1,2,0,0.4
0.945,0.165,6.80243,7.76175,-1.74622,52.4582,1,2,0,0.4
0.945,0.175,7.22832,7.52504,-1.75138,57.0375,1,2,0,0.4
0.945,0.185,7.73371,7.26311,-1.76321,62.622,1,2,0,0.4
0.945,0.195,8.30171,6.98817,-1.77505,69.0214,1,2,0,0.4
0.945,0.205,8.90421,6.71482,-1.78051,75.8873,1,2,0,0.4
0.945,0.215,9.5065,6.4568,-1.77483,82.7709,1,2,0,0.4
0.945,0.225,10.0745,6.22424,-1.75548,89.2201,1,2,0,0.4
0.945,0.235,10.5818,6.02241,-1.72202,94.8797,1,2,0,0.4
0.945,0.245,11.0139,5.8519,-1.67547,99.5513,1,2,0,0.4
0.945,0.255,11.3682,5.70987,-1.61767,103.197,1,2,0,0.4
0.945,0.265,11.6505,5.59166,-1.55067,105.898,1,2,0,0.4
0.945,0.275,11.8711,5.49206,-1.47637,107.797,1,2,0,0.4
0.945,0.285,12.0414,5.40628,-1.39636,109.052,1,2,0,0.4
0.945,0.295,12.1712,5.33027,-1.31184,109.803,1,2,0,0.4
0.945,0.305,12.2683,5.26081,-1.22368,110.163,1,2,0,0.4
0.945,0.315,12.338,5.19536,-1.1325,110.215,1,2,0,0.4
0.945,0.325,12.3837,5.13191,-1.03873,110.016,1,2,0,0.4
0.945,0.335,12.4071,5.06894,-0.942729,109.608,1,2,0,0.4
0.945,0.345,12.4087,5.00554,-0.844741,109.02,1,2,0,0.4
0.945,0.355,12.388,4.94131,-0.744811,108.277,1,2,0,0.4
0.945,0.365,12.3443,4.87561,-0.642824,107.396,1,2,0,0.4
0.945,0.375,12.276,4.8076,-0.538577,106.391,1,2,0,0.4
0.945,0.385,12.1813,4.73635,-0.431766,105.274,1,2,0,0.4
0.945,0.395,12.0576,4.66076,-0.321907,104.053,1,2,0,0.4
0.945,0.405,11.9009,4.57931,-0.208187,102.739,1,2,0,0.4
0.945,0.415,11.7038,4.48908,-0.0890457,101.349,1,2,0,0.4
0.945,0.425,11.4473,4.38666,0.0372563,99.8412,1,2,0,0.4
0.945,0.435,11.1235,4.27465,0.171444,98.1572,1,2,0,0.4
0.945,0.445,10.7309,4.15006,0.31395,96.3503,1,2,0,0.4
0.945,0.455,10.2651,4.01015,0.465767,94.4305,1,2,0,0.4
0.945,0.465,9.72664,3.85245,0.627608,92.4101,1,2,0,0.4
0.945,0.475,9.12471,3.67514,0.799441,90.3231,1,2,0,0.4
0.945,0.485,8.47808,3.47763,0.980123,88.2229,1,2,0,0.4
0.945,0.495,7.81898,3.26055,1.16745,86.2127,1,2,0,0.4
0.945,0.505,7.17828,3.02201,1.35779,84.37,1,2,0,0.4
0.945,0.515,6.59047,2.76225,1.5438,82.8302,1,2,0,0.4
0.945,0.525,6.08707,2.48432,1.71478,81.7797,1,2,0,0.4
0.945,0.535,5.69068,2.19283,1.85742,81.4413,1,2,0,0.4
0.945,0.545,5.41295,1.89268,1.95797,82.0383,1,2,0,0.4
0.945,0.555,5.25367,1.58869,2.00752,83.698,1,2,0,0.4
0.945,0.565,5.1998,1.28655,2.00919,86.3088,1,2,0,0.4
0.945,0.575,5.22872,0.993558,1.97881,89.5003,1,2,0,0.4
0.945,0.585,5.31651,0.717751,1.93558,92.8277,1,2,0,0.4
0.945,0.595,5.44477,0.465683,1.89285,95.9826,1,2,0,0.4
0.945,0.605,5.60181,0.240633,1.85591,98.8559,1,2,0,0.4
0.945,0.615,5.77965,0.0423,1.82524,101.466,1,2,0,0.4
0.945,0.625,5.971,-0.132677,1.79993,103.867,1,2,0,0.4
0.945,0.635,6.16845,-0.290763,1.77926,106.108,1,2,0,0.4
0.945,0.645,6.36166,-0.443137,1.76269,108.221,1,2,0,0.4
0.945,0.655,6.53559,-0.608302,1.7499,110.224,1,2,0,0.4
0.945,0.665,6.66998,-0.814677,1.74065,112.124,1,2,0,0.4
0.945,0.675,6.74287,-1.10165,1.73485,113.935,1,2,0,0.4
0.945,0.685,6.74048,-1.51891,1.73303,115.686,1,2,0,0.4
0.945,0.695,6.6726,-2.1254,1.73741,117.449,1,2,0,0.4
0.945,0.705,6.58997,-2.98783,1.75367,119.37,1,2,0,0.4
0.945,0.715,6.59699,-4.17152,1.79329,121.713,1,2,0,0.4
0.945,0.725,6.86011,-5.70361,1.87404,124.874,1,2,0,0.4
0.945,0.735,7.6263,-7.49533,2.01229,129.342,1,2,0,0.4
0.945,0.745,9.22541,-9.33936,2.20416,134.916,1,2,0,0.4
0.945,0.755,12.1223,-10.9908,2.41563,140.982,1,2,0,0.4
0.945,0.765,16.9924,-12.2935,2.61031,147.23,1,2,0,0.4
0.945,0.775,24.8179,-13.2246,2.77187,154.144,1,2,0,0.4
0.945,0.785,36.9684,-13.8485,2.89801,162.523,1,2,0,0.4
0.945,0.795,55.0729,-14.2532,2.98932,172.055,1,2,0,0.4
0.945,0.805,80.5026,-14.5138,3.04227,180.384,1,2,0,0.4
0.945,0.815,113.468,-14.6828,3.0503,183.715,1,2,0,0.4
0.945,0.825,151.944,-14.7937,3.01293,178.241,1,2,0,0.4
0.945,0.835,191.627,-14.8669,2.93851,162.823,1,2,0,0.4
0.945,0.845,227.791,-14.9149,2.84378,140.759,1,2,0,0.4
0.945,0.855,258.155,-14.9455,2.75053,118.481,1,2,0,0.4
0.945,0.865,284.222,-14.9644,2.67869,101.792,1,2,0,0.4
0.945,0.875,309.751,-14.9756,2.63841,93.028,1,2,0,0.4
0.945,0.885,338.033,-14.9822,2.62763,91.3058,1,2,0,0.4
0.945,0.895,370.454,-14.9863,2.63734,94.4971,1,2,0,0.4
0.945,0.905,406.763,-14.9891,2.6583,100.685,1,2,0,0.4
0.945,0.915,445.961,-14.9912,2.6842,108.58,1,2,0,0.4
0.945,0.925,486.935,-14.9928,2.71157,117.412,1,2,0,0.4
0.945,0.935,528.722,-14.9941,2.73869,126.735,1,2,0,0.4
0.945,0.945,570.538,-14.9952,2.76479,136.279,1,2,0,0.4
0.945,0.955,611.751,-14.9961,2.78954,145.866,1,2,0,0.4
0.945,0.965,651.835,-14.9968,2.81278,155.362,1,2,0,0.4
0.945,0.975,690.352,-14.9974,2.83446,164.658,1,2,0,0.4
0.945,0.985,726.935,-14.998,2.85456,173.661,1,2,0,0.4
0.945,0.995,761.288,-14.9984,2.87308,182.287,1,2,0,0.4
0.955,0.005,5.80324,8.98018,-2.94337,46.2121,1,2,0,0.4
0.955,0.015,5.76617,8.95004,-2.85113,45.5211,1,2,0,0.4
0.955,0.025,5.74437,8.91771,-2.75312,45.0006,1,2,0,0.4
0.955,0.035,5.72892,8.88281,-2.6554,44.5497,1,2,0,0.4
0.955,0.045,5.71978,8.84458,-2.55933,44.1669,1,2,0,0.4
0.955,0.055,5.7189,8.80196,-2.46566,43.8726,1,2,0,0.4
0.955,0.065,5.72918,8.75349,-2.37526,43.6975,1,2,0,0.4
0.955,0.075,5.75458,8.69719,-2.28925,43.6841,1,2,0,0.4
0.955,0.085,5.80035,8.63041,-2.20908,43.8903,1,2,0,0.4
0.955,0.095,5.87333,8.54976,-2.13653,44.3931,1,2,0,0.4
0.955,0.105,5.98202,8.45104,-2.07361,45.2923,1,2,0,0.4
0.955,0.115,6.1365,8.32953,-2.02233,46.7107,1,2,0,0.4
0.955,0.125,6.34773,8.18058,-1.98424,48.7898,1,2,0,0.4
0.955,0.135,6.62611,8.00079,-1.9598,51.6728,1,2,0,0.4
0.955,0.145,6.97918,7.78945,-1.9478,55.4761,1,2,0,0.4
0.955,0.155,7.40861,7.54995,-1.94511,60.247,1,2,0,0.4
0.955,0.165,7.90742,7.29018,-1.94694,65.9205,1,2,0,0.4
0.955,0.175,8.45855,7.02164,-1.94781,72.2923,1,2,0,0.4
0.955,0.185,9.03596,6.75727,-1.94265,79.0286,1,2,0,0.4
0.955,0.195,9.60878,6.50884,-1.92776,85.7193,1,2,0,0.4
0.955,0.205,10.1473,6.28493,-1.90113,91.9606,1,2,0,0.4
0.955,0.215,10.6284,6.08994,-1.86237,97.4369,1,2,0,0.4
0.955,0.225,11.0395,5.92434,-1.81229,101.969,1,2,0,0.4
0.955,0.235,11.3776,5.78563,-1.75231,105.52,1,2,0,0.4
0.955,0.245,11.6477,5.66967,-1.68411,108.157,1,2,0,0.4
0.955,0.255,11.8588,5.5718,-1.60928,110.01,1,2,0,0.4
0.955,0.265,12.0212,5.48761,-1.52917,111.225,1,2,0,0.4
0.955,0.275,12.1441,5.41336,-1.44487,111.938,1,2,0,0.4
0.955,0.285,12.2352,5.34605,-1.35717,112.259,1,2,0,0.4
0.955,0.295,12.2999,5.28339,-1.26662,112.274,1,2,0,0.4
0.955,0.305,12.3417,5.22358,-1.17361,112.044,1,2,0,0.4
0.955,0.315,12.3627,5.16516,-1.07841,111.61,1,2,0,0.4
0.955,0.325,12.3642,5.10689,-0.981203,111.003,1,2,0,0.4
0.955,0.335,12.3461,5.04774,-0.882158,110.244,1,2,0,0.4
0.955,0.345,12.3079,4.98705,-0.78138,109.351,1,2,0,0.4
0.955,0.355,12.2488,4.92449,-0.678816,108.34,1,2,0,0.4
0.955,0.365,12.1671,4.85951,-0.574266,107.224,1,2,0,0.4
0.955,0.375,12.0611,4.79137,-0.467428,106.014,1,2,0,0.4
0.955,0.385,11.9283,4.71914,-0.357872,104.717,1,2,0,0.4
0.955,0.395,11.7654,4.64162,-0.244923,103.341,1,2,0,0.4
0.955,0.405,11.5667,4.55676,-0.127385,101.9,1,2,0,0.4
0.955,0.415,11.3178,4.46079,-0.00358865,100.387,1,2,0,0.4
0.955,0.425,11.007,4.3556,0.127339,98.7207,1,2,0,0.4
0.955,0.435,10.6357,4.23981,0.265613,96.948,1,2,0,0.4
0.955,0.445,10.2016,4.1108,0.412004,95.0916,1,2,0,0.4
0.955,0.455,9.7044,3.96618,0.567347,93.1617,1,2,0,0.4
0.955,0.465,9.14979,3.80379,0.732011,91.1783,1,2,0,0.4
0.955,0.475,8.5513,3.62221,0.905582,89.1795,1,2,0,0.4
0.955,0.485,7.93077,3.42071,1.08667,87.2251,1,2,0,0.4
0.955,0.495,7.31788,3.19994,1.27287,85.3972,1,2,0,0.4
0.955,0.505,6.74092,2.95956,1.46011,83.769,1,2,0,0.4
0.955,0.515,6.22795,2.70093,1.64087,82.4649,1,2,0,0.4
0.955,0.525,5.80253,2.4276,1.80426,81.6632,1,2,0,0.4
0.955,0.535,5.48089,2.14417,1.93679,81.5876,1,2,0,0.4
0.955,0.545,5.27103,1.85517,2.02473,82.4697,1,2,0,0.4
0.955,0.555,5.17124,1.56477,2.0601,84.4353,1,2,0,0.4
0.955,0.565,5.16788,1.27786,2.0482,87.3494,1,2,0,0.4
0.955,0.575,5.23827,1.00077,2.00683,90.8119,1,2,0,0.4
0.955,0.585,5.35906,0.7405,1.95594,94.3633,1,2,0,0.4
0.955,0.595,5.51312,0.502635,1.90832,97.7033,1,2,0,0.4
0.955,0.605,5.69027,0.289741,1.86834,100.74,1,2,0,0.4
0.955,0.615,5.88402,0.101237,1.8358,103.504,1,2,0,0.4
0.955,0.625,6.08752,-0.0661499,1.80938,106.054,1,2,0,0.4
0.955,0.635,6.29458,-0.218553,1.78825,108.438,1,2,0,0.4
0.955,0.645,6.4953,-0.366531,1.77178,110.689,1,2,0,0.4
0.955,0.655,6.67511,-0.527837,1.75959,112.82,1,2,0,0.4
0.955,0.665,6.81402,-0.729976,1.75141,114.841,1,2,0,0.4
0.955,0.675,6.88973,-1.01136,1.74717,116.762,1,2,0,0.4
0.955,0.685,6.88717,-1.42092,1.74755,118.612,1,2,0,0.4
0.955,0.695,6.81508,-2.01764,1.75498,120.462,1,2,0,0.4
0.955,0.705,6.72467,-2.86956,1.77543,122.456,1,2,0,0.4
0.955,0.715,6.72213,-4.04533,1.82042,124.857,1,2,0,0.4
0.955,0.725,6.97561,-5.57977,1.90698,128.055,1,2,0,0.4
0.955,0.735,7.7314,-7.39122,2.04861,132.427,1,2,0,0.4
0.955,0.745,9.31679,-9.26849,2.23712,137.59,1,2,0,0.4
0.955,0.755,12.1954,-10.9529,2.43886,142.932,1,2,0,0.4
0.955,0.765,17.0451,-12.2776,2.62292,148.403,1,2,0,0.4
0.955,0.775,24.8519,-13.2191,2.77727,154.731,1,2,0,0.4
0.955,0.785,36.9879,-13.8469,2.89991,162.773,1,2,0,0.4
0.955,0.795,55.0827,-14.2528,2.9899,172.149,1,2,0,0.4
0.955,0.805,80.5071,-14.5137,3.04243,180.415,1,2,0,0.4
0.955,0.815,113.47,-14.6828,3.05034,183.725,1,2,0,0.4
0.955,0.825,151.944,-14.7937,3.01294,178.243,1,2,0,0.4
0.955,0.835,191.627,-14.8669,2.93851,162.824,1,2,0,0.4
0.955,0.845,227.792,-14.9149,2.84378,140.759,1,2,0,0.4
0.955,0.855,258.155,-14.9455,2.75053,118.481,1,2,0,0.4
0.955,0.865,284.222,-14.9644,2.67869,101.792,1,2,0,0.4
0.955,0.875,309.751,-14.9756,2.63841,93.028,1,2,0,0.4
0.955,0.885,338.033,-14.9822,2.62763,91.3058,1,2,0,0.4
0.955,0.895,370.454,-14.9863,2.63734,94.4971,1,2,0,0.4
0.955,0.905,406.763,-14.9891,2.6583,100.685,1,2,0,0.4
0.955,0.915,445.961,-14.9912,2.6842,108.58,1,2,0,0.4
0.955,0.925,486.935,-14.9928,2.71157,117.412,1,2,0,0.4
0.955,0.935,528.722,-14.9941,2.73869,126.735,1,2,0,0.4
0.955,0.945,570.538,-14.9952,2.76479,136.279,1,2,0,0.4
0.955,0.955,611.751,-14.9961,2.78954,145.866,1,2,0,0.4
0.955,0.965,651.835,-14.9968,2.81278,155.362,1,2,0,0.4
0.955,0.975,690.352,-14.9974,2.83446,164.658,1,2,0,0.4
0.955,0.985,726.935,-14.998,2.85456,173.661,1,2,0,0.4
0.955,0.995,761.288,-14.9984,2.87308,182.287,1,2,0,0.4
0.965,0.005,5.80743,9.01714,-2.94164,46.2894,1,2,0,0.4
0.965,0.015,5.78494,8.97902,-2.85342,45.7637,1,2,0,0.4
0.965,0.025,5.78288,8.93627,-2.76019,45.4651,1,2,0,0.4
0.965,0.035,5.79324,8.8878,-2.66866,45.3027,1,2,0,0.4
0.965,0.045,5.81763,8.83191,-2.58068,45.2944,1,2,0,0.4
0.965,0.055,5.86018,8.76635,-2.49752,45.4874,1,2,0,0.4
0.965,0.065,5.92644,8.68828,-2.42056,45.9458,1,2,0,0.4
0.965,0.075,6.02329,8.59426,-2.35133,46.7523,1,2,0,0.4
0.965,0.085,6.15887,8.4804,-2.29144,48.008,1,2,0,0.4
0.965,0.095,6.34218,8.34279,-2.24222,49.8303,1,2,0,0.4
0.965,0.105,6.58224,8.17822,-2.2044,52.3431,1,2,0,0.4
0.965,0.115,6.88654,7.98526,-2.17762,55.6582,1,2,0,0.4
0.965,0.125,7.25898,7.7653,-2.16015,59.8461,1,2,0,0.4
0.965,0.135,7.69761,7.52333,-2.14888,64.9019,1,2,0,0.4
0.965,0.145,8.19273,7.26771,-2.13978,70.7153,1,2,0,0.4
0.965,0.155,8.72659,7.00902,-2.12857,77.0599,1,2,0,0.4
0.965,0.165,9.27504,6.75823,-2.11151,83.6131,1,2,0,0.4
0.965,0.175,9.81125,6.52478,-2.08597,90.0077,1,2,0,0.4
0.965,0.185,10.3105,6.3152,-2.05059,95.8996,1,2,0,0.4
0.965,0.195,10.7544,6.13259,-2.00515,101.03,1,2,0,0.4
0.965,0.205,11.133,5.97691,-1.9503,105.259,1,2,0,0.4
0.965,0.215,11.4446,5.84577,-1.88713,108.563,1,2,0,0.4
0.965,0.225,11.6937,5.73549,-1.81694,111.009,1,2,0,0.4
0.965,0.235,11.8882,5.64194,-1.74098,112.714,1,2,0,0.4
0.965,0.245,12.0373,5.56121,-1.66035,113.81,1,2,0,0.4
0.965,0.255,12.1493,5.48992,-1.57593,114.423,1,2,0,0.4
0.965,0.265,12.2312,5.42536,-1.48842,114.658,1,2,0,0.4
0.965,0.275,12.2881,5.36546,-1.3983,114.596,1,2,0,0.4
0.965,0.285,12.3236,5.30861,-1.30593,114.298,1,2,0,0.4
0.965,0.295,12.34,5.25358,-1.21151,113.806,1,2,0,0.4
0.965,0.305,12.3383,5.19938,-1.1152,113.151,1,2,0,0.4
0.965,0.315,12.319,5.14508,-1.01708,112.353,1,2,0,0.4
0.965,0.325,12.282,5.08984,-0.917206,111.428,1,2,0,0.4
0.965,0.335,12.2264,5.03288,-0.81565,110.388,1,2,0,0.4
0.965,0.345,12.1513,4.97365,-0.712419,109.244,1,2,0,0.4
0.965,0.355,12.0554,4.91179,-0.607387,108.008,1,2,0,0.4
0.965,0.365,11.9367,4.84683,-0.500285,106.691,1,2,0,0.4
0.965,0.375,11.7932,4.77803,-0.390718,105.298,1,2,0,0.4
0.965,0.385,11.6218,4.70441,-0.278116,103.839,1,2,0,0.4
0.965,0.395,11.4182,4.62441,-0.161546,102.324,1,2,0,0.4
0.965,0.405,11.1718,4.53484,-0.039526,100.762,1,2,0,0.4
0.965,0.415,10.8694,4.43596,0.0889001,99.0837,1,2,0,0.4
0.965,0.425,10.5132,4.328,0.223879,97.313,1,2,0,0.4
0.965,0.435,10.1033,4.20842,0.365878,95.4871,1,2,0,0.4
0.965,0.445,9.63966,4.07509,0.515673,93.6197,1,2,0,0.4
0.965,0.455,9.1263,3.92585,0.673831,91.7256,1,2,0,0.4
0.965,0.465,8.57263,3.7588,0.840414,89.8286,1,2,0,0.4
0.965,0.475,7.99481,3.57277,1.01479,87.9677,1,2,0,0.4
0.965,0.485,7.41463,3.36732,1.19545,86.1917,1,2,0,0.4
0.965,0.495,6.85802,3.1435,1.37973,84.564,1,2,0,0.4
0.965,0.505,6.34916,2.90215,1.56307,83.1546,1,2,0,0.4
0.965,0.515,5.90989,2.64558,1.73777,82.0812,1,2,0,0.4
0.965,0.525,5.55751,2.3777,1.89283,81.5191,1,2,0,0.4
0.965,0.535,5.30385,2.10302,2.01463,81.6982,1,2,0,0.4
0.965,0.545,5.15494,1.8256,2.08956,82.8609,1,2,0,0.4
0.965,0.555,5.10858,1.54893,2.11064,85.1326,1,2,0,0.4
0.965,0.565,5.15095,1.27703,2.08528,88.3555,1,2,0,0.4
0.965,0.575,5.25935,1.01528,2.03312,92.0993,1,2,0,0.4
0.965,0.585,5.41075,0.769706,1.97476,95.8887,1,2,0,0.4
0.965,0.595,5.58906,0.544995,1.92239,99.4303,1,2,0,0.4
0.965,0.605,5.78535,0.343154,1.87947,102.648,1,2,0,0.4
0.965,0.615,5.99425,0.163454,1.84515,105.582,1,2,0,0.4
0.965,0.625,6.21005,0.00277992,1.81776,108.296,1,2,0,0.4
0.965,0.635,6.42649,-0.144645,1.79623,110.836,1,2,0,0.4
0.965,0.645,6.63442,-0.288831,1.77986,113.233,1,2,0,0.4
0.965,0.655,6.81982,-0.446834,1.76819,115.502,1,2,0,0.4
0.965,0.665,6.96275,-0.645316,1.76097,117.649,1,2,0,0.4
0.965,0.675,7.04019,-0.921816,1.7582,119.683,1,2,0,0.4
0.965,0.685,7.03588,-1.32468,1.76072,121.633,1,2,0,0.4
0.965,0.695,6.95823,-1.91304,1.77133,123.566,1,2,0,0.4
0.965,0.705,6.85959,-2.75624,1.79627,125.622,1,2,0,0.4
0.965,0.715,6.84781,-3.92598,1.84704,128.057,1,2,0,0.4
0.965,0.725,7.09173,-5.46456,1.93947,131.242,1,2,0,0.4
0.965,0.735,7.83431,-7.29796,2.08336,135.387,1,2,0,0.4
0.965,0.745,9.40044,-9.20895,2.26641,139.96,1,2,0,0.4
0.965,0.755,12.256,-10.9237,2.45753,144.492,1,2,0,0.4
0.965,0.765,17.0842,-12.2664,2.63199,149.242,1,2,0,0.4
0.965,0.775,24.8744,-13.2156,2.78075,155.106,1,2,0,0.4
0.965,0.785,36.9993,-13.846,2.90101,162.917,1,2,0,0.4
0.965,0.795,55.088,-14.2525,2.99021,172.198,1,2,0,0.4
0.965,0.805,80.5092,-14.5136,3.04251,180.43,1,2,0,0.4
0.965,0.815,113.471,-14.6828,3.05036,183.729,1,2,0,0.4
0.965,0.825,151.945,-14.7937,3.01294,178.245,1,2,0,0.4
0.965,0.835,191.627,-14.8669,2.93851,162.824,1,2,0,0.4
0.965,0.845,227.792,-14.9149,2.84378,140.759,1,2,0,0.4
0.965,0.855,258.155,-14.9455,2.75053,118.481,1,2,0,0.4
0.965,0.865,284.222,-14.9644,2.67869,101.792,1,2,0,0.4
0.965,0.875,309.751,-14.9756,2.63841,93.028,1,2,0,0.4
0.965,0.885,338.033,-14.9822,2.62763,91.3058,1,2,0,0.4
0.965,0.895,370.454,-14.9863,2.63734,94.4971,1,2,0,0.4
0.965,0.905,406.763,-14.9891,2.6583,100.685,1,2,0,0.4
0.965,0.915,445.961,-14.9912,2.6842,108.58,1,2,0,0.4
0.965,0.925,486.935,-14.9928,2.71157,117.412,1,2,0,0.4
0.965,0.935,528.722,-14.9941,2.73869,126.735,1,2,0,0.4
0.965,0.945,570.538,-14.9952,2.76479,136.279,1,2,0,0.4
0.965,0.955,611.751,-14.9961,2.78954,145.866,1,2,0,0.4
0.965,0.965,651.835,-14.9968,2.81278,155.362,1,2,0,0.4
0.965,0.975,690.352,-14.9974,2.83446,164.658,1,2,0,0.4
0.965,0.985,726.935,-14.998,2.85456,173.661,1,2,0,0.4
0.965,0.995,761.288,-14.9984,2.87308,182.287,1,2,0,0.4
0.975,0.005,5.91624,8.99619,-2.95726,47.5663,1,2,0,0.4
0.975,0.015,5.92941,8.93794,-2.87782,47.4518,1,2,0,0.4
0.975,0.025,5.97403,8.86965,-2.79479,47.6957,1,2,0,0.4
0.975,0.035,6.04309,8.78926,-2.71577,48.2224,1,2,0,0.4
0.975,0.045,6.14038,8.69397,-2.64299,49.0816,1,2,0,0.4
0.975,0.055,6.27225,8.58068,-2.57777,50.3555,1,2,0,0.4
0.975,0.065,6.44588,8.44637,-2.5211,52.1408,1,2,0,0.4
0.975,0.075,6.66849,8.28856,-2.47356,54.5386,1,2,0,0.4
0.975,0.085,6.94623,8.10613,-2.43502,57.6419,1,2,0,0.4
0.975,0.095,7.28281,7.90001,-2.40444,61.5143,1,2,0,0.4
0.975,0.105,7.67782,7.67373,-2.37983,66.166,1,2,0,0.4
0.975,0.115,8.12527,7.43348,-2.35841,71.53,1,2,0,0.4
0.975,0.125,8.61289,7.18747,-2.33702,77.4481,1,2,0,0.4
0.975,0.135,9.12269,6.94478,-2.31264,83.6765,1,2,0,0.4
0.975,0.145,9.63304,6.71396,-2.28278,89.914,1,2,0,0.4
0.975,0.155,10.1219,6.5018,-2.24579,95.8489,1,2,0,0.4
0.975,0.165,10.5703,6.31257,-2.20087,101.211,1,2,0,0.4
0.975,0.175,10.9651,6.14788,-2.148,105.81,1,2,0,0.4
0.975,0.185,11.2999,6.00704,-2.08768,109.558,1,2,0,0.4
0.975,0.195,11.5746,5.88767,-2.02071,112.456,1,2,0,0.4
0.975,0.205,11.7938,5.78651,-1.94802,114.574,1,2,0,0.4
0.975,0.215,11.9645,5.70002,-1.87055,116.018,1,2,0,0.4
0.975,0.225,12.0945,5.62486,-1.7891,116.906,1,2,0,0.4
0.975,0.235,12.1909,5.55813,-1.70436,117.35,1,2,0,0.4
0.975,0.245,12.2599,5.49749,-1.61688,117.442,1,2,0,0.4
0.975,0.255,12.3061,5.4411,-1.52704,117.257,1,2,0,0.4
0.975,0.265,12.3326,5.38757,-1.43516,116.851,1,2,0,0.4
0.975,0.275,12.3417,5.33583,-1.34142,116.264,1,2,0,0.4
0.975,0.285,12.3344,5.28506,-1.24594,115.526,1,2,0,0.4
0.975,0.295,12.3112,5.23459,-1.14877,114.656,1,2,0,0.4
0.975,0.305,12.2719,5.18378,-1.04995,113.669,1,2,0,0.4
0.975,0.315,12.2162,5.13202,-0.949449,112.575,1,2,0,0.4
0.975,0.325,12.1431,5.07865,-0.847273,111.382,1,2,0,0.4
0.975,0.335,12.0516,5.02304,-0.743399,110.098,1,2,0,0.4
0.975,0.345,11.9403,4.96466,-0.637767,108.731,1,2,0,0.4
0.975,0.355,11.8077,4.90314,-0.530194,107.29,1,2,0,0.4
0.975,0.365,11.6519,4.83797,-0.420351,105.783,1,2,0,0.4
0.975,0.375,11.4703,4.76835,-0.30775,104.22,1,2,0,0.4
0.975,0.385,11.2594,4.69304,-0.191645,102.61,1,2,0,0.4
0.975,0.395,11.0118,4.60952,-0.0707968,100.969,1,2,0,0.4
0.975,0.405,10.7145,4.51676,0.0557715,99.253,1,2,0,0.4
0.975,0.415,10.369,4.41589,0.188227,97.4591,1,2,0,0.4
0.975,0.425,9.97756,4.30465,0.326756,95.6371,1,2,0,0.4
0.975,0.435,9.54101,4.18108,0.471973,93.806,1,2,0,0.4
0.975,0.445,9.06258,4.04321,0.624477,91.98,1,2,0,0.4
0.975,0.455,8.54919,3.88911,0.784582,90.1752,1,2,0,0.4
0.975,0.465,8.0126,3.71714,0.952154,88.4147,1,2,0,0.4
0.975,0.475,7.46933,3.5266,1.12646,86.7277,1,2,0,0.4
0.975,0.485,6.93928,3.31767,1.30579,85.1475,1,2,0,0.4
0.975,0.495,6.44431,3.09175,1.48712,83.7263,1,2,0,0.4
0.975,0.505,6.00397,2.8506,1.66554,82.5322,1,2,0,0.4
0.975,0.515,5.6347,2.59718,1.83321,81.6804,1,2,0,0.4
0.975,0.525,5.34916,2.3356,1.97911,81.3471,1,2,0,0.4
0.975,0.535,5.15645,2.07017,2.08962,81.7715,1,2,0,0.4
0.975,0.545,5.06186,1.80448,2.15132,83.2084,1,2,0,0.4
0.975,0.555,5.06335,1.54136,2.15826,85.7838,1,2,0,0.4
0.975,0.565,5.14724,1.284,2.11974,89.3191,1,2,0,0.4
0.975,0.575,5.29067,1.03685,2.05714,93.3542,1,2,0,0.4
0.975,0.585,5.47074,0.804976,1.99156,97.3973,1,2,0,0.4
0.975,0.595,5.67208,0.592287,1.93461,101.16,1,2,0,0.4
0.975,0.605,5.8868,0.400376,1.88888,104.578,1,2,0,0.4
0.975,0.615,6.11041,0.228478,1.85291,107.7,1,2,0,0.4
0.975,0.625,6.33847,0.0737149,1.82469,110.592,1,2,0,0.4
0.975,0.635,6.5638,-0.0693257,1.80278,113.302,1,2,0,0.4
0.975,0.645,6.77877,-0.210215,1.78649,115.856,1,2,0,0.4
0.975,0.655,6.96937,-0.365364,1.77527,118.27,1,2,0,0.4
0.975,0.665,7.11538,-0.560687,1.76885,120.549,1,2,0,0.4
0.975,0.675,7.19287,-0.832997,1.76734,122.701,1,2,0,0.4
0.975,0.685,7.18494,-1.23025,1.77188,124.751,1,2,0,0.4
0.975,0.695,7.10055,-1.81189,1.78567,126.759,1,2,0,0.4
0.975,0.705,6.99354,-2.64846,1.81532,128.857,1,2,0,0.4
0.975,0.715,6.97269,-3.81456,1.87212,131.283,1,2,0,0.4
0.975,0.725,7.20588,-5.36004,1.97017,134.364,1,2,0,0.4
0.975,0.735,7.92979,-7.21867,2.11464,138.079,1,2,0,0.4
0.975,0.745,9.4703,-9.16306,2.29017,141.883,1,2,0,0.4
0.975,0.755,12.3005,-10.9036,2.47083,145.6,1,2,0,0.4
0.975,0.765,17.1092,-12.2596,2.63764,149.762,1,2,0,0.4
0.975,0.775,24.8869,-13.2138,2.78266,155.311,1,2,0,0.4
0.975,0.785,37.005,-13.8456,2.90155,162.987,1,2,0,0.4
0.975,0.795,55.0903,-14.2525,2.99034,172.219,1,2,0,0.4
0.975,0.805,80.5101,-14.5136,3.04254,180.436,1,2,0,0.4
0.975,0.815,113.471,-14.6828,3.05036,183.731,1,2,0,0.4
0.975,0.825,151.945,-14.7937,3.01295,178.245,1,2,0,0.4
0.975,0.835,191.627,-14.8669,2.93851,162.824,1,2,0,0.4
0.975,0.845,227.792,-14.9149,2.84378,140.759,1,2,0,0.4
0.975,0.855,258.155,-14.9455,2.75053,118.481,1,2,0,0.4
0.975,0.865,284.222,-14.9644,2.67869,101.792,1,2,0,0.4
0.975,0.875,309.751,-14.9756,2.63841,93.028,1,2,0,0.4
0.975,0.885,338.033,-14.9822,2.62763,91.3058,1,2,0,0.4
0.975,0.895,370.454,-14.9863,2.63734,94.4971,1,2,0,0.4
0.975,0.905,406.763,-14.9891,2.6583,100.685,1,2,0,0.4
0.975,0.915,445.961,-14.9912,2.6842,108.58,1,2,0,0.4
0.975,0.925,486.935,-14.9928,2.71157,117.412,1,2,0,0.4
0.975,0.935,528.722,-14.9941,2.73869,126.735,1,2,0,0.4
0.975,0.945,570.538,-14.9952,2.76479,136.279,1,2,0,0.4
0.975,0.955,611.751,-14.9961,2.78954,145.866,1,2,0,0.4
0.975,0.965,651.835,-14.9968,2.81278,155.362,1,2,0,0.4
0.975,0.975,690.352,-14.9974,2.83446,164.658,1,2,0,0.4
0.975,0.985,726.935,-14.998,2.85456,173.661,1,2,0,0.4
0.975,0.995,761.288,-14.9984,2.87308,182.287,1,2,0,0.4
0.985,0.005,6.28985,8.82533,-3.00866,52.1002,1,2,0,0.4
0.985,0.015,6.37845,8.72429,-2.94497,52.9276,1,2,0,0.4
0.985,0.025,6.51669,8.60566,-2.87811,54.3621,1,2,0,0.4
0.985,0.035,6.6953,8.46827,-2.8165,56.3092,1,2,0,0.4
0.985,0.045,6.91712,8.31086,-2.76167,58.8175,1,2,0,0.4
0.985,0.055,7.18604,8.13314,-2.71363,61.9491,1,2,0,0.4
0.985,0.065,7.50425,7.93637,-2.67166,65.744,1,2,0,0.4
0.985,0.075,7.87096,7.72362,-2.63444,70.2012,1,2,0,0.4
0.985,0.085,8.28136,7.49977,-2.60013,75.262,1,2,0,0.4
0.985,0.095,8.72609,7.27112,-2.5666,80.801,1,2,0,0.4
0.985,0.105,9.19159,7.04466,-2.53173,86.6279,1,2,0,0.4
0.985,0.115,9.66119,6.8272,-2.49362,92.5049,1,2,0,0.4
0.985,0.125,10.1172,6.62449,-2.45082,98.1762,1,2,0,0.4
0.985,0.135,10.5434,6.44062,-2.40244,103.405,1,2,0,0.4
0.985,0.145,10.927,6.27773,-2.34808,108.005,1,2,0,0.4
0.985,0.155,11.2602,6.1361,-2.2878,111.864,1,2,0,0.4
0.985,0.165,11.5402,6.01447,-2.22195,114.944,1,2,0,0.4
0.985,0.175,11.7684,5.91058,-2.15107,117.275,1,2,0,0.4
0.985,0.185,11.9495,5.82163,-2.07578,118.927,1,2,0,0.4
0.985,0.195,12.0895,5.74472,-1.99669,119.998,1,2,0,0.4
0.985,0.205,12.1948,5.67717,-1.91435,120.586,1,2,0,0.4
0.985,0.215,12.2712,5.61663,-1.82924,120.785,1,2,0,0.4
0.985,0.225,12.3237,5.56119,-1.74174,120.674,1,2,0,0.4
0.985,0.235,12.356,5.50932,-1.65216,120.316,1,2,0,0.4
0.985,0.245,12.3708,5.45986,-1.56072,119.759,1,2,0,0.4
0.985,0.255,12.3699,5.41193,-1.46758,119.039,1,2,0,0.4
0.985,0.265,12.3544,5.36484,-1.37285,118.181,1,2,0,0.4
0.985,0.275,12.3246,5.31806,-1.27657,117.204,1,2,0,0.4
0.985,0.285,12.2804,5.27113,-1.17875,116.121,1,2,0,0.4
0.985,0.295,12.2214,5.22363,-1.07937,114.94,1,2,0,0.4
0.985,0.305,12.147,5.17512,-0.978389,113.669,1,2,0,0.4
0.985,0.315,12.0561,5.12513,-0.875734,112.314,1,2,0,0.4
0.985,0.325,11.9477,5.07311,-0.771344,110.878,1,2,0,0.4
0.985,0.335,11.8205,5.0185,-0.665142,109.368,1,2,0,0.4
0.985,0.345,11.6731,4.96077,-0.557011,107.792,1,2,0,0.4
0.985,0.355,11.5039,4.89946,-0.446721,106.157,1,2,0,0.4
0.985,0.365,11.3111,4.83395,-0.333886,104.476,1,2,0,0.4
0.985,0.375,11.0918,4.76321,-0.2179,102.759,1,2,0,0.4
0.985,0.385,10.8407,4.68532,-0.0977542,101.024,1,2,0,0.4
0.985,0.395,10.5462,4.59834,0.0274861,99.25,1,2,0,0.4
0.985,0.405,10.2088,4.50394,0.15803,97.4187,1,2,0,0.4
0.985,0.415,9.8319,4.40006,0.293877,95.5831,1,2,0,0.4
0.985,0.425,9.41744,4.28494,0.435442,93.7685,1,2,0,0.4
0.985,0.435,8.96838,4.15682,0.583244,91.9906,1,2,0,0.4
0.985,0.445,8.49018,4.01392,0.737691,90.262,1,2,0,0.4
0.985,0.455,7.99151,3.85461,0.898926,88.5943,1,2,0,0.4
0.985,0.465,7.48486,3.67771,1.06669,87.0041,1,2,0,0.4
0.985,0.475,6.98542,3.48331,1.24003,85.5029,1,2,0,0.4
0.985,0.485,6.51075,3.27198,1.41694,84.1182,1,2,0,0.4
0.985,0.495,6.07861,3.04542,1.59407,82.8963,1,2,0,0.4
0.985,0.505,5.70416,2.80593,1.76627,81.906,1,2,0,0.4
0.985,0.515,5.3995,2.55685,1.92572,81.2626,1,2,0,0.4
0.985,0.525,5.17406,2.30231,2.06156,81.1459,1,2,0,0.4
0.985,0.535,5.03544,2.04637,2.1603,81.8046,1,2,0,0.4
0.985,0.545,4.98899,1.7922,2.20875,83.5064,1,2,0,0.4
0.985,0.555,5.03329,1.54211,2.202,86.3791,1,2,0,0.4
0.985,0.565,5.15495,1.29855,2.15093,90.2274,1,2,0,0.4
0.985,0.575,5.33088,1.06504,2.07842,94.5638,1,2,0,0.4
0.985,0.585,5.53808,0.845727,2.00601,98.879,1,2,0,0.4
0.985,0.595,5.7616,0.643856,1.94478,102.885,1,2,0,0.4
0.985,0.605,5.99426,0.460758,1.8965,106.526,1,2,0,0.4
0.985,0.615,6.23225,0.295743,1.85911,109.856,1,2,0,0.4
0.985,0.625,6.47174,0.146207,1.8302,112.944,1,2,0,0.4
0.985,0.635,6.70663,0.00707758,1.80808,115.837,1,2,0,0.4
0.985,0.645,6.92819,-0.130827,1.79181,118.561,1,2,0,0.4
0.985,0.655,7.12291,-0.283395,1.7808,121.13,1,2,0,0.4
0.985,0.665,7.27009,-0.475912,1.77477,123.548,1,2,0,0.4
0.985,0.675,7.34533,-0.744682,1.77405,125.821,1,2,0,0.4
0.985,0.685,7.33216,-1.13751,1.7802,127.967,1,2,0,0.4
0.985,0.695,7.24067,-1.71429,1.79692,130.039,1,2,0,0.4
0.985,0.705,7.12553,-2.54681,1.83115,132.146,1,2,0,0.4
0.985,0.715,7.09487,-3.71258,1.89386,134.487,1,2,0,0.4
0.985,0.725,7.3132,-5.26958,1.99666,137.287,1,2,0,0.4
0.985,0.735,8.00919,-7.158,2.13954,140.277,1,2,0,0.4
0.985,0.745,9.51957,-9.13297,2.30641,143.203,1,2,0,0.4
0.985,0.755,12.3269,-10.8925,2.4785,146.236,1,2,0,0.4
0.985,0.765,17.1218,-12.2563,2.64041,150.016,1,2,0,0.4
0.985,0.775,24.8923,-13.213,2.78346,155.397,1,2,0,0.4
0.985,0.785,37.0071,-13.8454,2.90175,163.012,1,2,0,0.4
0.985,0.795,55.0911,-14.2524,2.99038,172.226,1,2,0,0.4
0.985,0.805,80.5104,-14.5136,3.04255,180.438,1,2,0,0.4
0.985,0.815,113.471,-14.6828,3.05037,183.731,1,2,0,0.4
0.985,0.825,151.945,-14.7937,3.01295,178.245,1,2,0,0.4
0.985,0.835,191.627,-14.8669,2.93851,162.824,1,2,0,0.4
0.985,0.845,227.792,-14.9149,2.84378,140.759,1,2,0,0.4
0.985,0.855,258.155,-14.9455,2.75053,118.481,1,2,0,0.4
0.985,0.865,284.222,-14.9644,2.67869,101.792,1,2,0,0.4
0.985,0.875,309.751,-14.9756,2.63841,93.028,1,2,0,0.4
0.985,0.885,338.033,-14.9822,2.62763,91.3058,1,2,0,0.4
0.985,0.895,370.454,-14.9863,2.63734,94.4971,1,2,0,0.4
0.985,0.905,406.763,-14.9891,2.6583,100.685,1,2,0,0.4
0.985,0.915,445.961,-14.9912,2.6842,108.58,1,2,0,0.4
0.985,0.925,486.935,-14.9928,2.71157,117.412,1,2,0,0.4
0.985,0.935,528.722,-14.9941,2.73869,126.735,1,2,0,0.4
0.985,0.945,570.538,-14.9952,2.76479,136.279,1,2,0,0.4
0.985,0.955,611.751,-14.9961,2.78954,145.866,1,2,0,0.4
0.985,0.965,651.835,-14.9968,2.81278,155.362,1,2,0,0.4
0.985,0.975,690.352,-14.9974,2.83446,164.658,1,2,0,0.4
0.985,0.985,726.935,-14.998,2.85456,173.661,1,2,0,0.4
0.985,0.995,761.288,-14.9984,2.87308,182.287,1,2,0,0.4
0.995,0.005,7.21664,8.35817,-3.1052,64.2379,1,2,0,0.4
0.995,0.015,7.41533,8.20337,-3.05854,66.614,1,2,0,0.4
0.995,0.025,7.67862,8.03117,-3.00438,69.8466,1,2,0,0.4
0.995,0.035,7.98518,7.84523,-2.95235,73.6737,1,2,0,0.4
0.995,0.045,8.32921,7.64879,-2.90328,78.023,1,2,0,0.4
0.995,0.055,8.70529,7.44584,-2.8563,82.82,1,2,0,0.4
0.995,0.065,9.10555,7.24108,-2.81015,87.9515,1,2,0,0.4
0.995,0.075,9.51949,7.03948,-2.76349,93.264,1,2,0,0.4
0.995,0.085,9.93473,6.84587,-2.7151,98.5739,1,2,0,0.4
0.995,0.095,10.3382,6.66437,-2.66397,103.687,1,2,0,0.4
0.995,0.105,10.7177,6.49807,-2.60933,108.421,1,2,0,0.4
0.995,0.115,11.0631,6.34877,-2.55073,112.627,1,2,0,0.4
0.995,0.125,11.3677,6.21699,-2.488,116.206,1,2,0,0.4
0.995,0.135,11.6281,6.10216,-2.42116,119.114,1,2,0,0.4
0.995,0.145,11.8442,6.00281,-2.35043,121.356,1,2,0,0.4
0.995,0.155,12.0185,5.91696,-2.27608,122.977,1,2,0,0.4
0.995,0.165,12.1553,5.84241,-2.19848,124.047,1,2,0,0.4
0.995,0.175,12.2593,5.77696,-2.11797,124.644,1,2,0,0.4
0.995,0.185,12.3354,5.71859,-2.03488,124.851,1,2,0,0.4
0.995,0.195,12.388,5.66555,-1.94951,124.737,1,2,0,0.4
0.995,0.205,12.4207,5.61639,-1.8621,124.367,1,2,0,0.4
0.995,0.215,12.4364,5.56995,-1.77285,123.788,1,2,0,0.4
0.995,0.225,12.4371,5.52533,-1.68193,123.039,1,2,0,0.4
0.995,0.235,12.4241,5.48183,-1.58943,122.149,1,2,0,0.4
0.995,0.245,12.3981,5.4389,-1.49545,121.139,1,2,0,0.4
0.995,0.255,12.3595,5.39614,-1.40002,120.023,1,2,0,0.4
0.995,0.265,12.308,5.35318,-1.30315,118.813,1,2,0,0.4
0.995,0.275,12.2434,5.30973,-1.20484,117.516,1,2,0,0.4
0.995,0.285,12.1648,5.2655,-1.10502,116.137,1,2,0,0.4
0.995,0.295,12.0717,5.22018,-1.00365,114.682,1,2,0,0.4
0.995,0.305,11.9629,5.17341,-0.900624,113.155,1,2,0,0.4
0.995,0.315,11.8376,5.12479,-0.795851,111.56,1,2,0,0.4
0.995,0.325,11.6944,5.07382,-0.689222,109.901,1,2,0,0.4
0.995,0.335,11.5324,5.01994,-0.580616,108.186,1,2,0,0.4
0.995,0.345,11.3501,4.96255,-0.46987,106.422,1,2,0,0.4
0.995,0.355,11.1461,4.90107,-0.356705,104.621,1,2,0,0.4
0.995,0.365,10.9185,4.83463,-0.24065,102.798,1,2,0,0.4
0.995,0.375,10.6632,4.76168,-0.120895,100.97,1,2,0,0.4
0.995,0.385,10.3706,4.68004,0.00342166,99.1346,1,2,0,0.4
0.995,0.395,10.0399,4.59122,0.132543,97.2644,1,2,0,0.4
0.995,0.405,9.67548,4.49365,0.26636,95.4113,1,2,0,0.4
0.995,0.415,9.27972,4.38566,0.405119,93.6047,1,2,0,0.4
0.995,0.425,8.85562,4.26572,0.54922,91.8613,1,2,0,0.4
0.995,0.435,8.40777,4.13227,0.699057,90.1925,1,2,0,0.4
0.995,0.445,7.94292,3.98386,0.854904,88.6045,1,2,0,0.4
0.995,0.455,7.47029,3.8194,1.01675,87.0993,1,2,0,0.4
0.995,0.465,7.00132,3.63884,1.18404,85.6732,1,2,0,0.4
0.995,0.475,6.55016,3.44237,1.35537,84.3397,1,2,0,0.4
0.995,0.485,6.13183,3.23068,1.52845,83.1273,1,2,0,0.4
0.995,0.495,5.76034,3.00555,1.69974,82.0828,1,2,0,0.4
0.995,0.505,5.44701,2.7695,1.86405,81.2766,1,2,0,0.4
0.995,0.515,5.20066,2.52597,2.01382,80.8253,1,2,0,0.4
0.995,0.525,5.02854,2.27899,2.13855,80.9113,1,2,0,0.4
0.995,0.535,4.93757,2.03239,2.22511,81.7911,1,2,0,0.4
0.995,0.545,4.93358,1.78911,2.26062,83.7439,1,2,0,0.4
0.995,0.555,5.01605,1.55111,2.24102,86.9017,1,2,0,0.4
0.995,0.565,5.17211,1.32025,2.17842,91.0597,1,2,0,0.4
0.995,0.575,5.3784,1.09913,2.09688,95.7077,1,2,0,0.4
0.995,0.585,5.61156,0.891029,2.01834,100.317,1,2,0,0.4
0.995,0.595,5.85661,0.698669,1.95344,104.594,1,2,0,0.4
0.995,0.605,6.10671,0.523298,1.90326,108.484,1,2,0,0.4
0.995,0.615,6.35852,0.364401,1.86502,112.045,1,2,0,0.4
0.995,0.625,6.60863,0.219653,1.83578,115.349,1,2,0,0.4
0.995,0.635,6.85184,0.0842842,1.81347,118.444,1,2,0,0.4
0.995,0.645,7.07853,-0.0505819,1.79672,121.356,1,2,0,0.4
0.995,0.655,7.27485,-0.200521,1.78504,124.093,1,2,0,0.4
0.995,0.665,7.42067,-0.390452,1.77844,126.656,1,2,0,0.4
0.995,0.675,7.49258,-0.656413,1.77767,129.048,1,2,0,0.4
0.995,0.685,7.4748,-1.04626,1.78471,131.281,1,2,0,0.4
0.995,0.695,7.37742,-1.62045,1.80358,133.391,1,2,0,0.4
0.995,0.705,7.254,-2.45238,1.84137,135.443,1,2,0,0.4
0.995,0.715,7.20977,-3.62337,1.90873,137.539,1,2,0,0.4
0.995,0.725,7.40137,-5.20129,2.01441,139.673,1,2,0,0.4
0.995,0.735,8.05841,-7.12314,2.15398,141.615,1,2,0,0.4
0.995,0.745,9.54291,-9.1196,2.31385,143.813,1,2,0,0.4
0.995,0.755,12.3367,-10.8885,2.4813,146.468,1,2,0,0.4
0.995,0.765,17.1256,-12.2554,2.64123,150.09,1,2,0,0.4
0.995,0.775,24.8937,-13.2128,2.78366,155.418,1,2,0,0.4
0.995,0.785,37.0076,-13.8454,2.90179,163.017,1,2,0,0.4
0.995,0.795,55.0912,-14.2524,2.99039,172.227,1,2,0,0.4
0.995,0.805,80.5104,-14.5136,3.04255,180.438,1,2,0,0.4
0.995,0.815,113.471,-14.6828,3.05037,183.731,1,2,0,0.4
0.995,0.825,151.945,-14.7937,3.01295,178.245,1,2,0,0.4
0.995,0.835,191.627,-14.8669,2.93851,162.824,1,2,0,0.4
0.995,0.845,227.792,-14.9149,2.84378,140.759,1,2,0,0.4
0.995,0.855,258.155,-14.9455,2.75053,118.481,1,2,0,0.4
0.995,0.865,284.222,-14.9644,2.67869,101.792,1,2,0,0.4
0.995,0.875,309.751,-14.9756,2.63841,93.028,1,2,0,0.4
0.995,0.885,338.033,-14.9822,2.62763,91.3058,1,2,0,0.4
0.995,0.895,370.454,-14.9863,2.63734,94.4971,1,2,0,0.4
0.995,0.905,406.763,-14.9891,2.6583,100.685,1,2,0,0.4
0.995,0.915,445.961,-14.9912,2.6842,108.58,1,2,0,0.4
0.995,0.925,486.935,-14.9928,2.71157,117.412,1,2,0,0.4
0.995,0.935,528.722,-14.9941,2.73869,126.735,1,2,0,0.4
0.995,0.945,570.538,-14.9952,2.76479,136.279,1,2,0,0.4
0.995,0.955,611.751,-14.9961,2.78954,145.866,1,2,0,0.4
0.995,0.965,651.835,-14.9968,2.81278,155.362,1,2,0,0.4
0.995,0.975,690.352,-14.9974,2.83446,164.658,1,2,0,0.4
0.995,0.985,726.935,-14.998,2.85456,173.661,1,2,0,0.4
0.995,0.995,761.288,-14.9984,2.87308,182.287,1,2,0,0.4
