x,y,rho,u,v,p,rho_exact,u_exact,v_exact,p_exact
0.005,0.005,27.1563,2.48918,-5.70358,411.892,1,-2,0,0.4
0.005,0.015,27.2563,2.4415,-5.5872,406.933,1,-2,0,0.4
0.005,0.025,27.3683,2.39215,-5.47105,401.924,1,-2,0,0.4
0.005,0.035,27.4921,2.34117,-5.35516,396.862,1,-2,0,0.4
0.005,0.045,27.6275,2.28862,-5.23954,391.745,1,-2,0,0.4
0.005,0.055,27.7742,2.23455,-5.12421,386.572,1,-2,0,0.4
0.005,0.065,27.9318,2.17905,-5.00919,381.34,1,-2,0,0.4
0.005,0.075,28.0999,2.12218,-4.89449,376.047,1,-2,0,0.4
0.005,0.085,28.2779,2.06401,-4.78012,370.691,1,-2,0,0.4
0.005,0.095,28.4652,2.00462,-4.6661,365.272,1,-2,0,0.4
0.005,0.105,28.661,1.9441,-4.55245,359.786,1,-2,0,0.4
0.005,0.115,28.8646,1.88252,-4.43917,354.234,1,-2,0,0.4
0.005,0.125,29.0749,1.81998,-4.32628,348.613,1,-2,0,0.4
0.005,0.135,29.2908,1.75656,-4.21379,342.924,1,-2,0,0.4
0.005,0.145,29.5113,1.69236,-4.10171,337.164,1,-2,0,0.4
0.005,0.155,29.7349,1.62747,-3.99003,331.337,1,-2,0,0.4
0.005,0.165,29.9623,1.56201,-3.87852,325.469,1,-2,0,0.4
0.005,0.175,30.1904,1.49606,-3.76737,319.542,1,-2,0,0.4
0.005,0.185,30.4169,1.42976,-3.65667,313.545,1,-2,0,0.4
0.005,0.195,30.6398,1.36324,-3.54641,307.479,1,-2,0,0.4
0.005,0.205,30.8572,1.29665,-3.4366,301.345,1,-2,0,0.4
0.005,0.215,31.0669,1.23014,-3.32722,295.146,1,-2,0,0.4
0.005,0.225,31.2669,1.16386,-3.21828,288.886,1,-2,0,0.4
0.005,0.235,31.4549,1.09793,-3.10974,282.569,1,-2,0,0.4
0.005,0.245,31.6288,1.0325,-3.00158,276.201,1,-2,0,0.4
0.005,0.255,31.7866,0.967691,-2.89374,269.789,1,-2,0,0.4
0.005,0.265,31.9264,0.903623,-2.78616,263.345,1,-2,0,0.4
0.005,0.275,32.0465,0.840413,-2.67874,256.879,1,-2,0,0.4
0.005,0.285,32.1457,0.778168,-2.57137,250.405,1,-2,0,0.4
0.005,0.295,32.2231,0.716988,-2.46392,243.943,1,-2,0,0.4
0.005,0.305,32.2783,0.656959,-2.35619,237.509,1,-2,0,0.4
0.005,0.315,32.3114,0.598153,-2.24801,231.127,1,-2,0,0.4
0.005,0.325,32.3231,0.540625,-2.13915,224.819,1,-2,0,0.4
0.005,0.335,32.3145,0.48441,-2.02935,218.609,1,-2,0,0.4
0.005,0.345,32.2871,0.429521,-1.91839,212.521,1,-2,0,0.4
0.005,0.355,32.2426,0.375948,-1.80603,206.575,1,-2,0,0.4
0.005,0.365,32.1814,0.32366,-1.69219,200.778,1,-2,0,0.4
0.005,0.375,32.103,0.27262,-1.5769,195.125,1,-2,0,0.4
0.005,0.385,32.0056,0.222792,-1.46031,189.603,1,-2,0,0.4
0.005,0.395,31.8879,0.174139,-1.34255,184.199,1,-2,0,0.4
0.005,0.405,31.7487,0.126625,-1.22379,178.907,1,-2,0,0.4
0.005,0.415,31.5875,0.0802029,-1.10413,173.721,1,-2,0,0.4
0.005,0.425,31.4045,0.0348125,-0.983684,168.645,1,-2,0,0.4
0.005,0.435,31.2008,-0.00963101,-0.862552,163.684,1,-2,0,0.4
0.005,0.445,30.9785,-0.0532522,-0.740825,158.851,1,-2,0,0.4
0.005,0.455,30.7405,-0.0962425,-0.618622,154.161,1,-2,0,0.4
0.005,0.465,30.4921,-0.138817,-0.496474,149.627,1,-2,0,0.4
0.005,0.475,30.2371,-0.181192,-0.374692,145.269,1,-2,0,0.4
0.005,0.485,29.9808,-0.223623,-0.253532,141.109,1,-2,0,0.4
0.005,0.495,29.7296,-0.266575,-0.133276,137.181,1,-2,0,0.4
0.005,0.505,29.5008,-0.312456,-0.0139817,133.538,1,-2,0,0.4
0.005,0.515,29.3179,-0.364333,0.103698,130.161,1,-2,0,0.4
0.005,0.525,29.1737,-0.417762,0.218344,127.168,1,-2,0,0.4
0.005,0.535,29.0769,-0.47339,0.32883,124.64,1,-2,0,0.4
0.005,0.545,29.0276,-0.532,0.434325,122.634,1,-2,0,0.4
0.005,0.555,29.026,-0.594482,0.534032,121.203,1,-2,0,0.4
0.005,0.565,29.0701,-0.661875,0.62734,120.391,1,-2,0,0.4
0.005,0.575,29.1482,-0.735294,0.713984,120.212,1,-2,0,0.4
0.005,0.585,29.2318,-0.815882,0.794166,120.647,1,-2,0,0.4
0.005,0.595,29.2677,-0.904841,0.868566,121.634,1,-2,0,0.4
0.005,0.605,29.1709,-1.0037,0.938224,123.07,1,-2,0,0.4
0.005,0.615,28.8194,-1.11518,1.00435,124.825,1,-2,0,0.4
0.005,0.625,28.0591,-1.24515,1.06822,126.755,1,-2,0,0.4
0.005,0.635,26.7282,-1.40636,1.13131,128.724,1,-2,0,0.4
0.005,0.645,24.7104,-1.62473,1.19583,130.638,1,-2,0,0.4
0.005,0.655,22.0164,-1.94987,1.26613,132.495,1,-2,0,0.4
0.005,0.665,18.8716,-2.47143,1.35196,134.471,1,-2,0,0.4
0.005,0.675,15.7611,-3.3364,1.47406,136.937,1,-2,0,0.4
0.005,0.685,13.3427,-4.7325,1.66527,139.991,1,-2,0,0.4
0.005,0.695,12.2892,-6.71765,1.95012,143.42,1,-2,0,0.4
0.005,0.705,13.1552,-8.9901,2.30511,146.62,1,-2,0,0.4
0.005,0.715,16.5464,-11.025,2.64355,149.309,1,-2,0,0.4
0.005,0.725,23.3818,-12.5139,2.87761,151.478,1,-2,0,0.4
0.005,0.735,34.8541,-13.476,2.98086,152.261,1,-2,0,0.4
0.005,0.745,51.8717,-14.0647,2.98594,149.432,1,-2,0,0.4
0.005,0.755,74.5497,-14.4211,2.93682,141.765,1,-2,0,0.4
0.005,0.765,102.271,-14.637,2.86601,130.858,1,-2,0,0.4
0.005,0.775,133.941,-14.7683,2.79644,119.397,1,-2,0,0.4
0.005,0.785,168.377,-14.8488,2.73964,109.542,1,-2,0,0.4
0.005,0.795,204.538,-14.8989,2.69871,102.306,1,-2,0,0.4
0.005,0.805,241.668,-14.9309,2.67283,97.9089,1,-2,0,0.4
0.005,0.815,279.441,-14.9519,2.66029,96.2769,1,-2,0,0.4
0.005,0.825,317.982,-14.9659,2.65928,97.2519,1,-2,0,0.4
0.005,0.835,357.679,-14.9754,2.66783,100.604,1,-2,0,0.4
0.005,0.845,398.894,-14.982,2.6837,106.016,1,-2,0,0.4
0.005,0.855,441.734,-14.9866,2.70461,113.105,1,-2,0,0.4
0.005,0.865,485.973,-14.9898,2.72849,121.467,1,-2,0,0.4
0.005,0.875,531.103,-14.9922,2.75368,130.716,1,-2,0,0.4
0.005,0.885,576.437,-14.994,2.779,140.509,1,-2,0,0.4
0.005,0.895,621.228,-14.9953,2.80363,150.553,1,-2,0,0.4
0.005,0.905,664.751,-14.9963,2.82706,160.602,1,-2,0,0.4
0.005,0.915,706.363,-14.9972,2.84901,170.456,1,-2,0,0.4
0.005,0.925,745.532,-14.9978,2.86929,179.953,1,-2,0,0.4
0.005,0.935,781.85,-14.9983,2.88784,188.965,1,-2,0,0.4
0.005,0.945,815.038,-14.9987,2.90464,197.392,1,-2,0,0.4
0.005,0.955,844.934,-14.999,2.91969,205.164,1,-2,0,0.4
0.005,0.965,871.488,-14.9993,2.93305,212.231,1,-2,0,0.4
0.005,0.975,894.745,-14.9995,2.94477,218.567,1,-2,0,0.4
0.005,0.985,914.83,-14.9996,2.95496,224.167,1,-2,0,0.4
0.005,0.995,931.931,-14.9997,2.9637,229.044,1,-2,0,0.4
0.015,0.005,26.6449,2.57647,-5.70228,401.088,1,-2,0,0.4
0.015,0.015,26.7372,2.52909,-5.58583,396.14,1,-2,0,0.4
0.015,0.025,26.841,2.48001,-5.46962,391.141,1,-2,0,0.4
0.015,0.035,26.9561,2.4293,-5.35367,386.091,1,-2,0,0.4
0.015,0.045,27.0823,2.37702,-5.23798,380.985,1,-2,0,0.4
0.015,0.055,27.2193,2.32321,-5.12258,375.824,1,-2,0,0.4
0.015,0.065,27.3667,2.26796,-5.00747,370.605,1,-2,0,0.4
0.015,0.075,27.524,2.21132,-4.89268,365.327,1,-2,0,0.4
0.015,0.085,27.6906,2.15337,-4.77822,359.987,1,-2,0,0.4
0.015,0.095,27.866,2.0942,-4.66411,354.585,1,-2,0,0.4
0.015,0.105,28.0494,2.03387,-4.55034,349.12,1,-2,0,0.4
0.015,0.115,28.2399,1.97248,-4.43694,343.59,1,-2,0,0.4
0.015,0.125,28.4366,1.9101,-4.3239,337.995,1,-2,0,0.4
0.015,0.135,28.6384,1.84682,-4.21125,332.335,1,-2,0,0.4
0.015,0.145,28.844,1.78274,-4.09897,326.609,1,-2,0,0.4
0.015,0.155,29.0523,1.71795,-3.98708,320.818,1,-2,0,0.4
0.015,0.165,29.2632,1.65255,-3.87534,314.987,1,-2,0,0.4
0.015,0.175,29.4749,1.58663,-3.76382,309.109,1,-2,0,0.4
0.015,0.185,29.6843,1.5203,-3.65268,303.167,1,-2,0,0.4
0.015,0.195,29.8893,1.45372,-3.54189,297.162,1,-2,0,0.4
0.015,0.205,30.0882,1.38704,-3.43143,291.096,1,-2,0,0.4
0.015,0.215,30.2786,1.32039,-3.32129,284.973,1,-2,0,0.4
0.015,0.225,30.4585,1.25391,-3.21143,278.797,1,-2,0,0.4
0.015,0.235,30.6257,1.18774,-3.10179,272.574,1,-2,0,0.4
0.015,0.245,30.778,1.12201,-2.99233,266.309,1,-2,0,0.4
0.015,0.255,30.9135,1.05685,-2.88297,260.012,1,-2,0,0.4
0.015,0.265,31.0303,0.992368,-2.77362,253.692,1,-2,0,0.4
0.015,0.275,31.1268,0.928695,-2.66418,247.363,1,-2,0,0.4
0.015,0.285,31.2019,0.86594,-2.55453,241.038,1,-2,0,0.4
0.015,0.295,31.255,0.804208,-2.44453,234.734,1,-2,0,0.4
0.015,0.305,31.2857,0.743595,-2.33403,228.471,1,-2,0,0.4
0.015,0.315,31.2946,0.684183,-2.22286,222.27,1,-2,0,0.4
0.015,0.325,31.2825,0.626036,-2.11084,216.152,1,-2,0,0.4
0.015,0.335,31.251,0.569201,-1.99779,210.14,1,-2,0,0.4
0.015,0.345,31.2019,0.513696,-1.88355,204.256,1,-2,0,0.4
0.015,0.355,31.1372,0.459517,-1.76797,198.519,1,-2,0,0.4
0.015,0.365,31.058,0.406629,-1.65104,192.934,1,-2,0,0.4
0.015,0.375,30.964,0.354987,-1.53288,187.496,1,-2,0,0.4
0.015,0.385,30.8544,0.304543,-1.41371,182.194,1,-2,0,0.4
0.015,0.395,30.7283,0.255252,-1.29375,177.014,1,-2,0,0.4
0.015,0.405,30.5848,0.207065,-1.17323,171.949,1,-2,0,0.4
0.015,0.415,30.4238,0.159926,-1.05234,166.992,1,-2,0,0.4
0.015,0.425,30.2454,0.113769,-0.931246,162.142,1,-2,0,0.4
0.015,0.435,30.0502,0.0685078,-0.810112,157.402,1,-2,0,0.4
0.015,0.445,29.8393,0.0240302,-0.689093,152.775,1,-2,0,0.4
0.015,0.455,29.6143,-0.0198166,-0.568328,148.272,1,-2,0,0.4
0.015,0.465,29.3772,-0.0632212,-0.447544,143.919,1,-2,0,0.4
0.015,0.475,29.1338,-0.106428,-0.326865,139.743,1,-2,0,0.4
0.015,0.485,28.8916,-0.149761,-0.20691,135.773,1,-2,0,0.4
0.015,0.495,28.6581,-0.193873,-0.0879858,132.044,1,-2,0,0.4
0.015,0.505,28.4606,-0.242285,0.0300367,128.607,1,-2,0,0.4
0.015,0.515,28.2989,-0.294735,0.146376,125.417,1,-2,0,0.4
0.015,0.525,28.1741,-0.34924,0.259358,122.61,1,-2,0,0.4
0.015,0.535,28.0964,-0.406228,0.367845,120.268,1,-2,0,0.4
0.015,0.545,28.0661,-0.466391,0.470982,118.446,1,-2,0,0.4
0.015,0.555,28.0849,-0.530592,0.567979,117.2,1,-2,0,0.4
0.015,0.565,28.1516,-0.599824,0.65826,116.567,1,-2,0,0.4
0.015,0.575,28.2544,-0.675123,0.741627,116.562,1,-2,0,0.4
0.015,0.585,28.3643,-0.757525,0.818365,117.161,1,-2,0,0.4
0.015,0.595,28.4273,-0.848108,0.889229,118.303,1,-2,0,0.4
0.015,0.605,28.3575,-0.948297,0.9553,119.888,1,-2,0,0.4
0.015,0.615,28.0325,-1.06078,1.0178,121.797,1,-2,0,0.4
0.015,0.625,27.2978,-1.19158,1.07806,123.898,1,-2,0,0.4
0.015,0.635,25.993,-1.35388,1.13769,126.072,1,-2,0,0.4
0.015,0.645,24.0053,-1.57468,1.19931,128.238,1,-2,0,0.4
0.015,0.655,21.352,-1.90606,1.26813,130.4,1,-2,0,0.4
0.015,0.665,18.266,-2.44308,1.35517,132.698,1,-2,0,0.4
0.015,0.675,15.2361,-3.34201,1.48202,135.39,1,-2,0,0.4
0.015,0.685,12.9354,-4.78965,1.68121,138.677,1,-2,0,0.4
0.015,0.695,12.0221,-6.82497,1.97575,142.279,1,-2,0,0.4
0.015,0.705,13.0336,-9.11499,2.33575,145.533,1,-2,0,0.4
0.015,0.715,16.577,-11.1308,2.66945,148.169,1,-2,0,0.4
0.015,0.725,23.5758,-12.5879,2.89191,150.129,1,-2,0,0.4
0.015,0.735,35.1981,-13.5234,2.983,150.468,1,-2,0,0.4
0.015,0.745,52.2822,-14.0946,2.97961,147.01,1,-2,0,0.4
0.015,0.755,74.9046,-14.4397,2.92596,138.922,1,-2,0,0.4
0.015,0.765,102.47,-14.6484,2.85438,128.043,1,-2,0,0.4
0.015,0.775,133.961,-14.775,2.78653,117.016,1,-2,0,0.4
0.015,0.785,168.268,-14.8526,2.7323,107.756,1,-2,0,0.4
0.015,0.795,204.357,-14.9011,2.69365,101.056,1,-2,0,0.4
0.015,0.805,241.441,-14.9321,2.66939,97.0425,1,-2,0,0.4
0.015,0.815,279.17,-14.9526,2.65787,95.6557,1,-2,0,0.4
0.015,0.825,317.667,-14.9663,2.6575,96.7864,1,-2,0,0.4
0.015,0.835,357.337,-14.9757,2.66651,100.247,1,-2,0,0.4
0.015,0.845,398.553,-14.9822,2.68274,105.742,1,-2,0,0.4
0.015,0.855,441.421,-14.9867,2.70393,112.899,1,-2,0,0.4
0.015,0.865,485.709,-14.9899,2.72802,121.317,1,-2,0,0.4
0.015,0.875,530.893,-14.9922,2.75338,130.611,1,-2,0,0.4
0.015,0.885,576.281,-14.994,2.7788,140.438,1,-2,0,0.4
0.015,0.895,621.118,-14.9953,2.80351,150.506,1,-2,0,0.4
0.015,0.905,664.677,-14.9964,2.82699,160.572,1,-2,0,0.4
0.015,0.915,706.315,-14.9972,2.84896,170.437,1,-2,0,0.4
0.015,0.925,745.502,-14.9978,2.86927,179.941,1,-2,0,0.4
0.015,0.935,781.832,-14.9983,2.88783,188.958,1,-2,0,0.4
0.015,0.945,815.027,-14.9987,2.90463,197.389,1,-2,0,0.4
0.015,0.955,844.928,-14.999,2.91968,205.162,1,-2,0,0.4
0.015,0.965,871.485,-14.9993,2.93304,212.23,1,-2,0,0.4
0.015,0.975,894.743,-14.9995,2.94477,218.566,1,-2,0,0.4
0.015,0.985,914.829,-14.9996,2.95496,224.167,1,-2,0,0.4
0.015,0.995,931.931,-14.9997,2.96369,229.044,1,-2,0,0.4
0.025,0.005,26.1353,2.66488,-5.69956,390.422,1,-2,0,0.4
0.025,0.015,26.22,2.61777,-5.58298,385.49,1,-2,0,0.4
0.025,0.025,26.3157,2.56896,-5.46662,380.507,1,-2,0,0.4
0.025,0.035,26.4222,2.5185,-5.3505,375.472,1,-2,0,0.4
0.025,0.045,26.5393,2.46646,-5.23464,370.383,1,-2,0,0.4
0.025,0.055,26.6666,2.41288,-5.11904,365.24,1,-2,0,0.4
0.025,0.065,26.8037,2.35785,-5.00373,360.039,1,-2,0,0.4
0.025,0.075,26.9501,2.30141,-4.88871,354.781,1,-2,0,0.4
0.025,0.085,27.1053,2.24366,-4.77399,349.463,1,-2,0,0.4
0.025,0.095,27.2686,2.18465,-4.65957,344.085,1,-2,0,0.4
0.025,0.105,27.4392,2.12447,-4.54547,338.645,1,-2,0,0.4
0.025,0.115,27.6163,2.0632,-4.43168,333.144,1,-2,0,0.4
0.025,0.125,27.7987,2.00092,-4.31821,327.581,1,-2,0,0.4
0.025,0.135,27.9855,1.93771,-4.20504,321.956,1,-2,0,0.4
0.025,0.145,28.1754,1.87366,-4.09217,316.27,1,-2,0,0.4
0.025,0.155,28.3669,1.80885,-3.97958,310.523,1,-2,0,0.4
0.025,0.165,28.5598,1.74338,-3.86707,304.736,1,-2,0,0.4
0.025,0.175,28.753,1.67734,-3.75457,298.916,1,-2,0,0.4
0.025,0.185,28.9427,1.61085,-3.64227,293.037,1,-2,0,0.4
0.025,0.195,29.127,1.54405,-3.53014,287.102,1,-2,0,0.4
0.025,0.205,29.304,1.4771,-3.41816,281.115,1,-2,0,0.4
0.025,0.215,29.4717,1.41012,-3.3063,275.081,1,-2,0,0.4
0.025,0.225,29.6278,1.34326,-3.1945,269.003,1,-2,0,0.4
0.025,0.235,29.7705,1.27666,-3.08272,262.89,1,-2,0,0.4
0.025,0.245,29.8978,1.21044,-2.97091,256.748,1,-2,0,0.4
0.025,0.255,30.008,1.14475,-2.85902,250.587,1,-2,0,0.4
0.025,0.265,30.0994,1.07971,-2.74699,244.416,1,-2,0,0.4
0.025,0.275,30.1711,1.01546,-2.63476,238.248,1,-2,0,0.4
0.025,0.285,30.2224,0.95212,-2.52225,232.098,1,-2,0,0.4
0.025,0.295,30.2528,0.889814,-2.4094,225.982,1,-2,0,0.4
0.025,0.305,30.2627,0.82865,-2.29612,219.916,1,-2,0,0.4
0.025,0.315,30.2528,0.768724,-2.18232,213.921,1,-2,0,0.4
0.025,0.325,30.2244,0.710111,-2.06788,208.015,1,-2,0,0.4
0.025,0.335,30.1789,0.652862,-1.9527,202.218,1,-2,0,0.4
0.025,0.345,30.1185,0.597,-1.83663,196.55,1,-2,0,0.4
0.025,0.355,30.0448,0.542514,-1.71958,191.026,1,-2,0,0.4
0.025,0.365,29.9589,0.489359,-1.60154,185.65,1,-2,0,0.4
0.025,0.375,29.8605,0.43747,-1.48261,180.419,1,-2,0,0.4
0.025,0.385,29.7488,0.386777,-1.36298,175.319,1,-2,0,0.4
0.025,0.395,29.6226,0.33721,-1.24281,170.34,1,-2,0,0.4
0.025,0.405,29.4811,0.288693,-1.1223,165.472,1,-2,0,0.4
0.025,0.415,29.3238,0.241143,-1.00158,160.711,1,-2,0,0.4
0.025,0.425,29.1508,0.194465,-0.880797,156.056,1,-2,0,0.4
0.025,0.435,28.963,0.148551,-0.760067,151.511,1,-2,0,0.4
0.025,0.445,28.7615,0.103288,-0.639529,147.082,1,-2,0,0.4
0.025,0.455,28.5487,0.058566,-0.519339,142.781,1,-2,0,0.4
0.025,0.465,28.3276,0.0142595,-0.399696,138.625,1,-2,0,0.4
0.025,0.475,28.1017,-0.029833,-0.280744,134.635,1,-2,0,0.4
0.025,0.485,27.8755,-0.0740632,-0.162311,130.849,1,-2,0,0.4
0.025,0.495,27.6625,-0.119696,-0.0446236,127.321,1,-2,0,0.4
0.025,0.505,27.494,-0.170304,0.0721281,124.064,1,-2,0,0.4
0.025,0.515,27.3529,-0.223254,0.186899,121.072,1,-2,0,0.4
0.025,0.525,27.2508,-0.278617,0.298012,118.465,1,-2,0,0.4
0.025,0.535,27.1945,-0.336696,0.404367,116.318,1,-2,0,0.4
0.025,0.545,27.1857,-0.398113,0.505065,114.692,1,-2,0,0.4
0.025,0.555,27.2278,-0.463693,0.599326,113.64,1,-2,0,0.4
0.025,0.565,27.32,-0.534368,0.686626,113.199,1,-2,0,0.4
0.025,0.575,27.4505,-0.611088,0.766853,113.38,1,-2,0,0.4
0.025,0.585,27.5893,-0.694772,0.840396,114.158,1,-2,0,0.4
0.025,0.595,27.682,-0.786372,0.908097,115.471,1,-2,0,0.4
0.025,0.605,27.6416,-0.88722,0.971097,117.226,1,-2,0,0.4
0.025,0.615,27.3446,-1.00002,1.03066,119.308,1,-2,0,0.4
0.025,0.625,26.6356,-1.13101,1.08816,121.594,1,-2,0,0.4
0.025,0.635,25.3537,-1.29404,1.14535,123.972,1,-2,0,0.4
0.025,0.645,23.3879,-1.51754,1.20516,126.361,1,-2,0,0.4
0.025,0.655,20.7611,-1.85656,1.27332,128.759,1,-2,0,0.4
0.025,0.665,17.7169,-2.41155,1.36168,131.286,1,-2,0,0.4
0.025,0.675,14.7586,-3.34575,1.49291,134.193,1,-2,0,0.4
0.025,0.685,12.5658,-4.84672,1.70021,137.662,1,-2,0,0.4
0.025,0.695,11.7834,-6.9328,2.004,141.35,1,-2,0,0.4
0.025,0.705,12.9332,-9.23893,2.36762,144.567,1,-2,0,0.4
0.025,0.715,16.6236,-11.2344,2.69502,147.076,1,-2,0,0.4
0.025,0.725,23.7791,-12.6597,2.90505,148.767,1,-2,0,0.4
0.025,0.735,35.539,-13.5693,2.98388,148.622,1,-2,0,0.4
0.025,0.745,52.6723,-14.1233,2.97233,144.543,1,-2,0,0.4
0.025,0.755,75.2261,-14.4575,2.91465,136.093,1,-2,0,0.4
0.025,0.765,102.636,-14.6592,2.8428,125.315,1,-2,0,0.4
0.025,0.775,133.968,-14.7813,2.77698,114.763,1,-2,0,0.4
0.025,0.785,168.168,-14.8561,2.72541,106.099,1,-2,0,0.4
0.025,0.795,204.199,-14.903,2.68897,99.905,1,-2,0,0.4
0.025,0.805,241.24,-14.9332,2.66619,96.2413,1,-2,0,0.4
0.025,0.815,278.918,-14.9532,2.65558,95.0722,1,-2,0,0.4
0.025,0.825,317.365,-14.9667,2.6558,96.3413,1,-2,0,0.4
0.025,0.835,357.002,-14.9759,2.66523,99.9003,1,-2,0,0.4
0.025,0.845,398.216,-14.9823,2.6818,105.475,1,-2,0,0.4
0.025,0.855,441.113,-14.9868,2.70326,112.698,1,-2,0,0.4
0.025,0.865,485.448,-14.99,2.72757,121.171,1,-2,0,0.4
0.025,0.875,530.689,-14.9923,2.75308,130.508,1,-2,0,0.4
0.025,0.885,576.13,-14.994,2.77862,140.369,1,-2,0,0.4
0.025,0.895,621.012,-14.9953,2.80339,150.46,1,-2,0,0.4
0.025,0.905,664.606,-14.9964,2.82692,160.543,1,-2,0,0.4
0.025,0.915,706.269,-14.9972,2.84892,170.419,1,-2,0,0.4
0.025,0.925,745.473,-14.9978,2.86925,179.931,1,-2,0,0.4
0.025,0.935,781.815,-14.9983,2.88782,188.952,1,-2,0,0.4
0.025,0.945,815.017,-14.9987,2.90462,197.385,1,-2,0,0.4
0.025,0.955,844.922,-14.999,2.91968,205.16,1,-2,0,0.4
0.025,0.965,871.482,-14.9993,2.93304,212.229,1,-2,0,0.4
0.025,0.975,894.742,-14.9995,2.94477,218.566,1,-2,0,0.4
0.025,0.985,914.828,-14.9996,2.95496,224.166,1,-2,0,0.4
0.025,0.995,931.93,-14.9997,2.96369,229.044,1,-2,0,0.4
0.035,0.005,25.6339,2.75316,-5.69523,380.037,1,-2,0,0.4
0.035,0.015,25.711,2.7063,-5.5784,375.122,1,-2,0,0.4
0.035,0.025,25.7987,2.65774,-5.46177,370.158,1,-2,0,0.4
0.035,0.035,25.8966,2.60751,-5.34535,365.142,1,-2,0,0.4
0.035,0.045,26.0045,2.55569,-5.22916,360.074,1,-2,0,0.4
0.035,0.055,26.122,2.50232,-5.1132,354.951,1,-2,0,0.4
0.035,0.065,26.2488,2.44746,-4.99748,349.773,1,-2,0,0.4
0.035,0.075,26.3842,2.39119,-4.882,344.538,1,-2,0,0.4
0.035,0.085,26.5276,2.33357,-4.76677,339.246,1,-2,0,0.4
0.035,0.095,26.6784,2.27467,-4.65177,333.895,1,-2,0,0.4
0.035,0.105,26.8358,2.21458,-4.53701,328.486,1,-2,0,0.4
0.035,0.115,26.9987,2.15335,-4.42248,323.019,1,-2,0,0.4
0.035,0.125,27.1661,2.09108,-4.30816,317.493,1,-2,0,0.4
0.035,0.135,27.337,2.02783,-4.19404,311.909,1,-2,0,0.4
0.035,0.145,27.5098,1.96369,-4.08009,306.269,1,-2,0,0.4
0.035,0.155,27.6833,1.89873,-3.96627,300.574,1,-2,0,0.4
0.035,0.165,27.8572,1.83303,-3.85239,294.846,1,-2,0,0.4
0.035,0.175,28.0303,1.76672,-3.7383,289.092,1,-2,0,0.4
0.035,0.185,28.1989,1.69991,-3.62424,283.287,1,-2,0,0.4
0.035,0.195,28.3612,1.63277,-3.51018,277.436,1,-2,0,0.4
0.035,0.205,28.5153,1.56543,-3.39611,271.542,1,-2,0,0.4
0.035,0.215,28.6594,1.49802,-3.28201,265.611,1,-2,0,0.4
0.035,0.225,28.7917,1.4307,-3.16786,259.65,1,-2,0,0.4
0.035,0.235,28.9105,1.36362,-3.05365,253.664,1,-2,0,0.4
0.035,0.245,29.0142,1.29692,-2.93936,247.662,1,-2,0,0.4
0.035,0.255,29.1013,1.23075,-2.82498,241.653,1,-2,0,0.4
0.035,0.265,29.171,1.16525,-2.71052,235.647,1,-2,0,0.4
0.035,0.275,29.2223,1.10058,-2.59596,229.655,1,-2,0,0.4
0.035,0.285,29.2549,1.03687,-2.48129,223.691,1,-2,0,0.4
0.035,0.295,29.2689,0.974242,-2.36647,217.769,1,-2,0,0.4
0.035,0.305,29.2646,0.912818,-2.25146,211.905,1,-2,0,0.4
0.035,0.315,29.2427,0.852691,-2.13619,206.115,1,-2,0,0.4
0.035,0.325,29.2046,0.793933,-2.02056,200.417,1,-2,0,0.4
0.035,0.335,29.1515,0.736586,-1.90444,194.828,1,-2,0,0.4
0.035,0.345,29.0853,0.680663,-1.78769,189.366,1,-2,0,0.4
0.035,0.355,29.0074,0.626137,-1.6702,184.043,1,-2,0,0.4
0.035,0.365,28.9186,0.572945,-1.55192,178.865,1,-2,0,0.4
0.035,0.375,28.8186,0.521002,-1.43292,173.824,1,-2,0,0.4
0.035,0.385,28.7064,0.470217,-1.31334,168.911,1,-2,0,0.4
0.035,0.395,28.5808,0.420499,-1.19334,164.115,1,-2,0,0.4
0.035,0.405,28.4411,0.371754,-1.07308,159.428,1,-2,0,0.4
0.035,0.415,28.287,0.323885,-0.952695,154.845,1,-2,0,0.4
0.035,0.425,28.1186,0.276789,-0.832315,150.368,1,-2,0,0.4
0.035,0.435,27.9371,0.230363,-0.712062,146.001,1,-2,0,0.4
0.035,0.445,27.7442,0.184501,-0.592072,141.755,1,-2,0,0.4
0.035,0.455,27.5424,0.139091,-0.472503,137.643,1,-2,0,0.4
0.035,0.465,27.3353,0.0939924,-0.35356,133.683,1,-2,0,0.4
0.035,0.475,27.1271,0.049024,-0.235506,129.897,1,-2,0,0.4
0.035,0.485,26.9234,0.00380516,-0.118663,126.312,1,-2,0,0.4
0.035,0.495,26.7403,-0.0440207,-0.00270065,122.985,1,-2,0,0.4
0.035,0.505,26.5946,-0.0959534,0.112579,119.895,1,-2,0,0.4
0.035,0.515,26.4763,-0.149517,0.225588,117.104,1,-2,0,0.4
0.035,0.525,26.3987,-0.205552,0.334724,114.704,1,-2,0,0.4
0.035,0.535,26.3657,-0.264448,0.438882,112.763,1,-2,0,0.4
0.035,0.545,26.3811,-0.326803,0.537124,111.344,1,-2,0,0.4
0.035,0.555,26.4496,-0.393402,0.628691,110.499,1,-2,0,0.4
0.035,0.565,26.5705,-0.465116,0.713125,110.263,1,-2,0,0.4
0.035,0.575,26.7314,-0.542804,0.790417,110.644,1,-2,0,0.4
0.035,0.585,26.9019,-0.627278,0.861063,111.616,1,-2,0,0.4
0.035,0.595,27.0264,-0.719386,0.925998,113.116,1,-2,0,0.4
0.035,0.605,27.0167,-0.820403,0.986417,115.054,1,-2,0,0.4
0.035,0.615,26.7477,-0.933106,1.04362,117.318,1,-2,0,0.4
0.035,0.625,26.0618,-1.06407,1.099,119.79,1,-2,0,0.4
0.035,0.635,24.7965,-1.22791,1.15441,122.355,1,-2,0,0.4
0.035,0.645,22.8423,-1.45469,1.21297,124.93,1,-2,0,0.4
0.035,0.655,20.229,-1.80253,1.28082,127.506,1,-2,0,0.4
0.035,0.665,17.2139,-2.37729,1.37062,130.203,1,-2,0,0.4
0.035,0.675,14.3175,-3.34912,1.50632,133.273,1,-2,0,0.4
0.035,0.685,12.2245,-4.90594,1.72175,136.854,1,-2,0,0.4
0.035,0.695,11.5668,-7.04299,2.03421,140.549,1,-2,0,0.4
0.035,0.705,12.8502,-9.36294,2.40012,143.661,1,-2,0,0.4
0.035,0.715,16.6836,-11.3363,2.71986,145.993,1,-2,0,0.4
0.035,0.725,23.9894,-12.7296,2.91682,147.372,1,-2,0,0.4
0.035,0.735,35.8742,-13.6137,2.98345,146.713,1,-2,0,0.4
0.035,0.745,53.0401,-14.151,2.96411,142.032,1,-2,0,0.4
0.035,0.755,75.5144,-14.4746,2.90295,133.286,1,-2,0,0.4
0.035,0.765,102.774,-14.6694,2.83135,122.681,1,-2,0,0.4
0.035,0.775,133.965,-14.7872,2.76785,112.642,1,-2,0,0.4
0.035,0.785,168.079,-14.8594,2.71896,104.566,1,-2,0,0.4
0.035,0.795,204.064,-14.9048,2.68464,98.8482,1,-2,0,0.4
0.035,0.805,241.062,-14.9342,2.66321,95.4998,1,-2,0,0.4
0.035,0.815,278.684,-14.9538,2.65341,94.5224,1,-2,0,0.4
0.035,0.825,317.073,-14.9671,2.65415,95.9138,1,-2,0,0.4
0.035,0.835,356.673,-14.9762,2.66398,99.5633,1,-2,0,0.4
0.035,0.845,397.884,-14.9825,2.68087,105.213,1,-2,0,0.4
0.035,0.855,440.809,-14.9869,2.70261,112.502,1,-2,0,0.4
0.035,0.865,485.193,-14.99,2.72713,121.029,1,-2,0,0.4
0.035,0.875,530.489,-14.9923,2.7528,130.409,1,-2,0,0.4
0.035,0.885,575.983,-14.994,2.77844,140.302,1,-2,0,0.4
0.035,0.895,620.91,-14.9954,2.80328,150.417,1,-2,0,0.4
0.035,0.905,664.538,-14.9964,2.82686,160.515,1,-2,0,0.4
0.035,0.915,706.226,-14.9972,2.84889,170.402,1,-2,0,0.4
0.035,0.925,745.446,-14.9978,2.86922,179.921,1,-2,0,0.4
0.035,0.935,781.799,-14.9983,2.8878,188.946,1,-2,0,0.4
0.035,0.945,815.008,-14.9987,2.90461,197.382,1,-2,0,0.4
0.035,0.955,844.917,-14.999,2.91968,205.158,1,-2,0,0.4
0.035,0.965,871.479,-14.9993,2.93304,212.228,1,-2,0,0.4
0.035,0.975,894.74,-14.9995,2.94477,218.565,1,-2,0,0.4
0.035,0.985,914.827,-14.9996,2.95496,224.166,1,-2,0,0.4
0.035,0.995,931.93,-14.9997,2.96369,229.044,1,-2,0,0.4
0.045,0.005,25.1409,2.84111,-5.68901,369.937,1,-2,0,0.4
0.045,0.015,25.2104,2.79448,-5.57178,365.043,1,-2,0,0.4
0.045,0.025,25.29,2.74612,-5.45472,360.101,1,-2,0,0.4
0.045,0.035,25.3793,2.69609,-5.33783,355.108,1,-2,0,0.4
0.045,0.045,25.478,2.64444,-5.2211,350.063,1,-2,0,0.4
0.045,0.055,25.5857,2.59121,-5.10456,344.966,1,-2,0,0.4
0.045,0.065,25.7019,2.53648,-4.98819,339.814,1,-2,0,0.4
0.045,0.075,25.826,2.4803,-4.87198,334.608,1,-2,0,0.4
0.045,0.085,25.9575,2.42274,-4.75594,329.347,1,-2,0,0.4
0.045,0.095,26.0955,2.36387,-4.64005,324.031,1,-2,0,0.4
0.045,0.105,26.2391,2.30375,-4.52429,318.659,1,-2,0,0.4
0.045,0.115,26.3875,2.24247,-4.40865,313.232,1,-2,0,0.4
0.045,0.125,26.5394,2.18009,-4.2931,307.752,1,-2,0,0.4
0.045,0.135,26.6938,2.11669,-4.17763,302.219,1,-2,0,0.4
0.045,0.145,26.8492,2.05234,-4.06219,296.635,1,-2,0,0.4
0.045,0.155,27.0042,1.9871,-3.94676,291.002,1,-2,0,0.4
0.045,0.165,27.1591,1.92106,-3.83106,285.349,1,-2,0,0.4
0.045,0.175,27.3121,1.85437,-3.71506,279.673,1,-2,0,0.4
0.045,0.185,27.4598,1.78718,-3.59897,273.956,1,-2,0,0.4
0.045,0.195,27.6007,1.71965,-3.48281,268.202,1,-2,0,0.4
0.045,0.205,27.7332,1.6519,-3.36657,262.415,1,-2,0,0.4
0.045,0.215,27.8556,1.5841,-3.25028,256.602,1,-2,0,0.4
0.045,0.225,27.9664,1.5164,-3.13396,250.77,1,-2,0,0.4
0.045,0.235,28.0642,1.44896,-3.01763,244.924,1,-2,0,0.4
0.045,0.245,28.1479,1.38193,-2.90132,239.073,1,-2,0,0.4
0.045,0.255,28.2163,1.31549,-2.78507,233.225,1,-2,0,0.4
0.045,0.265,28.2686,1.24978,-2.6689,227.389,1,-2,0,0.4
0.045,0.275,28.3043,1.18495,-2.55282,221.576,1,-2,0,0.4
0.045,0.285,28.3231,1.12114,-2.43684,215.798,1,-2,0,0.4
0.045,0.295,28.3252,1.05848,-2.32093,210.068,1,-2,0,0.4
0.045,0.305,28.311,0.99707,-2.20504,204.4,1,-2,0,0.4
0.045,0.315,28.2811,0.936995,-2.08907,198.808,1,-2,0,0.4
0.045,0.325,28.2365,0.878314,-1.97291,193.31,1,-2,0,0.4
0.045,0.335,28.1786,0.82106,-1.85642,187.92,1,-2,0,0.4
0.045,0.345,28.1088,0.76523,-1.73943,182.654,1,-2,0,0.4
0.045,0.355,28.0283,0.710785,-1.62181,177.523,1,-2,0,0.4
0.045,0.365,27.9378,0.657649,-1.50351,172.53,1,-2,0,0.4
0.045,0.375,27.8367,0.605722,-1.38458,167.67,1,-2,0,0.4
0.045,0.385,27.7243,0.554899,-1.26515,162.933,1,-2,0,0.4
0.045,0.395,27.5994,0.505078,-1.14538,158.308,1,-2,0,0.4
0.045,0.405,27.4615,0.456156,-1.02542,153.789,1,-2,0,0.4
0.045,0.415,27.3102,0.408036,-0.905399,149.373,1,-2,0,0.4
0.045,0.425,27.1462,0.360621,-0.785454,145.062,1,-2,0,0.4
0.045,0.435,26.9708,0.313817,-0.665707,140.864,1,-2,0,0.4
0.045,0.445,26.786,0.267524,-0.546293,136.79,1,-2,0,0.4
0.045,0.455,26.5947,0.221627,-0.427383,132.855,1,-2,0,0.4
0.045,0.465,26.4007,0.175977,-0.309194,129.079,1,-2,0,0.4
0.045,0.475,26.2085,0.130348,-0.192001,125.485,1,-2,0,0.4
0.045,0.485,26.025,0.0841349,-0.0760331,122.107,1,-2,0,0.4
0.045,0.495,25.877,0.0337775,0.0388941,118.987,1,-2,0,0.4
0.045,0.505,25.7582,-0.0189301,0.152174,116.083,1,-2,0,0.4
0.045,0.515,25.6657,-0.0731921,0.262926,113.495,1,-2,0,0.4
0.045,0.525,25.6129,-0.129796,0.369945,111.303,1,-2,0,0.4
0.045,0.535,25.6047,-0.189284,0.471866,109.575,1,-2,0,0.4
0.045,0.545,25.6465,-0.252298,0.567681,108.371,1,-2,0,0.4
0.045,0.555,25.7438,-0.319603,0.656645,107.742,1,-2,0,0.4
0.045,0.565,25.8957,-0.392014,0.738373,107.721,1,-2,0,0.4
0.045,0.575,26.0892,-0.470315,0.812958,108.312,1,-2,0,0.4
0.045,0.585,26.2929,-0.555233,0.881006,109.486,1,-2,0,0.4
0.045,0.595,26.4497,-0.647542,0.94353,111.18,1,-2,0,0.4
0.045,0.605,26.4702,-0.748507,1.00176,113.304,1,-2,0,0.4
0.045,0.615,26.2264,-0.86103,1.05701,115.746,1,-2,0,0.4
0.045,0.625,25.5583,-0.992073,1.11067,118.388,1,-2,0,0.4
0.045,0.635,24.3016,-1.15711,1.16466,121.111,1,-2,0,0.4
0.045,0.645,22.3488,-1.3879,1.22223,123.829,1,-2,0,0.4
0.045,0.655,19.7377,-1.74577,1.28994,126.533,1,-2,0,0.4
0.045,0.665,16.7421,-2.34218,1.38128,129.348,1,-2,0,0.4
0.045,0.675,13.9008,-3.3544,1.52157,132.527,1,-2,0,0.4
0.045,0.685,11.9037,-4.96946,1.74518,136.166,1,-2,0,0.4
0.045,0.695,11.3677,-7.15691,2.06584,139.812,1,-2,0,0.4
0.045,0.705,12.782,-9.48758,2.43282,142.775,1,-2,0,0.4
0.045,0.715,16.7553,-11.4366,2.7437,144.896,1,-2,0,0.4
0.045,0.725,24.205,-12.7976,2.92708,145.929,1,-2,0,0.4
0.045,0.735,36.2014,-13.6566,2.98167,144.736,1,-2,0,0.4
0.045,0.745,53.384,-14.1777,2.95498,139.483,1,-2,0,0.4
0.045,0.755,75.77,-14.491,2.89092,130.512,1,-2,0,0.4
0.045,0.765,102.886,-14.6791,2.82008,120.149,1,-2,0,0.4
0.045,0.775,133.956,-14.7927,2.75915,110.653,1,-2,0,0.4
0.045,0.785,168.003,-14.8624,2.71298,103.154,1,-2,0,0.4
0.045,0.795,203.953,-14.9064,2.68065,97.8791,1,-2,0,0.4
0.045,0.805,240.907,-14.9351,2.66044,94.8122,1,-2,0,0.4
0.045,0.815,278.465,-14.9543,2.65135,94.002,1,-2,0,0.4
0.045,0.825,316.789,-14.9674,2.65256,95.5016,1,-2,0,0.4
0.045,0.835,356.348,-14.9764,2.66275,99.2346,1,-2,0,0.4
0.045,0.845,397.554,-14.9826,2.67997,104.957,1,-2,0,0.4
0.045,0.855,440.508,-14.987,2.70197,112.309,1,-2,0,0.4
0.045,0.865,484.942,-14.9901,2.7267,120.89,1,-2,0,0.4
0.045,0.875,530.294,-14.9924,2.75252,130.313,1,-2,0,0.4
0.045,0.885,575.841,-14.9941,2.77826,140.237,1,-2,0,0.4
0.045,0.895,620.811,-14.9954,2.80318,150.375,1,-2,0,0.4
0.045,0.905,664.473,-14.9964,2.8268,160.489,1,-2,0,0.4
0.045,0.915,706.185,-14.9972,2.84885,170.386,1,-2,0,0.4
0.045,0.925,745.421,-14.9978,2.8692,179.911,1,-2,0,0.4
0.045,0.935,781.784,-14.9983,2.88779,188.94,1,-2,0,0.4
0.045,0.945,814.999,-14.9987,2.90461,197.379,1,-2,0,0.4
0.045,0.955,844.912,-14.999,2.91967,205.156,1,-2,0,0.4
0.045,0.965,871.476,-14.9993,2.93304,212.227,1,-2,0,0.4
0.045,0.975,894.739,-14.9995,2.94477,218.565,1,-2,0,0.4
0.045,0.985,914.827,-14.9996,2.95496,224.166,1,-2,0,0.4
0.045,0.995,931.929,-14.9997,2.96369,229.044,1,-2,0,0.4
0.055,0.005,24.6563,2.92853,-5.68056,360.124,1,-2,0,0.4
0.055,0.015,24.7184,2.88208,-5.56277,355.256,1,-2,0,0.4
0.055,0.025,24.7899,2.83388,-5.44509,350.339,1,-2,0,0.4
0.055,0.035,24.8706,2.78399,-5.32751,345.374,1,-2,0,0.4
0.055,0.045,24.96,2.73244,-5.21004,340.358,1,-2,0,0.4
0.055,0.055,25.0578,2.67929,-5.09267,335.291,1,-2,0,0.4
0.055,0.065,25.1635,2.6246,-4.9754,330.172,1,-2,0,0.4
0.055,0.075,25.2763,2.56843,-4.85821,325.001,1,-2,0,0.4
0.055,0.085,25.3957,2.51084,-4.74108,319.778,1,-2,0,0.4
0.055,0.095,25.5208,2.4519,-4.62401,314.503,1,-2,0,0.4
0.055,0.105,25.6507,2.39167,-4.50697,309.176,1,-2,0,0.4
0.055,0.115,25.7845,2.33024,-4.38995,303.799,1,-2,0,0.4
0.055,0.125,25.921,2.26767,-4.27291,298.373,1,-2,0,0.4
0.055,0.135,26.059,2.20402,-4.15584,292.901,1,-2,0,0.4
0.055,0.145,26.1973,2.13938,-4.03872,287.383,1,-2,0,0.4
0.055,0.155,26.3346,2.07381,-3.9215,281.826,1,-2,0,0.4
0.055,0.165,26.4716,2.00737,-3.80383,276.263,1,-2,0,0.4
0.055,0.175,26.6055,1.9403,-3.6859,270.678,1,-2,0,0.4
0.055,0.185,26.7339,1.87277,-3.56787,265.059,1,-2,0,0.4
0.055,0.195,26.8553,1.80491,-3.44978,259.413,1,-2,0,0.4
0.055,0.205,26.9684,1.73687,-3.33166,253.744,1,-2,0,0.4
0.055,0.215,27.0718,1.66882,-3.21357,248.059,1,-2,0,0.4
0.055,0.225,27.1642,1.60091,-3.09556,242.363,1,-2,0,0.4
0.055,0.235,27.2445,1.53331,-2.97768,236.663,1,-2,0,0.4
0.055,0.245,27.3117,1.46619,-2.85999,230.966,1,-2,0,0.4
0.055,0.255,27.3648,1.39972,-2.74252,225.281,1,-2,0,0.4
0.055,0.265,27.4034,1.33404,-2.62531,219.615,1,-2,0,0.4
0.055,0.275,27.4268,1.2693,-2.50837,213.978,1,-2,0,0.4
0.055,0.285,27.435,1.20562,-2.39169,208.382,1,-2,0,0.4
0.055,0.295,27.4279,1.14313,-2.27522,202.838,1,-2,0,0.4
0.055,0.305,27.4061,1.08191,-2.15889,197.359,1,-2,0,0.4
0.055,0.315,27.37,1.02203,-2.04258,191.959,1,-2,0,0.4
0.055,0.325,27.3207,0.963554,-1.92617,186.653,1,-2,0,0.4
0.055,0.335,27.2591,0.906489,-1.80948,181.454,1,-2,0,0.4
0.055,0.345,27.1867,0.850827,-1.69237,176.376,1,-2,0,0.4
0.055,0.355,27.1044,0.796519,-1.57468,171.428,1,-2,0,0.4
0.055,0.365,27.0126,0.74348,-1.45639,166.613,1,-2,0,0.4
0.055,0.375,26.911,0.691601,-1.33755,161.924,1,-2,0,0.4
0.055,0.385,26.7986,0.640769,-1.21828,157.353,1,-2,0,0.4
0.055,0.395,26.6746,0.590878,-1.09874,152.89,1,-2,0,0.4
0.055,0.405,26.5384,0.541829,-0.979071,148.53,1,-2,0,0.4
0.055,0.415,26.3901,0.493528,-0.859417,144.273,1,-2,0,0.4
0.055,0.425,26.2306,0.44589,-0.739899,140.121,1,-2,0,0.4
0.055,0.435,26.0615,0.39883,-0.620642,136.085,1,-2,0,0.4
0.055,0.445,25.8849,0.352253,-0.501792,132.176,1,-2,0,0.4
0.055,0.455,25.7039,0.306042,-0.383531,128.411,1,-2,0,0.4
0.055,0.465,25.5225,0.260038,-0.266096,124.81,1,-2,0,0.4
0.055,0.475,25.3456,0.213968,-0.149772,121.397,1,-2,0,0.4
0.055,0.485,25.1843,0.166454,-0.0346214,118.218,1,-2,0,0.4
0.055,0.495,25.0649,0.11442,0.0794544,115.278,1,-2,0,0.4
0.055,0.505,24.9705,0.0611273,0.191533,112.581,1,-2,0,0.4
0.055,0.515,24.9112,0.00614994,0.300062,110.215,1,-2,0,0.4
0.055,0.525,24.8883,-0.0510811,0.404353,108.238,1,-2,0,0.4
0.055,0.535,24.9058,-0.111108,0.503853,106.722,1,-2,0,0.4
0.055,0.545,24.9753,-0.17462,0.597228,105.737,1,-2,0,0.4
0.055,0.555,25.1028,-0.242426,0.683672,105.328,1,-2,0,0.4
0.055,0.565,25.2869,-0.315319,0.762847,105.525,1,-2,0,0.4
0.055,0.575,25.5136,-0.394032,0.834936,106.328,1,-2,0,0.4
0.055,0.585,25.7501,-0.479232,0.900637,107.704,1,-2,0,0.4
0.055,0.595,25.9382,-0.571654,0.961022,109.589,1,-2,0,0.4
0.055,0.605,25.986,-0.672583,1.01734,111.889,1,-2,0,0.4
0.055,0.615,25.7632,-0.785078,1.07087,114.494,1,-2,0,0.4
0.055,0.625,25.1065,-0.916517,1.12303,117.281,1,-2,0,0.4
0.055,0.635,23.8503,-1.08327,1.17572,120.129,1,-2,0,0.4
0.055,0.645,21.8894,-1.31884,1.2324,122.951,1,-2,0,0.4
0.055,0.655,19.2719,-1.68795,1.30003,125.74,1,-2,0,0.4
0.055,0.665,16.2895,-2.30797,1.39301,128.632,1,-2,0,0.4
0.055,0.675,13.5004,-3.36336,1.53813,131.882,1,-2,0,0.4
0.055,0.685,11.5987,-5.03877,1.77008,135.539,1,-2,0,0.4
0.055,0.695,11.1834,-7.2753,2.09849,139.097,1,-2,0,0.4
0.055,0.705,12.727,-9.61302,2.46539,141.883,1,-2,0,0.4
0.055,0.715,16.8374,-11.5354,2.76631,143.77,1,-2,0,0.4
0.055,0.725,24.4242,-12.8638,2.93572,144.43,1,-2,0,0.4
0.055,0.735,36.5185,-13.6982,2.97855,142.687,1,-2,0,0.4
0.055,0.745,53.7029,-14.2035,2.94499,136.902,1,-2,0,0.4
0.055,0.755,75.9939,-14.5066,2.87865,127.781,1,-2,0,0.4
0.055,0.765,102.976,-14.6882,2.80905,117.726,1,-2,0,0.4
0.055,0.775,133.944,-14.7978,2.75092,108.797,1,-2,0,0.4
0.055,0.785,167.944,-14.8652,2.70744,101.858,1,-2,0,0.4
0.055,0.795,203.865,-14.9079,2.67698,96.9916,1,-2,0,0.4
0.055,0.805,240.772,-14.936,2.65786,94.1734,1,-2,0,0.4
0.055,0.815,278.259,-14.9549,2.64938,93.5076,1,-2,0,0.4
0.055,0.825,316.511,-14.9678,2.65101,95.1024,1,-2,0,0.4
0.055,0.835,356.026,-14.9766,2.66155,98.9129,1,-2,0,0.4
0.055,0.845,397.227,-14.9828,2.67907,104.706,1,-2,0,0.4
0.055,0.855,440.21,-14.9871,2.70134,112.121,1,-2,0,0.4
0.055,0.865,484.695,-14.9902,2.72628,120.754,1,-2,0,0.4
0.055,0.875,530.104,-14.9924,2.75225,130.219,1,-2,0,0.4
0.055,0.885,575.704,-14.9941,2.77809,140.175,1,-2,0,0.4
0.055,0.895,620.717,-14.9954,2.80308,150.335,1,-2,0,0.4
0.055,0.905,664.411,-14.9964,2.82674,160.465,1,-2,0,0.4
0.055,0.915,706.146,-14.9972,2.84882,170.372,1,-2,0,0.4
0.055,0.925,745.398,-14.9978,2.86919,179.902,1,-2,0,0.4
0.055,0.935,781.77,-14.9983,2.88778,188.935,1,-2,0,0.4
0.055,0.945,814.991,-14.9987,2.9046,197.376,1,-2,0,0.4
0.055,0.955,844.908,-14.999,2.91967,205.155,1,-2,0,0.4
0.055,0.965,871.474,-14.9993,2.93304,212.226,1,-2,0,0.4
0.055,0.975,894.738,-14.9995,2.94477,218.564,1,-2,0,0.4
0.055,0.985,914.826,-14.9996,2.95495,224.166,1,-2,0,0.4
0.055,0.995,931.929,-14.9997,2.96369,229.044,1,-2,0,0.4
0.065,0.005,24.1807,3.01523,-5.66956,350.601,1,-2,0,0.4
0.065,0.015,24.2354,2.9689,-5.55103,345.762,1,-2,0,0.4
0.065,0.025,24.299,2.9208,-5.43254,340.876,1,-2,0,0.4
0.065,0.035,24.3712,2.87097,-5.31409,335.942,1,-2,0,0.4
0.065,0.045,24.4515,2.81945,-5.19567,330.961,1,-2,0,0.4
0.065,0.055,24.5395,2.76631,-5.07727,325.93,1,-2,0,0.4
0.065,0.065,24.6347,2.71158,-4.95888,320.85,1,-2,0,0.4
0.065,0.075,24.7364,2.65534,-4.84049,315.722,1,-2,0,0.4
0.065,0.085,24.8439,2.59765,-4.72209,310.544,1,-2,0,0.4
0.065,0.095,24.9564,2.53857,-4.60365,305.318,1,-2,0,0.4
0.065,0.105,25.0729,2.47817,-4.48516,300.046,1,-2,0,0.4
0.065,0.115,25.1926,2.41652,-4.36662,294.728,1,-2,0,0.4
0.065,0.125,25.3142,2.35371,-4.24799,289.366,1,-2,0,0.4
0.065,0.135,25.4367,2.28979,-4.12928,283.964,1,-2,0,0.4
0.065,0.145,25.5588,2.22484,-4.01047,278.523,1,-2,0,0.4
0.065,0.155,25.6797,2.15893,-3.89148,273.055,1,-2,0,0.4
0.065,0.165,25.8002,2.09216,-3.77198,267.592,1,-2,0,0.4
0.065,0.175,25.9168,2.02482,-3.65235,262.106,1,-2,0,0.4
0.065,0.185,26.0278,1.95705,-3.53268,256.594,1,-2,0,0.4
0.065,0.195,26.1321,1.88901,-3.41303,251.064,1,-2,0,0.4
0.065,0.205,26.2283,1.82084,-3.29348,245.519,1,-2,0,0.4
0.065,0.215,26.3153,1.75272,-3.17409,239.966,1,-2,0,0.4
0.065,0.225,26.3921,1.68481,-3.05491,234.41,1,-2,0,0.4
0.065,0.235,26.4576,1.61727,-2.93602,228.857,1,-2,0,0.4
0.065,0.245,26.5111,1.55028,-2.81747,223.315,1,-2,0,0.4
0.065,0.255,26.5516,1.48398,-2.69929,217.79,1,-2,0,0.4
0.065,0.265,26.5788,1.41853,-2.58151,212.291,1,-2,0,0.4
0.065,0.275,26.5921,1.35404,-2.46411,206.827,1,-2,0,0.4
0.065,0.285,26.5914,1.29065,-2.34706,201.408,1,-2,0,0.4
0.065,0.295,26.5769,1.22845,-2.23029,196.044,1,-2,0,0.4
0.065,0.305,26.5488,1.16753,-2.11371,190.748,1,-2,0,0.4
0.065,0.315,26.5078,1.10794,-1.9972,185.533,1,-2,0,0.4
0.065,0.325,26.4546,1.04973,-1.88061,180.411,1,-2,0,0.4
0.065,0.335,26.3902,0.992905,-1.76377,175.396,1,-2,0,0.4
0.065,0.345,26.3158,0.937452,-1.64654,170.498,1,-2,0,0.4
0.065,0.355,26.2322,0.883313,-1.52879,165.726,1,-2,0,0.4
0.065,0.365,26.1396,0.830395,-1.4105,161.08,1,-2,0,0.4
0.065,0.375,26.0377,0.778587,-1.29173,156.555,1,-2,0,0.4
0.065,0.385,25.9256,0.727774,-1.17261,152.142,1,-2,0,0.4
0.065,0.395,25.8027,0.677852,-1.05328,147.834,1,-2,0,0.4
0.065,0.405,25.6686,0.628728,-0.933888,143.627,1,-2,0,0.4
0.065,0.415,25.5236,0.580321,-0.814566,139.522,1,-2,0,0.4
0.065,0.425,25.369,0.532554,-0.695434,135.525,1,-2,0,0.4
0.065,0.435,25.2063,0.48535,-0.576622,131.646,1,-2,0,0.4
0.065,0.445,25.0382,0.438617,-0.458286,127.897,1,-2,0,0.4
0.065,0.455,24.8676,0.392237,-0.340623,124.296,1,-2,0,0.4
0.065,0.465,24.6988,0.346042,-0.223887,120.864,1,-2,0,0.4
0.065,0.475,24.5369,0.299667,-0.108354,117.626,1,-2,0,0.4
0.065,0.485,24.4013,0.250464,0.00611796,114.637,1,-2,0,0.4
0.065,0.495,24.3038,0.197767,0.119337,111.862,1,-2,0,0.4
0.065,0.505,24.2324,0.144135,0.230079,109.362,1,-2,0,0.4
0.065,0.515,24.1999,0.0886851,0.337057,107.212,1,-2,0,0.4
0.065,0.525,24.2091,0.0308865,0.439257,105.466,1,-2,0,0.4
0.065,0.535,24.2618,-0.0297548,0.535734,104.177,1,-2,0,0.4
0.065,0.545,24.361,-0.0938456,0.626361,103.407,1,-2,0,0.4
0.065,0.555,24.5189,-0.16214,0.710237,103.214,1,-2,0,0.4
0.065,0.565,24.7348,-0.235466,0.786926,103.625,1,-2,0,0.4
0.065,0.575,24.9936,-0.314555,0.856654,104.635,1,-2,0,0.4
0.065,0.585,25.2613,-0.400048,0.920174,106.205,1,-2,0,0.4
0.065,0.595,25.4779,-0.492664,0.978588,108.267,1,-2,0,0.4
0.065,0.605,25.5493,-0.593727,1.03314,110.729,1,-2,0,0.4
0.065,0.615,25.3422,-0.706464,1.08507,113.475,1,-2,0,0.4
0.065,0.625,24.6906,-0.838681,1.13578,116.379,1,-2,0,0.4
0.065,0.635,23.4274,-1.00766,1.18723,119.321,1,-2,0,0.4
0.065,0.645,21.4511,-1.24878,1.24302,122.214,1,-2,0,0.4
0.065,0.655,18.821,-1.63032,1.31061,125.057,1,-2,0,0.4
0.065,0.665,15.8483,-2.27593,1.40539,127.997,1,-2,0,0.4
0.065,0.675,13.1116,-3.37728,1.55565,131.292,1,-2,0,0.4
0.065,0.685,11.3069,-5.11481,1.79618,134.94,1,-2,0,0.4
0.065,0.695,11.0126,-7.39847,2.13193,138.382,1,-2,0,0.4
0.065,0.705,12.6843,-9.73921,2.49757,140.97,1,-2,0,0.4
0.065,0.715,16.9288,-11.6327,2.78752,142.604,1,-2,0,0.4
0.065,0.725,24.6454,-12.9282,2.94266,142.868,1,-2,0,0.4
0.065,0.735,36.8235,-13.7385,2.97407,140.566,1,-2,0,0.4
0.065,0.745,53.9957,-14.2282,2.93419,134.297,1,-2,0,0.4
0.065,0.755,76.1874,-14.5215,2.86621,125.104,1,-2,0,0.4
0.065,0.765,103.047,-14.6968,2.79833,115.419,1,-2,0,0.4
0.065,0.775,133.934,-14.8025,2.74318,107.074,1,-2,0,0.4
0.065,0.785,167.903,-14.8677,2.70234,100.673,1,-2,0,0.4
0.065,0.795,203.802,-14.9093,2.67361,96.1796,1,-2,0,0.4
0.065,0.805,240.657,-14.9368,2.65545,93.5783,1,-2,0,0.4
0.065,0.815,278.064,-14.9553,2.6475,93.0355,1,-2,0,0.4
0.065,0.825,316.238,-14.9681,2.6495,94.7141,1,-2,0,0.4
0.065,0.835,355.706,-14.9769,2.66036,98.5972,1,-2,0,0.4
0.065,0.845,396.902,-14.9829,2.67819,104.458,1,-2,0,0.4
0.065,0.855,439.916,-14.9872,2.70072,111.936,1,-2,0,0.4
0.065,0.865,484.452,-14.9902,2.72586,120.622,1,-2,0,0.4
0.065,0.875,529.919,-14.9925,2.75198,130.128,1,-2,0,0.4
0.065,0.885,575.57,-14.9941,2.77793,140.115,1,-2,0,0.4
0.065,0.895,620.626,-14.9954,2.80298,150.297,1,-2,0,0.4
0.065,0.905,664.352,-14.9964,2.82668,160.441,1,-2,0,0.4
0.065,0.915,706.109,-14.9972,2.84879,170.357,1,-2,0,0.4
0.065,0.925,745.376,-14.9978,2.86917,179.894,1,-2,0,0.4
0.065,0.935,781.757,-14.9983,2.88777,188.931,1,-2,0,0.4
0.065,0.945,814.984,-14.9987,2.9046,197.373,1,-2,0,0.4
0.065,0.955,844.904,-14.999,2.91967,205.153,1,-2,0,0.4
0.065,0.965,871.472,-14.9993,2.93303,212.225,1,-2,0,0.4
0.065,0.975,894.736,-14.9995,2.94477,218.564,1,-2,0,0.4
0.065,0.985,914.825,-14.9996,2.95495,224.166,1,-2,0,0.4
0.065,0.995,931.929,-14.9997,2.96369,229.043,1,-2,0,0.4
0.075,0.005,23.7148,3.10103,-5.65576,341.367,1,-2,0,0.4
0.075,0.015,23.7624,3.05476,-5.53632,336.562,1,-2,0,0.4
0.075,0.025,23.8182,3.00669,-5.41686,331.712,1,-2,0,0.4
0.075,0.035,23.8821,2.95686,-5.29737,326.817,1,-2,0,0.4
0.075,0.045,23.9536,2.90532,-5.17785,321.875,1,-2,0,0.4
0.075,0.055,24.0321,2.85211,-5.05827,316.887,1,-2,0,0.4
0.075,0.065,24.1172,2.79729,-4.93863,311.853,1,-2,0,0.4
0.075,0.075,24.2081,2.74093,-4.81893,306.774,1,-2,0,0.4
0.075,0.085,24.3042,2.68308,-4.69915,301.649,1,-2,0,0.4
0.075,0.095,24.4046,2.62383,-4.57928,296.481,1,-2,0,0.4
0.075,0.105,24.5084,2.56323,-4.45932,291.271,1,-2,0,0.4
0.075,0.115,24.6146,2.50136,-4.33927,286.02,1,-2,0,0.4
0.075,0.125,24.7223,2.43831,-4.21911,280.732,1,-2,0,0.4
0.075,0.135,24.8303,2.37414,-4.09887,275.408,1,-2,0,0.4
0.075,0.145,24.9375,2.30894,-3.97853,270.052,1,-2,0,0.4
0.075,0.155,25.0439,2.24276,-3.85792,264.687,1,-2,0,0.4
0.075,0.165,25.1493,2.17579,-3.73692,259.327,1,-2,0,0.4
0.075,0.175,25.2504,2.10832,-3.61591,253.946,1,-2,0,0.4
0.075,0.185,25.346,2.04047,-3.49499,248.547,1,-2,0,0.4
0.075,0.195,25.4352,1.97242,-3.37422,243.137,1,-2,0,0.4
0.075,0.205,25.5167,1.90431,-3.25367,237.719,1,-2,0,0.4
0.075,0.215,25.5896,1.83631,-3.13342,232.3,1,-2,0,0.4
0.075,0.225,25.6529,1.76858,-3.01352,226.885,1,-2,0,0.4
0.075,0.235,25.7057,1.70128,-2.89403,221.479,1,-2,0,0.4
0.075,0.245,25.7474,1.63457,-2.775,216.09,1,-2,0,0.4
0.075,0.255,25.7772,1.5686,-2.65643,210.723,1,-2,0,0.4
0.075,0.265,25.7946,1.5035,-2.53834,205.388,1,-2,0,0.4
0.075,0.275,25.7992,1.43939,-2.42069,200.091,1,-2,0,0.4
0.075,0.285,25.7911,1.37638,-2.30342,194.843,1,-2,0,0.4
0.075,0.295,25.7702,1.31455,-2.18647,189.654,1,-2,0,0.4
0.075,0.305,25.7369,1.25399,-2.06971,184.536,1,-2,0,0.4
0.075,0.315,25.6917,1.19474,-1.95303,179.498,1,-2,0,0.4
0.075,0.325,25.6354,1.13684,-1.83627,174.555,1,-2,0,0.4
0.075,0.335,25.5689,1.08029,-1.71928,169.716,1,-2,0,0.4
0.075,0.345,25.493,1.02507,-1.60193,164.992,1,-2,0,0.4
0.075,0.355,25.4086,0.971124,-1.48411,160.388,1,-2,0,0.4
0.075,0.365,25.3156,0.918349,-1.36581,155.904,1,-2,0,0.4
0.075,0.375,25.2138,0.866635,-1.24711,151.535,1,-2,0,0.4
0.075,0.385,25.1023,0.815872,-1.12811,147.274,1,-2,0,0.4
0.075,0.395,24.9809,0.765962,-1.00897,143.114,1,-2,0,0.4
0.075,0.405,24.8493,0.716823,-0.889829,139.055,1,-2,0,0.4
0.075,0.415,24.7081,0.668384,-0.7708,135.099,1,-2,0,0.4
0.075,0.425,24.5587,0.620577,-0.652008,131.252,1,-2,0,0.4
0.075,0.435,24.403,0.573329,-0.533587,127.526,1,-2,0,0.4
0.075,0.445,24.2435,0.526551,-0.415703,123.933,1,-2,0,0.4
0.075,0.455,24.0835,0.480123,-0.298567,120.492,1,-2,0,0.4
0.075,0.465,23.9271,0.433859,-0.182449,117.224,1,-2,0,0.4
0.075,0.475,23.7808,0.387134,-0.0675548,114.16,1,-2,0,0.4
0.075,0.485,23.6726,0.336145,0.0463576,111.341,1,-2,0,0.4
0.075,0.495,23.5931,0.283436,0.158744,108.732,1,-2,0,0.4
0.075,0.505,23.5437,0.229646,0.26818,106.422,1,-2,0,0.4
0.075,0.515,23.5343,0.174006,0.373598,104.473,1,-2,0,0.4
0.075,0.525,23.5683,0.11592,0.474024,102.941,1,-2,0,0.4
0.075,0.535,23.6522,0.0547947,0.568482,101.881,1,-2,0,0.4
0.075,0.545,23.7919,-0.00995653,0.656058,101.342,1,-2,0,0.4
0.075,0.555,23.984,-0.0789538,0.73694,101.362,1,-2,0,0.4
0.075,0.565,24.2308,-0.152887,0.811013,101.976,1,-2,0,0.4
0.075,0.575,24.5197,-0.23249,0.878365,103.179,1,-2,0,0.4
0.075,0.585,24.8157,-0.318428,0.939745,104.928,1,-2,0,0.4
0.075,0.595,25.0571,-0.41143,0.996244,107.152,1,-2,0,0.4
0.075,0.605,25.1477,-0.512871,1.04907,109.754,1,-2,0,0.4
0.075,0.615,24.9512,-0.626152,1.09942,112.618,1,-2,0,0.4
0.075,0.625,24.2987,-0.759517,1.14868,115.616,1,-2,0,0.4
0.075,0.635,23.0223,-0.931214,1.19885,118.625,1,-2,0,0.4
0.075,0.645,21.0248,-1.17857,1.25375,121.562,1,-2,0,0.4
0.075,0.655,18.3779,-1.57371,1.32134,124.436,1,-2,0,0.4
0.075,0.665,15.4138,-2.24695,1.41815,127.406,1,-2,0,0.4
0.075,0.675,12.7317,-3.39709,1.57396,130.729,1,-2,0,0.4
0.075,0.685,11.0268,-5.19821,1.82337,134.348,1,-2,0,0.4
0.075,0.695,10.8545,-7.52645,2.16598,137.652,1,-2,0,0.4
0.075,0.705,12.6532,-9.86597,2.52915,140.027,1,-2,0,0.4
0.075,0.715,17.0283,-11.7283,2.80719,141.389,1,-2,0,0.4
0.075,0.725,24.8668,-12.9908,2.94787,141.238,1,-2,0,0.4
0.075,0.735,37.1147,-13.7774,2.96825,138.377,1,-2,0,0.4
0.075,0.745,54.2618,-14.252,2.92264,131.677,1,-2,0,0.4
0.075,0.755,76.3523,-14.5356,2.85368,122.491,1,-2,0,0.4
0.075,0.765,103.102,-14.7049,2.78797,113.232,1,-2,0,0.4
0.075,0.775,133.93,-14.8069,2.73595,105.481,1,-2,0,0.4
0.075,0.785,167.883,-14.8701,2.69768,99.5944,1,-2,0,0.4
0.075,0.795,203.761,-14.9106,2.67053,95.4371,1,-2,0,0.4
0.075,0.805,240.559,-14.9375,2.65319,93.0219,1,-2,0,0.4
0.075,0.815,277.878,-14.9558,2.64569,92.5824,1,-2,0,0.4
0.075,0.825,315.968,-14.9684,2.64801,94.335,1,-2,0,0.4
0.075,0.835,355.386,-14.9771,2.65919,98.2867,1,-2,0,0.4
0.075,0.845,396.578,-14.9831,2.67732,104.215,1,-2,0,0.4
0.075,0.855,439.625,-14.9873,2.70011,111.754,1,-2,0,0.4
0.075,0.865,484.213,-14.9903,2.72546,120.493,1,-2,0,0.4
0.075,0.875,529.738,-14.9925,2.75173,130.04,1,-2,0,0.4
0.075,0.885,575.442,-14.9941,2.77778,140.058,1,-2,0,0.4
0.075,0.895,620.539,-14.9954,2.80289,150.261,1,-2,0,0.4
0.075,0.905,664.296,-14.9964,2.82663,160.419,1,-2,0,0.4
0.075,0.915,706.074,-14.9972,2.84876,170.344,1,-2,0,0.4
0.075,0.925,745.355,-14.9978,2.86915,179.887,1,-2,0,0.4
0.075,0.935,781.745,-14.9983,2.88776,188.926,1,-2,0,0.4
0.075,0.945,814.977,-14.9987,2.90459,197.371,1,-2,0,0.4
0.075,0.955,844.9,-14.999,2.91967,205.152,1,-2,0,0.4
0.075,0.965,871.47,-14.9993,2.93303,212.224,1,-2,0,0.4
0.075,0.975,894.735,-14.9995,2.94477,218.564,1,-2,0,0.4
0.075,0.985,914.825,-14.9996,2.95495,224.165,1,-2,0,0.4
0.075,0.995,931.929,-14.9997,2.96369,229.043,1,-2,0,0.4
0.085,0.005,23.2596,3.18579,-5.639,332.423,1,-2,0,0.4
0.085,0.015,23.3002,3.13953,-5.51855,327.657,1,-2,0,0.4
0.085,0.025,23.3487,3.09144,-5.39801,322.848,1,-2,0,0.4
0.085,0.035,23.4046,3.04156,-5.27738,317.996,1,-2,0,0.4
0.085,0.045,23.4675,2.98994,-5.15666,313.101,1,-2,0,0.4
0.085,0.055,23.537,2.93664,-5.03584,308.162,1,-2,0,0.4
0.085,0.065,23.6124,2.8817,-4.91491,303.18,1,-2,0,0.4
0.085,0.075,23.6931,2.82519,-4.79388,298.157,1,-2,0,0.4
0.085,0.085,23.7783,2.76718,-4.67273,293.093,1,-2,0,0.4
0.085,0.095,23.8673,2.70775,-4.55149,287.989,1,-2,0,0.4
0.085,0.105,23.9592,2.64697,-4.43014,282.848,1,-2,0,0.4
0.085,0.115,24.053,2.58493,-4.3087,277.672,1,-2,0,0.4
0.085,0.125,24.1477,2.52169,-4.18719,272.463,1,-2,0,0.4
0.085,0.135,24.2424,2.45736,-4.06562,267.225,1,-2,0,0.4
0.085,0.145,24.336,2.39198,-3.94401,261.962,1,-2,0,0.4
0.085,0.155,24.4297,2.32565,-3.82202,256.709,1,-2,0,0.4
0.085,0.165,24.5213,2.25865,-3.69989,251.453,1,-2,0,0.4
0.085,0.175,24.6085,2.1912,-3.57788,246.181,1,-2,0,0.4
0.085,0.185,24.6905,2.12344,-3.45608,240.899,1,-2,0,0.4
0.085,0.195,24.7662,2.05554,-3.33456,235.61,1,-2,0,0.4
0.085,0.205,24.8348,1.98765,-3.21338,230.321,1,-2,0,0.4
0.085,0.215,24.8952,1.91992,-3.09261,225.036,1,-2,0,0.4
0.085,0.225,24.9468,1.85252,-2.9723,219.761,1,-2,0,0.4
0.085,0.235,24.9885,1.7856,-2.85248,214.501,1,-2,0,0.4
0.085,0.245,25.0199,1.7193,-2.73319,209.262,1,-2,0,0.4
0.085,0.255,25.0403,1.65376,-2.61442,204.051,1,-2,0,0.4
0.085,0.265,25.0492,1.5891,-2.49616,198.874,1,-2,0,0.4
0.085,0.275,25.0464,1.52543,-2.37836,193.741,1,-2,0,0.4
0.085,0.285,25.0318,1.46285,-2.26095,188.66,1,-2,0,0.4
0.085,0.295,25.0055,1.40145,-2.14384,183.641,1,-2,0,0.4
0.085,0.305,24.9678,1.34129,-2.02693,178.693,1,-2,0,0.4
0.085,0.315,24.9193,1.28241,-1.91008,173.828,1,-2,0,0.4
0.085,0.325,24.8605,1.22485,-1.79316,169.056,1,-2,0,0.4
0.085,0.335,24.7924,1.16861,-1.67602,164.387,1,-2,0,0.4
0.085,0.345,24.7157,1.11365,-1.55854,159.829,1,-2,0,0.4
0.085,0.355,24.6308,1.05992,-1.44065,155.386,1,-2,0,0.4
0.085,0.365,24.5379,1.00731,-1.32234,151.058,1,-2,0,0.4
0.085,0.375,24.4365,0.955715,-1.20369,146.839,1,-2,0,0.4
0.085,0.385,24.3262,0.905038,-1.08482,142.723,1,-2,0,0.4
0.085,0.395,24.2067,0.855188,-0.965866,138.708,1,-2,0,0.4
0.085,0.405,24.0781,0.806094,-0.846945,134.792,1,-2,0,0.4
0.085,0.415,23.9414,0.757694,-0.728181,130.981,1,-2,0,0.4
0.085,0.425,23.7977,0.709926,-0.609694,127.281,1,-2,0,0.4
0.085,0.435,23.6493,0.66272,-0.491623,123.704,1,-2,0,0.4
0.085,0.445,23.4988,0.615989,-0.374144,120.264,1,-2,0,0.4
0.085,0.455,23.3495,0.569607,-0.257483,116.978,1,-2,0,0.4
0.085,0.465,23.2058,0.523349,-0.141919,113.869,1,-2,0,0.4
0.085,0.475,23.0789,0.475725,-0.0274878,110.979,1,-2,0,0.4
0.085,0.485,22.9933,0.423799,0.0859256,108.31,1,-2,0,0.4
0.085,0.495,22.9317,0.371105,0.197446,105.871,1,-2,0,0.4
0.085,0.505,22.9029,0.317247,0.305672,103.745,1,-2,0,0.4
0.085,0.515,22.914,0.261527,0.409636,101.987,1,-2,0,0.4
0.085,0.525,22.9697,0.20332,0.508365,100.654,1,-2,0,0.4
0.085,0.535,23.0778,0.141951,0.600911,99.8008,1,-2,0,0.4
0.085,0.545,23.247,0.076712,0.68648,99.4801,1,-2,0,0.4
0.085,0.555,23.4811,0.00695078,0.764503,99.7226,1,-2,0,0.4
0.085,0.565,23.7651,-0.0678713,0.835533,100.536,1,-2,0,0.4
0.085,0.575,24.083,-0.148297,0.900331,101.917,1,-2,0,0.4
0.085,0.585,24.4044,-0.234952,0.959471,103.828,1,-2,0,0.4
0.085,0.595,24.6669,-0.328605,1.01399,106.194,1,-2,0,0.4
0.085,0.605,24.7723,-0.430698,1.06504,108.915,1,-2,0,0.4
0.085,0.615,24.5815,-0.544815,1.11376,111.875,1,-2,0,0.4
0.085,0.625,23.9229,-0.679662,1.16151,114.943,1,-2,0,0.4
0.085,0.635,22.628,-0.854504,1.21035,117.999,1,-2,0,0.4
0.085,0.645,20.6046,-1.10877,1.26434,120.962,1,-2,0,0.4
0.085,0.655,17.9381,-1.51872,1.33202,123.85,1,-2,0,0.4
0.085,0.665,14.9833,-2.22171,1.43114,126.839,1,-2,0,0.4
0.085,0.675,12.3595,-3.42351,1.593,130.178,1,-2,0,0.4
0.085,0.685,10.758,-5.28936,1.85159,133.749,1,-2,0,0.4
0.085,0.695,10.7085,-7.6591,2.20051,136.896,1,-2,0,0.4
0.085,0.705,12.633,-9.99303,2.55995,139.047,1,-2,0,0.4
0.085,0.715,17.135,-11.8223,2.82518,140.121,1,-2,0,0.4
0.085,0.725,25.0868,-13.0518,2.9513,139.535,1,-2,0,0.4
0.085,0.735,37.3903,-13.8151,2.96111,136.123,1,-2,0,0.4
0.085,0.745,54.5009,-14.2748,2.91042,129.054,1,-2,0,0.4
0.085,0.755,76.4905,-14.549,2.84114,119.953,1,-2,0,0.4
0.085,0.765,103.146,-14.7124,2.77803,111.172,1,-2,0,0.4
0.085,0.775,133.934,-14.811,2.72925,104.017,1,-2,0,0.4
0.085,0.785,167.884,-14.8722,2.69344,98.6156,1,-2,0,0.4
0.085,0.795,203.744,-14.9117,2.6677,94.7582,1,-2,0,0.4
0.085,0.805,240.476,-14.9382,2.65106,92.4996,1,-2,0,0.4
0.085,0.815,277.699,-14.9562,2.64393,92.1455,1,-2,0,0.4
0.085,0.825,315.7,-14.9687,2.64655,93.9633,1,-2,0,0.4
0.085,0.835,355.067,-14.9773,2.65804,97.9804,1,-2,0,0.4
0.085,0.845,396.255,-14.9832,2.67646,103.975,1,-2,0,0.4
0.085,0.855,439.336,-14.9874,2.69952,111.576,1,-2,0,0.4
0.085,0.865,483.979,-14.9904,2.72507,120.367,1,-2,0,0.4
0.085,0.875,529.562,-14.9925,2.75148,129.955,1,-2,0,0.4
0.085,0.885,575.317,-14.9942,2.77763,140.002,1,-2,0,0.4
0.085,0.895,620.456,-14.9954,2.8028,150.226,1,-2,0,0.4
0.085,0.905,664.243,-14.9964,2.82658,160.398,1,-2,0,0.4
0.085,0.915,706.042,-14.9972,2.84873,170.332,1,-2,0,0.4
0.085,0.925,745.335,-14.9978,2.86914,179.879,1,-2,0,0.4
0.085,0.935,781.734,-14.9983,2.88776,188.922,1,-2,0,0.4
0.085,0.945,814.971,-14.9987,2.90459,197.369,1,-2,0,0.4
0.085,0.955,844.897,-14.999,2.91966,205.151,1,-2,0,0.4
0.085,0.965,871.468,-14.9993,2.93303,212.224,1,-2,0,0.4
0.085,0.975,894.735,-14.9995,2.94477,218.563,1,-2,0,0.4
0.085,0.985,914.824,-14.9996,2.95495,224.165,1,-2,0,0.4
0.085,0.995,931.928,-14.9997,2.96369,229.043,1,-2,0,0.4
0.095,0.005,22.8159,3.26945,-5.61929,323.767,1,-2,0,0.4
0.095,0.015,22.8499,3.22316,-5.49776,319.045,1,-2,0,0.4
0.095,0.025,22.8912,3.17502,-5.37609,314.282,1,-2,0,0.4
0.095,0.035,22.9396,3.12506,-5.2543,309.479,1,-2,0,0.4
0.095,0.045,22.9945,3.07335,-5.13237,304.635,1,-2,0,0.4
0.095,0.055,23.0553,3.01993,-5.01032,299.751,1,-2,0,0.4
0.095,0.065,23.1216,2.96487,-4.88814,294.828,1,-2,0,0.4
0.095,0.075,23.1926,2.90823,-4.76584,289.867,1,-2,0,0.4
0.095,0.085,23.2677,2.85009,-4.64344,284.869,1,-2,0,0.4
0.095,0.095,23.346,2.79053,-4.52095,279.836,1,-2,0,0.4
0.095,0.105,23.4268,2.72963,-4.39838,274.77,1,-2,0,0.4
0.095,0.115,23.5091,2.66747,-4.27577,269.674,1,-2,0,0.4
0.095,0.125,23.5919,2.60414,-4.15313,264.55,1,-2,0,0.4
0.095,0.135,23.6744,2.53973,-4.03051,259.403,1,-2,0,0.4
0.095,0.145,23.7561,2.4743,-3.90784,254.242,1,-2,0,0.4
0.095,0.155,23.838,2.40797,-3.78482,249.102,1,-2,0,0.4
0.095,0.165,23.917,2.34109,-3.66189,243.952,1,-2,0,0.4
0.095,0.175,23.9918,2.27381,-3.53921,238.792,1,-2,0,0.4
0.095,0.185,24.0616,2.20629,-3.41685,233.627,1,-2,0,0.4
0.095,0.195,24.1254,2.13868,-3.29487,228.462,1,-2,0,0.4
0.095,0.205,24.1824,2.07114,-3.17333,223.301,1,-2,0,0.4
0.095,0.215,24.2318,2.00381,-3.05228,218.15,1,-2,0,0.4
0.095,0.225,24.2728,1.93685,-2.93175,213.013,1,-2,0,0.4
0.095,0.235,24.3048,1.87039,-2.81177,207.896,1,-2,0,0.4
0.095,0.245,24.3271,1.80458,-2.69235,202.805,1,-2,0,0.4
0.095,0.255,24.3392,1.73954,-2.57347,197.745,1,-2,0,0.4
0.095,0.265,24.3407,1.67538,-2.4551,192.725,1,-2,0,0.4
0.095,0.275,24.3314,1.6122,-2.33719,187.751,1,-2,0,0.4
0.095,0.285,24.3113,1.5501,-2.21967,182.832,1,-2,0,0.4
0.095,0.295,24.2804,1.48916,-2.10243,177.977,1,-2,0,0.4
0.095,0.305,24.2391,1.42943,-1.98536,173.195,1,-2,0,0.4
0.095,0.315,24.1879,1.37095,-1.86835,168.496,1,-2,0,0.4
0.095,0.325,24.1274,1.31376,-1.75127,163.889,1,-2,0,0.4
0.095,0.335,24.0582,1.25784,-1.63398,159.383,1,-2,0,0.4
0.095,0.345,23.981,1.20317,-1.51638,154.984,1,-2,0,0.4
0.095,0.355,23.8962,1.14966,-1.39843,150.695,1,-2,0,0.4
0.095,0.365,23.8038,1.09725,-1.28012,146.516,1,-2,0,0.4
0.095,0.375,23.7034,1.04581,-1.16154,142.441,1,-2,0,0.4
0.095,0.385,23.5948,0.995258,-1.04279,138.467,1,-2,0,0.4
0.095,0.395,23.4778,0.945519,-0.924003,134.591,1,-2,0,0.4
0.095,0.405,23.3529,0.896529,-0.805293,130.816,1,-2,0,0.4
0.095,0.415,23.221,0.848233,-0.686777,127.146,1,-2,0,0.4
0.095,0.425,23.0837,0.800574,-0.568574,123.589,1,-2,0,0.4
0.095,0.435,22.943,0.753483,-0.45083,120.157,1,-2,0,0.4
0.095,0.445,22.8018,0.706869,-0.333731,116.866,1,-2,0,0.4
0.095,0.455,22.6635,0.6606,-0.217517,113.731,1,-2,0,0.4
0.095,0.465,22.5327,0.614373,-0.102457,110.778,1,-2,0,0.4
0.095,0.475,22.4289,0.565357,0.0116186,108.055,1,-2,0,0.4
0.095,0.485,22.3611,0.513196,0.124534,105.529,1,-2,0,0.4
0.095,0.495,22.3177,0.460496,0.235118,103.258,1,-2,0,0.4
0.095,0.505,22.3081,0.406587,0.34217,101.308,1,-2,0,0.4
0.095,0.515,22.3382,0.350791,0.444738,99.7335,1,-2,0,0.4
0.095,0.525,22.414,0.292456,0.541839,98.588,1,-2,0,0.4
0.095,0.535,22.5438,0.230873,0.632543,97.9275,1,-2,0,0.4
0.095,0.545,22.7361,0.16528,0.71611,97.8013,1,-2,0,0.4
0.095,0.555,22.9957,0.0949273,0.792145,98.2424,1,-2,0,0.4
0.095,0.565,23.3181,0.0191937,0.860643,99.2551,1,-2,0,0.4
0.095,0.575,23.6729,-0.0623234,0.922581,100.811,1,-2,0,0.4
0.095,0.585,24.0192,-0.15003,0.979348,102.867,1,-2,0,0.4
0.095,0.595,24.3,-0.244636,1.03178,105.355,1,-2,0,0.4
0.095,0.605,24.4164,-0.347659,1.08095,108.177,1,-2,0,0.4
0.095,0.615,24.227,-0.462883,1.12795,111.212,1,-2,0,0.4
0.095,0.625,23.5576,-0.599509,1.1741,114.332,1,-2,0,0.4
0.095,0.635,22.2397,-0.777896,1.22156,117.416,1,-2,0,0.4
0.095,0.645,20.1865,-1.03975,1.27464,120.39,1,-2,0,0.4
0.095,0.655,17.4988,-1.46577,1.34254,123.282,1,-2,0,0.4
0.095,0.665,14.5552,-2.20078,1.44431,126.281,1,-2,0,0.4
0.095,0.675,11.9944,-3.45716,1.61278,129.629,1,-2,0,0.4
0.095,0.685,10.5004,-5.38851,1.88083,133.135,1,-2,0,0.4
0.095,0.695,10.5745,-7.79618,2.23536,136.109,1,-2,0,0.4
0.095,0.705,12.623,-10.1201,2.58976,138.022,1,-2,0,0.4
0.095,0.715,17.2477,-11.9145,2.84136,138.792,1,-2,0,0.4
0.095,0.725,25.3037,-13.1109,2.95291,137.757,1,-2,0,0.4
0.095,0.735,37.6488,-13.8514,2.95269,133.811,1,-2,0,0.4
0.095,0.745,54.7129,-14.2967,2.89761,126.44,1,-2,0,0.4
0.095,0.755,76.6046,-14.5617,2.82869,117.502,1,-2,0,0.4
0.095,0.765,103.182,-14.7194,2.76857,109.242,1,-2,0,0.4
0.095,0.775,133.95,-14.8147,2.72307,102.68,1,-2,0,0.4
0.095,0.785,167.907,-14.8741,2.6896,97.7314,1,-2,0,0.4
0.095,0.795,203.747,-14.9128,2.66512,94.1371,1,-2,0,0.4
0.095,0.805,240.407,-14.9388,2.64905,92.0071,1,-2,0,0.4
0.095,0.815,277.525,-14.9567,2.64222,91.722,1,-2,0,0.4
0.095,0.825,315.431,-14.969,2.64511,93.5975,1,-2,0,0.4
0.095,0.835,354.747,-14.9775,2.65689,97.6778,1,-2,0,0.4
0.095,0.845,395.933,-14.9834,2.67562,103.739,1,-2,0,0.4
0.095,0.855,439.051,-14.9875,2.69893,111.401,1,-2,0,0.4
0.095,0.865,483.749,-14.9904,2.72469,120.244,1,-2,0,0.4
0.095,0.875,529.39,-14.9926,2.75124,129.873,1,-2,0,0.4
0.095,0.885,575.197,-14.9942,2.77748,139.949,1,-2,0,0.4
0.095,0.895,620.377,-14.9954,2.80272,150.193,1,-2,0,0.4
0.095,0.905,664.193,-14.9964,2.82653,160.378,1,-2,0,0.4
0.095,0.915,706.011,-14.9972,2.8487,170.32,1,-2,0,0.4
0.095,0.925,745.317,-14.9978,2.86912,179.873,1,-2,0,0.4
0.095,0.935,781.724,-14.9983,2.88775,188.919,1,-2,0,0.4
0.095,0.945,814.965,-14.9987,2.90458,197.367,1,-2,0,0.4
0.095,0.955,844.894,-14.999,2.91966,205.15,1,-2,0,0.4
0.095,0.965,871.467,-14.9993,2.93303,212.223,1,-2,0,0.4
0.095,0.975,894.734,-14.9995,2.94477,218.563,1,-2,0,0.4
0.095,0.985,914.824,-14.9996,2.95495,224.165,1,-2,0,0.4
0.095,0.995,931.928,-14.9997,2.96369,229.043,1,-2,0,0.4
0.105,0.005,22.3843,3.35201,-5.59676,315.396,1,-2,0,0.4
0.105,0.015,22.412,3.30566,-5.47414,310.722,1,-2,0,0.4
0.105,0.025,22.4467,3.25745,-5.35137,306.01,1,-2,0,0.4
0.105,0.035,22.4879,3.20742,-5.22845,301.26,1,-2,0,0.4
0.105,0.045,22.5351,3.15561,-5.10538,296.473,1,-2,0,0.4
0.105,0.055,22.5879,3.1021,-4.98218,291.649,1,-2,0,0.4
0.105,0.065,22.6456,3.04695,-4.85886,286.789,1,-2,0,0.4
0.105,0.075,22.7076,2.99022,-4.73544,281.895,1,-2,0,0.4
0.105,0.085,22.7731,2.932,-4.61195,276.968,1,-2,0,0.4
0.105,0.095,22.8415,2.87238,-4.4884,272.011,1,-2,0,0.4
0.105,0.105,22.912,2.81143,-4.36483,267.025,1,-2,0,0.4
0.105,0.115,22.9836,2.74926,-4.24127,262.014,1,-2,0,0.4
0.105,0.125,23.0555,2.68594,-4.11776,256.98,1,-2,0,0.4
0.105,0.135,23.1268,2.62156,-3.99434,251.926,1,-2,0,0.4
0.105,0.145,23.198,2.55618,-3.87082,246.877,1,-2,0,0.4
0.105,0.155,23.2689,2.49003,-3.74711,241.845,1,-2,0,0.4
0.105,0.165,23.3365,2.42339,-3.62366,236.803,1,-2,0,0.4
0.105,0.175,23.4001,2.35641,-3.50056,231.757,1,-2,0,0.4
0.105,0.185,23.4588,2.28925,-3.37787,226.71,1,-2,0,0.4
0.105,0.195,23.5118,2.22204,-3.25564,221.668,1,-2,0,0.4
0.105,0.205,23.5585,2.15495,-3.13392,216.635,1,-2,0,0.4
0.105,0.215,23.598,2.08811,-3.01274,211.616,1,-2,0,0.4
0.105,0.225,23.6297,2.02166,-2.89212,206.616,1,-2,0,0.4
0.105,0.235,23.6529,1.95574,-2.77207,201.64,1,-2,0,0.4
0.105,0.245,23.6672,1.89047,-2.65259,196.694,1,-2,0,0.4
0.105,0.255,23.672,1.82598,-2.53365,191.783,1,-2,0,0.4
0.105,0.265,23.667,1.76236,-2.41521,186.915,1,-2,0,0.4
0.105,0.275,23.6522,1.69971,-2.29721,182.096,1,-2,0,0.4
0.105,0.285,23.6273,1.63812,-2.17957,177.334,1,-2,0,0.4
0.105,0.295,23.5927,1.57766,-2.0622,172.638,1,-2,0,0.4
0.105,0.305,23.5485,1.51839,-1.94499,168.016,1,-2,0,0.4
0.105,0.315,23.4953,1.46034,-1.82782,163.477,1,-2,0,0.4
0.105,0.325,23.4335,1.40354,-1.71058,159.029,1,-2,0,0.4
0.105,0.335,23.3638,1.34797,-1.59315,154.679,1,-2,0,0.4
0.105,0.345,23.2866,1.29359,-1.47546,150.433,1,-2,0,0.4
0.105,0.355,23.2023,1.24035,-1.35745,146.292,1,-2,0,0.4
0.105,0.365,23.1108,1.18815,-1.23915,142.255,1,-2,0,0.4
0.105,0.375,23.0119,1.1369,-1.12064,138.319,1,-2,0,0.4
0.105,0.385,22.9054,1.08652,-1.00202,134.482,1,-2,0,0.4
0.105,0.395,22.7915,1.03695,-0.883395,130.743,1,-2,0,0.4
0.105,0.405,22.6708,0.988114,-0.764889,127.104,1,-2,0,0.4
0.105,0.415,22.5443,0.939981,-0.646607,123.571,1,-2,0,0.4
0.105,0.425,22.4137,0.892488,-0.528675,120.154,1,-2,0,0.4
0.105,0.435,22.2812,0.845568,-0.411245,116.864,1,-2,0,0.4
0.105,0.445,22.1496,0.799125,-0.294513,113.716,1,-2,0,0.4
0.105,0.455,22.0224,0.753008,-0.178731,110.728,1,-2,0,0.4
0.105,0.465,21.9053,0.706659,-0.0641054,107.929,1,-2,0,0.4
0.105,0.475,21.8261,0.65611,0.0496283,105.356,1,-2,0,0.4
0.105,0.485,21.7731,0.604111,0.161979,102.975,1,-2,0,0.4
0.105,0.495,21.7473,0.551374,0.271588,100.867,1,-2,0,0.4
0.105,0.505,21.7556,0.497378,0.377446,99.0872,1,-2,0,0.4
0.105,0.515,21.8039,0.441445,0.478601,97.6867,1,-2,0,0.4
0.105,0.525,21.8989,0.382897,0.574068,96.7199,1,-2,0,0.4
0.105,0.535,22.0494,0.320996,0.662934,96.2407,1,-2,0,0.4
0.105,0.545,22.2631,0.254963,0.744512,96.2949,1,-2,0,0.4
0.105,0.555,22.5436,0.184033,0.818496,96.9116,1,-2,0,0.4
0.105,0.565,22.8859,0.107525,0.885063,98.0951,1,-2,0,0.4
0.105,0.575,23.2718,0.0249348,0.944805,99.8161,1,-2,0,0.4
0.105,0.585,23.6502,-0.0640281,0.999039,102.012,1,-2,0,0.4
0.105,0.595,23.9494,-0.159859,1.04934,104.608,1,-2,0,0.4
0.105,0.605,24.0745,-0.26406,1.09657,107.513,1,-2,0,0.4
0.105,0.615,23.883,-0.380626,1.14178,110.607,1,-2,0,0.4
0.105,0.625,23.1989,-0.519293,1.18628,113.762,1,-2,0,0.4
0.105,0.635,21.8539,-0.701606,1.23232,116.86,1,-2,0,0.4
0.105,0.645,19.7678,-0.97173,1.28452,119.833,1,-2,0,0.4
0.105,0.655,17.058,-1.41518,1.35281,122.721,1,-2,0,0.4
0.105,0.665,14.1286,-2.18468,1.45765,125.726,1,-2,0,0.4
0.105,0.675,11.6365,-3.4986,1.63336,129.074,1,-2,0,0.4
0.105,0.685,10.2538,-5.49583,1.91107,132.499,1,-2,0,0.4
0.105,0.695,10.452,-7.93736,2.27037,135.282,1,-2,0,0.4
0.105,0.705,12.6229,-10.2469,2.61838,136.949,1,-2,0,0.4
0.105,0.715,17.3653,-12.0047,2.85562,137.399,1,-2,0,0.4
0.105,0.725,25.5157,-13.1683,2.95269,135.903,1,-2,0,0.4
0.105,0.735,37.8891,-13.8865,2.94302,131.446,1,-2,0,0.4
0.105,0.745,54.8983,-14.3176,2.88431,123.845,1,-2,0,0.4
0.105,0.755,76.6972,-14.5737,2.81642,115.147,1,-2,0,0.4
0.105,0.765,103.214,-14.7259,2.75962,107.445,1,-2,0,0.4
0.105,0.775,133.98,-14.8181,2.71744,101.467,1,-2,0,0.4
0.105,0.785,167.954,-14.8759,2.68615,96.9359,1,-2,0,0.4
0.105,0.795,203.771,-14.9138,2.66276,93.5681,1,-2,0,0.4
0.105,0.805,240.349,-14.9394,2.64714,91.54,1,-2,0,0.4
0.105,0.815,277.354,-14.9571,2.64054,91.3091,1,-2,0,0.4
0.105,0.825,315.161,-14.9693,2.64368,93.2364,1,-2,0,0.4
0.105,0.835,354.425,-14.9777,2.65575,97.3782,1,-2,0,0.4
0.105,0.845,395.612,-14.9835,2.67478,103.505,1,-2,0,0.4
0.105,0.855,438.768,-14.9876,2.69835,111.23,1,-2,0,0.4
0.105,0.865,483.524,-14.9905,2.72431,120.124,1,-2,0,0.4
0.105,0.875,529.224,-14.9926,2.75101,129.793,1,-2,0,0.4
0.105,0.885,575.082,-14.9942,2.77735,139.898,1,-2,0,0.4
0.105,0.895,620.301,-14.9954,2.80264,150.161,1,-2,0,0.4
0.105,0.905,664.145,-14.9964,2.82649,160.359,1,-2,0,0.4
0.105,0.915,705.982,-14.9972,2.84868,170.309,1,-2,0,0.4
0.105,0.925,745.301,-14.9978,2.86911,179.867,1,-2,0,0.4
0.105,0.935,781.714,-14.9983,2.88774,188.915,1,-2,0,0.4
0.105,0.945,814.96,-14.9987,2.90458,197.365,1,-2,0,0.4
0.105,0.955,844.891,-14.999,2.91966,205.149,1,-2,0,0.4
0.105,0.965,871.465,-14.9993,2.93303,212.223,1,-2,0,0.4
0.105,0.975,894.733,-14.9995,2.94477,218.563,1,-2,0,0.4
0.105,0.985,914.824,-14.9996,2.95495,224.165,1,-2,0,0.4
0.105,0.995,931.928,-14.9997,2.96369,229.043,1,-2,0,0.4
0.115,0.005,21.9653,3.43352,-5.57167,307.302,1,-2,0,0.4
0.115,0.015,21.9871,3.38712,-5.44803,302.681,1,-2,0,0.4
0.115,0.025,22.0154,3.33885,-5.32422,298.024,1,-2,0,0.4
0.115,0.035,22.0499,3.28876,-5.20025,293.332,1,-2,0,0.4
0.115,0.045,22.0899,3.23689,-5.07616,288.606,1,-2,0,0.4
0.115,0.055,22.135,3.18333,-4.95195,283.846,1,-2,0,0.4
0.115,0.065,22.1846,3.12813,-4.82765,279.055,1,-2,0,0.4
0.115,0.075,22.2381,3.07138,-4.70328,274.232,1,-2,0,0.4
0.115,0.085,22.2948,3.01316,-4.57889,269.381,1,-2,0,0.4
0.115,0.095,22.354,2.95355,-4.45449,264.503,1,-2,0,0.4
0.115,0.105,22.4148,2.89265,-4.33015,259.601,1,-2,0,0.4
0.115,0.115,22.4766,2.83056,-4.20588,254.677,1,-2,0,0.4
0.115,0.125,22.5384,2.76735,-4.08174,249.736,1,-2,0,0.4
0.115,0.135,22.5995,2.70311,-3.95774,244.78,1,-2,0,0.4
0.115,0.145,22.6613,2.63791,-3.83355,239.848,1,-2,0,0.4
0.115,0.155,22.7218,2.57205,-3.70944,234.921,1,-2,0,0.4
0.115,0.165,22.779,2.50577,-3.58569,229.989,1,-2,0,0.4
0.115,0.175,22.8324,2.43919,-3.46236,225.056,1,-2,0,0.4
0.115,0.185,22.8811,2.37248,-3.33951,220.128,1,-2,0,0.4
0.115,0.195,22.9245,2.30577,-3.21717,215.208,1,-2,0,0.4
0.115,0.205,22.9618,2.2392,-3.09538,210.302,1,-2,0,0.4
0.115,0.215,22.9925,2.17291,-2.97416,205.414,1,-2,0,0.4
0.115,0.225,23.0158,2.10703,-2.85352,200.549,1,-2,0,0.4
0.115,0.235,23.0313,2.0417,-2.73345,195.711,1,-2,0,0.4
0.115,0.245,23.0384,1.97701,-2.61394,190.907,1,-2,0,0.4
0.115,0.255,23.0369,1.9131,-2.49496,186.141,1,-2,0,0.4
0.115,0.265,23.0263,1.85005,-2.37645,181.421,1,-2,0,0.4
0.115,0.275,23.0067,1.78796,-2.25837,176.752,1,-2,0,0.4
0.115,0.285,22.9779,1.7269,-2.14062,172.143,1,-2,0,0.4
0.115,0.295,22.9402,1.66696,-2.02313,167.601,1,-2,0,0.4
0.115,0.305,22.8938,1.60816,-1.90577,163.133,1,-2,0,0.4
0.115,0.315,22.8391,1.55056,-1.78846,158.748,1,-2,0,0.4
0.115,0.325,22.7765,1.49417,-1.67107,154.452,1,-2,0,0.4
0.115,0.335,22.7067,1.43897,-1.55352,150.252,1,-2,0,0.4
0.115,0.345,22.6299,1.38492,-1.43573,146.152,1,-2,0,0.4
0.115,0.355,22.5465,1.33196,-1.31769,142.153,1,-2,0,0.4
0.115,0.365,22.4563,1.28001,-1.19941,138.254,1,-2,0,0.4
0.115,0.375,22.3593,1.22899,-1.08097,134.452,1,-2,0,0.4
0.115,0.385,22.2555,1.17882,-0.962471,130.748,1,-2,0,0.4
0.115,0.395,22.1452,1.12945,-0.844011,127.141,1,-2,0,0.4
0.115,0.405,22.0291,1.08083,-0.725697,123.634,1,-2,0,0.4
0.115,0.415,21.9084,1.0329,-0.607639,120.235,1,-2,0,0.4
0.115,0.425,21.7849,0.985622,-0.489966,116.954,1,-2,0,0.4
0.115,0.435,21.6607,0.938914,-0.372838,113.801,1,-2,0,0.4
0.115,0.445,21.5388,0.892674,-0.256465,110.792,1,-2,0,0.4
0.115,0.455,21.4228,0.846717,-0.141111,107.946,1,-2,0,0.4
0.115,0.465,21.323,0.799649,-0.0268257,105.3,1,-2,0,0.4
0.115,0.475,21.2632,0.748296,0.0865426,102.858,1,-2,0,0.4
0.115,0.485,21.2253,0.696348,0.198202,100.624,1,-2,0,0.4
0.115,0.495,21.216,0.643526,0.306807,98.6729,1,-2,0,0.4
0.115,0.505,21.2411,0.589373,0.411437,97.0551,1,-2,0,0.4
0.115,0.515,21.3066,0.533208,0.511134,95.8208,1,-2,0,0.4
0.115,0.525,21.4202,0.474324,0.604913,95.0237,1,-2,0,0.4
0.115,0.535,21.5905,0.411961,0.691892,94.7157,1,-2,0,0.4
0.115,0.545,21.8248,0.345331,0.771443,94.9389,1,-2,0,0.4
0.115,0.555,22.125,0.273673,0.843349,95.7178,1,-2,0,0.4
0.115,0.565,22.4845,0.196326,0.907894,97.0512,1,-2,0,0.4
0.115,0.575,22.8838,0.112759,0.965825,98.9096,1,-2,0,0.4
0.115,0.585,23.2852,0.022587,1.01812,101.232,1,-2,0,0.4
0.115,0.595,23.6075,-0.0745989,1.06623,103.928,1,-2,0,0.4
0.115,0.605,23.741,-0.180156,1.11156,106.902,1,-2,0,0.4
0.115,0.615,23.5452,-0.298246,1.15498,110.04,1,-2,0,0.4
0.115,0.625,22.8431,-0.43918,1.19783,113.218,1,-2,0,0.4
0.115,0.635,21.4676,-0.625794,1.24247,116.319,1,-2,0,0.4
0.115,0.645,19.346,-0.904931,1.29387,119.281,1,-2,0,0.4
0.115,0.655,16.6141,-1.36731,1.3628,122.16,1,-2,0,0.4
0.115,0.665,13.703,-2.17395,1.47122,125.168,1,-2,0,0.4
0.115,0.675,11.2858,-3.5484,1.65479,128.508,1,-2,0,0.4
0.115,0.685,10.0185,-5.61139,1.94229,131.833,1,-2,0,0.4
0.115,0.695,10.341,-8.08226,2.30537,134.411,1,-2,0,0.4
0.115,0.705,12.6318,-10.3731,2.64561,135.821,1,-2,0,0.4
0.115,0.715,17.4866,-12.093,2.86785,135.938,1,-2,0,0.4
0.115,0.725,25.7212,-13.224,2.95065,133.975,1,-2,0,0.4
0.115,0.735,38.1098,-13.9203,2.93218,129.039,1,-2,0,0.4
0.115,0.745,55.0578,-14.3376,2.87061,121.284,1,-2,0,0.4
0.115,0.755,76.7711,-14.585,2.8044,112.898,1,-2,0,0.4
0.115,0.765,103.246,-14.732,2.75123,105.782,1,-2,0,0.4
0.115,0.775,134.027,-14.8212,2.71233,100.372,1,-2,0,0.4
0.115,0.785,168.024,-14.8775,2.68307,96.2229,1,-2,0,0.4
0.115,0.795,203.814,-14.9147,2.6606,93.0457,1,-2,0,0.4
0.115,0.805,240.301,-14.94,2.64531,91.0946,1,-2,0,0.4
0.115,0.815,277.184,-14.9575,2.6389,90.9047,1,-2,0,0.4
0.115,0.825,314.889,-14.9696,2.64225,92.8788,1,-2,0,0.4
0.115,0.835,354.101,-14.9779,2.65461,97.0813,1,-2,0,0.4
0.115,0.845,395.291,-14.9836,2.67394,103.275,1,-2,0,0.4
0.115,0.855,438.489,-14.9877,2.69779,111.062,1,-2,0,0.4
0.115,0.865,483.303,-14.9905,2.72395,120.008,1,-2,0,0.4
0.115,0.875,529.062,-14.9926,2.75079,129.716,1,-2,0,0.4
0.115,0.885,574.971,-14.9942,2.77721,139.849,1,-2,0,0.4
0.115,0.895,620.228,-14.9955,2.80256,150.132,1,-2,0,0.4
0.115,0.905,664.1,-14.9964,2.82644,160.341,1,-2,0,0.4
0.115,0.915,705.955,-14.9972,2.84865,170.299,1,-2,0,0.4
0.115,0.925,745.285,-14.9978,2.8691,179.861,1,-2,0,0.4
0.115,0.935,781.706,-14.9983,2.88774,188.912,1,-2,0,0.4
0.115,0.945,814.956,-14.9987,2.90458,197.363,1,-2,0,0.4
0.115,0.955,844.889,-14.999,2.91966,205.148,1,-2,0,0.4
0.115,0.965,871.464,-14.9993,2.93303,212.222,1,-2,0,0.4
0.115,0.975,894.732,-14.9995,2.94477,218.563,1,-2,0,0.4
0.115,0.985,914.823,-14.9996,2.95495,224.165,1,-2,0,0.4
0.115,0.995,931.928,-14.9997,2.96369,229.043,1,-2,0,0.4
0.125,0.005,21.5589,3.51409,-5.54436,299.481,1,-2,0,0.4
0.125,0.015,21.5751,3.46766,-5.41979,294.916,1,-2,0,0.4
0.125,0.025,21.5975,3.41936,-5.29506,290.318,1,-2,0,0.4
0.125,0.035,21.6255,3.36924,-5.17019,285.688,1,-2,0,0.4
0.125,0.045,21.6588,3.31736,-5.04522,281.027,1,-2,0,0.4
0.125,0.055,21.6967,3.2638,-4.92016,276.335,1,-2,0,0.4
0.125,0.065,21.7387,3.20863,-4.79505,271.615,1,-2,0,0.4
0.125,0.075,21.7842,3.15192,-4.66993,266.867,1,-2,0,0.4
0.125,0.085,21.8326,3.09377,-4.54484,262.095,1,-2,0,0.4
0.125,0.095,21.8831,3.03428,-4.41981,257.299,1,-2,0,0.4
0.125,0.105,21.935,2.97352,-4.29489,252.484,1,-2,0,0.4
0.125,0.115,21.9876,2.9116,-4.17013,247.65,1,-2,0,0.4
0.125,0.125,22.04,2.84859,-4.04555,242.803,1,-2,0,0.4
0.125,0.135,22.0921,2.78457,-3.92113,237.952,1,-2,0,0.4
0.125,0.145,22.1451,2.71967,-3.79651,233.132,1,-2,0,0.4
0.125,0.155,22.196,2.65422,-3.67218,228.311,1,-2,0,0.4
0.125,0.165,22.2438,2.58838,-3.54828,223.488,1,-2,0,0.4
0.125,0.175,22.2878,2.52229,-3.42486,218.67,1,-2,0,0.4
0.125,0.185,22.3275,2.4561,-3.30196,213.859,1,-2,0,0.4
0.125,0.195,22.3621,2.38994,-3.1796,209.062,1,-2,0,0.4
0.125,0.205,22.391,2.32395,-3.05781,204.281,1,-2,0,0.4
0.125,0.215,22.4137,2.25826,-2.9366,199.522,1,-2,0,0.4
0.125,0.225,22.4296,2.193,-2.81597,194.789,1,-2,0,0.4
0.125,0.235,22.4382,2.12828,-2.6959,190.087,1,-2,0,0.4
0.125,0.245,22.4391,2.06421,-2.57638,185.421,1,-2,0,0.4
0.125,0.255,22.432,2.0009,-2.45736,180.798,1,-2,0,0.4
0.125,0.265,22.4167,1.93845,-2.3388,176.221,1,-2,0,0.4
0.125,0.275,22.393,1.87693,-2.22063,171.699,1,-2,0,0.4
0.125,0.285,22.361,1.81644,-2.10278,167.238,1,-2,0,0.4
0.125,0.295,22.3208,1.75702,-1.98516,162.844,1,-2,0,0.4
0.125,0.305,22.2726,1.69873,-1.86767,158.525,1,-2,0,0.4
0.125,0.315,22.2169,1.6416,-1.75021,154.288,1,-2,0,0.4
0.125,0.325,22.1541,1.58563,-1.63269,150.138,1,-2,0,0.4
0.125,0.335,22.0845,1.53082,-1.51503,146.082,1,-2,0,0.4
0.125,0.345,22.0085,1.47712,-1.39717,142.121,1,-2,0,0.4
0.125,0.355,21.9263,1.42447,-1.27909,138.258,1,-2,0,0.4
0.125,0.365,21.8379,1.3728,-1.16084,134.491,1,-2,0,0.4
0.125,0.375,21.7432,1.32204,-1.04248,130.82,1,-2,0,0.4
0.125,0.385,21.6425,1.27213,-0.924095,127.244,1,-2,0,0.4
0.125,0.395,21.5361,1.223,-0.805785,123.765,1,-2,0,0.4
0.125,0.405,21.425,1.17462,-0.687651,120.387,1,-2,0,0.4
0.125,0.415,21.3103,1.12695,-0.569804,117.118,1,-2,0,0.4
0.125,0.425,21.194,1.07991,-0.452377,113.967,1,-2,0,0.4
0.125,0.435,21.0783,1.03344,-0.335542,110.947,1,-2,0,0.4
0.125,0.445,20.966,0.987415,-0.21952,108.071,1,-2,0,0.4
0.125,0.455,20.8611,0.9416,-0.104577,105.361,1,-2,0,0.4
0.125,0.465,20.7813,0.893289,0.00943021,102.862,1,-2,0,0.4
0.125,0.475,20.7366,0.841692,0.122398,100.543,1,-2,0,0.4
0.125,0.485,20.7133,0.789708,0.23325,98.4521,1,-2,0,0.4
0.125,0.495,20.7194,0.736739,0.340809,96.6514,1,-2,0,0.4
0.125,0.505,20.7601,0.682342,0.444164,95.1878,1,-2,0,0.4
0.125,0.515,20.8421,0.625831,0.542344,94.1115,1,-2,0,0.4
0.125,0.525,20.9735,0.566475,0.634372,93.4754,1,-2,0,0.4
0.125,0.535,21.1628,0.503497,0.719397,93.3291,1,-2,0,0.4
0.125,0.545,21.4163,0.436104,0.796862,93.711,1,-2,0,0.4
0.125,0.555,21.7351,0.363552,0.866645,94.6404,1,-2,0,0.4
0.125,0.565,22.1107,0.285207,0.929134,96.1109,1,-2,0,0.4
0.125,0.575,22.5221,0.200579,0.985162,98.088,1,-2,0,0.4
0.125,0.585,22.9297,0.109276,1.03582,100.511,1,-2,0,0.4
0.125,0.595,23.267,0.0107972,1.08214,103.295,1,-2,0,0.4
0.125,0.605,23.411,-0.0961918,1.12559,106.328,1,-2,0,0.4
0.125,0.615,23.2098,-0.215926,1.1673,109.499,1,-2,0,0.4
0.125,0.625,22.4872,-0.359318,1.20855,112.688,1,-2,0,0.4
0.125,0.635,21.0781,-0.550609,1.25187,115.781,1,-2,0,0.4
0.125,0.645,18.9189,-0.83956,1.30261,118.727,1,-2,0,0.4
0.125,0.655,16.1661,-1.32252,1.37248,121.593,1,-2,0,0.4
0.125,0.665,13.2783,-2.16916,1.48506,124.601,1,-2,0,0.4
0.125,0.675,10.943,-3.6071,1.67716,127.924,1,-2,0,0.4
0.125,0.685,9.79461,-5.73516,1.97443,131.132,1,-2,0,0.4
0.125,0.695,10.241,-8.23042,2.34013,133.491,1,-2,0,0.4
0.125,0.705,12.649,-10.4984,2.67123,134.636,1,-2,0,0.4
0.125,0.715,17.6105,-12.1792,2.87796,134.406,1,-2,0,0.4
0.125,0.725,25.9187,-13.2779,2.94679,131.974,1,-2,0,0.4
0.125,0.735,38.3103,-13.9528,2.92023,126.6,1,-2,0,0.4
0.125,0.745,55.1924,-14.3566,2.85663,118.769,1,-2,0,0.4
0.125,0.755,76.8297,-14.5956,2.79272,110.762,1,-2,0,0.4
0.125,0.765,103.281,-14.7375,2.74343,104.255,1,-2,0,0.4
0.125,0.775,134.092,-14.824,2.70776,99.3923,1,-2,0,0.4
0.125,0.785,168.117,-14.8789,2.68034,95.5863,1,-2,0,0.4
0.125,0.795,203.875,-14.9155,2.65862,92.5645,1,-2,0,0.4
0.125,0.805,240.26,-14.9405,2.64355,90.6669,1,-2,0,0.4
0.125,0.815,277.013,-14.9578,2.63727,90.5065,1,-2,0,0.4
0.125,0.825,314.613,-14.9698,2.64083,92.5236,1,-2,0,0.4
0.125,0.835,353.775,-14.9781,2.65348,96.7866,1,-2,0,0.4
0.125,0.845,394.97,-14.9838,2.67312,103.047,1,-2,0,0.4
0.125,0.855,438.212,-14.9877,2.69723,110.897,1,-2,0,0.4
0.125,0.865,483.086,-14.9906,2.72359,119.895,1,-2,0,0.4
0.125,0.875,528.905,-14.9927,2.75057,129.642,1,-2,0,0.4
0.125,0.885,574.864,-14.9942,2.77709,139.802,1,-2,0,0.4
0.125,0.895,620.159,-14.9955,2.80249,150.103,1,-2,0,0.4
0.125,0.905,664.057,-14.9964,2.8264,160.324,1,-2,0,0.4
0.125,0.915,705.93,-14.9972,2.84863,170.289,1,-2,0,0.4
0.125,0.925,745.271,-14.9978,2.86909,179.856,1,-2,0,0.4
0.125,0.935,781.698,-14.9983,2.88773,188.909,1,-2,0,0.4
0.125,0.945,814.951,-14.9987,2.90457,197.362,1,-2,0,0.4
0.125,0.955,844.886,-14.999,2.91966,205.147,1,-2,0,0.4
0.125,0.965,871.463,-14.9993,2.93303,212.222,1,-2,0,0.4
0.125,0.975,894.732,-14.9995,2.94477,218.562,1,-2,0,0.4
0.125,0.985,914.823,-14.9996,2.95495,224.165,1,-2,0,0.4
0.125,0.995,931.928,-14.9997,2.96369,229.043,1,-2,0,0.4
0.135,0.005,21.165,3.59388,-5.51522,291.925,1,-2,0,0.4
0.135,0.015,21.176,3.54744,-5.38985,287.419,1,-2,0,0.4
0.135,0.025,21.1926,3.49915,-5.26434,282.883,1,-2,0,0.4
0.135,0.035,21.2146,3.44905,-5.13872,278.318,1,-2,0,0.4
0.135,0.045,21.2414,3.39722,-5.01303,273.725,1,-2,0,0.4
0.135,0.055,21.2725,3.34372,-4.88731,269.104,1,-2,0,0.4
0.135,0.065,21.3074,3.28864,-4.76158,264.458,1,-2,0,0.4
0.135,0.075,21.3454,3.23206,-4.63589,259.788,1,-2,0,0.4
0.135,0.085,21.386,3.17407,-4.51029,255.097,1,-2,0,0.4
0.135,0.095,21.4284,3.11476,-4.38481,250.386,1,-2,0,0.4
0.135,0.105,21.472,3.05422,-4.25951,245.659,1,-2,0,0.4
0.135,0.115,21.516,2.99256,-4.13442,240.918,1,-2,0,0.4
0.135,0.125,21.5598,2.92984,-4.00958,236.166,1,-2,0,0.4
0.135,0.135,21.6039,2.86613,-3.88481,231.426,1,-2,0,0.4
0.135,0.145,21.6484,2.80164,-3.75998,226.713,1,-2,0,0.4
0.135,0.155,21.6905,2.73666,-3.63556,221.998,1,-2,0,0.4
0.135,0.165,21.7296,2.67133,-3.51162,217.285,1,-2,0,0.4
0.135,0.175,21.7652,2.60579,-3.38819,212.58,1,-2,0,0.4
0.135,0.185,21.7967,2.54017,-3.2653,207.887,1,-2,0,0.4
0.135,0.195,21.8234,2.47461,-3.14298,203.21,1,-2,0,0.4
0.135,0.205,21.8448,2.40925,-3.02123,198.553,1,-2,0,0.4
0.135,0.215,21.8603,2.34419,-2.90005,193.921,1,-2,0,0.4
0.135,0.225,21.8696,2.27957,-2.77945,189.318,1,-2,0,0.4
0.135,0.235,21.8721,2.21549,-2.65939,184.749,1,-2,0,0.4
0.135,0.245,21.8676,2.15206,-2.53986,180.219,1,-2,0,0.4
0.135,0.255,21.8557,2.08938,-2.42081,175.733,1,-2,0,0.4
0.135,0.265,21.8363,2.02755,-2.30219,171.297,1,-2,0,0.4
0.135,0.275,21.8092,1.96663,-2.18394,166.917,1,-2,0,0.4
0.135,0.285,21.7745,1.90672,-2.06599,162.598,1,-2,0,0.4
0.135,0.295,21.7324,1.84785,-1.94824,158.347,1,-2,0,0.4
0.135,0.305,21.683,1.79008,-1.83062,154.172,1,-2,0,0.4
0.135,0.315,21.6268,1.73343,-1.71303,150.076,1,-2,0,0.4
0.135,0.325,21.564,1.67791,-1.59538,146.067,1,-2,0,0.4
0.135,0.335,21.495,1.6235,-1.47762,142.148,1,-2,0,0.4
0.135,0.345,21.4201,1.57017,-1.35969,138.321,1,-2,0,0.4
0.135,0.355,21.3394,1.51786,-1.2416,134.589,1,-2,0,0.4
0.135,0.365,21.253,1.4665,-1.12338,130.95,1,-2,0,0.4
0.135,0.375,21.161,1.41603,-1.00508,127.404,1,-2,0,0.4
0.135,0.385,21.0637,1.3664,-0.886806,123.952,1,-2,0,0.4
0.135,0.395,20.9615,1.31755,-0.768633,120.597,1,-2,0,0.4
0.135,0.405,20.8555,1.26945,-0.650665,117.344,1,-2,0,0.4
0.135,0.415,20.7471,1.22204,-0.533013,114.2,1,-2,0,0.4
0.135,0.425,20.638,1.17527,-0.41582,111.175,1,-2,0,0.4
0.135,0.435,20.5306,1.12904,-0.299266,108.281,1,-2,0,0.4
0.135,0.445,20.4277,1.08323,-0.183589,105.534,1,-2,0,0.4
0.135,0.455,20.334,1.03743,-0.0690172,102.956,1,-2,0,0.4
0.135,0.465,20.2757,0.987583,0.0447163,100.589,1,-2,0,0.4
0.135,0.475,20.2429,0.936092,0.15722,98.3923,1,-2,0,0.4
0.135,0.485,20.2333,0.883993,0.267203,96.4394,1,-2,0,0.4
0.135,0.495,20.2534,0.830805,0.373665,94.7812,1,-2,0,0.4
0.135,0.505,20.3089,0.776067,0.475684,93.4641,1,-2,0,0.4
0.135,0.515,20.4065,0.719091,0.572281,92.5379,1,-2,0,0.4
0.135,0.525,20.5548,0.659126,0.662486,92.0545,1,-2,0,0.4
0.135,0.535,20.762,0.595384,0.745489,92.0609,1,-2,0,0.4
0.135,0.545,21.0337,0.527075,0.820811,92.5917,1,-2,0,0.4
0.135,0.555,21.3695,0.453476,0.888432,93.661,1,-2,0,0.4
0.135,0.565,21.7599,0.373988,0.948842,95.2568,1,-2,0,0.4
0.135,0.575,22.1822,0.288168,1.00295,97.3401,1,-2,0,0.4
0.135,0.585,22.5951,0.195672,1.05188,99.8479,1,-2,0,0.4
0.135,0.595,22.9304,0.0959811,1.09675,102.696,1,-2,0,0.4
0.135,0.605,23.0805,-0.0123868,1.13849,105.779,1,-2,0,0.4
0.135,0.615,22.8735,-0.133833,1.17857,108.973,1,-2,0,0.4
0.135,0.625,22.1283,-0.279849,1.21832,112.162,1,-2,0,0.4
0.135,0.635,20.6831,-0.476207,1.26042,115.241,1,-2,0,0.4
0.135,0.645,18.4851,-0.775855,1.31071,118.164,1,-2,0,0.4
0.135,0.655,15.7132,-1.28123,1.3819,121.015,1,-2,0,0.4
0.135,0.665,12.855,-2.17093,1.49927,124.021,1,-2,0,0.4
0.135,0.675,10.6084,-3.67523,1.70055,127.317,1,-2,0,0.4
0.135,0.685,9.5823,-5.86704,2.00741,130.388,1,-2,0,0.4
0.135,0.695,10.1519,-8.38132,2.37444,132.516,1,-2,0,0.4
0.135,0.705,12.674,-10.6224,2.69506,133.39,1,-2,0,0.4
0.135,0.715,17.7356,-12.2632,2.88589,132.803,1,-2,0,0.4
0.135,0.725,26.1066,-13.33,2.94114,129.904,1,-2,0,0.4
0.135,0.735,38.4898,-13.984,2.90727,124.14,1,-2,0,0.4
0.135,0.745,55.3036,-14.3747,2.84247,116.313,1,-2,0,0.4
0.135,0.755,76.876,-14.6055,2.78147,108.748,1,-2,0,0.4
0.135,0.765,103.322,-14.7426,2.73626,102.863,1,-2,0,0.4
0.135,0.775,134.179,-14.8265,2.70371,98.5221,1,-2,0,0.4
0.135,0.785,168.234,-14.8803,2.67793,95.0201,1,-2,0,0.4
0.135,0.795,203.951,-14.9163,2.65679,92.1193,1,-2,0,0.4
0.135,0.805,240.224,-14.941,2.64185,90.2536,1,-2,0,0.4
0.135,0.815,276.84,-14.9582,2.63565,90.1125,1,-2,0,0.4
0.135,0.825,314.332,-14.9701,2.63941,92.17,1,-2,0,0.4
0.135,0.835,353.446,-14.9783,2.65236,96.4939,1,-2,0,0.4
0.135,0.845,394.65,-14.9839,2.67231,102.823,1,-2,0,0.4
0.135,0.855,437.939,-14.9878,2.69668,110.735,1,-2,0,0.4
0.135,0.865,482.875,-14.9906,2.72325,119.785,1,-2,0,0.4
0.135,0.875,528.753,-14.9927,2.75036,129.57,1,-2,0,0.4
0.135,0.885,574.762,-14.9943,2.77697,139.758,1,-2,0,0.4
0.135,0.895,620.094,-14.9955,2.80242,150.076,1,-2,0,0.4
0.135,0.905,664.017,-14.9964,2.82637,160.309,1,-2,0,0.4
0.135,0.915,705.906,-14.9972,2.84861,170.28,1,-2,0,0.4
0.135,0.925,745.257,-14.9978,2.86907,179.851,1,-2,0,0.4
0.135,0.935,781.69,-14.9983,2.88772,188.907,1,-2,0,0.4
0.135,0.945,814.947,-14.9987,2.90457,197.36,1,-2,0,0.4
0.135,0.955,844.884,-14.999,2.91965,205.147,1,-2,0,0.4
0.135,0.965,871.462,-14.9993,2.93303,212.222,1,-2,0,0.4
0.135,0.975,894.731,-14.9995,2.94476,218.562,1,-2,0,0.4
0.135,0.985,914.823,-14.9996,2.95495,224.165,1,-2,0,0.4
0.135,0.995,931.928,-14.9997,2.96369,229.043,1,-2,0,0.4
0.145,0.005,20.7833,3.67303,-5.48466,284.624,1,-2,0,0.4
0.145,0.015,20.7892,3.62663,-5.35863,280.181,1,-2,0,0.4
0.145,0.025,20.8004,3.57839,-5.23249,275.71,1,-2,0,0.4
0.145,0.035,20.8167,3.52837,-5.10629,271.213,1,-2,0,0.4
0.145,0.045,20.8374,3.47664,-4.98005,266.69,1,-2,0,0.4
0.145,0.055,20.862,3.42328,-4.85382,262.143,1,-2,0,0.4
0.145,0.065,20.8902,3.36836,-4.72764,257.573,1,-2,0,0.4
0.145,0.075,20.9212,3.31197,-4.60155,252.983,1,-2,0,0.4
0.145,0.085,20.9544,3.25421,-4.47561,248.375,1,-2,0,0.4
0.145,0.095,20.9892,3.19516,-4.34984,243.75,1,-2,0,0.4
0.145,0.105,21.025,3.13493,-4.2243,239.113,1,-2,0,0.4
0.145,0.115,21.0611,3.07359,-4.09903,234.465,1,-2,0,0.4
0.145,0.125,21.0969,3.01122,-3.97405,229.811,1,-2,0,0.4
0.145,0.135,21.1339,2.9479,-3.849,225.185,1,-2,0,0.4
0.145,0.145,21.1703,2.8839,-3.72412,220.575,1,-2,0,0.4
0.145,0.155,21.2043,2.81945,-3.5997,215.965,1,-2,0,0.4
0.145,0.165,21.2356,2.75468,-3.47579,211.362,1,-2,0,0.4
0.145,0.175,21.2635,2.68973,-3.35241,206.77,1,-2,0,0.4
0.145,0.185,21.2875,2.62474,-3.22958,202.193,1,-2,0,0.4
0.145,0.195,21.3071,2.55982,-3.10732,197.635,1,-2,0,0.4
0.145,0.205,21.3218,2.4951,-2.98563,193.1,1,-2,0,0.4
0.145,0.215,21.331,2.43071,-2.8645,188.593,1,-2,0,0.4
0.145,0.225,21.3344,2.36675,-2.74393,184.117,1,-2,0,0.4
0.145,0.235,21.3316,2.30334,-2.62388,179.678,1,-2,0,0.4
0.145,0.245,21.3224,2.24057,-2.50434,175.281,1,-2,0,0.4
0.145,0.255,21.3063,2.17854,-2.38526,170.929,1,-2,0,0.4
0.145,0.265,21.2834,2.11734,-2.26658,166.629,1,-2,0,0.4
0.145,0.275,21.2535,2.05704,-2.14824,162.386,1,-2,0,0.4
0.145,0.285,21.2167,1.99772,-2.03018,158.205,1,-2,0,0.4
0.145,0.295,21.1731,1.93941,-1.91231,154.092,1,-2,0,0.4
0.145,0.305,21.123,1.88218,-1.79456,150.054,1,-2,0,0.4
0.145,0.315,21.0665,1.82603,-1.67684,146.095,1,-2,0,0.4
0.145,0.325,21.0041,1.77097,-1.55908,142.22,1,-2,0,0.4
0.145,0.335,20.936,1.71699,-1.44123,138.432,1,-2,0,0.4
0.145,0.345,20.8624,1.66405,-1.32324,134.734,1,-2,0,0.4
0.145,0.355,20.7835,1.6121,-1.20513,131.127,1,-2,0,0.4
0.145,0.365,20.6993,1.56107,-1.08693,127.611,1,-2,0,0.4
0.145,0.375,20.6102,1.51092,-0.968699,124.187,1,-2,0,0.4
0.145,0.385,20.5165,1.46159,-0.850514,120.855,1,-2,0,0.4
0.145,0.395,20.4187,1.41305,-0.732463,117.619,1,-2,0,0.4
0.145,0.405,20.318,1.36523,-0.614643,114.486,1,-2,0,0.4
0.145,0.415,20.2157,1.31811,-0.497173,111.462,1,-2,0,0.4
0.145,0.425,20.1138,1.27159,-0.3802,108.557,1,-2,0,0.4
0.145,0.435,20.0145,1.2256,-0.263922,105.785,1,-2,0,0.4
0.145,0.445,19.9209,1.17997,-0.148588,103.16,1,-2,0,0.4
0.145,0.455,19.841,1.13362,-0.0343111,100.713,1,-2,0,0.4
0.145,0.465,19.7997,1.08282,0.0791232,98.4595,1,-2,0,0.4
0.145,0.475,19.7782,1.03132,0.191047,96.3863,1,-2,0,0.4
0.145,0.485,19.7814,0.979025,0.300121,94.5657,1,-2,0,0.4
0.145,0.495,19.8147,0.92553,0.405438,93.0432,1,-2,0,0.4
0.145,0.505,19.8838,0.870348,0.506061,91.8654,1,-2,0,0.4
0.145,0.515,19.9963,0.812787,0.601003,91.082,1,-2,0,0.4
0.145,0.525,20.1607,0.752083,0.689312,90.7436,1,-2,0,0.4
0.145,0.535,20.3848,0.687439,0.77023,90.8945,1,-2,0,0.4
0.145,0.545,20.6733,0.618077,0.84336,91.5651,1,-2,0,0.4
0.145,0.555,21.0247,0.543299,0.908792,92.7641,1,-2,0,0.4
0.145,0.565,21.4282,0.46255,0.967119,94.4742,1,-2,0,0.4
0.145,0.575,21.8599,0.375434,1.01931,96.6522,1,-2,0,0.4
0.145,0.585,22.277,0.281658,1.06652,99.2324,1,-2,0,0.4
0.145,0.595,22.6089,0.180728,1.10984,102.13,1,-2,0,0.4
0.145,0.605,22.7475,0.0710582,1.15027,105.244,1,-2,0,0.4
0.145,0.615,22.5338,-0.0521054,1.18874,108.454,1,-2,0,0.4
0.145,0.625,21.7644,-0.200904,1.2271,111.635,1,-2,0,0.4
0.145,0.635,20.2809,-0.402753,1.26812,114.692,1,-2,0,0.4
0.145,0.645,18.0432,-0.714078,1.31819,117.589,1,-2,0,0.4
0.145,0.655,15.2552,-1.24388,1.39112,120.422,1,-2,0,0.4
0.145,0.665,12.4336,-2.17991,1.51396,123.423,1,-2,0,0.4
0.145,0.675,10.283,-3.75324,1.72501,126.679,1,-2,0,0.4
0.145,0.685,9.38179,-6.00676,2.04111,129.596,1,-2,0,0.4
0.145,0.695,10.0733,-8.53438,2.40805,131.484,1,-2,0,0.4
0.145,0.705,12.7059,-10.7448,2.71693,132.082,1,-2,0,0.4
0.145,0.715,17.8607,-12.3448,2.89158,131.128,1,-2,0,0.4
0.145,0.725,26.2836,-13.3803,2.93375,127.772,1,-2,0,0.4
0.145,0.735,38.6481,-14.0139,2.8934,121.67,1,-2,0,0.4
0.145,0.745,55.3931,-14.3918,2.82825,113.928,1,-2,0,0.4
0.145,0.755,76.9135,-14.6147,2.77073,106.862,1,-2,0,0.4
0.145,0.765,103.373,-14.7473,2.72972,101.606,1,-2,0,0.4
0.145,0.775,134.287,-14.8288,2.70017,97.7564,1,-2,0,0.4
0.145,0.785,168.373,-14.8815,2.67582,94.5181,1,-2,0,0.4
0.145,0.795,204.04,-14.917,2.6551,91.7052,1,-2,0,0.4
0.145,0.805,240.191,-14.9415,2.64019,89.8513,1,-2,0,0.4
0.145,0.815,276.663,-14.9586,2.63403,89.7211,1,-2,0,0.4
0.145,0.825,314.046,-14.9704,2.63799,91.8173,1,-2,0,0.4
0.145,0.835,353.114,-14.9785,2.65123,96.203,1,-2,0,0.4
0.145,0.845,394.331,-14.984,2.6715,102.601,1,-2,0,0.4
0.145,0.855,437.669,-14.9879,2.69615,110.577,1,-2,0,0.4
0.145,0.865,482.668,-14.9907,2.72291,119.678,1,-2,0,0.4
0.145,0.875,528.606,-14.9927,2.75016,129.502,1,-2,0,0.4
0.145,0.885,574.664,-14.9943,2.77685,139.715,1,-2,0,0.4
0.145,0.895,620.032,-14.9955,2.80236,150.051,1,-2,0,0.4
0.145,0.905,663.98,-14.9964,2.82633,160.294,1,-2,0,0.4
0.145,0.915,705.884,-14.9972,2.84859,170.272,1,-2,0,0.4
0.145,0.925,745.245,-14.9978,2.86907,179.846,1,-2,0,0.4
0.145,0.935,781.684,-14.9983,2.88772,188.904,1,-2,0,0.4
0.145,0.945,814.944,-14.9987,2.90457,197.359,1,-2,0,0.4
0.145,0.955,844.882,-14.999,2.91965,205.146,1,-2,0,0.4
0.145,0.965,871.461,-14.9993,2.93303,212.221,1,-2,0,0.4
0.145,0.975,894.731,-14.9995,2.94476,218.562,1,-2,0,0.4
0.145,0.985,914.822,-14.9996,2.95495,224.165,1,-2,0,0.4
0.145,0.995,931.927,-14.9997,2.96369,229.043,1,-2,0,0.4
0.155,0.005,20.4132,3.75171,-5.45306,277.572,1,-2,0,0.4
0.155,0.015,20.4142,3.7054,-5.32652,273.193,1,-2,0,0.4
0.155,0.025,20.4204,3.65727,-5.19991,268.789,1,-2,0,0.4
0.155,0.035,20.4311,3.60738,-5.07327,264.362,1,-2,0,0.4
0.155,0.045,20.446,3.55581,-4.94664,259.911,1,-2,0,0.4
0.155,0.055,20.4646,3.50264,-4.82006,255.44,1,-2,0,0.4
0.155,0.065,20.4864,3.44794,-4.69358,250.948,1,-2,0,0.4
0.155,0.075,20.5107,3.39182,-4.56724,246.44,1,-2,0,0.4
0.155,0.085,20.5371,3.33435,-4.44108,241.916,1,-2,0,0.4
0.155,0.095,20.5648,3.27564,-4.31516,237.379,1,-2,0,0.4
0.155,0.105,20.5934,3.21576,-4.1895,232.833,1,-2,0,0.4
0.155,0.115,20.6222,3.15481,-4.06416,228.279,1,-2,0,0.4
0.155,0.125,20.6508,3.09284,-3.93908,223.726,1,-2,0,0.4
0.155,0.135,20.681,3.02998,-3.81389,219.21,1,-2,0,0.4
0.155,0.145,20.7099,2.96652,-3.68904,214.702,1,-2,0,0.4
0.155,0.155,20.7367,2.90265,-3.56467,210.198,1,-2,0,0.4
0.155,0.165,20.7608,2.83849,-3.44083,205.704,1,-2,0,0.4
0.155,0.175,20.7818,2.77417,-3.31752,201.224,1,-2,0,0.4
0.155,0.185,20.7991,2.70982,-3.19478,196.761,1,-2,0,0.4
0.155,0.195,20.8122,2.64557,-3.07259,192.321,1,-2,0,0.4
0.155,0.205,20.8208,2.58153,-2.95097,187.906,1,-2,0,0.4
0.155,0.215,20.8245,2.51782,-2.82989,183.521,1,-2,0,0.4
0.155,0.225,20.8227,2.45455,-2.70935,179.17,1,-2,0,0.4
0.155,0.235,20.8153,2.39182,-2.58932,174.858,1,-2,0,0.4
0.155,0.245,20.8019,2.32973,-2.46976,170.589,1,-2,0,0.4
0.155,0.255,20.7823,2.26837,-2.35063,166.368,1,-2,0,0.4
0.155,0.265,20.7565,2.20781,-2.23189,162.2,1,-2,0,0.4
0.155,0.275,20.7243,2.14814,-2.11346,158.089,1,-2,0,0.4
0.155,0.285,20.6858,2.08942,-1.9953,154.041,1,-2,0,0.4
0.155,0.295,20.6412,2.0317,-1.87731,150.062,1,-2,0,0.4
0.155,0.305,20.5906,1.97501,-1.75943,146.156,1,-2,0,0.4
0.155,0.315,20.5342,1.91937,-1.64159,142.327,1,-2,0,0.4
0.155,0.325,20.4724,1.86479,-1.52372,138.581,1,-2,0,0.4
0.155,0.335,20.4053,1.81125,-1.40578,134.919,1,-2,0,0.4
0.155,0.345,20.3332,1.75871,-1.28774,131.344,1,-2,0,0.4
0.155,0.355,20.2562,1.70714,-1.1696,127.858,1,-2,0,0.4
0.155,0.365,20.1746,1.65646,-1.05142,124.46,1,-2,0,0.4
0.155,0.375,20.0885,1.60665,-0.933235,121.152,1,-2,0,0.4
0.155,0.385,19.9985,1.55764,-0.815128,117.935,1,-2,0,0.4
0.155,0.395,19.9052,1.50941,-0.697181,114.815,1,-2,0,0.4
0.155,0.405,19.8098,1.46189,-0.579494,111.796,1,-2,0,0.4
0.155,0.415,19.7136,1.41504,-0.462191,108.887,1,-2,0,0.4
0.155,0.425,19.6186,1.36878,-0.345431,106.098,1,-2,0,0.4
0.155,0.435,19.5272,1.32301,-0.229423,103.441,1,-2,0,0.4
0.155,0.445,19.4425,1.27752,-0.114429,100.933,1,-2,0,0.4
0.155,0.455,19.3788,1.23008,-0.000380624,98.6125,1,-2,0,0.4
0.155,0.465,19.3501,1.17882,0.112724,96.4621,1,-2,0,0.4
0.155,0.475,19.3397,1.12719,0.223943,94.509,1,-2,0,0.4
0.155,0.485,19.3546,1.07463,0.332062,92.8142,1,-2,0,0.4
0.155,0.495,19.4,1.02074,0.436181,91.421,1,-2,0,0.4
0.155,0.505,19.4821,0.965008,0.535344,90.3761,1,-2,0,0.4
0.155,0.515,19.6087,0.906747,0.628561,89.7289,1,-2,0,0.4
0.155,0.525,19.7883,0.845179,0.714906,89.5284,1,-2,0,0.4
0.155,0.535,20.0283,0.77951,0.79368,89.8161,1,-2,0,0.4
0.155,0.545,20.3324,0.708977,0.864582,90.618,1,-2,0,0.4
0.155,0.555,20.6979,0.632914,0.927815,91.9372,1,-2,0,0.4
0.155,0.565,21.1128,0.55081,0.984072,93.7511,1,-2,0,0.4
0.155,0.575,21.5521,0.462321,1.03438,96.0126,1,-2,0,0.4
0.155,0.585,21.9717,0.367202,1.0799,98.6542,1,-2,0,0.4
0.155,0.595,22.2991,0.264986,1.12169,101.591,1,-2,0,0.4
0.155,0.605,22.4229,0.154006,1.1607,104.723,1,-2,0,0.4
0.155,0.615,22.1885,0.0291435,1.19789,107.934,1,-2,0,0.4
0.155,0.625,21.3939,-0.122602,1.2349,111.101,1,-2,0,0.4
0.155,0.635,19.8702,-0.330409,1.275,114.13,1,-2,0,0.4
0.155,0.645,17.5927,-0.65451,1.3251,116.996,1,-2,0,0.4
0.155,0.655,14.7925,-1.21096,1.40024,119.811,1,-2,0,0.4
0.155,0.665,12.0152,-2.19677,1.52926,122.806,1,-2,0,0.4
0.155,0.675,9.96755,-3.84149,1.75061,126.007,1,-2,0,0.4
0.155,0.685,9.19329,-6.15393,2.0754,128.752,1,-2,0,0.4
0.155,0.695,10.0049,-8.68897,2.44071,130.394,1,-2,0,0.4
0.155,0.705,12.744,-10.8652,2.73666,130.712,1,-2,0,0.4
0.155,0.715,17.9846,-12.4241,2.89501,129.383,1,-2,0,0.4
0.155,0.725,26.4483,-13.4288,2.92468,125.584,1,-2,0,0.4
0.155,0.735,38.7851,-14.0426,2.87872,119.205,1,-2,0,0.4
0.155,0.745,55.463,-14.4079,2.81408,111.628,1,-2,0,0.4
0.155,0.755,76.9456,-14.6232,2.76056,105.108,1,-2,0,0.4
0.155,0.765,103.437,-14.7515,2.72385,100.48,1,-2,0,0.4
0.155,0.775,134.419,-14.8309,2.69711,97.0893,1,-2,0,0.4
0.155,0.785,168.533,-14.8825,2.67399,94.0741,1,-2,0,0.4
0.155,0.795,204.142,-14.9176,2.65352,91.3174,1,-2,0,0.4
0.155,0.805,240.159,-14.942,2.63855,89.4569,1,-2,0,0.4
0.155,0.815,276.481,-14.9589,2.63241,89.3306,1,-2,0,0.4
0.155,0.825,313.754,-14.9706,2.63656,91.4647,1,-2,0,0.4
0.155,0.835,352.778,-14.9787,2.65011,95.9138,1,-2,0,0.4
0.155,0.845,394.012,-14.9842,2.6707,102.382,1,-2,0,0.4
0.155,0.855,437.403,-14.988,2.69562,110.422,1,-2,0,0.4
0.155,0.865,482.466,-14.9907,2.72258,119.574,1,-2,0,0.4
0.155,0.875,528.464,-14.9928,2.74997,129.435,1,-2,0,0.4
0.155,0.885,574.57,-14.9943,2.77674,139.675,1,-2,0,0.4
0.155,0.895,619.973,-14.9955,2.8023,150.027,1,-2,0,0.4
0.155,0.905,663.944,-14.9965,2.8263,160.28,1,-2,0,0.4
0.155,0.915,705.864,-14.9972,2.84858,170.264,1,-2,0,0.4
0.155,0.925,745.233,-14.9978,2.86906,179.842,1,-2,0,0.4
0.155,0.935,781.677,-14.9983,2.88771,188.902,1,-2,0,0.4
0.155,0.945,814.94,-14.9987,2.90457,197.358,1,-2,0,0.4
0.155,0.955,844.881,-14.999,2.91965,205.145,1,-2,0,0.4
0.155,0.965,871.46,-14.9993,2.93303,212.221,1,-2,0,0.4
0.155,0.975,894.73,-14.9995,2.94476,218.562,1,-2,0,0.4
0.155,0.985,914.822,-14.9996,2.95495,224.164,1,-2,0,0.4
0.155,0.995,931.927,-14.9997,2.96369,229.043,1,-2,0,0.4
0.165,0.005,20.054,3.83008,-5.42079,270.758,0.963864,-1.97256,0,0.379911
0.165,0.015,20.0505,3.7839,-5.29388,266.446,0.963864,-1.97256,0,0.379911
0.165,0.025,20.0518,3.73592,-5.16693,262.112,0.963864,-1.97256,0,0.379911
0.165,0.035,20.0573,3.68622,-5.03999,257.755,0.963864,-1.97256,0,0.379911
0.165,0.045,20.0668,3.63486,-4.9131,253.379,0.963864,-1.97256,0,0.379911
0.165,0.055,20.0796,3.58194,-4.7863,248.984,0.963864,-1.97256,0,0.379911
0.165,0.065,20.0954,3.52753,-4.65964,244.573,0.963864,-1.97256,0,0.379911
0.165,0.075,20.1135,3.47172,-4.53317,240.147,0.963864,-1.97256,0,0.379911
0.165,0.085,20.1334,3.41461,-4.40692,235.709,0.963864,-1.97256,0,0.379911
0.165,0.095,20.1546,3.35627,-4.28094,231.26,0.963864,-1.97256,0,0.379911
0.165,0.105,20.1764,3.29681,-4.15526,226.805,0.963864,-1.97256,0,0.379911
0.165,0.115,20.1983,3.23629,-4.02991,222.345,0.963864,-1.97256,0,0.379911
0.165,0.125,20.2207,3.17477,-3.90475,217.899,0.963864,-1.97256,0,0.379911
0.165,0.135,20.2444,3.11243,-3.77953,213.487,0.963864,-1.97256,0,0.379911
0.165,0.145,20.2665,3.04956,-3.65476,209.081,0.963864,-1.97256,0,0.379911
0.165,0.155,20.2866,2.9863,-3.53048,204.682,0.963864,-1.97256,0,0.379911
0.165,0.165,20.3042,2.92278,-3.40673,200.296,0.963864,-1.97256,0,0.379911
0.165,0.175,20.3189,2.85911,-3.28353,195.926,0.963864,-1.97256,0,0.379911
0.165,0.185,20.3302,2.79544,-3.16087,191.577,0.963864,-1.97256,0,0.379911
0.165,0.195,20.3376,2.73188,-3.03877,187.252,0.963864,-1.97256,0,0.379911
0.165,0.205,20.3409,2.66854,-2.91721,182.954,0.963864,-1.97256,0,0.379911
0.165,0.215,20.3395,2.60553,-2.79618,178.689,0.963864,-1.97256,0,0.379911
0.165,0.225,20.3332,2.54296,-2.67566,174.461,0.963864,-1.97256,0,0.379911
0.165,0.235,20.3217,2.48093,-2.55563,170.272,0.963864,-1.97256,0,0.379911
0.165,0.245,20.3048,2.41952,-2.43605,166.129,0.963864,-1.97256,0,0.379911
0.165,0.255,20.2822,2.35884,-2.31688,162.034,0.963864,-1.97256,0,0.379911
0.165,0.265,20.254,2.29894,-2.19806,157.993,0.963864,-1.97256,0,0.379911
0.165,0.275,20.2199,2.23992,-2.07955,154.011,0.963864,-1.97256,0,0.379911
0.165,0.285,20.1802,2.18181,-1.96127,150.091,0.963864,-1.97256,0,0.379911
0.165,0.295,20.1348,2.12467,-1.84317,146.24,0.963864,-1.97256,0,0.379911
0.165,0.305,20.084,2.06854,-1.72517,142.46,0.963864,-1.97256,0,0.379911
0.165,0.315,20.0279,2.01342,-1.6072,138.757,0.963864,-1.97256,0,0.379911
0.165,0.325,19.9669,1.95933,-1.48922,135.134,0.963864,-1.97256,0,0.379911
0.165,0.335,19.901,1.90624,-1.37119,131.593,0.963864,-1.97256,0,0.379911
0.165,0.345,19.8306,1.85412,-1.25309,128.136,0.963864,-1.97256,0,0.379911
0.165,0.355,19.7557,1.80293,-1.13493,124.765,0.963864,-1.97256,0,0.379911
0.165,0.365,19.6767,1.75262,-1.01675,121.481,0.963864,-1.97256,0,0.379911
0.165,0.375,19.5937,1.70315,-0.898603,118.284,0.963864,-1.97256,0,0.379911
0.165,0.385,19.5075,1.65448,-0.780557,115.179,0.963864,-1.97256,0,0.379911
0.165,0.395,19.4186,1.60655,-0.662699,112.169,0.963864,-1.97256,0,0.379911
0.165,0.405,19.3284,1.55933,-0.545131,109.26,0.963864,-1.97256,0,0.379911
0.165,0.415,19.2381,1.51275,-0.427983,106.461,0.963864,-1.97256,0,0.379911
0.165,0.425,19.1499,1.46673,-0.311427,103.782,0.963864,-1.97256,0,0.379911
0.165,0.435,19.0659,1.42114,-0.195685,101.235,0.963864,-1.97256,0,0.379911
0.165,0.445,18.9898,1.37571,-0.0810144,98.8379,0.963864,-1.97256,0,0.379911
0.165,0.455,18.9439,1.32673,0.0328136,96.6341,0.963864,-1.97256,0,0.379911
0.165,0.465,18.9245,1.2754,0.145542,94.584,0.963864,-1.97256,0,0.379911
0.165,0.475,18.9244,1.22354,0.255981,92.7463,0.963864,-1.97256,0,0.379911
0.165,0.485,18.95,1.17064,0.363086,91.171,0.963864,-1.97256,0,0.379911
0.165,0.495,19.0067,1.11626,0.465944,89.901,0.963864,-1.97256,0,0.379911
0.165,0.505,19.1011,1.05989,0.563578,88.9829,0.963864,-1.97256,0,0.379911
0.165,0.515,19.2411,1.00082,0.654999,88.4659,0.963864,-1.97256,0,0.379911
0.165,0.525,19.4352,0.938278,0.739313,88.3971,0.963864,-1.97256,0,0.379911
0.165,0.535,19.6901,0.871474,0.815895,88.8147,0.963864,-1.97256,0,0.379911
0.165,0.545,20.0085,0.79967,0.884547,89.7398,0.963864,-1.97256,0,0.379911
0.165,0.555,20.3866,0.722237,0.945588,91.17,0.963864,-1.97256,0,0.379911
0.165,0.565,20.8113,0.63871,0.999806,93.0777,0.963864,-1.97256,0,0.379911
0.165,0.575,21.2564,0.548795,1.04828,95.4122,0.963864,-1.97256,0,0.379911
0.165,0.585,21.6767,0.452292,1.09214,98.1047,0.963864,-1.97256,0,0.379911
0.165,0.595,21.998,0.348752,1.13244,101.07,0.963864,-1.97256,0,0.379911
0.165,0.605,22.1057,0.236426,1.17007,104.21,0.963864,-1.97256,0,0.379911
0.165,0.615,21.8413,0.109824,1.20601,107.411,0.963864,-1.97256,0,0.379911
0.165,0.625,21.0161,-0.0450384,1.24182,110.557,0.963864,-1.97256,0,0.379911
0.165,0.635,19.4504,-0.25934,1.28114,113.552,0.963864,-1.97256,0,0.379911
0.165,0.645,17.1336,-0.597447,1.33154,116.386,0.963864,-1.97256,0,0.379911
0.165,0.655,14.3258,-1.18298,1.40937,119.181,0.963864,-1.97256,0,0.379911
0.165,0.665,11.6012,-2.22214,1.5453,122.165,0.963864,-1.97256,0,0.379911
0.165,0.675,9.66299,-3.94023,1.77738,125.296,0.963864,-1.97256,0,0.379911
0.165,0.685,9.017,-6.30802,2.11012,127.855,0.963864,-1.97256,0,0.379911
0.165,0.695,9.94639,-8.8444,2.47219,129.246,0.963864,-1.97256,0,0.379911
0.165,0.705,12.7875,-10.9834,2.75413,129.28,0.963864,-1.97256,0,0.379911
0.165,0.715,18.106,-12.501,2.89616,127.571,0.963864,-1.97256,0,0.379911
0.165,0.725,26.5997,-13.4755,2.91398,123.349,0.963864,-1.97256,0,0.379911
0.165,0.735,38.9009,-14.0699,2.86335,116.757,0.963864,-1.97256,0,0.379911
0.165,0.745,55.5154,-14.4231,2.80009,109.423,0.963864,-1.97256,0,0.379911
0.165,0.755,76.9755,-14.6311,2.75102,103.492,0.963864,-1.97256,0,0.379911
0.165,0.765,103.516,-14.7554,2.71864,99.4836,0.963864,-1.97256,0,0.379911
0.165,0.775,134.575,-14.8327,2.69453,96.5149,0.963864,-1.97256,0,0.379911
0.165,0.785,168.714,-14.8835,2.6724,93.6823,0.963864,-1.97256,0,0.379911
0.165,0.795,204.254,-14.9182,2.65203,90.9511,0.963864,-1.97256,0,0.379911
0.165,0.805,240.126,-14.9425,2.63693,89.0676,0.963864,-1.97256,0,0.379911
0.165,0.815,276.291,-14.9593,2.63078,88.9396,0.963864,-1.97256,0,0.379911
0.165,0.825,313.455,-14.9709,2.63512,91.112,0.963864,-1.97256,0,0.379911
0.165,0.835,352.44,-14.9789,2.649,95.6261,0.963864,-1.97256,0,0.379911
0.165,0.845,393.695,-14.9843,2.66991,102.167,0.963864,-1.97256,0,0.379911
0.165,0.855,437.141,-14.9881,2.69511,110.271,0.963864,-1.97256,0,0.379911
0.165,0.865,482.27,-14.9908,2.72227,119.474,0.963864,-1.97256,0,0.379911
0.165,0.875,528.328,-14.9928,2.74978,129.372,0.963864,-1.97256,0,0.379911
0.165,0.885,574.48,-14.9943,2.77664,139.636,0.963864,-1.97256,0,0.379911
0.165,0.895,619.917,-14.9955,2.80224,150.004,0.963864,-1.97256,0,0.379911
0.165,0.905,663.911,-14.9965,2.82627,160.267,0.963864,-1.97256,0,0.379911
0.165,0.915,705.845,-14.9972,2.84856,170.257,0.963864,-1.97256,0,0.379911
0.165,0.925,745.223,-14.9978,2.86905,179.838,0.963864,-1.97256,0,0.379911
0.165,0.935,781.672,-14.9983,2.88771,188.9,0.963864,-1.97256,0,0.379911
0.165,0.945,814.938,-14.9987,2.90457,197.357,0.963864,-1.97256,0,0.379911
0.165,0.955,844.879,-14.999,2.91965,205.145,0.963864,-1.97256,0,0.379911
0.165,0.965,871.459,-14.9993,2.93303,212.221,0.963864,-1.97256,0,0.379911
0.165,0.975,894.73,-14.9995,2.94476,218.562,0.963864,-1.97256,0,0.379911
0.165,0.985,914.822,-14.9996,2.95495,224.164,0.963864,-1.97256,0,0.379911
0.165,0.995,931.927,-14.9997,2.96369,229.043,0.963864,-1.97256,0,0.379911
0.175,0.005,19.7053,3.90828,-5.38814,264.175,0.879349,-1.90501,0,0.334107
0.175,0.015,19.6975,3.86227,-5.26099,259.931,0.879349,-1.90501,0,0.334107
0.175,0.025,19.694,3.81449,-5.13383,255.667,0.879349,-1.90501,0,0.334107
0.175,0.035,19.6947,3.76502,-5.00671,251.384,0.879349,-1.90501,0,0.334107
0.175,0.045,19.699,3.71393,-4.87967,247.083,0.879349,-1.90501,0,0.334107
0.175,0.055,19.7064,3.6613,-4.75277,242.767,0.879349,-1.90501,0,0.334107
0.175,0.065,19.7165,3.60723,-4.62603,238.436,0.879349,-1.90501,0,0.334107
0.175,0.075,19.7288,3.55179,-4.49951,234.093,0.879349,-1.90501,0,0.334107
0.175,0.085,19.7427,3.49507,-4.37325,229.741,0.879349,-1.90501,0,0.334107
0.175,0.095,19.7577,3.43716,-4.24728,225.381,0.879349,-1.90501,0,0.334107
0.175,0.105,19.7734,3.37814,-4.12164,221.017,0.879349,-1.90501,0,0.334107
0.175,0.115,19.789,3.31809,-3.99636,216.652,0.879349,-1.90501,0,0.334107
0.175,0.125,19.8059,3.25707,-3.8711,212.315,0.879349,-1.90501,0,0.334107
0.175,0.135,19.8234,3.1953,-3.74596,208.003,0.879349,-1.90501,0,0.334107
0.175,0.145,19.8393,3.13305,-3.62129,203.698,0.879349,-1.90501,0,0.334107
0.175,0.155,19.8533,3.07043,-3.49712,199.404,0.879349,-1.90501,0,0.334107
0.175,0.165,19.8651,3.00756,-3.37348,195.124,0.879349,-1.90501,0,0.334107
0.175,0.175,19.8741,2.94458,-3.25038,190.864,0.879349,-1.90501,0,0.334107
0.175,0.185,19.8799,2.8816,-3.12782,186.625,0.879349,-1.90501,0,0.334107
0.175,0.195,19.8823,2.81874,-3.00579,182.414,0.879349,-1.90501,0,0.334107
0.175,0.205,19.8807,2.75611,-2.88429,178.232,0.879349,-1.90501,0,0.334107
0.175,0.215,19.875,2.69382,-2.7633,174.084,0.879349,-1.90501,0,0.334107
0.175,0.225,19.8647,2.63197,-2.6428,169.974,0.879349,-1.90501,0,0.334107
0.175,0.235,19.8497,2.57064,-2.52277,165.906,0.879349,-1.90501,0,0.334107
0.175,0.245,19.8297,2.50994,-2.40316,161.884,0.879349,-1.90501,0,0.334107
0.175,0.255,19.8047,2.44994,-2.28393,157.913,0.879349,-1.90501,0,0.334107
0.175,0.265,19.7744,2.39072,-2.16504,153.995,0.879349,-1.90501,0,0.334107
0.175,0.275,19.7388,2.33233,-2.04643,150.136,0.879349,-1.90501,0,0.334107
0.175,0.285,19.6981,2.27485,-1.92804,146.34,0.879349,-1.90501,0,0.334107
0.175,0.295,19.6523,2.21831,-1.80981,142.611,0.879349,-1.90501,0,0.334107
0.175,0.305,19.6015,2.16274,-1.69169,138.953,0.879349,-1.90501,0,0.334107
0.175,0.315,19.5459,2.10815,-1.5736,135.37,0.879349,-1.90501,0,0.334107
0.175,0.325,19.4858,2.05455,-1.45551,131.864,0.879349,-1.90501,0,0.334107
0.175,0.335,19.4213,2.00191,-1.33739,128.439,0.879349,-1.90501,0,0.334107
0.175,0.345,19.3526,1.95022,-1.21923,125.095,0.879349,-1.90501,0,0.334107
0.175,0.355,19.2799,1.89942,-1.10103,121.835,0.879349,-1.90501,0,0.334107
0.175,0.365,19.2035,1.84949,-0.982846,118.659,0.879349,-1.90501,0,0.334107
0.175,0.375,19.1237,1.80037,-0.864719,115.57,0.879349,-1.90501,0,0.334107
0.175,0.385,19.0412,1.75202,-0.74672,112.571,0.879349,-1.90501,0,0.334107
0.175,0.395,18.9567,1.7044,-0.628936,109.667,0.879349,-1.90501,0,0.334107
0.175,0.405,18.8715,1.65746,-0.511473,106.863,0.879349,-1.90501,0,0.334107
0.175,0.415,18.787,1.61113,-0.394473,104.169,0.879349,-1.90501,0,0.334107
0.175,0.425,18.7051,1.5653,-0.278117,101.594,0.879349,-1.90501,0,0.334107
0.175,0.435,18.6283,1.51985,-0.162645,99.1515,0.879349,-1.90501,0,0.334107
0.175,0.445,18.562,1.4741,-0.0482525,96.8639,0.879349,-1.90501,0,0.334107
0.175,0.455,18.5319,1.4238,0.0653307,94.7613,0.879349,-1.90501,0,0.334107
0.175,0.465,18.5204,1.3724,0.177591,92.8119,0.879349,-1.90501,0,0.334107
0.175,0.475,18.5299,1.32024,0.2872,91.0851,0.879349,-1.90501,0,0.334107
0.175,0.485,18.5655,1.26692,0.393235,89.624,0.879349,-1.90501,0,0.334107
0.175,0.495,18.6328,1.21197,0.494765,88.4718,0.879349,-1.90501,0,0.334107
0.175,0.505,18.7388,1.15486,0.590797,87.6753,0.879349,-1.90501,0,0.334107
0.175,0.515,18.8917,1.09488,0.680351,87.283,0.879349,-1.90501,0,0.334107
0.175,0.525,19.0995,1.03126,0.762575,87.34,0.879349,-1.90501,0,0.334107
0.175,0.535,19.3683,0.963232,0.836925,87.8809,0.879349,-1.90501,0,0.334107
0.175,0.545,19.6998,0.890075,0.903318,88.9216,0.879349,-1.90501,0,0.334107
0.175,0.555,20.089,0.811207,0.96219,90.4541,0.879349,-1.90501,0,0.334107
0.175,0.565,20.5217,0.726208,1.01442,92.4458,0.879349,-1.90501,0,0.334107
0.175,0.575,20.9709,0.634832,1.06111,94.8434,0.879349,-1.90501,0,0.334107
0.175,0.585,21.3902,0.53692,1.10339,97.5769,0.879349,-1.90501,0,0.334107
0.175,0.595,21.7035,0.432035,1.14224,100.562,0.879349,-1.90501,0,0.334107
0.175,0.605,21.7933,0.31832,1.17851,103.702,0.879349,-1.90501,0,0.334107
0.175,0.615,21.4973,0.189888,1.21318,106.885,0.879349,-1.90501,0,0.334107
0.175,0.625,20.63,0.0317003,1.24794,110,0.879349,-1.90501,0,0.334107
0.175,0.635,19.0214,-0.189711,1.2866,112.958,0.879349,-1.90501,0,0.334107
0.175,0.645,16.666,-0.543204,1.33759,115.755,0.879349,-1.90501,0,0.334107
0.175,0.655,13.8561,-1.16048,1.41865,118.531,0.879349,-1.90501,0,0.334107
0.175,0.665,11.1929,-2.25665,1.5622,121.5,0.879349,-1.90501,0,0.334107
0.175,0.675,9.37019,-4.04959,1.80533,124.543,0.879349,-1.90501,0,0.334107
0.175,0.685,8.85305,-6.46836,2.14505,126.902,0.879349,-1.90501,0,0.334107
0.175,0.695,9.89741,-8.99998,2.50223,128.041,0.879349,-1.90501,0,0.334107
0.175,0.705,12.8355,-11.099,2.7692,127.787,0.879349,-1.90501,0,0.334107
0.175,0.715,18.2236,-12.5753,2.89503,125.694,0.879349,-1.90501,0,0.334107
0.175,0.725,26.7368,-13.5203,2.90175,121.074,0.879349,-1.90501,0,0.334107
0.175,0.735,38.9963,-14.0959,2.84742,114.339,0.879349,-1.90501,0,0.334107
0.175,0.745,55.5528,-14.4374,2.78639,107.323,0.879349,-1.90501,0,0.334107
0.175,0.755,77.0068,-14.6383,2.74218,102.015,0.879349,-1.90501,0,0.334107
0.175,0.765,103.613,-14.7588,2.7141,98.6128,0.879349,-1.90501,0,0.334107
0.175,0.775,134.754,-14.8344,2.69239,96.0271,0.879349,-1.90501,0,0.334107
0.175,0.785,168.915,-14.8844,2.67104,93.3366,0.879349,-1.90501,0,0.334107
0.175,0.795,204.373,-14.9188,2.65062,90.6022,0.879349,-1.90501,0,0.334107
0.175,0.805,240.09,-14.9429,2.63531,88.6808,0.879349,-1.90501,0,0.334107
0.175,0.815,276.094,-14.9597,2.62914,88.5469,0.879349,-1.90501,0,0.334107
0.175,0.825,313.149,-14.9712,2.63368,90.7585,0.879349,-1.90501,0,0.334107
0.175,0.835,352.098,-14.979,2.64788,95.34,0.879349,-1.90501,0,0.334107
0.175,0.845,393.378,-14.9844,2.66914,101.954,0.879349,-1.90501,0,0.334107
0.175,0.855,436.883,-14.9881,2.6946,110.124,0.879349,-1.90501,0,0.334107
0.175,0.865,482.078,-14.9908,2.72196,119.377,0.879349,-1.90501,0,0.334107
0.175,0.875,528.196,-14.9928,2.74961,129.311,0.879349,-1.90501,0,0.334107
0.175,0.885,574.395,-14.9943,2.77654,139.599,0.879349,-1.90501,0,0.334107
0.175,0.895,619.865,-14.9955,2.80219,149.983,0.879349,-1.90501,0,0.334107
0.175,0.905,663.88,-14.9965,2.82624,160.255,0.879349,-1.90501,0,0.334107
0.175,0.915,705.827,-14.9972,2.84855,170.251,0.879349,-1.90501,0,0.334107
0.175,0.925,745.213,-14.9978,2.86904,179.835,0.879349,-1.90501,0,0.334107
0.175,0.935,781.667,-14.9983,2.88771,188.898,0.879349,-1.90501,0,0.334107
0.175,0.945,814.935,-14.9987,2.90456,197.356,0.879349,-1.90501,0,0.334107
0.175,0.955,844.878,-14.999,2.91965,205.144,0.879349,-1.90501,0,0.334107
0.175,0.965,871.458,-14.9993,2.93303,212.221,0.879349,-1.90501,0,0.334107
0.175,0.975,894.73,-14.9995,2.94476,218.562,0.879349,-1.90501,0,0.334107
0.175,0.985,914.822,-14.9996,2.95495,224.164,0.879349,-1.90501,0,0.334107
0.175,0.995,931.927,-14.9997,2.96369,229.043,0.879349,-1.90501,0,0.334107
0.185,0.005,19.3665,3.98643,-5.35539,257.814,0.80087,-1.83746,0,0.293121
0.185,0.015,19.3545,3.94063,-5.22809,253.639,0.80087,-1.83746,0,0.293121
0.185,0.025,19.3467,3.89309,-5.10082,249.447,0.80087,-1.83746,0,0.293121
0.185,0.035,19.3427,3.84389,-4.97362,245.238,0.80087,-1.83746,0,0.293121
0.185,0.045,19.3421,3.79311,-4.84653,241.014,0.80087,-1.83746,0,0.293121
0.185,0.055,19.3444,3.74083,-4.7196,236.776,0.80087,-1.83746,0,0.293121
0.185,0.065,19.3493,3.68712,-4.59287,232.527,0.80087,-1.83746,0,0.293121
0.185,0.075,19.3561,3.63208,-4.46638,228.268,0.80087,-1.83746,0,0.293121
0.185,0.085,19.3645,3.5758,-4.34017,224.002,0.80087,-1.83746,0,0.293121
0.185,0.095,19.3738,3.51835,-4.21427,219.732,0.80087,-1.83746,0,0.293121
0.185,0.105,19.3837,3.45982,-4.08872,215.459,0.80087,-1.83746,0,0.293121
0.185,0.115,19.3937,3.40027,-3.9635,211.19,0.80087,-1.83746,0,0.293121
0.185,0.125,19.4056,3.33977,-3.8382,206.959,0.80087,-1.83746,0,0.293121
0.185,0.135,19.4172,3.27862,-3.71317,202.746,0.80087,-1.83746,0,0.293121
0.185,0.145,19.4275,3.217,-3.58862,198.541,0.80087,-1.83746,0,0.293121
0.185,0.155,19.4361,3.15504,-3.46457,194.35,0.80087,-1.83746,0,0.293121
0.185,0.165,19.4425,3.09285,-3.34104,190.176,0.80087,-1.83746,0,0.293121
0.185,0.175,19.4464,3.03057,-3.21804,186.022,0.80087,-1.83746,0,0.293121
0.185,0.185,19.4474,2.9683,-3.09557,181.894,0.80087,-1.83746,0,0.293121
0.185,0.195,19.4452,2.90616,-2.97361,177.793,0.80087,-1.83746,0,0.293121
0.185,0.205,19.4394,2.84426,-2.85217,173.724,0.80087,-1.83746,0,0.293121
0.185,0.215,19.4298,2.78269,-2.73121,169.691,0.80087,-1.83746,0,0.293121
0.185,0.225,19.4161,2.72156,-2.61072,165.697,0.80087,-1.83746,0,0.293121
0.185,0.235,19.3981,2.66096,-2.49067,161.746,0.80087,-1.83746,0,0.293121
0.185,0.245,19.3755,2.60096,-2.37102,157.842,0.80087,-1.83746,0,0.293121
0.185,0.255,19.3482,2.54165,-2.25173,153.989,0.80087,-1.83746,0,0.293121
0.185,0.265,19.3163,2.4831,-2.13275,150.191,0.80087,-1.83746,0,0.293121
0.185,0.275,19.2796,2.42537,-2.01404,146.451,0.80087,-1.83746,0,0.293121
0.185,0.285,19.2381,2.36852,-1.89554,142.774,0.80087,-1.83746,0,0.293121
0.185,0.295,19.1921,2.31257,-1.77718,139.162,0.80087,-1.83746,0,0.293121
0.185,0.305,19.1415,2.25756,-1.65893,135.621,0.80087,-1.83746,0,0.293121
0.185,0.315,19.0866,2.20351,-1.54072,132.153,0.80087,-1.83746,0,0.293121
0.185,0.325,19.0275,2.1504,-1.42252,128.76,0.80087,-1.83746,0,0.293121
0.185,0.335,18.9644,2.09823,-1.3043,125.445,0.80087,-1.83746,0,0.293121
0.185,0.345,18.8975,2.04696,-1.18607,122.209,0.80087,-1.83746,0,0.293121
0.185,0.355,18.827,1.99656,-1.06783,119.055,0.80087,-1.83746,0,0.293121
0.185,0.365,18.7533,1.94699,-0.949627,115.984,0.80087,-1.83746,0,0.293121
0.185,0.375,18.6766,1.89822,-0.831506,112.998,0.80087,-1.83746,0,0.293121
0.185,0.385,18.5977,1.85019,-0.71354,110.1,0.80087,-1.83746,0,0.293121
0.185,0.395,18.5175,1.80286,-0.595818,107.296,0.80087,-1.83746,0,0.293121
0.185,0.405,18.4371,1.75618,-0.478453,104.593,0.80087,-1.83746,0,0.293121
0.185,0.415,18.358,1.71006,-0.361596,101.998,0.80087,-1.83746,0,0.293121
0.185,0.425,18.2822,1.6644,-0.245445,99.522,0.80087,-1.83746,0,0.293121
0.185,0.435,18.2123,1.61903,-0.130254,97.1791,0.80087,-1.83746,0,0.293121
0.185,0.445,18.1582,1.5724,-0.0160694,94.9992,0.80087,-1.83746,0,0.293121
0.185,0.455,18.139,1.52131,0.097235,92.9832,0.80087,-1.83746,0,0.293121
0.185,0.465,18.1356,1.4697,0.208892,91.1343,0.80087,-1.83746,0,0.293121
0.185,0.475,18.1539,1.41717,0.317624,89.5139,0.80087,-1.83746,0,0.293121
0.185,0.485,18.1988,1.36333,0.422533,88.1625,0.80087,-1.83746,0,0.293121
0.185,0.495,18.2762,1.30773,0.522668,87.1235,0.80087,-1.83746,0,0.293121
0.185,0.505,18.3934,1.24979,0.617027,86.444,0.80087,-1.83746,0,0.293121
0.185,0.515,18.5586,1.18882,0.704645,86.1717,0.80087,-1.83746,0,0.293121
0.185,0.525,18.7795,1.12404,0.784725,86.3493,0.80087,-1.83746,0,0.293121
0.185,0.535,19.0613,1.0547,0.856816,87.0073,0.80087,-1.83746,0,0.293121
0.185,0.545,19.4047,0.980131,0.920955,88.1561,0.80087,-1.83746,0,0.293121
0.185,0.555,19.8036,0.899779,0.977694,89.7823,0.80087,-1.83746,0,0.293121
0.185,0.565,20.2427,0.813275,1.02799,91.8488,0.80087,-1.83746,0,0.293121
0.185,0.575,20.6943,0.720416,1.07296,94.3,0.80087,-1.83746,0,0.293121
0.185,0.585,21.1107,0.621083,1.11371,97.0654,0.80087,-1.83746,0,0.293121
0.185,0.595,21.4141,0.514836,1.15117,100.062,0.80087,-1.83746,0,0.293121
0.185,0.605,21.484,0.399693,1.18612,103.194,0.80087,-1.83746,0,0.293121
0.185,0.615,21.1545,0.269319,1.21956,106.352,0.80087,-1.83746,0,0.293121
0.185,0.625,20.2379,0.107529,1.25332,109.429,0.80087,-1.83746,0,0.293121
0.185,0.635,18.5832,-0.121688,1.29149,112.345,0.80087,-1.83746,0,0.293121
0.185,0.645,16.1908,-0.492113,1.34336,115.106,0.80087,-1.83746,0,0.293121
0.185,0.655,13.3851,-1.14403,1.4282,117.862,0.80087,-1.83746,0,0.293121
0.185,0.665,10.7921,-2.30089,1.58009,120.809,0.80087,-1.83746,0,0.293121
0.185,0.675,9.0901,-4.16953,1.83444,123.745,0.80087,-1.83746,0,0.293121
0.185,0.685,8.70152,-6.63418,2.18,125.894,0.80087,-1.83746,0,0.293121
0.185,0.695,9.85747,-9.15503,2.5306,126.779,0.80087,-1.83746,0,0.293121
0.185,0.705,12.887,-11.2117,2.78178,126.236,0.80087,-1.83746,0,0.293121
0.185,0.715,18.3363,-12.647,2.89164,123.757,0.80087,-1.83746,0,0.293121
0.185,0.725,26.8588,-13.5634,2.88809,118.771,0.80087,-1.83746,0,0.293121
0.185,0.735,39.0719,-14.1206,2.83108,111.966,0.80087,-1.83746,0,0.293121
0.185,0.745,55.578,-14.4507,2.77309,105.338,0.80087,-1.83746,0,0.293121
0.185,0.755,77.0426,-14.6449,2.73409,100.679,0.80087,-1.83746,0,0.293121
0.185,0.765,103.73,-14.7619,2.71022,97.8633,0.80087,-1.83746,0,0.293121
0.185,0.775,134.958,-14.8359,2.69066,95.6197,0.80087,-1.83746,0,0.293121
0.185,0.785,169.133,-14.8852,2.66987,93.0315,0.80087,-1.83746,0,0.293121
0.185,0.795,204.498,-14.9194,2.64926,90.2663,0.80087,-1.83746,0,0.293121
0.185,0.805,240.049,-14.9433,2.63369,88.294,0.80087,-1.83746,0,0.293121
0.185,0.815,275.888,-14.96,2.62747,88.1514,0.80087,-1.83746,0,0.293121
0.185,0.825,312.835,-14.9715,2.63222,90.4042,0.80087,-1.83746,0,0.293121
0.185,0.835,351.754,-14.9792,2.64677,95.0556,0.80087,-1.83746,0,0.293121
0.185,0.845,393.064,-14.9845,2.66837,101.745,0.80087,-1.83746,0,0.293121
0.185,0.855,436.629,-14.9882,2.69411,109.98,0.80087,-1.83746,0,0.293121
0.185,0.865,481.892,-14.9909,2.72167,119.284,0.80087,-1.83746,0,0.293121
0.185,0.875,528.069,-14.9928,2.74944,129.253,0.80087,-1.83746,0,0.293121
0.185,0.885,574.314,-14.9943,2.77644,139.565,0.80087,-1.83746,0,0.293121
0.185,0.895,619.815,-14.9955,2.80213,149.963,0.80087,-1.83746,0,0.293121
0.185,0.905,663.851,-14.9965,2.82621,160.244,0.80087,-1.83746,0,0.293121
0.185,0.915,705.811,-14.9972,2.84853,170.245,0.80087,-1.83746,0,0.293121
0.185,0.925,745.205,-14.9978,2.86903,179.831,0.80087,-1.83746,0,0.293121
0.185,0.935,781.662,-14.9983,2.8877,188.897,0.80087,-1.83746,0,0.293121
0.185,0.945,814.932,-14.9987,2.90456,197.355,0.80087,-1.83746,0,0.293121
0.185,0.955,844.877,-14.999,2.91965,205.144,0.80087,-1.83746,0,0.293121
0.185,0.965,871.458,-14.9993,2.93303,212.22,0.80087,-1.83746,0,0.293121
0.185,0.975,894.729,-14.9995,2.94476,218.562,0.80087,-1.83746,0,0.293121
0.185,0.985,914.822,-14.9996,2.95495,224.164,0.80087,-1.83746,0,0.293121
0.185,0.995,931.927,-14.9997,2.96369,229.043,0.80087,-1.83746,0,0.293121
0.195,0.005,19.0369,4.06465,-5.32272,251.665,0.728096,-1.76992,0,0.256522
0.195,0.015,19.021,4.01909,-5.19538,247.562,0.728096,-1.76992,0,0.256522
0.195,0.025,19.0091,3.97182,-5.06808,243.442,0.728096,-1.76992,0,0.256522
0.195,0.035,19.0007,3.92293,-4.94088,239.308,0.728096,-1.76992,0,0.256522
0.195,0.045,18.9956,3.87249,-4.81381,235.161,0.728096,-1.76992,0,0.256522
0.195,0.055,18.9932,3.82058,-4.68692,231.003,0.728096,-1.76992,0,0.256522
0.195,0.065,18.9931,3.76729,-4.56025,226.835,0.728096,-1.76992,0,0.256522
0.195,0.075,18.9949,3.71268,-4.43384,222.66,0.728096,-1.76992,0,0.256522
0.195,0.085,18.9981,3.65686,-4.30773,218.481,0.728096,-1.76992,0,0.256522
0.195,0.095,19.0022,3.5999,-4.18194,214.299,0.728096,-1.76992,0,0.256522
0.195,0.105,19.0067,3.54187,-4.05649,210.118,0.728096,-1.76992,0,0.256522
0.195,0.115,19.0118,3.48284,-3.93132,205.947,0.728096,-1.76992,0,0.256522
0.195,0.125,19.0189,3.42291,-3.80604,201.819,0.728096,-1.76992,0,0.256522
0.195,0.135,19.0253,3.3624,-3.68114,197.703,0.728096,-1.76992,0,0.256522
0.195,0.145,19.0305,3.30143,-3.55671,193.598,0.728096,-1.76992,0,0.256522
0.195,0.155,19.0341,3.24015,-3.43279,189.508,0.728096,-1.76992,0,0.256522
0.195,0.165,19.0357,3.17866,-3.30937,185.438,0.728096,-1.76992,0,0.256522
0.195,0.175,19.0351,3.11709,-3.18647,181.39,0.728096,-1.76992,0,0.256522
0.195,0.185,19.0318,3.05554,-3.06407,177.369,0.728096,-1.76992,0,0.256522
0.195,0.195,19.0255,2.99413,-2.94218,173.377,0.728096,-1.76992,0,0.256522
0.195,0.205,19.016,2.93296,-2.82078,169.419,0.728096,-1.76992,0,0.256522
0.195,0.215,19.003,2.87213,-2.69984,165.497,0.728096,-1.76992,0,0.256522
0.195,0.225,18.9863,2.81173,-2.57935,161.616,0.728096,-1.76992,0,0.256522
0.195,0.235,18.9656,2.75185,-2.45927,157.779,0.728096,-1.76992,0,0.256522
0.195,0.245,18.9408,2.69256,-2.33957,153.99,0.728096,-1.76992,0,0.256522
0.195,0.255,18.9117,2.63395,-2.22021,150.251,0.728096,-1.76992,0,0.256522
0.195,0.265,18.8784,2.57608,-2.10114,146.568,0.728096,-1.76992,0,0.256522
0.195,0.275,18.8408,2.519,-1.98232,142.942,0.728096,-1.76992,0,0.256522
0.195,0.285,18.7989,2.46277,-1.8637,139.379,0.728096,-1.76992,0,0.256522
0.195,0.295,18.7528,2.40742,-1.74522,135.881,0.728096,-1.76992,0,0.256522
0.195,0.305,18.7025,2.35298,-1.62683,132.451,0.728096,-1.76992,0,0.256522
0.195,0.315,18.6483,2.29945,-1.50849,129.093,0.728096,-1.76992,0,0.256522
0.195,0.325,18.5903,2.24684,-1.39018,125.808,0.728096,-1.76992,0,0.256522
0.195,0.335,18.5287,2.19512,-1.27186,122.598,0.728096,-1.76992,0,0.256522
0.195,0.345,18.4636,2.14428,-1.15355,119.466,0.728096,-1.76992,0,0.256522
0.195,0.355,18.3953,2.09427,-1.03526,116.414,0.728096,-1.76992,0,0.256522
0.195,0.365,18.3241,2.04507,-0.917022,113.442,0.728096,-1.76992,0,0.256522
0.195,0.375,18.2506,1.99663,-0.798897,110.554,0.728096,-1.76992,0,0.256522
0.195,0.385,18.1752,1.9489,-0.680953,107.753,0.728096,-1.76992,0,0.256522
0.195,0.395,18.099,1.90185,-0.563284,105.045,0.728096,-1.76992,0,0.256522
0.195,0.405,18.0232,1.85539,-0.446012,102.437,0.728096,-1.76992,0,0.256522
0.195,0.415,17.9492,1.80945,-0.329298,99.9365,0.728096,-1.76992,0,0.256522
0.195,0.425,17.8792,1.76392,-0.213355,97.5548,0.728096,-1.76992,0,0.256522
0.195,0.435,17.8157,1.71858,-0.0984487,95.3059,0.728096,-1.76992,0,0.256522
0.195,0.445,17.7756,1.67056,0.0155474,93.2283,0.728096,-1.76992,0,0.256522
0.195,0.455,17.7641,1.61909,0.128535,91.2947,0.728096,-1.76992,0,0.256522
0.195,0.465,17.7684,1.56717,0.23949,89.5428,0.728096,-1.76992,0,0.256522
0.195,0.475,17.7949,1.5142,0.34728,88.024,0.728096,-1.76992,0,0.256522
0.195,0.485,17.8485,1.45978,0.450998,86.7778,0.728096,-1.76992,0,0.256522
0.195,0.495,17.9355,1.40345,0.549668,85.848,0.728096,-1.76992,0,0.256522
0.195,0.505,18.0635,1.34461,0.642284,85.2815,0.728096,-1.76992,0,0.256522
0.195,0.515,18.2405,1.28255,0.727902,85.1249,0.728096,-1.76992,0,0.256522
0.195,0.525,18.4737,1.21654,0.805792,85.4182,0.728096,-1.76992,0,0.256522
0.195,0.535,18.7677,1.14583,0.875609,86.1872,0.728096,-1.76992,0,0.256522
0.195,0.545,19.1218,1.06979,0.937511,87.4371,0.728096,-1.76992,0,0.256522
0.195,0.555,19.5289,0.987919,0.992165,89.1487,0.728096,-1.76992,0,0.256522
0.195,0.565,19.973,0.899888,1.04059,91.2812,0.728096,-1.76992,0,0.256522
0.195,0.575,20.4252,0.805535,1.08392,93.777,0.728096,-1.76992,0,0.256522
0.195,0.585,20.8371,0.704773,1.12321,96.5659,0.728096,-1.76992,0,0.256522
0.195,0.595,21.1288,0.597152,1.15932,99.5664,0.728096,-1.76992,0,0.256522
0.195,0.605,21.1767,0.48054,1.19299,102.684,0.728096,-1.76992,0,0.256522
0.195,0.615,20.8113,0.348094,1.22522,105.811,0.728096,-1.76992,0,0.256522
0.195,0.625,19.8438,0.182363,1.25802,108.845,0.728096,-1.76992,0,0.256522
0.195,0.635,18.1375,-0.0554425,1.29588,111.715,0.728096,-1.76992,0,0.256522
0.195,0.645,15.709,-0.444528,1.34895,114.437,0.728096,-1.76992,0,0.256522
0.195,0.655,12.9142,-1.1342,1.43816,117.172,0.728096,-1.76992,0,0.256522
0.195,0.665,10.4003,-2.35541,1.59907,120.093,0.728096,-1.76992,0,0.256522
0.195,0.675,8.82335,-4.29993,1.86465,122.899,0.728096,-1.76992,0,0.256522
0.195,0.685,8.56238,-6.80462,2.21472,124.832,0.728096,-1.76992,0,0.256522
0.195,0.695,9.82607,-9.30886,2.55707,125.465,0.728096,-1.76992,0,0.256522
0.195,0.705,12.9412,-11.3213,2.79178,124.627,0.728096,-1.76992,0,0.256522
0.195,0.715,18.4427,-12.7162,2.88603,121.764,0.728096,-1.76992,0,0.256522
0.195,0.725,26.965,-13.6045,2.8731,116.451,0.728096,-1.76992,0,0.256522
0.195,0.735,39.1288,-14.1439,2.81445,109.65,0.728096,-1.76992,0,0.256522
0.195,0.745,55.5937,-14.463,2.7603,103.478,0.728096,-1.76992,0,0.256522
0.195,0.755,77.0859,-14.6509,2.72678,99.4849,0.728096,-1.76992,0,0.256522
0.195,0.765,103.867,-14.7647,2.70699,97.2304,0.728096,-1.76992,0,0.256522
0.195,0.775,135.187,-14.8372,2.68933,95.2862,0.728096,-1.76992,0,0.256522
0.195,0.785,169.367,-14.886,2.66887,92.7611,0.728096,-1.76992,0,0.256522
0.195,0.795,204.626,-14.9199,2.64794,89.9395,0.728096,-1.76992,0,0.256522
0.195,0.805,240.002,-14.9438,2.63204,87.9049,0.728096,-1.76992,0,0.256522
0.195,0.815,275.671,-14.9604,2.62578,87.7523,0.728096,-1.76992,0,0.256522
0.195,0.825,312.513,-14.9717,2.63076,90.0488,0.728096,-1.76992,0,0.256522
0.195,0.835,351.406,-14.9794,2.64566,94.773,0.728096,-1.76992,0,0.256522
0.195,0.845,392.751,-14.9847,2.66761,101.539,0.728096,-1.76992,0,0.256522
0.195,0.855,436.38,-14.9883,2.69363,109.839,0.728096,-1.76992,0,0.256522
0.195,0.865,481.712,-14.9909,2.72138,119.193,0.728096,-1.76992,0,0.256522
0.195,0.875,527.948,-14.9929,2.74928,129.197,0.728096,-1.76992,0,0.256522
0.195,0.885,574.237,-14.9944,2.77636,139.532,0.728096,-1.76992,0,0.256522
0.195,0.895,619.769,-14.9955,2.80209,149.944,0.728096,-1.76992,0,0.256522
0.195,0.905,663.824,-14.9965,2.82619,160.234,0.728096,-1.76992,0,0.256522
0.195,0.915,705.796,-14.9972,2.84852,170.239,0.728096,-1.76992,0,0.256522
0.195,0.925,745.196,-14.9978,2.86903,179.829,0.728096,-1.76992,0,0.256522
0.195,0.935,781.658,-14.9983,2.8877,188.895,0.728096,-1.76992,0,0.256522
0.195,0.945,814.93,-14.9987,2.90456,197.354,0.728096,-1.76992,0,0.256522
0.195,0.955,844.876,-14.999,2.91965,205.144,0.728096,-1.76992,0,0.256522
0.195,0.965,871.457,-14.9993,2.93303,212.22,0.728096,-1.76992,0,0.256522
0.195,0.975,894.729,-14.9995,2.94476,218.562,0.728096,-1.76992,0,0.256522
0.195,0.985,914.822,-14.9996,2.95495,224.164,0.728096,-1.76992,0,0.256522
0.195,0.995,931.927,-14.9997,2.96369,229.043,0.728096,-1.76992,0,0.256522
0.205,0.005,18.7161,4.14304,-5.29031,245.72,0.660712,-1.70237,0,0.223912
0.205,0.015,18.6965,4.09775,-5.16299,241.687,0.660712,-1.70237,0,0.223912
0.205,0.025,18.6807,4.05079,-5.03573,237.641,0.660712,-1.70237,0,0.223912
0.205,0.035,18.6683,4.00223,-4.90858,233.583,0.660712,-1.70237,0,0.223912
0.205,0.045,18.6589,3.95216,-4.78159,229.514,0.660712,-1.70237,0,0.223912
0.205,0.055,18.6521,3.90065,-4.65479,225.435,0.660712,-1.70237,0,0.223912
0.205,0.065,18.6474,3.84778,-4.52823,221.35,0.660712,-1.70237,0,0.223912
0.205,0.075,18.6445,3.79364,-4.40194,217.26,0.660712,-1.70237,0,0.223912
0.205,0.085,18.643,3.7383,-4.27594,213.167,0.660712,-1.70237,0,0.223912
0.205,0.095,18.6423,3.68185,-4.15028,209.073,0.660712,-1.70237,0,0.223912
0.205,0.105,18.642,3.62435,-4.02497,204.983,0.660712,-1.70237,0,0.223912
0.205,0.115,18.6428,3.56585,-3.89981,200.913,0.660712,-1.70237,0,0.223912
0.205,0.125,18.6453,3.50653,-3.77461,196.883,0.660712,-1.70237,0,0.223912
0.205,0.135,18.647,3.44666,-3.64984,192.863,0.660712,-1.70237,0,0.223912
0.205,0.145,18.6475,3.38637,-3.52554,188.856,0.660712,-1.70237,0,0.223912
0.205,0.155,18.6466,3.32577,-3.40173,184.867,0.660712,-1.70237,0,0.223912
0.205,0.165,18.644,3.26499,-3.27842,180.899,0.660712,-1.70237,0,0.223912
0.205,0.175,18.6392,3.20414,-3.15561,176.955,0.660712,-1.70237,0,0.223912
0.205,0.185,18.6321,3.14332,-3.03329,173.039,0.660712,-1.70237,0,0.223912
0.205,0.195,18.6222,3.08265,-2.91145,169.153,0.660712,-1.70237,0,0.223912
0.205,0.205,18.6094,3.02222,-2.79007,165.303,0.660712,-1.70237,0,0.223912
0.205,0.215,18.5935,2.96213,-2.66915,161.49,0.660712,-1.70237,0,0.223912
0.205,0.225,18.5741,2.90246,-2.54864,157.719,0.660712,-1.70237,0,0.223912
0.205,0.235,18.5511,2.8433,-2.42853,153.992,0.660712,-1.70237,0,0.223912
0.205,0.245,18.5244,2.78473,-2.30877,150.313,0.660712,-1.70237,0,0.223912
0.205,0.255,18.4939,2.72681,-2.18932,146.686,0.660712,-1.70237,0,0.223912
0.205,0.265,18.4595,2.66962,-2.07016,143.113,0.660712,-1.70237,0,0.223912
0.205,0.275,18.4212,2.61319,-1.95122,139.598,0.660712,-1.70237,0,0.223912
0.205,0.285,18.379,2.55759,-1.83247,136.145,0.660712,-1.70237,0,0.223912
0.205,0.295,18.3329,2.50283,-1.71385,132.755,0.660712,-1.70237,0,0.223912
0.205,0.305,18.2831,2.44894,-1.59532,129.432,0.660712,-1.70237,0,0.223912
0.205,0.315,18.2297,2.39594,-1.47686,126.178,0.660712,-1.70237,0,0.223912
0.205,0.325,18.1728,2.34381,-1.35842,122.996,0.660712,-1.70237,0,0.223912
0.205,0.335,18.1126,2.29254,-1.24,119.888,0.660712,-1.70237,0,0.223912
0.205,0.345,18.0494,2.24212,-1.1216,116.855,0.660712,-1.70237,0,0.223912
0.205,0.355,17.9832,2.19249,-1.00325,113.899,0.660712,-1.70237,0,0.223912
0.205,0.365,17.9146,2.14364,-0.884971,111.022,0.660712,-1.70237,0,0.223912
0.205,0.375,17.8439,2.09552,-0.766831,108.228,0.660712,-1.70237,0,0.223912
0.205,0.385,17.772,2.04808,-0.648901,105.52,0.660712,-1.70237,0,0.223912
0.205,0.395,17.6996,2.00126,-0.53128,102.903,0.660712,-1.70237,0,0.223912
0.205,0.405,17.6281,1.955,-0.4141,100.385,0.660712,-1.70237,0,0.223912
0.205,0.415,17.559,1.90921,-0.297533,97.9746,0.660712,-1.70237,0,0.223912
0.205,0.425,17.4943,1.86375,-0.181806,95.682,0.660712,-1.70237,0,0.223912
0.205,0.435,17.4371,1.81832,-0.0671777,93.5234,0.660712,-1.70237,0,0.223912
0.205,0.445,17.4117,1.7686,0.0466113,91.5393,0.660712,-1.70237,0,0.223912
0.205,0.455,17.4057,1.71701,0.159221,89.6873,0.660712,-1.70237,0,0.223912
0.205,0.465,17.4171,1.6647,0.269409,88.0292,0.660712,-1.70237,0,0.223912
0.205,0.475,17.4512,1.61123,0.376191,86.6078,0.660712,-1.70237,0,0.223912
0.205,0.485,17.5131,1.55617,0.478646,85.463,0.660712,-1.70237,0,0.223912
0.205,0.495,17.6094,1.49903,0.575778,84.6387,0.660712,-1.70237,0,0.223912
0.205,0.505,17.7477,1.43921,0.666578,84.1816,0.660712,-1.70237,0,0.223912
0.205,0.515,17.9361,1.37601,0.750138,84.1368,0.660712,-1.70237,0,0.223912
0.205,0.525,18.1811,1.3087,0.825803,84.541,0.660712,-1.70237,0,0.223912
0.205,0.535,18.4862,1.23656,0.893339,85.4154,0.660712,-1.70237,0,0.223912
0.205,0.545,18.8499,1.15902,0.953036,86.7592,0.660712,-1.70237,0,0.223912
0.205,0.555,19.2639,1.0756,1.00566,88.5483,0.660712,-1.70237,0,0.223912
0.205,0.565,19.7114,0.986034,1.05229,90.7382,0.660712,-1.70237,0,0.223912
0.205,0.575,20.1629,0.89018,1.09405,93.2704,0.660712,-1.70237,0,0.223912
0.205,0.585,20.5687,0.787982,1.13193,96.0753,0.660712,-1.70237,0,0.223912
0.205,0.595,20.8469,0.678973,1.16673,99.0728,0.660712,-1.70237,0,0.223912
0.205,0.605,20.8706,0.560844,1.19916,102.17,0.660712,-1.70237,0,0.223912
0.205,0.615,20.4669,0.426178,1.23023,105.262,0.660712,-1.70237,0,0.223912
0.205,0.625,19.4464,0.256117,1.26213,108.249,0.660712,-1.70237,0,0.223912
0.205,0.635,17.6844,0.00882685,1.29984,111.068,0.660712,-1.70237,0,0.223912
0.205,0.645,15.2221,-0.400831,1.35446,113.751,0.660712,-1.70237,0,0.223912
0.205,0.655,12.4455,-1.13159,1.44864,116.465,0.660712,-1.70237,0,0.223912
0.205,0.665,10.0193,-2.42068,1.61924,119.35,0.660712,-1.70237,0,0.223912
0.205,0.675,8.57075,-4.44038,1.89587,122.008,0.660712,-1.70237,0,0.223912
0.205,0.685,8.43555,-6.97872,2.24897,123.719,0.660712,-1.70237,0,0.223912
0.205,0.695,9.8026,-9.46084,2.58143,124.099,0.660712,-1.70237,0,0.223912
0.205,0.705,12.997,-11.4277,2.79913,122.963,0.660712,-1.70237,0,0.223912
0.205,0.715,18.5419,-12.7827,2.87824,119.722,0.660712,-1.70237,0,0.223912
0.205,0.725,27.0552,-13.6439,2.8569,114.124,0.660712,-1.70237,0,0.223912
0.205,0.735,39.1684,-14.166,2.79768,107.405,0.660712,-1.70237,0,0.223912
0.205,0.745,55.6028,-14.4744,2.74813,101.748,0.660712,-1.70237,0,0.223912
0.205,0.755,77.1396,-14.6563,2.72028,98.432,0.660712,-1.70237,0,0.223912
0.205,0.765,104.028,-14.7671,2.7044,96.7089,0.660712,-1.70237,0,0.223912
0.205,0.775,135.439,-14.8383,2.68836,95.0203,0.660712,-1.70237,0,0.223912
0.205,0.785,169.616,-14.8867,2.66802,92.52,0.660712,-1.70237,0,0.223912
0.205,0.795,204.756,-14.9205,2.64664,89.618,0.660712,-1.70237,0,0.223912
0.205,0.805,239.947,-14.9442,2.63037,87.5117,0.660712,-1.70237,0,0.223912
0.205,0.815,275.443,-14.9607,2.62406,87.3486,0.660712,-1.70237,0,0.223912
0.205,0.825,312.184,-14.972,2.62928,89.6922,0.660712,-1.70237,0,0.223912
0.205,0.835,351.056,-14.9796,2.64455,94.4923,0.660712,-1.70237,0,0.223912
0.205,0.845,392.44,-14.9848,2.66686,101.336,0.660712,-1.70237,0,0.223912
0.205,0.855,436.136,-14.9884,2.69317,109.703,0.660712,-1.70237,0,0.223912
0.205,0.865,481.537,-14.991,2.72111,119.106,0.660712,-1.70237,0,0.223912
0.205,0.875,527.831,-14.9929,2.74912,129.144,0.660712,-1.70237,0,0.223912
0.205,0.885,574.163,-14.9944,2.77627,139.501,0.660712,-1.70237,0,0.223912
0.205,0.895,619.725,-14.9955,2.80204,149.926,0.660712,-1.70237,0,0.223912
0.205,0.905,663.799,-14.9965,2.82617,160.224,0.660712,-1.70237,0,0.223912
0.205,0.915,705.782,-14.9972,2.84851,170.234,0.660712,-1.70237,0,0.223912
0.205,0.925,745.189,-14.9978,2.86902,179.826,0.660712,-1.70237,0,0.223912
0.205,0.935,781.654,-14.9983,2.8877,188.894,0.660712,-1.70237,0,0.223912
0.205,0.945,814.928,-14.9987,2.90456,197.354,0.660712,-1.70237,0,0.223912
0.205,0.955,844.875,-14.999,2.91965,205.143,0.660712,-1.70237,0,0.223912
0.205,0.965,871.457,-14.9993,2.93302,212.22,0.660712,-1.70237,0,0.223912
0.205,0.975,894.729,-14.9995,2.94476,218.561,0.660712,-1.70237,0,0.223912
0.205,0.985,914.822,-14.9996,2.95495,224.164,0.660712,-1.70237,0,0.223912
0.205,0.995,931.927,-14.9997,2.96369,229.043,0.660712,-1.70237,0,0.223912
0.215,0.005,18.4031,4.22178,-5.25828,239.961,0.598412,-1.63482,0,0.194922
0.215,0.015,18.3802,4.17677,-5.13103,236.002,0.598412,-1.63482,0,0.194922
0.215,0.025,18.3608,4.13013,-5.00386,232.03,0.598412,-1.63482,0,0.194922
0.215,0.035,18.3446,4.08193,-4.87681,228.048,0.598412,-1.63482,0,0.194922
0.215,0.045,18.3312,4.03225,-4.74994,224.057,0.598412,-1.63482,0,0.194922
0.215,0.055,18.3204,3.98115,-4.62326,220.059,0.598412,-1.63482,0,0.194922
0.215,0.065,18.3115,3.92873,-4.49683,216.057,0.598412,-1.63482,0,0.194922
0.215,0.075,18.3044,3.87506,-4.37068,212.051,0.598412,-1.63482,0,0.194922
0.215,0.085,18.2985,3.82022,-4.24483,208.045,0.598412,-1.63482,0,0.194922
0.215,0.095,18.2934,3.76428,-4.11931,204.04,0.598412,-1.63482,0,0.194922
0.215,0.105,18.2887,3.70731,-3.99414,200.04,0.598412,-1.63482,0,0.194922
0.215,0.115,18.2858,3.64936,-3.86896,196.074,0.598412,-1.63482,0,0.194922
0.215,0.125,18.2839,3.59067,-3.74388,192.137,0.598412,-1.63482,0,0.194922
0.215,0.135,18.2814,3.53146,-3.61924,188.212,0.598412,-1.63482,0,0.194922
0.215,0.145,18.2778,3.47184,-3.49507,184.303,0.598412,-1.63482,0,0.194922
0.215,0.155,18.2729,3.41194,-3.37137,180.413,0.598412,-1.63482,0,0.194922
0.215,0.165,18.2664,3.35187,-3.24816,176.545,0.598412,-1.63482,0,0.194922
0.215,0.175,18.258,3.29175,-3.12542,172.703,0.598412,-1.63482,0,0.194922
0.215,0.185,18.2474,3.23166,-3.00316,168.89,0.598412,-1.63482,0,0.194922
0.215,0.195,18.2344,3.17173,-2.88136,165.109,0.598412,-1.63482,0,0.194922
0.215,0.205,18.2188,3.11204,-2.76001,161.364,0.598412,-1.63482,0,0.194922
0.215,0.215,18.2002,3.05269,-2.63907,157.657,0.598412,-1.63482,0,0.194922
0.215,0.225,18.1785,2.99375,-2.51854,153.993,0.598412,-1.63482,0,0.194922
0.215,0.235,18.1536,2.93532,-2.39838,150.373,0.598412,-1.63482,0,0.194922
0.215,0.245,18.1253,2.87745,-2.27854,146.802,0.598412,-1.63482,0,0.194922
0.215,0.255,18.0936,2.82023,-2.15901,143.282,0.598412,-1.63482,0,0.194922
0.215,0.265,18.0583,2.7637,-2.03973,139.816,0.598412,-1.63482,0,0.194922
0.215,0.275,18.0195,2.70792,-1.92067,136.407,0.598412,-1.63482,0,0.194922
0.215,0.285,17.9771,2.65292,-1.80178,133.058,0.598412,-1.63482,0,0.194922
0.215,0.295,17.9312,2.59875,-1.68302,129.772,0.598412,-1.63482,0,0.194922
0.215,0.305,17.8819,2.54541,-1.56436,126.552,0.598412,-1.63482,0,0.194922
0.215,0.315,17.8293,2.49292,-1.44575,123.399,0.598412,-1.63482,0,0.194922
0.215,0.325,17.7736,2.44127,-1.32719,120.316,0.598412,-1.63482,0,0.194922
0.215,0.335,17.7149,2.39044,-1.20866,117.304,0.598412,-1.63482,0,0.194922
0.215,0.345,17.6533,2.34042,-1.09017,114.365,0.598412,-1.63482,0,0.194922
0.215,0.355,17.5893,2.29116,-0.971743,111.501,0.598412,-1.63482,0,0.194922
0.215,0.365,17.523,2.24264,-0.85342,108.716,0.598412,-1.63482,0,0.194922
0.215,0.375,17.4552,2.19481,-0.735258,106.011,0.598412,-1.63482,0,0.194922
0.215,0.385,17.3864,2.14763,-0.617337,103.39,0.598412,-1.63482,0,0.194922
0.215,0.395,17.3177,2.10103,-0.499764,100.861,0.598412,-1.63482,0,0.194922
0.215,0.405,17.2503,2.05493,-0.382678,98.4285,0.598412,-1.63482,0,0.194922
0.215,0.415,17.1857,2.00923,-0.266268,96.1029,0.598412,-1.63482,0,0.194922
0.215,0.425,17.1261,1.9638,-0.150779,93.8954,0.598412,-1.63482,0,0.194922
0.215,0.435,17.0776,1.91774,-0.03638,91.8276,0.598412,-1.63482,0,0.194922
0.215,0.445,17.0624,1.86684,0.0771633,89.9206,0.598412,-1.63482,0,0.194922
0.215,0.455,17.0622,1.81499,0.189278,88.1525,0.598412,-1.63482,0,0.194922
0.215,0.465,17.0803,1.76223,0.298647,86.5855,0.598412,-1.63482,0,0.194922
0.215,0.475,17.1216,1.70819,0.404363,85.2584,0.598412,-1.63482,0,0.194922
0.215,0.485,17.1915,1.65242,0.505484,84.2118,0.598412,-1.63482,0,0.194922
0.215,0.495,17.2967,1.59441,0.601004,83.4899,0.598412,-1.63482,0,0.194922
0.215,0.505,17.4451,1.53355,0.689921,83.1391,0.598412,-1.63482,0,0.194922
0.215,0.515,17.6443,1.46914,0.771369,83.2023,0.598412,-1.63482,0,0.194922
0.215,0.525,17.9004,1.40047,0.84478,83.713,0.598412,-1.63482,0,0.194922
0.215,0.535,18.2159,1.32687,0.910044,84.6869,0.598412,-1.63482,0,0.194922
0.215,0.545,18.5881,1.24779,0.967574,86.1178,0.598412,-1.63482,0,0.194922
0.215,0.555,19.0077,1.16282,1.01824,87.9766,0.598412,-1.63482,0,0.194922
0.215,0.565,19.4573,1.0717,1.06314,90.2161,0.598412,-1.63482,0,0.194922
0.215,0.575,19.9065,0.974339,1.10339,92.7772,0.598412,-1.63482,0,0.194922
0.215,0.585,20.3047,0.8707,1.13992,95.5912,0.598412,-1.63482,0,0.194922
0.215,0.595,20.5677,0.760286,1.17346,98.5795,0.598412,-1.63482,0,0.194922
0.215,0.605,20.5651,0.640583,1.20466,101.651,0.598412,-1.63482,0,0.194922
0.215,0.615,20.1204,0.503526,1.23461,104.703,0.598412,-1.63482,0,0.194922
0.215,0.625,19.0446,0.328692,1.2657,107.639,0.598412,-1.63482,0,0.194922
0.215,0.635,17.2233,0.070899,1.30343,110.405,0.598412,-1.63482,0,0.194922
0.215,0.645,14.7312,-0.361453,1.35998,113.049,0.598412,-1.63482,0,0.194922
0.215,0.655,11.9806,-1.13684,1.45979,115.741,0.598412,-1.63482,0,0.194922
0.215,0.665,9.65043,-2.49713,1.64068,118.581,0.598412,-1.63482,0,0.194922
0.215,0.675,8.33317,-4.59019,1.92799,121.078,0.598412,-1.63482,0,0.194922
0.215,0.685,8.32075,-7.15552,2.28246,122.556,0.598412,-1.63482,0,0.194922
0.215,0.695,9.78638,-9.61038,2.60348,122.684,0.598412,-1.63482,0,0.194922
0.215,0.705,13.0535,-11.5307,2.8038,121.246,0.598412,-1.63482,0,0.194922
0.215,0.715,18.6327,-12.8465,2.86833,117.636,0.598412,-1.63482,0,0.194922
0.215,0.725,27.129,-13.6814,2.83963,111.803,0.598412,-1.63482,0,0.194922
0.215,0.735,39.1924,-14.1867,2.78094,105.243,0.598412,-1.63482,0,0.194922
0.215,0.745,55.6084,-14.4849,2.73667,100.155,0.598412,-1.63482,0,0.194922
0.215,0.755,77.2065,-14.6612,2.71462,97.5186,0.598412,-1.63482,0,0.194922
0.215,0.765,104.212,-14.7692,2.70242,96.293,0.598412,-1.63482,0,0.194922
0.215,0.775,135.714,-14.8394,2.68773,94.8157,0.598412,-1.63482,0,0.194922
0.215,0.785,169.878,-14.8873,2.66729,92.303,0.598412,-1.63482,0,0.194922
0.215,0.795,204.886,-14.921,2.64535,89.2983,0.598412,-1.63482,0,0.194922
0.215,0.805,239.881,-14.9447,2.62866,87.1123,0.598412,-1.63482,0,0.194922
0.215,0.815,275.204,-14.9611,2.62231,86.9399,0.598412,-1.63482,0,0.194922
0.215,0.825,311.846,-14.9723,2.62779,89.3345,0.598412,-1.63482,0,0.194922
0.215,0.835,350.704,-14.9798,2.64345,94.2137,0.598412,-1.63482,0,0.194922
0.215,0.845,392.132,-14.9849,2.66613,101.138,0.598412,-1.63482,0,0.194922
0.215,0.855,435.897,-14.9884,2.69271,109.57,0.598412,-1.63482,0,0.194922
0.215,0.865,481.368,-14.991,2.72084,119.023,0.598412,-1.63482,0,0.194922
0.215,0.875,527.72,-14.9929,2.74897,129.094,0.598412,-1.63482,0,0.194922
0.215,0.885,574.094,-14.9944,2.77619,139.471,0.598412,-1.63482,0,0.194922
0.215,0.895,619.684,-14.9955,2.802,149.91,0.598412,-1.63482,0,0.194922
0.215,0.905,663.776,-14.9965,2.82614,160.215,0.598412,-1.63482,0,0.194922
0.215,0.915,705.77,-14.9972,2.8485,170.229,0.598412,-1.63482,0,0.194922
0.215,0.925,745.182,-14.9978,2.86902,179.823,0.598412,-1.63482,0,0.194922
0.215,0.935,781.651,-14.9983,2.8877,188.892,0.598412,-1.63482,0,0.194922
0.215,0.945,814.927,-14.9987,2.90456,197.353,0.598412,-1.63482,0,0.194922
0.215,0.955,844.874,-14.999,2.91965,205.143,0.598412,-1.63482,0,0.194922
0.215,0.965,871.456,-14.9993,2.93302,212.22,0.598412,-1.63482,0,0.194922
0.215,0.975,894.729,-14.9995,2.94476,218.561,0.598412,-1.63482,0,0.194922
0.215,0.985,914.822,-14.9996,2.95495,224.164,0.598412,-1.63482,0,0.194922
0.215,0.995,931.927,-14.9997,2.96369,229.043,0.598412,-1.63482,0,0.194922
0.225,0.005,18.0904,4.30261,-5.22708,234.248,0.540903,-1.56727,0,0.16921
0.225,0.015,18.0666,4.25735,-5.09984,230.405,0.540903,-1.56727,0,0.16921
0.225,0.025,18.0457,4.21062,-4.97268,226.544,0.540903,-1.56727,0,0.16921
0.225,0.035,18.0273,4.16252,-4.84565,222.662,0.540903,-1.56727,0,0.16921
0.225,0.045,18.0106,4.11318,-4.7189,218.755,0.540903,-1.56727,0,0.16921
0.225,0.055,17.996,4.06251,-4.5924,214.838,0.540903,-1.56727,0,0.16921
0.225,0.065,17.9835,4.01051,-4.46613,210.92,0.540903,-1.56727,0,0.16921
0.225,0.075,17.9726,3.95727,-4.34013,207.003,0.540903,-1.56727,0,0.16921
0.225,0.085,17.9629,3.90288,-4.21442,203.087,0.540903,-1.56727,0,0.16921
0.225,0.095,17.954,3.84743,-4.08904,199.174,0.540903,-1.56727,0,0.16921
0.225,0.105,17.9456,3.79097,-3.96397,195.268,0.540903,-1.56727,0,0.16921
0.225,0.115,17.9394,3.73358,-3.83879,191.403,0.540903,-1.56727,0,0.16921
0.225,0.125,17.9336,3.67552,-3.71384,187.56,0.540903,-1.56727,0,0.16921
0.225,0.135,17.9272,3.61696,-3.58933,183.731,0.540903,-1.56727,0,0.16921
0.225,0.145,17.9199,3.55802,-3.46527,179.918,0.540903,-1.56727,0,0.16921
0.225,0.155,17.9115,3.4988,-3.34167,176.127,0.540903,-1.56727,0,0.16921
0.225,0.165,17.9017,3.43943,-3.21854,172.359,0.540903,-1.56727,0,0.16921
0.225,0.175,17.8901,3.38002,-3.09587,168.618,0.540903,-1.56727,0,0.16921
0.225,0.185,17.8766,3.32066,-2.97366,164.906,0.540903,-1.56727,0,0.16921
0.225,0.195,17.8608,3.26145,-2.85188,161.228,0.540903,-1.56727,0,0.16921
0.225,0.205,17.8427,3.20249,-2.73053,157.586,0.540903,-1.56727,0,0.16921
0.225,0.215,17.8219,3.14386,-2.60958,153.984,0.540903,-1.56727,0,0.16921
0.225,0.225,17.7983,3.08565,-2.48901,150.423,0.540903,-1.56727,0,0.16921
0.225,0.235,17.7718,3.02792,-2.36878,146.908,0.540903,-1.56727,0,0.16921
0.225,0.245,17.7422,2.97075,-2.24886,143.441,0.540903,-1.56727,0,0.16921
0.225,0.255,17.7094,2.9142,-2.12923,140.025,0.540903,-1.56727,0,0.16921
0.225,0.265,17.6735,2.85833,-2.00983,136.662,0.540903,-1.56727,0,0.16921
0.225,0.275,17.6343,2.80317,-1.89064,133.356,0.540903,-1.56727,0,0.16921
0.225,0.285,17.5919,2.74878,-1.7716,130.108,0.540903,-1.56727,0,0.16921
0.225,0.295,17.5463,2.69517,-1.6527,126.922,0.540903,-1.56727,0,0.16921
0.225,0.305,17.4976,2.64237,-1.53388,123.8,0.540903,-1.56727,0,0.16921
0.225,0.315,17.4458,2.59037,-1.41514,120.743,0.540903,-1.56727,0,0.16921
0.225,0.325,17.3912,2.53918,-1.29644,117.754,0.540903,-1.56727,0,0.16921
0.225,0.335,17.3339,2.48877,-1.17779,114.834,0.540903,-1.56727,0,0.16921
0.225,0.345,17.2741,2.43913,-1.05921,111.986,0.540903,-1.56727,0,0.16921
0.225,0.355,17.212,2.39022,-0.940701,109.211,0.540903,-1.56727,0,0.16921
0.225,0.365,17.1481,2.34201,-0.822324,106.512,0.540903,-1.56727,0,0.16921
0.225,0.375,17.0829,2.29445,-0.704137,103.892,0.540903,-1.56727,0,0.16921
0.225,0.385,17.0172,2.24749,-0.586225,101.355,0.540903,-1.56727,0,0.16921
0.225,0.395,16.9519,2.20106,-0.468702,98.9082,0.540903,-1.56727,0,0.16921
0.225,0.405,16.8883,2.15508,-0.35172,96.5578,0.540903,-1.56727,0,0.16921
0.225,0.415,16.828,2.10945,-0.235481,94.3132,0.540903,-1.56727,0,0.16921
0.225,0.425,16.7733,2.06398,-0.120245,92.1867,0.540903,-1.56727,0,0.16921
0.225,0.435,16.7349,2.01681,-0.00603522,90.2071,0.540903,-1.56727,0,0.16921
0.225,0.445,16.727,1.96516,0.107222,88.3697,0.540903,-1.56727,0,0.16921
0.225,0.455,16.7324,1.91294,0.218715,86.6843,0.540903,-1.56727,0,0.16921
0.225,0.465,16.7568,1.85968,0.327204,85.2052,0.540903,-1.56727,0,0.16921
0.225,0.475,16.8049,1.805,0.43179,83.9698,0.540903,-1.56727,0,0.16921
0.225,0.485,16.8825,1.74846,0.531511,83.0188,0.540903,-1.56727,0,0.16921
0.225,0.495,16.9965,1.68952,0.625348,82.3968,0.540903,-1.56727,0,0.16921
0.225,0.505,17.1547,1.62756,0.712317,82.1494,0.540903,-1.56727,0,0.16921
0.225,0.515,17.3644,1.56189,0.791607,82.3173,0.540903,-1.56727,0,0.16921
0.225,0.525,17.631,1.49182,0.862748,82.9298,0.540903,-1.56727,0,0.16921
0.225,0.535,17.9559,1.41672,0.925755,83.9977,0.540903,-1.56727,0,0.16921
0.225,0.545,18.3354,1.33609,0.981168,85.5089,0.540903,-1.56727,0,0.16921
0.225,0.555,18.7595,1.24955,1.02994,87.4299,0.540903,-1.56727,0,0.16921
0.225,0.565,19.2098,1.15687,1.07318,89.7116,0.540903,-1.56727,0,0.16921
0.225,0.575,19.6556,1.058,1.11199,92.2947,0.540903,-1.56727,0,0.16921
0.225,0.585,20.0448,0.952911,1.14721,95.1118,0.540903,-1.56727,0,0.16921
0.225,0.595,20.2908,0.841072,1.1795,98.0856,0.540903,-1.56727,0,0.16921
0.225,0.605,20.2596,0.719727,1.20951,101.126,0.540903,-1.56727,0,0.16921
0.225,0.615,19.7713,0.580081,1.23838,104.134,0.540903,-1.56727,0,0.16921
0.225,0.625,18.6381,0.399968,1.26873,107.016,0.540903,-1.56727,0,0.16921
0.225,0.635,16.7574,0.130521,1.30669,109.729,0.540903,-1.56727,0,0.16921
0.225,0.645,14.2375,-0.326855,1.36559,112.333,0.540903,-1.56727,0,0.16921
0.225,0.655,11.5214,-1.1506,1.47172,115.002,0.540903,-1.56727,0,0.16921
0.225,0.665,9.29509,-2.58507,1.66345,117.785,0.540903,-1.56727,0,0.16921
0.225,0.675,8.11067,-4.74885,1.96085,120.106,0.540903,-1.56727,0,0.16921
0.225,0.685,8.21763,-7.33404,2.31492,121.345,0.540903,-1.56727,0,0.16921
0.225,0.695,9.77665,-9.75694,2.62302,121.223,0.540903,-1.56727,0,0.16921
0.225,0.705,13.1094,-11.63,2.80574,119.48,0.540903,-1.56727,0,0.16921
0.225,0.715,18.714,-12.9077,2.85638,115.513,0.540903,-1.56727,0,0.16921
0.225,0.725,27.1867,-13.717,2.82144,109.5,0.540903,-1.56727,0,0.16921
0.225,0.735,39.2025,-14.2061,2.76436,103.177,0.540903,-1.56727,0,0.16921
0.225,0.745,55.6133,-14.4945,2.72602,98.7031,0.540903,-1.56727,0,0.16921
0.225,0.755,77.289,-14.6655,2.70981,96.7424,0.540903,-1.56727,0,0.16921
0.225,0.765,104.421,-14.7711,2.70104,95.977,0.540903,-1.56727,0,0.16921
0.225,0.775,136.011,-14.8403,2.68739,94.666,0.540903,-1.56727,0,0.16921
0.225,0.785,170.15,-14.8879,2.66665,92.1049,0.540903,-1.56727,0,0.16921
0.225,0.795,205.012,-14.9215,2.64404,88.9771,0.540903,-1.56727,0,0.16921
0.225,0.805,239.804,-14.9451,2.6269,86.7052,0.540903,-1.56727,0,0.16921
0.225,0.815,274.951,-14.9615,2.62053,86.5257,0.540903,-1.56727,0,0.16921
0.225,0.825,311.5,-14.9725,2.6263,88.9757,0.540903,-1.56727,0,0.16921
0.225,0.835,350.35,-14.98,2.64235,93.9375,0.540903,-1.56727,0,0.16921
0.225,0.845,391.826,-14.985,2.6654,100.943,0.540903,-1.56727,0,0.16921
0.225,0.855,435.664,-14.9885,2.69227,109.442,0.540903,-1.56727,0,0.16921
0.225,0.865,481.204,-14.991,2.72059,118.942,0.540903,-1.56727,0,0.16921
0.225,0.875,527.613,-14.9929,2.74883,129.046,0.540903,-1.56727,0,0.16921
0.225,0.885,574.029,-14.9944,2.77612,139.444,0.540903,-1.56727,0,0.16921
0.225,0.895,619.646,-14.9955,2.80196,149.895,0.540903,-1.56727,0,0.16921
0.225,0.905,663.755,-14.9965,2.82613,160.207,0.540903,-1.56727,0,0.16921
0.225,0.915,705.758,-14.9972,2.84849,170.225,0.540903,-1.56727,0,0.16921
0.225,0.925,745.176,-14.9978,2.86901,179.821,0.540903,-1.56727,0,0.16921
0.225,0.935,781.647,-14.9983,2.88769,188.891,0.540903,-1.56727,0,0.16921
0.225,0.945,814.925,-14.9987,2.90456,197.353,0.540903,-1.56727,0,0.16921
0.225,0.955,844.873,-14.999,2.91965,205.143,0.540903,-1.56727,0,0.16921
0.225,0.965,871.456,-14.9993,2.93302,212.22,0.540903,-1.56727,0,0.16921
0.225,0.975,894.729,-14.9995,2.94476,218.561,0.540903,-1.56727,0,0.16921
0.225,0.985,914.821,-14.9996,2.95495,224.164,0.540903,-1.56727,0,0.16921
0.225,0.995,931.927,-14.9997,2.96369,229.043,0.540903,-1.56727,0,0.16921
0.235,0.005,17.719,4.39974,-5.19796,227.522,0.487902,-1.49973,0,0.146462
0.235,0.015,17.698,4.35333,-5.07096,223.873,0.487902,-1.49973,0,0.146462
0.235,0.025,17.6807,4.30524,-4.94403,220.221,0.487902,-1.49973,0,0.146462
0.235,0.035,17.667,4.25553,-4.81721,216.568,0.487902,-1.49973,0,0.146462
0.235,0.045,17.6565,4.20426,-4.69049,212.915,0.487902,-1.49973,0,0.146462
0.235,0.055,17.6479,4.15173,-4.56391,209.25,0.487902,-1.49973,0,0.146462
0.235,0.065,17.6404,4.09816,-4.43752,205.563,0.487902,-1.49973,0,0.146462
0.235,0.075,17.6332,4.04368,-4.31134,201.856,0.487902,-1.49973,0,0.146462
0.235,0.085,17.6259,3.98843,-4.18541,198.125,0.487902,-1.49973,0,0.146462
0.235,0.095,17.6176,3.93259,-4.05979,194.371,0.487902,-1.49973,0,0.146462
0.235,0.105,17.6078,3.87631,-3.93455,190.59,0.487902,-1.49973,0,0.146462
0.235,0.115,17.5989,3.81943,-3.80936,186.831,0.487902,-1.49973,0,0.146462
0.235,0.125,17.5898,3.76194,-3.68455,183.086,0.487902,-1.49973,0,0.146462
0.235,0.135,17.5804,3.70393,-3.56017,179.357,0.487902,-1.49973,0,0.146462
0.235,0.145,17.5704,3.64554,-3.43621,175.649,0.487902,-1.49973,0,0.146462
0.235,0.155,17.5593,3.5869,-3.31269,171.962,0.487902,-1.49973,0,0.146462
0.235,0.165,17.5469,3.52814,-3.18961,168.299,0.487902,-1.49973,0,0.146462
0.235,0.175,17.5328,3.46936,-3.06698,164.662,0.487902,-1.49973,0,0.146462
0.235,0.185,17.517,3.41066,-2.94479,161.055,0.487902,-1.49973,0,0.146462
0.235,0.195,17.499,3.35213,-2.82302,157.48,0.487902,-1.49973,0,0.146462
0.235,0.205,17.4789,3.29385,-2.70165,153.942,0.487902,-1.49973,0,0.146462
0.235,0.215,17.4564,3.23589,-2.58066,150.444,0.487902,-1.49973,0,0.146462
0.235,0.225,17.4314,3.17835,-2.46003,146.987,0.487902,-1.49973,0,0.146462
0.235,0.235,17.4036,3.12129,-2.33972,143.575,0.487902,-1.49973,0,0.146462
0.235,0.245,17.3731,3.06477,-2.21971,140.211,0.487902,-1.49973,0,0.146462
0.235,0.255,17.3397,3.00885,-2.09995,136.896,0.487902,-1.49973,0,0.146462
0.235,0.265,17.3033,2.9536,-1.98042,133.635,0.487902,-1.49973,0,0.146462
0.235,0.275,17.264,2.89904,-1.86108,130.428,0.487902,-1.49973,0,0.146462
0.235,0.285,17.2217,2.84521,-1.7419,127.279,0.487902,-1.49973,0,0.146462
0.235,0.295,17.1766,2.79213,-1.62284,124.19,0.487902,-1.49973,0,0.146462
0.235,0.305,17.1285,2.73983,-1.50387,121.163,0.487902,-1.49973,0,0.146462
0.235,0.315,17.0777,2.6883,-1.38497,118.199,0.487902,-1.49973,0,0.146462
0.235,0.325,17.0243,2.63753,-1.26614,115.301,0.487902,-1.49973,0,0.146462
0.235,0.335,16.9684,2.58752,-1.14737,112.469,0.487902,-1.49973,0,0.146462
0.235,0.345,16.9102,2.53823,-1.02867,109.708,0.487902,-1.49973,0,0.146462
0.235,0.355,16.8501,2.48964,-0.910088,107.017,0.487902,-1.49973,0,0.146462
0.235,0.365,16.7884,2.4417,-0.791654,104.401,0.487902,-1.49973,0,0.146462
0.235,0.375,16.7258,2.39438,-0.67344,101.862,0.487902,-1.49973,0,0.146462
0.235,0.385,16.6629,2.3476,-0.555538,99.4058,0.487902,-1.49973,0,0.146462
0.235,0.395,16.6008,2.30131,-0.438071,97.0375,0.487902,-1.49973,0,0.146462
0.235,0.405,16.5408,2.25541,-0.321202,94.7648,0.487902,-1.49973,0,0.146462
0.235,0.415,16.4845,2.20979,-0.205148,92.5973,0.487902,-1.49973,0,0.146462
0.235,0.425,16.4343,2.16424,-0.0901801,90.5476,0.487902,-1.49973,0,0.146462
0.235,0.435,16.4076,2.1155,0.0238402,88.6527,0.487902,-1.49973,0,0.146462
0.235,0.445,16.4046,2.06345,0.136768,86.8827,0.487902,-1.49973,0,0.146462
0.235,0.455,16.4153,2.0108,0.247549,85.2777,0.487902,-1.49973,0,0.146462
0.235,0.465,16.4456,1.95698,0.355088,83.8835,0.487902,-1.49973,0,0.146462
0.235,0.475,16.5003,1.90162,0.458475,82.737,0.487902,-1.49973,0,0.146462
0.235,0.485,16.5854,1.84426,0.556723,81.8794,0.487902,-1.49973,0,0.146462
0.235,0.495,16.7079,1.78433,0.648808,81.3551,0.487902,-1.49973,0,0.146462
0.235,0.505,16.8757,1.72121,0.73377,81.2084,0.487902,-1.49973,0,0.146462
0.235,0.515,17.0955,1.65423,0.810864,81.4776,0.487902,-1.49973,0,0.146462
0.235,0.525,17.3719,1.58272,0.879727,82.1877,0.487902,-1.49973,0,0.146462
0.235,0.535,17.7053,1.5061,0.940504,83.3438,0.487902,-1.49973,0,0.146462
0.235,0.545,18.0911,1.4239,0.993854,84.9287,0.487902,-1.49973,0,0.146462
0.235,0.555,18.5184,1.33578,1.04079,86.905,0.487902,-1.49973,0,0.146462
0.235,0.565,18.9684,1.24154,1.08245,89.2222,0.487902,-1.49973,0,0.146462
0.235,0.575,19.4095,1.14115,1.11986,91.8211,0.487902,-1.49973,0,0.146462
0.235,0.585,19.7885,1.0346,1.15381,94.6357,0.487902,-1.49973,0,0.146462
0.235,0.595,20.0159,0.921307,1.18489,97.5902,0.487902,-1.49973,0,0.146462
0.235,0.605,19.9538,0.798241,1.21373,100.596,0.487902,-1.49973,0,0.146462
0.235,0.615,19.4192,0.655777,1.24154,103.555,0.487902,-1.49973,0,0.146462
0.235,0.625,18.2263,0.469807,1.27126,106.381,0.487902,-1.49973,0,0.146462
0.235,0.635,16.2868,0.187411,1.30965,109.04,0.487902,-1.49973,0,0.146462
0.235,0.645,13.7426,-0.297544,1.37137,111.605,0.487902,-1.49973,0,0.146462
0.235,0.655,11.0696,-1.17352,1.48455,114.247,0.487902,-1.49973,0,0.146462
0.235,0.665,8.95441,-2.68473,1.68759,116.96,0.487902,-1.49973,0,0.146462
0.235,0.675,7.90335,-4.91563,1.99426,119.089,0.487902,-1.49973,0,0.146462
0.235,0.685,8.12573,-7.51328,2.34603,120.089,0.487902,-1.49973,0,0.146462
0.235,0.695,9.77258,-9.90006,2.63989,119.717,0.487902,-1.49973,0,0.146462
0.235,0.705,13.1637,-11.7258,2.80495,117.666,0.487902,-1.49973,0,0.146462
0.235,0.715,18.7852,-12.9663,2.84249,113.362,0.487902,-1.49973,0,0.146462
0.235,0.725,27.2285,-13.7508,2.80247,107.229,0.487902,-1.49973,0,0.146462
0.235,0.735,39.2009,-14.2242,2.74811,101.217,0.487902,-1.49973,0,0.146462
0.235,0.745,55.6204,-14.5033,2.71625,97.3969,0.487902,-1.49973,0,0.146462
0.235,0.755,77.3892,-14.6693,2.70586,96.1,0.487902,-1.49973,0,0.146462
0.235,0.765,104.656,-14.7727,2.70021,95.7546,0.487902,-1.49973,0,0.146462
0.235,0.775,136.33,-14.8411,2.68732,94.5649,0.487902,-1.49973,0,0.146462
0.235,0.785,170.432,-14.8884,2.66608,91.9206,0.487902,-1.49973,0,0.146462
0.235,0.795,205.134,-14.922,2.6427,88.651,0.487902,-1.49973,0,0.146462
0.235,0.805,239.714,-14.9455,2.6251,86.2889,0.487902,-1.49973,0,0.146462
0.235,0.815,274.686,-14.9618,2.61871,86.1056,0.487902,-1.49973,0,0.146462
0.235,0.825,311.146,-14.9728,2.62479,88.6161,0.487902,-1.49973,0,0.146462
0.235,0.835,349.995,-14.9802,2.64126,93.6639,0.487902,-1.49973,0,0.146462
0.235,0.845,391.525,-14.9851,2.6647,100.752,0.487902,-1.49973,0,0.146462
0.235,0.855,435.436,-14.9886,2.69185,109.318,0.487902,-1.49973,0,0.146462
0.235,0.865,481.047,-14.9911,2.72035,118.865,0.487902,-1.49973,0,0.146462
0.235,0.875,527.512,-14.9929,2.7487,129.001,0.487902,-1.49973,0,0.146462
0.235,0.885,573.967,-14.9944,2.77605,139.418,0.487902,-1.49973,0,0.146462
0.235,0.895,619.61,-14.9956,2.80193,149.881,0.487902,-1.49973,0,0.146462
0.235,0.905,663.735,-14.9965,2.82611,160.199,0.487902,-1.49973,0,0.146462
0.235,0.915,705.747,-14.9972,2.84848,170.221,0.487902,-1.49973,0,0.146462
0.235,0.925,745.171,-14.9978,2.86901,179.819,0.487902,-1.49973,0,0.146462
0.235,0.935,781.645,-14.9983,2.88769,188.89,0.487902,-1.49973,0,0.146462
0.235,0.945,814.924,-14.9987,2.90456,197.352,0.487902,-1.49973,0,0.146462
0.235,0.955,844.873,-14.999,2.91965,205.143,0.487902,-1.49973,0,0.146462
0.235,0.965,871.456,-14.9993,2.93302,212.22,0.487902,-1.49973,0,0.146462
0.235,0.975,894.728,-14.9995,2.94476,218.561,0.487902,-1.49973,0,0.146462
0.235,0.985,914.821,-14.9996,2.95495,224.164,0.487902,-1.49973,0,0.146462
0.235,0.995,931.927,-14.9997,2.96369,229.043,0.487902,-1.49973,0,0.146462
0.245,0.005,17.3524,4.49843,-5.16835,220.947,0.43914,-1.43218,0,0.126388
0.245,0.015,17.323,4.4536,-5.04157,217.289,0.43914,-1.43218,0,0.126388
0.245,0.025,17.2969,4.40716,-4.91489,213.628,0.43914,-1.43218,0,0.126388
0.245,0.035,17.2741,4.35913,-4.78837,209.969,0.43914,-1.43218,0,0.126388
0.245,0.045,17.2545,4.30954,-4.662,206.318,0.43914,-1.43218,0,0.126388
0.245,0.055,17.238,4.2584,-4.53586,202.678,0.43914,-1.43218,0,0.126388
0.245,0.065,17.2246,4.20572,-4.40998,199.058,0.43914,-1.43218,0,0.126388
0.245,0.075,17.2142,4.15151,-4.28438,195.463,0.43914,-1.43218,0,0.126388
0.245,0.085,17.2071,4.09575,-4.15909,191.9,0.43914,-1.43218,0,0.126388
0.245,0.095,17.2031,4.03843,-4.03408,188.377,0.43914,-1.43218,0,0.126388
0.245,0.105,17.2032,3.9795,-3.90908,184.911,0.43914,-1.43218,0,0.126388
0.245,0.115,17.2071,3.91948,-3.78371,181.503,0.43914,-1.43218,0,0.126388
0.245,0.125,17.21,3.85907,-3.6586,178.089,0.43914,-1.43218,0,0.126388
0.245,0.135,17.2109,3.79863,-3.5338,174.659,0.43914,-1.43218,0,0.126388
0.245,0.145,17.2088,3.73847,-3.40929,171.208,0.43914,-1.43218,0,0.126388
0.245,0.155,17.2022,3.67896,-3.28523,167.726,0.43914,-1.43218,0,0.126388
0.245,0.165,17.191,3.62012,-3.16185,164.217,0.43914,-1.43218,0,0.126388
0.245,0.175,17.1769,3.56157,-3.03907,160.712,0.43914,-1.43218,0,0.126388
0.245,0.185,17.1604,3.50322,-2.9168,157.229,0.43914,-1.43218,0,0.126388
0.245,0.195,17.1418,3.44509,-2.79497,153.774,0.43914,-1.43218,0,0.126388
0.245,0.205,17.1212,3.38723,-2.67354,150.353,0.43914,-1.43218,0,0.126388
0.245,0.215,17.0982,3.32972,-2.55247,146.97,0.43914,-1.43218,0,0.126388
0.245,0.225,17.0728,3.27266,-2.43173,143.626,0.43914,-1.43218,0,0.126388
0.245,0.235,17.0448,3.21609,-2.3113,140.324,0.43914,-1.43218,0,0.126388
0.245,0.245,17.0141,3.16008,-2.19114,137.067,0.43914,-1.43218,0,0.126388
0.245,0.255,16.9807,3.10468,-2.07124,133.858,0.43914,-1.43218,0,0.126388
0.245,0.265,16.9445,3.04992,-1.95155,130.7,0.43914,-1.43218,0,0.126388
0.245,0.275,16.9056,2.99585,-1.83205,127.595,0.43914,-1.43218,0,0.126388
0.245,0.285,16.8639,2.9425,-1.71269,124.545,0.43914,-1.43218,0,0.126388
0.245,0.295,16.8195,2.88987,-1.59346,121.552,0.43914,-1.43218,0,0.126388
0.245,0.305,16.7725,2.83799,-1.47432,118.618,0.43914,-1.43218,0,0.126388
0.245,0.315,16.7228,2.78686,-1.35526,115.746,0.43914,-1.43218,0,0.126388
0.245,0.325,16.6707,2.73646,-1.23628,112.937,0.43914,-1.43218,0,0.126388
0.245,0.335,16.6164,2.68677,-1.11738,110.193,0.43914,-1.43218,0,0.126388
0.245,0.345,16.5599,2.63779,-0.99857,107.515,0.43914,-1.43218,0,0.126388
0.245,0.355,16.5018,2.58946,-0.879894,104.907,0.43914,-1.43218,0,0.126388
0.245,0.365,16.4424,2.54174,-0.761398,102.371,0.43914,-1.43218,0,0.126388
0.245,0.375,16.3822,2.4946,-0.643156,99.911,0.43914,-1.43218,0,0.126388
0.245,0.385,16.3221,2.44796,-0.525266,97.5316,0.43914,-1.43218,0,0.126388
0.245,0.395,16.2631,2.40175,-0.40786,95.2389,0.43914,-1.43218,0,0.126388
0.245,0.405,16.2065,2.35588,-0.291114,93.0408,0.43914,-1.43218,0,0.126388
0.245,0.415,16.154,2.31022,-0.175261,90.9472,0.43914,-1.43218,0,0.126388
0.245,0.425,16.1088,2.2644,-0.0605657,88.9726,0.43914,-1.43218,0,0.126388
0.245,0.435,16.0936,2.21393,0.0532343,87.1554,0.43914,-1.43218,0,0.126388
0.245,0.445,16.0941,2.16165,0.16577,85.4536,0.43914,-1.43218,0,0.126388
0.245,0.455,16.1098,2.10851,0.275776,83.9273,0.43914,-1.43218,0,0.126388
0.245,0.465,16.1458,2.05409,0.382301,82.6157,0.43914,-1.43218,0,0.126388
0.245,0.475,16.2069,1.998,0.484416,81.5559,0.43914,-1.43218,0,0.126388
0.245,0.485,16.2993,1.93975,0.581118,80.7896,0.43914,-1.43218,0,0.126388
0.245,0.495,16.4303,1.87879,0.671382,80.3608,0.43914,-1.43218,0,0.126388
0.245,0.505,16.6074,1.81447,0.754283,80.3124,0.43914,-1.43218,0,0.126388
0.245,0.515,16.8368,1.74614,0.829151,80.6797,0.43914,-1.43218,0,0.126388
0.245,0.525,17.1224,1.67316,0.895737,81.4829,0.43914,-1.43218,0,0.126388
0.245,0.535,17.4635,1.595,0.95432,82.7217,0.43914,-1.43218,0,0.126388
0.245,0.545,17.8546,1.51121,1.00566,84.3739,0.43914,-1.43218,0,0.126388
0.245,0.555,18.2841,1.4215,1.05084,86.3991,0.43914,-1.43218,0,0.126388
0.245,0.565,18.7326,1.3257,1.09097,88.7455,0.43914,-1.43218,0,0.126388
0.245,0.575,19.168,1.22377,1.12703,91.3547,0.43914,-1.43218,0,0.126388
0.245,0.585,19.5354,1.11574,1.15973,94.162,0.43914,-1.43218,0,0.126388
0.245,0.595,19.7424,1.00097,1.18961,97.0928,0.43914,-1.43218,0,0.126388
0.245,0.605,19.6472,0.876086,1.21729,100.06,0.43914,-1.43218,0,0.126388
0.245,0.615,19.0636,0.73054,1.2441,102.968,0.43914,-1.43218,0,0.126388
0.245,0.625,17.809,0.538055,1.27328,105.735,0.43914,-1.43218,0,0.126388
0.245,0.635,15.8115,0.241252,1.31235,108.339,0.43914,-1.43218,0,0.126388
0.245,0.645,13.2477,-0.274083,1.37741,110.866,0.43914,-1.43218,0,0.126388
0.245,0.655,10.6269,-1.2063,1.49841,113.479,0.43914,-1.43218,0,0.126388
0.245,0.665,8.62935,-2.79622,1.71311,116.107,0.43914,-1.43218,0,0.126388
0.245,0.675,7.7112,-5.08963,2.028,118.03,0.43914,-1.43218,0,0.126388
0.245,0.685,8.04449,-7.69228,2.37551,118.789,0.43914,-1.43218,0,0.126388
0.245,0.695,9.77328,-10.0393,2.65394,118.169,0.43914,-1.43218,0,0.126388
0.245,0.705,13.2153,-11.8178,2.80143,115.809,0.43914,-1.43218,0,0.126388
0.245,0.715,18.8454,-13.0222,2.82676,111.191,0.43914,-1.43218,0,0.126388
0.245,0.725,27.2551,-13.7827,2.78291,105.003,0.43914,-1.43218,0,0.126388
0.245,0.735,39.1898,-14.241,2.73233,99.3742,0.43914,-1.43218,0,0.126388
0.245,0.745,55.6328,-14.5111,2.70742,96.2382,0.43914,-1.43218,0,0.126388
0.245,0.755,77.509,-14.6726,2.70276,95.5875,0.43914,-1.43218,0,0.126388
0.245,0.765,104.915,-14.7741,2.69992,95.6194,0.43914,-1.43218,0,0.126388
0.245,0.775,136.669,-14.8418,2.68749,94.5063,0.43914,-1.43218,0,0.126388
0.245,0.785,170.719,-14.889,2.66556,91.7455,0.43914,-1.43218,0,0.126388
0.245,0.795,205.248,-14.9225,2.64132,88.3173,0.43914,-1.43218,0,0.126388
0.245,0.805,239.61,-14.946,2.62323,85.8622,0.43914,-1.43218,0,0.126388
0.245,0.815,274.407,-14.9622,2.61685,85.6795,0.43914,-1.43218,0,0.126388
0.245,0.825,310.785,-14.9731,2.62327,88.2559,0.43914,-1.43218,0,0.126388
0.245,0.835,349.639,-14.9803,2.64018,93.3933,0.43914,-1.43218,0,0.126388
0.245,0.845,391.227,-14.9852,2.664,100.565,0.43914,-1.43218,0,0.126388
0.245,0.855,435.214,-14.9886,2.69143,109.197,0.43914,-1.43218,0,0.126388
0.245,0.865,480.896,-14.9911,2.72011,118.792,0.43914,-1.43218,0,0.126388
0.245,0.875,527.416,-14.993,2.74857,128.958,0.43914,-1.43218,0,0.126388
0.245,0.885,573.909,-14.9944,2.77598,139.394,0.43914,-1.43218,0,0.126388
0.245,0.895,619.577,-14.9956,2.80189,149.867,0.43914,-1.43218,0,0.126388
0.245,0.905,663.716,-14.9965,2.82609,160.192,0.43914,-1.43218,0,0.126388
0.245,0.915,705.738,-14.9972,2.84847,170.218,0.43914,-1.43218,0,0.126388
0.245,0.925,745.166,-14.9978,2.869,179.817,0.43914,-1.43218,0,0.126388
0.245,0.935,781.642,-14.9983,2.88769,188.89,0.43914,-1.43218,0,0.126388
0.245,0.945,814.923,-14.9987,2.90456,197.352,0.43914,-1.43218,0,0.126388
0.245,0.955,844.872,-14.999,2.91965,205.142,0.43914,-1.43218,0,0.126388
0.245,0.965,871.456,-14.9993,2.93302,212.22,0.43914,-1.43218,0,0.126388
0.245,0.975,894.728,-14.9995,2.94476,218.561,0.43914,-1.43218,0,0.126388
0.245,0.985,914.821,-14.9996,2.95495,224.164,0.43914,-1.43218,0,0.126388
0.245,0.995,931.927,-14.9997,2.96369,229.043,0.43914,-1.43218,0,0.126388
0.255,0.005,17.0435,4.58556,-5.13904,215.454,0.394357,-1.36463,0,0.108719
0.255,0.015,17.0102,4.5414,-5.01243,211.849,0.394357,-1.36463,0,0.108719
0.255,0.025,16.9798,4.49572,-4.88593,208.239,0.394357,-1.36463,0,0.108719
0.255,0.035,16.9522,4.44857,-4.75958,204.627,0.394357,-1.36463,0,0.108719
0.255,0.045,16.9269,4.40004,-4.63341,201.013,0.394357,-1.36463,0,0.108719
0.255,0.055,16.9038,4.35018,-4.50745,197.4,0.394357,-1.36463,0,0.108719
0.255,0.065,16.8825,4.2991,-4.38174,193.79,0.394357,-1.36463,0,0.108719
0.255,0.075,16.8627,4.24684,-4.25632,190.183,0.394357,-1.36463,0,0.108719
0.255,0.085,16.8439,4.19349,-4.13119,186.583,0.394357,-1.36463,0,0.108719
0.255,0.095,16.826,4.13908,-4.00637,182.992,0.394357,-1.36463,0,0.108719
0.255,0.105,16.8099,4.08362,-3.88157,179.433,0.394357,-1.36463,0,0.108719
0.255,0.115,16.7971,4.02717,-3.75654,175.931,0.394357,-1.36463,0,0.108719
0.255,0.125,16.7854,3.96988,-3.6319,172.459,0.394357,-1.36463,0,0.108719
0.255,0.135,16.7751,3.91175,-3.50775,169.029,0.394357,-1.36463,0,0.108719
0.255,0.145,16.7672,3.8527,-3.38408,165.655,0.394357,-1.36463,0,0.108719
0.255,0.155,16.7628,3.7925,-3.26079,162.36,0.394357,-1.36463,0,0.108719
0.255,0.165,16.7615,3.73137,-3.13772,159.137,0.394357,-1.36463,0,0.108719
0.255,0.175,16.7604,3.66993,-3.01493,155.955,0.394357,-1.36463,0,0.108719
0.255,0.185,16.7579,3.60861,-2.89239,152.794,0.394357,-1.36463,0,0.108719
0.255,0.195,16.7525,3.54776,-2.77005,149.643,0.394357,-1.36463,0,0.108719
0.255,0.205,16.7426,3.48787,-2.6479,146.487,0.394357,-1.36463,0,0.108719
0.255,0.215,16.7266,3.4293,-2.52618,143.312,0.394357,-1.36463,0,0.108719
0.255,0.225,16.7059,3.37171,-2.40495,140.142,0.394357,-1.36463,0,0.108719
0.255,0.235,16.6812,3.31493,-2.28413,136.993,0.394357,-1.36463,0,0.108719
0.255,0.245,16.6532,3.25888,-2.16366,133.874,0.394357,-1.36463,0,0.108719
0.255,0.255,16.6221,3.20353,-2.04349,130.795,0.394357,-1.36463,0,0.108719
0.255,0.265,16.5881,3.14887,-1.92355,127.76,0.394357,-1.36463,0,0.108719
0.255,0.275,16.5513,3.09494,-1.80381,124.772,0.394357,-1.36463,0,0.108719
0.255,0.285,16.5116,3.04174,-1.68421,121.834,0.394357,-1.36463,0,0.108719
0.255,0.295,16.4692,2.9893,-1.56475,118.948,0.394357,-1.36463,0,0.108719
0.255,0.305,16.4241,2.93761,-1.44539,116.117,0.394357,-1.36463,0,0.108719
0.255,0.315,16.3765,2.88667,-1.32614,113.342,0.394357,-1.36463,0,0.108719
0.255,0.325,16.3265,2.83647,-1.20697,110.627,0.394357,-1.36463,0,0.108719
0.255,0.335,16.2742,2.78696,-1.0879,107.973,0.394357,-1.36463,0,0.108719
0.255,0.345,16.22,2.73814,-0.968961,105.382,0.394357,-1.36463,0,0.108719
0.255,0.355,16.1642,2.68995,-0.850177,102.857,0.394357,-1.36463,0,0.108719
0.255,0.365,16.1073,2.64234,-0.731605,100.402,0.394357,-1.36463,0,0.108719
0.255,0.375,16.0498,2.59528,-0.613324,98.0202,0.394357,-1.36463,0,0.108719
0.255,0.385,15.9926,2.54869,-0.49544,95.717,0.394357,-1.36463,0,0.108719
0.255,0.395,15.9368,2.50248,-0.378098,93.4989,0.394357,-1.36463,0,0.108719
0.255,0.405,15.8836,2.45656,-0.261487,91.3742,0.394357,-1.36463,0,0.108719
0.255,0.415,15.8351,2.41076,-0.145857,89.3536,0.394357,-1.36463,0,0.108719
0.255,0.425,15.797,2.36415,-0.031378,87.457,0.394357,-1.36463,0,0.108719
0.255,0.435,15.7894,2.31246,0.0821633,85.7035,0.394357,-1.36463,0,0.108719
0.255,0.445,15.7941,2.25978,0.19418,84.074,0.394357,-1.36463,0,0.108719
0.255,0.455,15.8149,2.20608,0.303368,82.626,0.394357,-1.36463,0,0.108719
0.255,0.465,15.8564,2.151,0.408823,81.3958,0.394357,-1.36463,0,0.108719
0.255,0.475,15.9238,2.09412,0.509601,80.4215,0.394357,-1.36463,0,0.108719
0.255,0.485,16.0235,2.03494,0.604687,79.745,0.394357,-1.36463,0,0.108719
0.255,0.495,16.1628,1.97289,0.693066,79.41,0.394357,-1.36463,0,0.108719
0.255,0.505,16.3489,1.90732,0.773858,79.4577,0.394357,-1.36463,0,0.108719
0.255,0.515,16.5877,1.8376,0.846477,79.9198,0.394357,-1.36463,0,0.108719
0.255,0.525,16.8818,1.76314,0.910798,80.8117,0.394357,-1.36463,0,0.108719
0.255,0.535,17.2298,1.68341,0.967225,82.1279,0.394357,-1.36463,0,0.108719
0.255,0.545,17.6252,1.59803,1.01662,83.8414,0.394357,-1.36463,0,0.108719
0.255,0.555,18.0559,1.50672,1.06009,85.9093,0.394357,-1.36463,0,0.108719
0.255,0.565,18.502,1.40933,1.09875,88.2793,0.394357,-1.36463,0,0.108719
0.255,0.575,18.9306,1.30586,1.13349,90.8939,0.394357,-1.36463,0,0.108719
0.255,0.585,19.2852,1.19633,1.16497,93.6896,0.394357,-1.36463,0,0.108719
0.255,0.595,19.4702,1.08003,1.19366,96.5928,0.394357,-1.36463,0,0.108719
0.255,0.605,19.3394,0.95322,1.2202,99.5174,0.394357,-1.36463,0,0.108719
0.255,0.615,18.704,0.804286,1.24604,102.371,0.394357,-1.36463,0,0.108719
0.255,0.625,17.3857,0.604534,1.2748,105.079,0.394357,-1.36463,0,0.108719
0.255,0.635,15.3316,0.291686,1.31485,107.629,0.394357,-1.36463,0,0.108719
0.255,0.645,12.7541,-0.257085,1.38381,110.119,0.394357,-1.36463,0,0.108719
0.255,0.655,10.1949,-1.24959,1.5134,112.698,0.394357,-1.36463,0,0.108719
0.255,0.665,8.32071,-2.9195,1.74,115.222,0.394357,-1.36463,0,0.108719
0.255,0.675,7.53404,-5.26985,2.06179,116.928,0.394357,-1.36463,0,0.108719
0.255,0.685,7.97325,-7.87009,2.40305,117.448,0.394357,-1.36463,0,0.108719
0.255,0.695,9.77779,-10.1744,2.66503,116.579,0.394357,-1.36463,0,0.108719
0.255,0.705,13.2632,-11.9061,2.79519,113.911,0.394357,-1.36463,0,0.108719
0.255,0.715,18.8941,-13.0755,2.80931,109.011,0.394357,-1.36463,0,0.108719
0.255,0.725,27.2673,-13.8128,2.76293,102.835,0.394357,-1.36463,0,0.108719
0.255,0.735,39.1716,-14.2565,2.71717,97.6572,0.394357,-1.36463,0,0.108719
0.255,0.745,55.653,-14.5182,2.6996,95.2281,0.394357,-1.36463,0,0.108719
0.255,0.755,77.6502,-14.6755,2.7005,95.2003,0.394357,-1.36463,0,0.108719
0.255,0.765,105.201,-14.7752,2.70012,95.5652,0.394357,-1.36463,0,0.108719
0.255,0.775,137.026,-14.8424,2.68786,94.4841,0.394357,-1.36463,0,0.108719
0.255,0.785,171.012,-14.8895,2.66505,91.5749,0.394357,-1.36463,0,0.108719
0.255,0.795,205.354,-14.923,2.63988,87.9732,0.394357,-1.36463,0,0.108719
0.255,0.805,239.49,-14.9465,2.62131,85.4239,0.394357,-1.36463,0,0.108719
0.255,0.815,274.114,-14.9626,2.61496,85.2472,0.394357,-1.36463,0,0.108719
0.255,0.825,310.416,-14.9733,2.62174,87.8954,0.394357,-1.36463,0,0.108719
0.255,0.835,349.282,-14.9805,2.63911,93.1259,0.394357,-1.36463,0,0.108719
0.255,0.845,390.933,-14.9853,2.66332,100.383,0.394357,-1.36463,0,0.108719
0.255,0.855,434.999,-14.9887,2.69103,109.081,0.394357,-1.36463,0,0.108719
0.255,0.865,480.75,-14.9911,2.71989,118.722,0.394357,-1.36463,0,0.108719
0.255,0.875,527.324,-14.993,2.74846,128.917,0.394357,-1.36463,0,0.108719
0.255,0.885,573.855,-14.9944,2.77592,139.371,0.394357,-1.36463,0,0.108719
0.255,0.895,619.546,-14.9956,2.80186,149.855,0.394357,-1.36463,0,0.108719
0.255,0.905,663.7,-14.9965,2.82608,160.186,0.394357,-1.36463,0,0.108719
0.255,0.915,705.729,-14.9972,2.84846,170.214,0.394357,-1.36463,0,0.108719
0.255,0.925,745.161,-14.9978,2.869,179.816,0.394357,-1.36463,0,0.108719
0.255,0.935,781.64,-14.9983,2.88769,188.889,0.394357,-1.36463,0,0.108719
0.255,0.945,814.922,-14.9987,2.90455,197.351,0.394357,-1.36463,0,0.108719
0.255,0.955,844.871,-14.999,2.91965,205.142,0.394357,-1.36463,0,0.108719
0.255,0.965,871.455,-14.9993,2.93302,212.219,0.394357,-1.36463,0,0.108719
0.255,0.975,894.728,-14.9995,2.94476,218.561,0.394357,-1.36463,0,0.108719
0.255,0.985,914.821,-14.9996,2.95495,224.164,0.394357,-1.36463,0,0.108719
0.255,0.995,931.927,-14.9997,2.96369,229.043,0.394357,-1.36463,0,0.108719
0.265,0.005,16.7607,4.66846,-5.11016,210.464,0.353305,-1.29709,0,0.0932115
0.265,0.015,16.7245,4.6248,-4.98371,206.922,0.353305,-1.29709,0,0.0932115
0.265,0.025,16.6911,4.57967,-4.85737,203.376,0.353305,-1.29709,0,0.0932115
0.265,0.035,16.6601,4.53314,-4.73118,199.826,0.353305,-1.29709,0,0.0932115
0.265,0.045,16.6314,4.48528,-4.60516,196.274,0.353305,-1.29709,0,0.0932115
0.265,0.055,16.6046,4.43616,-4.47936,192.723,0.353305,-1.29709,0,0.0932115
0.265,0.065,16.5793,4.38586,-4.35381,189.174,0.353305,-1.29709,0,0.0932115
0.265,0.075,16.5554,4.33444,-4.22852,185.629,0.353305,-1.29709,0,0.0932115
0.265,0.085,16.5323,4.28197,-4.10353,182.091,0.353305,-1.29709,0,0.0932115
0.265,0.095,16.51,4.22848,-3.97884,178.561,0.353305,-1.29709,0,0.0932115
0.265,0.105,16.4897,4.17402,-3.85408,175.067,0.353305,-1.29709,0,0.0932115
0.265,0.115,16.4716,4.11876,-3.72923,171.617,0.353305,-1.29709,0,0.0932115
0.265,0.125,16.4538,4.0629,-3.60474,168.186,0.353305,-1.29709,0,0.0932115
0.265,0.135,16.4359,4.00657,-3.48067,164.777,0.353305,-1.29709,0,0.0932115
0.265,0.145,16.4176,3.94992,-3.35703,161.389,0.353305,-1.29709,0,0.0932115
0.265,0.155,16.3985,3.89305,-3.23378,158.025,0.353305,-1.29709,0,0.0932115
0.265,0.165,16.3788,3.83604,-3.11084,154.69,0.353305,-1.29709,0,0.0932115
0.265,0.175,16.3584,3.77893,-2.98824,151.389,0.353305,-1.29709,0,0.0932115
0.265,0.185,16.3376,3.72171,-2.86603,148.131,0.353305,-1.29709,0,0.0932115
0.265,0.195,16.3172,3.66429,-2.74426,144.928,0.353305,-1.29709,0,0.0932115
0.265,0.205,16.2987,3.60636,-2.62291,141.803,0.353305,-1.29709,0,0.0932115
0.265,0.215,16.2836,3.54767,-2.5018,138.775,0.353305,-1.29709,0,0.0932115
0.265,0.225,16.2702,3.48867,-2.38088,135.823,0.353305,-1.29709,0,0.0932115
0.265,0.235,16.2569,3.4297,-2.26013,132.932,0.353305,-1.29709,0,0.0932115
0.265,0.245,16.2425,3.37104,-2.13947,130.089,0.353305,-1.29709,0,0.0932115
0.265,0.255,16.2255,3.31305,-2.01883,127.28,0.353305,-1.29709,0,0.0932115
0.265,0.265,16.2035,3.25631,-1.89822,124.483,0.353305,-1.29709,0,0.0932115
0.265,0.275,16.1763,3.20092,-1.77779,121.698,0.353305,-1.29709,0,0.0932115
0.265,0.285,16.1444,3.1467,-1.65759,118.935,0.353305,-1.29709,0,0.0932115
0.265,0.295,16.1084,3.09353,-1.53761,116.204,0.353305,-1.29709,0,0.0932115
0.265,0.305,16.0688,3.04131,-1.41781,113.512,0.353305,-1.29709,0,0.0932115
0.265,0.315,16.0261,2.98995,-1.29817,110.864,0.353305,-1.29709,0,0.0932115
0.265,0.325,15.9806,2.93941,-1.17869,108.267,0.353305,-1.29709,0,0.0932115
0.265,0.335,15.9327,2.88962,-1.05936,105.722,0.353305,-1.29709,0,0.0932115
0.265,0.345,15.8825,2.84055,-0.940195,103.235,0.353305,-1.29709,0,0.0932115
0.265,0.355,15.8306,2.79214,-0.821227,100.807,0.353305,-1.29709,0,0.0932115
0.265,0.365,15.7775,2.74435,-0.702515,98.4433,0.353305,-1.29709,0,0.0932115
0.265,0.375,15.7237,2.69711,-0.584144,96.1482,0.353305,-1.29709,0,0.0932115
0.265,0.385,15.6703,2.65033,-0.466229,93.9276,0.353305,-1.29709,0,0.0932115
0.265,0.395,15.6183,2.60393,-0.348926,91.7889,0.353305,-1.29709,0,0.0932115
0.265,0.405,15.5691,2.55778,-0.232436,89.7411,0.353305,-1.29709,0,0.0932115
0.265,0.415,15.5249,2.51169,-0.117018,87.7956,0.353305,-1.29709,0,0.0932115
0.265,0.425,15.4959,2.46375,-0.00270655,85.9794,0.353305,-1.29709,0,0.0932115
0.265,0.435,15.4938,2.41117,0.110553,84.2887,0.353305,-1.29709,0,0.0932115
0.265,0.445,15.503,2.35796,0.221956,82.7333,0.353305,-1.29709,0,0.0932115
0.265,0.455,15.5288,2.30362,0.330273,81.3637,0.353305,-1.29709,0,0.0932115
0.265,0.465,15.576,2.24779,0.434607,80.2153,0.353305,-1.29709,0,0.0932115
0.265,0.475,15.6498,2.19005,0.533991,79.3264,0.353305,-1.29709,0,0.0932115
0.265,0.485,15.7569,2.12987,0.627402,78.7394,0.353305,-1.29709,0,0.0932115
0.265,0.495,15.9045,2.06666,0.713843,78.4973,0.353305,-1.29709,0,0.0932115
0.265,0.505,16.0995,1.9998,0.792486,78.6391,0.353305,-1.29709,0,0.0932115
0.265,0.515,16.3471,1.92866,0.862845,79.1931,0.353305,-1.29709,0,0.0932115
0.265,0.525,16.6492,1.85267,0.924919,80.1698,0.353305,-1.29709,0,0.0932115
0.265,0.535,17.0032,1.77135,0.979236,81.5583,0.353305,-1.29709,0,0.0932115
0.265,0.545,17.4021,1.68436,1.02674,83.3275,0.353305,-1.29709,0,0.0932115
0.265,0.555,17.8331,1.59144,1.06857,85.4327,0.353305,-1.29709,0,0.0932115
0.265,0.565,18.276,1.49244,1.10579,87.8214,0.353305,-1.29709,0,0.0932115
0.265,0.575,18.6969,1.3874,1.13925,90.4371,0.353305,-1.29709,0,0.0932115
0.265,0.585,19.0375,1.27635,1.16951,93.2173,0.353305,-1.29709,0,0.0932115
0.265,0.595,19.1988,1.15847,1.19702,96.0894,0.353305,-1.29709,0,0.0932115
0.265,0.605,19.03,1.0296,1.22242,98.9686,0.353305,-1.29709,0,0.0932115
0.265,0.615,18.3398,0.876921,1.24734,101.766,0.353305,-1.29709,0,0.0932115
0.265,0.625,16.9561,0.669045,1.27583,104.413,0.353305,-1.29709,0,0.0932115
0.265,0.635,14.8472,0.338312,1.31717,106.909,0.353305,-1.29709,0,0.0932115
0.265,0.645,12.2629,-0.247221,1.39067,109.363,0.353305,-1.29709,0,0.0932115
0.265,0.655,9.77506,-1.30406,1.52964,111.902,0.353305,-1.29709,0,0.0932115
0.265,0.665,8.02907,-3.05437,1.76818,114.305,0.353305,-1.29709,0,0.0932115
0.265,0.675,7.37159,-5.45519,2.09533,115.783,0.353305,-1.29709,0,0.0932115
0.265,0.685,7.91128,-8.04583,2.42836,116.067,0.353305,-1.29709,0,0.0932115
0.265,0.695,9.78512,-10.305,2.67305,114.949,0.353305,-1.29709,0,0.0932115
0.265,0.705,13.3064,-11.9906,2.7863,111.977,0.353305,-1.29709,0,0.0932115
0.265,0.715,18.931,-13.1262,2.79029,106.831,0.353305,-1.29709,0,0.0932115
0.265,0.725,27.2662,-13.8411,2.74272,100.739,0.353305,-1.29709,0,0.0932115
0.265,0.735,39.1488,-14.2706,2.70278,96.0743,0.353305,-1.29709,0,0.0932115
0.265,0.745,55.6836,-14.5244,2.69283,94.3665,0.353305,-1.29709,0,0.0932115
0.265,0.755,77.8141,-14.6779,2.69906,94.9336,0.353305,-1.29709,0,0.0932115
0.265,0.765,105.511,-14.7762,2.70079,95.5853,0.353305,-1.29709,0,0.0932115
0.265,0.775,137.4,-14.8429,2.6884,94.4924,0.353305,-1.29709,0,0.0932115
0.265,0.785,171.307,-14.89,2.66455,91.4042,0.353305,-1.29709,0,0.0932115
0.265,0.795,205.449,-14.9235,2.63837,87.6161,0.353305,-1.29709,0,0.0932115
0.265,0.805,239.354,-14.9469,2.61931,84.9732,0.353305,-1.29709,0,0.0932115
0.265,0.815,273.807,-14.9629,2.61303,84.8089,0.353305,-1.29709,0,0.0932115
0.265,0.825,310.041,-14.9736,2.62021,87.5349,0.353305,-1.29709,0,0.0932115
0.265,0.835,348.926,-14.9807,2.63805,92.8621,0.353305,-1.29709,0,0.0932115
0.265,0.845,390.645,-14.9854,2.66266,100.206,0.353305,-1.29709,0,0.0932115
0.265,0.855,434.789,-14.9888,2.69065,108.969,0.353305,-1.29709,0,0.0932115
0.265,0.865,480.611,-14.9912,2.71968,118.655,0.353305,-1.29709,0,0.0932115
0.265,0.875,527.238,-14.993,2.74834,128.879,0.353305,-1.29709,0,0.0932115
0.265,0.885,573.804,-14.9944,2.77586,139.35,0.353305,-1.29709,0,0.0932115
0.265,0.895,619.517,-14.9956,2.80183,149.844,0.353305,-1.29709,0,0.0932115
0.265,0.905,663.684,-14.9965,2.82606,160.18,0.353305,-1.29709,0,0.0932115
0.265,0.915,705.721,-14.9972,2.84846,170.211,0.353305,-1.29709,0,0.0932115
0.265,0.925,745.157,-14.9978,2.869,179.814,0.353305,-1.29709,0,0.0932115
0.265,0.935,781.638,-14.9983,2.88769,188.888,0.353305,-1.29709,0,0.0932115
0.265,0.945,814.921,-14.9987,2.90455,197.351,0.353305,-1.29709,0,0.0932115
0.265,0.955,844.871,-14.999,2.91965,205.142,0.353305,-1.29709,0,0.0932115
0.265,0.965,871.455,-14.9993,2.93302,212.219,0.353305,-1.29709,0,0.0932115
0.265,0.975,894.728,-14.9995,2.94476,218.561,0.353305,-1.29709,0,0.0932115
0.265,0.985,914.821,-14.9996,2.95495,224.164,0.353305,-1.29709,0,0.0932115
0.265,0.995,931.927,-14.9997,2.96369,229.043,0.353305,-1.29709,0,0.0932115
0.275,0.005,16.4931,4.74967,-5.08176,205.778,0.315745,-1.22954,0,0.0796398
0.275,0.015,16.4545,4.70646,-4.95547,202.302,0.315745,-1.22954,0,0.0796398
0.275,0.025,16.4186,4.66181,-4.82929,198.822,0.315745,-1.22954,0,0.0796398
0.275,0.035,16.3851,4.61579,-4.70325,195.34,0.315745,-1.22954,0,0.0796398
0.275,0.045,16.3537,4.56848,-4.57739,191.858,0.315745,-1.22954,0,0.0796398
0.275,0.055,16.3241,4.51994,-4.45173,188.377,0.315745,-1.22954,0,0.0796398
0.275,0.065,16.2961,4.47024,-4.32632,184.9,0.315745,-1.22954,0,0.0796398
0.275,0.075,16.2692,4.41944,-4.20117,181.428,0.315745,-1.22954,0,0.0796398
0.275,0.085,16.2433,4.36761,-4.07629,177.964,0.315745,-1.22954,0,0.0796398
0.275,0.095,16.2181,4.31478,-3.95171,174.51,0.315745,-1.22954,0,0.0796398
0.275,0.105,16.1954,4.26103,-3.82693,171.099,0.315745,-1.22954,0,0.0796398
0.275,0.115,16.1741,4.20658,-3.70222,167.72,0.315745,-1.22954,0,0.0796398
0.275,0.125,16.1529,4.15161,-3.57783,164.361,0.315745,-1.22954,0,0.0796398
0.275,0.135,16.1317,4.09621,-3.45383,161.022,0.315745,-1.22954,0,0.0796398
0.275,0.145,16.11,4.04051,-3.33022,157.706,0.315745,-1.22954,0,0.0796398
0.275,0.155,16.0877,3.98461,-3.20699,154.413,0.315745,-1.22954,0,0.0796398
0.275,0.165,16.0647,3.9286,-3.08412,151.148,0.315745,-1.22954,0,0.0796398
0.275,0.175,16.041,3.87253,-2.96158,147.917,0.315745,-1.22954,0,0.0796398
0.275,0.185,16.0165,3.81648,-2.83941,144.723,0.315745,-1.22954,0,0.0796398
0.275,0.195,15.991,3.76052,-2.71761,141.567,0.315745,-1.22954,0,0.0796398
0.275,0.205,15.9643,3.70474,-2.59617,138.448,0.315745,-1.22954,0,0.0796398
0.275,0.215,15.936,3.64922,-2.47499,135.37,0.315745,-1.22954,0,0.0796398
0.275,0.225,15.9062,3.59405,-2.35402,132.334,0.315745,-1.22954,0,0.0796398
0.275,0.235,15.8748,3.53926,-2.23325,129.342,0.315745,-1.22954,0,0.0796398
0.275,0.245,15.8419,3.48484,-2.1127,126.4,0.315745,-1.22954,0,0.0796398
0.275,0.255,15.8086,3.43066,-1.99244,123.519,0.315745,-1.22954,0,0.0796398
0.275,0.265,15.7769,3.37623,-1.8724,120.726,0.315745,-1.22954,0,0.0796398
0.275,0.275,15.7474,3.32154,-1.75246,118.024,0.315745,-1.22954,0,0.0796398
0.275,0.285,15.7193,3.26681,-1.6326,115.405,0.315745,-1.22954,0,0.0796398
0.275,0.295,15.6918,3.21219,-1.5128,112.859,0.315745,-1.22954,0,0.0796398
0.275,0.305,15.6642,3.15783,-1.393,110.379,0.315745,-1.22954,0,0.0796398
0.275,0.315,15.6352,3.10397,-1.27311,107.954,0.315745,-1.22954,0,0.0796398
0.275,0.325,15.6025,3.05117,-1.15315,105.561,0.315745,-1.22954,0,0.0796398
0.275,0.335,15.566,2.99952,-1.03327,103.2,0.315745,-1.22954,0,0.0796398
0.275,0.345,15.5258,2.94892,-0.913567,100.875,0.315745,-1.22954,0,0.0796398
0.275,0.355,15.4827,2.89926,-0.794119,98.5928,0.315745,-1.22954,0,0.0796398
0.275,0.365,15.4374,2.85043,-0.675014,96.3589,0.315745,-1.22954,0,0.0796398
0.275,0.375,15.3908,2.8023,-0.556352,94.182,0.315745,-1.22954,0,0.0796398
0.275,0.385,15.344,2.75473,-0.438248,92.0702,0.315745,-1.22954,0,0.0796398
0.275,0.395,15.2983,2.70759,-0.320857,90.0326,0.315745,-1.22954,0,0.0796398
0.275,0.405,15.2552,2.66074,-0.204381,88.0793,0.315745,-1.22954,0,0.0796398
0.275,0.415,15.217,2.61398,-0.0890897,86.2228,0.315745,-1.22954,0,0.0796398
0.275,0.425,15.1998,2.56398,0.0251363,84.4986,0.315745,-1.22954,0,0.0796398
0.275,0.435,15.2029,2.51059,0.13815,82.8807,0.315745,-1.22954,0,0.0796398
0.275,0.445,15.2173,2.45662,0.248919,81.4067,0.315745,-1.22954,0,0.0796398
0.275,0.455,15.2489,2.40147,0.35635,80.1203,0.315745,-1.22954,0,0.0796398
0.275,0.465,15.3022,2.34475,0.459535,79.0572,0.315745,-1.22954,0,0.0796398
0.275,0.475,15.3829,2.28601,0.557488,78.2566,0.315745,-1.22954,0,0.0796398
0.275,0.485,15.4977,2.22471,0.649184,77.761,0.315745,-1.22954,0,0.0796398
0.275,0.495,15.6538,2.16026,0.733651,77.6126,0.315745,-1.22954,0,0.0796398
0.275,0.505,15.8578,2.09202,0.810127,77.8483,0.315745,-1.22954,0,0.0796398
0.275,0.515,16.114,2.01939,0.878231,78.4925,0.315745,-1.22954,0,0.0796398
0.275,0.525,16.4235,1.94182,0.938089,79.5507,0.315745,-1.22954,0,0.0796398
0.275,0.535,16.783,1.85889,0.990349,81.0071,0.315745,-1.22954,0,0.0796398
0.275,0.545,17.1846,1.77026,1.03603,82.8275,0.315745,-1.22954,0,0.0796398
0.275,0.555,17.6152,1.67568,1.07626,84.9654,0.315745,-1.22954,0,0.0796398
0.275,0.565,18.054,1.57505,1.11209,87.3687,0.315745,-1.22954,0,0.0796398
0.275,0.575,18.4665,1.4684,1.14427,89.9818,0.315745,-1.22954,0,0.0796398
0.275,0.585,18.7919,1.35579,1.17334,92.7434,0.315745,-1.22954,0,0.0796398
0.275,0.595,18.9276,1.23627,1.19966,95.5814,0.315745,-1.22954,0,0.0796398
0.275,0.605,18.7183,1.10519,1.22394,98.4126,0.315745,-1.22954,0,0.0796398
0.275,0.615,17.9706,0.948344,1.24799,101.151,0.315745,-1.22954,0,0.0796398
0.275,0.625,16.52,0.731357,1.27636,103.737,0.315745,-1.22954,0,0.0796398
0.275,0.635,14.3588,0.380673,1.31937,106.182,0.315745,-1.22954,0,0.0796398
0.275,0.645,11.7754,-0.245215,1.39809,108.601,0.315745,-1.22954,0,0.0796398
0.275,0.655,9.36887,-1.37033,1.54724,111.091,0.315745,-1.22954,0,0.0796398
0.275,0.665,7.75485,-3.20049,1.79758,113.353,0.315745,-1.22954,0,0.0796398
0.275,0.675,7.2234,-5.64447,2.12829,114.597,0.315745,-1.22954,0,0.0796398
0.275,0.685,7.85775,-8.21869,2.45115,114.648,0.315745,-1.22954,0,0.0796398
0.275,0.695,9.79424,-10.4309,2.67793,113.281,0.315745,-1.22954,0,0.0796398
0.275,0.705,13.3438,-12.0713,2.7748,110.013,0.315745,-1.22954,0,0.0796398
0.275,0.715,18.9559,-13.1742,2.76988,104.663,0.315745,-1.22954,0,0.0796398
0.275,0.725,27.2532,-13.8674,2.72248,98.7274,0.315745,-1.22954,0,0.0796398
0.275,0.735,39.1239,-14.2835,2.68928,94.6322,0.315745,-1.22954,0,0.0796398
0.275,0.745,55.727,-14.5299,2.68714,93.6523,0.315745,-1.22954,0,0.0796398
0.275,0.755,78.0017,-14.68,2.69841,94.7816,0.315745,-1.22954,0,0.0796398
0.275,0.765,105.846,-14.777,2.70188,95.6734,0.315745,-1.22954,0,0.0796398
0.275,0.775,137.79,-14.8434,2.68908,94.5252,0.315745,-1.22954,0,0.0796398
0.275,0.785,171.602,-14.8905,2.66403,91.2294,0.315745,-1.22954,0,0.0796398
0.275,0.795,205.531,-14.924,2.63678,87.2437,0.315745,-1.22954,0,0.0796398
0.275,0.805,239.2,-14.9474,2.61724,84.5093,0.315745,-1.22954,0,0.0796398
0.275,0.815,273.486,-14.9633,2.61106,84.3647,0.315745,-1.22954,0,0.0796398
0.275,0.825,309.659,-14.9739,2.61867,87.175,0.315745,-1.22954,0,0.0796398
0.275,0.835,348.57,-14.9809,2.637,92.6022,0.315745,-1.22954,0,0.0796398
0.275,0.845,390.361,-14.9856,2.66201,100.033,0.315745,-1.22954,0,0.0796398
0.275,0.855,434.587,-14.9888,2.69028,108.862,0.315745,-1.22954,0,0.0796398
0.275,0.865,480.478,-14.9912,2.71948,118.591,0.315745,-1.22954,0,0.0796398
0.275,0.875,527.156,-14.993,2.74824,128.842,0.315745,-1.22954,0,0.0796398
0.275,0.885,573.756,-14.9944,2.77581,139.33,0.315745,-1.22954,0,0.0796398
0.275,0.895,619.491,-14.9956,2.80181,149.833,0.315745,-1.22954,0,0.0796398
0.275,0.905,663.67,-14.9965,2.82605,160.175,0.315745,-1.22954,0,0.0796398
0.275,0.915,705.714,-14.9972,2.84845,170.209,0.315745,-1.22954,0,0.0796398
0.275,0.925,745.154,-14.9978,2.86899,179.813,0.315745,-1.22954,0,0.0796398
0.275,0.935,781.636,-14.9983,2.88768,188.887,0.315745,-1.22954,0,0.0796398
0.275,0.945,814.92,-14.9987,2.90455,197.351,0.315745,-1.22954,0,0.0796398
0.275,0.955,844.871,-14.999,2.91965,205.142,0.315745,-1.22954,0,0.0796398
0.275,0.965,871.455,-14.9993,2.93302,212.219,0.315745,-1.22954,0,0.0796398
0.275,0.975,894.728,-14.9995,2.94476,218.561,0.315745,-1.22954,0,0.0796398
0.275,0.985,914.821,-14.9996,2.95495,224.164,0.315745,-1.22954,0,0.0796398
0.275,0.995,931.927,-14.9997,2.96369,229.043,0.315745,-1.22954,0,0.0796398
0.285,0.005,16.2361,4.8302,-5.05384,201.312,0.281449,-1.16199,0,0.0677984
0.285,0.015,16.1956,4.7874,-4.92771,197.902,0.281449,-1.16199,0,0.0677984
0.285,0.025,16.1575,4.74321,-4.80168,194.49,0.281449,-1.16199,0,0.0677984
0.285,0.035,16.1218,4.69767,-4.6758,191.078,0.281449,-1.16199,0,0.0677984
0.285,0.045,16.0882,4.65087,-4.55009,187.666,0.281449,-1.16199,0,0.0677984
0.285,0.055,16.0563,4.60286,-4.42458,184.258,0.281449,-1.16199,0,0.0677984
0.285,0.065,16.0259,4.55372,-4.2993,180.854,0.281449,-1.16199,0,0.0677984
0.285,0.075,15.9967,4.50349,-4.17427,177.457,0.281449,-1.16199,0,0.0677984
0.285,0.085,15.9684,4.45224,-4.04951,174.068,0.281449,-1.16199,0,0.0677984
0.285,0.095,15.941,4.40002,-3.92498,170.694,0.281449,-1.16199,0,0.0677984
0.285,0.105,15.9164,4.3469,-3.8002,167.367,0.281449,-1.16199,0,0.0677984
0.285,0.115,15.8926,4.29317,-3.67558,164.064,0.281449,-1.16199,0,0.0677984
0.285,0.125,15.869,4.23894,-3.55129,160.781,0.281449,-1.16199,0,0.0677984
0.285,0.135,15.8454,4.18431,-3.42735,157.52,0.281449,-1.16199,0,0.0677984
0.285,0.145,15.8215,4.12938,-3.30377,154.282,0.281449,-1.16199,0,0.0677984
0.285,0.155,15.797,4.07425,-3.18056,151.069,0.281449,-1.16199,0,0.0677984
0.285,0.165,15.772,4.01902,-3.0577,147.885,0.281449,-1.16199,0,0.0677984
0.285,0.175,15.7462,3.96376,-2.93518,144.732,0.281449,-1.16199,0,0.0677984
0.285,0.185,15.7197,3.90855,-2.813,141.615,0.281449,-1.16199,0,0.0677984
0.285,0.195,15.6922,3.85347,-2.69114,138.534,0.281449,-1.16199,0,0.0677984
0.285,0.205,15.6633,3.79858,-2.5696,135.489,0.281449,-1.16199,0,0.0677984
0.285,0.215,15.6331,3.74396,-2.44833,132.483,0.281449,-1.16199,0,0.0677984
0.285,0.225,15.6013,3.68967,-2.32728,129.517,0.281449,-1.16199,0,0.0677984
0.285,0.235,15.5681,3.63575,-2.20645,126.597,0.281449,-1.16199,0,0.0677984
0.285,0.245,15.5335,3.58221,-2.08583,123.724,0.281449,-1.16199,0,0.0677984
0.285,0.255,15.4975,3.5291,-1.96543,120.9,0.281449,-1.16199,0,0.0677984
0.285,0.265,15.4599,3.47642,-1.84524,118.126,0.281449,-1.16199,0,0.0677984
0.285,0.275,15.4206,3.42423,-1.72517,115.403,0.281449,-1.16199,0,0.0677984
0.285,0.285,15.3797,3.37257,-1.6052,112.731,0.281449,-1.16199,0,0.0677984
0.285,0.295,15.337,3.32147,-1.48529,110.113,0.281449,-1.16199,0,0.0677984
0.285,0.305,15.2927,3.2709,-1.36548,107.548,0.281449,-1.16199,0,0.0677984
0.285,0.315,15.2476,3.22072,-1.24583,105.047,0.281449,-1.16199,0,0.0677984
0.285,0.325,15.2042,3.17042,-1.12635,102.632,0.281449,-1.16199,0,0.0677984
0.285,0.335,15.163,3.11994,-1.00699,100.306,0.281449,-1.16199,0,0.0677984
0.285,0.345,15.1241,3.06931,-0.887774,98.0685,0.281449,-1.16199,0,0.0677984
0.285,0.355,15.0876,3.01856,-0.768741,95.9174,0.281449,-1.16199,0,0.0677984
0.285,0.365,15.0532,2.96774,-0.649918,93.8491,0.281449,-1.16199,0,0.0677984
0.285,0.375,15.0205,2.91701,-0.531305,91.8555,0.281449,-1.16199,0,0.0677984
0.285,0.385,14.9874,2.86691,-0.413028,89.9195,0.281449,-1.16199,0,0.0677984
0.285,0.395,14.9546,2.81751,-0.295359,88.0437,0.281449,-1.16199,0,0.0677984
0.285,0.405,14.9234,2.7687,-0.178623,86.2365,0.281449,-1.16199,0,0.0677984
0.285,0.415,14.8963,2.72016,-0.0631739,84.5122,0.281449,-1.16199,0,0.0677984
0.285,0.425,14.8954,2.66703,0.0512085,82.9143,0.281449,-1.16199,0,0.0677984
0.285,0.435,14.9063,2.61233,0.164171,81.4016,0.281449,-1.16199,0,0.0677984
0.285,0.445,14.929,2.55702,0.27446,80.0331,0.281449,-1.16199,0,0.0677984
0.285,0.455,14.9686,2.50058,0.38112,78.8481,0.281449,-1.16199,0,0.0677984
0.285,0.465,15.0298,2.4426,0.48323,77.8844,0.281449,-1.16199,0,0.0677984
0.285,0.475,15.1189,2.38257,0.579798,77.1827,0.281449,-1.16199,0,0.0677984
0.285,0.485,15.2426,2.31992,0.669804,76.7864,0.281449,-1.16199,0,0.0677984
0.285,0.495,15.408,2.25402,0.752316,76.7372,0.281449,-1.16199,0,0.0677984
0.285,0.505,15.6213,2.18425,0.826649,77.0698,0.281449,-1.16199,0,0.0677984
0.285,0.515,15.8863,2.11,0.892538,77.805,0.281449,-1.16199,0,0.0677984
0.285,0.525,16.2031,2.03077,0.95024,78.9436,0.281449,-1.16199,0,0.0677984
0.285,0.535,16.5677,1.94614,1.00051,80.4657,0.281449,-1.16199,0,0.0677984
0.285,0.545,16.9715,1.8558,1.04443,82.3342,0.281449,-1.16199,0,0.0677984
0.285,0.555,17.4011,1.75952,1.08313,84.5017,0.281449,-1.16199,0,0.0677984
0.285,0.565,17.8354,1.65719,1.1176,86.9167,0.281449,-1.16199,0,0.0677984
0.285,0.575,18.2386,1.54889,1.14854,89.5248,0.281449,-1.16199,0,0.0677984
0.285,0.585,18.5478,1.43467,1.1764,92.2652,0.281449,-1.16199,0,0.0677984
0.285,0.595,18.6561,1.31343,1.20154,95.067,0.281449,-1.16199,0,0.0677984
0.285,0.605,18.4036,1.17993,1.22471,97.8484,0.281449,-1.16199,0,0.0677984
0.285,0.615,17.5956,1.01844,1.24795,100.528,0.281449,-1.16199,0,0.0677984
0.285,0.625,16.0769,0.791208,1.27639,103.053,0.281449,-1.16199,0,0.0677984
0.285,0.635,13.8667,0.418255,1.32149,105.449,0.281449,-1.16199,0,0.0677984
0.285,0.645,11.2931,-0.251848,1.40621,107.833,0.281449,-1.16199,0,0.0677984
0.285,0.655,8.97763,-1.44893,1.5663,110.265,0.281449,-1.16199,0,0.0677984
0.285,0.665,7.49827,-3.35729,1.82803,112.364,0.281449,-1.16199,0,0.0677984
0.285,0.675,7.08893,-5.83646,2.16029,113.37,0.281449,-1.16199,0,0.0677984
0.285,0.685,7.8118,-8.3879,2.47115,113.193,0.281449,-1.16199,0,0.0677984
0.285,0.695,9.80412,-10.5519,2.67958,111.577,0.281449,-1.16199,0,0.0677984
0.285,0.705,13.3747,-12.1483,2.76079,108.025,0.281449,-1.16199,0,0.0677984
0.285,0.715,18.9689,-13.2196,2.74824,102.521,0.281449,-1.16199,0,0.0677984
0.285,0.725,27.2298,-13.892,2.70241,96.8128,0.281449,-1.16199,0,0.0677984
0.285,0.735,39.0995,-14.2952,2.6768,93.3364,0.281449,-1.16199,0,0.0677984
0.285,0.745,55.7854,-14.5346,2.68255,93.0834,0.281449,-1.16199,0,0.0677984
0.285,0.755,78.214,-14.6817,2.69854,94.7388,0.281449,-1.16199,0,0.0677984
0.285,0.765,106.206,-14.7776,2.70335,95.8228,0.281449,-1.16199,0,0.0677984
0.285,0.775,138.193,-14.8439,2.68988,94.577,0.281449,-1.16199,0,0.0677984
0.285,0.785,171.896,-14.891,2.66346,91.0462,0.281449,-1.16199,0,0.0677984
0.285,0.795,205.599,-14.9245,2.6351,86.8539,0.281449,-1.16199,0,0.0677984
0.285,0.805,239.027,-14.9479,2.61509,84.0317,0.281449,-1.16199,0,0.0677984
0.285,0.815,273.151,-14.9637,2.60906,83.9149,0.281449,-1.16199,0,0.0677984
0.285,0.825,309.271,-14.9742,2.61713,86.8161,0.281449,-1.16199,0,0.0677984
0.285,0.835,348.217,-14.981,2.63597,92.3465,0.281449,-1.16199,0,0.0677984
0.285,0.845,390.083,-14.9857,2.66138,99.8658,0.281449,-1.16199,0,0.0677984
0.285,0.855,434.391,-14.9889,2.68992,108.759,0.281449,-1.16199,0,0.0677984
0.285,0.865,480.351,-14.9912,2.71929,118.531,0.281449,-1.16199,0,0.0677984
0.285,0.875,527.079,-14.993,2.74814,128.809,0.281449,-1.16199,0,0.0677984
0.285,0.885,573.712,-14.9944,2.77576,139.312,0.281449,-1.16199,0,0.0677984
0.285,0.895,619.466,-14.9956,2.80178,149.824,0.281449,-1.16199,0,0.0677984
0.285,0.905,663.657,-14.9965,2.82604,160.17,0.281449,-1.16199,0,0.0677984
0.285,0.915,705.707,-14.9972,2.84845,170.206,0.281449,-1.16199,0,0.0677984
0.285,0.925,745.15,-14.9978,2.86899,179.812,0.281449,-1.16199,0,0.0677984
0.285,0.935,781.635,-14.9983,2.88768,188.887,0.281449,-1.16199,0,0.0677984
0.285,0.945,814.919,-14.9987,2.90455,197.351,0.281449,-1.16199,0,0.0677984
0.285,0.955,844.87,-14.999,2.91965,205.142,0.281449,-1.16199,0,0.0677984
0.285,0.965,871.455,-14.9993,2.93302,212.219,0.281449,-1.16199,0,0.0677984
0.285,0.975,894.728,-14.9995,2.94476,218.561,0.281449,-1.16199,0,0.0677984
0.285,0.985,914.821,-14.9996,2.95495,224.164,0.281449,-1.16199,0,0.0677984
0.285,0.995,931.927,-14.9997,2.96369,229.043,0.281449,-1.16199,0,0.0677984
0.295,0.005,15.9878,4.9105,-5.0264,197.026,0.250201,-1.09444,0,0.0574994
0.295,0.015,15.9454,4.86812,-4.90042,193.683,0.250201,-1.09444,0,0.0574994
0.295,0.025,15.9056,4.82437,-4.77455,190.339,0.250201,-1.09444,0,0.0574994
0.295,0.035,15.8679,4.77931,-4.64881,186.996,0.250201,-1.09444,0,0.0574994
0.295,0.045,15.8323,4.733,-4.52324,183.655,0.250201,-1.09444,0,0.0574994
0.295,0.055,15.7984,4.68551,-4.39787,180.318,0.250201,-1.09444,0,0.0574994
0.295,0.065,15.7659,4.6369,-4.27272,176.987,0.250201,-1.09444,0,0.0574994
0.295,0.075,15.7346,4.58723,-4.14781,173.664,0.250201,-1.09444,0,0.0574994
0.295,0.085,15.7043,4.53655,-4.02315,170.351,0.250201,-1.09444,0,0.0574994
0.295,0.095,15.6751,4.48491,-3.89865,167.057,0.250201,-1.09444,0,0.0574994
0.295,0.105,15.6488,4.43242,-3.77386,163.811,0.250201,-1.09444,0,0.0574994
0.295,0.115,15.6229,4.37935,-3.64933,160.585,0.250201,-1.09444,0,0.0574994
0.295,0.125,15.5973,4.32583,-3.5251,157.379,0.250201,-1.09444,0,0.0574994
0.295,0.135,15.5717,4.27192,-3.40121,154.195,0.250201,-1.09444,0,0.0574994
0.295,0.145,15.5459,4.21772,-3.27766,151.035,0.250201,-1.09444,0,0.0574994
0.295,0.155,15.5197,4.16333,-3.15446,147.901,0.250201,-1.09444,0,0.0574994
0.295,0.165,15.493,4.10883,-3.0316,144.796,0.250201,-1.09444,0,0.0574994
0.295,0.175,15.4657,4.05432,-2.90907,141.722,0.250201,-1.09444,0,0.0574994
0.295,0.185,15.4376,3.99987,-2.78685,138.683,0.250201,-1.09444,0,0.0574994
0.295,0.195,15.4086,3.94554,-2.66492,135.679,0.250201,-1.09444,0,0.0574994
0.295,0.205,15.3785,3.89139,-2.54329,132.711,0.250201,-1.09444,0,0.0574994
0.295,0.215,15.3471,3.8375,-2.42191,129.782,0.250201,-1.09444,0,0.0574994
0.295,0.225,15.3144,3.78391,-2.30077,126.893,0.250201,-1.09444,0,0.0574994
0.295,0.235,15.2803,3.73068,-2.17984,124.048,0.250201,-1.09444,0,0.0574994
0.295,0.245,15.2448,3.67785,-2.05911,121.248,0.250201,-1.09444,0,0.0574994
0.295,0.255,15.2079,3.62543,-1.93857,118.494,0.250201,-1.09444,0,0.0574994
0.295,0.265,15.1694,3.57346,-1.8182,115.788,0.250201,-1.09444,0,0.0574994
0.295,0.275,15.1292,3.52196,-1.69798,113.13,0.250201,-1.09444,0,0.0574994
0.295,0.285,15.0873,3.47098,-1.57787,110.521,0.250201,-1.09444,0,0.0574994
0.295,0.295,15.0439,3.4205,-1.45786,107.963,0.250201,-1.09444,0,0.0574994
0.295,0.305,14.999,3.37053,-1.33795,105.46,0.250201,-1.09444,0,0.0574994
0.295,0.315,14.9529,3.32103,-1.21819,103.012,0.250201,-1.09444,0,0.0574994
0.295,0.325,14.9056,3.27196,-1.09861,100.621,0.250201,-1.09444,0,0.0574994
0.295,0.335,14.8574,3.22328,-0.979195,98.2894,0.250201,-1.09444,0,0.0574994
0.295,0.345,14.8086,3.17501,-0.859959,96.0189,0.250201,-1.09444,0,0.0574994
0.295,0.355,14.7593,3.12711,-0.740948,93.8115,0.250201,-1.09444,0,0.0574994
0.295,0.365,14.7103,3.07953,-0.622256,91.671,0.250201,-1.09444,0,0.0574994
0.295,0.375,14.663,3.03205,-0.504059,89.6081,0.250201,-1.09444,0,0.0574994
0.295,0.385,14.6206,2.98406,-0.386513,87.6492,0.250201,-1.09444,0,0.0574994
0.295,0.395,14.5851,2.93538,-0.269763,85.8057,0.250201,-1.09444,0,0.0574994
0.295,0.405,14.5583,2.88584,-0.154019,84.087,0.250201,-1.09444,0,0.0574994
0.295,0.415,14.5443,2.83475,-0.0394352,82.5052,0.250201,-1.09444,0,0.0574994
0.295,0.425,14.5627,2.77703,0.0745005,81.0768,0.250201,-1.09444,0,0.0574994
0.295,0.435,14.5886,2.71924,0.187313,79.7282,0.250201,-1.09444,0,0.0574994
0.295,0.445,14.625,2.66136,0.297367,78.5109,0.250201,-1.09444,0,0.0574994
0.295,0.455,14.677,2.60272,0.403542,77.465,0.250201,-1.09444,0,0.0574994
0.295,0.465,14.7502,2.5427,0.504832,76.6317,0.250201,-1.09444,0,0.0574994
0.295,0.475,14.8508,2.48076,0.600226,76.0534,0.250201,-1.09444,0,0.0574994
0.295,0.485,14.9859,2.41627,0.688713,75.7752,0.250201,-1.09444,0,0.0574994
0.295,0.495,15.1626,2.34855,0.769409,75.8391,0.250201,-1.09444,0,0.0574994
0.295,0.505,15.3866,2.27695,0.841724,76.2784,0.250201,-1.09444,0,0.0574994
0.295,0.515,15.6611,2.20085,0.905518,77.1105,0.250201,-1.09444,0,0.0574994
0.295,0.525,15.9856,2.11977,0.961184,78.3326,0.250201,-1.09444,0,0.0574994
0.295,0.535,16.3553,2.0333,1.00958,79.9213,0.250201,-1.09444,0,0.0574994
0.295,0.545,16.7612,1.94114,1.05184,81.8374,0.250201,-1.09444,0,0.0574994
0.295,0.555,17.1897,1.84305,1.08908,84.0337,0.250201,-1.09444,0,0.0574994
0.295,0.565,17.6191,1.73894,1.12224,86.4595,0.250201,-1.09444,0,0.0574994
0.295,0.575,18.0125,1.62891,1.15195,89.0614,0.250201,-1.09444,0,0.0574994
0.295,0.585,18.3044,1.513,1.17862,91.7797,0.250201,-1.09444,0,0.0574994
0.295,0.595,18.3837,1.38994,1.20259,94.544,0.250201,-1.09444,0,0.0574994
0.295,0.605,18.0854,1.25378,1.22467,97.2747,0.250201,-1.09444,0,0.0574994
0.295,0.615,17.2142,1.08706,1.24719,99.8947,0.250201,-1.09444,0,0.0574994
0.295,0.625,15.6266,0.848291,1.27591,102.361,0.250201,-1.09444,0,0.0574994
0.295,0.635,13.3715,0.450474,1.3236,104.71,0.250201,-1.09444,0,0.0574994
0.295,0.645,10.8173,-0.267952,1.41515,107.06,0.250201,-1.09444,0,0.0574994
0.295,0.655,8.60257,-1.54034,1.58687,109.419,0.250201,-1.09444,0,0.0574994
0.295,0.665,7.25943,-3.52405,1.85935,111.335,0.250201,-1.09444,0,0.0574994
0.295,0.675,6.96754,-6.02989,2.19096,112.103,0.250201,-1.09444,0,0.0574994
0.295,0.685,7.77249,-8.55281,2.48812,111.702,0.250201,-1.09444,0,0.0574994
0.295,0.695,9.81375,-10.6679,2.67799,109.84,0.250201,-1.09444,0,0.0574994
0.295,0.705,13.3984,-12.2216,2.7444,106.021,0.250201,-1.09444,0,0.0574994
0.295,0.715,18.9704,-13.2624,2.72559,100.417,0.250201,-1.09444,0,0.0574994
0.295,0.725,27.1978,-13.9146,2.68272,95.0071,0.250201,-1.09444,0,0.0574994
0.295,0.735,39.078,-14.3056,2.66543,92.191,0.250201,-1.09444,0,0.0574994
0.295,0.745,55.8607,-14.5387,2.67908,92.6569,0.250201,-1.09444,0,0.0574994
0.295,0.755,78.4515,-14.6831,2.69939,94.7992,0.250201,-1.09444,0,0.0574994
0.295,0.765,106.589,-14.7782,2.70518,96.0274,0.250201,-1.09444,0,0.0574994
0.295,0.775,138.608,-14.8443,2.69075,94.642,0.250201,-1.09444,0,0.0574994
0.295,0.785,172.185,-14.8915,2.66283,90.8509,0.250201,-1.09444,0,0.0574994
0.295,0.795,205.651,-14.9251,2.63331,86.4446,0.250201,-1.09444,0,0.0574994
0.295,0.805,238.835,-14.9484,2.61287,83.54,0.250201,-1.09444,0,0.0574994
0.295,0.815,272.802,-14.9641,2.60702,83.4598,0.250201,-1.09444,0,0.0574994
0.295,0.825,308.879,-14.9744,2.61559,86.4586,0.250201,-1.09444,0,0.0574994
0.295,0.835,347.865,-14.9812,2.63495,92.0956,0.250201,-1.09444,0,0.0574994
0.295,0.845,389.812,-14.9857,2.66077,99.7034,0.250201,-1.09444,0,0.0574994
0.295,0.855,434.202,-14.9889,2.68958,108.66,0.250201,-1.09444,0,0.0574994
0.295,0.865,480.23,-14.9913,2.7191,118.473,0.250201,-1.09444,0,0.0574994
0.295,0.875,527.006,-14.993,2.74805,128.777,0.250201,-1.09444,0,0.0574994
0.295,0.885,573.671,-14.9945,2.77571,139.295,0.250201,-1.09444,0,0.0574994
0.295,0.895,619.444,-14.9956,2.80176,149.815,0.250201,-1.09444,0,0.0574994
0.295,0.905,663.646,-14.9965,2.82603,160.166,0.250201,-1.09444,0,0.0574994
0.295,0.915,705.701,-14.9972,2.84844,170.204,0.250201,-1.09444,0,0.0574994
0.295,0.925,745.148,-14.9978,2.86899,179.811,0.250201,-1.09444,0,0.0574994
0.295,0.935,781.633,-14.9983,2.88768,188.886,0.250201,-1.09444,0,0.0574994
0.295,0.945,814.918,-14.9987,2.90455,197.35,0.250201,-1.09444,0,0.0574994
0.295,0.955,844.87,-14.999,2.91965,205.142,0.250201,-1.09444,0,0.0574994
0.295,0.965,871.455,-14.9993,2.93302,212.219,0.250201,-1.09444,0,0.0574994
0.295,0.975,894.728,-14.9995,2.94476,218.561,0.250201,-1.09444,0,0.0574994
0.295,0.985,914.821,-14.9996,2.95495,224.164,0.250201,-1.09444,0,0.0574994
0.295,0.995,931.927,-14.9997,2.96369,229.043,0.250201,-1.09444,0,0.0574994
0.305,0.005,15.7469,4.99082,-4.99942,192.897,0.221791,-1.0269,0,0.0485716
0.305,0.015,15.703,4.94885,-4.87359,189.621,0.221791,-1.0269,0,0.0485716
0.305,0.025,15.6614,4.90554,-4.74786,186.345,0.221791,-1.0269,0,0.0485716
0.305,0.035,15.6221,4.86094,-4.62227,183.07,0.221791,-1.0269,0,0.0485716
0.305,0.045,15.5846,4.81512,-4.49684,179.799,0.221791,-1.0269,0,0.0485716
0.305,0.055,15.5489,4.76815,-4.37159,176.533,0.221791,-1.0269,0,0.0485716
0.305,0.065,15.5146,4.72007,-4.24656,173.274,0.221791,-1.0269,0,0.0485716
0.305,0.075,15.4815,4.67094,-4.12175,170.023,0.221791,-1.0269,0,0.0485716
0.305,0.085,15.4493,4.62083,-3.9972,166.784,0.221791,-1.0269,0,0.0485716
0.305,0.095,15.4187,4.56976,-3.87267,163.571,0.221791,-1.0269,0,0.0485716
0.305,0.105,15.3907,4.51789,-3.74791,160.403,0.221791,-1.0269,0,0.0485716
0.305,0.115,15.3631,4.46548,-3.62343,157.253,0.221791,-1.0269,0,0.0485716
0.305,0.125,15.3357,4.41264,-3.49926,154.122,0.221791,-1.0269,0,0.0485716
0.305,0.135,15.3083,4.35943,-3.3754,151.014,0.221791,-1.0269,0,0.0485716
0.305,0.145,15.2809,4.30594,-3.25187,147.931,0.221791,-1.0269,0,0.0485716
0.305,0.155,15.2532,4.25227,-3.12867,144.874,0.221791,-1.0269,0,0.0485716
0.305,0.165,15.2251,4.19849,-3.00579,141.846,0.221791,-1.0269,0,0.0485716
0.305,0.175,15.1964,4.1447,-2.88323,138.849,0.221791,-1.0269,0,0.0485716
0.305,0.185,15.167,4.09096,-2.76095,135.886,0.221791,-1.0269,0,0.0485716
0.305,0.195,15.1368,4.03735,-2.63896,132.957,0.221791,-1.0269,0,0.0485716
0.305,0.205,15.1056,3.9839,-2.51722,130.066,0.221791,-1.0269,0,0.0485716
0.305,0.215,15.0733,3.93069,-2.39574,127.212,0.221791,-1.0269,0,0.0485716
0.305,0.225,15.0398,3.87777,-2.27448,124.398,0.221791,-1.0269,0,0.0485716
0.305,0.235,15.005,3.82518,-2.15343,121.626,0.221791,-1.0269,0,0.0485716
0.305,0.245,14.9689,3.77297,-2.03257,118.897,0.221791,-1.0269,0,0.0485716
0.305,0.255,14.9314,3.72117,-1.91189,116.213,0.221791,-1.0269,0,0.0485716
0.305,0.265,14.8925,3.66979,-1.79136,113.576,0.221791,-1.0269,0,0.0485716
0.305,0.275,14.8519,3.61885,-1.67098,110.984,0.221791,-1.0269,0,0.0485716
0.305,0.285,14.8099,3.56838,-1.55073,108.441,0.221791,-1.0269,0,0.0485716
0.305,0.295,14.7663,3.51839,-1.43059,105.948,0.221791,-1.0269,0,0.0485716
0.305,0.305,14.7214,3.46887,-1.31057,103.506,0.221791,-1.0269,0,0.0485716
0.305,0.315,14.6752,3.4198,-1.19071,101.117,0.221791,-1.0269,0,0.0485716
0.305,0.325,14.6279,3.37115,-1.07101,98.7835,0.221791,-1.0269,0,0.0485716
0.305,0.335,14.5797,3.32289,-0.951515,96.5058,0.221791,-1.0269,0,0.0485716
0.305,0.345,14.5308,3.27499,-0.832243,94.2866,0.221791,-1.0269,0,0.0485716
0.305,0.355,14.4816,3.22743,-0.713251,92.1293,0.221791,-1.0269,0,0.0485716
0.305,0.365,14.4329,3.18013,-0.594636,90.0382,0.221791,-1.0269,0,0.0485716
0.305,0.375,14.3854,3.13301,-0.476546,88.0192,0.221791,-1.0269,0,0.0485716
0.305,0.385,14.3402,3.08594,-0.359161,86.0787,0.221791,-1.0269,0,0.0485716
0.305,0.395,14.2985,3.03879,-0.242674,84.2247,0.221791,-1.0269,0,0.0485716
0.305,0.405,14.2621,2.9914,-0.127317,82.4675,0.221791,-1.0269,0,0.0485716
0.305,0.415,14.2387,2.94224,-0.0131891,80.8295,0.221791,-1.0269,0,0.0485716
0.305,0.425,14.2445,2.88688,0.0997846,79.3259,0.221791,-1.0269,0,0.0485716
0.305,0.435,14.2659,2.82978,0.210922,77.989,0.221791,-1.0269,0,0.0485716
0.305,0.445,14.3084,2.77032,0.319148,76.8659,0.221791,-1.0269,0,0.0485716
0.305,0.455,14.374,2.70854,0.42382,75.9675,0.221791,-1.0269,0,0.0485716
0.305,0.465,14.461,2.64563,0.523984,75.2804,0.221791,-1.0269,0,0.0485716
0.305,0.475,14.5752,2.58118,0.61824,74.8424,0.221791,-1.0269,0,0.0485716
0.305,0.485,14.724,2.51431,0.705349,74.6999,0.221791,-1.0269,0,0.0485716
0.305,0.495,14.914,2.44432,0.784413,74.8924,0.221791,-1.0269,0,0.0485716
0.305,0.505,15.1504,2.3705,0.854905,75.4508,0.221791,-1.0269,0,0.0485716
0.305,0.515,15.4357,2.29224,0.916802,76.3891,0.221791,-1.0269,0,0.0485716
0.305,0.525,15.7686,2.20906,0.970621,77.701,0.221791,-1.0269,0,0.0485716
0.305,0.535,16.1439,2.12055,1.01732,79.3601,0.221791,-1.0269,0,0.0485716
0.305,0.545,16.5522,2.0264,1.05805,81.3263,0.221791,-1.0269,0,0.0485716
0.305,0.555,16.9796,1.92637,1.09394,83.5529,0.221791,-1.0269,0,0.0485716
0.305,0.565,17.4041,1.82036,1.12586,85.9904,0.221791,-1.0269,0,0.0485716
0.305,0.575,17.7875,1.70849,1.1544,88.5867,0.221791,-1.0269,0,0.0485716
0.305,0.585,18.0612,1.5908,1.1799,91.2831,0.221791,-1.0269,0,0.0485716
0.305,0.595,18.1095,1.46577,1.2027,94.0101,0.221791,-1.0269,0,0.0485716
0.305,0.605,17.7627,1.32667,1.22372,96.6903,0.221791,-1.0269,0,0.0485716
0.305,0.615,16.8257,1.15405,1.24562,99.2517,0.221791,-1.0269,0,0.0485716
0.305,0.625,15.1689,0.902244,1.2749,101.661,0.221791,-1.0269,0,0.0485716
0.305,0.635,12.8737,0.476663,1.32576,103.966,0.221791,-1.0269,0,0.0485716
0.305,0.645,10.3496,-0.294404,1.42504,106.28,0.221791,-1.0269,0,0.0485716
0.305,0.655,8.24478,-1.64489,1.60901,108.552,0.221791,-1.0269,0,0.0485716
0.305,0.665,7.03818,-3.69983,1.89126,110.265,0.221791,-1.0269,0,0.0485716
0.305,0.675,6.85847,-6.2235,2.21989,110.797,0.221791,-1.0269,0,0.0485716
0.305,0.685,7.73883,-8.71281,2.50184,110.178,0.221791,-1.0269,0,0.0485716
0.305,0.695,9.82214,-10.7788,2.67315,108.073,0.221791,-1.0269,0,0.0485716
0.305,0.705,13.4144,-12.291,2.72575,104.01,0.221791,-1.0269,0,0.0485716
0.305,0.715,18.9609,-13.3026,2.70216,98.3642,0.221791,-1.0269,0,0.0485716
0.305,0.725,27.1591,-13.9354,2.66361,93.3212,0.221791,-1.0269,0,0.0485716
0.305,0.735,39.062,-14.3149,2.65529,91.1987,0.221791,-1.0269,0,0.0485716
0.305,0.745,55.9546,-14.5421,2.67671,92.3693,0.221791,-1.0269,0,0.0485716
0.305,0.755,78.7146,-14.6841,2.70095,94.9567,0.221791,-1.0269,0,0.0485716
0.305,0.765,106.995,-14.7786,2.70731,96.2807,0.221791,-1.0269,0,0.0485716
0.305,0.775,139.034,-14.8447,2.69167,94.7151,0.221791,-1.0269,0,0.0485716
0.305,0.785,172.469,-14.892,2.66212,90.6396,0.221791,-1.0269,0,0.0485716
0.305,0.795,205.684,-14.9256,2.63142,86.0143,0.221791,-1.0269,0,0.0485716
0.305,0.805,238.624,-14.9489,2.61056,83.034,0.221791,-1.0269,0,0.0485716
0.305,0.815,272.44,-14.9645,2.60495,83.0001,0.221791,-1.0269,0,0.0485716
0.305,0.825,308.482,-14.9747,2.61405,86.1032,0.221791,-1.0269,0,0.0485716
0.305,0.835,347.516,-14.9814,2.63395,91.8496,0.221791,-1.0269,0,0.0485716
0.305,0.845,389.547,-14.9858,2.66018,99.5462,0.221791,-1.0269,0,0.0485716
0.305,0.855,434.021,-14.989,2.68925,108.565,0.221791,-1.0269,0,0.0485716
0.305,0.865,480.115,-14.9913,2.71893,118.419,0.221791,-1.0269,0,0.0485716
0.305,0.875,526.938,-14.9931,2.74796,128.747,0.221791,-1.0269,0,0.0485716
0.305,0.885,573.632,-14.9945,2.77567,139.279,0.221791,-1.0269,0,0.0485716
0.305,0.895,619.423,-14.9956,2.80174,149.807,0.221791,-1.0269,0,0.0485716
0.305,0.905,663.635,-14.9965,2.82602,160.162,0.221791,-1.0269,0,0.0485716
0.305,0.915,705.696,-14.9972,2.84844,170.202,0.221791,-1.0269,0,0.0485716
0.305,0.925,745.145,-14.9978,2.86899,179.81,0.221791,-1.0269,0,0.0485716
0.305,0.935,781.632,-14.9983,2.88768,188.886,0.221791,-1.0269,0,0.0485716
0.305,0.945,814.918,-14.9987,2.90455,197.35,0.221791,-1.0269,0,0.0485716
0.305,0.955,844.87,-14.999,2.91965,205.142,0.221791,-1.0269,0,0.0485716
0.305,0.965,871.455,-14.9993,2.93302,212.219,0.221791,-1.0269,0,0.0485716
0.305,0.975,894.728,-14.9995,2.94476,218.561,0.221791,-1.0269,0,0.0485716
0.305,0.985,914.821,-14.9996,2.95495,224.164,0.221791,-1.0269,0,0.0485716
0.305,0.995,931.927,-14.9997,2.96369,229.043,0.221791,-1.0269,0,0.0485716
0.315,0.005,15.5128,5.07128,-4.97287,188.912,0.196023,-0.959349,0,0.0408593
0.315,0.015,15.4674,5.02972,-4.84719,185.701,0.196023,-0.959349,0,0.0408593
0.315,0.025,15.4244,4.98684,-4.7216,182.491,0.196023,-0.959349,0,0.0408593
0.315,0.035,15.3835,4.94271,-4.59614,179.284,0.196023,-0.959349,0,0.0408593
0.315,0.045,15.3445,4.89738,-4.47083,176.082,0.196023,-0.959349,0,0.0408593
0.315,0.055,15.3071,4.85091,-4.34571,172.886,0.196023,-0.959349,0,0.0408593
0.315,0.065,15.2711,4.80336,-4.22078,169.697,0.196023,-0.959349,0,0.0408593
0.315,0.075,15.2363,4.75478,-4.09608,166.518,0.196023,-0.959349,0,0.0408593
0.315,0.085,15.2024,4.70522,-3.97161,163.351,0.196023,-0.959349,0,0.0408593
0.315,0.095,15.1707,4.65472,-3.84702,160.219,0.196023,-0.959349,0,0.0408593
0.315,0.105,15.1412,4.60348,-3.72229,157.126,0.196023,-0.959349,0,0.0408593
0.315,0.115,15.112,4.55172,-3.59786,154.049,0.196023,-0.959349,0,0.0408593
0.315,0.125,15.083,4.49954,-3.47372,150.993,0.196023,-0.959349,0,0.0408593
0.315,0.135,15.0541,4.44701,-3.34989,147.959,0.196023,-0.959349,0,0.0408593
0.315,0.145,15.0252,4.39422,-3.22637,144.951,0.196023,-0.959349,0,0.0408593
0.315,0.155,14.9962,4.34125,-3.10315,141.969,0.196023,-0.959349,0,0.0408593
0.315,0.165,14.9667,4.28818,-2.98024,139.016,0.196023,-0.959349,0,0.0408593
0.315,0.175,14.9368,4.23509,-2.85763,136.093,0.196023,-0.959349,0,0.0408593
0.315,0.185,14.9063,4.18205,-2.73529,133.204,0.196023,-0.959349,0,0.0408593
0.315,0.195,14.8751,4.12912,-2.61321,130.349,0.196023,-0.959349,0,0.0408593
0.315,0.205,14.843,4.07635,-2.49138,127.531,0.196023,-0.959349,0,0.0408593
0.315,0.215,14.8099,4.0238,-2.36978,124.749,0.196023,-0.959349,0,0.0408593
0.315,0.225,14.7756,3.97151,-2.2484,122.007,0.196023,-0.959349,0,0.0408593
0.315,0.235,14.7402,3.91954,-2.12722,119.306,0.196023,-0.959349,0,0.0408593
0.315,0.245,14.7036,3.86792,-2.00622,116.646,0.196023,-0.959349,0,0.0408593
0.315,0.255,14.6657,3.81668,-1.88539,114.03,0.196023,-0.959349,0,0.0408593
0.315,0.265,14.6264,3.76585,-1.7647,111.459,0.196023,-0.959349,0,0.0408593
0.315,0.275,14.5856,3.71542,-1.64417,108.933,0.196023,-0.959349,0,0.0408593
0.315,0.285,14.5434,3.66542,-1.52377,106.453,0.196023,-0.959349,0,0.0408593
0.315,0.295,14.4998,3.61586,-1.4035,104.021,0.196023,-0.959349,0,0.0408593
0.315,0.305,14.455,3.56673,-1.28337,101.64,0.196023,-0.959349,0,0.0408593
0.315,0.315,14.4089,3.51802,-1.16339,99.3096,0.196023,-0.959349,0,0.0408593
0.315,0.325,14.3619,3.4697,-1.0436,97.0323,0.196023,-0.959349,0,0.0408593
0.315,0.335,14.314,3.42174,-0.924031,94.8095,0.196023,-0.959349,0,0.0408593
0.315,0.345,14.2655,3.37409,-0.804722,92.6439,0.196023,-0.959349,0,0.0408593
0.315,0.355,14.2169,3.32673,-0.685745,90.5388,0.196023,-0.959349,0,0.0408593
0.315,0.365,14.1689,3.27958,-0.567196,88.4988,0.196023,-0.959349,0,0.0408593
0.315,0.375,14.1223,3.23258,-0.449218,86.5294,0.196023,-0.959349,0,0.0408593
0.315,0.385,14.078,3.18563,-0.331992,84.6366,0.196023,-0.959349,0,0.0408593
0.315,0.395,14.0372,3.13858,-0.215736,82.8282,0.196023,-0.959349,0,0.0408593
0.315,0.405,14.0019,3.09126,-0.100717,81.1147,0.196023,-0.959349,0,0.0408593
0.315,0.415,13.9841,3.04091,0.0131183,79.5259,0.196023,-0.959349,0,0.0408593
0.315,0.425,13.9893,2.98556,0.12568,78.0455,0.196023,-0.959349,0,0.0408593
0.315,0.435,14.0047,2.92969,0.23602,76.6995,0.196023,-0.959349,0,0.0408593
0.315,0.445,14.0362,2.87241,0.343031,75.5321,0.196023,-0.959349,0,0.0408593
0.315,0.455,14.0898,2.81309,0.445755,74.5858,0.196023,-0.959349,0,0.0408593
0.315,0.465,14.1767,2.74995,0.543276,73.9393,0.196023,-0.959349,0,0.0408593
0.315,0.475,14.3017,2.68288,0.635004,73.6186,0.196023,-0.959349,0,0.0408593
0.315,0.485,14.4629,2.6133,0.720106,73.6024,0.196023,-0.959349,0,0.0408593
0.315,0.495,14.6655,2.54081,0.797377,73.9195,0.196023,-0.959349,0,0.0408593
0.315,0.505,14.9141,2.4646,0.866078,74.5969,0.196023,-0.959349,0,0.0408593
0.315,0.515,15.2103,2.38402,0.926203,75.643,0.196023,-0.959349,0,0.0408593
0.315,0.525,15.5518,2.29857,0.978343,77.0465,0.196023,-0.959349,0,0.0408593
0.315,0.535,15.9329,2.20787,1.02351,78.778,0.196023,-0.959349,0,0.0408593
0.315,0.545,16.3438,2.11158,1.06288,80.7962,0.196023,-0.959349,0,0.0408593
0.315,0.555,16.7702,2.00946,1.09754,83.0547,0.196023,-0.959349,0,0.0408593
0.315,0.565,17.1898,1.90143,1.12831,85.5055,0.196023,-0.959349,0,0.0408593
0.315,0.575,17.5628,1.78762,1.15573,88.0978,0.196023,-0.959349,0,0.0408593
0.315,0.585,17.8175,1.66803,1.18009,90.7734,0.196023,-0.959349,0,0.0408593
0.315,0.595,17.833,1.54088,1.20175,93.464,0.196023,-0.959349,0,0.0408593
0.315,0.605,17.4348,1.3985,1.22177,96.0946,0.196023,-0.959349,0,0.0408593
0.315,0.615,16.4294,1.21918,1.24319,98.5989,0.196023,-0.959349,0,0.0408593
0.315,0.625,14.7033,0.952633,1.27336,100.954,0.196023,-0.959349,0,0.0408593
0.315,0.635,12.3741,0.496065,1.32806,103.219,0.196023,-0.959349,0,0.0408593
0.315,0.645,9.89158,-0.332118,1.43604,105.493,0.196023,-0.959349,0,0.0408593
0.315,0.655,7.90525,-1.76277,1.63273,107.66,0.196023,-0.959349,0,0.0408593
0.315,0.665,6.83433,-3.88351,1.92344,109.151,0.196023,-0.959349,0,0.0408593
0.315,0.675,6.76092,-6.41601,2.24667,109.453,0.196023,-0.959349,0,0.0408593
0.315,0.685,7.70984,-8.86739,2.51211,108.623,0.196023,-0.959349,0,0.0408593
0.315,0.695,9.8284,-10.8845,2.6651,106.28,0.196023,-0.959349,0,0.0408593
0.315,0.705,13.4222,-12.3568,2.70503,102.002,0.196023,-0.959349,0,0.0408593
0.315,0.715,18.9413,-13.3401,2.67818,96.3774,0.196023,-0.959349,0,0.0408593
0.315,0.725,27.1158,-13.9544,2.64528,91.7648,0.196023,-0.959349,0,0.0408593
0.315,0.735,39.0536,-14.3229,2.64644,90.3609,0.196023,-0.959349,0,0.0408593
0.315,0.745,56.0686,-14.5449,2.67544,92.2162,0.196023,-0.959349,0,0.0408593
0.315,0.755,79.0036,-14.6849,2.70315,95.2052,0.196023,-0.959349,0,0.0408593
0.315,0.765,107.422,-14.7789,2.70971,96.5765,0.196023,-0.959349,0,0.0408593
0.315,0.775,139.468,-14.8451,2.69261,94.7908,0.196023,-0.959349,0,0.0408593
0.315,0.785,172.744,-14.8925,2.66131,90.409,0.196023,-0.959349,0,0.0408593
0.315,0.795,205.698,-14.9262,2.6294,85.5615,0.196023,-0.959349,0,0.0408593
0.315,0.805,238.391,-14.9494,2.60818,82.5137,0.196023,-0.959349,0,0.0408593
0.315,0.815,272.064,-14.9649,2.60285,82.5363,0.196023,-0.959349,0,0.0408593
0.315,0.825,308.081,-14.975,2.61252,85.7505,0.196023,-0.959349,0,0.0408593
0.315,0.835,347.171,-14.9815,2.63297,91.6089,0.196023,-0.959349,0,0.0408593
0.315,0.845,389.288,-14.9859,2.65961,99.3944,0.196023,-0.959349,0,0.0408593
0.315,0.855,433.846,-14.989,2.68894,108.475,0.196023,-0.959349,0,0.0408593
0.315,0.865,480.006,-14.9913,2.71877,118.368,0.196023,-0.959349,0,0.0408593
0.315,0.875,526.874,-14.9931,2.74788,128.72,0.196023,-0.959349,0,0.0408593
0.315,0.885,573.597,-14.9945,2.77563,139.265,0.196023,-0.959349,0,0.0408593
0.315,0.895,619.405,-14.9956,2.80172,149.8,0.196023,-0.959349,0,0.0408593
0.315,0.905,663.625,-14.9965,2.82601,160.158,0.196023,-0.959349,0,0.0408593
0.315,0.915,705.691,-14.9972,2.84843,170.2,0.196023,-0.959349,0,0.0408593
0.315,0.925,745.143,-14.9978,2.86899,179.809,0.196023,-0.959349,0,0.0408593
0.315,0.935,781.631,-14.9983,2.88768,188.886,0.196023,-0.959349,0,0.0408593
0.315,0.945,814.917,-14.9987,2.90455,197.35,0.196023,-0.959349,0,0.0408593
0.315,0.955,844.87,-14.999,2.91964,205.142,0.196023,-0.959349,0,0.0408593
0.315,0.965,871.455,-14.9993,2.93302,212.219,0.196023,-0.959349,0,0.0408593
0.315,0.975,894.728,-14.9995,2.94476,218.561,0.196023,-0.959349,0,0.0408593
0.315,0.985,914.821,-14.9996,2.95495,224.164,0.196023,-0.959349,0,0.0408593
0.315,0.995,931.927,-14.9997,2.96369,229.043,0.196023,-0.959349,0,0.0408593
0.325,0.005,15.2849,5.15194,-4.94674,185.059,0.172708,-0.891802,0,0.0342214
0.325,0.015,15.2383,5.11079,-4.82119,181.913,0.172708,-0.891802,0,0.0342214
0.325,0.025,15.1939,5.06835,-4.69573,178.769,0.172708,-0.891802,0,0.0342214
0.325,0.035,15.1516,5.02468,-4.5704,175.629,0.172708,-0.891802,0,0.0342214
0.325,0.045,15.1112,4.97984,-4.44521,172.494,0.172708,-0.891802,0,0.0342214
0.325,0.055,15.0723,4.93387,-4.32019,169.366,0.172708,-0.891802,0,0.0342214
0.325,0.065,15.0348,4.88685,-4.19537,166.247,0.172708,-0.891802,0,0.0342214
0.325,0.075,14.9985,4.83881,-4.07075,163.138,0.172708,-0.891802,0,0.0342214
0.325,0.085,14.9632,4.7898,-3.94635,160.042,0.172708,-0.891802,0,0.0342214
0.325,0.095,14.9305,4.73987,-3.82168,156.989,0.172708,-0.891802,0,0.0342214
0.325,0.105,14.8994,4.68925,-3.69699,153.968,0.172708,-0.891802,0,0.0342214
0.325,0.115,14.8688,4.63814,-3.57259,150.964,0.172708,-0.891802,0,0.0342214
0.325,0.125,14.8384,4.58661,-3.44847,147.98,0.172708,-0.891802,0,0.0342214
0.325,0.135,14.8082,4.53476,-3.32465,145.019,0.172708,-0.891802,0,0.0342214
0.325,0.145,14.778,4.48265,-3.20111,142.083,0.172708,-0.891802,0,0.0342214
0.325,0.155,14.7477,4.43037,-3.07788,139.174,0.172708,-0.891802,0,0.0342214
0.325,0.165,14.7171,4.37798,-2.95493,136.293,0.172708,-0.891802,0,0.0342214
0.325,0.175,14.6861,4.32558,-2.83225,133.443,0.172708,-0.891802,0,0.0342214
0.325,0.185,14.6546,4.27321,-2.70984,130.625,0.172708,-0.891802,0,0.0342214
0.325,0.195,14.6224,4.22095,-2.58767,127.841,0.172708,-0.891802,0,0.0342214
0.325,0.205,14.5894,4.16883,-2.46573,125.093,0.172708,-0.891802,0,0.0342214
0.325,0.215,14.5556,4.11691,-2.34402,122.382,0.172708,-0.891802,0,0.0342214
0.325,0.225,14.5207,4.06524,-2.2225,119.709,0.172708,-0.891802,0,0.0342214
0.325,0.235,14.4847,4.01385,-2.10118,117.075,0.172708,-0.891802,0,0.0342214
0.325,0.245,14.4476,3.9628,-1.98004,114.482,0.172708,-0.891802,0,0.0342214
0.325,0.255,14.4093,3.9121,-1.85906,111.931,0.172708,-0.891802,0,0.0342214
0.325,0.265,14.3697,3.86177,-1.73822,109.423,0.172708,-0.891802,0,0.0342214
0.325,0.275,14.3287,3.81182,-1.61753,106.96,0.172708,-0.891802,0,0.0342214
0.325,0.285,14.2864,3.76225,-1.49699,104.541,0.172708,-0.891802,0,0.0342214
0.325,0.295,14.2428,3.71309,-1.37658,102.169,0.172708,-0.891802,0,0.0342214
0.325,0.305,14.198,3.66431,-1.25634,99.8451,0.172708,-0.891802,0,0.0342214
0.325,0.315,14.1521,3.61592,-1.13626,97.571,0.172708,-0.891802,0,0.0342214
0.325,0.325,14.1053,3.56789,-1.01638,95.3483,0.172708,-0.891802,0,0.0342214
0.325,0.335,14.0578,3.52017,-0.896748,93.1788,0.172708,-0.891802,0,0.0342214
0.325,0.345,14.0098,3.47273,-0.777409,91.0652,0.172708,-0.891802,0,0.0342214
0.325,0.355,13.9619,3.42552,-0.658446,89.0109,0.172708,-0.891802,0,0.0342214
0.325,0.365,13.9146,3.37848,-0.539964,87.0206,0.172708,-0.891802,0,0.0342214
0.325,0.375,13.8689,3.33154,-0.422103,85.0997,0.172708,-0.891802,0,0.0342214
0.325,0.385,13.8257,3.28462,-0.305047,83.2546,0.172708,-0.891802,0,0.0342214
0.325,0.395,13.7862,3.23756,-0.189032,81.4932,0.172708,-0.891802,0,0.0342214
0.325,0.405,13.7524,3.19018,-0.074356,79.8262,0.172708,-0.891802,0,0.0342214
0.325,0.415,13.7422,3.13807,0.0391884,78.2919,0.172708,-0.891802,0,0.0342214
0.325,0.425,13.7478,3.08264,0.151311,76.8514,0.172708,-0.891802,0,0.0342214
0.325,0.435,13.7649,3.02646,0.260822,75.5552,0.172708,-0.891802,0,0.0342214
0.325,0.445,13.7984,2.96884,0.36673,74.4392,0.172708,-0.891802,0,0.0342214
0.325,0.455,13.8533,2.90934,0.468085,73.538,0.172708,-0.891802,0,0.0342214
0.325,0.465,13.9351,2.84734,0.563878,72.889,0.172708,-0.891802,0,0.0342214
0.325,0.475,14.0513,2.78216,0.6531,72.5391,0.172708,-0.891802,0,0.0342214
0.325,0.485,14.2148,2.71184,0.734983,72.573,0.172708,-0.891802,0,0.0342214
0.325,0.495,14.4279,2.63655,0.80935,72.9984,0.172708,-0.891802,0,0.0342214
0.325,0.505,14.6856,2.55811,0.875886,73.7714,0.172708,-0.891802,0,0.0342214
0.325,0.515,14.9902,2.47536,0.934086,74.9085,0.172708,-0.891802,0,0.0342214
0.325,0.525,15.3387,2.38774,0.984523,76.3924,0.172708,-0.891802,0,0.0342214
0.325,0.535,15.7244,2.29486,1.02821,78.1891,0.172708,-0.891802,0,0.0342214
0.325,0.545,16.1371,2.19641,1.06629,80.2551,0.172708,-0.891802,0,0.0342214
0.325,0.555,16.5623,2.09216,1.09979,82.5437,0.172708,-0.891802,0,0.0342214
0.325,0.565,16.9766,1.98203,1.12948,85.0075,0.172708,-0.891802,0,0.0342214
0.325,0.575,17.3387,1.86618,1.15582,87.596,0.172708,-0.891802,0,0.0342214
0.325,0.585,17.5731,1.74459,1.17907,90.2515,0.172708,-0.891802,0,0.0342214
0.325,0.595,17.5537,1.61514,1.19963,92.9065,0.172708,-0.891802,0,0.0342214
0.325,0.605,17.1011,1.4691,1.21871,95.4885,0.172708,-0.891802,0,0.0342214
0.325,0.615,16.0245,1.28218,1.23982,97.9375,0.172708,-0.891802,0,0.0342214
0.325,0.625,14.2298,0.998939,1.27129,100.241,0.172708,-0.891802,0,0.0342214
0.325,0.635,11.8735,0.50782,1.33059,102.467,0.172708,-0.891802,0,0.0342214
0.325,0.645,9.44482,-0.382025,1.44832,104.697,0.172708,-0.891802,0,0.0342214
0.325,0.655,7.58486,-1.89394,1.658,106.739,0.172708,-0.891802,0,0.0342214
0.325,0.665,6.64748,-4.0738,1.95552,107.991,0.172708,-0.891802,0,0.0342214
0.325,0.675,6.67399,-6.6062,2.27089,108.072,0.172708,-0.891802,0,0.0342214
0.325,0.685,7.68452,-9.0161,2.51881,107.039,0.172708,-0.891802,0,0.0342214
0.325,0.695,9.83171,-10.985,2.65392,104.469,0.172708,-0.891802,0,0.0342214
0.325,0.705,13.4219,-12.4188,2.68245,100.009,0.172708,-0.891802,0,0.0342214
0.325,0.715,18.9126,-13.375,2.65391,94.4698,0.172708,-0.891802,0,0.0342214
0.325,0.725,27.0699,-13.9716,2.6279,90.3461,0.172708,-0.891802,0,0.0342214
0.325,0.735,39.0551,-14.3299,2.63894,89.6779,0.172708,-0.891802,0,0.0342214
0.325,0.745,56.2039,-14.5471,2.67525,92.1932,0.172708,-0.891802,0,0.0342214
0.325,0.755,79.3184,-14.6854,2.70597,95.5385,0.172708,-0.891802,0,0.0342214
0.325,0.765,107.87,-14.7791,2.71234,96.9089,0.172708,-0.891802,0,0.0342214
0.325,0.775,139.908,-14.8454,2.69355,94.8642,0.172708,-0.891802,0,0.0342214
0.325,0.785,173.009,-14.8931,2.66038,90.1556,0.172708,-0.891802,0,0.0342214
0.325,0.795,205.692,-14.9268,2.62725,85.0848,0.172708,-0.891802,0,0.0342214
0.325,0.805,238.139,-14.95,2.60571,81.9794,0.172708,-0.891802,0,0.0342214
0.325,0.815,271.676,-14.9653,2.60072,82.0691,0.172708,-0.891802,0,0.0342214
0.325,0.825,307.678,-14.9752,2.61099,85.401,0.172708,-0.891802,0,0.0342214
0.325,0.835,346.83,-14.9817,2.63201,91.374,0.172708,-0.891802,0,0.0342214
0.325,0.845,389.037,-14.986,2.65906,99.2482,0.172708,-0.891802,0,0.0342214
0.325,0.855,433.679,-14.9891,2.68864,108.39,0.172708,-0.891802,0,0.0342214
0.325,0.865,479.904,-14.9913,2.71862,118.321,0.172708,-0.891802,0,0.0342214
0.325,0.875,526.815,-14.9931,2.7478,128.694,0.172708,-0.891802,0,0.0342214
0.325,0.885,573.564,-14.9945,2.7756,139.252,0.172708,-0.891802,0,0.0342214
0.325,0.895,619.387,-14.9956,2.80171,149.793,0.172708,-0.891802,0,0.0342214
0.325,0.905,663.617,-14.9965,2.826,160.155,0.172708,-0.891802,0,0.0342214
0.325,0.915,705.687,-14.9972,2.84843,170.199,0.172708,-0.891802,0,0.0342214
0.325,0.925,745.141,-14.9978,2.86898,179.808,0.172708,-0.891802,0,0.0342214
0.325,0.935,781.63,-14.9983,2.88768,188.885,0.172708,-0.891802,0,0.0342214
0.325,0.945,814.917,-14.9987,2.90455,197.35,0.172708,-0.891802,0,0.0342214
0.325,0.955,844.869,-14.999,2.91964,205.141,0.172708,-0.891802,0,0.0342214
0.325,0.965,871.454,-14.9993,2.93302,212.219,0.172708,-0.891802,0,0.0342214
0.325,0.975,894.728,-14.9995,2.94476,218.561,0.172708,-0.891802,0,0.0342214
0.325,0.985,914.821,-14.9996,2.95495,224.164,0.172708,-0.891802,0,0.0342214
0.325,0.995,931.927,-14.9997,2.96369,229.043,0.172708,-0.891802,0,0.0342214
0.335,0.005,15.063,5.23285,-4.921,181.33,0.151666,-0.824254,0,0.0285301
0.335,0.015,15.0152,5.1921,-4.79558,178.248,0.151666,-0.824254,0,0.0285301
0.335,0.025,14.9697,5.1501,-4.67024,175.169,0.151666,-0.824254,0,0.0285301
0.335,0.035,14.9261,5.10689,-4.54502,172.095,0.151666,-0.824254,0,0.0285301
0.335,0.045,14.8844,5.06253,-4.41994,169.026,0.151666,-0.824254,0,0.0285301
0.335,0.055,14.8442,5.01707,-4.29502,165.965,0.151666,-0.824254,0,0.0285301
0.335,0.065,14.8053,4.97056,-4.17028,162.914,0.151666,-0.824254,0,0.0285301
0.335,0.075,14.7676,4.92306,-4.04574,159.874,0.151666,-0.824254,0,0.0285301
0.335,0.085,14.731,4.8746,-3.92137,156.849,0.151666,-0.824254,0,0.0285301
0.335,0.095,14.6974,4.82524,-3.79664,153.872,0.151666,-0.824254,0,0.0285301
0.335,0.105,14.665,4.77524,-3.67198,150.921,0.151666,-0.824254,0,0.0285301
0.335,0.115,14.6331,4.72476,-3.54759,147.987,0.151666,-0.824254,0,0.0285301
0.335,0.125,14.6014,4.67389,-3.42348,145.074,0.151666,-0.824254,0,0.0285301
0.335,0.135,14.57,4.62269,-3.29965,142.184,0.151666,-0.824254,0,0.0285301
0.335,0.145,14.5386,4.57125,-3.1761,139.318,0.151666,-0.824254,0,0.0285301
0.335,0.155,14.5072,4.51964,-3.05282,136.479,0.151666,-0.824254,0,0.0285301
0.335,0.165,14.4755,4.46793,-2.92982,133.669,0.151666,-0.824254,0,0.0285301
0.335,0.175,14.4435,4.41619,-2.80707,130.888,0.151666,-0.824254,0,0.0285301
0.335,0.185,14.411,4.36448,-2.68458,128.14,0.151666,-0.824254,0,0.0285301
0.335,0.195,14.378,4.31286,-2.56231,125.425,0.151666,-0.824254,0,0.0285301
0.335,0.205,14.3442,4.26138,-2.44026,122.744,0.151666,-0.824254,0,0.0285301
0.335,0.215,14.3097,4.21007,-2.31842,120.1,0.151666,-0.824254,0,0.0285301
0.335,0.225,14.2742,4.15899,-2.19677,117.493,0.151666,-0.824254,0,0.0285301
0.335,0.235,14.2377,4.10817,-2.07531,114.924,0.151666,-0.824254,0,0.0285301
0.335,0.245,14.2001,4.05765,-1.95402,112.395,0.151666,-0.824254,0,0.0285301
0.335,0.255,14.1614,4.00745,-1.83289,109.907,0.151666,-0.824254,0,0.0285301
0.335,0.265,14.1215,3.9576,-1.7119,107.46,0.151666,-0.824254,0,0.0285301
0.335,0.275,14.0803,3.90809,-1.59106,105.056,0.151666,-0.824254,0,0.0285301
0.335,0.285,14.0379,3.85894,-1.47037,102.696,0.151666,-0.824254,0,0.0285301
0.335,0.295,13.9942,3.81014,-1.34984,100.381,0.151666,-0.824254,0,0.0285301
0.335,0.305,13.9495,3.7617,-1.22948,98.1123,0.151666,-0.824254,0,0.0285301
0.335,0.315,13.9037,3.71359,-1.10931,95.8921,0.151666,-0.824254,0,0.0285301
0.335,0.325,13.8571,3.66581,-0.989354,93.7218,0.151666,-0.824254,0,0.0285301
0.335,0.335,13.8099,3.6183,-0.869665,91.6036,0.151666,-0.824254,0,0.0285301
0.335,0.345,13.7624,3.57103,-0.750305,89.54,0.151666,-0.824254,0,0.0285301
0.335,0.355,13.7151,3.52394,-0.631362,87.5347,0.151666,-0.824254,0,0.0285301
0.335,0.365,13.6686,3.47698,-0.512949,85.5924,0.151666,-0.824254,0,0.0285301
0.335,0.375,13.6238,3.43007,-0.395215,83.7185,0.151666,-0.824254,0,0.0285301
0.335,0.385,13.5817,3.38312,-0.27835,81.9201,0.151666,-0.824254,0,0.0285301
0.335,0.395,13.5438,3.33599,-0.162606,80.2057,0.151666,-0.824254,0,0.0285301
0.335,0.405,13.5132,3.28811,-0.0482381,78.5895,0.151666,-0.824254,0,0.0285301
0.335,0.415,13.508,3.23465,0.0649856,77.0994,0.151666,-0.824254,0,0.0285301
0.335,0.425,13.5149,3.17897,0.176571,75.7059,0.151666,-0.824254,0,0.0285301
0.335,0.435,13.5345,3.12233,0.285213,74.4636,0.151666,-0.824254,0,0.0285301
0.335,0.445,13.5708,3.0642,0.389999,73.4044,0.151666,-0.824254,0,0.0285301
0.335,0.455,13.629,3.00412,0.489968,72.5627,0.151666,-0.824254,0,0.0285301
0.335,0.465,13.7146,2.94151,0.584099,71.9745,0.151666,-0.824254,0,0.0285301
0.335,0.475,13.8341,2.87583,0.671358,71.6802,0.151666,-0.824254,0,0.0285301
0.335,0.485,13.9941,2.80633,0.750856,71.7192,0.151666,-0.824254,0,0.0285301
0.335,0.495,14.2026,2.73189,0.822035,72.1411,0.151666,-0.824254,0,0.0285301
0.335,0.505,14.4688,2.65071,0.885162,73.0054,0.151666,-0.824254,0,0.0285301
0.335,0.515,14.7795,2.56572,0.940988,74.2162,0.151666,-0.824254,0,0.0285301
0.335,0.525,15.1328,2.476,0.989522,75.7649,0.151666,-0.824254,0,0.0285301
0.335,0.535,15.5213,2.38105,1.03164,77.6144,0.151666,-0.824254,0,0.0285301
0.335,0.545,15.9345,2.2805,1.0684,79.7193,0.151666,-0.824254,0,0.0285301
0.335,0.555,16.3573,2.17413,1.10074,82.0322,0.151666,-0.824254,0,0.0285301
0.335,0.565,16.7657,2.06188,1.12934,84.5053,0.151666,-0.824254,0,0.0285301
0.335,0.575,17.1158,1.94397,1.1546,87.0881,0.151666,-0.824254,0,0.0285301
0.335,0.585,17.3285,1.82031,1.17676,89.7224,0.151666,-0.824254,0,0.0285301
0.335,0.595,17.2714,1.68841,1.19623,92.3413,0.151666,-0.824254,0,0.0285301
0.335,0.605,16.761,1.53826,1.21446,94.8747,0.151666,-0.824254,0,0.0285301
0.335,0.615,15.6103,1.3427,1.23548,97.2694,0.151666,-0.824254,0,0.0285301
0.335,0.625,13.7482,1.04055,1.26873,99.5244,0.151666,-0.824254,0,0.0285301
0.335,0.635,11.373,0.510964,1.33354,101.713,0.151666,-0.824254,0,0.0285301
0.335,0.645,9.01122,-0.445035,1.46207,103.89,0.151666,-0.824254,0,0.0285301
0.335,0.655,7.28439,-2.03815,1.68475,105.785,0.151666,-0.824254,0,0.0285301
0.335,0.665,6.47716,-4.26921,1.98704,106.784,0.151666,-0.824254,0,0.0285301
0.335,0.675,6.59677,-6.79286,2.29219,106.658,0.151666,-0.824254,0,0.0285301
0.335,0.685,7.66192,-9.15855,2.52183,105.43,0.151666,-0.824254,0,0.0285301
0.335,0.695,9.83142,-11.0802,2.63973,102.645,0.151666,-0.824254,0,0.0285301
0.335,0.705,13.4133,-12.477,2.65825,98.0445,0.151666,-0.824254,0,0.0285301
0.335,0.715,18.876,-13.4072,2.6296,92.6545,0.151666,-0.824254,0,0.0285301
0.335,0.725,27.0236,-13.9869,2.61165,89.0721,0.151666,-0.824254,0,0.0285301
0.335,0.735,39.0683,-14.3359,2.63283,89.1487,0.151666,-0.824254,0,0.0285301
0.335,0.745,56.3615,-14.5488,2.6761,92.2953,0.151666,-0.824254,0,0.0285301
0.335,0.755,79.659,-14.6858,2.70936,95.9508,0.151666,-0.824254,0,0.0285301
0.335,0.765,108.337,-14.7793,2.71518,97.272,0.151666,-0.824254,0,0.0285301
0.335,0.775,140.353,-14.8458,2.69445,94.9303,0.151666,-0.824254,0,0.0285301
0.335,0.785,173.262,-14.8937,2.65931,89.8766,0.151666,-0.824254,0,0.0285301
0.335,0.795,205.663,-14.9275,2.62497,84.5833,0.151666,-0.824254,0,0.0285301
0.335,0.805,237.865,-14.9505,2.60316,81.4312,0.151666,-0.824254,0,0.0285301
0.335,0.815,271.276,-14.9657,2.59856,81.5993,0.151666,-0.824254,0,0.0285301
0.335,0.825,307.273,-14.9755,2.60947,85.0554,0.151666,-0.824254,0,0.0285301
0.335,0.835,346.495,-14.9818,2.63107,91.1451,0.151666,-0.824254,0,0.0285301
0.335,0.845,388.794,-14.9861,2.65852,99.1076,0.151666,-0.824254,0,0.0285301
0.335,0.855,433.52,-14.9891,2.68836,108.308,0.151666,-0.824254,0,0.0285301
0.335,0.865,479.807,-14.9914,2.71848,118.276,0.151666,-0.824254,0,0.0285301
0.335,0.875,526.759,-14.9931,2.74773,128.67,0.151666,-0.824254,0,0.0285301
0.335,0.885,573.534,-14.9945,2.77556,139.239,0.151666,-0.824254,0,0.0285301
0.335,0.895,619.372,-14.9956,2.80169,149.787,0.151666,-0.824254,0,0.0285301
0.335,0.905,663.609,-14.9965,2.82599,160.152,0.151666,-0.824254,0,0.0285301
0.335,0.915,705.683,-14.9972,2.84843,170.198,0.151666,-0.824254,0,0.0285301
0.335,0.925,745.139,-14.9978,2.86898,179.808,0.151666,-0.824254,0,0.0285301
0.335,0.935,781.629,-14.9983,2.88768,188.885,0.151666,-0.824254,0,0.0285301
0.335,0.945,814.917,-14.9987,2.90455,197.35,0.151666,-0.824254,0,0.0285301
0.335,0.955,844.869,-14.999,2.91964,205.141,0.151666,-0.824254,0,0.0285301
0.335,0.965,871.454,-14.9993,2.93302,212.219,0.151666,-0.824254,0,0.0285301
0.335,0.975,894.728,-14.9995,2.94476,218.561,0.151666,-0.824254,0,0.0285301
0.335,0.985,914.821,-14.9996,2.95495,224.164,0.151666,-0.824254,0,0.0285301
0.335,0.995,931.927,-14.9997,2.96369,229.043,0.151666,-0.824254,0,0.0285301
0.345,0.005,14.8467,5.31401,-4.89563,177.719,0.132727,-0.756707,0,0.0236702
0.345,0.015,14.798,5.27368,-4.77032,174.7,0.132727,-0.756707,0,0.0236702
0.345,0.025,14.7513,5.23211,-4.64509,171.685,0.132727,-0.756707,0,0.0236702
0.345,0.035,14.7066,5.18936,-4.51998,168.675,0.132727,-0.756707,0,0.0236702
0.345,0.045,14.6637,5.14547,-4.39499,165.672,0.132727,-0.756707,0,0.0236702
0.345,0.055,14.6223,5.10052,-4.27016,162.677,0.132727,-0.756707,0,0.0236702
0.345,0.065,14.5822,5.05453,-4.1455,159.692,0.132727,-0.756707,0,0.0236702
0.345,0.075,14.5432,5.00755,-4.02102,156.719,0.132727,-0.756707,0,0.0236702
0.345,0.085,14.5056,4.95963,-3.89664,153.765,0.132727,-0.756707,0,0.0236702
0.345,0.095,14.4711,4.91084,-3.77186,150.861,0.132727,-0.756707,0,0.0236702
0.345,0.105,14.4375,4.86147,-3.64722,147.977,0.132727,-0.756707,0,0.0236702
0.345,0.115,14.4043,4.81162,-3.52284,145.112,0.132727,-0.756707,0,0.0236702
0.345,0.125,14.3716,4.76138,-3.39872,142.268,0.132727,-0.756707,0,0.0236702
0.345,0.135,14.339,4.71083,-3.27487,139.446,0.132727,-0.756707,0,0.0236702
0.345,0.145,14.3065,4.66005,-3.15129,136.649,0.132727,-0.756707,0,0.0236702
0.345,0.155,14.274,4.60909,-3.02796,133.879,0.132727,-0.756707,0,0.0236702
0.345,0.165,14.2414,4.55804,-2.9049,131.136,0.132727,-0.756707,0,0.0236702
0.345,0.175,14.2085,4.50694,-2.78208,128.423,0.132727,-0.756707,0,0.0236702
0.345,0.185,14.1751,4.45587,-2.65949,125.741,0.132727,-0.756707,0,0.0236702
0.345,0.195,14.1413,4.40488,-2.53712,123.092,0.132727,-0.756707,0,0.0236702
0.345,0.205,14.1068,4.354,-2.41495,120.477,0.132727,-0.756707,0,0.0236702
0.345,0.215,14.0716,4.30328,-2.29298,117.897,0.132727,-0.756707,0,0.0236702
0.345,0.225,14.0355,4.25277,-2.1712,115.354,0.132727,-0.756707,0,0.0236702
0.345,0.235,13.9985,4.20249,-2.04959,112.847,0.132727,-0.756707,0,0.0236702
0.345,0.245,13.9604,4.15248,-1.92815,110.379,0.132727,-0.756707,0,0.0236702
0.345,0.255,13.9213,4.10276,-1.80687,107.951,0.132727,-0.756707,0,0.0236702
0.345,0.265,13.8811,4.05336,-1.68573,105.563,0.132727,-0.756707,0,0.0236702
0.345,0.275,13.8397,4.00427,-1.56475,103.216,0.132727,-0.756707,0,0.0236702
0.345,0.285,13.7971,3.95549,-1.44393,100.911,0.132727,-0.756707,0,0.0236702
0.345,0.295,13.7534,3.90704,-1.32327,98.6506,0.132727,-0.756707,0,0.0236702
0.345,0.305,13.7087,3.85889,-1.2028,96.4351,0.132727,-0.756707,0,0.0236702
0.345,0.315,13.663,3.81105,-1.08253,94.2665,0.132727,-0.756707,0,0.0236702
0.345,0.325,13.6166,3.76349,-0.962511,92.1465,0.132727,-0.756707,0,0.0236702
0.345,0.335,13.5697,3.71616,-0.842779,90.0774,0.132727,-0.756707,0,0.0236702
0.345,0.345,13.5226,3.66903,-0.723408,88.062,0.132727,-0.756707,0,0.0236702
0.345,0.355,13.4759,3.62204,-0.604495,86.1039,0.132727,-0.756707,0,0.0236702
0.345,0.365,13.4301,3.57512,-0.486162,84.208,0.132727,-0.756707,0,0.0236702
0.345,0.375,13.3863,3.5282,-0.368567,82.3801,0.132727,-0.756707,0,0.0236702
0.345,0.385,13.3454,3.48119,-0.251914,80.6274,0.132727,-0.756707,0,0.0236702
0.345,0.395,13.3089,3.43392,-0.136463,78.9593,0.132727,-0.756707,0,0.0236702
0.345,0.405,13.2827,3.38516,-0.0223723,77.3945,0.132727,-0.756707,0,0.0236702
0.345,0.415,13.2809,3.33074,0.0904917,75.9441,0.132727,-0.756707,0,0.0236702
0.345,0.425,13.2894,3.27473,0.201431,74.5997,0.132727,-0.756707,0,0.0236702
0.345,0.435,13.3115,3.21758,0.309151,73.4121,0.132727,-0.756707,0,0.0236702
0.345,0.445,13.3511,3.15886,0.412767,72.4112,0.132727,-0.756707,0,0.0236702
0.345,0.455,13.4131,3.09809,0.511303,71.6314,0.132727,-0.756707,0,0.0236702
0.345,0.465,13.5033,3.03471,0.603724,71.1091,0.132727,-0.756707,0,0.0236702
0.345,0.475,13.6281,2.96813,0.689005,70.883,0.132727,-0.756707,0,0.0236702
0.345,0.485,13.7933,2.8977,0.766276,70.989,0.132727,-0.756707,0,0.0236702
0.345,0.495,14.0043,2.82279,0.834978,71.4561,0.132727,-0.756707,0,0.0236702
0.345,0.505,14.2644,2.74253,0.895074,72.3058,0.132727,-0.756707,0,0.0236702
0.345,0.515,14.5815,2.65482,0.947553,73.5915,0.132727,-0.756707,0,0.0236702
0.345,0.525,14.9373,2.56295,0.993831,75.1889,0.132727,-0.756707,0,0.0236702
0.345,0.535,15.3266,2.46601,1.03417,77.0761,0.132727,-0.756707,0,0.0236702
0.345,0.545,15.7385,2.36347,1.06946,79.2076,0.132727,-0.756707,0,0.0236702
0.345,0.555,16.1576,2.25505,1.10053,81.5354,0.132727,-0.756707,0,0.0236702
0.345,0.565,16.5586,2.14072,1.12797,84.0115,0.132727,-0.756707,0,0.0236702
0.345,0.575,16.8955,2.02074,1.1521,86.5839,0.132727,-0.756707,0,0.0236702
0.345,0.585,17.0842,1.89498,1.17313,89.1936,0.132727,-0.756707,0,0.0236702
0.345,0.595,16.9863,1.76046,1.19154,91.7737,0.132727,-0.756707,0,0.0236702
0.345,0.605,16.4139,1.60574,1.20901,94.2569,0.132727,-0.756707,0,0.0236702
0.345,0.615,15.1863,1.40033,1.2302,96.5973,0.132727,-0.756707,0,0.0236702
0.345,0.625,13.2586,1.07674,1.2658,98.8049,0.132727,-0.756707,0,0.0236702
0.345,0.635,10.874,0.504435,1.33711,100.956,0.132727,-0.756707,0,0.0236702
0.345,0.645,8.59285,-0.521984,1.47749,103.068,0.132727,-0.756707,0,0.0236702
0.345,0.655,7.00451,-2.19479,1.71281,104.793,0.132727,-0.756707,0,0.0236702
0.345,0.665,6.32275,-4.46811,2.0175,105.532,0.132727,-0.756707,0,0.0236702
0.345,0.675,6.52835,-6.97485,2.31023,105.216,0.132727,-0.756707,0,0.0236702
0.345,0.685,7.64115,-9.29441,2.52116,103.803,0.132727,-0.756707,0,0.0236702
0.345,0.695,9.827,-11.1702,2.62268,100.819,0.132727,-0.756707,0,0.0236702
0.345,0.705,13.3969,-12.5315,2.63267,96.1207,0.132727,-0.756707,0,0.0236702
0.345,0.715,18.8328,-13.4368,2.60552,90.9438,0.132727,-0.756707,0,0.0236702
0.345,0.725,26.9787,-14.0006,2.59667,87.9479,0.132727,-0.756707,0,0.0236702
0.345,0.735,39.0951,-14.3408,2.62815,88.7718,0.132727,-0.756707,0,0.0236702
0.345,0.745,56.5424,-14.55,2.67797,92.5175,0.132727,-0.756707,0,0.0236702
0.345,0.755,80.0252,-14.6859,2.71328,96.4364,0.132727,-0.756707,0,0.0236702
0.345,0.765,108.823,-14.7794,2.71817,97.6602,0.132727,-0.756707,0,0.0236702
0.345,0.775,140.801,-14.8462,2.6953,94.9845,0.132727,-0.756707,0,0.0236702
0.345,0.785,173.5,-14.8943,2.6581,89.5691,0.132727,-0.756707,0,0.0236702
0.345,0.795,205.611,-14.9281,2.62255,84.0563,0.132727,-0.756707,0,0.0236702
0.345,0.805,237.57,-14.9511,2.60052,80.8699,0.132727,-0.756707,0,0.0236702
0.345,0.815,270.865,-14.9661,2.59639,81.1277,0.132727,-0.756707,0,0.0236702
0.345,0.825,306.867,-14.9758,2.60797,84.7144,0.132727,-0.756707,0,0.0236702
0.345,0.835,346.165,-14.982,2.63015,90.9225,0.132727,-0.756707,0,0.0236702
0.345,0.845,388.559,-14.9862,2.65801,98.9728,0.132727,-0.756707,0,0.0236702
0.345,0.855,433.367,-14.9892,2.68809,108.231,0.132727,-0.756707,0,0.0236702
0.345,0.865,479.715,-14.9914,2.71834,118.234,0.132727,-0.756707,0,0.0236702
0.345,0.875,526.708,-14.9931,2.74767,128.648,0.132727,-0.756707,0,0.0236702
0.345,0.885,573.506,-14.9945,2.77553,139.228,0.132727,-0.756707,0,0.0236702
0.345,0.895,619.358,-14.9956,2.80168,149.782,0.132727,-0.756707,0,0.0236702
0.345,0.905,663.602,-14.9965,2.82599,160.149,0.132727,-0.756707,0,0.0236702
0.345,0.915,705.68,-14.9972,2.84842,170.196,0.132727,-0.756707,0,0.0236702
0.345,0.925,745.137,-14.9978,2.86898,179.807,0.132727,-0.756707,0,0.0236702
0.345,0.935,781.629,-14.9983,2.88768,188.885,0.132727,-0.756707,0,0.0236702
0.345,0.945,814.916,-14.9987,2.90455,197.35,0.132727,-0.756707,0,0.0236702
0.345,0.955,844.869,-14.999,2.91964,205.141,0.132727,-0.756707,0,0.0236702
0.345,0.965,871.454,-14.9993,2.93302,212.219,0.132727,-0.756707,0,0.0236702
0.345,0.975,894.728,-14.9995,2.94476,218.561,0.132727,-0.756707,0,0.0236702
0.345,0.985,914.821,-14.9996,2.95495,224.164,0.132727,-0.756707,0,0.0236702
0.345,0.995,931.927,-14.9997,2.96369,229.043,0.132727,-0.756707,0,0.0236702
0.355,0.005,14.6359,5.39544,-4.87059,174.221,0.115729,-0.68916,0,0.0195379
0.355,0.015,14.5862,5.35551,-4.74539,171.264,0.115729,-0.68916,0,0.0195379
0.355,0.025,14.5386,5.31437,-4.62026,168.312,0.115729,-0.68916,0,0.0195379
0.355,0.035,14.4929,5.27208,-4.49524,165.365,0.115729,-0.68916,0,0.0195379
0.355,0.045,14.4489,5.22868,-4.37034,162.425,0.115729,-0.68916,0,0.0195379
0.355,0.055,14.4064,5.18421,-4.24558,159.495,0.115729,-0.68916,0,0.0195379
0.355,0.065,14.3652,5.13873,-4.12099,156.575,0.115729,-0.68916,0,0.0195379
0.355,0.075,14.3251,5.09228,-3.99657,153.667,0.115729,-0.68916,0,0.0195379
0.355,0.085,14.2866,5.04489,-3.87214,150.784,0.115729,-0.68916,0,0.0195379
0.355,0.095,14.2512,4.99669,-3.74732,147.949,0.115729,-0.68916,0,0.0195379
0.355,0.105,14.2164,4.94792,-3.62269,145.132,0.115729,-0.68916,0,0.0195379
0.355,0.115,14.1822,4.89868,-3.4983,142.333,0.115729,-0.68916,0,0.0195379
0.355,0.125,14.1484,4.84907,-3.37417,139.556,0.115729,-0.68916,0,0.0195379
0.355,0.135,14.1148,4.79916,-3.25029,136.801,0.115729,-0.68916,0,0.0195379
0.355,0.145,14.0814,4.74902,-3.12666,134.07,0.115729,-0.68916,0,0.0195379
0.355,0.155,14.0479,4.69871,-3.00328,131.365,0.115729,-0.68916,0,0.0195379
0.355,0.165,14.0143,4.64829,-2.88014,128.688,0.115729,-0.68916,0,0.0195379
0.355,0.175,13.9805,4.59782,-2.75724,126.04,0.115729,-0.68916,0,0.0195379
0.355,0.185,13.9464,4.54737,-2.63455,123.423,0.115729,-0.68916,0,0.0195379
0.355,0.195,13.9118,4.49698,-2.51207,120.838,0.115729,-0.68916,0,0.0195379
0.355,0.205,13.8766,4.44668,-2.38978,118.285,0.115729,-0.68916,0,0.0195379
0.355,0.215,13.8407,4.39653,-2.26768,115.767,0.115729,-0.68916,0,0.0195379
0.355,0.225,13.8041,4.34656,-2.14576,113.284,0.115729,-0.68916,0,0.0195379
0.355,0.235,13.7665,4.2968,-2.02401,110.838,0.115729,-0.68916,0,0.0195379
0.355,0.245,13.728,4.24727,-1.90242,108.429,0.115729,-0.68916,0,0.0195379
0.355,0.255,13.6885,4.19801,-1.78099,106.057,0.115729,-0.68916,0,0.0195379
0.355,0.265,13.648,4.14903,-1.65972,103.725,0.115729,-0.68916,0,0.0195379
0.355,0.275,13.6063,4.10033,-1.5386,101.433,0.115729,-0.68916,0,0.0195379
0.355,0.285,13.5635,4.05191,-1.41764,99.1819,0.115729,-0.68916,0,0.0195379
0.355,0.295,13.5197,4.00377,-1.29686,96.9733,0.115729,-0.68916,0,0.0195379
0.355,0.305,13.475,3.95591,-1.17629,94.8086,0.115729,-0.68916,0,0.0195379
0.355,0.315,13.4293,3.9083,-1.05594,92.6894,0.115729,-0.68916,0,0.0195379
0.355,0.325,13.3831,3.86093,-0.935854,90.6177,0.115729,-0.68916,0,0.0195379
0.355,0.335,13.3364,3.81375,-0.81609,88.5959,0.115729,-0.68916,0,0.0195379
0.355,0.345,13.2898,3.76673,-0.696721,86.6268,0.115729,-0.68916,0,0.0195379
0.355,0.355,13.2436,3.71981,-0.57785,84.7143,0.115729,-0.68916,0,0.0195379
0.355,0.365,13.1986,3.67291,-0.45961,82.8633,0.115729,-0.68916,0,0.0195379
0.355,0.375,13.1556,3.62596,-0.342169,81.08,0.115729,-0.68916,0,0.0195379
0.355,0.385,13.1159,3.57885,-0.225743,79.3719,0.115729,-0.68916,0,0.0195379
0.355,0.395,13.081,3.53142,-0.110607,77.7489,0.115729,-0.68916,0,0.0195379
0.355,0.405,13.0601,3.4814,0.00320975,76.2353,0.115729,-0.68916,0,0.0195379
0.355,0.415,13.0605,3.42633,0.115672,74.8241,0.115729,-0.68916,0,0.0195379
0.355,0.425,13.0708,3.36995,0.225876,73.5295,0.115729,-0.68916,0,0.0195379
0.355,0.435,13.0955,3.31225,0.332616,72.3965,0.115729,-0.68916,0,0.0195379
0.355,0.445,13.1383,3.2529,0.435004,71.4542,0.115729,-0.68916,0,0.0195379
0.355,0.455,13.2044,3.19138,0.532046,70.7372,0.115729,-0.68916,0,0.0195379
0.355,0.465,13.2996,3.12715,0.622698,70.2819,0.115729,-0.68916,0,0.0195379
0.355,0.475,13.4299,3.05958,0.70595,70.1261,0.115729,-0.68916,0,0.0195379
0.355,0.485,13.6012,2.98805,0.780973,70.3032,0.115729,-0.68916,0,0.0195379
0.355,0.495,13.8178,2.91197,0.847291,70.8377,0.115729,-0.68916,0,0.0195379
0.355,0.505,14.0814,2.83073,0.904938,71.7385,0.115729,-0.68916,0,0.0195379
0.355,0.515,14.3915,2.74367,0.95457,73.0025,0.115729,-0.68916,0,0.0195379
0.355,0.525,14.7518,2.64889,0.99771,74.662,0.115729,-0.68916,0,0.0195379
0.355,0.535,15.1407,2.54974,1.03601,76.5791,0.115729,-0.68916,0,0.0195379
0.355,0.545,15.5501,2.44516,1.06964,78.7289,0.115729,-0.68916,0,0.0195379
0.355,0.555,15.9643,2.33469,1.0993,81.0643,0.115729,-0.68916,0,0.0195379
0.355,0.565,16.3568,2.2183,1.12547,83.5366,0.115729,-0.68916,0,0.0195379
0.355,0.575,16.6786,2.09627,1.14839,86.0928,0.115729,-0.68916,0,0.0195379
0.355,0.585,16.8408,1.96837,1.16824,88.6728,0.115729,-0.68916,0,0.0195379
0.355,0.595,16.6983,1.83107,1.18558,91.2095,0.115729,-0.68916,0,0.0195379
0.355,0.605,16.0594,1.67123,1.2024,93.6393,0.115729,-0.68916,0,0.0195379
0.355,0.615,14.7519,1.4546,1.22406,95.9243,0.115729,-0.68916,0,0.0195379
0.355,0.625,12.7615,1.1067,1.26269,98.0853,0.115729,-0.68916,0,0.0195379
0.355,0.635,10.3786,0.487095,1.34162,100.197,0.115729,-0.68916,0,0.0195379
0.355,0.645,8.19196,-0.613561,1.49481,102.228,0.115729,-0.68916,0,0.0195379
0.355,0.655,6.74577,-2.36295,1.74197,103.762,0.115729,-0.68916,0,0.0195379
0.355,0.665,6.18363,-4.66869,2.04639,104.236,0.115729,-0.68916,0,0.0195379
0.355,0.675,6.46781,-7.15106,2.32477,103.751,0.115729,-0.68916,0,0.0195379
0.355,0.685,7.62139,-9.42342,2.51681,102.163,0.115729,-0.68916,0,0.0195379
0.355,0.695,9.81808,-11.2548,2.603,99.0009,0.115729,-0.68916,0,0.0195379
0.355,0.705,13.3731,-12.5823,2.60601,94.2514,0.115729,-0.68916,0,0.0195379
0.355,0.715,18.7846,-13.4638,2.58192,89.3488,0.115729,-0.68916,0,0.0195379
0.355,0.725,26.9374,-14.0125,2.58311,86.9775,0.115729,-0.68916,0,0.0195379
0.355,0.735,39.137,-14.3449,2.6249,88.5445,0.115729,-0.68916,0,0.0195379
0.355,0.745,56.747,-14.5508,2.68081,92.8549,0.115729,-0.68916,0,0.0195379
0.355,0.755,80.4165,-14.6859,2.71768,96.9897,0.115729,-0.68916,0,0.0195379
0.355,0.765,109.325,-14.7796,2.72129,98.0682,0.115729,-0.68916,0,0.0195379
0.355,0.775,141.249,-14.8467,2.69605,95.0226,0.115729,-0.68916,0,0.0195379
0.355,0.785,173.722,-14.8949,2.65672,89.2307,0.115729,-0.68916,0,0.0195379
0.355,0.795,205.534,-14.9288,2.61999,83.5034,0.115729,-0.68916,0,0.0195379
0.355,0.805,237.255,-14.9517,2.59782,80.2962,0.115729,-0.68916,0,0.0195379
0.355,0.815,270.443,-14.9665,2.5942,80.6553,0.115729,-0.68916,0,0.0195379
0.355,0.825,306.461,-14.976,2.60649,84.3786,0.115729,-0.68916,0,0.0195379
0.355,0.835,345.841,-14.9821,2.62926,90.7066,0.115729,-0.68916,0,0.0195379
0.355,0.845,388.332,-14.9863,2.65752,98.8438,0.115729,-0.68916,0,0.0195379
0.355,0.855,433.223,-14.9892,2.68784,108.158,0.115729,-0.68916,0,0.0195379
0.355,0.865,479.63,-14.9914,2.71822,118.194,0.115729,-0.68916,0,0.0195379
0.355,0.875,526.66,-14.9931,2.74761,128.628,0.115729,-0.68916,0,0.0195379
0.355,0.885,573.481,-14.9945,2.77551,139.218,0.115729,-0.68916,0,0.0195379
0.355,0.895,619.345,-14.9956,2.80167,149.777,0.115729,-0.68916,0,0.0195379
0.355,0.905,663.595,-14.9965,2.82598,160.147,0.115729,-0.68916,0,0.0195379
0.355,0.915,705.677,-14.9972,2.84842,170.195,0.115729,-0.68916,0,0.0195379
0.355,0.925,745.136,-14.9978,2.86898,179.807,0.115729,-0.68916,0,0.0195379
0.355,0.935,781.628,-14.9983,2.88768,188.885,0.115729,-0.68916,0,0.0195379
0.355,0.945,814.916,-14.9987,2.90455,197.349,0.115729,-0.68916,0,0.0195379
0.355,0.955,844.869,-14.999,2.91964,205.141,0.115729,-0.68916,0,0.0195379
0.355,0.965,871.454,-14.9993,2.93302,212.219,0.115729,-0.68916,0,0.0195379
0.355,0.975,894.728,-14.9995,2.94476,218.561,0.115729,-0.68916,0,0.0195379
0.355,0.985,914.821,-14.9996,2.95495,224.164,0.115729,-0.68916,0,0.0195379
0.355,0.995,931.927,-14.9997,2.96369,229.043,0.115729,-0.68916,0,0.0195379
0.365,0.005,14.4303,5.47713,-4.84587,170.829,0.100519,-0.621612,0,0.01604
0.365,0.015,14.3798,5.43761,-4.72076,167.934,0.100519,-0.621612,0,0.01604
0.365,0.025,14.3313,5.3969,-4.59573,165.043,0.100519,-0.621612,0,0.01604
0.365,0.035,14.2847,5.35506,-4.47078,162.158,0.100519,-0.621612,0,0.01604
0.365,0.045,14.2397,5.31213,-4.34596,159.281,0.100519,-0.621612,0,0.01604
0.365,0.055,14.1962,5.26815,-4.22127,156.414,0.100519,-0.621612,0,0.01604
0.365,0.065,14.154,5.22318,-4.09673,153.557,0.100519,-0.621612,0,0.01604
0.365,0.075,14.1128,5.17725,-3.97235,150.713,0.100519,-0.621612,0,0.01604
0.365,0.085,14.0738,5.13038,-3.84784,147.9,0.100519,-0.621612,0,0.01604
0.365,0.095,14.0374,5.08275,-3.723,145.131,0.100519,-0.621612,0,0.01604
0.365,0.105,14.0016,5.03458,-3.59837,142.378,0.100519,-0.621612,0,0.01604
0.365,0.115,13.9664,4.98596,-3.47397,139.645,0.100519,-0.621612,0,0.01604
0.365,0.125,13.9316,4.93697,-3.34981,136.932,0.100519,-0.621612,0,0.01604
0.365,0.135,13.8971,4.88768,-3.22589,134.242,0.100519,-0.621612,0,0.01604
0.365,0.145,13.8627,4.83816,-3.10221,131.575,0.100519,-0.621612,0,0.01604
0.365,0.155,13.8284,4.78847,-2.97876,128.934,0.100519,-0.621612,0,0.01604
0.365,0.165,13.794,4.73867,-2.85554,126.321,0.100519,-0.621612,0,0.01604
0.365,0.175,13.7593,4.68881,-2.73254,123.735,0.100519,-0.621612,0,0.01604
0.365,0.185,13.7244,4.63896,-2.60975,121.18,0.100519,-0.621612,0,0.01604
0.365,0.195,13.6891,4.58914,-2.48715,118.656,0.100519,-0.621612,0,0.01604
0.365,0.205,13.6532,4.53942,-2.36475,116.164,0.100519,-0.621612,0,0.01604
0.365,0.215,13.6167,4.48981,-2.24251,113.705,0.100519,-0.621612,0,0.01604
0.365,0.225,13.5795,4.44035,-2.12045,111.281,0.100519,-0.621612,0,0.01604
0.365,0.235,13.5414,4.39108,-1.99856,108.891,0.100519,-0.621612,0,0.01604
0.365,0.245,13.5025,4.34202,-1.87683,106.538,0.100519,-0.621612,0,0.01604
0.365,0.255,13.4626,4.29319,-1.75526,104.222,0.100519,-0.621612,0,0.01604
0.365,0.265,13.4216,4.2446,-1.63384,101.943,0.100519,-0.621612,0,0.01604
0.365,0.275,13.3797,4.19627,-1.51259,99.7034,0.100519,-0.621612,0,0.01604
0.365,0.285,13.3367,4.14818,-1.39151,97.5035,0.100519,-0.621612,0,0.01604
0.365,0.295,13.2928,4.10033,-1.27062,95.3447,0.100519,-0.621612,0,0.01604
0.365,0.305,13.2479,4.05272,-1.14994,93.2286,0.100519,-0.621612,0,0.01604
0.365,0.315,13.2023,4.00532,-1.02952,91.1569,0.100519,-0.621612,0,0.01604
0.365,0.325,13.1562,3.95812,-0.909384,89.1317,0.100519,-0.621612,0,0.01604
0.365,0.335,13.1098,3.91107,-0.789599,87.1553,0.100519,-0.621612,0,0.01604
0.365,0.345,13.0635,3.86414,-0.670244,85.2309,0.100519,-0.621612,0,0.01604
0.365,0.355,13.0178,3.81726,-0.551428,83.3625,0.100519,-0.621612,0,0.01604
0.365,0.365,12.9735,3.77036,-0.433294,81.5551,0.100519,-0.621612,0,0.01604
0.365,0.375,12.9315,3.72335,-0.316022,79.815,0.100519,-0.621612,0,0.01604
0.365,0.385,12.8929,3.67613,-0.199842,78.1503,0.100519,-0.621612,0,0.01604
0.365,0.395,12.8594,3.62852,-0.0850463,76.5711,0.100519,-0.621612,0,0.01604
0.365,0.405,12.8449,3.57686,0.0284752,75.1087,0.100519,-0.621612,0,0.01604
0.365,0.415,12.8464,3.52143,0.140495,73.7373,0.100519,-0.621612,0,0.01604
0.365,0.425,12.8586,3.46463,0.249894,72.4928,0.100519,-0.621612,0,0.01604
0.365,0.435,12.886,3.40638,0.355591,71.4141,0.100519,-0.621612,0,0.01604
0.365,0.445,12.9322,3.34636,0.456687,70.5306,0.100519,-0.621612,0,0.01604
0.365,0.455,13.0025,3.28405,0.552168,69.8767,0.100519,-0.621612,0,0.01604
0.365,0.465,13.1028,3.2189,0.640985,69.4889,0.100519,-0.621612,0,0.01604
0.365,0.475,13.2389,3.15028,0.722148,69.4038,0.100519,-0.621612,0,0.01604
0.365,0.485,13.4165,3.07757,0.794881,69.6529,0.100519,-0.621612,0,0.01604
0.365,0.495,13.639,3.00019,0.858801,70.2569,0.100519,-0.621612,0,0.01604
0.365,0.505,13.9076,2.91757,0.914051,71.2198,0.100519,-0.621612,0,0.01604
0.365,0.515,14.2202,2.82924,0.96132,72.5283,0.100519,-0.621612,0,0.01604
0.365,0.525,14.573,2.73451,1.00183,74.1637,0.100519,-0.621612,0,0.01604
0.365,0.535,14.9634,2.63246,1.03731,76.1238,0.100519,-0.621612,0,0.01604
0.365,0.545,15.3699,2.52554,1.06907,78.2882,0.100519,-0.621612,0,0.01604
0.365,0.555,15.7783,2.41292,1.09716,80.6258,0.100519,-0.621612,0,0.01604
0.365,0.565,16.161,2.29444,1.12192,83.0884,0.100519,-0.621612,0,0.01604
0.365,0.575,16.4659,2.17036,1.14354,85.6221,0.100519,-0.621612,0,0.01604
0.365,0.585,16.5986,2.04032,1.16216,88.1659,0.100519,-0.621612,0,0.01604
0.365,0.595,16.407,1.90005,1.17844,90.6535,0.100519,-0.621612,0,0.01604
0.365,0.605,15.6966,1.73443,1.19473,93.0255,0.100519,-0.621612,0,0.01604
0.365,0.615,14.3066,1.50496,1.21723,95.2532,0.100519,-0.621612,0,0.01604
0.365,0.625,12.2576,1.1295,1.25965,97.368,0.100519,-0.621612,0,0.01604
0.365,0.635,9.88923,0.457756,1.3474,99.4356,0.100519,-0.621612,0,0.01604
0.365,0.645,7.81093,-0.720217,1.51419,101.366,0.100519,-0.621612,0,0.01604
0.365,0.655,6.50849,-2.54128,1.77189,102.691,0.100519,-0.621612,0,0.01604
0.365,0.665,6.05936,-4.8688,2.07317,102.911,0.100519,-0.621612,0,0.01604
0.365,0.675,6.41425,-7.32052,2.33563,102.272,0.100519,-0.621612,0,0.01604
0.365,0.685,7.60189,-9.54538,2.50887,100.518,0.100519,-0.621612,0,0.01604
0.365,0.695,9.80447,-11.3341,2.58091,97.2018,0.100519,-0.621612,0,0.01604
0.365,0.705,13.3426,-12.6293,2.57854,92.4498,0.100519,-0.621612,0,0.01604
0.365,0.715,18.7327,-13.4882,2.55904,87.8791,0.100519,-0.621612,0,0.01604
0.365,0.725,26.9015,-14.0229,2.57107,86.1633,0.100519,-0.621612,0,0.01604
0.365,0.735,39.1953,-14.348,2.62308,88.464,0.100519,-0.621612,0,0.01604
0.365,0.745,56.9758,-14.5513,2.68458,93.3026,0.100519,-0.621612,0,0.01604
0.365,0.755,80.8326,-14.6858,2.72253,97.6055,0.100519,-0.621612,0,0.01604
0.365,0.765,109.843,-14.7797,2.72451,98.491,0.100519,-0.621612,0,0.01604
0.365,0.775,141.695,-14.8472,2.69671,95.0404,0.100519,-0.621612,0,0.01604
0.365,0.785,173.926,-14.8956,2.65517,88.8593,0.100519,-0.621612,0,0.01604
0.365,0.795,205.433,-14.9295,2.61728,82.9243,0.100519,-0.621612,0,0.01604
0.365,0.805,236.919,-14.9523,2.59503,79.7109,0.100519,-0.621612,0,0.01604
0.365,0.815,270.013,-14.9669,2.592,80.1831,0.100519,-0.621612,0,0.01604
0.365,0.825,306.056,-14.9763,2.60502,84.0486,0.100519,-0.621612,0,0.01604
0.365,0.835,345.524,-14.9823,2.6284,90.4977,0.100519,-0.621612,0,0.01604
0.365,0.845,388.113,-14.9863,2.65705,98.7206,0.100519,-0.621612,0,0.01604
0.365,0.855,433.085,-14.9892,2.6876,108.089,0.100519,-0.621612,0,0.01604
0.365,0.865,479.549,-14.9914,2.7181,118.158,0.100519,-0.621612,0,0.01604
0.365,0.875,526.616,-14.9931,2.74756,128.609,0.100519,-0.621612,0,0.01604
0.365,0.885,573.458,-14.9945,2.77548,139.209,0.100519,-0.621612,0,0.01604
0.365,0.895,619.333,-14.9956,2.80165,149.772,0.100519,-0.621612,0,0.01604
0.365,0.905,663.59,-14.9965,2.82598,160.145,0.100519,-0.621612,0,0.01604
0.365,0.915,705.674,-14.9972,2.84842,170.194,0.100519,-0.621612,0,0.01604
0.365,0.925,745.135,-14.9978,2.86898,179.806,0.100519,-0.621612,0,0.01604
0.365,0.935,781.627,-14.9983,2.88768,188.884,0.100519,-0.621612,0,0.01604
0.365,0.945,814.916,-14.9987,2.90455,197.349,0.100519,-0.621612,0,0.01604
0.365,0.955,844.869,-14.999,2.91964,205.141,0.100519,-0.621612,0,0.01604
0.365,0.965,871.454,-14.9993,2.93302,212.219,0.100519,-0.621612,0,0.01604
0.365,0.975,894.728,-14.9995,2.94476,218.561,0.100519,-0.621612,0,0.01604
0.365,0.985,914.821,-14.9996,2.95495,224.164,0.100519,-0.621612,0,0.01604
0.365,0.995,931.927,-14.9997,2.96369,229.043,0.100519,-0.621612,0,0.01604
0.375,0.005,14.2297,5.55908,-4.82145,167.54,0.0869514,-0.554065,0,0.0130933
0.375,0.015,14.1785,5.51996,-4.69642,164.704,0.0869514,-0.554065,0,0.0130933
0.375,0.025,14.1293,5.47968,-4.57146,161.874,0.0869514,-0.554065,0,0.0130933
0.375,0.035,14.0818,5.43828,-4.44659,159.05,0.0869514,-0.554065,0,0.0130933
0.375,0.045,14.036,5.39582,-4.32183,156.234,0.0869514,-0.554065,0,0.0130933
0.375,0.055,13.9915,5.35233,-4.19719,153.428,0.0869514,-0.554065,0,0.0130933
0.375,0.065,13.9483,5.30786,-4.0727,150.634,0.0869514,-0.554065,0,0.0130933
0.375,0.075,13.9063,5.26243,-3.94835,147.852,0.0869514,-0.554065,0,0.0130933
0.375,0.085,13.8667,5.21609,-3.82373,145.109,0.0869514,-0.554065,0,0.0130933
0.375,0.095,13.8294,5.16903,-3.69888,142.402,0.0869514,-0.554065,0,0.0130933
0.375,0.105,13.7927,5.12145,-3.57423,139.713,0.0869514,-0.554065,0,0.0130933
0.375,0.115,13.7566,5.07343,-3.44981,137.042,0.0869514,-0.554065,0,0.0130933
0.375,0.125,13.7209,5.02504,-3.32561,134.392,0.0869514,-0.554065,0,0.0130933
0.375,0.135,13.6854,4.97636,-3.20164,131.764,0.0869514,-0.554065,0,0.0130933
0.375,0.145,13.6502,4.92745,-3.0779,129.16,0.0869514,-0.554065,0,0.0130933
0.375,0.155,13.6151,4.87836,-2.95438,126.58,0.0869514,-0.554065,0,0.0130933
0.375,0.165,13.5799,4.82916,-2.83107,124.028,0.0869514,-0.554065,0,0.0130933
0.375,0.175,13.5445,4.77989,-2.70798,121.503,0.0869514,-0.554065,0,0.0130933
0.375,0.185,13.5088,4.73061,-2.58508,119.008,0.0869514,-0.554065,0,0.0130933
0.375,0.195,13.4728,4.68136,-2.46236,116.542,0.0869514,-0.554065,0,0.0130933
0.375,0.205,13.4363,4.63217,-2.33983,114.108,0.0869514,-0.554065,0,0.0130933
0.375,0.215,13.3991,4.58308,-2.21747,111.707,0.0869514,-0.554065,0,0.0130933
0.375,0.225,13.3613,4.53412,-2.09527,109.338,0.0869514,-0.554065,0,0.0130933
0.375,0.235,13.3227,4.48532,-1.97324,107.004,0.0869514,-0.554065,0,0.0130933
0.375,0.245,13.2833,4.43669,-1.85137,104.704,0.0869514,-0.554065,0,0.0130933
0.375,0.255,13.243,4.38827,-1.72965,102.44,0.0869514,-0.554065,0,0.0130933
0.375,0.265,13.2017,4.34005,-1.6081,100.213,0.0869514,-0.554065,0,0.0130933
0.375,0.275,13.1594,4.29206,-1.48672,98.0233,0.0869514,-0.554065,0,0.0130933
0.375,0.285,13.1162,4.24427,-1.36553,95.8723,0.0869514,-0.554065,0,0.0130933
0.375,0.295,13.0721,4.19669,-1.24453,93.7614,0.0869514,-0.554065,0,0.0130933
0.375,0.305,13.0271,4.14931,-1.12377,91.692,0.0869514,-0.554065,0,0.0130933
0.375,0.315,12.9815,4.1021,-1.00328,89.6659,0.0869514,-0.554065,0,0.0130933
0.375,0.325,12.9355,4.05505,-0.883103,87.6853,0.0869514,-0.554065,0,0.0130933
0.375,0.335,12.8893,4.00811,-0.763307,85.7527,0.0869514,-0.554065,0,0.0130933
0.375,0.345,12.8433,3.96124,-0.643977,83.8715,0.0869514,-0.554065,0,0.0130933
0.375,0.355,12.7982,3.91438,-0.525231,82.0456,0.0869514,-0.554065,0,0.0130933
0.375,0.365,12.7546,3.86745,-0.407219,80.2805,0.0869514,-0.554065,0,0.0130933
0.375,0.375,12.7134,3.82037,-0.290135,78.5827,0.0869514,-0.554065,0,0.0130933
0.375,0.385,12.676,3.77301,-0.174227,76.9606,0.0869514,-0.554065,0,0.0130933
0.375,0.395,12.6447,3.72501,-0.0597744,75.4263,0.0869514,-0.554065,0,0.0130933
0.375,0.405,12.6357,3.67175,0.0534143,74.01,0.0869514,-0.554065,0,0.0130933
0.375,0.415,12.6383,3.61603,0.164921,72.6811,0.0869514,-0.554065,0,0.0130933
0.375,0.425,12.6526,3.5588,0.273461,71.4873,0.0869514,-0.554065,0,0.0130933
0.375,0.435,12.6827,3.49995,0.378059,70.463,0.0869514,-0.554065,0,0.0130933
0.375,0.445,12.7324,3.43923,0.477796,69.6384,0.0869514,-0.554065,0,0.0130933
0.375,0.455,12.8071,3.3761,0.571647,69.0478,0.0869514,-0.554065,0,0.0130933
0.375,0.465,12.9125,3.30998,0.658558,68.7278,0.0869514,-0.554065,0,0.0130933
0.375,0.475,13.0546,3.24025,0.737567,68.7136,0.0869514,-0.554065,0,0.0130933
0.375,0.485,13.2384,3.1663,0.80796,69.0346,0.0869514,-0.554065,0,0.0130933
0.375,0.495,13.4671,3.08753,0.869453,69.708,0.0869514,-0.554065,0,0.0130933
0.375,0.505,13.7408,3.00343,0.922295,70.7336,0.0869514,-0.554065,0,0.0130933
0.375,0.515,14.0568,2.91355,0.967248,72.0937,0.0869514,-0.554065,0,0.0130933
0.375,0.525,14.4097,2.81748,1.00544,73.7581,0.0869514,-0.554065,0,0.0130933
0.375,0.535,14.7947,2.71415,1.03844,75.711,0.0869514,-0.554065,0,0.0130933
0.375,0.545,15.1984,2.60458,1.06789,77.8914,0.0869514,-0.554065,0,0.0130933
0.375,0.555,15.6,2.48967,1.09423,80.225,0.0869514,-0.554065,0,0.0130933
0.375,0.565,15.9716,2.36906,1.11744,82.6715,0.0869514,-0.554065,0,0.0130933
0.375,0.575,16.2576,2.24293,1.13765,85.1759,0.0869514,-0.554065,0,0.0130933
0.375,0.585,16.3573,2.1107,1.15497,87.6764,0.0869514,-0.554065,0,0.0130933
0.375,0.595,16.1118,1.96722,1.17021,90.1084,0.0869514,-0.554065,0,0.0130933
0.375,0.605,15.3247,1.79504,1.18612,92.418,0.0869514,-0.554065,0,0.0130933
0.375,0.615,13.8501,1.55081,1.2099,94.587,0.0869514,-0.554065,0,0.0130933
0.375,0.625,11.7483,1.14411,1.25701,96.6554,0.0869514,-0.554065,0,0.0130933
0.375,0.635,9.40911,0.415231,1.35482,98.6721,0.0869514,-0.554065,0,0.0130933
0.375,0.645,7.45201,-0.84208,1.53574,100.48,0.0869514,-0.554065,0,0.0130933
0.375,0.655,6.29265,-2.72812,1.8022,101.579,0.0869514,-0.554065,0,0.0130933
0.375,0.665,5.94985,-5.06594,2.09739,101.582,0.0869514,-0.554065,0,0.0130933
0.375,0.675,6.36663,-7.48247,2.34264,100.784,0.0869514,-0.554065,0,0.0130933
0.375,0.685,7.58202,-9.66013,2.49749,98.8767,0.0869514,-0.554065,0,0.0130933
0.375,0.695,9.78612,-11.4081,2.55668,95.4335,0.0869514,-0.554065,0,0.0130933
0.375,0.705,13.306,-12.6726,2.55057,90.7283,0.0869514,-0.554065,0,0.0130933
0.375,0.715,18.6787,-13.5101,2.5371,86.5428,0.0869514,-0.554065,0,0.0130933
0.375,0.725,26.8725,-14.0317,2.56063,85.5064,0.0869514,-0.554065,0,0.0130933
0.375,0.735,39.2711,-14.3504,2.62267,88.5269,0.0869514,-0.554065,0,0.0130933
0.375,0.745,57.2291,-14.5514,2.68924,93.8561,0.0869514,-0.554065,0,0.0130933
0.375,0.755,81.2729,-14.6856,2.72778,98.2791,0.0869514,-0.554065,0,0.0130933
0.375,0.765,110.375,-14.7798,2.72779,98.9238,0.0869514,-0.554065,0,0.0130933
0.375,0.775,142.139,-14.8477,2.69724,95.0343,0.0869514,-0.554065,0,0.0130933
0.375,0.785,174.111,-14.8964,2.65344,88.4532,0.0869514,-0.554065,0,0.0130933
0.375,0.795,205.305,-14.9303,2.61442,82.3194,0.0869514,-0.554065,0,0.0130933
0.375,0.805,236.563,-14.9529,2.59218,79.1152,0.0869514,-0.554065,0,0.0130933
0.375,0.815,269.574,-14.9674,2.58979,79.7123,0.0869514,-0.554065,0,0.0130933
0.375,0.825,305.654,-14.9765,2.60358,83.7253,0.0869514,-0.554065,0,0.0130933
0.375,0.835,345.215,-14.9824,2.62756,90.296,0.0869514,-0.554065,0,0.0130933
0.375,0.845,387.904,-14.9864,2.65661,98.6034,0.0869514,-0.554065,0,0.0130933
0.375,0.855,432.956,-14.9893,2.68738,108.025,0.0869514,-0.554065,0,0.0130933
0.375,0.865,479.475,-14.9914,2.71799,118.124,0.0869514,-0.554065,0,0.0130933
0.375,0.875,526.575,-14.9931,2.7475,128.592,0.0869514,-0.554065,0,0.0130933
0.375,0.885,573.437,-14.9945,2.77546,139.2,0.0869514,-0.554065,0,0.0130933
0.375,0.895,619.323,-14.9956,2.80164,149.768,0.0869514,-0.554065,0,0.0130933
0.375,0.905,663.585,-14.9965,2.82597,160.143,0.0869514,-0.554065,0,0.0130933
0.375,0.915,705.672,-14.9972,2.84842,170.193,0.0869514,-0.554065,0,0.0130933
0.375,0.925,745.134,-14.9978,2.86898,179.806,0.0869514,-0.554065,0,0.0130933
0.375,0.935,781.627,-14.9983,2.88768,188.884,0.0869514,-0.554065,0,0.0130933
0.375,0.945,814.916,-14.9987,2.90455,197.349,0.0869514,-0.554065,0,0.0130933
0.375,0.955,844.869,-14.999,2.91964,205.141,0.0869514,-0.554065,0,0.0130933
0.375,0.965,871.454,-14.9993,2.93302,212.219,0.0869514,-0.554065,0,0.0130933
0.375,0.975,894.728,-14.9995,2.94476,218.561,0.0869514,-0.554065,0,0.0130933
0.375,0.985,914.821,-14.9996,2.95495,224.164,0.0869514,-0.554065,0,0.0130933
0.375,0.995,931.927,-14.9997,2.96369,229.043,0.0869514,-0.554065,0,0.0130933
0.385,0.005,14.034,5.64127,-4.79728,164.349,0.0748905,-0.486518,0,0.0106232
0.385,0.015,13.9822,5.60255,-4.67233,161.572,0.0748905,-0.486518,0,0.0106232
0.385,0.025,13.9322,5.56269,-4.54744,158.8,0.0748905,-0.486518,0,0.0106232
0.385,0.035,13.884,5.52174,-4.42263,156.036,0.0748905,-0.486518,0,0.0106232
0.385,0.045,13.8374,5.47974,-4.29792,153.28,0.0748905,-0.486518,0,0.0106232
0.385,0.055,13.7921,5.43673,-4.17333,150.534,0.0748905,-0.486518,0,0.0106232
0.385,0.065,13.7481,5.39274,-4.04887,147.8,0.0748905,-0.486518,0,0.0106232
0.385,0.075,13.7052,5.34782,-3.92453,145.08,0.0748905,-0.486518,0,0.0106232
0.385,0.085,13.6652,5.30199,-3.79978,142.404,0.0748905,-0.486518,0,0.0106232
0.385,0.095,13.627,5.2555,-3.67493,139.758,0.0748905,-0.486518,0,0.0106232
0.385,0.105,13.5894,5.2085,-3.55026,137.13,0.0748905,-0.486518,0,0.0106232
0.385,0.115,13.5524,5.16106,-3.42581,134.52,0.0748905,-0.486518,0,0.0106232
0.385,0.125,13.5159,5.11327,-3.30157,131.93,0.0748905,-0.486518,0,0.0106232
0.385,0.135,13.4797,5.06518,-3.17754,129.363,0.0748905,-0.486518,0,0.0106232
0.385,0.145,13.4436,5.01686,-3.05373,126.819,0.0748905,-0.486518,0,0.0106232
0.385,0.155,13.4077,4.96836,-2.93013,124.299,0.0748905,-0.486518,0,0.0106232
0.385,0.165,13.3717,4.91974,-2.80673,121.806,0.0748905,-0.486518,0,0.0106232
0.385,0.175,13.3356,4.87104,-2.68353,119.339,0.0748905,-0.486518,0,0.0106232
0.385,0.185,13.2992,4.82231,-2.56052,116.901,0.0748905,-0.486518,0,0.0106232
0.385,0.195,13.2625,4.77359,-2.43769,114.492,0.0748905,-0.486518,0,0.0106232
0.385,0.205,13.2253,4.72492,-2.31503,112.114,0.0748905,-0.486518,0,0.0106232
0.385,0.215,13.1876,4.67633,-2.19254,109.767,0.0748905,-0.486518,0,0.0106232
0.385,0.225,13.1492,4.62784,-2.07021,107.452,0.0748905,-0.486518,0,0.0106232
0.385,0.235,13.1101,4.57948,-1.94804,105.17,0.0748905,-0.486518,0,0.0106232
0.385,0.245,13.0702,4.53127,-1.82603,102.922,0.0748905,-0.486518,0,0.0106232
0.385,0.255,13.0294,4.48323,-1.70418,100.709,0.0748905,-0.486518,0,0.0106232
0.385,0.265,12.9877,4.43536,-1.5825,98.5308,0.0748905,-0.486518,0,0.0106232
0.385,0.275,12.9451,4.38768,-1.461,96.3892,0.0748905,-0.486518,0,0.0106232
0.385,0.285,12.9016,4.34017,-1.3397,94.2853,0.0748905,-0.486518,0,0.0106232
0.385,0.295,12.8573,4.29284,-1.21861,92.2202,0.0748905,-0.486518,0,0.0106232
0.385,0.305,12.8123,4.24567,-1.09777,90.1957,0.0748905,-0.486518,0,0.0106232
0.385,0.315,12.7666,4.19863,-0.977218,88.2135,0.0748905,-0.486518,0,0.0106232
0.385,0.325,12.7206,4.1517,-0.85701,86.2759,0.0748905,-0.486518,0,0.0106232
0.385,0.335,12.6746,4.10484,-0.737215,84.3856,0.0748905,-0.486518,0,0.0106232
0.385,0.345,12.629,4.05802,-0.617925,82.5461,0.0748905,-0.486518,0,0.0106232
0.385,0.355,12.5843,4.01115,-0.499264,80.7617,0.0748905,-0.486518,0,0.0106232
0.385,0.365,12.5414,3.96418,-0.381394,79.0378,0.0748905,-0.486518,0,0.0106232
0.385,0.375,12.5012,3.91699,-0.264521,77.3815,0.0748905,-0.486518,0,0.0106232
0.385,0.385,12.465,3.86946,-0.148911,75.8017,0.0748905,-0.486518,0,0.0106232
0.385,0.395,12.437,3.8207,-0.0347747,74.3141,0.0748905,-0.486518,0,0.0106232
0.385,0.405,12.4316,3.76627,0.0780374,72.9365,0.0748905,-0.486518,0,0.0106232
0.385,0.415,12.4357,3.71018,0.18892,71.6531,0.0748905,-0.486518,0,0.0106232
0.385,0.425,12.4522,3.65245,0.29655,70.5105,0.0748905,-0.486518,0,0.0106232
0.385,0.435,12.4852,3.59299,0.399991,69.5411,0.0748905,-0.486518,0,0.0106232
0.385,0.445,12.5386,3.53153,0.498304,68.7757,0.0748905,-0.486518,0,0.0106232
0.385,0.455,12.6178,3.46752,0.590451,68.2488,0.0748905,-0.486518,0,0.0106232
0.385,0.465,12.7286,3.40039,0.675384,67.9968,0.0748905,-0.486518,0,0.0106232
0.385,0.475,12.8767,3.3295,0.752171,68.0537,0.0748905,-0.486518,0,0.0106232
0.385,0.485,13.0668,3.25423,0.820169,68.4465,0.0748905,-0.486518,0,0.0106232
0.385,0.495,13.3015,3.17401,0.879197,69.1889,0.0748905,-0.486518,0,0.0106232
0.385,0.505,13.5803,3.08833,0.929614,70.2769,0.0748905,-0.486518,0,0.0106232
0.385,0.515,13.8999,2.9968,0.972273,71.6884,0.0748905,-0.486518,0,0.0106232
0.385,0.525,14.2537,2.89908,1.00834,73.3875,0.0748905,-0.486518,0,0.0106232
0.385,0.535,14.6336,2.79473,1.03909,75.335,0.0748905,-0.486518,0,0.0106232
0.385,0.545,15.0343,2.68246,1.06606,77.5306,0.0748905,-0.486518,0,0.0106232
0.385,0.555,15.4286,2.56507,1.09049,79.8575,0.0748905,-0.486518,0,0.0106232
0.385,0.565,15.788,2.44218,1.11205,82.2841,0.0748905,-0.486518,0,0.0106232
0.385,0.575,16.0529,2.31394,1.13076,84.7538,0.0748905,-0.486518,0,0.0106232
0.385,0.585,16.1161,2.17943,1.14676,87.2046,0.0748905,-0.486518,0,0.0106232
0.385,0.595,15.8116,2.03242,1.16099,89.5751,0.0748905,-0.486518,0,0.0106232
0.385,0.605,14.9426,1.8527,1.17673,91.8186,0.0748905,-0.486518,0,0.0106232
0.385,0.615,13.3823,1.59145,1.2023,93.9283,0.0748905,-0.486518,0,0.0106232
0.385,0.625,11.2357,1.14938,1.2551,95.9505,0.0748905,-0.486518,0,0.0106232
0.385,0.635,8.94176,0.358389,1.36426,97.9067,0.0748905,-0.486518,0,0.0106232
0.385,0.645,7.11724,-0.978862,1.55946,99.5679,0.0748905,-0.486518,0,0.0106232
0.385,0.655,6.09802,-2.92143,1.83241,100.43,0.0748905,-0.486518,0,0.0106232
0.385,0.665,5.85321,-5.25903,2.11864,100.236,0.0748905,-0.486518,0,0.0106232
0.385,0.675,6.32402,-7.63626,2.3457,99.2936,0.0748905,-0.486518,0,0.0106232
0.385,0.685,7.56125,-9.76758,2.48285,97.2488,0.0748905,-0.486518,0,0.0106232
0.385,0.695,9.76312,-11.4768,2.53061,93.7076,0.0748905,-0.486518,0,0.0106232
0.385,0.705,13.2642,-12.7122,2.52238,89.0983,0.0748905,-0.486518,0,0.0106232
0.385,0.715,18.6242,-13.5295,2.51631,85.3464,0.0748905,-0.486518,0,0.0106232
0.385,0.725,26.8521,-14.039,2.55187,85.007,0.0748905,-0.486518,0,0.0106232
0.385,0.735,39.3653,-14.3521,2.62366,88.7297,0.0748905,-0.486518,0,0.0106232
0.385,0.745,57.5071,-14.5512,2.69474,94.5111,0.0748905,-0.486518,0,0.0106232
0.385,0.755,81.7368,-14.6853,2.7334,99.0063,0.0748905,-0.486518,0,0.0106232
0.385,0.765,110.921,-14.78,2.73111,99.3626,0.0748905,-0.486518,0,0.0106232
0.385,0.775,142.577,-14.8483,2.69763,95.0012,0.0748905,-0.486518,0,0.0106232
0.385,0.785,174.274,-14.8972,2.65151,88.0113,0.0748905,-0.486518,0,0.0106232
0.385,0.795,205.151,-14.931,2.61142,81.6893,0.0748905,-0.486518,0,0.0106232
0.385,0.805,236.188,-14.9535,2.58926,78.5106,0.0748905,-0.486518,0,0.0106232
0.385,0.815,269.129,-14.9678,2.58758,79.244,0.0748905,-0.486518,0,0.0106232
0.385,0.825,305.255,-14.9768,2.60216,83.4091,0.0748905,-0.486518,0,0.0106232
0.385,0.835,344.915,-14.9826,2.62675,90.1017,0.0748905,-0.486518,0,0.0106232
0.385,0.845,387.703,-14.9865,2.65618,98.492,0.0748905,-0.486518,0,0.0106232
0.385,0.855,432.833,-14.9893,2.68716,107.964,0.0748905,-0.486518,0,0.0106232
0.385,0.865,479.405,-14.9915,2.71789,118.092,0.0748905,-0.486518,0,0.0106232
0.385,0.875,526.538,-14.9931,2.74746,128.576,0.0748905,-0.486518,0,0.0106232
0.385,0.885,573.418,-14.9945,2.77544,139.193,0.0748905,-0.486518,0,0.0106232
0.385,0.895,619.313,-14.9956,2.80163,149.765,0.0748905,-0.486518,0,0.0106232
0.385,0.905,663.58,-14.9965,2.82597,160.141,0.0748905,-0.486518,0,0.0106232
0.385,0.915,705.67,-14.9972,2.84842,170.193,0.0748905,-0.486518,0,0.0106232
0.385,0.925,745.133,-14.9978,2.86898,179.806,0.0748905,-0.486518,0,0.0106232
0.385,0.935,781.627,-14.9983,2.88768,188.884,0.0748905,-0.486518,0,0.0106232
0.385,0.945,814.915,-14.9987,2.90455,197.349,0.0748905,-0.486518,0,0.0106232
0.385,0.955,844.869,-14.999,2.91964,205.141,0.0748905,-0.486518,0,0.0106232
0.385,0.965,871.454,-14.9993,2.93302,212.219,0.0748905,-0.486518,0,0.0106232
0.385,0.975,894.728,-14.9995,2.94476,218.561,0.0748905,-0.486518,0,0.0106232
0.385,0.985,914.821,-14.9996,2.95495,224.164,0.0748905,-0.486518,0,0.0106232
0.385,0.995,931.927,-14.9997,2.96369,229.043,0.0748905,-0.486518,0,0.0106232
0.395,0.005,13.8429,5.72369,-4.77337,161.252,0.0642066,-0.41897,0,0.0085639
0.395,0.015,13.7906,5.68537,-4.64848,158.532,0.0642066,-0.41897,0,0.0085639
0.395,0.025,13.74,5.64593,-4.52364,155.818,0.0642066,-0.41897,0,0.0085639
0.395,0.035,13.6911,5.60542,-4.39888,153.112,0.0642066,-0.41897,0,0.0085639
0.395,0.045,13.6437,5.56387,-4.27422,150.414,0.0642066,-0.41897,0,0.0085639
0.395,0.055,13.5977,5.52133,-4.14966,147.727,0.0642066,-0.41897,0,0.0085639
0.395,0.065,13.5529,5.47783,-4.02523,145.052,0.0642066,-0.41897,0,0.0085639
0.395,0.075,13.5093,5.43339,-3.90087,142.393,0.0642066,-0.41897,0,0.0085639
0.395,0.085,13.4689,5.38808,-3.77601,139.782,0.0642066,-0.41897,0,0.0085639
0.395,0.095,13.4299,5.34214,-3.65113,137.195,0.0642066,-0.41897,0,0.0085639
0.395,0.105,13.3915,5.2957,-3.52644,134.625,0.0642066,-0.41897,0,0.0085639
0.395,0.115,13.3538,5.24884,-3.40195,132.074,0.0642066,-0.41897,0,0.0085639
0.395,0.125,13.3164,5.20163,-3.27766,129.544,0.0642066,-0.41897,0,0.0085639
0.395,0.135,13.2794,5.15412,-3.15357,127.035,0.0642066,-0.41897,0,0.0085639
0.395,0.145,13.2426,5.10637,-3.02968,124.548,0.0642066,-0.41897,0,0.0085639
0.395,0.155,13.2059,5.05844,-2.906,122.086,0.0642066,-0.41897,0,0.0085639
0.395,0.165,13.1692,5.01038,-2.78251,119.65,0.0642066,-0.41897,0,0.0085639
0.395,0.175,13.1324,4.96223,-2.6592,117.24,0.0642066,-0.41897,0,0.0085639
0.395,0.185,13.0954,4.91403,-2.53608,114.857,0.0642066,-0.41897,0,0.0085639
0.395,0.195,13.058,4.86582,-2.41312,112.503,0.0642066,-0.41897,0,0.0085639
0.395,0.205,13.0202,4.81765,-2.29034,110.178,0.0642066,-0.41897,0,0.0085639
0.395,0.215,12.9818,4.76952,-2.16772,107.883,0.0642066,-0.41897,0,0.0085639
0.395,0.225,12.9429,4.72148,-2.04525,105.62,0.0642066,-0.41897,0,0.0085639
0.395,0.235,12.9032,4.67354,-1.92295,103.388,0.0642066,-0.41897,0,0.0085639
0.395,0.245,12.8628,4.62572,-1.80081,101.19,0.0642066,-0.41897,0,0.0085639
0.395,0.255,12.8215,4.57804,-1.67884,99.0245,0.0642066,-0.41897,0,0.0085639
0.395,0.265,12.7794,4.5305,-1.55704,96.8937,0.0642066,-0.41897,0,0.0085639
0.395,0.275,12.7365,4.48311,-1.43542,94.7983,0.0642066,-0.41897,0,0.0085639
0.395,0.285,12.6927,4.43587,-1.31402,92.7394,0.0642066,-0.41897,0,0.0085639
0.395,0.295,12.6482,4.38876,-1.19284,90.7185,0.0642066,-0.41897,0,0.0085639
0.395,0.305,12.603,4.34177,-1.07193,88.7371,0.0642066,-0.41897,0,0.0085639
0.395,0.315,12.5573,4.29488,-0.951336,86.7972,0.0642066,-0.41897,0,0.0085639
0.395,0.325,12.5113,4.24805,-0.831109,84.9012,0.0642066,-0.41897,0,0.0085639
0.395,0.335,12.4655,4.20126,-0.711327,83.0519,0.0642066,-0.41897,0,0.0085639
0.395,0.345,12.4202,4.15446,-0.592091,81.2529,0.0642066,-0.41897,0,0.0085639
0.395,0.355,12.376,4.10758,-0.473532,79.5088,0.0642066,-0.41897,0,0.0085639
0.395,0.365,12.3338,4.06053,-0.355823,77.8252,0.0642066,-0.41897,0,0.0085639
0.395,0.375,12.2945,4.01322,-0.239185,76.2095,0.0642066,-0.41897,0,0.0085639
0.395,0.385,12.2596,3.96548,-0.123896,74.6712,0.0642066,-0.41897,0,0.0085639
0.395,0.395,12.2358,3.91564,-0.0100669,73.2303,0.0642066,-0.41897,0,0.0085639
0.395,0.405,12.2328,3.86034,0.102324,71.8896,0.0642066,-0.41897,0,0.0085639
0.395,0.415,12.2385,3.80383,0.212485,70.6525,0.0642066,-0.41897,0,0.0085639
0.395,0.425,12.2573,3.7456,0.319143,69.5613,0.0642066,-0.41897,0,0.0085639
0.395,0.435,12.2932,3.68549,0.421364,68.647,0.0642066,-0.41897,0,0.0085639
0.395,0.445,12.3505,3.62325,0.518183,67.9411,0.0642066,-0.41897,0,0.0085639
0.395,0.455,12.4343,3.55833,0.608551,67.4785,0.0642066,-0.41897,0,0.0085639
0.395,0.465,12.5507,3.49013,0.691427,67.2949,0.0642066,-0.41897,0,0.0085639
0.395,0.475,12.705,3.41801,0.765919,67.4231,0.0642066,-0.41897,0,0.0085639
0.395,0.485,12.9015,3.34135,0.831462,67.8877,0.0642066,-0.41897,0,0.0085639
0.395,0.495,13.1422,3.2596,0.887977,68.699,0.0642066,-0.41897,0,0.0085639
0.395,0.505,13.4261,3.17226,0.935935,69.8491,0.0642066,-0.41897,0,0.0085639
0.395,0.515,13.7492,3.07895,0.976272,71.3128,0.0642066,-0.41897,0,0.0085639
0.395,0.525,14.1046,2.97934,1.01019,73.0515,0.0642066,-0.41897,0,0.0085639
0.395,0.535,14.4833,2.87309,1.03894,75.0212,0.0642066,-0.41897,0,0.0085639
0.395,0.545,14.8745,2.75971,1.06375,77.185,0.0642066,-0.41897,0,0.0085639
0.395,0.555,15.2636,2.63918,1.08587,79.5215,0.0642066,-0.41897,0,0.0085639
0.395,0.565,15.6099,2.51379,1.10574,81.9257,0.0642066,-0.41897,0,0.0085639
0.395,0.575,15.8515,2.38335,1.12294,84.3551,0.0642066,-0.41897,0,0.0085639
0.395,0.585,15.8742,2.24645,1.13761,86.7501,0.0642066,-0.41897,0,0.0085639
0.395,0.595,15.5052,2.09548,1.15089,89.0539,0.0642066,-0.41897,0,0.0085639
0.395,0.605,14.5494,1.90702,1.1667,91.2291,0.0642066,-0.41897,0,0.0085639
0.395,0.615,12.9034,1.62608,1.19468,93.2804,0.0642066,-0.41897,0,0.0085639
0.395,0.625,10.7225,1.14407,1.25432,95.2561,0.0642066,-0.41897,0,0.0085639
0.395,0.635,8.49099,0.286236,1.37605,97.139,0.0642066,-0.41897,0,0.0085639
0.395,0.645,6.8082,-1.12981,1.58522,98.6288,0.0642066,-0.41897,0,0.0085639
0.395,0.655,5.92403,-3.11894,1.86196,99.2507,0.0642066,-0.41897,0,0.0085639
0.395,0.665,5.76835,-5.44638,2.13653,98.8811,0.0642066,-0.41897,0,0.0085639
0.395,0.675,6.28555,-7.78132,2.34485,97.8103,0.0642066,-0.41897,0,0.0085639
0.395,0.685,7.53919,-9.86769,2.46519,95.644,0.0642066,-0.41897,0,0.0085639
0.395,0.695,9.73567,-11.5403,2.50297,92.0355,0.0642066,-0.41897,0,0.0085639
0.395,0.705,13.2182,-12.7482,2.49425,87.5699,0.0642066,-0.41897,0,0.0085639
0.395,0.715,18.5704,-13.5466,2.49683,84.2949,0.0642066,-0.41897,0,0.0085639
0.395,0.725,26.8414,-14.045,2.54481,84.6642,0.0642066,-0.41897,0,0.0085639
0.395,0.735,39.4784,-14.3531,2.626,89.069,0.0642066,-0.41897,0,0.0085639
0.395,0.745,57.8095,-14.5508,2.70105,95.264,0.0642066,-0.41897,0,0.0085639
0.395,0.755,82.2235,-14.685,2.73936,99.7832,0.0642066,-0.41897,0,0.0085639
0.395,0.765,111.477,-14.7802,2.73445,99.8037,0.0642066,-0.41897,0,0.0085639
0.395,0.775,143.009,-14.8489,2.69786,94.9385,0.0642066,-0.41897,0,0.0085639
0.395,0.785,174.415,-14.898,2.64938,87.533,0.0642066,-0.41897,0,0.0085639
0.395,0.795,204.972,-14.9319,2.60827,81.0351,0.0642066,-0.41897,0,0.0085639
0.395,0.805,235.796,-14.9541,2.58629,77.8986,0.0642066,-0.41897,0,0.0085639
0.395,0.815,268.678,-14.9682,2.58538,78.7795,0.0642066,-0.41897,0,0.0085639
0.395,0.825,304.861,-14.977,2.60078,83.1009,0.0642066,-0.41897,0,0.0085639
0.395,0.835,344.623,-14.9827,2.62597,89.9152,0.0642066,-0.41897,0,0.0085639
0.395,0.845,387.511,-14.9866,2.65578,98.3865,0.0642066,-0.41897,0,0.0085639
0.395,0.855,432.718,-14.9893,2.68697,107.908,0.0642066,-0.41897,0,0.0085639
0.395,0.865,479.341,-14.9915,2.7178,118.063,0.0642066,-0.41897,0,0.0085639
0.395,0.875,526.504,-14.9931,2.74742,128.562,0.0642066,-0.41897,0,0.0085639
0.395,0.885,573.401,-14.9945,2.77542,139.186,0.0642066,-0.41897,0,0.0085639
0.395,0.895,619.305,-14.9956,2.80163,149.761,0.0642066,-0.41897,0,0.0085639
0.395,0.905,663.577,-14.9965,2.82597,160.14,0.0642066,-0.41897,0,0.0085639
0.395,0.915,705.668,-14.9972,2.84842,170.192,0.0642066,-0.41897,0,0.0085639
0.395,0.925,745.132,-14.9978,2.86898,179.805,0.0642066,-0.41897,0,0.0085639
0.395,0.935,781.626,-14.9983,2.88768,188.884,0.0642066,-0.41897,0,0.0085639
0.395,0.945,814.915,-14.9987,2.90455,197.349,0.0642066,-0.41897,0,0.0085639
0.395,0.955,844.869,-14.999,2.91964,205.141,0.0642066,-0.41897,0,0.0085639
0.395,0.965,871.454,-14.9993,2.93302,212.219,0.0642066,-0.41897,0,0.0085639
0.395,0.975,894.728,-14.9995,2.94476,218.561,0.0642066,-0.41897,0,0.0085639
0.395,0.985,914.821,-14.9996,2.95495,224.164,0.0642066,-0.41897,0,0.0085639
0.395,0.995,931.927,-14.9997,2.96369,229.043,0.0642066,-0.41897,0,0.0085639
0.405,0.005,13.6564,5.80633,-4.74967,158.244,0.0547784,-0.351423,0,0.00685667
0.405,0.015,13.6035,5.7684,-4.62484,155.581,0.0547784,-0.351423,0,0.00685667
0.405,0.025,13.5524,5.72938,-4.50005,152.923,0.0547784,-0.351423,0,0.00685667
0.405,0.035,13.5029,5.6893,-4.37533,150.274,0.0547784,-0.351423,0,0.00685667
0.405,0.045,13.4549,5.6482,-4.2507,147.633,0.0547784,-0.351423,0,0.00685667
0.405,0.055,13.4082,5.60612,-4.12617,145.003,0.0547784,-0.351423,0,0.00685667
0.405,0.065,13.3627,5.56309,-4.00175,142.385,0.0547784,-0.351423,0,0.00685667
0.405,0.075,13.3186,5.51913,-3.87733,139.787,0.0547784,-0.351423,0,0.00685667
0.405,0.085,13.2777,5.47432,-3.75238,137.237,0.0547784,-0.351423,0,0.00685667
0.405,0.095,13.2379,5.42893,-3.62748,134.708,0.0547784,-0.351423,0,0.00685667
0.405,0.105,13.1988,5.38305,-3.50275,132.195,0.0547784,-0.351423,0,0.00685667
0.405,0.115,13.1602,5.33675,-3.37822,129.701,0.0547784,-0.351423,0,0.00685667
0.405,0.125,13.1222,5.29009,-3.25387,127.228,0.0547784,-0.351423,0,0.00685667
0.405,0.135,13.0844,5.24315,-3.12971,124.775,0.0547784,-0.351423,0,0.00685667
0.405,0.145,13.0469,5.19596,-3.00575,122.345,0.0547784,-0.351423,0,0.00685667
0.405,0.155,13.0095,5.14858,-2.88197,119.938,0.0547784,-0.351423,0,0.00685667
0.405,0.165,12.9721,5.10105,-2.75838,117.556,0.0547784,-0.351423,0,0.00685667
0.405,0.175,12.9346,5.05342,-2.63497,115.2,0.0547784,-0.351423,0,0.00685667
0.405,0.185,12.8969,5.00574,-2.51173,112.871,0.0547784,-0.351423,0,0.00685667
0.405,0.195,12.8588,4.95802,-2.38866,110.569,0.0547784,-0.351423,0,0.00685667
0.405,0.205,12.8204,4.91032,-2.26575,108.296,0.0547784,-0.351423,0,0.00685667
0.405,0.215,12.7814,4.86264,-2.143,106.052,0.0547784,-0.351423,0,0.00685667
0.405,0.225,12.7419,4.81502,-2.02041,103.838,0.0547784,-0.351423,0,0.00685667
0.405,0.235,12.7017,4.76748,-1.89798,101.655,0.0547784,-0.351423,0,0.00685667
0.405,0.245,12.6608,4.72003,-1.77571,99.5032,0.0547784,-0.351423,0,0.00685667
0.405,0.255,12.619,4.67268,-1.65362,97.3843,0.0547784,-0.351423,0,0.00685667
0.405,0.265,12.5765,4.62545,-1.5317,95.2988,0.0547784,-0.351423,0,0.00685667
0.405,0.275,12.5332,4.57833,-1.40999,93.2477,0.0547784,-0.351423,0,0.00685667
0.405,0.285,12.4891,4.53133,-1.28849,91.2322,0.0547784,-0.351423,0,0.00685667
0.405,0.295,12.4443,4.48442,-1.16724,89.2537,0.0547784,-0.351423,0,0.00685667
0.405,0.305,12.399,4.4376,-1.04627,87.3139,0.0547784,-0.351423,0,0.00685667
0.405,0.315,12.3532,4.39083,-0.925635,85.4149,0.0547784,-0.351423,0,0.00685667
0.405,0.325,12.3073,4.3441,-0.8054,83.5591,0.0547784,-0.351423,0,0.00685667
0.405,0.335,12.2616,4.29736,-0.685645,81.7494,0.0547784,-0.351423,0,0.00685667
0.405,0.345,12.2166,4.25056,-0.566477,79.9898,0.0547784,-0.351423,0,0.00685667
0.405,0.355,12.173,4.20363,-0.448038,78.2849,0.0547784,-0.351423,0,0.00685667
0.405,0.365,12.1314,4.15649,-0.330509,76.6407,0.0547784,-0.351423,0,0.00685667
0.405,0.375,12.0931,4.10904,-0.214126,75.0648,0.0547784,-0.351423,0,0.00685667
0.405,0.385,12.0595,4.06108,-0.0991846,73.567,0.0547784,-0.351423,0,0.00685667
0.405,0.395,12.0406,4.00981,0.0143222,72.1728,0.0547784,-0.351423,0,0.00685667
0.405,0.405,12.039,3.95395,0.126246,70.8691,0.0547784,-0.351423,0,0.00685667
0.405,0.415,12.0465,3.89699,0.235605,69.6786,0.0547784,-0.351423,0,0.00685667
0.405,0.425,12.0677,3.83821,0.341225,68.6386,0.0547784,-0.351423,0,0.00685667
0.405,0.435,12.1067,3.77744,0.442156,67.7796,0.0547784,-0.351423,0,0.00685667
0.405,0.445,12.1679,3.71438,0.537404,67.1337,0.0547784,-0.351423,0,0.00685667
0.405,0.455,12.2566,3.64849,0.625911,66.7357,0.0547784,-0.351423,0,0.00685667
0.405,0.465,12.3786,3.57916,0.706647,66.6211,0.0547784,-0.351423,0,0.00685667
0.405,0.475,12.5392,3.50576,0.778766,66.821,0.0547784,-0.351423,0,0.00685667
0.405,0.485,12.7421,3.42764,0.841785,67.3577,0.0547784,-0.351423,0,0.00685667
0.405,0.495,12.9889,3.34427,0.895733,68.2377,0.0547784,-0.351423,0,0.00685667
0.405,0.505,13.2779,3.25517,0.941192,69.4498,0.0547784,-0.351423,0,0.00685667
0.405,0.515,13.6045,3.15997,0.97918,70.9652,0.0547784,-0.351423,0,0.00685667
0.405,0.525,13.9614,3.05838,1.01095,72.7429,0.0547784,-0.351423,0,0.00685667
0.405,0.535,14.339,2.95008,1.03771,74.7359,0.0547784,-0.351423,0,0.00685667
0.405,0.545,14.7252,2.83481,1.06053,76.8998,0.0547784,-0.351423,0,0.00685667
0.405,0.555,15.1055,2.71176,1.08053,79.2218,0.0547784,-0.351423,0,0.00685667
0.405,0.565,15.4366,2.58391,1.09861,81.5938,0.0547784,-0.351423,0,0.00685667
0.405,0.575,15.6521,2.4512,1.11423,83.9763,0.0547784,-0.351423,0,0.00685667
0.405,0.585,15.6302,2.31173,1.12755,86.3103,0.0547784,-0.351423,0,0.00685667
0.405,0.595,15.1911,2.15621,1.13998,88.5444,0.0547784,-0.351423,0,0.00685667
0.405,0.605,14.144,1.95751,1.15618,90.6512,0.0547784,-0.351423,0,0.00685667
0.405,0.615,12.4143,1.65376,1.18731,92.6467,0.0547784,-0.351423,0,0.00685667
0.405,0.625,10.2119,1.12685,1.25504,94.5749,0.0547784,-0.351423,0,0.00685667
0.405,0.635,8.06058,0.198002,1.39047,96.3683,0.0547784,-0.351423,0,0.00685667
0.405,0.645,6.52594,-1.29367,1.61274,97.6637,0.0547784,-0.351423,0,0.00685667
0.405,0.655,5.76986,-3.31821,1.89024,98.0484,0.0547784,-0.351423,0,0.00685667
0.405,0.665,5.69418,-5.62647,2.15079,97.5264,0.0547784,-0.351423,0,0.00685667
0.405,0.675,6.25042,-7.91725,2.34019,96.3429,0.0547784,-0.351423,0,0.00685667
0.405,0.685,7.51553,-9.96045,2.4448,94.0716,0.0547784,-0.351423,0,0.00685667
0.405,0.695,9.70407,-11.5985,2.47408,90.4273,0.0547784,-0.351423,0,0.00685667
0.405,0.705,13.1688,-12.7805,2.46644,86.1517,0.0547784,-0.351423,0,0.00685667
0.405,0.715,18.5187,-13.5613,2.47883,83.3917,0.0547784,-0.351423,0,0.00685667
0.405,0.725,26.8414,-14.0497,2.53949,84.4767,0.0547784,-0.351423,0,0.00685667
0.405,0.735,39.6108,-14.3536,2.62966,89.5415,0.0547784,-0.351423,0,0.00685667
0.405,0.745,58.1361,-14.5503,2.70812,96.1114,0.0547784,-0.351423,0,0.00685667
0.405,0.755,82.7322,-14.6848,2.74562,100.607,0.0547784,-0.351423,0,0.00685667
0.405,0.765,112.044,-14.7805,2.73779,100.244,0.0547784,-0.351423,0,0.00685667
0.405,0.775,143.433,-14.8497,2.69792,94.8444,0.0547784,-0.351423,0,0.00685667
0.405,0.785,174.533,-14.8989,2.64705,87.0183,0.0547784,-0.351423,0,0.00685667
0.405,0.795,204.766,-14.9327,2.60499,80.3583,0.0547784,-0.351423,0,0.00685667
0.405,0.805,235.386,-14.9547,2.58326,77.2812,0.0547784,-0.351423,0,0.00685667
0.405,0.815,268.224,-14.9686,2.58319,78.3201,0.0547784,-0.351423,0,0.00685667
0.405,0.825,304.472,-14.9772,2.59942,82.8012,0.0547784,-0.351423,0,0.00685667
0.405,0.835,344.341,-14.9828,2.62523,89.7366,0.0547784,-0.351423,0,0.00685667
0.405,0.845,387.329,-14.9866,2.6554,98.2868,0.0547784,-0.351423,0,0.00685667
0.405,0.855,432.61,-14.9894,2.68678,107.855,0.0547784,-0.351423,0,0.00685667
0.405,0.865,479.281,-14.9915,2.71771,118.036,0.0547784,-0.351423,0,0.00685667
0.405,0.875,526.473,-14.9932,2.74738,128.548,0.0547784,-0.351423,0,0.00685667
0.405,0.885,573.385,-14.9945,2.7754,139.18,0.0547784,-0.351423,0,0.00685667
0.405,0.895,619.298,-14.9956,2.80162,149.759,0.0547784,-0.351423,0,0.00685667
0.405,0.905,663.573,-14.9965,2.82596,160.139,0.0547784,-0.351423,0,0.00685667
0.405,0.915,705.667,-14.9972,2.84841,170.192,0.0547784,-0.351423,0,0.00685667
0.405,0.925,745.131,-14.9978,2.86898,179.805,0.0547784,-0.351423,0,0.00685667
0.405,0.935,781.626,-14.9983,2.88768,188.884,0.0547784,-0.351423,0,0.00685667
0.405,0.945,814.915,-14.9987,2.90455,197.349,0.0547784,-0.351423,0,0.00685667
0.405,0.955,844.869,-14.999,2.91964,205.141,0.0547784,-0.351423,0,0.00685667
0.405,0.965,871.454,-14.9993,2.93302,212.219,0.0547784,-0.351423,0,0.00685667
0.405,0.975,894.728,-14.9995,2.94476,218.561,0.0547784,-0.351423,0,0.00685667
0.405,0.985,914.821,-14.9996,2.95495,224.164,0.0547784,-0.351423,0,0.00685667
0.405,0.995,931.927,-14.9997,2.96369,229.043,0.0547784,-0.351423,0,0.00685667
0.415,0.005,13.4743,5.88917,-4.72618,155.322,0.0464918,-0.283876,0,0.00544989
0.415,0.015,13.4209,5.85163,-4.60139,152.714,0.0464918,-0.283876,0,0.00544989
0.415,0.025,13.3693,5.81301,-4.47665,150.112,0.0464918,-0.283876,0,0.00544989
0.415,0.035,13.3193,5.77336,-4.35196,147.517,0.0464918,-0.283876,0,0.00544989
0.415,0.045,13.2706,5.7327,-4.22735,144.932,0.0464918,-0.283876,0,0.00544989
0.415,0.055,13.2233,5.69107,-4.10284,142.358,0.0464918,-0.283876,0,0.00544989
0.415,0.065,13.1771,5.6485,-3.97843,139.796,0.0464918,-0.283876,0,0.00544989
0.415,0.075,13.1326,5.60501,-3.85391,137.258,0.0464918,-0.283876,0,0.00544989
0.415,0.085,13.0913,5.56071,-3.72888,134.767,0.0464918,-0.283876,0,0.00544989
0.415,0.095,13.0508,5.51585,-3.60395,132.293,0.0464918,-0.283876,0,0.00544989
0.415,0.105,13.0109,5.47051,-3.47919,129.836,0.0464918,-0.283876,0,0.00544989
0.415,0.115,12.9717,5.42475,-3.3546,127.397,0.0464918,-0.283876,0,0.00544989
0.415,0.125,12.9329,5.37865,-3.23019,124.978,0.0464918,-0.283876,0,0.00544989
0.415,0.135,12.8944,5.33224,-3.10596,122.58,0.0464918,-0.283876,0,0.00544989
0.415,0.145,12.8562,5.28559,-2.98192,120.204,0.0464918,-0.283876,0,0.00544989
0.415,0.155,12.8181,5.23874,-2.85805,117.851,0.0464918,-0.283876,0,0.00544989
0.415,0.165,12.78,5.19173,-2.73436,115.522,0.0464918,-0.283876,0,0.00544989
0.415,0.175,12.7419,5.14461,-2.61084,113.218,0.0464918,-0.283876,0,0.00544989
0.415,0.185,12.7035,5.09741,-2.48749,110.94,0.0464918,-0.283876,0,0.00544989
0.415,0.195,12.6648,5.05017,-2.3643,108.688,0.0464918,-0.283876,0,0.00544989
0.415,0.205,12.6257,5.00291,-2.24127,106.464,0.0464918,-0.283876,0,0.00544989
0.415,0.215,12.5862,4.95566,-2.11839,104.269,0.0464918,-0.283876,0,0.00544989
0.415,0.225,12.5461,4.90844,-1.99568,102.102,0.0464918,-0.283876,0,0.00544989
0.415,0.235,12.5053,4.86128,-1.87312,99.9657,0.0464918,-0.283876,0,0.00544989
0.415,0.245,12.4638,4.81417,-1.75074,97.8598,0.0464918,-0.283876,0,0.00544989
0.415,0.255,12.4216,4.76714,-1.62853,95.7854,0.0464918,-0.283876,0,0.00544989
0.415,0.265,12.3787,4.72019,-1.50651,93.7434,0.0464918,-0.283876,0,0.00544989
0.415,0.275,12.335,4.67332,-1.38469,91.735,0.0464918,-0.283876,0,0.00544989
0.415,0.285,12.2906,4.62653,-1.26311,89.7613,0.0464918,-0.283876,0,0.00544989
0.415,0.295,12.2455,4.57981,-1.14179,87.8237,0.0464918,-0.283876,0,0.00544989
0.415,0.305,12.2,4.53314,-1.02077,85.9241,0.0464918,-0.283876,0,0.00544989
0.415,0.315,12.1542,4.48648,-0.900116,84.0646,0.0464918,-0.283876,0,0.00544989
0.415,0.325,12.1083,4.43982,-0.779885,82.2476,0.0464918,-0.283876,0,0.00544989
0.415,0.335,12.0628,4.39311,-0.66017,80.4766,0.0464918,-0.283876,0,0.00544989
0.415,0.345,12.0181,4.34629,-0.541086,78.7552,0.0464918,-0.283876,0,0.00544989
0.415,0.355,11.9749,4.29931,-0.422782,77.0886,0.0464918,-0.283876,0,0.00544989
0.415,0.365,11.9341,4.25207,-0.305454,75.4828,0.0464918,-0.283876,0,0.00544989
0.415,0.375,11.8967,4.20445,-0.189349,73.9459,0.0464918,-0.283876,0,0.00544989
0.415,0.385,11.8643,4.15628,-0.0747861,72.4877,0.0464918,-0.283876,0,0.00544989
0.415,0.395,11.8511,4.10324,0.0383662,71.1402,0.0464918,-0.283876,0,0.00544989
0.415,0.405,11.8503,4.04708,0.149777,69.874,0.0464918,-0.283876,0,0.00544989
0.415,0.415,11.8596,3.98963,0.258264,68.7304,0.0464918,-0.283876,0,0.00544989
0.415,0.425,11.8833,3.93029,0.362777,67.7416,0.0464918,-0.283876,0,0.00544989
0.415,0.435,11.9255,3.86881,0.462342,66.9381,0.0464918,-0.283876,0,0.00544989
0.415,0.445,11.9907,3.8049,0.555937,66.3527,0.0464918,-0.283876,0,0.00544989
0.415,0.455,12.0845,3.73799,0.642494,66.02,0.0464918,-0.283876,0,0.00544989
0.415,0.465,12.2123,3.66748,0.721,65.9749,0.0464918,-0.283876,0,0.00544989
0.415,0.475,12.3793,3.59271,0.79066,66.2471,0.0464918,-0.283876,0,0.00544989
0.415,0.485,12.5888,3.51306,0.851081,66.8561,0.0464918,-0.283876,0,0.00544989
0.415,0.495,12.8416,3.42798,0.902403,67.805,0.0464918,-0.283876,0,0.00544989
0.415,0.505,13.1356,3.33703,0.945317,69.0788,0.0464918,-0.283876,0,0.00544989
0.415,0.515,13.4657,3.23984,0.980926,70.6455,0.0464918,-0.283876,0,0.00544989
0.415,0.525,13.824,3.13614,1.01052,72.4616,0.0464918,-0.283876,0,0.00544989
0.415,0.535,14.2005,3.02565,1.03532,74.4783,0.0464918,-0.283876,0,0.00544989
0.415,0.545,14.5822,2.90817,1.05633,76.647,0.0464918,-0.283876,0,0.00544989
0.415,0.555,14.9493,2.78358,1.07446,78.9247,0.0464918,-0.283876,0,0.00544989
0.415,0.565,15.2665,2.65269,1.09054,81.2799,0.0464918,-0.283876,0,0.00544989
0.415,0.575,15.4537,2.51751,1.10462,83.6137,0.0464918,-0.283876,0,0.00544989
0.415,0.585,15.3828,2.37518,1.11663,85.8839,0.0464918,-0.283876,0,0.00544989
0.415,0.595,14.868,2.21437,1.12833,88.0473,0.0464918,-0.283876,0,0.00544989
0.415,0.605,13.7256,2.00358,1.14532,90.0878,0.0464918,-0.283876,0,0.00544989
0.415,0.615,11.9162,1.67339,1.18047,92.0316,0.0464918,-0.283876,0,0.00544989
0.415,0.625,9.70769,1.09635,1.25766,93.9093,0.0464918,-0.283876,0,0.00544989
0.415,0.635,7.654,0.0932435,1.40773,95.5935,0.0464918,-0.283876,0,0.00544989
0.415,0.645,6.27092,-1.46868,1.64163,96.6747,0.0464918,-0.283876,0,0.00544989
0.415,0.655,5.63444,-3.51677,1.91666,96.8325,0.0464918,-0.283876,0,0.00544989
0.415,0.665,5.62952,-5.79799,2.16123,96.1814,0.0464918,-0.283876,0,0.00544989
0.415,0.675,6.21787,-8.04376,2.33189,94.8997,0.0464918,-0.283876,0,0.00544989
0.415,0.685,7.49006,-10.0459,2.42194,92.5406,0.0464918,-0.283876,0,0.00544989
0.415,0.695,9.66866,-11.6516,2.44423,88.8923,0.0464918,-0.283876,0,0.00544989
0.415,0.705,13.1169,-12.8094,2.4392,84.8508,0.0464918,-0.283876,0,0.00544989
0.415,0.715,18.4701,-13.5738,2.46243,82.6389,0.0464918,-0.283876,0,0.00544989
0.415,0.725,26.853,-14.0533,2.5359,84.4421,0.0464918,-0.283876,0,0.00544989
0.415,0.735,39.7626,-14.3536,2.6346,90.1439,0.0464918,-0.283876,0,0.00544989
0.415,0.745,58.4863,-14.5497,2.71591,97.0504,0.0464918,-0.283876,0,0.00544989
0.415,0.755,83.2617,-14.6845,2.75216,101.474,0.0464918,-0.283876,0,0.00544989
0.415,0.765,112.619,-14.7809,2.74111,100.682,0.0464918,-0.283876,0,0.00544989
0.415,0.775,143.846,-14.8505,2.69781,94.7178,0.0464918,-0.283876,0,0.00544989
0.415,0.785,174.626,-14.8999,2.64453,86.468,0.0464918,-0.283876,0,0.00544989
0.415,0.795,204.534,-14.9336,2.60158,79.6609,0.0464918,-0.283876,0,0.00544989
0.415,0.805,234.962,-14.9554,2.5802,76.6603,0.0464918,-0.283876,0,0.00544989
0.415,0.815,267.768,-14.969,2.58101,77.8673,0.0464918,-0.283876,0,0.00544989
0.415,0.825,304.091,-14.9775,2.59811,82.5108,0.0464918,-0.283876,0,0.00544989
0.415,0.835,344.069,-14.9829,2.62451,89.5661,0.0464918,-0.283876,0,0.00544989
0.415,0.845,387.156,-14.9867,2.65504,98.193,0.0464918,-0.283876,0,0.00544989
0.415,0.855,432.509,-14.9894,2.68661,107.806,0.0464918,-0.283876,0,0.00544989
0.415,0.865,479.226,-14.9915,2.71764,118.012,0.0464918,-0.283876,0,0.00544989
0.415,0.875,526.444,-14.9932,2.74734,128.537,0.0464918,-0.283876,0,0.00544989
0.415,0.885,573.371,-14.9945,2.77539,139.174,0.0464918,-0.283876,0,0.00544989
0.415,0.895,619.291,-14.9956,2.80161,149.756,0.0464918,-0.283876,0,0.00544989
0.415,0.905,663.57,-14.9965,2.82596,160.138,0.0464918,-0.283876,0,0.00544989
0.415,0.915,705.665,-14.9972,2.84841,170.191,0.0464918,-0.283876,0,0.00544989
0.415,0.925,745.131,-14.9978,2.86898,179.805,0.0464918,-0.283876,0,0.00544989
0.415,0.935,781.626,-14.9983,2.88768,188.884,0.0464918,-0.283876,0,0.00544989
0.415,0.945,814.915,-14.9987,2.90455,197.349,0.0464918,-0.283876,0,0.00544989
0.415,0.955,844.869,-14.999,2.91964,205.141,0.0464918,-0.283876,0,0.00544989
0.415,0.965,871.454,-14.9993,2.93302,212.219,0.0464918,-0.283876,0,0.00544989
0.415,0.975,894.728,-14.9995,2.94476,218.561,0.0464918,-0.283876,0,0.00544989
0.415,0.985,914.821,-14.9996,2.95495,224.164,0.0464918,-0.283876,0,0.00544989
0.415,0.995,931.927,-14.9997,2.96369,229.043,0.0464918,-0.283876,0,0.00544989
0.425,0.005,13.2963,5.97219,-4.70288,152.482,0.0392399,-0.216329,0,0.00429812
0.425,0.015,13.2426,5.93504,-4.57813,149.927,0.0392399,-0.216329,0,0.00429812
0.425,0.025,13.1905,5.89682,-4.45341,147.379,0.0392399,-0.216329,0,0.00429812
0.425,0.035,13.1399,5.85758,-4.32875,144.839,0.0392399,-0.216329,0,0.00429812
0.425,0.045,13.0908,5.81735,-4.20416,142.308,0.0392399,-0.216329,0,0.00429812
0.425,0.055,13.0429,5.77617,-4.07965,139.788,0.0392399,-0.216329,0,0.00429812
0.425,0.065,12.9961,5.73405,-3.95524,137.28,0.0392399,-0.216329,0,0.00429812
0.425,0.075,12.9513,5.69101,-3.8306,134.802,0.0392399,-0.216329,0,0.00429812
0.425,0.085,12.9094,5.64722,-3.7055,132.367,0.0392399,-0.216329,0,0.00429812
0.425,0.095,12.8682,5.60288,-3.58054,129.946,0.0392399,-0.216329,0,0.00429812
0.425,0.105,12.8278,5.55806,-3.45573,127.543,0.0392399,-0.216329,0,0.00429812
0.425,0.115,12.7878,5.51284,-3.33108,125.158,0.0392399,-0.216329,0,0.00429812
0.425,0.125,12.7483,5.46726,-3.20661,122.792,0.0392399,-0.216329,0,0.00429812
0.425,0.135,12.7092,5.42138,-3.08231,120.447,0.0392399,-0.216329,0,0.00429812
0.425,0.145,12.6703,5.37525,-2.95818,118.123,0.0392399,-0.216329,0,0.00429812
0.425,0.155,12.6316,5.32891,-2.83422,115.822,0.0392399,-0.216329,0,0.00429812
0.425,0.165,12.5928,5.2824,-2.71043,113.543,0.0392399,-0.216329,0,0.00429812
0.425,0.175,12.554,5.23576,-2.5868,111.289,0.0392399,-0.216329,0,0.00429812
0.425,0.185,12.515,5.18903,-2.46333,109.06,0.0392399,-0.216329,0,0.00429812
0.425,0.195,12.4756,5.14223,-2.34003,106.857,0.0392399,-0.216329,0,0.00429812
0.425,0.205,12.4359,5.0954,-2.21688,104.681,0.0392399,-0.216329,0,0.00429812
0.425,0.215,12.3958,5.04855,-2.09388,102.532,0.0392399,-0.216329,0,0.00429812
0.425,0.225,12.3551,5.00172,-1.97105,100.411,0.0392399,-0.216329,0,0.00429812
0.425,0.235,12.3137,4.9549,-1.84838,98.3191,0.0392399,-0.216329,0,0.00429812
0.425,0.245,12.2717,4.90812,-1.72588,96.257,0.0392399,-0.216329,0,0.00429812
0.425,0.255,12.2291,4.86139,-1.60356,94.2254,0.0392399,-0.216329,0,0.00429812
0.425,0.265,12.1857,4.8147,-1.48144,92.2254,0.0392399,-0.216329,0,0.00429812
0.425,0.275,12.1416,4.76807,-1.35954,90.258,0.0392399,-0.216329,0,0.00429812
0.425,0.285,12.0968,4.72147,-1.23788,88.3245,0.0392399,-0.216329,0,0.00429812
0.425,0.295,12.0515,4.67492,-1.1165,86.4264,0.0392399,-0.216329,0,0.00429812
0.425,0.305,12.0058,4.62837,-0.995451,84.5657,0.0392399,-0.216329,0,0.00429812
0.425,0.315,11.9599,4.58181,-0.874779,82.7444,0.0392399,-0.216329,0,0.00429812
0.425,0.325,11.9141,4.53521,-0.754565,80.9653,0.0392399,-0.216329,0,0.00429812
0.425,0.335,11.8687,4.48851,-0.634904,79.2316,0.0392399,-0.216329,0,0.00429812
0.425,0.345,11.8244,4.44166,-0.51592,77.5476,0.0392399,-0.216329,0,0.00429812
0.425,0.355,11.7817,4.3946,-0.397773,75.9185,0.0392399,-0.216329,0,0.00429812
0.425,0.365,11.7415,4.34723,-0.280669,74.3506,0.0392399,-0.216329,0,0.00429812
0.425,0.375,11.7052,4.29942,-0.164876,72.8524,0.0392399,-0.216329,0,0.00429812
0.425,0.385,11.6752,4.25068,-0.0506715,71.4367,0.0392399,-0.216329,0,0.00429812
0.425,0.395,11.6658,4.19628,0.0620815,70.1269,0.0392399,-0.216329,0,0.00429812
0.425,0.405,11.6661,4.13975,0.172875,68.9023,0.0392399,-0.216329,0,0.00429812
0.425,0.415,11.6774,4.08177,0.280435,67.8064,0.0392399,-0.216329,0,0.00429812
0.425,0.425,11.7037,4.02182,0.383772,66.8693,0.0392399,-0.216329,0,0.00429812
0.425,0.435,11.7493,3.9596,0.481892,66.1218,0.0392399,-0.216329,0,0.00429812
0.425,0.445,11.8188,3.89479,0.573745,65.5973,0.0392399,-0.216329,0,0.00429812
0.425,0.455,11.9178,3.82681,0.658256,65.3307,0.0392399,-0.216329,0,0.00429812
0.425,0.465,12.0517,3.75505,0.734434,65.356,0.0392399,-0.216329,0,0.00429812
0.425,0.475,12.2252,3.67884,0.801544,65.7013,0.0392399,-0.216329,0,0.00429812
0.425,0.485,12.4412,3.59756,0.859286,66.383,0.0392399,-0.216329,0,0.00429812
0.425,0.495,12.7002,3.51069,0.907919,67.4009,0.0392399,-0.216329,0,0.00429812
0.425,0.505,12.9992,3.41777,0.948245,68.736,0.0392399,-0.216329,0,0.00429812
0.425,0.515,13.3326,3.3185,0.981452,70.353,0.0392399,-0.216329,0,0.00429812
0.425,0.525,13.692,3.2126,1.00887,72.2057,0.0392399,-0.216329,0,0.00429812
0.425,0.535,14.067,3.09983,1.03173,74.2431,0.0392399,-0.216329,0,0.00429812
0.425,0.545,14.4436,2.98008,1.05101,76.4135,0.0392399,-0.216329,0,0.00429812
0.425,0.555,14.8002,2.85343,1.06741,78.6679,0.0392399,-0.216329,0,0.00429812
0.425,0.565,15.0994,2.72001,1.08162,80.9847,0.0392399,-0.216329,0,0.00429812
0.425,0.575,15.2551,2.58228,1.0941,83.264,0.0392399,-0.216329,0,0.00429812
0.425,0.585,15.1306,2.43673,1.10481,85.4689,0.0392399,-0.216329,0,0.00429812
0.425,0.595,14.5344,2.26964,1.11596,87.5633,0.0392399,-0.216329,0,0.00429812
0.425,0.605,13.2938,2.04453,1.13423,89.5424,0.0392399,-0.216329,0,0.00429812
0.425,0.615,11.411,1.68374,1.17447,91.4393,0.0392399,-0.216329,0,0.00429812
0.425,0.625,9.2142,1.05119,1.26254,93.2611,0.0392399,-0.216329,0,0.00429812
0.425,0.635,7.27527,-0.028074,1.42788,94.8133,0.0392399,-0.216329,0,0.00429812
0.425,0.645,6.04298,-1.65268,1.67133,95.6652,0.0392399,-0.216329,0,0.00429812
0.425,0.655,5.51649,-3.71222,1.94068,95.6125,0.0392399,-0.216329,0,0.00429812
0.425,0.665,5.57324,-5.95989,2.16776,94.8546,0.0392399,-0.216329,0,0.00429812
0.425,0.675,6.18725,-8.16074,2.32017,93.4884,0.0392399,-0.216329,0,0.00429812
0.425,0.685,7.46262,-10.1242,2.39693,91.0588,0.0392399,-0.216329,0,0.00429812
0.425,0.695,9.62985,-11.6997,2.41369,87.4386,0.0392399,-0.216329,0,0.00429812
0.425,0.705,13.0634,-12.8348,2.41273,83.6729,0.0392399,-0.216329,0,0.00429812
0.425,0.715,18.4254,-13.5842,2.44772,82.0375,0.0392399,-0.216329,0,0.00429812
0.425,0.725,26.8764,-14.0558,2.53403,84.558,0.0392399,-0.216329,0,0.00429812
0.425,0.735,39.9333,-14.3532,2.64076,90.873,0.0392399,-0.216329,0,0.00429812
0.425,0.745,58.8591,-14.549,2.72437,98.0787,0.0392399,-0.216329,0,0.00429812
0.425,0.755,83.8106,-14.6844,2.75897,102.384,0.0392399,-0.216329,0,0.00429812
0.425,0.765,113.201,-14.7814,2.74441,101.115,0.0392399,-0.216329,0,0.00429812
0.425,0.775,144.248,-14.8515,2.69752,94.5587,0.0392399,-0.216329,0,0.00429812
0.425,0.785,174.695,-14.901,2.64182,85.8838,0.0392399,-0.216329,0,0.00429812
0.425,0.795,204.279,-14.9345,2.59805,78.9458,0.0392399,-0.216329,0,0.00429812
0.425,0.805,234.524,-14.956,2.57711,76.0384,0.0392399,-0.216329,0,0.00429812
0.425,0.815,267.311,-14.9694,2.57887,77.4224,0.0392399,-0.216329,0,0.00429812
0.425,0.825,303.717,-14.9777,2.59683,82.2302,0.0392399,-0.216329,0,0.00429812
0.425,0.835,343.808,-14.983,2.62383,89.4038,0.0392399,-0.216329,0,0.00429812
0.425,0.845,386.992,-14.9867,2.6547,98.105,0.0392399,-0.216329,0,0.00429812
0.425,0.855,432.415,-14.9894,2.68645,107.761,0.0392399,-0.216329,0,0.00429812
0.425,0.865,479.175,-14.9915,2.71756,117.989,0.0392399,-0.216329,0,0.00429812
0.425,0.875,526.419,-14.9932,2.74731,128.526,0.0392399,-0.216329,0,0.00429812
0.425,0.885,573.359,-14.9945,2.77537,139.169,0.0392399,-0.216329,0,0.00429812
0.425,0.895,619.285,-14.9956,2.80161,149.754,0.0392399,-0.216329,0,0.00429812
0.425,0.905,663.567,-14.9965,2.82596,160.137,0.0392399,-0.216329,0,0.00429812
0.425,0.915,705.664,-14.9972,2.84841,170.191,0.0392399,-0.216329,0,0.00429812
0.425,0.925,745.13,-14.9978,2.86898,179.805,0.0392399,-0.216329,0,0.00429812
0.425,0.935,781.626,-14.9983,2.88768,188.884,0.0392399,-0.216329,0,0.00429812
0.425,0.945,814.915,-14.9987,2.90455,197.349,0.0392399,-0.216329,0,0.00429812
0.425,0.955,844.869,-14.999,2.91964,205.141,0.0392399,-0.216329,0,0.00429812
0.425,0.965,871.454,-14.9993,2.93302,212.219,0.0392399,-0.216329,0,0.00429812
0.425,0.975,894.728,-14.9995,2.94476,218.561,0.0392399,-0.216329,0,0.00429812
0.425,0.985,914.821,-14.9996,2.95495,224.164,0.0392399,-0.216329,0,0.00429812
0.425,0.995,931.927,-14.9997,2.96369,229.043,0.0392399,-0.216329,0,0.00429812
0.435,0.005,13.1223,6.05538,-4.67975,149.721,0.0329225,-0.148781,0,0.00336163
0.435,0.015,13.0682,6.0186,-4.55502,147.218,0.0329225,-0.148781,0,0.00336163
0.435,0.025,13.0158,5.98078,-4.43033,144.723,0.0329225,-0.148781,0,0.00336163
0.435,0.035,12.9648,5.94195,-4.30568,142.235,0.0329225,-0.148781,0,0.00336163
0.435,0.045,12.9151,5.90214,-4.1811,139.757,0.0329225,-0.148781,0,0.00336163
0.435,0.055,12.8667,5.86139,-4.05659,137.29,0.0329225,-0.148781,0,0.00336163
0.435,0.065,12.8193,5.81971,-3.93218,134.835,0.0329225,-0.148781,0,0.00336163
0.435,0.075,12.7744,5.77712,-3.80738,132.416,0.0329225,-0.148781,0,0.00336163
0.435,0.085,12.7319,5.73382,-3.68224,130.033,0.0329225,-0.148781,0,0.00336163
0.435,0.095,12.6901,5.68998,-3.55723,127.665,0.0329225,-0.148781,0,0.00336163
0.435,0.105,12.649,5.64568,-3.43237,125.314,0.0329225,-0.148781,0,0.00336163
0.435,0.115,12.6084,5.60097,-3.30767,122.981,0.0329225,-0.148781,0,0.00336163
0.435,0.125,12.5683,5.5559,-3.18312,120.666,0.0329225,-0.148781,0,0.00336163
0.435,0.135,12.5285,5.51053,-3.05875,118.372,0.0329225,-0.148781,0,0.00336163
0.435,0.145,12.489,5.4649,-2.93453,116.098,0.0329225,-0.148781,0,0.00336163
0.435,0.155,12.4496,5.41905,-2.81048,113.846,0.0329225,-0.148781,0,0.00336163
0.435,0.165,12.4102,5.37302,-2.68658,111.617,0.0329225,-0.148781,0,0.00336163
0.435,0.175,12.3707,5.32685,-2.56285,109.411,0.0329225,-0.148781,0,0.00336163
0.435,0.185,12.331,5.28056,-2.43927,107.23,0.0329225,-0.148781,0,0.00336163
0.435,0.195,12.2911,5.23419,-2.31585,105.073,0.0329225,-0.148781,0,0.00336163
0.435,0.205,12.2507,5.18776,-2.19259,102.942,0.0329225,-0.148781,0,0.00336163
0.435,0.215,12.21,5.1413,-2.06948,100.838,0.0329225,-0.148781,0,0.00336163
0.435,0.225,12.1687,5.09482,-1.94653,98.7613,0.0329225,-0.148781,0,0.00336163
0.435,0.235,12.1268,5.04834,-1.82375,96.7124,0.0329225,-0.148781,0,0.00336163
0.435,0.245,12.0843,5.00186,-1.70114,94.6923,0.0329225,-0.148781,0,0.00336163
0.435,0.255,12.0411,4.9554,-1.57872,92.702,0.0329225,-0.148781,0,0.00336163
0.435,0.265,11.9972,4.90896,-1.45651,90.7423,0.0329225,-0.148781,0,0.00336163
0.435,0.275,11.9527,4.86254,-1.33453,88.8146,0.0329225,-0.148781,0,0.00336163
0.435,0.285,11.9077,4.81613,-1.21281,86.9199,0.0329225,-0.148781,0,0.00336163
0.435,0.295,11.8621,4.76972,-1.09138,85.0601,0.0329225,-0.148781,0,0.00336163
0.435,0.305,11.8162,4.72329,-0.9703,83.2369,0.0329225,-0.148781,0,0.00336163
0.435,0.315,11.7702,4.67681,-0.849627,81.4527,0.0329225,-0.148781,0,0.00336163
0.435,0.325,11.7244,4.63024,-0.729443,79.7104,0.0329225,-0.148781,0,0.00336163
0.435,0.335,11.6792,4.58354,-0.609852,78.0133,0.0329225,-0.148781,0,0.00336163
0.435,0.345,11.6352,4.53665,-0.490985,76.3658,0.0329225,-0.148781,0,0.00336163
0.435,0.355,11.593,4.48949,-0.373014,74.7733,0.0329225,-0.148781,0,0.00336163
0.435,0.365,11.5537,4.44197,-0.256161,73.2427,0.0329225,-0.148781,0,0.00336163
0.435,0.375,11.5184,4.39395,-0.140707,71.7828,0.0329225,-0.148781,0,0.00336163
0.435,0.385,11.4915,4.34432,-0.0268545,70.4098,0.0329225,-0.148781,0,0.00336163
0.435,0.395,11.4848,4.28889,0.0854505,69.1353,0.0329225,-0.148781,0,0.00336163
0.435,0.405,11.4865,4.23192,0.195524,67.9534,0.0329225,-0.148781,0,0.00336163
0.435,0.415,11.4999,4.17339,0.302091,66.9056,0.0329225,-0.148781,0,0.00336163
0.435,0.425,11.529,4.11279,0.404181,66.0207,0.0329225,-0.148781,0,0.00336163
0.435,0.435,11.5781,4.0498,0.500771,65.3299,0.0329225,-0.148781,0,0.00336163
0.435,0.445,11.6521,3.98403,0.590786,64.8673,0.0329225,-0.148781,0,0.00336163
0.435,0.455,11.7565,3.91492,0.673148,64.6676,0.0329225,-0.148781,0,0.00336163
0.435,0.465,11.8966,3.84183,0.746893,64.7643,0.0329225,-0.148781,0,0.00336163
0.435,0.475,12.0768,3.7641,0.811354,65.1834,0.0329225,-0.148781,0,0.00336163
0.435,0.485,12.2995,3.6811,0.866334,65.9385,0.0329225,-0.148781,0,0.00336163
0.435,0.495,12.5646,3.59233,0.912215,67.0255,0.0329225,-0.148781,0,0.00336163
0.435,0.505,12.8685,3.49736,0.949913,68.4212,0.0329225,-0.148781,0,0.00336163
0.435,0.515,13.2049,3.39591,0.980705,70.0869,0.0329225,-0.148781,0,0.00336163
0.435,0.525,13.565,3.28772,1.00596,71.9736,0.0329225,-0.148781,0,0.00336163
0.435,0.535,13.938,3.17261,1.02691,74.0286,0.0329225,-0.148781,0,0.00336163
0.435,0.545,14.3093,3.05047,1.04447,76.199,0.0329225,-0.148781,0,0.00336163
0.435,0.555,14.6555,2.9215,1.05924,78.4346,0.0329225,-0.148781,0,0.00336163
0.435,0.565,14.934,2.78591,1.07177,80.701,0.0329225,-0.148781,0,0.00336163
0.435,0.575,15.0558,2.64539,1.08263,82.9288,0.0329225,-0.148781,0,0.00336163
0.435,0.585,14.8725,2.49616,1.09209,85.0682,0.0329225,-0.148781,0,0.00336163
0.435,0.595,14.1891,2.32158,1.10292,87.0965,0.0329225,-0.148781,0,0.00336163
0.435,0.605,12.8485,2.07945,1.1231,89.0202,0.0329225,-0.148781,0,0.00336163
0.435,0.615,10.9013,1.68339,1.16963,90.8743,0.0329225,-0.148781,0,0.00336163
0.435,0.625,8.73579,0.990124,1.27007,92.6305,0.0329225,-0.148781,0,0.00336163
0.435,0.635,6.928,-0.165474,1.45073,94.0257,0.0329225,-0.148781,0,0.00336163
0.435,0.645,5.84133,-1.84316,1.70126,94.6407,0.0329225,-0.148781,0,0.00336163
0.435,0.655,5.41463,-3.90228,1.96179,94.3991,0.0329225,-0.148781,0,0.00336163
0.435,0.665,5.52421,-6.11131,2.17039,93.5547,0.0329225,-0.148781,0,0.00336163
0.435,0.675,6.15795,-8.26811,2.3053,92.1161,0.0329225,-0.148781,0,0.00336163
0.435,0.685,7.43317,-10.1954,2.37005,89.6334,0.0329225,-0.148781,0,0.00336163
0.435,0.695,9.58803,-11.7427,2.38275,86.073,0.0329225,-0.148781,0,0.00336163
0.435,0.705,13.009,-12.8569,2.38725,82.622,0.0329225,-0.148781,0,0.00336163
0.435,0.715,18.3855,-13.5926,2.43477,81.587,0.0329225,-0.148781,0,0.00336163
0.435,0.725,26.9116,-14.0573,2.53383,84.8211,0.0329225,-0.148781,0,0.00336163
0.435,0.735,40.1222,-14.3525,2.64808,91.7258,0.0329225,-0.148781,0,0.00336163
0.435,0.745,59.2532,-14.5483,2.73348,99.1943,0.0329225,-0.148781,0,0.00336163
0.435,0.755,84.3773,-14.6844,2.76601,103.334,0.0329225,-0.148781,0,0.00336163
0.435,0.765,113.788,-14.7821,2.74768,101.543,0.0329225,-0.148781,0,0.00336163
0.435,0.775,144.637,-14.8525,2.69706,94.368,0.0329225,-0.148781,0,0.00336163
0.435,0.785,174.739,-14.9021,2.63892,85.2683,0.0329225,-0.148781,0,0.00336163
0.435,0.795,204,-14.9354,2.59442,78.216,0.0329225,-0.148781,0,0.00336163
0.435,0.805,234.075,-14.9567,2.57401,75.418,0.0329225,-0.148781,0,0.00336163
0.435,0.815,266.856,-14.9698,2.57675,76.987,0.0329225,-0.148781,0,0.00336163
0.435,0.825,303.353,-14.9779,2.5956,81.9601,0.0329225,-0.148781,0,0.00336163
0.435,0.835,343.557,-14.9832,2.62319,89.2499,0.0329225,-0.148781,0,0.00336163
0.435,0.845,386.838,-14.9868,2.65439,98.0226,0.0329225,-0.148781,0,0.00336163
0.435,0.855,432.328,-14.9895,2.68631,107.719,0.0329225,-0.148781,0,0.00336163
0.435,0.865,479.129,-14.9915,2.7175,117.969,0.0329225,-0.148781,0,0.00336163
0.435,0.875,526.395,-14.9932,2.74728,128.516,0.0329225,-0.148781,0,0.00336163
0.435,0.885,573.348,-14.9945,2.77536,139.165,0.0329225,-0.148781,0,0.00336163
0.435,0.895,619.28,-14.9956,2.8016,149.752,0.0329225,-0.148781,0,0.00336163
0.435,0.905,663.565,-14.9965,2.82596,160.136,0.0329225,-0.148781,0,0.00336163
0.435,0.915,705.663,-14.9972,2.84841,170.19,0.0329225,-0.148781,0,0.00336163
0.435,0.925,745.13,-14.9978,2.86898,179.805,0.0329225,-0.148781,0,0.00336163
0.435,0.935,781.625,-14.9983,2.88768,188.884,0.0329225,-0.148781,0,0.00336163
0.435,0.945,814.915,-14.9987,2.90455,197.349,0.0329225,-0.148781,0,0.00336163
0.435,0.955,844.869,-14.999,2.91964,205.141,0.0329225,-0.148781,0,0.00336163
0.435,0.965,871.454,-14.9993,2.93302,212.219,0.0329225,-0.148781,0,0.00336163
0.435,0.975,894.728,-14.9995,2.94476,218.561,0.0329225,-0.148781,0,0.00336163
0.435,0.985,914.821,-14.9996,2.95495,224.164,0.0329225,-0.148781,0,0.00336163
0.435,0.995,931.927,-14.9997,2.96369,229.043,0.0329225,-0.148781,0,0.00336163
0.445,0.005,12.9522,6.13872,-4.65677,147.034,0.0274463,-0.0812339,0,0.00260578
0.445,0.015,12.8979,6.10231,-4.53206,144.583,0.0274463,-0.0812339,0,0.00260578
0.445,0.025,12.845,6.06488,-4.40738,142.138,0.0274463,-0.0812339,0,0.00260578
0.445,0.035,12.7936,6.02645,-4.28275,139.702,0.0274463,-0.0812339,0,0.00260578
0.445,0.045,12.7435,5.98705,-4.15817,137.276,0.0274463,-0.0812339,0,0.00260578
0.445,0.055,12.6945,5.94671,-4.03366,134.86,0.0274463,-0.0812339,0,0.00260578
0.445,0.065,12.6467,5.90546,-3.90921,132.456,0.0274463,-0.0812339,0,0.00260578
0.445,0.075,12.6017,5.86331,-3.78425,130.095,0.0274463,-0.0812339,0,0.00260578
0.445,0.085,12.5586,5.82049,-3.65907,127.763,0.0274463,-0.0812339,0,0.00260578
0.445,0.095,12.5162,5.77715,-3.53401,125.446,0.0274463,-0.0812339,0,0.00260578
0.445,0.105,12.4745,5.73334,-3.4091,123.145,0.0274463,-0.0812339,0,0.00260578
0.445,0.115,12.4333,5.68913,-3.28434,120.862,0.0274463,-0.0812339,0,0.00260578
0.445,0.125,12.3926,5.64456,-3.15972,118.597,0.0274463,-0.0812339,0,0.00260578
0.445,0.135,12.3522,5.59967,-3.03527,116.351,0.0274463,-0.0812339,0,0.00260578
0.445,0.145,12.312,5.55453,-2.91096,114.126,0.0274463,-0.0812339,0,0.00260578
0.445,0.155,12.2719,5.50915,-2.78682,111.922,0.0274463,-0.0812339,0,0.00260578
0.445,0.165,12.2319,5.46358,-2.66282,109.74,0.0274463,-0.0812339,0,0.00260578
0.445,0.175,12.1917,5.41784,-2.53899,107.581,0.0274463,-0.0812339,0,0.00260578
0.445,0.185,12.1514,5.37198,-2.4153,105.445,0.0274463,-0.0812339,0,0.00260578
0.445,0.195,12.1108,5.32602,-2.29177,103.333,0.0274463,-0.0812339,0,0.00260578
0.445,0.205,12.0699,5.27998,-2.16839,101.246,0.0274463,-0.0812339,0,0.00260578
0.445,0.215,12.0285,5.23388,-2.04517,99.1853,0.0274463,-0.0812339,0,0.00260578
0.445,0.225,11.9866,5.18773,-1.92211,97.1507,0.0274463,-0.0812339,0,0.00260578
0.445,0.235,11.9442,5.14156,-1.79923,95.1432,0.0274463,-0.0812339,0,0.00260578
0.445,0.245,11.9011,5.09537,-1.67652,93.1637,0.0274463,-0.0812339,0,0.00260578
0.445,0.255,11.8574,5.04917,-1.55401,91.2131,0.0274463,-0.0812339,0,0.00260578
0.445,0.265,11.8131,5.00296,-1.43172,89.2924,0.0274463,-0.0812339,0,0.00260578
0.445,0.275,11.7682,4.95674,-1.30966,87.4029,0.0274463,-0.0812339,0,0.00260578
0.445,0.285,11.7228,4.91049,-1.18788,85.5458,0.0274463,-0.0812339,0,0.00260578
0.445,0.295,11.677,4.86422,-1.06642,83.723,0.0274463,-0.0812339,0,0.00260578
0.445,0.305,11.6309,4.81788,-0.945321,81.9363,0.0274463,-0.0812339,0,0.00260578
0.445,0.315,11.5849,4.77146,-0.82466,80.1881,0.0274463,-0.0812339,0,0.00260578
0.445,0.325,11.5391,4.72492,-0.70452,78.4815,0.0274463,-0.0812339,0,0.00260578
0.445,0.335,11.4941,4.6782,-0.585014,76.8201,0.0274463,-0.0812339,0,0.00260578
0.445,0.345,11.4504,4.63125,-0.466283,75.2083,0.0274463,-0.0812339,0,0.00260578
0.445,0.355,11.4088,4.58398,-0.348511,73.6519,0.0274463,-0.0812339,0,0.00260578
0.445,0.365,11.3702,4.5363,-0.231933,72.1579,0.0274463,-0.0812339,0,0.00260578
0.445,0.375,11.336,4.48803,-0.116846,70.7356,0.0274463,-0.0812339,0,0.00260578
0.445,0.385,11.313,4.43723,-0.0033579,69.4053,0.0274463,-0.0812339,0,0.00260578
0.445,0.395,11.308,4.38103,0.108448,68.1657,0.0274463,-0.0812339,0,0.00260578
0.445,0.405,11.3112,4.32359,0.217711,67.0271,0.0274463,-0.0812339,0,0.00260578
0.445,0.415,11.3269,4.26447,0.323212,66.0275,0.0274463,-0.0812339,0,0.00260578
0.445,0.425,11.3589,4.20319,0.423973,65.1952,0.0274463,-0.0812339,0,0.00260578
0.445,0.435,11.4117,4.13937,0.518939,64.5619,0.0274463,-0.0812339,0,0.00260578
0.445,0.445,11.4904,4.07259,0.607013,64.1621,0.0274463,-0.0812339,0,0.00260578
0.445,0.455,11.6004,4.00228,0.687114,64.0306,0.0274463,-0.0812339,0,0.00260578
0.445,0.465,11.7469,3.92779,0.758315,64.1999,0.0274463,-0.0812339,0,0.00260578
0.445,0.475,11.934,3.84844,0.820022,64.6939,0.0274463,-0.0812339,0,0.00260578
0.445,0.485,12.1636,3.76363,0.872155,65.5229,0.0274463,-0.0812339,0,0.00260578
0.445,0.495,12.4347,3.67286,0.915225,66.6786,0.0274463,-0.0812339,0,0.00260578
0.445,0.505,12.7433,3.57575,0.950267,68.1339,0.0274463,-0.0812339,0,0.00260578
0.445,0.515,13.0824,3.47202,0.978645,69.846,0.0274463,-0.0812339,0,0.00260578
0.445,0.525,13.4429,3.36148,1.00176,71.7635,0.0274463,-0.0812339,0,0.00260578
0.445,0.535,13.8133,3.24395,1.02082,73.8321,0.0274463,-0.0812339,0,0.00260578
0.445,0.545,14.1784,3.11938,1.03671,75.9984,0.0274463,-0.0812339,0,0.00260578
0.445,0.555,14.513,2.98804,1.04997,78.2104,0.0274463,-0.0812339,0,0.00260578
0.445,0.565,14.7686,2.85052,1.06092,80.4204,0.0274463,-0.0812339,0,0.00260578
0.445,0.575,14.8538,2.70688,1.07006,82.6018,0.0274463,-0.0812339,0,0.00260578
0.445,0.585,14.6069,2.55329,1.07837,84.6809,0.0274463,-0.0812339,0,0.00260578
0.445,0.595,13.8307,2.36965,1.0892,86.6501,0.0274463,-0.0812339,0,0.00260578
0.445,0.605,12.3897,2.10729,1.1121,88.5263,0.0274463,-0.0812339,0,0.00260578
0.445,0.615,10.3902,1.67081,1.16635,90.3404,0.0274463,-0.0812339,0,0.00260578
0.445,0.625,8.27691,0.912052,1.28058,92.0164,0.0274463,-0.0812339,0,0.00260578
0.445,0.635,6.61188,-0.317924,1.47617,93.2294,0.0274463,-0.0812339,0,0.00260578
0.445,0.645,5.66483,-2.03737,1.73077,93.6079,0.0274463,-0.0812339,0,0.00260578
0.445,0.655,5.32737,-4.08493,1.97963,93.2017,0.0274463,-0.0812339,0,0.00260578
0.445,0.665,5.48134,-6.25167,2.16923,92.2884,0.0274463,-0.0812339,0,0.00260578
0.445,0.675,6.12946,-8.36592,2.28755,90.7888,0.0274463,-0.0812339,0,0.00260578
0.445,0.685,7.40169,-10.2595,2.34162,88.2704,0.0274463,-0.0812339,0,0.00260578
0.445,0.695,9.54359,-11.7808,2.35166,84.801,0.0274463,-0.0812339,0,0.00260578
0.445,0.705,12.9542,-12.8756,2.36292,81.7008,0.0274463,-0.0812339,0,0.00260578
0.445,0.715,18.3505,-13.5991,2.42362,81.2859,0.0274463,-0.0812339,0,0.00260578
0.445,0.725,26.9584,-14.058,2.53528,85.2279,0.0274463,-0.0812339,0,0.00260578
0.445,0.735,40.3281,-14.3516,2.65651,92.6992,0.0274463,-0.0812339,0,0.00260578
0.445,0.745,59.6669,-14.5477,2.7432,100.395,0.0274463,-0.0812339,0,0.00260578
0.445,0.755,84.9596,-14.6846,2.77329,104.325,0.0274463,-0.0812339,0,0.00260578
0.445,0.765,114.378,-14.7829,2.75091,101.967,0.0274463,-0.0812339,0,0.00260578
0.445,0.775,145.012,-14.8537,2.69645,94.1479,0.0274463,-0.0812339,0,0.00260578
0.445,0.785,174.759,-14.9033,2.63587,84.6252,0.0274463,-0.0812339,0,0.00260578
0.445,0.795,203.7,-14.9364,2.5907,77.4754,0.0274463,-0.0812339,0,0.00260578
0.445,0.805,233.617,-14.9574,2.57091,74.8022,0.0274463,-0.0812339,0,0.00260578
0.445,0.815,266.406,-14.9702,2.57468,76.5626,0.0274463,-0.0812339,0,0.00260578
0.445,0.825,302.999,-14.9781,2.59441,81.7011,0.0274463,-0.0812339,0,0.00260578
0.445,0.835,343.318,-14.9833,2.62257,89.1045,0.0274463,-0.0812339,0,0.00260578
0.445,0.845,386.694,-14.9868,2.65409,97.9459,0.0274463,-0.0812339,0,0.00260578
0.445,0.855,432.247,-14.9895,2.68617,107.68,0.0274463,-0.0812339,0,0.00260578
0.445,0.865,479.087,-14.9915,2.71744,117.95,0.0274463,-0.0812339,0,0.00260578
0.445,0.875,526.374,-14.9932,2.74726,128.508,0.0274463,-0.0812339,0,0.00260578
0.445,0.885,573.338,-14.9945,2.77535,139.161,0.0274463,-0.0812339,0,0.00260578
0.445,0.895,619.275,-14.9956,2.8016,149.75,0.0274463,-0.0812339,0,0.00260578
0.445,0.905,663.563,-14.9965,2.82595,160.135,0.0274463,-0.0812339,0,0.00260578
0.445,0.915,705.662,-14.9972,2.84841,170.19,0.0274463,-0.0812339,0,0.00260578
0.445,0.925,745.13,-14.9978,2.86898,179.805,0.0274463,-0.0812339,0,0.00260578
0.445,0.935,781.625,-14.9983,2.88768,188.884,0.0274463,-0.0812339,0,0.00260578
0.445,0.945,814.915,-14.9987,2.90455,197.349,0.0274463,-0.0812339,0,0.00260578
0.445,0.955,844.869,-14.999,2.91964,205.141,0.0274463,-0.0812339,0,0.00260578
0.445,0.965,871.454,-14.9993,2.93302,212.219,0.0274463,-0.0812339,0,0.00260578
0.445,0.975,894.728,-14.9995,2.94476,218.561,0.0274463,-0.0812339,0,0.00260578
0.445,0.985,914.821,-14.9996,2.95495,224.164,0.0274463,-0.0812339,0,0.00260578
0.445,0.995,931.927,-14.9997,2.96369,229.043,0.0274463,-0.0812339,0,0.00260578
0.455,0.005,12.7859,6.22219,-4.63394,144.419,0.0227243,-0.0136866,0,0.00200054
0.455,0.015,12.7312,6.18614,-4.50924,142.017,0.0227243,-0.0136866,0,0.00200054
0.455,0.025,12.678,6.14908,-4.38457,139.623,0.0227243,-0.0136866,0,0.00200054
0.455,0.035,12.6263,6.11104,-4.25993,137.237,0.0227243,-0.0136866,0,0.00200054
0.455,0.045,12.5757,6.07205,-4.13535,134.86,0.0227243,-0.0136866,0,0.00200054
0.455,0.055,12.5263,6.03212,-4.01082,132.494,0.0227243,-0.0136866,0,0.00200054
0.455,0.065,12.4781,5.99128,-3.88632,130.142,0.0227243,-0.0136866,0,0.00200054
0.455,0.075,12.4329,5.94956,-3.76121,127.836,0.0227243,-0.0136866,0,0.00200054
0.455,0.085,12.3893,5.90721,-3.63599,125.553,0.0227243,-0.0136866,0,0.00200054
0.455,0.095,12.3464,5.86435,-3.51089,123.285,0.0227243,-0.0136866,0,0.00200054
0.455,0.105,12.304,5.82102,-3.38592,121.033,0.0227243,-0.0136866,0,0.00200054
0.455,0.115,12.2622,5.77729,-3.26109,118.798,0.0227243,-0.0136866,0,0.00200054
0.455,0.125,12.2209,5.7332,-3.1364,116.581,0.0227243,-0.0136866,0,0.00200054
0.455,0.135,12.1799,5.68879,-3.01187,114.383,0.0227243,-0.0136866,0,0.00200054
0.455,0.145,12.139,5.6441,-2.88748,112.204,0.0227243,-0.0136866,0,0.00200054
0.455,0.155,12.0983,5.59918,-2.76324,110.046,0.0227243,-0.0136866,0,0.00200054
0.455,0.165,12.0577,5.55404,-2.63915,107.91,0.0227243,-0.0136866,0,0.00200054
0.455,0.175,12.0169,5.50873,-2.51521,105.795,0.0227243,-0.0136866,0,0.00200054
0.455,0.185,11.976,5.46328,-2.39142,103.703,0.0227243,-0.0136866,0,0.00200054
0.455,0.195,11.9348,5.4177,-2.26778,101.635,0.0227243,-0.0136866,0,0.00200054
0.455,0.205,11.8932,5.37202,-2.14429,99.5903,0.0227243,-0.0136866,0,0.00200054
0.455,0.215,11.8512,5.32626,-2.02097,97.5708,0.0227243,-0.0136866,0,0.00200054
0.455,0.225,11.8087,5.28044,-1.8978,95.5769,0.0227243,-0.0136866,0,0.00200054
0.455,0.235,11.7657,5.23456,-1.77482,93.6093,0.0227243,-0.0136866,0,0.00200054
0.455,0.245,11.7221,5.18864,-1.65202,91.669,0.0227243,-0.0136866,0,0.00200054
0.455,0.255,11.678,5.14268,-1.52942,89.7567,0.0227243,-0.0136866,0,0.00200054
0.455,0.265,11.6332,5.09668,-1.40705,87.8737,0.0227243,-0.0136866,0,0.00200054
0.455,0.275,11.5879,5.05064,-1.28494,86.0212,0.0227243,-0.0136866,0,0.00200054
0.455,0.285,11.5422,5.00455,-1.16311,84.2006,0.0227243,-0.0136866,0,0.00200054
0.455,0.295,11.4961,4.95838,-1.04162,82.4136,0.0227243,-0.0136866,0,0.00200054
0.455,0.305,11.4498,4.91213,-0.920517,80.6623,0.0227243,-0.0136866,0,0.00200054
0.455,0.315,11.4037,4.86576,-0.799879,78.9492,0.0227243,-0.0136866,0,0.00200054
0.455,0.325,11.358,4.81923,-0.679798,77.2775,0.0227243,-0.0136866,0,0.00200054
0.455,0.335,11.3132,4.77248,-0.560393,75.6509,0.0227243,-0.0136866,0,0.00200054
0.455,0.345,11.2699,4.72545,-0.441817,74.074,0.0227243,-0.0136866,0,0.00200054
0.455,0.355,11.2288,4.67805,-0.324265,72.5529,0.0227243,-0.0136866,0,0.00200054
0.455,0.365,11.191,4.63019,-0.207988,71.0949,0.0227243,-0.0136866,0,0.00200054
0.455,0.375,11.1579,4.58168,-0.0933004,69.7095,0.0227243,-0.0136866,0,0.00200054
0.455,0.385,11.1393,4.52939,0.0197929,68.4219,0.0227243,-0.0136866,0,0.00200054
0.455,0.395,11.1354,4.47268,0.131045,67.2175,0.0227243,-0.0136866,0,0.00200054
0.455,0.405,11.1403,4.41473,0.239415,66.1227,0.0227243,-0.0136866,0,0.00200054
0.455,0.415,11.1583,4.35499,0.34377,65.1716,0.0227243,-0.0136866,0,0.00200054
0.455,0.425,11.1933,4.29299,0.443112,64.3924,0.0227243,-0.0136866,0,0.00200054
0.455,0.435,11.2501,4.22829,0.536353,63.8176,0.0227243,-0.0136866,0,0.00200054
0.455,0.445,11.3337,4.16045,0.622372,63.4817,0.0227243,-0.0136866,0,0.00200054
0.455,0.455,11.4496,4.08886,0.700093,63.4198,0.0227243,-0.0136866,0,0.00200054
0.455,0.465,11.6028,4.01287,0.76863,63.6629,0.0227243,-0.0136866,0,0.00200054
0.455,0.475,11.7969,3.93181,0.827478,64.2328,0.0227243,-0.0136866,0,0.00200054
0.455,0.485,12.0333,3.84509,0.87668,65.1361,0.0227243,-0.0136866,0,0.00200054
0.455,0.495,12.3105,3.75222,0.916887,66.3601,0.0227243,-0.0136866,0,0.00200054
0.455,0.505,12.6235,3.65287,0.949257,67.8732,0.0227243,-0.0136866,0,0.00200054
0.455,0.515,12.9649,3.5468,0.975232,69.6289,0.0227243,-0.0136866,0,0.00200054
0.455,0.525,13.3251,3.43383,0.996233,71.5736,0.0227243,-0.0136866,0,0.00200054
0.455,0.535,13.6923,3.31382,1.01344,73.6521,0.0227243,-0.0136866,0,0.00200054
0.455,0.545,14.0506,3.18674,1.02768,75.8108,0.0227243,-0.0136866,0,0.00200054
0.455,0.555,14.3729,3.05292,1.03941,77.9984,0.0227243,-0.0136866,0,0.00200054
0.455,0.565,14.6059,2.91302,1.04882,80.1674,0.0227243,-0.0136866,0,0.00200054
0.455,0.575,14.6496,2.76636,1.05637,82.2939,0.0227243,-0.0136866,0,0.00200054
0.455,0.585,14.3329,2.60771,1.06364,84.3141,0.0227243,-0.0136866,0,0.00200054
0.455,0.595,13.4582,2.41313,1.07488,86.2304,0.0227243,-0.0136866,0,0.00200054
0.455,0.605,11.9181,2.12677,1.10148,88.0669,0.0227243,-0.0136866,0,0.00200054
0.455,0.615,9.88144,1.64435,1.16506,89.8404,0.0227243,-0.0136866,0,0.00200054
0.455,0.625,7.84183,0.816204,1.29438,91.4163,0.0227243,-0.0136866,0,0.00200054
0.455,0.635,6.32757,-0.483805,1.50388,92.4239,0.0227243,-0.0136866,0,0.00200054
0.455,0.645,5.51208,-2.23244,1.75918,92.5749,0.0227243,-0.0136866,0,0.00200054
0.455,0.655,5.25324,-4.25838,1.99391,92.0298,0.0227243,-0.0136866,0,0.00200054
0.455,0.665,5.44363,-6.38056,2.16445,91.0622,0.0227243,-0.0136866,0,0.00200054
0.455,0.675,6.10132,-8.45425,2.26725,89.5114,0.0227243,-0.0136866,0,0.00200054
0.455,0.685,7.36818,-10.3167,2.31191,86.9746,0.0227243,-0.0136866,0,0.00200054
0.455,0.695,9.49687,-11.814,2.32066,83.6267,0.0227243,-0.0136866,0,0.00200054
0.455,0.705,12.8996,-12.8911,2.33988,80.9105,0.0227243,-0.0136866,0,0.00200054
0.455,0.715,18.3207,-13.6038,2.41427,81.1317,0.0227243,-0.0136866,0,0.00200054
0.455,0.725,27.0159,-14.0579,2.53828,85.7739,0.0227243,-0.0136866,0,0.00200054
0.455,0.735,40.5494,-14.3505,2.66598,93.7898,0.0227243,-0.0136866,0,0.00200054
0.455,0.745,60.0977,-14.5471,2.75348,101.681,0.0227243,-0.0136866,0,0.00200054
0.455,0.755,85.555,-14.685,2.78078,105.356,0.0227243,-0.0136866,0,0.00200054
0.455,0.765,114.969,-14.784,2.75412,102.389,0.0227243,-0.0136866,0,0.00200054
0.455,0.775,145.373,-14.8551,2.69569,93.9018,0.0227243,-0.0136866,0,0.00200054
0.455,0.785,174.755,-14.9046,2.63267,83.959,0.0227243,-0.0136866,0,0.00200054
0.455,0.795,203.381,-14.9374,2.58693,76.7285,0.0227243,-0.0136866,0,0.00200054
0.455,0.805,233.154,-14.958,2.56782,74.1938,0.0227243,-0.0136866,0,0.00200054
0.455,0.815,265.961,-14.9706,2.57266,76.1509,0.0227243,-0.0136866,0,0.00200054
0.455,0.825,302.657,-14.9783,2.59328,81.4538,0.0227243,-0.0136866,0,0.00200054
0.455,0.835,343.092,-14.9834,2.62199,88.9676,0.0227243,-0.0136866,0,0.00200054
0.455,0.845,386.558,-14.9869,2.65382,97.8746,0.0227243,-0.0136866,0,0.00200054
0.455,0.855,432.173,-14.9895,2.68605,107.645,0.0227243,-0.0136866,0,0.00200054
0.455,0.865,479.049,-14.9915,2.71739,117.933,0.0227243,-0.0136866,0,0.00200054
0.455,0.875,526.356,-14.9932,2.74724,128.5,0.0227243,-0.0136866,0,0.00200054
0.455,0.885,573.329,-14.9945,2.77534,139.157,0.0227243,-0.0136866,0,0.00200054
0.455,0.895,619.272,-14.9956,2.8016,149.749,0.0227243,-0.0136866,0,0.00200054
0.455,0.905,663.561,-14.9965,2.82595,160.134,0.0227243,-0.0136866,0,0.00200054
0.455,0.915,705.662,-14.9972,2.84841,170.19,0.0227243,-0.0136866,0,0.00200054
0.455,0.925,745.129,-14.9978,2.86898,179.804,0.0227243,-0.0136866,0,0.00200054
0.455,0.935,781.625,-14.9983,2.88768,188.884,0.0227243,-0.0136866,0,0.00200054
0.455,0.945,814.915,-14.9987,2.90455,197.349,0.0227243,-0.0136866,0,0.00200054
0.455,0.955,844.869,-14.999,2.91964,205.141,0.0227243,-0.0136866,0,0.00200054
0.455,0.965,871.454,-14.9993,2.93302,212.219,0.0227243,-0.0136866,0,0.00200054
0.455,0.975,894.728,-14.9995,2.94476,218.561,0.0227243,-0.0136866,0,0.00200054
0.455,0.985,914.821,-14.9996,2.95495,224.164,0.0227243,-0.0136866,0,0.00200054
0.455,0.995,931.927,-14.9997,2.96369,229.043,0.0227243,-0.0136866,0,0.00200054
0.465,0.005,12.623,6.30577,-4.61123,141.872,0.0218521,0,0,0.00189387
0.465,0.015,12.5682,6.27008,-4.48654,139.519,0.0218521,0,0,0.00189387
0.465,0.025,12.5147,6.23339,-4.36186,137.173,0.0218521,0,0,0.00189387
0.465,0.035,12.4626,6.19572,-4.23722,134.836,0.0218521,0,0,0.00189387
0.465,0.045,12.4116,6.15712,-4.11263,132.508,0.0218521,0,0,0.00189387
0.465,0.055,12.3618,6.11759,-3.98809,130.19,0.0218521,0,0,0.00189387
0.465,0.065,12.3133,6.07714,-3.8635,127.889,0.0218521,0,0,0.00189387
0.465,0.075,12.2679,6.03585,-3.73827,125.635,0.0218521,0,0,0.00189387
0.465,0.085,12.2238,5.99396,-3.613,123.4,0.0218521,0,0,0.00189387
0.465,0.095,12.1803,5.95156,-3.48784,121.179,0.0218521,0,0,0.00189387
0.465,0.105,12.1374,5.9087,-3.36281,118.975,0.0218521,0,0,0.00189387
0.465,0.115,12.095,5.86544,-3.23792,116.786,0.0218521,0,0,0.00189387
0.465,0.125,12.0531,5.8218,-3.11316,114.615,0.0218521,0,0,0.00189387
0.465,0.135,12.0114,5.77785,-2.98854,112.463,0.0218521,0,0,0.00189387
0.465,0.145,11.97,5.73361,-2.86407,110.33,0.0218521,0,0,0.00189387
0.465,0.155,11.9287,5.68911,-2.73974,108.216,0.0218521,0,0,0.00189387
0.465,0.165,11.8874,5.6444,-2.61555,106.123,0.0218521,0,0,0.00189387
0.465,0.175,11.846,5.5995,-2.49151,104.052,0.0218521,0,0,0.00189387
0.465,0.185,11.8044,5.55443,-2.36762,102.002,0.0218521,0,0,0.00189387
0.465,0.195,11.7626,5.50921,-2.24387,99.9755,0.0218521,0,0,0.00189387
0.465,0.205,11.7204,5.46388,-2.12029,97.972,0.0218521,0,0,0.00189387
0.465,0.215,11.6778,5.41845,-1.99686,95.9926,0.0218521,0,0,0.00189387
0.465,0.225,11.6348,5.37293,-1.8736,94.0379,0.0218521,0,0,0.00189387
0.465,0.235,11.5912,5.32733,-1.75052,92.1089,0.0218521,0,0,0.00189387
0.465,0.245,11.5471,5.28166,-1.62764,90.2063,0.0218521,0,0,0.00189387
0.465,0.255,11.5024,5.23592,-1.50496,88.3312,0.0218521,0,0,0.00189387
0.465,0.265,11.4572,5.19011,-1.38253,86.4847,0.0218521,0,0,0.00189387
0.465,0.275,11.4115,5.14424,-1.26036,84.668,0.0218521,0,0,0.00189387
0.465,0.285,11.3655,5.09828,-1.13849,82.8826,0.0218521,0,0,0.00189387
0.465,0.295,11.3191,5.05222,-1.01698,81.1305,0.0218521,0,0,0.00189387
0.465,0.305,11.2727,5.00604,-0.895888,79.4136,0.0218521,0,0,0.00189387
0.465,0.315,11.2265,4.9597,-0.775287,77.7348,0.0218521,0,0,0.00189387
0.465,0.325,11.1809,4.91316,-0.655279,76.097,0.0218521,0,0,0.00189387
0.465,0.335,11.1363,4.86636,-0.535993,74.5044,0.0218521,0,0,0.00189387
0.465,0.345,11.0933,4.81924,-0.417592,72.9619,0.0218521,0,0,0.00189387
0.465,0.355,11.0528,4.77171,-0.300284,71.4755,0.0218521,0,0,0.00189387
0.465,0.365,11.0159,4.72364,-0.184336,70.053,0.0218521,0,0,0.00189387
0.465,0.375,10.9841,4.6748,-0.0700727,68.7047,0.0218521,0,0,0.00189387
0.465,0.385,10.97,4.62088,0.0425805,67.4579,0.0218521,0,0,0.00189387
0.465,0.395,10.9668,4.56382,0.153209,66.2899,0.0218521,0,0,0.00189387
0.465,0.405,10.9735,4.50534,0.26061,65.2396,0.0218521,0,0,0.00189387
0.465,0.415,10.9939,4.44495,0.363735,64.3373,0.0218521,0,0,0.00189387
0.465,0.425,11.0322,4.38217,0.461559,63.6121,0.0218521,0,0,0.00189387
0.465,0.435,11.0932,4.31653,0.552963,63.0966,0.0218521,0,0,0.00189387
0.465,0.445,11.182,4.24755,0.636805,62.8261,0.0218521,0,0,0.00189387
0.465,0.455,11.304,4.17461,0.712017,62.8352,0.0218521,0,0,0.00189387
0.465,0.465,11.4641,4.09703,0.777766,63.1536,0.0218521,0,0,0.00189387
0.465,0.475,11.6654,4.01416,0.833647,63.8005,0.0218521,0,0,0.00189387
0.465,0.485,11.9087,3.92542,0.879841,64.7782,0.0218521,0,0,0.00189387
0.465,0.495,12.1917,3.83036,0.917142,66.0696,0.0218521,0,0,0.00189387
0.465,0.505,12.5088,3.72868,0.946837,67.6382,0.0218521,0,0,0.00189387
0.465,0.515,12.8521,3.62019,0.97043,69.4343,0.0218521,0,0,0.00189387
0.465,0.525,13.2115,3.50473,0.989344,71.4026,0.0218521,0,0,0.00189387
0.465,0.535,13.575,3.38215,1.00472,73.4877,0.0218521,0,0,0.00189387
0.465,0.545,13.926,3.25246,1.01731,75.637,0.0218521,0,0,0.00189387
0.465,0.555,14.2352,3.11605,1.02748,77.8006,0.0218521,0,0,0.00189387
0.465,0.565,14.444,2.97353,1.03535,79.9327,0.0218521,0,0,0.00189387
0.465,0.575,14.442,2.8236,1.04144,82.0074,0.0218521,0,0,0.00189387
0.465,0.585,14.0491,2.65895,1.04785,83.9739,0.0218521,0,0,0.00189387
0.465,0.595,13.0706,2.4511,1.06007,85.8449,0.0218521,0,0,0.00189387
0.465,0.605,11.4352,2.13638,1.09158,87.6485,0.0218521,0,0,0.00189387
0.465,0.615,9.37948,1.60235,1.16625,89.376,0.0218521,0,0,0.00189387
0.465,0.625,7.43445,0.702241,1.31169,90.8268,0.0218521,0,0,0.00189387
0.465,0.635,6.07514,-0.660929,1.5334,91.6104,0.0218521,0,0,0.00189387
0.465,0.645,5.38146,-2.42549,1.78587,91.5502,0.0218521,0,0,0.00189387
0.465,0.655,5.19071,-4.42121,2.00449,90.8911,0.0218521,0,0,0.00189387
0.465,0.665,5.41013,-6.49777,2.1563,89.8809,0.0218521,0,0,0.00189387
0.465,0.675,6.07316,-8.53321,2.24471,88.2878,0.0218521,0,0,0.00189387
0.465,0.685,7.33268,-10.367,2.28122,85.7499,0.0218521,0,0,0.00189387
0.465,0.695,9.44814,-11.8423,2.28997,82.5528,0.0218521,0,0,0.00189387
0.465,0.705,12.8454,-12.9034,2.31824,80.2511,0.0218521,0,0,0.00189387
0.465,0.715,18.2956,-13.6066,2.40671,81.1206,0.0218521,0,0,0.00189387
0.465,0.725,27.083,-14.057,2.54277,86.4544,0.0218521,0,0,0.00189387
0.465,0.735,40.7838,-14.3493,2.67642,94.9939,0.0218521,0,0,0.00189387
0.465,0.745,60.5427,-14.5468,2.7643,103.048,0.0218521,0,0,0.00189387
0.465,0.755,86.1604,-14.6856,2.78848,106.428,0.0218521,0,0,0.00189387
0.465,0.765,115.559,-14.7852,2.75733,102.811,0.0218521,0,0,0.00189387
0.465,0.775,145.717,-14.8565,2.69481,93.6345,0.0218521,0,0,0.00189387
0.465,0.785,174.729,-14.906,2.62936,83.2755,0.0218521,0,0,0.00189387
0.465,0.795,203.046,-14.9385,2.58311,75.9802,0.0218521,0,0,0.00189387
0.465,0.805,232.688,-14.9587,2.56477,73.5962,0.0218521,0,0,0.00189387
0.465,0.815,265.524,-14.971,2.5707,75.7534,0.0218521,0,0,0.00189387
0.465,0.825,302.328,-14.9785,2.59219,81.2187,0.0218521,0,0,0.00189387
0.465,0.835,342.877,-14.9835,2.62145,88.8393,0.0218521,0,0,0.00189387
0.465,0.845,386.432,-14.9869,2.65356,97.8087,0.0218521,0,0,0.00189387
0.465,0.855,432.104,-14.9895,2.68594,107.612,0.0218521,0,0,0.00189387
0.465,0.865,479.014,-14.9915,2.71734,117.918,0.0218521,0,0,0.00189387
0.465,0.875,526.339,-14.9932,2.74722,128.493,0.0218521,0,0,0.00189387
0.465,0.885,573.321,-14.9945,2.77533,139.154,0.0218521,0,0,0.00189387
0.465,0.895,619.268,-14.9956,2.80159,149.747,0.0218521,0,0,0.00189387
0.465,0.905,663.56,-14.9965,2.82595,160.134,0.0218521,0,0,0.00189387
0.465,0.915,705.661,-14.9972,2.84841,170.19,0.0218521,0,0,0.00189387
0.465,0.925,745.129,-14.9978,2.86898,179.804,0.0218521,0,0,0.00189387
0.465,0.935,781.625,-14.9983,2.88768,188.884,0.0218521,0,0,0.00189387
0.465,0.945,814.915,-14.9987,2.90455,197.349,0.0218521,0,0,0.00189387
0.465,0.955,844.869,-14.999,2.91964,205.141,0.0218521,0,0,0.00189387
0.465,0.965,871.454,-14.9993,2.93302,212.219,0.0218521,0,0,0.00189387
0.465,0.975,894.728,-14.9995,2.94476,218.561,0.0218521,0,0,0.00189387
0.465,0.985,914.821,-14.9996,2.95495,224.164,0.0218521,0,0,0.00189387
0.465,0.995,931.927,-14.9997,2.96369,229.043,0.0218521,0,0,0.00189387
0.475,0.005,12.4636,6.38945,-4.58863,139.39,0.0218521,0,0,0.00189387
0.475,0.015,12.4085,6.3541,-4.46394,137.085,0.0218521,0,0,0.00189387
0.475,0.025,12.3548,6.31776,-4.33927,134.786,0.0218521,0,0,0.00189387
0.475,0.035,12.3024,6.28047,-4.21462,132.496,0.0218521,0,0,0.00189387
0.475,0.045,12.2511,6.24224,-4.09001,130.215,0.0218521,0,0,0.00189387
0.475,0.055,12.2008,6.20309,-3.96545,127.945,0.0218521,0,0,0.00189387
0.475,0.065,12.1521,6.16304,-3.84075,125.695,0.0218521,0,0,0.00189387
0.475,0.075,12.1065,6.12217,-3.7154,123.49,0.0218521,0,0,0.00189387
0.475,0.085,12.0618,6.08072,-3.59008,121.301,0.0218521,0,0,0.00189387
0.475,0.095,12.0178,6.03877,-3.46487,119.127,0.0218521,0,0,0.00189387
0.475,0.105,11.9744,5.99636,-3.33978,116.967,0.0218521,0,0,0.00189387
0.475,0.115,11.9315,5.95354,-3.21482,114.824,0.0218521,0,0,0.00189387
0.475,0.125,11.889,5.91035,-3.08998,112.698,0.0218521,0,0,0.00189387
0.475,0.135,11.8467,5.86683,-2.96529,110.589,0.0218521,0,0,0.00189387
0.475,0.145,11.8047,5.82302,-2.84073,108.5,0.0218521,0,0,0.00189387
0.475,0.155,11.7628,5.77894,-2.71631,106.429,0.0218521,0,0,0.00189387
0.475,0.165,11.7208,5.73463,-2.59203,104.379,0.0218521,0,0,0.00189387
0.475,0.175,11.6788,5.69011,-2.46789,102.349,0.0218521,0,0,0.00189387
0.475,0.185,11.6366,5.64541,-2.3439,100.34,0.0218521,0,0,0.00189387
0.475,0.195,11.5942,5.60054,-2.22006,98.3534,0.0218521,0,0,0.00189387
0.475,0.205,11.5514,5.55554,-2.09638,96.3893,0.0218521,0,0,0.00189387
0.475,0.215,11.5082,5.51041,-1.97286,94.4486,0.0218521,0,0,0.00189387
0.475,0.225,11.4646,5.46517,-1.84951,92.5319,0.0218521,0,0,0.00189387
0.475,0.235,11.4204,5.41983,-1.72634,90.6401,0.0218521,0,0,0.00189387
0.475,0.245,11.3758,5.3744,-1.60338,88.7741,0.0218521,0,0,0.00189387
0.475,0.255,11.3306,5.32887,-1.48063,86.9349,0.0218521,0,0,0.00189387
0.475,0.265,11.285,5.28324,-1.35814,85.1236,0.0218521,0,0,0.00189387
0.475,0.275,11.2389,5.23752,-1.23592,83.3417,0.0218521,0,0,0.00189387
0.475,0.285,11.1925,5.19168,-1.11403,81.5906,0.0218521,0,0,0.00189387
0.475,0.295,11.146,5.14571,-0.992512,79.8723,0.0218521,0,0,0.00189387
0.475,0.305,11.0994,5.09959,-0.871436,78.189,0.0218521,0,0,0.00189387
0.475,0.315,11.0532,5.05327,-0.750885,76.5435,0.0218521,0,0,0.00189387
0.475,0.325,11.0076,5.00671,-0.630966,74.939,0.0218521,0,0,0.00189387
0.475,0.335,10.9632,4.95985,-0.511818,73.3798,0.0218521,0,0,0.00189387
0.475,0.345,10.9207,4.91262,-0.393614,71.8709,0.0218521,0,0,0.00189387
0.475,0.355,10.8808,4.86492,-0.276579,70.4187,0.0218521,0,0,0.00189387
0.475,0.365,10.8448,4.81663,-0.160996,69.0316,0.0218521,0,0,0.00189387
0.475,0.375,10.8151,4.76716,-0.0471556,67.7221,0.0218521,0,0,0.00189387
0.475,0.385,10.8041,4.71193,0.0650029,66.5106,0.0218521,0,0,0.00189387
0.475,0.395,10.802,4.65446,0.174902,65.382,0.0218521,0,0,0.00189387
0.475,0.405,10.8107,4.5954,0.28126,64.3768,0.0218521,0,0,0.00189387
0.475,0.415,10.8338,4.53431,0.383068,63.5242,0.0218521,0,0,0.00189387
0.475,0.425,10.8755,4.4707,0.479269,62.8538,0.0218521,0,0,0.00189387
0.475,0.435,10.9409,4.40406,0.568715,62.3991,0.0218521,0,0,0.00189387
0.475,0.445,11.0352,4.33387,0.650246,62.1955,0.0218521,0,0,0.00189387
0.475,0.455,11.1636,4.25948,0.722813,62.2772,0.0218521,0,0,0.00189387
0.475,0.465,11.3307,4.18022,0.785646,62.6724,0.0218521,0,0,0.00189387
0.475,0.475,11.5394,4.09543,0.838455,63.397,0.0218521,0,0,0.00189387
0.475,0.485,11.7895,4.00456,0.88157,64.4491,0.0218521,0,0,0.00189387
0.475,0.495,12.0781,3.90722,0.915937,65.8063,0.0218521,0,0,0.00189387
0.475,0.505,12.3991,3.80313,0.94296,67.428,0.0218521,0,0,0.00189387
0.475,0.515,12.7437,3.69214,0.964192,69.2614,0.0218521,0,0,0.00189387
0.475,0.525,13.1019,3.57409,0.981038,71.2503,0.0218521,0,0,0.00189387
0.475,0.535,13.4613,3.44885,0.994575,73.34,0.0218521,0,0,0.00189387
0.475,0.545,13.8046,3.31643,1.00548,75.4794,0.0218521,0,0,0.00189387
0.475,0.555,14.0999,3.17727,1.01406,77.6204,0.0218521,0,0,0.00189387
0.475,0.565,14.2823,3.03192,1.02039,79.7182,0.0218521,0,0,0.00189387
0.475,0.575,14.2294,2.87844,1.02512,81.7406,0.0218521,0,0,0.00189387
0.475,0.585,13.7539,2.70643,1.03095,83.6653,0.0218521,0,0,0.00189387
0.475,0.595,12.6669,2.48248,1.04491,85.5004,0.0218521,0,0,0.00189387
0.475,0.605,10.9427,2.13444,1.08282,87.2767,0.0218521,0,0,0.00189387
0.475,0.615,8.88916,1.54319,1.17045,88.9467,0.0218521,0,0,0.00189387
0.475,0.625,7.05819,0.570388,1.33263,90.244,0.0218521,0,0,0.00189387
0.475,0.635,5.85406,-0.846593,1.56416,90.7921,0.0218521,0,0,0.00189387
0.475,0.645,5.27118,-2.61375,1.81027,90.5429,0.0218521,0,0,0.00189387
0.475,0.655,5.13832,-4.57223,2.01133,89.793,0.0218521,0,0,0.00189387
0.475,0.665,5.37997,-6.6032,2.14507,88.7487,0.0218521,0,0,0.00189387
0.475,0.675,6.04466,-8.60292,2.22027,87.1209,0.0218521,0,0,0.00189387
0.475,0.685,7.29522,-10.4105,2.24982,84.5987,0.0218521,0,0,0.00189387
0.475,0.695,9.39757,-11.8657,2.25979,81.581,0.0218521,0,0,0.00189387
0.475,0.705,12.7916,-12.9125,2.29809,79.721,0.0218521,0,0,0.00189387
0.475,0.715,18.2748,-13.6078,2.4009,81.248,0.0218521,0,0,0.00189387
0.475,0.725,27.1578,-14.0555,2.54865,87.2636,0.0218521,0,0,0.00189387
0.475,0.735,41.0283,-14.3481,2.68775,96.3071,0.0218521,0,0,0.00189387
0.475,0.745,60.9983,-14.5466,2.77562,104.496,0.0218521,0,0,0.00189387
0.475,0.755,86.7722,-14.6864,2.7964,107.542,0.0218521,0,0,0.00189387
0.475,0.765,116.144,-14.7867,2.76055,103.237,0.0218521,0,0,0.00189387
0.475,0.775,146.046,-14.8582,2.69385,93.3519,0.0218521,0,0,0.00189387
0.475,0.785,174.683,-14.9074,2.62597,82.5813,0.0218521,0,0,0.00189387
0.475,0.795,202.699,-14.9395,2.57929,75.2361,0.0218521,0,0,0.00189387
0.475,0.805,232.223,-14.9594,2.56177,73.0128,0.0218521,0,0,0.00189387
0.475,0.815,265.098,-14.9713,2.56881,75.3717,0.0218521,0,0,0.00189387
0.475,0.825,302.013,-14.9787,2.59116,80.9962,0.0218521,0,0,0.00189387
0.475,0.835,342.675,-14.9835,2.62094,88.7196,0.0218521,0,0,0.00189387
0.475,0.845,386.316,-14.987,2.65333,97.748,0.0218521,0,0,0.00189387
0.475,0.855,432.042,-14.9895,2.68583,107.583,0.0218521,0,0,0.00189387
0.475,0.865,478.983,-14.9916,2.7173,117.905,0.0218521,0,0,0.00189387
0.475,0.875,526.324,-14.9932,2.7472,128.487,0.0218521,0,0,0.00189387
0.475,0.885,573.314,-14.9945,2.77533,139.152,0.0218521,0,0,0.00189387
0.475,0.895,619.265,-14.9956,2.80159,149.746,0.0218521,0,0,0.00189387
0.475,0.905,663.559,-14.9965,2.82595,160.133,0.0218521,0,0,0.00189387
0.475,0.915,705.66,-14.9972,2.84841,170.189,0.0218521,0,0,0.00189387
0.475,0.925,745.129,-14.9978,2.86898,179.804,0.0218521,0,0,0.00189387
0.475,0.935,781.625,-14.9983,2.88768,188.884,0.0218521,0,0,0.00189387
0.475,0.945,814.915,-14.9987,2.90455,197.349,0.0218521,0,0,0.00189387
0.475,0.955,844.868,-14.999,2.91964,205.141,0.0218521,0,0,0.00189387
0.475,0.965,871.454,-14.9993,2.93302,212.219,0.0218521,0,0,0.00189387
0.475,0.975,894.728,-14.9995,2.94476,218.561,0.0218521,0,0,0.00189387
0.475,0.985,914.821,-14.9996,2.95495,224.164,0.0218521,0,0,0.00189387
0.475,0.995,931.927,-14.9997,2.96369,229.043,0.0218521,0,0,0.00189387
0.485,0.005,12.3075,6.47319,-4.56615,136.97,0.0218521,0,0,0.00189387
0.485,0.015,12.2522,6.43818,-4.44145,134.711,0.0218521,0,0,0.00189387
0.485,0.025,12.1982,6.40219,-4.31677,132.459,0.0218521,0,0,0.00189387
0.485,0.035,12.1455,6.36526,-4.1921,130.215,0.0218521,0,0,0.00189387
0.485,0.045,12.0938,6.3274,-4.06747,127.98,0.0218521,0,0,0.00189387
0.485,0.055,12.0432,6.28862,-3.94289,125.755,0.0218521,0,0,0.00189387
0.485,0.065,11.9944,6.24894,-3.81805,123.555,0.0218521,0,0,0.00189387
0.485,0.075,11.9485,6.20848,-3.69261,121.398,0.0218521,0,0,0.00189387
0.485,0.085,11.9033,6.16747,-3.56724,119.254,0.0218521,0,0,0.00189387
0.485,0.095,11.8588,6.12595,-3.44197,117.124,0.0218521,0,0,0.00189387
0.485,0.105,11.8149,6.08397,-3.31682,115.008,0.0218521,0,0,0.00189387
0.485,0.115,11.7714,6.04159,-3.19179,112.909,0.0218521,0,0,0.00189387
0.485,0.125,11.7283,5.99882,-3.06688,110.826,0.0218521,0,0,0.00189387
0.485,0.135,11.6855,5.95572,-2.94211,108.76,0.0218521,0,0,0.00189387
0.485,0.145,11.6429,5.91232,-2.81746,106.712,0.0218521,0,0,0.00189387
0.485,0.155,11.6003,5.86864,-2.69296,104.683,0.0218521,0,0,0.00189387
0.485,0.165,11.5578,5.82471,-2.56859,102.673,0.0218521,0,0,0.00189387
0.485,0.175,11.5152,5.78056,-2.44436,100.684,0.0218521,0,0,0.00189387
0.485,0.185,11.4724,5.7362,-2.32027,98.7143,0.0218521,0,0,0.00189387
0.485,0.195,11.4293,5.69167,-2.19634,96.7664,0.0218521,0,0,0.00189387
0.485,0.205,11.3859,5.64698,-2.07256,94.8404,0.0218521,0,0,0.00189387
0.485,0.215,11.3421,5.60214,-1.94895,92.937,0.0218521,0,0,0.00189387
0.485,0.225,11.2979,5.55717,-1.82552,91.057,0.0218521,0,0,0.00189387
0.485,0.235,11.2533,5.51207,-1.70227,89.2013,0.0218521,0,0,0.00189387
0.485,0.245,11.2081,5.46686,-1.57923,87.3707,0.0218521,0,0,0.00189387
0.485,0.255,11.1625,5.42152,-1.45643,85.5663,0.0218521,0,0,0.00189387
0.485,0.265,11.1164,5.37606,-1.33388,83.7893,0.0218521,0,0,0.00189387
0.485,0.275,11.07,5.33048,-1.21163,82.0411,0.0218521,0,0,0.00189387
0.485,0.285,11.0233,5.28475,-1.08972,80.3233,0.0218521,0,0,0.00189387
0.485,0.295,10.9765,5.23885,-0.968206,78.638,0.0218521,0,0,0.00189387
0.485,0.305,10.9298,5.19277,-0.847161,76.9874,0.0218521,0,0,0.00189387
0.485,0.315,10.8835,5.14646,-0.726675,75.3744,0.0218521,0,0,0.00189387
0.485,0.325,10.838,5.09986,-0.606863,73.8025,0.0218521,0,0,0.00189387
0.485,0.335,10.7939,5.05293,-0.487873,72.2759,0.0218521,0,0,0.00189387
0.485,0.345,10.7518,5.00557,-0.369891,70.8001,0.0218521,0,0,0.00189387
0.485,0.355,10.7125,4.9577,-0.253157,69.3818,0.0218521,0,0,0.00189387
0.485,0.365,10.6775,4.90915,-0.137974,68.0296,0.0218521,0,0,0.00189387
0.485,0.375,10.6506,4.85876,-0.0245678,66.7594,0.0218521,0,0,0.00189387
0.485,0.385,10.6418,4.80251,0.0870364,65.5814,0.0218521,0,0,0.00189387
0.485,0.395,10.6411,4.74456,0.196098,64.4933,0.0218521,0,0,0.00189387
0.485,0.405,10.6518,4.68488,0.30133,63.5339,0.0218521,0,0,0.00189387
0.485,0.415,10.6777,4.62305,0.401723,62.7318,0.0218521,0,0,0.00189387
0.485,0.425,10.7232,4.55855,0.496188,62.1175,0.0218521,0,0,0.00189387
0.485,0.435,10.7932,4.49083,0.583545,61.725,0.0218521,0,0,0.00189387
0.485,0.445,10.8932,4.41934,0.662625,61.5901,0.0218521,0,0,0.00189387
0.485,0.455,11.0283,4.34341,0.732405,61.7462,0.0218521,0,0,0.00189387
0.485,0.465,11.2028,4.26236,0.792192,62.2196,0.0218521,0,0,0.00189387
0.485,0.475,11.4188,4.17555,0.841828,63.0226,0.0218521,0,0,0.00189387
0.485,0.485,11.6758,4.08246,0.881801,64.1486,0.0218521,0,0,0.00189387
0.485,0.495,11.9698,3.98274,0.913212,65.57,0.0218521,0,0,0.00189387
0.485,0.505,12.2941,3.87615,0.937571,67.2421,0.0218521,0,0,0.00189387
0.485,0.515,12.6398,3.76257,0.956455,69.1101,0.0218521,0,0,0.00189387
0.485,0.525,12.9964,3.64183,0.971232,71.1176,0.0218521,0,0,0.00189387
0.485,0.535,13.3515,3.51379,0.982908,73.2113,0.0218521,0,0,0.00189387
0.485,0.545,13.6867,3.37849,0.992085,75.3418,0.0218521,0,0,0.00189387
0.485,0.555,13.9672,3.23639,0.999011,77.4625,0.0218521,0,0,0.00189387
0.485,0.565,14.1205,3.08793,1.0038,79.5291,0.0218521,0,0,0.00189387
0.485,0.575,14.0115,2.93027,1.00731,81.508,0.0218521,0,0,0.00189387
0.485,0.585,13.4455,2.74944,1.01296,83.3955,0.0218521,0,0,0.00189387
0.485,0.595,12.2463,2.50593,1.02965,85.2041,0.0218521,0,0,0.00189387
0.485,0.605,10.4434,2.11905,1.0757,86.9557,0.0218521,0,0,0.00189387
0.485,0.615,8.41572,1.46547,1.17818,88.55,0.0218521,0,0,0.00189387
0.485,0.625,6.71573,0.421539,1.35718,89.664,0.0218521,0,0,0.00189387
0.485,0.635,5.66325,-1.0377,1.59548,89.9739,0.0218521,0,0,0.00189387
0.485,0.645,5.17934,-2.79472,1.83189,89.5614,0.0218521,0,0,0.00189387
0.485,0.655,5.09463,-4.71062,2.01453,88.7409,0.0218521,0,0,0.00189387
0.485,0.665,5.35239,-6.69689,2.13111,87.6683,0.0218521,0,0,0.00189387
0.485,0.675,6.01556,-8.66347,2.19425,86.0123,0.0218521,0,0,0.00189387
0.485,0.685,7.25581,-10.4471,2.21796,83.5227,0.0218521,0,0,0.00189387
0.485,0.695,9.34527,-11.8842,2.2303,80.7115,0.0218521,0,0,0.00189387
0.485,0.705,12.7381,-12.9185,2.27947,79.3179,0.0218521,0,0,0.00189387
0.485,0.715,18.2572,-13.6073,2.39677,81.5081,0.0218521,0,0,0.00189387
0.485,0.725,27.2384,-14.0535,2.55581,88.195,0.0218521,0,0,0.00189387
0.485,0.735,41.2797,-14.3468,2.69988,97.7243,0.0218521,0,0,0.00189387
0.485,0.745,61.4603,-14.5467,2.78739,106.022,0.0218521,0,0,0.00189387
0.485,0.755,87.3861,-14.6875,2.80452,108.699,0.0218521,0,0,0.00189387
0.485,0.765,116.723,-14.7884,2.7638,103.672,0.0218521,0,0,0.00189387
0.485,0.775,146.358,-14.86,2.69284,93.0614,0.0218521,0,0,0.00189387
0.485,0.785,174.619,-14.909,2.62255,81.8841,0.0218521,0,0,0.00189387
0.485,0.795,202.343,-14.9406,2.5755,74.5021,0.0218521,0,0,0.00189387
0.485,0.805,231.761,-14.9601,2.55884,72.447,0.0218521,0,0,0.00189387
0.485,0.815,264.686,-14.9717,2.567,75.0073,0.0218521,0,0,0.00189387
0.485,0.825,301.714,-14.9789,2.59019,80.7869,0.0218521,0,0,0.00189387
0.485,0.835,342.486,-14.9836,2.62047,88.6085,0.0218521,0,0,0.00189387
0.485,0.845,386.208,-14.987,2.65312,97.6924,0.0218521,0,0,0.00189387
0.485,0.855,431.985,-14.9895,2.68574,107.557,0.0218521,0,0,0.00189387
0.485,0.865,478.954,-14.9916,2.71726,117.893,0.0218521,0,0,0.00189387
0.485,0.875,526.311,-14.9932,2.74718,128.482,0.0218521,0,0,0.00189387
0.485,0.885,573.308,-14.9945,2.77532,139.149,0.0218521,0,0,0.00189387
0.485,0.895,619.263,-14.9956,2.80159,149.745,0.0218521,0,0,0.00189387
0.485,0.905,663.558,-14.9965,2.82595,160.133,0.0218521,0,0,0.00189387
0.485,0.915,705.66,-14.9972,2.84841,170.189,0.0218521,0,0,0.00189387
0.485,0.925,745.129,-14.9978,2.86898,179.804,0.0218521,0,0,0.00189387
0.485,0.935,781.625,-14.9983,2.88768,188.883,0.0218521,0,0,0.00189387
0.485,0.945,814.915,-14.9987,2.90455,197.349,0.0218521,0,0,0.00189387
0.485,0.955,844.868,-14.999,2.91964,205.141,0.0218521,0,0,0.00189387
0.485,0.965,871.454,-14.9993,2.93302,212.219,0.0218521,0,0,0.00189387
0.485,0.975,894.728,-14.9995,2.94476,218.561,0.0218521,0,0,0.00189387
0.485,0.985,914.821,-14.9996,2.95495,224.164,0.0218521,0,0,0.00189387
0.485,0.995,931.927,-14.9997,2.96369,229.043,0.0218521,0,0,0.00189387
0.495,0.005,12.1545,6.557,-4.54376,134.61,0.0218521,0,0,0.00189387
0.495,0.015,12.099,6.52231,-4.41906,132.396,0.0218521,0,0,0.00189387
0.495,0.025,12.0448,6.48666,-4.29436,130.188,0.0218521,0,0,0.00189387
0.495,0.035,11.9918,6.45007,-4.16967,127.989,0.0218521,0,0,0.00189387
0.495,0.045,11.9398,6.41256,-4.04502,125.798,0.0218521,0,0,0.00189387
0.495,0.055,11.8888,6.37415,-3.9204,123.618,0.0218521,0,0,0.00189387
0.495,0.065,11.84,6.33483,-3.7954,121.468,0.0218521,0,0,0.00189387
0.495,0.075,11.7937,6.29478,-3.66989,119.355,0.0218521,0,0,0.00189387
0.495,0.085,11.7481,6.25418,-3.54446,117.255,0.0218521,0,0,0.00189387
0.495,0.095,11.7031,6.21308,-3.41914,115.168,0.0218521,0,0,0.00189387
0.495,0.105,11.6587,6.17153,-3.29392,113.095,0.0218521,0,0,0.00189387
0.495,0.115,11.6147,6.12955,-3.16882,111.038,0.0218521,0,0,0.00189387
0.495,0.125,11.571,6.0872,-3.04385,108.996,0.0218521,0,0,0.00189387
0.495,0.135,11.5276,6.0445,-2.91899,106.972,0.0218521,0,0,0.00189387
0.495,0.145,11.4844,6.00149,-2.79427,104.965,0.0218521,0,0,0.00189387
0.495,0.155,11.4413,5.95819,-2.66968,102.976,0.0218521,0,0,0.00189387
0.495,0.165,11.3981,5.91462,-2.54522,101.005,0.0218521,0,0,0.00189387
0.495,0.175,11.3549,5.87082,-2.4209,99.0542,0.0218521,0,0,0.00189387
0.495,0.185,11.3115,5.8268,-2.29673,97.1231,0.0218521,0,0,0.00189387
0.495,0.195,11.2678,5.78259,-2.17271,95.2127,0.0218521,0,0,0.00189387
0.495,0.205,11.2238,5.73819,-2.04884,93.3234,0.0218521,0,0,0.00189387
0.495,0.215,11.1795,5.69363,-1.92515,91.4562,0.0218521,0,0,0.00189387
0.495,0.225,11.1347,5.64891,-1.80163,89.6117,0.0218521,0,0,0.00189387
0.495,0.235,11.0895,5.60404,-1.67831,87.7909,0.0218521,0,0,0.00189387
0.495,0.245,11.0438,5.55903,-1.55521,85.9946,0.0218521,0,0,0.00189387
0.495,0.255,10.9977,5.51387,-1.43235,84.2239,0.0218521,0,0,0.00189387
0.495,0.265,10.9513,5.46856,-1.30976,82.4802,0.0218521,0,0,0.00189387
0.495,0.275,10.9045,5.4231,-1.18748,80.7648,0.0218521,0,0,0.00189387
0.495,0.285,10.8575,5.37747,-1.06556,79.0795,0.0218521,0,0,0.00189387
0.495,0.295,10.8104,5.33164,-0.944067,77.4263,0.0218521,0,0,0.00189387
0.495,0.305,10.7636,5.28558,-0.823067,75.8076,0.0218521,0,0,0.00189387
0.495,0.315,10.7173,5.23926,-0.702661,74.2264,0.0218521,0,0,0.00189387
0.495,0.325,10.672,5.19262,-0.582974,72.6863,0.0218521,0,0,0.00189387
0.495,0.335,10.6281,5.14559,-0.464163,71.1919,0.0218521,0,0,0.00189387
0.495,0.345,10.5864,5.0981,-0.346429,69.7486,0.0218521,0,0,0.00189387
0.495,0.355,10.5479,5.05002,-0.230028,68.3637,0.0218521,0,0,0.00189387
0.495,0.365,10.5138,5.0012,-0.115281,67.0461,0.0218521,0,0,0.00189387
0.495,0.375,10.4902,4.94962,-0.00233665,65.8151,0.0218521,0,0,0.00189387
0.495,0.385,10.483,4.89258,0.108649,64.6704,0.0218521,0,0,0.00189387
0.495,0.395,10.4837,4.83411,0.216771,63.6236,0.0218521,0,0,0.00189387
0.495,0.405,10.4967,4.77377,0.320783,62.7106,0.0218521,0,0,0.00189387
0.495,0.415,10.5256,4.71114,0.419655,61.96,0.0218521,0,0,0.00189387
0.495,0.425,10.5751,4.64568,0.512257,61.4031,0.0218521,0,0,0.00189387
0.495,0.435,10.6501,4.57682,0.597386,61.0745,0.0218521,0,0,0.00189387
0.495,0.445,10.7562,4.50393,0.673865,61.0102,0.0218521,0,0,0.00189387
0.495,0.455,10.8983,4.42636,0.740709,61.2426,0.0218521,0,0,0.00189387
0.495,0.465,11.0802,4.34341,0.797322,61.7955,0.0218521,0,0,0.00189387
0.495,0.475,11.3037,4.25447,0.843688,62.6774,0.0218521,0,0,0.00189387
0.495,0.485,11.5673,4.15905,0.880465,63.8765,0.0218521,0,0,0.00189387
0.495,0.495,11.8665,4.05684,0.908906,65.3604,0.0218521,0,0,0.00189387
0.495,0.505,12.1938,3.94766,0.930602,67.0806,0.0218521,0,0,0.00189387
0.495,0.515,12.5402,3.83137,0.947136,68.9813,0.0218521,0,0,0.00189387
0.495,0.525,12.8951,3.70781,0.95982,71.0068,0.0218521,0,0,0.00189387
0.495,0.535,13.2458,3.5768,0.969584,73.1055,0.0218521,0,0,0.00189387
0.495,0.545,13.5728,3.43842,0.976966,75.2296,0.0218521,0,0,0.00189387
0.495,0.555,13.8374,3.29318,0.982189,77.3332,0.0218521,0,0,0.00189387
0.495,0.565,13.9582,3.14128,0.985453,79.3729,0.0218521,0,0,0.00189387
0.495,0.575,13.7872,2.97857,0.987927,81.3175,0.0218521,0,0,0.00189387
0.495,0.585,13.1221,2.787,0.993981,83.1736,0.0218521,0,0,0.00189387
0.495,0.595,11.8084,2.51985,1.01465,84.9638,0.0218521,0,0,0.00189387
0.495,0.605,9.94093,2.0882,1.07086,86.6883,0.0218521,0,0,0.00189387
0.495,0.615,7.96457,1.36816,1.18995,88.1813,0.0218521,0,0,0.00189387
0.495,0.625,6.4089,0.257316,1.38518,89.0836,0.0218521,0,0,0.00189387
0.495,0.635,5.50117,-1.23092,1.62662,89.1623,0.0218521,0,0,0.00189387
0.495,0.645,5.10395,-2.9662,1.85039,88.6133,0.0218521,0,0,0.00189387
0.495,0.655,5.05826,-4.83582,2.01426,87.7386,0.0218521,0,0,0.00189387
0.495,0.665,5.32669,-6.77893,2.11477,86.641,0.0218521,0,0,0.00189387
0.495,0.675,5.98562,-8.71494,2.16696,84.9626,0.0218521,0,0,0.00189387
0.495,0.685,7.21444,-10.4768,2.18588,82.5222,0.0218521,0,0,0.00189387
0.495,0.695,9.2912,-11.8977,2.20164,79.9436,0.0218521,0,0,0.00189387
0.495,0.705,12.6845,-12.9212,2.26243,79.038,0.0218521,0,0,0.00189387
0.495,0.715,18.2418,-13.6052,2.39424,81.8945,0.0218521,0,0,0.00189387
0.495,0.725,27.322,-14.0508,2.56413,89.2411,0.0218521,0,0,0.00189387
0.495,0.735,41.5339,-14.3455,2.71273,99.2394,0.0218521,0,0,0.00189387
0.495,0.745,61.9236,-14.547,2.79957,107.624,0.0218521,0,0,0.00189387
0.495,0.755,87.9975,-14.689,2.81284,109.901,0.0218521,0,0,0.00189387
0.495,0.765,117.291,-14.7903,2.76711,104.121,0.0218521,0,0,0.00189387
0.495,0.775,146.654,-14.8619,2.69182,92.7713,0.0218521,0,0,0.00189387
0.495,0.785,174.54,-14.9106,2.61913,81.1922,0.0218521,0,0,0.00189387
0.495,0.795,201.982,-14.9418,2.57176,73.7844,0.0218521,0,0,0.00189387
0.495,0.805,231.308,-14.9607,2.556,71.9022,0.0218521,0,0,0.00189387
0.495,0.815,264.288,-14.9721,2.56527,74.6615,0.0218521,0,0,0.00189387
0.495,0.825,301.43,-14.9791,2.58928,80.591,0.0218521,0,0,0.00189387
0.495,0.835,342.31,-14.9837,2.62004,88.5058,0.0218521,0,0,0.00189387
0.495,0.845,386.109,-14.987,2.65292,97.6417,0.0218521,0,0,0.00189387
0.495,0.855,431.934,-14.9896,2.68566,107.533,0.0218521,0,0,0.00189387
0.495,0.865,478.929,-14.9916,2.71722,117.882,0.0218521,0,0,0.00189387
0.495,0.875,526.299,-14.9932,2.74717,128.477,0.0218521,0,0,0.00189387
0.495,0.885,573.303,-14.9945,2.77532,139.147,0.0218521,0,0,0.00189387
0.495,0.895,619.26,-14.9956,2.80158,149.744,0.0218521,0,0,0.00189387
0.495,0.905,663.557,-14.9965,2.82595,160.133,0.0218521,0,0,0.00189387
0.495,0.915,705.66,-14.9972,2.84841,170.189,0.0218521,0,0,0.00189387
0.495,0.925,745.129,-14.9978,2.86898,179.804,0.0218521,0,0,0.00189387
0.495,0.935,781.625,-14.9983,2.88768,188.883,0.0218521,0,0,0.00189387
0.495,0.945,814.915,-14.9987,2.90455,197.349,0.0218521,0,0,0.00189387
0.495,0.955,844.868,-14.999,2.91964,205.141,0.0218521,0,0,0.00189387
0.495,0.965,871.454,-14.9993,2.93302,212.219,0.0218521,0,0,0.00189387
0.495,0.975,894.728,-14.9995,2.94476,218.561,0.0218521,0,0,0.00189387
0.495,0.985,914.821,-14.9996,2.95495,224.164,0.0218521,0,0,0.00189387
0.495,0.995,931.927,-14.9997,2.96369,229.043,0.0218521,0,0,0.00189387
0.505,0.005,12.0045,6.64084,-4.52147,132.306,0.0218521,0,0,0.00189387
0.505,0.015,11.9488,6.60646,-4.39675,130.135,0.0218521,0,0,0.00189387
0.505,0.025,11.8944,6.57114,-4.27203,127.972,0.0218521,0,0,0.00189387
0.505,0.035,11.8411,6.53489,-4.14732,125.816,0.0218521,0,0,0.00189387
0.505,0.045,11.7889,6.49773,-4.02264,123.668,0.0218521,0,0,0.00189387
0.505,0.055,11.7375,6.45966,-3.89799,121.531,0.0218521,0,0,0.00189387
0.505,0.065,11.6888,6.4207,-3.77279,119.431,0.0218521,0,0,0.00189387
0.505,0.075,11.6421,6.38104,-3.64723,117.361,0.0218521,0,0,0.00189387
0.505,0.085,11.596,6.34084,-3.52175,115.302,0.0218521,0,0,0.00189387
0.505,0.095,11.5506,6.30015,-3.39637,113.257,0.0218521,0,0,0.00189387
0.505,0.105,11.5056,6.259,-3.27109,111.225,0.0218521,0,0,0.00189387
0.505,0.115,11.4611,6.21742,-3.14593,109.209,0.0218521,0,0,0.00189387
0.505,0.125,11.4169,6.17546,-3.02088,107.208,0.0218521,0,0,0.00189387
0.505,0.135,11.3729,6.13315,-2.89595,105.223,0.0218521,0,0,0.00189387
0.505,0.145,11.3291,6.09051,-2.77115,103.255,0.0218521,0,0,0.00189387
0.505,0.155,11.2854,6.04757,-2.64647,101.305,0.0218521,0,0,0.00189387
0.505,0.165,11.2417,6.00436,-2.52193,99.3725,0.0218521,0,0,0.00189387
0.505,0.175,11.1978,5.96089,-2.39753,97.4589,0.0218521,0,0,0.00189387
0.505,0.185,11.1538,5.91719,-2.27327,95.5647,0.0218521,0,0,0.00189387
0.505,0.195,11.1096,5.87327,-2.14916,93.6904,0.0218521,0,0,0.00189387
0.505,0.205,11.065,5.82915,-2.02522,91.8368,0.0218521,0,0,0.00189387
0.505,0.215,11.0201,5.78485,-1.90144,90.0046,0.0218521,0,0,0.00189387
0.505,0.225,10.9748,5.74037,-1.77785,88.1945,0.0218521,0,0,0.00189387
0.505,0.235,10.929,5.69572,-1.65447,86.4075,0.0218521,0,0,0.00189387
0.505,0.245,10.8829,5.65089,-1.53131,84.6445,0.0218521,0,0,0.00189387
0.505,0.255,10.8363,5.6059,-1.4084,82.9066,0.0218521,0,0,0.00189387
0.505,0.265,10.7894,5.56074,-1.28578,81.1952,0.0218521,0,0,0.00189387
0.505,0.275,10.7423,5.51539,-1.16348,79.5118,0.0218521,0,0,0.00189387
0.505,0.285,10.695,5.46983,-1.04157,77.858,0.0218521,0,0,0.00189387
0.505,0.295,10.6477,5.42405,-0.920097,76.2361,0.0218521,0,0,0.00189387
0.505,0.305,10.6008,5.37801,-0.799155,74.6486,0.0218521,0,0,0.00189387
0.505,0.315,10.5545,5.33167,-0.678847,73.0985,0.0218521,0,0,0.00189387
0.505,0.325,10.5093,5.28497,-0.559304,71.5897,0.0218521,0,0,0.00189387
0.505,0.335,10.4657,5.23783,-0.440696,70.1267,0.0218521,0,0,0.00189387
0.505,0.345,10.4245,5.19018,-0.323237,68.7156,0.0218521,0,0,0.00189387
0.505,0.355,10.3867,5.14188,-0.207201,67.3635,0.0218521,0,0,0.00189387
0.505,0.365,10.3536,5.09277,-0.0929315,66.0799,0.0218521,0,0,0.00189387
0.505,0.375,10.3338,5.03973,0.0195069,64.8883,0.0218521,0,0,0.00189387
0.505,0.385,10.3276,4.98211,0.129804,63.7774,0.0218521,0,0,0.00189387
0.505,0.395,10.33,4.92308,0.236888,62.7726,0.0218521,0,0,0.00189387
0.505,0.405,10.3453,4.86204,0.339577,61.9068,0.0218521,0,0,0.00189387
0.505,0.415,10.3775,4.79855,0.436808,61.2088,0.0218521,0,0,0.00189387
0.505,0.425,10.4312,4.73206,0.527414,60.7107,0.0218521,0,0,0.00189387
0.505,0.435,10.5116,4.66195,0.610162,60.448,0.0218521,0,0,0.00189387
0.505,0.445,10.624,4.58758,0.683882,60.4562,0.0218521,0,0,0.00189387
0.505,0.455,10.7733,4.50826,0.74764,60.7667,0.0218521,0,0,0.00189387
0.505,0.465,10.963,4.42329,0.80095,61.4006,0.0218521,0,0,0.00189387
0.505,0.475,11.194,4.3321,0.843956,62.3617,0.0218521,0,0,0.00189387
0.505,0.485,11.4641,4.23425,0.877487,63.6331,0.0218521,0,0,0.00189387
0.505,0.495,11.7682,4.12945,0.90294,65.1778,0.0218521,0,0,0.00189387
0.505,0.505,12.0983,4.01756,0.921964,66.9447,0.0218521,0,0,0.00189387
0.505,0.515,12.4453,3.89842,0.936123,68.8774,0.0218521,0,0,0.00189387
0.505,0.525,12.7985,3.77186,0.946664,70.9218,0.0218521,0,0,0.00189387
0.505,0.535,13.1449,3.63769,0.954448,73.0278,0.0218521,0,0,0.00189387
0.505,0.545,13.4635,3.49602,0.959965,75.1489,0.0218521,0,0,0.00189387
0.505,0.555,13.7106,3.34738,0.963444,77.2395,0.0218521,0,0,0.00189387
0.505,0.565,13.795,3.19162,0.965224,79.2568,0.0218521,0,0,0.00189387
0.505,0.575,13.5543,3.0228,0.966937,81.1741,0.0218521,0,0,0.00189387
0.505,0.585,12.7815,2.81797,0.974183,83.0075,0.0218521,0,0,0.00189387
0.505,0.595,11.3535,2.52235,1.0004,84.7865,0.0218521,0,0,0.00189387
0.505,0.605,9.43986,2.03984,1.06901,86.4745,0.0218521,0,0,0.00189387
0.505,0.615,7.54104,1.25075,1.20615,87.8348,0.0218521,0,0,0.00189387
0.505,0.625,6.13871,0.0800828,1.41628,88.5021,0.0218521,0,0,0.00189387
0.505,0.635,5.36591,-1.42285,1.65679,88.3645,0.0218521,0,0,0.00189387
0.505,0.645,5.04298,-3.1264,1.86555,87.7044,0.0218521,0,0,0.00189387
0.505,0.655,5.02815,-4.9473,2.01081,86.794,0.0218521,0,0,0.00189387
0.505,0.665,5.30225,-6.84948,2.09642,85.6669,0.0218521,0,0,0.00189387
0.505,0.675,5.95464,-8.75737,2.13871,83.9715,0.0218521,0,0,0.00189387
0.505,0.685,7.17104,-10.4995,2.1538,81.597,0.0218521,0,0,0.00189387
0.505,0.695,9.23525,-11.9061,2.17396,79.2759,0.0218521,0,0,0.00189387
0.505,0.705,12.6303,-12.9208,2.24696,78.877,0.0218521,0,0,0.00189387
0.505,0.715,18.2268,-13.6014,2.39321,82.3995,0.0218521,0,0,0.00189387
0.505,0.725,27.4059,-14.0476,2.57348,90.3933,0.0218521,0,0,0.00189387
0.505,0.735,41.7865,-14.3443,2.7262,100.845,0.0218521,0,0,0.00189387
0.505,0.745,62.3828,-14.5476,2.81211,109.297,0.0218521,0,0,0.00189387
0.505,0.755,88.6012,-14.6907,2.82137,111.148,0.0218521,0,0,0.00189387
0.505,0.765,117.847,-14.7925,2.77053,104.591,0.0218521,0,0,0.00189387
0.505,0.775,146.934,-14.864,2.69084,92.4908,0.0218521,0,0,0.00189387
0.505,0.785,174.448,-14.9122,2.61576,80.5146,0.0218521,0,0,0.00189387
0.505,0.795,201.622,-14.9429,2.56811,73.0893,0.0218521,0,0,0.00189387
0.505,0.805,230.867,-14.9614,2.55327,71.3819,0.0218521,0,0,0.00189387
0.505,0.815,263.909,-14.9724,2.56363,74.3358,0.0218521,0,0,0.00189387
0.505,0.825,301.163,-14.9792,2.58843,80.4089,0.0218521,0,0,0.00189387
0.505,0.835,342.147,-14.9838,2.61964,88.4116,0.0218521,0,0,0.00189387
0.505,0.845,386.019,-14.9871,2.65274,97.5957,0.0218521,0,0,0.00189387
0.505,0.855,431.888,-14.9896,2.68558,107.511,0.0218521,0,0,0.00189387
0.505,0.865,478.907,-14.9916,2.71719,117.872,0.0218521,0,0,0.00189387
0.505,0.875,526.289,-14.9932,2.74716,128.473,0.0218521,0,0,0.00189387
0.505,0.885,573.299,-14.9945,2.77531,139.146,0.0218521,0,0,0.00189387
0.505,0.895,619.258,-14.9956,2.80158,149.744,0.0218521,0,0,0.00189387
0.505,0.905,663.556,-14.9965,2.82595,160.132,0.0218521,0,0,0.00189387
0.505,0.915,705.659,-14.9972,2.84841,170.189,0.0218521,0,0,0.00189387
0.505,0.925,745.128,-14.9978,2.86898,179.804,0.0218521,0,0,0.00189387
0.505,0.935,781.625,-14.9983,2.88768,188.883,0.0218521,0,0,0.00189387
0.505,0.945,814.915,-14.9987,2.90455,197.349,0.0218521,0,0,0.00189387
0.505,0.955,844.868,-14.999,2.91964,205.141,0.0218521,0,0,0.00189387
0.505,0.965,871.454,-14.9993,2.93302,212.219,0.0218521,0,0,0.00189387
0.505,0.975,894.728,-14.9995,2.94476,218.561,0.0218521,0,0,0.00189387
0.505,0.985,914.821,-14.9996,2.95495,224.164,0.0218521,0,0,0.00189387
0.505,0.995,931.927,-14.9997,2.96369,229.043,0.0218521,0,0,0.00189387
0.515,0.005,11.8573,6.7247,-4.49925,130.056,0.0218521,0,0,0.00189387
0.515,0.015,11.8015,6.69063,-4.37451,127.928,0.0218521,0,0,0.00189387
0.515,0.025,11.7469,6.65563,-4.24977,125.807,0.0218521,0,0,0.00189387
0.515,0.035,11.6934,6.61971,-4.12504,123.693,0.0218521,0,0,0.00189387
0.515,0.045,11.6408,6.58287,-4.00033,121.588,0.0218521,0,0,0.00189387
0.515,0.055,11.5892,6.54513,-3.87562,119.493,0.0218521,0,0,0.00189387
0.515,0.065,11.5405,6.50652,-3.75025,117.44,0.0218521,0,0,0.00189387
0.515,0.075,11.4934,6.46725,-3.62464,115.411,0.0218521,0,0,0.00189387
0.515,0.085,11.4469,6.42744,-3.4991,113.393,0.0218521,0,0,0.00189387
0.515,0.095,11.4009,6.38713,-3.37366,111.388,0.0218521,0,0,0.00189387
0.515,0.105,11.3555,6.34637,-3.24832,109.397,0.0218521,0,0,0.00189387
0.515,0.115,11.3105,6.30518,-3.12309,107.42,0.0218521,0,0,0.00189387
0.515,0.125,11.2657,6.2636,-2.99797,105.458,0.0218521,0,0,0.00189387
0.515,0.135,11.2212,6.22166,-2.87297,103.512,0.0218521,0,0,0.00189387
0.515,0.145,11.1769,6.17938,-2.74809,101.582,0.0218521,0,0,0.00189387
0.515,0.155,11.1326,6.13678,-2.62334,99.6688,0.0218521,0,0,0.00189387
0.515,0.165,11.0883,6.0939,-2.49872,97.7733,0.0218521,0,0,0.00189387
0.515,0.175,11.0438,6.05075,-2.37423,95.8959,0.0218521,0,0,0.00189387
0.515,0.185,10.9992,6.00735,-2.24989,94.0373,0.0218521,0,0,0.00189387
0.515,0.195,10.9544,5.96372,-2.12571,92.1981,0.0218521,0,0,0.00189387
0.515,0.205,10.9092,5.91987,-2.00169,90.379,0.0218521,0,0,0.00189387
0.515,0.215,10.8638,5.87581,-1.87784,88.5807,0.0218521,0,0,0.00189387
0.515,0.225,10.8179,5.83155,-1.75418,86.804,0.0218521,0,0,0.00189387
0.515,0.235,10.7717,5.7871,-1.63074,85.0498,0.0218521,0,0,0.00189387
0.515,0.245,10.725,5.74246,-1.50753,83.3192,0.0218521,0,0,0.00189387
0.515,0.255,10.678,5.69762,-1.38458,81.6132,0.0218521,0,0,0.00189387
0.515,0.265,10.6307,5.65258,-1.26193,79.9332,0.0218521,0,0,0.00189387
0.515,0.275,10.5832,5.60733,-1.13963,78.2808,0.0218521,0,0,0.00189387
0.515,0.285,10.5357,5.56184,-1.01773,76.6579,0.0218521,0,0,0.00189387
0.515,0.295,10.4883,5.5161,-0.896298,75.0665,0.0218521,0,0,0.00189387
0.515,0.305,10.4413,5.47006,-0.77543,73.5094,0.0218521,0,0,0.00189387
0.515,0.315,10.395,5.42368,-0.655237,71.9898,0.0218521,0,0,0.00189387
0.515,0.325,10.3499,5.3769,-0.535859,70.5116,0.0218521,0,0,0.00189387
0.515,0.335,10.3066,5.32964,-0.417479,69.0796,0.0218521,0,0,0.00189387
0.515,0.345,10.2659,5.2818,-0.300327,67.7,0.0218521,0,0,0.00189387
0.515,0.355,10.2289,5.23327,-0.184693,66.3806,0.0218521,0,0,0.00189387
0.515,0.365,10.1969,5.18378,-0.0709368,65.1314,0.0218521,0,0,0.00189387
0.515,0.375,10.1809,5.12913,0.0409369,63.9776,0.0218521,0,0,0.00189387
0.515,0.385,10.1755,5.0711,0.150459,62.9018,0.0218521,0,0,0.00189387
0.515,0.395,10.1798,5.01145,0.256408,61.9399,0.0218521,0,0,0.00189387
0.515,0.405,10.1977,4.94965,0.357664,61.1221,0.0218521,0,0,0.00189387
0.515,0.415,10.2334,4.88524,0.453126,60.478,0.0218521,0,0,0.00189387
0.515,0.425,10.2916,4.81764,0.541587,60.0406,0.0218521,0,0,0.00189387
0.515,0.435,10.3776,4.7462,0.621794,59.8457,0.0218521,0,0,0.00189387
0.515,0.445,10.4967,4.67023,0.692588,59.9287,0.0218521,0,0,0.00189387
0.515,0.455,10.6536,4.58904,0.753105,60.3193,0.0218521,0,0,0.00189387
0.515,0.465,10.8511,4.50194,0.802985,61.0352,0.0218521,0,0,0.00189387
0.515,0.475,11.0896,4.40838,0.842544,62.0758,0.0218521,0,0,0.00189387
0.515,0.485,11.3662,4.30797,0.872782,63.419,0.0218521,0,0,0.00189387
0.515,0.495,11.6749,4.20046,0.895219,65.0235,0.0218521,0,0,0.00189387
0.515,0.505,12.0078,4.08571,0.911541,66.8364,0.0218521,0,0,0.00189387
0.515,0.515,12.3553,3.96356,0.923275,68.802,0.0218521,0,0,0.00189387
0.515,0.525,12.707,3.83379,0.931601,70.8676,0.0218521,0,0,0.00189387
0.515,0.535,13.0493,3.69623,0.937322,72.9848,0.0218521,0,0,0.00189387
0.515,0.545,13.3591,3.551,0.940909,75.1072,0.0218521,0,0,0.00189387
0.515,0.555,13.587,3.39868,0.942629,77.1889,0.0218521,0,0,0.00189387
0.515,0.565,13.6297,3.23853,0.943027,79.1884,0.0218521,0,0,0.00189387
0.515,0.575,13.3103,3.06223,0.944375,81.0851,0.0218521,0,0,0.00189387
0.515,0.585,12.4213,2.84094,0.953834,82.9055,0.0218521,0,0,0.00189387
0.515,0.595,10.8824,2.51127,0.987535,84.6775,0.0218521,0,0,0.00189387
0.515,0.605,8.94585,1.97206,1.07095,86.3111,0.0218521,0,0,0.00189387
0.515,0.615,7.15002,1.11347,1.22704,87.5033,0.0218521,0,0,0.00189387
0.515,0.625,5.90731,-0.107134,1.44951,87.9205,0.0218521,0,0,0.00189387
0.515,0.635,5.25509,-1.61027,1.68523,87.5868,0.0218521,0,0,0.00189387
0.515,0.645,4.99445,-3.27389,1.87732,86.84,0.0218521,0,0,0.00189387
0.515,0.655,5.00293,-5.04516,2.00455,85.9036,0.0218521,0,0,0.00189387
0.515,0.665,5.27852,-6.90871,2.0764,84.7446,0.0218521,0,0,0.00189387
0.515,0.675,5.92244,-8.79075,2.10976,83.038,0.0218521,0,0,0.00189387
0.515,0.685,7.12554,-10.5152,2.12192,80.7458,0.0218521,0,0,0.00189387
0.515,0.695,9.17722,-11.9093,2.14736,78.7061,0.0218521,0,0,0.00189387
0.515,0.705,12.5749,-12.917,2.23305,78.8298,0.0218521,0,0,0.00189387
0.515,0.715,18.2107,-13.596,2.39355,83.015,0.0218521,0,0,0.00189387
0.515,0.725,27.4866,-14.0438,2.58372,91.6424,0.0218521,0,0,0.00189387
0.515,0.735,42.0327,-14.343,2.74019,102.534,0.0218521,0,0,0.00189387
0.515,0.745,62.832,-14.5484,2.82497,111.037,0.0218521,0,0,0.00189387
0.515,0.755,89.1915,-14.6926,2.83011,112.443,0.0218521,0,0,0.00189387
0.515,0.765,118.387,-14.7949,2.77407,105.089,0.0218521,0,0,0.00189387
0.515,0.775,147.197,-14.8662,2.68996,92.23,0.0218521,0,0,0.00189387
0.515,0.785,174.349,-14.9139,2.6125,79.8607,0.0218521,0,0,0.00189387
0.515,0.795,201.265,-14.944,2.5646,72.4231,0.0218521,0,0,0.00189387
0.515,0.805,230.441,-14.962,2.55068,70.8892,0.0218521,0,0,0.00189387
0.515,0.815,263.549,-14.9727,2.5621,74.0313,0.0218521,0,0,0.00189387
0.515,0.825,300.915,-14.9794,2.58764,80.2406,0.0218521,0,0,0.00189387
0.515,0.835,341.997,-14.9838,2.61927,88.3256,0.0218521,0,0,0.00189387
0.515,0.845,385.937,-14.9871,2.65259,97.5542,0.0218521,0,0,0.00189387
0.515,0.855,431.846,-14.9896,2.68552,107.492,0.0218521,0,0,0.00189387
0.515,0.865,478.888,-14.9916,2.71716,117.864,0.0218521,0,0,0.00189387
0.515,0.875,526.28,-14.9932,2.74715,128.469,0.0218521,0,0,0.00189387
0.515,0.885,573.295,-14.9945,2.77531,139.144,0.0218521,0,0,0.00189387
0.515,0.895,619.257,-14.9956,2.80158,149.743,0.0218521,0,0,0.00189387
0.515,0.905,663.555,-14.9965,2.82595,160.132,0.0218521,0,0,0.00189387
0.515,0.915,705.659,-14.9972,2.84841,170.189,0.0218521,0,0,0.00189387
0.515,0.925,745.128,-14.9978,2.86898,179.804,0.0218521,0,0,0.00189387
0.515,0.935,781.625,-14.9983,2.88768,188.883,0.0218521,0,0,0.00189387
0.515,0.945,814.915,-14.9987,2.90455,197.349,0.0218521,0,0,0.00189387
0.515,0.955,844.868,-14.999,2.91964,205.141,0.0218521,0,0,0.00189387
0.515,0.965,871.454,-14.9993,2.93302,212.219,0.0218521,0,0,0.00189387
0.515,0.975,894.728,-14.9995,2.94476,218.561,0.0218521,0,0,0.00189387
0.515,0.985,914.821,-14.9996,2.95495,224.164,0.0218521,0,0,0.00189387
0.515,0.995,931.927,-14.9997,2.96369,229.043,0.0218521,0,0,0.00189387
0.525,0.005,11.7128,6.80856,-4.47712,127.857,0.0218521,0,0,0.00189387
0.525,0.015,11.6569,6.7748,-4.35236,125.771,0.0218521,0,0,0.00189387
0.525,0.025,11.6021,6.7401,-4.22759,123.691,0.0218521,0,0,0.00189387
0.525,0.035,11.5484,6.70449,-4.10283,121.618,0.0218521,0,0,0.00189387
0.525,0.045,11.4955,6.66797,-3.97809,119.554,0.0218521,0,0,0.00189387
0.525,0.055,11.4437,6.63056,-3.8533,117.502,0.0218521,0,0,0.00189387
0.525,0.065,11.395,6.59228,-3.72777,115.494,0.0218521,0,0,0.00189387
0.525,0.075,11.3475,6.55338,-3.60211,113.504,0.0218521,0,0,0.00189387
0.525,0.085,11.3006,6.51395,-3.47652,111.526,0.0218521,0,0,0.00189387
0.525,0.095,11.2542,6.47402,-3.35102,109.56,0.0218521,0,0,0.00189387
0.525,0.105,11.2083,6.43363,-3.22562,107.608,0.0218521,0,0,0.00189387
0.525,0.115,11.1627,6.39281,-3.10032,105.669,0.0218521,0,0,0.00189387
0.525,0.125,11.1175,6.35159,-2.97513,103.745,0.0218521,0,0,0.00189387
0.525,0.135,11.0724,6.31,-2.85006,101.836,0.0218521,0,0,0.00189387
0.525,0.145,11.0275,6.26806,-2.72511,99.9425,0.0218521,0,0,0.00189387
0.525,0.155,10.9826,6.2258,-2.60028,98.0657,0.0218521,0,0,0.00189387
0.525,0.165,10.9377,6.18324,-2.47558,96.2058,0.0218521,0,0,0.00189387
0.525,0.175,10.8927,6.14039,-2.35102,94.3636,0.0218521,0,0,0.00189387
0.525,0.185,10.8476,6.09728,-2.2266,92.5395,0.0218521,0,0,0.00189387
0.525,0.195,10.8021,6.05392,-2.10234,90.7343,0.0218521,0,0,0.00189387
0.525,0.205,10.7564,6.01032,-1.97825,88.9486,0.0218521,0,0,0.00189387
0.525,0.215,10.7104,5.96649,-1.85433,87.1832,0.0218521,0,0,0.00189387
0.525,0.225,10.664,5.92244,-1.73062,85.4389,0.0218521,0,0,0.00189387
0.525,0.235,10.6173,5.87818,-1.60712,83.7167,0.0218521,0,0,0.00189387
0.525,0.245,10.5702,5.8337,-1.48386,82.0174,0.0218521,0,0,0.00189387
0.525,0.255,10.5228,5.78901,-1.36089,80.3424,0.0218521,0,0,0.00189387
0.525,0.265,10.4751,5.74408,-1.23822,78.6931,0.0218521,0,0,0.00189387
0.525,0.275,10.4273,5.69892,-1.11592,77.071,0.0218521,0,0,0.00189387
0.525,0.285,10.3795,5.65349,-0.994048,75.4781,0.0218521,0,0,0.00189387
0.525,0.295,10.3319,5.60777,-0.872674,73.9166,0.0218521,0,0,0.00189387
0.525,0.305,10.2848,5.56172,-0.751897,72.3892,0.0218521,0,0,0.00189387
0.525,0.315,10.2385,5.51528,-0.631837,70.8994,0.0218521,0,0,0.00189387
0.525,0.325,10.1936,5.46841,-0.512649,69.4512,0.0218521,0,0,0.00189387
0.525,0.335,10.1507,5.421,-0.394525,68.0497,0.0218521,0,0,0.00189387
0.525,0.345,10.1105,5.37296,-0.277714,66.7015,0.0218521,0,0,0.00189387
0.525,0.355,10.0743,5.32415,-0.162529,65.4145,0.0218521,0,0,0.00189387
0.525,0.365,10.0442,5.27402,-0.0493042,64.2011,0.0218521,0,0,0.00189387
0.525,0.375,10.031,5.21804,0.0619353,63.0811,0.0218521,0,0,0.00189387
0.525,0.385,10.0267,5.1595,0.170566,62.0431,0.0218521,0,0,0.00189387
0.525,0.395,10.033,5.09918,0.275281,61.1251,0.0218521,0,0,0.00189387
0.525,0.405,10.0537,5.03657,0.374987,60.3566,0.0218521,0,0,0.00189387
0.525,0.415,10.0932,4.97117,0.468541,59.7679,0.0218521,0,0,0.00189387
0.525,0.425,10.1562,4.90237,0.554699,59.3931,0.0218521,0,0,0.00189387
0.525,0.435,10.2482,4.82949,0.632192,59.2683,0.0218521,0,0,0.00189387
0.525,0.445,10.3744,4.75181,0.699889,59.4283,0.0218521,0,0,0.00189387
0.525,0.455,10.539,4.66863,0.757007,59.901,0.0218521,0,0,0.00189387
0.525,0.465,10.7446,4.57927,0.803332,60.7003,0.0218521,0,0,0.00189387
0.525,0.475,10.9906,4.48322,0.839353,61.8207,0.0218521,0,0,0.00189387
0.525,0.485,11.2735,4.38011,0.866244,63.2353,0.0218521,0,0,0.00189387
0.525,0.495,11.587,4.26974,0.885623,64.8994,0.0218521,0,0,0.00189387
0.525,0.505,11.9226,4.15196,0.899189,66.7594,0.0218521,0,0,0.00189387
0.525,0.515,12.2709,4.02658,0.908421,68.7603,0.0218521,0,0,0.00189387
0.525,0.525,12.6214,3.89337,0.914441,70.851,0.0218521,0,0,0.00189387
0.525,0.535,12.9598,3.75213,0.918018,72.9839,0.0218521,0,0,0.00189387
0.525,0.545,13.2603,3.60309,0.919625,75.1123,0.0218521,0,0,0.00189387
0.525,0.555,13.4663,3.44674,0.919609,77.1893,0.0218521,0,0,0.00189387
0.525,0.565,13.4611,3.28151,0.918809,79.1756,0.0218521,0,0,0.00189387
0.525,0.575,13.0525,3.09595,0.920354,81.0587,0.0218521,0,0,0.00189387
0.525,0.585,12.0394,2.85414,0.933359,82.8764,0.0218521,0,0,0.00189387
0.525,0.595,10.3974,2.48425,0.976873,84.6397,0.0218521,0,0,0.00189387
0.525,0.605,8.46545,1.88321,1.07751,86.1911,0.0218521,0,0,0.00189387
0.525,0.615,6.79555,0.957424,1.25273,87.1783,0.0218521,0,0,0.00189387
0.525,0.625,5.71237,-0.300733,1.48401,87.3412,0.0218521,0,0,0.00189387
0.525,0.635,5.16602,-1.79021,1.71143,86.8381,0.0218521,0,0,0.00189387
0.525,0.645,4.95648,-3.40762,1.88579,86.0243,0.0218521,0,0,0.00189387
0.525,0.655,4.98139,-5.12957,1.99587,85.0638,0.0218521,0,0,0.00189387
0.525,0.665,5.25505,-6.95676,2.05509,83.8725,0.0218521,0,0,0.00189387
0.525,0.675,5.88887,-8.81502,2.08039,82.1603,0.0218521,0,0,0.00189387
0.525,0.685,7.07781,-10.5235,2.09041,79.9674,0.0218521,0,0,0.00189387
0.525,0.695,9.11685,-11.9072,2.12193,78.2321,0.0218521,0,0,0.00189387
0.525,0.705,12.5173,-12.91,2.22067,78.891,0.0218521,0,0,0.00189387
0.525,0.715,18.1916,-13.589,2.39515,83.7323,0.0218521,0,0,0.00189387
0.525,0.725,27.561,-14.0395,2.59471,92.978,0.0218521,0,0,0.00189387
0.525,0.735,42.2672,-14.3418,2.75458,104.295,0.0218521,0,0,0.00189387
0.525,0.745,63.2649,-14.5494,2.83808,112.839,0.0218521,0,0,0.00189387
0.525,0.755,89.7627,-14.6949,2.83903,113.787,0.0218521,0,0,0.00189387
0.525,0.765,118.907,-14.7974,2.77777,105.623,0.0218521,0,0,0.00189387
0.525,0.775,147.446,-14.8685,2.68923,91.9993,0.0218521,0,0,0.00189387
0.525,0.785,174.245,-14.9157,2.60939,79.2399,0.0218521,0,0,0.00189387
0.525,0.795,200.918,-14.9451,2.56125,71.792,0.0218521,0,0,0.00189387
0.525,0.805,230.035,-14.9627,2.54823,70.427,0.0218521,0,0,0.00189387
0.525,0.815,263.211,-14.973,2.56067,73.7487,0.0218521,0,0,0.00189387
0.525,0.825,300.684,-14.9795,2.58692,80.0864,0.0218521,0,0,0.00189387
0.525,0.835,341.86,-14.9839,2.61894,88.2477,0.0218521,0,0,0.00189387
0.525,0.845,385.863,-14.9871,2.65244,97.5171,0.0218521,0,0,0.00189387
0.525,0.855,431.81,-14.9896,2.68546,107.475,0.0218521,0,0,0.00189387
0.525,0.865,478.87,-14.9916,2.71714,117.856,0.0218521,0,0,0.00189387
0.525,0.875,526.272,-14.9932,2.74714,128.466,0.0218521,0,0,0.00189387
0.525,0.885,573.292,-14.9945,2.7753,139.143,0.0218521,0,0,0.00189387
0.525,0.895,619.256,-14.9956,2.80158,149.743,0.0218521,0,0,0.00189387
0.525,0.905,663.555,-14.9965,2.82595,160.132,0.0218521,0,0,0.00189387
0.525,0.915,705.659,-14.9972,2.84841,170.189,0.0218521,0,0,0.00189387
0.525,0.925,745.128,-14.9978,2.86898,179.804,0.0218521,0,0,0.00189387
0.525,0.935,781.625,-14.9983,2.88768,188.883,0.0218521,0,0,0.00189387
0.525,0.945,814.915,-14.9987,2.90455,197.349,0.0218521,0,0,0.00189387
0.525,0.955,844.868,-14.999,2.91964,205.141,0.0218521,0,0,0.00189387
0.525,0.965,871.454,-14.9993,2.93302,212.219,0.0218521,0,0,0.00189387
0.525,0.975,894.728,-14.9995,2.94476,218.561,0.0218521,0,0,0.00189387
0.525,0.985,914.821,-14.9996,2.95495,224.164,0.0218521,0,0,0.00189387
0.525,0.995,931.927,-14.9997,2.96369,229.043,0.0218521,0,0,0.00189387
0.535,0.005,11.571,6.89242,-4.45506,125.708,0.0218521,0,0,0.00189387
0.535,0.015,11.515,6.85894,-4.33027,123.661,0.0218521,0,0,0.00189387
0.535,0.025,11.46,6.82454,-4.20548,121.621,0.0218521,0,0,0.00189387
0.535,0.035,11.406,6.78923,-4.08069,119.589,0.0218521,0,0,0.00189387
0.535,0.045,11.3529,6.75302,-3.95591,117.564,0.0218521,0,0,0.00189387
0.535,0.055,11.301,6.71591,-3.83101,115.555,0.0218521,0,0,0.00189387
0.535,0.065,11.2521,6.67797,-3.70535,113.589,0.0218521,0,0,0.00189387
0.535,0.075,11.2042,6.63944,-3.57963,111.638,0.0218521,0,0,0.00189387
0.535,0.085,11.1569,6.60037,-3.45399,109.698,0.0218521,0,0,0.00189387
0.535,0.095,11.1101,6.5608,-3.32843,107.771,0.0218521,0,0,0.00189387
0.535,0.105,11.0637,6.52077,-3.20297,105.856,0.0218521,0,0,0.00189387
0.535,0.115,11.0177,6.4803,-3.07761,103.954,0.0218521,0,0,0.00189387
0.535,0.125,10.9719,6.43943,-2.95235,102.066,0.0218521,0,0,0.00189387
0.535,0.135,10.9263,6.39818,-2.82721,100.193,0.0218521,0,0,0.00189387
0.535,0.145,10.8809,6.35657,-2.70219,98.3357,0.0218521,0,0,0.00189387
0.535,0.155,10.8355,6.31463,-2.57729,96.494,0.0218521,0,0,0.00189387
0.535,0.165,10.79,6.27237,-2.45252,94.6687,0.0218521,0,0,0.00189387
0.535,0.175,10.7444,6.22981,-2.32788,92.8604,0.0218521,0,0,0.00189387
0.535,0.185,10.6987,6.18697,-2.2034,91.0698,0.0218521,0,0,0.00189387
0.535,0.195,10.6527,6.14386,-2.07907,89.2976,0.0218521,0,0,0.00189387
0.535,0.205,10.6065,6.1005,-1.95491,87.5444,0.0218521,0,0,0.00189387
0.535,0.215,10.5599,6.05689,-1.83093,85.8109,0.0218521,0,0,0.00189387
0.535,0.225,10.513,6.01304,-1.70716,84.0981,0.0218521,0,0,0.00189387
0.535,0.235,10.4658,5.96895,-1.58362,82.4068,0.0218521,0,0,0.00189387
0.535,0.245,10.4182,5.92463,-1.46033,80.7381,0.0218521,0,0,0.00189387
0.535,0.255,10.3704,5.88006,-1.33732,79.0933,0.0218521,0,0,0.00189387
0.535,0.265,10.3223,5.83524,-1.21466,77.4738,0.0218521,0,0,0.00189387
0.535,0.275,10.2742,5.79015,-1.09237,75.8812,0.0218521,0,0,0.00189387
0.535,0.285,10.2262,5.74476,-0.970534,74.3176,0.0218521,0,0,0.00189387
0.535,0.295,10.1784,5.69905,-0.84923,72.7852,0.0218521,0,0,0.00189387
0.535,0.305,10.1313,5.65297,-0.728561,71.287,0.0218521,0,0,0.00189387
0.535,0.315,10.0851,5.60647,-0.608657,69.8264,0.0218521,0,0,0.00189387
0.535,0.325,10.0404,5.55947,-0.489683,68.4077,0.0218521,0,0,0.00189387
0.535,0.335,9.99778,5.5119,-0.371847,67.0363,0.0218521,0,0,0.00189387
0.535,0.345,9.95821,5.46363,-0.255416,65.719,0.0218521,0,0,0.00189387
0.535,0.355,9.92282,5.41451,-0.140724,64.4644,0.0218521,0,0,0.00189387
0.535,0.365,9.89507,5.36348,-0.0280621,63.2873,0.0218521,0,0,0.00189387
0.535,0.375,9.88393,5.3064,0.0824663,62.1999,0.0218521,0,0,0.00189387
0.535,0.385,9.88108,5.2473,0.190082,61.201,0.0218521,0,0,0.00189387
0.535,0.395,9.88957,5.18626,0.293454,60.328,0.0218521,0,0,0.00189387
0.535,0.405,9.91336,5.12277,0.391482,59.6101,0.0218521,0,0,0.00189387
0.535,0.415,9.95685,5.05629,0.482978,59.0786,0.0218521,0,0,0.00189387
0.535,0.425,10.0251,4.98619,0.566663,58.7686,0.0218521,0,0,0.00189387
0.535,0.435,10.1234,4.91176,0.641262,58.7163,0.0218521,0,0,0.00189387
0.535,0.445,10.257,4.83225,0.705681,58.9559,0.0218521,0,0,0.00189387
0.535,0.455,10.4297,4.74694,0.759239,59.5127,0.0218521,0,0,0.00189387
0.535,0.465,10.6435,4.65519,0.801878,60.3968,0.0218521,0,0,0.00189387
0.535,0.475,10.8971,4.55649,0.834271,61.5978,0.0218521,0,0,0.00189387
0.535,0.485,11.1864,4.45054,0.857747,63.0843,0.0218521,0,0,0.00189387
0.535,0.495,11.5046,4.33714,0.874003,64.8092,0.0218521,0,0,0.00189387
0.535,0.505,11.8431,4.21612,0.884731,66.7185,0.0218521,0,0,0.00189387
0.535,0.515,12.1927,4.08726,0.891363,68.7586,0.0218521,0,0,0.00189387
0.535,0.525,12.5424,3.95031,0.894979,70.8795,0.0218521,0,0,0.00189387
0.535,0.535,12.8771,3.80511,0.896336,73.0335,0.0218521,0,0,0.00189387
0.535,0.545,13.1674,3.65194,0.895945,75.1727,0.0218521,0,0,0.00189387
0.535,0.555,13.3483,3.49117,0.894273,77.2491,0.0218521,0,0,0.00189387
0.535,0.565,13.287,3.31995,0.89257,79.2268,0.0218521,0,0,0.00189387
0.535,0.575,12.7775,3.12276,0.895097,81.1037,0.0218521,0,0,0.00189387
0.535,0.585,11.6336,2.85547,0.913364,82.9282,0.0218521,0,0,0.00189387
0.535,0.595,9.90196,2.43884,0.969378,84.6724,0.0218521,0,0,0.00189387
0.535,0.605,8.00584,1.77226,1.08943,86.104,0.0218521,0,0,0.00189387
0.535,0.615,6.48063,0.784634,1.28303,86.8527,0.0218521,0,0,0.00189387
0.535,0.625,5.55053,-0.496812,1.51911,86.7693,0.0218521,0,0,0.00189387
0.535,0.635,5.09619,-1.96008,1.73492,86.1259,0.0218521,0,0,0.00189387
0.535,0.645,4.92725,-3.52695,1.89113,85.2595,0.0218521,0,0,0.00189387
0.535,0.655,4.96257,-5.20069,1.98515,84.2732,0.0218521,0,0,0.00189387
0.535,0.665,5.23146,-6.99376,2.03281,83.048,0.0218521,0,0,0.00189387
0.535,0.675,5.85378,-8.8301,2.05082,81.3362,0.0218521,0,0,0.00189387
0.535,0.685,7.02773,-10.5244,2.05944,79.26,0.0218521,0,0,0.00189387
0.535,0.695,9.05384,-11.8996,2.09776,77.8513,0.0218521,0,0,0.00189387
0.535,0.705,12.4569,-12.8995,2.20977,79.0549,0.0218521,0,0,0.00189387
0.535,0.715,18.1674,-13.5802,2.39786,84.5425,0.0218521,0,0,0.00189387
0.535,0.725,27.6253,-14.0346,2.60631,94.3893,0.0218521,0,0,0.00189387
0.535,0.735,42.485,-14.3406,2.76927,106.119,0.0218521,0,0,0.00189387
0.535,0.745,63.6751,-14.5507,2.85139,114.697,0.0218521,0,0,0.00189387
0.535,0.755,90.3089,-14.6974,2.84815,115.179,0.0218521,0,0,0.00189387
0.535,0.765,119.405,-14.8002,2.78167,106.199,0.0218521,0,0,0.00189387
0.535,0.775,147.682,-14.8709,2.6887,91.8093,0.0218521,0,0,0.00189387
0.535,0.785,174.142,-14.9175,2.6065,78.6614,0.0218521,0,0,0.00189387
0.535,0.795,200.586,-14.9463,2.55811,71.2016,0.0218521,0,0,0.00189387
0.535,0.805,229.651,-14.9633,2.54594,69.9978,0.0218521,0,0,0.00189387
0.535,0.815,262.896,-14.9733,2.55935,73.489,0.0218521,0,0,0.00189387
0.535,0.825,300.473,-14.9797,2.58626,79.946,0.0218521,0,0,0.00189387
0.535,0.835,341.736,-14.984,2.61864,88.1775,0.0218521,0,0,0.00189387
0.535,0.845,385.797,-14.9871,2.65231,97.4841,0.0218521,0,0,0.00189387
0.535,0.855,431.777,-14.9896,2.68541,107.461,0.0218521,0,0,0.00189387
0.535,0.865,478.855,-14.9916,2.71712,117.85,0.0218521,0,0,0.00189387
0.535,0.875,526.266,-14.9932,2.74713,128.463,0.0218521,0,0,0.00189387
0.535,0.885,573.289,-14.9945,2.7753,139.142,0.0218521,0,0,0.00189387
0.535,0.895,619.254,-14.9956,2.80158,149.742,0.0218521,0,0,0.00189387
0.535,0.905,663.554,-14.9965,2.82595,160.132,0.0218521,0,0,0.00189387
0.535,0.915,705.659,-14.9972,2.84841,170.189,0.0218521,0,0,0.00189387
0.535,0.925,745.128,-14.9978,2.86898,179.804,0.0218521,0,0,0.00189387
0.535,0.935,781.625,-14.9983,2.88768,188.883,0.0218521,0,0,0.00189387
0.535,0.945,814.915,-14.9987,2.90455,197.349,0.0218521,0,0,0.00189387
0.535,0.955,844.868,-14.999,2.91964,205.141,0.0218521,0,0,0.00189387
0.535,0.965,871.454,-14.9993,2.93302,212.219,0.0218521,0,0,0.00189387
0.535,0.975,894.728,-14.9995,2.94476,218.561,0.0218521,0,0,0.00189387
0.535,0.985,914.821,-14.9996,2.95495,224.164,0.0218521,0,0,0.00189387
0.535,0.995,931.927,-14.9997,2.96369,229.043,0.0218521,0,0,0.00189387
0.545,0.005,11.4316,6.97625,-4.43307,123.605,0.0227243,0.0136866,0,0.00200054
0.545,0.015,11.3755,6.94305,-4.30825,121.598,0.0227243,0.0136866,0,0.00200054
0.545,0.025,11.3203,6.90893,-4.18343,119.597,0.0227243,0.0136866,0,0.00200054
0.545,0.035,11.2661,6.87392,-4.0586,117.603,0.0227243,0.0136866,0,0.00200054
0.545,0.045,11.2128,6.838,-3.93379,115.617,0.0227243,0.0136866,0,0.00200054
0.545,0.055,11.1608,6.80119,-3.80876,113.65,0.0227243,0.0136866,0,0.00200054
0.545,0.065,11.1118,6.76358,-3.68299,111.724,0.0227243,0.0136866,0,0.00200054
0.545,0.075,11.0636,6.72539,-3.55722,109.811,0.0227243,0.0136866,0,0.00200054
0.545,0.085,11.0158,6.68667,-3.43152,107.909,0.0227243,0.0136866,0,0.00200054
0.545,0.095,10.9686,6.64745,-3.30591,106.018,0.0227243,0.0136866,0,0.00200054
0.545,0.105,10.9217,6.60776,-3.18038,104.139,0.0227243,0.0136866,0,0.00200054
0.545,0.115,10.8752,6.56764,-3.05496,102.273,0.0227243,0.0136866,0,0.00200054
0.545,0.125,10.829,6.5271,-2.92964,100.421,0.0227243,0.0136866,0,0.00200054
0.545,0.135,10.7829,6.48617,-2.80443,98.583,0.0227243,0.0136866,0,0.00200054
0.545,0.145,10.7369,6.44488,-2.67934,96.7599,0.0227243,0.0136866,0,0.00200054
0.545,0.155,10.6909,6.40324,-2.55437,94.9521,0.0227243,0.0136866,0,0.00200054
0.545,0.165,10.6449,6.36127,-2.42953,93.1603,0.0227243,0.0136866,0,0.00200054
0.545,0.175,10.5988,6.31899,-2.30483,91.385,0.0227243,0.0136866,0,0.00200054
0.545,0.185,10.5525,6.27641,-2.18027,89.627,0.0227243,0.0136866,0,0.00200054
0.545,0.195,10.506,6.23354,-2.05588,87.8867,0.0227243,0.0136866,0,0.00200054
0.545,0.205,10.4592,6.19041,-1.93166,86.165,0.0227243,0.0136866,0,0.00200054
0.545,0.215,10.4121,6.147,-1.80763,84.4626,0.0227243,0.0136866,0,0.00200054
0.545,0.225,10.3647,6.10334,-1.68381,82.7803,0.0227243,0.0136866,0,0.00200054
0.545,0.235,10.317,6.05942,-1.56023,81.1192,0.0227243,0.0136866,0,0.00200054
0.545,0.245,10.269,6.01523,-1.43691,79.4803,0.0227243,0.0136866,0,0.00200054
0.545,0.255,10.2208,5.97078,-1.3139,77.8649,0.0227243,0.0136866,0,0.00200054
0.545,0.265,10.1724,5.92604,-1.19123,76.2744,0.0227243,0.0136866,0,0.00200054
0.545,0.275,10.124,5.88101,-1.06897,74.7106,0.0227243,0.0136866,0,0.00200054
0.545,0.285,10.0757,5.83565,-0.947189,73.1755,0.0227243,0.0136866,0,0.00200054
0.545,0.295,10.0278,5.78993,-0.825971,71.6717,0.0227243,0.0136866,0,0.00200054
0.545,0.305,9.98057,5.74381,-0.70543,70.2019,0.0227243,0.0136866,0,0.00200054
0.545,0.315,9.93445,5.69722,-0.585705,68.77,0.0227243,0.0136866,0,0.00200054
0.545,0.325,9.88995,5.65009,-0.466973,67.3803,0.0227243,0.0136866,0,0.00200054
0.545,0.335,9.84776,5.60233,-0.34946,66.0386,0.0227243,0.0136866,0,0.00200054
0.545,0.345,9.80881,5.55381,-0.23345,64.7519,0.0227243,0.0136866,0,0.00200054
0.545,0.355,9.77433,5.50435,-0.119301,63.5294,0.0227243,0.0136866,0,0.00200054
0.545,0.365,9.74935,5.45216,-0.00724794,62.3888,0.0227243,0.0136866,0,0.00200054
0.545,0.375,9.73981,5.39418,0.102485,61.334,0.0227243,0.0136866,0,0.00200054
0.545,0.385,9.73854,5.33447,0.208963,60.3754,0.0227243,0.0136866,0,0.00200054
0.545,0.395,9.74945,5.27264,0.310872,59.5485,0.0227243,0.0136866,0,0.00200054
0.545,0.405,9.77656,5.20819,0.407081,58.8827,0.0227243,0.0136866,0,0.00200054
0.545,0.415,9.82443,5.14055,0.496356,58.4105,0.0227243,0.0136866,0,0.00200054
0.545,0.425,9.89821,5.06905,0.577387,58.1676,0.0227243,0.0136866,0,0.00200054
0.545,0.435,10.0033,4.99295,0.648898,58.1906,0.0227243,0.0136866,0,0.00200054
0.545,0.445,10.1446,4.91147,0.709851,58.5124,0.0227243,0.0136866,0,0.00200054
0.545,0.455,10.3257,4.82389,0.759682,59.1556,0.0227243,0.0136866,0,0.00200054
0.545,0.465,10.5479,4.72959,0.7985,60.1264,0.0227243,0.0136866,0,0.00200054
0.545,0.475,10.8093,4.62809,0.82716,61.4094,0.0227243,0.0136866,0,0.00200054
0.545,0.485,11.1051,4.51911,0.847135,62.9694,0.0227243,0.0136866,0,0.00200054
0.545,0.495,11.4283,4.40246,0.860174,64.7576,0.0227243,0.0136866,0,0.00200054
0.545,0.505,11.7702,4.27794,0.867957,66.7204,0.0227243,0.0136866,0,0.00200054
0.545,0.515,12.1215,4.14532,0.871876,68.8051,0.0227243,0.0136866,0,0.00200054
0.545,0.525,12.471,4.00432,0.872991,70.9621,0.0227243,0.0136866,0,0.00200054
0.545,0.535,12.802,3.85482,0.872081,73.1428,0.0227243,0.0136866,0,0.00200054
0.545,0.545,13.0809,3.69719,0.869716,75.2971,0.0227243,0.0136866,0,0.00200054
0.545,0.555,13.2319,3.5315,0.866544,77.3766,0.0227243,0.0136866,0,0.00200054
0.545,0.565,13.1048,3.35308,0.86438,79.3503,0.0227243,0.0136866,0,0.00200054
0.545,0.575,12.4812,3.14114,0.868977,81.2291,0.0227243,0.0136866,0,0.00200054
0.545,0.585,11.2026,2.84248,0.894685,83.0664,0.0227243,0.0136866,0,0.00200054
0.545,0.595,9.40154,2.37267,0.966144,84.7704,0.0227243,0.0136866,0,0.00200054
0.545,0.605,7.57439,1.63892,1.10734,86.0371,0.0227243,0.0136866,0,0.00200054
0.545,0.615,6.207,0.598077,1.31746,86.5219,0.0227243,0.0136866,0,0.00200054
0.545,0.625,5.41941,-0.691372,1.55386,86.2117,0.0227243,0.0136866,0,0.00200054
0.545,0.635,5.04299,-2.11776,1.75541,85.4557,0.0227243,0.0136866,0,0.00200054
0.545,0.645,4.90503,-3.63155,1.89363,84.5454,0.0227243,0.0136866,0,0.00200054
0.545,0.655,4.94562,-5.25879,1.97279,83.5289,0.0227243,0.0136866,0,0.00200054
0.545,0.665,5.20744,-7.01984,2.00985,82.2679,0.0227243,0.0136866,0,0.00200054
0.545,0.675,5.81705,-8.83587,2.02123,80.5633,0.0227243,0.0136866,0,0.00200054
0.545,0.685,6.97518,-10.5176,2.02913,78.6225,0.0227243,0.0136866,0,0.00200054
0.545,0.695,8.98791,-11.8863,2.07491,77.5619,0.0227243,0.0136866,0,0.00200054
0.545,0.705,12.3926,-12.8855,2.20032,79.3162,0.0227243,0.0136866,0,0.00200054
0.545,0.715,18.1362,-13.5697,2.40156,85.4364,0.0227243,0.0136866,0,0.00200054
0.545,0.725,27.6762,-14.0291,2.61837,95.8652,0.0227243,0.0136866,0,0.00200054
0.545,0.735,42.6808,-14.3393,2.78416,107.996,0.0227243,0.0136866,0,0.00200054
0.545,0.745,64.0564,-14.5521,2.86483,116.603,0.0227243,0.0136866,0,0.00200054
0.545,0.755,90.8245,-14.7001,2.85744,116.621,0.0227243,0.0136866,0,0.00200054
0.545,0.765,119.878,-14.8031,2.7858,106.825,0.0227243,0.0136866,0,0.00200054
0.545,0.775,147.905,-14.8734,2.68842,91.6705,0.0227243,0.0136866,0,0.00200054
0.545,0.785,174.042,-14.9193,2.60386,78.1343,0.0227243,0.0136866,0,0.00200054
0.545,0.795,200.272,-14.9473,2.55519,70.6572,0.0227243,0.0136866,0,0.00200054
0.545,0.805,229.293,-14.9638,2.54383,69.6036,0.0227243,0.0136866,0,0.00200054
0.545,0.815,262.606,-14.9736,2.55814,73.2524,0.0227243,0.0136866,0,0.00200054
0.545,0.825,300.28,-14.9798,2.58567,79.8194,0.0227243,0.0136866,0,0.00200054
0.545,0.835,341.624,-14.984,2.61837,88.1149,0.0227243,0.0136866,0,0.00200054
0.545,0.845,385.739,-14.9872,2.6522,97.4549,0.0227243,0.0136866,0,0.00200054
0.545,0.855,431.749,-14.9896,2.68536,107.448,0.0227243,0.0136866,0,0.00200054
0.545,0.865,478.842,-14.9916,2.7171,117.844,0.0227243,0.0136866,0,0.00200054
0.545,0.875,526.26,-14.9932,2.74712,128.461,0.0227243,0.0136866,0,0.00200054
0.545,0.885,573.287,-14.9945,2.7753,139.141,0.0227243,0.0136866,0,0.00200054
0.545,0.895,619.253,-14.9956,2.80158,149.742,0.0227243,0.0136866,0,0.00200054
0.545,0.905,663.554,-14.9965,2.82595,160.132,0.0227243,0.0136866,0,0.00200054
0.545,0.915,705.658,-14.9972,2.84841,170.189,0.0227243,0.0136866,0,0.00200054
0.545,0.925,745.128,-14.9978,2.86898,179.804,0.0227243,0.0136866,0,0.00200054
0.545,0.935,781.625,-14.9983,2.88768,188.883,0.0227243,0.0136866,0,0.00200054
0.545,0.945,814.915,-14.9987,2.90455,197.349,0.0227243,0.0136866,0,0.00200054
0.545,0.955,844.868,-14.999,2.91964,205.141,0.0227243,0.0136866,0,0.00200054
0.545,0.965,871.454,-14.9993,2.93302,212.219,0.0227243,0.0136866,0,0.00200054
0.545,0.975,894.728,-14.9995,2.94476,218.561,0.0227243,0.0136866,0,0.00200054
0.545,0.985,914.821,-14.9996,2.95495,224.164,0.0227243,0.0136866,0,0.00200054
0.545,0.995,931.927,-14.9997,2.96369,229.043,0.0227243,0.0136866,0,0.00200054
0.555,0.005,11.2946,7.06004,-4.41114,121.547,0.0274463,0.0812339,0,0.00260578
0.555,0.015,11.2384,7.02711,-4.2863,119.578,0.0274463,0.0812339,0,0.00260578
0.555,0.025,11.1831,6.99327,-4.16144,117.615,0.0274463,0.0812339,0,0.00260578
0.555,0.035,11.1287,6.95854,-4.03658,115.659,0.0274463,0.0812339,0,0.00260578
0.555,0.045,11.075,6.92291,-3.91173,113.71,0.0274463,0.0812339,0,0.00260578
0.555,0.055,11.0231,6.88638,-3.78654,111.785,0.0274463,0.0812339,0,0.00260578
0.555,0.065,10.9739,6.84909,-3.66068,109.898,0.0274463,0.0812339,0,0.00260578
0.555,0.075,10.9253,6.81124,-3.53486,108.021,0.0274463,0.0812339,0,0.00260578
0.555,0.085,10.8772,6.77285,-3.40911,106.155,0.0274463,0.0812339,0,0.00260578
0.555,0.095,10.8295,6.73397,-3.28344,104.299,0.0274463,0.0812339,0,0.00260578
0.555,0.105,10.7822,6.69461,-3.15785,102.456,0.0274463,0.0812339,0,0.00260578
0.555,0.115,10.7353,6.65481,-3.03237,100.625,0.0274463,0.0812339,0,0.00260578
0.555,0.125,10.6885,6.6146,-2.90699,98.8072,0.0274463,0.0812339,0,0.00260578
0.555,0.135,10.6419,6.57398,-2.78171,97.0032,0.0274463,0.0812339,0,0.00260578
0.555,0.145,10.5954,6.53299,-2.65656,95.2135,0.0274463,0.0812339,0,0.00260578
0.555,0.155,10.5489,6.49163,-2.53152,93.4387,0.0274463,0.0812339,0,0.00260578
0.555,0.165,10.5023,6.44994,-2.40662,91.6794,0.0274463,0.0812339,0,0.00260578
0.555,0.175,10.4557,6.40792,-2.28185,89.9361,0.0274463,0.0812339,0,0.00260578
0.555,0.185,10.4088,6.36559,-2.15723,88.2096,0.0274463,0.0812339,0,0.00260578
0.555,0.195,10.3618,6.32295,-2.03278,86.5004,0.0274463,0.0812339,0,0.00260578
0.555,0.205,10.3145,6.28003,-1.90851,84.8093,0.0274463,0.0812339,0,0.00260578
0.555,0.215,10.2669,6.23682,-1.78443,83.1371,0.0274463,0.0812339,0,0.00260578
0.555,0.225,10.219,6.19333,-1.66057,81.4846,0.0274463,0.0812339,0,0.00260578
0.555,0.235,10.1708,6.14956,-1.53695,79.8528,0.0274463,0.0812339,0,0.00260578
0.555,0.245,10.1224,6.1055,-1.41362,78.2428,0.0274463,0.0812339,0,0.00260578
0.555,0.255,10.0738,6.06115,-1.2906,76.656,0.0274463,0.0812339,0,0.00260578
0.555,0.265,10.0251,6.01649,-1.16795,75.0939,0.0274463,0.0812339,0,0.00260578
0.555,0.275,9.97637,5.9715,-1.04573,73.5582,0.0274463,0.0812339,0,0.00260578
0.555,0.285,9.92788,5.92616,-0.924018,72.051,0.0274463,0.0812339,0,0.00260578
0.555,0.295,9.87985,5.88042,-0.802905,70.575,0.0274463,0.0812339,0,0.00260578
0.555,0.305,9.8326,5.83423,-0.682513,69.1331,0.0274463,0.0812339,0,0.00260578
0.555,0.315,9.78656,5.78753,-0.562993,67.7293,0.0274463,0.0812339,0,0.00260578
0.555,0.325,9.74229,5.74024,-0.444535,66.3682,0.0274463,0.0812339,0,0.00260578
0.555,0.335,9.70053,5.69227,-0.327381,65.0558,0.0274463,0.0812339,0,0.00260578
0.555,0.345,9.66222,5.64346,-0.211836,63.7995,0.0274463,0.0812339,0,0.00260578
0.555,0.355,9.6287,5.59364,-0.0982854,62.6089,0.0274463,0.0812339,0,0.00260578
0.555,0.365,9.60686,5.54005,0.0130961,61.505,0.0274463,0.0812339,0,0.00260578
0.555,0.375,9.59855,5.48135,0.121942,60.4834,0.0274463,0.0812339,0,0.00260578
0.555,0.385,9.59907,5.42095,0.227159,59.5662,0.0274463,0.0812339,0,0.00260578
0.555,0.395,9.61262,5.35828,0.327472,58.7867,0.0274463,0.0812339,0,0.00260578
0.555,0.405,9.64333,5.29279,0.421708,58.1748,0.0274463,0.0812339,0,0.00260578
0.555,0.415,9.69594,5.22389,0.508586,57.7641,0.0274463,0.0812339,0,0.00260578
0.555,0.425,9.77568,5.15088,0.586766,57.5911,0.0274463,0.0812339,0,0.00260578
0.555,0.435,9.88792,5.07297,0.654985,57.6923,0.0274463,0.0812339,0,0.00260578
0.555,0.445,10.0374,4.98938,0.712274,58.0992,0.0274463,0.0812339,0,0.00260578
0.555,0.455,10.2273,4.89937,0.7582,58.8317,0.0274463,0.0812339,0,0.00260578
0.555,0.465,10.4581,4.80235,0.793049,59.8914,0.0274463,0.0812339,0,0.00260578
0.555,0.475,10.7275,4.69786,0.817856,61.2588,0.0274463,0.0812339,0,0.00260578
0.555,0.485,11.0302,4.58563,0.834216,62.8953,0.0274463,0.0812339,0,0.00260578
0.555,0.495,11.3588,4.46547,0.843919,64.7511,0.0274463,0.0812339,0,0.00260578
0.555,0.505,11.7047,4.33716,0.848628,66.7729,0.0274463,0.0812339,0,0.00260578
0.555,0.515,12.0584,4.20044,0.849717,68.9088,0.0274463,0.0812339,0,0.00260578
0.555,0.525,12.408,4.05503,0.848255,71.1085,0.0274463,0.0812339,0,0.00260578
0.555,0.535,12.7352,3.9009,0.845067,73.3213,0.0274463,0.0812339,0,0.00260578
0.555,0.545,13.0007,3.73843,0.840818,75.4945,0.0274463,0.0812339,0,0.00260578
0.555,0.555,13.1159,3.56719,0.836404,77.5799,0.0274463,0.0812339,0,0.00260578
0.555,0.565,12.9108,3.37991,0.834417,79.5546,0.0274463,0.0812339,0,0.00260578
0.555,0.575,12.1593,3.14912,0.842562,81.4441,0.0274463,0.0812339,0,0.00260578
0.555,0.585,10.7463,2.81244,0.878399,83.2931,0.0274463,0.0812339,0,0.00260578
0.555,0.595,8.9035,2.28373,0.968328,84.9226,0.0274463,0.0812339,0,0.00260578
0.555,0.605,7.17807,1.48399,1.13156,85.9764,0.0274463,0.0812339,0,0.00260578
0.555,0.615,5.97504,0.401545,1.35523,86.1843,0.0274463,0.0812339,0,0.00260578
0.555,0.625,5.3162,-0.880588,1.58736,85.676,0.0274463,0.0812339,0,0.00260578
0.555,0.635,5.0038,-2.26167,1.77275,84.8307,0.0274463,0.0812339,0,0.00260578
0.555,0.645,4.88821,-3.72143,1.89362,83.8796,0.0274463,0.0812339,0,0.00260578
0.555,0.655,4.92981,-5.30417,1.95915,82.8271,0.0274463,0.0812339,0,0.00260578
0.555,0.665,5.18273,-7.0351,1.98647,81.5287,0.0274463,0.0812339,0,0.00260578
0.555,0.675,5.77858,-8.83219,1.99178,79.8398,0.0274463,0.0812339,0,0.00260578
0.555,0.685,6.92009,-10.5029,1.99964,78.0545,0.0274463,0.0812339,0,0.00260578
0.555,0.695,8.91881,-11.8673,2.05345,77.3626,0.0274463,0.0812339,0,0.00260578
0.555,0.705,12.3237,-12.868,2.19225,79.6698,0.0274463,0.0812339,0,0.00260578
0.555,0.715,18.0962,-13.5575,2.4061,86.4051,0.0274463,0.0812339,0,0.00260578
0.555,0.725,27.7103,-14.0229,2.63075,97.3945,0.0274463,0.0812339,0,0.00260578
0.555,0.735,42.8498,-14.3379,2.79913,109.914,0.0274463,0.0812339,0,0.00260578
0.555,0.745,64.4028,-14.5536,2.87835,118.552,0.0274463,0.0812339,0,0.00260578
0.555,0.755,91.3042,-14.7029,2.86691,118.113,0.0274463,0.0812339,0,0.00260578
0.555,0.765,120.324,-14.8061,2.7902,107.509,0.0274463,0.0812339,0,0.00260578
0.555,0.775,148.117,-14.8759,2.68846,91.5929,0.0274463,0.0812339,0,0.00260578
0.555,0.785,173.951,-14.921,2.60152,77.6666,0.0274463,0.0812339,0,0.00260578
0.555,0.795,199.981,-14.9484,2.55254,70.1633,0.0274463,0.0812339,0,0.00260578
0.555,0.805,228.964,-14.9644,2.54191,69.2462,0.0274463,0.0812339,0,0.00260578
0.555,0.815,262.341,-14.9739,2.55705,73.0392,0.0274463,0.0812339,0,0.00260578
0.555,0.825,300.107,-14.9799,2.58513,79.7063,0.0274463,0.0812339,0,0.00260578
0.555,0.835,341.525,-14.9841,2.61814,88.0595,0.0274463,0.0812339,0,0.00260578
0.555,0.845,385.687,-14.9872,2.6521,97.4293,0.0274463,0.0812339,0,0.00260578
0.555,0.855,431.724,-14.9896,2.68532,107.436,0.0274463,0.0812339,0,0.00260578
0.555,0.865,478.831,-14.9916,2.71709,117.84,0.0274463,0.0812339,0,0.00260578
0.555,0.875,526.255,-14.9932,2.74712,128.459,0.0274463,0.0812339,0,0.00260578
0.555,0.885,573.285,-14.9945,2.7753,139.14,0.0274463,0.0812339,0,0.00260578
0.555,0.895,619.253,-14.9956,2.80158,149.742,0.0274463,0.0812339,0,0.00260578
0.555,0.905,663.554,-14.9965,2.82595,160.132,0.0274463,0.0812339,0,0.00260578
0.555,0.915,705.658,-14.9972,2.84841,170.189,0.0274463,0.0812339,0,0.00260578
0.555,0.925,745.128,-14.9978,2.86898,179.804,0.0274463,0.0812339,0,0.00260578
0.555,0.935,781.625,-14.9983,2.88768,188.883,0.0274463,0.0812339,0,0.00260578
0.555,0.945,814.915,-14.9987,2.90455,197.349,0.0274463,0.0812339,0,0.00260578
0.555,0.955,844.868,-14.999,2.91964,205.141,0.0274463,0.0812339,0,0.00260578
0.555,0.965,871.454,-14.9993,2.93302,212.219,0.0274463,0.0812339,0,0.00260578
0.555,0.975,894.728,-14.9995,2.94476,218.561,0.0274463,0.0812339,0,0.00260578
0.555,0.985,914.821,-14.9996,2.95495,224.164,0.0274463,0.0812339,0,0.00260578
0.555,0.995,931.927,-14.9997,2.96369,229.043,0.0274463,0.0812339,0,0.00260578
0.565,0.005,11.1599,7.14378,-4.38928,119.531,0.0329225,0.148781,0,0.00336163
0.565,0.015,11.1035,7.11111,-4.26441,117.599,0.0329225,0.148781,0,0.00336163
0.565,0.025,11.0481,7.07754,-4.13951,115.673,0.0329225,0.148781,0,0.00336163
0.565,0.035,10.9935,7.04307,-4.01462,113.754,0.0329225,0.148781,0,0.00336163
0.565,0.045,10.9396,7.00772,-3.88973,111.842,0.0329225,0.148781,0,0.00336163
0.565,0.055,10.8878,6.97147,-3.76436,109.958,0.0329225,0.148781,0,0.00336163
0.565,0.065,10.8383,6.9345,-3.63843,108.108,0.0329225,0.148781,0,0.00336163
0.565,0.075,10.7894,6.89696,-3.51256,106.266,0.0329225,0.148781,0,0.00336163
0.565,0.085,10.7409,6.8589,-3.38675,104.435,0.0329225,0.148781,0,0.00336163
0.565,0.095,10.6928,6.82034,-3.26102,102.614,0.0329225,0.148781,0,0.00336163
0.565,0.105,10.6451,6.7813,-3.13538,100.805,0.0329225,0.148781,0,0.00336163
0.565,0.115,10.5976,6.74182,-3.00984,99.0079,0.0329225,0.148781,0,0.00336163
0.565,0.125,10.5504,6.70191,-2.8844,97.2235,0.0329225,0.148781,0,0.00336163
0.565,0.135,10.5033,6.66159,-2.75906,95.4524,0.0329225,0.148781,0,0.00336163
0.565,0.145,10.4563,6.62088,-2.63384,93.6952,0.0329225,0.148781,0,0.00336163
0.565,0.155,10.4093,6.57981,-2.50874,91.9524,0.0329225,0.148781,0,0.00336163
0.565,0.165,10.3622,6.53838,-2.38378,90.2247,0.0329225,0.148781,0,0.00336163
0.565,0.175,10.315,6.49661,-2.25895,88.5125,0.0329225,0.148781,0,0.00336163
0.565,0.185,10.2676,6.45451,-2.13428,86.8166,0.0329225,0.148781,0,0.00336163
0.565,0.195,10.2201,6.41209,-2.00977,85.1376,0.0329225,0.148781,0,0.00336163
0.565,0.205,10.1722,6.36936,-1.88545,83.4763,0.0329225,0.148781,0,0.00336163
0.565,0.215,10.1242,6.32634,-1.76133,81.8334,0.0329225,0.148781,0,0.00336163
0.565,0.225,10.0758,6.283,-1.63743,80.2098,0.0329225,0.148781,0,0.00336163
0.565,0.235,10.0272,6.23937,-1.5138,78.6066,0.0329225,0.148781,0,0.00336163
0.565,0.245,9.97835,6.19543,-1.39045,77.0248,0.0329225,0.148781,0,0.00336163
0.565,0.255,9.92936,6.15117,-1.26744,75.4659,0.0329225,0.148781,0,0.00336163
0.565,0.265,9.8803,6.10657,-1.14482,73.9313,0.0329225,0.148781,0,0.00336163
0.565,0.275,9.83134,6.06161,-1.02266,72.423,0.0329225,0.148781,0,0.00336163
0.565,0.285,9.78264,6.01626,-0.90103,70.9431,0.0329225,0.148781,0,0.00336163
0.565,0.295,9.73449,5.97048,-0.780041,69.4943,0.0329225,0.148781,0,0.00336163
0.565,0.305,9.68722,5.92421,-0.659822,68.0798,0.0329225,0.148781,0,0.00336163
0.565,0.315,9.64128,5.87739,-0.540535,66.7036,0.0329225,0.148781,0,0.00336163
0.565,0.325,9.59726,5.82992,-0.422384,65.3706,0.0329225,0.148781,0,0.00336163
0.565,0.335,9.55595,5.7817,-0.30563,64.0871,0.0329225,0.148781,0,0.00336163
0.565,0.345,9.51833,5.73258,-0.1906,62.861,0.0329225,0.148781,0,0.00336163
0.565,0.355,9.4858,5.68236,-0.077708,61.7022,0.0329225,0.148781,0,0.00336163
0.565,0.365,9.46745,5.62711,0.0329246,60.6353,0.0329225,0.148781,0,0.00336163
0.565,0.375,9.46011,5.56786,0.140781,59.6481,0.0329225,0.148781,0,0.00336163
0.565,0.385,9.46262,5.50672,0.244611,58.7734,0.0329225,0.148781,0,0.00336163
0.565,0.395,9.47906,5.44313,0.343183,58.0426,0.0329225,0.148781,0,0.00336163
0.565,0.405,9.5137,5.37651,0.435278,57.4866,0.0329225,0.148781,0,0.00336163
0.565,0.415,9.57142,5.30625,0.519566,57.14,0.0329225,0.148781,0,0.00336163
0.565,0.425,9.65756,5.23159,0.594685,57.04,0.0329225,0.148781,0,0.00336163
0.565,0.435,9.77743,5.15173,0.659394,57.2228,0.0329225,0.148781,0,0.00336163
0.565,0.445,9.93551,5.06587,0.712807,57.7184,0.0329225,0.148781,0,0.00336163
0.565,0.455,10.1345,4.97326,0.754637,58.5434,0.0329225,0.148781,0,0.00336163
0.565,0.465,10.3744,4.87331,0.785351,59.6954,0.0329225,0.148781,0,0.00336163
0.565,0.475,10.6522,4.7656,0.806161,61.1507,0.0329225,0.148781,0,0.00336163
0.565,0.485,10.9622,4.64987,0.818765,62.8683,0.0329225,0.148781,0,0.00336163
0.565,0.495,11.2969,4.5259,0.824985,64.7976,0.0329225,0.148781,0,0.00336163
0.565,0.505,11.6475,4.39345,0.82648,66.8857,0.0329225,0.148781,0,0.00336163
0.565,0.515,12.0043,4.25226,0.824631,69.0802,0.0329225,0.148781,0,0.00336163
0.565,0.525,12.3546,4.10207,0.820549,71.3291,0.0329225,0.148781,0,0.00336163
0.565,0.535,12.6773,3.94292,0.815134,73.5786,0.0329225,0.148781,0,0.00336163
0.565,0.545,12.9265,3.77521,0.809175,75.7731,0.0329225,0.148781,0,0.00336163
0.565,0.555,12.9979,3.59759,0.803917,77.8666,0.0329225,0.148781,0,0.00336163
0.565,0.565,12.7002,3.39921,0.803007,79.8476,0.0329225,0.148781,0,0.00336163
0.565,0.575,11.8073,3.14423,0.816668,81.7581,0.0329225,0.148781,0,0.00336163
0.565,0.585,10.2665,2.76252,0.865826,83.6044,0.0329225,0.148781,0,0.00336163
0.565,0.595,8.41701,2.17068,0.977028,85.1125,0.0329225,0.148781,0,0.00336163
0.565,0.605,6.8228,1.30942,1.16203,85.9092,0.0329225,0.148781,0,0.00336163
0.565,0.615,5.78374,0.199426,1.39533,85.8421,0.0329225,0.148781,0,0.00336163
0.565,0.625,5.23763,-1.06107,1.61878,85.1686,0.0329225,0.148781,0,0.00336163
0.565,0.635,4.97596,-2.39083,1.78693,84.2507,0.0329225,0.148781,0,0.00336163
0.565,0.645,4.87531,-3.7968,1.89145,83.2582,0.0329225,0.148781,0,0.00336163
0.565,0.655,4.91453,-5.33721,1.94458,82.163,0.0329225,0.148781,0,0.00336163
0.565,0.665,5.15717,-7.0396,1.96286,80.8268,0.0329225,0.148781,0,0.00336163
0.565,0.675,5.73837,-8.81889,1.96262,79.1643,0.0329225,0.148781,0,0.00336163
0.565,0.685,6.86245,-10.4801,1.97108,77.5566,0.0329225,0.148781,0,0.00336163
0.565,0.695,8.84635,-11.8423,2.03345,77.2529,0.0329225,0.148781,0,0.00336163
0.565,0.705,12.2494,-12.8469,2.18551,80.1113,0.0329225,0.148781,0,0.00336163
0.565,0.715,18.0457,-13.5434,2.41136,87.4403,0.0329225,0.148781,0,0.00336163
0.565,0.725,27.7248,-14.016,2.64333,98.9665,0.0329225,0.148781,0,0.00336163
0.565,0.735,42.9877,-14.3363,2.81409,111.863,0.0329225,0.148781,0,0.00336163
0.565,0.745,64.7091,-14.5552,2.8919,120.536,0.0329225,0.148781,0,0.00336163
0.565,0.755,91.7431,-14.7058,2.87653,119.655,0.0329225,0.148781,0,0.00336163
0.565,0.765,120.741,-14.8091,2.79488,108.257,0.0329225,0.148781,0,0.00336163
0.565,0.775,148.32,-14.8785,2.68884,91.5862,0.0329225,0.148781,0,0.00336163
0.565,0.785,173.873,-14.9228,2.59954,77.2659,0.0329225,0.148781,0,0.00336163
0.565,0.795,199.717,-14.9494,2.55017,69.7236,0.0329225,0.148781,0,0.00336163
0.565,0.805,228.666,-14.9649,2.54019,68.9266,0.0329225,0.148781,0,0.00336163
0.565,0.815,262.103,-14.9741,2.55608,72.8492,0.0329225,0.148781,0,0.00336163
0.565,0.825,299.952,-14.98,2.58466,79.6061,0.0329225,0.148781,0,0.00336163
0.565,0.835,341.437,-14.9841,2.61793,88.0108,0.0329225,0.148781,0,0.00336163
0.565,0.845,385.642,-14.9872,2.65202,97.407,0.0329225,0.148781,0,0.00336163
0.565,0.855,431.703,-14.9896,2.68529,107.427,0.0329225,0.148781,0,0.00336163
0.565,0.865,478.821,-14.9916,2.71708,117.836,0.0329225,0.148781,0,0.00336163
0.565,0.875,526.251,-14.9932,2.74711,128.458,0.0329225,0.148781,0,0.00336163
0.565,0.885,573.283,-14.9945,2.77529,139.14,0.0329225,0.148781,0,0.00336163
0.565,0.895,619.252,-14.9956,2.80158,149.741,0.0329225,0.148781,0,0.00336163
0.565,0.905,663.553,-14.9965,2.82595,160.131,0.0329225,0.148781,0,0.00336163
0.565,0.915,705.658,-14.9972,2.84841,170.189,0.0329225,0.148781,0,0.00336163
0.565,0.925,745.128,-14.9978,2.86898,179.804,0.0329225,0.148781,0,0.00336163
0.565,0.935,781.625,-14.9983,2.88768,188.883,0.0329225,0.148781,0,0.00336163
0.565,0.945,814.915,-14.9987,2.90455,197.349,0.0329225,0.148781,0,0.00336163
0.565,0.955,844.868,-14.999,2.91964,205.141,0.0329225,0.148781,0,0.00336163
0.565,0.965,871.454,-14.9993,2.93302,212.219,0.0329225,0.148781,0,0.00336163
0.565,0.975,894.728,-14.9995,2.94476,218.561,0.0329225,0.148781,0,0.00336163
0.565,0.985,914.821,-14.9996,2.95495,224.164,0.0329225,0.148781,0,0.00336163
0.565,0.995,931.927,-14.9997,2.96369,229.043,0.0329225,0.148781,0,0.00336163
0.575,0.005,11.0273,7.22746,-4.36748,117.557,0.0392399,0.216329,0,0.00429812
0.575,0.015,10.9709,7.19504,-4.24257,115.661,0.0392399,0.216329,0,0.00429812
0.575,0.025,10.9153,7.16172,-4.11764,113.771,0.0392399,0.216329,0,0.00429812
0.575,0.035,10.8605,7.12752,-3.99271,111.887,0.0392399,0.216329,0,0.00429812
0.575,0.045,10.8064,7.09243,-3.86778,110.011,0.0392399,0.216329,0,0.00429812
0.575,0.055,10.7548,7.05645,-3.74221,108.168,0.0392399,0.216329,0,0.00429812
0.575,0.065,10.705,7.01978,-3.61623,106.352,0.0392399,0.216329,0,0.00429812
0.575,0.075,10.6556,6.98256,-3.49031,104.545,0.0392399,0.216329,0,0.00429812
0.575,0.085,10.6068,6.94481,-3.36445,102.748,0.0392399,0.216329,0,0.00429812
0.575,0.095,10.5583,6.90656,-3.23867,100.961,0.0392399,0.216329,0,0.00429812
0.575,0.105,10.5102,6.86783,-3.11297,99.1847,0.0392399,0.216329,0,0.00429812
0.575,0.115,10.4623,6.82864,-2.98737,97.4205,0.0392399,0.216329,0,0.00429812
0.575,0.125,10.4146,6.78902,-2.86187,95.6685,0.0392399,0.216329,0,0.00429812
0.575,0.135,10.367,6.74899,-2.73648,93.9294,0.0392399,0.216329,0,0.00429812
0.575,0.145,10.3195,6.70856,-2.6112,92.2037,0.0392399,0.216329,0,0.00429812
0.575,0.155,10.2719,6.66775,-2.48604,90.492,0.0392399,0.216329,0,0.00429812
0.575,0.165,10.2244,6.62657,-2.36102,88.7949,0.0392399,0.216329,0,0.00429812
0.575,0.175,10.1766,6.58503,-2.23613,87.113,0.0392399,0.216329,0,0.00429812
0.575,0.185,10.1288,6.54316,-2.11141,85.4469,0.0392399,0.216329,0,0.00429812
0.575,0.195,10.0807,6.50094,-1.98685,83.7972,0.0392399,0.216329,0,0.00429812
0.575,0.205,10.0324,6.45841,-1.86249,82.1648,0.0392399,0.216329,0,0.00429812
0.575,0.215,9.98381,6.41554,-1.73833,80.5505,0.0392399,0.216329,0,0.00429812
0.575,0.225,9.93499,6.37236,-1.61441,78.9551,0.0392399,0.216329,0,0.00429812
0.575,0.235,9.88594,6.32885,-1.49076,77.3796,0.0392399,0.216329,0,0.00429812
0.575,0.245,9.8367,6.28501,-1.36742,75.8253,0.0392399,0.216329,0,0.00429812
0.575,0.255,9.78734,6.24082,-1.24443,74.2935,0.0392399,0.216329,0,0.00429812
0.575,0.265,9.73797,6.19627,-1.12185,72.7859,0.0392399,0.216329,0,0.00429812
0.575,0.275,9.68874,6.15133,-0.999757,71.3043,0.0392399,0.216329,0,0.00429812
0.575,0.285,9.63985,6.10596,-0.878233,69.851,0.0392399,0.216329,0,0.00429812
0.575,0.295,9.59159,6.06011,-0.757391,68.4288,0.0392399,0.216329,0,0.00429812
0.575,0.305,9.54431,6.01374,-0.637371,67.0411,0.0392399,0.216329,0,0.00429812
0.575,0.315,9.49849,5.96676,-0.518348,65.692,0.0392399,0.216329,0,0.00429812
0.575,0.325,9.45476,5.91909,-0.400542,64.3868,0.0392399,0.216329,0,0.00429812
0.575,0.335,9.41393,5.87059,-0.284234,63.1321,0.0392399,0.216329,0,0.00429812
0.575,0.345,9.37708,5.82112,-0.169778,61.9361,0.0392399,0.216329,0,0.00429812
0.575,0.355,9.34603,5.77029,-0.0575903,60.8107,0.0392399,0.216329,0,0.00429812
0.575,0.365,9.33047,5.71355,0.0522028,59.7777,0.0392399,0.216329,0,0.00429812
0.575,0.375,9.3244,5.65369,0.158935,58.8274,0.0392399,0.216329,0,0.00429812
0.575,0.385,9.32915,5.59173,0.261248,57.9968,0.0392399,0.216329,0,0.00429812
0.575,0.395,9.34877,5.52714,0.357925,57.3167,0.0392399,0.216329,0,0.00429812
0.575,0.405,9.38769,5.4593,0.447696,56.8189,0.0392399,0.216329,0,0.00429812
0.575,0.415,9.45096,5.38755,0.529187,56.5392,0.0392399,0.216329,0,0.00429812
0.575,0.425,9.54397,5.31112,0.601016,56.5156,0.0392399,0.216329,0,0.00429812
0.575,0.435,9.67198,5.22915,0.661978,56.7839,0.0392399,0.216329,0,0.00429812
0.575,0.445,9.83919,5.14082,0.711285,57.3723,0.0392399,0.216329,0,0.00429812
0.575,0.455,10.0478,5.0454,0.748807,58.2941,0.0392399,0.216329,0,0.00429812
0.575,0.465,10.2973,4.94229,0.775197,59.5429,0.0392399,0.216329,0,0.00429812
0.575,0.475,10.584,4.83111,0.791835,61.0913,0.0392399,0.216329,0,0.00429812
0.575,0.485,10.9021,4.71156,0.800511,62.8964,0.0392399,0.216329,0,0.00429812
0.575,0.495,11.2436,4.58342,0.803083,64.907,0.0392399,0.216329,0,0.00429812
0.575,0.505,11.5999,4.44645,0.801228,67.0697,0.0392399,0.216329,0,0.00429812
0.575,0.515,11.9604,4.30037,0.796364,69.3306,0.0392399,0.216329,0,0.00429812
0.575,0.525,12.3114,4.145,0.789677,71.6346,0.0392399,0.216329,0,0.00429812
0.575,0.535,12.6288,3.98046,0.782165,73.9239,0.0392399,0.216329,0,0.00429812
0.575,0.545,12.8575,3.80703,0.77478,76.1405,0.0392399,0.216329,0,0.00429812
0.575,0.555,12.8745,3.62189,0.769266,78.2434,0.0392399,0.216329,0,0.00429812
0.575,0.565,12.4671,3.40932,0.770701,80.2361,0.0392399,0.216329,0,0.00429812
0.575,0.575,11.4211,3.12357,0.792416,82.1779,0.0392399,0.216329,0,0.00429812
0.575,0.585,9.76787,2.6901,0.85844,83.9882,0.0392399,0.216329,0,0.00429812
0.575,0.595,7.95242,2.03315,0.993137,85.319,0.0392399,0.216329,0,0.00429812
0.575,0.605,6.5129,1.11837,1.19821,85.8262,0.0392399,0.216329,0,0.00429812
0.575,0.615,5.63129,-0.00361632,1.43643,85.5006,0.0392399,0.216329,0,0.00429812
0.575,0.625,5.18006,-1.23006,1.6474,84.6922,0.0392399,0.216329,0,0.00429812
0.575,0.635,4.95692,-2.50472,1.79808,83.7135,0.0392399,0.216329,0,0.00429812
0.575,0.645,4.86505,-3.85809,1.8875,82.6763,0.0392399,0.216329,0,0.00429812
0.575,0.655,4.89932,-5.35825,1.92933,81.5318,0.0392399,0.216329,0,0.00429812
0.575,0.665,5.13063,-7.03341,1.93917,80.1592,0.0392399,0.216329,0,0.00429812
0.575,0.675,5.69644,-8.79578,1.93387,78.537,0.0392399,0.216329,0,0.00429812
0.575,0.685,6.80237,-10.4489,1.94361,77.1312,0.0392399,0.216329,0,0.00429812
0.575,0.695,8.7705,-11.8112,2.01498,77.2336,0.0392399,0.216329,0,0.00429812
0.575,0.705,12.1692,-12.822,2.18005,80.6369,0.0392399,0.216329,0,0.00429812
0.575,0.715,17.9832,-13.5275,2.41723,88.5345,0.0392399,0.216329,0,0.00429812
0.575,0.725,27.7172,-14.0083,2.65598,100.571,0.0392399,0.216329,0,0.00429812
0.575,0.735,43.0908,-14.3344,2.82895,113.833,0.0392399,0.216329,0,0.00429812
0.575,0.745,64.9706,-14.5567,2.90542,122.549,0.0392399,0.216329,0,0.00429812
0.575,0.755,92.1375,-14.7087,2.8863,121.247,0.0392399,0.216329,0,0.00429812
0.575,0.765,121.127,-14.8122,2.79987,109.076,0.0392399,0.216329,0,0.00429812
0.575,0.775,148.517,-14.8809,2.68963,91.659,0.0392399,0.216329,0,0.00429812
0.575,0.785,173.811,-14.9244,2.59794,76.9387,0.0392399,0.216329,0,0.00429812
0.575,0.795,199.484,-14.9504,2.54811,69.3412,0.0392399,0.216329,0,0.00429812
0.575,0.805,228.4,-14.9654,2.53868,68.6454,0.0392399,0.216329,0,0.00429812
0.575,0.815,261.892,-14.9743,2.55523,72.6822,0.0392399,0.216329,0,0.00429812
0.575,0.825,299.815,-14.9801,2.58425,79.5185,0.0392399,0.216329,0,0.00429812
0.575,0.835,341.36,-14.9841,2.61775,87.9685,0.0392399,0.216329,0,0.00429812
0.575,0.845,385.603,-14.9872,2.65194,97.3879,0.0392399,0.216329,0,0.00429812
0.575,0.855,431.684,-14.9896,2.68526,107.418,0.0392399,0.216329,0,0.00429812
0.575,0.865,478.813,-14.9916,2.71706,117.832,0.0392399,0.216329,0,0.00429812
0.575,0.875,526.248,-14.9932,2.74711,128.456,0.0392399,0.216329,0,0.00429812
0.575,0.885,573.282,-14.9945,2.77529,139.139,0.0392399,0.216329,0,0.00429812
0.575,0.895,619.251,-14.9956,2.80158,149.741,0.0392399,0.216329,0,0.00429812
0.575,0.905,663.553,-14.9965,2.82595,160.131,0.0392399,0.216329,0,0.00429812
0.575,0.915,705.658,-14.9972,2.84841,170.189,0.0392399,0.216329,0,0.00429812
0.575,0.925,745.128,-14.9978,2.86898,179.804,0.0392399,0.216329,0,0.00429812
0.575,0.935,781.625,-14.9983,2.88768,188.883,0.0392399,0.216329,0,0.00429812
0.575,0.945,814.915,-14.9987,2.90455,197.349,0.0392399,0.216329,0,0.00429812
0.575,0.955,844.868,-14.999,2.91964,205.141,0.0392399,0.216329,0,0.00429812
0.575,0.965,871.454,-14.9993,2.93302,212.219,0.0392399,0.216329,0,0.00429812
0.575,0.975,894.728,-14.9995,2.94476,218.561,0.0392399,0.216329,0,0.00429812
0.575,0.985,914.821,-14.9996,2.95495,224.164,0.0392399,0.216329,0,0.00429812
0.575,0.995,931.927,-14.9997,2.96369,229.043,0.0392399,0.216329,0,0.00429812
0.585,0.005,10.8968,7.31108,-4.34574,115.621,0.0464918,0.283876,0,0.00544989
0.585,0.015,10.8402,7.27889,-4.22079,113.761,0.0464918,0.283876,0,0.00544989
0.585,0.025,10.7845,7.24582,-4.09583,111.905,0.0464918,0.283876,0,0.00544989
0.585,0.035,10.7295,7.21187,-3.97086,110.056,0.0464918,0.283876,0,0.00544989
0.585,0.045,10.6753,7.17702,-3.84586,108.215,0.0464918,0.283876,0,0.00544989
0.585,0.055,10.6238,7.14131,-3.72012,106.412,0.0464918,0.283876,0,0.00544989
0.585,0.065,10.5737,7.10494,-3.59409,104.63,0.0464918,0.283876,0,0.00544989
0.585,0.075,10.524,7.06802,-3.46811,102.856,0.0464918,0.283876,0,0.00544989
0.585,0.085,10.4748,7.03057,-3.3422,101.092,0.0464918,0.283876,0,0.00544989
0.585,0.095,10.4259,6.99261,-3.21637,99.3374,0.0464918,0.283876,0,0.00544989
0.585,0.105,10.3774,6.95418,-3.09062,97.5937,0.0464918,0.283876,0,0.00544989
0.585,0.115,10.3291,6.91528,-2.96496,95.8614,0.0464918,0.283876,0,0.00544989
0.585,0.125,10.2809,6.87595,-2.8394,94.1409,0.0464918,0.283876,0,0.00544989
0.585,0.135,10.2328,6.83618,-2.71395,92.4329,0.0464918,0.283876,0,0.00544989
0.585,0.145,10.1848,6.79601,-2.58862,90.7378,0.0464918,0.283876,0,0.00544989
0.585,0.155,10.1368,6.75545,-2.46341,89.0564,0.0464918,0.283876,0,0.00544989
0.585,0.165,10.0887,6.71451,-2.33833,87.3891,0.0464918,0.283876,0,0.00544989
0.585,0.175,10.0405,6.6732,-2.2134,85.7365,0.0464918,0.283876,0,0.00544989
0.585,0.185,9.99214,6.63153,-2.08862,84.0993,0.0464918,0.283876,0,0.00544989
0.585,0.195,9.94356,6.58951,-1.96403,82.4782,0.0464918,0.283876,0,0.00544989
0.585,0.205,9.89476,6.54715,-1.83963,80.874,0.0464918,0.283876,0,0.00544989
0.585,0.215,9.84573,6.50444,-1.71544,79.2874,0.0464918,0.283876,0,0.00544989
0.585,0.225,9.79646,6.46139,-1.59151,77.7193,0.0464918,0.283876,0,0.00544989
0.585,0.235,9.74698,6.41799,-1.46786,76.1709,0.0464918,0.283876,0,0.00544989
0.585,0.245,9.69734,6.37424,-1.34452,74.6433,0.0464918,0.283876,0,0.00544989
0.585,0.255,9.64763,6.33011,-1.22157,73.138,0.0464918,0.283876,0,0.00544989
0.585,0.265,9.59795,6.28559,-1.09905,71.6566,0.0464918,0.283876,0,0.00544989
0.585,0.275,9.54846,6.24064,-0.977038,70.201,0.0464918,0.283876,0,0.00544989
0.585,0.285,9.49939,6.19523,-0.855638,68.7738,0.0464918,0.283876,0,0.00544989
0.585,0.295,9.45102,6.1493,-0.734967,67.3776,0.0464918,0.283876,0,0.00544989
0.585,0.305,9.40375,6.10281,-0.615175,66.0162,0.0464918,0.283876,0,0.00544989
0.585,0.315,9.35807,6.05565,-0.496451,64.6938,0.0464918,0.283876,0,0.00544989
0.585,0.325,9.31465,6.00773,-0.379033,63.4161,0.0464918,0.283876,0,0.00544989
0.585,0.335,9.27436,5.95893,-0.263223,62.1899,0.0464918,0.283876,0,0.00544989
0.585,0.345,9.23835,5.90906,-0.149404,61.0243,0.0464918,0.283876,0,0.00544989
0.585,0.355,9.20924,5.85736,-0.0379723,59.933,0.0464918,0.283876,0,0.00544989
0.585,0.365,9.19588,5.79934,0.0708806,58.9326,0.0464918,0.283876,0,0.00544989
0.585,0.375,9.19138,5.73879,0.176342,58.0214,0.0464918,0.283876,0,0.00544989
0.585,0.385,9.19864,5.67594,0.276995,57.2366,0.0464918,0.283876,0,0.00544989
0.585,0.395,9.22176,5.61025,0.371608,56.6091,0.0464918,0.283876,0,0.00544989
0.585,0.405,9.26537,5.54109,0.458856,56.1722,0.0464918,0.283876,0,0.00544989
0.585,0.415,9.33465,5.46772,0.537321,55.963,0.0464918,0.283876,0,0.00544989
0.585,0.425,9.43509,5.38935,0.605612,56.0198,0.0464918,0.283876,0,0.00544989
0.585,0.435,9.57182,5.30509,0.662568,56.3782,0.0464918,0.283876,0,0.00544989
0.585,0.445,9.74877,5.21409,0.707515,57.0644,0.0464918,0.283876,0,0.00544989
0.585,0.455,9.96768,5.11562,0.740488,58.0884,0.0464918,0.283876,0,0.00544989
0.585,0.465,10.2274,5.00908,0.762337,59.44,0.0464918,0.283876,0,0.00544989
0.585,0.475,10.5239,4.8941,0.774595,61.0886,0.0464918,0.283876,0,0.00544989
0.585,0.485,10.8509,4.77036,0.779147,62.9896,0.0464918,0.283876,0,0.00544989
0.585,0.495,11.2003,4.63765,0.777901,65.0908,0.0464918,0.283876,0,0.00544989
0.585,0.505,11.563,4.49572,0.77258,67.337,0.0464918,0.283876,0,0.00544989
0.585,0.515,11.9278,4.34433,0.764679,69.6717,0.0464918,0.283876,0,0.00544989
0.585,0.525,12.2795,4.18337,0.755482,72.0354,0.0464918,0.283876,0,0.00544989
0.585,0.535,12.5896,4.01306,0.746103,74.3655,0.0464918,0.283876,0,0.00544989
0.585,0.545,12.7919,3.83331,0.73772,76.603,0.0464918,0.283876,0,0.00544989
0.585,0.555,12.741,3.63905,0.732791,78.7156,0.0464918,0.283876,0,0.00544989
0.585,0.565,12.2042,3.40813,0.738329,80.7253,0.0464918,0.283876,0,0.00544989
0.585,0.575,10.9969,3.08423,0.771249,82.6946,0.0464918,0.283876,0,0.00544989
0.585,0.585,9.25822,2.59302,0.85776,84.4231,0.0464918,0.283876,0,0.00544989
0.585,0.595,7.52033,1.87202,1.01719,85.5186,0.0464918,0.283876,0,0.00544989
0.585,0.605,6.25054,0.915089,1.23913,85.7209,0.0464918,0.283876,0,0.00544989
0.585,0.615,5.51524,-0.202984,1.47647,85.1662,0.0464918,0.283876,0,0.00544989
0.585,0.625,5.13954,-1.38553,1.67279,84.248,0.0464918,0.283876,0,0.00544989
0.585,0.635,4.94435,-2.60327,1.80647,83.2157,0.0464918,0.283876,0,0.00544989
0.585,0.645,4.85631,-3.9058,1.88213,82.1281,0.0464918,0.283876,0,0.00544989
0.585,0.655,4.8838,-5.36766,1.91363,80.9285,0.0464918,0.283876,0,0.00544989
0.585,0.665,5.10312,-7.01654,1.9155,79.5238,0.0464918,0.283876,0,0.00544989
0.585,0.675,5.65296,-8.76267,1.90566,77.96,0.0464918,0.283876,0,0.00544989
0.585,0.685,6.74008,-10.4092,1.91739,76.7825,0.0464918,0.283876,0,0.00544989
0.585,0.695,8.69133,-11.7739,1.99812,77.3064,0.0464918,0.283876,0,0.00544989
0.585,0.705,12.0827,-12.7934,2.17582,81.2441,0.0464918,0.283876,0,0.00544989
0.585,0.715,17.9078,-13.5097,2.42359,89.6812,0.0464918,0.283876,0,0.00544989
0.585,0.725,27.6856,-13.9998,2.66862,102.201,0.0464918,0.283876,0,0.00544989
0.585,0.735,43.1563,-14.3323,2.84363,115.815,0.0464918,0.283876,0,0.00544989
0.585,0.745,65.184,-14.5581,2.91886,124.585,0.0464918,0.283876,0,0.00544989
0.585,0.755,92.4842,-14.7116,2.89621,122.89,0.0464918,0.283876,0,0.00544989
0.585,0.765,121.481,-14.8152,2.8052,109.972,0.0464918,0.283876,0,0.00544989
0.585,0.775,148.708,-14.8833,2.69085,91.8193,0.0464918,0.283876,0,0.00544989
0.585,0.785,173.768,-14.926,2.59675,76.6903,0.0464918,0.283876,0,0.00544989
0.585,0.795,199.283,-14.9513,2.54637,69.018,0.0464918,0.283876,0,0.00544989
0.585,0.805,228.167,-14.9659,2.53736,68.4026,0.0464918,0.283876,0,0.00544989
0.585,0.815,261.707,-14.9745,2.55448,72.5374,0.0464918,0.283876,0,0.00544989
0.585,0.825,299.697,-14.9802,2.58389,79.4428,0.0464918,0.283876,0,0.00544989
0.585,0.835,341.294,-14.9842,2.61759,87.9322,0.0464918,0.283876,0,0.00544989
0.585,0.845,385.57,-14.9872,2.65188,97.3716,0.0464918,0.283876,0,0.00544989
0.585,0.855,431.669,-14.9896,2.68524,107.411,0.0464918,0.283876,0,0.00544989
0.585,0.865,478.807,-14.9916,2.71706,117.829,0.0464918,0.283876,0,0.00544989
0.585,0.875,526.245,-14.9932,2.74711,128.455,0.0464918,0.283876,0,0.00544989
0.585,0.885,573.28,-14.9945,2.77529,139.139,0.0464918,0.283876,0,0.00544989
0.585,0.895,619.251,-14.9956,2.80158,149.741,0.0464918,0.283876,0,0.00544989
0.585,0.905,663.553,-14.9965,2.82595,160.131,0.0464918,0.283876,0,0.00544989
0.585,0.915,705.658,-14.9972,2.84841,170.189,0.0464918,0.283876,0,0.00544989
0.585,0.925,745.128,-14.9978,2.86898,179.804,0.0464918,0.283876,0,0.00544989
0.585,0.935,781.625,-14.9983,2.88768,188.883,0.0464918,0.283876,0,0.00544989
0.585,0.945,814.915,-14.9987,2.90455,197.349,0.0464918,0.283876,0,0.00544989
0.585,0.955,844.868,-14.999,2.91964,205.141,0.0464918,0.283876,0,0.00544989
0.585,0.965,871.454,-14.9993,2.93302,212.219,0.0464918,0.283876,0,0.00544989
0.585,0.975,894.728,-14.9995,2.94476,218.561,0.0464918,0.283876,0,0.00544989
0.585,0.985,914.821,-14.9996,2.95495,224.164,0.0464918,0.283876,0,0.00544989
0.585,0.995,931.927,-14.9997,2.96369,229.043,0.0464918,0.283876,0,0.00544989
0.595,0.005,10.7682,7.39461,-4.32406,113.723,0.0547784,0.351423,0,0.00685667
0.595,0.015,10.7116,7.36266,-4.19907,111.897,0.0547784,0.351423,0,0.00685667
0.595,0.025,10.6558,7.32983,-4.07407,110.076,0.0547784,0.351423,0,0.00685667
0.595,0.035,10.6006,7.29611,-3.94906,108.26,0.0547784,0.351423,0,0.00685667
0.595,0.045,10.5463,7.26151,-3.82398,106.455,0.0547784,0.351423,0,0.00685667
0.595,0.055,10.4948,7.22605,-3.69808,104.689,0.0547784,0.351423,0,0.00685667
0.595,0.065,10.4444,7.18997,-3.572,102.939,0.0547784,0.351423,0,0.00685667
0.595,0.075,10.3944,7.15334,-3.44597,101.198,0.0547784,0.351423,0,0.00685667
0.595,0.085,10.3448,7.11617,-3.32001,99.4656,0.0547784,0.351423,0,0.00685667
0.595,0.095,10.2956,7.0785,-3.19412,97.743,0.0547784,0.351423,0,0.00685667
0.595,0.105,10.2466,7.04035,-3.06832,96.0307,0.0547784,0.351423,0,0.00685667
0.595,0.115,10.1979,7.00173,-2.94261,94.3294,0.0547784,0.351423,0,0.00685667
0.595,0.125,10.1493,6.96266,-2.817,92.6395,0.0547784,0.351423,0,0.00685667
0.595,0.135,10.1008,6.92316,-2.6915,90.9617,0.0547784,0.351423,0,0.00685667
0.595,0.145,10.0523,6.88324,-2.56611,89.2964,0.0547784,0.351423,0,0.00685667
0.595,0.155,10.0038,6.84292,-2.44085,87.6443,0.0547784,0.351423,0,0.00685667
0.595,0.165,9.95521,6.8022,-2.31572,86.0059,0.0547784,0.351423,0,0.00685667
0.595,0.175,9.90651,6.7611,-2.19074,84.3819,0.0547784,0.351423,0,0.00685667
0.595,0.185,9.85764,6.71963,-2.06593,82.7729,0.0547784,0.351423,0,0.00685667
0.595,0.195,9.80858,6.67779,-1.9413,81.1796,0.0547784,0.351423,0,0.00685667
0.595,0.205,9.7593,6.63558,-1.81687,79.6027,0.0547784,0.351423,0,0.00685667
0.595,0.215,9.70981,6.59302,-1.69267,78.0431,0.0547784,0.351423,0,0.00685667
0.595,0.225,9.66009,6.55009,-1.56872,76.5017,0.0547784,0.351423,0,0.00685667
0.595,0.235,9.6102,6.50679,-1.44508,74.9796,0.0547784,0.351423,0,0.00685667
0.595,0.245,9.56018,6.4631,-1.32177,73.478,0.0547784,0.351423,0,0.00685667
0.595,0.255,9.51011,6.41901,-1.19886,71.9985,0.0547784,0.351423,0,0.00685667
0.595,0.265,9.46013,6.3745,-1.07641,70.5426,0.0547784,0.351423,0,0.00685667
0.595,0.275,9.41039,6.32953,-0.954512,69.1125,0.0547784,0.351423,0,0.00685667
0.595,0.285,9.36114,6.28406,-0.83326,67.7106,0.0547784,0.351423,0,0.00685667
0.595,0.295,9.31269,6.23803,-0.712786,66.3399,0.0547784,0.351423,0,0.00685667
0.595,0.305,9.26543,6.19138,-0.593254,65.0043,0.0547784,0.351423,0,0.00685667
0.595,0.315,9.21992,6.14402,-0.474867,63.7083,0.0547784,0.351423,0,0.00685667
0.595,0.325,9.17685,6.09583,-0.357882,62.4577,0.0547784,0.351423,0,0.00685667
0.595,0.335,9.13714,6.04668,-0.242627,61.2601,0.0547784,0.351423,0,0.00685667
0.595,0.345,9.10204,5.99637,-0.129512,60.1248,0.0547784,0.351423,0,0.00685667
0.595,0.355,9.07521,5.94358,-0.0189054,59.0682,0.0547784,0.351423,0,0.00685667
0.595,0.365,9.06371,5.88443,0.0888965,58.1007,0.0547784,0.351423,0,0.00685667
0.595,0.375,9.06103,5.82311,0.192933,57.2301,0.0547784,0.351423,0,0.00685667
0.595,0.385,9.07109,5.75929,0.291769,56.4929,0.0547784,0.351423,0,0.00685667
0.595,0.395,9.09808,5.69241,0.384131,55.9205,0.0547784,0.351423,0,0.00685667
0.595,0.405,9.14682,5.62179,0.468636,55.5478,0.0547784,0.351423,0,0.00685667
0.595,0.415,9.22266,5.54667,0.543825,55.4129,0.0547784,0.351423,0,0.00685667
0.595,0.425,9.33114,5.46618,0.608303,55.5551,0.0547784,0.351423,0,0.00685667
0.595,0.435,9.4773,5.37942,0.660967,56.0091,0.0547784,0.351423,0,0.00685667
0.595,0.445,9.66475,5.28551,0.701268,56.7993,0.0547784,0.351423,0,0.00685667
0.595,0.455,9.89473,5.1837,0.729419,57.9325,0.0547784,0.351423,0,0.00685667
0.595,0.465,10.1656,5.07341,0.746472,59.3948,0.0547784,0.351423,0,0.00685667
0.595,0.475,10.4729,4.95424,0.754113,61.1528,0.0547784,0.351423,0,0.00685667
0.595,0.485,10.8099,4.82591,0.754331,63.1598,0.0547784,0.351423,0,0.00685667
0.595,0.495,11.1682,4.68816,0.749108,65.3618,0.0547784,0.351423,0,0.00685667
0.595,0.505,11.5381,4.54081,0.740257,67.7006,0.0547784,0.351423,0,0.00685667
0.595,0.515,11.9076,4.38366,0.729377,70.1153,0.0547784,0.351423,0,0.00685667
0.595,0.525,12.2593,4.21671,0.717871,72.5407,0.0547784,0.351423,0,0.00685667
0.595,0.535,12.5593,4.04022,0.706983,74.9098,0.0547784,0.351423,0,0.00685667
0.595,0.545,12.7269,3.85337,0.698206,77.165,0.0547784,0.351423,0,0.00685667
0.595,0.555,12.5909,3.64774,0.695031,79.2873,0.0547784,0.351423,0,0.00685667
0.595,0.565,11.9034,3.39289,0.707037,81.3187,0.0547784,0.351423,0,0.00685667
0.595,0.575,10.5341,3.02309,0.754903,83.2973,0.0547784,0.351423,0,0.00685667
0.595,0.585,8.74926,2.47004,0.86521,84.8815,0.0547784,0.351423,0,0.00685667
0.595,0.595,7.13045,1.68955,1.04919,85.69,0.0547784,0.351423,0,0.00685667
0.595,0.605,6.03566,0.70457,1.28346,85.59,0.0547784,0.351423,0,0.00685667
0.595,0.615,5.42887,-0.394528,1.51468,84.8437,0.0547784,0.351423,0,0.00685667
0.595,0.625,5.11236,-1.5261,1.69484,83.8378,0.0547784,0.351423,0,0.00685667
0.595,0.635,4.9361,-2.68676,1.81244,82.752,0.0547784,0.351423,0,0.00685667
0.595,0.645,4.84818,-3.94058,1.87564,81.6063,0.0547784,0.351423,0,0.00685667
0.595,0.655,4.86775,-5.36581,1.89761,80.3483,0.0547784,0.351423,0,0.00685667
0.595,0.665,5.07471,-6.98901,1.89196,78.9204,0.0547784,0.351423,0,0.00685667
0.595,0.675,5.60821,-8.71932,1.87815,77.4376,0.0547784,0.351423,0,0.00685667
0.595,0.685,6.67596,-10.3606,1.8926,76.5164,0.0547784,0.351423,0,0.00685667
0.595,0.695,8.60909,-11.7301,1.98296,77.4744,0.0547784,0.351423,0,0.00685667
0.595,0.705,11.9897,-12.761,2.17278,81.9308,0.0547784,0.351423,0,0.00685667
0.595,0.715,17.8188,-13.49,2.43036,90.8752,0.0547784,0.351423,0,0.00685667
0.595,0.725,27.629,-13.9904,2.68115,103.848,0.0547784,0.351423,0,0.00685667
0.595,0.735,43.1826,-14.3298,2.85808,117.804,0.0547784,0.351423,0,0.00685667
0.595,0.745,65.347,-14.5593,2.93219,126.642,0.0547784,0.351423,0,0.00685667
0.595,0.755,92.7815,-14.7143,2.90625,124.586,0.0547784,0.351423,0,0.00685667
0.595,0.765,121.804,-14.818,2.81088,110.952,0.0547784,0.351423,0,0.00685667
0.595,0.775,148.897,-14.8856,2.69253,92.0737,0.0547784,0.351423,0,0.00685667
0.595,0.785,173.749,-14.9275,2.59601,76.5249,0.0547784,0.351423,0,0.00685667
0.595,0.795,199.118,-14.9521,2.54496,68.7552,0.0547784,0.351423,0,0.00685667
0.595,0.805,227.969,-14.9663,2.53626,68.1979,0.0547784,0.351423,0,0.00685667
0.595,0.815,261.549,-14.9747,2.55385,72.4142,0.0547784,0.351423,0,0.00685667
0.595,0.825,299.595,-14.9802,2.58359,79.3783,0.0547784,0.351423,0,0.00685667
0.595,0.835,341.237,-14.9842,2.61746,87.9014,0.0547784,0.351423,0,0.00685667
0.595,0.845,385.542,-14.9872,2.65183,97.3578,0.0547784,0.351423,0,0.00685667
0.595,0.855,431.656,-14.9896,2.68522,107.406,0.0547784,0.351423,0,0.00685667
0.595,0.865,478.801,-14.9916,2.71705,117.827,0.0547784,0.351423,0,0.00685667
0.595,0.875,526.243,-14.9932,2.7471,128.454,0.0547784,0.351423,0,0.00685667
0.595,0.885,573.279,-14.9945,2.77529,139.138,0.0547784,0.351423,0,0.00685667
0.595,0.895,619.251,-14.9956,2.80158,149.741,0.0547784,0.351423,0,0.00685667
0.595,0.905,663.553,-14.9965,2.82595,160.131,0.0547784,0.351423,0,0.00685667
0.595,0.915,705.658,-14.9972,2.84841,170.189,0.0547784,0.351423,0,0.00685667
0.595,0.925,745.128,-14.9978,2.86898,179.804,0.0547784,0.351423,0,0.00685667
0.595,0.935,781.625,-14.9983,2.88768,188.883,0.0547784,0.351423,0,0.00685667
0.595,0.945,814.915,-14.9987,2.90455,197.349,0.0547784,0.351423,0,0.00685667
0.595,0.955,844.868,-14.999,2.91964,205.141,0.0547784,0.351423,0,0.00685667
0.595,0.965,871.454,-14.9993,2.93302,212.219,0.0547784,0.351423,0,0.00685667
0.595,0.975,894.728,-14.9995,2.94476,218.561,0.0547784,0.351423,0,0.00685667
0.595,0.985,914.821,-14.9996,2.95495,224.164,0.0547784,0.351423,0,0.00685667
0.595,0.995,931.927,-14.9997,2.96369,229.043,0.0547784,0.351423,0,0.00685667
0.605,0.005,10.6416,7.47806,-4.30243,111.861,0.0642066,0.41897,0,0.0085639
0.605,0.015,10.5849,7.44633,-4.17741,110.068,0.0642066,0.41897,0,0.0085639
0.605,0.025,10.5289,7.41372,-4.05236,108.28,0.0642066,0.41897,0,0.0085639
0.605,0.035,10.4736,7.38024,-3.92732,106.497,0.0642066,0.41897,0,0.0085639
0.605,0.045,10.4192,7.34586,-3.80212,104.727,0.0642066,0.41897,0,0.0085639
0.605,0.055,10.3677,7.31066,-3.67609,102.997,0.0642066,0.41897,0,0.0085639
0.605,0.065,10.317,7.27486,-3.54996,101.279,0.0642066,0.41897,0,0.0085639
0.605,0.075,10.2667,7.2385,-3.42388,99.5691,0.0642066,0.41897,0,0.0085639
0.605,0.085,10.2168,7.20162,-3.29787,97.868,0.0642066,0.41897,0,0.0085639
0.605,0.095,10.1672,7.16422,-3.17194,96.1763,0.0642066,0.41897,0,0.0085639
0.605,0.105,10.1178,7.12634,-3.04608,94.4945,0.0642066,0.41897,0,0.0085639
0.605,0.115,10.0687,7.08798,-2.92032,92.8233,0.0642066,0.41897,0,0.0085639
0.605,0.125,10.0196,7.04917,-2.79466,91.1631,0.0642066,0.41897,0,0.0085639
0.605,0.135,9.97068,7.00991,-2.66911,89.5146,0.0642066,0.41897,0,0.0085639
0.605,0.145,9.92174,6.97023,-2.54367,87.8783,0.0642066,0.41897,0,0.0085639
0.605,0.155,9.87276,6.93013,-2.41836,86.2547,0.0642066,0.41897,0,0.0085639
0.605,0.165,9.82371,6.88963,-2.29319,84.6445,0.0642066,0.41897,0,0.0085639
0.605,0.175,9.77452,6.84872,-2.16817,83.0483,0.0642066,0.41897,0,0.0085639
0.605,0.185,9.72517,6.80743,-2.04332,81.4666,0.0642066,0.41897,0,0.0085639
0.605,0.195,9.67564,6.76576,-1.91866,79.9003,0.0642066,0.41897,0,0.0085639
0.605,0.205,9.62589,6.7237,-1.79421,78.35,0.0642066,0.41897,0,0.0085639
0.605,0.215,9.57594,6.68126,-1.67,76.8167,0.0642066,0.41897,0,0.0085639
0.605,0.225,9.5258,6.63844,-1.54606,75.3012,0.0642066,0.41897,0,0.0085639
0.605,0.235,9.47549,6.59522,-1.42244,73.8047,0.0642066,0.41897,0,0.0085639
0.605,0.245,9.42509,6.55158,-1.29917,72.3285,0.0642066,0.41897,0,0.0085639
0.605,0.255,9.37468,6.50752,-1.17632,70.874,0.0642066,0.41897,0,0.0085639
0.605,0.265,9.32439,6.463,-1.05397,69.443,0.0642066,0.41897,0,0.0085639
0.605,0.275,9.27442,6.41799,-0.932193,68.0377,0.0642066,0.41897,0,0.0085639
0.605,0.285,9.225,6.37243,-0.811113,66.6606,0.0642066,0.41897,0,0.0085639
0.605,0.295,9.17646,6.32628,-0.690867,65.315,0.0642066,0.41897,0,0.0085639
0.605,0.305,9.12925,6.27944,-0.57163,64.0047,0.0642066,0.41897,0,0.0085639
0.605,0.315,9.08392,6.23184,-0.453622,62.7346,0.0642066,0.41897,0,0.0085639
0.605,0.325,9.04123,6.18335,-0.337122,61.5111,0.0642066,0.41897,0,0.0085639
0.605,0.335,9.00216,6.13381,-0.222482,60.3419,0.0642066,0.41897,0,0.0085639
0.605,0.345,8.96803,6.08302,-0.110144,59.2371,0.0642066,0.41897,0,0.0085639
0.605,0.355,8.9438,6.02892,-0.000447769,58.2156,0.0642066,0.41897,0,0.0085639
0.605,0.365,8.93393,5.96878,0.106181,57.2821,0.0642066,0.41897,0,0.0085639
0.605,0.375,8.93336,5.9066,0.208635,56.4538,0.0642066,0.41897,0,0.0085639
0.605,0.385,8.94652,5.84172,0.305478,55.7662,0.0642066,0.41897,0,0.0085639
0.605,0.395,8.9778,5.77353,0.395381,55.2519,0.0642066,0.41897,0,0.0085639
0.605,0.405,9.03219,5.70132,0.476899,54.947,0.0642066,0.41897,0,0.0085639
0.605,0.415,9.11522,5.62427,0.548532,54.8913,0.0642066,0.41897,0,0.0085639
0.605,0.425,9.23248,5.54147,0.608889,55.1245,0.0642066,0.41897,0,0.0085639
0.605,0.435,9.38889,5.45196,0.656938,55.681,0.0642066,0.41897,0,0.0085639
0.605,0.445,9.58775,5.35485,0.692266,56.583,0.0642066,0.41897,0,0.0085639
0.605,0.455,9.82985,5.24938,0.715286,57.8343,0.0642066,0.41897,0,0.0085639
0.605,0.465,10.113,5.13495,0.727251,59.4173,0.0642066,0.41897,0,0.0085639
0.605,0.475,10.4322,5.01116,0.730014,61.2959,0.0642066,0.41897,0,0.0085639
0.605,0.485,10.7805,4.87774,0.72569,63.4207,0.0642066,0.41897,0,0.0085639
0.605,0.495,11.1488,4.73447,0.716378,65.7342,0.0642066,0.41897,0,0.0085639
0.605,0.505,11.5266,4.5812,0.704011,68.1737,0.0642066,0.41897,0,0.0085639
0.605,0.515,11.9006,4.41785,0.690327,70.672,0.0642066,0.41897,0,0.0085639
0.605,0.525,12.2509,4.24454,0.676849,73.1578,0.0642066,0.41897,0,0.0085639
0.605,0.535,12.5365,4.06145,0.664966,75.5605,0.0642066,0.41897,0,0.0085639
0.605,0.545,12.6583,3.86642,0.65662,77.8285,0.0642066,0.41897,0,0.0085639
0.605,0.555,12.4157,3.64618,0.65678,79.9614,0.0642066,0.41897,0,0.0085639
0.605,0.565,11.5569,3.36019,0.678336,82.018,0.0642066,0.41897,0,0.0085639
0.605,0.575,10.0368,2.93743,0.745319,83.9625,0.0642066,0.41897,0,0.0085639
0.605,0.585,8.25557,2.32117,0.88187,85.3316,0.0642066,0.41897,0,0.0085639
0.605,0.595,6.79036,1.48944,1.08846,85.8168,0.0642066,0.41897,0,0.0085639
0.605,0.605,5.86607,0.492163,1.32951,85.4354,0.0642066,0.41897,0,0.0085639
0.605,0.615,5.36719,-0.574856,1.55014,84.5371,0.0642066,0.41897,0,0.0085639
0.605,0.625,5.09495,-1.65111,1.71351,83.4581,0.0642066,0.41897,0,0.0085639
0.605,0.635,4.93028,-2.75579,1.81628,82.3141,0.0642066,0.41897,0,0.0085639
0.605,0.645,4.83994,-3.9631,1.86827,81.1037,0.0642066,0.41897,0,0.0085639
0.605,0.655,4.85107,-5.35302,1.88137,79.7882,0.0642066,0.41897,0,0.0085639
0.605,0.665,5.04565,-6.95077,1.86864,78.3514,0.0642066,0.41897,0,0.0085639
0.605,0.675,5.56266,-8.66551,1.85153,76.9773,0.0642066,0.41897,0,0.0085639
0.605,0.685,6.61057,-10.3029,1.86946,76.3413,0.0642066,0.41897,0,0.0085639
0.605,0.695,8.52423,-11.6799,1.96959,77.7417,0.0642066,0.41897,0,0.0085639
0.605,0.705,11.8905,-12.7248,2.17089,82.6965,0.0642066,0.41897,0,0.0085639
0.605,0.715,17.7161,-13.4683,2.43745,92.113,0.0642066,0.41897,0,0.0085639
0.605,0.725,27.547,-13.98,2.6935,105.509,0.0642066,0.41897,0,0.0085639
0.605,0.735,43.169,-14.3267,2.87225,119.795,0.0642066,0.41897,0,0.0085639
0.605,0.745,65.4587,-14.5602,2.9454,128.717,0.0642066,0.41897,0,0.0085639
0.605,0.755,93.0286,-14.7168,2.91643,126.337,0.0642066,0.41897,0,0.0085639
0.605,0.765,122.095,-14.8207,2.81694,112.02,0.0642066,0.41897,0,0.0085639
0.605,0.775,149.084,-14.8877,2.6947,92.4278,0.0642066,0.41897,0,0.0085639
0.605,0.785,173.754,-14.9289,2.59572,76.4454,0.0642066,0.41897,0,0.0085639
0.605,0.795,198.989,-14.9529,2.54388,68.5532,0.0642066,0.41897,0,0.0085639
0.605,0.805,227.805,-14.9666,2.53535,68.0303,0.0642066,0.41897,0,0.0085639
0.605,0.815,261.416,-14.9749,2.55332,72.3114,0.0642066,0.41897,0,0.0085639
0.605,0.825,299.509,-14.9803,2.58333,79.3242,0.0642066,0.41897,0,0.0085639
0.605,0.835,341.19,-14.9842,2.61735,87.8756,0.0642066,0.41897,0,0.0085639
0.605,0.845,385.518,-14.9872,2.65178,97.3463,0.0642066,0.41897,0,0.0085639
0.605,0.855,431.645,-14.9896,2.6852,107.401,0.0642066,0.41897,0,0.0085639
0.605,0.865,478.796,-14.9916,2.71704,117.825,0.0642066,0.41897,0,0.0085639
0.605,0.875,526.241,-14.9932,2.7471,128.453,0.0642066,0.41897,0,0.0085639
0.605,0.885,573.279,-14.9945,2.77529,139.138,0.0642066,0.41897,0,0.0085639
0.605,0.895,619.25,-14.9956,2.80158,149.741,0.0642066,0.41897,0,0.0085639
0.605,0.905,663.553,-14.9965,2.82595,160.131,0.0642066,0.41897,0,0.0085639
0.605,0.915,705.658,-14.9972,2.84841,170.189,0.0642066,0.41897,0,0.0085639
0.605,0.925,745.128,-14.9978,2.86898,179.804,0.0642066,0.41897,0,0.0085639
0.605,0.935,781.625,-14.9983,2.88768,188.883,0.0642066,0.41897,0,0.0085639
0.605,0.945,814.915,-14.9987,2.90455,197.349,0.0642066,0.41897,0,0.0085639
0.605,0.955,844.868,-14.999,2.91964,205.141,0.0642066,0.41897,0,0.0085639
0.605,0.965,871.454,-14.9993,2.93302,212.219,0.0642066,0.41897,0,0.0085639
0.605,0.975,894.728,-14.9995,2.94476,218.561,0.0642066,0.41897,0,0.0085639
0.605,0.985,914.821,-14.9996,2.95495,224.164,0.0642066,0.41897,0,0.0085639
0.605,0.995,931.927,-14.9997,2.96369,229.043,0.0642066,0.41897,0,0.0085639
0.615,0.005,10.5167,7.56142,-4.28085,110.033,0.0748905,0.486518,0,0.0106232
0.615,0.015,10.4599,7.52991,-4.15579,108.273,0.0748905,0.486518,0,0.0106232
0.615,0.025,10.4038,7.49751,-4.03071,106.517,0.0748905,0.486518,0,0.0106232
0.615,0.035,10.3483,7.46425,-3.90562,104.766,0.0748905,0.486518,0,0.0106232
0.615,0.045,10.294,7.43009,-3.7803,103.031,0.0748905,0.486518,0,0.0106232
0.615,0.055,10.2424,7.39514,-3.65415,101.334,0.0748905,0.486518,0,0.0106232
0.615,0.065,10.1915,7.3596,-3.52797,99.6475,0.0748905,0.486518,0,0.0106232
0.615,0.075,10.1409,7.32351,-3.40185,97.9684,0.0748905,0.486518,0,0.0106232
0.615,0.085,10.0906,7.28689,-3.27579,96.2977,0.0748905,0.486518,0,0.0106232
0.615,0.095,10.0407,7.24976,-3.1498,94.6359,0.0748905,0.486518,0,0.0106232
0.615,0.105,9.99092,7.21214,-3.0239,92.9838,0.0748905,0.486518,0,0.0106232
0.615,0.115,9.94134,7.17403,-2.8981,91.3419,0.0748905,0.486518,0,0.0106232
0.615,0.125,9.89188,7.13546,-2.77239,89.7106,0.0748905,0.486518,0,0.0106232
0.615,0.135,9.84248,7.09644,-2.64679,88.0906,0.0748905,0.486518,0,0.0106232
0.615,0.145,9.79308,7.05698,-2.52131,86.4825,0.0748905,0.486518,0,0.0106232
0.615,0.155,9.74364,7.01709,-2.39595,84.8867,0.0748905,0.486518,0,0.0106232
0.615,0.165,9.69412,6.97679,-2.27074,83.3038,0.0748905,0.486518,0,0.0106232
0.615,0.175,9.64446,6.93607,-2.14569,81.7346,0.0748905,0.486518,0,0.0106232
0.615,0.185,9.59464,6.89495,-2.02081,80.1795,0.0748905,0.486518,0,0.0106232
0.615,0.195,9.54464,6.85342,-1.89613,78.6394,0.0748905,0.486518,0,0.0106232
0.615,0.205,9.49444,6.8115,-1.77167,77.115,0.0748905,0.486518,0,0.0106232
0.615,0.215,9.44404,6.76917,-1.64746,75.6072,0.0748905,0.486518,0,0.0106232
0.615,0.225,9.39346,6.72643,-1.52354,74.1169,0.0748905,0.486518,0,0.0106232
0.615,0.235,9.34275,6.68327,-1.39994,72.6453,0.0748905,0.486518,0,0.0106232
0.615,0.245,9.29197,6.63968,-1.27673,71.1937,0.0748905,0.486518,0,0.0106232
0.615,0.255,9.24121,6.59562,-1.15396,69.7636,0.0748905,0.486518,0,0.0106232
0.615,0.265,9.19063,6.55107,-1.03172,68.3569,0.0748905,0.486518,0,0.0106232
0.615,0.275,9.14042,6.50599,-0.910096,66.9758,0.0748905,0.486518,0,0.0106232
0.615,0.285,9.09084,6.46032,-0.789216,65.623,0.0748905,0.486518,0,0.0106232
0.615,0.295,9.04223,6.41401,-0.66923,64.3019,0.0748905,0.486518,0,0.0106232
0.615,0.305,8.99507,6.36697,-0.550327,63.0165,0.0748905,0.486518,0,0.0106232
0.615,0.315,8.94996,6.31909,-0.432745,61.7722,0.0748905,0.486518,0,0.0106232
0.615,0.325,8.9077,6.27026,-0.316784,60.5755,0.0748905,0.486518,0,0.0106232
0.615,0.335,8.86932,6.2203,-0.202826,59.4347,0.0748905,0.486518,0,0.0106232
0.615,0.345,8.83624,6.16897,-0.091348,58.3607,0.0748905,0.486518,0,0.0106232
0.615,0.355,8.8149,6.11334,0.0173366,57.375,0.0748905,0.486518,0,0.0106232
0.615,0.365,8.80654,6.05233,0.122659,56.4769,0.0748905,0.486518,0,0.0106232
0.615,0.375,8.80837,5.9892,0.22336,55.6929,0.0748905,0.486518,0,0.0106232
0.615,0.385,8.82501,5.92316,0.318015,55.0574,0.0748905,0.486518,0,0.0106232
0.615,0.395,8.86103,5.85354,0.405228,54.6044,0.0748905,0.486518,0,0.0106232
0.615,0.405,8.92167,5.77959,0.483485,54.3719,0.0748905,0.486518,0,0.0106232
0.615,0.415,9.01262,5.70042,0.551247,54.4011,0.0748905,0.486518,0,0.0106232
0.615,0.425,9.13954,5.61507,0.607136,54.7324,0.0748905,0.486518,0,0.0106232
0.615,0.435,9.30723,5.52253,0.6502,55.3997,0.0748905,0.486518,0,0.0106232
0.615,0.445,9.51865,5.42188,0.680183,56.4234,0.0748905,0.486518,0,0.0106232
0.615,0.455,9.7741,5.31234,0.697715,57.8039,0.0748905,0.486518,0,0.0106232
0.615,0.465,10.0709,5.19331,0.704269,59.5202,0.0748905,0.486518,0,0.0106232
0.615,0.475,10.4035,5.0644,0.701887,61.5325,0.0748905,0.486518,0,0.0106232
0.615,0.485,10.7642,4.92535,0.692848,63.7876,0.0748905,0.486518,0,0.0106232
0.615,0.495,11.1435,4.77602,0.679409,66.2228,0.0748905,0.486518,0,0.0106232
0.615,0.505,11.5294,4.61636,0.663666,68.7687,0.0748905,0.486518,0,0.0106232
0.615,0.515,11.9072,4.44641,0.647499,71.3505,0.0748905,0.486518,0,0.0106232
0.615,0.525,12.2538,4.2664,0.632548,73.8905,0.0748905,0.486518,0,0.0106232
0.615,0.535,12.5188,4.07619,0.620376,76.3174,0.0748905,0.486518,0,0.0106232
0.615,0.545,12.5797,3.87139,0.613593,78.5918,0.0748905,0.486518,0,0.0106232
0.615,0.555,12.205,3.6321,0.61918,80.7378,0.0748905,0.486518,0,0.0106232
0.615,0.565,11.159,3.30607,0.654098,82.8231,0.0748905,0.486518,0,0.0106232
0.615,0.575,9.51461,2.82544,0.744445,84.6563,0.0748905,0.486518,0,0.0106232
0.615,0.585,7.79299,2.14794,0.908192,85.7425,0.0748905,0.486518,0,0.0106232
0.615,0.595,6.50461,1.2766,1.13357,85.8895,0.0748905,0.486518,0,0.0106232
0.615,0.605,5.73766,0.283105,1.37545,85.2618,0.0748905,0.486518,0,0.0106232
0.615,0.615,5.32508,-0.741491,1.58209,84.2475,0.0748905,0.486518,0,0.0106232
0.615,0.625,5.0839,-1.76054,1.72893,83.1016,0.0748905,0.486518,0,0.0106232
0.615,0.635,4.92526,-2.81113,1.81831,81.8931,0.0748905,0.486518,0,0.0106232
0.615,0.645,4.8311,-3.974,1.8602,80.6143,0.0748905,0.486518,0,0.0106232
0.615,0.655,4.83387,-5.32952,1.86501,79.2474,0.0748905,0.486518,0,0.0106232
0.615,0.665,5.01635,-6.90173,1.84568,77.8226,0.0748905,0.486518,0,0.0106232
0.615,0.675,5.51693,-8.601,1.82608,76.5895,0.0748905,0.486518,0,0.0106232
0.615,0.685,6.54463,-10.236,1.84823,76.2669,0.0748905,0.486518,0,0.0106232
0.615,0.695,8.43734,-11.6232,1.95811,78.1132,0.0748905,0.486518,0,0.0106232
0.615,0.705,11.7854,-12.6847,2.17012,83.5411,0.0748905,0.486518,0,0.0106232
0.615,0.715,17.6003,-13.4446,2.44481,93.3927,0.0748905,0.486518,0,0.0106232
0.615,0.725,27.4405,-13.9687,2.70563,107.181,0.0748905,0.486518,0,0.0106232
0.615,0.735,43.1163,-14.3231,2.88611,121.787,0.0748905,0.486518,0,0.0106232
0.615,0.745,65.52,-14.5607,2.95847,130.812,0.0748905,0.486518,0,0.0106232
0.615,0.755,93.2264,-14.719,2.92673,128.145,0.0748905,0.486518,0,0.0106232
0.615,0.765,122.357,-14.8231,2.82337,113.182,0.0748905,0.486518,0,0.0106232
0.615,0.775,149.272,-14.8897,2.69736,92.8859,0.0748905,0.486518,0,0.0106232
0.615,0.785,173.785,-14.9302,2.59589,76.4536,0.0748905,0.486518,0,0.0106232
0.615,0.795,198.897,-14.9536,2.54314,68.4114,0.0748905,0.486518,0,0.0106232
0.615,0.805,227.675,-14.967,2.53464,67.8986,0.0748905,0.486518,0,0.0106232
0.615,0.815,261.306,-14.975,2.55289,72.2279,0.0748905,0.486518,0,0.0106232
0.615,0.825,299.438,-14.9804,2.58313,79.2798,0.0748905,0.486518,0,0.0106232
0.615,0.835,341.151,-14.9842,2.61726,87.8543,0.0748905,0.486518,0,0.0106232
0.615,0.845,385.499,-14.9872,2.65175,97.3369,0.0748905,0.486518,0,0.0106232
0.615,0.855,431.636,-14.9896,2.68518,107.397,0.0748905,0.486518,0,0.0106232
0.615,0.865,478.792,-14.9916,2.71704,117.824,0.0748905,0.486518,0,0.0106232
0.615,0.875,526.239,-14.9932,2.7471,128.453,0.0748905,0.486518,0,0.0106232
0.615,0.885,573.278,-14.9945,2.77529,139.138,0.0748905,0.486518,0,0.0106232
0.615,0.895,619.25,-14.9956,2.80158,149.741,0.0748905,0.486518,0,0.0106232
0.615,0.905,663.553,-14.9965,2.82595,160.131,0.0748905,0.486518,0,0.0106232
0.615,0.915,705.658,-14.9972,2.84841,170.189,0.0748905,0.486518,0,0.0106232
0.615,0.925,745.128,-14.9978,2.86898,179.804,0.0748905,0.486518,0,0.0106232
0.615,0.935,781.625,-14.9983,2.88768,188.883,0.0748905,0.486518,0,0.0106232
0.615,0.945,814.915,-14.9987,2.90455,197.349,0.0748905,0.486518,0,0.0106232
0.615,0.955,844.868,-14.999,2.91964,205.141,0.0748905,0.486518,0,0.0106232
0.615,0.965,871.454,-14.9993,2.93302,212.219,0.0748905,0.486518,0,0.0106232
0.615,0.975,894.728,-14.9995,2.94476,218.561,0.0748905,0.486518,0,0.0106232
0.615,0.985,914.821,-14.9996,2.95495,224.164,0.0748905,0.486518,0,0.0106232
0.615,0.995,931.927,-14.9997,2.96369,229.043,0.0748905,0.486518,0,0.0106232
0.625,0.005,10.3936,7.64469,-4.25933,108.239,0.0869514,0.554065,0,0.0130933
0.625,0.015,10.3367,7.61337,-4.13423,106.509,0.0869514,0.554065,0,0.0130933
0.625,0.025,10.2805,7.58119,-4.00911,104.785,0.0869514,0.554065,0,0.0130933
0.625,0.035,10.2248,7.54813,-3.88398,103.065,0.0869514,0.554065,0,0.0130933
0.625,0.045,10.1706,7.51419,-3.75851,101.365,0.0869514,0.554065,0,0.0130933
0.625,0.055,10.1189,7.47948,-3.63227,99.7007,0.0869514,0.554065,0,0.0130933
0.625,0.065,10.0677,7.4442,-3.50604,98.044,0.0869514,0.554065,0,0.0130933
0.625,0.075,10.0168,7.40837,-3.37987,96.3946,0.0869514,0.554065,0,0.0130933
0.625,0.085,9.96621,7.372,-3.25376,94.7534,0.0869514,0.554065,0,0.0130933
0.625,0.095,9.91588,7.33512,-3.12773,93.1209,0.0869514,0.554065,0,0.0130933
0.625,0.105,9.86576,7.29774,-3.00179,91.4976,0.0869514,0.554065,0,0.0130933
0.625,0.115,9.81579,7.25987,-2.87593,89.8841,0.0869514,0.554065,0,0.0130933
0.625,0.125,9.76591,7.22153,-2.75018,88.2809,0.0869514,0.554065,0,0.0130933
0.625,0.135,9.71607,7.18273,-2.62454,86.6887,0.0869514,0.554065,0,0.0130933
0.625,0.145,9.66623,7.14348,-2.49901,85.1079,0.0869514,0.554065,0,0.0130933
0.625,0.155,9.61634,7.10379,-2.37362,83.539,0.0869514,0.554065,0,0.0130933
0.625,0.165,9.56635,7.06367,-2.24838,81.9828,0.0869514,0.554065,0,0.0130933
0.625,0.175,9.51623,7.02312,-2.1233,80.4397,0.0869514,0.554065,0,0.0130933
0.625,0.185,9.46594,6.98216,-1.9984,78.9106,0.0869514,0.554065,0,0.0130933
0.625,0.195,9.41548,6.94077,-1.87371,77.3959,0.0869514,0.554065,0,0.0130933
0.625,0.205,9.36482,6.89896,-1.74925,75.8967,0.0869514,0.554065,0,0.0130933
0.625,0.215,9.31398,6.85673,-1.62505,74.4137,0.0869514,0.554065,0,0.0130933
0.625,0.225,9.26298,6.81406,-1.50115,72.9479,0.0869514,0.554065,0,0.0130933
0.625,0.235,9.21186,6.77095,-1.3776,71.5005,0.0869514,0.554065,0,0.0130933
0.625,0.245,9.1607,6.72736,-1.25446,70.0728,0.0869514,0.554065,0,0.0130933
0.625,0.255,9.10961,6.68329,-1.13179,68.6665,0.0869514,0.554065,0,0.0130933
0.625,0.265,9.05873,6.63869,-1.00968,67.2834,0.0869514,0.554065,0,0.0130933
0.625,0.275,9.00829,6.59352,-0.88824,65.9259,0.0869514,0.554065,0,0.0130933
0.625,0.285,8.95855,6.54771,-0.767591,64.5969,0.0869514,0.554065,0,0.0130933
0.625,0.295,8.90989,6.50121,-0.647901,63.2998,0.0869514,0.554065,0,0.0130933
0.625,0.305,8.86281,6.45393,-0.529374,62.0391,0.0869514,0.554065,0,0.0130933
0.625,0.315,8.81794,6.40574,-0.412268,60.8202,0.0869514,0.554065,0,0.0130933
0.625,0.325,8.77615,6.35652,-0.296908,59.6503,0.0869514,0.554065,0,0.0130933
0.625,0.335,8.73853,6.30609,-0.183706,58.5382,0.0869514,0.554065,0,0.0130933
0.625,0.345,8.7066,6.25419,-0.0731768,57.4954,0.0869514,0.554065,0,0.0130933
0.625,0.355,8.68839,6.19681,0.0343783,56.5461,0.0869514,0.554065,0,0.0130933
0.625,0.365,8.68154,6.13502,0.138243,55.6853,0.0869514,0.554065,0,0.0130933
0.625,0.375,8.6861,6.07085,0.237011,54.9478,0.0869514,0.554065,0,0.0130933
0.625,0.385,8.70663,6.00353,0.329261,54.3675,0.0869514,0.554065,0,0.0130933
0.625,0.395,8.74796,5.93235,0.41352,53.9799,0.0869514,0.554065,0,0.0130933
0.625,0.405,8.81556,5.85647,0.488205,53.8252,0.0869514,0.554065,0,0.0130933
0.625,0.415,8.91531,5.77496,0.551738,53.9463,0.0869514,0.554065,0,0.0130933
0.625,0.425,9.05295,5.68677,0.602759,54.3844,0.0869514,0.554065,0,0.0130933
0.625,0.435,9.23314,5.59087,0.640414,55.1732,0.0869514,0.554065,0,0.0130933
0.625,0.445,9.45852,5.48627,0.664626,56.3307,0.0869514,0.554065,0,0.0130933
0.625,0.455,9.72888,5.37219,0.676272,57.8541,0.0869514,0.554065,0,0.0130933
0.625,0.465,10.0409,5.24803,0.677071,59.7184,0.0869514,0.554065,0,0.0130933
0.625,0.475,10.3884,5.11341,0.669297,61.8791,0.0869514,0.554065,0,0.0130933
0.625,0.485,10.7629,4.96816,0.655442,64.277,0.0869514,0.554065,0,0.0130933
0.625,0.495,11.1535,4.81224,0.637966,66.842,0.0869514,0.554065,0,0.0130933
0.625,0.505,11.5473,4.64573,0.619146,69.496,0.0869514,0.554065,0,0.0130933
0.625,0.515,11.9274,4.46885,0.600998,72.1559,0.0869514,0.554065,0,0.0130933
0.625,0.525,12.2667,4.28185,0.585254,74.7386,0.0869514,0.554065,0,0.0130933
0.625,0.535,12.5022,4.08383,0.573733,77.1763,0.0869514,0.554065,0,0.0130933
0.625,0.545,12.4819,3.86688,0.57008,79.4493,0.0869514,0.554065,0,0.0130933
0.625,0.555,11.9461,3.60254,0.583949,81.6084,0.0869514,0.554065,0,0.0130933
0.625,0.565,10.7075,3.22721,0.636538,83.716,0.0869514,0.554065,0,0.0130933
0.625,0.575,8.9831,2.68665,0.753704,85.3328,0.0869514,0.554065,0,0.0130933
0.625,0.585,7.37619,1.9534,0.943754,86.0857,0.0869514,0.554065,0,0.0130933
0.625,0.595,6.2743,1.05677,1.1825,85.9053,0.0869514,0.554065,0,0.0130933
0.625,0.605,5.64472,0.0820698,1.4196,85.0751,0.0869514,0.554065,0,0.0130933
0.625,0.615,5.29718,-0.892967,1.61005,83.9713,0.0869514,0.554065,0,0.0130933
0.625,0.625,5.0761,-1.85489,1.74135,82.7589,0.0869514,0.554065,0,0.0130933
0.625,0.635,4.91983,-2.85367,1.81885,81.4806,0.0869514,0.554065,0,0.0130933
0.625,0.645,4.82146,-3.97387,1.8516,80.1342,0.0869514,0.554065,0,0.0130933
0.625,0.655,4.81641,-5.29549,1.84863,78.7286,0.0869514,0.554065,0,0.0130933
0.625,0.665,4.98741,-6.84175,1.8233,77.3437,0.0869514,0.554065,0,0.0130933
0.625,0.675,5.47185,-8.52554,1.80212,76.2878,0.0869514,0.554065,0,0.0130933
0.625,0.685,6.47901,-10.1598,1.82917,76.3048,0.0869514,0.554065,0,0.0130933
0.625,0.695,8.34919,-11.5599,1.9486,78.5942,0.0869514,0.554065,0,0.0130933
0.625,0.705,11.6752,-12.6409,2.17043,84.4658,0.0869514,0.554065,0,0.0130933
0.625,0.715,17.4724,-13.4189,2.45238,94.7142,0.0869514,0.554065,0,0.0130933
0.625,0.725,27.3108,-13.9562,2.71751,108.865,0.0869514,0.554065,0,0.0130933
0.625,0.735,43.0267,-14.3187,2.89965,123.782,0.0869514,0.554065,0,0.0130933
0.625,0.745,65.533,-14.5606,2.97139,132.927,0.0869514,0.554065,0,0.0130933
0.625,0.755,93.3769,-14.7207,2.93717,130.015,0.0869514,0.554065,0,0.0130933
0.625,0.765,122.591,-14.8252,2.83019,114.442,0.0869514,0.554065,0,0.0130933
0.625,0.775,149.463,-14.8914,2.70054,93.4506,0.0869514,0.554065,0,0.0130933
0.625,0.785,173.844,-14.9313,2.59653,76.5495,0.0869514,0.554065,0,0.0130933
0.625,0.795,198.841,-14.9542,2.54272,68.3284,0.0869514,0.554065,0,0.0130933
0.625,0.805,227.577,-14.9673,2.53412,67.8009,0.0869514,0.554065,0,0.0130933
0.625,0.815,261.22,-14.9751,2.55256,72.1623,0.0869514,0.554065,0,0.0130933
0.625,0.825,299.381,-14.9804,2.58296,79.2442,0.0869514,0.554065,0,0.0130933
0.625,0.835,341.119,-14.9843,2.61719,87.8372,0.0869514,0.554065,0,0.0130933
0.625,0.845,385.483,-14.9873,2.65172,97.3293,0.0869514,0.554065,0,0.0130933
0.625,0.855,431.629,-14.9896,2.68517,107.394,0.0869514,0.554065,0,0.0130933
0.625,0.865,478.789,-14.9916,2.71703,117.822,0.0869514,0.554065,0,0.0130933
0.625,0.875,526.238,-14.9932,2.7471,128.452,0.0869514,0.554065,0,0.0130933
0.625,0.885,573.278,-14.9945,2.77529,139.138,0.0869514,0.554065,0,0.0130933
0.625,0.895,619.25,-14.9956,2.80157,149.741,0.0869514,0.554065,0,0.0130933
0.625,0.905,663.553,-14.9965,2.82595,160.131,0.0869514,0.554065,0,0.0130933
0.625,0.915,705.658,-14.9972,2.84841,170.189,0.0869514,0.554065,0,0.0130933
0.625,0.925,745.128,-14.9978,2.86898,179.804,0.0869514,0.554065,0,0.0130933
0.625,0.935,781.625,-14.9983,2.88768,188.883,0.0869514,0.554065,0,0.0130933
0.625,0.945,814.915,-14.9987,2.90455,197.349,0.0869514,0.554065,0,0.0130933
0.625,0.955,844.868,-14.999,2.91964,205.141,0.0869514,0.554065,0,0.0130933
0.625,0.965,871.454,-14.9993,2.93302,212.219,0.0869514,0.554065,0,0.0130933
0.625,0.975,894.728,-14.9995,2.94476,218.561,0.0869514,0.554065,0,0.0130933
0.625,0.985,914.821,-14.9996,2.95495,224.164,0.0869514,0.554065,0,0.0130933
0.625,0.995,931.927,-14.9997,2.96369,229.043,0.0869514,0.554065,0,0.0130933
0.635,0.005,10.2721,7.72785,-4.23787,106.476,0.100519,0.621612,0,0.01604
0.635,0.015,10.2152,7.69673,-4.11273,104.777,0.100519,0.621612,0,0.01604
0.635,0.025,10.1588,7.66474,-3.98757,103.083,0.100519,0.621612,0,0.01604
0.635,0.035,10.103,7.63189,-3.8624,101.394,0.100519,0.621612,0,0.01604
0.635,0.045,10.0489,7.59815,-3.73675,99.7283,0.100519,0.621612,0,0.01604
0.635,0.055,9.99704,7.56368,-3.61044,98.0944,0.100519,0.621612,0,0.01604
0.635,0.065,9.94554,7.52864,-3.48416,96.467,0.100519,0.621612,0,0.01604
0.635,0.075,9.89436,7.49305,-3.35795,94.8467,0.100519,0.621612,0,0.01604
0.635,0.085,9.84346,7.45693,-3.23179,93.2341,0.100519,0.621612,0,0.01604
0.635,0.095,9.79278,7.42028,-3.10572,91.6299,0.100519,0.621612,0,0.01604
0.635,0.105,9.74229,7.38314,-2.97973,90.0346,0.100519,0.621612,0,0.01604
0.635,0.115,9.69193,7.3455,-2.85383,88.4488,0.100519,0.621612,0,0.01604
0.635,0.125,9.64164,7.30737,-2.72804,86.873,0.100519,0.621612,0,0.01604
0.635,0.135,9.59138,7.26878,-2.60236,85.3077,0.100519,0.621612,0,0.01604
0.635,0.145,9.5411,7.22973,-2.4768,83.7534,0.100519,0.621612,0,0.01604
0.635,0.155,9.49076,7.19022,-2.35138,82.2108,0.100519,0.621612,0,0.01604
0.635,0.165,9.44031,7.15027,-2.22611,80.6804,0.100519,0.621612,0,0.01604
0.635,0.175,9.38973,7.10988,-2.10101,79.1629,0.100519,0.621612,0,0.01604
0.635,0.185,9.33898,7.06905,-1.9761,77.6588,0.100519,0.621612,0,0.01604
0.635,0.195,9.28806,7.02778,-1.8514,76.1689,0.100519,0.621612,0,0.01604
0.635,0.205,9.23695,6.98607,-1.72695,74.6941,0.100519,0.621612,0,0.01604
0.635,0.215,9.18567,6.94392,-1.60277,73.2352,0.100519,0.621612,0,0.01604
0.635,0.225,9.13424,6.9013,-1.47892,71.7932,0.100519,0.621612,0,0.01604
0.635,0.235,9.08272,6.85821,-1.35543,70.3693,0.100519,0.621612,0,0.01604
0.635,0.245,9.03118,6.81462,-1.23238,68.9649,0.100519,0.621612,0,0.01604
0.635,0.255,8.97974,6.77051,-1.10983,67.5817,0.100519,0.621612,0,0.01604
0.635,0.265,8.92858,6.72583,-0.987884,66.2217,0.100519,0.621612,0,0.01604
0.635,0.275,8.8779,6.68054,-0.866646,64.8873,0.100519,0.621612,0,0.01604
0.635,0.285,8.82802,6.63457,-0.746261,63.5815,0.100519,0.621612,0,0.01604
0.635,0.295,8.77932,6.58786,-0.626906,62.308,0.100519,0.621612,0,0.01604
0.635,0.305,8.73233,6.54029,-0.508802,61.0716,0.100519,0.621612,0,0.01604
0.635,0.315,8.68776,6.49176,-0.392228,59.8781,0.100519,0.621612,0,0.01604
0.635,0.325,8.64649,6.44211,-0.277538,58.735,0.100519,0.621612,0,0.01604
0.635,0.335,8.60974,6.39114,-0.165176,57.652,0.100519,0.621612,0,0.01604
0.635,0.345,8.5794,6.33844,-0.0556822,56.642,0.100519,0.621612,0,0.01604
0.635,0.355,8.56385,6.27947,0.0506094,55.7278,0.100519,0.621612,0,0.01604
0.635,0.365,8.55893,6.2168,0.152835,54.9075,0.100519,0.621612,0,0.01604
0.635,0.375,8.56661,6.15148,0.249473,54.2194,0.100519,0.621612,0,0.01604
0.635,0.385,8.59155,6.08275,0.339072,53.6979,0.100519,0.621612,0,0.01604
0.635,0.395,8.63884,6.00983,0.42008,53.3808,0.100519,0.621612,0,0.01604
0.635,0.405,8.71424,5.93182,0.490836,53.3106,0.100519,0.621612,0,0.01604
0.635,0.415,8.82386,5.8477,0.549724,53.5322,0.100519,0.621612,0,0.01604
0.635,0.425,8.97351,5.75635,0.595414,54.0881,0.100519,0.621612,0,0.01604
0.635,0.435,9.16773,5.65667,0.627167,55.0113,0.100519,0.621612,0,0.01604
0.635,0.445,9.40878,5.54764,0.645128,56.3177,0.100519,0.621612,0,0.01604
0.635,0.455,9.69585,5.42845,0.650454,58.0006,0.100519,0.621612,0,0.01604
0.635,0.465,10.0249,5.29854,0.645162,60.0298,0.100519,0.621612,0,0.01604
0.635,0.475,10.3888,5.15759,0.631813,62.354,0.100519,0.621612,0,0.01604
0.635,0.485,10.7779,5.00554,0.613168,64.9057,0.100519,0.621612,0,0.01604
0.635,0.495,11.1801,4.84251,0.591923,67.6048,0.100519,0.621612,0,0.01604
0.635,0.505,11.5806,4.6688,0.57053,70.3631,0.100519,0.621612,0,0.01604
0.635,0.515,11.9606,4.48473,0.551099,73.0889,0.100519,0.621612,0,0.01604
0.635,0.525,12.2875,4.29046,0.535437,75.6971,0.100519,0.621612,0,0.01604
0.635,0.535,12.481,4.08356,0.525771,78.1301,0.100519,0.621612,0,0.01604
0.635,0.545,12.3535,3.8509,0.527323,80.3946,0.100519,0.621612,0,0.01604
0.635,0.555,11.6268,3.55371,0.553241,82.5614,0.100519,0.621612,0,0.01604
0.635,0.565,10.2024,3.123,0.627984,84.6067,0.100519,0.621612,0,0.01604
0.635,0.575,8.46315,2.52192,0.773895,85.9468,0.100519,0.621612,0,0.01604
0.635,0.585,7.01691,1.74209,0.987408,86.342,0.100519,0.621612,0,0.01604
0.635,0.595,6.09709,0.836017,1.23295,85.8687,0.100519,0.621612,0,0.01604
0.635,0.605,5.58087,-0.107201,1.45999,84.8815,0.100519,0.621612,0,0.01604
0.635,0.615,5.27812,-1.02875,1.63389,83.7004,0.100519,0.621612,0,0.01604
0.635,0.625,5.06899,-1.93494,1.75115,82.4212,0.100519,0.621612,0,0.01604
0.635,0.635,4.91321,-2.88426,1.81822,81.071,0.100519,0.621612,0,0.01604
0.635,0.645,4.8111,-3.96317,1.84264,79.663,0.100519,0.621612,0,0.01604
0.635,0.655,4.79922,-5.25098,1.83241,78.2393,0.100519,0.621612,0,0.01604
0.635,0.665,4.95965,-6.77061,1.80184,76.9293,0.100519,0.621612,0,0.01604
0.635,0.675,5.42841,-8.43889,1.78009,76.0889,0.100519,0.621612,0,0.01604
0.635,0.685,6.41469,-10.074,1.81259,76.467,0.100519,0.621612,0,0.01604
0.635,0.695,8.26067,-11.4901,1.94114,79.1903,0.100519,0.621612,0,0.01604
0.635,0.705,11.5609,-12.5933,2.17179,85.4723,0.100519,0.621612,0,0.01604
0.635,0.715,17.3338,-13.3911,2.46013,96.0792,0.100519,0.621612,0,0.01604
0.635,0.725,27.1605,-13.9425,2.72914,110.563,0.100519,0.621612,0,0.01604
0.635,0.735,42.9035,-14.3135,2.91289,125.783,0.100519,0.621612,0,0.01604
0.635,0.745,65.5015,-14.56,2.98418,135.069,0.100519,0.621612,0,0.01604
0.635,0.755,93.4837,-14.722,2.94776,131.951,0.100519,0.621612,0,0.01604
0.635,0.765,122.8,-14.827,2.8374,115.803,0.100519,0.621612,0,0.01604
0.635,0.775,149.657,-14.8929,2.70422,94.1228,0.100519,0.621612,0,0.01604
0.635,0.785,173.931,-14.9323,2.59762,76.732,0.100519,0.621612,0,0.01604
0.635,0.795,198.821,-14.9547,2.54261,68.302,0.100519,0.621612,0,0.01604
0.635,0.805,227.509,-14.9675,2.53377,67.7353,0.100519,0.621612,0,0.01604
0.635,0.815,261.155,-14.9753,2.55231,72.1132,0.100519,0.621612,0,0.01604
0.635,0.825,299.337,-14.9805,2.58283,79.2165,0.100519,0.621612,0,0.01604
0.635,0.835,341.094,-14.9843,2.61713,87.8236,0.100519,0.621612,0,0.01604
0.635,0.845,385.47,-14.9873,2.6517,97.3233,0.100519,0.621612,0,0.01604
0.635,0.855,431.623,-14.9896,2.68517,107.391,0.100519,0.621612,0,0.01604
0.635,0.865,478.787,-14.9916,2.71703,117.821,0.100519,0.621612,0,0.01604
0.635,0.875,526.237,-14.9932,2.7471,128.452,0.100519,0.621612,0,0.01604
0.635,0.885,573.277,-14.9945,2.77529,139.138,0.100519,0.621612,0,0.01604
0.635,0.895,619.25,-14.9956,2.80157,149.741,0.100519,0.621612,0,0.01604
0.635,0.905,663.553,-14.9965,2.82595,160.131,0.100519,0.621612,0,0.01604
0.635,0.915,705.658,-14.9972,2.84841,170.189,0.100519,0.621612,0,0.01604
0.635,0.925,745.128,-14.9978,2.86898,179.804,0.100519,0.621612,0,0.01604
0.635,0.935,781.625,-14.9983,2.88768,188.883,0.100519,0.621612,0,0.01604
0.635,0.945,814.915,-14.9987,2.90455,197.349,0.100519,0.621612,0,0.01604
0.635,0.955,844.868,-14.999,2.91964,205.141,0.100519,0.621612,0,0.01604
0.635,0.965,871.454,-14.9993,2.93302,212.219,0.100519,0.621612,0,0.01604
0.635,0.975,894.728,-14.9995,2.94476,218.561,0.100519,0.621612,0,0.01604
0.635,0.985,914.821,-14.9996,2.95495,224.164,0.100519,0.621612,0,0.01604
0.635,0.995,931.927,-14.9997,2.96369,229.043,0.100519,0.621612,0,0.01604
0.645,0.005,10.1522,7.81091,-4.21646,104.743,0.115729,0.68916,0,0.0195379
0.645,0.015,10.0952,7.77998,-4.09128,103.074,0.115729,0.68916,0,0.0195379
0.645,0.025,10.0387,7.74818,-3.96608,101.41,0.115729,0.68916,0,0.0195379
0.645,0.035,9.9827,7.71551,-3.84087,99.75,0.115729,0.68916,0,0.0195379
0.645,0.045,9.92882,7.68197,-3.71502,98.1194,0.115729,0.68916,0,0.0195379
0.645,0.055,9.87675,7.64773,-3.58866,96.5144,0.115729,0.68916,0,0.0195379
0.645,0.065,9.82499,7.61292,-3.46234,94.9154,0.115729,0.68916,0,0.0195379
0.645,0.075,9.77352,7.57757,-3.33608,93.3233,0.115729,0.68916,0,0.0195379
0.645,0.085,9.7223,7.54167,-3.20989,91.7386,0.115729,0.68916,0,0.0195379
0.645,0.095,9.67128,7.50525,-3.08377,90.162,0.115729,0.68916,0,0.0195379
0.645,0.105,9.62042,7.46833,-2.95774,88.594,0.115729,0.68916,0,0.0195379
0.645,0.115,9.56967,7.4309,-2.8318,87.035,0.115729,0.68916,0,0.0195379
0.645,0.125,9.51898,7.39298,-2.70597,85.4857,0.115729,0.68916,0,0.0195379
0.645,0.135,9.4683,7.35458,-2.58026,83.9466,0.115729,0.68916,0,0.0195379
0.645,0.145,9.41759,7.31571,-2.45467,82.4182,0.115729,0.68916,0,0.0195379
0.645,0.155,9.3668,7.27637,-2.32922,80.901,0.115729,0.68916,0,0.0195379
0.645,0.165,9.3159,7.23658,-2.20393,79.3957,0.115729,0.68916,0,0.0195379
0.645,0.175,9.26486,7.19632,-2.07882,77.9029,0.115729,0.68916,0,0.0195379
0.645,0.185,9.21366,7.15561,-1.95391,76.4232,0.115729,0.68916,0,0.0195379
0.645,0.195,9.16228,7.11445,-1.82922,74.9574,0.115729,0.68916,0,0.0195379
0.645,0.205,9.11072,7.07282,-1.70479,73.5062,0.115729,0.68916,0,0.0195379
0.645,0.215,9.05899,7.03072,-1.58065,72.0707,0.115729,0.68916,0,0.0195379
0.645,0.225,9.00714,6.98814,-1.45685,70.6518,0.115729,0.68916,0,0.0195379
0.645,0.235,8.95521,6.94505,-1.33345,69.2507,0.115729,0.68916,0,0.0195379
0.645,0.245,8.90329,6.90143,-1.2105,67.869,0.115729,0.68916,0,0.0195379
0.645,0.255,8.85151,6.85726,-1.0881,66.5083,0.115729,0.68916,0,0.0195379
0.645,0.265,8.80006,6.81247,-0.966338,65.1707,0.115729,0.68916,0,0.0195379
0.645,0.275,8.74915,6.76703,-0.845338,63.8589,0.115729,0.68916,0,0.0195379
0.645,0.285,8.69913,6.72087,-0.725254,62.5759,0.115729,0.68916,0,0.0195379
0.645,0.295,8.65041,6.6739,-0.606277,61.3257,0.115729,0.68916,0,0.0195379
0.645,0.305,8.60355,6.62602,-0.488648,60.1134,0.115729,0.68916,0,0.0195379
0.645,0.315,8.55931,6.57709,-0.372668,58.9451,0.115729,0.68916,0,0.0195379
0.645,0.325,8.51865,6.52696,-0.258721,57.8291,0.115729,0.68916,0,0.0195379
0.645,0.335,8.48288,6.47541,-0.147293,56.7757,0.115729,0.68916,0,0.0195379
0.645,0.345,8.45447,6.4217,-0.0389332,55.7998,0.115729,0.68916,0,0.0195379
0.645,0.355,8.44135,6.36125,0.0659447,54.9211,0.115729,0.68916,0,0.0195379
0.645,0.365,8.43876,6.29759,0.166328,54.1443,0.115729,0.68916,0,0.0195379
0.645,0.375,8.45002,6.23101,0.260611,53.5088,0.115729,0.68916,0,0.0195379
0.645,0.385,8.47996,6.16072,0.347282,53.0507,0.115729,0.68916,0,0.0195379
0.645,0.395,8.53401,6.08587,0.424694,52.8104,0.115729,0.68916,0,0.0195379
0.645,0.405,8.61826,6.00547,0.491105,52.833,0.115729,0.68916,0,0.0195379
0.645,0.415,8.73905,5.91842,0.544863,53.166,0.115729,0.68916,0,0.0195379
0.645,0.425,8.90231,5.8235,0.58468,53.8532,0.115729,0.68916,0,0.0195379
0.645,0.435,9.11242,5.71955,0.609966,54.927,0.115729,0.68916,0,0.0195379
0.645,0.445,9.37116,5.6055,0.62114,56.4007,0.115729,0.68916,0,0.0195379
0.645,0.455,9.67702,5.48055,0.6197,58.2624,0.115729,0.68916,0,0.0195379
0.645,0.465,10.0249,5.34419,0.608028,60.4747,0.115729,0.68916,0,0.0195379
0.645,0.475,10.4066,5.19623,0.589042,62.977,0.115729,0.68916,0,0.0195379
0.645,0.485,10.8109,5.03679,0.565824,65.6901,0.115729,0.68916,0,0.0195379
0.645,0.495,11.2238,4.86623,0.541311,68.5217,0.115729,0.68916,0,0.0195379
0.645,0.505,11.6291,4.68504,0.518089,71.3727,0.115729,0.68916,0,0.0195379
0.645,0.515,12.0053,4.49367,0.49829,74.1449,0.115729,0.68916,0,0.0195379
0.645,0.525,12.3125,4.29177,0.483793,76.756,0.115729,0.68916,0,0.0195379
0.645,0.535,12.447,4.07428,0.477506,79.1686,0.115729,0.68916,0,0.0195379
0.645,0.545,12.1801,3.82086,0.486905,81.4208,0.115729,0.68916,0,0.0195379
0.645,0.555,11.2383,3.48131,0.529344,83.5856,0.115729,0.68916,0,0.0195379
0.645,0.565,9.66037,2.99174,0.630535,85.468,0.115729,0.68916,0,0.0195379
0.645,0.575,7.97855,2.33376,0.805274,86.4663,0.115729,0.68916,0,0.0195379
0.645,0.585,6.72213,1.51978,1.03725,86.504,0.115729,0.68916,0,0.0195379
0.645,0.595,5.96715,0.620089,1.28271,85.7852,0.115729,0.68916,0,0.0195379
0.645,0.605,5.53733,-0.282144,1.49581,84.6811,0.115729,0.68916,0,0.0195379
0.645,0.615,5.26319,-1.14896,1.65396,83.4301,0.115729,0.68916,0,0.0195379
0.645,0.625,5.06074,-2.00163,1.75884,82.0819,0.115729,0.68916,0,0.0195379
0.645,0.635,4.9051,-2.90366,1.81671,80.6615,0.115729,0.68916,0,0.0195379
0.645,0.645,4.80042,-3.94219,1.83353,79.2056,0.115729,0.68916,0,0.0195379
0.645,0.655,4.78309,-5.1959,1.81667,77.7926,0.115729,0.68916,0,0.0195379
0.645,0.665,4.93412,-6.68805,1.78178,76.5985,0.115729,0.68916,0,0.0195379
0.645,0.675,5.38775,-8.34084,1.76047,76.0115,0.115729,0.68916,0,0.0195379
0.645,0.685,6.35274,-9.97874,1.79874,76.7657,0.115729,0.68916,0,0.0195379
0.645,0.695,8.17277,-11.4138,1.93578,79.9063,0.115729,0.68916,0,0.0195379
0.645,0.705,11.4438,-12.5418,2.17417,86.5627,0.115729,0.68916,0,0.0195379
0.645,0.715,17.1866,-13.3612,2.46804,97.4907,0.115729,0.68916,0,0.0195379
0.645,0.725,26.9928,-13.9274,2.74053,112.282,0.115729,0.68916,0,0.0195379
0.645,0.735,42.7511,-14.3074,2.92584,127.798,0.115729,0.68916,0,0.0195379
0.645,0.745,65.4306,-14.5586,2.99686,137.243,0.115729,0.68916,0,0.0195379
0.645,0.755,93.5513,-14.7228,2.95849,133.956,0.115729,0.68916,0,0.0195379
0.645,0.765,122.986,-14.8284,2.84499,117.266,0.115729,0.68916,0,0.0195379
0.645,0.775,149.857,-14.8941,2.70839,94.9018,0.115729,0.68916,0,0.0195379
0.645,0.785,174.044,-14.9331,2.59915,76.9986,0.115729,0.68916,0,0.0195379
0.645,0.795,198.834,-14.9552,2.5428,68.3292,0.115729,0.68916,0,0.0195379
0.645,0.805,227.47,-14.9677,2.53359,67.6993,0.115729,0.68916,0,0.0195379
0.645,0.815,261.109,-14.9753,2.55214,72.079,0.115729,0.68916,0,0.0195379
0.645,0.825,299.303,-14.9805,2.58273,79.1959,0.115729,0.68916,0,0.0195379
0.645,0.835,341.075,-14.9843,2.61709,87.8133,0.115729,0.68916,0,0.0195379
0.645,0.845,385.461,-14.9873,2.65168,97.3186,0.115729,0.68916,0,0.0195379
0.645,0.855,431.619,-14.9896,2.68516,107.389,0.115729,0.68916,0,0.0195379
0.645,0.865,478.785,-14.9916,2.71703,117.821,0.115729,0.68916,0,0.0195379
0.645,0.875,526.236,-14.9932,2.7471,128.452,0.115729,0.68916,0,0.0195379
0.645,0.885,573.277,-14.9945,2.77529,139.137,0.115729,0.68916,0,0.0195379
0.645,0.895,619.25,-14.9956,2.80157,149.741,0.115729,0.68916,0,0.0195379
0.645,0.905,663.553,-14.9965,2.82595,160.131,0.115729,0.68916,0,0.0195379
0.645,0.915,705.658,-14.9972,2.84841,170.189,0.115729,0.68916,0,0.0195379
0.645,0.925,745.128,-14.9978,2.86898,179.804,0.115729,0.68916,0,0.0195379
0.645,0.935,781.625,-14.9983,2.88768,188.883,0.115729,0.68916,0,0.0195379
0.645,0.945,814.915,-14.9987,2.90455,197.349,0.115729,0.68916,0,0.0195379
0.645,0.955,844.868,-14.999,2.91964,205.141,0.115729,0.68916,0,0.0195379
0.645,0.965,871.454,-14.9993,2.93302,212.219,0.115729,0.68916,0,0.0195379
0.645,0.975,894.728,-14.9995,2.94476,218.561,0.115729,0.68916,0,0.0195379
0.645,0.985,914.821,-14.9996,2.95495,224.164,0.115729,0.68916,0,0.0195379
0.645,0.995,931.927,-14.9997,2.96369,229.043,0.115729,0.68916,0,0.0195379
0.655,0.005,10.0338,7.89386,-4.19511,103.04,0.132727,0.756707,0,0.0236702
0.655,0.015,9.97667,7.8631,-4.06988,101.4,0.132727,0.756707,0,0.0236702
0.655,0.025,9.92007,7.83148,-3.94464,99.7641,0.132727,0.756707,0,0.0236702
0.655,0.035,9.86397,7.79899,-3.81937,98.1337,0.132727,0.756707,0,0.0236702
0.655,0.045,9.81026,7.76563,-3.69335,96.5365,0.132727,0.756707,0,0.0236702
0.655,0.055,9.75796,7.73162,-3.56694,94.9594,0.132727,0.756707,0,0.0236702
0.655,0.065,9.70594,7.69704,-3.44058,93.3881,0.132727,0.756707,0,0.0236702
0.655,0.075,9.65418,7.6619,-3.31427,91.8234,0.132727,0.756707,0,0.0236702
0.655,0.085,9.60265,7.62622,-3.18804,90.2659,0.132727,0.756707,0,0.0236702
0.655,0.095,9.55129,7.59002,-3.06189,88.716,0.132727,0.756707,0,0.0236702
0.655,0.105,9.50007,7.5533,-2.93582,87.1744,0.132727,0.756707,0,0.0236702
0.655,0.115,9.44894,7.51607,-2.80985,85.6416,0.132727,0.756707,0,0.0236702
0.655,0.125,9.39785,7.47834,-2.68398,84.1181,0.132727,0.756707,0,0.0236702
0.655,0.135,9.34675,7.44012,-2.55824,82.6044,0.132727,0.756707,0,0.0236702
0.655,0.145,9.29561,7.40141,-2.43263,81.101,0.132727,0.756707,0,0.0236702
0.655,0.155,9.24438,7.36223,-2.30716,79.6086,0.132727,0.756707,0,0.0236702
0.655,0.165,9.19303,7.32257,-2.18186,78.1276,0.132727,0.756707,0,0.0236702
0.655,0.175,9.14153,7.28244,-2.05675,76.6588,0.132727,0.756707,0,0.0236702
0.655,0.185,9.08987,7.24183,-1.93184,75.2027,0.132727,0.756707,0,0.0236702
0.655,0.195,9.03803,7.20075,-1.80717,73.7602,0.132727,0.756707,0,0.0236702
0.655,0.205,8.98602,7.15919,-1.68277,72.3321,0.132727,0.756707,0,0.0236702
0.655,0.215,8.93384,7.11712,-1.55869,70.9192,0.132727,0.756707,0,0.0236702
0.655,0.225,8.88156,7.07455,-1.43497,69.5227,0.132727,0.756707,0,0.0236702
0.655,0.235,8.82922,7.03144,-1.31166,68.1438,0.132727,0.756707,0,0.0236702
0.655,0.245,8.77692,6.98777,-1.18885,66.7841,0.132727,0.756707,0,0.0236702
0.655,0.255,8.7248,6.9435,-1.06662,65.4453,0.132727,0.756707,0,0.0236702
0.655,0.265,8.67305,6.89859,-0.94507,64.1297,0.132727,0.756707,0,0.0236702
0.655,0.275,8.62193,6.85297,-0.824342,62.8399,0.132727,0.756707,0,0.0236702
0.655,0.285,8.57178,6.80658,-0.704599,61.5793,0.132727,0.756707,0,0.0236702
0.655,0.295,8.52305,6.75932,-0.586048,60.3521,0.132727,0.756707,0,0.0236702
0.655,0.305,8.47637,6.71108,-0.46895,59.1637,0.132727,0.756707,0,0.0236702
0.655,0.315,8.43251,6.66171,-0.353633,58.0209,0.132727,0.756707,0,0.0236702
0.655,0.325,8.39254,6.61105,-0.240513,56.9322,0.132727,0.756707,0,0.0236702
0.655,0.335,8.35788,6.55885,-0.130119,55.9091,0.132727,0.756707,0,0.0236702
0.655,0.345,8.33171,6.50394,-0.0230111,54.9685,0.132727,0.756707,0,0.0236702
0.655,0.355,8.32096,6.44209,0.080284,54.1268,0.132727,0.756707,0,0.0236702
0.655,0.365,8.32112,6.37732,0.178603,53.3966,0.132727,0.756707,0,0.0236702
0.655,0.375,8.3365,6.30934,0.270271,52.8179,0.132727,0.756707,0,0.0236702
0.655,0.385,8.37219,6.23731,0.353689,52.4289,0.132727,0.756707,0,0.0236702
0.655,0.395,8.43398,6.16029,0.4271,52.2731,0.132727,0.756707,0,0.0236702
0.655,0.405,8.52834,6.07721,0.488676,52.3992,0.132727,0.756707,0,0.0236702
0.655,0.415,8.66194,5.98683,0.53673,52.8573,0.132727,0.756707,0,0.0236702
0.655,0.425,8.84078,5.88785,0.570038,53.6928,0.132727,0.756707,0,0.0236702
0.655,0.435,9.06901,5.77901,0.588216,54.9373,0.132727,0.756707,0,0.0236702
0.655,0.445,9.34785,5.65924,0.592028,56.6001,0.132727,0.756707,0,0.0236702
0.655,0.455,9.67478,5.52776,0.583397,58.6624,0.132727,0.756707,0,0.0236702
0.655,0.465,10.0434,5.38419,0.565165,61.0765,0.132727,0.756707,0,0.0236702
0.655,0.475,10.4438,5.22853,0.540681,63.7687,0.132727,0.756707,0,0.0236702
0.655,0.485,10.8629,5.06117,0.513369,66.6453,0.132727,0.756707,0,0.0236702
0.655,0.495,11.285,4.88274,0.486372,69.5999,0.132727,0.756707,0,0.0236702
0.655,0.505,11.6918,4.69397,0.462324,72.523,0.132727,0.756707,0,0.0236702
0.655,0.515,12.0591,4.49527,0.443299,75.3138,0.132727,0.756707,0,0.0236702
0.655,0.525,12.3366,4.28518,0.431317,77.9013,0.132727,0.756707,0,0.0236702
0.655,0.535,12.3888,4.05442,0.430399,80.2788,0.132727,0.756707,0,0.0236702
0.655,0.545,11.9457,3.77354,0.450936,82.5166,0.132727,0.756707,0,0.0236702
0.655,0.555,10.7804,3.38124,0.514757,84.6663,0.132727,0.756707,0,0.0236702
0.655,0.565,9.10662,2.834,0.645715,86.2518,0.132727,0.756707,0,0.0236702
0.655,0.575,7.55068,2.12636,0.846896,86.8675,0.132727,0.756707,0,0.0236702
0.655,0.585,6.49294,1.29293,1.09067,86.5726,0.132727,0.756707,0,0.0236702
0.655,0.595,5.87585,0.413771,1.32979,85.6613,0.132727,0.756707,0,0.0236702
0.655,0.605,5.50595,-0.441462,1.52713,84.4717,0.132727,0.756707,0,0.0236702
0.655,0.615,5.24866,-1.25425,1.67079,83.1544,0.132727,0.756707,0,0.0236702
0.655,0.625,5.05024,-2.05588,1.7649,81.7369,0.132727,0.756707,0,0.0236702
0.655,0.635,4.89571,-2.91243,1.81467,80.255,0.132727,0.756707,0,0.0236702
0.655,0.645,4.7902,-3.91102,1.8246,78.7738,0.132727,0.756707,0,0.0236702
0.655,0.655,4.7691,-5.13,1.80188,77.4083,0.132727,0.756707,0,0.0236702
0.655,0.665,4.91209,-6.59377,1.7637,76.3751,0.132727,0.756707,0,0.0236702
0.655,0.675,5.3511,-8.23126,1.74378,76.0754,0.132727,0.756707,0,0.0236702
0.655,0.685,6.29422,-9.87397,1.78788,77.212,0.132727,0.756707,0,0.0236702
0.655,0.695,8.08652,-11.3311,1.93252,80.7466,0.132727,0.756707,0,0.0236702
0.655,0.705,11.3252,-12.4866,2.17753,87.7397,0.132727,0.756707,0,0.0236702
0.655,0.715,17.0332,-13.3291,2.47612,98.9537,0.132727,0.756707,0,0.0236702
0.655,0.725,26.8115,-13.911,2.7517,114.03,0.132727,0.756707,0,0.0236702
0.655,0.735,42.5749,-14.3003,2.93854,129.836,0.132727,0.756707,0,0.0236702
0.655,0.745,65.3266,-14.5564,3.00945,139.458,0.132727,0.756707,0,0.0236702
0.655,0.755,93.5854,-14.7229,2.96938,136.036,0.132727,0.756707,0,0.0236702
0.655,0.765,123.154,-14.8293,2.85296,118.831,0.132727,0.756707,0,0.0236702
0.655,0.775,150.063,-14.8951,2.71302,95.7843,0.132727,0.756707,0,0.0236702
0.655,0.785,174.183,-14.9338,2.60109,77.3449,0.132727,0.756707,0,0.0236702
0.655,0.795,198.879,-14.9556,2.54327,68.4061,0.132727,0.756707,0,0.0236702
0.655,0.805,227.457,-14.9679,2.53356,67.6903,0.132727,0.756707,0,0.0236702
0.655,0.815,261.08,-14.9754,2.55204,72.0582,0.132727,0.756707,0,0.0236702
0.655,0.825,299.28,-14.9805,2.58266,79.1815,0.132727,0.756707,0,0.0236702
0.655,0.835,341.06,-14.9843,2.61705,87.8057,0.132727,0.756707,0,0.0236702
0.655,0.845,385.453,-14.9873,2.65166,97.3151,0.132727,0.756707,0,0.0236702
0.655,0.855,431.615,-14.9897,2.68515,107.388,0.132727,0.756707,0,0.0236702
0.655,0.865,478.784,-14.9916,2.71703,117.82,0.132727,0.756707,0,0.0236702
0.655,0.875,526.236,-14.9932,2.7471,128.451,0.132727,0.756707,0,0.0236702
0.655,0.885,573.277,-14.9945,2.77529,139.137,0.132727,0.756707,0,0.0236702
0.655,0.895,619.25,-14.9956,2.80157,149.741,0.132727,0.756707,0,0.0236702
0.655,0.905,663.553,-14.9965,2.82595,160.131,0.132727,0.756707,0,0.0236702
0.655,0.915,705.658,-14.9972,2.84841,170.189,0.132727,0.756707,0,0.0236702
0.655,0.925,745.128,-14.9978,2.86898,179.804,0.132727,0.756707,0,0.0236702
0.655,0.935,781.625,-14.9983,2.88768,188.883,0.132727,0.756707,0,0.0236702
0.655,0.945,814.915,-14.9987,2.90455,197.349,0.132727,0.756707,0,0.0236702
0.655,0.955,844.868,-14.999,2.91964,205.141,0.132727,0.756707,0,0.0236702
0.655,0.965,871.454,-14.9993,2.93302,212.219,0.132727,0.756707,0,0.0236702
0.655,0.975,894.728,-14.9995,2.94476,218.561,0.132727,0.756707,0,0.0236702
0.655,0.985,914.821,-14.9996,2.95495,224.164,0.132727,0.756707,0,0.0236702
0.655,0.995,931.927,-14.9997,2.96369,229.043,0.132727,0.756707,0,0.0236702
0.665,0.005,9.91677,7.97669,-4.17381,101.364,0.151666,0.824254,0,0.0285301
0.665,0.015,9.85959,7.9461,-4.04854,99.7527,0.151666,0.824254,0,0.0285301
0.665,0.025,9.80288,7.91464,-3.92326,98.145,0.151666,0.824254,0,0.0285301
0.665,0.035,9.74671,7.88232,-3.79792,96.5438,0.151666,0.824254,0,0.0285301
0.665,0.045,9.69312,7.84915,-3.67173,94.9783,0.151666,0.824254,0,0.0285301
0.665,0.055,9.64058,7.81535,-3.54528,93.4284,0.151666,0.824254,0,0.0285301
0.665,0.065,9.5883,7.78097,-3.41887,91.884,0.151666,0.824254,0,0.0285301
0.665,0.075,9.53626,7.74605,-3.29253,90.3459,0.151666,0.824254,0,0.0285301
0.665,0.085,9.48442,7.71057,-3.16626,88.8147,0.151666,0.824254,0,0.0285301
0.665,0.095,9.43273,7.67457,-3.04007,87.2909,0.151666,0.824254,0,0.0285301
0.665,0.105,9.38115,7.63804,-2.91397,85.775,0.151666,0.824254,0,0.0285301
0.665,0.115,9.32964,7.60099,-2.78797,84.2675,0.151666,0.824254,0,0.0285301
0.665,0.125,9.27815,7.56344,-2.66208,82.769,0.151666,0.824254,0,0.0285301
0.665,0.135,9.22663,7.52538,-2.53631,81.28,0.151666,0.824254,0,0.0285301
0.665,0.145,9.17506,7.48682,-2.41068,79.8009,0.151666,0.824254,0,0.0285301
0.665,0.155,9.12339,7.44778,-2.2852,78.3324,0.151666,0.824254,0,0.0285301
0.665,0.165,9.07159,7.40824,-2.1599,76.8751,0.151666,0.824254,0,0.0285301
0.665,0.175,9.01963,7.36821,-2.03479,75.4295,0.151666,0.824254,0,0.0285301
0.665,0.185,8.96751,7.32769,-1.90991,73.9964,0.151666,0.824254,0,0.0285301
0.665,0.195,8.91521,7.28667,-1.78527,72.5765,0.151666,0.824254,0,0.0285301
0.665,0.205,8.86273,7.24515,-1.66092,71.1707,0.151666,0.824254,0,0.0285301
0.665,0.215,8.81011,7.2031,-1.53691,69.7798,0.151666,0.824254,0,0.0285301
0.665,0.225,8.75739,7.16051,-1.41328,68.405,0.151666,0.824254,0,0.0285301
0.665,0.235,8.70463,7.11736,-1.2901,67.0477,0.151666,0.824254,0,0.0285301
0.665,0.245,8.65195,7.07361,-1.16744,65.7093,0.151666,0.824254,0,0.0285301
0.665,0.255,8.59948,7.02922,-1.0454,64.3919,0.151666,0.824254,0,0.0285301
0.665,0.265,8.54744,6.98414,-0.924106,63.0976,0.151666,0.824254,0,0.0285301
0.665,0.275,8.49611,6.93831,-0.803689,61.8294,0.151666,0.824254,0,0.0285301
0.665,0.285,8.44585,6.89165,-0.684331,60.5909,0.151666,0.824254,0,0.0285301
0.665,0.295,8.39715,6.84406,-0.566258,59.3865,0.151666,0.824254,0,0.0285301
0.665,0.305,8.35067,6.79542,-0.449753,58.222,0.151666,0.824254,0,0.0285301
0.665,0.315,8.30728,6.74557,-0.335172,57.1047,0.151666,0.824254,0,0.0285301
0.665,0.325,8.2681,6.69432,-0.222972,56.044,0.151666,0.824254,0,0.0285301
0.665,0.335,8.23469,6.6414,-0.113724,55.052,0.151666,0.824254,0,0.0285301
0.665,0.345,8.21108,6.5851,-0.00800911,54.1481,0.151666,0.824254,0,0.0285301
0.665,0.355,8.20276,6.52191,0.0935109,53.346,0.151666,0.824254,0,0.0285301
0.665,0.365,8.20618,6.4559,0.189516,52.6661,0.151666,0.824254,0,0.0285301
0.665,0.375,8.22634,6.38635,0.278267,52.1493,0.151666,0.824254,0,0.0285301
0.665,0.385,8.26867,6.31237,0.358047,51.8366,0.151666,0.824254,0,0.0285301
0.665,0.395,8.33942,6.2329,0.426975,51.7754,0.151666,0.824254,0,0.0285301
0.665,0.405,8.44551,6.14675,0.483125,52.0183,0.151666,0.824254,0,0.0285301
0.665,0.415,8.59395,6.05254,0.52479,52.619,0.151666,0.824254,0,0.0285301
0.665,0.425,8.7908,5.94887,0.550845,53.6242,0.151666,0.824254,0,0.0285301
0.665,0.435,9.03989,5.83441,0.5612,55.0639,0.151666,0.824254,0,0.0285301
0.665,0.445,9.34156,5.70807,0.557063,56.9416,0.151666,0.824254,0,0.0285301
0.665,0.455,9.69196,5.56918,0.540904,59.2283,0.151666,0.824254,0,0.0285301
0.665,0.465,10.0829,5.41757,0.516129,61.8619,0.151666,0.824254,0,0.0285301
0.665,0.475,10.5023,5.25353,0.486571,64.7513,0.151666,0.824254,0,0.0285301
0.665,0.485,10.935,5.0778,0.455979,67.7854,0.151666,0.824254,0,0.0285301
0.665,0.495,11.3633,4.89136,0.427609,70.8435,0.151666,0.824254,0,0.0285301
0.665,0.505,11.7671,4.69509,0.404003,73.8084,0.151666,0.824254,0,0.0285301
0.665,0.515,12.1189,4.48908,0.387111,76.583,0.151666,0.824254,0,0.0285301
0.665,0.525,12.3528,4.26971,0.379319,79.1182,0.151666,0.824254,0,0.0285301
0.665,0.535,12.2913,4.02159,0.386431,81.4458,0.151666,0.824254,0,0.0285301
0.665,0.545,11.6341,3.705,0.422459,83.6539,0.151666,0.824254,0,0.0285301
0.665,0.555,10.2603,3.25357,0.512063,85.7159,0.151666,0.824254,0,0.0285301
0.665,0.565,8.57184,2.65218,0.673533,86.9042,0.151666,0.824254,0,0.0285301
0.665,0.575,7.1948,1.90528,0.896682,87.1356,0.151666,0.824254,0,0.0285301
0.665,0.585,6.32464,1.06797,1.14491,86.5564,0.151666,0.824254,0,0.0285301
0.665,0.595,5.81266,0.220584,1.37296,85.505,0.151666,0.824254,0,0.0285301
0.665,0.605,5.47989,-0.584846,1.5543,84.251,0.151666,0.824254,0,0.0285301
0.665,0.615,5.23187,-1.34545,1.68512,82.8694,0.151666,0.824254,0,0.0285301
0.665,0.625,5.03728,-2.09842,1.76994,81.3881,0.151666,0.824254,0,0.0285301
0.665,0.635,4.88582,-2.91084,1.81254,79.8629,0.151666,0.824254,0,0.0285301
0.665,0.645,4.78163,-3.86945,1.81635,78.3884,0.151666,0.824254,0,0.0285301
0.665,0.655,4.75867,-5.0529,1.78871,77.1136,0.151666,0.824254,0,0.0285301
0.665,0.665,4.89498,-6.48751,1.74834,76.2856,0.151666,0.824254,0,0.0285301
0.665,0.675,5.31971,-8.11015,1.7305,76.2998,0.151666,0.824254,0,0.0285301
0.665,0.685,6.24016,-9.75987,1.78018,77.8151,0.151666,0.824254,0,0.0285301
0.665,0.695,8.00297,-11.2421,1.93136,81.7143,0.151666,0.824254,0,0.0285301
0.665,0.705,11.2067,-12.4277,2.18183,89.0062,0.151666,0.824254,0,0.0285301
0.665,0.715,16.8762,-13.2948,2.48437,100.474,0.151666,0.824254,0,0.0285301
0.665,0.725,26.6208,-13.8931,2.7627,115.815,0.151666,0.824254,0,0.0285301
0.665,0.735,42.3809,-14.292,2.95105,131.906,0.151666,0.824254,0,0.0285301
0.665,0.745,65.1964,-14.5533,3.02198,141.72,0.151666,0.824254,0,0.0285301
0.665,0.755,93.5924,-14.7224,2.98042,138.192,0.151666,0.824254,0,0.0285301
0.665,0.765,123.307,-14.8297,2.86126,120.497,0.151666,0.824254,0,0.0285301
0.665,0.775,150.276,-14.8957,2.71807,96.7654,0.151666,0.824254,0,0.0285301
0.665,0.785,174.346,-14.9343,2.6034,77.7654,0.151666,0.824254,0,0.0285301
0.665,0.795,198.951,-14.9558,2.54398,68.5283,0.151666,0.824254,0,0.0285301
0.665,0.805,227.467,-14.968,2.53365,67.7053,0.151666,0.824254,0,0.0285301
0.665,0.815,261.067,-14.9755,2.55199,72.0491,0.151666,0.824254,0,0.0285301
0.665,0.825,299.265,-14.9805,2.58262,79.1724,0.151666,0.824254,0,0.0285301
0.665,0.835,341.05,-14.9843,2.61703,87.8004,0.151666,0.824254,0,0.0285301
0.665,0.845,385.448,-14.9873,2.65165,97.3125,0.151666,0.824254,0,0.0285301
0.665,0.855,431.613,-14.9897,2.68515,107.387,0.151666,0.824254,0,0.0285301
0.665,0.865,478.783,-14.9916,2.71702,117.82,0.151666,0.824254,0,0.0285301
0.665,0.875,526.235,-14.9932,2.7471,128.451,0.151666,0.824254,0,0.0285301
0.665,0.885,573.277,-14.9945,2.77529,139.137,0.151666,0.824254,0,0.0285301
0.665,0.895,619.25,-14.9956,2.80157,149.741,0.151666,0.824254,0,0.0285301
0.665,0.905,663.553,-14.9965,2.82595,160.131,0.151666,0.824254,0,0.0285301
0.665,0.915,705.658,-14.9972,2.84841,170.189,0.151666,0.824254,0,0.0285301
0.665,0.925,745.128,-14.9978,2.86898,179.804,0.151666,0.824254,0,0.0285301
0.665,0.935,781.625,-14.9983,2.88768,188.883,0.151666,0.824254,0,0.0285301
0.665,0.945,814.915,-14.9987,2.90455,197.349,0.151666,0.824254,0,0.0285301
0.665,0.955,844.868,-14.999,2.91964,205.141,0.151666,0.824254,0,0.0285301
0.665,0.965,871.454,-14.9993,2.93302,212.219,0.151666,0.824254,0,0.0285301
0.665,0.975,894.728,-14.9995,2.94476,218.561,0.151666,0.824254,0,0.0285301
0.665,0.985,914.821,-14.9996,2.95495,224.164,0.151666,0.824254,0,0.0285301
0.665,0.995,931.927,-14.9997,2.96369,229.043,0.151666,0.824254,0,0.0285301
0.675,0.005,9.80113,8.0594,-4.15257,99.7154,0.172708,0.891802,0,0.0342214
0.675,0.015,9.74386,8.02896,-4.02726,98.1314,0.172708,0.891802,0,0.0342214
0.675,0.025,9.68703,7.99766,-3.90194,96.5511,0.172708,0.891802,0,0.0342214
0.675,0.035,9.63084,7.9655,-3.7765,94.979,0.172708,0.891802,0,0.0342214
0.675,0.045,9.57731,7.93251,-3.65017,93.4437,0.172708,0.891802,0,0.0342214
0.675,0.055,9.52454,7.8989,-3.52368,91.9201,0.172708,0.891802,0,0.0342214
0.675,0.065,9.47201,7.86473,-3.39724,90.4019,0.172708,0.891802,0,0.0342214
0.675,0.075,9.41969,7.82999,-3.27086,88.8897,0.172708,0.891802,0,0.0342214
0.675,0.085,9.36753,7.79471,-3.14455,87.384,0.172708,0.891802,0,0.0342214
0.675,0.095,9.31551,7.75889,-3.01833,85.8855,0.172708,0.891802,0,0.0342214
0.675,0.105,9.26357,7.72254,-2.8922,84.3945,0.172708,0.891802,0,0.0342214
0.675,0.115,9.21167,7.68566,-2.76617,82.9116,0.172708,0.891802,0,0.0342214
0.675,0.125,9.15978,7.64826,-2.64026,81.4374,0.172708,0.891802,0,0.0342214
0.675,0.135,9.10785,7.61035,-2.51448,79.9723,0.172708,0.891802,0,0.0342214
0.675,0.145,9.05585,7.57193,-2.38884,78.5168,0.172708,0.891802,0,0.0342214
0.675,0.155,9.00373,7.533,-2.26336,77.0716,0.172708,0.891802,0,0.0342214
0.675,0.165,8.95148,7.49357,-2.13807,75.6371,0.172708,0.891802,0,0.0342214
0.675,0.175,8.89906,7.45362,-2.01298,74.2141,0.172708,0.891802,0,0.0342214
0.675,0.185,8.84647,7.41317,-1.88812,72.8032,0.172708,0.891802,0,0.0342214
0.675,0.195,8.7937,7.37219,-1.76353,71.4052,0.172708,0.891802,0,0.0342214
0.675,0.205,8.74076,7.33068,-1.63925,70.0209,0.172708,0.891802,0,0.0342214
0.675,0.215,8.68768,7.28862,-1.51532,68.6513,0.172708,0.891802,0,0.0342214
0.675,0.225,8.63451,7.24599,-1.39181,67.2977,0.172708,0.891802,0,0.0342214
0.675,0.235,8.58133,7.20277,-1.26877,65.9612,0.172708,0.891802,0,0.0342214
0.675,0.245,8.52826,7.15891,-1.1463,64.6437,0.172708,0.891802,0,0.0342214
0.675,0.255,8.47545,7.11437,-1.02449,63.347,0.172708,0.891802,0,0.0342214
0.675,0.265,8.42313,7.0691,-0.903478,62.0737,0.172708,0.891802,0,0.0342214
0.675,0.275,8.37159,7.02302,-0.783411,60.8267,0.172708,0.891802,0,0.0342214
0.675,0.285,8.32124,6.97606,-0.664487,59.61,0.172708,0.891802,0,0.0342214
0.675,0.295,8.2726,6.9281,-0.546948,58.4283,0.172708,0.891802,0,0.0342214
0.675,0.305,8.22639,6.879,-0.431104,57.2878,0.172708,0.891802,0,0.0342214
0.675,0.315,8.18354,6.82862,-0.317344,56.1963,0.172708,0.891802,0,0.0342214
0.675,0.325,8.14528,6.77671,-0.206164,55.1642,0.172708,0.891802,0,0.0342214
0.675,0.335,8.11329,6.72301,-0.0981917,54.2046,0.172708,0.891802,0,0.0342214
0.675,0.345,8.09255,6.66513,0.00596499,53.3392,0.172708,0.891802,0,0.0342214
0.675,0.355,8.08689,6.60062,0.105488,52.5801,0.172708,0.891802,0,0.0342214
0.675,0.365,8.09418,6.53321,0.198893,51.9551,0.172708,0.891802,0,0.0342214
0.675,0.375,8.11994,6.4619,0.284364,51.5067,0.172708,0.891802,0,0.0342214
0.675,0.385,8.17007,6.3857,0.360041,51.2796,0.172708,0.891802,0,0.0342214
0.675,0.395,8.25134,6.30342,0.423899,51.326,0.172708,0.891802,0,0.0342214
0.675,0.405,8.37121,6.21371,0.473908,51.7034,0.172708,0.891802,0,0.0342214
0.675,0.415,8.53707,6.11505,0.508356,52.4692,0.172708,0.891802,0,0.0342214
0.675,0.425,8.75496,6.0059,0.526298,53.6712,0.172708,0.891802,0,0.0342214
0.675,0.435,9.02815,5.88487,0.528053,55.3362,0.172708,0.891802,0,0.0342214
0.675,0.445,9.35576,5.75094,0.515422,57.4587,0.172708,0.891802,0,0.0342214
0.675,0.455,9.73203,5.60363,0.491572,59.9948,0.172708,0.891802,0,0.0342214
0.675,0.465,10.1464,5.44308,0.460576,62.8625,0.172708,0.891802,0,0.0342214
0.675,0.475,10.5843,5.27003,0.426765,65.9495,0.172708,0.891802,0,0.0342214
0.675,0.485,11.0282,5.08565,0.39412,69.1252,0.172708,0.891802,0,0.0342214
0.675,0.495,11.4584,4.89127,0.365842,72.2557,0.172708,0.891802,0,0.0342214
0.675,0.505,11.8535,4.68783,0.344209,75.2215,0.172708,0.891802,0,0.0342214
0.675,0.515,12.1808,4.47446,0.331032,77.9396,0.172708,0.891802,0,0.0342214
0.675,0.525,12.3517,4.24386,0.329468,80.396,0.172708,0.891802,0,0.0342214
0.675,0.535,12.1373,3.97261,0.347902,82.6615,0.172708,0.891802,0,0.0342214
0.675,0.545,11.2377,3.61067,0.404478,84.8122,0.172708,0.891802,0,0.0342214
0.675,0.555,9.69875,3.10122,0.523418,86.6098,0.172708,0.891802,0,0.0342214
0.675,0.565,8.08952,2.44987,0.713513,87.4022,0.172708,0.891802,0,0.0342214
0.675,0.575,6.91828,1.67705,0.952276,87.2764,0.172708,0.891802,0,0.0342214
0.675,0.585,6.20743,0.850681,1.19775,86.4739,0.172708,0.891802,0,0.0342214
0.675,0.595,5.76641,0.0427012,1.41193,85.3258,0.172708,0.891802,0,0.0342214
0.675,0.605,5.45365,-0.712654,1.57813,84.0186,0.172708,0.891802,0,0.0342214
0.675,0.615,5.21154,-1.42338,1.69786,82.5775,0.172708,0.891802,0,0.0342214
0.675,0.625,5.02254,-2.12962,1.77465,81.0469,0.172708,0.891802,0,0.0342214
0.675,0.635,4.87677,-2.89877,1.81094,79.5068,0.172708,0.891802,0,0.0342214
0.675,0.645,4.77629,-3.81707,1.80947,78.0794,0.172708,0.891802,0,0.0342214
0.675,0.655,4.7534,-4.9642,1.77797,76.9407,0.172708,0.891802,0,0.0342214
0.675,0.665,4.88424,-6.3691,1.73641,76.3575,0.172708,0.891802,0,0.0342214
0.675,0.675,5.29472,-7.97766,1.72107,76.7015,0.172708,0.891802,0,0.0342214
0.675,0.685,6.19145,-9.63671,1.77571,78.5817,0.172708,0.891802,0,0.0342214
0.675,0.695,7.92312,-11.147,1.93223,82.8113,0.172708,0.891802,0,0.0342214
0.675,0.705,11.09,-12.365,2.18703,90.3652,0.172708,0.891802,0,0.0342214
0.675,0.715,16.7183,-13.2582,2.49281,102.059,0.172708,0.891802,0,0.0342214
0.675,0.725,26.4251,-13.8735,2.7736,117.647,0.172708,0.891802,0,0.0342214
0.675,0.735,42.1754,-14.2824,2.96341,134.021,0.172708,0.891802,0,0.0342214
0.675,0.745,65.0476,-14.5492,3.03449,144.038,0.172708,0.891802,0,0.0342214
0.675,0.755,93.5791,-14.7211,2.99161,140.427,0.172708,0.891802,0,0.0342214
0.675,0.765,123.45,-14.8297,2.86987,122.258,0.172708,0.891802,0,0.0342214
0.675,0.775,150.495,-14.8961,2.72351,97.8374,0.172708,0.891802,0,0.0342214
0.675,0.785,174.53,-14.9346,2.60604,78.253,0.172708,0.891802,0,0.0342214
0.675,0.795,199.049,-14.956,2.5449,68.6906,0.172708,0.891802,0,0.0342214
0.675,0.805,227.496,-14.9681,2.53386,67.7412,0.172708,0.891802,0,0.0342214
0.675,0.815,261.066,-14.9755,2.552,72.0501,0.172708,0.891802,0,0.0342214
0.675,0.825,299.257,-14.9806,2.5826,79.1679,0.172708,0.891802,0,0.0342214
0.675,0.835,341.044,-14.9843,2.61702,87.797,0.172708,0.891802,0,0.0342214
0.675,0.845,385.444,-14.9873,2.65165,97.3108,0.172708,0.891802,0,0.0342214
0.675,0.855,431.611,-14.9897,2.68515,107.386,0.172708,0.891802,0,0.0342214
0.675,0.865,478.782,-14.9916,2.71702,117.819,0.172708,0.891802,0,0.0342214
0.675,0.875,526.235,-14.9932,2.74709,128.451,0.172708,0.891802,0,0.0342214
0.675,0.885,573.277,-14.9945,2.77529,139.137,0.172708,0.891802,0,0.0342214
0.675,0.895,619.25,-14.9956,2.80157,149.741,0.172708,0.891802,0,0.0342214
0.675,0.905,663.553,-14.9965,2.82595,160.131,0.172708,0.891802,0,0.0342214
0.675,0.915,705.658,-14.9972,2.84841,170.189,0.172708,0.891802,0,0.0342214
0.675,0.925,745.128,-14.9978,2.86898,179.804,0.172708,0.891802,0,0.0342214
0.675,0.935,781.625,-14.9983,2.88768,188.883,0.172708,0.891802,0,0.0342214
0.675,0.945,814.915,-14.9987,2.90455,197.349,0.172708,0.891802,0,0.0342214
0.675,0.955,844.868,-14.999,2.91964,205.141,0.172708,0.891802,0,0.0342214
0.675,0.965,871.454,-14.9993,2.93302,212.219,0.172708,0.891802,0,0.0342214
0.675,0.975,894.728,-14.9995,2.94476,218.561,0.172708,0.891802,0,0.0342214
0.675,0.985,914.821,-14.9996,2.95495,224.164,0.172708,0.891802,0,0.0342214
0.675,0.995,931.927,-14.9997,2.96369,229.043,0.172708,0.891802,0,0.0342214
0.685,0.005,9.68676,8.14198,-4.13139,98.0923,0.196023,0.959349,0,0.0408593
0.685,0.015,9.62941,8.11168,-4.00604,96.535,0.196023,0.959349,0,0.0408593
0.685,0.025,9.57244,8.08053,-3.88068,94.9812,0.196023,0.959349,0,0.0408593
0.685,0.035,9.51629,8.04851,-3.75513,93.4381,0.196023,0.959349,0,0.0408593
0.685,0.045,9.46276,8.01569,-3.62868,91.9315,0.196023,0.959349,0,0.0408593
0.685,0.055,9.40976,7.98227,-3.50215,90.4335,0.196023,0.959349,0,0.0408593
0.685,0.065,9.35697,7.94828,-3.37567,88.9407,0.196023,0.959349,0,0.0408593
0.685,0.075,9.30436,7.91373,-3.24926,87.4535,0.196023,0.959349,0,0.0408593
0.685,0.085,9.25189,7.87863,-3.12292,85.9727,0.196023,0.959349,0,0.0408593
0.685,0.095,9.19953,7.84297,-2.99667,84.4986,0.196023,0.959349,0,0.0408593
0.685,0.105,9.14723,7.80678,-2.87052,83.0318,0.196023,0.959349,0,0.0408593
0.685,0.115,9.09496,7.77006,-2.74447,81.5728,0.196023,0.959349,0,0.0408593
0.685,0.125,9.04266,7.7328,-2.61855,80.1221,0.196023,0.959349,0,0.0408593
0.685,0.135,8.99031,7.69502,-2.49276,78.6802,0.196023,0.959349,0,0.0408593
0.685,0.145,8.93787,7.65671,-2.36712,77.2476,0.196023,0.959349,0,0.0408593
0.685,0.155,8.88531,7.61788,-2.24165,75.8248,0.196023,0.959349,0,0.0408593
0.685,0.165,8.83259,7.57853,-2.11637,74.4125,0.196023,0.959349,0,0.0408593
0.685,0.175,8.7797,7.53865,-1.99131,73.0113,0.196023,0.959349,0,0.0408593
0.685,0.185,8.72664,7.49823,-1.8665,71.6219,0.196023,0.959349,0,0.0408593
0.685,0.195,8.67339,7.45727,-1.74197,70.2451,0.196023,0.959349,0,0.0408593
0.685,0.205,8.61998,7.41576,-1.61777,68.8817,0.196023,0.959349,0,0.0408593
0.685,0.215,8.56643,7.37366,-1.49395,67.5328,0.196023,0.959349,0,0.0408593
0.685,0.225,8.51281,7.33097,-1.37057,66.1996,0.196023,0.959349,0,0.0408593
0.685,0.235,8.45921,7.28764,-1.24771,64.8834,0.196023,0.959349,0,0.0408593
0.685,0.245,8.40574,7.24364,-1.12545,63.5861,0.196023,0.959349,0,0.0408593
0.685,0.255,8.35258,7.19892,-1.00391,62.3098,0.196023,0.959349,0,0.0408593
0.685,0.265,8.29998,7.15342,-0.883216,61.0569,0.196023,0.959349,0,0.0408593
0.685,0.275,8.24826,7.10706,-0.763545,59.8309,0.196023,0.959349,0,0.0408593
0.685,0.285,8.19784,7.05975,-0.645107,58.6357,0.196023,0.959349,0,0.0408593
0.685,0.295,8.14931,7.01137,-0.528166,57.4767,0.196023,0.959349,0,0.0408593
0.685,0.305,8.10344,6.96178,-0.413059,56.3604,0.196023,0.959349,0,0.0408593
0.685,0.315,8.06123,6.91079,-0.300212,55.2954,0.196023,0.959349,0,0.0408593
0.685,0.325,8.02405,6.85817,-0.190168,54.2929,0.196023,0.959349,0,0.0408593
0.685,0.335,7.99371,6.8036,-0.0836173,53.3674,0.196023,0.959349,0,0.0408593
0.685,0.345,7.97619,6.74396,0.0187838,52.543,0.196023,0.959349,0,0.0408593
0.685,0.355,7.97357,6.67812,0.116048,51.8312,0.196023,0.959349,0,0.0408593
0.685,0.365,7.98549,6.60912,0.206514,51.2671,0.196023,0.959349,0,0.0408593
0.685,0.375,8.01793,6.5358,0.288262,50.8957,0.196023,0.959349,0,0.0408593
0.685,0.385,8.07732,6.45703,0.359262,50.7667,0.196023,0.959349,0,0.0408593
0.685,0.395,8.17115,6.37147,0.417318,50.938,0.196023,0.959349,0,0.0408593
0.685,0.405,8.3075,6.27756,0.460297,51.4731,0.196023,0.959349,0,0.0408593
0.685,0.415,8.4941,6.17361,0.486527,52.4334,0.196023,0.959349,0,0.0408593
0.685,0.425,8.73685,6.05794,0.495369,53.8671,0.196023,0.959349,0,0.0408593
0.685,0.435,9.03807,5.92915,0.487719,55.7946,0.196023,0.959349,0,0.0408593
0.685,0.445,9.39506,5.78637,0.466178,58.1963,0.196023,0.959349,0,0.0408593
0.685,0.455,9.79949,5.62945,0.434783,61.007,0.196023,0.959349,0,0.0408593
0.685,0.465,10.2378,5.45903,0.398339,64.1191,0.196023,0.959349,0,0.0408593
0.685,0.475,10.6925,5.27642,0.361612,67.3946,0.196023,0.959349,0,0.0408593
0.685,0.485,11.1436,5.08332,0.328635,70.6832,0.196023,0.959349,0,0.0408593
0.685,0.495,11.5699,4.88142,0.302301,73.8415,0.196023,0.959349,0,0.0408593
0.685,0.505,11.9487,4.6714,0.284441,76.7565,0.196023,0.959349,0,0.0408593
0.685,0.515,12.2401,4.45035,0.276853,79.3738,0.196023,0.959349,0,0.0408593
0.685,0.525,12.3208,4.20541,0.284049,81.7272,0.196023,0.959349,0,0.0408593
0.685,0.535,11.9094,3.90377,0.317643,83.9176,0.196023,0.959349,0,0.0408593
0.685,0.545,10.7642,3.48685,0.399712,85.9721,0.196023,0.959349,0,0.0408593
0.685,0.555,9.14172,2.9245,0.550139,87.3652,0.196023,0.959349,0,0.0408593
0.685,0.565,7.68721,2.23246,0.764499,87.7457,0.196023,0.959349,0,0.0408593
0.685,0.575,6.71849,1.44868,1.01106,87.3091,0.196023,0.959349,0,0.0408593
0.685,0.585,6.12748,0.645566,1.24777,86.3465,0.196023,0.959349,0,0.0408593
0.685,0.595,5.72719,-0.11893,1.44676,85.1343,0.196023,0.959349,0,0.0408593
0.685,0.605,5.4237,-0.825471,1.59981,83.7788,0.196023,0.959349,0,0.0408593
0.685,0.615,5.18793,-1.48842,1.71012,82.2916,0.196023,0.959349,0,0.0408593
0.685,0.625,5.00755,-2.14937,1.77992,80.7363,0.196023,0.959349,0,0.0408593
0.685,0.635,4.87038,-2.87577,1.81065,79.2183,0.196023,0.959349,0,0.0408593
0.685,0.645,4.77608,-3.75333,1.80482,77.8837,0.196023,0.959349,0,0.0408593
0.685,0.655,4.75504,-4.86356,1.77054,76.9241,0.196023,0.959349,0,0.0408593
0.685,0.665,4.88127,-6.23863,1.72859,76.6159,0.196023,0.959349,0,0.0408593
0.685,0.675,5.27711,-7.83419,1.71574,77.2934,0.196023,0.959349,0,0.0408593
0.685,0.685,6.14887,-9.50487,1.77446,79.5149,0.196023,0.959349,0,0.0408593
0.685,0.695,7.84792,-11.046,1.93503,84.038,0.196023,0.959349,0,0.0408593
0.685,0.705,10.9766,-12.2986,2.19308,91.8194,0.196023,0.959349,0,0.0408593
0.685,0.715,16.5623,-13.2191,2.50149,103.715,0.196023,0.959349,0,0.0408593
0.685,0.725,26.2288,-13.8522,2.78447,119.539,0.196023,0.959349,0,0.0408593
0.685,0.735,41.9647,-14.2716,2.97571,136.192,0.196023,0.959349,0,0.0408593
0.685,0.745,64.8879,-14.5442,3.047,146.419,0.196023,0.959349,0,0.0408593
0.685,0.755,93.5525,-14.7191,3.00294,142.74,0.196023,0.959349,0,0.0408593
0.685,0.765,123.585,-14.8292,2.87875,124.108,0.196023,0.959349,0,0.0408593
0.685,0.775,150.721,-14.8961,2.72926,98.9907,0.196023,0.959349,0,0.0408593
0.685,0.785,174.731,-14.9348,2.60896,78.7991,0.196023,0.959349,0,0.0408593
0.685,0.795,199.167,-14.9562,2.54601,68.8873,0.196023,0.959349,0,0.0408593
0.685,0.805,227.542,-14.9682,2.53417,67.7948,0.196023,0.959349,0,0.0408593
0.685,0.815,261.076,-14.9755,2.55206,72.0593,0.196023,0.959349,0,0.0408593
0.685,0.825,299.255,-14.9806,2.5826,79.1671,0.196023,0.959349,0,0.0408593
0.685,0.835,341.041,-14.9843,2.61701,87.7953,0.196023,0.959349,0,0.0408593
0.685,0.845,385.442,-14.9873,2.65164,97.3097,0.196023,0.959349,0,0.0408593
0.685,0.855,431.61,-14.9897,2.68514,107.385,0.196023,0.959349,0,0.0408593
0.685,0.865,478.781,-14.9916,2.71702,117.819,0.196023,0.959349,0,0.0408593
0.685,0.875,526.235,-14.9932,2.74709,128.451,0.196023,0.959349,0,0.0408593
0.685,0.885,573.277,-14.9945,2.77529,139.137,0.196023,0.959349,0,0.0408593
0.685,0.895,619.25,-14.9956,2.80157,149.741,0.196023,0.959349,0,0.0408593
0.685,0.905,663.553,-14.9965,2.82595,160.131,0.196023,0.959349,0,0.0408593
0.685,0.915,705.658,-14.9972,2.84841,170.189,0.196023,0.959349,0,0.0408593
0.685,0.925,745.128,-14.9978,2.86898,179.804,0.196023,0.959349,0,0.0408593
0.685,0.935,781.625,-14.9983,2.88768,188.883,0.196023,0.959349,0,0.0408593
0.685,0.945,814.915,-14.9987,2.90455,197.349,0.196023,0.959349,0,0.0408593
0.685,0.955,844.868,-14.999,2.91964,205.141,0.196023,0.959349,0,0.0408593
0.685,0.965,871.454,-14.9993,2.93302,212.219,0.196023,0.959349,0,0.0408593
0.685,0.975,894.728,-14.9995,2.94476,218.561,0.196023,0.959349,0,0.0408593
0.685,0.985,914.821,-14.9996,2.95495,224.164,0.196023,0.959349,0,0.0408593
0.685,0.995,931.927,-14.9997,2.96369,229.043,0.196023,0.959349,0,0.0408593
0.695,0.005,9.57359,8.22441,-4.11027,96.4934,0.221791,1.0269,0,0.0485716
0.695,0.015,9.51614,8.19425,-3.98488,94.9621,0.221791,1.0269,0,0.0485716
0.695,0.025,9.45905,8.16323,-3.85948,93.4342,0.221791,1.0269,0,0.0485716
0.695,0.035,9.40297,8.13135,-3.7338,91.9199,0.221791,1.0269,0,0.0485716
0.695,0.045,9.34938,8.0987,-3.60726,90.4405,0.221791,1.0269,0,0.0485716
0.695,0.055,9.29615,8.06545,-3.48069,88.9673,0.221791,1.0269,0,0.0485716
0.695,0.065,9.2431,8.03163,-3.35418,87.4991,0.221791,1.0269,0,0.0485716
0.695,0.075,9.1902,7.99724,-3.22774,86.0363,0.221791,1.0269,0,0.0485716
0.695,0.085,9.13741,7.9623,-3.10138,84.5795,0.221791,1.0269,0,0.0485716
0.695,0.095,9.08471,7.9268,-2.9751,83.1292,0.221791,1.0269,0,0.0485716
0.695,0.105,9.03205,7.89075,-2.84893,81.6859,0.221791,1.0269,0,0.0485716
0.695,0.115,8.97938,7.85416,-2.72287,80.25,0.221791,1.0269,0,0.0485716
0.695,0.125,8.92668,7.81703,-2.59694,78.822,0.221791,1.0269,0,0.0485716
0.695,0.135,8.87391,7.77935,-2.47115,77.4025,0.221791,1.0269,0,0.0485716
0.695,0.145,8.82102,7.74114,-2.34552,75.992,0.221791,1.0269,0,0.0485716
0.695,0.155,8.768,7.70239,-2.22007,74.5911,0.221791,1.0269,0,0.0485716
0.695,0.165,8.71481,7.6631,-2.09482,73.2002,0.221791,1.0269,0,0.0485716
0.695,0.175,8.66145,7.62326,-1.96981,71.8201,0.221791,1.0269,0,0.0485716
0.695,0.185,8.6079,7.58286,-1.84506,70.4515,0.221791,1.0269,0,0.0485716
0.695,0.195,8.55416,7.5419,-1.72061,69.0952,0.221791,1.0269,0,0.0485716
0.695,0.205,8.50027,7.50035,-1.59652,67.7521,0.221791,1.0269,0,0.0485716
0.695,0.215,8.44625,7.45819,-1.47283,66.4232,0.221791,1.0269,0,0.0485716
0.695,0.225,8.39217,7.4154,-1.34961,65.1098,0.221791,1.0269,0,0.0485716
0.695,0.235,8.33813,7.37195,-1.22694,63.8134,0.221791,1.0269,0,0.0485716
0.695,0.245,8.28427,7.32778,-1.10493,62.5358,0.221791,1.0269,0,0.0485716
0.695,0.255,8.23077,7.28284,-0.983684,61.2792,0.221791,1.0269,0,0.0485716
0.695,0.265,8.1779,7.23707,-0.863358,60.0465,0.221791,1.0269,0,0.0485716
0.695,0.275,8.12601,7.19039,-0.744132,58.8412,0.221791,1.0269,0,0.0485716
0.695,0.285,8.07556,7.14269,-0.626238,57.6676,0.221791,1.0269,0,0.0485716
0.695,0.295,8.0272,7.09384,-0.509964,56.5313,0.221791,1.0269,0,0.0485716
0.695,0.305,7.98175,7.0437,-0.395678,55.4397,0.221791,1.0269,0,0.0485716
0.695,0.315,7.94034,6.99204,-0.283849,54.402,0.221791,1.0269,0,0.0485716
0.695,0.325,7.90443,6.93863,-0.175074,53.4306,0.221791,1.0269,0,0.0485716
0.695,0.335,7.87604,6.88309,-0.070118,52.5413,0.221791,1.0269,0,0.0485716
0.695,0.345,7.86215,6.82151,0.0302904,51.7614,0.221791,1.0269,0,0.0485716
0.695,0.355,7.86317,6.75426,0.124979,51.1026,0.221791,1.0269,0,0.0485716
0.695,0.365,7.88071,6.68344,0.212087,50.6076,0.221791,1.0269,0,0.0485716
0.695,0.375,7.92123,6.60778,0.289557,50.325,0.221791,1.0269,0,0.0485716
0.695,0.385,7.99192,6.52598,0.355144,50.311,0.221791,1.0269,0,0.0485716
0.695,0.395,8.10107,6.43647,0.406461,50.6311,0.221791,1.0269,0,0.0485716
0.695,0.405,8.25749,6.33748,0.441286,51.3556,0.221791,1.0269,0,0.0485716
0.695,0.415,8.46924,6.22708,0.458082,52.5502,0.221791,1.0269,0,0.0485716
0.695,0.425,8.74173,6.10348,0.456707,54.2611,0.221791,1.0269,0,0.0485716
0.695,0.435,9.07576,5.96535,0.438892,56.4974,0.221791,1.0269,0,0.0485716
0.695,0.445,9.46597,5.81213,0.408302,59.2182,0.221791,1.0269,0,0.0485716
0.695,0.455,9.90057,5.64422,0.370005,62.3283,0.221791,1.0269,0,0.0485716
0.695,0.465,10.3624,5.46297,0.329534,65.6876,0.221791,1.0269,0,0.0485716
0.695,0.475,10.8307,5.27045,0.291901,69.1297,0.221791,1.0269,0,0.0485716
0.695,0.485,11.2833,5.06894,0.260884,72.4864,0.221791,1.0269,0,0.0485716
0.695,0.495,11.6979,4.86046,0.238743,75.6115,0.221791,1.0269,0,0.0485716
0.695,0.505,12.0511,4.64469,0.226725,78.4129,0.221791,1.0269,0,0.0485716
0.695,0.515,12.2903,4.41508,0.226987,80.8818,0.221791,1.0269,0,0.0485716
0.695,0.525,12.2439,4.15132,0.246205,83.1041,0.221791,1.0269,0,0.0485716
0.695,0.535,11.5948,3.81121,0.299589,85.1872,0.221791,1.0269,0,0.0485716
0.695,0.545,10.2392,3.3342,0.410895,87.0723,0.221791,1.0269,0,0.0485716
0.695,0.555,8.6335,2.72737,0.591831,87.9492,0.221791,1.0269,0,0.0485716
0.695,0.565,7.37883,2.00657,0.824008,87.9426,0.221791,1.0269,0,0.0485716
0.695,0.575,6.58328,1.22656,1.07068,87.2606,0.221791,1.0269,0,0.0485716
0.695,0.585,6.06913,0.45555,1.29481,86.196,0.221791,1.0269,0,0.0485716
0.695,0.595,5.68694,-0.26414,1.47911,84.9433,0.221791,1.0269,0,0.0485716
0.695,0.605,5.38904,-0.923622,1.62097,83.5502,0.221791,1.0269,0,0.0485716
0.695,0.615,5.16264,-1.54046,1.72314,82.0368,0.221791,1.0269,0,0.0485716
0.695,0.625,4.99446,-2.15715,1.78676,80.4888,0.221791,1.0269,0,0.0485716
0.695,0.635,4.86876,-2.84119,1.81265,79.0357,0.221791,1.0269,0,0.0485716
0.695,0.645,4.78293,-3.67779,1.80334,77.8409,0.221791,1.0269,0,0.0485716
0.695,0.655,4.76534,-4.7507,1.7672,77.0995,0.221791,1.0269,0,0.0485716
0.695,0.665,4.88717,-6.09649,1.72534,77.0803,0.221791,1.0269,0,0.0485716
0.695,0.675,5.2676,-7.68036,1.7146,78.0826,0.221791,1.0269,0,0.0485716
0.695,0.685,6.11299,-9.36489,1.77629,80.6145,0.221791,1.0269,0,0.0485716
0.695,0.695,7.77822,-10.9394,1.93962,85.3933,0.221791,1.0269,0,0.0485716
0.695,0.705,10.8681,-12.2286,2.19996,93.3718,0.221791,1.0269,0,0.0485716
0.695,0.715,16.4108,-13.1776,2.51045,105.451,0.221791,1.0269,0,0.0485716
0.695,0.725,26.036,-13.8292,2.7954,121.5,0.221791,1.0269,0,0.0485716
0.695,0.735,41.7548,-14.2594,2.988,138.428,0.221791,1.0269,0,0.0485716
0.695,0.745,64.7244,-14.5381,3.05955,148.868,0.221791,1.0269,0,0.0485716
0.695,0.755,93.5193,-14.7163,3.01439,145.128,0.221791,1.0269,0,0.0485716
0.695,0.765,123.718,-14.8281,2.88785,126.036,0.221791,1.0269,0,0.0485716
0.695,0.775,150.954,-14.8958,2.73528,100.214,0.221791,1.0269,0,0.0485716
0.695,0.785,174.948,-14.9348,2.6121,79.3941,0.221791,1.0269,0,0.0485716
0.695,0.795,199.301,-14.9562,2.54727,69.1123,0.221791,1.0269,0,0.0485716
0.695,0.805,227.602,-14.9682,2.53455,67.8627,0.221791,1.0269,0,0.0485716
0.695,0.815,261.094,-14.9756,2.55214,72.0753,0.221791,1.0269,0,0.0485716
0.695,0.825,299.258,-14.9806,2.58261,79.1693,0.221791,1.0269,0,0.0485716
0.695,0.835,341.04,-14.9843,2.61701,87.7948,0.221791,1.0269,0,0.0485716
0.695,0.845,385.441,-14.9873,2.65164,97.3091,0.221791,1.0269,0,0.0485716
0.695,0.855,431.609,-14.9897,2.68514,107.385,0.221791,1.0269,0,0.0485716
0.695,0.865,478.781,-14.9916,2.71702,117.819,0.221791,1.0269,0,0.0485716
0.695,0.875,526.235,-14.9932,2.74709,128.451,0.221791,1.0269,0,0.0485716
0.695,0.885,573.276,-14.9945,2.77529,139.137,0.221791,1.0269,0,0.0485716
0.695,0.895,619.25,-14.9956,2.80157,149.741,0.221791,1.0269,0,0.0485716
0.695,0.905,663.553,-14.9965,2.82595,160.131,0.221791,1.0269,0,0.0485716
0.695,0.915,705.658,-14.9972,2.84841,170.189,0.221791,1.0269,0,0.0485716
0.695,0.925,745.128,-14.9978,2.86898,179.804,0.221791,1.0269,0,0.0485716
0.695,0.935,781.625,-14.9983,2.88768,188.883,0.221791,1.0269,0,0.0485716
0.695,0.945,814.915,-14.9987,2.90455,197.349,0.221791,1.0269,0,0.0485716
0.695,0.955,844.868,-14.999,2.91964,205.141,0.221791,1.0269,0,0.0485716
0.695,0.965,871.454,-14.9993,2.93302,212.219,0.221791,1.0269,0,0.0485716
0.695,0.975,894.728,-14.9995,2.94476,218.561,0.221791,1.0269,0,0.0485716
0.695,0.985,914.821,-14.9996,2.95495,224.164,0.221791,1.0269,0,0.0485716
0.695,0.995,931.927,-14.9997,2.96369,229.043,0.221791,1.0269,0,0.0485716
0.705,0.005,9.46153,8.30669,-4.08922,94.9176,0.250201,1.09444,0,0.0574994
0.705,0.015,9.40398,8.27665,-3.9638,93.4115,0.250201,1.09444,0,0.0574994
0.705,0.025,9.34675,8.24576,-3.83836,91.9087,0.250201,1.09444,0,0.0574994
0.705,0.035,9.29078,8.214,-3.71253,90.4231,0.250201,1.09444,0,0.0574994
0.705,0.045,9.23709,8.1815,-3.58591,88.9694,0.250201,1.09444,0,0.0574994
0.705,0.055,9.18362,8.14841,-3.45931,87.5204,0.250201,1.09444,0,0.0574994
0.705,0.065,9.1303,8.11475,-3.33277,86.076,0.250201,1.09444,0,0.0574994
0.705,0.075,9.0771,8.08051,-3.20631,84.6368,0.250201,1.09444,0,0.0574994
0.705,0.085,9.024,8.04571,-3.07992,83.2034,0.250201,1.09444,0,0.0574994
0.705,0.095,8.97095,8.01035,-2.95363,81.776,0.250201,1.09444,0,0.0574994
0.705,0.105,8.91791,7.97443,-2.82745,80.3554,0.250201,1.09444,0,0.0574994
0.705,0.115,8.86485,7.93795,-2.70139,78.9419,0.250201,1.09444,0,0.0574994
0.705,0.125,8.81174,7.90092,-2.57546,77.536,0.250201,1.09444,0,0.0574994
0.705,0.135,8.75853,7.86333,-2.44968,76.1382,0.250201,1.09444,0,0.0574994
0.705,0.145,8.70519,7.8252,-2.32406,74.7491,0.250201,1.09444,0,0.0574994
0.705,0.155,8.6517,7.7865,-2.19864,73.3692,0.250201,1.09444,0,0.0574994
0.705,0.165,8.59804,7.74725,-2.07344,71.999,0.250201,1.09444,0,0.0574994
0.705,0.175,8.54418,7.70742,-1.94849,70.6394,0.250201,1.09444,0,0.0574994
0.705,0.185,8.49014,7.66702,-1.82382,69.2909,0.250201,1.09444,0,0.0574994
0.705,0.195,8.43591,7.62603,-1.69947,67.9544,0.250201,1.09444,0,0.0574994
0.705,0.205,8.38152,7.58442,-1.5755,66.6308,0.250201,1.09444,0,0.0574994
0.705,0.215,8.32702,7.54217,-1.45196,65.3213,0.250201,1.09444,0,0.0574994
0.705,0.225,8.27247,7.49926,-1.32893,64.0272,0.250201,1.09444,0,0.0574994
0.705,0.235,8.218,7.45564,-1.2065,62.75,0.250201,1.09444,0,0.0574994
0.705,0.245,8.16374,7.41126,-1.08476,61.4916,0.250201,1.09444,0,0.0574994
0.705,0.255,8.1099,7.36608,-0.963858,60.2546,0.250201,1.09444,0,0.0574994
0.705,0.265,8.05678,7.32,-0.843942,59.0417,0.250201,1.09444,0,0.0574994
0.705,0.275,8.00475,7.27295,-0.725215,57.8569,0.250201,1.09444,0,0.0574994
0.705,0.285,7.95433,7.22482,-0.607929,56.7049,0.250201,1.09444,0,0.0574994
0.705,0.295,7.90621,7.17545,-0.492401,55.5918,0.250201,1.09444,0,0.0574994
0.705,0.305,7.86131,7.12469,-0.379033,54.5255,0.250201,1.09444,0,0.0574994
0.705,0.315,7.82086,7.07229,-0.268343,53.5165,0.250201,1.09444,0,0.0574994
0.705,0.325,7.7865,7.01799,-0.160995,52.5782,0.250201,1.09444,0,0.0574994
0.705,0.335,7.76054,6.96131,-0.0578405,51.7287,0.250201,1.09444,0,0.0574994
0.705,0.345,7.75065,6.89773,0.040282,50.9973,0.250201,1.09444,0,0.0574994
0.705,0.355,7.75625,6.82885,0.131991,50.3997,0.250201,1.09444,0,0.0574994
0.705,0.365,7.7808,6.75589,0.215205,49.9852,0.250201,1.09444,0,0.0574994
0.705,0.375,7.83139,6.67743,0.287663,49.8083,0.250201,1.09444,0,0.0574994
0.705,0.385,7.91619,6.59192,0.346862,49.9338,0.250201,1.09444,0,0.0574994
0.705,0.395,8.04456,6.49752,0.390203,50.4367,0.250201,1.09444,0,0.0574994
0.705,0.405,8.22609,6.39214,0.415415,51.3957,0.250201,1.09444,0,0.0574994
0.705,0.415,8.46898,6.27362,0.421298,52.8799,0.250201,1.09444,0,0.0574994
0.705,0.425,8.77764,6.14011,0.408497,54.9292,0.250201,1.09444,0,0.0574994
0.705,0.435,9.15033,5.9905,0.379957,57.5332,0.250201,1.09444,0,0.0574994
0.705,0.445,9.57791,5.82481,0.340709,60.6185,0.250201,1.09444,0,0.0574994
0.705,0.455,10.0441,5.64431,0.296956,64.0496,0.250201,1.09444,0,0.0574994
0.705,0.465,10.5274,5.45138,0.254796,67.6466,0.250201,1.09444,0,0.0574994
0.705,0.475,11.0039,5.24903,0.219111,71.2138,0.250201,1.09444,0,0.0574994
0.705,0.485,11.4498,5.04013,0.192973,74.5716,0.250201,1.09444,0,0.0574994
0.705,0.495,11.8427,4.82676,0.177629,77.5825,0.250201,1.09444,0,0.0574994
0.705,0.505,12.1585,4.60626,0.173747,80.1969,0.250201,1.09444,0,0.0574994
0.705,0.515,12.3229,4.36631,0.184491,82.4694,0.250201,1.09444,0,0.0574994
0.705,0.525,12.1048,4.07782,0.219564,84.5286,0.250201,1.09444,0,0.0574994
0.705,0.535,11.1968,3.69084,0.297862,86.4461,0.250201,1.09444,0,0.0574994
0.705,0.545,9.69838,3.16064,0.440307,87.9271,0.250201,1.09444,0,0.0574994
0.705,0.555,8.21241,2.51487,0.64717,88.3624,0.250201,1.09444,0,0.0574994
0.705,0.565,7.16343,1.77933,0.889681,88.0271,0.250201,1.09444,0,0.0574994
0.705,0.575,6.49411,1.01592,1.12994,87.1725,0.250201,1.09444,0,0.0574994
0.705,0.585,6.01804,0.282274,1.33986,86.0513,0.250201,1.09444,0,0.0574994
0.705,0.595,5.64139,-0.392956,1.51095,84.7755,0.250201,1.09444,0,0.0574994
0.705,0.605,5.35081,-1.00698,1.64317,83.36,0.250201,1.09444,0,0.0574994
0.705,0.615,5.13818,-1.57895,1.73817,81.8465,0.250201,1.09444,0,0.0574994
0.705,0.625,4.98574,-2.15221,1.79626,80.3437,0.250201,1.09444,0,0.0574994
0.705,0.635,4.87404,-2.7944,1.81795,78.9999,0.250201,1.09444,0,0.0574994
0.705,0.645,4.79867,-3.59026,1.80585,77.9882,0.250201,1.09444,0,0.0574994
0.705,0.655,4.78588,-4.62556,1.7685,77.4986,0.250201,1.09444,0,0.0574994
0.705,0.665,4.90278,-5.94333,1.72694,77.7638,0.250201,1.09444,0,0.0574994
0.705,0.675,5.2666,-7.51702,1.71754,79.0703,0.250201,1.09444,0,0.0574994
0.705,0.685,6.08422,-9.21736,1.78097,81.8772,0.250201,1.09444,0,0.0574994
0.705,0.695,7.71474,-10.8273,1.94585,86.8756,0.250201,1.09444,0,0.0574994
0.705,0.705,10.7657,-12.1548,2.20765,95.0252,0.250201,1.09444,0,0.0574994
0.705,0.715,16.266,-13.1335,2.51977,107.273,0.250201,1.09444,0,0.0574994
0.705,0.725,25.8505,-13.8043,2.80647,123.541,0.250201,1.09444,0,0.0574994
0.705,0.735,41.5511,-14.2459,3.00035,140.739,0.250201,1.09444,0,0.0574994
0.705,0.745,64.564,-14.5311,3.07215,151.389,0.250201,1.09444,0,0.0574994
0.705,0.755,93.4855,-14.7129,3.02594,147.586,0.250201,1.09444,0,0.0574994
0.705,0.765,123.85,-14.8266,2.89709,128.032,0.250201,1.09444,0,0.0574994
0.705,0.775,151.191,-14.8953,2.74147,101.492,0.250201,1.09444,0,0.0574994
0.705,0.785,175.174,-14.9347,2.61541,80.0275,0.250201,1.09444,0,0.0574994
0.705,0.795,199.448,-14.9562,2.54864,69.3592,0.250201,1.09444,0,0.0574994
0.705,0.805,227.671,-14.9683,2.53499,67.9416,0.250201,1.09444,0,0.0574994
0.705,0.815,261.119,-14.9756,2.55226,72.0965,0.250201,1.09444,0,0.0574994
0.705,0.825,299.265,-14.9806,2.58264,79.1738,0.250201,1.09444,0,0.0574994
0.705,0.835,341.04,-14.9843,2.61701,87.7953,0.250201,1.09444,0,0.0574994
0.705,0.845,385.441,-14.9873,2.65164,97.309,0.250201,1.09444,0,0.0574994
0.705,0.855,431.609,-14.9897,2.68514,107.385,0.250201,1.09444,0,0.0574994
0.705,0.865,478.781,-14.9916,2.71702,117.819,0.250201,1.09444,0,0.0574994
0.705,0.875,526.235,-14.9932,2.74709,128.451,0.250201,1.09444,0,0.0574994
0.705,0.885,573.276,-14.9945,2.77529,139.137,0.250201,1.09444,0,0.0574994
0.705,0.895,619.25,-14.9956,2.80157,149.741,0.250201,1.09444,0,0.0574994
0.705,0.905,663.553,-14.9965,2.82595,160.131,0.250201,1.09444,0,0.0574994
0.705,0.915,705.658,-14.9972,2.84841,170.189,0.250201,1.09444,0,0.0574994
0.705,0.925,745.128,-14.9978,2.86898,179.804,0.250201,1.09444,0,0.0574994
0.705,0.935,781.625,-14.9983,2.88768,188.883,0.250201,1.09444,0,0.0574994
0.705,0.945,814.915,-14.9987,2.90455,197.349,0.250201,1.09444,0,0.0574994
0.705,0.955,844.868,-14.999,2.91964,205.141,0.250201,1.09444,0,0.0574994
0.705,0.965,871.454,-14.9993,2.93302,212.219,0.250201,1.09444,0,0.0574994
0.705,0.975,894.728,-14.9995,2.94476,218.561,0.250201,1.09444,0,0.0574994
0.705,0.985,914.821,-14.9996,2.95495,224.164,0.250201,1.09444,0,0.0574994
0.705,0.995,931.927,-14.9997,2.96369,229.043,0.250201,1.09444,0,0.0574994
0.715,0.005,9.3505,8.3888,-4.06825,93.3636,0.281449,1.16199,0,0.0677984
0.715,0.015,9.29284,8.35887,-3.94279,91.882,0.281449,1.16199,0,0.0677984
0.715,0.025,9.23547,8.32809,-3.81732,90.4035,0.281449,1.16199,0,0.0677984
0.715,0.035,9.17964,8.29645,-3.69133,88.9464,0.281449,1.16199,0,0.0677984
0.715,0.045,9.12578,8.26408,-3.56465,87.517,0.281449,1.16199,0,0.0677984
0.715,0.055,9.07207,8.23114,-3.43802,86.0914,0.281449,1.16199,0,0.0677984
0.715,0.065,9.01847,8.19762,-3.31146,84.6702,0.281449,1.16199,0,0.0677984
0.715,0.075,8.96497,8.16351,-3.18497,83.2538,0.281449,1.16199,0,0.0677984
0.715,0.085,8.91154,8.12884,-3.05857,81.8429,0.281449,1.16199,0,0.0677984
0.715,0.095,8.85813,8.0936,-2.93228,80.4379,0.281449,1.16199,0,0.0677984
0.715,0.105,8.80472,8.05778,-2.80609,79.0392,0.281449,1.16199,0,0.0677984
0.715,0.115,8.75126,8.0214,-2.68003,77.6473,0.281449,1.16199,0,0.0677984
0.715,0.125,8.69772,7.98445,-2.55411,76.2627,0.281449,1.16199,0,0.0677984
0.715,0.135,8.64406,7.94694,-2.42835,74.8859,0.281449,1.16199,0,0.0677984
0.715,0.145,8.59026,7.90885,-2.30277,73.5175,0.281449,1.16199,0,0.0677984
0.715,0.155,8.5363,7.87019,-2.17739,72.1579,0.281449,1.16199,0,0.0677984
0.715,0.165,8.48214,7.83095,-2.05225,70.8078,0.281449,1.16199,0,0.0677984
0.715,0.175,8.42779,7.79112,-1.92737,69.4679,0.281449,1.16199,0,0.0677984
0.715,0.185,8.37324,7.75068,-1.8028,68.1388,0.281449,1.16199,0,0.0677984
0.715,0.195,8.3185,7.70963,-1.67857,66.8215,0.281449,1.16199,0,0.0677984
0.715,0.205,8.26361,7.66793,-1.55475,65.5169,0.281449,1.16199,0,0.0677984
0.715,0.215,8.20861,7.62556,-1.43139,64.2262,0.281449,1.16199,0,0.0677984
0.715,0.225,8.1536,7.58249,-1.30858,62.9508,0.281449,1.16199,0,0.0677984
0.715,0.235,8.09868,7.53868,-1.18641,61.6923,0.281449,1.16199,0,0.0677984
0.715,0.245,8.04403,7.49406,-1.06499,60.4528,0.281449,1.16199,0,0.0677984
0.715,0.255,7.98987,7.44858,-0.944467,59.2349,0.281449,1.16199,0,0.0677984
0.715,0.265,7.93652,7.40216,-0.825013,58.0418,0.281449,1.16199,0,0.0677984
0.715,0.275,7.8844,7.3547,-0.706846,56.8776,0.281449,1.16199,0,0.0677984
0.715,0.285,7.83407,7.30608,-0.590241,55.7474,0.281449,1.16199,0,0.0677984
0.715,0.295,7.7863,7.25613,-0.475546,54.658,0.281449,1.16199,0,0.0677984
0.715,0.305,7.74211,7.20468,-0.363209,53.6183,0.281449,1.16199,0,0.0677984
0.715,0.315,7.70288,7.15146,-0.253804,52.6397,0.281449,1.16199,0,0.0677984
0.715,0.325,7.67045,7.09614,-0.148078,51.7376,0.281449,1.16199,0,0.0677984
0.715,0.335,7.64754,7.03812,-0.0469851,50.9327,0.281449,1.16199,0,0.0677984
0.715,0.345,7.64226,6.97243,0.0484716,50.2564,0.281449,1.16199,0,0.0677984
0.715,0.355,7.65384,6.9016,0.136666,49.7316,0.281449,1.16199,0,0.0677984
0.715,0.365,7.68738,6.82603,0.215253,49.4146,0.281449,1.16199,0,0.0677984
0.715,0.375,7.75098,6.74405,0.281684,49.3687,0.281449,1.16199,0,0.0677984
0.715,0.385,7.85411,6.6538,0.33314,49.6705,0.281449,1.16199,0,0.0677984
0.715,0.395,8.00742,6.55304,0.366801,50.4074,0.281449,1.16199,0,0.0677984
0.715,0.405,8.22134,6.43929,0.380499,51.6675,0.281449,1.16199,0,0.0677984
0.715,0.415,8.50377,6.31015,0.373696,53.5206,0.281449,1.16199,0,0.0677984
0.715,0.425,8.85705,6.16385,0.348321,55.9918,0.281449,1.16199,0,0.0677984
0.715,0.435,9.27548,5.99983,0.309032,59.0375,0.281449,1.16199,0,0.0677984
0.715,0.445,9.74451,5.81915,0.262517,62.536,0.281449,1.16199,0,0.0677984
0.715,0.455,10.2422,5.62447,0.216017,66.2982,0.281449,1.16199,0,0.0677984
0.715,0.465,10.7422,5.4196,0.175737,70.0988,0.281449,1.16199,0,0.0677984
0.715,0.475,11.2179,5.20854,0.145791,73.7172,0.281449,1.16199,0,0.0677984
0.715,0.485,11.6454,4.99438,0.127989,76.9777,0.281449,1.16199,0,0.0677984
0.715,0.495,12.0039,4.77873,0.122273,79.7706,0.281449,1.16199,0,0.0677984
0.715,0.505,12.2674,4.55443,0.129015,82.1165,0.281449,1.16199,0,0.0677984
0.715,0.515,12.3264,4.3013,0.153237,84.1441,0.281449,1.16199,0,0.0677984
0.715,0.525,11.8926,3.98143,0.208146,86.0016,0.281449,1.16199,0,0.0677984
0.715,0.535,10.7441,3.54048,0.315451,87.6887,0.281449,1.16199,0,0.0677984
0.715,0.545,9.2074,2.96743,0.488945,88.6305,0.281449,1.16199,0,0.0677984
0.715,0.555,7.90074,2.29374,0.714931,88.6522,0.281449,1.16199,0,0.0677984
0.715,0.565,7.02544,1.55788,0.959487,88.0559,0.281449,1.16199,0,0.0677984
0.715,0.575,6.42974,0.820615,1.18869,87.0943,0.281449,1.16199,0,0.0677984
0.715,0.585,5.96362,0.126623,1.38464,85.9472,0.281449,1.16199,0,0.0677984
0.715,0.595,5.58995,-0.505124,1.54412,84.6624,0.281449,1.16199,0,0.0677984
0.715,0.605,5.31169,-1.0749,1.66787,83.2432,0.281449,1.16199,0,0.0677984
0.715,0.615,5.11746,-1.603,1.75639,81.7599,0.281449,1.16199,0,0.0677984
0.715,0.625,4.98378,-2.13377,1.80949,80.3412,0.281449,1.16199,0,0.0677984
0.715,0.635,4.88813,-2.73504,1.82748,79.148,0.281449,1.16199,0,0.0677984
0.715,0.645,4.82468,-3.49104,1.81295,78.3543,0.281449,1.16199,0,0.0677984
0.715,0.655,4.81726,-4.48912,1.77465,78.1313,0.281449,1.16199,0,0.0677984
0.715,0.665,4.92846,-5.78015,1.73331,78.6698,0.281449,1.16199,0,0.0677984
0.715,0.675,5.27429,-7.34519,1.72428,80.2527,0.281449,1.16199,0,0.0677984
0.715,0.685,6.06281,-9.06296,1.78824,83.2974,0.281449,1.16199,0,0.0677984
0.715,0.695,7.65812,-10.7101,1.95359,88.4823,0.281449,1.16199,0,0.0677984
0.715,0.705,10.6707,-12.0774,2.21613,96.7822,0.281449,1.16199,0,0.0677984
0.715,0.715,16.13,-13.0869,2.52952,109.189,0.281449,1.16199,0,0.0677984
0.715,0.725,25.6754,-13.7776,2.81778,125.67,0.281449,1.16199,0,0.0677984
0.715,0.735,41.3584,-14.231,3.01284,143.132,0.281449,1.16199,0,0.0677984
0.715,0.745,64.4125,-14.523,3.08482,153.982,0.281449,1.16199,0,0.0677984
0.715,0.755,93.4567,-14.7088,3.03755,150.107,0.281449,1.16199,0,0.0677984
0.715,0.765,123.985,-14.8247,2.90643,130.08,0.281449,1.16199,0,0.0677984
0.715,0.775,151.432,-14.8945,2.74778,102.812,0.281449,1.16199,0,0.0677984
0.715,0.785,175.408,-14.9344,2.61882,80.6881,0.281449,1.16199,0,0.0677984
0.715,0.795,199.602,-14.9562,2.55008,69.6214,0.281449,1.16199,0,0.0677984
0.715,0.805,227.748,-14.9683,2.53547,68.0282,0.281449,1.16199,0,0.0677984
0.715,0.815,261.149,-14.9756,2.55239,72.1213,0.281449,1.16199,0,0.0677984
0.715,0.825,299.274,-14.9806,2.58267,79.1799,0.281449,1.16199,0,0.0677984
0.715,0.835,341.042,-14.9843,2.61702,87.7965,0.281449,1.16199,0,0.0677984
0.715,0.845,385.441,-14.9873,2.65164,97.3091,0.281449,1.16199,0,0.0677984
0.715,0.855,431.609,-14.9897,2.68514,107.385,0.281449,1.16199,0,0.0677984
0.715,0.865,478.781,-14.9916,2.71702,117.819,0.281449,1.16199,0,0.0677984
0.715,0.875,526.235,-14.9932,2.74709,128.451,0.281449,1.16199,0,0.0677984
0.715,0.885,573.276,-14.9945,2.77529,139.137,0.281449,1.16199,0,0.0677984
0.715,0.895,619.25,-14.9956,2.80157,149.741,0.281449,1.16199,0,0.0677984
0.715,0.905,663.553,-14.9965,2.82595,160.131,0.281449,1.16199,0,0.0677984
0.715,0.915,705.658,-14.9972,2.84841,170.189,0.281449,1.16199,0,0.0677984
0.715,0.925,745.128,-14.9978,2.86898,179.804,0.281449,1.16199,0,0.0677984
0.715,0.935,781.625,-14.9983,2.88768,188.883,0.281449,1.16199,0,0.0677984
0.715,0.945,814.915,-14.9987,2.90455,197.349,0.281449,1.16199,0,0.0677984
0.715,0.955,844.868,-14.999,2.91964,205.141,0.281449,1.16199,0,0.0677984
0.715,0.965,871.454,-14.9993,2.93302,212.219,0.281449,1.16199,0,0.0677984
0.715,0.975,894.728,-14.9995,2.94476,218.561,0.281449,1.16199,0,0.0677984
0.715,0.985,914.821,-14.9996,2.95495,224.164,0.281449,1.16199,0,0.0677984
0.715,0.995,931.927,-14.9997,2.96369,229.043,0.281449,1.16199,0,0.0677984
0.725,0.005,9.2404,8.47072,-4.04736,91.83,0.315745,1.22954,0,0.0796398
0.725,0.015,9.18262,8.44088,-3.92186,90.3722,0.315745,1.22954,0,0.0796398
0.725,0.025,9.1251,8.4102,-3.79636,88.9173,0.315745,1.22954,0,0.0796398
0.725,0.035,9.06945,8.37866,-3.67019,87.4885,0.315745,1.22954,0,0.0796398
0.725,0.045,9.01537,8.34643,-3.54348,86.082,0.315745,1.22954,0,0.0796398
0.725,0.055,8.9614,8.31361,-3.41683,84.679,0.315745,1.22954,0,0.0796398
0.725,0.065,8.90752,8.28021,-3.29024,83.2802,0.315745,1.22954,0,0.0796398
0.725,0.075,8.85371,8.24623,-3.16375,81.886,0.315745,1.22954,0,0.0796398
0.725,0.085,8.79994,8.21166,-3.03734,80.4969,0.315745,1.22954,0,0.0796398
0.725,0.095,8.74617,8.17652,-2.91104,79.1134,0.315745,1.22954,0,0.0796398
0.725,0.105,8.69236,8.14079,-2.78486,77.7359,0.315745,1.22954,0,0.0796398
0.725,0.115,8.63849,8.10448,-2.65881,76.3649,0.315745,1.22954,0,0.0796398
0.725,0.125,8.58451,8.06759,-2.53292,75.001,0.315745,1.22954,0,0.0796398
0.725,0.135,8.5304,8.03012,-2.40719,73.6445,0.315745,1.22954,0,0.0796398
0.725,0.145,8.47613,7.99206,-2.28165,72.296,0.315745,1.22954,0,0.0796398
0.725,0.155,8.42167,7.95341,-2.15634,70.956,0.315745,1.22954,0,0.0796398
0.725,0.165,8.36701,7.91416,-2.03127,69.6253,0.315745,1.22954,0,0.0796398
0.725,0.175,8.31214,7.87429,-1.90648,68.3044,0.315745,1.22954,0,0.0796398
0.725,0.185,8.25707,7.8338,-1.78203,66.9942,0.315745,1.22954,0,0.0796398
0.725,0.195,8.20182,7.79266,-1.65794,65.6954,0.315745,1.22954,0,0.0796398
0.725,0.205,8.14641,7.75084,-1.53429,64.4092,0.315745,1.22954,0,0.0796398
0.725,0.215,8.09092,7.70833,-1.41114,63.1368,0.315745,1.22954,0,0.0796398
0.725,0.225,8.03543,7.66507,-1.28858,61.8796,0.315745,1.22954,0,0.0796398
0.725,0.235,7.98007,7.62102,-1.16671,60.6395,0.315745,1.22954,0,0.0796398
0.725,0.245,7.92504,7.57612,-1.04565,59.4185,0.315745,1.22954,0,0.0796398
0.725,0.255,7.87058,7.53032,-0.925557,58.2196,0.315745,1.22954,0,0.0796398
0.725,0.265,7.81704,7.4835,-0.806621,57.0462,0.315745,1.22954,0,0.0796398
0.725,0.275,7.76489,7.43558,-0.689082,55.9028,0.315745,1.22954,0,0.0796398
0.725,0.285,7.71476,7.38641,-0.573241,54.7951,0.315745,1.22954,0,0.0796398
0.725,0.295,7.6675,7.33581,-0.459486,53.7306,0.315745,1.22954,0,0.0796398
0.725,0.305,7.62426,7.28358,-0.348316,52.7192,0.315745,1.22954,0,0.0796398
0.725,0.315,7.5866,7.22942,-0.24038,51.7739,0.315745,1.22954,0,0.0796398
0.725,0.325,7.55664,7.17294,-0.136527,50.9125,0.315745,1.22954,0,0.0796398
0.725,0.335,7.53765,7.11331,-0.03785,50.1593,0.315745,1.22954,0,0.0796398
0.725,0.345,7.5381,7.0453,0.0544165,49.5491,0.315745,1.22954,0,0.0796398
0.725,0.355,7.55774,6.972,0.13834,49.1149,0.315745,1.22954,0,0.0796398
0.725,0.365,7.60337,6.89305,0.211234,48.9221,0.315745,1.22954,0,0.0796398
0.725,0.375,7.68457,6.80642,0.270152,49.0476,0.315745,1.22954,0,0.0796398
0.725,0.385,7.81259,6.70974,0.311891,49.5841,0.315745,1.22954,0,0.0796398
0.725,0.395,7.99961,6.60023,0.333481,50.635,0.315745,1.22954,0,0.0796398
0.725,0.405,8.25669,6.47494,0.333203,52.2974,0.315745,1.22954,0,0.0796398
0.725,0.415,8.5904,6.33134,0.311783,54.634,0.315745,1.22954,0,0.0796398
0.725,0.425,8.99917,6.16811,0.273197,57.6389,0.315745,1.22954,0,0.0796398
0.725,0.435,9.47101,5.9859,0.224395,61.2127,0.315745,1.22954,0,0.0796398
0.725,0.445,9.9839,5.78762,0.173776,65.1629,0.315745,1.22954,0,0.0796398
0.725,0.455,10.509,5.57802,0.129071,69.2326,0.315745,1.22954,0,0.0796398
0.725,0.465,11.0154,5.36262,0.0956448,73.1515,0.315745,1.22954,0,0.0796398
0.725,0.475,11.4756,5.14598,0.075919,76.6939,0.315745,1.22954,0,0.0796398
0.725,0.485,11.8691,4.93007,0.0700064,79.7225,0.315745,1.22954,0,0.0796398
0.725,0.495,12.1789,4.71521,0.0766846,82.1796,0.315745,1.22954,0,0.0796398
0.725,0.505,12.3716,4.48742,0.0967129,84.1751,0.315745,1.22954,0,0.0796398
0.725,0.515,12.2876,4.21713,0.137871,85.9052,0.315745,1.22954,0,0.0796398
0.725,0.525,11.6091,3.85952,0.21676,87.5003,0.315745,1.22954,0,0.0796398
0.725,0.535,10.2855,3.36399,0.354857,88.8665,0.315745,1.22954,0,0.0796398
0.725,0.545,8.81253,2.76026,0.555454,89.2047,0.315745,1.22954,0,0.0796398
0.725,0.555,7.69523,2.07171,0.792323,88.8715,0.315745,1.22954,0,0.0796398
0.725,0.565,6.9387,1.34825,1.0318,88.0939,0.315745,1.22954,0,0.0796398
0.725,0.575,6.37092,0.643137,1.24764,87.0793,0.315745,1.22954,0,0.0796398
0.725,0.585,5.9009,-0.0107128,1.43097,85.9242,0.315745,1.22954,0,0.0796398
0.725,0.595,5.53481,-0.599951,1.58013,84.6401,0.315745,1.22954,0,0.0796398
0.725,0.605,5.27515,-1.1264,1.69626,83.2382,0.315745,1.22954,0,0.0796398
0.725,0.615,5.10338,-1.61167,1.77883,81.8161,0.315745,1.22954,0,0.0796398
0.725,0.625,4.99062,-2.10133,1.82733,80.5166,0.315745,1.22954,0,0.0796398
0.725,0.635,4.91239,-2.6632,1.84184,79.5069,0.315745,1.22954,0,0.0796398
0.725,0.645,4.86173,-3.38085,1.82492,78.9539,0.315745,1.22954,0,0.0796398
0.725,0.655,4.85971,-4.34272,1.78553,79.0004,0.315745,1.22954,0,0.0796398
0.725,0.665,4.96418,-5.60829,1.744,79.793,0.315745,1.22954,0,0.0796398
0.725,0.675,5.29055,-7.16598,1.73438,81.6209,0.315745,1.22954,0,0.0796398
0.725,0.685,6.04889,-8.90239,1.79776,84.8678,0.315745,1.22954,0,0.0796398
0.725,0.695,7.60888,-10.5879,1.9627,90.211,0.315745,1.22954,0,0.0796398
0.725,0.705,10.584,-11.9964,2.22542,98.6456,0.315745,1.22954,0,0.0796398
0.725,0.715,16.0043,-13.0377,2.53978,111.205,0.315745,1.22954,0,0.0796398
0.725,0.725,25.5131,-13.7491,2.82944,127.894,0.315745,1.22954,0,0.0796398
0.725,0.735,41.1803,-14.2149,3.02553,145.612,0.315745,1.22954,0,0.0796398
0.725,0.745,64.2746,-14.5141,3.09759,156.647,0.315745,1.22954,0,0.0796398
0.725,0.755,93.4372,-14.7041,3.04919,152.68,0.315745,1.22954,0,0.0796398
0.725,0.765,124.123,-14.8224,2.91578,132.165,0.315745,1.22954,0,0.0796398
0.725,0.775,151.675,-14.8935,2.75413,104.157,0.315745,1.22954,0,0.0796398
0.725,0.785,175.645,-14.9341,2.62228,81.3645,0.315745,1.22954,0,0.0796398
0.725,0.795,199.761,-14.9561,2.55155,69.8924,0.315745,1.22954,0,0.0796398
0.725,0.805,227.828,-14.9682,2.53597,68.1195,0.315745,1.22954,0,0.0796398
0.725,0.815,261.181,-14.9756,2.55253,72.1483,0.315745,1.22954,0,0.0796398
0.725,0.825,299.284,-14.9806,2.5827,79.1871,0.315745,1.22954,0,0.0796398
0.725,0.835,341.045,-14.9843,2.61702,87.7982,0.315745,1.22954,0,0.0796398
0.725,0.845,385.441,-14.9873,2.65164,97.3094,0.315745,1.22954,0,0.0796398
0.725,0.855,431.609,-14.9897,2.68514,107.385,0.315745,1.22954,0,0.0796398
0.725,0.865,478.781,-14.9916,2.71702,117.819,0.315745,1.22954,0,0.0796398
0.725,0.875,526.235,-14.9932,2.74709,128.451,0.315745,1.22954,0,0.0796398
0.725,0.885,573.276,-14.9945,2.77529,139.137,0.315745,1.22954,0,0.0796398
0.725,0.895,619.25,-14.9956,2.80157,149.74,0.315745,1.22954,0,0.0796398
0.725,0.905,663.553,-14.9965,2.82595,160.131,0.315745,1.22954,0,0.0796398
0.725,0.915,705.658,-14.9972,2.84841,170.189,0.315745,1.22954,0,0.0796398
0.725,0.925,745.128,-14.9978,2.86898,179.804,0.315745,1.22954,0,0.0796398
0.725,0.935,781.625,-14.9983,2.88768,188.883,0.315745,1.22954,0,0.0796398
0.725,0.945,814.915,-14.9987,2.90455,197.349,0.315745,1.22954,0,0.0796398
0.725,0.955,844.868,-14.999,2.91964,205.141,0.315745,1.22954,0,0.0796398
0.725,0.965,871.454,-14.9993,2.93302,212.219,0.315745,1.22954,0,0.0796398
0.725,0.975,894.728,-14.9995,2.94476,218.561,0.315745,1.22954,0,0.0796398
0.725,0.985,914.821,-14.9996,2.95495,224.164,0.315745,1.22954,0,0.0796398
0.725,0.995,931.927,-14.9997,2.96369,229.043,0.315745,1.22954,0,0.0796398
0.735,0.005,9.13114,8.55243,-4.02655,90.3154,0.353305,1.29709,0,0.0932115
0.735,0.015,9.07323,8.52267,-3.90102,88.8807,0.353305,1.29709,0,0.0932115
0.735,0.025,9.01559,8.49208,-3.77547,87.4493,0.353305,1.29709,0,0.0932115
0.735,0.035,8.96007,8.46063,-3.64914,86.0473,0.353305,1.29709,0,0.0932115
0.735,0.045,8.90575,8.42851,-3.52241,84.663,0.353305,1.29709,0,0.0932115
0.735,0.055,8.85151,8.3958,-3.39574,83.282,0.353305,1.29709,0,0.0932115
0.735,0.065,8.79734,8.36251,-3.26915,81.9048,0.353305,1.29709,0,0.0932115
0.735,0.075,8.74321,8.32862,-3.14264,80.532,0.353305,1.29709,0,0.0932115
0.735,0.085,8.68909,8.29414,-3.01624,79.164,0.353305,1.29709,0,0.0932115
0.735,0.095,8.63494,8.25908,-2.88994,77.8013,0.353305,1.29709,0,0.0932115
0.735,0.105,8.58073,8.22341,-2.76378,76.4443,0.353305,1.29709,0,0.0932115
0.735,0.115,8.52643,8.18716,-2.63775,75.0936,0.353305,1.29709,0,0.0932115
0.735,0.125,8.472,8.15031,-2.51189,73.7495,0.353305,1.29709,0,0.0932115
0.735,0.135,8.41742,8.11286,-2.38621,72.4125,0.353305,1.29709,0,0.0932115
0.735,0.145,8.36266,8.07481,-2.26073,71.0833,0.353305,1.29709,0,0.0932115
0.735,0.155,8.3077,8.03614,-2.13549,69.7624,0.353305,1.29709,0,0.0932115
0.735,0.165,8.25252,7.99685,-2.01052,68.4503,0.353305,1.29709,0,0.0932115
0.735,0.175,8.19713,7.95692,-1.88585,67.1479,0.353305,1.29709,0,0.0932115
0.735,0.185,8.14153,7.91634,-1.76153,65.8558,0.353305,1.29709,0,0.0932115
0.735,0.195,8.08574,7.87508,-1.63761,64.5751,0.353305,1.29709,0,0.0932115
0.735,0.205,8.02981,7.83311,-1.51416,63.3067,0.353305,1.29709,0,0.0932115
0.735,0.215,7.97382,7.79041,-1.39125,62.0521,0.353305,1.29709,0,0.0932115
0.735,0.225,7.91785,7.74692,-1.26898,60.8128,0.353305,1.29709,0,0.0932115
0.735,0.235,7.86207,7.70261,-1.14744,59.5906,0.353305,1.29709,0,0.0932115
0.735,0.245,7.80668,7.6574,-1.02679,58.3881,0.353305,1.29709,0,0.0932115
0.735,0.255,7.75196,7.61121,-0.907178,57.2082,0.353305,1.29709,0,0.0932115
0.735,0.265,7.6983,7.56396,-0.788826,56.0547,0.353305,1.29709,0,0.0932115
0.735,0.275,7.64623,7.51551,-0.671993,54.9327,0.353305,1.29709,0,0.0932115
0.735,0.285,7.59645,7.46572,-0.557017,53.8485,0.353305,1.29709,0,0.0932115
0.735,0.295,7.54993,7.41439,-0.444334,52.8107,0.353305,1.29709,0,0.0932115
0.735,0.305,7.50799,7.36125,-0.334508,51.8306,0.353305,1.29709,0,0.0932115
0.735,0.315,7.47245,7.30598,-0.228286,50.9234,0.353305,1.29709,0,0.0932115
0.735,0.325,7.44583,7.2481,-0.126659,50.11,0.353305,1.29709,0,0.0932115
0.735,0.335,7.43206,7.18653,-0.0309181,49.4199,0.353305,1.29709,0,0.0932115
0.735,0.345,7.44028,7.11573,0.0573758,48.8945,0.353305,1.29709,0,0.0932115
0.735,0.355,7.47135,7.03912,0.135877,48.5801,0.353305,1.29709,0,0.0932115
0.735,0.365,7.53418,6.95549,0.201425,48.5567,0.353305,1.29709,0,0.0932115
0.735,0.375,7.64054,6.86222,0.250537,48.921,0.353305,1.29709,0,0.0932115
0.735,0.385,7.80399,6.75621,0.279604,49.7885,0.353305,1.29709,0,0.0932115
0.735,0.395,8.03836,6.63394,0.285821,51.2812,0.353305,1.29709,0,0.0932115
0.735,0.405,8.35436,6.49205,0.268643,53.4996,0.353305,1.29709,0,0.0932115
0.735,0.415,8.755,6.32827,0.231145,56.4803,0.353305,1.29709,0,0.0932115
0.735,0.425,9.23161,6.14262,0.18035,60.1555,0.353305,1.29709,0,0.0932115
0.735,0.435,9.76272,5.93809,0.125832,64.3355,0.353305,1.29709,0,0.0932115
0.735,0.445,10.3164,5.72052,0.0770115,68.7278,0.353305,1.29709,0,0.0932115
0.735,0.455,10.8551,5.49845,0.0406139,72.9936,0.353305,1.29709,0,0.0932115
0.735,0.465,11.3477,5.2777,0.0197907,76.8557,0.353305,1.29709,0,0.0932115
0.735,0.475,11.7714,5.06126,0.0146371,80.133,0.353305,1.29709,0,0.0932115
0.735,0.485,12.1127,4.84831,0.0236069,82.7673,0.353305,1.29709,0,0.0932115
0.735,0.495,12.3611,4.63578,0.0450666,84.7895,0.353305,1.29709,0,0.0932115
0.735,0.505,12.462,4.40353,0.0810998,86.3693,0.353305,1.29709,0,0.0932115
0.735,0.515,12.1979,4.1112,0.142686,87.7536,0.353305,1.29709,0,0.0932115
0.735,0.525,11.2794,3.71034,0.24936,89.0109,0.353305,1.29709,0,0.0932115
0.735,0.535,9.86738,3.17347,0.417222,89.8117,0.353305,1.29709,0,0.0932115
0.735,0.545,8.53428,2.54608,0.637101,89.7019,0.353305,1.29709,0,0.0932115
0.735,0.555,7.57208,1.85628,0.87671,89.0997,0.353305,1.29709,0,0.0932115
0.735,0.565,6.87423,1.15499,1.10606,88.2141,0.353305,1.29709,0,0.0932115
0.735,0.575,6.30408,0.485153,1.3081,87.1799,0.353305,1.29709,0,0.0932115
0.735,0.585,5.83071,-0.128873,1.47983,86.0235,0.353305,1.29709,0,0.0932115
0.735,0.595,5.47977,-0.676376,1.62011,84.7459,0.353305,1.29709,0,0.0932115
0.735,0.605,5.24471,-1.16042,1.72921,83.3815,0.353305,1.29709,0,0.0932115
0.735,0.615,5.09823,-1.60438,1.80617,82.0463,0.353305,1.29709,0,0.0932115
0.735,0.625,5.00762,-2.05493,1.85025,80.8929,0.353305,1.29709,0,0.0932115
0.735,0.635,4.94749,-2.57955,1.86123,80.0893,0.353305,1.29709,0,0.0932115
0.735,0.645,4.90992,-3.26091,1.84159,79.7877,0.353305,1.29709,0,0.0932115
0.735,0.655,4.91292,-4.1881,1.80067,80.0971,0.353305,1.29709,0,0.0932115
0.735,0.665,5.00957,-5.42935,1.7583,81.1214,0.353305,1.29709,0,0.0932115
0.735,0.675,5.31512,-6.98062,1.74726,83.1628,0.353305,1.29709,0,0.0932115
0.735,0.685,6.04251,-8.73632,1.80921,86.5805,0.353305,1.29709,0,0.0932115
0.735,0.695,7.56743,-10.4611,1.97306,92.0593,0.353305,1.29709,0,0.0932115
0.735,0.705,10.5065,-11.9117,2.23555,100.618,0.353305,1.29709,0,0.0932115
0.735,0.715,15.8901,-12.9858,2.55066,113.327,0.353305,1.29709,0,0.0932115
0.735,0.725,25.3656,-13.7187,2.84153,130.22,0.353305,1.29709,0,0.0932115
0.735,0.735,41.0199,-14.1976,3.03846,148.181,0.353305,1.29709,0,0.0932115
0.735,0.745,64.1543,-14.5044,3.11044,159.377,0.353305,1.29709,0,0.0932115
0.735,0.755,93.4305,-14.6988,3.0608,155.293,0.353305,1.29709,0,0.0932115
0.735,0.765,124.268,-14.8198,2.92507,134.269,0.353305,1.29709,0,0.0932115
0.735,0.775,151.919,-14.8924,2.76043,105.511,0.353305,1.29709,0,0.0932115
0.735,0.785,175.881,-14.9336,2.62573,82.0454,0.353305,1.29709,0,0.0932115
0.735,0.795,199.92,-14.956,2.55303,70.1662,0.353305,1.29709,0,0.0932115
0.735,0.805,227.909,-14.9682,2.53648,68.2125,0.353305,1.29709,0,0.0932115
0.735,0.815,261.214,-14.9756,2.55268,72.1764,0.353305,1.29709,0,0.0932115
0.735,0.825,299.296,-14.9806,2.58274,79.1948,0.353305,1.29709,0,0.0932115
0.735,0.835,341.049,-14.9843,2.61703,87.8002,0.353305,1.29709,0,0.0932115
0.735,0.845,385.442,-14.9873,2.65164,97.3098,0.353305,1.29709,0,0.0932115
0.735,0.855,431.609,-14.9897,2.68514,107.385,0.353305,1.29709,0,0.0932115
0.735,0.865,478.781,-14.9916,2.71702,117.819,0.353305,1.29709,0,0.0932115
0.735,0.875,526.235,-14.9932,2.74709,128.451,0.353305,1.29709,0,0.0932115
0.735,0.885,573.276,-14.9945,2.77529,139.137,0.353305,1.29709,0,0.0932115
0.735,0.895,619.25,-14.9956,2.80157,149.74,0.353305,1.29709,0,0.0932115
0.735,0.905,663.553,-14.9965,2.82595,160.131,0.353305,1.29709,0,0.0932115
0.735,0.915,705.658,-14.9972,2.84841,170.189,0.353305,1.29709,0,0.0932115
0.735,0.925,745.128,-14.9978,2.86898,179.804,0.353305,1.29709,0,0.0932115
0.735,0.935,781.625,-14.9983,2.88768,188.883,0.353305,1.29709,0,0.0932115
0.735,0.945,814.915,-14.9987,2.90455,197.349,0.353305,1.29709,0,0.0932115
0.735,0.955,844.868,-14.999,2.91964,205.141,0.353305,1.29709,0,0.0932115
0.735,0.965,871.454,-14.9993,2.93302,212.219,0.353305,1.29709,0,0.0932115
0.735,0.975,894.728,-14.9995,2.94476,218.561,0.353305,1.29709,0,0.0932115
0.735,0.985,914.821,-14.9996,2.95495,224.164,0.353305,1.29709,0,0.0932115
0.735,0.995,931.927,-14.9997,2.96369,229.043,0.353305,1.29709,0,0.0932115
0.745,0.005,9.02261,8.6339,-4.00584,88.8183,0.394357,1.36463,0,0.108719
0.745,0.015,8.96457,8.60421,-3.88028,87.406,0.394357,1.36463,0,0.108719
0.745,0.025,8.90683,8.57368,-3.75468,85.9979,0.394357,1.36463,0,0.108719
0.745,0.035,8.85138,8.54231,-3.62821,84.6216,0.394357,1.36463,0,0.108719
0.745,0.045,8.79681,8.5103,-3.50146,83.2586,0.394357,1.36463,0,0.108719
0.745,0.055,8.74229,8.47768,-3.37478,81.8988,0.394357,1.36463,0,0.108719
0.745,0.065,8.68781,8.44447,-3.24818,80.5425,0.394357,1.36463,0,0.108719
0.745,0.075,8.63335,8.41066,-3.12168,79.1904,0.394357,1.36463,0,0.108719
0.745,0.085,8.57886,8.37625,-2.99528,77.8428,0.394357,1.36463,0,0.108719
0.745,0.095,8.52432,8.34124,-2.869,76.5002,0.394357,1.36463,0,0.108719
0.745,0.105,8.4697,8.30562,-2.74286,75.1631,0.394357,1.36463,0,0.108719
0.745,0.115,8.41495,8.2694,-2.61687,73.8318,0.394357,1.36463,0,0.108719
0.745,0.125,8.36006,8.23256,-2.49106,72.5069,0.394357,1.36463,0,0.108719
0.745,0.135,8.305,8.19511,-2.36544,71.1889,0.394357,1.36463,0,0.108719
0.745,0.145,8.24973,8.15703,-2.24004,69.8783,0.394357,1.36463,0,0.108719
0.745,0.155,8.19425,8.11832,-2.11489,68.5756,0.394357,1.36463,0,0.108719
0.745,0.165,8.13855,8.07897,-1.99003,67.2816,0.394357,1.36463,0,0.108719
0.745,0.175,8.08262,8.03895,-1.86549,65.997,0.394357,1.36463,0,0.108719
0.745,0.185,8.02648,7.99825,-1.74134,64.7226,0.394357,1.36463,0,0.108719
0.745,0.195,7.97015,7.95684,-1.61761,63.4593,0.394357,1.36463,0,0.108719
0.745,0.205,7.9137,7.91469,-1.49439,62.2084,0.394357,1.36463,0,0.108719
0.745,0.215,7.8572,7.87176,-1.37175,60.9712,0.394357,1.36463,0,0.108719
0.745,0.225,7.80078,7.82802,-1.2498,59.7494,0.394357,1.36463,0,0.108719
0.745,0.235,7.7446,7.78339,-1.12865,58.5452,0.394357,1.36463,0,0.108719
0.745,0.245,7.68889,7.73782,-1.00845,57.361,0.394357,1.36463,0,0.108719
0.745,0.255,7.63397,7.6912,-0.889392,56.2004,0.394357,1.36463,0,0.108719
0.745,0.265,7.5803,7.64344,-0.7717,55.0676,0.394357,1.36463,0,0.108719
0.745,0.275,7.52846,7.5944,-0.655674,53.9682,0.394357,1.36463,0,0.108719
0.745,0.285,7.47928,7.54389,-0.541694,52.9095,0.394357,1.36463,0,0.108719
0.745,0.295,7.43388,7.49169,-0.430259,51.9016,0.394357,1.36463,0,0.108719
0.745,0.305,7.39385,7.43748,-0.322028,50.9578,0.394357,1.36463,0,0.108719
0.745,0.315,7.36136,7.38084,-0.217884,50.0967,0.394357,1.36463,0,0.108719
0.745,0.325,7.33953,7.32117,-0.11902,49.3442,0.394357,1.36463,0,0.108719
0.745,0.335,7.33321,7.2571,-0.0270411,48.7372,0.394357,1.36463,0,0.108719
0.745,0.345,7.35283,7.1826,0.0560142,48.3294,0.394357,1.36463,0,0.108719
0.745,0.355,7.40118,7.10112,0.127211,48.1867,0.394357,1.36463,0,0.108719
0.745,0.365,7.49005,7.01043,0.18272,48.4119,0.394357,1.36463,0,0.108719
0.745,0.375,7.63431,6.90696,0.218401,49.1316,0.394357,1.36463,0,0.108719
0.745,0.385,7.85026,6.78655,0.23049,50.4908,0.394357,1.36463,0,0.108719
0.745,0.395,8.15257,6.64489,0.21722,52.6271,0.394357,1.36463,0,0.108719
0.745,0.405,8.54896,6.47861,0.180717,55.6227,0.394357,1.36463,0,0.108719
0.745,0.415,9.03468,6.28667,0.128058,59.4479,0.394357,1.36463,0,0.108719
0.745,0.425,9.58824,6.07214,0.0699552,63.9113,0.394357,1.36463,0,0.108719
0.745,0.435,10.1719,5.84519,0.0174076,68.6676,0.394357,1.36463,0,0.108719
0.745,0.445,10.7452,5.61406,-0.0214332,73.3308,0.394357,1.36463,0,0.108719
0.745,0.455,11.2718,5.38681,-0.0425633,77.5627,0.394357,1.36463,0,0.108719
0.745,0.465,11.7256,5.1674,-0.0457324,81.1354,0.394357,1.36463,0,0.108719
0.745,0.475,12.0919,4.95658,-0.0330565,83.9549,0.394357,1.36463,0,0.108719
0.745,0.485,12.366,4.74993,-0.00691169,86.0626,0.394357,1.36463,0,0.108719
0.745,0.495,12.5403,4.54087,0.0314214,87.5573,0.394357,1.36463,0,0.108719
0.745,0.505,12.5271,4.30158,0.0859516,88.6815,0.394357,1.36463,0,0.108719
0.745,0.515,12.0589,3.98227,0.170806,89.6836,0.394357,1.36463,0,0.108719
0.745,0.525,10.9497,3.53526,0.30687,90.5521,0.394357,1.36463,0,0.108719
0.745,0.535,9.54568,2.97192,0.500863,90.7079,0.394357,1.36463,0,0.108719
0.745,0.545,8.36283,2.33296,0.730871,90.2216,0.394357,1.36463,0,0.108719
0.745,0.555,7.49473,1.65404,0.96561,89.4268,0.394357,1.36463,0,0.108719
0.745,0.565,6.80675,0.981208,1.18206,88.4816,0.394357,1.36463,0,0.108719
0.745,0.575,6.22277,0.347816,1.37112,87.4369,0.394357,1.36463,0,0.108719
0.745,0.585,5.75566,-0.226867,1.53251,86.2771,0.394357,1.36463,0,0.108719
0.745,0.595,5.42909,-0.733323,1.66466,85.0105,0.394357,1.36463,0,0.108719
0.745,0.605,5.22319,-1.17628,1.76706,83.6972,0.394357,1.36463,0,0.108719
0.745,0.615,5.10344,-1.5811,1.8386,82.4668,0.394357,1.36463,0,0.108719
0.745,0.625,5.03528,-1.99519,1.87822,81.4775,0.394357,1.36463,0,0.108719
0.745,0.635,4.99337,-2.48521,1.88533,80.8931,0.394357,1.36463,0,0.108719
0.745,0.645,4.96879,-3.1327,1.86244,80.8445,0.394357,1.36463,0,0.108719
0.745,0.655,4.97622,-4.02713,1.81934,81.4047,0.394357,1.36463,0,0.108719
0.745,0.665,5.06403,-5.24501,1.77541,82.6387,0.394357,1.36463,0,0.108719
0.745,0.675,5.34765,-6.79034,1.7623,84.8648,0.394357,1.36463,0,0.108719
0.745,0.685,6.04369,-8.56547,1.82224,88.4276,0.394357,1.36463,0,0.108719
0.745,0.695,7.53411,-10.3298,1.98456,94.0254,0.394357,1.36463,0,0.108719
0.745,0.705,10.4386,-11.8234,2.24655,102.701,0.394357,1.36463,0,0.108719
0.745,0.715,15.7882,-12.9314,2.56223,115.558,0.394357,1.36463,0,0.108719
0.745,0.725,25.2341,-13.6867,2.85414,132.651,0.394357,1.36463,0,0.108719
0.745,0.735,40.8791,-14.1791,3.0517,150.839,0.394357,1.36463,0,0.108719
0.745,0.745,64.0542,-14.494,3.12337,162.168,0.394357,1.36463,0,0.108719
0.745,0.755,93.439,-14.6932,3.07236,157.932,0.394357,1.36463,0,0.108719
0.745,0.765,124.418,-14.8169,2.93424,136.375,0.394357,1.36463,0,0.108719
0.745,0.775,152.161,-14.8911,2.76662,106.857,0.394357,1.36463,0,0.108719
0.745,0.785,176.113,-14.9331,2.62911,82.7197,0.394357,1.36463,0,0.108719
0.745,0.795,200.077,-14.9558,2.55449,70.437,0.394357,1.36463,0,0.108719
0.745,0.805,227.989,-14.9682,2.53699,68.3046,0.394357,1.36463,0,0.108719
0.745,0.815,261.248,-14.9756,2.55283,72.2045,0.394357,1.36463,0,0.108719
0.745,0.825,299.308,-14.9806,2.58278,79.2027,0.394357,1.36463,0,0.108719
0.745,0.835,341.052,-14.9843,2.61704,87.8022,0.394357,1.36463,0,0.108719
0.745,0.845,385.443,-14.9873,2.65165,97.3103,0.394357,1.36463,0,0.108719
0.745,0.855,431.609,-14.9897,2.68514,107.385,0.394357,1.36463,0,0.108719
0.745,0.865,478.781,-14.9916,2.71702,117.819,0.394357,1.36463,0,0.108719
0.745,0.875,526.235,-14.9932,2.74709,128.451,0.394357,1.36463,0,0.108719
0.745,0.885,573.276,-14.9945,2.77529,139.137,0.394357,1.36463,0,0.108719
0.745,0.895,619.25,-14.9956,2.80157,149.74,0.394357,1.36463,0,0.108719
0.745,0.905,663.553,-14.9965,2.82595,160.131,0.394357,1.36463,0,0.108719
0.745,0.915,705.658,-14.9972,2.84841,170.189,0.394357,1.36463,0,0.108719
0.745,0.925,745.128,-14.9978,2.86898,179.804,0.394357,1.36463,0,0.108719
0.745,0.935,781.625,-14.9983,2.88768,188.883,0.394357,1.36463,0,0.108719
0.745,0.945,814.915,-14.9987,2.90455,197.349,0.394357,1.36463,0,0.108719
0.745,0.955,844.868,-14.999,2.91964,205.141,0.394357,1.36463,0,0.108719
0.745,0.965,871.454,-14.9993,2.93302,212.219,0.394357,1.36463,0,0.108719
0.745,0.975,894.728,-14.9995,2.94476,218.561,0.394357,1.36463,0,0.108719
0.745,0.985,914.821,-14.9996,2.95495,224.164,0.394357,1.36463,0,0.108719
0.745,0.995,931.927,-14.9997,2.96369,229.043,0.394357,1.36463,0,0.108719
0.755,0.005,8.91471,8.7151,-3.98524,87.3373,0.43914,1.43218,0,0.126388
0.755,0.015,8.85651,8.68547,-3.85966,85.9468,0.43914,1.43218,0,0.126388
0.755,0.025,8.79871,8.65499,-3.73398,84.5618,0.43914,1.43218,0,0.126388
0.755,0.035,8.74327,8.62369,-3.6074,83.2096,0.43914,1.43218,0,0.126388
0.755,0.045,8.68843,8.59175,-3.48064,81.8674,0.43914,1.43218,0,0.126388
0.755,0.055,8.63363,8.55921,-3.35395,80.528,0.43914,1.43218,0,0.126388
0.755,0.065,8.57883,8.52607,-3.22736,79.192,0.43914,1.43218,0,0.126388
0.755,0.075,8.52401,8.49232,-3.10086,77.8598,0.43914,1.43218,0,0.126388
0.755,0.085,8.46915,8.45795,-2.97449,76.5319,0.43914,1.43218,0,0.126388
0.755,0.095,8.4142,8.42297,-2.84824,75.2088,0.43914,1.43218,0,0.126388
0.755,0.105,8.35914,8.38738,-2.72213,73.8907,0.43914,1.43218,0,0.126388
0.755,0.115,8.30395,8.35116,-2.59619,72.5783,0.43914,1.43218,0,0.126388
0.755,0.125,8.24858,8.31431,-2.47044,71.2719,0.43914,1.43218,0,0.126388
0.755,0.135,8.19301,8.27683,-2.34489,69.9722,0.43914,1.43218,0,0.126388
0.755,0.145,8.13723,8.2387,-2.21958,68.6795,0.43914,1.43218,0,0.126388
0.755,0.155,8.08122,8.19992,-2.09455,67.3946,0.43914,1.43218,0,0.126388
0.755,0.165,8.02498,8.16047,-1.96982,66.1181,0.43914,1.43218,0,0.126388
0.755,0.175,7.9685,8.12033,-1.84545,64.8508,0.43914,1.43218,0,0.126388
0.755,0.185,7.91181,8.07948,-1.72148,63.5935,0.43914,1.43218,0,0.126388
0.755,0.195,7.85495,8.03788,-1.59798,62.3473,0.43914,1.43218,0,0.126388
0.755,0.205,7.79798,7.99552,-1.47502,61.1134,0.43914,1.43218,0,0.126388
0.755,0.215,7.74099,7.95233,-1.35269,59.8934,0.43914,1.43218,0,0.126388
0.755,0.225,7.68414,7.90828,-1.23111,58.6891,0.43914,1.43218,0,0.126388
0.755,0.235,7.6276,7.8633,-1.11039,57.5028,0.43914,1.43218,0,0.126388
0.755,0.245,7.57165,7.8173,-0.990713,56.3375,0.43914,1.43218,0,0.126388
0.755,0.255,7.51666,7.7702,-0.872279,55.197,0.43914,1.43218,0,0.126388
0.755,0.265,7.46315,7.72185,-0.75535,54.0862,0.43914,1.43218,0,0.126388
0.755,0.275,7.41182,7.6721,-0.640265,53.0116,0.43914,1.43218,0,0.126388
0.755,0.285,7.36367,7.62074,-0.527467,51.9822,0.43914,1.43218,0,0.126388
0.755,0.295,7.32007,7.56746,-0.417546,51.01,0.43914,1.43218,0,0.126388
0.755,0.305,7.28298,7.51187,-0.3113,50.1119,0.43914,1.43218,0,0.126388
0.755,0.315,7.25522,7.45339,-0.209824,49.3117,0.43914,1.43218,0,0.126388
0.755,0.325,7.24083,7.39119,-0.114631,48.6436,0.43914,1.43218,0,0.126388
0.755,0.335,7.24605,7.32361,-0.0278262,48.1573,0.43914,1.43218,0,0.126388
0.755,0.345,7.28378,7.24362,0.0478046,47.9277,0.43914,1.43218,0,0.126388
0.755,0.355,7.35998,7.15432,0.108476,48.0519,0.43914,1.43218,0,0.126388
0.755,0.365,7.49038,7.05213,0.149502,48.6686,0.43914,1.43218,0,0.126388
0.755,0.375,7.69378,6.93199,0.166264,49.9454,0.43914,1.43218,0,0.126388
0.755,0.385,7.98861,6.78849,0.155933,52.057,0.43914,1.43218,0,0.126388
0.755,0.395,8.38728,6.61666,0.119903,55.1325,0.43914,1.43218,0,0.126388
0.755,0.405,8.88752,6.41462,0.0653391,59.1689,0.43914,1.43218,0,0.126388
0.755,0.415,9.46552,6.18927,0.00397794,63.961,0.43914,1.43218,0,0.126388
0.755,0.425,10.0822,5.9497,-0.0516422,69.1336,0.43914,1.43218,0,0.126388
0.755,0.435,10.6916,5.70791,-0.0919946,74.2401,0.43914,1.43218,0,0.126388
0.755,0.445,11.2517,5.47267,-0.112434,78.8681,0.43914,1.43218,0,0.126388
0.755,0.455,11.7335,5.24922,-0.11269,82.7515,0.43914,1.43218,0,0.126388
0.755,0.465,12.1219,5.03831,-0.0952207,85.7775,0.43914,1.43218,0,0.126388
0.755,0.475,12.4133,4.83736,-0.0633859,87.974,0.43914,1.43218,0,0.126388
0.755,0.485,12.6119,4.6367,-0.0187654,89.4977,0.43914,1.43218,0,0.126388
0.755,0.495,12.702,4.43099,0.038257,90.416,0.43914,1.43218,0,0.126388
0.755,0.505,12.5551,4.18091,0.113588,91.0744,0.43914,1.43218,0,0.126388
0.755,0.515,11.8835,3.83076,0.224046,91.6624,0.43914,1.43218,0,0.126388
0.755,0.525,10.6611,3.34347,0.387797,92.0715,0.43914,1.43218,0,0.126388
0.755,0.535,9.32785,2.76695,0.600262,91.6181,0.43914,1.43218,0,0.126388
0.755,0.545,8.25951,2.12865,0.831739,90.8432,0.43914,1.43218,0,0.126388
0.755,0.555,7.42436,1.46971,1.05656,89.923,0.43914,1.43218,0,0.126388
0.755,0.565,6.71953,0.828708,1.25965,88.9381,0.43914,1.43218,0,0.126388
0.755,0.575,6.12731,0.231921,1.43719,87.8733,0.43914,1.43218,0,0.126388
0.755,0.585,5.68059,-0.303863,1.58923,86.7014,0.43914,1.43218,0,0.126388
0.755,0.595,5.38637,-0.770187,1.71371,85.4459,0.43914,1.43218,0,0.126388
0.755,0.605,5.21226,-1.174,1.80967,84.1911,0.43914,1.43218,0,0.126388
0.755,0.615,5.1194,-1.54252,1.87583,83.0761,0.43914,1.43218,0,0.126388
0.755,0.625,5.07335,-1.92328,1.91073,82.262,0.43914,1.43218,0,0.126388
0.755,0.635,5.04942,-2.38169,1.91342,81.9037,0.43914,1.43218,0,0.126388
0.755,0.645,5.03751,-2.99788,1.88661,82.1052,0.43914,1.43218,0,0.126388
0.755,0.655,5.04871,-3.86158,1.84063,82.9029,0.43914,1.43218,0,0.126388
0.755,0.665,5.12686,-5.05686,1.79451,84.3264,0.43914,1.43218,0,0.126388
0.755,0.675,5.38775,-6.59632,1.77894,86.7135,0.43914,1.43218,0,0.126388
0.755,0.685,6.05242,-8.3905,1.83656,90.4019,0.43914,1.43218,0,0.126388
0.755,0.695,7.50914,-10.1944,1.99714,96.1074,0.43914,1.43218,0,0.126388
0.755,0.705,10.3808,-11.7316,2.25848,104.898,0.43914,1.43218,0,0.126388
0.755,0.715,15.699,-12.8744,2.5746,117.901,0.43914,1.43218,0,0.126388
0.755,0.725,25.1193,-13.6531,2.86736,135.187,0.43914,1.43218,0,0.126388
0.755,0.735,40.7592,-14.1597,3.06527,153.583,0.43914,1.43218,0,0.126388
0.755,0.745,63.9761,-14.483,3.13638,165.009,0.43914,1.43218,0,0.126388
0.755,0.755,93.4641,-14.6872,3.0838,160.58,0.43914,1.43218,0,0.126388
0.755,0.765,124.575,-14.8139,2.94322,138.463,0.43914,1.43218,0,0.126388
0.755,0.775,152.399,-14.8897,2.77263,108.179,0.43914,1.43218,0,0.126388
0.755,0.785,176.338,-14.9326,2.63238,83.3774,0.43914,1.43218,0,0.126388
0.755,0.795,200.227,-14.9556,2.55589,70.6996,0.43914,1.43218,0,0.126388
0.755,0.805,228.066,-14.9681,2.53747,68.3937,0.43914,1.43218,0,0.126388
0.755,0.815,261.28,-14.9756,2.55297,72.2317,0.43914,1.43218,0,0.126388
0.755,0.825,299.319,-14.9806,2.58281,79.2105,0.43914,1.43218,0,0.126388
0.755,0.835,341.056,-14.9843,2.61705,87.8043,0.43914,1.43218,0,0.126388
0.755,0.845,385.444,-14.9873,2.65165,97.3108,0.43914,1.43218,0,0.126388
0.755,0.855,431.609,-14.9897,2.68514,107.385,0.43914,1.43218,0,0.126388
0.755,0.865,478.781,-14.9916,2.71702,117.819,0.43914,1.43218,0,0.126388
0.755,0.875,526.235,-14.9932,2.74709,128.451,0.43914,1.43218,0,0.126388
0.755,0.885,573.276,-14.9945,2.77529,139.137,0.43914,1.43218,0,0.126388
0.755,0.895,619.25,-14.9956,2.80157,149.74,0.43914,1.43218,0,0.126388
0.755,0.905,663.553,-14.9965,2.82595,160.131,0.43914,1.43218,0,0.126388
0.755,0.915,705.658,-14.9972,2.84841,170.189,0.43914,1.43218,0,0.126388
0.755,0.925,745.128,-14.9978,2.86898,179.804,0.43914,1.43218,0,0.126388
0.755,0.935,781.625,-14.9983,2.88768,188.883,0.43914,1.43218,0,0.126388
0.755,0.945,814.915,-14.9987,2.90455,197.349,0.43914,1.43218,0,0.126388
0.755,0.955,844.868,-14.999,2.91964,205.141,0.43914,1.43218,0,0.126388
0.755,0.965,871.454,-14.9993,2.93302,212.219,0.43914,1.43218,0,0.126388
0.755,0.975,894.728,-14.9995,2.94476,218.561,0.43914,1.43218,0,0.126388
0.755,0.985,914.821,-14.9996,2.95495,224.164,0.43914,1.43218,0,0.126388
0.755,0.995,931.927,-14.9997,2.96369,229.043,0.43914,1.43218,0,0.126388
0.765,0.005,8.80731,8.79599,-3.96476,85.8708,0.487902,1.49973,0,0.146462
0.765,0.015,8.74896,8.7664,-3.83915,84.5014,0.487902,1.49973,0,0.146462
0.765,0.025,8.69111,8.73596,-3.7134,83.1392,0.487902,1.49973,0,0.146462
0.765,0.035,8.63561,8.70471,-3.58673,81.8099,0.487902,1.49973,0,0.146462
0.765,0.045,8.5805,8.67284,-3.45996,80.4877,0.487902,1.49973,0,0.146462
0.765,0.055,8.52539,8.64035,-3.33328,79.1682,0.487902,1.49973,0,0.146462
0.765,0.065,8.47026,8.60726,-3.2067,77.8517,0.487902,1.49973,0,0.146462
0.765,0.075,8.41507,8.57354,-3.08022,76.5388,0.487902,1.49973,0,0.146462
0.765,0.085,8.35982,8.5392,-2.95387,75.23,0.487902,1.49973,0,0.146462
0.765,0.095,8.30445,8.50423,-2.82766,73.9255,0.487902,1.49973,0,0.146462
0.765,0.105,8.24895,8.46863,-2.70161,72.6259,0.487902,1.49973,0,0.146462
0.765,0.115,8.19328,8.43239,-2.57573,71.3317,0.487902,1.49973,0,0.146462
0.765,0.125,8.13742,8.3955,-2.45005,70.0432,0.487902,1.49973,0,0.146462
0.765,0.135,8.08134,8.35797,-2.3246,68.7611,0.487902,1.49973,0,0.146462
0.765,0.145,8.02504,8.31976,-2.19941,67.4859,0.487902,1.49973,0,0.146462
0.765,0.155,7.96848,8.28088,-2.0745,66.2181,0.487902,1.49973,0,0.146462
0.765,0.165,7.91169,8.2413,-1.94993,64.9586,0.487902,1.49973,0,0.146462
0.765,0.175,7.85466,8.20101,-1.82574,63.7081,0.487902,1.49973,0,0.146462
0.765,0.185,7.79742,8.15997,-1.70199,62.4676,0.487902,1.49973,0,0.146462
0.765,0.195,7.74003,8.11816,-1.57875,61.2382,0.487902,1.49973,0,0.146462
0.765,0.205,7.68256,8.07553,-1.45609,60.0212,0.487902,1.49973,0,0.146462
0.765,0.215,7.62513,8.03205,-1.33412,58.8184,0.487902,1.49973,0,0.146462
0.765,0.225,7.5679,7.98764,-1.21295,57.6318,0.487902,1.49973,0,0.146462
0.765,0.235,7.51109,7.94224,-1.09274,56.464,0.487902,1.49973,0,0.146462
0.765,0.245,7.45504,7.89575,-0.973662,55.3186,0.487902,1.49973,0,0.146462
0.765,0.255,7.4002,7.84806,-0.855961,54.1999,0.487902,1.49973,0,0.146462
0.765,0.265,7.34718,7.799,-0.73994,53.114,0.487902,1.49973,0,0.146462
0.765,0.275,7.29689,7.74837,-0.626,52.0689,0.487902,1.49973,0,0.146462
0.765,0.285,7.25056,7.6959,-0.51468,51.0758,0.487902,1.49973,0,0.146462
0.765,0.295,7.21001,7.64117,-0.406717,50.1506,0.487902,1.49973,0,0.146462
0.765,0.305,7.17787,7.58361,-0.303137,49.316,0.487902,1.49973,0,0.146462
0.765,0.315,7.15803,7.52238,-0.205387,48.6055,0.487902,1.49973,0,0.146462
0.765,0.325,7.15622,7.45621,-0.115518,48.0683,0.487902,1.49973,0,0.146462
0.765,0.335,7.1811,7.38286,-0.0364339,47.7766,0.487902,1.49973,0,0.146462
0.765,0.345,7.24904,7.29418,0.0278929,47.8386,0.487902,1.49973,0,0.146462
0.765,0.355,7.3724,7.19117,0.0725493,48.408,0.487902,1.49973,0,0.146462
0.765,0.365,7.57079,7.06908,0.0922709,49.6702,0.487902,1.49973,0,0.146462
0.765,0.375,7.8667,6.92042,0.0834088,51.8376,0.487902,1.49973,0,0.146462
0.765,0.385,8.27506,6.73945,0.0468868,55.0713,0.487902,1.49973,0,0.146462
0.765,0.395,8.79454,6.52598,-0.00983443,59.3865,0.487902,1.49973,0,0.146462
0.765,0.405,9.40151,6.28613,-0.0739168,64.5718,0.487902,1.49973,0,0.146462
0.765,0.415,10.0531,6.03259,-0.131406,70.2105,0.487902,1.49973,0,0.146462
0.765,0.425,10.6971,5.77894,-0.171788,75.7742,0.487902,1.49973,0,0.146462
0.765,0.435,11.287,5.53582,-0.190112,80.7942,0.487902,1.49973,0,0.146462
0.765,0.445,11.7911,5.30863,-0.186357,84.9608,0.487902,1.49973,0,0.146462
0.765,0.455,12.1952,5.09782,-0.163441,88.1636,0.487902,1.49973,0,0.146462
0.765,0.465,12.4982,4.90036,-0.125231,90.4438,0.487902,1.49973,0,0.146462
0.765,0.475,12.7061,4.7104,-0.0748523,91.943,0.487902,1.49973,0,0.146462
0.765,0.485,12.8277,4.51111,-0.0115177,92.9155,0.487902,1.49973,0,0.146462
0.765,0.495,12.8287,4.30732,0.0655133,93.2827,0.487902,1.49973,0,0.146462
0.765,0.505,12.5381,4.04146,0.16336,93.5142,0.487902,1.49973,0,0.146462
0.765,0.515,11.6937,3.6582,0.300539,93.6808,0.487902,1.49973,0,0.146462
0.765,0.525,10.4249,3.14843,0.487574,93.4531,0.487902,1.49973,0,0.146462
0.765,0.535,9.18452,2.56594,0.708812,92.6146,0.487902,1.49973,0,0.146462
0.765,0.545,8.1746,1.93902,0.935195,91.6355,0.487902,1.49973,0,0.146462
0.765,0.555,7.33041,1.30601,1.1478,90.627,0.487902,1.49973,0,0.146462
0.765,0.565,6.60618,0.698237,1.33852,89.594,0.487902,1.49973,0,0.146462
0.765,0.575,6.02269,0.137832,1.5061,88.4871,0.487902,1.49973,0,0.146462
0.765,0.585,5.61038,-0.359562,1.64955,87.2904,0.487902,1.49973,0,0.146462
0.765,0.595,5.35395,-0.787156,1.76675,86.0428,0.487902,1.49973,0,0.146462
0.765,0.605,5.21237,-1.15441,1.85646,84.8497,0.487902,1.49973,0,0.146462
0.765,0.615,5.14565,-1.48993,1.91717,83.857,0.487902,1.49973,0,0.146462
0.765,0.625,5.12096,-1.84076,1.94691,83.2263,0.487902,1.49973,0,0.146462
0.765,0.635,5.11464,-2.27062,1.94449,83.0989,0.487902,1.49973,0,0.146462
0.765,0.645,5.11506,-2.85806,1.91308,83.547,0.487902,1.49973,0,0.146462
0.765,0.655,5.12951,-3.69301,1.8636,84.5709,0.487902,1.49973,0,0.146462
0.765,0.665,5.19777,-4.86576,1.81488,86.1775,0.487902,1.49973,0,0.146462
0.765,0.675,5.43506,-6.39959,1.7968,88.6972,0.487902,1.49973,0,0.146462
0.765,0.685,6.06866,-8.21204,1.852,92.4977,0.487902,1.49973,0,0.146462
0.765,0.695,7.49267,-10.055,2.01077,98.3042,0.487902,1.49973,0,0.146462
0.765,0.705,10.333,-11.6363,2.27138,107.209,0.487902,1.49973,0,0.146462
0.765,0.715,15.6227,-12.8151,2.58785,120.359,0.487902,1.49973,0,0.146462
0.765,0.725,25.0214,-13.6179,2.88125,137.829,0.487902,1.49973,0,0.146462
0.765,0.735,40.6608,-14.1394,3.07921,156.409,0.487902,1.49973,0,0.146462
0.765,0.745,63.9207,-14.4716,3.14945,167.889,0.487902,1.49973,0,0.146462
0.765,0.755,93.5062,-14.6809,3.09507,163.222,0.487902,1.49973,0,0.146462
0.765,0.765,124.737,-14.8107,2.95193,140.515,0.487902,1.49973,0,0.146462
0.765,0.775,152.631,-14.8882,2.77841,109.462,0.487902,1.49973,0,0.146462
0.765,0.785,176.552,-14.932,2.63549,84.009,0.487902,1.49973,0,0.146462
0.765,0.795,200.369,-14.9554,2.55721,70.9496,0.487902,1.49973,0,0.146462
0.765,0.805,228.138,-14.9681,2.53792,68.478,0.487902,1.49973,0,0.146462
0.765,0.815,261.31,-14.9755,2.5531,72.2573,0.487902,1.49973,0,0.146462
0.765,0.825,299.33,-14.9806,2.58285,79.2177,0.487902,1.49973,0,0.146462
0.765,0.835,341.059,-14.9843,2.61706,87.8062,0.487902,1.49973,0,0.146462
0.765,0.845,385.445,-14.9873,2.65165,97.3113,0.487902,1.49973,0,0.146462
0.765,0.855,431.61,-14.9897,2.68514,107.385,0.487902,1.49973,0,0.146462
0.765,0.865,478.781,-14.9916,2.71702,117.819,0.487902,1.49973,0,0.146462
0.765,0.875,526.235,-14.9932,2.74709,128.451,0.487902,1.49973,0,0.146462
0.765,0.885,573.276,-14.9945,2.77529,139.137,0.487902,1.49973,0,0.146462
0.765,0.895,619.25,-14.9956,2.80157,149.74,0.487902,1.49973,0,0.146462
0.765,0.905,663.553,-14.9965,2.82595,160.131,0.487902,1.49973,0,0.146462
0.765,0.915,705.658,-14.9972,2.84841,170.189,0.487902,1.49973,0,0.146462
0.765,0.925,745.128,-14.9978,2.86898,179.804,0.487902,1.49973,0,0.146462
0.765,0.935,781.625,-14.9983,2.88768,188.883,0.487902,1.49973,0,0.146462
0.765,0.945,814.915,-14.9987,2.90455,197.349,0.487902,1.49973,0,0.146462
0.765,0.955,844.868,-14.999,2.91964,205.141,0.487902,1.49973,0,0.146462
0.765,0.965,871.454,-14.9993,2.93302,212.219,0.487902,1.49973,0,0.146462
0.765,0.975,894.728,-14.9995,2.94476,218.561,0.487902,1.49973,0,0.146462
0.765,0.985,914.821,-14.9996,2.95495,224.164,0.487902,1.49973,0,0.146462
0.765,0.995,931.927,-14.9997,2.96369,229.043,0.487902,1.49973,0,0.146462
0.775,0.005,8.7003,8.87654,-3.94441,84.4171,0.540903,1.56727,0,0.16921
0.775,0.015,8.64178,8.84697,-3.81879,83.0681,0.540903,1.56727,0,0.16921
0.775,0.025,8.5839,8.81656,-3.69295,81.7287,0.540903,1.56727,0,0.16921
0.775,0.035,8.52829,8.78535,-3.56621,80.421,0.540903,1.56727,0,0.16921
0.775,0.045,8.47289,8.75351,-3.43945,79.1181,0.540903,1.56727,0,0.16921
0.775,0.055,8.41746,8.72106,-3.31278,77.8177,0.540903,1.56727,0,0.16921
0.775,0.065,8.36197,8.68799,-3.18622,76.5202,0.540903,1.56727,0,0.16921
0.775,0.075,8.30641,8.65428,-3.05977,75.2259,0.540903,1.56727,0,0.16921
0.775,0.085,8.25075,8.61994,-2.93346,73.9354,0.540903,1.56727,0,0.16921
0.775,0.095,8.19495,8.58496,-2.80731,72.6491,0.540903,1.56727,0,0.16921
0.775,0.105,8.13899,8.54933,-2.68132,71.3673,0.540903,1.56727,0,0.16921
0.775,0.115,8.08283,8.51304,-2.55552,70.0907,0.540903,1.56727,0,0.16921
0.775,0.125,8.02647,8.47609,-2.42993,68.8196,0.540903,1.56727,0,0.16921
0.775,0.135,7.96987,8.43847,-2.30459,67.5545,0.540903,1.56727,0,0.16921
0.775,0.145,7.91302,8.40016,-2.17953,66.2962,0.540903,1.56727,0,0.16921
0.775,0.155,7.85593,8.36114,-2.05479,65.0452,0.540903,1.56727,0,0.16921
0.775,0.165,7.79858,8.32141,-1.9304,63.8022,0.540903,1.56727,0,0.16921
0.775,0.175,7.74101,8.28092,-1.80642,62.5683,0.540903,1.56727,0,0.16921
0.775,0.185,7.68324,8.23966,-1.68293,61.3443,0.540903,1.56727,0,0.16921
0.775,0.195,7.62535,8.19759,-1.55998,60.1316,0.540903,1.56727,0,0.16921
0.775,0.205,7.56743,8.15466,-1.43767,58.9317,0.540903,1.56727,0,0.16921
0.775,0.215,7.50963,8.11081,-1.3161,57.7465,0.540903,1.56727,0,0.16921
0.775,0.225,7.45213,8.06598,-1.19543,56.5784,0.540903,1.56727,0,0.16921
0.775,0.235,7.39525,8.02007,-1.0758,55.4307,0.540903,1.56727,0,0.16921
0.775,0.245,7.33937,7.97298,-0.957447,54.3075,0.540903,1.56727,0,0.16921
0.775,0.255,7.28508,7.92454,-0.840644,53.2143,0.540903,1.56727,0,0.16921
0.775,0.265,7.23321,7.87456,-0.725766,52.159,0.540903,1.56727,0,0.16921
0.775,0.275,7.18493,7.82274,-0.613319,51.1524,0.540903,1.56727,0,0.16921
0.775,0.285,7.142,7.76866,-0.504005,50.21,0.540903,1.56727,0,0.16921
0.775,0.295,7.10699,7.71174,-0.398817,49.3544,0.540903,1.56727,0,0.16921
0.775,0.305,7.08378,7.65104,-0.299186,48.6198,0.540903,1.56727,0,0.16921
0.775,0.315,7.07824,7.58519,-0.207181,48.0572,0.540903,1.56727,0,0.16921
0.775,0.325,7.09918,7.512,-0.125775,47.7438,0.540903,1.56727,0,0.16921
0.775,0.335,7.1597,7.42797,-0.0591068,47.7944,0.540903,1.56727,0,0.16921
0.775,0.345,7.2809,7.32369,-0.0126885,48.3695,0.540903,1.56727,0,0.16921
0.775,0.355,7.48367,7.19591,0.00774906,49.699,0.540903,1.56727,0,0.16921
0.775,0.365,7.78967,7.03885,-0.00163906,52.0141,0.540903,1.56727,0,0.16921
0.775,0.375,8.2162,6.84584,-0.0399614,55.5028,0.540903,1.56727,0,0.16921
0.775,0.385,8.76224,6.61702,-0.0990393,60.188,0.540903,1.56727,0,0.16921
0.775,0.395,9.40218,6.36078,-0.164833,65.8357,0.540903,1.56727,0,0.16921
0.775,0.405,10.0878,6.09231,-0.222333,71.9614,0.540903,1.56727,0,0.16921
0.775,0.415,10.7617,5.82743,-0.260627,77.9673,0.540903,1.56727,0,0.16921
0.775,0.425,11.3735,5.57785,-0.27498,83.3244,0.540903,1.56727,0,0.16921
0.775,0.435,11.8907,5.34863,-0.26593,87.7058,0.540903,1.56727,0,0.16921
0.775,0.445,12.3011,5.13934,-0.236963,91.0148,0.540903,1.56727,0,0.16921
0.775,0.455,12.6073,4.94591,-0.192343,93.3259,0.540903,1.56727,0,0.16921
0.775,0.465,12.8187,4.76248,-0.135664,94.8039,0.540903,1.56727,0,0.16921
0.775,0.475,12.9459,4.58038,-0.0683468,95.6609,0.540903,1.56727,0,0.16921
0.775,0.485,12.9897,4.3759,0.0132559,96.1652,0.540903,1.56727,0,0.16921
0.775,0.495,12.9019,4.17021,0.110907,96.0888,0.540903,1.56727,0,0.16921
0.775,0.505,12.47,3.88439,0.232028,95.961,0.540903,1.56727,0,0.16921
0.775,0.515,11.5058,3.46913,0.394423,95.7509,0.540903,1.56727,0,0.16921
0.775,0.525,10.2392,2.95316,0.598546,94.8894,0.540903,1.56727,0,0.16921
0.775,0.535,9.06319,2.37535,0.820323,93.752,0.540903,1.56727,0,0.16921
0.775,0.545,8.06247,1.76772,1.03751,92.6191,0.540903,1.56727,0,0.16921
0.775,0.555,7.196,1.16379,1.23801,91.5267,0.540903,1.56727,0,0.16921
0.775,0.565,6.46932,0.58962,1.41814,90.4218,0.540903,1.56727,0,0.16921
0.775,0.575,5.916,0.065296,1.57717,89.2494,0.540903,1.56727,0,0.16921
0.775,0.585,5.54887,-0.394468,1.71271,88.0153,0.540903,1.56727,0,0.16921
0.775,0.595,5.33278,-0.785278,1.82301,86.7733,0.540903,1.56727,0,0.16921
0.775,0.605,5.22299,-1.11901,1.90664,85.6452,0.540903,1.56727,0,0.16921
0.775,0.615,5.18108,-1.42503,1.96169,84.7822,0.540903,1.56727,0,0.16921
0.775,0.625,5.17693,-1.74934,1.98568,84.3439,0.540903,1.56727,0,0.16921
0.775,0.635,5.18789,-2.15361,1.97741,84.4538,0.540903,1.56727,0,0.16921
0.775,0.645,5.20043,-2.71471,1.94076,85.1479,0.540903,1.56727,0,0.16921
0.775,0.655,5.21789,-3.52273,1.88724,86.393,0.540903,1.56727,0,0.16921
0.775,0.665,5.27705,-4.6718,1.83576,88.1991,0.540903,1.56727,0,0.16921
0.775,0.675,5.48946,-6.20081,1.81572,90.8114,0.540903,1.56727,0,0.16921
0.775,0.685,6.09244,-8.03063,1.86847,94.712,0.540903,1.56727,0,0.16921
0.775,0.695,7.48478,-9.91193,2.02547,100.616,0.540903,1.56727,0,0.16921
0.775,0.705,10.2955,-11.5378,2.28533,109.636,0.540903,1.56727,0,0.16921
0.775,0.715,15.5592,-12.7535,2.60206,122.931,0.540903,1.56727,0,0.16921
0.775,0.725,24.9405,-13.5815,2.89587,140.574,0.540903,1.56727,0,0.16921
0.775,0.735,40.5838,-14.1185,3.09352,159.308,0.540903,1.56727,0,0.16921
0.775,0.745,63.8881,-14.4598,3.16254,170.796,0.540903,1.56727,0,0.16921
0.775,0.755,93.5652,-14.6745,3.10612,165.839,0.540903,1.56727,0,0.16921
0.775,0.765,124.903,-14.8074,2.96032,142.513,0.540903,1.56727,0,0.16921
0.775,0.775,152.856,-14.8868,2.78388,110.693,0.540903,1.56727,0,0.16921
0.775,0.785,176.754,-14.9314,2.63841,84.6068,0.540903,1.56727,0,0.16921
0.775,0.795,200.5,-14.9552,2.55844,71.1833,0.540903,1.56727,0,0.16921
0.775,0.805,228.205,-14.968,2.53834,68.5559,0.540903,1.56727,0,0.16921
0.775,0.815,261.337,-14.9755,2.55322,72.2808,0.540903,1.56727,0,0.16921
0.775,0.825,299.34,-14.9806,2.58288,79.2244,0.540903,1.56727,0,0.16921
0.775,0.835,341.063,-14.9843,2.61707,87.808,0.540903,1.56727,0,0.16921
0.775,0.845,385.446,-14.9873,2.65165,97.3118,0.540903,1.56727,0,0.16921
0.775,0.855,431.61,-14.9897,2.68515,107.385,0.540903,1.56727,0,0.16921
0.775,0.865,478.781,-14.9916,2.71702,117.819,0.540903,1.56727,0,0.16921
0.775,0.875,526.235,-14.9932,2.74709,128.451,0.540903,1.56727,0,0.16921
0.775,0.885,573.276,-14.9945,2.77529,139.137,0.540903,1.56727,0,0.16921
0.775,0.895,619.25,-14.9956,2.80157,149.74,0.540903,1.56727,0,0.16921
0.775,0.905,663.553,-14.9965,2.82595,160.131,0.540903,1.56727,0,0.16921
0.775,0.915,705.658,-14.9972,2.84841,170.189,0.540903,1.56727,0,0.16921
0.775,0.925,745.128,-14.9978,2.86898,179.804,0.540903,1.56727,0,0.16921
0.775,0.935,781.625,-14.9983,2.88768,188.883,0.540903,1.56727,0,0.16921
0.775,0.945,814.915,-14.9987,2.90455,197.349,0.540903,1.56727,0,0.16921
0.775,0.955,844.868,-14.999,2.91964,205.141,0.540903,1.56727,0,0.16921
0.775,0.965,871.454,-14.9993,2.93302,212.219,0.540903,1.56727,0,0.16921
0.775,0.975,894.728,-14.9995,2.94476,218.561,0.540903,1.56727,0,0.16921
0.775,0.985,914.821,-14.9996,2.95495,224.164,0.540903,1.56727,0,0.16921
0.775,0.995,931.927,-14.9997,2.96369,229.043,0.540903,1.56727,0,0.16921
0.785,0.005,8.59356,8.95671,-3.92421,82.9747,0.598412,1.63482,0,0.194922
0.785,0.015,8.53484,8.92714,-3.79858,81.6455,0.598412,1.63482,0,0.194922
0.785,0.025,8.47696,8.89673,-3.67264,80.3284,0.598412,1.63482,0,0.194922
0.785,0.035,8.42118,8.86554,-3.54586,79.0411,0.598412,1.63482,0,0.194922
0.785,0.045,8.36547,8.83373,-3.41911,77.757,0.598412,1.63482,0,0.194922
0.785,0.055,8.30971,8.80129,-3.29247,76.4751,0.598412,1.63482,0,0.194922
0.785,0.065,8.25386,8.76822,-3.16594,75.1958,0.598412,1.63482,0,0.194922
0.785,0.075,8.1979,8.7345,-3.03954,73.9196,0.598412,1.63482,0,0.194922
0.785,0.085,8.14181,8.70013,-2.91328,72.6469,0.598412,1.63482,0,0.194922
0.785,0.095,8.08557,8.66511,-2.78719,71.3781,0.598412,1.63482,0,0.194922
0.785,0.105,8.02913,8.62942,-2.66128,70.1136,0.598412,1.63482,0,0.194922
0.785,0.115,7.97249,8.59306,-2.53558,68.854,0.598412,1.63482,0,0.194922
0.785,0.125,7.91561,8.55602,-2.41011,67.5997,0.598412,1.63482,0,0.194922
0.785,0.135,7.85848,8.51828,-2.2849,66.3514,0.598412,1.63482,0,0.194922
0.785,0.145,7.8011,8.47983,-2.16,65.1095,0.598412,1.63482,0,0.194922
0.785,0.155,7.74346,8.44065,-2.03543,63.8749,0.598412,1.63482,0,0.194922
0.785,0.165,7.68558,8.40071,-1.91126,62.6484,0.598412,1.63482,0,0.194922
0.785,0.175,7.62749,8.36,-1.78754,61.4308,0.598412,1.63482,0,0.194922
0.785,0.185,7.56924,8.31846,-1.66433,60.2236,0.598412,1.63482,0,0.194922
0.785,0.195,7.51092,8.27607,-1.54173,59.0279,0.598412,1.63482,0,0.194922
0.785,0.205,7.45266,8.23277,-1.41982,57.8458,0.598412,1.63482,0,0.194922
0.785,0.215,7.39463,8.18848,-1.29875,56.6795,0.598412,1.63482,0,0.194922
0.785,0.225,7.33713,8.14312,-1.17866,55.5321,0.598412,1.63482,0,0.194922
0.785,0.235,7.28052,8.09657,-1.05977,54.4076,0.598412,1.63482,0,0.194922
0.785,0.245,7.22536,8.04867,-0.942332,53.3116,0.598412,1.63482,0,0.194922
0.785,0.255,7.17247,7.99921,-0.826715,52.2517,0.598412,1.63482,0,0.194922
0.785,0.265,7.12303,7.94787,-0.713409,51.2391,0.598412,1.63482,0,0.194922
0.785,0.275,7.07881,7.89421,-0.603111,50.2898,0.598412,1.63482,0,0.194922
0.785,0.285,7.04248,7.83755,-0.496824,49.4277,0.598412,1.63482,0,0.194922
0.785,0.295,7.0181,7.77685,-0.396019,48.689,0.598412,1.63482,0,0.194922
0.785,0.305,7.01194,7.71052,-0.302859,48.1294,0.598412,1.63482,0,0.194922
0.785,0.315,7.03351,7.63605,-0.2205,47.8338,0.598412,1.63482,0,0.194922
0.785,0.325,7.09691,7.54955,-0.153356,47.9303,0.598412,1.63482,0,0.194922
0.785,0.335,7.22194,7.44507,-0.107109,48.6023,0.598412,1.63482,0,0.194922
0.785,0.345,7.43534,7.31119,-0.0881269,50.0835,0.598412,1.63482,0,0.194922
0.785,0.355,7.76227,7.1413,-0.100352,52.6568,0.598412,1.63482,0,0.194922
0.785,0.365,8.21702,6.93211,-0.141814,56.5179,0.598412,1.63482,0,0.194922
0.785,0.375,8.79677,6.68488,-0.203074,61.6715,0.598412,1.63482,0,0.194922
0.785,0.385,9.47149,6.41106,-0.268909,67.8323,0.598412,1.63482,0,0.194922
0.785,0.395,10.1874,6.12839,-0.323886,74.4383,0.598412,1.63482,0,0.194922
0.785,0.405,10.8824,5.85461,-0.357446,80.8213,0.598412,1.63482,0,0.194922
0.785,0.415,11.5042,5.60134,-0.3657,86.4147,0.598412,1.63482,0,0.194922
0.785,0.425,12.0223,5.37285,-0.350005,90.9007,0.598412,1.63482,0,0.194922
0.785,0.435,12.4279,5.16717,-0.314416,94.2171,0.598412,1.63482,0,0.194922
0.785,0.445,12.728,4.97909,-0.263497,96.4835,0.598412,1.63482,0,0.194922
0.785,0.455,12.9353,4.80211,-0.201007,97.8973,0.598412,1.63482,0,0.194922
0.785,0.465,13.0624,4.62913,-0.129091,98.6708,0.598412,1.63482,0,0.194922
0.785,0.475,13.1189,4.44738,-0.0462391,99.0531,0.598412,1.63482,0,0.194922
0.785,0.485,13.078,4.23367,0.0529188,99.1499,0.598412,1.63482,0,0.194922
0.785,0.495,12.9027,4.01978,0.170871,98.7808,0.598412,1.63482,0,0.194922
0.785,0.505,12.3407,3.71161,0.31551,98.3486,0.598412,1.63482,0,0.194922
0.785,0.515,11.2979,3.27712,0.498877,97.6787,0.598412,1.63482,0,0.194922
0.785,0.525,10.0554,2.76402,0.711727,96.3588,0.598412,1.63482,0,0.194922
0.785,0.535,8.90718,2.19933,0.9292,95.011,0.598412,1.63482,0,0.194922
0.785,0.545,7.894,1.6159,1.13638,93.7538,0.598412,1.63482,0,0.194922
0.785,0.555,7.0195,1.04245,1.32656,92.5643,0.598412,1.63482,0,0.194922
0.785,0.565,6.31792,0.501918,1.49804,91.3639,0.598412,1.63482,0,0.194922
0.785,0.575,5.81446,0.0133835,1.64957,90.111,0.598412,1.63482,0,0.194922
0.785,0.585,5.49848,-0.409869,1.77789,88.8322,0.598412,1.63482,0,0.194922
0.785,0.595,5.32272,-0.766258,1.88174,87.5988,0.598412,1.63482,0,0.194922
0.785,0.605,5.24294,-1.0697,1.95938,86.5426,0.598412,1.63482,0,0.194922
0.785,0.615,5.22434,-1.3497,2.00841,85.8203,0.598412,1.63482,0,0.194922
0.785,0.625,5.24002,-1.6507,2.02595,85.588,0.598412,1.63482,0,0.194922
0.785,0.635,5.26811,-2.0321,2.0111,85.9457,0.598412,1.63482,0,0.194922
0.785,0.645,5.29278,-2.56902,1.96868,86.8894,0.598412,1.63482,0,0.194922
0.785,0.655,5.31311,-3.35173,1.91082,88.3539,0.598412,1.63482,0,0.194922
0.785,0.665,5.36246,-4.47773,1.85674,90.3396,0.598412,1.63482,0,0.194922
0.785,0.675,5.55069,-6.00069,1.83533,93.0485,0.598412,1.63482,0,0.194922
0.785,0.685,6.12378,-7.84671,1.88595,97.0435,0.598412,1.63482,0,0.194922
0.785,0.695,7.48549,-9.76548,2.04127,103.042,0.598412,1.63482,0,0.194922
0.785,0.705,10.2679,-11.4361,2.30041,112.179,0.598412,1.63482,0,0.194922
0.785,0.715,15.5082,-12.6897,2.61731,125.617,0.598412,1.63482,0,0.194922
0.785,0.725,24.8761,-13.5439,2.91127,143.42,0.598412,1.63482,0,0.194922
0.785,0.735,40.528,-14.097,3.10822,162.275,0.598412,1.63482,0,0.194922
0.785,0.745,63.8778,-14.4478,3.17562,173.715,0.598412,1.63482,0,0.194922
0.785,0.755,93.6401,-14.6681,3.11689,168.414,0.598412,1.63482,0,0.194922
0.785,0.765,125.071,-14.8042,2.96833,144.439,0.598412,1.63482,0,0.194922
0.785,0.775,153.071,-14.8853,2.78903,111.859,0.598412,1.63482,0,0.194922
0.785,0.785,176.942,-14.9309,2.6411,85.164,0.598412,1.63482,0,0.194922
0.785,0.795,200.621,-14.9551,2.55956,71.3979,0.598412,1.63482,0,0.194922
0.785,0.805,228.264,-14.968,2.53872,68.6265,0.598412,1.63482,0,0.194922
0.785,0.815,261.362,-14.9755,2.55333,72.3019,0.598412,1.63482,0,0.194922
0.785,0.825,299.348,-14.9806,2.58291,79.2303,0.598412,1.63482,0,0.194922
0.785,0.835,341.065,-14.9843,2.61707,87.8096,0.598412,1.63482,0,0.194922
0.785,0.845,385.447,-14.9873,2.65165,97.3122,0.598412,1.63482,0,0.194922
0.785,0.855,431.61,-14.9897,2.68515,107.385,0.598412,1.63482,0,0.194922
0.785,0.865,478.781,-14.9916,2.71702,117.819,0.598412,1.63482,0,0.194922
0.785,0.875,526.235,-14.9932,2.74709,128.451,0.598412,1.63482,0,0.194922
0.785,0.885,573.276,-14.9945,2.77529,139.137,0.598412,1.63482,0,0.194922
0.785,0.895,619.25,-14.9956,2.80157,149.74,0.598412,1.63482,0,0.194922
0.785,0.905,663.553,-14.9965,2.82595,160.131,0.598412,1.63482,0,0.194922
0.785,0.915,705.658,-14.9972,2.84841,170.189,0.598412,1.63482,0,0.194922
0.785,0.925,745.128,-14.9978,2.86898,179.804,0.598412,1.63482,0,0.194922
0.785,0.935,781.625,-14.9983,2.88768,188.883,0.598412,1.63482,0,0.194922
0.785,0.945,814.915,-14.9987,2.90455,197.349,0.598412,1.63482,0,0.194922
0.785,0.955,844.868,-14.999,2.91964,205.141,0.598412,1.63482,0,0.194922
0.785,0.965,871.454,-14.9993,2.93302,212.219,0.598412,1.63482,0,0.194922
0.785,0.975,894.728,-14.9995,2.94476,218.561,0.598412,1.63482,0,0.194922
0.785,0.985,914.821,-14.9996,2.95495,224.164,0.598412,1.63482,0,0.194922
0.785,0.995,931.927,-14.9997,2.96369,229.043,0.598412,1.63482,0,0.194922
0.795,0.005,8.48694,9.03643,-3.90417,81.5417,0.660712,1.70237,0,0.223912
0.795,0.015,8.42803,9.00685,-3.77854,80.2318,0.660712,1.70237,0,0.223912
0.795,0.025,8.37014,8.97643,-3.6525,78.9368,0.660712,1.70237,0,0.223912
0.795,0.035,8.31415,8.94525,-3.5257,77.6688,0.660712,1.70237,0,0.223912
0.795,0.045,8.25812,8.91343,-3.39898,76.4029,0.660712,1.70237,0,0.223912
0.795,0.055,8.202,8.88098,-3.27237,75.1389,0.660712,1.70237,0,0.223912
0.795,0.065,8.14577,8.84789,-3.14589,73.8773,0.660712,1.70237,0,0.223912
0.795,0.075,8.08941,8.81413,-3.01954,72.6186,0.660712,1.70237,0,0.223912
0.795,0.085,8.03289,8.77971,-2.89336,71.3631,0.660712,1.70237,0,0.223912
0.795,0.095,7.97619,8.74462,-2.76735,70.1113,0.660712,1.70237,0,0.223912
0.795,0.105,7.91928,8.70885,-2.64154,68.8636,0.660712,1.70237,0,0.223912
0.795,0.115,7.86213,8.67239,-2.51595,67.6206,0.660712,1.70237,0,0.223912
0.795,0.125,7.80474,8.63521,-2.39061,66.3828,0.660712,1.70237,0,0.223912
0.795,0.135,7.7471,8.59732,-2.26557,65.1508,0.660712,1.70237,0,0.223912
0.795,0.145,7.68919,8.5587,-2.14085,63.9253,0.660712,1.70237,0,0.223912
0.795,0.155,7.63104,8.5193,-2.0165,62.707,0.660712,1.70237,0,0.223912
0.795,0.165,7.57267,8.47913,-1.89258,61.497,0.660712,1.70237,0,0.223912
0.795,0.175,7.51413,8.43812,-1.76915,60.2963,0.660712,1.70237,0,0.223912
0.795,0.185,7.4555,8.39626,-1.64629,59.1064,0.660712,1.70237,0,0.223912
0.795,0.195,7.3969,8.35346,-1.5241,57.9291,0.660712,1.70237,0,0.223912
0.795,0.205,7.33852,8.30968,-1.4027,56.7667,0.660712,1.70237,0,0.223912
0.795,0.215,7.28061,8.26481,-1.28224,55.6224,0.660712,1.70237,0,0.223912
0.795,0.225,7.22358,8.21873,-1.16292,54.5002,0.660712,1.70237,0,0.223912
0.795,0.235,7.168,8.17126,-1.045,53.406,0.660712,1.70237,0,0.223912
0.795,0.245,7.11471,8.12217,-0.928849,52.3479,0.660712,1.70237,0,0.223912
0.795,0.255,7.06496,8.0711,-0.814969,51.3379,0.660712,1.70237,0,0.223912
0.795,0.265,7.02068,8.01752,-0.704085,50.3936,0.660712,1.70237,0,0.223912
0.795,0.275,6.98478,7.96065,-0.597259,49.5417,0.660712,1.70237,0,0.223912
0.795,0.285,6.96177,7.89925,-0.496071,48.8229,0.660712,1.70237,0,0.223912
0.795,0.295,6.95861,7.83139,-0.402873,48.3005,0.660712,1.70237,0,0.223912
0.795,0.305,6.98592,7.75406,-0.321102,48.0717,0.660712,1.70237,0,0.223912
0.795,0.315,7.05935,7.66259,-0.255537,48.2823,0.660712,1.70237,0,0.223912
0.795,0.325,7.20037,7.55023,-0.212191,49.1397,0.660712,1.70237,0,0.223912
0.795,0.335,7.43539,7.40795,-0.1971,50.9102,0.660712,1.70237,0,0.223912
0.795,0.345,7.79155,7.22391,-0.213826,53.8698,0.660712,1.70237,0,0.223912
0.795,0.355,8.28439,6.99435,-0.259189,58.227,0.660712,1.70237,0,0.223912
0.795,0.365,8.90342,6.72665,-0.321683,63.939,0.660712,1.70237,0,0.223912
0.795,0.375,9.61186,6.43559,-0.385128,70.634,0.660712,1.70237,0,0.223912
0.795,0.385,10.3503,6.14153,-0.434469,77.6664,0.660712,1.70237,0,0.223912
0.795,0.395,11.0535,5.86261,-0.460436,84.3096,0.660712,1.70237,0,0.223912
0.795,0.405,11.6708,5.60965,-0.460482,89.9973,0.660712,1.70237,0,0.223912
0.795,0.415,12.1757,5.38504,-0.43693,94.4487,0.660712,1.70237,0,0.223912
0.795,0.425,12.5651,5.18527,-0.394298,97.661,0.660712,1.70237,0,0.223912
0.795,0.435,12.8501,5.00384,-0.337241,99.8014,0.660712,1.70237,0,0.223912
0.795,0.445,13.0464,4.83375,-0.269462,101.099,0.660712,1.70237,0,0.223912
0.795,0.455,13.1678,4.66829,-0.193195,101.775,0.660712,1.70237,0,0.223912
0.795,0.465,13.2235,4.49987,-0.10862,102.027,0.660712,1.70237,0,0.223912
0.795,0.475,13.2135,4.30948,-0.0111856,102.104,0.660712,1.70237,0,0.223912
0.795,0.485,13.0795,4.08593,0.104616,101.856,0.660712,1.70237,0,0.223912
0.795,0.495,12.8121,3.85702,0.241567,101.321,0.660712,1.70237,0,0.223912
0.795,0.505,12.1377,3.52614,0.408186,100.642,0.660712,1.70237,0,0.223912
0.795,0.515,11.0403,3.08981,0.607297,99.4173,0.660712,1.70237,0,0.223912
0.795,0.525,9.82114,2.58516,0.821854,97.8352,0.660712,1.70237,0,0.223912
0.795,0.535,8.67899,2.03963,1.03297,96.3306,0.660712,1.70237,0,0.223912
0.795,0.545,7.66278,1.48302,1.2313,94.9576,0.660712,1.70237,0,0.223912
0.795,0.555,6.81188,0.940555,1.41344,93.6563,0.660712,1.70237,0,0.223912
0.795,0.565,6.16365,0.433695,1.57794,92.3487,0.660712,1.70237,0,0.223912
0.795,0.575,5.72355,-0.0194043,1.72267,91.0135,0.660712,1.70237,0,0.223912
0.795,0.585,5.46021,-0.407613,1.84457,89.6943,0.660712,1.70237,0,0.223912
0.795,0.595,5.32283,-0.732195,1.94231,88.4786,0.660712,1.70237,0,0.223912
0.795,0.605,5.27077,-1.00856,2.01391,87.5071,0.660712,1.70237,0,0.223912
0.795,0.615,5.27408,-1.26576,2.05642,86.9431,0.660712,1.70237,0,0.223912
0.795,0.625,5.30918,-1.54635,2.06672,86.9363,0.660712,1.70237,0,0.223912
0.795,0.635,5.35448,-1.90729,2.0446,87.5569,0.660712,1.70237,0,0.223912
0.795,0.645,5.39141,-2.42194,1.99605,88.7574,0.660712,1.70237,0,0.223912
0.795,0.655,5.41453,-3.18074,1.93388,90.4396,0.660712,1.70237,0,0.223912
0.795,0.665,5.45365,-4.28448,1.87758,92.5924,0.660712,1.70237,0,0.223912
0.795,0.675,5.61847,-5.80014,1.85526,95.4003,0.660712,1.70237,0,0.223912
0.795,0.685,6.16261,-7.6608,1.90431,99.4889,0.660712,1.70237,0,0.223912
0.795,0.695,7.49471,-9.6159,2.05822,105.584,0.660712,1.70237,0,0.223912
0.795,0.705,10.2502,-11.3315,2.31667,114.838,0.660712,1.70237,0,0.223912
0.795,0.715,15.4693,-12.6241,2.63365,128.417,0.660712,1.70237,0,0.223912
0.795,0.725,24.8279,-13.5053,2.92748,146.362,0.660712,1.70237,0,0.223912
0.795,0.735,40.4927,-14.0752,3.12328,165.298,0.660712,1.70237,0,0.223912
0.795,0.745,63.8887,-14.4358,3.18865,176.632,0.660712,1.70237,0,0.223912
0.795,0.755,93.7293,-14.6617,3.12733,170.929,0.660712,1.70237,0,0.223912
0.795,0.765,125.241,-14.801,2.97591,146.279,0.660712,1.70237,0,0.223912
0.795,0.775,153.274,-14.8839,2.79379,112.949,0.660712,1.70237,0,0.223912
0.795,0.785,177.114,-14.9303,2.64356,85.6756,0.660712,1.70237,0,0.223912
0.795,0.795,200.728,-14.9549,2.56057,71.5915,0.660712,1.70237,0,0.223912
0.795,0.805,228.317,-14.9679,2.53906,68.6891,0.660712,1.70237,0,0.223912
0.795,0.815,261.383,-14.9755,2.55343,72.3203,0.660712,1.70237,0,0.223912
0.795,0.825,299.356,-14.9806,2.58293,79.2354,0.660712,1.70237,0,0.223912
0.795,0.835,341.068,-14.9843,2.61708,87.8109,0.660712,1.70237,0,0.223912
0.795,0.845,385.448,-14.9873,2.65166,97.3125,0.660712,1.70237,0,0.223912
0.795,0.855,431.61,-14.9897,2.68515,107.386,0.660712,1.70237,0,0.223912
0.795,0.865,478.781,-14.9916,2.71702,117.819,0.660712,1.70237,0,0.223912
0.795,0.875,526.235,-14.9932,2.74709,128.451,0.660712,1.70237,0,0.223912
0.795,0.885,573.276,-14.9945,2.77529,139.137,0.660712,1.70237,0,0.223912
0.795,0.895,619.25,-14.9956,2.80157,149.74,0.660712,1.70237,0,0.223912
0.795,0.905,663.553,-14.9965,2.82595,160.131,0.660712,1.70237,0,0.223912
0.795,0.915,705.658,-14.9972,2.84841,170.189,0.660712,1.70237,0,0.223912
0.795,0.925,745.128,-14.9978,2.86898,179.804,0.660712,1.70237,0,0.223912
0.795,0.935,781.625,-14.9983,2.88768,188.883,0.660712,1.70237,0,0.223912
0.795,0.945,814.915,-14.9987,2.90455,197.349,0.660712,1.70237,0,0.223912
0.795,0.955,844.868,-14.999,2.91964,205.141,0.660712,1.70237,0,0.223912
0.795,0.965,871.454,-14.9993,2.93302,212.219,0.660712,1.70237,0,0.223912
0.795,0.975,894.728,-14.9995,2.94476,218.561,0.660712,1.70237,0,0.223912
0.795,0.985,914.821,-14.9996,2.95495,224.164,0.660712,1.70237,0,0.223912
0.795,0.995,931.927,-14.9997,2.96369,229.043,0.660712,1.70237,0,0.223912
0.805,0.005,8.38032,9.11566,-3.88432,80.1166,0.728096,1.76992,0,0.256522
0.805,0.015,8.3212,9.08605,-3.75868,78.8254,0.728096,1.76992,0,0.256522
0.805,0.025,8.26332,9.0556,-3.63255,77.5522,0.728096,1.76992,0,0.256522
0.805,0.035,8.20706,9.0244,-3.50576,76.3025,0.728096,1.76992,0,0.256522
0.805,0.045,8.1507,8.99256,-3.37908,75.0542,0.728096,1.76992,0,0.256522
0.805,0.055,8.09423,8.96008,-3.25251,73.8076,0.728096,1.76992,0,0.256522
0.805,0.065,8.03761,8.92693,-3.12609,72.5632,0.728096,1.76992,0,0.256522
0.805,0.075,7.98084,8.89311,-2.99982,71.3215,0.728096,1.76992,0,0.256522
0.805,0.085,7.92388,8.85862,-2.87371,70.0828,0.728096,1.76992,0,0.256522
0.805,0.095,7.86672,8.82343,-2.74781,68.8476,0.728096,1.76992,0,0.256522
0.805,0.105,7.80933,8.78754,-2.62211,67.6164,0.728096,1.76992,0,0.256522
0.805,0.115,7.7517,8.75093,-2.49667,66.3898,0.728096,1.76992,0,0.256522
0.805,0.125,7.69382,8.7136,-2.37149,65.1683,0.728096,1.76992,0,0.256522
0.805,0.135,7.63568,8.67551,-2.24664,63.9527,0.728096,1.76992,0,0.256522
0.805,0.145,7.5773,8.63666,-2.12214,62.7436,0.728096,1.76992,0,0.256522
0.805,0.155,7.51871,8.597,-1.99805,61.5421,0.728096,1.76992,0,0.256522
0.805,0.165,7.45996,8.55651,-1.87443,60.3494,0.728096,1.76992,0,0.256522
0.805,0.175,7.40112,8.51514,-1.75136,59.1669,0.728096,1.76992,0,0.256522
0.805,0.185,7.34233,8.47282,-1.62894,57.9964,0.728096,1.76992,0,0.256522
0.805,0.195,7.28378,8.42949,-1.50728,56.8405,0.728096,1.76992,0,0.256522
0.805,0.205,7.22575,8.38504,-1.38654,55.7024,0.728096,1.76992,0,0.256522
0.805,0.215,7.16868,8.33932,-1.26692,54.5868,0.728096,1.76992,0,0.256522
0.805,0.225,7.11319,8.29214,-1.14869,53.5,0.728096,1.76992,0,0.256522
0.805,0.235,7.06023,8.2432,-1.03224,52.4514,0.728096,1.76992,0,0.256522
0.805,0.245,7.01124,8.19208,-0.918121,51.4547,0.728096,1.76992,0,0.256522
0.805,0.255,6.9684,8.13813,-0.807118,50.5305,0.728096,1.76992,0,0.256522
0.805,0.265,6.93511,8.08037,-0.70042,49.7101,0.728096,1.76992,0,0.256522
0.805,0.275,6.9166,8.01726,-0.599804,49.0421,0.728096,1.76992,0,0.256522
0.805,0.285,6.92095,7.94639,-0.507912,48.6013,0.728096,1.76992,0,0.256522
0.805,0.295,6.96033,7.864,-0.428567,48.5025,0.728096,1.76992,0,0.256522
0.805,0.305,7.05234,7.76444,-0.366948,48.9154,0.728096,1.76992,0,0.256522
0.805,0.315,7.22029,7.63982,-0.329226,50.0746,0.728096,1.76992,0,0.256522
0.805,0.325,7.49119,7.48059,-0.320874,52.2691,0.728096,1.76992,0,0.256522
0.805,0.335,7.88936,7.27814,-0.343522,55.7826,0.728096,1.76992,0,0.256522
0.805,0.345,8.42589,7.02826,-0.392015,60.7618,0.728096,1.76992,0,0.256522
0.805,0.355,9.08621,6.7399,-0.453468,67.0906,0.728096,1.76992,0,0.256522
0.805,0.365,9.82311,6.43432,-0.511254,74.2937,0.728096,1.76992,0,0.256522
0.805,0.375,10.5717,6.13345,-0.551601,81.6386,0.728096,1.76992,0,0.256522
0.805,0.385,11.2672,5.85458,-0.567246,88.3785,0.728096,1.76992,0,0.256522
0.805,0.395,11.8636,5.60631,-0.557323,93.9855,0.728096,1.76992,0,0.256522
0.805,0.405,12.3418,5.38883,-0.525054,98.2549,0.728096,1.76992,0,0.256522
0.805,0.415,12.7046,5.19689,-0.475201,101.253,0.728096,1.76992,0,0.256522
0.805,0.425,12.9671,5.0231,-0.412287,103.196,0.728096,1.76992,0,0.256522
0.805,0.435,13.1468,4.86015,-0.339754,104.334,0.728096,1.76992,0,0.256522
0.805,0.445,13.2579,4.70164,-0.259674,104.89,0.728096,1.76992,0,0.256522
0.805,0.455,13.3092,4.54159,-0.172597,105.043,0.728096,1.76992,0,0.256522
0.805,0.465,13.3035,4.37074,-0.0763711,104.969,0.728096,1.76992,0,0.256522
0.805,0.475,13.2152,4.16688,0.0350993,104.795,0.728096,1.76992,0,0.256522
0.805,0.485,12.981,3.93252,0.166384,104.286,0.728096,1.76992,0,0.256522
0.805,0.495,12.6078,3.68441,0.321048,103.624,0.728096,1.76992,0,0.256522
0.805,0.505,11.8331,3.33838,0.505665,102.664,0.728096,1.76992,0,0.256522
0.805,0.515,10.7023,2.90973,0.713866,100.987,0.728096,1.76992,0,0.256522
0.805,0.525,9.49908,2.41922,0.926517,99.2318,0.728096,1.76992,0,0.256522
0.805,0.535,8.36933,1.89627,1.13147,97.611,0.728096,1.76992,0,0.256522
0.805,0.545,7.38254,1.36759,1.32306,96.1311,0.728096,1.76992,0,0.256522
0.805,0.555,6.59108,0.856367,1.49918,94.7179,0.728096,1.76992,0,0.256522
0.805,0.565,6.0176,0.383292,1.65787,93.3096,0.728096,1.76992,0,0.256522
0.805,0.575,5.64645,-0.0349194,1.79648,91.9045,0.728096,1.76992,0,0.256522
0.805,0.585,5.43393,-0.38984,1.91244,90.5595,0.728096,1.76992,0,0.256522
0.805,0.595,5.33175,-0.685296,2.0043,89.3779,0.728096,1.76992,0,0.256522
0.805,0.605,5.30508,-0.937587,2.06963,88.5116,0.728096,1.76992,0,0.256522
0.805,0.615,5.32928,-1.17487,2.10493,88.1309,0.728096,1.76992,0,0.256522
0.805,0.625,5.38371,-1.43756,2.10716,88.3749,0.728096,1.76992,0,0.256522
0.805,0.635,5.44651,-1.78014,2.07718,89.2773,0.728096,1.76992,0,0.256522
0.805,0.645,5.49587,-2.27419,2.02234,90.7431,0.728096,1.76992,0,0.256522
0.805,0.655,5.52169,-3.01033,1.95616,92.6422,0.728096,1.76992,0,0.256522
0.805,0.665,5.55045,-4.09263,1.89816,94.9548,0.728096,1.76992,0,0.256522
0.805,0.675,5.69268,-5.59997,1.87542,97.8637,0.728096,1.76992,0,0.256522
0.805,0.685,6.20885,-7.47349,1.92349,102.046,0.728096,1.76992,0,0.256522
0.805,0.695,7.51231,-9.46357,2.0763,108.239,0.728096,1.76992,0,0.256522
0.805,0.705,10.2421,-11.2243,2.33417,117.613,0.728096,1.76992,0,0.256522
0.805,0.715,15.4423,-12.5567,2.65116,131.328,0.728096,1.76992,0,0.256522
0.805,0.725,24.7953,-13.4659,2.94453,149.394,0.728096,1.76992,0,0.256522
0.805,0.735,40.477,-14.0531,3.1387,168.367,0.728096,1.76992,0,0.256522
0.805,0.745,63.9196,-14.4238,3.20158,179.528,0.728096,1.76992,0,0.256522
0.805,0.755,93.8311,-14.6554,3.13739,173.365,0.728096,1.76992,0,0.256522
0.805,0.765,125.409,-14.7979,2.98302,148.018,0.728096,1.76992,0,0.256522
0.805,0.775,153.464,-14.8825,2.79816,113.956,0.728096,1.76992,0,0.256522
0.805,0.785,177.269,-14.9298,2.64577,86.1379,0.728096,1.76992,0,0.256522
0.805,0.795,200.823,-14.9547,2.56146,71.7631,0.728096,1.76992,0,0.256522
0.805,0.805,228.363,-14.9679,2.53934,68.7436,0.728096,1.76992,0,0.256522
0.805,0.815,261.401,-14.9755,2.55351,72.336,0.728096,1.76992,0,0.256522
0.805,0.825,299.362,-14.9806,2.58295,79.2397,0.728096,1.76992,0,0.256522
0.805,0.835,341.07,-14.9843,2.61709,87.8121,0.728096,1.76992,0,0.256522
0.805,0.845,385.448,-14.9873,2.65166,97.3128,0.728096,1.76992,0,0.256522
0.805,0.855,431.611,-14.9897,2.68515,107.386,0.728096,1.76992,0,0.256522
0.805,0.865,478.781,-14.9916,2.71702,117.819,0.728096,1.76992,0,0.256522
0.805,0.875,526.235,-14.9932,2.74709,128.451,0.728096,1.76992,0,0.256522
0.805,0.885,573.276,-14.9945,2.77529,139.137,0.728096,1.76992,0,0.256522
0.805,0.895,619.25,-14.9956,2.80157,149.74,0.728096,1.76992,0,0.256522
0.805,0.905,663.553,-14.9965,2.82595,160.131,0.728096,1.76992,0,0.256522
0.805,0.915,705.658,-14.9972,2.84841,170.189,0.728096,1.76992,0,0.256522
0.805,0.925,745.128,-14.9978,2.86898,179.804,0.728096,1.76992,0,0.256522
0.805,0.935,781.625,-14.9983,2.88768,188.883,0.728096,1.76992,0,0.256522
0.805,0.945,814.915,-14.9987,2.90455,197.349,0.728096,1.76992,0,0.256522
0.805,0.955,844.868,-14.999,2.91964,205.141,0.728096,1.76992,0,0.256522
0.805,0.965,871.454,-14.9993,2.93302,212.219,0.728096,1.76992,0,0.256522
0.805,0.975,894.728,-14.9995,2.94476,218.561,0.728096,1.76992,0,0.256522
0.805,0.985,914.821,-14.9996,2.95495,224.164,0.728096,1.76992,0,0.256522
0.805,0.995,931.927,-14.9997,2.96369,229.043,0.728096,1.76992,0,0.256522
0.815,0.005,8.27357,9.19433,-3.86466,78.6976,0.80087,1.83746,0,0.293121
0.815,0.015,8.21423,9.16467,-3.73905,77.4247,0.80087,1.83746,0,0.293121
0.815,0.025,8.15636,9.13417,-3.61282,76.173,0.80087,1.83746,0,0.293121
0.815,0.035,8.09981,9.10293,-3.48606,74.9408,0.80087,1.83746,0,0.293121
0.815,0.045,8.04311,9.07105,-3.35942,73.7096,0.80087,1.83746,0,0.293121
0.815,0.055,7.98627,9.0385,-3.23292,72.48,0.80087,1.83746,0,0.293121
0.815,0.065,7.92927,9.00528,-3.10657,71.2524,0.80087,1.83746,0,0.293121
0.815,0.075,7.87208,8.97137,-2.98039,70.0274,0.80087,1.83746,0,0.293121
0.815,0.085,7.81469,8.93676,-2.85439,68.8052,0.80087,1.83746,0,0.293121
0.815,0.095,7.75709,8.90143,-2.72861,67.5865,0.80087,1.83746,0,0.293121
0.815,0.105,7.69925,8.86539,-2.60306,66.3718,0.80087,1.83746,0,0.293121
0.815,0.115,7.64117,8.8286,-2.47778,65.1616,0.80087,1.83746,0,0.293121
0.815,0.125,7.58285,8.79104,-2.35281,63.9567,0.80087,1.83746,0,0.293121
0.815,0.135,7.52431,8.75271,-2.22818,62.758,0.80087,1.83746,0,0.293121
0.815,0.145,7.46558,8.71355,-2.10395,61.5664,0.80087,1.83746,0,0.293121
0.815,0.155,7.40671,8.67354,-1.98019,60.3831,0.80087,1.83746,0,0.293121
0.815,0.165,7.34781,8.63262,-1.85696,59.2099,0.80087,1.83746,0,0.293121
0.815,0.175,7.28901,8.59073,-1.73437,58.0487,0.80087,1.83746,0,0.293121
0.815,0.185,7.23055,8.54777,-1.61254,56.9024,0.80087,1.83746,0,0.293121
0.815,0.195,7.17276,8.50363,-1.49163,55.7747,0.80087,1.83746,0,0.293121
0.815,0.205,7.11613,8.45811,-1.37186,54.6712,0.80087,1.83746,0,0.293121
0.815,0.215,7.06143,8.41099,-1.25353,53.5994,0.80087,1.83746,0,0.293121
0.815,0.225,7.00979,8.36188,-1.13708,52.5707,0.80087,1.83746,0,0.293121
0.815,0.235,6.96296,8.31024,-1.02313,51.6018,0.80087,1.83746,0,0.293121
0.815,0.245,6.92359,8.25524,-0.91261,50.7181,0.80087,1.83746,0,0.293121
0.815,0.255,6.89582,8.19559,-0.806897,49.9588,0.80087,1.83746,0,0.293121
0.815,0.265,6.88598,8.12929,-0.708067,49.3837,0.80087,1.83746,0,0.293121
0.815,0.275,6.90373,8.05323,-0.619166,49.0851,0.80087,1.83746,0,0.293121
0.815,0.285,6.96328,7.96267,-0.544472,49.2015,0.80087,1.83746,0,0.293121
0.815,0.295,7.08438,7.85077,-0.489492,49.9318,0.80087,1.83746,0,0.293121
0.815,0.305,7.29181,7.70857,-0.460138,51.539,0.80087,1.83746,0,0.293121
0.815,0.315,7.61186,7.52656,-0.460516,54.3235,0.80087,1.83746,0,0.293121
0.815,0.325,8.06428,7.29862,-0.489718,58.539,0.80087,1.83746,0,0.293121
0.815,0.335,8.65116,7.02682,-0.539564,64.2553,0.80087,1.83746,0,0.293121
0.815,0.345,9.34769,6.723,-0.596124,71.2156,0.80087,1.83746,0,0.293121
0.815,0.355,10.1017,6.40848,-0.644172,78.8293,0.80087,1.83746,0,0.293121
0.815,0.365,10.844,6.10714,-0.672209,86.3128,0.80087,1.83746,0,0.293121
0.815,0.375,11.5137,5.83413,-0.675312,92.9449,0.80087,1.83746,0,0.293121
0.815,0.385,12.0734,5.59495,-0.654237,98.2862,0.80087,1.83746,0,0.293121
0.815,0.395,12.5127,5.38732,-0.612865,102.232,0.80087,1.83746,0,0.293121
0.815,0.405,12.8408,5.20459,-0.555908,104.923,0.80087,1.83746,0,0.293121
0.815,0.415,13.0755,5.03892,-0.487531,106.612,0.80087,1.83746,0,0.293121
0.815,0.425,13.2346,4.88304,-0.410753,107.559,0.80087,1.83746,0,0.293121
0.815,0.435,13.3318,4.73102,-0.327342,107.977,0.80087,1.83746,0,0.293121
0.815,0.445,13.3749,4.57781,-0.237854,108.029,0.80087,1.83746,0,0.293121
0.815,0.455,13.3658,4.41777,-0.141349,107.841,0.80087,1.83746,0,0.293121
0.815,0.465,13.2971,4.23662,-0.0332186,107.586,0.80087,1.83746,0,0.293121
0.815,0.475,13.1101,4.02144,0.0920912,107.118,0.80087,1.83746,0,0.293121
0.815,0.485,12.767,3.77445,0.237532,106.411,0.80087,1.83746,0,0.293121
0.815,0.495,12.2748,3.50606,0.408143,105.612,0.80087,1.83746,0,0.293121
0.815,0.505,11.3992,3.16021,0.605585,104.176,0.80087,1.83746,0,0.293121
0.815,0.515,10.262,2.74,0.816651,102.31,0.80087,1.83746,0,0.293121
0.815,0.525,9.08413,2.26702,1.0264,100.457,0.80087,1.83746,0,0.293121
0.815,0.535,7.99669,1.7682,1.22648,98.7582,0.80087,1.83746,0,0.293121
0.815,0.545,7.07915,1.2679,1.41325,97.1913,0.80087,1.83746,0,0.293121
0.815,0.555,6.37574,0.788238,1.58464,95.6851,0.80087,1.83746,0,0.293121
0.815,0.565,5.8879,0.349036,1.73818,94.1982,0.80087,1.83746,0,0.293121
0.815,0.575,5.58462,-0.0351352,1.87112,92.7464,0.80087,1.83746,0,0.293121
0.815,0.585,5.41871,-0.358731,1.98149,91.398,0.80087,1.83746,0,0.293121
0.815,0.595,5.34815,-0.627658,2.0675,90.2741,0.80087,1.83746,0,0.293121
0.815,0.605,5.34489,-0.858566,2.12611,89.5406,0.80087,1.83746,0,0.293121
0.815,0.615,5.38939,-1.07841,2.15337,89.3749,0.80087,1.83746,0,0.293121
0.815,0.625,5.46337,-1.32538,2.14666,89.8997,0.80087,1.83746,0,0.293121
0.815,0.635,5.54402,-1.6514,2.10833,91.104,0.80087,1.83746,0,0.293121
0.815,0.645,5.60595,-2.12632,2.04724,92.8431,0.80087,1.83746,0,0.293121
0.815,0.655,5.63434,-2.84099,1.97752,94.9578,0.80087,1.83746,0,0.293121
0.815,0.665,5.65273,-3.90267,1.91844,97.4258,0.80087,1.83746,0,0.293121
0.815,0.675,5.77321,-5.40086,1.89584,100.437,0.80087,1.83746,0,0.293121
0.815,0.685,6.26241,-7.28536,1.94351,104.713,0.80087,1.83746,0,0.293121
0.815,0.695,7.53814,-9.3089,2.09553,111.006,0.80087,1.83746,0,0.293121
0.815,0.705,10.2432,-11.1146,2.35294,120.502,0.80087,1.83746,0,0.293121
0.815,0.715,15.4268,-12.4877,2.66986,134.349,0.80087,1.83746,0,0.293121
0.815,0.725,24.7778,-13.426,2.96242,152.512,0.80087,1.83746,0,0.293121
0.815,0.735,40.48,-14.031,3.15442,171.469,0.80087,1.83746,0,0.293121
0.815,0.745,63.9686,-14.4119,3.21435,182.388,0.80087,1.83746,0,0.293121
0.815,0.755,93.943,-14.6493,3.147,175.705,0.80087,1.83746,0,0.293121
0.815,0.765,125.574,-14.795,2.98961,149.643,0.80087,1.83746,0,0.293121
0.815,0.775,153.639,-14.8813,2.80211,114.873,0.80087,1.83746,0,0.293121
0.815,0.785,177.407,-14.9293,2.64772,86.549,0.80087,1.83746,0,0.293121
0.815,0.795,200.905,-14.9546,2.56223,71.9122,0.80087,1.83746,0,0.293121
0.815,0.805,228.401,-14.9678,2.53959,68.7899,0.80087,1.83746,0,0.293121
0.815,0.815,261.416,-14.9755,2.55357,72.3491,0.80087,1.83746,0,0.293121
0.815,0.825,299.367,-14.9806,2.58297,79.2432,0.80087,1.83746,0,0.293121
0.815,0.835,341.071,-14.9843,2.61709,87.813,0.80087,1.83746,0,0.293121
0.815,0.845,385.449,-14.9873,2.65166,97.313,0.80087,1.83746,0,0.293121
0.815,0.855,431.611,-14.9897,2.68515,107.386,0.80087,1.83746,0,0.293121
0.815,0.865,478.781,-14.9916,2.71702,117.819,0.80087,1.83746,0,0.293121
0.815,0.875,526.235,-14.9932,2.74709,128.451,0.80087,1.83746,0,0.293121
0.815,0.885,573.276,-14.9945,2.77529,139.137,0.80087,1.83746,0,0.293121
0.815,0.895,619.25,-14.9956,2.80157,149.74,0.80087,1.83746,0,0.293121
0.815,0.905,663.553,-14.9965,2.82595,160.131,0.80087,1.83746,0,0.293121
0.815,0.915,705.658,-14.9972,2.84841,170.189,0.80087,1.83746,0,0.293121
0.815,0.925,745.128,-14.9978,2.86898,179.804,0.80087,1.83746,0,0.293121
0.815,0.935,781.625,-14.9983,2.88768,188.883,0.80087,1.83746,0,0.293121
0.815,0.945,814.915,-14.9987,2.90455,197.349,0.80087,1.83746,0,0.293121
0.815,0.955,844.868,-14.999,2.91964,205.141,0.80087,1.83746,0,0.293121
0.815,0.965,871.454,-14.9993,2.93302,212.219,0.80087,1.83746,0,0.293121
0.815,0.975,894.728,-14.9995,2.94476,218.561,0.80087,1.83746,0,0.293121
0.815,0.985,914.821,-14.9996,2.95495,224.164,0.80087,1.83746,0,0.293121
0.815,0.995,931.927,-14.9997,2.96369,229.043,0.80087,1.83746,0,0.293121
0.825,0.005,8.16658,9.27237,-3.84523,77.2835,0.879349,1.90501,0,0.334107
0.825,0.015,8.10703,9.24264,-3.71963,76.0287,0.879349,1.90501,0,0.334107
0.825,0.025,8.04915,9.21206,-3.59333,74.7979,0.879349,1.90501,0,0.334107
0.825,0.035,7.99228,9.18077,-3.46662,73.5826,0.879349,1.90501,0,0.334107
0.825,0.045,7.93525,9.14881,-3.34005,72.3682,0.879349,1.90501,0,0.334107
0.825,0.055,7.87806,9.11617,-3.21363,71.1554,0.879349,1.90501,0,0.334107
0.825,0.065,7.82068,9.08283,-3.08738,69.9445,0.879349,1.90501,0,0.334107
0.825,0.075,7.76311,9.04879,-2.9613,68.736,0.879349,1.90501,0,0.334107
0.825,0.085,7.70533,9.01402,-2.83544,67.5304,0.879349,1.90501,0,0.334107
0.825,0.095,7.64733,8.97852,-2.70981,66.3284,0.879349,1.90501,0,0.334107
0.825,0.105,7.58911,8.94226,-2.58444,65.1306,0.879349,1.90501,0,0.334107
0.825,0.115,7.53068,8.90522,-2.45937,63.9376,0.879349,1.90501,0,0.334107
0.825,0.125,7.47206,8.86737,-2.33465,62.7505,0.879349,1.90501,0,0.334107
0.825,0.135,7.4133,8.82868,-2.21032,61.5705,0.879349,1.90501,0,0.334107
0.825,0.145,7.35447,8.7891,-2.08646,60.3988,0.879349,1.90501,0,0.334107
0.825,0.155,7.2957,8.74857,-1.96313,59.2375,0.879349,1.90501,0,0.334107
0.825,0.165,7.23718,8.707,-1.84045,58.0889,0.879349,1.90501,0,0.334107
0.825,0.175,7.17918,8.66429,-1.71855,56.9566,0.879349,1.90501,0,0.334107
0.825,0.185,7.12213,8.62027,-1.59762,55.8453,0.879349,1.90501,0,0.334107
0.825,0.195,7.06667,8.57471,-1.47791,54.7617,0.879349,1.90501,0,0.334107
0.825,0.205,7.01376,8.52728,-1.35977,53.7157,0.879349,1.90501,0,0.334107
0.825,0.215,6.96486,8.47749,-1.24372,52.7218,0.879349,1.90501,0,0.334107
0.825,0.225,6.9222,8.42461,-1.13051,51.8018,0.879349,1.90501,0,0.334107
0.825,0.235,6.88918,8.36749,-1.02128,50.9887,0.879349,1.90501,0,0.334107
0.825,0.245,6.87103,8.3044,-0.917705,50.3331,0.879349,1.90501,0,0.334107
0.825,0.255,6.87564,8.23267,-0.822263,49.9117,0.879349,1.90501,0,0.334107
0.825,0.265,6.91472,8.14823,-0.738487,49.8405,0.879349,1.90501,0,0.334107
0.825,0.275,7.00487,8.04512,-0.671083,50.2883,0.879349,1.90501,0,0.334107
0.825,0.285,7.16777,7.91529,-0.625579,51.4861,0.879349,1.90501,0,0.334107
0.825,0.295,7.42857,7.7493,-0.606894,53.7186,0.879349,1.90501,0,0.334107
0.825,0.305,7.81044,7.53913,-0.616769,57.2729,0.879349,1.90501,0,0.334107
0.825,0.315,8.32535,7.28283,-0.651041,62.3307,0.879349,1.90501,0,0.334107
0.825,0.325,8.9636,6.98855,-0.699036,68.8267,0.879349,1.90501,0,0.334107
0.825,0.335,9.6884,6.67399,-0.746467,76.3561,0.879349,1.90501,0,0.334107
0.825,0.345,10.441,6.36025,-0.780491,84.2132,0.879349,1.90501,0,0.334107
0.825,0.355,11.1566,6.06636,-0.793213,91.6042,0.879349,1.90501,0,0.334107
0.825,0.365,11.7823,5.80507,-0.782231,97.9044,0.879349,1.90501,0,0.334107
0.825,0.375,12.2914,5.57878,-0.749488,102.803,0.879349,1.90501,0,0.334107
0.825,0.385,12.6827,5.38301,-0.699095,106.307,0.879349,1.90501,0,0.334107
0.825,0.395,12.9704,5.21027,-0.635418,108.622,0.879349,1.90501,0,0.334107
0.825,0.405,13.1738,5.05269,-0.56207,110.021,0.879349,1.90501,0,0.334107
0.825,0.415,13.3099,4.90352,-0.481543,110.756,0.879349,1.90501,0,0.334107
0.825,0.425,13.3907,4.7574,-0.395226,111.026,0.879349,1.90501,0,0.334107
0.825,0.435,13.4224,4.61006,-0.303521,110.968,0.879349,1.90501,0,0.334107
0.825,0.445,13.4062,4.4574,-0.20579,110.685,0.879349,1.90501,0,0.334107
0.825,0.455,13.3372,4.29261,-0.0994721,110.275,0.879349,1.90501,0,0.334107
0.825,0.465,13.1843,4.09742,0.0212252,109.832,0.879349,1.90501,0,0.334107
0.825,0.475,12.8863,3.87358,0.160171,109.069,0.879349,1.90501,0,0.334107
0.825,0.485,12.4227,3.61435,0.319254,108.136,0.879349,1.90501,0,0.334107
0.825,0.495,11.7959,3.33482,0.50219,107.018,0.879349,1.90501,0,0.334107
0.825,0.505,10.8509,2.99163,0.706139,105.283,0.879349,1.90501,0,0.334107
0.825,0.515,9.72745,2.58222,0.917215,103.333,0.879349,1.90501,0,0.334107
0.825,0.525,8.60215,2.12829,1.12411,101.447,0.879349,1.90501,0,0.334107
0.825,0.535,7.59585,1.65409,1.32059,99.7114,0.879349,1.90501,0,0.334107
0.825,0.545,6.78037,1.18246,1.50366,98.0907,0.879349,1.90501,0,0.334107
0.825,0.555,6.18034,0.734764,1.67085,96.5242,0.879349,1.90501,0,0.334107
0.825,0.565,5.77899,0.329317,1.81947,94.9905,0.879349,1.90501,0,0.334107
0.825,0.575,5.53809,-0.0219813,1.94701,93.5212,0.879349,1.90501,0,0.334107
0.825,0.585,5.41347,-0.316316,2.05193,92.1968,0.879349,1.90501,0,0.334107
0.825,0.595,5.37113,-0.561128,2.13186,91.1595,0.879349,1.90501,0,0.334107
0.825,0.605,5.38976,-0.773019,2.18306,90.5925,0.879349,1.90501,0,0.334107
0.825,0.615,5.4544,-0.977578,2.20129,90.6784,0.879349,1.90501,0,0.334107
0.825,0.625,5.54835,-1.21067,2.18478,91.5159,0.879349,1.90501,0,0.334107
0.825,0.635,5.64718,-1.52169,2.13777,93.0415,0.879349,1.90501,0,0.334107
0.825,0.645,5.72167,-1.97879,2.07067,95.0593,0.879349,1.90501,0,0.334107
0.825,0.655,5.75239,-2.67311,1.99801,97.3867,0.879349,1.90501,0,0.334107
0.825,0.665,5.76043,-3.71505,1.93853,100.006,0.879349,1.90501,0,0.334107
0.825,0.675,5.86,-5.2034,1.91665,103.12,0.879349,1.90501,0,0.334107
0.825,0.685,6.32323,-7.09701,1.96445,107.49,0.879349,1.90501,0,0.334107
0.825,0.695,7.57203,-9.15233,2.11597,113.885,0.879349,1.90501,0,0.334107
0.825,0.705,10.2535,-11.0028,2.37304,123.506,0.879349,1.90501,0,0.334107
0.825,0.715,15.4224,-12.4175,2.68979,137.477,0.879349,1.90501,0,0.334107
0.825,0.725,24.7749,-13.3855,2.98115,155.708,0.879349,1.90501,0,0.334107
0.825,0.735,40.5005,-14.0089,3.17041,174.59,0.879349,1.90501,0,0.334107
0.825,0.745,64.0337,-14.4004,3.22689,185.191,0.879349,1.90501,0,0.334107
0.825,0.755,94.0625,-14.6435,3.15612,177.932,0.879349,1.90501,0,0.334107
0.825,0.765,125.733,-14.7922,2.99567,151.143,0.879349,1.90501,0,0.334107
0.825,0.775,153.799,-14.8801,2.80564,115.695,0.879349,1.90501,0,0.334107
0.825,0.785,177.527,-14.9289,2.64942,86.9081,0.879349,1.90501,0,0.334107
0.825,0.795,200.975,-14.9544,2.56288,72.0393,0.879349,1.90501,0,0.334107
0.825,0.805,228.433,-14.9678,2.53979,68.8285,0.879349,1.90501,0,0.334107
0.825,0.815,261.428,-14.9755,2.55363,72.3598,0.879349,1.90501,0,0.334107
0.825,0.825,299.371,-14.9806,2.58298,79.246,0.879349,1.90501,0,0.334107
0.825,0.835,341.072,-14.9843,2.61709,87.8137,0.879349,1.90501,0,0.334107
0.825,0.845,385.449,-14.9873,2.65166,97.3132,0.879349,1.90501,0,0.334107
0.825,0.855,431.611,-14.9897,2.68515,107.386,0.879349,1.90501,0,0.334107
0.825,0.865,478.781,-14.9916,2.71702,117.819,0.879349,1.90501,0,0.334107
0.825,0.875,526.235,-14.9932,2.74709,128.451,0.879349,1.90501,0,0.334107
0.825,0.885,573.276,-14.9945,2.77529,139.137,0.879349,1.90501,0,0.334107
0.825,0.895,619.25,-14.9956,2.80157,149.74,0.879349,1.90501,0,0.334107
0.825,0.905,663.553,-14.9965,2.82595,160.131,0.879349,1.90501,0,0.334107
0.825,0.915,705.658,-14.9972,2.84841,170.189,0.879349,1.90501,0,0.334107
0.825,0.925,745.128,-14.9978,2.86898,179.804,0.879349,1.90501,0,0.334107
0.825,0.935,781.625,-14.9983,2.88768,188.883,0.879349,1.90501,0,0.334107
0.825,0.945,814.915,-14.9987,2.90455,197.349,0.879349,1.90501,0,0.334107
0.825,0.955,844.868,-14.999,2.91964,205.141,0.879349,1.90501,0,0.334107
0.825,0.965,871.454,-14.9993,2.93302,212.219,0.879349,1.90501,0,0.334107
0.825,0.975,894.728,-14.9995,2.94476,218.561,0.879349,1.90501,0,0.334107
0.825,0.985,914.821,-14.9996,2.95495,224.164,0.879349,1.90501,0,0.334107
0.825,0.995,931.927,-14.9997,2.96369,229.043,0.879349,1.90501,0,0.334107
0.835,0.005,8.05925,9.34968,-3.82606,75.8733,0.963864,1.97256,0,0.379911
0.835,0.015,7.99953,9.31986,-3.70048,74.6367,0.963864,1.97256,0,0.379911
0.835,0.025,7.94161,9.28919,-3.57413,73.4259,0.963864,1.97256,0,0.379911
0.835,0.035,7.88445,9.25779,-3.44749,72.2275,0.963864,1.97256,0,0.379911
0.835,0.045,7.82711,9.22572,-3.32101,71.03,0.963864,1.97256,0,0.379911
0.835,0.055,7.7696,9.19295,-3.19469,69.834,0.963864,1.97256,0,0.379911
0.835,0.065,7.7119,9.15945,-3.06856,68.64,0.963864,1.97256,0,0.379911
0.835,0.075,7.654,9.12522,-2.94263,67.4485,0.963864,1.97256,0,0.379911
0.835,0.085,7.59592,9.09024,-2.81693,66.2603,0.963864,1.97256,0,0.379911
0.835,0.095,7.53765,9.05448,-2.6915,65.076,0.963864,1.97256,0,0.379911
0.835,0.105,7.47922,9.01791,-2.56637,63.8966,0.963864,1.97256,0,0.379911
0.835,0.115,7.42066,8.98051,-2.44159,62.7231,0.963864,1.97256,0,0.379911
0.835,0.125,7.36206,8.94221,-2.31721,61.557,0.963864,1.97256,0,0.379911
0.835,0.135,7.30351,8.90298,-2.1933,60.3999,0.963864,1.97256,0,0.379911
0.835,0.145,7.2452,8.86272,-2.06996,59.2544,0.963864,1.97256,0,0.379911
0.835,0.155,7.18737,8.82132,-1.94731,58.1235,0.963864,1.97256,0,0.379911
0.835,0.165,7.13041,8.77864,-1.8255,57.0118,0.963864,1.97256,0,0.379911
0.835,0.175,7.0749,8.73444,-1.70475,55.9257,0.963864,1.97256,0,0.379911
0.835,0.185,7.0217,8.68842,-1.58538,54.8741,0.963864,1.97256,0,0.379911
0.835,0.195,6.97212,8.64011,-1.46784,53.8705,0.963864,1.97256,0,0.379911
0.835,0.205,6.92812,8.58881,-1.35277,52.9345,0.963864,1.97256,0,0.379911
0.835,0.215,6.89268,8.53349,-1.24113,52.0958,0.963864,1.97256,0,0.379911
0.835,0.225,6.8703,8.47256,-1.13434,51.3989,0.963864,1.97256,0,0.379911
0.835,0.235,6.86772,8.40361,-1.0345,50.911,0.963864,1.97256,0,0.379911
0.835,0.245,6.89492,8.32304,-0.944557,50.7326,0.963864,1.97256,0,0.379911
0.835,0.255,6.96602,8.22556,-0.868531,51.0102,0.963864,1.97256,0,0.379911
0.835,0.265,7.09987,8.10395,-0.811309,51.9467,0.963864,1.97256,0,0.379911
0.835,0.275,7.31925,7.94939,-0.777758,53.8015,0.963864,1.97256,0,0.379911
0.835,0.285,7.6474,7.75336,-0.77079,56.8597,0.963864,1.97256,0,0.379911
0.835,0.295,8.10095,7.51143,-0.788873,61.3533,0.963864,1.97256,0,0.379911
0.835,0.305,8.68051,7.22761,-0.824573,67.3374,0.963864,1.97256,0,0.379911
0.835,0.315,9.36272,6.91595,-0.865831,74.5711,0.963864,1.97256,0,0.379911
0.835,0.325,10.0999,6.59729,-0.899771,82.4925,0.963864,1.97256,0,0.379911
0.835,0.335,10.8307,6.29224,-0.916685,90.3419,0.963864,1.97256,0,0.379911
0.835,0.345,11.4976,6.01476,-0.912091,97.3857,0.963864,1.97256,0,0.379911
0.835,0.355,12.062,5.77084,-0.88619,103.137,0.963864,1.97256,0,0.379911
0.835,0.365,12.5098,5.56038,-0.841816,107.445,0.963864,1.97256,0,0.379911
0.835,0.375,12.8473,5.3777,-0.782832,110.423,0.963864,1.97256,0,0.379911
0.835,0.385,13.0919,5.21512,-0.712979,112.32,0.963864,1.97256,0,0.379911
0.835,0.395,13.2623,5.06532,-0.635175,113.409,0.963864,1.97256,0,0.379911
0.835,0.405,13.3738,4.9223,-0.551336,113.923,0.963864,1.97256,0,0.379911
0.835,0.415,13.4362,4.78148,-0.462447,114.034,0.963864,1.97256,0,0.379911
0.835,0.425,13.454,4.63931,-0.368704,113.859,0.963864,1.97256,0,0.379911
0.835,0.435,13.4271,4.49262,-0.269545,113.475,0.963864,1.97256,0,0.379911
0.835,0.445,13.3508,4.33725,-0.163326,112.946,0.963864,1.97256,0,0.379911
0.835,0.455,13.2099,4.16214,-0.0455919,112.377,0.963864,1.97256,0,0.379911
0.835,0.465,12.9451,3.95715,0.0884533,111.603,0.963864,1.97256,0,0.379911
0.835,0.475,12.5296,3.7254,0.240558,110.555,0.963864,1.97256,0,0.379911
0.835,0.485,11.9423,3.45882,0.411738,109.331,0.963864,1.97256,0,0.379911
0.835,0.495,11.1912,3.17547,0.602526,107.833,0.963864,1.97256,0,0.379911
0.835,0.505,10.2151,2.83423,0.808614,105.995,0.963864,1.97256,0,0.379911
0.835,0.515,9.13441,2.43673,1.01851,104.044,0.963864,1.97256,0,0.379911
0.835,0.525,8.09625,2.00218,1.22281,102.182,0.963864,1.97256,0,0.379911
0.835,0.535,7.2035,1.55273,1.4163,100.456,0.963864,1.97256,0,0.379911
0.835,0.545,6.50779,1.11017,1.59589,98.8208,0.963864,1.97256,0,0.379911
0.835,0.555,6.01324,0.69476,1.75879,97.2317,0.963864,1.97256,0,0.379911
0.835,0.565,5.69211,0.322623,1.90245,95.6856,0.963864,1.97256,0,0.379911
0.835,0.575,5.50596,0.00276401,2.02464,94.2292,0.963864,1.97256,0,0.379911
0.835,0.585,5.41728,-0.264383,2.124,92.9586,0.963864,1.97256,0,0.379911
0.835,0.595,5.40026,-0.487283,2.19736,92.0406,0.963864,1.97256,0,0.379911
0.835,0.605,5.43983,-0.682234,2.24023,91.678,0.963864,1.97256,0,0.379911
0.835,0.615,5.5248,-0.873368,2.24833,92.0552,0.963864,1.97256,0,0.379911
0.835,0.625,5.63921,-1.09419,2.22126,93.2369,0.963864,1.97256,0,0.379911
0.835,0.635,5.75642,-1.39154,2.1654,95.0996,0.963864,1.97256,0,0.379911
0.835,0.645,5.84321,-1.83201,2.09269,97.3973,0.963864,1.97256,0,0.379911
0.835,0.655,5.87585,-2.5071,2.0178,99.9318,0.963864,1.97256,0,0.379911
0.835,0.665,5.87357,-3.53019,1.9586,102.698,0.963864,1.97256,0,0.379911
0.835,0.675,5.9537,-5.00745,1.938,105.93,0.963864,1.97256,0,0.379911
0.835,0.685,6.39124,-6.90894,1.98648,110.376,0.963864,1.97256,0,0.379911
0.835,0.695,7.61387,-8.99428,2.1377,116.876,0.963864,1.97256,0,0.379911
0.835,0.705,10.2727,-10.8893,2.39452,126.625,0.963864,1.97256,0,0.379911
0.835,0.715,15.4291,-12.3463,2.71101,140.712,0.963864,1.97256,0,0.379911
0.835,0.725,24.7862,-13.3449,3.00069,158.974,0.963864,1.97256,0,0.379911
0.835,0.735,40.5374,-13.9871,3.18659,177.715,0.963864,1.97256,0,0.379911
0.835,0.745,64.1128,-14.3891,3.23912,187.919,0.963864,1.97256,0,0.379911
0.835,0.755,94.1869,-14.638,3.16469,180.03,0.963864,1.97256,0,0.379911
0.835,0.765,125.884,-14.7897,3.00116,152.51,0.963864,1.97256,0,0.379911
0.835,0.775,153.942,-14.879,2.80873,116.422,0.963864,1.97256,0,0.379911
0.835,0.785,177.631,-14.9285,2.65087,87.2161,0.963864,1.97256,0,0.379911
0.835,0.795,201.033,-14.9543,2.56342,72.1453,0.963864,1.97256,0,0.379911
0.835,0.805,228.459,-14.9678,2.53996,68.8599,0.963864,1.97256,0,0.379911
0.835,0.815,261.438,-14.9755,2.55367,72.3683,0.963864,1.97256,0,0.379911
0.835,0.825,299.374,-14.9806,2.583,79.2481,0.963864,1.97256,0,0.379911
0.835,0.835,341.073,-14.9843,2.61709,87.8142,0.963864,1.97256,0,0.379911
0.835,0.845,385.449,-14.9873,2.65166,97.3133,0.963864,1.97256,0,0.379911
0.835,0.855,431.611,-14.9897,2.68515,107.386,0.963864,1.97256,0,0.379911
0.835,0.865,478.781,-14.9916,2.71702,117.819,0.963864,1.97256,0,0.379911
0.835,0.875,526.235,-14.9932,2.74709,128.451,0.963864,1.97256,0,0.379911
0.835,0.885,573.276,-14.9945,2.77529,139.137,0.963864,1.97256,0,0.379911
0.835,0.895,619.25,-14.9956,2.80157,149.74,0.963864,1.97256,0,0.379911
0.835,0.905,663.553,-14.9965,2.82595,160.131,0.963864,1.97256,0,0.379911
0.835,0.915,705.658,-14.9972,2.84841,170.189,0.963864,1.97256,0,0.379911
0.835,0.925,745.128,-14.9978,2.86898,179.804,0.963864,1.97256,0,0.379911
0.835,0.935,781.625,-14.9983,2.88768,188.883,0.963864,1.97256,0,0.379911
0.835,0.945,814.915,-14.9987,2.90455,197.349,0.963864,1.97256,0,0.379911
0.835,0.955,844.868,-14.999,2.91964,205.141,0.963864,1.97256,0,0.379911
0.835,0.965,871.454,-14.9993,2.93302,212.219,0.963864,1.97256,0,0.379911
0.835,0.975,894.728,-14.9995,2.94476,218.561,0.963864,1.97256,0,0.379911
0.835,0.985,914.821,-14.9996,2.95495,224.164,0.963864,1.97256,0,0.379911
0.835,0.995,931.927,-14.9997,2.96369,229.043,0.963864,1.97256,0,0.379911
0.845,0.005,7.95158,9.42614,-3.80717,74.4669,1,2,0,0.4
0.845,0.015,7.89174,9.39619,-3.68162,73.2489,1,2,0,0.4
0.845,0.025,7.83379,9.36538,-3.55526,72.0578,1,2,0,0.4
0.845,0.035,7.7764,9.33385,-3.42872,70.8766,1,2,0,0.4
0.845,0.045,7.71882,9.30161,-3.30236,69.6965,1,2,0,0.4
0.845,0.055,7.66108,9.26864,-3.17617,68.5182,1,2,0,0.4
0.845,0.065,7.60318,9.23491,-3.0502,67.3422,1,2,0,0.4
0.845,0.075,7.54513,9.2004,-2.92447,66.1694,1,2,0,0.4
0.845,0.085,7.48696,9.16509,-2.799,65.0007,1,2,0,0.4
0.845,0.095,7.42872,9.12893,-2.67385,63.8372,1,2,0,0.4
0.845,0.105,7.37047,9.09187,-2.54906,62.6803,1,2,0,0.4
0.845,0.115,7.31232,9.05386,-2.4247,61.5318,1,2,0,0.4
0.845,0.125,7.25445,9.01482,-2.30085,60.3941,1,2,0,0.4
0.845,0.135,7.19712,8.97462,-2.17762,59.2704,1,2,0,0.4
0.845,0.145,7.14068,8.93312,-2.05516,58.1653,1,2,0,0.4
0.845,0.155,7.08572,8.89009,-1.93367,57.085,1,2,0,0.4
0.845,0.165,7.03305,8.84521,-1.81344,56.0384,1,2,0,0.4
0.845,0.175,6.9839,8.79802,-1.69486,55.0384,1,2,0,0.4
0.845,0.185,6.94011,8.74783,-1.57854,54.104,1,2,0,0.4
0.845,0.195,6.90442,8.69363,-1.46532,53.263,1,2,0,0.4
0.845,0.205,6.88092,8.63392,-1.35645,52.5569,1,2,0,0.4
0.845,0.215,6.87565,8.56643,-1.25377,52.0474,1,2,0,0.4
0.845,0.225,6.89738,8.48783,-1.15982,51.8252,1,2,0,0.4
0.845,0.235,6.9585,8.39331,-1.07805,52.0215,1,2,0,0.4
0.845,0.245,7.07553,8.27632,-1.01272,52.8178,1,2,0,0.4
0.845,0.255,7.26877,8.12877,-0.968268,54.4486,1,2,0,0.4
0.845,0.265,7.55993,7.94243,-0.947859,57.1822,1,2,0,0.4
0.845,0.275,7.96685,7.7119,-0.951362,61.2627,1,2,0,0.4
0.845,0.285,8.49565,7.43855,-0.973722,66.8083,1,2,0,0.4
0.845,0.295,9.13275,7.13296,-1.00526,73.6946,1,2,0,0.4
0.845,0.305,9.84146,6.8134,-1.03432,81.4921,1,2,0,0.4
0.845,0.315,10.5675,6.50063,-1.05085,89.5247,1,2,0,0.4
0.845,0.325,11.2531,6.21168,-1.04885,97.0507,1,2,0,0.4
0.845,0.335,11.8528,5.95579,-1.0267,103.481,1,2,0,0.4
0.845,0.345,12.3431,5.73386,-0.986137,108.51,1,2,0,0.4
0.845,0.355,12.7227,5.54142,-0.930601,112.13,1,2,0,0.4
0.845,0.365,13.0039,5.37238,-0.863619,114.536,1,2,0,0.4
0.845,0.375,13.2046,5.21978,-0.788141,115.999,1,2,0,0.4
0.845,0.385,13.3418,5.07728,-0.706324,116.774,1,2,0,0.4
0.845,0.395,13.4278,4.93987,-0.619496,117.062,1,2,0,0.4
0.845,0.405,13.4702,4.80381,-0.528249,117.006,1,2,0,0.4
0.845,0.415,13.4714,4.66626,-0.432557,116.7,1,2,0,0.4
0.845,0.425,13.4304,4.52475,-0.331824,116.2,1,2,0,0.4
0.845,0.435,13.3422,4.37639,-0.224727,115.549,1,2,0,0.4
0.845,0.445,13.1964,4.21559,-0.108359,114.803,1,2,0,0.4
0.845,0.455,12.9547,4.02868,0.02226,113.984,1,2,0,0.4
0.845,0.465,12.5697,3.81893,0.169674,112.824,1,2,0,0.4
0.845,0.475,12.0373,3.58103,0.333964,111.483,1,2,0,0.4
0.845,0.485,11.3345,3.31532,0.514342,109.868,1,2,0,0.4
0.845,0.495,10.506,3.02677,0.709085,108.21,1,2,0,0.4
0.845,0.505,9.53608,2.68834,0.91545,106.361,1,2,0,0.4
0.845,0.515,8.53111,2.30295,1.12351,104.478,1,2,0,0.4
0.845,0.525,7.60919,1.88773,1.32514,102.692,1,2,0,0.4
0.845,0.535,6.84733,1.46326,1.51545,101.015,1,2,0,0.4
0.845,0.545,6.2737,1.05023,1.6911,99.404,1,2,0,0.4
0.845,0.555,5.87723,0.667176,1.84928,97.8276,1,2,0,0.4
0.845,0.565,5.62648,0.32755,1.98776,96.3005,1,2,0,0.4
0.845,0.575,5.48706,0.0375263,2.10459,94.8859,1,2,0,0.4
0.845,0.585,5.42961,-0.204469,2.1979,93.6999,1,2,0,0.4
0.845,0.595,5.43567,-0.407467,2.26395,92.9356,1,2,0,0.4
0.845,0.605,5.49571,-0.587332,2.29739,92.8181,1,2,0,0.4
0.845,0.615,5.60148,-0.766682,2.29422,93.5274,1,2,0,0.4
0.845,0.625,5.73682,-0.976617,2.25592,95.0823,1,2,0,0.4
0.845,0.635,5.87235,-1.26149,2.19129,97.2923,1,2,0,0.4
0.845,0.645,5.97088,-1.68643,2.11356,99.8656,1,2,0,0.4
0.845,0.655,6.00485,-2.3434,2.03719,102.598,1,2,0,0.4
0.845,0.665,5.99233,-3.34858,1.97883,105.508,1,2,0,0.4
0.845,0.675,6.05478,-4.81303,1.96002,108.881,1,2,0,0.4
0.845,0.685,6.46661,-6.72143,2.00991,113.379,1,2,0,0.4
0.845,0.695,7.66364,-8.83515,2.16085,119.983,1,2,0,0.4
0.845,0.705,10.3008,-10.7742,2.41748,129.86,1,2,0,0.4
0.845,0.715,15.4467,-12.2743,2.73354,144.051,1,2,0,0.4
0.845,0.725,24.8111,-13.3043,3.02102,162.302,1,2,0,0.4
0.845,0.735,40.5893,-13.9657,3.20287,180.824,1,2,0,0.4
0.845,0.745,64.2033,-14.3784,3.25097,190.551,1,2,0,0.4
0.845,0.755,94.3133,-14.6329,3.17265,181.982,1,2,0,0.4
0.845,0.765,126.026,-14.7874,3.00608,153.737,1,2,0,0.4
0.845,0.775,154.068,-14.8781,2.8114,117.052,1,2,0,0.4
0.845,0.785,177.718,-14.9282,2.65208,87.4749,1,2,0,0.4
0.845,0.795,201.08,-14.9542,2.56386,72.2318,1,2,0,0.4
0.845,0.805,228.479,-14.9677,2.54009,68.8848,1,2,0,0.4
0.845,0.815,261.445,-14.9755,2.55371,72.3749,1,2,0,0.4
0.845,0.825,299.377,-14.9806,2.583,79.2498,1,2,0,0.4
0.845,0.835,341.074,-14.9843,2.6171,87.8146,1,2,0,0.4
0.845,0.845,385.449,-14.9873,2.65166,97.3134,1,2,0,0.4
0.845,0.855,431.611,-14.9897,2.68515,107.386,1,2,0,0.4
0.845,0.865,478.781,-14.9916,2.71702,117.819,1,2,0,0.4
0.845,0.875,526.235,-14.9932,2.74709,128.451,1,2,0,0.4
0.845,0.885,573.276,-14.9945,2.77529,139.137,1,2,0,0.4
0.845,0.895,619.25,-14.9956,2.80157,149.74,1,2,0,0.4
0.845,0.905,663.553,-14.9965,2.82595,160.131,1,2,0,0.4
0.845,0.915,705.658,-14.9972,2.84841,170.189,1,2,0,0.4
0.845,0.925,745.128,-14.9978,2.86898,179.804,1,2,0,0.4
0.845,0.935,781.625,-14.9983,2.88768,188.883,1,2,0,0.4
0.845,0.945,814.915,-14.9987,2.90455,197.349,1,2,0,0.4
0.845,0.955,844.868,-14.999,2.91964,205.141,1,2,0,0.4
0.845,0.965,871.454,-14.9993,2.93302,212.219,1,2,0,0.4
0.845,0.975,894.728,-14.9995,2.94476,218.561,1,2,0,0.4
0.845,0.985,914.821,-14.9996,2.95495,224.164,1,2,0,0.4
0.845,0.995,931.927,-14.9997,2.96369,229.043,1,2,0,0.4
0.855,0.005,7.84376,9.50154,-3.78863,73.0669,1,2,0,0.4
0.855,0.015,7.78391,9.4714,-3.66313,71.8684,1,2,0,0.4
0.855,0.025,7.726,9.44039,-3.53681,70.6976,1,2,0,0.4
0.855,0.035,7.66851,9.40864,-3.41041,69.535,1,2,0,0.4
0.855,0.045,7.61088,9.37613,-3.2842,68.3741,1,2,0,0.4
0.855,0.055,7.55315,9.34284,-3.15822,67.2158,1,2,0,0.4
0.855,0.065,7.49535,9.30873,-3.03248,66.0611,1,2,0,0.4
0.855,0.075,7.43754,9.27376,-2.90704,64.9111,1,2,0,0.4
0.855,0.085,7.37981,9.23787,-2.78193,63.7674,1,2,0,0.4
0.855,0.095,7.32227,9.20101,-2.65722,62.632,1,2,0,0.4
0.855,0.105,7.26512,9.16307,-2.53299,61.5074,1,2,0,0.4
0.855,0.115,7.20862,9.12394,-2.40935,60.3971,1,2,0,0.4
0.855,0.125,7.15317,9.08344,-2.28643,59.3059,1,2,0,0.4
0.855,0.135,7.09936,9.04133,-2.16444,58.2402,1,2,0,0.4
0.855,0.145,7.04801,8.99728,-2.04365,57.2095,1,2,0,0.4
0.855,0.155,7.00037,8.9508,-1.92444,56.2268,1,2,0,0.4
0.855,0.165,6.95825,8.90119,-1.80737,55.3114,1,2,0,0.4
0.855,0.175,6.9243,8.84741,-1.69324,54.491,1,2,0,0.4
0.855,0.185,6.90242,8.78795,-1.5832,53.8061,1,2,0,0.4
0.855,0.195,6.89825,8.7206,-1.47889,53.3159,1,2,0,0.4
0.855,0.205,6.91984,8.64216,-1.38259,53.1061,1,2,0,0.4
0.855,0.215,6.97837,8.54812,-1.29731,53.2983,1,2,0,0.4
0.855,0.225,7.08859,8.43244,-1.22672,54.0589,1,2,0,0.4
0.855,0.235,7.26854,8.28775,-1.17471,55.6015,1,2,0,0.4
0.855,0.245,7.53784,8.10647,-1.14419,58.1731,1,2,0,0.4
0.855,0.255,7.91356,7.88327,-1.13555,62.0085,1,2,0,0.4
0.855,0.265,8.40385,7.61835,-1.1452,67.2478,1,2,0,0.4
0.855,0.275,9.00085,7.31986,-1.16545,73.8334,1,2,0,0.4
0.855,0.285,9.67637,7.00349,-1.1863,81.4366,1,2,0,0.4
0.855,0.295,10.3843,6.68851,-1.19831,89.4752,1,2,0,0.4
0.855,0.305,11.0706,6.39239,-1.195,97.2464,1,2,0,0.4
0.855,0.315,11.6878,6.12664,-1.17372,104.122,1,2,0,0.4
0.855,0.325,12.206,5.8953,-1.13499,109.706,1,2,0,0.4
0.855,0.335,12.6162,5.69603,-1.08125,113.889,1,2,0,0.4
0.855,0.345,12.9259,5.52248,-1.01569,116.781,1,2,0,0.4
0.855,0.355,13.151,5.36725,-0.941415,118.613,1,2,0,0.4
0.855,0.365,13.3087,5.22431,-0.86077,119.648,1,2,0,0.4
0.855,0.375,13.4129,5.08869,-0.775222,120.113,1,2,0,0.4
0.855,0.385,13.4729,4.95649,-0.685557,120.173,1,2,0,0.4
0.855,0.395,13.4935,4.82486,-0.592,119.94,1,2,0,0.4
0.855,0.405,13.4757,4.69163,-0.494313,119.484,1,2,0,0.4
0.855,0.415,13.4171,4.55491,-0.391833,118.846,1,2,0,0.4
0.855,0.425,13.3128,4.41261,-0.283395,118.053,1,2,0,0.4
0.855,0.435,13.1542,4.26127,-0.166943,117.137,1,2,0,0.4
0.855,0.445,12.9188,4.09139,-0.0382967,116.159,1,2,0,0.4
0.855,0.455,12.5552,3.89932,0.105755,114.911,1,2,0,0.4
0.855,0.465,12.0581,3.68574,0.265393,113.42,1,2,0,0.4
0.855,0.475,11.4201,3.44732,0.43953,111.745,1,2,0,0.4
0.855,0.485,10.6458,3.18076,0.625857,109.956,1,2,0,0.4
0.855,0.495,9.78725,2.88811,0.82299,108.249,1,2,0,0.4
0.855,0.505,8.86245,2.55311,1.02868,106.467,1,2,0,0.4
0.855,0.515,7.96133,2.17988,1.23436,104.705,1,2,0,0.4
0.855,0.525,7.17151,1.78412,1.43278,103.033,1,2,0,0.4
0.855,0.535,6.54225,1.3851,1.61912,101.437,1,2,0,0.4
0.855,0.545,6.082,1.002,1.79,99.8805,1,2,0,0.4
0.855,0.555,5.77144,0.651027,1.94288,98.3457,1,2,0,0.4
0.855,0.565,5.58045,0.342803,2.0759,96.8631,1,2,0,0.4
0.855,0.575,5.48056,0.0809226,2.18719,95.516,1,2,0,0.4
0.855,0.585,5.45045,-0.137873,2.27375,94.4469,1,2,0,0.4
0.855,0.595,5.47796,-0.322847,2.33149,93.8715,1,2,0,0.4
0.855,0.605,5.55842,-0.489326,2.35425,94.0413,1,2,0,0.4
0.855,0.615,5.6856,-0.65837,2.3387,95.1225,1,2,0,0.4
0.855,0.625,5.84219,-0.858646,2.28874,97.0747,1,2,0,0.4
0.855,0.635,5.99565,-1.13207,2.21564,99.6353,1,2,0,0.4
0.855,0.645,6.10505,-1.54251,2.13364,102.474,1,2,0,0.4
0.855,0.655,6.13959,-2.18248,2.05656,105.393,1,2,0,0.4
0.855,0.665,6.1168,-3.17062,1.99962,108.439,1,2,0,0.4
0.855,0.675,6.16163,-4.62217,1.98304,111.932,1,2,0,0.4
0.855,0.685,6.54929,-6.53492,2.03474,116.498,1,2,0,0.4
0.855,0.695,7.7214,-8.67522,2.18555,123.209,1,2,0,0.4
0.855,0.705,10.3379,-10.658,2.44202,133.217,1,2,0,0.4
0.855,0.715,15.4754,-12.2017,2.75743,147.494,1,2,0,0.4
0.855,0.725,24.8495,-13.2638,3.04206,165.679,1,2,0,0.4
0.855,0.735,40.6546,-13.9448,3.21914,183.899,1,2,0,0.4
0.855,0.745,64.3026,-14.3682,3.26232,193.063,1,2,0,0.4
0.855,0.755,94.4387,-14.6281,3.17997,183.775,1,2,0,0.4
0.855,0.765,126.157,-14.7854,3.01041,154.821,1,2,0,0.4
0.855,0.775,154.177,-14.8773,2.81367,117.588,1,2,0,0.4
0.855,0.785,177.79,-14.928,2.65307,87.6877,1,2,0,0.4
0.855,0.795,201.117,-14.9542,2.56421,72.3007,1,2,0,0.4
0.855,0.805,228.495,-14.9677,2.54019,68.904,1,2,0,0.4
0.855,0.815,261.451,-14.9755,2.55373,72.3798,1,2,0,0.4
0.855,0.825,299.378,-14.9806,2.58301,79.251,1,2,0,0.4
0.855,0.835,341.075,-14.9843,2.6171,87.8149,1,2,0,0.4
0.855,0.845,385.45,-14.9873,2.65166,97.3135,1,2,0,0.4
0.855,0.855,431.611,-14.9897,2.68515,107.386,1,2,0,0.4
0.855,0.865,478.781,-14.9916,2.71702,117.819,1,2,0,0.4
0.855,0.875,526.235,-14.9932,2.74709,128.451,1,2,0,0.4
0.855,0.885,573.276,-14.9945,2.77529,139.137,1,2,0,0.4
0.855,0.895,619.25,-14.9956,2.80157,149.74,1,2,0,0.4
0.855,0.905,663.553,-14.9965,2.82595,160.131,1,2,0,0.4
0.855,0.915,705.658,-14.9972,2.84841,170.189,1,2,0,0.4
0.855,0.925,745.128,-14.9978,2.86898,179.804,1,2,0,0.4
0.855,0.935,781.625,-14.9983,2.88768,188.883,1,2,0,0.4
0.855,0.945,814.915,-14.9987,2.90455,197.349,1,2,0,0.4
0.855,0.955,844.868,-14.999,2.91964,205.141,1,2,0,0.4
0.855,0.965,871.454,-14.9993,2.93302,212.219,1,2,0,0.4
0.855,0.975,894.728,-14.9995,2.94476,218.561,1,2,0,0.4
0.855,0.985,914.821,-14.9996,2.95495,224.164,1,2,0,0.4
0.855,0.995,931.927,-14.9997,2.96369,229.043,1,2,0,0.4
0.865,0.005,7.73645,9.57544,-3.77054,71.6816,1,2,0,0.4
0.865,0.015,7.6768,9.54501,-3.64513,70.505,1,2,0,0.4
0.865,0.025,7.61919,9.51367,-3.51893,69.357,1,2,0,0.4
0.865,0.035,7.56194,9.48152,-3.39274,68.2168,1,2,0,0.4
0.865,0.045,7.5047,9.44854,-3.26679,67.0799,1,2,0,0.4
0.865,0.055,7.44754,9.41467,-3.14112,65.9478,1,2,0,0.4
0.865,0.065,7.39057,9.37985,-3.01578,64.8222,1,2,0,0.4
0.865,0.075,7.33394,9.344,-2.89083,63.7054,1,2,0,0.4
0.865,0.085,7.27788,9.30701,-2.76635,62.6003,1,2,0,0.4
0.865,0.095,7.22269,9.26873,-2.64244,61.5109,1,2,0,0.4
0.865,0.105,7.16882,9.22897,-2.51926,60.4425,1,2,0,0.4
0.865,0.115,7.11691,9.18747,-2.397,59.4023,1,2,0,0.4
0.865,0.125,7.06786,9.14384,-2.27594,58.4006,1,2,0,0.4
0.865,0.135,7.02299,9.09754,-2.15647,57.4517,1,2,0,0.4
0.865,0.145,6.98418,9.04781,-2.03913,56.5759,1,2,0,0.4
0.865,0.155,6.95414,8.99354,-1.92471,55.8022,1,2,0,0.4
0.865,0.165,6.93674,8.93317,-1.81429,55.1723,1,2,0,0.4
0.865,0.175,6.93748,8.86444,-1.70941,54.7455,1,2,0,0.4
0.865,0.185,6.96401,8.78417,-1.61214,54.606,1,2,0,0.4
0.865,0.195,7.0267,8.68801,-1.52513,54.8705,1,2,0,0.4
0.865,0.205,7.13895,8.57033,-1.45155,55.6954,1,2,0,0.4
0.865,0.215,7.31687,8.42445,-1.39466,57.2774,1,2,0,0.4
0.865,0.225,7.5778,8.24369,-1.35686,59.8411,1,2,0,0.4
0.865,0.235,7.93691,8.02343,-1.3385,63.6003,1,2,0,0.4
0.865,0.245,8.40205,7.76381,-1.33673,68.6895,1,2,0,0.4
0.865,0.255,8.96784,7.4718,-1.34531,75.0762,1,2,0,0.4
0.865,0.265,9.61154,7.16098,-1.3559,82.4932,1,2,0,0.4
0.865,0.275,10.294,6.84868,-1.36023,90.4381,1,2,0,0.4
0.865,0.285,10.9669,6.55146,-1.35213,98.2699,1,2,0,0.4
0.865,0.295,11.5846,6.28127,-1.3285,105.372,1,2,0,0.4
0.865,0.305,12.1147,6.04366,-1.28911,111.306,1,2,0,0.4
0.865,0.315,12.5432,5.83825,-1.23565,115.89,1,2,0,0.4
0.865,0.325,12.8726,5.66055,-1.17065,119.169,1,2,0,0.4
0.865,0.335,13.1155,5.50406,-1.09676,121.333,1,2,0,0.4
0.865,0.345,13.2879,5.36194,-1.01625,122.62,1,2,0,0.4
0.865,0.355,13.4045,5.22837,-0.930898,123.254,1,2,0,0.4
0.865,0.365,13.4761,5.0994,-0.841759,123.419,1,2,0,0.4
0.865,0.375,13.5093,4.97231,-0.749227,123.247,1,2,0,0.4
0.865,0.385,13.5063,4.84507,-0.653233,122.822,1,2,0,0.4
0.865,0.395,13.4666,4.71614,-0.553362,122.194,1,2,0,0.4
0.865,0.405,13.3873,4.58414,-0.448885,121.39,1,2,0,0.4
0.865,0.415,13.2632,4.44751,-0.338727,120.428,1,2,0,0.4
0.865,0.425,13.087,4.30384,-0.221237,119.327,1,2,0,0.4
0.865,0.435,12.8445,4.14751,-0.0933211,118.135,1,2,0,0.4
0.865,0.445,12.4943,3.97036,0.0484678,116.786,1,2,0,0.4
0.865,0.455,12.0209,3.77668,0.204865,115.152,1,2,0,0.4
0.865,0.465,11.4299,3.56113,0.374543,113.393,1,2,0,0.4
0.865,0.475,10.7219,3.32204,0.555799,111.536,1,2,0,0.4
0.865,0.485,9.92212,3.05326,0.746406,109.734,1,2,0,0.4
0.865,0.495,9.0807,2.75788,0.945173,108.068,1,2,0,0.4
0.865,0.505,8.23454,2.42713,1.14957,106.412,1,2,0,0.4
0.865,0.515,7.45426,2.06653,1.35217,104.806,1,2,0,0.4
0.865,0.525,6.79838,1.69085,1.54638,103.27,1,2,0,0.4
0.865,0.535,6.29232,1.31793,1.72763,101.778,1,2,0,0.4
0.865,0.545,5.9313,0.964917,1.89277,100.298,1,2,0,0.4
0.865,0.555,5.69335,0.645377,2.03973,98.8259,1,2,0,0.4
0.865,0.565,5.55229,0.367172,2.16692,97.4076,1,2,0,0.4
0.865,0.575,5.48601,0.131684,2.2722,96.1505,1,2,0,0.4
0.865,0.585,5.48008,-0.0657103,2.3513,95.2282,1,2,0,0.4
0.865,0.595,5.52802,-0.234463,2.39965,94.8792,1,2,0,0.4
0.865,0.605,5.62923,-0.38918,2.41042,95.3794,1,2,0,0.4
0.865,0.615,5.77847,-0.549284,2.38156,96.87,1,2,0,0.4
0.865,0.625,5.95641,-0.740987,2.31978,99.2371,1,2,0,0.4
0.865,0.635,6.12705,-1.00389,2.23881,102.144,1,2,0,0.4
0.865,0.645,6.24612,-1.40081,2.15343,105.232,1,2,0,0.4
0.865,0.655,6.2803,-2.02485,2.07643,108.322,1,2,0,0.4
0.865,0.665,6.24713,-2.99676,2.02147,111.495,1,2,0,0.4
0.865,0.675,6.27467,-4.43525,2.00743,115.093,1,2,0,0.4
0.865,0.685,6.63934,-6.34992,2.06098,119.734,1,2,0,0.4
0.865,0.695,7.78726,-8.51484,2.21185,126.559,1,2,0,0.4
0.865,0.705,10.3843,-10.5408,2.46824,136.7,1,2,0,0.4
0.865,0.715,15.5153,-12.1289,2.7827,151.039,1,2,0,0.4
0.865,0.725,24.9006,-13.2238,3.06374,169.092,1,2,0,0.4
0.865,0.735,40.7317,-13.9247,3.23527,186.913,1,2,0,0.4
0.865,0.745,64.4078,-14.3587,3.27308,195.433,1,2,0,0.4
0.865,0.755,94.5603,-14.6239,3.18658,185.397,1,2,0,0.4
0.865,0.765,126.274,-14.7836,3.01415,155.76,1,2,0,0.4
0.865,0.775,154.269,-14.8767,2.81555,118.035,1,2,0,0.4
0.865,0.785,177.848,-14.9277,2.65386,87.8583,1,2,0,0.4
0.865,0.795,201.146,-14.9541,2.56448,72.354,1,2,0,0.4
0.865,0.805,228.507,-14.9677,2.54026,68.9184,1,2,0,0.4
0.865,0.815,261.455,-14.9755,2.55375,72.3834,1,2,0,0.4
0.865,0.825,299.38,-14.9806,2.58301,79.2518,1,2,0,0.4
0.865,0.835,341.075,-14.9843,2.6171,87.8151,1,2,0,0.4
0.865,0.845,385.45,-14.9873,2.65166,97.3135,1,2,0,0.4
0.865,0.855,431.611,-14.9897,2.68515,107.386,1,2,0,0.4
0.865,0.865,478.781,-14.9916,2.71702,117.819,1,2,0,0.4
0.865,0.875,526.235,-14.9932,2.74709,128.451,1,2,0,0.4
0.865,0.885,573.276,-14.9945,2.77529,139.137,1,2,0,0.4
0.865,0.895,619.25,-14.9956,2.80157,149.74,1,2,0,0.4
0.865,0.905,663.553,-14.9965,2.82595,160.131,1,2,0,0.4
0.865,0.915,705.658,-14.9972,2.84841,170.189,1,2,0,0.4
0.865,0.925,745.128,-14.9978,2.86898,179.804,1,2,0,0.4
0.865,0.935,781.625,-14.9983,2.88768,188.883,1,2,0,0.4
0.865,0.945,814.915,-14.9987,2.90455,197.349,1,2,0,0.4
0.865,0.955,844.868,-14.999,2.91964,205.141,1,2,0,0.4
0.865,0.965,871.454,-14.9993,2.93302,212.219,1,2,0,0.4
0.865,0.975,894.728,-14.9995,2.94476,218.561,1,2,0,0.4
0.865,0.985,914.821,-14.9996,2.95495,224.164,1,2,0,0.4
0.865,0.995,931.927,-14.9997,2.96369,229.043,1,2,0,0.4
0.875,0.005,7.63153,9.64687,-3.75312,70.3345,1,2,0,0.4
0.875,0.015,7.57262,9.6159,-3.62791,69.1858,1,2,0,0.4
0.875,0.025,7.51594,9.58392,-3.50196,68.0679,1,2,0,0.4
0.875,0.035,7.45979,9.551,-3.37614,66.9595,1,2,0,0.4
0.875,0.045,7.404,9.51706,-3.25065,65.8586,1,2,0,0.4
0.875,0.055,7.34878,9.482,-3.12557,64.7681,1,2,0,0.4
0.875,0.065,7.2944,9.44568,-3.00098,63.6915,1,2,0,0.4
0.875,0.075,7.24125,9.40794,-2.87698,62.6334,1,2,0,0.4
0.875,0.085,7.18986,9.36852,-2.75375,61.6004,1,2,0,0.4
0.875,0.095,7.14096,9.32711,-2.63149,60.6008,1,2,0,0.4
0.875,0.105,7.0956,9.28326,-2.51048,59.6465,1,2,0,0.4
0.875,0.115,7.05524,9.23635,-2.39115,58.7539,1,2,0,0.4
0.875,0.125,7.02194,9.1855,-2.27405,57.9456,1,2,0,0.4
0.875,0.135,6.99857,9.12949,-2.15997,57.2534,1,2,0,0.4
0.875,0.145,6.98915,9.06662,-2.04997,56.722,1,2,0,0.4
0.875,0.155,6.99922,8.99452,-1.94551,56.4133,1,2,0,0.4
0.875,0.165,7.03628,8.90994,-1.84849,56.413,1,2,0,0.4
0.875,0.175,7.11014,8.80865,-1.76127,56.8363,1,2,0,0.4
0.875,0.185,7.23313,8.68537,-1.68652,57.8329,1,2,0,0.4
0.875,0.195,7.41955,8.53417,-1.62682,59.585,1,2,0,0.4
0.875,0.205,7.68433,8.34952,-1.5839,62.2934,1,2,0,0.4
0.875,0.215,8.04004,8.12802,-1.55775,66.1422,1,2,0,0.4
0.875,0.225,8.49267,7.87057,-1.54576,71.2402,1,2,0,0.4
0.875,0.235,9.03691,7.58384,-1.54274,77.5488,1,2,0,0.4
0.875,0.245,9.65285,7.27998,-1.54184,84.827,1,2,0,0.4
0.875,0.255,10.3066,6.97431,-1.53617,92.6294,1,2,0,0.4
0.875,0.265,10.9557,6.68169,-1.5204,100.381,1,2,0,0.4
0.875,0.275,11.5588,6.41334,-1.49156,107.508,1,2,0,0.4
0.875,0.285,12.0845,6.17511,-1.44901,113.577,1,2,0,0.4
0.875,0.295,12.5166,5.96761,-1.39385,118.371,1,2,0,0.4
0.875,0.305,12.8543,5.78754,-1.32807,121.889,1,2,0,0.4
0.875,0.315,13.1069,5.62953,-1.25389,124.277,1,2,0,0.4
0.875,0.325,13.2884,5.48769,-1.17327,125.752,1,2,0,0.4
0.875,0.335,13.4127,5.35657,-1.08773,126.531,1,2,0,0.4
0.875,0.345,13.4911,5.23157,-0.99835,126.793,1,2,0,0.4
0.875,0.355,13.5309,5.10921,-0.905794,126.672,1,2,0,0.4
0.875,0.365,13.5361,4.98739,-0.810288,126.264,1,2,0,0.4
0.875,0.375,13.5076,4.86481,-0.711619,125.629,1,2,0,0.4
0.875,0.385,13.4434,4.74046,-0.609269,124.801,1,2,0,0.4
0.875,0.395,13.3403,4.61337,-0.502479,123.801,1,2,0,0.4
0.875,0.405,13.1934,4.48237,-0.390241,122.64,1,2,0,0.4
0.875,0.415,12.9965,4.34564,-0.27116,121.336,1,2,0,0.4
0.875,0.425,12.7397,4.19955,-0.142974,119.925,1,2,0,0.4
0.875,0.435,12.3948,4.03591,-0.00243309,118.429,1,2,0,0.4
0.875,0.445,11.9371,3.85748,0.151673,116.674,1,2,0,0.4
0.875,0.455,11.38,3.66097,0.318189,114.82,1,2,0,0.4
0.875,0.465,10.7251,3.44415,0.495672,112.904,1,2,0,0.4
0.875,0.475,9.99151,3.20167,0.682311,111.061,1,2,0,0.4
0.875,0.485,9.20773,2.9307,0.876435,109.34,1,2,0,0.4
0.875,0.495,8.42288,2.63422,1.07619,107.784,1,2,0,0.4
0.875,0.505,7.67783,2.30912,1.27859,106.29,1,2,0,0.4
0.875,0.515,7.0231,1.9623,1.4771,104.855,1,2,0,0.4
0.875,0.525,6.49274,1.60772,1.66586,103.467,1,2,0,0.4
0.875,0.535,6.09492,1.26152,1.84077,102.092,1,2,0,0.4
0.875,0.545,5.81774,0.938451,1.99927,100.702,1,2,0,0.4
0.875,0.555,5.64009,0.649318,2.1398,99.3066,1,2,0,0.4
0.875,0.565,5.54069,0.399495,2.26083,97.9683,1,2,0,0.4
0.875,0.575,5.50339,0.188598,2.35961,96.8206,1,2,0,0.4
0.875,0.585,5.51931,0.010961,2.43067,96.0717,1,2,0,0.4
0.875,0.595,5.5872,-0.143298,2.46837,95.9899,1,2,0,0.4
0.875,0.605,5.70967,-0.287802,2.46589,96.8651,1,2,0,0.4
0.875,0.615,5.88154,-0.440232,2.42294,98.7994,1,2,0,0.4
0.875,0.625,6.08059,-0.624321,2.34946,101.592,1,2,0,0.4
0.875,0.635,6.26725,-0.877528,2.26142,104.832,1,2,0,0.4
0.875,0.645,6.39453,-1.26185,2.17358,108.15,1,2,0,0.4
0.875,0.655,6.42731,-1.87099,2.09738,111.395,1,2,0,0.4
0.875,0.665,6.38363,-2.82736,2.04486,114.681,1,2,0,0.4
0.875,0.675,6.39438,-4.25249,2.03351,118.373,1,2,0,0.4
0.875,0.685,6.73705,-6.16681,2.0888,123.095,1,2,0,0.4
0.875,0.695,7.86145,-8.35435,2.23985,130.041,1,2,0,0.4
0.875,0.705,10.4402,-10.4231,2.49622,140.313,1,2,0,0.4
0.875,0.715,15.5663,-12.0561,2.80932,154.68,1,2,0,0.4
0.875,0.725,24.9637,-13.1846,3.0859,172.52,1,2,0,0.4
0.875,0.735,40.8185,-13.9055,3.25108,189.838,1,2,0,0.4
0.875,0.745,64.5158,-14.3499,3.28313,197.638,1,2,0,0.4
0.875,0.755,94.6752,-14.6201,3.19247,186.838,1,2,0,0.4
0.875,0.765,126.377,-14.7821,3.01733,156.557,1,2,0,0.4
0.875,0.775,154.346,-14.8761,2.81708,118.397,1,2,0,0.4
0.875,0.785,177.894,-14.9276,2.65448,87.9915,1,2,0,0.4
0.875,0.795,201.168,-14.954,2.56468,72.3941,1,2,0,0.4
0.875,0.805,228.515,-14.9677,2.54032,68.9289,1,2,0,0.4
0.875,0.815,261.458,-14.9754,2.55376,72.3859,1,2,0,0.4
0.875,0.825,299.38,-14.9806,2.58302,79.2524,1,2,0,0.4
0.875,0.835,341.075,-14.9843,2.6171,87.8152,1,2,0,0.4
0.875,0.845,385.45,-14.9873,2.65166,97.3136,1,2,0,0.4
0.875,0.855,431.611,-14.9897,2.68515,107.386,1,2,0,0.4
0.875,0.865,478.781,-14.9916,2.71702,117.819,1,2,0,0.4
0.875,0.875,526.235,-14.9932,2.74709,128.451,1,2,0,0.4
0.875,0.885,573.276,-14.9945,2.77529,139.137,1,2,0,0.4
0.875,0.895,619.25,-14.9956,2.80157,149.74,1,2,0,0.4
0.875,0.905,663.553,-14.9965,2.82595,160.131,1,2,0,0.4
0.875,0.915,705.658,-14.9972,2.84841,170.189,1,2,0,0.4
0.875,0.925,745.128,-14.9978,2.86898,179.804,1,2,0,0.4
0.875,0.935,781.625,-14.9983,2.88768,188.883,1,2,0,0.4
0.875,0.945,814.915,-14.9987,2.90455,197.349,1,2,0,0.4
0.875,0.955,844.868,-14.999,2.91964,205.141,1,2,0,0.4
0.875,0.965,871.454,-14.9993,2.93302,212.219,1,2,0,0.4
0.875,0.975,894.728,-14.9995,2.94476,218.561,1,2,0,0.4
0.875,0.985,914.821,-14.9996,2.95495,224.164,1,2,0,0.4
0.875,0.995,931.927,-14.9997,2.96369,229.043,1,2,0,0.4
0.885,0.005,7.53412,9.71336,-3.7369,69.0893,1,2,0,0.4
0.885,0.015,7.47729,9.68124,-3.61212,67.9837,1,2,0,0.4
0.885,0.025,7.42318,9.64786,-3.48672,66.9147,1,2,0,0.4
0.885,0.035,7.37023,9.6132,-3.36164,65.8623,1,2,0,0.4
0.885,0.045,7.31856,9.5771,-3.23711,64.828,1,2,0,0.4
0.885,0.055,7.26866,9.53932,-3.11325,63.8177,1,2,0,0.4
0.885,0.065,7.22121,9.49955,-2.99023,62.8396,1,2,0,0.4
0.885,0.075,7.17712,9.4574,-2.86829,61.904,1,2,0,0.4
0.885,0.085,7.13763,9.41229,-2.74775,61.0255,1,2,0,0.4
0.885,0.095,7.10444,9.36349,-2.62905,60.2235,1,2,0,0.4
0.885,0.105,7.07988,9.30996,-2.51279,59.5245,1,2,0,0.4
0.885,0.115,7.06712,9.25031,-2.39976,58.9648,1,2,0,0.4
0.885,0.125,7.07046,9.18262,-2.29104,58.5939,1,2,0,0.4
0.885,0.135,7.0956,9.10437,-2.18801,58.4786,1,2,0,0.4
0.885,0.145,7.15,9.01224,-2.09241,58.7083,1,2,0,0.4
0.885,0.155,7.24305,8.90211,-2.00626,59.3985,1,2,0,0.4
0.885,0.165,7.386,8.76918,-1.9317,60.693,1,2,0,0.4
0.885,0.175,7.59129,8.6085,-1.87059,62.7582,1,2,0,0.4
0.885,0.185,7.87113,8.41596,-1.8239,65.7669,1,2,0,0.4
0.885,0.195,8.23484,8.18984,-1.79106,69.8639,1,2,0,0.4
0.885,0.205,8.68545,7.93233,-1.76953,75.1157,1,2,0,0.4
0.885,0.215,9.21608,7.65036,-1.7549,81.4547,1,2,0,0.4
0.885,0.225,9.80783,7.35505,-1.74163,88.6399,1,2,0,0.4
0.885,0.235,10.4306,7.05971,-1.72431,96.2628,1,2,0,0.4
0.885,0.245,11.0475,6.77707,-1.69868,103.811,1,2,0,0.4
0.885,0.255,11.6228,6.51677,-1.66226,110.776,1,2,0,0.4
0.885,0.265,12.1283,6.28407,-1.61436,116.762,1,2,0,0.4
0.885,0.275,12.5487,6.07981,-1.55568,121.556,1,2,0,0.4
0.885,0.285,12.8814,5.90144,-1.48769,125.133,1,2,0,0.4
0.885,0.295,13.1333,5.74443,-1.41217,127.608,1,2,0,0.4
0.885,0.305,13.3163,5.60365,-1.33077,129.169,1,2,0,0.4
0.885,0.315,13.4428,5.47426,-1.2448,130.018,1,2,0,0.4
0.885,0.325,13.5236,5.35223,-1.15519,130.329,1,2,0,0.4
0.885,0.335,13.5663,5.23437,-1.06247,130.238,1,2,0,0.4
0.885,0.345,13.5751,5.11821,-0.966859,129.838,1,2,0,0.4
0.885,0.355,13.5517,5.00193,-0.868396,129.186,1,2,0,0.4
0.885,0.365,13.4955,4.88447,-0.766856,128.322,1,2,0,0.4
0.885,0.375,13.4045,4.76516,-0.661743,127.271,1,2,0,0.4
0.885,0.385,13.2752,4.64333,-0.552335,126.048,1,2,0,0.4
0.885,0.395,13.1035,4.51804,-0.437712,124.667,1,2,0,0.4
0.885,0.405,12.8844,4.38783,-0.316679,123.148,1,2,0,0.4
0.885,0.415,12.6108,4.24996,-0.187491,121.526,1,2,0,0.4
0.885,0.425,12.2642,4.09791,-0.0473371,119.853,1,2,0,0.4
0.885,0.435,11.8176,3.93131,0.105282,117.997,1,2,0,0.4
0.885,0.445,11.2848,3.74996,0.269616,116.05,1,2,0,0.4
0.885,0.455,10.6721,3.55094,0.444365,114.087,1,2,0,0.4
0.885,0.465,9.99377,3.32988,0.628089,112.207,1,2,0,0.4
0.885,0.475,9.27185,3.0837,0.819411,110.468,1,2,0,0.4
0.885,0.485,8.5384,2.81123,1.01629,108.89,1,2,0,0.4
0.885,0.495,7.83713,2.51582,1.21613,107.486,1,2,0,0.4
0.885,0.505,7.20335,2.19843,1.41549,106.171,1,2,0,0.4
0.885,0.515,6.66917,1.86709,1.60862,104.912,1,2,0,0.4
0.885,0.525,6.25043,1.5348,1.79054,103.676,1,2,0,0.4
0.885,0.535,5.94459,1.21572,1.95794,102.423,1,2,0,0.4
0.885,0.545,5.73703,0.922035,2.10902,101.132,1,2,0,0.4
0.885,0.555,5.60917,0.661916,2.24268,99.8225,1,2,0,0.4
0.885,0.565,5.54454,0.438614,2.3573,98.575,1,2,0,0.4
0.885,0.575,5.53242,0.250398,2.44937,97.5506,1,2,0,0.4
0.885,0.585,5.56911,0.0908766,2.51252,96.9999,1,2,0,0.4
0.885,0.595,5.65723,-0.0502818,2.53787,97.2363,1,2,0,0.4
0.885,0.605,5.80155,-0.186013,2.52083,98.5305,1,2,0,0.4
0.885,0.615,5.99635,-0.33192,2.46323,100.938,1,2,0,0.4
0.885,0.625,6.21579,-0.509229,2.37845,104.158,1,2,0,0.4
0.885,0.635,6.41691,-0.753478,2.28428,107.713,1,2,0,0.4
0.885,0.645,6.55074,-1.1261,2.19488,111.237,1,2,0,0.4
0.885,0.655,6.58103,-1.72133,2.12005,114.619,1,2,0,0.4
0.885,0.665,6.5268,-2.66269,2.07023,118.007,1,2,0,0.4
0.885,0.675,6.52134,-4.07397,2.06153,121.785,1,2,0,0.4
0.885,0.685,6.84281,-5.98583,2.11833,126.591,1,2,0,0.4
0.885,0.695,7.94433,-8.1941,2.26965,133.664,1,2,0,0.4
0.885,0.705,10.5059,-10.3052,2.526,144.061,1,2,0,0.4
0.885,0.715,15.6285,-11.9839,2.83721,158.409,1,2,0,0.4
0.885,0.725,25.0379,-13.1463,3.10836,175.937,1,2,0,0.4
0.885,0.735,40.9125,-13.8873,3.26639,192.642,1,2,0,0.4
0.885,0.745,64.6233,-14.342,3.29238,199.655,1,2,0,0.4
0.885,0.755,94.781,-14.6168,3.19759,188.09,1,2,0,0.4
0.885,0.765,126.465,-14.7808,3.01995,157.216,1,2,0,0.4
0.885,0.775,154.407,-14.8757,2.81828,118.683,1,2,0,0.4
0.885,0.785,177.929,-14.9274,2.65494,88.0921,1,2,0,0.4
0.885,0.795,201.184,-14.954,2.56483,72.4233,1,2,0,0.4
0.885,0.805,228.521,-14.9677,2.54036,68.9362,1,2,0,0.4
0.885,0.815,261.46,-14.9754,2.55377,72.3876,1,2,0,0.4
0.885,0.825,299.381,-14.9806,2.58302,79.2528,1,2,0,0.4
0.885,0.835,341.075,-14.9843,2.6171,87.8153,1,2,0,0.4
0.885,0.845,385.45,-14.9873,2.65166,97.3136,1,2,0,0.4
0.885,0.855,431.611,-14.9897,2.68515,107.386,1,2,0,0.4
0.885,0.865,478.781,-14.9916,2.71702,117.819,1,2,0,0.4
0.885,0.875,526.235,-14.9932,2.74709,128.451,1,2,0,0.4
0.885,0.885,573.276,-14.9945,2.77529,139.137,1,2,0,0.4
0.885,0.895,619.25,-14.9956,2.80157,149.74,1,2,0,0.4
0.885,0.905,663.553,-14.9965,2.82595,160.131,1,2,0,0.4
0.885,0.915,705.658,-14.9972,2.84841,170.189,1,2,0,0.4
0.885,0.925,745.128,-14.9978,2.86898,179.804,1,2,0,0.4
0.885,0.935,781.625,-14.9983,2.88768,188.883,1,2,0,0.4
0.885,0.945,814.915,-14.9987,2.90455,197.349,1,2,0,0.4
0.885,0.955,844.868,-14.999,2.91964,205.141,1,2,0,0.4
0.885,0.965,871.454,-14.9993,2.93302,212.219,1,2,0,0.4
0.885,0.975,894.728,-14.9995,2.94476,218.561,1,2,0,0.4
0.885,0.985,914.821,-14.9996,2.95495,224.164,1,2,0,0.4
0.885,0.995,931.927,-14.9997,2.96369,229.043,1,2,0,0.4
0.895,0.005,7.45815,9.76828,-3.72317,68.12,1,2,0,0.4
0.895,0.015,7.40672,9.73345,-3.59939,67.0965,1,2,0,0.4
0.895,0.025,7.35937,9.69672,-3.47525,66.1254,1,2,0,0.4
0.895,0.035,7.31485,9.65789,-3.35182,65.1904,1,2,0,0.4
0.895,0.045,7.27385,9.61656,-3.22939,64.2997,1,2,0,0.4
0.895,0.055,7.23755,9.5722,-3.10823,63.4671,1,2,0,0.4
0.895,0.065,7.20747,9.52409,-2.98869,62.7108,1,2,0,0.4
0.895,0.075,7.18567,9.47131,-2.87127,62.0549,1,2,0,0.4
0.895,0.085,7.17484,9.4126,-2.75659,61.5314,1,2,0,0.4
0.895,0.095,7.17855,9.34635,-2.64547,61.183,1,2,0,0.4
0.895,0.105,7.20142,9.27043,-2.53897,61.0658,1,2,0,0.4
0.895,0.115,7.24938,9.18217,-2.43837,61.2529,1,2,0,0.4
0.895,0.125,7.32978,9.07826,-2.34518,61.8374,1,2,0,0.4
0.895,0.135,7.45143,8.95491,-2.26103,62.9345,1,2,0,0.4
0.895,0.145,7.62424,8.80809,-2.18742,64.6782,1,2,0,0.4
0.895,0.155,7.85839,8.63419,-2.12545,67.2134,1,2,0,0.4
0.895,0.165,8.16282,8.43097,-2.07529,70.6751,1,2,0,0.4
0.895,0.175,8.54296,8.19868,-2.03587,75.1564,1,2,0,0.4
0.895,0.185,8.99807,7.94098,-2.00468,80.6676,1,2,0,0.4
0.895,0.195,9.51885,7.66518,-1.97802,87.0966,1,2,0,0.4
0.895,0.205,10.0865,7.38137,-1.95163,94.1887,1,2,0,0.4
0.895,0.215,10.6739,7.10074,-1.9215,101.563,1,2,0,0.4
0.895,0.225,11.2498,6.83354,-1.8845,108.772,1,2,0,0.4
0.895,0.235,11.7845,6.58735,-1.83883,115.382,1,2,0,0.4
0.895,0.245,12.255,6.36624,-1.78393,121.063,1,2,0,0.4
0.895,0.255,12.6485,6.17075,-1.72025,125.636,1,2,0,0.4
0.895,0.265,12.9625,5.9987,-1.64885,129.075,1,2,0,0.4
0.895,0.275,13.2024,5.84628,-1.57106,131.476,1,2,0,0.4
0.895,0.285,13.3779,5.70905,-1.48817,133,1,2,0,0.4
0.895,0.295,13.4999,5.5828,-1.40124,133.826,1,2,0,0.4
0.895,0.305,13.5779,5.46395,-1.31104,134.116,1,2,0,0.4
0.895,0.315,13.619,5.34971,-1.21805,133.999,1,2,0,0.4
0.895,0.325,13.6275,5.23801,-1.12242,133.566,1,2,0,0.4
0.895,0.335,13.6055,5.12734,-1.02411,132.878,1,2,0,0.4
0.895,0.345,13.5528,5.0165,-0.922901,131.969,1,2,0,0.4
0.895,0.355,13.4679,4.90451,-0.818512,130.859,1,2,0,0.4
0.895,0.365,13.3486,4.79068,-0.710519,129.567,1,2,0,0.4
0.895,0.375,13.192,4.67442,-0.598317,128.106,1,2,0,0.4
0.895,0.385,12.9948,4.5549,-0.481115,126.497,1,2,0,0.4
0.895,0.395,12.7535,4.43083,-0.357893,124.764,1,2,0,0.4
0.895,0.405,12.4629,4.29994,-0.227228,122.945,1,2,0,0.4
0.895,0.415,12.1107,4.15731,-0.0867794,121.099,1,2,0,0.4
0.895,0.425,11.6721,4.00012,0.0651161,119.156,1,2,0,0.4
0.895,0.435,11.1575,3.83056,0.228133,117.127,1,2,0,0.4
0.895,0.445,10.5779,3.64541,0.401064,115.124,1,2,0,0.4
0.895,0.455,9.94486,3.44152,0.582794,113.213,1,2,0,0.4
0.895,0.465,9.27636,3.21569,0.772149,111.453,1,2,0,0.4
0.895,0.475,8.59689,2.96643,0.967431,109.868,1,2,0,0.4
0.895,0.485,7.93786,2.69397,1.166,108.464,1,2,0,0.4
0.895,0.495,7.33424,2.40229,1.36458,107.235,1,2,0,0.4
0.895,0.505,6.81159,2.09518,1.55941,106.104,1,2,0,0.4
0.895,0.515,6.38705,1.78125,1.74561,105.02,1,2,0,0.4
0.895,0.525,6.0644,1.47233,1.91924,103.936,1,2,0,0.4
0.895,0.535,5.83538,1.18039,2.07807,102.809,1,2,0,0.4
0.895,0.545,5.68527,0.915087,2.22109,101.62,1,2,0,0.4
0.895,0.555,5.59852,0.682249,2.34755,100.401,1,2,0,0.4
0.895,0.565,5.563,0.48339,2.45557,99.2527,1,2,0,0.4
0.895,0.575,5.57272,0.315765,2.54069,98.366,1,2,0,0.4
0.895,0.585,5.62908,0.172561,2.59503,98.0374,1,2,0,0.4
0.895,0.595,5.7387,0.0432949,2.60845,98.6271,1,2,0,0.4
0.895,0.605,5.90644,-0.0846754,2.57559,100.398,1,2,0,0.4
0.895,0.615,6.12441,-0.22495,2.5031,103.305,1,2,0,0.4
0.895,0.625,6.36309,-0.396124,2.40767,106.948,1,2,0,0.4
0.895,0.635,6.57674,-0.632068,2.30832,110.796,1,2,0,0.4
0.895,0.645,6.71524,-0.993848,2.21806,114.502,1,2,0,0.4
0.895,0.655,6.74198,-1.57609,2.14495,118.005,1,2,0,0.4
0.895,0.665,6.67726,-2.50287,2.09787,121.485,1,2,0,0.4
0.895,0.675,6.65621,-3.8997,2.09161,125.343,1,2,0,0.4
0.895,0.685,6.95709,-5.80717,2.14968,130.235,1,2,0,0.4
0.895,0.695,8.03625,-8.03449,2.30131,137.438,1,2,0,0.4
0.895,0.705,10.5817,-10.1877,2.55761,147.945,1,2,0,0.4
0.895,0.715,15.7017,-11.9126,2.86623,162.207,1,2,0,0.4
0.895,0.725,25.1216,-13.1096,3.13084,179.308,1,2,0,0.4
0.895,0.735,41.0107,-13.8705,3.28097,195.288,1,2,0,0.4
0.895,0.745,64.7271,-14.3349,3.3007,201.461,1,2,0,0.4
0.895,0.755,94.8754,-14.6141,3.20195,189.153,1,2,0,0.4
0.895,0.765,126.538,-14.7798,3.02206,157.746,1,2,0,0.4
0.895,0.775,154.455,-14.8753,2.8192,118.902,1,2,0,0.4
0.895,0.785,177.954,-14.9273,2.65528,88.1656,1,2,0,0.4
0.895,0.795,201.195,-14.954,2.56493,72.4436,1,2,0,0.4
0.895,0.805,228.525,-14.9677,2.54038,68.9411,1,2,0,0.4
0.895,0.815,261.461,-14.9754,2.55378,72.3887,1,2,0,0.4
0.895,0.825,299.381,-14.9806,2.58302,79.253,1,2,0,0.4
0.895,0.835,341.075,-14.9843,2.6171,87.8153,1,2,0,0.4
0.895,0.845,385.45,-14.9873,2.65166,97.3136,1,2,0,0.4
0.895,0.855,431.611,-14.9897,2.68515,107.386,1,2,0,0.4
0.895,0.865,478.781,-14.9916,2.71702,117.819,1,2,0,0.4
0.895,0.875,526.235,-14.9932,2.74709,128.451,1,2,0,0.4
0.895,0.885,573.276,-14.9945,2.77529,139.137,1,2,0,0.4
0.895,0.895,619.25,-14.9956,2.80157,149.74,1,2,0,0.4
0.895,0.905,663.553,-14.9965,2.82595,160.131,1,2,0,0.4
0.895,0.915,705.658,-14.9972,2.84841,170.189,1,2,0,0.4
0.895,0.925,745.128,-14.9978,2.86898,179.804,1,2,0,0.4
0.895,0.935,781.625,-14.9983,2.88768,188.883,1,2,0,0.4
0.895,0.945,814.915,-14.9987,2.90455,197.349,1,2,0,0.4
0.895,0.955,844.868,-14.999,2.91964,205.141,1,2,0,0.4
0.895,0.965,871.454,-14.9993,2.93302,212.219,1,2,0,0.4
0.895,0.975,894.728,-14.9995,2.94476,218.561,1,2,0,0.4
0.895,0.985,914.821,-14.9996,2.95495,224.164,1,2,0,0.4
0.895,0.995,931.927,-14.9997,2.96369,229.043,1,2,0,0.4
0.905,0.005,7.44138,9.79334,-3.71512,67.9084,1,2,0,0.4
0.905,0.015,7.40353,9.75183,-3.59366,67.0664,1,2,0,0.4
0.905,0.025,7.37309,9.70684,-3.47241,66.3172,1,2,0,0.4
0.905,0.035,7.34948,9.65779,-3.35265,65.6532,1,2,0,0.4
0.905,0.045,7.33453,9.60378,-3.23485,65.0963,1,2,0,0.4
0.905,0.055,7.33069,9.54364,-3.11952,64.6772,1,2,0,0.4
0.905,0.065,7.34111,9.4759,-3.00731,64.4351,1,2,0,0.4
0.905,0.075,7.36973,9.39874,-2.89903,64.4199,1,2,0,0.4
0.905,0.085,7.42145,9.30989,-2.79564,64.6948,1,2,0,0.4
0.905,0.095,7.5022,9.20673,-2.69825,65.3379,1,2,0,0.4
0.905,0.105,7.61891,9.08627,-2.60801,66.4431,1,2,0,0.4
0.905,0.115,7.77927,8.94545,-2.52604,68.118,1,2,0,0.4
0.905,0.125,7.99123,8.78156,-2.45317,70.4777,1,2,0,0.4
0.905,0.135,8.26196,8.59278,-2.3897,73.6317,1,2,0,0.4
0.905,0.145,8.59643,8.37901,-2.33517,77.663,1,2,0,0.4
0.905,0.155,8.99567,8.14246,-2.28818,82.6002,1,2,0,0.4
0.905,0.165,9.4549,7.888,-2.24643,88.3886,1,2,0,0.4
0.905,0.175,9.96243,7.62286,-2.20704,94.8684,1,2,0,0.4
0.905,0.185,10.4996,7.35573,-2.16693,101.773,1,2,0,0.4
0.905,0.195,11.0427,7.09543,-2.12336,108.755,1,2,0,0.4
0.905,0.205,11.5663,6.84953,-2.07427,115.437,1,2,0,0.4
0.905,0.215,12.0473,6.62336,-2.01848,121.477,1,2,0,0.4
0.905,0.225,12.4685,6.41949,-1.95562,126.625,1,2,0,0.4
0.905,0.235,12.8209,6.23794,-1.88601,130.751,1,2,0,0.4
0.905,0.245,13.1031,6.07668,-1.81038,133.85,1,2,0,0.4
0.905,0.255,13.3196,5.9325,-1.72964,136.005,1,2,0,0.4
0.905,0.265,13.4785,5.80169,-1.64472,137.356,1,2,0,0.4
0.905,0.275,13.5887,5.6807,-1.55639,138.056,1,2,0,0.4
0.905,0.285,13.6581,5.56648,-1.46525,138.245,1,2,0,0.4
0.905,0.295,13.6929,5.45661,-1.37166,138.038,1,2,0,0.4
0.905,0.305,13.697,5.34933,-1.27577,137.521,1,2,0,0.4
0.905,0.315,13.6725,5.24339,-1.17751,136.75,1,2,0,0.4
0.905,0.325,13.6193,5.13791,-1.07668,135.762,1,2,0,0.4
0.905,0.335,13.5366,5.0322,-0.972963,134.576,1,2,0,0.4
0.905,0.345,13.4225,4.92559,-0.865953,133.207,1,2,0,0.4
0.905,0.355,13.2747,4.81735,-0.755228,131.665,1,2,0,0.4
0.905,0.365,13.0911,4.70672,-0.64029,129.966,1,2,0,0.4
0.905,0.375,12.8693,4.59283,-0.520496,128.135,1,2,0,0.4
0.905,0.385,12.607,4.47442,-0.39499,126.203,1,2,0,0.4
0.905,0.395,12.3007,4.34953,-0.262573,124.21,1,2,0,0.4
0.905,0.405,11.9421,4.21443,-0.121292,122.214,1,2,0,0.4
0.905,0.415,11.5093,4.06477,0.0305802,120.192,1,2,0,0.4
0.905,0.425,11.009,3.90435,0.193057,118.099,1,2,0,0.4
0.905,0.435,10.4555,3.72999,0.36505,116.058,1,2,0,0.4
0.905,0.445,9.85901,3.53958,0.545649,114.116,1,2,0,0.4
0.905,0.455,9.2353,3.33023,0.733842,112.332,1,2,0,0.4
0.905,0.465,8.60382,3.10029,0.928179,110.73,1,2,0,0.4
0.905,0.475,7.9891,2.84942,1.12631,109.323,1,2,0,0.4
0.905,0.485,7.41797,2.57917,1.32498,108.108,1,2,0,0.4
0.905,0.495,6.91545,2.29423,1.52042,107.063,1,2,0,0.4
0.905,0.505,6.49687,2.00011,1.70888,106.116,1,2,0,0.4
0.905,0.515,6.16859,1.70544,1.88644,105.205,1,2,0,0.4
0.905,0.525,5.92713,1.42061,2.05044,104.272,1,2,0,0.4
0.905,0.535,5.76184,1.15537,2.19978,103.27,1,2,0,0.4
0.905,0.545,5.65913,0.917025,2.3342,102.187,1,2,0,0.4
0.905,0.555,5.60648,0.709445,2.45315,101.063,1,2,0,0.4
0.905,0.565,5.59554,0.532785,2.5543,100.021,1,2,0,0.4
0.905,0.575,5.62444,0.383571,2.63206,99.2863,1,2,0,0.4
0.905,0.585,5.69895,0.254733,2.67697,99.2039,1,2,0,0.4
0.905,0.595,5.8301,0.135874,2.67784,100.181,1,2,0,0.4
0.905,0.605,6.02327,0.0149447,2.62938,102.469,1,2,0,0.4
0.905,0.615,6.26551,-0.120081,2.54222,105.906,1,2,0,0.4
0.905,0.625,6.52253,-0.285416,2.43724,109.963,1,2,0,0.4
0.905,0.635,6.74681,-0.513532,2.33379,114.08,1,2,0,0.4
0.905,0.645,6.88819,-0.865277,2.2433,117.95,1,2,0,0.4
0.905,0.655,6.91047,-1.43542,2.17212,121.561,1,2,0,0.4
0.905,0.665,6.83549,-2.34794,2.12772,125.125,1,2,0,0.4
0.905,0.675,6.7995,-3.72964,2.12366,129.059,1,2,0,0.4
0.905,0.685,7.08023,-5.63104,2.18281,134.039,1,2,0,0.4
0.905,0.695,8.13746,-7.87607,2.33487,141.369,1,2,0,0.4
0.905,0.705,10.6677,-10.0712,2.591,151.958,1,2,0,0.4
0.905,0.715,15.7851,-11.8429,2.89614,166.048,1,2,0,0.4
0.905,0.725,25.2128,-13.0746,3.15301,182.59,1,2,0,0.4
0.905,0.735,41.1101,-13.8552,3.29457,197.736,1,2,0,0.4
0.905,0.745,64.8239,-14.3288,3.308,203.039,1,2,0,0.4
0.905,0.755,94.9568,-14.6118,3.20554,190.027,1,2,0,0.4
0.905,0.765,126.597,-14.779,3.0237,158.158,1,2,0,0.4
0.905,0.775,154.49,-14.8751,2.81987,119.063,1,2,0,0.4
0.905,0.785,177.972,-14.9273,2.65552,88.217,1,2,0,0.4
0.905,0.795,201.202,-14.954,2.565,72.4572,1,2,0,0.4
0.905,0.805,228.528,-14.9677,2.5404,68.9443,1,2,0,0.4
0.905,0.815,261.462,-14.9754,2.55378,72.3894,1,2,0,0.4
0.905,0.825,299.381,-14.9806,2.58302,79.2532,1,2,0,0.4
0.905,0.835,341.075,-14.9843,2.6171,87.8154,1,2,0,0.4
0.905,0.845,385.45,-14.9873,2.65166,97.3136,1,2,0,0.4
0.905,0.855,431.611,-14.9897,2.68515,107.386,1,2,0,0.4
0.905,0.865,478.781,-14.9916,2.71702,117.819,1,2,0,0.4
0.905,0.875,526.235,-14.9932,2.74709,128.451,1,2,0,0.4
0.905,0.885,573.276,-14.9945,2.77529,139.137,1,2,0,0.4
0.905,0.895,619.25,-14.9956,2.80157,149.74,1,2,0,0.4
0.905,0.905,663.553,-14.9965,2.82595,160.131,1,2,0,0.4
0.905,0.915,705.658,-14.9972,2.84841,170.189,1,2,0,0.4
0.905,0.925,745.128,-14.9978,2.86898,179.804,1,2,0,0.4
0.905,0.935,781.625,-14.9983,2.88768,188.883,1,2,0,0.4
0.905,0.945,814.915,-14.9987,2.90455,197.349,1,2,0,0.4
0.905,0.955,844.868,-14.999,2.91964,205.141,1,2,0,0.4
0.905,0.965,871.454,-14.9993,2.93302,212.219,1,2,0,0.4
0.905,0.975,894.728,-14.9995,2.94476,218.561,1,2,0,0.4
0.905,0.985,914.821,-14.9996,2.95495,224.164,1,2,0,0.4
0.905,0.995,931.927,-14.9997,2.96369,229.043,1,2,0,0.4
0.915,0.005,7.58245,9.73936,-3.71957,69.7812,1,2,0,0.4
0.915,0.015,7.57638,9.6821,-3.6031,69.3583,1,2,0,0.4
0.915,0.025,7.58458,9.61804,-3.48792,69.1191,1,2,0,0.4
0.915,0.035,7.60769,9.54597,-3.37557,69.0727,1,2,0,0.4
0.915,0.045,7.64916,9.46429,-3.26666,69.2653,1,2,0,0.4
0.915,0.055,7.71312,9.37116,-3.16189,69.7527,1,2,0,0.4
0.915,0.065,7.80432,9.26453,-3.06202,70.601,1,2,0,0.4
0.915,0.075,7.92812,9.14223,-2.96785,71.8862,1,2,0,0.4
0.915,0.085,8.09028,9.00218,-2.88007,73.6922,1,2,0,0.4
0.915,0.095,8.2965,8.84264,-2.79922,76.1047,1,2,0,0.4
0.915,0.105,8.55178,8.66266,-2.72549,79.2021,1,2,0,0.4
0.915,0.115,8.85949,8.46248,-2.65859,83.0412,1,2,0,0.4
0.915,0.125,9.22021,8.2439,-2.59771,87.6393,1,2,0,0.4
0.915,0.135,9.63062,8.01048,-2.54144,92.9549,1,2,0,0.4
0.915,0.145,10.0826,7.76744,-2.48798,98.8734,1,2,0,0.4
0.915,0.155,10.5632,7.52112,-2.43528,105.202,1,2,0,0.4
0.915,0.165,11.0552,7.27825,-2.38134,111.684,1,2,0,0.4
0.915,0.175,11.5391,7.04508,-2.32448,118.021,1,2,0,0.4
0.915,0.185,11.9957,6.82654,-2.26345,123.923,1,2,0,0.4
0.915,0.195,12.4089,6.6258,-2.19757,129.145,1,2,0,0.4
0.915,0.205,12.7675,6.44408,-2.12663,133.523,1,2,0,0.4
0.915,0.215,13.0661,6.28083,-2.05084,136.985,1,2,0,0.4
0.915,0.225,13.3048,6.13418,-1.97065,139.548,1,2,0,0.4
0.915,0.235,13.4878,6.00147,-1.88664,141.292,1,2,0,0.4
0.915,0.245,13.6214,5.87972,-1.79939,142.332,1,2,0,0.4
0.915,0.255,13.7127,5.76612,-1.70943,142.795,1,2,0,0.4
0.915,0.265,13.7678,5.65819,-1.61713,142.797,1,2,0,0.4
0.915,0.275,13.7916,5.55396,-1.52274,142.434,1,2,0,0.4
0.915,0.285,13.7872,5.45198,-1.42634,141.777,1,2,0,0.4
0.915,0.295,13.7563,5.35119,-1.32789,140.878,1,2,0,0.4
0.915,0.305,13.6991,5.25091,-1.2272,139.768,1,2,0,0.4
0.915,0.315,13.6147,5.15064,-1.12399,138.469,1,2,0,0.4
0.915,0.325,13.5018,5.04997,-1.01791,136.994,1,2,0,0.4
0.915,0.335,13.3585,4.94842,-0.908524,135.355,1,2,0,0.4
0.915,0.345,13.1832,4.84539,-0.795384,133.564,1,2,0,0.4
0.915,0.355,12.9742,4.74003,-0.677998,131.64,1,2,0,0.4
0.915,0.365,12.73,4.63131,-0.555806,129.609,1,2,0,0.4
0.915,0.375,12.449,4.51795,-0.428082,127.503,1,2,0,0.4
0.915,0.385,12.1291,4.39814,-0.293794,125.365,1,2,0,0.4
0.915,0.395,11.7642,4.2689,-0.151291,123.247,1,2,0,0.4
0.915,0.405,11.3363,4.12571,0.00115722,121.155,1,2,0,0.4
0.915,0.415,10.8475,3.97222,0.163796,119.008,1,2,0,0.4
0.915,0.425,10.3151,3.8064,0.335644,116.929,1,2,0,0.4
0.915,0.435,9.74808,3.62668,0.515916,114.952,1,2,0,0.4
0.915,0.445,9.16116,3.4305,0.703707,113.135,1,2,0,0.4
0.915,0.455,8.57078,3.21644,0.89775,111.503,1,2,0,0.4
0.915,0.465,7.99655,2.98386,1.09594,110.075,1,2,0,0.4
0.915,0.475,7.45997,2.73355,1.29522,108.856,1,2,0,0.4
0.915,0.485,6.98123,2.4682,1.49183,107.834,1,2,0,0.4
0.915,0.495,6.57588,2.19305,1.68183,106.978,1,2,0,0.4
0.915,0.505,6.25077,1.91442,1.86183,106.215,1,2,0,0.4
0.915,0.515,6.00515,1.64044,2.02909,105.476,1,2,0,0.4
0.915,0.525,5.8317,1.37987,2.18231,104.694,1,2,0,0.4
0.915,0.535,5.7192,1.14037,2.32147,103.819,1,2,0,0.4
0.915,0.545,5.6557,0.927201,2.44697,102.842,1,2,0,0.4
0.915,0.555,5.63146,0.742651,2.55829,101.818,1,2,0,0.4
0.915,0.565,5.64144,0.585892,2.65242,100.889,1,2,0,0.4
0.915,0.575,5.68754,0.45297,2.72242,100.321,1,2,0,0.4
0.915,0.585,5.77967,0.336624,2.75694,100.515,1,2,0,0.4
0.915,0.595,5.93223,0.226601,2.74369,101.919,1,2,0,0.4
0.915,0.605,6.15104,0.111798,2.67964,104.753,1,2,0,0.4
0.915,0.615,6.41747,-0.0181237,2.57849,108.731,1,2,0,0.4
0.915,0.625,6.69185,-0.177696,2.46549,113.186,1,2,0,0.4
0.915,0.635,6.9253,-0.398352,2.35948,117.548,1,2,0,0.4
0.915,0.645,7.06838,-0.740826,2.26976,121.565,1,2,0,0.4
0.915,0.655,7.08589,-1.29969,2.201,125.278,1,2,0,0.4
0.915,0.665,7.00134,-2.19822,2.1594,128.923,1,2,0,0.4
0.915,0.675,6.95118,-3.56413,2.15741,132.933,1,2,0,0.4
0.915,0.685,7.21214,-5.45801,2.21757,138.005,1,2,0,0.4
0.915,0.695,8.24791,-7.7196,2.37027,145.457,1,2,0,0.4
0.915,0.705,10.7635,-9.95656,2.62602,156.088,1,2,0,0.4
0.915,0.715,15.8776,-11.7757,2.92657,169.892,1,2,0,0.4
0.915,0.725,25.3089,-13.0421,3.17446,185.727,1,2,0,0.4
0.915,0.735,41.2069,-13.8416,3.30695,199.945,1,2,0,0.4
0.915,0.745,64.9109,-14.3236,3.31423,204.375,1,2,0,0.4
0.915,0.755,95.0244,-14.61,3.20841,190.721,1,2,0,0.4
0.915,0.765,126.642,-14.7784,3.02493,158.465,1,2,0,0.4
0.915,0.775,154.516,-14.8749,2.82035,119.176,1,2,0,0.4
0.915,0.785,177.984,-14.9272,2.65568,88.2513,1,2,0,0.4
0.915,0.795,201.207,-14.954,2.56504,72.4659,1,2,0,0.4
0.915,0.805,228.529,-14.9677,2.54041,68.9462,1,2,0,0.4
0.915,0.815,261.462,-14.9754,2.55378,72.3897,1,2,0,0.4
0.915,0.825,299.382,-14.9806,2.58302,79.2532,1,2,0,0.4
0.915,0.835,341.075,-14.9843,2.6171,87.8154,1,2,0,0.4
0.915,0.845,385.45,-14.9873,2.65166,97.3136,1,2,0,0.4
0.915,0.855,431.611,-14.9897,2.68515,107.386,1,2,0,0.4
0.915,0.865,478.781,-14.9916,2.71702,117.819,1,2,0,0.4
0.915,0.875,526.235,-14.9932,2.74709,128.451,1,2,0,0.4
0.915,0.885,573.276,-14.9945,2.77529,139.137,1,2,0,0.4
0.915,0.895,619.25,-14.9956,2.80157,149.74,1,2,0,0.4
0.915,0.905,663.553,-14.9965,2.82595,160.131,1,2,0,0.4
0.915,0.915,705.658,-14.9972,2.84841,170.189,1,2,0,0.4
0.915,0.925,745.128,-14.9978,2.86898,179.804,1,2,0,0.4
0.915,0.935,781.625,-14.9983,2.88768,188.883,1,2,0,0.4
0.915,0.945,814.915,-14.9987,2.90455,197.349,1,2,0,0.4
0.915,0.955,844.868,-14.999,2.91964,205.141,1,2,0,0.4
0.915,0.965,871.454,-14.9993,2.93302,212.219,1,2,0,0.4
0.915,0.975,894.728,-14.9995,2.94476,218.561,1,2,0,0.4
0.915,0.985,914.821,-14.9996,2.95495,224.164,1,2,0,0.4
0.915,0.995,931.927,-14.9997,2.96369,229.043,1,2,0,0.4
0.925,0.005,8.10626,9.49477,-3.74576,77.0868,1,2,0,0.4
0.925,0.015,8.16178,9.40804,-3.6376,77.5281,1,2,0,0.4
0.925,0.025,8.24069,9.31023,-3.53243,78.2924,1,2,0,0.4
0.925,0.035,8.34603,9.19981,-3.43106,79.4251,1,2,0,0.4
0.925,0.045,8.48138,9.07547,-3.33403,80.9799,1,2,0,0.4
0.925,0.055,8.65053,8.93612,-3.24177,83.0143,1,2,0,0.4
0.925,0.065,8.85697,8.78106,-3.15453,85.5826,1,2,0,0.4
0.925,0.075,9.10342,8.6102,-3.07238,88.729,1,2,0,0.4
0.925,0.085,9.39127,8.42429,-2.99511,92.4775,1,2,0,0.4
0.925,0.095,9.71988,8.22506,-2.92219,96.8217,1,2,0,0.4
0.925,0.105,10.086,8.0153,-2.85282,101.714,1,2,0,0.4
0.925,0.115,10.4831,7.79877,-2.78593,107.058,1,2,0,0.4
0.925,0.125,10.9019,7.57989,-2.72027,112.706,1,2,0,0.4
0.925,0.135,11.3299,7.36337,-2.6546,118.467,1,2,0,0.4
0.925,0.145,11.7533,7.15369,-2.58775,124.124,1,2,0,0.4
0.925,0.155,12.158,6.95461,-2.51877,129.455,1,2,0,0.4
0.925,0.165,12.531,6.76886,-2.44698,134.264,1,2,0,0.4
0.925,0.175,12.8627,6.59792,-2.37198,138.401,1,2,0,0.4
0.925,0.185,13.1469,6.44199,-2.29367,141.781,1,2,0,0.4
0.925,0.195,13.3814,6.30024,-2.21213,144.381,1,2,0,0.4
0.925,0.205,13.5674,6.17102,-2.12761,146.235,1,2,0,0.4
0.925,0.215,13.7084,6.05227,-2.04041,147.417,1,2,0,0.4
0.925,0.225,13.8094,5.94176,-1.95086,148.019,1,2,0,0.4
0.925,0.235,13.8753,5.83737,-1.85923,148.139,1,2,0,0.4
0.925,0.245,13.9107,5.73728,-1.76573,147.866,1,2,0,0.4
0.925,0.255,13.9188,5.63998,-1.67048,147.273,1,2,0,0.4
0.925,0.265,13.9019,5.54435,-1.5735,146.418,1,2,0,0.4
0.925,0.275,13.8611,5.44958,-1.47472,145.34,1,2,0,0.4
0.925,0.285,13.7963,5.3551,-1.37397,144.067,1,2,0,0.4
0.925,0.295,13.7068,5.26053,-1.27104,142.617,1,2,0,0.4
0.925,0.305,13.5915,5.16556,-1.16561,141.002,1,2,0,0.4
0.925,0.315,13.4489,5.0699,-1.05733,139.235,1,2,0,0.4
0.925,0.325,13.2776,4.97316,-0.945796,137.329,1,2,0,0.4
0.925,0.335,13.0765,4.87476,-0.830544,135.3,1,2,0,0.4
0.925,0.345,12.8444,4.77394,-0.711068,133.169,1,2,0,0.4
0.925,0.355,12.5805,4.66965,-0.586798,130.963,1,2,0,0.4
0.925,0.365,12.2837,4.56056,-0.457052,128.714,1,2,0,0.4
0.925,0.375,11.9524,4.44499,-0.320903,126.459,1,2,0,0.4
0.925,0.385,11.5821,4.32043,-0.17692,124.243,1,2,0,0.4
0.925,0.395,11.1578,4.18271,-0.0234294,122.084,1,2,0,0.4
0.925,0.405,10.6788,4.03485,0.139938,119.89,1,2,0,0.4
0.925,0.415,10.1634,3.87604,0.3123,117.765,1,2,0,0.4
0.925,0.425,9.62051,3.705,0.492914,115.743,1,2,0,0.4
0.925,0.435,9.06389,3.51953,0.680946,113.882,1,2,0,0.4
0.925,0.445,8.50799,3.31844,0.875264,112.206,1,2,0,0.4
0.925,0.455,7.96927,3.10114,1.07395,110.738,1,2,0,0.4
0.925,0.465,7.46517,2.86798,1.27417,109.49,1,2,0,0.4
0.925,0.475,7.01229,2.62078,1.47226,108.463,1,2,0,0.4
0.925,0.485,6.62384,2.36312,1.66419,107.639,1,2,0,0.4
0.925,0.495,6.30757,2.10052,1.84623,106.975,1,2,0,0.4
0.925,0.505,6.06417,1.83935,2.01572,106.399,1,2,0,0.4
0.925,0.515,5.88865,1.58686,2.17124,105.832,1,2,0,0.4
0.925,0.525,5.77197,1.35013,2.31282,105.2,1,2,0,0.4
0.925,0.535,5.70327,1.1349,2.44146,104.454,1,2,0,0.4
0.925,0.545,5.67232,0.944784,2.55804,103.586,1,2,0,0.4
0.925,0.555,5.6718,0.780878,2.66189,102.662,1,2,0,0.4
0.925,0.565,5.69963,0.641724,2.74919,101.851,1,2,0,0.4
0.925,0.575,5.76125,0.523109,2.81141,101.463,1,2,0,0.4
0.925,0.585,5.87072,0.417655,2.83506,101.961,1,2,0,0.4
0.925,0.595,6.04545,0.315202,2.80682,103.835,1,2,0,0.4
0.925,0.605,6.28977,0.205615,2.72639,107.247,1,2,0,0.4
0.925,0.615,6.58019,0.0804992,2.61295,111.758,1,2,0,0.4
0.925,0.625,6.87025,-0.0733149,2.49308,116.596,1,2,0,0.4
0.925,0.635,7.11113,-0.286939,2.38568,121.181,1,2,0,0.4
0.925,0.645,7.25493,-0.620937,2.29747,125.335,1,2,0,0.4
0.925,0.655,7.26784,-1.1693,2.23146,129.148,1,2,0,0.4
0.925,0.665,7.1747,-2.05397,2.19263,132.876,1,2,0,0.4
0.925,0.675,7.11109,-3.40346,2.19255,136.965,1,2,0,0.4
0.925,0.685,7.35268,-5.28857,2.25378,142.135,1,2,0,0.4
0.925,0.695,8.36743,-7.56601,2.40741,149.699,1,2,0,0.4
0.925,0.705,10.8687,-9.84497,2.66243,160.307,1,2,0,0.4
0.925,0.715,15.9772,-11.7118,2.95701,173.682,1,2,0,0.4
0.925,0.725,25.4063,-13.0125,3.1947,188.658,1,2,0,0.4
0.925,0.735,41.2975,-13.8299,3.31786,201.877,1,2,0,0.4
0.925,0.745,64.9856,-14.3195,3.31932,205.463,1,2,0,0.4
0.925,0.755,95.0777,-14.6086,3.21059,191.247,1,2,0,0.4
0.925,0.765,126.675,-14.778,3.0258,158.682,1,2,0,0.4
0.925,0.775,154.533,-14.8748,2.82066,119.252,1,2,0,0.4
0.925,0.785,177.992,-14.9272,2.65578,88.2728,1,2,0,0.4
0.925,0.795,201.21,-14.954,2.56507,72.4711,1,2,0,0.4
0.925,0.805,228.53,-14.9677,2.54041,68.9473,1,2,0,0.4
0.925,0.815,261.462,-14.9754,2.55378,72.39,1,2,0,0.4
0.925,0.825,299.382,-14.9806,2.58302,79.2533,1,2,0,0.4
0.925,0.835,341.075,-14.9843,2.6171,87.8154,1,2,0,0.4
0.925,0.845,385.45,-14.9873,2.65166,97.3136,1,2,0,0.4
0.925,0.855,431.611,-14.9897,2.68515,107.386,1,2,0,0.4
0.925,0.865,478.781,-14.9916,2.71702,117.819,1,2,0,0.4
0.925,0.875,526.235,-14.9932,2.74709,128.451,1,2,0,0.4
0.925,0.885,573.276,-14.9945,2.77529,139.137,1,2,0,0.4
0.925,0.895,619.25,-14.9956,2.80157,149.74,1,2,0,0.4
0.925,0.905,663.553,-14.9965,2.82595,160.131,1,2,0,0.4
0.925,0.915,705.658,-14.9972,2.84841,170.189,1,2,0,0.4
0.925,0.925,745.128,-14.9978,2.86898,179.804,1,2,0,0.4
0.925,0.935,781.625,-14.9983,2.88768,188.883,1,2,0,0.4
0.925,0.945,814.915,-14.9987,2.90455,197.349,1,2,0,0.4
0.925,0.955,844.868,-14.999,2.91964,205.141,1,2,0,0.4
0.925,0.965,871.454,-14.9993,2.93302,212.219,1,2,0,0.4
0.925,0.975,894.728,-14.9995,2.94476,218.561,1,2,0,0.4
0.925,0.985,914.821,-14.9996,2.95495,224.164,1,2,0,0.4
0.925,0.995,931.927,-14.9997,2.96369,229.043,1,2,0,0.4
0.935,0.005,9.36417,8.91722,-3.78859,96.0427,1,2,0,0.4
0.935,0.015,9.49116,8.80267,-3.69068,97.5847,1,2,0,0.4
0.935,0.025,9.64947,8.67583,-3.59529,99.5903,1,2,0,0.4
0.935,0.035,9.83912,8.53694,-3.50304,102.06,1,2,0,0.4
0.935,0.045,10.0603,8.3865,-3.41409,104.999,1,2,0,0.4
0.935,0.055,10.3126,8.22555,-3.32834,108.397,1,2,0,0.4
0.935,0.065,10.5941,8.0557,-3.24553,112.223,1,2,0,0.4
0.935,0.075,10.9012,7.87907,-3.16521,116.423,1,2,0,0.4
0.935,0.085,11.2287,7.69825,-3.08681,120.908,1,2,0,0.4
0.935,0.095,11.5696,7.51614,-3.00968,125.567,1,2,0,0.4
0.935,0.105,11.9153,7.33576,-2.9331,130.26,1,2,0,0.4
0.935,0.115,12.2564,7.16,-2.85639,134.836,1,2,0,0.4
0.935,0.125,12.5833,6.99135,-2.77891,139.145,1,2,0,0.4
0.935,0.135,12.8874,6.83175,-2.70016,143.048,1,2,0,0.4
0.935,0.145,13.1614,6.68241,-2.61975,146.436,1,2,0,0.4
0.935,0.155,13.4004,6.54378,-2.53747,149.237,1,2,0,0.4
0.935,0.165,13.6017,6.41563,-2.45321,151.421,1,2,0,0.4
0.935,0.175,13.765,6.29713,-2.36697,152.996,1,2,0,0.4
0.935,0.185,13.8917,6.18704,-2.27884,154,1,2,0,0.4
0.935,0.195,13.9846,6.08391,-2.18894,154.492,1,2,0,0.4
0.935,0.205,14.047,5.98622,-2.09738,154.541,1,2,0,0.4
0.935,0.215,14.0819,5.89256,-2.00429,154.215,1,2,0,0.4
0.935,0.225,14.0923,5.80166,-1.90973,153.577,1,2,0,0.4
0.935,0.235,14.08,5.71252,-1.81373,152.677,1,2,0,0.4
0.935,0.245,14.0463,5.62432,-1.71623,151.556,1,2,0,0.4
0.935,0.255,13.9917,5.5365,-1.61716,150.242,1,2,0,0.4
0.935,0.265,13.9157,5.44862,-1.51634,148.756,1,2,0,0.4
0.935,0.275,13.8178,5.36041,-1.41359,147.111,1,2,0,0.4
0.935,0.285,13.6967,5.27161,-1.30865,145.32,1,2,0,0.4
0.935,0.295,13.5513,5.182,-1.20123,143.393,1,2,0,0.4
0.935,0.305,13.3804,5.09127,-1.09098,141.342,1,2,0,0.4
0.935,0.315,13.183,4.99904,-0.977525,139.182,1,2,0,0.4
0.935,0.325,12.9584,4.90478,-0.860406,136.933,1,2,0,0.4
0.935,0.335,12.7058,4.80778,-0.739112,134.617,1,2,0,0.4
0.935,0.345,12.4248,4.70708,-0.613044,132.26,1,2,0,0.4
0.935,0.355,12.1146,4.60148,-0.481495,129.889,1,2,0,0.4
0.935,0.365,11.7738,4.48944,-0.343566,127.536,1,2,0,0.4
0.935,0.375,11.3987,4.3688,-0.197965,125.235,1,2,0,0.4
0.935,0.385,10.9768,4.23584,-0.0431227,123.006,1,2,0,0.4
0.935,0.395,10.5059,4.093,0.121372,120.757,1,2,0,0.4
0.935,0.405,10.0044,3.94033,0.294697,118.572,1,2,0,0.4
0.935,0.415,9.48159,3.7767,0.476101,116.493,1,2,0,0.4
0.935,0.425,8.95025,3.60021,0.66481,114.572,1,2,0,0.4
0.935,0.435,8.42342,3.40988,0.859784,112.839,1,2,0,0.4
0.935,0.445,7.91529,3.20525,1.05926,111.315,1,2,0,0.4
0.935,0.455,7.44045,2.98657,1.2606,110.018,1,2,0,0.4
0.935,0.465,7.0126,2.75517,1.46032,108.957,1,2,0,0.4
0.935,0.475,6.64293,2.51371,1.65438,108.128,1,2,0,0.4
0.935,0.485,6.33852,2.26631,1.8388,107.505,1,2,0,0.4
0.935,0.495,6.1014,2.01842,2.01044,107.038,1,2,0,0.4
0.935,0.505,5.92825,1.77596,2.16767,106.651,1,2,0,0.4
0.935,0.515,5.81183,1.545,2.3104,106.259,1,2,0,0.4
0.935,0.525,5.74254,1.33102,2.43991,105.781,1,2,0,0.4
0.935,0.535,5.71029,1.13814,2.55806,105.164,1,2,0,0.4
0.935,0.545,5.70644,0.968675,2.66603,104.407,1,2,0,0.4
0.935,0.555,5.72577,0.822931,2.7629,103.585,1,2,0,0.4
0.935,0.565,5.76884,0.699118,2.84388,102.896,1,2,0,0.4
0.935,0.575,5.84453,0.592973,2.89864,102.698,1,2,0,0.4
0.935,0.585,5.97111,0.497069,2.91129,103.524,1,2,0,0.4
0.935,0.595,6.16878,0.401299,2.86764,105.906,1,2,0,0.4
0.935,0.605,6.43914,0.296407,2.77078,109.924,1,2,0,0.4
0.935,0.615,6.75158,0.175836,2.64556,114.964,1,2,0,0.4
0.935,0.625,7.05602,0.0276122,2.5207,120.156,1,2,0,0.4
0.935,0.635,7.30314,-0.179487,2.41277,124.954,1,2,0,0.4
0.935,0.645,7.44709,-0.505851,2.32653,129.244,1,2,0,0.4
0.935,0.655,7.45599,-1.04441,2.26333,133.162,1,2,0,0.4
0.935,0.665,7.3554,-1.9153,2.22709,136.98,1,2,0,0.4
0.935,0.675,7.27891,-3.24785,2.2287,141.156,1,2,0,0.4
0.935,0.685,7.50233,-5.12267,2.29117,146.454,1,2,0,0.4
0.935,0.695,8.49554,-7.41638,2.44615,154.085,1,2,0,0.4
0.935,0.705,10.9819,-9.73776,2.69977,164.573,1,2,0,0.4
0.935,0.715,16.0811,-11.6524,2.98678,177.341,1,2,0,0.4
0.935,0.725,25.5012,-12.9863,3.21318,191.31,1,2,0,0.4
0.935,0.735,41.3783,-13.8202,3.32709,203.497,1,2,0,0.4
0.935,0.745,65.0464,-14.3163,3.3233,206.306,1,2,0,0.4
0.935,0.755,95.1175,-14.6076,3.21216,191.625,1,2,0,0.4
0.935,0.765,126.697,-14.7777,3.02638,158.827,1,2,0,0.4
0.935,0.775,154.544,-14.8747,2.82086,119.299,1,2,0,0.4
0.935,0.785,177.996,-14.9272,2.65583,88.2855,1,2,0,0.4
0.935,0.795,201.211,-14.954,2.56508,72.4739,1,2,0,0.4
0.935,0.805,228.531,-14.9677,2.54042,68.9479,1,2,0,0.4
0.935,0.815,261.462,-14.9754,2.55378,72.3901,1,2,0,0.4
0.935,0.825,299.382,-14.9806,2.58302,79.2533,1,2,0,0.4
0.935,0.835,341.075,-14.9843,2.6171,87.8154,1,2,0,0.4
0.935,0.845,385.45,-14.9873,2.65166,97.3136,1,2,0,0.4
0.935,0.855,431.611,-14.9897,2.68515,107.386,1,2,0,0.4
0.935,0.865,478.781,-14.9916,2.71702,117.819,1,2,0,0.4
0.935,0.875,526.235,-14.9932,2.74709,128.451,1,2,0,0.4
0.935,0.885,573.276,-14.9945,2.77529,139.137,1,2,0,0.4
0.935,0.895,619.25,-14.9956,2.80157,149.74,1,2,0,0.4
0.935,0.905,663.553,-14.9965,2.82595,160.131,1,2,0,0.4
0.935,0.915,705.658,-14.9972,2.84841,170.189,1,2,0,0.4
0.935,0.925,745.128,-14.9978,2.86898,179.804,1,2,0,0.4
0.935,0.935,781.625,-14.9983,2.88768,188.883,1,2,0,0.4
0.935,0.945,814.915,-14.9987,2.90455,197.349,1,2,0,0.4
0.935,0.955,844.868,-14.999,2.91964,205.141,1,2,0,0.4
0.935,0.965,871.454,-14.9993,2.93302,212.219,1,2,0,0.4
0.935,0.975,894.728,-14.9995,2.94476,218.561,1,2,0,0.4
0.935,0.985,914.821,-14.9996,2.95495,224.164,1,2,0,0.4
0.935,0.995,931.927,-14.9997,2.96369,229.043,1,2,0,0.4
0.945,0.005,11.469,8.06559,-3.81421,130.462,1,2,0,0.4
0.945,0.015,11.6045,7.95836,-3.72467,132.1,1,2,0,0.4
0.945,0.025,11.772,7.84197,-3.63441,134.232,1,2,0,0.4
0.945,0.035,11.9619,7.71876,-3.5455,136.699,1,2,0,0.4
0.945,0.045,12.1702,7.59021,-3.45803,139.429,1,2,0,0.4
0.945,0.055,12.3924,7.45803,-3.37183,142.346,1,2,0,0.4
0.945,0.065,12.6234,7.32403,-3.28662,145.365,1,2,0,0.4
0.945,0.075,12.8574,7.19007,-3.20206,148.389,1,2,0,0.4
0.945,0.085,13.0885,7.05792,-3.11779,151.32,1,2,0,0.4
0.945,0.095,13.3107,6.92915,-3.03348,154.061,1,2,0,0.4
0.945,0.105,13.5183,6.80503,-2.9488,156.523,1,2,0,0.4
0.945,0.115,13.7068,6.68647,-2.86347,158.636,1,2,0,0.4
0.945,0.125,13.8725,6.57399,-2.77728,160.349,1,2,0,0.4
0.945,0.135,14.0132,6.46767,-2.69007,161.634,1,2,0,0.4
0.945,0.145,14.1279,6.36726,-2.60176,162.487,1,2,0,0.4
0.945,0.155,14.2167,6.27221,-2.51227,162.922,1,2,0,0.4
0.945,0.165,14.2807,6.18177,-2.42162,162.971,1,2,0,0.4
0.945,0.175,14.3214,6.09508,-2.3298,162.67,1,2,0,0.4
0.945,0.185,14.3405,6.01126,-2.23682,162.064,1,2,0,0.4
0.945,0.195,14.3395,5.92947,-2.1427,161.194,1,2,0,0.4
0.945,0.205,14.3199,5.84896,-2.0474,160.097,1,2,0,0.4
0.945,0.215,14.2823,5.76912,-1.9509,158.804,1,2,0,0.4
0.945,0.225,14.2273,5.68945,-1.85311,157.339,1,2,0,0.4
0.945,0.235,14.1545,5.60957,-1.75393,155.721,1,2,0,0.4
0.945,0.245,14.0634,5.52921,-1.65319,153.961,1,2,0,0.4
0.945,0.255,13.9532,5.44814,-1.55071,152.071,1,2,0,0.4
0.945,0.265,13.8228,5.36618,-1.44629,150.058,1,2,0,0.4
0.945,0.275,13.6712,5.28313,-1.33966,147.931,1,2,0,0.4
0.945,0.285,13.4972,5.19876,-1.23054,145.701,1,2,0,0.4
0.945,0.295,13.3,5.11278,-1.11861,143.381,1,2,0,0.4
0.945,0.305,13.0788,5.02478,-1.00347,140.987,1,2,0,0.4
0.945,0.315,12.8331,4.93426,-0.884682,138.539,1,2,0,0.4
0.945,0.325,12.5624,4.84058,-0.761734,136.056,1,2,0,0.4
0.945,0.335,12.2662,4.74293,-0.63401,133.56,1,2,0,0.4
0.945,0.345,11.9441,4.6403,-0.500776,131.075,1,2,0,0.4
0.945,0.355,11.5947,4.53138,-0.361131,128.623,1,2,0,0.4
0.945,0.365,11.2149,4.4143,-0.213857,126.233,1,2,0,0.4
0.945,0.375,10.7941,4.28581,-0.057508,123.919,1,2,0,0.4
0.945,0.385,10.3297,4.14788,0.108301,121.597,1,2,0,0.4
0.945,0.395,9.83964,4.00102,0.282777,119.333,1,2,0,0.4
0.945,0.405,9.33389,3.84409,0.465149,117.179,1,2,0,0.4
0.945,0.415,8.82419,3.67545,0.654688,115.186,1,2,0,0.4
0.945,0.425,8.32234,3.4943,0.850423,113.383,1,2,0,0.4
0.945,0.435,7.8408,3.30032,1.05072,111.791,1,2,0,0.4
0.945,0.445,7.39197,3.09378,1.25314,110.431,1,2,0,0.4
0.945,0.455,6.98734,2.87578,1.45439,109.316,1,2,0,0.4
0.945,0.465,6.63633,2.64846,1.65055,108.451,1,2,0,0.4
0.945,0.475,6.34525,2.41509,1.83751,107.826,1,2,0,0.4
0.945,0.485,6.1165,2.17998,2.01172,107.409,1,2,0,0.4
0.945,0.495,5.94827,1.94817,2.17092,107.144,1,2,0,0.4
0.945,0.505,5.83492,1.72478,2.31463,106.951,1,2,0,0.4
0.945,0.515,5.76818,1.51461,2.44405,106.736,1,2,0,0.4
0.945,0.525,5.73854,1.32171,2.56156,106.415,1,2,0,0.4
0.945,0.535,5.73675,1.14888,2.66964,105.932,1,2,0,0.4
0.945,0.545,5.75554,0.997501,2.76967,105.287,1,2,0,0.4
0.945,0.555,5.79149,0.867417,2.86034,104.57,1,2,0,0.4
0.945,0.565,5.84753,0.756776,2.93583,104.003,1,2,0,0.4
0.945,0.575,5.93591,0.66145,2.98382,103.998,1,2,0,0.4
0.945,0.585,6.07933,0.574039,2.98575,105.171,1,2,0,0.4
0.945,0.595,6.30054,0.484428,2.92667,108.095,1,2,0,0.4
0.945,0.605,6.59723,0.384102,2.81381,112.743,1,2,0,0.4
0.945,0.615,6.93064,0.268048,2.67799,118.304,1,2,0,0.4
0.945,0.625,7.24795,0.125133,2.54936,123.833,1,2,0,0.4
0.945,0.635,7.50022,-0.0759867,2.4413,128.841,1,2,0,0.4
0.945,0.645,7.64429,-0.395573,2.35703,133.274,1,2,0,0.4
0.945,0.655,7.65014,-0.92495,2.29635,137.311,1,2,0,0.4
0.945,0.665,7.54312,-1.78211,2.26227,141.232,1,2,0,0.4
0.945,0.675,7.45401,-3.0975,2.26535,145.505,1,2,0,0.4
0.945,0.685,7.65923,-4.96188,2.32937,150.929,1,2,0,0.4
0.945,0.695,8.63131,-7.27209,2.48617,158.591,1,2,0,0.4
0.945,0.705,11.1009,-9.63668,2.73737,168.814,1,2,0,0.4
0.945,0.715,16.1853,-11.5988,3.01497,180.771,1,2,0,0.4
0.945,0.725,25.5889,-12.9641,3.22934,193.608,1,2,0,0.4
0.945,0.735,41.446,-13.8126,3.33447,204.784,1,2,0,0.4
0.945,0.745,65.0927,-14.314,3.32621,206.921,1,2,0,0.4
0.945,0.755,95.145,-14.607,3.21321,191.878,1,2,0,0.4
0.945,0.765,126.711,-14.7775,3.02674,158.917,1,2,0,0.4
0.945,0.775,154.55,-14.8747,2.82097,119.326,1,2,0,0.4
0.945,0.785,177.999,-14.9272,2.65587,88.2923,1,2,0,0.4
0.945,0.795,201.212,-14.9539,2.56509,72.4754,1,2,0,0.4
0.945,0.805,228.531,-14.9677,2.54042,68.9481,1,2,0,0.4
0.945,0.815,261.462,-14.9754,2.55378,72.3901,1,2,0,0.4
0.945,0.825,299.382,-14.9806,2.58302,79.2533,1,2,0,0.4
0.945,0.835,341.075,-14.9843,2.6171,87.8154,1,2,0,0.4
0.945,0.845,385.45,-14.9873,2.65166,97.3136,1,2,0,0.4
0.945,0.855,431.611,-14.9897,2.68515,107.386,1,2,0,0.4
0.945,0.865,478.781,-14.9916,2.71702,117.819,1,2,0,0.4
0.945,0.875,526.235,-14.9932,2.74709,128.451,1,2,0,0.4
0.945,0.885,573.276,-14.9945,2.77529,139.137,1,2,0,0.4
0.945,0.895,619.25,-14.9956,2.80157,149.74,1,2,0,0.4
0.945,0.905,663.553,-14.9965,2.82595,160.131,1,2,0,0.4
0.945,0.915,705.658,-14.9972,2.84841,170.189,1,2,0,0.4
0.945,0.925,745.128,-14.9978,2.86898,179.804,1,2,0,0.4
0.945,0.935,781.625,-14.9983,2.88768,188.883,1,2,0,0.4
0.945,0.945,814.915,-14.9987,2.90455,197.349,1,2,0,0.4
0.945,0.955,844.868,-14.999,2.91964,205.141,1,2,0,0.4
0.945,0.965,871.454,-14.9993,2.93302,212.219,1,2,0,0.4
0.945,0.975,894.728,-14.9995,2.94476,218.561,1,2,0,0.4
0.945,0.985,914.821,-14.9996,2.95495,224.164,1,2,0,0.4
0.945,0.995,931.927,-14.9997,2.96369,229.043,1,2,0,0.4
0.955,0.005,13.8019,7.27349,-3.79688,171.095,1,2,0,0.4
0.955,0.015,13.8527,7.20074,-3.71251,171.103,1,2,0,0.4
0.955,0.025,13.9323,7.12209,-3.62425,171.586,1,2,0,0.4
0.955,0.035,14.0238,7.04004,-3.53578,172.243,1,2,0,0.4
0.955,0.045,14.1215,6.9558,-3.44751,172.979,1,2,0,0.4
0.955,0.055,14.2214,6.87039,-3.35942,173.721,1,2,0,0.4
0.955,0.065,14.3197,6.78479,-3.27139,174.407,1,2,0,0.4
0.955,0.075,14.4127,6.69984,-3.18328,174.98,1,2,0,0.4
0.955,0.085,14.4974,6.61624,-3.09494,175.39,1,2,0,0.4
0.955,0.095,14.5712,6.53448,-3.00622,175.601,1,2,0,0.4
0.955,0.105,14.6321,6.45486,-2.91701,175.587,1,2,0,0.4
0.955,0.115,14.6789,6.37746,-2.82721,175.333,1,2,0,0.4
0.955,0.125,14.7108,6.30221,-2.73673,174.839,1,2,0,0.4
0.955,0.135,14.7276,6.22888,-2.64551,174.111,1,2,0,0.4
0.955,0.145,14.7295,6.15714,-2.55351,173.162,1,2,0,0.4
0.955,0.155,14.717,6.08661,-2.46069,172.012,1,2,0,0.4
0.955,0.165,14.6905,6.01686,-2.36699,170.68,1,2,0,0.4
0.955,0.175,14.6503,5.94749,-2.27239,169.186,1,2,0,0.4
0.955,0.185,14.5967,5.87812,-2.17682,167.548,1,2,0,0.4
0.955,0.195,14.5297,5.80845,-2.0802,165.78,1,2,0,0.4
0.955,0.205,14.4489,5.73818,-1.98245,163.893,1,2,0,0.4
0.955,0.215,14.3539,5.66712,-1.88344,161.898,1,2,0,0.4
0.955,0.225,14.2437,5.59509,-1.78304,159.8,1,2,0,0.4
0.955,0.235,14.1175,5.52192,-1.68107,157.605,1,2,0,0.4
0.955,0.245,13.9742,5.44748,-1.57733,155.319,1,2,0,0.4
0.955,0.255,13.8129,5.3716,-1.47161,152.949,1,2,0,0.4
0.955,0.265,13.6324,5.2941,-1.36365,150.501,1,2,0,0.4
0.955,0.275,13.4319,5.21474,-1.25317,147.987,1,2,0,0.4
0.955,0.285,13.2106,5.13322,-1.13981,145.418,1,2,0,0.4
0.955,0.295,12.9678,5.04919,-1.02321,142.808,1,2,0,0.4
0.955,0.305,12.703,4.96218,-0.902918,140.173,1,2,0,0.4
0.955,0.315,12.4158,4.87167,-0.7784,137.529,1,2,0,0.4
0.955,0.325,12.1057,4.77698,-0.649047,134.893,1,2,0,0.4
0.955,0.335,11.7722,4.6773,-0.514131,132.283,1,2,0,0.4
0.955,0.345,11.4143,4.57153,-0.37277,129.717,1,2,0,0.4
0.955,0.355,11.0293,4.4581,-0.223814,127.215,1,2,0,0.4
0.955,0.365,10.608,4.33414,-0.0659459,124.792,1,2,0,0.4
0.955,0.375,10.1488,4.20138,0.101148,122.368,1,2,0,0.4
0.955,0.385,9.66874,4.06035,0.27669,120.006,1,2,0,0.4
0.955,0.395,9.17804,3.90979,0.459921,117.762,1,2,0,0.4
0.955,0.405,8.68755,3.74831,0.650147,115.686,1,2,0,0.4
0.955,0.415,8.20791,3.57525,0.846444,113.804,1,2,0,0.4
0.955,0.425,7.75003,3.39041,1.04729,112.138,1,2,0,0.4
0.955,0.435,7.32458,3.19412,1.25043,110.707,1,2,0,0.4
0.955,0.445,6.94126,2.98738,1.4528,109.527,1,2,0,0.4
0.955,0.455,6.60805,2.77205,1.65068,108.607,1,2,0,0.4
0.955,0.465,6.33046,2.55087,1.84001,107.948,1,2,0,0.4
0.955,0.475,6.11096,2.32742,2.01697,107.533,1,2,0,0.4
0.955,0.485,5.9487,2.10585,2.17872,107.327,1,2,0,0.4
0.955,0.495,5.83961,1.89058,2.32406,107.268,1,2,0,0.4
0.955,0.505,5.77687,1.68572,2.45367,107.271,1,2,0,0.4
0.955,0.515,5.7519,1.4949,2.56989,107.237,1,2,0,0.4
0.955,0.525,5.75552,1.32091,2.67593,107.077,1,2,0,0.4
0.955,0.535,5.7793,1.16556,2.77477,106.732,1,2,0,0.4
0.955,0.545,5.81708,1.02963,2.86784,106.202,1,2,0,0.4
0.955,0.555,5.86693,0.912769,2.9534,105.589,1,2,0,0.4
0.955,0.565,5.93388,0.813277,3.02455,105.141,1,2,0,0.4
0.955,0.575,6.03354,0.727335,3.06687,105.329,1,2,0,0.4
0.955,0.585,6.19333,0.647662,3.05878,106.86,1,2,0,0.4
0.955,0.595,6.43853,0.564052,2.98455,110.353,1,2,0,0.4
0.955,0.605,6.76173,0.468509,2.85626,115.65,1,2,0,0.4
0.955,0.615,7.11523,0.35719,2.71083,121.73,1,2,0,0.4
0.955,0.625,7.44358,0.219421,2.5789,127.587,1,2,0,0.4
0.955,0.635,7.70068,0.0236807,2.47112,132.809,1,2,0,0.4
0.955,0.645,7.84556,-0.289948,2.38848,137.407,1,2,0,0.4
0.955,0.655,7.84968,-0.810674,2.32983,141.583,1,2,0,0.4
0.955,0.665,7.73697,-1.65425,2.29741,145.623,1,2,0,0.4
0.955,0.675,7.63505,-2.95275,2.30183,150.003,1,2,0,0.4
0.955,0.685,7.82171,-4.80757,2.3679,155.534,1,2,0,0.4
0.955,0.695,8.77277,-7.13512,2.52678,163.163,1,2,0,0.4
0.955,0.705,11.222,-9.54397,2.77413,172.924,1,2,0,0.4
0.955,0.715,16.2846,-11.5525,3.04049,183.848,1,2,0,0.4
0.955,0.725,25.6647,-12.9465,3.24263,195.484,1,2,0,0.4
0.955,0.735,41.4986,-13.807,3.33997,205.735,1,2,0,0.4
0.955,0.745,65.125,-14.3124,3.32817,207.332,1,2,0,0.4
0.955,0.755,95.1624,-14.6066,3.21386,192.032,1,2,0,0.4
0.955,0.765,126.72,-14.7774,3.02694,158.967,1,2,0,0.4
0.955,0.775,154.554,-14.8747,2.82103,119.34,1,2,0,0.4
0.955,0.785,178,-14.9272,2.65588,88.2956,1,2,0,0.4
0.955,0.795,201.213,-14.9539,2.56509,72.476,1,2,0,0.4
0.955,0.805,228.531,-14.9677,2.54042,68.9483,1,2,0,0.4
0.955,0.815,261.462,-14.9754,2.55378,72.3901,1,2,0,0.4
0.955,0.825,299.382,-14.9806,2.58302,79.2533,1,2,0,0.4
0.955,0.835,341.075,-14.9843,2.6171,87.8154,1,2,0,0.4
0.955,0.845,385.45,-14.9873,2.65166,97.3136,1,2,0,0.4
0.955,0.855,431.611,-14.9897,2.68515,107.386,1,2,0,0.4
0.955,0.865,478.781,-14.9916,2.71702,117.819,1,2,0,0.4
0.955,0.875,526.235,-14.9932,2.74709,128.451,1,2,0,0.4
0.955,0.885,573.276,-14.9945,2.77529,139.137,1,2,0,0.4
0.955,0.895,619.25,-14.9956,2.80157,149.74,1,2,0,0.4
0.955,0.905,663.553,-14.9965,2.82595,160.131,1,2,0,0.4
0.955,0.915,705.658,-14.9972,2.84841,170.189,1,2,0,0.4
0.955,0.925,745.128,-14.9978,2.86898,179.804,1,2,0,0.4
0.955,0.935,781.625,-14.9983,2.88768,188.883,1,2,0,0.4
0.955,0.945,814.915,-14.9987,2.90455,197.349,1,2,0,0.4
0.955,0.955,844.868,-14.999,2.91964,205.141,1,2,0,0.4
0.955,0.965,871.454,-14.9993,2.93302,212.219,1,2,0,0.4
0.955,0.975,894.728,-14.9995,2.94476,218.561,1,2,0,0.4
0.955,0.985,914.821,-14.9996,2.95495,224.164,1,2,0,0.4
0.955,0.995,931.927,-14.9997,2.96369,229.043,1,2,0,0.4
0.965,0.005,15.5378,6.76073,-3.74518,202.6,1,2,0,0.4
0.965,0.015,15.487,6.71621,-3.66365,200.615,1,2,0,0.4
0.965,0.025,15.4635,6.66761,-3.57648,199.123,1,2,0,0.4
0.965,0.035,15.4485,6.61667,-3.48803,197.775,1,2,0,0.4
0.965,0.045,15.4362,6.56413,-3.39911,196.473,1,2,0,0.4
0.965,0.055,15.4238,6.51045,-3.30988,195.168,1,2,0,0.4
0.965,0.065,15.4094,6.45598,-3.22034,193.828,1,2,0,0.4
0.965,0.075,15.3911,6.40101,-3.13044,192.429,1,2,0,0.4
0.965,0.085,15.3677,6.34573,-3.04014,190.952,1,2,0,0.4
0.965,0.095,15.3381,6.29027,-2.94937,189.386,1,2,0,0.4
0.965,0.105,15.3014,6.23466,-2.85809,187.722,1,2,0,0.4
0.965,0.115,15.2571,6.17887,-2.76625,185.96,1,2,0,0.4
0.965,0.125,15.2047,6.12281,-2.67379,184.099,1,2,0,0.4
0.965,0.135,15.144,6.06635,-2.58067,182.145,1,2,0,0.4
0.965,0.145,15.0746,6.00934,-2.48683,180.102,1,2,0,0.4
0.965,0.155,14.9962,5.95163,-2.39222,177.975,1,2,0,0.4
0.965,0.165,14.9084,5.89304,-2.29676,175.77,1,2,0,0.4
0.965,0.175,14.8108,5.83343,-2.20038,173.492,1,2,0,0.4
0.965,0.185,14.7027,5.77266,-2.10298,171.145,1,2,0,0.4
0.965,0.195,14.5833,5.71061,-2.00444,168.731,1,2,0,0.4
0.965,0.205,14.4519,5.64715,-1.90464,166.254,1,2,0,0.4
0.965,0.215,14.3073,5.58218,-1.80341,163.716,1,2,0,0.4
0.965,0.225,14.1488,5.51557,-1.70057,161.121,1,2,0,0.4
0.965,0.235,13.9752,5.44719,-1.59593,158.472,1,2,0,0.4
0.965,0.245,13.7855,5.37689,-1.48925,155.774,1,2,0,0.4
0.965,0.255,13.5788,5.30447,-1.38026,153.034,1,2,0,0.4
0.965,0.265,13.3544,5.22973,-1.26866,150.261,1,2,0,0.4
0.965,0.275,13.1112,5.1524,-1.15411,147.462,1,2,0,0.4
0.965,0.285,12.8488,5.07217,-1.03619,144.649,1,2,0,0.4
0.965,0.295,12.5664,4.98869,-0.914467,141.832,1,2,0,0.4
0.965,0.305,12.2637,4.90151,-0.788403,139.021,1,2,0,0.4
0.965,0.315,11.9401,4.81011,-0.657403,136.231,1,2,0,0.4
0.965,0.325,11.5954,4.71381,-0.520775,133.473,1,2,0,0.4
0.965,0.335,11.2288,4.61167,-0.377691,130.764,1,2,0,0.4
0.965,0.345,10.838,4.50232,-0.227091,128.123,1,2,0,0.4
0.965,0.355,10.4154,4.3832,-0.0678199,125.561,1,2,0,0.4
0.965,0.365,9.96075,4.25598,0.100342,123.011,1,2,0,0.4
0.965,0.375,9.49014,4.12089,0.276643,120.534,1,2,0,0.4
0.965,0.385,9.01365,3.97653,0.460382,118.191,1,2,0,0.4
0.965,0.395,8.54109,3.82178,0.650901,116.026,1,2,0,0.4
0.965,0.405,8.08196,3.65609,0.8473,114.063,1,2,0,0.4
0.965,0.415,7.64581,3.47933,1.04815,112.321,1,2,0,0.4
0.965,0.425,7.24184,3.29188,1.25135,110.819,1,2,0,0.4
0.965,0.435,6.87829,3.09469,1.45409,109.571,1,2,0,0.4
0.965,0.445,6.56191,2.88943,1.65291,108.588,1,2,0,0.4
0.965,0.455,6.29746,2.67853,1.84394,107.875,1,2,0,0.4
0.965,0.465,6.08731,2.46507,2.02333,107.428,1,2,0,0.4
0.965,0.475,5.93126,2.25263,2.18788,107.227,1,2,0,0.4
0.965,0.485,5.82646,2.04497,2.33566,107.233,1,2,0,0.4
0.965,0.495,5.76765,1.84572,2.46652,107.382,1,2,0,0.4
0.965,0.505,5.74757,1.65805,2.5822,107.582,1,2,0,0.4
0.965,0.515,5.75773,1.48449,2.68592,107.733,1,2,0,0.4
0.965,0.525,5.78937,1.32687,2.78152,107.738,1,2,0,0.4
0.965,0.535,5.83471,1.18632,2.87229,107.534,1,2,0,0.4
0.965,0.545,5.88848,1.06324,2.95963,107.123,1,2,0,0.4
0.965,0.555,5.94989,0.957292,3.04141,106.611,1,2,0,0.4
0.965,0.565,6.02581,0.867094,3.1097,106.275,1,2,0,0.4
0.965,0.575,6.13519,0.7893,3.1479,106.645,1,2,0,0.4
0.965,0.585,6.31052,0.716885,3.13105,108.534,1,2,0,0.4
0.965,0.595,6.57985,0.639495,3.04234,112.614,1,2,0,0.4
0.965,0.605,6.92966,0.549342,2.8993,118.579,1,2,0,0.4
0.965,0.615,7.30258,0.443239,2.7451,125.178,1,2,0,0.4
0.965,0.625,7.64132,0.310565,2.6103,131.369,1,2,0,0.4
0.965,0.635,7.90415,0.119667,2.50279,136.826,1,2,0,0.4
0.965,0.645,8.05093,-0.188561,2.42078,141.626,1,2,0,0.4
0.965,0.655,8.05422,-0.701043,2.36318,145.968,1,2,0,0.4
0.965,0.665,7.93562,-1.53139,2.33166,150.149,1,2,0,0.4
0.965,0.675,7.82008,-2.81401,2.33735,154.639,1,2,0,0.4
0.965,0.685,7.98786,-4.66113,2.40603,160.241,1,2,0,0.4
0.965,0.695,8.91672,-7.0081,2.56689,167.71,1,2,0,0.4
0.965,0.705,11.3395,-9.46251,2.80847,176.74,1,2,0,0.4
0.965,0.715,16.3724,-11.515,3.06209,186.429,1,2,0,0.4
0.965,0.725,25.7244,-12.9335,3.25266,196.887,1,2,0,0.4
0.965,0.735,41.5352,-13.8033,3.34366,206.368,1,2,0,0.4
0.965,0.745,65.145,-14.3115,3.32934,207.577,1,2,0,0.4
0.965,0.755,95.172,-14.6063,3.21421,192.116,1,2,0,0.4
0.965,0.765,126.724,-14.7774,3.02704,158.992,1,2,0,0.4
0.965,0.775,154.555,-14.8746,2.82106,119.346,1,2,0,0.4
0.965,0.785,178,-14.9272,2.65589,88.2969,1,2,0,0.4
0.965,0.795,201.213,-14.9539,2.56509,72.4763,1,2,0,0.4
0.965,0.805,228.531,-14.9677,2.54042,68.9483,1,2,0,0.4
0.965,0.815,261.462,-14.9754,2.55378,72.3901,1,2,0,0.4
0.965,0.825,299.382,-14.9806,2.58302,79.2533,1,2,0,0.4
0.965,0.835,341.075,-14.9843,2.6171,87.8154,1,2,0,0.4
0.965,0.845,385.45,-14.9873,2.65166,97.3136,1,2,0,0.4
0.965,0.855,431.611,-14.9897,2.68515,107.386,1,2,0,0.4
0.965,0.865,478.781,-14.9916,2.71702,117.819,1,2,0,0.4
0.965,0.875,526.235,-14.9932,2.74709,128.451,1,2,0,0.4
0.965,0.885,573.276,-14.9945,2.77529,139.137,1,2,0,0.4
0.965,0.895,619.25,-14.9956,2.80157,149.74,1,2,0,0.4
0.965,0.905,663.553,-14.9965,2.82595,160.131,1,2,0,0.4
0.965,0.915,705.658,-14.9972,2.84841,170.189,1,2,0,0.4
0.965,0.925,745.128,-14.9978,2.86898,179.804,1,2,0,0.4
0.965,0.935,781.625,-14.9983,2.88768,188.883,1,2,0,0.4
0.965,0.945,814.915,-14.9987,2.90455,197.349,1,2,0,0.4
0.965,0.955,844.868,-14.999,2.91964,205.141,1,2,0,0.4
0.965,0.965,871.454,-14.9993,2.93302,212.219,1,2,0,0.4
0.965,0.975,894.728,-14.9995,2.94476,218.561,1,2,0,0.4
0.965,0.985,914.821,-14.9996,2.95495,224.164,1,2,0,0.4
0.965,0.995,931.927,-14.9997,2.96369,229.043,1,2,0,0.4
0.975,0.005,16.496,6.49241,-3.67565,220.51,1,2,0,0.4
0.975,0.015,16.3809,6.46095,-3.5958,217.278,1,2,0,0.4
0.975,0.025,16.2931,6.42626,-3.50946,214.57,1,2,0,0.4
0.975,0.035,16.2142,6.38943,-3.42101,212.038,1,2,0,0.4
0.975,0.045,16.1378,6.35104,-3.33164,209.571,1,2,0,0.4
0.975,0.055,16.0616,6.31132,-3.24168,207.126,1,2,0,0.4
0.975,0.065,15.9839,6.27042,-3.15121,204.681,1,2,0,0.4
0.975,0.075,15.9038,6.22842,-3.06025,202.223,1,2,0,0.4
0.975,0.085,15.8205,6.18536,-2.9688,199.742,1,2,0,0.4
0.975,0.095,15.7331,6.14127,-2.87683,197.232,1,2,0,0.4
0.975,0.105,15.6411,6.09614,-2.7843,194.69,1,2,0,0.4
0.975,0.115,15.5439,6.04994,-2.69118,192.111,1,2,0,0.4
0.975,0.125,15.4409,6.00262,-2.59743,189.496,1,2,0,0.4
0.975,0.135,15.3316,5.9541,-2.50299,186.843,1,2,0,0.4
0.975,0.145,15.2153,5.90433,-2.4078,184.153,1,2,0,0.4
0.975,0.155,15.0913,5.8532,-2.31177,181.426,1,2,0,0.4
0.975,0.165,14.9591,5.80065,-2.21483,178.663,1,2,0,0.4
0.975,0.175,14.8179,5.74656,-2.11687,175.865,1,2,0,0.4
0.975,0.185,14.6668,5.69085,-2.01776,173.032,1,2,0,0.4
0.975,0.195,14.505,5.63341,-1.91736,170.167,1,2,0,0.4
0.975,0.205,14.3316,5.57413,-1.8155,167.271,1,2,0,0.4
0.975,0.215,14.1456,5.51289,-1.712,164.346,1,2,0,0.4
0.975,0.225,13.9461,5.44956,-1.60663,161.396,1,2,0,0.4
0.975,0.235,13.7322,5.38398,-1.49915,158.425,1,2,0,0.4
0.975,0.245,13.5029,5.31598,-1.38927,155.437,1,2,0,0.4
0.975,0.255,13.2574,5.24539,-1.27667,152.436,1,2,0,0.4
0.975,0.265,12.9949,5.17198,-1.16098,149.429,1,2,0,0.4
0.975,0.275,12.7146,5.09554,-1.0418,146.421,1,2,0,0.4
0.975,0.285,12.416,5.01576,-0.918653,143.419,1,2,0,0.4
0.975,0.295,12.0986,4.9323,-0.791044,140.431,1,2,0,0.4
0.975,0.305,11.7623,4.84472,-0.658402,137.468,1,2,0,0.4
0.975,0.315,11.4069,4.7524,-0.520089,134.541,1,2,0,0.4
0.975,0.325,11.032,4.65449,-0.375355,131.667,1,2,0,0.4
0.975,0.335,10.636,4.54969,-0.22325,128.867,1,2,0,0.4
0.975,0.345,10.2123,4.4357,-0.0628043,126.151,1,2,0,0.4
0.975,0.355,9.76301,4.31424,0.106088,123.463,1,2,0,0.4
0.975,0.365,9.30257,4.18509,0.282717,120.867,1,2,0,0.4
0.975,0.375,8.84054,4.04674,0.466478,118.426,1,2,0,0.4
0.975,0.385,8.38557,3.89836,0.656748,116.173,1,2,0,0.4
0.975,0.395,7.9461,3.73954,0.852629,114.13,1,2,0,0.4
0.975,0.405,7.53049,3.57019,1.05275,112.315,1,2,0,0.4
0.975,0.415,7.14665,3.39066,1.25515,110.744,1,2,0,0.4
0.975,0.425,6.80165,3.20185,1.45725,109.429,1,2,0,0.4
0.975,0.435,6.50122,3.00526,1.65589,108.381,1,2,0,0.4
0.975,0.445,6.24944,2.80304,1.84749,107.607,1,2,0,0.4
0.975,0.455,6.04848,2.59794,2.02838,107.108,1,2,0,0.4
0.975,0.465,5.89849,2.39312,2.19527,106.877,1,2,0,0.4
0.975,0.475,5.79755,2.19193,2.34575,106.89,1,2,0,0.4
0.975,0.485,5.74177,1.9976,2.47886,107.107,1,2,0,0.4
0.975,0.495,5.72541,1.813,2.59544,107.461,1,2,0,0.4
0.975,0.505,5.74122,1.64043,2.69804,107.858,1,2,0,0.4
0.975,0.515,5.78095,1.48158,2.79053,108.194,1,2,0,0.4
0.975,0.525,5.83626,1.3376,2.87713,108.366,1,2,0,0.4
0.975,0.535,5.89988,1.20913,2.96131,108.307,1,2,0,0.4
0.975,0.545,5.96712,1.0964,3.0444,108.015,1,2,0,0.4
0.975,0.555,6.03807,0.999217,3.12392,107.602,1,2,0,0.4
0.975,0.565,6.12111,0.916597,3.19109,107.364,1,2,0,0.4
0.975,0.575,6.23837,0.845814,3.2272,107.896,1,2,0,0.4
0.975,0.585,6.42784,0.780345,3.20352,110.127,1,2,0,0.4
0.975,0.595,6.72094,0.709753,3.10162,114.8,1,2,0,0.4
0.975,0.605,7.09742,0.62605,2.94457,121.449,1,2,0,0.4
0.975,0.615,7.48968,0.525993,2.78196,128.584,1,2,0,0.4
0.975,0.625,7.83924,0.398608,2.64388,135.136,1,2,0,0.4
0.975,0.635,8.10825,0.212303,2.53534,140.868,1,2,0,0.4
0.975,0.645,8.25875,-0.090809,2.45299,145.906,1,2,0,0.4
0.975,0.655,8.26198,-0.595326,2.39522,150.455,1,2,0,0.4
0.975,0.665,8.13645,-1.41316,2.36368,154.801,1,2,0,0.4
0.975,0.675,8.00636,-2.68185,2.37057,159.397,1,2,0,0.4
0.975,0.685,8.15491,-4.52445,2.4424,164.994,1,2,0,0.4
0.975,0.695,9.05763,-6.89481,2.60465,172.072,1,2,0,0.4
0.975,0.705,11.445,-9.3959,2.83814,180.031,1,2,0,0.4
0.975,0.715,16.4419,-11.4877,3.07847,188.374,1,2,0,0.4
0.975,0.725,25.7654,-12.9252,3.25926,197.805,1,2,0,0.4
0.975,0.735,41.557,-13.8012,3.34578,206.73,1,2,0,0.4
0.975,0.745,65.1554,-14.311,3.32994,207.701,1,2,0,0.4
0.975,0.755,95.1765,-14.6062,3.21437,192.153,1,2,0,0.4
0.975,0.765,126.725,-14.7774,3.02708,159.002,1,2,0,0.4
0.975,0.775,154.556,-14.8746,2.82107,119.348,1,2,0,0.4
0.975,0.785,178.001,-14.9272,2.65589,88.2974,1,2,0,0.4
0.975,0.795,201.213,-14.9539,2.56509,72.4764,1,2,0,0.4
0.975,0.805,228.531,-14.9677,2.54042,68.9483,1,2,0,0.4
0.975,0.815,261.462,-14.9754,2.55378,72.3901,1,2,0,0.4
0.975,0.825,299.382,-14.9806,2.58302,79.2533,1,2,0,0.4
0.975,0.835,341.075,-14.9843,2.6171,87.8154,1,2,0,0.4
0.975,0.845,385.45,-14.9873,2.65166,97.3136,1,2,0,0.4
0.975,0.855,431.611,-14.9897,2.68515,107.386,1,2,0,0.4
0.975,0.865,478.781,-14.9916,2.71702,117.819,1,2,0,0.4
0.975,0.875,526.235,-14.9932,2.74709,128.451,1,2,0,0.4
0.975,0.885,573.276,-14.9945,2.77529,139.137,1,2,0,0.4
0.975,0.895,619.25,-14.9956,2.80157,149.74,1,2,0,0.4
0.975,0.905,663.553,-14.9965,2.82595,160.131,1,2,0,0.4
0.975,0.915,705.658,-14.9972,2.84841,170.189,1,2,0,0.4
0.975,0.925,745.128,-14.9978,2.86898,179.804,1,2,0,0.4
0.975,0.935,781.625,-14.9983,2.88768,188.883,1,2,0,0.4
0.975,0.945,814.915,-14.9987,2.90455,197.349,1,2,0,0.4
0.975,0.955,844.868,-14.999,2.91964,205.141,1,2,0,0.4
0.975,0.965,871.454,-14.9993,2.93302,212.219,1,2,0,0.4
0.975,0.975,894.728,-14.9995,2.94476,218.561,1,2,0,0.4
0.975,0.985,914.821,-14.9996,2.95495,224.164,1,2,0,0.4
0.975,0.995,931.927,-14.9997,2.96369,229.043,1,2,0,0.4
0.985,0.005,16.9296,6.36031,-3.59677,229.027,1,2,0,0.4
0.985,0.015,16.7784,6.33357,-3.51816,225.149,1,2,0,0.4
0.985,0.025,16.6547,6.30395,-3.43262,221.819,1,2,0,0.4
0.985,0.035,16.5413,6.27212,-3.34422,218.712,1,2,0,0.4
0.985,0.045,16.4313,6.23865,-3.25446,215.697,1,2,0,0.4
0.985,0.055,16.3215,6.20378,-3.16384,212.723,1,2,0,0.4
0.985,0.065,16.2104,6.1676,-3.07254,209.764,1,2,0,0.4
0.985,0.075,16.097,6.13018,-2.98065,206.809,1,2,0,0.4
0.985,0.085,15.9804,6.09153,-2.88817,203.849,1,2,0,0.4
0.985,0.095,15.8599,6.05165,-2.79509,200.879,1,2,0,0.4
0.985,0.105,15.735,6.01052,-2.7014,197.896,1,2,0,0.4
0.985,0.115,15.605,5.9681,-2.60707,194.896,1,2,0,0.4
0.985,0.125,15.4692,5.92436,-2.51204,191.878,1,2,0,0.4
0.985,0.135,15.327,5.87923,-2.41625,188.84,1,2,0,0.4
0.985,0.145,15.1778,5.83265,-2.31963,185.782,1,2,0,0.4
0.985,0.155,15.0208,5.78455,-2.2221,182.705,1,2,0,0.4
0.985,0.165,14.8554,5.73482,-2.12353,179.608,1,2,0,0.4
0.985,0.175,14.6807,5.68337,-2.0238,176.493,1,2,0,0.4
0.985,0.185,14.496,5.63009,-1.92276,173.362,1,2,0,0.4
0.985,0.195,14.3005,5.57488,-1.82024,170.215,1,2,0,0.4
0.985,0.205,14.0931,5.5176,-1.71602,167.055,1,2,0,0.4
0.985,0.215,13.8732,5.45813,-1.60988,163.884,1,2,0,0.4
0.985,0.225,13.6397,5.39633,-1.50154,160.703,1,2,0,0.4
0.985,0.235,13.3918,5.33206,-1.39071,157.516,1,2,0,0.4
0.985,0.245,13.1286,5.26518,-1.27704,154.324,1,2,0,0.4
0.985,0.255,12.8494,5.19551,-1.16016,151.132,1,2,0,0.4
0.985,0.265,12.5536,5.12285,-1.03966,147.943,1,2,0,0.4
0.985,0.275,12.2407,5.04696,-0.915084,144.762,1,2,0,0.4
0.985,0.285,11.9106,4.96751,-0.78595,141.597,1,2,0,0.4
0.985,0.295,11.5634,4.88409,-0.651737,138.46,1,2,0,0.4
0.985,0.305,11.1993,4.7961,-0.511869,135.363,1,2,0,0.4
0.985,0.315,10.8184,4.70269,-0.365676,132.327,1,2,0,0.4
0.985,0.325,10.4196,4.60258,-0.212312,129.373,1,2,0,0.4
0.985,0.335,9.997,4.49368,-0.0510034,126.511,1,2,0,0.4
0.985,0.345,9.55521,4.37782,0.118246,123.697,1,2,0,0.4
0.985,0.355,9.10682,4.25426,0.294781,120.997,1,2,0,0.4
0.985,0.365,8.66036,4.1216,0.478087,118.469,1,2,0,0.4
0.985,0.375,8.22331,3.97928,0.667567,116.136,1,2,0,0.4
0.985,0.385,7.80311,3.82702,0.862294,114.018,1,2,0,0.4
0.985,0.395,7.40713,3.66474,1.06093,112.13,1,2,0,0.4
0.985,0.405,7.04227,3.49274,1.26161,110.487,1,2,0,0.4
0.985,0.415,6.71464,3.31177,1.46196,109.103,1,2,0,0.4
0.985,0.425,6.42918,3.12313,1.65911,107.987,1,2,0,0.4
0.985,0.435,6.18941,2.92869,1.84981,107.147,1,2,0,0.4
0.985,0.445,5.99728,2.73084,2.03072,106.586,1,2,0,0.4
0.985,0.455,5.8531,2.53241,2.19869,106.302,1,2,0,0.4
0.985,0.465,5.75556,2.33641,2.3512,106.284,1,2,0,0.4
0.985,0.475,5.70181,2.14584,2.48676,106.508,1,2,0,0.4
0.985,0.485,5.68748,1.96339,2.60535,106.931,1,2,0,0.4
0.985,0.495,5.70681,1.79128,2.70857,107.485,1,2,0,0.4
0.985,0.505,5.75273,1.63116,2.79956,108.076,1,2,0,0.4
0.985,0.515,5.81736,1.48415,2.88255,108.594,1,2,0,0.4
0.985,0.525,5.89271,1.35094,2.96194,108.933,1,2,0,0.4
0.985,0.535,5.97184,1.2319,3.04124,109.019,1,2,0,0.4
0.985,0.545,6.05045,1.12719,3.12169,108.845,1,2,0,0.4
0.985,0.555,6.12916,1.03675,3.20062,108.525,1,2,0,0.4
0.985,0.565,6.21751,0.96002,3.26865,108.371,1,2,0,0.4
0.985,0.575,6.34048,0.895012,3.30528,109.033,1,2,0,0.4
0.985,0.585,6.54183,0.836091,3.27784,111.568,1,2,0,0.4
0.985,0.595,6.85733,0.773141,3.16515,116.814,1,2,0,0.4
0.985,0.605,7.26026,0.697554,2.99524,124.156,1,2,0,0.4
0.985,0.615,7.67249,0.60498,2.82416,131.862,1,2,0,0.4
0.985,0.625,8.03441,0.483667,2.68167,138.831,1,2,0,0.4
0.985,0.635,8.31174,0.302322,2.57025,144.903,1,2,0,0.4
0.985,0.645,8.46753,0.00452192,2.4853,150.242,1,2,0,0.4
0.985,0.655,8.46966,-0.492121,2.42502,155.051,1,2,0,0.4
0.985,0.665,8.33573,-1.2987,2.39173,159.588,1,2,0,0.4
0.985,0.675,8.19068,-2.55691,2.39934,164.254,1,2,0,0.4
0.985,0.685,8.31842,-4.40044,2.47444,169.686,1,2,0,0.4
0.985,0.695,9.18512,-6.80138,2.63681,175.942,1,2,0,0.4
0.985,0.705,11.5268,-9.34855,2.86024,182.49,1,2,0,0.4
0.985,0.715,16.4869,-11.4712,3.0887,189.581,1,2,0,0.4
0.985,0.725,25.7876,-12.9209,3.26273,198.283,1,2,0,0.4
0.985,0.735,41.567,-13.8003,3.34673,206.89,1,2,0,0.4
0.985,0.745,65.1596,-14.3109,3.33017,207.748,1,2,0,0.4
0.985,0.755,95.178,-14.6062,3.21442,192.165,1,2,0,0.4
0.985,0.765,126.726,-14.7774,3.02709,159.005,1,2,0,0.4
0.985,0.775,154.556,-14.8746,2.82107,119.349,1,2,0,0.4
0.985,0.785,178.001,-14.9272,2.65589,88.2975,1,2,0,0.4
0.985,0.795,201.213,-14.9539,2.56509,72.4764,1,2,0,0.4
0.985,0.805,228.531,-14.9677,2.54042,68.9483,1,2,0,0.4
0.985,0.815,261.462,-14.9754,2.55378,72.3901,1,2,0,0.4
0.985,0.825,299.382,-14.9806,2.58302,79.2533,1,2,0,0.4
0.985,0.835,341.075,-14.9843,2.6171,87.8154,1,2,0,0.4
0.985,0.845,385.45,-14.9873,2.65166,97.3136,1,2,0,0.4
0.985,0.855,431.611,-14.9897,2.68515,107.386,1,2,0,0.4
0.985,0.865,478.781,-14.9916,2.71702,117.819,1,2,0,0.4
0.985,0.875,526.235,-14.9932,2.74709,128.451,1,2,0,0.4
0.985,0.885,573.276,-14.9945,2.77529,139.137,1,2,0,0.4
0.985,0.895,619.25,-14.9956,2.80157,149.74,1,2,0,0.4
0.985,0.905,663.553,-14.9965,2.82595,160.131,1,2,0,0.4
0.985,0.915,705.658,-14.9972,2.84841,170.189,1,2,0,0.4
0.985,0.925,745.128,-14.9978,2.86898,179.804,1,2,0,0.4
0.985,0.935,781.625,-14.9983,2.88768,188.883,1,2,0,0.4
0.985,0.945,814.915,-14.9987,2.90455,197.349,1,2,0,0.4
0.985,0.955,844.868,-14.999,2.91964,205.141,1,2,0,0.4
0.985,0.965,871.454,-14.9993,2.93302,212.219,1,2,0,0.4
0.985,0.975,894.728,-14.9995,2.94476,218.561,1,2,0,0.4
0.985,0.985,914.821,-14.9996,2.95495,224.164,1,2,0,0.4
0.985,0.995,931.927,-14.9997,2.96369,229.043,1,2,0,0.4
0.995,0.005,17.0768,6.29112,-3.51097,232.573,1,2,0,0.4
0.995,0.015,16.8998,6.26648,-3.43335,228.295,1,2,0,0.4
0.995,0.025,16.7498,6.23913,-3.3487,224.571,1,2,0,0.4
0.995,0.035,16.612,6.20939,-3.26052,221.12,1,2,0,0.4
0.995,0.045,16.4787,6.17781,-3.17048,217.798,1,2,0,0.4
0.995,0.055,16.3463,6.14468,-3.07926,214.54,1,2,0,0.4
0.995,0.065,16.2127,6.11016,-2.98716,211.312,1,2,0,0.4
0.995,0.075,16.0767,6.0743,-2.89431,208.1,1,2,0,0.4
0.995,0.085,15.9374,6.03714,-2.80075,204.893,1,2,0,0.4
0.995,0.095,15.7939,5.99868,-2.7065,201.685,1,2,0,0.4
0.995,0.105,15.6457,5.9589,-2.61154,198.472,1,2,0,0.4
0.995,0.115,15.4919,5.91777,-2.51584,195.25,1,2,0,0.4
0.995,0.125,15.332,5.87525,-2.41934,192.018,1,2,0,0.4
0.995,0.135,15.1653,5.83129,-2.32199,188.774,1,2,0,0.4
0.995,0.145,14.991,5.78581,-2.22368,185.517,1,2,0,0.4
0.995,0.155,14.8084,5.73874,-2.12433,182.248,1,2,0,0.4
0.995,0.165,14.6168,5.68999,-2.02378,178.967,1,2,0,0.4
0.995,0.175,14.4155,5.63946,-1.92189,175.674,1,2,0,0.4
0.995,0.185,14.2036,5.58705,-1.81848,172.371,1,2,0,0.4
0.995,0.195,13.9802,5.53264,-1.71333,169.058,1,2,0,0.4
0.995,0.205,13.7447,5.47613,-1.60619,165.736,1,2,0,0.4
0.995,0.215,13.496,5.4174,-1.4968,162.406,1,2,0,0.4
0.995,0.225,13.2334,5.35632,-1.38483,159.07,1,2,0,0.4
0.995,0.235,12.9563,5.29275,-1.26994,155.729,1,2,0,0.4
0.995,0.245,12.664,5.22654,-1.15176,152.386,1,2,0,0.4
0.995,0.255,12.3562,5.15748,-1.02989,149.046,1,2,0,0.4
0.995,0.265,12.0326,5.08533,-0.903886,145.716,1,2,0,0.4
0.995,0.275,11.6936,5.00974,-0.773309,142.404,1,2,0,0.4
0.995,0.285,11.3395,4.93026,-0.637675,139.125,1,2,0,0.4
0.995,0.295,10.971,4.84628,-0.496464,135.895,1,2,0,0.4
0.995,0.305,10.5884,4.75693,-0.349072,132.735,1,2,0,0.4
0.995,0.315,10.1908,4.66092,-0.194738,129.668,1,2,0,0.4
0.995,0.325,9.77327,4.55646,-0.0328691,126.699,1,2,0,0.4
0.995,0.335,9.34251,4.44545,0.136446,123.795,1,2,0,0.4
0.995,0.345,8.90891,4.32672,0.312631,121.025,1,2,0,0.4
0.995,0.355,8.47949,4.19925,0.495217,118.429,1,2,0,0.4
0.995,0.365,8.06066,4.0628,0.683551,116.023,1,2,0,0.4
0.995,0.375,7.65911,3.91714,0.876647,113.825,1,2,0,0.4
0.995,0.385,7.28147,3.76214,1.07315,111.852,1,2,0,0.4
0.995,0.395,6.93393,3.59797,1.27128,110.122,1,2,0,0.4
0.995,0.405,6.62194,3.42516,1.46881,108.65,1,2,0,0.4
0.995,0.415,6.34987,3.24472,1.66313,107.447,1,2,0,0.4
0.995,0.425,6.12086,3.05814,1.85133,106.523,1,2,0,0.4
0.995,0.435,5.93668,2.86741,2.03044,105.883,1,2,0,0.4
0.995,0.445,5.79772,2.67496,2.19763,105.528,1,2,0,0.4
0.995,0.455,5.70305,2.48347,2.35054,105.452,1,2,0,0.4
0.995,0.465,5.65051,2.29571,2.48756,105.642,1,2,0,0.4
0.995,0.475,5.63675,2.11429,2.60814,106.071,1,2,0,0.4
0.995,0.485,5.6573,1.94149,2.71304,106.694,1,2,0,0.4
0.995,0.495,5.70653,1.7791,2.80444,107.441,1,2,0,0.4
0.995,0.505,5.77768,1.62838,2.88582,108.217,1,2,0,0.4
0.995,0.515,5.86318,1.49012,2.96152,108.911,1,2,0,0.4
0.995,0.525,5.95532,1.36477,3.03595,109.41,1,2,0,0.4
0.995,0.535,6.04737,1.25256,3.11253,109.636,1,2,0,0.4
0.995,0.545,6.1352,1.15359,3.19244,109.577,1,2,0,0.4
0.995,0.555,6.2197,1.06787,3.27296,109.343,1,2,0,0.4
0.995,0.565,6.3111,0.995149,3.34453,109.255,1,2,0,0.4
0.995,0.575,6.43655,0.934166,3.38557,110.006,1,2,0,0.4
0.995,0.585,6.64521,0.880763,3.35983,112.772,1,2,0,0.4
0.995,0.595,6.97843,0.826281,3.24175,118.522,1,2,0,0.4
0.995,0.605,7.40512,0.761368,3.06181,126.551,1,2,0,0.4
0.995,0.615,7.83713,0.679036,2.88189,134.894,1,2,0,0.4
0.995,0.625,8.21255,0.56608,2.73226,142.391,1,2,0,0.4
0.995,0.635,8.49933,0.391674,2.61359,148.923,1,2,0,0.4
0.995,0.645,8.66298,0.100762,2.52074,154.68,1,2,0,0.4
0.995,0.655,8.66868,-0.387864,2.45122,159.831,1,2,0,0.4
0.995,0.665,8.52897,-1.18622,2.41232,164.539,1,2,0,0.4
0.995,0.675,8.36871,-2.44059,2.41924,169.141,1,2,0,0.4
0.995,0.685,8.4686,-4.2954,2.49668,174.028,1,2,0,0.4
0.995,0.695,9.27705,-6.73977,2.65769,178.678,1,2,0,0.4
0.995,0.705,11.5711,-9.32481,2.87167,183.777,1,2,0,0.4
0.995,0.715,16.5057,-11.4648,3.09283,190.067,1,2,0,0.4
0.995,0.725,25.795,-12.9195,3.26385,198.436,1,2,0,0.4
0.995,0.735,41.5697,-13.8001,3.34698,206.932,1,2,0,0.4
0.995,0.745,65.1605,-14.3108,3.33022,207.759,1,2,0,0.4
0.995,0.755,95.1783,-14.6062,3.21443,192.168,1,2,0,0.4
0.995,0.765,126.726,-14.7774,3.02709,159.006,1,2,0,0.4
0.995,0.775,154.556,-14.8746,2.82107,119.349,1,2,0,0.4
0.995,0.785,178.001,-14.9272,2.65589,88.2975,1,2,0,0.4
0.995,0.795,201.213,-14.9539,2.56509,72.4764,1,2,0,0.4
0.995,0.805,228.531,-14.9677,2.54042,68.9483,1,2,0,0.4
0.995,0.815,261.462,-14.9754,2.55378,72.3901,1,2,0,0.4
0.995,0.825,299.382,-14.9806,2.58302,79.2533,1,2,0,0.4
0.995,0.835,341.075,-14.9843,2.6171,87.8154,1,2,0,0.4
0.995,0.845,385.45,-14.9873,2.65166,97.3136,1,2,0,0.4
0.995,0.855,431.611,-14.9897,2.68515,107.386,1,2,0,0.4
0.995,0.865,478.781,-14.9916,2.71702,117.819,1,2,0,0.4
0.995,0.875,526.235,-14.9932,2.74709,128.451,1,2,0,0.4
0.995,0.885,573.276,-14.9945,2.77529,139.137,1,2,0,0.4
0.995,0.895,619.25,-14.9956,2.80157,149.74,1,2,0,0.4
0.995,0.905,663.553,-14.9965,2.82595,160.131,1,2,0,0.4
0.995,0.915,705.658,-14.9972,2.84841,170.189,1,2,0,0.4
0.995,0.925,745.128,-14.9978,2.86898,179.804,1,2,0,0.4
0.995,0.935,781.625,-14.9983,2.88768,188.883,1,2,0,0.4
0.995,0.945,814.915,-14.9987,2.90455,197.349,1,2,0,0.4
0.995,0.955,844.868,-14.999,2.91964,205.141,1,2,0,0.4
0.995,0.965,871.454,-14.9993,2.93302,212.219,1,2,0,0.4
0.995,0.975,894.728,-14.9995,2.94476,218.561,1,2,0,0.4
0.995,0.985,914.821,-14.9996,2.95495,224.164,1,2,0,0.4
0.995,0.995,931.927,-14.9997,2.96369,229.043,1,2,0,0.4
