x,y,rho,u,v,p,rho_exact,u_exact,v_exact,p_exact
0.005,0.005,93.0729,1.90458,-13.65,2614.01,1,-2,0,0.4
0.005,0.015,93.0502,1.83782,-13.4287,2607.62,1,-2,0,0.4
0.005,0.025,93.0038,1.77553,-13.2111,2601.72,1,-2,0,0.4
0.005,0.035,92.9244,1.71792,-12.9963,2596.16,1,-2,0,0.4
0.005,0.045,92.8024,1.66522,-12.7836,2590.79,1,-2,0,0.4
0.005,0.055,92.6285,1.61765,-12.5724,2585.43,1,-2,0,0.4
0.005,0.065,92.3942,1.57542,-12.362,2579.93,1,-2,0,0.4
0.005,0.075,92.0926,1.53863,-12.152,2574.11,1,-2,0,0.4
0.005,0.085,91.7195,1.50725,-11.9419,2567.85,1,-2,0,0.4
0.005,0.095,91.2734,1.48106,-11.7313,2561.01,1,-2,0,0.4
0.005,0.105,90.7562,1.45968,-11.52,2553.48,1,-2,0,0.4
0.005,0.115,90.1738,1.44247,-11.3075,2545.18,1,-2,0,0.4
0.005,0.125,89.5356,1.42856,-11.0938,2536.05,1,-2,0,0.4
0.005,0.135,88.8543,1.4169,-10.8787,2526.05,1,-2,0,0.4
0.005,0.145,88.146,1.40623,-10.662,2515.16,1,-2,0,0.4
0.005,0.155,87.4293,1.39514,-10.4437,2503.39,1,-2,0,0.4
0.005,0.165,86.7243,1.38217,-10.2237,2490.74,1,-2,0,0.4
0.005,0.175,86.0527,1.36579,-10.002,2477.24,1,-2,0,0.4
0.005,0.185,85.4363,1.34455,-9.77866,2462.9,1,-2,0,0.4
0.005,0.195,84.8969,1.31704,-9.55366,2447.72,1,-2,0,0.4
0.005,0.205,84.4556,1.28204,-9.32715,2431.7,1,-2,0,0.4
0.005,0.215,84.1323,1.23844,-9.09927,2414.81,1,-2,0,0.4
0.005,0.225,83.9459,1.18538,-8.87026,2397.01,1,-2,0,0.4
0.005,0.235,83.9134,1.12217,-8.64039,2378.19,1,-2,0,0.4
0.005,0.245,84.0507,1.04835,-8.40999,2358.27,1,-2,0,0.4
0.005,0.255,84.3723,0.963696,-8.17942,2337.09,1,-2,0,0.4
0.005,0.265,84.8918,0.868181,-7.94903,2314.54,1,-2,0,0.4
0.005,0.275,85.6221,0.762022,-7.71915,2290.48,1,-2,0,0.4
0.005,0.285,86.5757,0.645652,-7.49002,2264.81,1,-2,0,0.4
0.005,0.295,87.7649,0.519727,-7.26179,2237.48,1,-2,0,0.4
0.005,0.305,89.2014,0.385128,-7.03447,2208.46,1,-2,0,0.4
0.005,0.315,90.8963,0.242959,-6.80793,2177.78,1,-2,0,0.4
0.005,0.325,92.8598,0.0945491,-6.58189,2145.49,1,-2,0,0.4
0.005,0.335,95.1024,-0.0585706,-6.35577,2111.79,1,-2,0,0.4
0.005,0.345,97.643,-0.214754,-6.1283,2077.18,1,-2,0,0.4
0.005,0.355,100.502,-0.372801,-5.89831,2042.45,1,-2,0,0.4
0.005,0.365,103.624,-0.532877,-5.66932,2006.96,1,-2,0,0.4
0.005,0.375,106.997,-0.693794,-5.44127,1970.81,1,-2,0,0.4
0.005,0.385,110.61,-0.854463,-5.21391,1934.23,1,-2,0,0.4
0.005,0.395,114.452,-1.01387,-4.98691,1897.49,1,-2,0,0.4
0.005,0.405,118.513,-1.17096,-4.75961,1860.96,1,-2,0,0.4
0.005,0.415,122.808,-1.32422,-4.5304,1825.52,1,-2,0,0.4
0.005,0.425,127.304,-1.47273,-4.29971,1791.02,1,-2,0,0.4
0.005,0.435,131.975,-1.61648,-4.06738,1757.44,1,-2,0,0.4
0.005,0.445,136.795,-1.75546,-3.83284,1724.83,1,-2,0,0.4
0.005,0.455,141.743,-1.88963,-3.59534,1693.37,1,-2,0,0.4
0.005,0.465,146.8,-2.01906,-3.35396,1663.27,1,-2,0,0.4
0.005,0.475,151.93,-2.14401,-3.10813,1634.48,1,-2,0,0.4
0.005,0.485,157.057,-2.26494,-2.85803,1606.42,1,-2,0,0.4
0.005,0.495,162.073,-2.38227,-2.604,1578.33,1,-2,0,0.4
0.005,0.505,166.869,-2.49644,-2.34578,1549.66,1,-2,0,0.4
0.005,0.515,171.32,-2.60814,-2.0828,1519.9,1,-2,0,0.4
0.005,0.525,175.272,-2.71856,-1.81453,1488.36,1,-2,0,0.4
0.005,0.535,178.518,-2.82958,-1.54064,1454.02,1,-2,0,0.4
0.005,0.545,180.774,-2.94418,-1.26121,1415.41,1,-2,0,0.4
0.005,0.555,181.671,-3.06695,-0.976764,1370.66,1,-2,0,0.4
0.005,0.565,180.796,-3.20474,-0.687449,1318.12,1,-2,0,0.4
0.005,0.575,177.77,-3.36848,-0.391207,1257.72,1,-2,0,0.4
0.005,0.585,172.224,-3.57913,-0.0801015,1192.58,1,-2,0,0.4
0.005,0.595,162.714,-3.88303,0.258129,1123.71,1,-2,0,0.4
0.005,0.605,149.16,-4.32535,0.636123,1058.48,1,-2,0,0.4
0.005,0.615,133.692,-5.0046,1.07545,1012.99,1,-2,0,0.4
0.005,0.625,119.881,-6.09741,1.62288,999.156,1,-2,0,0.4
0.005,0.635,113.198,-7.77869,2.31283,996.961,1,-2,0,0.4
0.005,0.645,119.598,-9.89519,3.03227,951.751,1,-2,0,0.4
0.005,0.655,144.415,-11.8669,3.49104,842.772,1,-2,0,0.4
0.005,0.665,190.924,-13.2394,3.55099,704.048,1,-2,0,0.4
0.005,0.675,250.785,-14.0577,3.41135,539.608,1,-2,0,0.4
0.005,0.685,314.553,-14.5126,3.21427,386.294,1,-2,0,0.4
0.005,0.695,375.832,-14.7549,3.04081,272.438,1,-2,0,0.4
0.005,0.705,433.731,-14.8785,2.92381,204.359,1,-2,0,0.4
0.005,0.715,490.588,-14.9391,2.86325,172.29,1,-2,0,0.4
0.005,0.725,548.328,-14.9681,2.84334,162.56,1,-2,0,0.4
0.005,0.735,606.921,-14.9822,2.84688,164.701,1,-2,0,0.4
0.005,0.745,664.88,-14.9893,2.86163,172.466,1,-2,0,0.4
0.005,0.755,720.272,-14.9931,2.88055,182.5,1,-2,0,0.4
0.005,0.765,771.4,-14.9953,2.90001,193.048,1,-2,0,0.4
0.005,0.775,817.083,-14.9966,2.91828,203.19,1,-2,0,0.4
0.005,0.785,856.695,-14.9975,2.93461,212.448,1,-2,0,0.4
0.005,0.795,890.095,-14.998,2.9487,220.593,1,-2,0,0.4
0.005,0.805,917.523,-14.9983,2.96054,227.552,1,-2,0,0.4
0.005,0.815,939.486,-14.9984,2.97024,233.343,1,-2,0,0.4
0.005,0.825,956.648,-14.9985,2.97799,238.05,1,-2,0,0.4
0.005,0.835,969.745,-14.9984,2.98405,241.794,1,-2,0,0.4
0.005,0.845,979.514,-14.9983,2.98866,244.712,1,-2,0,0.4
0.005,0.855,986.64,-14.9981,2.99209,246.947,1,-2,0,0.4
0.005,0.865,991.731,-14.9979,2.99457,248.636,1,-2,0,0.4
0.005,0.875,995.297,-14.9977,2.99632,249.901,1,-2,0,0.4
0.005,0.885,997.753,-14.9974,2.99753,250.846,1,-2,0,0.4
0.005,0.895,999.42,-14.9972,2.99835,251.555,1,-2,0,0.4
0.005,0.905,1000.54,-14.9969,2.99888,252.094,1,-2,0,0.4
0.005,0.915,1001.29,-14.9967,2.99923,252.51,1,-2,0,0.4
0.005,0.925,1001.8,-14.9965,2.99946,252.84,1,-2,0,0.4
0.005,0.935,1002.14,-14.9963,2.9996,253.106,1,-2,0,0.4
0.005,0.945,1002.38,-14.9961,2.9997,253.326,1,-2,0,0.4
0.005,0.955,1002.55,-14.9959,2.99976,253.508,1,-2,0,0.4
0.005,0.965,1002.68,-14.9958,2.99981,253.661,1,-2,0,0.4
0.005,0.975,1002.77,-14.9956,2.99985,253.79,1,-2,0,0.4
0.005,0.985,1002.85,-14.9955,2.99987,253.897,1,-2,0,0.4
0.005,0.995,1002.91,-14.9954,2.99989,253.986,1,-2,0,0.4
0.015,0.005,91.4135,2.02988,-13.601,2540.28,1,-2,0,0.4
0.015,0.015,91.3754,1.96654,-13.3766,2531.85,1,-2,0,0.4
0.015,0.025,91.3224,1.90736,-13.1556,2524.17,1,-2,0,0.4
0.015,0.035,91.2429,1.85258,-12.9373,2517.07,1,-2,0,0.4
0.015,0.045,91.1249,1.80249,-12.7211,2510.38,1,-2,0,0.4
0.015,0.055,90.9559,1.75741,-12.5064,2503.89,1,-2,0,0.4
0.015,0.065,90.7246,1.71756,-12.2929,2497.43,1,-2,0,0.4
0.015,0.075,90.4215,1.68309,-12.0801,2490.79,1,-2,0,0.4
0.015,0.085,90.0399,1.65403,-11.8678,2483.81,1,-2,0,0.4
0.015,0.095,89.577,1.63018,-11.6555,2476.31,1,-2,0,0.4
0.015,0.105,89.0342,1.61116,-11.4431,2468.17,1,-2,0,0.4
0.015,0.115,88.4178,1.59635,-11.2303,2459.27,1,-2,0,0.4
0.015,0.125,87.7387,1.58489,-11.0168,2449.53,1,-2,0,0.4
0.015,0.135,87.012,1.5757,-10.8024,2438.89,1,-2,0,0.4
0.015,0.145,86.2561,1.5675,-10.5868,2427.33,1,-2,0,0.4
0.015,0.155,85.4922,1.55889,-10.3698,2414.83,1,-2,0,0.4
0.015,0.165,84.7428,1.54837,-10.1512,2401.42,1,-2,0,0.4
0.015,0.175,84.0313,1.5344,-9.93074,2387.11,1,-2,0,0.4
0.015,0.185,83.3809,1.51548,-9.70833,2371.93,1,-2,0,0.4
0.015,0.195,82.8142,1.49022,-9.48386,2355.89,1,-2,0,0.4
0.015,0.205,82.3525,1.45734,-9.2573,2338.99,1,-2,0,0.4
0.015,0.215,82.016,1.41575,-9.02868,2321.21,1,-2,0,0.4
0.015,0.225,81.8234,1.36455,-8.79811,2302.51,1,-2,0,0.4
0.015,0.235,81.7918,1.30303,-8.56577,2282.82,1,-2,0,0.4
0.015,0.245,81.9369,1.23072,-8.33192,2262.04,1,-2,0,0.4
0.015,0.255,82.2732,1.14739,-8.09686,2240.06,1,-2,0,0.4
0.015,0.265,82.814,1.05301,-7.86093,2216.76,1,-2,0,0.4
0.015,0.275,83.5714,0.947781,-7.62447,2192.05,1,-2,0,0.4
0.015,0.285,84.5565,0.832154,-7.38778,2165.87,1,-2,0,0.4
0.015,0.295,85.7792,0.706788,-7.15116,2138.21,1,-2,0,0.4
0.015,0.305,87.2473,0.572571,-6.91486,2109.1,1,-2,0,0.4
0.015,0.315,88.9663,0.430609,-6.67914,2078.62,1,-2,0,0.4
0.015,0.325,90.9387,0.282218,-6.44422,2046.91,1,-2,0,0.4
0.015,0.335,93.1629,0.128915,-6.21036,2014.09,1,-2,0,0.4
0.015,0.345,95.6244,-0.02765,-5.97828,1980.03,1,-2,0,0.4
0.015,0.355,98.2947,-0.18602,-5.74867,1944.11,1,-2,0,0.4
0.015,0.365,101.249,-0.345355,-5.51551,1907.97,1,-2,0,0.4
0.015,0.375,104.422,-0.50547,-5.28338,1871.12,1,-2,0,0.4
0.015,0.385,107.801,-0.665246,-5.05199,1833.78,1,-2,0,0.4
0.015,0.395,111.375,-0.823646,-4.82081,1796.29,1,-2,0,0.4
0.015,0.405,115.153,-0.979217,-4.5884,1759.38,1,-2,0,0.4
0.015,0.415,119.099,-1.13058,-4.35572,1722.9,1,-2,0,0.4
0.015,0.425,123.196,-1.27713,-4.12235,1687.09,1,-2,0,0.4
0.015,0.435,127.423,-1.41876,-3.88737,1652.11,1,-2,0,0.4
0.015,0.445,131.751,-1.55537,-3.65013,1618.03,1,-2,0,0.4
0.015,0.455,136.153,-1.68685,-3.40986,1584.92,1,-2,0,0.4
0.015,0.465,140.603,-1.81321,-3.16568,1552.93,1,-2,0,0.4
0.015,0.475,145.055,-1.93472,-2.917,1521.94,1,-2,0,0.4
0.015,0.485,149.432,-2.05187,-2.66384,1491.4,1,-2,0,0.4
0.015,0.495,153.629,-2.1652,-2.40627,1460.63,1,-2,0,0.4
0.015,0.505,157.531,-2.27528,-2.14399,1429.06,1,-2,0,0.4
0.015,0.515,161.005,-2.38304,-1.8765,1396.04,1,-2,0,0.4
0.015,0.525,163.879,-2.49009,-1.60339,1360.72,1,-2,0,0.4
0.015,0.535,165.924,-2.59895,-1.32462,1321.85,1,-2,0,0.4
0.015,0.545,166.837,-2.7134,-1.0407,1277.79,1,-2,0,0.4
0.015,0.555,166.261,-2.83881,-0.752494,1226.83,1,-2,0,0.4
0.015,0.565,163.868,-2.9827,-0.459899,1168.23,1,-2,0,0.4
0.015,0.575,159.429,-3.15759,-0.158878,1103.65,1,-2,0,0.4
0.015,0.585,151.997,-3.39854,0.158646,1034.03,1,-2,0,0.4
0.015,0.595,140.603,-3.73476,0.501013,963.088,1,-2,0,0.4
0.015,0.605,126.297,-4.23106,0.878684,902.68,1,-2,0,0.4
0.015,0.615,111.073,-5.02073,1.31987,866.841,1,-2,0,0.4
0.015,0.625,98.6701,-6.32678,1.87934,859.887,1,-2,0,0.4
0.015,0.635,94.7099,-8.28623,2.57401,852.179,1,-2,0,0.4
0.015,0.645,104.823,-10.5469,3.22726,797.563,1,-2,0,0.4
0.015,0.655,134.242,-12.418,3.53623,698.853,1,-2,0,0.4
0.015,0.665,183.313,-13.6033,3.50118,575.432,1,-2,0,0.4
0.015,0.675,243.666,-14.2714,3.32823,436.554,1,-2,0,0.4
0.015,0.685,306.822,-14.6294,3.13459,314.364,1,-2,0,0.4
0.015,0.695,367.724,-14.8149,2.98091,228.59,1,-2,0,0.4
0.015,0.705,426.277,-14.9076,2.88587,180.486,1,-2,0,0.4
0.015,0.715,484.626,-14.9527,2.84213,160.212,1,-2,0,0.4
0.015,0.725,544.054,-14.9744,2.83257,156.609,1,-2,0,0.4
0.015,0.735,604.064,-14.9852,2.84165,161.717,1,-2,0,0.4
0.015,0.745,663.023,-14.9909,2.85914,170.879,1,-2,0,0.4
0.015,0.755,719.048,-14.9941,2.87937,181.564,1,-2,0,0.4
0.015,0.765,770.546,-14.996,2.89946,192.409,1,-2,0,0.4
0.015,0.775,816.427,-14.9973,2.91805,202.674,1,-2,0,0.4
0.015,0.785,856.129,-14.9981,2.93454,211.963,1,-2,0,0.4
0.015,0.795,889.553,-14.9987,2.94872,220.087,1,-2,0,0.4
0.015,0.805,916.96,-14.999,2.96062,226.987,1,-2,0,0.4
0.015,0.815,938.871,-14.9993,2.97036,232.693,1,-2,0,0.4
0.015,0.825,955.96,-14.9994,2.97814,237.293,1,-2,0,0.4
0.015,0.835,968.968,-14.9995,2.98422,240.908,1,-2,0,0.4
0.015,0.845,978.635,-14.9995,2.98885,243.681,1,-2,0,0.4
0.015,0.855,985.651,-14.9995,2.99229,245.756,1,-2,0,0.4
0.015,0.865,990.626,-14.9995,2.99479,247.272,1,-2,0,0.4
0.015,0.875,994.073,-14.9995,2.99655,248.356,1,-2,0,0.4
0.015,0.885,996.409,-14.9995,2.99776,249.115,1,-2,0,0.4
0.015,0.895,997.958,-14.9994,2.99857,249.636,1,-2,0,0.4
0.015,0.905,998.965,-14.9994,2.9991,249.99,1,-2,0,0.4
0.015,0.915,999.607,-14.9993,2.99944,250.227,1,-2,0,0.4
0.015,0.925,1000.01,-14.9993,2.99966,250.386,1,-2,0,0.4
0.015,0.935,1000.26,-14.9992,2.99979,250.494,1,-2,0,0.4
0.015,0.945,1000.42,-14.9992,2.99987,250.568,1,-2,0,0.4
0.015,0.955,1000.51,-14.9992,2.99991,250.62,1,-2,0,0.4
0.015,0.965,1000.57,-14.9992,2.99994,250.657,1,-2,0,0.4
0.015,0.975,1000.61,-14.9991,2.99996,250.685,1,-2,0,0.4
0.015,0.985,1000.64,-14.9991,2.99997,250.706,1,-2,0,0.4
0.015,0.995,1000.65,-14.9991,2.99998,250.722,1,-2,0,0.4
0.025,0.005,90.1118,2.15313,-13.4786,2467.72,1,-2,0,0.4
0.025,0.015,90.095,2.0928,-13.2487,2457.59,1,-2,0,0.4
0.025,0.025,90.0655,2.03655,-13.0222,2448.44,1,-2,0,0.4
0.025,0.035,90.0076,1.9847,-12.7988,2440.08,1,-2,0,0.4
0.025,0.045,89.905,1.93759,-12.5779,2432.3,1,-2,0,0.4
0.025,0.055,89.7419,1.89556,-12.3595,2424.9,1,-2,0,0.4
0.025,0.065,89.5036,1.85886,-12.143,2417.64,1,-2,0,0.4
0.025,0.075,89.1785,1.82763,-11.9284,2410.31,1,-2,0,0.4
0.025,0.085,88.7593,1.80187,-11.7154,2402.7,1,-2,0,0.4
0.025,0.095,88.2438,1.78137,-11.5037,2394.63,1,-2,0,0.4
0.025,0.105,87.6357,1.76569,-11.2929,2385.91,1,-2,0,0.4
0.025,0.115,86.9445,1.75415,-11.0826,2376.44,1,-2,0,0.4
0.025,0.125,86.1854,1.74584,-10.8726,2366.1,1,-2,0,0.4
0.025,0.135,85.3778,1.73962,-10.6622,2354.84,1,-2,0,0.4
0.025,0.145,84.5447,1.7342,-10.451,2342.62,1,-2,0,0.4
0.025,0.155,83.7107,1.72813,-10.2386,2329.44,1,-2,0,0.4
0.025,0.165,82.9014,1.71989,-10.0244,2315.32,1,-2,0,0.4
0.025,0.175,82.1419,1.70795,-9.8081,2300.28,1,-2,0,0.4
0.025,0.185,81.4562,1.69084,-9.58935,2284.35,1,-2,0,0.4
0.025,0.195,80.8669,1.66716,-9.36789,2267.56,1,-2,0,0.4
0.025,0.205,80.3946,1.63566,-9.14357,2249.91,1,-2,0,0.4
0.025,0.215,80.0582,1.59526,-8.91637,2231.39,1,-2,0,0.4
0.025,0.225,79.8748,1.54509,-8.68635,2211.97,1,-2,0,0.4
0.025,0.235,79.8596,1.48447,-8.45371,2191.59,1,-2,0,0.4
0.025,0.245,80.0261,1.41296,-8.21873,2170.15,1,-2,0,0.4
0.025,0.255,80.3862,1.33032,-7.98179,2147.57,1,-2,0,0.4
0.025,0.265,80.9503,1.23658,-7.74333,2123.74,1,-2,0,0.4
0.025,0.275,81.7274,1.13199,-7.50378,2098.58,1,-2,0,0.4
0.025,0.285,82.725,1.01702,-7.2636,2072.06,1,-2,0,0.4
0.025,0.295,83.9494,0.892385,-7.02319,2044.15,1,-2,0,0.4
0.025,0.305,85.405,0.758988,-6.78291,2014.91,1,-2,0,0.4
0.025,0.315,87.0946,0.61792,-6.54305,1984.43,1,-2,0,0.4
0.025,0.325,89.0191,0.470413,-6.30383,1952.82,1,-2,0,0.4
0.025,0.335,91.1767,0.31777,-6.06542,1920.23,1,-2,0,0.4
0.025,0.345,93.5587,0.161284,-5.82812,1886.66,1,-2,0,0.4
0.025,0.355,96.1427,0.00231477,-5.59272,1851.85,1,-2,0,0.4
0.025,0.365,98.8677,-0.157243,-5.3616,1814.69,1,-2,0,0.4
0.025,0.375,101.836,-0.316388,-5.12636,1777.41,1,-2,0,0.4
0.025,0.385,104.989,-0.47488,-4.891,1739.74,1,-2,0,0.4
0.025,0.395,108.325,-0.63142,-4.65477,1702.32,1,-2,0,0.4
0.025,0.405,111.809,-0.784485,-4.41887,1664.95,1,-2,0,0.4
0.025,0.415,115.419,-0.933262,-4.18325,1627.79,1,-2,0,0.4
0.025,0.425,119.14,-1.07733,-3.94692,1591.18,1,-2,0,0.4
0.025,0.435,122.951,-1.21643,-3.7089,1555.33,1,-2,0,0.4
0.025,0.445,126.822,-1.35037,-3.46849,1520.29,1,-2,0,0.4
0.025,0.455,130.721,-1.47902,-3.22495,1486.1,1,-2,0,0.4
0.025,0.465,134.614,-1.60241,-2.97746,1452.77,1,-2,0,0.4
0.025,0.475,138.446,-1.72085,-2.72546,1420.1,1,-2,0,0.4
0.025,0.485,142.138,-1.83491,-2.46881,1387.56,1,-2,0,0.4
0.025,0.495,145.583,-1.94527,-2.20746,1354.52,1,-2,0,0.4
0.025,0.505,148.662,-2.05274,-1.94112,1320.32,1,-2,0,0.4
0.025,0.515,151.228,-2.1586,-1.66946,1284.2,1,-2,0,0.4
0.025,0.525,153.096,-2.2649,-1.39236,1245.17,1,-2,0,0.4
0.025,0.535,154.027,-2.37466,-1.11012,1201.93,1,-2,0,0.4
0.025,0.545,153.734,-2.49215,-0.823588,1153.01,1,-2,0,0.4
0.025,0.555,151.917,-2.62314,-0.53363,1097.29,1,-2,0,0.4
0.025,0.565,148.37,-2.77634,-0.239161,1035.11,1,-2,0,0.4
0.025,0.575,142.698,-2.97294,0.0649119,967.82,1,-2,0,0.4
0.025,0.585,133.719,-3.2369,0.384158,896.778,1,-2,0,0.4
0.025,0.595,121.577,-3.60481,0.723378,829.976,1,-2,0,0.4
0.025,0.605,107.353,-4.1628,1.09415,778.609,1,-2,0,0.4
0.025,0.615,92.988,-5.08255,1.53223,753.765,1,-2,0,0.4
0.025,0.625,82.5155,-6.62294,2.0989,752.329,1,-2,0,0.4
0.025,0.635,81.5189,-8.83012,2.78395,739.364,1,-2,0,0.4
0.025,0.645,95.1476,-11.1413,3.35247,680.79,1,-2,0,0.4
0.025,0.655,128.333,-12.8558,3.53074,593.817,1,-2,0,0.4
0.025,0.665,178.858,-13.8699,3.43761,482.878,1,-2,0,0.4
0.025,0.675,239.093,-14.4191,3.25108,364.863,1,-2,0,0.4
0.025,0.685,301.383,-14.7064,3.06848,266.02,1,-2,0,0.4
0.025,0.695,361.838,-14.8528,2.93452,200.006,1,-2,0,0.4
0.025,0.705,420.886,-14.9253,2.85787,165.266,1,-2,0,0.4
0.025,0.715,480.381,-14.9606,2.82702,152.611,1,-2,0,0.4
0.025,0.725,541.066,-14.9779,2.82498,152.898,1,-2,0,0.4
0.025,0.735,602.108,-14.9868,2.83795,159.887,1,-2,0,0.4
0.025,0.745,661.792,-14.9916,2.85735,169.945,1,-2,0,0.4
0.025,0.755,718.279,-14.9945,2.87849,181.06,1,-2,0,0.4
0.025,0.765,770.057,-14.9963,2.89903,192.114,1,-2,0,0.4
0.025,0.775,816.102,-14.9975,2.91784,202.48,1,-2,0,0.4
0.025,0.785,855.895,-14.9983,2.93444,211.817,1,-2,0,0.4
0.025,0.795,889.365,-14.9988,2.94868,219.958,1,-2,0,0.4
0.025,0.805,916.792,-14.9992,2.96061,226.859,1,-2,0,0.4
0.025,0.815,938.706,-14.9995,2.97037,232.556,1,-2,0,0.4
0.025,0.825,955.786,-14.9996,2.97817,237.138,1,-2,0,0.4
0.025,0.835,968.778,-14.9997,2.98425,240.731,1,-2,0,0.4
0.025,0.845,978.424,-14.9998,2.98889,243.478,1,-2,0,0.4
0.025,0.855,985.416,-14.9999,2.99234,245.523,1,-2,0,0.4
0.025,0.865,990.365,-14.9999,2.99483,247.008,1,-2,0,0.4
0.025,0.875,993.785,-14.9999,2.99659,248.059,1,-2,0,0.4
0.025,0.885,996.094,-14.9999,2.9978,248.784,1,-2,0,0.4
0.025,0.895,997.616,-14.9999,2.99862,249.272,1,-2,0,0.4
0.025,0.905,998.597,-14.9999,2.99915,249.593,1,-2,0,0.4
0.025,0.915,999.215,-14.9999,2.99948,249.8,1,-2,0,0.4
0.025,0.925,999.596,-14.9999,2.99969,249.929,1,-2,0,0.4
0.025,0.935,999.826,-14.9999,2.99982,250.01,1,-2,0,0.4
0.025,0.945,999.962,-14.9998,2.9999,250.059,1,-2,0,0.4
0.025,0.955,1000.04,-14.9998,2.99994,250.089,1,-2,0,0.4
0.025,0.965,1000.09,-14.9998,2.99997,250.107,1,-2,0,0.4
0.025,0.975,1000.11,-14.9998,2.99998,250.118,1,-2,0,0.4
0.025,0.985,1000.13,-14.9998,2.99999,250.125,1,-2,0,0.4
0.025,0.995,1000.14,-14.9998,2.99999,250.13,1,-2,0,0.4
0.035,0.005,89.1535,2.27408,-13.2884,2398.04,1,-2,0,0.4
0.035,0.015,89.1522,2.2169,-13.0546,2386.49,1,-2,0,0.4
0.035,0.025,89.1289,2.16404,-12.8251,2376.09,1,-2,0,0.4
0.035,0.035,89.0647,2.11585,-12.5996,2366.61,1,-2,0,0.4
0.035,0.045,88.9404,2.07267,-12.3778,2357.84,1,-2,0,0.4
0.035,0.055,88.7382,2.0348,-12.1595,2349.52,1,-2,0,0.4
0.035,0.065,88.4435,2.00244,-11.9446,2341.43,1,-2,0,0.4
0.035,0.075,88.0459,1.97568,-11.7327,2333.31,1,-2,0,0.4
0.035,0.085,87.5406,1.95441,-11.5235,2324.95,1,-2,0,0.4
0.035,0.095,86.9295,1.93831,-11.3165,2316.14,1,-2,0,0.4
0.035,0.105,86.221,1.92685,-11.1113,2306.71,1,-2,0,0.4
0.035,0.115,85.4296,1.91925,-10.9073,2296.53,1,-2,0,0.4
0.035,0.125,84.5753,1.91452,-10.7037,2285.51,1,-2,0,0.4
0.035,0.135,83.6816,1.91147,-10.5,2273.56,1,-2,0,0.4
0.035,0.145,82.7746,1.90876,-10.2953,2260.68,1,-2,0,0.4
0.035,0.155,81.881,1.90493,-10.0891,2246.85,1,-2,0,0.4
0.035,0.165,81.0273,1.8985,-9.88076,2232.09,1,-2,0,0.4
0.035,0.175,80.2383,1.88796,-9.66966,2216.43,1,-2,0,0.4
0.035,0.185,79.5372,1.8719,-9.45541,2199.89,1,-2,0,0.4
0.035,0.195,78.945,1.84898,-9.2377,2182.49,1,-2,0,0.4
0.035,0.205,78.4801,1.81802,-9.01635,2164.25,1,-2,0,0.4
0.035,0.215,78.1593,1.778,-8.7913,2145.15,1,-2,0,0.4
0.035,0.225,77.9969,1.72811,-8.56266,2125.16,1,-2,0,0.4
0.035,0.235,78.0055,1.6677,-8.33065,2104.23,1,-2,0,0.4
0.035,0.245,78.196,1.5964,-8.09561,2082.28,1,-2,0,0.4
0.035,0.255,78.5775,1.51402,-7.85799,2059.22,1,-2,0,0.4
0.035,0.265,79.1576,1.42061,-7.61828,2034.97,1,-2,0,0.4
0.035,0.275,79.9428,1.31647,-7.37701,2009.45,1,-2,0,0.4
0.035,0.285,80.938,1.20209,-7.13466,1982.65,1,-2,0,0.4
0.035,0.295,82.1471,1.0782,-6.89171,1954.54,1,-2,0,0.4
0.035,0.305,83.5727,0.945687,-6.64855,1925.19,1,-2,0,0.4
0.035,0.315,85.2159,0.805616,-6.4055,1894.67,1,-2,0,0.4
0.035,0.325,87.0758,0.659138,-6.16281,1863.1,1,-2,0,0.4
0.035,0.335,89.1492,0.507444,-5.9207,1830.57,1,-2,0,0.4
0.035,0.345,91.4277,0.351706,-5.67942,1797.14,1,-2,0,0.4
0.035,0.355,93.8972,0.193104,-5.43933,1762.79,1,-2,0,0.4
0.035,0.365,96.5295,0.0330172,-5.20125,1727.24,1,-2,0,0.4
0.035,0.375,99.2612,-0.126309,-4.96745,1689.57,1,-2,0,0.4
0.035,0.385,102.197,-0.283379,-4.72889,1652.12,1,-2,0,0.4
0.035,0.395,105.286,-0.437316,-4.48911,1614.64,1,-2,0,0.4
0.035,0.405,108.484,-0.587574,-4.25023,1577.02,1,-2,0,0.4
0.035,0.415,111.774,-0.733611,-4.01155,1539.5,1,-2,0,0.4
0.035,0.425,115.136,-0.875013,-3.77208,1502.4,1,-2,0,0.4
0.035,0.435,118.552,-1.0115,-3.5308,1465.97,1,-2,0,0.4
0.035,0.445,121.99,-1.14286,-3.28698,1430.24,1,-2,0,0.4
0.035,0.455,125.416,-1.26898,-3.03993,1395.19,1,-2,0,0.4
0.035,0.465,128.784,-1.38994,-2.78891,1360.75,1,-2,0,0.4
0.035,0.475,132.036,-1.50612,-2.5334,1326.63,1,-2,0,0.4
0.035,0.485,135.087,-1.61818,-2.27321,1292.33,1,-2,0,0.4
0.035,0.495,137.83,-1.72695,-2.00824,1257.18,1,-2,0,0.4
0.035,0.505,140.139,-1.83352,-1.73833,1220.49,1,-2,0,0.4
0.035,0.515,141.858,-1.93954,-1.4634,1181.43,1,-2,0,0.4
0.035,0.525,142.798,-2.04743,-1.18364,1138.97,1,-2,0,0.4
0.035,0.535,142.729,-2.16057,-0.899681,1091.93,1,-2,0,0.4
0.035,0.545,141.404,-2.2835,-0.612508,1039.26,1,-2,0,0.4
0.035,0.555,138.614,-2.42255,-0.322516,980.595,1,-2,0,0.4
0.035,0.565,134.225,-2.59121,-0.0272667,916.889,1,-2,0,0.4
0.035,0.575,127.378,-2.80905,0.276513,848.238,1,-2,0,0.4
0.035,0.585,117.632,-3.09107,0.591617,780.43,1,-2,0,0.4
0.035,0.595,105.475,-3.49288,0.921613,721.382,1,-2,0,0.4
0.035,0.605,91.7921,-4.12094,1.28037,680.729,1,-2,0,0.4
0.035,0.615,78.6209,-5.18947,1.71274,666.146,1,-2,0,0.4
0.035,0.625,70.288,-6.97422,2.28458,667.883,1,-2,0,0.4
0.035,0.635,72.1619,-9.37936,2.9481,650.06,1,-2,0,0.4
0.035,0.645,88.9986,-11.6596,3.42064,592.053,1,-2,0,0.4
0.035,0.655,124.821,-13.2016,3.50179,513.331,1,-2,0,0.4
0.035,0.665,176.178,-14.0677,3.37185,413.887,1,-2,0,0.4
0.035,0.675,235.916,-14.5244,3.18273,312.845,1,-2,0,0.4
0.035,0.685,297.254,-14.7597,3.01399,231.805,1,-2,0,0.4
0.035,0.695,357.285,-14.8783,2.89805,180.154,1,-2,0,0.4
0.035,0.705,416.744,-14.937,2.83656,154.789,1,-2,0,0.4
0.035,0.715,477.152,-14.9657,2.81573,147.37,1,-2,0,0.4
0.035,0.725,538.81,-14.9801,2.81932,150.317,1,-2,0,0.4
0.035,0.735,600.637,-14.9877,2.83518,158.601,1,-2,0,0.4
0.035,0.745,660.869,-14.9921,2.85599,169.287,1,-2,0,0.4
0.035,0.755,717.71,-14.9947,2.87781,180.711,1,-2,0,0.4
0.035,0.765,769.706,-14.9964,2.89868,191.921,1,-2,0,0.4
0.035,0.775,815.883,-14.9975,2.91765,202.368,1,-2,0,0.4
0.035,0.785,855.755,-14.9983,2.93434,211.746,1,-2,0,0.4
0.035,0.795,889.271,-14.9989,2.94863,219.909,1,-2,0,0.4
0.035,0.805,916.724,-14.9992,2.96058,226.821,1,-2,0,0.4
0.035,0.815,938.651,-14.9995,2.97036,232.521,1,-2,0,0.4
0.035,0.825,955.737,-14.9997,2.97816,237.104,1,-2,0,0.4
0.035,0.835,968.729,-14.9998,2.98426,240.694,1,-2,0,0.4
0.035,0.845,978.373,-14.9999,2.9889,243.437,1,-2,0,0.4
0.035,0.855,985.361,-14.9999,2.99234,245.478,1,-2,0,0.4
0.035,0.865,990.305,-14.9999,2.99484,246.957,1,-2,0,0.4
0.035,0.875,993.719,-15,2.9966,248.002,1,-2,0,0.4
0.035,0.885,996.022,-15,2.99781,248.721,1,-2,0,0.4
0.035,0.895,997.539,-15,2.99863,249.204,1,-2,0,0.4
0.035,0.905,998.514,-15,2.99916,249.519,1,-2,0,0.4
0.035,0.915,999.127,-15,2.99949,249.719,1,-2,0,0.4
0.035,0.925,999.503,-15,2.9997,249.844,1,-2,0,0.4
0.035,0.935,999.729,-15,2.99983,249.92,1,-2,0,0.4
0.035,0.945,999.862,-15,2.9999,249.965,1,-2,0,0.4
0.035,0.955,999.938,-15,2.99995,249.991,1,-2,0,0.4
0.035,0.965,999.98,-15,2.99997,250.006,1,-2,0,0.4
0.035,0.975,1000,-15,2.99998,250.015,1,-2,0,0.4
0.035,0.985,1000.02,-15,2.99999,250.019,1,-2,0,0.4
0.035,0.995,1000.02,-15,3,250.022,1,-2,0,0.4
0.045,0.005,88.4246,2.3974,-13.0551,2331.73,1,-2,0,0.4
0.045,0.015,88.3986,2.344,-12.8224,2318.89,1,-2,0,0.4
0.045,0.025,88.3336,2.29535,-12.595,2307.28,1,-2,0,0.4
0.045,0.035,88.2094,2.25174,-12.3727,2296.67,1,-2,0,0.4
0.045,0.045,88.0069,2.21347,-12.1553,2286.82,1,-2,0,0.4
0.045,0.055,87.7104,2.18073,-11.9425,2277.47,1,-2,0,0.4
0.045,0.065,87.3082,2.15362,-11.7339,2268.37,1,-2,0,0.4
0.045,0.075,86.7944,2.13209,-11.5291,2259.29,1,-2,0,0.4
0.045,0.085,86.1697,2.1159,-11.3275,2250,1,-2,0,0.4
0.045,0.095,85.4411,2.1046,-11.1285,2240.3,1,-2,0,0.4
0.045,0.105,84.6224,2.09754,-10.9313,2230.03,1,-2,0,0.4
0.045,0.115,83.7326,2.09386,-10.7351,2219.06,1,-2,0,0.4
0.045,0.125,82.7947,2.09248,-10.5391,2207.29,1,-2,0,0.4
0.045,0.135,81.8344,2.09219,-10.3424,2194.67,1,-2,0,0.4
0.045,0.145,80.8784,2.09163,-10.1442,2181.15,1,-2,0,0.4
0.045,0.155,79.9529,2.08938,-9.94377,2166.74,1,-2,0,0.4
0.045,0.165,79.0831,2.084,-9.74046,2151.44,1,-2,0,0.4
0.045,0.175,78.2919,2.07407,-9.53367,2135.28,1,-2,0,0.4
0.045,0.185,77.6001,2.05825,-9.32299,2118.26,1,-2,0,0.4
0.045,0.195,77.0261,2.03529,-9.1081,2100.41,1,-2,0,0.4
0.045,0.205,76.5857,2.0041,-8.88887,2081.72,1,-2,0,0.4
0.045,0.215,76.293,1.96374,-8.66527,2062.18,1,-2,0,0.4
0.045,0.225,76.1599,1.91347,-8.43745,2041.77,1,-2,0,0.4
0.045,0.235,76.1964,1.85272,-8.20569,2020.42,1,-2,0,0.4
0.045,0.245,76.4111,1.78117,-7.97038,1998.08,1,-2,0,0.4
0.045,0.255,76.8108,1.69866,-7.73199,1974.66,1,-2,0,0.4
0.045,0.265,77.4012,1.6053,-7.49108,1950.09,1,-2,0,0.4
0.045,0.275,78.1867,1.50139,-7.2482,1924.32,1,-2,0,0.4
0.045,0.285,79.1705,1.38746,-7.00388,1897.31,1,-2,0,0.4
0.045,0.295,80.3548,1.26421,-6.75861,1869.08,1,-2,0,0.4
0.045,0.305,81.7408,1.13255,-6.51282,1839.67,1,-2,0,0.4
0.045,0.315,83.3277,0.993467,-6.26687,1809.16,1,-2,0,0.4
0.045,0.325,85.1131,0.848066,-6.02107,1777.61,1,-2,0,0.4
0.045,0.335,87.092,0.697472,-5.77566,1745.14,1,-2,0,0.4
0.045,0.345,89.2558,0.5428,-5.53089,1711.81,1,-2,0,0.4
0.045,0.355,91.5925,0.385159,-5.28697,1677.67,1,-2,0,0.4
0.045,0.365,94.0863,0.225717,-5.04408,1642.77,1,-2,0,0.4
0.045,0.375,96.7312,0.0662848,-4.80154,1607.45,1,-2,0,0.4
0.045,0.385,99.4402,-0.0900839,-4.56321,1570.34,1,-2,0,0.4
0.045,0.395,102.258,-0.242088,-4.32365,1532.61,1,-2,0,0.4
0.045,0.405,105.182,-0.389706,-4.08184,1494.94,1,-2,0,0.4
0.045,0.415,108.163,-0.53311,-3.84006,1457.26,1,-2,0,0.4
0.045,0.425,111.183,-0.671968,-3.5974,1419.85,1,-2,0,0.4
0.045,0.435,114.22,-0.806027,-3.35284,1382.96,1,-2,0,0.4
0.045,0.445,117.245,-0.935134,-3.10561,1346.65,1,-2,0,0.4
0.045,0.455,120.218,-1.05923,-2.85506,1310.86,1,-2,0,0.4
0.045,0.465,123.089,-1.17847,-2.60055,1275.42,1,-2,0,0.4
0.045,0.475,125.794,-1.2933,-2.34166,1240.01,1,-2,0,0.4
0.045,0.485,128.245,-1.40449,-2.07819,1204.08,1,-2,0,0.4
0.045,0.495,130.331,-1.51305,-1.81013,1167,1,-2,0,0.4
0.045,0.505,131.922,-1.62035,-1.53749,1128.02,1,-2,0,0.4
0.045,0.515,132.861,-1.72834,-1.26047,1086.3,1,-2,0,0.4
0.045,0.525,132.965,-1.83974,-0.97959,1040.91,1,-2,0,0.4
0.045,0.535,132.03,-1.95812,-0.695692,990.947,1,-2,0,0.4
0.045,0.545,129.873,-2.08833,-0.409605,935.901,1,-2,0,0.4
0.045,0.555,126.406,-2.23868,-0.12052,876.231,1,-2,0,0.4
0.045,0.565,121.247,-2.42702,0.173362,811.729,1,-2,0,0.4
0.045,0.575,113.663,-2.65732,0.472868,745.305,1,-2,0,0.4
0.045,0.585,103.755,-2.95958,0.778713,683.506,1,-2,0,0.4
0.045,0.595,91.9777,-3.39782,1.09435,633.747,1,-2,0,0.4
0.045,0.605,79.0503,-4.10491,1.43774,603.741,1,-2,0,0.4
0.045,0.615,67.2237,-5.33912,1.86479,597.531,1,-2,0,0.4
0.045,0.625,61.0361,-7.36665,2.44178,600.084,1,-2,0,0.4
0.045,0.635,65.5224,-9.9103,3.07396,578.074,1,-2,0,0.4
0.045,0.645,85.1096,-12.1013,3.45066,522.637,1,-2,0,0.4
0.045,0.655,122.787,-13.4745,3.46101,450.312,1,-2,0,0.4
0.045,0.665,174.515,-14.2172,3.30876,360.975,1,-2,0,0.4
0.045,0.675,233.539,-14.6018,3.12308,273.763,1,-2,0,0.4
0.045,0.685,293.938,-14.798,2.9688,206.566,1,-2,0,0.4
0.045,0.695,353.607,-14.8965,2.86885,165.685,1,-2,0,0.4
0.045,0.705,413.429,-14.9451,2.81989,147.169,1,-2,0,0.4
0.045,0.715,474.59,-14.9693,2.80698,143.528,1,-2,0,0.4
0.045,0.725,537.024,-14.9817,2.81494,148.395,1,-2,0,0.4
0.045,0.735,599.468,-14.9884,2.83301,157.626,1,-2,0,0.4
0.045,0.745,660.129,-14.9924,2.8549,168.779,1,-2,0,0.4
0.045,0.755,717.25,-14.9948,2.87725,180.438,1,-2,0,0.4
0.045,0.765,769.423,-14.9965,2.89839,191.77,1,-2,0,0.4
0.045,0.775,815.709,-14.9976,2.9175,202.282,1,-2,0,0.4
0.045,0.785,855.649,-14.9983,2.93426,211.697,1,-2,0,0.4
0.045,0.795,889.206,-14.9989,2.94859,219.88,1,-2,0,0.4
0.045,0.805,916.683,-14.9993,2.96056,226.802,1,-2,0,0.4
0.045,0.815,938.624,-14.9995,2.97034,232.508,1,-2,0,0.4
0.045,0.825,955.717,-14.9997,2.97816,237.094,1,-2,0,0.4
0.045,0.835,968.714,-14.9998,2.98425,240.685,1,-2,0,0.4
0.045,0.845,978.359,-14.9999,2.9889,243.428,1,-2,0,0.4
0.045,0.855,985.348,-14.9999,2.99234,245.468,1,-2,0,0.4
0.045,0.865,990.291,-15,2.99484,246.947,1,-2,0,0.4
0.045,0.875,993.705,-15,2.9966,247.991,1,-2,0,0.4
0.045,0.885,996.006,-15,2.99782,248.709,1,-2,0,0.4
0.045,0.895,997.522,-15,2.99863,249.19,1,-2,0,0.4
0.045,0.905,998.496,-15,2.99916,249.504,1,-2,0,0.4
0.045,0.915,999.108,-15,2.99949,249.704,1,-2,0,0.4
0.045,0.925,999.483,-15,2.9997,249.828,1,-2,0,0.4
0.045,0.935,999.708,-15,2.99983,249.903,1,-2,0,0.4
0.045,0.945,999.84,-15,2.9999,249.948,1,-2,0,0.4
0.045,0.955,999.915,-15,2.99995,249.973,1,-2,0,0.4
0.045,0.965,999.958,-15,2.99997,249.988,1,-2,0,0.4
0.045,0.975,999.981,-15,2.99999,249.996,1,-2,0,0.4
0.045,0.985,999.993,-15,2.99999,250,1,-2,0,0.4
0.045,0.995,1000,-15,3,250.002,1,-2,0,0.4
0.055,0.005,87.7954,2.52909,-12.8081,2268.6,1,-2,0,0.4
0.055,0.015,87.6926,2.48011,-12.5814,2254.45,1,-2,0,0.4
0.055,0.025,87.5323,2.4363,-12.3609,2241.57,1,-2,0,0.4
0.055,0.035,87.2961,2.39787,-12.1464,2229.72,1,-2,0,0.4
0.055,0.045,86.9684,2.36499,-11.9376,2218.65,1,-2,0,0.4
0.055,0.055,86.5377,2.33773,-11.7337,2208.13,1,-2,0,0.4
0.055,0.065,85.9979,2.31604,-11.5344,2197.89,1,-2,0,0.4
0.055,0.075,85.3489,2.29973,-11.3389,2187.72,1,-2,0,0.4
0.055,0.085,84.5968,2.28841,-11.1464,2177.4,1,-2,0,0.4
0.055,0.095,83.7538,2.28153,-10.9561,2166.74,1,-2,0,0.4
0.055,0.105,82.8374,2.27834,-10.767,2155.59,1,-2,0,0.4
0.055,0.115,81.8689,2.27791,-10.5783,2143.81,1,-2,0,0.4
0.055,0.125,80.8725,2.27912,-10.389,2131.33,1,-2,0,0.4
0.055,0.135,79.8734,2.28076,-10.1981,2118.07,1,-2,0,0.4
0.055,0.145,78.8969,2.28151,-10.005,2104,1,-2,0,0.4
0.055,0.155,77.9672,2.27999,-9.80876,2089.1,1,-2,0,0.4
0.055,0.165,77.1065,2.27483,-9.60885,2073.37,1,-2,0,0.4
0.055,0.175,76.3352,2.26472,-9.40474,2056.81,1,-2,0,0.4
0.055,0.185,75.6709,2.24839,-9.19605,2039.44,1,-2,0,0.4
0.055,0.195,75.1293,2.22471,-8.98256,2021.25,1,-2,0,0.4
0.055,0.205,74.7238,2.19268,-8.76416,2002.24,1,-2,0,0.4
0.055,0.215,74.4658,2.15144,-8.54093,1982.39,1,-2,0,0.4
0.055,0.225,74.3651,2.10032,-8.31304,1961.66,1,-2,0,0.4
0.055,0.235,74.4297,2.03883,-8.08082,1940.02,1,-2,0,0.4
0.055,0.245,74.6663,1.96668,-7.84469,1917.39,1,-2,0,0.4
0.055,0.255,75.08,1.88378,-7.60518,1893.71,1,-2,0,0.4
0.055,0.265,75.675,1.79024,-7.36283,1868.92,1,-2,0,0.4
0.055,0.275,76.454,1.68641,-7.11823,1842.98,1,-2,0,0.4
0.055,0.285,77.4191,1.5728,-6.87192,1815.86,1,-2,0,0.4
0.055,0.295,78.5711,1.45012,-6.6244,1787.57,1,-2,0,0.4
0.055,0.305,79.9094,1.31924,-6.37614,1758.16,1,-2,0,0.4
0.055,0.315,81.4322,1.18111,-6.1275,1727.68,1,-2,0,0.4
0.055,0.325,83.1355,1.0368,-5.87882,1696.21,1,-2,0,0.4
0.055,0.335,85.0128,0.887367,-5.63037,1663.84,1,-2,0,0.4
0.055,0.345,87.0551,0.73389,-5.38237,1630.63,1,-2,0,0.4
0.055,0.355,89.2516,0.577421,-5.1349,1596.7,1,-2,0,0.4
0.055,0.365,91.6088,0.419268,-4.88683,1562.61,1,-2,0,0.4
0.055,0.375,94.1017,0.261566,-4.63907,1528.21,1,-2,0,0.4
0.055,0.385,96.6811,0.106012,-4.394,1492.92,1,-2,0,0.4
0.055,0.395,99.2828,-0.0454782,-4.15337,1456.06,1,-2,0,0.4
0.055,0.405,101.906,-0.191885,-3.91337,1418.1,1,-2,0,0.4
0.055,0.415,104.591,-0.333104,-3.66877,1380.35,1,-2,0,0.4
0.055,0.425,107.282,-0.469758,-3.42302,1342.75,1,-2,0,0.4
0.055,0.435,109.958,-0.601746,-3.17531,1305.51,1,-2,0,0.4
0.055,0.445,112.587,-0.72902,-2.92486,1268.68,1,-2,0,0.4
0.055,0.455,115.128,-0.851632,-2.67104,1232.21,1,-2,0,0.4
0.055,0.465,117.529,-0.969828,-2.41335,1195.87,1,-2,0,0.4
0.055,0.475,119.719,-1.08416,-2.15144,1159.29,1,-2,0,0.4
0.055,0.485,121.609,-1.19552,-1.88525,1121.92,1,-2,0,0.4
0.055,0.495,123.085,-1.3051,-1.61487,1083.1,1,-2,0,0.4
0.055,0.505,124.017,-1.41451,-1.34056,1042.12,1,-2,0,0.4
0.055,0.515,124.253,-1.52593,-1.0628,998.19,1,-2,0,0.4
0.055,0.525,123.627,-1.64223,-0.782327,950.566,1,-2,0,0.4
0.055,0.535,121.98,-1.76716,-0.500056,898.736,1,-2,0,0.4
0.055,0.545,119.215,-1.90635,-0.216068,842.86,1,-2,0,0.4
0.055,0.555,115.254,-2.07402,0.0709355,783.043,1,-2,0,0.4
0.055,0.565,109.465,-2.27314,0.360702,719.839,1,-2,0,0.4
0.055,0.575,101.636,-2.51588,0.652046,658.173,1,-2,0,0.4
0.055,0.585,91.9419,-2.83964,0.944631,603.834,1,-2,0,0.4
0.055,0.595,80.7078,-3.31801,1.24199,563.459,1,-2,0,0.4
0.055,0.605,68.6037,-4.11367,1.56883,542.954,1,-2,0,0.4
0.055,0.615,58.1589,-5.5283,1.99368,542.795,1,-2,0,0.4
0.055,0.625,54.0128,-7.78599,2.57592,544.385,1,-2,0,0.4
0.055,0.635,60.8084,-10.4074,3.16842,519.131,1,-2,0,0.4
0.055,0.645,82.6927,-12.4729,3.45587,467.02,1,-2,0,0.4
0.055,0.655,121.67,-13.6911,3.41509,399.946,1,-2,0,0.4
0.055,0.665,173.44,-14.3323,3.25015,319.353,1,-2,0,0.4
0.055,0.675,231.639,-14.6604,3.07114,243.528,1,-2,0,0.4
0.055,0.685,291.166,-14.8266,2.93096,187.322,1,-2,0,0.4
0.055,0.695,350.548,-14.9098,2.84506,154.742,1,-2,0,0.4
0.055,0.705,410.706,-14.9511,2.80653,141.399,1,-2,0,0.4
0.055,0.715,472.5,-14.9719,2.80002,140.589,1,-2,0,0.4
0.055,0.725,535.565,-14.9828,2.81143,146.901,1,-2,0,0.4
0.055,0.735,598.505,-14.989,2.83125,156.851,1,-2,0,0.4
0.055,0.745,659.513,-14.9926,2.854,168.366,1,-2,0,0.4
0.055,0.755,716.862,-14.995,2.87679,180.212,1,-2,0,0.4
0.055,0.765,769.181,-14.9965,2.89814,191.644,1,-2,0,0.4
0.055,0.775,815.56,-14.9976,2.91736,202.211,1,-2,0,0.4
0.055,0.785,855.558,-14.9984,2.93418,211.656,1,-2,0,0.4
0.055,0.795,889.151,-14.9989,2.94855,219.856,1,-2,0,0.4
0.055,0.805,916.651,-14.9993,2.96054,226.788,1,-2,0,0.4
0.055,0.815,938.605,-14.9995,2.97033,232.5,1,-2,0,0.4
0.055,0.825,955.706,-14.9997,2.97815,237.089,1,-2,0,0.4
0.055,0.835,968.707,-14.9998,2.98425,240.682,1,-2,0,0.4
0.055,0.845,978.354,-14.9999,2.98889,243.425,1,-2,0,0.4
0.055,0.855,985.344,-14.9999,2.99234,245.466,1,-2,0,0.4
0.055,0.865,990.287,-15,2.99484,246.945,1,-2,0,0.4
0.055,0.875,993.701,-15,2.9966,247.989,1,-2,0,0.4
0.055,0.885,996.003,-15,2.99782,248.707,1,-2,0,0.4
0.055,0.895,997.518,-15,2.99863,249.188,1,-2,0,0.4
0.055,0.905,998.493,-15,2.99916,249.502,1,-2,0,0.4
0.055,0.915,999.104,-15,2.99949,249.701,1,-2,0,0.4
0.055,0.925,999.479,-15,2.9997,249.825,1,-2,0,0.4
0.055,0.935,999.704,-15,2.99983,249.9,1,-2,0,0.4
0.055,0.945,999.836,-15,2.9999,249.944,1,-2,0,0.4
0.055,0.955,999.911,-15,2.99995,249.97,1,-2,0,0.4
0.055,0.965,999.953,-15,2.99997,249.984,1,-2,0,0.4
0.055,0.975,999.976,-15,2.99999,249.992,1,-2,0,0.4
0.055,0.985,999.988,-15,2.99999,249.996,1,-2,0,0.4
0.055,0.995,999.995,-15,3,249.999,1,-2,0,0.4
0.065,0.005,87.1511,2.67389,-12.5718,2208.21,1,-2,0,0.4
0.065,0.015,86.925,2.62957,-12.3542,2192.67,1,-2,0,0.4
0.065,0.025,86.6278,2.59072,-12.1435,2178.42,1,-2,0,0.4
0.065,0.035,86.2449,2.55746,-11.939,2165.23,1,-2,0,0.4
0.065,0.045,85.7659,2.52979,-11.7403,2152.85,1,-2,0,0.4
0.065,0.055,85.185,2.50765,-11.5465,2141.05,1,-2,0,0.4
0.065,0.065,84.5018,2.49085,-11.3569,2129.61,1,-2,0,0.4
0.065,0.075,83.7214,2.47907,-11.1705,2118.3,1,-2,0,0.4
0.065,0.085,82.8544,2.47183,-10.9865,2106.93,1,-2,0,0.4
0.065,0.095,81.9161,2.46846,-10.8038,2095.31,1,-2,0,0.4
0.065,0.105,80.9255,2.46817,-10.6215,2083.3,1,-2,0,0.4
0.065,0.115,79.9045,2.46998,-10.4386,2070.78,1,-2,0,0.4
0.065,0.125,78.8762,2.47279,-10.2541,2057.65,1,-2,0,0.4
0.065,0.135,77.864,2.4754,-10.0673,2043.83,1,-2,0,0.4
0.065,0.145,76.8905,2.47653,-9.87731,2029.29,1,-2,0,0.4
0.065,0.155,75.9769,2.4749,-9.68346,2013.99,1,-2,0,0.4
0.065,0.165,75.1426,2.46921,-9.48522,1997.93,1,-2,0,0.4
0.065,0.175,74.4046,2.45824,-9.28217,1981.08,1,-2,0,0.4
0.065,0.185,73.7779,2.44082,-9.07402,1963.44,1,-2,0,0.4
0.065,0.195,73.2756,2.41591,-8.86063,1945.01,1,-2,0,0.4
0.065,0.205,72.9088,2.38259,-8.64197,1925.76,1,-2,0,0.4
0.065,0.215,72.6868,2.34009,-8.41817,1905.69,1,-2,0,0.4
0.065,0.225,72.6176,2.28781,-8.18946,1884.74,1,-2,0,0.4
0.065,0.235,72.7076,2.22531,-7.95619,1862.89,1,-2,0,0.4
0.065,0.245,72.9619,2.15234,-7.71881,1840.06,1,-2,0,0.4
0.065,0.255,73.3844,2.06886,-7.47786,1816.21,1,-2,0,0.4
0.065,0.265,73.978,1.97501,-7.23389,1791.28,1,-2,0,0.4
0.065,0.275,74.7442,1.87113,-6.98748,1765.24,1,-2,0,0.4
0.065,0.285,75.6839,1.75775,-6.73918,1738.07,1,-2,0,0.4
0.065,0.295,76.7966,1.63556,-6.4895,1709.79,1,-2,0,0.4
0.065,0.305,78.0808,1.50539,-6.23889,1680.43,1,-2,0,0.4
0.065,0.315,79.533,1.36817,-5.98773,1650.04,1,-2,0,0.4
0.065,0.325,81.1482,1.2249,-5.73637,1618.7,1,-2,0,0.4
0.065,0.335,82.919,1.07661,-5.48507,1586.48,1,-2,0,0.4
0.065,0.345,84.8361,0.924311,-5.23399,1553.47,1,-2,0,0.4
0.065,0.355,86.902,0.7691,-4.98238,1520.1,1,-2,0,0.4
0.065,0.365,89.1133,0.612935,-4.72982,1486.67,1,-2,0,0.4
0.065,0.375,91.429,0.457582,-4.47873,1452.66,1,-2,0,0.4
0.065,0.385,93.8264,0.303934,-4.22938,1418.1,1,-2,0,0.4
0.065,0.395,96.2686,0.153102,-3.98226,1382.79,1,-2,0,0.4
0.065,0.405,98.7002,0.00664711,-3.73823,1346.3,1,-2,0,0.4
0.065,0.415,101.066,-0.134268,-3.49679,1308.29,1,-2,0,0.4
0.065,0.425,103.442,-0.26949,-3.24921,1270.54,1,-2,0,0.4
0.065,0.435,105.773,-0.399878,-2.99866,1233.03,1,-2,0,0.4
0.065,0.445,108.026,-0.525762,-2.74531,1195.77,1,-2,0,0.4
0.065,0.455,110.159,-0.647386,-2.48864,1158.68,1,-2,0,0.4
0.065,0.465,112.116,-0.765147,-2.22823,1121.54,1,-2,0,0.4
0.065,0.475,113.825,-0.87973,-1.96391,1083.93,1,-2,0,0.4
0.065,0.485,115.194,-0.992155,-1.69575,1045.3,1,-2,0,0.4
0.065,0.495,116.111,-1.10379,-1.42402,1005.01,1,-2,0,0.4
0.065,0.505,116.447,-1.21641,-1.1492,962.389,1,-2,0,0.4
0.065,0.515,116.065,-1.33234,-0.872011,916.797,1,-2,0,0.4
0.065,0.525,114.827,-1.45451,-0.593345,867.749,1,-2,0,0.4
0.065,0.535,112.628,-1.58707,-0.313831,815.191,1,-2,0,0.4
0.065,0.545,109.481,-1.73973,-0.0324785,759.614,1,-2,0,0.4
0.065,0.555,105.05,-1.9204,0.25055,700.46,1,-2,0,0.4
0.065,0.565,98.9651,-2.12731,0.533183,640.776,1,-2,0,0.4
0.065,0.575,91.2186,-2.38301,0.813347,585.168,1,-2,0,0.4
0.065,0.585,81.9325,-2.72944,1.08937,538.696,1,-2,0,0.4
0.065,0.595,71.2827,-3.25191,1.36603,507.076,1,-2,0,0.4
0.065,0.605,59.9973,-4.14624,1.67758,494.445,1,-2,0,0.4
0.065,0.615,50.9129,-5.75333,2.105,498.123,1,-2,0,0.4
0.065,0.625,48.656,-8.21898,2.69131,497.696,1,-2,0,0.4
0.065,0.635,57.4676,-10.8624,3.23739,470.21,1,-2,0,0.4
0.065,0.645,81.2515,-12.7842,3.44523,421.563,1,-2,0,0.4
0.065,0.655,121.122,-13.8648,3.36776,358.913,1,-2,0,0.4
0.065,0.665,172.704,-14.4226,3.19641,285.886,1,-2,0,0.4
0.065,0.675,230.04,-14.7057,3.02576,219.565,1,-2,0,0.4
0.065,0.685,288.783,-14.8486,2.89893,172.258,1,-2,0,0.4
0.065,0.695,347.952,-14.92,2.82539,146.227,1,-2,0,0.4
0.065,0.705,408.424,-14.9557,2.79563,136.897,1,-2,0,0.4
0.065,0.715,470.759,-14.9739,2.79435,138.271,1,-2,0,0.4
0.065,0.725,534.348,-14.9837,2.80856,145.702,1,-2,0,0.4
0.065,0.735,597.695,-14.9894,2.82979,156.217,1,-2,0,0.4
0.065,0.745,658.988,-14.9928,2.85325,168.021,1,-2,0,0.4
0.065,0.755,716.528,-14.9951,2.87639,180.02,1,-2,0,0.4
0.065,0.765,768.971,-14.9966,2.89792,191.535,1,-2,0,0.4
0.065,0.775,815.429,-14.9976,2.91724,202.148,1,-2,0,0.4
0.065,0.785,855.478,-14.9984,2.93412,211.62,1,-2,0,0.4
0.065,0.795,889.103,-14.9989,2.94851,219.836,1,-2,0,0.4
0.065,0.805,916.623,-14.9993,2.96052,226.777,1,-2,0,0.4
0.065,0.815,938.589,-14.9995,2.97032,232.494,1,-2,0,0.4
0.065,0.825,955.697,-14.9997,2.97815,237.085,1,-2,0,0.4
0.065,0.835,968.701,-14.9998,2.98425,240.68,1,-2,0,0.4
0.065,0.845,978.351,-14.9999,2.98889,243.424,1,-2,0,0.4
0.065,0.855,985.342,-14.9999,2.99234,245.465,1,-2,0,0.4
0.065,0.865,990.286,-15,2.99484,246.944,1,-2,0,0.4
0.065,0.875,993.7,-15,2.9966,247.989,1,-2,0,0.4
0.065,0.885,996.002,-15,2.99782,248.707,1,-2,0,0.4
0.065,0.895,997.518,-15,2.99863,249.187,1,-2,0,0.4
0.065,0.905,998.492,-15,2.99916,249.501,1,-2,0,0.4
0.065,0.915,999.103,-15,2.99949,249.701,1,-2,0,0.4
0.065,0.925,999.478,-15,2.9997,249.825,1,-2,0,0.4
0.065,0.935,999.703,-15,2.99983,249.9,1,-2,0,0.4
0.065,0.945,999.835,-15,2.9999,249.944,1,-2,0,0.4
0.065,0.955,999.91,-15,2.99995,249.969,1,-2,0,0.4
0.065,0.965,999.952,-15,2.99997,249.984,1,-2,0,0.4
0.065,0.975,999.975,-15,2.99999,249.991,1,-2,0,0.4
0.065,0.985,999.987,-15,2.99999,249.996,1,-2,0,0.4
0.065,0.995,999.994,-15,3,249.998,1,-2,0,0.4
0.075,0.005,86.4054,2.83416,-12.3616,2150.18,1,-2,0,0.4
0.075,0.015,86.0254,2.79425,-12.1542,2133.17,1,-2,0,0.4
0.075,0.025,85.5684,2.75995,-11.9535,2117.47,1,-2,0,0.4
0.075,0.035,85.025,2.73125,-11.759,2102.87,1,-2,0,0.4
0.075,0.045,84.3902,2.70805,-11.5698,2089.13,1,-2,0,0.4
0.075,0.055,83.6634,2.69016,-11.385,2076.04,1,-2,0,0.4
0.075,0.065,82.849,2.67728,-11.2037,2063.38,1,-2,0,0.4
0.075,0.075,81.9556,2.66897,-11.0248,2050.95,1,-2,0,0.4
0.075,0.085,80.9965,2.66468,-10.8474,2038.56,1,-2,0,0.4
0.075,0.095,79.9879,2.66371,-10.6703,2026.04,1,-2,0,0.4
0.075,0.105,78.949,2.6652,-10.4927,2013.24,1,-2,0,0.4
0.075,0.115,77.9003,2.66818,-10.3136,2000.03,1,-2,0,0.4
0.075,0.125,76.8629,2.67158,-10.1321,1986.33,1,-2,0,0.4
0.075,0.135,75.8573,2.67424,-9.9473,1972.03,1,-2,0,0.4
0.075,0.145,74.9034,2.67495,-9.75866,1957.1,1,-2,0,0.4
0.075,0.155,74.0191,2.67248,-9.56555,1941.48,1,-2,0,0.4
0.075,0.165,73.2208,2.66564,-9.36752,1925.14,1,-2,0,0.4
0.075,0.175,72.5228,2.65328,-9.16425,1908.07,1,-2,0,0.4
0.075,0.185,71.9377,2.63433,-8.95553,1890.23,1,-2,0,0.4
0.075,0.195,71.4763,2.60782,-8.74129,1871.63,1,-2,0,0.4
0.075,0.205,71.1478,2.57291,-8.52158,1852.22,1,-2,0,0.4
0.075,0.215,70.9598,2.5289,-8.29655,1831.99,1,-2,0,0.4
0.075,0.225,70.9188,2.47525,-8.0665,1810.89,1,-2,0,0.4
0.075,0.235,71.0299,2.41156,-7.83179,1788.89,1,-2,0,0.4
0.075,0.245,71.297,2.33764,-7.59288,1765.94,1,-2,0,0.4
0.075,0.255,71.7228,2.25347,-7.3503,1741.99,1,-2,0,0.4
0.075,0.265,72.3091,2.1592,-7.10461,1716.99,1,-2,0,0.4
0.075,0.275,73.0566,2.05519,-6.85636,1690.91,1,-2,0,0.4
0.075,0.285,73.9649,1.94195,-6.6061,1663.76,1,-2,0,0.4
0.075,0.295,75.0326,1.82017,-6.35433,1635.53,1,-2,0,0.4
0.075,0.305,76.257,1.69064,-6.10149,1606.28,1,-2,0,0.4
0.075,0.315,77.6337,1.55425,-5.84797,1576.04,1,-2,0,0.4
0.075,0.325,79.1568,1.41194,-5.59409,1544.88,1,-2,0,0.4
0.075,0.335,80.8181,1.2647,-5.3401,1512.88,1,-2,0,0.4
0.075,0.345,82.6139,1.11348,-5.08575,1480.27,1,-2,0,0.4
0.075,0.355,84.5568,0.959893,-4.82961,1447.71,1,-2,0,0.4
0.075,0.365,86.605,0.806085,-4.57426,1414.57,1,-2,0,0.4
0.075,0.375,88.7403,0.652993,-4.32017,1380.91,1,-2,0,0.4
0.075,0.385,90.9418,0.501419,-4.06735,1346.77,1,-2,0,0.4
0.075,0.395,93.1811,0.352187,-3.81587,1312.13,1,-2,0,0.4
0.075,0.405,95.4206,0.206246,-3.56599,1276.82,1,-2,0,0.4
0.075,0.415,97.615,0.064716,-3.31792,1240.66,1,-2,0,0.4
0.075,0.425,99.6847,-0.0710089,-3.07296,1203,1,-2,0,0.4
0.075,0.435,101.681,-0.200995,-2.82301,1165.17,1,-2,0,0.4
0.075,0.445,103.578,-0.326096,-2.56746,1127.53,1,-2,0,0.4
0.075,0.455,105.326,-0.447227,-2.30848,1089.93,1,-2,0,0.4
0.075,0.465,106.868,-0.565093,-2.04601,1052.07,1,-2,0,0.4
0.075,0.475,108.129,-0.680566,-1.78004,1013.56,1,-2,0,0.4
0.075,0.485,109.018,-0.794816,-1.51079,973.866,1,-2,0,0.4
0.075,0.495,109.426,-0.909342,-1.23875,932.386,1,-2,0,0.4
0.075,0.505,109.234,-1.02602,-0.964595,888.549,1,-2,0,0.4
0.075,0.515,108.324,-1.14721,-0.689221,841.899,1,-2,0,0.4
0.075,0.525,106.594,-1.27596,-0.413521,792.263,1,-2,0,0.4
0.075,0.535,104.024,-1.41811,-0.137214,740.087,1,-2,0,0.4
0.075,0.545,100.576,-1.5864,0.140367,685.093,1,-2,0,0.4
0.075,0.555,95.8183,-1.77301,0.417249,628.289,1,-2,0,0.4
0.075,0.565,89.7188,-1.98833,0.690278,573.366,1,-2,0,0.4
0.075,0.575,82.2511,-2.25747,0.956664,524.299,1,-2,0,0.4
0.075,0.585,73.4461,-2.62757,1.21358,485.475,1,-2,0,0.4
0.075,0.595,63.3521,-3.19851,1.46885,461.543,1,-2,0,0.4
0.075,0.605,52.8566,-4.20202,1.7685,455.1,1,-2,0,0.4
0.075,0.615,45.0871,-6.01017,2.20346,460.822,1,-2,0,0.4
0.075,0.625,44.5519,-8.6541,2.79101,457.927,1,-2,0,0.4
0.075,0.635,55.1178,-11.2724,3.28581,429.132,1,-2,0,0.4
0.075,0.645,80.4641,-13.0449,3.42471,383.755,1,-2,0,0.4
0.075,0.655,120.923,-14.0057,3.32096,324.899,1,-2,0,0.4
0.075,0.665,172.159,-14.4948,3.14736,258.463,1,-2,0,0.4
0.075,0.675,228.638,-14.7416,2.98592,200.191,1,-2,0,0.4
0.075,0.685,286.696,-14.8658,2.87157,160.214,1,-2,0,0.4
0.075,0.695,345.718,-14.9279,2.80891,139.451,1,-2,0,0.4
0.075,0.705,406.487,-14.9592,2.7866,133.302,1,-2,0,0.4
0.075,0.715,469.288,-14.9755,2.78966,136.399,1,-2,0,0.4
0.075,0.725,533.315,-14.9844,2.80616,144.717,1,-2,0,0.4
0.075,0.735,597.001,-14.9897,2.82856,155.686,1,-2,0,0.4
0.075,0.745,658.533,-14.993,2.8526,167.727,1,-2,0,0.4
0.075,0.755,716.233,-14.9951,2.87604,179.853,1,-2,0,0.4
0.075,0.765,768.783,-14.9966,2.89773,191.438,1,-2,0,0.4
0.075,0.775,815.312,-14.9976,2.91714,202.093,1,-2,0,0.4
0.075,0.785,855.406,-14.9984,2.93406,211.588,1,-2,0,0.4
0.075,0.795,889.061,-14.9989,2.94848,219.818,1,-2,0,0.4
0.075,0.805,916.598,-14.9993,2.9605,226.767,1,-2,0,0.4
0.075,0.815,938.575,-14.9995,2.97031,232.488,1,-2,0,0.4
0.075,0.825,955.689,-14.9997,2.97814,237.082,1,-2,0,0.4
0.075,0.835,968.697,-14.9998,2.98424,240.678,1,-2,0,0.4
0.075,0.845,978.349,-14.9999,2.98889,243.423,1,-2,0,0.4
0.075,0.855,985.341,-14.9999,2.99234,245.465,1,-2,0,0.4
0.075,0.865,990.285,-15,2.99484,246.944,1,-2,0,0.4
0.075,0.875,993.7,-15,2.9966,247.988,1,-2,0,0.4
0.075,0.885,996.002,-15,2.99782,248.706,1,-2,0,0.4
0.075,0.895,997.517,-15,2.99863,249.187,1,-2,0,0.4
0.075,0.905,998.492,-15,2.99916,249.501,1,-2,0,0.4
0.075,0.915,999.103,-15,2.99949,249.701,1,-2,0,0.4
0.075,0.925,999.478,-15,2.9997,249.825,1,-2,0,0.4
0.075,0.935,999.703,-15,2.99983,249.9,1,-2,0,0.4
0.075,0.945,999.834,-15,2.9999,249.944,1,-2,0,0.4
0.075,0.955,999.91,-15,2.99995,249.969,1,-2,0,0.4
0.075,0.965,999.952,-15,2.99997,249.983,1,-2,0,0.4
0.075,0.975,999.975,-15,2.99999,249.991,1,-2,0,0.4
0.075,0.985,999.987,-15,2.99999,249.996,1,-2,0,0.4
0.075,0.995,999.994,-15,3,249.998,1,-2,0,0.4
0.085,0.005,85.508,3.01003,-12.1848,2094.28,1,-2,0,0.4
0.085,0.015,84.9615,2.97384,-11.9864,2075.74,1,-2,0,0.4
0.085,0.025,84.3406,2.94327,-11.7945,2058.57,1,-2,0,0.4
0.085,0.035,83.6406,2.91819,-11.6082,2042.53,1,-2,0,0.4
0.085,0.045,82.8612,2.89841,-11.4266,2027.43,1,-2,0,0.4
0.085,0.055,82.0057,2.88364,-11.2486,2013.06,1,-2,0,0.4
0.085,0.065,81.0816,2.8735,-11.0733,1999.22,1,-2,0,0.4
0.085,0.075,80.0996,2.86749,-10.8995,1985.72,1,-2,0,0.4
0.085,0.085,79.0736,2.86499,-10.7263,1972.37,1,-2,0,0.4
0.085,0.095,78.0196,2.86527,-10.5527,1959.01,1,-2,0,0.4
0.085,0.105,76.9553,2.86749,-10.3776,1945.48,1,-2,0,0.4
0.085,0.115,75.8992,2.87067,-10.2002,1931.66,1,-2,0,0.4
0.085,0.125,74.8698,2.87378,-10.0197,1917.45,1,-2,0,0.4
0.085,0.135,73.8847,2.87571,-9.83536,1902.74,1,-2,0,0.4
0.085,0.145,72.9607,2.87532,-9.64661,1887.46,1,-2,0,0.4
0.085,0.155,72.1131,2.87145,-9.45296,1871.57,1,-2,0,0.4
0.085,0.165,71.3554,2.86298,-9.25404,1855.01,1,-2,0,0.4
0.085,0.175,70.6998,2.84884,-9.0496,1837.76,1,-2,0,0.4
0.085,0.185,70.1565,2.82804,-8.83952,1819.77,1,-2,0,0.4
0.085,0.195,69.7347,2.79967,-8.62378,1801.04,1,-2,0,0.4
0.085,0.205,69.4419,2.76297,-8.40248,1781.51,1,-2,0,0.4
0.085,0.215,69.2844,2.71729,-8.17583,1761.17,1,-2,0,0.4
0.085,0.225,69.2673,2.66213,-7.94411,1739.98,1,-2,0,0.4
0.085,0.235,69.3947,2.59715,-7.70771,1717.9,1,-2,0,0.4
0.085,0.245,69.6693,2.52218,-7.46711,1694.87,1,-2,0,0.4
0.085,0.255,70.0931,2.43723,-7.2228,1670.87,1,-2,0,0.4
0.085,0.265,70.6667,2.34246,-6.97534,1645.85,1,-2,0,0.4
0.085,0.275,71.3901,2.23824,-6.72526,1619.8,1,-2,0,0.4
0.085,0.285,72.2619,2.12508,-6.47309,1592.71,1,-2,0,0.4
0.085,0.295,73.2799,2.00363,-6.21932,1564.6,1,-2,0,0.4
0.085,0.305,74.4404,1.87465,-5.96438,1535.51,1,-2,0,0.4
0.085,0.315,75.7382,1.73898,-5.70863,1505.47,1,-2,0,0.4
0.085,0.325,77.1665,1.59753,-5.45238,1474.55,1,-2,0,0.4
0.085,0.335,78.7178,1.45118,-5.19579,1442.85,1,-2,0,0.4
0.085,0.345,80.4087,1.30112,-4.9372,1411.11,1,-2,0,0.4
0.085,0.355,82.2101,1.14962,-4.67827,1378.93,1,-2,0,0.4
0.085,0.365,84.0972,0.997977,-4.42039,1346.14,1,-2,0,0.4
0.085,0.375,86.0537,0.846954,-4.16358,1312.85,1,-2,0,0.4
0.085,0.385,88.0588,0.697318,-3.90774,1279.09,1,-2,0,0.4
0.085,0.395,90.0874,0.549781,-3.6528,1244.89,1,-2,0,0.4
0.085,0.405,92.1081,0.40507,-3.39878,1210.2,1,-2,0,0.4
0.085,0.415,94.0844,0.263964,-3.14569,1174.93,1,-2,0,0.4
0.085,0.425,95.9705,0.127198,-2.89358,1138.91,1,-2,0,0.4
0.085,0.435,97.7027,-0.00404076,-2.64304,1101.76,1,-2,0,0.4
0.085,0.445,99.2624,-0.129982,-2.39055,1063.78,1,-2,0,0.4
0.085,0.455,100.648,-0.251506,-2.13093,1025.68,1,-2,0,0.4
0.085,0.465,101.802,-0.370064,-1.86727,987.211,1,-2,0,0.4
0.085,0.475,102.647,-0.486999,-1.60052,947.93,1,-2,0,0.4
0.085,0.485,103.095,-0.603699,-1.33118,907.354,1,-2,0,0.4
0.085,0.495,103.046,-0.721767,-1.0599,864.974,1,-2,0,0.4
0.085,0.505,102.395,-0.843108,-0.787548,820.352,1,-2,0,0.4
0.085,0.515,101.047,-0.970062,-0.515105,773.247,1,-2,0,0.4
0.085,0.525,98.948,-1.10622,-0.243076,723.854,1,-2,0,0.4
0.085,0.535,96.1645,-1.26268,0.0295843,672.547,1,-2,0,0.4
0.085,0.545,92.4115,-1.43873,0.301901,618.965,1,-2,0,0.4
0.085,0.555,87.5663,-1.63132,0.570473,565.747,1,-2,0,0.4
0.085,0.565,81.6289,-1.85531,0.831947,516.147,1,-2,0,0.4
0.085,0.575,74.5431,-2.13827,1.08234,473.612,1,-2,0,0.4
0.085,0.585,66.2194,-2.53295,1.31849,441.856,1,-2,0,0.4
0.085,0.595,56.631,-3.15667,1.55339,424.454,1,-2,0,0.4
0.085,0.605,46.8868,-4.28083,1.84593,422.576,1,-2,0,0.4
0.085,0.615,40.3779,-6.29437,2.29251,429.046,1,-2,0,0.4
0.085,0.625,41.3981,-9.08191,2.87711,423.639,1,-2,0,0.4
0.085,0.635,53.4948,-11.6377,3.31762,394.304,1,-2,0,0.4
0.085,0.645,80.1142,-13.2641,3.39826,351.785,1,-2,0,0.4
0.085,0.655,120.931,-14.1214,3.27565,296.255,1,-2,0,0.4
0.085,0.665,171.717,-14.5534,3.10261,235.627,1,-2,0,0.4
0.085,0.675,227.374,-14.7705,2.95074,184.267,1,-2,0,0.4
0.085,0.685,284.844,-14.8795,2.84801,150.419,1,-2,0,0.4
0.085,0.695,343.778,-14.9342,2.79497,133.963,1,-2,0,0.4
0.085,0.705,404.826,-14.9621,2.77903,130.378,1,-2,0,0.4
0.085,0.715,468.03,-14.9768,2.78572,134.859,1,-2,0,0.4
0.085,0.725,532.427,-14.985,2.80413,143.893,1,-2,0,0.4
0.085,0.735,596.398,-14.99,2.8275,155.234,1,-2,0,0.4
0.085,0.745,658.132,-14.9931,2.85203,167.471,1,-2,0,0.4
0.085,0.755,715.971,-14.9952,2.87573,179.705,1,-2,0,0.4
0.085,0.765,768.615,-14.9966,2.89756,191.353,1,-2,0,0.4
0.085,0.775,815.207,-14.9977,2.91704,202.043,1,-2,0,0.4
0.085,0.785,855.342,-14.9984,2.934,211.559,1,-2,0,0.4
0.085,0.795,889.022,-14.9989,2.94845,219.801,1,-2,0,0.4
0.085,0.805,916.576,-14.9993,2.96049,226.758,1,-2,0,0.4
0.085,0.815,938.562,-14.9995,2.9703,232.483,1,-2,0,0.4
0.085,0.825,955.682,-14.9997,2.97814,237.079,1,-2,0,0.4
0.085,0.835,968.694,-14.9998,2.98424,240.677,1,-2,0,0.4
0.085,0.845,978.347,-14.9999,2.98889,243.423,1,-2,0,0.4
0.085,0.855,985.34,-14.9999,2.99234,245.464,1,-2,0,0.4
0.085,0.865,990.285,-15,2.99484,246.944,1,-2,0,0.4
0.085,0.875,993.7,-15,2.9966,247.988,1,-2,0,0.4
0.085,0.885,996.002,-15,2.99782,248.706,1,-2,0,0.4
0.085,0.895,997.517,-15,2.99863,249.187,1,-2,0,0.4
0.085,0.905,998.492,-15,2.99916,249.501,1,-2,0,0.4
0.085,0.915,999.103,-15,2.99949,249.701,1,-2,0,0.4
0.085,0.925,999.478,-15,2.9997,249.825,1,-2,0,0.4
0.085,0.935,999.703,-15,2.99983,249.9,1,-2,0,0.4
0.085,0.945,999.834,-15,2.9999,249.944,1,-2,0,0.4
0.085,0.955,999.91,-15,2.99995,249.969,1,-2,0,0.4
0.085,0.965,999.952,-15,2.99997,249.983,1,-2,0,0.4
0.085,0.975,999.975,-15,2.99999,249.991,1,-2,0,0.4
0.085,0.985,999.987,-15,2.99999,249.996,1,-2,0,0.4
0.085,0.995,999.994,-15,3,249.998,1,-2,0,0.4
0.095,0.005,84.4439,3.19998,-12.0422,2040.41,1,-2,0,0.4
0.095,0.015,83.734,3.16663,-11.8506,2020.35,1,-2,0,0.4
0.095,0.025,82.959,3.13878,-11.665,2001.7,1,-2,0,0.4
0.095,0.035,82.1181,3.11624,-11.4844,1984.26,1,-2,0,0.4
0.095,0.045,81.2139,3.09874,-11.3077,1967.83,1,-2,0,0.4
0.095,0.055,80.2527,3.08593,-11.134,1952.22,1,-2,0,0.4
0.095,0.065,79.2432,3.07738,-10.9621,1937.24,1,-2,0,0.4
0.095,0.075,78.1969,3.07253,-10.7911,1922.72,1,-2,0,0.4
0.095,0.085,77.127,3.07075,-10.6198,1908.47,1,-2,0,0.4
0.095,0.095,76.0485,3.0713,-10.4474,1894.32,1,-2,0,0.4
0.095,0.105,74.977,3.07332,-10.2729,1880.12,1,-2,0,0.4
0.095,0.115,73.9286,3.07589,-10.0956,1865.74,1,-2,0,0.4
0.095,0.125,72.9189,3.078,-9.91458,1851.05,1,-2,0,0.4
0.095,0.135,71.963,3.07859,-9.72935,1835.96,1,-2,0,0.4
0.095,0.145,71.0749,3.07657,-9.53937,1820.38,1,-2,0,0.4
0.095,0.155,70.2673,3.07087,-9.34422,1804.25,1,-2,0,0.4
0.095,0.165,69.5516,3.06042,-9.1436,1787.5,1,-2,0,0.4
0.095,0.175,68.9379,3.04422,-8.93735,1770.09,1,-2,0,0.4
0.095,0.185,68.4348,3.02133,-8.72537,1751.99,1,-2,0,0.4
0.095,0.195,68.0497,2.99093,-8.50771,1733.15,1,-2,0,0.4
0.095,0.205,67.7889,2.9523,-8.28449,1713.54,1,-2,0,0.4
0.095,0.215,67.6576,2.90482,-8.05594,1693.13,1,-2,0,0.4
0.095,0.225,67.6597,2.84806,-7.82236,1671.88,1,-2,0,0.4
0.095,0.235,67.7984,2.78171,-7.58415,1649.75,1,-2,0,0.4
0.095,0.245,68.0756,2.70563,-7.34176,1626.7,1,-2,0,0.4
0.095,0.255,68.4923,2.61983,-7.09569,1602.7,1,-2,0,0.4
0.095,0.265,69.0485,2.52451,-6.84646,1577.72,1,-2,0,0.4
0.095,0.275,69.7432,2.42001,-6.59459,1551.74,1,-2,0,0.4
0.095,0.285,70.5744,2.30685,-6.34058,1524.76,1,-2,0,0.4
0.095,0.295,71.5391,2.18564,-6.08491,1496.82,1,-2,0,0.4
0.095,0.305,72.6327,2.05711,-5.82797,1467.93,1,-2,0,0.4
0.095,0.315,73.8495,1.92206,-5.57013,1438.14,1,-2,0,0.4
0.095,0.325,75.1823,1.78132,-5.31165,1407.52,1,-2,0,0.4
0.095,0.335,76.6367,1.63575,-5.05174,1376.5,1,-2,0,0.4
0.095,0.345,78.213,1.4873,-4.78991,1345.38,1,-2,0,0.4
0.095,0.355,79.8726,1.33783,-4.52882,1313.57,1,-2,0,0.4
0.095,0.365,81.6024,1.18812,-4.26862,1281.19,1,-2,0,0.4
0.095,0.375,83.3843,1.03896,-4.00929,1248.3,1,-2,0,0.4
0.095,0.385,85.1978,0.89106,-3.75071,1214.96,1,-2,0,0.4
0.095,0.395,87.0186,0.745094,-3.49277,1181.18,1,-2,0,0.4
0.095,0.405,88.8186,0.601673,-3.23538,1146.95,1,-2,0,0.4
0.095,0.415,90.5651,0.461392,-2.97843,1112.23,1,-2,0,0.4
0.095,0.425,92.2199,0.32476,-2.72177,1076.94,1,-2,0,0.4
0.095,0.435,93.7385,0.192194,-2.4653,1040.94,1,-2,0,0.4
0.095,0.445,95.0686,0.0641651,-2.20899,1004.03,1,-2,0,0.4
0.095,0.455,96.141,-0.0595566,-1.95306,965.832,1,-2,0,0.4
0.095,0.465,96.9329,-0.180078,-1.69201,926.756,1,-2,0,0.4
0.095,0.475,97.391,-0.299211,-1.42581,886.786,1,-2,0,0.4
0.095,0.485,97.4379,-0.4189,-1.15746,845.514,1,-2,0,0.4
0.095,0.495,96.9827,-0.540983,-0.888031,802.524,1,-2,0,0.4
0.095,0.505,95.9388,-0.667371,-0.618548,757.54,1,-2,0,0.4
0.095,0.515,94.241,-0.80051,-0.349954,710.559,1,-2,0,0.4
0.095,0.525,91.9157,-0.946995,-0.0818027,662.104,1,-2,0,0.4
0.095,0.535,88.9311,-1.11553,0.186238,611.805,1,-2,0,0.4
0.095,0.545,85.0038,-1.2959,0.45157,560.764,1,-2,0,0.4
0.095,0.555,80.2387,-1.49466,0.710234,511.791,1,-2,0,0.4
0.095,0.565,74.5721,-1.72754,0.958458,467.655,1,-2,0,0.4
0.095,0.575,67.9051,-2.02459,1.19107,431.341,1,-2,0,0.4
0.095,0.585,60.0228,-2.44476,1.40582,405.886,1,-2,0,0.4
0.095,0.595,50.8831,-3.12611,1.62281,393.842,1,-2,0,0.4
0.095,0.605,41.8615,-4.38262,1.91358,395.186,1,-2,0,0.4
0.095,0.615,36.5538,-6.6011,2.37448,401.534,1,-2,0,0.4
0.095,0.625,38.9718,-9.49523,2.95119,393.785,1,-2,0,0.4
0.095,0.635,52.4164,-11.9612,3.33577,364.554,1,-2,0,0.4
0.095,0.645,80.0497,-13.4496,3.36868,324.276,1,-2,0,0.4
0.095,0.655,121.057,-14.2175,3.23224,271.802,1,-2,0,0.4
0.095,0.665,171.325,-14.6017,3.06172,216.353,1,-2,0,0.4
0.095,0.675,226.211,-14.7942,2.91954,171.003,1,-2,0,0.4
0.095,0.685,283.187,-14.8907,2.82759,142.344,1,-2,0,0.4
0.095,0.695,342.08,-14.9394,2.78309,129.455,1,-2,0,0.4
0.095,0.705,403.389,-14.9644,2.77261,127.965,1,-2,0,0.4
0.095,0.715,466.944,-14.9778,2.78238,133.572,1,-2,0,0.4
0.095,0.725,531.656,-14.9855,2.80239,143.194,1,-2,0,0.4
0.095,0.735,595.868,-14.9902,2.82657,154.842,1,-2,0,0.4
0.095,0.745,657.775,-14.9932,2.85153,167.246,1,-2,0,0.4
0.095,0.755,715.735,-14.9953,2.87545,179.574,1,-2,0,0.4
0.095,0.765,768.463,-14.9967,2.8974,191.276,1,-2,0,0.4
0.095,0.775,815.111,-14.9977,2.91696,201.998,1,-2,0,0.4
0.095,0.785,855.283,-14.9984,2.93396,211.533,1,-2,0,0.4
0.095,0.795,888.987,-14.9989,2.94842,219.787,1,-2,0,0.4
0.095,0.805,916.556,-14.9993,2.96047,226.75,1,-2,0,0.4
0.095,0.815,938.551,-14.9995,2.9703,232.479,1,-2,0,0.4
0.095,0.825,955.676,-14.9997,2.97813,237.077,1,-2,0,0.4
0.095,0.835,968.691,-14.9998,2.98424,240.676,1,-2,0,0.4
0.095,0.845,978.346,-14.9999,2.98889,243.422,1,-2,0,0.4
0.095,0.855,985.339,-14.9999,2.99234,245.464,1,-2,0,0.4
0.095,0.865,990.285,-15,2.99484,246.944,1,-2,0,0.4
0.095,0.875,993.699,-15,2.9966,247.988,1,-2,0,0.4
0.095,0.885,996.002,-15,2.99782,248.706,1,-2,0,0.4
0.095,0.895,997.517,-15,2.99863,249.187,1,-2,0,0.4
0.095,0.905,998.492,-15,2.99916,249.501,1,-2,0,0.4
0.095,0.915,999.103,-15,2.99949,249.701,1,-2,0,0.4
0.095,0.925,999.478,-15,2.9997,249.825,1,-2,0,0.4
0.095,0.935,999.703,-15,2.99983,249.899,1,-2,0,0.4
0.095,0.945,999.834,-15,2.9999,249.944,1,-2,0,0.4
0.095,0.955,999.91,-15,2.99995,249.969,1,-2,0,0.4
0.095,0.965,999.952,-15,2.99997,249.983,1,-2,0,0.4
0.095,0.975,999.975,-15,2.99999,249.991,1,-2,0,0.4
0.095,0.985,999.987,-15,2.99999,249.996,1,-2,0,0.4
0.095,0.995,999.993,-15,3,249.998,1,-2,0,0.4
0.105,0.005,83.2249,3.40164,-11.9305,1988.55,1,-2,0,0.4
0.105,0.015,82.3658,3.3702,-11.7432,1967.01,1,-2,0,0.4
0.105,0.025,81.4551,3.34407,-11.5612,1946.93,1,-2,0,0.4
0.105,0.035,80.4943,3.32302,-11.3835,1928.13,1,-2,0,0.4
0.105,0.045,79.4885,3.30675,-11.2092,1910.42,1,-2,0,0.4
0.105,0.055,78.4449,3.29485,-11.0372,1893.63,1,-2,0,0.4
0.105,0.065,77.3729,3.28686,-10.8665,1877.57,1,-2,0,0.4
0.105,0.075,76.2834,3.28221,-10.6959,1862.08,1,-2,0,0.4
0.105,0.085,75.1887,3.28025,-10.5246,1846.97,1,-2,0,0.4
0.105,0.095,74.1018,3.28023,-10.3517,1832.07,1,-2,0,0.4
0.105,0.105,73.0362,3.28133,-10.1762,1817.23,1,-2,0,0.4
0.105,0.115,72.0056,3.28264,-9.9975,1802.31,1,-2,0,0.4
0.105,0.125,71.0231,3.28319,-9.81486,1787.18,1,-2,0,0.4
0.105,0.135,70.1011,3.28196,-9.62774,1771.72,1,-2,0,0.4
0.105,0.145,69.2515,3.27793,-9.43569,1755.85,1,-2,0,0.4
0.105,0.155,68.4847,3.27007,-9.23835,1739.49,1,-2,0,0.4
0.105,0.165,67.8101,3.25738,-9.0355,1722.56,1,-2,0,0.4
0.105,0.175,67.2363,3.23891,-8.82698,1705.01,1,-2,0,0.4
0.105,0.185,66.7702,3.21378,-8.61276,1686.8,1,-2,0,0.4
0.105,0.195,66.4182,3.18122,-8.39291,1667.88,1,-2,0,0.4
0.105,0.205,66.1853,3.14055,-8.16756,1648.2,1,-2,0,0.4
0.105,0.215,66.0757,3.09121,-7.93697,1627.75,1,-2,0,0.4
0.105,0.225,66.0924,3.03278,-7.70143,1606.47,1,-2,0,0.4
0.105,0.235,66.2377,2.965,-7.46135,1584.33,1,-2,0,0.4
0.105,0.245,66.5128,2.88774,-7.21715,1561.29,1,-2,0,0.4
0.105,0.255,66.9179,2.80104,-6.96932,1537.33,1,-2,0,0.4
0.105,0.265,67.4524,2.70511,-6.71836,1512.43,1,-2,0,0.4
0.105,0.275,68.1146,2.60028,-6.46476,1486.56,1,-2,0,0.4
0.105,0.285,68.9018,2.48704,-6.20902,1459.75,1,-2,0,0.4
0.105,0.295,69.8103,2.36599,-5.95156,1432.01,1,-2,0,0.4
0.105,0.305,70.835,2.23781,-5.69278,1403.37,1,-2,0,0.4
0.105,0.315,71.9697,2.10326,-5.43301,1373.89,1,-2,0,0.4
0.105,0.325,73.2103,1.96307,-5.17224,1343.7,1,-2,0,0.4
0.105,0.335,74.5757,1.8185,-4.90867,1313.57,1,-2,0,0.4
0.105,0.345,76.0276,1.67188,-4.64494,1282.82,1,-2,0,0.4
0.105,0.355,77.5497,1.52421,-4.38191,1251.45,1,-2,0,0.4
0.105,0.365,79.1268,1.37624,-4.11962,1219.52,1,-2,0,0.4
0.105,0.375,80.7408,1.22872,-3.85804,1187.1,1,-2,0,0.4
0.105,0.385,82.3709,1.08236,-3.59703,1154.21,1,-2,0,0.4
0.105,0.395,83.9934,0.937762,-3.33647,1120.88,1,-2,0,0.4
0.105,0.405,85.5812,0.795479,-3.07622,1087.12,1,-2,0,0.4
0.105,0.415,87.1033,0.655984,-2.81616,1052.88,1,-2,0,0.4
0.105,0.425,88.524,0.519632,-2.55612,1018.1,1,-2,0,0.4
0.105,0.435,89.803,0.386589,-2.29595,982.687,1,-2,0,0.4
0.105,0.445,90.893,0.256848,-2.03563,946.479,1,-2,0,0.4
0.105,0.455,91.7347,0.130122,-1.77528,909.201,1,-2,0,0.4
0.105,0.465,92.2483,0.00600111,-1.51565,870.39,1,-2,0,0.4
0.105,0.475,92.3718,-0.116832,-1.25499,829.967,1,-2,0,0.4
0.105,0.485,92.0535,-0.240371,-0.989776,788.13,1,-2,0,0.4
0.105,0.495,91.241,-0.366868,-0.723406,744.797,1,-2,0,0.4
0.105,0.505,89.8692,-0.498537,-0.457808,699.845,1,-2,0,0.4
0.105,0.515,87.9125,-0.638592,-0.193572,653.57,1,-2,0,0.4
0.105,0.525,85.4654,-0.798907,0.0702733,606.194,1,-2,0,0.4
0.105,0.535,82.2674,-0.972322,0.332495,557.553,1,-2,0,0.4
0.105,0.545,78.3374,-1.15747,0.589297,509.802,1,-2,0,0.4
0.105,0.555,73.7544,-1.36251,0.836777,465.33,1,-2,0,0.4
0.105,0.565,68.419,-1.60444,1.07028,426.542,1,-2,0,0.4
0.105,0.575,62.1642,-1.91567,1.28386,395.967,1,-2,0,0.4
0.105,0.585,54.6643,-2.36244,1.4776,375.968,1,-2,0,0.4
0.105,0.595,45.9219,-3.10712,1.68017,368.196,1,-2,0,0.4
0.105,0.605,37.6066,-4.50739,1.9743,371.734,1,-2,0,0.4
0.105,0.615,33.4366,-6.92537,2.45088,377.397,1,-2,0,0.4
0.105,0.625,37.1082,-9.88904,3.01447,367.582,1,-2,0,0.4
0.105,0.635,51.7394,-12.2466,3.3434,338.842,1,-2,0,0.4
0.105,0.645,80.1764,-13.6075,3.33726,300.338,1,-2,0,0.4
0.105,0.655,121.238,-14.2982,3.19087,250.673,1,-2,0,0.4
0.105,0.665,170.951,-14.642,3.02426,199.897,1,-2,0,0.4
0.105,0.675,225.129,-14.8138,2.89175,159.835,1,-2,0,0.4
0.105,0.685,281.697,-14.8999,2.80981,135.615,1,-2,0,0.4
0.105,0.695,340.587,-14.9435,2.77288,125.708,1,-2,0,0.4
0.105,0.705,402.14,-14.9663,2.76713,125.948,1,-2,0,0.4
0.105,0.715,465.998,-14.9787,2.7795,132.483,1,-2,0,0.4
0.105,0.725,530.978,-14.9859,2.80087,142.591,1,-2,0,0.4
0.105,0.735,595.396,-14.9904,2.82576,154.499,1,-2,0,0.4
0.105,0.745,657.453,-14.9933,2.85108,167.046,1,-2,0,0.4
0.105,0.755,715.521,-14.9953,2.8752,179.455,1,-2,0,0.4
0.105,0.765,768.323,-14.9967,2.89726,191.206,1,-2,0,0.4
0.105,0.775,815.023,-14.9977,2.91688,201.957,1,-2,0,0.4
0.105,0.785,855.229,-14.9984,2.93391,211.51,1,-2,0,0.4
0.105,0.795,888.956,-14.9989,2.9484,219.773,1,-2,0,0.4
0.105,0.805,916.538,-14.9993,2.96046,226.742,1,-2,0,0.4
0.105,0.815,938.541,-14.9995,2.97029,232.475,1,-2,0,0.4
0.105,0.825,955.671,-14.9997,2.97813,237.075,1,-2,0,0.4
0.105,0.835,968.688,-14.9998,2.98424,240.675,1,-2,0,0.4
0.105,0.845,978.344,-14.9999,2.98889,243.421,1,-2,0,0.4
0.105,0.855,985.338,-14.9999,2.99234,245.464,1,-2,0,0.4
0.105,0.865,990.284,-15,2.99484,246.944,1,-2,0,0.4
0.105,0.875,993.699,-15,2.9966,247.988,1,-2,0,0.4
0.105,0.885,996.002,-15,2.99782,248.706,1,-2,0,0.4
0.105,0.895,997.517,-15,2.99863,249.187,1,-2,0,0.4
0.105,0.905,998.492,-15,2.99916,249.501,1,-2,0,0.4
0.105,0.915,999.103,-15,2.99949,249.701,1,-2,0,0.4
0.105,0.925,999.478,-15,2.9997,249.825,1,-2,0,0.4
0.105,0.935,999.703,-15,2.99983,249.899,1,-2,0,0.4
0.105,0.945,999.834,-15,2.9999,249.944,1,-2,0,0.4
0.105,0.955,999.91,-15,2.99995,249.969,1,-2,0,0.4
0.105,0.965,999.952,-15,2.99997,249.983,1,-2,0,0.4
0.105,0.975,999.975,-15,2.99999,249.991,1,-2,0,0.4
0.105,0.985,999.987,-15,2.99999,249.996,1,-2,0,0.4
0.105,0.995,999.993,-15,3,249.998,1,-2,0,0.4
0.115,0.005,81.8783,3.61227,-11.8448,1938.67,1,-2,0,0.4
0.115,0.015,80.8903,3.58194,-11.6591,1915.73,1,-2,0,0.4
0.115,0.025,79.8658,3.55667,-11.4782,1894.3,1,-2,0,0.4
0.115,0.035,78.808,3.53624,-11.3011,1874.21,1,-2,0,0.4
0.115,0.045,77.723,3.5203,-11.1269,1855.29,1,-2,0,0.4
0.115,0.055,76.6184,3.50844,-10.9545,1837.37,1,-2,0,0.4
0.115,0.065,75.5033,3.50019,-10.7828,1820.29,1,-2,0,0.4
0.115,0.075,74.3878,3.49496,-10.611,1803.86,1,-2,0,0.4
0.115,0.085,73.2825,3.4921,-10.4381,1787.92,1,-2,0,0.4
0.115,0.095,72.1987,3.49088,-10.2632,1772.31,1,-2,0,0.4
0.115,0.105,71.1479,3.49048,-10.0855,1756.85,1,-2,0,0.4
0.115,0.115,70.1413,3.49003,-9.90441,1741.4,1,-2,0,0.4
0.115,0.125,69.1898,3.48859,-9.71923,1725.82,1,-2,0,0.4
0.115,0.135,68.3037,3.48519,-9.52949,1710.01,1,-2,0,0.4
0.115,0.145,67.4927,3.47886,-9.33477,1693.85,1,-2,0,0.4
0.115,0.155,66.7655,3.4686,-9.13477,1677.25,1,-2,0,0.4
0.115,0.165,66.1299,3.45348,-8.92929,1660.14,1,-2,0,0.4
0.115,0.175,65.5929,3.43259,-8.71821,1642.45,1,-2,0,0.4
0.115,0.185,65.1604,3.40511,-8.50153,1624.14,1,-2,0,0.4
0.115,0.195,64.8374,3.37029,-8.27931,1605.14,1,-2,0,0.4
0.115,0.205,64.628,3.3275,-8.05173,1585.42,1,-2,0,0.4
0.115,0.215,64.5356,3.27623,-7.81901,1564.93,1,-2,0,0.4
0.115,0.225,64.5624,3.21609,-7.58148,1543.64,1,-2,0,0.4
0.115,0.235,64.7098,3.14683,-7.33951,1521.52,1,-2,0,0.4
0.115,0.245,64.9785,3.06836,-7.09351,1498.53,1,-2,0,0.4
0.115,0.255,65.3681,2.98072,-6.84397,1474.65,1,-2,0,0.4
0.115,0.265,65.8772,2.88413,-6.59134,1449.85,1,-2,0,0.4
0.115,0.275,66.5035,2.77891,-6.33612,1424.15,1,-2,0,0.4
0.115,0.285,67.244,2.66554,-6.07874,1397.54,1,-2,0,0.4
0.115,0.295,68.0943,2.54457,-5.81964,1370.04,1,-2,0,0.4
0.115,0.305,69.0489,2.41665,-5.55917,1341.7,1,-2,0,0.4
0.115,0.315,70.1012,2.28246,-5.29763,1312.56,1,-2,0,0.4
0.115,0.325,71.2636,2.14278,-5.03378,1283.18,1,-2,0,0.4
0.115,0.335,72.5266,1.99964,-4.768,1253.58,1,-2,0,0.4
0.115,0.345,73.8581,1.8547,-4.50266,1223.28,1,-2,0,0.4
0.115,0.355,75.2468,1.70863,-4.23791,1192.4,1,-2,0,0.4
0.115,0.365,76.6771,1.56221,-3.97377,1160.98,1,-2,0,0.4
0.115,0.375,78.1304,1.41616,-3.71018,1129.06,1,-2,0,0.4
0.115,0.385,79.5864,1.27112,-3.44705,1096.68,1,-2,0,0.4
0.115,0.395,81.0216,1.12767,-3.18422,1063.87,1,-2,0,0.4
0.115,0.405,82.4093,0.986288,-2.9216,1030.6,1,-2,0,0.4
0.115,0.415,83.719,0.847352,-2.65904,996.839,1,-2,0,0.4
0.115,0.425,84.9156,0.71109,-2.39644,962.524,1,-2,0,0.4
0.115,0.435,85.9588,0.577514,-2.13372,927.541,1,-2,0,0.4
0.115,0.445,86.8024,0.446381,-1.8709,891.733,1,-2,0,0.4
0.115,0.455,87.3915,0.317194,-1.60816,854.877,1,-2,0,0.4
0.115,0.465,87.66,0.189134,-1.34595,816.665,1,-2,0,0.4
0.115,0.475,87.5341,0.0613885,-1.085,776.779,1,-2,0,0.4
0.115,0.485,86.9393,-0.0673628,-0.826233,734.981,1,-2,0,0.4
0.115,0.495,85.8253,-0.19909,-0.565831,691.58,1,-2,0,0.4
0.115,0.505,84.1866,-0.336425,-0.305211,647.012,1,-2,0,0.4
0.115,0.515,82.0846,-0.487077,-0.0455422,601.827,1,-2,0,0.4
0.115,0.525,79.4836,-0.655973,0.213149,555.613,1,-2,0,0.4
0.115,0.535,76.1872,-0.833126,0.468147,509.383,1,-2,0,0.4
0.115,0.545,72.3633,-1.02305,0.715314,465.285,1,-2,0,0.4
0.115,0.555,68.0255,-1.23443,0.950494,425.336,1,-2,0,0.4
0.115,0.565,63.0453,-1.48547,1.16805,391.621,1,-2,0,0.4
0.115,0.575,57.1695,-1.81088,1.36198,366.212,1,-2,0,0.4
0.115,0.585,49.9877,-2.28572,1.53604,350.824,1,-2,0,0.4
0.115,0.595,41.604,-3.10035,1.72818,346.384,1,-2,0,0.4
0.115,0.605,33.987,-4.65499,2.03021,351.361,1,-2,0,0.4
0.115,0.615,30.8877,-7.26226,2.5227,355.987,1,-2,0,0.4
0.115,0.625,35.6841,-10.2602,3.06801,344.417,1,-2,0,0.4
0.115,0.635,51.3596,-12.4981,3.34294,316.367,1,-2,0,0.4
0.115,0.645,80.4268,-13.7428,3.30483,279.281,1,-2,0,0.4
0.115,0.655,121.434,-14.3666,3.15151,232.224,1,-2,0,0.4
0.115,0.665,170.576,-14.6759,2.98988,185.717,1,-2,0,0.4
0.115,0.675,224.115,-14.8301,2.86692,150.349,1,-2,0,0.4
0.115,0.685,280.354,-14.9076,2.79426,129.957,1,-2,0,0.4
0.115,0.695,339.272,-14.947,2.76407,122.564,1,-2,0,0.4
0.115,0.705,401.047,-14.9678,2.76241,124.245,1,-2,0,0.4
0.115,0.715,465.168,-14.9794,2.77701,131.55,1,-2,0,0.4
0.115,0.725,530.377,-14.9862,2.79954,142.066,1,-2,0,0.4
0.115,0.735,594.973,-14.9905,2.82503,154.194,1,-2,0,0.4
0.115,0.745,657.162,-14.9934,2.85068,166.865,1,-2,0,0.4
0.115,0.755,715.325,-14.9954,2.87497,179.348,1,-2,0,0.4
0.115,0.765,768.196,-14.9967,2.89713,191.142,1,-2,0,0.4
0.115,0.775,814.942,-14.9977,2.91681,201.92,1,-2,0,0.4
0.115,0.785,855.18,-14.9984,2.93387,211.488,1,-2,0,0.4
0.115,0.795,888.927,-14.9989,2.94838,219.761,1,-2,0,0.4
0.115,0.805,916.521,-14.9993,2.96045,226.736,1,-2,0,0.4
0.115,0.815,938.532,-14.9995,2.97028,232.472,1,-2,0,0.4
0.115,0.825,955.666,-14.9997,2.97813,237.073,1,-2,0,0.4
0.115,0.835,968.685,-14.9998,2.98424,240.674,1,-2,0,0.4
0.115,0.845,978.343,-14.9999,2.98889,243.421,1,-2,0,0.4
0.115,0.855,985.338,-14.9999,2.99234,245.464,1,-2,0,0.4
0.115,0.865,990.284,-15,2.99484,246.944,1,-2,0,0.4
0.115,0.875,993.699,-15,2.9966,247.988,1,-2,0,0.4
0.115,0.885,996.002,-15,2.99782,248.706,1,-2,0,0.4
0.115,0.895,997.517,-15,2.99863,249.187,1,-2,0,0.4
0.115,0.905,998.491,-15,2.99916,249.501,1,-2,0,0.4
0.115,0.915,999.103,-15,2.99949,249.701,1,-2,0,0.4
0.115,0.925,999.478,-15,2.9997,249.825,1,-2,0,0.4
0.115,0.935,999.703,-15,2.99983,249.899,1,-2,0,0.4
0.115,0.945,999.834,-15,2.9999,249.944,1,-2,0,0.4
0.115,0.955,999.91,-15,2.99995,249.969,1,-2,0,0.4
0.115,0.965,999.952,-15,2.99997,249.983,1,-2,0,0.4
0.115,0.975,999.975,-15,2.99999,249.991,1,-2,0,0.4
0.115,0.985,999.987,-15,2.99999,249.996,1,-2,0,0.4
0.115,0.995,999.993,-15,3,249.998,1,-2,0,0.4
0.125,0.005,80.4367,3.82921,-11.7798,1890.68,1,-2,0,0.4
0.125,0.015,79.3426,3.79937,-11.5935,1866.47,1,-2,0,0.4
0.125,0.025,78.2269,3.77432,-11.4115,1843.8,1,-2,0,0.4
0.125,0.035,77.0938,3.75382,-11.233,1822.52,1,-2,0,0.4
0.125,0.045,75.9498,3.73754,-11.0569,1802.46,1,-2,0,0.4
0.125,0.055,74.8023,3.72507,-10.8824,1783.48,1,-2,0,0.4
0.125,0.065,73.6598,3.71593,-10.7083,1765.42,1,-2,0,0.4
0.125,0.075,72.5312,3.70953,-10.5339,1748.1,1,-2,0,0.4
0.125,0.085,71.4257,3.70524,-10.3581,1731.37,1,-2,0,0.4
0.125,0.095,70.3529,3.70233,-10.1802,1715.04,1,-2,0,0.4
0.125,0.105,69.3221,3.70001,-9.99939,1698.97,1,-2,0,0.4
0.125,0.115,68.3427,3.69743,-9.81511,1682.99,1,-2,0,0.4
0.125,0.125,67.4235,3.69369,-9.62677,1666.98,1,-2,0,0.4
0.125,0.135,66.5732,3.68786,-9.43389,1650.79,1,-2,0,0.4
0.125,0.145,65.7994,3.679,-9.23609,1634.33,1,-2,0,0.4
0.125,0.155,65.1095,3.66617,-9.0331,1617.49,1,-2,0,0.4
0.125,0.165,64.5098,3.64848,-8.82473,1600.19,1,-2,0,0.4
0.125,0.175,64.006,3.62505,-8.6109,1582.36,1,-2,0,0.4
0.125,0.185,63.6029,3.59512,-8.39161,1563.94,1,-2,0,0.4
0.125,0.195,63.3047,3.55798,-8.16694,1544.87,1,-2,0,0.4
0.125,0.205,63.1146,3.51302,-7.93705,1525.1,1,-2,0,0.4
0.125,0.215,63.035,3.45977,-7.70218,1504.6,1,-2,0,0.4
0.125,0.225,63.0676,3.39788,-7.46265,1483.32,1,-2,0,0.4
0.125,0.235,63.2132,3.32712,-7.2188,1461.23,1,-2,0,0.4
0.125,0.245,63.4717,3.2474,-6.97105,1438.31,1,-2,0,0.4
0.125,0.255,63.8421,3.1588,-6.71985,1414.54,1,-2,0,0.4
0.125,0.265,64.3227,3.06151,-6.46563,1389.89,1,-2,0,0.4
0.125,0.275,64.9107,2.95586,-6.20887,1364.37,1,-2,0,0.4
0.125,0.285,65.6024,2.8423,-5.94998,1338,1,-2,0,0.4
0.125,0.295,66.3932,2.72135,-5.68936,1310.79,1,-2,0,0.4
0.125,0.305,67.2772,2.5936,-5.42735,1282.78,1,-2,0,0.4
0.125,0.315,68.253,2.45967,-5.16381,1254.16,1,-2,0,0.4
0.125,0.325,69.3386,2.32075,-4.89702,1225.62,1,-2,0,0.4
0.125,0.335,70.4955,2.17916,-4.62989,1196.43,1,-2,0,0.4
0.125,0.345,71.7106,2.0357,-4.36314,1166.63,1,-2,0,0.4
0.125,0.355,72.9709,1.8911,-4.09688,1136.26,1,-2,0,0.4
0.125,0.365,74.2605,1.74606,-3.83111,1105.39,1,-2,0,0.4
0.125,0.375,75.5612,1.60129,-3.56578,1074.02,1,-2,0,0.4
0.125,0.385,76.8525,1.45737,-3.30082,1042.2,1,-2,0,0.4
0.125,0.395,78.1113,1.31483,-3.0361,1009.93,1,-2,0,0.4
0.125,0.405,79.3108,1.17408,-2.77154,977.181,1,-2,0,0.4
0.125,0.415,80.4207,1.0354,-2.50705,943.919,1,-2,0,0.4
0.125,0.425,81.4055,0.898899,-2.24261,910.053,1,-2,0,0.4
0.125,0.435,82.2246,0.764463,-1.97822,875.46,1,-2,0,0.4
0.125,0.445,82.832,0.631707,-1.714,839.979,1,-2,0,0.4
0.125,0.455,83.1752,0.499986,-1.45024,803.416,1,-2,0,0.4
0.125,0.465,83.1953,0.36839,-1.18741,765.547,1,-2,0,0.4
0.125,0.475,82.8301,0.235841,-0.926256,726.167,1,-2,0,0.4
0.125,0.485,82.0193,0.101238,-0.667786,685.151,1,-2,0,0.4
0.125,0.495,80.7105,-0.0367122,-0.413399,642.492,1,-2,0,0.4
0.125,0.505,78.8956,-0.181292,-0.16006,598.836,1,-2,0,0.4
0.125,0.515,76.7109,-0.344385,0.0943504,554.707,1,-2,0,0.4
0.125,0.525,73.9476,-0.516574,0.346816,510.106,1,-2,0,0.4
0.125,0.535,70.6723,-0.697601,0.593375,466.761,1,-2,0,0.4
0.125,0.545,67.022,-0.892292,0.830007,426.442,1,-2,0,0.4
0.125,0.555,62.9653,-1.11004,1.05189,390.887,1,-2,0,0.4
0.125,0.565,58.3376,-1.37012,1.25258,361.875,1,-2,0,0.4
0.125,0.575,52.7929,-1.7097,1.42686,341.022,1,-2,0,0.4
0.125,0.585,45.868,-2.21456,1.58333,329.448,1,-2,0,0.4
0.125,0.595,37.8189,-3.10666,1.76913,327.574,1,-2,0,0.4
0.125,0.605,30.8961,-4.82506,2.08293,333.442,1,-2,0,0.4
0.125,0.615,28.7988,-7.60711,2.59055,336.814,1,-2,0,0.4
0.125,0.625,34.6063,-10.6071,3.11269,323.798,1,-2,0,0.4
0.125,0.635,51.1999,-12.7201,3.33621,296.504,1,-2,0,0.4
0.125,0.645,80.7514,-13.8595,3.2719,260.572,1,-2,0,0.4
0.125,0.655,121.619,-14.4252,3.11407,215.971,1,-2,0,0.4
0.125,0.665,170.192,-14.7048,2.95827,173.407,1,-2,0,0.4
0.125,0.675,223.164,-14.844,2.8447,142.239,1,-2,0,0.4
0.125,0.685,279.144,-14.9139,2.78062,125.166,1,-2,0,0.4
0.125,0.695,338.11,-14.9499,2.75643,119.905,1,-2,0,0.4
0.125,0.705,400.087,-14.9691,2.75831,122.792,1,-2,0,0.4
0.125,0.715,464.435,-14.98,2.77482,130.743,1,-2,0,0.4
0.125,0.725,529.839,-14.9865,2.79836,141.603,1,-2,0,0.4
0.125,0.735,594.588,-14.9907,2.82438,153.921,1,-2,0,0.4
0.125,0.745,656.894,-14.9935,2.85031,166.702,1,-2,0,0.4
0.125,0.755,715.145,-14.9954,2.87477,179.25,1,-2,0,0.4
0.125,0.765,768.078,-14.9967,2.89702,191.083,1,-2,0,0.4
0.125,0.775,814.868,-14.9977,2.91674,201.886,1,-2,0,0.4
0.125,0.785,855.136,-14.9984,2.93384,211.469,1,-2,0,0.4
0.125,0.795,888.901,-14.9989,2.94836,219.75,1,-2,0,0.4
0.125,0.805,916.506,-14.9993,2.96044,226.73,1,-2,0,0.4
0.125,0.815,938.524,-14.9995,2.97028,232.468,1,-2,0,0.4
0.125,0.825,955.662,-14.9997,2.97812,237.072,1,-2,0,0.4
0.125,0.835,968.683,-14.9998,2.98424,240.673,1,-2,0,0.4
0.125,0.845,978.342,-14.9999,2.98889,243.421,1,-2,0,0.4
0.125,0.855,985.337,-14.9999,2.99234,245.463,1,-2,0,0.4
0.125,0.865,990.284,-15,2.99484,246.943,1,-2,0,0.4
0.125,0.875,993.699,-15,2.9966,247.988,1,-2,0,0.4
0.125,0.885,996.002,-15,2.99782,248.706,1,-2,0,0.4
0.125,0.895,997.517,-15,2.99863,249.187,1,-2,0,0.4
0.125,0.905,998.491,-15,2.99916,249.501,1,-2,0,0.4
0.125,0.915,999.103,-15,2.99949,249.701,1,-2,0,0.4
0.125,0.925,999.478,-15,2.9997,249.825,1,-2,0,0.4
0.125,0.935,999.703,-15,2.99983,249.899,1,-2,0,0.4
0.125,0.945,999.834,-15,2.9999,249.944,1,-2,0,0.4
0.125,0.955,999.91,-15,2.99995,249.969,1,-2,0,0.4
0.125,0.965,999.952,-15,2.99997,249.983,1,-2,0,0.4
0.125,0.975,999.975,-15,2.99999,249.991,1,-2,0,0.4
0.125,0.985,999.987,-15,2.99999,249.996,1,-2,0,0.4
0.125,0.995,999.993,-15,3,249.998,1,-2,0,0.4
0.135,0.005,78.9308,4.04999,-11.7303,1844.44,1,-2,0,0.4
0.135,0.015,77.7533,4.02026,-11.5417,1819.11,1,-2,0,0.4
0.135,0.025,76.568,3.995,-11.357,1795.33,1,-2,0,0.4
0.135,0.035,75.3793,3.97399,-11.1755,1772.97,1,-2,0,0.4
0.135,0.045,74.1936,3.95693,-10.9962,1751.88,1,-2,0,0.4
0.135,0.055,73.0182,3.94339,-10.8183,1731.91,1,-2,0,0.4
0.135,0.065,71.8605,3.93292,-10.6407,1712.93,1,-2,0,0.4
0.135,0.075,70.7285,3.92495,-10.4625,1694.76,1,-2,0,0.4
0.135,0.085,69.63,3.91884,-10.283,1677.26,1,-2,0,0.4
0.135,0.095,68.5729,3.9139,-10.1013,1660.25,1,-2,0,0.4
0.135,0.105,67.565,3.90936,-9.91678,1643.57,1,-2,0,0.4
0.135,0.115,66.6139,3.90439,-9.72881,1627.07,1,-2,0,0.4
0.135,0.125,65.7268,3.89812,-9.53685,1610.6,1,-2,0,0.4
0.135,0.135,64.9106,3.88967,-9.34047,1594.04,1,-2,0,0.4
0.135,0.145,64.1717,3.87812,-9.1393,1577.26,1,-2,0,0.4
0.135,0.155,63.516,3.86259,-8.93309,1560.17,1,-2,0,0.4
0.135,0.165,62.9485,3.84222,-8.72168,1542.67,1,-2,0,0.4
0.135,0.175,62.474,3.81618,-8.50498,1524.68,1,-2,0,0.4
0.135,0.185,62.0963,3.78373,-8.28299,1506.14,1,-2,0,0.4
0.135,0.195,61.8187,3.7442,-8.05581,1487,1,-2,0,0.4
0.135,0.205,61.6436,3.69704,-7.82359,1467.19,1,-2,0,0.4
0.135,0.215,61.5728,3.64179,-7.58656,1446.68,1,-2,0,0.4
0.135,0.225,61.6073,3.57812,-7.34503,1425.42,1,-2,0,0.4
0.135,0.235,61.7472,3.50583,-7.09934,1403.39,1,-2,0,0.4
0.135,0.245,61.9921,3.42485,-6.84988,1380.56,1,-2,0,0.4
0.135,0.255,62.3404,3.33526,-6.59708,1356.92,1,-2,0,0.4
0.135,0.265,62.79,3.23725,-6.34135,1332.45,1,-2,0,0.4
0.135,0.275,63.3376,3.13114,-6.08314,1307.15,1,-2,0,0.4
0.135,0.285,63.9793,3.01733,-5.82284,1281.05,1,-2,0,0.4
0.135,0.295,64.7099,2.89633,-5.56082,1254.15,1,-2,0,0.4
0.135,0.305,65.5236,2.76867,-5.29739,1226.51,1,-2,0,0.4
0.135,0.315,66.4351,2.63497,-5.03111,1198.72,1,-2,0,0.4
0.135,0.325,67.4329,2.49725,-4.76265,1170.7,1,-2,0,0.4
0.135,0.335,68.488,2.35703,-4.49433,1142,1,-2,0,0.4
0.135,0.345,69.5909,2.21492,-4.22634,1112.72,1,-2,0,0.4
0.135,0.355,70.7281,2.07162,-3.95874,1082.91,1,-2,0,0.4
0.135,0.365,71.8836,1.92782,-3.69155,1052.6,1,-2,0,0.4
0.135,0.375,73.0393,1.78414,-3.42474,1021.81,1,-2,0,0.4
0.135,0.385,74.1749,1.64114,-3.15823,990.567,1,-2,0,0.4
0.135,0.395,75.2672,1.49927,-2.89198,958.853,1,-2,0,0.4
0.135,0.405,76.2893,1.35886,-2.62592,926.641,1,-2,0,0.4
0.135,0.415,77.2106,1.22009,-2.36004,893.869,1,-2,0,0.4
0.135,0.425,77.9955,1.08296,-2.09439,860.439,1,-2,0,0.4
0.135,0.435,78.6034,0.947248,-1.82908,826.222,1,-2,0,0.4
0.135,0.445,78.9888,0.812479,-1.56434,791.061,1,-2,0,0.4
0.135,0.455,79.102,0.677924,-1.30056,754.794,1,-2,0,0.4
0.135,0.465,78.8905,0.542645,-1.03828,717.268,1,-2,0,0.4
0.135,0.475,78.3024,0.405551,-0.778287,678.38,1,-2,0,0.4
0.135,0.485,77.293,0.2655,-0.521537,638.141,1,-2,0,0.4
0.135,0.495,75.8358,0.121043,-0.269066,596.755,1,-2,0,0.4
0.135,0.505,73.9883,-0.0352148,-0.0208794,554.709,1,-2,0,0.4
0.135,0.515,71.6965,-0.205137,0.22639,511.83,1,-2,0,0.4
0.135,0.525,68.8665,-0.380566,0.471323,469.37,1,-2,0,0.4
0.135,0.535,65.6874,-0.565407,0.708577,429.119,1,-2,0,0.4
0.135,0.545,62.2519,-0.764845,0.933856,392.554,1,-2,0,0.4
0.135,0.555,58.4918,-0.988952,1.14155,361.172,1,-2,0,0.4
0.135,0.565,54.1955,-1.25789,1.32479,336.442,1,-2,0,0.4
0.135,0.575,48.9276,-1.6117,1.48003,319.534,1,-2,0,0.4
0.135,0.585,42.2069,-2.14916,1.62148,311.064,1,-2,0,0.4
0.135,0.595,34.4815,-3.12699,1.80489,311.155,1,-2,0,0.4
0.135,0.605,28.2483,-5.01698,2.13367,317.508,1,-2,0,0.4
0.135,0.615,27.0844,-7.95565,2.65478,319.499,1,-2,0,0.4
0.135,0.625,33.8032,-10.9294,3.14932,305.32,1,-2,0,0.4
0.135,0.635,51.202,-12.9163,3.32458,278.759,1,-2,0,0.4
0.135,0.645,81.1137,-13.9609,3.23878,243.794,1,-2,0,0.4
0.135,0.655,121.774,-14.4758,3.07847,201.547,1,-2,0,0.4
0.135,0.665,169.795,-14.7295,2.92919,162.661,1,-2,0,0.4
0.135,0.675,222.273,-14.8557,2.8248,135.269,1,-2,0,0.4
0.135,0.685,278.054,-14.9193,2.76864,121.088,1,-2,0,0.4
0.135,0.695,337.083,-14.9523,2.74978,117.641,1,-2,0,0.4
0.135,0.705,399.24,-14.9702,2.75473,121.542,1,-2,0,0.4
0.135,0.715,463.781,-14.9805,2.7729,130.036,1,-2,0,0.4
0.135,0.725,529.353,-14.9868,2.7973,141.19,1,-2,0,0.4
0.135,0.735,594.237,-14.9908,2.82379,153.674,1,-2,0,0.4
0.135,0.745,656.648,-14.9935,2.84998,166.552,1,-2,0,0.4
0.135,0.755,714.978,-14.9954,2.87457,179.159,1,-2,0,0.4
0.135,0.765,767.969,-14.9968,2.89691,191.03,1,-2,0,0.4
0.135,0.775,814.8,-14.9977,2.91668,201.854,1,-2,0,0.4
0.135,0.785,855.094,-14.9984,2.9338,211.451,1,-2,0,0.4
0.135,0.795,888.877,-14.9989,2.94834,219.741,1,-2,0,0.4
0.135,0.805,916.493,-14.9993,2.96043,226.725,1,-2,0,0.4
0.135,0.815,938.517,-14.9995,2.97027,232.466,1,-2,0,0.4
0.135,0.825,955.658,-14.9997,2.97812,237.07,1,-2,0,0.4
0.135,0.835,968.681,-14.9998,2.98423,240.672,1,-2,0,0.4
0.135,0.845,978.341,-14.9999,2.98889,243.42,1,-2,0,0.4
0.135,0.855,985.337,-14.9999,2.99234,245.463,1,-2,0,0.4
0.135,0.865,990.284,-15,2.99484,246.943,1,-2,0,0.4
0.135,0.875,993.699,-15,2.9966,247.988,1,-2,0,0.4
0.135,0.885,996.001,-15,2.99782,248.706,1,-2,0,0.4
0.135,0.895,997.517,-15,2.99863,249.187,1,-2,0,0.4
0.135,0.905,998.491,-15,2.99916,249.501,1,-2,0,0.4
0.135,0.915,999.103,-15,2.99949,249.701,1,-2,0,0.4
0.135,0.925,999.478,-15,2.9997,249.825,1,-2,0,0.4
0.135,0.935,999.703,-15,2.99983,249.899,1,-2,0,0.4
0.135,0.945,999.834,-15,2.9999,249.944,1,-2,0,0.4
0.135,0.955,999.91,-15,2.99995,249.969,1,-2,0,0.4
0.135,0.965,999.952,-15,2.99997,249.983,1,-2,0,0.4
0.135,0.975,999.975,-15,2.99999,249.991,1,-2,0,0.4
0.135,0.985,999.987,-15,2.99999,249.996,1,-2,0,0.4
0.135,0.995,999.993,-15,3,249.998,1,-2,0,0.4
0.145,0.005,77.3857,4.27243,-11.6921,1799.7,1,-2,0,0.4
0.145,0.015,76.1467,4.24264,-11.4999,1773.44,1,-2,0,0.4
0.145,0.025,74.9113,4.21698,-11.3113,1748.73,1,-2,0,0.4
0.145,0.035,73.6842,4.19524,-11.1258,1725.43,1,-2,0,0.4
0.145,0.045,72.4716,4.17713,-10.9423,1703.41,1,-2,0,0.4
0.145,0.055,71.2803,4.16228,-10.76,1682.55,1,-2,0,0.4
0.145,0.065,70.1171,4.15022,-10.578,1662.72,1,-2,0,0.4
0.145,0.075,68.9889,4.14042,-10.3955,1643.77,1,-2,0,0.4
0.145,0.085,67.9023,4.13226,-10.2116,1625.53,1,-2,0,0.4
0.145,0.095,66.8639,4.12507,-10.0256,1607.86,1,-2,0,0.4
0.145,0.105,65.8801,4.1181,-9.83694,1590.58,1,-2,0,0.4
0.145,0.115,64.957,4.11056,-9.64491,1573.56,1,-2,0,0.4
0.145,0.125,64.1006,4.10162,-9.44904,1556.64,1,-2,0,0.4
0.145,0.135,63.3163,4.09041,-9.24891,1539.69,1,-2,0,0.4
0.145,0.145,62.6092,4.07607,-9.04419,1522.59,1,-2,0,0.4
0.145,0.155,61.9841,4.05775,-8.83462,1505.22,1,-2,0,0.4
0.145,0.165,61.4451,4.03462,-8.62005,1487.51,1,-2,0,0.4
0.145,0.175,60.9959,4.0059,-8.40039,1469.36,1,-2,0,0.4
0.145,0.185,60.6395,3.97088,-8.17566,1450.7,1,-2,0,0.4
0.145,0.195,60.3784,3.92894,-7.94593,1431.48,1,-2,0,0.4
0.145,0.205,60.2143,3.87955,-7.71137,1411.63,1,-2,0,0.4
0.145,0.215,60.1484,3.82227,-7.4722,1391.11,1,-2,0,0.4
0.145,0.225,60.1811,3.75681,-7.2287,1369.89,1,-2,0,0.4
0.145,0.235,60.3122,3.68298,-6.9812,1347.93,1,-2,0,0.4
0.145,0.245,60.5405,3.60073,-6.73008,1325.21,1,-2,0,0.4
0.145,0.255,60.8643,3.51013,-6.47573,1301.72,1,-2,0,0.4
0.145,0.265,61.2808,3.41138,-6.21856,1277.45,1,-2,0,0.4
0.145,0.275,61.7867,3.30477,-5.95898,1252.4,1,-2,0,0.4
0.145,0.285,62.3775,3.19069,-5.69736,1226.59,1,-2,0,0.4
0.145,0.295,63.048,3.06958,-5.43404,1200.04,1,-2,0,0.4
0.145,0.305,63.7974,2.94191,-5.16888,1172.94,1,-2,0,0.4
0.145,0.315,64.6445,2.80871,-4.90008,1145.94,1,-2,0,0.4
0.145,0.325,65.5524,2.67226,-4.6306,1118.35,1,-2,0,0.4
0.145,0.335,66.5094,2.53326,-4.36124,1090.16,1,-2,0,0.4
0.145,0.345,67.5044,2.39236,-4.09214,1061.43,1,-2,0,0.4
0.145,0.355,68.5236,2.25022,-3.82338,1032.19,1,-2,0,0.4
0.145,0.365,69.5512,2.10749,-3.55497,1002.46,1,-2,0,0.4
0.145,0.375,70.5691,1.96472,-3.2869,972.263,1,-2,0,0.4
0.145,0.385,71.557,1.8224,-3.01916,941.593,1,-2,0,0.4
0.145,0.395,72.4914,1.68093,-2.75171,910.434,1,-2,0,0.4
0.145,0.405,73.3453,1.54053,-2.48458,878.74,1,-2,0,0.4
0.145,0.415,74.088,1.4013,-2.21781,846.44,1,-2,0,0.4
0.145,0.425,74.6839,1.26313,-1.95154,813.43,1,-2,0,0.4
0.145,0.435,75.0929,1.12573,-1.68598,779.581,1,-2,0,0.4
0.145,0.445,75.2714,0.988546,-1.42147,744.759,1,-2,0,0.4
0.145,0.455,75.1732,0.850829,-1.15848,708.84,1,-2,0,0.4
0.145,0.465,74.7528,0.711661,-0.897634,671.741,1,-2,0,0.4
0.145,0.475,73.9689,0.570025,-0.639736,633.462,1,-2,0,0.4
0.145,0.485,72.7917,0.424819,-0.385742,594.135,1,-2,0,0.4
0.145,0.495,71.2288,0.273116,-0.136132,554.178,1,-2,0,0.4
0.145,0.505,69.3764,0.104845,0.1099,513.8,1,-2,0,0.4
0.145,0.515,67.0156,-0.0684577,0.350805,472.848,1,-2,0,0.4
0.145,0.525,64.2216,-0.247488,0.586901,432.969,1,-2,0,0.4
0.145,0.535,61.1897,-0.436164,0.814188,395.896,1,-2,0,0.4
0.145,0.545,57.9922,-0.640361,1.02739,362.975,1,-2,0,0.4
0.145,0.555,54.5291,-0.87077,1.22018,335.487,1,-2,0,0.4
0.145,0.565,50.5316,-1.14831,1.38575,314.592,1,-2,0,0.4
0.145,0.575,45.4849,-1.51661,1.52307,301.045,1,-2,0,0.4
0.145,0.585,38.927,-2.08992,1.6523,295.068,1,-2,0,0.4
0.145,0.595,31.5247,-3.16234,1.83701,296.666,1,-2,0,0.4
0.145,0.605,25.9744,-5.22989,2.18337,303.194,1,-2,0,0.4
0.145,0.615,25.6771,-8.30407,2.71556,303.745,1,-2,0,0.4
0.145,0.625,33.2195,-11.2274,3.17858,288.647,1,-2,0,0.4
0.145,0.635,51.3211,-13.0903,3.30906,262.745,1,-2,0,0.4
0.145,0.645,81.4866,-14.0497,3.20568,228.628,1,-2,0,0.4
0.145,0.655,121.889,-14.5197,3.04462,188.671,1,-2,0,0.4
0.145,0.665,169.386,-14.7508,2.90243,153.241,1,-2,0,0.4
0.145,0.675,221.441,-14.8657,2.80698,129.259,1,-2,0,0.4
0.145,0.685,277.076,-14.9239,2.75811,117.599,1,-2,0,0.4
0.145,0.695,336.174,-14.9544,2.74396,115.699,1,-2,0,0.4
0.145,0.705,398.488,-14.9712,2.75159,120.457,1,-2,0,0.4
0.145,0.715,463.195,-14.981,2.77118,129.412,1,-2,0,0.4
0.145,0.725,528.91,-14.987,2.79635,140.819,1,-2,0,0.4
0.145,0.735,593.913,-14.9909,2.82324,153.448,1,-2,0,0.4
0.145,0.745,656.419,-14.9936,2.84967,166.414,1,-2,0,0.4
0.145,0.755,714.822,-14.9955,2.8744,179.076,1,-2,0,0.4
0.145,0.765,767.868,-14.9968,2.89681,190.98,1,-2,0,0.4
0.145,0.775,814.737,-14.9977,2.91662,201.825,1,-2,0,0.4
0.145,0.785,855.057,-14.9984,2.93377,211.435,1,-2,0,0.4
0.145,0.795,888.855,-14.9989,2.94832,219.732,1,-2,0,0.4
0.145,0.805,916.481,-14.9993,2.96042,226.72,1,-2,0,0.4
0.145,0.815,938.511,-14.9995,2.97027,232.463,1,-2,0,0.4
0.145,0.825,955.655,-14.9997,2.97812,237.069,1,-2,0,0.4
0.145,0.835,968.68,-14.9998,2.98423,240.672,1,-2,0,0.4
0.145,0.845,978.34,-14.9999,2.98889,243.42,1,-2,0,0.4
0.145,0.855,985.336,-14.9999,2.99234,245.463,1,-2,0,0.4
0.145,0.865,990.283,-15,2.99484,246.943,1,-2,0,0.4
0.145,0.875,993.699,-15,2.9966,247.988,1,-2,0,0.4
0.145,0.885,996.001,-15,2.99782,248.706,1,-2,0,0.4
0.145,0.895,997.517,-15,2.99863,249.187,1,-2,0,0.4
0.145,0.905,998.491,-15,2.99916,249.501,1,-2,0,0.4
0.145,0.915,999.103,-15,2.99949,249.701,1,-2,0,0.4
0.145,0.925,999.478,-15,2.9997,249.825,1,-2,0,0.4
0.145,0.935,999.703,-15,2.99983,249.899,1,-2,0,0.4
0.145,0.945,999.834,-15,2.9999,249.944,1,-2,0,0.4
0.145,0.955,999.91,-15,2.99995,249.969,1,-2,0,0.4
0.145,0.965,999.952,-15,2.99997,249.983,1,-2,0,0.4
0.145,0.975,999.975,-15,2.99999,249.991,1,-2,0,0.4
0.145,0.985,999.987,-15,2.99999,249.996,1,-2,0,0.4
0.145,0.995,999.993,-15,3,249.998,1,-2,0,0.4
0.155,0.005,75.8199,4.49462,-11.6616,1756.17,1,-2,0,0.4
0.155,0.015,74.5394,4.46483,-11.4649,1729.21,1,-2,0,0.4
0.155,0.025,73.2715,4.43877,-11.2717,1703.75,1,-2,0,0.4
0.155,0.035,72.0212,4.41625,-11.0814,1679.67,1,-2,0,0.4
0.155,0.045,70.7943,4.39703,-10.8931,1656.87,1,-2,0,0.4
0.155,0.055,69.5971,4.38076,-10.7059,1635.23,1,-2,0,0.4
0.155,0.065,68.436,4.36701,-10.5191,1614.65,1,-2,0,0.4
0.155,0.075,67.317,4.35526,-10.3317,1594.97,1,-2,0,0.4
0.155,0.085,66.2457,4.34494,-10.1431,1576.06,1,-2,0,0.4
0.155,0.095,65.2277,4.33538,-9.95251,1557.75,1,-2,0,0.4
0.155,0.105,64.2682,4.32588,-9.75934,1539.91,1,-2,0,0.4
0.155,0.115,63.3722,4.31568,-9.56301,1522.38,1,-2,0,0.4
0.155,0.125,62.5444,4.30396,-9.36303,1505.01,1,-2,0,0.4
0.155,0.135,61.7892,4.28992,-9.159,1487.66,1,-2,0,0.4
0.155,0.145,61.1108,4.27272,-8.9506,1470.23,1,-2,0,0.4
0.155,0.155,60.5127,4.25155,-8.73757,1452.6,1,-2,0,0.4
0.155,0.165,59.9984,4.22561,-8.51977,1434.66,1,-2,0,0.4
0.155,0.175,59.5705,4.19418,-8.29712,1416.34,1,-2,0,0.4
0.155,0.185,59.2314,4.15657,-8.06961,1397.55,1,-2,0,0.4
0.155,0.195,58.9829,4.1122,-7.83734,1378.25,1,-2,0,0.4
0.155,0.205,58.8262,4.06055,-7.60044,1358.36,1,-2,0,0.4
0.155,0.215,58.7617,4.00124,-7.35913,1337.84,1,-2,0,0.4
0.155,0.225,58.7895,3.93398,-7.11369,1316.66,1,-2,0,0.4
0.155,0.235,58.9088,3.85861,-6.86442,1294.79,1,-2,0,0.4
0.155,0.245,59.118,3.77508,-6.61167,1272.2,1,-2,0,0.4
0.155,0.255,59.4152,3.68347,-6.35584,1248.88,1,-2,0,0.4
0.155,0.265,59.7972,3.58396,-6.09729,1224.83,1,-2,0,0.4
0.155,0.275,60.2603,3.47682,-5.8364,1200.05,1,-2,0,0.4
0.155,0.285,60.7999,3.36241,-5.57354,1174.56,1,-2,0,0.4
0.155,0.295,61.4108,3.24112,-5.309,1148.38,1,-2,0,0.4
0.155,0.305,62.1063,3.11342,-5.04143,1122.06,1,-2,0,0.4
0.155,0.315,62.8798,2.98112,-4.77119,1095.6,1,-2,0,0.4
0.155,0.325,63.7016,2.84575,-4.5008,1068.49,1,-2,0,0.4
0.155,0.335,64.564,2.70784,-4.23051,1040.82,1,-2,0,0.4
0.155,0.345,65.4552,2.56801,-3.96044,1012.64,1,-2,0,0.4
0.155,0.355,66.3613,2.42687,-3.69068,983.973,1,-2,0,0.4
0.155,0.365,67.2666,2.28501,-3.42125,954.822,1,-2,0,0.4
0.155,0.375,68.1531,2.14292,-3.15218,925.197,1,-2,0,0.4
0.155,0.385,69.0001,2.00103,-2.88349,895.085,1,-2,0,0.4
0.155,0.395,69.784,1.85965,-2.61521,864.456,1,-2,0,0.4
0.155,0.405,70.4779,1.71892,-2.34743,833.254,1,-2,0,0.4
0.155,0.415,71.0508,1.57884,-2.08026,801.399,1,-2,0,0.4
0.155,0.425,71.4677,1.43924,-1.81392,768.791,1,-2,0,0.4
0.155,0.435,71.6901,1.29975,-1.54874,735.316,1,-2,0,0.4
0.155,0.445,71.677,1.1598,-1.28512,700.868,1,-2,0,0.4
0.155,0.455,71.3871,1.01865,-1.0236,665.374,1,-2,0,0.4
0.155,0.465,70.7825,0.875453,-0.764883,628.825,1,-2,0,0.4
0.155,0.475,69.8326,0.729306,-0.509783,591.312,1,-2,0,0.4
0.155,0.485,68.5234,0.579059,-0.259172,553.086,1,-2,0,0.4
0.155,0.495,66.9314,0.416896,-0.0126523,514.721,1,-2,0,0.4
0.155,0.505,65.008,0.24284,0.230206,475.885,1,-2,0,0.4
0.155,0.515,62.6411,0.0660834,0.467023,437.311,1,-2,0,0.4
0.155,0.525,59.9777,-0.116725,0.693754,400.414,1,-2,0,0.4
0.155,0.535,57.1325,-0.309444,0.910574,366.549,1,-2,0,0.4
0.155,0.545,54.1849,-0.518458,1.1111,337.115,1,-2,0,0.4
0.155,0.555,51.008,-0.755078,1.28848,313.215,1,-2,0,0.4
0.155,0.565,47.2701,-1.04094,1.43658,295.711,1,-2,0,0.4
0.155,0.575,42.3925,-1.42427,1.55751,284.983,1,-2,0,0.4
0.155,0.585,35.9675,-2.03737,1.67737,280.997,1,-2,0,0.4
0.155,0.595,28.8951,-3.21377,1.86674,283.757,1,-2,0,0.4
0.155,0.605,24.0174,-5.46267,2.23275,290.211,1,-2,0,0.4
0.155,0.615,24.5233,-8.64907,2.77289,289.312,1,-2,0,0.4
0.155,0.625,32.8118,-11.5022,3.20109,273.497,1,-2,0,0.4
0.155,0.635,51.5223,-13.2452,3.29037,248.152,1,-2,0,0.4
0.155,0.645,81.8498,-14.1277,3.17272,214.824,1,-2,0,0.4
0.155,0.655,121.96,-14.5581,3.01246,177.129,1,-2,0,0.4
0.155,0.665,168.969,-14.7692,2.87785,144.962,1,-2,0,0.4
0.155,0.675,220.668,-14.8743,2.79103,124.062,1,-2,0,0.4
0.155,0.685,276.201,-14.9278,2.74883,114.604,1,-2,0,0.4
0.155,0.695,335.37,-14.9562,2.73886,114.024,1,-2,0,0.4
0.155,0.705,397.819,-14.972,2.74881,119.508,1,-2,0,0.4
0.155,0.715,462.665,-14.9814,2.76964,128.856,1,-2,0,0.4
0.155,0.725,528.503,-14.9872,2.79547,140.482,1,-2,0,0.4
0.155,0.735,593.612,-14.991,2.82274,153.241,1,-2,0,0.4
0.155,0.745,656.205,-14.9937,2.84938,166.287,1,-2,0,0.4
0.155,0.755,714.677,-14.9955,2.87423,178.999,1,-2,0,0.4
0.155,0.765,767.774,-14.9968,2.89672,190.934,1,-2,0,0.4
0.155,0.775,814.679,-14.9978,2.91657,201.799,1,-2,0,0.4
0.155,0.785,855.022,-14.9984,2.93375,211.42,1,-2,0,0.4
0.155,0.795,888.836,-14.9989,2.94831,219.723,1,-2,0,0.4
0.155,0.805,916.47,-14.9993,2.96041,226.715,1,-2,0,0.4
0.155,0.815,938.505,-14.9995,2.97026,232.461,1,-2,0,0.4
0.155,0.825,955.652,-14.9997,2.97812,237.068,1,-2,0,0.4
0.155,0.835,968.678,-14.9998,2.98423,240.671,1,-2,0,0.4
0.155,0.845,978.339,-14.9999,2.98889,243.42,1,-2,0,0.4
0.155,0.855,985.336,-14.9999,2.99234,245.463,1,-2,0,0.4
0.155,0.865,990.283,-15,2.99484,246.943,1,-2,0,0.4
0.155,0.875,993.699,-15,2.9966,247.988,1,-2,0,0.4
0.155,0.885,996.001,-15,2.99782,248.706,1,-2,0,0.4
0.155,0.895,997.517,-15,2.99863,249.187,1,-2,0,0.4
0.155,0.905,998.491,-15,2.99916,249.501,1,-2,0,0.4
0.155,0.915,999.103,-15,2.99949,249.701,1,-2,0,0.4
0.155,0.925,999.478,-15,2.9997,249.825,1,-2,0,0.4
0.155,0.935,999.703,-15,2.99983,249.899,1,-2,0,0.4
0.155,0.945,999.834,-15,2.9999,249.944,1,-2,0,0.4
0.155,0.955,999.91,-15,2.99995,249.969,1,-2,0,0.4
0.155,0.965,999.952,-15,2.99997,249.983,1,-2,0,0.4
0.155,0.975,999.975,-15,2.99999,249.991,1,-2,0,0.4
0.155,0.985,999.987,-15,2.99999,249.996,1,-2,0,0.4
0.155,0.995,999.993,-15,3,249.998,1,-2,0,0.4
0.165,0.005,74.245,4.71491,-11.6357,1713.5,1,-2,0,0.4
0.165,0.015,72.9414,4.68534,-11.4342,1686.08,1,-2,0,0.4
0.165,0.025,71.6569,4.65903,-11.236,1660.09,1,-2,0,0.4
0.165,0.035,70.3965,4.63585,-11.0406,1635.43,1,-2,0,0.4
0.165,0.045,69.1661,4.6156,-10.8471,1612.01,1,-2,0,0.4
0.165,0.055,67.9716,4.59797,-10.6547,1589.73,1,-2,0,0.4
0.165,0.065,66.8189,4.58254,-10.4627,1568.5,1,-2,0,0.4
0.165,0.075,65.7134,4.56886,-10.2703,1548.19,1,-2,0,0.4
0.165,0.085,64.66,4.55635,-10.0767,1528.67,1,-2,0,0.4
0.165,0.095,63.6634,4.54441,-9.88133,1509.8,1,-2,0,0.4
0.165,0.105,62.7279,4.53235,-9.68353,1491.42,1,-2,0,0.4
0.165,0.115,61.8576,4.51945,-9.48277,1473.4,1,-2,0,0.4
0.165,0.125,61.0564,4.50494,-9.27858,1455.6,1,-2,0,0.4
0.165,0.135,60.3277,4.48803,-9.07056,1437.87,1,-2,0,0.4
0.165,0.145,59.6746,4.46795,-8.8584,1420.11,1,-2,0,0.4
0.165,0.155,59.1001,4.4439,-8.64187,1402.2,1,-2,0,0.4
0.165,0.165,58.6067,4.41515,-8.4208,1384.04,1,-2,0,0.4
0.165,0.175,58.1965,4.38099,-8.19513,1365.55,1,-2,0,0.4
0.165,0.185,57.8711,4.34078,-7.96484,1346.64,1,-2,0,0.4
0.165,0.195,57.6316,4.29397,-7.73002,1327.24,1,-2,0,0.4
0.165,0.205,57.4788,4.24008,-7.49079,1307.32,1,-2,0,0.4
0.165,0.215,57.4126,4.17874,-7.24737,1286.81,1,-2,0,0.4
0.165,0.225,57.4326,4.10968,-7.00001,1265.68,1,-2,0,0.4
0.165,0.235,57.5376,4.03277,-6.749,1243.91,1,-2,0,0.4
0.165,0.245,57.7257,3.94796,-6.49468,1221.46,1,-2,0,0.4
0.165,0.255,57.9946,3.85533,-6.2374,1198.33,1,-2,0,0.4
0.165,0.265,58.3409,3.75504,-5.97752,1174.52,1,-2,0,0.4
0.165,0.275,58.7607,3.64734,-5.7154,1150.02,1,-2,0,0.4
0.165,0.285,59.2493,3.53255,-5.45136,1124.87,1,-2,0,0.4
0.165,0.295,59.8047,3.41102,-5.18538,1099.18,1,-2,0,0.4
0.165,0.305,60.448,3.28346,-4.91542,1073.64,1,-2,0,0.4
0.165,0.315,61.145,3.15212,-4.64435,1047.6,1,-2,0,0.4
0.165,0.325,61.8838,3.0177,-4.37317,1020.99,1,-2,0,0.4
0.165,0.335,62.6547,2.88073,-4.10207,993.85,1,-2,0,0.4
0.165,0.345,63.4459,2.74179,-3.83117,966.217,1,-2,0,0.4
0.165,0.355,64.2434,2.60146,-3.56058,938.102,1,-2,0,0.4
0.165,0.365,65.0315,2.46024,-3.29034,909.509,1,-2,0,0.4
0.165,0.375,65.7919,2.31858,-3.02053,880.432,1,-2,0,0.4
0.165,0.385,66.5039,2.17683,-2.75121,850.847,1,-2,0,0.4
0.165,0.395,67.1439,2.0352,-2.48247,820.713,1,-2,0,0.4
0.165,0.405,67.6848,1.89377,-2.21446,789.969,1,-2,0,0.4
0.165,0.415,68.0961,1.75247,-1.94738,758.536,1,-2,0,0.4
0.165,0.425,68.344,1.61106,-1.68152,726.323,1,-2,0,0.4
0.165,0.435,68.3921,1.46913,-1.41727,693.239,1,-2,0,0.4
0.165,0.445,68.2033,1.32614,-1.15513,659.22,1,-2,0,0.4
0.165,0.455,67.7421,1.18139,-0.895692,624.248,1,-2,0,0.4
0.165,0.465,66.9785,1.03414,-0.639674,588.386,1,-2,0,0.4
0.165,0.475,65.8932,0.883604,-0.387911,551.811,1,-2,0,0.4
0.165,0.485,64.4969,0.727511,-0.140906,514.921,1,-2,0,0.4
0.165,0.495,62.8986,0.554828,0.102348,478.075,1,-2,0,0.4
0.165,0.505,60.9043,0.378483,0.341314,441.009,1,-2,0,0.4
0.165,0.515,58.5866,0.198654,0.572673,404.988,1,-2,0,0.4
0.165,0.525,56.0764,0.0122396,0.792588,371.145,1,-2,0,0.4
0.165,0.535,53.467,-0.184757,0.998009,340.567,1,-2,0,0.4
0.165,0.545,50.7745,-0.398718,1.18544,314.444,1,-2,0,0.4
0.165,0.555,47.8657,-0.641428,1.34719,293.821,1,-2,0,0.4
0.165,0.565,44.3461,-0.935381,1.47838,279.28,1,-2,0,0.4
0.165,0.575,39.5915,-1.33464,1.58474,270.892,1,-2,0,0.4
0.165,0.585,33.2809,-1.99219,1.69799,268.495,1,-2,0,0.4
0.165,0.595,26.5493,-3.28234,1.89512,272.155,1,-2,0,0.4
0.165,0.605,22.331,-5.71391,2.28229,278.335,1,-2,0,0.4
0.165,0.615,23.5801,-8.98787,2.82668,276.008,1,-2,0,0.4
0.165,0.625,32.5451,-11.755,3.21738,259.632,1,-2,0,0.4
0.165,0.635,51.7777,-13.3834,3.26904,234.737,1,-2,0,0.4
0.165,0.645,82.1883,-14.1968,3.14,202.19,1,-2,0,0.4
0.165,0.655,121.984,-14.5918,2.98195,166.756,1,-2,0,0.4
0.165,0.665,168.55,-14.7852,2.85531,137.679,1,-2,0,0.4
0.165,0.675,219.958,-14.8816,2.77679,119.562,1,-2,0,0.4
0.165,0.685,275.42,-14.9311,2.74067,112.025,1,-2,0,0.4
0.165,0.695,334.657,-14.9577,2.73436,112.571,1,-2,0,0.4
0.165,0.705,397.22,-14.9727,2.74633,118.671,1,-2,0,0.4
0.165,0.715,462.181,-14.9817,2.76824,128.354,1,-2,0,0.4
0.165,0.725,528.126,-14.9874,2.79467,140.174,1,-2,0,0.4
0.165,0.735,593.33,-14.9911,2.82228,153.049,1,-2,0,0.4
0.165,0.745,656.004,-14.9937,2.84911,166.168,1,-2,0,0.4
0.165,0.755,714.541,-14.9955,2.87408,178.927,1,-2,0,0.4
0.165,0.765,767.686,-14.9968,2.89663,190.892,1,-2,0,0.4
0.165,0.775,814.625,-14.9978,2.91653,201.774,1,-2,0,0.4
0.165,0.785,854.991,-14.9984,2.93372,211.406,1,-2,0,0.4
0.165,0.795,888.818,-14.9989,2.94829,219.716,1,-2,0,0.4
0.165,0.805,916.461,-14.9993,2.9604,226.712,1,-2,0,0.4
0.165,0.815,938.5,-14.9995,2.97026,232.459,1,-2,0,0.4
0.165,0.825,955.649,-14.9997,2.97811,237.067,1,-2,0,0.4
0.165,0.835,968.677,-14.9998,2.98423,240.671,1,-2,0,0.4
0.165,0.845,978.339,-14.9999,2.98888,243.419,1,-2,0,0.4
0.165,0.855,985.336,-14.9999,2.99234,245.463,1,-2,0,0.4
0.165,0.865,990.283,-15,2.99484,246.943,1,-2,0,0.4
0.165,0.875,993.699,-15,2.9966,247.988,1,-2,0,0.4
0.165,0.885,996.001,-15,2.99782,248.706,1,-2,0,0.4
0.165,0.895,997.517,-15,2.99863,249.187,1,-2,0,0.4
0.165,0.905,998.491,-15,2.99916,249.501,1,-2,0,0.4
0.165,0.915,999.103,-15,2.99949,249.701,1,-2,0,0.4
0.165,0.925,999.478,-15,2.9997,249.825,1,-2,0,0.4
0.165,0.935,999.703,-15,2.99983,249.899,1,-2,0,0.4
0.165,0.945,999.834,-15,2.9999,249.944,1,-2,0,0.4
0.165,0.955,999.91,-15,2.99995,249.969,1,-2,0,0.4
0.165,0.965,999.952,-15,2.99997,249.983,1,-2,0,0.4
0.165,0.975,999.975,-15,2.99999,249.991,1,-2,0,0.4
0.165,0.985,999.987,-15,2.99999,249.996,1,-2,0,0.4
0.165,0.995,999.993,-15,3,249.998,1,-2,0,0.4
0.175,0.005,72.6671,4.93184,-11.6122,1671.32,1,-2,0,0.4
0.175,0.015,71.3569,4.90283,-11.4058,1643.73,1,-2,0,0.4
0.175,0.025,70.07,4.87657,-11.2025,1617.45,1,-2,0,0.4
0.175,0.035,68.8114,4.85299,-11.0018,1592.41,1,-2,0,0.4
0.175,0.045,67.5871,4.83191,-10.803,1568.55,1,-2,0,0.4
0.175,0.055,66.4029,4.81307,-10.6054,1545.79,1,-2,0,0.4
0.175,0.065,65.2641,4.79611,-10.4081,1524.05,1,-2,0,0.4
0.175,0.075,64.1757,4.78059,-10.2105,1503.22,1,-2,0,0.4
0.175,0.085,63.1423,4.76599,-10.0119,1483.18,1,-2,0,0.4
0.175,0.095,62.1679,4.75172,-9.81167,1463.8,1,-2,0,0.4
0.175,0.105,61.2561,4.73715,-9.60918,1444.95,1,-2,0,0.4
0.175,0.115,60.4103,4.72158,-9.40393,1426.48,1,-2,0,0.4
0.175,0.125,59.6336,4.7043,-9.19548,1408.28,1,-2,0,0.4
0.175,0.135,58.9287,4.68456,-8.98343,1390.2,1,-2,0,0.4
0.175,0.145,58.2981,4.6616,-8.76749,1372.12,1,-2,0,0.4
0.175,0.155,57.744,4.6347,-8.54743,1353.94,1,-2,0,0.4
0.175,0.165,57.2681,4.60315,-8.32309,1335.57,1,-2,0,0.4
0.175,0.175,56.8721,4.56628,-8.09438,1316.9,1,-2,0,0.4
0.175,0.185,56.557,4.52348,-7.86132,1297.87,1,-2,0,0.4
0.175,0.195,56.3233,4.47425,-7.62396,1278.4,1,-2,0,0.4
0.175,0.205,56.1714,4.41812,-7.38243,1258.44,1,-2,0,0.4
0.175,0.215,56.1007,4.35477,-7.13692,1237.95,1,-2,0,0.4
0.175,0.225,56.1103,4.28393,-6.88766,1216.88,1,-2,0,0.4
0.175,0.235,56.1989,4.20549,-6.63495,1195.21,1,-2,0,0.4
0.175,0.245,56.3642,4.1194,-6.37909,1172.92,1,-2,0,0.4
0.175,0.255,56.6035,4.02573,-6.12042,1150,1,-2,0,0.4
0.175,0.265,56.9134,3.92463,-5.85926,1126.43,1,-2,0,0.4
0.175,0.275,57.2896,3.81634,-5.59596,1102.24,1,-2,0,0.4
0.175,0.285,57.7273,3.70111,-5.3308,1077.44,1,-2,0,0.4
0.175,0.295,58.2363,3.57924,-5.06274,1052.44,1,-2,0,0.4
0.175,0.305,58.8188,3.4522,-4.79135,1027.44,1,-2,0,0.4
0.175,0.315,59.4425,3.32164,-4.51956,1001.85,1,-2,0,0.4
0.175,0.325,60.1006,3.188,-4.24767,975.724,1,-2,0,0.4
0.175,0.335,60.783,3.0518,-3.97589,949.103,1,-2,0,0.4
0.175,0.345,61.4776,2.91356,-3.70432,921.998,1,-2,0,0.4
0.175,0.355,62.1704,2.7738,-3.43309,894.414,1,-2,0,0.4
0.175,0.365,62.8454,2.63298,-3.16229,866.348,1,-2,0,0.4
0.175,0.375,63.4845,2.49145,-2.89201,837.781,1,-2,0,0.4
0.175,0.385,64.0667,2.34951,-2.6224,808.684,1,-2,0,0.4
0.175,0.395,64.5684,2.20729,-2.35358,779.009,1,-2,0,0.4
0.175,0.405,64.963,2.0648,-2.08578,748.693,1,-2,0,0.4
0.175,0.415,65.2208,1.92192,-1.81926,717.665,1,-2,0,0.4
0.175,0.425,65.3099,1.77837,-1.55439,685.853,1,-2,0,0.4
0.175,0.435,65.1967,1.63374,-1.29161,653.199,1,-2,0,0.4
0.175,0.445,64.8488,1.48752,-1.03147,619.682,1,-2,0,0.4
0.175,0.455,64.2372,1.33912,-0.774606,585.343,1,-2,0,0.4
0.175,0.465,63.3403,1.18791,-0.521749,550.315,1,-2,0,0.4
0.175,0.475,62.1498,1.03317,-0.273697,514.848,1,-2,0,0.4
0.175,0.485,60.7323,0.868295,-0.0302194,479.495,1,-2,0,0.4
0.175,0.495,59.081,0.690451,0.209469,444.089,1,-2,0,0.4
0.175,0.505,57.0756,0.511818,0.44374,409.077,1,-2,0,0.4
0.175,0.515,54.8426,0.329345,0.66905,375.653,1,-2,0,0.4
0.175,0.525,52.5005,0.139655,0.881759,344.807,1,-2,0,0.4
0.175,0.535,50.1398,-0.0616132,1.07674,317.453,1,-2,0,0.4
0.175,0.545,47.7089,-0.280682,1.25078,294.484,1,-2,0,0.4
0.175,0.555,45.0462,-0.529347,1.397,276.837,1,-2,0,0.4
0.175,0.565,41.7042,-0.831259,1.5122,264.864,1,-2,0,0.4
0.175,0.575,37.0344,-1.24778,1.60598,258.406,1,-2,0,0.4
0.175,0.585,30.8295,-1.95512,1.71521,257.291,1,-2,0,0.4
0.175,0.595,24.4521,-3.36906,1.92302,261.65,1,-2,0,0.4
0.175,0.605,20.8764,-5.98196,2.33236,267.384,1,-2,0,0.4
0.175,0.615,22.8129,-9.3182,2.87675,263.674,1,-2,0,0.4
0.175,0.625,32.3913,-11.9874,3.22789,246.849,1,-2,0,0.4
0.175,0.635,52.0648,-13.5073,3.24548,222.307,1,-2,0,0.4
0.175,0.645,82.4915,-14.2581,3.10762,190.581,1,-2,0,0.4
0.175,0.655,121.964,-14.6215,2.95308,157.422,1,-2,0,0.4
0.175,0.665,168.135,-14.7991,2.83471,131.27,1,-2,0,0.4
0.175,0.675,219.31,-14.8879,2.76409,115.663,1,-2,0,0.4
0.175,0.685,274.729,-14.934,2.73347,109.795,1,-2,0,0.4
0.175,0.695,334.025,-14.959,2.73039,111.303,1,-2,0,0.4
0.175,0.705,396.679,-14.9733,2.7441,117.925,1,-2,0,0.4
0.175,0.715,461.736,-14.982,2.76697,127.899,1,-2,0,0.4
0.175,0.725,527.775,-14.9876,2.79392,139.889,1,-2,0,0.4
0.175,0.735,593.065,-14.9912,2.82184,152.87,1,-2,0,0.4
0.175,0.745,655.816,-14.9938,2.84886,166.057,1,-2,0,0.4
0.175,0.755,714.414,-14.9955,2.87394,178.86,1,-2,0,0.4
0.175,0.765,767.605,-14.9968,2.89655,190.852,1,-2,0,0.4
0.175,0.775,814.575,-14.9978,2.91648,201.752,1,-2,0,0.4
0.175,0.785,854.962,-14.9984,2.9337,211.394,1,-2,0,0.4
0.175,0.795,888.801,-14.9989,2.94828,219.71,1,-2,0,0.4
0.175,0.805,916.452,-14.9993,2.9604,226.708,1,-2,0,0.4
0.175,0.815,938.495,-14.9995,2.97026,232.457,1,-2,0,0.4
0.175,0.825,955.647,-14.9997,2.97811,237.066,1,-2,0,0.4
0.175,0.835,968.676,-14.9998,2.98423,240.67,1,-2,0,0.4
0.175,0.845,978.338,-14.9999,2.98888,243.419,1,-2,0,0.4
0.175,0.855,985.335,-14.9999,2.99234,245.463,1,-2,0,0.4
0.175,0.865,990.283,-15,2.99484,246.943,1,-2,0,0.4
0.175,0.875,993.699,-15,2.9966,247.988,1,-2,0,0.4
0.175,0.885,996.001,-15,2.99782,248.706,1,-2,0,0.4
0.175,0.895,997.517,-15,2.99863,249.187,1,-2,0,0.4
0.175,0.905,998.491,-15,2.99916,249.501,1,-2,0,0.4
0.175,0.915,999.103,-15,2.99949,249.701,1,-2,0,0.4
0.175,0.925,999.478,-15,2.9997,249.825,1,-2,0,0.4
0.175,0.935,999.703,-15,2.99983,249.899,1,-2,0,0.4
0.175,0.945,999.834,-15,2.9999,249.944,1,-2,0,0.4
0.175,0.955,999.91,-15,2.99995,249.969,1,-2,0,0.4
0.175,0.965,999.952,-15,2.99997,249.983,1,-2,0,0.4
0.175,0.975,999.975,-15,2.99999,249.991,1,-2,0,0.4
0.175,0.985,999.987,-15,2.99999,249.996,1,-2,0,0.4
0.175,0.995,999.993,-15,3,249.998,1,-2,0,0.4
0.185,0.005,71.0872,5.14409,-11.5893,1629.25,1,-2,0,0.4
0.185,0.015,69.7858,5.11609,-11.3781,1601.78,1,-2,0,0.4
0.185,0.025,68.5093,5.09029,-11.1698,1575.47,1,-2,0,0.4
0.185,0.035,67.2634,5.06664,-10.9639,1550.3,1,-2,0,0.4
0.185,0.045,66.0539,5.04505,-10.7599,1526.2,1,-2,0,0.4
0.185,0.055,64.8867,5.02527,-10.557,1503.13,1,-2,0,0.4
0.185,0.065,63.7668,5.00699,-10.3546,1481.03,1,-2,0,0.4
0.185,0.075,62.6991,4.98982,-10.1518,1459.81,1,-2,0,0.4
0.185,0.085,61.6878,4.97328,-9.94823,1439.35,1,-2,0,0.4
0.185,0.095,60.7363,4.95683,-9.74312,1419.56,1,-2,0,0.4
0.185,0.105,59.848,4.93986,-9.53595,1400.31,1,-2,0,0.4
0.185,0.115,59.0256,4.92173,-9.32622,1381.46,1,-2,0,0.4
0.185,0.125,58.2717,4.90176,-9.11351,1362.89,1,-2,0,0.4
0.185,0.135,57.5883,4.87924,-8.89745,1344.48,1,-2,0,0.4
0.185,0.145,56.9775,4.85348,-8.67774,1326.12,1,-2,0,0.4
0.185,0.155,56.4409,4.82378,-8.45416,1307.7,1,-2,0,0.4
0.185,0.165,55.9797,4.78947,-8.22655,1289.12,1,-2,0,0.4
0.185,0.175,55.5948,4.74993,-7.99484,1270.3,1,-2,0,0.4
0.185,0.185,55.287,4.70459,-7.75902,1251.15,1,-2,0,0.4
0.185,0.195,55.0563,4.65297,-7.51914,1231.62,1,-2,0,0.4
0.185,0.205,54.9025,4.59464,-7.27533,1211.64,1,-2,0,0.4
0.185,0.215,54.8248,4.52929,-7.02775,1191.17,1,-2,0,0.4
0.185,0.225,54.8221,4.4567,-6.77664,1170.18,1,-2,0,0.4
0.185,0.235,54.8924,4.37673,-6.52226,1148.62,1,-2,0,0.4
0.185,0.245,55.0334,4.28936,-6.26491,1126.5,1,-2,0,0.4
0.185,0.255,55.2421,4.19464,-6.00488,1103.79,1,-2,0,0.4
0.185,0.265,55.5149,4.09272,-5.7425,1080.49,1,-2,0,0.4
0.185,0.275,55.8474,3.98378,-5.47807,1056.6,1,-2,0,0.4
0.185,0.285,56.2362,3.86804,-5.21174,1032.2,1,-2,0,0.4
0.185,0.295,56.7031,3.74592,-4.94132,1007.96,1,-2,0,0.4
0.185,0.305,57.2202,3.61947,-4.66921,983.353,1,-2,0,0.4
0.185,0.315,57.7726,3.48953,-4.39679,958.203,1,-2,0,0.4
0.185,0.325,58.3522,3.35648,-4.12433,932.556,1,-2,0,0.4
0.185,0.335,58.9487,3.22084,-3.852,906.427,1,-2,0,0.4
0.185,0.345,59.5496,3.08307,-3.57994,879.82,1,-2,0,0.4
0.185,0.355,60.1409,2.94364,-3.30829,852.734,1,-2,0,0.4
0.185,0.365,60.7066,2.80292,-3.03717,825.155,1,-2,0,0.4
0.185,0.375,61.2284,2.66122,-2.76675,797.06,1,-2,0,0.4
0.185,0.385,61.6854,2.51875,-2.49718,768.411,1,-2,0,0.4
0.185,0.395,62.0544,2.37559,-2.22869,739.161,1,-2,0,0.4
0.185,0.405,62.3094,2.23171,-1.96153,709.253,1,-2,0,0.4
0.185,0.415,62.4221,2.08694,-1.69604,678.629,1,-2,0,0.4
0.185,0.425,62.3631,1.94099,-1.43263,647.244,1,-2,0,0.4
0.185,0.435,62.1025,1.79348,-1.17179,615.076,1,-2,0,0.4
0.185,0.445,61.613,1.64397,-0.914114,582.152,1,-2,0,0.4
0.185,0.455,60.8724,1.49197,-0.660238,548.57,1,-2,0,0.4
0.185,0.465,59.8676,1.33701,-0.410901,514.522,1,-2,0,0.4
0.185,0.475,58.6044,1.17795,-0.166703,480.347,1,-2,0,0.4
0.185,0.485,57.1958,1.00324,0.0732839,446.534,1,-2,0,0.4
0.185,0.495,55.4897,0.823745,0.309068,412.731,1,-2,0,0.4
0.185,0.505,53.5183,0.643065,0.538009,379.92,1,-2,0,0.4
0.185,0.515,51.396,0.45826,0.756795,349.091,1,-2,0,0.4
0.185,0.525,49.2316,0.265583,0.961579,321.112,1,-2,0,0.4
0.185,0.535,47.1007,0.0602755,1.14711,296.78,1,-2,0,0.4
0.185,0.545,44.9391,-0.163913,1.30744,276.82,1,-2,0,0.4
0.185,0.555,42.4997,-0.418382,1.43852,261.859,1,-2,0,0.4
0.185,0.565,39.2978,-0.728273,1.53899,252.1,1,-2,0,0.4
0.185,0.575,34.6832,-1.16384,1.62219,247.235,1,-2,0,0.4
0.185,0.585,28.583,-1.92702,1.72987,247.172,1,-2,0,0.4
0.185,0.595,22.5737,-3.47495,1.95114,252.07,1,-2,0,0.4
0.185,0.605,19.6215,-6.26501,2.38311,257.204,1,-2,0,0.4
0.185,0.615,22.1933,-9.63832,2.92282,252.172,1,-2,0,0.4
0.185,0.625,32.3266,-12.2009,3.23297,234.972,1,-2,0,0.4
0.185,0.635,52.3653,-13.6187,3.21999,210.71,1,-2,0,0.4
0.185,0.645,82.7523,-14.3128,3.07567,179.885,1,-2,0,0.4
0.185,0.655,121.904,-14.6476,2.92585,149.024,1,-2,0,0.4
0.185,0.665,167.732,-14.8112,2.81595,125.635,1,-2,0,0.4
0.185,0.675,218.725,-14.8934,2.7528,112.283,1,-2,0,0.4
0.185,0.685,274.118,-14.9364,2.72712,107.863,1,-2,0,0.4
0.185,0.695,333.463,-14.9601,2.72685,110.188,1,-2,0,0.4
0.185,0.705,396.188,-14.9739,2.74209,117.255,1,-2,0,0.4
0.185,0.715,461.323,-14.9823,2.76579,127.481,1,-2,0,0.4
0.185,0.725,527.444,-14.9877,2.79323,139.624,1,-2,0,0.4
0.185,0.735,592.815,-14.9913,2.82144,152.703,1,-2,0,0.4
0.185,0.745,655.637,-14.9938,2.84862,165.954,1,-2,0,0.4
0.185,0.755,714.294,-14.9956,2.8738,178.797,1,-2,0,0.4
0.185,0.765,767.529,-14.9968,2.89648,190.816,1,-2,0,0.4
0.185,0.775,814.529,-14.9978,2.91644,201.731,1,-2,0,0.4
0.185,0.785,854.935,-14.9984,2.93368,211.383,1,-2,0,0.4
0.185,0.795,888.787,-14.9989,2.94827,219.704,1,-2,0,0.4
0.185,0.805,916.444,-14.9993,2.96039,226.705,1,-2,0,0.4
0.185,0.815,938.491,-14.9995,2.97026,232.456,1,-2,0,0.4
0.185,0.825,955.645,-14.9997,2.97811,237.065,1,-2,0,0.4
0.185,0.835,968.675,-14.9998,2.98423,240.67,1,-2,0,0.4
0.185,0.845,978.338,-14.9999,2.98888,243.419,1,-2,0,0.4
0.185,0.855,985.335,-14.9999,2.99234,245.463,1,-2,0,0.4
0.185,0.865,990.283,-15,2.99484,246.943,1,-2,0,0.4
0.185,0.875,993.699,-15,2.9966,247.988,1,-2,0,0.4
0.185,0.885,996.001,-15,2.99782,248.706,1,-2,0,0.4
0.185,0.895,997.517,-15,2.99863,249.187,1,-2,0,0.4
0.185,0.905,998.491,-15,2.99916,249.501,1,-2,0,0.4
0.185,0.915,999.103,-15,2.99949,249.701,1,-2,0,0.4
0.185,0.925,999.478,-15,2.9997,249.825,1,-2,0,0.4
0.185,0.935,999.703,-15,2.99983,249.899,1,-2,0,0.4
0.185,0.945,999.834,-15,2.9999,249.944,1,-2,0,0.4
0.185,0.955,999.91,-15,2.99995,249.969,1,-2,0,0.4
0.185,0.965,999.952,-15,2.99997,249.983,1,-2,0,0.4
0.185,0.975,999.975,-15,2.99999,249.991,1,-2,0,0.4
0.185,0.985,999.987,-15,2.99999,249.996,1,-2,0,0.4
0.185,0.995,999.993,-15,3,249.998,1,-2,0,0.4
0.195,0.005,69.5031,5.35045,-11.5654,1586.92,1,-2,0,0.4
0.195,0.015,68.2242,5.324,-11.3497,1559.87,1,-2,0,0.4
0.195,0.025,66.9702,5.29912,-11.1367,1533.82,1,-2,0,0.4
0.195,0.035,65.7469,5.27585,-10.9259,1508.74,1,-2,0,0.4
0.195,0.045,64.5604,5.25411,-10.7169,1484.63,1,-2,0,0.4
0.195,0.055,63.4165,5.23372,-10.5089,1461.45,1,-2,0,0.4
0.195,0.065,62.3204,5.21443,-10.3014,1439.16,1,-2,0,0.4
0.195,0.075,61.2768,5.19588,-10.0937,1417.69,1,-2,0,0.4
0.195,0.085,60.2896,5.17763,-9.88517,1396.95,1,-2,0,0.4
0.195,0.095,59.3621,5.15919,-9.67529,1376.85,1,-2,0,0.4
0.195,0.105,58.4973,5.14,-9.46352,1357.28,1,-2,0,0.4
0.195,0.115,57.6976,5.11946,-9.24938,1338.12,1,-2,0,0.4
0.195,0.125,56.9651,5.09694,-9.03248,1319.25,1,-2,0,0.4
0.195,0.135,56.3015,5.07177,-8.81245,1300.57,1,-2,0,0.4
0.195,0.145,55.7083,5.04331,-8.58901,1281.96,1,-2,0,0.4
0.195,0.155,55.1867,5.0109,-8.36195,1263.33,1,-2,0,0.4
0.195,0.165,54.7375,4.97391,-8.13111,1244.57,1,-2,0,0.4
0.195,0.175,54.3613,4.93178,-7.89643,1225.61,1,-2,0,0.4
0.195,0.185,54.0581,4.88396,-7.65788,1206.37,1,-2,0,0.4
0.195,0.195,53.8279,4.83,-7.41552,1186.78,1,-2,0,0.4
0.195,0.205,53.67,4.76952,-7.16946,1166.8,1,-2,0,0.4
0.195,0.215,53.5833,4.70222,-6.91986,1146.37,1,-2,0,0.4
0.195,0.225,53.5662,4.62789,-6.66693,1125.45,1,-2,0,0.4
0.195,0.235,53.6168,4.54641,-6.41093,1104.03,1,-2,0,0.4
0.195,0.245,53.7323,4.45776,-6.15211,1082.08,1,-2,0,0.4
0.195,0.255,53.9097,4.36198,-5.89078,1059.59,1,-2,0,0.4
0.195,0.265,54.145,4.25918,-5.62723,1036.56,1,-2,0,0.4
0.195,0.275,54.4339,4.14952,-5.36174,1012.99,1,-2,0,0.4
0.195,0.285,54.7808,4.03316,-5.09368,989.138,1,-2,0,0.4
0.195,0.295,55.1983,3.91106,-4.82172,965.455,1,-2,0,0.4
0.195,0.305,55.6518,3.78506,-4.54901,941.236,1,-2,0,0.4
0.195,0.315,56.1345,3.65553,-4.2761,916.518,1,-2,0,0.4
0.195,0.325,56.6374,3.52289,-4.0032,891.322,1,-2,0,0.4
0.195,0.335,57.15,3.38757,-3.73049,865.653,1,-2,0,0.4
0.195,0.345,57.6597,3.25003,-3.45813,839.51,1,-2,0,0.4
0.195,0.355,58.1524,3.11063,-3.1863,812.882,1,-2,0,0.4
0.195,0.365,58.612,2.96972,-2.91516,785.751,1,-2,0,0.4
0.195,0.375,59.0203,2.82753,-2.6449,758.087,1,-2,0,0.4
0.195,0.385,59.3567,2.68421,-2.37575,729.854,1,-2,0,0.4
0.195,0.395,59.5985,2.5398,-2.10797,701.007,1,-2,0,0.4
0.195,0.405,59.721,2.39423,-1.84188,671.501,1,-2,0,0.4
0.195,0.415,59.6977,2.24731,-1.57785,641.3,1,-2,0,0.4
0.195,0.425,59.5022,2.09879,-1.31634,610.386,1,-2,0,0.4
0.195,0.435,59.1089,1.94832,-1.05787,578.779,1,-2,0,0.4
0.195,0.445,58.4961,1.79557,-0.803033,546.552,1,-2,0,0.4
0.195,0.455,57.6483,1.64016,-0.552475,513.856,1,-2,0,0.4
0.195,0.465,56.5607,1.48173,-0.306911,480.93,1,-2,0,0.4
0.195,0.475,55.2768,1.31603,-0.0664473,448.231,1,-2,0,0.4
0.195,0.485,53.8461,1.13579,0.169938,415.87,1,-2,0,0.4
0.195,0.495,52.1292,0.954867,0.401351,383.897,1,-2,0,0.4
0.195,0.505,50.2227,0.77243,0.624596,353.35,1,-2,0,0.4
0.195,0.515,48.2284,0.585532,0.83648,325.062,1,-2,0,0.4
0.195,0.525,46.246,0.390074,1.03286,299.802,1,-2,0,0.4
0.195,0.535,44.335,0.180968,1.20817,278.277,1,-2,0,0.4
0.195,0.545,42.4196,-0.0480964,1.35569,261.08,1,-2,0,0.4
0.195,0.555,40.1826,-0.308171,1.4723,248.545,1,-2,0,0.4
0.195,0.565,37.0879,-0.626247,1.5595,240.69,1,-2,0,0.4
0.195,0.575,32.5067,-1.08312,1.63412,237.15,1,-2,0,0.4
0.195,0.585,26.5161,-1.90894,1.74262,237.969,1,-2,0,0.4
0.195,0.595,20.8888,-3.60107,1.98007,243.27,1,-2,0,0.4
0.195,0.605,18.5386,-6.56117,2.43456,247.665,1,-2,0,0.4
0.195,0.615,21.6979,-9.94696,2.96456,241.377,1,-2,0,0.4
0.195,0.625,32.3329,-12.3972,3.23274,223.87,1,-2,0,0.4
0.195,0.635,52.6623,-13.7193,3.19291,199.812,1,-2,0,0.4
0.195,0.645,82.9668,-14.3617,3.04427,170.021,1,-2,0,0.4
0.195,0.655,121.81,-14.6707,2.9003,141.481,1,-2,0,0.4
0.195,0.665,167.349,-14.8218,2.79896,120.692,1,-2,0,0.4
0.195,0.675,218.205,-14.8981,2.7428,109.353,1,-2,0,0.4
0.195,0.685,273.581,-14.9385,2.72151,106.182,1,-2,0,0.4
0.195,0.695,332.961,-14.9611,2.72368,109.2,1,-2,0,0.4
0.195,0.705,395.737,-14.9744,2.74025,116.648,1,-2,0,0.4
0.195,0.715,460.936,-14.9826,2.76469,127.095,1,-2,0,0.4
0.195,0.725,527.13,-14.9878,2.79258,139.376,1,-2,0,0.4
0.195,0.735,592.577,-14.9914,2.82105,152.545,1,-2,0,0.4
0.195,0.745,655.469,-14.9938,2.8484,165.856,1,-2,0,0.4
0.195,0.755,714.182,-14.9956,2.87368,178.739,1,-2,0,0.4
0.195,0.765,767.458,-14.9969,2.89641,190.782,1,-2,0,0.4
0.195,0.775,814.487,-14.9978,2.91641,201.713,1,-2,0,0.4
0.195,0.785,854.911,-14.9985,2.93366,211.372,1,-2,0,0.4
0.195,0.795,888.774,-14.9989,2.94826,219.698,1,-2,0,0.4
0.195,0.805,916.437,-14.9993,2.96039,226.702,1,-2,0,0.4
0.195,0.815,938.488,-14.9995,2.97025,232.454,1,-2,0,0.4
0.195,0.825,955.643,-14.9997,2.97811,237.065,1,-2,0,0.4
0.195,0.835,968.674,-14.9998,2.98423,240.67,1,-2,0,0.4
0.195,0.845,978.338,-14.9999,2.98888,243.419,1,-2,0,0.4
0.195,0.855,985.335,-14.9999,2.99234,245.463,1,-2,0,0.4
0.195,0.865,990.283,-15,2.99484,246.943,1,-2,0,0.4
0.195,0.875,993.699,-15,2.9966,247.988,1,-2,0,0.4
0.195,0.885,996.001,-15,2.99782,248.706,1,-2,0,0.4
0.195,0.895,997.517,-15,2.99863,249.187,1,-2,0,0.4
0.195,0.905,998.491,-15,2.99916,249.501,1,-2,0,0.4
0.195,0.915,999.103,-15,2.99949,249.701,1,-2,0,0.4
0.195,0.925,999.478,-15,2.9997,249.825,1,-2,0,0.4
0.195,0.935,999.703,-15,2.99983,249.899,1,-2,0,0.4
0.195,0.945,999.834,-15,2.9999,249.944,1,-2,0,0.4
0.195,0.955,999.91,-15,2.99995,249.969,1,-2,0,0.4
0.195,0.965,999.952,-15,2.99997,249.983,1,-2,0,0.4
0.195,0.975,999.975,-15,2.99999,249.991,1,-2,0,0.4
0.195,0.985,999.987,-15,2.99999,249.996,1,-2,0,0.4
0.195,0.995,999.993,-15,3,249.998,1,-2,0,0.4
0.205,0.005,67.9086,5.5499,-11.5394,1543.94,1,-2,0,0.4
0.205,0.015,66.6652,5.52558,-11.3196,1517.63,1,-2,0,0.4
0.205,0.025,65.4447,5.50216,-11.1023,1492.11,1,-2,0,0.4
0.205,0.035,64.2535,5.47973,-10.8869,1467.4,1,-2,0,0.4
0.205,0.045,63.0978,5.45826,-10.6732,1443.51,1,-2,0,0.4
0.205,0.055,61.9837,5.43765,-10.4604,1420.43,1,-2,0,0.4
0.205,0.065,60.9163,5.41769,-10.2481,1398.14,1,-2,0,0.4
0.205,0.075,59.9003,5.39806,-10.0355,1376.59,1,-2,0,0.4
0.205,0.085,58.9395,5.3784,-9.82231,1355.71,1,-2,0,0.4
0.205,0.095,58.0373,5.35823,-9.60782,1335.42,1,-2,0,0.4
0.205,0.105,57.1965,5.33705,-9.39158,1315.63,1,-2,0,0.4
0.205,0.115,56.4191,5.31431,-9.17315,1296.25,1,-2,0,0.4
0.205,0.125,55.7071,5.28941,-8.95215,1277.16,1,-2,0,0.4
0.205,0.135,55.062,5.26176,-8.72823,1258.26,1,-2,0,0.4
0.205,0.145,54.4847,5.23073,-8.50114,1239.46,1,-2,0,0.4
0.205,0.155,53.9762,5.19574,-8.27067,1220.65,1,-2,0,0.4
0.205,0.165,53.537,5.15619,-8.03666,1201.76,1,-2,0,0.4
0.205,0.175,53.1672,5.11156,-7.79906,1182.69,1,-2,0,0.4
0.205,0.185,52.8666,5.06135,-7.55784,1163.38,1,-2,0,0.4
0.205,0.195,52.6348,5.00514,-7.31304,1143.76,1,-2,0,0.4
0.205,0.205,52.4708,4.94256,-7.06478,1123.79,1,-2,0,0.4
0.205,0.215,52.3732,4.87335,-6.81321,1103.41,1,-2,0,0.4
0.205,0.225,52.3404,4.79732,-6.55851,1082.59,1,-2,0,0.4
0.205,0.235,52.3699,4.71435,-6.30093,1061.31,1,-2,0,0.4
0.205,0.245,52.459,4.62441,-6.04071,1039.54,1,-2,0,0.4
0.205,0.255,52.6043,4.52754,-5.77813,1017.28,1,-2,0,0.4
0.205,0.265,52.8019,4.42383,-5.51348,994.512,1,-2,0,0.4
0.205,0.275,53.0472,4.31338,-5.24699,971.256,1,-2,0,0.4
0.205,0.285,53.3582,4.19637,-4.97675,948.09,1,-2,0,0.4
0.205,0.295,53.7203,4.07443,-4.70401,924.772,1,-2,0,0.4
0.205,0.305,54.1116,3.94866,-4.43084,900.934,1,-2,0,0.4
0.205,0.315,54.5258,3.81935,-4.15756,876.624,1,-2,0,0.4
0.205,0.325,54.9535,3.68688,-3.88437,851.849,1,-2,0,0.4
0.205,0.335,55.384,3.55165,-3.61147,826.607,1,-2,0,0.4
0.205,0.345,55.8047,3.41405,-3.33905,800.89,1,-2,0,0.4
0.205,0.355,56.2013,3.27442,-3.0673,774.682,1,-2,0,0.4
0.205,0.365,56.558,3.13301,-2.79643,747.961,1,-2,0,0.4
0.205,0.375,56.8565,2.99002,-2.52668,720.698,1,-2,0,0.4
0.205,0.385,57.0771,2.84556,-2.25832,692.859,1,-2,0,0.4
0.205,0.395,57.1978,2.69962,-1.99164,664.409,1,-2,0,0.4
0.205,0.405,57.1954,2.55212,-1.72701,635.319,1,-2,0,0.4
0.205,0.415,57.0462,2.40289,-1.46484,605.577,1,-2,0,0.4
0.205,0.425,56.7269,2.25172,-1.20562,575.199,1,-2,0,0.4
0.205,0.435,56.2166,2.09833,-0.949866,544.242,1,-2,0,0.4
0.205,0.445,55.4992,1.94248,-0.698169,512.826,1,-2,0,0.4
0.205,0.455,54.5657,1.78396,-0.451169,481.14,1,-2,0,0.4
0.205,0.465,53.4193,1.62241,-0.209508,449.47,1,-2,0,0.4
0.205,0.475,52.1501,1.44838,0.0273899,418.326,1,-2,0,0.4
0.205,0.485,50.6861,1.26625,0.260046,387.455,1,-2,0,0.4
0.205,0.495,48.9953,1.08406,0.48661,357.443,1,-2,0,0.4
0.205,0.505,47.1759,0.900107,0.703903,329.163,1,-2,0,0.4
0.205,0.515,45.3205,0.711282,0.908562,303.335,1,-2,0,0.4
0.205,0.525,43.5202,0.513156,1.09609,280.639,1,-2,0,0.4
0.205,0.535,41.8173,0.300449,1.26067,261.697,1,-2,0,0.4
0.205,0.545,40.1115,0.0668809,1.396,246.979,1,-2,0,0.4
0.205,0.555,38.0578,-0.198516,1.49885,236.618,1,-2,0,0.4
0.205,0.565,35.0419,-0.525175,1.57431,230.394,1,-2,0,0.4
0.205,0.575,30.4792,-1.0061,1.64227,227.969,1,-2,0,0.4
0.205,0.585,24.6073,-1.90215,1.75398,229.545,1,-2,0,0.4
0.205,0.595,19.3752,-3.74852,2.01032,235.121,1,-2,0,0.4
0.205,0.605,17.6046,-6.86847,2.48656,238.649,1,-2,0,0.4
0.205,0.615,21.3066,-10.2432,3.00161,231.18,1,-2,0,0.4
0.205,0.625,32.3923,-12.5777,3.22754,213.41,1,-2,0,0.4
0.205,0.635,52.9447,-13.8104,3.16443,189.538,1,-2,0,0.4
0.205,0.645,83.1337,-14.4055,3.01357,160.93,1,-2,0,0.4
0.205,0.655,121.69,-14.6911,2.87645,134.723,1,-2,0,0.4
0.205,0.665,166.992,-14.831,2.78365,116.365,1,-2,0,0.4
0.205,0.675,217.747,-14.9021,2.73395,106.814,1,-2,0,0.4
0.205,0.685,273.112,-14.9403,2.71655,104.714,1,-2,0,0.4
0.205,0.695,332.511,-14.9619,2.72083,108.319,1,-2,0,0.4
0.205,0.705,395.321,-14.9748,2.73855,116.093,1,-2,0,0.4
0.205,0.715,460.571,-14.9828,2.76367,126.735,1,-2,0,0.4
0.205,0.725,526.832,-14.988,2.79196,139.142,1,-2,0,0.4
0.205,0.735,592.351,-14.9915,2.82069,152.397,1,-2,0,0.4
0.205,0.745,655.309,-14.9939,2.84819,165.765,1,-2,0,0.4
0.205,0.755,714.076,-14.9956,2.87356,178.684,1,-2,0,0.4
0.205,0.765,767.392,-14.9969,2.89635,190.751,1,-2,0,0.4
0.205,0.775,814.448,-14.9978,2.91637,201.695,1,-2,0,0.4
0.205,0.785,854.889,-14.9985,2.93364,211.363,1,-2,0,0.4
0.205,0.795,888.762,-14.9989,2.94825,219.693,1,-2,0,0.4
0.205,0.805,916.431,-14.9993,2.96038,226.7,1,-2,0,0.4
0.205,0.815,938.485,-14.9995,2.97025,232.453,1,-2,0,0.4
0.205,0.825,955.642,-14.9997,2.97811,237.064,1,-2,0,0.4
0.205,0.835,968.673,-14.9998,2.98423,240.669,1,-2,0,0.4
0.205,0.845,978.337,-14.9999,2.98888,243.419,1,-2,0,0.4
0.205,0.855,985.335,-14.9999,2.99234,245.463,1,-2,0,0.4
0.205,0.865,990.283,-15,2.99484,246.943,1,-2,0,0.4
0.205,0.875,993.699,-15,2.9966,247.988,1,-2,0,0.4
0.205,0.885,996.001,-15,2.99782,248.706,1,-2,0,0.4
0.205,0.895,997.517,-15,2.99863,249.187,1,-2,0,0.4
0.205,0.905,998.491,-15,2.99916,249.501,1,-2,0,0.4
0.205,0.915,999.103,-15,2.99949,249.701,1,-2,0,0.4
0.205,0.925,999.478,-15,2.9997,249.825,1,-2,0,0.4
0.205,0.935,999.703,-15,2.99983,249.899,1,-2,0,0.4
0.205,0.945,999.834,-15,2.9999,249.944,1,-2,0,0.4
0.205,0.955,999.91,-15,2.99995,249.969,1,-2,0,0.4
0.205,0.965,999.952,-15,2.99997,249.983,1,-2,0,0.4
0.205,0.975,999.975,-15,2.99999,249.991,1,-2,0,0.4
0.205,0.985,999.987,-15,2.99999,249.996,1,-2,0,0.4
0.205,0.995,999.993,-15,3,249.998,1,-2,0,0.4
0.215,0.005,66.2209,5.74788,-11.5107,1497.58,1,-2,0,0.4
0.215,0.015,65.0388,5.72521,-11.2875,1472.75,1,-2,0,0.4
0.215,0.025,63.8767,5.70262,-11.0663,1448.52,1,-2,0,0.4
0.215,0.035,62.7407,5.68031,-10.8469,1424.89,1,-2,0,0.4
0.215,0.045,61.6366,5.65842,-10.6287,1401.88,1,-2,0,0.4
0.215,0.055,60.5689,5.63706,-10.4112,1379.46,1,-2,0,0.4
0.215,0.065,59.5407,5.61632,-10.1942,1357.54,1,-2,0,0.4
0.215,0.075,58.558,5.59583,-9.97698,1336.15,1,-2,0,0.4
0.215,0.085,57.6266,5.57507,-9.75921,1315.28,1,-2,0,0.4
0.215,0.095,56.7511,5.5535,-9.54032,1294.94,1,-2,0,0.4
0.215,0.105,55.9349,5.53061,-9.31981,1275.05,1,-2,0,0.4
0.215,0.115,55.1803,5.5059,-9.09726,1255.55,1,-2,0,0.4
0.215,0.125,54.4888,5.47882,-8.8723,1236.34,1,-2,0,0.4
0.215,0.135,53.8616,5.44884,-8.64463,1217.31,1,-2,0,0.4
0.215,0.145,53.2995,5.41539,-8.41399,1198.39,1,-2,0,0.4
0.215,0.155,52.8031,5.37793,-8.18019,1179.48,1,-2,0,0.4
0.215,0.165,52.3724,5.33595,-7.94309,1160.5,1,-2,0,0.4
0.215,0.175,52.0073,5.28894,-7.70264,1141.37,1,-2,0,0.4
0.215,0.185,51.7076,5.23645,-7.45882,1122.02,1,-2,0,0.4
0.215,0.195,51.4724,5.17807,-7.21166,1102.4,1,-2,0,0.4
0.215,0.205,51.3008,5.11348,-6.96126,1082.45,1,-2,0,0.4
0.215,0.215,51.191,5.04242,-6.70777,1062.15,1,-2,0,0.4
0.215,0.225,51.1411,4.96472,-6.45136,1041.44,1,-2,0,0.4
0.215,0.235,51.1486,4.88027,-6.19226,1020.31,1,-2,0,0.4
0.215,0.245,51.2105,4.78904,-5.93071,998.727,1,-2,0,0.4
0.215,0.255,51.3232,4.69106,-5.66696,976.692,1,-2,0,0.4
0.215,0.265,51.4828,4.58636,-5.40126,954.197,1,-2,0,0.4
0.215,0.275,51.6889,4.47503,-5.13347,931.351,1,-2,0,0.4
0.215,0.285,51.9606,4.35748,-4.86149,908.756,1,-2,0,0.4
0.215,0.295,52.2664,4.23563,-4.58828,885.755,1,-2,0,0.4
0.215,0.305,52.5964,4.10989,-4.3148,862.28,1,-2,0,0.4
0.215,0.315,52.9432,3.98058,-4.0413,838.35,1,-2,0,0.4
0.215,0.325,53.297,3.84805,-3.768,813.964,1,-2,0,0.4
0.215,0.335,53.6471,3.71266,-3.49513,789.114,1,-2,0,0.4
0.215,0.345,53.9808,3.57474,-3.22288,763.788,1,-2,0,0.4
0.215,0.355,54.2839,3.43458,-2.95149,737.968,1,-2,0,0.4
0.215,0.365,54.5407,3.2924,-2.68121,711.63,1,-2,0,0.4
0.215,0.375,54.7337,3.14834,-2.4123,684.749,1,-2,0,0.4
0.215,0.385,54.8436,3.00247,-2.14507,657.299,1,-2,0,0.4
0.215,0.395,54.8499,2.8548,-1.87987,629.257,1,-2,0,0.4
0.215,0.405,54.7315,2.70522,-1.61707,600.616,1,-2,0,0.4
0.215,0.415,54.4673,2.55361,-1.35712,571.389,1,-2,0,0.4
0.215,0.425,54.0378,2.39981,-1.1005,541.625,1,-2,0,0.4
0.215,0.435,53.4269,2.24364,-0.847743,511.419,1,-2,0,0.4
0.215,0.445,52.6237,2.08497,-0.599411,480.926,1,-2,0,0.4
0.215,0.455,51.6256,1.92369,-0.356121,450.37,1,-2,0,0.4
0.215,0.465,50.4531,1.75807,-0.118291,420.09,1,-2,0,0.4
0.215,0.475,49.1965,1.57744,0.115074,390.461,1,-2,0,0.4
0.215,0.485,47.7203,1.39474,0.343797,361.224,1,-2,0,0.4
0.215,0.495,46.0807,1.21154,0.565221,333.218,1,-2,0,0.4
0.215,0.505,44.3629,1.02626,0.776317,307.163,1,-2,0,0.4
0.215,0.515,42.6524,0.835607,0.973442,283.689,1,-2,0,0.4
0.215,0.525,41.0313,0.634869,1.15174,263.397,1,-2,0,0.4
0.215,0.535,39.523,0.418703,1.30526,246.823,1,-2,0,0.4
0.215,0.545,38.0017,0.180983,1.42827,234.319,1,-2,0,0.4
0.215,0.555,36.0955,-0.0893836,1.51862,225.854,1,-2,0,0.4
0.215,0.565,33.1335,-0.425214,1.58392,221.025,1,-2,0,0.4
0.215,0.575,28.5792,-0.933409,1.64707,219.546,1,-2,0,0.4
0.215,0.585,22.8384,-1.90813,1.76445,221.784,1,-2,0,0.4
0.215,0.595,18.0139,-3.91839,2.04236,227.5,1,-2,0,0.4
0.215,0.605,16.7997,-7.18487,2.53879,230.053,1,-2,0,0.4
0.215,0.615,21.0028,-10.5266,3.03355,221.486,1,-2,0,0.4
0.215,0.625,32.4893,-12.7437,3.21767,203.487,1,-2,0,0.4
0.215,0.635,53.2035,-13.8929,3.13477,179.838,1,-2,0,0.4
0.215,0.645,83.2544,-14.4447,2.98374,152.571,1,-2,0,0.4
0.215,0.655,121.553,-14.709,2.85435,128.691,1,-2,0,0.4
0.215,0.665,166.668,-14.8389,2.76994,112.589,1,-2,0,0.4
0.215,0.675,217.352,-14.9056,2.72616,104.613,1,-2,0,0.4
0.215,0.685,272.703,-14.9419,2.71214,103.425,1,-2,0,0.4
0.215,0.695,332.104,-14.9627,2.71824,107.525,1,-2,0,0.4
0.215,0.705,394.932,-14.9752,2.73698,115.58,1,-2,0,0.4
0.215,0.715,460.224,-14.983,2.7627,126.397,1,-2,0,0.4
0.215,0.725,526.546,-14.9881,2.79138,138.921,1,-2,0,0.4
0.215,0.735,592.134,-14.9915,2.82034,152.256,1,-2,0,0.4
0.215,0.745,655.157,-14.9939,2.848,165.679,1,-2,0,0.4
0.215,0.755,713.976,-14.9956,2.87346,178.633,1,-2,0,0.4
0.215,0.765,767.33,-14.9969,2.89629,190.722,1,-2,0,0.4
0.215,0.775,814.412,-14.9978,2.91634,201.679,1,-2,0,0.4
0.215,0.785,854.869,-14.9985,2.93363,211.355,1,-2,0,0.4
0.215,0.795,888.751,-14.9989,2.94825,219.689,1,-2,0,0.4
0.215,0.805,916.426,-14.9993,2.96038,226.698,1,-2,0,0.4
0.215,0.815,938.482,-14.9995,2.97025,232.452,1,-2,0,0.4
0.215,0.825,955.641,-14.9997,2.97811,237.064,1,-2,0,0.4
0.215,0.835,968.673,-14.9998,2.98423,240.669,1,-2,0,0.4
0.215,0.845,978.337,-14.9999,2.98888,243.419,1,-2,0,0.4
0.215,0.855,985.335,-14.9999,2.99234,245.463,1,-2,0,0.4
0.215,0.865,990.283,-15,2.99484,246.943,1,-2,0,0.4
0.215,0.875,993.699,-15,2.9966,247.988,1,-2,0,0.4
0.215,0.885,996.001,-15,2.99782,248.706,1,-2,0,0.4
0.215,0.895,997.517,-15,2.99863,249.187,1,-2,0,0.4
0.215,0.905,998.491,-15,2.99916,249.501,1,-2,0,0.4
0.215,0.915,999.103,-15,2.99949,249.701,1,-2,0,0.4
0.215,0.925,999.478,-15,2.9997,249.825,1,-2,0,0.4
0.215,0.935,999.703,-15,2.99983,249.899,1,-2,0,0.4
0.215,0.945,999.834,-15,2.9999,249.944,1,-2,0,0.4
0.215,0.955,999.91,-15,2.99995,249.969,1,-2,0,0.4
0.215,0.965,999.952,-15,2.99997,249.983,1,-2,0,0.4
0.215,0.975,999.975,-15,2.99999,249.991,1,-2,0,0.4
0.215,0.985,999.987,-15,2.99999,249.996,1,-2,0,0.4
0.215,0.995,999.993,-15,3,249.998,1,-2,0,0.4
0.225,0.005,64.4936,5.93856,-11.4765,1449.55,1,-2,0,0.4
0.225,0.015,63.3499,5.92118,-11.2505,1425.43,1,-2,0,0.4
0.225,0.025,62.2218,5.90314,-11.0261,1401.67,1,-2,0,0.4
0.225,0.035,61.1173,5.88459,-10.8032,1378.37,1,-2,0,0.4
0.225,0.045,60.0445,5.86552,-10.5815,1355.61,1,-2,0,0.4
0.225,0.055,59.0115,5.84576,-10.3605,1333.5,1,-2,0,0.4
0.225,0.065,58.0267,5.82491,-10.1398,1312.13,1,-2,0,0.4
0.225,0.075,57.0932,5.80292,-9.91873,1291.45,1,-2,0,0.4
0.225,0.085,56.2128,5.77971,-9.69692,1271.37,1,-2,0,0.4
0.225,0.095,55.3871,5.75512,-9.47393,1251.77,1,-2,0,0.4
0.225,0.105,54.6176,5.72883,-9.24935,1232.58,1,-2,0,0.4
0.225,0.115,53.906,5.70046,-9.0228,1213.7,1,-2,0,0.4
0.225,0.125,53.2533,5.66958,-8.79394,1195.04,1,-2,0,0.4
0.225,0.135,52.6602,5.63576,-8.56246,1176.5,1,-2,0,0.4
0.225,0.145,52.1267,5.59861,-8.32813,1157.98,1,-2,0,0.4
0.225,0.155,51.652,5.55777,-8.09078,1139.36,1,-2,0,0.4
0.225,0.165,51.2343,5.51298,-7.8504,1120.52,1,-2,0,0.4
0.225,0.175,50.8741,5.46365,-7.60708,1101.4,1,-2,0,0.4
0.225,0.185,50.5739,5.40901,-7.36074,1082.06,1,-2,0,0.4
0.225,0.195,50.3342,5.34857,-7.11132,1062.46,1,-2,0,0.4
0.225,0.205,50.1539,5.28201,-6.85887,1042.59,1,-2,0,0.4
0.225,0.215,50.0312,5.20913,-6.60354,1022.38,1,-2,0,0.4
0.225,0.225,49.9637,5.12976,-6.34549,1001.82,1,-2,0,0.4
0.225,0.235,49.9487,5.04382,-6.08494,980.854,1,-2,0,0.4
0.225,0.245,49.9828,4.95128,-5.82212,959.476,1,-2,0,0.4
0.225,0.255,50.0627,4.85214,-5.55729,937.673,1,-2,0,0.4
0.225,0.265,50.1842,4.7464,-5.29066,915.447,1,-2,0,0.4
0.225,0.275,50.356,4.63409,-5.02116,893.124,1,-2,0,0.4
0.225,0.285,50.5823,4.51621,-4.74817,870.923,1,-2,0,0.4
0.225,0.295,50.833,4.39422,-4.47466,848.234,1,-2,0,0.4
0.225,0.305,51.1025,4.26831,-4.201,825.099,1,-2,0,0.4
0.225,0.315,51.3827,4.13879,-3.92746,801.522,1,-2,0,0.4
0.225,0.325,51.6639,4.00596,-3.65426,777.496,1,-2,0,0.4
0.225,0.335,51.9352,3.87016,-3.38164,753.01,1,-2,0,0.4
0.225,0.345,52.184,3.73167,-3.10983,728.048,1,-2,0,0.4
0.225,0.355,52.3964,3.59073,-2.83909,702.592,1,-2,0,0.4
0.225,0.365,52.557,3.44753,-2.5697,676.624,1,-2,0,0.4
0.225,0.375,52.6489,3.30217,-2.30197,650.122,1,-2,0,0.4
0.225,0.385,52.6541,3.15472,-2.03621,623.072,1,-2,0,0.4
0.225,0.395,52.5538,3.00517,-1.77281,595.469,1,-2,0,0.4
0.225,0.405,52.329,2.85345,-1.51217,567.327,1,-2,0,0.4
0.225,0.415,51.9617,2.69949,-1.25473,538.686,1,-2,0,0.4
0.225,0.425,51.4364,2.54319,-1.00098,509.627,1,-2,0,0.4
0.225,0.435,50.7414,2.38448,-0.751416,480.276,1,-2,0,0.4
0.225,0.445,49.8712,2.22334,-0.506593,450.817,1,-2,0,0.4
0.225,0.455,48.8284,2.05972,-0.267098,421.495,1,-2,0,0.4
0.225,0.465,47.6658,1.88836,-0.0328774,392.725,1,-2,0,0.4
0.225,0.475,46.4013,1.70475,0.196944,364.535,1,-2,0,0.4
0.225,0.485,44.9453,1.52149,0.421412,337.058,1,-2,0,0.4
0.225,0.495,43.3751,1.33748,0.637528,311.06,1,-2,0,0.4
0.225,0.505,41.7684,1.15101,0.842203,287.161,1,-2,0,0.4
0.225,0.515,40.2046,0.958577,1.03149,265.919,1,-2,0,0.4
0.225,0.525,38.757,0.755241,1.20023,247.869,1,-2,0,0.4
0.225,0.535,37.4298,0.535713,1.34248,233.463,1,-2,0,0.4
0.225,0.545,36.0689,0.294151,1.45327,222.926,1,-2,0,0.4
0.225,0.555,34.2682,0.0191344,1.53224,216.081,1,-2,0,0.4
0.225,0.565,31.3412,-0.32665,1.58879,212.439,1,-2,0,0.4
0.225,0.575,26.7888,-0.865859,1.64891,211.769,1,-2,0,0.4
0.225,0.585,21.1942,-1.92862,1.77456,214.59,1,-2,0,0.4
0.225,0.595,16.7891,-4.11166,2.07662,220.302,1,-2,0,0.4
0.225,0.605,16.1071,-7.50821,2.59078,221.789,1,-2,0,0.4
0.225,0.615,20.7719,-10.7966,3.05998,212.212,1,-2,0,0.4
0.225,0.625,32.6104,-12.8965,3.20343,194.021,1,-2,0,0.4
0.225,0.635,53.4326,-13.9677,3.10414,170.682,1,-2,0,0.4
0.225,0.645,83.3321,-14.4797,2.95496,144.91,1,-2,0,0.4
0.225,0.655,121.407,-14.7248,2.83402,123.334,1,-2,0,0.4
0.225,0.665,166.382,-14.8458,2.75774,109.306,1,-2,0,0.4
0.225,0.675,217.016,-14.9087,2.71929,102.704,1,-2,0,0.4
0.225,0.685,272.347,-14.9433,2.70821,102.287,1,-2,0,0.4
0.225,0.695,331.733,-14.9634,2.71587,106.804,1,-2,0,0.4
0.225,0.705,394.566,-14.9756,2.7355,115.101,1,-2,0,0.4
0.225,0.715,459.891,-14.9832,2.76178,126.077,1,-2,0,0.4
0.225,0.725,526.271,-14.9882,2.79082,138.711,1,-2,0,0.4
0.225,0.735,591.927,-14.9916,2.82002,152.123,1,-2,0,0.4
0.225,0.745,655.012,-14.994,2.84781,165.597,1,-2,0,0.4
0.225,0.755,713.883,-14.9957,2.87335,178.586,1,-2,0,0.4
0.225,0.765,767.273,-14.9969,2.89624,190.695,1,-2,0,0.4
0.225,0.775,814.379,-14.9978,2.91632,201.665,1,-2,0,0.4
0.225,0.785,854.851,-14.9985,2.93361,211.347,1,-2,0,0.4
0.225,0.795,888.741,-14.9989,2.94824,219.685,1,-2,0,0.4
0.225,0.805,916.421,-14.9993,2.96038,226.696,1,-2,0,0.4
0.225,0.815,938.48,-14.9995,2.97025,232.451,1,-2,0,0.4
0.225,0.825,955.64,-14.9997,2.97811,237.063,1,-2,0,0.4
0.225,0.835,968.672,-14.9998,2.98423,240.669,1,-2,0,0.4
0.225,0.845,978.337,-14.9999,2.98888,243.419,1,-2,0,0.4
0.225,0.855,985.335,-14.9999,2.99234,245.463,1,-2,0,0.4
0.225,0.865,990.283,-15,2.99484,246.943,1,-2,0,0.4
0.225,0.875,993.699,-15,2.9966,247.988,1,-2,0,0.4
0.225,0.885,996.001,-15,2.99782,248.706,1,-2,0,0.4
0.225,0.895,997.517,-15,2.99863,249.187,1,-2,0,0.4
0.225,0.905,998.491,-15,2.99916,249.501,1,-2,0,0.4
0.225,0.915,999.103,-15,2.99949,249.701,1,-2,0,0.4
0.225,0.925,999.478,-15,2.9997,249.825,1,-2,0,0.4
0.225,0.935,999.703,-15,2.99983,249.899,1,-2,0,0.4
0.225,0.945,999.834,-15,2.9999,249.944,1,-2,0,0.4
0.225,0.955,999.91,-15,2.99995,249.969,1,-2,0,0.4
0.225,0.965,999.952,-15,2.99997,249.983,1,-2,0,0.4
0.225,0.975,999.975,-15,2.99999,249.991,1,-2,0,0.4
0.225,0.985,999.987,-15,2.99999,249.996,1,-2,0,0.4
0.225,0.995,999.993,-15,3,249.998,1,-2,0,0.4
0.235,0.005,62.8203,6.11217,-11.4375,1402.79,1,-2,0,0.4
0.235,0.015,61.7426,6.09903,-11.2092,1380.24,1,-2,0,0.4
0.235,0.025,60.6736,6.08452,-10.9822,1357.75,1,-2,0,0.4
0.235,0.035,59.6217,6.06888,-10.7562,1335.45,1,-2,0,0.4
0.235,0.045,58.5945,6.05224,-10.5311,1313.43,1,-2,0,0.4
0.235,0.055,57.5991,6.03462,-10.3066,1291.77,1,-2,0,0.4
0.235,0.065,56.6416,6.01595,-10.0821,1270.5,1,-2,0,0.4
0.235,0.075,55.7273,5.99607,-9.85732,1249.66,1,-2,0,0.4
0.235,0.085,54.8606,5.97474,-9.63177,1229.25,1,-2,0,0.4
0.235,0.095,54.0453,5.95165,-9.40508,1209.24,1,-2,0,0.4
0.235,0.105,53.284,5.92643,-9.17688,1189.61,1,-2,0,0.4
0.235,0.115,52.5794,5.89865,-8.94686,1170.31,1,-2,0,0.4
0.235,0.125,51.9333,5.86783,-8.71471,1151.29,1,-2,0,0.4
0.235,0.135,51.3473,5.83345,-8.48018,1132.49,1,-2,0,0.4
0.235,0.145,50.8231,5.79498,-8.24307,1113.88,1,-2,0,0.4
0.235,0.155,50.3621,5.75182,-8.00322,1095.41,1,-2,0,0.4
0.235,0.165,49.966,5.70329,-7.76045,1077.09,1,-2,0,0.4
0.235,0.175,49.6329,5.64919,-7.51459,1058.78,1,-2,0,0.4
0.235,0.185,49.358,5.58956,-7.26571,1040.31,1,-2,0,0.4
0.235,0.195,49.1386,5.5243,-7.01388,1021.57,1,-2,0,0.4
0.235,0.205,48.9722,5.45325,-6.75916,1002.5,1,-2,0,0.4
0.235,0.215,48.8562,5.37632,-6.50167,983.031,1,-2,0,0.4
0.235,0.225,48.7874,5.2935,-6.2416,963.108,1,-2,0,0.4
0.235,0.235,48.7613,5.2049,-5.97919,942.668,1,-2,0,0.4
0.235,0.245,48.7706,5.11078,-5.71501,921.589,1,-2,0,0.4
0.235,0.255,48.8172,5.01046,-5.44921,900.02,1,-2,0,0.4
0.235,0.265,48.9015,4.90359,-5.1817,878.081,1,-2,0,0.4
0.235,0.275,49.0425,4.79024,-4.9103,856.351,1,-2,0,0.4
0.235,0.285,49.2194,4.67202,-4.63693,834.425,1,-2,0,0.4
0.235,0.295,49.4157,4.54971,-4.36327,812.039,1,-2,0,0.4
0.235,0.305,49.6254,4.42344,-4.08961,789.224,1,-2,0,0.4
0.235,0.315,49.8401,4.29349,-3.81622,765.978,1,-2,0,0.4
0.235,0.325,50.0501,4.16016,-3.54333,742.289,1,-2,0,0.4
0.235,0.335,50.2444,4.02372,-3.27121,718.145,1,-2,0,0.4
0.235,0.345,50.4108,3.88444,-3.00011,693.531,1,-2,0,0.4
0.235,0.355,50.5356,3.7425,-2.73031,668.432,1,-2,0,0.4
0.235,0.365,50.6042,3.59808,-2.46212,642.834,1,-2,0,0.4
0.235,0.375,50.6005,3.45127,-2.19586,616.726,1,-2,0,0.4
0.235,0.385,50.5078,3.30212,-1.93189,590.107,1,-2,0,0.4
0.235,0.395,50.3094,3.15064,-1.67059,562.991,1,-2,0,0.4
0.235,0.405,49.9887,2.99683,-1.41238,535.413,1,-2,0,0.4
0.235,0.415,49.5312,2.84064,-1.15768,507.442,1,-2,0,0.4
0.235,0.425,48.9249,2.68207,-0.906975,479.183,1,-2,0,0.4
0.235,0.435,48.1625,2.52115,-0.660738,450.789,1,-2,0,0.4
0.235,0.445,47.2429,2.35795,-0.419494,422.461,1,-2,0,0.4
0.235,0.455,46.1738,2.1924,-0.183769,394.461,1,-2,0,0.4
0.235,0.465,45.0413,2.01432,0.0470127,367.221,1,-2,0,0.4
0.235,0.475,43.7706,1.83035,0.273261,340.518,1,-2,0,0.4
0.235,0.485,42.3554,1.64669,0.493209,314.834,1,-2,0,0.4
0.235,0.495,40.8667,1.46203,0.70385,290.806,1,-2,0,0.4
0.235,0.505,39.3766,1.27445,0.901885,268.974,1,-2,0,0.4
0.235,0.515,37.9588,1.08024,1.08305,249.837,1,-2,0,0.4
0.235,0.525,36.6771,0.874287,1.24194,233.87,1,-2,0,0.4
0.235,0.535,35.5163,0.651485,1.3728,221.437,1,-2,0,0.4
0.235,0.545,34.2925,0.406366,1.47172,212.638,1,-2,0,0.4
0.235,0.555,32.5622,0.126913,1.54019,207.172,1,-2,0,0.4
0.235,0.565,29.647,-0.229842,1.58942,204.522,1,-2,0,0.4
0.235,0.575,25.0928,-0.804419,1.64828,204.543,1,-2,0,0.4
0.235,0.585,19.6628,-1.96565,1.78495,207.879,1,-2,0,0.4
0.235,0.595,15.687,-4.32913,2.11345,213.421,1,-2,0,0.4
0.235,0.605,15.5127,-7.83616,2.64186,213.785,1,-2,0,0.4
0.235,0.615,20.6015,-11.053,3.08053,203.294,1,-2,0,0.4
0.235,0.625,32.7444,-13.037,3.18514,184.957,1,-2,0,0.4
0.235,0.635,53.6277,-14.0356,3.07284,162.056,1,-2,0,0.4
0.235,0.645,83.3722,-14.511,2.92742,137.925,1,-2,0,0.4
0.235,0.655,121.262,-14.7387,2.81549,118.602,1,-2,0,0.4
0.235,0.665,166.139,-14.8518,2.74696,106.462,1,-2,0,0.4
0.235,0.675,216.736,-14.9113,2.71326,101.047,1,-2,0,0.4
0.235,0.685,272.036,-14.9445,2.70468,101.274,1,-2,0,0.4
0.235,0.695,331.392,-14.964,2.71368,106.141,1,-2,0,0.4
0.235,0.705,394.216,-14.9759,2.7341,114.651,1,-2,0,0.4
0.235,0.715,459.569,-14.9834,2.7609,125.772,1,-2,0,0.4
0.235,0.725,526.006,-14.9883,2.79029,138.511,1,-2,0,0.4
0.235,0.735,591.729,-14.9916,2.81971,151.997,1,-2,0,0.4
0.235,0.745,654.876,-14.994,2.84764,165.521,1,-2,0,0.4
0.235,0.755,713.795,-14.9957,2.87326,178.542,1,-2,0,0.4
0.235,0.765,767.22,-14.9969,2.89619,190.67,1,-2,0,0.4
0.235,0.775,814.349,-14.9978,2.91629,201.651,1,-2,0,0.4
0.235,0.785,854.834,-14.9985,2.9336,211.34,1,-2,0,0.4
0.235,0.795,888.733,-14.9989,2.94823,219.682,1,-2,0,0.4
0.235,0.805,916.416,-14.9993,2.96037,226.694,1,-2,0,0.4
0.235,0.815,938.478,-14.9995,2.97025,232.45,1,-2,0,0.4
0.235,0.825,955.639,-14.9997,2.97811,237.063,1,-2,0,0.4
0.235,0.835,968.672,-14.9998,2.98423,240.669,1,-2,0,0.4
0.235,0.845,978.337,-14.9999,2.98888,243.419,1,-2,0,0.4
0.235,0.855,985.335,-14.9999,2.99234,245.463,1,-2,0,0.4
0.235,0.865,990.283,-15,2.99484,246.943,1,-2,0,0.4
0.235,0.875,993.699,-15,2.9966,247.988,1,-2,0,0.4
0.235,0.885,996.001,-15,2.99782,248.706,1,-2,0,0.4
0.235,0.895,997.517,-15,2.99863,249.187,1,-2,0,0.4
0.235,0.905,998.491,-15,2.99916,249.501,1,-2,0,0.4
0.235,0.915,999.103,-15,2.99949,249.701,1,-2,0,0.4
0.235,0.925,999.478,-15,2.9997,249.825,1,-2,0,0.4
0.235,0.935,999.703,-15,2.99983,249.899,1,-2,0,0.4
0.235,0.945,999.834,-15,2.9999,249.944,1,-2,0,0.4
0.235,0.955,999.91,-15,2.99995,249.969,1,-2,0,0.4
0.235,0.965,999.952,-15,2.99997,249.983,1,-2,0,0.4
0.235,0.975,999.975,-15,2.99999,249.991,1,-2,0,0.4
0.235,0.985,999.987,-15,2.99999,249.996,1,-2,0,0.4
0.235,0.995,999.993,-15,3,249.998,1,-2,0,0.4
0.245,0.005,61.1194,6.27437,-11.393,1354.78,1,-2,0,0.4
0.245,0.015,60.1186,6.26584,-11.1632,1334.11,1,-2,0,0.4
0.245,0.025,59.1193,6.25517,-10.9341,1313.23,1,-2,0,0.4
0.245,0.035,58.1304,6.24263,-10.7056,1292.28,1,-2,0,0.4
0.245,0.045,57.1601,6.22843,-10.4777,1271.38,1,-2,0,0.4
0.245,0.055,56.2157,6.21263,-10.25,1250.62,1,-2,0,0.4
0.245,0.065,55.3038,6.19522,-10.0223,1230.09,1,-2,0,0.4
0.245,0.075,54.4299,6.17609,-9.7941,1209.82,1,-2,0,0.4
0.245,0.085,53.5989,6.15508,-9.56512,1189.85,1,-2,0,0.4
0.245,0.095,52.8145,6.13191,-9.335,1170.16,1,-2,0,0.4
0.245,0.105,52.0797,6.1063,-9.10342,1150.75,1,-2,0,0.4
0.245,0.115,51.397,6.07787,-8.87008,1131.57,1,-2,0,0.4
0.245,0.125,50.7679,6.04625,-8.63472,1112.59,1,-2,0,0.4
0.245,0.135,50.1937,6.01104,-8.39711,1093.76,1,-2,0,0.4
0.245,0.145,49.6751,5.9718,-8.15707,1075.01,1,-2,0,0.4
0.245,0.155,49.2124,5.92813,-7.91444,1056.29,1,-2,0,0.4
0.245,0.165,48.8054,5.87961,-7.6691,1037.55,1,-2,0,0.4
0.245,0.175,48.454,5.82586,-7.42094,1018.73,1,-2,0,0.4
0.245,0.185,48.1577,5.76653,-7.17,999.802,1,-2,0,0.4
0.245,0.195,47.9152,5.70132,-6.91635,980.713,1,-2,0,0.4
0.245,0.205,47.7256,5.62992,-6.66011,961.436,1,-2,0,0.4
0.245,0.215,47.5878,5.55207,-6.40139,941.958,1,-2,0,0.4
0.245,0.225,47.5002,5.46753,-6.14038,922.272,1,-2,0,0.4
0.245,0.235,47.4615,5.37605,-5.87724,902.381,1,-2,0,0.4
0.245,0.245,47.4706,5.27732,-5.61196,882.327,1,-2,0,0.4
0.245,0.255,47.5169,5.1721,-5.3448,861.9,1,-2,0,0.4
0.245,0.265,47.5968,5.06091,-5.0755,841.104,1,-2,0,0.4
0.245,0.275,47.7253,4.94433,-4.80209,820.416,1,-2,0,0.4
0.245,0.285,47.8668,4.82445,-4.52793,799.083,1,-2,0,0.4
0.245,0.295,48.0094,4.70165,-4.25429,776.992,1,-2,0,0.4
0.245,0.305,48.1605,4.5748,-3.98082,754.49,1,-2,0,0.4
0.245,0.315,48.3113,4.44422,-3.70777,731.568,1,-2,0,0.4
0.245,0.325,48.4518,4.31018,-3.43543,708.205,1,-2,0,0.4
0.245,0.335,48.5714,4.17293,-3.16405,684.395,1,-2,0,0.4
0.245,0.345,48.6583,4.03267,-2.89392,660.127,1,-2,0,0.4
0.245,0.355,48.6994,3.88958,-2.62534,635.391,1,-2,0,0.4
0.245,0.365,48.6808,3.74381,-2.35863,610.181,1,-2,0,0.4
0.245,0.375,48.5876,3.59545,-2.09414,584.499,1,-2,0,0.4
0.245,0.385,48.4049,3.44458,-1.83222,558.358,1,-2,0,0.4
0.245,0.395,48.1179,3.29124,-1.57327,531.791,1,-2,0,0.4
0.245,0.405,47.7129,3.13545,-1.31769,504.856,1,-2,0,0.4
0.245,0.415,47.1782,2.97726,-1.06591,477.643,1,-2,0,0.4
0.245,0.425,46.5057,2.81673,-0.81836,450.279,1,-2,0,0.4
0.245,0.435,45.692,2.654,-0.57551,422.934,1,-2,0,0.4
0.245,0.445,44.7398,2.48918,-0.337851,395.822,1,-2,0,0.4
0.245,0.455,43.6712,2.32065,-0.105744,369.229,1,-2,0,0.4
0.245,0.465,42.5598,2.13823,0.121678,343.463,1,-2,0,0.4
0.245,0.475,41.3026,1.95437,0.344248,318.322,1,-2,0,0.4
0.245,0.485,39.9426,1.7705,0.559503,294.423,1,-2,0,0.4
0.245,0.495,38.5435,1.58531,0.764488,272.302,1,-2,0,0.4
0.245,0.505,37.1723,1.39665,0.955642,252.435,1,-2,0,0.4
0.245,0.515,35.8975,1.20061,1.12838,235.273,1,-2,0,0.4
0.245,0.525,34.7727,0.992022,1.27718,221.232,1,-2,0,0.4
0.245,0.535,33.763,0.766045,1.39668,210.587,1,-2,0,0.4
0.245,0.545,32.6536,0.517654,1.48419,203.314,1,-2,0,0.4
0.245,0.555,30.967,0.233851,1.54304,199.011,1,-2,0,0.4
0.245,0.565,28.0372,-0.135176,1.58633,197.179,1,-2,0,0.4
0.245,0.575,23.4788,-0.750249,1.64575,197.79,1,-2,0,0.4
0.245,0.585,18.2351,-2.02148,1.79636,201.576,1,-2,0,0.4
0.245,0.595,14.6996,-4.5703,2.15309,206.825,1,-2,0,0.4
0.245,0.605,15.0046,-8.1662,2.69121,205.986,1,-2,0,0.4
0.245,0.615,20.4806,-11.2956,3.09492,194.687,1,-2,0,0.4
0.245,0.625,32.8818,-13.1663,3.16315,176.266,1,-2,0,0.4
0.245,0.635,53.7866,-14.0971,3.04118,153.958,1,-2,0,0.4
0.245,0.645,83.3811,-14.5389,2.90132,131.592,1,-2,0,0.4
0.245,0.655,121.127,-14.7508,2.79876,114.448,1,-2,0,0.4
0.245,0.665,165.941,-14.8569,2.73751,104.008,1,-2,0,0.4
0.245,0.675,216.509,-14.9135,2.70796,99.6043,1,-2,0,0.4
0.245,0.685,271.765,-14.9456,2.7015,100.366,1,-2,0,0.4
0.245,0.695,331.073,-14.9646,2.71163,105.527,1,-2,0,0.4
0.245,0.705,393.879,-14.9762,2.73277,114.225,1,-2,0,0.4
0.245,0.715,459.257,-14.9836,2.76006,125.481,1,-2,0,0.4
0.245,0.725,525.749,-14.9884,2.78978,138.32,1,-2,0,0.4
0.245,0.735,591.538,-14.9917,2.81941,151.877,1,-2,0,0.4
0.245,0.745,654.746,-14.994,2.84748,165.449,1,-2,0,0.4
0.245,0.755,713.713,-14.9957,2.87317,178.5,1,-2,0,0.4
0.245,0.765,767.172,-14.9969,2.89614,190.648,1,-2,0,0.4
0.245,0.775,814.321,-14.9978,2.91627,201.639,1,-2,0,0.4
0.245,0.785,854.82,-14.9985,2.93359,211.334,1,-2,0,0.4
0.245,0.795,888.725,-14.9989,2.94823,219.679,1,-2,0,0.4
0.245,0.805,916.413,-14.9993,2.96037,226.693,1,-2,0,0.4
0.245,0.815,938.476,-14.9995,2.97025,232.45,1,-2,0,0.4
0.245,0.825,955.638,-14.9997,2.97811,237.062,1,-2,0,0.4
0.245,0.835,968.671,-14.9998,2.98423,240.669,1,-2,0,0.4
0.245,0.845,978.336,-14.9999,2.98888,243.419,1,-2,0,0.4
0.245,0.855,985.335,-14.9999,2.99234,245.463,1,-2,0,0.4
0.245,0.865,990.283,-15,2.99484,246.943,1,-2,0,0.4
0.245,0.875,993.699,-15,2.9966,247.988,1,-2,0,0.4
0.245,0.885,996.001,-15,2.99782,248.706,1,-2,0,0.4
0.245,0.895,997.517,-15,2.99863,249.187,1,-2,0,0.4
0.245,0.905,998.491,-15,2.99916,249.501,1,-2,0,0.4
0.245,0.915,999.103,-15,2.99949,249.701,1,-2,0,0.4
0.245,0.925,999.478,-15,2.9997,249.825,1,-2,0,0.4
0.245,0.935,999.703,-15,2.99983,249.899,1,-2,0,0.4
0.245,0.945,999.834,-15,2.9999,249.944,1,-2,0,0.4
0.245,0.955,999.91,-15,2.99995,249.969,1,-2,0,0.4
0.245,0.965,999.952,-15,2.99997,249.983,1,-2,0,0.4
0.245,0.975,999.975,-15,2.99999,249.991,1,-2,0,0.4
0.245,0.985,999.987,-15,2.99999,249.996,1,-2,0,0.4
0.245,0.995,999.993,-15,3,249.998,1,-2,0,0.4
0.255,0.005,59.3755,6.42569,-11.3428,1305.1,1,-2,0,0.4
0.255,0.015,58.4597,6.42219,-11.112,1286.55,1,-2,0,0.4
0.255,0.025,57.5378,6.41575,-10.8815,1267.52,1,-2,0,0.4
0.255,0.035,56.6191,6.4067,-10.6511,1248.16,1,-2,0,0.4
0.255,0.045,55.7124,6.39529,-10.4209,1228.62,1,-2,0,0.4
0.255,0.055,54.8253,6.38163,-10.1906,1209.02,1,-2,0,0.4
0.255,0.065,53.9647,6.36577,-9.96003,1189.45,1,-2,0,0.4
0.255,0.075,53.1367,6.34765,-9.72887,1169.98,1,-2,0,0.4
0.255,0.085,52.346,6.32716,-9.49682,1150.65,1,-2,0,0.4
0.255,0.095,51.597,6.30411,-9.26359,1131.49,1,-2,0,0.4
0.255,0.105,50.8927,6.27823,-9.02891,1112.5,1,-2,0,0.4
0.255,0.115,50.2357,6.24923,-8.79251,1093.65,1,-2,0,0.4
0.255,0.125,49.6277,6.21679,-8.55417,1074.92,1,-2,0,0.4
0.255,0.135,49.0701,6.18056,-8.31368,1056.27,1,-2,0,0.4
0.255,0.145,48.5636,6.14016,-8.07089,1037.66,1,-2,0,0.4
0.255,0.155,48.1085,6.09523,-7.82565,1019.04,1,-2,0,0.4
0.255,0.165,47.7046,6.04542,-7.57789,1000.36,1,-2,0,0.4
0.255,0.175,47.3516,5.9904,-7.32755,981.593,1,-2,0,0.4
0.255,0.185,47.049,5.92986,-7.07463,962.693,1,-2,0,0.4
0.255,0.195,46.7953,5.86353,-6.81921,943.621,1,-2,0,0.4
0.255,0.205,46.589,5.7912,-6.5614,924.34,1,-2,0,0.4
0.255,0.215,46.4282,5.71269,-6.30132,904.823,1,-2,0,0.4
0.255,0.225,46.3103,5.62784,-6.03913,885.044,1,-2,0,0.4
0.255,0.235,46.2327,5.53652,-5.775,864.985,1,-2,0,0.4
0.255,0.245,46.1927,5.43862,-5.50904,844.645,1,-2,0,0.4
0.255,0.255,46.1874,5.33406,-5.24147,824.032,1,-2,0,0.4
0.255,0.265,46.2258,5.2227,-4.97126,803.455,1,-2,0,0.4
0.255,0.275,46.3139,5.10523,-4.6977,783.141,1,-2,0,0.4
0.255,0.285,46.4239,4.98267,-4.42386,762.524,1,-2,0,0.4
0.255,0.295,46.552,4.85511,-4.14974,741.646,1,-2,0,0.4
0.255,0.305,46.6767,4.72435,-3.87585,720.171,1,-2,0,0.4
0.255,0.315,46.7867,4.59098,-3.60258,698.042,1,-2,0,0.4
0.255,0.325,46.865,4.45569,-3.33078,675.115,1,-2,0,0.4
0.255,0.335,46.9133,4.31745,-3.06036,651.655,1,-2,0,0.4
0.255,0.345,46.9246,4.17606,-2.79145,627.752,1,-2,0,0.4
0.255,0.355,46.8866,4.03173,-2.52435,603.403,1,-2,0,0.4
0.255,0.365,46.7866,3.88456,-2.25938,578.616,1,-2,0,0.4
0.255,0.375,46.6111,3.73466,-1.99689,553.406,1,-2,0,0.4
0.255,0.385,46.347,3.58213,-1.73725,527.804,1,-2,0,0.4
0.255,0.395,45.9816,3.42705,-1.48084,501.859,1,-2,0,0.4
0.255,0.405,45.504,3.26951,-1.22804,475.65,1,-2,0,0.4
0.255,0.415,44.9056,3.10962,-0.979278,449.283,1,-2,0,0.4
0.255,0.425,44.1816,2.94752,-0.734948,422.903,1,-2,0,0.4
0.255,0.435,43.3318,2.7834,-0.495492,396.688,1,-2,0,0.4
0.255,0.445,42.3621,2.61741,-0.26139,370.856,1,-2,0,0.4
0.255,0.455,41.3163,2.44486,-0.0326646,345.728,1,-2,0,0.4
0.255,0.465,40.217,2.26068,0.191441,321.373,1,-2,0,0.4
0.255,0.475,38.9921,2.07701,0.410121,297.837,1,-2,0,0.4
0.255,0.485,37.6979,1.89307,0.620557,275.69,1,-2,0,0.4
0.255,0.495,36.3931,1.7074,0.819696,255.397,1,-2,0,0.4
0.255,0.505,35.141,1.51764,1.0037,237.387,1,-2,0,0.4
0.255,0.515,34.0047,1.31971,1.16773,222.07,1,-2,0,0.4
0.255,0.525,33.0265,1.10847,1.30625,209.801,1,-2,0,0.4
0.255,0.535,32.1517,0.879457,1.41453,200.765,1,-2,0,0.4
0.255,0.545,31.1343,0.628083,1.49125,194.82,1,-2,0,0.4
0.255,0.555,29.4663,0.33989,1.54149,191.49,1,-2,0,0.4
0.255,0.565,26.499,-0.0431002,1.5801,190.326,1,-2,0,0.4
0.255,0.575,21.9376,-0.704735,1.64201,191.445,1,-2,0,0.4
0.255,0.585,16.9049,-2.09855,1.80957,195.613,1,-2,0,0.4
0.255,0.595,13.8167,-4.83505,2.19559,200.421,1,-2,0,0.4
0.255,0.605,14.5725,-8.49568,2.73785,198.356,1,-2,0,0.4
0.255,0.615,20.3998,-11.5242,3.10301,186.359,1,-2,0,0.4
0.255,0.625,33.0144,-13.2849,3.13786,167.934,1,-2,0,0.4
0.255,0.635,53.9091,-14.1527,3.0095,146.392,1,-2,0,0.4
0.255,0.645,83.3663,-14.5636,2.87684,125.893,1,-2,0,0.4
0.255,0.655,121.009,-14.7613,2.78381,110.828,1,-2,0,0.4
0.255,0.665,165.791,-14.8613,2.72927,101.898,1,-2,0,0.4
0.255,0.675,216.33,-14.9155,2.7033,98.3444,1,-2,0,0.4
0.255,0.685,271.527,-14.9465,2.69859,99.5428,1,-2,0,0.4
0.255,0.695,330.772,-14.9651,2.7097,104.951,1,-2,0,0.4
0.255,0.705,393.552,-14.9765,2.73149,113.817,1,-2,0,0.4
0.255,0.715,458.952,-14.9838,2.75925,125.201,1,-2,0,0.4
0.255,0.725,525.5,-14.9885,2.78929,138.137,1,-2,0,0.4
0.255,0.735,591.355,-14.9918,2.81913,151.763,1,-2,0,0.4
0.255,0.745,654.623,-14.994,2.84732,165.381,1,-2,0,0.4
0.255,0.755,713.636,-14.9957,2.87309,178.462,1,-2,0,0.4
0.255,0.765,767.126,-14.9969,2.8961,190.627,1,-2,0,0.4
0.255,0.775,814.296,-14.9978,2.91625,201.629,1,-2,0,0.4
0.255,0.785,854.806,-14.9985,2.93358,211.328,1,-2,0,0.4
0.255,0.795,888.719,-14.9989,2.94822,219.676,1,-2,0,0.4
0.255,0.805,916.409,-14.9993,2.96037,226.691,1,-2,0,0.4
0.255,0.815,938.474,-14.9995,2.97024,232.449,1,-2,0,0.4
0.255,0.825,955.637,-14.9997,2.97811,237.062,1,-2,0,0.4
0.255,0.835,968.671,-14.9998,2.98423,240.669,1,-2,0,0.4
0.255,0.845,978.336,-14.9999,2.98888,243.419,1,-2,0,0.4
0.255,0.855,985.335,-14.9999,2.99234,245.463,1,-2,0,0.4
0.255,0.865,990.283,-15,2.99484,246.943,1,-2,0,0.4
0.255,0.875,993.699,-15,2.9966,247.988,1,-2,0,0.4
0.255,0.885,996.001,-15,2.99782,248.706,1,-2,0,0.4
0.255,0.895,997.517,-15,2.99863,249.187,1,-2,0,0.4
0.255,0.905,998.491,-15,2.99916,249.501,1,-2,0,0.4
0.255,0.915,999.103,-15,2.99949,249.701,1,-2,0,0.4
0.255,0.925,999.478,-15,2.9997,249.825,1,-2,0,0.4
0.255,0.935,999.703,-15,2.99983,249.899,1,-2,0,0.4
0.255,0.945,999.834,-15,2.9999,249.944,1,-2,0,0.4
0.255,0.955,999.91,-15,2.99995,249.969,1,-2,0,0.4
0.255,0.965,999.952,-15,2.99997,249.983,1,-2,0,0.4
0.255,0.975,999.975,-15,2.99999,249.991,1,-2,0,0.4
0.255,0.985,999.987,-15,2.99999,249.996,1,-2,0,0.4
0.255,0.995,999.993,-15,3,249.998,1,-2,0,0.4
0.265,0.005,57.586,6.56608,-11.2862,1253.8,1,-2,0,0.4
0.265,0.015,56.761,6.56793,-11.0552,1237.54,1,-2,0,0.4
0.265,0.025,55.9221,6.56607,-10.8239,1220.52,1,-2,0,0.4
0.265,0.035,55.0791,6.56087,-10.5922,1202.93,1,-2,0,0.4
0.265,0.045,54.241,6.55261,-10.3603,1184.94,1,-2,0,0.4
0.265,0.055,53.416,6.54146,-10.1279,1166.67,1,-2,0,0.4
0.265,0.065,52.6111,6.52751,-9.89501,1148.25,1,-2,0,0.4
0.265,0.075,51.8326,6.51076,-9.66132,1129.75,1,-2,0,0.4
0.265,0.085,51.0858,6.49113,-9.4266,1111.24,1,-2,0,0.4
0.265,0.095,50.3751,6.46849,-9.19064,1092.77,1,-2,0,0.4
0.265,0.105,49.7039,6.44263,-8.95319,1074.34,1,-2,0,0.4
0.265,0.115,49.075,6.41332,-8.71403,1055.96,1,-2,0,0.4
0.265,0.125,48.4904,6.38027,-8.47298,1037.62,1,-2,0,0.4
0.265,0.135,47.9514,6.34319,-8.22987,1019.29,1,-2,0,0.4
0.265,0.145,47.459,6.30176,-7.98455,1000.94,1,-2,0,0.4
0.265,0.155,47.0135,6.25567,-7.73694,982.55,1,-2,0,0.4
0.265,0.165,46.6148,6.2046,-7.48696,964.072,1,-2,0,0.4
0.265,0.175,46.2626,6.14828,-7.23458,945.475,1,-2,0,0.4
0.265,0.185,45.9561,6.08645,-6.97983,926.729,1,-2,0,0.4
0.265,0.195,45.694,6.01887,-6.72277,907.8,1,-2,0,0.4
0.265,0.205,45.4746,5.94534,-6.46351,888.654,1,-2,0,0.4
0.265,0.215,45.2958,5.86572,-6.20217,869.268,1,-2,0,0.4
0.265,0.225,45.1551,5.77986,-5.93891,849.616,1,-2,0,0.4
0.265,0.235,45.0496,5.68767,-5.6739,829.682,1,-2,0,0.4
0.265,0.245,44.9763,5.58906,-5.40731,809.462,1,-2,0,0.4
0.265,0.255,44.9321,5.48396,-5.1393,788.962,1,-2,0,0.4
0.265,0.265,44.9343,5.37232,-4.8678,768.688,1,-2,0,0.4
0.265,0.275,44.9672,5.25538,-4.59435,748.346,1,-2,0,0.4
0.265,0.285,45.0133,5.13375,-4.32084,727.638,1,-2,0,0.4
0.265,0.295,45.0688,5.00751,-4.04744,706.611,1,-2,0,0.4
0.265,0.305,45.1274,4.87683,-3.77459,685.266,1,-2,0,0.4
0.265,0.315,45.1822,4.74171,-3.50259,663.62,1,-2,0,0.4
0.265,0.325,45.2285,4.60192,-3.23135,641.749,1,-2,0,0.4
0.265,0.335,45.2423,4.45925,-2.96134,619.347,1,-2,0,0.4
0.265,0.345,45.2043,4.31467,-2.69314,596.265,1,-2,0,0.4
0.265,0.355,45.0965,4.16886,-2.42751,572.414,1,-2,0,0.4
0.265,0.365,44.9223,4.02029,-2.16446,548.11,1,-2,0,0.4
0.265,0.375,44.6726,3.86893,-1.90417,523.436,1,-2,0,0.4
0.265,0.385,44.3364,3.71489,-1.64698,498.443,1,-2,0,0.4
0.265,0.395,43.9035,3.5583,-1.39324,473.2,1,-2,0,0.4
0.265,0.405,43.3655,3.3993,-1.14333,447.799,1,-2,0,0.4
0.265,0.415,42.7166,3.23807,-0.897625,422.363,1,-2,0,0.4
0.265,0.425,41.9548,3.07481,-0.656513,397.043,1,-2,0,0.4
0.265,0.435,41.0827,2.90976,-0.42041,372.021,1,-2,0,0.4
0.265,0.445,40.1085,2.74307,-0.189776,347.509,1,-2,0,0.4
0.265,0.455,39.0997,2.56572,0.0357436,323.845,1,-2,0,0.4
0.265,0.465,38.0135,2.38178,0.256545,300.898,1,-2,0,0.4
0.265,0.475,36.8331,2.19843,0.47114,278.957,1,-2,0,0.4
0.265,0.485,35.6115,2.0145,0.676603,258.504,1,-2,0,0.4
0.265,0.495,34.4035,1.82837,0.869684,239.951,1,-2,0,0.4
0.265,0.505,33.2688,1.63746,1.04627,223.688,1,-2,0,0.4
0.265,0.515,32.265,1.43757,1.20131,210.086,1,-2,0,0.4
0.265,0.525,31.4224,1.22368,1.32946,199.439,1,-2,0,0.4
0.265,0.535,30.6654,0.991817,1.42679,191.838,1,-2,0,0.4
0.265,0.545,29.7175,0.737755,1.49349,187.033,1,-2,0,0.4
0.265,0.555,28.0451,0.444974,1.53619,184.511,1,-2,0,0.4
0.265,0.565,25.0181,0.0458462,1.57136,183.895,1,-2,0,0.4
0.265,0.575,20.4628,-0.669512,1.63779,185.456,1,-2,0,0.4
0.265,0.585,15.6691,-2.1993,1.8253,189.933,1,-2,0,0.4
0.265,0.595,13.03,-5.12232,2.24074,194.145,1,-2,0,0.4
0.265,0.605,14.2078,-8.82174,2.78076,190.878,1,-2,0,0.4
0.265,0.615,20.3506,-11.7387,3.10477,178.297,1,-2,0,0.4
0.265,0.625,33.136,-13.3936,3.10972,159.96,1,-2,0,0.4
0.265,0.635,53.9967,-14.2028,2.97816,139.366,1,-2,0,0.4
0.265,0.645,83.336,-14.5854,2.85414,120.803,1,-2,0,0.4
0.265,0.655,120.916,-14.7703,2.77061,107.698,1,-2,0,0.4
0.265,0.665,165.687,-14.8651,2.72214,100.089,1,-2,0,0.4
0.265,0.675,216.194,-14.9172,2.69918,97.238,1,-2,0,0.4
0.265,0.685,271.314,-14.9474,2.6959,98.7886,1,-2,0,0.4
0.265,0.695,330.483,-14.9656,2.70785,104.405,1,-2,0,0.4
0.265,0.705,393.232,-14.9768,2.73025,113.425,1,-2,0,0.4
0.265,0.715,458.654,-14.9839,2.75846,124.932,1,-2,0,0.4
0.265,0.725,525.259,-14.9886,2.78882,137.961,1,-2,0,0.4
0.265,0.735,591.18,-14.9918,2.81887,151.655,1,-2,0,0.4
0.265,0.745,654.506,-14.9941,2.84718,165.318,1,-2,0,0.4
0.265,0.755,713.564,-14.9957,2.87301,178.426,1,-2,0,0.4
0.265,0.765,767.085,-14.9969,2.89606,190.608,1,-2,0,0.4
0.265,0.775,814.273,-14.9978,2.91623,201.619,1,-2,0,0.4
0.265,0.785,854.794,-14.9985,2.93357,211.323,1,-2,0,0.4
0.265,0.795,888.713,-14.9989,2.94822,219.674,1,-2,0,0.4
0.265,0.805,916.407,-14.9993,2.96037,226.69,1,-2,0,0.4
0.265,0.815,938.473,-14.9995,2.97024,232.449,1,-2,0,0.4
0.265,0.825,955.636,-14.9997,2.97811,237.062,1,-2,0,0.4
0.265,0.835,968.671,-14.9998,2.98423,240.669,1,-2,0,0.4
0.265,0.845,978.336,-14.9999,2.98888,243.418,1,-2,0,0.4
0.265,0.855,985.335,-14.9999,2.99234,245.462,1,-2,0,0.4
0.265,0.865,990.283,-15,2.99484,246.943,1,-2,0,0.4
0.265,0.875,993.699,-15,2.9966,247.988,1,-2,0,0.4
0.265,0.885,996.001,-15,2.99782,248.706,1,-2,0,0.4
0.265,0.895,997.517,-15,2.99863,249.187,1,-2,0,0.4
0.265,0.905,998.491,-15,2.99916,249.501,1,-2,0,0.4
0.265,0.915,999.103,-15,2.99949,249.701,1,-2,0,0.4
0.265,0.925,999.478,-15,2.9997,249.825,1,-2,0,0.4
0.265,0.935,999.703,-15,2.99983,249.899,1,-2,0,0.4
0.265,0.945,999.834,-15,2.9999,249.944,1,-2,0,0.4
0.265,0.955,999.91,-15,2.99995,249.969,1,-2,0,0.4
0.265,0.965,999.952,-15,2.99997,249.983,1,-2,0,0.4
0.265,0.975,999.975,-15,2.99999,249.991,1,-2,0,0.4
0.265,0.985,999.987,-15,2.99999,249.996,1,-2,0,0.4
0.265,0.995,999.993,-15,3,249.998,1,-2,0,0.4
0.275,0.005,55.7588,6.69512,-11.2232,1201.25,1,-2,0,0.4
0.275,0.015,55.0273,6.70253,-10.9926,1187.34,1,-2,0,0.4
0.275,0.025,54.2745,6.70553,-10.761,1172.43,1,-2,0,0.4
0.275,0.035,53.5104,6.70451,-10.5287,1156.73,1,-2,0,0.4
0.275,0.045,52.7442,6.69976,-10.2956,1140.4,1,-2,0,0.4
0.275,0.055,51.9842,6.69149,-10.0617,1123.59,1,-2,0,0.4
0.275,0.065,51.2379,6.67982,-9.82691,1106.44,1,-2,0,0.4
0.275,0.075,50.5117,6.6648,-9.59114,1089.05,1,-2,0,0.4
0.275,0.085,49.8112,6.6464,-9.3542,1071.49,1,-2,0,0.4
0.275,0.095,49.141,6.62452,-9.11589,1053.82,1,-2,0,0.4
0.275,0.105,48.5049,6.59902,-8.87603,1036.08,1,-2,0,0.4
0.275,0.115,47.9058,6.56971,-8.63446,1018.29,1,-2,0,0.4
0.275,0.125,47.3459,6.53635,-8.39101,1000.44,1,-2,0,0.4
0.275,0.135,46.8269,6.4987,-8.14556,982.541,1,-2,0,0.4
0.275,0.145,46.3497,6.45648,-7.89799,964.564,1,-2,0,0.4
0.275,0.155,45.9149,6.40944,-7.64825,946.49,1,-2,0,0.4
0.275,0.165,45.5224,6.35731,-7.39628,928.295,1,-2,0,0.4
0.275,0.175,45.1719,6.29985,-7.14208,909.954,1,-2,0,0.4
0.275,0.185,44.8626,6.23683,-6.88568,891.441,1,-2,0,0.4
0.275,0.195,44.5933,6.16806,-6.62715,872.731,1,-2,0,0.4
0.275,0.205,44.3622,6.09336,-6.3666,853.797,1,-2,0,0.4
0.275,0.215,44.1672,6.01259,-6.10417,834.617,1,-2,0,0.4
0.275,0.225,44.0057,5.92564,-5.84,815.173,1,-2,0,0.4
0.275,0.235,43.8749,5.83242,-5.57428,795.448,1,-2,0,0.4
0.275,0.245,43.7716,5.73286,-5.30719,775.44,1,-2,0,0.4
0.275,0.255,43.6956,5.62687,-5.03854,755.224,1,-2,0,0.4
0.275,0.265,43.6638,5.51459,-4.76626,735.289,1,-2,0,0.4
0.275,0.275,43.6499,5.39743,-4.49311,715.1,1,-2,0,0.4
0.275,0.285,43.6451,5.27561,-4.22007,694.565,1,-2,0,0.4
0.275,0.295,43.6438,5.14928,-3.94742,673.696,1,-2,0,0.4
0.275,0.305,43.6391,5.01863,-3.67553,652.486,1,-2,0,0.4
0.275,0.315,43.6231,4.88377,-3.40466,630.931,1,-2,0,0.4
0.275,0.325,43.5887,4.74485,-3.13493,609.057,1,-2,0,0.4
0.275,0.335,43.5273,4.60204,-2.86679,586.872,1,-2,0,0.4
0.275,0.345,43.4301,4.45533,-2.60058,564.396,1,-2,0,0.4
0.275,0.355,43.2903,4.30452,-2.33628,541.701,1,-2,0,0.4
0.275,0.365,43.0781,4.15189,-2.07449,518.458,1,-2,0,0.4
0.275,0.375,42.7732,3.99846,-1.81611,494.565,1,-2,0,0.4
0.275,0.385,42.3762,3.8431,-1.56137,470.28,1,-2,0,0.4
0.275,0.395,41.887,3.68528,-1.31037,445.822,1,-2,0,0.4
0.275,0.405,41.3006,3.52517,-1.06338,421.31,1,-2,0,0.4
0.275,0.415,40.6139,3.363,-0.82073,396.877,1,-2,0,0.4
0.275,0.425,39.8271,3.19901,-0.582794,372.677,1,-2,0,0.4
0.275,0.435,38.9449,3.03347,-0.349971,348.891,1,-2,0,0.4
0.275,0.445,37.983,2.86553,-0.122662,325.73,1,-2,0,0.4
0.275,0.455,37.0085,2.68482,0.0997478,303.483,1,-2,0,0.4
0.275,0.465,35.946,2.50168,0.317198,281.952,1,-2,0,0.4
0.275,0.475,34.8184,2.31875,0.527544,261.568,1,-2,0,0.4
0.275,0.485,33.6734,2.13488,0.727854,242.738,1,-2,0,0.4
0.275,0.495,32.5627,1.94827,0.91464,225.83,1,-2,0,0.4
0.275,0.505,31.5423,1.75613,1.08353,211.203,1,-2,0,0.4
0.275,0.515,30.664,1.55421,1.22937,199.188,1,-2,0,0.4
0.275,0.525,29.9451,1.33772,1.34716,190.017,1,-2,0,0.4
0.275,0.535,29.2884,1.10323,1.43401,183.683,1,-2,0,0.4
0.275,0.545,28.3881,0.846763,1.49157,179.849,1,-2,0,0.4
0.275,0.555,26.6908,0.549006,1.52779,177.992,1,-2,0,0.4
0.275,0.565,23.5918,0.131015,1.56076,177.833,1,-2,0,0.4
0.275,0.575,19.052,-0.646444,1.63383,179.785,1,-2,0,0.4
0.275,0.585,14.5263,-2.32598,1.84419,184.491,1,-2,0,0.4
0.275,0.595,12.333,-5.42997,2.28806,187.964,1,-2,0,0.4
0.275,0.605,13.9027,-9.14157,2.81899,183.552,1,-2,0,0.4
0.275,0.615,20.3253,-11.9391,3.10033,170.492,1,-2,0,0.4
0.275,0.625,33.2416,-13.4929,3.0792,152.354,1,-2,0,0.4
0.275,0.635,54.0521,-14.2478,2.94752,132.887,1,-2,0,0.4
0.275,0.645,83.2986,-14.6045,2.83336,116.298,1,-2,0,0.4
0.275,0.655,120.853,-14.7782,2.75911,105.013,1,-2,0,0.4
0.275,0.665,165.631,-14.8684,2.71602,98.5428,1,-2,0,0.4
0.275,0.675,216.095,-14.9187,2.69552,96.2592,1,-2,0,0.4
0.275,0.685,271.121,-14.9482,2.6934,98.0892,1,-2,0,0.4
0.275,0.695,330.202,-14.966,2.70608,103.882,1,-2,0,0.4
0.275,0.705,392.916,-14.9771,2.72905,113.046,1,-2,0,0.4
0.275,0.715,458.362,-14.9841,2.7577,124.671,1,-2,0,0.4
0.275,0.725,525.024,-14.9887,2.78837,137.793,1,-2,0,0.4
0.275,0.735,591.012,-14.9919,2.81861,151.552,1,-2,0,0.4
0.275,0.745,654.396,-14.9941,2.84704,165.259,1,-2,0,0.4
0.275,0.755,713.497,-14.9957,2.87294,178.394,1,-2,0,0.4
0.275,0.765,767.047,-14.9969,2.89602,190.59,1,-2,0,0.4
0.275,0.775,814.253,-14.9978,2.91621,201.61,1,-2,0,0.4
0.275,0.785,854.784,-14.9985,2.93356,211.319,1,-2,0,0.4
0.275,0.795,888.707,-14.9989,2.94821,219.672,1,-2,0,0.4
0.275,0.805,916.404,-14.9993,2.96036,226.689,1,-2,0,0.4
0.275,0.815,938.472,-14.9995,2.97024,232.448,1,-2,0,0.4
0.275,0.825,955.636,-14.9997,2.97811,237.062,1,-2,0,0.4
0.275,0.835,968.671,-14.9998,2.98423,240.668,1,-2,0,0.4
0.275,0.845,978.336,-14.9999,2.98888,243.418,1,-2,0,0.4
0.275,0.855,985.334,-14.9999,2.99234,245.462,1,-2,0,0.4
0.275,0.865,990.283,-15,2.99484,246.943,1,-2,0,0.4
0.275,0.875,993.699,-15,2.9966,247.988,1,-2,0,0.4
0.275,0.885,996.001,-15,2.99782,248.706,1,-2,0,0.4
0.275,0.895,997.517,-15,2.99863,249.187,1,-2,0,0.4
0.275,0.905,998.491,-15,2.99916,249.501,1,-2,0,0.4
0.275,0.915,999.103,-15,2.99949,249.701,1,-2,0,0.4
0.275,0.925,999.478,-15,2.9997,249.825,1,-2,0,0.4
0.275,0.935,999.703,-15,2.99983,249.899,1,-2,0,0.4
0.275,0.945,999.834,-15,2.9999,249.944,1,-2,0,0.4
0.275,0.955,999.91,-15,2.99995,249.969,1,-2,0,0.4
0.275,0.965,999.952,-15,2.99997,249.983,1,-2,0,0.4
0.275,0.975,999.975,-15,2.99999,249.991,1,-2,0,0.4
0.275,0.985,999.987,-15,2.99999,249.996,1,-2,0,0.4
0.275,0.995,999.993,-15,3,249.998,1,-2,0,0.4
0.285,0.005,53.9056,6.81275,-11.1536,1147.93,1,-2,0,0.4
0.285,0.015,53.2667,6.8258,-10.924,1136.33,1,-2,0,0.4
0.285,0.025,52.6002,6.83383,-10.6928,1123.54,1,-2,0,0.4
0.285,0.035,51.9159,6.83721,-10.4602,1109.75,1,-2,0,0.4
0.285,0.045,51.2229,6.83625,-10.2264,1095.14,1,-2,0,0.4
0.285,0.055,50.5295,6.83117,-9.99154,1079.87,1,-2,0,0.4
0.285,0.065,49.8434,6.82211,-9.75544,1064.08,1,-2,0,0.4
0.285,0.075,49.1711,6.80917,-9.51808,1047.88,1,-2,0,0.4
0.285,0.085,48.5185,6.79234,-9.27934,1031.37,1,-2,0,0.4
0.285,0.095,47.8903,6.77158,-9.0391,1014.61,1,-2,0,0.4
0.285,0.105,47.2906,6.74678,-8.79723,997.655,1,-2,0,0.4
0.285,0.115,46.7226,6.7178,-8.5536,980.542,1,-2,0,0.4
0.285,0.125,46.1886,6.68445,-8.3081,963.288,1,-2,0,0.4
0.285,0.135,45.6905,6.64653,-8.06063,945.899,1,-2,0,0.4
0.285,0.145,45.2294,6.60382,-7.81111,928.371,1,-2,0,0.4
0.285,0.155,44.806,6.55609,-7.55951,910.695,1,-2,0,0.4
0.285,0.165,44.4204,6.50313,-7.30581,892.856,1,-2,0,0.4
0.285,0.175,44.0723,6.44474,-7.05003,874.838,1,-2,0,0.4
0.285,0.185,43.761,6.38072,-6.7922,856.624,1,-2,0,0.4
0.285,0.195,43.4851,6.3109,-6.53241,838.193,1,-2,0,0.4
0.285,0.205,43.2431,6.23514,-6.27078,819.528,1,-2,0,0.4
0.285,0.215,43.0328,6.15332,-6.00744,800.61,1,-2,0,0.4
0.285,0.225,42.8518,6.06533,-5.74256,781.425,1,-2,0,0.4
0.285,0.235,42.6972,5.97111,-5.47631,761.963,1,-2,0,0.4
0.285,0.245,42.5658,5.87057,-5.20889,742.22,1,-2,0,0.4
0.285,0.255,42.4625,5.76359,-4.9395,722.398,1,-2,0,0.4
0.285,0.265,42.3959,5.65072,-4.667,702.776,1,-2,0,0.4
0.285,0.275,42.3393,5.5331,-4.39433,682.819,1,-2,0,0.4
0.285,0.285,42.2878,5.41082,-4.12195,662.535,1,-2,0,0.4
0.285,0.295,42.2355,5.28405,-3.8502,641.922,1,-2,0,0.4
0.285,0.305,42.1751,5.15298,-3.57939,620.972,1,-2,0,0.4
0.285,0.315,42.0993,5.01775,-3.30981,599.687,1,-2,0,0.4
0.285,0.325,42.0007,4.87856,-3.04167,578.085,1,-2,0,0.4
0.285,0.335,41.8709,4.73558,-2.77535,556.175,1,-2,0,0.4
0.285,0.345,41.7012,4.58889,-2.51113,533.979,1,-2,0,0.4
0.285,0.355,41.4833,4.43862,-2.24926,511.534,1,-2,0,0.4
0.285,0.365,41.2097,4.28487,-1.99017,488.891,1,-2,0,0.4
0.285,0.375,40.8754,4.12733,-1.73392,466.156,1,-2,0,0.4
0.285,0.385,40.4572,3.96792,-1.48097,443.138,1,-2,0,0.4
0.285,0.395,39.9337,3.80841,-1.23224,419.709,1,-2,0,0.4
0.285,0.405,39.3122,3.64753,-0.988014,396.18,1,-2,0,0.4
0.285,0.415,38.5996,3.48482,-0.748356,372.813,1,-2,0,0.4
0.285,0.425,37.7993,3.32054,-0.513523,349.779,1,-2,0,0.4
0.285,0.435,36.9181,3.1549,-0.283904,327.253,1,-2,0,0.4
0.285,0.445,35.9836,2.98494,-0.0597245,305.462,1,-2,0,0.4
0.285,0.455,35.0361,2.80282,0.159625,284.546,1,-2,0,0.4
0.285,0.465,34.009,2.62051,0.373573,264.437,1,-2,0,0.4
0.285,0.475,32.94,2.43807,0.579534,245.558,1,-2,0,0.4
0.285,0.485,31.8737,2.25426,0.774496,228.271,1,-2,0,0.4
0.285,0.495,30.8593,2.06711,0.95474,212.912,1,-2,0,0.4
0.285,0.505,29.9489,1.87368,1.11567,199.81,1,-2,0,0.4
0.285,0.515,29.1884,1.66967,1.25215,189.259,1,-2,0,0.4
0.285,0.525,28.5807,1.45064,1.35973,181.419,1,-2,0,0.4
0.285,0.535,28.0069,1.21381,1.43668,176.194,1,-2,0,0.4
0.285,0.545,27.134,0.955175,1.48602,173.176,1,-2,0,0.4
0.285,0.555,25.3937,0.651822,1.5168,171.868,1,-2,0,0.4
0.285,0.565,22.2162,0.211589,1.54884,172.097,1,-2,0,0.4
0.285,0.575,17.7056,-0.637633,1.63078,174.405,1,-2,0,0.4
0.285,0.585,13.4757,-2.4805,1.86674,179.245,1,-2,0,0.4
0.285,0.595,11.7194,-5.75508,2.3368,181.856,1,-2,0,0.4
0.285,0.605,13.6498,-9.45258,2.85161,176.38,1,-2,0,0.4
0.285,0.615,20.3167,-12.1256,3.08989,162.944,1,-2,0,0.4
0.285,0.625,33.3273,-13.5835,3.0468,145.129,1,-2,0,0.4
0.285,0.635,54.0794,-14.288,2.91794,126.96,1,-2,0,0.4
0.285,0.645,83.2622,-14.6212,2.8146,112.352,1,-2,0,0.4
0.285,0.655,120.826,-14.7848,2.74922,102.732,1,-2,0,0.4
0.285,0.665,165.62,-14.8712,2.71079,97.2234,1,-2,0,0.4
0.285,0.675,216.029,-14.92,2.69225,95.385,1,-2,0,0.4
0.285,0.685,270.941,-14.9489,2.69104,97.4323,1,-2,0,0.4
0.285,0.695,329.924,-14.9665,2.70436,103.379,1,-2,0,0.4
0.285,0.705,392.602,-14.9773,2.72787,112.677,1,-2,0,0.4
0.285,0.715,458.074,-14.9842,2.75696,124.419,1,-2,0,0.4
0.285,0.725,524.797,-14.9888,2.78793,137.632,1,-2,0,0.4
0.285,0.735,590.851,-14.9919,2.81837,151.455,1,-2,0,0.4
0.285,0.745,654.293,-14.9941,2.84691,165.203,1,-2,0,0.4
0.285,0.755,713.435,-14.9957,2.87288,178.363,1,-2,0,0.4
0.285,0.765,767.012,-14.9969,2.89599,190.574,1,-2,0,0.4
0.285,0.775,814.234,-14.9978,2.91619,201.602,1,-2,0,0.4
0.285,0.785,854.774,-14.9985,2.93355,211.315,1,-2,0,0.4
0.285,0.795,888.703,-14.9989,2.94821,219.67,1,-2,0,0.4
0.285,0.805,916.402,-14.9993,2.96036,226.689,1,-2,0,0.4
0.285,0.815,938.471,-14.9995,2.97024,232.448,1,-2,0,0.4
0.285,0.825,955.636,-14.9997,2.97811,237.062,1,-2,0,0.4
0.285,0.835,968.67,-14.9998,2.98423,240.668,1,-2,0,0.4
0.285,0.845,978.336,-14.9999,2.98888,243.418,1,-2,0,0.4
0.285,0.855,985.334,-14.9999,2.99234,245.462,1,-2,0,0.4
0.285,0.865,990.283,-15,2.99484,246.943,1,-2,0,0.4
0.285,0.875,993.699,-15,2.9966,247.988,1,-2,0,0.4
0.285,0.885,996.001,-15,2.99782,248.706,1,-2,0,0.4
0.285,0.895,997.517,-15,2.99863,249.187,1,-2,0,0.4
0.285,0.905,998.491,-15,2.99916,249.501,1,-2,0,0.4
0.285,0.915,999.103,-15,2.99949,249.701,1,-2,0,0.4
0.285,0.925,999.478,-15,2.9997,249.825,1,-2,0,0.4
0.285,0.935,999.703,-15,2.99983,249.899,1,-2,0,0.4
0.285,0.945,999.834,-15,2.9999,249.944,1,-2,0,0.4
0.285,0.955,999.91,-15,2.99995,249.969,1,-2,0,0.4
0.285,0.965,999.952,-15,2.99997,249.983,1,-2,0,0.4
0.285,0.975,999.975,-15,2.99999,249.991,1,-2,0,0.4
0.285,0.985,999.987,-15,2.99999,249.996,1,-2,0,0.4
0.285,0.995,999.993,-15,3,249.998,1,-2,0,0.4
0.295,0.005,52.0387,6.91958,-11.0777,1094.35,1,-2,0,0.4
0.295,0.015,51.4888,6.93813,-10.8494,1084.93,1,-2,0,0.4
0.295,0.025,50.9061,6.95118,-10.619,1074.17,1,-2,0,0.4
0.295,0.035,50.3001,6.95905,-10.3867,1062.26,1,-2,0,0.4
0.295,0.045,49.6796,6.96203,-10.1528,1049.37,1,-2,0,0.4
0.295,0.055,49.0528,6.96034,-9.9174,1035.66,1,-2,0,0.4
0.295,0.065,48.4272,6.95415,-9.68044,1021.26,1,-2,0,0.4
0.295,0.075,47.8095,6.94355,-9.44194,1006.31,1,-2,0,0.4
0.295,0.085,47.2055,6.92859,-9.20186,990.906,1,-2,0,0.4
0.295,0.095,46.6203,6.90925,-8.96012,975.126,1,-2,0,0.4
0.295,0.105,46.0579,6.88546,-8.71664,959.035,1,-2,0,0.4
0.295,0.115,45.5217,6.85712,-8.47133,942.681,1,-2,0,0.4
0.295,0.125,45.0145,6.82408,-8.22413,926.094,1,-2,0,0.4
0.295,0.135,44.5381,6.78619,-7.97498,909.293,1,-2,0,0.4
0.295,0.145,44.0938,6.74326,-7.72383,892.287,1,-2,0,0.4
0.295,0.155,43.6826,6.69512,-7.47068,875.078,1,-2,0,0.4
0.295,0.165,43.3045,6.64159,-7.21553,857.661,1,-2,0,0.4
0.295,0.175,42.9594,6.5825,-6.95842,840.028,1,-2,0,0.4
0.295,0.185,42.6467,6.51768,-6.69941,822.17,1,-2,0,0.4
0.295,0.195,42.365,6.44701,-6.43859,804.074,1,-2,0,0.4
0.295,0.205,42.113,6.37035,-6.1761,785.728,1,-2,0,0.4
0.295,0.215,41.8884,6.28761,-5.91208,767.121,1,-2,0,0.4
0.295,0.225,41.6889,6.19871,-5.64669,748.243,1,-2,0,0.4
0.295,0.235,41.5116,6.10356,-5.38012,729.087,1,-2,0,0.4
0.295,0.245,41.3536,6.00211,-5.11257,709.654,1,-2,0,0.4
0.295,0.255,41.2267,5.89423,-4.84241,690.307,1,-2,0,0.4
0.295,0.265,41.1248,5.78084,-4.57021,670.978,1,-2,0,0.4
0.295,0.275,41.0284,5.66271,-4.29821,651.31,1,-2,0,0.4
0.295,0.285,40.9335,5.53992,-4.02669,631.33,1,-2,0,0.4
0.295,0.295,40.8339,5.41264,-3.75599,611.033,1,-2,0,0.4
0.295,0.305,40.7228,5.28105,-3.48645,590.415,1,-2,0,0.4
0.295,0.315,40.5934,5.14534,-3.21832,569.484,1,-2,0,0.4
0.295,0.325,40.4383,5.00571,-2.9519,548.258,1,-2,0,0.4
0.295,0.335,40.2498,4.86232,-2.6875,526.752,1,-2,0,0.4
0.295,0.345,40.0199,4.71533,-2.4254,504.995,1,-2,0,0.4
0.295,0.355,39.7411,4.56491,-2.16592,483.026,1,-2,0,0.4
0.295,0.365,39.4063,4.4112,-1.90936,460.897,1,-2,0,0.4
0.295,0.375,39.0091,4.25432,-1.65596,438.678,1,-2,0,0.4
0.295,0.385,38.5453,4.09442,-1.40607,416.462,1,-2,0,0.4
0.295,0.395,38.0137,3.93127,-1.15977,394.385,1,-2,0,0.4
0.295,0.405,37.3942,3.76725,-0.917597,372.285,1,-2,0,0.4
0.295,0.415,36.6735,3.60403,-0.680402,350.127,1,-2,0,0.4
0.295,0.425,35.8712,3.43979,-0.448461,328.302,1,-2,0,0.4
0.295,0.435,34.9998,3.27442,-0.221923,307.045,1,-2,0,0.4
0.295,0.445,34.1025,3.10181,-0.000709986,286.604,1,-2,0,0.4
0.295,0.455,33.1807,2.91985,0.215588,266.976,1,-2,0,0.4
0.295,0.465,32.1962,2.73841,0.425862,248.255,1,-2,0,0.4
0.295,0.475,31.1895,2.55648,0.627284,230.818,1,-2,0,0.4
0.295,0.485,30.2026,2.3727,0.816691,214.99,1,-2,0,0.4
0.295,0.495,29.2821,2.18493,0.990141,201.082,1,-2,0,0.4
0.295,0.505,28.4768,1.99011,1.14288,189.399,1,-2,0,0.4
0.295,0.515,27.8255,1.784,1.26994,180.188,1,-2,0,0.4
0.295,0.525,27.3166,1.56256,1.36757,173.542,1,-2,0,0.4
0.295,0.535,26.8092,1.32367,1.43527,169.276,1,-2,0,0.4
0.295,0.545,25.9455,1.06303,1.47729,166.941,1,-2,0,0.4
0.295,0.555,24.1469,0.753161,1.50358,166.088,1,-2,0,0.4
0.295,0.565,20.8876,0.286539,1.53596,166.659,1,-2,0,0.4
0.295,0.575,16.4253,-0.645462,1.62922,169.293,1,-2,0,0.4
0.295,0.585,12.5163,-2.66427,1.89324,174.154,1,-2,0,0.4
0.295,0.595,11.1827,-6.09412,2.38599,175.81,1,-2,0,0.4
0.295,0.605,13.4424,-9.75249,2.87786,169.372,1,-2,0,0.4
0.295,0.615,20.3183,-12.2984,3.07381,155.654,1,-2,0,0.4
0.295,0.625,33.3908,-13.6657,3.01302,138.303,1,-2,0,0.4
0.295,0.635,54.0838,-14.3237,2.88976,121.588,1,-2,0,0.4
0.295,0.645,83.235,-14.6357,2.79793,108.933,1,-2,0,0.4
0.295,0.655,120.838,-14.7905,2.74085,100.814,1,-2,0,0.4
0.295,0.665,165.652,-14.8735,2.70634,96.0975,1,-2,0,0.4
0.295,0.675,215.988,-14.9212,2.68928,94.5947,1,-2,0,0.4
0.295,0.685,270.771,-14.9496,2.68877,96.8074,1,-2,0,0.4
0.295,0.695,329.648,-14.9669,2.70267,102.888,1,-2,0,0.4
0.295,0.705,392.29,-14.9776,2.72672,112.318,1,-2,0,0.4
0.295,0.715,457.79,-14.9844,2.75625,124.175,1,-2,0,0.4
0.295,0.725,524.576,-14.9889,2.78752,137.477,1,-2,0,0.4
0.295,0.735,590.698,-14.9919,2.81814,151.363,1,-2,0,0.4
0.295,0.745,654.196,-14.9941,2.84679,165.151,1,-2,0,0.4
0.295,0.755,713.378,-14.9957,2.87282,178.335,1,-2,0,0.4
0.295,0.765,766.98,-14.9969,2.89596,190.56,1,-2,0,0.4
0.295,0.775,814.218,-14.9978,2.91618,201.595,1,-2,0,0.4
0.295,0.785,854.766,-14.9985,2.93355,211.312,1,-2,0,0.4
0.295,0.795,888.699,-14.9989,2.94821,219.668,1,-2,0,0.4
0.295,0.805,916.4,-14.9993,2.96036,226.688,1,-2,0,0.4
0.295,0.815,938.47,-14.9995,2.97024,232.448,1,-2,0,0.4
0.295,0.825,955.635,-14.9997,2.97811,237.061,1,-2,0,0.4
0.295,0.835,968.67,-14.9998,2.98423,240.668,1,-2,0,0.4
0.295,0.845,978.336,-14.9999,2.98888,243.418,1,-2,0,0.4
0.295,0.855,985.334,-14.9999,2.99234,245.462,1,-2,0,0.4
0.295,0.865,990.283,-15,2.99484,246.943,1,-2,0,0.4
0.295,0.875,993.699,-15,2.9966,247.988,1,-2,0,0.4
0.295,0.885,996.001,-15,2.99782,248.706,1,-2,0,0.4
0.295,0.895,997.517,-15,2.99863,249.187,1,-2,0,0.4
0.295,0.905,998.491,-15,2.99916,249.501,1,-2,0,0.4
0.295,0.915,999.103,-15,2.99949,249.701,1,-2,0,0.4
0.295,0.925,999.478,-15,2.9997,249.825,1,-2,0,0.4
0.295,0.935,999.703,-15,2.99983,249.899,1,-2,0,0.4
0.295,0.945,999.834,-15,2.9999,249.944,1,-2,0,0.4
0.295,0.955,999.91,-15,2.99995,249.969,1,-2,0,0.4
0.295,0.965,999.952,-15,2.99997,249.983,1,-2,0,0.4
0.295,0.975,999.975,-15,2.99999,249.991,1,-2,0,0.4
0.295,0.985,999.987,-15,2.99999,249.996,1,-2,0,0.4
0.295,0.995,999.993,-15,3,249.998,1,-2,0,0.4
0.305,0.005,50.1722,7.01674,-10.9959,1041.03,0.863221,-1.89153,0,0.32556
0.305,0.015,49.7045,7.04043,-10.7692,1033.58,0.863221,-1.89153,0,0.32556
0.305,0.025,49.2007,7.05826,-10.5399,1024.7,0.863221,-1.89153,0,0.32556
0.305,0.035,48.6695,7.07051,-10.3084,1014.56,0.863221,-1.89153,0,0.32556
0.305,0.045,48.1191,7.07742,-10.0748,1003.32,0.863221,-1.89153,0,0.32556
0.305,0.055,47.5572,7.07919,-9.83923,991.136,0.863221,-1.89153,0,0.32556
0.305,0.065,46.9912,7.07599,-9.60185,978.139,0.863221,-1.89153,0,0.32556
0.305,0.075,46.4276,7.06793,-9.36267,964.455,0.863221,-1.89153,0,0.32556
0.305,0.085,45.8721,7.05505,-9.12167,950.189,0.863221,-1.89153,0,0.32556
0.305,0.095,45.3299,7.03736,-8.87884,935.432,0.863221,-1.89153,0,0.32556
0.305,0.105,44.8051,7.01484,-8.63415,920.256,0.863221,-1.89153,0,0.32556
0.305,0.115,44.3014,6.9874,-8.38756,904.717,0.863221,-1.89153,0,0.32556
0.305,0.125,43.8214,6.95494,-8.13903,888.858,0.863221,-1.89153,0,0.32556
0.305,0.135,43.3672,6.91734,-7.88854,872.707,0.863221,-1.89153,0,0.32556
0.305,0.145,42.9405,6.87447,-7.6361,856.285,0.863221,-1.89153,0,0.32556
0.305,0.155,42.5419,6.82617,-7.38171,839.603,0.863221,-1.89153,0,0.32556
0.305,0.165,42.172,6.77231,-7.1254,822.666,0.863221,-1.89153,0,0.32556
0.305,0.175,41.8307,6.71275,-6.86725,805.475,0.863221,-1.89153,0,0.32556
0.305,0.185,41.5172,6.64735,-6.60732,788.027,0.863221,-1.89153,0,0.32556
0.305,0.195,41.2307,6.57602,-6.34574,770.319,0.863221,-1.89153,0,0.32556
0.305,0.205,40.9694,6.49865,-6.08263,752.343,0.863221,-1.89153,0,0.32556
0.305,0.215,40.7316,6.41516,-5.81815,734.094,0.863221,-1.89153,0,0.32556
0.305,0.225,40.5148,6.32549,-5.55248,715.568,0.863221,-1.89153,0,0.32556
0.305,0.235,40.3164,6.22956,-5.28582,696.764,0.863221,-1.89153,0,0.32556
0.305,0.245,40.1344,6.1273,-5.01822,677.708,0.863221,-1.89153,0,0.32556
0.305,0.255,39.9848,6.01868,-4.74759,658.853,0.863221,-1.89153,0,0.32556
0.305,0.265,39.849,5.90487,-4.47604,639.841,0.863221,-1.89153,0,0.32556
0.305,0.275,39.7156,5.78629,-4.20488,620.512,0.863221,-1.89153,0,0.32556
0.305,0.285,39.5803,5.66305,-3.93441,600.884,0.863221,-1.89153,0,0.32556
0.305,0.295,39.4373,5.53531,-3.66495,580.958,0.863221,-1.89153,0,0.32556
0.305,0.305,39.2802,5.40327,-3.39683,560.733,0.863221,-1.89153,0,0.32556
0.305,0.315,39.1024,5.26714,-3.13033,540.225,0.863221,-1.89153,0,0.32556
0.305,0.325,38.8973,5.12712,-2.86573,519.451,0.863221,-1.89153,0,0.32556
0.305,0.335,38.6575,4.98339,-2.60336,498.436,0.863221,-1.89153,0,0.32556
0.305,0.345,38.3764,4.83616,-2.34348,477.214,0.863221,-1.89153,0,0.32556
0.305,0.355,38.0471,4.68561,-2.08639,455.831,0.863221,-1.89153,0,0.32556
0.305,0.365,37.6635,4.53193,-1.83239,434.344,0.863221,-1.89153,0,0.32556
0.305,0.375,37.2205,4.37532,-1.58174,412.826,0.863221,-1.89153,0,0.32556
0.305,0.385,36.7147,4.21598,-1.33472,391.368,0.863221,-1.89153,0,0.32556
0.305,0.395,36.1439,4.05403,-1.09153,370.073,0.863221,-1.89153,0,0.32556
0.305,0.405,35.5097,3.88966,-0.852443,349.075,0.863221,-1.89153,0,0.32556
0.305,0.415,34.814,3.72293,-0.617588,328.495,0.863221,-1.89153,0,0.32556
0.305,0.425,34.0367,3.55732,-0.387789,308.137,0.863221,-1.89153,0,0.32556
0.305,0.435,33.1865,3.39228,-0.163878,288.182,0.863221,-1.89153,0,0.32556
0.305,0.445,32.3326,3.21673,0.0545624,269.063,0.863221,-1.89153,0,0.32556
0.305,0.455,31.4382,3.03601,0.267805,250.691,0.863221,-1.89153,0,0.32556
0.305,0.465,30.5011,2.85545,0.474237,233.307,0.863221,-1.89153,0,0.32556
0.305,0.475,29.5584,2.67402,0.670947,217.24,0.863221,-1.89153,0,0.32556
0.305,0.485,28.6503,2.49021,0.854581,202.787,0.863221,-1.89153,0,0.32556
0.305,0.495,27.8208,2.30175,1.02099,190.237,0.863221,-1.89153,0,0.32556
0.305,0.505,27.1149,2.10549,1.16535,179.866,0.863221,-1.89153,0,0.32556
0.305,0.515,26.5639,1.89727,1.28298,171.878,0.863221,-1.89153,0,0.32556
0.305,0.525,26.1414,1.67359,1.37101,166.292,0.863221,-1.89153,0,0.32556
0.305,0.535,25.6851,1.43293,1.43018,162.85,0.863221,-1.89153,0,0.32556
0.305,0.545,24.8145,1.17032,1.46571,161.086,0.863221,-1.89153,0,0.32556
0.305,0.555,22.9445,0.852644,1.48839,160.616,0.863221,-1.89153,0,0.32556
0.305,0.565,19.6036,0.354583,1.52246,161.496,0.863221,-1.89153,0,0.32556
0.305,0.575,15.2132,-0.672567,1.62972,164.429,0.863221,-1.89153,0,0.32556
0.305,0.585,11.6462,-2.87808,1.92385,169.181,0.863221,-1.89153,0,0.32556
0.305,0.595,10.7162,-6.44309,2.43448,169.821,0.863221,-1.89153,0,0.32556
0.305,0.605,13.2736,-10.0394,2.89712,162.533,0.863221,-1.89153,0,0.32556
0.305,0.615,20.3242,-12.458,3.05248,148.629,0.863221,-1.89153,0,0.32556
0.305,0.625,33.431,-13.7402,2.9784,131.894,0.863221,-1.89153,0,0.32556
0.305,0.635,54.0711,-14.3554,2.8633,116.768,0.863221,-1.89153,0,0.32556
0.305,0.645,83.2243,-14.6481,2.78338,106.011,0.863221,-1.89153,0,0.32556
0.305,0.655,120.892,-14.7953,2.73391,99.2189,0.863221,-1.89153,0,0.32556
0.305,0.665,165.722,-14.8756,2.70256,95.1347,0.863221,-1.89153,0,0.32556
0.305,0.675,215.967,-14.9223,2.68655,93.8702,0.863221,-1.89153,0,0.32556
0.305,0.685,270.604,-14.9503,2.68658,96.2056,0.863221,-1.89153,0,0.32556
0.305,0.695,329.369,-14.9673,2.70101,102.408,0.863221,-1.89153,0,0.32556
0.305,0.705,391.978,-14.9778,2.72559,111.966,0.863221,-1.89153,0,0.32556
0.305,0.715,457.511,-14.9845,2.75555,123.939,0.863221,-1.89153,0,0.32556
0.305,0.725,524.362,-14.9889,2.78712,137.329,0.863221,-1.89153,0,0.32556
0.305,0.735,590.552,-14.992,2.81793,151.276,0.863221,-1.89153,0,0.32556
0.305,0.745,654.105,-14.9942,2.84668,165.103,0.863221,-1.89153,0,0.32556
0.305,0.755,713.325,-14.9958,2.87277,178.31,0.863221,-1.89153,0,0.32556
0.305,0.765,766.951,-14.9969,2.89594,190.547,0.863221,-1.89153,0,0.32556
0.305,0.775,814.203,-14.9978,2.91617,201.588,0.863221,-1.89153,0,0.32556
0.305,0.785,854.759,-14.9985,2.93354,211.309,0.863221,-1.89153,0,0.32556
0.305,0.795,888.695,-14.9989,2.94821,219.667,0.863221,-1.89153,0,0.32556
0.305,0.805,916.398,-14.9993,2.96036,226.687,0.863221,-1.89153,0,0.32556
0.305,0.815,938.469,-14.9995,2.97024,232.447,0.863221,-1.89153,0,0.32556
0.305,0.825,955.635,-14.9997,2.97811,237.061,0.863221,-1.89153,0,0.32556
0.305,0.835,968.67,-14.9998,2.98423,240.668,0.863221,-1.89153,0,0.32556
0.305,0.845,978.336,-14.9999,2.98888,243.418,0.863221,-1.89153,0,0.32556
0.305,0.855,985.334,-14.9999,2.99234,245.462,0.863221,-1.89153,0,0.32556
0.305,0.865,990.283,-15,2.99484,246.943,0.863221,-1.89153,0,0.32556
0.305,0.875,993.699,-15,2.9966,247.988,0.863221,-1.89153,0,0.32556
0.305,0.885,996.001,-15,2.99781,248.706,0.863221,-1.89153,0,0.32556
0.305,0.895,997.517,-15,2.99863,249.187,0.863221,-1.89153,0,0.32556
0.305,0.905,998.491,-15,2.99916,249.501,0.863221,-1.89153,0,0.32556
0.305,0.915,999.103,-15,2.99949,249.701,0.863221,-1.89153,0,0.32556
0.305,0.925,999.478,-15,2.9997,249.825,0.863221,-1.89153,0,0.32556
0.305,0.935,999.703,-15,2.99983,249.899,0.863221,-1.89153,0,0.32556
0.305,0.945,999.834,-15,2.9999,249.944,0.863221,-1.89153,0,0.32556
0.305,0.955,999.91,-15,2.99995,249.969,0.863221,-1.89153,0,0.32556
0.305,0.965,999.952,-15,2.99997,249.983,0.863221,-1.89153,0,0.32556
0.305,0.975,999.975,-15,2.99999,249.991,0.863221,-1.89153,0,0.32556
0.305,0.985,999.987,-15,2.99999,249.996,0.863221,-1.89153,0,0.32556
0.305,0.995,999.993,-15,3,249.998,0.863221,-1.89153,0,0.32556
0.315,0.005,48.3217,7.10579,-10.9089,988.536,0.73824,-1.77965,0,0.261539
0.315,0.015,47.9272,7.13399,-10.6839,982.769,0.73824,-1.77965,0,0.261539
0.315,0.025,47.4952,7.15616,-10.456,975.551,0.73824,-1.77965,0,0.261539
0.315,0.035,47.0331,7.17248,-10.2255,967.022,0.73824,-1.77965,0,0.261539
0.315,0.045,46.5484,7.18313,-9.99246,957.319,0.73824,-1.77965,0,0.261539
0.315,0.055,46.0483,7.18828,-9.7572,946.578,0.73824,-1.77965,0,0.261539
0.315,0.065,45.5395,7.18806,-9.51979,934.928,0.73824,-1.77965,0,0.261539
0.315,0.075,45.0283,7.18257,-9.28031,922.487,0.73824,-1.77965,0,0.261539
0.315,0.085,44.5203,7.17188,-9.0388,909.361,0.73824,-1.77965,0,0.261539
0.315,0.095,44.0205,7.156,-8.79529,895.641,0.73824,-1.77965,0,0.261539
0.315,0.105,43.5331,7.13492,-8.54977,881.406,0.73824,-1.77965,0,0.261539
0.315,0.115,43.0616,7.10859,-8.30227,866.718,0.73824,-1.77965,0,0.261539
0.315,0.125,42.609,7.07693,-8.05278,851.628,0.73824,-1.77965,0,0.261539
0.315,0.135,42.1774,7.03986,-7.80132,836.174,0.73824,-1.77965,0,0.261539
0.315,0.145,41.7685,6.99727,-7.54791,820.385,0.73824,-1.77965,0,0.261539
0.315,0.155,41.3832,6.94905,-7.2926,804.281,0.73824,-1.77965,0,0.261539
0.315,0.165,41.0221,6.89509,-7.03545,787.876,0.73824,-1.77965,0,0.261539
0.315,0.175,40.6852,6.83528,-6.77654,771.177,0.73824,-1.77965,0,0.261539
0.315,0.185,40.3719,6.76952,-6.51598,754.191,0.73824,-1.77965,0,0.261539
0.315,0.195,40.0813,6.69774,-6.25389,736.918,0.73824,-1.77965,0,0.261539
0.315,0.205,39.8119,6.61985,-5.99042,719.36,0.73824,-1.77965,0,0.261539
0.315,0.215,39.5621,6.53579,-5.72573,701.518,0.73824,-1.77965,0,0.261539
0.315,0.225,39.3295,6.44551,-5.46002,683.391,0.73824,-1.77965,0,0.261539
0.315,0.235,39.1116,6.34895,-5.19348,664.984,0.73824,-1.77965,0,0.261539
0.315,0.245,38.9093,6.24602,-4.92585,646.392,0.73824,-1.77965,0,0.261539
0.315,0.255,38.7364,6.13693,-4.65528,628.005,0.73824,-1.77965,0,0.261539
0.315,0.265,38.5694,6.0228,-4.38456,609.364,0.73824,-1.77965,0,0.261539
0.315,0.275,38.4021,5.90387,-4.11444,590.424,0.73824,-1.77965,0,0.261539
0.315,0.285,38.2299,5.78029,-3.84519,571.201,0.73824,-1.77965,0,0.261539
0.315,0.295,38.0475,5.65223,-3.57713,551.701,0.73824,-1.77965,0,0.261539
0.315,0.305,37.849,5.51989,-3.31059,531.93,0.73824,-1.77965,0,0.261539
0.315,0.315,37.6282,5.3835,-3.04585,511.907,0.73824,-1.77965,0,0.261539
0.315,0.325,37.3791,5.24326,-2.7832,491.654,0.73824,-1.77965,0,0.261539
0.315,0.335,37.0953,5.09939,-2.52293,471.202,0.73824,-1.77965,0,0.261539
0.315,0.345,36.7707,4.95211,-2.26532,450.593,0.73824,-1.77965,0,0.261539
0.315,0.355,36.3998,4.80164,-2.01066,429.877,0.73824,-1.77965,0,0.261539
0.315,0.365,35.9773,4.64821,-1.75922,409.116,0.73824,-1.77965,0,0.261539
0.315,0.375,35.4994,4.49205,-1.51125,388.385,0.73824,-1.77965,0,0.261539
0.315,0.385,34.9635,4.3334,-1.26701,367.774,0.73824,-1.77965,0,0.261539
0.315,0.395,34.3686,4.17248,-1.02674,347.384,0.73824,-1.77965,0,0.261539
0.315,0.405,33.7164,4.00947,-0.790661,327.334,0.73824,-1.77965,0,0.261539
0.315,0.415,33.0108,3.84451,-0.559053,307.753,0.73824,-1.77965,0,0.261539
0.315,0.425,32.261,3.67736,-0.332101,288.807,0.73824,-1.77965,0,0.261539
0.315,0.435,31.4679,3.50866,-0.110328,270.475,0.73824,-1.77965,0,0.261539
0.315,0.445,30.6607,3.33095,0.105989,252.707,0.73824,-1.77965,0,0.261539
0.315,0.455,29.8023,3.15143,0.316322,235.59,0.73824,-1.77965,0,0.261539
0.315,0.465,28.9162,2.97175,0.518823,219.493,0.73824,-1.77965,0,0.261539
0.315,0.475,28.0385,2.79077,0.710649,204.725,0.73824,-1.77965,0,0.261539
0.315,0.485,27.2076,2.60686,0.888291,191.563,0.73824,-1.77965,0,0.261539
0.315,0.495,26.4656,2.41762,1.04743,180.278,0.73824,-1.77965,0,0.261539
0.315,0.505,25.8529,2.21986,1.18327,171.118,0.73824,-1.77965,0,0.261539
0.315,0.515,25.393,2.0096,1.29157,164.238,0.73824,-1.77965,0,0.261539
0.315,0.525,25.0449,1.78386,1.37044,159.588,0.73824,-1.77965,0,0.261539
0.315,0.535,24.6255,1.54169,1.42177,156.85,0.73824,-1.77965,0,0.261539
0.315,0.545,23.7334,1.27698,1.45159,155.564,0.73824,-1.77965,0,0.261539
0.315,0.555,21.7809,0.949751,1.47149,155.423,0.73824,-1.77965,0,0.261539
0.315,0.565,18.3617,0.414168,1.50875,156.592,0.73824,-1.77965,0,0.261539
0.315,0.575,14.0713,-0.721752,1.63285,159.795,0.73824,-1.77965,0,0.261539
0.315,0.585,10.8625,-3.12184,1.95852,164.292,0.73824,-1.77965,0,0.261539
0.315,0.595,10.3135,-6.79767,2.481,163.893,0.73824,-1.77965,0,0.261539
0.315,0.605,13.137,-10.3119,2.90896,155.873,0.73824,-1.77965,0,0.261539
0.315,0.615,20.3289,-12.6049,3.0264,141.878,0.73824,-1.77965,0,0.261539
0.315,0.625,33.4479,-13.8074,2.94347,125.921,0.73824,-1.77965,0,0.261539
0.315,0.635,54.048,-14.3831,2.83886,112.494,0.73824,-1.77965,0,0.261539
0.315,0.645,83.237,-14.6587,2.77096,103.552,0.73824,-1.77965,0,0.261539
0.315,0.655,120.989,-14.7994,2.72826,97.9101,0.73824,-1.77965,0,0.261539
0.315,0.665,165.828,-14.8774,2.69935,94.3071,0.73824,-1.77965,0,0.261539
0.315,0.675,215.961,-14.9232,2.68401,93.1951,0.73824,-1.77965,0,0.261539
0.315,0.685,270.436,-14.9509,2.68442,95.6192,0.73824,-1.77965,0,0.261539
0.315,0.695,329.085,-14.9677,2.69936,101.936,0.73824,-1.77965,0,0.261539
0.315,0.705,391.665,-14.9781,2.72448,111.622,0.73824,-1.77965,0,0.261539
0.315,0.715,457.236,-14.9846,2.75487,123.71,0.73824,-1.77965,0,0.261539
0.315,0.725,524.155,-14.989,2.78674,137.188,0.73824,-1.77965,0,0.261539
0.315,0.735,590.413,-14.992,2.81773,151.194,0.73824,-1.77965,0,0.261539
0.315,0.745,654.019,-14.9942,2.84658,165.058,0.73824,-1.77965,0,0.261539
0.315,0.755,713.277,-14.9958,2.87272,178.286,0.73824,-1.77965,0,0.261539
0.315,0.765,766.925,-14.9969,2.89591,190.535,0.73824,-1.77965,0,0.261539
0.315,0.775,814.189,-14.9978,2.91616,201.583,0.73824,-1.77965,0,0.261539
0.315,0.785,854.752,-14.9985,2.93354,211.306,0.73824,-1.77965,0,0.261539
0.315,0.795,888.692,-14.9989,2.9482,219.666,0.73824,-1.77965,0,0.261539
0.315,0.805,916.397,-14.9993,2.96036,226.687,0.73824,-1.77965,0,0.261539
0.315,0.815,938.469,-14.9995,2.97024,232.447,0.73824,-1.77965,0,0.261539
0.315,0.825,955.635,-14.9997,2.97811,237.061,0.73824,-1.77965,0,0.261539
0.315,0.835,968.67,-14.9998,2.98423,240.668,0.73824,-1.77965,0,0.261539
0.315,0.845,978.336,-14.9999,2.98888,243.418,0.73824,-1.77965,0,0.261539
0.315,0.855,985.334,-14.9999,2.99234,245.462,0.73824,-1.77965,0,0.261539
0.315,0.865,990.283,-15,2.99484,246.943,0.73824,-1.77965,0,0.261539
0.315,0.875,993.699,-15,2.9966,247.988,0.73824,-1.77965,0,0.261539
0.315,0.885,996.001,-15,2.99781,248.706,0.73824,-1.77965,0,0.261539
0.315,0.895,997.517,-15,2.99863,249.187,0.73824,-1.77965,0,0.261539
0.315,0.905,998.491,-15,2.99916,249.501,0.73824,-1.77965,0,0.261539
0.315,0.915,999.103,-15,2.99949,249.701,0.73824,-1.77965,0,0.261539
0.315,0.925,999.478,-15,2.9997,249.825,0.73824,-1.77965,0,0.261539
0.315,0.935,999.703,-15,2.99983,249.899,0.73824,-1.77965,0,0.261539
0.315,0.945,999.834,-15,2.9999,249.944,0.73824,-1.77965,0,0.261539
0.315,0.955,999.91,-15,2.99995,249.969,0.73824,-1.77965,0,0.261539
0.315,0.965,999.952,-15,2.99997,249.983,0.73824,-1.77965,0,0.261539
0.315,0.975,999.975,-15,2.99999,249.991,0.73824,-1.77965,0,0.261539
0.315,0.985,999.987,-15,2.99999,249.996,0.73824,-1.77965,0,0.261539
0.315,0.995,999.993,-15,3,249.998,0.73824,-1.77965,0,0.261539
0.325,0.005,46.5031,7.18852,-10.8175,937.398,0.628175,-1.66776,0,0.208628
0.325,0.015,46.1714,7.22042,-10.5943,933.004,0.628175,-1.66776,0,0.208628
0.325,0.025,45.8022,7.24627,-10.3679,927.187,0.628175,-1.66776,0,0.208628
0.325,0.035,45.402,7.26615,-10.1385,920.055,0.628175,-1.66776,0,0.208628
0.325,0.045,44.9771,7.28017,-9.90632,911.72,0.628175,-1.66776,0,0.208628
0.325,0.055,44.534,7.28844,-9.67162,902.299,0.628175,-1.66776,0,0.208628
0.325,0.065,44.0788,7.29104,-9.4345,891.905,0.628175,-1.66776,0,0.208628
0.325,0.075,43.6172,7.28806,-9.19507,880.645,0.628175,-1.66776,0,0.208628
0.325,0.085,43.1546,7.27955,-8.9534,868.621,0.628175,-1.66776,0,0.208628
0.325,0.095,42.6956,7.26553,-8.70956,855.923,0.628175,-1.66776,0,0.208628
0.325,0.105,42.2445,7.24599,-8.4636,842.628,0.628175,-1.66776,0,0.208628
0.325,0.115,41.8047,7.22089,-8.21554,828.804,0.628175,-1.66776,0,0.208628
0.325,0.125,41.3791,7.1902,-7.96544,814.506,0.628175,-1.66776,0,0.208628
0.325,0.135,40.97,7.15383,-7.71335,799.78,0.628175,-1.66776,0,0.208628
0.325,0.145,40.5791,7.11172,-7.45931,784.659,0.628175,-1.66776,0,0.208628
0.325,0.155,40.2074,7.06377,-7.20341,769.172,0.628175,-1.66776,0,0.208628
0.325,0.165,39.8555,7.00992,-6.94572,753.34,0.628175,-1.66776,0,0.208628
0.325,0.175,39.5236,6.95007,-6.68636,737.177,0.628175,-1.66776,0,0.208628
0.325,0.185,39.2113,6.88415,-6.42545,720.696,0.628175,-1.66776,0,0.208628
0.325,0.195,38.9177,6.81212,-6.16312,703.905,0.628175,-1.66776,0,0.208628
0.325,0.205,38.6415,6.7339,-5.89954,686.811,0.628175,-1.66776,0,0.208628
0.325,0.215,38.3811,6.64947,-5.6349,669.421,0.628175,-1.66776,0,0.208628
0.325,0.225,38.1343,6.55877,-5.36938,651.739,0.628175,-1.66776,0,0.208628
0.325,0.235,37.8987,6.46177,-5.1032,633.776,0.628175,-1.66776,0,0.208628
0.325,0.245,37.6796,6.35835,-4.83558,615.72,0.628175,-1.66776,0,0.208628
0.325,0.255,37.4836,6.24902,-4.56553,597.798,0.628175,-1.66776,0,0.208628
0.325,0.265,37.2886,6.13471,-4.29584,579.582,0.628175,-1.66776,0,0.208628
0.325,0.275,37.0906,6.0156,-4.02692,561.083,0.628175,-1.66776,0,0.208628
0.325,0.285,36.8853,5.89186,-3.75906,542.319,0.628175,-1.66776,0,0.208628
0.325,0.295,36.6678,5.76366,-3.49256,523.301,0.628175,-1.66776,0,0.208628
0.325,0.305,36.4327,5.63122,-3.22773,504.042,0.628175,-1.66776,0,0.208628
0.325,0.315,36.1745,5.49477,-2.96486,484.565,0.628175,-1.66776,0,0.208628
0.325,0.325,35.8876,5.35455,-2.70424,464.897,0.628175,-1.66776,0,0.208628
0.325,0.335,35.5666,5.21079,-2.44614,445.075,0.628175,-1.66776,0,0.208628
0.325,0.345,35.2062,5.06373,-2.19084,425.144,0.628175,-1.66776,0,0.208628
0.325,0.355,34.8017,4.91361,-1.93861,405.16,0.628175,-1.66776,0,0.208628
0.325,0.365,34.3491,4.76071,-1.68969,385.187,0.628175,-1.66776,0,0.208628
0.325,0.375,33.8454,4.60528,-1.44434,365.3,0.628175,-1.66776,0,0.208628
0.325,0.385,33.289,4.44757,-1.20279,345.589,0.628175,-1.66776,0,0.208628
0.325,0.395,32.6798,4.28785,-0.965294,326.15,0.628175,-1.66776,0,0.208628
0.325,0.405,32.0199,4.12631,-0.732086,307.091,0.628175,-1.66776,0,0.208628
0.325,0.415,31.3137,3.96314,-0.503457,288.534,0.628175,-1.66776,0,0.208628
0.325,0.425,30.5685,3.79829,-0.279745,270.605,0.628175,-1.66776,0,0.208628
0.325,0.435,29.8076,3.62879,-0.0611983,253.484,0.628175,-1.66776,0,0.208628
0.325,0.445,29.0664,3.44605,0.152706,237.27,0.628175,-1.66776,0,0.208628
0.325,0.455,28.2619,3.26645,0.360705,221.527,0.628175,-1.66776,0,0.208628
0.325,0.465,27.4325,3.08744,0.559534,206.7,0.628175,-1.66776,0,0.208628
0.325,0.475,26.6207,2.9068,0.746434,193.172,0.628175,-1.66776,0,0.208628
0.325,0.485,25.8655,2.72268,0.917913,181.223,0.628175,-1.66776,0,0.208628
0.325,0.495,25.207,2.53258,1.0696,171.116,0.628175,-1.66776,0,0.208628
0.325,0.505,24.6813,2.33329,1.19684,163.071,0.628175,-1.66776,0,0.208628
0.325,0.515,24.3034,2.12105,1.29599,157.19,0.628175,-1.66776,0,0.208628
0.325,0.525,24.0179,1.89346,1.3662,153.36,0.628175,-1.66776,0,0.208628
0.325,0.535,23.6224,1.64998,1.41039,151.223,0.628175,-1.66776,0,0.208628
0.325,0.545,22.6952,1.38283,1.4352,150.341,0.628175,-1.66776,0,0.208628
0.325,0.555,20.6503,1.04381,1.45317,150.49,0.628175,-1.66776,0,0.208628
0.325,0.565,17.1603,0.463473,1.49525,151.935,0.628175,-1.66776,0,0.208628
0.325,0.575,13.0017,-0.795864,1.63919,155.372,0.628175,-1.66776,0,0.208628
0.325,0.585,10.1617,-3.3945,1.99695,159.456,0.628175,-1.66776,0,0.208628
0.325,0.595,9.96808,-7.15348,2.52421,158.035,0.628175,-1.66776,0,0.208628
0.325,0.605,13.0265,-10.5689,2.91314,149.397,0.628175,-1.66776,0,0.208628
0.325,0.615,20.3281,-12.7395,2.99609,135.413,0.628175,-1.66776,0,0.208628
0.325,0.625,33.443,-13.8676,2.90879,120.402,0.628175,-1.66776,0,0.208628
0.325,0.635,54.0213,-14.4072,2.81668,108.757,0.628175,-1.66776,0,0.208628
0.325,0.645,83.2788,-14.6676,2.76063,101.521,0.628175,-1.66776,0,0.208628
0.325,0.655,121.129,-14.8027,2.72379,96.8516,0.628175,-1.66776,0,0.208628
0.325,0.665,165.965,-14.8789,2.69661,93.5892,0.628175,-1.66776,0,0.208628
0.325,0.675,215.963,-14.9242,2.68159,92.5551,0.628175,-1.66776,0,0.208628
0.325,0.685,270.263,-14.9515,2.68229,95.0418,0.628175,-1.66776,0,0.208628
0.325,0.695,328.796,-14.9681,2.69772,101.468,0.628175,-1.66776,0,0.208628
0.325,0.705,391.351,-14.9783,2.72339,111.284,0.628175,-1.66776,0,0.208628
0.325,0.715,456.966,-14.9848,2.75421,123.488,0.628175,-1.66776,0,0.208628
0.325,0.725,523.956,-14.9891,2.78637,137.054,0.628175,-1.66776,0,0.208628
0.325,0.735,590.282,-14.9921,2.81754,151.118,0.628175,-1.66776,0,0.208628
0.325,0.745,653.94,-14.9942,2.84649,165.017,0.628175,-1.66776,0,0.208628
0.325,0.755,713.232,-14.9958,2.87267,178.265,0.628175,-1.66776,0,0.208628
0.325,0.765,766.902,-14.9969,2.89589,190.525,0.628175,-1.66776,0,0.208628
0.325,0.775,814.178,-14.9978,2.91615,201.578,0.628175,-1.66776,0,0.208628
0.325,0.785,854.747,-14.9985,2.93353,211.304,0.628175,-1.66776,0,0.208628
0.325,0.795,888.69,-14.9989,2.9482,219.665,0.628175,-1.66776,0,0.208628
0.325,0.805,916.396,-14.9993,2.96036,226.686,0.628175,-1.66776,0,0.208628
0.325,0.815,938.468,-14.9995,2.97024,232.447,0.628175,-1.66776,0,0.208628
0.325,0.825,955.634,-14.9997,2.97811,237.061,0.628175,-1.66776,0,0.208628
0.325,0.835,968.67,-14.9998,2.98423,240.668,0.628175,-1.66776,0,0.208628
0.325,0.845,978.336,-14.9999,2.98888,243.418,0.628175,-1.66776,0,0.208628
0.325,0.855,985.334,-14.9999,2.99234,245.462,0.628175,-1.66776,0,0.208628
0.325,0.865,990.283,-15,2.99484,246.943,0.628175,-1.66776,0,0.208628
0.325,0.875,993.699,-15,2.9966,247.988,0.628175,-1.66776,0,0.208628
0.325,0.885,996.001,-15,2.99781,248.706,0.628175,-1.66776,0,0.208628
0.325,0.895,997.517,-15,2.99863,249.187,0.628175,-1.66776,0,0.208628
0.325,0.905,998.491,-15,2.99916,249.501,0.628175,-1.66776,0,0.208628
0.325,0.915,999.103,-15,2.99949,249.701,0.628175,-1.66776,0,0.208628
0.325,0.925,999.478,-15,2.9997,249.825,0.628175,-1.66776,0,0.208628
0.325,0.935,999.703,-15,2.99983,249.899,0.628175,-1.66776,0,0.208628
0.325,0.945,999.834,-15,2.9999,249.944,0.628175,-1.66776,0,0.208628
0.325,0.955,999.91,-15,2.99995,249.969,0.628175,-1.66776,0,0.208628
0.325,0.965,999.952,-15,2.99997,249.983,0.628175,-1.66776,0,0.208628
0.325,0.975,999.975,-15,2.99999,249.991,0.628175,-1.66776,0,0.208628
0.325,0.985,999.987,-15,2.99999,249.996,0.628175,-1.66776,0,0.208628
0.325,0.995,999.993,-15,3,249.998,0.628175,-1.66776,0,0.208628
0.335,0.005,44.7318,7.26677,-10.7229,888.095,0.531647,-1.55587,0,0.16517
0.335,0.015,44.4515,7.30142,-10.5013,884.748,0.531647,-1.55587,0,0.16517
0.335,0.025,44.1353,7.33016,-10.2763,880.048,0.531647,-1.55587,0,0.16517
0.335,0.035,43.7884,7.35295,-10.0481,874.073,0.531647,-1.55587,0,0.16517
0.335,0.045,43.4162,7.36981,-9.81692,866.909,0.531647,-1.55587,0,0.16517
0.335,0.055,43.0241,7.38079,-9.58297,858.647,0.531647,-1.55587,0,0.16517
0.335,0.065,42.6175,7.38592,-9.34638,849.382,0.531647,-1.55587,0,0.16517
0.335,0.075,42.2017,7.38525,-9.10727,839.209,0.531647,-1.55587,0,0.16517
0.335,0.085,41.7813,7.3788,-8.86575,828.22,0.531647,-1.55587,0,0.16517
0.335,0.095,41.3608,7.36657,-8.6219,816.496,0.531647,-1.55587,0,0.16517
0.335,0.105,40.9442,7.34857,-8.3758,804.116,0.531647,-1.55587,0,0.16517
0.335,0.115,40.5348,7.32477,-8.12753,791.145,0.531647,-1.55587,0,0.16517
0.335,0.125,40.1354,7.29512,-7.87716,777.642,0.531647,-1.55587,0,0.16517
0.335,0.135,39.7483,7.25957,-7.62475,763.654,0.531647,-1.55587,0,0.16517
0.335,0.145,39.3751,7.21808,-7.37041,749.222,0.531647,-1.55587,0,0.16517
0.335,0.155,39.0171,7.17057,-7.11422,734.378,0.531647,-1.55587,0,0.16517
0.335,0.165,38.6749,7.11699,-6.85631,719.149,0.531647,-1.55587,0,0.16517
0.335,0.175,38.3486,7.05729,-6.59678,703.558,0.531647,-1.55587,0,0.16517
0.335,0.185,38.0381,6.99141,-6.33579,687.62,0.531647,-1.55587,0,0.16517
0.335,0.195,37.7425,6.91931,-6.0735,671.35,0.531647,-1.55587,0,0.16517
0.335,0.205,37.4607,6.84097,-5.81008,654.761,0.531647,-1.55587,0,0.16517
0.335,0.215,37.1911,6.75635,-5.54572,637.865,0.531647,-1.55587,0,0.16517
0.335,0.225,36.9319,6.66544,-5.28064,620.672,0.531647,-1.55587,0,0.16517
0.335,0.235,36.6808,6.56818,-5.01504,603.197,0.531647,-1.55587,0,0.16517
0.335,0.245,36.448,6.4645,-4.74751,585.739,0.531647,-1.55587,0,0.16517
0.335,0.255,36.2302,6.35516,-4.47839,568.292,0.531647,-1.55587,0,0.16517
0.335,0.265,36.0103,6.24086,-4.2099,550.552,0.531647,-1.55587,0,0.16517
0.335,0.275,35.7851,6.12176,-3.94235,532.547,0.531647,-1.55587,0,0.16517
0.335,0.285,35.5507,5.99805,-3.67602,514.294,0.531647,-1.55587,0,0.16517
0.335,0.295,35.3025,5.86993,-3.41121,495.813,0.531647,-1.55587,0,0.16517
0.335,0.305,35.0359,5.73763,-3.1482,477.122,0.531647,-1.55587,0,0.16517
0.335,0.315,34.7458,5.60138,-2.8873,458.247,0.531647,-1.55587,0,0.16517
0.335,0.325,34.4272,5.46144,-2.62877,439.222,0.531647,-1.55587,0,0.16517
0.335,0.335,34.0756,5.31807,-2.37288,420.085,0.531647,-1.55587,0,0.16517
0.335,0.345,33.6865,5.17151,-2.1199,400.887,0.531647,-1.55587,0,0.16517
0.335,0.355,33.256,5.02205,-1.87006,381.685,0.531647,-1.55587,0,0.16517
0.335,0.365,32.7811,4.86997,-1.62363,362.545,0.531647,-1.55587,0,0.16517
0.335,0.375,32.2596,4.71554,-1.38082,343.542,0.531647,-1.55587,0,0.16517
0.335,0.385,31.6907,4.55904,-1.14188,324.76,0.531647,-1.55587,0,0.16517
0.335,0.395,31.0751,4.40073,-0.90704,306.292,0.531647,-1.55587,0,0.16517
0.335,0.405,30.4152,4.24083,-0.676568,288.238,0.531647,-1.55587,0,0.16517
0.335,0.415,29.7157,4.0795,-0.450788,270.709,0.531647,-1.55587,0,0.16517
0.335,0.425,28.9841,3.91671,-0.230119,253.818,0.531647,-1.55587,0,0.16517
0.335,0.435,28.2499,3.74723,-0.0147477,237.735,0.531647,-1.55587,0,0.16517
0.335,0.445,27.5301,3.56597,0.19563,222.515,0.531647,-1.55587,0,0.16517
0.335,0.455,26.7924,3.38341,0.400202,208.215,0.531647,-1.55587,0,0.16517
0.335,0.465,26.0361,3.20301,0.595741,194.769,0.531647,-1.55587,0,0.16517
0.335,0.475,25.2944,3.02232,0.778067,182.461,0.531647,-1.55587,0,0.16517
0.335,0.485,24.6145,2.8378,0.943415,171.671,0.531647,-1.55587,0,0.16517
0.335,0.495,24.036,2.64672,1.08758,162.666,0.531647,-1.55587,0,0.16517
0.335,0.505,23.5912,2.44586,1.20625,155.645,0.531647,-1.55587,0,0.16517
0.335,0.515,23.2864,2.23171,1.29654,150.664,0.531647,-1.55587,0,0.16517
0.335,0.525,23.0526,2.00244,1.35863,147.552,0.531647,-1.55587,0,0.16517
0.335,0.535,22.6685,1.75775,1.39634,145.928,0.531647,-1.55587,0,0.16517
0.335,0.545,21.6931,1.48762,1.41678,145.391,0.531647,-1.55587,0,0.16517
0.335,0.555,19.5479,1.13398,1.4337,145.803,0.531647,-1.55587,0,0.16517
0.335,0.565,15.999,0.500391,1.48242,147.516,0.531647,-1.55587,0,0.16517
0.335,0.575,12.0071,-0.897626,1.64923,151.137,0.531647,-1.55587,0,0.16517
0.335,0.585,9.53924,-3.69396,2.03857,154.649,0.531647,-1.55587,0,0.16517
0.335,0.595,9.67353,-7.50624,2.56279,152.259,0.531647,-1.55587,0,0.16517
0.335,0.605,12.9359,-10.8098,2.90958,143.111,0.531647,-1.55587,0,0.16517
0.335,0.615,20.3181,-12.8623,2.96217,129.25,0.531647,-1.55587,0,0.16517
0.335,0.625,33.4188,-13.9213,2.87491,115.355,0.531647,-1.55587,0,0.16517
0.335,0.635,53.9982,-14.428,2.79698,105.543,0.531647,-1.55587,0,0.16517
0.335,0.645,83.3547,-14.6751,2.75233,99.8838,0.531647,-1.55587,0,0.16517
0.335,0.655,121.31,-14.8055,2.72037,96.0093,0.531647,-1.55587,0,0.16517
0.335,0.665,166.127,-14.8803,2.69424,92.9576,0.531647,-1.55587,0,0.16517
0.335,0.675,215.969,-14.925,2.67924,91.9376,0.531647,-1.55587,0,0.16517
0.335,0.685,270.082,-14.9521,2.68015,94.4681,0.531647,-1.55587,0,0.16517
0.335,0.695,328.499,-14.9685,2.69609,101.004,0.531647,-1.55587,0,0.16517
0.335,0.705,391.036,-14.9785,2.72231,110.953,0.531647,-1.55587,0,0.16517
0.335,0.715,456.701,-14.9849,2.75358,123.275,0.531647,-1.55587,0,0.16517
0.335,0.725,523.765,-14.9891,2.78603,136.926,0.531647,-1.55587,0,0.16517
0.335,0.735,590.158,-14.9921,2.81736,151.046,0.531647,-1.55587,0,0.16517
0.335,0.745,653.867,-14.9942,2.8464,164.979,0.531647,-1.55587,0,0.16517
0.335,0.755,713.192,-14.9958,2.87263,178.246,0.531647,-1.55587,0,0.16517
0.335,0.765,766.881,-14.997,2.89587,190.515,0.531647,-1.55587,0,0.16517
0.335,0.775,814.167,-14.9978,2.91614,201.573,0.531647,-1.55587,0,0.16517
0.335,0.785,854.742,-14.9985,2.93353,211.302,0.531647,-1.55587,0,0.16517
0.335,0.795,888.688,-14.9989,2.9482,219.664,0.531647,-1.55587,0,0.16517
0.335,0.805,916.395,-14.9993,2.96036,226.686,0.531647,-1.55587,0,0.16517
0.335,0.815,938.468,-14.9995,2.97024,232.447,0.531647,-1.55587,0,0.16517
0.335,0.825,955.634,-14.9997,2.97811,237.061,0.531647,-1.55587,0,0.16517
0.335,0.835,968.67,-14.9998,2.98423,240.668,0.531647,-1.55587,0,0.16517
0.335,0.845,978.336,-14.9999,2.98888,243.418,0.531647,-1.55587,0,0.16517
0.335,0.855,985.334,-14.9999,2.99234,245.462,0.531647,-1.55587,0,0.16517
0.335,0.865,990.283,-15,2.99484,246.943,0.531647,-1.55587,0,0.16517
0.335,0.875,993.699,-15,2.9966,247.988,0.531647,-1.55587,0,0.16517
0.335,0.885,996.001,-15,2.99781,248.706,0.531647,-1.55587,0,0.16517
0.335,0.895,997.517,-15,2.99863,249.187,0.531647,-1.55587,0,0.16517
0.335,0.905,998.491,-15,2.99916,249.501,0.531647,-1.55587,0,0.16517
0.335,0.915,999.103,-15,2.99949,249.701,0.531647,-1.55587,0,0.16517
0.335,0.925,999.478,-15,2.9997,249.825,0.531647,-1.55587,0,0.16517
0.335,0.935,999.703,-15,2.99983,249.899,0.531647,-1.55587,0,0.16517
0.335,0.945,999.834,-15,2.9999,249.944,0.531647,-1.55587,0,0.16517
0.335,0.955,999.91,-15,2.99995,249.969,0.531647,-1.55587,0,0.16517
0.335,0.965,999.952,-15,2.99997,249.983,0.531647,-1.55587,0,0.16517
0.335,0.975,999.975,-15,2.99999,249.991,0.531647,-1.55587,0,0.16517
0.335,0.985,999.987,-15,2.99999,249.996,0.531647,-1.55587,0,0.16517
0.335,0.995,999.993,-15,3,249.998,0.531647,-1.55587,0,0.16517
0.345,0.005,43.0207,7.34232,-10.6262,841.004,0.447367,-1.44398,0,0.129715
0.345,0.015,42.7807,7.37872,-10.4058,838.395,0.447367,-1.44398,0,0.129715
0.345,0.025,42.5072,7.40946,-10.1821,834.532,0.447367,-1.44398,0,0.129715
0.345,0.035,42.2046,7.4344,-9.95509,829.466,0.447367,-1.44398,0,0.129715
0.345,0.045,41.8771,7.45347,-9.72495,823.256,0.447367,-1.44398,0,0.129715
0.345,0.055,41.5293,7.46663,-9.49185,815.971,0.447367,-1.44398,0,0.129715
0.345,0.065,41.1656,7.47387,-9.25594,807.686,0.447367,-1.44398,0,0.129715
0.345,0.075,40.7906,7.47519,-9.01736,798.48,0.447367,-1.44398,0,0.129715
0.345,0.085,40.4086,7.47056,-8.77621,788.43,0.447367,-1.44398,0,0.129715
0.345,0.095,40.0235,7.45998,-8.53262,777.612,0.447367,-1.44398,0,0.129715
0.345,0.105,39.6389,7.44343,-8.28667,766.096,0.447367,-1.44398,0,0.129715
0.345,0.115,39.258,7.42088,-8.03847,753.946,0.447367,-1.44398,0,0.129715
0.345,0.125,38.8834,7.3923,-7.78812,741.219,0.447367,-1.44398,0,0.129715
0.345,0.135,38.5173,7.35763,-7.53571,727.964,0.447367,-1.44398,0,0.129715
0.345,0.145,38.1614,7.31684,-7.28136,714.224,0.447367,-1.44398,0,0.129715
0.345,0.155,37.8169,7.26989,-7.02518,700.037,0.447367,-1.44398,0,0.129715
0.345,0.165,37.4844,7.21673,-6.76732,685.431,0.447367,-1.44398,0,0.129715
0.345,0.175,37.1642,7.15732,-6.50791,670.434,0.447367,-1.44398,0,0.129715
0.345,0.185,36.8561,7.09164,-6.24712,655.068,0.447367,-1.44398,0,0.129715
0.345,0.195,36.5595,7.01966,-5.98512,639.352,0.447367,-1.44398,0,0.129715
0.345,0.205,36.2733,6.94137,-5.72211,623.303,0.447367,-1.44398,0,0.129715
0.345,0.215,35.9962,6.85677,-5.45828,606.939,0.447367,-1.44398,0,0.129715
0.345,0.225,35.7264,6.76583,-5.19385,590.274,0.447367,-1.44398,0,0.129715
0.345,0.235,35.4624,6.66852,-4.92899,573.338,0.447367,-1.44398,0,0.129715
0.345,0.245,35.218,6.56483,-4.66178,556.509,0.447367,-1.44398,0,0.129715
0.345,0.255,34.9805,6.4557,-4.39387,539.566,0.447367,-1.44398,0,0.129715
0.345,0.265,34.7389,6.3416,-4.12675,522.349,0.447367,-1.44398,0,0.129715
0.345,0.275,34.4902,6.22274,-3.86071,504.884,0.447367,-1.44398,0,0.129715
0.345,0.285,34.2308,6.0993,-3.59604,487.193,0.447367,-1.44398,0,0.129715
0.345,0.295,33.9566,5.97151,-3.33302,469.298,0.447367,-1.44398,0,0.129715
0.345,0.305,33.6633,5.8396,-3.07193,451.224,0.447367,-1.44398,0,0.129715
0.345,0.315,33.3467,5.70382,-2.81305,433.002,0.447367,-1.44398,0,0.129715
0.345,0.325,33.0024,5.56444,-2.55665,414.666,0.447367,-1.44398,0,0.129715
0.345,0.335,32.6265,5.42173,-2.30299,396.261,0.447367,-1.44398,0,0.129715
0.345,0.345,32.2152,5.27597,-2.05231,377.838,0.447367,-1.44398,0,0.129715
0.345,0.355,31.7656,5.12746,-1.80485,359.454,0.447367,-1.44398,0,0.129715
0.345,0.365,31.2752,4.97647,-1.56084,341.177,0.447367,-1.44398,0,0.129715
0.345,0.375,30.7428,4.8233,-1.32051,323.078,0.447367,-1.44398,0,0.129715
0.345,0.385,30.1681,4.66824,-1.08408,305.238,0.447367,-1.44398,0,0.129715
0.345,0.395,29.5524,4.51153,-0.851799,287.744,0.447367,-1.44398,0,0.129715
0.345,0.405,28.8985,4.3534,-0.623958,270.688,0.447367,-1.44398,0,0.129715
0.345,0.415,28.2114,4.19397,-0.400919,254.17,0.447367,-1.44398,0,0.129715
0.345,0.425,27.4982,4.03322,-0.183164,238.295,0.447367,-1.44398,0,0.129715
0.345,0.435,26.7961,3.86313,0.0292056,223.225,0.447367,-1.44398,0,0.129715
0.345,0.445,26.0967,3.68429,0.236157,208.939,0.447367,-1.44398,0,0.129715
0.345,0.455,25.3872,3.50445,0.436287,195.575,0.447367,-1.44398,0,0.129715
0.345,0.465,24.7026,3.3213,0.62704,183.432,0.447367,-1.44398,0,0.129715
0.345,0.475,24.0452,3.13798,0.804833,172.441,0.447367,-1.44398,0,0.129715
0.345,0.485,23.443,2.95251,0.964457,162.791,0.447367,-1.44398,0,0.129715
0.345,0.495,22.9428,2.76021,1.1013,154.836,0.447367,-1.44398,0,0.129715
0.345,0.505,22.5736,2.55767,1.21161,148.765,0.447367,-1.44398,0,0.129715
0.345,0.515,22.334,2.34166,1.29342,144.596,0.447367,-1.44398,0,0.129715
0.345,0.525,22.1419,2.11082,1.34798,142.114,0.447367,-1.44398,0,0.129715
0.345,0.535,21.7575,1.86495,1.37982,140.931,0.447367,-1.44398,0,0.129715
0.345,0.545,20.722,1.59105,1.39649,140.695,0.447367,-1.44398,0,0.129715
0.345,0.555,18.4707,1.21928,1.4133,141.349,0.447367,-1.44398,0,0.129715
0.345,0.565,14.8799,0.522531,1.47076,143.325,0.447367,-1.44398,0,0.129715
0.345,0.575,11.0896,-1.02945,1.66335,147.069,0.447367,-1.44398,0,0.129715
0.345,0.585,8.99006,-4.01711,2.08248,149.853,0.447367,-1.44398,0,0.129715
0.345,0.595,9.42359,-7.85197,2.59549,146.577,0.447367,-1.44398,0,0.129715
0.345,0.605,12.8596,-11.0343,2.89837,137.02,0.447367,-1.44398,0,0.129715
0.345,0.615,20.296,-12.9741,2.92527,123.406,0.447367,-1.44398,0,0.129715
0.345,0.625,33.3788,-13.9688,2.84236,110.794,0.447367,-1.44398,0,0.129715
0.345,0.635,53.9856,-14.4457,2.77993,102.833,0.447367,-1.44398,0,0.129715
0.345,0.645,83.4686,-14.6811,2.74597,98.6051,0.447367,-1.44398,0,0.129715
0.345,0.655,121.533,-14.8079,2.71786,95.3513,0.447367,-1.44398,0,0.129715
0.345,0.665,166.309,-14.8815,2.69215,92.3909,0.447367,-1.44398,0,0.129715
0.345,0.675,215.973,-14.9259,2.67692,91.3315,0.447367,-1.44398,0,0.129715
0.345,0.685,269.889,-14.9527,2.67799,93.8941,0.447367,-1.44398,0,0.129715
0.345,0.695,328.193,-14.9689,2.69445,100.543,0.447367,-1.44398,0,0.129715
0.345,0.705,390.721,-14.9788,2.72124,110.629,0.447367,-1.44398,0,0.129715
0.345,0.715,456.442,-14.985,2.75296,123.068,0.447367,-1.44398,0,0.129715
0.345,0.725,523.581,-14.9892,2.7857,136.805,0.447367,-1.44398,0,0.129715
0.345,0.735,590.041,-14.9921,2.81719,150.979,0.447367,-1.44398,0,0.129715
0.345,0.745,653.799,-14.9942,2.84632,164.944,0.447367,-1.44398,0,0.129715
0.345,0.755,713.155,-14.9958,2.87259,178.228,0.447367,-1.44398,0,0.129715
0.345,0.765,766.862,-14.997,2.89586,190.507,0.447367,-1.44398,0,0.129715
0.345,0.775,814.158,-14.9978,2.91613,201.569,0.447367,-1.44398,0,0.129715
0.345,0.785,854.737,-14.9985,2.93353,211.3,0.447367,-1.44398,0,0.129715
0.345,0.795,888.686,-14.9989,2.9482,219.663,0.447367,-1.44398,0,0.129715
0.345,0.805,916.394,-14.9993,2.96036,226.686,0.447367,-1.44398,0,0.129715
0.345,0.815,938.467,-14.9995,2.97024,232.447,0.447367,-1.44398,0,0.129715
0.345,0.825,955.634,-14.9997,2.97811,237.061,0.447367,-1.44398,0,0.129715
0.345,0.835,968.67,-14.9998,2.98423,240.668,0.447367,-1.44398,0,0.129715
0.345,0.845,978.336,-14.9999,2.98888,243.418,0.447367,-1.44398,0,0.129715
0.345,0.855,985.334,-14.9999,2.99234,245.462,0.447367,-1.44398,0,0.129715
0.345,0.865,990.283,-15,2.99484,246.943,0.447367,-1.44398,0,0.129715
0.345,0.875,993.699,-15,2.9966,247.988,0.447367,-1.44398,0,0.129715
0.345,0.885,996.001,-15,2.99781,248.706,0.447367,-1.44398,0,0.129715
0.345,0.895,997.517,-15,2.99863,249.187,0.447367,-1.44398,0,0.129715
0.345,0.905,998.491,-15,2.99916,249.501,0.447367,-1.44398,0,0.129715
0.345,0.915,999.103,-15,2.99949,249.701,0.447367,-1.44398,0,0.129715
0.345,0.925,999.478,-15,2.9997,249.825,0.447367,-1.44398,0,0.129715
0.345,0.935,999.703,-15,2.99983,249.899,0.447367,-1.44398,0,0.129715
0.345,0.945,999.834,-15,2.9999,249.944,0.447367,-1.44398,0,0.129715
0.345,0.955,999.91,-15,2.99995,249.969,0.447367,-1.44398,0,0.129715
0.345,0.965,999.952,-15,2.99997,249.983,0.447367,-1.44398,0,0.129715
0.345,0.975,999.975,-15,2.99999,249.991,0.447367,-1.44398,0,0.129715
0.345,0.985,999.987,-15,2.99999,249.996,0.447367,-1.44398,0,0.129715
0.345,0.995,999.993,-15,3,249.998,0.447367,-1.44398,0,0.129715
0.355,0.005,41.3793,7.41668,-10.5283,796.375,0.374132,-1.3321,0,0.100994
0.355,0.015,41.1692,7.45389,-10.309,794.233,0.374132,-1.3321,0,0.100994
0.355,0.025,40.9289,7.48574,-10.0863,790.952,0.374132,-1.3321,0,0.100994
0.355,0.035,40.6617,7.51203,-9.86035,786.558,0.374132,-1.3321,0,0.100994
0.355,0.045,40.3709,7.53261,-9.63117,781.089,0.374132,-1.3321,0,0.100994
0.355,0.055,40.0601,7.54736,-9.39894,774.594,0.374132,-1.3321,0,0.100994
0.355,0.065,39.7331,7.55621,-9.16379,767.129,0.374132,-1.3321,0,0.100994
0.355,0.075,39.3937,7.55909,-8.92586,758.753,0.374132,-1.3321,0,0.100994
0.355,0.085,39.0455,7.55597,-8.68526,749.532,0.374132,-1.3321,0,0.100994
0.355,0.095,38.6919,7.54679,-8.44212,739.53,0.374132,-1.3321,0,0.100994
0.355,0.105,38.3363,7.53152,-8.19655,728.81,0.374132,-1.3321,0,0.100994
0.355,0.115,37.9815,7.51012,-7.94867,717.429,0.374132,-1.3321,0,0.100994
0.355,0.125,37.6298,7.48254,-7.69859,705.443,0.374132,-1.3321,0,0.100994
0.355,0.135,37.2834,7.44874,-7.44644,692.899,0.374132,-1.3321,0,0.100994
0.355,0.145,36.9438,7.40869,-7.19235,679.842,0.374132,-1.3321,0,0.100994
0.355,0.155,36.6123,7.36236,-6.93645,666.309,0.374132,-1.3321,0,0.100994
0.355,0.165,36.2894,7.30971,-6.67891,652.333,0.374132,-1.3321,0,0.100994
0.355,0.175,35.9755,7.25072,-6.41988,637.945,0.374132,-1.3321,0,0.100994
0.355,0.185,35.6704,7.18537,-6.15954,623.169,0.374132,-1.3321,0,0.100994
0.355,0.195,35.3737,7.11367,-5.89808,608.031,0.374132,-1.3321,0,0.100994
0.355,0.205,35.0844,7.03562,-5.63571,592.55,0.374132,-1.3321,0,0.100994
0.355,0.215,34.8013,6.95121,-5.37263,576.748,0.374132,-1.3321,0,0.100994
0.355,0.225,34.5228,6.86044,-5.10907,560.644,0.374132,-1.3321,0,0.100994
0.355,0.235,34.249,6.76328,-4.84501,544.306,0.374132,-1.3321,0,0.100994
0.355,0.245,33.9938,6.65984,-4.5785,528.099,0.374132,-1.3321,0,0.100994
0.355,0.255,33.7396,6.55112,-4.31197,511.704,0.374132,-1.3321,0,0.100994
0.355,0.265,33.4796,6.43745,-4.04635,495.051,0.374132,-1.3321,0,0.100994
0.355,0.275,33.2111,6.31905,-3.78196,478.168,0.374132,-1.3321,0,0.100994
0.355,0.285,32.9306,6.19613,-3.51905,461.081,0.374132,-1.3321,0,0.100994
0.355,0.295,32.6348,6.06891,-3.25791,443.815,0.374132,-1.3321,0,0.100994
0.355,0.305,32.3198,5.93765,-2.9988,426.4,0.374132,-1.3321,0,0.100994
0.355,0.315,31.9818,5.80261,-2.74199,408.869,0.374132,-1.3321,0,0.100994
0.355,0.325,31.6173,5.66406,-2.48775,391.261,0.374132,-1.3321,0,0.100994
0.355,0.335,31.2227,5.5223,-2.23631,373.621,0.374132,-1.3321,0,0.100994
0.355,0.345,30.7953,5.37761,-1.98791,356,0.374132,-1.3321,0,0.100994
0.355,0.355,30.3325,5.2303,-1.74278,338.457,0.374132,-1.3321,0,0.100994
0.355,0.365,29.8327,5.08066,-1.50114,321.056,0.374132,-1.3321,0,0.100994
0.355,0.375,29.2952,4.92898,-1.26321,303.867,0.374132,-1.3321,0,0.100994
0.355,0.385,28.7202,4.77554,-1.02921,286.966,0.374132,-1.3321,0,0.100994
0.355,0.395,28.1095,4.62059,-0.799402,270.434,0.374132,-1.3321,0,0.100994
0.355,0.405,27.4662,4.46432,-0.574106,254.355,0.374132,-1.3321,0,0.100994
0.355,0.415,26.7953,4.30684,-0.353725,238.82,0.374132,-1.3321,0,0.100994
0.355,0.425,26.1051,4.14776,-0.138789,223.928,0.374132,-1.3321,0,0.100994
0.355,0.435,25.4357,3.97728,0.0706696,209.829,0.374132,-1.3321,0,0.100994
0.355,0.445,24.7604,3.8009,0.274246,196.454,0.374132,-1.3321,0,0.100994
0.355,0.455,24.084,3.62331,0.470034,184.007,0.374132,-1.3321,0,0.100994
0.355,0.465,23.4357,3.44273,0.655209,172.73,0.374132,-1.3321,0,0.100994
0.355,0.475,22.8521,3.25656,0.826732,162.902,0.374132,-1.3321,0,0.100994
0.355,0.485,22.3377,3.06756,0.980398,154.453,0.374132,-1.3321,0,0.100994
0.355,0.495,21.9162,2.87341,1.11039,147.523,0.374132,-1.3321,0,0.100994
0.355,0.505,21.6192,2.66897,1.2128,142.349,0.374132,-1.3321,0,0.100994
0.355,0.515,21.4383,2.45101,1.28669,138.922,0.374132,-1.3321,0,0.100994
0.355,0.525,21.2791,2.21866,1.33436,137,0.374132,-1.3321,0,0.100994
0.355,0.535,20.884,1.97152,1.36093,136.203,0.374132,-1.3321,0,0.100994
0.355,0.545,19.7775,1.69277,1.37443,136.233,0.374132,-1.3321,0,0.100994
0.355,0.555,17.4173,1.29854,1.39216,137.118,0.374132,-1.3321,0,0.100994
0.355,0.565,13.8056,0.527207,1.46073,139.351,0.374132,-1.3321,0,0.100994
0.355,0.575,10.2503,-1.19324,1.68181,143.138,0.374132,-1.3321,0,0.100994
0.355,0.585,8.50835,-4.36001,2.1275,145.055,0.374132,-1.3321,0,0.100994
0.355,0.595,9.21212,-8.18713,2.62119,141.002,0.374132,-1.3321,0,0.100994
0.355,0.605,12.7922,-11.2424,2.87975,131.128,0.374132,-1.3321,0,0.100994
0.355,0.615,20.2603,-13.0752,2.88609,117.903,0.374132,-1.3321,0,0.100994
0.355,0.625,33.3275,-14.0104,2.81171,106.729,0.374132,-1.3321,0,0.100994
0.355,0.635,53.9903,-14.4605,2.76564,100.607,0.374132,-1.3321,0,0.100994
0.355,0.645,83.6232,-14.686,2.74143,97.6499,0.374132,-1.3321,0,0.100994
0.355,0.655,121.792,-14.8098,2.71613,94.8473,0.374132,-1.3321,0,0.100994
0.355,0.665,166.506,-14.8826,2.69025,91.8696,0.374132,-1.3321,0,0.100994
0.355,0.675,215.97,-14.9267,2.67459,90.7271,0.374132,-1.3321,0,0.100994
0.355,0.685,269.682,-14.9533,2.6758,93.3162,0.374132,-1.3321,0,0.100994
0.355,0.695,327.879,-14.9692,2.69281,100.084,0.374132,-1.3321,0,0.100994
0.355,0.705,390.406,-14.979,2.7202,110.312,0.374132,-1.3321,0,0.100994
0.355,0.715,456.189,-14.9852,2.75237,122.87,0.374132,-1.3321,0,0.100994
0.355,0.725,523.405,-14.9893,2.78539,136.69,0.374132,-1.3321,0,0.100994
0.355,0.735,589.932,-14.9922,2.81704,150.917,0.374132,-1.3321,0,0.100994
0.355,0.745,653.736,-14.9942,2.84625,164.912,0.374132,-1.3321,0,0.100994
0.355,0.755,713.122,-14.9958,2.87256,178.213,0.374132,-1.3321,0,0.100994
0.355,0.765,766.845,-14.997,2.89584,190.5,0.374132,-1.3321,0,0.100994
0.355,0.775,814.15,-14.9978,2.91613,201.566,0.374132,-1.3321,0,0.100994
0.355,0.785,854.734,-14.9985,2.93352,211.299,0.374132,-1.3321,0,0.100994
0.355,0.795,888.684,-14.9989,2.9482,219.662,0.374132,-1.3321,0,0.100994
0.355,0.805,916.394,-14.9993,2.96036,226.685,0.374132,-1.3321,0,0.100994
0.355,0.815,938.467,-14.9995,2.97024,232.446,0.374132,-1.3321,0,0.100994
0.355,0.825,955.634,-14.9997,2.97811,237.061,0.374132,-1.3321,0,0.100994
0.355,0.835,968.67,-14.9998,2.98423,240.668,0.374132,-1.3321,0,0.100994
0.355,0.845,978.336,-14.9999,2.98888,243.418,0.374132,-1.3321,0,0.100994
0.355,0.855,985.334,-14.9999,2.99234,245.462,0.374132,-1.3321,0,0.100994
0.355,0.865,990.283,-15,2.99484,246.943,0.374132,-1.3321,0,0.100994
0.355,0.875,993.699,-15,2.9966,247.988,0.374132,-1.3321,0,0.100994
0.355,0.885,996.001,-15,2.99781,248.706,0.374132,-1.3321,0,0.100994
0.355,0.895,997.517,-15,2.99863,249.187,0.374132,-1.3321,0,0.100994
0.355,0.905,998.491,-15,2.99916,249.501,0.374132,-1.3321,0,0.100994
0.355,0.915,999.103,-15,2.99949,249.701,0.374132,-1.3321,0,0.100994
0.355,0.925,999.478,-15,2.9997,249.825,0.374132,-1.3321,0,0.100994
0.355,0.935,999.703,-15,2.99983,249.899,0.374132,-1.3321,0,0.100994
0.355,0.945,999.834,-15,2.9999,249.944,0.374132,-1.3321,0,0.100994
0.355,0.955,999.91,-15,2.99995,249.969,0.374132,-1.3321,0,0.100994
0.355,0.965,999.952,-15,2.99997,249.983,0.374132,-1.3321,0,0.100994
0.355,0.975,999.975,-15,2.99999,249.991,0.374132,-1.3321,0,0.100994
0.355,0.985,999.987,-15,2.99999,249.996,0.374132,-1.3321,0,0.100994
0.355,0.995,999.993,-15,3,249.998,0.374132,-1.3321,0,0.100994
0.365,0.005,39.8131,7.49106,-10.4302,754.33,0.310818,-1.22021,0,0.0779058
0.365,0.015,39.6243,7.52821,-10.2116,752.438,0.310818,-1.22021,0,0.0779058
0.365,0.025,39.4086,7.56036,-9.9898,749.521,0.310818,-1.22021,0,0.0779058
0.365,0.035,39.1686,7.58724,-9.76467,745.591,0.310818,-1.22021,0,0.0779058
0.365,0.045,38.9068,7.60862,-9.53635,740.669,0.310818,-1.22021,0,0.0779058
0.365,0.055,38.6261,7.62433,-9.30494,734.785,0.310818,-1.22021,0,0.0779058
0.365,0.065,38.3294,7.63424,-9.07057,727.978,0.310818,-1.22021,0,0.0779058
0.365,0.075,38.02,7.63824,-8.83335,720.294,0.310818,-1.22021,0,0.0779058
0.365,0.085,37.7007,7.63623,-8.5934,711.783,0.310818,-1.22021,0,0.0779058
0.365,0.095,37.3747,7.62815,-8.35086,702.498,0.310818,-1.22021,0,0.0779058
0.365,0.105,37.0446,7.61391,-8.10584,692.492,0.310818,-1.22021,0,0.0779058
0.365,0.115,36.713,7.59348,-7.85847,681.817,0.310818,-1.22021,0,0.0779058
0.365,0.125,36.382,7.56679,-7.60888,670.523,0.310818,-1.22021,0,0.0779058
0.365,0.135,36.0536,7.5338,-7.35722,658.655,0.310818,-1.22021,0,0.0779058
0.365,0.145,35.7292,7.49447,-7.10362,646.256,0.310818,-1.22021,0,0.0779058
0.365,0.155,35.4098,7.44877,-6.84824,633.364,0.310818,-1.22021,0,0.0779058
0.365,0.165,35.0962,7.39668,-6.59126,620.014,0.310818,-1.22021,0,0.0779058
0.365,0.175,34.7886,7.33819,-6.33284,606.237,0.310818,-1.22021,0,0.0779058
0.365,0.185,34.487,7.2733,-6.07318,592.062,0.310818,-1.22021,0,0.0779058
0.365,0.195,34.1909,7.20201,-5.81249,577.515,0.310818,-1.22021,0,0.0779058
0.365,0.205,33.8996,7.12433,-5.55096,562.62,0.310818,-1.22021,0,0.0779058
0.365,0.215,33.612,7.04028,-5.28884,547.403,0.310818,-1.22021,0,0.0779058
0.365,0.225,33.3265,6.94986,-5.02635,531.887,0.310818,-1.22021,0,0.0779058
0.365,0.235,33.0458,6.85304,-4.76314,516.187,0.310818,-1.22021,0,0.0779058
0.365,0.245,32.7808,6.75011,-4.49768,500.603,0.310818,-1.22021,0,0.0779058
0.365,0.255,32.5128,6.642,-4.23266,484.789,0.310818,-1.22021,0,0.0779058
0.365,0.265,32.2376,6.52898,-3.96867,468.734,0.310818,-1.22021,0,0.0779058
0.365,0.275,31.9528,6.41127,-3.70602,452.468,0.310818,-1.22021,0,0.0779058
0.365,0.285,31.6552,6.28909,-3.44496,436.018,0.310818,-1.22021,0,0.0779058
0.365,0.295,31.3419,6.1627,-3.18576,419.414,0.310818,-1.22021,0,0.0779058
0.365,0.305,31.0096,6.03234,-2.92868,402.689,0.310818,-1.22021,0,0.0779058
0.365,0.315,30.6551,5.89829,-2.67398,385.878,0.310818,-1.22021,0,0.0779058
0.365,0.325,30.2752,5.76084,-2.42189,369.022,0.310818,-1.22021,0,0.0779058
0.365,0.335,29.8673,5.62027,-2.17266,352.167,0.310818,-1.22021,0,0.0779058
0.365,0.345,29.4288,5.4769,-1.92652,335.364,0.310818,-1.22021,0,0.0779058
0.365,0.355,28.958,5.33103,-1.68367,318.67,0.310818,-1.22021,0,0.0779058
0.365,0.365,28.4538,5.18295,-1.44434,302.146,0.310818,-1.22021,0,0.0779058
0.365,0.375,27.9159,5.03294,-1.20873,285.86,0.310818,-1.22021,0,0.0779058
0.365,0.385,27.3451,4.88128,-0.977089,269.883,0.310818,-1.22021,0,0.0779058
0.365,0.395,26.7434,4.7282,-0.749691,254.288,0.310818,-1.22021,0,0.0779058
0.365,0.405,26.1141,4.57386,-0.526876,239.155,0.310818,-1.22021,0,0.0779058
0.365,0.415,25.4624,4.41834,-0.309097,224.568,0.310818,-1.22021,0,0.0779058
0.365,0.425,24.7994,4.26037,-0.0968963,210.623,0.310818,-1.22021,0,0.0779058
0.365,0.435,24.1599,4.0902,0.109679,197.432,0.310818,-1.22021,0,0.0779058
0.365,0.445,23.5127,3.91606,0.309852,184.946,0.310818,-1.22021,0,0.0779058
0.365,0.455,22.8723,3.74038,0.501295,173.387,0.310818,-1.22021,0,0.0779058
0.365,0.465,22.2651,3.56164,0.681043,162.969,0.310818,-1.22021,0,0.0779058
0.365,0.475,21.7229,3.37765,0.845644,153.922,0.310818,-1.22021,0,0.0779058
0.365,0.485,21.2842,3.18503,0.991512,146.521,0.310818,-1.22021,0,0.0779058
0.365,0.495,20.9451,2.98702,1.11441,140.626,0.310818,-1.22021,0,0.0779058
0.365,0.505,20.7181,2.78011,1.2095,136.312,0.310818,-1.22021,0,0.0779058
0.365,0.515,20.591,2.56001,1.27618,133.575,0.310818,-1.22021,0,0.0779058
0.365,0.525,20.4577,2.32608,1.31768,132.161,0.310818,-1.22021,0,0.0779058
0.365,0.535,20.043,2.07743,1.33959,131.709,0.310818,-1.22021,0,0.0779058
0.365,0.545,18.856,1.79237,1.35054,131.986,0.310818,-1.22021,0,0.0779058
0.365,0.555,16.387,1.37035,1.37045,133.098,0.310818,-1.22021,0,0.0779058
0.365,0.565,12.7789,0.511438,1.45283,135.581,0.310818,-1.22021,0,0.0779058
0.365,0.575,9.48872,-1.39022,1.70468,139.315,0.310818,-1.22021,0,0.0779058
0.365,0.585,8.08779,-4.71813,2.17212,140.245,0.310818,-1.22021,0,0.0779058
0.365,0.595,9.03324,-8.50868,2.63896,135.549,0.310818,-1.22021,0,0.0779058
0.365,0.605,12.7288,-11.4343,2.85407,125.442,0.310818,-1.22021,0,0.0779058
0.365,0.615,20.2105,-13.1661,2.84541,112.767,0.310818,-1.22021,0,0.0779058
0.365,0.625,33.2703,-14.0465,2.78346,103.17,0.310818,-1.22021,0,0.0779058
0.365,0.635,54.0186,-14.4726,2.75417,98.8411,0.310818,-1.22021,0,0.0779058
0.365,0.645,83.8203,-14.6899,2.73857,96.9837,0.310818,-1.22021,0,0.0779058
0.365,0.655,122.087,-14.8113,2.71505,94.4687,0.310818,-1.22021,0,0.0779058
0.365,0.665,166.712,-14.8837,2.68847,91.3758,0.310818,-1.22021,0,0.0779058
0.365,0.675,215.955,-14.9275,2.6722,90.1163,0.310818,-1.22021,0,0.0779058
0.365,0.685,269.459,-14.9539,2.67357,92.7323,0.310818,-1.22021,0,0.0779058
0.365,0.695,327.555,-14.9696,2.69117,99.6269,0.310818,-1.22021,0,0.0779058
0.365,0.705,390.092,-14.9792,2.71918,110.001,0.310818,-1.22021,0,0.0779058
0.365,0.715,455.942,-14.9853,2.7518,122.68,0.310818,-1.22021,0,0.0779058
0.365,0.725,523.238,-14.9893,2.78509,136.582,0.310818,-1.22021,0,0.0779058
0.365,0.735,589.83,-14.9922,2.8169,150.86,0.310818,-1.22021,0,0.0779058
0.365,0.745,653.679,-14.9943,2.84618,164.883,0.310818,-1.22021,0,0.0779058
0.365,0.755,713.092,-14.9958,2.87253,178.199,0.310818,-1.22021,0,0.0779058
0.365,0.765,766.831,-14.997,2.89583,190.493,0.310818,-1.22021,0,0.0779058
0.365,0.775,814.143,-14.9978,2.91612,201.563,0.310818,-1.22021,0,0.0779058
0.365,0.785,854.731,-14.9985,2.93352,211.298,0.310818,-1.22021,0,0.0779058
0.365,0.795,888.683,-14.9989,2.9482,219.662,0.310818,-1.22021,0,0.0779058
0.365,0.805,916.393,-14.9993,2.96036,226.685,0.310818,-1.22021,0,0.0779058
0.365,0.815,938.467,-14.9995,2.97024,232.446,0.310818,-1.22021,0,0.0779058
0.365,0.825,955.634,-14.9997,2.97811,237.061,0.310818,-1.22021,0,0.0779058
0.365,0.835,968.67,-14.9998,2.98423,240.668,0.310818,-1.22021,0,0.0779058
0.365,0.845,978.336,-14.9999,2.98888,243.418,0.310818,-1.22021,0,0.0779058
0.365,0.855,985.334,-14.9999,2.99234,245.462,0.310818,-1.22021,0,0.0779058
0.365,0.865,990.283,-15,2.99484,246.943,0.310818,-1.22021,0,0.0779058
0.365,0.875,993.699,-15,2.9966,247.988,0.310818,-1.22021,0,0.0779058
0.365,0.885,996.001,-15,2.99781,248.706,0.310818,-1.22021,0,0.0779058
0.365,0.895,997.517,-15,2.99863,249.187,0.310818,-1.22021,0,0.0779058
0.365,0.905,998.491,-15,2.99916,249.501,0.310818,-1.22021,0,0.0779058
0.365,0.915,999.103,-15,2.99949,249.701,0.310818,-1.22021,0,0.0779058
0.365,0.925,999.478,-15,2.9997,249.825,0.310818,-1.22021,0,0.0779058
0.365,0.935,999.703,-15,2.99983,249.899,0.310818,-1.22021,0,0.0779058
0.365,0.945,999.834,-15,2.9999,249.944,0.310818,-1.22021,0,0.0779058
0.365,0.955,999.91,-15,2.99995,249.969,0.310818,-1.22021,0,0.0779058
0.365,0.965,999.952,-15,2.99997,249.983,0.310818,-1.22021,0,0.0779058
0.365,0.975,999.975,-15,2.99999,249.991,0.310818,-1.22021,0,0.0779058
0.365,0.985,999.987,-15,2.99999,249.996,0.310818,-1.22021,0,0.0779058
0.365,0.995,999.993,-15,3,249.998,0.310818,-1.22021,0,0.0779058
0.375,0.005,38.3238,7.56623,-10.3326,714.87,0.256382,-1.10832,0,0.059498
0.375,0.015,38.1495,7.60265,-10.1145,713.067,0.256382,-1.10832,0,0.059498
0.375,0.025,37.9514,7.63441,-9.89328,710.347,0.256382,-1.10832,0,0.059498
0.375,0.035,37.7316,7.66119,-9.66882,706.71,0.256382,-1.10832,0,0.059498
0.375,0.045,37.492,7.68272,-9.44121,702.168,0.256382,-1.10832,0,0.059498
0.375,0.055,37.2349,7.6988,-9.21054,696.738,0.256382,-1.10832,0,0.059498
0.375,0.065,36.9626,7.70923,-8.9769,690.443,0.256382,-1.10832,0,0.059498
0.375,0.075,36.6777,7.71386,-8.74041,683.318,0.256382,-1.10832,0,0.059498
0.375,0.085,36.3827,7.71256,-8.50118,675.399,0.256382,-1.10832,0,0.059498
0.375,0.095,36.0799,7.70521,-8.25932,666.729,0.256382,-1.10832,0,0.059498
0.375,0.105,35.7717,7.69173,-8.01498,657.351,0.256382,-1.10832,0,0.059498
0.375,0.115,35.4603,7.67204,-7.76827,647.311,0.256382,-1.10832,0,0.059498
0.375,0.125,35.1476,7.64608,-7.51934,636.651,0.256382,-1.10832,0,0.059498
0.375,0.135,34.8352,7.61378,-7.26834,625.414,0.256382,-1.10832,0,0.059498
0.375,0.145,34.5244,7.5751,-7.01543,613.64,0.256382,-1.10832,0,0.059498
0.375,0.155,34.2163,7.53002,-6.76077,601.367,0.256382,-1.10832,0,0.059498
0.375,0.165,33.9113,7.47851,-6.50455,588.627,0.256382,-1.10832,0,0.059498
0.375,0.175,33.6099,7.42057,-6.24695,575.455,0.256382,-1.10832,0,0.059498
0.375,0.185,33.312,7.3562,-5.98817,561.88,0.256382,-1.10832,0,0.059498
0.375,0.195,33.0172,7.28541,-5.72843,547.929,0.256382,-1.10832,0,0.059498
0.375,0.205,32.7248,7.20824,-5.46795,533.632,0.256382,-1.10832,0,0.059498
0.375,0.215,32.4339,7.12469,-5.20696,519.013,0.256382,-1.10832,0,0.059498
0.375,0.225,32.1432,7.03479,-4.9457,504.101,0.256382,-1.10832,0,0.059498
0.375,0.235,31.858,6.9385,-4.68343,489.069,0.256382,-1.10832,0,0.059498
0.375,0.245,31.5846,6.83629,-4.41929,474.105,0.256382,-1.10832,0,0.059498
0.375,0.255,31.3054,6.72898,-4.1559,458.897,0.256382,-1.10832,0,0.059498
0.375,0.265,31.018,6.6168,-3.89365,443.465,0.256382,-1.10832,0,0.059498
0.375,0.275,30.7201,6.5,-3.63282,427.84,0.256382,-1.10832,0,0.059498
0.375,0.285,30.409,6.3788,-3.37368,412.051,0.256382,-1.10832,0,0.059498
0.375,0.295,30.0821,6.25345,-3.11647,396.132,0.256382,-1.10832,0,0.059498
0.375,0.305,29.7366,6.12423,-2.86145,380.117,0.256382,-1.10832,0,0.059498
0.375,0.315,29.3697,5.9914,-2.60886,364.043,0.256382,-1.10832,0,0.059498
0.375,0.325,28.979,5.85527,-2.35892,347.952,0.256382,-1.10832,0,0.059498
0.375,0.335,28.562,5.71613,-2.11188,331.89,0.256382,-1.10832,0,0.059498
0.375,0.345,28.117,5.57429,-1.86795,315.906,0.256382,-1.10832,0,0.059498
0.375,0.355,27.6425,5.43004,-1.62734,300.057,0.256382,-1.10832,0,0.059498
0.375,0.365,27.138,5.28368,-1.39025,284.4,0.256382,-1.10832,0,0.059498
0.375,0.375,26.6036,5.1355,-1.15692,268.999,0.256382,-1.10832,0,0.059498
0.375,0.385,26.0404,4.98573,-0.927576,253.919,0.256382,-1.10832,0,0.059498
0.375,0.395,25.4507,4.83459,-0.702526,239.231,0.256382,-1.10832,0,0.059498
0.375,0.405,24.8379,4.68222,-0.482144,225.007,0.256382,-1.10832,0,0.059498
0.375,0.415,24.2074,4.52866,-0.266929,211.325,0.256382,-1.10832,0,0.059498
0.375,0.425,23.5738,4.37133,-0.057406,198.281,0.256382,-1.10832,0,0.059498
0.375,0.435,22.9627,4.20204,0.146271,185.948,0.256382,-1.10832,0,0.059498
0.375,0.445,22.3461,4.02995,0.342957,174.316,0.256382,-1.10832,0,0.059498
0.375,0.455,21.7433,3.85592,0.530005,163.607,0.256382,-1.10832,0,0.059498
0.375,0.465,21.1791,3.67863,0.70431,154.018,0.256382,-1.10832,0,0.059498
0.375,0.475,20.6828,3.49592,0.862187,145.754,0.256382,-1.10832,0,0.059498
0.375,0.485,20.2863,3.30496,0.999734,139.035,0.256382,-1.10832,0,0.059498
0.375,0.495,20.0226,3.10202,1.1137,134.086,0.256382,-1.10832,0,0.059498
0.375,0.505,19.8626,2.89153,1.20152,130.589,0.256382,-1.10832,0,0.059498
0.375,0.515,19.7848,2.66892,1.26165,128.497,0.256382,-1.10832,0,0.059498
0.375,0.525,19.6718,2.43324,1.29769,127.551,0.256382,-1.10832,0,0.059498
0.375,0.535,19.2296,2.18267,1.31556,127.42,0.256382,-1.10832,0,0.059498
0.375,0.545,17.9542,1.88934,1.32469,127.933,0.256382,-1.10832,0,0.059498
0.375,0.555,15.3784,1.43298,1.34826,129.277,0.256382,-1.10832,0,0.059498
0.375,0.565,11.8018,0.471932,1.44755,131.995,0.256382,-1.10832,0,0.059498
0.375,0.575,8.80314,-1.62077,1.73193,135.561,0.256382,-1.10832,0,0.059498
0.375,0.585,7.72657,-5.08359,2.21467,135.526,0.256382,-1.10832,0,0.059498
0.375,0.595,8.88115,-8.81424,2.64812,130.226,0.256382,-1.10832,0,0.059498
0.375,0.605,12.665,-11.6104,2.82181,119.97,0.256382,-1.10832,0,0.059498
0.375,0.615,20.1472,-13.2471,2.80408,108.025,0.256382,-1.10832,0,0.059498
0.375,0.625,33.2131,-14.0772,2.75808,100.121,0.256382,-1.10832,0,0.059498
0.375,0.635,54.0759,-14.4824,2.74553,97.5077,0.256382,-1.10832,0,0.059498
0.375,0.645,84.0605,-14.6929,2.73724,96.5727,0.256382,-1.10832,0,0.059498
0.375,0.655,122.411,-14.8127,2.71449,94.1888,0.256382,-1.10832,0,0.059498
0.375,0.665,166.922,-14.8847,2.68673,90.8933,0.256382,-1.10832,0,0.059498
0.375,0.675,215.925,-14.9283,2.66974,89.492,0.256382,-1.10832,0,0.059498
0.375,0.685,269.218,-14.9545,2.67129,92.1405,0.256382,-1.10832,0,0.059498
0.375,0.695,327.223,-14.97,2.68953,99.1726,0.256382,-1.10832,0,0.059498
0.375,0.705,389.779,-14.9794,2.71817,109.699,0.256382,-1.10832,0,0.059498
0.375,0.715,455.703,-14.9854,2.75125,122.498,0.256382,-1.10832,0,0.059498
0.375,0.725,523.079,-14.9894,2.78482,136.481,0.256382,-1.10832,0,0.059498
0.375,0.735,589.735,-14.9922,2.81676,150.807,0.256382,-1.10832,0,0.059498
0.375,0.745,653.627,-14.9943,2.84612,164.856,0.256382,-1.10832,0,0.059498
0.375,0.755,713.065,-14.9958,2.8725,178.186,0.256382,-1.10832,0,0.059498
0.375,0.765,766.817,-14.997,2.89582,190.488,0.256382,-1.10832,0,0.059498
0.375,0.775,814.137,-14.9978,2.91612,201.561,0.256382,-1.10832,0,0.059498
0.375,0.785,854.728,-14.9985,2.93352,211.296,0.256382,-1.10832,0,0.059498
0.375,0.795,888.682,-14.9989,2.9482,219.661,0.256382,-1.10832,0,0.059498
0.375,0.805,916.393,-14.9993,2.96036,226.685,0.256382,-1.10832,0,0.059498
0.375,0.815,938.467,-14.9995,2.97024,232.446,0.256382,-1.10832,0,0.059498
0.375,0.825,955.634,-14.9997,2.9781,237.061,0.256382,-1.10832,0,0.059498
0.375,0.835,968.67,-14.9998,2.98423,240.668,0.256382,-1.10832,0,0.059498
0.375,0.845,978.336,-14.9999,2.98888,243.418,0.256382,-1.10832,0,0.059498
0.375,0.855,985.334,-14.9999,2.99234,245.462,0.256382,-1.10832,0,0.059498
0.375,0.865,990.283,-15,2.99484,246.943,0.256382,-1.10832,0,0.059498
0.375,0.875,993.699,-15,2.9966,247.988,0.256382,-1.10832,0,0.059498
0.375,0.885,996.001,-15,2.99781,248.706,0.256382,-1.10832,0,0.059498
0.375,0.895,997.517,-15,2.99863,249.187,0.256382,-1.10832,0,0.059498
0.375,0.905,998.491,-15,2.99916,249.501,0.256382,-1.10832,0,0.059498
0.375,0.915,999.103,-15,2.99949,249.701,0.256382,-1.10832,0,0.059498
0.375,0.925,999.478,-15,2.9997,249.825,0.256382,-1.10832,0,0.059498
0.375,0.935,999.703,-15,2.99983,249.899,0.256382,-1.10832,0,0.059498
0.375,0.945,999.834,-15,2.9999,249.944,0.256382,-1.10832,0,0.059498
0.375,0.955,999.91,-15,2.99995,249.969,0.256382,-1.10832,0,0.059498
0.375,0.965,999.952,-15,2.99997,249.983,0.256382,-1.10832,0,0.059498
0.375,0.975,999.975,-15,2.99999,249.991,0.256382,-1.10832,0,0.059498
0.375,0.985,999.987,-15,2.99999,249.996,0.256382,-1.10832,0,0.059498
0.375,0.995,999.993,-15,3,249.998,0.256382,-1.10832,0,0.059498
0.385,0.005,36.91,7.64264,-10.2362,677.903,0.209855,-0.996433,0,0.0449517
0.385,0.015,36.7451,7.67781,-10.0183,676.085,0.209855,-0.996433,0,0.0449517
0.385,0.025,36.5592,7.70863,-9.7974,673.44,0.209855,-0.996433,0,0.0449517
0.385,0.035,36.3539,7.73476,-9.57342,669.97,0.209855,-0.996433,0,0.0449517
0.385,0.045,36.1309,7.7559,-9.34639,665.677,0.209855,-0.996433,0,0.0449517
0.385,0.055,35.8919,7.77181,-9.11635,660.569,0.209855,-0.996433,0,0.0449517
0.385,0.065,35.6387,7.78226,-8.88339,654.662,0.209855,-0.996433,0,0.0449517
0.385,0.075,35.3735,7.78707,-8.6476,647.978,0.209855,-0.996433,0,0.0449517
0.385,0.085,35.098,7.78606,-8.40909,640.544,0.209855,-0.996433,0,0.0449517
0.385,0.095,34.8144,7.7791,-8.16798,632.392,0.209855,-0.996433,0,0.0449517
0.385,0.105,34.5246,7.76608,-7.92439,623.558,0.209855,-0.996433,0,0.0449517
0.385,0.115,34.2304,7.74689,-7.67845,614.079,0.209855,-0.996433,0,0.0449517
0.385,0.125,33.9334,7.72144,-7.43031,603.992,0.209855,-0.996433,0,0.0449517
0.385,0.135,33.6349,7.68968,-7.18012,593.336,0.209855,-0.996433,0,0.0449517
0.385,0.145,33.3363,7.65156,-6.92805,582.147,0.209855,-0.996433,0,0.0449517
0.385,0.155,33.0382,7.60703,-6.67428,570.461,0.209855,-0.996433,0,0.0449517
0.385,0.165,32.7412,7.55608,-6.41898,558.31,0.209855,-0.996433,0,0.0449517
0.385,0.175,32.4457,7.4987,-6.16237,545.727,0.209855,-0.996433,0,0.0449517
0.385,0.185,32.1515,7.4349,-5.90465,532.743,0.209855,-0.996433,0,0.0449517
0.385,0.195,31.8584,7.3647,-5.64604,519.386,0.209855,-0.996433,0,0.0449517
0.385,0.205,31.5657,7.28812,-5.38676,505.687,0.209855,-0.996433,0,0.0449517
0.385,0.215,31.2727,7.2052,-5.12706,491.672,0.209855,-0.996433,0,0.0449517
0.385,0.225,30.9781,7.11594,-4.86718,477.372,0.209855,-0.996433,0,0.0449517
0.385,0.235,30.6906,7.02036,-4.60589,463.023,0.209855,-0.996433,0,0.0449517
0.385,0.245,30.4101,6.91905,-4.3433,448.676,0.209855,-0.996433,0,0.0449517
0.385,0.255,30.1222,6.81271,-4.08165,434.088,0.209855,-0.996433,0,0.0449517
0.385,0.265,29.8253,6.70156,-3.82121,419.294,0.209855,-0.996433,0,0.0449517
0.385,0.275,29.5173,6.58585,-3.56228,404.324,0.209855,-0.996433,0,0.0449517
0.385,0.285,29.1959,6.46582,-3.3051,389.211,0.209855,-0.996433,0,0.0449517
0.385,0.295,28.8588,6.34173,-3.04992,373.989,0.209855,-0.996433,0,0.0449517
0.385,0.305,28.5037,6.21384,-2.79697,358.692,0.209855,-0.996433,0,0.0449517
0.385,0.315,28.1282,6.08244,-2.54648,343.362,0.209855,-0.996433,0,0.0449517
0.385,0.325,27.7303,5.94782,-2.29869,328.037,0.209855,-0.996433,0,0.0449517
0.385,0.335,27.3081,5.81028,-2.05381,312.765,0.209855,-0.996433,0,0.0449517
0.385,0.345,26.8602,5.67014,-1.81205,297.593,0.209855,-0.996433,0,0.0449517
0.385,0.355,26.3857,5.52767,-1.57362,282.574,0.209855,-0.996433,0,0.0449517
0.385,0.365,25.8842,5.38317,-1.33874,267.763,0.209855,-0.996433,0,0.0449517
0.385,0.375,25.3563,5.23691,-1.10762,253.221,0.209855,-0.996433,0,0.0449517
0.385,0.385,24.8033,5.0891,-0.880527,239.008,0.209855,-0.996433,0,0.0449517
0.385,0.395,24.2277,4.93995,-0.657783,225.189,0.209855,-0.996433,0,0.0449517
0.385,0.405,23.6333,4.78957,-0.439799,211.832,0.209855,-0.996433,0,0.0449517
0.385,0.415,23.0252,4.63795,-0.227125,199.01,0.209855,-0.996433,0,0.0449517
0.385,0.425,22.4224,4.48087,-0.0202546,186.82,0.209855,-0.996433,0,0.0449517
0.385,0.435,21.8387,4.31289,0.180476,175.296,0.209855,-0.996433,0,0.0449517
0.385,0.445,21.2539,4.1427,0.373566,164.481,0.209855,-0.996433,0,0.0449517
0.385,0.455,20.6895,3.97012,0.556133,154.582,0.209855,-0.996433,0,0.0449517
0.385,0.465,20.1689,3.79396,0.72492,145.783,0.209855,-0.996433,0,0.0449517
0.385,0.475,19.7195,3.6121,0.876063,138.275,0.209855,-0.996433,0,0.0449517
0.385,0.485,19.3697,3.42181,1.00551,132.249,0.209855,-0.996433,0,0.0449517
0.385,0.495,19.1448,3.21959,1.11019,127.872,0.209855,-0.996433,0,0.0449517
0.385,0.505,19.05,3.00359,1.18917,125.16,0.209855,-0.996433,0,0.0449517
0.385,0.515,19.0159,2.77786,1.24301,123.657,0.209855,-0.996433,0,0.0449517
0.385,0.525,18.9172,2.54018,1.27414,123.14,0.209855,-0.996433,0,0.0449517
0.385,0.535,18.4401,2.28711,1.28856,123.31,0.209855,-0.996433,0,0.0449517
0.385,0.545,17.0683,1.98295,1.29665,124.059,0.209855,-0.996433,0,0.0449517
0.385,0.555,14.3901,1.48424,1.32571,125.643,0.209855,-0.996433,0,0.0449517
0.385,0.565,10.8762,0.405105,1.44545,128.573,0.209855,-0.996433,0,0.0449517
0.385,0.575,8.19042,-1.88427,1.76344,131.83,0.209855,-0.996433,0,0.0449517
0.385,0.585,7.41828,-5.45098,2.25356,130.897,0.209855,-0.996433,0,0.0449517
0.385,0.595,8.7495,-9.10255,2.64775,125.017,0.209855,-0.996433,0,0.0449517
0.385,0.605,12.5976,-11.771,2.78361,114.73,0.209855,-0.996433,0,0.0449517
0.385,0.615,20.0724,-13.3188,2.76302,103.706,0.209855,-0.996433,0,0.0449517
0.385,0.625,33.1621,-14.103,2.73599,97.581,0.209855,-0.996433,0,0.0449517
0.385,0.635,54.1669,-14.49,2.73967,96.5779,0.209855,-0.996433,0,0.0449517
0.385,0.645,84.3437,-14.6951,2.73727,96.384,0.209855,-0.996433,0,0.0449517
0.385,0.655,122.762,-14.8138,2.71432,93.9821,0.209855,-0.996433,0,0.0449517
0.385,0.665,167.131,-14.8856,2.68496,90.4073,0.209855,-0.996433,0,0.0449517
0.385,0.675,215.876,-14.9292,2.66717,88.8484,0.209855,-0.996433,0,0.0449517
0.385,0.685,268.957,-14.9551,2.66895,91.5401,0.209855,-0.996433,0,0.0449517
0.385,0.695,326.883,-14.9704,2.68789,98.7214,0.209855,-0.996433,0,0.0449517
0.385,0.705,389.468,-14.9796,2.71719,109.405,0.209855,-0.996433,0,0.0449517
0.385,0.715,455.472,-14.9855,2.75073,122.324,0.209855,-0.996433,0,0.0449517
0.385,0.725,522.929,-14.9894,2.78456,136.386,0.209855,-0.996433,0,0.0449517
0.385,0.735,589.648,-14.9922,2.81664,150.758,0.209855,-0.996433,0,0.0449517
0.385,0.745,653.58,-14.9943,2.84607,164.833,0.209855,-0.996433,0,0.0449517
0.385,0.755,713.041,-14.9958,2.87248,178.175,0.209855,-0.996433,0,0.0449517
0.385,0.765,766.806,-14.997,2.89581,190.483,0.209855,-0.996433,0,0.0449517
0.385,0.775,814.132,-14.9978,2.91611,201.559,0.209855,-0.996433,0,0.0449517
0.385,0.785,854.726,-14.9985,2.93352,211.296,0.209855,-0.996433,0,0.0449517
0.385,0.795,888.681,-14.9989,2.9482,219.661,0.209855,-0.996433,0,0.0449517
0.385,0.805,916.392,-14.9993,2.96036,226.685,0.209855,-0.996433,0,0.0449517
0.385,0.815,938.467,-14.9995,2.97024,232.446,0.209855,-0.996433,0,0.0449517
0.385,0.825,955.634,-14.9997,2.9781,237.061,0.209855,-0.996433,0,0.0449517
0.385,0.835,968.67,-14.9998,2.98423,240.668,0.209855,-0.996433,0,0.0449517
0.385,0.845,978.336,-14.9999,2.98888,243.418,0.209855,-0.996433,0,0.0449517
0.385,0.855,985.334,-14.9999,2.99234,245.462,0.209855,-0.996433,0,0.0449517
0.385,0.865,990.283,-15,2.99484,246.943,0.209855,-0.996433,0,0.0449517
0.385,0.875,993.699,-15,2.9966,247.988,0.209855,-0.996433,0,0.0449517
0.385,0.885,996.001,-15,2.99781,248.706,0.209855,-0.996433,0,0.0449517
0.385,0.895,997.517,-15,2.99863,249.187,0.209855,-0.996433,0,0.0449517
0.385,0.905,998.491,-15,2.99916,249.501,0.209855,-0.996433,0,0.0449517
0.385,0.915,999.103,-15,2.99949,249.701,0.209855,-0.996433,0,0.0449517
0.385,0.925,999.478,-15,2.9997,249.825,0.209855,-0.996433,0,0.0449517
0.385,0.935,999.703,-15,2.99983,249.899,0.209855,-0.996433,0,0.0449517
0.385,0.945,999.834,-15,2.9999,249.944,0.209855,-0.996433,0,0.0449517
0.385,0.955,999.91,-15,2.99995,249.969,0.209855,-0.996433,0,0.0449517
0.385,0.965,999.952,-15,2.99997,249.983,0.209855,-0.996433,0,0.0449517
0.385,0.975,999.975,-15,2.99999,249.991,0.209855,-0.996433,0,0.0449517
0.385,0.985,999.987,-15,2.99999,249.996,0.209855,-0.996433,0,0.0449517
0.385,0.995,999.993,-15,3,249.998,0.209855,-0.996433,0,0.0449517
0.395,0.005,35.5678,7.7204,-10.1412,643.276,0.170342,-0.884545,0,0.0335668
0.395,0.015,35.409,7.75399,-9.92336,641.38,0.170342,-0.884545,0,0.0335668
0.395,0.025,35.2314,7.78348,-9.70264,638.737,0.170342,-0.884545,0,0.0335668
0.395,0.035,35.0364,7.80853,-9.47899,635.345,0.170342,-0.884545,0,0.0335668
0.395,0.045,34.8255,7.82885,-9.2524,631.205,0.170342,-0.884545,0,0.0335668
0.395,0.055,34.6001,7.84415,-9.0229,626.321,0.170342,-0.884545,0,0.0335668
0.395,0.065,34.3616,7.8542,-8.79054,620.701,0.170342,-0.884545,0,0.0335668
0.395,0.075,34.1117,7.85878,-8.55542,614.361,0.170342,-0.884545,0,0.0335668
0.395,0.085,33.8519,7.8577,-8.31763,607.318,0.170342,-0.884545,0,0.0335668
0.395,0.095,33.5838,7.85079,-8.07727,599.599,0.170342,-0.884545,0,0.0335668
0.395,0.105,33.3091,7.83793,-7.83448,591.231,0.170342,-0.884545,0,0.0335668
0.395,0.115,33.0292,7.81898,-7.58937,582.243,0.170342,-0.884545,0,0.0335668
0.395,0.125,32.7454,7.79386,-7.34211,572.67,0.170342,-0.884545,0,0.0335668
0.395,0.135,32.4589,7.76248,-7.09284,562.544,0.170342,-0.884545,0,0.0335668
0.395,0.145,32.1706,7.72478,-6.84173,551.897,0.170342,-0.884545,0,0.0335668
0.395,0.155,31.8814,7.68072,-6.58897,540.762,0.170342,-0.884545,0,0.0335668
0.395,0.165,31.5916,7.63028,-6.33475,529.172,0.170342,-0.884545,0,0.0335668
0.395,0.175,31.3015,7.57344,-6.07927,517.158,0.170342,-0.884545,0,0.0335668
0.395,0.185,31.011,7.51023,-5.82274,504.749,0.170342,-0.884545,0,0.0335668
0.395,0.195,30.7199,7.44065,-5.56539,491.976,0.170342,-0.884545,0,0.0335668
0.395,0.205,30.4276,7.36475,-5.30745,478.868,0.170342,-0.884545,0,0.0335668
0.395,0.215,30.1333,7.28254,-5.04917,465.455,0.170342,-0.884545,0,0.0335668
0.395,0.225,29.8363,7.19405,-4.79077,451.769,0.170342,-0.884545,0,0.0335668
0.395,0.235,29.5481,7.0993,-4.53056,438.105,0.170342,-0.884545,0,0.0335668
0.395,0.245,29.2618,6.99905,-4.26969,424.367,0.170342,-0.884545,0,0.0335668
0.395,0.255,28.9673,6.89382,-4.00984,410.405,0.170342,-0.884545,0,0.0335668
0.395,0.265,28.6632,6.78386,-3.75129,396.254,0.170342,-0.884545,0,0.0335668
0.395,0.275,28.3477,6.66941,-3.4943,381.945,0.170342,-0.884545,0,0.0335668
0.395,0.285,28.0188,6.55071,-3.23911,367.512,0.170342,-0.884545,0,0.0335668
0.395,0.295,27.6746,6.42804,-2.98597,352.987,0.170342,-0.884545,0,0.0335668
0.395,0.305,27.3129,6.30165,-2.73509,338.41,0.170342,-0.884545,0,0.0335668
0.395,0.315,26.9321,6.17183,-2.48671,323.818,0.170342,-0.884545,0,0.0335668
0.395,0.325,26.5302,6.03888,-2.24104,309.252,0.170342,-0.884545,0,0.0335668
0.395,0.335,26.106,5.9031,-1.99829,294.757,0.170342,-0.884545,0,0.0335668
0.395,0.345,25.6582,5.76478,-1.75867,280.379,0.170342,-0.884545,0,0.0335668
0.395,0.355,25.1864,5.6242,-1.52238,266.168,0.170342,-0.884545,0,0.0335668
0.395,0.365,24.6906,5.48165,-1.28965,252.177,0.170342,-0.884545,0,0.0335668
0.395,0.375,24.1715,5.33737,-1.0607,238.461,0.170342,-0.884545,0,0.0335668
0.395,0.385,23.6308,5.19158,-0.835823,225.078,0.170342,-0.884545,0,0.0335668
0.395,0.395,23.071,5.04444,-0.615353,212.088,0.170342,-0.884545,0,0.0335668
0.395,0.405,22.496,4.89604,-0.399744,199.556,0.170342,-0.884545,0,0.0335668
0.395,0.415,21.9112,4.74633,-0.1896,187.548,0.170342,-0.884545,0,0.0335668
0.395,0.425,21.3395,4.58915,0.0146116,176.162,0.170342,-0.884545,0,0.0335668
0.395,0.435,20.7827,4.42285,0.212325,165.406,0.170342,-0.884545,0,0.0335668
0.395,0.445,20.2304,4.25439,0.401693,155.366,0.170342,-0.884545,0,0.0335668
0.395,0.455,19.7046,4.08309,0.57966,146.235,0.170342,-0.884545,0,0.0335668
0.395,0.465,19.2274,3.90781,0.742816,138.187,0.170342,-0.884545,0,0.0335668
0.395,0.475,18.8248,3.72645,0.887169,131.401,0.170342,-0.884545,0,0.0335668
0.395,0.485,18.5219,3.53636,1.00864,126.043,0.170342,-0.884545,0,0.0335668
0.395,0.495,18.3378,3.33444,1.10419,122.234,0.170342,-0.884545,0,0.0335668
0.395,0.505,18.2812,3.11641,1.17387,120.04,0.170342,-0.884545,0,0.0335668
0.395,0.515,18.2847,2.88667,1.22068,119.065,0.170342,-0.884545,0,0.0335668
0.395,0.525,18.1929,2.64671,1.24705,118.927,0.170342,-0.884545,0,0.0335668
0.395,0.535,17.6719,2.39034,1.25838,119.375,0.170342,-0.884545,0,0.0335668
0.395,0.545,16.1946,2.07209,1.26631,120.358,0.170342,-0.884545,0,0.0335668
0.395,0.555,13.4204,1.52136,1.30308,122.191,0.170342,-0.884545,0,0.0335668
0.395,0.565,10.005,0.307234,1.4472,125.287,0.170342,-0.884545,0,0.0335668
0.395,0.575,7.64724,-2.17881,1.7987,128.079,0.170342,-0.884545,0,0.0335668
0.395,0.585,7.15362,-5.81693,2.28692,126.282,0.170342,-0.884545,0,0.0335668
0.395,0.595,8.633,-9.3723,2.63747,119.928,0.170342,-0.884545,0,0.0335668
0.395,0.605,12.5243,-11.9165,2.74039,109.753,0.170342,-0.884545,0,0.0335668
0.395,0.615,19.989,-13.3812,2.72318,99.8396,0.170342,-0.884545,0,0.0335668
0.395,0.625,33.1235,-14.124,2.71752,95.5424,0.170342,-0.884545,0,0.0335668
0.395,0.635,54.2953,-14.4956,2.73649,96.0209,0.170342,-0.884545,0,0.0335668
0.395,0.645,84.6685,-14.6967,2.7385,96.3855,0.170342,-0.884545,0,0.0335668
0.395,0.655,123.134,-14.8148,2.71442,93.8246,0.170342,-0.884545,0,0.0335668
0.395,0.665,167.332,-14.8866,2.68309,89.9046,0.170342,-0.884545,0,0.0335668
0.395,0.675,215.803,-14.93,2.66448,88.1809,0.170342,-0.884545,0,0.0335668
0.395,0.685,268.678,-14.9557,2.66656,90.9309,0.170342,-0.884545,0,0.0335668
0.395,0.695,326.536,-14.9707,2.68625,98.2743,0.170342,-0.884545,0,0.0335668
0.395,0.705,389.162,-14.9798,2.71624,109.12,0.170342,-0.884545,0,0.0335668
0.395,0.715,455.249,-14.9856,2.75023,122.16,0.170342,-0.884545,0,0.0335668
0.395,0.725,522.788,-14.9895,2.78432,136.298,0.170342,-0.884545,0,0.0335668
0.395,0.735,589.567,-14.9922,2.81653,150.714,0.170342,-0.884545,0,0.0335668
0.395,0.745,653.537,-14.9943,2.84602,164.811,0.170342,-0.884545,0,0.0335668
0.395,0.755,713.02,-14.9958,2.87246,178.165,0.170342,-0.884545,0,0.0335668
0.395,0.765,766.796,-14.997,2.8958,190.478,0.170342,-0.884545,0,0.0335668
0.395,0.775,814.128,-14.9978,2.91611,201.557,0.170342,-0.884545,0,0.0335668
0.395,0.785,854.724,-14.9985,2.93352,211.295,0.170342,-0.884545,0,0.0335668
0.395,0.795,888.68,-14.9989,2.9482,219.661,0.170342,-0.884545,0,0.0335668
0.395,0.805,916.392,-14.9993,2.96036,226.685,0.170342,-0.884545,0,0.0335668
0.395,0.815,938.467,-14.9995,2.97024,232.446,0.170342,-0.884545,0,0.0335668
0.395,0.825,955.634,-14.9997,2.9781,237.061,0.170342,-0.884545,0,0.0335668
0.395,0.835,968.67,-14.9998,2.98423,240.668,0.170342,-0.884545,0,0.0335668
0.395,0.845,978.336,-14.9999,2.98888,243.418,0.170342,-0.884545,0,0.0335668
0.395,0.855,985.334,-14.9999,2.99234,245.462,0.170342,-0.884545,0,0.0335668
0.395,0.865,990.283,-15,2.99484,246.943,0.170342,-0.884545,0,0.0335668
0.395,0.875,993.699,-15,2.9966,247.988,0.170342,-0.884545,0,0.0335668
0.395,0.885,996.001,-15,2.99781,248.706,0.170342,-0.884545,0,0.0335668
0.395,0.895,997.517,-15,2.99863,249.187,0.170342,-0.884545,0,0.0335668
0.395,0.905,998.491,-15,2.99916,249.501,0.170342,-0.884545,0,0.0335668
0.395,0.915,999.103,-15,2.99949,249.701,0.170342,-0.884545,0,0.0335668
0.395,0.925,999.478,-15,2.9997,249.825,0.170342,-0.884545,0,0.0335668
0.395,0.935,999.703,-15,2.99983,249.899,0.170342,-0.884545,0,0.0335668
0.395,0.945,999.834,-15,2.9999,249.944,0.170342,-0.884545,0,0.0335668
0.395,0.955,999.91,-15,2.99995,249.969,0.170342,-0.884545,0,0.0335668
0.395,0.965,999.952,-15,2.99997,249.983,0.170342,-0.884545,0,0.0335668
0.395,0.975,999.975,-15,2.99999,249.991,0.170342,-0.884545,0,0.0335668
0.395,0.985,999.987,-15,2.99999,249.996,0.170342,-0.884545,0,0.0335668
0.395,0.995,999.993,-15,3,249.998,0.170342,-0.884545,0,0.0335668
0.405,0.005,34.2917,7.7994,-10.0479,610.799,0.137018,-0.772657,0,0.0247485
0.405,0.015,34.137,7.8312,-9.82999,608.8,0.137018,-0.772657,0,0.0247485
0.405,0.025,33.9652,7.85912,-9.60935,606.117,0.137018,-0.772657,0,0.0247485
0.405,0.035,33.7776,7.88282,-9.38591,602.75,0.137018,-0.772657,0,0.0247485
0.405,0.045,33.5755,7.90199,-9.15965,598.701,0.137018,-0.772657,0,0.0247485
0.405,0.055,33.3602,7.91637,-8.93059,593.97,0.137018,-0.772657,0,0.0247485
0.405,0.065,33.1329,7.92568,-8.69878,588.563,0.137018,-0.772657,0,0.0247485
0.405,0.075,32.8949,7.9297,-8.46427,582.491,0.137018,-0.772657,0,0.0247485
0.405,0.085,32.6474,7.92823,-8.22717,575.766,0.137018,-0.772657,0,0.0247485
0.405,0.095,32.3917,7.92109,-7.98758,568.407,0.137018,-0.772657,0,0.0247485
0.405,0.105,32.1292,7.90812,-7.74561,560.437,0.137018,-0.772657,0,0.0247485
0.405,0.115,31.861,7.88919,-7.50138,551.881,0.137018,-0.772657,0,0.0247485
0.405,0.125,31.5881,7.86418,-7.25506,542.765,0.137018,-0.772657,0,0.0247485
0.405,0.135,31.3116,7.83301,-7.00678,533.119,0.137018,-0.772657,0,0.0247485
0.405,0.145,31.0323,7.79561,-6.75673,522.971,0.137018,-0.772657,0,0.0247485
0.405,0.155,30.7507,7.75192,-6.50508,512.353,0.137018,-0.772657,0,0.0247485
0.405,0.165,30.4672,7.70192,-6.25203,501.293,0.137018,-0.772657,0,0.0247485
0.405,0.175,30.1821,7.6456,-5.99779,489.821,0.137018,-0.772657,0,0.0247485
0.405,0.185,29.8951,7.58297,-5.74256,477.968,0.137018,-0.772657,0,0.0247485
0.405,0.195,29.6062,7.51404,-5.48659,465.763,0.137018,-0.772657,0,0.0247485
0.405,0.205,29.3147,7.43885,-5.2301,453.234,0.137018,-0.772657,0,0.0247485
0.405,0.215,29.0201,7.35742,-4.97333,440.413,0.137018,-0.772657,0,0.0247485
0.405,0.225,28.7222,7.26978,-4.71642,427.345,0.137018,-0.772657,0,0.0247485
0.405,0.235,28.4337,7.176,-4.45749,414.338,0.137018,-0.772657,0,0.0247485
0.405,0.245,28.1432,7.0769,-4.19842,401.207,0.137018,-0.772657,0,0.0247485
0.405,0.255,27.844,6.9729,-3.94044,387.87,0.137018,-0.772657,0,0.0247485
0.405,0.265,27.5349,6.86425,-3.68381,374.359,0.137018,-0.772657,0,0.0247485
0.405,0.275,27.2141,6.75118,-3.42879,360.708,0.137018,-0.772657,0,0.0247485
0.405,0.285,26.8802,6.63395,-3.17562,346.949,0.137018,-0.772657,0,0.0247485
0.405,0.295,26.5312,6.51282,-2.92452,333.117,0.137018,-0.772657,0,0.0247485
0.405,0.305,26.1657,6.38807,-2.67571,319.249,0.137018,-0.772657,0,0.0247485
0.405,0.315,25.7821,6.25996,-2.42942,305.383,0.137018,-0.772657,0,0.0247485
0.405,0.325,25.379,6.1288,-2.18584,291.56,0.137018,-0.772657,0,0.0247485
0.405,0.335,24.9552,5.99487,-1.94519,277.822,0.137018,-0.772657,0,0.0247485
0.405,0.345,24.5101,5.85846,-1.70767,264.215,0.137018,-0.772657,0,0.0247485
0.405,0.355,24.0433,5.71985,-1.47349,250.785,0.137018,-0.772657,0,0.0247485
0.405,0.365,23.5552,5.57931,-1.24287,237.581,0.137018,-0.772657,0,0.0247485
0.405,0.375,23.0467,5.43705,-1.01606,224.656,0.137018,-0.772657,0,0.0247485
0.405,0.385,22.5196,5.29329,-0.793359,212.064,0.137018,-0.772657,0,0.0247485
0.405,0.395,21.9767,5.14815,-0.575138,199.862,0.137018,-0.772657,0,0.0247485
0.405,0.405,21.422,5.00171,-0.361894,188.108,0.137018,-0.772657,0,0.0247485
0.405,0.415,20.8609,4.85382,-0.154281,176.868,0.137018,-0.772657,0,0.0247485
0.405,0.425,20.3201,4.69638,0.0472392,166.241,0.137018,-0.772657,0,0.0247485
0.405,0.435,19.7899,4.53196,0.241842,156.213,0.137018,-0.772657,0,0.0247485
0.405,0.445,19.2704,4.3651,0.42735,146.907,0.137018,-0.772657,0,0.0247485
0.405,0.455,18.7828,4.19492,0.600573,138.503,0.137018,-0.772657,0,0.0247485
0.405,0.465,18.3486,4.02031,0.757941,131.167,0.137018,-0.772657,0,0.0247485
0.405,0.475,17.9921,3.83915,0.895379,125.067,0.137018,-0.772657,0,0.0247485
0.405,0.485,17.7356,3.64884,1.00888,120.349,0.137018,-0.772657,0,0.0247485
0.405,0.495,17.593,3.44652,1.09578,117.094,0.137018,-0.772657,0,0.0247485
0.405,0.505,17.5602,3.22906,1.15649,115.272,0.137018,-0.772657,0,0.0247485
0.405,0.515,17.5934,2.99502,1.19518,114.748,0.137018,-0.772657,0,0.0247485
0.405,0.525,17.4998,2.75233,1.21663,114.932,0.137018,-0.772657,0,0.0247485
0.405,0.535,16.9234,2.49166,1.22511,115.629,0.137018,-0.772657,0,0.0247485
0.405,0.545,15.33,2.1552,1.23386,116.837,0.137018,-0.772657,0,0.0247485
0.405,0.555,12.4694,1.54093,1.28106,118.918,0.137018,-0.772657,0,0.0247485
0.405,0.565,9.1922,0.174753,1.45368,122.107,0.137018,-0.772657,0,0.0247485
0.405,0.575,7.1702,-2.50091,1.83676,124.277,0.137018,-0.772657,0,0.0247485
0.405,0.585,6.92682,-6.17608,2.31287,121.689,0.137018,-0.772657,0,0.0247485
0.405,0.595,8.52723,-9.62229,2.61733,114.982,0.137018,-0.772657,0,0.0247485
0.405,0.605,12.4442,-12.0469,2.69326,105.079,0.137018,-0.772657,0,0.0247485
0.405,0.615,19.9011,-13.4347,2.68551,96.4509,0.137018,-0.772657,0,0.0247485
0.405,0.625,33.103,-14.1407,2.70292,93.9924,0.137018,-0.772657,0,0.0247485
0.405,0.635,54.4639,-14.4995,2.73586,95.8049,0.137018,-0.772657,0,0.0247485
0.405,0.645,85.0333,-14.6977,2.74074,96.5462,0.137018,-0.772657,0,0.0247485
0.405,0.655,123.522,-14.8156,2.71467,93.6938,0.137018,-0.772657,0,0.0247485
0.405,0.665,167.52,-14.8876,2.68108,89.3732,0.137018,-0.772657,0,0.0247485
0.405,0.675,215.705,-14.9309,2.66164,87.4859,0.137018,-0.772657,0,0.0247485
0.405,0.685,268.378,-14.9563,2.66412,90.3132,0.137018,-0.772657,0,0.0247485
0.405,0.695,326.182,-14.9711,2.68462,97.8323,0.137018,-0.772657,0,0.0247485
0.405,0.705,388.86,-14.98,2.71532,108.845,0.137018,-0.772657,0,0.0247485
0.405,0.715,455.036,-14.9857,2.74976,122.004,0.137018,-0.772657,0,0.0247485
0.405,0.725,522.656,-14.9895,2.78409,136.216,0.137018,-0.772657,0,0.0247485
0.405,0.735,589.493,-14.9923,2.81643,150.673,0.137018,-0.772657,0,0.0247485
0.405,0.745,653.499,-14.9943,2.84597,164.792,0.137018,-0.772657,0,0.0247485
0.405,0.755,713.001,-14.9958,2.87244,178.157,0.137018,-0.772657,0,0.0247485
0.405,0.765,766.788,-14.997,2.89579,190.475,0.137018,-0.772657,0,0.0247485
0.405,0.775,814.124,-14.9978,2.91611,201.555,0.137018,-0.772657,0,0.0247485
0.405,0.785,854.722,-14.9985,2.93351,211.294,0.137018,-0.772657,0,0.0247485
0.405,0.795,888.679,-14.9989,2.94819,219.66,0.137018,-0.772657,0,0.0247485
0.405,0.805,916.392,-14.9993,2.96036,226.685,0.137018,-0.772657,0,0.0247485
0.405,0.815,938.466,-14.9995,2.97024,232.446,0.137018,-0.772657,0,0.0247485
0.405,0.825,955.634,-14.9997,2.9781,237.061,0.137018,-0.772657,0,0.0247485
0.405,0.835,968.67,-14.9998,2.98423,240.668,0.137018,-0.772657,0,0.0247485
0.405,0.845,978.336,-14.9999,2.98888,243.418,0.137018,-0.772657,0,0.0247485
0.405,0.855,985.334,-14.9999,2.99234,245.462,0.137018,-0.772657,0,0.0247485
0.405,0.865,990.283,-15,2.99484,246.943,0.137018,-0.772657,0,0.0247485
0.405,0.875,993.699,-15,2.9966,247.988,0.137018,-0.772657,0,0.0247485
0.405,0.885,996.001,-15,2.99781,248.706,0.137018,-0.772657,0,0.0247485
0.405,0.895,997.517,-15,2.99863,249.187,0.137018,-0.772657,0,0.0247485
0.405,0.905,998.491,-15,2.99916,249.501,0.137018,-0.772657,0,0.0247485
0.405,0.915,999.103,-15,2.99949,249.701,0.137018,-0.772657,0,0.0247485
0.405,0.925,999.478,-15,2.9997,249.825,0.137018,-0.772657,0,0.0247485
0.405,0.935,999.703,-15,2.99983,249.899,0.137018,-0.772657,0,0.0247485
0.405,0.945,999.834,-15,2.9999,249.944,0.137018,-0.772657,0,0.0247485
0.405,0.955,999.91,-15,2.99995,249.969,0.137018,-0.772657,0,0.0247485
0.405,0.965,999.952,-15,2.99997,249.983,0.137018,-0.772657,0,0.0247485
0.405,0.975,999.975,-15,2.99999,249.991,0.137018,-0.772657,0,0.0247485
0.405,0.985,999.987,-15,2.99999,249.996,0.137018,-0.772657,0,0.0247485
0.405,0.995,999.993,-15,3,249.998,0.137018,-0.772657,0,0.0247485
0.415,0.005,33.0759,7.87937,-9.95642,580.272,0.109127,-0.66077,0,0.0179955
0.415,0.015,32.9242,7.90932,-9.73836,578.168,0.109127,-0.66077,0,0.0179955
0.415,0.025,32.7566,7.93554,-9.51772,575.431,0.109127,-0.66077,0,0.0179955
0.415,0.035,32.5745,7.95771,-9.29441,572.063,0.109127,-0.66077,0,0.0179955
0.415,0.045,32.3791,7.97554,-9.06842,568.068,0.109127,-0.66077,0,0.0179955
0.415,0.055,32.1715,7.98875,-8.83974,563.445,0.109127,-0.66077,0,0.0179955
0.415,0.065,31.9527,7.99709,-8.60841,558.201,0.109127,-0.66077,0,0.0179955
0.415,0.075,31.7239,8.00031,-8.37449,552.342,0.109127,-0.66077,0,0.0179955
0.415,0.085,31.486,7.99821,-8.13806,545.878,0.109127,-0.66077,0,0.0179955
0.415,0.095,31.2402,7.99059,-7.89922,538.824,0.109127,-0.66077,0,0.0179955
0.415,0.105,30.9874,7.9773,-7.65807,531.198,0.109127,-0.66077,0,0.0179955
0.415,0.115,30.7287,7.95818,-7.41476,523.02,0.109127,-0.66077,0,0.0179955
0.415,0.125,30.4649,7.93312,-7.16941,514.313,0.109127,-0.66077,0,0.0179955
0.415,0.135,30.1967,7.902,-6.92218,505.102,0.109127,-0.66077,0,0.0179955
0.415,0.145,29.9249,7.86477,-6.67324,495.414,0.109127,-0.66077,0,0.0179955
0.415,0.155,29.6498,7.82136,-6.42278,485.276,0.109127,-0.66077,0,0.0179955
0.415,0.165,29.3719,7.77173,-6.17098,474.715,0.109127,-0.66077,0,0.0179955
0.415,0.175,29.0911,7.71588,-5.91806,463.76,0.109127,-0.66077,0,0.0179955
0.415,0.185,28.8075,7.6538,-5.66422,452.44,0.109127,-0.66077,0,0.0179955
0.415,0.195,28.5208,7.58552,-5.40971,440.782,0.109127,-0.66077,0,0.0179955
0.415,0.205,28.2306,7.51107,-5.15475,428.816,0.109127,-0.66077,0,0.0179955
0.415,0.215,27.9362,7.43046,-4.89958,416.572,0.109127,-0.66077,0,0.0179955
0.415,0.225,27.6388,7.34372,-4.64416,404.117,0.109127,-0.66077,0,0.0179955
0.415,0.235,27.3502,7.25101,-4.38666,391.739,0.109127,-0.66077,0,0.0179955
0.415,0.245,27.057,7.15314,-4.12946,379.207,0.109127,-0.66077,0,0.0179955
0.415,0.255,26.7547,7.05046,-3.87338,366.484,0.109127,-0.66077,0,0.0179955
0.415,0.265,26.4422,6.94321,-3.61871,353.604,0.109127,-0.66077,0,0.0179955
0.415,0.275,26.1182,6.83162,-3.36567,340.599,0.109127,-0.66077,0,0.0179955
0.415,0.285,25.7812,6.71596,-3.11452,327.503,0.109127,-0.66077,0,0.0179955
0.415,0.295,25.4298,6.59647,-2.86546,314.35,0.109127,-0.66077,0,0.0179955
0.415,0.305,25.0626,6.47344,-2.61871,301.175,0.109127,-0.66077,0,0.0179955
0.415,0.315,24.6784,6.34714,-2.37448,288.018,0.109127,-0.66077,0,0.0179955
0.415,0.325,24.2761,6.21784,-2.13298,274.916,0.109127,-0.66077,0,0.0179955
0.415,0.335,23.8549,6.08583,-1.89439,261.911,0.109127,-0.66077,0,0.0179955
0.415,0.345,23.4143,5.9514,-1.65894,249.045,0.109127,-0.66077,0,0.0179955
0.415,0.355,22.9543,5.81481,-1.42683,236.363,0.109127,-0.66077,0,0.0179955
0.415,0.365,22.4755,5.67629,-1.19829,223.912,0.109127,-0.66077,0,0.0179955
0.415,0.375,21.9789,5.53608,-0.973589,211.741,0.109127,-0.66077,0,0.0179955
0.415,0.385,21.4665,5.39434,-0.75304,199.9,0.109127,-0.66077,0,0.0179955
0.415,0.395,20.9413,5.25119,-0.537056,188.442,0.109127,-0.66077,0,0.0179955
0.415,0.405,20.4072,5.10667,-0.326174,177.425,0.109127,-0.66077,0,0.0179955
0.415,0.415,19.871,4.96023,-0.1211,166.912,0.109127,-0.66077,0,0.0179955
0.415,0.425,19.3587,4.80296,0.0776685,156.993,0.109127,-0.66077,0,0.0179955
0.415,0.435,18.8558,4.64029,0.269044,147.658,0.109127,-0.66077,0,0.0179955
0.415,0.445,18.3692,4.47488,0.450539,139.047,0.109127,-0.66077,0,0.0179955
0.415,0.455,17.9195,4.30567,0.618842,131.331,0.109127,-0.66077,0,0.0179955
0.415,0.465,17.5275,4.13151,0.77023,124.671,0.109127,-0.66077,0,0.0179955
0.415,0.475,17.2162,3.95026,0.900583,119.223,0.109127,-0.66077,0,0.0179955
0.415,0.485,17.0051,3.75938,1.00607,115.114,0.109127,-0.66077,0,0.0179955
0.415,0.495,16.9033,3.55617,1.08448,112.391,0.109127,-0.66077,0,0.0179955
0.415,0.505,16.9002,3.33792,1.13668,110.98,0.109127,-0.66077,0,0.0179955
0.415,0.515,16.9442,3.10228,1.16755,110.734,0.109127,-0.66077,0,0.0179955
0.415,0.525,16.8401,2.85632,1.18351,111.194,0.109127,-0.66077,0,0.0179955
0.415,0.535,16.1936,2.5901,1.18926,112.095,0.109127,-0.66077,0,0.0179955
0.415,0.545,14.4714,2.23028,1.19994,113.51,0.109127,-0.66077,0,0.0179955
0.415,0.555,11.5392,1.53895,1.2608,115.822,0.109127,-0.66077,0,0.0179955
0.415,0.565,8.44431,0.00478118,1.46594,118.998,0.109127,-0.66077,0,0.0179955
0.415,0.575,6.75576,-2.84522,1.87615,120.41,0.109127,-0.66077,0,0.0179955
0.415,0.585,6.7326,-6.52308,2.32975,117.144,0.109127,-0.66077,0,0.0179955
0.415,0.595,8.42857,-9.85151,2.58781,110.21,0.109127,-0.66077,0,0.0179955
0.415,0.605,12.3574,-12.1624,2.64352,100.748,0.109127,-0.66077,0,0.0179955
0.415,0.615,19.8131,-13.4797,2.65091,93.5581,0.109127,-0.66077,0,0.0179955
0.415,0.625,33.106,-14.1534,2.69232,92.9124,0.109127,-0.66077,0,0.0179955
0.415,0.635,54.6745,-14.502,2.73758,95.8974,0.109127,-0.66077,0,0.0179955
0.415,0.645,85.4354,-14.6983,2.74383,96.8362,0.109127,-0.66077,0,0.0179955
0.415,0.655,123.921,-14.8165,2.71496,93.5683,0.109127,-0.66077,0,0.0179955
0.415,0.665,167.691,-14.8887,2.67886,88.8024,0.109127,-0.66077,0,0.0179955
0.415,0.675,215.578,-14.9318,2.65864,86.761,0.109127,-0.66077,0,0.0179955
0.415,0.685,268.058,-14.9569,2.66163,89.688,0.109127,-0.66077,0,0.0179955
0.415,0.695,325.825,-14.9715,2.68301,97.3969,0.109127,-0.66077,0,0.0179955
0.415,0.705,388.565,-14.9802,2.71443,108.58,0.109127,-0.66077,0,0.0179955
0.415,0.715,454.833,-14.9858,2.74931,121.858,0.109127,-0.66077,0,0.0179955
0.415,0.725,522.534,-14.9896,2.78389,136.141,0.109127,-0.66077,0,0.0179955
0.415,0.735,589.425,-14.9923,2.81634,150.637,0.109127,-0.66077,0,0.0179955
0.415,0.745,653.465,-14.9943,2.84593,164.775,0.109127,-0.66077,0,0.0179955
0.415,0.755,712.985,-14.9958,2.87242,178.149,0.109127,-0.66077,0,0.0179955
0.415,0.765,766.78,-14.997,2.89579,190.471,0.109127,-0.66077,0,0.0179955
0.415,0.775,814.121,-14.9978,2.9161,201.554,0.109127,-0.66077,0,0.0179955
0.415,0.785,854.721,-14.9985,2.93351,211.294,0.109127,-0.66077,0,0.0179955
0.415,0.795,888.679,-14.9989,2.94819,219.66,0.109127,-0.66077,0,0.0179955
0.415,0.805,916.391,-14.9993,2.96036,226.685,0.109127,-0.66077,0,0.0179955
0.415,0.815,938.466,-14.9995,2.97024,232.446,0.109127,-0.66077,0,0.0179955
0.415,0.825,955.634,-14.9997,2.9781,237.061,0.109127,-0.66077,0,0.0179955
0.415,0.835,968.67,-14.9998,2.98423,240.668,0.109127,-0.66077,0,0.0179955
0.415,0.845,978.336,-14.9999,2.98888,243.418,0.109127,-0.66077,0,0.0179955
0.415,0.855,985.334,-14.9999,2.99234,245.462,0.109127,-0.66077,0,0.0179955
0.415,0.865,990.282,-15,2.99484,246.943,0.109127,-0.66077,0,0.0179955
0.415,0.875,993.699,-15,2.9966,247.988,0.109127,-0.66077,0,0.0179955
0.415,0.885,996.001,-15,2.99781,248.706,0.109127,-0.66077,0,0.0179955
0.415,0.895,997.517,-15,2.99863,249.187,0.109127,-0.66077,0,0.0179955
0.415,0.905,998.491,-15,2.99916,249.501,0.109127,-0.66077,0,0.0179955
0.415,0.915,999.103,-15,2.99949,249.701,0.109127,-0.66077,0,0.0179955
0.415,0.925,999.478,-15,2.9997,249.825,0.109127,-0.66077,0,0.0179955
0.415,0.935,999.703,-15,2.99983,249.899,0.109127,-0.66077,0,0.0179955
0.415,0.945,999.834,-15,2.9999,249.944,0.109127,-0.66077,0,0.0179955
0.415,0.955,999.91,-15,2.99995,249.969,0.109127,-0.66077,0,0.0179955
0.415,0.965,999.952,-15,2.99997,249.983,0.109127,-0.66077,0,0.0179955
0.415,0.975,999.975,-15,2.99999,249.991,0.109127,-0.66077,0,0.0179955
0.415,0.985,999.987,-15,2.99999,249.996,0.109127,-0.66077,0,0.0179955
0.415,0.995,999.993,-15,3,249.998,0.109127,-0.66077,0,0.0179955
0.425,0.005,31.9144,7.96,-9.8668,551.505,0.0859743,-0.548882,0,0.0128877
0.425,0.015,31.7653,7.98809,-9.64856,549.308,0.0859743,-0.548882,0,0.0128877
0.425,0.025,31.6012,8.01257,-9.42787,546.519,0.0859743,-0.548882,0,0.0128877
0.425,0.035,31.4234,8.03314,-9.20466,543.143,0.0859743,-0.548882,0,0.0128877
0.425,0.045,31.2332,8.04952,-8.97889,539.184,0.0859743,-0.548882,0,0.0128877
0.425,0.055,31.0315,8.06144,-8.75054,534.646,0.0859743,-0.548882,0,0.0128877
0.425,0.065,30.8195,8.06864,-8.51966,529.533,0.0859743,-0.548882,0,0.0128877
0.425,0.075,30.5979,8.0709,-8.2863,523.851,0.0859743,-0.548882,0,0.0128877
0.425,0.085,30.3676,8.06799,-8.05052,517.608,0.0859743,-0.548882,0,0.0128877
0.425,0.095,30.1297,8.05973,-7.81242,510.817,0.0859743,-0.548882,0,0.0128877
0.425,0.105,29.8848,8.04594,-7.57212,503.492,0.0859743,-0.548882,0,0.0128877
0.425,0.115,29.6338,8.02647,-7.32972,495.65,0.0859743,-0.548882,0,0.0128877
0.425,0.125,29.3774,8.0012,-7.08537,487.312,0.0859743,-0.548882,0,0.0128877
0.425,0.135,29.1161,7.97002,-6.83923,478.499,0.0859743,-0.548882,0,0.0128877
0.425,0.145,28.8506,7.93284,-6.59145,469.235,0.0859743,-0.548882,0,0.0128877
0.425,0.155,28.5812,7.88961,-6.34222,459.544,0.0859743,-0.548882,0,0.0128877
0.425,0.165,28.308,7.84029,-6.09174,449.453,0.0859743,-0.548882,0,0.0128877
0.425,0.175,28.0313,7.78486,-5.84019,438.988,0.0859743,-0.548882,0,0.0128877
0.425,0.185,27.7508,7.72331,-5.58781,428.175,0.0859743,-0.548882,0,0.0128877
0.425,0.195,27.4664,7.65567,-5.33482,417.043,0.0859743,-0.548882,0,0.0128877
0.425,0.205,27.1777,7.58195,-5.08144,405.62,0.0859743,-0.548882,0,0.0128877
0.425,0.215,26.8841,7.50219,-4.82793,393.935,0.0859743,-0.548882,0,0.0128877
0.425,0.225,26.5881,7.41639,-4.57399,382.082,0.0859743,-0.548882,0,0.0128877
0.425,0.235,26.2999,7.32481,-4.31807,370.303,0.0859743,-0.548882,0,0.0128877
0.425,0.245,26.0051,7.22822,-4.06275,358.354,0.0859743,-0.548882,0,0.0128877
0.425,0.255,25.701,7.12692,-3.80861,346.232,0.0859743,-0.548882,0,0.0128877
0.425,0.265,25.3867,7.02113,-3.5559,333.968,0.0859743,-0.548882,0,0.0128877
0.425,0.275,25.0609,6.91109,-3.30487,321.594,0.0859743,-0.548882,0,0.0128877
0.425,0.285,24.7226,6.79706,-3.05573,309.144,0.0859743,-0.548882,0,0.0128877
0.425,0.295,24.3704,6.67929,-2.8087,296.65,0.0859743,-0.548882,0,0.0128877
0.425,0.305,24.0034,6.55804,-2.56399,284.148,0.0859743,-0.548882,0,0.0128877
0.425,0.315,23.6204,6.4336,-2.32181,271.674,0.0859743,-0.548882,0,0.0128877
0.425,0.325,23.2207,6.30622,-2.08234,259.268,0.0859743,-0.548882,0,0.0128877
0.425,0.335,22.8037,6.17618,-1.8458,246.966,0.0859743,-0.548882,0,0.0128877
0.425,0.345,22.3692,6.04376,-1.61238,234.811,0.0859743,-0.548882,0,0.0128877
0.425,0.355,21.9174,5.9092,-1.38231,222.844,0.0859743,-0.548882,0,0.0128877
0.425,0.365,21.4489,5.77273,-1.15582,211.11,0.0859743,-0.548882,0,0.0128877
0.425,0.375,20.9652,5.63456,-0.933198,199.653,0.0859743,-0.548882,0,0.0128877
0.425,0.385,20.4682,5.49483,-0.714787,188.523,0.0859743,-0.548882,0,0.0128877
0.425,0.395,19.9611,5.35364,-0.501033,177.769,0.0859743,-0.548882,0,0.0128877
0.425,0.405,19.448,5.211,-0.292524,167.447,0.0859743,-0.548882,0,0.0128877
0.425,0.415,18.9369,5.0657,-0.0900087,157.62,0.0859743,-0.548882,0,0.0128877
0.425,0.425,18.4517,4.90893,0.105929,148.365,0.0859743,-0.548882,0,0.0128877
0.425,0.435,17.9765,4.74788,0.29393,139.688,0.0859743,-0.548882,0,0.0128877
0.425,0.445,17.5227,4.58376,0.471241,131.737,0.0859743,-0.548882,0,0.0128877
0.425,0.455,17.1103,4.41534,0.634416,124.674,0.0859743,-0.548882,0,0.0128877
0.425,0.465,16.76,4.24139,0.779591,118.656,0.0859743,-0.548882,0,0.0128877
0.425,0.475,16.4929,4.05977,0.902646,113.828,0.0859743,-0.548882,0,0.0128877
0.425,0.485,16.3261,3.86794,1,110.299,0.0859743,-0.548882,0,0.0128877
0.425,0.495,16.2641,3.66338,1.07004,108.084,0.0859743,-0.548882,0,0.0128877
0.425,0.505,16.2898,3.44372,1.11437,107.068,0.0859743,-0.548882,0,0.0128877
0.425,0.515,16.3361,3.20804,1.13809,107.024,0.0859743,-0.548882,0,0.0128877
0.425,0.525,16.2122,2.95826,1.14809,107.719,0.0859743,-0.548882,0,0.0128877
0.425,0.535,15.4791,2.68469,1.15146,108.787,0.0859743,-0.548882,0,0.0128877
0.425,0.545,13.6164,2.29496,1.1656,110.385,0.0859743,-0.548882,0,0.0128877
0.425,0.555,10.6357,1.51096,1.24388,112.902,0.0859743,-0.548882,0,0.0128877
0.425,0.565,7.77321,-0.204136,1.48455,115.928,0.0859743,-0.548882,0,0.0128877
0.425,0.575,6.39984,-3.20465,1.91487,116.49,0.0859743,-0.548882,0,0.0128877
0.425,0.585,6.56618,-6.85284,2.33637,112.687,0.0859743,-0.548882,0,0.0128877
0.425,0.595,8.33425,-10.0592,2.54981,105.654,0.0859743,-0.548882,0,0.0128877
0.425,0.605,12.2649,-12.2634,2.59255,96.8008,0.0859743,-0.548882,0,0.0128877
0.425,0.615,19.7298,-13.5164,2.62016,91.1705,0.0859743,-0.548882,0,0.0128877
0.425,0.625,33.137,-14.1623,2.68577,92.2793,0.0859743,-0.548882,0,0.0128877
0.425,0.635,54.9281,-14.5031,2.74147,96.2663,0.0859743,-0.548882,0,0.0128877
0.425,0.645,85.8719,-14.6986,2.74757,97.2265,0.0859743,-0.548882,0,0.0128877
0.425,0.655,124.326,-14.8173,2.71518,93.4278,0.0859743,-0.548882,0,0.0128877
0.425,0.665,167.839,-14.8898,2.67639,88.183,0.0859743,-0.548882,0,0.0128877
0.425,0.675,215.421,-14.9328,2.65547,86.0048,0.0859743,-0.548882,0,0.0128877
0.425,0.685,267.72,-14.9575,2.65909,89.0569,0.0859743,-0.548882,0,0.0128877
0.425,0.695,325.464,-14.9718,2.68142,96.9695,0.0859743,-0.548882,0,0.0128877
0.425,0.705,388.276,-14.9804,2.71357,108.326,0.0859743,-0.548882,0,0.0128877
0.425,0.715,454.64,-14.9859,2.7489,121.721,0.0859743,-0.548882,0,0.0128877
0.425,0.725,522.42,-14.9896,2.7837,136.072,0.0859743,-0.548882,0,0.0128877
0.425,0.735,589.364,-14.9923,2.81626,150.604,0.0859743,-0.548882,0,0.0128877
0.425,0.745,653.434,-14.9943,2.8459,164.761,0.0859743,-0.548882,0,0.0128877
0.425,0.755,712.971,-14.9958,2.87241,178.143,0.0859743,-0.548882,0,0.0128877
0.425,0.765,766.774,-14.997,2.89578,190.469,0.0859743,-0.548882,0,0.0128877
0.425,0.775,814.118,-14.9978,2.9161,201.553,0.0859743,-0.548882,0,0.0128877
0.425,0.785,854.72,-14.9985,2.93351,211.293,0.0859743,-0.548882,0,0.0128877
0.425,0.795,888.678,-14.9989,2.94819,219.66,0.0859743,-0.548882,0,0.0128877
0.425,0.805,916.391,-14.9993,2.96036,226.685,0.0859743,-0.548882,0,0.0128877
0.425,0.815,938.466,-14.9995,2.97024,232.446,0.0859743,-0.548882,0,0.0128877
0.425,0.825,955.634,-14.9997,2.9781,237.061,0.0859743,-0.548882,0,0.0128877
0.425,0.835,968.67,-14.9998,2.98423,240.668,0.0859743,-0.548882,0,0.0128877
0.425,0.845,978.336,-14.9999,2.98888,243.418,0.0859743,-0.548882,0,0.0128877
0.425,0.855,985.334,-14.9999,2.99234,245.462,0.0859743,-0.548882,0,0.0128877
0.425,0.865,990.282,-15,2.99484,246.943,0.0859743,-0.548882,0,0.0128877
0.425,0.875,993.699,-15,2.9966,247.988,0.0859743,-0.548882,0,0.0128877
0.425,0.885,996.001,-15,2.99781,248.706,0.0859743,-0.548882,0,0.0128877
0.425,0.895,997.517,-15,2.99863,249.187,0.0859743,-0.548882,0,0.0128877
0.425,0.905,998.491,-15,2.99916,249.501,0.0859743,-0.548882,0,0.0128877
0.425,0.915,999.103,-15,2.99949,249.701,0.0859743,-0.548882,0,0.0128877
0.425,0.925,999.478,-15,2.9997,249.825,0.0859743,-0.548882,0,0.0128877
0.425,0.935,999.703,-15,2.99983,249.899,0.0859743,-0.548882,0,0.0128877
0.425,0.945,999.834,-15,2.9999,249.944,0.0859743,-0.548882,0,0.0128877
0.425,0.955,999.91,-15,2.99995,249.969,0.0859743,-0.548882,0,0.0128877
0.425,0.965,999.952,-15,2.99997,249.983,0.0859743,-0.548882,0,0.0128877
0.425,0.975,999.975,-15,2.99999,249.991,0.0859743,-0.548882,0,0.0128877
0.425,0.985,999.987,-15,2.99999,249.996,0.0859743,-0.548882,0,0.0128877
0.425,0.995,999.993,-15,3,249.998,0.0859743,-0.548882,0,0.0128877
0.435,0.005,30.8015,8.04095,-9.77901,524.322,0.0669297,-0.436994,0,0.00907666
0.435,0.015,30.655,8.06723,-9.56059,522.053,0.0669297,-0.436994,0,0.00907666
0.435,0.025,30.494,8.08999,-9.33986,519.224,0.0669297,-0.436994,0,0.00907666
0.435,0.035,30.32,8.10896,-9.11673,515.844,0.0669297,-0.436994,0,0.00907666
0.435,0.045,30.1342,8.12385,-8.89116,511.919,0.0669297,-0.436994,0,0.00907666
0.435,0.055,29.9375,8.13441,-8.66314,507.454,0.0669297,-0.436994,0,0.00907666
0.435,0.065,29.7309,8.1404,-8.43269,502.456,0.0669297,-0.436994,0,0.00907666
0.435,0.075,29.5152,8.14159,-8.19987,496.929,0.0669297,-0.436994,0,0.00907666
0.435,0.085,29.2912,8.13776,-7.96473,490.881,0.0669297,-0.436994,0,0.00907666
0.435,0.095,29.0596,8.12873,-7.72738,484.324,0.0669297,-0.436994,0,0.00907666
0.435,0.105,28.8212,8.11433,-7.48791,477.269,0.0669297,-0.436994,0,0.00907666
0.435,0.115,28.5765,8.0944,-7.24645,469.732,0.0669297,-0.436994,0,0.00907666
0.435,0.125,28.3262,8.06882,-7.00312,461.73,0.0669297,-0.436994,0,0.00907666
0.435,0.135,28.0708,8.03746,-6.75808,453.283,0.0669297,-0.436994,0,0.00907666
0.435,0.145,27.8107,8.00026,-6.51149,444.413,0.0669297,-0.436994,0,0.00907666
0.435,0.155,27.546,7.95714,-6.26354,435.141,0.0669297,-0.436994,0,0.00907666
0.435,0.165,27.2771,7.90805,-6.0144,425.492,0.0669297,-0.436994,0,0.00907666
0.435,0.175,27.004,7.85299,-5.76428,415.49,0.0669297,-0.436994,0,0.00907666
0.435,0.185,26.7265,7.79194,-5.51339,405.161,0.0669297,-0.436994,0,0.00907666
0.435,0.195,26.4444,7.72492,-5.26196,394.532,0.0669297,-0.436994,0,0.00907666
0.435,0.205,26.1574,7.65194,-5.01022,383.631,0.0669297,-0.436994,0,0.00907666
0.435,0.215,25.865,7.57303,-4.75839,372.485,0.0669297,-0.436994,0,0.00907666
0.435,0.225,25.5713,7.48821,-4.50592,361.217,0.0669297,-0.436994,0,0.00907666
0.435,0.235,25.2837,7.3978,-4.25169,350.008,0.0669297,-0.436994,0,0.00907666
0.435,0.245,24.9883,7.30252,-3.99828,338.624,0.0669297,-0.436994,0,0.00907666
0.435,0.255,24.6835,7.20263,-3.74608,327.083,0.0669297,-0.436994,0,0.00907666
0.435,0.265,24.3686,7.09834,-3.49534,315.416,0.0669297,-0.436994,0,0.00907666
0.435,0.275,24.0425,6.98989,-3.2463,303.654,0.0669297,-0.436994,0,0.00907666
0.435,0.285,23.7043,6.87753,-2.99917,291.827,0.0669297,-0.436994,0,0.00907666
0.435,0.295,23.3528,6.76152,-2.75416,279.97,0.0669297,-0.436994,0,0.00907666
0.435,0.305,22.9874,6.6421,-2.51147,268.117,0.0669297,-0.436994,0,0.00907666
0.435,0.315,22.6071,6.51954,-2.2713,256.301,0.0669297,-0.436994,0,0.00907666
0.435,0.325,22.2114,6.39411,-2.03384,244.561,0.0669297,-0.436994,0,0.00907666
0.435,0.335,21.7999,6.26607,-1.79931,232.932,0.0669297,-0.436994,0,0.00907666
0.435,0.345,21.3727,6.13567,-1.56789,221.455,0.0669297,-0.436994,0,0.00907666
0.435,0.355,20.93,6.00315,-1.33983,210.168,0.0669297,-0.436994,0,0.00907666
0.435,0.365,20.4728,5.86872,-1.11537,199.113,0.0669297,-0.436994,0,0.00907666
0.435,0.375,20.0026,5.73257,-0.894811,188.333,0.0669297,-0.436994,0,0.00907666
0.435,0.385,19.5216,5.59483,-0.678529,177.875,0.0669297,-0.436994,0,0.00907666
0.435,0.395,19.0328,5.45556,-0.467008,167.785,0.0669297,-0.436994,0,0.00907666
0.435,0.405,18.5407,5.31475,-0.260895,158.119,0.0669297,-0.436994,0,0.00907666
0.435,0.415,18.055,5.17032,-0.0609749,148.939,0.0669297,-0.436994,0,0.00907666
0.435,0.425,17.5956,5.01431,0.132028,140.309,0.0669297,-0.436994,0,0.00907666
0.435,0.435,17.1483,4.85474,0.316485,132.258,0.0669297,-0.436994,0,0.00907666
0.435,0.445,16.7272,4.69174,0.489408,124.934,0.0669297,-0.436994,0,0.00907666
0.435,0.455,16.3519,4.52391,0.64721,118.493,0.0669297,-0.436994,0,0.00907666
0.435,0.465,16.0426,4.34991,0.7859,113.086,0.0669297,-0.436994,0,0.00907666
0.435,0.475,15.819,4.16758,0.90141,108.85,0.0669297,-0.436994,0,0.00907666
0.435,0.485,15.6952,3.97443,0.990519,105.872,0.0669297,-0.436994,0,0.00907666
0.435,0.495,15.6712,3.76812,1.05231,104.138,0.0669297,-0.436994,0,0.00907666
0.435,0.505,15.7241,3.5466,1.08919,103.495,0.0669297,-0.436994,0,0.00907666
0.435,0.515,15.7754,3.30969,1.10648,103.687,0.0669297,-0.436994,0,0.00907666
0.435,0.525,15.6149,3.05725,1.11122,104.526,0.0669297,-0.436994,0,0.00907666
0.435,0.535,14.7759,2.77439,1.11267,105.709,0.0669297,-0.436994,0,0.00907666
0.435,0.545,12.764,2.34646,1.13214,107.47,0.0669297,-0.436994,0,0.00907666
0.435,0.555,9.76863,1.45233,1.23196,110.152,0.0669297,-0.436994,0,0.00907666
0.435,0.565,7.18052,-0.451266,1.50963,112.869,0.0669297,-0.436994,0,0.00907666
0.435,0.575,6.09757,-3.57076,1.95052,112.55,0.0669297,-0.436994,0,0.00907666
0.435,0.585,6.4231,-7.1609,2.33211,108.363,0.0669297,-0.436994,0,0.00907666
0.435,0.595,8.24218,-10.245,2.50456,101.353,0.0669297,-0.436994,0,0.00907666
0.435,0.605,12.1686,-12.35,2.54175,93.2698,0.0669297,-0.436994,0,0.00907666
0.435,0.615,19.6559,-13.5454,2.59393,89.289,0.0669297,-0.436994,0,0.00907666
0.435,0.625,33.1997,-14.1679,2.68321,92.067,0.0669297,-0.436994,0,0.00907666
0.435,0.635,55.2246,-14.5031,2.74729,96.88,0.0669297,-0.436994,0,0.00907666
0.435,0.645,86.3392,-14.6987,2.75181,97.6892,0.0669297,-0.436994,0,0.00907666
0.435,0.655,124.73,-14.8182,2.71522,93.2534,0.0669297,-0.436994,0,0.00907666
0.435,0.665,167.961,-14.8909,2.67362,87.5071,0.0669297,-0.436994,0,0.00907666
0.435,0.675,215.232,-14.9337,2.65213,85.2169,0.0669297,-0.436994,0,0.00907666
0.435,0.685,267.363,-14.9582,2.65651,88.4218,0.0669297,-0.436994,0,0.00907666
0.435,0.695,325.102,-14.9722,2.67985,96.5516,0.0669297,-0.436994,0,0.00907666
0.435,0.705,387.997,-14.9805,2.71275,108.085,0.0669297,-0.436994,0,0.00907666
0.435,0.715,454.458,-14.9859,2.74851,121.593,0.0669297,-0.436994,0,0.00907666
0.435,0.725,522.315,-14.9896,2.78352,136.009,0.0669297,-0.436994,0,0.00907666
0.435,0.735,589.309,-14.9923,2.81619,150.574,0.0669297,-0.436994,0,0.00907666
0.435,0.745,653.407,-14.9943,2.84587,164.747,0.0669297,-0.436994,0,0.00907666
0.435,0.755,712.958,-14.9958,2.8724,178.137,0.0669297,-0.436994,0,0.00907666
0.435,0.765,766.769,-14.997,2.89578,190.466,0.0669297,-0.436994,0,0.00907666
0.435,0.775,814.116,-14.9978,2.9161,201.552,0.0669297,-0.436994,0,0.00907666
0.435,0.785,854.719,-14.9985,2.93351,211.293,0.0669297,-0.436994,0,0.00907666
0.435,0.795,888.678,-14.9989,2.94819,219.66,0.0669297,-0.436994,0,0.00907666
0.435,0.805,916.391,-14.9993,2.96036,226.684,0.0669297,-0.436994,0,0.00907666
0.435,0.815,938.466,-14.9995,2.97024,232.446,0.0669297,-0.436994,0,0.00907666
0.435,0.825,955.634,-14.9997,2.9781,237.061,0.0669297,-0.436994,0,0.00907666
0.435,0.835,968.67,-14.9998,2.98423,240.668,0.0669297,-0.436994,0,0.00907666
0.435,0.845,978.336,-14.9999,2.98888,243.418,0.0669297,-0.436994,0,0.00907666
0.435,0.855,985.334,-14.9999,2.99234,245.462,0.0669297,-0.436994,0,0.00907666
0.435,0.865,990.282,-15,2.99484,246.943,0.0669297,-0.436994,0,0.00907666
0.435,0.875,993.699,-15,2.9966,247.988,0.0669297,-0.436994,0,0.00907666
0.435,0.885,996.001,-15,2.99781,248.706,0.0669297,-0.436994,0,0.00907666
0.435,0.895,997.517,-15,2.99863,249.187,0.0669297,-0.436994,0,0.00907666
0.435,0.905,998.491,-15,2.99916,249.501,0.0669297,-0.436994,0,0.00907666
0.435,0.915,999.103,-15,2.99949,249.701,0.0669297,-0.436994,0,0.00907666
0.435,0.925,999.478,-15,2.9997,249.825,0.0669297,-0.436994,0,0.00907666
0.435,0.935,999.703,-15,2.99983,249.899,0.0669297,-0.436994,0,0.00907666
0.435,0.945,999.834,-15,2.9999,249.944,0.0669297,-0.436994,0,0.00907666
0.435,0.955,999.91,-15,2.99995,249.969,0.0669297,-0.436994,0,0.00907666
0.435,0.965,999.952,-15,2.99997,249.983,0.0669297,-0.436994,0,0.00907666
0.435,0.975,999.975,-15,2.99999,249.991,0.0669297,-0.436994,0,0.00907666
0.435,0.985,999.987,-15,2.99999,249.996,0.0669297,-0.436994,0,0.00907666
0.435,0.995,999.993,-15,3,249.998,0.0669297,-0.436994,0,0.00907666
0.445,0.005,29.7323,8.12194,-9.69303,498.573,0.0514202,-0.325106,0,0.00627549
0.445,0.015,29.5886,8.14649,-9.47446,496.253,0.0514202,-0.325106,0,0.00627549
0.445,0.025,29.4308,8.16758,-9.2537,493.401,0.0514202,-0.325106,0,0.00627549
0.445,0.035,29.2604,8.18496,-9.03066,490.028,0.0514202,-0.325106,0,0.00627549
0.445,0.045,29.0785,8.19838,-8.80529,486.142,0.0514202,-0.325106,0,0.00627549
0.445,0.055,28.8861,8.20757,-8.57759,481.75,0.0514202,-0.325106,0,0.00627549
0.445,0.065,28.6842,8.21232,-8.34758,476.86,0.0514202,-0.325106,0,0.00627549
0.445,0.075,28.4735,8.21239,-8.11529,471.476,0.0514202,-0.325106,0,0.00627549
0.445,0.085,28.2547,8.2076,-7.88081,465.608,0.0514202,-0.325106,0,0.00627549
0.445,0.095,28.0285,8.19774,-7.6442,459.265,0.0514202,-0.325106,0,0.00627549
0.445,0.105,27.7955,8.18265,-7.40557,452.459,0.0514202,-0.325106,0,0.00627549
0.445,0.115,27.5563,8.16219,-7.16505,445.203,0.0514202,-0.325106,0,0.00627549
0.445,0.125,27.3112,8.13621,-6.92276,437.513,0.0514202,-0.325106,0,0.00627549
0.445,0.135,27.0607,8.10462,-6.67884,429.407,0.0514202,-0.325106,0,0.00627549
0.445,0.145,26.8052,8.06732,-6.43347,420.905,0.0514202,-0.325106,0,0.00627549
0.445,0.155,26.5448,8.02424,-6.18681,412.027,0.0514202,-0.325106,0,0.00627549
0.445,0.165,26.2797,7.97535,-5.93904,402.795,0.0514202,-0.325106,0,0.00627549
0.445,0.175,26.0099,7.92062,-5.69037,393.233,0.0514202,-0.325106,0,0.00627549
0.445,0.185,25.7352,7.86004,-5.44101,383.365,0.0514202,-0.325106,0,0.00627549
0.445,0.195,25.4555,7.79362,-5.19117,373.217,0.0514202,-0.325106,0,0.00627549
0.445,0.205,25.1705,7.72137,-4.94108,362.815,0.0514202,-0.325106,0,0.00627549
0.445,0.215,24.8797,7.64333,-4.69097,352.187,0.0514202,-0.325106,0,0.00627549
0.445,0.225,24.589,7.55948,-4.43995,341.484,0.0514202,-0.325106,0,0.00627549
0.445,0.235,24.3022,7.47027,-4.18749,330.815,0.0514202,-0.325106,0,0.00627549
0.445,0.245,24.007,7.37632,-3.93599,319.978,0.0514202,-0.325106,0,0.00627549
0.445,0.255,23.7025,7.27785,-3.68574,308.998,0.0514202,-0.325106,0,0.00627549
0.445,0.265,23.388,7.17509,-3.43697,297.906,0.0514202,-0.325106,0,0.00627549
0.445,0.275,23.0627,7.06825,-3.18991,286.732,0.0514202,-0.325106,0,0.00627549
0.445,0.285,22.7257,6.95759,-2.94476,275.506,0.0514202,-0.325106,0,0.00627549
0.445,0.295,22.3762,6.84335,-2.70174,264.261,0.0514202,-0.325106,0,0.00627549
0.445,0.305,22.0135,6.72578,-2.46105,253.028,0.0514202,-0.325106,0,0.00627549
0.445,0.315,21.637,6.60513,-2.22287,241.843,0.0514202,-0.325106,0,0.00627549
0.445,0.325,21.2464,6.48166,-1.9874,230.738,0.0514202,-0.325106,0,0.00627549
0.445,0.335,20.8415,6.35562,-1.75484,219.751,0.0514202,-0.325106,0,0.00627549
0.445,0.345,20.4225,6.22724,-1.5254,208.918,0.0514202,-0.325106,0,0.00627549
0.445,0.355,19.9898,6.09675,-1.29933,198.276,0.0514202,-0.325106,0,0.00627549
0.445,0.365,19.5446,5.96434,-1.07687,187.865,0.0514202,-0.325106,0,0.00627549
0.445,0.375,19.0883,5.83019,-0.858364,177.725,0.0514202,-0.325106,0,0.00627549
0.445,0.385,18.6235,5.6944,-0.644208,167.901,0.0514202,-0.325106,0,0.00627549
0.445,0.395,18.1533,5.55701,-0.434934,158.439,0.0514202,-0.325106,0,0.00627549
0.445,0.405,17.6822,5.41795,-0.23125,149.391,0.0514202,-0.325106,0,0.00627549
0.445,0.415,17.2218,5.27416,-0.0339882,140.822,0.0514202,-0.325106,0,0.00627549
0.445,0.425,16.7874,5.1191,0.155951,132.784,0.0514202,-0.325106,0,0.00627549
0.445,0.435,16.3682,4.96084,0.336665,125.329,0.0514202,-0.325106,0,0.00627549
0.445,0.445,15.9798,4.79875,0.504963,118.602,0.0514202,-0.325106,0,0.00627549
0.445,0.455,15.6414,4.63127,0.657106,112.754,0.0514202,-0.325106,0,0.00627549
0.445,0.465,15.3726,4.45693,0.789005,107.933,0.0514202,-0.325106,0,0.00627549
0.445,0.475,15.1916,4.27354,0.896709,104.263,0.0514202,-0.325106,0,0.00627549
0.445,0.485,15.1092,4.07871,0.977471,101.808,0.0514202,-0.325106,0,0.00627549
0.445,0.495,15.121,3.87029,1.03118,100.523,0.0514202,-0.325106,0,0.00627549
0.445,0.505,15.1983,3.64658,1.06107,100.225,0.0514202,-0.325106,0,0.00627549
0.445,0.515,15.2512,3.40799,1.07273,100.64,0.0514202,-0.325106,0,0.00627549
0.445,0.525,15.0394,3.15359,1.07326,101.559,0.0514202,-0.325106,0,0.00627549
0.445,0.535,14.0785,2.85807,1.07365,102.851,0.0514202,-0.325106,0,0.00627549
0.445,0.545,11.9155,2.38139,1.10091,104.769,0.0514202,-0.325106,0,0.00627549
0.445,0.555,8.95068,1.35863,1.22656,107.563,0.0514202,-0.325106,0,0.00627549
0.445,0.565,6.66645,-0.733176,1.54043,109.807,0.0514202,-0.325106,0,0.00627549
0.445,0.575,5.84385,-3.93437,1.98059,108.647,0.0514202,-0.325106,0,0.00627549
0.445,0.585,6.29918,-7.4438,2.31696,104.219,0.0514202,-0.325106,0,0.00627549
0.445,0.595,8.15092,-10.4089,2.45346,97.3432,0.0514202,-0.325106,0,0.00627549
0.445,0.605,12.0706,-12.4227,2.49246,90.1797,0.0514202,-0.325106,0,0.00627549
0.445,0.615,19.5959,-13.567,2.57272,87.907,0.0514202,-0.325106,0,0.00627549
0.445,0.625,33.2971,-14.1705,2.68451,92.2482,0.0514202,-0.325106,0,0.00627549
0.445,0.635,55.5638,-14.5023,2.75483,97.7078,0.0514202,-0.325106,0,0.00627549
0.445,0.645,86.8334,-14.6987,2.75637,98.1971,0.0514202,-0.325106,0,0.00627549
0.445,0.655,125.129,-14.8192,2.715,93.027,0.0514202,-0.325106,0,0.00627549
0.445,0.665,168.05,-14.8922,2.67053,86.7679,0.0514202,-0.325106,0,0.00627549
0.445,0.675,215.01,-14.9348,2.64862,84.3979,0.0514202,-0.325106,0,0.00627549
0.445,0.685,266.99,-14.9588,2.65391,87.7851,0.0514202,-0.325106,0,0.00627549
0.445,0.695,324.74,-14.9725,2.67832,96.1449,0.0514202,-0.325106,0,0.00627549
0.445,0.705,387.727,-14.9807,2.71197,107.855,0.0514202,-0.325106,0,0.00627549
0.445,0.715,454.288,-14.986,2.74815,121.475,0.0514202,-0.325106,0,0.00627549
0.445,0.725,522.219,-14.9897,2.78337,135.952,0.0514202,-0.325106,0,0.00627549
0.445,0.735,589.26,-14.9923,2.81612,150.548,0.0514202,-0.325106,0,0.00627549
0.445,0.745,653.384,-14.9943,2.84584,164.736,0.0514202,-0.325106,0,0.00627549
0.445,0.755,712.948,-14.9958,2.87239,178.133,0.0514202,-0.325106,0,0.00627549
0.445,0.765,766.764,-14.997,2.89577,190.465,0.0514202,-0.325106,0,0.00627549
0.445,0.775,814.114,-14.9978,2.9161,201.551,0.0514202,-0.325106,0,0.00627549
0.445,0.785,854.718,-14.9985,2.93351,211.293,0.0514202,-0.325106,0,0.00627549
0.445,0.795,888.678,-14.9989,2.94819,219.66,0.0514202,-0.325106,0,0.00627549
0.445,0.805,916.391,-14.9993,2.96036,226.684,0.0514202,-0.325106,0,0.00627549
0.445,0.815,938.466,-14.9995,2.97024,232.446,0.0514202,-0.325106,0,0.00627549
0.445,0.825,955.634,-14.9997,2.9781,237.061,0.0514202,-0.325106,0,0.00627549
0.445,0.835,968.67,-14.9998,2.98423,240.668,0.0514202,-0.325106,0,0.00627549
0.445,0.845,978.336,-14.9999,2.98888,243.418,0.0514202,-0.325106,0,0.00627549
0.445,0.855,985.334,-14.9999,2.99234,245.462,0.0514202,-0.325106,0,0.00627549
0.445,0.865,990.282,-15,2.99484,246.943,0.0514202,-0.325106,0,0.00627549
0.445,0.875,993.699,-15,2.9966,247.988,0.0514202,-0.325106,0,0.00627549
0.445,0.885,996.001,-15,2.99781,248.706,0.0514202,-0.325106,0,0.00627549
0.445,0.895,997.517,-15,2.99863,249.187,0.0514202,-0.325106,0,0.00627549
0.445,0.905,998.491,-15,2.99916,249.501,0.0514202,-0.325106,0,0.00627549
0.445,0.915,999.103,-15,2.99949,249.701,0.0514202,-0.325106,0,0.00627549
0.445,0.925,999.478,-15,2.9997,249.825,0.0514202,-0.325106,0,0.00627549
0.445,0.935,999.703,-15,2.99983,249.899,0.0514202,-0.325106,0,0.00627549
0.445,0.945,999.834,-15,2.9999,249.944,0.0514202,-0.325106,0,0.00627549
0.445,0.955,999.91,-15,2.99995,249.969,0.0514202,-0.325106,0,0.00627549
0.445,0.965,999.952,-15,2.99997,249.983,0.0514202,-0.325106,0,0.00627549
0.445,0.975,999.975,-15,2.99999,249.991,0.0514202,-0.325106,0,0.00627549
0.445,0.985,999.987,-15,2.99999,249.996,0.0514202,-0.325106,0,0.00627549
0.445,0.995,999.993,-15,3,249.998,0.0514202,-0.325106,0,0.00627549
0.455,0.005,28.7027,8.20272,-9.60881,474.128,0.0389292,-0.213219,0,0.00425056
0.455,0.015,28.562,8.22561,-9.39013,471.779,0.0389292,-0.213219,0,0.00425056
0.455,0.025,28.4075,8.24511,-9.16937,468.922,0.0389292,-0.213219,0,0.00425056
0.455,0.035,28.2406,8.26097,-8.94644,465.569,0.0389292,-0.213219,0,0.00425056
0.455,0.045,28.0625,8.27295,-8.7213,461.732,0.0389292,-0.213219,0,0.00425056
0.455,0.055,27.8741,8.2808,-8.49394,457.418,0.0389292,-0.213219,0,0.00425056
0.455,0.065,27.6765,8.28432,-8.26437,452.635,0.0389292,-0.213219,0,0.00425056
0.455,0.075,27.4702,8.28328,-8.03264,447.391,0.0389292,-0.213219,0,0.00425056
0.455,0.085,27.2561,8.27749,-7.7988,441.694,0.0389292,-0.213219,0,0.00425056
0.455,0.095,27.0346,8.26678,-7.56295,435.554,0.0389292,-0.213219,0,0.00425056
0.455,0.105,26.8063,8.25097,-7.32518,428.981,0.0389292,-0.213219,0,0.00425056
0.455,0.115,26.5717,8.22993,-7.08561,421.99,0.0389292,-0.213219,0,0.00425056
0.455,0.125,26.3312,8.20353,-6.84437,414.593,0.0389292,-0.213219,0,0.00425056
0.455,0.135,26.0851,8.17165,-6.60159,406.809,0.0389292,-0.213219,0,0.00425056
0.455,0.145,25.8337,8.13421,-6.35744,398.654,0.0389292,-0.213219,0,0.00425056
0.455,0.155,25.5772,8.09115,-6.11209,390.148,0.0389292,-0.213219,0,0.00425056
0.455,0.165,25.3156,8.04242,-5.86572,381.312,0.0389292,-0.213219,0,0.00425056
0.455,0.175,25.0489,7.98799,-5.61852,372.169,0.0389292,-0.213219,0,0.00425056
0.455,0.185,24.777,7.92786,-5.3707,362.741,0.0389292,-0.213219,0,0.00425056
0.455,0.195,24.4998,7.86202,-5.12247,353.052,0.0389292,-0.213219,0,0.00425056
0.455,0.205,24.2169,7.7905,-4.87405,343.128,0.0389292,-0.213219,0,0.00425056
0.455,0.215,23.9281,7.71331,-4.62567,332.995,0.0389292,-0.213219,0,0.00425056
0.455,0.225,23.6409,7.63046,-4.37606,322.837,0.0389292,-0.213219,0,0.00425056
0.455,0.235,23.3552,7.54246,-4.12544,312.681,0.0389292,-0.213219,0,0.00425056
0.455,0.245,23.0609,7.44984,-3.87585,302.367,0.0389292,-0.213219,0,0.00425056
0.455,0.255,22.7575,7.3528,-3.62753,291.926,0.0389292,-0.213219,0,0.00425056
0.455,0.265,22.4443,7.25156,-3.38072,281.386,0.0389292,-0.213219,0,0.00425056
0.455,0.275,22.1206,7.14635,-3.13562,270.777,0.0389292,-0.213219,0,0.00425056
0.455,0.285,21.7858,7.0374,-2.89245,260.127,0.0389292,-0.213219,0,0.00425056
0.455,0.295,21.4392,6.92494,-2.6514,249.467,0.0389292,-0.213219,0,0.00425056
0.455,0.305,21.0803,6.80922,-2.41267,238.829,0.0389292,-0.213219,0,0.00425056
0.455,0.315,20.7087,6.69048,-2.17645,228.244,0.0389292,-0.213219,0,0.00425056
0.455,0.325,20.3241,6.56897,-1.94293,217.746,0.0389292,-0.213219,0,0.00425056
0.455,0.335,19.9266,6.44491,-1.71232,207.368,0.0389292,-0.213219,0,0.00425056
0.455,0.345,19.5165,6.31854,-1.48484,197.146,0.0389292,-0.213219,0,0.00425056
0.455,0.355,19.0944,6.19006,-1.26073,187.116,0.0389292,-0.213219,0,0.00425056
0.455,0.365,18.6616,6.05965,-1.04026,177.314,0.0389292,-0.213219,0,0.00425056
0.455,0.375,18.2197,5.92745,-0.823802,167.78,0.0389292,-0.213219,0,0.00425056
0.455,0.385,17.7713,5.79356,-0.61178,158.555,0.0389292,-0.213219,0,0.00425056
0.455,0.395,17.3197,5.65799,-0.404779,149.685,0.0389292,-0.213219,0,0.00425056
0.455,0.405,16.8696,5.52062,-0.203574,141.221,0.0389292,-0.213219,0,0.00425056
0.455,0.415,16.4343,5.37725,-0.00905954,133.228,0.0389292,-0.213219,0,0.00425056
0.455,0.425,16.0246,5.22325,0.177658,125.754,0.0389292,-0.213219,0,0.00425056
0.455,0.435,15.6336,5.06611,0.354403,118.867,0.0389292,-0.213219,0,0.00425056
0.455,0.445,15.2778,4.9047,0.517801,112.711,0.0389292,-0.213219,0,0.00425056
0.455,0.455,14.9761,4.73731,0.663966,107.432,0.0389292,-0.213219,0,0.00425056
0.455,0.465,14.7473,4.5623,0.788748,103.171,0.0389292,-0.213219,0,0.00425056
0.455,0.475,14.6078,4.37752,0.888409,100.04,0.0389292,-0.213219,0,0.00425056
0.455,0.485,14.5649,4.18068,0.960795,98.0772,0.0389292,-0.213219,0,0.00425056
0.455,0.495,14.6094,3.96992,1.0067,97.2048,0.0389292,-0.213219,0,0.00425056
0.455,0.505,14.7069,3.74391,1.03017,97.2127,0.0389292,-0.213219,0,0.00425056
0.455,0.515,14.7549,3.50357,1.03706,97.8155,0.0389292,-0.213219,0,0.00425056
0.455,0.525,14.48,3.24691,1.03437,98.7975,0.0389292,-0.213219,0,0.00425056
0.455,0.535,13.3808,2.93449,1.03483,100.194,0.0389292,-0.213219,0,0.00425056
0.455,0.545,11.0746,2.39576,1.07299,102.282,0.0389292,-0.213219,0,0.00425056
0.455,0.555,8.19477,1.22623,1.2287,105.116,0.0389292,-0.213219,0,0.00425056
0.455,0.565,6.22882,-1.04368,1.57535,106.74,0.0389292,-0.213219,0,0.00425056
0.455,0.575,5.63295,-4.28673,2.00285,104.836,0.0389292,-0.213219,0,0.00425056
0.455,0.585,6.19037,-7.69935,2.2914,100.287,0.0389292,-0.213219,0,0.00425056
0.455,0.595,8.05954,-10.5512,2.39797,93.6505,0.0389292,-0.213219,0,0.00425056
0.455,0.605,11.9738,-12.4821,2.44594,87.5474,0.0389292,-0.213219,0,0.00425056
0.455,0.615,19.554,-13.5818,2.5569,87.0126,0.0389292,-0.213219,0,0.00425056
0.455,0.625,33.4314,-14.1705,2.68951,92.795,0.0389292,-0.213219,0,0.00425056
0.455,0.635,55.9445,-14.5007,2.76384,98.7195,0.0389292,-0.213219,0,0.00425056
0.455,0.645,87.3503,-14.6986,2.76108,98.7233,0.0389292,-0.213219,0,0.00425056
0.455,0.655,125.517,-14.8203,2.71442,92.7314,0.0389292,-0.213219,0,0.00425056
0.455,0.665,168.105,-14.8935,2.66707,85.9603,0.0389292,-0.213219,0,0.00425056
0.455,0.675,214.755,-14.9358,2.64494,83.5494,0.0389292,-0.213219,0,0.00425056
0.455,0.685,266.603,-14.9595,2.65128,87.1495,0.0389292,-0.213219,0,0.00425056
0.455,0.695,324.382,-14.9728,2.67683,95.7509,0.0389292,-0.213219,0,0.00425056
0.455,0.705,387.468,-14.9809,2.71123,107.639,0.0389292,-0.213219,0,0.00425056
0.455,0.715,454.128,-14.9861,2.74781,121.365,0.0389292,-0.213219,0,0.00425056
0.455,0.725,522.131,-14.9897,2.78322,135.9,0.0389292,-0.213219,0,0.00425056
0.455,0.735,589.216,-14.9923,2.81606,150.525,0.0389292,-0.213219,0,0.00425056
0.455,0.745,653.363,-14.9943,2.84582,164.726,0.0389292,-0.213219,0,0.00425056
0.455,0.755,712.939,-14.9958,2.87238,178.128,0.0389292,-0.213219,0,0.00425056
0.455,0.765,766.76,-14.997,2.89577,190.463,0.0389292,-0.213219,0,0.00425056
0.455,0.775,814.112,-14.9978,2.9161,201.551,0.0389292,-0.213219,0,0.00425056
0.455,0.785,854.718,-14.9985,2.93351,211.292,0.0389292,-0.213219,0,0.00425056
0.455,0.795,888.677,-14.9989,2.94819,219.66,0.0389292,-0.213219,0,0.00425056
0.455,0.805,916.391,-14.9993,2.96036,226.684,0.0389292,-0.213219,0,0.00425056
0.455,0.815,938.466,-14.9995,2.97024,232.446,0.0389292,-0.213219,0,0.00425056
0.455,0.825,955.634,-14.9997,2.9781,237.061,0.0389292,-0.213219,0,0.00425056
0.455,0.835,968.67,-14.9998,2.98423,240.668,0.0389292,-0.213219,0,0.00425056
0.455,0.845,978.336,-14.9999,2.98888,243.418,0.0389292,-0.213219,0,0.00425056
0.455,0.855,985.334,-14.9999,2.99234,245.462,0.0389292,-0.213219,0,0.00425056
0.455,0.865,990.282,-15,2.99484,246.943,0.0389292,-0.213219,0,0.00425056
0.455,0.875,993.699,-15,2.9966,247.988,0.0389292,-0.213219,0,0.00425056
0.455,0.885,996.001,-15,2.99781,248.706,0.0389292,-0.213219,0,0.00425056
0.455,0.895,997.517,-15,2.99863,249.187,0.0389292,-0.213219,0,0.00425056
0.455,0.905,998.491,-15,2.99916,249.501,0.0389292,-0.213219,0,0.00425056
0.455,0.915,999.103,-15,2.99949,249.701,0.0389292,-0.213219,0,0.00425056
0.455,0.925,999.478,-15,2.9997,249.825,0.0389292,-0.213219,0,0.00425056
0.455,0.935,999.703,-15,2.99983,249.899,0.0389292,-0.213219,0,0.00425056
0.455,0.945,999.834,-15,2.9999,249.944,0.0389292,-0.213219,0,0.00425056
0.455,0.955,999.91,-15,2.99995,249.969,0.0389292,-0.213219,0,0.00425056
0.455,0.965,999.952,-15,2.99997,249.983,0.0389292,-0.213219,0,0.00425056
0.455,0.975,999.975,-15,2.99999,249.991,0.0389292,-0.213219,0,0.00425056
0.455,0.985,999.987,-15,2.99999,249.996,0.0389292,-0.213219,0,0.00425056
0.455,0.995,999.993,-15,3,249.998,0.0389292,-0.213219,0,0.00425056
0.465,0.005,27.7092,8.28311,-9.52633,450.88,0.028993,-0.101331,0,0.00281365
0.465,0.015,27.5717,8.30444,-9.30758,448.521,0.028993,-0.101331,0,0.00281365
0.465,0.025,27.4206,8.32242,-9.08685,445.676,0.028993,-0.101331,0,0.00281365
0.465,0.035,27.2573,8.33682,-8.86406,442.358,0.028993,-0.101331,0,0.00281365
0.465,0.045,27.0829,8.34741,-8.63918,438.58,0.028993,-0.101331,0,0.00281365
0.465,0.055,26.8985,8.35397,-8.41218,434.35,0.028993,-0.101331,0,0.00281365
0.465,0.065,26.7049,8.35629,-8.18308,429.679,0.028993,-0.101331,0,0.00281365
0.465,0.075,26.5028,8.35416,-7.95192,424.574,0.028993,-0.101331,0,0.00281365
0.465,0.085,26.2929,8.3474,-7.71875,419.045,0.028993,-0.101331,0,0.00281365
0.465,0.095,26.0757,8.33583,-7.48368,413.101,0.028993,-0.101331,0,0.00281365
0.465,0.105,25.8517,8.31931,-7.24678,406.753,0.028993,-0.101331,0,0.00281365
0.465,0.115,25.6213,8.29768,-7.00817,400.014,0.028993,-0.101331,0,0.00281365
0.465,0.125,25.385,8.27083,-6.76799,392.897,0.028993,-0.101331,0,0.00281365
0.465,0.135,25.1429,8.23866,-6.52636,385.418,0.028993,-0.101331,0,0.00281365
0.465,0.145,24.8952,8.20107,-6.28345,377.594,0.028993,-0.101331,0,0.00281365
0.465,0.155,24.6423,8.158,-6.03943,369.443,0.028993,-0.101331,0,0.00281365
0.465,0.165,24.384,8.10941,-5.79446,360.985,0.028993,-0.101331,0,0.00281365
0.465,0.175,24.1204,8.05527,-5.54874,352.241,0.028993,-0.101331,0,0.00281365
0.465,0.185,23.8513,7.99557,-5.30246,343.233,0.028993,-0.101331,0,0.00281365
0.465,0.195,23.5767,7.93031,-5.05585,333.983,0.028993,-0.101331,0,0.00281365
0.465,0.205,23.2962,7.8595,-4.8091,324.517,0.028993,-0.101331,0,0.00281365
0.465,0.215,23.0097,7.78316,-4.56245,314.86,0.028993,-0.101331,0,0.00281365
0.465,0.225,22.7263,7.70131,-4.31425,305.222,0.028993,-0.101331,0,0.00281365
0.465,0.235,22.4421,7.61452,-4.0655,295.552,0.028993,-0.101331,0,0.00281365
0.465,0.245,22.1493,7.52323,-3.81782,285.741,0.028993,-0.101331,0,0.00281365
0.465,0.255,21.8476,7.42762,-3.57142,275.816,0.028993,-0.101331,0,0.00281365
0.465,0.265,21.5365,7.32791,-3.32654,265.805,0.028993,-0.101331,0,0.00281365
0.465,0.275,21.2153,7.22432,-3.08339,255.736,0.028993,-0.101331,0,0.00281365
0.465,0.285,20.8836,7.11707,-2.84216,245.636,0.028993,-0.101331,0,0.00281365
0.465,0.295,20.5407,7.0064,-2.60305,235.535,0.028993,-0.101331,0,0.00281365
0.465,0.305,20.1865,6.89252,-2.36626,225.463,0.028993,-0.101331,0,0.00281365
0.465,0.315,19.8204,6.77568,-2.13197,215.451,0.028993,-0.101331,0,0.00281365
0.465,0.325,19.4426,6.6561,-1.90038,205.529,0.028993,-0.101331,0,0.00281365
0.465,0.335,19.0532,6.53401,-1.6717,195.731,0.028993,-0.101331,0,0.00281365
0.465,0.345,18.6526,6.40962,-1.44615,186.089,0.028993,-0.101331,0,0.00281365
0.465,0.355,18.2416,6.28311,-1.22398,176.637,0.028993,-0.101331,0,0.00281365
0.465,0.365,17.8215,6.15466,-1.0055,167.412,0.028993,-0.101331,0,0.00281365
0.465,0.375,17.3943,6.02438,-0.791087,158.45,0.028993,-0.101331,0,0.00281365
0.465,0.385,16.9625,5.89233,-0.581217,149.791,0.028993,-0.101331,0,0.00281365
0.465,0.395,16.5296,5.7585,-0.376527,141.481,0.028993,-0.101331,0,0.00281365
0.465,0.405,16.1003,5.62273,-0.177871,133.57,0.028993,-0.101331,0,0.00281365
0.465,0.415,15.6899,5.47957,0.0137802,126.124,0.028993,-0.101331,0,0.00281365
0.465,0.425,15.3047,5.32669,0.197089,119.187,0.028993,-0.101331,0,0.00281365
0.465,0.435,14.9422,5.17046,0.369611,112.844,0.028993,-0.101331,0,0.00281365
0.465,0.445,14.619,5.00947,0.527804,107.234,0.028993,-0.101331,0,0.00281365
0.465,0.455,14.3537,4.84188,0.66765,102.5,0.028993,-0.101331,0,0.00281365
0.465,0.465,14.1643,4.6659,0.785001,98.7748,0.028993,-0.101331,0,0.00281365
0.465,0.475,14.0647,4.47942,0.876437,96.1538,0.028993,-0.101331,0,0.00281365
0.465,0.485,14.0586,4.28035,0.940532,94.6486,0.028993,-0.101331,0,0.00281365
0.465,0.495,14.1319,4.06715,0.979033,94.1474,0.028993,-0.101331,0,0.00281365
0.465,0.505,14.2448,3.83886,0.996692,94.4184,0.028993,-0.101331,0,0.00281365
0.465,0.515,14.2808,3.59676,0.999511,95.178,0.028993,-0.101331,0,0.00281365
0.465,0.525,13.9329,3.33619,0.994437,96.2416,0.028993,-0.101331,0,0.00281365
0.465,0.535,12.6797,3.00142,0.996637,97.7402,0.028993,-0.101331,0,0.00281365
0.465,0.545,10.2485,2.38469,1.0494,100.014,0.028993,-0.101331,0,0.00281365
0.465,0.555,7.51171,1.05292,1.23887,102.781,0.028993,-0.101331,0,0.00281365
0.465,0.565,5.86265,-1.37437,1.61204,103.68,0.028993,-0.101331,0,0.00281365
0.465,0.575,5.45894,-4.62022,2.01555,101.165,0.028993,-0.101331,0,0.00281365
0.465,0.585,6.09297,-7.92647,2.2563,96.5916,0.028993,-0.101331,0,0.00281365
0.465,0.595,7.96773,-10.6728,2.33959,90.2965,0.028993,-0.101331,0,0.00281365
0.465,0.605,11.8812,-12.5286,2.40336,85.3843,0.028993,-0.101331,0,0.00281365
0.465,0.615,19.5338,-13.5902,2.54671,86.5907,0.028993,-0.101331,0,0.00281365
0.465,0.625,33.6043,-14.1682,2.69797,93.6803,0.028993,-0.101331,0,0.00281365
0.465,0.635,56.3654,-14.4985,2.7741,99.886,0.028993,-0.101331,0,0.00281365
0.465,0.645,87.8855,-14.6986,2.76579,99.2415,0.028993,-0.101331,0,0.00281365
0.465,0.655,125.887,-14.8215,2.71339,92.3509,0.028993,-0.101331,0,0.00281365
0.465,0.665,168.12,-14.895,2.66323,85.0805,0.028993,-0.101331,0,0.00281365
0.465,0.675,214.467,-14.9369,2.64109,82.6739,0.028993,-0.101331,0,0.00281365
0.465,0.685,266.203,-14.9601,2.64866,86.518,0.028993,-0.101331,0,0.00281365
0.465,0.695,324.028,-14.9732,2.67538,95.3711,0.028993,-0.101331,0,0.00281365
0.465,0.705,387.22,-14.981,2.71054,107.435,0.028993,-0.101331,0,0.00281365
0.465,0.715,453.98,-14.9861,2.7475,121.265,0.028993,-0.101331,0,0.00281365
0.465,0.725,522.052,-14.9897,2.7831,135.854,0.028993,-0.101331,0,0.00281365
0.465,0.735,589.177,-14.9923,2.81601,150.505,0.028993,-0.101331,0,0.00281365
0.465,0.745,653.345,-14.9943,2.8458,164.718,0.028993,-0.101331,0,0.00281365
0.465,0.755,712.931,-14.9958,2.87237,178.125,0.028993,-0.101331,0,0.00281365
0.465,0.765,766.757,-14.997,2.89577,190.462,0.028993,-0.101331,0,0.00281365
0.465,0.775,814.111,-14.9978,2.9161,201.55,0.028993,-0.101331,0,0.00281365
0.465,0.785,854.717,-14.9985,2.93351,211.292,0.028993,-0.101331,0,0.00281365
0.465,0.795,888.677,-14.9989,2.94819,219.66,0.028993,-0.101331,0,0.00281365
0.465,0.805,916.391,-14.9993,2.96036,226.684,0.028993,-0.101331,0,0.00281365
0.465,0.815,938.466,-14.9995,2.97024,232.446,0.028993,-0.101331,0,0.00281365
0.465,0.825,955.634,-14.9997,2.9781,237.061,0.028993,-0.101331,0,0.00281365
0.465,0.835,968.67,-14.9998,2.98423,240.668,0.028993,-0.101331,0,0.00281365
0.465,0.845,978.336,-14.9999,2.98888,243.418,0.028993,-0.101331,0,0.00281365
0.465,0.855,985.334,-14.9999,2.99234,245.462,0.028993,-0.101331,0,0.00281365
0.465,0.865,990.282,-15,2.99484,246.943,0.028993,-0.101331,0,0.00281365
0.465,0.875,993.699,-15,2.9966,247.988,0.028993,-0.101331,0,0.00281365
0.465,0.885,996.001,-15,2.99781,248.706,0.028993,-0.101331,0,0.00281365
0.465,0.895,997.517,-15,2.99863,249.187,0.028993,-0.101331,0,0.00281365
0.465,0.905,998.491,-15,2.99916,249.501,0.028993,-0.101331,0,0.00281365
0.465,0.915,999.103,-15,2.99949,249.701,0.028993,-0.101331,0,0.00281365
0.465,0.925,999.478,-15,2.9997,249.825,0.028993,-0.101331,0,0.00281365
0.465,0.935,999.703,-15,2.99983,249.899,0.028993,-0.101331,0,0.00281365
0.465,0.945,999.834,-15,2.9999,249.944,0.028993,-0.101331,0,0.00281365
0.465,0.955,999.91,-15,2.99995,249.969,0.028993,-0.101331,0,0.00281365
0.465,0.965,999.952,-15,2.99997,249.983,0.028993,-0.101331,0,0.00281365
0.465,0.975,999.975,-15,2.99999,249.991,0.028993,-0.101331,0,0.00281365
0.465,0.985,999.987,-15,2.99999,249.996,0.028993,-0.101331,0,0.00281365
0.465,0.995,999.993,-15,3,249.998,0.028993,-0.101331,0,0.00281365
0.475,0.005,26.749,8.36298,-9.44555,428.739,0.0218521,0,0,0.00189387
0.475,0.015,26.6148,8.38282,-9.22677,426.387,0.0218521,0,0,0.00189387
0.475,0.025,26.4673,8.39936,-9.00612,423.569,0.0218521,0,0,0.00189387
0.475,0.035,26.3076,8.41237,-8.78352,420.299,0.0218521,0,0,0.00189387
0.475,0.045,26.1371,8.42165,-8.55892,416.59,0.0218521,0,0,0.00189387
0.475,0.055,25.9565,8.42697,-8.33231,412.453,0.0218521,0,0,0.00189387
0.475,0.065,25.7669,8.42814,-8.1037,407.898,0.0218521,0,0,0.00189387
0.475,0.075,25.5688,8.42496,-7.87314,402.935,0.0218521,0,0,0.00189387
0.475,0.085,25.3629,8.41726,-7.64067,397.573,0.0218521,0,0,0.00189387
0.475,0.095,25.1498,8.40487,-7.40639,391.822,0.0218521,0,0,0.00189387
0.475,0.105,24.9298,8.38764,-7.17038,385.692,0.0218521,0,0,0.00189387
0.475,0.115,24.7034,8.36544,-6.93275,379.197,0.0218521,0,0,0.00189387
0.475,0.125,24.4709,8.33815,-6.69364,372.349,0.0218521,0,0,0.00189387
0.475,0.135,24.2325,8.30568,-6.45318,365.164,0.0218521,0,0,0.00189387
0.475,0.145,23.9885,8.26793,-6.21152,357.657,0.0218521,0,0,0.00189387
0.475,0.155,23.739,8.22486,-5.96882,349.846,0.0218521,0,0,0.00189387
0.475,0.165,23.484,8.1764,-5.72526,341.75,0.0218521,0,0,0.00189387
0.475,0.175,23.2234,8.12254,-5.48103,333.388,0.0218521,0,0,0.00189387
0.475,0.185,22.9573,8.06327,-5.23631,324.781,0.0218521,0,0,0.00189387
0.475,0.195,22.6854,7.99858,-4.99131,315.952,0.0218521,0,0,0.00189387
0.475,0.205,22.4076,7.92849,-4.74624,306.924,0.0218521,0,0,0.00189387
0.475,0.215,22.1239,7.853,-4.50125,297.727,0.0218521,0,0,0.00189387
0.475,0.225,21.8443,7.77216,-4.25454,288.578,0.0218521,0,0,0.00189387
0.475,0.235,21.562,7.68658,-4.00765,279.375,0.0218521,0,0,0.00189387
0.475,0.245,21.2714,7.5966,-3.76185,270.045,0.0218521,0,0,0.00189387
0.475,0.255,20.972,7.50241,-3.51736,260.614,0.0218521,0,0,0.00189387
0.475,0.265,20.6636,7.40423,-3.27439,251.109,0.0218521,0,0,0.00189387
0.475,0.275,20.3456,7.30225,-3.03315,241.556,0.0218521,0,0,0.00189387
0.475,0.285,20.0176,7.19669,-2.79384,231.981,0.0218521,0,0,0.00189387
0.475,0.295,19.6792,7.08778,-2.55665,222.414,0.0218521,0,0,0.00189387
0.475,0.305,19.3303,6.97573,-2.32176,212.881,0.0218521,0,0,0.00189387
0.475,0.315,18.9705,6.86076,-2.08938,203.413,0.0218521,0,0,0.00189387
0.475,0.325,18.6001,6.7431,-1.85969,194.04,0.0218521,0,0,0.00189387
0.475,0.335,18.2193,6.62295,-1.63291,184.791,0.0218521,0,0,0.00189387
0.475,0.345,17.8287,6.5005,-1.40927,175.699,0.0218521,0,0,0.00189387
0.475,0.355,17.4292,6.37593,-1.18904,166.795,0.0218521,0,0,0.00189387
0.475,0.365,17.0223,6.24938,-0.972546,158.115,0.0218521,0,0,0.00189387
0.475,0.375,16.6099,6.12095,-0.760191,149.694,0.0218521,0,0,0.00189387
0.475,0.385,16.1948,5.99067,-0.552502,141.572,0.0218521,0,0,0.00189387
0.475,0.395,15.7806,5.8585,-0.350178,133.792,0.0218521,0,0,0.00189387
0.475,0.405,15.3723,5.72422,-0.154158,126.405,0.0218521,0,0,0.00189387
0.475,0.415,14.9865,5.58111,0.0344849,119.478,0.0218521,0,0,0.00189387
0.475,0.425,14.6256,5.42933,0.21417,113.054,0.0218521,0,0,0.00189387
0.475,0.435,14.2917,5.27378,0.382191,107.231,0.0218521,0,0,0.00189387
0.475,0.445,14.0011,5.11295,0.534853,102.145,0.0218521,0,0,0.00189387
0.475,0.455,13.7718,4.94487,0.668037,97.9326,0.0218521,0,0,0.00189387
0.475,0.465,13.6207,4.76764,0.777677,94.7181,0.0218521,0,0,0.00189387
0.475,0.475,13.5591,4.57923,0.860796,92.5765,0.0218521,0,0,0.00189387
0.475,0.485,13.5866,4.3778,0.916798,91.49,0.0218521,0,0,0.00189387
0.475,0.495,13.6847,4.16212,0.948368,91.3172,0.0218521,0,0,0.00189387
0.475,0.505,13.8082,3.93162,0.960796,91.8129,0.0218521,0,0,0.00189387
0.475,0.515,13.8251,3.68757,0.960047,92.7083,0.0218521,0,0,0.00189387
0.475,0.525,13.3919,3.421,0.953304,93.8674,0.0218521,0,0,0.00189387
0.475,0.535,11.9732,3.0558,0.959293,95.4995,0.0218521,0,0,0.00189387
0.475,0.545,9.44688,2.34263,1.03116,97.9654,0.0218521,0,0,0.00189387
0.475,0.555,6.90877,0.83857,1.25714,100.523,0.0218521,0,0,0.00189387
0.475,0.565,5.56132,-1.7154,1.64787,100.651,0.0218521,0,0,0.00189387
0.475,0.575,5.31595,-4.92883,2.01755,97.6728,0.0218521,0,0,0.00189387
0.475,0.585,6.00377,-8.125,2.21276,93.148,0.0218521,0,0,0.00189387
0.475,0.595,7.87584,-10.7741,2.27985,87.2989,0.0218521,0,0,0.00189387
0.475,0.605,11.7961,-12.5627,2.36575,83.6983,0.0218521,0,0,0.00189387
0.475,0.615,19.5387,-13.5928,2.54228,86.6241,0.0218521,0,0,0.00189387
0.475,0.625,33.8168,-14.1638,2.70965,94.8774,0.0218521,0,0,0.00189387
0.475,0.635,56.8244,-14.496,2.78537,101.178,0.0218521,0,0,0.00189387
0.475,0.645,88.434,-14.6987,2.77033,99.7255,0.0218521,0,0,0.00189387
0.475,0.655,126.235,-14.823,2.71183,91.8705,0.0218521,0,0,0.00189387
0.475,0.665,168.094,-14.8966,2.65898,84.1263,0.0218521,0,0,0.00189387
0.475,0.675,214.147,-14.938,2.6371,81.7748,0.0218521,0,0,0.00189387
0.475,0.685,265.794,-14.9607,2.64604,85.8939,0.0218521,0,0,0.00189387
0.475,0.695,323.681,-14.9735,2.67399,95.0071,0.0218521,0,0,0.00189387
0.475,0.705,386.986,-14.9812,2.70988,107.246,0.0218521,0,0,0.00189387
0.475,0.715,453.844,-14.9862,2.74722,121.174,0.0218521,0,0,0.00189387
0.475,0.725,521.981,-14.9897,2.78298,135.812,0.0218521,0,0,0.00189387
0.475,0.735,589.143,-14.9924,2.81597,150.487,0.0218521,0,0,0.00189387
0.475,0.745,653.33,-14.9943,2.84579,164.71,0.0218521,0,0,0.00189387
0.475,0.755,712.925,-14.9958,2.87237,178.122,0.0218521,0,0,0.00189387
0.475,0.765,766.755,-14.997,2.89576,190.46,0.0218521,0,0,0.00189387
0.475,0.775,814.11,-14.9978,2.91609,201.55,0.0218521,0,0,0.00189387
0.475,0.785,854.717,-14.9985,2.93351,211.292,0.0218521,0,0,0.00189387
0.475,0.795,888.677,-14.9989,2.94819,219.66,0.0218521,0,0,0.00189387
0.475,0.805,916.391,-14.9993,2.96036,226.684,0.0218521,0,0,0.00189387
0.475,0.815,938.466,-14.9995,2.97024,232.446,0.0218521,0,0,0.00189387
0.475,0.825,955.634,-14.9997,2.9781,237.061,0.0218521,0,0,0.00189387
0.475,0.835,968.67,-14.9998,2.98423,240.668,0.0218521,0,0,0.00189387
0.475,0.845,978.336,-14.9999,2.98888,243.418,0.0218521,0,0,0.00189387
0.475,0.855,985.334,-14.9999,2.99234,245.462,0.0218521,0,0,0.00189387
0.475,0.865,990.282,-15,2.99484,246.943,0.0218521,0,0,0.00189387
0.475,0.875,993.699,-15,2.9966,247.988,0.0218521,0,0,0.00189387
0.475,0.885,996.001,-15,2.99781,248.706,0.0218521,0,0,0.00189387
0.475,0.895,997.517,-15,2.99863,249.187,0.0218521,0,0,0.00189387
0.475,0.905,998.491,-15,2.99916,249.501,0.0218521,0,0,0.00189387
0.475,0.915,999.103,-15,2.99949,249.701,0.0218521,0,0,0.00189387
0.475,0.925,999.478,-15,2.9997,249.825,0.0218521,0,0,0.00189387
0.475,0.935,999.703,-15,2.99983,249.899,0.0218521,0,0,0.00189387
0.475,0.945,999.834,-15,2.9999,249.944,0.0218521,0,0,0.00189387
0.475,0.955,999.91,-15,2.99995,249.969,0.0218521,0,0,0.00189387
0.475,0.965,999.952,-15,2.99997,249.983,0.0218521,0,0,0.00189387
0.475,0.975,999.975,-15,2.99999,249.991,0.0218521,0,0,0.00189387
0.475,0.985,999.987,-15,2.99999,249.996,0.0218521,0,0,0.00189387
0.475,0.995,999.993,-15,3,249.998,0.0218521,0,0,0.00189387
0.485,0.005,25.8196,8.44226,-9.36644,407.631,0.0218521,0,0,0.00189387
0.485,0.015,25.689,8.46069,-9.14768,405.299,0.0218521,0,0,0.00189387
0.485,0.025,25.5451,8.47585,-8.92715,402.52,0.0218521,0,0,0.00189387
0.485,0.035,25.3892,8.48755,-8.70477,399.309,0.0218521,0,0,0.00189387
0.485,0.045,25.2225,8.49557,-8.4805,395.68,0.0218521,0,0,0.00189387
0.485,0.055,25.0459,8.49971,-8.25432,391.643,0.0218521,0,0,0.00189387
0.485,0.065,24.8601,8.49979,-8.02623,387.211,0.0218521,0,0,0.00189387
0.485,0.075,24.666,8.49561,-7.79629,382.392,0.0218521,0,0,0.00189387
0.485,0.085,24.464,8.48701,-7.56455,377.197,0.0218521,0,0,0.00189387
0.485,0.095,24.2548,8.47383,-7.33108,371.637,0.0218521,0,0,0.00189387
0.485,0.105,24.0388,8.45594,-7.09597,365.722,0.0218521,0,0,0.00189387
0.485,0.115,23.8162,8.43319,-6.85935,359.465,0.0218521,0,0,0.00189387
0.485,0.125,23.5874,8.40549,-6.62133,352.879,0.0218521,0,0,0.00189387
0.485,0.135,23.3528,8.37273,-6.38204,345.977,0.0218521,0,0,0.00189387
0.485,0.145,23.1123,8.33484,-6.14164,338.776,0.0218521,0,0,0.00189387
0.485,0.155,22.8661,8.29176,-5.90028,331.292,0.0218521,0,0,0.00189387
0.485,0.165,22.6144,8.24345,-5.65813,323.543,0.0218521,0,0,0.00189387
0.485,0.175,22.357,8.18987,-5.41538,315.548,0.0218521,0,0,0.00189387
0.485,0.185,22.0939,8.13103,-5.17221,307.327,0.0218521,0,0,0.00189387
0.485,0.195,21.825,8.06692,-4.92883,298.902,0.0218521,0,0,0.00189387
0.485,0.205,21.5501,7.99754,-4.68543,290.293,0.0218521,0,0,0.00189387
0.485,0.215,21.2697,7.9229,-4.44207,281.54,0.0218521,0,0,0.00189387
0.485,0.225,20.9939,7.84309,-4.19689,272.853,0.0218521,0,0,0.00189387
0.485,0.235,20.714,7.7587,-3.95183,264.097,0.0218521,0,0,0.00189387
0.485,0.245,20.426,7.67002,-3.7079,255.227,0.0218521,0,0,0.00189387
0.485,0.255,20.1295,7.57725,-3.46529,246.268,0.0218521,0,0,0.00189387
0.485,0.265,19.8244,7.48057,-3.22421,237.246,0.0218521,0,0,0.00189387
0.485,0.275,19.5102,7.38019,-2.98487,228.186,0.0218521,0,0,0.00189387
0.485,0.285,19.1866,7.27631,-2.74745,219.112,0.0218521,0,0,0.00189387
0.485,0.295,18.8533,7.16914,-2.51214,210.053,0.0218521,0,0,0.00189387
0.485,0.305,18.5103,7.05889,-2.27914,201.034,0.0218521,0,0,0.00189387
0.485,0.315,18.1574,6.94577,-2.04863,192.084,0.0218521,0,0,0.00189387
0.485,0.325,17.7949,6.82999,-1.82082,183.23,0.0218521,0,0,0.00189387
0.485,0.335,17.4232,6.71173,-1.59592,174.503,0.0218521,0,0,0.00189387
0.485,0.345,17.043,6.59118,-1.37418,165.932,0.0218521,0,0,0.00189387
0.485,0.355,16.6554,6.4685,-1.15588,157.548,0.0218521,0,0,0.00189387
0.485,0.365,16.2618,6.34379,-0.941373,149.385,0.0218521,0,0,0.00189387
0.485,0.375,15.8645,6.21714,-0.731099,141.477,0.0218521,0,0,0.00189387
0.485,0.385,15.4662,6.08855,-0.525633,133.862,0.0218521,0,0,0.00189387
0.485,0.395,15.0707,5.95793,-0.325743,126.585,0.0218521,0,0,0.00189387
0.485,0.405,14.6834,5.82493,-0.132466,119.695,0.0218521,0,0,0.00189387
0.485,0.415,14.3217,5.68192,0.0529996,113.262,0.0218521,0,0,0.00189387
0.485,0.425,13.9854,5.53107,0.228822,107.328,0.0218521,0,0,0.00189387
0.485,0.435,13.6801,5.37598,0.392046,102.004,0.0218521,0,0,0.00189387
0.485,0.445,13.4218,5.21505,0.538843,97.4192,0.0218521,0,0,0.00189387
0.485,0.455,13.2279,5.04622,0.665037,93.7051,0.0218521,0,0,0.00189387
0.485,0.465,13.1138,4.8675,0.766743,90.9739,0.0218521,0,0,0.00189387
0.485,0.475,13.0878,4.67697,0.841539,89.2788,0.0218521,0,0,0.00189387
0.485,0.485,13.1454,4.4731,0.889722,88.5724,0.0218521,0,0,0.00189387
0.485,0.495,13.2644,4.25493,0.914826,88.6893,0.0218521,0,0,0.00189387
0.485,0.505,13.3945,4.02216,0.922477,89.3809,0.0218521,0,0,0.00189387
0.485,0.515,13.3854,3.77569,0.918496,90.4032,0.0218521,0,0,0.00189387
0.485,0.525,12.8528,3.50008,0.91079,91.678,0.0218521,0,0,0.00189387
0.485,0.535,11.2607,3.09349,0.923151,93.4879,0.0218521,0,0,0.00189387
0.485,0.545,8.68094,2.26393,1.01933,96.1261,0.0218521,0,0,0.00189387
0.485,0.555,6.38944,0.585769,1.28306,98.3077,0.0218521,0,0,0.00189387
0.485,0.565,5.31747,-2.05648,1.68018,97.6799,0.0218521,0,0,0.00189387
0.485,0.575,5.20053,-5.20623,2.0084,94.4383,0.0218521,0,0,0.00189387
0.485,0.585,5.92001,-8.29561,2.16196,89.9612,0.0218521,0,0,0.00189387
0.485,0.595,7.78487,-10.8559,2.22028,84.6751,0.0218521,0,0,0.00189387
0.485,0.605,11.722,-12.585,2.33408,82.4952,0.0218521,0,0,0.00189387
0.485,0.615,19.5713,-13.5901,2.54362,87.0951,0.0218521,0,0,0.00189387
0.485,0.625,34.0695,-14.1579,2.72426,96.3607,0.0218521,0,0,0.00189387
0.485,0.635,57.3196,-14.4932,2.79743,102.566,0.0218521,0,0,0.00189387
0.485,0.645,88.9906,-14.6989,2.77455,100.149,0.0218521,0,0,0.00189387
0.485,0.655,126.553,-14.8246,2.70967,91.2766,0.0218521,0,0,0.00189387
0.485,0.665,168.022,-14.8982,2.65431,83.0969,0.0218521,0,0,0.00189387
0.485,0.675,213.795,-14.9392,2.63297,80.8563,0.0218521,0,0,0.00189387
0.485,0.685,265.377,-14.9614,2.64344,85.2804,0.0218521,0,0,0.00189387
0.485,0.695,323.343,-14.9738,2.67265,94.6603,0.0218521,0,0,0.00189387
0.485,0.705,386.765,-14.9813,2.70928,107.07,0.0218521,0,0,0.00189387
0.485,0.715,453.719,-14.9862,2.74697,121.091,0.0218521,0,0,0.00189387
0.485,0.725,521.917,-14.9898,2.78288,135.776,0.0218521,0,0,0.00189387
0.485,0.735,589.113,-14.9924,2.81593,150.472,0.0218521,0,0,0.00189387
0.485,0.745,653.317,-14.9943,2.84577,164.704,0.0218521,0,0,0.00189387
0.485,0.755,712.919,-14.9958,2.87236,178.12,0.0218521,0,0,0.00189387
0.485,0.765,766.752,-14.997,2.89576,190.46,0.0218521,0,0,0.00189387
0.485,0.775,814.109,-14.9978,2.91609,201.549,0.0218521,0,0,0.00189387
0.485,0.785,854.717,-14.9985,2.93351,211.292,0.0218521,0,0,0.00189387
0.485,0.795,888.677,-14.9989,2.94819,219.66,0.0218521,0,0,0.00189387
0.485,0.805,916.391,-14.9993,2.96036,226.684,0.0218521,0,0,0.00189387
0.485,0.815,938.466,-14.9995,2.97024,232.446,0.0218521,0,0,0.00189387
0.485,0.825,955.634,-14.9997,2.9781,237.061,0.0218521,0,0,0.00189387
0.485,0.835,968.67,-14.9998,2.98423,240.668,0.0218521,0,0,0.00189387
0.485,0.845,978.336,-14.9999,2.98888,243.418,0.0218521,0,0,0.00189387
0.485,0.855,985.334,-14.9999,2.99234,245.462,0.0218521,0,0,0.00189387
0.485,0.865,990.282,-15,2.99484,246.943,0.0218521,0,0,0.00189387
0.485,0.875,993.699,-15,2.9966,247.988,0.0218521,0,0,0.00189387
0.485,0.885,996.001,-15,2.99781,248.706,0.0218521,0,0,0.00189387
0.485,0.895,997.517,-15,2.99863,249.187,0.0218521,0,0,0.00189387
0.485,0.905,998.491,-15,2.99916,249.501,0.0218521,0,0,0.00189387
0.485,0.915,999.103,-15,2.99949,249.701,0.0218521,0,0,0.00189387
0.485,0.925,999.478,-15,2.9997,249.825,0.0218521,0,0,0.00189387
0.485,0.935,999.703,-15,2.99983,249.899,0.0218521,0,0,0.00189387
0.485,0.945,999.834,-15,2.9999,249.944,0.0218521,0,0,0.00189387
0.485,0.955,999.91,-15,2.99995,249.969,0.0218521,0,0,0.00189387
0.485,0.965,999.952,-15,2.99997,249.983,0.0218521,0,0,0.00189387
0.485,0.975,999.975,-15,2.99999,249.991,0.0218521,0,0,0.00189387
0.485,0.985,999.987,-15,2.99999,249.996,0.0218521,0,0,0.00189387
0.485,0.995,999.993,-15,3,249.998,0.0218521,0,0,0.00189387
0.495,0.005,24.9193,8.52092,-9.289,387.493,0.0218521,0,0,0.00189387
0.495,0.015,24.7923,8.538,-9.07031,385.192,0.0218521,0,0,0.00189387
0.495,0.025,24.6521,8.55186,-8.84994,382.463,0.0218521,0,0,0.00189387
0.495,0.035,24.5001,8.5623,-8.62782,379.321,0.0218521,0,0,0.00189387
0.495,0.045,24.3373,8.56913,-8.40391,375.779,0.0218521,0,0,0.00189387
0.495,0.055,24.1645,8.57215,-8.17818,371.849,0.0218521,0,0,0.00189387
0.495,0.065,23.9827,8.57119,-7.95066,367.543,0.0218521,0,0,0.00189387
0.495,0.075,23.7925,8.56606,-7.72137,362.872,0.0218521,0,0,0.00189387
0.495,0.085,23.5945,8.55662,-7.49037,357.846,0.0218521,0,0,0.00189387
0.495,0.095,23.3891,8.5427,-7.25774,352.476,0.0218521,0,0,0.00189387
0.495,0.105,23.1769,8.52417,-7.02356,346.773,0.0218521,0,0,0.00189387
0.495,0.115,22.9582,8.50091,-6.78795,340.749,0.0218521,0,0,0.00189387
0.495,0.125,22.7331,8.47282,-6.55103,334.417,0.0218521,0,0,0.00189387
0.495,0.135,22.5021,8.43981,-6.31293,327.791,0.0218521,0,0,0.00189387
0.495,0.145,22.2651,8.4018,-6.07379,320.886,0.0218521,0,0,0.00189387
0.495,0.155,22.0224,8.35873,-5.83378,313.718,0.0218521,0,0,0.00189387
0.495,0.165,21.7741,8.31057,-5.59305,306.304,0.0218521,0,0,0.00189387
0.495,0.175,21.5199,8.2573,-5.35178,298.663,0.0218521,0,0,0.00189387
0.495,0.185,21.2601,8.19889,-5.11016,290.813,0.0218521,0,0,0.00189387
0.495,0.195,20.9943,8.13536,-4.86838,282.774,0.0218521,0,0,0.00189387
0.495,0.205,20.7226,8.0667,-4.62664,274.569,0.0218521,0,0,0.00189387
0.495,0.215,20.4459,7.99291,-4.38487,266.243,0.0218521,0,0,0.00189387
0.495,0.225,20.174,7.91413,-4.14126,257.992,0.0218521,0,0,0.00189387
0.495,0.235,19.8969,7.83092,-3.89803,249.664,0.0218521,0,0,0.00189387
0.495,0.245,19.612,7.74354,-3.65593,241.235,0.0218521,0,0,0.00189387
0.495,0.255,19.3191,7.65216,-3.41518,232.728,0.0218521,0,0,0.00189387
0.495,0.265,19.0178,7.55697,-3.17597,224.167,0.0218521,0,0,0.00189387
0.495,0.275,18.7079,7.45817,-2.93849,215.577,0.0218521,0,0,0.00189387
0.495,0.285,18.3892,7.35594,-2.70293,206.981,0.0218521,0,0,0.00189387
0.495,0.295,18.0616,7.25048,-2.46948,198.406,0.0218521,0,0,0.00189387
0.495,0.305,17.725,7.142,-2.23833,189.876,0.0218521,0,0,0.00189387
0.495,0.315,17.3795,7.0307,-2.00968,181.418,0.0218521,0,0,0.00189387
0.495,0.325,17.0254,6.91676,-1.78372,173.059,0.0218521,0,0,0.00189387
0.495,0.335,16.6633,6.80035,-1.56069,164.826,0.0218521,0,0,0.00189387
0.495,0.345,16.2938,6.68165,-1.34084,156.75,0.0218521,0,0,0.00189387
0.495,0.355,15.9183,6.56079,-1.12447,148.858,0.0218521,0,0,0.00189387
0.495,0.365,15.5383,6.43786,-0.911967,141.185,0.0218521,0,0,0.00189387
0.495,0.375,15.1561,6.31291,-0.703804,133.762,0.0218521,0,0,0.00189387
0.495,0.385,14.7747,6.18592,-0.500614,126.629,0.0218521,0,0,0.00189387
0.495,0.395,14.3979,6.05675,-0.303243,119.829,0.0218521,0,0,0.00189387
0.495,0.405,14.0317,5.92481,-0.112832,113.412,0.0218521,0,0,0.00189387
0.495,0.415,13.6935,5.78196,0.0692663,107.447,0.0218521,0,0,0.00189387
0.495,0.425,13.382,5.63184,0.240969,101.984,0.0218521,0,0,0.00189387
0.495,0.435,13.1052,5.47699,0.399089,97.1368,0.0218521,0,0,0.00189387
0.495,0.445,12.8789,5.31571,0.539687,93.0314,0.0218521,0,0,0.00189387
0.495,0.455,12.7196,5.14588,0.65859,89.7919,0.0218521,0,0,0.00189387
0.495,0.465,12.6408,4.96546,0.752191,87.5164,0.0218521,0,0,0.00189387
0.495,0.475,12.6479,4.7727,0.818724,86.2347,0.0218521,0,0,0.00189387
0.495,0.485,12.7324,4.5663,0.859379,85.8727,0.0218521,0,0,0.00189387
0.495,0.495,12.8691,4.34554,0.878403,86.2485,0.0218521,0,0,0.00189387
0.495,0.505,13.0025,4.1103,0.88157,87.1183,0.0218521,0,0,0.00189387
0.495,0.515,12.96,3.86053,0.874574,88.2696,0.0218521,0,0,0.00189387
0.495,0.525,12.3119,3.57148,0.866771,89.6874,0.0218521,0,0,0.00189387
0.495,0.535,10.5432,3.10908,0.888893,91.7249,0.0218521,0,0,0.00189387
0.495,0.545,7.96336,2.14348,1.01507,94.471,0.0218521,0,0,0.00189387
0.495,0.555,5.95359,0.300038,1.31557,96.1054,0.0218521,0,0,0.00189387
0.495,0.565,5.12343,-2.38774,1.70646,94.7935,0.0218521,0,0,0.00189387
0.495,0.575,5.1052,-5.45201,1.9883,91.4179,0.0218521,0,0,0.00189387
0.495,0.585,5.83963,-8.43925,2.10503,87.0336,0.0218521,0,0,0.00189387
0.495,0.595,7.69666,-10.9185,2.16257,82.4475,0.0218521,0,0,0.00189387
0.495,0.605,11.6624,-12.596,2.3092,81.7792,0.0218521,0,0,0.00189387
0.495,0.615,19.6342,-13.5825,2.55067,87.9856,0.0218521,0,0,0.00189387
0.495,0.625,34.3627,-14.1505,2.74154,98.1046,0.0218521,0,0,0.00189387
0.495,0.635,57.8482,-14.4904,2.81003,104.02,0.0218521,0,0,0.00189387
0.495,0.645,89.55,-14.6994,2.77829,100.485,0.0218521,0,0,0.00189387
0.495,0.655,126.838,-14.8264,2.70681,90.557,0.0218521,0,0,0.00189387
0.495,0.665,167.904,-14.9,2.64923,81.9934,0.0218521,0,0,0.00189387
0.495,0.675,213.414,-14.9403,2.62873,79.9234,0.0218521,0,0,0.00189387
0.495,0.685,264.956,-14.962,2.64089,84.6809,0.0218521,0,0,0.00189387
0.495,0.695,323.016,-14.9741,2.67138,94.3319,0.0218521,0,0,0.00189387
0.495,0.705,386.558,-14.9814,2.70872,106.907,0.0218521,0,0,0.00189387
0.495,0.715,453.605,-14.9863,2.74674,121.017,0.0218521,0,0,0.00189387
0.495,0.725,521.861,-14.9898,2.78279,135.744,0.0218521,0,0,0.00189387
0.495,0.735,589.088,-14.9924,2.8159,150.458,0.0218521,0,0,0.00189387
0.495,0.745,653.306,-14.9943,2.84576,164.699,0.0218521,0,0,0.00189387
0.495,0.755,712.915,-14.9958,2.87236,178.118,0.0218521,0,0,0.00189387
0.495,0.765,766.751,-14.997,2.89576,190.459,0.0218521,0,0,0.00189387
0.495,0.775,814.109,-14.9978,2.91609,201.549,0.0218521,0,0,0.00189387
0.495,0.785,854.716,-14.9985,2.93351,211.292,0.0218521,0,0,0.00189387
0.495,0.795,888.677,-14.9989,2.94819,219.66,0.0218521,0,0,0.00189387
0.495,0.805,916.391,-14.9993,2.96036,226.684,0.0218521,0,0,0.00189387
0.495,0.815,938.466,-14.9995,2.97024,232.446,0.0218521,0,0,0.00189387
0.495,0.825,955.634,-14.9997,2.9781,237.061,0.0218521,0,0,0.00189387
0.495,0.835,968.67,-14.9998,2.98423,240.668,0.0218521,0,0,0.00189387
0.495,0.845,978.336,-14.9999,2.98888,243.418,0.0218521,0,0,0.00189387
0.495,0.855,985.334,-14.9999,2.99234,245.462,0.0218521,0,0,0.00189387
0.495,0.865,990.282,-15,2.99484,246.943,0.0218521,0,0,0.00189387
0.495,0.875,993.699,-15,2.9966,247.988,0.0218521,0,0,0.00189387
0.495,0.885,996.001,-15,2.99781,248.706,0.0218521,0,0,0.00189387
0.495,0.895,997.517,-15,2.99863,249.187,0.0218521,0,0,0.00189387
0.495,0.905,998.491,-15,2.99916,249.501,0.0218521,0,0,0.00189387
0.495,0.915,999.103,-15,2.99949,249.701,0.0218521,0,0,0.00189387
0.495,0.925,999.478,-15,2.9997,249.825,0.0218521,0,0,0.00189387
0.495,0.935,999.703,-15,2.99983,249.899,0.0218521,0,0,0.00189387
0.495,0.945,999.834,-15,2.9999,249.944,0.0218521,0,0,0.00189387
0.495,0.955,999.91,-15,2.99995,249.969,0.0218521,0,0,0.00189387
0.495,0.965,999.952,-15,2.99997,249.983,0.0218521,0,0,0.00189387
0.495,0.975,999.975,-15,2.99999,249.991,0.0218521,0,0,0.00189387
0.495,0.985,999.987,-15,2.99999,249.996,0.0218521,0,0,0.00189387
0.495,0.995,999.993,-15,3,249.998,0.0218521,0,0,0.00189387
0.505,0.005,24.0465,8.59895,-9.21322,368.272,0.0218521,0,0,0.00189387
0.505,0.015,23.9231,8.61474,-8.99464,366.011,0.0218521,0,0,0.00189387
0.505,0.025,23.7867,8.62735,-8.77448,363.34,0.0218521,0,0,0.00189387
0.505,0.035,23.6386,8.63659,-8.55266,360.274,0.0218521,0,0,0.00189387
0.505,0.045,23.4797,8.64229,-8.32914,356.825,0.0218521,0,0,0.00189387
0.505,0.055,23.3109,8.64425,-8.1039,353.008,0.0218521,0,0,0.00189387
0.505,0.065,23.133,8.64231,-7.87696,348.833,0.0218521,0,0,0.00189387
0.505,0.075,22.9467,8.63629,-7.64835,344.313,0.0218521,0,0,0.00189387
0.505,0.085,22.7526,8.62604,-7.41812,339.456,0.0218521,0,0,0.00189387
0.505,0.095,22.5512,8.61143,-7.18635,334.276,0.0218521,0,0,0.00189387
0.505,0.105,22.3428,8.59231,-6.95312,328.782,0.0218521,0,0,0.00189387
0.505,0.115,22.1279,8.56858,-6.71855,322.987,0.0218521,0,0,0.00189387
0.505,0.125,21.9066,8.54014,-6.48274,316.904,0.0218521,0,0,0.00189387
0.505,0.135,21.6792,8.5069,-6.24584,310.547,0.0218521,0,0,0.00189387
0.505,0.145,21.4459,8.4688,-6.00797,303.929,0.0218521,0,0,0.00189387
0.505,0.155,21.2067,8.42577,-5.7693,297.067,0.0218521,0,0,0.00189387
0.505,0.165,20.9618,8.37779,-5.52999,289.976,0.0218521,0,0,0.00189387
0.505,0.175,20.7111,8.32482,-5.2902,282.675,0.0218521,0,0,0.00189387
0.505,0.185,20.4547,8.26687,-5.05013,275.182,0.0218521,0,0,0.00189387
0.505,0.195,20.1923,8.20392,-4.80995,267.516,0.0218521,0,0,0.00189387
0.505,0.205,19.924,8.13598,-4.56985,259.697,0.0218521,0,0,0.00189387
0.505,0.215,19.6516,8.06306,-4.32963,251.783,0.0218521,0,0,0.00189387
0.505,0.225,19.3836,7.98531,-4.08762,243.946,0.0218521,0,0,0.00189387
0.505,0.235,19.1098,7.90327,-3.84618,236.028,0.0218521,0,0,0.00189387
0.505,0.245,18.8285,7.81717,-3.60591,228.021,0.0218521,0,0,0.00189387
0.505,0.255,18.5394,7.72717,-3.36699,219.946,0.0218521,0,0,0.00189387
0.505,0.265,18.2425,7.63345,-3.12961,211.826,0.0218521,0,0,0.00189387
0.505,0.275,17.9374,7.5362,-2.89397,203.684,0.0218521,0,0,0.00189387
0.505,0.285,17.6242,7.43559,-2.66024,195.544,0.0218521,0,0,0.00189387
0.505,0.295,17.3027,7.33182,-2.42863,187.429,0.0218521,0,0,0.00189387
0.505,0.305,16.9731,7.22508,-2.19931,179.364,0.0218521,0,0,0.00189387
0.505,0.315,16.6354,7.11554,-1.97249,171.374,0.0218521,0,0,0.00189387
0.505,0.325,16.2901,7.00339,-1.74837,163.485,0.0218521,0,0,0.00189387
0.505,0.335,15.9378,6.88879,-1.52719,155.722,0.0218521,0,0,0.00189387
0.505,0.345,15.5794,6.77188,-1.30923,148.115,0.0218521,0,0,0.00189387
0.505,0.355,15.2162,6.65277,-1.0948,140.691,0.0218521,0,0,0.00189387
0.505,0.365,14.85,6.53154,-0.884316,133.481,0.0218521,0,0,0.00189387
0.505,0.375,14.483,6.40821,-0.678303,126.519,0.0218521,0,0,0.00189387
0.505,0.385,14.1184,6.28272,-0.477454,119.842,0.0218521,0,0,0.00189387
0.505,0.395,13.7604,6.15488,-0.2827,113.495,0.0218521,0,0,0.00189387
0.505,0.405,13.4153,6.02382,-0.0952951,107.528,0.0218521,0,0,0.00189387
0.505,0.415,13.1001,5.88116,0.0832278,102.009,0.0218521,0,0,0.00189387
0.505,0.425,12.8134,5.73159,0.250538,96.9971,0.0218521,0,0,0.00189387
0.505,0.435,12.5649,5.57676,0.403242,92.6055,0.0218521,0,0,0.00189387
0.505,0.445,12.3701,5.4149,0.537313,88.9577,0.0218521,0,0,0.00189387
0.505,0.455,12.2443,5.24385,0.648651,86.1691,0.0218521,0,0,0.00189387
0.505,0.465,12.1991,5.06156,0.73402,84.3218,0.0218521,0,0,0.00189387
0.505,0.475,12.2368,4.86641,0.792371,83.423,0.0218521,0,0,0.00189387
0.505,0.485,12.3455,4.65734,0.825747,83.3756,0.0218521,0,0,0.00189387
0.505,0.495,12.4977,4.43377,0.838946,83.9887,0.0218521,0,0,0.00189387
0.505,0.505,12.6319,4.19565,0.837768,85.0291,0.0218521,0,0,0.00189387
0.505,0.515,12.5473,3.9412,0.827943,86.3195,0.0218521,0,0,0.00189387
0.505,0.525,11.7652,3.63241,0.821299,87.9153,0.0218521,0,0,0.00189387
0.505,0.535,9.82329,3.09589,0.857656,90.2278,0.0218521,0,0,0.00189387
0.505,0.545,7.3075,1.9777,1.01948,92.9613,0.0218521,0,0,0.00189387
0.505,0.555,5.59903,-0.0102698,1.35273,93.9025,0.0218521,0,0,0.00189387
0.505,0.565,4.97179,-2.70051,1.72431,92.0203,0.0218521,0,0,0.00189387
0.505,0.575,5.02421,-5.66589,1.95772,88.5927,0.0218521,0,0,0.00189387
0.505,0.585,5.76188,-8.55642,2.04362,84.3843,0.0218521,0,0,0.00189387
0.505,0.595,7.61371,-10.9622,2.10844,80.6417,0.0218521,0,0,0.00189387
0.505,0.605,11.6205,-12.5961,2.2918,81.5519,0.0218521,0,0,0.00189387
0.505,0.615,19.729,-13.5707,2.56326,89.2775,0.0218521,0,0,0.00189387
0.505,0.625,34.6963,-14.1421,2.76118,100.084,0.0218521,0,0,0.00189387
0.505,0.635,58.4074,-14.4876,2.82294,105.509,0.0218521,0,0,0.00189387
0.505,0.645,90.1061,-14.7003,2.7814,100.708,0.0218521,0,0,0.00189387
0.505,0.655,127.082,-14.8285,2.70322,89.7011,0.0218521,0,0,0.00189387
0.505,0.665,167.738,-14.9019,2.64372,80.8185,0.0218521,0,0,0.00189387
0.505,0.675,213.007,-14.9415,2.6244,78.9819,0.0218521,0,0,0.00189387
0.505,0.685,264.534,-14.9626,2.63839,84.0989,0.0218521,0,0,0.00189387
0.505,0.695,322.702,-14.9743,2.67018,94.0229,0.0218521,0,0,0.00189387
0.505,0.705,386.366,-14.9815,2.7082,106.759,0.0218521,0,0,0.00189387
0.505,0.715,453.502,-14.9863,2.74654,120.95,0.0218521,0,0,0.00189387
0.505,0.725,521.812,-14.9898,2.78272,135.716,0.0218521,0,0,0.00189387
0.505,0.735,589.066,-14.9924,2.81587,150.447,0.0218521,0,0,0.00189387
0.505,0.745,653.297,-14.9943,2.84575,164.695,0.0218521,0,0,0.00189387
0.505,0.755,712.911,-14.9958,2.87235,178.116,0.0218521,0,0,0.00189387
0.505,0.765,766.749,-14.997,2.89576,190.458,0.0218521,0,0,0.00189387
0.505,0.775,814.108,-14.9978,2.91609,201.549,0.0218521,0,0,0.00189387
0.505,0.785,854.716,-14.9985,2.93351,211.292,0.0218521,0,0,0.00189387
0.505,0.795,888.677,-14.9989,2.94819,219.66,0.0218521,0,0,0.00189387
0.505,0.805,916.391,-14.9993,2.96036,226.684,0.0218521,0,0,0.00189387
0.505,0.815,938.466,-14.9995,2.97024,232.446,0.0218521,0,0,0.00189387
0.505,0.825,955.634,-14.9997,2.9781,237.061,0.0218521,0,0,0.00189387
0.505,0.835,968.67,-14.9998,2.98423,240.668,0.0218521,0,0,0.00189387
0.505,0.845,978.336,-14.9999,2.98888,243.418,0.0218521,0,0,0.00189387
0.505,0.855,985.334,-14.9999,2.99234,245.462,0.0218521,0,0,0.00189387
0.505,0.865,990.282,-15,2.99484,246.943,0.0218521,0,0,0.00189387
0.505,0.875,993.699,-15,2.9966,247.988,0.0218521,0,0,0.00189387
0.505,0.885,996.001,-15,2.99781,248.706,0.0218521,0,0,0.00189387
0.505,0.895,997.517,-15,2.99863,249.187,0.0218521,0,0,0.00189387
0.505,0.905,998.491,-15,2.99916,249.501,0.0218521,0,0,0.00189387
0.505,0.915,999.103,-15,2.99949,249.701,0.0218521,0,0,0.00189387
0.505,0.925,999.478,-15,2.9997,249.825,0.0218521,0,0,0.00189387
0.505,0.935,999.703,-15,2.99983,249.899,0.0218521,0,0,0.00189387
0.505,0.945,999.834,-15,2.9999,249.944,0.0218521,0,0,0.00189387
0.505,0.955,999.91,-15,2.99995,249.969,0.0218521,0,0,0.00189387
0.505,0.965,999.952,-15,2.99997,249.983,0.0218521,0,0,0.00189387
0.505,0.975,999.975,-15,2.99999,249.991,0.0218521,0,0,0.00189387
0.505,0.985,999.987,-15,2.99999,249.996,0.0218521,0,0,0.00189387
0.505,0.995,999.993,-15,3,249.998,0.0218521,0,0,0.00189387
0.515,0.005,23.2,8.67636,-9.13909,349.923,0.0218521,0,0,0.00189387
0.515,0.015,23.0802,8.69091,-8.92066,347.708,0.0218521,0,0,0.00189387
0.515,0.025,22.9476,8.70233,-8.70074,345.101,0.0218521,0,0,0.00189387
0.515,0.035,22.8033,8.71043,-8.47926,342.116,0.0218521,0,0,0.00189387
0.515,0.045,22.6483,8.71505,-8.25616,338.767,0.0218521,0,0,0.00189387
0.515,0.055,22.4835,8.716,-8.03145,335.066,0.0218521,0,0,0.00189387
0.515,0.065,22.3096,8.71313,-7.80512,331.026,0.0218521,0,0,0.00189387
0.515,0.075,22.1273,8.70627,-7.57722,326.657,0.0218521,0,0,0.00189387
0.515,0.085,21.9372,8.69528,-7.34779,321.971,0.0218521,0,0,0.00189387
0.515,0.095,21.7397,8.68001,-7.1169,316.979,0.0218521,0,0,0.00189387
0.515,0.105,21.5352,8.66036,-6.88464,311.692,0.0218521,0,0,0.00189387
0.515,0.115,21.3241,8.6362,-6.65111,306.123,0.0218521,0,0,0.00189387
0.515,0.125,21.1066,8.60744,-6.41643,300.284,0.0218521,0,0,0.00189387
0.515,0.135,20.8829,8.57401,-6.18073,294.188,0.0218521,0,0,0.00189387
0.515,0.145,20.6533,8.53584,-5.94415,287.849,0.0218521,0,0,0.00189387
0.515,0.155,20.4178,8.49288,-5.70683,281.283,0.0218521,0,0,0.00189387
0.515,0.165,20.1766,8.44509,-5.46893,274.506,0.0218521,0,0,0.00189387
0.515,0.175,19.9295,8.39246,-5.23062,267.534,0.0218521,0,0,0.00189387
0.515,0.185,19.6767,8.33496,-4.99208,260.385,0.0218521,0,0,0.00189387
0.515,0.195,19.4181,8.27261,-4.75349,253.077,0.0218521,0,0,0.00189387
0.515,0.205,19.1535,8.20541,-4.51503,245.63,0.0218521,0,0,0.00189387
0.515,0.215,18.8856,8.13334,-4.27632,238.111,0.0218521,0,0,0.00189387
0.515,0.225,18.6217,8.05663,-4.03592,230.668,0.0218521,0,0,0.00189387
0.515,0.235,18.3516,7.97575,-3.79627,223.143,0.0218521,0,0,0.00189387
0.515,0.245,18.0743,7.89091,-3.55779,215.539,0.0218521,0,0,0.00189387
0.515,0.255,17.7896,7.80227,-3.32067,207.877,0.0218521,0,0,0.00189387
0.515,0.265,17.4974,7.71,-3.0851,200.178,0.0218521,0,0,0.00189387
0.515,0.275,17.1977,7.61427,-2.85127,192.465,0.0218521,0,0,0.00189387
0.515,0.285,16.8903,7.51525,-2.61936,184.759,0.0218521,0,0,0.00189387
0.515,0.295,16.5754,7.41313,-2.38955,177.083,0.0218521,0,0,0.00189387
0.515,0.305,16.2531,7.30808,-2.16204,169.461,0.0218521,0,0,0.00189387
0.515,0.315,15.9236,7.20027,-1.93703,161.916,0.0218521,0,0,0.00189387
0.515,0.325,15.5874,7.08987,-1.71474,154.472,0.0218521,0,0,0.00189387
0.515,0.335,15.2453,6.97701,-1.4954,147.156,0.0218521,0,0,0.00189387
0.515,0.345,14.8982,6.86183,-1.27932,139.993,0.0218521,0,0,0.00189387
0.515,0.355,14.5475,6.74441,-1.06685,133.012,0.0218521,0,0,0.00189387
0.515,0.365,14.1951,6.6248,-0.858414,126.242,0.0218521,0,0,0.00189387
0.515,0.375,13.8434,6.503,-0.6546,119.717,0.0218521,0,0,0.00189387
0.515,0.385,13.4957,6.37891,-0.456166,113.473,0.0218521,0,0,0.00189387
0.515,0.395,13.1564,6.2523,-0.26414,107.556,0.0218521,0,0,0.00189387
0.515,0.405,12.8322,6.12196,-0.0798965,102.017,0.0218521,0,0,0.00189387
0.515,0.415,12.5396,5.97949,0.0948291,96.9236,0.0218521,0,0,0.00189387
0.515,0.425,12.2777,5.83028,0.257463,92.3425,0.0218521,0,0,0.00189387
0.515,0.435,12.0572,5.67526,0.404432,88.3869,0.0218521,0,0,0.00189387
0.515,0.445,11.8932,5.51261,0.531655,85.1756,0.0218521,0,0,0.00189387
0.515,0.455,11.7998,5.34013,0.63517,82.8149,0.0218521,0,0,0.00189387
0.515,0.465,11.7865,5.15577,0.712193,81.3705,0.0218521,0,0,0.00189387
0.515,0.475,11.8527,4.95805,0.762423,80.8281,0.0218521,0,0,0.00189387
0.515,0.485,11.9836,4.74608,0.788677,81.0732,0.0218521,0,0,0.00189387
0.515,0.495,12.15,4.51931,0.796163,81.9112,0.0218521,0,0,0.00189387
0.515,0.505,12.2825,4.2777,0.790652,83.1231,0.0218521,0,0,0.00189387
0.515,0.515,12.1452,4.01641,0.778273,84.5694,0.0218521,0,0,0.00189387
0.515,0.525,11.2077,3.67878,0.774754,86.3862,0.0218521,0,0,0.00189387
0.515,0.535,9.10684,3.04617,0.831152,89.0029,0.0218521,0,0,0.00189387
0.515,0.545,6.726,1.76562,1.03349,91.5445,0.0218521,0,0,0.00189387
0.515,0.555,5.32295,-0.334437,1.39083,91.7024,0.0218521,0,0,0.00189387
0.515,0.565,4.85506,-2.98782,1.73203,89.3866,0.0218521,0,0,0.00189387
0.515,0.575,4.95386,-5.84729,1.91766,85.9762,0.0218521,0,0,0.00189387
0.515,0.585,5.68705,-8.64742,1.97964,82.0397,0.0218521,0,0,0.00189387
0.515,0.595,7.53898,-10.9872,2.05967,79.2845,0.0218521,0,0,0.00189387
0.515,0.605,11.5995,-12.586,2.28243,81.8127,0.0218521,0,0,0.00189387
0.515,0.615,19.8572,-13.5551,2.58117,90.9528,0.0218521,0,0,0.00189387
0.515,0.625,35.0698,-14.1329,2.78289,102.271,0.0218521,0,0,0.00189387
0.515,0.635,58.9939,-14.485,2.83593,107,0.0218521,0,0,0.00189387
0.515,0.645,90.6529,-14.7015,2.78371,100.789,0.0218521,0,0,0.00189387
0.515,0.655,127.28,-14.8309,2.69881,88.7003,0.0218521,0,0,0.00189387
0.515,0.665,167.523,-14.9039,2.6378,79.5766,0.0218521,0,0,0.00189387
0.515,0.675,212.576,-14.9427,2.62,78.0378,0.0218521,0,0,0.00189387
0.515,0.685,264.115,-14.9632,2.63595,83.5377,0.0218521,0,0,0.00189387
0.515,0.695,322.403,-14.9746,2.66905,93.7343,0.0218521,0,0,0.00189387
0.515,0.705,386.189,-14.9816,2.70773,106.624,0.0218521,0,0,0.00189387
0.515,0.715,453.411,-14.9864,2.74636,120.891,0.0218521,0,0,0.00189387
0.515,0.725,521.768,-14.9898,2.78265,135.691,0.0218521,0,0,0.00189387
0.515,0.735,589.047,-14.9924,2.81584,150.438,0.0218521,0,0,0.00189387
0.515,0.745,653.289,-14.9943,2.84574,164.691,0.0218521,0,0,0.00189387
0.515,0.755,712.908,-14.9958,2.87235,178.115,0.0218521,0,0,0.00189387
0.515,0.765,766.748,-14.997,2.89576,190.458,0.0218521,0,0,0.00189387
0.515,0.775,814.108,-14.9978,2.91609,201.549,0.0218521,0,0,0.00189387
0.515,0.785,854.716,-14.9985,2.93351,211.292,0.0218521,0,0,0.00189387
0.515,0.795,888.677,-14.9989,2.94819,219.66,0.0218521,0,0,0.00189387
0.515,0.805,916.391,-14.9993,2.96036,226.684,0.0218521,0,0,0.00189387
0.515,0.815,938.466,-14.9995,2.97024,232.446,0.0218521,0,0,0.00189387
0.515,0.825,955.634,-14.9997,2.9781,237.061,0.0218521,0,0,0.00189387
0.515,0.835,968.67,-14.9998,2.98423,240.668,0.0218521,0,0,0.00189387
0.515,0.845,978.336,-14.9999,2.98888,243.418,0.0218521,0,0,0.00189387
0.515,0.855,985.334,-14.9999,2.99234,245.462,0.0218521,0,0,0.00189387
0.515,0.865,990.282,-15,2.99484,246.943,0.0218521,0,0,0.00189387
0.515,0.875,993.699,-15,2.9966,247.988,0.0218521,0,0,0.00189387
0.515,0.885,996.001,-15,2.99781,248.706,0.0218521,0,0,0.00189387
0.515,0.895,997.517,-15,2.99863,249.187,0.0218521,0,0,0.00189387
0.515,0.905,998.491,-15,2.99916,249.501,0.0218521,0,0,0.00189387
0.515,0.915,999.103,-15,2.99949,249.701,0.0218521,0,0,0.00189387
0.515,0.925,999.478,-15,2.9997,249.825,0.0218521,0,0,0.00189387
0.515,0.935,999.703,-15,2.99983,249.899,0.0218521,0,0,0.00189387
0.515,0.945,999.834,-15,2.9999,249.944,0.0218521,0,0,0.00189387
0.515,0.955,999.91,-15,2.99995,249.969,0.0218521,0,0,0.00189387
0.515,0.965,999.952,-15,2.99997,249.983,0.0218521,0,0,0.00189387
0.515,0.975,999.975,-15,2.99999,249.991,0.0218521,0,0,0.00189387
0.515,0.985,999.987,-15,2.99999,249.996,0.0218521,0,0,0.00189387
0.515,0.995,999.993,-15,3,249.998,0.0218521,0,0,0.00189387
0.525,0.005,22.3788,8.75317,-9.0666,332.404,0.0218521,0,0,0.00189387
0.525,0.015,22.2625,8.76653,-8.84837,330.241,0.0218521,0,0,0.00189387
0.525,0.025,22.1337,8.77681,-8.62873,327.703,0.0218521,0,0,0.00189387
0.525,0.035,21.9932,8.78383,-8.40762,324.804,0.0218521,0,0,0.00189387
0.525,0.045,21.8422,8.78742,-8.18498,321.558,0.0218521,0,0,0.00189387
0.525,0.055,21.6814,8.78742,-7.96082,317.976,0.0218521,0,0,0.00189387
0.525,0.065,21.5115,8.78366,-7.73514,314.072,0.0218521,0,0,0.00189387
0.525,0.075,21.3332,8.77601,-7.50796,309.856,0.0218521,0,0,0.00189387
0.525,0.085,21.147,8.76431,-7.27935,305.34,0.0218521,0,0,0.00189387
0.525,0.095,20.9534,8.74845,-7.04936,300.535,0.0218521,0,0,0.00189387
0.525,0.105,20.7529,8.72829,-6.81808,295.453,0.0218521,0,0,0.00189387
0.525,0.115,20.5457,8.70374,-6.58562,290.106,0.0218521,0,0,0.00189387
0.525,0.125,20.3321,8.67471,-6.35208,284.505,0.0218521,0,0,0.00189387
0.525,0.135,20.1123,8.64113,-6.11759,278.664,0.0218521,0,0,0.00189387
0.525,0.145,19.8865,8.60292,-5.88229,272.598,0.0218521,0,0,0.00189387
0.525,0.155,19.6548,8.56005,-5.64632,266.319,0.0218521,0,0,0.00189387
0.525,0.165,19.4174,8.51248,-5.40984,259.845,0.0218521,0,0,0.00189387
0.525,0.175,19.1742,8.46019,-5.173,253.191,0.0218521,0,0,0.00189387
0.525,0.185,18.9252,8.40318,-4.93599,246.373,0.0218521,0,0,0.00189387
0.525,0.195,18.6705,8.34143,-4.69897,239.411,0.0218521,0,0,0.00189387
0.525,0.205,18.41,8.27496,-4.46213,232.321,0.0218521,0,0,0.00189387
0.525,0.215,18.147,8.20377,-4.22491,225.182,0.0218521,0,0,0.00189387
0.525,0.225,17.8873,8.12808,-3.98615,218.113,0.0218521,0,0,0.00189387
0.525,0.235,17.6213,8.04836,-3.74825,210.965,0.0218521,0,0,0.00189387
0.525,0.245,17.3484,7.96477,-3.51153,203.747,0.0218521,0,0,0.00189387
0.525,0.255,17.0684,7.87746,-3.27619,196.48,0.0218521,0,0,0.00189387
0.525,0.265,16.7814,7.78661,-3.0424,189.184,0.0218521,0,0,0.00189387
0.525,0.275,16.4874,7.69237,-2.81036,181.879,0.0218521,0,0,0.00189387
0.525,0.285,16.1864,7.59492,-2.58023,174.587,0.0218521,0,0,0.00189387
0.525,0.295,15.8784,7.49441,-2.35221,167.329,0.0218521,0,0,0.00189387
0.525,0.305,15.5638,7.39101,-2.12649,160.128,0.0218521,0,0,0.00189387
0.525,0.315,15.2428,7.28488,-1.90327,153.006,0.0218521,0,0,0.00189387
0.525,0.325,14.9161,7.17616,-1.68279,145.986,0.0218521,0,0,0.00189387
0.525,0.335,14.5843,7.06499,-1.4653,139.093,0.0218521,0,0,0.00189387
0.525,0.345,14.2487,6.95147,-1.25111,132.353,0.0218521,0,0,0.00189387
0.525,0.355,13.9106,6.83567,-1.0406,125.792,0.0218521,0,0,0.00189387
0.525,0.365,13.5721,6.71761,-0.834255,119.439,0.0218521,0,0,0.00189387
0.525,0.375,13.2357,6.59726,-0.632696,113.328,0.0218521,0,0,0.00189387
0.525,0.385,12.9048,6.47447,-0.436763,107.495,0.0218521,0,0,0.00189387
0.525,0.395,12.584,6.34897,-0.247585,101.986,0.0218521,0,0,0.00189387
0.525,0.405,12.2805,6.21922,-0.0666749,96.8543,0.0218521,0,0,0.00189387
0.525,0.415,12.0102,6.07693,0.104017,92.167,0.0218521,0,0,0.00189387
0.525,0.425,11.773,5.92788,0.26168,87.9981,0.0218521,0,0,0.00189387
0.525,0.435,11.5801,5.77248,0.402588,84.4593,0.0218521,0,0,0.00189387
0.525,0.445,11.4463,5.60882,0.522636,81.6647,0.0218521,0,0,0.00189387
0.525,0.455,11.3843,5.43468,0.618066,79.7109,0.0218521,0,0,0.00189387
0.525,0.465,11.4014,5.24802,0.68661,78.6475,0.0218521,0,0,0.00189387
0.525,0.475,11.4944,5.04747,0.728716,78.4412,0.0218521,0,0,0.00189387
0.525,0.485,11.6462,4.83222,0.747879,78.9644,0.0218521,0,0,0.00189387
0.525,0.495,11.8262,4.60171,0.749621,80.0238,0.0218521,0,0,0.00189387
0.525,0.505,11.9546,4.35573,0.739716,81.4148,0.0218521,0,0,0.00189387
0.525,0.515,11.7507,4.08428,0.725295,83.041,0.0218521,0,0,0.00189387
0.525,0.525,10.6337,3.70469,0.728026,85.131,0.0218521,0,0,0.00189387
0.525,0.535,8.40393,2.95193,0.811694,88.0344,0.0218521,0,0,0.00189387
0.525,0.545,6.22924,1.50993,1.05757,90.1616,0.0218521,0,0,0.00189387
0.525,0.555,5.11212,-0.660369,1.42714,89.5267,0.0218521,0,0,0.00189387
0.525,0.565,4.76655,-3.24437,1.72884,86.9217,0.0218521,0,0,0.00189387
0.525,0.575,4.8915,-5.99614,1.86956,83.5856,0.0218521,0,0,0.00189387
0.525,0.585,5.61631,-8.71237,1.91527,80.0319,0.0218521,0,0,0.00189387
0.525,0.595,7.47577,-10.9936,2.01794,78.4032,0.0218521,0,0,0.00189387
0.525,0.605,11.602,-12.5662,2.28146,82.5589,0.0218521,0,0,0.00189387
0.525,0.615,20.02,-13.5363,2.60412,92.9931,0.0218521,0,0,0.00189387
0.525,0.625,35.4826,-14.1231,2.80633,104.64,0.0218521,0,0,0.00189387
0.525,0.635,59.604,-14.4828,2.84874,108.457,0.0218521,0,0,0.00189387
0.525,0.645,91.1837,-14.7031,2.78508,100.704,0.0218521,0,0,0.00189387
0.525,0.655,127.428,-14.8335,2.69355,87.548,0.0218521,0,0,0.00189387
0.525,0.665,167.258,-14.9059,2.6315,78.274,0.0218521,0,0,0.00189387
0.525,0.675,212.124,-14.9439,2.61558,77.098,0.0218521,0,0,0.00189387
0.525,0.685,263.702,-14.9637,2.63361,83.0002,0.0218521,0,0,0.00189387
0.525,0.695,322.119,-14.9748,2.668,93.4665,0.0218521,0,0,0.00189387
0.525,0.705,386.027,-14.9817,2.70731,106.502,0.0218521,0,0,0.00189387
0.525,0.715,453.329,-14.9864,2.7462,120.84,0.0218521,0,0,0.00189387
0.525,0.725,521.731,-14.9898,2.78259,135.671,0.0218521,0,0,0.00189387
0.525,0.735,589.031,-14.9924,2.81582,150.43,0.0218521,0,0,0.00189387
0.525,0.745,653.283,-14.9943,2.84573,164.688,0.0218521,0,0,0.00189387
0.525,0.755,712.906,-14.9958,2.87235,178.114,0.0218521,0,0,0.00189387
0.525,0.765,766.747,-14.997,2.89576,190.457,0.0218521,0,0,0.00189387
0.525,0.775,814.108,-14.9978,2.91609,201.549,0.0218521,0,0,0.00189387
0.525,0.785,854.716,-14.9985,2.93351,211.292,0.0218521,0,0,0.00189387
0.525,0.795,888.677,-14.9989,2.94819,219.66,0.0218521,0,0,0.00189387
0.525,0.805,916.391,-14.9993,2.96036,226.684,0.0218521,0,0,0.00189387
0.525,0.815,938.466,-14.9995,2.97024,232.446,0.0218521,0,0,0.00189387
0.525,0.825,955.634,-14.9997,2.9781,237.061,0.0218521,0,0,0.00189387
0.525,0.835,968.67,-14.9998,2.98423,240.668,0.0218521,0,0,0.00189387
0.525,0.845,978.336,-14.9999,2.98888,243.418,0.0218521,0,0,0.00189387
0.525,0.855,985.334,-14.9999,2.99234,245.462,0.0218521,0,0,0.00189387
0.525,0.865,990.282,-15,2.99484,246.943,0.0218521,0,0,0.00189387
0.525,0.875,993.699,-15,2.9966,247.988,0.0218521,0,0,0.00189387
0.525,0.885,996.001,-15,2.99781,248.706,0.0218521,0,0,0.00189387
0.525,0.895,997.517,-15,2.99863,249.187,0.0218521,0,0,0.00189387
0.525,0.905,998.491,-15,2.99916,249.501,0.0218521,0,0,0.00189387
0.525,0.915,999.103,-15,2.99949,249.701,0.0218521,0,0,0.00189387
0.525,0.925,999.478,-15,2.9997,249.825,0.0218521,0,0,0.00189387
0.525,0.935,999.703,-15,2.99983,249.899,0.0218521,0,0,0.00189387
0.525,0.945,999.834,-15,2.9999,249.944,0.0218521,0,0,0.00189387
0.525,0.955,999.91,-15,2.99995,249.969,0.0218521,0,0,0.00189387
0.525,0.965,999.952,-15,2.99997,249.983,0.0218521,0,0,0.00189387
0.525,0.975,999.975,-15,2.99999,249.991,0.0218521,0,0,0.00189387
0.525,0.985,999.987,-15,2.99999,249.996,0.0218521,0,0,0.00189387
0.525,0.995,999.993,-15,3,249.998,0.0218521,0,0,0.00189387
0.535,0.005,21.5819,8.82941,-8.99575,315.678,0.028993,0.101331,0,0.00281365
0.535,0.015,21.4691,8.84164,-8.77777,313.571,0.028993,0.101331,0,0.00281365
0.535,0.025,21.344,8.85082,-8.55844,311.105,0.028993,0.101331,0,0.00281365
0.535,0.035,21.2074,8.8568,-8.33773,308.296,0.028993,0.101331,0,0.00281365
0.535,0.045,21.0602,8.85941,-8.11559,305.155,0.028993,0.101331,0,0.00281365
0.535,0.055,20.9034,8.8585,-7.892,301.695,0.028993,0.101331,0,0.00281365
0.535,0.065,20.7375,8.85392,-7.66698,297.928,0.028993,0.101331,0,0.00281365
0.535,0.075,20.5632,8.84551,-7.44056,293.866,0.028993,0.101331,0,0.00281365
0.535,0.085,20.3811,8.83316,-7.21278,289.519,0.028993,0.101331,0,0.00281365
0.535,0.095,20.1916,8.81673,-6.98371,284.9,0.028993,0.101331,0,0.00281365
0.535,0.105,19.995,8.79612,-6.75343,280.02,0.028993,0.101331,0,0.00281365
0.535,0.115,19.7918,8.77122,-6.52205,274.89,0.028993,0.101331,0,0.00281365
0.535,0.125,19.5822,8.74195,-6.28966,269.522,0.028993,0.101331,0,0.00281365
0.535,0.135,19.3663,8.70824,-6.05639,263.931,0.028993,0.101331,0,0.00281365
0.535,0.145,19.1445,8.67003,-5.82237,258.129,0.028993,0.101331,0,0.00281365
0.535,0.155,18.9168,8.62728,-5.58775,252.129,0.028993,0.101331,0,0.00281365
0.535,0.165,18.6834,8.57995,-5.35268,245.948,0.028993,0.101331,0,0.00281365
0.535,0.175,18.4442,8.52803,-5.11731,239.601,0.028993,0.101331,0,0.00281365
0.535,0.185,18.1994,8.4715,-4.88181,233.104,0.028993,0.101331,0,0.00281365
0.535,0.195,17.9489,8.41037,-4.64636,226.473,0.028993,0.101331,0,0.00281365
0.535,0.205,17.6927,8.34465,-4.41113,219.728,0.028993,0.101331,0,0.00281365
0.535,0.215,17.4348,8.27432,-4.17538,212.953,0.028993,0.101331,0,0.00281365
0.535,0.225,17.1796,8.19966,-3.93825,206.241,0.028993,0.101331,0,0.00281365
0.535,0.235,16.918,8.12107,-3.70208,199.454,0.028993,0.101331,0,0.00281365
0.535,0.245,16.6498,8.03871,-3.46711,192.606,0.028993,0.101331,0,0.00281365
0.535,0.255,16.375,7.95272,-3.23351,185.717,0.028993,0.101331,0,0.00281365
0.535,0.265,16.0935,7.86327,-3.00149,178.804,0.028993,0.101331,0,0.00281365
0.535,0.275,15.8056,7.77049,-2.7712,171.889,0.028993,0.101331,0,0.00281365
0.535,0.285,15.5112,7.67456,-2.54283,164.992,0.028993,0.101331,0,0.00281365
0.535,0.295,15.2105,7.57562,-2.31657,158.132,0.028993,0.101331,0,0.00281365
0.535,0.305,14.9039,7.47383,-2.09262,151.332,0.028993,0.101331,0,0.00281365
0.535,0.315,14.5917,7.36933,-1.87119,144.612,0.028993,0.101331,0,0.00281365
0.535,0.325,14.2745,7.26225,-1.65251,137.995,0.028993,0.101331,0,0.00281365
0.535,0.335,13.9534,7.1527,-1.43686,131.504,0.028993,0.101331,0,0.00281365
0.535,0.345,13.6293,7.04078,-1.22458,125.163,0.028993,0.101331,0,0.00281365
0.535,0.355,13.304,6.92653,-1.01606,119,0.028993,0.101331,0,0.00281365
0.535,0.365,12.9793,6.80994,-0.811836,113.043,0.028993,0.101331,0,0.00281365
0.535,0.375,12.6581,6.69094,-0.612595,107.325,0.028993,0.101331,0,0.00281365
0.535,0.385,12.3439,6.56936,-0.419257,101.883,0.028993,0.101331,0,0.00281365
0.535,0.395,12.0415,6.44487,-0.233062,96.7614,0.028993,0.101331,0,0.00281365
0.535,0.405,11.7586,6.31561,-0.0556697,92.017,0.028993,0.101331,0,0.00281365
0.535,0.415,11.5102,6.17345,0.110738,87.7174,0.028993,0.101331,0,0.00281365
0.535,0.425,11.2974,6.0244,0.26312,83.943,0.028993,0.101331,0,0.00281365
0.535,0.435,11.1319,5.8684,0.39762,80.8033,0.028993,0.101331,0,0.00281365
0.535,0.445,11.0276,5.7035,0.510148,78.4076,0.028993,0.101331,0,0.00281365
0.535,0.455,10.9961,5.52744,0.597203,76.8429,0.028993,0.101331,0,0.00281365
0.535,0.465,11.0426,5.33819,0.657078,76.1433,0.028993,0.101331,0,0.00281365
0.535,0.475,11.1614,5.13442,0.690954,76.2595,0.028993,0.101331,0,0.00281365
0.535,0.485,11.3335,4.91537,0.702924,77.0549,0.028993,0.101331,0,0.00281365
0.535,0.495,11.5273,4.68039,0.698773,78.3394,0.028993,0.101331,0,0.00281365
0.535,0.505,11.6484,4.42878,0.6844,79.923,0.028993,0.101331,0,0.00281365
0.535,0.515,11.3593,4.14201,0.668892,81.7632,0.028993,0.101331,0,0.00281365
0.535,0.525,10.0376,3.70167,0.682723,84.1892,0.028993,0.101331,0,0.00281365
0.535,0.535,7.73097,2.80627,0.802095,87.279,0.028993,0.101331,0,0.00281365
0.535,0.545,5.82384,1.21755,1.09125,88.7646,0.028993,0.101331,0,0.00281365
0.535,0.555,4.95802,-0.975913,1.45858,87.4134,0.028993,0.101331,0,0.00281365
0.535,0.565,4.70049,-3.46654,1.71463,84.6503,0.028993,0.101331,0,0.00281365
0.535,0.575,4.83548,-6.11269,1.81525,81.4423,0.028993,0.101331,0,0.00281365
0.535,0.585,5.55168,-8.75111,1.85291,78.399,0.028993,0.101331,0,0.00281365
0.535,0.595,7.42746,-10.9817,1.98487,78.0241,0.028993,0.101331,0,0.00281365
0.535,0.605,11.6303,-12.5376,2.28906,83.786,0.028993,0.101331,0,0.00281365
0.535,0.615,20.2181,-13.5147,2.63175,95.3796,0.028993,0.101331,0,0.00281365
0.535,0.625,35.9336,-14.1132,2.8312,107.159,0.028993,0.101331,0,0.00281365
0.535,0.635,60.2335,-14.481,2.86112,109.844,0.028993,0.101331,0,0.00281365
0.535,0.645,91.6916,-14.7053,2.78534,100.426,0.028993,0.101331,0,0.00281365
0.535,0.655,127.521,-14.8365,2.68738,86.2404,0.028993,0.101331,0,0.00281365
0.535,0.665,166.946,-14.9081,2.62483,76.9186,0.028993,0.101331,0,0.00281365
0.535,0.675,211.657,-14.9451,2.61115,76.1694,0.028993,0.101331,0,0.00281365
0.535,0.685,263.298,-14.9643,2.63136,82.4894,0.028993,0.101331,0,0.00281365
0.535,0.695,321.853,-14.975,2.66703,93.22,0.028993,0.101331,0,0.00281365
0.535,0.705,385.88,-14.9818,2.70693,106.393,0.028993,0.101331,0,0.00281365
0.535,0.715,453.257,-14.9864,2.74606,120.795,0.028993,0.101331,0,0.00281365
0.535,0.725,521.699,-14.9898,2.78254,135.653,0.028993,0.101331,0,0.00281365
0.535,0.735,589.018,-14.9924,2.81581,150.423,0.028993,0.101331,0,0.00281365
0.535,0.745,653.278,-14.9943,2.84573,164.686,0.028993,0.101331,0,0.00281365
0.535,0.755,712.904,-14.9958,2.87235,178.113,0.028993,0.101331,0,0.00281365
0.535,0.765,766.747,-14.997,2.89576,190.457,0.028993,0.101331,0,0.00281365
0.535,0.775,814.107,-14.9978,2.91609,201.549,0.028993,0.101331,0,0.00281365
0.535,0.785,854.716,-14.9985,2.93351,211.292,0.028993,0.101331,0,0.00281365
0.535,0.795,888.677,-14.9989,2.94819,219.66,0.028993,0.101331,0,0.00281365
0.535,0.805,916.391,-14.9993,2.96036,226.684,0.028993,0.101331,0,0.00281365
0.535,0.815,938.466,-14.9995,2.97024,232.446,0.028993,0.101331,0,0.00281365
0.535,0.825,955.634,-14.9997,2.9781,237.061,0.028993,0.101331,0,0.00281365
0.535,0.835,968.67,-14.9998,2.98423,240.668,0.028993,0.101331,0,0.00281365
0.535,0.845,978.336,-14.9999,2.98888,243.418,0.028993,0.101331,0,0.00281365
0.535,0.855,985.334,-14.9999,2.99234,245.462,0.028993,0.101331,0,0.00281365
0.535,0.865,990.282,-15,2.99484,246.943,0.028993,0.101331,0,0.00281365
0.535,0.875,993.699,-15,2.9966,247.988,0.028993,0.101331,0,0.00281365
0.535,0.885,996.001,-15,2.99781,248.706,0.028993,0.101331,0,0.00281365
0.535,0.895,997.517,-15,2.99863,249.187,0.028993,0.101331,0,0.00281365
0.535,0.905,998.491,-15,2.99916,249.501,0.028993,0.101331,0,0.00281365
0.535,0.915,999.103,-15,2.99949,249.701,0.028993,0.101331,0,0.00281365
0.535,0.925,999.478,-15,2.9997,249.825,0.028993,0.101331,0,0.00281365
0.535,0.935,999.703,-15,2.99983,249.899,0.028993,0.101331,0,0.00281365
0.535,0.945,999.834,-15,2.9999,249.944,0.028993,0.101331,0,0.00281365
0.535,0.955,999.91,-15,2.99995,249.969,0.028993,0.101331,0,0.00281365
0.535,0.965,999.952,-15,2.99997,249.983,0.028993,0.101331,0,0.00281365
0.535,0.975,999.975,-15,2.99999,249.991,0.028993,0.101331,0,0.00281365
0.535,0.985,999.987,-15,2.99999,249.996,0.028993,0.101331,0,0.00281365
0.535,0.995,999.993,-15,3,249.998,0.028993,0.101331,0,0.00281365
0.545,0.005,20.8086,8.90511,-8.92655,299.713,0.0389292,0.213219,0,0.00425056
0.545,0.015,20.6993,8.91625,-8.70884,297.664,0.0389292,0.213219,0,0.00425056
0.545,0.025,20.5777,8.92439,-8.48987,295.274,0.0389292,0.213219,0,0.00425056
0.545,0.035,20.4449,8.92937,-8.26959,292.556,0.0389292,0.213219,0,0.00425056
0.545,0.045,20.3017,8.93105,-8.04796,289.522,0.0389292,0.213219,0,0.00425056
0.545,0.055,20.1488,8.92928,-7.82498,286.185,0.0389292,0.213219,0,0.00425056
0.545,0.065,19.9869,8.9239,-7.60065,282.555,0.0389292,0.213219,0,0.00425056
0.545,0.075,19.8167,8.9148,-7.375,278.646,0.0389292,0.213219,0,0.00425056
0.545,0.085,19.6386,8.90183,-7.14808,274.468,0.0389292,0.213219,0,0.00425056
0.545,0.095,19.4532,8.88488,-6.91994,270.032,0.0389292,0.213219,0,0.00425056
0.545,0.105,19.2607,8.86385,-6.69067,265.35,0.0389292,0.213219,0,0.00425056
0.545,0.115,19.0615,8.83864,-6.46037,260.434,0.0389292,0.213219,0,0.00425056
0.545,0.125,18.856,8.80916,-6.22914,255.295,0.0389292,0.213219,0,0.00425056
0.545,0.135,18.6443,8.77536,-5.9971,249.946,0.0389292,0.213219,0,0.00425056
0.545,0.145,18.4266,8.73717,-5.76437,244.4,0.0389292,0.213219,0,0.00425056
0.545,0.155,18.203,8.69456,-5.5311,238.672,0.0389292,0.213219,0,0.00425056
0.545,0.165,17.9737,8.64749,-5.29743,232.775,0.0389292,0.213219,0,0.00425056
0.545,0.175,17.7388,8.59595,-5.06352,226.724,0.0389292,0.213219,0,0.00425056
0.545,0.185,17.4983,8.53993,-4.82953,220.535,0.0389292,0.213219,0,0.00425056
0.545,0.195,17.2522,8.47943,-4.59563,214.225,0.0389292,0.213219,0,0.00425056
0.545,0.205,17.0006,8.41445,-4.36199,207.81,0.0389292,0.213219,0,0.00425056
0.545,0.215,16.7481,8.345,-4.12768,201.385,0.0389292,0.213219,0,0.00425056
0.545,0.225,16.4975,8.27136,-3.8922,195.014,0.0389292,0.213219,0,0.00425056
0.545,0.235,16.2407,8.19389,-3.65773,188.573,0.0389292,0.213219,0,0.00425056
0.545,0.245,15.9776,8.11274,-3.42447,182.079,0.0389292,0.213219,0,0.00425056
0.545,0.255,15.7082,8.02804,-3.19261,175.55,0.0389292,0.213219,0,0.00425056
0.545,0.265,15.4327,7.93995,-2.96231,169.005,0.0389292,0.213219,0,0.00425056
0.545,0.275,15.1511,7.84861,-2.73376,162.462,0.0389292,0.213219,0,0.00425056
0.545,0.285,14.8636,7.75416,-2.50713,155.94,0.0389292,0.213219,0,0.00425056
0.545,0.295,14.5705,7.65675,-2.28262,149.459,0.0389292,0.213219,0,0.00425056
0.545,0.305,14.2721,7.55652,-2.06042,143.04,0.0389292,0.213219,0,0.00425056
0.545,0.315,13.9689,7.4536,-1.84076,136.702,0.0389292,0.213219,0,0.00425056
0.545,0.325,13.6616,7.3481,-1.62388,130.467,0.0389292,0.213219,0,0.00425056
0.545,0.335,13.3511,7.24013,-1.41008,124.357,0.0389292,0.213219,0,0.00425056
0.545,0.345,13.0387,7.12974,-1.1997,118.396,0.0389292,0.213219,0,0.00425056
0.545,0.355,12.726,7.01697,-0.993204,112.611,0.0389292,0.213219,0,0.00425056
0.545,0.365,12.4152,6.90178,-0.791152,107.029,0.0389292,0.213219,0,0.00425056
0.545,0.375,12.1092,6.78406,-0.594301,101.683,0.0389292,0.213219,0,0.00425056
0.545,0.385,11.8116,6.66359,-0.403661,96.6109,0.0389292,0.213219,0,0.00425056
0.545,0.395,11.5274,6.54,-0.220595,91.8589,0.0389292,0.213219,0,0.00425056
0.545,0.405,11.2646,6.41114,-0.0469241,87.4835,0.0389292,0.213219,0,0.00425056
0.545,0.415,11.0379,6.26906,0.114927,83.5545,0.0389292,0.213219,0,0.00425056
0.545,0.425,10.8495,6.1198,0.261692,80.1583,0.0389292,0.213219,0,0.00425056
0.545,0.435,10.711,5.96299,0.389406,77.4021,0.0389292,0.213219,0,0.00425056
0.545,0.445,10.6358,5.79658,0.494024,75.3906,0.0389292,0.213219,0,0.00425056
0.545,0.455,10.6342,5.61828,0.57235,74.2013,0.0389292,0.213219,0,0.00425056
0.545,0.465,10.7096,5.42603,0.623273,73.8544,0.0389292,0.213219,0,0.00425056
0.545,0.475,10.8539,5.21851,0.648689,74.2872,0.0389292,0.213219,0,0.00425056
0.545,0.485,11.0466,4.99493,0.653251,75.3564,0.0389292,0.213219,0,0.00425056
0.545,0.495,11.2546,4.75458,0.64299,76.8755,0.0389292,0.213219,0,0.00425056
0.545,0.505,11.3639,4.49554,0.624176,78.6706,0.0389292,0.213219,0,0.00425056
0.545,0.515,10.9642,4.18526,0.609289,80.7749,0.0389292,0.213219,0,0.00425056
0.545,0.525,9.41661,3.6581,0.641377,83.6111,0.0389292,0.213219,0,0.00425056
0.545,0.535,7.11086,2.60548,0.80537,86.6632,0.0389292,0.213219,0,0.00425056
0.545,0.545,5.51163,0.899573,1.1327,87.3287,0.0389292,0.213219,0,0.00425056
0.545,0.555,4.85254,-1.27017,1.48222,85.4074,0.0389292,0.213219,0,0.00425056
0.545,0.565,4.65163,-3.6525,1.6901,82.5921,0.0389292,0.213219,0,0.00425056
0.545,0.575,4.78531,-6.19722,1.75696,79.5749,0.0389292,0.213219,0,0.00425056
0.545,0.585,5.49598,-8.7633,1.79519,77.1863,0.0389292,0.213219,0,0.00425056
0.545,0.595,7.3974,-10.9517,1.96189,78.1721,0.0389292,0.213219,0,0.00425056
0.545,0.605,11.686,-12.501,2.30524,85.4872,0.0389292,0.213219,0,0.00425056
0.545,0.615,20.4518,-13.4911,2.6637,98.0921,0.0389292,0.213219,0,0.00425056
0.545,0.625,36.4216,-14.1033,2.85714,109.797,0.0389292,0.213219,0,0.00425056
0.545,0.635,60.8776,-14.4799,2.87282,111.121,0.0389292,0.213219,0,0.00425056
0.545,0.645,92.1694,-14.708,2.78435,99.9286,0.0389292,0.213219,0,0.00425056
0.545,0.655,127.555,-14.8397,2.6803,84.7766,0.0389292,0.213219,0,0.00425056
0.545,0.665,166.588,-14.9103,2.61784,75.5202,0.0389292,0.213219,0,0.00425056
0.545,0.675,211.177,-14.9462,2.60676,75.259,0.0389292,0.213219,0,0.00425056
0.545,0.685,262.905,-14.9648,2.62922,82.0078,0.0389292,0.213219,0,0.00425056
0.545,0.695,321.605,-14.9752,2.66613,92.995,0.0389292,0.213219,0,0.00425056
0.545,0.705,385.747,-14.9818,2.70659,106.296,0.0389292,0.213219,0,0.00425056
0.545,0.715,453.194,-14.9865,2.74594,120.756,0.0389292,0.213219,0,0.00425056
0.545,0.725,521.672,-14.9898,2.7825,135.638,0.0389292,0.213219,0,0.00425056
0.545,0.735,589.007,-14.9924,2.81579,150.417,0.0389292,0.213219,0,0.00425056
0.545,0.745,653.274,-14.9943,2.84572,164.684,0.0389292,0.213219,0,0.00425056
0.545,0.755,712.902,-14.9958,2.87234,178.112,0.0389292,0.213219,0,0.00425056
0.545,0.765,766.746,-14.997,2.89576,190.457,0.0389292,0.213219,0,0.00425056
0.545,0.775,814.107,-14.9978,2.91609,201.548,0.0389292,0.213219,0,0.00425056
0.545,0.785,854.716,-14.9985,2.93351,211.292,0.0389292,0.213219,0,0.00425056
0.545,0.795,888.677,-14.9989,2.94819,219.66,0.0389292,0.213219,0,0.00425056
0.545,0.805,916.391,-14.9993,2.96036,226.684,0.0389292,0.213219,0,0.00425056
0.545,0.815,938.466,-14.9995,2.97024,232.446,0.0389292,0.213219,0,0.00425056
0.545,0.825,955.634,-14.9997,2.9781,237.061,0.0389292,0.213219,0,0.00425056
0.545,0.835,968.67,-14.9998,2.98423,240.668,0.0389292,0.213219,0,0.00425056
0.545,0.845,978.336,-14.9999,2.98888,243.418,0.0389292,0.213219,0,0.00425056
0.545,0.855,985.334,-14.9999,2.99234,245.462,0.0389292,0.213219,0,0.00425056
0.545,0.865,990.282,-15,2.99484,246.943,0.0389292,0.213219,0,0.00425056
0.545,0.875,993.699,-15,2.9966,247.988,0.0389292,0.213219,0,0.00425056
0.545,0.885,996.001,-15,2.99781,248.706,0.0389292,0.213219,0,0.00425056
0.545,0.895,997.517,-15,2.99863,249.187,0.0389292,0.213219,0,0.00425056
0.545,0.905,998.491,-15,2.99916,249.501,0.0389292,0.213219,0,0.00425056
0.545,0.915,999.103,-15,2.99949,249.701,0.0389292,0.213219,0,0.00425056
0.545,0.925,999.478,-15,2.9997,249.825,0.0389292,0.213219,0,0.00425056
0.545,0.935,999.703,-15,2.99983,249.899,0.0389292,0.213219,0,0.00425056
0.545,0.945,999.834,-15,2.9999,249.944,0.0389292,0.213219,0,0.00425056
0.545,0.955,999.91,-15,2.99995,249.969,0.0389292,0.213219,0,0.00425056
0.545,0.965,999.952,-15,2.99997,249.983,0.0389292,0.213219,0,0.00425056
0.545,0.975,999.975,-15,2.99999,249.991,0.0389292,0.213219,0,0.00425056
0.545,0.985,999.987,-15,2.99999,249.996,0.0389292,0.213219,0,0.00425056
0.545,0.995,999.993,-15,3,249.998,0.0389292,0.213219,0,0.00425056
0.555,0.005,20.0583,8.98031,-8.85897,284.477,0.0514202,0.325106,0,0.00627549
0.555,0.015,19.9522,8.9904,-8.64158,282.488,0.0514202,0.325106,0,0.00627549
0.555,0.025,19.8342,8.99754,-8.423,280.175,0.0514202,0.325106,0,0.00627549
0.555,0.035,19.7052,9.00157,-8.20318,277.549,0.0514202,0.325106,0,0.00627549
0.555,0.045,19.5658,9.00236,-7.9821,274.624,0.0514202,0.325106,0,0.00627549
0.555,0.055,19.4169,8.99977,-7.75975,271.409,0.0514202,0.325106,0,0.00627549
0.555,0.065,19.2591,8.99365,-7.53612,267.918,0.0514202,0.325106,0,0.00627549
0.555,0.075,19.0929,8.98388,-7.31126,264.16,0.0514202,0.325106,0,0.00627549
0.555,0.085,18.9189,8.97034,-7.08521,260.149,0.0514202,0.325106,0,0.00627549
0.555,0.095,18.7376,8.95291,-6.85802,255.893,0.0514202,0.325106,0,0.00627549
0.555,0.105,18.5492,8.93149,-6.62978,251.406,0.0514202,0.325106,0,0.00627549
0.555,0.115,18.3542,8.906,-6.40057,246.699,0.0514202,0.325106,0,0.00627549
0.555,0.125,18.1528,8.87635,-6.1705,241.783,0.0514202,0.325106,0,0.00627549
0.555,0.135,17.9453,8.84248,-5.93968,236.67,0.0514202,0.325106,0,0.00627549
0.555,0.145,17.7318,8.80434,-5.70825,231.375,0.0514202,0.325106,0,0.00627549
0.555,0.155,17.5126,8.76189,-5.47632,225.908,0.0514202,0.325106,0,0.00627549
0.555,0.165,17.2876,8.7151,-5.24405,220.286,0.0514202,0.325106,0,0.00627549
0.555,0.175,17.0572,8.66396,-5.01159,214.522,0.0514202,0.325106,0,0.00627549
0.555,0.185,16.8212,8.60845,-4.7791,208.63,0.0514202,0.325106,0,0.00627549
0.555,0.195,16.5798,8.54858,-4.54674,202.628,0.0514202,0.325106,0,0.00627549
0.555,0.205,16.333,8.48436,-4.31468,196.53,0.0514202,0.325106,0,0.00627549
0.555,0.215,16.0861,8.41578,-4.08179,190.441,0.0514202,0.325106,0,0.00627549
0.555,0.225,15.8403,8.34315,-3.84795,184.394,0.0514202,0.325106,0,0.00627549
0.555,0.235,15.5885,8.26679,-3.61516,178.285,0.0514202,0.325106,0,0.00627549
0.555,0.245,15.3308,8.18683,-3.3836,172.13,0.0514202,0.325106,0,0.00627549
0.555,0.255,15.0672,8.1034,-3.15343,165.946,0.0514202,0.325106,0,0.00627549
0.555,0.265,14.7978,8.01664,-2.92485,159.751,0.0514202,0.325106,0,0.00627549
0.555,0.275,14.5229,7.9267,-2.69801,153.562,0.0514202,0.325106,0,0.00627549
0.555,0.285,14.2426,7.8337,-2.4731,147.398,0.0514202,0.325106,0,0.00627549
0.555,0.295,13.9573,7.73778,-2.25031,141.278,0.0514202,0.325106,0,0.00627549
0.555,0.305,13.6673,7.63907,-2.02985,135.221,0.0514202,0.325106,0,0.00627549
0.555,0.315,13.3732,7.53768,-1.81195,129.246,0.0514202,0.325106,0,0.00627549
0.555,0.325,13.0758,7.43372,-1.59687,123.373,0.0514202,0.325106,0,0.00627549
0.555,0.335,12.7761,7.32726,-1.38491,117.625,0.0514202,0.325106,0,0.00627549
0.555,0.345,12.4754,7.21835,-1.17647,112.025,0.0514202,0.325106,0,0.00627549
0.555,0.355,12.1754,7.10699,-0.972027,106.597,0.0514202,0.325106,0,0.00627549
0.555,0.365,11.8784,6.99311,-0.772199,101.371,0.0514202,0.325106,0,0.00627549
0.555,0.375,11.5873,6.87659,-0.577818,96.3782,0.0514202,0.325106,0,0.00627549
0.555,0.385,11.3061,6.75714,-0.389993,91.658,0.0514202,0.325106,0,0.00627549
0.555,0.395,11.04,6.63434,-0.210217,87.2572,0.0514202,0.325106,0,0.00627549
0.555,0.405,10.7971,6.50583,-0.0404914,83.2337,0.0514202,0.325106,0,0.00627549
0.555,0.415,10.592,6.36373,0.116503,79.6602,0.0514202,0.325106,0,0.00627549
0.555,0.425,10.4277,6.21407,0.257276,76.628,0.0514202,0.325106,0,0.00627549
0.555,0.435,10.3161,6.05619,0.377769,74.2427,0.0514202,0.325106,0,0.00627549
0.555,0.445,10.2699,5.88793,0.47401,72.6045,0.0514202,0.325106,0,0.00627549
0.555,0.455,10.2983,5.70695,0.543152,71.7826,0.0514202,0.325106,0,0.00627549
0.555,0.465,10.4025,5.51114,0.584714,71.7846,0.0514202,0.325106,0,0.00627549
0.555,0.475,10.5727,5.29913,0.601304,72.5357,0.0514202,0.325106,0,0.00627549
0.555,0.485,10.7868,5.0701,0.598158,73.8873,0.0514202,0.325106,0,0.00627549
0.555,0.495,11.0098,4.82324,0.581602,75.6539,0.0514202,0.325106,0,0.00627549
0.555,0.505,11.0997,4.55402,0.558735,77.6841,0.0514202,0.325106,0,0.00627549
0.555,0.515,10.5548,4.20731,0.547642,80.1224,0.0514202,0.325106,0,0.00627549
0.555,0.525,8.77469,3.56043,0.60763,83.441,0.0514202,0.325106,0,0.00627549
0.555,0.535,6.56985,2.35107,0.823754,86.0916,0.0514202,0.325106,0,0.00627549
0.555,0.545,5.28927,0.570158,1.17834,85.8565,0.0514202,0.325106,0,0.00627549
0.555,0.555,4.78694,-1.53475,1.49588,83.549,0.0514202,0.325106,0,0.00627549
0.555,0.565,4.61549,-3.80188,1.65671,80.7641,0.0514202,0.325106,0,0.00627549
0.555,0.575,4.74176,-6.24973,1.69738,78.0229,0.0514202,0.325106,0,0.00627549
0.555,0.585,5.45272,-8.74836,1.74491,76.4463,0.0514202,0.325106,0,0.00627549
0.555,0.595,7.38869,-10.9042,1.95022,78.8693,0.0514202,0.325106,0,0.00627549
0.555,0.605,11.7706,-12.4572,2.32984,87.6529,0.0514202,0.325106,0,0.00627549
0.555,0.615,20.7213,-13.4658,2.69952,101.108,0.0514202,0.325106,0,0.00627549
0.555,0.625,36.9449,-14.0938,2.88382,112.515,0.0514202,0.325106,0,0.00627549
0.555,0.635,61.5309,-14.4796,2.88355,112.244,0.0514202,0.325106,0,0.00627549
0.555,0.645,92.6097,-14.7113,2.78195,99.1894,0.0514202,0.325106,0,0.00627549
0.555,0.655,127.525,-14.8432,2.67227,83.1592,0.0514202,0.325106,0,0.00627549
0.555,0.665,166.186,-14.9126,2.61058,74.0902,0.0514202,0.325106,0,0.00627549
0.555,0.675,210.691,-14.9474,2.60244,74.3741,0.0514202,0.325106,0,0.00627549
0.555,0.685,262.529,-14.9652,2.62721,81.5574,0.0514202,0.325106,0,0.00627549
0.555,0.695,321.377,-14.9754,2.66532,92.7913,0.0514202,0.325106,0,0.00627549
0.555,0.705,385.629,-14.9819,2.70629,106.211,0.0514202,0.325106,0,0.00627549
0.555,0.715,453.14,-14.9865,2.74583,120.722,0.0514202,0.325106,0,0.00627549
0.555,0.725,521.649,-14.9898,2.78247,135.626,0.0514202,0.325106,0,0.00627549
0.555,0.735,588.998,-14.9924,2.81578,150.413,0.0514202,0.325106,0,0.00627549
0.555,0.745,653.27,-14.9943,2.84572,164.682,0.0514202,0.325106,0,0.00627549
0.555,0.755,712.901,-14.9958,2.87234,178.112,0.0514202,0.325106,0,0.00627549
0.555,0.765,766.746,-14.997,2.89576,190.457,0.0514202,0.325106,0,0.00627549
0.555,0.775,814.107,-14.9978,2.91609,201.548,0.0514202,0.325106,0,0.00627549
0.555,0.785,854.716,-14.9985,2.93351,211.292,0.0514202,0.325106,0,0.00627549
0.555,0.795,888.677,-14.9989,2.94819,219.66,0.0514202,0.325106,0,0.00627549
0.555,0.805,916.391,-14.9993,2.96036,226.684,0.0514202,0.325106,0,0.00627549
0.555,0.815,938.466,-14.9995,2.97024,232.446,0.0514202,0.325106,0,0.00627549
0.555,0.825,955.634,-14.9997,2.9781,237.061,0.0514202,0.325106,0,0.00627549
0.555,0.835,968.67,-14.9998,2.98423,240.668,0.0514202,0.325106,0,0.00627549
0.555,0.845,978.336,-14.9999,2.98888,243.418,0.0514202,0.325106,0,0.00627549
0.555,0.855,985.334,-14.9999,2.99234,245.462,0.0514202,0.325106,0,0.00627549
0.555,0.865,990.282,-15,2.99484,246.943,0.0514202,0.325106,0,0.00627549
0.555,0.875,993.699,-15,2.9966,247.988,0.0514202,0.325106,0,0.00627549
0.555,0.885,996.001,-15,2.99781,248.706,0.0514202,0.325106,0,0.00627549
0.555,0.895,997.517,-15,2.99863,249.187,0.0514202,0.325106,0,0.00627549
0.555,0.905,998.491,-15,2.99916,249.501,0.0514202,0.325106,0,0.00627549
0.555,0.915,999.103,-15,2.99949,249.701,0.0514202,0.325106,0,0.00627549
0.555,0.925,999.478,-15,2.9997,249.825,0.0514202,0.325106,0,0.00627549
0.555,0.935,999.703,-15,2.99983,249.899,0.0514202,0.325106,0,0.00627549
0.555,0.945,999.834,-15,2.9999,249.944,0.0514202,0.325106,0,0.00627549
0.555,0.955,999.91,-15,2.99995,249.969,0.0514202,0.325106,0,0.00627549
0.555,0.965,999.952,-15,2.99997,249.983,0.0514202,0.325106,0,0.00627549
0.555,0.975,999.975,-15,2.99999,249.991,0.0514202,0.325106,0,0.00627549
0.555,0.985,999.987,-15,2.99999,249.996,0.0514202,0.325106,0,0.00627549
0.555,0.995,999.993,-15,3,249.998,0.0514202,0.325106,0,0.00627549
0.565,0.005,19.3302,9.05502,-8.79302,269.94,0.0669297,0.436994,0,0.00907666
0.565,0.015,19.2274,9.06412,-8.57598,268.013,0.0669297,0.436994,0,0.00907666
0.565,0.025,19.1129,9.0703,-8.35782,265.778,0.0669297,0.436994,0,0.00907666
0.565,0.035,18.9875,9.07343,-8.1385,263.245,0.0669297,0.436994,0,0.00907666
0.565,0.045,18.852,9.07337,-7.91799,260.428,0.0669297,0.436994,0,0.00907666
0.565,0.055,18.707,9.06999,-7.69628,257.336,0.0669297,0.436994,0,0.00907666
0.565,0.065,18.5532,9.06317,-7.47339,253.981,0.0669297,0.436994,0,0.00907666
0.565,0.075,18.3911,9.05277,-7.24934,250.374,0.0669297,0.436994,0,0.00907666
0.565,0.085,18.2212,9.03869,-7.02417,246.527,0.0669297,0.436994,0,0.00907666
0.565,0.095,18.044,9.02082,-6.79794,242.449,0.0669297,0.436994,0,0.00907666
0.565,0.105,17.8599,8.99905,-6.57073,238.153,0.0669297,0.436994,0,0.00907666
0.565,0.115,17.6691,8.97331,-6.34262,233.65,0.0669297,0.436994,0,0.00907666
0.565,0.125,17.472,8.94351,-6.11371,228.951,0.0669297,0.436994,0,0.00907666
0.565,0.135,17.2688,8.90961,-5.88413,224.069,0.0669297,0.436994,0,0.00907666
0.565,0.145,17.0597,8.87154,-5.65398,219.015,0.0669297,0.436994,0,0.00907666
0.565,0.155,16.8449,8.82927,-5.42339,213.803,0.0669297,0.436994,0,0.00907666
0.565,0.165,16.6245,8.78278,-5.19252,208.446,0.0669297,0.436994,0,0.00907666
0.565,0.175,16.3986,8.73205,-4.9615,202.958,0.0669297,0.436994,0,0.00907666
0.565,0.185,16.1673,8.67707,-4.73049,197.354,0.0669297,0.436994,0,0.00907666
0.565,0.195,15.9308,8.61784,-4.49966,191.647,0.0669297,0.436994,0,0.00907666
0.565,0.205,15.689,8.55437,-4.26916,185.855,0.0669297,0.436994,0,0.00907666
0.565,0.215,15.4479,8.48667,-4.03768,180.086,0.0669297,0.436994,0,0.00907666
0.565,0.225,15.2072,8.41504,-3.80547,174.35,0.0669297,0.436994,0,0.00907666
0.565,0.235,14.9607,8.33976,-3.57434,168.558,0.0669297,0.436994,0,0.00907666
0.565,0.245,14.7086,8.26097,-3.34445,162.726,0.0669297,0.436994,0,0.00907666
0.565,0.255,14.451,8.17878,-3.11596,156.872,0.0669297,0.436994,0,0.00907666
0.565,0.265,14.188,8.09334,-2.88906,151.011,0.0669297,0.436994,0,0.00907666
0.565,0.275,13.92,8.00476,-2.66391,145.16,0.0669297,0.436994,0,0.00907666
0.565,0.285,13.6471,7.91318,-2.4407,139.337,0.0669297,0.436994,0,0.00907666
0.565,0.295,13.3697,7.81871,-2.21962,133.56,0.0669297,0.436994,0,0.00907666
0.565,0.305,13.0883,7.72147,-2.00089,127.847,0.0669297,0.436994,0,0.00907666
0.565,0.315,12.8034,7.62157,-1.78474,122.216,0.0669297,0.436994,0,0.00907666
0.565,0.325,12.516,7.51909,-1.57145,116.687,0.0669297,0.436994,0,0.00907666
0.565,0.335,12.2271,7.41409,-1.36136,111.282,0.0669297,0.436994,0,0.00907666
0.565,0.345,11.938,7.30659,-1.15487,106.023,0.0669297,0.436994,0,0.00907666
0.565,0.355,11.6506,7.19658,-0.952518,100.935,0.0669297,0.436994,0,0.00907666
0.565,0.365,11.3673,7.08395,-0.754976,96.0459,0.0669297,0.436994,0,0.00907666
0.565,0.375,11.0911,6.96854,-0.563155,91.3887,0.0669297,0.436994,0,0.00907666
0.565,0.385,10.8262,6.85002,-0.378274,87.003,0.0669297,0.436994,0,0.00907666
0.565,0.395,10.5779,6.72789,-0.201971,82.937,0.0669297,0.436994,0,0.00907666
0.565,0.405,10.3547,6.59966,-0.0364451,79.2503,0.0669297,0.436994,0,0.00907666
0.565,0.415,10.1711,6.45743,0.115348,76.019,0.0669297,0.436994,0,0.00907666
0.565,0.425,10.0311,6.30712,0.24969,73.3395,0.0669297,0.436994,0,0.00907666
0.565,0.435,9.94656,6.14784,0.362438,71.3163,0.0669297,0.436994,0,0.00907666
0.565,0.445,9.92974,5.97729,0.449717,70.0463,0.0669297,0.436994,0,0.00907666
0.565,0.455,9.98854,5.79305,0.509076,69.5908,0.0669297,0.436994,0,0.00907666
0.565,0.465,10.1225,5.59289,0.540708,69.9463,0.0669297,0.436994,0,0.00907666
0.565,0.475,10.3198,5.37542,0.547989,71.0263,0.0669297,0.436994,0,0.00907666
0.565,0.485,10.5566,5.13973,0.536814,72.6754,0.0669297,0.436994,0,0.00907666
0.565,0.495,10.7949,4.88498,0.513926,74.7039,0.0669297,0.436994,0,0.00907666
0.565,0.505,10.8534,4.60096,0.488152,76.9991,0.0669297,0.436994,0,0.00907666
0.565,0.515,10.1152,4.19737,0.486836,79.8575,0.0669297,0.436994,0,0.00907666
0.565,0.525,8.12078,3.40083,0.586297,83.5598,0.0669297,0.436994,0,0.00907666
0.565,0.535,6.13179,2.05077,0.85739,85.4651,0.0669297,0.436994,0,0.00907666
0.565,0.545,5.14897,0.244718,1.22337,84.3799,0.0669297,0.436994,0,0.00907666
0.565,0.555,4.75198,-1.76422,1.49863,81.8723,0.0669297,0.436994,0,0.00907666
0.565,0.565,4.58883,-3.91505,1.61675,79.1894,0.0669297,0.436994,0,0.00907666
0.565,0.575,4.707,-6.2697,1.63986,76.8415,0.0669297,0.436994,0,0.00907666
0.565,0.585,5.42593,-8.70571,1.70501,76.2386,0.0669297,0.436994,0,0.00907666
0.565,0.595,7.404,-10.84,1.95072,80.1338,0.0669297,0.436994,0,0.00907666
0.565,0.605,11.8847,-12.4073,2.36249,90.2701,0.0669297,0.436994,0,0.00907666
0.565,0.615,21.0265,-13.4396,2.73877,104.401,0.0669297,0.436994,0,0.00907666
0.565,0.625,37.5014,-14.085,2.91086,115.273,0.0669297,0.436994,0,0.00907666
0.565,0.635,62.1875,-14.4801,2.89304,113.169,0.0669297,0.436994,0,0.00907666
0.565,0.645,93.0048,-14.7153,2.77801,98.1867,0.0669297,0.436994,0,0.00907666
0.565,0.655,127.43,-14.8469,2.66331,81.3944,0.0669297,0.436994,0,0.00907666
0.565,0.665,165.745,-14.9149,2.6031,72.6414,0.0669297,0.436994,0,0.00907666
0.565,0.675,210.203,-14.9485,2.59823,73.5213,0.0669297,0.436994,0,0.00907666
0.565,0.685,262.17,-14.9657,2.62533,81.14,0.0669297,0.436994,0,0.00907666
0.565,0.695,321.168,-14.9756,2.66459,92.6085,0.0669297,0.436994,0,0.00907666
0.565,0.705,385.525,-14.982,2.70603,106.137,0.0669297,0.436994,0,0.00907666
0.565,0.715,453.093,-14.9865,2.74575,120.694,0.0669297,0.436994,0,0.00907666
0.565,0.725,521.63,-14.9898,2.78244,135.615,0.0669297,0.436994,0,0.00907666
0.565,0.735,588.99,-14.9924,2.81577,150.409,0.0669297,0.436994,0,0.00907666
0.565,0.745,653.268,-14.9943,2.84572,164.681,0.0669297,0.436994,0,0.00907666
0.565,0.755,712.9,-14.9958,2.87234,178.111,0.0669297,0.436994,0,0.00907666
0.565,0.765,766.745,-14.997,2.89576,190.457,0.0669297,0.436994,0,0.00907666
0.565,0.775,814.107,-14.9978,2.91609,201.548,0.0669297,0.436994,0,0.00907666
0.565,0.785,854.716,-14.9985,2.93351,211.292,0.0669297,0.436994,0,0.00907666
0.565,0.795,888.677,-14.9989,2.94819,219.66,0.0669297,0.436994,0,0.00907666
0.565,0.805,916.391,-14.9993,2.96036,226.684,0.0669297,0.436994,0,0.00907666
0.565,0.815,938.466,-14.9995,2.97024,232.446,0.0669297,0.436994,0,0.00907666
0.565,0.825,955.634,-14.9997,2.9781,237.061,0.0669297,0.436994,0,0.00907666
0.565,0.835,968.67,-14.9998,2.98423,240.668,0.0669297,0.436994,0,0.00907666
0.565,0.845,978.336,-14.9999,2.98888,243.418,0.0669297,0.436994,0,0.00907666
0.565,0.855,985.334,-14.9999,2.99234,245.462,0.0669297,0.436994,0,0.00907666
0.565,0.865,990.282,-15,2.99484,246.943,0.0669297,0.436994,0,0.00907666
0.565,0.875,993.699,-15,2.9966,247.988,0.0669297,0.436994,0,0.00907666
0.565,0.885,996.001,-15,2.99781,248.706,0.0669297,0.436994,0,0.00907666
0.565,0.895,997.517,-15,2.99863,249.187,0.0669297,0.436994,0,0.00907666
0.565,0.905,998.491,-15,2.99916,249.501,0.0669297,0.436994,0,0.00907666
0.565,0.915,999.103,-15,2.99949,249.701,0.0669297,0.436994,0,0.00907666
0.565,0.925,999.478,-15,2.9997,249.825,0.0669297,0.436994,0,0.00907666
0.565,0.935,999.703,-15,2.99983,249.899,0.0669297,0.436994,0,0.00907666
0.565,0.945,999.834,-15,2.9999,249.944,0.0669297,0.436994,0,0.00907666
0.565,0.955,999.91,-15,2.99995,249.969,0.0669297,0.436994,0,0.00907666
0.565,0.965,999.952,-15,2.99997,249.983,0.0669297,0.436994,0,0.00907666
0.565,0.975,999.975,-15,2.99999,249.991,0.0669297,0.436994,0,0.00907666
0.565,0.985,999.987,-15,2.99999,249.996,0.0669297,0.436994,0,0.00907666
0.565,0.995,999.993,-15,3,249.998,0.0669297,0.436994,0,0.00907666
0.575,0.005,18.624,9.12928,-8.72868,256.075,0.0859743,0.548882,0,0.0128877
0.575,0.015,18.5243,9.13742,-8.51203,254.211,0.0859743,0.548882,0,0.0128877
0.575,0.025,18.4131,9.14269,-8.29432,252.053,0.0859743,0.548882,0,0.0128877
0.575,0.035,18.2914,9.14495,-8.07553,249.614,0.0859743,0.548882,0,0.0128877
0.575,0.045,18.1596,9.14409,-7.85561,246.904,0.0859743,0.548882,0,0.0128877
0.575,0.055,18.0185,9.13997,-7.63458,243.934,0.0859743,0.548882,0,0.0128877
0.575,0.065,17.8687,9.13248,-7.41243,240.714,0.0859743,0.548882,0,0.0128877
0.575,0.075,17.7107,9.1215,-7.1892,237.256,0.0859743,0.548882,0,0.0128877
0.575,0.085,17.545,9.10692,-6.96493,233.57,0.0859743,0.548882,0,0.0128877
0.575,0.095,17.372,9.08863,-6.73967,229.667,0.0859743,0.548882,0,0.0128877
0.575,0.105,17.1921,9.06654,-6.51349,225.558,0.0859743,0.548882,0,0.0128877
0.575,0.115,17.0057,9.04058,-6.28649,221.254,0.0859743,0.548882,0,0.0128877
0.575,0.125,16.8129,9.01067,-6.05875,216.766,0.0859743,0.548882,0,0.0128877
0.575,0.135,16.6141,8.97675,-5.83039,212.107,0.0859743,0.548882,0,0.0128877
0.575,0.145,16.4095,8.93877,-5.60153,207.288,0.0859743,0.548882,0,0.0128877
0.575,0.155,16.1992,8.89671,-5.37228,202.322,0.0859743,0.548882,0,0.0128877
0.575,0.165,15.9835,8.85053,-5.1428,197.221,0.0859743,0.548882,0,0.0128877
0.575,0.175,15.7624,8.80022,-4.91321,192,0.0859743,0.548882,0,0.0128877
0.575,0.185,15.536,8.74577,-4.68367,186.671,0.0859743,0.548882,0,0.0128877
0.575,0.195,15.3045,8.68718,-4.45435,181.249,0.0859743,0.548882,0,0.0128877
0.575,0.205,15.068,8.62447,-4.22539,175.75,0.0859743,0.548882,0,0.0128877
0.575,0.215,14.8327,8.55764,-3.99532,170.287,0.0859743,0.548882,0,0.0128877
0.575,0.225,14.5972,8.487,-3.76473,164.848,0.0859743,0.548882,0,0.0128877
0.575,0.235,14.3563,8.41279,-3.53523,159.36,0.0859743,0.548882,0,0.0128877
0.575,0.245,14.11,8.33515,-3.30699,153.838,0.0859743,0.548882,0,0.0128877
0.575,0.255,13.8586,8.25418,-3.08016,148.297,0.0859743,0.548882,0,0.0128877
0.575,0.265,13.6023,8.17002,-2.85491,142.755,0.0859743,0.548882,0,0.0128877
0.575,0.275,13.3413,8.08278,-2.63143,137.226,0.0859743,0.548882,0,0.0128877
0.575,0.285,13.0759,7.99258,-2.4099,131.727,0.0859743,0.548882,0,0.0128877
0.575,0.295,12.8066,7.89952,-2.19052,126.276,0.0859743,0.548882,0,0.0128877
0.575,0.305,12.5339,7.80372,-1.9735,120.89,0.0859743,0.548882,0,0.0128877
0.575,0.315,12.2584,7.70525,-1.75911,115.586,0.0859743,0.548882,0,0.0128877
0.575,0.325,11.981,7.6042,-1.54762,110.384,0.0859743,0.548882,0,0.0128877
0.575,0.335,11.7028,7.50061,-1.3394,105.304,0.0859743,0.548882,0,0.0128877
0.575,0.345,11.4253,7.39447,-1.13489,100.368,0.0859743,0.548882,0,0.0128877
0.575,0.355,11.1505,7.28574,-0.934671,95.602,0.0859743,0.548882,0,0.0128877
0.575,0.365,10.8807,7.17429,-0.739483,91.0328,0.0859743,0.548882,0,0.0128877
0.575,0.375,10.6192,7.0599,-0.550327,86.6944,0.0859743,0.548882,0,0.0128877
0.575,0.385,10.3704,6.94221,-0.368541,82.6272,0.0859743,0.548882,0,0.0128877
0.575,0.395,10.1399,6.82063,-0.195925,78.8814,0.0859743,0.548882,0,0.0128877
0.575,0.405,9.93635,6.69261,-0.0348981,75.5186,0.0859743,0.548882,0,0.0128877
0.575,0.415,9.77427,6.55009,0.11128,72.619,0.0859743,0.548882,0,0.0128877
0.575,0.425,9.65896,6.39879,0.238649,70.2852,0.0859743,0.548882,0,0.0128877
0.575,0.435,9.60223,6.23766,0.342988,68.6213,0.0859743,0.548882,0,0.0128877
0.575,0.445,9.61582,6.0642,0.420545,67.722,0.0859743,0.548882,0,0.0128877
0.575,0.455,9.70652,5.87583,0.469331,67.6421,0.0859743,0.548882,0,0.0128877
0.575,0.465,9.87209,5.67024,0.490296,68.3661,0.0859743,0.548882,0,0.0128877
0.575,0.475,10.0985,5.44595,0.487732,69.795,0.0859743,0.548882,0,0.0128877
0.575,0.485,10.3594,5.20209,0.468308,71.762,0.0859743,0.548882,0,0.0128877
0.575,0.495,10.613,4.93783,0.439364,74.0657,0.0859743,0.548882,0,0.0128877
0.575,0.505,10.6202,4.63071,0.413124,76.673,0.0859743,0.548882,0,0.0128877
0.575,0.515,9.62793,4.13914,0.43151,80.0542,0.0859743,0.548882,0,0.0128877
0.575,0.525,7.48928,3.17582,0.582927,83.82,0.0859743,0.548882,0,0.0128877
0.575,0.535,5.81395,1.71852,0.904491,84.7287,0.0859743,0.548882,0,0.0128877
0.575,0.545,5.07875,-0.0620301,1.26264,82.9617,0.0859743,0.548882,0,0.0128877
0.575,0.555,4.73846,-1.95601,1.49105,80.4088,0.0859743,0.548882,0,0.0128877
0.575,0.565,4.57028,-3.99237,1.57344,77.9076,0.0859743,0.548882,0,0.0128877
0.575,0.575,4.68474,-6.25589,1.58847,76.108,0.0859743,0.548882,0,0.0128877
0.575,0.585,5.41991,-8.63491,1.67834,76.6277,0.0859743,0.548882,0,0.0128877
0.575,0.595,7.44539,-10.7602,1.96386,81.9765,0.0859743,0.548882,0,0.0128877
0.575,0.605,12.0285,-12.3525,2.40268,93.3206,0.0859743,0.548882,0,0.0128877
0.575,0.615,21.367,-13.4131,2.78094,107.942,0.0859743,0.548882,0,0.0128877
0.575,0.625,38.0887,-14.0772,2.93787,118.024,0.0859743,0.548882,0,0.0128877
0.575,0.635,62.8407,-14.4818,2.901,113.849,0.0859743,0.548882,0,0.0128877
0.575,0.645,93.347,-14.72,2.7724,96.9025,0.0859743,0.548882,0,0.0128877
0.575,0.655,127.267,-14.851,2.65343,79.4922,0.0859743,0.548882,0,0.0128877
0.575,0.665,165.268,-14.9173,2.59546,71.1875,0.0859743,0.548882,0,0.0128877
0.575,0.675,209.719,-14.9496,2.59416,72.7072,0.0859743,0.548882,0,0.0128877
0.575,0.685,261.832,-14.9661,2.62359,80.7567,0.0859743,0.548882,0,0.0128877
0.575,0.695,320.979,-14.9757,2.66394,92.4461,0.0859743,0.548882,0,0.0128877
0.575,0.705,385.434,-14.982,2.70581,106.073,0.0859743,0.548882,0,0.0128877
0.575,0.715,453.054,-14.9865,2.74567,120.67,0.0859743,0.548882,0,0.0128877
0.575,0.725,521.614,-14.9899,2.78242,135.607,0.0859743,0.548882,0,0.0128877
0.575,0.735,588.985,-14.9924,2.81577,150.407,0.0859743,0.548882,0,0.0128877
0.575,0.745,653.266,-14.9943,2.84572,164.68,0.0859743,0.548882,0,0.0128877
0.575,0.755,712.899,-14.9958,2.87234,178.111,0.0859743,0.548882,0,0.0128877
0.575,0.765,766.745,-14.997,2.89576,190.457,0.0859743,0.548882,0,0.0128877
0.575,0.775,814.107,-14.9978,2.91609,201.548,0.0859743,0.548882,0,0.0128877
0.575,0.785,854.716,-14.9985,2.93351,211.292,0.0859743,0.548882,0,0.0128877
0.575,0.795,888.677,-14.9989,2.94819,219.66,0.0859743,0.548882,0,0.0128877
0.575,0.805,916.391,-14.9993,2.96036,226.684,0.0859743,0.548882,0,0.0128877
0.575,0.815,938.466,-14.9995,2.97024,232.446,0.0859743,0.548882,0,0.0128877
0.575,0.825,955.634,-14.9997,2.9781,237.061,0.0859743,0.548882,0,0.0128877
0.575,0.835,968.67,-14.9998,2.98423,240.668,0.0859743,0.548882,0,0.0128877
0.575,0.845,978.336,-14.9999,2.98888,243.418,0.0859743,0.548882,0,0.0128877
0.575,0.855,985.334,-14.9999,2.99234,245.462,0.0859743,0.548882,0,0.0128877
0.575,0.865,990.282,-15,2.99484,246.943,0.0859743,0.548882,0,0.0128877
0.575,0.875,993.699,-15,2.9966,247.988,0.0859743,0.548882,0,0.0128877
0.575,0.885,996.001,-15,2.99781,248.706,0.0859743,0.548882,0,0.0128877
0.575,0.895,997.517,-15,2.99863,249.187,0.0859743,0.548882,0,0.0128877
0.575,0.905,998.491,-15,2.99916,249.501,0.0859743,0.548882,0,0.0128877
0.575,0.915,999.103,-15,2.99949,249.701,0.0859743,0.548882,0,0.0128877
0.575,0.925,999.478,-15,2.9997,249.825,0.0859743,0.548882,0,0.0128877
0.575,0.935,999.703,-15,2.99983,249.899,0.0859743,0.548882,0,0.0128877
0.575,0.945,999.834,-15,2.9999,249.944,0.0859743,0.548882,0,0.0128877
0.575,0.955,999.91,-15,2.99995,249.969,0.0859743,0.548882,0,0.0128877
0.575,0.965,999.952,-15,2.99997,249.983,0.0859743,0.548882,0,0.0128877
0.575,0.975,999.975,-15,2.99999,249.991,0.0859743,0.548882,0,0.0128877
0.575,0.985,999.987,-15,2.99999,249.996,0.0859743,0.548882,0,0.0128877
0.575,0.995,999.993,-15,3,249.998,0.0859743,0.548882,0,0.0128877
0.585,0.005,17.9389,9.2031,-8.66594,242.856,0.109127,0.66077,0,0.0179955
0.585,0.015,17.8422,9.21033,-8.44972,241.054,0.109127,0.66077,0,0.0179955
0.585,0.025,17.7344,9.21473,-8.2325,238.974,0.109127,0.66077,0,0.0179955
0.585,0.035,17.6162,9.21618,-8.01425,236.628,0.109127,0.66077,0,0.0179955
0.585,0.045,17.4882,9.21455,-7.79495,234.024,0.109127,0.66077,0,0.0179955
0.585,0.055,17.3509,9.20973,-7.57461,231.174,0.109127,0.66077,0,0.0179955
0.585,0.065,17.2051,9.20161,-7.35323,228.087,0.109127,0.66077,0,0.0179955
0.585,0.075,17.0512,9.19008,-7.13083,224.775,0.109127,0.66077,0,0.0179955
0.585,0.085,16.8897,9.17503,-6.90747,221.247,0.109127,0.66077,0,0.0179955
0.585,0.095,16.7209,9.15635,-6.68318,217.515,0.109127,0.66077,0,0.0179955
0.585,0.105,16.5453,9.13398,-6.45805,213.588,0.109127,0.66077,0,0.0179955
0.585,0.115,16.3633,9.10782,-6.23216,209.478,0.109127,0.66077,0,0.0179955
0.585,0.125,16.1749,9.07782,-6.00559,205.196,0.109127,0.66077,0,0.0179955
0.585,0.135,15.9807,9.04391,-5.77846,200.754,0.109127,0.66077,0,0.0179955
0.585,0.145,15.7806,9.00605,-5.55087,196.162,0.109127,0.66077,0,0.0179955
0.585,0.155,15.575,8.9642,-5.32296,191.433,0.109127,0.66077,0,0.0179955
0.585,0.165,15.364,8.91834,-5.09485,186.58,0.109127,0.66077,0,0.0179955
0.585,0.175,15.1478,8.86846,-4.86668,181.615,0.109127,0.66077,0,0.0179955
0.585,0.185,14.9265,8.81455,-4.63861,176.552,0.109127,0.66077,0,0.0179955
0.585,0.195,14.7002,8.75661,-4.41078,171.404,0.109127,0.66077,0,0.0179955
0.585,0.205,14.4692,8.69465,-4.18334,166.186,0.109127,0.66077,0,0.0179955
0.585,0.215,14.2398,8.62869,-3.95469,161.013,0.109127,0.66077,0,0.0179955
0.585,0.225,14.0097,8.55903,-3.72569,155.859,0.109127,0.66077,0,0.0179955
0.585,0.235,13.7745,8.48588,-3.4978,150.661,0.109127,0.66077,0,0.0179955
0.585,0.245,13.5342,8.40937,-3.27118,145.434,0.109127,0.66077,0,0.0179955
0.585,0.255,13.2892,8.3296,-3.04598,140.194,0.109127,0.66077,0,0.0179955
0.585,0.265,13.0396,8.24669,-2.82238,134.955,0.109127,0.66077,0,0.0179955
0.585,0.275,12.7858,8.16075,-2.60055,129.732,0.109127,0.66077,0,0.0179955
0.585,0.285,12.5281,8.07189,-2.38069,124.542,0.109127,0.66077,0,0.0179955
0.585,0.295,12.267,7.98021,-2.16298,119.401,0.109127,0.66077,0,0.0179955
0.585,0.305,12.003,7.8858,-1.94767,114.324,0.109127,0.66077,0,0.0179955
0.585,0.315,11.7368,7.78874,-1.73502,109.331,0.109127,0.66077,0,0.0179955
0.585,0.325,11.4695,7.68907,-1.52534,104.439,0.109127,0.66077,0,0.0179955
0.585,0.335,11.202,7.58683,-1.31901,99.6671,0.109127,0.66077,0,0.0179955
0.585,0.345,10.9361,7.48199,-1.11652,95.0385,0.109127,0.66077,0,0.0179955
0.585,0.355,10.6737,7.37447,-0.918485,90.5773,0.109127,0.66077,0,0.0179955
0.585,0.365,10.4173,7.26412,-0.725736,86.3122,0.109127,0.66077,0,0.0179955
0.585,0.375,10.1705,7.15066,-0.539368,82.2774,0.109127,0.66077,0,0.0179955
0.585,0.385,9.93778,7.03367,-0.36086,78.5148,0.109127,0.66077,0,0.0179955
0.585,0.395,9.72508,6.91247,-0.192195,75.077,0.109127,0.66077,0,0.0179955
0.585,0.405,9.54127,6.78454,-0.0360428,72.0285,0.109127,0.66077,0,0.0179955
0.585,0.415,9.40126,6.64149,0.103991,69.4547,0.109127,0.66077,0,0.0179955
0.585,0.425,9.31166,6.48871,0.223672,67.4662,0.109127,0.66077,0,0.0179955
0.585,0.435,9.28428,6.32502,0.318708,66.1684,0.109127,0.66077,0,0.0179955
0.585,0.445,9.3305,6.14767,0.385518,65.655,0.109127,0.66077,0,0.0179955
0.585,0.455,9.45593,5.95385,0.422697,65.9741,0.109127,0.66077,0,0.0179955
0.585,0.465,9.65616,5.74118,0.432162,67.0961,0.109127,0.66077,0,0.0179955
0.585,0.475,9.91446,5.50821,0.419363,68.9045,0.109127,0.66077,0,0.0179955
0.585,0.485,10.201,5.25428,0.391927,71.2124,0.109127,0.66077,0,0.0179955
0.585,0.495,10.4684,4.9788,0.357875,73.7979,0.109127,0.66077,0,0.0179955
0.585,0.505,10.3912,4.63365,0.335769,76.7982,0.109127,0.66077,0,0.0179955
0.585,0.515,9.08222,4.01175,0.388309,80.7839,0.109127,0.66077,0,0.0179955
0.585,0.525,6.93798,2.89032,0.602753,84.0573,0.109127,0.66077,0,0.0179955
0.585,0.535,5.62186,1.37325,0.960978,83.8849,0.109127,0.66077,0,0.0179955
0.585,0.545,5.06087,-0.338245,1.29196,81.6801,0.109127,0.66077,0,0.0179955
0.585,0.555,4.73869,-2.10943,1.47549,79.2041,0.109127,0.66077,0,0.0179955
0.585,0.565,4.56131,-4.03307,1.53118,76.9954,0.109127,0.66077,0,0.0179955
0.585,0.575,4.68045,-6.20623,1.54801,75.9293,0.109127,0.66077,0,0.0179955
0.585,0.585,5.43898,-8.536,1.66745,77.6782,0.109127,0.66077,0,0.0179955
0.585,0.595,7.51413,-10.6667,1.98959,84.398,0.109127,0.66077,0,0.0179955
0.585,0.605,12.202,-12.294,2.44973,96.7798,0.109127,0.66077,0,0.0179955
0.585,0.615,21.7421,-13.3869,2.8255,111.695,0.109127,0.66077,0,0.0179955
0.585,0.625,38.704,-14.0706,2.96444,120.716,0.109127,0.66077,0,0.0179955
0.585,0.635,63.4831,-14.4847,2.90713,114.236,0.109127,0.66077,0,0.0179955
0.585,0.645,93.6287,-14.7253,2.765,95.3229,0.109127,0.66077,0,0.0179955
0.585,0.655,127.037,-14.8552,2.64269,77.467,0.109127,0.66077,0,0.0179955
0.585,0.665,164.762,-14.9196,2.58775,69.7435,0.109127,0.66077,0,0.0179955
0.585,0.675,209.243,-14.9506,2.59027,71.9376,0.109127,0.66077,0,0.0179955
0.585,0.685,261.517,-14.9665,2.622,80.4082,0.109127,0.66077,0,0.0179955
0.585,0.695,320.81,-14.9758,2.66337,92.3033,0.109127,0.66077,0,0.0179955
0.585,0.705,385.355,-14.9821,2.70562,106.019,0.109127,0.66077,0,0.0179955
0.585,0.715,453.021,-14.9865,2.74561,120.65,0.109127,0.66077,0,0.0179955
0.585,0.725,521.601,-14.9899,2.7824,135.6,0.109127,0.66077,0,0.0179955
0.585,0.735,588.98,-14.9924,2.81576,150.404,0.109127,0.66077,0,0.0179955
0.585,0.745,653.264,-14.9943,2.84571,164.679,0.109127,0.66077,0,0.0179955
0.585,0.755,712.899,-14.9958,2.87234,178.111,0.109127,0.66077,0,0.0179955
0.585,0.765,766.745,-14.997,2.89576,190.457,0.109127,0.66077,0,0.0179955
0.585,0.775,814.107,-14.9978,2.91609,201.548,0.109127,0.66077,0,0.0179955
0.585,0.785,854.716,-14.9985,2.93351,211.292,0.109127,0.66077,0,0.0179955
0.585,0.795,888.677,-14.9989,2.94819,219.66,0.109127,0.66077,0,0.0179955
0.585,0.805,916.391,-14.9993,2.96036,226.684,0.109127,0.66077,0,0.0179955
0.585,0.815,938.466,-14.9995,2.97024,232.446,0.109127,0.66077,0,0.0179955
0.585,0.825,955.634,-14.9997,2.9781,237.061,0.109127,0.66077,0,0.0179955
0.585,0.835,968.67,-14.9998,2.98423,240.668,0.109127,0.66077,0,0.0179955
0.585,0.845,978.336,-14.9999,2.98888,243.418,0.109127,0.66077,0,0.0179955
0.585,0.855,985.334,-14.9999,2.99234,245.462,0.109127,0.66077,0,0.0179955
0.585,0.865,990.282,-15,2.99484,246.943,0.109127,0.66077,0,0.0179955
0.585,0.875,993.699,-15,2.9966,247.988,0.109127,0.66077,0,0.0179955
0.585,0.885,996.001,-15,2.99781,248.706,0.109127,0.66077,0,0.0179955
0.585,0.895,997.517,-15,2.99863,249.187,0.109127,0.66077,0,0.0179955
0.585,0.905,998.491,-15,2.99916,249.501,0.109127,0.66077,0,0.0179955
0.585,0.915,999.103,-15,2.99949,249.701,0.109127,0.66077,0,0.0179955
0.585,0.925,999.478,-15,2.9997,249.825,0.109127,0.66077,0,0.0179955
0.585,0.935,999.703,-15,2.99983,249.899,0.109127,0.66077,0,0.0179955
0.585,0.945,999.834,-15,2.9999,249.944,0.109127,0.66077,0,0.0179955
0.585,0.955,999.91,-15,2.99995,249.969,0.109127,0.66077,0,0.0179955
0.585,0.965,999.952,-15,2.99997,249.983,0.109127,0.66077,0,0.0179955
0.585,0.975,999.975,-15,2.99999,249.991,0.109127,0.66077,0,0.0179955
0.585,0.985,999.987,-15,2.99999,249.996,0.109127,0.66077,0,0.0179955
0.585,0.995,999.993,-15,3,249.998,0.109127,0.66077,0,0.0179955
0.595,0.005,17.2746,9.2765,-8.60477,230.256,0.137018,0.772657,0,0.0247485
0.595,0.015,17.1809,9.28287,-8.38902,228.516,0.137018,0.772657,0,0.0247485
0.595,0.025,17.0763,9.28644,-8.17232,226.514,0.137018,0.772657,0,0.0247485
0.595,0.035,16.9615,9.28711,-7.95465,224.259,0.137018,0.772657,0,0.0247485
0.595,0.045,16.8371,9.28476,-7.736,221.761,0.137018,0.772657,0,0.0247485
0.595,0.055,16.7037,9.27929,-7.51636,219.029,0.137018,0.772657,0,0.0247485
0.595,0.065,16.5619,9.27057,-7.29576,216.073,0.137018,0.772657,0,0.0247485
0.595,0.075,16.412,9.25852,-7.07421,212.903,0.137018,0.772657,0,0.0247485
0.595,0.085,16.2547,9.24303,-6.85176,209.53,0.137018,0.772657,0,0.0247485
0.595,0.095,16.0902,9.22401,-6.62846,205.964,0.137018,0.772657,0,0.0247485
0.595,0.105,15.919,9.20138,-6.40438,202.215,0.137018,0.772657,0,0.0247485
0.595,0.115,15.7413,9.17505,-6.1796,198.294,0.137018,0.772657,0,0.0247485
0.595,0.125,15.5575,9.14498,-5.9542,194.211,0.137018,0.772657,0,0.0247485
0.595,0.135,15.3678,9.1111,-5.72829,189.978,0.137018,0.772657,0,0.0247485
0.595,0.145,15.1724,9.07337,-5.50198,185.606,0.137018,0.772657,0,0.0247485
0.595,0.155,14.9716,9.03175,-5.27539,181.107,0.137018,0.772657,0,0.0247485
0.595,0.165,14.7655,8.98623,-5.04865,176.492,0.137018,0.772657,0,0.0247485
0.595,0.175,14.5543,8.93679,-4.82189,171.774,0.137018,0.772657,0,0.0247485
0.595,0.185,14.3382,8.88342,-4.59526,166.966,0.137018,0.772657,0,0.0247485
0.595,0.195,14.1173,8.82613,-4.36891,162.08,0.137018,0.772657,0,0.0247485
0.595,0.205,13.8918,8.76492,-4.14296,157.132,0.137018,0.772657,0,0.0247485
0.595,0.215,13.6683,8.69983,-3.91574,152.236,0.137018,0.772657,0,0.0247485
0.595,0.225,13.4438,8.63113,-3.68832,147.354,0.137018,0.772657,0,0.0247485
0.595,0.235,13.2144,8.55902,-3.46202,142.433,0.137018,0.772657,0,0.0247485
0.595,0.245,12.9804,8.48362,-3.237,137.489,0.137018,0.772657,0,0.0247485
0.595,0.255,12.7418,8.40502,-3.01341,132.534,0.137018,0.772657,0,0.0247485
0.595,0.265,12.4992,8.32334,-2.79143,127.584,0.137018,0.772657,0,0.0247485
0.595,0.275,12.2527,8.23868,-2.57123,122.653,0.137018,0.772657,0,0.0247485
0.595,0.285,12.0027,8.15113,-2.35301,117.756,0.137018,0.772657,0,0.0247485
0.595,0.295,11.7499,8.06079,-2.13698,112.909,0.137018,0.772657,0,0.0247485
0.595,0.305,11.4946,7.96773,-1.92337,108.128,0.137018,0.772657,0,0.0247485
0.595,0.315,11.2378,7.87201,-1.71247,103.428,0.137018,0.772657,0,0.0247485
0.595,0.325,10.9804,7.77368,-1.5046,98.8298,0.137018,0.772657,0,0.0247485
0.595,0.335,10.7237,7.67273,-1.30019,94.3509,0.137018,0.772657,0,0.0247485
0.595,0.345,10.4692,7.56912,-1.09975,90.0137,0.137018,0.772657,0,0.0247485
0.595,0.355,10.2191,7.46275,-0.903977,85.8428,0.137018,0.772657,0,0.0247485
0.595,0.365,9.97621,7.3534,-0.713773,81.8676,0.137018,0.772657,0,0.0247485
0.595,0.375,9.74406,7.24074,-0.530356,78.1233,0.137018,0.772657,0,0.0247485
0.595,0.385,9.52752,7.12427,-0.355366,74.6543,0.137018,0.772657,0,0.0247485
0.595,0.395,9.33299,7.00321,-0.191008,71.5162,0.137018,0.772657,0,0.0247485
0.595,0.405,9.16959,6.87513,-0.0402475,68.7785,0.137018,0.772657,0,0.0247485
0.595,0.415,9.05289,6.73111,0.0928913,66.5329,0.137018,0.772657,0,0.0247485
0.595,0.425,8.99124,6.576,0.203853,64.9021,0.137018,0.772657,0,0.0247485
0.595,0.435,8.9965,6.40852,0.28829,63.9947,0.137018,0.772657,0,0.0247485
0.595,0.445,9.07978,6.22552,0.342915,63.9052,0.137018,0.772657,0,0.0247485
0.595,0.455,9.24513,6.02397,0.367171,64.6722,0.137018,0.772657,0,0.0247485
0.595,0.465,9.48523,5.8015,0.364416,66.2451,0.137018,0.772657,0,0.0247485
0.595,0.475,9.77919,5.55701,0.341693,68.4764,0.137018,0.772657,0,0.0247485
0.595,0.485,10.0919,5.29065,0.307852,71.143,0.137018,0.772657,0,0.0247485
0.595,0.495,10.3683,5.00253,0.271468,73.9915,0.137018,0.772657,0,0.0247485
0.595,0.505,10.1498,4.59411,0.261885,77.5032,0.137018,0.772657,0,0.0247485
0.595,0.515,8.49801,3.79691,0.365846,82.0494,0.137018,0.772657,0,0.0247485
0.595,0.525,6.52971,2.55918,0.648187,84.1476,0.137018,0.772657,0,0.0247485
0.595,0.535,5.54631,1.03565,1.02045,82.9984,0.137018,0.772657,0,0.0247485
0.595,0.545,5.07764,-0.576477,1.31135,80.6187,0.137018,0.772657,0,0.0247485
0.595,0.555,4.7489,-2.22357,1.45616,78.3502,0.137018,0.772657,0,0.0247485
0.595,0.565,4.568,-4.0335,1.49574,76.6076,0.137018,0.772657,0,0.0247485
0.595,0.575,4.70137,-6.11805,1.52375,76.4474,0.137018,0.772657,0,0.0247485
0.595,0.585,5.4868,-8.41004,1.67407,79.4436,0.137018,0.772657,0,0.0247485
0.595,0.595,7.6104,-10.5616,2.02722,87.3818,0.137018,0.772657,0,0.0247485
0.595,0.605,12.4042,-12.2332,2.50278,100.614,0.137018,0.772657,0,0.0247485
0.595,0.615,22.1513,-13.3617,2.8719,115.621,0.137018,0.772657,0,0.0247485
0.595,0.625,39.3437,-14.0657,2.99015,123.294,0.137018,0.772657,0,0.0247485
0.595,0.635,64.1065,-14.4888,2.91113,114.279,0.137018,0.772657,0,0.0247485
0.595,0.645,93.8426,-14.7314,2.75571,93.4392,0.137018,0.772657,0,0.0247485
0.595,0.655,126.74,-14.8597,2.63113,75.3372,0.137018,0.772657,0,0.0247485
0.595,0.665,164.233,-14.9219,2.58005,68.3244,0.137018,0.772657,0,0.0247485
0.595,0.675,208.781,-14.9515,2.58659,71.2177,0.137018,0.772657,0,0.0247485
0.595,0.685,261.226,-14.9668,2.62055,80.0946,0.137018,0.772657,0,0.0247485
0.595,0.695,320.66,-14.9759,2.66287,92.179,0.137018,0.772657,0,0.0247485
0.595,0.705,385.288,-14.9821,2.70546,105.973,0.137018,0.772657,0,0.0247485
0.595,0.715,452.994,-14.9865,2.74556,120.634,0.137018,0.772657,0,0.0247485
0.595,0.725,521.591,-14.9899,2.78238,135.595,0.137018,0.772657,0,0.0247485
0.595,0.735,588.976,-14.9924,2.81576,150.403,0.137018,0.772657,0,0.0247485
0.595,0.745,653.263,-14.9943,2.84571,164.679,0.137018,0.772657,0,0.0247485
0.595,0.755,712.899,-14.9958,2.87234,178.111,0.137018,0.772657,0,0.0247485
0.595,0.765,766.745,-14.997,2.89576,190.456,0.137018,0.772657,0,0.0247485
0.595,0.775,814.107,-14.9978,2.91609,201.548,0.137018,0.772657,0,0.0247485
0.595,0.785,854.716,-14.9985,2.93351,211.292,0.137018,0.772657,0,0.0247485
0.595,0.795,888.677,-14.9989,2.94819,219.66,0.137018,0.772657,0,0.0247485
0.595,0.805,916.391,-14.9993,2.96036,226.684,0.137018,0.772657,0,0.0247485
0.595,0.815,938.466,-14.9995,2.97024,232.446,0.137018,0.772657,0,0.0247485
0.595,0.825,955.634,-14.9997,2.9781,237.061,0.137018,0.772657,0,0.0247485
0.595,0.835,968.67,-14.9998,2.98423,240.668,0.137018,0.772657,0,0.0247485
0.595,0.845,978.336,-14.9999,2.98888,243.418,0.137018,0.772657,0,0.0247485
0.595,0.855,985.334,-14.9999,2.99234,245.462,0.137018,0.772657,0,0.0247485
0.595,0.865,990.282,-15,2.99484,246.943,0.137018,0.772657,0,0.0247485
0.595,0.875,993.699,-15,2.9966,247.988,0.137018,0.772657,0,0.0247485
0.595,0.885,996.001,-15,2.99781,248.706,0.137018,0.772657,0,0.0247485
0.595,0.895,997.517,-15,2.99863,249.187,0.137018,0.772657,0,0.0247485
0.595,0.905,998.491,-15,2.99916,249.501,0.137018,0.772657,0,0.0247485
0.595,0.915,999.103,-15,2.99949,249.701,0.137018,0.772657,0,0.0247485
0.595,0.925,999.478,-15,2.9997,249.825,0.137018,0.772657,0,0.0247485
0.595,0.935,999.703,-15,2.99983,249.899,0.137018,0.772657,0,0.0247485
0.595,0.945,999.834,-15,2.9999,249.944,0.137018,0.772657,0,0.0247485
0.595,0.955,999.91,-15,2.99995,249.969,0.137018,0.772657,0,0.0247485
0.595,0.965,999.952,-15,2.99997,249.983,0.137018,0.772657,0,0.0247485
0.595,0.975,999.975,-15,2.99999,249.991,0.137018,0.772657,0,0.0247485
0.595,0.985,999.987,-15,2.99999,249.996,0.137018,0.772657,0,0.0247485
0.595,0.995,999.993,-15,3,249.998,0.137018,0.772657,0,0.0247485
0.605,0.005,16.6308,9.34947,-8.54516,218.254,0.170342,0.884545,0,0.0335668
0.605,0.015,16.5398,9.35503,-8.32991,216.575,0.170342,0.884545,0,0.0335668
0.605,0.025,16.4383,9.35783,-8.11377,214.649,0.170342,0.884545,0,0.0335668
0.605,0.035,16.3268,9.35777,-7.8967,212.483,0.170342,0.884545,0,0.0335668
0.605,0.045,16.206,9.35474,-7.67872,210.088,0.170342,0.884545,0,0.0335668
0.605,0.055,16.0764,9.34864,-7.45982,207.471,0.170342,0.884545,0,0.0335668
0.605,0.065,15.9385,9.33938,-7.24001,204.643,0.170342,0.884545,0,0.0335668
0.605,0.075,15.7927,9.32684,-7.01932,201.613,0.170342,0.884545,0,0.0335668
0.605,0.085,15.6395,9.31095,-6.7978,198.391,0.170342,0.884545,0,0.0335668
0.605,0.095,15.4793,9.29161,-6.57549,194.987,0.170342,0.884545,0,0.0335668
0.605,0.105,15.3124,9.26874,-6.35245,191.41,0.170342,0.884545,0,0.0335668
0.605,0.115,15.1392,9.24227,-6.12878,187.672,0.170342,0.884545,0,0.0335668
0.605,0.125,14.96,9.21215,-5.90455,183.783,0.170342,0.884545,0,0.0335668
0.605,0.135,14.7749,9.17832,-5.67986,179.753,0.170342,0.884545,0,0.0335668
0.605,0.145,14.5843,9.14073,-5.45482,175.593,0.170342,0.884545,0,0.0335668
0.605,0.155,14.3884,9.09936,-5.22954,171.315,0.170342,0.884545,0,0.0335668
0.605,0.165,14.1873,9.05419,-5.00416,166.929,0.170342,0.884545,0,0.0335668
0.605,0.175,13.9812,9.0052,-4.7788,162.449,0.170342,0.884545,0,0.0335668
0.605,0.185,13.7704,8.95238,-4.5536,157.885,0.170342,0.884545,0,0.0335668
0.605,0.195,13.5549,8.89574,-4.32872,153.251,0.170342,0.884545,0,0.0335668
0.605,0.205,13.3351,8.83528,-4.10424,148.561,0.170342,0.884545,0,0.0335668
0.605,0.215,13.1176,8.77104,-3.87844,143.929,0.170342,0.884545,0,0.0335668
0.605,0.225,12.8989,8.7033,-3.65257,139.306,0.170342,0.884545,0,0.0335668
0.605,0.235,12.6754,8.63221,-3.42784,134.651,0.170342,0.884545,0,0.0335668
0.605,0.245,12.4477,8.55789,-3.2044,129.975,0.170342,0.884545,0,0.0335668
0.605,0.255,12.2158,8.48045,-2.9824,125.293,0.170342,0.884545,0,0.0335668
0.605,0.265,11.9801,8.39997,-2.76202,120.618,0.170342,0.884545,0,0.0335668
0.605,0.275,11.7409,8.31655,-2.54345,115.965,0.170342,0.884545,0,0.0335668
0.605,0.285,11.4988,8.23028,-2.32686,111.347,0.170342,0.884545,0,0.0335668
0.605,0.295,11.2542,8.14123,-2.11249,106.779,0.170342,0.884545,0,0.0335668
0.605,0.305,11.0078,8.04948,-1.90058,102.277,0.170342,0.884545,0,0.0335668
0.605,0.315,10.7603,7.95507,-1.69143,97.8577,0.170342,0.884545,0,0.0335668
0.605,0.325,10.5129,7.85801,-1.4854,93.5379,0.170342,0.884545,0,0.0335668
0.605,0.335,10.2668,7.75829,-1.28294,89.3373,0.170342,0.884545,0,0.0335668
0.605,0.345,10.0238,7.65583,-1.08462,85.2776,0.170342,0.884545,0,0.0335668
0.605,0.355,9.78612,7.55048,-0.891203,81.384,0.170342,0.884545,0,0.0335668
0.605,0.365,9.55671,7.44198,-0.703699,77.687,0.170342,0.884545,0,0.0335668
0.605,0.375,9.33949,7.32993,-0.523468,74.2241,0.170342,0.884545,0,0.0335668
0.605,0.385,9.13973,7.21369,-0.352358,71.0427,0.170342,0.884545,0,0.0335668
0.605,0.395,8.96444,7.09231,-0.192854,68.2042,0.170342,0.884545,0,0.0335668
0.605,0.405,8.82327,6.96351,-0.0482966,65.7854,0.170342,0.884545,0,0.0335668
0.605,0.415,8.73276,6.81764,0.0767492,63.8877,0.170342,0.884545,0,0.0335668
0.605,0.425,8.70392,6.65851,0.177326,62.6535,0.170342,0.884545,0,0.0335668
0.605,0.435,8.74873,6.48475,0.249118,62.198,0.170342,0.884545,0,0.0335668
0.605,0.445,8.87787,6.29266,0.289442,62.6159,0.170342,0.884545,0,0.0335668
0.605,0.455,9.09292,6.07901,0.299254,63.9288,0.170342,0.884545,0,0.0335668
0.605,0.465,9.38171,5.8418,0.284256,66.0475,0.170342,0.884545,0,0.0335668
0.605,0.475,9.71628,5.58125,0.253807,68.765,0.170342,0.884545,0,0.0335668
0.605,0.485,10.0529,5.29942,0.218262,71.7913,0.170342,0.884545,0,0.0335668
0.605,0.495,10.3261,4.99778,0.186557,74.8238,0.170342,0.884545,0,0.0335668
0.605,0.505,9.8718,4.48832,0.205266,78.9142,0.170342,0.884545,0,0.0335668
0.605,0.515,7.93707,3.50634,0.375292,83.4332,0.170342,0.884545,0,0.0335668
0.605,0.525,6.30247,2.20491,0.715364,84.0219,0.170342,0.884545,0,0.0335668
0.605,0.535,5.56253,0.724372,1.0776,82.1938,0.170342,0.884545,0,0.0335668
0.605,0.545,5.11451,-0.771476,1.32506,79.9175,0.170342,0.884545,0,0.0335668
0.605,0.555,4.77243,-2.29404,1.44029,78.046,0.170342,0.884545,0,0.0335668
0.605,0.565,4.6011,-3.98745,1.47442,76.9848,0.170342,0.884545,0,0.0335668
0.605,0.575,4.75496,-5.98994,1.52014,77.8062,0.170342,0.884545,0,0.0335668
0.605,0.585,5.56521,-8.25994,1.69835,81.9408,0.170342,0.884545,0,0.0335668
0.605,0.595,7.73305,-10.4479,2.07534,90.8871,0.170342,0.884545,0,0.0335668
0.605,0.605,12.634,-12.1718,2.56091,104.783,0.170342,0.884545,0,0.0335668
0.605,0.615,22.5935,-13.3381,2.9196,119.675,0.170342,0.884545,0,0.0335668
0.605,0.625,40.004,-14.0628,3.01455,125.694,0.170342,0.884545,0,0.0335668
0.605,0.635,64.702,-14.4945,2.91268,113.931,0.170342,0.884545,0,0.0335668
0.605,0.645,93.9819,-14.7382,2.74446,91.2488,0.170342,0.884545,0,0.0335668
0.605,0.655,126.378,-14.8643,2.61887,73.1251,0.170342,0.884545,0,0.0335668
0.605,0.665,163.688,-14.9242,2.57243,66.9455,0.170342,0.884545,0,0.0335668
0.605,0.675,208.338,-14.9524,2.58314,70.5515,0.170342,0.884545,0,0.0335668
0.605,0.685,260.96,-14.9671,2.61926,79.8155,0.170342,0.884545,0,0.0335668
0.605,0.695,320.529,-14.976,2.66243,92.0721,0.170342,0.884545,0,0.0335668
0.605,0.705,385.231,-14.9821,2.70532,105.934,0.170342,0.884545,0,0.0335668
0.605,0.715,452.971,-14.9865,2.74552,120.621,0.170342,0.884545,0,0.0335668
0.605,0.725,521.583,-14.9899,2.78237,135.59,0.170342,0.884545,0,0.0335668
0.605,0.735,588.974,-14.9924,2.81575,150.401,0.170342,0.884545,0,0.0335668
0.605,0.745,653.262,-14.9943,2.84571,164.678,0.170342,0.884545,0,0.0335668
0.605,0.755,712.898,-14.9958,2.87234,178.111,0.170342,0.884545,0,0.0335668
0.605,0.765,766.745,-14.997,2.89576,190.456,0.170342,0.884545,0,0.0335668
0.605,0.775,814.107,-14.9978,2.91609,201.548,0.170342,0.884545,0,0.0335668
0.605,0.785,854.716,-14.9985,2.93351,211.292,0.170342,0.884545,0,0.0335668
0.605,0.795,888.677,-14.9989,2.94819,219.66,0.170342,0.884545,0,0.0335668
0.605,0.805,916.391,-14.9993,2.96036,226.684,0.170342,0.884545,0,0.0335668
0.605,0.815,938.466,-14.9995,2.97024,232.446,0.170342,0.884545,0,0.0335668
0.605,0.825,955.634,-14.9997,2.9781,237.061,0.170342,0.884545,0,0.0335668
0.605,0.835,968.67,-14.9998,2.98423,240.668,0.170342,0.884545,0,0.0335668
0.605,0.845,978.336,-14.9999,2.98888,243.418,0.170342,0.884545,0,0.0335668
0.605,0.855,985.334,-14.9999,2.99234,245.462,0.170342,0.884545,0,0.0335668
0.605,0.865,990.282,-15,2.99484,246.943,0.170342,0.884545,0,0.0335668
0.605,0.875,993.699,-15,2.9966,247.988,0.170342,0.884545,0,0.0335668
0.605,0.885,996.001,-15,2.99781,248.706,0.170342,0.884545,0,0.0335668
0.605,0.895,997.517,-15,2.99863,249.187,0.170342,0.884545,0,0.0335668
0.605,0.905,998.491,-15,2.99916,249.501,0.170342,0.884545,0,0.0335668
0.605,0.915,999.103,-15,2.99949,249.701,0.170342,0.884545,0,0.0335668
0.605,0.925,999.478,-15,2.9997,249.825,0.170342,0.884545,0,0.0335668
0.605,0.935,999.703,-15,2.99983,249.899,0.170342,0.884545,0,0.0335668
0.605,0.945,999.834,-15,2.9999,249.944,0.170342,0.884545,0,0.0335668
0.605,0.955,999.91,-15,2.99995,249.969,0.170342,0.884545,0,0.0335668
0.605,0.965,999.952,-15,2.99997,249.983,0.170342,0.884545,0,0.0335668
0.605,0.975,999.975,-15,2.99999,249.991,0.170342,0.884545,0,0.0335668
0.605,0.985,999.987,-15,2.99999,249.996,0.170342,0.884545,0,0.0335668
0.605,0.995,999.993,-15,3,249.998,0.170342,0.884545,0,0.0335668
0.615,0.005,16.007,9.42199,-8.48707,206.827,0.209855,0.996433,0,0.0449517
0.615,0.015,15.9185,9.4268,-8.27236,205.207,0.209855,0.996433,0,0.0449517
0.615,0.025,15.82,9.42888,-8.05681,203.354,0.209855,0.996433,0,0.0449517
0.615,0.035,15.7118,9.42814,-7.84038,201.276,0.209855,0.996433,0,0.0449517
0.615,0.045,15.5945,9.42448,-7.62309,198.981,0.209855,0.996433,0,0.0449517
0.615,0.055,15.4686,9.4178,-7.40494,196.477,0.209855,0.996433,0,0.0449517
0.615,0.065,15.3346,9.40802,-7.18594,193.773,0.209855,0.996433,0,0.0449517
0.615,0.075,15.1928,9.39504,-6.96613,190.879,0.209855,0.996433,0,0.0449517
0.615,0.085,15.0438,9.37878,-6.74554,187.804,0.209855,0.996433,0,0.0449517
0.615,0.095,14.8878,9.35915,-6.52422,184.557,0.209855,0.996433,0,0.0449517
0.615,0.105,14.7253,9.33607,-6.30224,181.148,0.209855,0.996433,0,0.0449517
0.615,0.115,14.5566,9.30949,-6.07968,177.587,0.209855,0.996433,0,0.0449517
0.615,0.125,14.3819,9.27934,-5.85661,173.884,0.209855,0.996433,0,0.0449517
0.615,0.135,14.2016,9.24557,-5.63313,170.05,0.209855,0.996433,0,0.0449517
0.615,0.145,14.0158,9.20815,-5.40936,166.095,0.209855,0.996433,0,0.0449517
0.615,0.155,13.8248,9.16704,-5.18539,162.029,0.209855,0.996433,0,0.0449517
0.615,0.165,13.6288,9.12222,-4.96135,157.865,0.209855,0.996433,0,0.0449517
0.615,0.175,13.4279,9.07368,-4.73738,153.612,0.209855,0.996433,0,0.0449517
0.615,0.185,13.2224,9.02142,-4.5136,149.283,0.209855,0.996433,0,0.0449517
0.615,0.195,13.0125,8.96542,-4.29016,144.89,0.209855,0.996433,0,0.0449517
0.615,0.205,12.7985,8.90571,-4.06714,140.448,0.209855,0.996433,0,0.0449517
0.615,0.215,12.587,8.84233,-3.84276,136.066,0.209855,0.996433,0,0.0449517
0.615,0.225,12.374,8.77552,-3.61843,131.691,0.209855,0.996433,0,0.0449517
0.615,0.235,12.1567,8.70544,-3.39525,127.289,0.209855,0.996433,0,0.0449517
0.615,0.245,11.9353,8.63219,-3.17336,122.869,0.209855,0.996433,0,0.0449517
0.615,0.255,11.7101,8.55587,-2.95293,118.447,0.209855,0.996433,0,0.0449517
0.615,0.265,11.4815,8.47656,-2.73414,114.034,0.209855,0.996433,0,0.0449517
0.615,0.275,11.2498,8.39435,-2.51716,109.644,0.209855,0.996433,0,0.0449517
0.615,0.285,11.0155,8.30931,-2.3022,105.291,0.209855,0.996433,0,0.0449517
0.615,0.295,10.7792,8.22152,-2.08949,100.99,0.209855,0.996433,0,0.0449517
0.615,0.305,10.5416,8.13102,-1.87929,96.7541,0.209855,0.996433,0,0.0449517
0.615,0.315,10.3035,8.03785,-1.67191,92.6006,0.209855,0.996433,0,0.0449517
0.615,0.325,10.0661,7.94199,-1.46775,88.5468,0.209855,0.996433,0,0.0449517
0.615,0.335,9.83077,7.84339,-1.26731,84.612,0.209855,0.996433,0,0.0449517
0.615,0.345,9.59938,7.74194,-1.07121,80.8185,0.209855,0.996433,0,0.0449517
0.615,0.355,9.37437,7.63743,-0.880322,77.1929,0.209855,0.996433,0,0.0449517
0.615,0.365,9.15901,7.52952,-0.695778,73.7677,0.209855,0.996433,0,0.0449517
0.615,0.375,8.95767,7.41766,-0.519143,70.5843,0.209855,0.996433,0,0.0449517
0.615,0.385,8.77633,7.30102,-0.352549,67.6963,0.209855,0.996433,0,0.0449517
0.615,0.395,8.62304,7.17836,-0.198885,65.1747,0.209855,0.996433,0,0.0449517
0.615,0.405,8.50863,7.04741,-0.0620005,63.1104,0.209855,0.996433,0,0.0449517
0.615,0.415,8.45087,6.8978,0.0527859,61.6187,0.209855,0.996433,0,0.0449517
0.615,0.425,8.4655,6.7309,0.140022,60.8783,0.209855,0.996433,0,0.0449517
0.615,0.435,8.56434,6.5455,0.195754,61.0143,0.209855,0.996433,0,0.0449517
0.615,0.445,8.75672,6.33713,0.218778,62.1153,0.209855,0.996433,0,0.0449517
0.615,0.455,9.03927,6.10274,0.213102,64.1639,0.209855,0.996433,0,0.0449517
0.615,0.465,9.39056,5.84215,0.188218,66.9888,0.209855,0.996433,0,0.0449517
0.615,0.475,9.77019,5.5591,0.156435,70.2684,0.209855,0.996433,0,0.0449517
0.615,0.485,10.1225,5.2587,0.129321,73.6134,0.209855,0.996433,0,0.0449517
0.615,0.495,10.3693,4.94339,0.115739,76.6695,0.209855,0.996433,0,0.0449517
0.615,0.505,9.55787,4.28892,0.184499,81.2266,0.209855,0.996433,0,0.0449517
0.615,0.515,7.51602,3.17331,0.429344,84.5081,0.209855,0.996433,0,0.0449517
0.615,0.525,6.25984,1.85436,0.803097,83.8454,0.209855,0.996433,0,0.0449517
0.615,0.535,5.63771,0.456071,1.13612,81.7564,0.209855,0.996433,0,0.0449517
0.615,0.545,5.16553,-0.916154,1.34329,79.854,0.209855,0.996433,0,0.0449517
0.615,0.555,4.81969,-2.31345,1.4377,78.5842,0.209855,0.996433,0,0.0449517
0.615,0.565,4.67103,-3.89179,1.47399,78.3457,0.209855,0.996433,0,0.0449517
0.615,0.575,4.84528,-5.8251,1.53865,80.0725,0.209855,0.996433,0,0.0449517
0.615,0.585,5.67296,-8.09116,1.7383,85.1217,0.209855,0.996433,0,0.0449517
0.615,0.595,7.87949,-10.3292,2.13199,94.8458,0.209855,0.996433,0,0.0449517
0.615,0.605,12.8902,-12.1113,2.62317,109.236,0.209855,0.996433,0,0.0449517
0.615,0.615,23.0681,-13.3169,2.96805,123.806,0.209855,0.996433,0,0.0449517
0.615,0.625,40.6801,-14.062,3.03718,127.849,0.209855,0.996433,0,0.0449517
0.615,0.635,65.26,-14.5017,2.91147,113.143,0.209855,0.996433,0,0.0449517
0.615,0.645,94.0406,-14.7458,2.7312,88.7568,0.209855,0.996433,0,0.0449517
0.615,0.655,125.955,-14.8691,2.606,70.857,0.209855,0.996433,0,0.0449517
0.615,0.665,163.134,-14.9264,2.56498,65.6214,0.209855,0.996433,0,0.0449517
0.615,0.675,207.918,-14.9532,2.57995,69.9422,0.209855,0.996433,0,0.0449517
0.615,0.685,260.721,-14.9674,2.61812,79.5701,0.209855,0.996433,0,0.0449517
0.615,0.695,320.415,-14.9761,2.66207,91.9812,0.209855,0.996433,0,0.0449517
0.615,0.705,385.184,-14.9821,2.70521,105.903,0.209855,0.996433,0,0.0449517
0.615,0.715,452.953,-14.9865,2.74549,120.611,0.209855,0.996433,0,0.0449517
0.615,0.725,521.577,-14.9899,2.78236,135.587,0.209855,0.996433,0,0.0449517
0.615,0.735,588.971,-14.9924,2.81575,150.4,0.209855,0.996433,0,0.0449517
0.615,0.745,653.261,-14.9943,2.84571,164.678,0.209855,0.996433,0,0.0449517
0.615,0.755,712.898,-14.9958,2.87234,178.111,0.209855,0.996433,0,0.0449517
0.615,0.765,766.745,-14.997,2.89576,190.456,0.209855,0.996433,0,0.0449517
0.615,0.775,814.107,-14.9978,2.91609,201.548,0.209855,0.996433,0,0.0449517
0.615,0.785,854.716,-14.9985,2.93351,211.292,0.209855,0.996433,0,0.0449517
0.615,0.795,888.677,-14.9989,2.94819,219.66,0.209855,0.996433,0,0.0449517
0.615,0.805,916.391,-14.9993,2.96036,226.684,0.209855,0.996433,0,0.0449517
0.615,0.815,938.466,-14.9995,2.97024,232.446,0.209855,0.996433,0,0.0449517
0.615,0.825,955.634,-14.9997,2.9781,237.061,0.209855,0.996433,0,0.0449517
0.615,0.835,968.67,-14.9998,2.98423,240.668,0.209855,0.996433,0,0.0449517
0.615,0.845,978.336,-14.9999,2.98888,243.418,0.209855,0.996433,0,0.0449517
0.615,0.855,985.334,-14.9999,2.99234,245.462,0.209855,0.996433,0,0.0449517
0.615,0.865,990.282,-15,2.99484,246.943,0.209855,0.996433,0,0.0449517
0.615,0.875,993.699,-15,2.9966,247.988,0.209855,0.996433,0,0.0449517
0.615,0.885,996.001,-15,2.99781,248.706,0.209855,0.996433,0,0.0449517
0.615,0.895,997.517,-15,2.99863,249.187,0.209855,0.996433,0,0.0449517
0.615,0.905,998.491,-15,2.99916,249.501,0.209855,0.996433,0,0.0449517
0.615,0.915,999.103,-15,2.99949,249.701,0.209855,0.996433,0,0.0449517
0.615,0.925,999.478,-15,2.9997,249.825,0.209855,0.996433,0,0.0449517
0.615,0.935,999.703,-15,2.99983,249.899,0.209855,0.996433,0,0.0449517
0.615,0.945,999.834,-15,2.9999,249.944,0.209855,0.996433,0,0.0449517
0.615,0.955,999.91,-15,2.99995,249.969,0.209855,0.996433,0,0.0449517
0.615,0.965,999.952,-15,2.99997,249.983,0.209855,0.996433,0,0.0449517
0.615,0.975,999.975,-15,2.99999,249.991,0.209855,0.996433,0,0.0449517
0.615,0.985,999.987,-15,2.99999,249.996,0.209855,0.996433,0,0.0449517
0.615,0.995,999.993,-15,3,249.998,0.209855,0.996433,0,0.0449517
0.625,0.005,15.4032,9.49396,-8.43042,195.959,0.256382,1.10832,0,0.059498
0.625,0.015,15.3171,9.49812,-8.21632,194.394,0.256382,1.10832,0,0.059498
0.625,0.025,15.2213,9.49956,-8.00139,192.612,0.256382,1.10832,0,0.059498
0.625,0.035,15.1162,9.4982,-7.78564,190.617,0.256382,1.10832,0,0.059498
0.625,0.045,15.0022,9.49396,-7.56907,188.419,0.256382,1.10832,0,0.059498
0.625,0.055,14.8799,9.48675,-7.35169,186.024,0.256382,1.10832,0,0.059498
0.625,0.065,14.7496,9.4765,-7.13352,183.44,0.256382,1.10832,0,0.059498
0.625,0.075,14.6118,9.46312,-6.9146,180.678,0.256382,1.10832,0,0.059498
0.625,0.085,14.4669,9.44652,-6.69495,177.744,0.256382,1.10832,0,0.059498
0.625,0.095,14.3152,9.42663,-6.47463,174.649,0.256382,1.10832,0,0.059498
0.625,0.105,14.1571,9.40338,-6.25371,171.402,0.256382,1.10832,0,0.059498
0.625,0.115,13.9929,9.3767,-6.03226,168.013,0.256382,1.10832,0,0.059498
0.625,0.125,13.8228,9.34654,-5.81035,164.49,0.256382,1.10832,0,0.059498
0.625,0.135,13.6472,9.31286,-5.58808,160.845,0.256382,1.10832,0,0.059498
0.625,0.145,13.4663,9.27562,-5.36556,157.087,0.256382,1.10832,0,0.059498
0.625,0.155,13.2803,9.23478,-5.14289,153.226,0.256382,1.10832,0,0.059498
0.625,0.165,13.0894,9.19032,-4.92019,149.273,0.256382,1.10832,0,0.059498
0.625,0.175,12.8938,9.14224,-4.69758,145.239,0.256382,1.10832,0,0.059498
0.625,0.185,12.6938,9.09053,-4.47521,141.135,0.256382,1.10832,0,0.059498
0.625,0.195,12.4895,9.03518,-4.2532,136.972,0.256382,1.10832,0,0.059498
0.625,0.205,12.2813,8.97621,-4.03162,132.767,0.256382,1.10832,0,0.059498
0.625,0.215,12.0758,8.91367,-3.80867,128.623,0.256382,1.10832,0,0.059498
0.625,0.225,11.8687,8.84779,-3.58585,124.486,0.256382,1.10832,0,0.059498
0.625,0.235,11.6576,8.77869,-3.36419,120.324,0.256382,1.10832,0,0.059498
0.625,0.245,11.4426,8.70648,-3.14385,116.15,0.256382,1.10832,0,0.059498
0.625,0.255,11.2242,8.63125,-2.92498,111.975,0.256382,1.10832,0,0.059498
0.625,0.265,11.0027,8.55307,-2.70776,107.812,0.256382,1.10832,0,0.059498
0.625,0.275,10.7785,8.47203,-2.49238,103.673,0.256382,1.10832,0,0.059498
0.625,0.285,10.5522,8.38818,-2.27904,99.5728,0.256382,1.10832,0,0.059498
0.625,0.295,10.3243,8.30158,-2.068,95.5245,0.256382,1.10832,0,0.059498
0.625,0.305,10.0956,8.21225,-1.85952,91.543,0.256382,1.10832,0,0.059498
0.625,0.315,9.86699,8.12021,-1.65397,87.6442,0.256382,1.10832,0,0.059498
0.625,0.325,9.63979,8.02541,-1.45176,83.8458,0.256382,1.10832,0,0.059498
0.625,0.335,9.41554,7.92775,-1.25346,80.1681,0.256382,1.10832,0,0.059498
0.625,0.345,9.19632,7.82704,-1.05979,76.6349,0.256382,1.10832,0,0.059498
0.625,0.355,8.98492,7.72298,-0.871751,73.2753,0.256382,1.10832,0,0.059498
0.625,0.365,8.78515,7.61505,-0.690684,70.1268,0.256382,1.10832,0,0.059498
0.625,0.375,8.60225,7.50247,-0.518465,67.2382,0.256382,1.10832,0,0.059498
0.625,0.385,8.44352,7.38401,-0.357687,64.6757,0.256382,1.10832,0,0.059498
0.625,0.395,8.31904,7.25779,-0.211881,62.5291,0.256382,1.10832,0,0.059498
0.625,0.405,8.24239,7.12084,-0.0856768,60.9183,0.256382,1.10832,0,0.059498
0.625,0.415,8.23245,6.96324,0.0146695,59.9823,0.256382,1.10832,0,0.059498
0.625,0.425,8.31294,6.7801,0.083297,59.9555,0.256382,1.10832,0,0.059498
0.625,0.435,8.49442,6.57141,0.117691,60.9774,0.256382,1.10832,0,0.059498
0.625,0.445,8.78115,6.33236,0.120619,63.0996,0.256382,1.10832,0,0.059498
0.625,0.455,9.15774,6.06237,0.101711,66.1965,0.256382,1.10832,0,0.059498
0.625,0.465,9.58435,5.76732,0.0753777,69.917,0.256382,1.10832,0,0.059498
0.625,0.475,10.0019,5.45818,0.0557783,73.7527,0.256382,1.10832,0,0.059498
0.625,0.485,10.3462,5.13913,0.0542989,77.2516,0.256382,1.10832,0,0.059498
0.625,0.495,10.5256,4.80971,0.0800252,80.063,0.256382,1.10832,0,0.059498
0.625,0.505,9.27173,3.98835,0.219241,84.5023,0.256382,1.10832,0,0.059498
0.625,0.515,7.35849,2.82125,0.535988,85.658,0.256382,1.10832,0,0.059498
0.625,0.525,6.36015,1.53653,0.91239,84.0542,0.256382,1.10832,0,0.059498
0.625,0.535,5.73894,0.244344,1.20443,82.0993,0.256382,1.10832,0,0.059498
0.625,0.545,5.23304,-1.0035,1.37649,80.7583,0.256382,1.10832,0,0.059498
0.625,0.555,4.90037,-2.27889,1.45635,80.1868,0.256382,1.10832,0,0.059498
0.625,0.565,4.78109,-3.75236,1.49717,80.7407,0.256382,1.10832,0,0.059498
0.625,0.575,4.97013,-5.63273,1.57664,83.1741,0.256382,1.10832,0,0.059498
0.625,0.585,5.80545,-7.9113,1.79017,88.8677,0.256382,1.10832,0,0.059498
0.625,0.595,8.04627,-10.2095,2.19498,99.1716,0.256382,1.10832,0,0.059498
0.625,0.605,13.1717,-12.0533,2.68873,113.928,0.256382,1.10832,0,0.059498
0.625,0.615,23.5744,-13.2986,3.01674,127.964,0.256382,1.10832,0,0.059498
0.625,0.625,41.3665,-14.0638,3.05755,129.683,0.256382,1.10832,0,0.059498
0.625,0.635,65.7701,-14.5105,2.90719,111.87,0.256382,1.10832,0,0.059498
0.625,0.645,94.0136,-14.754,2.71594,85.9764,0.256382,1.10832,0,0.059498
0.625,0.655,125.477,-14.8739,2.59268,68.562,0.256382,1.10832,0,0.059498
0.625,0.665,162.581,-14.9285,2.55779,64.3658,0.256382,1.10832,0,0.059498
0.625,0.675,207.525,-14.9539,2.57704,69.3918,0.256382,1.10832,0,0.059498
0.625,0.685,260.508,-14.9676,2.61712,79.357,0.256382,1.10832,0,0.059498
0.625,0.695,320.318,-14.9762,2.66176,91.905,0.256382,1.10832,0,0.059498
0.625,0.705,385.145,-14.9822,2.70512,105.877,0.256382,1.10832,0,0.059498
0.625,0.715,452.939,-14.9866,2.74546,120.602,0.256382,1.10832,0,0.059498
0.625,0.725,521.572,-14.9899,2.78236,135.585,0.256382,1.10832,0,0.059498
0.625,0.735,588.97,-14.9924,2.81575,150.4,0.256382,1.10832,0,0.059498
0.625,0.745,653.261,-14.9943,2.84571,164.678,0.256382,1.10832,0,0.059498
0.625,0.755,712.898,-14.9958,2.87234,178.111,0.256382,1.10832,0,0.059498
0.625,0.765,766.745,-14.997,2.89576,190.456,0.256382,1.10832,0,0.059498
0.625,0.775,814.107,-14.9978,2.91609,201.548,0.256382,1.10832,0,0.059498
0.625,0.785,854.716,-14.9985,2.93351,211.292,0.256382,1.10832,0,0.059498
0.625,0.795,888.677,-14.9989,2.94819,219.66,0.256382,1.10832,0,0.059498
0.625,0.805,916.391,-14.9993,2.96036,226.684,0.256382,1.10832,0,0.059498
0.625,0.815,938.466,-14.9995,2.97024,232.446,0.256382,1.10832,0,0.059498
0.625,0.825,955.634,-14.9997,2.9781,237.061,0.256382,1.10832,0,0.059498
0.625,0.835,968.67,-14.9998,2.98423,240.668,0.256382,1.10832,0,0.059498
0.625,0.845,978.336,-14.9999,2.98888,243.418,0.256382,1.10832,0,0.059498
0.625,0.855,985.334,-14.9999,2.99234,245.462,0.256382,1.10832,0,0.059498
0.625,0.865,990.282,-15,2.99484,246.943,0.256382,1.10832,0,0.059498
0.625,0.875,993.699,-15,2.9966,247.988,0.256382,1.10832,0,0.059498
0.625,0.885,996.001,-15,2.99781,248.706,0.256382,1.10832,0,0.059498
0.625,0.895,997.517,-15,2.99863,249.187,0.256382,1.10832,0,0.059498
0.625,0.905,998.491,-15,2.99916,249.501,0.256382,1.10832,0,0.059498
0.625,0.915,999.103,-15,2.99949,249.701,0.256382,1.10832,0,0.059498
0.625,0.925,999.478,-15,2.9997,249.825,0.256382,1.10832,0,0.059498
0.625,0.935,999.703,-15,2.99983,249.899,0.256382,1.10832,0,0.059498
0.625,0.945,999.834,-15,2.9999,249.944,0.256382,1.10832,0,0.059498
0.625,0.955,999.91,-15,2.99995,249.969,0.256382,1.10832,0,0.059498
0.625,0.965,999.952,-15,2.99997,249.983,0.256382,1.10832,0,0.059498
0.625,0.975,999.975,-15,2.99999,249.991,0.256382,1.10832,0,0.059498
0.625,0.985,999.987,-15,2.99999,249.996,0.256382,1.10832,0,0.059498
0.625,0.995,999.993,-15,3,249.998,0.256382,1.10832,0,0.059498
0.635,0.005,14.8198,9.56519,-8.37509,185.643,0.310818,1.22021,0,0.0779058
0.635,0.015,14.7356,9.56883,-8.16168,184.125,0.310818,1.22021,0,0.0779058
0.635,0.025,14.6421,9.56973,-7.94745,182.405,0.310818,1.22021,0,0.0779058
0.635,0.035,14.5398,9.56784,-7.73242,180.489,0.310818,1.22021,0,0.0779058
0.635,0.045,14.429,9.5631,-7.51661,178.382,0.310818,1.22021,0,0.0779058
0.635,0.055,14.3101,9.55543,-7.30003,176.091,0.310818,1.22021,0,0.0779058
0.635,0.065,14.1835,9.54476,-7.08272,173.624,0.310818,1.22021,0,0.0779058
0.635,0.075,14.0496,9.53102,-6.86469,170.987,0.310818,1.22021,0,0.0779058
0.635,0.085,13.9087,9.51413,-6.646,168.191,0.310818,1.22021,0,0.0779058
0.635,0.095,13.7612,9.49402,-6.42669,165.243,0.310818,1.22021,0,0.0779058
0.635,0.105,13.6075,9.47062,-6.20683,162.152,0.310818,1.22021,0,0.0779058
0.635,0.115,13.4477,9.44388,-5.98648,158.927,0.310818,1.22021,0,0.0779058
0.635,0.125,13.2823,9.41374,-5.76574,155.578,0.310818,1.22021,0,0.0779058
0.635,0.135,13.1114,9.38016,-5.54467,152.114,0.310818,1.22021,0,0.0779058
0.635,0.145,12.9353,9.34311,-5.3234,148.545,0.310818,1.22021,0,0.0779058
0.635,0.155,12.7543,9.30255,-5.10202,144.881,0.310818,1.22021,0,0.0779058
0.635,0.165,12.5686,9.25847,-4.88064,141.131,0.310818,1.22021,0,0.0779058
0.635,0.175,12.3784,9.21085,-4.65939,137.307,0.310818,1.22021,0,0.0779058
0.635,0.185,12.1839,9.15968,-4.43841,133.418,0.310818,1.22021,0,0.0779058
0.635,0.195,11.9852,9.10498,-4.21782,129.476,0.310818,1.22021,0,0.0779058
0.635,0.205,11.783,9.04675,-3.99767,125.497,0.310818,1.22021,0,0.0779058
0.635,0.215,11.5835,8.98503,-3.77614,121.58,0.310818,1.22021,0,0.0779058
0.635,0.225,11.3824,8.92005,-3.55481,117.67,0.310818,1.22021,0,0.0779058
0.635,0.235,11.1775,8.85191,-3.33467,113.738,0.310818,1.22021,0,0.0779058
0.635,0.245,10.9691,8.78071,-3.11585,109.797,0.310818,1.22021,0,0.0779058
0.635,0.255,10.7575,8.70652,-2.89853,105.858,0.310818,1.22021,0,0.0779058
0.635,0.265,10.5433,8.62942,-2.68288,101.933,0.310818,1.22021,0,0.0779058
0.635,0.275,10.3267,8.54948,-2.4691,98.0353,0.310818,1.22021,0,0.0779058
0.635,0.285,10.1084,8.46672,-2.25741,94.1768,0.310818,1.22021,0,0.0779058
0.635,0.295,9.8891,8.3812,-2.04807,90.3719,0.310818,1.22021,0,0.0779058
0.635,0.305,9.66959,8.2929,-1.8414,86.6354,0.310818,1.22021,0,0.0779058
0.635,0.315,9.45096,8.20178,-1.63777,82.9839,0.310818,1.22021,0,0.0779058
0.635,0.325,9.23463,8.10775,-1.43769,79.4362,0.310818,1.22021,0,0.0779058
0.635,0.335,9.02246,8.01061,-1.24182,76.0148,0.310818,1.22021,0,0.0779058
0.635,0.345,8.81699,7.91004,-1.05103,72.7472,0.310818,1.22021,0,0.0779058
0.635,0.355,8.62171,7.80551,-0.866558,69.6691,0.310818,1.22021,0,0.0779058
0.635,0.365,8.44156,7.69617,-0.690111,66.8279,0.310818,1.22021,0,0.0779058
0.635,0.375,8.28353,7.58067,-0.524126,64.2894,0.310818,1.22021,0,0.0779058
0.635,0.385,8.15763,7.4569,-0.372014,62.1459,0.310818,1.22021,0,0.0779058
0.635,0.395,8.07791,7.3216,-0.238395,60.5266,0.310818,1.22021,0,0.0779058
0.635,0.405,8.06313,7.16981,-0.129047,59.6061,0.310818,1.22021,0,0.0779058
0.635,0.415,8.13583,6.99131,-0.0507582,59.5816,0.310818,1.22021,0,0.0779058
0.635,0.425,8.32279,6.77541,-0.00839601,60.711,0.310818,1.22021,0,0.0779058
0.635,0.435,8.63212,6.52177,0.000220215,63.134,0.310818,1.22021,0,0.0779058
0.635,0.445,9.05025,6.2315,-0.014184,66.7473,0.310818,1.22021,0,0.0779058
0.635,0.455,9.53655,5.91342,-0.0350305,71.1667,0.310818,1.22021,0,0.0779058
0.635,0.465,10.0266,5.58278,-0.0453546,75.773,0.310818,1.22021,0,0.0779058
0.635,0.475,10.4473,5.25428,-0.0329994,79.902,0.310818,1.22021,0,0.0779058
0.635,0.485,10.7382,4.91874,0.0129945,83.2142,0.310818,1.22021,0,0.0779058
0.635,0.495,10.7828,4.57355,0.103933,85.3509,0.310818,1.22021,0,0.0779058
0.635,0.505,9.13206,3.62344,0.32297,88.4778,0.310818,1.22021,0,0.0779058
0.635,0.515,7.44613,2.48391,0.687001,87.2507,0.310818,1.22021,0,0.0779058
0.635,0.525,6.52498,1.27285,1.03763,85.1461,0.310818,1.22021,0,0.0779058
0.635,0.535,5.84039,0.0951404,1.28642,83.5675,0.310818,1.22021,0,0.0779058
0.635,0.545,5.31952,-1.03362,1.42885,82.8135,0.310818,1.22021,0,0.0779058
0.635,0.555,5.01587,-2.19744,1.49754,82.8611,0.310818,1.22021,0,0.0779058
0.635,0.565,4.92583,-3.58286,1.54084,84.0189,0.310818,1.22021,0,0.0779058
0.635,0.575,5.12185,-5.42561,1.62845,86.9169,0.310818,1.22021,0,0.0779058
0.635,0.585,5.95627,-7.72843,1.84964,93.0208,0.310818,1.22021,0,0.0779058
0.635,0.595,8.23013,-10.0923,2.26249,103.781,0.310818,1.22021,0,0.0779058
0.635,0.605,13.478,-11.999,2.75702,118.818,0.310818,1.22021,0,0.0779058
0.635,0.615,24.1117,-13.2839,3.06518,132.095,0.310818,1.22021,0,0.0779058
0.635,0.625,42.0568,-14.0684,3.07514,131.117,0.310818,1.22021,0,0.0779058
0.635,0.635,66.2213,-14.5211,2.89953,110.072,0.310818,1.22021,0,0.0779058
0.635,0.645,93.8975,-14.7628,2.69869,82.9304,0.310818,1.22021,0,0.0779058
0.635,0.655,124.951,-14.8787,2.57906,66.2721,0.310818,1.22021,0,0.0779058
0.635,0.665,162.035,-14.9304,2.55094,63.1911,0.310818,1.22021,0,0.0779058
0.635,0.675,207.162,-14.9546,2.57441,68.9012,0.310818,1.22021,0,0.0779058
0.635,0.685,260.322,-14.9678,2.61626,79.1744,0.310818,1.22021,0,0.0779058
0.635,0.695,320.237,-14.9763,2.6615,91.8419,0.310818,1.22021,0,0.0779058
0.635,0.705,385.113,-14.9822,2.70504,105.856,0.310818,1.22021,0,0.0779058
0.635,0.715,452.928,-14.9866,2.74544,120.596,0.310818,1.22021,0,0.0779058
0.635,0.725,521.568,-14.9899,2.78235,135.583,0.310818,1.22021,0,0.0779058
0.635,0.735,588.969,-14.9924,2.81575,150.399,0.310818,1.22021,0,0.0779058
0.635,0.745,653.26,-14.9943,2.84571,164.678,0.310818,1.22021,0,0.0779058
0.635,0.755,712.898,-14.9958,2.87234,178.111,0.310818,1.22021,0,0.0779058
0.635,0.765,766.745,-14.997,2.89576,190.456,0.310818,1.22021,0,0.0779058
0.635,0.775,814.107,-14.9978,2.91609,201.548,0.310818,1.22021,0,0.0779058
0.635,0.785,854.716,-14.9985,2.93351,211.292,0.310818,1.22021,0,0.0779058
0.635,0.795,888.677,-14.9989,2.94819,219.66,0.310818,1.22021,0,0.0779058
0.635,0.805,916.391,-14.9993,2.96036,226.684,0.310818,1.22021,0,0.0779058
0.635,0.815,938.466,-14.9995,2.97024,232.446,0.310818,1.22021,0,0.0779058
0.635,0.825,955.634,-14.9997,2.9781,237.061,0.310818,1.22021,0,0.0779058
0.635,0.835,968.67,-14.9998,2.98423,240.668,0.310818,1.22021,0,0.0779058
0.635,0.845,978.336,-14.9999,2.98888,243.418,0.310818,1.22021,0,0.0779058
0.635,0.855,985.334,-14.9999,2.99234,245.462,0.310818,1.22021,0,0.0779058
0.635,0.865,990.282,-15,2.99484,246.943,0.310818,1.22021,0,0.0779058
0.635,0.875,993.699,-15,2.9966,247.988,0.310818,1.22021,0,0.0779058
0.635,0.885,996.001,-15,2.99781,248.706,0.310818,1.22021,0,0.0779058
0.635,0.895,997.517,-15,2.99863,249.187,0.310818,1.22021,0,0.0779058
0.635,0.905,998.491,-15,2.99916,249.501,0.310818,1.22021,0,0.0779058
0.635,0.915,999.103,-15,2.99949,249.701,0.310818,1.22021,0,0.0779058
0.635,0.925,999.478,-15,2.9997,249.825,0.310818,1.22021,0,0.0779058
0.635,0.935,999.703,-15,2.99983,249.899,0.310818,1.22021,0,0.0779058
0.635,0.945,999.834,-15,2.9999,249.944,0.310818,1.22021,0,0.0779058
0.635,0.955,999.91,-15,2.99995,249.969,0.310818,1.22021,0,0.0779058
0.635,0.965,999.952,-15,2.99997,249.983,0.310818,1.22021,0,0.0779058
0.635,0.975,999.975,-15,2.99999,249.991,0.310818,1.22021,0,0.0779058
0.635,0.985,999.987,-15,2.99999,249.996,0.310818,1.22021,0,0.0779058
0.635,0.995,999.993,-15,3,249.998,0.310818,1.22021,0,0.0779058
0.645,0.005,14.2584,9.63513,-8.32083,175.885,0.374132,1.3321,0,0.100994
0.645,0.015,14.175,9.63852,-8.10825,174.399,0.374132,1.3321,0,0.100994
0.645,0.025,14.0832,9.63909,-7.89483,172.731,0.374132,1.3321,0,0.100994
0.645,0.035,13.9832,9.63683,-7.6806,170.884,0.374132,1.3321,0,0.100994
0.645,0.045,13.8752,9.63171,-7.46561,168.86,0.374132,1.3321,0,0.100994
0.645,0.055,13.7594,9.62368,-7.24988,166.666,0.374132,1.3321,0,0.100994
0.645,0.065,13.6362,9.61268,-7.03345,164.308,0.374132,1.3321,0,0.100994
0.645,0.075,13.506,9.59864,-6.81635,161.792,0.374132,1.3321,0,0.100994
0.645,0.085,13.369,9.58151,-6.59863,159.126,0.374132,1.3321,0,0.100994
0.645,0.095,13.2256,9.56123,-6.38034,156.318,0.374132,1.3321,0,0.100994
0.645,0.105,13.0761,9.53772,-6.16154,153.377,0.374132,1.3321,0,0.100994
0.645,0.115,12.9208,9.51095,-5.94231,150.311,0.374132,1.3321,0,0.100994
0.645,0.125,12.76,9.48086,-5.72272,147.128,0.374132,1.3321,0,0.100994
0.645,0.135,12.5938,9.4474,-5.50286,143.838,0.374132,1.3321,0,0.100994
0.645,0.145,12.4227,9.41056,-5.28283,140.451,0.374132,1.3321,0,0.100994
0.645,0.155,12.2467,9.37029,-5.06273,136.975,0.374132,1.3321,0,0.100994
0.645,0.165,12.0662,9.32659,-4.84267,133.42,0.374132,1.3321,0,0.100994
0.645,0.175,11.8813,9.27943,-4.62277,129.796,0.374132,1.3321,0,0.100994
0.645,0.185,11.6923,9.22881,-4.40316,126.114,0.374132,1.3321,0,0.100994
0.645,0.195,11.4994,9.17474,-4.18398,122.383,0.374132,1.3321,0,0.100994
0.645,0.205,11.3032,9.11722,-3.96525,118.62,0.374132,1.3321,0,0.100994
0.645,0.215,11.1097,9.05631,-3.74514,114.919,0.374132,1.3321,0,0.100994
0.645,0.225,10.9147,8.99219,-3.5253,111.226,0.374132,1.3321,0,0.100994
0.645,0.235,10.7161,8.92496,-3.30666,107.515,0.374132,1.3321,0,0.100994
0.645,0.245,10.5144,8.8547,-3.08938,103.797,0.374132,1.3321,0,0.100994
0.645,0.255,10.3099,8.78149,-2.87361,100.085,0.374132,1.3321,0,0.100994
0.645,0.265,10.1031,8.70537,-2.65955,96.3892,0.374132,1.3321,0,0.100994
0.645,0.275,9.89443,8.62639,-2.44741,92.7228,0.374132,1.3321,0,0.100994
0.645,0.285,9.6846,8.54456,-2.23744,89.0989,0.374132,1.3321,0,0.100994
0.645,0.295,9.47441,8.45987,-2.02992,85.5318,0.374132,1.3321,0,0.100994
0.645,0.305,9.26487,8.37227,-1.82521,82.0375,0.374132,1.3321,0,0.100994
0.645,0.315,9.05733,8.28162,-1.62379,78.6345,0.374132,1.3321,0,0.100994
0.645,0.325,8.8536,8.18769,-1.42628,75.3451,0.374132,1.3321,0,0.100994
0.645,0.335,8.65615,8.09011,-1.2335,72.1971,0.374132,1.3321,0,0.100994
0.645,0.345,8.4685,7.98821,-1.04665,69.2273,0.374132,1.3321,0,0.100994
0.645,0.355,8.29566,7.88098,-0.86742,66.4858,0.374132,1.3321,0,0.100994
0.645,0.365,8.14497,7.76677,-0.698232,64.0436,0.374132,1.3321,0,0.100994
0.645,0.375,8.02709,7.64294,-0.542572,62.003,0.374132,1.3321,0,0.100994
0.645,0.385,7.95733,7.50542,-0.405244,60.5105,0.374132,1.3321,0,0.100994
0.645,0.395,7.95645,7.34809,-0.292335,59.7693,0.374132,1.3321,0,0.100994
0.645,0.405,8.04988,7.1626,-0.210279,60.036,0.374132,1.3321,0,0.100994
0.645,0.415,8.26226,6.93752,-0.163882,61.5645,0.374132,1.3321,0,0.100994
0.645,0.425,8.61133,6.66235,-0.151984,64.544,0.374132,1.3321,0,0.100994
0.645,0.435,9.08646,6.34294,-0.162905,68.9254,0.374132,1.3321,0,0.100994
0.645,0.445,9.64064,5.99447,-0.17753,74.2522,0.374132,1.3321,0,0.100994
0.645,0.455,10.2016,5.63757,-0.177308,79.774,0.374132,1.3321,0,0.100994
0.645,0.465,10.6898,5.29097,-0.149716,84.683,0.374132,1.3321,0,0.100994
0.645,0.475,11.0393,4.96258,-0.0885551,88.4008,0.374132,1.3321,0,0.100994
0.645,0.485,11.2108,4.60798,0.0200794,91.0724,0.374132,1.3321,0,0.100994
0.645,0.495,11.0438,4.24238,0.194057,92.0883,0.374132,1.3321,0,0.100994
0.645,0.505,9.14979,3.2731,0.485795,92.2632,0.374132,1.3321,0,0.100994
0.645,0.515,7.64377,2.18641,0.856547,89.6183,0.374132,1.3321,0,0.100994
0.645,0.525,6.67218,1.06965,1.16768,87.4277,0.374132,1.3321,0,0.100994
0.645,0.535,5.92513,0.00325952,1.37745,86.2458,0.374132,1.3321,0,0.100994
0.645,0.545,5.42082,-1.0173,1.49622,85.9269,0.374132,1.3321,0,0.100994
0.645,0.555,5.15849,-2.0845,1.55521,86.3885,0.374132,1.3321,0,0.100994
0.645,0.565,5.09462,-3.39928,1.59764,87.9046,0.374132,1.3321,0,0.100994
0.645,0.575,5.29084,-5.21588,1.68773,91.0609,0.374132,1.3321,0,0.100994
0.645,0.585,6.11942,-7.54917,1.91311,97.4335,0.374132,1.3321,0,0.100994
0.645,0.595,8.42902,-9.98021,2.3334,108.614,0.374132,1.3321,0,0.100994
0.645,0.605,13.8099,-11.9494,2.82773,123.881,0.374132,1.3321,0,0.100994
0.645,0.615,24.6793,-13.2731,3.11291,136.139,0.374132,1.3321,0,0.100994
0.645,0.625,42.743,-14.0761,3.08936,132.063,0.374132,1.3321,0,0.100994
0.645,0.635,66.6021,-14.5334,2.8882,107.715,0.374132,1.3321,0,0.100994
0.645,0.645,93.6905,-14.7722,2.67957,79.6517,0.374132,1.3321,0,0.100994
0.645,0.655,124.386,-14.8835,2.56534,64.0205,0.374132,1.3321,0,0.100994
0.645,0.665,161.506,-14.9322,2.54451,62.1073,0.374132,1.3321,0,0.100994
0.645,0.675,206.833,-14.9552,2.57208,68.4699,0.374132,1.3321,0,0.100994
0.645,0.685,260.16,-14.968,2.61553,79.0201,0.374132,1.3321,0,0.100994
0.645,0.695,320.17,-14.9763,2.66129,91.7905,0.374132,1.3321,0,0.100994
0.645,0.705,385.088,-14.9822,2.70499,105.84,0.374132,1.3321,0,0.100994
0.645,0.715,452.919,-14.9866,2.74543,120.591,0.374132,1.3321,0,0.100994
0.645,0.725,521.565,-14.9899,2.78235,135.581,0.374132,1.3321,0,0.100994
0.645,0.735,588.968,-14.9924,2.81575,150.399,0.374132,1.3321,0,0.100994
0.645,0.745,653.26,-14.9943,2.84571,164.678,0.374132,1.3321,0,0.100994
0.645,0.755,712.898,-14.9958,2.87234,178.11,0.374132,1.3321,0,0.100994
0.645,0.765,766.745,-14.997,2.89576,190.456,0.374132,1.3321,0,0.100994
0.645,0.775,814.107,-14.9978,2.91609,201.548,0.374132,1.3321,0,0.100994
0.645,0.785,854.716,-14.9985,2.93351,211.292,0.374132,1.3321,0,0.100994
0.645,0.795,888.677,-14.9989,2.94819,219.66,0.374132,1.3321,0,0.100994
0.645,0.805,916.391,-14.9993,2.96036,226.684,0.374132,1.3321,0,0.100994
0.645,0.815,938.466,-14.9995,2.97024,232.446,0.374132,1.3321,0,0.100994
0.645,0.825,955.634,-14.9997,2.9781,237.061,0.374132,1.3321,0,0.100994
0.645,0.835,968.67,-14.9998,2.98423,240.668,0.374132,1.3321,0,0.100994
0.645,0.845,978.336,-14.9999,2.98888,243.418,0.374132,1.3321,0,0.100994
0.645,0.855,985.334,-14.9999,2.99234,245.462,0.374132,1.3321,0,0.100994
0.645,0.865,990.282,-15,2.99484,246.943,0.374132,1.3321,0,0.100994
0.645,0.875,993.699,-15,2.9966,247.988,0.374132,1.3321,0,0.100994
0.645,0.885,996.001,-15,2.99781,248.706,0.374132,1.3321,0,0.100994
0.645,0.895,997.517,-15,2.99863,249.187,0.374132,1.3321,0,0.100994
0.645,0.905,998.491,-15,2.99916,249.501,0.374132,1.3321,0,0.100994
0.645,0.915,999.103,-15,2.99949,249.701,0.374132,1.3321,0,0.100994
0.645,0.925,999.478,-15,2.9997,249.825,0.374132,1.3321,0,0.100994
0.645,0.935,999.703,-15,2.99983,249.899,0.374132,1.3321,0,0.100994
0.645,0.945,999.834,-15,2.9999,249.944,0.374132,1.3321,0,0.100994
0.645,0.955,999.91,-15,2.99995,249.969,0.374132,1.3321,0,0.100994
0.645,0.965,999.952,-15,2.99997,249.983,0.374132,1.3321,0,0.100994
0.645,0.975,999.975,-15,2.99999,249.991,0.374132,1.3321,0,0.100994
0.645,0.985,999.987,-15,2.99999,249.996,0.374132,1.3321,0,0.100994
0.645,0.995,999.993,-15,3,249.998,0.374132,1.3321,0,0.100994
0.655,0.005,13.7229,9.70251,-8.26706,166.738,0.447367,1.44398,0,0.129715
0.655,0.015,13.6383,9.70624,-8.05562,165.249,0.447367,1.44398,0,0.129715
0.655,0.025,13.5467,9.7069,-7.84321,163.608,0.447367,1.44398,0,0.129715
0.655,0.035,13.4479,9.70459,-7.62994,161.811,0.447367,1.44398,0,0.129715
0.655,0.045,13.3418,9.69932,-7.41588,159.856,0.447367,1.44398,0,0.129715
0.655,0.055,13.2286,9.69111,-7.20108,157.747,0.447367,1.44398,0,0.129715
0.655,0.065,13.1084,9.67992,-6.98559,155.488,0.447367,1.44398,0,0.129715
0.655,0.075,12.9815,9.66571,-6.76947,153.083,0.447367,1.44398,0,0.129715
0.655,0.085,12.8482,9.64843,-6.55275,150.54,0.447367,1.44398,0,0.129715
0.655,0.095,12.7087,9.62804,-6.33551,147.864,0.447367,1.44398,0,0.129715
0.655,0.105,12.5633,9.60449,-6.11779,145.065,0.447367,1.44398,0,0.129715
0.655,0.115,12.4123,9.57773,-5.89969,142.149,0.447367,1.44398,0,0.129715
0.655,0.125,12.256,9.54772,-5.68126,139.125,0.447367,1.44398,0,0.129715
0.655,0.135,12.0946,9.51442,-5.4626,136.002,0.447367,1.44398,0,0.129715
0.655,0.145,11.9283,9.47781,-5.24381,132.788,0.447367,1.44398,0,0.129715
0.655,0.155,11.7573,9.43784,-5.02499,129.492,0.447367,1.44398,0,0.129715
0.655,0.165,11.582,9.39452,-4.80624,126.124,0.447367,1.44398,0,0.129715
0.655,0.175,11.4026,9.34781,-4.58768,122.693,0.447367,1.44398,0,0.129715
0.655,0.185,11.2192,9.29773,-4.36945,119.208,0.447367,1.44398,0,0.129715
0.655,0.195,11.0321,9.24426,-4.15167,115.679,0.447367,1.44398,0,0.129715
0.655,0.205,10.8419,9.18743,-3.93436,112.123,0.447367,1.44398,0,0.129715
0.655,0.215,10.6544,9.12727,-3.71569,108.629,0.447367,1.44398,0,0.129715
0.655,0.225,10.4657,9.06393,-3.49734,105.144,0.447367,1.44398,0,0.129715
0.655,0.235,10.2738,8.99752,-3.28023,101.646,0.447367,1.44398,0,0.129715
0.655,0.245,10.0791,8.92808,-3.0645,98.1447,0.447367,1.44398,0,0.129715
0.655,0.255,9.88197,8.85568,-2.85034,94.6523,0.447367,1.44398,0,0.129715
0.655,0.265,9.68308,8.78032,-2.63795,91.1808,0.447367,1.44398,0,0.129715
0.655,0.275,9.48303,8.70202,-2.42758,87.7431,0.447367,1.44398,0,0.129715
0.655,0.285,9.28264,8.62072,-2.2195,84.3538,0.447367,1.44398,0,0.129715
0.655,0.295,9.08296,8.53633,-2.01408,81.029,0.447367,1.44398,0,0.129715
0.655,0.305,8.8854,8.44865,-1.8118,77.7881,0.447367,1.44398,0,0.129715
0.655,0.315,8.69188,8.35736,-1.61326,74.6549,0.447367,1.44398,0,0.129715
0.655,0.325,8.5051,8.26194,-1.41935,71.66,0.447367,1.44398,0,0.129715
0.655,0.335,8.32893,8.1615,-1.2313,68.8449,0.447367,1.44398,0,0.129715
0.655,0.345,8.16901,8.05466,-1.05091,66.2676,0.447367,1.44398,0,0.129715
0.655,0.355,8.03367,7.93922,-0.8808,64.0116,0.447367,1.44398,0,0.129715
0.655,0.365,7.9351,7.81166,-0.724731,62.1985,0.447367,1.44398,0,0.129715
0.655,0.375,7.89068,7.66663,-0.587839,61.0035,0.447367,1.44398,0,0.129715
0.655,0.385,7.92365,7.49639,-0.476432,60.6671,0.447367,1.44398,0,0.129715
0.655,0.395,8.06135,7.29107,-0.39669,61.4856,0.447367,1.44398,0,0.129715
0.655,0.405,8.32894,7.04094,-0.351683,63.7519,0.447367,1.44398,0,0.129715
0.655,0.415,8.73793,6.74006,-0.33762,67.6223,0.447367,1.44398,0,0.129715
0.655,0.425,9.27411,6.39105,-0.342277,72.9503,0.447367,1.44398,0,0.129715
0.655,0.435,9.88711,6.01469,-0.346588,79.2064,0.447367,1.44398,0,0.129715
0.655,0.445,10.4953,5.6378,-0.332211,85.5061,0.447367,1.44398,0,0.129715
0.655,0.455,11.0156,5.28095,-0.288116,90.9518,0.447367,1.44398,0,0.129715
0.655,0.465,11.3882,4.9521,-0.210376,94.9619,0.447367,1.44398,0,0.129715
0.655,0.475,11.5859,4.64059,-0.096128,97.4578,0.447367,1.44398,0,0.129715
0.655,0.485,11.5652,4.26033,0.073839,99.0871,0.447367,1.44398,0,0.129715
0.655,0.495,11.1607,3.85902,0.324846,99.0443,0.447367,1.44398,0,0.129715
0.655,0.505,9.24085,2.94857,0.668996,96.2808,0.447367,1.44398,0,0.129715
0.655,0.515,7.7918,1.93596,1.01886,92.9285,0.447367,1.44398,0,0.129715
0.655,0.525,6.74152,0.917948,1.28936,90.8115,0.447367,1.44398,0,0.129715
0.655,0.535,5.98162,-0.0469951,1.46814,89.8676,0.447367,1.44398,0,0.129715
0.655,0.545,5.52816,-0.971997,1.56952,89.7659,0.447367,1.44398,0,0.129715
0.655,0.555,5.31703,-1.95705,1.62021,90.4309,0.447367,1.44398,0,0.129715
0.655,0.565,5.27684,-3.21469,1.65975,92.1105,0.447367,1.44398,0,0.129715
0.655,0.575,5.46961,-5.01162,1.74949,95.4138,0.447367,1.44398,0,0.129715
0.655,0.585,6.29104,-7.37766,1.97851,102.008,0.447367,1.44398,0,0.129715
0.655,0.595,8.64265,-9.87484,2.40745,113.65,0.447367,1.44398,0,0.129715
0.655,0.605,14.169,-11.9052,2.90077,129.104,0.447367,1.44398,0,0.129715
0.655,0.615,25.276,-13.2668,3.15939,140.027,0.447367,1.44398,0,0.129715
0.655,0.625,43.4154,-14.0872,3.0996,132.424,0.447367,1.44398,0,0.129715
0.655,0.635,66.9008,-14.5476,2.87294,104.775,0.447367,1.44398,0,0.129715
0.655,0.645,93.3932,-14.782,2.65872,76.1841,0.447367,1.44398,0,0.129715
0.655,0.655,123.792,-14.8881,2.55171,61.8408,0.447367,1.44398,0,0.129715
0.655,0.665,161,-14.9339,2.53856,61.1226,0.447367,1.44398,0,0.129715
0.655,0.675,206.538,-14.9557,2.57005,68.0964,0.447367,1.44398,0,0.129715
0.655,0.685,260.023,-14.9681,2.61492,78.8918,0.447367,1.44398,0,0.129715
0.655,0.695,320.115,-14.9763,2.66112,91.7493,0.447367,1.44398,0,0.129715
0.655,0.705,385.068,-14.9822,2.70494,105.828,0.447367,1.44398,0,0.129715
0.655,0.715,452.913,-14.9866,2.74542,120.588,0.447367,1.44398,0,0.129715
0.655,0.725,521.563,-14.9899,2.78234,135.58,0.447367,1.44398,0,0.129715
0.655,0.735,588.967,-14.9924,2.81575,150.398,0.447367,1.44398,0,0.129715
0.655,0.745,653.26,-14.9943,2.84571,164.678,0.447367,1.44398,0,0.129715
0.655,0.755,712.898,-14.9958,2.87234,178.11,0.447367,1.44398,0,0.129715
0.655,0.765,766.745,-14.997,2.89576,190.456,0.447367,1.44398,0,0.129715
0.655,0.775,814.107,-14.9978,2.91609,201.548,0.447367,1.44398,0,0.129715
0.655,0.785,854.716,-14.9985,2.93351,211.292,0.447367,1.44398,0,0.129715
0.655,0.795,888.677,-14.9989,2.94819,219.66,0.447367,1.44398,0,0.129715
0.655,0.805,916.391,-14.9993,2.96036,226.684,0.447367,1.44398,0,0.129715
0.655,0.815,938.466,-14.9995,2.97024,232.446,0.447367,1.44398,0,0.129715
0.655,0.825,955.634,-14.9997,2.9781,237.061,0.447367,1.44398,0,0.129715
0.655,0.835,968.67,-14.9998,2.98423,240.668,0.447367,1.44398,0,0.129715
0.655,0.845,978.336,-14.9999,2.98888,243.418,0.447367,1.44398,0,0.129715
0.655,0.855,985.334,-14.9999,2.99234,245.462,0.447367,1.44398,0,0.129715
0.655,0.865,990.282,-15,2.99484,246.943,0.447367,1.44398,0,0.129715
0.655,0.875,993.699,-15,2.9966,247.988,0.447367,1.44398,0,0.129715
0.655,0.885,996.001,-15,2.99781,248.706,0.447367,1.44398,0,0.129715
0.655,0.895,997.517,-15,2.99863,249.187,0.447367,1.44398,0,0.129715
0.655,0.905,998.491,-15,2.99916,249.501,0.447367,1.44398,0,0.129715
0.655,0.915,999.103,-15,2.99949,249.701,0.447367,1.44398,0,0.129715
0.655,0.925,999.478,-15,2.9997,249.825,0.447367,1.44398,0,0.129715
0.655,0.935,999.703,-15,2.99983,249.899,0.447367,1.44398,0,0.129715
0.655,0.945,999.834,-15,2.9999,249.944,0.447367,1.44398,0,0.129715
0.655,0.955,999.91,-15,2.99995,249.969,0.447367,1.44398,0,0.129715
0.655,0.965,999.952,-15,2.99997,249.983,0.447367,1.44398,0,0.129715
0.655,0.975,999.975,-15,2.99999,249.991,0.447367,1.44398,0,0.129715
0.655,0.985,999.987,-15,2.99999,249.996,0.447367,1.44398,0,0.129715
0.655,0.995,999.993,-15,3,249.998,0.447367,1.44398,0,0.129715
0.665,0.005,13.2236,9.76409,-8.2124,158.353,0.531647,1.55587,0,0.16517
0.665,0.015,13.133,9.76954,-8.00279,156.782,0.531647,1.55587,0,0.16517
0.665,0.025,13.0382,9.77128,-7.79189,155.112,0.531647,1.55587,0,0.16517
0.665,0.035,12.9381,9.76963,-7.57991,153.324,0.531647,1.55587,0,0.16517
0.665,0.045,12.8322,9.76476,-7.36702,151.408,0.531647,1.55587,0,0.16517
0.665,0.055,12.7202,9.75676,-7.15332,149.36,0.531647,1.55587,0,0.16517
0.665,0.065,12.6021,9.74568,-6.93891,147.181,0.531647,1.55587,0,0.16517
0.665,0.075,12.4778,9.73152,-6.72384,144.872,0.531647,1.55587,0,0.16517
0.665,0.085,12.3476,9.71428,-6.5082,142.438,0.531647,1.55587,0,0.16517
0.665,0.095,12.2116,9.69393,-6.29205,139.884,0.531647,1.55587,0,0.16517
0.665,0.105,12.07,9.67045,-6.07546,137.216,0.531647,1.55587,0,0.16517
0.665,0.115,11.9231,9.64379,-5.85851,134.441,0.531647,1.55587,0,0.16517
0.665,0.125,11.7711,9.61392,-5.64127,131.567,0.531647,1.55587,0,0.16517
0.665,0.135,11.6142,9.58082,-5.42383,128.602,0.531647,1.55587,0,0.16517
0.665,0.145,11.4527,9.54445,-5.20629,125.553,0.531647,1.55587,0,0.16517
0.665,0.155,11.2868,9.5048,-4.98875,122.429,0.531647,1.55587,0,0.16517
0.665,0.165,11.1167,9.46185,-4.77132,119.239,0.531647,1.55587,0,0.16517
0.665,0.175,10.9427,9.41558,-4.55411,115.991,0.531647,1.55587,0,0.16517
0.665,0.185,10.765,9.36599,-4.33726,112.696,0.531647,1.55587,0,0.16517
0.665,0.195,10.5838,9.31307,-4.12091,109.362,0.531647,1.55587,0,0.16517
0.665,0.205,10.3999,9.25682,-3.90504,106.006,0.531647,1.55587,0,0.16517
0.665,0.215,10.2188,9.19729,-3.68785,102.712,0.531647,1.55587,0,0.16517
0.665,0.225,10.0368,9.13459,-3.47105,99.4306,0.531647,1.55587,0,0.16517
0.665,0.235,9.85196,9.06878,-3.25552,96.1406,0.531647,1.55587,0,0.16517
0.665,0.245,9.66489,8.99989,-3.04145,92.8536,0.531647,1.55587,0,0.16517
0.665,0.255,9.47616,8.92792,-2.82904,89.5817,0.531647,1.55587,0,0.16517
0.665,0.265,9.28648,8.85282,-2.61855,86.3384,0.531647,1.55587,0,0.16517
0.665,0.275,9.09677,8.77451,-2.41027,83.1388,0.531647,1.55587,0,0.16517
0.665,0.285,8.90824,8.6928,-2.20459,80.0009,0.531647,1.55587,0,0.16517
0.665,0.295,8.72252,8.60737,-2.00201,76.9464,0.531647,1.55587,0,0.16517
0.665,0.305,8.54188,8.51774,-1.80323,74.003,0.531647,1.55587,0,0.16517
0.665,0.315,8.36957,8.42309,-1.60924,71.2078,0.531647,1.55587,0,0.16517
0.665,0.325,8.21026,8.32217,-1.42145,68.6116,0.531647,1.55587,0,0.16517
0.665,0.335,8.07083,8.21297,-1.24192,66.2871,0.531647,1.55587,0,0.16517
0.665,0.345,7.96136,8.09236,-1.07365,64.3393,0.531647,1.55587,0,0.16517
0.665,0.355,7.89632,7.95557,-0.92081,62.9202,0.531647,1.55587,0,0.16517
0.665,0.365,7.89569,7.7956,-0.788846,62.2434,0.531647,1.55587,0,0.16517
0.665,0.375,7.98467,7.60307,-0.68383,62.5893,0.531647,1.55587,0,0.16517
0.665,0.385,8.19027,7.36759,-0.610595,64.2764,0.531647,1.55587,0,0.16517
0.665,0.395,8.53329,7.08153,-0.569354,67.5754,0.531647,1.55587,0,0.16517
0.665,0.405,9.0158,6.7458,-0.552699,72.5528,0.531647,1.55587,0,0.16517
0.665,0.415,9.60899,6.37284,-0.546103,78.8987,0.531647,1.55587,0,0.16517
0.665,0.425,10.2514,5.98298,-0.532885,85.8754,0.531647,1.55587,0,0.16517
0.665,0.435,10.8627,5.60197,-0.498883,92.5369,0.531647,1.55587,0,0.16517
0.665,0.445,11.3655,5.24938,-0.436038,98.0216,0.531647,1.55587,0,0.16517
0.665,0.455,11.7123,4.93046,-0.342532,101.869,0.531647,1.55587,0,0.16517
0.665,0.465,11.8899,4.6361,-0.218866,104.101,0.531647,1.55587,0,0.16517
0.665,0.475,11.9063,4.32879,-0.0571217,105.284,0.531647,1.55587,0,0.16517
0.665,0.485,11.6412,3.92347,0.164359,105.657,0.531647,1.55587,0,0.16517
0.665,0.495,11.0136,3.47872,0.467774,104.886,0.531647,1.55587,0,0.16517
0.665,0.505,9.2027,2.65377,0.833333,100.345,0.531647,1.55587,0,0.16517
0.665,0.515,7.77436,1.72406,1.1544,96.8311,0.531647,1.55587,0,0.16517
0.665,0.525,6.71115,0.799451,1.3939,94.8226,0.531647,1.55587,0,0.16517
0.665,0.535,6.00892,-0.0740291,1.55204,93.971,0.531647,1.55587,0,0.16517
0.665,0.545,5.63702,-0.913787,1.64148,93.9446,0.531647,1.55587,0,0.16517
0.665,0.555,5.4838,-1.82762,1.68571,94.6863,0.531647,1.55587,0,0.16517
0.665,0.565,5.46568,-3.03681,1.72201,96.4304,0.531647,1.55587,0,0.16517
0.665,0.575,5.65451,-4.81627,1.81104,99.8755,0.531647,1.55587,0,0.16517
0.665,0.585,6.46991,-7.21555,2.04542,106.711,0.531647,1.55587,0,0.16517
0.665,0.595,8.87234,-9.77691,2.48508,118.901,0.531647,1.55587,0,0.16517
0.665,0.605,14.5575,-11.8671,2.97613,134.479,0.531647,1.55587,0,0.16517
0.665,0.615,25.8997,-13.2657,3.20396,143.673,0.531647,1.55587,0,0.16517
0.665,0.625,44.0624,-14.102,3.10514,132.096,0.531647,1.55587,0,0.16517
0.665,0.635,67.106,-14.5636,2.8535,101.245,0.531647,1.55587,0,0.16517
0.665,0.645,93.0089,-14.7922,2.63636,72.582,0.531647,1.55587,0,0.16517
0.665,0.655,123.182,-14.8926,2.53839,59.7658,0.531647,1.55587,0,0.16517
0.665,0.665,160.526,-14.9354,2.53316,60.2423,0.531647,1.55587,0,0.16517
0.665,0.675,206.278,-14.9562,2.56829,67.7782,0.531647,1.55587,0,0.16517
0.665,0.685,259.909,-14.9683,2.61442,78.7868,0.531647,1.55587,0,0.16517
0.665,0.695,320.071,-14.9764,2.66099,91.7168,0.531647,1.55587,0,0.16517
0.665,0.705,385.053,-14.9822,2.70491,105.818,0.531647,1.55587,0,0.16517
0.665,0.715,452.908,-14.9866,2.74541,120.585,0.531647,1.55587,0,0.16517
0.665,0.725,521.562,-14.9899,2.78234,135.579,0.531647,1.55587,0,0.16517
0.665,0.735,588.967,-14.9924,2.81575,150.398,0.531647,1.55587,0,0.16517
0.665,0.745,653.26,-14.9943,2.84571,164.678,0.531647,1.55587,0,0.16517
0.665,0.755,712.898,-14.9958,2.87234,178.11,0.531647,1.55587,0,0.16517
0.665,0.765,766.745,-14.997,2.89576,190.456,0.531647,1.55587,0,0.16517
0.665,0.775,814.107,-14.9978,2.91609,201.548,0.531647,1.55587,0,0.16517
0.665,0.785,854.716,-14.9985,2.93351,211.292,0.531647,1.55587,0,0.16517
0.665,0.795,888.677,-14.9989,2.94819,219.66,0.531647,1.55587,0,0.16517
0.665,0.805,916.391,-14.9993,2.96036,226.684,0.531647,1.55587,0,0.16517
0.665,0.815,938.466,-14.9995,2.97024,232.446,0.531647,1.55587,0,0.16517
0.665,0.825,955.634,-14.9997,2.9781,237.061,0.531647,1.55587,0,0.16517
0.665,0.835,968.67,-14.9998,2.98423,240.668,0.531647,1.55587,0,0.16517
0.665,0.845,978.336,-14.9999,2.98888,243.418,0.531647,1.55587,0,0.16517
0.665,0.855,985.334,-14.9999,2.99234,245.462,0.531647,1.55587,0,0.16517
0.665,0.865,990.282,-15,2.99484,246.943,0.531647,1.55587,0,0.16517
0.665,0.875,993.699,-15,2.9966,247.988,0.531647,1.55587,0,0.16517
0.665,0.885,996.001,-15,2.99781,248.706,0.531647,1.55587,0,0.16517
0.665,0.895,997.517,-15,2.99863,249.187,0.531647,1.55587,0,0.16517
0.665,0.905,998.491,-15,2.99916,249.501,0.531647,1.55587,0,0.16517
0.665,0.915,999.103,-15,2.99949,249.701,0.531647,1.55587,0,0.16517
0.665,0.925,999.478,-15,2.9997,249.825,0.531647,1.55587,0,0.16517
0.665,0.935,999.703,-15,2.99983,249.899,0.531647,1.55587,0,0.16517
0.665,0.945,999.834,-15,2.9999,249.944,0.531647,1.55587,0,0.16517
0.665,0.955,999.91,-15,2.99995,249.969,0.531647,1.55587,0,0.16517
0.665,0.965,999.952,-15,2.99997,249.983,0.531647,1.55587,0,0.16517
0.665,0.975,999.975,-15,2.99999,249.991,0.531647,1.55587,0,0.16517
0.665,0.985,999.987,-15,2.99999,249.996,0.531647,1.55587,0,0.16517
0.665,0.995,999.993,-15,3,249.998,0.531647,1.55587,0,0.16517
0.675,0.005,12.7872,9.81148,-8.15339,151.14,0.628175,1.66776,0,0.208628
0.675,0.015,12.6788,9.82213,-7.9473,149.295,0.628175,1.66776,0,0.208628
0.675,0.025,12.5725,9.82741,-7.73905,147.461,0.628175,1.66776,0,0.208628
0.675,0.035,12.4654,9.82818,-7.52917,145.586,0.628175,1.66776,0,0.208628
0.675,0.045,12.3554,9.82498,-7.31802,143.639,0.628175,1.66776,0,0.208628
0.675,0.055,12.2415,9.81814,-7.10584,141.601,0.628175,1.66776,0,0.208628
0.675,0.065,12.1231,9.80789,-6.8928,139.462,0.628175,1.66776,0,0.208628
0.675,0.075,11.9997,9.79433,-6.67902,137.218,0.628175,1.66776,0,0.208628
0.675,0.085,11.8712,9.77753,-6.46462,134.868,0.628175,1.66776,0,0.208628
0.675,0.095,11.7377,9.75754,-6.24969,132.415,0.628175,1.66776,0,0.208628
0.675,0.105,11.5992,9.73435,-6.03432,129.862,0.628175,1.66776,0,0.208628
0.675,0.115,11.4558,9.70797,-5.81859,127.214,0.628175,1.66776,0,0.208628
0.675,0.125,11.3078,9.67837,-5.60259,124.477,0.628175,1.66776,0,0.208628
0.675,0.135,11.1552,9.64556,-5.38642,121.658,0.628175,1.66776,0,0.208628
0.675,0.145,10.9983,9.60949,-5.17017,118.764,0.628175,1.66776,0,0.208628
0.675,0.155,10.8373,9.57017,-4.95396,115.803,0.628175,1.66776,0,0.208628
0.675,0.165,10.6725,9.52757,-4.73789,112.783,0.628175,1.66776,0,0.208628
0.675,0.175,10.504,9.48168,-4.52208,109.712,0.628175,1.66776,0,0.208628
0.675,0.185,10.3323,9.43247,-4.30666,106.6,0.628175,1.66776,0,0.208628
0.675,0.195,10.1574,9.37994,-4.09178,103.456,0.628175,1.66776,0,0.208628
0.675,0.205,9.98019,9.32408,-3.87745,100.296,0.628175,1.66776,0,0.208628
0.675,0.215,9.80619,9.26489,-3.66186,97.2009,0.628175,1.66776,0,0.208628
0.675,0.225,9.63172,9.20243,-3.44673,94.1241,0.628175,1.66776,0,0.208628
0.675,0.235,9.45528,9.13671,-3.233,91.0477,0.628175,1.66776,0,0.208628
0.675,0.245,9.27756,9.06769,-3.02087,87.9847,0.628175,1.66776,0,0.208628
0.675,0.255,9.09945,8.99524,-2.81062,84.9497,0.628175,1.66776,0,0.208628
0.675,0.265,8.92207,8.91918,-2.6026,81.96,0.628175,1.66776,0,0.208628
0.675,0.275,8.74696,8.83918,-2.39725,79.0369,0.628175,1.66776,0,0.208628
0.675,0.285,8.57621,8.75471,-2.19518,76.2072,0.628175,1.66776,0,0.208628
0.675,0.295,8.41275,8.66497,-1.99723,73.5061,0.628175,1.66776,0,0.208628
0.675,0.305,8.26079,8.56872,-1.8046,70.9817,0.628175,1.66776,0,0.208628
0.675,0.315,8.12639,8.46403,-1.61901,68.7011,0.628175,1.66776,0,0.208628
0.675,0.325,8.01828,8.34796,-1.44293,66.7601,0.628175,1.66776,0,0.208628
0.675,0.335,7.9489,8.21611,-1.27982,65.295,0.628175,1.66776,0,0.208628
0.675,0.345,7.93536,8.06214,-1.13419,64.4966,0.628175,1.66776,0,0.208628
0.675,0.355,7.99962,7.87754,-1.01133,64.6182,0.628175,1.66776,0,0.208628
0.675,0.365,8.16666,7.65247,-0.916073,65.9629,0.628175,1.66776,0,0.208628
0.675,0.375,8.45894,7.37853,-0.850405,68.8251,0.628175,1.66776,0,0.208628
0.675,0.385,8.88683,7.05363,-0.810638,73.371,0.628175,1.66776,0,0.208628
0.675,0.395,9.43664,6.68666,-0.786399,79.4745,0.628175,1.66776,0,0.208628
0.675,0.405,10.0636,6.29761,-0.763082,86.6061,0.628175,1.66776,0,0.208628
0.675,0.415,10.6974,5.91091,-0.726788,93.8916,0.628175,1.66776,0,0.208628
0.675,0.425,11.2613,5.54549,-0.668714,100.365,0.628175,1.66776,0,0.208628
0.675,0.435,11.6984,5.2122,-0.585313,105.349,0.628175,1.66776,0,0.208628
0.675,0.445,11.9809,4.9121,-0.476511,108.617,0.628175,1.66776,0,0.208628
0.675,0.455,12.1094,4.63569,-0.343369,110.349,0.628175,1.66776,0,0.208628
0.675,0.465,12.0979,4.36339,-0.184058,110.982,0.628175,1.66776,0,0.208628
0.675,0.475,11.9281,4.03177,0.0175913,111.314,0.628175,1.66776,0,0.208628
0.675,0.485,11.4248,3.6039,0.280265,110.686,0.628175,1.66776,0,0.208628
0.675,0.495,10.5527,3.14728,0.608587,108.71,0.628175,1.66776,0,0.208628
0.675,0.505,8.93171,2.38515,0.967118,104.152,0.628175,1.66776,0,0.208628
0.675,0.515,7.58271,1.53643,1.2647,100.856,0.628175,1.66776,0,0.208628
0.675,0.525,6.6076,0.698339,1.48409,98.983,0.628175,1.66776,0,0.208628
0.675,0.535,6.02301,-0.0906418,1.6287,98.1806,0.628175,1.66776,0,0.208628
0.675,0.545,5.75041,-0.852485,1.70957,98.1899,0.628175,1.66776,0,0.208628
0.675,0.555,5.65631,-1.70263,1.74887,98.969,0.628175,1.66776,0,0.208628
0.675,0.565,5.65829,-2.86855,1.78255,100.758,0.628175,1.66776,0,0.208628
0.675,0.575,5.84191,-4.63303,1.87196,104.352,0.628175,1.66776,0,0.208628
0.675,0.585,6.65668,-7.06312,2.11433,111.559,0.628175,1.66776,0,0.208628
0.675,0.595,9.12059,-9.68674,2.56713,124.404,0.628175,1.66776,0,0.208628
0.675,0.605,14.9777,-11.8357,3.05377,139.99,0.628175,1.66776,0,0.208628
0.675,0.615,26.5464,-13.2703,3.24583,146.966,0.628175,1.66776,0,0.208628
0.675,0.625,44.6702,-14.1208,3.10519,130.966,0.628175,1.66776,0,0.208628
0.675,0.635,67.207,-14.5814,2.82975,97.1314,0.628175,1.66776,0,0.208628
0.675,0.645,92.5439,-14.8026,2.61282,68.91,0.628175,1.66776,0,0.208628
0.675,0.655,122.568,-14.8968,2.5256,57.8254,0.628175,1.66776,0,0.208628
0.675,0.665,160.09,-14.9368,2.52833,59.4689,0.628175,1.66776,0,0.208628
0.675,0.675,206.054,-14.9565,2.56682,67.5117,0.628175,1.66776,0,0.208628
0.675,0.685,259.814,-14.9684,2.61402,78.7024,0.628175,1.66776,0,0.208628
0.675,0.695,320.036,-14.9764,2.66088,91.6916,0.628175,1.66776,0,0.208628
0.675,0.705,385.042,-14.9822,2.70488,105.811,0.628175,1.66776,0,0.208628
0.675,0.715,452.904,-14.9866,2.7454,120.583,0.628175,1.66776,0,0.208628
0.675,0.725,521.561,-14.9899,2.78234,135.579,0.628175,1.66776,0,0.208628
0.675,0.735,588.967,-14.9924,2.81575,150.398,0.628175,1.66776,0,0.208628
0.675,0.745,653.26,-14.9943,2.84571,164.678,0.628175,1.66776,0,0.208628
0.675,0.755,712.898,-14.9958,2.87234,178.11,0.628175,1.66776,0,0.208628
0.675,0.765,766.745,-14.997,2.89576,190.456,0.628175,1.66776,0,0.208628
0.675,0.775,814.107,-14.9978,2.91609,201.548,0.628175,1.66776,0,0.208628
0.675,0.785,854.716,-14.9985,2.93351,211.292,0.628175,1.66776,0,0.208628
0.675,0.795,888.677,-14.9989,2.94819,219.66,0.628175,1.66776,0,0.208628
0.675,0.805,916.391,-14.9993,2.96036,226.684,0.628175,1.66776,0,0.208628
0.675,0.815,938.466,-14.9995,2.97024,232.446,0.628175,1.66776,0,0.208628
0.675,0.825,955.634,-14.9997,2.9781,237.061,0.628175,1.66776,0,0.208628
0.675,0.835,968.67,-14.9998,2.98423,240.668,0.628175,1.66776,0,0.208628
0.675,0.845,978.336,-14.9999,2.98888,243.418,0.628175,1.66776,0,0.208628
0.675,0.855,985.334,-14.9999,2.99234,245.462,0.628175,1.66776,0,0.208628
0.675,0.865,990.282,-15,2.99484,246.943,0.628175,1.66776,0,0.208628
0.675,0.875,993.699,-15,2.9966,247.988,0.628175,1.66776,0,0.208628
0.675,0.885,996.001,-15,2.99781,248.706,0.628175,1.66776,0,0.208628
0.675,0.895,997.517,-15,2.99863,249.187,0.628175,1.66776,0,0.208628
0.675,0.905,998.491,-15,2.99916,249.501,0.628175,1.66776,0,0.208628
0.675,0.915,999.103,-15,2.99949,249.701,0.628175,1.66776,0,0.208628
0.675,0.925,999.478,-15,2.9997,249.825,0.628175,1.66776,0,0.208628
0.675,0.935,999.703,-15,2.99983,249.899,0.628175,1.66776,0,0.208628
0.675,0.945,999.834,-15,2.9999,249.944,0.628175,1.66776,0,0.208628
0.675,0.955,999.91,-15,2.99995,249.969,0.628175,1.66776,0,0.208628
0.675,0.965,999.952,-15,2.99997,249.983,0.628175,1.66776,0,0.208628
0.675,0.975,999.975,-15,2.99999,249.991,0.628175,1.66776,0,0.208628
0.675,0.985,999.987,-15,2.99999,249.996,0.628175,1.66776,0,0.208628
0.675,0.995,999.993,-15,3,249.998,0.628175,1.66776,0,0.208628
0.685,0.005,12.4805,9.82279,-8.08131,146.168,0.73824,1.77965,0,0.261539
0.685,0.015,12.326,9.84738,-7.88284,143.576,0.73824,1.77965,0,0.261539
0.685,0.025,12.188,9.86246,-7.6801,141.245,0.73824,1.77965,0,0.261539
0.685,0.035,12.0593,9.87018,-7.47434,139.046,0.73824,1.77965,0,0.261539
0.685,0.045,11.9347,9.87195,-7.26636,136.896,0.73824,1.77965,0,0.261539
0.685,0.055,11.8113,9.86872,-7.05672,134.742,0.73824,1.77965,0,0.261539
0.685,0.065,11.6868,9.86109,-6.84579,132.55,0.73824,1.77965,0,0.261539
0.685,0.075,11.56,9.84949,-6.63385,130.3,0.73824,1.77965,0,0.261539
0.685,0.085,11.4302,9.83417,-6.42111,127.98,0.73824,1.77965,0,0.261539
0.685,0.095,11.2967,9.81531,-6.20771,125.585,0.73824,1.77965,0,0.261539
0.685,0.105,11.1594,9.793,-5.9938,123.112,0.73824,1.77965,0,0.261539
0.685,0.115,11.0182,9.76733,-5.77949,120.564,0.73824,1.77965,0,0.261539
0.685,0.125,10.8731,9.73832,-5.5649,117.942,0.73824,1.77965,0,0.261539
0.685,0.135,10.7241,9.70598,-5.35013,115.252,0.73824,1.77965,0,0.261539
0.685,0.145,10.5714,9.67033,-5.13531,112.498,0.73824,1.77965,0,0.261539
0.685,0.155,10.4152,9.63136,-4.92053,109.689,0.73824,1.77965,0,0.261539
0.685,0.165,10.2557,9.58904,-4.70593,106.831,0.73824,1.77965,0,0.261539
0.685,0.175,10.0932,9.54336,-4.49164,103.932,0.73824,1.77965,0,0.261539
0.685,0.185,9.92786,9.49428,-4.27781,101.001,0.73824,1.77965,0,0.261539
0.685,0.195,9.76018,9.44176,-4.06459,98.0479,0.73824,1.77965,0,0.261539
0.685,0.205,9.5909,9.38574,-3.85202,95.088,0.73824,1.77965,0,0.261539
0.685,0.215,9.42562,9.32618,-3.63834,92.2027,0.73824,1.77965,0,0.261539
0.685,0.225,9.26106,9.26301,-3.42528,89.3487,0.73824,1.77965,0,0.261539
0.685,0.235,9.09606,9.19612,-3.21386,86.5126,0.73824,1.77965,0,0.261539
0.685,0.245,8.93181,9.12527,-3.00441,83.712,0.73824,1.77965,0,0.261539
0.685,0.255,8.76982,9.05008,-2.79734,80.9683,0.73824,1.77965,0,0.261539
0.685,0.265,8.6122,8.96998,-2.59322,78.3088,0.73824,1.77965,0,0.261539
0.685,0.275,8.46181,8.8841,-2.39283,75.7693,0.73824,1.77965,0,0.261539
0.685,0.285,8.32267,8.79113,-2.19725,73.3976,0.73824,1.77965,0,0.261539
0.685,0.295,8.20043,8.68911,-2.00799,71.2595,0.73824,1.77965,0,0.261539
0.685,0.305,8.10307,8.57517,-1.82718,69.4463,0.73824,1.77965,0,0.261539
0.685,0.315,8.04162,8.44514,-1.65772,68.0852,0.73824,1.77965,0,0.261539
0.685,0.325,8.03094,8.29321,-1.50334,67.3501,0.73824,1.77965,0,0.261539
0.685,0.335,8.08989,8.11181,-1.36838,67.4682,0.73824,1.77965,0,0.261539
0.685,0.345,8.24003,7.89231,-1.25695,68.7116,0.73824,1.77965,0,0.261539
0.685,0.355,8.50172,7.62711,-1.17124,71.3551,0.73824,1.77965,0,0.261539
0.685,0.365,8.88703,7.31337,-1.10945,75.5859,0.73824,1.77965,0,0.261539
0.685,0.375,9.39008,6.95698,-1.06454,81.3694,0.73824,1.77965,0,0.261539
0.685,0.385,9.97925,6.57394,-1.02528,88.3296,0.73824,1.77965,0,0.261539
0.685,0.395,10.5976,6.18678,-0.979571,95.7439,0.73824,1.77965,0,0.261539
0.685,0.405,11.1757,5.81744,-0.918016,102.715,0.73824,1.77965,0,0.261539
0.685,0.415,11.6525,5.47993,-0.835745,108.46,0.73824,1.77965,0,0.261539
0.685,0.425,11.9921,5.17646,-0.732236,112.551,0.73824,1.77965,0,0.261539
0.685,0.435,12.1886,4.90089,-0.609071,114.999,0.73824,1.77965,0,0.261539
0.685,0.445,12.254,4.643,-0.467365,116.12,0.73824,1.77965,0,0.261539
0.685,0.455,12.2037,4.38831,-0.305879,116.337,0.73824,1.77965,0,0.261539
0.685,0.465,12.0435,4.10863,-0.115817,116.183,0.73824,1.77965,0,0.261539
0.685,0.475,11.6612,3.742,0.121348,115.847,0.73824,1.77965,0,0.261539
0.685,0.485,10.9232,3.31747,0.410129,114.056,0.73824,1.77965,0,0.261539
0.685,0.495,9.90895,2.8421,0.741589,111.698,0.73824,1.77965,0,0.261539
0.685,0.505,8.4776,2.13634,1.08338,107.636,0.73824,1.77965,0,0.261539
0.685,0.515,7.28987,1.36392,1.3623,104.701,0.73824,1.77965,0,0.261539
0.685,0.525,6.48186,0.60681,1.56705,103.01,0.73824,1.77965,0,0.261539
0.685,0.535,6.04554,-0.102451,1.70081,102.294,0.73824,1.77965,0,0.261539
0.685,0.545,5.87426,-0.792045,1.77452,102.368,0.73824,1.77965,0,0.261539
0.685,0.555,5.83516,-1.58388,1.80985,103.206,0.73824,1.77965,0,0.261539
0.685,0.565,5.85468,-2.70969,1.84181,105.074,0.73824,1.77965,0,0.261539
0.685,0.575,6.03328,-4.46057,1.93329,108.878,0.73824,1.77965,0,0.261539
0.685,0.585,6.85349,-6.91992,2.1865,116.606,0.73824,1.77965,0,0.261539
0.685,0.595,9.39048,-9.60464,2.65455,130.206,0.73824,1.77965,0,0.261539
0.685,0.605,15.4315,-11.8118,3.1334,145.604,0.73824,1.77965,0,0.261539
0.685,0.615,27.2101,-13.2815,3.28393,149.763,0.73824,1.77965,0,0.261539
0.685,0.625,45.2228,-14.144,3.09891,128.923,0.73824,1.77965,0,0.261539
0.685,0.635,67.1952,-14.6009,2.80161,92.4691,0.73824,1.77965,0,0.261539
0.685,0.645,92.008,-14.813,2.58848,65.2406,0.73824,1.77965,0,0.261539
0.685,0.655,121.963,-14.9007,2.51356,56.0455,0.73824,1.77965,0,0.261539
0.685,0.665,159.695,-14.9379,2.5241,58.8019,0.73824,1.77965,0,0.261539
0.685,0.675,205.864,-14.9568,2.56559,67.2926,0.73824,1.77965,0,0.261539
0.685,0.685,259.739,-14.9684,2.6137,78.6359,0.73824,1.77965,0,0.261539
0.685,0.695,320.01,-14.9764,2.66081,91.6726,0.73824,1.77965,0,0.261539
0.685,0.705,385.033,-14.9822,2.70486,105.806,0.73824,1.77965,0,0.261539
0.685,0.715,452.902,-14.9866,2.7454,120.582,0.73824,1.77965,0,0.261539
0.685,0.725,521.56,-14.9899,2.78234,135.579,0.73824,1.77965,0,0.261539
0.685,0.735,588.966,-14.9924,2.81575,150.398,0.73824,1.77965,0,0.261539
0.685,0.745,653.26,-14.9943,2.84571,164.678,0.73824,1.77965,0,0.261539
0.685,0.755,712.898,-14.9958,2.87234,178.11,0.73824,1.77965,0,0.261539
0.685,0.765,766.745,-14.997,2.89576,190.456,0.73824,1.77965,0,0.261539
0.685,0.775,814.107,-14.9978,2.91609,201.548,0.73824,1.77965,0,0.261539
0.685,0.785,854.716,-14.9985,2.93351,211.292,0.73824,1.77965,0,0.261539
0.685,0.795,888.677,-14.9989,2.94819,219.66,0.73824,1.77965,0,0.261539
0.685,0.805,916.391,-14.9993,2.96036,226.684,0.73824,1.77965,0,0.261539
0.685,0.815,938.466,-14.9995,2.97024,232.446,0.73824,1.77965,0,0.261539
0.685,0.825,955.634,-14.9997,2.9781,237.061,0.73824,1.77965,0,0.261539
0.685,0.835,968.67,-14.9998,2.98423,240.668,0.73824,1.77965,0,0.261539
0.685,0.845,978.336,-14.9999,2.98888,243.418,0.73824,1.77965,0,0.261539
0.685,0.855,985.334,-14.9999,2.99234,245.462,0.73824,1.77965,0,0.261539
0.685,0.865,990.282,-15,2.99484,246.943,0.73824,1.77965,0,0.261539
0.685,0.875,993.699,-15,2.9966,247.988,0.73824,1.77965,0,0.261539
0.685,0.885,996.001,-15,2.99781,248.706,0.73824,1.77965,0,0.261539
0.685,0.895,997.517,-15,2.99863,249.187,0.73824,1.77965,0,0.261539
0.685,0.905,998.491,-15,2.99916,249.501,0.73824,1.77965,0,0.261539
0.685,0.915,999.103,-15,2.99949,249.701,0.73824,1.77965,0,0.261539
0.685,0.925,999.478,-15,2.9997,249.825,0.73824,1.77965,0,0.261539
0.685,0.935,999.703,-15,2.99983,249.899,0.73824,1.77965,0,0.261539
0.685,0.945,999.834,-15,2.9999,249.944,0.73824,1.77965,0,0.261539
0.685,0.955,999.91,-15,2.99995,249.969,0.73824,1.77965,0,0.261539
0.685,0.965,999.952,-15,2.99997,249.983,0.73824,1.77965,0,0.261539
0.685,0.975,999.975,-15,2.99999,249.991,0.73824,1.77965,0,0.261539
0.685,0.985,999.987,-15,2.99999,249.996,0.73824,1.77965,0,0.261539
0.685,0.995,999.993,-15,3,249.998,0.73824,1.77965,0,0.261539
0.695,0.005,12.4617,9.74427,-7.9761,146.094,0.863221,1.89153,0,0.32556
0.695,0.015,12.1978,9.80297,-7.7942,141.642,0.863221,1.89153,0,0.32556
0.695,0.025,11.9811,9.84305,-7.60361,138.006,0.863221,1.89153,0,0.32556
0.695,0.035,11.7958,9.86904,-7.40679,134.896,0.863221,1.89153,0,0.32556
0.695,0.045,11.6308,9.88422,-7.2055,132.115,0.863221,1.89153,0,0.32556
0.695,0.055,11.4786,9.89088,-7.00098,129.529,0.863221,1.89153,0,0.32556
0.695,0.065,11.3337,9.89062,-6.79407,127.05,0.863221,1.89153,0,0.32556
0.695,0.075,11.1928,9.88453,-6.58538,124.618,0.863221,1.89153,0,0.32556
0.695,0.085,11.0534,9.87338,-6.37536,122.194,0.863221,1.89153,0,0.32556
0.695,0.095,10.9139,9.85768,-6.16432,119.755,0.863221,1.89153,0,0.32556
0.695,0.105,10.7732,9.83779,-5.95251,117.284,0.863221,1.89153,0,0.32556
0.695,0.115,10.6307,9.81395,-5.74014,114.774,0.863221,1.89153,0,0.32556
0.695,0.125,10.486,9.78632,-5.52737,112.221,0.863221,1.89153,0,0.32556
0.695,0.135,10.3389,9.755,-5.31438,109.624,0.863221,1.89153,0,0.32556
0.695,0.145,10.1894,9.72005,-5.10129,106.986,0.863221,1.89153,0,0.32556
0.695,0.155,10.0375,9.68147,-4.88828,104.311,0.863221,1.89153,0,0.32556
0.695,0.165,9.88341,9.63927,-4.67548,101.605,0.863221,1.89153,0,0.32556
0.695,0.175,9.72747,9.59339,-4.46306,98.8752,0.863221,1.89153,0,0.32556
0.695,0.185,9.57005,9.54377,-4.25121,96.1317,0.863221,1.89153,0,0.32556
0.695,0.195,9.41168,9.49028,-4.04013,93.3848,0.863221,1.89153,0,0.32556
0.695,0.205,9.25336,9.43277,-3.82993,90.6519,0.863221,1.89153,0,0.32556
0.695,0.215,9.10095,9.37101,-3.6189,88.0157,0.863221,1.89153,0,0.32556
0.695,0.225,8.95185,9.30473,-3.4089,85.4415,0.863221,1.89153,0,0.32556
0.695,0.235,8.80567,9.23347,-3.20111,82.924,0.863221,1.89153,0,0.32556
0.695,0.245,8.6646,9.15658,-2.99609,80.4923,0.863221,1.89153,0,0.32556
0.695,0.255,8.53159,9.07306,-2.79459,78.1837,0.863221,1.89153,0,0.32556
0.695,0.265,8.41068,8.98149,-2.59763,76.0481,0.863221,1.89153,0,0.32556
0.695,0.275,8.3074,8.87982,-2.40659,74.1526,0.863221,1.89153,0,0.32556
0.695,0.285,8.22924,8.76515,-2.22334,72.5877,0.863221,1.89153,0,0.32556
0.695,0.295,8.18625,8.63348,-2.05035,71.4751,0.863221,1.89153,0,0.32556
0.695,0.305,8.19145,8.47952,-1.89063,70.9757,0.863221,1.89153,0,0.32556
0.695,0.315,8.26079,8.29675,-1.7476,71.292,0.863221,1.89153,0,0.32556
0.695,0.325,8.41203,8.07812,-1.62434,72.6591,0.863221,1.89153,0,0.32556
0.695,0.335,8.66171,7.81774,-1.52256,75.3096,0.863221,1.89153,0,0.32556
0.695,0.345,9.01982,7.51363,-1.4411,79.4034,0.863221,1.89153,0,0.32556
0.695,0.355,9.48264,7.1706,-1.37509,84.9253,0.863221,1.89153,0,0.32556
0.695,0.365,10.0264,6.80139,-1.31637,91.5876,0.863221,1.89153,0,0.32556
0.695,0.375,10.6063,6.42459,-1.25554,98.8053,0.863221,1.89153,0,0.32556
0.695,0.385,11.1639,6.05971,-1.18446,105.801,0.863221,1.89153,0,0.32556
0.695,0.395,11.6429,5.72169,-1.09806,111.827,0.863221,1.89153,0,0.32556
0.695,0.405,12.0047,5.41732,-0.994492,116.395,0.863221,1.89153,0,0.32556
0.695,0.415,12.2356,5.14463,-0.874238,119.381,0.863221,1.89153,0,0.32556
0.695,0.425,12.3423,4.89454,-0.738777,120.959,0.863221,1.89153,0,0.32556
0.695,0.435,12.341,4.65519,-0.589092,121.472,0.863221,1.89153,0,0.32556
0.695,0.445,12.2463,4.41506,-0.42407,121.295,0.863221,1.89153,0,0.32556
0.695,0.455,12.0619,4.15943,-0.238719,120.77,0.863221,1.89153,0,0.32556
0.695,0.465,11.747,3.84541,-0.0175409,120.371,0.863221,1.89153,0,0.32556
0.695,0.475,11.1297,3.47442,0.247772,118.931,0.863221,1.89153,0,0.32556
0.695,0.485,10.2402,3.04705,0.547761,116.633,0.863221,1.89153,0,0.32556
0.695,0.495,9.17758,2.55819,0.873413,114.216,0.863221,1.89153,0,0.32556
0.695,0.505,7.95158,1.90455,1.19625,110.756,0.863221,1.89153,0,0.32556
0.695,0.515,6.98602,1.20344,1.45832,108.247,0.863221,1.89153,0,0.32556
0.695,0.525,6.37961,0.523342,1.64924,106.805,0.863221,1.89153,0,0.32556
0.695,0.535,6.09267,-0.110288,1.77215,106.254,0.863221,1.89153,0,0.32556
0.695,0.545,6.01323,-0.732698,1.83884,106.457,0.863221,1.89153,0,0.32556
0.695,0.555,6.02209,-1.47043,1.87046,107.408,0.863221,1.89153,0,0.32556
0.695,0.565,6.05667,-2.55833,1.9014,109.42,0.863221,1.89153,0,0.32556
0.695,0.575,6.23138,-4.29668,1.99672,113.533,0.863221,1.89153,0,0.32556
0.695,0.585,7.06336,-6.78528,2.26364,121.929,0.863221,1.89153,0,0.32556
0.695,0.595,9.6853,-9.53124,2.74825,136.347,0.863221,1.89153,0,0.32556
0.695,0.605,15.9199,-11.7967,3.21446,151.255,0.863221,1.89153,0,0.32556
0.695,0.615,27.8816,-13.3002,3.31699,151.884,0.863221,1.89153,0,0.32556
0.695,0.625,45.7021,-14.1718,3.08541,125.861,0.863221,1.89153,0,0.32556
0.695,0.635,67.0646,-14.6219,2.7692,87.3195,0.863221,1.89153,0,0.32556
0.695,0.645,91.4145,-14.8232,2.5638,61.652,0.863221,1.89153,0,0.32556
0.695,0.655,121.381,-14.9043,2.50245,54.4466,0.863221,1.89153,0,0.32556
0.695,0.665,159.346,-14.9389,2.52047,58.2382,0.863221,1.89153,0,0.32556
0.695,0.675,205.706,-14.9571,2.5646,67.1162,0.863221,1.89153,0,0.32556
0.695,0.685,259.679,-14.9685,2.61345,78.5846,0.863221,1.89153,0,0.32556
0.695,0.695,319.99,-14.9764,2.66075,91.6584,0.863221,1.89153,0,0.32556
0.695,0.705,385.027,-14.9822,2.70485,105.802,0.863221,1.89153,0,0.32556
0.695,0.715,452.9,-14.9866,2.74539,120.581,0.863221,1.89153,0,0.32556
0.695,0.725,521.56,-14.9899,2.78234,135.578,0.863221,1.89153,0,0.32556
0.695,0.735,588.966,-14.9924,2.81575,150.398,0.863221,1.89153,0,0.32556
0.695,0.745,653.26,-14.9943,2.84571,164.678,0.863221,1.89153,0,0.32556
0.695,0.755,712.898,-14.9958,2.87234,178.11,0.863221,1.89153,0,0.32556
0.695,0.765,766.745,-14.997,2.89576,190.456,0.863221,1.89153,0,0.32556
0.695,0.775,814.107,-14.9978,2.91609,201.548,0.863221,1.89153,0,0.32556
0.695,0.785,854.716,-14.9985,2.93351,211.292,0.863221,1.89153,0,0.32556
0.695,0.795,888.677,-14.9989,2.94819,219.66,0.863221,1.89153,0,0.32556
0.695,0.805,916.391,-14.9993,2.96036,226.684,0.863221,1.89153,0,0.32556
0.695,0.815,938.466,-14.9995,2.97024,232.446,0.863221,1.89153,0,0.32556
0.695,0.825,955.634,-14.9997,2.9781,237.061,0.863221,1.89153,0,0.32556
0.695,0.835,968.67,-14.9998,2.98423,240.668,0.863221,1.89153,0,0.32556
0.695,0.845,978.336,-14.9999,2.98888,243.418,0.863221,1.89153,0,0.32556
0.695,0.855,985.334,-14.9999,2.99234,245.462,0.863221,1.89153,0,0.32556
0.695,0.865,990.282,-15,2.99484,246.943,0.863221,1.89153,0,0.32556
0.695,0.875,993.699,-15,2.9966,247.988,0.863221,1.89153,0,0.32556
0.695,0.885,996.001,-15,2.99781,248.706,0.863221,1.89153,0,0.32556
0.695,0.895,997.517,-15,2.99863,249.187,0.863221,1.89153,0,0.32556
0.695,0.905,998.491,-15,2.99916,249.501,0.863221,1.89153,0,0.32556
0.695,0.915,999.103,-15,2.99949,249.701,0.863221,1.89153,0,0.32556
0.695,0.925,999.478,-15,2.9997,249.825,0.863221,1.89153,0,0.32556
0.695,0.935,999.703,-15,2.99983,249.899,0.863221,1.89153,0,0.32556
0.695,0.945,999.834,-15,2.9999,249.944,0.863221,1.89153,0,0.32556
0.695,0.955,999.91,-15,2.99995,249.969,0.863221,1.89153,0,0.32556
0.695,0.965,999.952,-15,2.99997,249.983,0.863221,1.89153,0,0.32556
0.695,0.975,999.975,-15,2.99999,249.991,0.863221,1.89153,0,0.32556
0.695,0.985,999.987,-15,2.99999,249.996,0.863221,1.89153,0,0.32556
0.695,0.995,999.993,-15,3,249.998,0.863221,1.89153,0,0.32556
0.705,0.005,13.0342,9.47185,-7.80368,156.527,1,2,0,0.4
0.705,0.015,12.5531,9.5978,-7.6519,148.08,1,2,0,0.4
0.705,0.025,12.1675,9.69179,-7.48522,141.437,1,2,0,0.4
0.705,0.035,11.8532,9.75994,-7.30697,136.099,1,2,0,0.4
0.705,0.045,11.5909,9.80761,-7.11997,131.681,1,2,0,0.4
0.705,0.055,11.3657,9.83913,-6.92643,127.902,1,2,0,0.4
0.705,0.065,11.1665,9.85786,-6.72804,124.557,1,2,0,0.4
0.705,0.075,10.9853,9.86627,-6.52606,121.504,1,2,0,0.4
0.705,0.085,10.8162,9.8662,-6.32143,118.642,1,2,0,0.4
0.705,0.095,10.6552,9.85896,-6.11482,115.903,1,2,0,0.4
0.705,0.105,10.4994,9.8455,-5.90677,113.239,1,2,0,0.4
0.705,0.115,10.3468,9.82648,-5.69767,110.619,1,2,0,0.4
0.705,0.125,10.1961,9.80237,-5.48785,108.021,1,2,0,0.4
0.705,0.135,10.0464,9.77348,-5.27759,105.435,1,2,0,0.4
0.705,0.145,9.89722,9.74,-5.06713,102.854,1,2,0,0.4
0.705,0.155,9.74838,9.70202,-4.85671,100.278,1,2,0,0.4
0.705,0.165,9.59997,9.65954,-4.64655,97.7085,1,2,0,0.4
0.705,0.175,9.45232,9.61247,-4.4369,95.1535,1,2,0,0.4
0.705,0.185,9.30602,9.56064,-4.22805,92.6227,1,2,0,0.4
0.705,0.195,9.16193,9.50376,-4.02031,90.1302,1,2,0,0.4
0.705,0.205,9.02161,9.44141,-3.81393,87.699,1,2,0,0.4
0.705,0.215,8.8917,9.373,-3.60735,85.42,1,2,0,0.4
0.705,0.225,8.77072,9.29777,-3.40265,83.2719,1,2,0,0.4
0.705,0.235,8.65971,9.2146,-3.20139,81.2671,1,2,0,0.4
0.705,0.245,8.56281,9.12194,-3.00453,79.4585,1,2,0,0.4
0.705,0.255,8.48548,9.01764,-2.81335,77.9152,1,2,0,0.4
0.705,0.265,8.43482,8.89881,-2.62949,76.7278,1,2,0,0.4
0.705,0.275,8.41994,8.76173,-2.45496,76.0135,1,2,0,0.4
0.705,0.285,8.45206,8.6018,-2.29215,75.9188,1,2,0,0.4
0.705,0.295,8.54419,8.41378,-2.14349,76.6192,1,2,0,0.4
0.705,0.305,8.70999,8.19257,-2.01106,78.3055,1,2,0,0.4
0.705,0.315,8.96126,7.93453,-1.8958,81.1526,1,2,0,0.4
0.705,0.325,9.30396,7.63939,-1.79667,85.2643,1,2,0,0.4
0.705,0.335,9.73329,7.31199,-1.71016,90.5994,1,2,0,0.4
0.705,0.345,10.2294,6.96282,-1.63059,96.9054,1,2,0,0.4
0.705,0.355,10.7565,6.60655,-1.55122,103.701,1,2,0,0.4
0.705,0.365,11.2679,6.2588,-1.46588,110.346,1,2,0,0.4
0.705,0.375,11.7165,5.9323,-1.37019,116.199,1,2,0,0.4
0.705,0.385,12.0672,5.63412,-1.26202,120.796,1,2,0,0.4
0.705,0.395,12.3033,5.36486,-1.14109,123.956,1,2,0,0.4
0.705,0.405,12.4267,5.11978,-1.00802,125.779,1,2,0,0.4
0.705,0.415,12.4499,4.89069,-0.863418,126.528,1,2,0,0.4
0.705,0.425,12.3868,4.66768,-0.707253,126.508,1,2,0,0.4
0.705,0.435,12.2468,4.4405,-0.538265,125.99,1,2,0,0.4
0.705,0.445,12.0317,4.19868,-0.352701,125.213,1,2,0,0.4
0.705,0.455,11.727,3.92188,-0.140181,124.475,1,2,0,0.4
0.705,0.465,11.1971,3.58875,0.109092,123.316,1,2,0,0.4
0.705,0.475,10.4188,3.21915,0.391494,121.167,1,2,0,0.4
0.705,0.485,9.47009,2.78591,0.695717,118.781,1,2,0,0.4
0.705,0.495,8.45513,2.29388,1.01277,116.424,1,2,0,0.4
0.705,0.505,7.46024,1.68918,1.31614,113.561,1,2,0,0.4
0.705,0.515,6.73704,1.0559,1.56041,111.514,1,2,0,0.4
0.705,0.525,6.32687,0.449686,1.7358,110.398,1,2,0,0.4
0.705,0.535,6.17161,-0.112628,1.84659,110.096,1,2,0,0.4
0.705,0.545,6.16972,-0.672739,1.90557,110.502,1,2,0,0.4
0.705,0.555,6.21926,-1.35998,1.93316,111.635,1,2,0,0.4
0.705,0.565,6.26686,-2.41202,1.9634,113.874,1,2,0,0.4
0.705,0.575,6.43923,-4.13952,2.06417,118.405,1,2,0,0.4
0.705,0.585,7.28951,-6.659,2.34744,127.612,1,2,0,0.4
0.705,0.595,10.0081,-9.46773,2.84892,142.854,1,2,0,0.4
0.705,0.605,16.4422,-11.7919,3.29595,156.831,1,2,0,0.4
0.705,0.615,28.5485,-13.3273,3.3434,153.111,1,2,0,0.4
0.705,0.625,46.089,-14.2044,3.06382,121.692,1,2,0,0.4
0.705,0.635,66.8131,-14.644,2.73279,81.7773,1,2,0,0.4
0.705,0.645,90.7799,-14.833,2.53933,58.2231,1,2,0,0.4
0.705,0.655,120.834,-14.9074,2.49242,53.042,1,2,0,0.4
0.705,0.665,159.044,-14.9398,2.51742,57.7721,1,2,0,0.4
0.705,0.675,205.578,-14.9573,2.56381,66.9773,1,2,0,0.4
0.705,0.685,259.633,-14.9685,2.61327,78.5459,1,2,0,0.4
0.705,0.695,319.975,-14.9764,2.6607,91.6482,1,2,0,0.4
0.705,0.705,385.023,-14.9822,2.70484,105.799,1,2,0,0.4
0.705,0.715,452.899,-14.9866,2.74539,120.58,1,2,0,0.4
0.705,0.725,521.559,-14.9899,2.78234,135.578,1,2,0,0.4
0.705,0.735,588.966,-14.9924,2.81575,150.398,1,2,0,0.4
0.705,0.745,653.26,-14.9943,2.84571,164.678,1,2,0,0.4
0.705,0.755,712.898,-14.9958,2.87234,178.11,1,2,0,0.4
0.705,0.765,766.745,-14.997,2.89576,190.456,1,2,0,0.4
0.705,0.775,814.107,-14.9978,2.91609,201.548,1,2,0,0.4
0.705,0.785,854.716,-14.9985,2.93351,211.292,1,2,0,0.4
0.705,0.795,888.677,-14.9989,2.94819,219.66,1,2,0,0.4
0.705,0.805,916.391,-14.9993,2.96036,226.684,1,2,0,0.4
0.705,0.815,938.466,-14.9995,2.97024,232.446,1,2,0,0.4
0.705,0.825,955.634,-14.9997,2.9781,237.061,1,2,0,0.4
0.705,0.835,968.67,-14.9998,2.98423,240.668,1,2,0,0.4
0.705,0.845,978.336,-14.9999,2.98888,243.418,1,2,0,0.4
0.705,0.855,985.334,-14.9999,2.99234,245.462,1,2,0,0.4
0.705,0.865,990.282,-15,2.99484,246.943,1,2,0,0.4
0.705,0.875,993.699,-15,2.9966,247.988,1,2,0,0.4
0.705,0.885,996.001,-15,2.99781,248.706,1,2,0,0.4
0.705,0.895,997.517,-15,2.99863,249.187,1,2,0,0.4
0.705,0.905,998.491,-15,2.99916,249.501,1,2,0,0.4
0.705,0.915,999.103,-15,2.99949,249.701,1,2,0,0.4
0.705,0.925,999.478,-15,2.9997,249.825,1,2,0,0.4
0.705,0.935,999.703,-15,2.99983,249.899,1,2,0,0.4
0.705,0.945,999.834,-15,2.9999,249.944,1,2,0,0.4
0.705,0.955,999.91,-15,2.99995,249.969,1,2,0,0.4
0.705,0.965,999.952,-15,2.99997,249.983,1,2,0,0.4
0.705,0.975,999.975,-15,2.99999,249.991,1,2,0,0.4
0.705,0.985,999.987,-15,2.99999,249.996,1,2,0,0.4
0.705,0.995,999.993,-15,3,249.998,1,2,0,0.4
0.715,0.005,14.5271,8.91252,-7.54559,184.811,1,2,0,0.4
0.715,0.015,13.7493,9.11729,-7.42815,170.243,1,2,0,0.4
0.715,0.025,13.0979,9.28812,-7.29406,158.342,1,2,0,0.4
0.715,0.035,12.5569,9.42591,-7.14482,148.676,1,2,0,0.4
0.715,0.045,12.1074,9.53367,-6.98253,140.802,1,2,0,0.4
0.715,0.055,11.7313,9.61533,-6.80948,134.315,1,2,0,0.4
0.715,0.065,11.4124,9.67492,-6.62781,128.881,1,2,0,0.4
0.715,0.075,11.1374,9.71614,-6.4394,124.231,1,2,0,0.4
0.715,0.085,10.8958,9.74207,-6.2458,120.16,1,2,0,0.4
0.715,0.095,10.6792,9.75522,-6.04826,116.518,1,2,0,0.4
0.715,0.105,10.4815,9.75754,-5.84778,113.19,1,2,0,0.4
0.715,0.115,10.2982,9.75049,-5.64513,110.096,1,2,0,0.4
0.715,0.125,10.1261,9.73514,-5.44097,107.18,1,2,0,0.4
0.715,0.135,9.96275,9.71225,-5.23581,104.402,1,2,0,0.4
0.715,0.145,9.8068,9.6823,-5.03013,101.738,1,2,0,0.4
0.715,0.155,9.65742,9.64555,-4.82435,99.1738,1,2,0,0.4
0.715,0.165,9.5144,9.60204,-4.61888,96.7054,1,2,0,0.4
0.715,0.175,9.37808,9.55163,-4.41415,94.3367,1,2,0,0.4
0.715,0.185,9.24934,9.49393,-4.21064,92.0794,1,2,0,0.4
0.715,0.195,9.12964,9.42833,-4.00889,89.9537,1,2,0,0.4
0.715,0.205,9.02159,9.35392,-3.80935,87.9953,1,2,0,0.4
0.715,0.215,8.93329,9.26945,-3.61064,86.3141,1,2,0,0.4
0.715,0.225,8.86427,9.17356,-3.41545,84.902,1,2,0,0.4
0.715,0.235,8.81791,9.06413,-3.22562,83.8035,1,2,0,0.4
0.715,0.245,8.80065,8.93852,-3.04249,83.1055,1,2,0,0.4
0.715,0.255,8.82027,8.79359,-2.86766,82.9141,1,2,0,0.4
0.715,0.265,8.88572,8.62584,-2.70281,83.3542,1,2,0,0.4
0.715,0.275,9.00665,8.43173,-2.54951,84.5634,1,2,0,0.4
0.715,0.285,9.19216,8.20841,-2.40891,86.6765,1,2,0,0.4
0.715,0.295,9.44883,7.95463,-2.2813,89.7978,1,2,0,0.4
0.715,0.305,9.77791,7.67192,-2.16565,93.9595,1,2,0,0.4
0.715,0.315,10.1722,7.36531,-2.05949,99.0746,1,2,0,0.4
0.715,0.325,10.6139,7.04339,-1.95903,104.9,1,2,0,0.4
0.715,0.335,11.0742,6.71721,-1.85986,111.036,1,2,0,0.4
0.715,0.345,11.5176,6.3982,-1.75775,116.979,1,2,0,0.4
0.715,0.355,11.9081,6.09582,-1.64945,122.229,1,2,0,0.4
0.715,0.365,12.2173,5.81572,-1.533,126.407,1,2,0,0.4
0.715,0.375,12.4303,5.55903,-1.4077,129.343,1,2,0,0.4
0.715,0.385,12.5457,5.32292,-1.2736,131.083,1,2,0,0.4
0.715,0.395,12.5718,5.10192,-1.13098,131.823,1,2,0,0.4
0.715,0.405,12.5204,4.88944,-0.979686,131.824,1,2,0,0.4
0.715,0.415,12.4012,4.67855,-0.818778,131.324,1,2,0,0.4
0.715,0.425,12.2184,4.46199,-0.646286,130.507,1,2,0,0.4
0.715,0.435,11.9704,4.23139,-0.458781,129.51,1,2,0,0.4
0.715,0.445,11.6488,3.97482,-0.249308,128.505,1,2,0,0.4
0.715,0.455,11.1738,3.67607,-0.00914787,127.35,1,2,0,0.4
0.715,0.465,10.4702,3.34388,0.26144,125.306,1,2,0,0.4
0.715,0.475,9.62766,2.96703,0.553995,123.008,1,2,0,0.4
0.715,0.485,8.70748,2.53299,0.859955,120.65,1,2,0,0.4
0.715,0.495,7.82389,2.04826,1.16669,118.45,1,2,0,0.4
0.715,0.505,7.06964,1.49171,1.44936,116.155,1,2,0,0.4
0.715,0.515,6.57275,0.924258,1.67316,114.598,1,2,0,0.4
0.715,0.525,6.33094,0.388695,1.83049,113.878,1,2,0,0.4
0.715,0.535,6.28331,-0.107085,1.92743,113.903,1,2,0,0.4
0.715,0.545,6.34492,-0.609705,1.97748,114.583,1,2,0,0.4
0.715,0.555,6.4289,-1.24992,2.00022,115.97,1,2,0,0.4
0.715,0.565,6.48793,-2.26857,2.02978,118.518,1,2,0,0.4
0.715,0.575,6.65953,-3.98806,2.13743,123.579,1,2,0,0.4
0.715,0.585,7.53476,-6.54175,2.43943,133.726,1,2,0,0.4
0.715,0.595,10.3611,-9.416,2.95687,149.72,1,2,0,0.4
0.715,0.605,16.9956,-11.7993,3.37642,162.164,1,2,0,0.4
0.715,0.615,29.1945,-13.364,3.36129,153.188,1,2,0,0.4
0.715,0.625,46.3639,-14.2419,3.03334,116.365,1,2,0,0.4
0.715,0.635,66.444,-14.6669,2.69291,75.9707,1,2,0,0.4
0.715,0.645,90.1235,-14.8423,2.51564,55.0291,1,2,0,0.4
0.715,0.655,120.333,-14.9101,2.48361,51.8378,1,2,0,0.4
0.715,0.665,158.79,-14.9404,2.51493,57.3956,1,2,0,0.4
0.715,0.675,205.477,-14.9574,2.5632,66.8704,1,2,0,0.4
0.715,0.685,259.599,-14.9686,2.61313,78.5173,1,2,0,0.4
0.715,0.695,319.965,-14.9764,2.66067,91.6409,1,2,0,0.4
0.715,0.705,385.02,-14.9822,2.70484,105.798,1,2,0,0.4
0.715,0.715,452.898,-14.9866,2.74539,120.58,1,2,0,0.4
0.715,0.725,521.559,-14.9899,2.78234,135.578,1,2,0,0.4
0.715,0.735,588.966,-14.9924,2.81575,150.398,1,2,0,0.4
0.715,0.745,653.26,-14.9943,2.84571,164.678,1,2,0,0.4
0.715,0.755,712.898,-14.9958,2.87234,178.11,1,2,0,0.4
0.715,0.765,766.745,-14.997,2.89576,190.456,1,2,0,0.4
0.715,0.775,814.107,-14.9978,2.91609,201.548,1,2,0,0.4
0.715,0.785,854.716,-14.9985,2.93351,211.292,1,2,0,0.4
0.715,0.795,888.677,-14.9989,2.94819,219.66,1,2,0,0.4
0.715,0.805,916.391,-14.9993,2.96036,226.684,1,2,0,0.4
0.715,0.815,938.466,-14.9995,2.97024,232.446,1,2,0,0.4
0.715,0.825,955.634,-14.9997,2.9781,237.061,1,2,0,0.4
0.715,0.835,968.67,-14.9998,2.98423,240.668,1,2,0,0.4
0.715,0.845,978.336,-14.9999,2.98888,243.418,1,2,0,0.4
0.715,0.855,985.334,-14.9999,2.99234,245.462,1,2,0,0.4
0.715,0.865,990.282,-15,2.99484,246.943,1,2,0,0.4
0.715,0.875,993.699,-15,2.9966,247.988,1,2,0,0.4
0.715,0.885,996.001,-15,2.99781,248.706,1,2,0,0.4
0.715,0.895,997.517,-15,2.99863,249.187,1,2,0,0.4
0.715,0.905,998.491,-15,2.99916,249.501,1,2,0,0.4
0.715,0.915,999.103,-15,2.99949,249.701,1,2,0,0.4
0.715,0.925,999.478,-15,2.9997,249.825,1,2,0,0.4
0.715,0.935,999.703,-15,2.99983,249.899,1,2,0,0.4
0.715,0.945,999.834,-15,2.9999,249.944,1,2,0,0.4
0.715,0.955,999.91,-15,2.99995,249.969,1,2,0,0.4
0.715,0.965,999.952,-15,2.99997,249.983,1,2,0,0.4
0.715,0.975,999.975,-15,2.99999,249.991,1,2,0,0.4
0.715,0.985,999.987,-15,2.99999,249.996,1,2,0,0.4
0.715,0.995,999.993,-15,3,249.998,1,2,0,0.4
0.725,0.005,16.8021,8.1682,-7.25075,230.342,1,2,0,0.4
0.725,0.015,15.8428,8.39277,-7.14944,211.208,1,2,0,0.4
0.725,0.025,14.9698,8.60331,-7.03715,194.169,1,2,0,0.4
0.725,0.035,14.1929,8.79376,-6.91298,179.329,1,2,0,0.4
0.725,0.045,13.5132,8.96026,-6.77676,166.616,1,2,0,0.4
0.725,0.055,12.9252,9.10115,-6.629,155.834,1,2,0,0.4
0.725,0.065,12.4193,9.21661,-6.47072,146.725,1,2,0,0.4
0.725,0.075,11.9846,9.30803,-6.30326,139.018,1,2,0,0.4
0.725,0.085,11.6097,9.37745,-6.12805,132.459,1,2,0,0.4
0.725,0.095,11.2845,9.42715,-5.9465,126.826,1,2,0,0.4
0.725,0.105,11.0003,9.45931,-5.7599,121.936,1,2,0,0.4
0.725,0.115,10.7497,9.47585,-5.56941,117.644,1,2,0,0.4
0.725,0.125,10.5272,9.47835,-5.37604,113.836,1,2,0,0.4
0.725,0.135,10.3286,9.46801,-5.18068,110.43,1,2,0,0.4
0.725,0.145,10.1509,9.44568,-4.98413,107.367,1,2,0,0.4
0.725,0.155,9.99211,9.41184,-4.78713,104.609,1,2,0,0.4
0.725,0.165,9.85155,9.36663,-4.59039,102.135,1,2,0,0.4
0.725,0.175,9.72925,9.30983,-4.39466,99.9406,1,2,0,0.4
0.725,0.185,9.62625,9.24089,-4.20067,98.0358,1,2,0,0.4
0.725,0.195,9.54445,9.15887,-4.00924,96.445,1,2,0,0.4
0.725,0.205,9.48834,9.06244,-3.82057,95.23,1,2,0,0.4
0.725,0.215,9.46521,8.95032,-3.63418,94.4915,1,2,0,0.4
0.725,0.225,9.4749,8.82118,-3.45297,94.227,1,2,0,0.4
0.725,0.235,9.52222,8.67267,-3.27843,94.5064,1,2,0,0.4
0.725,0.245,9.61294,8.50277,-3.1117,95.4143,1,2,0,0.4
0.725,0.255,9.7526,8.30992,-2.95369,97.0337,1,2,0,0.4
0.725,0.265,9.94544,8.09343,-2.80494,99.4306,1,2,0,0.4
0.725,0.275,10.193,7.854,-2.66538,102.633,1,2,0,0.4
0.725,0.285,10.4922,7.59424,-2.5342,106.602,1,2,0,0.4
0.725,0.295,10.8341,7.31883,-2.40977,111.213,1,2,0,0.4
0.725,0.305,11.2029,7.03435,-2.2898,116.237,1,2,0,0.4
0.725,0.315,11.5765,6.74846,-2.17163,121.354,1,2,0,0.4
0.725,0.325,11.9291,6.46873,-2.05266,126.195,1,2,0,0.4
0.725,0.335,12.2359,6.20135,-1.93068,130.408,1,2,0,0.4
0.725,0.345,12.4769,5.95007,-1.80417,133.729,1,2,0,0.4
0.725,0.355,12.6407,5.71576,-1.67226,136.034,1,2,0,0.4
0.725,0.365,12.7252,5.49664,-1.53462,137.35,1,2,0,0.4
0.725,0.375,12.735,5.28902,-1.39112,137.815,1,2,0,0.4
0.725,0.385,12.6782,5.08825,-1.24149,137.627,1,2,0,0.4
0.725,0.395,12.5624,4.88952,-1.08501,136.983,1,2,0,0.4
0.725,0.405,12.3924,4.68815,-0.920256,136.047,1,2,0,0.4
0.725,0.415,12.1688,4.47934,-0.744838,134.936,1,2,0,0.4
0.725,0.425,11.8888,4.25722,-0.555118,133.735,1,2,0,0.4
0.725,0.435,11.5449,4.01317,-0.34536,132.539,1,2,0,0.4
0.725,0.445,11.0875,3.7412,-0.10935,131.174,1,2,0,0.4
0.725,0.455,10.441,3.43525,0.154143,129.232,1,2,0,0.4
0.725,0.465,9.67451,3.098,0.439905,126.93,1,2,0,0.4
0.725,0.475,8.84803,2.71732,0.740402,124.602,1,2,0,0.4
0.725,0.485,8.03433,2.28904,1.04545,122.362,1,2,0,0.4
0.725,0.495,7.33124,1.82201,1.33911,120.41,1,2,0,0.4
0.725,0.505,6.80182,1.31493,1.59864,118.662,1,2,0,0.4
0.725,0.515,6.49539,0.811816,1.79881,117.622,1,2,0,0.4
0.725,0.525,6.38825,0.343107,1.93559,117.353,1,2,0,0.4
0.725,0.535,6.42603,-0.0912499,2.01681,117.768,1,2,0,0.4
0.725,0.545,6.53958,-0.541174,2.05645,118.783,1,2,0,0.4
0.725,0.555,6.65294,-1.13806,2.07334,120.489,1,2,0,0.4
0.725,0.565,6.72193,-2.12662,2.10213,123.423,1,2,0,0.4
0.725,0.575,6.89414,-3.84239,2.21803,129.122,1,2,0,0.4
0.725,0.585,7.80122,-6.43528,2.54086,140.32,1,2,0,0.4
0.725,0.595,10.7455,-9.37871,3.07198,156.895,1,2,0,0.4
0.725,0.605,17.5741,-11.8213,3.45385,167.01,1,2,0,0.4
0.725,0.615,29.7989,-13.4115,3.36849,151.835,1,2,0,0.4
0.725,0.625,46.5085,-14.2841,2.99337,109.882,1,2,0,0.4
0.725,0.635,65.9667,-14.6902,2.65036,70.0599,1,2,0,0.4
0.725,0.645,89.4664,-14.8507,2.49331,52.1357,1,2,0,0.4
0.725,0.655,119.887,-14.9124,2.47606,50.8324,1,2,0,0.4
0.725,0.665,158.581,-14.941,2.51294,57.0993,1,2,0,0.4
0.725,0.675,205.399,-14.9575,2.56274,66.7903,1,2,0,0.4
0.725,0.685,259.574,-14.9686,2.61303,78.4969,1,2,0,0.4
0.725,0.695,319.958,-14.9764,2.66065,91.6359,1,2,0,0.4
0.725,0.705,385.018,-14.9822,2.70483,105.797,1,2,0,0.4
0.725,0.715,452.898,-14.9866,2.74539,120.579,1,2,0,0.4
0.725,0.725,521.559,-14.9899,2.78234,135.578,1,2,0,0.4
0.725,0.735,588.966,-14.9924,2.81575,150.398,1,2,0,0.4
0.725,0.745,653.26,-14.9943,2.84571,164.678,1,2,0,0.4
0.725,0.755,712.898,-14.9958,2.87234,178.11,1,2,0,0.4
0.725,0.765,766.745,-14.997,2.89576,190.456,1,2,0,0.4
0.725,0.775,814.107,-14.9978,2.91609,201.548,1,2,0,0.4
0.725,0.785,854.716,-14.9985,2.93351,211.292,1,2,0,0.4
0.725,0.795,888.677,-14.9989,2.94819,219.66,1,2,0,0.4
0.725,0.805,916.391,-14.9993,2.96036,226.684,1,2,0,0.4
0.725,0.815,938.466,-14.9995,2.97024,232.446,1,2,0,0.4
0.725,0.825,955.634,-14.9997,2.9781,237.061,1,2,0,0.4
0.725,0.835,968.67,-14.9998,2.98423,240.668,1,2,0,0.4
0.725,0.845,978.336,-14.9999,2.98888,243.418,1,2,0,0.4
0.725,0.855,985.334,-14.9999,2.99234,245.462,1,2,0,0.4
0.725,0.865,990.282,-15,2.99484,246.943,1,2,0,0.4
0.725,0.875,993.699,-15,2.9966,247.988,1,2,0,0.4
0.725,0.885,996.001,-15,2.99781,248.706,1,2,0,0.4
0.725,0.895,997.517,-15,2.99863,249.187,1,2,0,0.4
0.725,0.905,998.491,-15,2.99916,249.501,1,2,0,0.4
0.725,0.915,999.103,-15,2.99949,249.701,1,2,0,0.4
0.725,0.925,999.478,-15,2.9997,249.825,1,2,0,0.4
0.725,0.935,999.703,-15,2.99983,249.899,1,2,0,0.4
0.725,0.945,999.834,-15,2.9999,249.944,1,2,0,0.4
0.725,0.955,999.91,-15,2.99995,249.969,1,2,0,0.4
0.725,0.965,999.952,-15,2.99997,249.983,1,2,0,0.4
0.725,0.975,999.975,-15,2.99999,249.991,1,2,0,0.4
0.725,0.985,999.987,-15,2.99999,249.996,1,2,0,0.4
0.725,0.995,999.993,-15,3,249.998,1,2,0,0.4
0.735,0.005,19.0436,7.50282,-6.99193,277.521,1,2,0,0.4
0.735,0.015,18.1655,7.67525,-6.88843,259.114,1,2,0,0.4
0.735,0.025,17.3024,7.85063,-6.77891,241.333,1,2,0,0.4
0.735,0.035,16.4725,8.02414,-6.66267,224.526,1,2,0,0.4
0.735,0.045,15.6915,8.1907,-6.53895,208.979,1,2,0,0.4
0.735,0.055,14.9709,8.34567,-6.40721,194.876,1,2,0,0.4
0.735,0.065,14.317,8.4853,-6.26723,182.287,1,2,0,0.4
0.735,0.075,13.7315,8.60701,-6.11919,171.192,1,2,0,0.4
0.735,0.085,13.2128,8.70927,-5.96357,161.5,1,2,0,0.4
0.735,0.095,12.7566,8.79149,-5.80111,153.087,1,2,0,0.4
0.735,0.105,12.3579,8.85375,-5.63272,145.81,1,2,0,0.4
0.735,0.115,12.0112,8.89654,-5.45938,139.533,1,2,0,0.4
0.735,0.125,11.7112,8.92055,-5.28212,134.13,1,2,0,0.4
0.735,0.135,11.4535,8.92645,-5.10195,129.496,1,2,0,0.4
0.735,0.145,11.2345,8.91483,-4.91986,125.546,1,2,0,0.4
0.735,0.155,11.0516,8.88607,-4.73682,122.217,1,2,0,0.4
0.735,0.165,10.9032,8.84032,-4.55378,119.467,1,2,0,0.4
0.735,0.175,10.7888,8.77747,-4.37164,117.272,1,2,0,0.4
0.735,0.185,10.7086,8.69716,-4.19131,115.625,1,2,0,0.4
0.735,0.195,10.6644,8.59878,-4.01332,114.545,1,2,0,0.4
0.735,0.205,10.6607,8.48185,-3.83727,114.095,1,2,0,0.4
0.735,0.215,10.6965,8.34701,-3.66498,114.247,1,2,0,0.4
0.735,0.225,10.7732,8.19376,-3.49738,115.026,1,2,0,0.4
0.735,0.235,10.8913,8.02182,-3.33536,116.436,1,2,0,0.4
0.735,0.245,11.0503,7.83186,-3.17938,118.469,1,2,0,0.4
0.735,0.255,11.2477,7.62552,-3.02942,121.087,1,2,0,0.4
0.735,0.265,11.478,7.40553,-2.88504,124.204,1,2,0,0.4
0.735,0.275,11.732,7.17559,-2.74535,127.683,1,2,0,0.4
0.735,0.285,11.997,6.94021,-2.60915,131.331,1,2,0,0.4
0.735,0.295,12.2571,6.70423,-2.47498,134.917,1,2,0,0.4
0.735,0.305,12.4956,6.47219,-2.34135,138.195,1,2,0,0.4
0.735,0.315,12.6967,6.24772,-2.20693,140.946,1,2,0,0.4
0.735,0.325,12.8478,6.03299,-2.07059,143.011,1,2,0,0.4
0.735,0.335,12.9416,5.82852,-1.93154,144.321,1,2,0,0.4
0.735,0.345,12.9758,5.6332,-1.78925,144.894,1,2,0,0.4
0.735,0.355,12.9525,5.4447,-1.64329,144.824,1,2,0,0.4
0.735,0.365,12.8761,5.25996,-1.49321,144.244,1,2,0,0.4
0.735,0.375,12.751,5.07569,-1.33835,143.299,1,2,0,0.4
0.735,0.385,12.5805,4.88863,-1.17761,142.112,1,2,0,0.4
0.735,0.395,12.3652,4.69562,-1.00929,140.783,1,2,0,0.4
0.735,0.405,12.1039,4.49328,-0.830858,139.381,1,2,0,0.4
0.735,0.415,11.793,4.27738,-0.638577,137.959,1,2,0,0.4
0.735,0.425,11.4264,4.04231,-0.427227,136.571,1,2,0,0.4
0.735,0.435,10.9676,3.78862,-0.192419,134.965,1,2,0,0.4
0.735,0.445,10.3613,3.50187,0.0677847,133.055,1,2,0,0.4
0.735,0.455,9.65039,3.1925,0.350475,130.715,1,2,0,0.4
0.735,0.465,8.89793,2.85032,0.64866,128.343,1,2,0,0.4
0.735,0.475,8.15852,2.47133,0.95433,126.071,1,2,0,0.4
0.735,0.485,7.49994,2.05664,1.25417,124.032,1,2,0,0.4
0.735,0.495,6.98751,1.61731,1.53039,122.406,1,2,0,0.4
0.735,0.505,6.64965,1.16186,1.76353,121.197,1,2,0,0.4
0.735,0.515,6.49394,0.721207,1.9372,120.695,1,2,0,0.4
0.735,0.525,6.4914,0.314941,2.05135,120.917,1,2,0,0.4
0.735,0.535,6.59678,-0.0633005,2.11517,121.767,1,2,0,0.4
0.735,0.545,6.75337,-0.465461,2.14309,123.163,1,2,0,0.4
0.735,0.555,6.89213,-1.02321,2.15332,125.241,1,2,0,0.4
0.735,0.565,6.96965,-1.98604,2.18148,128.633,1,2,0,0.4
0.735,0.575,7.1437,-3.70395,2.30715,135.071,1,2,0,0.4
0.735,0.585,8.09001,-6.34244,2.65275,147.411,1,2,0,0.4
0.735,0.595,11.1612,-9.35932,3.19356,164.269,1,2,0,0.4
0.735,0.605,18.1676,-11.8606,3.5256,171.04,1,2,0,0.4
0.735,0.615,30.337,-13.4709,3.36262,148.766,1,2,0,0.4
0.735,0.625,46.5079,-14.3306,2.94364,102.318,1,2,0,0.4
0.735,0.635,65.3977,-14.7131,2.60622,64.2288,1,2,0,0.4
0.735,0.645,88.8305,-14.8583,2.47288,49.5929,1,2,0,0.4
0.735,0.655,119.501,-14.9143,2.46979,50.0164,1,2,0,0.4
0.735,0.665,158.414,-14.9414,2.51141,56.8726,1,2,0,0.4
0.735,0.675,205.34,-14.9576,2.5624,66.732,1,2,0,0.4
0.735,0.685,259.556,-14.9686,2.61296,78.4827,1,2,0,0.4
0.735,0.695,319.953,-14.9764,2.66064,91.6326,1,2,0,0.4
0.735,0.705,385.017,-14.9822,2.70483,105.796,1,2,0,0.4
0.735,0.715,452.897,-14.9866,2.74539,120.579,1,2,0,0.4
0.735,0.725,521.559,-14.9899,2.78234,135.578,1,2,0,0.4
0.735,0.735,588.966,-14.9924,2.81575,150.398,1,2,0,0.4
0.735,0.745,653.26,-14.9943,2.84571,164.678,1,2,0,0.4
0.735,0.755,712.898,-14.9958,2.87234,178.11,1,2,0,0.4
0.735,0.765,766.745,-14.997,2.89576,190.456,1,2,0,0.4
0.735,0.775,814.107,-14.9978,2.91609,201.548,1,2,0,0.4
0.735,0.785,854.716,-14.9985,2.93351,211.292,1,2,0,0.4
0.735,0.795,888.677,-14.9989,2.94819,219.66,1,2,0,0.4
0.735,0.805,916.391,-14.9993,2.96036,226.684,1,2,0,0.4
0.735,0.815,938.466,-14.9995,2.97024,232.446,1,2,0,0.4
0.735,0.825,955.634,-14.9997,2.9781,237.061,1,2,0,0.4
0.735,0.835,968.67,-14.9998,2.98423,240.668,1,2,0,0.4
0.735,0.845,978.336,-14.9999,2.98888,243.418,1,2,0,0.4
0.735,0.855,985.334,-14.9999,2.99234,245.462,1,2,0,0.4
0.735,0.865,990.282,-15,2.99484,246.943,1,2,0,0.4
0.735,0.875,993.699,-15,2.9966,247.988,1,2,0,0.4
0.735,0.885,996.001,-15,2.99781,248.706,1,2,0,0.4
0.735,0.895,997.517,-15,2.99863,249.187,1,2,0,0.4
0.735,0.905,998.491,-15,2.99916,249.501,1,2,0,0.4
0.735,0.915,999.103,-15,2.99949,249.701,1,2,0,0.4
0.735,0.925,999.478,-15,2.9997,249.825,1,2,0,0.4
0.735,0.935,999.703,-15,2.99983,249.899,1,2,0,0.4
0.735,0.945,999.834,-15,2.9999,249.944,1,2,0,0.4
0.735,0.955,999.91,-15,2.99995,249.969,1,2,0,0.4
0.735,0.965,999.952,-15,2.99997,249.983,1,2,0,0.4
0.735,0.975,999.975,-15,2.99999,249.991,1,2,0,0.4
0.735,0.985,999.987,-15,2.99999,249.996,1,2,0,0.4
0.735,0.995,999.993,-15,3,249.998,1,2,0,0.4
0.745,0.005,20.5684,7.04985,-6.78492,311.459,1,2,0,0.4
0.745,0.015,19.8923,7.15891,-6.67734,296.663,1,2,0,0.4
0.745,0.025,19.2079,7.27188,-6.56461,281.919,1,2,0,0.4
0.745,0.035,18.5201,7.38787,-6.44713,267.317,1,2,0,0.4
0.745,0.045,17.8378,7.50485,-6.32489,253.035,1,2,0,0.4
0.745,0.055,17.1721,7.62008,-6.19767,239.285,1,2,0,0.4
0.745,0.065,16.5335,7.73047,-6.06522,226.268,1,2,0,0.4
0.745,0.075,15.9312,7.83294,-5.92738,214.144,1,2,0,0.4
0.745,0.085,15.3721,7.92471,-5.78414,203.02,1,2,0,0.4
0.745,0.095,14.8609,8.0034,-5.63571,192.955,1,2,0,0.4
0.745,0.105,14.3998,8.06716,-5.48244,183.959,1,2,0,0.4
0.745,0.115,13.9896,8.1146,-5.32486,176.014,1,2,0,0.4
0.745,0.125,13.6298,8.14477,-5.16363,169.077,1,2,0,0.4
0.745,0.135,13.3191,8.15705,-4.99949,163.097,1,2,0,0.4
0.745,0.145,13.0559,8.15109,-4.83324,158.016,1,2,0,0.4
0.745,0.155,12.8386,8.1267,-4.66571,153.781,1,2,0,0.4
0.745,0.165,12.6656,8.08381,-4.49772,150.342,1,2,0,0.4
0.745,0.175,12.5355,8.02243,-4.33003,147.658,1,2,0,0.4
0.745,0.185,12.4483,7.94263,-4.16279,145.713,1,2,0,0.4
0.745,0.195,12.4029,7.84515,-3.99644,144.471,1,2,0,0.4
0.745,0.205,12.3958,7.73128,-3.832,143.863,1,2,0,0.4
0.745,0.215,12.425,7.60227,-3.66999,143.846,1,2,0,0.4
0.745,0.225,12.4872,7.45939,-3.51078,144.364,1,2,0,0.4
0.745,0.235,12.5774,7.30403,-3.35471,145.333,1,2,0,0.4
0.745,0.245,12.6892,7.13816,-3.20188,146.648,1,2,0,0.4
0.745,0.255,12.8148,6.96432,-3.05206,148.185,1,2,0,0.4
0.745,0.265,12.9449,6.78533,-2.90476,149.801,1,2,0,0.4
0.745,0.275,13.0691,6.60404,-2.75934,151.342,1,2,0,0.4
0.745,0.285,13.1772,6.42306,-2.61504,152.66,1,2,0,0.4
0.745,0.295,13.2597,6.24442,-2.4711,153.629,1,2,0,0.4
0.745,0.305,13.3092,6.06939,-2.32681,154.162,1,2,0,0.4
0.745,0.315,13.3208,5.89831,-2.18153,154.22,1,2,0,0.4
0.745,0.325,13.2923,5.73063,-2.0347,153.816,1,2,0,0.4
0.745,0.335,13.2238,5.56505,-1.88581,153.003,1,2,0,0.4
0.745,0.345,13.1166,5.39977,-1.73432,151.858,1,2,0,0.4
0.745,0.355,12.9723,5.23273,-1.57954,150.471,1,2,0,0.4
0.745,0.365,12.7919,5.06179,-1.42055,148.924,1,2,0,0.4
0.745,0.375,12.5752,4.88481,-1.25604,147.285,1,2,0,0.4
0.745,0.385,12.3206,4.69953,-1.08418,145.604,1,2,0,0.4
0.745,0.395,12.0256,4.50334,-0.9024,143.92,1,2,0,0.4
0.745,0.405,11.6871,4.29284,-0.706892,142.269,1,2,0,0.4
0.745,0.415,11.2987,4.06499,-0.493143,140.66,1,2,0,0.4
0.745,0.425,10.8319,3.82277,-0.257851,138.826,1,2,0,0.4
0.745,0.435,10.2537,3.55142,0.00150454,136.853,1,2,0,0.4
0.745,0.445,9.58385,3.26025,0.283505,134.466,1,2,0,0.4
0.745,0.455,8.88927,2.94538,0.581883,132.018,1,2,0,0.4
0.745,0.465,8.21362,2.60263,0.889564,129.661,1,2,0,0.4
0.745,0.475,7.60696,2.23247,1.1955,127.524,1,2,0,0.4
0.745,0.485,7.11757,1.83993,1.48397,125.756,1,2,0,0.4
0.745,0.495,6.77843,1.43692,1.73747,124.516,1,2,0,0.4
0.745,0.505,6.59402,1.03473,1.94115,123.845,1,2,0,0.4
0.745,0.515,6.55448,0.653826,2.0863,123.889,1,2,0,0.4
0.745,0.525,6.63316,0.305087,2.17649,124.623,1,2,0,0.4
0.745,0.535,6.79277,-0.0224943,2.22182,125.935,1,2,0,0.4
0.745,0.545,6.98553,-0.382074,2.23726,127.748,1,2,0,0.4
0.745,0.555,7.14621,-0.905456,2.24054,130.241,1,2,0,0.4
0.745,0.565,7.2306,-1.84796,2.26854,134.156,1,2,0,0.4
0.745,0.575,7.40772,-3.57532,2.40581,141.436,1,2,0,0.4
0.745,0.585,8.40139,-6.26703,2.77593,154.985,1,2,0,0.4
0.745,0.595,11.6058,-9.36202,3.32026,171.656,1,2,0,0.4
0.745,0.605,18.7611,-11.9204,3.58831,173.831,1,2,0,0.4
0.745,0.615,30.781,-13.5429,3.34114,143.716,1,2,0,0.4
0.745,0.625,46.3529,-14.3807,2.88438,93.8449,1,2,0,0.4
0.745,0.635,64.7604,-14.7352,2.56186,58.6723,1,2,0,0.4
0.745,0.645,88.2364,-14.8648,2.45481,47.4314,1,2,0,0.4
0.745,0.655,119.177,-14.9158,2.46475,49.3747,1,2,0,0.4
0.745,0.665,158.285,-14.9417,2.51026,56.7043,1,2,0,0.4
0.745,0.675,205.298,-14.9577,2.56217,66.6908,1,2,0,0.4
0.745,0.685,259.544,-14.9686,2.61291,78.4731,1,2,0,0.4
0.745,0.695,319.949,-14.9765,2.66063,91.6305,1,2,0,0.4
0.745,0.705,385.016,-14.9822,2.70483,105.795,1,2,0,0.4
0.745,0.715,452.897,-14.9866,2.74539,120.579,1,2,0,0.4
0.745,0.725,521.559,-14.9899,2.78234,135.578,1,2,0,0.4
0.745,0.735,588.966,-14.9924,2.81575,150.398,1,2,0,0.4
0.745,0.745,653.26,-14.9943,2.84571,164.678,1,2,0,0.4
0.745,0.755,712.898,-14.9958,2.87234,178.11,1,2,0,0.4
0.745,0.765,766.745,-14.997,2.89576,190.456,1,2,0,0.4
0.745,0.775,814.107,-14.9978,2.91609,201.548,1,2,0,0.4
0.745,0.785,854.716,-14.9985,2.93351,211.292,1,2,0,0.4
0.745,0.795,888.677,-14.9989,2.94819,219.66,1,2,0,0.4
0.745,0.805,916.391,-14.9993,2.96036,226.684,1,2,0,0.4
0.745,0.815,938.466,-14.9995,2.97024,232.446,1,2,0,0.4
0.745,0.825,955.634,-14.9997,2.9781,237.061,1,2,0,0.4
0.745,0.835,968.67,-14.9998,2.98423,240.668,1,2,0,0.4
0.745,0.845,978.336,-14.9999,2.98888,243.418,1,2,0,0.4
0.745,0.855,985.334,-14.9999,2.99234,245.462,1,2,0,0.4
0.745,0.865,990.282,-15,2.99484,246.943,1,2,0,0.4
0.745,0.875,993.699,-15,2.9966,247.988,1,2,0,0.4
0.745,0.885,996.001,-15,2.99781,248.706,1,2,0,0.4
0.745,0.895,997.517,-15,2.99863,249.187,1,2,0,0.4
0.745,0.905,998.491,-15,2.99916,249.501,1,2,0,0.4
0.745,0.915,999.103,-15,2.99949,249.701,1,2,0,0.4
0.745,0.925,999.478,-15,2.9997,249.825,1,2,0,0.4
0.745,0.935,999.703,-15,2.99983,249.899,1,2,0,0.4
0.745,0.945,999.834,-15,2.9999,249.944,1,2,0,0.4
0.745,0.955,999.91,-15,2.99995,249.969,1,2,0,0.4
0.745,0.965,999.952,-15,2.99997,249.983,1,2,0,0.4
0.745,0.975,999.975,-15,2.99999,249.991,1,2,0,0.4
0.745,0.985,999.987,-15,2.99999,249.996,1,2,0,0.4
0.745,0.995,999.993,-15,3,249.998,1,2,0,0.4
0.755,0.005,21.3774,6.76441,-6.60517,331.601,1,2,0,0.4
0.755,0.015,20.8437,6.83569,-6.49919,319.348,1,2,0,0.4
0.755,0.025,20.3176,6.90522,-6.38672,307.476,1,2,0,0.4
0.755,0.035,19.7929,6.97412,-6.26898,295.818,1,2,0,0.4
0.755,0.045,19.2678,7.04272,-6.14685,284.311,1,2,0,0.4
0.755,0.055,18.7443,7.1105,-6.02077,272.982,1,2,0,0.4
0.755,0.065,18.2272,7.17625,-5.8909,261.92,1,2,0,0.4
0.755,0.075,17.7228,7.2384,-5.7573,251.238,1,2,0,0.4
0.755,0.085,17.2371,7.29512,-5.62001,241.051,1,2,0,0.4
0.755,0.095,16.7762,7.34456,-5.47913,231.463,1,2,0,0.4
0.755,0.105,16.345,7.38494,-5.33484,222.556,1,2,0,0.4
0.755,0.115,15.9475,7.41466,-5.18742,214.387,1,2,0,0.4
0.755,0.125,15.5864,7.43235,-5.03721,206.991,1,2,0,0.4
0.755,0.135,15.2634,7.43688,-4.88466,200.383,1,2,0,0.4
0.755,0.145,14.9795,7.42744,-4.73024,194.559,1,2,0,0.4
0.755,0.155,14.7345,7.40349,-4.57445,189.498,1,2,0,0.4
0.755,0.165,14.5276,7.36473,-4.41776,185.17,1,2,0,0.4
0.755,0.175,14.3597,7.31112,-4.25989,181.575,1,2,0,0.4
0.755,0.185,14.2258,7.24357,-4.10192,178.609,1,2,0,0.4
0.755,0.195,14.1233,7.16291,-3.94422,176.214,1,2,0,0.4
0.755,0.205,14.0488,7.07035,-3.78716,174.324,1,2,0,0.4
0.755,0.215,13.9982,6.96733,-3.63103,172.861,1,2,0,0.4
0.755,0.225,13.9663,6.85532,-3.47597,171.74,1,2,0,0.4
0.755,0.235,13.9472,6.73562,-3.32214,170.861,1,2,0,0.4
0.755,0.245,13.9344,6.60965,-3.16958,170.121,1,2,0,0.4
0.755,0.255,13.9212,6.47891,-3.01819,169.42,1,2,0,0.4
0.755,0.265,13.9014,6.34483,-2.86775,168.668,1,2,0,0.4
0.755,0.275,13.8691,6.2086,-2.71792,167.79,1,2,0,0.4
0.755,0.285,13.8195,6.07098,-2.56832,166.732,1,2,0,0.4
0.755,0.295,13.7489,5.93232,-2.41851,165.468,1,2,0,0.4
0.755,0.305,13.6549,5.79246,-2.26808,163.993,1,2,0,0.4
0.755,0.315,13.5362,5.65082,-2.11655,162.329,1,2,0,0.4
0.755,0.325,13.392,5.50647,-1.9634,160.511,1,2,0,0.4
0.755,0.335,13.2217,5.35826,-1.808,158.582,1,2,0,0.4
0.755,0.345,13.0246,5.20487,-1.64955,156.587,1,2,0,0.4
0.755,0.355,12.7993,5.0449,-1.487,154.563,1,2,0,0.4
0.755,0.365,12.544,4.8768,-1.31894,152.542,1,2,0,0.4
0.755,0.375,12.256,4.69881,-1.14347,150.548,1,2,0,0.4
0.755,0.385,11.9326,4.50872,-0.958014,148.6,1,2,0,0.4
0.755,0.395,11.5714,4.30343,-0.758722,146.731,1,2,0,0.4
0.755,0.405,11.1639,4.08279,-0.541986,144.87,1,2,0,0.4
0.755,0.415,10.6901,3.84874,-0.305131,142.816,1,2,0,0.4
0.755,0.425,10.1311,3.58829,-0.0451954,140.719,1,2,0,0.4
0.755,0.435,9.49582,3.30943,0.237357,138.273,1,2,0,0.4
0.755,0.445,8.8473,3.01311,0.537177,135.731,1,2,0,0.4
0.755,0.455,8.22453,2.69605,0.847764,133.264,1,2,0,0.4
0.755,0.465,7.66581,2.35903,1.1595,130.989,1,2,0,0.4
0.755,0.475,7.20734,2.00577,1.45861,129.05,1,2,0,0.4
0.755,0.485,6.87527,1.64349,1.72872,127.6,1,2,0,0.4
0.755,0.495,6.68007,1.28302,1.95478,126.781,1,2,0,0.4
0.755,0.505,6.61468,0.934235,2.12708,126.636,1,2,0,0.4
0.755,0.515,6.66449,0.609413,2.24307,127.22,1,2,0,0.4
0.755,0.525,6.80717,0.31293,2.3091,128.471,1,2,0,0.4
0.755,0.535,7.01125,0.0304855,2.33579,130.264,1,2,0,0.4
0.755,0.545,7.23492,-0.29187,2.3387,132.523,1,2,0,0.4
0.755,0.555,7.41418,-0.786046,2.33523,135.473,1,2,0,0.4
0.755,0.565,7.50334,-1.71445,2.36391,139.977,1,2,0,0.4
0.755,0.575,7.68495,-3.45983,2.51499,148.21,1,2,0,0.4
0.755,0.585,8.73473,-6.21365,2.9111,162.987,1,2,0,0.4
0.755,0.595,12.0744,-9.39179,3.44983,178.77,1,2,0,0.4
0.755,0.605,19.3336,-12.004,3.63772,174.863,1,2,0,0.4
0.755,0.615,31.1007,-13.628,3.3016,136.49,1,2,0,0.4
0.755,0.625,46.0433,-14.4333,2.81651,84.7357,1,2,0,0.4
0.755,0.635,64.0841,-14.7555,2.51884,53.5776,1,2,0,0.4
0.755,0.645,87.702,-14.8702,2.4394,45.6596,1,2,0,0.4
0.755,0.655,118.916,-14.917,2.46084,48.8867,1,2,0,0.4
0.755,0.665,158.189,-14.9419,2.50942,56.5835,1,2,0,0.4
0.755,0.675,205.269,-14.9577,2.562,66.6628,1,2,0,0.4
0.755,0.685,259.536,-14.9686,2.61288,78.4669,1,2,0,0.4
0.755,0.695,319.947,-14.9765,2.66063,91.6292,1,2,0,0.4
0.755,0.705,385.016,-14.9822,2.70483,105.795,1,2,0,0.4
0.755,0.715,452.897,-14.9866,2.74539,120.579,1,2,0,0.4
0.755,0.725,521.559,-14.9899,2.78234,135.578,1,2,0,0.4
0.755,0.735,588.966,-14.9924,2.81575,150.398,1,2,0,0.4
0.755,0.745,653.26,-14.9943,2.84571,164.678,1,2,0,0.4
0.755,0.755,712.898,-14.9958,2.87234,178.11,1,2,0,0.4
0.755,0.765,766.745,-14.997,2.89576,190.456,1,2,0,0.4
0.755,0.775,814.107,-14.9978,2.91609,201.548,1,2,0,0.4
0.755,0.785,854.716,-14.9985,2.93351,211.292,1,2,0,0.4
0.755,0.795,888.677,-14.9989,2.94819,219.66,1,2,0,0.4
0.755,0.805,916.391,-14.9993,2.96036,226.684,1,2,0,0.4
0.755,0.815,938.466,-14.9995,2.97024,232.446,1,2,0,0.4
0.755,0.825,955.634,-14.9997,2.9781,237.061,1,2,0,0.4
0.755,0.835,968.67,-14.9998,2.98423,240.668,1,2,0,0.4
0.755,0.845,978.336,-14.9999,2.98888,243.418,1,2,0,0.4
0.755,0.855,985.334,-14.9999,2.99234,245.462,1,2,0,0.4
0.755,0.865,990.282,-15,2.99484,246.943,1,2,0,0.4
0.755,0.875,993.699,-15,2.9966,247.988,1,2,0,0.4
0.755,0.885,996.001,-15,2.99781,248.706,1,2,0,0.4
0.755,0.895,997.517,-15,2.99863,249.187,1,2,0,0.4
0.755,0.905,998.491,-15,2.99916,249.501,1,2,0,0.4
0.755,0.915,999.103,-15,2.99949,249.701,1,2,0,0.4
0.755,0.925,999.478,-15,2.9997,249.825,1,2,0,0.4
0.755,0.935,999.703,-15,2.99983,249.899,1,2,0,0.4
0.755,0.945,999.834,-15,2.9999,249.944,1,2,0,0.4
0.755,0.955,999.91,-15,2.99995,249.969,1,2,0,0.4
0.755,0.965,999.952,-15,2.99997,249.983,1,2,0,0.4
0.755,0.975,999.975,-15,2.99999,249.991,1,2,0,0.4
0.755,0.985,999.987,-15,2.99999,249.996,1,2,0,0.4
0.755,0.995,999.993,-15,3,249.998,1,2,0,0.4
0.765,0.005,21.7637,6.56142,-6.42697,344.449,1,2,0,0.4
0.765,0.015,21.2834,6.61903,-6.32829,332.76,1,2,0,0.4
0.765,0.025,20.8303,6.66984,-6.22122,321.96,1,2,0,0.4
0.765,0.035,20.3967,6.71524,-6.10709,311.813,1,2,0,0.4
0.765,0.045,19.9743,6.75671,-5.98745,302.086,1,2,0,0.4
0.765,0.055,19.5581,6.79508,-5.86351,292.638,1,2,0,0.4
0.765,0.065,19.1468,6.83048,-5.73596,283.418,1,2,0,0.4
0.765,0.075,18.7416,6.86251,-5.6052,274.435,1,2,0,0.4
0.765,0.085,18.3452,6.89043,-5.47145,265.732,1,2,0,0.4
0.765,0.095,17.9609,6.91333,-5.3349,257.363,1,2,0,0.4
0.765,0.105,17.5919,6.93021,-5.19571,249.383,1,2,0,0.4
0.765,0.115,17.2412,6.94009,-5.05409,241.841,1,2,0,0.4
0.765,0.125,16.9113,6.94202,-4.91027,234.777,1,2,0,0.4
0.765,0.135,16.6041,6.9352,-4.7645,228.218,1,2,0,0.4
0.765,0.145,16.3209,6.91895,-4.61703,222.177,1,2,0,0.4
0.765,0.155,16.0628,6.89275,-4.46792,216.668,1,2,0,0.4
0.765,0.165,15.83,6.85648,-4.31722,211.686,1,2,0,0.4
0.765,0.175,15.6199,6.8104,-4.16556,207.175,1,2,0,0.4
0.765,0.185,15.4311,6.75476,-4.0133,203.1,1,2,0,0.4
0.765,0.195,15.2613,6.69009,-3.86065,199.418,1,2,0,0.4
0.765,0.205,15.1079,6.61721,-3.7078,196.082,1,2,0,0.4
0.765,0.215,14.9677,6.53701,-3.55493,193.035,1,2,0,0.4
0.765,0.225,14.8371,6.45038,-3.40211,190.219,1,2,0,0.4
0.765,0.235,14.7119,6.35797,-3.2494,187.572,1,2,0,0.4
0.765,0.245,14.588,6.26029,-3.09685,185.033,1,2,0,0.4
0.765,0.255,14.4616,6.15787,-2.94447,182.553,1,2,0,0.4
0.765,0.265,14.3291,6.0511,-2.79215,180.094,1,2,0,0.4
0.765,0.275,14.1876,5.94022,-2.63972,177.629,1,2,0,0.4
0.765,0.285,14.0346,5.82526,-2.4869,175.145,1,2,0,0.4
0.765,0.295,13.8681,5.70598,-2.33338,172.641,1,2,0,0.4
0.765,0.305,13.6861,5.58198,-2.17873,170.125,1,2,0,0.4
0.765,0.315,13.4872,5.45262,-2.02245,167.612,1,2,0,0.4
0.765,0.325,13.2694,5.31713,-1.86388,165.117,1,2,0,0.4
0.765,0.335,13.0309,5.17459,-1.70218,162.659,1,2,0,0.4
0.765,0.345,12.7694,5.02393,-1.53626,160.251,1,2,0,0.4
0.765,0.355,12.4822,4.8639,-1.36467,157.906,1,2,0,0.4
0.765,0.365,12.1668,4.69291,-1.18551,155.633,1,2,0,0.4
0.765,0.375,11.8207,4.50893,-0.996133,153.444,1,2,0,0.4
0.765,0.385,11.4426,4.30921,-0.792883,151.369,1,2,0,0.4
0.765,0.395,11.0199,4.09642,-0.57306,149.233,1,2,0,0.4
0.765,0.405,10.5442,3.86907,-0.334206,146.984,1,2,0,0.4
0.765,0.415,10.0017,3.61669,-0.0730576,144.743,1,2,0,0.4
0.765,0.425,9.39849,3.34665,0.210426,142.215,1,2,0,0.4
0.765,0.435,8.79009,3.06268,0.511737,139.571,1,2,0,0.4
0.765,0.445,8.21215,2.76303,0.824945,136.987,1,2,0,0.4
0.765,0.455,7.69553,2.4494,1.14159,134.558,1,2,0,0.4
0.765,0.465,7.26794,2.12542,1.4495,132.413,1,2,0,0.4
0.765,0.475,6.94961,1.79679,1.73381,130.706,1,2,0,0.4
0.765,0.485,6.75019,1.47093,1.97958,129.59,1,2,0,0.4
0.765,0.495,6.66851,1.15615,2.17544,129.19,1,2,0,0.4
0.765,0.505,6.69421,0.859068,2.31642,129.543,1,2,0,0.4
0.765,0.515,6.81315,0.585716,2.40451,130.644,1,2,0,0.4
0.765,0.525,7.00673,0.335879,2.44811,132.399,1,2,0,0.4
0.765,0.535,7.25032,0.0931725,2.45867,134.688,1,2,0,0.4
0.765,0.545,7.50087,-0.196617,2.44819,137.452,1,2,0,0.4
0.765,0.555,7.69448,-0.666793,2.43796,140.903,1,2,0,0.4
0.765,0.565,7.78549,-1.58807,2.46821,146.069,1,2,0,0.4
0.765,0.575,7.9735,-3.36141,2.63574,155.372,1,2,0,0.4
0.765,0.585,9.08812,-6.18787,3.0587,171.309,1,2,0,0.4
0.765,0.595,12.5574,-9.45457,3.57882,185.187,1,2,0,0.4
0.765,0.605,19.8573,-12.1149,3.66864,173.537,1,2,0,0.4
0.765,0.615,31.2665,-13.726,3.24193,127.017,1,2,0,0.4
0.765,0.625,45.5902,-14.4866,2.74186,75.3665,1,2,0,0.4
0.765,0.635,63.4028,-14.7737,2.47876,49.1022,1,2,0,0.4
0.765,0.645,87.2408,-14.8745,2.4268,44.2635,1,2,0,0.4
0.765,0.655,118.714,-14.9178,2.45792,48.5293,1,2,0,0.4
0.765,0.665,158.121,-14.9421,2.50884,56.5001,1,2,0,0.4
0.765,0.675,205.249,-14.9578,2.5619,66.6444,1,2,0,0.4
0.765,0.685,259.531,-14.9686,2.61286,78.4631,1,2,0,0.4
0.765,0.695,319.946,-14.9765,2.66062,91.6284,1,2,0,0.4
0.765,0.705,385.015,-14.9822,2.70483,105.795,1,2,0,0.4
0.765,0.715,452.897,-14.9866,2.74539,120.579,1,2,0,0.4
0.765,0.725,521.559,-14.9899,2.78234,135.578,1,2,0,0.4
0.765,0.735,588.966,-14.9924,2.81575,150.398,1,2,0,0.4
0.765,0.745,653.26,-14.9943,2.84571,164.678,1,2,0,0.4
0.765,0.755,712.898,-14.9958,2.87234,178.11,1,2,0,0.4
0.765,0.765,766.745,-14.997,2.89576,190.456,1,2,0,0.4
0.765,0.775,814.107,-14.9978,2.91609,201.548,1,2,0,0.4
0.765,0.785,854.716,-14.9985,2.93351,211.292,1,2,0,0.4
0.765,0.795,888.677,-14.9989,2.94819,219.66,1,2,0,0.4
0.765,0.805,916.391,-14.9993,2.96036,226.684,1,2,0,0.4
0.765,0.815,938.466,-14.9995,2.97024,232.446,1,2,0,0.4
0.765,0.825,955.634,-14.9997,2.9781,237.061,1,2,0,0.4
0.765,0.835,968.67,-14.9998,2.98423,240.668,1,2,0,0.4
0.765,0.845,978.336,-14.9999,2.98888,243.418,1,2,0,0.4
0.765,0.855,985.334,-14.9999,2.99234,245.462,1,2,0,0.4
0.765,0.865,990.282,-15,2.99484,246.943,1,2,0,0.4
0.765,0.875,993.699,-15,2.9966,247.988,1,2,0,0.4
0.765,0.885,996.001,-15,2.99781,248.706,1,2,0,0.4
0.765,0.895,997.517,-15,2.99863,249.187,1,2,0,0.4
0.765,0.905,998.491,-15,2.99916,249.501,1,2,0,0.4
0.765,0.915,999.103,-15,2.99949,249.701,1,2,0,0.4
0.765,0.925,999.478,-15,2.9997,249.825,1,2,0,0.4
0.765,0.935,999.703,-15,2.99983,249.899,1,2,0,0.4
0.765,0.945,999.834,-15,2.9999,249.944,1,2,0,0.4
0.765,0.955,999.91,-15,2.99995,249.969,1,2,0,0.4
0.765,0.965,999.952,-15,2.99997,249.983,1,2,0,0.4
0.765,0.975,999.975,-15,2.99999,249.991,1,2,0,0.4
0.765,0.985,999.987,-15,2.99999,249.996,1,2,0,0.4
0.765,0.995,999.993,-15,3,249.998,1,2,0,0.4
0.775,0.005,21.9291,6.3874,-6.23405,355.111,1,2,0,0.4
0.775,0.015,21.4576,6.44367,-6.14587,342.783,1,2,0,0.4
0.775,0.025,21.0169,6.49127,-6.04878,331.58,1,2,0,0.4
0.775,0.035,20.6106,6.52988,-5.94252,321.475,1,2,0,0.4
0.775,0.045,20.2305,6.56094,-5.8286,312.206,1,2,0,0.4
0.775,0.055,19.867,6.58616,-5.70885,303.503,1,2,0,0.4
0.775,0.065,19.5136,6.60669,-5.58469,295.177,1,2,0,0.4
0.775,0.075,19.1671,6.62303,-5.45702,287.134,1,2,0,0.4
0.775,0.085,18.8268,6.6352,-5.32638,279.339,1,2,0,0.4
0.775,0.095,18.4937,6.6429,-5.19309,271.793,1,2,0,0.4
0.775,0.105,18.1689,6.64572,-5.05739,264.512,1,2,0,0.4
0.775,0.115,17.8541,6.64315,-4.91946,257.515,1,2,0,0.4
0.775,0.125,17.5504,6.6347,-4.77949,250.822,1,2,0,0.4
0.775,0.135,17.2591,6.61988,-4.63761,244.451,1,2,0,0.4
0.775,0.145,16.9823,6.59828,-4.4936,238.435,1,2,0,0.4
0.775,0.155,16.7183,6.56986,-4.34805,232.741,1,2,0,0.4
0.775,0.165,16.4674,6.53449,-4.20114,227.366,1,2,0,0.4
0.775,0.175,16.229,6.4921,-4.05305,222.303,1,2,0,0.4
0.775,0.185,16.0023,6.44275,-3.904,217.534,1,2,0,0.4
0.775,0.195,15.786,6.38672,-3.75417,213.037,1,2,0,0.4
0.775,0.205,15.5786,6.32441,-3.60367,208.789,1,2,0,0.4
0.775,0.215,15.3782,6.25625,-3.45258,204.763,1,2,0,0.4
0.775,0.225,15.1828,6.18264,-3.30094,200.93,1,2,0,0.4
0.775,0.235,14.9898,6.10377,-3.14874,197.261,1,2,0,0.4
0.775,0.245,14.7967,6.01968,-2.996,193.724,1,2,0,0.4
0.775,0.255,14.6012,5.93035,-2.84272,190.299,1,2,0,0.4
0.775,0.265,14.401,5.83573,-2.6888,186.969,1,2,0,0.4
0.775,0.275,14.194,5.73567,-2.5341,183.723,1,2,0,0.4
0.775,0.285,13.9781,5.62993,-2.37836,180.557,1,2,0,0.4
0.775,0.295,13.7516,5.51812,-2.22121,177.472,1,2,0,0.4
0.775,0.305,13.5123,5.39977,-2.06217,174.469,1,2,0,0.4
0.775,0.315,13.2581,5.27423,-1.90061,171.554,1,2,0,0.4
0.775,0.325,12.9869,5.14074,-1.7357,168.732,1,2,0,0.4
0.775,0.335,12.6963,4.99832,-1.56636,166.006,1,2,0,0.4
0.775,0.345,12.384,4.8458,-1.39116,163.381,1,2,0,0.4
0.775,0.355,12.0475,4.68163,-1.2082,160.862,1,2,0,0.4
0.775,0.365,11.6854,4.50383,-1.01478,158.459,1,2,0,0.4
0.775,0.375,11.2952,4.31088,-0.807839,156.167,1,2,0,0.4
0.775,0.385,10.8638,4.10623,-0.585329,153.769,1,2,0,0.4
0.775,0.395,10.3926,3.88504,-0.344727,151.363,1,2,0,0.4
0.775,0.405,9.86828,3.63961,-0.082629,148.983,1,2,0,0.4
0.775,0.415,9.29797,3.37695,0.201217,146.36,1,2,0,0.4
0.775,0.425,8.72865,3.10174,0.502968,143.623,1,2,0,0.4
0.775,0.435,8.19159,2.81375,0.817322,140.925,1,2,0,0.4
0.775,0.445,7.7128,2.51592,1.13679,138.346,1,2,0,0.4
0.775,0.455,7.31427,2.21239,1.45073,135.991,1,2,0,0.4
0.775,0.465,7.0116,1.90846,1.746,133.996,1,2,0,0.4
0.775,0.475,6.81274,1.6103,2.0087,132.517,1,2,0,0.4
0.775,0.485,6.71836,1.32403,2.22672,131.709,1,2,0,0.4
0.775,0.495,6.72341,1.05489,2.39239,131.69,1,2,0,0.4
0.775,0.505,6.81843,0.805994,2.5042,132.495,1,2,0,0.4
0.775,0.515,6.99136,0.578873,2.56678,134.087,1,2,0,0.4
0.775,0.525,7.22636,0.370145,2.58966,136.345,1,2,0,0.4
0.775,0.535,7.50144,0.162239,2.58423,139.142,1,2,0,0.4
0.775,0.545,7.77462,-0.0993397,2.56243,142.423,1,2,0,0.4
0.775,0.555,7.98008,-0.550884,2.54703,146.427,1,2,0,0.4
0.775,0.565,8.07114,-1.4729,2.58128,152.345,1,2,0,0.4
0.775,0.575,8.26913,-3.28567,2.76905,162.848,1,2,0,0.4
0.775,0.585,9.45678,-6.19693,3.21859,179.735,1,2,0,0.4
0.775,0.595,13.0391,-9.55749,3.70215,190.293,1,2,0,0.4
0.775,0.605,20.2971,-12.2565,3.67501,169.205,1,2,0,0.4
0.775,0.615,31.255,-13.8357,3.16085,115.436,1,2,0,0.4
0.775,0.625,45.018,-14.5386,2.66324,66.19,1,2,0,0.4
0.775,0.635,62.7514,-14.7892,2.44313,45.3541,1,2,0,0.4
0.775,0.645,86.8605,-14.8778,2.41695,43.2102,1,2,0,0.4
0.775,0.655,118.563,-14.9184,2.45584,48.2782,1,2,0,0.4
0.775,0.665,158.074,-14.9422,2.50846,56.4448,1,2,0,0.4
0.775,0.675,205.236,-14.9578,2.56183,66.6329,1,2,0,0.4
0.775,0.685,259.527,-14.9686,2.61285,78.4608,1,2,0,0.4
0.775,0.695,319.946,-14.9765,2.66062,91.6279,1,2,0,0.4
0.775,0.705,385.015,-14.9822,2.70483,105.795,1,2,0,0.4
0.775,0.715,452.897,-14.9866,2.74539,120.579,1,2,0,0.4
0.775,0.725,521.559,-14.9899,2.78234,135.578,1,2,0,0.4
0.775,0.735,588.966,-14.9924,2.81575,150.398,1,2,0,0.4
0.775,0.745,653.26,-14.9943,2.84571,164.678,1,2,0,0.4
0.775,0.755,712.898,-14.9958,2.87234,178.11,1,2,0,0.4
0.775,0.765,766.745,-14.997,2.89576,190.456,1,2,0,0.4
0.775,0.775,814.107,-14.9978,2.91609,201.548,1,2,0,0.4
0.775,0.785,854.716,-14.9985,2.93351,211.292,1,2,0,0.4
0.775,0.795,888.677,-14.9989,2.94819,219.66,1,2,0,0.4
0.775,0.805,916.391,-14.9993,2.96036,226.684,1,2,0,0.4
0.775,0.815,938.466,-14.9995,2.97024,232.446,1,2,0,0.4
0.775,0.825,955.634,-14.9997,2.9781,237.061,1,2,0,0.4
0.775,0.835,968.67,-14.9998,2.98423,240.668,1,2,0,0.4
0.775,0.845,978.336,-14.9999,2.98888,243.418,1,2,0,0.4
0.775,0.855,985.334,-14.9999,2.99234,245.462,1,2,0,0.4
0.775,0.865,990.282,-15,2.99484,246.943,1,2,0,0.4
0.775,0.875,993.699,-15,2.9966,247.988,1,2,0,0.4
0.775,0.885,996.001,-15,2.99781,248.706,1,2,0,0.4
0.775,0.895,997.517,-15,2.99863,249.187,1,2,0,0.4
0.775,0.905,998.491,-15,2.99916,249.501,1,2,0,0.4
0.775,0.915,999.103,-15,2.99949,249.701,1,2,0,0.4
0.775,0.925,999.478,-15,2.9997,249.825,1,2,0,0.4
0.775,0.935,999.703,-15,2.99983,249.899,1,2,0,0.4
0.775,0.945,999.834,-15,2.9999,249.944,1,2,0,0.4
0.775,0.955,999.91,-15,2.99995,249.969,1,2,0,0.4
0.775,0.965,999.952,-15,2.99997,249.983,1,2,0,0.4
0.775,0.975,999.975,-15,2.99999,249.991,1,2,0,0.4
0.775,0.985,999.987,-15,2.99999,249.996,1,2,0,0.4
0.775,0.995,999.993,-15,3,249.998,1,2,0,0.4
0.785,0.005,21.9177,6.22351,-6.01914,365.509,1,2,0,0.4
0.785,0.015,21.4671,6.27937,-5.94028,352.515,1,2,0,0.4
0.785,0.025,21.0219,6.32981,-5.8554,340.244,1,2,0,0.4
0.785,0.035,20.6082,6.37074,-5.76097,329.198,1,2,0,0.4
0.785,0.045,20.2311,6.40148,-5.65667,319.374,1,2,0,0.4
0.785,0.055,19.8833,6.4234,-5.54408,310.512,1,2,0,0.4
0.785,0.065,19.5547,6.43832,-5.42517,302.315,1,2,0,0.4
0.785,0.075,19.2375,6.44767,-5.30157,294.564,1,2,0,0.4
0.785,0.085,18.9274,6.45222,-5.17434,287.13,1,2,0,0.4
0.785,0.095,18.6225,6.45225,-5.04413,279.951,1,2,0,0.4
0.785,0.105,18.3227,6.44773,-4.91132,273.003,1,2,0,0.4
0.785,0.115,18.0281,6.43847,-4.77616,266.282,1,2,0,0.4
0.785,0.125,17.7401,6.4242,-4.63865,259.802,1,2,0,0.4
0.785,0.135,17.4588,6.4048,-4.49898,253.56,1,2,0,0.4
0.785,0.145,17.1839,6.38012,-4.35747,247.547,1,2,0,0.4
0.785,0.155,16.9157,6.34994,-4.21434,241.763,1,2,0,0.4
0.785,0.165,16.6542,6.31413,-4.0697,236.21,1,2,0,0.4
0.785,0.175,16.3992,6.27262,-3.92367,230.887,1,2,0,0.4
0.785,0.185,16.1501,6.2254,-3.77641,225.785,1,2,0,0.4
0.785,0.195,15.9064,6.17257,-3.62804,220.896,1,2,0,0.4
0.785,0.205,15.667,6.11429,-3.47863,216.21,1,2,0,0.4
0.785,0.215,15.4309,6.05076,-3.32822,211.716,1,2,0,0.4
0.785,0.225,15.1967,5.98212,-3.17679,207.402,1,2,0,0.4
0.785,0.235,14.9628,5.90837,-3.02428,203.252,1,2,0,0.4
0.785,0.245,14.7275,5.82935,-2.87063,199.252,1,2,0,0.4
0.785,0.255,14.4889,5.74484,-2.71578,195.389,1,2,0,0.4
0.785,0.265,14.2452,5.65457,-2.55961,191.656,1,2,0,0.4
0.785,0.275,13.9946,5.55823,-2.40191,188.047,1,2,0,0.4
0.785,0.285,13.7354,5.45543,-2.24238,184.56,1,2,0,0.4
0.785,0.295,13.4657,5.34567,-2.08058,181.194,1,2,0,0.4
0.785,0.305,13.1835,5.22836,-1.91593,177.949,1,2,0,0.4
0.785,0.315,12.8871,5.10273,-1.74765,174.828,1,2,0,0.4
0.785,0.325,12.5743,4.96782,-1.57469,171.832,1,2,0,0.4
0.785,0.335,12.2435,4.82244,-1.3957,168.964,1,2,0,0.4
0.785,0.345,11.8929,4.66505,-1.20882,166.229,1,2,0,0.4
0.785,0.355,11.5221,4.49359,-1.01145,163.646,1,2,0,0.4
0.785,0.365,11.1243,4.30916,-0.801462,161.106,1,2,0,0.4
0.785,0.375,10.693,4.11241,-0.577063,158.498,1,2,0,0.4
0.785,0.385,10.2327,3.8977,-0.335502,155.962,1,2,0,0.4
0.785,0.395,9.73068,3.65912,-0.0735584,153.464,1,2,0,0.4
0.785,0.405,9.19668,3.40397,0.209086,150.756,1,2,0,0.4
0.785,0.415,8.6684,3.13614,0.509185,147.949,1,2,0,0.4
0.785,0.425,8.17206,2.8567,0.822104,145.162,1,2,0,0.4
0.785,0.435,7.72969,2.56969,1.14118,142.455,1,2,0,0.4
0.785,0.445,7.35938,2.27993,1.45715,139.91,1,2,0,0.4
0.785,0.455,7.07344,1.99288,1.75872,137.638,1,2,0,0.4
0.785,0.465,6.87797,1.71424,2.03379,135.776,1,2,0,0.4
0.785,0.475,6.77393,1.44936,2.27097,134.481,1,2,0,0.4
0.785,0.485,6.75886,1.20247,2.4613,133.913,1,2,0,0.4
0.785,0.495,6.82817,0.976063,2.59982,134.199,1,2,0,0.4
0.785,0.505,6.97504,0.770444,2.68683,135.386,1,2,0,0.4
0.785,0.515,7.18978,0.584099,2.72803,137.425,1,2,0,0.4
0.785,0.525,7.45829,0.411484,2.73337,140.175,1,2,0,0.4
0.785,0.535,7.75964,0.234081,2.7142,143.494,1,2,0,0.4
0.785,0.545,8.05183,-0.00354964,2.68268,147.327,1,2,0,0.4
0.785,0.555,8.26604,-0.441991,2.66364,151.951,1,2,0,0.4
0.785,0.565,8.35502,-1.3734,2.70455,158.721,1,2,0,0.4
0.785,0.575,8.56786,-3.23862,2.91663,170.554,1,2,0,0.4
0.785,0.585,9.8334,-6.24916,3.38978,187.933,1,2,0,0.4
0.785,0.595,13.4954,-9.7087,3.81274,193.258,1,2,0,0.4
0.785,0.605,20.6124,-12.4314,3.65009,161.276,1,2,0,0.4
0.785,0.615,31.0536,-13.9543,3.05853,102.157,1,2,0,0.4
0.785,0.625,44.3644,-14.5872,2.58443,57.6852,1,2,0,0.4
0.785,0.635,62.1619,-14.8016,2.41307,42.3762,1,2,0,0.4
0.785,0.645,86.5623,-14.8802,2.40963,42.4522,1,2,0,0.4
0.785,0.655,118.457,-14.9188,2.45443,48.1096,1,2,0,0.4
0.785,0.665,158.043,-14.9422,2.50821,56.4098,1,2,0,0.4
0.785,0.675,205.229,-14.9578,2.56179,66.6259,1,2,0,0.4
0.785,0.685,259.526,-14.9686,2.61285,78.4594,1,2,0,0.4
0.785,0.695,319.945,-14.9765,2.66062,91.6277,1,2,0,0.4
0.785,0.705,385.015,-14.9822,2.70483,105.795,1,2,0,0.4
0.785,0.715,452.897,-14.9866,2.74539,120.579,1,2,0,0.4
0.785,0.725,521.559,-14.9899,2.78234,135.578,1,2,0,0.4
0.785,0.735,588.966,-14.9924,2.81575,150.398,1,2,0,0.4
0.785,0.745,653.26,-14.9943,2.84571,164.678,1,2,0,0.4
0.785,0.755,712.898,-14.9958,2.87234,178.11,1,2,0,0.4
0.785,0.765,766.745,-14.997,2.89576,190.456,1,2,0,0.4
0.785,0.775,814.107,-14.9978,2.91609,201.548,1,2,0,0.4
0.785,0.785,854.716,-14.9985,2.93351,211.292,1,2,0,0.4
0.785,0.795,888.677,-14.9989,2.94819,219.66,1,2,0,0.4
0.785,0.805,916.391,-14.9993,2.96036,226.684,1,2,0,0.4
0.785,0.815,938.466,-14.9995,2.97024,232.446,1,2,0,0.4
0.785,0.825,955.634,-14.9997,2.9781,237.061,1,2,0,0.4
0.785,0.835,968.67,-14.9998,2.98423,240.668,1,2,0,0.4
0.785,0.845,978.336,-14.9999,2.98888,243.418,1,2,0,0.4
0.785,0.855,985.334,-14.9999,2.99234,245.462,1,2,0,0.4
0.785,0.865,990.282,-15,2.99484,246.943,1,2,0,0.4
0.785,0.875,993.699,-15,2.9966,247.988,1,2,0,0.4
0.785,0.885,996.001,-15,2.99781,248.706,1,2,0,0.4
0.785,0.895,997.517,-15,2.99863,249.187,1,2,0,0.4
0.785,0.905,998.491,-15,2.99916,249.501,1,2,0,0.4
0.785,0.915,999.103,-15,2.99949,249.701,1,2,0,0.4
0.785,0.925,999.478,-15,2.9997,249.825,1,2,0,0.4
0.785,0.935,999.703,-15,2.99983,249.899,1,2,0,0.4
0.785,0.945,999.834,-15,2.9999,249.944,1,2,0,0.4
0.785,0.955,999.91,-15,2.99995,249.969,1,2,0,0.4
0.785,0.965,999.952,-15,2.99997,249.983,1,2,0,0.4
0.785,0.975,999.975,-15,2.99999,249.991,1,2,0,0.4
0.785,0.985,999.987,-15,2.99999,249.996,1,2,0,0.4
0.785,0.995,999.993,-15,3,249.998,1,2,0,0.4
0.795,0.005,21.6648,6.07419,-5.78224,375.018,1,2,0,0.4
0.795,0.015,21.2915,6.12165,-5.70705,362.425,1,2,0,0.4
0.795,0.025,20.8729,6.17152,-5.63198,349.494,1,2,0,0.4
0.795,0.035,20.4541,6.21661,-5.55067,337.242,1,2,0,0.4
0.795,0.045,20.0629,6.25226,-5.45949,326.216,1,2,0,0.4
0.795,0.055,19.707,6.27719,-5.35786,316.47,1,2,0,0.4
0.795,0.065,19.3808,6.29249,-5.24725,307.771,1,2,0,0.4
0.795,0.075,19.0746,6.29997,-5.1297,299.819,1,2,0,0.4
0.795,0.085,18.7802,6.30123,-5.00697,292.371,1,2,0,0.4
0.795,0.095,18.4924,6.29726,-4.88024,285.274,1,2,0,0.4
0.795,0.105,18.2088,6.28856,-4.75018,278.45,1,2,0,0.4
0.795,0.115,17.9282,6.27534,-4.61721,271.856,1,2,0,0.4
0.795,0.125,17.6497,6.25766,-4.48187,265.457,1,2,0,0.4
0.795,0.135,17.3737,6.23537,-4.34429,259.252,1,2,0,0.4
0.795,0.145,17.1003,6.20834,-4.20464,253.241,1,2,0,0.4
0.795,0.155,16.8297,6.1764,-4.06312,247.421,1,2,0,0.4
0.795,0.165,16.5617,6.13945,-3.91984,241.793,1,2,0,0.4
0.795,0.175,16.2963,6.09742,-3.77492,236.354,1,2,0,0.4
0.795,0.185,16.0331,6.05025,-3.62844,231.103,1,2,0,0.4
0.795,0.195,15.7717,5.99794,-3.4805,226.036,1,2,0,0.4
0.795,0.205,15.5115,5.94056,-3.33114,221.15,1,2,0,0.4
0.795,0.215,15.2517,5.87816,-3.18034,216.441,1,2,0,0.4
0.795,0.225,14.9915,5.81078,-3.02804,211.901,1,2,0,0.4
0.795,0.235,14.7294,5.73832,-2.87412,207.525,1,2,0,0.4
0.795,0.245,14.4643,5.66056,-2.71846,203.303,1,2,0,0.4
0.795,0.255,14.1947,5.57719,-2.56092,199.227,1,2,0,0.4
0.795,0.265,13.919,5.48783,-2.4013,195.294,1,2,0,0.4
0.795,0.275,13.6357,5.39205,-2.23933,191.501,1,2,0,0.4
0.795,0.285,13.3435,5.28933,-2.07463,187.846,1,2,0,0.4
0.795,0.295,13.0409,5.17905,-1.90668,184.331,1,2,0,0.4
0.795,0.305,12.7264,5.06041,-1.73477,180.957,1,2,0,0.4
0.795,0.315,12.3986,4.93245,-1.55796,177.728,1,2,0,0.4
0.795,0.325,12.0565,4.79394,-1.37499,174.648,1,2,0,0.4
0.795,0.335,11.6992,4.64331,-1.18403,171.727,1,2,0,0.4
0.795,0.345,11.325,4.47967,-0.983166,168.945,1,2,0,0.4
0.795,0.355,10.9262,4.30482,-0.771024,166.155,1,2,0,0.4
0.795,0.365,10.5049,4.11558,-0.545716,163.413,1,2,0,0.4
0.795,0.375,10.0623,3.90799,-0.304388,160.779,1,2,0,0.4
0.795,0.385,9.58806,3.67699,-0.0443324,158.188,1,2,0,0.4
0.795,0.395,9.09511,3.43038,0.23474,155.423,1,2,0,0.4
0.795,0.405,8.61157,3.1701,0.530211,152.588,1,2,0,0.4
0.795,0.415,8.15821,2.89832,0.838197,149.755,1,2,0,0.4
0.795,0.425,7.75341,2.61972,1.15279,146.963,1,2,0,0.4
0.795,0.435,7.41233,2.33971,1.46595,144.273,1,2,0,0.4
0.795,0.445,7.14501,2.06401,1.76812,141.769,1,2,0,0.4
0.795,0.455,6.95609,1.79819,2.0492,139.56,1,2,0,0.4
0.795,0.465,6.84601,1.54726,2.29956,137.782,1,2,0,0.4
0.795,0.475,6.81304,1.31517,2.51087,136.593,1,2,0,0.4
0.795,0.485,6.85498,1.10438,2.67677,136.163,1,2,0,0.4
0.795,0.495,6.96967,0.915545,2.79371,136.646,1,2,0,0.4
0.795,0.505,7.15364,0.747243,2.8621,138.119,1,2,0,0.4
0.795,0.515,7.39972,0.596123,2.88732,140.542,1,2,0,0.4
0.795,0.525,7.69481,0.455073,2.87913,143.761,1,2,0,0.4
0.795,0.535,8.01763,0.304446,2.84912,147.608,1,2,0,0.4
0.795,0.545,8.3266,0.086936,2.81111,152.031,1,2,0,0.4
0.795,0.555,8.54642,-0.343869,2.78912,157.37,1,2,0,0.4
0.795,0.565,8.63093,-1.29446,2.8397,165.107,1,2,0,0.4
0.795,0.575,8.86469,-3.22723,3.08023,178.371,1,2,0,0.4
0.795,0.585,10.2053,-6.35504,3.56942,195.367,1,2,0,0.4
0.795,0.595,13.8912,-9.91764,3.90083,193.01,1,2,0,0.4
0.795,0.605,20.7613,-12.6405,3.58695,149.359,1,2,0,0.4
0.795,0.615,30.6671,-14.0773,2.93751,87.897,1,2,0,0.4
0.795,0.625,43.6784,-14.6299,2.50985,50.2834,1,2,0,0.4
0.795,0.635,61.6595,-14.8112,2.3892,40.1439,1,2,0,0.4
0.795,0.645,86.3412,-14.8819,2.40449,41.9346,1,2,0,0.4
0.795,0.655,118.386,-14.9191,2.45351,48.0021,1,2,0,0.4
0.795,0.665,158.024,-14.9423,2.50806,56.3889,1,2,0,0.4
0.795,0.675,205.224,-14.9578,2.56177,66.622,1,2,0,0.4
0.795,0.685,259.525,-14.9686,2.61284,78.4587,1,2,0,0.4
0.795,0.695,319.945,-14.9765,2.66062,91.6276,1,2,0,0.4
0.795,0.705,385.015,-14.9822,2.70483,105.795,1,2,0,0.4
0.795,0.715,452.897,-14.9866,2.74539,120.579,1,2,0,0.4
0.795,0.725,521.559,-14.9899,2.78234,135.578,1,2,0,0.4
0.795,0.735,588.966,-14.9924,2.81575,150.398,1,2,0,0.4
0.795,0.745,653.26,-14.9943,2.84571,164.678,1,2,0,0.4
0.795,0.755,712.898,-14.9958,2.87234,178.11,1,2,0,0.4
0.795,0.765,766.745,-14.997,2.89576,190.456,1,2,0,0.4
0.795,0.775,814.107,-14.9978,2.91609,201.548,1,2,0,0.4
0.795,0.785,854.716,-14.9985,2.93351,211.292,1,2,0,0.4
0.795,0.795,888.677,-14.9989,2.94819,219.66,1,2,0,0.4
0.795,0.805,916.391,-14.9993,2.96036,226.684,1,2,0,0.4
0.795,0.815,938.466,-14.9995,2.97024,232.446,1,2,0,0.4
0.795,0.825,955.634,-14.9997,2.9781,237.061,1,2,0,0.4
0.795,0.835,968.67,-14.9998,2.98423,240.668,1,2,0,0.4
0.795,0.845,978.336,-14.9999,2.98888,243.418,1,2,0,0.4
0.795,0.855,985.334,-14.9999,2.99234,245.462,1,2,0,0.4
0.795,0.865,990.282,-15,2.99484,246.943,1,2,0,0.4
0.795,0.875,993.699,-15,2.9966,247.988,1,2,0,0.4
0.795,0.885,996.001,-15,2.99781,248.706,1,2,0,0.4
0.795,0.895,997.517,-15,2.99863,249.187,1,2,0,0.4
0.795,0.905,998.491,-15,2.99916,249.501,1,2,0,0.4
0.795,0.915,999.103,-15,2.99949,249.701,1,2,0,0.4
0.795,0.925,999.478,-15,2.9997,249.825,1,2,0,0.4
0.795,0.935,999.703,-15,2.99983,249.899,1,2,0,0.4
0.795,0.945,999.834,-15,2.9999,249.944,1,2,0,0.4
0.795,0.955,999.91,-15,2.99995,249.969,1,2,0,0.4
0.795,0.965,999.952,-15,2.99997,249.983,1,2,0,0.4
0.795,0.975,999.975,-15,2.99999,249.991,1,2,0,0.4
0.795,0.985,999.987,-15,2.99999,249.996,1,2,0,0.4
0.795,0.995,999.993,-15,3,249.998,1,2,0,0.4
0.805,0.005,21.0888,5.95283,-5.5248,382.027,1,2,0,0.4
0.805,0.015,20.8457,5.98241,-5.44749,371.114,1,2,0,0.4
0.805,0.025,20.5145,6.02148,-5.37596,358.806,1,2,0,0.4
0.805,0.035,20.1338,6.0641,-5.30423,346.089,1,2,0,0.4
0.805,0.045,19.7447,6.10323,-5.22635,333.926,1,2,0,0.4
0.805,0.055,19.3759,6.13373,-5.13852,322.907,1,2,0,0.4
0.805,0.065,19.0377,6.15361,-5.03983,313.16,1,2,0,0.4
0.805,0.075,18.7277,6.16342,-4.93146,304.508,1,2,0,0.4
0.805,0.085,18.4376,6.1648,-4.8153,296.676,1,2,0,0.4
0.805,0.095,18.159,6.15946,-4.69328,289.404,1,2,0,0.4
0.805,0.105,17.886,6.14857,-4.56676,282.517,1,2,0,0.4
0.805,0.115,17.6153,6.13281,-4.43667,275.91,1,2,0,0.4
0.805,0.125,17.3453,6.1125,-4.30355,269.528,1,2,0,0.4
0.805,0.135,17.075,6.08771,-4.16777,263.339,1,2,0,0.4
0.805,0.145,16.8046,6.05843,-4.02955,257.333,1,2,0,0.4
0.805,0.155,16.5337,6.02456,-3.88907,251.502,1,2,0,0.4
0.805,0.165,16.2623,5.98602,-3.74648,245.841,1,2,0,0.4
0.805,0.175,15.9904,5.94271,-3.60187,240.352,1,2,0,0.4
0.805,0.185,15.7178,5.89457,-3.4553,235.031,1,2,0,0.4
0.805,0.195,15.4442,5.84154,-3.30684,229.879,1,2,0,0.4
0.805,0.205,15.1692,5.7836,-3.15648,224.895,1,2,0,0.4
0.805,0.215,14.8922,5.72076,-3.00418,220.077,1,2,0,0.4
0.805,0.225,14.6127,5.65295,-2.84982,215.422,1,2,0,0.4
0.805,0.235,14.3298,5.58003,-2.69325,210.927,1,2,0,0.4
0.805,0.245,14.0424,5.50175,-2.53427,206.586,1,2,0,0.4
0.805,0.255,13.7496,5.41775,-2.37266,202.395,1,2,0,0.4
0.805,0.265,13.4501,5.32758,-2.20816,198.353,1,2,0,0.4
0.805,0.275,13.1431,5.23069,-2.04042,194.459,1,2,0,0.4
0.805,0.285,12.8275,5.12644,-1.86899,190.715,1,2,0,0.4
0.805,0.295,12.5025,5.01404,-1.69325,187.124,1,2,0,0.4
0.805,0.305,12.1674,4.89251,-1.51238,183.692,1,2,0,0.4
0.805,0.315,11.8217,4.76062,-1.32521,180.427,1,2,0,0.4
0.805,0.325,11.465,4.6172,-1.13037,177.334,1,2,0,0.4
0.805,0.335,11.0921,4.46318,-0.926841,174.31,1,2,0,0.4
0.805,0.345,10.702,4.29749,-0.713405,171.334,1,2,0,0.4
0.805,0.355,10.2989,4.11622,-0.48817,168.501,1,2,0,0.4
0.805,0.365,9.88057,3.91664,-0.248567,165.798,1,2,0,0.4
0.805,0.375,9.44043,3.69475,0.00744955,163.139,1,2,0,0.4
0.805,0.385,8.99357,3.45817,0.280064,160.357,1,2,0,0.4
0.805,0.395,8.55885,3.20664,0.56738,157.546,1,2,0,0.4
0.805,0.405,8.15186,2.94313,0.866323,154.727,1,2,0,0.4
0.805,0.415,7.78739,2.67255,1.17182,151.912,1,2,0,0.4
0.805,0.425,7.47806,2.40064,1.47697,149.141,1,2,0,0.4
0.805,0.435,7.2323,2.13331,1.77373,146.475,1,2,0,0.4
0.805,0.445,7.05384,1.8761,2.05385,143.996,1,2,0,0.4
0.805,0.455,6.9426,1.63378,2.30964,141.809,1,2,0,0.4
0.805,0.465,6.8966,1.41003,2.53443,140.045,1,2,0,0.4
0.805,0.475,6.91398,1.20742,2.72261,138.866,1,2,0,0.4
0.805,0.485,6.99427,1.02724,2.86954,138.457,1,2,0,0.4
0.805,0.495,7.13835,0.869327,2.97187,139.005,1,2,0,0.4
0.805,0.505,7.34634,0.731721,3.02883,140.639,1,2,0,0.4
0.805,0.515,7.61387,0.610226,3.04423,143.353,1,2,0,0.4
0.805,0.525,7.92874,0.496516,3.02698,146.996,1,2,0,0.4
0.805,0.535,8.26849,0.369313,2.98908,151.373,1,2,0,0.4
0.805,0.545,8.58979,0.168271,2.94597,156.423,1,2,0,0.4
0.805,0.555,8.8121,-0.260702,2.92391,162.55,1,2,0,0.4
0.805,0.565,8.89085,-1.24184,2.98826,171.386,1,2,0,0.4
0.805,0.575,9.15245,-3.26027,3.26124,186.095,1,2,0,0.4
0.805,0.585,10.5506,-6.52834,3.75146,201.177,1,2,0,0.4
0.805,0.595,14.1795,-10.1947,3.95343,188.276,1,2,0,0.4
0.805,0.605,20.7078,-12.8821,3.4797,133.478,1,2,0,0.4
0.805,0.615,30.1234,-14.1985,2.80344,73.6508,1,2,0,0.4
0.805,0.625,43.0138,-14.6652,2.4439,44.2869,1,2,0,0.4
0.805,0.635,61.2591,-14.818,2.37147,38.5739,1,2,0,0.4
0.805,0.645,86.1875,-14.883,2.4011,41.6012,1,2,0,0.4
0.805,0.655,118.341,-14.9193,2.45296,47.9374,1,2,0,0.4
0.805,0.665,158.013,-14.9423,2.50798,56.377,1,2,0,0.4
0.805,0.675,205.222,-14.9578,2.56175,66.6199,1,2,0,0.4
0.805,0.685,259.524,-14.9686,2.61284,78.4584,1,2,0,0.4
0.805,0.695,319.945,-14.9765,2.66062,91.6275,1,2,0,0.4
0.805,0.705,385.015,-14.9822,2.70483,105.795,1,2,0,0.4
0.805,0.715,452.897,-14.9866,2.74539,120.579,1,2,0,0.4
0.805,0.725,521.559,-14.9899,2.78234,135.578,1,2,0,0.4
0.805,0.735,588.966,-14.9924,2.81575,150.398,1,2,0,0.4
0.805,0.745,653.26,-14.9943,2.84571,164.678,1,2,0,0.4
0.805,0.755,712.898,-14.9958,2.87234,178.11,1,2,0,0.4
0.805,0.765,766.745,-14.997,2.89576,190.456,1,2,0,0.4
0.805,0.775,814.107,-14.9978,2.91609,201.548,1,2,0,0.4
0.805,0.785,854.716,-14.9985,2.93351,211.292,1,2,0,0.4
0.805,0.795,888.677,-14.9989,2.94819,219.66,1,2,0,0.4
0.805,0.805,916.391,-14.9993,2.96036,226.684,1,2,0,0.4
0.805,0.815,938.466,-14.9995,2.97024,232.446,1,2,0,0.4
0.805,0.825,955.634,-14.9997,2.9781,237.061,1,2,0,0.4
0.805,0.835,968.67,-14.9998,2.98423,240.668,1,2,0,0.4
0.805,0.845,978.336,-14.9999,2.98888,243.418,1,2,0,0.4
0.805,0.855,985.334,-14.9999,2.99234,245.462,1,2,0,0.4
0.805,0.865,990.282,-15,2.99484,246.943,1,2,0,0.4
0.805,0.875,993.699,-15,2.9966,247.988,1,2,0,0.4
0.805,0.885,996.001,-15,2.99781,248.706,1,2,0,0.4
0.805,0.895,997.517,-15,2.99863,249.187,1,2,0,0.4
0.805,0.905,998.491,-15,2.99916,249.501,1,2,0,0.4
0.805,0.915,999.103,-15,2.99949,249.701,1,2,0,0.4
0.805,0.925,999.478,-15,2.9997,249.825,1,2,0,0.4
0.805,0.935,999.703,-15,2.99983,249.899,1,2,0,0.4
0.805,0.945,999.834,-15,2.9999,249.944,1,2,0,0.4
0.805,0.955,999.91,-15,2.99995,249.969,1,2,0,0.4
0.805,0.965,999.952,-15,2.99997,249.983,1,2,0,0.4
0.805,0.975,999.975,-15,2.99999,249.991,1,2,0,0.4
0.805,0.985,999.987,-15,2.99999,249.996,1,2,0,0.4
0.805,0.995,999.993,-15,3,249.998,1,2,0,0.4
0.815,0.005,20.1845,5.86618,-5.24325,385.864,1,2,0,0.4
0.815,0.015,20.0749,5.87527,-5.16264,376.994,1,2,0,0.4
0.815,0.025,19.8702,5.89506,-5.08935,366.427,1,2,0,0.4
0.815,0.035,19.5833,5.92438,-5.02065,354.57,1,2,0,0.4
0.815,0.045,19.2444,5.95826,-4.95141,342.244,1,2,0,0.4
0.815,0.055,18.8891,5.99021,-4.87619,330.316,1,2,0,0.4
0.815,0.065,18.5446,6.01488,-4.79119,319.384,1,2,0,0.4
0.815,0.075,18.2237,6.02967,-4.69518,309.646,1,2,0,0.4
0.815,0.085,17.9268,6.03448,-4.58896,300.998,1,2,0,0.4
0.815,0.095,17.6476,6.03054,-4.47437,293.197,1,2,0,0.4
0.815,0.105,17.3791,6.01938,-4.35321,286.007,1,2,0,0.4
0.815,0.115,17.1153,6.00223,-4.22692,279.244,1,2,0,0.4
0.815,0.125,16.8528,5.97992,-4.09648,272.793,1,2,0,0.4
0.815,0.135,16.5892,5.95288,-3.96254,266.579,1,2,0,0.4
0.815,0.145,16.3234,5.92133,-3.82552,260.564,1,2,0,0.4
0.815,0.155,16.0549,5.88531,-3.68568,254.726,1,2,0,0.4
0.815,0.165,15.7835,5.84476,-3.5432,249.054,1,2,0,0.4
0.815,0.175,15.509,5.79964,-3.3982,243.543,1,2,0,0.4
0.815,0.185,15.2313,5.74986,-3.25072,238.191,1,2,0,0.4
0.815,0.195,14.9504,5.69533,-3.1008,232.999,1,2,0,0.4
0.815,0.205,14.666,5.63598,-2.94841,227.965,1,2,0,0.4
0.815,0.215,14.3778,5.57175,-2.79347,223.089,1,2,0,0.4
0.815,0.225,14.0856,5.50253,-2.63583,218.372,1,2,0,0.4
0.815,0.235,13.7888,5.42812,-2.4753,213.812,1,2,0,0.4
0.815,0.245,13.4869,5.34825,-2.31163,209.406,1,2,0,0.4
0.815,0.255,13.1794,5.26251,-2.14454,205.153,1,2,0,0.4
0.815,0.265,12.8656,5.17038,-1.9737,201.055,1,2,0,0.4
0.815,0.275,12.5452,5.07123,-1.79872,197.113,1,2,0,0.4
0.815,0.285,12.2177,4.96429,-1.61907,193.334,1,2,0,0.4
0.815,0.295,11.8833,4.84862,-1.43403,189.725,1,2,0,0.4
0.815,0.305,11.5416,4.72334,-1.24281,186.291,1,2,0,0.4
0.815,0.315,11.1895,4.58886,-1.04483,182.964,1,2,0,0.4
0.815,0.325,10.8261,4.4445,-0.839421,179.721,1,2,0,0.4
0.815,0.335,10.455,4.28717,-0.625457,176.644,1,2,0,0.4
0.815,0.345,10.0767,4.11472,-0.401334,173.742,1,2,0,0.4
0.815,0.355,9.68844,3.92391,-0.165119,170.995,1,2,0,0.4
0.815,0.365,9.28952,3.71382,0.0844919,168.287,1,2,0,0.4
0.815,0.375,8.89294,3.4887,0.347567,165.542,1,2,0,0.4
0.815,0.385,8.51061,3.24777,0.623004,162.811,1,2,0,0.4
0.815,0.395,8.15341,2.99413,0.908532,160.071,1,2,0,0.4
0.815,0.405,7.83266,2.73254,1.20008,157.31,1,2,0,0.4
0.815,0.415,7.55844,2.46878,1.49198,154.539,1,2,0,0.4
0.815,0.425,7.33786,2.20885,1.77762,151.796,1,2,0,0.4
0.815,0.435,7.17413,1.95829,2.05028,149.141,1,2,0,0.4
0.815,0.445,7.06707,1.72169,2.30394,146.654,1,2,0,0.4
0.815,0.455,7.01449,1.5025,2.53357,144.434,1,2,0,0.4
0.815,0.465,7.01406,1.30307,2.73505,142.612,1,2,0,0.4
0.815,0.475,7.06491,1.1249,2.90469,141.35,1,2,0,0.4
0.815,0.485,7.16852,0.968746,3.03876,140.848,1,2,0,0.4
0.815,0.495,7.32854,0.834534,3.13348,141.325,1,2,0,0.4
0.815,0.505,7.54854,0.720722,3.18619,142.97,1,2,0,0.4
0.815,0.515,7.82744,0.623167,3.19815,145.845,1,2,0,0.4
0.815,0.525,8.15445,0.532619,3.17666,149.825,1,2,0,0.4
0.815,0.535,8.50574,0.425571,3.13395,154.703,1,2,0,0.4
0.815,0.545,8.83407,0.237132,3.0876,160.398,1,2,0,0.4
0.815,0.555,9.05383,-0.197025,3.06881,167.365,1,2,0,0.4
0.815,0.565,9.12561,-1.22254,3.15206,177.417,1,2,0,0.4
0.815,0.575,9.41988,-3.34938,3.46003,193.359,1,2,0,0.4
0.815,0.585,10.8335,-6.7875,3.9248,204.044,1,2,0,0.4
0.815,0.595,14.3036,-10.5498,3.95419,177.767,1,2,0,0.4
0.815,0.605,20.4336,-13.1491,3.3256,114.312,1,2,0,0.4
0.815,0.615,29.475,-14.31,2.66548,60.5511,1,2,0,0.4
0.815,0.625,42.4217,-14.6922,2.39006,39.8067,1,2,0,0.4
0.815,0.635,60.9629,-14.8226,2.35928,37.5444,1,2,0,0.4
0.815,0.645,86.0879,-14.8836,2.39901,41.4,1,2,0,0.4
0.815,0.655,118.315,-14.9194,2.45264,47.901,1,2,0,0.4
0.815,0.665,158.007,-14.9423,2.50793,56.3707,1,2,0,0.4
0.815,0.675,205.22,-14.9578,2.56175,66.6189,1,2,0,0.4
0.815,0.685,259.524,-14.9686,2.61284,78.4582,1,2,0,0.4
0.815,0.695,319.945,-14.9765,2.66062,91.6275,1,2,0,0.4
0.815,0.705,385.015,-14.9822,2.70483,105.795,1,2,0,0.4
0.815,0.715,452.897,-14.9866,2.74539,120.579,1,2,0,0.4
0.815,0.725,521.559,-14.9899,2.78234,135.578,1,2,0,0.4
0.815,0.735,588.966,-14.9924,2.81575,150.398,1,2,0,0.4
0.815,0.745,653.26,-14.9943,2.84571,164.678,1,2,0,0.4
0.815,0.755,712.898,-14.9958,2.87234,178.11,1,2,0,0.4
0.815,0.765,766.745,-14.997,2.89576,190.456,1,2,0,0.4
0.815,0.775,814.107,-14.9978,2.91609,201.548,1,2,0,0.4
0.815,0.785,854.716,-14.9985,2.93351,211.292,1,2,0,0.4
0.815,0.795,888.677,-14.9989,2.94819,219.66,1,2,0,0.4
0.815,0.805,916.391,-14.9993,2.96036,226.684,1,2,0,0.4
0.815,0.815,938.466,-14.9995,2.97024,232.446,1,2,0,0.4
0.815,0.825,955.634,-14.9997,2.9781,237.061,1,2,0,0.4
0.815,0.835,968.67,-14.9998,2.98423,240.668,1,2,0,0.4
0.815,0.845,978.336,-14.9999,2.98888,243.418,1,2,0,0.4
0.815,0.855,985.334,-14.9999,2.99234,245.462,1,2,0,0.4
0.815,0.865,990.282,-15,2.99484,246.943,1,2,0,0.4
0.815,0.875,993.699,-15,2.9966,247.988,1,2,0,0.4
0.815,0.885,996.001,-15,2.99781,248.706,1,2,0,0.4
0.815,0.895,997.517,-15,2.99863,249.187,1,2,0,0.4
0.815,0.905,998.491,-15,2.99916,249.501,1,2,0,0.4
0.815,0.915,999.103,-15,2.99949,249.701,1,2,0,0.4
0.815,0.925,999.478,-15,2.9997,249.825,1,2,0,0.4
0.815,0.935,999.703,-15,2.99983,249.899,1,2,0,0.4
0.815,0.945,999.834,-15,2.9999,249.944,1,2,0,0.4
0.815,0.955,999.91,-15,2.99995,249.969,1,2,0,0.4
0.815,0.965,999.952,-15,2.99997,249.983,1,2,0,0.4
0.815,0.975,999.975,-15,2.99999,249.991,1,2,0,0.4
0.815,0.985,999.987,-15,2.99999,249.996,1,2,0,0.4
0.815,0.995,999.993,-15,3,249.998,1,2,0,0.4
0.825,0.005,19.0384,5.80971,-4.92907,387.33,1,2,0,0.4
0.825,0.015,19.0228,5.80254,-4.84812,379.914,1,2,0,0.4
0.825,0.025,18.9333,5.80247,-4.77209,371.212,1,2,0,0.4
0.825,0.035,18.7609,5.81231,-4.70184,361.045,1,2,0,0.4
0.825,0.045,18.5145,5.83132,-4.63495,349.734,1,2,0,0.4
0.825,0.055,18.2167,5.8555,-4.56713,337.929,1,2,0,0.4
0.825,0.065,17.8961,5.87913,-4.49361,326.373,1,2,0,0.4
0.825,0.075,17.577,5.897,-4.4108,315.63,1,2,0,0.4
0.825,0.085,17.273,5.90606,-4.31714,305.949,1,2,0,0.4
0.825,0.095,16.9872,5.90553,-4.21299,297.302,1,2,0,0.4
0.825,0.105,16.7164,5.89615,-4.09976,289.513,1,2,0,0.4
0.825,0.115,16.4547,5.87921,-3.97912,282.37,1,2,0,0.4
0.825,0.125,16.197,5.85591,-3.85248,275.698,1,2,0,0.4
0.825,0.135,15.9396,5.82714,-3.72094,269.368,1,2,0,0.4
0.825,0.145,15.6799,5.79344,-3.58523,263.296,1,2,0,0.4
0.825,0.155,15.4165,5.75511,-3.44583,257.432,1,2,0,0.4
0.825,0.165,15.1486,5.71223,-3.30304,251.748,1,2,0,0.4
0.825,0.175,14.876,5.66483,-3.15704,246.228,1,2,0,0.4
0.825,0.185,14.5985,5.61283,-3.00791,240.865,1,2,0,0.4
0.825,0.195,14.316,5.55615,-2.85566,235.657,1,2,0,0.4
0.825,0.205,14.0287,5.4947,-2.70027,230.603,1,2,0,0.4
0.825,0.215,13.7365,5.42834,-2.54164,225.702,1,2,0,0.4
0.825,0.225,13.4394,5.35692,-2.37959,220.957,1,2,0,0.4
0.825,0.235,13.1375,5.28022,-2.2139,216.368,1,2,0,0.4
0.825,0.245,12.8306,5.19791,-2.04431,211.934,1,2,0,0.4
0.825,0.255,12.5187,5.10955,-1.87051,207.659,1,2,0,0.4
0.825,0.265,12.2018,5.01459,-1.69212,203.546,1,2,0,0.4
0.825,0.275,11.8804,4.9123,-1.5087,199.604,1,2,0,0.4
0.825,0.285,11.5537,4.80246,-1.31991,195.815,1,2,0,0.4
0.825,0.295,11.2203,4.68502,-1.12554,192.147,1,2,0,0.4
0.825,0.305,10.8803,4.55925,-0.925283,188.597,1,2,0,0.4
0.825,0.315,10.537,4.42285,-0.718635,185.234,1,2,0,0.4
0.825,0.325,10.1913,4.27415,-0.50485,182.074,1,2,0,0.4
0.825,0.335,9.84309,4.11116,-0.282932,179.113,1,2,0,0.4
0.825,0.345,9.4902,3.93046,-0.0518336,176.322,1,2,0,0.4
0.825,0.355,9.1384,3.73466,0.18903,173.596,1,2,0,0.4
0.825,0.365,8.79497,3.52259,0.439667,170.94,1,2,0,0.4
0.825,0.375,8.46729,3.2945,0.699647,168.34,1,2,0,0.4
0.825,0.385,8.1626,3.05295,0.967478,165.748,1,2,0,0.4
0.825,0.395,7.88878,2.80219,1.24029,163.123,1,2,0,0.4
0.825,0.405,7.65331,2.54774,1.51385,160.445,1,2,0,0.4
0.825,0.415,7.46185,2.29556,1.78305,157.725,1,2,0,0.4
0.825,0.425,7.31723,2.0512,2.0426,154.998,1,2,0,0.4
0.825,0.435,7.21947,1.81922,2.28775,152.326,1,2,0,0.4
0.825,0.445,7.16661,1.60295,2.51471,149.787,1,2,0,0.4
0.825,0.455,7.15614,1.40452,2.72055,147.484,1,2,0,0.4
0.825,0.465,7.18642,1.22523,2.90284,145.543,1,2,0,0.4
0.825,0.475,7.25781,1.06594,3.05901,144.127,1,2,0,0.4
0.825,0.485,7.37328,0.927337,3.18573,143.439,1,2,0,0.4
0.825,0.495,7.53834,0.809916,3.27866,143.722,1,2,0,0.4
0.825,0.505,7.75933,0.71318,3.3333,145.222,1,2,0,0.4
0.825,0.515,8.03887,0.633782,3.34785,148.088,1,2,0,0.4
0.825,0.525,8.36866,0.56192,3.32716,152.264,1,2,0,0.4
0.825,0.535,8.72395,0.47132,3.28336,157.556,1,2,0,0.4
0.825,0.545,9.05263,0.290756,3.23678,163.869,1,2,0,0.4
0.825,0.555,9.26306,-0.157585,3.22521,171.709,1,2,0,0.4
0.825,0.565,9.32577,-1.24494,3.33327,183.037,1,2,0,0.4
0.825,0.575,9.64825,-3.51076,3.67452,199.497,1,2,0,0.4
0.825,0.585,10.9985,-7.15686,4.07113,202.072,1,2,0,0.4
0.825,0.595,14.2074,-10.9892,3.88414,160.598,1,2,0,0.4
0.825,0.605,19.9513,-13.4277,3.12831,93.3734,1,2,0,0.4
0.825,0.615,28.7944,-14.4045,2.53552,49.6242,1,2,0,0.4
0.825,0.625,41.9404,-14.711,2.35003,36.7483,1,2,0,0.4
0.825,0.635,60.7619,-14.8254,2.35158,36.9197,1,2,0,0.4
0.825,0.645,86.0286,-14.884,2.39783,41.2873,1,2,0,0.4
0.825,0.655,118.3,-14.9194,2.45248,47.882,1,2,0,0.4
0.825,0.665,158.004,-14.9423,2.50791,56.3677,1,2,0,0.4
0.825,0.675,205.22,-14.9578,2.56174,66.6184,1,2,0,0.4
0.825,0.685,259.524,-14.9686,2.61284,78.4581,1,2,0,0.4
0.825,0.695,319.945,-14.9765,2.66062,91.6275,1,2,0,0.4
0.825,0.705,385.015,-14.9822,2.70483,105.795,1,2,0,0.4
0.825,0.715,452.897,-14.9866,2.74539,120.579,1,2,0,0.4
0.825,0.725,521.559,-14.9899,2.78234,135.578,1,2,0,0.4
0.825,0.735,588.966,-14.9924,2.81575,150.398,1,2,0,0.4
0.825,0.745,653.26,-14.9943,2.84571,164.678,1,2,0,0.4
0.825,0.755,712.898,-14.9958,2.87234,178.11,1,2,0,0.4
0.825,0.765,766.745,-14.997,2.89576,190.456,1,2,0,0.4
0.825,0.775,814.107,-14.9978,2.91609,201.548,1,2,0,0.4
0.825,0.785,854.716,-14.9985,2.93351,211.292,1,2,0,0.4
0.825,0.795,888.677,-14.9989,2.94819,219.66,1,2,0,0.4
0.825,0.805,916.391,-14.9993,2.96036,226.684,1,2,0,0.4
0.825,0.815,938.466,-14.9995,2.97024,232.446,1,2,0,0.4
0.825,0.825,955.634,-14.9997,2.9781,237.061,1,2,0,0.4
0.825,0.835,968.67,-14.9998,2.98423,240.668,1,2,0,0.4
0.825,0.845,978.336,-14.9999,2.98888,243.418,1,2,0,0.4
0.825,0.855,985.334,-14.9999,2.99234,245.462,1,2,0,0.4
0.825,0.865,990.282,-15,2.99484,246.943,1,2,0,0.4
0.825,0.875,993.699,-15,2.9966,247.988,1,2,0,0.4
0.825,0.885,996.001,-15,2.99781,248.706,1,2,0,0.4
0.825,0.895,997.517,-15,2.99863,249.187,1,2,0,0.4
0.825,0.905,998.491,-15,2.99916,249.501,1,2,0,0.4
0.825,0.915,999.103,-15,2.99949,249.701,1,2,0,0.4
0.825,0.925,999.478,-15,2.9997,249.825,1,2,0,0.4
0.825,0.935,999.703,-15,2.99983,249.899,1,2,0,0.4
0.825,0.945,999.834,-15,2.9999,249.944,1,2,0,0.4
0.825,0.955,999.91,-15,2.99995,249.969,1,2,0,0.4
0.825,0.965,999.952,-15,2.99997,249.983,1,2,0,0.4
0.825,0.975,999.975,-15,2.99999,249.991,1,2,0,0.4
0.825,0.985,999.987,-15,2.99999,249.996,1,2,0,0.4
0.825,0.995,999.993,-15,3,249.998,1,2,0,0.4
0.835,0.005,17.7707,5.77484,-4.57506,387.622,1,2,0,0.4
0.835,0.015,17.8054,5.75724,-4.49637,380.935,1,2,0,0.4
0.835,0.025,17.7904,5.74227,-4.41954,373.512,1,2,0,0.4
0.835,0.035,17.7103,5.73384,-4.34719,364.943,1,2,0,0.4
0.835,0.045,17.56,5.73421,-4.27918,355.153,1,2,0,0.4
0.835,0.055,17.3453,5.74298,-4.21343,344.382,1,2,0,0.4
0.835,0.065,17.0823,5.75698,-4.14632,333.138,1,2,0,0.4
0.835,0.075,16.7931,5.7713,-4.07373,322.033,1,2,0,0.4
0.835,0.085,16.4983,5.78112,-3.99224,311.575,1,2,0,0.4
0.835,0.095,16.2111,5.78323,-3.90007,302.037,1,2,0,0.4
0.835,0.105,15.9364,5.77642,-3.7971,293.453,1,2,0,0.4
0.835,0.115,15.6731,5.76097,-3.68435,285.704,1,2,0,0.4
0.835,0.125,15.4173,5.73785,-3.56328,278.617,1,2,0,0.4
0.835,0.135,15.1645,5.70814,-3.43529,272.027,1,2,0,0.4
0.835,0.145,14.9112,5.6727,-3.30151,265.806,1,2,0,0.4
0.835,0.155,14.655,5.63212,-3.16273,259.863,1,2,0,0.4
0.835,0.165,14.3942,5.58673,-3.0195,254.141,1,2,0,0.4
0.835,0.175,14.1282,5.53667,-2.87213,248.605,1,2,0,0.4
0.835,0.185,13.8565,5.48197,-2.72081,243.238,1,2,0,0.4
0.835,0.195,13.5792,5.42256,-2.5656,238.028,1,2,0,0.4
0.835,0.205,13.2964,5.35835,-2.40647,232.973,1,2,0,0.4
0.835,0.215,13.0085,5.2892,-2.24334,228.071,1,2,0,0.4
0.835,0.225,12.7157,5.2149,-2.07604,223.324,1,2,0,0.4
0.835,0.235,12.4184,5.13521,-1.90435,218.734,1,2,0,0.4
0.835,0.245,12.1172,5.04978,-1.728,214.306,1,2,0,0.4
0.835,0.255,11.8121,4.95839,-1.54679,210.033,1,2,0,0.4
0.835,0.265,11.5025,4.86111,-1.36056,205.889,1,2,0,0.4
0.835,0.275,11.1885,4.75763,-1.16927,201.871,1,2,0,0.4
0.835,0.285,10.8716,4.64697,-0.9728,198.003,1,2,0,0.4
0.835,0.295,10.554,4.52775,-0.771061,194.328,1,2,0,0.4
0.835,0.305,10.2369,4.39884,-0.563926,190.862,1,2,0,0.4
0.835,0.315,9.92097,4.25884,-0.351216,187.614,1,2,0,0.4
0.835,0.325,9.60607,4.10523,-0.132694,184.589,1,2,0,0.4
0.835,0.335,9.29457,3.93786,0.0916923,181.734,1,2,0,0.4
0.835,0.345,8.99159,3.75654,0.321874,179.028,1,2,0,0.4
0.835,0.355,8.70205,3.55947,0.55779,176.487,1,2,0,0.4
0.835,0.365,8.42969,3.34668,0.799298,174.06,1,2,0,0.4
0.835,0.375,8.17889,3.11983,1.04569,171.678,1,2,0,0.4
0.835,0.385,7.95444,2.88234,1.2954,169.275,1,2,0,0.4
0.835,0.395,7.7611,2.63912,1.54588,166.793,1,2,0,0.4
0.835,0.405,7.60276,2.39587,1.79372,164.206,1,2,0,0.4
0.835,0.415,7.48168,2.15818,2.03513,161.524,1,2,0,0.4
0.835,0.425,7.39807,1.93073,2.26653,158.786,1,2,0,0.4
0.835,0.435,7.35049,1.71691,2.48496,156.06,1,2,0,0.4
0.835,0.445,7.33676,1.51885,2.68821,153.431,1,2,0,0.4
0.835,0.455,7.3551,1.33772,2.87458,151.004,1,2,0,0.4
0.835,0.465,7.40494,1.17413,3.04243,148.905,1,2,0,0.4
0.835,0.475,7.48762,1.02864,3.18968,147.291,1,2,0,0.4
0.835,0.485,7.60676,0.902101,3.31316,146.359,1,2,0,0.4
0.835,0.495,7.76851,0.795652,3.40825,146.358,1,2,0,0.4
0.835,0.505,7.98089,0.710009,3.46914,147.572,1,2,0,0.4
0.835,0.515,8.25002,0.643076,3.49122,150.241,1,2,0,0.4
0.835,0.525,8.57132,0.584885,3.47631,154.418,1,2,0,0.4
0.835,0.535,8.92028,0.505969,3.43579,159.963,1,2,0,0.4
0.835,0.545,9.23959,0.326831,3.39297,166.799,1,2,0,0.4
0.835,0.555,9.43104,-0.147677,3.39386,175.487,1,2,0,0.4
0.835,0.565,9.47978,-1.31997,3.53311,187.996,1,2,0,0.4
0.835,0.575,9.80169,-3.76954,3.89662,203.234,1,2,0,0.4
0.835,0.585,10.9691,-7.66738,4.16185,192.854,1,2,0,0.4
0.835,0.595,13.8539,-11.5095,3.72523,136.93,1,2,0,0.4
0.835,0.605,19.315,-13.6962,2.90169,72.9222,1,2,0,0.4
0.835,0.615,28.1616,-14.4763,2.42569,41.4963,1,2,0,0.4
0.835,0.625,41.5877,-14.7228,2.3233,34.8583,1,2,0,0.4
0.835,0.635,60.6381,-14.8269,2.34716,36.5724,1,2,0,0.4
0.835,0.645,85.9963,-14.8842,2.39721,41.2294,1,2,0,0.4
0.835,0.655,118.293,-14.9194,2.4524,47.8729,1,2,0,0.4
0.835,0.665,158.003,-14.9423,2.5079,56.3663,1,2,0,0.4
0.835,0.675,205.22,-14.9578,2.56174,66.6182,1,2,0,0.4
0.835,0.685,259.524,-14.9686,2.61284,78.4581,1,2,0,0.4
0.835,0.695,319.945,-14.9765,2.66062,91.6275,1,2,0,0.4
0.835,0.705,385.015,-14.9822,2.70483,105.795,1,2,0,0.4
0.835,0.715,452.897,-14.9866,2.74539,120.579,1,2,0,0.4
0.835,0.725,521.559,-14.9899,2.78234,135.578,1,2,0,0.4
0.835,0.735,588.966,-14.9924,2.81575,150.398,1,2,0,0.4
0.835,0.745,653.26,-14.9943,2.84571,164.678,1,2,0,0.4
0.835,0.755,712.898,-14.9958,2.87234,178.11,1,2,0,0.4
0.835,0.765,766.745,-14.997,2.89576,190.456,1,2,0,0.4
0.835,0.775,814.107,-14.9978,2.91609,201.548,1,2,0,0.4
0.835,0.785,854.716,-14.9985,2.93351,211.292,1,2,0,0.4
0.835,0.795,888.677,-14.9989,2.94819,219.66,1,2,0,0.4
0.835,0.805,916.391,-14.9993,2.96036,226.684,1,2,0,0.4
0.835,0.815,938.466,-14.9995,2.97024,232.446,1,2,0,0.4
0.835,0.825,955.634,-14.9997,2.9781,237.061,1,2,0,0.4
0.835,0.835,968.67,-14.9998,2.98423,240.668,1,2,0,0.4
0.835,0.845,978.336,-14.9999,2.98888,243.418,1,2,0,0.4
0.835,0.855,985.334,-14.9999,2.99234,245.462,1,2,0,0.4
0.835,0.865,990.282,-15,2.99484,246.943,1,2,0,0.4
0.835,0.875,993.699,-15,2.9966,247.988,1,2,0,0.4
0.835,0.885,996.001,-15,2.99781,248.706,1,2,0,0.4
0.835,0.895,997.517,-15,2.99863,249.187,1,2,0,0.4
0.835,0.905,998.491,-15,2.99916,249.501,1,2,0,0.4
0.835,0.915,999.103,-15,2.99949,249.701,1,2,0,0.4
0.835,0.925,999.478,-15,2.9997,249.825,1,2,0,0.4
0.835,0.935,999.703,-15,2.99983,249.899,1,2,0,0.4
0.835,0.945,999.834,-15,2.9999,249.944,1,2,0,0.4
0.835,0.955,999.91,-15,2.99995,249.969,1,2,0,0.4
0.835,0.965,999.952,-15,2.99997,249.983,1,2,0,0.4
0.835,0.975,999.975,-15,2.99999,249.991,1,2,0,0.4
0.835,0.985,999.987,-15,2.99999,249.996,1,2,0,0.4
0.835,0.995,999.993,-15,3,249.998,1,2,0,0.4
0.845,0.005,16.4946,5.75396,-4.1798,387.613,1,2,0,0.4
0.845,0.015,16.548,5.73057,-4.10383,381.181,1,2,0,0.4
0.845,0.025,16.5682,5.70642,-4.02786,374.397,1,2,0,0.4
0.845,0.035,16.5424,5.68476,-3.95456,366.878,1,2,0,0.4
0.845,0.045,16.4617,5.66875,-3.88488,358.403,1,2,0,0.4
0.845,0.055,16.3224,5.66027,-3.81835,348.926,1,2,0,0.4
0.845,0.065,16.1282,5.65909,-3.75311,338.634,1,2,0,0.4
0.845,0.075,15.8908,5.66267,-3.686,327.925,1,2,0,0.4
0.845,0.085,15.6272,5.66685,-3.61333,317.301,1,2,0,0.4
0.845,0.095,15.3541,5.66739,-3.53187,307.206,1,2,0,0.4
0.845,0.105,15.0834,5.66122,-3.43969,297.907,1,2,0,0.4
0.845,0.115,14.8206,5.64693,-3.33639,289.472,1,2,0,0.4
0.845,0.125,14.566,5.62442,-3.22265,281.827,1,2,0,0.4
0.845,0.135,14.317,5.59438,-3.09974,274.834,1,2,0,0.4
0.845,0.145,14.0702,5.55767,-2.96898,268.346,1,2,0,0.4
0.845,0.155,13.8225,5.51508,-2.8315,262.241,1,2,0,0.4
0.845,0.165,13.5718,5.46715,-2.68814,256.43,1,2,0,0.4
0.845,0.175,13.3166,5.41422,-2.53947,250.852,1,2,0,0.4
0.845,0.185,13.0564,5.35644,-2.38583,245.469,1,2,0,0.4
0.845,0.195,12.7909,5.29384,-2.2274,240.261,1,2,0,0.4
0.845,0.205,12.5203,5.22636,-2.06423,235.217,1,2,0,0.4
0.845,0.215,12.245,5.15387,-1.8963,230.33,1,2,0,0.4
0.845,0.225,11.9651,5.0765,-1.72356,225.586,1,2,0,0.4
0.845,0.235,11.6808,4.9942,-1.54595,220.974,1,2,0,0.4
0.845,0.245,11.3927,4.90685,-1.36342,216.493,1,2,0,0.4
0.845,0.255,11.1017,4.81406,-1.17594,212.151,1,2,0,0.4
0.845,0.265,10.8099,4.715,-0.983496,207.979,1,2,0,0.4
0.845,0.275,10.5183,4.60909,-0.786185,203.99,1,2,0,0.4
0.845,0.285,10.2282,4.49562,-0.584184,200.199,1,2,0,0.4
0.845,0.295,9.94088,4.37368,-0.377766,196.62,1,2,0,0.4
0.845,0.305,9.65714,4.24164,-0.167319,193.271,1,2,0,0.4
0.845,0.315,9.37874,4.09872,0.0465026,190.135,1,2,0,0.4
0.845,0.325,9.11058,3.94532,0.262923,187.215,1,2,0,0.4
0.845,0.335,8.85614,3.77892,0.481281,184.545,1,2,0,0.4
0.845,0.345,8.61818,3.59828,0.701194,182.11,1,2,0,0.4
0.845,0.355,8.39931,3.40293,0.922405,179.866,1,2,0,0.4
0.845,0.365,8.20173,3.19345,1.14478,177.737,1,2,0,0.4
0.845,0.375,8.02761,2.97203,1.36802,175.63,1,2,0,0.4
0.845,0.385,7.87899,2.74255,1.59138,173.45,1,2,0,0.4
0.845,0.395,7.75762,2.51013,1.81343,171.125,1,2,0,0.4
0.845,0.405,7.66459,2.28026,2.03213,168.621,1,2,0,0.4
0.845,0.415,7.59998,2.05783,2.24516,165.954,1,2,0,0.4
0.845,0.425,7.5628,1.84654,2.45033,163.173,1,2,0,0.4
0.845,0.435,7.55152,1.64879,2.64582,160.358,1,2,0,0.4
0.845,0.445,7.56473,1.46588,2.83016,157.607,1,2,0,0.4
0.845,0.455,7.60183,1.29837,3.00201,155.03,1,2,0,0.4
0.845,0.465,7.66335,1.14655,3.15988,152.754,1,2,0,0.4
0.845,0.475,7.75108,1.0109,3.30171,150.926,1,2,0,0.4
0.845,0.485,7.86839,0.892384,3.42448,149.728,1,2,0,0.4
0.845,0.495,8.0209,0.792646,3.52364,149.394,1,2,0,0.4
0.845,0.505,8.21694,0.713373,3.59287,150.22,1,2,0,0.4
0.845,0.515,8.46526,0.653701,3.62568,152.518,1,2,0,0.4
0.845,0.525,8.76566,0.60368,3.62082,156.466,1,2,0,0.4
0.845,0.535,9.09501,0.5302,3.58836,162.033,1,2,0,0.4
0.845,0.545,9.39095,0.343371,3.55454,169.206,1,2,0,0.4
0.845,0.555,9.54887,-0.173908,3.57465,178.605,1,2,0,0.4
0.845,0.565,9.57039,-1.46363,3.74983,191.825,1,2,0,0.4
0.845,0.575,9.80598,-4.1704,4.10637,202.039,1,2,0,0.4
0.845,0.585,10.6598,-8.35339,4.15592,174.042,1,2,0,0.4
0.845,0.595,13.2539,-12.0872,3.46834,108.729,1,2,0,0.4
0.845,0.605,18.617,-13.9281,2.67189,55.4504,1,2,0,0.4
0.845,0.615,27.6446,-14.5244,2.3444,36.1996,1,2,0,0.4
0.845,0.625,41.3584,-14.7295,2.30751,33.8115,1,2,0,0.4
0.845,0.635,60.5701,-14.8277,2.34488,36.3976,1,2,0,0.4
0.845,0.645,85.9806,-14.8843,2.39692,41.2025,1,2,0,0.4
0.845,0.655,118.29,-14.9194,2.45236,47.8689,1,2,0,0.4
0.845,0.665,158.002,-14.9423,2.5079,56.3657,1,2,0,0.4
0.845,0.675,205.22,-14.9578,2.56174,66.6182,1,2,0,0.4
0.845,0.685,259.524,-14.9686,2.61284,78.4581,1,2,0,0.4
0.845,0.695,319.945,-14.9765,2.66062,91.6275,1,2,0,0.4
0.845,0.705,385.015,-14.9822,2.70483,105.795,1,2,0,0.4
0.845,0.715,452.897,-14.9866,2.74539,120.579,1,2,0,0.4
0.845,0.725,521.559,-14.9899,2.78234,135.578,1,2,0,0.4
0.845,0.735,588.966,-14.9924,2.81575,150.398,1,2,0,0.4
0.845,0.745,653.26,-14.9943,2.84571,164.678,1,2,0,0.4
0.845,0.755,712.898,-14.9958,2.87234,178.11,1,2,0,0.4
0.845,0.765,766.745,-14.997,2.89576,190.456,1,2,0,0.4
0.845,0.775,814.107,-14.9978,2.91609,201.548,1,2,0,0.4
0.845,0.785,854.716,-14.9985,2.93351,211.292,1,2,0,0.4
0.845,0.795,888.677,-14.9989,2.94819,219.66,1,2,0,0.4
0.845,0.805,916.391,-14.9993,2.96036,226.684,1,2,0,0.4
0.845,0.815,938.466,-14.9995,2.97024,232.446,1,2,0,0.4
0.845,0.825,955.634,-14.9997,2.9781,237.061,1,2,0,0.4
0.845,0.835,968.67,-14.9998,2.98423,240.668,1,2,0,0.4
0.845,0.845,978.336,-14.9999,2.98888,243.418,1,2,0,0.4
0.845,0.855,985.334,-14.9999,2.99234,245.462,1,2,0,0.4
0.845,0.865,990.282,-15,2.99484,246.943,1,2,0,0.4
0.845,0.875,993.699,-15,2.9966,247.988,1,2,0,0.4
0.845,0.885,996.001,-15,2.99781,248.706,1,2,0,0.4
0.845,0.895,997.517,-15,2.99863,249.187,1,2,0,0.4
0.845,0.905,998.491,-15,2.99916,249.501,1,2,0,0.4
0.845,0.915,999.103,-15,2.99949,249.701,1,2,0,0.4
0.845,0.925,999.478,-15,2.9997,249.825,1,2,0,0.4
0.845,0.935,999.703,-15,2.99983,249.899,1,2,0,0.4
0.845,0.945,999.834,-15,2.9999,249.944,1,2,0,0.4
0.845,0.955,999.91,-15,2.99995,249.969,1,2,0,0.4
0.845,0.965,999.952,-15,2.99997,249.983,1,2,0,0.4
0.845,0.975,999.975,-15,2.99999,249.991,1,2,0,0.4
0.845,0.985,999.987,-15,2.99999,249.996,1,2,0,0.4
0.845,0.995,999.993,-15,3,249.998,1,2,0,0.4
0.855,0.005,15.3021,5.74184,-3.74885,387.748,1,2,0,0.4
0.855,0.015,15.3545,5.71563,-3.6744,381.356,1,2,0,0.4
0.855,0.025,15.383,5.68638,-3.59929,374.807,1,2,0,0.4
0.855,0.035,15.3794,5.65651,-3.5255,367.829,1,2,0,0.4
0.855,0.045,15.3359,5.62885,-3.45427,360.2,1,2,0,0.4
0.855,0.055,15.2464,5.6059,-3.386,351.774,1,2,0,0.4
0.855,0.065,15.1083,5.58913,-3.32003,342.533,1,2,0,0.4
0.855,0.075,14.9243,5.57831,-3.25449,332.635,1,2,0,0.4
0.855,0.085,14.7036,5.57133,-3.1864,322.406,1,2,0,0.4
0.855,0.095,14.4593,5.5648,-3.11231,312.262,1,2,0,0.4
0.855,0.105,14.2049,5.55508,-3.02918,302.581,1,2,0,0.4
0.855,0.115,13.9503,5.53942,-2.93512,293.604,1,2,0,0.4
0.855,0.125,13.7007,5.51639,-2.82955,285.407,1,2,0,0.4
0.855,0.135,13.457,5.48572,-2.71299,277.943,1,2,0,0.4
0.855,0.145,13.2176,5.4478,-2.58654,271.1,1,2,0,0.4
0.855,0.155,12.9799,5.40331,-2.45144,264.753,1,2,0,0.4
0.855,0.165,12.7416,5.3529,-2.30877,258.791,1,2,0,0.4
0.855,0.175,12.5006,5.29713,-2.1594,253.123,1,2,0,0.4
0.855,0.185,12.2559,5.23637,-2.00395,247.686,1,2,0,0.4
0.855,0.195,12.0068,5.17084,-1.84283,242.441,1,2,0,0.4
0.855,0.205,11.7532,5.10066,-1.67631,237.358,1,2,0,0.4
0.855,0.215,11.4954,5.02587,-1.50454,232.423,1,2,0,0.4
0.855,0.225,11.2345,4.94619,-1.32763,227.642,1,2,0,0.4
0.855,0.235,10.9715,4.86138,-1.14566,223.019,1,2,0,0.4
0.855,0.245,10.7076,4.77121,-0.958734,218.56,1,2,0,0.4
0.855,0.255,10.4439,4.67538,-0.767001,214.27,1,2,0,0.4
0.855,0.265,10.1816,4.57349,-0.570723,210.161,1,2,0,0.4
0.855,0.275,9.92204,4.46498,-0.370303,206.246,1,2,0,0.4
0.855,0.285,9.66632,4.34883,-0.166363,202.541,1,2,0,0.4
0.855,0.295,9.41635,4.22479,0.0401117,199.043,1,2,0,0.4
0.855,0.305,9.17645,4.09331,0.247869,195.775,1,2,0,0.4
0.855,0.315,8.94989,3.95239,0.455572,192.788,1,2,0,0.4
0.855,0.325,8.73981,3.8008,0.661946,190.107,1,2,0,0.4
0.855,0.335,8.54885,3.63732,0.865875,187.735,1,2,0,0.4
0.855,0.345,8.37889,3.46082,1.06673,185.642,1,2,0,0.4
0.855,0.355,8.23114,3.27089,1.26448,183.765,1,2,0,0.4
0.855,0.365,8.10597,3.06832,1.45972,181.999,1,2,0,0.4
0.855,0.375,8.00306,2.85553,1.65333,180.214,1,2,0,0.4
0.855,0.385,7.92178,2.63654,1.84603,178.283,1,2,0,0.4
0.855,0.395,7.86133,2.41639,2.03789,176.117,1,2,0,0.4
0.855,0.405,7.82086,2.2001,2.22825,173.682,1,2,0,0.4
0.855,0.415,7.79936,1.99188,2.41587,171.001,1,2,0,0.4
0.855,0.425,7.79581,1.79464,2.59931,168.145,1,2,0,0.4
0.855,0.435,7.80946,1.6101,2.77709,165.213,1,2,0,0.4
0.855,0.445,7.84027,1.43909,2.94776,162.317,1,2,0,0.4
0.855,0.455,7.88896,1.28194,3.10975,159.577,1,2,0,0.4
0.855,0.465,7.95683,1.13888,3.26125,157.122,1,2,0,0.4
0.855,0.475,8.04555,1.01034,3.40004,155.087,1,2,0,0.4
0.855,0.485,8.15747,0.897333,3.52323,153.63,1,2,0,0.4
0.855,0.495,8.29671,0.801689,3.62663,152.955,1,2,0,0.4
0.855,0.505,8.47076,0.725588,3.70419,153.34,1,2,0,0.4
0.855,0.515,8.6896,0.668884,3.74875,155.131,1,2,0,0.4
0.855,0.525,8.95671,0.621307,3.75679,158.621,1,2,0,0.4
0.855,0.535,9.2505,0.545244,3.73701,163.923,1,2,0,0.4
0.855,0.545,9.50336,0.337787,3.71848,171.133,1,2,0,0.4
0.855,0.555,9.6046,-0.24624,3.76549,180.882,1,2,0,0.4
0.855,0.565,9.56317,-1.70352,3.97381,193.453,1,2,0,0.4
0.855,0.575,9.51158,-4.79847,4.26183,191.173,1,2,0,0.4
0.855,0.585,10.0195,-9.23583,4.00247,144.913,1,2,0,0.4
0.855,0.595,12.4884,-12.6675,3.12853,80.0456,1,2,0,0.4
0.855,0.605,17.9705,-14.1006,2.47248,42.797,1,2,0,0.4
0.855,0.615,27.2802,-14.5522,2.29309,33.2242,1,2,0,0.4
0.855,0.625,41.229,-14.7329,2.2994,33.2983,1,2,0,0.4
0.855,0.635,60.5373,-14.8281,2.34385,36.3194,1,2,0,0.4
0.855,0.645,85.9739,-14.8843,2.3968,41.1914,1,2,0,0.4
0.855,0.655,118.289,-14.9194,2.45235,47.8674,1,2,0,0.4
0.855,0.665,158.002,-14.9423,2.5079,56.3656,1,2,0,0.4
0.855,0.675,205.219,-14.9578,2.56174,66.6181,1,2,0,0.4
0.855,0.685,259.524,-14.9686,2.61284,78.4581,1,2,0,0.4
0.855,0.695,319.945,-14.9765,2.66062,91.6275,1,2,0,0.4
0.855,0.705,385.015,-14.9822,2.70483,105.795,1,2,0,0.4
0.855,0.715,452.897,-14.9866,2.74539,120.579,1,2,0,0.4
0.855,0.725,521.559,-14.9899,2.78234,135.578,1,2,0,0.4
0.855,0.735,588.966,-14.9924,2.81575,150.398,1,2,0,0.4
0.855,0.745,653.26,-14.9943,2.84571,164.678,1,2,0,0.4
0.855,0.755,712.898,-14.9958,2.87234,178.11,1,2,0,0.4
0.855,0.765,766.745,-14.997,2.89576,190.456,1,2,0,0.4
0.855,0.775,814.107,-14.9978,2.91609,201.548,1,2,0,0.4
0.855,0.785,854.716,-14.9985,2.93351,211.292,1,2,0,0.4
0.855,0.795,888.677,-14.9989,2.94819,219.66,1,2,0,0.4
0.855,0.805,916.391,-14.9993,2.96036,226.684,1,2,0,0.4
0.855,0.815,938.466,-14.9995,2.97024,232.446,1,2,0,0.4
0.855,0.825,955.634,-14.9997,2.9781,237.061,1,2,0,0.4
0.855,0.835,968.67,-14.9998,2.98423,240.668,1,2,0,0.4
0.855,0.845,978.336,-14.9999,2.98888,243.418,1,2,0,0.4
0.855,0.855,985.334,-14.9999,2.99234,245.462,1,2,0,0.4
0.855,0.865,990.282,-15,2.99484,246.943,1,2,0,0.4
0.855,0.875,993.699,-15,2.9966,247.988,1,2,0,0.4
0.855,0.885,996.001,-15,2.99781,248.706,1,2,0,0.4
0.855,0.895,997.517,-15,2.99863,249.187,1,2,0,0.4
0.855,0.905,998.491,-15,2.99916,249.501,1,2,0,0.4
0.855,0.915,999.103,-15,2.99949,249.701,1,2,0,0.4
0.855,0.925,999.478,-15,2.9997,249.825,1,2,0,0.4
0.855,0.935,999.703,-15,2.99983,249.899,1,2,0,0.4
0.855,0.945,999.834,-15,2.9999,249.944,1,2,0,0.4
0.855,0.955,999.91,-15,2.99995,249.969,1,2,0,0.4
0.855,0.965,999.952,-15,2.99997,249.983,1,2,0,0.4
0.855,0.975,999.975,-15,2.99999,249.991,1,2,0,0.4
0.855,0.985,999.987,-15,2.99999,249.996,1,2,0,0.4
0.855,0.995,999.993,-15,3,249.998,1,2,0,0.4
0.865,0.005,14.2588,5.73529,-3.2943,388.184,1,2,0,0.4
0.865,0.015,14.2982,5.70795,-3.21969,381.755,1,2,0,0.4
0.865,0.025,14.3197,5.67579,-3.14419,375.263,1,2,0,0.4
0.865,0.035,14.3178,5.64106,-3.06907,368.52,1,2,0,0.4
0.865,0.045,14.2868,5.60606,-2.99558,361.347,1,2,0,0.4
0.865,0.055,14.2212,5.5731,-2.92457,353.584,1,2,0,0.4
0.865,0.065,14.1166,5.54407,-2.8562,345.137,1,2,0,0.4
0.865,0.075,13.9717,5.51988,-2.78959,336.026,1,2,0,0.4
0.865,0.085,13.7899,5.50004,-2.72269,326.417,1,2,0,0.4
0.865,0.095,13.579,5.48266,-2.65245,316.605,1,2,0,0.4
0.865,0.105,13.3494,5.46501,-2.5755,306.933,1,2,0,0.4
0.865,0.115,13.1116,5.44422,-2.48898,297.707,1,2,0,0.4
0.865,0.125,12.8734,5.41805,-2.39111,289.121,1,2,0,0.4
0.865,0.135,12.6389,5.38529,-2.28138,281.237,1,2,0,0.4
0.865,0.145,12.4089,5.3456,-2.16027,274.018,1,2,0,0.4
0.865,0.155,12.1823,5.29926,-2.0288,267.368,1,2,0,0.4
0.865,0.165,11.9573,5.24678,-1.88819,261.179,1,2,0,0.4
0.865,0.175,11.7322,5.18863,-1.73953,255.357,1,2,0,0.4
0.865,0.185,11.5057,5.12521,-1.58373,249.825,1,2,0,0.4
0.865,0.195,11.2772,5.05679,-1.42148,244.529,1,2,0,0.4
0.865,0.205,11.0465,4.9835,-1.25329,239.434,1,2,0,0.4
0.865,0.215,10.814,4.90538,-1.07954,234.519,1,2,0,0.4
0.865,0.225,10.5803,4.82239,-0.900547,229.774,1,2,0,0.4
0.865,0.235,10.3465,4.73442,-0.716588,225.197,1,2,0,0.4
0.865,0.245,10.1135,4.64129,-0.527996,220.79,1,2,0,0.4
0.865,0.255,9.88254,4.54269,-0.335184,216.559,1,2,0,0.4
0.865,0.265,9.65453,4.43795,-0.138776,212.512,1,2,0,0.4
0.865,0.275,9.43146,4.3276,0.0602739,208.644,1,2,0,0.4
0.865,0.285,9.21655,4.21176,0.260716,204.985,1,2,0,0.4
0.865,0.295,9.01304,4.08937,0.461068,201.585,1,2,0,0.4
0.865,0.305,8.82401,3.95973,0.659628,198.486,1,2,0,0.4
0.865,0.315,8.65259,3.82199,0.854497,195.724,1,2,0,0.4
0.865,0.325,8.50152,3.67496,1.04388,193.327,1,2,0,0.4
0.865,0.335,8.37313,3.51739,1.2264,191.3,1,2,0,0.4
0.865,0.345,8.26861,3.3481,1.40153,189.608,1,2,0,0.4
0.865,0.355,8.18775,3.16653,1.56999,188.161,1,2,0,0.4
0.865,0.365,8.12883,2.97337,1.73367,186.815,1,2,0,0.4
0.865,0.375,8.08901,2.77099,1.89519,185.396,1,2,0,0.4
0.865,0.385,8.06507,2.56334,2.05702,183.738,1,2,0,0.4
0.865,0.395,8.05417,2.35524,2.22067,181.732,1,2,0,0.4
0.865,0.405,8.05427,2.15131,2.38646,179.348,1,2,0,0.4
0.865,0.415,8.06421,1.95517,2.55364,176.631,1,2,0,0.4
0.865,0.425,8.08374,1.76927,2.72083,173.675,1,2,0,0.4
0.865,0.435,8.11358,1.59498,2.88631,170.602,1,2,0,0.4
0.865,0.445,8.15525,1.43301,3.04812,167.547,1,2,0,0.4
0.865,0.455,8.21062,1.28371,3.20409,164.641,1,2,0,0.4
0.865,0.465,8.28126,1.14735,3.35187,162.014,1,2,0,0.4
0.865,0.475,8.36815,1.02435,3.48894,159.79,1,2,0,0.4
0.865,0.485,8.47207,0.915613,3.61254,158.098,1,2,0,0.4
0.865,0.495,8.59514,0.822807,3.71908,157.099,1,2,0,0.4
0.865,0.505,8.74319,0.748038,3.80331,157.029,1,2,0,0.4
0.865,0.515,8.92587,0.691003,3.85846,158.222,1,2,0,0.4
0.865,0.525,9.14804,0.639992,3.88022,161.044,1,2,0,0.4
0.865,0.535,9.38762,0.551073,3.87662,165.743,1,2,0,0.4
0.865,0.545,9.56929,0.304307,3.87972,172.522,1,2,0,0.4
0.865,0.555,9.57296,-0.383621,3.95913,181.744,1,2,0,0.4
0.865,0.565,9.37465,-2.09724,4.17762,190.214,1,2,0,0.4
0.865,0.575,8.80824,-5.7327,4.28479,167.19,1,2,0,0.4
0.865,0.585,9.10401,-10.2766,3.665,108.804,1,2,0,0.4
0.865,0.595,11.7029,-13.167,2.76005,56.0242,1,2,0,0.4
0.865,0.605,17.471,-14.2066,2.33063,35.2895,1,2,0,0.4
0.865,0.615,27.0646,-14.5658,2.26617,31.8027,1,2,0,0.4
0.865,0.625,41.1671,-14.7343,2.29583,33.0798,1,2,0,0.4
0.865,0.635,60.5238,-14.8282,2.34344,36.289,1,2,0,0.4
0.865,0.645,85.9714,-14.8844,2.39676,41.1874,1,2,0,0.4
0.865,0.655,118.289,-14.9194,2.45235,47.867,1,2,0,0.4
0.865,0.665,158.002,-14.9423,2.5079,56.3655,1,2,0,0.4
0.865,0.675,205.219,-14.9578,2.56174,66.6181,1,2,0,0.4
0.865,0.685,259.524,-14.9686,2.61284,78.4581,1,2,0,0.4
0.865,0.695,319.945,-14.9765,2.66062,91.6275,1,2,0,0.4
0.865,0.705,385.015,-14.9822,2.70483,105.795,1,2,0,0.4
0.865,0.715,452.897,-14.9866,2.74539,120.579,1,2,0,0.4
0.865,0.725,521.559,-14.9899,2.78234,135.578,1,2,0,0.4
0.865,0.735,588.966,-14.9924,2.81575,150.398,1,2,0,0.4
0.865,0.745,653.26,-14.9943,2.84571,164.678,1,2,0,0.4
0.865,0.755,712.898,-14.9958,2.87234,178.11,1,2,0,0.4
0.865,0.765,766.745,-14.997,2.89576,190.456,1,2,0,0.4
0.865,0.775,814.107,-14.9978,2.91609,201.548,1,2,0,0.4
0.865,0.785,854.716,-14.9985,2.93351,211.292,1,2,0,0.4
0.865,0.795,888.677,-14.9989,2.94819,219.66,1,2,0,0.4
0.865,0.805,916.391,-14.9993,2.96036,226.684,1,2,0,0.4
0.865,0.815,938.466,-14.9995,2.97024,232.446,1,2,0,0.4
0.865,0.825,955.634,-14.9997,2.9781,237.061,1,2,0,0.4
0.865,0.835,968.67,-14.9998,2.98423,240.668,1,2,0,0.4
0.865,0.845,978.336,-14.9999,2.98888,243.418,1,2,0,0.4
0.865,0.855,985.334,-14.9999,2.99234,245.462,1,2,0,0.4
0.865,0.865,990.282,-15,2.99484,246.943,1,2,0,0.4
0.865,0.875,993.699,-15,2.9966,247.988,1,2,0,0.4
0.865,0.885,996.001,-15,2.99781,248.706,1,2,0,0.4
0.865,0.895,997.517,-15,2.99863,249.187,1,2,0,0.4
0.865,0.905,998.491,-15,2.99916,249.501,1,2,0,0.4
0.865,0.915,999.103,-15,2.99949,249.701,1,2,0,0.4
0.865,0.925,999.478,-15,2.9997,249.825,1,2,0,0.4
0.865,0.935,999.703,-15,2.99983,249.899,1,2,0,0.4
0.865,0.945,999.834,-15,2.9999,249.944,1,2,0,0.4
0.865,0.955,999.91,-15,2.99995,249.969,1,2,0,0.4
0.865,0.965,999.952,-15,2.99997,249.983,1,2,0,0.4
0.865,0.975,999.975,-15,2.99999,249.991,1,2,0,0.4
0.865,0.985,999.987,-15,2.99999,249.996,1,2,0,0.4
0.865,0.995,999.993,-15,3,249.998,1,2,0,0.4
0.875,0.005,13.4035,5.73243,-2.83272,388.949,1,2,0,0.4
0.875,0.015,13.4234,5.70477,-2.75665,382.463,1,2,0,0.4
0.875,0.025,13.4299,5.67046,-2.67937,375.979,1,2,0,0.4
0.875,0.035,13.4191,5.63243,-2.60157,369.351,1,2,0,0.4
0.875,0.045,13.3868,5.59259,-2.52457,362.433,1,2,0,0.4
0.875,0.055,13.3284,5.5528,-2.44952,355.081,1,2,0,0.4
0.875,0.065,13.2395,5.51489,-2.37712,347.176,1,2,0,0.4
0.875,0.075,13.1173,5.4802,-2.30726,338.666,1,2,0,0.4
0.875,0.085,12.962,5.44915,-2.23875,329.613,1,2,0,0.4
0.875,0.095,12.7777,5.42103,-2.16923,320.205,1,2,0,0.4
0.875,0.105,12.5718,5.39403,-2.0955,310.72,1,2,0,0.4
0.875,0.115,12.3533,5.3658,-2.01428,301.462,1,2,0,0.4
0.875,0.125,12.1304,5.33406,-1.92289,292.676,1,2,0,0.4
0.875,0.135,11.9087,5.29713,-1.81981,284.507,1,2,0,0.4
0.875,0.145,11.6913,5.25412,-1.70468,276.989,1,2,0,0.4
0.875,0.155,11.4787,5.20476,-1.57809,270.081,1,2,0,0.4
0.875,0.165,11.2699,5.14928,-1.44111,263.697,1,2,0,0.4
0.875,0.175,11.0636,5.08802,-1.29496,257.744,1,2,0,0.4
0.875,0.185,10.8585,5.0214,-1.14078,252.137,1,2,0,0.4
0.875,0.195,10.6539,4.94972,-0.979549,246.809,1,2,0,0.4
0.875,0.205,10.4494,4.87317,-0.812053,241.715,1,2,0,0.4
0.875,0.215,10.2452,4.79188,-0.638934,236.822,1,2,0,0.4
0.875,0.225,10.0417,4.70586,-0.460756,232.114,1,2,0,0.4
0.875,0.235,9.83958,4.61495,-0.27805,227.582,1,2,0,0.4
0.875,0.245,9.6395,4.51878,-0.0914759,223.218,1,2,0,0.4
0.875,0.255,9.4432,4.41843,0.0981174,219.012,1,2,0,0.4
0.875,0.265,9.25276,4.31355,0.289702,214.988,1,2,0,0.4
0.875,0.275,9.07104,4.20387,0.482041,211.185,1,2,0,0.4
0.875,0.285,8.90044,4.0891,0.673631,207.633,1,2,0,0.4
0.875,0.295,8.74393,3.96904,0.862591,204.375,1,2,0,0.4
0.875,0.305,8.60447,3.84312,1.04678,201.457,1,2,0,0.4
0.875,0.315,8.48528,3.71061,1.22386,198.931,1,2,0,0.4
0.875,0.325,8.38923,3.57037,1.39168,196.837,1,2,0,0.4
0.875,0.335,8.31843,3.42101,1.54877,195.188,1,2,0,0.4
0.875,0.345,8.27346,3.26107,1.69499,193.942,1,2,0,0.4
0.875,0.355,8.25273,3.08966,1.8321,192.981,1,2,0,0.4
0.875,0.365,8.25237,2.9071,1.96363,192.114,1,2,0,0.4
0.875,0.375,8.26688,2.71554,2.09417,191.105,1,2,0,0.4
0.875,0.385,8.29055,2.51879,2.22793,189.746,1,2,0,0.4
0.875,0.395,8.31885,2.32146,2.3676,187.907,1,2,0,0.4
0.875,0.405,8.34917,2.12787,2.51396,185.565,1,2,0,0.4
0.875,0.415,8.38097,1.94133,2.66621,182.793,1,2,0,0.4
0.875,0.425,8.41547,1.76407,2.82253,179.716,1,2,0,0.4
0.875,0.435,8.45518,1.59746,2.98052,176.488,1,2,0,0.4
0.875,0.445,8.50313,1.44232,3.13739,173.264,1,2,0,0.4
0.875,0.455,8.56183,1.29915,3.29017,170.192,1,2,0,0.4
0.875,0.465,8.63252,1.16831,3.43585,167.402,1,2,0,0.4
0.875,0.475,8.71497,1.05014,3.57158,165.007,1,2,0,0.4
0.875,0.485,8.80821,0.945249,3.69469,163.105,1,2,0,0.4
0.875,0.495,8.91221,0.854796,3.80232,161.801,1,2,0,0.4
0.875,0.505,9.03067,0.780198,3.89031,161.264,1,2,0,0.4
0.875,0.515,9.17126,0.719863,3.95298,161.777,1,2,0,0.4
0.875,0.525,9.33628,0.658585,3.98675,163.704,1,2,0,0.4
0.875,0.535,9.49739,0.542569,4.00028,167.355,1,2,0,0.4
0.875,0.545,9.56354,0.227461,4.02832,172.878,1,2,0,0.4
0.875,0.555,9.38796,-0.629667,4.13328,179.42,1,2,0,0.4
0.875,0.565,8.79812,-2.77903,4.29887,175.695,1,2,0,0.4
0.875,0.575,7.68206,-7.03868,4.06721,129.901,1,2,0,0.4
0.875,0.585,8.08723,-11.3457,3.15867,73.0594,1,2,0,0.4
0.875,0.595,11.0558,-13.5095,2.44714,40.3039,1,2,0,0.4
0.875,0.605,17.1595,-14.2584,2.2519,31.7439,1,2,0,0.4
0.875,0.615,26.9615,-14.5713,2.25474,31.2351,1,2,0,0.4
0.875,0.625,41.1427,-14.7348,2.29452,33.0012,1,2,0,0.4
0.875,0.635,60.5192,-14.8283,2.34331,36.279,1,2,0,0.4
0.875,0.645,85.9706,-14.8844,2.39675,41.1862,1,2,0,0.4
0.875,0.655,118.289,-14.9194,2.45235,47.8668,1,2,0,0.4
0.875,0.665,158.002,-14.9423,2.5079,56.3655,1,2,0,0.4
0.875,0.675,205.219,-14.9578,2.56174,66.6181,1,2,0,0.4
0.875,0.685,259.524,-14.9686,2.61284,78.4581,1,2,0,0.4
0.875,0.695,319.945,-14.9765,2.66062,91.6275,1,2,0,0.4
0.875,0.705,385.015,-14.9822,2.70483,105.795,1,2,0,0.4
0.875,0.715,452.897,-14.9866,2.74539,120.579,1,2,0,0.4
0.875,0.725,521.559,-14.9899,2.78234,135.578,1,2,0,0.4
0.875,0.735,588.966,-14.9924,2.81575,150.398,1,2,0,0.4
0.875,0.745,653.26,-14.9943,2.84571,164.678,1,2,0,0.4
0.875,0.755,712.898,-14.9958,2.87234,178.11,1,2,0,0.4
0.875,0.765,766.745,-14.997,2.89576,190.456,1,2,0,0.4
0.875,0.775,814.107,-14.9978,2.91609,201.548,1,2,0,0.4
0.875,0.785,854.716,-14.9985,2.93351,211.292,1,2,0,0.4
0.875,0.795,888.677,-14.9989,2.94819,219.66,1,2,0,0.4
0.875,0.805,916.391,-14.9993,2.96036,226.684,1,2,0,0.4
0.875,0.815,938.466,-14.9995,2.97024,232.446,1,2,0,0.4
0.875,0.825,955.634,-14.9997,2.9781,237.061,1,2,0,0.4
0.875,0.835,968.67,-14.9998,2.98423,240.668,1,2,0,0.4
0.875,0.845,978.336,-14.9999,2.98888,243.418,1,2,0,0.4
0.875,0.855,985.334,-14.9999,2.99234,245.462,1,2,0,0.4
0.875,0.865,990.282,-15,2.99484,246.943,1,2,0,0.4
0.875,0.875,993.699,-15,2.9966,247.988,1,2,0,0.4
0.875,0.885,996.001,-15,2.99781,248.706,1,2,0,0.4
0.875,0.895,997.517,-15,2.99863,249.187,1,2,0,0.4
0.875,0.905,998.491,-15,2.99916,249.501,1,2,0,0.4
0.875,0.915,999.103,-15,2.99949,249.701,1,2,0,0.4
0.875,0.925,999.478,-15,2.9997,249.825,1,2,0,0.4
0.875,0.935,999.703,-15,2.99983,249.899,1,2,0,0.4
0.875,0.945,999.834,-15,2.9999,249.944,1,2,0,0.4
0.875,0.955,999.91,-15,2.99995,249.969,1,2,0,0.4
0.875,0.965,999.952,-15,2.99997,249.983,1,2,0,0.4
0.875,0.975,999.975,-15,2.99999,249.991,1,2,0,0.4
0.875,0.985,999.987,-15,2.99999,249.996,1,2,0,0.4
0.875,0.995,999.993,-15,3,249.998,1,2,0,0.4
0.885,0.005,12.7496,5.73235,-2.38158,390.034,1,2,0,0.4
0.885,0.015,12.747,5.70477,-2.30361,383.486,1,2,0,0.4
0.885,0.025,12.7356,5.66814,-2.2238,377.01,1,2,0,0.4
0.885,0.035,12.7114,5.62721,-2.14234,370.462,1,2,0,0.4
0.885,0.045,12.6709,5.58384,-2.06076,363.709,1,2,0,0.4
0.885,0.055,12.6106,5.53932,-1.98057,356.626,1,2,0,0.4
0.885,0.065,12.5265,5.49508,-1.90292,349.093,1,2,0,0.4
0.885,0.075,12.4154,5.45242,-1.8283,341.03,1,2,0,0.4
0.885,0.085,12.2764,5.41218,-1.75622,332.437,1,2,0,0.4
0.885,0.095,12.1111,5.37433,-1.68503,323.423,1,2,0,0.4
0.885,0.105,11.9245,5.33794,-1.61199,314.2,1,2,0,0.4
0.885,0.115,11.7238,5.30135,-1.53378,305.036,1,2,0,0.4
0.885,0.125,11.5166,5.26262,-1.44725,296.192,1,2,0,0.4
0.885,0.135,11.3092,5.22002,-1.35007,287.858,1,2,0,0.4
0.885,0.145,11.1057,5.17237,-1.24108,280.129,1,2,0,0.4
0.885,0.155,10.908,5.11908,-1.12024,273.014,1,2,0,0.4
0.885,0.165,10.716,5.06006,-0.988342,266.458,1,2,0,0.4
0.885,0.175,10.529,4.99545,-0.846549,260.381,1,2,0,0.4
0.885,0.185,10.3458,4.92561,-0.69615,254.698,1,2,0,0.4
0.885,0.195,10.1655,4.85081,-0.538359,249.336,1,2,0,0.4
0.885,0.205,9.98765,4.77124,-0.374234,244.238,1,2,0,0.4
0.885,0.215,9.81186,4.68692,-0.204695,239.362,1,2,0,0.4
0.885,0.225,9.63807,4.59791,-0.0306567,234.672,1,2,0,0.4
0.885,0.235,9.46733,4.50536,0.146966,230.15,1,2,0,0.4
0.885,0.245,9.30087,4.40869,0.327259,225.8,1,2,0,0.4
0.885,0.255,9.14081,4.30807,0.50922,221.644,1,2,0,0.4
0.885,0.265,8.98874,4.20345,0.691696,217.694,1,2,0,0.4
0.885,0.275,8.84695,4.09494,0.873252,213.978,1,2,0,0.4
0.885,0.285,8.71779,3.9825,1.05216,210.532,1,2,0,0.4
0.885,0.295,8.60413,3.86602,1.22633,207.405,1,2,0,0.4
0.885,0.305,8.5091,3.74516,1.39331,204.659,1,2,0,0.4
0.885,0.315,8.43605,3.61924,1.5505,202.36,1,2,0,0.4
0.885,0.325,8.38816,3.48714,1.69546,200.569,1,2,0,0.4
0.885,0.335,8.36767,3.34724,1.82665,199.312,1,2,0,0.4
0.885,0.345,8.3748,3.19772,1.94433,198.547,1,2,0,0.4
0.885,0.355,8.40672,3.03712,2.05133,198.126,1,2,0,0.4
0.885,0.365,8.45727,2.86529,2.15297,197.797,1,2,0,0.4
0.885,0.375,8.5181,2.68403,2.25585,197.253,1,2,0,0.4
0.885,0.385,8.58091,2.49699,2.36584,196.227,1,2,0,0.4
0.885,0.395,8.6397,2.30864,2.48651,194.567,1,2,0,0.4
0.885,0.405,8.69188,2.12318,2.61872,192.265,1,2,0,0.4
0.885,0.415,8.7382,1.94384,2.76119,189.426,1,2,0,0.4
0.885,0.425,8.78187,1.77292,2.91128,186.214,1,2,0,0.4
0.885,0.435,8.82727,1.612,3.06561,182.816,1,2,0,0.4
0.885,0.445,8.87843,1.46217,3.22039,179.414,1,2,0,0.4
0.885,0.455,8.93778,1.32413,3.37173,176.171,1,2,0,0.4
0.885,0.465,9.00552,1.19824,3.51592,173.219,1,2,0,0.4
0.885,0.475,9.07996,1.08462,3.64974,170.656,1,2,0,0.4
0.885,0.485,9.1584,0.983301,3.77063,168.539,1,2,0,0.4
0.885,0.495,9.2388,0.894517,3.87638,166.907,1,2,0,0.4
0.885,0.505,9.32211,0.818239,3.96393,165.832,1,2,0,0.4
0.885,0.515,9.4116,0.750016,4.02894,165.489,1,2,0,0.4
0.885,0.525,9.50059,0.667767,4.06935,166.133,1,2,0,0.4
0.885,0.535,9.54248,0.50099,4.09528,167.929,1,2,0,0.4
0.885,0.545,9.40929,0.0648991,4.13894,170.384,1,2,0,0.4
0.885,0.555,8.87931,-1.095,4.22573,169.057,1,2,0,0.4
0.885,0.565,7.44784,-4.05345,4.20757,138.999,1,2,0,0.4
0.885,0.575,6.30672,-8.68682,3.50979,85.5938,1,2,0,0.4
0.885,0.585,7.22825,-12.1977,2.61466,46.8209,1,2,0,0.4
0.885,0.595,10.6451,-13.6811,2.25603,32.7988,1,2,0,0.4
0.885,0.605,17.0111,-14.2779,2.21943,30.4384,1,2,0,0.4
0.885,0.615,26.9233,-14.5731,2.25092,31.0513,1,2,0,0.4
0.885,0.625,41.1351,-14.735,2.29414,32.9782,1,2,0,0.4
0.885,0.635,60.518,-14.8283,2.34327,36.2763,1,2,0,0.4
0.885,0.645,85.9704,-14.8844,2.39674,41.1859,1,2,0,0.4
0.885,0.655,118.289,-14.9194,2.45235,47.8668,1,2,0,0.4
0.885,0.665,158.002,-14.9423,2.5079,56.3655,1,2,0,0.4
0.885,0.675,205.219,-14.9578,2.56174,66.6181,1,2,0,0.4
0.885,0.685,259.524,-14.9686,2.61284,78.4581,1,2,0,0.4
0.885,0.695,319.945,-14.9765,2.66062,91.6275,1,2,0,0.4
0.885,0.705,385.015,-14.9822,2.70483,105.795,1,2,0,0.4
0.885,0.715,452.897,-14.9866,2.74539,120.579,1,2,0,0.4
0.885,0.725,521.559,-14.9899,2.78234,135.578,1,2,0,0.4
0.885,0.735,588.966,-14.9924,2.81575,150.398,1,2,0,0.4
0.885,0.745,653.26,-14.9943,2.84571,164.678,1,2,0,0.4
0.885,0.755,712.898,-14.9958,2.87234,178.11,1,2,0,0.4
0.885,0.765,766.745,-14.997,2.89576,190.456,1,2,0,0.4
0.885,0.775,814.107,-14.9978,2.91609,201.548,1,2,0,0.4
0.885,0.785,854.716,-14.9985,2.93351,211.292,1,2,0,0.4
0.885,0.795,888.677,-14.9989,2.94819,219.66,1,2,0,0.4
0.885,0.805,916.391,-14.9993,2.96036,226.684,1,2,0,0.4
0.885,0.815,938.466,-14.9995,2.97024,232.446,1,2,0,0.4
0.885,0.825,955.634,-14.9997,2.9781,237.061,1,2,0,0.4
0.885,0.835,968.67,-14.9998,2.98423,240.668,1,2,0,0.4
0.885,0.845,978.336,-14.9999,2.98888,243.418,1,2,0,0.4
0.885,0.855,985.334,-14.9999,2.99234,245.462,1,2,0,0.4
0.885,0.865,990.282,-15,2.99484,246.943,1,2,0,0.4
0.885,0.875,993.699,-15,2.9966,247.988,1,2,0,0.4
0.885,0.885,996.001,-15,2.99781,248.706,1,2,0,0.4
0.885,0.895,997.517,-15,2.99863,249.187,1,2,0,0.4
0.885,0.905,998.491,-15,2.99916,249.501,1,2,0,0.4
0.885,0.915,999.103,-15,2.99949,249.701,1,2,0,0.4
0.885,0.925,999.478,-15,2.9997,249.825,1,2,0,0.4
0.885,0.935,999.703,-15,2.99983,249.899,1,2,0,0.4
0.885,0.945,999.834,-15,2.9999,249.944,1,2,0,0.4
0.885,0.955,999.91,-15,2.99995,249.969,1,2,0,0.4
0.885,0.965,999.952,-15,2.99997,249.983,1,2,0,0.4
0.885,0.975,999.975,-15,2.99999,249.991,1,2,0,0.4
0.885,0.985,999.987,-15,2.99999,249.996,1,2,0,0.4
0.885,0.995,999.993,-15,3,249.998,1,2,0,0.4
0.895,0.005,12.2888,5.7349,-1.95515,391.44,1,2,0,0.4
0.895,0.015,12.2638,5.70791,-1.87579,384.825,1,2,0,0.4
0.895,0.025,12.2354,5.66819,-1.79395,378.371,1,2,0,0.4
0.895,0.035,12.1974,5.6238,-1.70897,371.908,1,2,0,0.4
0.895,0.045,12.1467,5.57722,-1.62263,365.292,1,2,0,0.4
0.895,0.055,12.0804,5.52914,-1.53696,358.406,1,2,0,0.4
0.895,0.065,11.9953,5.48038,-1.4536,351.137,1,2,0,0.4
0.895,0.075,11.8884,5.43193,-1.37357,343.396,1,2,0,0.4
0.895,0.085,11.7581,5.38461,-1.29698,335.153,1,2,0,0.4
0.895,0.095,11.6049,5.33875,-1.22281,326.468,1,2,0,0.4
0.895,0.105,11.4324,5.29397,-1.14883,317.499,1,2,0,0.4
0.895,0.115,11.2461,5.24924,-1.07194,308.477,1,2,0,0.4
0.895,0.125,11.0529,5.20312,-0.988802,299.655,1,2,0,0.4
0.895,0.135,10.859,5.1541,-0.896575,291.246,1,2,0,0.4
0.895,0.145,10.6692,5.10103,-0.793442,283.385,1,2,0,0.4
0.895,0.155,10.4862,5.04314,-0.678768,276.12,1,2,0,0.4
0.895,0.165,10.3106,4.98016,-0.552937,269.43,1,2,0,0.4
0.895,0.175,10.1422,4.91203,-0.416972,263.25,1,2,0,0.4
0.895,0.185,9.98001,4.83892,-0.272189,257.502,1,2,0,0.4
0.895,0.195,9.82274,4.76089,-0.120005,252.104,1,2,0,0.4
0.895,0.205,9.6694,4.67867,0.0381981,246.982,1,2,0,0.4
0.895,0.215,9.51986,4.59271,0.201175,242.09,1,2,0,0.4
0.895,0.225,9.37458,4.50288,0.367827,237.408,1,2,0,0.4
0.895,0.235,9.23449,4.40942,0.537134,232.924,1,2,0,0.4
0.895,0.245,9.10046,4.31244,0.708068,228.631,1,2,0,0.4
0.895,0.255,8.97391,4.21214,0.879531,224.537,1,2,0,0.4
0.895,0.265,8.85642,4.10867,1.05028,220.657,1,2,0,0.4
0.895,0.275,8.74992,4.00221,1.21884,217.019,1,2,0,0.4
0.895,0.285,8.65673,3.89288,1.38342,213.663,1,2,0,0.4
0.895,0.295,8.57963,3.78072,1.54186,210.648,1,2,0,0.4
0.895,0.305,8.52188,3.66551,1.69158,208.048,1,2,0,0.4
0.895,0.315,8.48721,3.54669,1.82972,205.952,1,2,0,0.4
0.895,0.325,8.47934,3.4231,1.95354,204.446,1,2,0,0.4
0.895,0.335,8.50103,3.29295,2.06126,203.581,1,2,0,0.4
0.895,0.345,8.55255,3.15394,2.15334,203.32,1,2,0,0.4
0.895,0.355,8.63002,3.004,2.23353,203.489,1,2,0,0.4
0.895,0.365,8.72484,2.84234,2.30893,203.763,1,2,0,0.4
0.895,0.375,8.82539,2.67038,2.38822,203.746,1,2,0,0.4
0.895,0.385,8.92053,2.49155,2.47894,203.097,1,2,0,0.4
0.895,0.395,9.00295,2.31032,2.58535,201.637,1,2,0,0.4
0.895,0.405,9.07067,2.13089,2.7081,199.375,1,2,0,0.4
0.895,0.415,9.1264,1.95668,2.84511,196.456,1,2,0,0.4
0.895,0.425,9.17558,1.79028,2.99263,193.092,1,2,0,0.4
0.895,0.435,9.22403,1.63367,3.14605,189.507,1,2,0,0.4
0.895,0.445,9.27588,1.48823,3.30044,185.909,1,2,0,0.4
0.895,0.455,9.33249,1.35475,3.45089,182.475,1,2,0,0.4
0.895,0.465,9.3925,1.23339,3.59302,179.331,1,2,0,0.4
0.895,0.475,9.45264,1.1237,3.72324,176.548,1,2,0,0.4
0.895,0.485,9.50861,1.02467,3.83898,174.129,1,2,0,0.4
0.895,0.495,9.55598,0.934874,3.93838,172.012,1,2,0,0.4
0.895,0.505,9.59109,0.851523,4.01899,170.121,1,2,0,0.4
0.895,0.515,9.60744,0.764527,4.07711,168.411,1,2,0,0.4
0.895,0.525,9.57741,0.63863,4.11131,166.815,1,2,0,0.4
0.895,0.535,9.4121,0.372299,4.12973,164.836,1,2,0,0.4
0.895,0.545,8.90292,-0.29996,4.14075,159.803,1,2,0,0.4
0.895,0.555,7.67549,-2.06209,4.09822,140.047,1,2,0,0.4
0.895,0.565,5.60503,-5.99483,3.68099,88.616,1,2,0,0.4
0.895,0.575,5.16879,-10.1956,2.74586,50.9243,1,2,0,0.4
0.895,0.585,6.70973,-12.6433,2.24518,34.2143,1,2,0,0.4
0.895,0.595,10.4582,-13.7408,2.17914,30.2894,1,2,0,0.4
0.895,0.605,16.9605,-14.2835,2.20974,30.07,1,2,0,0.4
0.895,0.615,26.9128,-14.5736,2.24994,31.005,1,2,0,0.4
0.895,0.625,41.1334,-14.735,2.29405,32.973,1,2,0,0.4
0.895,0.635,60.5177,-14.8283,2.34327,36.2758,1,2,0,0.4
0.895,0.645,85.9704,-14.8844,2.39674,41.1859,1,2,0,0.4
0.895,0.655,118.289,-14.9194,2.45235,47.8668,1,2,0,0.4
0.895,0.665,158.002,-14.9423,2.5079,56.3655,1,2,0,0.4
0.895,0.675,205.219,-14.9578,2.56174,66.6181,1,2,0,0.4
0.895,0.685,259.524,-14.9686,2.61284,78.4581,1,2,0,0.4
0.895,0.695,319.945,-14.9765,2.66062,91.6275,1,2,0,0.4
0.895,0.705,385.015,-14.9822,2.70483,105.795,1,2,0,0.4
0.895,0.715,452.897,-14.9866,2.74539,120.579,1,2,0,0.4
0.895,0.725,521.559,-14.9899,2.78234,135.578,1,2,0,0.4
0.895,0.735,588.966,-14.9924,2.81575,150.398,1,2,0,0.4
0.895,0.745,653.26,-14.9943,2.84571,164.678,1,2,0,0.4
0.895,0.755,712.898,-14.9958,2.87234,178.11,1,2,0,0.4
0.895,0.765,766.745,-14.997,2.89576,190.456,1,2,0,0.4
0.895,0.775,814.107,-14.9978,2.91609,201.548,1,2,0,0.4
0.895,0.785,854.716,-14.9985,2.93351,211.292,1,2,0,0.4
0.895,0.795,888.677,-14.9989,2.94819,219.66,1,2,0,0.4
0.895,0.805,916.391,-14.9993,2.96036,226.684,1,2,0,0.4
0.895,0.815,938.466,-14.9995,2.97024,232.446,1,2,0,0.4
0.895,0.825,955.634,-14.9997,2.9781,237.061,1,2,0,0.4
0.895,0.835,968.67,-14.9998,2.98423,240.668,1,2,0,0.4
0.895,0.845,978.336,-14.9999,2.98888,243.418,1,2,0,0.4
0.895,0.855,985.334,-14.9999,2.99234,245.462,1,2,0,0.4
0.895,0.865,990.282,-15,2.99484,246.943,1,2,0,0.4
0.895,0.875,993.699,-15,2.9966,247.988,1,2,0,0.4
0.895,0.885,996.001,-15,2.99781,248.706,1,2,0,0.4
0.895,0.895,997.517,-15,2.99863,249.187,1,2,0,0.4
0.895,0.905,998.491,-15,2.99916,249.501,1,2,0,0.4
0.895,0.915,999.103,-15,2.99949,249.701,1,2,0,0.4
0.895,0.925,999.478,-15,2.9997,249.825,1,2,0,0.4
0.895,0.935,999.703,-15,2.99983,249.899,1,2,0,0.4
0.895,0.945,999.834,-15,2.9999,249.944,1,2,0,0.4
0.895,0.955,999.91,-15,2.99995,249.969,1,2,0,0.4
0.895,0.965,999.952,-15,2.99997,249.983,1,2,0,0.4
0.895,0.975,999.975,-15,2.99999,249.991,1,2,0,0.4
0.895,0.985,999.987,-15,2.99999,249.996,1,2,0,0.4
0.895,0.995,999.993,-15,3,249.998,1,2,0,0.4
0.905,0.005,11.9987,5.74048,-1.56129,393.194,1,2,0,0.4
0.905,0.015,11.9525,5.71533,-1.48189,386.508,1,2,0,0.4
0.905,0.025,11.9109,5.67169,-1.39982,380.081,1,2,0,0.4
0.905,0.035,11.8621,5.62247,-1.31296,373.721,1,2,0,0.4
0.905,0.045,11.8025,5.5721,-1.22305,367.241,1,2,0,0.4
0.905,0.055,11.7299,5.52074,-1.13276,360.523,1,2,0,0.4
0.905,0.065,11.6416,5.46848,-1.04433,353.456,1,2,0,0.4
0.905,0.075,11.5352,5.41573,-0.959332,345.95,1,2,0,0.4
0.905,0.085,11.409,5.3631,-0.878421,337.96,1,2,0,0.4
0.905,0.095,11.263,5.3109,-0.801105,329.52,1,2,0,0.4
0.905,0.105,11.0999,5.25909,-0.72563,320.755,1,2,0,0.4
0.905,0.115,10.9244,5.2071,-0.649194,311.866,1,2,0,0.4
0.905,0.125,10.7425,5.15396,-0.568485,303.093,1,2,0,0.4
0.905,0.135,10.5603,5.09849,-0.480375,294.658,1,2,0,0.4
0.905,0.145,10.383,5.03976,-0.382579,286.72,1,2,0,0.4
0.905,0.155,10.2135,4.97695,-0.273971,279.358,1,2,0,0.4
0.905,0.165,10.0531,4.90965,-0.15457,272.572,1,2,0,0.4
0.905,0.175,9.90147,4.83773,-0.0252739,266.307,1,2,0,0.4
0.905,0.185,9.75746,4.76193,0.11255,260.488,1,2,0,0.4
0.905,0.195,9.62022,4.68205,0.257373,255.041,1,2,0,0.4
0.905,0.205,9.4893,4.59841,0.40772,249.908,1,2,0,0.4
0.905,0.215,9.3642,4.51118,0.562254,245.038,1,2,0,0.4
0.905,0.225,9.24501,4.42064,0.719758,240.394,1,2,0,0.4
0.905,0.235,9.13213,4.32696,0.87913,235.957,1,2,0,0.4
0.905,0.245,9.0263,4.23037,1.03929,231.719,1,2,0,0.4
0.905,0.255,8.92857,4.13109,1.19915,227.683,1,2,0,0.4
0.905,0.265,8.84032,4.02937,1.3575,223.863,1,2,0,0.4
0.905,0.275,8.76323,3.92544,1.51292,220.289,1,2,0,0.4
0.905,0.285,8.69946,3.81953,1.6637,217.005,1,2,0,0.4
0.905,0.295,8.65175,3.7118,1.8077,214.075,1,2,0,0.4
0.905,0.305,8.62355,3.60217,1.94226,211.589,1,2,0,0.4
0.905,0.315,8.61908,3.49019,2.06428,209.659,1,2,0,0.4
0.905,0.325,8.64289,3.37474,2.17059,208.406,1,2,0,0.4
0.905,0.335,8.69874,3.25386,2.25892,207.915,1,2,0,0.4
0.905,0.345,8.78743,3.12484,2.32956,208.171,1,2,0,0.4
0.905,0.355,8.90428,2.98489,2.38695,208.973,1,2,0,0.4
0.905,0.365,9.03805,2.83253,2.43994,209.917,1,2,0,0.4
0.905,0.375,9.1733,2.66866,2.49947,210.494,1,2,0,0.4
0.905,0.385,9.29568,2.49651,2.57487,210.269,1,2,0,0.4
0.905,0.395,9.39674,2.32057,2.67105,209.028,1,2,0,0.4
0.905,0.405,9.47573,2.14526,2.78821,206.803,1,2,0,0.4
0.905,0.415,9.53777,1.97441,2.92314,203.788,1,2,0,0.4
0.905,0.425,9.59027,1.81115,3.07068,200.242,1,2,0,0.4
0.905,0.435,9.63944,1.65787,3.22474,196.433,1,2,0,0.4
0.905,0.445,9.68817,1.51612,3.37904,192.593,1,2,0,0.4
0.905,0.455,9.73578,1.38647,3.5277,188.896,1,2,0,0.4
0.905,0.465,9.77891,1.26835,3.66558,185.446,1,2,0,0.4
0.905,0.475,9.81249,1.16004,3.78863,182.256,1,2,0,0.4
0.905,0.485,9.82977,1.05846,3.89388,179.225,1,2,0,0.4
0.905,0.495,9.82132,0.958846,3.97887,176.114,1,2,0,0.4
0.905,0.505,9.77299,0.852597,4.03998,172.558,1,2,0,0.4
0.905,0.515,9.65609,0.717815,4.07121,168.047,1,2,0,0.4
0.905,0.525,9.39851,0.49224,4.06596,161.706,1,2,0,0.4
0.905,0.535,8.82951,0.00873129,4.01032,151.306,1,2,0,0.4
0.905,0.545,7.62406,-1.16814,3.87631,130.042,1,2,0,0.4
0.905,0.555,5.41815,-4.05951,3.55502,84.6918,1,2,0,0.4
0.905,0.565,4.15523,-8.00537,2.71195,49.1115,1,2,0,0.4
0.905,0.575,4.5384,-11.0271,2.16509,34.4127,1,2,0,0.4
0.905,0.585,6.49914,-12.7838,2.10206,30.4459,1,2,0,0.4
0.905,0.595,10.403,-13.7551,2.15951,29.7034,1,2,0,0.4
0.905,0.605,16.949,-14.2847,2.20773,29.9949,1,2,0,0.4
0.905,0.615,26.9108,-14.5737,2.24977,30.9966,1,2,0,0.4
0.905,0.625,41.1331,-14.735,2.29403,32.9721,1,2,0,0.4
0.905,0.635,60.5177,-14.8283,2.34327,36.2757,1,2,0,0.4
0.905,0.645,85.9704,-14.8844,2.39674,41.1859,1,2,0,0.4
0.905,0.655,118.289,-14.9194,2.45235,47.8668,1,2,0,0.4
0.905,0.665,158.002,-14.9423,2.5079,56.3655,1,2,0,0.4
0.905,0.675,205.219,-14.9578,2.56174,66.6181,1,2,0,0.4
0.905,0.685,259.524,-14.9686,2.61284,78.4581,1,2,0,0.4
0.905,0.695,319.945,-14.9765,2.66062,91.6275,1,2,0,0.4
0.905,0.705,385.015,-14.9822,2.70483,105.795,1,2,0,0.4
0.905,0.715,452.897,-14.9866,2.74539,120.579,1,2,0,0.4
0.905,0.725,521.559,-14.9899,2.78234,135.578,1,2,0,0.4
0.905,0.735,588.966,-14.9924,2.81575,150.398,1,2,0,0.4
0.905,0.745,653.26,-14.9943,2.84571,164.678,1,2,0,0.4
0.905,0.755,712.898,-14.9958,2.87234,178.11,1,2,0,0.4
0.905,0.765,766.745,-14.997,2.89576,190.456,1,2,0,0.4
0.905,0.775,814.107,-14.9978,2.91609,201.548,1,2,0,0.4
0.905,0.785,854.716,-14.9985,2.93351,211.292,1,2,0,0.4
0.905,0.795,888.677,-14.9989,2.94819,219.66,1,2,0,0.4
0.905,0.805,916.391,-14.9993,2.96036,226.684,1,2,0,0.4
0.905,0.815,938.466,-14.9995,2.97024,232.446,1,2,0,0.4
0.905,0.825,955.634,-14.9997,2.9781,237.061,1,2,0,0.4
0.905,0.835,968.67,-14.9998,2.98423,240.668,1,2,0,0.4
0.905,0.845,978.336,-14.9999,2.98888,243.418,1,2,0,0.4
0.905,0.855,985.334,-14.9999,2.99234,245.462,1,2,0,0.4
0.905,0.865,990.282,-15,2.99484,246.943,1,2,0,0.4
0.905,0.875,993.699,-15,2.9966,247.988,1,2,0,0.4
0.905,0.885,996.001,-15,2.99781,248.706,1,2,0,0.4
0.905,0.895,997.517,-15,2.99863,249.187,1,2,0,0.4
0.905,0.905,998.491,-15,2.99916,249.501,1,2,0,0.4
0.905,0.915,999.103,-15,2.99949,249.701,1,2,0,0.4
0.905,0.925,999.478,-15,2.9997,249.825,1,2,0,0.4
0.905,0.935,999.703,-15,2.99983,249.899,1,2,0,0.4
0.905,0.945,999.834,-15,2.9999,249.944,1,2,0,0.4
0.905,0.955,999.91,-15,2.99995,249.969,1,2,0,0.4
0.905,0.965,999.952,-15,2.99997,249.983,1,2,0,0.4
0.905,0.975,999.975,-15,2.99999,249.991,1,2,0,0.4
0.905,0.985,999.987,-15,2.99999,249.996,1,2,0,0.4
0.905,0.995,999.993,-15,3,249.998,1,2,0,0.4
0.915,0.005,11.8502,5.74972,-1.20067,395.352,1,2,0,0.4
0.915,0.015,11.7829,5.72874,-1.1229,388.596,1,2,0,0.4
0.915,0.025,11.7336,5.68115,-1.04333,382.181,1,2,0,0.4
0.915,0.035,11.6796,5.62527,-0.957625,375.936,1,2,0,0.4
0.915,0.045,11.6149,5.5697,-0.866823,369.601,1,2,0,0.4
0.915,0.055,11.5379,5.51447,-0.774123,363.037,1,2,0,0.4
0.915,0.065,11.4468,5.45885,-0.682473,356.133,1,2,0,0.4
0.915,0.075,11.3397,5.40254,-0.59404,348.798,1,2,0,0.4
0.915,0.085,11.2151,5.34573,-0.510026,340.979,1,2,0,0.4
0.915,0.095,11.0732,5.2885,-0.430414,332.701,1,2,0,0.4
0.915,0.105,10.916,5.23091,-0.353852,324.069,1,2,0,0.4
0.915,0.115,10.748,5.17264,-0.277818,315.273,1,2,0,0.4
0.915,0.125,10.5748,5.11312,-0.199094,306.54,1,2,0,0.4
0.915,0.135,10.4024,5.05141,-0.114465,298.096,1,2,0,0.4
0.915,0.145,10.2355,4.98709,-0.0214091,290.107,1,2,0,0.4
0.915,0.155,10.0773,4.91967,0.0814843,282.67,1,2,0,0.4
0.915,0.165,9.92943,4.8487,0.194438,275.804,1,2,0,0.4
0.915,0.175,9.79197,4.77405,0.316743,269.479,1,2,0,0.4
0.915,0.185,9.6642,4.69585,0.44713,263.63,1,2,0,0.4
0.915,0.195,9.54502,4.61424,0.58408,258.18,1,2,0,0.4
0.915,0.205,9.4337,4.52941,0.726075,253.063,1,2,0,0.4
0.915,0.215,9.32954,4.44154,0.871716,248.223,1,2,0,0.4
0.915,0.225,9.23235,4.35086,1.01976,243.621,1,2,0,0.4
0.915,0.235,9.14226,4.25755,1.16908,239.233,1,2,0,0.4
0.915,0.245,9.05974,4.16186,1.31865,235.046,1,2,0,0.4
0.915,0.255,8.98557,4.06403,1.46743,231.062,1,2,0,0.4
0.915,0.265,8.92083,3.96432,1.61432,227.295,1,2,0,0.4
0.915,0.275,8.86701,3.86303,1.75804,223.771,1,2,0,0.4
0.915,0.285,8.82608,3.76046,1.897,220.538,1,2,0,0.4
0.915,0.295,8.80073,3.65684,2.02914,217.667,1,2,0,0.4
0.915,0.305,8.79464,3.55225,2.15176,215.259,1,2,0,0.4
0.915,0.315,8.8126,3.44636,2.26149,213.453,1,2,0,0.4
0.915,0.325,8.86025,3.33817,2.35459,212.408,1,2,0,0.4
0.915,0.335,8.94281,3.22565,2.42802,212.259,1,2,0,0.4
0.915,0.345,9.06218,3.10569,2.48149,213.026,1,2,0,0.4
0.915,0.355,9.21326,2.97482,2.51985,214.495,1,2,0,0.4
0.915,0.365,9.38192,2.8307,2.55372,216.171,1,2,0,0.4
0.915,0.375,9.5483,2.67359,2.59659,217.404,1,2,0,0.4
0.915,0.385,9.69435,2.50645,2.65984,217.644,1,2,0,0.4
0.915,0.395,9.81073,2.33392,2.74903,216.631,1,2,0,0.4
0.915,0.405,9.89848,2.16085,2.86364,214.421,1,2,0,0.4
0.915,0.415,9.96503,1.99174,2.99889,211.264,1,2,0,0.4
0.915,0.425,10.0186,1.83034,3.14776,207.473,1,2,0,0.4
0.915,0.435,10.0639,1.67932,3.30239,203.351,1,2,0,0.4
0.915,0.445,10.1011,1.53989,3.45501,199.132,1,2,0,0.4
0.915,0.455,10.1264,1.4116,3.5986,194.963,1,2,0,0.4
0.915,0.465,10.1337,1.29208,3.72713,190.867,1,2,0,0.4
0.915,0.475,10.1141,1.17668,3.83547,186.721,1,2,0,0.4
0.915,0.485,10.0541,1.05761,3.91892,182.194,1,2,0,0.4
0.915,0.495,9.93092,0.922499,3.97168,176.665,1,2,0,0.4
0.915,0.505,9.70508,0.74921,3.98385,169.158,1,2,0,0.4
0.915,0.515,9.30265,0.489003,3.93809,158.217,1,2,0,0.4
0.915,0.525,8.58029,0.0201395,3.80274,141.556,1,2,0,0.4
0.915,0.535,7.29257,-0.955444,3.54904,115.17,1,2,0,0.4
0.915,0.545,5.25482,-3.09043,3.17086,75.2868,1,2,0,0.4
0.915,0.555,3.68065,-6.27388,2.48171,43.2242,1,2,0,0.4
0.915,0.565,3.48792,-9.01839,1.99821,33.0077,1,2,0,0.4
0.915,0.575,4.33558,-11.2439,1.97287,30.4186,1,2,0,0.4
0.915,0.585,6.45088,-12.8097,2.07324,29.7691,1,2,0,0.4
0.915,0.595,10.3935,-13.7573,2.15639,29.6127,1,2,0,0.4
0.915,0.605,16.9473,-14.2849,2.20745,29.9846,1,2,0,0.4
0.915,0.615,26.9106,-14.5737,2.24974,30.9956,1,2,0,0.4
0.915,0.625,41.133,-14.735,2.29403,32.972,1,2,0,0.4
0.915,0.635,60.5176,-14.8283,2.34327,36.2757,1,2,0,0.4
0.915,0.645,85.9704,-14.8844,2.39674,41.1859,1,2,0,0.4
0.915,0.655,118.289,-14.9194,2.45235,47.8668,1,2,0,0.4
0.915,0.665,158.002,-14.9423,2.5079,56.3655,1,2,0,0.4
0.915,0.675,205.219,-14.9578,2.56174,66.6181,1,2,0,0.4
0.915,0.685,259.524,-14.9686,2.61284,78.4581,1,2,0,0.4
0.915,0.695,319.945,-14.9765,2.66062,91.6275,1,2,0,0.4
0.915,0.705,385.015,-14.9822,2.70483,105.795,1,2,0,0.4
0.915,0.715,452.897,-14.9866,2.74539,120.579,1,2,0,0.4
0.915,0.725,521.559,-14.9899,2.78234,135.578,1,2,0,0.4
0.915,0.735,588.966,-14.9924,2.81575,150.398,1,2,0,0.4
0.915,0.745,653.26,-14.9943,2.84571,164.678,1,2,0,0.4
0.915,0.755,712.898,-14.9958,2.87234,178.11,1,2,0,0.4
0.915,0.765,766.745,-14.997,2.89576,190.456,1,2,0,0.4
0.915,0.775,814.107,-14.9978,2.91609,201.548,1,2,0,0.4
0.915,0.785,854.716,-14.9985,2.93351,211.292,1,2,0,0.4
0.915,0.795,888.677,-14.9989,2.94819,219.66,1,2,0,0.4
0.915,0.805,916.391,-14.9993,2.96036,226.684,1,2,0,0.4
0.915,0.815,938.466,-14.9995,2.97024,232.446,1,2,0,0.4
0.915,0.825,955.634,-14.9997,2.9781,237.061,1,2,0,0.4
0.915,0.835,968.67,-14.9998,2.98423,240.668,1,2,0,0.4
0.915,0.845,978.336,-14.9999,2.98888,243.418,1,2,0,0.4
0.915,0.855,985.334,-14.9999,2.99234,245.462,1,2,0,0.4
0.915,0.865,990.282,-15,2.99484,246.943,1,2,0,0.4
0.915,0.875,993.699,-15,2.9966,247.988,1,2,0,0.4
0.915,0.885,996.001,-15,2.99781,248.706,1,2,0,0.4
0.915,0.895,997.517,-15,2.99863,249.187,1,2,0,0.4
0.915,0.905,998.491,-15,2.99916,249.501,1,2,0,0.4
0.915,0.915,999.103,-15,2.99949,249.701,1,2,0,0.4
0.915,0.925,999.478,-15,2.9997,249.825,1,2,0,0.4
0.915,0.935,999.703,-15,2.99983,249.899,1,2,0,0.4
0.915,0.945,999.834,-15,2.9999,249.944,1,2,0,0.4
0.915,0.955,999.91,-15,2.99995,249.969,1,2,0,0.4
0.915,0.965,999.952,-15,2.99997,249.983,1,2,0,0.4
0.915,0.975,999.975,-15,2.99999,249.991,1,2,0,0.4
0.915,0.985,999.987,-15,2.99999,249.996,1,2,0,0.4
0.915,0.995,999.993,-15,3,249.998,1,2,0,0.4
0.925,0.005,11.8146,5.76343,-0.868465,397.953,1,2,0,0.4
0.925,0.015,11.7231,5.74958,-0.793874,391.171,1,2,0,0.4
0.925,0.025,11.671,5.69964,-0.719564,384.738,1,2,0,0.4
0.925,0.035,11.6189,5.63549,-0.63883,378.6,1,2,0,0.4
0.925,0.045,11.5549,5.57265,-0.550948,372.41,1,2,0,0.4
0.925,0.055,11.4773,5.51211,-0.459223,365.989,1,2,0,0.4
0.925,0.065,11.3853,5.45242,-0.367251,359.213,1,2,0,0.4
0.925,0.075,11.2779,5.39243,-0.277843,351.99,1,2,0,0.4
0.925,0.085,11.154,5.33177,-0.19274,344.267,1,2,0,0.4
0.925,0.095,11.0142,5.2701,-0.112392,336.065,1,2,0,0.4
0.925,0.105,10.8605,5.20747,-0.035833,327.485,1,2,0,0.4
0.925,0.115,10.6971,5.14388,0.0392036,318.715,1,2,0,0.4
0.925,0.125,10.5297,5.07884,0.115806,309.982,1,2,0,0.4
0.925,0.135,10.3643,5.01185,0.197178,301.514,1,2,0,0.4
0.925,0.145,10.2057,4.94271,0.285957,293.493,1,2,0,0.4
0.925,0.155,10.0571,4.87099,0.383714,286.023,1,2,0,0.4
0.925,0.165,9.92021,4.79657,0.490829,279.131,1,2,0,0.4
0.925,0.175,9.79516,4.71927,0.606726,272.792,1,2,0,0.4
0.925,0.185,9.68117,4.63913,0.730211,266.943,1,2,0,0.4
0.925,0.195,9.57712,4.55627,0.859805,261.51,1,2,0,0.4
0.925,0.205,9.48202,4.47074,0.994003,256.422,1,2,0,0.4
0.925,0.215,9.39504,4.38271,1.13141,251.623,1,2,0,0.4
0.925,0.225,9.31573,4.29233,1.27079,247.067,1,2,0,0.4
0.925,0.235,9.24395,4.19978,1.41109,242.729,1,2,0,0.4
0.925,0.245,9.17994,4.10528,1.55133,238.592,1,2,0,0.4
0.925,0.255,9.1242,4.00907,1.69058,234.657,1,2,0,0.4
0.925,0.265,9.07759,3.91141,1.82788,230.934,1,2,0,0.4
0.925,0.275,9.04134,3.81263,1.96209,227.449,1,2,0,0.4
0.925,0.285,9.01725,3.71306,2.09177,224.25,1,2,0,0.4
0.925,0.295,9.00797,3.613,2.21496,221.411,1,2,0,0.4
0.925,0.305,9.01735,3.51266,2.32894,219.046,1,2,0,0.4
0.925,0.315,9.0508,3.41188,2.43008,217.317,1,2,0,0.4
0.925,0.325,9.11523,3.30982,2.51396,216.426,1,2,0,0.4
0.925,0.335,9.21771,3.20447,2.57652,216.57,1,2,0,0.4
0.925,0.345,9.36194,3.09242,2.61654,217.824,1,2,0,0.4
0.925,0.355,9.54281,2.96946,2.63893,219.972,1,2,0,0.4
0.925,0.365,9.74317,2.83226,2.65618,222.421,1,2,0,0.4
0.925,0.375,9.93807,2.68024,2.68471,224.355,1,2,0,0.4
0.925,0.385,10.1053,2.51605,2.73828,225.073,1,2,0,0.4
0.925,0.395,10.2349,2.3446,2.82304,224.257,1,2,0,0.4
0.925,0.405,10.3296,2.17152,2.93721,221.99,1,2,0,0.4
0.925,0.415,10.3979,2.00213,3.07381,218.577,1,2,0,0.4
0.925,0.425,10.4463,1.84059,3.22341,214.376,1,2,0,0.4
0.925,0.435,10.4756,1.68911,3.37593,209.695,1,2,0,0.4
0.925,0.445,10.4811,1.5474,3.52183,204.722,1,2,0,0.4
0.925,0.455,10.4542,1.4122,3.65252,199.486,1,2,0,0.4
0.925,0.465,10.3824,1.27666,3.76011,193.808,1,2,0,0.4
0.925,0.475,10.2461,1.1291,3.83642,187.224,1,2,0,0.4
0.925,0.485,10.013,0.950318,3.87083,178.877,1,2,0,0.4
0.925,0.495,9.62897,0.709133,3.84673,167.37,1,2,0,0.4
0.925,0.505,9.01054,0.351312,3.73545,150.768,1,2,0,0.4
0.925,0.515,8.04423,-0.228229,3.49161,127.02,1,2,0,0.4
0.925,0.525,6.60404,-1.23126,3.12324,95.3001,1,2,0,0.4
0.925,0.535,4.77847,-2.98763,2.67595,59.903,1,2,0,0.4
0.925,0.545,3.44214,-5.21667,2.11833,36.6004,1,2,0,0.4
0.925,0.555,3.10216,-7.09111,1.80648,31.1816,1,2,0,0.4
0.925,0.565,3.33168,-9.2104,1.82211,30.1242,1,2,0,0.4
0.925,0.575,4.30333,-11.2723,1.9451,29.903,1,2,0,0.4
0.925,0.585,6.44514,-12.8125,2.07002,29.6959,1,2,0,0.4
0.925,0.595,10.3925,-13.7575,2.15609,29.6041,1,2,0,0.4
0.925,0.605,16.9472,-14.2849,2.20743,29.9837,1,2,0,0.4
0.925,0.615,26.9106,-14.5737,2.24974,30.9955,1,2,0,0.4
0.925,0.625,41.133,-14.735,2.29403,32.972,1,2,0,0.4
0.925,0.635,60.5176,-14.8283,2.34327,36.2757,1,2,0,0.4
0.925,0.645,85.9704,-14.8844,2.39674,41.1859,1,2,0,0.4
0.925,0.655,118.289,-14.9194,2.45235,47.8668,1,2,0,0.4
0.925,0.665,158.002,-14.9423,2.5079,56.3655,1,2,0,0.4
0.925,0.675,205.219,-14.9578,2.56174,66.6181,1,2,0,0.4
0.925,0.685,259.524,-14.9686,2.61284,78.4581,1,2,0,0.4
0.925,0.695,319.945,-14.9765,2.66062,91.6275,1,2,0,0.4
0.925,0.705,385.015,-14.9822,2.70483,105.795,1,2,0,0.4
0.925,0.715,452.897,-14.9866,2.74539,120.579,1,2,0,0.4
0.925,0.725,521.559,-14.9899,2.78234,135.578,1,2,0,0.4
0.925,0.735,588.966,-14.9924,2.81575,150.398,1,2,0,0.4
0.925,0.745,653.26,-14.9943,2.84571,164.678,1,2,0,0.4
0.925,0.755,712.898,-14.9958,2.87234,178.11,1,2,0,0.4
0.925,0.765,766.745,-14.997,2.89576,190.456,1,2,0,0.4
0.925,0.775,814.107,-14.9978,2.91609,201.548,1,2,0,0.4
0.925,0.785,854.716,-14.9985,2.93351,211.292,1,2,0,0.4
0.925,0.795,888.677,-14.9989,2.94819,219.66,1,2,0,0.4
0.925,0.805,916.391,-14.9993,2.96036,226.684,1,2,0,0.4
0.925,0.815,938.466,-14.9995,2.97024,232.446,1,2,0,0.4
0.925,0.825,955.634,-14.9997,2.9781,237.061,1,2,0,0.4
0.925,0.835,968.67,-14.9998,2.98423,240.668,1,2,0,0.4
0.925,0.845,978.336,-14.9999,2.98888,243.418,1,2,0,0.4
0.925,0.855,985.334,-14.9999,2.99234,245.462,1,2,0,0.4
0.925,0.865,990.282,-15,2.99484,246.943,1,2,0,0.4
0.925,0.875,993.699,-15,2.9966,247.988,1,2,0,0.4
0.925,0.885,996.001,-15,2.99781,248.706,1,2,0,0.4
0.925,0.895,997.517,-15,2.99863,249.187,1,2,0,0.4
0.925,0.905,998.491,-15,2.99916,249.501,1,2,0,0.4
0.925,0.915,999.103,-15,2.99949,249.701,1,2,0,0.4
0.925,0.925,999.478,-15,2.9997,249.825,1,2,0,0.4
0.925,0.935,999.703,-15,2.99983,249.899,1,2,0,0.4
0.925,0.945,999.834,-15,2.9999,249.944,1,2,0,0.4
0.925,0.955,999.91,-15,2.99995,249.969,1,2,0,0.4
0.925,0.965,999.952,-15,2.99997,249.983,1,2,0,0.4
0.925,0.975,999.975,-15,2.99999,249.991,1,2,0,0.4
0.925,0.985,999.987,-15,2.99999,249.996,1,2,0,0.4
0.925,0.995,999.993,-15,3,249.998,1,2,0,0.4
0.935,0.005,11.8671,5.78262,-0.557319,400.976,1,2,0,0.4
0.935,0.015,11.7453,5.77825,-0.486936,394.283,1,2,0,0.4
0.935,0.025,11.6919,5.72976,-0.419729,387.806,1,2,0,0.4
0.935,0.035,11.6482,5.6569,-0.347592,381.741,1,2,0,0.4
0.935,0.045,11.5916,5.58454,-0.266946,375.679,1,2,0,0.4
0.935,0.055,11.5187,5.51644,-0.180326,369.375,1,2,0,0.4
0.935,0.065,11.4291,5.45086,-0.0916901,362.684,1,2,0,0.4
0.935,0.075,11.3226,5.38615,-0.0044771,355.502,1,2,0,0.4
0.935,0.085,11.1988,5.3214,0.0789996,347.784,1,2,0,0.4
0.935,0.095,11.0593,5.25559,0.157859,339.565,1,2,0,0.4
0.935,0.105,10.907,5.18846,0.232786,330.964,1,2,0,0.4
0.935,0.115,10.7465,5.11983,0.305854,322.172,1,2,0,0.4
0.935,0.125,10.5833,5.04968,0.379991,313.417,1,2,0,0.4
0.935,0.135,10.4233,4.9778,0.458316,304.932,1,2,0,0.4
0.935,0.145,10.2715,4.90422,0.543434,296.898,1,2,0,0.4
0.935,0.155,10.131,4.82875,0.636926,289.422,1,2,0,0.4
0.935,0.165,10.0032,4.75138,0.739223,282.537,1,2,0,0.4
0.935,0.175,9.88855,4.67191,0.8498,276.215,1,2,0,0.4
0.935,0.185,9.78601,4.59031,0.967496,270.394,1,2,0,0.4
0.935,0.195,9.69434,4.50661,1.09088,264.998,1,2,0,0.4
0.935,0.205,9.61237,4.4208,1.21847,259.956,1,2,0,0.4
0.935,0.215,9.53911,4.33296,1.34892,255.206,1,2,0,0.4
0.935,0.225,9.47387,4.24318,1.48106,250.702,1,2,0,0.4
0.935,0.235,9.41634,4.15161,1.61387,246.416,1,2,0,0.4
0.935,0.245,9.3665,4.05842,1.74649,242.329,1,2,0,0.4
0.935,0.255,9.32466,3.96383,1.87809,238.439,1,2,0,0.4
0.935,0.265,9.29143,3.86811,2.00784,234.753,1,2,0,0.4
0.935,0.275,9.26782,3.77154,2.13474,231.297,1,2,0,0.4
0.935,0.285,9.25544,3.6745,2.2575,228.115,1,2,0,0.4
0.935,0.295,9.25684,3.57735,2.37428,225.284,1,2,0,0.4
0.935,0.305,9.27599,3.48038,2.48235,222.926,1,2,0,0.4
0.935,0.315,9.31887,3.38361,2.57784,221.222,1,2,0,0.4
0.935,0.325,9.39371,3.28639,2.65565,220.42,1,2,0,0.4
0.935,0.335,9.5098,3.1868,2.71052,220.786,1,2,0,0.4
0.935,0.345,9.67322,3.0812,2.73992,222.469,1,2,0,0.4
0.935,0.355,9.87952,2.96454,2.74859,225.272,1,2,0,0.4
0.935,0.365,10.1085,2.83228,2.75095,228.495,1,2,0,0.4
0.935,0.375,10.3293,2.68275,2.76681,231.12,1,2,0,0.4
0.935,0.385,10.5154,2.51833,2.81257,232.258,1,2,0,0.4
0.935,0.395,10.6555,2.34448,2.89458,231.513,1,2,0,0.4
0.935,0.405,10.7529,2.16781,3.0089,228.985,1,2,0,0.4
0.935,0.415,10.8133,1.99422,3.14538,225.014,1,2,0,0.4
0.935,0.425,10.8375,1.82722,3.2913,219.957,1,2,0,0.4
0.935,0.435,10.8187,1.66665,3.43375,214.042,1,2,0,0.4
0.935,0.445,10.7439,1.50783,3.56052,207.279,1,2,0,0.4
0.935,0.455,10.5938,1.3405,3.65985,199.38,1,2,0,0.4
0.935,0.465,10.3399,1.14671,3.71868,189.678,1,2,0,0.4
0.935,0.475,9.93702,0.897343,3.71962,177.007,1,2,0,0.4
0.935,0.485,9.31773,0.545694,3.63583,159.669,1,2,0,0.4
0.935,0.495,8.40188,0.0191211,3.42583,135.84,1,2,0,0.4
0.935,0.505,7.12847,-0.775812,3.06919,105.014,1,2,0,0.4
0.935,0.515,5.57865,-1.92758,2.63686,71.475,1,2,0,0.4
0.935,0.525,4.13786,-3.38301,2.18229,44.4497,1,2,0,0.4
0.935,0.535,3.33902,-4.5968,1.80446,32.2546,1,2,0,0.4
0.935,0.545,3.07334,-5.62685,1.67702,30.128,1,2,0,0.4
0.935,0.555,3.01698,-7.17821,1.70647,29.8239,1,2,0,0.4
0.935,0.565,3.31643,-9.22617,1.80609,29.8833,1,2,0,0.4
0.935,0.575,4.30094,-11.2743,1.9431,29.867,1,2,0,0.4
0.935,0.585,6.44478,-12.8127,2.06982,29.6915,1,2,0,0.4
0.935,0.595,10.3925,-13.7575,2.15608,29.6036,1,2,0,0.4
0.935,0.605,16.9472,-14.2849,2.20743,29.9837,1,2,0,0.4
0.935,0.615,26.9106,-14.5737,2.24974,30.9955,1,2,0,0.4
0.935,0.625,41.133,-14.735,2.29403,32.972,1,2,0,0.4
0.935,0.635,60.5176,-14.8283,2.34327,36.2757,1,2,0,0.4
0.935,0.645,85.9704,-14.8844,2.39674,41.1859,1,2,0,0.4
0.935,0.655,118.289,-14.9194,2.45235,47.8668,1,2,0,0.4
0.935,0.665,158.002,-14.9423,2.5079,56.3655,1,2,0,0.4
0.935,0.675,205.219,-14.9578,2.56174,66.6181,1,2,0,0.4
0.935,0.685,259.524,-14.9686,2.61284,78.4581,1,2,0,0.4
0.935,0.695,319.945,-14.9765,2.66062,91.6275,1,2,0,0.4
0.935,0.705,385.015,-14.9822,2.70483,105.795,1,2,0,0.4
0.935,0.715,452.897,-14.9866,2.74539,120.579,1,2,0,0.4
0.935,0.725,521.559,-14.9899,2.78234,135.578,1,2,0,0.4
0.935,0.735,588.966,-14.9924,2.81575,150.398,1,2,0,0.4
0.935,0.745,653.26,-14.9943,2.84571,164.678,1,2,0,0.4
0.935,0.755,712.898,-14.9958,2.87234,178.11,1,2,0,0.4
0.935,0.765,766.745,-14.997,2.89576,190.456,1,2,0,0.4
0.935,0.775,814.107,-14.9978,2.91609,201.548,1,2,0,0.4
0.935,0.785,854.716,-14.9985,2.93351,211.292,1,2,0,0.4
0.935,0.795,888.677,-14.9989,2.94819,219.66,1,2,0,0.4
0.935,0.805,916.391,-14.9993,2.96036,226.684,1,2,0,0.4
0.935,0.815,938.466,-14.9995,2.97024,232.446,1,2,0,0.4
0.935,0.825,955.634,-14.9997,2.9781,237.061,1,2,0,0.4
0.935,0.835,968.67,-14.9998,2.98423,240.668,1,2,0,0.4
0.935,0.845,978.336,-14.9999,2.98888,243.418,1,2,0,0.4
0.935,0.855,985.334,-14.9999,2.99234,245.462,1,2,0,0.4
0.935,0.865,990.282,-15,2.99484,246.943,1,2,0,0.4
0.935,0.875,993.699,-15,2.9966,247.988,1,2,0,0.4
0.935,0.885,996.001,-15,2.99781,248.706,1,2,0,0.4
0.935,0.895,997.517,-15,2.99863,249.187,1,2,0,0.4
0.935,0.905,998.491,-15,2.99916,249.501,1,2,0,0.4
0.935,0.915,999.103,-15,2.99949,249.701,1,2,0,0.4
0.935,0.925,999.478,-15,2.9997,249.825,1,2,0,0.4
0.935,0.935,999.703,-15,2.99983,249.899,1,2,0,0.4
0.935,0.945,999.834,-15,2.9999,249.944,1,2,0,0.4
0.935,0.955,999.91,-15,2.99995,249.969,1,2,0,0.4
0.935,0.965,999.952,-15,2.99997,249.983,1,2,0,0.4
0.935,0.975,999.975,-15,2.99999,249.991,1,2,0,0.4
0.935,0.985,999.987,-15,2.99999,249.996,1,2,0,0.4
0.935,0.995,999.993,-15,3,249.998,1,2,0,0.4
0.945,0.005,11.9854,5.80765,-0.259496,404.302,1,2,0,0.4
0.945,0.015,11.8309,5.81303,-0.193977,397.904,1,2,0,0.4
0.945,0.025,11.7714,5.77152,-0.134282,391.392,1,2,0,0.4
0.945,0.035,11.7387,5.69183,-0.0732509,385.327,1,2,0,0.4
0.945,0.045,11.6951,5.60832,-0.00397994,379.333,1,2,0,0.4
0.945,0.055,11.6317,5.53028,0.0730066,373.088,1,2,0,0.4
0.945,0.065,11.5476,5.45682,0.154009,366.412,1,2,0,0.4
0.945,0.075,11.444,5.38566,0.235263,359.21,1,2,0,0.4
0.945,0.085,11.3215,5.31523,0.314026,351.44,1,2,0,0.4
0.945,0.095,11.1825,5.24426,0.389016,343.145,1,2,0,0.4
0.945,0.105,11.0309,5.17207,0.460618,334.463,1,2,0,0.4
0.945,0.115,10.8719,5.09843,0.530691,325.599,1,2,0,0.4
0.945,0.125,10.7114,5.02345,0.601995,316.796,1,2,0,0.4
0.945,0.135,10.5556,4.94712,0.677489,308.289,1,2,0,0.4
0.945,0.145,10.4092,4.86964,0.759621,300.258,1,2,0,0.4
0.945,0.155,10.2755,4.79099,0.849847,292.806,1,2,0,0.4
0.945,0.165,10.1556,4.71121,0.948516,285.959,1,2,0,0.4
0.945,0.175,10.0496,4.63008,1.05505,279.686,1,2,0,0.4
0.945,0.185,9.95656,4.54748,1.16829,273.92,1,2,0,0.4
0.945,0.195,9.87496,4.46334,1.2868,268.583,1,2,0,0.4
0.945,0.205,9.80345,4.37758,1.40917,263.599,1,2,0,0.4
0.945,0.215,9.7409,4.29018,1.53409,258.907,1,2,0,0.4
0.945,0.225,9.68648,4.20117,1.66046,254.46,1,2,0,0.4
0.945,0.235,9.63967,4.11065,1.78735,250.225,1,2,0,0.4
0.945,0.245,9.6003,4.01874,1.91397,246.185,1,2,0,0.4
0.945,0.255,9.56845,3.92563,2.03961,242.333,1,2,0,0.4
0.945,0.265,9.54454,3.83154,2.16353,238.675,1,2,0,0.4
0.945,0.275,9.52936,3.73677,2.28488,235.233,1,2,0,0.4
0.945,0.285,9.5243,3.64166,2.4025,232.049,1,2,0,0.4
0.945,0.295,9.53173,3.5466,2.51464,229.196,1,2,0,0.4
0.945,0.305,9.55561,3.45196,2.61864,226.799,1,2,0,0.4
0.945,0.315,9.60237,3.35789,2.71041,225.057,1,2,0,0.4
0.945,0.325,9.68149,3.26391,2.78421,224.255,1,2,0,0.4
0.945,0.335,9.80461,3.16822,2.8335,224.736,1,2,0,0.4
0.945,0.345,9.98085,3.06687,2.85415,226.739,1,2,0,0.4
0.945,0.355,10.207,2.95383,2.85044,230.099,1,2,0,0.4
0.945,0.365,10.4599,2.82294,2.83887,234.002,1,2,0,0.4
0.945,0.375,10.7023,2.67122,2.84305,237.179,1,2,0,0.4
0.945,0.385,10.9017,2.50085,2.88192,238.499,1,2,0,0.4
0.945,0.395,11.0439,2.3181,2.96094,237.45,1,2,0,0.4
0.945,0.405,11.1269,2.13019,3.07245,234.106,1,2,0,0.4
0.945,0.415,11.1476,1.94201,3.20157,228.761,1,2,0,0.4
0.945,0.425,11.0942,1.75339,3.331,221.635,1,2,0,0.4
0.945,0.435,10.9465,1.55718,3.44335,212.675,1,2,0,0.4
0.945,0.445,10.6756,1.33734,3.52102,201.439,1,2,0,0.4
0.945,0.455,10.2405,1.06637,3.5439,186.997,1,2,0,0.4
0.945,0.465,9.5853,0.700138,3.48512,167.954,1,2,0,0.4
0.945,0.475,8.64714,0.171284,3.30669,142.843,1,2,0,0.4
0.945,0.485,7.38484,-0.601698,2.97943,111.308,1,2,0,0.4
0.945,0.495,5.87809,-1.66728,2.56708,77.1955,1,2,0,0.4
0.945,0.505,4.48694,-2.89771,2.14849,49.2901,1,2,0,0.4
0.945,0.515,3.63599,-3.81834,1.79981,34.4721,1,2,0,0.4
0.945,0.525,3.32612,-4.23466,1.63947,30.4893,1,2,0,0.4
0.945,0.535,3.17858,-4.71847,1.61866,29.8458,1,2,0,0.4
0.945,0.545,3.04352,-5.64689,1.6431,29.7119,1,2,0,0.4
0.945,0.555,3.01237,-7.18215,1.70129,29.7574,1,2,0,0.4
0.945,0.565,3.31579,-9.2268,1.80542,29.8735,1,2,0,0.4
0.945,0.575,4.30086,-11.2744,1.94303,29.8657,1,2,0,0.4
0.945,0.585,6.44477,-12.8127,2.06982,29.6913,1,2,0,0.4
0.945,0.595,10.3925,-13.7575,2.15608,29.6036,1,2,0,0.4
0.945,0.605,16.9472,-14.2849,2.20743,29.9837,1,2,0,0.4
0.945,0.615,26.9106,-14.5737,2.24974,30.9955,1,2,0,0.4
0.945,0.625,41.133,-14.735,2.29403,32.972,1,2,0,0.4
0.945,0.635,60.5176,-14.8283,2.34327,36.2757,1,2,0,0.4
0.945,0.645,85.9704,-14.8844,2.39674,41.1859,1,2,0,0.4
0.945,0.655,118.289,-14.9194,2.45235,47.8668,1,2,0,0.4
0.945,0.665,158.002,-14.9423,2.5079,56.3655,1,2,0,0.4
0.945,0.675,205.219,-14.9578,2.56174,66.6181,1,2,0,0.4
0.945,0.685,259.524,-14.9686,2.61284,78.4581,1,2,0,0.4
0.945,0.695,319.945,-14.9765,2.66062,91.6275,1,2,0,0.4
0.945,0.705,385.015,-14.9822,2.70483,105.795,1,2,0,0.4
0.945,0.715,452.897,-14.9866,2.74539,120.579,1,2,0,0.4
0.945,0.725,521.559,-14.9899,2.78234,135.578,1,2,0,0.4
0.945,0.735,588.966,-14.9924,2.81575,150.398,1,2,0,0.4
0.945,0.745,653.26,-14.9943,2.84571,164.678,1,2,0,0.4
0.945,0.755,712.898,-14.9958,2.87234,178.11,1,2,0,0.4
0.945,0.765,766.745,-14.997,2.89576,190.456,1,2,0,0.4
0.945,0.775,814.107,-14.9978,2.91609,201.548,1,2,0,0.4
0.945,0.785,854.716,-14.9985,2.93351,211.292,1,2,0,0.4
0.945,0.795,888.677,-14.9989,2.94819,219.66,1,2,0,0.4
0.945,0.805,916.391,-14.9993,2.96036,226.684,1,2,0,0.4
0.945,0.815,938.466,-14.9995,2.97024,232.446,1,2,0,0.4
0.945,0.825,955.634,-14.9997,2.9781,237.061,1,2,0,0.4
0.945,0.835,968.67,-14.9998,2.98423,240.668,1,2,0,0.4
0.945,0.845,978.336,-14.9999,2.98888,243.418,1,2,0,0.4
0.945,0.855,985.334,-14.9999,2.99234,245.462,1,2,0,0.4
0.945,0.865,990.282,-15,2.99484,246.943,1,2,0,0.4
0.945,0.875,993.699,-15,2.9966,247.988,1,2,0,0.4
0.945,0.885,996.001,-15,2.99781,248.706,1,2,0,0.4
0.945,0.895,997.517,-15,2.99863,249.187,1,2,0,0.4
0.945,0.905,998.491,-15,2.99916,249.501,1,2,0,0.4
0.945,0.915,999.103,-15,2.99949,249.701,1,2,0,0.4
0.945,0.925,999.478,-15,2.9997,249.825,1,2,0,0.4
0.945,0.935,999.703,-15,2.99983,249.899,1,2,0,0.4
0.945,0.945,999.834,-15,2.9999,249.944,1,2,0,0.4
0.945,0.955,999.91,-15,2.99995,249.969,1,2,0,0.4
0.945,0.965,999.952,-15,2.99997,249.983,1,2,0,0.4
0.945,0.975,999.975,-15,2.99999,249.991,1,2,0,0.4
0.945,0.985,999.987,-15,2.99999,249.996,1,2,0,0.4
0.945,0.995,999.993,-15,3,249.998,1,2,0,0.4
0.955,0.005,12.1437,5.83675,0.0323552,407.601,1,2,0,0.4
0.955,0.015,11.9679,5.84936,0.092047,401.748,1,2,0,0.4
0.955,0.025,11.8912,5.82059,0.14442,395.269,1,2,0,0.4
0.955,0.035,11.8634,5.73963,0.193097,389.114,1,2,0,0.4
0.955,0.045,11.8346,5.64525,0.247769,383.112,1,2,0,0.4
0.955,0.055,11.7852,5.55478,0.311039,376.873,1,2,0,0.4
0.955,0.065,11.7114,5.4704,0.380293,370.168,1,2,0,0.4
0.955,0.075,11.6139,5.39011,0.451831,362.884,1,2,0,0.4
0.955,0.085,11.4944,5.312,0.522674,354.992,1,2,0,0.4
0.955,0.095,11.3565,5.23446,0.591269,346.556,1,2,0,0.4
0.955,0.105,11.2054,5.15643,0.657752,337.737,1,2,0,0.4
0.955,0.115,11.0472,5.07752,0.723774,328.767,1,2,0,0.4
0.955,0.125,10.8887,4.99786,0.791885,319.904,1,2,0,0.4
0.955,0.135,10.7362,4.9175,0.864778,311.385,1,2,0,0.4
0.955,0.145,10.5947,4.83671,0.944603,303.383,1,2,0,0.4
0.955,0.155,10.4669,4.75553,1.03254,295.988,1,2,0,0.4
0.955,0.165,10.3539,4.67396,1.12872,289.216,1,2,0,0.4
0.955,0.175,10.2554,4.59173,1.23243,283.022,1,2,0,0.4
0.955,0.185,10.1702,4.50861,1.34242,277.334,1,2,0,0.4
0.955,0.195,10.0967,4.4244,1.45729,272.071,1,2,0,0.4
0.955,0.205,10.0334,4.33895,1.57564,267.155,1,2,0,0.4
0.955,0.215,9.97891,4.25212,1.69624,262.523,1,2,0,0.4
0.955,0.225,9.93242,4.1639,1.81806,258.129,1,2,0,0.4
0.955,0.235,9.89323,4.0743,1.94023,253.938,1,2,0,0.4
0.955,0.245,9.861,3.9834,2.06207,249.932,1,2,0,0.4
0.955,0.255,9.83566,3.89135,2.18292,246.103,1,2,0,0.4
0.955,0.265,9.81738,3.79832,2.30216,242.452,1,2,0,0.4
0.955,0.275,9.80673,3.70454,2.41903,238.996,1,2,0,0.4
0.955,0.285,9.80482,3.61033,2.53247,235.772,1,2,0,0.4
0.955,0.295,9.8137,3.51605,2.64087,232.846,1,2,0,0.4
0.955,0.305,9.83718,3.42208,2.7416,230.34,1,2,0,0.4
0.955,0.315,9.88182,3.32862,2.83043,228.458,1,2,0,0.4
0.955,0.325,9.95807,3.2353,2.90104,227.518,1,2,0,0.4
0.955,0.335,10.0799,3.14029,2.94557,227.93,1,2,0,0.4
0.955,0.345,10.2597,3.03912,2.9581,230.029,1,2,0,0.4
0.955,0.355,10.4961,2.92431,2.94221,233.688,1,2,0,0.4
0.955,0.365,10.7628,2.7875,2.91653,237.948,1,2,0,0.4
0.955,0.375,11.0144,2.62404,2.90851,241.215,1,2,0,0.4
0.955,0.385,11.2091,2.43597,2.93856,242.021,1,2,0,0.4
0.955,0.395,11.3217,2.22969,3.00889,239.645,1,2,0,0.4
0.955,0.405,11.3349,2.01069,3.10539,233.995,1,2,0,0.4
0.955,0.415,11.2258,1.77793,3.20594,225.121,1,2,0,0.4
0.955,0.425,10.9624,1.51986,3.28591,212.845,1,2,0,0.4
0.955,0.435,10.5037,1.21161,3.31916,196.55,1,2,0,0.4
0.955,0.445,9.80172,0.810979,3.27562,175.23,1,2,0,0.4
0.955,0.455,8.8113,0.254361,3.1184,147.918,1,2,0,0.4
0.955,0.465,7.51615,-0.532657,2.81898,114.809,1,2,0,0.4
0.955,0.475,6.00269,-1.59253,2.43871,79.8595,1,2,0,0.4
0.955,0.485,4.60643,-2.80517,2.06373,51.3314,1,2,0,0.4
0.955,0.495,3.74109,-3.69854,1.75154,35.7239,1,2,0,0.4
0.955,0.505,3.43296,-3.98528,1.60314,31.0075,1,2,0,0.4
0.955,0.515,3.35475,-4.06213,1.58084,30.1911,1,2,0,0.4
0.955,0.525,3.28392,-4.25336,1.59305,29.9224,1,2,0,0.4
0.955,0.535,3.17236,-4.72089,1.61189,29.7653,1,2,0,0.4
0.955,0.545,3.04269,-5.64735,1.64217,29.7008,1,2,0,0.4
0.955,0.555,3.01226,-7.18224,1.70118,29.7559,1,2,0,0.4
0.955,0.565,3.31577,-9.22681,1.80541,29.8733,1,2,0,0.4
0.955,0.575,4.30086,-11.2744,1.94303,29.8657,1,2,0,0.4
0.955,0.585,6.44477,-12.8127,2.06982,29.6913,1,2,0,0.4
0.955,0.595,10.3925,-13.7575,2.15608,29.6036,1,2,0,0.4
0.955,0.605,16.9472,-14.2849,2.20743,29.9837,1,2,0,0.4
0.955,0.615,26.9106,-14.5737,2.24974,30.9955,1,2,0,0.4
0.955,0.625,41.133,-14.735,2.29403,32.972,1,2,0,0.4
0.955,0.635,60.5176,-14.8283,2.34327,36.2757,1,2,0,0.4
0.955,0.645,85.9704,-14.8844,2.39674,41.1859,1,2,0,0.4
0.955,0.655,118.289,-14.9194,2.45235,47.8668,1,2,0,0.4
0.955,0.665,158.002,-14.9423,2.5079,56.3655,1,2,0,0.4
0.955,0.675,205.219,-14.9578,2.56174,66.6181,1,2,0,0.4
0.955,0.685,259.524,-14.9686,2.61284,78.4581,1,2,0,0.4
0.955,0.695,319.945,-14.9765,2.66062,91.6275,1,2,0,0.4
0.955,0.705,385.015,-14.9822,2.70483,105.795,1,2,0,0.4
0.955,0.715,452.897,-14.9866,2.74539,120.579,1,2,0,0.4
0.955,0.725,521.559,-14.9899,2.78234,135.578,1,2,0,0.4
0.955,0.735,588.966,-14.9924,2.81575,150.398,1,2,0,0.4
0.955,0.745,653.26,-14.9943,2.84571,164.678,1,2,0,0.4
0.955,0.755,712.898,-14.9958,2.87234,178.11,1,2,0,0.4
0.955,0.765,766.745,-14.997,2.89576,190.456,1,2,0,0.4
0.955,0.775,814.107,-14.9978,2.91609,201.548,1,2,0,0.4
0.955,0.785,854.716,-14.9985,2.93351,211.292,1,2,0,0.4
0.955,0.795,888.677,-14.9989,2.94819,219.66,1,2,0,0.4
0.955,0.805,916.391,-14.9993,2.96036,226.684,1,2,0,0.4
0.955,0.815,938.466,-14.9995,2.97024,232.446,1,2,0,0.4
0.955,0.825,955.634,-14.9997,2.9781,237.061,1,2,0,0.4
0.955,0.835,968.67,-14.9998,2.98423,240.668,1,2,0,0.4
0.955,0.845,978.336,-14.9999,2.98888,243.418,1,2,0,0.4
0.955,0.855,985.334,-14.9999,2.99234,245.462,1,2,0,0.4
0.955,0.865,990.282,-15,2.99484,246.943,1,2,0,0.4
0.955,0.875,993.699,-15,2.9966,247.988,1,2,0,0.4
0.955,0.885,996.001,-15,2.99781,248.706,1,2,0,0.4
0.955,0.895,997.517,-15,2.99863,249.187,1,2,0,0.4
0.955,0.905,998.491,-15,2.99916,249.501,1,2,0,0.4
0.955,0.915,999.103,-15,2.99949,249.701,1,2,0,0.4
0.955,0.925,999.478,-15,2.9997,249.825,1,2,0,0.4
0.955,0.935,999.703,-15,2.99983,249.899,1,2,0,0.4
0.955,0.945,999.834,-15,2.9999,249.944,1,2,0,0.4
0.955,0.955,999.91,-15,2.99995,249.969,1,2,0,0.4
0.955,0.965,999.952,-15,2.99997,249.983,1,2,0,0.4
0.955,0.975,999.975,-15,2.99999,249.991,1,2,0,0.4
0.955,0.985,999.987,-15,2.99999,249.996,1,2,0,0.4
0.955,0.995,999.993,-15,3,249.998,1,2,0,0.4
0.965,0.005,12.3075,5.86208,0.324044,410.022,1,2,0,0.4
0.965,0.015,12.1288,5.88001,0.375782,404.889,1,2,0,0.4
0.965,0.025,12.0275,5.86827,0.420401,398.583,1,2,0,0.4
0.965,0.035,11.9959,5.79175,0.456744,392.359,1,2,0,0.4
0.965,0.045,11.9793,5.68826,0.495634,386.297,1,2,0,0.4
0.965,0.055,11.9456,5.58444,0.542707,380.002,1,2,0,0.4
0.965,0.065,11.8848,5.4872,0.597006,373.208,1,2,0,0.4
0.965,0.075,11.7964,5.39568,0.655422,365.789,1,2,0,0.4
0.965,0.085,11.6823,5.3081,0.715163,357.724,1,2,0,0.4
0.965,0.095,11.5468,5.22272,0.774713,349.103,1,2,0,0.4
0.965,0.105,11.3967,5.13817,0.83415,340.121,1,2,0,0.4
0.965,0.115,11.2397,5.05389,0.89497,331.038,1,2,0,0.4
0.965,0.125,11.0831,4.96993,0.959448,322.128,1,2,0,0.4
0.965,0.135,10.934,4.88628,1.02987,313.626,1,2,0,0.4
0.965,0.145,10.797,4.80308,1.10793,305.691,1,2,0,0.4
0.965,0.155,10.6748,4.72031,1.19435,298.394,1,2,0,0.4
0.965,0.165,10.568,4.6378,1.28892,291.73,1,2,0,0.4
0.965,0.175,10.4759,4.5552,1.39069,285.641,1,2,0,0.4
0.965,0.185,10.397,4.47211,1.49832,280.048,1,2,0,0.4
0.965,0.195,10.3297,4.3882,1.61037,274.864,1,2,0,0.4
0.965,0.205,10.2722,4.30319,1.72549,270.011,1,2,0,0.4
0.965,0.215,10.2232,4.21689,1.8425,265.427,1,2,0,0.4
0.965,0.225,10.1817,4.12916,1.96045,261.065,1,2,0,0.4
0.965,0.235,10.1469,4.03996,2.07856,256.892,1,2,0,0.4
0.965,0.245,10.1182,3.94929,2.19617,252.886,1,2,0,0.4
0.965,0.255,10.0955,3.8572,2.31272,249.036,1,2,0,0.4
0.965,0.265,10.0787,3.7638,2.42763,245.339,1,2,0,0.4
0.965,0.275,10.068,3.66921,2.5402,241.804,1,2,0,0.4
0.965,0.285,10.064,3.57362,2.64946,238.456,1,2,0,0.4
0.965,0.295,10.0684,3.47727,2.75389,235.349,1,2,0,0.4
0.965,0.305,10.0843,3.38043,2.8509,232.589,1,2,0,0.4
0.965,0.315,10.118,3.28319,2.93613,230.372,1,2,0,0.4
0.965,0.325,10.1802,3.18502,3.0027,229.023,1,2,0,0.4
0.965,0.335,10.2866,3.0837,3.04142,229,1,2,0,0.4
0.965,0.345,10.4526,2.97363,3.04444,230.71,1,2,0,0.4
0.965,0.355,10.6783,2.84487,3.01431,234.029,1,2,0,0.4
0.965,0.365,10.9325,2.68571,2.97143,237.769,1,2,0,0.4
0.965,0.375,11.1564,2.48917,2.94581,239.853,1,2,0,0.4
0.965,0.385,11.2877,2.25586,2.95619,238.29,1,2,0,0.4
0.965,0.395,11.2748,1.98859,2.99685,231.946,1,2,0,0.4
0.965,0.405,11.0703,1.68323,3.04294,220.331,1,2,0,0.4
0.965,0.415,10.6251,1.32114,3.06082,203.056,1,2,0,0.4
0.965,0.425,9.8943,0.863933,3.01329,179.644,1,2,0,0.4
0.965,0.435,8.85131,0.252551,2.86072,149.877,1,2,0,0.4
0.965,0.445,7.51029,-0.577828,2.58077,114.904,1,2,0,0.4
0.965,0.455,5.98929,-1.65501,2.23837,79.4379,1,2,0,0.4
0.965,0.465,4.6237,-2.84614,1.91635,51.3949,1,2,0,0.4
0.965,0.475,3.78596,-3.70505,1.65996,36.2409,1,2,0,0.4
0.965,0.485,3.48312,-3.97704,1.5454,31.5607,1,2,0,0.4
0.965,0.495,3.41566,-3.99902,1.5366,30.6886,1,2,0,0.4
0.965,0.505,3.38474,-4.00837,1.55498,30.3543,1,2,0,0.4
0.965,0.515,3.34854,-4.06352,1.57429,30.112,1,2,0,0.4
0.965,0.525,3.28315,-4.25353,1.59223,29.9127,1,2,0,0.4
0.965,0.535,3.17227,-4.72092,1.61179,29.7641,1,2,0,0.4
0.965,0.545,3.04268,-5.64736,1.64216,29.7007,1,2,0,0.4
0.965,0.555,3.01226,-7.18224,1.70118,29.7559,1,2,0,0.4
0.965,0.565,3.31577,-9.22681,1.80541,29.8733,1,2,0,0.4
0.965,0.575,4.30086,-11.2744,1.94303,29.8657,1,2,0,0.4
0.965,0.585,6.44477,-12.8127,2.06982,29.6913,1,2,0,0.4
0.965,0.595,10.3925,-13.7575,2.15608,29.6036,1,2,0,0.4
0.965,0.605,16.9472,-14.2849,2.20743,29.9837,1,2,0,0.4
0.965,0.615,26.9106,-14.5737,2.24974,30.9955,1,2,0,0.4
0.965,0.625,41.133,-14.735,2.29403,32.972,1,2,0,0.4
0.965,0.635,60.5176,-14.8283,2.34327,36.2757,1,2,0,0.4
0.965,0.645,85.9704,-14.8844,2.39674,41.1859,1,2,0,0.4
0.965,0.655,118.289,-14.9194,2.45235,47.8668,1,2,0,0.4
0.965,0.665,158.002,-14.9423,2.5079,56.3655,1,2,0,0.4
0.965,0.675,205.219,-14.9578,2.56174,66.6181,1,2,0,0.4
0.965,0.685,259.524,-14.9686,2.61284,78.4581,1,2,0,0.4
0.965,0.695,319.945,-14.9765,2.66062,91.6275,1,2,0,0.4
0.965,0.705,385.015,-14.9822,2.70483,105.795,1,2,0,0.4
0.965,0.715,452.897,-14.9866,2.74539,120.579,1,2,0,0.4
0.965,0.725,521.559,-14.9899,2.78234,135.578,1,2,0,0.4
0.965,0.735,588.966,-14.9924,2.81575,150.398,1,2,0,0.4
0.965,0.745,653.26,-14.9943,2.84571,164.678,1,2,0,0.4
0.965,0.755,712.898,-14.9958,2.87234,178.11,1,2,0,0.4
0.965,0.765,766.745,-14.997,2.89576,190.456,1,2,0,0.4
0.965,0.775,814.107,-14.9978,2.91609,201.548,1,2,0,0.4
0.965,0.785,854.716,-14.9985,2.93351,211.292,1,2,0,0.4
0.965,0.795,888.677,-14.9989,2.94819,219.66,1,2,0,0.4
0.965,0.805,916.391,-14.9993,2.96036,226.684,1,2,0,0.4
0.965,0.815,938.466,-14.9995,2.97024,232.446,1,2,0,0.4
0.965,0.825,955.634,-14.9997,2.9781,237.061,1,2,0,0.4
0.965,0.835,968.67,-14.9998,2.98423,240.668,1,2,0,0.4
0.965,0.845,978.336,-14.9999,2.98888,243.418,1,2,0,0.4
0.965,0.855,985.334,-14.9999,2.99234,245.462,1,2,0,0.4
0.965,0.865,990.282,-15,2.99484,246.943,1,2,0,0.4
0.965,0.875,993.699,-15,2.9966,247.988,1,2,0,0.4
0.965,0.885,996.001,-15,2.99781,248.706,1,2,0,0.4
0.965,0.895,997.517,-15,2.99863,249.187,1,2,0,0.4
0.965,0.905,998.491,-15,2.99916,249.501,1,2,0,0.4
0.965,0.915,999.103,-15,2.99949,249.701,1,2,0,0.4
0.965,0.925,999.478,-15,2.9997,249.825,1,2,0,0.4
0.965,0.935,999.703,-15,2.99983,249.899,1,2,0,0.4
0.965,0.945,999.834,-15,2.9999,249.944,1,2,0,0.4
0.965,0.955,999.91,-15,2.99995,249.969,1,2,0,0.4
0.965,0.965,999.952,-15,2.99997,249.983,1,2,0,0.4
0.965,0.975,999.975,-15,2.99999,249.991,1,2,0,0.4
0.965,0.985,999.987,-15,2.99999,249.996,1,2,0,0.4
0.965,0.995,999.993,-15,3,249.998,1,2,0,0.4
0.975,0.005,12.4155,5.86517,0.61759,409.185,1,2,0,0.4
0.975,0.015,12.2512,5.88812,0.657801,404.981,1,2,0,0.4
0.975,0.025,12.1272,5.89578,0.693745,399.018,1,2,0,0.4
0.975,0.035,12.084,5.82896,0.719294,392.788,1,2,0,0.4
0.975,0.045,12.0733,5.7203,0.744019,386.657,1,2,0,0.4
0.975,0.055,12.053,5.60503,0.775076,380.294,1,2,0,0.4
0.975,0.065,12.0061,5.49562,0.813001,373.411,1,2,0,0.4
0.975,0.075,11.929,5.39298,0.85575,365.864,1,2,0,0.4
0.975,0.085,11.8228,5.2958,0.901391,357.642,1,2,0,0.4
0.975,0.095,11.6922,5.20254,0.949083,348.864,1,2,0,0.4
0.975,0.105,11.5454,5.11184,0.999271,339.763,1,2,0,0.4
0.975,0.115,11.3912,5.02306,1.05345,330.63,1,2,0,0.4
0.975,0.125,11.2381,4.93606,1.11356,321.749,1,2,0,0.4
0.975,0.135,11.0933,4.85061,1.18131,313.346,1,2,0,0.4
0.975,0.145,10.9616,4.76655,1.25772,305.556,1,2,0,0.4
0.975,0.155,10.845,4.68362,1.34292,298.422,1,2,0,0.4
0.975,0.165,10.7439,4.60138,1.4362,291.915,1,2,0,0.4
0.975,0.175,10.6571,4.51928,1.53633,285.963,1,2,0,0.4
0.975,0.185,10.5829,4.43673,1.64184,280.477,1,2,0,0.4
0.975,0.195,10.5194,4.35325,1.75126,275.368,1,2,0,0.4
0.975,0.205,10.4649,4.26846,1.86325,270.558,1,2,0,0.4
0.975,0.215,10.418,4.182,1.97671,265.986,1,2,0,0.4
0.975,0.225,10.3774,4.09368,2.09072,261.606,1,2,0,0.4
0.975,0.235,10.3424,4.00331,2.20456,257.381,1,2,0,0.4
0.975,0.245,10.3122,3.91077,2.31761,253.288,1,2,0,0.4
0.975,0.255,10.2861,3.81595,2.42931,249.308,1,2,0,0.4
0.975,0.265,10.2638,3.71875,2.5391,245.429,1,2,0,0.4
0.975,0.275,10.2449,3.61907,2.64628,241.644,1,2,0,0.4
0.975,0.285,10.2292,3.51679,2.74988,237.957,1,2,0,0.4
0.975,0.295,10.2174,3.41179,2.84838,234.395,1,2,0,0.4
0.975,0.305,10.2114,3.30387,2.93914,231.03,1,2,0,0.4
0.975,0.315,10.2162,3.19258,3.0176,228.017,1,2,0,0.4
0.975,0.325,10.2413,3.07658,3.07624,225.65,1,2,0,0.4
0.975,0.335,10.3024,2.95229,3.10442,224.368,1,2,0,0.4
0.975,0.345,10.4158,2.81142,3.09203,224.568,1,2,0,0.4
0.975,0.355,10.5808,2.6392,3.03971,226.006,1,2,0,0.4
0.975,0.365,10.7548,2.41807,2.96762,227.058,1,2,0,0.4
0.975,0.375,10.8508,2.1361,2.90409,224.869,1,2,0,0.4
0.975,0.385,10.7643,1.78743,2.85908,216.671,1,2,0,0.4
0.975,0.395,10.4035,1.36053,2.81217,200.854,1,2,0,0.4
0.975,0.405,9.70622,0.825415,2.72358,177.019,1,2,0,0.4
0.975,0.415,8.65755,0.1329,2.54847,145.884,1,2,0,0.4
0.975,0.425,7.3038,-0.766156,2.27713,110.043,1,2,0,0.4
0.975,0.435,5.81691,-1.87291,1.97489,75.4134,1,2,0,0.4
0.975,0.445,4.5471,-3.01475,1.71389,49.5215,1,2,0,0.4
0.975,0.455,3.80597,-3.76597,1.52636,36.2655,1,2,0,0.4
0.975,0.465,3.54209,-3.98414,1.46146,32.2568,1,2,0,0.4
0.975,0.475,3.475,-3.99947,1.47494,31.3942,1,2,0,0.4
0.975,0.485,3.43912,-3.99997,1.50451,30.9603,1,2,0,0.4
0.975,0.495,3.41071,-4,1.53144,30.6254,1,2,0,0.4
0.975,0.505,3.38419,-4.00844,1.55441,30.3473,1,2,0,0.4
0.975,0.515,3.34848,-4.06353,1.57423,30.1112,1,2,0,0.4
0.975,0.525,3.28315,-4.25353,1.59223,29.9126,1,2,0,0.4
0.975,0.535,3.17227,-4.72092,1.61179,29.7641,1,2,0,0.4
0.975,0.545,3.04268,-5.64736,1.64216,29.7007,1,2,0,0.4
0.975,0.555,3.01226,-7.18224,1.70118,29.7559,1,2,0,0.4
0.975,0.565,3.31577,-9.22681,1.80541,29.8733,1,2,0,0.4
0.975,0.575,4.30086,-11.2744,1.94303,29.8657,1,2,0,0.4
0.975,0.585,6.44477,-12.8127,2.06982,29.6913,1,2,0,0.4
0.975,0.595,10.3925,-13.7575,2.15608,29.6036,1,2,0,0.4
0.975,0.605,16.9472,-14.2849,2.20743,29.9837,1,2,0,0.4
0.975,0.615,26.9106,-14.5737,2.24974,30.9955,1,2,0,0.4
0.975,0.625,41.133,-14.735,2.29403,32.972,1,2,0,0.4
0.975,0.635,60.5176,-14.8283,2.34327,36.2757,1,2,0,0.4
0.975,0.645,85.9704,-14.8844,2.39674,41.1859,1,2,0,0.4
0.975,0.655,118.289,-14.9194,2.45235,47.8668,1,2,0,0.4
0.975,0.665,158.002,-14.9423,2.5079,56.3655,1,2,0,0.4
0.975,0.675,205.219,-14.9578,2.56174,66.6181,1,2,0,0.4
0.975,0.685,259.524,-14.9686,2.61284,78.4581,1,2,0,0.4
0.975,0.695,319.945,-14.9765,2.66062,91.6275,1,2,0,0.4
0.975,0.705,385.015,-14.9822,2.70483,105.795,1,2,0,0.4
0.975,0.715,452.897,-14.9866,2.74539,120.579,1,2,0,0.4
0.975,0.725,521.559,-14.9899,2.78234,135.578,1,2,0,0.4
0.975,0.735,588.966,-14.9924,2.81575,150.398,1,2,0,0.4
0.975,0.745,653.26,-14.9943,2.84571,164.678,1,2,0,0.4
0.975,0.755,712.898,-14.9958,2.87234,178.11,1,2,0,0.4
0.975,0.765,766.745,-14.997,2.89576,190.456,1,2,0,0.4
0.975,0.775,814.107,-14.9978,2.91609,201.548,1,2,0,0.4
0.975,0.785,854.716,-14.9985,2.93351,211.292,1,2,0,0.4
0.975,0.795,888.677,-14.9989,2.94819,219.66,1,2,0,0.4
0.975,0.805,916.391,-14.9993,2.96036,226.684,1,2,0,0.4
0.975,0.815,938.466,-14.9995,2.97024,232.446,1,2,0,0.4
0.975,0.825,955.634,-14.9997,2.9781,237.061,1,2,0,0.4
0.975,0.835,968.67,-14.9998,2.98423,240.668,1,2,0,0.4
0.975,0.845,978.336,-14.9999,2.98888,243.418,1,2,0,0.4
0.975,0.855,985.334,-14.9999,2.99234,245.462,1,2,0,0.4
0.975,0.865,990.282,-15,2.99484,246.943,1,2,0,0.4
0.975,0.875,993.699,-15,2.9966,247.988,1,2,0,0.4
0.975,0.885,996.001,-15,2.99781,248.706,1,2,0,0.4
0.975,0.895,997.517,-15,2.99863,249.187,1,2,0,0.4
0.975,0.905,998.491,-15,2.99916,249.501,1,2,0,0.4
0.975,0.915,999.103,-15,2.99949,249.701,1,2,0,0.4
0.975,0.925,999.478,-15,2.9997,249.825,1,2,0,0.4
0.975,0.935,999.703,-15,2.99983,249.899,1,2,0,0.4
0.975,0.945,999.834,-15,2.9999,249.944,1,2,0,0.4
0.975,0.955,999.91,-15,2.99995,249.969,1,2,0,0.4
0.975,0.965,999.952,-15,2.99997,249.983,1,2,0,0.4
0.975,0.975,999.975,-15,2.99999,249.991,1,2,0,0.4
0.975,0.985,999.987,-15,2.99999,249.996,1,2,0,0.4
0.975,0.995,999.993,-15,3,249.998,1,2,0,0.4
0.985,0.005,12.3234,5.81118,0.910794,398.903,1,2,0,0.4
0.985,0.015,12.1891,5.84183,0.933776,395.946,1,2,0,0.4
0.985,0.025,12.0521,5.87141,0.959736,390.533,1,2,0,0.4
0.985,0.035,11.9955,5.81845,0.978061,384.49,1,2,0,0.4
0.985,0.045,11.9865,5.70957,0.993839,378.501,1,2,0,0.4
0.985,0.055,11.9777,5.58756,1.01259,372.313,1,2,0,0.4
0.985,0.065,11.9458,5.46992,1.0352,365.601,1,2,0,0.4
0.985,0.075,11.8834,5.35924,1.06104,358.189,1,2,0,0.4
0.985,0.085,11.7901,5.25481,1.09006,350.078,1,2,0,0.4
0.985,0.095,11.6708,5.15568,1.12305,341.427,1,2,0,0.4
0.985,0.105,11.5338,5.06089,1.1615,332.507,1,2,0,0.4
0.985,0.115,11.3891,4.96981,1.20715,323.63,1,2,0,0.4
0.985,0.125,11.2455,4.8821,1.26158,315.076,1,2,0,0.4
0.985,0.135,11.1103,4.79712,1.32575,307.044,1,2,0,0.4
0.985,0.145,10.9877,4.7142,1.39984,299.631,1,2,0,0.4
0.985,0.155,10.8795,4.63265,1.48321,292.848,1,2,0,0.4
0.985,0.165,10.7853,4.55169,1.57461,286.639,1,2,0,0.4
0.985,0.175,10.7037,4.47046,1.67248,280.92,1,2,0,0.4
0.985,0.185,10.6328,4.38817,1.77517,275.594,1,2,0,0.4
0.985,0.195,10.5706,4.30416,1.88116,270.574,1,2,0,0.4
0.985,0.205,10.5152,4.2179,1.98913,265.781,1,2,0,0.4
0.985,0.215,10.4652,4.1289,2.09801,261.153,1,2,0,0.4
0.985,0.225,10.4189,4.03676,2.20688,256.64,1,2,0,0.4
0.985,0.235,10.3754,3.94111,2.31501,252.201,1,2,0,0.4
0.985,0.245,10.3333,3.84155,2.42173,247.801,1,2,0,0.4
0.985,0.255,10.2914,3.73762,2.52642,243.406,1,2,0,0.4
0.985,0.265,10.2483,3.62876,2.6284,238.979,1,2,0,0.4
0.985,0.275,10.2026,3.5143,2.72684,234.483,1,2,0,0.4
0.985,0.285,10.1526,3.39334,2.82056,229.881,1,2,0,0.4
0.985,0.295,10.0967,3.26478,2.9078,225.144,1,2,0,0.4
0.985,0.305,10.0342,3.12713,2.98559,220.27,1,2,0,0.4
0.985,0.315,9.96691,2.97821,3.0488,215.322,1,2,0,0.4
0.985,0.325,9.90078,2.81428,3.0889,210.479,1,2,0,0.4
0.985,0.335,9.84797,2.62796,3.09323,206.043,1,2,0,0.4
0.985,0.345,9.8214,2.4045,3.04818,202.223,1,2,0,0.4
0.985,0.355,9.81246,2.11886,2.94953,198.417,1,2,0,0.4
0.985,0.365,9.75502,1.74105,2.8113,192.341,1,2,0,0.4
0.985,0.375,9.51875,1.24691,2.65206,180.437,1,2,0,0.4
0.985,0.385,8.96669,0.616332,2.46713,159.996,1,2,0,0.4
0.985,0.395,8.0374,-0.176249,2.22833,131.164,1,2,0,0.4
0.985,0.405,6.78323,-1.15179,1.9513,97.8575,1,2,0,0.4
0.985,0.415,5.44582,-2.26842,1.68645,67.187,1,2,0,0.4
0.985,0.425,4.38329,-3.29261,1.48605,45.9565,1,2,0,0.4
0.985,0.435,3.81534,-3.85896,1.36958,36.0679,1,2,0,0.4
0.985,0.445,3.62098,-3.99356,1.35485,33.2174,1,2,0,0.4
0.985,0.455,3.55706,-3.99982,1.39091,32.4034,1,2,0,0.4
0.985,0.465,3.511,-3.99999,1.43371,31.8326,1,2,0,0.4
0.985,0.475,3.47196,-4,1.47182,31.3553,1,2,0,0.4
0.985,0.485,3.43883,-4,1.5042,30.9565,1,2,0,0.4
0.985,0.495,3.41068,-4,1.53141,30.625,1,2,0,0.4
0.985,0.505,3.38419,-4.00844,1.55441,30.3472,1,2,0,0.4
0.985,0.515,3.34848,-4.06353,1.57423,30.1112,1,2,0,0.4
0.985,0.525,3.28315,-4.25353,1.59223,29.9126,1,2,0,0.4
0.985,0.535,3.17227,-4.72092,1.61179,29.7641,1,2,0,0.4
0.985,0.545,3.04268,-5.64736,1.64216,29.7007,1,2,0,0.4
0.985,0.555,3.01226,-7.18224,1.70118,29.7559,1,2,0,0.4
0.985,0.565,3.31577,-9.22681,1.80541,29.8733,1,2,0,0.4
0.985,0.575,4.30086,-11.2744,1.94303,29.8657,1,2,0,0.4
0.985,0.585,6.44477,-12.8127,2.06982,29.6913,1,2,0,0.4
0.985,0.595,10.3925,-13.7575,2.15608,29.6036,1,2,0,0.4
0.985,0.605,16.9472,-14.2849,2.20743,29.9837,1,2,0,0.4
0.985,0.615,26.9106,-14.5737,2.24974,30.9955,1,2,0,0.4
0.985,0.625,41.133,-14.735,2.29403,32.972,1,2,0,0.4
0.985,0.635,60.5176,-14.8283,2.34327,36.2757,1,2,0,0.4
0.985,0.645,85.9704,-14.8844,2.39674,41.1859,1,2,0,0.4
0.985,0.655,118.289,-14.9194,2.45235,47.8668,1,2,0,0.4
0.985,0.665,158.002,-14.9423,2.5079,56.3655,1,2,0,0.4
0.985,0.675,205.219,-14.9578,2.56174,66.6181,1,2,0,0.4
0.985,0.685,259.524,-14.9686,2.61284,78.4581,1,2,0,0.4
0.985,0.695,319.945,-14.9765,2.66062,91.6275,1,2,0,0.4
0.985,0.705,385.015,-14.9822,2.70483,105.795,1,2,0,0.4
0.985,0.715,452.897,-14.9866,2.74539,120.579,1,2,0,0.4
0.985,0.725,521.559,-14.9899,2.78234,135.578,1,2,0,0.4
0.985,0.735,588.966,-14.9924,2.81575,150.398,1,2,0,0.4
0.985,0.745,653.26,-14.9943,2.84571,164.678,1,2,0,0.4
0.985,0.755,712.898,-14.9958,2.87234,178.11,1,2,0,0.4
0.985,0.765,766.745,-14.997,2.89576,190.456,1,2,0,0.4
0.985,0.775,814.107,-14.9978,2.91609,201.548,1,2,0,0.4
0.985,0.785,854.716,-14.9985,2.93351,211.292,1,2,0,0.4
0.985,0.795,888.677,-14.9989,2.94819,219.66,1,2,0,0.4
0.985,0.805,916.391,-14.9993,2.96036,226.684,1,2,0,0.4
0.985,0.815,938.466,-14.9995,2.97024,232.446,1,2,0,0.4
0.985,0.825,955.634,-14.9997,2.9781,237.061,1,2,0,0.4
0.985,0.835,968.67,-14.9998,2.98423,240.668,1,2,0,0.4
0.985,0.845,978.336,-14.9999,2.98888,243.418,1,2,0,0.4
0.985,0.855,985.334,-14.9999,2.99234,245.462,1,2,0,0.4
0.985,0.865,990.282,-15,2.99484,246.943,1,2,0,0.4
0.985,0.875,993.699,-15,2.9966,247.988,1,2,0,0.4
0.985,0.885,996.001,-15,2.99781,248.706,1,2,0,0.4
0.985,0.895,997.517,-15,2.99863,249.187,1,2,0,0.4
0.985,0.905,998.491,-15,2.99916,249.501,1,2,0,0.4
0.985,0.915,999.103,-15,2.99949,249.701,1,2,0,0.4
0.985,0.925,999.478,-15,2.9997,249.825,1,2,0,0.4
0.985,0.935,999.703,-15,2.99983,249.899,1,2,0,0.4
0.985,0.945,999.834,-15,2.9999,249.944,1,2,0,0.4
0.985,0.955,999.91,-15,2.99995,249.969,1,2,0,0.4
0.985,0.965,999.952,-15,2.99997,249.983,1,2,0,0.4
0.985,0.975,999.975,-15,2.99999,249.991,1,2,0,0.4
0.985,0.985,999.987,-15,2.99999,249.996,1,2,0,0.4
0.985,0.995,999.993,-15,3,249.998,1,2,0,0.4
0.995,0.005,11.7677,5.5876,1.19636,369.701,1,2,0,0.4
0.995,0.015,11.6807,5.63501,1.19328,368.458,1,2,0,0.4
0.995,0.025,11.5508,5.69387,1.20715,364.038,1,2,0,0.4
0.995,0.035,11.4929,5.65864,1.22353,358.777,1,2,0,0.4
0.995,0.045,11.4922,5.55361,1.23831,353.66,1,2,0,0.4
0.995,0.055,11.5005,5.42972,1.25105,348.433,1,2,0,0.4
0.995,0.065,11.4897,5.30915,1.26149,342.664,1,2,0,0.4
0.995,0.075,11.4503,5.19557,1.27087,336.148,1,2,0,0.4
0.995,0.085,11.3813,5.08879,1.28205,328.922,1,2,0,0.4
0.995,0.095,11.287,4.98874,1.29845,321.181,1,2,0,0.4
0.995,0.105,11.1752,4.89496,1.32314,313.217,1,2,0,0.4
0.995,0.115,11.0552,4.80672,1.35833,305.333,1,2,0,0.4
0.995,0.125,10.9352,4.72313,1.40529,297.774,1,2,0,0.4
0.995,0.135,10.8215,4.64273,1.46423,290.69,1,2,0,0.4
0.995,0.145,10.7174,4.56418,1.53443,284.131,1,2,0,0.4
0.995,0.155,10.6237,4.48613,1.61444,278.072,1,2,0,0.4
0.995,0.165,10.5396,4.40737,1.70248,272.436,1,2,0,0.4
0.995,0.175,10.4634,4.32672,1.79661,267.128,1,2,0,0.4
0.995,0.185,10.3929,4.24312,1.89501,262.051,1,2,0,0.4
0.995,0.195,10.326,4.15569,1.99609,257.117,1,2,0,0.4
0.995,0.205,10.2605,4.06368,2.0985,252.248,1,2,0,0.4
0.995,0.215,10.1943,3.96636,2.20114,247.376,1,2,0,0.4
0.995,0.225,10.1256,3.86297,2.30303,242.442,1,2,0,0.4
0.995,0.235,10.0521,3.75271,2.40335,237.386,1,2,0,0.4
0.995,0.245,9.97152,3.63454,2.50128,232.149,1,2,0,0.4
0.995,0.255,9.88124,3.50717,2.59599,226.663,1,2,0,0.4
0.995,0.265,9.77793,3.36903,2.68654,220.846,1,2,0,0.4
0.995,0.275,9.65769,3.21801,2.7717,214.606,1,2,0,0.4
0.995,0.285,9.51594,3.05138,2.84984,207.832,1,2,0,0.4
0.995,0.295,9.34763,2.86561,2.91852,200.406,1,2,0,0.4
0.995,0.305,9.1477,2.65611,2.974,192.215,1,2,0,0.4
0.995,0.315,8.91272,2.41659,3.01002,183.186,1,2,0,0.4
0.995,0.325,8.64331,2.13771,3.01633,173.335,1,2,0,0.4
0.995,0.335,8.34596,1.80415,2.97722,162.756,1,2,0,0.4
0.995,0.345,8.02754,1.3892,2.87332,151.4,1,2,0,0.4
0.995,0.355,7.67168,0.851291,2.69122,138.468,1,2,0,0.4
0.995,0.365,7.20944,0.145453,2.43586,122.078,1,2,0,0.4
0.995,0.375,6.55124,-0.74883,2.12816,100.828,1,2,0,0.4
0.995,0.385,5.69913,-1.79557,1.80043,76.6612,1,2,0,0.4
0.995,0.395,4.81408,-2.85033,1.51634,55.1564,1,2,0,0.4
0.995,0.405,4.15196,-3.6245,1.3186,41.5213,1,2,0,0.4
0.995,0.415,3.8243,-3.94705,1.23646,35.9307,1,2,0,0.4
0.995,0.425,3.71516,-3.9991,1.24552,34.3981,1,2,0,0.4
0.995,0.435,3.65892,-3.99999,1.29035,33.6815,1,2,0,0.4
0.995,0.445,3.60577,-4,1.34099,33.0118,1,2,0,0.4
0.995,0.455,3.55579,-4,1.38963,32.387,1,2,0,0.4
0.995,0.465,3.51089,-4,1.4336,31.8313,1,2,0,0.4
0.995,0.475,3.47195,-4,1.47182,31.3552,1,2,0,0.4
0.995,0.485,3.43882,-4,1.5042,30.9565,1,2,0,0.4
0.995,0.495,3.41068,-4,1.53141,30.625,1,2,0,0.4
0.995,0.505,3.38419,-4.00844,1.55441,30.3472,1,2,0,0.4
0.995,0.515,3.34848,-4.06353,1.57423,30.1112,1,2,0,0.4
0.995,0.525,3.28315,-4.25353,1.59223,29.9126,1,2,0,0.4
0.995,0.535,3.17227,-4.72092,1.61179,29.7641,1,2,0,0.4
0.995,0.545,3.04268,-5.64736,1.64216,29.7007,1,2,0,0.4
0.995,0.555,3.01226,-7.18224,1.70118,29.7559,1,2,0,0.4
0.995,0.565,3.31577,-9.22681,1.80541,29.8733,1,2,0,0.4
0.995,0.575,4.30086,-11.2744,1.94303,29.8657,1,2,0,0.4
0.995,0.585,6.44477,-12.8127,2.06982,29.6913,1,2,0,0.4
0.995,0.595,10.3925,-13.7575,2.15608,29.6036,1,2,0,0.4
0.995,0.605,16.9472,-14.2849,2.20743,29.9837,1,2,0,0.4
0.995,0.615,26.9106,-14.5737,2.24974,30.9955,1,2,0,0.4
0.995,0.625,41.133,-14.735,2.29403,32.972,1,2,0,0.4
0.995,0.635,60.5176,-14.8283,2.34327,36.2757,1,2,0,0.4
0.995,0.645,85.9704,-14.8844,2.39674,41.1859,1,2,0,0.4
0.995,0.655,118.289,-14.9194,2.45235,47.8668,1,2,0,0.4
0.995,0.665,158.002,-14.9423,2.5079,56.3655,1,2,0,0.4
0.995,0.675,205.219,-14.9578,2.56174,66.6181,1,2,0,0.4
0.995,0.685,259.524,-14.9686,2.61284,78.4581,1,2,0,0.4
0.995,0.695,319.945,-14.9765,2.66062,91.6275,1,2,0,0.4
0.995,0.705,385.015,-14.9822,2.70483,105.795,1,2,0,0.4
0.995,0.715,452.897,-14.9866,2.74539,120.579,1,2,0,0.4
0.995,0.725,521.559,-14.9899,2.78234,135.578,1,2,0,0.4
0.995,0.735,588.966,-14.9924,2.81575,150.398,1,2,0,0.4
0.995,0.745,653.26,-14.9943,2.84571,164.678,1,2,0,0.4
0.995,0.755,712.898,-14.9958,2.87234,178.11,1,2,0,0.4
0.995,0.765,766.745,-14.997,2.89576,190.456,1,2,0,0.4
0.995,0.775,814.107,-14.9978,2.91609,201.548,1,2,0,0.4
0.995,0.785,854.716,-14.9985,2.93351,211.292,1,2,0,0.4
0.995,0.795,888.677,-14.9989,2.94819,219.66,1,2,0,0.4
0.995,0.805,916.391,-14.9993,2.96036,226.684,1,2,0,0.4
0.995,0.815,938.466,-14.9995,2.97024,232.446,1,2,0,0.4
0.995,0.825,955.634,-14.9997,2.9781,237.061,1,2,0,0.4
0.995,0.835,968.67,-14.9998,2.98423,240.668,1,2,0,0.4
0.995,0.845,978.336,-14.9999,2.98888,243.418,1,2,0,0.4
0.995,0.855,985.334,-14.9999,2.99234,245.462,1,2,0,0.4
0.995,0.865,990.282,-15,2.99484,246.943,1,2,0,0.4
0.995,0.875,993.699,-15,2.9966,247.988,1,2,0,0.4
0.995,0.885,996.001,-15,2.99781,248.706,1,2,0,0.4
0.995,0.895,997.517,-15,2.99863,249.187,1,2,0,0.4
0.995,0.905,998.491,-15,2.99916,249.501,1,2,0,0.4
0.995,0.915,999.103,-15,2.99949,249.701,1,2,0,0.4
0.995,0.925,999.478,-15,2.9997,249.825,1,2,0,0.4
0.995,0.935,999.703,-15,2.99983,249.899,1,2,0,0.4
0.995,0.945,999.834,-15,2.9999,249.944,1,2,0,0.4
0.995,0.955,999.91,-15,2.99995,249.969,1,2,0,0.4
0.995,0.965,999.952,-15,2.99997,249.983,1,2,0,0.4
0.995,0.975,999.975,-15,2.99999,249.991,1,2,0,0.4
0.995,0.985,999.987,-15,2.99999,249.996,1,2,0,0.4
0.995,0.995,999.993,-15,3,249.998,1,2,0,0.4
