x,y,rho,u,v,p,rho_exact,u_exact,v_exact,p_exact
0.005,0.005,2.96257,5.17592,-3.77092,35.416,1,-2,0,0.4
0.005,0.015,4.28476,5.40843,-5.63221,63.8793,1,-2,0,0.4
0.005,0.025,5.32967,5.71945,-6.59044,84.1829,1,-2,0,0.4
0.005,0.035,6.18051,6.09842,-7.06558,96.5015,1,-2,0,0.4
0.005,0.045,6.97215,6.53088,-7.30065,103.595,1,-2,0,0.4
0.005,0.055,7.81752,6.99409,-7.41617,107.681,1,-2,0,0.4
0.005,0.065,8.79514,7.46052,-7.47133,110.116,1,-2,0,0.4
0.005,0.075,9.95598,7.90405,-7.49497,111.69,1,-2,0,0.4
0.005,0.085,11.3232,8.30528,-7.50319,112.783,1,-2,0,0.4
0.005,0.095,12.898,8.65343,-7.50407,113.612,1,-2,0,0.4
0.005,0.105,14.6628,8.94564,-7.50121,114.325,1,-2,0,0.4
0.005,0.115,16.5826,9.18467,-7.49606,115.022,1,-2,0,0.4
0.005,0.125,18.6109,9.37638,-7.48881,115.788,1,-2,0,0.4
0.005,0.135,20.6978,9.52778,-7.47866,116.722,1,-2,0,0.4
0.005,0.145,22.7987,9.64582,-7.46425,117.941,1,-2,0,0.4
0.005,0.155,24.8811,9.73678,-7.44396,119.583,1,-2,0,0.4
0.005,0.165,26.9296,9.80611,-7.41615,121.793,1,-2,0,0.4
0.005,0.175,28.9461,9.85838,-7.37941,124.718,1,-2,0,0.4
0.005,0.185,30.9477,9.89736,-7.3327,128.495,1,-2,0,0.4
0.005,0.195,32.9614,9.92613,-7.27548,133.241,1,-2,0,0.4
0.005,0.205,35.0182,9.94716,-7.20778,139.048,1,-2,0,0.4
0.005,0.215,37.1485,9.9624,-7.13011,145.984,1,-2,0,0.4
0.005,0.225,39.3794,9.97337,-7.04347,154.101,1,-2,0,0.4
0.005,0.235,41.741,9.98121,-6.94961,163.492,1,-2,0,0.4
0.005,0.245,44.3224,9.98662,-6.85476,174.728,1,-2,0,0.4
0.005,0.255,47.6121,9.98817,-6.79706,192.472,1,-2,0,0.4
0.005,0.265,53.9099,9.96379,-7.00254,254.024,1,-2,0,0.4
0.005,0.275,69.6328,9.76501,-8.178,576.947,1,-2,0,0.4
0.005,0.285,101.532,9.02729,-10.594,1703.99,1,-2,0,0.4
0.005,0.295,146.521,7.53512,-13.0499,3899.04,1,-2,0,0.4
0.005,0.305,197.092,5.41061,-14.5331,6783.87,1,-2,0,0.4
0.005,0.315,241.925,3.34278,-14.9404,9488.71,1,-2,0,0.4
0.005,0.325,270.28,1.7966,-14.7065,11235.6,1,-2,0,0.4
0.005,0.335,284.4,0.704727,-14.1831,12087.2,1,-2,0,0.4
0.005,0.345,290.712,-0.0815091,-13.5479,12411.5,1,-2,0,0.4
0.005,0.355,294.647,-0.663056,-12.8748,12550.8,1,-2,0,0.4
0.005,0.365,297.259,-1.10044,-12.2459,12670.8,1,-2,0,0.4
0.005,0.375,298.051,-1.44162,-11.694,12801.6,1,-2,0,0.4
0.005,0.385,296.915,-1.725,-11.2192,12937.3,1,-2,0,0.4
0.005,0.395,294.237,-1.97786,-10.8109,13068.6,1,-2,0,0.4
0.005,0.405,290.651,-2.21745,-10.4562,13190.6,1,-2,0,0.4
0.005,0.415,286.824,-2.45358,-10.1438,13301.8,1,-2,0,0.4
0.005,0.425,283.341,-2.69114,-9.86433,13403.1,1,-2,0,0.4
0.005,0.435,280.685,-2.93207,-9.60984,13497.9,1,-2,0,0.4
0.005,0.445,279.234,-3.17703,-9.37297,13591.5,1,-2,0,0.4
0.005,0.455,279.268,-3.42639,-9.14702,13689.7,1,-2,0,0.4
0.005,0.465,281.007,-3.68072,-8.92548,13799.2,1,-2,0,0.4
0.005,0.475,284.642,-3.94082,-8.70187,13928.1,1,-2,0,0.4
0.005,0.485,290.4,-4.20753,-8.46869,14088.2,1,-2,0,0.4
0.005,0.495,298.894,-4.47999,-8.20868,14317.3,1,-2,0,0.4
0.005,0.505,310.009,-4.75872,-7.92819,14601.2,1,-2,0,0.4
0.005,0.515,323.895,-5.04707,-7.62726,14942,1,-2,0,0.4
0.005,0.525,340.952,-5.34341,-7.30149,15357.4,1,-2,0,0.4
0.005,0.535,361.39,-5.64647,-6.95314,15851.2,1,-2,0,0.4
0.005,0.545,385.287,-5.95471,-6.58769,16420.2,1,-2,0,0.4
0.005,0.555,412.909,-6.26497,-6.20608,17075.6,1,-2,0,0.4
0.005,0.565,444.517,-6.57379,-5.80931,17831.1,1,-2,0,0.4
0.005,0.575,480.229,-6.87739,-5.40019,18696.5,1,-2,0,0.4
0.005,0.585,519.929,-7.17128,-4.98342,19675.4,1,-2,0,0.4
0.005,0.595,563.229,-7.45,-4.56472,20766.6,1,-2,0,0.4
0.005,0.605,609.363,-7.70817,-4.15044,21960,1,-2,0,0.4
0.005,0.615,657.119,-7.94144,-3.74753,23233.2,1,-2,0,0.4
0.005,0.625,704.98,-8.14669,-3.36276,24554.4,1,-2,0,0.4
0.005,0.635,751.402,-8.32255,-3.00177,25888.2,1,-2,0,0.4
0.005,0.645,795.093,-8.4696,-2.66835,27201.3,1,-2,0,0.4
0.005,0.655,835.21,-8.59007,-2.36427,28467.1,1,-2,0,0.4
0.005,0.665,871.384,-8.68724,-2.08952,29667.2,1,-2,0,0.4
0.005,0.675,903.648,-8.76485,-1.84285,30791.2,1,-2,0,0.4
0.005,0.685,932.299,-8.82659,-1.62218,31835,1,-2,0,0.4
0.005,0.695,957.768,-8.87579,-1.42506,32799.8,1,-2,0,0.4
0.005,0.705,980.52,-8.91531,-1.24891,33689.3,1,-2,0,0.4
0.005,0.715,1000.99,-8.94748,-1.09125,34509.6,1,-2,0,0.4
0.005,0.725,1019.55,-8.97412,-0.94977,35266.8,1,-2,0,0.4
0.005,0.735,1036.51,-8.99662,-0.822436,35967.5,1,-2,0,0.4
0.005,0.745,1052.09,-9.01603,-0.707486,36617.4,1,-2,0,0.4
0.005,0.755,1066.47,-9.03307,-0.603441,37221.2,1,-2,0,0.4
0.005,0.765,1079.77,-9.04826,-0.509094,37783,1,-2,0,0.4
0.005,0.775,1092.07,-9.06196,-0.423473,38305.6,1,-2,0,0.4
0.005,0.785,1103.42,-9.07438,-0.345815,38791.1,1,-2,0,0.4
0.005,0.795,1113.87,-9.08568,-0.275522,39240.6,1,-2,0,0.4
0.005,0.805,1123.43,-9.09593,-0.212124,39654.8,1,-2,0,0.4
0.005,0.815,1132.12,-9.10519,-0.155247,40034.1,1,-2,0,0.4
0.005,0.825,1139.95,-9.11349,-0.104572,40378.4,1,-2,0,0.4
0.005,0.835,1146.93,-9.12086,-0.0598074,40688,1,-2,0,0.4
0.005,0.845,1153.08,-9.12732,-0.0206662,40963.2,1,-2,0,0.4
0.005,0.855,1158.43,-9.13292,0.0131586,41204.5,1,-2,0,0.4
0.005,0.865,1163.03,-9.13769,0.0420044,41413.1,1,-2,0,0.4
0.005,0.875,1166.9,-9.1417,0.0662464,41590.5,1,-2,0,0.4
0.005,0.885,1170.13,-9.14501,0.0862969,41738.9,1,-2,0,0.4
0.005,0.895,1172.76,-9.14769,0.102599,41860.7,1,-2,0,0.4
0.005,0.905,1174.86,-9.14983,0.115614,41958.8,1,-2,0,0.4
0.005,0.915,1176.51,-9.15149,0.125809,42036.2,1,-2,0,0.4
0.005,0.925,1177.79,-9.15276,0.133637,42096.1,1,-2,0,0.4
0.005,0.935,1178.75,-9.15371,0.139527,42141.4,1,-2,0,0.4
0.005,0.945,1179.45,-9.15441,0.143865,42175,1,-2,0,0.4
0.005,0.955,1179.97,-9.15491,0.146993,42199.3,1,-2,0,0.4
0.005,0.965,1180.33,-9.15526,0.1492,42216.6,1,-2,0,0.4
0.005,0.975,1180.58,-9.15551,0.150723,42228.6,1,-2,0,0.4
0.005,0.985,1180.75,-9.15567,0.15175,42236.7,1,-2,0,0.4
0.005,0.995,1180.86,-9.15577,0.152425,42242.2,1,-2,0,0.4
0.015,0.005,2.96257,5.17592,-3.77092,35.416,1,-2,0,0.4
0.015,0.015,4.28476,5.40843,-5.63221,63.8793,1,-2,0,0.4
0.015,0.025,5.32967,5.71945,-6.59044,84.1829,1,-2,0,0.4
0.015,0.035,6.18051,6.09842,-7.06558,96.5015,1,-2,0,0.4
0.015,0.045,6.97215,6.53088,-7.30065,103.595,1,-2,0,0.4
0.015,0.055,7.81752,6.99409,-7.41617,107.681,1,-2,0,0.4
0.015,0.065,8.79514,7.46052,-7.47133,110.116,1,-2,0,0.4
0.015,0.075,9.95598,7.90405,-7.49497,111.69,1,-2,0,0.4
0.015,0.085,11.3232,8.30528,-7.50319,112.783,1,-2,0,0.4
0.015,0.095,12.898,8.65343,-7.50407,113.612,1,-2,0,0.4
0.015,0.105,14.6628,8.94564,-7.50121,114.325,1,-2,0,0.4
0.015,0.115,16.5826,9.18467,-7.49606,115.022,1,-2,0,0.4
0.015,0.125,18.6109,9.37638,-7.48881,115.788,1,-2,0,0.4
0.015,0.135,20.6978,9.52778,-7.47866,116.722,1,-2,0,0.4
0.015,0.145,22.7987,9.64582,-7.46425,117.941,1,-2,0,0.4
0.015,0.155,24.8811,9.73678,-7.44396,119.583,1,-2,0,0.4
0.015,0.165,26.9296,9.80611,-7.41615,121.793,1,-2,0,0.4
0.015,0.175,28.9461,9.85838,-7.37941,124.718,1,-2,0,0.4
0.015,0.185,30.9477,9.89736,-7.3327,128.495,1,-2,0,0.4
0.015,0.195,32.9614,9.92613,-7.27548,133.241,1,-2,0,0.4
0.015,0.205,35.0182,9.94716,-7.20778,139.048,1,-2,0,0.4
0.015,0.215,37.1487,9.9624,-7.13012,145.985,1,-2,0,0.4
0.015,0.225,39.3808,9.97335,-7.04355,154.11,1,-2,0,0.4
0.015,0.235,41.752,9.98107,-6.95034,163.568,1,-2,0,0.4
0.015,0.245,44.4029,9.98528,-6.86072,175.405,1,-2,0,0.4
0.015,0.255,48.1164,9.97517,-6.84273,198.628,1,-2,0,0.4
0.015,0.265,56.2916,9.85352,-7.26352,305.679,1,-2,0,0.4
0.015,0.275,77.5059,9.19735,-8.92766,864.451,1,-2,0,0.4
0.015,0.285,121.96,7.5456,-11.4929,2609.22,1,-2,0,0.4
0.015,0.295,193.896,5.19464,-13.3083,5975.18,1,-2,0,0.4
0.015,0.305,261.955,3.30485,-13.96,9546.81,1,-2,0,0.4
0.015,0.315,301.045,2.02449,-13.8815,11746.6,1,-2,0,0.4
0.015,0.325,318.485,1.11442,-13.4235,12691.8,1,-2,0,0.4
0.015,0.335,324.664,0.431227,-12.8227,12956.1,1,-2,0,0.4
0.015,0.345,325.242,-0.105207,-12.2249,12961.4,1,-2,0,0.4
0.015,0.355,321.545,-0.535442,-11.7132,12898.3,1,-2,0,0.4
0.015,0.365,314.926,-0.884392,-11.2902,12833.6,1,-2,0,0.4
0.015,0.375,306.867,-1.17753,-10.9361,12791.2,1,-2,0,0.4
0.015,0.385,298.529,-1.43767,-10.6288,12775,1,-2,0,0.4
0.015,0.395,290.697,-1.68128,-10.3511,12781.5,1,-2,0,0.4
0.015,0.405,283.864,-1.9187,-10.0922,12805.6,1,-2,0,0.4
0.015,0.415,278.324,-2.15576,-9.84634,12842.1,1,-2,0,0.4
0.015,0.425,274.268,-2.3954,-9.61034,12887.4,1,-2,0,0.4
0.015,0.435,271.838,-2.63896,-9.3818,12940.3,1,-2,0,0.4
0.015,0.445,271.161,-2.88717,-9.15783,13001.9,1,-2,0,0.4
0.015,0.455,272.354,-3.14081,-8.93482,13074.9,1,-2,0,0.4
0.015,0.465,275.547,-3.40092,-8.70825,13164.2,1,-2,0,0.4
0.015,0.475,280.896,-3.6687,-8.47291,13276.8,1,-2,0,0.4
0.015,0.485,288.715,-3.94509,-8.22,13429.1,1,-2,0,0.4
0.015,0.495,299.588,-4.22768,-7.93584,13652.8,1,-2,0,0.4
0.015,0.505,313.343,-4.51914,-7.63156,13926.4,1,-2,0,0.4
0.015,0.515,330.389,-4.82107,-7.30263,14263.8,1,-2,0,0.4
0.015,0.525,351.182,-5.13177,-6.94761,14679.8,1,-2,0,0.4
0.015,0.535,376.051,-5.44976,-6.57016,15178.8,1,-2,0,0.4
0.015,0.545,405.256,-5.77316,-6.17577,15762,1,-2,0,0.4
0.015,0.555,439.245,-6.09838,-5.76631,16443.6,1,-2,0,0.4
0.015,0.565,478.475,-6.42145,-5.34364,17240.6,1,-2,0,0.4
0.015,0.575,523.264,-6.73791,-4.91125,18167.2,1,-2,0,0.4
0.015,0.585,573.672,-7.04253,-4.47395,19232.5,1,-2,0,0.4
0.015,0.595,629.269,-7.33089,-4.03713,20434.2,1,-2,0,0.4
0.015,0.605,688.945,-7.59905,-3.60731,21754.9,1,-2,0,0.4
0.015,0.615,750.953,-7.84233,-3.19164,23165.6,1,-2,0,0.4
0.015,0.625,813.088,-8.05644,-2.7971,24628,1,-2,0,0.4
0.015,0.635,873.075,-8.2389,-2.42933,26100.3,1,-2,0,0.4
0.015,0.645,929.015,-8.3897,-2.09194,27544.2,1,-2,0,0.4
0.015,0.655,979.687,-8.5111,-1.78634,28929.1,1,-2,0,0.4
0.015,0.665,1024.61,-8.60682,-1.51207,30234.5,1,-2,0,0.4
0.015,0.675,1063.91,-8.68121,-1.2674,31449.3,1,-2,0,0.4
0.015,0.685,1098.1,-8.73855,-1.04988,32570.1,1,-2,0,0.4
0.015,0.695,1127.92,-8.78272,-0.856719,33598.9,1,-2,0,0.4
0.015,0.705,1154.09,-8.81695,-0.685089,34541.5,1,-2,0,0.4
0.015,0.715,1177.31,-8.84388,-0.532298,35405.3,1,-2,0,0.4
0.015,0.725,1198.15,-8.86552,-0.395882,36198.4,1,-2,0,0.4
0.015,0.735,1217.06,-8.88336,-0.273665,36929,1,-2,0,0.4
0.015,0.745,1234.38,-8.89849,-0.163773,37604,1,-2,0,0.4
0.015,0.755,1250.35,-8.91165,-0.06464,38229.5,1,-2,0,0.4
0.015,0.765,1265.14,-8.92333,0.025019,38810.4,1,-2,0,0.4
0.015,0.775,1278.86,-8.93387,0.106232,39350.3,1,-2,0,0.4
0.015,0.785,1291.58,-8.94344,0.179807,39851.7,1,-2,0,0.4
0.015,0.795,1303.33,-8.95216,0.246373,40316.2,1,-2,0,0.4
0.015,0.805,1314.13,-8.96009,0.306417,40744.9,1,-2,0,0.4
0.015,0.815,1323.99,-8.96726,0.360324,41138,1,-2,0,0.4
0.015,0.825,1332.92,-8.97369,0.408411,41495.8,1,-2,0,0.4
0.015,0.835,1340.92,-8.97938,0.450958,41818.2,1,-2,0,0.4
0.015,0.845,1348,-8.98437,0.488236,42105.6,1,-2,0,0.4
0.015,0.855,1354.2,-8.98867,0.520527,42358.4,1,-2,0,0.4
0.015,0.865,1359.55,-8.99233,0.548138,42577.6,1,-2,0,0.4
0.015,0.875,1364.08,-8.99539,0.571411,42764.8,1,-2,0,0.4
0.015,0.885,1367.87,-8.9979,0.590722,42921.9,1,-2,0,0.4
0.015,0.895,1370.97,-8.99993,0.606476,43051.3,1,-2,0,0.4
0.015,0.905,1373.47,-9.00154,0.6191,43156,1,-2,0,0.4
0.015,0.915,1375.44,-9.00279,0.629026,43239,1,-2,0,0.4
0.015,0.925,1376.96,-9.00374,0.636678,43303.4,1,-2,0,0.4
0.015,0.935,1378.12,-9.00445,0.642458,43352.3,1,-2,0,0.4
0.015,0.945,1378.98,-9.00497,0.646734,43388.8,1,-2,0,0.4
0.015,0.955,1379.6,-9.00535,0.649831,43415.3,1,-2,0,0.4
0.015,0.965,1380.04,-9.00561,0.652026,43434.2,1,-2,0,0.4
0.015,0.975,1380.35,-9.00579,0.653547,43447.4,1,-2,0,0.4
0.015,0.985,1380.56,-9.00591,0.654578,43456.4,1,-2,0,0.4
0.015,0.995,1380.7,-9.00598,0.655259,43462.4,1,-2,0,0.4
0.025,0.005,2.96257,5.17592,-3.77092,35.416,1,-2,0,0.4
0.025,0.015,4.28476,5.40843,-5.63221,63.8793,1,-2,0,0.4
0.025,0.025,5.32967,5.71945,-6.59044,84.1829,1,-2,0,0.4
0.025,0.035,6.18051,6.09842,-7.06558,96.5015,1,-2,0,0.4
0.025,0.045,6.97215,6.53088,-7.30065,103.595,1,-2,0,0.4
0.025,0.055,7.81752,6.99409,-7.41617,107.681,1,-2,0,0.4
0.025,0.065,8.79514,7.46052,-7.47133,110.116,1,-2,0,0.4
0.025,0.075,9.95598,7.90405,-7.49497,111.69,1,-2,0,0.4
0.025,0.085,11.3232,8.30528,-7.50319,112.783,1,-2,0,0.4
0.025,0.095,12.898,8.65343,-7.50407,113.612,1,-2,0,0.4
0.025,0.105,14.6628,8.94564,-7.50121,114.325,1,-2,0,0.4
0.025,0.115,16.5826,9.18467,-7.49606,115.022,1,-2,0,0.4
0.025,0.125,18.6109,9.37638,-7.48881,115.788,1,-2,0,0.4
0.025,0.135,20.6978,9.52778,-7.47866,116.722,1,-2,0,0.4
0.025,0.145,22.7987,9.64582,-7.46425,117.941,1,-2,0,0.4
0.025,0.155,24.8811,9.73678,-7.44396,119.583,1,-2,0,0.4
0.025,0.165,26.9296,9.80611,-7.41615,121.793,1,-2,0,0.4
0.025,0.175,28.9461,9.85838,-7.37941,124.718,1,-2,0,0.4
0.025,0.185,30.9477,9.89736,-7.3327,128.495,1,-2,0,0.4
0.025,0.195,32.9614,9.92613,-7.27548,133.241,1,-2,0,0.4
0.025,0.205,35.0187,9.94715,-7.20781,139.05,1,-2,0,0.4
0.025,0.215,37.1521,9.96236,-7.13035,146.005,1,-2,0,0.4
0.025,0.225,39.4049,9.973,-7.04521,154.272,1,-2,0,0.4
0.025,0.235,41.9125,9.97798,-6.96256,164.876,1,-2,0,0.4
0.025,0.245,45.3429,9.95789,-6.94599,186.08,1,-2,0,0.4
0.025,0.255,52.4749,9.75703,-7.31868,281.948,1,-2,0,0.4
0.025,0.265,71.0877,8.72867,-8.78113,782.969,1,-2,0,0.4
0.025,0.275,117.1,6.26626,-10.9743,2479.67,1,-2,0,0.4
0.025,0.285,198.604,3.73646,-12.4163,5842.19,1,-2,0,0.4
0.025,0.295,273.428,2.35427,-13.0594,9343.42,1,-2,0,0.4
0.025,0.305,319.758,1.641,-13.1591,11745.9,1,-2,0,0.4
0.025,0.315,341.063,1.16977,-12.9264,12965.6,1,-2,0,0.4
0.025,0.325,345.609,0.772841,-12.5351,13356.6,1,-2,0,0.4
0.025,0.335,340.843,0.407754,-12.1026,13322.3,1,-2,0,0.4
0.025,0.345,331.423,0.0689915,-11.693,13130.3,1,-2,0,0.4
0.025,0.355,319.855,-0.244019,-11.334,12904.1,1,-2,0,0.4
0.025,0.365,307.87,-0.534423,-11.0143,12697.6,1,-2,0,0.4
0.025,0.375,296.752,-0.806826,-10.719,12539.9,1,-2,0,0.4
0.025,0.385,287.065,-1.06671,-10.4395,12435.1,1,-2,0,0.4
0.025,0.395,278.958,-1.3191,-10.172,12374.4,1,-2,0,0.4
0.025,0.405,272.484,-1.56799,-9.9144,12346.6,1,-2,0,0.4
0.025,0.415,267.689,-1.81631,-9.66575,12341.7,1,-2,0,0.4
0.025,0.425,264.633,-2.06612,-9.42456,12353.1,1,-2,0,0.4
0.025,0.435,263.398,-2.31901,-9.18848,12377.5,1,-2,0,0.4
0.025,0.445,264.08,-2.57636,-8.95424,12414.5,1,-2,0,0.4
0.025,0.455,266.792,-2.8397,-8.71772,12466.1,1,-2,0,0.4
0.025,0.465,271.68,-3.11057,-8.47404,12536.6,1,-2,0,0.4
0.025,0.475,278.945,-3.39037,-8.2177,12633.5,1,-2,0,0.4
0.025,0.485,289.106,-3.67936,-7.93618,12782.6,1,-2,0,0.4
0.025,0.495,302.526,-3.9747,-7.62606,12995.5,1,-2,0,0.4
0.025,0.505,319.276,-4.28056,-7.29401,13261.6,1,-2,0,0.4
0.025,0.515,339.914,-4.59642,-6.93635,13597.7,1,-2,0,0.4
0.025,0.525,365.019,-4.92057,-6.55345,14017.4,1,-2,0,0.4
0.025,0.535,395.082,-5.25143,-6.14995,14526.6,1,-2,0,0.4
0.025,0.545,430.604,-5.58692,-5.73114,15131.3,1,-2,0,0.4
0.025,0.555,472.273,-5.9236,-5.29939,15848.2,1,-2,0,0.4
0.025,0.565,520.787,-6.25795,-4.85704,16696.1,1,-2,0,0.4
0.025,0.575,576.58,-6.58723,-4.40822,17685.9,1,-2,0,0.4
0.025,0.585,639.576,-6.9098,-3.95827,18815.4,1,-2,0,0.4
0.025,0.595,709.27,-7.22126,-3.51227,20080.5,1,-2,0,0.4
0.025,0.605,784.426,-7.51471,-3.07591,21469.7,1,-2,0,0.4
0.025,0.615,862.891,-7.78212,-2.65578,22958.4,1,-2,0,0.4
0.025,0.625,941.738,-8.01653,-2.25864,24508.7,1,-2,0,0.4
0.025,0.635,1017.78,-8.21397,-1.89014,26075.4,1,-2,0,0.4
0.025,0.645,1088.29,-8.37417,-1.55378,27614.6,1,-2,0,0.4
0.025,0.655,1151.47,-8.50002,-1.2507,29090.7,1,-2,0,0.4
0.025,0.665,1206.62,-8.5963,-0.980118,30479.3,1,-2,0,0.4
0.025,0.675,1253.95,-8.66845,-0.739938,31766.9,1,-2,0,0.4
0.025,0.685,1294.27,-8.72175,-0.527412,32949.4,1,-2,0,0.4
0.025,0.695,1328.64,-8.76081,-0.33955,34029.1,1,-2,0,0.4
0.025,0.705,1358.2,-8.78951,-0.173385,35012.7,1,-2,0,0.4
0.025,0.715,1383.95,-8.81083,-0.026123,35909.1,1,-2,0,0.4
0.025,0.725,1406.76,-8.82708,0.104776,36727.9,1,-2,0,0.4
0.025,0.735,1427.28,-8.8399,0.221555,37478.7,1,-2,0,0.4
0.025,0.745,1446,-8.85042,0.326147,38169.9,1,-2,0,0.4
0.025,0.755,1463.26,-8.85939,0.420177,38808.8,1,-2,0,0.4
0.025,0.765,1479.27,-8.86731,0.504978,39401.1,1,-2,0,0.4
0.025,0.775,1494.2,-8.87445,0.581618,39951.2,1,-2,0,0.4
0.025,0.785,1508.11,-8.88099,0.650942,40462.2,1,-2,0,0.4
0.025,0.795,1521.04,-8.88697,0.7136,40936.1,1,-2,0,0.4
0.025,0.805,1533,-8.89245,0.770098,41373.9,1,-2,0,0.4
0.025,0.815,1544,-8.89741,0.820826,41776.2,1,-2,0,0.4
0.025,0.825,1554.01,-8.90187,0.866102,42143.1,1,-2,0,0.4
0.025,0.835,1563.04,-8.9058,0.906199,42474.4,1,-2,0,0.4
0.025,0.845,1571.09,-8.90924,0.941374,42770.5,1,-2,0,0.4
0.025,0.855,1578.16,-8.91218,0.971889,43031.6,1,-2,0,0.4
0.025,0.865,1584.29,-8.91467,0.998026,43258.7,1,-2,0,0.4
0.025,0.875,1589.52,-8.91672,1.0201,43453.1,1,-2,0,0.4
0.025,0.885,1593.91,-8.9184,1.03845,43616.6,1,-2,0,0.4
0.025,0.895,1597.52,-8.91974,1.05346,43751.8,1,-2,0,0.4
0.025,0.905,1600.44,-8.92079,1.06552,43861.4,1,-2,0,0.4
0.025,0.915,1602.75,-8.92159,1.07502,43948.5,1,-2,0,0.4
0.025,0.925,1604.55,-8.9222,1.08236,44016.3,1,-2,0,0.4
0.025,0.935,1605.92,-8.92265,1.08793,44068,1,-2,0,0.4
0.025,0.945,1606.93,-8.92298,1.09205,44106.6,1,-2,0,0.4
0.025,0.955,1607.68,-8.92321,1.09505,44134.8,1,-2,0,0.4
0.025,0.965,1608.2,-8.92337,1.09718,44154.9,1,-2,0,0.4
0.025,0.975,1608.57,-8.92348,1.09866,44168.9,1,-2,0,0.4
0.025,0.985,1608.83,-8.92355,1.09967,44178.6,1,-2,0,0.4
0.025,0.995,1609,-8.9236,1.10034,44185,1,-2,0,0.4
0.035,0.005,2.96257,5.17592,-3.77092,35.416,1,-2,0,0.4
0.035,0.015,4.28476,5.40843,-5.63221,63.8793,1,-2,0,0.4
0.035,0.025,5.32967,5.71945,-6.59044,84.1829,1,-2,0,0.4
0.035,0.035,6.18051,6.09842,-7.06558,96.5015,1,-2,0,0.4
0.035,0.045,6.97215,6.53088,-7.30065,103.595,1,-2,0,0.4
0.035,0.055,7.81752,6.99409,-7.41617,107.681,1,-2,0,0.4
0.035,0.065,8.79514,7.46052,-7.47133,110.116,1,-2,0,0.4
0.035,0.075,9.95598,7.90405,-7.49497,111.69,1,-2,0,0.4
0.035,0.085,11.3232,8.30528,-7.50319,112.783,1,-2,0,0.4
0.035,0.095,12.898,8.65343,-7.50407,113.612,1,-2,0,0.4
0.035,0.105,14.6628,8.94564,-7.50121,114.325,1,-2,0,0.4
0.035,0.115,16.5826,9.18467,-7.49606,115.022,1,-2,0,0.4
0.035,0.125,18.6109,9.37638,-7.48881,115.788,1,-2,0,0.4
0.035,0.135,20.6978,9.52778,-7.47866,116.722,1,-2,0,0.4
0.035,0.145,22.7987,9.64582,-7.46425,117.941,1,-2,0,0.4
0.035,0.155,24.8811,9.73678,-7.44396,119.583,1,-2,0,0.4
0.035,0.165,26.9296,9.80611,-7.41615,121.793,1,-2,0,0.4
0.035,0.175,28.9461,9.85838,-7.37942,124.718,1,-2,0,0.4
0.035,0.185,30.9479,9.89736,-7.33271,128.496,1,-2,0,0.4
0.035,0.195,32.9628,9.92611,-7.27558,133.249,1,-2,0,0.4
0.035,0.205,35.0278,9.94702,-7.20848,139.109,1,-2,0,0.4
0.035,0.215,37.2121,9.96123,-7.135,146.439,1,-2,0,0.4
0.035,0.225,39.7665,9.96369,-7.07673,157.541,1,-2,0,0.4
0.035,0.235,43.7767,9.90228,-7.15649,189.654,1,-2,0,0.4
0.035,0.245,52.9014,9.45253,-7.82952,355.4,1,-2,0,0.4
0.035,0.255,75.9973,7.74394,-9.54714,1079.74,1,-2,0,0.4
0.035,0.265,130.605,4.71575,-11.3126,3110.37,1,-2,0,0.4
0.035,0.275,204.833,2.49521,-12.3314,6129.22,1,-2,0,0.4
0.035,0.285,262.755,1.45905,-12.8605,8767.47,1,-2,0,0.4
0.035,0.295,301.977,1.06182,-13.0118,10700.7,1,-2,0,0.4
0.035,0.305,324.735,0.918899,-12.9175,11958.8,1,-2,0,0.4
0.035,0.315,333.945,0.826192,-12.6713,12633.5,1,-2,0,0.4
0.035,0.325,333.089,0.698221,-12.3411,12865.1,1,-2,0,0.4
0.035,0.335,325.882,0.519082,-11.9774,12822.9,1,-2,0,0.4
0.035,0.345,315.482,0.301126,-11.6116,12652.1,1,-2,0,0.4
0.035,0.355,304.109,0.0598842,-11.2586,12446.5,1,-2,0,0.4
0.035,0.365,293.114,-0.193219,-10.924,12253.9,1,-2,0,0.4
0.035,0.375,283.068,-0.450156,-10.6077,12095.9,1,-2,0,0.4
0.035,0.385,274.343,-0.706837,-10.3077,11979.2,1,-2,0,0.4
0.035,0.395,267.192,-0.962445,-10.0231,11898.8,1,-2,0,0.4
0.035,0.405,261.732,-1.21755,-9.7514,11847.6,1,-2,0,0.4
0.035,0.415,258.043,-1.47345,-9.48982,11818.6,1,-2,0,0.4
0.035,0.425,256.204,-1.73166,-9.2354,11806.7,1,-2,0,0.4
0.035,0.435,256.306,-1.99378,-8.98453,11809.3,1,-2,0,0.4
0.035,0.445,258.454,-2.2615,-8.73311,11826,1,-2,0,0.4
0.035,0.455,262.783,-2.53656,-8.47654,11858.9,1,-2,0,0.4
0.035,0.465,269.47,-2.82056,-8.20984,11912.6,1,-2,0,0.4
0.035,0.475,278.806,-3.11468,-7.92666,11997.1,1,-2,0,0.4
0.035,0.485,291.475,-3.41709,-7.61281,12143.2,1,-2,0,0.4
0.035,0.495,307.589,-3.7276,-7.27597,12342,1,-2,0,0.4
0.035,0.505,327.574,-4.04898,-6.91571,12599.1,1,-2,0,0.4
0.035,0.515,352.075,-4.37994,-6.5311,12928.9,1,-2,0,0.4
0.035,0.525,381.796,-4.71906,-6.12394,13343.9,1,-2,0,0.4
0.035,0.535,417.394,-5.06513,-5.69947,13850.2,1,-2,0,0.4
0.035,0.545,459.589,-5.41655,-5.26262,14456,1,-2,0,0.4
0.035,0.555,509.272,-5.77093,-4.81598,15177.5,1,-2,0,0.4
0.035,0.565,567.224,-6.12691,-4.36287,16027.3,1,-2,0,0.4
0.035,0.575,633.537,-6.4869,-3.90983,16995.9,1,-2,0,0.4
0.035,0.585,708.616,-6.84459,-3.46025,18096.7,1,-2,0,0.4
0.035,0.595,792.454,-7.19147,-3.01635,19344.8,1,-2,0,0.4
0.035,0.605,884.043,-7.51733,-2.58222,20742.7,1,-2,0,0.4
0.035,0.615,980.938,-7.81169,-2.16412,22271.3,1,-2,0,0.4
0.035,0.625,1079.33,-8.06617,-1.76924,23890.1,1,-2,0,0.4
0.035,0.635,1174.74,-8.27648,-1.40378,25545,1,-2,0,0.4
0.035,0.645,1263.17,-8.44303,-1.07153,27181.9,1,-2,0,0.4
0.035,0.655,1341.9,-8.56997,-0.773524,28755.6,1,-2,0,0.4
0.035,0.665,1409.78,-8.6635,-0.508669,30235.1,1,-2,0,0.4
0.035,0.675,1467.05,-8.73035,-0.274541,31603.1,1,-2,0,0.4
0.035,0.685,1514.8,-8.77685,-0.0681263,32853.9,1,-2,0,0.4
0.035,0.695,1554.55,-8.80839,0.11372,33989.5,1,-2,0,0.4
0.035,0.705,1587.91,-8.82941,0.27404,35017.8,1,-2,0,0.4
0.035,0.715,1616.35,-8.84322,0.415647,35949,1,-2,0,0.4
0.035,0.725,1641.07,-8.85242,0.541084,36794.7,1,-2,0,0.4
0.035,0.735,1663.03,-8.85879,0.6526,37565.9,1,-2,0,0.4
0.035,0.745,1682.91,-8.86349,0.752136,38272.8,1,-2,0,0.4
0.035,0.755,1701.2,-8.86728,0.841333,38923.9,1,-2,0,0.4
0.035,0.765,1718.22,-8.87059,0.921545,39526.1,1,-2,0,0.4
0.035,0.775,1734.15,-8.87367,0.993862,40084.7,1,-2,0,0.4
0.035,0.785,1749.1,-8.87659,1.05915,40603.3,1,-2,0,0.4
0.035,0.795,1763.1,-8.87939,1.11807,41084.2,1,-2,0,0.4
0.035,0.805,1776.15,-8.88204,1.17114,41528.8,1,-2,0,0.4
0.035,0.815,1788.23,-8.88451,1.21877,41937.7,1,-2,0,0.4
0.035,0.825,1799.32,-8.88676,1.26126,42311,1,-2,0,0.4
0.035,0.835,1809.37,-8.88878,1.2989,42648.7,1,-2,0,0.4
0.035,0.845,1818.39,-8.89053,1.33192,42950.8,1,-2,0,0.4
0.035,0.855,1826.35,-8.89202,1.36059,43217.6,1,-2,0,0.4
0.035,0.865,1833.29,-8.89327,1.38515,43449.9,1,-2,0,0.4
0.035,0.875,1839.24,-8.89429,1.40592,43649,1,-2,0,0.4
0.035,0.885,1844.24,-8.89509,1.42319,43816.8,1,-2,0,0.4
0.035,0.895,1848.38,-8.89572,1.43734,43955.6,1,-2,0,0.4
0.035,0.905,1851.73,-8.89621,1.44871,44068.3,1,-2,0,0.4
0.035,0.915,1854.4,-8.89657,1.45768,44158,1,-2,0,0.4
0.035,0.925,1856.48,-8.89683,1.46462,44228,1,-2,0,0.4
0.035,0.935,1858.06,-8.89702,1.46989,44281.3,1,-2,0,0.4
0.035,0.945,1859.24,-8.89715,1.4738,44321.2,1,-2,0,0.4
0.035,0.955,1860.11,-8.89725,1.47665,44350.3,1,-2,0,0.4
0.035,0.965,1860.72,-8.89731,1.47867,44371.2,1,-2,0,0.4
0.035,0.975,1861.16,-8.89735,1.48008,44385.8,1,-2,0,0.4
0.035,0.985,1861.45,-8.89738,1.48104,44395.8,1,-2,0,0.4
0.035,0.995,1861.65,-8.89739,1.48168,44402.5,1,-2,0,0.4
0.045,0.005,2.98633,5.13039,-3.76754,35.9288,1,-2,0,0.4
0.045,0.015,4.28476,5.40843,-5.63221,63.8793,1,-2,0,0.4
0.045,0.025,5.32967,5.71945,-6.59044,84.1829,1,-2,0,0.4
0.045,0.035,6.18051,6.09842,-7.06558,96.5015,1,-2,0,0.4
0.045,0.045,6.97215,6.53088,-7.30065,103.595,1,-2,0,0.4
0.045,0.055,7.81752,6.99409,-7.41617,107.681,1,-2,0,0.4
0.045,0.065,8.79514,7.46052,-7.47133,110.116,1,-2,0,0.4
0.045,0.075,9.95598,7.90405,-7.49497,111.69,1,-2,0,0.4
0.045,0.085,11.3232,8.30528,-7.50319,112.783,1,-2,0,0.4
0.045,0.095,12.898,8.65343,-7.50407,113.612,1,-2,0,0.4
0.045,0.105,14.6628,8.94564,-7.50121,114.325,1,-2,0,0.4
0.045,0.115,16.5826,9.18467,-7.49606,115.022,1,-2,0,0.4
0.045,0.125,18.6109,9.37638,-7.48881,115.788,1,-2,0,0.4
0.045,0.135,20.6978,9.52778,-7.47866,116.722,1,-2,0,0.4
0.045,0.145,22.7987,9.64582,-7.46425,117.941,1,-2,0,0.4
0.045,0.155,24.8812,9.73678,-7.44396,119.583,1,-2,0,0.4
0.045,0.165,26.9297,9.80611,-7.41616,121.793,1,-2,0,0.4
0.045,0.175,28.9467,9.85837,-7.37946,124.722,1,-2,0,0.4
0.045,0.185,30.9518,9.8973,-7.33302,128.52,1,-2,0,0.4
0.045,0.195,32.9876,9.92565,-7.27764,133.418,1,-2,0,0.4
0.045,0.205,35.1787,9.94336,-7.22199,140.316,1,-2,0,0.4
0.045,0.215,38.0289,9.93221,-7.21946,155.185,1,-2,0,0.4
0.045,0.225,43.4214,9.75277,-7.52022,219.181,1,-2,0,0.4
0.045,0.235,56.4908,8.8142,-8.67967,538.169,1,-2,0,0.4
0.045,0.245,88.6852,6.34525,-10.5453,1643.25,1,-2,0,0.4
0.045,0.255,150.328,3.47019,-11.8711,3955.84,1,-2,0,0.4
0.045,0.265,210.46,1.80009,-12.6228,6455.45,1,-2,0,0.4
0.045,0.275,252.173,1.03625,-12.9816,8329.44,1,-2,0,0.4
0.045,0.285,279.506,0.742777,-13.0659,9642.17,1,-2,0,0.4
0.045,0.295,296.726,0.67709,-12.9842,10573.2,1,-2,0,0.4
0.045,0.305,306.621,0.703003,-12.7942,11238,1,-2,0,0.4
0.045,0.315,310.345,0.730952,-12.5274,11671,1,-2,0,0.4
0.045,0.325,308.773,0.711121,-12.2079,11892.1,1,-2,0,0.4
0.045,0.335,303.179,0.627763,-11.8587,11944,1,-2,0,0.4
0.045,0.345,295.112,0.486922,-11.4995,11886.6,1,-2,0,0.4
0.045,0.355,285.999,0.302831,-11.1441,11775.5,1,-2,0,0.4
0.045,0.365,276.915,0.089463,-10.801,11649.8,1,-2,0,0.4
0.045,0.375,268.574,-0.142089,-10.4747,11531,1,-2,0,0.4
0.045,0.385,261.363,-0.384223,-10.1645,11429.8,1,-2,0,0.4
0.045,0.395,255.576,-0.632995,-9.86627,11352,1,-2,0,0.4
0.045,0.405,251.441,-0.886856,-9.58003,11294.7,1,-2,0,0.4
0.045,0.415,249.091,-1.14552,-9.30274,11254.6,1,-2,0,0.4
0.045,0.425,248.637,-1.40961,-9.03081,11228.9,1,-2,0,0.4
0.045,0.435,250.2,-1.6803,-8.76014,11216.5,1,-2,0,0.4
0.045,0.445,253.907,-1.95903,-8.48642,11217.7,1,-2,0,0.4
0.045,0.455,259.924,-2.24727,-8.20509,11234.9,1,-2,0,0.4
0.045,0.465,268.474,-2.54627,-7.91145,11273.1,1,-2,0,0.4
0.045,0.475,280.025,-2.85624,-7.59623,11349.9,1,-2,0,0.4
0.045,0.485,295.113,-3.17408,-7.25356,11481.9,1,-2,0,0.4
0.045,0.495,313.954,-3.50231,-6.89009,11661.9,1,-2,0,0.4
0.045,0.505,337.132,-3.84166,-6.50473,11899.7,1,-2,0,0.4
0.045,0.515,365.368,-4.19095,-6.0983,12207.4,1,-2,0,0.4
0.045,0.525,399.454,-4.54924,-5.67369,12595.1,1,-2,0,0.4
0.045,0.535,440.165,-4.91602,-5.2363,13068.3,1,-2,0,0.4
0.045,0.545,488.373,-5.29051,-4.79057,13635.1,1,-2,0,0.4
0.045,0.555,545.037,-5.67195,-4.33958,14307.4,1,-2,0,0.4
0.045,0.565,610.512,-6.06385,-3.89046,15076.8,1,-2,0,0.4
0.045,0.575,685.62,-6.46121,-3.44741,15957,1,-2,0,0.4
0.045,0.585,771.911,-6.85277,-3.00799,16993.1,1,-2,0,0.4
0.045,0.595,870.155,-7.2296,-2.57201,18214.4,1,-2,0,0.4
0.045,0.605,979.737,-7.58086,-2.14328,19630.3,1,-2,0,0.4
0.045,0.615,1097.92,-7.89531,-1.72894,21220.6,1,-2,0,0.4
0.045,0.625,1219.77,-8.16378,-1.33757,22936,1,-2,0,0.4
0.045,0.635,1339.07,-8.38178,-0.976455,24709.4,1,-2,0,0.4
0.045,0.645,1450.02,-8.55033,-0.649816,26472.9,1,-2,0,0.4
0.045,0.655,1548.52,-8.67477,-0.35853,28170.4,1,-2,0,0.4
0.045,0.665,1632.75,-8.76265,-0.101003,29763.5,1,-2,0,0.4
0.045,0.675,1702.82,-8.82185,0.125689,31230.7,1,-2,0,0.4
0.045,0.685,1760.15,-8.85955,0.324929,32565.2,1,-2,0,0.4
0.045,0.695,1806.83,-8.88175,0.50005,33769.7,1,-2,0,0.4
0.045,0.705,1845.03,-8.8936,0.654143,34852.7,1,-2,0,0.4
0.045,0.715,1876.73,-8.89878,0.790006,35826.4,1,-2,0,0.4
0.045,0.725,1903.61,-8.89996,0.910127,36704.2,1,-2,0,0.4
0.045,0.735,1927.02,-8.899,1.01669,37499.6,1,-2,0,0.4
0.045,0.745,1947.95,-8.89711,1.11159,38224.7,1,-2,0,0.4
0.045,0.755,1967.1,-8.89504,1.19643,38889.9,1,-2,0,0.4
0.045,0.765,1984.93,-8.89318,1.27253,39503.3,1,-2,0,0.4
0.045,0.775,2001.7,-8.89171,1.34099,40071,1,-2,0,0.4
0.045,0.785,2017.54,-8.89065,1.40266,40597.4,1,-2,0,0.4
0.045,0.795,2032.49,-8.88997,1.45822,41085.3,1,-2,0,0.4
0.045,0.805,2046.56,-8.88958,1.50819,41536.3,1,-2,0,0.4
0.045,0.815,2059.68,-8.88941,1.55296,41951,1,-2,0,0.4
0.045,0.825,2071.8,-8.88936,1.59287,42329.8,1,-2,0,0.4
0.045,0.835,2082.88,-8.88939,1.62819,42672.5,1,-2,0,0.4
0.045,0.845,2092.86,-8.88944,1.65915,42979.2,1,-2,0,0.4
0.045,0.855,2101.73,-8.88948,1.686,43250.1,1,-2,0,0.4
0.045,0.865,2109.49,-8.8895,1.70901,43486,1,-2,0,0.4
0.045,0.875,2116.16,-8.8895,1.72844,43688.2,1,-2,0,0.4
0.045,0.885,2121.79,-8.88947,1.7446,43858.6,1,-2,0,0.4
0.045,0.895,2126.46,-8.88943,1.75782,43999.6,1,-2,0,0.4
0.045,0.905,2130.26,-8.88938,1.76845,44114,1,-2,0,0.4
0.045,0.915,2133.28,-8.88932,1.77684,44205,1,-2,0,0.4
0.045,0.925,2135.64,-8.88926,1.78332,44276,1,-2,0,0.4
0.045,0.935,2137.44,-8.88921,1.78824,44330.1,1,-2,0,0.4
0.045,0.945,2138.79,-8.88917,1.79189,44370.5,1,-2,0,0.4
0.045,0.955,2139.77,-8.88914,1.79455,44400.1,1,-2,0,0.4
0.045,0.965,2140.47,-8.88911,1.79644,44421.2,1,-2,0,0.4
0.045,0.975,2140.97,-8.88909,1.79775,44436,1,-2,0,0.4
0.045,0.985,2141.31,-8.88907,1.79865,44446.1,1,-2,0,0.4
0.045,0.995,2141.53,-8.88906,1.79925,44452.9,1,-2,0,0.4
0.055,0.005,4.5383,2.07282,-3.10648,90.715,1,-2,0,0.4
0.055,0.015,4.93499,4.47469,-5.4678,83.3269,1,-2,0,0.4
0.055,0.025,5.32967,5.71945,-6.59044,84.1829,1,-2,0,0.4
0.055,0.035,6.18051,6.09842,-7.06558,96.5015,1,-2,0,0.4
0.055,0.045,6.97215,6.53088,-7.30065,103.595,1,-2,0,0.4
0.055,0.055,7.81752,6.99409,-7.41617,107.681,1,-2,0,0.4
0.055,0.065,8.79514,7.46052,-7.47133,110.116,1,-2,0,0.4
0.055,0.075,9.95598,7.90405,-7.49497,111.69,1,-2,0,0.4
0.055,0.085,11.3232,8.30528,-7.50319,112.783,1,-2,0,0.4
0.055,0.095,12.898,8.65343,-7.50407,113.612,1,-2,0,0.4
0.055,0.105,14.6628,8.94564,-7.50121,114.325,1,-2,0,0.4
0.055,0.115,16.5826,9.18467,-7.49606,115.022,1,-2,0,0.4
0.055,0.125,18.6109,9.37638,-7.48881,115.788,1,-2,0,0.4
0.055,0.135,20.6978,9.52778,-7.47866,116.722,1,-2,0,0.4
0.055,0.145,22.7987,9.64581,-7.46425,117.942,1,-2,0,0.4
0.055,0.155,24.8814,9.73677,-7.44398,119.584,1,-2,0,0.4
0.055,0.165,26.9313,9.80608,-7.41631,121.803,1,-2,0,0.4
0.055,0.175,28.9572,9.85818,-7.38042,124.791,1,-2,0,0.4
0.055,0.185,31.0156,9.89582,-7.3391,128.994,1,-2,0,0.4
0.055,0.195,33.3444,9.91418,-7.31532,136.704,1,-2,0,0.4
0.055,0.205,36.898,9.85757,-7.43417,163.179,1,-2,0,0.4
0.055,0.215,44.6672,9.40787,-8.11839,298.874,1,-2,0,0.4
0.055,0.225,63.5612,7.77157,-9.74662,862.484,1,-2,0,0.4
0.055,0.235,106.913,4.86355,-11.4298,2397.98,1,-2,0,0.4
0.055,0.245,166.974,2.58135,-12.4111,4693.75,1,-2,0,0.4
0.055,0.255,213.172,1.41797,-12.9592,6638.4,1,-2,0,0.4
0.055,0.265,243.977,0.89366,-13.1661,7993.63,1,-2,0,0.4
0.055,0.275,263.202,0.685158,-13.1652,8897.92,1,-2,0,0.4
0.055,0.285,274.954,0.634434,-13.0438,9530.74,1,-2,0,0.4
0.055,0.295,281.918,0.659991,-12.8505,10009.8,1,-2,0,0.4
0.055,0.305,285.507,0.713443,-12.6084,10391.5,1,-2,0,0.4
0.055,0.315,286.241,0.759189,-12.3279,10687.1,1,-2,0,0.4
0.055,0.325,284.304,0.769969,-12.0161,10889.3,1,-2,0,0.4
0.055,0.335,280.034,0.730497,-11.682,10996.8,1,-2,0,0.4
0.055,0.345,274.066,0.638246,-11.3361,11024.6,1,-2,0,0.4
0.055,0.355,267.207,0.499473,-10.9885,10997.2,1,-2,0,0.4
0.055,0.365,260.232,0.323824,-10.6468,10939.4,1,-2,0,0.4
0.055,0.375,253.774,0.120761,-10.3156,10869.9,1,-2,0,0.4
0.055,0.385,248.293,-0.101916,-9.99738,10799.9,1,-2,0,0.4
0.055,0.395,244.102,-0.338752,-9.69067,10735.8,1,-2,0,0.4
0.055,0.405,241.471,-0.587,-9.3898,10683.2,1,-2,0,0.4
0.055,0.415,240.597,-0.845599,-9.09497,10641,1,-2,0,0.4
0.055,0.425,241.628,-1.11427,-8.80269,10608.7,1,-2,0,0.4
0.055,0.435,244.712,-1.39345,-8.50907,10586.4,1,-2,0,0.4
0.055,0.445,250.008,-1.68401,-8.21016,10575.1,1,-2,0,0.4
0.055,0.455,257.711,-1.98682,-7.90199,10577.9,1,-2,0,0.4
0.055,0.465,268.11,-2.30244,-7.57977,10601.5,1,-2,0,0.4
0.055,0.475,281.812,-2.62893,-7.23298,10667.6,1,-2,0,0.4
0.055,0.485,299.097,-2.96492,-6.86619,10774.9,1,-2,0,0.4
0.055,0.495,320.421,-3.3128,-6.48032,10926.5,1,-2,0,0.4
0.055,0.505,346.401,-3.67225,-6.0763,11130.6,1,-2,0,0.4
0.055,0.515,377.792,-4.04236,-5.65607,11396.7,1,-2,0,0.4
0.055,0.525,415.421,-4.42266,-5.22313,11732.8,1,-2,0,0.4
0.055,0.535,460.129,-4.81314,-4.78258,12143.9,1,-2,0,0.4
0.055,0.545,512.87,-5.21372,-4.33842,12638.1,1,-2,0,0.4
0.055,0.555,574.416,-5.62576,-3.89607,13217.5,1,-2,0,0.4
0.055,0.565,645.071,-6.05173,-3.46423,13872,1,-2,0,0.4
0.055,0.575,727.734,-6.47417,-3.037,14673,1,-2,0,0.4
0.055,0.585,824.638,-6.8885,-2.60936,15664.7,1,-2,0,0.4
0.055,0.595,937.483,-7.28684,-2.18097,16883,1,-2,0,0.4
0.055,0.605,1066.32,-7.65816,-1.75646,18340.6,1,-2,0,0.4
0.055,0.615,1208.32,-7.98973,-1.34472,20015.7,1,-2,0,0.4
0.055,0.625,1357.38,-8.27063,-0.956303,21850.3,1,-2,0,0.4
0.055,0.635,1505.15,-8.49538,-0.599931,23763.4,1,-2,0,0.4
0.055,0.645,1643.48,-8.66524,-0.280186,25672.9,1,-2,0,0.4
0.055,0.655,1766.43,-8.78666,0.00254326,27511.2,1,-2,0,0.4
0.055,0.665,1871.16,-8.86851,0.250707,29232.4,1,-2,0,0.4
0.055,0.675,1957.5,-8.91918,0.468063,30812.8,1,-2,0,0.4
0.055,0.685,2027.41,-8.94763,0.658497,32243.5,1,-2,0,0.4
0.055,0.695,2083.29,-8.96069,0.82564,33525.6,1,-2,0,0.4
0.055,0.705,2127.84,-8.96347,0.972675,34668.9,1,-2,0,0.4
0.055,0.715,2163.69,-8.95989,1.10235,35688.4,1,-2,0,0.4
0.055,0.725,2193.18,-8.9528,1.21705,36600.6,1,-2,0,0.4
0.055,0.735,2218.21,-8.94422,1.31881,37421.8,1,-2,0,0.4
0.055,0.745,2240.18,-8.93543,1.4094,38166.4,1,-2,0,0.4
0.055,0.755,2260.09,-8.9272,1.49032,38846.4,1,-2,0,0.4
0.055,0.765,2278.58,-8.91989,1.56282,39471.4,1,-2,0,0.4
0.055,0.775,2296.03,-8.91365,1.62794,40048.5,1,-2,0,0.4
0.055,0.785,2312.62,-8.90843,1.6865,40582.8,1,-2,0,0.4
0.055,0.795,2328.42,-8.90413,1.73915,41077.5,1,-2,0,0.4
0.055,0.805,2343.4,-8.90061,1.78642,41534.4,1,-2,0,0.4
0.055,0.815,2357.49,-8.89773,1.82869,41954.4,1,-2,0,0.4
0.055,0.825,2370.61,-8.89537,1.86629,42337.7,1,-2,0,0.4
0.055,0.835,2382.67,-8.89341,1.89951,42684.4,1,-2,0,0.4
0.055,0.845,2393.6,-8.89178,1.92857,42994.5,1,-2,0,0.4
0.055,0.855,2403.37,-8.89041,1.95373,43268.2,1,-2,0,0.4
0.055,0.865,2411.93,-8.88926,1.97525,43506.3,1,-2,0,0.4
0.055,0.875,2419.32,-8.88829,1.99339,43710.2,1,-2,0,0.4
0.055,0.885,2425.58,-8.88749,2.00846,43881.7,1,-2,0,0.4
0.055,0.895,2430.78,-8.88682,2.02076,44023.5,1,-2,0,0.4
0.055,0.905,2435,-8.88628,2.03062,44138.4,1,-2,0,0.4
0.055,0.915,2438.37,-8.88585,2.03839,44229.6,1,-2,0,0.4
0.055,0.925,2441,-8.88551,2.0444,44300.6,1,-2,0,0.4
0.055,0.935,2443.01,-8.88525,2.04894,44354.7,1,-2,0,0.4
0.055,0.945,2444.51,-8.88506,2.0523,44395,1,-2,0,0.4
0.055,0.955,2445.61,-8.88491,2.05475,44424.4,1,-2,0,0.4
0.055,0.965,2446.39,-8.88481,2.05649,44445.4,1,-2,0,0.4
0.055,0.975,2446.94,-8.88474,2.0577,44460,1,-2,0,0.4
0.055,0.985,2447.31,-8.88469,2.05852,44470.1,1,-2,0,0.4
0.055,0.995,2447.57,-8.88466,2.05907,44476.8,1,-2,0,0.4
0.065,0.005,6.57139,-2.47385,-2.51805,229.374,1,-2,0,0.4
0.065,0.015,8.20599,0.886067,-3.82079,225.55,1,-2,0,0.4
0.065,0.025,6.86239,4.12731,-6.13194,133.068,1,-2,0,0.4
0.065,0.035,6.18051,6.09842,-7.06558,96.5015,1,-2,0,0.4
0.065,0.045,6.97215,6.53088,-7.30065,103.595,1,-2,0,0.4
0.065,0.055,7.81752,6.99409,-7.41617,107.681,1,-2,0,0.4
0.065,0.065,8.79514,7.46052,-7.47133,110.116,1,-2,0,0.4
0.065,0.075,9.95598,7.90405,-7.49497,111.69,1,-2,0,0.4
0.065,0.085,11.3232,8.30528,-7.50319,112.783,1,-2,0,0.4
0.065,0.095,12.898,8.65343,-7.50407,113.612,1,-2,0,0.4
0.065,0.105,14.6628,8.94564,-7.50121,114.325,1,-2,0,0.4
0.065,0.115,16.5826,9.18467,-7.49606,115.022,1,-2,0,0.4
0.065,0.125,18.6109,9.37638,-7.48881,115.788,1,-2,0,0.4
0.065,0.135,20.6979,9.52778,-7.47867,116.723,1,-2,0,0.4
0.065,0.145,22.7994,9.6458,-7.46433,117.946,1,-2,0,0.4
0.065,0.155,24.8858,9.7367,-7.44445,119.614,1,-2,0,0.4
0.065,0.165,26.9583,9.80548,-7.41915,121.997,1,-2,0,0.4
0.065,0.175,29.1107,9.85362,-7.39753,126.072,1,-2,0,0.4
0.065,0.185,31.7973,9.86154,-7.43774,137.612,1,-2,0,0.4
0.065,0.195,36.6587,9.68295,-7.79376,193,1,-2,0,0.4
0.065,0.205,47.9599,8.75532,-8.97579,459.205,1,-2,0,0.4
0.065,0.215,74.6389,6.42447,-10.8083,1337.58,1,-2,0,0.4
0.065,0.225,125.435,3.66131,-12.1305,3161.65,1,-2,0,0.4
0.065,0.235,176.423,2.00422,-12.8799,5158.85,1,-2,0,0.4
0.065,0.245,212.098,1.21644,-13.2485,6640.82,1,-2,0,0.4
0.065,0.255,235.362,0.873875,-13.3451,7638.08,1,-2,0,0.4
0.065,0.265,249.736,0.746342,-13.2821,8298.58,1,-2,0,0.4
0.065,0.275,258.323,0.723072,-13.1256,8757.88,1,-2,0,0.4
0.065,0.285,263.116,0.747521,-12.9139,9101.64,1,-2,0,0.4
0.065,0.295,265.37,0.791178,-12.6677,9380.81,1,-2,0,0.4
0.065,0.305,265.796,0.836985,-12.397,9619.97,1,-2,0,0.4
0.065,0.315,264.734,0.871035,-12.1061,9824.61,1,-2,0,0.4
0.065,0.325,262.318,0.880025,-11.7972,9988.6,1,-2,0,0.4
0.065,0.335,258.684,0.853104,-11.4733,10104.2,1,-2,0,0.4
0.065,0.345,254.105,0.784603,-11.1392,10170,1,-2,0,0.4
0.065,0.355,249.011,0.674631,-10.8005,10192.5,1,-2,0,0.4
0.065,0.365,243.9,0.527354,-10.4628,10183.3,1,-2,0,0.4
0.065,0.375,239.258,0.348669,-10.13,10154,1,-2,0,0.4
0.065,0.385,235.496,0.14443,-9.80427,10113.9,1,-2,0,0.4
0.065,0.395,232.933,-0.0804724,-9.48638,10069.1,1,-2,0,0.4
0.065,0.405,231.816,-0.322693,-9.17451,10023.4,1,-2,0,0.4
0.065,0.415,232.438,-0.580804,-8.86123,9982.75,1,-2,0,0.4
0.065,0.425,234.956,-0.854259,-8.54734,9946.97,1,-2,0,0.4
0.065,0.435,239.535,-1.14265,-8.22969,9916.95,1,-2,0,0.4
0.065,0.445,246.356,-1.44602,-7.90521,9894.26,1,-2,0,0.4
0.065,0.455,255.639,-1.76442,-7.57081,9882.16,1,-2,0,0.4
0.065,0.465,267.806,-2.09707,-7.21971,9893.1,1,-2,0,0.4
0.065,0.475,283.293,-2.44049,-6.84919,9936.93,1,-2,0,0.4
0.065,0.485,302.433,-2.79555,-6.46299,10013.3,1,-2,0,0.4
0.065,0.495,325.734,-3.16307,-6.06165,10127.4,1,-2,0,0.4
0.065,0.505,353.815,-3.5423,-5.64716,10285.8,1,-2,0,0.4
0.065,0.515,387.418,-3.93245,-5.22201,10496.4,1,-2,0,0.4
0.065,0.525,427.366,-4.33325,-4.78977,10766.2,1,-2,0,0.4
0.065,0.535,474.524,-4.74498,-4.35487,11100.8,1,-2,0,0.4
0.065,0.545,529.831,-5.16826,-3.92136,11507.2,1,-2,0,0.4
0.065,0.555,593.567,-5.60699,-3.4992,11973.2,1,-2,0,0.4
0.065,0.565,668.052,-6.04814,-3.08672,12547,1,-2,0,0.4
0.065,0.575,756.572,-6.48579,-2.67404,13288.8,1,-2,0,0.4
0.065,0.585,862.396,-6.91768,-2.25597,14247.9,1,-2,0,0.4
0.065,0.595,988.532,-7.33618,-1.83239,15467.9,1,-2,0,0.4
0.065,0.605,1136.26,-7.72877,-1.40908,16969.7,1,-2,0,0.4
0.065,0.615,1303.17,-8.07995,-0.997361,18732.2,1,-2,0,0.4
0.065,0.625,1482.03,-8.37588,-0.610596,20689.2,1,-2,0,0.4
0.065,0.635,1662.07,-8.60949,-0.259265,22745.7,1,-2,0,0.4
0.065,0.645,1832.23,-8.78222,0.0518782,24804.9,1,-2,0,0.4
0.065,0.655,1984.14,-8.90144,0.323471,26788.5,1,-2,0,0.4
0.065,0.665,2113.62,-8.97644,0.559437,28648,1,-2,0,0.4
0.065,0.675,2220.82,-9.01974,0.76458,30351.3,1,-2,0,0.4
0.065,0.685,2307.04,-9.0402,0.943648,31883.7,1,-2,0,0.4
0.065,0.695,2374.91,-9.04468,1.10072,33247.2,1,-2,0,0.4
0.065,0.705,2427.83,-9.03865,1.23914,34454.3,1,-2,0,0.4
0.065,0.715,2469.24,-9.02634,1.36161,35522.8,1,-2,0,0.4
0.065,0.725,2502.28,-9.01088,1.47033,36472.4,1,-2,0,0.4
0.065,0.735,2529.5,-8.99446,1.56711,37321.9,1,-2,0,0.4
0.065,0.745,2552.83,-8.9785,1.65349,38088.1,1,-2,0,0.4
0.065,0.755,2573.65,-8.96381,1.73079,38784.8,1,-2,0,0.4
0.065,0.765,2592.86,-8.95077,1.8001,39423,1,-2,0,0.4
0.065,0.775,2610.98,-8.93948,1.86235,40010.8,1,-2,0,0.4
0.065,0.785,2628.29,-8.92987,1.91828,40553.8,1,-2,0,0.4
0.065,0.795,2644.88,-8.92176,1.9685,41055.7,1,-2,0,0.4
0.065,0.805,2660.73,-8.91497,2.01349,41518.7,1,-2,0,0.4
0.065,0.815,2675.75,-8.90929,2.05364,41943.7,1,-2,0,0.4
0.065,0.825,2689.83,-8.90454,2.08927,42331.1,1,-2,0,0.4
0.065,0.835,2702.85,-8.90057,2.12065,42680.9,1,-2,0,0.4
0.065,0.845,2714.7,-8.89726,2.14803,42993.3,1,-2,0,0.4
0.065,0.855,2725.32,-8.8945,2.17167,43268.5,1,-2,0,0.4
0.065,0.865,2734.67,-8.89221,2.19182,43507.4,1,-2,0,0.4
0.065,0.875,2742.75,-8.89033,2.20875,43711.5,1,-2,0,0.4
0.065,0.885,2749.6,-8.88879,2.22277,43882.8,1,-2,0,0.4
0.065,0.895,2755.29,-8.88755,2.23418,44024,1,-2,0,0.4
0.065,0.905,2759.92,-8.88657,2.2433,44138.1,1,-2,0,0.4
0.065,0.915,2763.61,-8.88581,2.25046,44228.5,1,-2,0,0.4
0.065,0.925,2766.48,-8.88522,2.25598,44298.5,1,-2,0,0.4
0.065,0.935,2768.68,-8.88478,2.26014,44351.8,1,-2,0,0.4
0.065,0.945,2770.31,-8.88446,2.26321,44391.3,1,-2,0,0.4
0.065,0.955,2771.51,-8.88423,2.26544,44420.1,1,-2,0,0.4
0.065,0.965,2772.36,-8.88406,2.26701,44440.5,1,-2,0,0.4
0.065,0.975,2772.95,-8.88395,2.26811,44454.8,1,-2,0,0.4
0.065,0.985,2773.36,-8.88387,2.26885,44464.5,1,-2,0,0.4
0.065,0.995,2773.63,-8.88382,2.26934,44471,1,-2,0,0.4
0.075,0.005,7.12147,-5.11314,-3.24878,303.94,1,-2,0,0.4
0.075,0.015,9.1903,-1.97199,-3.43072,347.339,1,-2,0,0.4
0.075,0.025,10.8155,1.24596,-4.12188,305.099,1,-2,0,0.4
0.075,0.035,8.20163,4.4407,-6.4189,159.666,1,-2,0,0.4
0.075,0.045,6.97215,6.53088,-7.30065,103.595,1,-2,0,0.4
0.075,0.055,7.81752,6.99409,-7.41617,107.681,1,-2,0,0.4
0.075,0.065,8.79514,7.46052,-7.47133,110.116,1,-2,0,0.4
0.075,0.075,9.95598,7.90405,-7.49497,111.69,1,-2,0,0.4
0.075,0.085,11.3232,8.30528,-7.50319,112.783,1,-2,0,0.4
0.075,0.095,12.898,8.65343,-7.50407,113.612,1,-2,0,0.4
0.075,0.105,14.6628,8.94564,-7.50121,114.325,1,-2,0,0.4
0.075,0.115,16.5827,9.18467,-7.49607,115.023,1,-2,0,0.4
0.075,0.125,18.6112,9.37638,-7.48885,115.791,1,-2,0,0.4
0.075,0.135,20.6998,9.52775,-7.47891,116.736,1,-2,0,0.4
0.075,0.145,22.8108,9.64557,-7.46571,118.028,1,-2,0,0.4
0.075,0.155,24.951,9.7349,-7.45247,120.133,1,-2,0,0.4
0.075,0.165,27.3032,9.79193,-7.46496,125.337,1,-2,0,0.4
0.075,0.175,30.6913,9.75733,-7.63598,147.695,1,-2,0,0.4
0.075,0.185,37.6478,9.31284,-8.37781,264.071,1,-2,0,0.4
0.075,0.195,53.8333,7.73558,-10.0111,727.214,1,-2,0,0.4
0.075,0.205,89.69,4.99036,-11.6921,1949.74,1,-2,0,0.4
0.075,0.215,140.143,2.78314,-12.6879,3792.24,1,-2,0,0.4
0.075,0.225,180.233,1.644,-13.2538,5379.15,1,-2,0,0.4
0.075,0.235,207.873,1.12561,-13.4824,6496.96,1,-2,0,0.4
0.075,0.245,225.787,0.914094,-13.5018,7241.33,1,-2,0,0.4
0.075,0.255,237.058,0.852197,-13.3974,7744.93,1,-2,0,0.4
0.075,0.265,243.862,0.859966,-13.2191,8102.2,1,-2,0,0.4
0.075,0.275,247.596,0.896816,-12.9954,8371.62,1,-2,0,0.4
0.075,0.285,249.159,0.942163,-12.7426,8588.11,1,-2,0,0.4
0.075,0.295,249.147,0.98505,-12.4699,8772.12,1,-2,0,0.4
0.075,0.305,247.971,1.01876,-12.1826,8934.6,1,-2,0,0.4
0.075,0.315,245.906,1.03761,-11.883,9079.1,1,-2,0,0.4
0.075,0.325,243.13,1.03546,-11.5723,9203.47,1,-2,0,0.4
0.075,0.335,239.792,1.00599,-11.2518,9302.83,1,-2,0,0.4
0.075,0.345,236.075,0.944173,-10.9232,9373.31,1,-2,0,0.4
0.075,0.355,232.24,0.847594,-10.5895,9414.54,1,-2,0,0.4
0.075,0.365,228.607,0.71668,-10.2537,9429.82,1,-2,0,0.4
0.075,0.375,225.523,0.553887,-9.91864,9424.59,1,-2,0,0.4
0.075,0.385,223.316,0.362558,-9.58586,9404.44,1,-2,0,0.4
0.075,0.395,222.272,0.146019,-9.2559,9374,1,-2,0,0.4
0.075,0.405,222.62,-0.0929347,-8.9284,9336.15,1,-2,0,0.4
0.075,0.415,224.584,-0.352394,-8.60066,9294.53,1,-2,0,0.4
0.075,0.425,228.484,-0.631884,-8.26546,9254.84,1,-2,0,0.4
0.075,0.435,234.434,-0.930546,-7.92469,9216.87,1,-2,0,0.4
0.075,0.445,242.618,-1.24739,-7.5765,9182.06,1,-2,0,0.4
0.075,0.455,253.3,-1.58148,-7.2179,9155.53,1,-2,0,0.4
0.075,0.465,266.936,-1.92969,-6.8428,9150.34,1,-2,0,0.4
0.075,0.475,283.77,-2.28954,-6.45576,9165.78,1,-2,0,0.4
0.075,0.485,304.239,-2.66189,-6.05671,9207.06,1,-2,0,0.4
0.075,0.495,328.82,-3.04634,-5.64743,9278.52,1,-2,0,0.4
0.075,0.505,358.094,-3.44184,-5.23028,9386.01,1,-2,0,0.4
0.075,0.515,392.761,-3.84756,-4.8078,9536.72,1,-2,0,0.4
0.075,0.525,433.605,-4.2633,-4.38321,9737.61,1,-2,0,0.4
0.075,0.535,481.49,-4.6895,-3.96026,9995.68,1,-2,0,0.4
0.075,0.545,537.21,-5.12711,-3.54418,10314.9,1,-2,0,0.4
0.075,0.555,601.053,-5.5789,-3.14423,10687.4,1,-2,0,0.4
0.075,0.565,676.926,-6.02758,-2.74848,11192.2,1,-2,0,0.4
0.075,0.575,768.297,-6.47814,-2.34736,11874.6,1,-2,0,0.4
0.075,0.585,879.714,-6.92847,-1.93534,12792.7,1,-2,0,0.4
0.075,0.595,1016.02,-7.37048,-1.51205,14002.9,1,-2,0,0.4
0.075,0.605,1180.38,-7.78945,-1.08497,15535.9,1,-2,0,0.4
0.075,0.615,1371.28,-8.166,-0.669207,17371.3,1,-2,0,0.4
0.075,0.625,1580.55,-8.48228,-0.282145,19433.1,1,-2,0,0.4
0.075,0.635,1794.77,-8.72907,0.0635901,21612.8,1,-2,0,0.4
0.075,0.645,1999.32,-8.90698,0.363613,23802.5,1,-2,0,0.4
0.075,0.655,2183.28,-9.02336,0.620585,25925.1,1,-2,0,0.4
0.075,0.665,2342.58,-9.09479,0.840156,27916.1,1,-2,0,0.4
0.075,0.675,2474.98,-9.13265,1.02893,29734.4,1,-2,0,0.4
0.075,0.685,2581.27,-9.146,1.19287,31365.2,1,-2,0,0.4
0.075,0.695,2664.41,-9.14227,1.33674,32811.6,1,-2,0,0.4
0.075,0.705,2728.47,-9.12743,1.46414,34087.7,1,-2,0,0.4
0.075,0.715,2777.73,-9.10612,1.57769,35212.8,1,-2,0,0.4
0.075,0.725,2816.12,-9.08183,1.67931,36208.3,1,-2,0,0.4
0.075,0.735,2846.92,-9.057,1.7705,37094.9,1,-2,0,0.4
0.075,0.745,2872.65,-9.03322,1.85245,37890.9,1,-2,0,0.4
0.075,0.755,2895.15,-9.01143,1.92618,38611.7,1,-2,0,0.4
0.075,0.765,2915.62,-8.99204,1.99254,39269.3,1,-2,0,0.4
0.075,0.775,2934.82,-8.97516,2.05227,39872.9,1,-2,0,0.4
0.075,0.785,2953.12,-8.96066,2.10598,40428.8,1,-2,0,0.4
0.075,0.795,2970.7,-8.94834,2.15418,40941.1,1,-2,0,0.4
0.075,0.805,2987.55,-8.93793,2.19731,41412.3,1,-2,0,0.4
0.075,0.815,3003.58,-8.92918,2.23572,41843.6,1,-2,0,0.4
0.075,0.825,3018.65,-8.92185,2.2697,42235.7,1,-2,0,0.4
0.075,0.835,3032.64,-8.91573,2.29953,42588.6,1,-2,0,0.4
0.075,0.845,3045.4,-8.91064,2.32547,42902.8,1,-2,0,0.4
0.075,0.855,3056.86,-8.90643,2.34777,43178.6,1,-2,0,0.4
0.075,0.865,3066.95,-8.90298,2.3667,43417.2,1,-2,0,0.4
0.075,0.875,3075.68,-8.90018,2.38254,43620.3,1,-2,0,0.4
0.075,0.885,3083.07,-8.89792,2.39559,43790,1,-2,0,0.4
0.075,0.895,3089.2,-8.89614,2.40617,43929.4,1,-2,0,0.4
0.075,0.905,3094.18,-8.89475,2.41458,44041.5,1,-2,0,0.4
0.075,0.915,3098.14,-8.89368,2.42116,44129.9,1,-2,0,0.4
0.075,0.925,3101.22,-8.89287,2.4262,44198.1,1,-2,0,0.4
0.075,0.935,3103.57,-8.89227,2.42999,44249.7,1,-2,0,0.4
0.075,0.945,3105.31,-8.89184,2.43277,44287.9,1,-2,0,0.4
0.075,0.955,3106.58,-8.89153,2.43478,44315.6,1,-2,0,0.4
0.075,0.965,3107.48,-8.89132,2.43619,44335.2,1,-2,0,0.4
0.075,0.975,3108.11,-8.89117,2.43717,44348.7,1,-2,0,0.4
0.075,0.985,3108.54,-8.89107,2.43783,44357.9,1,-2,0,0.4
0.075,0.995,3108.82,-8.89101,2.43827,44364.1,1,-2,0,0.4
0.085,0.005,7.14338,-6.17744,-4.01625,323.153,1,-2,0,0.4
0.085,0.015,8.60935,-3.57497,-4.10656,366.613,1,-2,0,0.4
0.085,0.025,11.1082,-0.566674,-3.77898,394.325,1,-2,0,0.4
0.085,0.035,12.4988,2.1049,-4.34759,333.365,1,-2,0,0.4
0.085,0.045,8.80417,5.24131,-6.71759,156.96,1,-2,0,0.4
0.085,0.055,7.81752,6.99409,-7.41617,107.681,1,-2,0,0.4
0.085,0.065,8.79514,7.46052,-7.47133,110.116,1,-2,0,0.4
0.085,0.075,9.95598,7.90405,-7.49497,111.69,1,-2,0,0.4
0.085,0.085,11.3232,8.30528,-7.50319,112.783,1,-2,0,0.4
0.085,0.095,12.898,8.65343,-7.50408,113.612,1,-2,0,0.4
0.085,0.105,14.663,8.94564,-7.50123,114.327,1,-2,0,0.4
0.085,0.115,16.5835,9.18466,-7.4962,115.029,1,-2,0,0.4
0.085,0.125,18.616,9.3763,-7.48957,115.828,1,-2,0,0.4
0.085,0.135,20.7273,9.52708,-7.48287,116.957,1,-2,0,0.4
0.085,0.145,22.9599,9.64028,-7.48762,119.381,1,-2,0,0.4
0.085,0.155,25.6766,9.69588,-7.56892,128.578,1,-2,0,0.4
0.085,0.165,30.2584,9.54174,-7.98822,176.7,1,-2,0,0.4
0.085,0.175,40.2519,8.63627,-9.21902,401.214,1,-2,0,0.4
0.085,0.185,62.8542,6.41872,-11.0455,1115,1,-2,0,0.4
0.085,0.195,105.025,3.79803,-12.3807,2573.2,1,-2,0,0.4
0.085,0.205,148.494,2.19853,-13.1489,4192.16,1,-2,0,0.4
0.085,0.215,179.975,1.43448,-13.5447,5415.05,1,-2,0,0.4
0.085,0.225,201.467,1.10501,-13.6708,6254.29,1,-2,0,0.4
0.085,0.235,215.578,0.988499,-13.636,6819.4,1,-2,0,0.4
0.085,0.245,224.708,0.976097,-13.5043,7214.01,1,-2,0,0.4
0.085,0.255,230.389,1.01076,-13.313,7503.62,1,-2,0,0.4
0.085,0.265,233.596,1.06335,-13.0835,7727.87,1,-2,0,0.4
0.085,0.275,234.951,1.11842,-12.8281,7909.75,1,-2,0,0.4
0.085,0.285,234.887,1.16745,-12.5544,8062.97,1,-2,0,0.4
0.085,0.295,233.737,1.20546,-12.2671,8195.96,1,-2,0,0.4
0.085,0.305,231.779,1.22922,-11.9692,8313.75,1,-2,0,0.4
0.085,0.315,229.248,1.23594,-11.6623,8418.66,1,-2,0,0.4
0.085,0.325,226.344,1.22259,-11.3475,8510.55,1,-2,0,0.4
0.085,0.335,223.247,1.18563,-11.0254,8587.43,1,-2,0,0.4
0.085,0.345,220.136,1.12152,-10.6968,8646.79,1,-2,0,0.4
0.085,0.355,217.214,1.02755,-10.363,8686.94,1,-2,0,0.4
0.085,0.365,214.715,0.902441,-10.0254,8707.91,1,-2,0,0.4
0.085,0.375,212.891,0.746387,-9.68543,8711.31,1,-2,0,0.4
0.085,0.385,211.995,0.56064,-9.34419,8699.62,1,-2,0,0.4
0.085,0.395,212.264,0.346963,-9.00194,8675.43,1,-2,0,0.4
0.085,0.405,213.908,0.107196,-8.65845,8640.82,1,-2,0,0.4
0.085,0.415,217.097,-0.156879,-8.31346,8596.56,1,-2,0,0.4
0.085,0.425,222.128,-0.443979,-7.9612,8549.4,1,-2,0,0.4
0.085,0.435,229.24,-0.75367,-7.59973,8501.82,1,-2,0,0.4
0.085,0.445,238.542,-1.08388,-7.23114,8453.83,1,-2,0,0.4
0.085,0.455,250.384,-1.43199,-6.8508,8414.76,1,-2,0,0.4
0.085,0.465,265.008,-1.79336,-6.46046,8387.27,1,-2,0,0.4
0.085,0.475,282.698,-2.16706,-6.06261,8373.54,1,-2,0,0.4
0.085,0.485,303.859,-2.55272,-5.65727,8379.01,1,-2,0,0.4
0.085,0.495,328.916,-2.94919,-5.2466,8407.84,1,-2,0,0.4
0.085,0.505,358.384,-3.35519,-4.83285,8465.66,1,-2,0,0.4
0.085,0.515,392.883,-3.7699,-4.41825,8559.36,1,-2,0,0.4
0.085,0.525,433.117,-4.19337,-4.00545,8695.87,1,-2,0,0.4
0.085,0.535,479.848,-4.62676,-3.59759,8881.9,1,-2,0,0.4
0.085,0.545,533.379,-5.07308,-3.20266,9112.09,1,-2,0,0.4
0.085,0.555,595.303,-5.5255,-2.82096,9414.22,1,-2,0,0.4
0.085,0.565,669.197,-5.98125,-2.43854,9845.06,1,-2,0,0.4
0.085,0.575,759.358,-6.44595,-2.04515,10457,1,-2,0,0.4
0.085,0.585,871.812,-6.91831,-1.63367,11318.8,1,-2,0,0.4
0.085,0.595,1013.59,-7.39015,-1.20345,12499.6,1,-2,0,0.4
0.085,0.605,1190.21,-7.84431,-0.765055,14037.3,1,-2,0,0.4
0.085,0.615,1401.37,-8.25619,-0.339575,15906.3,1,-2,0,0.4
0.085,0.625,1638.05,-8.60218,0.0499634,18018.3,1,-2,0,0.4
0.085,0.635,1883.84,-8.86845,0.388772,20256.6,1,-2,0,0.4
0.085,0.645,2120.74,-9.05217,0.674278,22526.7,1,-2,0,0.4
0.085,0.655,2338.82,-9.17293,0.911294,24733.2,1,-2,0,0.4
0.085,0.665,2529.66,-9.24467,1.1086,26803,1,-2,0,0.4
0.085,0.675,2689.51,-9.27906,1.27528,28698.5,1,-2,0,0.4
0.085,0.685,2818.78,-9.2861,1.41903,30406.9,1,-2,0,0.4
0.085,0.695,2920.58,-9.27411,1.54553,31931.3,1,-2,0,0.4
0.085,0.705,2999.38,-9.24976,1.65863,33283.4,1,-2,0,0.4
0.085,0.715,3059.99,-9.21835,1.7608,34480.3,1,-2,0,0.4
0.085,0.725,3106.96,-9.18384,1.8536,35541.4,1,-2,0,0.4
0.085,0.735,3144.18,-9.14908,1.93807,36486.1,1,-2,0,0.4
0.085,0.745,3174.72,-9.11597,2.01493,37332.5,1,-2,0,0.4
0.085,0.755,3200.87,-9.08561,2.08479,38096.2,1,-2,0,0.4
0.085,0.765,3224.2,-9.05852,2.14816,38789.9,1,-2,0,0.4
0.085,0.775,3245.72,-9.03482,2.20551,39423.3,1,-2,0,0.4
0.085,0.785,3266,-9.01438,2.25725,40003.4,1,-2,0,0.4
0.085,0.795,3285.31,-8.99693,2.30375,40535.2,1,-2,0,0.4
0.085,0.805,3303.7,-8.98216,2.34534,41021.5,1,-2,0,0.4
0.085,0.815,3321.14,-8.96973,2.38232,41464.2,1,-2,0,0.4
0.085,0.825,3337.49,-8.95933,2.41495,41864.3,1,-2,0,0.4
0.085,0.835,3352.61,-8.95068,2.4435,42222.5,1,-2,0,0.4
0.085,0.845,3366.39,-8.94353,2.46822,42539.4,1,-2,0,0.4
0.085,0.855,3378.72,-8.93767,2.48937,42816,1,-2,0,0.4
0.085,0.865,3389.55,-8.93292,2.50723,43053.9,1,-2,0,0.4
0.085,0.875,3398.89,-8.9291,2.5221,43255.2,1,-2,0,0.4
0.085,0.885,3406.77,-8.92608,2.53428,43422.4,1,-2,0,0.4
0.085,0.895,3413.29,-8.92371,2.54409,43558.9,1,-2,0,0.4
0.085,0.905,3418.57,-8.92189,2.55186,43668,1,-2,0,0.4
0.085,0.915,3422.74,-8.92051,2.55789,43753.5,1,-2,0,0.4
0.085,0.925,3425.98,-8.91948,2.56249,43819.1,1,-2,0,0.4
0.085,0.935,3428.43,-8.91874,2.56592,43868.4,1,-2,0,0.4
0.085,0.945,3430.24,-8.9182,2.56842,43904.7,1,-2,0,0.4
0.085,0.955,3431.56,-8.91782,2.57022,43930.8,1,-2,0,0.4
0.085,0.965,3432.49,-8.91757,2.57148,43949.2,1,-2,0,0.4
0.085,0.975,3433.13,-8.91739,2.57235,43961.9,1,-2,0,0.4
0.085,0.985,3433.57,-8.91728,2.57293,43970.5,1,-2,0,0.4
0.085,0.995,3433.86,-8.9172,2.57332,43976.1,1,-2,0,0.4
0.095,0.005,6.98988,-6.4541,-4.58696,322.247,1,-2,0,0.4
0.095,0.015,7.96066,-4.35667,-4.75419,352.437,1,-2,0,0.4
0.095,0.025,9.86154,-1.6016,-4.3957,388.843,1,-2,0,0.4
0.095,0.035,12.6987,0.843254,-3.91985,405.669,1,-2,0,0.4
0.095,0.045,13.3816,3.15355,-4.63324,326.717,1,-2,0,0.4
0.095,0.055,8.8817,6.3549,-7.06175,135.104,1,-2,0,0.4
0.095,0.065,8.79514,7.46052,-7.47133,110.116,1,-2,0,0.4
0.095,0.075,9.95599,7.90405,-7.49497,111.69,1,-2,0,0.4
0.095,0.085,11.3232,8.30528,-7.5032,112.784,1,-2,0,0.4
0.095,0.095,12.8984,8.65344,-7.50416,113.615,1,-2,0,0.4
0.095,0.105,14.665,8.94562,-7.50163,114.344,1,-2,0,0.4
0.095,0.115,16.5952,9.18444,-7.4983,115.13,1,-2,0,0.4
0.095,0.125,18.68,9.37432,-7.50065,116.409,1,-2,0,0.4
0.095,0.135,21.052,9.51153,-7.54101,120.413,1,-2,0,0.4
0.095,0.145,24.3927,9.53172,-7.76674,140.143,1,-2,0,0.4
0.095,0.155,30.8179,9.10869,-8.58875,241.825,1,-2,0,0.4
0.095,0.165,45.0021,7.57507,-10.2554,629.5,1,-2,0,0.4
0.095,0.175,75.3141,4.97331,-11.9189,1623.42,1,-2,0,0.4
0.095,0.185,117.444,2.89967,-12.9264,3100.19,1,-2,0,0.4
0.095,0.195,152.035,1.81869,-13.5138,4392.36,1,-2,0,0.4
0.095,0.205,176.815,1.32634,-13.7731,5321.09,1,-2,0,0.4
0.095,0.215,193.716,1.13097,-13.8253,5953.51,1,-2,0,0.4
0.095,0.225,205.1,1.08386,-13.7525,6390.44,1,-2,0,0.4
0.095,0.235,212.694,1.10831,-13.6028,6706.18,1,-2,0,0.4
0.095,0.245,217.598,1.16448,-13.404,6946.64,1,-2,0,0.4
0.095,0.255,220.494,1.23144,-13.1721,7138.7,1,-2,0,0.4
0.095,0.265,221.822,1.29768,-12.9169,7297.71,1,-2,0,0.4
0.095,0.275,221.891,1.35648,-12.6443,7432.65,1,-2,0,0.4
0.095,0.285,220.953,1.40365,-12.3584,7549.06,1,-2,0,0.4
0.095,0.295,219.231,1.43638,-12.0617,7650.51,1,-2,0,0.4
0.095,0.305,216.939,1.45257,-11.7561,7739.42,1,-2,0,0.4
0.095,0.315,214.282,1.4504,-11.4429,7817.2,1,-2,0,0.4
0.095,0.325,211.461,1.42792,-11.1228,7884.31,1,-2,0,0.4
0.095,0.335,208.663,1.38288,-10.7963,7940.23,1,-2,0,0.4
0.095,0.345,206.073,1.31279,-10.4638,7983.81,1,-2,0,0.4
0.095,0.355,203.878,1.21529,-10.1257,8013.81,1,-2,0,0.4
0.095,0.365,202.27,1.08861,-9.78257,8029.44,1,-2,0,0.4
0.095,0.375,201.451,0.931844,-9.43499,8030.66,1,-2,0,0.4
0.095,0.385,201.621,0.744961,-9.08342,8018.07,1,-2,0,0.4
0.095,0.395,202.976,0.528631,-8.7281,7992.68,1,-2,0,0.4
0.095,0.405,205.696,0.283988,-8.36904,7955.55,1,-2,0,0.4
0.095,0.415,209.939,0.0124934,-8.00625,7907.62,1,-2,0,0.4
0.095,0.425,215.827,-0.283935,-7.64043,7849.02,1,-2,0,0.4
0.095,0.435,223.828,-0.604514,-7.26169,7789.83,1,-2,0,0.4
0.095,0.445,233.987,-0.946845,-6.87544,7729.97,1,-2,0,0.4
0.095,0.455,246.582,-1.30569,-6.47966,7675.84,1,-2,0,0.4
0.095,0.465,261.722,-1.67727,-6.08026,7625.38,1,-2,0,0.4
0.095,0.475,279.712,-2.06064,-5.67705,7583.68,1,-2,0,0.4
0.095,0.485,300.879,-2.45444,-5.27078,7555.53,1,-2,0,0.4
0.095,0.495,325.571,-2.85713,-4.86345,7545.07,1,-2,0,0.4
0.095,0.505,354.205,-3.26739,-4.45694,7557.63,1,-2,0,0.4
0.095,0.515,387.279,-3.68468,-4.05299,7599.5,1,-2,0,0.4
0.095,0.525,425.345,-4.10965,-3.65378,7676.74,1,-2,0,0.4
0.095,0.535,468.959,-4.54427,-3.26244,7794.35,1,-2,0,0.4
0.095,0.545,518.157,-4.9916,-2.88731,7946.25,1,-2,0,0.4
0.095,0.555,575.255,-5.44301,-2.51976,8176.13,1,-2,0,0.4
0.095,0.565,643.525,-5.90657,-2.14633,8526.15,1,-2,0,0.4
0.095,0.575,728.043,-6.38804,-1.75478,9056.28,1,-2,0,0.4
0.095,0.585,836.313,-6.88841,-1.33534,9845,1,-2,0,0.4
0.095,0.595,977.599,-7.40078,-0.8875,10969.7,1,-2,0,0.4
0.095,0.605,1159.66,-7.9055,-0.42737,12464.2,1,-2,0,0.4
0.095,0.615,1383.1,-8.37017,0.0146614,14285.1,1,-2,0,0.4
0.095,0.625,1637.75,-8.76065,0.408337,16331.6,1,-2,0,0.4
0.095,0.635,1903.89,-9.04967,0.738351,18514.8,1,-2,0,0.4
0.095,0.645,2167.32,-9.2541,1.00344,20728,1,-2,0,0.4
0.095,0.655,2412.84,-9.38832,1.21295,22873.9,1,-2,0,0.4
0.095,0.665,2630.01,-9.46578,1.38014,24897.9,1,-2,0,0.4
0.095,0.675,2814.54,-9.49959,1.51761,26777,1,-2,0,0.4
0.095,0.685,2966.67,-9.50127,1.63513,28504.2,1,-2,0,0.4
0.095,0.695,3089.31,-9.48042,1.73929,30079.8,1,-2,0,0.4
0.095,0.705,3186.66,-9.44487,1.8341,31507.5,1,-2,0,0.4
0.095,0.715,3263.36,-9.40089,1.92177,32794.5,1,-2,0,0.4
0.095,0.725,3323.95,-9.35326,2.00338,33951,1,-2,0,0.4
0.095,0.735,3372.48,-9.30552,2.07937,34989.3,1,-2,0,0.4
0.095,0.745,3412.31,-9.26002,2.14993,35922.8,1,-2,0,0.4
0.095,0.755,3446.05,-9.21818,2.21514,36764.4,1,-2,0,0.4
0.095,0.765,3475.59,-9.18073,2.27506,37525.7,1,-2,0,0.4
0.095,0.775,3502.2,-9.14784,2.3298,38216.3,1,-2,0,0.4
0.095,0.785,3526.69,-9.1194,2.37952,38843.6,1,-2,0,0.4
0.095,0.795,3549.49,-9.09507,2.42438,39413.4,1,-2,0,0.4
0.095,0.805,3570.8,-9.07446,2.46457,39929.4,1,-2,0,0.4
0.095,0.815,3590.67,-9.05714,2.50029,40394.5,1,-2,0,0.4
0.095,0.825,3609.04,-9.04269,2.53176,40810.6,1,-2,0,0.4
0.095,0.835,3625.83,-9.03073,2.5592,41179.4,1,-2,0,0.4
0.095,0.845,3640.96,-9.02093,2.58287,41502.6,1,-2,0,0.4
0.095,0.855,3654.38,-9.01296,2.60302,41782.1,1,-2,0,0.4
0.095,0.865,3666.06,-9.00656,2.61994,42020.1,1,-2,0,0.4
0.095,0.875,3676.04,-9.00147,2.63394,42219.7,1,-2,0,0.4
0.095,0.885,3684.41,-8.99749,2.64534,42384,1,-2,0,0.4
0.095,0.895,3691.27,-8.99442,2.65446,42516.8,1,-2,0,0.4
0.095,0.905,3696.78,-8.99209,2.66163,42622.1,1,-2,0,0.4
0.095,0.915,3701.12,-8.99035,2.66715,42704,1,-2,0,0.4
0.095,0.925,3704.45,-8.98907,2.67133,42766.3,1,-2,0,0.4
0.095,0.935,3706.96,-8.98815,2.67443,42812.7,1,-2,0,0.4
0.095,0.945,3708.8,-8.9875,2.67669,42846.6,1,-2,0,0.4
0.095,0.955,3710.13,-8.98706,2.67829,42870.8,1,-2,0,0.4
0.095,0.965,3711.06,-8.98675,2.6794,42887.7,1,-2,0,0.4
0.095,0.975,3711.71,-8.98655,2.68017,42899.3,1,-2,0,0.4
0.095,0.985,3712.14,-8.98641,2.68068,42907.1,1,-2,0,0.4
0.095,0.995,3712.42,-8.98633,2.68101,42912.1,1,-2,0,0.4
0.105,0.005,6.75146,-6.40652,-5.11433,312.366,1,-2,0,0.4
0.105,0.015,7.44492,-4.65506,-5.28235,333.656,1,-2,0,0.4
0.105,0.025,8.78211,-2.23258,-5.0663,361.953,1,-2,0,0.4
0.105,0.035,11.1449,0.159595,-4.45909,393.095,1,-2,0,0.4
0.105,0.045,14.1867,2.11349,-4.06992,403.72,1,-2,0,0.4
0.105,0.055,13.7195,4.28377,-5.12362,295.082,1,-2,0,0.4
0.105,0.065,9.18725,7.27784,-7.33553,118.763,1,-2,0,0.4
0.105,0.075,9.95615,7.90406,-7.49502,111.692,1,-2,0,0.4
0.105,0.085,11.3241,8.30529,-7.50345,112.793,1,-2,0,0.4
0.105,0.095,12.9034,8.65341,-7.50537,113.665,1,-2,0,0.4
0.105,0.105,14.6927,8.94501,-7.5077,114.616,1,-2,0,0.4
0.105,0.115,16.7394,9.17853,-7.52906,116.652,1,-2,0,0.4
0.105,0.125,19.3566,9.32835,-7.65109,125.183,1,-2,0,0.4
0.105,0.135,23.7209,9.22311,-8.16181,169.836,1,-2,0,0.4
0.105,0.145,32.8343,8.312,-9.4964,368.213,1,-2,0,0.4
0.105,0.155,52.8986,6.12617,-11.3115,976.988,1,-2,0,0.4
0.105,0.165,88.2582,3.72655,-12.6084,2154.58,1,-2,0,0.4
0.105,0.175,124.565,2.2793,-13.3839,3443.32,1,-2,0,0.4
0.105,0.185,152.021,1.58295,-13.8007,4439.07,1,-2,0,0.4
0.105,0.195,171.626,1.28542,-13.9574,5139.94,1,-2,0,0.4
0.105,0.205,185.205,1.18819,-13.9558,5622.99,1,-2,0,0.4
0.105,0.215,194.616,1.19216,-13.8563,5967.26,1,-2,0,0.4
0.105,0.225,201.096,1.24445,-13.6947,6224.88,1,-2,0,0.4
0.105,0.235,205.436,1.31757,-13.4916,6427.94,1,-2,0,0.4
0.105,0.245,208.124,1.39662,-13.2594,6594.81,1,-2,0,0.4
0.105,0.255,209.475,1.4731,-13.0058,6735.96,1,-2,0,0.4
0.105,0.265,209.72,1.54178,-12.7356,6857.38,1,-2,0,0.4
0.105,0.275,209.046,1.59916,-12.4522,6962.66,1,-2,0,0.4
0.105,0.285,207.63,1.6427,-12.1577,7054.09,1,-2,0,0.4
0.105,0.295,205.644,1.67038,-11.854,7133.25,1,-2,0,0.4
0.105,0.305,203.27,1.68048,-11.542,7201.31,1,-2,0,0.4
0.105,0.315,200.692,1.67139,-11.2228,7259.11,1,-2,0,0.4
0.105,0.325,198.095,1.64144,-10.8967,7307.12,1,-2,0,0.4
0.105,0.335,195.663,1.58879,-10.5642,7345.36,1,-2,0,0.4
0.105,0.345,193.577,1.51144,-10.2253,7373.39,1,-2,0,0.4
0.105,0.355,192.011,1.40734,-9.88006,7390.51,1,-2,0,0.4
0.105,0.365,191.14,1.27469,-9.52866,7395.98,1,-2,0,0.4
0.105,0.375,191.133,1.11223,-9.17127,7389.26,1,-2,0,0.4
0.105,0.385,192.158,0.919355,-8.80815,7370.11,1,-2,0,0.4
0.105,0.395,194.375,0.696205,-8.43956,7338.57,1,-2,0,0.4
0.105,0.405,197.933,0.443607,-8.06587,7294.78,1,-2,0,0.4
0.105,0.415,202.971,0.162984,-7.68757,7238.9,1,-2,0,0.4
0.105,0.425,209.606,-0.143724,-7.3059,7170.46,1,-2,0,0.4
0.105,0.435,218.099,-0.474135,-6.91694,7097.32,1,-2,0,0.4
0.105,0.445,228.822,-0.825813,-6.51575,7027.28,1,-2,0,0.4
0.105,0.455,241.703,-1.19194,-6.11174,6955.65,1,-2,0,0.4
0.105,0.465,256.885,-1.57008,-5.70766,6883.96,1,-2,0,0.4
0.105,0.475,274.6,-1.95848,-5.30345,6816.86,1,-2,0,0.4
0.105,0.485,295.085,-2.35526,-4.90001,6758.68,1,-2,0,0.4
0.105,0.495,318.584,-2.75877,-4.49897,6713.34,1,-2,0,0.4
0.105,0.505,345.387,-3.16794,-4.10172,6685.61,1,-2,0,0.4
0.105,0.515,375.827,-3.58269,-3.70952,6680.71,1,-2,0,0.4
0.105,0.525,410.244,-4.00429,-3.32422,6703.21,1,-2,0,0.4
0.105,0.535,448.911,-4.43533,-2.94875,6756.19,1,-2,0,0.4
0.105,0.545,491.812,-4.87898,-2.58869,6838.28,1,-2,0,0.4
0.105,0.555,541.301,-5.33046,-2.23102,6992.16,1,-2,0,0.4
0.105,0.565,600.603,-5.80301,-1.8609,7257.11,1,-2,0,0.4
0.105,0.575,675.333,-6.30553,-1.46264,7697.34,1,-2,0,0.4
0.105,0.585,774.193,-6.8441,-1.02296,8396.69,1,-2,0,0.4
0.105,0.595,908.155,-7.41603,-0.542787,9429.17,1,-2,0,0.4
0.105,0.605,1086.03,-7.99887,-0.0480647,10800.9,1,-2,0,0.4
0.105,0.615,1308.05,-8.54527,0.417318,12434,1,-2,0,0.4
0.105,0.625,1560.94,-8.98741,0.816956,14256.8,1,-2,0,0.4
0.105,0.635,1831.96,-9.32649,1.13293,16173.4,1,-2,0,0.4
0.105,0.645,2102.69,-9.57097,1.36857,18078.3,1,-2,0,0.4
0.105,0.655,2356.44,-9.73149,1.5404,19918.2,1,-2,0,0.4
0.105,0.665,2583.62,-9.82295,1.66823,21681.1,1,-2,0,0.4
0.105,0.675,2781.05,-9.86075,1.76882,23372.2,1,-2,0,0.4
0.105,0.685,2949.34,-9.8586,1.85389,24995.1,1,-2,0,0.4
0.105,0.695,3090.75,-9.82808,1.93065,26545.3,1,-2,0,0.4
0.105,0.705,3208.25,-9.77874,2.00299,28011.9,1,-2,0,0.4
0.105,0.715,3305.2,-9.71835,2.07265,29383.7,1,-2,0,0.4
0.105,0.725,3385.06,-9.65305,2.14013,30652.6,1,-2,0,0.4
0.105,0.735,3451.18,-9.5874,2.20526,31815.7,1,-2,0,0.4
0.105,0.745,3506.58,-9.52458,2.2676,32874.7,1,-2,0,0.4
0.105,0.755,3553.77,-9.46656,2.32666,33834.7,1,-2,0,0.4
0.105,0.765,3594.76,-9.41438,2.38201,34702.8,1,-2,0,0.4
0.105,0.775,3630.98,-9.36839,2.43334,35486.1,1,-2,0,0.4
0.105,0.785,3663.44,-9.3285,2.48048,36191.4,1,-2,0,0.4
0.105,0.795,3692.81,-9.29435,2.52332,36824.6,1,-2,0,0.4
0.105,0.805,3719.47,-9.26542,2.56187,37390.7,1,-2,0,0.4
0.105,0.815,3743.65,-9.24114,2.5962,37893.8,1,-2,0,0.4
0.105,0.825,3765.44,-9.22097,2.62644,38337.5,1,-2,0,0.4
0.105,0.835,3784.9,-9.20437,2.65277,38725,1,-2,0,0.4
0.105,0.845,3802.08,-9.19084,2.67539,39059.7,1,-2,0,0.4
0.105,0.855,3817.03,-9.17994,2.69458,39345,1,-2,0,0.4
0.105,0.865,3829.83,-9.17126,2.7106,39584.7,1,-2,0,0.4
0.105,0.875,3840.6,-9.16445,2.72377,39782.9,1,-2,0,0.4
0.105,0.885,3849.49,-9.15918,2.73443,39944,1,-2,0,0.4
0.105,0.895,3856.69,-9.15516,2.74289,40072.6,1,-2,0,0.4
0.105,0.905,3862.4,-9.15215,2.74949,40173.3,1,-2,0,0.4
0.105,0.915,3866.84,-9.14993,2.75455,40250.6,1,-2,0,0.4
0.105,0.925,3870.22,-9.14832,2.75834,40308.8,1,-2,0,0.4
0.105,0.935,3872.73,-9.14718,2.76113,40351.7,1,-2,0,0.4
0.105,0.945,3874.56,-9.14638,2.76313,40382.7,1,-2,0,0.4
0.105,0.955,3875.87,-9.14584,2.76455,40404.6,1,-2,0,0.4
0.105,0.965,3876.78,-9.14547,2.76554,40419.8,1,-2,0,0.4
0.105,0.975,3877.4,-9.14523,2.7662,40430.1,1,-2,0,0.4
0.105,0.985,3877.81,-9.14507,2.76664,40436.9,1,-2,0,0.4
0.105,0.995,3878.08,-9.14498,2.76693,40441.3,1,-2,0,0.4
0.115,0.005,6.52531,-6.23369,-5.71849,300.626,1,-2,0,0.4
0.115,0.015,7.05732,-4.72226,-5.8281,316.343,1,-2,0,0.4
0.115,0.025,8.03687,-2.6271,-5.6764,337.397,1,-2,0,0.4
0.115,0.035,9.83937,-0.362235,-5.14073,366.069,1,-2,0,0.4
0.115,0.045,12.8174,1.58126,-4.4353,398.619,1,-2,0,0.4
0.115,0.055,15.7118,3.26436,-4.2577,396.958,1,-2,0,0.4
0.115,0.065,13.299,5.59709,-5.85704,236.251,1,-2,0,0.4
0.115,0.075,10.0834,7.85781,-7.4579,114.118,1,-2,0,0.4
0.115,0.085,11.3366,8.30523,-7.5071,112.934,1,-2,0,0.4
0.115,0.095,12.9687,8.65151,-7.52312,114.409,1,-2,0,0.4
0.115,0.105,15.012,8.92618,-7.59358,118.67,1,-2,0,0.4
0.115,0.115,18.1022,9.0401,-7.90753,139.111,1,-2,0,0.4
0.115,0.125,24.1113,8.60929,-8.90076,238.059,1,-2,0,0.4
0.115,0.135,37.234,6.98654,-10.6558,592.356,1,-2,0,0.4
0.115,0.145,64.0936,4.51983,-12.2078,1444.03,1,-2,0,0.4
0.115,0.155,98.4939,2.7645,-13.1714,2603.76,1,-2,0,0.4
0.115,0.165,127.464,1.85694,-13.7544,3618.29,1,-2,0,0.4
0.115,0.175,149.354,1.44512,-14.0309,4372.94,1,-2,0,0.4
0.115,0.185,165.095,1.28953,-14.1113,4903.97,1,-2,0,0.4
0.115,0.195,176.303,1.26575,-14.0699,5280.42,1,-2,0,0.4
0.115,0.205,184.296,1.30816,-13.9511,5557.62,1,-2,0,0.4
0.115,0.215,189.969,1.38197,-13.7815,5772.08,1,-2,0,0.4
0.115,0.225,193.896,1.4686,-13.5763,5946.09,1,-2,0,0.4
0.115,0.235,196.434,1.55768,-13.3451,6092.5,1,-2,0,0.4
0.115,0.245,197.822,1.64302,-13.0939,6218.62,1,-2,0,0.4
0.115,0.255,198.234,1.7206,-12.8267,6328.58,1,-2,0,0.4
0.115,0.265,197.815,1.78756,-12.5464,6424.75,1,-2,0,0.4
0.115,0.275,196.703,1.84166,-12.2549,6508.56,1,-2,0,0.4
0.115,0.285,195.04,1.88098,-11.9536,6580.96,1,-2,0,0.4
0.115,0.295,192.976,1.90381,-11.6436,6642.67,1,-2,0,0.4
0.115,0.305,190.668,1.90847,-11.3257,6694.26,1,-2,0,0.4
0.115,0.315,188.283,1.89332,-11.0003,6736.23,1,-2,0,0.4
0.115,0.325,185.991,1.85666,-10.6676,6768.89,1,-2,0,0.4
0.115,0.335,183.963,1.7967,-10.3279,6792.37,1,-2,0,0.4
0.115,0.345,182.368,1.71157,-9.98107,6806.49,1,-2,0,0.4
0.115,0.355,181.369,1.59938,-9.62704,6810.84,1,-2,0,0.4
0.115,0.365,181.121,1.45844,-9.26578,6804.86,1,-2,0,0.4
0.115,0.375,181.776,1.28748,-8.89737,6787.92,1,-2,0,0.4
0.115,0.385,183.476,1.08579,-8.52209,6759.46,1,-2,0,0.4
0.115,0.395,186.358,0.853435,-8.14041,6719.08,1,-2,0,0.4
0.115,0.405,190.548,0.591231,-7.75312,6666.51,1,-2,0,0.4
0.115,0.415,196.158,0.300788,-7.36141,6601.59,1,-2,0,0.4
0.115,0.425,203.264,-0.0155153,-6.96712,6524.05,1,-2,0,0.4
0.115,0.435,212.003,-0.354134,-6.56945,6438.08,1,-2,0,0.4
0.115,0.445,222.88,-0.711436,-6.15929,6355.65,1,-2,0,0.4
0.115,0.455,235.637,-1.08172,-5.75126,6267.68,1,-2,0,0.4
0.115,0.465,250.388,-1.46257,-5.34603,6177.03,1,-2,0,0.4
0.115,0.475,267.272,-1.85169,-4.94389,6087.62,1,-2,0,0.4
0.115,0.485,286.425,-2.24702,-4.54563,6003.24,1,-2,0,0.4
0.115,0.495,307.969,-2.64704,-4.15237,5927.4,1,-2,0,0.4
0.115,0.505,332.044,-3.05104,-3.76495,5864.03,1,-2,0,0.4
0.115,0.515,358.79,-3.45949,-3.3842,5817.04,1,-2,0,0.4
0.115,0.525,388.298,-3.87427,-3.01155,5789.42,1,-2,0,0.4
0.115,0.535,420.556,-4.29855,-2.64936,5782.87,1,-2,0,0.4
0.115,0.545,455.593,-4.73598,-2.29914,5801.79,1,-2,0,0.4
0.115,0.555,495.462,-5.18804,-1.94577,5881.98,1,-2,0,0.4
0.115,0.565,543.327,-5.67173,-1.57134,6062.91,1,-2,0,0.4
0.115,0.575,605.078,-6.20276,-1.15468,6410.5,1,-2,0,0.4
0.115,0.585,690.072,-6.79772,-0.678084,7006.87,1,-2,0,0.4
0.115,0.595,809.543,-7.46471,-0.147211,7898.46,1,-2,0,0.4
0.115,0.605,970.791,-8.17423,0.395307,9027.75,1,-2,0,0.4
0.115,0.615,1170.34,-8.81476,0.891654,10327.3,1,-2,0,0.4
0.115,0.625,1402.34,-9.35142,1.29442,11714,1,-2,0,0.4
0.115,0.635,1651.48,-9.77583,1.58581,13076.3,1,-2,0,0.4
0.115,0.645,1898.55,-10.0845,1.77855,14371.1,1,-2,0,0.4
0.115,0.655,2129.82,-10.2881,1.90079,15617.8,1,-2,0,0.4
0.115,0.665,2339.7,-10.4046,1.98041,16862.7,1,-2,0,0.4
0.115,0.675,2528.02,-10.4529,2.03796,18144.4,1,-2,0,0.4
0.115,0.685,2696.35,-10.4498,2.08619,19477.4,1,-2,0,0.4
0.115,0.695,2846.07,-10.4096,2.13199,20851.2,1,-2,0,0.4
0.115,0.705,2978.17,-10.3443,2.17861,22239.7,1,-2,0,0.4
0.115,0.715,3093.71,-10.2636,2.22711,23611,1,-2,0,0.4
0.115,0.725,3194.03,-10.1757,2.27739,24935.4,1,-2,0,0.4
0.115,0.735,3280.85,-10.0865,2.32873,26189.7,1,-2,0,0.4
0.115,0.745,3355.99,-10.0005,2.38017,27358.7,1,-2,0,0.4
0.115,0.755,3421.27,-9.92047,2.43071,28434.3,1,-2,0,0.4
0.115,0.765,3478.28,-9.84805,2.47946,29413.8,1,-2,0,0.4
0.115,0.775,3528.35,-9.7839,2.52568,30298.3,1,-2,0,0.4
0.115,0.785,3572.53,-9.72806,2.56885,31091.2,1,-2,0,0.4
0.115,0.795,3611.61,-9.68013,2.60856,31796.8,1,-2,0,0.4
0.115,0.805,3646.16,-9.63952,2.6446,32420.2,1,-2,0,0.4
0.115,0.815,3676.62,-9.60548,2.67687,32966.5,1,-2,0,0.4
0.115,0.825,3703.31,-9.57728,2.70536,33440.7,1,-2,0,0.4
0.115,0.835,3726.5,-9.55417,2.73017,33848,1,-2,0,0.4
0.115,0.845,3746.43,-9.53546,2.75146,34193.7,1,-2,0,0.4
0.115,0.855,3763.35,-9.52048,2.76945,34483.3,1,-2,0,0.4
0.115,0.865,3777.49,-9.50867,2.78442,34722.4,1,-2,0,0.4
0.115,0.875,3789.14,-9.49948,2.79666,34916.6,1,-2,0,0.4
0.115,0.885,3798.56,-9.49243,2.8065,35071.9,1,-2,0,0.4
0.115,0.895,3806.04,-9.48712,2.81426,35193.7,1,-2,0,0.4
0.115,0.905,3811.87,-9.48318,2.82027,35287.7,1,-2,0,0.4
0.115,0.915,3816.32,-9.48031,2.82483,35358.7,1,-2,0,0.4
0.115,0.925,3819.66,-9.47826,2.82822,35411.3,1,-2,0,0.4
0.115,0.935,3822.1,-9.47682,2.8307,35449.6,1,-2,0,0.4
0.115,0.945,3823.86,-9.47583,2.83247,35476.8,1,-2,0,0.4
0.115,0.955,3825.09,-9.47516,2.83371,35495.8,1,-2,0,0.4
0.115,0.965,3825.94,-9.47471,2.83456,35508.8,1,-2,0,0.4
0.115,0.975,3826.52,-9.47442,2.83513,35517.5,1,-2,0,0.4
0.115,0.985,3826.89,-9.47424,2.83551,35523.2,1,-2,0,0.4
0.115,0.995,3827.14,-9.47412,2.83575,35526.9,1,-2,0,0.4
0.125,0.005,6.38211,-6.04738,-6.54481,290.865,1,-2,0,0.4
0.125,0.015,6.82473,-4.73041,-6.5707,303.565,1,-2,0,0.4
0.125,0.025,7.60757,-2.94593,-6.38233,321.441,1,-2,0,0.4
0.125,0.035,9.04624,-0.911003,-5.84986,348.328,1,-2,0,0.4
0.125,0.045,11.5652,1.01169,-5.0419,384.81,1,-2,0,0.4
0.125,0.055,15.0713,2.64589,-4.38453,418.025,1,-2,0,0.4
0.125,0.065,17.2052,4.31923,-4.53173,381.248,1,-2,0,0.4
0.125,0.075,12.2746,7.04516,-6.7427,165.974,1,-2,0,0.4
0.125,0.085,11.528,8.28791,-7.55216,115.659,1,-2,0,0.4
0.125,0.095,13.6777,8.58492,-7.7683,125.775,1,-2,0,0.4
0.125,0.105,17.7212,8.49751,-8.50582,177.728,1,-2,0,0.4
0.125,0.115,26.5966,7.35034,-10.0991,389.691,1,-2,0,0.4
0.125,0.125,46.2957,5.02116,-11.7851,986.199,1,-2,0,0.4
0.125,0.135,75.6251,3.13296,-12.9185,1933.74,1,-2,0,0.4
0.125,0.145,103.998,2.08082,-13.6538,2888.88,1,-2,0,0.4
0.125,0.155,127.095,1.57714,-14.0555,3656.84,1,-2,0,0.4
0.125,0.165,144.716,1.3729,-14.2234,4225.56,1,-2,0,0.4
0.125,0.175,157.71,1.32381,-14.2448,4635.56,1,-2,0,0.4
0.125,0.185,167.244,1.35583,-14.1729,4936.47,1,-2,0,0.4
0.125,0.195,174.235,1.42817,-14.0399,5165.47,1,-2,0,0.4
0.125,0.205,179.332,1.51913,-13.8646,5347.87,1,-2,0,0.4
0.125,0.215,182.961,1.6168,-13.6586,5499.26,1,-2,0,0.4
0.125,0.225,185.396,1.71427,-13.429,5628.93,1,-2,0,0.4
0.125,0.235,186.825,1.80718,-13.1807,5742.2,1,-2,0,0.4
0.125,0.245,187.386,1.89253,-12.9169,5842.04,1,-2,0,0.4
0.125,0.255,187.194,1.96801,-12.6401,5930.08,1,-2,0,0.4
0.125,0.265,186.361,2.03168,-12.352,6007.23,1,-2,0,0.4
0.125,0.275,185.002,2.08181,-12.0537,6074.02,1,-2,0,0.4
0.125,0.285,183.24,2.11669,-11.7463,6130.85,1,-2,0,0.4
0.125,0.295,181.21,2.13465,-11.4304,6178.02,1,-2,0,0.4
0.125,0.305,179.053,2.13398,-11.1063,6215.83,1,-2,0,0.4
0.125,0.315,176.922,2.11292,-10.7743,6244.53,1,-2,0,0.4
0.125,0.325,174.969,2.06966,-10.4345,6264.3,1,-2,0,0.4
0.125,0.335,173.352,2.00232,-10.0868,6275.22,1,-2,0,0.4
0.125,0.345,172.222,1.90904,-9.73118,6277.15,1,-2,0,0.4
0.125,0.355,171.727,1.78801,-9.36745,6269.81,1,-2,0,0.4
0.125,0.365,172.009,1.63768,-8.99562,6252.73,1,-2,0,0.4
0.125,0.375,173.199,1.45692,-8.61589,6225.32,1,-2,0,0.4
0.125,0.385,175.423,1.24521,-8.22874,6186.96,1,-2,0,0.4
0.125,0.395,178.793,1.00281,-7.835,6137.11,1,-2,0,0.4
0.125,0.405,183.409,0.730834,-7.43597,6075.28,1,-2,0,0.4
0.125,0.415,189.347,0.431269,-7.0334,6001.09,1,-2,0,0.4
0.125,0.425,196.665,0.10692,-6.62915,5914.7,1,-2,0,0.4
0.125,0.435,205.451,-0.237578,-6.22326,5818.76,1,-2,0,0.4
0.125,0.445,216.074,-0.597074,-5.81017,5722.65,1,-2,0,0.4
0.125,0.455,228.321,-0.968445,-5.401,5620.21,1,-2,0,0.4
0.125,0.465,242.201,-1.34854,-4.99715,5513.13,1,-2,0,0.4
0.125,0.475,257.756,-1.7348,-4.599,5404.59,1,-2,0,0.4
0.125,0.485,275.011,-2.1252,-4.20704,5297.83,1,-2,0,0.4
0.125,0.495,293.965,-2.51848,-3.82184,5195.79,1,-2,0,0.4
0.125,0.505,314.6,-2.91435,-3.44369,5101.54,1,-2,0,0.4
0.125,0.515,336.865,-3.31379,-3.07296,5017.77,1,-2,0,0.4
0.125,0.525,360.62,-3.71924,-2.71051,4946.21,1,-2,0,0.4
0.125,0.535,385.603,-4.13454,-2.35783,4887.77,1,-2,0,0.4
0.125,0.545,411.915,-4.56406,-2.01192,4851.57,1,-2,0,0.4
0.125,0.555,441.177,-5.01737,-1.65612,4865.64,1,-2,0,0.4
0.125,0.565,476.421,-5.51632,-1.26769,4969.83,1,-2,0,0.4
0.125,0.575,523.534,-6.08916,-0.817316,5229.71,1,-2,0,0.4
0.125,0.585,591.607,-6.77561,-0.282966,5712.39,1,-2,0,0.4
0.125,0.595,689.176,-7.60657,0.317018,6391.02,1,-2,0,0.4
0.125,0.605,819.064,-8.46395,0.920875,7186.46,1,-2,0,0.4
0.125,0.615,983.222,-9.25435,1.44926,8024.42,1,-2,0,0.4
0.125,0.625,1173.69,-9.9407,1.84174,8769.33,1,-2,0,0.4
0.125,0.635,1373.7,-10.4852,2.08811,9373.52,1,-2,0,0.4
0.125,0.645,1567.54,-10.8804,2.22022,9883.76,1,-2,0,0.4
0.125,0.655,1747.38,-11.1417,2.28196,10392.1,1,-2,0,0.4
0.125,0.665,1913.28,-11.2931,2.30885,10984.6,1,-2,0,0.4
0.125,0.675,2068.47,-11.3587,2.32288,11712.8,1,-2,0,0.4
0.125,0.685,2215.32,-11.3594,2.33538,12589.9,1,-2,0,0.4
0.125,0.695,2354.26,-11.3126,2.35124,13600,1,-2,0,0.4
0.125,0.705,2484.43,-11.233,2.3722,14710.3,1,-2,0,0.4
0.125,0.715,2604.76,-11.1326,2.39846,15880.8,1,-2,0,0.4
0.125,0.725,2714.53,-11.0213,2.42947,17071.1,1,-2,0,0.4
0.125,0.735,2813.6,-10.9068,2.46429,18245.7,1,-2,0,0.4
0.125,0.745,2902.29,-10.795,2.50174,19375.9,1,-2,0,0.4
0.125,0.755,2981.25,-10.6899,2.54062,20440.7,1,-2,0,0.4
0.125,0.765,3051.25,-10.5938,2.57974,21426.5,1,-2,0,0.4
0.125,0.775,3113.11,-10.5081,2.61809,22325.5,1,-2,0,0.4
0.125,0.785,3167.56,-10.433,2.65482,23134.5,1,-2,0,0.4
0.125,0.795,3215.28,-10.3682,2.68927,23853.6,1,-2,0,0.4
0.125,0.805,3256.87,-10.3132,2.72098,24485.4,1,-2,0,0.4
0.125,0.815,3292.87,-10.2671,2.74966,25034,1,-2,0,0.4
0.125,0.825,3323.75,-10.229,2.77515,25504.6,1,-2,0,0.4
0.125,0.835,3349.98,-10.1978,2.79743,25903.2,1,-2,0,0.4
0.125,0.845,3372,-10.1727,2.81657,26236.3,1,-2,0,0.4
0.125,0.855,3390.24,-10.1527,2.83273,26510.5,1,-2,0,0.4
0.125,0.865,3405.14,-10.137,2.84614,26733,1,-2,0,0.4
0.125,0.875,3417.12,-10.1249,2.85707,26910.5,1,-2,0,0.4
0.125,0.885,3426.6,-10.1157,2.8658,27049.7,1,-2,0,0.4
0.125,0.895,3433.96,-10.1088,2.87265,27157,1,-2,0,0.4
0.125,0.905,3439.58,-10.1038,2.87792,27238.2,1,-2,0,0.4
0.125,0.915,3443.78,-10.1002,2.88189,27298.5,1,-2,0,0.4
0.125,0.925,3446.87,-10.0976,2.88482,27342.5,1,-2,0,0.4
0.125,0.935,3449.09,-10.0958,2.88695,27373.8,1,-2,0,0.4
0.125,0.945,3450.66,-10.0946,2.88845,27395.8,1,-2,0,0.4
0.125,0.955,3451.75,-10.0938,2.88949,27410.9,1,-2,0,0.4
0.125,0.965,3452.48,-10.0932,2.8902,27421.1,1,-2,0,0.4
0.125,0.975,3452.97,-10.0929,2.89068,27427.8,1,-2,0,0.4
0.125,0.985,3453.29,-10.0927,2.89099,27432.1,1,-2,0,0.4
0.125,0.995,3453.49,-10.0925,2.89118,27434.9,1,-2,0,0.4
0.135,0.005,6.41797,-5.89893,-7.75754,286.857,1,-2,0,0.4
0.135,0.015,6.8382,-4.79443,-7.72339,299.34,1,-2,0,0.4
0.135,0.025,7.55244,-3.35377,-7.46319,318.63,1,-2,0,0.4
0.135,0.035,8.84909,-1.67335,-6.84478,350.963,1,-2,0,0.4
0.135,0.045,11.1414,0.0314753,-5.90628,399.61,1,-2,0,0.4
0.135,0.055,14.92,1.5608,-4.9233,462.421,1,-2,0,0.4
0.135,0.065,19.6032,2.89205,-4.42393,517.296,1,-2,0,0.4
0.135,0.075,21.1716,4.26687,-5.28065,457.535,1,-2,0,0.4
0.135,0.085,17.1394,6.10095,-7.91318,285.317,1,-2,0,0.4
0.135,0.095,21.6939,6.26086,-9.69323,377.084,1,-2,0,0.4
0.135,0.105,35.6094,4.70104,-11.4008,783.994,1,-2,0,0.4
0.135,0.115,58.3678,3.10163,-12.6625,1497.27,1,-2,0,0.4
0.135,0.125,83.2459,2.11149,-13.5331,2303.47,1,-2,0,0.4
0.135,0.135,105.656,1.60677,-14.0528,3018.23,1,-2,0,0.4
0.135,0.145,124.206,1.39718,-14.3072,3589.92,1,-2,0,0.4
0.135,0.155,138.697,1.34513,-14.3915,4023.06,1,-2,0,0.4
0.135,0.165,149.773,1.37752,-14.3666,4348.71,1,-2,0,0.4
0.135,0.175,158.154,1.45313,-14.2703,4597,1,-2,0,0.4
0.135,0.185,164.463,1.54954,-14.1255,4792.06,1,-2,0,0.4
0.135,0.195,169.168,1.65466,-13.9457,4951,1,-2,0,0.4
0.135,0.205,172.596,1.76164,-13.7392,5085.04,1,-2,0,0.4
0.135,0.215,174.969,1.86626,-13.5115,5201.16,1,-2,0,0.4
0.135,0.225,176.445,1.96568,-13.2663,5303.52,1,-2,0,0.4
0.135,0.235,177.138,2.05775,-13.0062,5394.42,1,-2,0,0.4
0.135,0.245,177.147,2.14067,-12.7332,5475.1,1,-2,0,0.4
0.135,0.255,176.562,2.21282,-12.4487,5546.17,1,-2,0,0.4
0.135,0.265,175.478,2.27261,-12.1538,5607.93,1,-2,0,0.4
0.135,0.275,173.998,2.31844,-11.8494,5660.53,1,-2,0,0.4
0.135,0.285,172.235,2.34868,-11.536,5704.11,1,-2,0,0.4
0.135,0.295,170.309,2.36161,-11.2139,5738.78,1,-2,0,0.4
0.135,0.305,168.352,2.35542,-10.8834,5764.67,1,-2,0,0.4
0.135,0.315,166.499,2.32823,-10.5444,5781.9,1,-2,0,0.4
0.135,0.325,164.889,2.27812,-10.197,5790.54,1,-2,0,0.4
0.135,0.335,163.662,2.20312,-9.84089,5790.57,1,-2,0,0.4
0.135,0.345,162.955,2.10137,-9.47603,5781.84,1,-2,0,0.4
0.135,0.355,162.899,1.97114,-9.10236,5764.09,1,-2,0,0.4
0.135,0.365,163.618,1.81105,-8.72001,5736.89,1,-2,0,0.4
0.135,0.375,165.229,1.62024,-8.32939,5699.68,1,-2,0,0.4
0.135,0.385,167.833,1.39851,-7.93131,5651.88,1,-2,0,0.4
0.135,0.395,171.523,1.14648,-7.52697,5592.86,1,-2,0,0.4
0.135,0.405,176.37,0.865631,-7.11807,5522.05,1,-2,0,0.4
0.135,0.415,182.426,0.558288,-6.70664,5439.03,1,-2,0,0.4
0.135,0.425,189.791,0.227816,-6.29251,5346.36,1,-2,0,0.4
0.135,0.435,198.414,-0.119463,-5.88045,5242.18,1,-2,0,0.4
0.135,0.445,208.366,-0.478476,-5.4706,5132.51,1,-2,0,0.4
0.135,0.455,219.755,-0.84806,-5.06252,5017.58,1,-2,0,0.4
0.135,0.465,232.388,-1.22447,-4.66166,4896.74,1,-2,0,0.4
0.135,0.475,246.206,-1.60505,-4.26842,4772.39,1,-2,0,0.4
0.135,0.485,261.13,-1.9879,-3.8829,4647.18,1,-2,0,0.4
0.135,0.495,277.045,-2.37208,-3.50513,4523.56,1,-2,0,0.4
0.135,0.505,293.796,-2.75767,-3.13485,4403.83,1,-2,0,0.4
0.135,0.515,311.167,-3.14612,-2.7719,4289.77,1,-2,0,0.4
0.135,0.525,328.836,-3.54046,-2.41651,4182.25,1,-2,0,0.4
0.135,0.535,346.366,-3.9453,-2.06895,4081.87,1,-2,0,0.4
0.135,0.545,363.923,-4.366,-1.72169,4000.77,1,-2,0,0.4
0.135,0.555,382.722,-4.82214,-1.35599,3960.75,1,-2,0,0.4
0.135,0.565,405.627,-5.34392,-0.941923,4002.18,1,-2,0,0.4
0.135,0.575,438.209,-5.98392,-0.438838,4187.47,1,-2,0,0.4
0.135,0.585,487.082,-6.83873,0.173614,4533.55,1,-2,0,0.4
0.135,0.595,555.781,-7.87438,0.858767,4954.09,1,-2,0,0.4
0.135,0.605,651.692,-8.93435,1.52911,5394.68,1,-2,0,0.4
0.135,0.615,774.641,-9.95056,2.07107,5694.78,1,-2,0,0.4
0.135,0.625,914.297,-10.8219,2.41717,5779,1,-2,0,0.4
0.135,0.635,1055.95,-11.4956,2.58477,5699.45,1,-2,0,0.4
0.135,0.645,1188.94,-11.9735,2.63671,5575.79,1,-2,0,0.4
0.135,0.655,1311.13,-12.2856,2.63363,5522.06,1,-2,0,0.4
0.135,0.665,1426.44,-12.4673,2.6139,5609.31,1,-2,0,0.4
0.135,0.675,1539.17,-12.5504,2.59542,5862.78,1,-2,0,0.4
0.135,0.685,1651.15,-12.5603,2.58378,6278.15,1,-2,0,0.4
0.135,0.695,1761.84,-12.5167,2.57947,6836.03,1,-2,0,0.4
0.135,0.705,1869.52,-12.4353,2.58177,7509.79,1,-2,0,0.4
0.135,0.715,1972.47,-12.3289,2.58989,8269.85,1,-2,0,0.4
0.135,0.725,2069.28,-12.208,2.60325,9085.25,1,-2,0,0.4
0.135,0.735,2159.11,-12.0809,2.62116,9926.35,1,-2,0,0.4
0.135,0.745,2241.53,-11.9543,2.64287,10766,1,-2,0,0.4
0.135,0.755,2316.41,-11.8332,2.66743,11581.4,1,-2,0,0.4
0.135,0.765,2383.87,-11.7208,2.6938,12354.4,1,-2,0,0.4
0.135,0.775,2444.12,-11.6191,2.72098,13072.2,1,-2,0,0.4
0.135,0.785,2497.46,-11.5292,2.74804,13726,1,-2,0,0.4
0.135,0.795,2544.24,-11.451,2.7742,14311.4,1,-2,0,0.4
0.135,0.805,2584.85,-11.3843,2.79884,14826.9,1,-2,0,0.4
0.135,0.815,2619.72,-11.3281,2.82151,15273.7,1,-2,0,0.4
0.135,0.825,2649.31,-11.2816,2.84191,15655,1,-2,0,0.4
0.135,0.835,2674.1,-11.2436,2.85989,15975.3,1,-2,0,0.4
0.135,0.845,2694.58,-11.213,2.87542,16240,1,-2,0,0.4
0.135,0.855,2711.25,-11.1888,2.88857,16455.2,1,-2,0,0.4
0.135,0.865,2724.61,-11.1699,2.89948,16627.1,1,-2,0,0.4
0.135,0.875,2735.14,-11.1554,2.90835,16762.2,1,-2,0,0.4
0.135,0.885,2743.31,-11.1445,2.91541,16866.5,1,-2,0,0.4
0.135,0.895,2749.53,-11.1364,2.92093,16945.4,1,-2,0,0.4
0.135,0.905,2754.18,-11.1305,2.92515,17004.1,1,-2,0,0.4
0.135,0.915,2757.6,-11.1262,2.92831,17047,1,-2,0,0.4
0.135,0.925,2760.06,-11.1233,2.93062,17077.6,1,-2,0,0.4
0.135,0.935,2761.8,-11.1212,2.93228,17099.1,1,-2,0,0.4
0.135,0.945,2763,-11.1199,2.93345,17113.9,1,-2,0,0.4
0.135,0.955,2763.82,-11.1189,2.93426,17123.9,1,-2,0,0.4
0.135,0.965,2764.37,-11.1184,2.9348,17130.5,1,-2,0,0.4
0.135,0.975,2764.72,-11.118,2.93516,17134.8,1,-2,0,0.4
0.135,0.985,2764.95,-11.1177,2.93539,17137.6,1,-2,0,0.4
0.135,0.995,2765.1,-11.1176,2.93554,17139.3,1,-2,0,0.4
0.145,0.005,6.7872,-5.77273,-9.49481,293.018,1,-2,0,0.4
0.145,0.015,7.28366,-4.93508,-9.48551,308.946,1,-2,0,0.4
0.145,0.025,8.09685,-3.898,-9.23996,335.738,1,-2,0,0.4
0.145,0.035,9.52278,-2.6953,-8.65409,383.071,1,-2,0,0.4
0.145,0.045,12.131,-1.4386,-7.70658,467.069,1,-2,0,0.4
0.145,0.055,16.8099,-0.314312,-6.70782,605.274,1,-2,0,0.4
0.145,0.065,25.2192,0.512013,-6.10461,845.609,1,-2,0,0.4
0.145,0.075,37.6227,0.950617,-6.61488,1229.14,1,-2,0,0.4
0.145,0.085,46.4599,1.22009,-9.11251,1473.62,1,-2,0,0.4
0.145,0.095,54.2199,1.58041,-11.8801,1604.96,1,-2,0,0.4
0.145,0.105,69.0179,1.56843,-13.2979,2000.98,1,-2,0,0.4
0.145,0.115,86.9809,1.38294,-14.0243,2521.5,1,-2,0,0.4
0.145,0.125,104.416,1.28705,-14.3797,3023,1,-2,0,0.4
0.145,0.135,119.456,1.28697,-14.5265,3445.71,1,-2,0,0.4
0.145,0.145,131.744,1.34839,-14.5459,3784.78,1,-2,0,0.4
0.145,0.155,141.496,1.44324,-14.4835,4052.66,1,-2,0,0.4
0.145,0.165,149.107,1.55377,-14.3664,4265.2,1,-2,0,0.4
0.145,0.175,154.976,1.67032,-14.2108,4437,1,-2,0,0.4
0.145,0.185,159.439,1.78764,-14.0265,4579.39,1,-2,0,0.4
0.145,0.195,162.752,1.90273,-13.8194,4700.57,1,-2,0,0.4
0.145,0.205,165.105,2.01359,-13.5933,4806.07,1,-2,0,0.4
0.145,0.215,166.638,2.11866,-13.3511,4899.4,1,-2,0,0.4
0.145,0.225,167.454,2.21655,-13.0946,4982.57,1,-2,0,0.4
0.145,0.235,167.64,2.30595,-12.8255,5056.67,1,-2,0,0.4
0.145,0.245,167.275,2.3855,-12.5448,5122.2,1,-2,0,0.4
0.145,0.255,166.438,2.45382,-12.2537,5179.34,1,-2,0,0.4
0.145,0.265,165.217,2.50943,-11.9526,5228.13,1,-2,0,0.4
0.145,0.275,163.704,2.55075,-11.6422,5268.58,1,-2,0,0.4
0.145,0.285,162.002,2.57612,-11.3228,5300.67,1,-2,0,0.4
0.145,0.295,160.224,2.58374,-10.9944,5324.44,1,-2,0,0.4
0.145,0.305,158.488,2.5717,-10.6571,5339.9,1,-2,0,0.4
0.145,0.315,156.915,2.53802,-10.3108,5347.08,1,-2,0,0.4
0.145,0.325,155.631,2.4807,-9.95537,5345.97,1,-2,0,0.4
0.145,0.335,154.76,2.39775,-9.59064,5336.47,1,-2,0,0.4
0.145,0.345,154.421,2.28733,-9.21654,5318.39,1,-2,0,0.4
0.145,0.355,154.73,2.14785,-8.83315,5291.46,1,-2,0,0.4
0.145,0.365,155.794,1.97817,-8.4408,5255.26,1,-2,0,0.4
0.145,0.375,157.71,1.77773,-8.04019,5209.27,1,-2,0,0.4
0.145,0.385,160.562,1.5467,-7.63245,5152.92,1,-2,0,0.4
0.145,0.395,164.419,1.2861,-7.21912,5085.64,1,-2,0,0.4
0.145,0.405,169.332,0.997755,-6.80221,5006.9,1,-2,0,0.4
0.145,0.415,175.352,0.684304,-6.38316,4917.31,1,-2,0,0.4
0.145,0.425,182.552,0.350656,-5.96169,4819.73,1,-2,0,0.4
0.145,0.435,190.707,0.00341285,-5.54784,4708.32,1,-2,0,0.4
0.145,0.445,199.774,-0.353156,-5.14185,4587.02,1,-2,0,0.4
0.145,0.455,210.019,-0.718448,-4.73646,4461.73,1,-2,0,0.4
0.145,0.465,221.114,-1.08883,-4.33945,4329.95,1,-2,0,0.4
0.145,0.475,232.91,-1.46159,-3.95126,4193.26,1,-2,0,0.4
0.145,0.485,245.239,-1.83502,-3.57161,4053.83,1,-2,0,0.4
0.145,0.495,257.89,-2.20844,-3.19999,3913.63,1,-2,0,0.4
0.145,0.505,270.607,-2.58232,-2.83561,3774.43,1,-2,0,0.4
0.145,0.515,283.057,-2.95857,-2.4778,3637.35,1,-2,0,0.4
0.145,0.525,294.804,-3.34084,-2.12608,3502.8,1,-2,0,0.4
0.145,0.535,305.348,-3.73459,-1.77922,3371.85,1,-2,0,0.4
0.145,0.545,314.943,-4.14614,-1.42519,3258.5,1,-2,0,0.4
0.145,0.555,324.458,-4.60837,-1.04189,3179.91,1,-2,0,0.4
0.145,0.565,336.614,-5.16696,-0.588492,3178.28,1,-2,0,0.4
0.145,0.575,355.658,-5.93364,-0.0135083,3299.84,1,-2,0,0.4
0.145,0.585,382.806,-7.0335,0.690249,3481.24,1,-2,0,0.4
0.145,0.595,426.949,-8.3029,1.46786,3690.76,1,-2,0,0.4
0.145,0.605,494.3,-9.66237,2.18302,3781.84,1,-2,0,0.4
0.145,0.615,582.45,-10.9273,2.68004,3638.83,1,-2,0,0.4
0.145,0.625,682.153,-11.9467,2.91537,3300.08,1,-2,0,0.4
0.145,0.635,781.314,-12.6834,2.96393,2890.72,1,-2,0,0.4
0.145,0.645,873.115,-13.1762,2.9255,2533.7,1,-2,0,0.4
0.145,0.655,957.959,-13.4841,2.86917,2297.13,1,-2,0,0.4
0.145,0.665,1040.07,-13.6594,2.82419,2198.62,1,-2,0,0.4
0.145,0.675,1122.08,-13.7423,2.79616,2224.72,1,-2,0,0.4
0.145,0.685,1203.97,-13.7608,2.78125,2354.27,1,-2,0,0.4
0.145,0.695,1284.32,-13.7341,2.77448,2568.45,1,-2,0,0.4
0.145,0.705,1361.51,-13.6752,2.77252,2851.94,1,-2,0,0.4
0.145,0.715,1434.39,-13.5938,2.77379,3191.15,1,-2,0,0.4
0.145,0.725,1502.35,-13.4977,2.77776,3572.67,1,-2,0,0.4
0.145,0.735,1565.15,-13.3933,2.78433,3982.63,1,-2,0,0.4
0.145,0.745,1622.76,-13.2862,2.79343,4407.03,1,-2,0,0.4
0.145,0.755,1675.25,-13.1808,2.80487,4832.41,1,-2,0,0.4
0.145,0.765,1722.74,-13.0806,2.81823,5246.71,1,-2,0,0.4
0.145,0.775,1765.34,-12.9881,2.83297,5639.87,1,-2,0,0.4
0.145,0.785,1803.18,-12.9047,2.84845,6004.18,1,-2,0,0.4
0.145,0.795,1836.42,-12.8313,2.86409,6334.35,1,-2,0,0.4
0.145,0.805,1865.26,-12.7678,2.87931,6627.39,1,-2,0,0.4
0.145,0.815,1889.94,-12.714,2.89369,6882.32,1,-2,0,0.4
0.145,0.825,1910.77,-12.6693,2.90688,7099.82,1,-2,0,0.4
0.145,0.835,1928.08,-12.6326,2.91868,7281.88,1,-2,0,0.4
0.145,0.845,1942.23,-12.6031,2.92896,7431.42,1,-2,0,0.4
0.145,0.855,1953.62,-12.5798,2.93772,7551.94,1,-2,0,0.4
0.145,0.865,1962.62,-12.5617,2.945,7647.24,1,-2,0,0.4
0.145,0.875,1969.62,-12.5479,2.95092,7721.18,1,-2,0,0.4
0.145,0.885,1974.96,-12.5375,2.95563,7777.45,1,-2,0,0.4
0.145,0.895,1978.96,-12.5299,2.9593,7819.45,1,-2,0,0.4
0.145,0.905,1981.9,-12.5244,2.96208,7850.2,1,-2,0,0.4
0.145,0.915,1984.02,-12.5205,2.96416,7872.28,1,-2,0,0.4
0.145,0.925,1985.53,-12.5178,2.96567,7887.83,1,-2,0,0.4
0.145,0.935,1986.58,-12.5159,2.96674,7898.57,1,-2,0,0.4
0.145,0.945,1987.29,-12.5147,2.96749,7905.84,1,-2,0,0.4
0.145,0.955,1987.76,-12.5139,2.968,7910.67,1,-2,0,0.4
0.145,0.965,1988.08,-12.5134,2.96835,7913.81,1,-2,0,0.4
0.145,0.975,1988.28,-12.513,2.96857,7915.82,1,-2,0,0.4
0.145,0.985,1988.4,-12.5128,2.96871,7917.08,1,-2,0,0.4
0.145,0.995,1988.48,-12.5127,2.9688,7917.86,1,-2,0,0.4
0.155,0.005,7.67269,-5.60395,-11.7269,310.815,1,-2,0,0.4
0.155,0.015,8.44225,-5.01557,-11.8072,336.416,1,-2,0,0.4
0.155,0.025,9.71015,-4.30284,-11.6703,382.168,1,-2,0,0.4
0.155,0.035,11.8901,-3.47082,-11.3024,463.571,1,-2,0,0.4
0.155,0.045,15.7425,-2.57228,-10.7805,607.495,1,-2,0,0.4
0.155,0.055,22.701,-1.7089,-10.2586,865.873,1,-2,0,0.4
0.155,0.065,34.8777,-0.986704,-9.95644,1320.71,1,-2,0,0.4
0.155,0.075,53.0676,-0.457087,-10.1398,1999.5,1,-2,0,0.4
0.155,0.085,70.5219,-0.0623506,-11.2853,2543.41,1,-2,0,0.4
0.155,0.095,80.0848,0.383577,-13.1235,2604.63,1,-2,0,0.4
0.155,0.105,89.6555,0.805378,-14.2315,2698.81,1,-2,0,0.4
0.155,0.115,101.652,1.05348,-14.6159,2960.71,1,-2,0,0.4
0.155,0.125,113.636,1.22192,-14.7171,3256.87,1,-2,0,0.4
0.155,0.135,124.229,1.37175,-14.6928,3526.29,1,-2,0,0.4
0.155,0.145,133.043,1.5158,-14.6004,3754.1,1,-2,0,0.4
0.155,0.155,140.148,1.65506,-14.4648,3942.76,1,-2,0,0.4
0.155,0.165,145.757,1.78898,-14.2985,4099.2,1,-2,0,0.4
0.155,0.175,150.098,1.91726,-14.109,4230.54,1,-2,0,0.4
0.155,0.185,153.374,2.03976,-13.9003,4342.77,1,-2,0,0.4
0.155,0.195,155.751,2.15625,-13.6752,4440.41,1,-2,0,0.4
0.155,0.205,157.357,2.26631,-13.4355,4526.62,1,-2,0,0.4
0.155,0.215,158.293,2.36927,-13.1824,4603.35,1,-2,0,0.4
0.155,0.225,158.641,2.46427,-12.917,4671.74,1,-2,0,0.4
0.155,0.235,158.473,2.55026,-12.6404,4732.31,1,-2,0,0.4
0.155,0.245,157.858,2.62604,-12.3531,4785.26,1,-2,0,0.4
0.155,0.255,156.871,2.69028,-12.0557,4830.6,1,-2,0,0.4
0.155,0.265,155.59,2.7415,-11.7488,4868.25,1,-2,0,0.4
0.155,0.275,154.102,2.7781,-11.4324,4898.15,1,-2,0,0.4
0.155,0.285,152.503,2.79833,-11.1068,4920.21,1,-2,0,0.4
0.155,0.295,150.895,2.80031,-10.7718,4934.41,1,-2,0,0.4
0.155,0.305,149.383,2.78207,-10.4276,4940.71,1,-2,0,0.4
0.155,0.315,148.078,2.74155,-10.0737,4939.06,1,-2,0,0.4
0.155,0.325,147.09,2.67673,-9.71024,4929.38,1,-2,0,0.4
0.155,0.335,146.528,2.58564,-9.33694,4911.52,1,-2,0,0.4
0.155,0.345,146.496,2.46654,-8.95389,4885.28,1,-2,0,0.4
0.155,0.355,147.094,2.31804,-8.56135,4850.34,1,-2,0,0.4
0.155,0.365,148.411,2.13928,-8.1599,4806.31,1,-2,0,0.4
0.155,0.375,150.526,1.93003,-7.75052,4752.72,1,-2,0,0.4
0.155,0.385,153.504,1.69083,-7.33463,4689.04,1,-2,0,0.4
0.155,0.395,157.394,1.42306,-6.91411,4614.78,1,-2,0,0.4
0.155,0.405,162.222,1.12889,-6.49117,4529.53,1,-2,0,0.4
0.155,0.415,168.076,0.811644,-6.06476,4436.47,1,-2,0,0.4
0.155,0.425,174.85,0.477976,-5.6407,4333.11,1,-2,0,0.4
0.155,0.435,182.336,0.132843,-5.22661,4216.08,1,-2,0,0.4
0.155,0.445,190.402,-0.219994,-4.82373,4086.67,1,-2,0,0.4
0.155,0.455,199.277,-0.578863,-4.42288,3953.24,1,-2,0,0.4
0.155,0.465,208.648,-0.941362,-4.03004,3813.46,1,-2,0,0.4
0.155,0.475,218.276,-1.30476,-3.64655,3668.12,1,-2,0,0.4
0.155,0.485,227.924,-1.66747,-3.27182,3518.9,1,-2,0,0.4
0.155,0.495,237.321,-2.02906,-2.90481,3367.47,1,-2,0,0.4
0.155,0.505,246.148,-2.39031,-2.54426,3215.22,1,-2,0,0.4
0.155,0.515,254.015,-2.75359,-2.18892,3062.97,1,-2,0,0.4
0.155,0.525,260.453,-3.12317,-1.83748,2911.15,1,-2,0,0.4
0.155,0.535,265.008,-3.50567,-1.48687,2761.73,1,-2,0,0.4
0.155,0.545,267.973,-3.91005,-1.12151,2628.6,1,-2,0,0.4
0.155,0.555,270.093,-4.38473,-0.713006,2528.61,1,-2,0,0.4
0.155,0.565,273.716,-5.00997,-0.205051,2505.16,1,-2,0,0.4
0.155,0.575,278.489,-6.00823,0.450242,2546.44,1,-2,0,0.4
0.155,0.585,289.684,-7.34626,1.25048,2620.03,1,-2,0,0.4
0.155,0.595,318.246,-8.96198,2.10214,2650.36,1,-2,0,0.4
0.155,0.605,368.087,-10.6374,2.79106,2487.91,1,-2,0,0.4
0.155,0.615,437.709,-12.0552,3.14634,2131.17,1,-2,0,0.4
0.155,0.625,519.261,-13.07,3.20547,1699.84,1,-2,0,0.4
0.155,0.635,600.672,-13.7261,3.1261,1302.46,1,-2,0,0.4
0.155,0.645,676.599,-14.1238,3.0239,1008.65,1,-2,0,0.4
0.155,0.655,748.883,-14.3511,2.94787,833.188,1,-2,0,0.4
0.155,0.665,819.82,-14.4723,2.90603,752.953,1,-2,0,0.4
0.155,0.675,889.397,-14.5293,2.88907,738.543,1,-2,0,0.4
0.155,0.685,955.903,-14.5469,2.88576,768.358,1,-2,0,0.4
0.155,0.695,1017.45,-14.5389,2.8884,829.466,1,-2,0,0.4
0.155,0.705,1072.84,-14.5133,2.89292,914.485,1,-2,0,0.4
0.155,0.715,1121.77,-14.475,2.89759,1018.73,1,-2,0,0.4
0.155,0.725,1164.55,-14.4277,2.90197,1138.41,1,-2,0,0.4
0.155,0.735,1201.85,-14.3744,2.90619,1269.73,1,-2,0,0.4
0.155,0.745,1234.42,-14.3177,2.91059,1408.61,1,-2,0,0.4
0.155,0.755,1262.94,-14.2601,2.91544,1550.73,1,-2,0,0.4
0.155,0.765,1287.98,-14.2037,2.92089,1691.84,1,-2,0,0.4
0.155,0.775,1309.95,-14.1503,2.92694,1828,1,-2,0,0.4
0.155,0.785,1329.17,-14.1011,2.93345,1955.9,1,-2,0,0.4
0.155,0.795,1345.86,-14.057,2.94021,2073.04,1,-2,0,0.4
0.155,0.805,1360.21,-14.0183,2.94699,2177.73,1,-2,0,0.4
0.155,0.815,1372.4,-13.9852,2.95354,2269.14,1,-2,0,0.4
0.155,0.825,1382.6,-13.9574,2.95966,2347.17,1,-2,0,0.4
0.155,0.835,1391.01,-13.9346,2.96521,2412.34,1,-2,0,0.4
0.155,0.845,1397.82,-13.9163,2.9701,2465.6,1,-2,0,0.4
0.155,0.855,1403.24,-13.9018,2.97428,2508.22,1,-2,0,0.4
0.155,0.865,1407.48,-13.8905,2.97777,2541.61,1,-2,0,0.4
0.155,0.875,1410.74,-13.882,2.98061,2567.25,1,-2,0,0.4
0.155,0.885,1413.19,-13.8757,2.98286,2586.52,1,-2,0,0.4
0.155,0.895,1415,-13.8711,2.9846,2600.73,1,-2,0,0.4
0.155,0.905,1416.32,-13.8677,2.98592,2610.98,1,-2,0,0.4
0.155,0.915,1417.25,-13.8654,2.98689,2618.24,1,-2,0,0.4
0.155,0.925,1417.91,-13.8638,2.9876,2623.28,1,-2,0,0.4
0.155,0.935,1418.35,-13.8627,2.9881,2626.7,1,-2,0,0.4
0.155,0.945,1418.65,-13.862,2.98844,2628.98,1,-2,0,0.4
0.155,0.955,1418.85,-13.8616,2.98867,2630.48,1,-2,0,0.4
0.155,0.965,1418.98,-13.8613,2.98882,2631.44,1,-2,0,0.4
0.155,0.975,1419.06,-13.8611,2.98892,2632.04,1,-2,0,0.4
0.155,0.985,1419.11,-13.861,2.98899,2632.41,1,-2,0,0.4
0.155,0.995,1419.14,-13.8609,2.98903,2632.64,1,-2,0,0.4
0.165,0.005,9.27663,-5.24971,-14.0887,341.103,1,-2,0,0.4
0.165,0.015,10.6431,-4.75394,-14.1996,386.264,1,-2,0,0.4
0.165,0.025,12.8573,-4.12932,-14.1224,464.832,1,-2,0,0.4
0.165,0.035,16.4638,-3.39148,-13.8852,596.645,1,-2,0,0.4
0.165,0.045,22.314,-2.58975,-13.5416,812.513,1,-2,0,0.4
0.165,0.055,31.6256,-1.79021,-13.1537,1156.63,1,-2,0,0.4
0.165,0.065,45.6484,-1.05528,-12.8056,1670.54,1,-2,0,0.4
0.165,0.075,64.1378,-0.432979,-12.658,2318.67,1,-2,0,0.4
0.165,0.085,82.2317,0.0491246,-12.9924,2844.71,1,-2,0,0.4
0.165,0.095,93.1696,0.447817,-13.8514,2968.43,1,-2,0,0.4
0.165,0.105,100.033,0.845639,-14.5832,2958.44,1,-2,0,0.4
0.165,0.115,108.048,1.16732,-14.8327,3078.58,1,-2,0,0.4
0.165,0.125,116.682,1.40155,-14.8241,3268.78,1,-2,0,0.4
0.165,0.135,124.611,1.58997,-14.7182,3460.59,1,-2,0,0.4
0.165,0.145,131.331,1.75468,-14.5677,3631.32,1,-2,0,0.4
0.165,0.155,136.791,1.90432,-14.391,3777.57,1,-2,0,0.4
0.165,0.165,141.1,2.04283,-14.1951,3902,1,-2,0,0.4
0.165,0.175,144.406,2.17237,-13.9836,4008.56,1,-2,0,0.4
0.165,0.185,146.85,2.29417,-13.7583,4100.92,1,-2,0,0.4
0.165,0.195,148.553,2.40878,-13.5201,4181.94,1,-2,0,0.4
0.165,0.205,149.615,2.51622,-13.2699,4253.64,1,-2,0,0.4
0.165,0.215,150.116,2.61608,-13.0081,4317.3,1,-2,0,0.4
0.165,0.225,150.128,2.70763,-12.7353,4373.6,1,-2,0,0.4
0.165,0.235,149.714,2.7899,-12.452,4422.85,1,-2,0,0.4
0.165,0.245,148.94,2.8617,-12.1585,4465.08,1,-2,0,0.4
0.165,0.255,147.872,2.92167,-11.8553,4500.25,1,-2,0,0.4
0.165,0.265,146.587,2.96831,-11.5424,4528.23,1,-2,0,0.4
0.165,0.275,145.164,2.99995,-11.2201,4548.91,1,-2,0,0.4
0.165,0.285,143.69,3.01475,-10.8881,4562.2,1,-2,0,0.4
0.165,0.295,142.257,3.01079,-10.5466,4568.01,1,-2,0,0.4
0.165,0.305,140.961,2.98604,-10.1952,4566.27,1,-2,0,0.4
0.165,0.315,139.9,2.93842,-9.83386,4556.88,1,-2,0,0.4
0.165,0.325,139.171,2.86593,-9.46242,4539.71,1,-2,0,0.4
0.165,0.335,138.868,2.76669,-9.0809,4514.6,1,-2,0,0.4
0.165,0.345,139.08,2.63914,-8.68948,4481.29,1,-2,0,0.4
0.165,0.355,139.89,2.48211,-8.28865,4439.49,1,-2,0,0.4
0.165,0.365,141.372,2.29505,-7.87923,4388.81,1,-2,0,0.4
0.165,0.375,143.587,2.07807,-7.46249,4328.83,1,-2,0,0.4
0.165,0.385,146.58,1.83209,-7.04011,4259.1,1,-2,0,0.4
0.165,0.395,150.378,1.55881,-6.61418,4179.19,1,-2,0,0.4
0.165,0.405,155.012,1.26067,-6.1858,4089.9,1,-2,0,0.4
0.165,0.415,160.526,0.942529,-5.75464,3993.63,1,-2,0,0.4
0.165,0.425,166.708,0.610869,-5.33018,3885.41,1,-2,0,0.4
0.165,0.435,173.402,0.269309,-4.91626,3764.44,1,-2,0,0.4
0.165,0.445,180.456,-0.078489,-4.51407,3631.75,1,-2,0,0.4
0.165,0.455,187.766,-0.429406,-4.12133,3491.97,1,-2,0,0.4
0.165,0.465,195.332,-0.782635,-3.73283,3347.04,1,-2,0,0.4
0.165,0.475,202.78,-1.13558,-3.35345,3196.71,1,-2,0,0.4
0.165,0.485,209.831,-1.48676,-2.98249,3042.15,1,-2,0,0.4
0.165,0.495,216.183,-1.83591,-2.61852,2884.8,1,-2,0,0.4
0.165,0.505,221.501,-2.18411,-2.25978,2725.88,1,-2,0,0.4
0.165,0.515,225.398,-2.53414,-1.90444,2566.21,1,-2,0,0.4
0.165,0.525,227.44,-2.89103,-1.55032,2406.49,1,-2,0,0.4
0.165,0.535,227.272,-3.26319,-1.19248,2249.42,1,-2,0,0.4
0.165,0.545,225.167,-3.66588,-0.81246,2107.52,1,-2,0,0.4
0.165,0.555,222.112,-4.16419,-0.370211,2004.09,1,-2,0,0.4
0.165,0.565,217.797,-4.93913,0.199729,1961.28,1,-2,0,0.4
0.165,0.575,211.512,-6.16783,0.934507,1944.72,1,-2,0,0.4
0.165,0.585,215.424,-7.83698,1.81658,1955.48,1,-2,0,0.4
0.165,0.595,237.353,-9.83919,2.68425,1857.33,1,-2,0,0.4
0.165,0.605,281.992,-11.7081,3.23541,1585.28,1,-2,0,0.4
0.165,0.615,349.09,-13.0653,3.36332,1229.11,1,-2,0,0.4
0.165,0.625,427.188,-13.9039,3.25962,880.57,1,-2,0,0.4
0.165,0.635,504.684,-14.3814,3.11031,607.872,1,-2,0,0.4
0.165,0.645,579.243,-14.637,2.99621,438.54,1,-2,0,0.4
0.165,0.655,652.055,-14.7671,2.93429,353.196,1,-2,0,0.4
0.165,0.665,723.284,-14.8307,2.91164,320.433,1,-2,0,0.4
0.165,0.675,791.091,-14.8598,2.91072,316.504,1,-2,0,0.4
0.165,0.685,852.978,-14.8706,2.91917,327.81,1,-2,0,0.4
0.165,0.695,907.081,-14.8709,2.9303,347.496,1,-2,0,0.4
0.165,0.705,952.649,-14.8644,2.94102,372.265,1,-2,0,0.4
0.165,0.715,989.921,-14.8533,2.95013,400.492,1,-2,0,0.4
0.165,0.725,1019.79,-14.8388,2.9574,431.241,1,-2,0,0.4
0.165,0.735,1043.45,-14.8219,2.96304,463.789,1,-2,0,0.4
0.165,0.745,1062.15,-14.8035,2.96741,497.409,1,-2,0,0.4
0.165,0.755,1076.98,-14.7843,2.9709,531.316,1,-2,0,0.4
0.165,0.765,1088.88,-14.7653,2.97386,564.685,1,-2,0,0.4
0.165,0.775,1098.53,-14.7469,2.97651,596.716,1,-2,0,0.4
0.165,0.785,1106.44,-14.7297,2.979,626.698,1,-2,0,0.4
0.165,0.795,1112.97,-14.7142,2.98139,654.067,1,-2,0,0.4
0.165,0.805,1118.38,-14.7004,2.98368,678.44,1,-2,0,0.4
0.165,0.815,1122.85,-14.6886,2.98586,699.624,1,-2,0,0.4
0.165,0.825,1126.5,-14.6787,2.98787,717.602,1,-2,0,0.4
0.165,0.835,1129.46,-14.6706,2.98968,732.508,1,-2,0,0.4
0.165,0.845,1131.82,-14.664,2.99127,744.587,1,-2,0,0.4
0.165,0.855,1133.67,-14.6589,2.99263,754.158,1,-2,0,0.4
0.165,0.865,1135.1,-14.6549,2.99376,761.577,1,-2,0,0.4
0.165,0.875,1136.18,-14.652,2.99467,767.203,1,-2,0,0.4
0.165,0.885,1136.98,-14.6498,2.99539,771.381,1,-2,0,0.4
0.165,0.895,1137.57,-14.6482,2.99594,774.417,1,-2,0,0.4
0.165,0.905,1137.99,-14.6471,2.99635,776.58,1,-2,0,0.4
0.165,0.915,1138.28,-14.6463,2.99665,778.088,1,-2,0,0.4
0.165,0.925,1138.49,-14.6458,2.99687,779.119,1,-2,0,0.4
0.165,0.935,1138.62,-14.6454,2.99702,779.81,1,-2,0,0.4
0.165,0.945,1138.71,-14.6452,2.99712,780.264,1,-2,0,0.4
0.165,0.955,1138.77,-14.645,2.99719,780.556,1,-2,0,0.4
0.165,0.965,1138.81,-14.645,2.99723,780.74,1,-2,0,0.4
0.165,0.975,1138.83,-14.6449,2.99726,780.855,1,-2,0,0.4
0.165,0.985,1138.85,-14.6449,2.99728,780.924,1,-2,0,0.4
0.165,0.995,1138.86,-14.6448,2.99729,780.966,1,-2,0,0.4
0.175,0.005,11.7386,-4.57006,-16.043,388.435,1,-2,0,0.4
0.175,0.015,13.9855,-4.03272,-16.0437,461.414,1,-2,0,0.4
0.175,0.025,17.3752,-3.39316,-15.8807,576.131,1,-2,0,0.4
0.175,0.035,22.4287,-2.68385,-15.586,750.001,1,-2,0,0.4
0.175,0.045,29.8491,-1.94467,-15.1951,1006.2,1,-2,0,0.4
0.175,0.055,40.4429,-1.21728,-14.7518,1369.49,1,-2,0,0.4
0.175,0.065,54.7131,-0.543933,-14.3254,1847.77,1,-2,0,0.4
0.175,0.075,71.7724,0.0322872,-14.0358,2385.29,1,-2,0,0.4
0.175,0.085,87.8352,0.477673,-14.0323,2814.06,1,-2,0,0.4
0.175,0.095,98.3391,0.814378,-14.3459,2979.73,1,-2,0,0.4
0.175,0.105,104.391,1.12644,-14.7289,2993.57,1,-2,0,0.4
0.175,0.115,110.197,1.41926,-14.8791,3057.81,1,-2,0,0.4
0.175,0.125,116.634,1.65664,-14.8209,3188.74,1,-2,0,0.4
0.175,0.135,122.788,1.84915,-14.6729,3335.51,1,-2,0,0.4
0.175,0.145,128.091,2.01491,-14.489,3472.1,1,-2,0,0.4
0.175,0.155,132.408,2.16365,-14.2866,3591.84,1,-2,0,0.4
0.175,0.165,135.791,2.30021,-14.071,3695.18,1,-2,0,0.4
0.175,0.175,138.342,2.42723,-13.844,3784.47,1,-2,0,0.4
0.175,0.185,140.17,2.54617,-13.6062,3862.19,1,-2,0,0.4
0.175,0.195,141.37,2.65767,-13.3579,3930.35,1,-2,0,0.4
0.175,0.205,142.026,2.7618,-13.099,3990.39,1,-2,0,0.4
0.175,0.215,142.208,2.85816,-12.8298,4043.23,1,-2,0,0.4
0.175,0.225,141.98,2.94603,-12.5504,4089.32,1,-2,0,0.4
0.175,0.235,141.401,3.02441,-12.261,4128.86,1,-2,0,0.4
0.175,0.245,140.531,3.09206,-11.9617,4161.84,1,-2,0,0.4
0.175,0.255,139.436,3.1476,-11.6527,4188.17,1,-2,0,0.4
0.175,0.265,138.183,3.18945,-11.334,4207.72,1,-2,0,0.4
0.175,0.275,136.847,3.21587,-11.0056,4220.36,1,-2,0,0.4
0.175,0.285,135.507,3.22499,-10.6673,4225.98,1,-2,0,0.4
0.175,0.295,134.247,3.21483,-10.3191,4224.47,1,-2,0,0.4
0.175,0.305,133.15,3.18334,-9.96067,4215.72,1,-2,0,0.4
0.175,0.315,132.304,3.12849,-9.59198,4199.6,1,-2,0,0.4
0.175,0.325,131.792,3.04833,-9.21297,4175.96,1,-2,0,0.4
0.175,0.335,131.694,2.94115,-8.82379,4144.61,1,-2,0,0.4
0.175,0.345,132.087,2.80559,-8.42481,4105.29,1,-2,0,0.4
0.175,0.355,133.037,2.64075,-8.01673,4057.71,1,-2,0,0.4
0.175,0.365,134.602,2.44639,-7.60062,4001.53,1,-2,0,0.4
0.175,0.375,136.826,2.22297,-7.17799,3936.36,1,-2,0,0.4
0.175,0.385,139.734,1.97172,-6.75069,3861.83,1,-2,0,0.4
0.175,0.395,143.334,1.69456,-6.3209,3777.63,1,-2,0,0.4
0.175,0.405,147.701,1.39447,-5.88692,3686.91,1,-2,0,0.4
0.175,0.415,152.717,1.07792,-5.45472,3587.17,1,-2,0,0.4
0.175,0.425,158.217,0.749584,-5.03085,3476.07,1,-2,0,0.4
0.175,0.435,164.035,0.412896,-4.6181,3353.39,1,-2,0,0.4
0.175,0.445,169.97,0.0716469,-4.21795,3219.88,1,-2,0,0.4
0.175,0.455,175.763,-0.270713,-3.83122,3076.83,1,-2,0,0.4
0.175,0.465,181.541,-0.613741,-3.44712,2929.58,1,-2,0,0.4
0.175,0.475,186.915,-0.95556,-3.07116,2777.7,1,-2,0,0.4
0.175,0.485,191.582,-1.29482,-2.70283,2621.93,1,-2,0,0.4
0.175,0.495,195.244,-1.63141,-2.34042,2463.54,1,-2,0,0.4
0.175,0.505,197.586,-1.9667,-1.98177,2303.7,1,-2,0,0.4
0.175,0.515,198.267,-2.30389,-1.62451,2143.35,1,-2,0,0.4
0.175,0.525,196.94,-2.64897,-1.26567,1983.59,1,-2,0,0.4
0.175,0.535,193.378,-3.01296,-0.898637,1827.78,1,-2,0,0.4
0.175,0.545,187.931,-3.42028,-0.501099,1688.63,1,-2,0,0.4
0.175,0.555,181.093,-3.97935,-0.017622,1592.42,1,-2,0,0.4
0.175,0.565,169.096,-4.94979,0.608095,1524.2,1,-2,0,0.4
0.175,0.575,158.95,-6.43171,1.4082,1498.71,1,-2,0,0.4
0.175,0.585,161.402,-8.51657,2.3397,1463.47,1,-2,0,0.4
0.175,0.595,183.968,-10.8166,3.12688,1302.44,1,-2,0,0.4
0.175,0.605,231.986,-12.6507,3.44445,1036.11,1,-2,0,0.4
0.175,0.615,302.556,-13.7758,3.37014,754.779,1,-2,0,0.4
0.175,0.625,380.799,-14.3884,3.1888,507.422,1,-2,0,0.4
0.175,0.635,459.264,-14.6981,3.03269,341.858,1,-2,0,0.4
0.175,0.645,536.599,-14.8461,2.94127,255.256,1,-2,0,0.4
0.175,0.655,613.046,-14.9143,2.90461,220.737,1,-2,0,0.4
0.175,0.665,687.237,-14.9454,2.90015,213.666,1,-2,0,0.4
0.175,0.675,756.419,-14.9595,2.91038,219.124,1,-2,0,0.4
0.175,0.685,817.921,-14.9655,2.92546,229.579,1,-2,0,0.4
0.175,0.695,870.106,-14.9674,2.94072,241.528,1,-2,0,0.4
0.175,0.705,912.552,-14.9669,2.95422,253.43,1,-2,0,0.4
0.175,0.715,945.811,-14.9648,2.96532,264.673,1,-2,0,0.4
0.175,0.725,971.047,-14.9617,2.974,275.07,1,-2,0,0.4
0.175,0.735,989.689,-14.9578,2.98054,284.618,1,-2,0,0.4
0.175,0.745,1003.18,-14.9535,2.98531,293.369,1,-2,0,0.4
0.175,0.755,1012.81,-14.949,2.98872,301.382,1,-2,0,0.4
0.175,0.765,1019.65,-14.9444,2.99115,308.691,1,-2,0,0.4
0.175,0.775,1024.52,-14.94,2.99289,315.308,1,-2,0,0.4
0.175,0.785,1028.03,-14.9359,2.99418,321.232,1,-2,0,0.4
0.175,0.795,1030.6,-14.9321,2.99517,326.457,1,-2,0,0.4
0.175,0.805,1032.52,-14.9288,2.99596,330.986,1,-2,0,0.4
0.175,0.815,1033.98,-14.926,2.99662,334.836,1,-2,0,0.4
0.175,0.825,1035.1,-14.9237,2.99718,338.043,1,-2,0,0.4
0.175,0.835,1035.96,-14.9218,2.99766,340.658,1,-2,0,0.4
0.175,0.845,1036.62,-14.9202,2.99806,342.744,1,-2,0,0.4
0.175,0.855,1037.12,-14.9191,2.9984,344.372,1,-2,0,0.4
0.175,0.865,1037.5,-14.9182,2.99867,345.615,1,-2,0,0.4
0.175,0.875,1037.79,-14.9175,2.99888,346.545,1,-2,0,0.4
0.175,0.885,1037.99,-14.917,2.99905,347.224,1,-2,0,0.4
0.175,0.895,1038.14,-14.9167,2.99917,347.711,1,-2,0,0.4
0.175,0.905,1038.25,-14.9164,2.99927,348.053,1,-2,0,0.4
0.175,0.915,1038.32,-14.9163,2.99933,348.287,1,-2,0,0.4
0.175,0.925,1038.37,-14.9161,2.99938,348.445,1,-2,0,0.4
0.175,0.935,1038.4,-14.9161,2.99941,348.55,1,-2,0,0.4
0.175,0.945,1038.42,-14.916,2.99944,348.617,1,-2,0,0.4
0.175,0.955,1038.43,-14.916,2.99945,348.66,1,-2,0,0.4
0.175,0.965,1038.44,-14.916,2.99946,348.686,1,-2,0,0.4
0.175,0.975,1038.45,-14.916,2.99947,348.703,1,-2,0,0.4
0.175,0.985,1038.45,-14.916,2.99947,348.712,1,-2,0,0.4
0.175,0.995,1038.45,-14.916,2.99947,348.718,1,-2,0,0.4
0.185,0.005,14.9222,-3.65739,-17.296,452.01,1,-2,0,0.4
0.185,0.015,18.067,-3.09479,-17.1376,550.211,1,-2,0,0.4
0.185,0.025,22.4909,-2.47353,-16.8554,691.002,1,-2,0,0.4
0.185,0.035,28.6325,-1.81985,-16.4768,887.517,1,-2,0,0.4
0.185,0.045,37.001,-1.16117,-16.0308,1154.27,1,-2,0,0.4
0.185,0.055,48.0294,-0.52655,-15.5552,1501.05,1,-2,0,0.4
0.185,0.065,61.6863,0.0524216,-15.1068,1917.68,1,-2,0,0.4
0.185,0.075,76.6995,0.543268,-14.7594,2350.13,1,-2,0,0.4
0.185,0.085,90.2429,0.923822,-14.5876,2697.91,1,-2,0,0.4
0.185,0.095,99.6762,1.20985,-14.6411,2872.67,1,-2,0,0.4
0.185,0.105,105.317,1.4627,-14.7953,2921.42,1,-2,0,0.4
0.185,0.115,109.969,1.7111,-14.8499,2973.25,1,-2,0,0.4
0.185,0.125,114.923,1.93184,-14.7595,3070.3,1,-2,0,0.4
0.185,0.135,119.781,2.11767,-14.588,3186.88,1,-2,0,0.4
0.185,0.145,124.032,2.27846,-14.3835,3299.78,1,-2,0,0.4
0.185,0.155,127.494,2.42274,-14.1637,3400.61,1,-2,0,0.4
0.185,0.165,130.177,2.55523,-13.9338,3488.37,1,-2,0,0.4
0.185,0.175,132.153,2.67848,-13.6951,3564.41,1,-2,0,0.4
0.185,0.185,133.509,2.79382,-13.4474,3630.48,1,-2,0,0.4
0.185,0.195,134.326,2.90178,-13.1907,3688.11,1,-2,0,0.4
0.185,0.205,134.677,3.00234,-12.9244,3738.39,1,-2,0,0.4
0.185,0.215,134.625,3.09505,-12.6486,3782.01,1,-2,0,0.4
0.185,0.225,134.229,3.1791,-12.3631,3819.33,1,-2,0,0.4
0.185,0.235,133.544,3.25344,-12.0678,3850.46,1,-2,0,0.4
0.185,0.245,132.627,3.31681,-11.7629,3875.39,1,-2,0,0.4
0.185,0.255,131.539,3.36773,-11.4482,3894.03,1,-2,0,0.4
0.185,0.265,130.342,3.40457,-11.1237,3906.23,1,-2,0,0.4
0.185,0.275,129.106,3.42556,-10.7893,3911.87,1,-2,0,0.4
0.185,0.285,127.9,3.42878,-10.4447,3910.82,1,-2,0,0.4
0.185,0.295,126.8,3.41224,-10.0899,3902.95,1,-2,0,0.4
0.185,0.305,125.881,3.37392,-9.72473,3888.14,1,-2,0,0.4
0.185,0.315,125.216,3.31185,-9.34907,3866.24,1,-2,0,0.4
0.185,0.325,124.878,3.22422,-8.96305,3837.08,1,-2,0,0.4
0.185,0.335,124.936,3.1095,-8.56695,3800.46,1,-2,0,0.4
0.185,0.345,125.449,2.96656,-8.16136,3756.14,1,-2,0,0.4
0.185,0.355,126.472,2.7948,-7.74718,3703.84,1,-2,0,0.4
0.185,0.365,128.047,2.59428,-7.32571,3643.26,1,-2,0,0.4
0.185,0.375,130.2,2.36576,-6.89861,3574.08,1,-2,0,0.4
0.185,0.385,132.941,2.11068,-6.46788,3496.01,1,-2,0,0.4
0.185,0.395,136.287,1.83113,-6.03441,3409.87,1,-2,0,0.4
0.185,0.405,140.279,1.53146,-5.59733,3318.03,1,-2,0,0.4
0.185,0.415,144.715,1.21803,-5.16597,3216.09,1,-2,0,0.4
0.185,0.425,149.467,0.894294,-4.74358,3103.83,1,-2,0,0.4
0.185,0.435,154.349,0.563774,-4.33256,2981.07,1,-2,0,0.4
0.185,0.445,159.139,0.230115,-3.93419,2848.23,1,-2,0,0.4
0.185,0.455,163.6,-0.103761,-3.54874,2706.23,1,-2,0,0.4
0.185,0.465,167.653,-0.436132,-3.17215,2559.24,1,-2,0,0.4
0.185,0.475,171.136,-0.766508,-2.79914,2408.75,1,-2,0,0.4
0.185,0.485,173.723,-1.09386,-2.4325,2255.34,1,-2,0,0.4
0.185,0.495,175.132,-1.41823,-2.0705,2100.03,1,-2,0,0.4
0.185,0.505,175.098,-1.74121,-1.7107,1944.01,1,-2,0,0.4
0.185,0.515,173.352,-2.06652,-1.35038,1788.39,1,-2,0,0.4
0.185,0.525,169.659,-2.4013,-0.985932,1634.69,1,-2,0,0.4
0.185,0.535,163.953,-2.76034,-0.608995,1487.11,1,-2,0,0.4
0.185,0.545,156.644,-3.18519,-0.189797,1360.01,1,-2,0,0.4
0.185,0.555,145.622,-3.86181,0.330868,1265.49,1,-2,0,0.4
0.185,0.565,130.108,-5.00823,0.998874,1197.39,1,-2,0,0.4
0.185,0.575,120.263,-6.83324,1.8424,1176.35,1,-2,0,0.4
0.185,0.585,125.118,-9.3272,2.76913,1112.06,1,-2,0,0.4
0.185,0.595,152.046,-11.7319,3.38827,939.016,1,-2,0,0.4
0.185,0.605,206.413,-13.3404,3.46253,724.042,1,-2,0,0.4
0.185,0.615,278.889,-14.2091,3.28787,506.403,1,-2,0,0.4
0.185,0.625,357.82,-14.6366,3.09302,337.197,1,-2,0,0.4
0.185,0.635,437.812,-14.8344,2.96144,238.209,1,-2,0,0.4
0.185,0.645,517.971,-14.922,2.89935,194.904,1,-2,0,0.4
0.185,0.655,597.611,-14.9601,2.88355,183.745,1,-2,0,0.4
0.185,0.665,674.365,-14.9772,2.89097,187.742,1,-2,0,0.4
0.185,0.675,745.082,-14.9851,2.90734,197.684,1,-2,0,0.4
0.185,0.685,807.155,-14.989,2.92557,209.145,1,-2,0,0.4
0.185,0.695,859.165,-14.9908,2.94253,220.12,1,-2,0,0.4
0.185,0.705,900.907,-14.9916,2.95704,229.773,1,-2,0,0.4
0.185,0.715,933.099,-14.9917,2.9688,237.85,1,-2,0,0.4
0.185,0.725,957.028,-14.9913,2.97791,244.383,1,-2,0,0.4
0.185,0.735,974.216,-14.9907,2.98472,249.546,1,-2,0,0.4
0.185,0.745,986.18,-14.9899,2.98963,253.563,1,-2,0,0.4
0.185,0.755,994.275,-14.989,2.99305,256.663,1,-2,0,0.4
0.185,0.765,999.62,-14.9881,2.99536,259.052,1,-2,0,0.4
0.185,0.775,1003.08,-14.9873,2.99688,260.9,1,-2,0,0.4
0.185,0.785,1005.3,-14.9864,2.99787,262.341,1,-2,0,0.4
0.185,0.795,1006.71,-14.9857,2.9985,263.471,1,-2,0,0.4
0.185,0.805,1007.61,-14.985,2.99891,264.364,1,-2,0,0.4
0.185,0.815,1008.19,-14.9845,2.99919,265.069,1,-2,0,0.4
0.185,0.825,1008.58,-14.984,2.99938,265.624,1,-2,0,0.4
0.185,0.835,1008.85,-14.9837,2.99952,266.057,1,-2,0,0.4
0.185,0.845,1009.03,-14.9834,2.99962,266.39,1,-2,0,0.4
0.185,0.855,1009.16,-14.9832,2.99969,266.644,1,-2,0,0.4
0.185,0.865,1009.25,-14.983,2.99975,266.833,1,-2,0,0.4
0.185,0.875,1009.31,-14.9829,2.99979,266.971,1,-2,0,0.4
0.185,0.885,1009.36,-14.9828,2.99983,267.071,1,-2,0,0.4
0.185,0.895,1009.39,-14.9827,2.99985,267.141,1,-2,0,0.4
0.185,0.905,1009.41,-14.9827,2.99987,267.189,1,-2,0,0.4
0.185,0.915,1009.43,-14.9827,2.99988,267.222,1,-2,0,0.4
0.185,0.925,1009.44,-14.9827,2.99989,267.243,1,-2,0,0.4
0.185,0.935,1009.45,-14.9826,2.9999,267.257,1,-2,0,0.4
0.185,0.945,1009.45,-14.9826,2.9999,267.266,1,-2,0,0.4
0.185,0.955,1009.45,-14.9826,2.9999,267.272,1,-2,0,0.4
0.185,0.965,1009.45,-14.9826,2.9999,267.275,1,-2,0,0.4
0.185,0.975,1009.46,-14.9826,2.99991,267.277,1,-2,0,0.4
0.185,0.985,1009.46,-14.9826,2.99991,267.279,1,-2,0,0.4
0.185,0.995,1009.46,-14.9826,2.99991,267.279,1,-2,0,0.4
0.195,0.005,18.4946,-2.71667,-17.9504,522.01,1,-2,0,0.4
0.195,0.015,22.4044,-2.1712,-17.6755,637.632,1,-2,0,0.4
0.195,0.025,27.6167,-1.59654,-17.3146,792.891,1,-2,0,0.4
0.195,0.035,34.4627,-1.01169,-16.8888,996.671,1,-2,0,0.4
0.195,0.045,43.2517,-0.436561,-16.4218,1256.35,1,-2,0,0.4
0.195,0.055,54.1103,0.107063,-15.9445,1572.05,1,-2,0,0.4
0.195,0.065,66.6025,0.595832,-15.4947,1927.16,1,-2,0,0.4
0.195,0.075,79.4552,1.00789,-15.1171,2280.89,1,-2,0,0.4
0.195,0.085,90.8662,1.33101,-14.8762,2567.66,1,-2,0,0.4
0.195,0.095,99.1243,1.57963,-14.7971,2734.46,1,-2,0,0.4
0.195,0.105,104.329,1.79582,-14.8091,2804.45,1,-2,0,0.4
0.195,0.115,108.292,2.00869,-14.7845,2857.26,1,-2,0,0.4
0.195,0.125,112.232,2.20873,-14.6657,2935.17,1,-2,0,0.4
0.195,0.135,116.102,2.38446,-14.479,3030.04,1,-2,0,0.4
0.195,0.145,119.53,2.53869,-14.2609,3124.77,1,-2,0,0.4
0.195,0.155,122.322,2.67766,-14.0287,3210.79,1,-2,0,0.4
0.195,0.165,124.456,2.80558,-13.7879,3286.11,1,-2,0,0.4
0.195,0.175,125.982,2.92475,-13.5398,3351.33,1,-2,0,0.4
0.195,0.185,126.972,3.03629,-13.2839,3407.71,1,-2,0,0.4
0.195,0.195,127.496,3.14059,-13.0198,3456.41,1,-2,0,0.4
0.195,0.205,127.618,3.23749,-12.747,3498.32,1,-2,0,0.4
0.195,0.215,127.397,3.32644,-12.4651,3533.97,1,-2,0,0.4
0.195,0.225,126.887,3.40656,-12.1738,3563.66,1,-2,0,0.4
0.195,0.235,126.14,3.47675,-11.873,3587.49,1,-2,0,0.4
0.195,0.245,125.21,3.53566,-11.5626,3605.41,1,-2,0,0.4
0.195,0.255,124.152,3.58178,-11.2423,3617.35,1,-2,0,0.4
0.195,0.265,123.026,3.61344,-10.912,3623.16,1,-2,0,0.4
0.195,0.275,121.892,3.62881,-10.5717,3622.73,1,-2,0,0.4
0.195,0.285,120.814,3.62599,-10.221,3615.91,1,-2,0,0.4
0.195,0.295,119.858,3.603,-9.85991,3602.57,1,-2,0,0.4
0.195,0.305,119.09,3.55788,-9.48828,3582.58,1,-2,0,0.4
0.195,0.315,118.573,3.48877,-9.10618,3555.78,1,-2,0,0.4
0.195,0.325,118.368,3.39403,-8.71383,3522,1,-2,0,0.4
0.195,0.335,118.532,3.27233,-8.31169,3481.04,1,-2,0,0.4
0.195,0.345,119.112,3.12279,-7.90054,3432.68,1,-2,0,0.4
0.195,0.355,120.149,2.9451,-7.48146,3376.68,1,-2,0,0.4
0.195,0.365,121.67,2.7396,-7.05593,3312.78,1,-2,0,0.4
0.195,0.375,123.688,2.50726,-6.62572,3240.74,1,-2,0,0.4
0.195,0.385,126.198,2.24971,-6.19286,3160.38,1,-2,0,0.4
0.195,0.395,129.262,1.96937,-5.75544,3074.51,1,-2,0,0.4
0.195,0.405,132.78,1.67226,-5.31852,2981.39,1,-2,0,0.4
0.195,0.415,136.592,1.36307,-4.88875,2878.77,1,-2,0,0.4
0.195,0.425,140.564,1.04502,-4.46829,2766.81,1,-2,0,0.4
0.195,0.435,144.509,0.721487,-4.05908,2645.49,1,-2,0,0.4
0.195,0.445,148.214,0.395791,-3.66233,2515.32,1,-2,0,0.4
0.195,0.455,151.468,0.0706255,-3.27809,2377.6,1,-2,0,0.4
0.195,0.465,154.001,-0.251349,-2.907,2233.36,1,-2,0,0.4
0.195,0.475,155.836,-0.570409,-2.53704,2086.72,1,-2,0,0.4
0.195,0.485,156.685,-0.886176,-2.17151,1938.48,1,-2,0,0.4
0.195,0.495,156.305,-1.19896,-1.80922,1789.47,1,-2,0,0.4
0.195,0.505,154.488,-1.5106,-1.44767,1640.83,1,-2,0,0.4
0.195,0.515,151.052,-1.82534,-1.08397,1493.87,1,-2,0,0.4
0.195,0.525,145.883,-2.15188,-0.714025,1350.52,1,-2,0,0.4
0.195,0.535,139.106,-2.51133,-0.326413,1216.21,1,-2,0,0.4
0.195,0.545,130.268,-2.98911,0.115299,1102.3,1,-2,0,0.4
0.195,0.555,116.066,-3.77894,0.660225,1012.03,1,-2,0,0.4
0.195,0.565,100.567,-5.13574,1.35002,962.729,1,-2,0,0.4
0.195,0.575,93.1634,-7.36596,2.21567,945.407,1,-2,0,0.4
0.195,0.585,102.2,-10.1681,3.07755,866.743,1,-2,0,0.4
0.195,0.595,134.722,-12.4758,3.48221,710.522,1,-2,0,0.4
0.195,0.605,193.145,-13.8058,3.39984,536.041,1,-2,0,0.4
0.195,0.615,266.439,-14.4613,3.18926,369.52,1,-2,0,0.4
0.195,0.625,345.583,-14.7624,3.01166,252.958,1,-2,0,0.4
0.195,0.635,426.716,-14.8943,2.91057,192.693,1,-2,0,0.4
0.195,0.645,508.99,-14.9506,2.87259,171.695,1,-2,0,0.4
0.195,0.655,590.882,-14.9749,2.87091,171.535,1,-2,0,0.4
0.195,0.665,669.394,-14.986,2.8854,180.503,1,-2,0,0.4
0.195,0.675,741.22,-14.9915,2.90509,192.54,1,-2,0,0.4
0.195,0.685,803.862,-14.9945,2.92487,204.743,1,-2,0,0.4
0.195,0.695,856.065,-14.9961,2.94259,215.787,1,-2,0,0.4
0.195,0.705,897.755,-14.997,2.95749,225.142,1,-2,0,0.4
0.195,0.715,929.744,-14.9975,2.96946,232.695,1,-2,0,0.4
0.195,0.725,953.374,-14.9978,2.97871,238.555,1,-2,0,0.4
0.195,0.735,970.21,-14.9978,2.9856,242.944,1,-2,0,0.4
0.195,0.745,981.795,-14.9978,2.99054,246.127,1,-2,0,0.4
0.195,0.755,989.505,-14.9977,2.99396,248.369,1,-2,0,0.4
0.195,0.765,994.475,-14.9976,2.99624,249.907,1,-2,0,0.4
0.195,0.775,997.584,-14.9974,2.99771,250.94,1,-2,0,0.4
0.195,0.785,999.475,-14.9973,2.99863,251.624,1,-2,0,0.4
0.195,0.795,1000.6,-14.9971,2.99918,252.073,1,-2,0,0.4
0.195,0.805,1001.25,-14.997,2.99951,252.368,1,-2,0,0.4
0.195,0.815,1001.63,-14.9969,2.9997,252.563,1,-2,0,0.4
0.195,0.825,1001.84,-14.9969,2.99981,252.694,1,-2,0,0.4
0.195,0.835,1001.96,-14.9968,2.99988,252.784,1,-2,0,0.4
0.195,0.845,1002.03,-14.9967,2.99992,252.846,1,-2,0,0.4
0.195,0.855,1002.07,-14.9967,2.99994,252.889,1,-2,0,0.4
0.195,0.865,1002.1,-14.9967,2.99995,252.919,1,-2,0,0.4
0.195,0.875,1002.12,-14.9967,2.99996,252.94,1,-2,0,0.4
0.195,0.885,1002.13,-14.9966,2.99997,252.954,1,-2,0,0.4
0.195,0.895,1002.13,-14.9966,2.99997,252.964,1,-2,0,0.4
0.195,0.905,1002.14,-14.9966,2.99998,252.971,1,-2,0,0.4
0.195,0.915,1002.14,-14.9966,2.99998,252.975,1,-2,0,0.4
0.195,0.925,1002.14,-14.9966,2.99998,252.978,1,-2,0,0.4
0.195,0.935,1002.14,-14.9966,2.99998,252.98,1,-2,0,0.4
0.195,0.945,1002.15,-14.9966,2.99998,252.981,1,-2,0,0.4
0.195,0.955,1002.15,-14.9966,2.99998,252.982,1,-2,0,0.4
0.195,0.965,1002.15,-14.9966,2.99998,252.982,1,-2,0,0.4
0.195,0.975,1002.15,-14.9966,2.99998,252.983,1,-2,0,0.4
0.195,0.985,1002.15,-14.9966,2.99998,252.983,1,-2,0,0.4
0.195,0.995,1002.15,-14.9966,2.99998,252.983,1,-2,0,0.4
0.205,0.005,22.171,-1.8544,-18.2283,589.529,1,-2,0,0.4
0.205,0.015,26.6686,-1.34649,-17.887,715.123,1,-2,0,0.4
0.205,0.025,32.4084,-0.826826,-17.4868,875.77,1,-2,0,0.4
0.205,0.035,39.6069,-0.309689,-17.0439,1076.69,1,-2,0,0.4
0.205,0.045,48.3982,0.189627,-16.577,1320.18,1,-2,0,0.4
0.205,0.055,58.6103,0.654943,-16.1078,1601.65,1,-2,0,0.4
0.205,0.065,69.6726,1.06987,-15.6639,1905.29,1,-2,0,0.4
0.205,0.075,80.6953,1.41962,-15.286,2199.12,1,-2,0,0.4
0.205,0.085,90.3506,1.69884,-15.0139,2438.59,1,-2,0,0.4
0.205,0.095,97.5141,1.91971,-14.8607,2591.47,1,-2,0,0.4
0.205,0.105,102.238,2.11193,-14.7829,2670.87,1,-2,0,0.4
0.205,0.115,105.71,2.29949,-14.6974,2726.51,1,-2,0,0.4
0.205,0.125,108.928,2.48075,-14.5528,2793.1,1,-2,0,0.4
0.205,0.135,112.039,2.64577,-14.3544,2871.92,1,-2,0,0.4
0.205,0.145,114.807,2.79325,-14.1267,2951.99,1,-2,0,0.4
0.205,0.155,117.058,2.92696,-13.8852,3025.74,1,-2,0,0.4
0.205,0.165,118.752,3.05036,-13.6359,3090.63,1,-2,0,0.4
0.205,0.175,119.922,3.16548,-13.3799,3146.68,1,-2,0,0.4
0.205,0.185,120.625,3.27323,-13.1169,3194.76,1,-2,0,0.4
0.205,0.195,120.924,3.37383,-12.8463,3235.76,1,-2,0,0.4
0.205,0.205,120.876,3.46702,-12.5675,3270.4,1,-2,0,0.4
0.205,0.215,120.535,3.55213,-12.2799,3299.12,1,-2,0,0.4
0.205,0.225,119.952,3.62823,-11.9831,3322.16,1,-2,0,0.4
0.205,0.235,119.176,3.69412,-11.6769,3339.61,1,-2,0,0.4
0.205,0.245,118.256,3.74843,-11.361,3351.44,1,-2,0,0.4
0.205,0.255,117.244,3.78959,-11.0353,3357.56,1,-2,0,0.4
0.205,0.265,116.193,3.81591,-10.6995,3357.84,1,-2,0,0.4
0.205,0.275,115.158,3.82556,-10.3534,3352.17,1,-2,0,0.4
0.205,0.285,114.197,3.81664,-9.99683,3340.41,1,-2,0,0.4
0.205,0.295,113.366,3.78723,-9.62979,3322.43,1,-2,0,0.4
0.205,0.305,112.723,3.73547,-9.25224,3298.07,1,-2,0,0.4
0.205,0.315,112.32,3.65964,-8.86435,3267.2,1,-2,0,0.4
0.205,0.325,112.21,3.55828,-8.46647,3229.64,1,-2,0,0.4
0.205,0.335,112.436,3.43027,-8.05925,3185.22,1,-2,0,0.4
0.205,0.345,113.035,3.27501,-7.64361,3133.75,1,-2,0,0.4
0.205,0.355,114.036,3.09243,-7.22082,3075.01,1,-2,0,0.4
0.205,0.365,115.453,2.8831,-6.79246,3008.82,1,-2,0,0.4
0.205,0.375,117.286,2.64818,-6.36036,2935.01,1,-2,0,0.4
0.205,0.385,119.539,2.38939,-5.9255,2854.16,1,-2,0,0.4
0.205,0.395,122.26,2.11021,-5.48601,2768.93,1,-2,0,0.4
0.205,0.405,125.264,1.81695,-5.05082,2675.45,1,-2,0,0.4
0.205,0.415,128.437,1.5129,-4.62325,2573.51,1,-2,0,0.4
0.205,0.425,131.641,1.20124,-4.20512,2463.29,1,-2,0,0.4
0.205,0.435,134.694,0.885144,-3.79803,2344.95,1,-2,0,0.4
0.205,0.445,137.392,0.567734,-3.40302,2218.97,1,-2,0,0.4
0.205,0.455,139.529,0.251672,-3.01973,2086.58,1,-2,0,0.4
0.205,0.465,140.865,-0.0608881,-2.64815,1948.51,1,-2,0,0.4
0.205,0.475,141.318,-0.369195,-2.28447,1807.89,1,-2,0,0.4
0.205,0.485,140.774,-0.673947,-1.92006,1666.79,1,-2,0,0.4
0.205,0.495,139.046,-0.97598,-1.55728,1526.3,1,-2,0,0.4
0.205,0.505,135.983,-1.27743,-1.194,1387.46,1,-2,0,0.4
0.205,0.515,131.488,-1.58317,-0.827364,1251.66,1,-2,0,0.4
0.205,0.525,125.574,-1.90446,-0.452508,1121.38,1,-2,0,0.4
0.205,0.535,118.428,-2.28179,-0.0535032,1002.38,1,-2,0,0.4
0.205,0.545,107.88,-2.82037,0.403913,899.658,1,-2,0,0.4
0.205,0.555,92.6941,-3.72565,0.956578,823.369,1,-2,0,0.4
0.205,0.565,78.8195,-5.34904,1.65077,795.418,1,-2,0,0.4
0.205,0.575,74.7945,-7.9942,2.51812,778.53,1,-2,0,0.4
0.205,0.585,88.2134,-10.9499,3.2711,695.018,1,-2,0,0.4
0.205,0.595,125.585,-13.0354,3.47691,561.558,1,-2,0,0.4
0.205,0.605,185.966,-14.1126,3.31385,416.46,1,-2,0,0.4
0.205,0.615,259.252,-14.611,3.10134,288.313,1,-2,0,0.4
0.205,0.625,338.252,-14.8301,2.95019,206.631,1,-2,0,0.4
0.205,0.635,420.187,-14.9233,2.87599,169.475,1,-2,0,0.4
0.205,0.645,503.98,-14.9629,2.85563,160.756,1,-2,0,0.4
0.205,0.655,587.41,-14.9804,2.86319,166.338,1,-2,0,0.4
0.205,0.665,667.085,-14.9888,2.882,177.842,1,-2,0,0.4
0.205,0.675,739.652,-14.9933,2.90362,190.971,1,-2,0,0.4
0.205,0.685,802.712,-14.9958,2.92426,203.627,1,-2,0,0.4
0.205,0.695,855.123,-14.9973,2.94238,214.829,1,-2,0,0.4
0.205,0.705,896.891,-14.9982,2.95747,224.2,1,-2,0,0.4
0.205,0.715,928.882,-14.9988,2.96955,231.692,1,-2,0,0.4
0.205,0.725,952.47,-14.9991,2.97885,237.449,1,-2,0,0.4
0.205,0.735,969.238,-14.9993,2.98576,241.711,1,-2,0,0.4
0.205,0.745,980.743,-14.9994,2.99072,244.753,1,-2,0,0.4
0.205,0.755,988.368,-14.9995,2.99414,246.85,1,-2,0,0.4
0.205,0.765,993.255,-14.9995,2.99641,248.246,1,-2,0,0.4
0.205,0.775,996.285,-14.9995,2.99787,249.145,1,-2,0,0.4
0.205,0.785,998.105,-14.9995,2.99877,249.705,1,-2,0,0.4
0.205,0.795,999.164,-14.9994,2.99931,250.044,1,-2,0,0.4
0.205,0.805,999.763,-14.9994,2.99962,250.244,1,-2,0,0.4
0.205,0.815,1000.09,-14.9994,2.9998,250.359,1,-2,0,0.4
0.205,0.825,1000.27,-14.9994,2.99989,250.425,1,-2,0,0.4
0.205,0.835,1000.36,-14.9994,2.99994,250.462,1,-2,0,0.4
0.205,0.845,1000.41,-14.9994,2.99997,250.483,1,-2,0,0.4
0.205,0.855,1000.43,-14.9994,2.99998,250.495,1,-2,0,0.4
0.205,0.865,1000.45,-14.9994,2.99999,250.502,1,-2,0,0.4
0.205,0.875,1000.45,-14.9994,2.99999,250.506,1,-2,0,0.4
0.205,0.885,1000.46,-14.9994,2.99999,250.509,1,-2,0,0.4
0.205,0.895,1000.46,-14.9994,3,250.511,1,-2,0,0.4
0.205,0.905,1000.46,-14.9994,3,250.512,1,-2,0,0.4
0.205,0.915,1000.46,-14.9994,3,250.512,1,-2,0,0.4
0.205,0.925,1000.46,-14.9994,3,250.513,1,-2,0,0.4
0.205,0.935,1000.46,-14.9994,3,250.513,1,-2,0,0.4
0.205,0.945,1000.46,-14.9994,3,250.513,1,-2,0,0.4
0.205,0.955,1000.46,-14.9994,3,250.513,1,-2,0,0.4
0.205,0.965,1000.46,-14.9994,3,250.513,1,-2,0,0.4
0.205,0.975,1000.46,-14.9994,3,250.513,1,-2,0,0.4
0.205,0.985,1000.46,-14.9994,3,250.513,1,-2,0,0.4
0.205,0.995,1000.46,-14.9994,3,250.513,1,-2,0,0.4
0.215,0.005,25.7379,-1.09599,-18.294,649.446,1,-2,0,0.4
0.215,0.015,30.6332,-0.631336,-17.9195,779.125,1,-2,0,0.4
0.215,0.025,36.6529,-0.165254,-17.5038,938.741,1,-2,0,0.4
0.215,0.035,43.9073,0.291191,-17.059,1130.79,1,-2,0,0.4
0.215,0.045,52.304,0.726699,-16.6003,1354.59,1,-2,0,0.4
0.215,0.055,61.5919,1.12924,-16.1459,1604.08,1,-2,0,0.4
0.215,0.065,71.3561,1.48644,-15.7192,1864.65,1,-2,0,0.4
0.215,0.075,80.8336,1.78903,-15.3489,2111.3,1,-2,0,0.4
0.215,0.085,89.046,2.03504,-15.061,2313.57,1,-2,0,0.4
0.215,0.095,95.2487,2.23484,-14.8632,2451.37,1,-2,0,0.4
0.215,0.105,99.4865,2.41016,-14.7266,2532.89,1,-2,0,0.4
0.215,0.115,102.56,2.57975,-14.5955,2590,1,-2,0,0.4
0.215,0.125,105.244,2.74558,-14.4281,2649.18,1,-2,0,0.4
0.215,0.135,107.764,2.90049,-14.2194,2715.86,1,-2,0,0.4
0.215,0.145,109.998,3.04143,-13.9844,2783.86,1,-2,0,0.4
0.215,0.155,111.808,3.17017,-13.7358,2847.16,1,-2,0,0.4
0.215,0.165,113.146,3.28928,-13.4794,2903.05,1,-2,0,0.4
0.215,0.175,114.031,3.40047,-13.2166,2951.17,1,-2,0,0.4
0.215,0.185,114.51,3.50448,-12.9473,2992.02,1,-2,0,0.4
0.215,0.195,114.636,3.60138,-12.6708,3026.3,1,-2,0,0.4
0.215,0.205,114.463,3.6908,-12.3863,3054.58,1,-2,0,0.4
0.215,0.215,114.041,3.77199,-12.0933,3077.25,1,-2,0,0.4
0.215,0.225,113.415,3.84394,-11.7913,3094.49,1,-2,0,0.4
0.215,0.235,112.631,3.90541,-11.4798,3106.4,1,-2,0,0.4
0.215,0.245,111.737,3.95498,-11.1587,3112.94,1,-2,0,0.4
0.215,0.255,110.778,3.99107,-10.8277,3114.03,1,-2,0,0.4
0.215,0.265,109.803,4.01196,-10.4865,3109.56,1,-2,0,0.4
0.215,0.275,108.861,4.01584,-10.1349,3099.42,1,-2,0,0.4
0.215,0.285,108.002,4.00086,-9.7729,3083.47,1,-2,0,0.4
0.215,0.295,107.276,3.96518,-9.40041,3061.59,1,-2,0,0.4
0.215,0.305,106.732,3.90706,-9.01754,3033.63,1,-2,0,0.4
0.215,0.315,106.413,3.82493,-8.62458,2999.46,1,-2,0,0.4
0.215,0.325,106.361,3.71753,-8.22204,2958.93,1,-2,0,0.4
0.215,0.335,106.611,3.58399,-7.81072,2911.87,1,-2,0,0.4
0.215,0.345,107.19,3.42391,-7.39167,2858.14,1,-2,0,0.4
0.215,0.355,108.114,3.23747,-6.96629,2797.57,1,-2,0,0.4
0.215,0.365,109.388,3.02543,-6.53622,2730.03,1,-2,0,0.4
0.215,0.375,111.001,2.78906,-6.10329,2655.43,1,-2,0,0.4
0.215,0.385,112.995,2.5302,-5.66605,2575.91,1,-2,0,0.4
0.215,0.395,115.314,2.25402,-5.22729,2491.14,1,-2,0,0.4
0.215,0.405,117.8,1.96536,-4.79448,2398.55,1,-2,0,0.4
0.215,0.415,120.348,1.6671,-4.36955,2298.48,1,-2,0,0.4
0.215,0.425,122.82,1.36234,-3.95402,2191.17,1,-2,0,0.4
0.215,0.435,125.046,1.05405,-3.54909,2076.94,1,-2,0,0.4
0.215,0.445,126.834,0.745103,-3.15563,1956.28,1,-2,0,0.4
0.215,0.455,128.008,0.437934,-2.7731,1830.48,1,-2,0,0.4
0.215,0.465,128.384,0.134207,-2.40125,1700.65,1,-2,0,0.4
0.215,0.475,127.775,-0.164483,-2.03982,1567.88,1,-2,0,0.4
0.215,0.485,126.176,-0.459165,-1.6783,1435.39,1,-2,0,0.4
0.215,0.495,123.488,-0.751372,-1.31543,1304.74,1,-2,0,0.4
0.215,0.505,119.629,-1.04385,-0.950983,1177.04,1,-2,0,0.4
0.215,0.515,114.579,-1.34246,-0.582419,1053.74,1,-2,0,0.4
0.215,0.525,108.507,-1.66548,-0.202842,937.98,1,-2,0,0.4
0.215,0.535,101.029,-2.07626,0.20452,832.456,1,-2,0,0.4
0.215,0.545,89.4137,-2.66676,0.665819,743.425,1,-2,0,0.4
0.215,0.555,74.6919,-3.7068,1.21046,686.059,1,-2,0,0.4
0.215,0.565,63.0852,-5.649,1.90048,674.922,1,-2,0,0.4
0.215,0.575,62.5407,-8.66769,2.75312,655.317,1,-2,0,0.4
0.215,0.585,79.7954,-11.6247,3.37537,572.171,1,-2,0,0.4
0.215,0.595,120.706,-13.4452,3.42689,458.742,1,-2,0,0.4
0.215,0.605,181.816,-14.3175,3.22823,336.324,1,-2,0,0.4
0.215,0.615,254.613,-14.7041,3.02922,236.673,1,-2,0,0.4
0.215,0.625,333.341,-14.8695,2.90472,178.622,1,-2,0,0.4
0.215,0.635,415.883,-14.9392,2.85211,155.99,1,-2,0,0.4
0.215,0.645,500.789,-14.9692,2.8444,154.608,1,-2,0,0.4
0.215,0.655,585.294,-14.983,2.85816,163.533,1,-2,0,0.4
0.215,0.665,665.758,-14.99,2.87977,176.506,1,-2,0,0.4
0.215,0.675,738.827,-14.9939,2.90262,190.283,1,-2,0,0.4
0.215,0.685,802.183,-14.9961,2.92381,203.225,1,-2,0,0.4
0.215,0.695,854.758,-14.9976,2.94218,214.554,1,-2,0,0.4
0.215,0.705,896.612,-14.9985,2.95739,223.975,1,-2,0,0.4
0.215,0.715,928.641,-14.999,2.96952,231.481,1,-2,0,0.4
0.215,0.725,952.241,-14.9994,2.97886,237.232,1,-2,0,0.4
0.215,0.735,969.007,-14.9996,2.98578,241.478,1,-2,0,0.4
0.215,0.745,980.5,-14.9998,2.99074,244.499,1,-2,0,0.4
0.215,0.755,988.111,-14.9998,2.99417,246.573,1,-2,0,0.4
0.215,0.765,992.982,-14.9999,2.99644,247.946,1,-2,0,0.4
0.215,0.775,995.996,-14.9999,2.9979,248.823,1,-2,0,0.4
0.215,0.785,997.801,-14.9999,2.9988,249.363,1,-2,0,0.4
0.215,0.795,998.848,-14.9999,2.99934,249.685,1,-2,0,0.4
0.215,0.805,999.435,-14.9999,2.99964,249.87,1,-2,0,0.4
0.215,0.815,999.755,-14.9999,2.99981,249.973,1,-2,0,0.4
0.215,0.825,999.924,-14.9999,2.99991,250.029,1,-2,0,0.4
0.215,0.835,1000.01,-14.9999,2.99995,250.058,1,-2,0,0.4
0.215,0.845,1000.05,-14.9999,2.99998,250.073,1,-2,0,0.4
0.215,0.855,1000.08,-14.9999,2.99999,250.081,1,-2,0,0.4
0.215,0.865,1000.09,-14.9999,2.99999,250.084,1,-2,0,0.4
0.215,0.875,1000.09,-14.9999,3,250.086,1,-2,0,0.4
0.215,0.885,1000.09,-14.9999,3,250.087,1,-2,0,0.4
0.215,0.895,1000.09,-14.9999,3,250.088,1,-2,0,0.4
0.215,0.905,1000.09,-14.9999,3,250.088,1,-2,0,0.4
0.215,0.915,1000.09,-14.9999,3,250.088,1,-2,0,0.4
0.215,0.925,1000.09,-14.9999,3,250.088,1,-2,0,0.4
0.215,0.935,1000.09,-14.9999,3,250.088,1,-2,0,0.4
0.215,0.945,1000.09,-14.9999,3,250.088,1,-2,0,0.4
0.215,0.955,1000.09,-14.9999,3,250.088,1,-2,0,0.4
0.215,0.965,1000.09,-14.9999,3,250.088,1,-2,0,0.4
0.215,0.975,1000.09,-14.9999,3,250.088,1,-2,0,0.4
0.215,0.985,1000.09,-14.9999,3,250.088,1,-2,0,0.4
0.215,0.995,1000.09,-14.9999,3,250.088,1,-2,0,0.4
0.225,0.005,29.0363,-0.435345,-18.2417,699.306,1,-2,0,0.4
0.225,0.015,34.1517,-0.0129621,-17.8522,828.769,1,-2,0,0.4
0.225,0.025,40.2315,0.404998,-17.4326,983.312,1,-2,0,0.4
0.225,0.035,47.2101,0.810489,-16.9956,1163.42,1,-2,0,0.4
0.225,0.045,54.9952,1.19439,-16.5526,1366.91,1,-2,0,0.4
0.225,0.055,63.3925,1.54699,-16.1176,1587.21,1,-2,0,0.4
0.225,0.065,71.9901,1.85953,-15.7086,1811.43,1,-2,0,0.4
0.225,0.075,80.159,2.12605,-15.3469,2020.39,1,-2,0,0.4
0.225,0.085,87.1818,2.34656,-15.0507,2192.99,1,-2,0,0.4
0.225,0.095,92.559,2.52996,-14.8242,2316.36,1,-2,0,0.4
0.225,0.105,96.3345,2.69262,-14.6478,2395.94,1,-2,0,0.4
0.225,0.115,99.0628,2.84904,-14.4825,2452.72,1,-2,0,0.4
0.225,0.125,101.333,3.00253,-14.2954,2506.4,1,-2,0,0.4
0.225,0.135,103.39,3.14838,-14.0774,2563.64,1,-2,0,0.4
0.225,0.145,105.192,3.28317,-13.8363,2621.61,1,-2,0,0.4
0.225,0.155,106.641,3.40722,-13.5818,2675.87,1,-2,0,0.4
0.225,0.165,107.689,3.52227,-13.3194,2723.91,1,-2,0,0.4
0.225,0.175,108.346,3.62966,-13.0508,2765.06,1,-2,0,0.4
0.225,0.185,108.649,3.72996,-12.7757,2799.57,1,-2,0,0.4
0.225,0.195,108.645,3.82315,-12.4937,2827.96,1,-2,0,0.4
0.225,0.205,108.382,3.90874,-12.2039,2850.68,1,-2,0,0.4
0.225,0.215,107.906,3.98591,-11.9058,2868.05,1,-2,0,0.4
0.225,0.225,107.259,4.05361,-11.5987,2880.25,1,-2,0,0.4
0.225,0.235,106.484,4.11055,-11.2822,2887.34,1,-2,0,0.4
0.225,0.245,105.624,4.15528,-10.9561,2889.31,1,-2,0,0.4
0.225,0.255,104.721,4.18621,-10.6199,2886.09,1,-2,0,0.4
0.225,0.265,103.818,4.20164,-10.2736,2877.57,1,-2,0,0.4
0.225,0.275,102.959,4.19978,-9.917,2863.65,1,-2,0,0.4
0.225,0.285,102.188,4.17887,-9.54995,2844.21,1,-2,0,0.4
0.225,0.295,101.547,4.13716,-9.17257,2819.12,1,-2,0,0.4
0.225,0.305,101.076,4.07305,-8.78506,2788.27,1,-2,0,0.4
0.225,0.315,100.813,3.98514,-8.38783,2751.51,1,-2,0,0.4
0.225,0.325,100.789,3.87238,-7.98153,2708.74,1,-2,0,0.4
0.225,0.335,101.032,3.73409,-7.56707,2659.81,1,-2,0,0.4
0.225,0.345,101.557,3.57012,-7.14564,2604.61,1,-2,0,0.4
0.225,0.355,102.374,3.38082,-6.7187,2543.04,1,-2,0,0.4
0.225,0.365,103.477,3.16708,-6.28793,2475.02,1,-2,0,0.4
0.225,0.375,104.859,2.93023,-5.85459,2400.86,1,-2,0,0.4
0.225,0.385,106.576,2.67275,-5.41578,2323.36,1,-2,0,0.4
0.225,0.395,108.476,2.40064,-4.97948,2239.52,1,-2,0,0.4
0.225,0.405,110.457,2.11718,-4.54953,2148.84,1,-2,0,0.4
0.225,0.415,112.412,1.82522,-4.12756,2051.62,1,-2,0,0.4
0.225,0.425,114.209,1.52766,-3.71479,1948.2,1,-2,0,0.4
0.225,0.435,115.694,1.22729,-3.31214,1839.01,1,-2,0,0.4
0.225,0.445,116.696,0.926696,-2.92028,1724.61,1,-2,0,0.4
0.225,0.455,117.061,0.628116,-2.53856,1606.22,1,-2,0,0.4
0.225,0.465,116.64,0.333024,-2.16626,1484.97,1,-2,0,0.4
0.225,0.475,115.297,0.042553,-1.80253,1362.07,1,-2,0,0.4
0.225,0.485,112.973,-0.243337,-1.44589,1239.35,1,-2,0,0.4
0.225,0.495,109.649,-0.526887,-1.0842,1119.12,1,-2,0,0.4
0.225,0.505,105.349,-0.811667,-0.719703,1003.03,1,-2,0,0.4
0.225,0.515,100.131,-1.10581,-0.350261,892.709,1,-2,0,0.4
0.225,0.525,94.2267,-1.44661,0.0329437,790.765,1,-2,0,0.4
0.225,0.535,86.3606,-1.87905,0.442503,698.139,1,-2,0,0.4
0.225,0.545,74.5545,-2.52968,0.8941,624.595,1,-2,0,0.4
0.225,0.555,60.9513,-3.72856,1.41916,586.529,1,-2,0,0.4
0.225,0.565,51.7735,-6.0261,2.10573,585.926,1,-2,0,0.4
0.225,0.575,54.3819,-9.33903,2.93084,561.795,1,-2,0,0.4
0.225,0.585,74.8595,-12.1804,3.41428,482.687,1,-2,0,0.4
0.225,0.595,117.956,-13.747,3.36293,383.427,1,-2,0,0.4
0.225,0.605,179.186,-14.4586,3.15093,279.977,1,-2,0,0.4
0.225,0.615,251.303,-14.7651,2.97128,201.879,1,-2,0,0.4
0.225,0.625,329.773,-14.8942,2.87075,160.385,1,-2,0,0.4
0.225,0.635,412.813,-14.9488,2.83509,147.375,1,-2,0,0.4
0.225,0.645,498.563,-14.9729,2.83657,150.7,1,-2,0,0.4
0.225,0.655,583.841,-14.9845,2.85466,161.75,1,-2,0,0.4
0.225,0.665,664.86,-14.9906,2.87819,175.665,1,-2,0,0.4
0.225,0.675,738.286,-14.9941,2.90189,189.866,1,-2,0,0.4
0.225,0.685,801.856,-14.9963,2.92346,203.007,1,-2,0,0.4
0.225,0.695,854.557,-14.9977,2.94201,214.43,1,-2,0,0.4
0.225,0.705,896.483,-14.9985,2.95731,223.897,1,-2,0,0.4
0.225,0.715,928.552,-14.9991,2.96949,231.423,1,-2,0,0.4
0.225,0.725,952.173,-14.9995,2.97884,237.183,1,-2,0,0.4
0.225,0.735,968.947,-14.9997,2.98578,241.431,1,-2,0,0.4
0.225,0.745,980.443,-14.9998,2.99075,244.451,1,-2,0,0.4
0.225,0.755,988.054,-14.9999,2.99417,246.523,1,-2,0,0.4
0.225,0.765,992.922,-14.9999,2.99645,247.892,1,-2,0,0.4
0.225,0.775,995.934,-15,2.9979,248.766,1,-2,0,0.4
0.225,0.785,997.737,-15,2.9988,249.303,1,-2,0,0.4
0.225,0.795,998.781,-15,2.99934,249.622,1,-2,0,0.4
0.225,0.805,999.367,-15,2.99965,249.805,1,-2,0,0.4
0.225,0.815,999.685,-15,2.99982,249.906,1,-2,0,0.4
0.225,0.825,999.853,-15,2.99991,249.96,1,-2,0,0.4
0.225,0.835,999.938,-15,2.99995,249.988,1,-2,0,0.4
0.225,0.845,999.981,-15,2.99998,250.002,1,-2,0,0.4
0.225,0.855,1000,-15,2.99999,250.009,1,-2,0,0.4
0.225,0.865,1000.01,-15,3,250.012,1,-2,0,0.4
0.225,0.875,1000.02,-15,3,250.014,1,-2,0,0.4
0.225,0.885,1000.02,-15,3,250.014,1,-2,0,0.4
0.225,0.895,1000.02,-15,3,250.015,1,-2,0,0.4
0.225,0.905,1000.02,-15,3,250.015,1,-2,0,0.4
0.225,0.915,1000.02,-15,3,250.015,1,-2,0,0.4
0.225,0.925,1000.02,-15,3,250.015,1,-2,0,0.4
0.225,0.935,1000.02,-15,3,250.015,1,-2,0,0.4
0.225,0.945,1000.02,-15,3,250.015,1,-2,0,0.4
0.225,0.955,1000.02,-15,3,250.015,1,-2,0,0.4
0.225,0.965,1000.02,-15,3,250.015,1,-2,0,0.4
0.225,0.975,1000.02,-15,3,250.015,1,-2,0,0.4
0.225,0.985,1000.02,-15,3,250.015,1,-2,0,0.4
0.225,0.995,1000.02,-15,3,250.015,1,-2,0,0.4
0.235,0.005,31.9635,0.142354,-18.1217,738.484,1,-2,0,0.4
0.235,0.015,37.1158,0.526686,-17.7279,864.913,1,-2,0,0.4
0.235,0.025,42.9816,0.904168,-17.316,1011.75,1,-2,0,0.4
0.235,0.035,49.5446,1.2676,-16.893,1178.43,1,-2,0,0.4
0.235,0.045,56.712,1.6094,-16.4672,1362.03,1,-2,0,0.4
0.235,0.055,64.262,1.9222,-16.0503,1556.08,1,-2,0,0.4
0.235,0.065,71.8209,2.19966,-15.657,1749.67,1,-2,0,0.4
0.235,0.075,78.8827,2.4381,-15.3033,1928.17,1,-2,0,0.4
0.235,0.085,84.9202,2.63866,-15.0023,2076.75,1,-2,0,0.4
0.235,0.095,89.5933,2.80899,-14.7567,2186.92,1,-2,0,0.4
0.235,0.105,92.9439,2.9617,-14.5522,2262.44,1,-2,0,0.4
0.235,0.115,95.3658,3.10805,-14.361,2317.48,1,-2,0,0.4
0.235,0.125,97.3065,3.25164,-14.1573,2366.58,1,-2,0,0.4
0.235,0.135,98.9974,3.38955,-13.9306,2416.28,1,-2,0,0.4
0.235,0.145,100.451,3.51859,-13.684,2465.85,1,-2,0,0.4
0.235,0.155,101.603,3.63819,-13.4246,2512.28,1,-2,0,0.4
0.235,0.165,102.414,3.74935,-13.1569,2553.39,1,-2,0,0.4
0.235,0.175,102.888,3.85303,-12.883,2588.39,1,-2,0,0.4
0.235,0.185,103.054,3.94966,-12.6027,2617.32,1,-2,0,0.4
0.235,0.195,102.952,4.03909,-12.3155,2640.53,1,-2,0,0.4
0.235,0.205,102.626,4.12079,-12.0207,2658.38,1,-2,0,0.4
0.235,0.215,102.117,4.19386,-11.7177,2671.13,1,-2,0,0.4
0.235,0.225,101.465,4.25721,-11.4057,2678.95,1,-2,0,0.4
0.235,0.235,100.709,4.30953,-11.0845,2681.89,1,-2,0,0.4
0.235,0.245,99.8882,4.34936,-10.7535,2679.94,1,-2,0,0.4
0.235,0.255,99.04,4.3751,-10.4126,2673.05,1,-2,0,0.4
0.235,0.265,98.2033,4.3851,-10.0616,2661.12,1,-2,0,0.4
0.235,0.275,97.4166,4.37762,-9.70027,2644.05,1,-2,0,0.4
0.235,0.285,96.7172,4.35099,-9.32873,2621.75,1,-2,0,0.4
0.235,0.295,96.1414,4.30357,-8.94708,2594.09,1,-2,0,0.4
0.235,0.305,95.7224,4.23391,-8.55565,2560.98,1,-2,0,0.4
0.235,0.315,95.4901,4.14081,-8.15496,2522.3,1,-2,0,0.4
0.235,0.325,95.4692,4.02338,-7.74578,2477.96,1,-2,0,0.4
0.235,0.335,95.6777,3.88116,-7.32912,2427.86,1,-2,0,0.4
0.235,0.345,96.1259,3.71418,-6.90627,2371.92,1,-2,0,0.4
0.235,0.355,96.8138,3.52293,-6.47871,2310.1,1,-2,0,0.4
0.235,0.365,97.7302,3.30839,-6.04811,2242.37,1,-2,0,0.4
0.235,0.375,98.8925,3.0719,-5.61388,2170.06,1,-2,0,0.4
0.235,0.385,100.299,2.81734,-5.17596,2094.32,1,-2,0,0.4
0.235,0.395,101.795,2.54985,-4.74262,2012.32,1,-2,0,0.4
0.235,0.405,103.298,2.27205,-4.31588,1924.38,1,-2,0,0.4
0.235,0.415,104.708,1.98667,-3.8971,1830.81,1,-2,0,0.4
0.235,0.425,105.901,1.69646,-3.48724,1732.03,1,-2,0,0.4
0.235,0.435,106.74,1.40396,-3.08697,1628.55,1,-2,0,0.4
0.235,0.445,107.079,1.11153,-2.69672,1521,1,-2,0,0.4
0.235,0.455,106.787,0.821206,-2.31586,1410.51,1,-2,0,0.4
0.235,0.465,105.752,0.534195,-1.94349,1298.26,1,-2,0,0.4
0.235,0.475,103.882,0.251242,-1.57857,1185.51,1,-2,0,0.4
0.235,0.485,101.111,-0.0274452,-1.21992,1073.44,1,-2,0,0.4
0.235,0.495,97.4665,-0.303801,-0.863689,964.153,1,-2,0,0.4
0.235,0.505,92.9897,-0.582453,-0.500829,859.523,1,-2,0,0.4
0.235,0.515,87.9076,-0.880585,-0.1313,761.964,1,-2,0,0.4
0.235,0.525,82.1773,-1.23939,0.252177,672.04,1,-2,0,0.4
0.235,0.535,74.1261,-1.69077,0.65588,592.691,1,-2,0,0.4
0.235,0.545,62.7103,-2.40974,1.08652,534.721,1,-2,0,0.4
0.235,0.555,50.437,-3.7971,1.58726,513.197,1,-2,0,0.4
0.235,0.565,43.601,-6.46674,2.27686,517.548,1,-2,0,0.4
0.235,0.575,48.9128,-9.97464,3.06247,488.741,1,-2,0,0.4
0.235,0.585,71.966,-12.629,3.41384,414.901,1,-2,0,0.4
0.235,0.595,116.376,-13.9716,3.29566,326.569,1,-2,0,0.4
0.235,0.605,177.35,-14.5589,3.0834,238.88,1,-2,0,0.4
0.235,0.615,248.762,-14.8069,2.92475,177.37,1,-2,0,0.4
0.235,0.625,327.043,-14.9107,2.84493,147.844,1,-2,0,0.4
0.235,0.635,410.514,-14.9551,2.82256,141.492,1,-2,0,0.4
0.235,0.645,496.915,-14.9753,2.83087,148.008,1,-2,0,0.4
0.235,0.655,582.765,-14.9854,2.85209,160.499,1,-2,0,0.4
0.235,0.665,664.191,-14.991,2.87701,175.063,1,-2,0,0.4
0.235,0.675,737.879,-14.9943,2.90133,189.565,1,-2,0,0.4
0.235,0.685,801.613,-14.9964,2.92319,202.851,1,-2,0,0.4
0.235,0.695,854.413,-14.9977,2.94187,214.348,1,-2,0,0.4
0.235,0.705,896.399,-14.9986,2.95724,223.851,1,-2,0,0.4
0.235,0.715,928.502,-14.9991,2.96945,231.397,1,-2,0,0.4
0.235,0.725,952.142,-14.9995,2.97883,237.166,1,-2,0,0.4
0.235,0.735,968.926,-14.9997,2.98577,241.418,1,-2,0,0.4
0.235,0.745,980.428,-14.9998,2.99074,244.441,1,-2,0,0.4
0.235,0.755,988.04,-14.9999,2.99417,246.513,1,-2,0,0.4
0.235,0.765,992.909,-15,2.99645,247.882,1,-2,0,0.4
0.235,0.775,995.921,-15,2.99791,248.755,1,-2,0,0.4
0.235,0.785,997.724,-15,2.99881,249.292,1,-2,0,0.4
0.235,0.795,998.767,-15,2.99934,249.611,1,-2,0,0.4
0.235,0.805,999.353,-15,2.99965,249.793,1,-2,0,0.4
0.235,0.815,999.671,-15,2.99982,249.894,1,-2,0,0.4
0.235,0.825,999.838,-15,2.99991,249.948,1,-2,0,0.4
0.235,0.835,999.924,-15,2.99996,249.976,1,-2,0,0.4
0.235,0.845,999.966,-15,2.99998,249.99,1,-2,0,0.4
0.235,0.855,999.986,-15,2.99999,249.997,1,-2,0,0.4
0.235,0.865,999.996,-15,3,250,1,-2,0,0.4
0.235,0.875,1000,-15,3,250.001,1,-2,0,0.4
0.235,0.885,1000,-15,3,250.002,1,-2,0,0.4
0.235,0.895,1000,-15,3,250.002,1,-2,0,0.4
0.235,0.905,1000,-15,3,250.002,1,-2,0,0.4
0.235,0.915,1000,-15,3,250.003,1,-2,0,0.4
0.235,0.925,1000,-15,3,250.003,1,-2,0,0.4
0.235,0.935,1000,-15,3,250.003,1,-2,0,0.4
0.235,0.945,1000,-15,3,250.003,1,-2,0,0.4
0.235,0.955,1000,-15,3,250.003,1,-2,0,0.4
0.235,0.965,1000,-15,3,250.003,1,-2,0,0.4
0.235,0.975,1000,-15,3,250.003,1,-2,0,0.4
0.235,0.985,1000,-15,3,250.003,1,-2,0,0.4
0.235,0.995,1000,-15,3,250.003,1,-2,0,0.4
0.245,0.005,34.4028,0.653526,-17.9656,767.45,1,-2,0,0.4
0.245,0.015,39.3871,1.00558,-17.5791,888.583,1,-2,0,0.4
0.245,0.025,44.9629,1.34872,-17.1786,1026.16,1,-2,0,0.4
0.245,0.035,51.0865,1.67693,-16.7695,1178.97,1,-2,0,0.4
0.245,0.045,57.6375,1.98418,-16.3595,1343.76,1,-2,0,0.4
0.245,0.055,64.397,2.26482,-15.9585,1514.54,1,-2,0,0.4
0.245,0.065,71.0401,2.51431,-15.5784,1682.31,1,-2,0,0.4
0.245,0.075,77.1646,2.7305,-15.2317,1835.91,1,-2,0,0.4
0.245,0.085,82.3811,2.91516,-14.9281,1964.75,1,-2,0,0.4
0.245,0.095,86.4544,3.07482,-14.6691,2063.08,1,-2,0,0.4
0.245,0.105,89.4227,3.2194,-14.4442,2133.53,1,-2,0,0.4
0.245,0.115,91.5716,3.35773,-14.2329,2185.89,1,-2,0,0.4
0.245,0.125,93.2423,3.49323,-14.0151,2230.88,1,-2,0,0.4
0.245,0.135,94.6416,3.62418,-13.7803,2274.38,1,-2,0,0.4
0.245,0.145,95.8127,3.74786,-13.5287,2316.88,1,-2,0,0.4
0.245,0.155,96.7225,3.8632,-13.2648,2356.51,1,-2,0,0.4
0.245,0.165,97.3411,3.97057,-12.9926,2391.52,1,-2,0,0.4
0.245,0.175,97.6683,4.07061,-12.7138,2421.08,1,-2,0,0.4
0.245,0.185,97.7276,4.16356,-12.4286,2445.07,1,-2,0,0.4
0.245,0.195,97.5537,4.24921,-12.1367,2463.73,1,-2,0,0.4
0.245,0.205,97.1848,4.32693,-11.8371,2477.31,1,-2,0,0.4
0.245,0.215,96.6589,4.39583,-11.5294,2486.05,1,-2,0,0.4
0.245,0.225,96.0125,4.45477,-11.2128,2490.08,1,-2,0,0.4
0.245,0.235,95.2813,4.50241,-10.887,2489.46,1,-2,0,0.4
0.245,0.245,94.5002,4.53731,-10.5516,2484.18,1,-2,0,0.4
0.245,0.255,93.7036,4.5579,-10.2062,2474.19,1,-2,0,0.4
0.245,0.265,92.9256,4.56256,-9.85088,2459.42,1,-2,0,0.4
0.245,0.275,92.1994,4.54965,-9.48542,2439.79,1,-2,0,0.4
0.245,0.285,91.5573,4.51757,-9.10994,2415.2,1,-2,0,0.4
0.245,0.295,91.0293,4.46483,-8.72469,2385.56,1,-2,0,0.4
0.245,0.305,90.6427,4.39013,-8.33008,2350.78,1,-2,0,0.4
0.245,0.315,90.4209,4.29243,-7.92673,2310.78,1,-2,0,0.4
0.245,0.325,90.3819,4.17104,-7.51552,2265.49,1,-2,0,0.4
0.245,0.335,90.5373,4.02568,-7.09755,2214.84,1,-2,0,0.4
0.245,0.345,90.8908,3.85651,-6.67413,2158.81,1,-2,0,0.4
0.245,0.355,91.4367,3.66415,-6.24678,2097.38,1,-2,0,0.4
0.245,0.365,92.1603,3.44961,-5.81704,2030.66,1,-2,0,0.4
0.245,0.375,93.1146,3.21444,-5.38177,1961.15,1,-2,0,0.4
0.245,0.385,94.2005,2.96381,-4.94661,1887.19,1,-2,0,0.4
0.245,0.395,95.3149,2.70134,-4.51662,1807.75,1,-2,0,0.4
0.245,0.405,96.3806,2.42948,-4.09336,1723.19,1,-2,0,0.4
0.245,0.415,97.3014,2.15085,-3.67793,1633.87,1,-2,0,0.4
0.245,0.425,97.9675,1.86797,-3.27109,1540.26,1,-2,0,0.4
0.245,0.435,98.2602,1.5832,-2.87328,1442.95,1,-2,0,0.4
0.245,0.445,98.0559,1.29864,-2.48478,1342.58,1,-2,0,0.4
0.245,0.455,97.2502,1.01612,-2.10493,1240.21,1,-2,0,0.4
0.245,0.465,95.7587,0.736673,-1.73277,1136.99,1,-2,0,0.4
0.245,0.475,93.5243,0.460771,-1.36715,1034.16,1,-2,0,0.4
0.245,0.485,90.5255,0.188131,-1.00701,932.985,1,-2,0,0.4
0.245,0.495,86.7798,-0.0827485,-0.651781,834.708,1,-2,0,0.4
0.245,0.505,82.3718,-0.358027,-0.294282,741.454,1,-2,0,0.4
0.245,0.515,77.5804,-0.670852,0.0734199,655.304,1,-2,0,0.4
0.245,0.525,71.9947,-1.03715,0.452172,576.52,1,-2,0,0.4
0.245,0.535,64.0261,-1.51262,0.841113,510.21,1,-2,0,0.4
0.245,0.545,53.249,-2.3082,1.24309,466.674,1,-2,0,0.4
0.245,0.555,42.3356,-3.91521,1.72284,457.809,1,-2,0,0.4
0.245,0.565,37.6498,-6.95257,2.42334,463.113,1,-2,0,0.4
0.245,0.575,45.2298,-10.5546,3.15718,430.425,1,-2,0,0.4
0.245,0.585,70.2957,-12.989,3.39032,361.884,1,-2,0,0.4
0.245,0.595,115.436,-14.1415,3.22992,282.462,1,-2,0,0.4
0.245,0.605,175.948,-14.6322,3.02504,207.99,1,-2,0,0.4
0.245,0.615,246.717,-14.8366,2.88714,159.503,1,-2,0,0.4
0.245,0.625,324.89,-14.9222,2.82496,138.862,1,-2,0,0.4
0.245,0.635,408.738,-14.9595,2.81308,137.279,1,-2,0,0.4
0.245,0.645,495.65,-14.977,2.82656,146.051,1,-2,0,0.4
0.245,0.655,581.931,-14.9861,2.85012,159.564,1,-2,0,0.4
0.245,0.665,663.662,-14.9913,2.87608,174.599,1,-2,0,0.4
0.245,0.675,737.552,-14.9944,2.90087,189.328,1,-2,0,0.4
0.245,0.685,801.415,-14.9964,2.92296,202.727,1,-2,0,0.4
0.245,0.695,854.297,-14.9977,2.94176,214.282,1,-2,0,0.4
0.245,0.705,896.332,-14.9986,2.95719,223.817,1,-2,0,0.4
0.245,0.715,928.465,-14.9991,2.96943,231.379,1,-2,0,0.4
0.245,0.725,952.122,-14.9995,2.97881,237.157,1,-2,0,0.4
0.245,0.735,968.915,-14.9997,2.98577,241.413,1,-2,0,0.4
0.245,0.745,980.421,-14.9998,2.99074,244.437,1,-2,0,0.4
0.245,0.755,988.036,-14.9999,2.99417,246.51,1,-2,0,0.4
0.245,0.765,992.906,-15,2.99645,247.88,1,-2,0,0.4
0.245,0.775,995.918,-15,2.99791,248.753,1,-2,0,0.4
0.245,0.785,997.721,-15,2.99881,249.29,1,-2,0,0.4
0.245,0.795,998.765,-15,2.99934,249.609,1,-2,0,0.4
0.245,0.805,999.35,-15,2.99965,249.791,1,-2,0,0.4
0.245,0.815,999.668,-15,2.99982,249.892,1,-2,0,0.4
0.245,0.825,999.835,-15,2.99991,249.946,1,-2,0,0.4
0.245,0.835,999.921,-15,2.99996,249.974,1,-2,0,0.4
0.245,0.845,999.963,-15,2.99998,249.988,1,-2,0,0.4
0.245,0.855,999.984,-15,2.99999,249.995,1,-2,0,0.4
0.245,0.865,999.993,-15,3,249.998,1,-2,0,0.4
0.245,0.875,999.997,-15,3,249.999,1,-2,0,0.4
0.245,0.885,999.999,-15,3,250,1,-2,0,0.4
0.245,0.895,1000,-15,3,250,1,-2,0,0.4
0.245,0.905,1000,-15,3,250,1,-2,0,0.4
0.245,0.915,1000,-15,3,250,1,-2,0,0.4
0.245,0.925,1000,-15,3,250,1,-2,0,0.4
0.245,0.935,1000,-15,3,250,1,-2,0,0.4
0.245,0.945,1000,-15,3,250,1,-2,0,0.4
0.245,0.955,1000,-15,3,250,1,-2,0,0.4
0.245,0.965,1000,-15,3,250,1,-2,0,0.4
0.245,0.975,1000,-15,3,250,1,-2,0,0.4
0.245,0.985,1000,-15,3,250,1,-2,0,0.4
0.245,0.995,1000,-15,3,250,1,-2,0,0.4
0.255,0.005,36.271,1.11301,-17.7977,786.535,1,-2,0,0.4
0.255,0.015,41.0455,1.43686,-17.4198,901.029,1,-2,0,0.4
0.255,0.025,46.2998,1.7505,-17.0301,1028.65,1,-2,0,0.4
0.255,0.035,51.968,2.04902,-16.6339,1167.81,1,-2,0,0.4
0.255,0.045,57.9213,2.32761,-16.2379,1315.22,1,-2,0,0.4
0.255,0.055,63.9564,2.58194,-15.8505,1465.57,1,-2,0,0.4
0.255,0.065,69.7976,2.80879,-15.4816,1611.52,1,-2,0,0.4
0.255,0.075,75.1274,3.00706,-15.1408,1744.53,1,-2,0,0.4
0.255,0.085,79.6556,3.17879,-14.8356,1856.92,1,-2,0,0.4
0.255,0.095,83.2173,3.32958,-14.5669,1944.7,1,-2,0,0.4
0.255,0.105,85.8458,3.4673,-14.3267,2009.72,1,-2,0,0.4
0.255,0.115,87.752,3.59897,-14.0998,2058.84,1,-2,0,0.4
0.255,0.125,89.198,3.72769,-13.87,2100.03,1,-2,0,0.4
0.255,0.135,90.363,3.8525,-13.6277,2138.3,1,-2,0,0.4
0.255,0.145,91.3067,3.97116,-13.3712,2174.81,1,-2,0,0.4
0.255,0.155,92.0189,4.08236,-13.1032,2208.54,1,-2,0,0.4
0.255,0.165,92.4804,4.18602,-12.8269,2238.17,1,-2,0,0.4
0.255,0.175,92.6903,4.28243,-12.5437,2262.9,1,-2,0,0.4
0.255,0.185,92.6671,4.37169,-12.254,2282.54,1,-2,0,0.4
0.255,0.195,92.4404,4.45351,-11.9575,2297.2,1,-2,0,0.4
0.255,0.205,92.0441,4.52722,-11.6535,2307.06,1,-2,0,0.4
0.255,0.215,91.5123,4.59188,-11.3413,2312.33,1,-2,0,0.4
0.255,0.225,90.8784,4.64635,-11.0204,2313.11,1,-2,0,0.4
0.255,0.235,90.1747,4.6893,-10.6903,2309.45,1,-2,0,0.4
0.255,0.245,89.4327,4.7193,-10.3507,2301.37,1,-2,0,0.4
0.255,0.255,88.683,4.73482,-10.0014,2288.81,1,-2,0,0.4
0.255,0.265,87.9555,4.7343,-9.64215,2271.73,1,-2,0,0.4
0.255,0.275,87.2789,4.71619,-9.27306,2250.05,1,-2,0,0.4
0.255,0.285,86.6804,4.679,-8.89426,2223.69,1,-2,0,0.4
0.255,0.295,86.185,4.62137,-8.50608,2192.59,1,-2,0,0.4
0.255,0.305,85.8145,4.54215,-8.10901,2156.68,1,-2,0,0.4
0.255,0.315,85.5865,4.44048,-7.7038,2115.9,1,-2,0,0.4
0.255,0.325,85.5136,4.31583,-7.29136,2070.2,1,-2,0,0.4
0.255,0.335,85.602,4.16806,-6.87287,2019.57,1,-2,0,0.4
0.255,0.345,85.8504,3.99746,-6.44966,1964,1,-2,0,0.4
0.255,0.355,86.2485,3.80471,-6.02324,1903.54,1,-2,0,0.4
0.255,0.365,86.7948,3.59079,-5.59403,1838.83,1,-2,0,0.4
0.255,0.375,87.5277,3.3581,-5.15947,1771.95,1,-2,0,0.4
0.255,0.385,88.3105,3.11191,-4.72768,1700.32,1,-2,0,0.4
0.255,0.395,89.0756,2.85474,-4.30134,1623.99,1,-2,0,0.4
0.255,0.405,89.7489,2.58899,-3.88175,1543.3,1,-2,0,0.4
0.255,0.415,90.2429,2.31713,-3.46982,1458.65,1,-2,0,0.4
0.255,0.425,90.4615,2.04149,-3.06611,1370.57,1,-2,0,0.4
0.255,0.435,90.304,1.7642,-2.67091,1279.64,1,-2,0,0.4
0.255,0.445,89.6699,1.48716,-2.28433,1186.56,1,-2,0,0.4
0.255,0.455,88.4773,1.212,-1.90578,1092.3,1,-2,0,0.4
0.255,0.465,86.6671,0.939566,-1.5343,997.945,1,-2,0,0.4
0.255,0.475,84.2098,0.670096,-1.16881,904.672,1,-2,0,0.4
0.255,0.485,81.1109,0.402976,-0.808294,813.687,1,-2,0,0.4
0.255,0.495,77.4188,0.136024,-0.45218,726.249,1,-2,0,0.4
0.255,0.505,73.301,-0.144922,-0.099278,644.116,1,-2,0,0.4
0.255,0.515,68.7826,-0.466998,0.262522,567.962,1,-2,0,0.4
0.255,0.525,63.4275,-0.841052,0.630362,499.878,1,-2,0,0.4
0.255,0.535,55.7388,-1.34461,0.996321,445.73,1,-2,0,0.4
0.255,0.545,45.644,-2.22607,1.36594,414.862,1,-2,0,0.4
0.255,0.555,36.0452,-4.08262,1.8348,414.885,1,-2,0,0.4
0.255,0.565,33.2826,-7.46415,2.55181,418.594,1,-2,0,0.4
0.255,0.575,42.7475,-11.0712,3.22225,382.967,1,-2,0,0.4
0.255,0.585,69.3636,-13.2789,3.3534,319.232,1,-2,0,0.4
0.255,0.595,114.836,-14.2726,3.16769,247.421,1,-2,0,0.4
0.255,0.605,174.797,-14.6871,2.97473,184.211,1,-2,0,0.4
0.255,0.615,245.025,-14.8584,2.85653,146.133,1,-2,0,0.4
0.255,0.625,323.163,-14.9305,2.8093,132.231,1,-2,0,0.4
0.255,0.635,407.338,-14.9626,2.80575,134.154,1,-2,0,0.4
0.255,0.645,494.651,-14.9782,2.8232,144.567,1,-2,0,0.4
0.255,0.655,581.261,-14.9866,2.84855,158.834,1,-2,0,0.4
0.255,0.665,663.227,-14.9915,2.87532,174.226,1,-2,0,0.4
0.255,0.675,737.277,-14.9945,2.9005,189.131,1,-2,0,0.4
0.255,0.685,801.247,-14.9965,2.92277,202.623,1,-2,0,0.4
0.255,0.695,854.198,-14.9978,2.94166,214.228,1,-2,0,0.4
0.255,0.705,896.276,-14.9986,2.95714,223.789,1,-2,0,0.4
0.255,0.715,928.435,-14.9991,2.9694,231.365,1,-2,0,0.4
0.255,0.725,952.106,-14.9995,2.9788,237.149,1,-2,0,0.4
0.255,0.735,968.907,-14.9997,2.98576,241.409,1,-2,0,0.4
0.255,0.745,980.417,-14.9998,2.99074,244.436,1,-2,0,0.4
0.255,0.755,988.034,-14.9999,2.99417,246.509,1,-2,0,0.4
0.255,0.765,992.905,-15,2.99645,247.88,1,-2,0,0.4
0.255,0.775,995.918,-15,2.99791,248.753,1,-2,0,0.4
0.255,0.785,997.72,-15,2.9988,249.29,1,-2,0,0.4
0.255,0.795,998.764,-15,2.99934,249.608,1,-2,0,0.4
0.255,0.805,999.35,-15,2.99965,249.791,1,-2,0,0.4
0.255,0.815,999.668,-15,2.99982,249.892,1,-2,0,0.4
0.255,0.825,999.835,-15,2.99991,249.946,1,-2,0,0.4
0.255,0.835,999.92,-15,2.99996,249.974,1,-2,0,0.4
0.255,0.845,999.963,-15,2.99998,249.988,1,-2,0,0.4
0.255,0.855,999.983,-15,2.99999,249.994,1,-2,0,0.4
0.255,0.865,999.993,-15,3,249.997,1,-2,0,0.4
0.255,0.875,999.997,-15,3,249.999,1,-2,0,0.4
0.255,0.885,999.999,-15,3,250,1,-2,0,0.4
0.255,0.895,1000,-15,3,250,1,-2,0,0.4
0.255,0.905,1000,-15,3,250,1,-2,0,0.4
0.255,0.915,1000,-15,3,250,1,-2,0,0.4
0.255,0.925,1000,-15,3,250,1,-2,0,0.4
0.255,0.935,1000,-15,3,250,1,-2,0,0.4
0.255,0.945,1000,-15,3,250,1,-2,0,0.4
0.255,0.955,1000,-15,3,250,1,-2,0,0.4
0.255,0.965,1000,-15,3,250,1,-2,0,0.4
0.255,0.975,1000,-15,3,250,1,-2,0,0.4
0.255,0.985,1000,-15,3,250,1,-2,0,0.4
0.255,0.995,1000,-15,3,250,1,-2,0,0.4
0.265,0.005,37.6444,1.53098,-17.625,796.587,1,-2,0,0.4
0.265,0.015,42.1773,1.83002,-17.2553,903.743,1,-2,0,0.4
0.265,0.025,47.0885,2.11821,-16.8758,1021.27,1,-2,0,0.4
0.265,0.035,52.3012,2.39153,-16.4911,1147.38,1,-2,0,0.4
0.265,0.045,57.6888,2.64613,-16.1073,1278.99,1,-2,0,0.4
0.265,0.055,63.069,2.87868,-15.7316,1411.48,1,-2,0,0.4
0.265,0.065,68.2114,3.08696,-15.3719,1538.91,1,-2,0,0.4
0.265,0.075,72.8654,3.27055,-15.0363,1654.72,1,-2,0,0.4
0.265,0.085,76.8134,3.43157,-14.7301,1753.25,1,-2,0,0.4
0.265,0.095,79.9374,3.5748,-14.4541,1831.65,1,-2,0,0.4
0.265,0.105,82.2662,3.70658,-14.2022,1891.21,1,-2,0,0.4
0.265,0.115,83.9576,3.83256,-13.9626,1936.83,1,-2,0,0.4
0.265,0.125,85.2146,3.95542,-13.7226,1974.44,1,-2,0,0.4
0.265,0.135,86.19,4.07473,-13.4734,2008.22,1,-2,0,0.4
0.265,0.145,86.9503,4.18864,-13.2123,2039.63,1,-2,0,0.4
0.265,0.155,87.5023,4.2958,-12.9405,2068.25,1,-2,0,0.4
0.265,0.165,87.8362,4.39577,-12.6603,2093.14,1,-2,0,0.4
0.265,0.175,87.9524,4.48856,-12.373,2113.61,1,-2,0,0.4
0.265,0.185,87.8656,4.57412,-12.0792,2129.41,1,-2,0,0.4
0.265,0.195,87.6011,4.65206,-11.7784,2140.56,1,-2,0,0.4
0.265,0.205,87.1885,4.7217,-11.4702,2147.2,1,-2,0,0.4
0.265,0.215,86.6585,4.7821,-11.1539,2149.47,1,-2,0,0.4
0.265,0.225,86.0412,4.83209,-10.8289,2147.47,1,-2,0,0.4
0.265,0.235,85.3658,4.87037,-10.4949,2141.26,1,-2,0,0.4
0.265,0.245,84.6604,4.89554,-10.1515,2130.85,1,-2,0,0.4
0.265,0.255,83.9521,4.90612,-9.79859,2116.2,1,-2,0,0.4
0.265,0.265,83.267,4.90063,-9.43599,2097.27,1,-2,0,0.4
0.265,0.275,82.6297,4.87761,-9.06381,2074.01,1,-2,0,0.4
0.265,0.285,82.063,4.83568,-8.6823,2046.37,1,-2,0,0.4
0.265,0.295,81.5872,4.77362,-8.29185,2014.28,1,-2,0,0.4
0.265,0.305,81.2193,4.69044,-7.89305,1977.71,1,-2,0,0.4
0.265,0.315,80.9724,4.58541,-7.48669,1936.62,1,-2,0,0.4
0.265,0.325,80.8544,4.45815,-7.07377,1891,1,-2,0,0.4
0.265,0.335,80.8672,4.30866,-6.65548,1840.86,1,-2,0,0.4
0.265,0.345,81.0053,4.1373,-6.23317,1786.24,1,-2,0,0.4
0.265,0.355,81.2558,3.94479,-5.8083,1727.23,1,-2,0,0.4
0.265,0.365,81.6439,3.73211,-5.37925,1665.31,1,-2,0,0.4
0.265,0.375,82.1499,3.50289,-4.94711,1600.89,1,-2,0,0.4
0.265,0.385,82.6557,3.26138,-4.51904,1532.07,1,-2,0,0.4
0.265,0.395,83.1076,3.00969,-4.09657,1459.24,1,-2,0,0.4
0.265,0.405,83.4374,2.75012,-3.68081,1382.75,1,-2,0,0.4
0.265,0.415,83.5674,2.48496,-3.27249,1303.05,1,-2,0,0.4
0.265,0.425,83.4151,2.21636,-2.87203,1220.65,1,-2,0,0.4
0.265,0.435,82.8971,1.94628,-2.4796,1136.17,1,-2,0,0.4
0.265,0.445,81.934,1.67638,-2.09519,1050.31,1,-2,0,0.4
0.265,0.455,80.4638,1.4081,-1.71829,963.961,1,-2,0,0.4
0.265,0.465,78.4486,1.14215,-1.34803,878.122,1,-2,0,0.4
0.265,0.475,75.8804,0.87855,-0.983481,793.896,1,-2,0,0.4
0.265,0.485,72.7863,0.616337,-0.623942,712.429,1,-2,0,0.4
0.265,0.495,69.2461,0.351655,-0.268914,635.03,1,-2,0,0.4
0.265,0.505,65.4823,0.0578623,0.0840148,562.994,1,-2,0,0.4
0.265,0.515,61.2763,-0.26653,0.435404,496.355,1,-2,0,0.4
0.265,0.525,56.2175,-0.650583,0.786237,438.35,1,-2,0,0.4
0.265,0.535,48.9237,-1.18571,1.12297,395.146,1,-2,0,0.4
0.265,0.545,39.4713,-2.16495,1.46104,374.868,1,-2,0,0.4
0.265,0.555,31.1126,-4.2992,1.93199,380.562,1,-2,0,0.4
0.265,0.565,30.0454,-7.98593,2.66608,381.207,1,-2,0,0.4
0.265,0.575,41.0779,-11.5255,3.26315,343.519,1,-2,0,0.4
0.265,0.585,68.8712,-13.5143,3.30871,284.031,1,-2,0,0.4
0.265,0.595,114.409,-14.3756,3.10966,219.033,1,-2,0,0.4
0.265,0.605,173.804,-14.7292,2.93139,165.578,1,-2,0,0.4
0.265,0.615,243.607,-14.8747,2.83151,135.934,1,-2,0,0.4
0.265,0.625,321.764,-14.9366,2.79688,127.221,1,-2,0,0.4
0.265,0.635,406.218,-14.9649,2.79998,131.769,1,-2,0,0.4
0.265,0.645,493.844,-14.9791,2.82052,143.406,1,-2,0,0.4
0.265,0.655,580.707,-14.987,2.84727,158.244,1,-2,0,0.4
0.265,0.665,662.859,-14.9917,2.87468,173.915,1,-2,0,0.4
0.265,0.675,737.04,-14.9946,2.90017,188.964,1,-2,0,0.4
0.265,0.685,801.1,-14.9965,2.9226,202.533,1,-2,0,0.4
0.265,0.695,854.111,-14.9978,2.94158,214.18,1,-2,0,0.4
0.265,0.705,896.228,-14.9986,2.9571,223.764,1,-2,0,0.4
0.265,0.715,928.409,-14.9991,2.96938,231.352,1,-2,0,0.4
0.265,0.725,952.092,-14.9995,2.97879,237.143,1,-2,0,0.4
0.265,0.735,968.9,-14.9997,2.98576,241.407,1,-2,0,0.4
0.265,0.745,980.414,-14.9998,2.99074,244.434,1,-2,0,0.4
0.265,0.755,988.032,-14.9999,2.99417,246.509,1,-2,0,0.4
0.265,0.765,992.904,-15,2.99645,247.879,1,-2,0,0.4
0.265,0.775,995.917,-15,2.99791,248.753,1,-2,0,0.4
0.265,0.785,997.72,-15,2.9988,249.29,1,-2,0,0.4
0.265,0.795,998.764,-15,2.99934,249.608,1,-2,0,0.4
0.265,0.805,999.349,-15,2.99965,249.791,1,-2,0,0.4
0.265,0.815,999.667,-15,2.99982,249.892,1,-2,0,0.4
0.265,0.825,999.835,-15,2.99991,249.946,1,-2,0,0.4
0.265,0.835,999.92,-15,2.99996,249.973,1,-2,0,0.4
0.265,0.845,999.963,-15,2.99998,249.987,1,-2,0,0.4
0.265,0.855,999.983,-15,2.99999,249.994,1,-2,0,0.4
0.265,0.865,999.992,-15,3,249.997,1,-2,0,0.4
0.265,0.875,999.997,-15,3,249.999,1,-2,0,0.4
0.265,0.885,999.999,-15,3,250,1,-2,0,0.4
0.265,0.895,999.999,-15,3,250,1,-2,0,0.4
0.265,0.905,1000,-15,3,250,1,-2,0,0.4
0.265,0.915,1000,-15,3,250,1,-2,0,0.4
0.265,0.925,1000,-15,3,250,1,-2,0,0.4
0.265,0.935,1000,-15,3,250,1,-2,0,0.4
0.265,0.945,1000,-15,3,250,1,-2,0,0.4
0.265,0.955,1000,-15,3,250,1,-2,0,0.4
0.265,0.965,1000,-15,3,250,1,-2,0,0.4
0.265,0.975,1000,-15,3,250,1,-2,0,0.4
0.265,0.985,1000,-15,3,250,1,-2,0,0.4
0.265,0.995,1000,-15,3,250,1,-2,0,0.4
0.275,0.005,38.5851,1.915,-17.4507,798.695,1,-2,0,0.4
0.275,0.015,42.854,2.19219,-17.0887,898.221,1,-2,0,0.4
0.275,0.025,47.4134,2.45834,-16.7184,1005.84,1,-2,0,0.4
0.275,0.035,52.1837,2.71013,-16.3441,1119.75,1,-2,0,0.4
0.275,0.045,57.0455,2.94446,-15.9709,1237.13,1,-2,0,0.4
0.275,0.055,61.8391,3.1588,-15.6051,1354.04,1,-2,0,0.4
0.275,0.065,66.3737,3.35164,-15.2533,1465.67,1,-2,0,0.4
0.275,0.075,70.4515,3.52301,-14.9219,1566.98,1,-2,0,0.4
0.275,0.085,73.9075,3.67499,-14.6152,1653.71,1,-2,0,0.4
0.275,0.095,76.6564,3.81166,-14.3336,1723.77,1,-2,0,0.4
0.275,0.105,78.7219,3.93817,-14.0724,1778.06,1,-2,0,0.4
0.275,0.115,80.224,4.0591,-13.8226,1820.11,1,-2,0,0.4
0.275,0.125,81.3209,4.17678,-13.5737,1854.35,1,-2,0,0.4
0.275,0.135,82.142,4.29107,-13.3181,1884.22,1,-2,0,0.4
0.275,0.145,82.7547,4.40047,-13.0524,1911.26,1,-2,0,0.4
0.275,0.155,83.177,4.50365,-12.777,1935.45,1,-2,0,0.4
0.275,0.165,83.4078,4.59994,-12.4932,1956.18,1,-2,0,0.4
0.275,0.175,83.4493,4.68909,-12.2022,1972.9,1,-2,0,0.4
0.275,0.185,83.3138,4.77091,-11.9045,1985.31,1,-2,0,0.4
0.275,0.195,83.0228,4.84495,-11.5998,1993.41,1,-2,0,0.4
0.275,0.205,82.602,4.91051,-11.2876,1997.25,1,-2,0,0.4
0.275,0.215,82.0787,4.96663,-10.9675,1996.96,1,-2,0,0.4
0.275,0.225,81.4801,5.01216,-10.6388,1992.63,1,-2,0,0.4
0.275,0.235,80.8322,5.04584,-10.3012,1984.29,1,-2,0,0.4
0.275,0.245,80.16,5.06629,-9.95448,1971.97,1,-2,0,0.4
0.275,0.255,79.4875,5.07212,-9.59837,1955.65,1,-2,0,0.4
0.275,0.265,78.8372,5.0619,-9.23291,1935.31,1,-2,0,0.4
0.275,0.275,78.23,5.03428,-8.85822,1910.89,1,-2,0,0.4
0.275,0.285,77.6848,4.98801,-8.4746,1882.37,1,-2,0,0.4
0.275,0.295,77.2179,4.922,-8.08253,1849.72,1,-2,0,0.4
0.275,0.305,76.8425,4.83539,-7.68266,1812.9,1,-2,0,0.4
0.275,0.315,76.5675,4.72759,-7.27584,1771.92,1,-2,0,0.4
0.275,0.325,76.3971,4.59835,-6.86311,1726.8,1,-2,0,0.4
0.275,0.335,76.3298,4.44775,-6.44566,1677.56,1,-2,0,0.4
0.275,0.345,76.3575,4.27624,-6.02485,1624.28,1,-2,0,0.4
0.275,0.355,76.4682,4.08451,-5.60185,1567.19,1,-2,0,0.4
0.275,0.365,76.7118,3.87375,-5.17311,1508.43,1,-2,0,0.4
0.275,0.375,76.9983,3.64859,-4.7446,1446.5,1,-2,0,0.4
0.275,0.385,77.2557,3.41194,-4.32048,1380.82,1,-2,0,0.4
0.275,0.395,77.433,3.16583,-3.90205,1311.75,1,-2,0,0.4
0.275,0.405,77.4686,2.91242,-3.49023,1239.67,1,-2,0,0.4
0.275,0.415,77.2949,2.65383,-3.08563,1165.03,1,-2,0,0.4
0.275,0.425,76.8427,2.39206,-2.68855,1088.35,1,-2,0,0.4
0.275,0.435,76.0445,2.12886,-2.29906,1010.24,1,-2,0,0.4
0.275,0.445,74.8392,1.86571,-1.9171,931.394,1,-2,0,0.4
0.275,0.455,73.1825,1.60386,-1.5422,852.616,1,-2,0,0.4
0.275,0.465,71.0534,1.34387,-1.1737,774.833,1,-2,0,0.4
0.275,0.475,68.4602,1.08555,-0.810905,699.054,1,-2,0,0.4
0.275,0.485,65.4461,0.827564,-0.45347,626.349,1,-2,0,0.4
0.275,0.495,62.1526,0.558502,-0.100508,558.138,1,-2,0,0.4
0.275,0.505,58.6845,0.258241,0.249618,494.877,1,-2,0,0.4
0.275,0.515,54.8459,-0.0696203,0.592194,437.296,1,-2,0,0.4
0.275,0.525,50.1264,-0.46507,0.920913,388.736,1,-2,0,0.4
0.275,0.535,43.255,-1.03509,1.2249,355.111,1,-2,0,0.4
0.275,0.545,34.3894,-2.12778,1.53603,343.299,1,-2,0,0.4
0.275,0.555,27.1997,-4.56507,2.02119,352.133,1,-2,0,0.4
0.275,0.565,27.6222,-8.50571,2.76776,349.044,1,-2,0,0.4
0.275,0.575,39.9633,-11.9229,3.28411,310.05,1,-2,0,0.4
0.275,0.585,68.632,-13.7075,3.25962,254.362,1,-2,0,0.4
0.275,0.595,114.058,-14.4576,3.05603,195.703,1,-2,0,0.4
0.275,0.605,172.926,-14.7619,2.89412,150.8,1,-2,0,0.4
0.275,0.615,242.415,-14.8871,2.81099,128.043,1,-2,0,0.4
0.275,0.625,320.626,-14.9412,2.78692,123.365,1,-2,0,0.4
0.275,0.635,405.311,-14.9667,2.79534,129.904,1,-2,0,0.4
0.275,0.645,493.178,-14.9798,2.81832,142.471,1,-2,0,0.4
0.275,0.655,580.238,-14.9873,2.84619,157.753,1,-2,0,0.4
0.275,0.665,662.539,-14.9918,2.87413,173.648,1,-2,0,0.4
0.275,0.675,736.831,-14.9947,2.89989,188.819,1,-2,0,0.4
0.275,0.685,800.971,-14.9965,2.92246,202.454,1,-2,0,0.4
0.275,0.695,854.035,-14.9978,2.9415,214.139,1,-2,0,0.4
0.275,0.705,896.185,-14.9986,2.95706,223.743,1,-2,0,0.4
0.275,0.715,928.386,-14.9991,2.96936,231.342,1,-2,0,0.4
0.275,0.725,952.081,-14.9995,2.97878,237.138,1,-2,0,0.4
0.275,0.735,968.895,-14.9997,2.98575,241.404,1,-2,0,0.4
0.275,0.745,980.411,-14.9998,2.99073,244.433,1,-2,0,0.4
0.275,0.755,988.031,-14.9999,2.99417,246.508,1,-2,0,0.4
0.275,0.765,992.904,-15,2.99645,247.879,1,-2,0,0.4
0.275,0.775,995.917,-15,2.9979,248.753,1,-2,0,0.4
0.275,0.785,997.72,-15,2.9988,249.29,1,-2,0,0.4
0.275,0.795,998.764,-15,2.99934,249.608,1,-2,0,0.4
0.275,0.805,999.349,-15,2.99965,249.791,1,-2,0,0.4
0.275,0.815,999.667,-15,2.99982,249.892,1,-2,0,0.4
0.275,0.825,999.835,-15,2.99991,249.946,1,-2,0,0.4
0.275,0.835,999.92,-15,2.99996,249.973,1,-2,0,0.4
0.275,0.845,999.963,-15,2.99998,249.987,1,-2,0,0.4
0.275,0.855,999.983,-15,2.99999,249.994,1,-2,0,0.4
0.275,0.865,999.992,-15,3,249.997,1,-2,0,0.4
0.275,0.875,999.997,-15,3,249.999,1,-2,0,0.4
0.275,0.885,999.999,-15,3,250,1,-2,0,0.4
0.275,0.895,999.999,-15,3,250,1,-2,0,0.4
0.275,0.905,1000,-15,3,250,1,-2,0,0.4
0.275,0.915,1000,-15,3,250,1,-2,0,0.4
0.275,0.925,1000,-15,3,250,1,-2,0,0.4
0.275,0.935,1000,-15,3,250,1,-2,0,0.4
0.275,0.945,1000,-15,3,250,1,-2,0,0.4
0.275,0.955,1000,-15,3,250,1,-2,0,0.4
0.275,0.965,1000,-15,3,250,1,-2,0,0.4
0.275,0.975,1000,-15,3,250,1,-2,0,0.4
0.275,0.985,1000,-15,3,250,1,-2,0,0.4
0.275,0.995,1000,-15,3,250,1,-2,0,0.4
0.285,0.005,39.1469,2.2709,-17.2766,793.988,1,-2,0,0.4
0.285,0.015,43.1399,2.52884,-16.9218,885.878,1,-2,0,0.4
0.285,0.025,47.3503,2.77581,-16.5599,984.016,1,-2,0,0.4
0.285,0.035,51.6997,3.00907,-16.1947,1086.67,1,-2,0,0.4
0.285,0.045,56.079,3.22614,-15.8307,1191.31,1,-2,0,0.4
0.285,0.055,60.3506,3.42509,-15.4734,1294.62,1,-2,0,0.4
0.285,0.065,64.3571,3.60492,-15.1282,1392.73,1,-2,0,0.4
0.285,0.075,67.9419,3.76596,-14.8004,1481.69,1,-2,0,0.4
0.285,0.085,70.9789,3.91017,-14.4933,1558.29,1,-2,0,0.4
0.285,0.095,73.4052,4.04103,-14.2073,1620.94,1,-2,0,0.4
0.285,0.105,75.2401,4.16277,-13.9387,1670.25,1,-2,0,0.4
0.285,0.115,76.5757,4.27911,-13.6803,1708.76,1,-2,0,0.4
0.285,0.125,77.5366,4.39209,-13.4237,1739.84,1,-2,0,0.4
0.285,0.135,78.2314,4.50172,-13.1622,1766.28,1,-2,0,0.4
0.285,0.145,78.7251,4.6068,-12.8922,1789.56,1,-2,0,0.4
0.285,0.155,79.0431,4.70604,-12.6133,1809.92,1,-2,0,0.4
0.285,0.165,79.191,4.79863,-12.3261,1827.02,1,-2,0,0.4
0.285,0.175,79.1731,4.88412,-12.0317,1840.43,1,-2,0,0.4
0.285,0.185,79.0005,4.96219,-11.7304,1849.89,1,-2,0,0.4
0.285,0.195,78.6914,5.03232,-11.422,1855.32,1,-2,0,0.4
0.285,0.205,78.268,5.09379,-11.1062,1856.77,1,-2,0,0.4
0.285,0.215,77.7546,5.14565,-10.7825,1854.31,1,-2,0,0.4
0.285,0.225,77.1753,5.18678,-10.4505,1848.02,1,-2,0,0.4
0.285,0.235,76.5532,5.21595,-10.1097,1837.94,1,-2,0,0.4
0.285,0.245,75.9106,5.23184,-9.76003,1824.1,1,-2,0,0.4
0.285,0.255,75.2683,5.23311,-9.40123,1806.49,1,-2,0,0.4
0.285,0.265,74.6459,5.21845,-9.03341,1785.1,1,-2,0,0.4
0.285,0.275,74.0608,5.18659,-8.65676,1759.9,1,-2,0,0.4
0.285,0.285,73.5287,5.1364,-8.27163,1730.88,1,-2,0,0.4
0.285,0.295,73.0625,5.06691,-7.87855,1698.02,1,-2,0,0.4
0.285,0.305,72.6719,4.97739,-7.47824,1661.33,1,-2,0,0.4
0.285,0.315,72.3627,4.86737,-7.07158,1620.82,1,-2,0,0.4
0.285,0.325,72.1361,4.73671,-6.65964,1576.53,1,-2,0,0.4
0.285,0.335,71.9881,4.58557,-6.2436,1528.53,1,-2,0,0.4
0.285,0.345,71.9088,4.41441,-5.82477,1476.93,1,-2,0,0.4
0.285,0.355,71.8996,4.22386,-5.40323,1422.35,1,-2,0,0.4
0.285,0.365,71.9952,4.01588,-4.97632,1366.48,1,-2,0,0.4
0.285,0.375,72.0853,3.79502,-4.55174,1307.33,1,-2,0,0.4
0.285,0.385,72.1245,3.56335,-4.13175,1245.01,1,-2,0,0.4
0.285,0.395,72.0656,3.32282,-3.71748,1179.86,1,-2,0,0.4
0.285,0.405,71.8544,3.07549,-3.3097,1112.28,1,-2,0,0.4
0.285,0.415,71.4333,2.82332,-2.9089,1042.71,1,-2,0,0.4
0.285,0.425,70.745,2.56811,-2.51532,971.659,1,-2,0,0.4
0.285,0.435,69.7364,2.31146,-2.12896,899.738,1,-2,0,0.4
0.285,0.445,68.3621,2.05466,-1.74971,827.592,1,-2,0,0.4
0.285,0.455,66.5926,1.79877,-1.37722,755.971,1,-2,0,0.4
0.285,0.465,64.4205,1.54423,-1.01103,685.712,1,-2,0,0.4
0.285,0.475,61.8665,1.29065,-0.650761,617.736,1,-2,0,0.4
0.285,0.485,58.9875,1.03604,-0.296427,553.068,1,-2,0,0.4
0.285,0.495,55.9877,0.756927,0.0534408,493.037,1,-2,0,0.4
0.285,0.505,52.7595,0.45673,0.398427,437.448,1,-2,0,0.4
0.285,0.515,49.3114,0.123681,0.730652,388.258,1,-2,0,0.4
0.285,0.525,44.9541,-0.284105,1.03461,348.403,1,-2,0,0.4
0.285,0.535,38.4664,-0.892644,1.30494,322.987,1,-2,0,0.4
0.285,0.545,30.138,-2.11841,1.59665,317.715,1,-2,0,0.4
0.285,0.555,24.0647,-4.87864,2.10627,327.855,1,-2,0,0.4
0.285,0.565,25.7951,-9.0138,2.85717,320.833,1,-2,0,0.4
0.285,0.575,39.2329,-12.2695,3.28823,281.154,1,-2,0,0.4
0.285,0.585,68.525,-13.8677,3.20837,228.925,1,-2,0,0.4
0.285,0.595,113.737,-14.5238,3.00686,176.354,1,-2,0,0.4
0.285,0.605,172.144,-14.7876,2.86217,138.99,1,-2,0,0.4
0.285,0.615,241.417,-14.8966,2.79414,121.877,1,-2,0,0.4
0.285,0.625,319.7,-14.9448,2.77889,120.349,1,-2,0,0.4
0.285,0.635,404.568,-14.968,2.79156,128.413,1,-2,0,0.4
0.285,0.645,492.617,-14.9804,2.81648,141.698,1,-2,0,0.4
0.285,0.655,579.83,-14.9875,2.84525,157.333,1,-2,0,0.4
0.285,0.665,662.255,-14.9919,2.87365,173.416,1,-2,0,0.4
0.285,0.675,736.644,-14.9947,2.89964,188.69,1,-2,0,0.4
0.285,0.685,800.855,-14.9966,2.92233,202.385,1,-2,0,0.4
0.285,0.695,853.967,-14.9978,2.94144,214.102,1,-2,0,0.4
0.285,0.705,896.148,-14.9986,2.95703,223.725,1,-2,0,0.4
0.285,0.715,928.366,-14.9991,2.96935,231.333,1,-2,0,0.4
0.285,0.725,952.071,-14.9995,2.97878,237.134,1,-2,0,0.4
0.285,0.735,968.89,-14.9997,2.98575,241.402,1,-2,0,0.4
0.285,0.745,980.409,-14.9998,2.99073,244.432,1,-2,0,0.4
0.285,0.755,988.03,-14.9999,2.99417,246.508,1,-2,0,0.4
0.285,0.765,992.903,-15,2.99645,247.879,1,-2,0,0.4
0.285,0.775,995.917,-15,2.9979,248.753,1,-2,0,0.4
0.285,0.785,997.72,-15,2.9988,249.29,1,-2,0,0.4
0.285,0.795,998.764,-15,2.99934,249.608,1,-2,0,0.4
0.285,0.805,999.349,-15,2.99965,249.791,1,-2,0,0.4
0.285,0.815,999.667,-15,2.99982,249.892,1,-2,0,0.4
0.285,0.825,999.835,-15,2.99991,249.946,1,-2,0,0.4
0.285,0.835,999.92,-15,2.99996,249.973,1,-2,0,0.4
0.285,0.845,999.963,-15,2.99998,249.987,1,-2,0,0.4
0.285,0.855,999.983,-15,2.99999,249.994,1,-2,0,0.4
0.285,0.865,999.992,-15,3,249.997,1,-2,0,0.4
0.285,0.875,999.997,-15,3,249.999,1,-2,0,0.4
0.285,0.885,999.999,-15,3,250,1,-2,0,0.4
0.285,0.895,999.999,-15,3,250,1,-2,0,0.4
0.285,0.905,1000,-15,3,250,1,-2,0,0.4
0.285,0.915,1000,-15,3,250,1,-2,0,0.4
0.285,0.925,1000,-15,3,250,1,-2,0,0.4
0.285,0.935,1000,-15,3,250,1,-2,0,0.4
0.285,0.945,1000,-15,3,250,1,-2,0,0.4
0.285,0.955,1000,-15,3,250,1,-2,0,0.4
0.285,0.965,1000,-15,3,250,1,-2,0,0.4
0.285,0.975,1000,-15,3,250,1,-2,0,0.4
0.285,0.985,1000,-15,3,250,1,-2,0,0.4
0.285,0.995,1000,-15,3,250,1,-2,0,0.4
0.295,0.005,39.3796,2.60326,-17.1038,783.552,1,-2,0,0.4
0.295,0.015,43.0941,2.84419,-16.7556,867.997,1,-2,0,0.4
0.295,0.025,46.9662,3.0744,-16.4013,957.205,1,-2,0,0.4
0.295,0.035,50.9214,3.29161,-16.0441,1049.56,1,-2,0,0.4
0.295,0.045,54.8624,3.49385,-15.6883,1142.85,1,-2,0,0.4
0.295,0.055,58.6712,3.67965,-15.3382,1234.3,1,-2,0,0.4
0.295,0.065,62.2186,3.84838,-14.9986,1320.76,1,-2,0,0.4
0.295,0.075,65.3802,4.00055,-14.6738,1399.14,1,-2,0,0.4
0.295,0.085,68.0586,4.13797,-14.3665,1466.97,1,-2,0,0.4
0.295,0.095,70.2065,4.26359,-14.0769,1523.01,1,-2,0,0.4
0.295,0.105,71.8398,4.38091,-13.8021,1567.67,1,-2,0,0.4
0.295,0.115,73.0294,4.49302,-13.5365,1602.8,1,-2,0,0.4
0.295,0.125,73.8743,4.60163,-13.2731,1630.93,1,-2,0,0.4
0.295,0.135,74.4653,4.70687,-13.0061,1654.33,1,-2,0,0.4
0.295,0.145,74.8633,4.80776,-12.732,1674.35,1,-2,0,0.4
0.295,0.155,75.0976,4.9031,-12.4497,1691.41,1,-2,0,0.4
0.295,0.165,75.1791,4.99198,-12.1594,1705.35,1,-2,0,0.4
0.295,0.175,75.1144,5.07379,-11.8618,1715.87,1,-2,0,0.4
0.295,0.185,74.9137,5.14809,-11.5571,1722.75,1,-2,0,0.4
0.295,0.195,74.5927,5.21432,-11.2454,1725.88,1,-2,0,0.4
0.295,0.205,74.1706,5.27172,-10.9263,1725.27,1,-2,0,0.4
0.295,0.215,73.6687,5.31937,-10.5995,1720.99,1,-2,0,0.4
0.295,0.225,73.1083,5.35619,-10.2644,1713.09,1,-2,0,0.4
0.295,0.235,72.5099,5.38098,-9.92087,1701.61,1,-2,0,0.4
0.295,0.245,71.893,5.39249,-9.56862,1686.59,1,-2,0,0.4
0.295,0.255,71.276,5.38945,-9.20761,1668.03,1,-2,0,0.4
0.295,0.265,70.6753,5.37064,-8.83794,1645.92,1,-2,0,0.4
0.295,0.275,70.1059,5.3349,-8.45986,1620.27,1,-2,0,0.4
0.295,0.285,69.5802,5.2812,-8.07377,1591.07,1,-2,0,0.4
0.295,0.295,69.1085,5.2087,-7.68027,1558.34,1,-2,0,0.4
0.295,0.305,68.6976,5.11677,-7.28009,1522.07,1,-2,0,0.4
0.295,0.315,68.3508,5.00506,-6.87415,1482.33,1,-2,0,0.4
0.295,0.325,68.067,4.8735,-6.46351,1439.17,1,-2,0,0.4
0.295,0.335,67.8406,4.7223,-6.04937,1392.68,1,-2,0,0.4
0.295,0.345,67.6608,4.55192,-5.63296,1343,1,-2,0,0.4
0.295,0.355,67.5505,4.36298,-5.21257,1291.34,1,-2,0,0.4
0.295,0.365,67.5011,4.15842,-4.78874,1238.18,1,-2,0,0.4
0.295,0.375,67.4188,3.94197,-4.36828,1182,1,-2,0,0.4
0.295,0.385,67.2698,3.71533,-3.95256,1123.17,1,-2,0,0.4
0.295,0.395,67.0119,3.48038,-3.54253,1062.02,1,-2,0,0.4
0.295,0.405,66.5981,3.23901,-3.13886,998.923,1,-2,0,0.4
0.295,0.415,65.9802,2.99304,-2.74196,934.333,1,-2,0,0.4
0.295,0.425,65.112,2.74412,-2.35199,868.752,1,-2,0,0.4
0.295,0.435,63.9524,2.49367,-1.96895,802.749,1,-2,0,0.4
0.295,0.445,62.4695,2.24284,-1.59271,736.937,1,-2,0,0.4
0.295,0.455,60.646,1.99248,-1.22307,672.005,1,-2,0,0.4
0.295,0.465,58.4852,1.7429,-0.859792,608.707,1,-2,0,0.4
0.295,0.475,56.017,1.49348,-0.502896,547.881,1,-2,0,0.4
0.295,0.485,53.3299,1.23784,-0.152472,490.558,1,-2,0,0.4
0.295,0.495,50.5842,0.952182,0.192731,437.603,1,-2,0,0.4
0.295,0.505,47.6194,0.652446,0.529531,389.069,1,-2,0,0.4
0.295,0.515,44.5633,0.313237,0.846454,347.406,1,-2,0,0.4
0.295,0.525,40.5305,-0.10758,1.12548,315.184,1,-2,0,0.4
0.295,0.535,34.3579,-0.759277,1.3641,296.71,1,-2,0,0.4
0.295,0.545,26.5305,-2.14142,1.64664,296.398,1,-2,0,0.4
0.295,0.555,21.5319,-5.23721,2.18951,306.533,1,-2,0,0.4
0.295,0.565,24.4098,-9.50326,2.93392,295.651,1,-2,0,0.4
0.295,0.575,38.7684,-12.5718,3.27789,255.824,1,-2,0,0.4
0.295,0.585,68.4715,-14.0016,3.15653,206.835,1,-2,0,0.4
0.295,0.595,113.422,-14.5776,2.96214,160.239,1,-2,0,0.4
0.295,0.605,171.453,-14.8079,2.83495,129.519,1,-2,0,0.4
0.295,0.615,240.59,-14.9041,2.78032,117.022,1,-2,0,0.4
0.295,0.625,318.945,-14.9475,2.77234,117.956,1,-2,0,0.4
0.295,0.635,403.951,-14.9691,2.78842,127.195,1,-2,0,0.4
0.295,0.645,492.135,-14.9809,2.81491,141.042,1,-2,0,0.4
0.295,0.655,579.469,-14.9878,2.84444,156.967,1,-2,0,0.4
0.295,0.665,662,-14.992,2.87322,173.209,1,-2,0,0.4
0.295,0.675,736.475,-14.9948,2.89941,188.575,1,-2,0,0.4
0.295,0.685,800.751,-14.9966,2.92221,202.323,1,-2,0,0.4
0.295,0.695,853.907,-14.9978,2.94138,214.07,1,-2,0,0.4
0.295,0.705,896.115,-14.9986,2.957,223.708,1,-2,0,0.4
0.295,0.715,928.35,-14.9992,2.96933,231.325,1,-2,0,0.4
0.295,0.725,952.063,-14.9995,2.97877,237.13,1,-2,0,0.4
0.295,0.735,968.886,-14.9997,2.98575,241.401,1,-2,0,0.4
0.295,0.745,980.407,-14.9998,2.99073,244.432,1,-2,0,0.4
0.295,0.755,988.029,-14.9999,2.99417,246.508,1,-2,0,0.4
0.295,0.765,992.903,-15,2.99645,247.879,1,-2,0,0.4
0.295,0.775,995.917,-15,2.9979,248.753,1,-2,0,0.4
0.295,0.785,997.72,-15,2.9988,249.29,1,-2,0,0.4
0.295,0.795,998.764,-15,2.99934,249.608,1,-2,0,0.4
0.295,0.805,999.349,-15,2.99965,249.791,1,-2,0,0.4
0.295,0.815,999.667,-15,2.99982,249.892,1,-2,0,0.4
0.295,0.825,999.835,-15,2.99991,249.946,1,-2,0,0.4
0.295,0.835,999.92,-15,2.99996,249.973,1,-2,0,0.4
0.295,0.845,999.963,-15,2.99998,249.987,1,-2,0,0.4
0.295,0.855,999.983,-15,2.99999,249.994,1,-2,0,0.4
0.295,0.865,999.992,-15,3,249.997,1,-2,0,0.4
0.295,0.875,999.997,-15,3,249.999,1,-2,0,0.4
0.295,0.885,999.999,-15,3,250,1,-2,0,0.4
0.295,0.895,999.999,-15,3,250,1,-2,0,0.4
0.295,0.905,1000,-15,3,250,1,-2,0,0.4
0.295,0.915,1000,-15,3,250,1,-2,0,0.4
0.295,0.925,1000,-15,3,250,1,-2,0,0.4
0.295,0.935,1000,-15,3,250,1,-2,0,0.4
0.295,0.945,1000,-15,3,250,1,-2,0,0.4
0.295,0.955,1000,-15,3,250,1,-2,0,0.4
0.295,0.965,1000,-15,3,250,1,-2,0,0.4
0.295,0.975,1000,-15,3,250,1,-2,0,0.4
0.295,0.985,1000,-15,3,250,1,-2,0,0.4
0.295,0.995,1000,-15,3,250,1,-2,0,0.4
0.305,0.005,39.3298,2.91572,-16.9329,768.396,1,-2,0,0.4
0.305,0.015,42.7703,3.14156,-16.5909,845.714,1,-2,0,0.4
0.305,0.025,46.32,3.35704,-16.2433,926.613,1,-2,0,0.4
0.305,0.035,49.9104,3.56026,-15.8933,1009.62,1,-2,0,0.4
0.305,0.045,53.4554,3.74965,-15.5445,1092.82,1,-2,0,0.4
0.305,0.055,56.855,3.9241,-15.2007,1173.88,1,-2,0,0.4
0.305,0.065,60.003,4.08324,-14.8659,1250.27,1,-2,0,0.4
0.305,0.075,62.7999,4.22768,-14.5436,1319.52,1,-2,0,0.4
0.305,0.085,65.17,4.35905,-14.2361,1379.71,1,-2,0,0.4
0.305,0.095,67.0772,4.47987,-13.9435,1429.87,1,-2,0,0.4
0.305,0.105,68.534,4.59306,-13.6636,1470.23,1,-2,0,0.4
0.305,0.115,69.5958,4.70116,-13.3917,1502.14,1,-2,0,0.4
0.305,0.125,70.3414,4.80566,-13.1224,1527.53,1,-2,0,0.4
0.305,0.135,70.8469,4.90671,-12.8504,1548.23,1,-2,0,0.4
0.305,0.145,71.1678,5.00353,-12.5723,1565.43,1,-2,0,0.4
0.305,0.155,71.3353,5.09499,-12.2867,1579.64,1,-2,0,0.4
0.305,0.165,71.3639,5.18014,-11.9934,1590.85,1,-2,0,0.4
0.305,0.175,71.2625,5.25826,-11.6928,1598.86,1,-2,0,0.4
0.305,0.185,71.0408,5.32879,-11.3851,1603.49,1,-2,0,0.4
0.305,0.195,70.7125,5.39113,-11.0704,1604.64,1,-2,0,0.4
0.305,0.205,70.2943,5.44451,-10.7484,1602.31,1,-2,0,0.4
0.305,0.215,69.8045,5.48803,-10.4187,1596.51,1,-2,0,0.4
0.305,0.225,69.262,5.52065,-10.081,1587.3,1,-2,0,0.4
0.305,0.235,68.6849,5.54122,-9.73501,1574.74,1,-2,0,0.4
0.305,0.245,68.0903,5.54856,-9.38066,1558.83,1,-2,0,0.4
0.305,0.255,67.494,5.54148,-9.0179,1539.61,1,-2,0,0.4
0.305,0.265,66.9101,5.51884,-8.64687,1517.09,1,-2,0,0.4
0.305,0.275,66.351,5.47958,-8.26788,1491.28,1,-2,0,0.4
0.305,0.285,65.8268,5.42278,-7.88136,1462.18,1,-2,0,0.4
0.305,0.295,65.3453,5.34771,-7.48795,1429.83,1,-2,0,0.4
0.305,0.305,64.9111,5.25384,-7.08842,1394.26,1,-2,0,0.4
0.305,0.315,64.5256,5.1409,-6.68369,1355.53,1,-2,0,0.4
0.305,0.325,64.1861,5.0089,-6.27482,1313.73,1,-2,0,0.4
0.305,0.335,63.8858,4.85806,-5.86298,1268.97,1,-2,0,0.4
0.305,0.345,63.6151,4.68885,-5.44923,1221.43,1,-2,0,0.4
0.305,0.355,63.4184,4.50197,-5.02997,1172.86,1,-2,0,0.4
0.305,0.365,63.2334,4.30124,-4.61014,1122.31,1,-2,0,0.4
0.305,0.375,63.0023,4.08927,-4.19396,1069.22,1,-2,0,0.4
0.305,0.385,62.6942,3.86768,-3.78259,1013.92,1,-2,0,0.4
0.305,0.395,62.272,3.63822,-3.37687,956.746,1,-2,0,0.4
0.305,0.405,61.6958,3.40267,-2.97737,898.066,1,-2,0,0.4
0.305,0.415,60.9259,3.16269,-2.58444,838.311,1,-2,0,0.4
0.305,0.425,59.9257,2.91979,-2.19822,777.965,1,-2,0,0.4
0.305,0.435,58.6647,2.67522,-1.81869,717.562,1,-2,0,0.4
0.305,0.445,57.1218,2.42999,-1.44579,657.678,1,-2,0,0.4
0.305,0.455,55.2898,2.18478,-1.07945,598.94,1,-2,0,0.4
0.305,0.465,53.1803,1.93974,-0.719734,542.031,1,-2,0,0.4
0.305,0.475,50.83,1.69396,-0.367095,487.712,1,-2,0,0.4
0.305,0.485,48.3739,1.4326,-0.0213818,437.056,1,-2,0,0.4
0.305,0.495,45.8327,1.14591,0.317268,390.231,1,-2,0,0.4
0.305,0.505,43.1617,0.845205,0.642584,348.197,1,-2,0,0.4
0.305,0.515,40.4668,0.499412,0.940657,313.165,1,-2,0,0.4
0.305,0.525,36.7,0.0645532,1.19395,287.474,1,-2,0,0.4
0.305,0.535,30.7792,-0.636802,1.40471,274.751,1,-2,0,0.4
0.305,0.545,23.4369,-2.20218,1.68972,278.166,1,-2,0,0.4
0.305,0.555,19.472,-5.63701,2.27243,287.319,1,-2,0,0.4
0.305,0.565,23.3552,-9.96939,2.99728,272.822,1,-2,0,0.4
0.305,0.575,38.4785,-12.836,3.25564,233.28,1,-2,0,0.4
0.305,0.585,68.4296,-14.1142,3.10502,187.574,1,-2,0,0.4
0.305,0.595,113.111,-14.6213,2.92191,146.821,1,-2,0,0.4
0.305,0.605,170.854,-14.824,2.81193,121.92,1,-2,0,0.4
0.305,0.615,239.915,-14.9099,2.769,113.175,1,-2,0,0.4
0.305,0.625,318.331,-14.9497,2.76695,116.029,1,-2,0,0.4
0.305,0.635,403.431,-14.97,2.78576,126.177,1,-2,0,0.4
0.305,0.645,491.711,-14.9813,2.81353,140.474,1,-2,0,0.4
0.305,0.655,579.143,-14.9879,2.8437,156.641,1,-2,0,0.4
0.305,0.665,661.767,-14.9921,2.87283,173.023,1,-2,0,0.4
0.305,0.675,736.322,-14.9948,2.89921,188.472,1,-2,0,0.4
0.305,0.685,800.656,-14.9966,2.92211,202.268,1,-2,0,0.4
0.305,0.695,853.853,-14.9978,2.94133,214.042,1,-2,0,0.4
0.305,0.705,896.086,-14.9986,2.95697,223.694,1,-2,0,0.4
0.305,0.715,928.335,-14.9992,2.96932,231.318,1,-2,0,0.4
0.305,0.725,952.056,-14.9995,2.97876,237.127,1,-2,0,0.4
0.305,0.735,968.883,-14.9997,2.98575,241.399,1,-2,0,0.4
0.305,0.745,980.406,-14.9998,2.99073,244.431,1,-2,0,0.4
0.305,0.755,988.029,-14.9999,2.99416,246.507,1,-2,0,0.4
0.305,0.765,992.903,-15,2.99645,247.879,1,-2,0,0.4
0.305,0.775,995.917,-15,2.9979,248.753,1,-2,0,0.4
0.305,0.785,997.72,-15,2.9988,249.29,1,-2,0,0.4
0.305,0.795,998.764,-15,2.99934,249.608,1,-2,0,0.4
0.305,0.805,999.349,-15,2.99965,249.791,1,-2,0,0.4
0.305,0.815,999.667,-15,2.99982,249.892,1,-2,0,0.4
0.305,0.825,999.835,-15,2.99991,249.946,1,-2,0,0.4
0.305,0.835,999.92,-15,2.99996,249.973,1,-2,0,0.4
0.305,0.845,999.963,-15,2.99998,249.987,1,-2,0,0.4
0.305,0.855,999.983,-15,2.99999,249.994,1,-2,0,0.4
0.305,0.865,999.992,-15,3,249.997,1,-2,0,0.4
0.305,0.875,999.997,-15,3,249.999,1,-2,0,0.4
0.305,0.885,999.999,-15,3,250,1,-2,0,0.4
0.305,0.895,999.999,-15,3,250,1,-2,0,0.4
0.305,0.905,1000,-15,3,250,1,-2,0,0.4
0.305,0.915,1000,-15,3,250,1,-2,0,0.4
0.305,0.925,1000,-15,3,250,1,-2,0,0.4
0.305,0.935,1000,-15,3,250,1,-2,0,0.4
0.305,0.945,1000,-15,3,250,1,-2,0,0.4
0.305,0.955,1000,-15,3,250,1,-2,0,0.4
0.305,0.965,1000,-15,3,250,1,-2,0,0.4
0.305,0.975,1000,-15,3,250,1,-2,0,0.4
0.305,0.985,1000,-15,3,250,1,-2,0,0.4
0.305,0.995,1000,-15,3,250,1,-2,0,0.4
0.315,0.005,39.0404,3.21119,-16.7643,749.427,1,-2,0,0.4
0.315,0.015,42.2161,3.42359,-16.4278,820.015,1,-2,0,0.4
0.315,0.025,45.4629,3.62605,-16.0864,893.247,1,-2,0,0.4
0.315,0.035,48.7184,3.817,-15.7428,967.808,1,-2,0,0.4
0.315,0.045,51.9076,3.99515,-15.4001,1042.04,1,-2,0,0.4
0.315,0.055,54.9457,4.1597,-15.0617,1114,1,-2,0,0.4
0.315,0.065,57.7455,4.31046,-14.731,1181.63,1,-2,0,0.4
0.315,0.075,60.2272,4.44806,-14.4109,1242.96,1,-2,0,0.4
0.315,0.085,62.3311,4.57396,-14.1031,1296.47,1,-2,0,0.4
0.315,0.095,64.0293,4.69032,-13.808,1341.36,1,-2,0,0.4
0.315,0.105,65.3316,4.79958,-13.5237,1377.78,1,-2,0,0.4
0.315,0.115,66.2814,4.90386,-13.2466,1406.68,1,-2,0,0.4
0.315,0.125,66.9417,5.00441,-12.9719,1429.55,1,-2,0,0.4
0.315,0.135,67.3764,5.10144,-12.6952,1447.83,1,-2,0,0.4
0.315,0.145,67.6352,5.19427,-12.4133,1462.58,1,-2,0,0.4
0.315,0.155,67.7496,5.28187,-12.1245,1474.33,1,-2,0,0.4
0.315,0.165,67.7365,5.36328,-11.8284,1483.18,1,-2,0,0.4
0.315,0.175,67.6065,5.43771,-11.5251,1489.03,1,-2,0,0.4
0.315,0.185,67.3692,5.5045,-11.2148,1491.73,1,-2,0,0.4
0.315,0.195,67.0369,5.56299,-10.8973,1491.2,1,-2,0,0.4
0.315,0.205,66.6236,5.61246,-10.5726,1487.39,1,-2,0,0.4
0.315,0.215,66.1434,5.65218,-10.2404,1480.27,1,-2,0,0.4
0.315,0.225,65.6138,5.68106,-9.90043,1469.92,1,-2,0,0.4
0.315,0.235,65.0523,5.69789,-9.5525,1456.43,1,-2,0,0.4
0.315,0.245,64.4746,5.70148,-9.1965,1439.84,1,-2,0,0.4
0.315,0.255,63.8949,5.69066,-8.83247,1420.22,1,-2,0,0.4
0.315,0.265,63.3252,5.66438,-8.46057,1397.59,1,-2,0,0.4
0.315,0.275,62.7755,5.62169,-8.08114,1371.95,1,-2,0,0.4
0.315,0.285,62.2532,5.56186,-7.69466,1343.31,1,-2,0,0.4
0.315,0.295,61.7627,5.48434,-7.3018,1311.67,1,-2,0,0.4
0.315,0.305,61.305,5.38888,-6.90337,1277.04,1,-2,0,0.4
0.315,0.315,60.8815,5.27515,-6.50028,1239.53,1,-2,0,0.4
0.315,0.325,60.4894,5.1431,-6.09358,1199.27,1,-2,0,0.4
0.315,0.335,60.1215,4.99299,-5.68437,1156.38,1,-2,0,0.4
0.315,0.345,59.7767,4.82522,-5.27293,1111.3,1,-2,0,0.4
0.315,0.355,59.495,4.64097,-4.85591,1065.58,1,-2,0,0.4
0.315,0.365,59.1928,4.44422,-4.44027,1017.73,1,-2,0,0.4
0.315,0.375,58.8357,4.23678,-4.02846,967.767,1,-2,0,0.4
0.315,0.385,58.3958,4.02021,-3.6215,915.987,1,-2,0,0.4
0.315,0.395,57.8409,3.79616,-3.22013,862.716,1,-2,0,0.4
0.315,0.405,57.1379,3.56626,-2.82485,808.314,1,-2,0,0.4
0.315,0.415,56.2546,3.33206,-2.43597,753.192,1,-2,0,0.4
0.315,0.425,55.1627,3.09491,-2.05361,697.806,1,-2,0,0.4
0.315,0.435,53.8406,2.85593,-1.6778,642.655,1,-2,0,0.4
0.315,0.445,52.2759,2.61598,-1.30854,588.272,1,-2,0,0.4
0.315,0.455,50.4693,2.37558,-0.94594,535.226,1,-2,0,0.4
0.315,0.465,48.4385,2.13473,-0.590376,484.139,1,-2,0,0.4
0.315,0.475,46.2283,1.89162,-0.242682,435.715,1,-2,0,0.4
0.315,0.485,44.0033,1.62233,0.0974384,390.947,1,-2,0,0.4
0.315,0.495,41.657,1.33786,0.427796,349.674,1,-2,0,0.4
0.315,0.505,39.2833,1.03514,0.739133,313.5,1,-2,0,0.4
0.315,0.515,36.8975,0.68277,1.01611,284.273,1,-2,0,0.4
0.315,0.525,33.3573,0.232545,1.24219,264.143,1,-2,0,0.4
0.315,0.535,27.6117,-0.527423,1.43119,256.064,1,-2,0,0.4
0.315,0.545,20.7665,-2.30583,1.73011,262.272,1,-2,0,0.4
0.315,0.555,17.7899,-6.07265,2.35584,269.639,1,-2,0,0.4
0.315,0.565,22.5498,-10.409,3.04635,251.864,1,-2,0,0.4
0.315,0.575,38.2984,-13.0668,3.22363,213.006,1,-2,0,0.4
0.315,0.585,68.3761,-14.2091,3.05472,170.79,1,-2,0,0.4
0.315,0.595,112.808,-14.657,2.88617,135.693,1,-2,0,0.4
0.315,0.605,170.349,-14.8368,2.79266,115.831,1,-2,0,0.4
0.315,0.615,239.373,-14.9145,2.75971,110.107,1,-2,0,0.4
0.315,0.625,317.828,-14.9515,2.76246,114.45,1,-2,0,0.4
0.315,0.635,402.982,-14.9708,2.78346,125.309,1,-2,0,0.4
0.315,0.645,491.33,-14.9816,2.8123,139.971,1,-2,0,0.4
0.315,0.655,578.843,-14.9881,2.84304,156.347,1,-2,0,0.4
0.315,0.665,661.552,-14.9922,2.87248,172.854,1,-2,0,0.4
0.315,0.675,736.181,-14.9949,2.89903,188.379,1,-2,0,0.4
0.315,0.685,800.571,-14.9966,2.92202,202.218,1,-2,0,0.4
0.315,0.695,853.805,-14.9978,2.94129,214.016,1,-2,0,0.4
0.315,0.705,896.061,-14.9986,2.95695,223.682,1,-2,0,0.4
0.315,0.715,928.322,-14.9992,2.96931,231.313,1,-2,0,0.4
0.315,0.725,952.05,-14.9995,2.97876,237.125,1,-2,0,0.4
0.315,0.735,968.88,-14.9997,2.98574,241.398,1,-2,0,0.4
0.315,0.745,980.405,-14.9998,2.99073,244.431,1,-2,0,0.4
0.315,0.755,988.028,-14.9999,2.99416,246.507,1,-2,0,0.4
0.315,0.765,992.903,-15,2.99645,247.879,1,-2,0,0.4
0.315,0.775,995.917,-15,2.9979,248.753,1,-2,0,0.4
0.315,0.785,997.72,-15,2.9988,249.29,1,-2,0,0.4
0.315,0.795,998.764,-15,2.99934,249.608,1,-2,0,0.4
0.315,0.805,999.349,-15,2.99965,249.791,1,-2,0,0.4
0.315,0.815,999.667,-15,2.99982,249.892,1,-2,0,0.4
0.315,0.825,999.835,-15,2.99991,249.946,1,-2,0,0.4
0.315,0.835,999.92,-15,2.99996,249.973,1,-2,0,0.4
0.315,0.845,999.963,-15,2.99998,249.987,1,-2,0,0.4
0.315,0.855,999.983,-15,2.99999,249.994,1,-2,0,0.4
0.315,0.865,999.992,-15,3,249.997,1,-2,0,0.4
0.315,0.875,999.997,-15,3,249.999,1,-2,0,0.4
0.315,0.885,999.999,-15,3,250,1,-2,0,0.4
0.315,0.895,999.999,-15,3,250,1,-2,0,0.4
0.315,0.905,1000,-15,3,250,1,-2,0,0.4
0.315,0.915,1000,-15,3,250,1,-2,0,0.4
0.315,0.925,1000,-15,3,250,1,-2,0,0.4
0.315,0.935,1000,-15,3,250,1,-2,0,0.4
0.315,0.945,1000,-15,3,250,1,-2,0,0.4
0.315,0.955,1000,-15,3,250,1,-2,0,0.4
0.315,0.965,1000,-15,3,250,1,-2,0,0.4
0.315,0.975,1000,-15,3,250,1,-2,0,0.4
0.315,0.985,1000,-15,3,250,1,-2,0,0.4
0.315,0.995,1000,-15,3,250,1,-2,0,0.4
0.325,0.005,38.5504,3.49202,-16.5981,727.45,1,-2,0,0.4
0.325,0.015,41.4739,3.69241,-16.2668,791.744,1,-2,0,0.4
0.325,0.025,44.4386,3.8833,-15.9309,857.948,1,-2,0,0.4
0.325,0.035,47.3887,4.06339,-15.593,924.896,1,-2,0,0.4
0.325,0.045,50.259,4.23164,-15.2557,991.163,1,-2,0,0.4
0.325,0.055,52.9779,4.38746,-14.922,1055.13,1,-2,0,0.4
0.325,0.065,55.4736,4.53079,-14.5948,1115.12,1,-2,0,0.4
0.325,0.075,57.6818,4.66225,-14.2764,1169.54,1,-2,0,0.4
0.325,0.085,59.555,4.78314,-13.9685,1217.17,1,-2,0,0.4
0.325,0.095,61.0712,4.89531,-13.6713,1257.37,1,-2,0,0.4
0.325,0.105,62.2379,5.0008,-13.3832,1290.16,1,-2,0,0.4
0.325,0.115,63.0894,5.10138,-13.1014,1316.28,1,-2,0,0.4
0.325,0.125,63.6763,5.19813,-12.8219,1336.81,1,-2,0,0.4
0.325,0.135,64.0519,5.29126,-12.5409,1352.94,1,-2,0,0.4
0.325,0.145,64.2603,5.3802,-12.2554,1365.55,1,-2,0,0.4
0.325,0.155,64.3315,5.46405,-11.9636,1375.16,1,-2,0,0.4
0.325,0.165,64.2801,5.5422,-11.6647,1381.82,1,-2,0,0.4
0.325,0.175,64.1146,5.6141,-11.3587,1385.41,1,-2,0,0.4
0.325,0.185,63.8485,5.67873,-11.0457,1385.93,1,-2,0,0.4
0.325,0.195,63.4955,5.73515,-10.7259,1383.39,1,-2,0,0.4
0.325,0.205,63.0708,5.78239,-10.399,1377.84,1,-2,0,0.4
0.325,0.215,62.5918,5.81923,-10.0648,1369.41,1,-2,0,0.4
0.325,0.225,62.0727,5.84474,-9.72313,1358.12,1,-2,0,0.4
0.325,0.235,61.5267,5.85792,-9.37378,1344.01,1,-2,0,0.4
0.325,0.245,60.9663,5.85777,-9.01668,1327.09,1,-2,0,0.4
0.325,0.255,60.4028,5.84329,-8.65191,1307.39,1,-2,0,0.4
0.325,0.265,59.8463,5.81351,-8.27968,1284.93,1,-2,0,0.4
0.325,0.275,59.305,5.76758,-7.90036,1259.74,1,-2,0,0.4
0.325,0.285,58.7856,5.70474,-7.51444,1231.88,1,-2,0,0.4
0.325,0.295,58.2925,5.62442,-7.12259,1201.39,1,-2,0,0.4
0.325,0.305,57.8281,5.52621,-6.72555,1168.35,1,-2,0,0.4
0.325,0.315,57.3876,5.41031,-6.32428,1132.76,1,-2,0,0.4
0.325,0.325,56.9634,5.27713,-5.91984,1094.62,1,-2,0,0.4
0.325,0.335,56.5443,5.12721,-5.51344,1053.97,1,-2,0,0.4
0.325,0.345,56.1411,4.96112,-5.10404,1011.55,1,-2,0,0.4
0.325,0.355,55.7787,4.77998,-4.69017,968.466,1,-2,0,0.4
0.325,0.365,55.3775,4.58726,-4.27884,923.371,1,-2,0,0.4
0.325,0.375,54.9157,4.38436,-3.87148,876.515,1,-2,0,0.4
0.325,0.385,54.3688,4.17276,-3.46896,828.189,1,-2,0,0.4
0.325,0.395,53.7096,3.954,-3.07196,778.703,1,-2,0,0.4
0.325,0.405,52.9106,3.72961,-2.68093,728.404,1,-2,0,0.4
0.325,0.415,51.9466,3.50097,-2.29615,677.679,1,-2,0,0.4
0.325,0.425,50.7962,3.26932,-1.91777,626.954,1,-2,0,0.4
0.325,0.435,49.445,3.03566,-1.54584,576.691,1,-2,0,0.4
0.325,0.445,47.8876,2.80069,-1.18048,527.378,1,-2,0,0.4
0.325,0.455,46.1308,2.56481,-0.821988,479.536,1,-2,0,0.4
0.325,0.465,44.1972,2.32779,-0.471069,433.73,1,-2,0,0.4
0.325,0.475,42.1535,2.08379,-0.12873,390.666,1,-2,0,0.4
0.325,0.485,40.1173,1.81078,0.204916,351.003,1,-2,0,0.4
0.325,0.495,37.9807,1.5277,0.525456,314.834,1,-2,0,0.4
0.325,0.505,35.8948,1.22215,0.821164,283.906,1,-2,0,0.4
0.325,0.515,33.7566,0.863571,1.07581,259.75,1,-2,0,0.4
0.325,0.525,30.387,0.396689,1.27489,244.311,1,-2,0,0.4
0.325,0.535,24.7615,-0.4336,1.44829,239.941,1,-2,0,0.4
0.325,0.545,18.4527,-2.45744,1.77162,248.179,1,-2,0,0.4
0.325,0.555,16.4114,-6.53801,2.4392,253.04,1,-2,0,0.4
0.325,0.565,21.9321,-10.82,3.08019,232.425,1,-2,0,0.4
0.325,0.575,38.1816,-13.2684,3.18384,194.681,1,-2,0,0.4
0.325,0.585,68.3013,-14.2888,3.00652,156.24,1,-2,0,0.4
0.325,0.595,112.526,-14.686,2.85493,126.528,1,-2,0,0.4
0.325,0.605,169.939,-14.8469,2.77668,110.965,1,-2,0,0.4
0.325,0.615,238.947,-14.9181,2.75209,107.642,1,-2,0,0.4
0.325,0.625,317.414,-14.9529,2.75866,113.134,1,-2,0,0.4
0.325,0.635,402.588,-14.9714,2.78143,124.55,1,-2,0,0.4
0.325,0.645,490.98,-14.9819,2.81118,139.518,1,-2,0,0.4
0.325,0.655,578.565,-14.9883,2.84243,156.078,1,-2,0,0.4
0.325,0.665,661.353,-14.9923,2.87215,172.7,1,-2,0,0.4
0.325,0.675,736.051,-14.9949,2.89886,188.294,1,-2,0,0.4
0.325,0.685,800.494,-14.9967,2.92193,202.174,1,-2,0,0.4
0.325,0.695,853.763,-14.9978,2.94125,213.994,1,-2,0,0.4
0.325,0.705,896.039,-14.9986,2.95693,223.672,1,-2,0,0.4
0.325,0.715,928.312,-14.9992,2.96931,231.308,1,-2,0,0.4
0.325,0.725,952.045,-14.9995,2.97876,237.123,1,-2,0,0.4
0.325,0.735,968.878,-14.9997,2.98574,241.397,1,-2,0,0.4
0.325,0.745,980.404,-14.9998,2.99073,244.43,1,-2,0,0.4
0.325,0.755,988.028,-14.9999,2.99416,246.507,1,-2,0,0.4
0.325,0.765,992.902,-15,2.99645,247.879,1,-2,0,0.4
0.325,0.775,995.917,-15,2.9979,248.753,1,-2,0,0.4
0.325,0.785,997.72,-15,2.9988,249.29,1,-2,0,0.4
0.325,0.795,998.764,-15,2.99934,249.608,1,-2,0,0.4
0.325,0.805,999.349,-15,2.99965,249.791,1,-2,0,0.4
0.325,0.815,999.667,-15,2.99982,249.892,1,-2,0,0.4
0.325,0.825,999.835,-15,2.99991,249.946,1,-2,0,0.4
0.325,0.835,999.92,-15,2.99996,249.973,1,-2,0,0.4
0.325,0.845,999.963,-15,2.99998,249.987,1,-2,0,0.4
0.325,0.855,999.983,-15,2.99999,249.994,1,-2,0,0.4
0.325,0.865,999.992,-15,3,249.997,1,-2,0,0.4
0.325,0.875,999.997,-15,3,249.999,1,-2,0,0.4
0.325,0.885,999.999,-15,3,250,1,-2,0,0.4
0.325,0.895,999.999,-15,3,250,1,-2,0,0.4
0.325,0.905,1000,-15,3,250,1,-2,0,0.4
0.325,0.915,1000,-15,3,250,1,-2,0,0.4
0.325,0.925,1000,-15,3,250,1,-2,0,0.4
0.325,0.935,1000,-15,3,250,1,-2,0,0.4
0.325,0.945,1000,-15,3,250,1,-2,0,0.4
0.325,0.955,1000,-15,3,250,1,-2,0,0.4
0.325,0.965,1000,-15,3,250,1,-2,0,0.4
0.325,0.975,1000,-15,3,250,1,-2,0,0.4
0.325,0.985,1000,-15,3,250,1,-2,0,0.4
0.325,0.995,1000,-15,3,250,1,-2,0,0.4
0.335,0.005,37.8945,3.76012,-16.4345,703.164,1,-2,0,0.4
0.335,0.015,40.5804,3.94972,-16.1079,761.618,1,-2,0,0.4
0.335,0.025,43.2846,4.13027,-15.777,821.408,1,-2,0,0.4
0.335,0.035,45.9573,4.30069,-15.4441,881.509,1,-2,0,0.4
0.335,0.045,48.5423,4.46014,-15.1116,940.702,1,-2,0,0.4
0.335,0.055,50.9792,4.60819,-14.782,997.637,1,-2,0,0.4
0.335,0.065,53.2088,4.74486,-14.4578,1050.93,1,-2,0,0.4
0.335,0.075,55.1787,4.87074,-14.141,1099.29,1,-2,0,0.4
0.335,0.085,56.851,4.987,-13.8329,1141.74,1,-2,0,0.4
0.335,0.095,58.2079,5.0952,-13.5338,1177.71,1,-2,0,0.4
0.335,0.105,59.2549,5.19708,-13.2425,1207.2,1,-2,0,0.4
0.335,0.115,60.0183,5.29417,-12.9564,1230.69,1,-2,0,0.4
0.335,0.125,60.537,5.38759,-12.6724,1248.96,1,-2,0,0.4
0.335,0.135,60.8476,5.47826,-12.387,1262.71,1,-2,0,0.4
0.335,0.145,60.9888,5.56577,-12.0977,1272.69,1,-2,0,0.4
0.335,0.155,60.9945,5.64882,-11.8029,1279.54,1,-2,0,0.4
0.335,0.165,60.8913,5.72575,-11.5018,1283.7,1,-2,0,0.4
0.335,0.175,60.698,5.79511,-11.1939,1285.37,1,-2,0,0.4
0.335,0.185,60.4236,5.85624,-10.8792,1284.49,1,-2,0,0.4
0.335,0.195,60.0769,5.90853,-10.5576,1280.96,1,-2,0,0.4
0.335,0.205,59.6682,5.95128,-10.2289,1274.73,1,-2,0,0.4
0.335,0.215,59.2087,5.98372,-9.89315,1265.78,1,-2,0,0.4
0.335,0.225,58.7101,6.00499,-9.55006,1254.13,1,-2,0,0.4
0.335,0.235,58.1839,6.01416,-9.19958,1239.8,1,-2,0,0.4
0.335,0.245,57.641,6.01027,-8.84168,1222.82,1,-2,0,0.4
0.335,0.255,57.0912,5.99239,-8.4765,1203.22,1,-2,0,0.4
0.335,0.265,56.5431,5.95963,-8.10428,1181.06,1,-2,0,0.4
0.335,0.275,56.0036,5.91122,-7.72542,1156.36,1,-2,0,0.4
0.335,0.285,55.4779,5.84648,-7.34046,1129.18,1,-2,0,0.4
0.335,0.295,54.9691,5.76492,-6.95005,1099.6,1,-2,0,0.4
0.335,0.305,54.4784,5.66621,-6.55499,1067.7,1,-2,0,0.4
0.335,0.315,54.0045,5.5502,-6.15618,1033.59,1,-2,0,0.4
0.335,0.325,53.5435,5.4169,-5.7546,997.402,1,-2,0,0.4
0.335,0.335,53.0899,5.26646,-5.35113,959.314,1,-2,0,0.4
0.335,0.345,52.6746,5.0993,-4.94296,920.49,1,-2,0,0.4
0.335,0.355,52.2606,4.91946,-4.53258,880.447,1,-2,0,0.4
0.335,0.365,51.7828,4.73029,-4.12558,838.227,1,-2,0,0.4
0.335,0.375,51.2362,4.53189,-3.72268,794.43,1,-2,0,0.4
0.335,0.385,50.6048,4.32519,-3.32462,749.457,1,-2,0,0.4
0.335,0.395,49.866,4.11161,-2.932,703.606,1,-2,0,0.4
0.335,0.405,48.9977,3.89253,-2.54525,657.208,1,-2,0,0.4
0.335,0.415,47.9802,3.66925,-2.16462,610.624,1,-2,0,0.4
0.335,0.425,46.7983,3.44286,-1.79029,564.251,1,-2,0,0.4
0.335,0.435,45.4432,3.21425,-1.42239,518.51,1,-2,0,0.4
0.335,0.445,43.9151,2.984,-1.06115,473.851,1,-2,0,0.4
0.335,0.455,42.2252,2.75234,-0.707084,430.75,1,-2,0,0.4
0.335,0.465,40.4002,2.51882,-0.361237,389.722,1,-2,0,0.4
0.335,0.475,38.5334,2.27094,-0.0245661,351.49,1,-2,0,0.4
0.335,0.485,36.6597,1.99764,0.301701,316.326,1,-2,0,0.4
0.335,0.495,34.7391,1.71508,0.61086,284.814,1,-2,0,0.4
0.335,0.505,32.9259,1.40599,0.889574,258.562,1,-2,0,0.4
0.335,0.515,30.9776,1.04185,1.12112,238.818,1,-2,0,0.4
0.335,0.525,27.7049,0.556964,1.29472,227.271,1,-2,0,0.4
0.335,0.535,22.1643,-0.359082,1.45965,225.83,1,-2,0,0.4
0.335,0.545,16.4468,-2.66296,1.81703,235.365,1,-2,0,0.4
0.335,0.555,15.278,-7.02645,2.52028,237.147,1,-2,0,0.4
0.335,0.565,21.4555,-11.201,3.09812,214.279,1,-2,0,0.4
0.335,0.575,38.0963,-13.4439,3.13823,178.132,1,-2,0,0.4
0.335,0.585,68.2059,-14.3555,2.96129,143.74,1,-2,0,0.4
0.335,0.595,112.278,-14.7094,2.82808,119.051,1,-2,0,0.4
0.335,0.605,169.624,-14.8549,2.76357,107.087,1,-2,0,0.4
0.335,0.615,238.62,-14.921,2.7458,105.642,1,-2,0,0.4
0.335,0.625,317.067,-14.9541,2.75539,112.012,1,-2,0,0.4
0.335,0.635,402.231,-14.972,2.77961,123.873,1,-2,0,0.4
0.335,0.645,490.654,-14.9822,2.81015,139.102,1,-2,0,0.4
0.335,0.655,578.303,-14.9884,2.84186,155.829,1,-2,0,0.4
0.335,0.665,661.167,-14.9923,2.87185,172.558,1,-2,0,0.4
0.335,0.675,735.933,-14.9949,2.89871,188.217,1,-2,0,0.4
0.335,0.685,800.425,-14.9967,2.92186,202.134,1,-2,0,0.4
0.335,0.695,853.725,-14.9978,2.94121,213.975,1,-2,0,0.4
0.335,0.705,896.02,-14.9986,2.95692,223.662,1,-2,0,0.4
0.335,0.715,928.302,-14.9992,2.9693,231.304,1,-2,0,0.4
0.335,0.725,952.041,-14.9995,2.97875,237.121,1,-2,0,0.4
0.335,0.735,968.876,-14.9997,2.98574,241.396,1,-2,0,0.4
0.335,0.745,980.403,-14.9998,2.99073,244.43,1,-2,0,0.4
0.335,0.755,988.028,-14.9999,2.99416,246.507,1,-2,0,0.4
0.335,0.765,992.902,-15,2.99645,247.879,1,-2,0,0.4
0.335,0.775,995.917,-15,2.9979,248.753,1,-2,0,0.4
0.335,0.785,997.72,-15,2.9988,249.29,1,-2,0,0.4
0.335,0.795,998.764,-15,2.99934,249.608,1,-2,0,0.4
0.335,0.805,999.349,-15,2.99965,249.791,1,-2,0,0.4
0.335,0.815,999.667,-15,2.99982,249.892,1,-2,0,0.4
0.335,0.825,999.835,-15,2.99991,249.946,1,-2,0,0.4
0.335,0.835,999.92,-15,2.99996,249.973,1,-2,0,0.4
0.335,0.845,999.963,-15,2.99998,249.987,1,-2,0,0.4
0.335,0.855,999.983,-15,2.99999,249.994,1,-2,0,0.4
0.335,0.865,999.992,-15,3,249.997,1,-2,0,0.4
0.335,0.875,999.997,-15,3,249.999,1,-2,0,0.4
0.335,0.885,999.999,-15,3,250,1,-2,0,0.4
0.335,0.895,999.999,-15,3,250,1,-2,0,0.4
0.335,0.905,1000,-15,3,250,1,-2,0,0.4
0.335,0.915,1000,-15,3,250,1,-2,0,0.4
0.335,0.925,1000,-15,3,250,1,-2,0,0.4
0.335,0.935,1000,-15,3,250,1,-2,0,0.4
0.335,0.945,1000,-15,3,250,1,-2,0,0.4
0.335,0.955,1000,-15,3,250,1,-2,0,0.4
0.335,0.965,1000,-15,3,250,1,-2,0,0.4
0.335,0.975,1000,-15,3,250,1,-2,0,0.4
0.335,0.985,1000,-15,3,250,1,-2,0,0.4
0.335,0.995,1000,-15,3,250,1,-2,0,0.4
0.345,0.005,37.1034,4.01706,-16.2734,677.17,1,-2,0,0.4
0.345,0.015,39.5674,4.19693,-15.9511,730.234,1,-2,0,0.4
0.345,0.025,42.032,4.36819,-15.6248,784.191,1,-2,0,0.4
0.345,0.035,44.4536,4.52995,-15.2965,838.139,1,-2,0,0.4
0.345,0.045,46.7835,4.68153,-14.9681,891.039,1,-2,0,0.4
0.345,0.055,48.9708,4.82261,-14.6421,941.757,1,-2,0,0.4
0.345,0.065,50.9662,4.95329,-14.3204,989.144,1,-2,0,0.4
0.345,0.075,52.7265,5.07415,-14.0049,1032.14,1,-2,0,0.4
0.345,0.085,54.22,5.1863,-13.6965,1069.9,1,-2,0,0.4
0.345,0.095,55.4291,5.29137,-13.3953,1101.88,1,-2,0,0.4
0.345,0.105,56.3491,5.39173,-13.1006,1127.76,1,-2,0,0.4
0.345,0.115,57.0015,5.48863,-12.8105,1147.91,1,-2,0,0.4
0.345,0.125,57.4258,5.58221,-12.5226,1163.12,1,-2,0,0.4
0.345,0.135,57.6714,5.67148,-12.234,1174.48,1,-2,0,0.4
0.345,0.145,57.7767,5.75563,-11.9422,1182.77,1,-2,0,0.4
0.345,0.155,57.7671,5.83406,-11.6452,1188.39,1,-2,0,0.4
0.345,0.165,57.6601,5.90601,-11.3421,1191.55,1,-2,0,0.4
0.345,0.175,57.4674,5.97067,-11.0324,1192.27,1,-2,0,0.4
0.345,0.185,57.1982,6.02734,-10.7159,1190.54,1,-2,0,0.4
0.345,0.195,56.8612,6.07532,-10.3927,1186.29,1,-2,0,0.4
0.345,0.205,56.4658,6.11389,-10.0625,1179.48,1,-2,0,0.4
0.345,0.215,56.022,6.14229,-9.72541,1170.11,1,-2,0,0.4
0.345,0.225,55.54,6.15968,-9.38122,1158.19,1,-2,0,0.4
0.345,0.235,55.0299,6.16519,-9.02993,1143.76,1,-2,0,0.4
0.345,0.245,54.5011,6.15793,-8.67157,1126.84,1,-2,0,0.4
0.345,0.255,53.9621,6.13702,-8.30632,1107.48,1,-2,0,0.4
0.345,0.265,53.42,6.10166,-7.93445,1085.73,1,-2,0,0.4
0.345,0.275,52.8807,6.05115,-7.5564,1061.64,1,-2,0,0.4
0.345,0.285,52.3481,5.98488,-7.17269,1035.28,1,-2,0,0.4
0.345,0.295,51.8246,5.90243,-6.78403,1006.72,1,-2,0,0.4
0.345,0.305,51.3103,5.80352,-6.39118,976.066,1,-2,0,0.4
0.345,0.315,50.8035,5.68805,-5.99502,943.424,1,-2,0,0.4
0.345,0.325,50.3002,5.55606,-5.59651,908.936,1,-2,0,0.4
0.345,0.335,49.7971,5.40769,-5.19633,872.832,1,-2,0,0.4
0.345,0.345,49.3369,5.24328,-4.79053,836.505,1,-2,0,0.4
0.345,0.355,48.868,5.06596,-4.38438,799.113,1,-2,0,0.4
0.345,0.365,48.3587,4.87737,-3.98111,760.425,1,-2,0,0.4
0.345,0.375,47.7774,4.68036,-3.58199,720.321,1,-2,0,0.4
0.345,0.385,47.0928,4.47742,-3.18818,678.813,1,-2,0,0.4
0.345,0.395,46.2963,4.26886,-2.79991,636.434,1,-2,0,0.4
0.345,0.405,45.3812,4.05492,-2.41743,593.72,1,-2,0,0.4
0.345,0.415,44.3327,3.83678,-2.041,551.013,1,-2,0,0.4
0.345,0.425,43.1407,3.61542,-1.6708,508.679,1,-2,0,0.4
0.345,0.435,41.8013,3.39161,-1.30706,467.107,1,-2,0,0.4
0.345,0.445,40.3186,3.1658,-0.950149,426.705,1,-2,0,0.4
0.345,0.455,38.7075,2.93807,-0.600813,387.909,1,-2,0,0.4
0.345,0.465,36.9974,2.70768,-0.26044,351.194,1,-2,0,0.4
0.345,0.475,35.3061,2.45379,0.0700419,317.277,1,-2,0,0.4
0.345,0.485,33.5842,2.18263,0.38786,286.169,1,-2,0,0.4
0.345,0.495,31.8776,1.89995,0.68404,258.856,1,-2,0,0.4
0.345,0.505,30.3182,1.58692,0.944331,236.739,1,-2,0,0.4
0.345,0.515,28.5152,1.21781,1.15232,220.798,1,-2,0,0.4
0.345,0.525,25.2683,0.712501,1.30313,212.426,1,-2,0,0.4
0.345,0.535,19.7951,-0.309828,1.46797,213.275,1,-2,0,0.4
0.345,0.545,14.715,-2.92824,1.86781,223.329,1,-2,0,0.4
0.345,0.555,14.3461,-7.52935,2.59562,221.76,1,-2,0,0.4
0.345,0.565,21.0853,-11.5503,3.10025,197.347,1,-2,0,0.4
0.345,0.575,38.0223,-13.5957,3.08887,163.283,1,-2,0,0.4
0.345,0.585,68.0968,-14.411,2.9198,133.134,1,-2,0,0.4
0.345,0.595,112.075,-14.7282,2.80546,113.016,1,-2,0,0.4
0.345,0.605,169.401,-14.8613,2.75292,104.004,1,-2,0,0.4
0.345,0.615,238.375,-14.9234,2.74057,103.997,1,-2,0,0.4
0.345,0.625,316.77,-14.9551,2.75251,111.035,1,-2,0,0.4
0.345,0.635,401.901,-14.9725,2.77793,123.256,1,-2,0,0.4
0.345,0.645,490.344,-14.9824,2.80919,138.716,1,-2,0,0.4
0.345,0.655,578.055,-14.9885,2.84133,155.598,1,-2,0,0.4
0.345,0.665,660.994,-14.9924,2.87158,172.428,1,-2,0,0.4
0.345,0.675,735.824,-14.995,2.89857,188.148,1,-2,0,0.4
0.345,0.685,800.362,-14.9967,2.92179,202.099,1,-2,0,0.4
0.345,0.695,853.692,-14.9979,2.94118,213.958,1,-2,0,0.4
0.345,0.705,896.003,-14.9986,2.95691,223.654,1,-2,0,0.4
0.345,0.715,928.295,-14.9992,2.96929,231.3,1,-2,0,0.4
0.345,0.725,952.037,-14.9995,2.97875,237.119,1,-2,0,0.4
0.345,0.735,968.875,-14.9997,2.98574,241.396,1,-2,0,0.4
0.345,0.745,980.402,-14.9998,2.99073,244.43,1,-2,0,0.4
0.345,0.755,988.027,-14.9999,2.99416,246.507,1,-2,0,0.4
0.345,0.765,992.902,-15,2.99645,247.879,1,-2,0,0.4
0.345,0.775,995.917,-15,2.9979,248.753,1,-2,0,0.4
0.345,0.785,997.72,-15,2.9988,249.29,1,-2,0,0.4
0.345,0.795,998.764,-15,2.99934,249.608,1,-2,0,0.4
0.345,0.805,999.349,-15,2.99965,249.791,1,-2,0,0.4
0.345,0.815,999.667,-15,2.99982,249.892,1,-2,0,0.4
0.345,0.825,999.835,-15,2.99991,249.946,1,-2,0,0.4
0.345,0.835,999.92,-15,2.99996,249.973,1,-2,0,0.4
0.345,0.845,999.963,-15,2.99998,249.987,1,-2,0,0.4
0.345,0.855,999.983,-15,2.99999,249.994,1,-2,0,0.4
0.345,0.865,999.992,-15,3,249.997,1,-2,0,0.4
0.345,0.875,999.997,-15,3,249.999,1,-2,0,0.4
0.345,0.885,999.999,-15,3,250,1,-2,0,0.4
0.345,0.895,999.999,-15,3,250,1,-2,0,0.4
0.345,0.905,1000,-15,3,250,1,-2,0,0.4
0.345,0.915,1000,-15,3,250,1,-2,0,0.4
0.345,0.925,1000,-15,3,250,1,-2,0,0.4
0.345,0.935,1000,-15,3,250,1,-2,0,0.4
0.345,0.945,1000,-15,3,250,1,-2,0,0.4
0.345,0.955,1000,-15,3,250,1,-2,0,0.4
0.345,0.965,1000,-15,3,250,1,-2,0,0.4
0.345,0.975,1000,-15,3,250,1,-2,0,0.4
0.345,0.985,1000,-15,3,250,1,-2,0,0.4
0.345,0.995,1000,-15,3,250,1,-2,0,0.4
0.355,0.005,36.2034,4.26421,-16.1149,649.971,1,-2,0,0.4
0.355,0.015,38.4609,4.43529,-15.7966,698.074,1,-2,0,0.4
0.355,0.025,40.7058,4.59821,-15.4744,746.721,1,-2,0,0.4
0.355,0.035,42.8994,4.75223,-15.15,795.117,1,-2,0,0.4
0.355,0.045,44.9991,4.89688,-14.8253,842.36,1,-2,0,0.4
0.355,0.055,46.9608,5.03203,-14.5021,887.461,1,-2,0,0.4
0.355,0.065,48.7405,5.15814,-14.1822,929.388,1,-2,0,0.4
0.355,0.075,50.2947,5.27662,-13.8671,967.052,1,-2,0,0.4
0.355,0.085,51.5952,5.38864,-13.5581,999.68,1,-2,0,0.4
0.355,0.095,52.6389,5.49437,-13.2556,1027.1,1,-2,0,0.4
0.355,0.105,53.4429,5.59359,-12.9591,1049.62,1,-2,0,0.4
0.355,0.115,54.0288,5.68701,-12.6666,1067.63,1,-2,0,0.4
0.355,0.125,54.4218,5.77552,-12.3758,1081.55,1,-2,0,0.4
0.355,0.135,54.6515,5.85942,-12.0843,1091.93,1,-2,0,0.4
0.355,0.145,54.7459,5.93849,-11.7897,1099.26,1,-2,0,0.4
0.355,0.155,54.7285,6.01211,-11.4905,1103.93,1,-2,0,0.4
0.355,0.165,54.6168,6.07949,-11.1854,1106.15,1,-2,0,0.4
0.355,0.175,54.4234,6.13983,-10.874,1106.01,1,-2,0,0.4
0.355,0.185,54.1579,6.19235,-10.556,1103.52,1,-2,0,0.4
0.355,0.195,53.8286,6.23632,-10.2313,1098.64,1,-2,0,0.4
0.355,0.205,53.4443,6.27101,-9.8999,1091.36,1,-2,0,0.4
0.355,0.215,53.0136,6.29567,-9.56172,1081.68,1,-2,0,0.4
0.355,0.225,52.5456,6.30949,-9.21673,1069.61,1,-2,0,0.4
0.355,0.235,52.049,6.31165,-8.86493,1055.18,1,-2,0,0.4
0.355,0.245,51.532,6.30133,-8.50644,1038.44,1,-2,0,0.4
0.355,0.255,51.0018,6.27773,-8.14143,1019.43,1,-2,0,0.4
0.355,0.265,50.4644,6.24011,-7.77023,998.202,1,-2,0,0.4
0.355,0.275,49.9247,6.18782,-7.39327,974.829,1,-2,0,0.4
0.355,0.285,49.3857,6.12035,-7.01112,949.379,1,-2,0,0.4
0.355,0.295,48.849,6.03731,-6.62445,921.937,1,-2,0,0.4
0.355,0.305,48.3144,5.93849,-6.23404,892.602,1,-2,0,0.4
0.355,0.315,47.7798,5.82381,-5.84073,861.495,1,-2,0,0.4
0.355,0.325,47.2411,5.69333,-5.44545,828.754,1,-2,0,0.4
0.355,0.335,46.7013,5.54713,-5.04822,794.747,1,-2,0,0.4
0.355,0.345,46.1979,5.38603,-4.64539,760.687,1,-2,0,0.4
0.355,0.355,45.6691,5.2131,-4.2436,725.493,1,-2,0,0.4
0.355,0.365,45.0948,5.02964,-3.84509,689.173,1,-2,0,0.4
0.355,0.375,44.4639,4.83658,-3.45065,652.005,1,-2,0,0.4
0.355,0.385,43.7653,4.63478,-3.06061,614.297,1,-2,0,0.4
0.355,0.395,42.9685,4.42712,-2.67582,575.986,1,-2,0,0.4
0.355,0.405,42.0405,4.21676,-2.29723,537.017,1,-2,0,0.4
0.355,0.415,40.9803,4.00354,-1.92494,497.937,1,-2,0,0.4
0.355,0.425,39.7955,3.78698,-1.55894,459.341,1,-2,0,0.4
0.355,0.435,38.4863,3.56773,-1.19949,421.594,1,-2,0,0.4
0.355,0.445,37.0605,3.34613,-0.847117,385.073,1,-2,0,0.4
0.355,0.455,35.5357,3.12208,-0.502828,350.177,1,-2,0,0.4
0.355,0.465,33.9506,2.89268,-0.168314,317.367,1,-2,0,0.4
0.355,0.475,32.4118,2.63512,0.155247,287.252,1,-2,0,0.4
0.355,0.485,30.8451,2.36593,0.46341,259.839,1,-2,0,0.4
0.355,0.495,29.3445,2.08281,0.745146,236.282,1,-2,0,0.4
0.355,0.505,28.0164,1.76576,0.985814,217.783,1,-2,0,0.4
0.355,0.515,26.3256,1.39185,1.1704,205.086,1,-2,0,0.4
0.355,0.525,23.0539,0.86141,1.30209,199.297,1,-2,0,0.4
0.355,0.535,17.651,-0.293382,1.47559,201.96,1,-2,0,0.4
0.355,0.545,13.2311,-3.25559,1.92425,211.746,1,-2,0,0.4
0.355,0.555,13.5834,-8.03563,2.66166,206.881,1,-2,0,0.4
0.355,0.565,20.7952,-11.8668,3.08764,181.641,1,-2,0,0.4
0.355,0.575,37.9475,-13.726,3.03778,150.096,1,-2,0,0.4
0.355,0.585,67.9847,-14.4566,2.88266,124.264,1,-2,0,0.4
0.355,0.595,111.929,-14.7431,2.78682,108.207,1,-2,0,0.4
0.355,0.605,169.264,-14.8663,2.74434,101.553,1,-2,0,0.4
0.355,0.615,238.195,-14.9254,2.73615,102.619,1,-2,0,0.4
0.355,0.625,316.507,-14.956,2.74991,110.162,1,-2,0,0.4
0.355,0.635,401.589,-14.9729,2.77636,122.684,1,-2,0,0.4
0.355,0.645,490.047,-14.9827,2.80828,138.354,1,-2,0,0.4
0.355,0.655,577.819,-14.9886,2.84084,155.383,1,-2,0,0.4
0.355,0.665,660.831,-14.9925,2.87132,172.308,1,-2,0,0.4
0.355,0.675,735.724,-14.995,2.89844,188.084,1,-2,0,0.4
0.355,0.685,800.306,-14.9967,2.92173,202.068,1,-2,0,0.4
0.355,0.695,853.663,-14.9979,2.94115,213.943,1,-2,0,0.4
0.355,0.705,895.989,-14.9986,2.95689,223.648,1,-2,0,0.4
0.355,0.715,928.288,-14.9992,2.96929,231.297,1,-2,0,0.4
0.355,0.725,952.034,-14.9995,2.97875,237.118,1,-2,0,0.4
0.355,0.735,968.874,-14.9997,2.98574,241.395,1,-2,0,0.4
0.355,0.745,980.402,-14.9998,2.99073,244.43,1,-2,0,0.4
0.355,0.755,988.027,-14.9999,2.99416,246.507,1,-2,0,0.4
0.355,0.765,992.902,-15,2.99644,247.879,1,-2,0,0.4
0.355,0.775,995.917,-15,2.9979,248.753,1,-2,0,0.4
0.355,0.785,997.72,-15,2.9988,249.29,1,-2,0,0.4
0.355,0.795,998.764,-15,2.99934,249.608,1,-2,0,0.4
0.355,0.805,999.349,-15,2.99965,249.791,1,-2,0,0.4
0.355,0.815,999.667,-15,2.99982,249.892,1,-2,0,0.4
0.355,0.825,999.835,-15,2.99991,249.946,1,-2,0,0.4
0.355,0.835,999.92,-15,2.99996,249.973,1,-2,0,0.4
0.355,0.845,999.963,-15,2.99998,249.987,1,-2,0,0.4
0.355,0.855,999.983,-15,2.99999,249.994,1,-2,0,0.4
0.355,0.865,999.992,-15,3,249.997,1,-2,0,0.4
0.355,0.875,999.997,-15,3,249.999,1,-2,0,0.4
0.355,0.885,999.999,-15,3,250,1,-2,0,0.4
0.355,0.895,999.999,-15,3,250,1,-2,0,0.4
0.355,0.905,1000,-15,3,250,1,-2,0,0.4
0.355,0.915,1000,-15,3,250,1,-2,0,0.4
0.355,0.925,1000,-15,3,250,1,-2,0,0.4
0.355,0.935,1000,-15,3,250,1,-2,0,0.4
0.355,0.945,1000,-15,3,250,1,-2,0,0.4
0.355,0.955,1000,-15,3,250,1,-2,0,0.4
0.355,0.965,1000,-15,3,250,1,-2,0,0.4
0.355,0.975,1000,-15,3,250,1,-2,0,0.4
0.355,0.985,1000,-15,3,250,1,-2,0,0.4
0.355,0.995,1000,-15,3,250,1,-2,0,0.4
0.365,0.005,35.2139,4.50306,-15.9588,621.913,0.979735,-1.98471,0,0.388698
0.365,0.015,37.2777,4.66641,-15.6439,665.403,0.979735,-1.98471,0,0.388698
0.365,0.025,39.3171,4.82225,-15.3251,709.114,0.979735,-1.98471,0,0.388698
0.365,0.035,41.2956,4.97023,-15.0038,752.294,0.979735,-1.98471,0,0.388698
0.365,0.045,43.172,5.11058,-14.6816,794.043,0.979735,-1.98471,0,0.388698
0.365,0.055,44.9007,5.24415,-14.3606,833.312,0.979735,-1.98471,0,0.388698
0.365,0.065,46.4543,5.37013,-14.0428,869.469,0.979735,-1.98471,0,0.388698
0.365,0.075,47.8193,5.48716,-13.7295,902.203,0.979735,-1.98471,0,0.388698
0.365,0.085,48.9847,5.5951,-13.4214,931.212,0.979735,-1.98471,0,0.388698
0.365,0.095,49.9386,5.69531,-13.1184,956.103,0.979735,-1.98471,0,0.388698
0.365,0.105,50.6814,5.78906,-12.8201,976.739,0.979735,-1.98471,0,0.388698
0.365,0.115,51.2248,5.87742,-12.5251,993.245,0.979735,-1.98471,0,0.388698
0.365,0.125,51.5896,5.96108,-12.2316,1005.95,0.979735,-1.98471,0,0.388698
0.365,0.135,51.8008,6.04028,-11.9373,1015.29,0.979735,-1.98471,0,0.388698
0.365,0.145,51.8831,6.11478,-11.6402,1021.68,0.979735,-1.98471,0,0.388698
0.365,0.155,51.8579,6.18398,-11.3387,1025.45,0.979735,-1.98471,0,0.388698
0.365,0.165,51.742,6.24712,-11.0318,1026.84,0.979735,-1.98471,0,0.388698
0.365,0.175,51.5481,6.30339,-10.7188,1025.95,0.979735,-1.98471,0,0.388698
0.365,0.185,51.2856,6.352,-10.3994,1022.8,0.979735,-1.98471,0,0.388698
0.365,0.195,50.9631,6.3922,-10.0736,1017.41,0.979735,-1.98471,0,0.388698
0.365,0.205,50.5883,6.42325,-9.74115,1009.77,0.979735,-1.98471,0,0.388698
0.365,0.215,50.169,6.44443,-9.40218,999.881,0.979735,-1.98471,0,0.388698
0.365,0.225,49.7131,6.45495,-9.05667,987.762,0.979735,-1.98471,0,0.388698
0.365,0.235,49.2283,6.45406,-8.70468,973.448,0.979735,-1.98471,0,0.388698
0.365,0.245,48.7214,6.44098,-8.34634,956.983,0.979735,-1.98471,0,0.388698
0.365,0.255,48.1988,6.41498,-7.98188,938.419,0.979735,-1.98471,0,0.388698
0.365,0.265,47.6655,6.37539,-7.61163,917.818,0.979735,-1.98471,0,0.388698
0.365,0.275,47.1255,6.32163,-7.23605,895.247,0.979735,-1.98471,0,0.388698
0.365,0.285,46.5812,6.25324,-6.8557,870.784,0.979735,-1.98471,0,0.388698
0.365,0.295,46.0336,6.16989,-6.47125,844.52,0.979735,-1.98471,0,0.388698
0.365,0.305,45.4822,6.07141,-6.08346,816.558,0.979735,-1.98471,0,0.388698
0.365,0.315,44.9247,5.95773,-5.69316,787.018,0.979735,-1.98471,0,0.388698
0.365,0.325,44.3574,5.82891,-5.30122,756.041,0.979735,-1.98471,0,0.388698
0.365,0.335,43.792,5.68505,-4.90667,724.18,0.979735,-1.98471,0,0.388698
0.365,0.345,43.2507,5.52746,-4.50735,692.24,0.979735,-1.98471,0,0.388698
0.365,0.355,42.6749,5.35885,-4.10999,659.218,0.979735,-1.98471,0,0.388698
0.365,0.365,42.0522,5.18021,-3.71604,625.264,0.979735,-1.98471,0,0.388698
0.365,0.375,41.3731,4.99251,-3.32615,590.63,0.979735,-1.98471,0,0.388698
0.365,0.385,40.6268,4.79673,-2.9409,555.563,0.979735,-1.98471,0,0.388698
0.365,0.395,39.8032,4.59381,-2.56082,520.328,0.979735,-1.98471,0,0.388698
0.365,0.405,38.8961,4.38428,-2.18593,485.249,0.979735,-1.98471,0,0.388698
0.365,0.415,37.8816,4.17109,-1.81682,450.298,0.979735,-1.98471,0,0.388698
0.365,0.425,36.7332,3.95769,-1.45452,415.413,0.979735,-1.98471,0,0.388698
0.365,0.435,35.4667,3.74277,-1.09935,381.19,0.979735,-1.98471,0,0.388698
0.365,0.445,34.1059,3.52517,-0.751715,348.202,0.979735,-1.98471,0,0.388698
0.365,0.455,32.6717,3.30458,-0.412812,316.837,0.979735,-1.98471,0,0.388698
0.365,0.465,31.2158,3.07429,-0.0844959,287.556,0.979735,-1.98471,0,0.388698
0.365,0.475,29.8093,2.8156,0.231355,260.779,0.979735,-1.98471,0,0.388698
0.365,0.485,28.3989,2.54797,0.528617,236.73,0.979735,-1.98471,0,0.388698
0.365,0.495,27.0925,2.26428,0.794786,216.512,0.979735,-1.98471,0,0.388698
0.365,0.505,25.969,1.94337,1.01514,201.156,0.979735,-1.98471,0,0.388698
0.365,0.515,24.3633,1.56415,1.17711,191.205,0.979735,-1.98471,0,0.388698
0.365,0.525,21.031,1.00099,1.29377,187.538,0.979735,-1.98471,0,0.388698
0.365,0.535,15.7193,-0.317727,1.48442,191.679,0.979735,-1.98471,0,0.388698
0.365,0.545,11.968,-3.64312,1.98586,200.437,0.979735,-1.98471,0,0.388698
0.365,0.555,12.9626,-8.53396,2.71533,192.59,0.979735,-1.98471,0,0.388698
0.365,0.565,20.5635,-12.1501,3.06202,167.183,0.979735,-1.98471,0,0.388698
0.365,0.575,37.8657,-13.8368,2.98685,138.529,0.979735,-1.98471,0,0.388698
0.365,0.585,67.8817,-14.4937,2.85028,116.969,0.979735,-1.98471,0,0.388698
0.365,0.595,111.847,-14.7549,2.77182,104.425,0.979735,-1.98471,0,0.388698
0.365,0.605,169.203,-14.8703,2.73746,99.5985,0.979735,-1.98471,0,0.388698
0.365,0.615,238.065,-14.927,2.73234,101.44,0.979735,-1.98471,0,0.388698
0.365,0.625,316.266,-14.9568,2.74752,109.363,0.979735,-1.98471,0,0.388698
0.365,0.635,401.286,-14.9733,2.77488,122.145,0.979735,-1.98471,0,0.388698
0.365,0.645,489.759,-14.9829,2.80742,138.013,0.979735,-1.98471,0,0.388698
0.365,0.655,577.594,-14.9888,2.84038,155.182,0.979735,-1.98471,0,0.388698
0.365,0.665,660.68,-14.9925,2.87109,172.197,0.979735,-1.98471,0,0.388698
0.365,0.675,735.632,-14.995,2.89833,188.027,0.979735,-1.98471,0,0.388698
0.365,0.685,800.256,-14.9967,2.92168,202.04,0.979735,-1.98471,0,0.388698
0.365,0.695,853.637,-14.9979,2.94113,213.93,0.979735,-1.98471,0,0.388698
0.365,0.705,895.977,-14.9986,2.95688,223.642,0.979735,-1.98471,0,0.388698
0.365,0.715,928.283,-14.9992,2.96928,231.295,0.979735,-1.98471,0,0.388698
0.365,0.725,952.032,-14.9995,2.97875,237.117,0.979735,-1.98471,0,0.388698
0.365,0.735,968.873,-14.9997,2.98574,241.395,0.979735,-1.98471,0,0.388698
0.365,0.745,980.402,-14.9998,2.99073,244.429,0.979735,-1.98471,0,0.388698
0.365,0.755,988.027,-14.9999,2.99416,246.507,0.979735,-1.98471,0,0.388698
0.365,0.765,992.902,-15,2.99644,247.879,0.979735,-1.98471,0,0.388698
0.365,0.775,995.916,-15,2.9979,248.753,0.979735,-1.98471,0,0.388698
0.365,0.785,997.72,-15,2.9988,249.29,0.979735,-1.98471,0,0.388698
0.365,0.795,998.764,-15,2.99934,249.608,0.979735,-1.98471,0,0.388698
0.365,0.805,999.349,-15,2.99965,249.791,0.979735,-1.98471,0,0.388698
0.365,0.815,999.667,-15,2.99982,249.892,0.979735,-1.98471,0,0.388698
0.365,0.825,999.835,-15,2.99991,249.946,0.979735,-1.98471,0,0.388698
0.365,0.835,999.92,-15,2.99996,249.973,0.979735,-1.98471,0,0.388698
0.365,0.845,999.963,-15,2.99998,249.987,0.979735,-1.98471,0,0.388698
0.365,0.855,999.983,-15,2.99999,249.994,0.979735,-1.98471,0,0.388698
0.365,0.865,999.992,-15,3,249.997,0.979735,-1.98471,0,0.388698
0.365,0.875,999.997,-15,3,249.999,0.979735,-1.98471,0,0.388698
0.365,0.885,999.999,-15,3,250,0.979735,-1.98471,0,0.388698
0.365,0.895,999.999,-15,3,250,0.979735,-1.98471,0,0.388698
0.365,0.905,1000,-15,3,250,0.979735,-1.98471,0,0.388698
0.365,0.915,1000,-15,3,250,0.979735,-1.98471,0,0.388698
0.365,0.925,1000,-15,3,250,0.979735,-1.98471,0,0.388698
0.365,0.935,1000,-15,3,250,0.979735,-1.98471,0,0.388698
0.365,0.945,1000,-15,3,250,0.979735,-1.98471,0,0.388698
0.365,0.955,1000,-15,3,250,0.979735,-1.98471,0,0.388698
0.365,0.965,1000,-15,3,250,0.979735,-1.98471,0,0.388698
0.365,0.975,1000,-15,3,250,0.979735,-1.98471,0,0.388698
0.365,0.985,1000,-15,3,250,0.979735,-1.98471,0,0.388698
0.365,0.995,1000,-15,3,250,0.979735,-1.98471,0,0.388698
0.375,0.005,34.1381,4.73664,-15.8039,592.97,0.777353,-1.81619,0,0.281142
0.375,0.015,36.0107,4.89456,-15.4916,631.931,0.777353,-1.81619,0,0.281142
0.375,0.025,37.8409,5.04683,-15.1754,670.632,0.777353,-1.81619,0,0.281142
0.375,0.035,39.5931,5.19355,-14.8572,708.318,0.777353,-1.81619,0,0.281142
0.375,0.045,41.249,5.33253,-14.5388,744.635,0.777353,-1.81619,0,0.281142
0.375,0.055,42.7952,5.46147,-14.2215,779.358,0.777353,-1.81619,0,0.281142
0.375,0.065,44.2053,5.58054,-13.9064,811.881,0.777353,-1.81619,0,0.281142
0.375,0.075,45.4522,5.69064,-13.5946,841.541,0.777353,-1.81619,0,0.281142
0.375,0.085,46.5169,5.79273,-13.2868,867.818,0.777353,-1.81619,0,0.281142
0.375,0.095,47.3899,5.88782,-12.9832,890.387,0.777353,-1.81619,0,0.281142
0.375,0.105,48.0719,5.97691,-12.6833,909.129,0.777353,-1.81619,0,0.281142
0.375,0.115,48.5726,6.06086,-12.3861,924.123,0.777353,-1.81619,0,0.281142
0.375,0.125,48.9088,6.1402,-12.0899,935.613,0.777353,-1.81619,0,0.281142
0.375,0.135,49.1015,6.21512,-11.793,943.934,0.777353,-1.81619,0,0.281142
0.375,0.145,49.1721,6.28538,-11.4935,949.434,0.777353,-1.81619,0,0.281142
0.375,0.155,49.1399,6.35044,-11.19,952.409,0.777353,-1.81619,0,0.281142
0.375,0.165,49.0207,6.40958,-10.8814,953.07,0.777353,-1.81619,0,0.281142
0.375,0.175,48.8266,6.46199,-10.5669,951.536,0.777353,-1.81619,0,0.281142
0.375,0.185,48.5674,6.50689,-10.2464,947.866,0.777353,-1.81619,0,0.281142
0.375,0.195,48.251,6.54352,-9.91954,942.077,0.777353,-1.81619,0,0.281142
0.375,0.205,47.8848,6.57116,-9.58637,934.179,0.777353,-1.81619,0,0.281142
0.375,0.215,47.4757,6.58908,-9.2469,924.184,0.777353,-1.81619,0,0.281142
0.375,0.225,47.0307,6.59655,-8.90116,912.115,0.777353,-1.81619,0,0.281142
0.375,0.235,46.5563,6.59286,-8.54925,898.008,0.777353,-1.81619,0,0.281142
0.375,0.245,46.0587,6.57729,-8.19135,881.911,0.777353,-1.81619,0,0.281142
0.375,0.255,45.5431,6.54916,-7.8277,863.878,0.777353,-1.81619,0,0.281142
0.375,0.265,45.0138,6.50788,-7.45866,843.974,0.777353,-1.81619,0,0.281142
0.375,0.275,44.4741,6.45292,-7.08469,822.271,0.777353,-1.81619,0,0.281142
0.375,0.285,43.926,6.38387,-6.70635,798.851,0.777353,-1.81619,0,0.281142
0.375,0.295,43.37,6.30046,-6.32431,773.807,0.777353,-1.81619,0,0.281142
0.375,0.305,42.8055,6.20252,-5.9393,747.245,0.777353,-1.81619,0,0.281142
0.375,0.315,42.2302,6.09002,-5.55213,719.285,0.777353,-1.81619,0,0.281142
0.375,0.325,41.6407,5.96302,-5.16362,690.067,0.777353,-1.81619,0,0.281142
0.375,0.335,41.059,5.82163,-4.77155,660.35,0.777353,-1.81619,0,0.281142
0.375,0.345,40.4859,5.66766,-4.37618,630.406,0.777353,-1.81619,0,0.281142
0.375,0.355,39.8746,5.50327,-3.98322,599.51,0.777353,-1.81619,0,0.281142
0.375,0.365,39.2169,5.32932,-3.59373,567.856,0.777353,-1.81619,0,0.281142
0.375,0.375,38.5044,5.14676,-3.20837,535.666,0.777353,-1.81619,0,0.281142
0.375,0.385,37.7281,4.95652,-2.82769,503.168,0.777353,-1.81619,0,0.281142
0.375,0.395,36.8804,4.75947,-2.45211,470.61,0.777353,-1.81619,0,0.281142
0.375,0.405,35.9553,4.55643,-2.08195,438.251,0.777353,-1.81619,0,0.281142
0.375,0.415,34.9507,4.34798,-1.71761,406.375,0.777353,-1.81619,0,0.281142
0.375,0.425,33.8705,4.13408,-1.35909,375.314,0.777353,-1.81619,0,0.281142
0.375,0.435,32.6978,3.91808,-1.00725,344.997,0.777353,-1.81619,0,0.281142
0.375,0.445,31.4207,3.70317,-0.663825,315.421,0.777353,-1.81619,0,0.281142
0.375,0.455,30.0805,3.48583,-0.330408,287.27,0.777353,-1.81619,0,0.281142
0.375,0.465,28.7523,3.25318,-0.00861862,261.162,0.777353,-1.81619,0,0.281142
0.375,0.475,27.4663,2.9954,0.298793,237.37,0.777353,-1.81619,0,0.281142
0.375,0.485,26.2077,2.72904,0.584125,216.348,0.777353,-1.81619,0,0.281142
0.375,0.495,25.0805,2.44473,0.833977,199.089,0.777353,-1.81619,0,0.281142
0.375,0.505,24.1307,2.1203,1.03388,186.448,0.777353,-1.81619,0,0.281142
0.375,0.515,22.5786,1.73456,1.17456,178.809,0.777353,-1.81619,0,0.281142
0.375,0.525,19.152,1.12797,1.28043,176.919,0.777353,-1.81619,0,0.281142
0.375,0.535,13.9791,-0.39083,1.49637,182.293,0.777353,-1.81619,0,0.281142
0.375,0.545,10.8979,-4.08539,2.05143,189.295,0.777353,-1.81619,0,0.281142
0.375,0.555,12.4594,-9.01412,2.75421,178.979,0.777353,-1.81619,0,0.281142
0.375,0.565,20.3716,-12.4009,3.0255,153.985,0.777353,-1.81619,0,0.281142
0.375,0.575,37.7755,-13.93,2.93771,128.527,0.777353,-1.81619,0,0.281142
0.375,0.585,67.8004,-14.5235,2.82289,111.083,0.777353,-1.81619,0,0.281142
0.375,0.595,111.834,-14.764,2.76008,101.496,0.777353,-1.81619,0,0.281142
0.375,0.605,169.209,-14.8735,2.73195,98.0277,0.777353,-1.81619,0,0.281142
0.375,0.615,237.97,-14.9284,2.72898,100.402,0.777353,-1.81619,0,0.281142
0.375,0.625,316.036,-14.9576,2.74526,108.617,0.777353,-1.81619,0,0.281142
0.375,0.635,400.988,-14.9737,2.77345,121.632,0.777353,-1.81619,0,0.281142
0.375,0.645,489.478,-14.9831,2.8066,137.689,0.777353,-1.81619,0,0.281142
0.375,0.655,577.38,-14.9889,2.83994,154.994,0.777353,-1.81619,0,0.281142
0.375,0.665,660.539,-14.9926,2.87087,172.096,0.777353,-1.81619,0,0.281142
0.375,0.675,735.55,-14.995,2.89823,187.976,0.777353,-1.81619,0,0.281142
0.375,0.685,800.212,-14.9967,2.92164,202.015,0.777353,-1.81619,0,0.281142
0.375,0.695,853.615,-14.9979,2.94111,213.919,0.777353,-1.81619,0,0.281142
0.375,0.705,895.966,-14.9986,2.95688,223.637,0.777353,-1.81619,0,0.281142
0.375,0.715,928.278,-14.9992,2.96928,231.293,0.777353,-1.81619,0,0.281142
0.375,0.725,952.03,-14.9995,2.97875,237.116,0.777353,-1.81619,0,0.281142
0.375,0.735,968.872,-14.9997,2.98574,241.395,0.777353,-1.81619,0,0.281142
0.375,0.745,980.401,-14.9998,2.99073,244.429,0.777353,-1.81619,0,0.281142
0.375,0.755,988.027,-14.9999,2.99416,246.507,0.777353,-1.81619,0,0.281142
0.375,0.765,992.902,-15,2.99644,247.878,0.777353,-1.81619,0,0.281142
0.375,0.775,995.916,-15,2.9979,248.753,0.777353,-1.81619,0,0.281142
0.375,0.785,997.72,-15,2.9988,249.29,0.777353,-1.81619,0,0.281142
0.375,0.795,998.764,-15,2.99934,249.608,0.777353,-1.81619,0,0.281142
0.375,0.805,999.349,-15,2.99965,249.791,0.777353,-1.81619,0,0.281142
0.375,0.815,999.667,-15,2.99982,249.892,0.777353,-1.81619,0,0.281142
0.375,0.825,999.835,-15,2.99991,249.946,0.777353,-1.81619,0,0.281142
0.375,0.835,999.92,-15,2.99996,249.973,0.777353,-1.81619,0,0.281142
0.375,0.845,999.963,-15,2.99998,249.987,0.777353,-1.81619,0,0.281142
0.375,0.855,999.983,-15,2.99999,249.994,0.777353,-1.81619,0,0.281142
0.375,0.865,999.992,-15,3,249.997,0.777353,-1.81619,0,0.281142
0.375,0.875,999.997,-15,3,249.999,0.777353,-1.81619,0,0.281142
0.375,0.885,999.999,-15,3,250,0.777353,-1.81619,0,0.281142
0.375,0.895,999.999,-15,3,250,0.777353,-1.81619,0,0.281142
0.375,0.905,1000,-15,3,250,0.777353,-1.81619,0,0.281142
0.375,0.915,1000,-15,3,250,0.777353,-1.81619,0,0.281142
0.375,0.925,1000,-15,3,250,0.777353,-1.81619,0,0.281142
0.375,0.935,1000,-15,3,250,0.777353,-1.81619,0,0.281142
0.375,0.945,1000,-15,3,250,0.777353,-1.81619,0,0.281142
0.375,0.955,1000,-15,3,250,0.777353,-1.81619,0,0.281142
0.375,0.965,1000,-15,3,250,0.777353,-1.81619,0,0.281142
0.375,0.975,1000,-15,3,250,0.777353,-1.81619,0,0.281142
0.375,0.985,1000,-15,3,250,0.777353,-1.81619,0,0.281142
0.375,0.995,1000,-15,3,250,0.777353,-1.81619,0,0.281142
0.385,0.005,32.953,4.97229,-15.6493,562.522,0.609889,-1.64768,0,0.200176
0.385,0.015,34.6248,5.12894,-15.3405,596.745,0.609889,-1.64768,0,0.200176
0.385,0.025,36.2618,5.27827,-15.0287,630.841,0.609889,-1.64768,0,0.200176
0.385,0.035,37.8532,5.41782,-14.7149,664.666,0.609889,-1.64768,0,0.200176
0.385,0.045,39.3707,5.54786,-14.4,697.63,0.609889,-1.64768,0,0.200176
0.385,0.055,40.785,5.66887,-14.0855,729.087,0.609889,-1.64768,0,0.200176
0.385,0.065,42.0702,5.7813,-13.7725,758.44,0.609889,-1.64768,0,0.200176
0.385,0.075,43.2053,5.88575,-13.4618,785.171,0.609889,-1.64768,0,0.200176
0.385,0.085,44.1753,5.98289,-13.1542,808.86,0.609889,-1.64768,0,0.200176
0.385,0.095,44.9724,6.07352,-12.85,829.231,0.609889,-1.64768,0,0.200176
0.385,0.105,45.5969,6.15846,-12.5486,846.164,0.609889,-1.64768,0,0.200176
0.385,0.115,46.0566,6.23839,-12.2494,859.705,0.609889,-1.64768,0,0.200176
0.385,0.125,46.3653,6.31376,-11.9509,870.028,0.609889,-1.64768,0,0.200176
0.385,0.135,46.5403,6.38469,-11.6516,877.391,0.609889,-1.64768,0,0.200176
0.385,0.145,46.6002,6.45097,-11.3499,882.08,0.609889,-1.64768,0,0.200176
0.385,0.155,46.562,6.51212,-11.0444,884.348,0.609889,-1.64768,0,0.200176
0.385,0.165,46.4404,6.56744,-10.7342,884.391,0.609889,-1.64768,0,0.200176
0.385,0.175,46.247,6.61616,-10.4185,882.334,0.609889,-1.64768,0,0.200176
0.385,0.185,45.9912,6.65752,-10.0969,878.248,0.609889,-1.64768,0,0.200176
0.385,0.195,45.6808,6.69077,-9.76935,872.168,0.609889,-1.64768,0,0.200176
0.385,0.205,45.3226,6.71518,-9.43569,864.115,0.609889,-1.64768,0,0.200176
0.385,0.215,44.9229,6.73006,-9.09596,854.109,0.609889,-1.64768,0,0.200176
0.385,0.225,44.488,6.73471,-8.75026,842.178,0.609889,-1.64768,0,0.200176
0.385,0.235,44.0234,6.72846,-8.3987,828.361,0.609889,-1.64768,0,0.200176
0.385,0.245,43.5344,6.71064,-8.04149,812.706,0.609889,-1.64768,0,0.200176
0.385,0.255,43.0256,6.68065,-7.67889,795.272,0.609889,-1.64768,0,0.200176
0.385,0.265,42.5008,6.63792,-7.31129,776.124,0.609889,-1.64768,0,0.200176
0.385,0.275,41.9625,6.582,-6.93915,755.338,0.609889,-1.64768,0,0.200176
0.385,0.285,41.4123,6.51252,-6.56301,732.998,0.609889,-1.64768,0,0.200176
0.385,0.295,40.8507,6.42924,-6.18354,709.199,0.609889,-1.64768,0,0.200176
0.385,0.305,40.2767,6.33202,-5.80143,684.047,0.609889,-1.64768,0,0.200176
0.385,0.315,39.6885,6.22085,-5.41747,657.66,0.609889,-1.64768,0,0.200176
0.385,0.325,39.0832,6.09579,-5.03242,630.185,0.609889,-1.64768,0,0.200176
0.385,0.335,38.4927,5.95697,-4.64275,602.56,0.609889,-1.64768,0,0.200176
0.385,0.345,37.8943,5.80664,-4.25161,574.513,0.609889,-1.64768,0,0.200176
0.385,0.355,37.2579,5.64638,-3.86302,545.678,0.609889,-1.64768,0,0.200176
0.385,0.365,36.5766,5.47697,-3.47793,516.237,0.609889,-1.64768,0,0.200176
0.385,0.375,35.843,5.29933,-3.09699,486.385,0.609889,-1.64768,0,0.200176
0.385,0.385,35.0502,5.11435,-2.72075,456.334,0.609889,-1.64768,0,0.200176
0.385,0.395,34.1924,4.92288,-2.34961,426.31,0.609889,-1.64768,0,0.200176
0.385,0.405,33.2655,4.72566,-1.98398,396.55,0.609889,-1.64768,0,0.200176
0.385,0.415,32.269,4.52326,-1.6242,367.309,0.609889,-1.64768,0,0.200176
0.385,0.425,31.206,4.316,-1.2707,338.853,0.609889,-1.64768,0,0.200176
0.385,0.435,30.0869,4.10388,-0.924118,311.484,0.609889,-1.64768,0,0.200176
0.385,0.445,28.9284,3.88592,-0.585196,285.522,0.609889,-1.64768,0,0.200176
0.385,0.455,27.721,3.66658,-0.256302,260.824,0.609889,-1.64768,0,0.200176
0.385,0.465,26.524,3.42997,0.0594493,237.676,0.609889,-1.64768,0,0.200176
0.385,0.475,25.3527,3.17453,0.358023,216.6,0.609889,-1.64768,0,0.200176
0.385,0.485,24.2385,2.90921,0.630714,198.301,0.609889,-1.64768,0,0.200176
0.385,0.495,23.2744,2.62418,0.863837,183.66,0.609889,-1.64768,0,0.200176
0.385,0.505,22.4639,2.29663,1.04359,173.36,0.609889,-1.64768,0,0.200176
0.385,0.515,20.9237,1.90253,1.16465,167.667,0.609889,-1.64768,0,0.200176
0.385,0.525,17.3735,1.23823,1.26436,167.306,0.609889,-1.64768,0,0.200176
0.385,0.535,12.422,-0.520446,1.5134,173.68,0.609889,-1.64768,0,0.200176
0.385,0.545,9.99753,-4.57312,2.11848,178.281,0.609889,-1.64768,0,0.200176
0.385,0.555,12.0526,-9.46738,2.77668,166.139,0.609889,-1.64768,0,0.200176
0.385,0.565,20.2047,-12.6206,2.98036,142.044,0.609889,-1.64768,0,0.200176
0.385,0.575,37.6795,-14.0076,2.89179,120.024,0.609889,-1.64768,0,0.200176
0.385,0.585,67.7528,-14.547,2.80052,106.447,0.609889,-1.64768,0,0.200176
0.385,0.595,111.889,-14.7711,2.75119,99.2667,0.609889,-1.64768,0,0.200176
0.385,0.605,169.27,-14.8761,2.7275,96.7467,0.609889,-1.64768,0,0.200176
0.385,0.615,237.897,-14.9297,2.72591,99.4615,0.609889,-1.64768,0,0.200176
0.385,0.625,315.808,-14.9583,2.74308,107.904,0.609889,-1.64768,0,0.200176
0.385,0.635,400.691,-14.9741,2.77206,121.139,0.609889,-1.64768,0,0.200176
0.385,0.645,489.205,-14.9833,2.80582,137.381,0.609889,-1.64768,0,0.200176
0.385,0.655,577.176,-14.989,2.83953,154.819,0.609889,-1.64768,0,0.200176
0.385,0.665,660.408,-14.9926,2.87067,172.004,0.609889,-1.64768,0,0.200176
0.385,0.675,735.475,-14.9951,2.89814,187.931,0.609889,-1.64768,0,0.200176
0.385,0.685,800.172,-14.9967,2.9216,201.994,0.609889,-1.64768,0,0.200176
0.385,0.695,853.596,-14.9979,2.94109,213.909,0.609889,-1.64768,0,0.200176
0.385,0.705,895.958,-14.9986,2.95687,223.633,0.609889,-1.64768,0,0.200176
0.385,0.715,928.274,-14.9992,2.96928,231.291,0.609889,-1.64768,0,0.200176
0.385,0.725,952.028,-14.9995,2.97874,237.116,0.609889,-1.64768,0,0.200176
0.385,0.735,968.871,-14.9997,2.98574,241.394,0.609889,-1.64768,0,0.200176
0.385,0.745,980.401,-14.9998,2.99073,244.429,0.609889,-1.64768,0,0.200176
0.385,0.755,988.027,-14.9999,2.99416,246.507,0.609889,-1.64768,0,0.200176
0.385,0.765,992.902,-15,2.99644,247.878,0.609889,-1.64768,0,0.200176
0.385,0.775,995.916,-15,2.9979,248.753,0.609889,-1.64768,0,0.200176
0.385,0.785,997.72,-15,2.9988,249.29,0.609889,-1.64768,0,0.200176
0.385,0.795,998.764,-15,2.99934,249.608,0.609889,-1.64768,0,0.200176
0.385,0.805,999.349,-15,2.99965,249.791,0.609889,-1.64768,0,0.200176
0.385,0.815,999.667,-15,2.99982,249.892,0.609889,-1.64768,0,0.200176
0.385,0.825,999.835,-15,2.99991,249.946,0.609889,-1.64768,0,0.200176
0.385,0.835,999.92,-15,2.99996,249.973,0.609889,-1.64768,0,0.200176
0.385,0.845,999.963,-15,2.99998,249.987,0.609889,-1.64768,0,0.200176
0.385,0.855,999.983,-15,2.99999,249.994,0.609889,-1.64768,0,0.200176
0.385,0.865,999.992,-15,3,249.997,0.609889,-1.64768,0,0.200176
0.385,0.875,999.997,-15,3,249.999,0.609889,-1.64768,0,0.200176
0.385,0.885,999.999,-15,3,250,0.609889,-1.64768,0,0.200176
0.385,0.895,999.999,-15,3,250,0.609889,-1.64768,0,0.200176
0.385,0.905,1000,-15,3,250,0.609889,-1.64768,0,0.200176
0.385,0.915,1000,-15,3,250,0.609889,-1.64768,0,0.200176
0.385,0.925,1000,-15,3,250,0.609889,-1.64768,0,0.200176
0.385,0.935,1000,-15,3,250,0.609889,-1.64768,0,0.200176
0.385,0.945,1000,-15,3,250,0.609889,-1.64768,0,0.200176
0.385,0.955,1000,-15,3,250,0.609889,-1.64768,0,0.200176
0.385,0.965,1000,-15,3,250,0.609889,-1.64768,0,0.200176
0.385,0.975,1000,-15,3,250,0.609889,-1.64768,0,0.200176
0.385,0.985,1000,-15,3,250,0.609889,-1.64768,0,0.200176
0.385,0.995,1000,-15,3,250,0.609889,-1.64768,0,0.200176
0.395,0.005,31.6726,5.21239,-15.4991,530.872,0.472617,-1.47916,0,0.140079
0.395,0.015,33.2097,5.36028,-15.1948,561.966,0.472617,-1.47916,0,0.140079
0.395,0.025,34.7228,5.49949,-14.8868,593.163,0.472617,-1.47916,0,0.140079
0.395,0.035,36.1855,5.63034,-14.5762,623.928,0.472617,-1.47916,0,0.140079
0.395,0.045,37.5729,5.75301,-14.2643,653.74,0.472617,-1.47916,0,0.140079
0.395,0.055,38.8618,5.86765,-13.9521,682.092,0.472617,-1.47916,0,0.140079
0.395,0.065,40.031,5.97454,-13.6407,708.497,0.472617,-1.47916,0,0.140079
0.395,0.075,41.0633,6.07408,-13.331,732.524,0.472617,-1.47916,0,0.140079
0.395,0.085,41.9462,6.16684,-13.0236,753.823,0.472617,-1.47916,0,0.140079
0.395,0.095,42.6733,6.25345,-12.7187,772.153,0.472617,-1.47916,0,0.140079
0.395,0.105,43.2443,6.33457,-12.4161,787.397,0.472617,-1.47916,0,0.140079
0.395,0.115,43.6655,6.41076,-12.115,799.571,0.472617,-1.47916,0,0.140079
0.395,0.125,43.9481,6.4824,-11.8144,808.798,0.472617,-1.47916,0,0.140079
0.395,0.135,44.1066,6.54958,-11.513,815.277,0.472617,-1.47916,0,0.140079
0.395,0.145,44.1567,6.6121,-11.2093,819.235,0.472617,-1.47916,0,0.140079
0.395,0.155,44.1136,6.66951,-10.9021,820.889,0.472617,-1.47916,0,0.140079
0.395,0.165,43.9906,6.72118,-10.5904,820.417,0.472617,-1.47916,0,0.140079
0.395,0.175,43.7987,6.76638,-10.2736,817.942,0.472617,-1.47916,0,0.140079
0.395,0.185,43.5468,6.80436,-9.95126,813.545,0.472617,-1.47916,0,0.140079
0.395,0.195,43.2424,6.83438,-9.62313,807.273,0.472617,-1.47916,0,0.140079
0.395,0.205,42.892,6.85575,-9.28919,799.157,0.472617,-1.47916,0,0.140079
0.395,0.215,42.5014,6.86778,-8.94946,789.224,0.472617,-1.47916,0,0.140079
0.395,0.225,42.0759,6.86982,-8.60403,777.509,0.472617,-1.47916,0,0.140079
0.395,0.235,41.6207,6.86122,-8.25306,764.051,0.472617,-1.47916,0,0.140079
0.395,0.245,41.1403,6.84139,-7.89678,748.901,0.472617,-1.47916,0,0.140079
0.395,0.255,40.6386,6.80974,-7.53546,732.118,0.472617,-1.47916,0,0.140079
0.395,0.265,40.1187,6.7658,-7.1695,713.771,0.472617,-1.47916,0,0.140079
0.395,0.275,39.5831,6.70912,-6.79936,693.936,0.472617,-1.47916,0,0.140079
0.395,0.285,39.0328,6.63941,-6.42558,672.698,0.472617,-1.47916,0,0.140079
0.395,0.295,38.4683,6.55643,-6.04879,650.151,0.472617,-1.47916,0,0.140079
0.395,0.305,37.8886,6.46009,-5.66969,626.402,0.472617,-1.47916,0,0.140079
0.395,0.315,37.2921,6.35037,-5.28902,601.568,0.472617,-1.47916,0,0.140079
0.395,0.325,36.6787,6.2273,-4.90719,575.843,0.472617,-1.47916,0,0.140079
0.395,0.335,36.0822,6.09119,-4.52032,550.16,0.472617,-1.47916,0,0.140079
0.395,0.345,35.4666,5.94445,-4.1334,523.954,0.472617,-1.47916,0,0.140079
0.395,0.355,34.8141,5.7882,-3.74913,497.103,0.472617,-1.47916,0,0.140079
0.395,0.365,34.1189,5.62318,-3.36835,469.774,0.472617,-1.47916,0,0.140079
0.395,0.375,33.3748,5.45026,-2.99174,442.144,0.472617,-1.47916,0,0.140079
0.395,0.385,32.5765,5.27029,-2.61982,414.406,0.472617,-1.47916,0,0.140079
0.395,0.395,31.7198,5.08408,-2.25302,386.767,0.472617,-1.47916,0,0.140079
0.395,0.405,30.8024,4.89231,-1.89177,359.443,0.472617,-1.47916,0,0.140079
0.395,0.415,29.8249,4.69554,-1.5365,332.663,0.472617,-1.47916,0,0.140079
0.395,0.425,28.7919,4.49411,-1.18778,306.669,0.472617,-1.47916,0,0.140079
0.395,0.435,27.7132,4.288,-0.846401,281.722,0.472617,-1.47916,0,0.140079
0.395,0.445,26.6057,4.07665,-0.513687,258.107,0.472617,-1.47916,0,0.140079
0.395,0.455,25.5001,3.85751,-0.191641,236.188,0.472617,-1.47916,0,0.140079
0.395,0.465,24.4723,3.6087,0.117809,216.36,0.472617,-1.47916,0,0.140079
0.395,0.475,23.4341,3.35332,0.408523,198.025,0.472617,-1.47916,0,0.140079
0.395,0.485,22.4611,3.08852,0.668693,182.238,0.472617,-1.47916,0,0.140079
0.395,0.495,21.6465,2.80243,0.885042,169.944,0.472617,-1.47916,0,0.140079
0.395,0.505,20.9406,2.47207,1.0452,161.682,0.472617,-1.47916,0,0.140079
0.395,0.515,19.3647,2.06692,1.14863,157.637,0.472617,-1.47916,0,0.140079
0.395,0.525,15.6819,1.32618,1.24764,158.623,0.472617,-1.47916,0,0.140079
0.395,0.535,11.0541,-0.712987,1.53679,165.704,0.472617,-1.47916,0,0.140079
0.395,0.545,9.25366,-5.08951,2.183,167.602,0.472617,-1.47916,0,0.140079
0.395,0.555,11.7236,-9.88694,2.78224,154.156,0.472617,-1.47916,0,0.140079
0.395,0.565,20.051,-12.8112,2.92897,131.343,0.472617,-1.47916,0,0.140079
0.395,0.575,37.5837,-14.0713,2.8503,112.945,0.472617,-1.47916,0,0.140079
0.395,0.585,67.7499,-14.5653,2.78308,102.905,0.472617,-1.47916,0,0.140079
0.395,0.595,112.012,-14.7766,2.74473,97.6032,0.472617,-1.47916,0,0.140079
0.395,0.605,169.376,-14.8783,2.72384,95.6766,0.472617,-1.47916,0,0.140079
0.395,0.615,237.834,-14.9309,2.72302,98.5826,0.472617,-1.47916,0,0.140079
0.395,0.625,315.575,-14.9589,2.74095,107.214,0.472617,-1.47916,0,0.140079
0.395,0.635,400.392,-14.9745,2.77072,120.662,0.472617,-1.47916,0,0.140079
0.395,0.645,488.938,-14.9835,2.80507,137.089,0.472617,-1.47916,0,0.140079
0.395,0.655,576.983,-14.989,2.83915,154.656,0.472617,-1.47916,0,0.140079
0.395,0.665,660.287,-14.9926,2.87049,171.919,0.472617,-1.47916,0,0.140079
0.395,0.675,735.407,-14.9951,2.89806,187.89,0.472617,-1.47916,0,0.140079
0.395,0.685,800.138,-14.9967,2.92156,201.976,0.472617,-1.47916,0,0.140079
0.395,0.695,853.58,-14.9979,2.94108,213.901,0.472617,-1.47916,0,0.140079
0.395,0.705,895.95,-14.9986,2.95686,223.63,0.472617,-1.47916,0,0.140079
0.395,0.715,928.271,-14.9992,2.96927,231.29,0.472617,-1.47916,0,0.140079
0.395,0.725,952.027,-14.9995,2.97874,237.115,0.472617,-1.47916,0,0.140079
0.395,0.735,968.871,-14.9997,2.98574,241.394,0.472617,-1.47916,0,0.140079
0.395,0.745,980.401,-14.9998,2.99073,244.429,0.472617,-1.47916,0,0.140079
0.395,0.755,988.027,-14.9999,2.99416,246.507,0.472617,-1.47916,0,0.140079
0.395,0.765,992.902,-15,2.99644,247.878,0.472617,-1.47916,0,0.140079
0.395,0.775,995.916,-15,2.9979,248.753,0.472617,-1.47916,0,0.140079
0.395,0.785,997.72,-15,2.9988,249.29,0.472617,-1.47916,0,0.140079
0.395,0.795,998.764,-15,2.99934,249.608,0.472617,-1.47916,0,0.140079
0.395,0.805,999.349,-15,2.99965,249.791,0.472617,-1.47916,0,0.140079
0.395,0.815,999.667,-15,2.99982,249.892,0.472617,-1.47916,0,0.140079
0.395,0.825,999.835,-15,2.99991,249.946,0.472617,-1.47916,0,0.140079
0.395,0.835,999.92,-15,2.99996,249.973,0.472617,-1.47916,0,0.140079
0.395,0.845,999.963,-15,2.99998,249.987,0.472617,-1.47916,0,0.140079
0.395,0.855,999.983,-15,2.99999,249.994,0.472617,-1.47916,0,0.140079
0.395,0.865,999.992,-15,3,249.997,0.472617,-1.47916,0,0.140079
0.395,0.875,999.997,-15,3,249.999,0.472617,-1.47916,0,0.140079
0.395,0.885,999.999,-15,3,250,0.472617,-1.47916,0,0.140079
0.395,0.895,999.999,-15,3,250,0.472617,-1.47916,0,0.140079
0.395,0.905,1000,-15,3,250,0.472617,-1.47916,0,0.140079
0.395,0.915,1000,-15,3,250,0.472617,-1.47916,0,0.140079
0.395,0.925,1000,-15,3,250,0.472617,-1.47916,0,0.140079
0.395,0.935,1000,-15,3,250,0.472617,-1.47916,0,0.140079
0.395,0.945,1000,-15,3,250,0.472617,-1.47916,0,0.140079
0.395,0.955,1000,-15,3,250,0.472617,-1.47916,0,0.140079
0.395,0.965,1000,-15,3,250,0.472617,-1.47916,0,0.140079
0.395,0.975,1000,-15,3,250,0.472617,-1.47916,0,0.140079
0.395,0.985,1000,-15,3,250,0.472617,-1.47916,0,0.140079
0.395,0.995,1000,-15,3,250,0.472617,-1.47916,0,0.140079
0.405,0.005,30.4267,5.43946,-15.3543,501.015,0.361255,-1.31064,0,0.0961612
0.405,0.015,31.8468,5.57842,-15.0534,529.422,0.361255,-1.31064,0,0.0961612
0.405,0.025,33.2371,5.70984,-14.7484,557.756,0.361255,-1.31064,0,0.0961612
0.405,0.035,34.5757,5.83381,-14.4406,585.577,0.361255,-1.31064,0,0.0961612
0.405,0.045,35.8414,5.95035,-14.1311,612.449,0.361255,-1.31064,0,0.0961612
0.405,0.055,37.0147,6.05953,-13.8208,637.945,0.361255,-1.31064,0,0.0961612
0.405,0.065,38.078,6.16153,-13.5109,661.656,0.361255,-1.31064,0,0.0961612
0.405,0.075,39.0166,6.25669,-13.202,683.22,0.361255,-1.31064,0,0.0961612
0.405,0.085,39.8202,6.34545,-12.8948,702.335,0.361255,-1.31064,0,0.0961612
0.405,0.095,40.483,6.42833,-12.5894,718.791,0.361255,-1.31064,0,0.0961612
0.405,0.105,41.0047,6.50588,-12.2857,732.476,0.361255,-1.31064,0,0.0961612
0.405,0.115,41.3901,6.57856,-11.9831,743.383,0.361255,-1.31064,0,0.0961612
0.405,0.125,41.6484,6.64667,-11.6807,751.595,0.361255,-1.31064,0,0.0961612
0.405,0.135,41.7915,6.71029,-11.3773,757.263,0.361255,-1.31064,0,0.0961612
0.405,0.145,41.8329,6.76922,-11.0718,760.57,0.361255,-1.31064,0,0.0961612
0.405,0.155,41.7858,6.82307,-10.7631,761.698,0.361255,-1.31064,0,0.0961612
0.405,0.165,41.6622,6.87124,-10.4502,760.803,0.361255,-1.31064,0,0.0961612
0.405,0.175,41.4724,6.91306,-10.1324,758.007,0.361255,-1.31064,0,0.0961612
0.405,0.185,41.225,6.9478,-9.80944,753.393,0.361255,-1.31064,0,0.0961612
0.405,0.195,40.9269,6.97476,-9.48098,747.017,0.361255,-1.31064,0,0.0961612
0.405,0.205,40.5842,6.99326,-9.14697,738.919,0.361255,-1.31064,0,0.0961612
0.405,0.215,40.2024,7.00262,-8.80745,729.134,0.361255,-1.31064,0,0.0961612
0.405,0.225,39.7863,7.00224,-8.46252,717.698,0.361255,-1.31064,0,0.0961612
0.405,0.235,39.3403,6.9915,-8.11237,704.657,0.361255,-1.31064,0,0.0961612
0.405,0.245,38.8685,6.96985,-7.75722,690.06,0.361255,-1.31064,0,0.0961612
0.405,0.255,38.3743,6.93677,-7.39737,673.969,0.361255,-1.31064,0,0.0961612
0.405,0.265,37.8604,6.8918,-7.03323,656.453,0.361255,-1.31064,0,0.0961612
0.405,0.275,37.3287,6.83457,-6.66523,637.587,0.361255,-1.31064,0,0.0961612
0.405,0.285,36.7804,6.7648,-6.29394,617.458,0.361255,-1.31064,0,0.0961612
0.405,0.295,36.2156,6.68228,-5.91994,596.159,0.361255,-1.31064,0,0.0961612
0.405,0.305,35.6337,6.58694,-5.54392,573.794,0.361255,-1.31064,0,0.0961612
0.405,0.315,35.0332,6.47875,-5.16658,550.478,0.361255,-1.31064,0,0.0961612
0.405,0.325,34.4183,6.35773,-4.7878,526.479,0.361255,-1.31064,0,0.0961612
0.405,0.335,33.8184,6.22447,-4.40406,502.599,0.361255,-1.31064,0,0.0961612
0.405,0.345,33.193,6.08123,-4.0213,478.169,0.361255,-1.31064,0,0.0961612
0.405,0.355,32.5319,5.92888,-3.64128,453.212,0.361255,-1.31064,0,0.0961612
0.405,0.365,31.8309,5.76812,-3.26474,427.886,0.361255,-1.31064,0,0.0961612
0.405,0.375,31.0848,5.59975,-2.89236,402.352,0.361255,-1.31064,0,0.0961612
0.405,0.385,30.2898,5.42458,-2.52466,376.787,0.361255,-1.31064,0,0.0961612
0.405,0.395,29.4429,5.24336,-2.16209,351.378,0.361255,-1.31064,0,0.0961612
0.405,0.405,28.5433,5.05674,-1.80511,326.322,0.361255,-1.31064,0,0.0961612
0.405,0.415,27.5928,4.86525,-1.45425,301.828,0.361255,-1.31064,0,0.0961612
0.405,0.425,26.597,4.66919,-1.11019,278.115,0.361255,-1.31064,0,0.0961612
0.405,0.435,25.566,4.46855,-0.773947,255.418,0.361255,-1.31064,0,0.0961612
0.405,0.445,24.517,4.2628,-0.447178,234.001,0.361255,-1.31064,0,0.0961612
0.405,0.455,23.4817,4.04789,-0.132394,214.183,0.361255,-1.31064,0,0.0961612
0.405,0.465,22.5348,3.80037,0.167781,196.417,0.361255,-1.31064,0,0.0961612
0.405,0.475,21.6545,3.53656,0.448137,180.959,0.361255,-1.31064,0,0.0961612
0.405,0.485,20.841,3.2677,0.696578,167.767,0.361255,-1.31064,0,0.0961612
0.405,0.495,20.1707,2.97942,0.897055,157.673,0.361255,-1.31064,0,0.0961612
0.405,0.505,19.5396,2.64624,1.03871,151.229,0.361255,-1.31064,0,0.0961612
0.405,0.515,17.8837,2.22601,1.12703,148.609,0.361255,-1.31064,0,0.0961612
0.405,0.525,14.0874,1.38473,1.23195,150.797,0.361255,-1.31064,0,0.0961612
0.405,0.535,9.87519,-0.97196,1.56747,158.178,0.361255,-1.31064,0,0.0961612
0.405,0.545,8.65664,-5.61292,2.24112,157.618,0.361255,-1.31064,0,0.0961612
0.405,0.555,11.4515,-10.2707,2.77037,142.979,0.361255,-1.31064,0,0.0961612
0.405,0.565,19.9022,-12.9747,2.87361,121.857,0.361255,-1.31064,0,0.0961612
0.405,0.575,37.4968,-14.1224,2.81427,107.209,0.361255,-1.31064,0,0.0961612
0.405,0.585,67.8005,-14.579,2.77033,100.315,0.361255,-1.31064,0,0.0961612
0.405,0.595,112.2,-14.7807,2.74028,96.3875,0.361255,-1.31064,0,0.0961612
0.405,0.605,169.512,-14.8802,2.72071,94.7513,0.361255,-1.31064,0,0.0961612
0.405,0.615,237.769,-14.932,2.72021,97.7371,0.361255,-1.31064,0,0.0961612
0.405,0.625,315.333,-14.9596,2.73883,106.536,0.361255,-1.31064,0,0.0961612
0.405,0.635,400.092,-14.9748,2.7694,120.199,0.361255,-1.31064,0,0.0961612
0.405,0.645,488.678,-14.9837,2.80435,136.811,0.361255,-1.31064,0,0.0961612
0.405,0.655,576.801,-14.9891,2.8388,154.505,0.361255,-1.31064,0,0.0961612
0.405,0.665,660.177,-14.9927,2.87033,171.843,0.361255,-1.31064,0,0.0961612
0.405,0.675,735.347,-14.9951,2.89799,187.854,0.361255,-1.31064,0,0.0961612
0.405,0.685,800.108,-14.9967,2.92153,201.96,0.361255,-1.31064,0,0.0961612
0.405,0.695,853.566,-14.9979,2.94107,213.895,0.361255,-1.31064,0,0.0961612
0.405,0.705,895.944,-14.9986,2.95686,223.627,0.361255,-1.31064,0,0.0961612
0.405,0.715,928.269,-14.9992,2.96927,231.289,0.361255,-1.31064,0,0.0961612
0.405,0.725,952.026,-14.9995,2.97874,237.115,0.361255,-1.31064,0,0.0961612
0.405,0.735,968.87,-14.9997,2.98574,241.394,0.361255,-1.31064,0,0.0961612
0.405,0.745,980.401,-14.9998,2.99073,244.429,0.361255,-1.31064,0,0.0961612
0.405,0.755,988.027,-14.9999,2.99416,246.506,0.361255,-1.31064,0,0.0961612
0.405,0.765,992.902,-15,2.99644,247.878,0.361255,-1.31064,0,0.0961612
0.405,0.775,995.916,-15,2.9979,248.753,0.361255,-1.31064,0,0.0961612
0.405,0.785,997.72,-15,2.9988,249.29,0.361255,-1.31064,0,0.0961612
0.405,0.795,998.764,-15,2.99934,249.608,0.361255,-1.31064,0,0.0961612
0.405,0.805,999.349,-15,2.99965,249.791,0.361255,-1.31064,0,0.0961612
0.405,0.815,999.667,-15,2.99982,249.892,0.361255,-1.31064,0,0.0961612
0.405,0.825,999.835,-15,2.99991,249.946,0.361255,-1.31064,0,0.0961612
0.405,0.835,999.92,-15,2.99996,249.973,0.361255,-1.31064,0,0.0961612
0.405,0.845,999.963,-15,2.99998,249.987,0.361255,-1.31064,0,0.0961612
0.405,0.855,999.983,-15,2.99999,249.994,0.361255,-1.31064,0,0.0961612
0.405,0.865,999.992,-15,3,249.997,0.361255,-1.31064,0,0.0961612
0.405,0.875,999.997,-15,3,249.999,0.361255,-1.31064,0,0.0961612
0.405,0.885,999.999,-15,3,250,0.361255,-1.31064,0,0.0961612
0.405,0.895,999.999,-15,3,250,0.361255,-1.31064,0,0.0961612
0.405,0.905,1000,-15,3,250,0.361255,-1.31064,0,0.0961612
0.405,0.915,1000,-15,3,250,0.361255,-1.31064,0,0.0961612
0.405,0.925,1000,-15,3,250,0.361255,-1.31064,0,0.0961612
0.405,0.935,1000,-15,3,250,0.361255,-1.31064,0,0.0961612
0.405,0.945,1000,-15,3,250,0.361255,-1.31064,0,0.0961612
0.405,0.955,1000,-15,3,250,0.361255,-1.31064,0,0.0961612
0.405,0.965,1000,-15,3,250,0.361255,-1.31064,0,0.0961612
0.405,0.975,1000,-15,3,250,0.361255,-1.31064,0,0.0961612
0.405,0.985,1000,-15,3,250,0.361255,-1.31064,0,0.0961612
0.405,0.995,1000,-15,3,250,0.361255,-1.31064,0,0.0961612
0.415,0.005,29.2176,5.65459,-15.2129,472.862,0.271951,-1.14212,0,0.064617
0.415,0.015,30.5209,5.7868,-14.9151,498.603,0.271951,-1.14212,0,0.064617
0.415,0.025,31.7939,5.91191,-14.6129,524.217,0.271951,-1.14212,0,0.064617
0.415,0.035,33.0164,6.03005,-14.3076,549.305,0.271951,-1.14212,0,0.064617
0.415,0.045,34.1702,6.14125,-14.0002,573.482,0.271951,-1.14212,0,0.064617
0.415,0.055,35.238,6.24557,-13.6918,596.379,0.271951,-1.14212,0,0.064617
0.415,0.065,36.205,6.34317,-13.3832,617.648,0.271951,-1.14212,0,0.064617
0.415,0.075,37.0586,6.43431,-13.0751,636.978,0.271951,-1.14212,0,0.064617
0.415,0.085,37.79,6.51936,-12.7681,654.109,0.271951,-1.14212,0,0.064617
0.415,0.095,38.3941,6.59875,-12.4623,668.855,0.271951,-1.14212,0,0.064617
0.415,0.105,38.8705,6.67293,-12.1576,681.11,0.271951,-1.14212,0,0.064617
0.415,0.115,39.2228,6.74227,-11.8537,690.85,0.271951,-1.14212,0,0.064617
0.415,0.125,39.4584,6.80703,-11.5497,698.131,0.271951,-1.14212,0,0.064617
0.415,0.135,39.5873,6.86725,-11.2447,703.064,0.271951,-1.14212,0,0.064617
0.415,0.145,39.6208,6.92276,-10.9376,705.794,0.271951,-1.14212,0,0.064617
0.415,0.155,39.5705,6.97321,-10.6275,706.473,0.271951,-1.14212,0,0.064617
0.415,0.165,39.4472,7.01803,-10.3135,705.24,0.271951,-1.14212,0,0.064617
0.415,0.175,39.2602,7.05662,-9.99504,702.206,0.271951,-1.14212,0,0.064617
0.415,0.185,39.0176,7.08827,-9.6716,697.457,0.271951,-1.14212,0,0.064617
0.415,0.195,38.726,7.11232,-9.34297,691.054,0.271951,-1.14212,0,0.064617
0.415,0.205,38.3912,7.12809,-9.00909,683.044,0.271951,-1.14212,0,0.064617
0.415,0.215,38.0181,7.13497,-8.66999,673.468,0.271951,-1.14212,0,0.064617
0.415,0.225,37.6113,7.13234,-8.32577,662.367,0.271951,-1.14212,0,0.064617
0.415,0.235,37.1747,7.11966,-7.97662,649.786,0.271951,-1.14212,0,0.064617
0.415,0.245,36.7118,7.09639,-7.62278,635.779,0.271951,-1.14212,0,0.064617
0.415,0.255,36.2256,7.06207,-7.26458,620.407,0.271951,-1.14212,0,0.064617
0.415,0.265,35.7185,7.01627,-6.90239,603.738,0.271951,-1.14212,0,0.064617
0.415,0.275,35.1923,6.95866,-6.53668,585.848,0.271951,-1.14212,0,0.064617
0.415,0.285,34.6478,6.88898,-6.16797,566.822,0.271951,-1.14212,0,0.064617
0.415,0.295,34.0854,6.80707,-5.79684,546.752,0.271951,-1.14212,0,0.064617
0.415,0.305,33.5044,6.71284,-5.42395,525.74,0.271951,-1.14212,0,0.064617
0.415,0.315,32.9037,6.60628,-5.04997,503.898,0.271951,-1.14212,0,0.064617
0.415,0.325,32.2925,6.48739,-4.67406,481.579,0.271951,-1.14212,0,0.064617
0.415,0.335,31.6921,6.35704,-4.29373,459.376,0.271951,-1.14212,0,0.064617
0.415,0.345,31.0628,6.21725,-3.91507,436.643,0.271951,-1.14212,0,0.064617
0.415,0.355,30.3996,6.06873,-3.53921,413.484,0.271951,-1.14212,0,0.064617
0.415,0.365,29.6993,5.91212,-3.16683,390.046,0.271951,-1.14212,0,0.064617
0.415,0.375,28.958,5.74816,-2.79859,366.479,0.271951,-1.14212,0,0.064617
0.415,0.385,28.1729,5.57762,-2.435,342.942,0.271951,-1.14212,0,0.064617
0.415,0.395,27.3424,5.40119,-2.07656,319.608,0.271951,-1.14212,0,0.064617
0.415,0.405,26.4669,5.21948,-1.72377,296.656,0.271951,-1.14212,0,0.064617
0.415,0.415,25.549,5.03297,-1.37724,274.276,0.271951,-1.14212,0,0.064617
0.415,0.425,24.5953,4.84191,-1.03778,252.67,0.271951,-1.14212,0,0.064617
0.415,0.435,23.6164,4.64624,-0.70664,232.053,0.271951,-1.14212,0,0.064617
0.415,0.445,22.6299,4.44539,-0.385797,212.672,0.271951,-1.14212,0,0.064617
0.415,0.455,21.671,4.23297,-0.07815,194.83,0.271951,-1.14212,0,0.064617
0.415,0.465,20.7955,3.98852,0.212771,178.873,0.271951,-1.14212,0,0.064617
0.415,0.475,19.9906,3.73043,0.480006,165.126,0.271951,-1.14212,0,0.064617
0.415,0.485,19.3376,3.45126,0.712823,154.427,0.271951,-1.14212,0,0.064617
0.415,0.495,18.8199,3.15588,0.897922,146.551,0.271951,-1.14212,0,0.064617
0.415,0.505,18.2406,2.81903,1.02297,141.793,0.271951,-1.14212,0,0.064617
0.415,0.515,16.4717,2.37761,1.09964,140.451,0.271951,-1.14212,0,0.064617
0.415,0.525,12.6044,1.40563,1.21825,143.731,0.271951,-1.14212,0,0.064617
0.415,0.535,8.87277,-1.29726,1.60506,150.917,0.271951,-1.14212,0,0.064617
0.415,0.545,8.16786,-6.13821,2.28858,147.944,0.271951,-1.14212,0,0.064617
0.415,0.555,11.218,-10.6183,2.74109,132.55,0.271951,-1.14212,0,0.064617
0.415,0.565,19.7548,-13.1132,2.81681,113.589,0.271951,-1.14212,0,0.064617
0.415,0.575,37.4294,-14.1623,2.78454,102.736,0.271951,-1.14212,0,0.064617
0.415,0.585,67.9116,-14.589,2.76195,98.5406,0.271951,-1.14212,0,0.064617
0.415,0.595,112.445,-14.7838,2.73744,95.516,0.271951,-1.14212,0,0.064617
0.415,0.605,169.669,-14.8818,2.71792,93.915,0.271951,-1.14212,0,0.064617
0.415,0.615,237.693,-14.933,2.7174,96.9031,0.271951,-1.14212,0,0.064617
0.415,0.625,315.076,-14.9602,2.73672,105.865,0.271951,-1.14212,0,0.064617
0.415,0.635,399.789,-14.9752,2.76811,119.751,0.271951,-1.14212,0,0.064617
0.415,0.645,488.426,-14.9838,2.80367,136.548,0.271951,-1.14212,0,0.064617
0.415,0.655,576.63,-14.9892,2.83848,154.365,0.271951,-1.14212,0,0.064617
0.415,0.665,660.076,-14.9927,2.87018,171.775,0.271951,-1.14212,0,0.064617
0.415,0.675,735.294,-14.9951,2.89792,187.823,0.271951,-1.14212,0,0.064617
0.415,0.685,800.082,-14.9967,2.92151,201.946,0.271951,-1.14212,0,0.064617
0.415,0.695,853.554,-14.9979,2.94106,213.889,0.271951,-1.14212,0,0.064617
0.415,0.705,895.939,-14.9986,2.95685,223.625,0.271951,-1.14212,0,0.064617
0.415,0.715,928.267,-14.9992,2.96927,231.288,0.271951,-1.14212,0,0.064617
0.415,0.725,952.026,-14.9995,2.97874,237.114,0.271951,-1.14212,0,0.064617
0.415,0.735,968.87,-14.9997,2.98574,241.394,0.271951,-1.14212,0,0.064617
0.415,0.745,980.401,-14.9998,2.99073,244.429,0.271951,-1.14212,0,0.064617
0.415,0.755,988.027,-14.9999,2.99416,246.506,0.271951,-1.14212,0,0.064617
0.415,0.765,992.902,-15,2.99644,247.878,0.271951,-1.14212,0,0.064617
0.415,0.775,995.916,-15,2.9979,248.753,0.271951,-1.14212,0,0.064617
0.415,0.785,997.72,-15,2.9988,249.29,0.271951,-1.14212,0,0.064617
0.415,0.795,998.764,-15,2.99934,249.608,0.271951,-1.14212,0,0.064617
0.415,0.805,999.349,-15,2.99965,249.791,0.271951,-1.14212,0,0.064617
0.415,0.815,999.667,-15,2.99982,249.892,0.271951,-1.14212,0,0.064617
0.415,0.825,999.835,-15,2.99991,249.946,0.271951,-1.14212,0,0.064617
0.415,0.835,999.92,-15,2.99996,249.973,0.271951,-1.14212,0,0.064617
0.415,0.845,999.963,-15,2.99998,249.987,0.271951,-1.14212,0,0.064617
0.415,0.855,999.983,-15,2.99999,249.994,0.271951,-1.14212,0,0.064617
0.415,0.865,999.992,-15,3,249.997,0.271951,-1.14212,0,0.064617
0.415,0.875,999.997,-15,3,249.999,0.271951,-1.14212,0,0.064617
0.415,0.885,999.999,-15,3,250,0.271951,-1.14212,0,0.064617
0.415,0.895,999.999,-15,3,250,0.271951,-1.14212,0,0.064617
0.415,0.905,1000,-15,3,250,0.271951,-1.14212,0,0.064617
0.415,0.915,1000,-15,3,250,0.271951,-1.14212,0,0.064617
0.415,0.925,1000,-15,3,250,0.271951,-1.14212,0,0.064617
0.415,0.935,1000,-15,3,250,0.271951,-1.14212,0,0.064617
0.415,0.945,1000,-15,3,250,0.271951,-1.14212,0,0.064617
0.415,0.955,1000,-15,3,250,0.271951,-1.14212,0,0.064617
0.415,0.965,1000,-15,3,250,0.271951,-1.14212,0,0.064617
0.415,0.975,1000,-15,3,250,0.271951,-1.14212,0,0.064617
0.415,0.985,1000,-15,3,250,0.271951,-1.14212,0,0.064617
0.415,0.995,1000,-15,3,250,0.271951,-1.14212,0,0.064617
0.425,0.005,28.0382,5.86027,-15.0741,446.131,0.201251,-0.973605,0,0.0423931
0.425,0.015,29.2278,5.98726,-14.7795,469.302,0.201251,-0.973605,0,0.0423931
0.425,0.025,30.3901,6.10708,-14.48,492.372,0.201251,-0.973605,0,0.0423931
0.425,0.035,31.5053,6.22015,-14.177,514.944,0.201251,-0.973605,0,0.0423931
0.425,0.045,32.5564,6.32661,-13.8716,536.665,0.201251,-0.973605,0,0.0423931
0.425,0.055,33.5282,6.42655,-13.5649,557.207,0.201251,-0.973605,0,0.0423931
0.425,0.065,34.4078,6.52011,-13.2575,576.268,0.201251,-0.973605,0,0.0423931
0.425,0.075,35.1843,6.60753,-12.9502,593.577,0.201251,-0.973605,0,0.0423931
0.425,0.085,35.85,6.6891,-12.6434,608.911,0.201251,-0.973605,0,0.0423931
0.425,0.095,36.4006,6.76519,-12.3373,622.102,0.201251,-0.973605,0,0.0423931
0.425,0.105,36.8353,6.83616,-12.0319,633.05,0.201251,-0.973605,0,0.0423931
0.425,0.115,37.157,6.90232,-11.7269,641.724,0.201251,-0.973605,0,0.0423931
0.425,0.125,37.3715,6.96388,-11.4216,648.154,0.201251,-0.973605,0,0.0423931
0.425,0.135,37.4872,7.02086,-11.1151,652.423,0.201251,-0.973605,0,0.0423931
0.425,0.145,37.5136,7.07312,-10.8067,654.644,0.201251,-0.973605,0,0.0423931
0.425,0.155,37.4607,7.1203,-10.4955,654.944,0.201251,-0.973605,0,0.0423931
0.425,0.165,37.3382,7.16194,-10.1806,653.443,0.201251,-0.973605,0,0.0423931
0.425,0.175,37.1545,7.19743,-9.86154,650.243,0.201251,-0.973605,0,0.0423931
0.425,0.185,36.9171,7.22614,-9.5378,645.429,0.201251,-0.973605,0,0.0423931
0.425,0.195,36.6324,7.24742,-9.2092,639.065,0.201251,-0.973605,0,0.0423931
0.425,0.205,36.3056,7.26064,-8.87562,631.202,0.201251,-0.973605,0,0.0423931
0.425,0.215,35.9414,7.26519,-8.53711,621.886,0.201251,-0.973605,0,0.0423931
0.425,0.225,35.5439,7.26051,-8.19377,611.161,0.201251,-0.973605,0,0.0423931
0.425,0.235,35.1168,7.24606,-7.8458,599.076,0.201251,-0.973605,0,0.0423931
0.425,0.245,34.6631,7.22136,-7.49344,585.684,0.201251,-0.973605,0,0.0423931
0.425,0.255,34.1856,7.18598,-7.13702,571.046,0.201251,-0.973605,0,0.0423931
0.425,0.265,33.6863,7.13952,-6.77692,555.23,0.201251,-0.973605,0,0.0423931
0.425,0.275,33.1669,7.0817,-6.41358,538.311,0.201251,-0.973605,0,0.0423931
0.425,0.285,32.6281,7.01227,-6.04753,520.372,0.201251,-0.973605,0,0.0423931
0.425,0.295,32.0703,6.9311,-5.67933,501.503,0.201251,-0.973605,0,0.0423931
0.425,0.305,31.493,6.8381,-5.3096,481.802,0.201251,-0.973605,0,0.0423931
0.425,0.315,30.8955,6.73326,-4.939,461.379,0.201251,-0.973605,0,0.0423931
0.425,0.325,30.2924,6.61658,-4.56582,440.676,0.201251,-0.973605,0,0.0423931
0.425,0.335,29.6939,6.4892,-4.18909,420.036,0.201251,-0.973605,0,0.0423931
0.425,0.345,29.0657,6.35282,-3.81445,398.916,0.201251,-0.973605,0,0.0423931
0.425,0.355,28.4057,6.20807,-3.44266,377.454,0.201251,-0.973605,0,0.0423931
0.425,0.365,27.7115,6.05552,-3.07436,355.789,0.201251,-0.973605,0,0.0423931
0.425,0.375,26.9804,5.89587,-2.71015,334.06,0.201251,-0.973605,0,0.0423931
0.425,0.385,26.2106,5.72982,-2.35059,312.412,0.201251,-0.973605,0,0.0423931
0.425,0.395,25.4015,5.55802,-1.9962,291.002,0.201251,-0.973605,0,0.0423931
0.425,0.405,24.5545,5.38101,-1.64753,269.996,0.201251,-0.973605,0,0.0423931
0.425,0.415,23.6732,5.19921,-1.30528,249.568,0.201251,-0.973605,0,0.0423931
0.425,0.425,22.7649,5.01282,-0.970427,229.904,0.201251,-0.973605,0,0.0423931
0.425,0.435,21.8409,4.8217,-0.644436,211.207,0.201251,-0.973605,0,0.0423931
0.425,0.445,20.9189,4.62513,-0.329625,193.707,0.201251,-0.973605,0,0.0423931
0.425,0.455,20.0381,4.41389,-0.0292496,177.702,0.201251,-0.973605,0,0.0423931
0.425,0.465,19.2371,4.17237,0.252145,163.46,0.201251,-0.973605,0,0.0423931
0.425,0.475,18.5162,3.91778,0.506222,151.38,0.201251,-0.973605,0,0.0423931
0.425,0.485,17.9435,3.64273,0.721158,142.135,0.201251,-0.973605,0,0.0423931
0.425,0.495,17.5742,3.33381,0.886744,136.362,0.201251,-0.973605,0,0.0423931
0.425,0.505,17.0256,2.99068,0.996557,133.173,0.201251,-0.973605,0,0.0423931
0.425,0.515,15.1232,2.51867,1.0657,133.022,0.201251,-0.973605,0,0.0423931
0.425,0.525,11.24,1.37954,1.20678,137.3,0.201251,-0.973605,0,0.0423931
0.425,0.535,8.02589,-1.68566,1.64793,143.75,0.201251,-0.973605,0,0.0423931
0.425,0.545,7.76297,-6.65563,2.32089,138.508,0.201251,-0.973605,0,0.0423931
0.425,0.555,11.0092,-10.9293,2.6957,122.879,0.201251,-0.973605,0,0.0423931
0.425,0.565,19.6098,-13.2279,2.7613,106.56,0.201251,-0.973605,0,0.0423931
0.425,0.575,37.3931,-14.1924,2.7617,99.4392,0.201251,-0.973605,0,0.0423931
0.425,0.585,68.0872,-14.5958,2.75749,97.4554,0.201251,-0.973605,0,0.0423931
0.425,0.595,112.74,-14.7861,2.73582,94.8968,0.201251,-0.973605,0,0.0423931
0.425,0.605,169.832,-14.8833,2.71526,93.1207,0.201251,-0.973605,0,0.0423931
0.425,0.615,237.6,-14.9341,2.71454,96.0637,0.201251,-0.973605,0,0.0423931
0.425,0.625,314.804,-14.9609,2.73459,105.198,0.201251,-0.973605,0,0.0423931
0.425,0.635,399.484,-14.9755,2.76686,119.316,0.201251,-0.973605,0,0.0423931
0.425,0.645,488.182,-14.984,2.80303,136.3,0.201251,-0.973605,0,0.0423931
0.425,0.655,576.47,-14.9893,2.83818,154.237,0.201251,-0.973605,0,0.0423931
0.425,0.665,659.985,-14.9927,2.87005,171.714,0.201251,-0.973605,0,0.0423931
0.425,0.675,735.248,-14.9951,2.89787,187.795,0.201251,-0.973605,0,0.0423931
0.425,0.685,800.06,-14.9967,2.92148,201.934,0.201251,-0.973605,0,0.0423931
0.425,0.695,853.545,-14.9979,2.94105,213.884,0.201251,-0.973605,0,0.0423931
0.425,0.705,895.935,-14.9986,2.95685,223.623,0.201251,-0.973605,0,0.0423931
0.425,0.715,928.265,-14.9992,2.96927,231.287,0.201251,-0.973605,0,0.0423931
0.425,0.725,952.025,-14.9995,2.97874,237.114,0.201251,-0.973605,0,0.0423931
0.425,0.735,968.87,-14.9997,2.98574,241.394,0.201251,-0.973605,0,0.0423931
0.425,0.745,980.401,-14.9998,2.99073,244.429,0.201251,-0.973605,0,0.0423931
0.425,0.755,988.027,-14.9999,2.99416,246.506,0.201251,-0.973605,0,0.0423931
0.425,0.765,992.902,-15,2.99644,247.878,0.201251,-0.973605,0,0.0423931
0.425,0.775,995.916,-15,2.9979,248.753,0.201251,-0.973605,0,0.0423931
0.425,0.785,997.72,-15,2.9988,249.29,0.201251,-0.973605,0,0.0423931
0.425,0.795,998.764,-15,2.99934,249.608,0.201251,-0.973605,0,0.0423931
0.425,0.805,999.349,-15,2.99965,249.791,0.201251,-0.973605,0,0.0423931
0.425,0.815,999.667,-15,2.99982,249.892,0.201251,-0.973605,0,0.0423931
0.425,0.825,999.835,-15,2.99991,249.946,0.201251,-0.973605,0,0.0423931
0.425,0.835,999.92,-15,2.99996,249.973,0.201251,-0.973605,0,0.0423931
0.425,0.845,999.963,-15,2.99998,249.987,0.201251,-0.973605,0,0.0423931
0.425,0.855,999.983,-15,2.99999,249.994,0.201251,-0.973605,0,0.0423931
0.425,0.865,999.992,-15,3,249.997,0.201251,-0.973605,0,0.0423931
0.425,0.875,999.997,-15,3,249.999,0.201251,-0.973605,0,0.0423931
0.425,0.885,999.999,-15,3,250,0.201251,-0.973605,0,0.0423931
0.425,0.895,999.999,-15,3,250,0.201251,-0.973605,0,0.0423931
0.425,0.905,1000,-15,3,250,0.201251,-0.973605,0,0.0423931
0.425,0.915,1000,-15,3,250,0.201251,-0.973605,0,0.0423931
0.425,0.925,1000,-15,3,250,0.201251,-0.973605,0,0.0423931
0.425,0.935,1000,-15,3,250,0.201251,-0.973605,0,0.0423931
0.425,0.945,1000,-15,3,250,0.201251,-0.973605,0,0.0423931
0.425,0.955,1000,-15,3,250,0.201251,-0.973605,0,0.0423931
0.425,0.965,1000,-15,3,250,0.201251,-0.973605,0,0.0423931
0.425,0.975,1000,-15,3,250,0.201251,-0.973605,0,0.0423931
0.425,0.985,1000,-15,3,250,0.201251,-0.973605,0,0.0423931
0.425,0.995,1000,-15,3,250,0.201251,-0.973605,0,0.0423931
0.435,0.005,26.8924,6.05725,-14.9367,420.81,0.146086,-0.805088,0,0.0270714
0.435,0.015,27.9694,6.18062,-14.646,441.467,0.146086,-0.805088,0,0.0270714
0.435,0.025,29.0266,6.29614,-14.3493,462.144,0.146086,-0.805088,0,0.0270714
0.435,0.035,30.042,6.40482,-14.0487,482.398,0.146086,-0.805088,0,0.0270714
0.435,0.045,30.9989,6.50703,-13.7452,501.88,0.146086,-0.805088,0,0.0270714
0.435,0.055,31.8832,6.60298,-13.4401,520.289,0.146086,-0.805088,0,0.0270714
0.435,0.065,32.6833,6.69281,-13.1339,537.353,0.146086,-0.805088,0,0.0270714
0.435,0.075,33.3898,6.77675,-12.8273,552.838,0.146086,-0.805088,0,0.0270714
0.435,0.085,33.9958,6.85505,-12.5209,566.545,0.146086,-0.805088,0,0.0270714
0.435,0.095,34.4975,6.928,-12.2147,578.325,0.146086,-0.805088,0,0.0270714
0.435,0.105,34.8939,6.99592,-11.9087,588.085,0.146086,-0.805088,0,0.0270714
0.435,0.115,35.1871,7.05905,-11.6028,595.785,0.146086,-0.805088,0,0.0270714
0.435,0.125,35.382,7.11756,-11.2964,601.441,0.146086,-0.805088,0,0.0270714
0.435,0.135,35.4854,7.17146,-10.9888,605.112,0.146086,-0.805088,0,0.0270714
0.435,0.145,35.5053,7.2206,-10.6793,606.887,0.146086,-0.805088,0,0.0270714
0.435,0.155,35.4504,7.2647,-10.3671,606.868,0.146086,-0.805088,0,0.0270714
0.435,0.165,35.3291,7.30329,-10.0515,605.159,0.146086,-0.805088,0,0.0270714
0.435,0.175,35.1491,7.33584,-9.73199,601.855,0.146086,-0.805088,0,0.0270714
0.435,0.185,34.9173,7.36176,-9.40813,597.034,0.146086,-0.805088,0,0.0270714
0.435,0.195,34.6396,7.38042,-9.07969,590.763,0.146086,-0.805088,0,0.0270714
0.435,0.205,34.321,7.39124,-8.74658,583.095,0.146086,-0.805088,0,0.0270714
0.435,0.215,33.9658,7.39363,-8.40882,574.08,0.146086,-0.805088,0,0.0270714
0.435,0.225,33.5779,7.38706,-8.06652,563.764,0.146086,-0.805088,0,0.0270714
0.435,0.235,33.1605,7.37102,-7.71987,552.199,0.146086,-0.805088,0,0.0270714
0.435,0.245,32.7165,7.34507,-7.36913,539.437,0.146086,-0.805088,0,0.0270714
0.435,0.255,32.2483,7.30879,-7.01461,525.54,0.146086,-0.805088,0,0.0270714
0.435,0.265,31.7578,7.26185,-6.65669,510.574,0.146086,-0.805088,0,0.0270714
0.435,0.275,31.2464,7.20396,-6.29582,494.613,0.146086,-0.805088,0,0.0270714
0.435,0.285,30.715,7.13493,-5.93249,477.738,0.146086,-0.805088,0,0.0270714
0.435,0.295,30.164,7.05461,-5.56725,460.035,0.146086,-0.805088,0,0.0270714
0.435,0.305,29.593,6.96294,-5.2007,441.6,0.146086,-0.805088,0,0.0270714
0.435,0.315,29.0016,6.85989,-4.83347,422.537,0.146086,-0.805088,0,0.0270714
0.435,0.325,28.4101,6.74549,-4.4629,403.378,0.146086,-0.805088,0,0.0270714
0.435,0.335,27.8163,6.62109,-4.08992,384.196,0.146086,-0.805088,0,0.0270714
0.435,0.345,27.1936,6.48807,-3.71922,364.606,0.146086,-0.805088,0,0.0270714
0.435,0.355,26.5413,6.34699,-3.35141,344.744,0.146086,-0.805088,0,0.0270714
0.435,0.365,25.8579,6.1984,-2.9871,324.743,0.146086,-0.805088,0,0.0270714
0.435,0.375,25.1415,6.04292,-2.62686,304.729,0.146086,-0.805088,0,0.0270714
0.435,0.385,24.3915,5.88118,-2.27125,284.84,0.146086,-0.805088,0,0.0270714
0.435,0.395,23.608,5.71377,-1.92085,265.218,0.146086,-0.805088,0,0.0270714
0.435,0.405,22.7933,5.54119,-1.57626,246.015,0.146086,-0.805088,0,0.0270714
0.435,0.415,21.9519,5.36377,-1.23831,227.393,0.146086,-0.805088,0,0.0270714
0.435,0.425,21.0916,5.18163,-0.908107,209.525,0.146086,-0.805088,0,0.0270714
0.435,0.435,20.2244,4.99453,-0.587388,192.601,0.146086,-0.805088,0,0.0270714
0.435,0.445,19.3684,4.80162,-0.278822,176.842,0.146086,-0.805088,0,0.0270714
0.435,0.455,18.566,4.59044,0.0139194,162.538,0.146086,-0.805088,0,0.0270714
0.435,0.465,17.8419,4.35143,0.285244,149.92,0.146086,-0.805088,0,0.0270714
0.435,0.475,17.2095,4.09855,0.525623,139.432,0.146086,-0.805088,0,0.0270714
0.435,0.485,16.7264,3.82453,0.722798,131.645,0.146086,-0.805088,0,0.0270714
0.435,0.495,16.4235,3.51648,0.867765,126.998,0.146086,-0.805088,0,0.0270714
0.435,0.505,15.8887,3.16088,0.959802,125.295,0.146086,-0.805088,0,0.0270714
0.435,0.515,13.8361,2.64437,1.02548,126.24,0.146086,-0.805088,0,0.0270714
0.435,0.525,9.99355,1.29621,1.1984,131.367,0.146086,-0.805088,0,0.0270714
0.435,0.535,7.31193,-2.13141,1.69397,136.51,0.146086,-0.805088,0,0.0270714
0.435,0.545,7.4225,-7.15568,2.33399,129.298,0.146086,-0.805088,0,0.0270714
0.435,0.555,10.8159,-11.2028,2.63668,114.035,0.146086,-0.805088,0,0.0270714
0.435,0.565,19.4727,-13.32,2.70989,100.801,0.146086,-0.805088,0,0.0270714
0.435,0.575,37.399,-14.2137,2.74608,97.2229,0.146086,-0.805088,0,0.0270714
0.435,0.585,68.3287,-14.6002,2.75645,96.9406,0.146086,-0.805088,0,0.0270714
0.435,0.595,113.074,-14.788,2.73503,94.448,0.146086,-0.805088,0,0.0270714
0.435,0.605,169.992,-14.8848,2.71257,92.329,0.146086,-0.805088,0,0.0270714
0.435,0.615,237.481,-14.9351,2.71157,95.207,0.146086,-0.805088,0,0.0270714
0.435,0.625,314.515,-14.9615,2.73245,104.533,0.146086,-0.805088,0,0.0270714
0.435,0.635,399.179,-14.9758,2.76564,118.895,0.146086,-0.805088,0,0.0270714
0.435,0.645,487.948,-14.9841,2.80242,136.068,0.146086,-0.805088,0,0.0270714
0.435,0.655,576.322,-14.9893,2.8379,154.121,0.146086,-0.805088,0,0.0270714
0.435,0.665,659.903,-14.9928,2.86994,171.66,0.146086,-0.805088,0,0.0270714
0.435,0.675,735.207,-14.9951,2.89782,187.772,0.146086,-0.805088,0,0.0270714
0.435,0.685,800.042,-14.9968,2.92147,201.924,0.146086,-0.805088,0,0.0270714
0.435,0.695,853.537,-14.9979,2.94104,213.88,0.146086,-0.805088,0,0.0270714
0.435,0.705,895.932,-14.9986,2.95685,223.621,0.146086,-0.805088,0,0.0270714
0.435,0.715,928.264,-14.9992,2.96927,231.287,0.146086,-0.805088,0,0.0270714
0.435,0.725,952.024,-14.9995,2.97874,237.114,0.146086,-0.805088,0,0.0270714
0.435,0.735,968.87,-14.9997,2.98574,241.394,0.146086,-0.805088,0,0.0270714
0.435,0.745,980.401,-14.9998,2.99073,244.429,0.146086,-0.805088,0,0.0270714
0.435,0.755,988.027,-14.9999,2.99416,246.506,0.146086,-0.805088,0,0.0270714
0.435,0.765,992.902,-15,2.99644,247.878,0.146086,-0.805088,0,0.0270714
0.435,0.775,995.916,-15,2.9979,248.753,0.146086,-0.805088,0,0.0270714
0.435,0.785,997.72,-15,2.9988,249.29,0.146086,-0.805088,0,0.0270714
0.435,0.795,998.764,-15,2.99934,249.608,0.146086,-0.805088,0,0.0270714
0.435,0.805,999.349,-15,2.99965,249.791,0.146086,-0.805088,0,0.0270714
0.435,0.815,999.667,-15,2.99982,249.892,0.146086,-0.805088,0,0.0270714
0.435,0.825,999.835,-15,2.99991,249.946,0.146086,-0.805088,0,0.0270714
0.435,0.835,999.92,-15,2.99996,249.973,0.146086,-0.805088,0,0.0270714
0.435,0.845,999.963,-15,2.99998,249.987,0.146086,-0.805088,0,0.0270714
0.435,0.855,999.983,-15,2.99999,249.994,0.146086,-0.805088,0,0.0270714
0.435,0.865,999.992,-15,3,249.997,0.146086,-0.805088,0,0.0270714
0.435,0.875,999.997,-15,3,249.999,0.146086,-0.805088,0,0.0270714
0.435,0.885,999.999,-15,3,250,0.146086,-0.805088,0,0.0270714
0.435,0.895,999.999,-15,3,250,0.146086,-0.805088,0,0.0270714
0.435,0.905,1000,-15,3,250,0.146086,-0.805088,0,0.0270714
0.435,0.915,1000,-15,3,250,0.146086,-0.805088,0,0.0270714
0.435,0.925,1000,-15,3,250,0.146086,-0.805088,0,0.0270714
0.435,0.935,1000,-15,3,250,0.146086,-0.805088,0,0.0270714
0.435,0.945,1000,-15,3,250,0.146086,-0.805088,0,0.0270714
0.435,0.955,1000,-15,3,250,0.146086,-0.805088,0,0.0270714
0.435,0.965,1000,-15,3,250,0.146086,-0.805088,0,0.0270714
0.435,0.975,1000,-15,3,250,0.146086,-0.805088,0,0.0270714
0.435,0.985,1000,-15,3,250,0.146086,-0.805088,0,0.0270714
0.435,0.995,1000,-15,3,250,0.146086,-0.805088,0,0.0270714
0.445,0.005,25.7926,6.24479,-14.7989,397.083,0.10374,-0.63657,0,0.0167643
0.445,0.015,26.7519,6.36688,-14.5137,415.154,0.10374,-0.63657,0,0.0167643
0.445,0.025,27.7065,6.47937,-14.2205,433.524,0.10374,-0.63657,0,0.0167643
0.445,0.035,28.6279,6.58442,-13.9224,451.616,0.10374,-0.63657,0,0.0167643
0.445,0.045,29.4976,6.6829,-13.621,469.046,0.10374,-0.63657,0,0.0167643
0.445,0.055,30.3018,6.77522,-13.3174,485.515,0.10374,-0.63657,0,0.0167643
0.445,0.065,31.0295,6.86161,-13.0124,500.774,0.10374,-0.63657,0,0.0167643
0.445,0.075,31.6721,6.9423,-12.7066,514.609,0.10374,-0.63657,0,0.0167643
0.445,0.085,32.2237,7.0175,-12.4006,526.845,0.10374,-0.63657,0,0.0167643
0.445,0.095,32.6805,7.08748,-12.0944,537.347,0.10374,-0.63657,0,0.0167643
0.445,0.105,33.0417,7.15248,-11.7881,546.026,0.10374,-0.63657,0,0.0167643
0.445,0.115,33.3086,7.21272,-11.4815,552.842,0.10374,-0.63657,0,0.0167643
0.445,0.125,33.4853,7.26832,-11.1742,557.797,0.10374,-0.63657,0,0.0167643
0.445,0.135,33.5771,7.31929,-10.8657,560.931,0.10374,-0.63657,0,0.0167643
0.445,0.145,33.591,7.36548,-10.5553,562.314,0.10374,-0.63657,0,0.0167643
0.445,0.155,33.5344,7.40664,-10.2424,562.029,0.10374,-0.63657,0,0.0167643
0.445,0.165,33.4146,7.44234,-9.92624,560.165,0.10374,-0.63657,0,0.0167643
0.445,0.175,33.2387,7.47211,-9.60645,556.806,0.10374,-0.63657,0,0.0167643
0.445,0.185,33.0127,7.49538,-9.28261,552.027,0.10374,-0.63657,0,0.0167643
0.445,0.195,32.7423,7.51158,-8.95449,545.893,0.10374,-0.63657,0,0.0167643
0.445,0.205,32.4321,7.52015,-8.62199,538.459,0.10374,-0.63657,0,0.0167643
0.445,0.215,32.0862,7.52053,-8.28512,529.777,0.10374,-0.63657,0,0.0167643
0.445,0.225,31.708,7.51223,-7.944,519.896,0.10374,-0.63657,0,0.0167643
0.445,0.235,31.3007,7.49476,-7.5988,508.867,0.10374,-0.63657,0,0.0167643
0.445,0.245,30.8669,7.46771,-7.24979,496.743,0.10374,-0.63657,0,0.0167643
0.445,0.255,30.4087,7.43069,-6.89727,483.587,0.10374,-0.63657,0,0.0167643
0.445,0.265,29.928,7.3834,-6.54162,469.462,0.10374,-0.63657,0,0.0167643
0.445,0.275,29.426,7.32559,-6.18327,454.44,0.10374,-0.63657,0,0.0167643
0.445,0.285,28.9037,7.25705,-5.8227,438.6,0.10374,-0.63657,0,0.0167643
0.445,0.295,28.3614,7.17767,-5.46045,422.025,0.10374,-0.63657,0,0.0167643
0.445,0.305,27.7991,7.08739,-5.09709,404.807,0.10374,-0.63657,0,0.0167643
0.445,0.315,27.217,6.98618,-4.73317,387.051,0.10374,-0.63657,0,0.0167643
0.445,0.325,26.6394,6.87409,-4.36522,369.348,0.10374,-0.63657,0,0.0167643
0.445,0.335,26.0531,6.75263,-3.99603,351.539,0.10374,-0.63657,0,0.0167643
0.445,0.345,25.4399,6.62288,-3.62919,333.396,0.10374,-0.63657,0,0.0167643
0.445,0.355,24.7994,6.48534,-3.26529,315.043,0.10374,-0.63657,0,0.0167643
0.445,0.365,24.1308,6.34054,-2.90488,296.602,0.10374,-0.63657,0,0.0167643
0.445,0.375,23.4333,6.18902,-2.54854,278.193,0.10374,-0.63657,0,0.0167643
0.445,0.385,22.7068,6.03135,-2.19685,259.943,0.10374,-0.63657,0,0.0167643
0.445,0.395,21.9525,5.86805,-1.8504,241.982,0.10374,-0.63657,0,0.0167643
0.445,0.405,21.1732,5.69955,-1.50991,224.452,0.10374,-0.63657,0,0.0167643
0.445,0.415,20.3743,5.5261,-1.17629,207.502,0.10374,-0.63657,0,0.0167643
0.445,0.425,19.5641,5.34772,-0.850863,191.295,0.10374,-0.63657,0,0.0167643
0.445,0.435,18.7552,5.16406,-0.53562,176.012,0.10374,-0.63657,0,0.0167643
0.445,0.445,17.9658,4.97412,-0.233623,161.864,0.10374,-0.63657,0,0.0167643
0.445,0.455,17.2412,4.762,0.0509602,149.135,0.10374,-0.63657,0,0.0167643
0.445,0.465,16.5954,4.52489,0.311528,138.044,0.10374,-0.63657,0,0.0167643
0.445,0.475,16.0521,4.27227,0.537677,129.05,0.10374,-0.63657,0,0.0167643
0.445,0.485,15.6576,3.99764,0.717321,122.622,0.10374,-0.63657,0,0.0167643
0.445,0.495,15.4193,3.69009,0.842215,119.021,0.10374,-0.63657,0,0.0167643
0.445,0.505,14.8396,3.32624,0.916506,118.263,0.10374,-0.63657,0,0.0167643
0.445,0.515,12.6121,2.74762,0.982142,120.107,0.10374,-0.63657,0,0.0167643
0.445,0.525,8.86867,1.1459,1.19586,125.817,0.10374,-0.63657,0,0.0167643
0.445,0.535,6.71269,-2.62445,1.74035,129.096,0.10374,-0.63657,0,0.0167643
0.445,0.545,7.13288,-7.62752,2.3251,120.404,0.10374,-0.63657,0,0.0167643
0.445,0.555,10.6343,-11.4373,2.56778,106.143,0.10374,-0.63657,0,0.0167643
0.445,0.565,19.3515,-13.3908,2.66529,96.3263,0.10374,-0.63657,0,0.0167643
0.445,0.575,37.4566,-14.2273,2.73767,95.9841,0.10374,-0.63657,0,0.0167643
0.445,0.585,68.6345,-14.6026,2.75827,96.884,0.10374,-0.63657,0,0.0167643
0.445,0.595,113.439,-14.7895,2.73473,94.096,0.10374,-0.63657,0,0.0167643
0.445,0.605,170.136,-14.8863,2.70972,91.507,0.10374,-0.63657,0,0.0167643
0.445,0.615,237.332,-14.9362,2.70847,94.3252,0.10374,-0.63657,0,0.0167643
0.445,0.625,314.209,-14.9621,2.7303,103.872,0.10374,-0.63657,0,0.0167643
0.445,0.635,398.875,-14.9761,2.76445,118.491,0.10374,-0.63657,0,0.0167643
0.445,0.645,487.725,-14.9843,2.80186,135.852,0.10374,-0.63657,0,0.0167643
0.445,0.655,576.186,-14.9894,2.83765,154.016,0.10374,-0.63657,0,0.0167643
0.445,0.665,659.831,-14.9928,2.86984,171.612,0.10374,-0.63657,0,0.0167643
0.445,0.675,735.172,-14.9951,2.89778,187.751,0.10374,-0.63657,0,0.0167643
0.445,0.685,800.026,-14.9968,2.92145,201.916,0.10374,-0.63657,0,0.0167643
0.445,0.695,853.53,-14.9979,2.94103,213.877,0.10374,-0.63657,0,0.0167643
0.445,0.705,895.93,-14.9986,2.95685,223.62,0.10374,-0.63657,0,0.0167643
0.445,0.715,928.263,-14.9992,2.96927,231.286,0.10374,-0.63657,0,0.0167643
0.445,0.725,952.024,-14.9995,2.97874,237.114,0.10374,-0.63657,0,0.0167643
0.445,0.735,968.87,-14.9997,2.98574,241.394,0.10374,-0.63657,0,0.0167643
0.445,0.745,980.401,-14.9998,2.99073,244.429,0.10374,-0.63657,0,0.0167643
0.445,0.755,988.027,-14.9999,2.99416,246.506,0.10374,-0.63657,0,0.0167643
0.445,0.765,992.902,-15,2.99644,247.878,0.10374,-0.63657,0,0.0167643
0.445,0.775,995.916,-15,2.9979,248.753,0.10374,-0.63657,0,0.0167643
0.445,0.785,997.72,-15,2.9988,249.29,0.10374,-0.63657,0,0.0167643
0.445,0.795,998.764,-15,2.99934,249.608,0.10374,-0.63657,0,0.0167643
0.445,0.805,999.349,-15,2.99965,249.791,0.10374,-0.63657,0,0.0167643
0.445,0.815,999.667,-15,2.99982,249.892,0.10374,-0.63657,0,0.0167643
0.445,0.825,999.835,-15,2.99991,249.946,0.10374,-0.63657,0,0.0167643
0.445,0.835,999.92,-15,2.99996,249.973,0.10374,-0.63657,0,0.0167643
0.445,0.845,999.963,-15,2.99998,249.987,0.10374,-0.63657,0,0.0167643
0.445,0.855,999.983,-15,2.99999,249.994,0.10374,-0.63657,0,0.0167643
0.445,0.865,999.992,-15,3,249.997,0.10374,-0.63657,0,0.0167643
0.445,0.875,999.997,-15,3,249.999,0.10374,-0.63657,0,0.0167643
0.445,0.885,999.999,-15,3,250,0.10374,-0.63657,0,0.0167643
0.445,0.895,999.999,-15,3,250,0.10374,-0.63657,0,0.0167643
0.445,0.905,1000,-15,3,250,0.10374,-0.63657,0,0.0167643
0.445,0.915,1000,-15,3,250,0.10374,-0.63657,0,0.0167643
0.445,0.925,1000,-15,3,250,0.10374,-0.63657,0,0.0167643
0.445,0.935,1000,-15,3,250,0.10374,-0.63657,0,0.0167643
0.445,0.945,1000,-15,3,250,0.10374,-0.63657,0,0.0167643
0.445,0.955,1000,-15,3,250,0.10374,-0.63657,0,0.0167643
0.445,0.965,1000,-15,3,250,0.10374,-0.63657,0,0.0167643
0.445,0.975,1000,-15,3,250,0.10374,-0.63657,0,0.0167643
0.445,0.985,1000,-15,3,250,0.10374,-0.63657,0,0.0167643
0.445,0.995,1000,-15,3,250,0.10374,-0.63657,0,0.0167643
0.455,0.005,24.764,6.41992,-14.6575,375.402,0.0718384,-0.468053,0,0.0100221
0.455,0.015,25.5878,6.54499,-14.3812,390.549,0.0718384,-0.468053,0,0.0100221
0.455,0.025,26.4358,6.65649,-14.0929,406.568,0.0718384,-0.468053,0,0.0100221
0.455,0.035,27.2657,6.75899,-13.7978,422.586,0.0718384,-0.468053,0,0.0100221
0.455,0.045,28.0534,6.85438,-13.4986,438.107,0.0718384,-0.468053,0,0.0100221
0.455,0.055,28.7833,6.94349,-13.1967,452.802,0.0718384,-0.468053,0,0.0100221
0.455,0.065,29.4446,7.02673,-12.893,466.419,0.0718384,-0.468053,0,0.0100221
0.455,0.075,30.0289,7.10438,-12.5882,478.761,0.0718384,-0.468053,0,0.0100221
0.455,0.085,30.5306,7.17667,-12.2826,489.665,0.0718384,-0.468053,0,0.0100221
0.455,0.095,30.9463,7.24382,-11.9765,499.01,0.0718384,-0.468053,0,0.0100221
0.455,0.105,31.275,7.30606,-11.67,506.711,0.0718384,-0.468053,0,0.0100221
0.455,0.115,31.5176,7.36354,-11.363,512.724,0.0718384,-0.468053,0,0.0100221
0.455,0.125,31.6771,7.41637,-11.0551,517.045,0.0718384,-0.468053,0,0.0100221
0.455,0.135,31.7582,7.46455,-10.7459,519.699,0.0718384,-0.468053,0,0.0100221
0.455,0.145,31.7665,7.50795,-10.4348,520.74,0.0718384,-0.468053,0,0.0100221
0.455,0.155,31.7085,7.54631,-10.1213,520.235,0.0718384,-0.468053,0,0.0100221
0.455,0.165,31.5905,7.57928,-9.80484,518.259,0.0718384,-0.468053,0,0.0100221
0.455,0.175,31.4187,7.60641,-9.48494,514.888,0.0718384,-0.468053,0,0.0100221
0.455,0.185,31.1989,7.62718,-9.16127,510.19,0.0718384,-0.468053,0,0.0100221
0.455,0.195,30.936,7.64107,-8.8336,504.229,0.0718384,-0.468053,0,0.0100221
0.455,0.205,30.6344,7.64753,-8.50184,497.06,0.0718384,-0.468053,0,0.0100221
0.455,0.215,30.298,7.64605,-8.16599,488.736,0.0718384,-0.468053,0,0.0100221
0.455,0.225,29.93,7.63616,-7.82616,479.306,0.0718384,-0.468053,0,0.0100221
0.455,0.235,29.5332,7.61741,-7.48252,468.823,0.0718384,-0.468053,0,0.0100221
0.455,0.245,29.1101,7.58939,-7.13534,457.34,0.0718384,-0.468053,0,0.0100221
0.455,0.255,28.6627,7.55177,-6.7849,444.918,0.0718384,-0.468053,0,0.0100221
0.455,0.265,28.1927,7.50425,-6.43159,431.62,0.0718384,-0.468053,0,0.0100221
0.455,0.275,27.7015,7.4466,-6.07582,417.515,0.0718384,-0.468053,0,0.0100221
0.455,0.285,27.1897,7.37864,-5.71804,402.678,0.0718384,-0.468053,0,0.0100221
0.455,0.295,26.6581,7.30027,-5.35879,387.191,0.0718384,-0.468053,0,0.0100221
0.455,0.305,26.1068,7.21141,-4.99861,371.14,0.0718384,-0.468053,0,0.0100221
0.455,0.315,25.5372,7.11203,-4.63786,354.645,0.0718384,-0.468053,0,0.0100221
0.455,0.325,24.9746,7.00226,-4.27271,338.292,0.0718384,-0.468053,0,0.0100221
0.455,0.335,24.3991,6.88365,-3.90727,321.787,0.0718384,-0.468053,0,0.0100221
0.455,0.345,23.7989,6.75703,-3.54422,305.011,0.0718384,-0.468053,0,0.0100221
0.455,0.355,23.1737,6.62287,-3.18415,288.077,0.0718384,-0.468053,0,0.0100221
0.455,0.365,22.5235,6.48165,-2.82759,271.099,0.0718384,-0.468053,0,0.0100221
0.455,0.375,21.8481,6.33385,-2.4751,254.189,0.0718384,-0.468053,0,0.0100221
0.455,0.385,21.1484,6.17997,-2.12728,237.465,0.0718384,-0.468053,0,0.0100221
0.455,0.395,20.426,6.02047,-1.7848,221.047,0.0718384,-0.468053,0,0.0100221
0.455,0.405,19.6846,5.85568,-1.44843,205.067,0.0718384,-0.468053,0,0.0100221
0.455,0.415,18.9299,5.68577,-1.11924,189.663,0.0718384,-0.468053,0,0.0100221
0.455,0.425,18.1709,5.51066,-0.79875,174.989,0.0718384,-0.468053,0,0.0100221
0.455,0.435,17.4206,5.32988,-0.489245,161.219,0.0718384,-0.468053,0,0.0100221
0.455,0.445,16.6979,5.142,-0.194207,148.557,0.0718384,-0.468053,0,0.0100221
0.455,0.455,16.0484,4.92884,0.0816096,137.279,0.0718384,-0.468053,0,0.0100221
0.455,0.465,15.4808,4.69273,0.330685,127.608,0.0718384,-0.468053,0,0.0100221
0.455,0.475,15.0241,4.4394,0.54203,119.99,0.0718384,-0.468053,0,0.0100221
0.455,0.485,14.7144,4.16293,0.704148,114.813,0.0718384,-0.468053,0,0.0100221
0.455,0.495,14.5398,3.85373,0.81054,112.203,0.0718384,-0.468053,0,0.0100221
0.455,0.505,13.8724,3.48424,0.870002,112.022,0.0718384,-0.468053,0,0.0100221
0.455,0.515,11.4509,2.81992,0.940596,114.62,0.0718384,-0.468053,0,0.0100221
0.455,0.525,7.8796,0.922076,1.20279,120.558,0.0718384,-0.468053,0,0.0100221
0.455,0.535,6.21596,-3.14739,1.78242,121.58,0.0718384,-0.468053,0,0.0100221
0.455,0.545,6.88515,-8.05937,2.29348,112.009,0.0718384,-0.468053,0,0.0100221
0.455,0.555,10.464,-11.6316,2.49378,99.3372,0.0718384,-0.468053,0,0.0100221
0.455,0.565,19.2557,-13.4416,2.62976,93.1192,0.0718384,-0.468053,0,0.0100221
0.455,0.575,37.5728,-14.2345,2.73612,95.6108,0.0718384,-0.468053,0,0.0100221
0.455,0.585,69.0004,-14.6036,2.76238,97.18,0.0718384,-0.468053,0,0.0100221
0.455,0.595,113.822,-14.7909,2.73459,93.7747,0.0718384,-0.468053,0,0.0100221
0.455,0.605,170.255,-14.8878,2.70658,90.6284,0.0718384,-0.468053,0,0.0100221
0.455,0.615,237.149,-14.9374,2.70521,93.4139,0.0718384,-0.468053,0,0.0100221
0.455,0.625,313.887,-14.9628,2.72814,103.215,0.0718384,-0.468053,0,0.0100221
0.455,0.635,398.575,-14.9764,2.76332,118.104,0.0718384,-0.468053,0,0.0100221
0.455,0.645,487.514,-14.9844,2.80133,135.652,0.0718384,-0.468053,0,0.0100221
0.455,0.655,576.062,-14.9894,2.83743,153.921,0.0718384,-0.468053,0,0.0100221
0.455,0.665,659.767,-14.9928,2.86975,171.571,0.0718384,-0.468053,0,0.0100221
0.455,0.675,735.142,-14.9951,2.89775,187.734,0.0718384,-0.468053,0,0.0100221
0.455,0.685,800.013,-14.9968,2.92144,201.91,0.0718384,-0.468053,0,0.0100221
0.455,0.695,853.525,-14.9979,2.94103,213.875,0.0718384,-0.468053,0,0.0100221
0.455,0.705,895.928,-14.9986,2.95684,223.619,0.0718384,-0.468053,0,0.0100221
0.455,0.715,928.262,-14.9992,2.96927,231.286,0.0718384,-0.468053,0,0.0100221
0.455,0.725,952.024,-14.9995,2.97874,237.114,0.0718384,-0.468053,0,0.0100221
0.455,0.735,968.87,-14.9997,2.98574,241.394,0.0718384,-0.468053,0,0.0100221
0.455,0.745,980.401,-14.9998,2.99073,244.429,0.0718384,-0.468053,0,0.0100221
0.455,0.755,988.027,-14.9999,2.99416,246.506,0.0718384,-0.468053,0,0.0100221
0.455,0.765,992.902,-15,2.99644,247.878,0.0718384,-0.468053,0,0.0100221
0.455,0.775,995.916,-15,2.9979,248.753,0.0718384,-0.468053,0,0.0100221
0.455,0.785,997.72,-15,2.9988,249.29,0.0718384,-0.468053,0,0.0100221
0.455,0.795,998.764,-15,2.99934,249.608,0.0718384,-0.468053,0,0.0100221
0.455,0.805,999.349,-15,2.99965,249.791,0.0718384,-0.468053,0,0.0100221
0.455,0.815,999.667,-15,2.99982,249.892,0.0718384,-0.468053,0,0.0100221
0.455,0.825,999.835,-15,2.99991,249.946,0.0718384,-0.468053,0,0.0100221
0.455,0.835,999.92,-15,2.99996,249.973,0.0718384,-0.468053,0,0.0100221
0.455,0.845,999.963,-15,2.99998,249.987,0.0718384,-0.468053,0,0.0100221
0.455,0.855,999.983,-15,2.99999,249.994,0.0718384,-0.468053,0,0.0100221
0.455,0.865,999.992,-15,3,249.997,0.0718384,-0.468053,0,0.0100221
0.455,0.875,999.997,-15,3,249.999,0.0718384,-0.468053,0,0.0100221
0.455,0.885,999.999,-15,3,250,0.0718384,-0.468053,0,0.0100221
0.455,0.895,999.999,-15,3,250,0.0718384,-0.468053,0,0.0100221
0.455,0.905,1000,-15,3,250,0.0718384,-0.468053,0,0.0100221
0.455,0.915,1000,-15,3,250,0.0718384,-0.468053,0,0.0100221
0.455,0.925,1000,-15,3,250,0.0718384,-0.468053,0,0.0100221
0.455,0.935,1000,-15,3,250,0.0718384,-0.468053,0,0.0100221
0.455,0.945,1000,-15,3,250,0.0718384,-0.468053,0,0.0100221
0.455,0.955,1000,-15,3,250,0.0718384,-0.468053,0,0.0100221
0.455,0.965,1000,-15,3,250,0.0718384,-0.468053,0,0.0100221
0.455,0.975,1000,-15,3,250,0.0718384,-0.468053,0,0.0100221
0.455,0.985,1000,-15,3,250,0.0718384,-0.468053,0,0.0100221
0.455,0.995,1000,-15,3,250,0.0718384,-0.468053,0,0.0100221
0.465,0.005,23.8548,6.5756,-14.5056,356.703,0.048317,-0.299535,0,0.00575175
0.465,0.015,24.5004,6.71189,-14.2453,368.069,0.048317,-0.299535,0,0.00575175
0.465,0.025,25.226,6.82626,-13.965,381.445,0.048317,-0.299535,0,0.00575175
0.465,0.035,25.9607,6.92809,-13.6744,395.352,0.048317,-0.299535,0,0.00575175
0.465,0.045,26.6682,7.02136,-13.378,409.041,0.048317,-0.299535,0,0.00575175
0.465,0.055,27.3281,7.10783,-13.0781,422.082,0.048317,-0.299535,0,0.00575175
0.465,0.065,27.9275,7.18828,-12.7758,434.196,0.048317,-0.299535,0,0.00575175
0.465,0.075,28.4581,7.26314,-12.4719,445.179,0.048317,-0.299535,0,0.00575175
0.465,0.085,28.914,7.3327,-12.1669,454.876,0.048317,-0.299535,0,0.00575175
0.465,0.095,29.2919,7.39719,-11.8612,463.172,0.048317,-0.299535,0,0.00575175
0.465,0.105,29.5905,7.45679,-11.5547,469.986,0.048317,-0.299535,0,0.00575175
0.465,0.115,29.8104,7.51165,-11.2474,475.274,0.048317,-0.299535,0,0.00575175
0.465,0.125,29.954,7.56185,-10.9391,479.023,0.048317,-0.299535,0,0.00575175
0.465,0.135,30.025,7.60738,-10.6294,481.249,0.048317,-0.299535,0,0.00575175
0.465,0.145,30.0282,7.64813,-10.3178,481.992,0.048317,-0.299535,0,0.00575175
0.465,0.155,29.9689,7.68386,-10.004,481.307,0.048317,-0.299535,0,0.00575175
0.465,0.165,29.8529,7.71425,-9.68734,479.257,0.048317,-0.299535,0,0.00575175
0.465,0.175,29.6855,7.73888,-9.36748,475.907,0.048317,-0.299535,0,0.00575175
0.465,0.185,29.472,7.7573,-9.04412,471.323,0.048317,-0.299535,0,0.00575175
0.465,0.195,29.2168,7.76901,-8.71703,465.563,0.048317,-0.299535,0,0.00575175
0.465,0.205,28.9241,7.7735,-8.38612,458.682,0.048317,-0.299535,0,0.00575175
0.465,0.215,28.5975,7.7703,-8.0514,450.733,0.048317,-0.299535,0,0.00575175
0.465,0.225,28.2399,7.75895,-7.71296,441.767,0.048317,-0.299535,0,0.00575175
0.465,0.235,27.8541,7.73903,-7.37098,431.834,0.048317,-0.299535,0,0.00575175
0.465,0.245,27.4423,7.71017,-7.0257,420.99,0.048317,-0.299535,0,0.00575175
0.465,0.255,27.0065,7.67205,-6.67743,409.291,0.048317,-0.299535,0,0.00575175
0.465,0.265,26.5483,7.62439,-6.3265,396.801,0.048317,-0.299535,0,0.00575175
0.465,0.275,26.069,7.56698,-5.97333,383.587,0.048317,-0.299535,0,0.00575175
0.465,0.285,25.5694,7.49966,-5.61838,369.719,0.048317,-0.299535,0,0.00575175
0.465,0.295,25.0503,7.42231,-5.26213,355.277,0.048317,-0.299535,0,0.00575175
0.465,0.305,24.5119,7.33488,-4.90513,340.341,0.048317,-0.299535,0,0.00575175
0.465,0.315,23.9573,7.23731,-4.54743,325.053,0.048317,-0.299535,0,0.00575175
0.465,0.325,23.4109,7.12984,-4.18524,309.955,0.048317,-0.299535,0,0.00575175
0.465,0.335,22.8492,7.01395,-3.82347,294.684,0.048317,-0.299535,0,0.00575175
0.465,0.345,22.2647,6.89031,-3.46416,279.196,0.048317,-0.299535,0,0.00575175
0.465,0.355,21.6578,6.75934,-3.10785,263.594,0.048317,-0.299535,0,0.00575175
0.465,0.365,21.0287,6.62148,-2.75508,247.985,0.048317,-0.299535,0,0.00575175
0.465,0.375,20.3782,6.47716,-2.40641,232.472,0.048317,-0.299535,0,0.00575175
0.465,0.385,19.7075,6.3268,-2.06246,217.165,0.048317,-0.299535,0,0.00575175
0.465,0.395,19.019,6.17078,-1.72396,202.176,0.048317,-0.299535,0,0.00575175
0.465,0.405,18.3168,6.00936,-1.39178,187.627,0.048317,-0.299535,0,0.00575175
0.465,0.415,17.6072,5.84262,-1.06714,173.647,0.048317,-0.299535,0,0.00575175
0.465,0.425,16.8995,5.67037,-0.751774,160.383,0.048317,-0.299535,0,0.00575175
0.465,0.435,16.2072,5.49199,-0.448298,148.002,0.048317,-0.299535,0,0.00575175
0.465,0.445,15.55,5.30546,-0.160633,136.704,0.048317,-0.299535,0,0.00575175
0.465,0.455,14.9717,5.09142,0.105822,126.751,0.048317,-0.299535,0,0.00575175
0.465,0.465,14.4798,4.85566,0.342749,118.382,0.048317,-0.299535,0,0.00575175
0.465,0.475,14.1043,4.60118,0.538915,112.008,0.048317,-0.299535,0,0.00575175
0.465,0.485,13.8706,4.3226,0.683905,107.933,0.048317,-0.299535,0,0.00575175
0.465,0.495,13.7481,4.01168,0.773756,106.152,0.048317,-0.299535,0,0.00575175
0.465,0.505,12.972,3.63335,0.821738,106.435,0.048317,-0.299535,0,0.00575175
0.465,0.515,10.347,2.85247,0.903888,109.708,0.048317,-0.299535,0,0.00575175
0.465,0.525,7.03634,0.623128,1.2197,115.481,0.048317,-0.299535,0,0.00575175
0.465,0.535,5.80967,-3.67829,1.81346,114.135,0.048317,-0.299535,0,0.00575175
0.465,0.545,6.67114,-8.44206,2.24047,104.274,0.048317,-0.299535,0,0.00575175
0.465,0.555,10.3067,-11.7856,2.41976,93.7069,0.048317,-0.299535,0,0.00575175
0.465,0.565,19.1942,-13.4742,2.60487,91.1256,0.048317,-0.299535,0,0.00575175
0.465,0.575,37.752,-14.2364,2.74087,95.988,0.048317,-0.299535,0,0.00575175
0.465,0.585,69.4203,-14.6036,2.76817,97.7299,0.048317,-0.299535,0,0.00575175
0.465,0.595,114.211,-14.7923,2.73432,93.4249,0.048317,-0.299535,0,0.00575175
0.465,0.605,170.34,-14.8895,2.70305,89.6725,0.048317,-0.299535,0,0.00575175
0.465,0.615,236.931,-14.9385,2.70179,92.4726,0.048317,-0.299535,0,0.00575175
0.465,0.625,313.551,-14.9634,2.72599,102.567,0.048317,-0.299535,0,0.00575175
0.465,0.635,398.281,-14.9767,2.76223,117.737,0.048317,-0.299535,0,0.00575175
0.465,0.645,487.317,-14.9845,2.80085,135.468,0.048317,-0.299535,0,0.00575175
0.465,0.655,575.951,-14.9895,2.83723,153.838,0.048317,-0.299535,0,0.00575175
0.465,0.665,659.711,-14.9928,2.86967,171.535,0.048317,-0.299535,0,0.00575175
0.465,0.675,735.116,-14.9951,2.89772,187.72,0.048317,-0.299535,0,0.00575175
0.465,0.685,800.002,-14.9968,2.92143,201.904,0.048317,-0.299535,0,0.00575175
0.465,0.695,853.521,-14.9979,2.94103,213.873,0.048317,-0.299535,0,0.00575175
0.465,0.705,895.926,-14.9986,2.95684,223.619,0.048317,-0.299535,0,0.00575175
0.465,0.715,928.262,-14.9992,2.96927,231.286,0.048317,-0.299535,0,0.00575175
0.465,0.725,952.024,-14.9995,2.97874,237.114,0.048317,-0.299535,0,0.00575175
0.465,0.735,968.869,-14.9997,2.98574,241.394,0.048317,-0.299535,0,0.00575175
0.465,0.745,980.4,-14.9998,2.99073,244.429,0.048317,-0.299535,0,0.00575175
0.465,0.755,988.027,-14.9999,2.99416,246.506,0.048317,-0.299535,0,0.00575175
0.465,0.765,992.902,-15,2.99644,247.878,0.048317,-0.299535,0,0.00575175
0.465,0.775,995.916,-15,2.9979,248.753,0.048317,-0.299535,0,0.00575175
0.465,0.785,997.72,-15,2.9988,249.29,0.048317,-0.299535,0,0.00575175
0.465,0.795,998.764,-15,2.99934,249.608,0.048317,-0.299535,0,0.00575175
0.465,0.805,999.349,-15,2.99965,249.791,0.048317,-0.299535,0,0.00575175
0.465,0.815,999.667,-15,2.99982,249.892,0.048317,-0.299535,0,0.00575175
0.465,0.825,999.835,-15,2.99991,249.946,0.048317,-0.299535,0,0.00575175
0.465,0.835,999.92,-15,2.99996,249.973,0.048317,-0.299535,0,0.00575175
0.465,0.845,999.963,-15,2.99998,249.987,0.048317,-0.299535,0,0.00575175
0.465,0.855,999.983,-15,2.99999,249.994,0.048317,-0.299535,0,0.00575175
0.465,0.865,999.992,-15,3,249.997,0.048317,-0.299535,0,0.00575175
0.465,0.875,999.997,-15,3,249.999,0.048317,-0.299535,0,0.00575175
0.465,0.885,999.999,-15,3,250,0.048317,-0.299535,0,0.00575175
0.465,0.895,999.999,-15,3,250,0.048317,-0.299535,0,0.00575175
0.465,0.905,1000,-15,3,250,0.048317,-0.299535,0,0.00575175
0.465,0.915,1000,-15,3,250,0.048317,-0.299535,0,0.00575175
0.465,0.925,1000,-15,3,250,0.048317,-0.299535,0,0.00575175
0.465,0.935,1000,-15,3,250,0.048317,-0.299535,0,0.00575175
0.465,0.945,1000,-15,3,250,0.048317,-0.299535,0,0.00575175
0.465,0.955,1000,-15,3,250,0.048317,-0.299535,0,0.00575175
0.465,0.965,1000,-15,3,250,0.048317,-0.299535,0,0.00575175
0.465,0.975,1000,-15,3,250,0.048317,-0.299535,0,0.00575175
0.465,0.985,1000,-15,3,250,0.048317,-0.299535,0,0.00575175
0.465,0.995,1000,-15,3,250,0.048317,-0.299535,0,0.00575175
0.475,0.005,23.1563,6.69682,-14.3291,342.858,0.0314045,-0.131018,0,0.00314665
0.475,0.015,23.5356,6.86052,-14.0996,348.59,0.0314045,-0.131018,0,0.00314665
0.475,0.025,24.0992,6.98549,-13.8339,358.545,0.0314045,-0.131018,0,0.00314665
0.475,0.035,24.7235,7.0903,-13.5507,370.067,0.0314045,-0.131018,0,0.00314665
0.475,0.045,25.3468,7.18327,-13.2584,381.877,0.0314045,-0.131018,0,0.00314665
0.475,0.055,25.9375,7.26802,-12.961,393.321,0.0314045,-0.131018,0,0.00314665
0.475,0.065,26.478,7.34621,-12.6605,404.028,0.0314045,-0.131018,0,0.00314665
0.475,0.075,26.9582,7.41862,-12.3578,413.762,0.0314045,-0.131018,0,0.00314665
0.475,0.085,27.3716,7.48568,-12.0536,422.358,0.0314045,-0.131018,0,0.00314665
0.475,0.095,27.7144,7.54767,-11.7483,429.701,0.0314045,-0.131018,0,0.00314665
0.475,0.105,27.9851,7.60478,-11.442,435.712,0.0314045,-0.131018,0,0.00314665
0.475,0.115,28.1839,7.65716,-11.1347,440.344,0.0314045,-0.131018,0,0.00314665
0.475,0.125,28.3126,7.70487,-10.8262,443.578,0.0314045,-0.131018,0,0.00314665
0.475,0.135,28.3742,7.7479,-10.5162,445.424,0.0314045,-0.131018,0,0.00314665
0.475,0.145,28.3725,7.78613,-10.2044,445.91,0.0314045,-0.131018,0,0.00314665
0.475,0.155,28.3123,7.81937,-9.89038,445.079,0.0314045,-0.131018,0,0.00314665
0.475,0.165,28.1984,7.84733,-9.57371,442.985,0.0314045,-0.131018,0,0.00314665
0.475,0.175,28.0356,7.86962,-9.25406,439.686,0.0314045,-0.131018,0,0.00314665
0.475,0.185,27.8285,7.88582,-8.93113,435.24,0.0314045,-0.131018,0,0.00314665
0.475,0.195,27.5812,7.89548,-8.60474,429.702,0.0314045,-0.131018,0,0.00314665
0.475,0.205,27.2976,7.89813,-8.2748,423.127,0.0314045,-0.131018,0,0.00314665
0.475,0.215,26.981,7.89333,-7.9413,415.565,0.0314045,-0.131018,0,0.00314665
0.475,0.225,26.6343,7.88063,-7.60435,407.067,0.0314045,-0.131018,0,0.00314665
0.475,0.235,26.2599,7.85966,-7.26411,397.684,0.0314045,-0.131018,0,0.00314665
0.475,0.245,25.8601,7.83006,-6.92081,387.47,0.0314045,-0.131018,0,0.00314665
0.475,0.255,25.4367,7.79153,-6.57474,376.481,0.0314045,-0.131018,0,0.00314665
0.475,0.265,24.9912,7.7438,-6.22624,364.776,0.0314045,-0.131018,0,0.00314665
0.475,0.275,24.5249,7.68669,-5.87571,352.422,0.0314045,-0.131018,0,0.00314665
0.475,0.285,24.0387,7.62003,-5.52359,339.486,0.0314045,-0.131018,0,0.00314665
0.475,0.295,23.5336,7.54373,-5.17035,326.042,0.0314045,-0.131018,0,0.00314665
0.475,0.305,23.0099,7.45771,-4.8165,312.169,0.0314045,-0.131018,0,0.00314665
0.475,0.315,22.4726,7.36191,-4.46177,298.03,0.0314045,-0.131018,0,0.00314665
0.475,0.325,21.9433,7.25669,-4.10264,284.098,0.0314045,-0.131018,0,0.00314665
0.475,0.335,21.3976,7.1434,-3.7445,269.991,0.0314045,-0.131018,0,0.00314665
0.475,0.345,20.8313,7.02258,-3.38886,255.713,0.0314045,-0.131018,0,0.00314665
0.475,0.355,20.2448,6.89463,-3.03625,241.358,0.0314045,-0.131018,0,0.00314665
0.475,0.365,19.6392,6.75993,-2.68723,227.024,0.0314045,-0.131018,0,0.00314665
0.475,0.375,19.0154,6.61886,-2.34236,212.809,0.0314045,-0.131018,0,0.00314665
0.475,0.385,18.3752,6.47177,-2.00228,198.814,0.0314045,-0.131018,0,0.00314665
0.475,0.395,17.7217,6.31896,-1.66779,185.144,0.0314045,-0.131018,0,0.00314665
0.475,0.405,17.0593,6.16062,-1.33988,171.912,0.0314045,-0.131018,0,0.00314665
0.475,0.415,16.3947,5.99674,-1.01991,159.24,0.0314045,-0.131018,0,0.00314665
0.475,0.425,15.7375,5.82701,-0.709877,147.267,0.0314045,-0.131018,0,0.00314665
0.475,0.435,15.1015,5.6507,-0.41272,136.155,0.0314045,-0.131018,0,0.00314665
0.475,0.445,14.5071,5.46509,-0.132819,126.099,0.0314045,-0.131018,0,0.00314665
0.475,0.455,13.9958,5.2504,0.123754,117.35,0.0314045,-0.131018,0,0.00314665
0.475,0.465,13.5753,5.01467,0.348045,110.16,0.0314045,-0.131018,0,0.00314665
0.475,0.475,13.2736,4.75902,0.528925,104.891,0.0314045,-0.131018,0,0.00314665
0.475,0.485,13.1057,4.47852,0.657459,101.766,0.0314045,-0.131018,0,0.00314665
0.475,0.495,13.0245,4.16606,0.732357,100.672,0.0314045,-0.131018,0,0.00314665
0.475,0.505,12.1265,3.77004,0.772001,101.436,0.0314045,-0.131018,0,0.00314665
0.475,0.515,9.30224,2.83358,0.87402,105.352,0.0314045,-0.131018,0,0.00314665
0.475,0.525,6.33793,0.253861,1.24522,110.474,0.0314045,-0.131018,0,0.00314665
0.475,0.535,5.48011,-4.19549,1.82692,106.92,0.0314045,-0.131018,0,0.00314665
0.475,0.545,6.48324,-8.76998,2.16923,97.3109,0.0314045,-0.131018,0,0.00314665
0.475,0.555,10.1659,-11.9004,2.35069,89.3015,0.0314045,-0.131018,0,0.00314665
0.475,0.565,19.1752,-13.4905,2.5915,90.268,0.0314045,-0.131018,0,0.00314665
0.475,0.575,37.9958,-14.234,2.75118,97.004,0.0314045,-0.131018,0,0.00314665
0.475,0.585,69.8865,-14.6029,2.77508,98.4405,0.0314045,-0.131018,0,0.00314665
0.475,0.595,114.594,-14.7939,2.73364,92.9934,0.0314045,-0.131018,0,0.00314665
0.475,0.605,170.383,-14.8913,2.69907,88.6243,0.0314045,-0.131018,0,0.00314665
0.475,0.615,236.676,-14.9397,2.69822,91.5034,0.0314045,-0.131018,0,0.00314665
0.475,0.625,313.206,-14.964,2.72386,101.931,0.0314045,-0.131018,0,0.00314665
0.475,0.635,397.995,-14.977,2.7612,117.392,0.0314045,-0.131018,0,0.00314665
0.475,0.645,487.134,-14.9846,2.80041,135.301,0.0314045,-0.131018,0,0.00314665
0.475,0.655,575.851,-14.9895,2.83706,153.764,0.0314045,-0.131018,0,0.00314665
0.475,0.665,659.663,-14.9928,2.8696,171.505,0.0314045,-0.131018,0,0.00314665
0.475,0.675,735.095,-14.9951,2.8977,187.708,0.0314045,-0.131018,0,0.00314665
0.475,0.685,799.994,-14.9968,2.92142,201.9,0.0314045,-0.131018,0,0.00314665
0.475,0.695,853.517,-14.9979,2.94102,213.871,0.0314045,-0.131018,0,0.00314665
0.475,0.705,895.925,-14.9987,2.95684,223.618,0.0314045,-0.131018,0,0.00314665
0.475,0.715,928.261,-14.9992,2.96927,231.286,0.0314045,-0.131018,0,0.00314665
0.475,0.725,952.024,-14.9995,2.97874,237.114,0.0314045,-0.131018,0,0.00314665
0.475,0.735,968.869,-14.9997,2.98574,241.394,0.0314045,-0.131018,0,0.00314665
0.475,0.745,980.4,-14.9998,2.99073,244.429,0.0314045,-0.131018,0,0.00314665
0.475,0.755,988.027,-14.9999,2.99416,246.506,0.0314045,-0.131018,0,0.00314665
0.475,0.765,992.902,-15,2.99644,247.878,0.0314045,-0.131018,0,0.00314665
0.475,0.775,995.916,-15,2.9979,248.753,0.0314045,-0.131018,0,0.00314665
0.475,0.785,997.72,-15,2.9988,249.29,0.0314045,-0.131018,0,0.00314665
0.475,0.795,998.764,-15,2.99934,249.608,0.0314045,-0.131018,0,0.00314665
0.475,0.805,999.349,-15,2.99965,249.791,0.0314045,-0.131018,0,0.00314665
0.475,0.815,999.667,-15,2.99982,249.892,0.0314045,-0.131018,0,0.00314665
0.475,0.825,999.835,-15,2.99991,249.946,0.0314045,-0.131018,0,0.00314665
0.475,0.835,999.92,-15,2.99996,249.973,0.0314045,-0.131018,0,0.00314665
0.475,0.845,999.963,-15,2.99998,249.987,0.0314045,-0.131018,0,0.00314665
0.475,0.855,999.983,-15,2.99999,249.994,0.0314045,-0.131018,0,0.00314665
0.475,0.865,999.992,-15,3,249.997,0.0314045,-0.131018,0,0.00314665
0.475,0.875,999.997,-15,3,249.999,0.0314045,-0.131018,0,0.00314665
0.475,0.885,999.999,-15,3,250,0.0314045,-0.131018,0,0.00314665
0.475,0.895,999.999,-15,3,250,0.0314045,-0.131018,0,0.00314665
0.475,0.905,1000,-15,3,250,0.0314045,-0.131018,0,0.00314665
0.475,0.915,1000,-15,3,250,0.0314045,-0.131018,0,0.00314665
0.475,0.925,1000,-15,3,250,0.0314045,-0.131018,0,0.00314665
0.475,0.935,1000,-15,3,250,0.0314045,-0.131018,0,0.00314665
0.475,0.945,1000,-15,3,250,0.0314045,-0.131018,0,0.00314665
0.475,0.955,1000,-15,3,250,0.0314045,-0.131018,0,0.00314665
0.475,0.965,1000,-15,3,250,0.0314045,-0.131018,0,0.00314665
0.475,0.975,1000,-15,3,250,0.0314045,-0.131018,0,0.00314665
0.475,0.985,1000,-15,3,250,0.0314045,-0.131018,0,0.00314665
0.475,0.995,1000,-15,3,250,0.0314045,-0.131018,0,0.00314665
0.485,0.005,22.8287,6.7551,-14.1022,337.37,0.0218521,0,0,0.00189387
0.485,0.015,22.7819,6.97581,-13.9306,333.892,0.0218521,0,0,0.00189387
0.485,0.025,23.1004,7.12687,-13.6931,338.709,0.0218521,0,0,0.00189387
0.485,0.035,23.576,7.2422,-13.4237,347.105,0.0218521,0,0,0.00189387
0.485,0.045,24.0994,7.33849,-13.1385,356.76,0.0218521,0,0,0.00189387
0.485,0.055,24.6158,7.42335,-12.845,366.544,0.0218521,0,0,0.00189387
0.485,0.065,25.0972,7.50022,-12.5469,375.875,0.0218521,0,0,0.00189387
0.485,0.075,25.5287,7.57071,-12.2457,384.429,0.0218521,0,0,0.00189387
0.485,0.085,25.9017,7.63559,-11.9426,392.006,0.0218521,0,0,0.00189387
0.485,0.095,26.2116,7.69531,-11.638,398.477,0.0218521,0,0,0.00189387
0.485,0.105,26.4562,7.75011,-11.332,403.757,0.0218521,0,0,0.00189387
0.485,0.115,26.6353,7.80016,-11.0249,407.794,0.0218521,0,0,0.00189387
0.485,0.125,26.75,7.84552,-10.7164,410.566,0.0218521,0,0,0.00189387
0.485,0.135,26.8026,7.88618,-10.4063,412.074,0.0218521,0,0,0.00189387
0.485,0.145,26.7965,7.92205,-10.0945,412.338,0.0218521,0,0,0.00189387
0.485,0.155,26.7355,7.95295,-9.78047,411.391,0.0218521,0,0,0.00189387
0.485,0.165,26.6238,7.97861,-9.46396,409.28,0.0218521,0,0,0.00189387
0.485,0.175,26.4656,7.99869,-9.14465,406.053,0.0218521,0,0,0.00189387
0.485,0.185,26.265,8.01282,-8.82229,401.764,0.0218521,0,0,0.00189387
0.485,0.195,26.0259,8.02056,-8.49671,396.465,0.0218521,0,0,0.00189387
0.485,0.205,25.7516,8.02149,-8.16783,390.206,0.0218521,0,0,0.00189387
0.485,0.215,25.4453,8.01519,-7.83565,383.037,0.0218521,0,0,0.00189387
0.485,0.225,25.1098,8.00126,-7.50026,375.008,0.0218521,0,0,0.00189387
0.485,0.235,24.7473,7.97933,-7.16182,366.169,0.0218521,0,0,0.00189387
0.485,0.245,24.3599,7.94908,-6.82055,356.572,0.0218521,0,0,0.00189387
0.485,0.255,23.9495,7.9102,-6.47673,346.273,0.0218521,0,0,0.00189387
0.485,0.265,23.5175,7.86247,-6.1307,335.328,0.0218521,0,0,0.00189387
0.485,0.275,23.0653,7.8057,-5.78283,323.801,0.0218521,0,0,0.00189387
0.485,0.285,22.5937,7.73973,-5.43354,311.757,0.0218521,0,0,0.00189387
0.485,0.295,22.1038,7.66447,-5.0833,299.264,0.0218521,0,0,0.00189387
0.485,0.305,21.5963,7.57984,-4.7326,286.398,0.0218521,0,0,0.00189387
0.485,0.315,21.0777,7.48579,-4.38077,273.345,0.0218521,0,0,0.00189387
0.485,0.325,20.5666,7.38274,-4.02478,260.499,0.0218521,0,0,0.00189387
0.485,0.335,20.0387,7.27194,-3.67021,247.486,0.0218521,0,0,0.00189387
0.485,0.345,19.4922,7.15381,-3.31818,234.339,0.0218521,0,0,0.00189387
0.485,0.355,18.928,7.02871,-2.96923,221.147,0.0218521,0,0,0.00189387
0.485,0.365,18.3472,6.89699,-2.62392,207.999,0.0218521,0,0,0.00189387
0.485,0.375,17.7513,6.75897,-2.28282,194.985,0.0218521,0,0,0.00189387
0.485,0.385,17.1426,6.61493,-1.94662,182.201,0.0218521,0,0,0.00189387
0.485,0.395,16.5244,6.46511,-1.61618,169.744,0.0218521,0,0,0.00189387
0.485,0.405,15.9016,6.30962,-1.29261,157.72,0.0218521,0,0,0.00189387
0.485,0.415,15.2812,6.14835,-0.977452,146.244,0.0218521,0,0,0.00189387
0.485,0.425,14.673,5.98092,-0.672938,135.45,0.0218521,0,0,0.00189387
0.485,0.435,14.091,5.80644,-0.38237,125.493,0.0218521,0,0,0.00189387
0.485,0.445,13.5562,5.62156,-0.110585,116.565,0.0218521,0,0,0.00189387
0.485,0.455,13.1072,5.40647,0.135683,108.906,0.0218521,0,0,0.00189387
0.485,0.465,12.7528,5.17065,0.347012,102.775,0.0218521,0,0,0.00189387
0.485,0.475,12.5173,4.91391,0.51269,98.4814,0.0218521,0,0,0.00189387
0.485,0.485,12.4059,4.63167,0.625494,96.1738,0.0218521,0,0,0.00189387
0.485,0.495,12.3584,4.31749,0.68668,95.6611,0.0218521,0,0,0.00189387
0.485,0.505,11.3177,3.89169,0.720908,96.9224,0.0218521,0,0,0.00189387
0.485,0.515,8.32435,2.75019,0.851615,101.516,0.0218521,0,0,0.00189387
0.485,0.525,5.77774,-0.174139,1.27575,105.442,0.0218521,0,0,0.00189387
0.485,0.535,5.21317,-4.68013,1.8177,100.055,0.0218521,0,0,0.00189387
0.485,0.545,6.31614,-9.03974,2.08459,91.2169,0.0218521,0,0,0.00189387
0.485,0.555,10.0471,-11.9775,2.29116,86.1477,0.0218521,0,0,0.00189387
0.485,0.565,19.2054,-13.4926,2.58996,90.4589,0.0218521,0,0,0.00189387
0.485,0.575,38.3038,-14.2282,2.76621,98.5526,0.0218521,0,0,0.00189387
0.485,0.585,70.3902,-14.6021,2.78256,99.2236,0.0218521,0,0,0.00189387
0.485,0.595,114.96,-14.7957,2.73231,92.433,0.0218521,0,0,0.00189387
0.485,0.605,170.377,-14.8933,2.69459,87.4744,0.0218521,0,0,0.00189387
0.485,0.615,236.386,-14.9409,2.69451,90.5114,0.0218521,0,0,0.00189387
0.485,0.625,312.853,-14.9646,2.72177,101.313,0.0218521,0,0,0.00189387
0.485,0.635,397.721,-14.9772,2.76023,117.069,0.0218521,0,0,0.00189387
0.485,0.645,486.966,-14.9847,2.80001,135.151,0.0218521,0,0,0.00189387
0.485,0.655,575.763,-14.9896,2.83691,153.7,0.0218521,0,0,0.00189387
0.485,0.665,659.622,-14.9929,2.86955,171.479,0.0218521,0,0,0.00189387
0.485,0.675,735.078,-14.9952,2.89768,187.699,0.0218521,0,0,0.00189387
0.485,0.685,799.987,-14.9968,2.92141,201.896,0.0218521,0,0,0.00189387
0.485,0.695,853.515,-14.9979,2.94102,213.87,0.0218521,0,0,0.00189387
0.485,0.705,895.924,-14.9987,2.95684,223.618,0.0218521,0,0,0.00189387
0.485,0.715,928.261,-14.9992,2.96927,231.285,0.0218521,0,0,0.00189387
0.485,0.725,952.023,-14.9995,2.97874,237.114,0.0218521,0,0,0.00189387
0.485,0.735,968.869,-14.9997,2.98574,241.394,0.0218521,0,0,0.00189387
0.485,0.745,980.4,-14.9998,2.99073,244.429,0.0218521,0,0,0.00189387
0.485,0.755,988.027,-14.9999,2.99416,246.506,0.0218521,0,0,0.00189387
0.485,0.765,992.902,-15,2.99644,247.878,0.0218521,0,0,0.00189387
0.485,0.775,995.916,-15,2.9979,248.753,0.0218521,0,0,0.00189387
0.485,0.785,997.72,-15,2.9988,249.29,0.0218521,0,0,0.00189387
0.485,0.795,998.764,-15,2.99934,249.608,0.0218521,0,0,0.00189387
0.485,0.805,999.349,-15,2.99965,249.791,0.0218521,0,0,0.00189387
0.485,0.815,999.667,-15,2.99982,249.892,0.0218521,0,0,0.00189387
0.485,0.825,999.835,-15,2.99991,249.946,0.0218521,0,0,0.00189387
0.485,0.835,999.92,-15,2.99996,249.973,0.0218521,0,0,0.00189387
0.485,0.845,999.963,-15,2.99998,249.987,0.0218521,0,0,0.00189387
0.485,0.855,999.983,-15,2.99999,249.994,0.0218521,0,0,0.00189387
0.485,0.865,999.992,-15,3,249.997,0.0218521,0,0,0.00189387
0.485,0.875,999.997,-15,3,249.999,0.0218521,0,0,0.00189387
0.485,0.885,999.999,-15,3,250,0.0218521,0,0,0.00189387
0.485,0.895,999.999,-15,3,250,0.0218521,0,0,0.00189387
0.485,0.905,1000,-15,3,250,0.0218521,0,0,0.00189387
0.485,0.915,1000,-15,3,250,0.0218521,0,0,0.00189387
0.485,0.925,1000,-15,3,250,0.0218521,0,0,0.00189387
0.485,0.935,1000,-15,3,250,0.0218521,0,0,0.00189387
0.485,0.945,1000,-15,3,250,0.0218521,0,0,0.00189387
0.485,0.955,1000,-15,3,250,0.0218521,0,0,0.00189387
0.485,0.965,1000,-15,3,250,0.0218521,0,0,0.00189387
0.485,0.975,1000,-15,3,250,0.0218521,0,0,0.00189387
0.485,0.985,1000,-15,3,250,0.0218521,0,0,0.00189387
0.485,0.995,1000,-15,3,250,0.0218521,0,0,0.00189387
0.495,0.005,23.1075,6.70695,-13.7851,345.925,0.0218521,0,0,0.00189387
0.495,0.015,22.3974,7.02876,-13.7128,327.364,0.0218521,0,0,0.00189387
0.495,0.025,22.3176,7.23478,-13.5294,323.685,0.0218521,0,0,0.00189387
0.495,0.035,22.5634,7.37599,-13.2869,327.306,0.0218521,0,0,0.00189387
0.495,0.045,22.9483,7.48322,-13.015,334.067,0.0218521,0,0,0.00189387
0.495,0.055,23.3736,7.57194,-12.7285,341.893,0.0218521,0,0,0.00189387
0.495,0.065,23.7895,7.6494,-12.4341,349.759,0.0218521,0,0,0.00189387
0.495,0.075,24.1705,7.71898,-12.1354,357.137,0.0218521,0,0,0.00189387
0.495,0.085,24.5036,7.78226,-11.8337,363.739,0.0218521,0,0,0.00189387
0.495,0.095,24.7817,7.84006,-11.53,369.394,0.0218521,0,0,0.00189387
0.495,0.105,25.0015,7.89279,-11.2247,373.999,0.0218521,0,0,0.00189387
0.495,0.115,25.1618,7.94069,-10.9179,377.495,0.0218521,0,0,0.00189387
0.495,0.125,25.2632,7.98386,-10.6096,379.849,0.0218521,0,0,0.00189387
0.495,0.135,25.3075,8.02231,-10.2998,381.056,0.0218521,0,0,0.00189387
0.495,0.145,25.2971,8.05596,-9.98804,381.128,0.0218521,0,0,0.00189387
0.495,0.155,25.2354,8.08466,-9.67422,380.091,0.0218521,0,0,0.00189387
0.495,0.165,25.126,8.10817,-9.35803,377.983,0.0218521,0,0,0.00189387
0.495,0.175,24.9724,8.12618,-9.03921,374.846,0.0218521,0,0,0.00189387
0.495,0.185,24.7784,8.13836,-8.71754,370.728,0.0218521,0,0,0.00189387
0.495,0.195,24.5475,8.14431,-8.39288,365.676,0.0218521,0,0,0.00189387
0.495,0.205,24.2827,8.14364,-8.06515,359.738,0.0218521,0,0,0.00189387
0.495,0.215,23.987,8.13595,-7.73437,352.963,0.0218521,0,0,0.00189387
0.495,0.225,23.6629,8.12089,-7.40061,345.399,0.0218521,0,0,0.00189387
0.495,0.235,23.3127,8.09809,-7.06403,337.094,0.0218521,0,0,0.00189387
0.495,0.245,22.9383,8.06725,-6.72483,328.099,0.0218521,0,0,0.00189387
0.495,0.255,22.5415,8.0281,-6.3833,318.467,0.0218521,0,0,0.00189387
0.495,0.265,22.1237,7.98042,-6.03975,308.254,0.0218521,0,0,0.00189387
0.495,0.275,21.6862,7.92401,-5.69455,297.518,0.0218521,0,0,0.00189387
0.495,0.285,21.2302,7.85875,-5.34809,286.323,0.0218521,0,0,0.00189387
0.495,0.295,20.7566,7.78453,-5.00084,274.733,0.0218521,0,0,0.00189387
0.495,0.305,20.2663,7.70128,-4.65327,262.818,0.0218521,0,0,0.00189387
0.495,0.315,19.7676,7.60893,-4.30428,250.787,0.0218521,0,0,0.00189387
0.495,0.325,19.2753,7.508,-3.95149,238.95,0.0218521,0,0,0.00189387
0.495,0.335,18.7666,7.39957,-3.60043,226.96,0.0218521,0,0,0.00189387
0.495,0.345,18.2413,7.284,-3.25196,214.869,0.0218521,0,0,0.00189387
0.495,0.355,17.7003,7.16161,-2.90663,202.757,0.0218521,0,0,0.00189387
0.495,0.365,17.1453,7.03271,-2.56498,190.707,0.0218521,0,0,0.00189387
0.495,0.375,16.5779,6.89758,-2.22763,178.804,0.0218521,0,0,0.00189387
0.495,0.385,16.001,6.75643,-1.89532,167.135,0.0218521,0,0,0.00189387
0.495,0.395,15.418,6.60943,-1.56898,155.791,0.0218521,0,0,0.00189387
0.495,0.405,14.8341,6.4566,-1.24983,144.873,0.0218521,0,0,0.00189387
0.495,0.415,14.2565,6.29778,-0.939598,134.489,0.0218521,0,0,0.00189387
0.495,0.425,13.6953,6.13246,-0.640789,124.768,0.0218521,0,0,0.00189387
0.495,0.435,13.1647,5.95965,-0.357056,115.86,0.0218521,0,0,0.00189387
0.495,0.445,12.6857,5.77545,-0.0937004,107.955,0.0218521,0,0,0.00189387
0.495,0.455,12.2946,5.56021,0.141913,101.28,0.0218521,0,0,0.00189387
0.495,0.465,12.001,5.32419,0.340052,96.0982,0.0218521,0,0,0.00189387
0.495,0.475,11.8248,5.0664,0.490668,92.6692,0.0218521,0,0,0.00189387
0.495,0.485,11.7624,4.78231,0.588363,91.0746,0.0218521,0,0,0.00189387
0.495,0.495,11.7436,4.46578,0.636717,91.0686,0.0218521,0,0,0.00189387
0.495,0.505,10.5316,3.99229,0.668827,92.8791,0.0218521,0,0,0.00189387
0.495,0.515,7.428,2.59009,0.837058,98.1179,0.0218521,0,0,0.00189387
0.495,0.525,5.34037,-0.64276,1.30504,100.331,0.0218521,0,0,0.00189387
0.495,0.535,4.9975,-5.11483,1.78325,93.6957,0.0218521,0,0,0.00189387
0.495,0.545,6.16777,-9.24902,1.99303,86.0936,0.0218521,0,0,0.00189387
0.495,0.555,9.95761,-12.0187,2.24525,84.257,0.0218521,0,0,0.00189387
0.495,0.565,19.2901,-13.4824,2.60006,91.6093,0.0218521,0,0,0.00189387
0.495,0.575,38.6738,-14.2201,2.78509,100.531,0.0218521,0,0,0.00189387
0.495,0.585,70.9214,-14.6013,2.79007,99.9934,0.0218521,0,0,0.00189387
0.495,0.595,115.297,-14.7979,2.7301,91.7018,0.0218521,0,0,0.00189387
0.495,0.605,170.317,-14.8954,2.68956,86.2187,0.0218521,0,0,0.00189387
0.495,0.615,236.062,-14.9422,2.69068,89.5039,0.0218521,0,0,0.00189387
0.495,0.625,312.498,-14.9651,2.71973,100.716,0.0218521,0,0,0.00189387
0.495,0.635,397.461,-14.9774,2.75933,116.771,0.0218521,0,0,0.00189387
0.495,0.645,486.813,-14.9848,2.79966,135.018,0.0218521,0,0,0.00189387
0.495,0.655,575.686,-14.9896,2.83678,153.645,0.0218521,0,0,0.00189387
0.495,0.665,659.587,-14.9929,2.8695,171.458,0.0218521,0,0,0.00189387
0.495,0.675,735.064,-14.9952,2.89766,187.691,0.0218521,0,0,0.00189387
0.495,0.685,799.981,-14.9968,2.92141,201.894,0.0218521,0,0,0.00189387
0.495,0.695,853.513,-14.9979,2.94102,213.869,0.0218521,0,0,0.00189387
0.495,0.705,895.923,-14.9987,2.95684,223.618,0.0218521,0,0,0.00189387
0.495,0.715,928.261,-14.9992,2.96927,231.285,0.0218521,0,0,0.00189387
0.495,0.725,952.023,-14.9995,2.97874,237.114,0.0218521,0,0,0.00189387
0.495,0.735,968.869,-14.9997,2.98574,241.394,0.0218521,0,0,0.00189387
0.495,0.745,980.4,-14.9998,2.99073,244.429,0.0218521,0,0,0.00189387
0.495,0.755,988.027,-14.9999,2.99416,246.506,0.0218521,0,0,0.00189387
0.495,0.765,992.902,-15,2.99644,247.878,0.0218521,0,0,0.00189387
0.495,0.775,995.916,-15,2.9979,248.753,0.0218521,0,0,0.00189387
0.495,0.785,997.72,-15,2.9988,249.29,0.0218521,0,0,0.00189387
0.495,0.795,998.764,-15,2.99934,249.608,0.0218521,0,0,0.00189387
0.495,0.805,999.349,-15,2.99965,249.791,0.0218521,0,0,0.00189387
0.495,0.815,999.667,-15,2.99982,249.892,0.0218521,0,0,0.00189387
0.495,0.825,999.835,-15,2.99991,249.946,0.0218521,0,0,0.00189387
0.495,0.835,999.92,-15,2.99996,249.973,0.0218521,0,0,0.00189387
0.495,0.845,999.963,-15,2.99998,249.987,0.0218521,0,0,0.00189387
0.495,0.855,999.983,-15,2.99999,249.994,0.0218521,0,0,0.00189387
0.495,0.865,999.992,-15,3,249.997,0.0218521,0,0,0.00189387
0.495,0.875,999.997,-15,3,249.999,0.0218521,0,0,0.00189387
0.495,0.885,999.999,-15,3,250,0.0218521,0,0,0.00189387
0.495,0.895,999.999,-15,3,250,0.0218521,0,0,0.00189387
0.495,0.905,1000,-15,3,250,0.0218521,0,0,0.00189387
0.495,0.915,1000,-15,3,250,0.0218521,0,0,0.00189387
0.495,0.925,1000,-15,3,250,0.0218521,0,0,0.00189387
0.495,0.935,1000,-15,3,250,0.0218521,0,0,0.00189387
0.495,0.945,1000,-15,3,250,0.0218521,0,0,0.00189387
0.495,0.955,1000,-15,3,250,0.0218521,0,0,0.00189387
0.495,0.965,1000,-15,3,250,0.0218521,0,0,0.00189387
0.495,0.975,1000,-15,3,250,0.0218521,0,0,0.00189387
0.495,0.985,1000,-15,3,250,0.0218521,0,0,0.00189387
0.495,0.995,1000,-15,3,250,0.0218521,0,0,0.00189387
0.505,0.005,24.216,6.51364,-13.3418,375.012,0.0218521,0,0,0.00189387
0.505,0.015,22.6163,6.97467,-13.4068,334.53,0.0218521,0,0,0.00189387
0.505,0.025,21.9092,7.27915,-13.3171,316.812,0.0218521,0,0,0.00189387
0.505,0.035,21.7755,7.475,-13.1265,312.431,0.0218521,0,0,0.00189387
0.505,0.045,21.9406,7.60885,-12.881,314.666,0.0218521,0,0,0.00189387
0.505,0.055,22.2346,7.70944,-12.6079,319.77,0.0218521,0,0,0.00189387
0.505,0.065,22.5662,7.79154,-12.3206,325.838,0.0218521,0,0,0.00189387
0.505,0.075,22.8888,7.8623,-12.0258,331.917,0.0218521,0,0,0.00189387
0.505,0.085,23.1788,7.92511,-11.7265,337.516,0.0218521,0,0,0.00189387
0.505,0.095,23.4243,7.98163,-11.4242,342.373,0.0218521,0,0,0.00189387
0.505,0.105,23.6193,8.03269,-11.1199,346.337,0.0218521,0,0,0.00189387
0.505,0.115,23.7613,8.07872,-10.8138,349.327,0.0218521,0,0,0.00189387
0.505,0.125,23.8498,8.11991,-10.506,351.298,0.0218521,0,0,0.00189387
0.505,0.135,23.8859,8.15632,-10.1964,352.234,0.0218521,0,0,0.00189387
0.505,0.145,23.8714,8.18792,-9.88504,352.14,0.0218521,0,0,0.00189387
0.505,0.155,23.8091,8.21457,-9.5716,351.033,0.0218521,0,0,0.00189387
0.505,0.165,23.7019,8.23607,-9.25589,348.944,0.0218521,0,0,0.00189387
0.505,0.175,23.553,8.25216,-8.93769,345.909,0.0218521,0,0,0.00189387
0.505,0.185,23.3657,8.26251,-8.61683,341.97,0.0218521,0,0,0.00189387
0.505,0.195,23.143,8.26679,-8.29319,337.171,0.0218521,0,0,0.00189387
0.505,0.205,22.8878,8.26463,-7.9667,331.556,0.0218521,0,0,0.00189387
0.505,0.215,22.6028,8.25567,-7.63738,325.171,0.0218521,0,0,0.00189387
0.505,0.225,22.2904,8.23956,-7.30531,318.063,0.0218521,0,0,0.00189387
0.505,0.235,21.9527,8.21597,-6.97063,310.278,0.0218521,0,0,0.00189387
0.505,0.245,21.5916,8.18463,-6.63355,301.865,0.0218521,0,0,0.00189387
0.505,0.255,21.2088,8.14527,-6.29433,292.875,0.0218521,0,0,0.00189387
0.505,0.265,20.8058,8.09767,-5.95328,283.362,0.0218521,0,0,0.00189387
0.505,0.275,20.3838,8.04167,-5.61074,273.38,0.0218521,0,0,0.00189387
0.505,0.285,19.944,7.97712,-5.26712,262.99,0.0218521,0,0,0.00189387
0.505,0.295,19.4875,7.90394,-4.92284,252.252,0.0218521,0,0,0.00189387
0.505,0.305,19.0153,7.82204,-4.57836,241.234,0.0218521,0,0,0.00189387
0.505,0.315,18.5372,7.73137,-4.23217,230.159,0.0218521,0,0,0.00189387
0.505,0.325,18.0641,7.63249,-3.88261,219.259,0.0218521,0,0,0.00189387
0.505,0.335,17.5756,7.52634,-3.53501,208.224,0.0218521,0,0,0.00189387
0.505,0.345,17.0722,7.41322,-3.19006,197.114,0.0218521,0,0,0.00189387
0.505,0.355,16.5552,7.29343,-2.84828,186.004,0.0218521,0,0,0.00189387
0.505,0.365,16.0264,7.16723,-2.51027,174.969,0.0218521,0,0,0.00189387
0.505,0.375,15.4878,7.03484,-2.17665,164.089,0.0218521,0,0,0.00189387
0.505,0.385,14.9423,6.89644,-1.84823,153.444,0.0218521,0,0,0.00189387
0.505,0.395,14.3939,6.75211,-1.52601,143.121,0.0218521,0,0,0.00189387
0.505,0.405,13.8478,6.60183,-1.21135,133.213,0.0218521,0,0,0.00189387
0.505,0.415,13.3115,6.44531,-0.90617,123.826,0.0218521,0,0,0.00189387
0.505,0.425,12.7952,6.28198,-0.613235,115.08,0.0218521,0,0,0.00189387
0.505,0.435,12.3132,6.11072,-0.336569,107.126,0.0218521,0,0,0.00189387
0.505,0.445,11.8862,5.92725,-0.0819337,100.146,0.0218521,0,0,0.00189387
0.505,0.455,11.5487,5.71203,0.142706,94.3633,0.0218521,0,0,0.00189387
0.505,0.465,11.3111,5.47567,0.327439,90.036,0.0218521,0,0,0.00189387
0.505,0.475,11.1884,5.21665,0.46306,87.3793,0.0218521,0,0,0.00189387
0.505,0.485,11.1695,4.9303,0.546044,86.4182,0.0218521,0,0,0.00189387
0.505,0.495,11.1761,4.61038,0.582093,86.8682,0.0218521,0,0,0.00189387
0.505,0.505,9.75344,4.06181,0.616735,89.3274,0.0218521,0,0,0.00189387
0.505,0.515,6.63432,2.34502,0.83083,95.0114,0.0218521,0,0,0.00189387
0.505,0.525,4.99791,-1.12904,1.32771,95.1416,0.0218521,0,0,0.00189387
0.505,0.535,4.8263,-5.48328,1.72456,88.0361,0.0218521,0,0,0.00189387
0.505,0.545,6.03876,-9.39705,1.90159,82.0235,0.0218521,0,0,0.00189387
0.505,0.555,9.90524,-12.0259,2.21634,83.6273,0.0218521,0,0,0.00189387
0.505,0.565,19.433,-13.462,2.62117,93.6317,0.0218521,0,0,0.00189387
0.505,0.575,39.1022,-14.2105,2.80693,102.839,0.0218521,0,0,0.00189387
0.505,0.585,71.4694,-14.601,2.7971,100.665,0.0218521,0,0,0.00189387
0.505,0.595,115.593,-14.8006,2.72682,90.7642,0.0218521,0,0,0.00189387
0.505,0.605,170.201,-14.8977,2.68398,84.8587,0.0218521,0,0,0.00189387
0.505,0.615,235.708,-14.9434,2.68678,88.4903,0.0218521,0,0,0.00189387
0.505,0.625,312.145,-14.9657,2.71777,100.147,0.0218521,0,0,0.00189387
0.505,0.635,397.216,-14.9777,2.7585,116.498,0.0218521,0,0,0.00189387
0.505,0.645,486.676,-14.9849,2.79934,134.9,0.0218521,0,0,0.00189387
0.505,0.655,575.62,-14.9896,2.83666,153.598,0.0218521,0,0,0.00189387
0.505,0.665,659.559,-14.9929,2.86946,171.44,0.0218521,0,0,0.00189387
0.505,0.675,735.052,-14.9952,2.89765,187.684,0.0218521,0,0,0.00189387
0.505,0.685,799.977,-14.9968,2.9214,201.891,0.0218521,0,0,0.00189387
0.505,0.695,853.511,-14.9979,2.94102,213.868,0.0218521,0,0,0.00189387
0.505,0.705,895.923,-14.9987,2.95684,223.617,0.0218521,0,0,0.00189387
0.505,0.715,928.261,-14.9992,2.96927,231.285,0.0218521,0,0,0.00189387
0.505,0.725,952.023,-14.9995,2.97874,237.114,0.0218521,0,0,0.00189387
0.505,0.735,968.869,-14.9997,2.98574,241.394,0.0218521,0,0,0.00189387
0.505,0.745,980.4,-14.9998,2.99073,244.429,0.0218521,0,0,0.00189387
0.505,0.755,988.027,-14.9999,2.99416,246.506,0.0218521,0,0,0.00189387
0.505,0.765,992.902,-15,2.99644,247.878,0.0218521,0,0,0.00189387
0.505,0.775,995.916,-15,2.9979,248.753,0.0218521,0,0,0.00189387
0.505,0.785,997.72,-15,2.9988,249.29,0.0218521,0,0,0.00189387
0.505,0.795,998.764,-15,2.99934,249.608,0.0218521,0,0,0.00189387
0.505,0.805,999.349,-15,2.99965,249.791,0.0218521,0,0,0.00189387
0.505,0.815,999.667,-15,2.99982,249.892,0.0218521,0,0,0.00189387
0.505,0.825,999.835,-15,2.99991,249.946,0.0218521,0,0,0.00189387
0.505,0.835,999.92,-15,2.99996,249.973,0.0218521,0,0,0.00189387
0.505,0.845,999.963,-15,2.99998,249.987,0.0218521,0,0,0.00189387
0.505,0.855,999.983,-15,2.99999,249.994,0.0218521,0,0,0.00189387
0.505,0.865,999.992,-15,3,249.997,0.0218521,0,0,0.00189387
0.505,0.875,999.997,-15,3,249.999,0.0218521,0,0,0.00189387
0.505,0.885,999.999,-15,3,250,0.0218521,0,0,0.00189387
0.505,0.895,999.999,-15,3,250,0.0218521,0,0,0.00189387
0.505,0.905,1000,-15,3,250,0.0218521,0,0,0.00189387
0.505,0.915,1000,-15,3,250,0.0218521,0,0,0.00189387
0.505,0.925,1000,-15,3,250,0.0218521,0,0,0.00189387
0.505,0.935,1000,-15,3,250,0.0218521,0,0,0.00189387
0.505,0.945,1000,-15,3,250,0.0218521,0,0,0.00189387
0.505,0.955,1000,-15,3,250,0.0218521,0,0,0.00189387
0.505,0.965,1000,-15,3,250,0.0218521,0,0,0.00189387
0.505,0.975,1000,-15,3,250,0.0218521,0,0,0.00189387
0.505,0.985,1000,-15,3,250,0.0218521,0,0,0.00189387
0.505,0.995,1000,-15,3,250,0.0218521,0,0,0.00189387
0.515,0.005,26.1313,6.18967,-12.7832,426.244,0.0218521,0,0,0.00189387
0.515,0.015,23.6585,6.77368,-12.977,361.634,0.0218521,0,0,0.00189387
0.515,0.025,22.108,7.21396,-13.017,323.493,0.0218521,0,0,0.00189387
0.515,0.035,21.3737,7.50744,-12.9163,305.836,0.0218521,0,0,0.00189387
0.515,0.045,21.1705,7.69716,-12.7221,300.378,0.0218521,0,0,0.00189387
0.515,0.055,21.2496,7.82607,-12.4757,301.099,0.0218521,0,0,0.00189387
0.515,0.065,21.4536,7.92149,-12.2024,304.555,0.0218521,0,0,0.00189387
0.515,0.075,21.6965,7.99794,-11.9149,308.955,0.0218521,0,0,0.00189387
0.515,0.085,21.9333,8.06268,-11.6198,313.389,0.0218521,0,0,0.00189387
0.515,0.095,22.1415,8.11925,-11.32,317.386,0.0218521,0,0,0.00189387
0.515,0.105,22.3097,8.16941,-11.0173,320.7,0.0218521,0,0,0.00189387
0.515,0.115,22.4325,8.21404,-10.7122,323.195,0.0218521,0,0,0.00189387
0.515,0.125,22.5078,8.25357,-10.4052,324.801,0.0218521,0,0,0.00189387
0.515,0.135,22.5356,8.28819,-10.0962,325.486,0.0218521,0,0,0.00189387
0.515,0.145,22.5169,8.31793,-9.78539,325.242,0.0218521,0,0,0.00189387
0.515,0.155,22.4539,8.34271,-9.47251,324.079,0.0218521,0,0,0.00189387
0.515,0.165,22.3488,8.36236,-9.15744,322.02,0.0218521,0,0,0.00189387
0.515,0.175,22.2045,8.37666,-8.84,319.095,0.0218521,0,0,0.00189387
0.515,0.185,22.0237,8.38534,-8.52007,315.339,0.0218521,0,0,0.00189387
0.515,0.195,21.8092,8.38807,-8.19755,310.793,0.0218521,0,0,0.00189387
0.515,0.205,21.5637,8.38454,-7.87238,305.497,0.0218521,0,0,0.00189387
0.515,0.215,21.2895,8.3744,-7.54459,299.495,0.0218521,0,0,0.00189387
0.515,0.225,20.9889,8.35734,-7.21426,292.831,0.0218521,0,0,0.00189387
0.515,0.235,20.664,8.33305,-6.88153,285.549,0.0218521,0,0,0.00189387
0.515,0.245,20.3164,8.30126,-6.54659,277.696,0.0218521,0,0,0.00189387
0.515,0.255,19.948,8.26174,-6.2097,269.321,0.0218521,0,0,0.00189387
0.515,0.265,19.5601,8.21428,-5.87115,260.474,0.0218521,0,0,0.00189387
0.515,0.275,19.154,8.1587,-5.53128,251.208,0.0218521,0,0,0.00189387
0.515,0.285,18.731,8.09489,-5.19047,241.579,0.0218521,0,0,0.00189387
0.515,0.295,18.2921,8.02275,-4.84914,231.644,0.0218521,0,0,0.00189387
0.515,0.305,17.8384,7.94219,-4.50773,221.466,0.0218521,0,0,0.00189387
0.515,0.315,17.3813,7.85317,-4.16431,211.283,0.0218521,0,0,0.00189387
0.515,0.325,16.9279,7.75629,-3.81798,201.252,0.0218521,0,0,0.00189387
0.515,0.335,16.4601,7.65233,-3.47379,191.105,0.0218521,0,0,0.00189387
0.515,0.345,15.9791,7.54158,-3.13229,180.906,0.0218521,0,0,0.00189387
0.515,0.355,15.4864,7.42429,-2.79403,170.722,0.0218521,0,0,0.00189387
0.515,0.365,14.9838,7.30067,-2.4596,160.625,0.0218521,0,0,0.00189387
0.515,0.375,14.4738,7.17092,-2.1297,150.685,0.0218521,0,0,0.00189387
0.515,0.385,13.9594,7.03515,-1.80517,140.981,0.0218521,0,0,0.00189387
0.515,0.395,13.4447,6.89339,-1.4871,131.592,0.0218521,0,0,0.00189387
0.515,0.405,12.9351,6.74553,-1.17699,122.608,0.0218521,0,0,0.00189387
0.515,0.415,12.4383,6.59122,-0.876972,114.128,0.0218521,0,0,0.00189387
0.515,0.425,11.9646,6.42978,-0.590075,106.271,0.0218521,0,0,0.00189387
0.515,0.435,11.5283,6.25996,-0.320701,99.1836,0.0218521,0,0,0.00189387
0.515,0.445,11.1499,6.0773,-0.0750805,93.044,0.0218521,0,0,0.00189387
0.515,0.455,10.8623,5.86222,0.138249,88.0703,0.0218521,0,0,0.00189387
0.515,0.465,10.6763,5.62526,0.309291,84.5176,0.0218521,0,0,0.00189387
0.515,0.475,10.6027,5.36467,0.42979,82.5604,0.0218521,0,0,0.00189387
0.515,0.485,10.6233,5.07537,0.498064,82.1772,0.0218521,0,0,0.00189387
0.515,0.495,10.6538,4.75065,0.521781,83.0546,0.0218521,0,0,0.00189387
0.515,0.505,8.96942,4.08279,0.566331,86.3484,0.0218521,0,0,0.00189387
0.515,0.515,5.96834,2.01452,0.833951,92.013,0.0218521,0,0,0.00189387
0.515,0.525,4.73688,-1.60597,1.33711,89.9733,0.0218521,0,0,0.00189387
0.515,0.535,4.68492,-5.78276,1.64588,83.0024,0.0218521,0,0,0.00189387
0.515,0.545,5.93433,-9.4821,1.81853,79.1308,0.0218521,0,0,0.00189387
0.515,0.555,9.89807,-12.0016,2.20704,84.252,0.0218521,0,0,0.00189387
0.515,0.565,19.6359,-13.4333,2.65231,96.4383,0.0218521,0,0,0.00189387
0.515,0.575,39.5836,-14.2001,2.83079,105.369,0.0218521,0,0,0.00189387
0.515,0.585,72.0226,-14.6014,2.80312,101.155,0.0218521,0,0,0.00189387
0.515,0.595,115.839,-14.8038,2.72229,89.5911,0.0218521,0,0,0.00189387
0.515,0.605,170.025,-14.9002,2.67786,83.4012,0.0218521,0,0,0.00189387
0.515,0.615,235.329,-14.9447,2.68284,87.4814,0.0218521,0,0,0.00189387
0.515,0.625,311.798,-14.9662,2.7159,99.6102,0.0218521,0,0,0.00189387
0.515,0.635,396.99,-14.9779,2.75775,116.252,0.0218521,0,0,0.00189387
0.515,0.645,486.555,-14.9849,2.79907,134.798,0.0218521,0,0,0.00189387
0.515,0.655,575.564,-14.9896,2.83657,153.558,0.0218521,0,0,0.00189387
0.515,0.665,659.535,-14.9929,2.86943,171.426,0.0218521,0,0,0.00189387
0.515,0.675,735.043,-14.9952,2.89764,187.68,0.0218521,0,0,0.00189387
0.515,0.685,799.974,-14.9968,2.9214,201.89,0.0218521,0,0,0.00189387
0.515,0.695,853.51,-14.9979,2.94102,213.868,0.0218521,0,0,0.00189387
0.515,0.705,895.922,-14.9987,2.95684,223.617,0.0218521,0,0,0.00189387
0.515,0.715,928.261,-14.9992,2.96927,231.285,0.0218521,0,0,0.00189387
0.515,0.725,952.023,-14.9995,2.97874,237.114,0.0218521,0,0,0.00189387
0.515,0.735,968.869,-14.9997,2.98574,241.394,0.0218521,0,0,0.00189387
0.515,0.745,980.4,-14.9998,2.99073,244.429,0.0218521,0,0,0.00189387
0.515,0.755,988.027,-14.9999,2.99416,246.506,0.0218521,0,0,0.00189387
0.515,0.765,992.902,-15,2.99644,247.878,0.0218521,0,0,0.00189387
0.515,0.775,995.916,-15,2.9979,248.753,0.0218521,0,0,0.00189387
0.515,0.785,997.72,-15,2.9988,249.29,0.0218521,0,0,0.00189387
0.515,0.795,998.764,-15,2.99934,249.608,0.0218521,0,0,0.00189387
0.515,0.805,999.349,-15,2.99965,249.791,0.0218521,0,0,0.00189387
0.515,0.815,999.667,-15,2.99982,249.892,0.0218521,0,0,0.00189387
0.515,0.825,999.835,-15,2.99991,249.946,0.0218521,0,0,0.00189387
0.515,0.835,999.92,-15,2.99996,249.973,0.0218521,0,0,0.00189387
0.515,0.845,999.963,-15,2.99998,249.987,0.0218521,0,0,0.00189387
0.515,0.855,999.983,-15,2.99999,249.994,0.0218521,0,0,0.00189387
0.515,0.865,999.992,-15,3,249.997,0.0218521,0,0,0.00189387
0.515,0.875,999.997,-15,3,249.999,0.0218521,0,0,0.00189387
0.515,0.885,999.999,-15,3,250,0.0218521,0,0,0.00189387
0.515,0.895,999.999,-15,3,250,0.0218521,0,0,0.00189387
0.515,0.905,1000,-15,3,250,0.0218521,0,0,0.00189387
0.515,0.915,1000,-15,3,250,0.0218521,0,0,0.00189387
0.515,0.925,1000,-15,3,250,0.0218521,0,0,0.00189387
0.515,0.935,1000,-15,3,250,0.0218521,0,0,0.00189387
0.515,0.945,1000,-15,3,250,0.0218521,0,0,0.00189387
0.515,0.955,1000,-15,3,250,0.0218521,0,0,0.00189387
0.515,0.965,1000,-15,3,250,0.0218521,0,0,0.00189387
0.515,0.975,1000,-15,3,250,0.0218521,0,0,0.00189387
0.515,0.985,1000,-15,3,250,0.0218521,0,0,0.00189387
0.515,0.995,1000,-15,3,250,0.0218521,0,0,0.00189387
0.525,0.005,28.3982,5.82294,-12.1848,489.949,0.0314045,0.131018,0,0.00314665
0.525,0.015,25.4932,6.44085,-12.435,410.004,0.0314045,0.131018,0,0.00314665
0.525,0.025,23.1242,6.99963,-12.5952,349.639,0.0314045,0.131018,0,0.00314665
0.525,0.035,21.5898,7.42577,-12.6173,312.847,0.0314045,0.131018,0,0.00314665
0.525,0.045,20.8047,7.71387,-12.5107,294.644,0.0314045,0.131018,0,0.00314665
0.525,0.055,20.5195,7.90135,-12.3161,287.82,0.0314045,0.131018,0,0.00314665
0.525,0.065,20.5084,8.02781,-12.0708,286.933,0.0314045,0.131018,0,0.00314665
0.525,0.075,20.624,8.11965,-11.7982,288.763,0.0314045,0.131018,0,0.00314665
0.525,0.085,20.7829,8.19152,-11.5112,291.588,0.0314045,0.131018,0,0.00314665
0.525,0.095,20.9412,8.25098,-11.216,294.516,0.0314045,0.131018,0,0.00314665
0.525,0.105,21.0761,8.30184,-10.916,297.082,0.0314045,0.131018,0,0.00314665
0.525,0.115,21.1764,8.34602,-10.6127,299.044,0.0314045,0.131018,0,0.00314665
0.525,0.125,21.2367,8.38449,-10.3069,300.274,0.0314045,0.131018,0,0.00314665
0.525,0.135,21.2551,8.41773,-9.99897,300.708,0.0314045,0.131018,0,0.00314665
0.525,0.145,21.2317,8.4459,-9.68894,300.32,0.0314045,0.131018,0,0.00314665
0.525,0.155,21.1674,8.46904,-9.37684,299.106,0.0314045,0.131018,0,0.00314665
0.525,0.165,21.0642,8.48704,-9.06258,297.081,0.0314045,0.131018,0,0.00314665
0.525,0.175,20.9242,8.49973,-8.74605,294.267,0.0314045,0.131018,0,0.00314665
0.525,0.185,20.7498,8.50688,-8.42717,290.694,0.0314045,0.131018,0,0.00314665
0.525,0.195,20.5434,8.5082,-8.10586,286.397,0.0314045,0.131018,0,0.00314665
0.525,0.205,20.3074,8.50341,-7.78209,281.413,0.0314045,0.131018,0,0.00314665
0.525,0.215,20.044,8.4922,-7.4559,275.783,0.0314045,0.131018,0,0.00314665
0.525,0.225,19.7553,8.47428,-7.12735,269.547,0.0314045,0.131018,0,0.00314665
0.525,0.235,19.4431,8.44937,-6.7966,262.749,0.0314045,0.131018,0,0.00314665
0.525,0.245,19.1093,8.41722,-6.46383,255.432,0.0314045,0.131018,0,0.00314665
0.525,0.255,18.7555,8.37759,-6.12928,247.642,0.0314045,0.131018,0,0.00314665
0.525,0.265,18.3829,8.3303,-5.79323,239.427,0.0314045,0.131018,0,0.00314665
0.525,0.275,17.993,8.27518,-5.45601,230.837,0.0314045,0.131018,0,0.00314665
0.525,0.285,17.5871,8.21212,-5.11799,221.925,0.0314045,0.131018,0,0.00314665
0.525,0.295,17.1661,8.14101,-4.77958,212.744,0.0314045,0.131018,0,0.00314665
0.525,0.305,16.7314,8.06179,-4.44121,203.352,0.0314045,0.131018,0,0.00314665
0.525,0.315,16.2954,7.9744,-4.10053,193.997,0.0314045,0.131018,0,0.00314665
0.525,0.325,15.8617,7.87946,-3.75744,184.771,0.0314045,0.131018,0,0.00314665
0.525,0.335,15.4149,7.77764,-3.41659,175.45,0.0314045,0.131018,0,0.00314665
0.525,0.345,14.9565,7.66917,-3.07848,166.094,0.0314045,0.131018,0,0.00314665
0.525,0.355,14.488,7.55429,-2.74369,156.766,0.0314045,0.131018,0,0.00314665
0.525,0.365,14.0116,7.43317,-2.41282,147.531,0.0314045,0.131018,0,0.00314665
0.525,0.375,13.5298,7.30596,-2.08661,138.458,0.0314045,0.131018,0,0.00314665
0.525,0.385,13.0456,7.17273,-1.76595,129.616,0.0314045,0.131018,0,0.00314665
0.525,0.395,12.5635,7.03344,-1.45206,121.082,0.0314045,0.131018,0,0.00314665
0.525,0.405,12.089,6.88791,-1.14657,112.941,0.0314045,0.131018,0,0.00314665
0.525,0.415,11.6298,6.73572,-0.851811,105.289,0.0314045,0.131018,0,0.00314665
0.525,0.425,11.1965,6.57605,-0.571118,98.242,0.0314045,0.131018,0,0.00314665
0.525,0.435,10.8034,6.40755,-0.309274,91.944,0.0314045,0.131018,0,0.00314665
0.525,0.445,10.4705,6.22577,-0.0729848,86.5707,0.0314045,0.131018,0,0.00314665
0.525,0.455,10.2294,6.01087,0.128648,82.3355,0.0314045,0.131018,0,0.00314665
0.525,0.465,10.0916,5.77297,0.2856,79.4915,0.0314045,0.131018,0,0.00314665
0.525,0.475,10.0637,5.51032,0.390588,78.1789,0.0314045,0.131018,0,0.00314665
0.525,0.485,10.1219,5.21725,0.443568,78.3413,0.0314045,0.131018,0,0.00314665
0.525,0.495,10.1771,4.88604,0.453873,79.6491,0.0314045,0.131018,0,0.00314665
0.525,0.505,8.17225,4.02528,0.51981,84.1253,0.0314045,0.131018,0,0.00314665
0.525,0.515,5.45232,1.60982,0.848509,88.9553,0.0314045,0.131018,0,0.00314665
0.525,0.525,4.54677,-2.04515,1.32762,85.0137,0.0314045,0.131018,0,0.00314665
0.525,0.535,4.57021,-6.0044,1.5552,78.7595,0.0314045,0.131018,0,0.00314665
0.525,0.545,5.86392,-9.50178,1.75322,77.5781,0.0314045,0.131018,0,0.00314665
0.525,0.555,9.943,-11.9486,2.2188,86.1095,0.0314045,0.131018,0,0.00314665
0.525,0.565,19.899,-13.3983,2.69221,99.9359,0.0314045,0.131018,0,0.00314665
0.525,0.575,40.1115,-14.1898,2.85574,108.011,0.0314045,0.131018,0,0.00314665
0.525,0.585,72.5686,-14.6027,2.80764,101.379,0.0314045,0.131018,0,0.00314665
0.525,0.595,116.024,-14.8075,2.71638,88.1609,0.0314045,0.131018,0,0.00314665
0.525,0.605,169.79,-14.9028,2.67125,81.8585,0.0314045,0.131018,0,0.00314665
0.525,0.615,234.931,-14.9459,2.67891,86.4891,0.0314045,0.131018,0,0.00314665
0.525,0.625,311.463,-14.9667,2.71414,99.1096,0.0314045,0.131018,0,0.00314665
0.525,0.635,396.782,-14.978,2.75708,116.033,0.0314045,0.131018,0,0.00314665
0.525,0.645,486.449,-14.985,2.79883,134.711,0.0314045,0.131018,0,0.00314665
0.525,0.655,575.517,-14.9897,2.83649,153.526,0.0314045,0.131018,0,0.00314665
0.525,0.665,659.516,-14.9929,2.86941,171.415,0.0314045,0.131018,0,0.00314665
0.525,0.675,735.036,-14.9952,2.89763,187.676,0.0314045,0.131018,0,0.00314665
0.525,0.685,799.972,-14.9968,2.9214,201.889,0.0314045,0.131018,0,0.00314665
0.525,0.695,853.509,-14.9979,2.94102,213.867,0.0314045,0.131018,0,0.00314665
0.525,0.705,895.922,-14.9987,2.95684,223.617,0.0314045,0.131018,0,0.00314665
0.525,0.715,928.26,-14.9992,2.96927,231.285,0.0314045,0.131018,0,0.00314665
0.525,0.725,952.023,-14.9995,2.97874,237.114,0.0314045,0.131018,0,0.00314665
0.525,0.735,968.869,-14.9997,2.98574,241.394,0.0314045,0.131018,0,0.00314665
0.525,0.745,980.4,-14.9998,2.99073,244.429,0.0314045,0.131018,0,0.00314665
0.525,0.755,988.027,-14.9999,2.99416,246.506,0.0314045,0.131018,0,0.00314665
0.525,0.765,992.902,-15,2.99644,247.878,0.0314045,0.131018,0,0.00314665
0.525,0.775,995.916,-15,2.9979,248.753,0.0314045,0.131018,0,0.00314665
0.525,0.785,997.72,-15,2.9988,249.29,0.0314045,0.131018,0,0.00314665
0.525,0.795,998.764,-15,2.99934,249.608,0.0314045,0.131018,0,0.00314665
0.525,0.805,999.349,-15,2.99965,249.791,0.0314045,0.131018,0,0.00314665
0.525,0.815,999.667,-15,2.99982,249.892,0.0314045,0.131018,0,0.00314665
0.525,0.825,999.835,-15,2.99991,249.946,0.0314045,0.131018,0,0.00314665
0.525,0.835,999.92,-15,2.99996,249.973,0.0314045,0.131018,0,0.00314665
0.525,0.845,999.963,-15,2.99998,249.987,0.0314045,0.131018,0,0.00314665
0.525,0.855,999.983,-15,2.99999,249.994,0.0314045,0.131018,0,0.00314665
0.525,0.865,999.992,-15,3,249.997,0.0314045,0.131018,0,0.00314665
0.525,0.875,999.997,-15,3,249.999,0.0314045,0.131018,0,0.00314665
0.525,0.885,999.999,-15,3,250,0.0314045,0.131018,0,0.00314665
0.525,0.895,999.999,-15,3,250,0.0314045,0.131018,0,0.00314665
0.525,0.905,1000,-15,3,250,0.0314045,0.131018,0,0.00314665
0.525,0.915,1000,-15,3,250,0.0314045,0.131018,0,0.00314665
0.525,0.925,1000,-15,3,250,0.0314045,0.131018,0,0.00314665
0.525,0.935,1000,-15,3,250,0.0314045,0.131018,0,0.00314665
0.525,0.945,1000,-15,3,250,0.0314045,0.131018,0,0.00314665
0.525,0.955,1000,-15,3,250,0.0314045,0.131018,0,0.00314665
0.525,0.965,1000,-15,3,250,0.0314045,0.131018,0,0.00314665
0.525,0.975,1000,-15,3,250,0.0314045,0.131018,0,0.00314665
0.525,0.985,1000,-15,3,250,0.0314045,0.131018,0,0.00314665
0.525,0.995,1000,-15,3,250,0.0314045,0.131018,0,0.00314665
0.535,0.005,30.3411,5.514,-11.6328,548.896,0.048317,0.299535,0,0.00575175
0.535,0.015,27.6649,6.06516,-11.856,470.076,0.048317,0.299535,0,0.00575175
0.535,0.025,24.9103,6.65381,-12.0663,396.102,0.048317,0.299535,0,0.00575175
0.535,0.035,22.6212,7.19147,-12.1983,339.032,0.048317,0.299535,0,0.00575175
0.535,0.045,21.076,7.60932,-12.208,302.795,0.048317,0.299535,0,0.00575175
0.535,0.055,20.2201,7.89747,-12.1001,283.544,0.048317,0.299535,0,0.00575175
0.535,0.065,19.8416,8.08678,-11.9082,275.096,0.048317,0.299535,0,0.00575175
0.535,0.075,19.7362,8.21359,-11.6657,272.511,0.048317,0.299535,0,0.00575175
0.535,0.085,19.7641,8.30375,-11.3951,272.731,0.048317,0.299535,0,0.00575175
0.535,0.095,19.8432,8.37232,-11.1091,274.063,0.048317,0.299535,0,0.00575175
0.535,0.105,19.929,8.42737,-10.8144,275.611,0.048317,0.299535,0,0.00575175
0.535,0.115,19.998,8.47312,-10.5143,276.901,0.048317,0.299535,0,0.00575175
0.535,0.125,20.0385,8.51175,-10.2107,277.684,0.048317,0.299535,0,0.00575175
0.535,0.135,20.0448,8.54436,-9.90421,277.832,0.048317,0.299535,0,0.00575175
0.535,0.145,20.0148,8.57149,-9.59538,277.282,0.048317,0.299535,0,0.00575175
0.535,0.155,19.9483,8.59336,-9.28434,276.009,0.048317,0.299535,0,0.00575175
0.535,0.165,19.8461,8.60999,-8.97112,274.012,0.048317,0.299535,0,0.00575175
0.535,0.175,19.7099,8.62129,-8.65568,271.303,0.048317,0.299535,0,0.00575175
0.535,0.185,19.5414,8.62709,-8.33798,267.905,0.048317,0.299535,0,0.00575175
0.535,0.195,19.3428,8.62716,-8.01799,263.849,0.048317,0.299535,0,0.00575175
0.535,0.205,19.1161,8.62125,-7.6957,259.166,0.048317,0.299535,0,0.00575175
0.535,0.215,18.8634,8.6091,-7.37116,253.893,0.048317,0.299535,0,0.00575175
0.535,0.225,18.5865,8.59042,-7.04445,248.068,0.048317,0.299535,0,0.00575175
0.535,0.235,18.2871,8.56498,-6.71571,241.731,0.048317,0.299535,0,0.00575175
0.535,0.245,17.9671,8.53252,-6.38512,234.923,0.048317,0.299535,0,0.00575175
0.535,0.255,17.6278,8.49285,-6.05291,227.688,0.048317,0.299535,0,0.00575175
0.535,0.265,17.2708,8.44578,-5.71936,220.07,0.048317,0.299535,0,0.00575175
0.535,0.275,16.8972,8.39115,-5.38479,212.118,0.048317,0.299535,0,0.00575175
0.535,0.285,16.5085,8.32885,-5.04954,203.878,0.048317,0.299535,0,0.00575175
0.535,0.295,16.1057,8.25879,-4.71402,195.402,0.048317,0.299535,0,0.00575175
0.535,0.305,15.69,8.18089,-4.37865,186.744,0.048317,0.299535,0,0.00575175
0.535,0.315,15.2749,8.09512,-4.0407,178.157,0.048317,0.299535,0,0.00575175
0.535,0.325,14.861,8.00207,-3.70081,169.678,0.048317,0.299535,0,0.00575175
0.535,0.335,14.4353,7.90232,-3.36324,161.121,0.048317,0.299535,0,0.00575175
0.535,0.345,13.9993,7.79608,-3.02848,152.545,0.048317,0.299535,0,0.00575175
0.535,0.355,13.555,7.68352,-2.6971,144.007,0.048317,0.299535,0,0.00575175
0.535,0.365,13.1043,7.56482,-2.36975,135.567,0.048317,0.299535,0,0.00575175
0.535,0.375,12.65,7.44006,-2.04719,127.288,0.048317,0.299535,0,0.00575175
0.535,0.385,12.1953,7.30927,-1.73042,119.237,0.048317,0.299535,0,0.00575175
0.535,0.395,11.7446,7.17236,-1.42072,111.486,0.048317,0.299535,0,0.00575175
0.535,0.405,11.3038,7.02906,-1.11991,104.116,0.048317,0.299535,0,0.00575175
0.535,0.415,10.8805,6.87886,-0.830534,97.2215,0.048317,0.299535,0,0.00575175
0.535,0.425,10.4856,6.72083,-0.556235,90.9155,0.048317,0.299535,0,0.00575175
0.535,0.435,10.1333,6.55345,-0.302205,85.3408,0.048317,0.299535,0,0.00575175
0.535,0.445,9.84358,6.37249,-0.075632,80.6722,0.048317,0.299535,0,0.00575175
0.535,0.455,9.64638,6.15765,0.113825,77.1186,0.048317,0.299535,0,0.00575175
0.535,0.465,9.55449,5.91816,0.256177,74.9338,0.048317,0.299535,0,0.00575175
0.535,0.475,9.57014,5.65267,0.345163,74.228,0.048317,0.299535,0,0.00575175
0.535,0.485,9.66527,5.35488,0.382126,74.9195,0.048317,0.299535,0,0.00575175
0.535,0.495,9.74733,5.01581,0.37741,76.6811,0.048317,0.299535,0,0.00575175
0.535,0.505,7.37229,3.84818,0.479704,82.8695,0.048317,0.299535,0,0.00575175
0.535,0.515,5.09511,1.15401,0.874213,85.7196,0.048317,0.299535,0,0.00575175
0.535,0.525,4.41571,-2.42326,1.29612,80.4369,0.048317,0.299535,0,0.00575175
0.535,0.535,4.48496,-6.1392,1.46458,75.5443,0.048317,0.299535,0,0.00575175
0.535,0.545,5.83964,-9.45453,1.71484,77.5355,0.048317,0.299535,0,0.00575175
0.535,0.555,10.0448,-11.8707,2.25172,89.1578,0.048317,0.299535,0,0.00575175
0.535,0.565,20.2204,-13.3591,2.73931,104.019,0.048317,0.299535,0,0.00575175
0.535,0.575,40.6778,-14.1805,2.88079,110.639,0.048317,0.299535,0,0.00575175
0.535,0.585,73.0942,-14.6054,2.81018,101.254,0.048317,0.299535,0,0.00575175
0.535,0.595,116.139,-14.8118,2.70899,86.4618,0.048317,0.299535,0,0.00575175
0.535,0.605,169.499,-14.9055,2.6642,80.2479,0.048317,0.299535,0,0.00575175
0.535,0.615,234.52,-14.9471,2.67504,85.5256,0.048317,0.299535,0,0.00575175
0.535,0.625,311.143,-14.9672,2.71251,98.6491,0.048317,0.299535,0,0.00575175
0.535,0.635,396.596,-14.9782,2.75649,115.839,0.048317,0.299535,0,0.00575175
0.535,0.645,486.359,-14.985,2.79863,134.637,0.048317,0.299535,0,0.00575175
0.535,0.655,575.478,-14.9897,2.83643,153.499,0.048317,0.299535,0,0.00575175
0.535,0.665,659.501,-14.9929,2.86939,171.406,0.048317,0.299535,0,0.00575175
0.535,0.675,735.031,-14.9952,2.89762,187.673,0.048317,0.299535,0,0.00575175
0.535,0.685,799.97,-14.9968,2.9214,201.888,0.048317,0.299535,0,0.00575175
0.535,0.695,853.509,-14.9979,2.94102,213.867,0.048317,0.299535,0,0.00575175
0.535,0.705,895.922,-14.9987,2.95684,223.617,0.048317,0.299535,0,0.00575175
0.535,0.715,928.26,-14.9992,2.96927,231.285,0.048317,0.299535,0,0.00575175
0.535,0.725,952.023,-14.9995,2.97874,237.114,0.048317,0.299535,0,0.00575175
0.535,0.735,968.869,-14.9997,2.98574,241.394,0.048317,0.299535,0,0.00575175
0.535,0.745,980.4,-14.9998,2.99073,244.429,0.048317,0.299535,0,0.00575175
0.535,0.755,988.027,-14.9999,2.99416,246.506,0.048317,0.299535,0,0.00575175
0.535,0.765,992.902,-15,2.99644,247.878,0.048317,0.299535,0,0.00575175
0.535,0.775,995.916,-15,2.9979,248.753,0.048317,0.299535,0,0.00575175
0.535,0.785,997.72,-15,2.9988,249.29,0.048317,0.299535,0,0.00575175
0.535,0.795,998.764,-15,2.99934,249.608,0.048317,0.299535,0,0.00575175
0.535,0.805,999.349,-15,2.99965,249.791,0.048317,0.299535,0,0.00575175
0.535,0.815,999.667,-15,2.99982,249.892,0.048317,0.299535,0,0.00575175
0.535,0.825,999.835,-15,2.99991,249.946,0.048317,0.299535,0,0.00575175
0.535,0.835,999.92,-15,2.99996,249.973,0.048317,0.299535,0,0.00575175
0.535,0.845,999.963,-15,2.99998,249.987,0.048317,0.299535,0,0.00575175
0.535,0.855,999.983,-15,2.99999,249.994,0.048317,0.299535,0,0.00575175
0.535,0.865,999.992,-15,3,249.997,0.048317,0.299535,0,0.00575175
0.535,0.875,999.997,-15,3,249.999,0.048317,0.299535,0,0.00575175
0.535,0.885,999.999,-15,3,250,0.048317,0.299535,0,0.00575175
0.535,0.895,999.999,-15,3,250,0.048317,0.299535,0,0.00575175
0.535,0.905,1000,-15,3,250,0.048317,0.299535,0,0.00575175
0.535,0.915,1000,-15,3,250,0.048317,0.299535,0,0.00575175
0.535,0.925,1000,-15,3,250,0.048317,0.299535,0,0.00575175
0.535,0.935,1000,-15,3,250,0.048317,0.299535,0,0.00575175
0.535,0.945,1000,-15,3,250,0.048317,0.299535,0,0.00575175
0.535,0.955,1000,-15,3,250,0.048317,0.299535,0,0.00575175
0.535,0.965,1000,-15,3,250,0.048317,0.299535,0,0.00575175
0.535,0.975,1000,-15,3,250,0.048317,0.299535,0,0.00575175
0.535,0.985,1000,-15,3,250,0.048317,0.299535,0,0.00575175
0.535,0.995,1000,-15,3,250,0.048317,0.299535,0,0.00575175
0.545,0.005,31.5164,5.30992,-11.1664,590.743,0.0718384,0.468053,0,0.0100221
0.545,0.015,29.5171,5.74622,-11.3246,525.433,0.0718384,0.468053,0,0.0100221
0.545,0.025,27.0047,6.26728,-11.5068,453.246,0.0718384,0.468053,0,0.0100221
0.545,0.035,24.3952,6.82692,-11.6793,384.61,0.0718384,0.468053,0,0.0100221
0.545,0.045,22.1669,7.34693,-11.7868,330.057,0.0718384,0.468053,0,0.0100221
0.545,0.055,20.5886,7.76187,-11.7885,293.71,0.0718384,0.468053,0,0.0100221
0.545,0.065,19.6435,8.05558,-11.6832,272.952,0.0718384,0.468053,0,0.0100221
0.545,0.075,19.1596,8.25139,-11.497,262.612,0.0718384,0.468053,0,0.0100221
0.545,0.085,18.9539,8.38204,-11.2595,258.208,0.0718384,0.468053,0,0.0100221
0.545,0.095,18.8929,8.47294,-10.9923,256.802,0.0718384,0.468053,0,0.0100221
0.545,0.105,18.8945,8.53985,-10.7084,256.698,0.0718384,0.468053,0,0.0100221
0.545,0.115,18.9124,8.59163,-10.4146,256.967,0.0718384,0.468053,0,0.0100221
0.545,0.125,18.9215,8.63305,-10.1149,257.111,0.0718384,0.468053,0,0.0100221
0.545,0.135,18.9089,8.66665,-9.81103,256.865,0.0718384,0.468053,0,0.0100221
0.545,0.145,18.8683,8.69376,-9.50411,256.09,0.0718384,0.468053,0,0.0100221
0.545,0.155,18.7968,8.71505,-9.1946,254.719,0.0718384,0.468053,0,0.0100221
0.545,0.165,18.694,8.73079,-8.88274,252.724,0.0718384,0.468053,0,0.0100221
0.545,0.175,18.5603,8.74106,-8.56862,250.102,0.0718384,0.468053,0,0.0100221
0.545,0.185,18.397,8.7458,-8.25228,246.865,0.0718384,0.468053,0,0.0100221
0.545,0.195,18.2056,8.74484,-7.93375,243.033,0.0718384,0.468053,0,0.0100221
0.545,0.205,17.9877,8.73799,-7.61305,238.634,0.0718384,0.468053,0,0.0100221
0.545,0.215,17.7453,8.72503,-7.29024,233.699,0.0718384,0.468053,0,0.0100221
0.545,0.225,17.4799,8.70573,-6.96541,228.263,0.0718384,0.468053,0,0.0100221
0.545,0.235,17.1932,8.67985,-6.63871,222.363,0.0718384,0.468053,0,0.0100221
0.545,0.245,16.8868,8.64718,-6.31032,216.037,0.0718384,0.468053,0,0.0100221
0.545,0.255,16.5621,8.60753,-5.98047,209.325,0.0718384,0.468053,0,0.0100221
0.545,0.265,16.2205,8.56073,-5.64941,202.269,0.0718384,0.468053,0,0.0100221
0.545,0.275,15.8633,8.50663,-5.31745,194.914,0.0718384,0.468053,0,0.0100221
0.545,0.285,15.4917,8.44512,-4.98495,187.304,0.0718384,0.468053,0,0.0100221
0.545,0.295,15.107,8.3761,-4.65229,179.487,0.0718384,0.468053,0,0.0100221
0.545,0.305,14.7104,8.29952,-4.31987,171.512,0.0718384,0.468053,0,0.0100221
0.545,0.315,14.3159,8.21534,-3.98464,163.634,0.0718384,0.468053,0,0.0100221
0.545,0.325,13.9217,8.12415,-3.64792,155.847,0.0718384,0.468053,0,0.0100221
0.545,0.335,13.5169,8.02642,-3.31358,147.998,0.0718384,0.468053,0,0.0100221
0.545,0.345,13.1032,7.92232,-2.98211,140.142,0.0718384,0.468053,0,0.0100221
0.545,0.355,12.6826,7.81202,-2.6541,132.332,0.0718384,0.468053,0,0.0100221
0.545,0.365,12.2571,7.69564,-2.33023,124.624,0.0718384,0.468053,0,0.0100221
0.545,0.375,11.8297,7.57324,-2.01131,117.076,0.0718384,0.468053,0,0.0100221
0.545,0.385,11.4036,7.44477,-1.69842,109.752,0.0718384,0.468053,0,0.0100221
0.545,0.395,10.9833,7.31009,-1.39298,102.72,0.0718384,0.468053,0,0.0100221
0.545,0.405,10.5749,7.16884,-1.09695,96.0596,0.0718384,0.468053,0,0.0100221
0.545,0.415,10.1863,7.02038,-0.81314,89.862,0.0718384,0.468053,0,0.0100221
0.545,0.425,9.82844,6.86364,-0.545545,84.2415,0.0718384,0.468053,0,0.0100221
0.545,0.435,9.51606,6.69686,-0.299803,79.3419,0.0718384,0.468053,0,0.0100221
0.545,0.445,9.26865,6.51612,-0.0836009,75.3397,0.0718384,0.468053,0,0.0100221
0.545,0.455,9.11517,6.30054,0.092857,72.44,0.0718384,0.468053,0,0.0100221
0.545,0.465,9.07001,6.05743,0.219853,70.9029,0.0718384,0.468053,0,0.0100221
0.545,0.475,9.13029,5.78658,0.292709,70.8032,0.0718384,0.468053,0,0.0100221
0.545,0.485,9.26232,5.48153,0.314788,72.0201,0.0718384,0.468053,0,0.0100221
0.545,0.495,9.36908,5.13259,0.298056,74.2127,0.0718384,0.468053,0,0.0100221
0.545,0.505,6.61138,3.53467,0.449925,82.1422,0.0718384,0.468053,0,0.0100221
0.545,0.515,4.89066,0.678258,0.899712,82.2061,0.0718384,0.468053,0,0.0100221
0.545,0.525,4.33253,-2.72171,1.24491,76.4432,0.0718384,0.468053,0,0.0100221
0.545,0.535,4.44238,-6.17362,1.39153,73.7612,0.0718384,0.468053,0,0.0100221
0.545,0.545,5.87477,-9.34055,1.71124,79.1737,0.0718384,0.468053,0,0.0100221
0.545,0.555,10.205,-11.7725,2.30442,93.3226,0.0718384,0.468053,0,0.0100221
0.545,0.565,20.5963,-13.318,2.79184,108.56,0.0718384,0.468053,0,0.0100221
0.545,0.575,41.2733,-14.173,2.90493,113.119,0.0718384,0.468053,0,0.0100221
0.545,0.585,73.5858,-14.6095,2.81025,100.704,0.0718384,0.468053,0,0.0100221
0.545,0.595,116.177,-14.8167,2.70006,84.4925,0.0718384,0.468053,0,0.0100221
0.545,0.605,169.154,-14.9083,2.65679,78.5915,0.0718384,0.468053,0,0.0100221
0.545,0.615,234.104,-14.9483,2.67129,84.6034,0.0718384,0.468053,0,0.0100221
0.545,0.625,310.843,-14.9676,2.71102,98.2316,0.0718384,0.468053,0,0.0100221
0.545,0.635,396.43,-14.9783,2.75597,115.672,0.0718384,0.468053,0,0.0100221
0.545,0.645,486.282,-14.9851,2.79847,134.575,0.0718384,0.468053,0,0.0100221
0.545,0.655,575.447,-14.9897,2.83638,153.478,0.0718384,0.468053,0,0.0100221
0.545,0.665,659.489,-14.9929,2.86937,171.399,0.0718384,0.468053,0,0.0100221
0.545,0.675,735.027,-14.9952,2.89762,187.671,0.0718384,0.468053,0,0.0100221
0.545,0.685,799.968,-14.9968,2.9214,201.887,0.0718384,0.468053,0,0.0100221
0.545,0.695,853.508,-14.9979,2.94102,213.867,0.0718384,0.468053,0,0.0100221
0.545,0.705,895.922,-14.9987,2.95684,223.617,0.0718384,0.468053,0,0.0100221
0.545,0.715,928.26,-14.9992,2.96927,231.285,0.0718384,0.468053,0,0.0100221
0.545,0.725,952.023,-14.9995,2.97874,237.114,0.0718384,0.468053,0,0.0100221
0.545,0.735,968.869,-14.9997,2.98574,241.394,0.0718384,0.468053,0,0.0100221
0.545,0.745,980.4,-14.9998,2.99073,244.429,0.0718384,0.468053,0,0.0100221
0.545,0.755,988.027,-14.9999,2.99416,246.506,0.0718384,0.468053,0,0.0100221
0.545,0.765,992.902,-15,2.99644,247.878,0.0718384,0.468053,0,0.0100221
0.545,0.775,995.916,-15,2.9979,248.753,0.0718384,0.468053,0,0.0100221
0.545,0.785,997.72,-15,2.9988,249.29,0.0718384,0.468053,0,0.0100221
0.545,0.795,998.764,-15,2.99934,249.608,0.0718384,0.468053,0,0.0100221
0.545,0.805,999.349,-15,2.99965,249.791,0.0718384,0.468053,0,0.0100221
0.545,0.815,999.667,-15,2.99982,249.892,0.0718384,0.468053,0,0.0100221
0.545,0.825,999.835,-15,2.99991,249.946,0.0718384,0.468053,0,0.0100221
0.545,0.835,999.92,-15,2.99996,249.973,0.0718384,0.468053,0,0.0100221
0.545,0.845,999.963,-15,2.99998,249.987,0.0718384,0.468053,0,0.0100221
0.545,0.855,999.983,-15,2.99999,249.994,0.0718384,0.468053,0,0.0100221
0.545,0.865,999.992,-15,3,249.997,0.0718384,0.468053,0,0.0100221
0.545,0.875,999.997,-15,3,249.999,0.0718384,0.468053,0,0.0100221
0.545,0.885,999.999,-15,3,250,0.0718384,0.468053,0,0.0100221
0.545,0.895,999.999,-15,3,250,0.0718384,0.468053,0,0.0100221
0.545,0.905,1000,-15,3,250,0.0718384,0.468053,0,0.0100221
0.545,0.915,1000,-15,3,250,0.0718384,0.468053,0,0.0100221
0.545,0.925,1000,-15,3,250,0.0718384,0.468053,0,0.0100221
0.545,0.935,1000,-15,3,250,0.0718384,0.468053,0,0.0100221
0.545,0.945,1000,-15,3,250,0.0718384,0.468053,0,0.0100221
0.545,0.955,1000,-15,3,250,0.0718384,0.468053,0,0.0100221
0.545,0.965,1000,-15,3,250,0.0718384,0.468053,0,0.0100221
0.545,0.975,1000,-15,3,250,0.0718384,0.468053,0,0.0100221
0.545,0.985,1000,-15,3,250,0.0718384,0.468053,0,0.0100221
0.545,0.995,1000,-15,3,250,0.0718384,0.468053,0,0.0100221
0.555,0.005,31.8709,5.2051,-10.7783,613.655,0.10374,0.63657,0,0.0167643
0.555,0.015,30.6281,5.53007,-10.8776,564.598,0.10374,0.63657,0,0.0167643
0.555,0.025,28.7674,5.93887,-10.9981,505.324,0.10374,0.63657,0,0.0167643
0.555,0.035,26.4315,6.42711,-11.1394,439.535,0.10374,0.63657,0,0.0167643
0.555,0.045,23.9657,6.9572,-11.2753,375.754,0.10374,0.63657,0,0.0167643
0.555,0.055,21.7854,7.4618,-11.3606,323.137,0.10374,0.63657,0,0.0167643
0.555,0.065,20.1564,7.87834,-11.3574,286.133,0.10374,0.63657,0,0.0167643
0.555,0.075,19.1044,8.18336,-11.258,263.418,0.10374,0.63657,0,0.0167643
0.555,0.085,18.501,8.39123,-11.0807,250.867,0.10374,0.63657,0,0.0167643
0.555,0.095,18.1857,8.53025,-10.8508,244.458,0.10374,0.63657,0,0.0167643
0.555,0.105,18.0314,8.62522,-10.5889,241.351,0.10374,0.63657,0,0.0167643
0.555,0.115,17.9549,8.69281,-10.3081,239.816,0.10374,0.63657,0,0.0167643
0.555,0.125,17.907,8.7429,-10.0162,238.868,0.10374,0.63657,0,0.0167643
0.555,0.135,17.8601,8.78107,-9.71734,237.963,0.10374,0.63657,0,0.0167643
0.555,0.145,17.7994,8.81041,-9.41376,236.806,0.10374,0.63657,0,0.0167643
0.555,0.155,17.7172,8.83256,-9.10669,235.24,0.10374,0.63657,0,0.0167643
0.555,0.165,17.6099,8.84839,-8.7968,233.184,0.10374,0.63657,0,0.0167643
0.555,0.175,17.4762,8.8583,-8.48441,230.604,0.10374,0.63657,0,0.0167643
0.555,0.185,17.3162,8.86245,-8.16972,227.493,0.10374,0.63657,0,0.0167643
0.555,0.195,17.1307,8.86083,-7.85285,223.857,0.10374,0.63657,0,0.0167643
0.555,0.205,16.9208,8.85332,-7.53387,219.717,0.10374,0.63657,0,0.0167643
0.555,0.215,16.6879,8.83978,-7.21289,215.095,0.10374,0.63657,0,0.0167643
0.555,0.225,16.4336,8.82002,-6.89002,210.023,0.10374,0.63657,0,0.0167643
0.555,0.235,16.1591,8.79385,-6.56542,204.531,0.10374,0.63657,0,0.0167643
0.555,0.245,15.866,8.76108,-6.23925,198.656,0.10374,0.63657,0,0.0167643
0.555,0.255,15.5556,8.72153,-5.91175,192.435,0.10374,0.63657,0,0.0167643
0.555,0.265,15.2293,8.67506,-5.58319,185.905,0.10374,0.63657,0,0.0167643
0.555,0.275,14.8882,8.62153,-5.25384,179.108,0.10374,0.63657,0,0.0167643
0.555,0.285,14.5337,8.56083,-4.92406,172.085,0.10374,0.63657,0,0.0167643
0.555,0.295,14.167,8.49288,-4.59422,164.881,0.10374,0.63657,0,0.0167643
0.555,0.305,13.7893,8.41761,-4.26472,157.543,0.10374,0.63657,0,0.0167643
0.555,0.315,13.4148,8.33501,-3.93223,150.318,0.10374,0.63657,0,0.0167643
0.555,0.325,13.0402,8.24563,-3.59863,143.171,0.10374,0.63657,0,0.0167643
0.555,0.335,12.6561,8.14983,-3.26747,135.978,0.10374,0.63657,0,0.0167643
0.555,0.345,12.2645,8.0478,-2.93924,128.788,0.10374,0.63657,0,0.0167643
0.555,0.355,11.8671,7.93965,-2.61457,121.65,0.10374,0.63657,0,0.0167643
0.555,0.365,11.4665,7.82546,-2.29416,114.617,0.10374,0.63657,0,0.0167643
0.555,0.375,11.0653,7.70523,-1.97891,107.744,0.10374,0.63657,0,0.0167643
0.555,0.385,10.6672,7.57887,-1.66997,101.092,0.10374,0.63657,0,0.0167643
0.555,0.395,10.2768,7.44611,-1.36891,94.727,0.10374,0.63657,0,0.0167643
0.555,0.405,9.90043,7.30647,-1.07793,88.7277,0.10374,0.63657,0,0.0167643
0.555,0.415,9.54652,7.15909,-0.800146,83.1879,0.10374,0.63657,0,0.0167643
0.555,0.425,9.22663,7.0026,-0.540009,78.2262,0.10374,0.63657,0,0.0167643
0.555,0.435,8.95645,6.83475,-0.303742,73.995,0.10374,0.63657,0,0.0167643
0.555,0.445,8.75615,6.65165,-0.0995909,70.6828,0.10374,0.63657,0,0.0167643
0.555,0.455,8.6532,6.43214,0.0617344,68.4912,0.10374,0.63657,0,0.0167643
0.555,0.465,8.66585,6.17851,0.171565,67.7051,0.10374,0.63657,0,0.0167643
0.555,0.475,8.78222,5.8932,0.228954,68.3332,0.10374,0.63657,0,0.0167643
0.555,0.485,8.95717,5.57067,0.242685,70.1531,0.10374,0.63657,0,0.0167643
0.555,0.495,9.08233,5.19971,0.231257,72.7496,0.10374,0.63657,0,0.0167643
0.555,0.505,6.0658,3.10613,0.440169,81.3424,0.10374,0.63657,0,0.0167643
0.555,0.515,4.837,0.233989,0.911381,78.7338,0.10374,0.63657,0,0.0167643
0.555,0.525,4.31024,-2.90086,1.19247,73.8389,0.10374,0.63657,0,0.0167643
0.555,0.535,4.47173,-6.08553,1.35989,74.1139,0.10374,0.63657,0,0.0167643
0.555,0.545,5.97961,-9.16492,1.74658,82.5966,0.10374,0.63657,0,0.0167643
0.555,0.555,10.4208,-11.6605,2.37384,98.4694,0.10374,0.63657,0,0.0167643
0.555,0.565,21.0206,-13.2775,2.84786,113.406,0.10374,0.63657,0,0.0167643
0.555,0.575,41.8873,-14.168,2.92715,115.307,0.10374,0.63657,0,0.0167643
0.555,0.585,74.0295,-14.6153,2.80744,99.6583,0.10374,0.63657,0,0.0167643
0.555,0.595,116.134,-14.8222,2.6896,82.264,0.10374,0.63657,0,0.0167643
0.555,0.605,168.763,-14.9111,2.64914,76.9153,0.10374,0.63657,0,0.0167643
0.555,0.615,233.69,-14.9494,2.6677,83.7341,0.10374,0.63657,0,0.0167643
0.555,0.625,310.566,-14.9679,2.70968,97.8589,0.10374,0.63657,0,0.0167643
0.555,0.635,396.286,-14.9784,2.75553,115.53,0.10374,0.63657,0,0.0167643
0.555,0.645,486.218,-14.9851,2.79833,134.525,0.10374,0.63657,0,0.0167643
0.555,0.655,575.422,-14.9897,2.83634,153.462,0.10374,0.63657,0,0.0167643
0.555,0.665,659.48,-14.9929,2.86936,171.394,0.10374,0.63657,0,0.0167643
0.555,0.675,735.024,-14.9952,2.89762,187.669,0.10374,0.63657,0,0.0167643
0.555,0.685,799.967,-14.9968,2.92139,201.887,0.10374,0.63657,0,0.0167643
0.555,0.695,853.508,-14.9979,2.94102,213.867,0.10374,0.63657,0,0.0167643
0.555,0.705,895.922,-14.9987,2.95684,223.617,0.10374,0.63657,0,0.0167643
0.555,0.715,928.26,-14.9992,2.96927,231.285,0.10374,0.63657,0,0.0167643
0.555,0.725,952.023,-14.9995,2.97874,237.114,0.10374,0.63657,0,0.0167643
0.555,0.735,968.869,-14.9997,2.98574,241.394,0.10374,0.63657,0,0.0167643
0.555,0.745,980.4,-14.9998,2.99073,244.429,0.10374,0.63657,0,0.0167643
0.555,0.755,988.027,-14.9999,2.99416,246.506,0.10374,0.63657,0,0.0167643
0.555,0.765,992.902,-15,2.99644,247.878,0.10374,0.63657,0,0.0167643
0.555,0.775,995.916,-15,2.9979,248.753,0.10374,0.63657,0,0.0167643
0.555,0.785,997.72,-15,2.9988,249.29,0.10374,0.63657,0,0.0167643
0.555,0.795,998.764,-15,2.99934,249.608,0.10374,0.63657,0,0.0167643
0.555,0.805,999.349,-15,2.99965,249.791,0.10374,0.63657,0,0.0167643
0.555,0.815,999.667,-15,2.99982,249.892,0.10374,0.63657,0,0.0167643
0.555,0.825,999.835,-15,2.99991,249.946,0.10374,0.63657,0,0.0167643
0.555,0.835,999.92,-15,2.99996,249.973,0.10374,0.63657,0,0.0167643
0.555,0.845,999.963,-15,2.99998,249.987,0.10374,0.63657,0,0.0167643
0.555,0.855,999.983,-15,2.99999,249.994,0.10374,0.63657,0,0.0167643
0.555,0.865,999.992,-15,3,249.997,0.10374,0.63657,0,0.0167643
0.555,0.875,999.997,-15,3,249.999,0.10374,0.63657,0,0.0167643
0.555,0.885,999.999,-15,3,250,0.10374,0.63657,0,0.0167643
0.555,0.895,999.999,-15,3,250,0.10374,0.63657,0,0.0167643
0.555,0.905,1000,-15,3,250,0.10374,0.63657,0,0.0167643
0.555,0.915,1000,-15,3,250,0.10374,0.63657,0,0.0167643
0.555,0.925,1000,-15,3,250,0.10374,0.63657,0,0.0167643
0.555,0.935,1000,-15,3,250,0.10374,0.63657,0,0.0167643
0.555,0.945,1000,-15,3,250,0.10374,0.63657,0,0.0167643
0.555,0.955,1000,-15,3,250,0.10374,0.63657,0,0.0167643
0.555,0.965,1000,-15,3,250,0.10374,0.63657,0,0.0167643
0.555,0.975,1000,-15,3,250,0.10374,0.63657,0,0.0167643
0.555,0.985,1000,-15,3,250,0.10374,0.63657,0,0.0167643
0.555,0.995,1000,-15,3,250,0.10374,0.63657,0,0.0167643
0.565,0.005,31.5717,5.17326,-10.4433,622.207,0.146086,0.805088,0,0.0270714
0.565,0.015,30.9538,5.41084,-10.5062,586.106,0.146086,0.805088,0,0.0270714
0.565,0.025,29.8028,5.71283,-10.5728,541.801,0.146086,0.805088,0,0.0270714
0.565,0.035,28.1012,6.09047,-10.6558,488.535,0.146086,0.805088,0,0.0270714
0.565,0.045,25.9561,6.54258,-10.7562,428.996,0.146086,0.805088,0,0.0270714
0.565,0.055,23.6397,7.04107,-10.8558,369.81,0.146086,0.805088,0,0.0270714
0.565,0.065,21.5054,7.5302,-10.9193,318.814,0.146086,0.805088,0,0.0270714
0.565,0.075,19.8158,7.95115,-10.9123,280.766,0.146086,0.805088,0,0.0270714
0.565,0.085,18.6411,8.27294,-10.8213,255.66,0.146086,0.805088,0,0.0270714
0.565,0.095,17.901,8.49943,-10.6562,240.505,0.146086,0.805088,0,0.0270714
0.565,0.105,17.462,8.65283,-10.437,231.805,0.146086,0.805088,0,0.0270714
0.565,0.115,17.2051,8.75662,-10.1829,226.829,0.146086,0.805088,0,0.0270714
0.565,0.125,17.0456,8.82832,-9.9072,223.791,0.146086,0.805088,0,0.0270714
0.565,0.135,16.9305,8.87916,-9.61838,221.625,0.146086,0.805088,0,0.0270714
0.565,0.145,16.8286,8.91579,-9.32126,219.717,0.146086,0.805088,0,0.0270714
0.565,0.155,16.7223,8.94205,-9.01859,217.726,0.146086,0.805088,0,0.0270714
0.565,0.165,16.6019,8.96008,-8.7119,215.462,0.146086,0.805088,0,0.0270714
0.565,0.175,16.4626,8.97107,-8.40206,212.826,0.146086,0.805088,0,0.0270714
0.565,0.185,16.3021,8.97563,-8.08957,209.771,0.146086,0.805088,0,0.0270714
0.565,0.195,16.1198,8.97405,-7.77473,206.279,0.146086,0.805088,0,0.0270714
0.565,0.205,15.916,8.96641,-7.45774,202.354,0.146086,0.805088,0,0.0270714
0.565,0.215,15.6913,8.95267,-7.13877,198.009,0.146086,0.805088,0,0.0270714
0.565,0.225,15.4469,8.93275,-6.81799,193.264,0.146086,0.805088,0,0.0270714
0.565,0.235,15.1838,8.90651,-6.49555,188.148,0.146086,0.805088,0,0.0270714
0.565,0.245,14.9034,8.87381,-6.17167,182.69,0.146086,0.805088,0,0.0270714
0.565,0.255,14.6068,8.83451,-5.84656,176.922,0.146086,0.805088,0,0.0270714
0.565,0.265,14.2953,8.78847,-5.52049,170.881,0.146086,0.805088,0,0.0270714
0.565,0.275,13.97,8.73557,-5.19376,164.602,0.146086,0.805088,0,0.0270714
0.565,0.285,13.6323,8.67573,-4.86669,158.126,0.146086,0.805088,0,0.0270714
0.565,0.295,13.2832,8.60885,-4.53966,151.491,0.146086,0.805088,0,0.0270714
0.565,0.305,12.9243,8.53488,-4.21302,144.743,0.146086,0.805088,0,0.0270714
0.565,0.315,12.5693,8.45382,-3.88332,138.119,0.146086,0.805088,0,0.0270714
0.565,0.325,12.214,8.36615,-3.5528,131.567,0.146086,0.805088,0,0.0270714
0.565,0.335,11.8505,8.27219,-3.22479,124.981,0.146086,0.805088,0,0.0270714
0.565,0.345,11.4806,8.17207,-2.8998,118.408,0.146086,0.805088,0,0.0270714
0.565,0.355,11.1065,8.06586,-2.57848,111.894,0.146086,0.805088,0,0.0270714
0.565,0.365,10.7304,7.95358,-2.26161,105.489,0.146086,0.805088,0,0.0270714
0.565,0.375,10.3556,7.83514,-1.95015,99.2468,0.146086,0.805088,0,0.0270714
0.565,0.385,9.9858,7.71031,-1.64543,93.2275,0.146086,0.805088,0,0.0270714
0.565,0.395,9.62628,7.57865,-1.34923,87.4996,0.146086,0.805088,0,0.0270714
0.565,0.405,9.28401,7.43935,-1.06409,82.1461,0.146086,0.805088,0,0.0270714
0.565,0.415,8.9687,7.29107,-0.79366,77.2716,0.146086,0.805088,0,0.0270714
0.565,0.425,8.69384,7.13161,-0.543167,73.0134,0.146086,0.805088,0,0.0270714
0.565,0.435,8.47785,6.95747,-0.319775,69.5524,0.146086,0.805088,0,0.0270714
0.565,0.445,8.34412,6.76309,-0.132441,67.1167,0.146086,0.805088,0,0.0270714
0.565,0.455,8.31768,6.52953,0.00824798,65.9139,0.146086,0.805088,0,0.0270714
0.565,0.465,8.42204,6.24591,0.0968665,66.2542,0.146086,0.805088,0,0.0270714
0.565,0.475,8.62921,5.92106,0.141237,68.0327,0.146086,0.805088,0,0.0270714
0.565,0.485,8.86833,5.55289,0.162942,70.7801,0.146086,0.805088,0,0.0270714
0.565,0.495,9.00451,5.11283,0.201538,74.0025,0.146086,0.805088,0,0.0270714
0.565,0.505,5.98452,2.64434,0.481781,80.7959,0.146086,0.805088,0,0.0270714
0.565,0.515,4.92916,-0.0881537,0.936752,76.7714,0.146086,0.805088,0,0.0270714
0.565,0.525,4.39667,-2.89918,1.18178,74.2011,0.146086,0.805088,0,0.0270714
0.565,0.535,4.60062,-5.86912,1.38844,77.1767,0.146086,0.805088,0,0.0270714
0.565,0.545,6.15208,-8.9436,1.81679,87.6534,0.146086,0.805088,0,0.0270714
0.565,0.555,10.6839,-11.5424,2.45527,104.374,0.146086,0.805088,0,0.0270714
0.565,0.565,21.4864,-13.2401,2.90537,118.378,0.146086,0.805088,0,0.0270714
0.565,0.575,42.5084,-14.1665,2.94645,117.053,0.146086,0.805088,0,0.0270714
0.565,0.585,74.4116,-14.6229,2.80137,98.0617,0.146086,0.805088,0,0.0270714
0.565,0.595,116.006,-14.8282,2.67765,79.8005,0.146086,0.805088,0,0.0270714
0.565,0.605,168.334,-14.9139,2.64138,75.2481,0.146086,0.805088,0,0.0270714
0.565,0.615,233.287,-14.9504,2.66433,82.9282,0.146086,0.805088,0,0.0270714
0.565,0.625,310.315,-14.9683,2.7085,97.5318,0.146086,0.805088,0,0.0270714
0.565,0.635,396.162,-14.9785,2.75515,115.41,0.146086,0.805088,0,0.0270714
0.565,0.645,486.166,-14.9851,2.79822,134.484,0.146086,0.805088,0,0.0270714
0.565,0.655,575.402,-14.9897,2.83631,153.449,0.146086,0.805088,0,0.0270714
0.565,0.665,659.474,-14.9929,2.86936,171.39,0.146086,0.805088,0,0.0270714
0.565,0.675,735.021,-14.9952,2.89762,187.668,0.146086,0.805088,0,0.0270714
0.565,0.685,799.967,-14.9968,2.92139,201.886,0.146086,0.805088,0,0.0270714
0.565,0.695,853.508,-14.9979,2.94102,213.867,0.146086,0.805088,0,0.0270714
0.565,0.705,895.922,-14.9987,2.95684,223.617,0.146086,0.805088,0,0.0270714
0.565,0.715,928.26,-14.9992,2.96927,231.285,0.146086,0.805088,0,0.0270714
0.565,0.725,952.023,-14.9995,2.97874,237.114,0.146086,0.805088,0,0.0270714
0.565,0.735,968.869,-14.9997,2.98574,241.394,0.146086,0.805088,0,0.0270714
0.565,0.745,980.4,-14.9998,2.99073,244.429,0.146086,0.805088,0,0.0270714
0.565,0.755,988.027,-14.9999,2.99416,246.506,0.146086,0.805088,0,0.0270714
0.565,0.765,992.902,-15,2.99644,247.878,0.146086,0.805088,0,0.0270714
0.565,0.775,995.916,-15,2.9979,248.753,0.146086,0.805088,0,0.0270714
0.565,0.785,997.72,-15,2.9988,249.29,0.146086,0.805088,0,0.0270714
0.565,0.795,998.764,-15,2.99934,249.608,0.146086,0.805088,0,0.0270714
0.565,0.805,999.349,-15,2.99965,249.791,0.146086,0.805088,0,0.0270714
0.565,0.815,999.667,-15,2.99982,249.892,0.146086,0.805088,0,0.0270714
0.565,0.825,999.835,-15,2.99991,249.946,0.146086,0.805088,0,0.0270714
0.565,0.835,999.92,-15,2.99996,249.973,0.146086,0.805088,0,0.0270714
0.565,0.845,999.963,-15,2.99998,249.987,0.146086,0.805088,0,0.0270714
0.565,0.855,999.983,-15,2.99999,249.994,0.146086,0.805088,0,0.0270714
0.565,0.865,999.992,-15,3,249.997,0.146086,0.805088,0,0.0270714
0.565,0.875,999.997,-15,3,249.999,0.146086,0.805088,0,0.0270714
0.565,0.885,999.999,-15,3,250,0.146086,0.805088,0,0.0270714
0.565,0.895,999.999,-15,3,250,0.146086,0.805088,0,0.0270714
0.565,0.905,1000,-15,3,250,0.146086,0.805088,0,0.0270714
0.565,0.915,1000,-15,3,250,0.146086,0.805088,0,0.0270714
0.565,0.925,1000,-15,3,250,0.146086,0.805088,0,0.0270714
0.565,0.935,1000,-15,3,250,0.146086,0.805088,0,0.0270714
0.565,0.945,1000,-15,3,250,0.146086,0.805088,0,0.0270714
0.565,0.955,1000,-15,3,250,0.146086,0.805088,0,0.0270714
0.565,0.965,1000,-15,3,250,0.146086,0.805088,0,0.0270714
0.565,0.975,1000,-15,3,250,0.146086,0.805088,0,0.0270714
0.565,0.985,1000,-15,3,250,0.146086,0.805088,0,0.0270714
0.565,0.995,1000,-15,3,250,0.146086,0.805088,0,0.0270714
0.575,0.005,30.8154,5.18913,-10.1375,622.011,0.201251,0.973605,0,0.0423931
0.575,0.015,30.6576,5.36245,-10.1842,594.456,0.201251,0.973605,0,0.0423931
0.575,0.025,30.0832,5.58202,-10.219,561.774,0.201251,0.973605,0,0.0423931
0.575,0.035,29.0424,5.85799,-10.2544,522.161,0.201251,0.973605,0,0.0423931
0.575,0.045,27.5184,6.20087,-10.3006,474.866,0.201251,0.973605,0,0.0423931
0.575,0.055,25.5807,6.61287,-10.3606,421.53,0.201251,0.973605,0,0.0423931
0.575,0.065,23.4299,7.0755,-10.4233,366.972,0.201251,0.973605,0,0.0423931
0.575,0.075,21.3551,7.54564,-10.4633,317.654,0.201251,0.973605,0,0.0423931
0.575,0.085,19.6081,7.97039,-10.4511,278.448,0.201251,0.973605,0,0.0423931
0.575,0.095,18.3009,8.31274,-10.3693,250.606,0.201251,0.973605,0,0.0423931
0.575,0.105,17.4058,8.5648,-10.2191,232.394,0.201251,0.973605,0,0.0423931
0.575,0.115,16.8238,8.74029,-10.0142,220.989,0.201251,0.973605,0,0.0423931
0.575,0.125,16.4481,8.85964,-9.77119,213.837,0.201251,0.973605,0,0.0423931
0.575,0.135,16.1945,8.94072,-9.50323,209.106,0.201251,0.973605,0,0.0423931
0.575,0.145,16.0056,8.99616,-9.21947,205.625,0.201251,0.973605,0,0.0423931
0.575,0.155,15.8455,9.03401,-8.92555,202.686,0.201251,0.973605,0,0.0423931
0.575,0.165,15.6928,9.05916,-8.62484,199.877,0.201251,0.973605,0,0.0423931
0.575,0.175,15.535,9.07451,-8.31935,196.962,0.201251,0.973605,0,0.0423931
0.575,0.185,15.3654,9.08172,-8.01023,193.811,0.201251,0.973605,0,0.0423931
0.575,0.195,15.1804,9.08174,-7.69822,190.355,0.201251,0.973605,0,0.0423931
0.575,0.205,14.9783,9.07508,-7.38376,186.564,0.201251,0.973605,0,0.0423931
0.575,0.215,14.7589,9.06196,-7.06719,182.43,0.201251,0.973605,0,0.0423931
0.575,0.225,14.5222,9.04248,-6.74874,177.96,0.201251,0.973605,0,0.0423931
0.575,0.235,14.2689,9.01661,-6.42867,173.171,0.201251,0.973605,0,0.0423931
0.575,0.245,13.9998,8.98431,-6.10719,168.085,0.201251,0.973605,0,0.0423931
0.575,0.255,13.7161,8.94549,-5.78456,162.73,0.201251,0.973605,0,0.0423931
0.575,0.265,13.4186,8.90005,-5.46105,157.135,0.201251,0.973605,0,0.0423931
0.575,0.275,13.1085,8.84791,-5.13696,151.334,0.201251,0.973605,0,0.0423931
0.575,0.285,12.787,8.78897,-4.81262,145.361,0.201251,0.973605,0,0.0423931
0.575,0.295,12.4552,8.72317,-4.48841,139.252,0.201251,0.973605,0,0.0423931
0.575,0.305,12.1146,8.65046,-4.16466,133.051,0.201251,0.973605,0,0.0423931
0.575,0.315,11.7788,8.57083,-3.8378,126.983,0.201251,0.973605,0,0.0423931
0.575,0.325,11.4429,8.48472,-3.51039,120.983,0.201251,0.973605,0,0.0423931
0.575,0.335,11.1,8.39234,-3.18558,114.964,0.201251,0.973605,0,0.0423931
0.575,0.345,10.7522,8.29376,-2.86393,108.969,0.201251,0.973605,0,0.0423931
0.575,0.355,10.4017,8.18898,-2.54614,103.045,0.201251,0.973605,0,0.0423931
0.575,0.365,10.0514,8.07787,-2.2331,97.2395,0.201251,0.973605,0,0.0423931
0.575,0.375,9.70474,7.96016,-1.92597,91.6098,0.201251,0.973605,0,0.0423931
0.575,0.385,9.36646,7.8353,-1.62632,86.2208,0.201251,0.973605,0,0.0423931
0.575,0.395,9.04304,7.70233,-1.3364,81.1524,0.201251,0.973605,0,0.0423931
0.575,0.405,8.74359,7.55963,-1.05947,76.5075,0.201251,0.973605,0,0.0423931
0.575,0.415,8.48116,7.40451,-0.800248,72.4251,0.201251,0.973605,0,0.0423931
0.575,0.425,8.27418,7.23256,-0.565408,69.0959,0.201251,0.973605,0,0.0423931
0.575,0.435,8.14746,7.03692,-0.363585,66.7761,0.201251,0.973605,0,0.0423931
0.575,0.445,8.13021,6.80764,-0.20391,65.7756,0.201251,0.973605,0,0.0423931
0.575,0.455,8.24552,6.52635,-0.0931586,66.3368,0.201251,0.973605,0,0.0423931
0.575,0.465,8.50132,6.17697,-0.0272327,68.6076,0.201251,0.973605,0,0.0423931
0.575,0.475,8.84399,5.77539,0.0169009,72.2365,0.201251,0.973605,0,0.0423931
0.575,0.485,9.16113,5.3262,0.0768068,76.3427,0.201251,0.973605,0,0.0423931
0.575,0.495,9.26864,4.72632,0.231316,80.8064,0.201251,0.973605,0,0.0423931
0.575,0.505,6.36724,2.25228,0.617608,82.4192,0.201251,0.973605,0,0.0423931
0.575,0.515,5.16419,-0.217318,1.02719,78.3472,0.201251,0.973605,0,0.0423931
0.575,0.525,4.61017,-2.72884,1.24344,78.1037,0.201251,0.973605,0,0.0423931
0.575,0.535,4.81832,-5.56882,1.46936,82.5772,0.201251,0.973605,0,0.0423931
0.575,0.545,6.37327,-8.7033,1.90882,93.8406,0.201251,0.973605,0,0.0423931
0.575,0.555,10.9831,-11.4267,2.54357,110.752,0.201251,0.973605,0,0.0423931
0.575,0.565,21.9867,-13.208,2.96261,123.296,0.201251,0.973605,0,0.0423931
0.575,0.575,43.1244,-14.1689,2.96189,118.212,0.201251,0.973605,0,0.0423931
0.575,0.585,74.7188,-14.6325,2.79172,95.8755,0.201251,0.973605,0,0.0423931
0.575,0.595,115.793,-14.8347,2.66434,77.1397,0.201251,0.973605,0,0.0423931
0.575,0.605,167.876,-14.9167,2.63363,73.6205,0.201251,0.973605,0,0.0423931
0.575,0.615,232.901,-14.9514,2.66121,82.1944,0.201251,0.973605,0,0.0423931
0.575,0.625,310.091,-14.9685,2.70747,97.2499,0.201251,0.973605,0,0.0423931
0.575,0.635,396.059,-14.9786,2.75485,115.312,0.201251,0.973605,0,0.0423931
0.575,0.645,486.125,-14.9852,2.79814,134.453,0.201251,0.973605,0,0.0423931
0.575,0.655,575.387,-14.9897,2.83628,153.439,0.201251,0.973605,0,0.0423931
0.575,0.665,659.469,-14.9929,2.86935,171.387,0.201251,0.973605,0,0.0423931
0.575,0.675,735.02,-14.9952,2.89761,187.667,0.201251,0.973605,0,0.0423931
0.575,0.685,799.966,-14.9968,2.92139,201.886,0.201251,0.973605,0,0.0423931
0.575,0.695,853.508,-14.9979,2.94102,213.867,0.201251,0.973605,0,0.0423931
0.575,0.705,895.922,-14.9987,2.95684,223.617,0.201251,0.973605,0,0.0423931
0.575,0.715,928.26,-14.9992,2.96927,231.285,0.201251,0.973605,0,0.0423931
0.575,0.725,952.023,-14.9995,2.97874,237.114,0.201251,0.973605,0,0.0423931
0.575,0.735,968.869,-14.9997,2.98574,241.394,0.201251,0.973605,0,0.0423931
0.575,0.745,980.4,-14.9998,2.99073,244.429,0.201251,0.973605,0,0.0423931
0.575,0.755,988.027,-14.9999,2.99416,246.506,0.201251,0.973605,0,0.0423931
0.575,0.765,992.902,-15,2.99644,247.878,0.201251,0.973605,0,0.0423931
0.575,0.775,995.916,-15,2.9979,248.753,0.201251,0.973605,0,0.0423931
0.575,0.785,997.72,-15,2.9988,249.29,0.201251,0.973605,0,0.0423931
0.575,0.795,998.764,-15,2.99934,249.608,0.201251,0.973605,0,0.0423931
0.575,0.805,999.349,-15,2.99965,249.791,0.201251,0.973605,0,0.0423931
0.575,0.815,999.667,-15,2.99982,249.892,0.201251,0.973605,0,0.0423931
0.575,0.825,999.835,-15,2.99991,249.946,0.201251,0.973605,0,0.0423931
0.575,0.835,999.92,-15,2.99996,249.973,0.201251,0.973605,0,0.0423931
0.575,0.845,999.963,-15,2.99998,249.987,0.201251,0.973605,0,0.0423931
0.575,0.855,999.983,-15,2.99999,249.994,0.201251,0.973605,0,0.0423931
0.575,0.865,999.992,-15,3,249.997,0.201251,0.973605,0,0.0423931
0.575,0.875,999.997,-15,3,249.999,0.201251,0.973605,0,0.0423931
0.575,0.885,999.999,-15,3,250,0.201251,0.973605,0,0.0423931
0.575,0.895,999.999,-15,3,250,0.201251,0.973605,0,0.0423931
0.575,0.905,1000,-15,3,250,0.201251,0.973605,0,0.0423931
0.575,0.915,1000,-15,3,250,0.201251,0.973605,0,0.0423931
0.575,0.925,1000,-15,3,250,0.201251,0.973605,0,0.0423931
0.575,0.935,1000,-15,3,250,0.201251,0.973605,0,0.0423931
0.575,0.945,1000,-15,3,250,0.201251,0.973605,0,0.0423931
0.575,0.955,1000,-15,3,250,0.201251,0.973605,0,0.0423931
0.575,0.965,1000,-15,3,250,0.201251,0.973605,0,0.0423931
0.575,0.975,1000,-15,3,250,0.201251,0.973605,0,0.0423931
0.575,0.985,1000,-15,3,250,0.201251,0.973605,0,0.0423931
0.575,0.995,1000,-15,3,250,0.201251,0.973605,0,0.0423931
0.585,0.005,29.7478,5.23502,-9.84363,617.262,0.271951,1.14212,0,0.064617
0.585,0.015,29.9243,5.36012,-9.88666,594.948,0.271951,1.14212,0,0.064617
0.585,0.025,29.772,5.51993,-9.90874,569.774,0.271951,1.14212,0,0.064617
0.585,0.035,29.254,5.71964,-9.91851,540.321,0.271951,1.14212,0,0.064617
0.585,0.045,28.3382,5.96716,-9.92484,505.292,0.271951,1.14212,0,0.064617
0.585,0.055,27.0057,6.27216,-9.93627,463.859,0.271951,1.14212,0,0.064617
0.585,0.065,25.2936,6.63957,-9.957,416.769,0.271951,1.14212,0,0.064617
0.585,0.075,23.3361,7.05986,-9.982,367.181,0.271951,1.14212,0,0.064617
0.585,0.085,21.3537,7.50309,-9.99498,320.06,0.271951,1.14212,0,0.064617
0.585,0.095,19.5737,7.92547,-9.97324,280.036,0.271951,1.14212,0,0.064617
0.585,0.105,18.1388,8.28766,-9.89825,249.379,0.271951,1.14212,0,0.064617
0.585,0.115,17.0755,8.57058,-9.76405,227.697,0.271951,1.14212,0,0.064617
0.585,0.125,16.3279,8.77678,-9.57688,213.059,0.271951,1.14212,0,0.064617
0.585,0.135,15.8104,8.92074,-9.34891,203.257,0.271951,1.14212,0,0.064617
0.585,0.145,15.4434,9.01902,-9.0923,196.475,0.271951,1.14212,0,0.064617
0.585,0.155,15.1665,9.08519,-8.81651,191.438,0.271951,1.14212,0,0.064617
0.585,0.165,14.9386,9.12887,-8.52802,187.324,0.271951,1.14212,0,0.064617
0.585,0.175,14.7335,9.15634,-8.23097,183.623,0.271951,1.14212,0,0.064617
0.585,0.185,14.5351,9.17152,-7.92797,180.032,0.271951,1.14212,0,0.064617
0.585,0.195,14.3338,9.17684,-7.62062,176.373,0.271951,1.14212,0,0.064617
0.585,0.205,14.124,9.17376,-7.30994,172.544,0.271951,1.14212,0,0.064617
0.585,0.215,13.9029,9.16312,-6.99662,168.495,0.271951,1.14212,0,0.064617
0.585,0.225,13.669,9.14542,-6.68113,164.201,0.271951,1.14212,0,0.064617
0.585,0.235,13.4218,9.12092,-6.36385,159.66,0.271951,1.14212,0,0.064617
0.585,0.245,13.1615,9.08974,-6.04509,154.88,0.271951,1.14212,0,0.064617
0.585,0.255,12.8885,9.05192,-5.72517,149.879,0.271951,1.14212,0,0.064617
0.585,0.265,12.6036,9.00743,-5.40439,144.678,0.271951,1.14212,0,0.064617
0.585,0.275,12.3076,8.95625,-5.08308,139.306,0.271951,1.14212,0,0.064617
0.585,0.285,12.0015,8.89833,-4.76159,133.791,0.271951,1.14212,0,0.064617
0.585,0.295,11.6865,8.83359,-4.4403,128.166,0.271951,1.14212,0,0.064617
0.585,0.305,11.3641,8.76199,-4.11955,122.471,0.271951,1.14212,0,0.064617
0.585,0.315,11.0474,8.68352,-3.79571,116.92,0.271951,1.14212,0,0.064617
0.585,0.325,10.7313,8.59849,-3.47159,111.442,0.271951,1.14212,0,0.064617
0.585,0.335,10.4102,8.50701,-3.15026,105.965,0.271951,1.14212,0,0.064617
0.585,0.345,10.0863,8.409,-2.83236,100.532,0.271951,1.14212,0,0.064617
0.585,0.355,9.76239,8.30424,-2.51875,95.1925,0.271951,1.14212,0,0.064617
0.585,0.365,9.44221,8.19225,-2.21057,90.0017,0.271951,1.14212,0,0.064617
0.585,0.375,9.13062,8.07223,-1.90936,85.0276,0.271951,1.14212,0,0.064617
0.585,0.385,8.83449,7.94277,-1.61736,80.3565,0.271951,1.14212,0,0.064617
0.585,0.395,8.56368,7.80152,-1.33782,76.1036,0.271951,1.14212,0,0.064617
0.585,0.405,8.33252,7.64462,-1.07549,72.4287,0.271951,1.14212,0,0.064617
0.585,0.415,8.16142,7.46584,-0.837069,69.5566,0.271951,1.14212,0,0.064617
0.585,0.425,8.07788,7.25574,-0.631036,67.7936,0.271951,1.14212,0,0.064617
0.585,0.435,8.11401,7.00169,-0.465859,67.5136,0.271951,1.14212,0,0.064617
0.585,0.445,8.2969,6.6907,-0.345309,69.0624,0.271951,1.14212,0,0.064617
0.585,0.455,8.6285,6.31258,-0.26297,72.5155,0.271951,1.14212,0,0.064617
0.585,0.465,9.06948,5.86699,-0.19835,77.4884,0.271951,1.14212,0,0.064617
0.585,0.475,9.51737,5.38483,-0.118055,83.0295,0.271951,1.14212,0,0.064617
0.585,0.485,9.83275,4.85711,0.022163,88.0655,0.271951,1.14212,0,0.064617
0.585,0.495,9.71531,4.06833,0.328389,93.0232,0.271951,1.14212,0,0.064617
0.585,0.505,6.87263,1.95078,0.820496,87.3767,0.271951,1.14212,0,0.064617
0.585,0.515,5.48104,-0.20592,1.16636,83.5501,0.271951,1.14212,0,0.064617
0.585,0.525,4.8952,-2.48807,1.35299,84.3117,0.271951,1.14212,0,0.064617
0.585,0.535,5.07937,-5.2535,1.57392,89.1551,0.271951,1.14212,0,0.064617
0.585,0.545,6.61912,-8.46975,2.00861,100.543,0.271951,1.14212,0,0.064617
0.585,0.555,11.3096,-11.3197,2.63507,117.363,0.271951,1.14212,0,0.064617
0.585,0.565,22.5164,-13.1829,3.01824,128,0.271951,1.14212,0,0.064617
0.585,0.575,43.7229,-14.1759,2.97258,118.646,0.271951,1.14212,0,0.064617
0.585,0.585,74.9386,-14.644,2.77827,93.0813,0.271951,1.14212,0,0.064617
0.585,0.595,115.498,-14.8415,2.64987,74.3316,0.271951,1.14212,0,0.064617
0.585,0.605,167.401,-14.9194,2.62606,72.0628,0.271951,1.14212,0,0.064617
0.585,0.615,232.541,-14.9522,2.6584,81.5393,0.271951,1.14212,0,0.064617
0.585,0.625,309.897,-14.9688,2.70659,97.0118,0.271951,1.14212,0,0.064617
0.585,0.635,395.973,-14.9787,2.7546,115.233,0.271951,1.14212,0,0.064617
0.585,0.645,486.092,-14.9852,2.79807,134.428,0.271951,1.14212,0,0.064617
0.585,0.655,575.376,-14.9897,2.83627,153.432,0.271951,1.14212,0,0.064617
0.585,0.665,659.465,-14.9929,2.86934,171.385,0.271951,1.14212,0,0.064617
0.585,0.675,735.019,-14.9952,2.89761,187.667,0.271951,1.14212,0,0.064617
0.585,0.685,799.966,-14.9968,2.92139,201.886,0.271951,1.14212,0,0.064617
0.585,0.695,853.508,-14.9979,2.94102,213.867,0.271951,1.14212,0,0.064617
0.585,0.705,895.922,-14.9987,2.95684,223.617,0.271951,1.14212,0,0.064617
0.585,0.715,928.26,-14.9992,2.96927,231.285,0.271951,1.14212,0,0.064617
0.585,0.725,952.023,-14.9995,2.97874,237.114,0.271951,1.14212,0,0.064617
0.585,0.735,968.869,-14.9997,2.98574,241.394,0.271951,1.14212,0,0.064617
0.585,0.745,980.4,-14.9998,2.99073,244.429,0.271951,1.14212,0,0.064617
0.585,0.755,988.027,-14.9999,2.99416,246.506,0.271951,1.14212,0,0.064617
0.585,0.765,992.902,-15,2.99644,247.878,0.271951,1.14212,0,0.064617
0.585,0.775,995.916,-15,2.9979,248.753,0.271951,1.14212,0,0.064617
0.585,0.785,997.72,-15,2.9988,249.29,0.271951,1.14212,0,0.064617
0.585,0.795,998.764,-15,2.99934,249.608,0.271951,1.14212,0,0.064617
0.585,0.805,999.349,-15,2.99965,249.791,0.271951,1.14212,0,0.064617
0.585,0.815,999.667,-15,2.99982,249.892,0.271951,1.14212,0,0.064617
0.585,0.825,999.835,-15,2.99991,249.946,0.271951,1.14212,0,0.064617
0.585,0.835,999.92,-15,2.99996,249.973,0.271951,1.14212,0,0.064617
0.585,0.845,999.963,-15,2.99998,249.987,0.271951,1.14212,0,0.064617
0.585,0.855,999.983,-15,2.99999,249.994,0.271951,1.14212,0,0.064617
0.585,0.865,999.992,-15,3,249.997,0.271951,1.14212,0,0.064617
0.585,0.875,999.997,-15,3,249.999,0.271951,1.14212,0,0.064617
0.585,0.885,999.999,-15,3,250,0.271951,1.14212,0,0.064617
0.585,0.895,999.999,-15,3,250,0.271951,1.14212,0,0.064617
0.585,0.905,1000,-15,3,250,0.271951,1.14212,0,0.064617
0.585,0.915,1000,-15,3,250,0.271951,1.14212,0,0.064617
0.585,0.925,1000,-15,3,250,0.271951,1.14212,0,0.064617
0.585,0.935,1000,-15,3,250,0.271951,1.14212,0,0.064617
0.585,0.945,1000,-15,3,250,0.271951,1.14212,0,0.064617
0.585,0.955,1000,-15,3,250,0.271951,1.14212,0,0.064617
0.585,0.965,1000,-15,3,250,0.271951,1.14212,0,0.064617
0.585,0.975,1000,-15,3,250,0.271951,1.14212,0,0.064617
0.585,0.985,1000,-15,3,250,0.271951,1.14212,0,0.064617
0.585,0.995,1000,-15,3,250,0.271951,1.14212,0,0.064617
0.595,0.005,28.4625,5.29963,-9.55062,610.568,0.361255,1.31064,0,0.0961612
0.595,0.015,28.8848,5.38694,-9.59654,591.425,0.361255,1.31064,0,0.0961612
0.595,0.025,29.0417,5.50224,-9.61736,570.804,0.361255,1.31064,0,0.0961612
0.595,0.035,28.9031,5.64772,-9.61896,547.691,0.361255,1.31064,0,0.0961612
0.595,0.045,28.4528,5.8263,-9.60656,521.288,0.361255,1.31064,0,0.0961612
0.595,0.055,27.6696,6.04397,-9.58684,490.599,0.361255,1.31064,0,0.0961612
0.595,0.065,26.536,6.30898,-9.56668,454.803,0.361255,1.31064,0,0.0961612
0.595,0.075,25.0654,6.62779,-9.55072,413.995,0.361255,1.31064,0,0.0961612
0.595,0.085,23.3354,6.99808,-9.53811,369.92,0.361255,1.31064,0,0.0961612
0.595,0.095,21.4974,7.40245,-9.52027,325.986,0.361255,1.31064,0,0.0961612
0.595,0.105,19.7373,7.80914,-9.48208,286.114,0.361255,1.31064,0,0.0961612
0.595,0.115,18.2075,8.18215,-9.40752,253.122,0.361255,1.31064,0,0.0961612
0.595,0.125,16.9809,8.49502,-9.28652,227.854,0.361255,1.31064,0,0.0961612
0.595,0.135,16.0511,8.73825,-9.11822,209.489,0.361255,1.31064,0,0.0961612
0.595,0.145,15.3653,8.91683,-8.90897,196.427,0.361255,1.31064,0,0.0961612
0.595,0.155,14.8575,9.0428,-8.66804,187.038,0.361255,1.31064,0,0.0961612
0.595,0.165,14.4689,9.12899,-8.40425,180.006,0.361255,1.31064,0,0.0961612
0.595,0.175,14.1548,9.18602,-8.12453,174.397,0.361255,1.31064,0,0.0961612
0.595,0.185,13.8838,9.22164,-7.83381,169.587,0.361255,1.31064,0,0.0961612
0.595,0.195,13.6353,9.24112,-7.5354,165.18,0.361255,1.31064,0,0.0961612
0.595,0.205,13.3959,9.24794,-7.23147,160.928,0.361255,1.31064,0,0.0961612
0.595,0.215,13.1574,9.24433,-6.92348,156.684,0.361255,1.31064,0,0.0961612
0.595,0.225,12.9149,9.2317,-6.61243,152.36,0.361255,1.31064,0,0.0961612
0.595,0.235,12.6655,9.21094,-6.29901,147.911,0.361255,1.31064,0,0.0961612
0.595,0.245,12.4078,9.18259,-5.98377,143.315,0.361255,1.31064,0,0.0961612
0.595,0.255,12.1411,9.14697,-5.66716,138.57,0.361255,1.31064,0,0.0961612
0.595,0.265,11.8655,9.10425,-5.34959,133.685,0.361255,1.31064,0,0.0961612
0.595,0.275,11.5814,9.05451,-5.03146,128.676,0.361255,1.31064,0,0.0961612
0.595,0.285,11.2894,8.99776,-4.71318,123.565,0.361255,1.31064,0,0.0961612
0.595,0.295,10.9907,8.93396,-4.39518,118.38,0.361255,1.31064,0,0.0961612
0.595,0.305,10.6867,8.86302,-4.07784,113.158,0.361255,1.31064,0,0.0961612
0.595,0.315,10.3903,8.78487,-3.75753,108.099,0.361255,1.31064,0,0.0961612
0.595,0.325,10.0966,8.69964,-3.43735,103.137,0.361255,1.31064,0,0.0961612
0.595,0.335,9.80106,8.60716,-3.12037,98.213,0.361255,1.31064,0,0.0961612
0.595,0.345,9.50699,8.50696,-2.80751,93.378,0.361255,1.31064,0,0.0961612
0.595,0.355,9.21858,8.39823,-2.5,88.6938,0.361255,1.31064,0,0.0961612
0.595,0.365,8.94166,8.27957,-2.19958,84.239,0.361255,1.31064,0,0.0961612
0.595,0.375,8.68449,8.14871,-1.90873,80.1177,0.361255,1.31064,0,0.0961612
0.595,0.385,8.45896,8.002,-1.63105,76.4733,0.361255,1.31064,0,0.0961612
0.595,0.395,8.28206,7.83363,-1.37168,73.5069,0.361255,1.31064,0,0.0961612
0.595,0.405,8.17722,7.63484,-1.13743,71.4977,0.361255,1.31064,0,0.0961612
0.595,0.415,8.17408,7.39354,-0.936075,70.8101,0.361255,1.31064,0,0.0961612
0.595,0.425,8.30375,7.09603,-0.773634,71.8519,0.361255,1.31064,0,0.0961612
0.595,0.435,8.58649,6.73276,-0.64955,74.9312,0.361255,1.31064,0,0.0961612
0.595,0.445,9.01277,6.30679,-0.552064,80.0059,0.361255,1.31064,0,0.0961612
0.595,0.455,9.52491,5.8356,-0.459513,86.4175,0.361255,1.31064,0,0.0961612
0.595,0.465,10.0183,5.34138,-0.347491,92.91,0.361255,1.31064,0,0.0961612
0.595,0.475,10.3678,4.8495,-0.191173,98.1829,0.361255,1.31064,0,0.0961612
0.595,0.485,10.4681,4.26691,0.0585148,102.289,0.361255,1.31064,0,0.0961612
0.595,0.495,9.80662,3.43525,0.481923,103.849,0.361255,1.31064,0,0.0961612
0.595,0.505,7.15379,1.70975,1.00159,93.9694,0.361255,1.31064,0,0.0961612
0.595,0.515,5.74868,-0.162353,1.2991,90.3272,0.361255,1.31064,0,0.0961612
0.595,0.525,5.17743,-2.26231,1.46871,91.1416,0.361255,1.31064,0,0.0961612
0.595,0.535,5.3471,-4.96506,1.67908,95.9606,0.361255,1.31064,0,0.0961612
0.595,0.545,6.87537,-8.25677,2.10888,107.373,0.361255,1.31064,0,0.0961612
0.595,0.555,11.6609,-11.225,2.72851,124.085,0.361255,1.31064,0,0.0961612
0.595,0.565,23.0718,-13.166,3.07125,132.352,0.361255,1.31064,0,0.0961612
0.595,0.575,44.2895,-14.188,2.97762,118.218,0.361255,1.31064,0,0.0961612
0.595,0.585,75.0597,-14.6574,2.76086,89.6837,0.361255,1.31064,0,0.0961612
0.595,0.595,115.128,-14.8485,2.63449,71.4376,0.361255,1.31064,0,0.0961612
0.595,0.605,166.922,-14.922,2.61882,70.6039,0.361255,1.31064,0,0.0961612
0.595,0.615,232.211,-14.953,2.65591,80.9667,0.361255,1.31064,0,0.0961612
0.595,0.625,309.731,-14.969,2.70586,96.8151,0.361255,1.31064,0,0.0961612
0.595,0.635,395.905,-14.9787,2.75441,115.171,0.361255,1.31064,0,0.0961612
0.595,0.645,486.067,-14.9852,2.79802,134.41,0.361255,1.31064,0,0.0961612
0.595,0.655,575.368,-14.9897,2.83626,153.427,0.361255,1.31064,0,0.0961612
0.595,0.665,659.463,-14.9929,2.86934,171.384,0.361255,1.31064,0,0.0961612
0.595,0.675,735.018,-14.9952,2.89761,187.666,0.361255,1.31064,0,0.0961612
0.595,0.685,799.966,-14.9968,2.92139,201.886,0.361255,1.31064,0,0.0961612
0.595,0.695,853.508,-14.9979,2.94102,213.867,0.361255,1.31064,0,0.0961612
0.595,0.705,895.922,-14.9987,2.95684,223.617,0.361255,1.31064,0,0.0961612
0.595,0.715,928.26,-14.9992,2.96927,231.285,0.361255,1.31064,0,0.0961612
0.595,0.725,952.023,-14.9995,2.97874,237.114,0.361255,1.31064,0,0.0961612
0.595,0.735,968.869,-14.9997,2.98574,241.394,0.361255,1.31064,0,0.0961612
0.595,0.745,980.4,-14.9998,2.99073,244.429,0.361255,1.31064,0,0.0961612
0.595,0.755,988.027,-14.9999,2.99416,246.506,0.361255,1.31064,0,0.0961612
0.595,0.765,992.902,-15,2.99644,247.878,0.361255,1.31064,0,0.0961612
0.595,0.775,995.916,-15,2.9979,248.753,0.361255,1.31064,0,0.0961612
0.595,0.785,997.72,-15,2.9988,249.29,0.361255,1.31064,0,0.0961612
0.595,0.795,998.764,-15,2.99934,249.608,0.361255,1.31064,0,0.0961612
0.595,0.805,999.349,-15,2.99965,249.791,0.361255,1.31064,0,0.0961612
0.595,0.815,999.667,-15,2.99982,249.892,0.361255,1.31064,0,0.0961612
0.595,0.825,999.835,-15,2.99991,249.946,0.361255,1.31064,0,0.0961612
0.595,0.835,999.92,-15,2.99996,249.973,0.361255,1.31064,0,0.0961612
0.595,0.845,999.963,-15,2.99998,249.987,0.361255,1.31064,0,0.0961612
0.595,0.855,999.983,-15,2.99999,249.994,0.361255,1.31064,0,0.0961612
0.595,0.865,999.992,-15,3,249.997,0.361255,1.31064,0,0.0961612
0.595,0.875,999.997,-15,3,249.999,0.361255,1.31064,0,0.0961612
0.595,0.885,999.999,-15,3,250,0.361255,1.31064,0,0.0961612
0.595,0.895,999.999,-15,3,250,0.361255,1.31064,0,0.0961612
0.595,0.905,1000,-15,3,250,0.361255,1.31064,0,0.0961612
0.595,0.915,1000,-15,3,250,0.361255,1.31064,0,0.0961612
0.595,0.925,1000,-15,3,250,0.361255,1.31064,0,0.0961612
0.595,0.935,1000,-15,3,250,0.361255,1.31064,0,0.0961612
0.595,0.945,1000,-15,3,250,0.361255,1.31064,0,0.0961612
0.595,0.955,1000,-15,3,250,0.361255,1.31064,0,0.0961612
0.595,0.965,1000,-15,3,250,0.361255,1.31064,0,0.0961612
0.595,0.975,1000,-15,3,250,0.361255,1.31064,0,0.0961612
0.595,0.985,1000,-15,3,250,0.361255,1.31064,0,0.0961612
0.595,0.995,1000,-15,3,250,0.361255,1.31064,0,0.0961612
0.605,0.005,27.0212,5.37553,-9.25159,603.425,0.472617,1.47916,0,0.140079
0.605,0.015,27.619,5.43285,-9.30308,586.137,0.472617,1.47916,0,0.140079
0.605,0.025,28.0088,5.51305,-9.32801,568.333,0.472617,1.47916,0,0.140079
0.605,0.035,28.1507,5.61829,-9.33144,548.99,0.472617,1.47916,0,0.140079
0.605,0.045,28.0364,5.7487,-9.31564,527.765,0.472617,1.47916,0,0.140079
0.605,0.055,27.6593,5.90577,-9.28435,504.135,0.472617,1.47916,0,0.140079
0.605,0.065,27.0085,6.09348,-9.24246,477.39,0.472617,1.47916,0,0.140079
0.605,0.075,26.0714,6.31815,-9.19521,446.821,0.472617,1.47916,0,0.140079
0.605,0.085,24.8486,6.58627,-9.14688,412.154,0.472617,1.47916,0,0.140079
0.605,0.095,23.3767,6.90003,-9.09891,374.09,0.472617,1.47916,0,0.140079
0.605,0.105,21.7447,7.25225,-9.04812,334.593,0.472617,1.47916,0,0.140079
0.605,0.115,20.0843,7.624,-8.98637,296.491,0.472617,1.47916,0,0.140079
0.605,0.125,18.5316,7.98815,-8.9026,262.496,0.472617,1.47916,0,0.140079
0.605,0.135,17.1842,8.31788,-8.78681,234.263,0.472617,1.47916,0,0.140079
0.605,0.145,16.0812,8.59509,-8.63373,212.088,0.472617,1.47916,0,0.140079
0.605,0.155,15.2114,8.81379,-8.44387,195.252,0.472617,1.47916,0,0.140079
0.605,0.165,14.5349,8.97769,-8.22199,182.588,0.472617,1.47916,0,0.140079
0.605,0.175,14.0042,9.09545,-7.97462,172.919,0.472617,1.47916,0,0.140079
0.605,0.185,13.576,9.17664,-7.70806,165.274,0.472617,1.47916,0,0.140079
0.605,0.195,13.2159,9.22961,-7.42754,158.933,0.472617,1.47916,0,0.140079
0.605,0.205,12.899,9.26085,-7.13696,153.396,0.472617,1.47916,0,0.140079
0.605,0.215,12.6078,9.27504,-6.83913,148.327,0.472617,1.47916,0,0.140079
0.605,0.225,12.3307,9.27542,-6.53605,143.51,0.472617,1.47916,0,0.140079
0.605,0.235,12.0599,9.26423,-6.22912,138.808,0.472617,1.47916,0,0.140079
0.605,0.245,11.7908,9.24291,-5.91939,134.139,0.472617,1.47916,0,0.140079
0.605,0.255,11.5203,9.21245,-5.60765,129.457,0.472617,1.47916,0,0.140079
0.605,0.265,11.2469,9.17344,-5.29455,124.74,0.472617,1.47916,0,0.140079
0.605,0.275,10.97,9.12622,-4.9807,119.985,0.472617,1.47916,0,0.140079
0.605,0.285,10.6897,9.07094,-4.66664,115.201,0.472617,1.47916,0,0.140079
0.605,0.295,10.4068,9.00759,-4.35298,110.406,0.472617,1.47916,0,0.140079
0.605,0.305,10.1229,8.93598,-4.04021,105.635,0.472617,1.47916,0,0.140079
0.605,0.315,9.85101,8.8558,-3.72485,101.082,0.472617,1.47916,0,0.140079
0.605,0.325,9.5867,8.76679,-3.41042,96.6864,0.472617,1.47916,0,0.140079
0.605,0.335,9.32766,8.66812,-3.10026,92.4136,0.472617,1.47916,0,0.140079
0.605,0.345,9.0792,8.5583,-2.79586,88.3374,0.472617,1.47916,0,0.140079
0.605,0.355,8.84874,8.43502,-2.49933,84.5563,0.472617,1.47916,0,0.140079
0.605,0.365,8.64671,8.29468,-2.2136,81.2046,0.472617,1.47916,0,0.140079
0.605,0.375,8.48766,8.13181,-1.94272,78.4672,0.472617,1.47916,0,0.140079
0.605,0.385,8.39126,7.93851,-1.69199,76.5958,0.472617,1.47916,0,0.140079
0.605,0.395,8.38233,7.70421,-1.46756,75.9178,0.472617,1.47916,0,0.140079
0.605,0.405,8.48821,7.41688,-1.27486,76.8123,0.472617,1.47916,0,0.140079
0.605,0.415,8.7309,7.06699,-1.11544,79.6182,0.472617,1.47916,0,0.140079
0.605,0.425,9.11316,6.65436,-0.983477,84.4434,0.472617,1.47916,0,0.140079
0.605,0.435,9.60258,6.19388,-0.864602,90.9285,0.472617,1.47916,0,0.140079
0.605,0.445,10.1241,5.71388,-0.739489,98.1231,0.472617,1.47916,0,0.140079
0.605,0.455,10.5733,5.24306,-0.590212,104.676,0.472617,1.47916,0,0.140079
0.605,0.465,10.8511,4.79133,-0.404107,109.362,0.472617,1.47916,0,0.140079
0.605,0.475,10.9055,4.34086,-0.164141,111.913,0.472617,1.47916,0,0.140079
0.605,0.485,10.6072,3.7179,0.179952,113.492,0.472617,1.47916,0,0.140079
0.605,0.495,9.39232,2.96174,0.657894,109.888,0.472617,1.47916,0,0.140079
0.605,0.505,7.16829,1.49879,1.14301,100.547,0.472617,1.47916,0,0.140079
0.605,0.515,5.92527,-0.136662,1.41623,97.1425,0.472617,1.47916,0,0.140079
0.605,0.525,5.43127,-2.07693,1.57644,97.7603,0.472617,1.47916,0,0.140079
0.605,0.535,5.6055,-4.71704,1.77806,102.51,0.472617,1.47916,0,0.140079
0.605,0.545,7.14,-8.06691,2.20907,114.246,0.472617,1.47916,0,0.140079
0.605,0.555,12.0393,-11.1435,2.82424,130.897,0.472617,1.47916,0,0.140079
0.605,0.565,23.6489,-13.1585,3.12066,136.204,0.472617,1.47916,0,0.140079
0.605,0.575,44.8078,-14.2055,2.97605,116.791,0.472617,1.47916,0,0.140079
0.605,0.585,75.0724,-14.6726,2.73946,85.7143,0.472617,1.47916,0,0.140079
0.605,0.595,114.692,-14.8556,2.61854,68.5281,0.472617,1.47916,0,0.140079
0.605,0.605,166.452,-14.9243,2.61205,69.2693,0.472617,1.47916,0,0.140079
0.605,0.615,231.917,-14.9536,2.65376,80.4781,0.472617,1.47916,0,0.140079
0.605,0.625,309.594,-14.9691,2.70527,96.6566,0.472617,1.47916,0,0.140079
0.605,0.635,395.852,-14.9787,2.75426,115.124,0.472617,1.47916,0,0.140079
0.605,0.645,486.049,-14.9852,2.79798,134.397,0.472617,1.47916,0,0.140079
0.605,0.655,575.362,-14.9897,2.83625,153.423,0.472617,1.47916,0,0.140079
0.605,0.665,659.461,-14.9929,2.86934,171.383,0.472617,1.47916,0,0.140079
0.605,0.675,735.018,-14.9952,2.89761,187.666,0.472617,1.47916,0,0.140079
0.605,0.685,799.966,-14.9968,2.92139,201.886,0.472617,1.47916,0,0.140079
0.605,0.695,853.508,-14.9979,2.94102,213.867,0.472617,1.47916,0,0.140079
0.605,0.705,895.922,-14.9987,2.95684,223.617,0.472617,1.47916,0,0.140079
0.605,0.715,928.26,-14.9992,2.96927,231.285,0.472617,1.47916,0,0.140079
0.605,0.725,952.023,-14.9995,2.97874,237.114,0.472617,1.47916,0,0.140079
0.605,0.735,968.869,-14.9997,2.98574,241.394,0.472617,1.47916,0,0.140079
0.605,0.745,980.4,-14.9998,2.99073,244.429,0.472617,1.47916,0,0.140079
0.605,0.755,988.027,-14.9999,2.99416,246.506,0.472617,1.47916,0,0.140079
0.605,0.765,992.902,-15,2.99644,247.878,0.472617,1.47916,0,0.140079
0.605,0.775,995.916,-15,2.9979,248.753,0.472617,1.47916,0,0.140079
0.605,0.785,997.72,-15,2.9988,249.29,0.472617,1.47916,0,0.140079
0.605,0.795,998.764,-15,2.99934,249.608,0.472617,1.47916,0,0.140079
0.605,0.805,999.349,-15,2.99965,249.791,0.472617,1.47916,0,0.140079
0.605,0.815,999.667,-15,2.99982,249.892,0.472617,1.47916,0,0.140079
0.605,0.825,999.835,-15,2.99991,249.946,0.472617,1.47916,0,0.140079
0.605,0.835,999.92,-15,2.99996,249.973,0.472617,1.47916,0,0.140079
0.605,0.845,999.963,-15,2.99998,249.987,0.472617,1.47916,0,0.140079
0.605,0.855,999.983,-15,2.99999,249.994,0.472617,1.47916,0,0.140079
0.605,0.865,999.992,-15,3,249.997,0.472617,1.47916,0,0.140079
0.605,0.875,999.997,-15,3,249.999,0.472617,1.47916,0,0.140079
0.605,0.885,999.999,-15,3,250,0.472617,1.47916,0,0.140079
0.605,0.895,999.999,-15,3,250,0.472617,1.47916,0,0.140079
0.605,0.905,1000,-15,3,250,0.472617,1.47916,0,0.140079
0.605,0.915,1000,-15,3,250,0.472617,1.47916,0,0.140079
0.605,0.925,1000,-15,3,250,0.472617,1.47916,0,0.140079
0.605,0.935,1000,-15,3,250,0.472617,1.47916,0,0.140079
0.605,0.945,1000,-15,3,250,0.472617,1.47916,0,0.140079
0.605,0.955,1000,-15,3,250,0.472617,1.47916,0,0.140079
0.605,0.965,1000,-15,3,250,0.472617,1.47916,0,0.140079
0.605,0.975,1000,-15,3,250,0.472617,1.47916,0,0.140079
0.605,0.985,1000,-15,3,250,0.472617,1.47916,0,0.140079
0.605,0.995,1000,-15,3,250,0.472617,1.47916,0,0.140079
0.615,0.005,25.4732,5.45684,-8.9419,596.711,0.609889,1.64768,0,0.200176
0.615,0.015,26.1795,5.49174,-8.99987,580.275,0.609889,1.64768,0,0.200176
0.615,0.025,26.7419,5.54351,-9.03042,564.294,0.609889,1.64768,0,0.200176
0.615,0.035,27.0985,5.61668,-9.0401,547.288,0.609889,1.64768,0,0.200176
0.615,0.045,27.2367,5.71111,-9.02916,529.102,0.609889,1.64768,0,0.200176
0.615,0.055,27.1539,5.82618,-8.99905,509.559,0.609889,1.64768,0,0.200176
0.615,0.065,26.8504,5.96219,-8.95241,488.348,0.609889,1.64768,0,0.200176
0.615,0.075,26.3242,6.12125,-8.8927,465.017,0.609889,1.64768,0,0.200176
0.615,0.085,25.5701,6.30743,-8.82374,439.044,0.609889,1.64768,0,0.200176
0.615,0.095,24.5859,6.52592,-8.74897,410.049,0.609889,1.64768,0,0.200176
0.615,0.105,23.3848,6.78062,-8.67057,378.121,0.609889,1.64768,0,0.200176
0.615,0.115,22.0098,7.07072,-8.58835,344.118,0.609889,1.64768,0,0.200176
0.615,0.125,20.5384,7.38795,-8.49911,309.684,0.609889,1.64768,0,0.200176
0.615,0.135,19.0688,7.71631,-8.39701,276.845,0.609889,1.64768,0,0.200176
0.615,0.145,17.694,8.03549,-8.27512,247.379,0.609889,1.64768,0,0.200176
0.615,0.155,16.4783,8.32634,-8.12768,222.325,0.609889,1.64768,0,0.200176
0.615,0.165,15.4484,8.57563,-7.95181,201.87,0.609889,1.64768,0,0.200176
0.615,0.175,14.5986,8.77793,-7.74797,185.562,0.609889,1.64768,0,0.200176
0.615,0.185,13.9042,8.93434,-7.51915,172.639,0.609889,1.64768,0,0.200176
0.615,0.195,13.3335,9.0499,-7.26958,162.291,0.609889,1.64768,0,0.200176
0.615,0.205,12.8556,9.13104,-7.00362,153.805,0.609889,1.64768,0,0.200176
0.615,0.215,12.4446,9.18397,-6.72517,146.622,0.609889,1.64768,0,0.200176
0.615,0.225,12.0805,9.21394,-6.43738,140.326,0.609889,1.64768,0,0.200176
0.615,0.235,11.7482,9.22502,-6.14272,134.626,0.609889,1.64768,0,0.200176
0.615,0.245,11.4374,9.22023,-5.84307,129.322,0.609889,1.64768,0,0.200176
0.615,0.255,11.1409,9.20169,-5.5399,124.284,0.609889,1.64768,0,0.200176
0.615,0.265,10.8542,9.17085,-5.2344,119.429,0.609889,1.64768,0,0.200176
0.615,0.275,10.5746,9.12858,-4.92759,114.714,0.609889,1.64768,0,0.200176
0.615,0.285,10.301,9.07529,-4.62039,110.12,0.609889,1.64768,0,0.200176
0.615,0.295,10.0337,9.01096,-4.31376,105.651,0.609889,1.64768,0,0.200176
0.615,0.305,9.7746,8.93514,-4.00848,101.338,0.609889,1.64768,0,0.200176
0.615,0.315,9.53749,8.84696,-3.70143,97.3809,0.609889,1.64768,0,0.200176
0.615,0.325,9.31885,8.74543,-3.39706,93.7237,0.609889,1.64768,0,0.200176
0.615,0.335,9.11992,8.62825,-3.09919,90.3794,0.609889,1.64768,0,0.200176
0.615,0.345,8.94973,8.49192,-2.81034,87.47,0.609889,1.64768,0,0.200176
0.615,0.355,8.82051,8.33154,-2.53375,85.1612,0.609889,1.64768,0,0.200176
0.615,0.365,8.74817,8.14045,-2.27343,83.672,0.609889,1.64768,0,0.200176
0.615,0.375,8.75206,7.91033,-2.03388,83.2762,0.609889,1.64768,0,0.200176
0.615,0.385,8.85291,7.63228,-1.81904,84.2816,0.609889,1.64768,0,0.200176
0.615,0.395,9.06757,7.29953,-1.63055,86.9635,0.609889,1.64768,0,0.200176
0.615,0.405,9.39982,6.91175,-1.46556,91.4339,0.609889,1.64768,0,0.200176
0.615,0.415,9.82898,6.4791,-1.31561,97.468,0.609889,1.64768,0,0.200176
0.615,0.425,10.3025,6.02264,-1.16792,104.381,0.609889,1.64768,0,0.200176
0.615,0.435,10.7416,5.56877,-1.00894,111.104,0.609889,1.64768,0,0.200176
0.615,0.445,11.0635,5.13914,-0.827759,116.519,0.609889,1.64768,0,0.200176
0.615,0.455,11.2106,4.73954,-0.616922,119.913,0.609889,1.64768,0,0.200176
0.615,0.465,11.1635,4.34913,-0.369453,121.258,0.609889,1.64768,0,0.200176
0.615,0.475,10.9322,3.88598,-0.05747,121.784,0.609889,1.64768,0,0.200176
0.615,0.485,10.1587,3.3011,0.344516,119.371,0.609889,1.64768,0,0.200176
0.615,0.495,8.79303,2.553,0.823276,114.498,0.609889,1.64768,0,0.200176
0.615,0.505,7.02806,1.29996,1.26651,106.596,0.609889,1.64768,0,0.200176
0.615,0.515,6.04017,-0.134518,1.52331,103.449,0.609889,1.64768,0,0.200176
0.615,0.525,5.66272,-1.92794,1.67512,103.928,0.609889,1.64768,0,0.200176
0.615,0.535,5.85652,-4.50457,1.8719,108.761,0.609889,1.64768,0,0.200176
0.615,0.545,7.41728,-7.89812,2.31159,121.245,0.609889,1.64768,0,0.200176
0.615,0.555,12.449,-11.0757,2.92302,137.81,0.609889,1.64768,0,0.200176
0.615,0.565,24.2406,-13.1617,3.16515,139.363,0.609889,1.64768,0,0.200176
0.615,0.575,45.2583,-14.229,2.9668,114.227,0.609889,1.64768,0,0.200176
0.615,0.585,74.9701,-14.6895,2.71418,81.2373,0.609889,1.64768,0,0.200176
0.615,0.595,114.206,-14.8626,2.60242,65.6799,0.609889,1.64768,0,0.200176
0.615,0.605,166.003,-14.9264,2.60589,68.0794,0.609889,1.64768,0,0.200176
0.615,0.615,231.662,-14.9542,2.65195,80.0718,0.609889,1.64768,0,0.200176
0.615,0.625,309.483,-14.9693,2.70481,96.5323,0.609889,1.64768,0,0.200176
0.615,0.635,395.811,-14.9788,2.75414,115.089,0.609889,1.64768,0,0.200176
0.615,0.645,486.036,-14.9852,2.79796,134.387,0.609889,1.64768,0,0.200176
0.615,0.655,575.358,-14.9897,2.83624,153.421,0.609889,1.64768,0,0.200176
0.615,0.665,659.46,-14.9929,2.86934,171.382,0.609889,1.64768,0,0.200176
0.615,0.675,735.017,-14.9952,2.89761,187.666,0.609889,1.64768,0,0.200176
0.615,0.685,799.966,-14.9968,2.92139,201.886,0.609889,1.64768,0,0.200176
0.615,0.695,853.508,-14.9979,2.94102,213.867,0.609889,1.64768,0,0.200176
0.615,0.705,895.922,-14.9987,2.95684,223.617,0.609889,1.64768,0,0.200176
0.615,0.715,928.26,-14.9992,2.96927,231.285,0.609889,1.64768,0,0.200176
0.615,0.725,952.023,-14.9995,2.97874,237.114,0.609889,1.64768,0,0.200176
0.615,0.735,968.869,-14.9997,2.98574,241.394,0.609889,1.64768,0,0.200176
0.615,0.745,980.4,-14.9998,2.99073,244.429,0.609889,1.64768,0,0.200176
0.615,0.755,988.027,-14.9999,2.99416,246.506,0.609889,1.64768,0,0.200176
0.615,0.765,992.902,-15,2.99644,247.878,0.609889,1.64768,0,0.200176
0.615,0.775,995.916,-15,2.9979,248.753,0.609889,1.64768,0,0.200176
0.615,0.785,997.72,-15,2.9988,249.29,0.609889,1.64768,0,0.200176
0.615,0.795,998.764,-15,2.99934,249.608,0.609889,1.64768,0,0.200176
0.615,0.805,999.349,-15,2.99965,249.791,0.609889,1.64768,0,0.200176
0.615,0.815,999.667,-15,2.99982,249.892,0.609889,1.64768,0,0.200176
0.615,0.825,999.835,-15,2.99991,249.946,0.609889,1.64768,0,0.200176
0.615,0.835,999.92,-15,2.99996,249.973,0.609889,1.64768,0,0.200176
0.615,0.845,999.963,-15,2.99998,249.987,0.609889,1.64768,0,0.200176
0.615,0.855,999.983,-15,2.99999,249.994,0.609889,1.64768,0,0.200176
0.615,0.865,999.992,-15,3,249.997,0.609889,1.64768,0,0.200176
0.615,0.875,999.997,-15,3,249.999,0.609889,1.64768,0,0.200176
0.615,0.885,999.999,-15,3,250,0.609889,1.64768,0,0.200176
0.615,0.895,999.999,-15,3,250,0.609889,1.64768,0,0.200176
0.615,0.905,1000,-15,3,250,0.609889,1.64768,0,0.200176
0.615,0.915,1000,-15,3,250,0.609889,1.64768,0,0.200176
0.615,0.925,1000,-15,3,250,0.609889,1.64768,0,0.200176
0.615,0.935,1000,-15,3,250,0.609889,1.64768,0,0.200176
0.615,0.945,1000,-15,3,250,0.609889,1.64768,0,0.200176
0.615,0.955,1000,-15,3,250,0.609889,1.64768,0,0.200176
0.615,0.965,1000,-15,3,250,0.609889,1.64768,0,0.200176
0.615,0.975,1000,-15,3,250,0.609889,1.64768,0,0.200176
0.615,0.985,1000,-15,3,250,0.609889,1.64768,0,0.200176
0.615,0.995,1000,-15,3,250,0.609889,1.64768,0,0.200176
0.625,0.005,23.8674,5.53776,-8.6178,591.043,0.777353,1.81619,0,0.281142
0.625,0.015,24.6128,5.559,-8.68307,574.456,0.777353,1.81619,0,0.281142
0.625,0.025,25.2895,5.58861,-8.71846,559.65,0.777353,1.81619,0,0.281142
0.625,0.035,25.8067,5.63533,-8.73535,544.209,0.777353,1.81619,0,0.281142
0.625,0.045,26.1408,5.70054,-8.73272,527.93,0.777353,1.81619,0,0.281142
0.625,0.055,26.284,5.78357,-8.71024,510.789,0.777353,1.81619,0,0.281142
0.625,0.065,26.2368,5.88338,-8.66881,492.705,0.777353,1.81619,0,0.281142
0.625,0.075,26.0035,5.9994,-8.61029,473.526,0.777353,1.81619,0,0.281142
0.625,0.085,25.5889,6.13217,-8.53712,453.005,0.777353,1.81619,0,0.281142
0.625,0.095,24.9952,6.28367,-8.45199,430.824,0.777353,1.81619,0,0.281142
0.625,0.105,24.2235,6.45707,-8.35748,406.673,0.777353,1.81619,0,0.281142
0.625,0.115,23.2791,6.65574,-8.25562,380.409,0.777353,1.81619,0,0.281142
0.625,0.125,22.1797,6.8814,-8.14738,352.254,0.777353,1.81619,0,0.281142
0.625,0.135,20.9623,7.13212,-8.03219,322.92,0.777353,1.81619,0,0.281142
0.625,0.145,19.6833,7.40102,-7.90786,293.55,0.777353,1.81619,0,0.281142
0.625,0.155,18.4086,7.67671,-7.77099,265.456,0.777353,1.81619,0,0.281142
0.625,0.165,17.1994,7.94543,-7.61782,239.774,0.777353,1.81619,0,0.281142
0.625,0.175,16.0997,8.19407,-7.44534,217.213,0.777353,1.81619,0,0.281142
0.625,0.185,15.1315,8.41274,-7.25202,197.988,0.777353,1.81619,0,0.281142
0.625,0.195,14.2971,8.59596,-7.03811,181.918,0.777353,1.81619,0,0.281142
0.625,0.205,13.5853,8.74239,-6.80528,168.585,0.777353,1.81619,0,0.281142
0.625,0.215,12.978,8.85367,-6.55607,157.49,0.777353,1.81619,0,0.281142
0.625,0.225,12.4561,8.93302,-6.29336,148.151,0.777353,1.81619,0,0.281142
0.625,0.235,12.0014,8.98415,-6.01996,140.159,0.777353,1.81619,0,0.281142
0.625,0.245,11.5993,9.01058,-5.73838,133.187,0.777353,1.81619,0,0.281142
0.625,0.255,11.2382,9.0152,-5.45083,126.992,0.777353,1.81619,0,0.281142
0.625,0.265,10.9099,9.00021,-5.15922,121.404,0.777353,1.81619,0,0.281142
0.625,0.275,10.6087,8.96703,-4.86523,116.308,0.777353,1.81619,0,0.281142
0.625,0.285,10.3319,8.91634,-4.57044,111.642,0.777353,1.81619,0,0.281142
0.625,0.295,10.0787,8.84802,-4.27643,107.381,0.777353,1.81619,0,0.281142
0.625,0.305,9.85232,8.76113,-3.98418,103.565,0.777353,1.81619,0,0.281142
0.625,0.315,9.66646,8.65414,-3.69154,100.386,0.777353,1.81619,0,0.281142
0.625,0.325,9.51711,8.52562,-3.40447,97.776,0.777353,1.81619,0,0.281142
0.625,0.335,9.41054,8.37126,-3.12663,95.8246,0.777353,1.81619,0,0.281142
0.625,0.345,9.35767,8.18625,-2.86115,94.6907,0.777353,1.81619,0,0.281142
0.625,0.355,9.37143,7.96519,-2.61115,94.5694,0.777353,1.81619,0,0.281142
0.625,0.365,9.46476,7.7029,-2.37924,95.667,0.777353,1.81619,0,0.281142
0.625,0.375,9.64696,7.39616,-2.16664,98.1497,0.777353,1.81619,0,0.281142
0.625,0.385,9.91799,7.04596,-1.97203,102.06,0.777353,1.81619,0,0.281142
0.625,0.395,10.2617,6.65967,-1.79091,107.209,0.777353,1.81619,0,0.281142
0.625,0.405,10.6411,6.25128,-1.6159,113.104,0.777353,1.81619,0,0.281142
0.625,0.415,11.001,5.83891,-1.43831,118.975,0.777353,1.81619,0,0.281142
0.625,0.425,11.2801,5.43956,-1.25012,123.966,0.777353,1.81619,0,0.281142
0.625,0.435,11.4299,5.06317,-1.04519,127.433,0.777353,1.81619,0,0.281142
0.625,0.445,11.4295,4.7082,-0.818579,129.181,0.777353,1.81619,0,0.281142
0.625,0.455,11.2838,4.35909,-0.563762,129.482,0.777353,1.81619,0,0.281142
0.625,0.465,11.0079,3.98083,-0.267354,128.924,0.777353,1.81619,0,0.281142
0.625,0.475,10.4459,3.50118,0.0932299,127.387,0.777353,1.81619,0,0.281142
0.625,0.485,9.45125,2.92575,0.520808,123.462,0.777353,1.81619,0,0.281142
0.625,0.495,8.1538,2.19007,0.982663,118.434,0.777353,1.81619,0,0.281142
0.625,0.505,6.84307,1.11175,1.38572,111.973,0.777353,1.81619,0,0.281142
0.625,0.515,6.13906,-0.146513,1.62494,109.173,0.777353,1.81619,0,0.281142
0.625,0.525,5.88845,-1.80314,1.76758,109.703,0.777353,1.81619,0,0.281142
0.625,0.535,6.11058,-4.31632,1.96464,114.92,0.777353,1.81619,0,0.281142
0.625,0.545,7.71549,-7.74647,2.42056,128.566,0.777353,1.81619,0,0.281142
0.625,0.555,12.8939,-11.0227,3.02532,144.812,0.777353,1.81619,0,0.281142
0.625,0.565,24.8356,-13.1771,3.20281,141.564,0.777353,1.81619,0,0.281142
0.625,0.575,45.6186,-14.2588,2.94874,110.399,0.777353,1.81619,0,0.281142
0.625,0.585,74.7508,-14.7076,2.68536,76.3551,0.777353,1.81619,0,0.281142
0.625,0.595,113.685,-14.8693,2.58658,62.9719,0.777353,1.81619,0,0.281142
0.625,0.605,165.588,-14.9282,2.60043,67.0487,0.777353,1.81619,0,0.281142
0.625,0.615,231.447,-14.9546,2.65047,79.7438,0.777353,1.81619,0,0.281142
0.625,0.625,309.396,-14.9694,2.70445,96.4378,0.777353,1.81619,0,0.281142
0.625,0.635,395.781,-14.9788,2.75406,115.063,0.777353,1.81619,0,0.281142
0.625,0.645,486.027,-14.9852,2.79794,134.381,0.777353,1.81619,0,0.281142
0.625,0.655,575.356,-14.9897,2.83624,153.419,0.777353,1.81619,0,0.281142
0.625,0.665,659.459,-14.9929,2.86934,171.382,0.777353,1.81619,0,0.281142
0.625,0.675,735.017,-14.9952,2.89761,187.666,0.777353,1.81619,0,0.281142
0.625,0.685,799.966,-14.9968,2.92139,201.886,0.777353,1.81619,0,0.281142
0.625,0.695,853.508,-14.9979,2.94102,213.867,0.777353,1.81619,0,0.281142
0.625,0.705,895.922,-14.9987,2.95684,223.617,0.777353,1.81619,0,0.281142
0.625,0.715,928.26,-14.9992,2.96927,231.285,0.777353,1.81619,0,0.281142
0.625,0.725,952.023,-14.9995,2.97874,237.114,0.777353,1.81619,0,0.281142
0.625,0.735,968.869,-14.9997,2.98574,241.394,0.777353,1.81619,0,0.281142
0.625,0.745,980.4,-14.9998,2.99073,244.429,0.777353,1.81619,0,0.281142
0.625,0.755,988.027,-14.9999,2.99416,246.506,0.777353,1.81619,0,0.281142
0.625,0.765,992.902,-15,2.99644,247.878,0.777353,1.81619,0,0.281142
0.625,0.775,995.916,-15,2.9979,248.753,0.777353,1.81619,0,0.281142
0.625,0.785,997.72,-15,2.9988,249.29,0.777353,1.81619,0,0.281142
0.625,0.795,998.764,-15,2.99934,249.608,0.777353,1.81619,0,0.281142
0.625,0.805,999.349,-15,2.99965,249.791,0.777353,1.81619,0,0.281142
0.625,0.815,999.667,-15,2.99982,249.892,0.777353,1.81619,0,0.281142
0.625,0.825,999.835,-15,2.99991,249.946,0.777353,1.81619,0,0.281142
0.625,0.835,999.92,-15,2.99996,249.973,0.777353,1.81619,0,0.281142
0.625,0.845,999.963,-15,2.99998,249.987,0.777353,1.81619,0,0.281142
0.625,0.855,999.983,-15,2.99999,249.994,0.777353,1.81619,0,0.281142
0.625,0.865,999.992,-15,3,249.997,0.777353,1.81619,0,0.281142
0.625,0.875,999.997,-15,3,249.999,0.777353,1.81619,0,0.281142
0.625,0.885,999.999,-15,3,250,0.777353,1.81619,0,0.281142
0.625,0.895,999.999,-15,3,250,0.777353,1.81619,0,0.281142
0.625,0.905,1000,-15,3,250,0.777353,1.81619,0,0.281142
0.625,0.915,1000,-15,3,250,0.777353,1.81619,0,0.281142
0.625,0.925,1000,-15,3,250,0.777353,1.81619,0,0.281142
0.625,0.935,1000,-15,3,250,0.777353,1.81619,0,0.281142
0.625,0.945,1000,-15,3,250,0.777353,1.81619,0,0.281142
0.625,0.955,1000,-15,3,250,0.777353,1.81619,0,0.281142
0.625,0.965,1000,-15,3,250,0.777353,1.81619,0,0.281142
0.625,0.975,1000,-15,3,250,0.777353,1.81619,0,0.281142
0.625,0.985,1000,-15,3,250,0.777353,1.81619,0,0.281142
0.625,0.995,1000,-15,3,250,0.777353,1.81619,0,0.281142
0.635,0.005,22.2584,5.61198,-8.27567,586.952,0.979735,1.98471,0,0.388698
0.635,0.015,22.972,5.62979,-8.3503,569.073,0.979735,1.98471,0,0.388698
0.635,0.025,23.7019,5.64441,-8.38859,554.888,0.979735,1.98471,0,0.388698
0.635,0.035,24.3246,5.67008,-8.4114,540.533,0.979735,1.98471,0,0.388698
0.635,0.045,24.8037,5.71084,-8.41752,525.561,0.979735,1.98471,0,0.388698
0.635,0.055,25.1232,5.76721,-8.40513,509.968,0.979735,1.98471,0,0.388698
0.635,0.065,25.2772,5.83841,-8.37367,493.762,0.979735,1.98471,0,0.388698
0.635,0.075,25.2668,5.92323,-8.3237,476.925,0.979735,1.98471,0,0.388698
0.635,0.085,25.0984,6.02056,-8.2565,459.405,0.979735,1.98471,0,0.388698
0.635,0.095,24.7803,6.12986,-8.17381,441.1,0.979735,1.98471,0,0.388698
0.635,0.105,24.3202,6.25146,-8.07757,421.862,0.979735,1.98471,0,0.388698
0.635,0.115,23.7244,6.38659,-7.9697,401.512,0.979735,1.98471,0,0.388698
0.635,0.125,22.9989,6.53706,-7.85182,379.908,0.979735,1.98471,0,0.388698
0.635,0.135,22.1527,6.70445,-7.72512,357.038,0.979735,1.98471,0,0.388698
0.635,0.145,21.2025,6.88905,-7.59006,333.11,0.979735,1.98471,0,0.388698
0.635,0.155,20.1751,7.08885,-7.44631,308.601,0.979735,1.98471,0,0.388698
0.635,0.165,19.1067,7.29908,-7.29277,284.199,0.979735,1.98471,0,0.388698
0.635,0.175,18.038,7.51249,-7.12785,260.679,0.979735,1.98471,0,0.388698
0.635,0.185,17.0073,7.72052,-6.94991,238.73,0.979735,1.98471,0,0.388698
0.635,0.195,16.0444,7.91472,-6.7577,218.837,0.979735,1.98471,0,0.388698
0.635,0.205,15.1678,8.08801,-6.55066,201.23,0.979735,1.98471,0,0.388698
0.635,0.215,14.385,8.23544,-6.32912,185.915,0.979735,1.98471,0,0.388698
0.635,0.225,13.6949,8.35424,-6.09412,172.734,0.979735,1.98471,0,0.388698
0.635,0.235,13.0909,8.4435,-5.84729,161.447,0.979735,1.98471,0,0.388698
0.635,0.245,12.5641,8.50353,-5.59061,151.79,0.979735,1.98471,0,0.388698
0.635,0.255,12.1053,8.53526,-5.32619,143.516,0.979735,1.98471,0,0.388698
0.635,0.265,11.7064,8.53973,-5.05616,136.417,0.979735,1.98471,0,0.388698
0.635,0.275,11.3611,8.51772,-4.78265,130.336,0.979735,1.98471,0,0.388698
0.635,0.285,11.0656,8.4695,-4.50775,125.164,0.979735,1.98471,0,0.388698
0.635,0.295,10.818,8.39464,-4.23352,120.844,0.979735,1.98471,0,0.388698
0.635,0.305,10.6262,8.29187,-3.95929,117.472,0.979735,1.98471,0,0.388698
0.635,0.315,10.4903,8.1616,-3.68789,115.027,0.979735,1.98471,0,0.388698
0.635,0.325,10.4115,8.00196,-3.42297,113.521,0.979735,1.98471,0,0.388698
0.635,0.335,10.3935,7.80991,-3.1675,113.011,0.979735,1.98471,0,0.388698
0.635,0.345,10.4404,7.58346,-2.92364,113.567,0.979735,1.98471,0,0.388698
0.635,0.355,10.5538,7.32219,-2.69253,115.229,0.979735,1.98471,0,0.388698
0.635,0.365,10.729,7.02818,-2.47393,117.951,0.979735,1.98471,0,0.388698
0.635,0.375,10.9521,6.70677,-2.2659,121.551,0.979735,1.98471,0,0.388698
0.635,0.385,11.1972,6.36666,-2.06483,125.669,0.979735,1.98471,0,0.388698
0.635,0.395,11.428,6.01875,-1.86596,129.795,0.979735,1.98471,0,0.388698
0.635,0.405,11.6042,5.67373,-1.66423,133.36,0.979735,1.98471,0,0.388698
0.635,0.415,11.6911,5.33904,-1.45509,135.902,0.979735,1.98471,0,0.388698
0.635,0.425,11.6691,5.01629,-1.23466,137.212,0.979735,1.98471,0,0.388698
0.635,0.435,11.536,4.70013,-0.99893,137.386,0.979735,1.98471,0,0.388698
0.635,0.445,11.3019,4.37826,-0.741591,136.749,0.979735,1.98471,0,0.388698
0.635,0.455,10.9754,4.03249,-0.452255,135.682,0.979735,1.98471,0,0.388698
0.635,0.465,10.4924,3.64191,-0.1168,133.925,0.979735,1.98471,0,0.388698
0.635,0.475,9.68733,3.15037,0.273744,130.917,0.979735,1.98471,0,0.388698
0.635,0.485,8.66884,2.57304,0.707261,126.729,0.979735,1.98471,0,0.388698
0.635,0.495,7.5901,1.86791,1.14529,121.958,0.979735,1.98471,0,0.388698
0.635,0.505,6.69992,0.940001,1.50849,116.784,0.979735,1.98471,0,0.388698
0.635,0.515,6.26048,-0.159973,1.72624,114.474,0.979735,1.98471,0,0.388698
0.635,0.525,6.12578,-1.68942,1.85918,115.315,0.979735,1.98471,0,0.388698
0.635,0.535,6.37987,-4.14177,2.06204,121.295,0.979735,1.98471,0,0.388698
0.635,0.545,8.04434,-7.60888,2.54031,136.446,0.979735,1.98471,0,0.388698
0.635,0.555,13.3753,-10.9868,3.13063,151.8,0.979735,1.98471,0,0.388698
0.635,0.565,25.4157,-13.2071,3.23102,142.446,0.979735,1.98471,0,0.388698
0.635,0.575,45.8653,-14.2951,2.92076,105.216,0.979735,1.98471,0,0.388698
0.635,0.585,74.4185,-14.7266,2.65359,71.2132,0.979735,1.98471,0,0.388698
0.635,0.595,113.151,-14.8755,2.57149,60.4794,0.979735,1.98471,0,0.388698
0.635,0.605,165.217,-14.9298,2.59576,66.184,0.979735,1.98471,0,0.388698
0.635,0.615,231.272,-14.9549,2.6493,79.4874,0.979735,1.98471,0,0.388698
0.635,0.625,309.331,-14.9694,2.70419,96.3682,0.979735,1.98471,0,0.388698
0.635,0.635,395.76,-14.9788,2.75401,115.045,0.979735,1.98471,0,0.388698
0.635,0.645,486.021,-14.9852,2.79793,134.376,0.979735,1.98471,0,0.388698
0.635,0.655,575.354,-14.9897,2.83623,153.418,0.979735,1.98471,0,0.388698
0.635,0.665,659.459,-14.9929,2.86934,171.381,0.979735,1.98471,0,0.388698
0.635,0.675,735.017,-14.9952,2.89761,187.666,0.979735,1.98471,0,0.388698
0.635,0.685,799.966,-14.9968,2.92139,201.886,0.979735,1.98471,0,0.388698
0.635,0.695,853.508,-14.9979,2.94102,213.867,0.979735,1.98471,0,0.388698
0.635,0.705,895.922,-14.9987,2.95684,223.617,0.979735,1.98471,0,0.388698
0.635,0.715,928.26,-14.9992,2.96927,231.285,0.979735,1.98471,0,0.388698
0.635,0.725,952.023,-14.9995,2.97874,237.114,0.979735,1.98471,0,0.388698
0.635,0.735,968.869,-14.9997,2.98574,241.394,0.979735,1.98471,0,0.388698
0.635,0.745,980.4,-14.9998,2.99073,244.429,0.979735,1.98471,0,0.388698
0.635,0.755,988.027,-14.9999,2.99416,246.506,0.979735,1.98471,0,0.388698
0.635,0.765,992.902,-15,2.99644,247.878,0.979735,1.98471,0,0.388698
0.635,0.775,995.916,-15,2.9979,248.753,0.979735,1.98471,0,0.388698
0.635,0.785,997.72,-15,2.9988,249.29,0.979735,1.98471,0,0.388698
0.635,0.795,998.764,-15,2.99934,249.608,0.979735,1.98471,0,0.388698
0.635,0.805,999.349,-15,2.99965,249.791,0.979735,1.98471,0,0.388698
0.635,0.815,999.667,-15,2.99982,249.892,0.979735,1.98471,0,0.388698
0.635,0.825,999.835,-15,2.99991,249.946,0.979735,1.98471,0,0.388698
0.635,0.835,999.92,-15,2.99996,249.973,0.979735,1.98471,0,0.388698
0.635,0.845,999.963,-15,2.99998,249.987,0.979735,1.98471,0,0.388698
0.635,0.855,999.983,-15,2.99999,249.994,0.979735,1.98471,0,0.388698
0.635,0.865,999.992,-15,3,249.997,0.979735,1.98471,0,0.388698
0.635,0.875,999.997,-15,3,249.999,0.979735,1.98471,0,0.388698
0.635,0.885,999.999,-15,3,250,0.979735,1.98471,0,0.388698
0.635,0.895,999.999,-15,3,250,0.979735,1.98471,0,0.388698
0.635,0.905,1000,-15,3,250,0.979735,1.98471,0,0.388698
0.635,0.915,1000,-15,3,250,0.979735,1.98471,0,0.388698
0.635,0.925,1000,-15,3,250,0.979735,1.98471,0,0.388698
0.635,0.935,1000,-15,3,250,0.979735,1.98471,0,0.388698
0.635,0.945,1000,-15,3,250,0.979735,1.98471,0,0.388698
0.635,0.955,1000,-15,3,250,0.979735,1.98471,0,0.388698
0.635,0.965,1000,-15,3,250,0.979735,1.98471,0,0.388698
0.635,0.975,1000,-15,3,250,0.979735,1.98471,0,0.388698
0.635,0.985,1000,-15,3,250,0.979735,1.98471,0,0.388698
0.635,0.995,1000,-15,3,250,0.979735,1.98471,0,0.388698
0.645,0.005,20.7036,5.67353,-7.91206,584.829,1,2,0,0.4
0.645,0.015,21.3216,5.69824,-7.99974,564.496,1,2,0,0.4
0.645,0.025,22.0413,5.70639,-8.03932,550.294,1,2,0,0.4
0.645,0.035,22.7108,5.71741,-8.06506,536.649,1,2,0,0.4
0.645,0.045,23.2804,5.73853,-8.07822,522.619,1,2,0,0.4
0.645,0.055,23.7264,5.77232,-8.07577,508.114,1,2,0,0.4
0.645,0.065,24.0356,5.81911,-8.05583,493.162,1,2,0,0.4
0.645,0.075,24.2022,5.87818,-8.01771,477.79,1,2,0,0.4
0.645,0.085,24.2274,5.94832,-7.96165,462.014,1,2,0,0.4
0.645,0.095,24.1174,6.02818,-7.88853,445.837,1,2,0,0.4
0.645,0.105,23.8814,6.11662,-7.79966,429.242,1,2,0,0.4
0.645,0.115,23.5297,6.21294,-7.6965,412.19,1,2,0,0.4
0.645,0.125,23.0721,6.31696,-7.58053,394.617,1,2,0,0.4
0.645,0.135,22.5176,6.42896,-7.45308,376.459,1,2,0,0.4
0.645,0.145,21.8749,6.54939,-7.31526,357.687,1,2,0,0.4
0.645,0.155,21.1547,6.67843,-7.16784,338.343,1,2,0,0.4
0.645,0.165,20.3706,6.81548,-7.01123,318.585,1,2,0,0.4
0.645,0.175,19.5408,6.95869,-6.84546,298.694,1,2,0,0.4
0.645,0.185,18.6873,7.10483,-6.67027,279.045,1,2,0,0.4
0.645,0.195,17.8339,7.24944,-6.48522,260.056,1,2,0,0.4
0.645,0.205,17.0033,7.38735,-6.28997,242.116,1,2,0,0.4
0.645,0.215,16.2146,7.51328,-6.08435,225.528,1,2,0,0.4
0.645,0.225,15.4821,7.62239,-5.86857,210.488,1,2,0,0.4
0.645,0.235,14.8147,7.71066,-5.64325,197.079,1,2,0,0.4
0.645,0.245,14.2166,7.775,-5.40942,185.298,1,2,0,0.4
0.645,0.255,13.6886,7.81323,-5.16843,175.08,1,2,0,0.4
0.645,0.265,13.2298,7.8238,-4.92191,166.333,1,2,0,0.4
0.645,0.275,12.8378,7.80565,-4.67163,158.957,1,2,0,0.4
0.645,0.285,12.5106,7.75786,-4.41938,152.862,1,2,0,0.4
0.645,0.295,12.2522,7.67952,-4.16491,148.073,1,2,0,0.4
0.645,0.305,12.056,7.57197,-3.91135,144.438,1,2,0,0.4
0.645,0.315,11.9214,7.43592,-3.66043,141.922,1,2,0,0.4
0.645,0.325,11.8458,7.27161,-3.414,140.474,1,2,0,0.4
0.645,0.335,11.8239,7.07937,-3.17374,140.006,1,2,0,0.4
0.645,0.345,11.8474,6.861,-2.94056,140.394,1,2,0,0.4
0.645,0.355,11.9041,6.62006,-2.7143,141.457,1,2,0,0.4
0.645,0.365,11.9763,6.36159,-2.49379,142.938,1,2,0,0.4
0.645,0.375,12.0415,6.09163,-2.27698,144.514,1,2,0,0.4
0.645,0.385,12.0753,5.81611,-2.06123,145.845,1,2,0,0.4
0.645,0.395,12.0554,5.53956,-1.84369,146.642,1,2,0,0.4
0.645,0.405,11.9665,5.26373,-1.6215,146.742,1,2,0,0.4
0.645,0.415,11.8023,4.98682,-1.39168,146.15,1,2,0,0.4
0.645,0.425,11.5643,4.70333,-1.15048,145.011,1,2,0,0.4
0.645,0.435,11.2584,4.40419,-0.891657,143.565,1,2,0,0.4
0.645,0.445,10.8837,4.08106,-0.607039,141.955,1,2,0,0.4
0.645,0.455,10.4022,3.73372,-0.288319,139.803,1,2,0,0.4
0.645,0.465,9.73703,3.30718,0.0761677,137.4,1,2,0,0.4
0.645,0.475,8.87239,2.81423,0.48488,133.704,1,2,0,0.4
0.645,0.485,7.97059,2.24451,0.9128,129.57,1,2,0,0.4
0.645,0.495,7.18444,1.58714,1.32002,125.297,1,2,0,0.4
0.645,0.505,6.6489,0.793465,1.64137,121.291,1,2,0,0.4
0.645,0.515,6.42712,-0.163043,1.83373,119.645,1,2,0,0.4
0.645,0.525,6.38867,-1.57555,1.95684,121.087,1,2,0,0.4
0.645,0.535,6.67623,-3.97338,2.17042,128.235,1,2,0,0.4
0.645,0.545,8.41213,-7.48536,2.67441,145.074,1,2,0,0.4
0.645,0.555,13.8893,-10.9725,3.23694,158.509,1,2,0,0.4
0.645,0.565,25.955,-13.2545,3.24627,141.549,1,2,0,0.4
0.645,0.575,45.9755,-14.338,2.88199,98.6574,1,2,0,0.4
0.645,0.585,73.9856,-14.7458,2.61978,65.9983,1,2,0,0.4
0.645,0.595,112.627,-14.8811,2.55762,58.2676,1,2,0,0.4
0.645,0.605,164.897,-14.9311,2.59191,65.4843,1,2,0,0.4
0.645,0.615,231.135,-14.9552,2.64841,79.2943,1,2,0,0.4
0.645,0.625,309.283,-14.9695,2.704,96.3191,1,2,0,0.4
0.645,0.635,395.746,-14.9788,2.75397,115.034,1,2,0,0.4
0.645,0.645,486.017,-14.9852,2.79792,134.374,1,2,0,0.4
0.645,0.655,575.353,-14.9897,2.83623,153.418,1,2,0,0.4
0.645,0.665,659.459,-14.9929,2.86934,171.381,1,2,0,0.4
0.645,0.675,735.017,-14.9952,2.89761,187.666,1,2,0,0.4
0.645,0.685,799.966,-14.9968,2.92139,201.886,1,2,0,0.4
0.645,0.695,853.508,-14.9979,2.94102,213.867,1,2,0,0.4
0.645,0.705,895.922,-14.9987,2.95684,223.617,1,2,0,0.4
0.645,0.715,928.26,-14.9992,2.96927,231.285,1,2,0,0.4
0.645,0.725,952.023,-14.9995,2.97874,237.114,1,2,0,0.4
0.645,0.735,968.869,-14.9997,2.98574,241.394,1,2,0,0.4
0.645,0.745,980.4,-14.9998,2.99073,244.429,1,2,0,0.4
0.645,0.755,988.027,-14.9999,2.99416,246.506,1,2,0,0.4
0.645,0.765,992.902,-15,2.99644,247.878,1,2,0,0.4
0.645,0.775,995.916,-15,2.9979,248.753,1,2,0,0.4
0.645,0.785,997.72,-15,2.9988,249.29,1,2,0,0.4
0.645,0.795,998.764,-15,2.99934,249.608,1,2,0,0.4
0.645,0.805,999.349,-15,2.99965,249.791,1,2,0,0.4
0.645,0.815,999.667,-15,2.99982,249.892,1,2,0,0.4
0.645,0.825,999.835,-15,2.99991,249.946,1,2,0,0.4
0.645,0.835,999.92,-15,2.99996,249.973,1,2,0,0.4
0.645,0.845,999.963,-15,2.99998,249.987,1,2,0,0.4
0.645,0.855,999.983,-15,2.99999,249.994,1,2,0,0.4
0.645,0.865,999.992,-15,3,249.997,1,2,0,0.4
0.645,0.875,999.997,-15,3,249.999,1,2,0,0.4
0.645,0.885,999.999,-15,3,250,1,2,0,0.4
0.645,0.895,999.999,-15,3,250,1,2,0,0.4
0.645,0.905,1000,-15,3,250,1,2,0,0.4
0.645,0.915,1000,-15,3,250,1,2,0,0.4
0.645,0.925,1000,-15,3,250,1,2,0,0.4
0.645,0.935,1000,-15,3,250,1,2,0,0.4
0.645,0.945,1000,-15,3,250,1,2,0,0.4
0.645,0.955,1000,-15,3,250,1,2,0,0.4
0.645,0.965,1000,-15,3,250,1,2,0,0.4
0.645,0.975,1000,-15,3,250,1,2,0,0.4
0.645,0.985,1000,-15,3,250,1,2,0,0.4
0.645,0.995,1000,-15,3,250,1,2,0,0.4
0.655,0.005,19.255,5.71896,-7.52573,584.594,1,2,0,0.4
0.655,0.015,19.735,5.75751,-7.6292,561.183,1,2,0,0.4
0.655,0.025,20.3814,5.76913,-7.67078,546.077,1,2,0,0.4
0.655,0.035,21.04,5.77258,-7.69562,532.816,1,2,0,0.4
0.655,0.045,21.6419,5.78003,-7.71222,519.434,1,2,0,0.4
0.655,0.055,22.1594,5.79574,-7.71744,505.73,1,2,0,0.4
0.655,0.065,22.5733,5.82178,-7.70819,491.681,1,2,0,0.4
0.655,0.075,22.8717,5.85848,-7.68258,477.324,1,2,0,0.4
0.655,0.085,23.0491,5.90525,-7.63973,462.695,1,2,0,0.4
0.655,0.095,23.1056,5.961,-7.57965,447.825,1,2,0,0.4
0.655,0.105,23.0462,6.02437,-7.50293,432.744,1,2,0,0.4
0.655,0.115,22.8793,6.094,-7.41056,417.473,1,2,0,0.4
0.655,0.125,22.6149,6.16868,-7.3037,402.026,1,2,0,0.4
0.655,0.135,22.264,6.24747,-7.18358,386.41,1,2,0,0.4
0.655,0.145,21.8369,6.32965,-7.05135,370.625,1,2,0,0.4
0.655,0.155,21.3439,6.4147,-6.90805,354.678,1,2,0,0.4
0.655,0.165,20.7949,6.5021,-6.75456,338.599,1,2,0,0.4
0.655,0.175,20.2001,6.59112,-6.59156,322.451,1,2,0,0.4
0.655,0.185,19.5708,6.68063,-6.41958,306.35,1,2,0,0.4
0.655,0.195,18.9196,6.76889,-6.23899,290.456,1,2,0,0.4
0.655,0.205,18.26,6.85354,-6.05006,274.968,1,2,0,0.4
0.655,0.215,17.606,6.93169,-5.85309,260.101,1,2,0,0.4
0.655,0.225,16.9708,7.00011,-5.64842,246.057,1,2,0,0.4
0.655,0.235,16.3662,7.05546,-5.43654,233.009,1,2,0,0.4
0.655,0.245,15.8016,7.09458,-5.21811,221.084,1,2,0,0.4
0.655,0.255,15.2839,7.11458,-4.99398,210.362,1,2,0,0.4
0.655,0.265,14.8178,7.11305,-4.76516,200.877,1,2,0,0.4
0.655,0.275,14.4066,7.08802,-4.53243,192.644,1,2,0,0.4
0.655,0.285,14.0534,7.03834,-4.296,185.678,1,2,0,0.4
0.655,0.295,13.7533,6.96435,-4.05811,179.844,1,2,0,0.4
0.655,0.305,13.5037,6.86652,-3.82007,175.073,1,2,0,0.4
0.655,0.315,13.3009,6.74622,-3.58287,171.282,1,2,0,0.4
0.655,0.325,13.1382,6.60495,-3.3474,168.348,1,2,0,0.4
0.655,0.335,13.0057,6.44418,-3.1144,166.108,1,2,0,0.4
0.655,0.345,12.8912,6.26604,-2.88425,164.372,1,2,0,0.4
0.655,0.355,12.7811,6.07333,-2.6567,162.935,1,2,0,0.4
0.655,0.365,12.6608,5.86896,-2.43086,161.595,1,2,0,0.4
0.655,0.375,12.5167,5.65535,-2.20542,160.177,1,2,0,0.4
0.655,0.385,12.3374,5.43372,-1.97868,158.56,1,2,0,0.4
0.655,0.395,12.1157,5.20365,-1.7486,156.702,1,2,0,0.4
0.655,0.405,11.848,4.96277,-1.51266,154.639,1,2,0,0.4
0.655,0.415,11.5336,4.70674,-1.26735,152.465,1,2,0,0.4
0.655,0.425,11.1747,4.42875,-1.0067,150.329,1,2,0,0.4
0.655,0.435,10.7598,4.12775,-0.72485,148.135,1,2,0,0.4
0.655,0.445,10.2669,3.80342,-0.416027,145.635,1,2,0,0.4
0.655,0.455,9.67353,3.42339,-0.069734,143.203,1,2,0,0.4
0.655,0.465,8.93016,2.98546,0.317863,139.965,1,2,0,0.4
0.655,0.475,8.15443,2.49448,0.731959,136.171,1,2,0,0.4
0.655,0.485,7.46258,1.94715,1.14414,132.307,1,2,0,0.4
0.655,0.495,6.96568,1.35217,1.5132,128.706,1,2,0,0.4
0.655,0.505,6.703,0.680668,1.79025,125.819,1,2,0,0.4
0.655,0.515,6.64752,-0.146507,1.95421,125.02,1,2,0,0.4
0.655,0.525,6.68672,-1.45393,2.06744,127.348,1,2,0,0.4
0.655,0.535,7.00866,-3.80857,2.29547,136.035,1,2,0,0.4
0.655,0.545,8.82283,-7.38051,2.82484,154.498,1,2,0,0.4
0.655,0.555,14.4227,-10.9869,3.34026,164.429,1,2,0,0.4
0.655,0.565,26.4194,-13.3222,3.24421,138.343,1,2,0,0.4
0.655,0.575,45.931,-14.3869,2.83207,90.8213,1,2,0,0.4
0.655,0.585,73.4735,-14.7646,2.58522,60.9302,1,2,0,0.4
0.655,0.595,112.134,-14.8859,2.54539,56.3847,1,2,0,0.4
0.655,0.605,164.633,-14.9321,2.58886,64.9409,1,2,0,0.4
0.655,0.615,231.032,-14.9554,2.64777,79.1549,1,2,0,0.4
0.655,0.625,309.25,-14.9695,2.70387,96.2858,1,2,0,0.4
0.655,0.635,395.736,-14.9788,2.75394,115.026,1,2,0,0.4
0.655,0.645,486.014,-14.9852,2.79792,134.372,1,2,0,0.4
0.655,0.655,575.353,-14.9897,2.83623,153.417,1,2,0,0.4
0.655,0.665,659.459,-14.9929,2.86934,171.381,1,2,0,0.4
0.655,0.675,735.017,-14.9952,2.89761,187.666,1,2,0,0.4
0.655,0.685,799.966,-14.9968,2.92139,201.886,1,2,0,0.4
0.655,0.695,853.508,-14.9979,2.94102,213.867,1,2,0,0.4
0.655,0.705,895.922,-14.9987,2.95684,223.617,1,2,0,0.4
0.655,0.715,928.26,-14.9992,2.96927,231.285,1,2,0,0.4
0.655,0.725,952.023,-14.9995,2.97874,237.114,1,2,0,0.4
0.655,0.735,968.869,-14.9997,2.98574,241.394,1,2,0,0.4
0.655,0.745,980.4,-14.9998,2.99073,244.429,1,2,0,0.4
0.655,0.755,988.027,-14.9999,2.99416,246.506,1,2,0,0.4
0.655,0.765,992.902,-15,2.99644,247.878,1,2,0,0.4
0.655,0.775,995.916,-15,2.9979,248.753,1,2,0,0.4
0.655,0.785,997.72,-15,2.9988,249.29,1,2,0,0.4
0.655,0.795,998.764,-15,2.99934,249.608,1,2,0,0.4
0.655,0.805,999.349,-15,2.99965,249.791,1,2,0,0.4
0.655,0.815,999.667,-15,2.99982,249.892,1,2,0,0.4
0.655,0.825,999.835,-15,2.99991,249.946,1,2,0,0.4
0.655,0.835,999.92,-15,2.99996,249.973,1,2,0,0.4
0.655,0.845,999.963,-15,2.99998,249.987,1,2,0,0.4
0.655,0.855,999.983,-15,2.99999,249.994,1,2,0,0.4
0.655,0.865,999.992,-15,3,249.997,1,2,0,0.4
0.655,0.875,999.997,-15,3,249.999,1,2,0,0.4
0.655,0.885,999.999,-15,3,250,1,2,0,0.4
0.655,0.895,999.999,-15,3,250,1,2,0,0.4
0.655,0.905,1000,-15,3,250,1,2,0,0.4
0.655,0.915,1000,-15,3,250,1,2,0,0.4
0.655,0.925,1000,-15,3,250,1,2,0,0.4
0.655,0.935,1000,-15,3,250,1,2,0,0.4
0.655,0.945,1000,-15,3,250,1,2,0,0.4
0.655,0.955,1000,-15,3,250,1,2,0,0.4
0.655,0.965,1000,-15,3,250,1,2,0,0.4
0.655,0.975,1000,-15,3,250,1,2,0,0.4
0.655,0.985,1000,-15,3,250,1,2,0,0.4
0.655,0.995,1000,-15,3,250,1,2,0,0.4
0.665,0.005,17.95,5.74969,-7.12105,585.315,1,2,0,0.4
0.665,0.015,18.286,5.80158,-7.23583,559.572,1,2,0,0.4
0.665,0.025,18.8031,5.82612,-7.2839,542.502,1,2,0,0.4
0.665,0.035,19.397,5.82985,-7.30505,529.188,1,2,0,0.4
0.665,0.045,19.9768,5.83005,-7.3201,516.256,1,2,0,0.4
0.665,0.055,20.5084,5.8334,-7.3287,503.121,1,2,0,0.4
0.665,0.065,20.9716,5.84303,-7.32708,489.751,1,2,0,0.4
0.665,0.075,21.3499,5.8608,-7.31227,476.141,1,2,0,0.4
0.665,0.085,21.633,5.88712,-7.28231,462.334,1,2,0,0.4
0.665,0.095,21.8152,5.92157,-7.23621,448.366,1,2,0,0.4
0.665,0.105,21.8953,5.96323,-7.17373,434.275,1,2,0,0.4
0.665,0.115,21.8768,6.01087,-7.09521,420.098,1,2,0,0.4
0.665,0.125,21.7659,6.06315,-7.00137,405.871,1,2,0,0.4
0.665,0.135,21.5713,6.11872,-6.89319,391.627,1,2,0,0.4
0.665,0.145,21.3027,6.17633,-6.77169,377.4,1,2,0,0.4
0.665,0.155,20.9703,6.23484,-6.63792,363.221,1,2,0,0.4
0.665,0.165,20.5842,6.29321,-6.49289,349.124,1,2,0,0.4
0.665,0.175,20.1541,6.35045,-6.33751,335.145,1,2,0,0.4
0.665,0.185,19.6893,6.40555,-6.1726,321.335,1,2,0,0.4
0.665,0.195,19.1988,6.45739,-5.99888,307.756,1,2,0,0.4
0.665,0.205,18.6916,6.50466,-5.81702,294.487,1,2,0,0.4
0.665,0.215,18.1765,6.54583,-5.62763,281.625,1,2,0,0.4
0.665,0.225,17.6622,6.57915,-5.43129,269.27,1,2,0,0.4
0.665,0.235,17.1568,6.60268,-5.22861,257.528,1,2,0,0.4
0.665,0.245,16.6678,6.61443,-5.02019,246.493,1,2,0,0.4
0.665,0.255,16.2014,6.61241,-4.80664,236.245,1,2,0,0.4
0.665,0.265,15.7649,6.59481,-4.58787,226.887,1,2,0,0.4
0.665,0.275,15.3583,6.56072,-4.36538,218.379,1,2,0,0.4
0.665,0.285,14.9835,6.50937,-4.13984,210.73,1,2,0,0.4
0.665,0.295,14.6403,6.44045,-3.9121,203.916,1,2,0,0.4
0.665,0.305,14.3266,6.35429,-3.68308,197.879,1,2,0,0.4
0.665,0.315,14.0389,6.25195,-3.45337,192.551,1,2,0,0.4
0.665,0.325,13.7715,6.13453,-3.22334,187.835,1,2,0,0.4
0.665,0.335,13.5169,6.00283,-2.99327,183.609,1,2,0,0.4
0.665,0.345,13.2664,5.85754,-2.76332,179.748,1,2,0,0.4
0.665,0.355,13.0115,5.69937,-2.53329,176.14,1,2,0,0.4
0.665,0.365,12.7446,5.52874,-2.3026,172.697,1,2,0,0.4
0.665,0.375,12.4592,5.34545,-2.0702,169.366,1,2,0,0.4
0.665,0.385,12.1501,5.14838,-1.83458,166.126,1,2,0,0.4
0.665,0.395,11.8141,4.93535,-1.59359,162.993,1,2,0,0.4
0.665,0.405,11.4488,4.70293,-1.34398,160.011,1,2,0,0.4
0.665,0.415,11.0539,4.44611,-1.08065,157.261,1,2,0,0.4
0.665,0.425,10.6116,4.16847,-0.799708,154.462,1,2,0,0.4
0.665,0.435,10.1167,3.86475,-0.496425,151.615,1,2,0,0.4
0.665,0.445,9.56118,3.51566,-0.16203,148.946,1,2,0,0.4
0.665,0.455,8.91044,3.11458,0.208832,145.917,1,2,0,0.4
0.665,0.465,8.23968,2.67728,0.608789,142.366,1,2,0,0.4
0.665,0.475,7.63409,2.19878,1.01707,138.705,1,2,0,0.4
0.665,0.485,7.17541,1.69002,1.40255,135.268,1,2,0,0.4
0.665,0.495,6.91798,1.1679,1.72718,132.45,1,2,0,0.4
0.665,0.505,6.85312,0.607471,1.95859,130.675,1,2,0,0.4
0.665,0.515,6.92243,-0.105121,2.09239,130.878,1,2,0,0.4
0.665,0.525,7.02496,-1.32207,2.19606,134.333,1,2,0,0.4
0.665,0.535,7.38132,-3.65062,2.44126,144.867,1,2,0,0.4
0.665,0.545,9.27318,-7.30423,2.99141,164.528,1,2,0,0.4
0.665,0.555,14.9506,-11.04,3.4342,168.743,1,2,0,0.4
0.665,0.565,26.7681,-13.4133,3.21996,132.304,1,2,0,0.4
0.665,0.575,45.7233,-14.4404,2.77156,81.9713,1,2,0,0.4
0.665,0.585,72.9129,-14.7822,2.55147,56.2407,1,2,0,0.4
0.665,0.595,111.695,-14.8899,2.53512,54.856,1,2,0,0.4
0.665,0.605,164.426,-14.9328,2.58656,64.5381,1,2,0,0.4
0.665,0.615,230.959,-14.9555,2.64732,79.0589,1,2,0,0.4
0.665,0.625,309.228,-14.9695,2.70379,96.2643,1,2,0,0.4
0.665,0.635,395.731,-14.9788,2.75393,115.022,1,2,0,0.4
0.665,0.645,486.013,-14.9852,2.79791,134.371,1,2,0,0.4
0.665,0.655,575.352,-14.9897,2.83623,153.417,1,2,0,0.4
0.665,0.665,659.459,-14.9929,2.86934,171.381,1,2,0,0.4
0.665,0.675,735.017,-14.9952,2.89761,187.666,1,2,0,0.4
0.665,0.685,799.966,-14.9968,2.92139,201.886,1,2,0,0.4
0.665,0.695,853.508,-14.9979,2.94102,213.867,1,2,0,0.4
0.665,0.705,895.922,-14.9987,2.95684,223.617,1,2,0,0.4
0.665,0.715,928.26,-14.9992,2.96927,231.285,1,2,0,0.4
0.665,0.725,952.023,-14.9995,2.97874,237.114,1,2,0,0.4
0.665,0.735,968.869,-14.9997,2.98574,241.394,1,2,0,0.4
0.665,0.745,980.4,-14.9998,2.99073,244.429,1,2,0,0.4
0.665,0.755,988.027,-14.9999,2.99416,246.506,1,2,0,0.4
0.665,0.765,992.902,-15,2.99644,247.878,1,2,0,0.4
0.665,0.775,995.916,-15,2.9979,248.753,1,2,0,0.4
0.665,0.785,997.72,-15,2.9988,249.29,1,2,0,0.4
0.665,0.795,998.764,-15,2.99934,249.608,1,2,0,0.4
0.665,0.805,999.349,-15,2.99965,249.791,1,2,0,0.4
0.665,0.815,999.667,-15,2.99982,249.892,1,2,0,0.4
0.665,0.825,999.835,-15,2.99991,249.946,1,2,0,0.4
0.665,0.835,999.92,-15,2.99996,249.973,1,2,0,0.4
0.665,0.845,999.963,-15,2.99998,249.987,1,2,0,0.4
0.665,0.855,999.983,-15,2.99999,249.994,1,2,0,0.4
0.665,0.865,999.992,-15,3,249.997,1,2,0,0.4
0.665,0.875,999.997,-15,3,249.999,1,2,0,0.4
0.665,0.885,999.999,-15,3,250,1,2,0,0.4
0.665,0.895,999.999,-15,3,250,1,2,0,0.4
0.665,0.905,1000,-15,3,250,1,2,0,0.4
0.665,0.915,1000,-15,3,250,1,2,0,0.4
0.665,0.925,1000,-15,3,250,1,2,0,0.4
0.665,0.935,1000,-15,3,250,1,2,0,0.4
0.665,0.945,1000,-15,3,250,1,2,0,0.4
0.665,0.955,1000,-15,3,250,1,2,0,0.4
0.665,0.965,1000,-15,3,250,1,2,0,0.4
0.665,0.975,1000,-15,3,250,1,2,0,0.4
0.665,0.985,1000,-15,3,250,1,2,0,0.4
0.665,0.995,1000,-15,3,250,1,2,0,0.4
0.675,0.005,16.8105,5.77008,-6.71034,585.295,1,2,0,0.4
0.675,0.015,17.0341,5.82969,-6.81754,559.716,1,2,0,0.4
0.675,0.025,17.3851,5.87118,-6.87908,539.915,1,2,0,0.4
0.675,0.035,17.8665,5.88301,-6.89722,525.881,1,2,0,0.4
0.675,0.045,18.3779,5.88239,-6.90601,513.196,1,2,0,0.4
0.675,0.055,18.8731,5.87937,-6.91208,500.498,1,2,0,0.4
0.675,0.065,19.3304,5.87822,-6.91292,487.62,1,2,0,0.4
0.675,0.075,19.7343,5.88141,-6.90489,474.583,1,2,0,0.4
0.675,0.085,20.0708,5.89067,-6.88504,461.398,1,2,0,0.4
0.675,0.095,20.3305,5.90655,-6.85143,448.096,1,2,0,0.4
0.675,0.105,20.5077,5.92882,-6.80293,434.717,1,2,0,0.4
0.675,0.115,20.6003,5.95675,-6.73906,421.3,1,2,0,0.4
0.675,0.125,20.61,5.98929,-6.65991,407.884,1,2,0,0.4
0.675,0.135,20.541,6.02524,-6.56598,394.503,1,2,0,0.4
0.675,0.145,20.3997,6.06332,-6.45803,381.196,1,2,0,0.4
0.675,0.155,20.1939,6.10226,-6.33694,367.999,1,2,0,0.4
0.675,0.165,19.9322,6.14082,-6.20365,354.951,1,2,0,0.4
0.675,0.175,19.6232,6.1778,-6.05909,342.09,1,2,0,0.4
0.675,0.185,19.2756,6.21207,-5.90419,329.455,1,2,0,0.4
0.675,0.195,18.8974,6.24252,-5.73979,317.088,1,2,0,0.4
0.675,0.205,18.4964,6.26805,-5.56671,305.033,1,2,0,0.4
0.675,0.215,18.0797,6.2875,-5.38568,293.336,1,2,0,0.4
0.675,0.225,17.6537,6.2997,-5.19742,282.048,1,2,0,0.4
0.675,0.235,17.2247,6.30342,-5.00252,271.222,1,2,0,0.4
0.675,0.245,16.7989,6.29743,-4.80126,260.93,1,2,0,0.4
0.675,0.255,16.3795,6.28079,-4.59454,251.183,1,2,0,0.4
0.675,0.265,15.9701,6.25257,-4.38296,242.011,1,2,0,0.4
0.675,0.275,15.5727,6.21183,-4.16735,233.427,1,2,0,0.4
0.675,0.285,15.1892,6.15808,-3.94827,225.439,1,2,0,0.4
0.675,0.295,14.82,6.09107,-3.72627,218.045,1,2,0,0.4
0.675,0.305,14.4642,6.01086,-3.50195,211.217,1,2,0,0.4
0.675,0.315,14.12,5.91791,-3.27569,204.919,1,2,0,0.4
0.675,0.325,13.7843,5.81264,-3.04762,199.104,1,2,0,0.4
0.675,0.335,13.4529,5.69508,-2.81775,193.709,1,2,0,0.4
0.675,0.345,13.1207,5.56486,-2.58603,188.673,1,2,0,0.4
0.675,0.355,12.7832,5.42138,-2.35216,183.946,1,2,0,0.4
0.675,0.365,12.4362,5.26375,-2.11554,179.499,1,2,0,0.4
0.675,0.375,12.076,5.09055,-1.87506,175.316,1,2,0,0.4
0.675,0.385,11.6998,4.89967,-1.62897,171.403,1,2,0,0.4
0.675,0.395,11.306,4.68801,-1.37429,167.788,1,2,0,0.4
0.675,0.405,10.8903,4.45364,-1.10768,164.438,1,2,0,0.4
0.675,0.415,10.4372,4.19963,-0.826547,161.08,1,2,0,0.4
0.675,0.425,9.954,3.91686,-0.526606,157.911,1,2,0,0.4
0.675,0.435,9.43368,3.59344,-0.200457,154.991,1,2,0,0.4
0.675,0.445,8.85703,3.22228,0.157013,151.95,1,2,0,0.4
0.675,0.455,8.27585,2.8213,0.542404,148.54,1,2,0,0.4
0.675,0.465,7.75098,2.38988,0.94187,145.04,1,2,0,0.4
0.675,0.475,7.33893,1.93785,1.33218,141.644,1,2,0,0.4
0.675,0.485,7.08553,1.48109,1.68156,138.729,1,2,0,0.4
0.675,0.495,7.00779,1.03645,1.95902,136.731,1,2,0,0.4
0.675,0.505,7.0845,0.575321,2.14595,136.046,1,2,0,0.4
0.675,0.515,7.2494,-0.038625,2.24982,137.356,1,2,0,0.4
0.675,0.525,7.40342,-1.18303,2.34528,142.131,1,2,0,0.4
0.675,0.535,7.79244,-3.50836,2.61,154.741,1,2,0,0.4
0.675,0.545,9.74992,-7.27184,3.17119,174.641,1,2,0,0.4
0.675,0.555,15.4335,-11.1438,3.50959,170.297,1,2,0,0.4
0.675,0.565,26.9579,-13.5293,3.16861,123.055,1,2,0,0.4
0.675,0.575,45.3593,-14.4965,2.70238,72.5661,1,2,0,0.4
0.675,0.585,72.342,-14.7977,2.52026,52.1425,1,2,0,0.4
0.675,0.595,111.324,-14.8929,2.52695,53.6807,1,2,0,0.4
0.675,0.605,164.272,-14.9334,2.58492,64.2553,1,2,0,0.4
0.675,0.615,230.909,-14.9556,2.64703,78.9964,1,2,0,0.4
0.675,0.625,309.215,-14.9696,2.70374,96.2513,1,2,0,0.4
0.675,0.635,395.727,-14.9788,2.75392,115.019,1,2,0,0.4
0.675,0.645,486.012,-14.9852,2.79791,134.371,1,2,0,0.4
0.675,0.655,575.352,-14.9897,2.83623,153.417,1,2,0,0.4
0.675,0.665,659.459,-14.9929,2.86934,171.381,1,2,0,0.4
0.675,0.675,735.017,-14.9952,2.89761,187.666,1,2,0,0.4
0.675,0.685,799.966,-14.9968,2.92139,201.886,1,2,0,0.4
0.675,0.695,853.508,-14.9979,2.94102,213.867,1,2,0,0.4
0.675,0.705,895.922,-14.9987,2.95684,223.617,1,2,0,0.4
0.675,0.715,928.26,-14.9992,2.96927,231.285,1,2,0,0.4
0.675,0.725,952.023,-14.9995,2.97874,237.114,1,2,0,0.4
0.675,0.735,968.869,-14.9997,2.98574,241.394,1,2,0,0.4
0.675,0.745,980.4,-14.9998,2.99073,244.429,1,2,0,0.4
0.675,0.755,988.027,-14.9999,2.99416,246.506,1,2,0,0.4
0.675,0.765,992.902,-15,2.99644,247.878,1,2,0,0.4
0.675,0.775,995.916,-15,2.9979,248.753,1,2,0,0.4
0.675,0.785,997.72,-15,2.9988,249.29,1,2,0,0.4
0.675,0.795,998.764,-15,2.99934,249.608,1,2,0,0.4
0.675,0.805,999.349,-15,2.99965,249.791,1,2,0,0.4
0.675,0.815,999.667,-15,2.99982,249.892,1,2,0,0.4
0.675,0.825,999.835,-15,2.99991,249.946,1,2,0,0.4
0.675,0.835,999.92,-15,2.99996,249.973,1,2,0,0.4
0.675,0.845,999.963,-15,2.99998,249.987,1,2,0,0.4
0.675,0.855,999.983,-15,2.99999,249.994,1,2,0,0.4
0.675,0.865,999.992,-15,3,249.997,1,2,0,0.4
0.675,0.875,999.997,-15,3,249.999,1,2,0,0.4
0.675,0.885,999.999,-15,3,250,1,2,0,0.4
0.675,0.895,999.999,-15,3,250,1,2,0,0.4
0.675,0.905,1000,-15,3,250,1,2,0,0.4
0.675,0.915,1000,-15,3,250,1,2,0,0.4
0.675,0.925,1000,-15,3,250,1,2,0,0.4
0.675,0.935,1000,-15,3,250,1,2,0,0.4
0.675,0.945,1000,-15,3,250,1,2,0,0.4
0.675,0.955,1000,-15,3,250,1,2,0,0.4
0.675,0.965,1000,-15,3,250,1,2,0,0.4
0.675,0.975,1000,-15,3,250,1,2,0,0.4
0.675,0.985,1000,-15,3,250,1,2,0,0.4
0.675,0.995,1000,-15,3,250,1,2,0,0.4
0.685,0.005,15.8769,5.77895,-6.29834,584.27,1,2,0,0.4
0.685,0.015,15.9969,5.84816,-6.38711,560.124,1,2,0,0.4
0.685,0.025,16.1868,5.90241,-6.45833,538.398,1,2,0,0.4
0.685,0.035,16.524,5.92628,-6.47697,523.068,1,2,0,0.4
0.685,0.045,16.9307,5.93067,-6.47684,510.322,1,2,0,0.4
0.685,0.055,17.3501,5.92687,-6.47456,497.96,1,2,0,0.4
0.685,0.065,17.7569,5.92052,-6.47112,485.488,1,2,0,0.4
0.685,0.075,18.1355,5.91472,-6.46366,472.869,1,2,0,0.4
0.685,0.085,18.4738,5.91144,-6.44876,460.16,1,2,0,0.4
0.685,0.095,18.7603,5.91224,-6.42362,447.377,1,2,0,0.4
0.685,0.105,18.9865,5.91784,-6.38624,434.544,1,2,0,0.4
0.685,0.115,19.1466,5.9282,-6.33536,421.697,1,2,0,0.4
0.685,0.125,19.2382,5.9428,-6.27029,408.873,1,2,0,0.4
0.685,0.135,19.2612,5.96082,-6.19089,396.106,1,2,0,0.4
0.685,0.145,19.2181,5.98123,-6.09742,383.431,1,2,0,0.4
0.685,0.155,19.1131,6.0029,-5.9904,370.88,1,2,0,0.4
0.685,0.165,18.952,6.02465,-5.87053,358.489,1,2,0,0.4
0.685,0.175,18.741,6.04531,-5.7386,346.29,1,2,0,0.4
0.685,0.185,18.4872,6.06373,-5.59547,334.319,1,2,0,0.4
0.685,0.195,18.1973,6.07879,-5.44196,322.609,1,2,0,0.4
0.685,0.205,17.8782,6.08941,-5.27888,311.194,1,2,0,0.4
0.685,0.215,17.5361,6.09454,-5.10692,300.109,1,2,0,0.4
0.685,0.225,17.1772,6.09321,-4.92669,289.396,1,2,0,0.4
0.685,0.235,16.8056,6.08455,-4.73915,279.056,1,2,0,0.4
0.685,0.245,16.4262,6.0677,-4.54475,269.132,1,2,0,0.4
0.685,0.255,16.0424,6.04179,-4.34432,259.635,1,2,0,0.4
0.685,0.265,15.6575,6.00612,-4.13836,250.591,1,2,0,0.4
0.685,0.275,15.2735,5.95999,-3.92756,242.006,1,2,0,0.4
0.685,0.285,14.892,5.90296,-3.71246,233.886,1,2,0,0.4
0.685,0.295,14.5141,5.83478,-3.49349,226.235,1,2,0,0.4
0.685,0.305,14.1399,5.75528,-3.27106,219.044,1,2,0,0.4
0.685,0.315,13.7689,5.66449,-3.0454,212.3,1,2,0,0.4
0.685,0.325,13.3998,5.56239,-2.8165,205.983,1,2,0,0.4
0.685,0.335,13.0306,5.44861,-2.58419,200.066,1,2,0,0.4
0.685,0.345,12.6586,5.3223,-2.34818,194.518,1,2,0,0.4
0.685,0.355,12.2813,5.18229,-2.10801,189.32,1,2,0,0.4
0.685,0.365,11.8967,5.02699,-1.86287,184.463,1,2,0,0.4
0.685,0.375,11.5032,4.85434,-1.61132,179.953,1,2,0,0.4
0.685,0.385,11.0995,4.66202,-1.35143,175.8,1,2,0,0.4
0.685,0.395,10.6766,4.45129,-1.08172,171.835,1,2,0,0.4
0.685,0.405,10.2325,4.21958,-0.80007,168.035,1,2,0,0.4
0.685,0.415,9.77495,3.95858,-0.502796,164.587,1,2,0,0.4
0.685,0.425,9.29661,3.65926,-0.184158,161.456,1,2,0,0.4
0.685,0.435,8.79148,3.31825,0.160049,158.333,1,2,0,0.4
0.685,0.445,8.29409,2.94724,0.528705,155.027,1,2,0,0.4
0.685,0.455,7.84542,2.54868,0.913612,151.672,1,2,0,0.4
0.685,0.465,7.48526,2.13502,1.2988,148.336,1,2,0,0.4
0.685,0.475,7.24762,1.7214,1.65991,145.255,1,2,0,0.4
0.685,0.485,7.15268,1.32395,1.96873,142.853,1,2,0,0.4
0.685,0.495,7.20371,0.955085,2.20161,141.614,1,2,0,0.4
0.685,0.505,7.38284,0.580392,2.34875,141.949,1,2,0,0.4
0.685,0.515,7.62222,0.0481164,2.42556,144.416,1,2,0,0.4
0.685,0.525,7.81586,-1.04481,2.51583,150.667,1,2,0,0.4
0.685,0.535,8.2332,-3.39545,2.80238,165.477,1,2,0,0.4
0.685,0.545,10.2254,-7.30458,3.35755,183.837,1,2,0,0.4
0.685,0.555,15.8161,-11.3123,3.55413,167.637,1,2,0,0.4
0.685,0.565,26.9515,-13.6697,3.08634,110.565,1,2,0,0.4
0.685,0.575,44.866,-14.552,2.62818,63.2431,1,2,0,0.4
0.685,0.585,71.8021,-14.8106,2.49319,48.792,1,2,0,0.4
0.685,0.595,111.031,-14.8952,2.52085,52.8321,1,2,0,0.4
0.685,0.605,164.164,-14.9337,2.58382,64.0686,1,2,0,0.4
0.685,0.615,230.878,-14.9557,2.64685,78.9583,1,2,0,0.4
0.685,0.625,309.207,-14.9696,2.70371,96.2439,1,2,0,0.4
0.685,0.635,395.726,-14.9788,2.75392,115.018,1,2,0,0.4
0.685,0.645,486.012,-14.9852,2.79791,134.37,1,2,0,0.4
0.685,0.655,575.352,-14.9897,2.83623,153.417,1,2,0,0.4
0.685,0.665,659.459,-14.9929,2.86934,171.381,1,2,0,0.4
0.685,0.675,735.017,-14.9952,2.89761,187.666,1,2,0,0.4
0.685,0.685,799.966,-14.9968,2.92139,201.886,1,2,0,0.4
0.685,0.695,853.508,-14.9979,2.94102,213.867,1,2,0,0.4
0.685,0.705,895.922,-14.9987,2.95684,223.617,1,2,0,0.4
0.685,0.715,928.26,-14.9992,2.96927,231.285,1,2,0,0.4
0.685,0.725,952.023,-14.9995,2.97874,237.114,1,2,0,0.4
0.685,0.735,968.869,-14.9997,2.98574,241.394,1,2,0,0.4
0.685,0.745,980.4,-14.9998,2.99073,244.429,1,2,0,0.4
0.685,0.755,988.027,-14.9999,2.99416,246.506,1,2,0,0.4
0.685,0.765,992.902,-15,2.99644,247.878,1,2,0,0.4
0.685,0.775,995.916,-15,2.9979,248.753,1,2,0,0.4
0.685,0.785,997.72,-15,2.9988,249.29,1,2,0,0.4
0.685,0.795,998.764,-15,2.99934,249.608,1,2,0,0.4
0.685,0.805,999.349,-15,2.99965,249.791,1,2,0,0.4
0.685,0.815,999.667,-15,2.99982,249.892,1,2,0,0.4
0.685,0.825,999.835,-15,2.99991,249.946,1,2,0,0.4
0.685,0.835,999.92,-15,2.99996,249.973,1,2,0,0.4
0.685,0.845,999.963,-15,2.99998,249.987,1,2,0,0.4
0.685,0.855,999.983,-15,2.99999,249.994,1,2,0,0.4
0.685,0.865,999.992,-15,3,249.997,1,2,0,0.4
0.685,0.875,999.997,-15,3,249.999,1,2,0,0.4
0.685,0.885,999.999,-15,3,250,1,2,0,0.4
0.685,0.895,999.999,-15,3,250,1,2,0,0.4
0.685,0.905,1000,-15,3,250,1,2,0,0.4
0.685,0.915,1000,-15,3,250,1,2,0,0.4
0.685,0.925,1000,-15,3,250,1,2,0,0.4
0.685,0.935,1000,-15,3,250,1,2,0,0.4
0.685,0.945,1000,-15,3,250,1,2,0,0.4
0.685,0.955,1000,-15,3,250,1,2,0,0.4
0.685,0.965,1000,-15,3,250,1,2,0,0.4
0.685,0.975,1000,-15,3,250,1,2,0,0.4
0.685,0.985,1000,-15,3,250,1,2,0,0.4
0.685,0.995,1000,-15,3,250,1,2,0,0.4
0.695,0.005,15.1814,5.77662,-5.88049,582.837,1,2,0,0.4
0.695,0.015,15.1904,5.85803,-5.95588,560.014,1,2,0,0.4
0.695,0.025,15.2305,5.92111,-6.03304,537.153,1,2,0,0.4
0.695,0.035,15.4173,5.95599,-6.05308,520.591,1,2,0,0.4
0.695,0.045,15.6995,5.96864,-6.04317,507.584,1,2,0,0.4
0.695,0.055,16.018,5.96883,-6.02767,495.484,1,2,0,0.4
0.695,0.065,16.3436,5.96237,-6.01305,483.405,1,2,0,0.4
0.695,0.075,16.6608,5.9527,-5.99842,471.189,1,2,0,0.4
0.695,0.085,16.9579,5.94226,-5.98093,458.862,1,2,0,0.4
0.695,0.095,17.2251,5.93275,-5.95762,446.477,1,2,0,0.4
0.695,0.105,17.4535,5.92545,-5.92587,434.073,1,2,0,0.4
0.695,0.115,17.6355,5.92119,-5.88362,421.667,1,2,0,0.4
0.695,0.125,17.7659,5.92013,-5.82939,409.296,1,2,0,0.4
0.695,0.135,17.8418,5.92196,-5.76231,396.994,1,2,0,0.4
0.695,0.145,17.8623,5.92606,-5.68201,384.79,1,2,0,0.4
0.695,0.155,17.8282,5.9316,-5.58846,372.715,1,2,0,0.4
0.695,0.165,17.7421,5.93764,-5.48196,360.797,1,2,0,0.4
0.695,0.175,17.6078,5.94315,-5.36296,349.067,1,2,0,0.4
0.695,0.185,17.4297,5.94708,-5.23206,337.554,1,2,0,0.4
0.695,0.195,17.2128,5.9484,-5.08994,326.283,1,2,0,0.4
0.695,0.205,16.9622,5.94609,-4.93732,315.281,1,2,0,0.4
0.695,0.215,16.6832,5.9392,-4.77488,304.574,1,2,0,0.4
0.695,0.225,16.3805,5.92682,-4.60334,294.184,1,2,0,0.4
0.695,0.235,16.0584,5.90804,-4.42343,284.129,1,2,0,0.4
0.695,0.245,15.721,5.88211,-4.23575,274.432,1,2,0,0.4
0.695,0.255,15.3717,5.84822,-4.04098,265.104,1,2,0,0.4
0.695,0.265,15.0135,5.80573,-3.83968,256.161,1,2,0,0.4
0.695,0.275,14.6486,5.754,-3.6324,247.611,1,2,0,0.4
0.695,0.285,14.2789,5.69253,-3.41963,239.463,1,2,0,0.4
0.695,0.295,13.906,5.62097,-3.20173,231.722,1,2,0,0.4
0.695,0.305,13.5306,5.53901,-2.97899,224.389,1,2,0,0.4
0.695,0.315,13.1535,5.4464,-2.75151,217.463,1,2,0,0.4
0.695,0.325,12.7745,5.34286,-2.5192,210.938,1,2,0,0.4
0.695,0.335,12.3932,5.22779,-2.28175,204.802,1,2,0,0.4
0.695,0.345,12.0089,5.10015,-2.03868,199.047,1,2,0,0.4
0.695,0.355,11.6209,4.95846,-1.7893,193.669,1,2,0,0.4
0.695,0.365,11.2283,4.80135,-1.53288,188.658,1,2,0,0.4
0.695,0.375,10.8266,4.62897,-1.2689,183.916,1,2,0,0.4
0.695,0.385,10.4142,4.43989,-0.996651,179.419,1,2,0,0.4
0.695,0.395,9.99754,4.22839,-0.714722,175.314,1,2,0,0.4
0.695,0.405,9.57783,3.98974,-0.420582,171.626,1,2,0,0.4
0.695,0.415,9.1505,3.71501,-0.110681,168.322,1,2,0,0.4
0.695,0.425,8.71993,3.40619,0.21778,165.132,1,2,0,0.4
0.695,0.435,8.30705,3.06535,0.564929,161.978,1,2,0,0.4
0.695,0.445,7.9365,2.69586,0.927265,158.841,1,2,0,0.4
0.695,0.455,7.63399,2.30982,1.29547,155.66,1,2,0,0.4
0.695,0.465,7.424,1.92389,1.65324,152.518,1,2,0,0.4
0.695,0.475,7.32338,1.55481,1.97907,149.694,1,2,0,0.4
0.695,0.485,7.34118,1.21639,2.24991,147.674,1,2,0,0.4
0.695,0.495,7.48108,0.916082,2.44655,147.02,1,2,0,0.4
0.695,0.505,7.73322,0.614055,2.56248,148.229,1,2,0,0.4
0.695,0.515,8.03074,0.145923,2.61997,151.847,1,2,0,0.4
0.695,0.525,8.24963,-0.919092,2.70804,159.726,1,2,0,0.4
0.695,0.535,8.68569,-3.33042,3.0178,176.643,1,2,0,0.4
0.695,0.545,10.6509,-7.43095,3.53843,190.435,1,2,0,0.4
0.695,0.555,16.0303,-11.5591,3.55232,159.217,1,2,0,0.4
0.695,0.565,26.7296,-13.8297,2.97223,95.3826,1,2,0,0.4
0.695,0.575,44.2921,-14.6029,2.55433,54.732,1,2,0,0.4
0.695,0.585,71.3313,-14.8206,2.47148,46.2577,1,2,0,0.4
0.695,0.595,110.816,-14.8967,2.51665,52.2624,1,2,0,0.4
0.695,0.605,164.095,-14.9339,2.58314,63.9541,1,2,0,0.4
0.695,0.615,230.86,-14.9557,2.64674,78.9367,1,2,0,0.4
0.695,0.625,309.203,-14.9696,2.7037,96.24,1,2,0,0.4
0.695,0.635,395.725,-14.9788,2.75392,115.017,1,2,0,0.4
0.695,0.645,486.012,-14.9852,2.79791,134.37,1,2,0,0.4
0.695,0.655,575.352,-14.9897,2.83623,153.417,1,2,0,0.4
0.695,0.665,659.459,-14.9929,2.86934,171.381,1,2,0,0.4
0.695,0.675,735.017,-14.9952,2.89761,187.666,1,2,0,0.4
0.695,0.685,799.966,-14.9968,2.92139,201.886,1,2,0,0.4
0.695,0.695,853.508,-14.9979,2.94102,213.867,1,2,0,0.4
0.695,0.705,895.922,-14.9987,2.95684,223.617,1,2,0,0.4
0.695,0.715,928.26,-14.9992,2.96927,231.285,1,2,0,0.4
0.695,0.725,952.023,-14.9995,2.97874,237.114,1,2,0,0.4
0.695,0.735,968.869,-14.9997,2.98574,241.394,1,2,0,0.4
0.695,0.745,980.4,-14.9998,2.99073,244.429,1,2,0,0.4
0.695,0.755,988.027,-14.9999,2.99416,246.506,1,2,0,0.4
0.695,0.765,992.902,-15,2.99644,247.878,1,2,0,0.4
0.695,0.775,995.916,-15,2.9979,248.753,1,2,0,0.4
0.695,0.785,997.72,-15,2.9988,249.29,1,2,0,0.4
0.695,0.795,998.764,-15,2.99934,249.608,1,2,0,0.4
0.695,0.805,999.349,-15,2.99965,249.791,1,2,0,0.4
0.695,0.815,999.667,-15,2.99982,249.892,1,2,0,0.4
0.695,0.825,999.835,-15,2.99991,249.946,1,2,0,0.4
0.695,0.835,999.92,-15,2.99996,249.973,1,2,0,0.4
0.695,0.845,999.963,-15,2.99998,249.987,1,2,0,0.4
0.695,0.855,999.983,-15,2.99999,249.994,1,2,0,0.4
0.695,0.865,999.992,-15,3,249.997,1,2,0,0.4
0.695,0.875,999.997,-15,3,249.999,1,2,0,0.4
0.695,0.885,999.999,-15,3,250,1,2,0,0.4
0.695,0.895,999.999,-15,3,250,1,2,0,0.4
0.695,0.905,1000,-15,3,250,1,2,0,0.4
0.695,0.915,1000,-15,3,250,1,2,0,0.4
0.695,0.925,1000,-15,3,250,1,2,0,0.4
0.695,0.935,1000,-15,3,250,1,2,0,0.4
0.695,0.945,1000,-15,3,250,1,2,0,0.4
0.695,0.955,1000,-15,3,250,1,2,0,0.4
0.695,0.965,1000,-15,3,250,1,2,0,0.4
0.695,0.975,1000,-15,3,250,1,2,0,0.4
0.695,0.985,1000,-15,3,250,1,2,0,0.4
0.695,0.995,1000,-15,3,250,1,2,0,0.4
0.705,0.005,14.7116,5.76491,-5.45474,580.796,1,2,0,0.4
0.705,0.015,14.6112,5.86055,-5.52942,558.956,1,2,0,0.4
0.705,0.025,14.5176,5.92849,-5.6129,535.528,1,2,0,0.4
0.705,0.035,14.565,5.9709,-5.63423,518.133,1,2,0,0.4
0.705,0.045,14.7215,5.9919,-5.6145,504.925,1,2,0,0.4
0.705,0.055,14.9292,5.99862,-5.58351,493.058,1,2,0,0.4
0.705,0.065,15.1572,5.99599,-5.55299,481.347,1,2,0,0.4
0.705,0.075,15.3904,5.98709,-5.52467,469.517,1,2,0,0.4
0.705,0.085,15.6186,5.97426,-5.49694,457.564,1,2,0,0.4
0.705,0.095,15.8332,5.95944,-5.46732,445.535,1,2,0,0.4
0.705,0.105,16.0262,5.94412,-5.43326,433.478,1,2,0,0.4
0.705,0.115,16.1906,5.92938,-5.39244,421.437,1,2,0,0.4
0.705,0.125,16.3202,5.91594,-5.34283,409.441,1,2,0,0.4
0.705,0.135,16.4104,5.90414,-5.28292,397.515,1,2,0,0.4
0.705,0.145,16.458,5.89388,-5.21167,385.687,1,2,0,0.4
0.705,0.155,16.4615,5.88475,-5.12843,373.986,1,2,0,0.4
0.705,0.165,16.421,5.87614,-5.03294,362.437,1,2,0,0.4
0.705,0.175,16.3376,5.86728,-4.92521,351.066,1,2,0,0.4
0.705,0.185,16.2136,5.85733,-4.80546,339.898,1,2,0,0.4
0.705,0.195,16.0517,5.84537,-4.67407,328.955,1,2,0,0.4
0.705,0.205,15.8555,5.83051,-4.53153,318.26,1,2,0,0.4
0.705,0.215,15.6287,5.81186,-4.37838,307.834,1,2,0,0.4
0.705,0.225,15.3749,5.78852,-4.21522,297.694,1,2,0,0.4
0.705,0.235,15.0977,5.75966,-4.04262,287.858,1,2,0,0.4
0.705,0.245,14.8007,5.72451,-3.86117,278.342,1,2,0,0.4
0.705,0.255,14.4868,5.68231,-3.67142,269.158,1,2,0,0.4
0.705,0.265,14.1589,5.63237,-3.47389,260.32,1,2,0,0.4
0.705,0.275,13.8195,5.57405,-3.26903,251.837,1,2,0,0.4
0.705,0.285,13.4706,5.5068,-3.05724,243.717,1,2,0,0.4
0.705,0.295,13.1143,5.43013,-2.83882,235.97,1,2,0,0.4
0.705,0.305,12.7521,5.34361,-2.61393,228.602,1,2,0,0.4
0.705,0.315,12.3855,5.24682,-2.3826,221.617,1,2,0,0.4
0.705,0.325,12.0155,5.13929,-2.14465,215.021,1,2,0,0.4
0.705,0.335,11.6432,5.0204,-1.8998,208.811,1,2,0,0.4
0.705,0.345,11.2669,4.89017,-1.64784,202.933,1,2,0,0.4
0.705,0.355,10.8865,4.74797,-1.38869,197.363,1,2,0,0.4
0.705,0.365,10.5027,4.59238,-1.12228,192.108,1,2,0,0.4
0.705,0.375,10.1205,4.41983,-0.848509,187.268,1,2,0,0.4
0.705,0.385,9.74204,4.22737,-0.567069,182.882,1,2,0,0.4
0.705,0.395,9.36856,4.01043,-0.277216,178.972,1,2,0,0.4
0.705,0.405,8.99981,3.76273,0.0220193,175.484,1,2,0,0.4
0.705,0.415,8.64569,3.48735,0.331557,172.275,1,2,0,0.4
0.705,0.425,8.31798,3.17952,0.651919,169.34,1,2,0,0.4
0.705,0.435,8.02915,2.84138,0.982775,166.543,1,2,0,0.4
0.705,0.445,7.79328,2.48199,1.32065,163.711,1,2,0,0.4
0.705,0.455,7.62488,2.11666,1.65738,160.75,1,2,0,0.4
0.705,0.465,7.53552,1.76328,1.97996,157.747,1,2,0,0.4
0.705,0.475,7.53287,1.43778,2.27165,155.023,1,2,0,0.4
0.705,0.485,7.62447,1.15137,2.51341,153.137,1,2,0,0.4
0.705,0.495,7.82024,0.908464,2.68647,152.786,1,2,0,0.4
0.705,0.505,8.11985,0.664712,2.78246,154.645,1,2,0,0.4
0.705,0.515,8.45537,0.242765,2.82773,159.342,1,2,0,0.4
0.705,0.525,8.68207,-0.821091,2.92102,168.919,1,2,0,0.4
0.705,0.535,9.11676,-3.33918,3.25281,187.347,1,2,0,0.4
0.705,0.545,10.9483,-7.68861,3.69367,191.855,1,2,0,0.4
0.705,0.555,16.0072,-11.8936,3.4863,143.891,1,2,0,0.4
0.705,0.565,26.3055,-13.9991,2.83084,78.8095,1,2,0,0.4
0.705,0.575,43.7036,-14.6458,2.48725,47.6927,1,2,0,0.4
0.705,0.585,70.9573,-14.8275,2.4556,44.5068,1,2,0,0.4
0.705,0.595,110.673,-14.8977,2.51399,51.9114,1,2,0,0.4
0.705,0.605,164.054,-14.9341,2.58275,63.8897,1,2,0,0.4
0.705,0.615,230.85,-14.9557,2.64669,78.9255,1,2,0,0.4
0.705,0.625,309.201,-14.9696,2.70369,96.2381,1,2,0,0.4
0.705,0.635,395.724,-14.9788,2.75391,115.017,1,2,0,0.4
0.705,0.645,486.012,-14.9852,2.79791,134.37,1,2,0,0.4
0.705,0.655,575.352,-14.9897,2.83623,153.417,1,2,0,0.4
0.705,0.665,659.459,-14.9929,2.86934,171.381,1,2,0,0.4
0.705,0.675,735.017,-14.9952,2.89761,187.666,1,2,0,0.4
0.705,0.685,799.966,-14.9968,2.92139,201.886,1,2,0,0.4
0.705,0.695,853.508,-14.9979,2.94102,213.867,1,2,0,0.4
0.705,0.705,895.922,-14.9987,2.95684,223.617,1,2,0,0.4
0.705,0.715,928.26,-14.9992,2.96927,231.285,1,2,0,0.4
0.705,0.725,952.023,-14.9995,2.97874,237.114,1,2,0,0.4
0.705,0.735,968.869,-14.9997,2.98574,241.394,1,2,0,0.4
0.705,0.745,980.4,-14.9998,2.99073,244.429,1,2,0,0.4
0.705,0.755,988.027,-14.9999,2.99416,246.506,1,2,0,0.4
0.705,0.765,992.902,-15,2.99644,247.878,1,2,0,0.4
0.705,0.775,995.916,-15,2.9979,248.753,1,2,0,0.4
0.705,0.785,997.72,-15,2.9988,249.29,1,2,0,0.4
0.705,0.795,998.764,-15,2.99934,249.608,1,2,0,0.4
0.705,0.805,999.349,-15,2.99965,249.791,1,2,0,0.4
0.705,0.815,999.667,-15,2.99982,249.892,1,2,0,0.4
0.705,0.825,999.835,-15,2.99991,249.946,1,2,0,0.4
0.705,0.835,999.92,-15,2.99996,249.973,1,2,0,0.4
0.705,0.845,999.963,-15,2.99998,249.987,1,2,0,0.4
0.705,0.855,999.983,-15,2.99999,249.994,1,2,0,0.4
0.705,0.865,999.992,-15,3,249.997,1,2,0,0.4
0.705,0.875,999.997,-15,3,249.999,1,2,0,0.4
0.705,0.885,999.999,-15,3,250,1,2,0,0.4
0.705,0.895,999.999,-15,3,250,1,2,0,0.4
0.705,0.905,1000,-15,3,250,1,2,0,0.4
0.705,0.915,1000,-15,3,250,1,2,0,0.4
0.705,0.925,1000,-15,3,250,1,2,0,0.4
0.705,0.935,1000,-15,3,250,1,2,0,0.4
0.705,0.945,1000,-15,3,250,1,2,0,0.4
0.705,0.955,1000,-15,3,250,1,2,0,0.4
0.705,0.965,1000,-15,3,250,1,2,0,0.4
0.705,0.975,1000,-15,3,250,1,2,0,0.4
0.705,0.985,1000,-15,3,250,1,2,0,0.4
0.705,0.995,1000,-15,3,250,1,2,0,0.4
0.715,0.005,14.4148,5.73807,-5.0144,576.912,1,2,0,0.4
0.715,0.015,14.2232,5.85376,-5.11019,556.16,1,2,0,0.4
0.715,0.025,14.0221,5.92402,-5.20576,532.778,1,2,0,0.4
0.715,0.035,13.9554,5.97039,-5.22836,515.234,1,2,0,0.4
0.715,0.045,14.001,5.9983,-5.19912,502.154,1,2,0,0.4
0.715,0.055,14.1036,6.0122,-5.1522,490.632,1,2,0,0.4
0.715,0.065,14.2325,6.01545,-5.10356,479.332,1,2,0,0.4
0.715,0.075,14.3741,6.0104,-5.05743,467.905,1,2,0,0.4
0.715,0.085,14.5201,5.99903,-5.01367,456.329,1,2,0,0.4
0.715,0.095,14.6637,5.9831,-4.97071,444.651,1,2,0,0.4
0.715,0.105,14.7982,5.96414,-4.92653,432.925,1,2,0,0.4
0.715,0.115,14.9174,5.9434,-4.87903,421.196,1,2,0,0.4
0.715,0.125,15.0157,5.92184,-4.82616,409.507,1,2,0,0.4
0.715,0.135,15.0883,5.90007,-4.76609,397.891,1,2,0,0.4
0.715,0.145,15.1312,5.87842,-4.69732,386.375,1,2,0,0.4
0.715,0.155,15.1415,5.85696,-4.61867,374.984,1,2,0,0.4
0.715,0.165,15.1175,5.83548,-4.52936,363.737,1,2,0,0.4
0.715,0.175,15.0586,5.81355,-4.42888,352.66,1,2,0,0.4
0.715,0.185,14.9652,5.79057,-4.317,341.774,1,2,0,0.4
0.715,0.195,14.8384,5.76585,-4.1937,331.1,1,2,0,0.4
0.715,0.205,14.6799,5.73866,-4.05914,320.658,1,2,0,0.4
0.715,0.215,14.4921,5.70819,-3.91356,310.465,1,2,0,0.4
0.715,0.225,14.2775,5.67367,-3.75733,300.538,1,2,0,0.4
0.715,0.235,14.0387,5.63432,-3.59083,290.893,1,2,0,0.4
0.715,0.245,13.7785,5.58936,-3.41448,281.542,1,2,0,0.4
0.715,0.255,13.4996,5.53806,-3.2287,272.5,1,2,0,0.4
0.715,0.265,13.2044,5.47972,-3.03388,263.776,1,2,0,0.4
0.715,0.275,12.8955,5.41368,-2.83035,255.383,1,2,0,0.4
0.715,0.285,12.5751,5.3393,-2.61841,247.33,1,2,0,0.4
0.715,0.295,12.2455,5.25607,-2.39826,239.626,1,2,0,0.4
0.715,0.305,11.9081,5.16381,-2.17009,232.262,1,2,0,0.4
0.715,0.315,11.5645,5.06227,-1.93399,225.233,1,2,0,0.4
0.715,0.325,11.2161,4.95128,-1.69005,218.536,1,2,0,0.4
0.715,0.335,10.8645,4.83052,-1.43836,212.165,1,2,0,0.4
0.715,0.345,10.5132,4.69849,-1.17905,206.169,1,2,0,0.4
0.715,0.355,10.1647,4.55382,-0.912432,200.578,1,2,0,0.4
0.715,0.365,9.82184,4.39482,-0.639075,195.421,1,2,0,0.4
0.715,0.375,9.48722,4.21896,-0.359818,190.736,1,2,0,0.4
0.715,0.385,9.163,4.02173,-0.0758913,186.551,1,2,0,0.4
0.715,0.395,8.8567,3.80414,0.211162,182.835,1,2,0,0.4
0.715,0.405,8.57577,3.56113,0.500119,179.624,1,2,0,0.4
0.715,0.415,8.32875,3.28897,0.790729,176.911,1,2,0,0.4
0.715,0.425,8.12139,2.98677,1.08374,174.538,1,2,0,0.4
0.715,0.435,7.95918,2.65883,1.38003,172.26,1,2,0,0.4
0.715,0.445,7.84714,2.31624,1.67883,169.818,1,2,0,0.4
0.715,0.455,7.78935,1.97539,1.97598,167.064,1,2,0,0.4
0.715,0.465,7.78902,1.65359,2.26304,164.086,1,2,0,0.4
0.715,0.475,7.85049,1.36514,2.52741,161.245,1,2,0,0.4
0.715,0.485,7.98347,1.1196,2.75197,159.183,1,2,0,0.4
0.715,0.495,8.2054,0.920763,2.91543,158.761,1,2,0,0.4
0.715,0.505,8.5263,0.720509,3.00357,160.947,1,2,0,0.4
0.715,0.515,8.8732,0.325562,3.04479,166.546,1,2,0,0.4
0.715,0.525,9.07968,-0.770214,3.15247,177.67,1,2,0,0.4
0.715,0.535,9.46411,-3.46183,3.49741,195.77,1,2,0,0.4
0.715,0.545,11.0087,-8.12524,3.79082,184.684,1,2,0,0.4
0.715,0.555,15.702,-12.3129,3.3402,121.734,1,2,0,0.4
0.715,0.565,25.7367,-14.1615,2.67468,62.8312,1,2,0,0.4
0.715,0.575,43.1719,-14.6779,2.43286,42.5215,1,2,0,0.4
0.715,0.585,70.691,-14.832,2.44521,43.4188,1,2,0,0.4
0.715,0.595,110.586,-14.8982,2.51248,51.716,1,2,0,0.4
0.715,0.605,164.032,-14.9341,2.58255,63.8571,1,2,0,0.4
0.715,0.615,230.845,-14.9557,2.64666,78.9202,1,2,0,0.4
0.715,0.625,309.2,-14.9696,2.70369,96.2373,1,2,0,0.4
0.715,0.635,395.724,-14.9788,2.75391,115.016,1,2,0,0.4
0.715,0.645,486.012,-14.9852,2.79791,134.37,1,2,0,0.4
0.715,0.655,575.352,-14.9897,2.83623,153.417,1,2,0,0.4
0.715,0.665,659.459,-14.9929,2.86934,171.381,1,2,0,0.4
0.715,0.675,735.017,-14.9952,2.89761,187.666,1,2,0,0.4
0.715,0.685,799.966,-14.9968,2.92139,201.886,1,2,0,0.4
0.715,0.695,853.508,-14.9979,2.94102,213.867,1,2,0,0.4
0.715,0.705,895.922,-14.9987,2.95684,223.617,1,2,0,0.4
0.715,0.715,928.26,-14.9992,2.96927,231.285,1,2,0,0.4
0.715,0.725,952.023,-14.9995,2.97874,237.114,1,2,0,0.4
0.715,0.735,968.869,-14.9997,2.98574,241.394,1,2,0,0.4
0.715,0.745,980.4,-14.9998,2.99073,244.429,1,2,0,0.4
0.715,0.755,988.027,-14.9999,2.99416,246.506,1,2,0,0.4
0.715,0.765,992.902,-15,2.99644,247.878,1,2,0,0.4
0.715,0.775,995.916,-15,2.9979,248.753,1,2,0,0.4
0.715,0.785,997.72,-15,2.9988,249.29,1,2,0,0.4
0.715,0.795,998.764,-15,2.99934,249.608,1,2,0,0.4
0.715,0.805,999.349,-15,2.99965,249.791,1,2,0,0.4
0.715,0.815,999.667,-15,2.99982,249.892,1,2,0,0.4
0.715,0.825,999.835,-15,2.99991,249.946,1,2,0,0.4
0.715,0.835,999.92,-15,2.99996,249.973,1,2,0,0.4
0.715,0.845,999.963,-15,2.99998,249.987,1,2,0,0.4
0.715,0.855,999.983,-15,2.99999,249.994,1,2,0,0.4
0.715,0.865,999.992,-15,3,249.997,1,2,0,0.4
0.715,0.875,999.997,-15,3,249.999,1,2,0,0.4
0.715,0.885,999.999,-15,3,250,1,2,0,0.4
0.715,0.895,999.999,-15,3,250,1,2,0,0.4
0.715,0.905,1000,-15,3,250,1,2,0,0.4
0.715,0.915,1000,-15,3,250,1,2,0,0.4
0.715,0.925,1000,-15,3,250,1,2,0,0.4
0.715,0.935,1000,-15,3,250,1,2,0,0.4
0.715,0.945,1000,-15,3,250,1,2,0,0.4
0.715,0.955,1000,-15,3,250,1,2,0,0.4
0.715,0.965,1000,-15,3,250,1,2,0,0.4
0.715,0.975,1000,-15,3,250,1,2,0,0.4
0.715,0.985,1000,-15,3,250,1,2,0,0.4
0.715,0.995,1000,-15,3,250,1,2,0,0.4
0.725,0.005,14.1718,5.66778,-4.53448,566.795,1,2,0,0.4
0.725,0.015,13.9424,5.82446,-4.69275,549.166,1,2,0,0.4
0.725,0.025,13.6831,5.90115,-4.81386,527.413,1,2,0,0.4
0.725,0.035,13.5454,5.95203,-4.83956,511.035,1,2,0,0.4
0.725,0.045,13.5107,5.98659,-4.80219,498.82,1,2,0,0.4
0.725,0.055,13.5275,6.00778,-4.74105,487.981,1,2,0,0.4
0.725,0.065,13.569,6.01769,-4.67492,477.245,1,2,0,0.4
0.725,0.075,13.6245,6.01802,-4.60992,466.302,1,2,0,0.4
0.725,0.085,13.6885,6.0104,-4.54727,455.147,1,2,0,0.4
0.725,0.095,13.7562,5.99635,-4.48647,443.844,1,2,0,0.4
0.725,0.105,13.8228,5.97723,-4.42631,432.457,1,2,0,0.4
0.725,0.115,13.8833,5.95425,-4.36526,421.041,1,2,0,0.4
0.725,0.125,13.9331,5.92841,-4.3016,409.642,1,2,0,0.4
0.725,0.135,13.9678,5.90053,-4.23362,398.299,1,2,0,0.4
0.725,0.145,13.9835,5.87113,-4.15972,387.047,1,2,0,0.4
0.725,0.155,13.9773,5.84052,-4.07848,375.914,1,2,0,0.4
0.725,0.165,13.9466,5.80878,-3.98873,364.927,1,2,0,0.4
0.725,0.175,13.8899,5.77583,-3.88957,354.104,1,2,0,0.4
0.725,0.185,13.8063,5.74139,-3.78033,343.465,1,2,0,0.4
0.725,0.195,13.6957,5.70504,-3.66059,333.026,1,2,0,0.4
0.725,0.205,13.5585,5.66625,-3.53012,322.805,1,2,0,0.4
0.725,0.215,13.3959,5.62442,-3.38883,312.819,1,2,0,0.4
0.725,0.225,13.2093,5.57887,-3.23678,303.081,1,2,0,0.4
0.725,0.235,13.0006,5.52894,-3.07409,293.607,1,2,0,0.4
0.725,0.245,12.7716,5.47395,-2.90097,284.407,1,2,0,0.4
0.725,0.255,12.5245,5.41324,-2.71764,275.491,1,2,0,0.4
0.725,0.265,12.2613,5.34619,-2.52435,266.867,1,2,0,0.4
0.725,0.275,11.9841,5.27222,-2.32134,258.541,1,2,0,0.4
0.725,0.285,11.6951,5.19085,-2.10884,250.517,1,2,0,0.4
0.725,0.295,11.3963,5.10164,-1.88709,242.801,1,2,0,0.4
0.725,0.305,11.0906,5.00399,-1.65633,235.412,1,2,0,0.4
0.725,0.315,10.7805,4.89742,-1.41679,228.365,1,2,0,0.4
0.725,0.325,10.4687,4.78146,-1.16881,221.676,1,2,0,0.4
0.725,0.335,10.1582,4.65553,-0.912793,215.362,1,2,0,0.4
0.725,0.345,9.85166,4.51888,-0.649428,209.444,1,2,0,0.4
0.725,0.355,9.55221,4.37016,-0.379766,203.953,1,2,0,0.4
0.725,0.365,9.26256,4.2069,-0.105615,198.919,1,2,0,0.4
0.725,0.375,8.98919,4.03058,0.170308,194.359,1,2,0,0.4
0.725,0.385,8.7395,3.83802,0.444691,190.367,1,2,0,0.4
0.725,0.395,8.52274,3.62577,0.714178,187.06,1,2,0,0.4
0.725,0.405,8.34507,3.38983,0.976433,184.449,1,2,0,0.4
0.725,0.415,8.21113,3.12702,1.23115,182.448,1,2,0,0.4
0.725,0.425,8.12227,2.83687,1.48091,180.819,1,2,0,0.4
0.725,0.435,8.0764,2.5244,1.73043,179.193,1,2,0,0.4
0.725,0.445,8.06925,2.20145,1.98387,177.188,1,2,0,0.4
0.725,0.455,8.09683,1.88436,2.24161,174.598,1,2,0,0.4
0.725,0.465,8.15803,1.58922,2.49866,171.512,1,2,0,0.4
0.725,0.475,8.25663,1.32879,2.74457,168.337,1,2,0,0.4
0.725,0.485,8.40421,1.11189,2.96266,165.78,1,2,0,0.4
0.725,0.495,8.6237,0.943339,3.12848,164.854,1,2,0,0.4
0.725,0.505,8.93493,0.771114,3.22022,166.903,1,2,0,0.4
0.725,0.515,9.25655,0.380456,3.26725,173.018,1,2,0,0.4
0.725,0.525,9.39626,-0.792725,3.39712,185.08,1,2,0,0.4
0.725,0.535,9.61138,-3.76566,3.72752,198.305,1,2,0,0.4
0.725,0.545,10.7145,-8.79241,3.78213,165.576,1,2,0,0.4
0.725,0.555,15.1321,-12.7896,3.10941,95.044,1,2,0,0.4
0.725,0.565,25.1201,-14.2979,2.52472,49.5883,1,2,0,0.4
0.725,0.575,42.7549,-14.6989,2.39462,39.2231,1,2,0,0.4
0.725,0.585,70.5251,-14.8344,2.43926,42.8223,1,2,0,0.4
0.725,0.595,110.54,-14.8985,2.51172,51.6198,1,2,0,0.4
0.725,0.605,164.022,-14.9341,2.58246,63.8424,1,2,0,0.4
0.725,0.615,230.843,-14.9557,2.64665,78.9181,1,2,0,0.4
0.725,0.625,309.199,-14.9696,2.70369,96.237,1,2,0,0.4
0.725,0.635,395.724,-14.9788,2.75391,115.016,1,2,0,0.4
0.725,0.645,486.012,-14.9852,2.79791,134.37,1,2,0,0.4
0.725,0.655,575.352,-14.9897,2.83623,153.417,1,2,0,0.4
0.725,0.665,659.459,-14.9929,2.86934,171.381,1,2,0,0.4
0.725,0.675,735.017,-14.9952,2.89761,187.666,1,2,0,0.4
0.725,0.685,799.966,-14.9968,2.92139,201.886,1,2,0,0.4
0.725,0.695,853.508,-14.9979,2.94102,213.867,1,2,0,0.4
0.725,0.705,895.922,-14.9987,2.95684,223.617,1,2,0,0.4
0.725,0.715,928.26,-14.9992,2.96927,231.285,1,2,0,0.4
0.725,0.725,952.023,-14.9995,2.97874,237.114,1,2,0,0.4
0.725,0.735,968.869,-14.9997,2.98574,241.394,1,2,0,0.4
0.725,0.745,980.4,-14.9998,2.99073,244.429,1,2,0,0.4
0.725,0.755,988.027,-14.9999,2.99416,246.506,1,2,0,0.4
0.725,0.765,992.902,-15,2.99644,247.878,1,2,0,0.4
0.725,0.775,995.916,-15,2.9979,248.753,1,2,0,0.4
0.725,0.785,997.72,-15,2.9988,249.29,1,2,0,0.4
0.725,0.795,998.764,-15,2.99934,249.608,1,2,0,0.4
0.725,0.805,999.349,-15,2.99965,249.791,1,2,0,0.4
0.725,0.815,999.667,-15,2.99982,249.892,1,2,0,0.4
0.725,0.825,999.835,-15,2.99991,249.946,1,2,0,0.4
0.725,0.835,999.92,-15,2.99996,249.973,1,2,0,0.4
0.725,0.845,999.963,-15,2.99998,249.987,1,2,0,0.4
0.725,0.855,999.983,-15,2.99999,249.994,1,2,0,0.4
0.725,0.865,999.992,-15,3,249.997,1,2,0,0.4
0.725,0.875,999.997,-15,3,249.999,1,2,0,0.4
0.725,0.885,999.999,-15,3,250,1,2,0,0.4
0.725,0.895,999.999,-15,3,250,1,2,0,0.4
0.725,0.905,1000,-15,3,250,1,2,0,0.4
0.725,0.915,1000,-15,3,250,1,2,0,0.4
0.725,0.925,1000,-15,3,250,1,2,0,0.4
0.725,0.935,1000,-15,3,250,1,2,0,0.4
0.725,0.945,1000,-15,3,250,1,2,0,0.4
0.725,0.955,1000,-15,3,250,1,2,0,0.4
0.725,0.965,1000,-15,3,250,1,2,0,0.4
0.725,0.975,1000,-15,3,250,1,2,0,0.4
0.725,0.985,1000,-15,3,250,1,2,0,0.4
0.725,0.995,1000,-15,3,250,1,2,0,0.4
0.735,0.005,13.7112,5.45872,-3.94364,537.684,1,2,0,0.4
0.735,0.015,13.5949,5.72072,-4.24961,530.982,1,2,0,0.4
0.735,0.025,13.3898,5.83105,-4.42363,515.859,1,2,0,0.4
0.735,0.035,13.2593,5.90176,-4.46069,503.711,1,2,0,0.4
0.735,0.045,13.1946,5.95053,-4.42108,493.947,1,2,0,0.4
0.735,0.055,13.1588,5.98244,-4.35113,484.556,1,2,0,0.4
0.735,0.065,13.1359,6.00065,-4.2717,474.772,1,2,0,0.4
0.735,0.075,13.1217,6.00751,-4.19034,464.523,1,2,0,0.4
0.735,0.085,13.1148,6.00494,-4.10955,453.914,1,2,0,0.4
0.735,0.095,13.1131,5.99451,-4.02994,443.064,1,2,0,0.4
0.735,0.105,13.1139,5.97746,-3.95124,432.066,1,2,0,0.4
0.735,0.115,13.1142,5.95489,-3.87265,420.993,1,2,0,0.4
0.735,0.125,13.1103,5.92778,-3.79306,409.901,1,2,0,0.4
0.735,0.135,13.0988,5.89695,-3.71116,398.839,1,2,0,0.4
0.735,0.145,13.0765,5.86305,-3.62557,387.843,1,2,0,0.4
0.735,0.155,13.0405,5.82651,-3.53493,376.949,1,2,0,0.4
0.735,0.165,12.9884,5.78765,-3.43799,366.185,1,2,0,0.4
0.735,0.175,12.9184,5.74655,-3.33365,355.573,1,2,0,0.4
0.735,0.185,12.829,5.70319,-3.22101,345.135,1,2,0,0.4
0.735,0.195,12.7195,5.65737,-3.09933,334.889,1,2,0,0.4
0.735,0.205,12.5896,5.60877,-2.96808,324.85,1,2,0,0.4
0.735,0.215,12.4398,5.55699,-2.82686,315.035,1,2,0,0.4
0.735,0.225,12.2705,5.50156,-2.67544,305.455,1,2,0,0.4
0.735,0.235,12.083,5.44193,-2.51369,296.123,1,2,0,0.4
0.735,0.245,11.8785,5.37756,-2.3416,287.051,1,2,0,0.4
0.735,0.255,11.6587,5.30786,-2.15921,278.248,1,2,0,0.4
0.735,0.265,11.4252,5.23224,-1.96663,269.723,1,2,0,0.4
0.735,0.275,11.1802,5.15013,-1.76399,261.488,1,2,0,0.4
0.735,0.285,10.9258,5.061,-1.55151,253.551,1,2,0,0.4
0.735,0.295,10.6643,4.96434,-1.32942,245.924,1,2,0,0.4
0.735,0.305,10.3984,4.85973,-1.09806,238.62,1,2,0,0.4
0.735,0.315,10.1308,4.74672,-0.857865,231.654,1,2,0,0.4
0.735,0.325,9.8644,4.62491,-0.60946,225.043,1,2,0,0.4
0.735,0.335,9.60199,4.49359,-0.353726,218.808,1,2,0,0.4
0.735,0.345,9.34606,4.35152,-0.0921702,212.96,1,2,0,0.4
0.735,0.355,9.10145,4.20094,0.172894,207.511,1,2,0,0.4
0.735,0.365,8.87432,4.04,0.438313,202.549,1,2,0,0.4
0.735,0.375,8.67324,3.86747,0.700008,198.21,1,2,0,0.4
0.735,0.385,8.50568,3.68109,0.953231,194.601,1,2,0,0.4
0.735,0.395,8.37997,3.47796,1.19313,191.836,1,2,0,0.4
0.735,0.405,8.30248,3.25408,1.41658,189.953,1,2,0,0.4
0.735,0.415,8.27549,3.00557,1.62442,188.829,1,2,0,0.4
0.735,0.425,8.29481,2.7313,1.82298,188.108,1,2,0,0.4
0.735,0.435,8.34987,2.43613,2.02261,187.246,1,2,0,0.4
0.735,0.445,8.42751,2.13204,2.23288,185.706,1,2,0,0.4
0.735,0.455,8.51816,1.83508,2.45746,183.222,1,2,0,0.4
0.735,0.465,8.61924,1.5603,2.6924,179.911,1,2,0,0.4
0.735,0.475,8.73437,1.31922,2.92729,176.22,1,2,0,0.4
0.735,0.485,8.87413,1.11994,3.14533,172.886,1,2,0,0.4
0.735,0.495,9.06233,0.968548,3.32026,170.992,1,2,0,0.4
0.735,0.505,9.32473,0.806926,3.42356,172.268,1,2,0,0.4
0.735,0.515,9.56462,0.389443,3.48573,178.121,1,2,0,0.4
0.735,0.525,9.55441,-0.93224,3.63702,189.373,1,2,0,0.4
0.735,0.535,9.32942,-4.38169,3.89054,187.864,1,2,0,0.4
0.735,0.545,10.0057,-9.72061,3.60789,133.641,1,2,0,0.4
0.735,0.555,14.403,-13.2601,2.81765,68.6186,1,2,0,0.4
0.735,0.565,24.5719,-14.3937,2.40441,40.5239,1,2,0,0.4
0.735,0.575,42.4789,-14.7105,2.37206,37.442,1,2,0,0.4
0.735,0.585,70.4372,-14.8356,2.43636,42.5411,1,2,0,0.4
0.735,0.595,110.519,-14.8986,2.5114,51.5791,1,2,0,0.4
0.735,0.605,164.017,-14.9342,2.58243,63.8368,1,2,0,0.4
0.735,0.615,230.842,-14.9557,2.64665,78.9174,1,2,0,0.4
0.735,0.625,309.199,-14.9696,2.70369,96.2369,1,2,0,0.4
0.735,0.635,395.724,-14.9788,2.75391,115.016,1,2,0,0.4
0.735,0.645,486.012,-14.9852,2.79791,134.37,1,2,0,0.4
0.735,0.655,575.352,-14.9897,2.83623,153.417,1,2,0,0.4
0.735,0.665,659.459,-14.9929,2.86934,171.381,1,2,0,0.4
0.735,0.675,735.017,-14.9952,2.89761,187.666,1,2,0,0.4
0.735,0.685,799.966,-14.9968,2.92139,201.886,1,2,0,0.4
0.735,0.695,853.508,-14.9979,2.94102,213.867,1,2,0,0.4
0.735,0.705,895.922,-14.9987,2.95684,223.617,1,2,0,0.4
0.735,0.715,928.26,-14.9992,2.96927,231.285,1,2,0,0.4
0.735,0.725,952.023,-14.9995,2.97874,237.114,1,2,0,0.4
0.735,0.735,968.869,-14.9997,2.98574,241.394,1,2,0,0.4
0.735,0.745,980.4,-14.9998,2.99073,244.429,1,2,0,0.4
0.735,0.755,988.027,-14.9999,2.99416,246.506,1,2,0,0.4
0.735,0.765,992.902,-15,2.99644,247.878,1,2,0,0.4
0.735,0.775,995.916,-15,2.9979,248.753,1,2,0,0.4
0.735,0.785,997.72,-15,2.9988,249.29,1,2,0,0.4
0.735,0.795,998.764,-15,2.99934,249.608,1,2,0,0.4
0.735,0.805,999.349,-15,2.99965,249.791,1,2,0,0.4
0.735,0.815,999.667,-15,2.99982,249.892,1,2,0,0.4
0.735,0.825,999.835,-15,2.99991,249.946,1,2,0,0.4
0.735,0.835,999.92,-15,2.99996,249.973,1,2,0,0.4
0.735,0.845,999.963,-15,2.99998,249.987,1,2,0,0.4
0.735,0.855,999.983,-15,2.99999,249.994,1,2,0,0.4
0.735,0.865,999.992,-15,3,249.997,1,2,0,0.4
0.735,0.875,999.997,-15,3,249.999,1,2,0,0.4
0.735,0.885,999.999,-15,3,250,1,2,0,0.4
0.735,0.895,999.999,-15,3,250,1,2,0,0.4
0.735,0.905,1000,-15,3,250,1,2,0,0.4
0.735,0.915,1000,-15,3,250,1,2,0,0.4
0.735,0.925,1000,-15,3,250,1,2,0,0.4
0.735,0.935,1000,-15,3,250,1,2,0,0.4
0.735,0.945,1000,-15,3,250,1,2,0,0.4
0.735,0.955,1000,-15,3,250,1,2,0,0.4
0.735,0.965,1000,-15,3,250,1,2,0,0.4
0.735,0.975,1000,-15,3,250,1,2,0,0.4
0.735,0.985,1000,-15,3,250,1,2,0,0.4
0.735,0.995,1000,-15,3,250,1,2,0,0.4
0.745,0.005,12.4486,4.83504,-3.05942,460.199,1,2,0,0.4
0.745,0.015,12.8077,5.38381,-3.68802,484.055,1,2,0,0.4
0.745,0.025,12.9196,5.62526,-3.97779,488.722,1,2,0,0.4
0.745,0.035,12.955,5.77277,-4.05782,488.219,1,2,0,0.4
0.745,0.045,12.9528,5.86592,-4.03676,484.717,1,2,0,0.4
0.745,0.055,12.9219,5.92385,-3.97231,478.741,1,2,0,0.4
0.745,0.065,12.8737,5.958,-3.88949,470.966,1,2,0,0.4
0.745,0.075,12.8181,5.97533,-3.79873,462,1,2,0,0.4
0.745,0.085,12.7612,5.98008,-3.70457,452.281,1,2,0,0.4
0.745,0.095,12.7057,5.97492,-3.6091,442.092,1,2,0,0.4
0.745,0.105,12.6522,5.96153,-3.51316,431.615,1,2,0,0.4
0.745,0.115,12.5997,5.94116,-3.41686,420.974,1,2,0,0.4
0.745,0.125,12.5463,5.91484,-3.31981,410.249,1,2,0,0.4
0.745,0.135,12.4899,5.88339,-3.22128,399.508,1,2,0,0.4
0.745,0.145,12.4281,5.8475,-3.12034,388.797,1,2,0,0.4
0.745,0.155,12.3587,5.80767,-3.01593,378.16,1,2,0,0.4
0.745,0.165,12.2797,5.76429,-2.90699,367.629,1,2,0,0.4
0.745,0.175,12.1894,5.71762,-2.79245,357.234,1,2,0,0.4
0.745,0.185,12.0864,5.66777,-2.67139,346.997,1,2,0,0.4
0.745,0.195,11.9697,5.61471,-2.54297,336.938,1,2,0,0.4
0.745,0.205,11.8388,5.55833,-2.40649,327.076,1,2,0,0.4
0.745,0.215,11.6936,5.49838,-2.2614,317.426,1,2,0,0.4
0.745,0.225,11.5344,5.43454,-2.10728,308.002,1,2,0,0.4
0.745,0.235,11.3617,5.36641,-1.94383,298.819,1,2,0,0.4
0.745,0.245,11.1765,5.29356,-1.77086,289.886,1,2,0,0.4
0.745,0.255,10.9802,5.21546,-1.58827,281.216,1,2,0,0.4
0.745,0.265,10.774,5.13166,-1.39603,272.818,1,2,0,0.4
0.745,0.275,10.5598,5.04162,-1.19422,264.703,1,2,0,0.4
0.745,0.285,10.3397,4.94494,-0.982998,256.879,1,2,0,0.4
0.745,0.295,10.1159,4.84116,-0.762662,249.358,1,2,0,0.4
0.745,0.305,9.89078,4.72994,-0.533677,242.151,1,2,0,0.4
0.745,0.315,9.66691,4.61057,-0.296707,235.275,1,2,0,0.4
0.745,0.325,9.44616,4.48248,-0.0528846,228.724,1,2,0,0.4
0.745,0.335,9.23176,4.34799,0.196146,222.506,1,2,0,0.4
0.745,0.345,9.02832,4.20574,0.448248,216.678,1,2,0,0.4
0.745,0.355,8.84213,4.05578,0.700551,211.332,1,2,0,0.4
0.745,0.365,8.67902,3.89757,0.949239,206.549,1,2,0,0.4
0.745,0.375,8.5468,3.73054,1.18923,202.466,1,2,0,0.4
0.745,0.385,8.45422,3.55309,1.41447,199.247,1,2,0,0.4
0.745,0.395,8.41047,3.36224,1.61892,197.06,1,2,0,0.4
0.745,0.405,8.42256,3.15341,1.79907,195.985,1,2,0,0.4
0.745,0.415,8.49087,2.92145,1.95753,195.867,1,2,0,0.4
0.745,0.425,8.6052,2.66383,2.10537,196.198,1,2,0,0.4
0.745,0.435,8.74544,2.38472,2.25936,196.195,1,2,0,0.4
0.745,0.445,8.8899,2.09628,2.43391,195.129,1,2,0,0.4
0.745,0.455,9.02549,1.81464,2.63388,192.684,1,2,0,0.4
0.745,0.465,9.14955,1.55428,2.85387,189.028,1,2,0,0.4
0.745,0.475,9.26398,1.32541,3.08165,184.653,1,2,0,0.4
0.745,0.485,9.3741,1.13449,3.30002,180.262,1,2,0,0.4
0.745,0.495,9.49809,0.987231,3.48301,176.862,1,2,0,0.4
0.745,0.505,9.658,0.813627,3.59848,176.452,1,2,0,0.4
0.745,0.515,9.72248,0.319288,3.67964,180.445,1,2,0,0.4
0.745,0.525,9.40032,-1.27926,3.8237,186.381,1,2,0,0.4
0.745,0.535,8.37957,-5.48252,3.88047,157.362,1,2,0,0.4
0.745,0.545,9.0017,-10.835,3.23461,94.5226,1,2,0,0.4
0.745,0.555,13.696,-13.6346,2.52889,48.2479,1,2,0,0.4
0.745,0.565,24.1816,-14.4473,2.32818,35.6225,1,2,0,0.4
0.745,0.575,42.3312,-14.7158,2.36134,36.6518,1,2,0,0.4
0.745,0.585,70.3993,-14.8361,2.4352,42.4311,1,2,0,0.4
0.745,0.595,110.512,-14.8986,2.51128,51.5648,1,2,0,0.4
0.745,0.605,164.016,-14.9342,2.58242,63.835,1,2,0,0.4
0.745,0.615,230.842,-14.9557,2.64665,78.9172,1,2,0,0.4
0.745,0.625,309.199,-14.9696,2.70369,96.2369,1,2,0,0.4
0.745,0.635,395.724,-14.9788,2.75391,115.016,1,2,0,0.4
0.745,0.645,486.012,-14.9852,2.79791,134.37,1,2,0,0.4
0.745,0.655,575.352,-14.9897,2.83623,153.417,1,2,0,0.4
0.745,0.665,659.459,-14.9929,2.86934,171.381,1,2,0,0.4
0.745,0.675,735.017,-14.9952,2.89761,187.666,1,2,0,0.4
0.745,0.685,799.966,-14.9968,2.92139,201.886,1,2,0,0.4
0.745,0.695,853.508,-14.9979,2.94102,213.867,1,2,0,0.4
0.745,0.705,895.922,-14.9987,2.95684,223.617,1,2,0,0.4
0.745,0.715,928.26,-14.9992,2.96927,231.285,1,2,0,0.4
0.745,0.725,952.023,-14.9995,2.97874,237.114,1,2,0,0.4
0.745,0.735,968.869,-14.9997,2.98574,241.394,1,2,0,0.4
0.745,0.745,980.4,-14.9998,2.99073,244.429,1,2,0,0.4
0.745,0.755,988.027,-14.9999,2.99416,246.506,1,2,0,0.4
0.745,0.765,992.902,-15,2.99644,247.878,1,2,0,0.4
0.745,0.775,995.916,-15,2.9979,248.753,1,2,0,0.4
0.745,0.785,997.72,-15,2.9988,249.29,1,2,0,0.4
0.745,0.795,998.764,-15,2.99934,249.608,1,2,0,0.4
0.745,0.805,999.349,-15,2.99965,249.791,1,2,0,0.4
0.745,0.815,999.667,-15,2.99982,249.892,1,2,0,0.4
0.745,0.825,999.835,-15,2.99991,249.946,1,2,0,0.4
0.745,0.835,999.92,-15,2.99996,249.973,1,2,0,0.4
0.745,0.845,999.963,-15,2.99998,249.987,1,2,0,0.4
0.745,0.855,999.983,-15,2.99999,249.994,1,2,0,0.4
0.745,0.865,999.992,-15,3,249.997,1,2,0,0.4
0.745,0.875,999.997,-15,3,249.999,1,2,0,0.4
0.745,0.885,999.999,-15,3,250,1,2,0,0.4
0.745,0.895,999.999,-15,3,250,1,2,0,0.4
0.745,0.905,1000,-15,3,250,1,2,0,0.4
0.745,0.915,1000,-15,3,250,1,2,0,0.4
0.745,0.925,1000,-15,3,250,1,2,0,0.4
0.745,0.935,1000,-15,3,250,1,2,0,0.4
0.745,0.945,1000,-15,3,250,1,2,0,0.4
0.745,0.955,1000,-15,3,250,1,2,0,0.4
0.745,0.965,1000,-15,3,250,1,2,0,0.4
0.745,0.975,1000,-15,3,250,1,2,0,0.4
0.745,0.985,1000,-15,3,250,1,2,0,0.4
0.745,0.995,1000,-15,3,250,1,2,0,0.4
0.755,0.005,9.55396,3.11963,-1.51321,297.508,1,2,0,0.4
0.755,0.015,10.9027,4.38134,-2.74227,376.211,1,2,0,0.4
0.755,0.025,11.8142,5.03698,-3.30472,424.468,1,2,0,0.4
0.755,0.035,12.3312,5.42669,-3.532,451.138,1,2,0,0.4
0.755,0.045,12.584,5.65461,-3.59276,463.023,1,2,0,0.4
0.755,0.055,12.6765,5.78773,-3.57132,465.7,1,2,0,0.4
0.755,0.065,12.679,5.86469,-3.50805,462.927,1,2,0,0.4
0.755,0.075,12.633,5.90732,-3.42276,456.973,1,2,0,0.4
0.755,0.085,12.5622,5.92777,-3.32551,449.155,1,2,0,0.4
0.755,0.095,12.4795,5.93278,-3.22161,440.232,1,2,0,0.4
0.755,0.105,12.3916,5.92615,-3.11384,430.651,1,2,0,0.4
0.755,0.115,12.3016,5.91024,-3.00359,420.678,1,2,0,0.4
0.755,0.125,12.2103,5.88665,-2.89144,410.478,1,2,0,0.4
0.755,0.135,12.1173,5.85646,-2.7774,400.167,1,2,0,0.4
0.755,0.145,12.0216,5.82055,-2.66115,389.819,1,2,0,0.4
0.755,0.155,11.9222,5.7795,-2.54211,379.496,1,2,0,0.4
0.755,0.165,11.8176,5.73379,-2.41955,369.242,1,2,0,0.4
0.755,0.175,11.7066,5.68373,-2.29268,359.095,1,2,0,0.4
0.755,0.185,11.5882,5.62961,-2.16071,349.084,1,2,0,0.4
0.755,0.195,11.4615,5.5715,-2.02293,339.233,1,2,0,0.4
0.755,0.205,11.326,5.50941,-1.87866,329.564,1,2,0,0.4
0.755,0.215,11.1814,5.44324,-1.72734,320.094,1,2,0,0.4
0.755,0.225,11.0279,5.37281,-1.56852,310.841,1,2,0,0.4
0.755,0.235,10.8659,5.29781,-1.40181,301.819,1,2,0,0.4
0.755,0.245,10.696,5.21797,-1.22696,293.041,1,2,0,0.4
0.755,0.255,10.5194,5.13277,-1.04376,284.52,1,2,0,0.4
0.755,0.265,10.3372,5.04193,-0.852077,276.264,1,2,0,0.4
0.755,0.275,10.1512,4.94503,-0.651933,268.282,1,2,0,0.4
0.755,0.285,9.96284,4.84177,-0.443515,260.58,1,2,0,0.4
0.755,0.295,9.77441,4.73137,-0.227221,253.17,1,2,0,0.4
0.755,0.305,9.58679,4.6139,-0.0038676,246.035,1,2,0,0.4
0.755,0.315,9.40219,4.49086,0.225411,239.188,1,2,0,0.4
0.755,0.325,9.22417,4.36108,0.459283,232.668,1,2,0,0.4
0.755,0.335,9.05681,4.22496,0.696039,226.527,1,2,0,0.4
0.755,0.345,8.90393,4.08259,0.933422,220.803,1,2,0,0.4
0.755,0.355,8.77062,3.93428,1.16834,215.571,1,2,0,0.4
0.755,0.365,8.66302,3.78016,1.39659,210.939,1,2,0,0.4
0.755,0.375,8.58905,3.62,1.61259,207.072,1,2,0,0.4
0.755,0.385,8.55866,3.45258,1.80934,204.196,1,2,0,0.4
0.755,0.395,8.58291,3.27491,1.97964,202.56,1,2,0,0.4
0.755,0.405,8.67054,3.08159,2.11928,202.317,1,2,0,0.4
0.755,0.415,8.82094,2.86575,2.23245,203.293,1,2,0,0.4
0.755,0.425,9.01727,2.62289,2.33531,204.79,1,2,0,0.4
0.755,0.435,9.2285,2.35637,2.45137,205.707,1,2,0,0.4
0.755,0.445,9.42432,2.07894,2.59896,205.074,1,2,0,0.4
0.755,0.455,9.58925,1.80735,2.782,202.533,1,2,0,0.4
0.755,0.465,9.71947,1.55566,2.99123,198.329,1,2,0,0.4
0.755,0.475,9.8116,1.33208,3.2108,192.978,1,2,0,0.4
0.755,0.485,9.86083,1.1392,3.42227,187.06,1,2,0,0.4
0.755,0.495,9.87183,0.978497,3.60138,181.285,1,2,0,0.4
0.755,0.505,9.84311,0.755533,3.71599,177.581,1,2,0,0.4
0.755,0.515,9.56419,0.090225,3.79553,176.219,1,2,0,0.4
0.755,0.525,8.58741,-2.05585,3.85557,165.967,1,2,0,0.4
0.755,0.535,6.94158,-7.09723,3.55049,111.928,1,2,0,0.4
0.755,0.545,7.99375,-11.8965,2.72658,59.6791,1,2,0,0.4
0.755,0.555,13.1789,-13.8546,2.32037,36.8458,1,2,0,0.4
0.755,0.565,23.9705,-14.4701,2.29247,33.6104,1,2,0,0.4
0.755,0.575,42.2709,-14.7177,2.35742,36.3757,1,2,0,0.4
0.755,0.585,70.3867,-14.8362,2.43483,42.3971,1,2,0,0.4
0.755,0.595,110.51,-14.8987,2.51125,51.5609,1,2,0,0.4
0.755,0.605,164.016,-14.9342,2.58242,63.8346,1,2,0,0.4
0.755,0.615,230.842,-14.9557,2.64665,78.9171,1,2,0,0.4
0.755,0.625,309.199,-14.9696,2.70369,96.2369,1,2,0,0.4
0.755,0.635,395.724,-14.9788,2.75391,115.016,1,2,0,0.4
0.755,0.645,486.012,-14.9852,2.79791,134.37,1,2,0,0.4
0.755,0.655,575.352,-14.9897,2.83623,153.417,1,2,0,0.4
0.755,0.665,659.459,-14.9929,2.86934,171.381,1,2,0,0.4
0.755,0.675,735.017,-14.9952,2.89761,187.666,1,2,0,0.4
0.755,0.685,799.966,-14.9968,2.92139,201.886,1,2,0,0.4
0.755,0.695,853.508,-14.9979,2.94102,213.867,1,2,0,0.4
0.755,0.705,895.922,-14.9987,2.95684,223.617,1,2,0,0.4
0.755,0.715,928.26,-14.9992,2.96927,231.285,1,2,0,0.4
0.755,0.725,952.023,-14.9995,2.97874,237.114,1,2,0,0.4
0.755,0.735,968.869,-14.9997,2.98574,241.394,1,2,0,0.4
0.755,0.745,980.4,-14.9998,2.99073,244.429,1,2,0,0.4
0.755,0.755,988.027,-14.9999,2.99416,246.506,1,2,0,0.4
0.755,0.765,992.902,-15,2.99644,247.878,1,2,0,0.4
0.755,0.775,995.916,-15,2.9979,248.753,1,2,0,0.4
0.755,0.785,997.72,-15,2.9988,249.29,1,2,0,0.4
0.755,0.795,998.764,-15,2.99934,249.608,1,2,0,0.4
0.755,0.805,999.349,-15,2.99965,249.791,1,2,0,0.4
0.755,0.815,999.667,-15,2.99982,249.892,1,2,0,0.4
0.755,0.825,999.835,-15,2.99991,249.946,1,2,0,0.4
0.755,0.835,999.92,-15,2.99996,249.973,1,2,0,0.4
0.755,0.845,999.963,-15,2.99998,249.987,1,2,0,0.4
0.755,0.855,999.983,-15,2.99999,249.994,1,2,0,0.4
0.755,0.865,999.992,-15,3,249.997,1,2,0,0.4
0.755,0.875,999.997,-15,3,249.999,1,2,0,0.4
0.755,0.885,999.999,-15,3,250,1,2,0,0.4
0.755,0.895,999.999,-15,3,250,1,2,0,0.4
0.755,0.905,1000,-15,3,250,1,2,0,0.4
0.755,0.915,1000,-15,3,250,1,2,0,0.4
0.755,0.925,1000,-15,3,250,1,2,0,0.4
0.755,0.935,1000,-15,3,250,1,2,0,0.4
0.755,0.945,1000,-15,3,250,1,2,0,0.4
0.755,0.955,1000,-15,3,250,1,2,0,0.4
0.755,0.965,1000,-15,3,250,1,2,0,0.4
0.755,0.975,1000,-15,3,250,1,2,0,0.4
0.755,0.985,1000,-15,3,250,1,2,0,0.4
0.755,0.995,1000,-15,3,250,1,2,0,0.4
0.765,0.005,5.47302,-0.598684,0.845771,100.158,1,2,0,0.4
0.765,0.015,7.42443,1.77289,-0.844533,194.174,1,2,0,0.4
0.765,0.025,9.3696,3.44815,-1.99329,291.428,1,2,0,0.4
0.765,0.035,10.7859,4.48748,-2.63523,364.26,1,2,0,0.4
0.765,0.045,11.6541,5.09177,-2.94208,408.884,1,2,0,0.4
0.765,0.055,12.1252,5.43895,-3.05925,432.451,1,2,0,0.4
0.765,0.065,12.3455,5.63915,-3.07197,442.457,1,2,0,0.4
0.765,0.075,12.4177,5.75409,-3.02678,444.268,1,2,0,0.4
0.765,0.085,12.4052,5.81777,-2.94867,441.248,1,2,0,0.4
0.765,0.095,12.345,5.84942,-2.85141,435.363,1,2,0,0.4
0.765,0.105,12.2583,5.85959,-2.7426,427.775,1,2,0,0.4
0.765,0.115,12.157,5.8545,-2.62648,419.167,1,2,0,0.4
0.765,0.125,12.0475,5.83795,-2.50544,409.942,1,2,0,0.4
0.765,0.135,11.9332,5.81215,-2.38066,400.361,1,2,0,0.4
0.765,0.145,11.8154,5.77873,-2.25266,390.584,1,2,0,0.4
0.765,0.155,11.6947,5.73867,-2.12152,380.722,1,2,0,0.4
0.765,0.165,11.5709,5.69276,-1.98707,370.851,1,2,0,0.4
0.765,0.175,11.4437,5.6414,-1.8489,361.033,1,2,0,0.4
0.765,0.185,11.3125,5.58511,-1.70654,351.307,1,2,0,0.4
0.765,0.195,11.177,5.52403,-1.55951,341.711,1,2,0,0.4
0.765,0.205,11.0368,5.45829,-1.40733,332.272,1,2,0,0.4
0.765,0.215,10.892,5.38796,-1.24957,323.014,1,2,0,0.4
0.765,0.225,10.7426,5.3129,-1.08586,313.957,1,2,0,0.4
0.765,0.235,10.5891,5.23289,-0.915825,305.122,1,2,0,0.4
0.765,0.245,10.4319,5.14778,-0.739194,296.52,1,2,0,0.4
0.765,0.255,10.2723,5.05702,-0.555665,288.167,1,2,0,0.4
0.765,0.265,10.1113,4.96059,-0.365064,280.065,1,2,0,0.4
0.765,0.275,9.95036,4.85767,-0.167475,272.22,1,2,0,0.4
0.765,0.285,9.78929,4.74909,0.0365951,264.611,1,2,0,0.4
0.765,0.295,9.62977,4.63527,0.246395,257.255,1,2,0,0.4
0.765,0.305,9.47444,4.51557,0.461109,250.185,1,2,0,0.4
0.765,0.315,9.32597,4.39001,0.679746,243.431,1,2,0,0.4
0.765,0.325,9.18697,4.25878,0.901005,237.012,1,2,0,0.4
0.765,0.335,9.06047,4.12221,1.12324,230.96,1,2,0,0.4
0.765,0.345,8.95002,3.98079,1.34426,225.323,1,2,0,0.4
0.765,0.355,8.86003,3.83501,1.56112,220.176,1,2,0,0.4
0.765,0.365,8.79643,3.68536,1.76968,215.642,1,2,0,0.4
0.765,0.375,8.76738,3.53194,1.96413,211.917,1,2,0,0.4
0.765,0.385,8.78412,3.37388,2.13672,209.291,1,2,0,0.4
0.765,0.395,8.86048,3.20818,2.27876,208.118,1,2,0,0.4
0.765,0.405,9.00841,3.02854,2.38458,208.664,1,2,0,0.4
0.765,0.415,9.2274,2.82597,2.45926,210.758,1,2,0,0.4
0.765,0.425,9.49316,2.59362,2.52422,213.459,1,2,0,0.4
0.765,0.435,9.76179,2.33413,2.61,215.251,1,2,0,0.4
0.765,0.445,9.99342,2.06135,2.73774,214.855,1,2,0,0.4
0.765,0.455,10.1683,1.79282,2.90793,211.867,1,2,0,0.4
0.765,0.465,10.2763,1.54136,3.10499,206.586,1,2,0,0.4
0.765,0.475,10.3027,1.31074,3.30726,199.485,1,2,0,0.4
0.765,0.485,10.2271,1.09529,3.49273,190.857,1,2,0,0.4
0.765,0.495,10.0303,0.884459,3.63747,180.769,1,2,0,0.4
0.765,0.505,9.64864,0.532637,3.70934,170.315,1,2,0,0.4
0.765,0.515,8.73122,-0.507846,3.69718,156.213,1,2,0,0.4
0.765,0.525,6.5916,-3.76725,3.55373,114.189,1,2,0,0.4
0.765,0.535,5.42738,-9.05583,2.83216,64.9,1,2,0,0.4
0.765,0.545,7.2924,-12.5813,2.28444,39.2306,1,2,0,0.4
0.765,0.555,12.9139,-13.9403,2.22296,32.6071,1,2,0,0.4
0.765,0.565,23.8917,-14.477,2.28105,33.0169,1,2,0,0.4
0.765,0.575,42.2537,-14.7182,2.3564,36.3051,1,2,0,0.4
0.765,0.585,70.3837,-14.8363,2.43475,42.3894,1,2,0,0.4
0.765,0.595,110.509,-14.8987,2.51124,51.5601,1,2,0,0.4
0.765,0.605,164.016,-14.9342,2.58242,63.8345,1,2,0,0.4
0.765,0.615,230.842,-14.9557,2.64665,78.9171,1,2,0,0.4
0.765,0.625,309.199,-14.9696,2.70369,96.2369,1,2,0,0.4
0.765,0.635,395.724,-14.9788,2.75391,115.016,1,2,0,0.4
0.765,0.645,486.012,-14.9852,2.79791,134.37,1,2,0,0.4
0.765,0.655,575.352,-14.9897,2.83623,153.417,1,2,0,0.4
0.765,0.665,659.459,-14.9929,2.86934,171.381,1,2,0,0.4
0.765,0.675,735.017,-14.9952,2.89761,187.666,1,2,0,0.4
0.765,0.685,799.966,-14.9968,2.92139,201.886,1,2,0,0.4
0.765,0.695,853.508,-14.9979,2.94102,213.867,1,2,0,0.4
0.765,0.705,895.922,-14.9987,2.95684,223.617,1,2,0,0.4
0.765,0.715,928.26,-14.9992,2.96927,231.285,1,2,0,0.4
0.765,0.725,952.023,-14.9995,2.97874,237.114,1,2,0,0.4
0.765,0.735,968.869,-14.9997,2.98574,241.394,1,2,0,0.4
0.765,0.745,980.4,-14.9998,2.99073,244.429,1,2,0,0.4
0.765,0.755,988.027,-14.9999,2.99416,246.506,1,2,0,0.4
0.765,0.765,992.902,-15,2.99644,247.878,1,2,0,0.4
0.765,0.775,995.916,-15,2.9979,248.753,1,2,0,0.4
0.765,0.785,997.72,-15,2.9988,249.29,1,2,0,0.4
0.765,0.795,998.764,-15,2.99934,249.608,1,2,0,0.4
0.765,0.805,999.349,-15,2.99965,249.791,1,2,0,0.4
0.765,0.815,999.667,-15,2.99982,249.892,1,2,0,0.4
0.765,0.825,999.835,-15,2.99991,249.946,1,2,0,0.4
0.765,0.835,999.92,-15,2.99996,249.973,1,2,0,0.4
0.765,0.845,999.963,-15,2.99998,249.987,1,2,0,0.4
0.765,0.855,999.983,-15,2.99999,249.994,1,2,0,0.4
0.765,0.865,999.992,-15,3,249.997,1,2,0,0.4
0.765,0.875,999.997,-15,3,249.999,1,2,0,0.4
0.765,0.885,999.999,-15,3,250,1,2,0,0.4
0.765,0.895,999.999,-15,3,250,1,2,0,0.4
0.765,0.905,1000,-15,3,250,1,2,0,0.4
0.765,0.915,1000,-15,3,250,1,2,0,0.4
0.765,0.925,1000,-15,3,250,1,2,0,0.4
0.765,0.935,1000,-15,3,250,1,2,0,0.4
0.765,0.945,1000,-15,3,250,1,2,0,0.4
0.765,0.955,1000,-15,3,250,1,2,0,0.4
0.765,0.965,1000,-15,3,250,1,2,0,0.4
0.765,0.975,1000,-15,3,250,1,2,0,0.4
0.765,0.985,1000,-15,3,250,1,2,0,0.4
0.765,0.995,1000,-15,3,250,1,2,0,0.4
0.775,0.005,3.1333,-3.81791,1.96808,27.5686,1,2,0,0.4
0.775,0.015,3.98659,-2.52076,1.57637,48.4374,1,2,0,0.4
0.775,0.025,5.72046,-0.127994,0.403547,112.262,1,2,0,0.4
0.775,0.035,7.71186,2.10889,-0.888474,204.835,1,2,0,0.4
0.775,0.045,9.45047,3.60447,-1.74585,290.517,1,2,0,0.4
0.775,0.055,10.6765,4.51228,-2.21818,352.006,1,2,0,0.4
0.775,0.065,11.4357,5.05079,-2.44313,389.914,1,2,0,0.4
0.775,0.075,11.8593,5.36876,-2.52183,410.459,1,2,0,0.4
0.775,0.085,12.0649,5.5555,-2.51502,419.562,1,2,0,0.4
0.775,0.095,12.135,5.66323,-2.45791,421.459,1,2,0,0.4
0.775,0.105,12.1234,5.7211,-2.37046,418.923,1,2,0,0.4
0.775,0.115,12.0627,5.74654,-2.26414,413.656,1,2,0,0.4
0.775,0.125,11.9723,5.74993,-2.14568,406.701,1,2,0,0.4
0.775,0.135,11.8639,5.73729,-2.01896,398.707,1,2,0,0.4
0.775,0.145,11.7445,5.71255,-1.8862,390.079,1,2,0,0.4
0.775,0.155,11.6181,5.67809,-1.7486,381.079,1,2,0,0.4
0.775,0.165,11.4871,5.63558,-1.60682,371.876,1,2,0,0.4
0.775,0.175,11.3527,5.5859,-1.46106,362.592,1,2,0,0.4
0.775,0.185,11.2155,5.53007,-1.31133,353.306,1,2,0,0.4
0.775,0.195,11.0759,5.46844,-1.15753,344.079,1,2,0,0.4
0.775,0.205,10.9344,5.40132,-0.999456,334.96,1,2,0,0.4
0.775,0.215,10.791,5.32898,-0.836906,325.983,1,2,0,0.4
0.775,0.225,10.6463,5.25133,-0.669656,317.181,1,2,0,0.4
0.775,0.235,10.5011,5.16811,-0.497376,308.581,1,2,0,0.4
0.775,0.245,10.3559,5.07939,-0.319751,300.191,1,2,0,0.4
0.775,0.255,10.2123,4.98407,-0.136512,292.027,1,2,0,0.4
0.775,0.265,10.069,4.88375,0.0521742,284.058,1,2,0,0.4
0.775,0.275,9.92696,4.77842,0.245829,276.303,1,2,0,0.4
0.775,0.285,9.78818,4.66779,0.443976,268.8,1,2,0,0.4
0.775,0.295,9.65444,4.55163,0.646054,261.565,1,2,0,0.4
0.775,0.305,9.5275,4.43016,0.851294,254.615,1,2,0,0.4
0.775,0.315,9.40933,4.30346,1.05878,247.965,1,2,0,0.4
0.775,0.325,9.30217,4.17184,1.26735,241.638,1,2,0,0.4
0.775,0.335,9.2084,4.03573,1.47554,235.662,1,2,0,0.4
0.775,0.345,9.13092,3.8957,1.68144,230.083,1,2,0,0.4
0.775,0.355,9.07347,3.7524,1.88242,224.973,1,2,0,0.4
0.775,0.365,9.04147,3.6065,2.07458,220.463,1,2,0,0.4
0.775,0.375,9.04314,3.45836,2.25208,216.772,1,2,0,0.4
0.775,0.385,9.0911,3.30739,2.40639,214.251,1,2,0,0.4
0.775,0.395,9.20252,3.15052,2.52695,213.377,1,2,0,0.4
0.775,0.405,9.394,2.98044,2.60575,214.561,1,2,0,0.4
0.775,0.415,9.66625,2.78556,2.64799,217.656,1,2,0,0.4
0.775,0.425,9.98633,2.5562,2.68065,221.409,1,2,0,0.4
0.775,0.435,10.2945,2.29448,2.74117,223.745,1,2,0,0.4
0.775,0.445,10.5369,2.01554,2.85152,222.976,1,2,0,0.4
0.775,0.455,10.6813,1.7364,3.00529,218.59,1,2,0,0.4
0.775,0.465,10.6998,1.46515,3.17744,210.811,1,2,0,0.4
0.775,0.475,10.5576,1.19502,3.33708,199.854,1,2,0,0.4
0.775,0.485,10.2125,0.902253,3.45303,185.451,1,2,0,0.4
0.775,0.495,9.61098,0.548117,3.49365,166.682,1,2,0,0.4
0.775,0.505,8.59327,-0.121506,3.40658,143.041,1,2,0,0.4
0.775,0.515,6.71311,-1.97244,3.18484,107.41,1,2,0,0.4
0.775,0.525,4.44618,-6.21339,2.70911,59.4193,1,2,0,0.4
0.775,0.535,4.52846,-10.3761,2.12467,39.1823,1,2,0,0.4
0.775,0.545,6.99524,-12.8161,2.09007,32.7823,1,2,0,0.4
0.775,0.555,12.8321,-13.9609,2.1973,31.6318,1,2,0,0.4
0.775,0.565,23.8737,-14.4784,2.27872,32.8999,1,2,0,0.4
0.775,0.575,42.2505,-14.7182,2.35622,36.2929,1,2,0,0.4
0.775,0.585,70.3832,-14.8363,2.43474,42.3882,1,2,0,0.4
0.775,0.595,110.509,-14.8987,2.51124,51.56,1,2,0,0.4
0.775,0.605,164.016,-14.9342,2.58242,63.8345,1,2,0,0.4
0.775,0.615,230.842,-14.9557,2.64665,78.9171,1,2,0,0.4
0.775,0.625,309.199,-14.9696,2.70369,96.2369,1,2,0,0.4
0.775,0.635,395.724,-14.9788,2.75391,115.016,1,2,0,0.4
0.775,0.645,486.012,-14.9852,2.79791,134.37,1,2,0,0.4
0.775,0.655,575.352,-14.9897,2.83623,153.417,1,2,0,0.4
0.775,0.665,659.459,-14.9929,2.86934,171.381,1,2,0,0.4
0.775,0.675,735.017,-14.9952,2.89761,187.666,1,2,0,0.4
0.775,0.685,799.966,-14.9968,2.92139,201.886,1,2,0,0.4
0.775,0.695,853.508,-14.9979,2.94102,213.867,1,2,0,0.4
0.775,0.705,895.922,-14.9987,2.95684,223.617,1,2,0,0.4
0.775,0.715,928.26,-14.9992,2.96927,231.285,1,2,0,0.4
0.775,0.725,952.023,-14.9995,2.97874,237.114,1,2,0,0.4
0.775,0.735,968.869,-14.9997,2.98574,241.394,1,2,0,0.4
0.775,0.745,980.4,-14.9998,2.99073,244.429,1,2,0,0.4
0.775,0.755,988.027,-14.9999,2.99416,246.506,1,2,0,0.4
0.775,0.765,992.902,-15,2.99644,247.878,1,2,0,0.4
0.775,0.775,995.916,-15,2.9979,248.753,1,2,0,0.4
0.775,0.785,997.72,-15,2.9988,249.29,1,2,0,0.4
0.775,0.795,998.764,-15,2.99934,249.608,1,2,0,0.4
0.775,0.805,999.349,-15,2.99965,249.791,1,2,0,0.4
0.775,0.815,999.667,-15,2.99982,249.892,1,2,0,0.4
0.775,0.825,999.835,-15,2.99991,249.946,1,2,0,0.4
0.775,0.835,999.92,-15,2.99996,249.973,1,2,0,0.4
0.775,0.845,999.963,-15,2.99998,249.987,1,2,0,0.4
0.775,0.855,999.983,-15,2.99999,249.994,1,2,0,0.4
0.775,0.865,999.992,-15,3,249.997,1,2,0,0.4
0.775,0.875,999.997,-15,3,249.999,1,2,0,0.4
0.775,0.885,999.999,-15,3,250,1,2,0,0.4
0.775,0.895,999.999,-15,3,250,1,2,0,0.4
0.775,0.905,1000,-15,3,250,1,2,0,0.4
0.775,0.915,1000,-15,3,250,1,2,0,0.4
0.775,0.925,1000,-15,3,250,1,2,0,0.4
0.775,0.935,1000,-15,3,250,1,2,0,0.4
0.775,0.945,1000,-15,3,250,1,2,0,0.4
0.775,0.955,1000,-15,3,250,1,2,0,0.4
0.775,0.965,1000,-15,3,250,1,2,0,0.4
0.775,0.975,1000,-15,3,250,1,2,0,0.4
0.775,0.985,1000,-15,3,250,1,2,0,0.4
0.775,0.995,1000,-15,3,250,1,2,0,0.4
0.785,0.005,3.00002,-4,1.99997,25.4003,1,2,0,0.4
0.785,0.015,3.0042,-3.99759,1.9971,25.4531,1,2,0,0.4
0.785,0.025,3.22741,-3.67587,1.93974,29.3163,1,2,0,0.4
0.785,0.035,4.26078,-2.09143,1.45815,56.537,1,2,0,0.4
0.785,0.045,5.94879,0.217103,0.403106,120.677,1,2,0,0.4
0.785,0.055,7.73341,2.19032,-0.627201,202.269,1,2,0,0.4
0.785,0.065,9.2608,3.52388,-1.31124,275.556,1,2,0,0.4
0.785,0.075,10.3644,4.36326,-1.69707,329.242,1,2,0,0.4
0.785,0.085,11.0789,4.8816,-1.88321,363.804,1,2,0,0.4
0.785,0.095,11.5017,5.19923,-1.94512,383.728,1,2,0,0.4
0.785,0.105,11.7257,5.39092,-1.93038,393.523,1,2,0,0.4
0.785,0.115,11.8188,5.50326,-1.8681,396.603,1,2,0,0.4
0.785,0.125,11.8273,5.56411,-1.77587,395.323,1,2,0,0.4
0.785,0.135,11.7823,5.58976,-1.66411,391.251,1,2,0,0.4
0.785,0.145,11.703,5.59105,-1.5391,385.381,1,2,0,0.4
0.785,0.155,11.6019,5.57445,-1.40467,378.365,1,2,0,0.4
0.785,0.165,11.4865,5.5443,-1.26322,370.622,1,2,0,0.4
0.785,0.175,11.3624,5.50297,-1.11608,362.445,1,2,0,0.4
0.785,0.185,11.2324,5.45283,-0.964072,354.015,1,2,0,0.4
0.785,0.195,11.0986,5.39492,-0.80774,345.466,1,2,0,0.4
0.785,0.205,10.963,5.32993,-0.647306,336.9,1,2,0,0.4
0.785,0.215,10.8263,5.25856,-0.48286,328.384,1,2,0,0.4
0.785,0.225,10.6901,5.18079,-0.314344,319.973,1,2,0,0.4
0.785,0.235,10.5561,5.09595,-0.14144,311.712,1,2,0,0.4
0.785,0.245,10.4232,5.00539,0.035887,303.583,1,2,0,0.4
0.785,0.255,10.2919,4.90942,0.217358,295.601,1,2,0,0.4
0.785,0.265,10.1634,4.80824,0.402676,287.813,1,2,0,0.4
0.785,0.275,10.039,4.70156,0.591508,280.238,1,2,0,0.4
0.785,0.285,9.91996,4.58968,0.783391,272.897,1,2,0,0.4
0.785,0.295,9.80766,4.47253,0.977782,265.803,1,2,0,0.4
0.785,0.305,9.70356,4.35035,1.17398,258.972,1,2,0,0.4
0.785,0.315,9.6092,4.22331,1.37118,252.419,1,2,0,0.4
0.785,0.325,9.52623,4.09175,1.56837,246.162,1,2,0,0.4
0.785,0.335,9.4564,3.9561,1.76433,240.225,1,2,0,0.4
0.785,0.345,9.40182,3.81693,1.95744,234.644,1,2,0,0.4
0.785,0.355,9.36537,3.6749,2.14537,229.487,1,2,0,0.4
0.785,0.365,9.35165,3.5307,2.3245,224.876,1,2,0,0.4
0.785,0.375,9.36857,3.38478,2.48896,221.042,1,2,0,0.4
0.785,0.385,9.4297,3.23662,2.6294,218.384,1,2,0,0.4
0.785,0.395,9.5557,3.08287,2.73307,217.493,1,2,0,0.4
0.785,0.405,9.76875,2.91463,2.78888,218.947,1,2,0,0.4
0.785,0.415,10.0714,2.71676,2.80154,222.606,1,2,0,0.4
0.785,0.425,10.4194,2.47604,2.80348,226.771,1,2,0,0.4
0.785,0.435,10.73,2.19398,2.83762,228.591,1,2,0,0.4
0.785,0.445,10.922,1.88533,2.92222,225.787,1,2,0,0.4
0.785,0.455,10.9315,1.56137,3.03851,217.538,1,2,0,0.4
0.785,0.465,10.6985,1.2156,3.14713,203.717,1,2,0,0.4
0.785,0.475,10.164,0.816567,3.20162,184.042,1,2,0,0.4
0.785,0.485,9.27793,0.302836,3.15075,157.899,1,2,0,0.4
0.785,0.495,8.00763,-0.411194,2.95003,124.989,1,2,0,0.4
0.785,0.505,6.23077,-1.72196,2.64021,87.3078,1,2,0,0.4
0.785,0.515,4.11194,-4.51645,2.26158,49.1827,1,2,0,0.4
0.785,0.525,3.46652,-7.72578,1.8256,35.7971,1,2,0,0.4
0.785,0.535,4.24068,-10.7526,1.85647,32.731,1,2,0,0.4
0.785,0.545,6.92922,-12.8572,2.05142,31.7065,1,2,0,0.4
0.785,0.555,12.8192,-13.9638,2.19367,31.4997,1,2,0,0.4
0.785,0.565,23.8715,-14.4785,2.27845,32.8865,1,2,0,0.4
0.785,0.575,42.2502,-14.7183,2.3562,36.2917,1,2,0,0.4
0.785,0.585,70.3831,-14.8363,2.43474,42.3881,1,2,0,0.4
0.785,0.595,110.509,-14.8987,2.51124,51.56,1,2,0,0.4
0.785,0.605,164.016,-14.9342,2.58242,63.8345,1,2,0,0.4
0.785,0.615,230.842,-14.9557,2.64665,78.9171,1,2,0,0.4
0.785,0.625,309.199,-14.9696,2.70369,96.2369,1,2,0,0.4
0.785,0.635,395.724,-14.9788,2.75391,115.016,1,2,0,0.4
0.785,0.645,486.012,-14.9852,2.79791,134.37,1,2,0,0.4
0.785,0.655,575.352,-14.9897,2.83623,153.417,1,2,0,0.4
0.785,0.665,659.459,-14.9929,2.86934,171.381,1,2,0,0.4
0.785,0.675,735.017,-14.9952,2.89761,187.666,1,2,0,0.4
0.785,0.685,799.966,-14.9968,2.92139,201.886,1,2,0,0.4
0.785,0.695,853.508,-14.9979,2.94102,213.867,1,2,0,0.4
0.785,0.705,895.922,-14.9987,2.95684,223.617,1,2,0,0.4
0.785,0.715,928.26,-14.9992,2.96927,231.285,1,2,0,0.4
0.785,0.725,952.023,-14.9995,2.97874,237.114,1,2,0,0.4
0.785,0.735,968.869,-14.9997,2.98574,241.394,1,2,0,0.4
0.785,0.745,980.4,-14.9998,2.99073,244.429,1,2,0,0.4
0.785,0.755,988.027,-14.9999,2.99416,246.506,1,2,0,0.4
0.785,0.765,992.902,-15,2.99644,247.878,1,2,0,0.4
0.785,0.775,995.916,-15,2.9979,248.753,1,2,0,0.4
0.785,0.785,997.72,-15,2.9988,249.29,1,2,0,0.4
0.785,0.795,998.764,-15,2.99934,249.608,1,2,0,0.4
0.785,0.805,999.349,-15,2.99965,249.791,1,2,0,0.4
0.785,0.815,999.667,-15,2.99982,249.892,1,2,0,0.4
0.785,0.825,999.835,-15,2.99991,249.946,1,2,0,0.4
0.785,0.835,999.92,-15,2.99996,249.973,1,2,0,0.4
0.785,0.845,999.963,-15,2.99998,249.987,1,2,0,0.4
0.785,0.855,999.983,-15,2.99999,249.994,1,2,0,0.4
0.785,0.865,999.992,-15,3,249.997,1,2,0,0.4
0.785,0.875,999.997,-15,3,249.999,1,2,0,0.4
0.785,0.885,999.999,-15,3,250,1,2,0,0.4
0.785,0.895,999.999,-15,3,250,1,2,0,0.4
0.785,0.905,1000,-15,3,250,1,2,0,0.4
0.785,0.915,1000,-15,3,250,1,2,0,0.4
0.785,0.925,1000,-15,3,250,1,2,0,0.4
0.785,0.935,1000,-15,3,250,1,2,0,0.4
0.785,0.945,1000,-15,3,250,1,2,0,0.4
0.785,0.955,1000,-15,3,250,1,2,0,0.4
0.785,0.965,1000,-15,3,250,1,2,0,0.4
0.785,0.975,1000,-15,3,250,1,2,0,0.4
0.785,0.985,1000,-15,3,250,1,2,0,0.4
0.785,0.995,1000,-15,3,250,1,2,0,0.4
0.795,0.005,3,-4,2,25.4,1,2,0,0.4
0.795,0.015,3,-4,2,25.4,1,2,0,0.4
0.795,0.025,3.00006,-4,1.99993,25.4007,1,2,0,0.4
0.795,0.035,3.01305,-3.98701,1.99502,25.5772,1,2,0,0.4
0.795,0.045,3.31594,-3.52263,1.92884,31.1074,1,2,0,0.4
0.795,0.055,4.32473,-1.94019,1.48801,58.4811,1,2,0,0.4
0.795,0.065,5.8384,0.122482,0.644679,114.333,1,2,0,0.4
0.795,0.075,7.40328,1.91444,-0.186082,183.318,1,2,0,0.4
0.795,0.085,8.78172,3.18042,-0.76094,246.904,1,2,0,0.4
0.795,0.095,9.82937,4.01675,-1.10121,296.003,1,2,0,0.4
0.795,0.105,10.5541,4.55636,-1.27215,329.771,1,2,0,0.4
0.795,0.115,11.0183,4.90122,-1.33137,350.939,1,2,0,0.4
0.795,0.125,11.2923,5.11848,-1.31828,362.785,1,2,0,0.4
0.795,0.135,11.435,5.25009,-1.25793,368.11,1,2,0,0.4
0.795,0.145,11.4871,5.32465,-1.16636,368.954,1,2,0,0.4
0.795,0.155,11.4785,5.35932,-1.05372,366.771,1,2,0,0.4
0.795,0.165,11.4288,5.36558,-0.926426,362.551,1,2,0,0.4
0.795,0.175,11.3524,5.35023,-0.788483,356.981,1,2,0,0.4
0.795,0.185,11.2577,5.31889,-0.642482,350.514,1,2,0,0.4
0.795,0.195,11.1511,5.27467,-0.490166,343.468,1,2,0,0.4
0.795,0.205,11.0377,5.21942,-0.332567,336.077,1,2,0,0.4
0.795,0.215,10.9203,5.15472,-0.170238,328.496,1,2,0,0.4
0.795,0.225,10.8022,5.08082,-0.00347632,320.826,1,2,0,0.4
0.795,0.235,10.6831,4.99963,0.167401,313.114,1,2,0,0.4
0.795,0.245,10.5644,4.91195,0.341972,305.434,1,2,0,0.4
0.795,0.255,10.4484,4.8175,0.519872,297.841,1,2,0,0.4
0.795,0.265,10.3358,4.71714,0.700715,290.377,1,2,0,0.4
0.795,0.275,10.2279,4.6109,0.884098,283.068,1,2,0,0.4
0.795,0.285,10.1259,4.4991,1.06953,275.94,1,2,0,0.4
0.795,0.295,10.0309,4.38186,1.25645,269.009,1,2,0,0.4
0.795,0.305,9.94415,4.25939,1.44421,262.294,1,2,0,0.4
0.795,0.315,9.86659,4.13192,1.63205,255.807,1,2,0,0.4
0.795,0.325,9.79929,3.9997,1.81909,249.558,1,2,0,0.4
0.795,0.335,9.74321,3.8631,2.00423,243.563,1,2,0,0.4
0.795,0.345,9.69944,3.72252,2.18602,237.845,1,2,0,0.4
0.795,0.355,9.66961,3.57845,2.36233,232.449,1,2,0,0.4
0.795,0.365,9.65694,3.43133,2.52968,227.477,1,2,0,0.4
0.795,0.375,9.66816,3.28136,2.68208,223.142,1,2,0,0.4
0.795,0.385,9.71679,3.12759,2.80928,219.856,1,2,0,0.4
0.795,0.395,9.82606,2.96556,2.89603,218.289,1,2,0,0.4
0.795,0.405,10.0232,2.78331,2.92752,219.135,1,2,0,0.4
0.795,0.415,10.3109,2.56011,2.90706,222.145,1,2,0,0.4
0.795,0.425,10.6254,2.27748,2.87072,224.89,1,2,0,0.4
0.795,0.435,10.8413,1.93397,2.86174,223.386,1,2,0,0.4
0.795,0.445,10.8229,1.5366,2.88566,214.505,1,2,0,0.4
0.795,0.455,10.4571,1.07685,2.9033,196.958,1,2,0,0.4
0.795,0.465,9.66938,0.513494,2.85455,170.617,1,2,0,0.4
0.795,0.475,8.44868,-0.225636,2.67541,136.405,1,2,0,0.4
0.795,0.485,6.87314,-1.21085,2.38042,97.8528,1,2,0,0.4
0.795,0.495,5.24942,-2.4164,2.05351,63.1708,1,2,0,0.4
0.795,0.505,3.91228,-3.91606,1.74453,40.1278,1,2,0,0.4
0.795,0.515,3.2936,-5.55905,1.55561,33.1206,1,2,0,0.4
0.795,0.525,3.27368,-7.98013,1.61787,32.2132,1,2,0,0.4
0.795,0.535,4.20439,-10.7916,1.82507,32.0899,1,2,0,0.4
0.795,0.545,6.92333,-12.8605,2.0482,31.6211,1,2,0,0.4
0.795,0.555,12.8183,-13.964,2.19342,31.4909,1,2,0,0.4
0.795,0.565,23.8714,-14.4785,2.27844,32.8857,1,2,0,0.4
0.795,0.575,42.2502,-14.7183,2.3562,36.2916,1,2,0,0.4
0.795,0.585,70.3831,-14.8363,2.43474,42.3881,1,2,0,0.4
0.795,0.595,110.509,-14.8987,2.51124,51.56,1,2,0,0.4
0.795,0.605,164.016,-14.9342,2.58242,63.8345,1,2,0,0.4
0.795,0.615,230.842,-14.9557,2.64665,78.9171,1,2,0,0.4
0.795,0.625,309.199,-14.9696,2.70369,96.2369,1,2,0,0.4
0.795,0.635,395.724,-14.9788,2.75391,115.016,1,2,0,0.4
0.795,0.645,486.012,-14.9852,2.79791,134.37,1,2,0,0.4
0.795,0.655,575.352,-14.9897,2.83623,153.417,1,2,0,0.4
0.795,0.665,659.459,-14.9929,2.86934,171.381,1,2,0,0.4
0.795,0.675,735.017,-14.9952,2.89761,187.666,1,2,0,0.4
0.795,0.685,799.966,-14.9968,2.92139,201.886,1,2,0,0.4
0.795,0.695,853.508,-14.9979,2.94102,213.867,1,2,0,0.4
0.795,0.705,895.922,-14.9987,2.95684,223.617,1,2,0,0.4
0.795,0.715,928.26,-14.9992,2.96927,231.285,1,2,0,0.4
0.795,0.725,952.023,-14.9995,2.97874,237.114,1,2,0,0.4
0.795,0.735,968.869,-14.9997,2.98574,241.394,1,2,0,0.4
0.795,0.745,980.4,-14.9998,2.99073,244.429,1,2,0,0.4
0.795,0.755,988.027,-14.9999,2.99416,246.506,1,2,0,0.4
0.795,0.765,992.902,-15,2.99644,247.878,1,2,0,0.4
0.795,0.775,995.916,-15,2.9979,248.753,1,2,0,0.4
0.795,0.785,997.72,-15,2.9988,249.29,1,2,0,0.4
0.795,0.795,998.764,-15,2.99934,249.608,1,2,0,0.4
0.795,0.805,999.349,-15,2.99965,249.791,1,2,0,0.4
0.795,0.815,999.667,-15,2.99982,249.892,1,2,0,0.4
0.795,0.825,999.835,-15,2.99991,249.946,1,2,0,0.4
0.795,0.835,999.92,-15,2.99996,249.973,1,2,0,0.4
0.795,0.845,999.963,-15,2.99998,249.987,1,2,0,0.4
0.795,0.855,999.983,-15,2.99999,249.994,1,2,0,0.4
0.795,0.865,999.992,-15,3,249.997,1,2,0,0.4
0.795,0.875,999.997,-15,3,249.999,1,2,0,0.4
0.795,0.885,999.999,-15,3,250,1,2,0,0.4
0.795,0.895,999.999,-15,3,250,1,2,0,0.4
0.795,0.905,1000,-15,3,250,1,2,0,0.4
0.795,0.915,1000,-15,3,250,1,2,0,0.4
0.795,0.925,1000,-15,3,250,1,2,0,0.4
0.795,0.935,1000,-15,3,250,1,2,0,0.4
0.795,0.945,1000,-15,3,250,1,2,0,0.4
0.795,0.955,1000,-15,3,250,1,2,0,0.4
0.795,0.965,1000,-15,3,250,1,2,0,0.4
0.795,0.975,1000,-15,3,250,1,2,0,0.4
0.795,0.985,1000,-15,3,250,1,2,0,0.4
0.795,0.995,1000,-15,3,250,1,2,0,0.4
0.805,0.005,3,-4,2,25.4,1,2,0,0.4
0.805,0.015,3,-4,2,25.4,1,2,0,0.4
0.805,0.025,3,-4,2,25.4,1,2,0,0.4
0.805,0.035,3,-4,2,25.4,1,2,0,0.4
0.805,0.045,3.00007,-4,1.99992,25.4008,1,2,0,0.4
0.805,0.055,3.01712,-3.98033,1.99534,25.6391,1,2,0,0.4
0.805,0.065,3.29167,-3.54844,1.94491,30.6338,1,2,0,0.4
0.805,0.075,4.13277,-2.18905,1.64546,52.2894,1,2,0,0.4
0.805,0.085,5.40631,-0.393257,1.03694,95.6099,1,2,0,0.4
0.805,0.095,6.76214,1.26153,0.37814,151.313,1,2,0,0.4
0.805,0.105,8.01226,2.52591,-0.121074,206.119,1,2,0,0.4
0.805,0.115,9.03476,3.41199,-0.438271,251.794,1,2,0,0.4
0.805,0.125,9.80018,4.01403,-0.610315,285.967,1,2,0,0.4
0.805,0.135,10.337,4.41681,-0.678883,309.525,1,2,0,0.4
0.805,0.145,10.6922,4.68295,-0.676501,324.533,1,2,0,0.4
0.805,0.155,10.9125,4.85372,-0.625585,333.106,1,2,0,0.4
0.805,0.165,11.0348,4.95788,-0.541285,336.984,1,2,0,0.4
0.805,0.175,11.0874,5.01368,-0.433659,337.508,1,2,0,0.4
0.805,0.185,11.0904,5.03479,-0.309424,335.652,1,2,0,0.4
0.805,0.195,11.0588,5.02954,-0.173009,332.123,1,2,0,0.4
0.805,0.205,11.0049,5.00274,-0.0272092,327.441,1,2,0,0.4
0.805,0.215,10.9341,4.95933,0.126078,321.943,1,2,0,0.4
0.805,0.225,10.8522,4.90223,0.285406,315.87,1,2,0,0.4
0.805,0.235,10.7639,4.83337,0.449657,309.425,1,2,0,0.4
0.805,0.245,10.6715,4.75487,0.617955,302.75,1,2,0,0.4
0.805,0.255,10.5784,4.66717,0.789599,295.947,1,2,0,0.4
0.805,0.265,10.486,4.57153,0.963931,289.097,1,2,0,0.4
0.805,0.275,10.3961,4.46842,1.14036,282.257,1,2,0,0.4
0.805,0.285,10.3099,4.35834,1.31826,275.466,1,2,0,0.4
0.805,0.295,10.2285,4.24157,1.49696,268.754,1,2,0,0.4
0.805,0.305,10.1528,4.11833,1.67575,262.142,1,2,0,0.4
0.805,0.315,10.0831,3.9888,1.8538,255.637,1,2,0,0.4
0.805,0.325,10.0196,3.85307,2.03018,249.242,1,2,0,0.4
0.805,0.335,9.96217,3.71121,2.20374,242.954,1,2,0,0.4
0.805,0.345,9.91035,3.56321,2.37297,236.765,1,2,0,0.4
0.805,0.355,9.86372,3.40894,2.53568,230.683,1,2,0,0.4
0.805,0.365,9.82293,3.24807,2.68825,224.752,1,2,0,0.4
0.805,0.375,9.79189,3.07973,2.82425,219.121,1,2,0,0.4
0.805,0.385,9.7817,2.9013,2.93219,214.142,1,2,0,0.4
0.805,0.395,9.81535,2.70514,2.9938,210.457,1,2,0,0.4
0.805,0.405,9.92137,2.47279,2.98932,208.69,1,2,0,0.4
0.805,0.415,10.0936,2.17332,2.9177,208.141,1,2,0,0.4
0.805,0.425,10.2264,1.77818,2.81173,205.164,1,2,0,0.4
0.805,0.435,10.1192,1.27405,2.70328,194.425,1,2,0,0.4
0.805,0.445,9.58113,0.64267,2.57463,172.624,1,2,0,0.4
0.805,0.455,8.53312,-0.158377,2.36748,140.217,1,2,0,0.4
0.805,0.465,7.04907,-1.17497,2.08482,101.868,1,2,0,0.4
0.805,0.475,5.46218,-2.37194,1.79852,66.8117,1,2,0,0.4
0.805,0.485,4.27365,-3.434,1.55211,43.9978,1,2,0,0.4
0.805,0.495,3.71156,-3.92298,1.41562,34.7725,1,2,0,0.4
0.805,0.505,3.45296,-4.36834,1.41026,32.5174,1,2,0,0.4
0.805,0.515,3.21733,-5.6243,1.47289,31.9782,1,2,0,0.4
0.805,0.525,3.26216,-7.99246,1.60604,32.0323,1,2,0,0.4
0.805,0.535,4.2029,-10.7931,1.8238,32.0652,1,2,0,0.4
0.805,0.545,6.92314,-12.8606,2.04809,31.6185,1,2,0,0.4
0.805,0.555,12.8183,-13.964,2.19341,31.4906,1,2,0,0.4
0.805,0.565,23.8714,-14.4785,2.27844,32.8857,1,2,0,0.4
0.805,0.575,42.2502,-14.7183,2.3562,36.2916,1,2,0,0.4
0.805,0.585,70.3831,-14.8363,2.43474,42.3881,1,2,0,0.4
0.805,0.595,110.509,-14.8987,2.51124,51.56,1,2,0,0.4
0.805,0.605,164.016,-14.9342,2.58242,63.8345,1,2,0,0.4
0.805,0.615,230.842,-14.9557,2.64665,78.9171,1,2,0,0.4
0.805,0.625,309.199,-14.9696,2.70369,96.2369,1,2,0,0.4
0.805,0.635,395.724,-14.9788,2.75391,115.016,1,2,0,0.4
0.805,0.645,486.012,-14.9852,2.79791,134.37,1,2,0,0.4
0.805,0.655,575.352,-14.9897,2.83623,153.417,1,2,0,0.4
0.805,0.665,659.459,-14.9929,2.86934,171.381,1,2,0,0.4
0.805,0.675,735.017,-14.9952,2.89761,187.666,1,2,0,0.4
0.805,0.685,799.966,-14.9968,2.92139,201.886,1,2,0,0.4
0.805,0.695,853.508,-14.9979,2.94102,213.867,1,2,0,0.4
0.805,0.705,895.922,-14.9987,2.95684,223.617,1,2,0,0.4
0.805,0.715,928.26,-14.9992,2.96927,231.285,1,2,0,0.4
0.805,0.725,952.023,-14.9995,2.97874,237.114,1,2,0,0.4
0.805,0.735,968.869,-14.9997,2.98574,241.394,1,2,0,0.4
0.805,0.745,980.4,-14.9998,2.99073,244.429,1,2,0,0.4
0.805,0.755,988.027,-14.9999,2.99416,246.506,1,2,0,0.4
0.805,0.765,992.902,-15,2.99644,247.878,1,2,0,0.4
0.805,0.775,995.916,-15,2.9979,248.753,1,2,0,0.4
0.805,0.785,997.72,-15,2.9988,249.29,1,2,0,0.4
0.805,0.795,998.764,-15,2.99934,249.608,1,2,0,0.4
0.805,0.805,999.349,-15,2.99965,249.791,1,2,0,0.4
0.805,0.815,999.667,-15,2.99982,249.892,1,2,0,0.4
0.805,0.825,999.835,-15,2.99991,249.946,1,2,0,0.4
0.805,0.835,999.92,-15,2.99996,249.973,1,2,0,0.4
0.805,0.845,999.963,-15,2.99998,249.987,1,2,0,0.4
0.805,0.855,999.983,-15,2.99999,249.994,1,2,0,0.4
0.805,0.865,999.992,-15,3,249.997,1,2,0,0.4
0.805,0.875,999.997,-15,3,249.999,1,2,0,0.4
0.805,0.885,999.999,-15,3,250,1,2,0,0.4
0.805,0.895,999.999,-15,3,250,1,2,0,0.4
0.805,0.905,1000,-15,3,250,1,2,0,0.4
0.805,0.915,1000,-15,3,250,1,2,0,0.4
0.805,0.925,1000,-15,3,250,1,2,0,0.4
0.805,0.935,1000,-15,3,250,1,2,0,0.4
0.805,0.945,1000,-15,3,250,1,2,0,0.4
0.805,0.955,1000,-15,3,250,1,2,0,0.4
0.805,0.965,1000,-15,3,250,1,2,0,0.4
0.805,0.975,1000,-15,3,250,1,2,0,0.4
0.805,0.985,1000,-15,3,250,1,2,0,0.4
0.805,0.995,1000,-15,3,250,1,2,0,0.4
0.815,0.005,3,-4,2,25.4,1,2,0,0.4
0.815,0.015,3,-4,2,25.4,1,2,0,0.4
0.815,0.025,3,-4,2,25.4,1,2,0,0.4
0.815,0.035,3,-4,2,25.4,1,2,0,0.4
0.815,0.045,3,-4,2,25.4,1,2,0,0.4
0.815,0.055,3,-4,2,25.4,1,2,0,0.4
0.815,0.065,3.00003,-4,1.99997,25.4003,1,2,0,0.4
0.815,0.075,3.00867,-3.99024,1.99775,25.5185,1,2,0,0.4
0.815,0.085,3.17466,-3.73211,1.97276,28.3587,1,2,0,0.4
0.815,0.095,3.75473,-2.76626,1.83427,41.486,1,2,0,0.4
0.815,0.105,4.71794,-1.29553,1.46981,70.1289,1,2,0,0.4
0.815,0.115,5.84947,0.206832,1.00317,110.872,1,2,0,0.4
0.815,0.125,6.94884,1.47307,0.580709,155.326,1,2,0,0.4
0.815,0.135,7.92784,2.43947,0.282256,196.321,1,2,0,0.4
0.815,0.145,8.72855,3.14132,0.101508,230.173,1,2,0,0.4
0.815,0.155,9.34688,3.63698,0.0150262,256.024,1,2,0,0.4
0.815,0.165,9.80056,3.98276,-0.00188795,274.541,1,2,0,0.4
0.815,0.175,10.1224,4.21768,0.0316416,286.981,1,2,0,0.4
0.815,0.185,10.3396,4.37221,0.101271,294.636,1,2,0,0.4
0.815,0.195,10.4777,4.46677,0.197199,298.617,1,2,0,0.4
0.815,0.205,10.5566,4.51571,0.312481,299.81,1,2,0,0.4
0.815,0.215,10.5909,4.53007,0.442139,298.913,1,2,0,0.4
0.815,0.225,10.5925,4.51707,0.582638,296.456,1,2,0,0.4
0.815,0.235,10.5704,4.4818,0.731319,292.844,1,2,0,0.4
0.815,0.245,10.5309,4.42862,0.886198,288.384,1,2,0,0.4
0.815,0.255,10.4797,4.35973,1.04578,283.294,1,2,0,0.4
0.815,0.265,10.42,4.27749,1.20877,277.745,1,2,0,0.4
0.815,0.275,10.3548,4.18321,1.37411,271.852,1,2,0,0.4
0.815,0.285,10.2858,4.0779,1.54078,265.701,1,2,0,0.4
0.815,0.295,10.2141,3.96211,1.70779,259.344,1,2,0,0.4
0.815,0.305,10.1403,3.83607,1.87409,252.813,1,2,0,0.4
0.815,0.315,10.0638,3.69982,2.03857,246.111,1,2,0,0.4
0.815,0.325,9.98366,3.55298,2.19991,239.226,1,2,0,0.4
0.815,0.335,9.89766,3.39486,2.35658,232.117,1,2,0,0.4
0.815,0.345,9.80268,3.2244,2.50659,224.728,1,2,0,0.4
0.815,0.355,9.69491,3.03988,2.64713,216.988,1,2,0,0.4
0.815,0.365,9.57046,2.83884,2.77383,208.843,1,2,0,0.4
0.815,0.375,9.42784,2.61735,2.87907,200.306,1,2,0,0.4
0.815,0.385,9.27228,2.36828,2.94919,191.569,1,2,0,0.4
0.815,0.395,9.12192,2.07634,2.96133,183.059,1,2,0,0.4
0.815,0.405,8.99841,1.70982,2.88699,175.004,1,2,0,0.4
0.815,0.415,8.86944,1.21938,2.71225,165.865,1,2,0,0.4
0.815,0.425,8.57168,0.558843,2.45499,151.159,1,2,0,0.4
0.815,0.435,7.88009,-0.2975,2.1371,126.873,1,2,0,0.4
0.815,0.445,6.72006,-1.35306,1.80645,95.1432,1,2,0,0.4
0.815,0.455,5.38323,-2.52899,1.52388,64.8124,1,2,0,0.4
0.815,0.465,4.35733,-3.50425,1.32127,44.8155,1,2,0,0.4
0.815,0.475,3.85787,-3.9328,1.23703,36.559,1,2,0,0.4
0.815,0.485,3.68695,-3.99782,1.2647,34.2249,1,2,0,0.4
0.815,0.495,3.59885,-3.99989,1.33134,33.1378,1,2,0,0.4
0.815,0.505,3.43974,-4.37335,1.39667,32.3422,1,2,0,0.4
0.815,0.515,3.21577,-5.62523,1.47125,31.9572,1,2,0,0.4
0.815,0.525,3.26199,-7.99262,1.60587,32.0298,1,2,0,0.4
0.815,0.535,4.20289,-10.7931,1.82379,32.065,1,2,0,0.4
0.815,0.545,6.92314,-12.8606,2.04809,31.6184,1,2,0,0.4
0.815,0.555,12.8183,-13.964,2.19341,31.4906,1,2,0,0.4
0.815,0.565,23.8714,-14.4785,2.27844,32.8857,1,2,0,0.4
0.815,0.575,42.2502,-14.7183,2.3562,36.2916,1,2,0,0.4
0.815,0.585,70.3831,-14.8363,2.43474,42.3881,1,2,0,0.4
0.815,0.595,110.509,-14.8987,2.51124,51.56,1,2,0,0.4
0.815,0.605,164.016,-14.9342,2.58242,63.8345,1,2,0,0.4
0.815,0.615,230.842,-14.9557,2.64665,78.9171,1,2,0,0.4
0.815,0.625,309.199,-14.9696,2.70369,96.2369,1,2,0,0.4
0.815,0.635,395.724,-14.9788,2.75391,115.016,1,2,0,0.4
0.815,0.645,486.012,-14.9852,2.79791,134.37,1,2,0,0.4
0.815,0.655,575.352,-14.9897,2.83623,153.417,1,2,0,0.4
0.815,0.665,659.459,-14.9929,2.86934,171.381,1,2,0,0.4
0.815,0.675,735.017,-14.9952,2.89761,187.666,1,2,0,0.4
0.815,0.685,799.966,-14.9968,2.92139,201.886,1,2,0,0.4
0.815,0.695,853.508,-14.9979,2.94102,213.867,1,2,0,0.4
0.815,0.705,895.922,-14.9987,2.95684,223.617,1,2,0,0.4
0.815,0.715,928.26,-14.9992,2.96927,231.285,1,2,0,0.4
0.815,0.725,952.023,-14.9995,2.97874,237.114,1,2,0,0.4
0.815,0.735,968.869,-14.9997,2.98574,241.394,1,2,0,0.4
0.815,0.745,980.4,-14.9998,2.99073,244.429,1,2,0,0.4
0.815,0.755,988.027,-14.9999,2.99416,246.506,1,2,0,0.4
0.815,0.765,992.902,-15,2.99644,247.878,1,2,0,0.4
0.815,0.775,995.916,-15,2.9979,248.753,1,2,0,0.4
0.815,0.785,997.72,-15,2.9988,249.29,1,2,0,0.4
0.815,0.795,998.764,-15,2.99934,249.608,1,2,0,0.4
0.815,0.805,999.349,-15,2.99965,249.791,1,2,0,0.4
0.815,0.815,999.667,-15,2.99982,249.892,1,2,0,0.4
0.815,0.825,999.835,-15,2.99991,249.946,1,2,0,0.4
0.815,0.835,999.92,-15,2.99996,249.973,1,2,0,0.4
0.815,0.845,999.963,-15,2.99998,249.987,1,2,0,0.4
0.815,0.855,999.983,-15,2.99999,249.994,1,2,0,0.4
0.815,0.865,999.992,-15,3,249.997,1,2,0,0.4
0.815,0.875,999.997,-15,3,249.999,1,2,0,0.4
0.815,0.885,999.999,-15,3,250,1,2,0,0.4
0.815,0.895,999.999,-15,3,250,1,2,0,0.4
0.815,0.905,1000,-15,3,250,1,2,0,0.4
0.815,0.915,1000,-15,3,250,1,2,0,0.4
0.815,0.925,1000,-15,3,250,1,2,0,0.4
0.815,0.935,1000,-15,3,250,1,2,0,0.4
0.815,0.945,1000,-15,3,250,1,2,0,0.4
0.815,0.955,1000,-15,3,250,1,2,0,0.4
0.815,0.965,1000,-15,3,250,1,2,0,0.4
0.815,0.975,1000,-15,3,250,1,2,0,0.4
0.815,0.985,1000,-15,3,250,1,2,0,0.4
0.815,0.995,1000,-15,3,250,1,2,0,0.4
0.825,0.005,3,-4,2,25.4,1,2,0,0.4
0.825,0.015,3,-4,2,25.4,1,2,0,0.4
0.825,0.025,3,-4,2,25.4,1,2,0,0.4
0.825,0.035,3,-4,2,25.4,1,2,0,0.4
0.825,0.045,3,-4,2,25.4,1,2,0,0.4
0.825,0.055,3,-4,2,25.4,1,2,0,0.4
0.825,0.065,3,-4,2,25.4,1,2,0,0.4
0.825,0.075,3,-4,2,25.4,1,2,0,0.4
0.825,0.085,3,-4,2,25.4,1,2,0,0.4
0.825,0.095,3.00036,-3.99999,1.99959,25.4043,1,2,0,0.4
0.825,0.105,3.05446,-3.92182,1.99295,26.2329,1,2,0,0.4
0.825,0.115,3.33233,-3.4617,1.95528,31.464,1,2,0,0.4
0.825,0.125,3.92323,-2.48045,1.81647,45.7079,1,2,0,0.4
0.825,0.135,4.74145,-1.25224,1.56397,69.7843,1,2,0,0.4
0.825,0.145,5.64136,-0.0576293,1.27865,100.37,1,2,0,0.4
0.825,0.155,6.49506,0.960231,1.02383,132.575,1,2,0,0.4
0.825,0.165,7.26725,1.76647,0.845191,162.559,1,2,0,0.4
0.825,0.175,7.92206,2.37769,0.741548,188.123,1,2,0,0.4
0.825,0.185,8.45275,2.82958,0.701259,208.58,1,2,0,0.4
0.825,0.195,8.86787,3.15583,0.711129,224.073,1,2,0,0.4
0.825,0.205,9.18201,3.38439,0.759211,235.154,1,2,0,0.4
0.825,0.215,9.41139,3.53787,0.835925,242.521,1,2,0,0.4
0.825,0.225,9.57222,3.63231,0.93417,246.845,1,2,0,0.4
0.825,0.235,9.67822,3.67954,1.0484,248.717,1,2,0,0.4
0.825,0.245,9.74046,3.68897,1.17441,248.631,1,2,0,0.4
0.825,0.255,9.76741,3.66672,1.30897,246.963,1,2,0,0.4
0.825,0.265,9.76588,3.61764,1.44939,244.02,1,2,0,0.4
0.825,0.275,9.73974,3.54513,1.59353,240.017,1,2,0,0.4
0.825,0.285,9.69258,3.45117,1.73944,235.115,1,2,0,0.4
0.825,0.295,9.62562,3.33695,1.88533,229.416,1,2,0,0.4
0.825,0.305,9.5391,3.20272,2.02935,222.974,1,2,0,0.4
0.825,0.315,9.43106,3.04806,2.16954,215.796,1,2,0,0.4
0.825,0.325,9.29874,2.87144,2.30367,207.848,1,2,0,0.4
0.825,0.335,9.13747,2.67039,2.4291,199.053,1,2,0,0.4
0.825,0.345,8.94036,2.44129,2.54257,189.297,1,2,0,0.4
0.825,0.355,8.69949,2.17883,2.63968,178.441,1,2,0,0.4
0.825,0.365,8.40634,1.87571,2.71419,166.356,1,2,0,0.4
0.825,0.375,8.05553,1.52144,2.75616,152.999,1,2,0,0.4
0.825,0.385,7.65083,1.10007,2.74862,138.524,1,2,0,0.4
0.825,0.395,7.21143,0.584974,2.66237,123.312,1,2,0,0.4
0.825,0.405,6.75896,-0.0668139,2.45625,107.572,1,2,0,0.4
0.825,0.415,6.23927,-0.899113,2.12443,90.5202,1,2,0,0.4
0.825,0.425,5.56133,-1.9039,1.73149,71.543,1,2,0,0.4
0.825,0.435,4.79324,-2.94109,1.39444,53.6553,1,2,0,0.4
0.825,0.445,4.21397,-3.6856,1.1702,42.071,1,2,0,0.4
0.825,0.455,3.94447,-3.96425,1.08632,37.5552,1,2,0,0.4
0.825,0.465,3.84468,-3.99928,1.10932,36.1976,1,2,0,0.4
0.825,0.475,3.76338,-3.99998,1.17752,35.17,1,2,0,0.4
0.825,0.485,3.67806,-4,1.25593,34.1065,1,2,0,0.4
0.825,0.495,3.59797,-4,1.33047,33.1264,1,2,0,0.4
0.825,0.505,3.43966,-4.37336,1.39658,32.3411,1,2,0,0.4
0.825,0.515,3.21576,-5.62523,1.47125,31.9571,1,2,0,0.4
0.825,0.525,3.26199,-7.99263,1.60587,32.0298,1,2,0,0.4
0.825,0.535,4.20289,-10.7931,1.82379,32.065,1,2,0,0.4
0.825,0.545,6.92314,-12.8606,2.04809,31.6184,1,2,0,0.4
0.825,0.555,12.8183,-13.964,2.19341,31.4906,1,2,0,0.4
0.825,0.565,23.8714,-14.4785,2.27844,32.8857,1,2,0,0.4
0.825,0.575,42.2502,-14.7183,2.3562,36.2916,1,2,0,0.4
0.825,0.585,70.3831,-14.8363,2.43474,42.3881,1,2,0,0.4
0.825,0.595,110.509,-14.8987,2.51124,51.56,1,2,0,0.4
0.825,0.605,164.016,-14.9342,2.58242,63.8345,1,2,0,0.4
0.825,0.615,230.842,-14.9557,2.64665,78.9171,1,2,0,0.4
0.825,0.625,309.199,-14.9696,2.70369,96.2369,1,2,0,0.4
0.825,0.635,395.724,-14.9788,2.75391,115.016,1,2,0,0.4
0.825,0.645,486.012,-14.9852,2.79791,134.37,1,2,0,0.4
0.825,0.655,575.352,-14.9897,2.83623,153.417,1,2,0,0.4
0.825,0.665,659.459,-14.9929,2.86934,171.381,1,2,0,0.4
0.825,0.675,735.017,-14.9952,2.89761,187.666,1,2,0,0.4
0.825,0.685,799.966,-14.9968,2.92139,201.886,1,2,0,0.4
0.825,0.695,853.508,-14.9979,2.94102,213.867,1,2,0,0.4
0.825,0.705,895.922,-14.9987,2.95684,223.617,1,2,0,0.4
0.825,0.715,928.26,-14.9992,2.96927,231.285,1,2,0,0.4
0.825,0.725,952.023,-14.9995,2.97874,237.114,1,2,0,0.4
0.825,0.735,968.869,-14.9997,2.98574,241.394,1,2,0,0.4
0.825,0.745,980.4,-14.9998,2.99073,244.429,1,2,0,0.4
0.825,0.755,988.027,-14.9999,2.99416,246.506,1,2,0,0.4
0.825,0.765,992.902,-15,2.99644,247.878,1,2,0,0.4
0.825,0.775,995.916,-15,2.9979,248.753,1,2,0,0.4
0.825,0.785,997.72,-15,2.9988,249.29,1,2,0,0.4
0.825,0.795,998.764,-15,2.99934,249.608,1,2,0,0.4
0.825,0.805,999.349,-15,2.99965,249.791,1,2,0,0.4
0.825,0.815,999.667,-15,2.99982,249.892,1,2,0,0.4
0.825,0.825,999.835,-15,2.99991,249.946,1,2,0,0.4
0.825,0.835,999.92,-15,2.99996,249.973,1,2,0,0.4
0.825,0.845,999.963,-15,2.99998,249.987,1,2,0,0.4
0.825,0.855,999.983,-15,2.99999,249.994,1,2,0,0.4
0.825,0.865,999.992,-15,3,249.997,1,2,0,0.4
0.825,0.875,999.997,-15,3,249.999,1,2,0,0.4
0.825,0.885,999.999,-15,3,250,1,2,0,0.4
0.825,0.895,999.999,-15,3,250,1,2,0,0.4
0.825,0.905,1000,-15,3,250,1,2,0,0.4
0.825,0.915,1000,-15,3,250,1,2,0,0.4
0.825,0.925,1000,-15,3,250,1,2,0,0.4
0.825,0.935,1000,-15,3,250,1,2,0,0.4
0.825,0.945,1000,-15,3,250,1,2,0,0.4
0.825,0.955,1000,-15,3,250,1,2,0,0.4
0.825,0.965,1000,-15,3,250,1,2,0,0.4
0.825,0.975,1000,-15,3,250,1,2,0,0.4
0.825,0.985,1000,-15,3,250,1,2,0,0.4
0.825,0.995,1000,-15,3,250,1,2,0,0.4
0.835,0.005,3,-4,2,25.4,1,2,0,0.4
0.835,0.015,3,-4,2,25.4,1,2,0,0.4
0.835,0.025,3,-4,2,25.4,1,2,0,0.4
0.835,0.035,3,-4,2,25.4,1,2,0,0.4
0.835,0.045,3,-4,2,25.4,1,2,0,0.4
0.835,0.055,3,-4,2,25.4,1,2,0,0.4
0.835,0.065,3,-4,2,25.4,1,2,0,0.4
0.835,0.075,3,-4,2,25.4,1,2,0,0.4
0.835,0.085,3,-4,2,25.4,1,2,0,0.4
0.835,0.095,3,-4,2,25.4,1,2,0,0.4
0.835,0.105,3,-4,2,25.4,1,2,0,0.4
0.835,0.115,3,-4,2,25.4,1,2,0,0.4
0.835,0.125,3.00291,-3.99657,1.99949,25.4391,1,2,0,0.4
0.835,0.135,3.06036,-3.91032,1.99404,26.3331,1,2,0,0.4
0.835,0.145,3.26959,-3.56141,1.97089,30.1833,1,2,0,0.4
0.835,0.155,3.68004,-2.87285,1.90874,39.1785,1,2,0,0.4
0.835,0.165,4.23507,-1.99724,1.792,53.6095,1,2,0,0.4
0.835,0.175,4.86415,-1.10163,1.65731,71.9308,1,2,0,0.4
0.835,0.185,5.49057,-0.292016,1.53496,91.8452,1,2,0,0.4
0.835,0.195,6.05816,0.388248,1.4415,111.201,1,2,0,0.4
0.835,0.205,6.5574,0.932362,1.38903,128.539,1,2,0,0.4
0.835,0.215,6.97933,1.35187,1.37611,143.085,1,2,0,0.4
0.835,0.225,7.32363,1.66298,1.39746,154.569,1,2,0,0.4
0.835,0.235,7.59239,1.88276,1.44587,163.042,1,2,0,0.4
0.835,0.245,7.79125,2.0266,1.51501,168.727,1,2,0,0.4
0.835,0.255,7.92729,2.10582,1.5996,171.896,1,2,0,0.4
0.835,0.265,8.00684,2.12966,1.69481,172.833,1,2,0,0.4
0.835,0.275,8.03468,2.10456,1.79664,171.782,1,2,0,0.4
0.835,0.285,8.01372,2.0348,1.90146,168.94,1,2,0,0.4
0.835,0.295,7.94581,1.9225,2.0058,164.456,1,2,0,0.4
0.835,0.305,7.83076,1.76799,2.10626,158.428,1,2,0,0.4
0.835,0.315,7.6668,1.56983,2.19925,150.913,1,2,0,0.4
0.835,0.325,7.45097,1.32461,2.28086,141.938,1,2,0,0.4
0.835,0.335,7.17881,1.02715,2.3467,131.516,1,2,0,0.4
0.835,0.345,6.84579,0.670542,2.39181,119.683,1,2,0,0.4
0.835,0.355,6.44927,0.24651,2.41056,106.547,1,2,0,0.4
0.835,0.365,5.987,-0.253049,2.39827,92.372,1,2,0,0.4
0.835,0.375,5.46029,-0.834475,2.35352,77.6917,1,2,0,0.4
0.835,0.385,4.90223,-1.49857,2.26787,63.4299,1,2,0,0.4
0.835,0.395,4.3767,-2.23069,2.12314,50.8743,1,2,0,0.4
0.835,0.405,3.96747,-2.976,1.89914,41.4412,1,2,0,0.4
0.835,0.415,3.75847,-3.58318,1.60083,36.218,1,2,0,0.4
0.835,0.425,3.74511,-3.90693,1.31744,35.0103,1,2,0,0.4
0.835,0.435,3.83068,-3.99457,1.13399,35.9483,1,2,0,0.4
0.835,0.445,3.89735,-3.99996,1.05795,36.837,1,2,0,0.4
0.835,0.455,3.89418,-4,1.05863,36.8181,1,2,0,0.4
0.835,0.465,3.84122,-4,1.10602,36.151,1,2,0,0.4
0.835,0.475,3.76313,-4,1.17727,35.1667,1,2,0,0.4
0.835,0.485,3.67804,-4,1.25592,34.1063,1,2,0,0.4
0.835,0.495,3.59797,-4,1.33047,33.1264,1,2,0,0.4
0.835,0.505,3.43966,-4.37336,1.39658,32.3411,1,2,0,0.4
0.835,0.515,3.21576,-5.62523,1.47125,31.9571,1,2,0,0.4
0.835,0.525,3.26199,-7.99263,1.60587,32.0298,1,2,0,0.4
0.835,0.535,4.20289,-10.7931,1.82379,32.065,1,2,0,0.4
0.835,0.545,6.92314,-12.8606,2.04809,31.6184,1,2,0,0.4
0.835,0.555,12.8183,-13.964,2.19341,31.4906,1,2,0,0.4
0.835,0.565,23.8714,-14.4785,2.27844,32.8857,1,2,0,0.4
0.835,0.575,42.2502,-14.7183,2.3562,36.2916,1,2,0,0.4
0.835,0.585,70.3831,-14.8363,2.43474,42.3881,1,2,0,0.4
0.835,0.595,110.509,-14.8987,2.51124,51.56,1,2,0,0.4
0.835,0.605,164.016,-14.9342,2.58242,63.8345,1,2,0,0.4
0.835,0.615,230.842,-14.9557,2.64665,78.9171,1,2,0,0.4
0.835,0.625,309.199,-14.9696,2.70369,96.2369,1,2,0,0.4
0.835,0.635,395.724,-14.9788,2.75391,115.016,1,2,0,0.4
0.835,0.645,486.012,-14.9852,2.79791,134.37,1,2,0,0.4
0.835,0.655,575.352,-14.9897,2.83623,153.417,1,2,0,0.4
0.835,0.665,659.459,-14.9929,2.86934,171.381,1,2,0,0.4
0.835,0.675,735.017,-14.9952,2.89761,187.666,1,2,0,0.4
0.835,0.685,799.966,-14.9968,2.92139,201.886,1,2,0,0.4
0.835,0.695,853.508,-14.9979,2.94102,213.867,1,2,0,0.4
0.835,0.705,895.922,-14.9987,2.95684,223.617,1,2,0,0.4
0.835,0.715,928.26,-14.9992,2.96927,231.285,1,2,0,0.4
0.835,0.725,952.023,-14.9995,2.97874,237.114,1,2,0,0.4
0.835,0.735,968.869,-14.9997,2.98574,241.394,1,2,0,0.4
0.835,0.745,980.4,-14.9998,2.99073,244.429,1,2,0,0.4
0.835,0.755,988.027,-14.9999,2.99416,246.506,1,2,0,0.4
0.835,0.765,992.902,-15,2.99644,247.878,1,2,0,0.4
0.835,0.775,995.916,-15,2.9979,248.753,1,2,0,0.4
0.835,0.785,997.72,-15,2.9988,249.29,1,2,0,0.4
0.835,0.795,998.764,-15,2.99934,249.608,1,2,0,0.4
0.835,0.805,999.349,-15,2.99965,249.791,1,2,0,0.4
0.835,0.815,999.667,-15,2.99982,249.892,1,2,0,0.4
0.835,0.825,999.835,-15,2.99991,249.946,1,2,0,0.4
0.835,0.835,999.92,-15,2.99996,249.973,1,2,0,0.4
0.835,0.845,999.963,-15,2.99998,249.987,1,2,0,0.4
0.835,0.855,999.983,-15,2.99999,249.994,1,2,0,0.4
0.835,0.865,999.992,-15,3,249.997,1,2,0,0.4
0.835,0.875,999.997,-15,3,249.999,1,2,0,0.4
0.835,0.885,999.999,-15,3,250,1,2,0,0.4
0.835,0.895,999.999,-15,3,250,1,2,0,0.4
0.835,0.905,1000,-15,3,250,1,2,0,0.4
0.835,0.915,1000,-15,3,250,1,2,0,0.4
0.835,0.925,1000,-15,3,250,1,2,0,0.4
0.835,0.935,1000,-15,3,250,1,2,0,0.4
0.835,0.945,1000,-15,3,250,1,2,0,0.4
0.835,0.955,1000,-15,3,250,1,2,0,0.4
0.835,0.965,1000,-15,3,250,1,2,0,0.4
0.835,0.975,1000,-15,3,250,1,2,0,0.4
0.835,0.985,1000,-15,3,250,1,2,0,0.4
0.835,0.995,1000,-15,3,250,1,2,0,0.4
0.845,0.005,3,-4,2,25.4,1,2,0,0.4
0.845,0.015,3,-4,2,25.4,1,2,0,0.4
0.845,0.025,3,-4,2,25.4,1,2,0,0.4
0.845,0.035,3,-4,2,25.4,1,2,0,0.4
0.845,0.045,3,-4,2,25.4,1,2,0,0.4
0.845,0.055,3,-4,2,25.4,1,2,0,0.4
0.845,0.065,3,-4,2,25.4,1,2,0,0.4
0.845,0.075,3,-4,2,25.4,1,2,0,0.4
0.845,0.085,3,-4,2,25.4,1,2,0,0.4
0.845,0.095,3,-4,2,25.4,1,2,0,0.4
0.845,0.105,3,-4,2,25.4,1,2,0,0.4
0.845,0.115,3,-4,2,25.4,1,2,0,0.4
0.845,0.125,3,-4,2,25.4,1,2,0,0.4
0.845,0.135,3,-4,2,25.4,1,2,0,0.4
0.845,0.145,3,-4,2,25.4,1,2,0,0.4
0.845,0.155,3.00005,-4,1.99994,25.4006,1,2,0,0.4
0.845,0.165,3.01486,-3.97917,1.999,25.6131,1,2,0,0.4
0.845,0.175,3.08101,-3.87487,1.99405,26.6806,1,2,0,0.4
0.845,0.185,3.22916,-3.62626,1.98177,29.3702,1,2,0,0.4
0.845,0.195,3.46726,-3.22686,1.96211,34.1268,1,2,0,0.4
0.845,0.205,3.76094,-2.74801,1.93212,40.6928,1,2,0,0.4
0.845,0.215,4.07797,-2.26033,1.90097,48.3426,1,2,0,0.4
0.845,0.225,4.38721,-1.81523,1.87745,56.203,1,2,0,0.4
0.845,0.235,4.66607,-1.4407,1.8673,63.483,1,2,0,0.4
0.845,0.245,4.89915,-1.14833,1.87164,69.6036,1,2,0,0.4
0.845,0.255,5.07687,-0.941128,1.8893,74.1765,1,2,0,0.4
0.845,0.265,5.19447,-0.816729,1.91744,77.0076,1,2,0,0.4
0.845,0.275,5.25095,-0.771406,1.95261,78.0332,1,2,0,0.4
0.845,0.285,5.24602,-0.801622,1.99095,77.2839,1,2,0,0.4
0.845,0.295,5.18006,-0.904597,2.02852,74.8567,1,2,0,0.4
0.845,0.305,5.05402,-1.0785,2.06152,70.9062,1,2,0,0.4
0.845,0.315,4.87057,-1.32166,2.08659,65.6474,1,2,0,0.4
0.845,0.325,4.63419,-1.63198,2.10125,59.3673,1,2,0,0.4
0.845,0.335,4.35442,-2.0042,2.10406,52.4494,1,2,0,0.4
0.845,0.345,4.04713,-2.42614,2.09535,45.3834,1,2,0,0.4
0.845,0.355,3.73456,-2.87409,2.07833,38.75,1,2,0,0.4
0.845,0.365,3.45027,-3.30368,2.05634,33.1798,1,2,0,0.4
0.845,0.375,3.2369,-3.64994,2.02637,29.2231,1,2,0,0.4
0.845,0.385,3.11807,-3.87274,1.98187,27.0965,1,2,0,0.4
0.845,0.395,3.1114,-3.97484,1.89972,26.7816,1,2,0,0.4
0.845,0.405,3.22589,-3.9995,1.74545,28.1539,1,2,0,0.4
0.845,0.415,3.43356,-4,1.51969,30.7715,1,2,0,0.4
0.845,0.425,3.65784,-4,1.29002,33.6665,1,2,0,0.4
0.845,0.435,3.82249,-4,1.12915,35.8327,1,2,0,0.4
0.845,0.445,3.89703,-4,1.05765,36.8327,1,2,0,0.4
0.845,0.455,3.89416,-4,1.05862,36.8179,1,2,0,0.4
0.845,0.465,3.84122,-4,1.10602,36.151,1,2,0,0.4
0.845,0.475,3.76313,-4,1.17727,35.1667,1,2,0,0.4
0.845,0.485,3.67804,-4,1.25592,34.1063,1,2,0,0.4
0.845,0.495,3.59797,-4,1.33047,33.1264,1,2,0,0.4
0.845,0.505,3.43966,-4.37336,1.39658,32.3411,1,2,0,0.4
0.845,0.515,3.21576,-5.62523,1.47125,31.9571,1,2,0,0.4
0.845,0.525,3.26199,-7.99263,1.60587,32.0298,1,2,0,0.4
0.845,0.535,4.20289,-10.7931,1.82379,32.065,1,2,0,0.4
0.845,0.545,6.92314,-12.8606,2.04809,31.6184,1,2,0,0.4
0.845,0.555,12.8183,-13.964,2.19341,31.4906,1,2,0,0.4
0.845,0.565,23.8714,-14.4785,2.27844,32.8857,1,2,0,0.4
0.845,0.575,42.2502,-14.7183,2.3562,36.2916,1,2,0,0.4
0.845,0.585,70.3831,-14.8363,2.43474,42.3881,1,2,0,0.4
0.845,0.595,110.509,-14.8987,2.51124,51.56,1,2,0,0.4
0.845,0.605,164.016,-14.9342,2.58242,63.8345,1,2,0,0.4
0.845,0.615,230.842,-14.9557,2.64665,78.9171,1,2,0,0.4
0.845,0.625,309.199,-14.9696,2.70369,96.2369,1,2,0,0.4
0.845,0.635,395.724,-14.9788,2.75391,115.016,1,2,0,0.4
0.845,0.645,486.012,-14.9852,2.79791,134.37,1,2,0,0.4
0.845,0.655,575.352,-14.9897,2.83623,153.417,1,2,0,0.4
0.845,0.665,659.459,-14.9929,2.86934,171.381,1,2,0,0.4
0.845,0.675,735.017,-14.9952,2.89761,187.666,1,2,0,0.4
0.845,0.685,799.966,-14.9968,2.92139,201.886,1,2,0,0.4
0.845,0.695,853.508,-14.9979,2.94102,213.867,1,2,0,0.4
0.845,0.705,895.922,-14.9987,2.95684,223.617,1,2,0,0.4
0.845,0.715,928.26,-14.9992,2.96927,231.285,1,2,0,0.4
0.845,0.725,952.023,-14.9995,2.97874,237.114,1,2,0,0.4
0.845,0.735,968.869,-14.9997,2.98574,241.394,1,2,0,0.4
0.845,0.745,980.4,-14.9998,2.99073,244.429,1,2,0,0.4
0.845,0.755,988.027,-14.9999,2.99416,246.506,1,2,0,0.4
0.845,0.765,992.902,-15,2.99644,247.878,1,2,0,0.4
0.845,0.775,995.916,-15,2.9979,248.753,1,2,0,0.4
0.845,0.785,997.72,-15,2.9988,249.29,1,2,0,0.4
0.845,0.795,998.764,-15,2.99934,249.608,1,2,0,0.4
0.845,0.805,999.349,-15,2.99965,249.791,1,2,0,0.4
0.845,0.815,999.667,-15,2.99982,249.892,1,2,0,0.4
0.845,0.825,999.835,-15,2.99991,249.946,1,2,0,0.4
0.845,0.835,999.92,-15,2.99996,249.973,1,2,0,0.4
0.845,0.845,999.963,-15,2.99998,249.987,1,2,0,0.4
0.845,0.855,999.983,-15,2.99999,249.994,1,2,0,0.4
0.845,0.865,999.992,-15,3,249.997,1,2,0,0.4
0.845,0.875,999.997,-15,3,249.999,1,2,0,0.4
0.845,0.885,999.999,-15,3,250,1,2,0,0.4
0.845,0.895,999.999,-15,3,250,1,2,0,0.4
0.845,0.905,1000,-15,3,250,1,2,0,0.4
0.845,0.915,1000,-15,3,250,1,2,0,0.4
0.845,0.925,1000,-15,3,250,1,2,0,0.4
0.845,0.935,1000,-15,3,250,1,2,0,0.4
0.845,0.945,1000,-15,3,250,1,2,0,0.4
0.845,0.955,1000,-15,3,250,1,2,0,0.4
0.845,0.965,1000,-15,3,250,1,2,0,0.4
0.845,0.975,1000,-15,3,250,1,2,0,0.4
0.845,0.985,1000,-15,3,250,1,2,0,0.4
0.845,0.995,1000,-15,3,250,1,2,0,0.4
0.855,0.005,3,-4,2,25.4,1,2,0,0.4
0.855,0.015,3,-4,2,25.4,1,2,0,0.4
0.855,0.025,3,-4,2,25.4,1,2,0,0.4
0.855,0.035,3,-4,2,25.4,1,2,0,0.4
0.855,0.045,3,-4,2,25.4,1,2,0,0.4
0.855,0.055,3,-4,2,25.4,1,2,0,0.4
0.855,0.065,3,-4,2,25.4,1,2,0,0.4
0.855,0.075,3,-4,2,25.4,1,2,0,0.4
0.855,0.085,3,-4,2,25.4,1,2,0,0.4
0.855,0.095,3,-4,2,25.4,1,2,0,0.4
0.855,0.105,3,-4,2,25.4,1,2,0,0.4
0.855,0.115,3,-4,2,25.4,1,2,0,0.4
0.855,0.125,3,-4,2,25.4,1,2,0,0.4
0.855,0.135,3,-4,2,25.4,1,2,0,0.4
0.855,0.145,3,-4,2,25.4,1,2,0,0.4
0.855,0.155,3,-4,2,25.4,1,2,0,0.4
0.855,0.165,3,-4,2,25.4,1,2,0,0.4
0.855,0.175,3,-4,2,25.4,1,2,0,0.4
0.855,0.185,3,-4,2,25.4,1,2,0,0.4
0.855,0.195,3,-4,2,25.4,1,2,0,0.4
0.855,0.205,3.00046,-3.9994,1.99998,25.4061,1,2,0,0.4
0.855,0.215,3.00776,-3.98908,1.99978,25.509,1,2,0,0.4
0.855,0.225,3.02566,-3.96204,1.99911,25.7777,1,2,0,0.4
0.855,0.235,3.05432,-3.91671,1.99807,26.232,1,2,0,0.4
0.855,0.245,3.08928,-3.85979,1.99714,26.8116,1,2,0,0.4
0.855,0.255,3.12391,-3.80263,1.99675,27.404,1,2,0,0.4
0.855,0.265,3.15126,-3.75744,1.99721,27.8795,1,2,0,0.4
0.855,0.275,3.16574,-3.73383,1.99852,28.1301,1,2,0,0.4
0.855,0.285,3.1646,-3.73638,2.00026,28.1022,1,2,0,0.4
0.855,0.295,3.14821,-3.76423,2.00193,27.8058,1,2,0,0.4
0.855,0.305,3.11975,-3.81167,2.00306,27.3078,1,2,0,0.4
0.855,0.315,3.08512,-3.86849,2.00329,26.7211,1,2,0,0.4
0.855,0.325,3.05091,-3.92331,2.00277,26.1648,1,2,0,0.4
0.855,0.335,3.02334,-3.96593,2.00181,25.7378,1,2,0,0.4
0.855,0.345,3.00628,-3.99098,2.00092,25.4877,1,2,0,0.4
0.855,0.355,3.00002,-3.99986,2.00021,25.4004,1,2,0,0.4
0.855,0.365,3.00137,-4,1.99843,25.4163,1,2,0,0.4
0.855,0.375,3.00795,-4,1.99087,25.4944,1,2,0,0.4
0.855,0.385,3.03025,-4,1.96525,25.7607,1,2,0,0.4
0.855,0.395,3.09192,-4,1.89469,26.505,1,2,0,0.4
0.855,0.405,3.22521,-4,1.74483,28.1448,1,2,0,0.4
0.855,0.415,3.43355,-4,1.51967,30.7713,1,2,0,0.4
0.855,0.425,3.65784,-4,1.29002,33.6665,1,2,0,0.4
0.855,0.435,3.82249,-4,1.12915,35.8327,1,2,0,0.4
0.855,0.445,3.89703,-4,1.05765,36.8327,1,2,0,0.4
0.855,0.455,3.89416,-4,1.05862,36.8179,1,2,0,0.4
0.855,0.465,3.84122,-4,1.10602,36.151,1,2,0,0.4
0.855,0.475,3.76313,-4,1.17727,35.1667,1,2,0,0.4
0.855,0.485,3.67804,-4,1.25592,34.1063,1,2,0,0.4
0.855,0.495,3.59797,-4,1.33047,33.1264,1,2,0,0.4
0.855,0.505,3.43966,-4.37336,1.39658,32.3411,1,2,0,0.4
0.855,0.515,3.21576,-5.62523,1.47125,31.9571,1,2,0,0.4
0.855,0.525,3.26199,-7.99263,1.60587,32.0298,1,2,0,0.4
0.855,0.535,4.20289,-10.7931,1.82379,32.065,1,2,0,0.4
0.855,0.545,6.92314,-12.8606,2.04809,31.6184,1,2,0,0.4
0.855,0.555,12.8183,-13.964,2.19341,31.4906,1,2,0,0.4
0.855,0.565,23.8714,-14.4785,2.27844,32.8857,1,2,0,0.4
0.855,0.575,42.2502,-14.7183,2.3562,36.2916,1,2,0,0.4
0.855,0.585,70.3831,-14.8363,2.43474,42.3881,1,2,0,0.4
0.855,0.595,110.509,-14.8987,2.51124,51.56,1,2,0,0.4
0.855,0.605,164.016,-14.9342,2.58242,63.8345,1,2,0,0.4
0.855,0.615,230.842,-14.9557,2.64665,78.9171,1,2,0,0.4
0.855,0.625,309.199,-14.9696,2.70369,96.2369,1,2,0,0.4
0.855,0.635,395.724,-14.9788,2.75391,115.016,1,2,0,0.4
0.855,0.645,486.012,-14.9852,2.79791,134.37,1,2,0,0.4
0.855,0.655,575.352,-14.9897,2.83623,153.417,1,2,0,0.4
0.855,0.665,659.459,-14.9929,2.86934,171.381,1,2,0,0.4
0.855,0.675,735.017,-14.9952,2.89761,187.666,1,2,0,0.4
0.855,0.685,799.966,-14.9968,2.92139,201.886,1,2,0,0.4
0.855,0.695,853.508,-14.9979,2.94102,213.867,1,2,0,0.4
0.855,0.705,895.922,-14.9987,2.95684,223.617,1,2,0,0.4
0.855,0.715,928.26,-14.9992,2.96927,231.285,1,2,0,0.4
0.855,0.725,952.023,-14.9995,2.97874,237.114,1,2,0,0.4
0.855,0.735,968.869,-14.9997,2.98574,241.394,1,2,0,0.4
0.855,0.745,980.4,-14.9998,2.99073,244.429,1,2,0,0.4
0.855,0.755,988.027,-14.9999,2.99416,246.506,1,2,0,0.4
0.855,0.765,992.902,-15,2.99644,247.878,1,2,0,0.4
0.855,0.775,995.916,-15,2.9979,248.753,1,2,0,0.4
0.855,0.785,997.72,-15,2.9988,249.29,1,2,0,0.4
0.855,0.795,998.764,-15,2.99934,249.608,1,2,0,0.4
0.855,0.805,999.349,-15,2.99965,249.791,1,2,0,0.4
0.855,0.815,999.667,-15,2.99982,249.892,1,2,0,0.4
0.855,0.825,999.835,-15,2.99991,249.946,1,2,0,0.4
0.855,0.835,999.92,-15,2.99996,249.973,1,2,0,0.4
0.855,0.845,999.963,-15,2.99998,249.987,1,2,0,0.4
0.855,0.855,999.983,-15,2.99999,249.994,1,2,0,0.4
0.855,0.865,999.992,-15,3,249.997,1,2,0,0.4
0.855,0.875,999.997,-15,3,249.999,1,2,0,0.4
0.855,0.885,999.999,-15,3,250,1,2,0,0.4
0.855,0.895,999.999,-15,3,250,1,2,0,0.4
0.855,0.905,1000,-15,3,250,1,2,0,0.4
0.855,0.915,1000,-15,3,250,1,2,0,0.4
0.855,0.925,1000,-15,3,250,1,2,0,0.4
0.855,0.935,1000,-15,3,250,1,2,0,0.4
0.855,0.945,1000,-15,3,250,1,2,0,0.4
0.855,0.955,1000,-15,3,250,1,2,0,0.4
0.855,0.965,1000,-15,3,250,1,2,0,0.4
0.855,0.975,1000,-15,3,250,1,2,0,0.4
0.855,0.985,1000,-15,3,250,1,2,0,0.4
0.855,0.995,1000,-15,3,250,1,2,0,0.4
0.865,0.005,3,-4,2,25.4,1,2,0,0.4
0.865,0.015,3,-4,2,25.4,1,2,0,0.4
0.865,0.025,3,-4,2,25.4,1,2,0,0.4
0.865,0.035,3,-4,2,25.4,1,2,0,0.4
0.865,0.045,3,-4,2,25.4,1,2,0,0.4
0.865,0.055,3,-4,2,25.4,1,2,0,0.4
0.865,0.065,3,-4,2,25.4,1,2,0,0.4
0.865,0.075,3,-4,2,25.4,1,2,0,0.4
0.865,0.085,3,-4,2,25.4,1,2,0,0.4
0.865,0.095,3,-4,2,25.4,1,2,0,0.4
0.865,0.105,3,-4,2,25.4,1,2,0,0.4
0.865,0.115,3,-4,2,25.4,1,2,0,0.4
0.865,0.125,3,-4,2,25.4,1,2,0,0.4
0.865,0.135,3,-4,2,25.4,1,2,0,0.4
0.865,0.145,3,-4,2,25.4,1,2,0,0.4
0.865,0.155,3,-4,2,25.4,1,2,0,0.4
0.865,0.165,3,-4,2,25.4,1,2,0,0.4
0.865,0.175,3,-4,2,25.4,1,2,0,0.4
0.865,0.185,3,-4,2,25.4,1,2,0,0.4
0.865,0.195,3,-4,2,25.4,1,2,0,0.4
0.865,0.205,3,-4,2,25.4,1,2,0,0.4
0.865,0.215,3,-4,2,25.4,1,2,0,0.4
0.865,0.225,3,-4,2,25.4,1,2,0,0.4
0.865,0.235,3,-4,2,25.4,1,2,0,0.4
0.865,0.245,3,-4,2,25.4,1,2,0,0.4
0.865,0.255,3,-4,2,25.4,1,2,0,0.4
0.865,0.265,3,-4,2,25.4,1,2,0,0.4
0.865,0.275,3,-4,2,25.4,1,2,0,0.4
0.865,0.285,3,-4,2,25.4,1,2,0,0.4
0.865,0.295,3,-4,2,25.4,1,2,0,0.4
0.865,0.305,2.99999,-4,2.00001,25.3999,1,2,0,0.4
0.865,0.315,2.99997,-4,2.00004,25.3996,1,2,0,0.4
0.865,0.325,2.99992,-4,2.00009,25.3991,1,2,0,0.4
0.865,0.335,2.99984,-4,2.00019,25.3981,1,2,0,0.4
0.865,0.345,2.99974,-4,2.0003,25.3969,1,2,0,0.4
0.865,0.355,2.99988,-4,2.00013,25.3986,1,2,0,0.4
0.865,0.365,3.00137,-4,1.99843,25.4162,1,2,0,0.4
0.865,0.375,3.00795,-4,1.99087,25.4944,1,2,0,0.4
0.865,0.385,3.03025,-4,1.96525,25.7607,1,2,0,0.4
0.865,0.395,3.09192,-4,1.89469,26.505,1,2,0,0.4
0.865,0.405,3.22521,-4,1.74483,28.1448,1,2,0,0.4
0.865,0.415,3.43355,-4,1.51967,30.7713,1,2,0,0.4
0.865,0.425,3.65784,-4,1.29002,33.6665,1,2,0,0.4
0.865,0.435,3.82249,-4,1.12915,35.8327,1,2,0,0.4
0.865,0.445,3.89703,-4,1.05765,36.8327,1,2,0,0.4
0.865,0.455,3.89416,-4,1.05862,36.8179,1,2,0,0.4
0.865,0.465,3.84122,-4,1.10602,36.151,1,2,0,0.4
0.865,0.475,3.76313,-4,1.17727,35.1667,1,2,0,0.4
0.865,0.485,3.67804,-4,1.25592,34.1063,1,2,0,0.4
0.865,0.495,3.59797,-4,1.33047,33.1264,1,2,0,0.4
0.865,0.505,3.43966,-4.37336,1.39658,32.3411,1,2,0,0.4
0.865,0.515,3.21576,-5.62523,1.47125,31.9571,1,2,0,0.4
0.865,0.525,3.26199,-7.99263,1.60587,32.0298,1,2,0,0.4
0.865,0.535,4.20289,-10.7931,1.82379,32.065,1,2,0,0.4
0.865,0.545,6.92314,-12.8606,2.04809,31.6184,1,2,0,0.4
0.865,0.555,12.8183,-13.964,2.19341,31.4906,1,2,0,0.4
0.865,0.565,23.8714,-14.4785,2.27844,32.8857,1,2,0,0.4
0.865,0.575,42.2502,-14.7183,2.3562,36.2916,1,2,0,0.4
0.865,0.585,70.3831,-14.8363,2.43474,42.3881,1,2,0,0.4
0.865,0.595,110.509,-14.8987,2.51124,51.56,1,2,0,0.4
0.865,0.605,164.016,-14.9342,2.58242,63.8345,1,2,0,0.4
0.865,0.615,230.842,-14.9557,2.64665,78.9171,1,2,0,0.4
0.865,0.625,309.199,-14.9696,2.70369,96.2369,1,2,0,0.4
0.865,0.635,395.724,-14.9788,2.75391,115.016,1,2,0,0.4
0.865,0.645,486.012,-14.9852,2.79791,134.37,1,2,0,0.4
0.865,0.655,575.352,-14.9897,2.83623,153.417,1,2,0,0.4
0.865,0.665,659.459,-14.9929,2.86934,171.381,1,2,0,0.4
0.865,0.675,735.017,-14.9952,2.89761,187.666,1,2,0,0.4
0.865,0.685,799.966,-14.9968,2.92139,201.886,1,2,0,0.4
0.865,0.695,853.508,-14.9979,2.94102,213.867,1,2,0,0.4
0.865,0.705,895.922,-14.9987,2.95684,223.617,1,2,0,0.4
0.865,0.715,928.26,-14.9992,2.96927,231.285,1,2,0,0.4
0.865,0.725,952.023,-14.9995,2.97874,237.114,1,2,0,0.4
0.865,0.735,968.869,-14.9997,2.98574,241.394,1,2,0,0.4
0.865,0.745,980.4,-14.9998,2.99073,244.429,1,2,0,0.4
0.865,0.755,988.027,-14.9999,2.99416,246.506,1,2,0,0.4
0.865,0.765,992.902,-15,2.99644,247.878,1,2,0,0.4
0.865,0.775,995.916,-15,2.9979,248.753,1,2,0,0.4
0.865,0.785,997.72,-15,2.9988,249.29,1,2,0,0.4
0.865,0.795,998.764,-15,2.99934,249.608,1,2,0,0.4
0.865,0.805,999.349,-15,2.99965,249.791,1,2,0,0.4
0.865,0.815,999.667,-15,2.99982,249.892,1,2,0,0.4
0.865,0.825,999.835,-15,2.99991,249.946,1,2,0,0.4
0.865,0.835,999.92,-15,2.99996,249.973,1,2,0,0.4
0.865,0.845,999.963,-15,2.99998,249.987,1,2,0,0.4
0.865,0.855,999.983,-15,2.99999,249.994,1,2,0,0.4
0.865,0.865,999.992,-15,3,249.997,1,2,0,0.4
0.865,0.875,999.997,-15,3,249.999,1,2,0,0.4
0.865,0.885,999.999,-15,3,250,1,2,0,0.4
0.865,0.895,999.999,-15,3,250,1,2,0,0.4
0.865,0.905,1000,-15,3,250,1,2,0,0.4
0.865,0.915,1000,-15,3,250,1,2,0,0.4
0.865,0.925,1000,-15,3,250,1,2,0,0.4
0.865,0.935,1000,-15,3,250,1,2,0,0.4
0.865,0.945,1000,-15,3,250,1,2,0,0.4
0.865,0.955,1000,-15,3,250,1,2,0,0.4
0.865,0.965,1000,-15,3,250,1,2,0,0.4
0.865,0.975,1000,-15,3,250,1,2,0,0.4
0.865,0.985,1000,-15,3,250,1,2,0,0.4
0.865,0.995,1000,-15,3,250,1,2,0,0.4
0.875,0.005,3,-4,2,25.4,1,2,0,0.4
0.875,0.015,3,-4,2,25.4,1,2,0,0.4
0.875,0.025,3,-4,2,25.4,1,2,0,0.4
0.875,0.035,3,-4,2,25.4,1,2,0,0.4
0.875,0.045,3,-4,2,25.4,1,2,0,0.4
0.875,0.055,3,-4,2,25.4,1,2,0,0.4
0.875,0.065,3,-4,2,25.4,1,2,0,0.4
0.875,0.075,3,-4,2,25.4,1,2,0,0.4
0.875,0.085,3,-4,2,25.4,1,2,0,0.4
0.875,0.095,3,-4,2,25.4,1,2,0,0.4
0.875,0.105,3,-4,2,25.4,1,2,0,0.4
0.875,0.115,3,-4,2,25.4,1,2,0,0.4
0.875,0.125,3,-4,2,25.4,1,2,0,0.4
0.875,0.135,3,-4,2,25.4,1,2,0,0.4
0.875,0.145,3,-4,2,25.4,1,2,0,0.4
0.875,0.155,3,-4,2,25.4,1,2,0,0.4
0.875,0.165,3,-4,2,25.4,1,2,0,0.4
0.875,0.175,3,-4,2,25.4,1,2,0,0.4
0.875,0.185,3,-4,2,25.4,1,2,0,0.4
0.875,0.195,3,-4,2,25.4,1,2,0,0.4
0.875,0.205,3,-4,2,25.4,1,2,0,0.4
0.875,0.215,3,-4,2,25.4,1,2,0,0.4
0.875,0.225,3,-4,2,25.4,1,2,0,0.4
0.875,0.235,3,-4,2,25.4,1,2,0,0.4
0.875,0.245,3,-4,2,25.4,1,2,0,0.4
0.875,0.255,3,-4,2,25.4,1,2,0,0.4
0.875,0.265,3,-4,2,25.4,1,2,0,0.4
0.875,0.275,3,-4,2,25.4,1,2,0,0.4
0.875,0.285,3,-4,2,25.4,1,2,0,0.4
0.875,0.295,3,-4,2,25.4,1,2,0,0.4
0.875,0.305,2.99999,-4,2.00001,25.3999,1,2,0,0.4
0.875,0.315,2.99997,-4,2.00004,25.3996,1,2,0,0.4
0.875,0.325,2.99992,-4,2.00009,25.3991,1,2,0,0.4
0.875,0.335,2.99984,-4,2.00019,25.3981,1,2,0,0.4
0.875,0.345,2.99974,-4,2.0003,25.3969,1,2,0,0.4
0.875,0.355,2.99988,-4,2.00013,25.3986,1,2,0,0.4
0.875,0.365,3.00137,-4,1.99843,25.4162,1,2,0,0.4
0.875,0.375,3.00795,-4,1.99087,25.4944,1,2,0,0.4
0.875,0.385,3.03025,-4,1.96525,25.7607,1,2,0,0.4
0.875,0.395,3.09192,-4,1.89469,26.505,1,2,0,0.4
0.875,0.405,3.22521,-4,1.74483,28.1448,1,2,0,0.4
0.875,0.415,3.43355,-4,1.51967,30.7713,1,2,0,0.4
0.875,0.425,3.65784,-4,1.29002,33.6665,1,2,0,0.4
0.875,0.435,3.82249,-4,1.12915,35.8327,1,2,0,0.4
0.875,0.445,3.89703,-4,1.05765,36.8327,1,2,0,0.4
0.875,0.455,3.89416,-4,1.05862,36.8179,1,2,0,0.4
0.875,0.465,3.84122,-4,1.10602,36.151,1,2,0,0.4
0.875,0.475,3.76313,-4,1.17727,35.1667,1,2,0,0.4
0.875,0.485,3.67804,-4,1.25592,34.1063,1,2,0,0.4
0.875,0.495,3.59797,-4,1.33047,33.1264,1,2,0,0.4
0.875,0.505,3.43966,-4.37336,1.39658,32.3411,1,2,0,0.4
0.875,0.515,3.21576,-5.62523,1.47125,31.9571,1,2,0,0.4
0.875,0.525,3.26199,-7.99263,1.60587,32.0298,1,2,0,0.4
0.875,0.535,4.20289,-10.7931,1.82379,32.065,1,2,0,0.4
0.875,0.545,6.92314,-12.8606,2.04809,31.6184,1,2,0,0.4
0.875,0.555,12.8183,-13.964,2.19341,31.4906,1,2,0,0.4
0.875,0.565,23.8714,-14.4785,2.27844,32.8857,1,2,0,0.4
0.875,0.575,42.2502,-14.7183,2.3562,36.2916,1,2,0,0.4
0.875,0.585,70.3831,-14.8363,2.43474,42.3881,1,2,0,0.4
0.875,0.595,110.509,-14.8987,2.51124,51.56,1,2,0,0.4
0.875,0.605,164.016,-14.9342,2.58242,63.8345,1,2,0,0.4
0.875,0.615,230.842,-14.9557,2.64665,78.9171,1,2,0,0.4
0.875,0.625,309.199,-14.9696,2.70369,96.2369,1,2,0,0.4
0.875,0.635,395.724,-14.9788,2.75391,115.016,1,2,0,0.4
0.875,0.645,486.012,-14.9852,2.79791,134.37,1,2,0,0.4
0.875,0.655,575.352,-14.9897,2.83623,153.417,1,2,0,0.4
0.875,0.665,659.459,-14.9929,2.86934,171.381,1,2,0,0.4
0.875,0.675,735.017,-14.9952,2.89761,187.666,1,2,0,0.4
0.875,0.685,799.966,-14.9968,2.92139,201.886,1,2,0,0.4
0.875,0.695,853.508,-14.9979,2.94102,213.867,1,2,0,0.4
0.875,0.705,895.922,-14.9987,2.95684,223.617,1,2,0,0.4
0.875,0.715,928.26,-14.9992,2.96927,231.285,1,2,0,0.4
0.875,0.725,952.023,-14.9995,2.97874,237.114,1,2,0,0.4
0.875,0.735,968.869,-14.9997,2.98574,241.394,1,2,0,0.4
0.875,0.745,980.4,-14.9998,2.99073,244.429,1,2,0,0.4
0.875,0.755,988.027,-14.9999,2.99416,246.506,1,2,0,0.4
0.875,0.765,992.902,-15,2.99644,247.878,1,2,0,0.4
0.875,0.775,995.916,-15,2.9979,248.753,1,2,0,0.4
0.875,0.785,997.72,-15,2.9988,249.29,1,2,0,0.4
0.875,0.795,998.764,-15,2.99934,249.608,1,2,0,0.4
0.875,0.805,999.349,-15,2.99965,249.791,1,2,0,0.4
0.875,0.815,999.667,-15,2.99982,249.892,1,2,0,0.4
0.875,0.825,999.835,-15,2.99991,249.946,1,2,0,0.4
0.875,0.835,999.92,-15,2.99996,249.973,1,2,0,0.4
0.875,0.845,999.963,-15,2.99998,249.987,1,2,0,0.4
0.875,0.855,999.983,-15,2.99999,249.994,1,2,0,0.4
0.875,0.865,999.992,-15,3,249.997,1,2,0,0.4
0.875,0.875,999.997,-15,3,249.999,1,2,0,0.4
0.875,0.885,999.999,-15,3,250,1,2,0,0.4
0.875,0.895,999.999,-15,3,250,1,2,0,0.4
0.875,0.905,1000,-15,3,250,1,2,0,0.4
0.875,0.915,1000,-15,3,250,1,2,0,0.4
0.875,0.925,1000,-15,3,250,1,2,0,0.4
0.875,0.935,1000,-15,3,250,1,2,0,0.4
0.875,0.945,1000,-15,3,250,1,2,0,0.4
0.875,0.955,1000,-15,3,250,1,2,0,0.4
0.875,0.965,1000,-15,3,250,1,2,0,0.4
0.875,0.975,1000,-15,3,250,1,2,0,0.4
0.875,0.985,1000,-15,3,250,1,2,0,0.4
0.875,0.995,1000,-15,3,250,1,2,0,0.4
0.885,0.005,3,-4,2,25.4,1,2,0,0.4
0.885,0.015,3,-4,2,25.4,1,2,0,0.4
0.885,0.025,3,-4,2,25.4,1,2,0,0.4
0.885,0.035,3,-4,2,25.4,1,2,0,0.4
0.885,0.045,3,-4,2,25.4,1,2,0,0.4
0.885,0.055,3,-4,2,25.4,1,2,0,0.4
0.885,0.065,3,-4,2,25.4,1,2,0,0.4
0.885,0.075,3,-4,2,25.4,1,2,0,0.4
0.885,0.085,3,-4,2,25.4,1,2,0,0.4
0.885,0.095,3,-4,2,25.4,1,2,0,0.4
0.885,0.105,3,-4,2,25.4,1,2,0,0.4
0.885,0.115,3,-4,2,25.4,1,2,0,0.4
0.885,0.125,3,-4,2,25.4,1,2,0,0.4
0.885,0.135,3,-4,2,25.4,1,2,0,0.4
0.885,0.145,3,-4,2,25.4,1,2,0,0.4
0.885,0.155,3,-4,2,25.4,1,2,0,0.4
0.885,0.165,3,-4,2,25.4,1,2,0,0.4
0.885,0.175,3,-4,2,25.4,1,2,0,0.4
0.885,0.185,3,-4,2,25.4,1,2,0,0.4
0.885,0.195,3,-4,2,25.4,1,2,0,0.4
0.885,0.205,3,-4,2,25.4,1,2,0,0.4
0.885,0.215,3,-4,2,25.4,1,2,0,0.4
0.885,0.225,3,-4,2,25.4,1,2,0,0.4
0.885,0.235,3,-4,2,25.4,1,2,0,0.4
0.885,0.245,3,-4,2,25.4,1,2,0,0.4
0.885,0.255,3,-4,2,25.4,1,2,0,0.4
0.885,0.265,3,-4,2,25.4,1,2,0,0.4
0.885,0.275,3,-4,2,25.4,1,2,0,0.4
0.885,0.285,3,-4,2,25.4,1,2,0,0.4
0.885,0.295,3,-4,2,25.4,1,2,0,0.4
0.885,0.305,2.99999,-4,2.00001,25.3999,1,2,0,0.4
0.885,0.315,2.99997,-4,2.00004,25.3996,1,2,0,0.4
0.885,0.325,2.99992,-4,2.00009,25.3991,1,2,0,0.4
0.885,0.335,2.99984,-4,2.00019,25.3981,1,2,0,0.4
0.885,0.345,2.99974,-4,2.0003,25.3969,1,2,0,0.4
0.885,0.355,2.99988,-4,2.00013,25.3986,1,2,0,0.4
0.885,0.365,3.00137,-4,1.99843,25.4162,1,2,0,0.4
0.885,0.375,3.00795,-4,1.99087,25.4944,1,2,0,0.4
0.885,0.385,3.03025,-4,1.96525,25.7607,1,2,0,0.4
0.885,0.395,3.09192,-4,1.89469,26.505,1,2,0,0.4
0.885,0.405,3.22521,-4,1.74483,28.1448,1,2,0,0.4
0.885,0.415,3.43355,-4,1.51967,30.7713,1,2,0,0.4
0.885,0.425,3.65784,-4,1.29002,33.6665,1,2,0,0.4
0.885,0.435,3.82249,-4,1.12915,35.8327,1,2,0,0.4
0.885,0.445,3.89703,-4,1.05765,36.8327,1,2,0,0.4
0.885,0.455,3.89416,-4,1.05862,36.8179,1,2,0,0.4
0.885,0.465,3.84122,-4,1.10602,36.151,1,2,0,0.4
0.885,0.475,3.76313,-4,1.17727,35.1667,1,2,0,0.4
0.885,0.485,3.67804,-4,1.25592,34.1063,1,2,0,0.4
0.885,0.495,3.59797,-4,1.33047,33.1264,1,2,0,0.4
0.885,0.505,3.43966,-4.37336,1.39658,32.3411,1,2,0,0.4
0.885,0.515,3.21576,-5.62523,1.47125,31.9571,1,2,0,0.4
0.885,0.525,3.26199,-7.99263,1.60587,32.0298,1,2,0,0.4
0.885,0.535,4.20289,-10.7931,1.82379,32.065,1,2,0,0.4
0.885,0.545,6.92314,-12.8606,2.04809,31.6184,1,2,0,0.4
0.885,0.555,12.8183,-13.964,2.19341,31.4906,1,2,0,0.4
0.885,0.565,23.8714,-14.4785,2.27844,32.8857,1,2,0,0.4
0.885,0.575,42.2502,-14.7183,2.3562,36.2916,1,2,0,0.4
0.885,0.585,70.3831,-14.8363,2.43474,42.3881,1,2,0,0.4
0.885,0.595,110.509,-14.8987,2.51124,51.56,1,2,0,0.4
0.885,0.605,164.016,-14.9342,2.58242,63.8345,1,2,0,0.4
0.885,0.615,230.842,-14.9557,2.64665,78.9171,1,2,0,0.4
0.885,0.625,309.199,-14.9696,2.70369,96.2369,1,2,0,0.4
0.885,0.635,395.724,-14.9788,2.75391,115.016,1,2,0,0.4
0.885,0.645,486.012,-14.9852,2.79791,134.37,1,2,0,0.4
0.885,0.655,575.352,-14.9897,2.83623,153.417,1,2,0,0.4
0.885,0.665,659.459,-14.9929,2.86934,171.381,1,2,0,0.4
0.885,0.675,735.017,-14.9952,2.89761,187.666,1,2,0,0.4
0.885,0.685,799.966,-14.9968,2.92139,201.886,1,2,0,0.4
0.885,0.695,853.508,-14.9979,2.94102,213.867,1,2,0,0.4
0.885,0.705,895.922,-14.9987,2.95684,223.617,1,2,0,0.4
0.885,0.715,928.26,-14.9992,2.96927,231.285,1,2,0,0.4
0.885,0.725,952.023,-14.9995,2.97874,237.114,1,2,0,0.4
0.885,0.735,968.869,-14.9997,2.98574,241.394,1,2,0,0.4
0.885,0.745,980.4,-14.9998,2.99073,244.429,1,2,0,0.4
0.885,0.755,988.027,-14.9999,2.99416,246.506,1,2,0,0.4
0.885,0.765,992.902,-15,2.99644,247.878,1,2,0,0.4
0.885,0.775,995.916,-15,2.9979,248.753,1,2,0,0.4
0.885,0.785,997.72,-15,2.9988,249.29,1,2,0,0.4
0.885,0.795,998.764,-15,2.99934,249.608,1,2,0,0.4
0.885,0.805,999.349,-15,2.99965,249.791,1,2,0,0.4
0.885,0.815,999.667,-15,2.99982,249.892,1,2,0,0.4
0.885,0.825,999.835,-15,2.99991,249.946,1,2,0,0.4
0.885,0.835,999.92,-15,2.99996,249.973,1,2,0,0.4
0.885,0.845,999.963,-15,2.99998,249.987,1,2,0,0.4
0.885,0.855,999.983,-15,2.99999,249.994,1,2,0,0.4
0.885,0.865,999.992,-15,3,249.997,1,2,0,0.4
0.885,0.875,999.997,-15,3,249.999,1,2,0,0.4
0.885,0.885,999.999,-15,3,250,1,2,0,0.4
0.885,0.895,999.999,-15,3,250,1,2,0,0.4
0.885,0.905,1000,-15,3,250,1,2,0,0.4
0.885,0.915,1000,-15,3,250,1,2,0,0.4
0.885,0.925,1000,-15,3,250,1,2,0,0.4
0.885,0.935,1000,-15,3,250,1,2,0,0.4
0.885,0.945,1000,-15,3,250,1,2,0,0.4
0.885,0.955,1000,-15,3,250,1,2,0,0.4
0.885,0.965,1000,-15,3,250,1,2,0,0.4
0.885,0.975,1000,-15,3,250,1,2,0,0.4
0.885,0.985,1000,-15,3,250,1,2,0,0.4
0.885,0.995,1000,-15,3,250,1,2,0,0.4
0.895,0.005,3,-4,2,25.4,1,2,0,0.4
0.895,0.015,3,-4,2,25.4,1,2,0,0.4
0.895,0.025,3,-4,2,25.4,1,2,0,0.4
0.895,0.035,3,-4,2,25.4,1,2,0,0.4
0.895,0.045,3,-4,2,25.4,1,2,0,0.4
0.895,0.055,3,-4,2,25.4,1,2,0,0.4
0.895,0.065,3,-4,2,25.4,1,2,0,0.4
0.895,0.075,3,-4,2,25.4,1,2,0,0.4
0.895,0.085,3,-4,2,25.4,1,2,0,0.4
0.895,0.095,3,-4,2,25.4,1,2,0,0.4
0.895,0.105,3,-4,2,25.4,1,2,0,0.4
0.895,0.115,3,-4,2,25.4,1,2,0,0.4
0.895,0.125,3,-4,2,25.4,1,2,0,0.4
0.895,0.135,3,-4,2,25.4,1,2,0,0.4
0.895,0.145,3,-4,2,25.4,1,2,0,0.4
0.895,0.155,3,-4,2,25.4,1,2,0,0.4
0.895,0.165,3,-4,2,25.4,1,2,0,0.4
0.895,0.175,3,-4,2,25.4,1,2,0,0.4
0.895,0.185,3,-4,2,25.4,1,2,0,0.4
0.895,0.195,3,-4,2,25.4,1,2,0,0.4
0.895,0.205,3,-4,2,25.4,1,2,0,0.4
0.895,0.215,3,-4,2,25.4,1,2,0,0.4
0.895,0.225,3,-4,2,25.4,1,2,0,0.4
0.895,0.235,3,-4,2,25.4,1,2,0,0.4
0.895,0.245,3,-4,2,25.4,1,2,0,0.4
0.895,0.255,3,-4,2,25.4,1,2,0,0.4
0.895,0.265,3,-4,2,25.4,1,2,0,0.4
0.895,0.275,3,-4,2,25.4,1,2,0,0.4
0.895,0.285,3,-4,2,25.4,1,2,0,0.4
0.895,0.295,3,-4,2,25.4,1,2,0,0.4
0.895,0.305,2.99999,-4,2.00001,25.3999,1,2,0,0.4
0.895,0.315,2.99997,-4,2.00004,25.3996,1,2,0,0.4
0.895,0.325,2.99992,-4,2.00009,25.3991,1,2,0,0.4
0.895,0.335,2.99984,-4,2.00019,25.3981,1,2,0,0.4
0.895,0.345,2.99974,-4,2.0003,25.3969,1,2,0,0.4
0.895,0.355,2.99988,-4,2.00013,25.3986,1,2,0,0.4
0.895,0.365,3.00137,-4,1.99843,25.4162,1,2,0,0.4
0.895,0.375,3.00795,-4,1.99087,25.4944,1,2,0,0.4
0.895,0.385,3.03025,-4,1.96525,25.7607,1,2,0,0.4
0.895,0.395,3.09192,-4,1.89469,26.505,1,2,0,0.4
0.895,0.405,3.22521,-4,1.74483,28.1448,1,2,0,0.4
0.895,0.415,3.43355,-4,1.51967,30.7713,1,2,0,0.4
0.895,0.425,3.65784,-4,1.29002,33.6665,1,2,0,0.4
0.895,0.435,3.82249,-4,1.12915,35.8327,1,2,0,0.4
0.895,0.445,3.89703,-4,1.05765,36.8327,1,2,0,0.4
0.895,0.455,3.89416,-4,1.05862,36.8179,1,2,0,0.4
0.895,0.465,3.84122,-4,1.10602,36.151,1,2,0,0.4
0.895,0.475,3.76313,-4,1.17727,35.1667,1,2,0,0.4
0.895,0.485,3.67804,-4,1.25592,34.1063,1,2,0,0.4
0.895,0.495,3.59797,-4,1.33047,33.1264,1,2,0,0.4
0.895,0.505,3.43966,-4.37336,1.39658,32.3411,1,2,0,0.4
0.895,0.515,3.21576,-5.62523,1.47125,31.9571,1,2,0,0.4
0.895,0.525,3.26199,-7.99263,1.60587,32.0298,1,2,0,0.4
0.895,0.535,4.20289,-10.7931,1.82379,32.065,1,2,0,0.4
0.895,0.545,6.92314,-12.8606,2.04809,31.6184,1,2,0,0.4
0.895,0.555,12.8183,-13.964,2.19341,31.4906,1,2,0,0.4
0.895,0.565,23.8714,-14.4785,2.27844,32.8857,1,2,0,0.4
0.895,0.575,42.2502,-14.7183,2.3562,36.2916,1,2,0,0.4
0.895,0.585,70.3831,-14.8363,2.43474,42.3881,1,2,0,0.4
0.895,0.595,110.509,-14.8987,2.51124,51.56,1,2,0,0.4
0.895,0.605,164.016,-14.9342,2.58242,63.8345,1,2,0,0.4
0.895,0.615,230.842,-14.9557,2.64665,78.9171,1,2,0,0.4
0.895,0.625,309.199,-14.9696,2.70369,96.2369,1,2,0,0.4
0.895,0.635,395.724,-14.9788,2.75391,115.016,1,2,0,0.4
0.895,0.645,486.012,-14.9852,2.79791,134.37,1,2,0,0.4
0.895,0.655,575.352,-14.9897,2.83623,153.417,1,2,0,0.4
0.895,0.665,659.459,-14.9929,2.86934,171.381,1,2,0,0.4
0.895,0.675,735.017,-14.9952,2.89761,187.666,1,2,0,0.4
0.895,0.685,799.966,-14.9968,2.92139,201.886,1,2,0,0.4
0.895,0.695,853.508,-14.9979,2.94102,213.867,1,2,0,0.4
0.895,0.705,895.922,-14.9987,2.95684,223.617,1,2,0,0.4
0.895,0.715,928.26,-14.9992,2.96927,231.285,1,2,0,0.4
0.895,0.725,952.023,-14.9995,2.97874,237.114,1,2,0,0.4
0.895,0.735,968.869,-14.9997,2.98574,241.394,1,2,0,0.4
0.895,0.745,980.4,-14.9998,2.99073,244.429,1,2,0,0.4
0.895,0.755,988.027,-14.9999,2.99416,246.506,1,2,0,0.4
0.895,0.765,992.902,-15,2.99644,247.878,1,2,0,0.4
0.895,0.775,995.916,-15,2.9979,248.753,1,2,0,0.4
0.895,0.785,997.72,-15,2.9988,249.29,1,2,0,0.4
0.895,0.795,998.764,-15,2.99934,249.608,1,2,0,0.4
0.895,0.805,999.349,-15,2.99965,249.791,1,2,0,0.4
0.895,0.815,999.667,-15,2.99982,249.892,1,2,0,0.4
0.895,0.825,999.835,-15,2.99991,249.946,1,2,0,0.4
0.895,0.835,999.92,-15,2.99996,249.973,1,2,0,0.4
0.895,0.845,999.963,-15,2.99998,249.987,1,2,0,0.4
0.895,0.855,999.983,-15,2.99999,249.994,1,2,0,0.4
0.895,0.865,999.992,-15,3,249.997,1,2,0,0.4
0.895,0.875,999.997,-15,3,249.999,1,2,0,0.4
0.895,0.885,999.999,-15,3,250,1,2,0,0.4
0.895,0.895,999.999,-15,3,250,1,2,0,0.4
0.895,0.905,1000,-15,3,250,1,2,0,0.4
0.895,0.915,1000,-15,3,250,1,2,0,0.4
0.895,0.925,1000,-15,3,250,1,2,0,0.4
0.895,0.935,1000,-15,3,250,1,2,0,0.4
0.895,0.945,1000,-15,3,250,1,2,0,0.4
0.895,0.955,1000,-15,3,250,1,2,0,0.4
0.895,0.965,1000,-15,3,250,1,2,0,0.4
0.895,0.975,1000,-15,3,250,1,2,0,0.4
0.895,0.985,1000,-15,3,250,1,2,0,0.4
0.895,0.995,1000,-15,3,250,1,2,0,0.4
0.905,0.005,3,-4,2,25.4,1,2,0,0.4
0.905,0.015,3,-4,2,25.4,1,2,0,0.4
0.905,0.025,3,-4,2,25.4,1,2,0,0.4
0.905,0.035,3,-4,2,25.4,1,2,0,0.4
0.905,0.045,3,-4,2,25.4,1,2,0,0.4
0.905,0.055,3,-4,2,25.4,1,2,0,0.4
0.905,0.065,3,-4,2,25.4,1,2,0,0.4
0.905,0.075,3,-4,2,25.4,1,2,0,0.4
0.905,0.085,3,-4,2,25.4,1,2,0,0.4
0.905,0.095,3,-4,2,25.4,1,2,0,0.4
0.905,0.105,3,-4,2,25.4,1,2,0,0.4
0.905,0.115,3,-4,2,25.4,1,2,0,0.4
0.905,0.125,3,-4,2,25.4,1,2,0,0.4
0.905,0.135,3,-4,2,25.4,1,2,0,0.4
0.905,0.145,3,-4,2,25.4,1,2,0,0.4
0.905,0.155,3,-4,2,25.4,1,2,0,0.4
0.905,0.165,3,-4,2,25.4,1,2,0,0.4
0.905,0.175,3,-4,2,25.4,1,2,0,0.4
0.905,0.185,3,-4,2,25.4,1,2,0,0.4
0.905,0.195,3,-4,2,25.4,1,2,0,0.4
0.905,0.205,3,-4,2,25.4,1,2,0,0.4
0.905,0.215,3,-4,2,25.4,1,2,0,0.4
0.905,0.225,3,-4,2,25.4,1,2,0,0.4
0.905,0.235,3,-4,2,25.4,1,2,0,0.4
0.905,0.245,3,-4,2,25.4,1,2,0,0.4
0.905,0.255,3,-4,2,25.4,1,2,0,0.4
0.905,0.265,3,-4,2,25.4,1,2,0,0.4
0.905,0.275,3,-4,2,25.4,1,2,0,0.4
0.905,0.285,3,-4,2,25.4,1,2,0,0.4
0.905,0.295,3,-4,2,25.4,1,2,0,0.4
0.905,0.305,2.99999,-4,2.00001,25.3999,1,2,0,0.4
0.905,0.315,2.99997,-4,2.00004,25.3996,1,2,0,0.4
0.905,0.325,2.99992,-4,2.00009,25.3991,1,2,0,0.4
0.905,0.335,2.99984,-4,2.00019,25.3981,1,2,0,0.4
0.905,0.345,2.99974,-4,2.0003,25.3969,1,2,0,0.4
0.905,0.355,2.99988,-4,2.00013,25.3986,1,2,0,0.4
0.905,0.365,3.00137,-4,1.99843,25.4162,1,2,0,0.4
0.905,0.375,3.00795,-4,1.99087,25.4944,1,2,0,0.4
0.905,0.385,3.03025,-4,1.96525,25.7607,1,2,0,0.4
0.905,0.395,3.09192,-4,1.89469,26.505,1,2,0,0.4
0.905,0.405,3.22521,-4,1.74483,28.1448,1,2,0,0.4
0.905,0.415,3.43355,-4,1.51967,30.7713,1,2,0,0.4
0.905,0.425,3.65784,-4,1.29002,33.6665,1,2,0,0.4
0.905,0.435,3.82249,-4,1.12915,35.8327,1,2,0,0.4
0.905,0.445,3.89703,-4,1.05765,36.8327,1,2,0,0.4
0.905,0.455,3.89416,-4,1.05862,36.8179,1,2,0,0.4
0.905,0.465,3.84122,-4,1.10602,36.151,1,2,0,0.4
0.905,0.475,3.76313,-4,1.17727,35.1667,1,2,0,0.4
0.905,0.485,3.67804,-4,1.25592,34.1063,1,2,0,0.4
0.905,0.495,3.59797,-4,1.33047,33.1264,1,2,0,0.4
0.905,0.505,3.43966,-4.37336,1.39658,32.3411,1,2,0,0.4
0.905,0.515,3.21576,-5.62523,1.47125,31.9571,1,2,0,0.4
0.905,0.525,3.26199,-7.99263,1.60587,32.0298,1,2,0,0.4
0.905,0.535,4.20289,-10.7931,1.82379,32.065,1,2,0,0.4
0.905,0.545,6.92314,-12.8606,2.04809,31.6184,1,2,0,0.4
0.905,0.555,12.8183,-13.964,2.19341,31.4906,1,2,0,0.4
0.905,0.565,23.8714,-14.4785,2.27844,32.8857,1,2,0,0.4
0.905,0.575,42.2502,-14.7183,2.3562,36.2916,1,2,0,0.4
0.905,0.585,70.3831,-14.8363,2.43474,42.3881,1,2,0,0.4
0.905,0.595,110.509,-14.8987,2.51124,51.56,1,2,0,0.4
0.905,0.605,164.016,-14.9342,2.58242,63.8345,1,2,0,0.4
0.905,0.615,230.842,-14.9557,2.64665,78.9171,1,2,0,0.4
0.905,0.625,309.199,-14.9696,2.70369,96.2369,1,2,0,0.4
0.905,0.635,395.724,-14.9788,2.75391,115.016,1,2,0,0.4
0.905,0.645,486.012,-14.9852,2.79791,134.37,1,2,0,0.4
0.905,0.655,575.352,-14.9897,2.83623,153.417,1,2,0,0.4
0.905,0.665,659.459,-14.9929,2.86934,171.381,1,2,0,0.4
0.905,0.675,735.017,-14.9952,2.89761,187.666,1,2,0,0.4
0.905,0.685,799.966,-14.9968,2.92139,201.886,1,2,0,0.4
0.905,0.695,853.508,-14.9979,2.94102,213.867,1,2,0,0.4
0.905,0.705,895.922,-14.9987,2.95684,223.617,1,2,0,0.4
0.905,0.715,928.26,-14.9992,2.96927,231.285,1,2,0,0.4
0.905,0.725,952.023,-14.9995,2.97874,237.114,1,2,0,0.4
0.905,0.735,968.869,-14.9997,2.98574,241.394,1,2,0,0.4
0.905,0.745,980.4,-14.9998,2.99073,244.429,1,2,0,0.4
0.905,0.755,988.027,-14.9999,2.99416,246.506,1,2,0,0.4
0.905,0.765,992.902,-15,2.99644,247.878,1,2,0,0.4
0.905,0.775,995.916,-15,2.9979,248.753,1,2,0,0.4
0.905,0.785,997.72,-15,2.9988,249.29,1,2,0,0.4
0.905,0.795,998.764,-15,2.99934,249.608,1,2,0,0.4
0.905,0.805,999.349,-15,2.99965,249.791,1,2,0,0.4
0.905,0.815,999.667,-15,2.99982,249.892,1,2,0,0.4
0.905,0.825,999.835,-15,2.99991,249.946,1,2,0,0.4
0.905,0.835,999.92,-15,2.99996,249.973,1,2,0,0.4
0.905,0.845,999.963,-15,2.99998,249.987,1,2,0,0.4
0.905,0.855,999.983,-15,2.99999,249.994,1,2,0,0.4
0.905,0.865,999.992,-15,3,249.997,1,2,0,0.4
0.905,0.875,999.997,-15,3,249.999,1,2,0,0.4
0.905,0.885,999.999,-15,3,250,1,2,0,0.4
0.905,0.895,999.999,-15,3,250,1,2,0,0.4
0.905,0.905,1000,-15,3,250,1,2,0,0.4
0.905,0.915,1000,-15,3,250,1,2,0,0.4
0.905,0.925,1000,-15,3,250,1,2,0,0.4
0.905,0.935,1000,-15,3,250,1,2,0,0.4
0.905,0.945,1000,-15,3,250,1,2,0,0.4
0.905,0.955,1000,-15,3,250,1,2,0,0.4
0.905,0.965,1000,-15,3,250,1,2,0,0.4
0.905,0.975,1000,-15,3,250,1,2,0,0.4
0.905,0.985,1000,-15,3,250,1,2,0,0.4
0.905,0.995,1000,-15,3,250,1,2,0,0.4
0.915,0.005,3,-4,2,25.4,1,2,0,0.4
0.915,0.015,3,-4,2,25.4,1,2,0,0.4
0.915,0.025,3,-4,2,25.4,1,2,0,0.4
0.915,0.035,3,-4,2,25.4,1,2,0,0.4
0.915,0.045,3,-4,2,25.4,1,2,0,0.4
0.915,0.055,3,-4,2,25.4,1,2,0,0.4
0.915,0.065,3,-4,2,25.4,1,2,0,0.4
0.915,0.075,3,-4,2,25.4,1,2,0,0.4
0.915,0.085,3,-4,2,25.4,1,2,0,0.4
0.915,0.095,3,-4,2,25.4,1,2,0,0.4
0.915,0.105,3,-4,2,25.4,1,2,0,0.4
0.915,0.115,3,-4,2,25.4,1,2,0,0.4
0.915,0.125,3,-4,2,25.4,1,2,0,0.4
0.915,0.135,3,-4,2,25.4,1,2,0,0.4
0.915,0.145,3,-4,2,25.4,1,2,0,0.4
0.915,0.155,3,-4,2,25.4,1,2,0,0.4
0.915,0.165,3,-4,2,25.4,1,2,0,0.4
0.915,0.175,3,-4,2,25.4,1,2,0,0.4
0.915,0.185,3,-4,2,25.4,1,2,0,0.4
0.915,0.195,3,-4,2,25.4,1,2,0,0.4
0.915,0.205,3,-4,2,25.4,1,2,0,0.4
0.915,0.215,3,-4,2,25.4,1,2,0,0.4
0.915,0.225,3,-4,2,25.4,1,2,0,0.4
0.915,0.235,3,-4,2,25.4,1,2,0,0.4
0.915,0.245,3,-4,2,25.4,1,2,0,0.4
0.915,0.255,3,-4,2,25.4,1,2,0,0.4
0.915,0.265,3,-4,2,25.4,1,2,0,0.4
0.915,0.275,3,-4,2,25.4,1,2,0,0.4
0.915,0.285,3,-4,2,25.4,1,2,0,0.4
0.915,0.295,3,-4,2,25.4,1,2,0,0.4
0.915,0.305,2.99999,-4,2.00001,25.3999,1,2,0,0.4
0.915,0.315,2.99997,-4,2.00004,25.3996,1,2,0,0.4
0.915,0.325,2.99992,-4,2.00009,25.3991,1,2,0,0.4
0.915,0.335,2.99984,-4,2.00019,25.3981,1,2,0,0.4
0.915,0.345,2.99974,-4,2.0003,25.3969,1,2,0,0.4
0.915,0.355,2.99988,-4,2.00013,25.3986,1,2,0,0.4
0.915,0.365,3.00137,-4,1.99843,25.4162,1,2,0,0.4
0.915,0.375,3.00795,-4,1.99087,25.4944,1,2,0,0.4
0.915,0.385,3.03025,-4,1.96525,25.7607,1,2,0,0.4
0.915,0.395,3.09192,-4,1.89469,26.505,1,2,0,0.4
0.915,0.405,3.22521,-4,1.74483,28.1448,1,2,0,0.4
0.915,0.415,3.43355,-4,1.51967,30.7713,1,2,0,0.4
0.915,0.425,3.65784,-4,1.29002,33.6665,1,2,0,0.4
0.915,0.435,3.82249,-4,1.12915,35.8327,1,2,0,0.4
0.915,0.445,3.89703,-4,1.05765,36.8327,1,2,0,0.4
0.915,0.455,3.89416,-4,1.05862,36.8179,1,2,0,0.4
0.915,0.465,3.84122,-4,1.10602,36.151,1,2,0,0.4
0.915,0.475,3.76313,-4,1.17727,35.1667,1,2,0,0.4
0.915,0.485,3.67804,-4,1.25592,34.1063,1,2,0,0.4
0.915,0.495,3.59797,-4,1.33047,33.1264,1,2,0,0.4
0.915,0.505,3.43966,-4.37336,1.39658,32.3411,1,2,0,0.4
0.915,0.515,3.21576,-5.62523,1.47125,31.9571,1,2,0,0.4
0.915,0.525,3.26199,-7.99263,1.60587,32.0298,1,2,0,0.4
0.915,0.535,4.20289,-10.7931,1.82379,32.065,1,2,0,0.4
0.915,0.545,6.92314,-12.8606,2.04809,31.6184,1,2,0,0.4
0.915,0.555,12.8183,-13.964,2.19341,31.4906,1,2,0,0.4
0.915,0.565,23.8714,-14.4785,2.27844,32.8857,1,2,0,0.4
0.915,0.575,42.2502,-14.7183,2.3562,36.2916,1,2,0,0.4
0.915,0.585,70.3831,-14.8363,2.43474,42.3881,1,2,0,0.4
0.915,0.595,110.509,-14.8987,2.51124,51.56,1,2,0,0.4
0.915,0.605,164.016,-14.9342,2.58242,63.8345,1,2,0,0.4
0.915,0.615,230.842,-14.9557,2.64665,78.9171,1,2,0,0.4
0.915,0.625,309.199,-14.9696,2.70369,96.2369,1,2,0,0.4
0.915,0.635,395.724,-14.9788,2.75391,115.016,1,2,0,0.4
0.915,0.645,486.012,-14.9852,2.79791,134.37,1,2,0,0.4
0.915,0.655,575.352,-14.9897,2.83623,153.417,1,2,0,0.4
0.915,0.665,659.459,-14.9929,2.86934,171.381,1,2,0,0.4
0.915,0.675,735.017,-14.9952,2.89761,187.666,1,2,0,0.4
0.915,0.685,799.966,-14.9968,2.92139,201.886,1,2,0,0.4
0.915,0.695,853.508,-14.9979,2.94102,213.867,1,2,0,0.4
0.915,0.705,895.922,-14.9987,2.95684,223.617,1,2,0,0.4
0.915,0.715,928.26,-14.9992,2.96927,231.285,1,2,0,0.4
0.915,0.725,952.023,-14.9995,2.97874,237.114,1,2,0,0.4
0.915,0.735,968.869,-14.9997,2.98574,241.394,1,2,0,0.4
0.915,0.745,980.4,-14.9998,2.99073,244.429,1,2,0,0.4
0.915,0.755,988.027,-14.9999,2.99416,246.506,1,2,0,0.4
0.915,0.765,992.902,-15,2.99644,247.878,1,2,0,0.4
0.915,0.775,995.916,-15,2.9979,248.753,1,2,0,0.4
0.915,0.785,997.72,-15,2.9988,249.29,1,2,0,0.4
0.915,0.795,998.764,-15,2.99934,249.608,1,2,0,0.4
0.915,0.805,999.349,-15,2.99965,249.791,1,2,0,0.4
0.915,0.815,999.667,-15,2.99982,249.892,1,2,0,0.4
0.915,0.825,999.835,-15,2.99991,249.946,1,2,0,0.4
0.915,0.835,999.92,-15,2.99996,249.973,1,2,0,0.4
0.915,0.845,999.963,-15,2.99998,249.987,1,2,0,0.4
0.915,0.855,999.983,-15,2.99999,249.994,1,2,0,0.4
0.915,0.865,999.992,-15,3,249.997,1,2,0,0.4
0.915,0.875,999.997,-15,3,249.999,1,2,0,0.4
0.915,0.885,999.999,-15,3,250,1,2,0,0.4
0.915,0.895,999.999,-15,3,250,1,2,0,0.4
0.915,0.905,1000,-15,3,250,1,2,0,0.4
0.915,0.915,1000,-15,3,250,1,2,0,0.4
0.915,0.925,1000,-15,3,250,1,2,0,0.4
0.915,0.935,1000,-15,3,250,1,2,0,0.4
0.915,0.945,1000,-15,3,250,1,2,0,0.4
0.915,0.955,1000,-15,3,250,1,2,0,0.4
0.915,0.965,1000,-15,3,250,1,2,0,0.4
0.915,0.975,1000,-15,3,250,1,2,0,0.4
0.915,0.985,1000,-15,3,250,1,2,0,0.4
0.915,0.995,1000,-15,3,250,1,2,0,0.4
0.925,0.005,3,-4,2,25.4,1,2,0,0.4
0.925,0.015,3,-4,2,25.4,1,2,0,0.4
0.925,0.025,3,-4,2,25.4,1,2,0,0.4
0.925,0.035,3,-4,2,25.4,1,2,0,0.4
0.925,0.045,3,-4,2,25.4,1,2,0,0.4
0.925,0.055,3,-4,2,25.4,1,2,0,0.4
0.925,0.065,3,-4,2,25.4,1,2,0,0.4
0.925,0.075,3,-4,2,25.4,1,2,0,0.4
0.925,0.085,3,-4,2,25.4,1,2,0,0.4
0.925,0.095,3,-4,2,25.4,1,2,0,0.4
0.925,0.105,3,-4,2,25.4,1,2,0,0.4
0.925,0.115,3,-4,2,25.4,1,2,0,0.4
0.925,0.125,3,-4,2,25.4,1,2,0,0.4
0.925,0.135,3,-4,2,25.4,1,2,0,0.4
0.925,0.145,3,-4,2,25.4,1,2,0,0.4
0.925,0.155,3,-4,2,25.4,1,2,0,0.4
0.925,0.165,3,-4,2,25.4,1,2,0,0.4
0.925,0.175,3,-4,2,25.4,1,2,0,0.4
0.925,0.185,3,-4,2,25.4,1,2,0,0.4
0.925,0.195,3,-4,2,25.4,1,2,0,0.4
0.925,0.205,3,-4,2,25.4,1,2,0,0.4
0.925,0.215,3,-4,2,25.4,1,2,0,0.4
0.925,0.225,3,-4,2,25.4,1,2,0,0.4
0.925,0.235,3,-4,2,25.4,1,2,0,0.4
0.925,0.245,3,-4,2,25.4,1,2,0,0.4
0.925,0.255,3,-4,2,25.4,1,2,0,0.4
0.925,0.265,3,-4,2,25.4,1,2,0,0.4
0.925,0.275,3,-4,2,25.4,1,2,0,0.4
0.925,0.285,3,-4,2,25.4,1,2,0,0.4
0.925,0.295,3,-4,2,25.4,1,2,0,0.4
0.925,0.305,2.99999,-4,2.00001,25.3999,1,2,0,0.4
0.925,0.315,2.99997,-4,2.00004,25.3996,1,2,0,0.4
0.925,0.325,2.99992,-4,2.00009,25.3991,1,2,0,0.4
0.925,0.335,2.99984,-4,2.00019,25.3981,1,2,0,0.4
0.925,0.345,2.99974,-4,2.0003,25.3969,1,2,0,0.4
0.925,0.355,2.99988,-4,2.00013,25.3986,1,2,0,0.4
0.925,0.365,3.00137,-4,1.99843,25.4162,1,2,0,0.4
0.925,0.375,3.00795,-4,1.99087,25.4944,1,2,0,0.4
0.925,0.385,3.03025,-4,1.96525,25.7607,1,2,0,0.4
0.925,0.395,3.09192,-4,1.89469,26.505,1,2,0,0.4
0.925,0.405,3.22521,-4,1.74483,28.1448,1,2,0,0.4
0.925,0.415,3.43355,-4,1.51967,30.7713,1,2,0,0.4
0.925,0.425,3.65784,-4,1.29002,33.6665,1,2,0,0.4
0.925,0.435,3.82249,-4,1.12915,35.8327,1,2,0,0.4
0.925,0.445,3.89703,-4,1.05765,36.8327,1,2,0,0.4
0.925,0.455,3.89416,-4,1.05862,36.8179,1,2,0,0.4
0.925,0.465,3.84122,-4,1.10602,36.151,1,2,0,0.4
0.925,0.475,3.76313,-4,1.17727,35.1667,1,2,0,0.4
0.925,0.485,3.67804,-4,1.25592,34.1063,1,2,0,0.4
0.925,0.495,3.59797,-4,1.33047,33.1264,1,2,0,0.4
0.925,0.505,3.43966,-4.37336,1.39658,32.3411,1,2,0,0.4
0.925,0.515,3.21576,-5.62523,1.47125,31.9571,1,2,0,0.4
0.925,0.525,3.26199,-7.99263,1.60587,32.0298,1,2,0,0.4
0.925,0.535,4.20289,-10.7931,1.82379,32.065,1,2,0,0.4
0.925,0.545,6.92314,-12.8606,2.04809,31.6184,1,2,0,0.4
0.925,0.555,12.8183,-13.964,2.19341,31.4906,1,2,0,0.4
0.925,0.565,23.8714,-14.4785,2.27844,32.8857,1,2,0,0.4
0.925,0.575,42.2502,-14.7183,2.3562,36.2916,1,2,0,0.4
0.925,0.585,70.3831,-14.8363,2.43474,42.3881,1,2,0,0.4
0.925,0.595,110.509,-14.8987,2.51124,51.56,1,2,0,0.4
0.925,0.605,164.016,-14.9342,2.58242,63.8345,1,2,0,0.4
0.925,0.615,230.842,-14.9557,2.64665,78.9171,1,2,0,0.4
0.925,0.625,309.199,-14.9696,2.70369,96.2369,1,2,0,0.4
0.925,0.635,395.724,-14.9788,2.75391,115.016,1,2,0,0.4
0.925,0.645,486.012,-14.9852,2.79791,134.37,1,2,0,0.4
0.925,0.655,575.352,-14.9897,2.83623,153.417,1,2,0,0.4
0.925,0.665,659.459,-14.9929,2.86934,171.381,1,2,0,0.4
0.925,0.675,735.017,-14.9952,2.89761,187.666,1,2,0,0.4
0.925,0.685,799.966,-14.9968,2.92139,201.886,1,2,0,0.4
0.925,0.695,853.508,-14.9979,2.94102,213.867,1,2,0,0.4
0.925,0.705,895.922,-14.9987,2.95684,223.617,1,2,0,0.4
0.925,0.715,928.26,-14.9992,2.96927,231.285,1,2,0,0.4
0.925,0.725,952.023,-14.9995,2.97874,237.114,1,2,0,0.4
0.925,0.735,968.869,-14.9997,2.98574,241.394,1,2,0,0.4
0.925,0.745,980.4,-14.9998,2.99073,244.429,1,2,0,0.4
0.925,0.755,988.027,-14.9999,2.99416,246.506,1,2,0,0.4
0.925,0.765,992.902,-15,2.99644,247.878,1,2,0,0.4
0.925,0.775,995.916,-15,2.9979,248.753,1,2,0,0.4
0.925,0.785,997.72,-15,2.9988,249.29,1,2,0,0.4
0.925,0.795,998.764,-15,2.99934,249.608,1,2,0,0.4
0.925,0.805,999.349,-15,2.99965,249.791,1,2,0,0.4
0.925,0.815,999.667,-15,2.99982,249.892,1,2,0,0.4
0.925,0.825,999.835,-15,2.99991,249.946,1,2,0,0.4
0.925,0.835,999.92,-15,2.99996,249.973,1,2,0,0.4
0.925,0.845,999.963,-15,2.99998,249.987,1,2,0,0.4
0.925,0.855,999.983,-15,2.99999,249.994,1,2,0,0.4
0.925,0.865,999.992,-15,3,249.997,1,2,0,0.4
0.925,0.875,999.997,-15,3,249.999,1,2,0,0.4
0.925,0.885,999.999,-15,3,250,1,2,0,0.4
0.925,0.895,999.999,-15,3,250,1,2,0,0.4
0.925,0.905,1000,-15,3,250,1,2,0,0.4
0.925,0.915,1000,-15,3,250,1,2,0,0.4
0.925,0.925,1000,-15,3,250,1,2,0,0.4
0.925,0.935,1000,-15,3,250,1,2,0,0.4
0.925,0.945,1000,-15,3,250,1,2,0,0.4
0.925,0.955,1000,-15,3,250,1,2,0,0.4
0.925,0.965,1000,-15,3,250,1,2,0,0.4
0.925,0.975,1000,-15,3,250,1,2,0,0.4
0.925,0.985,1000,-15,3,250,1,2,0,0.4
0.925,0.995,1000,-15,3,250,1,2,0,0.4
0.935,0.005,3,-4,2,25.4,1,2,0,0.4
0.935,0.015,3,-4,2,25.4,1,2,0,0.4
0.935,0.025,3,-4,2,25.4,1,2,0,0.4
0.935,0.035,3,-4,2,25.4,1,2,0,0.4
0.935,0.045,3,-4,2,25.4,1,2,0,0.4
0.935,0.055,3,-4,2,25.4,1,2,0,0.4
0.935,0.065,3,-4,2,25.4,1,2,0,0.4
0.935,0.075,3,-4,2,25.4,1,2,0,0.4
0.935,0.085,3,-4,2,25.4,1,2,0,0.4
0.935,0.095,3,-4,2,25.4,1,2,0,0.4
0.935,0.105,3,-4,2,25.4,1,2,0,0.4
0.935,0.115,3,-4,2,25.4,1,2,0,0.4
0.935,0.125,3,-4,2,25.4,1,2,0,0.4
0.935,0.135,3,-4,2,25.4,1,2,0,0.4
0.935,0.145,3,-4,2,25.4,1,2,0,0.4
0.935,0.155,3,-4,2,25.4,1,2,0,0.4
0.935,0.165,3,-4,2,25.4,1,2,0,0.4
0.935,0.175,3,-4,2,25.4,1,2,0,0.4
0.935,0.185,3,-4,2,25.4,1,2,0,0.4
0.935,0.195,3,-4,2,25.4,1,2,0,0.4
0.935,0.205,3,-4,2,25.4,1,2,0,0.4
0.935,0.215,3,-4,2,25.4,1,2,0,0.4
0.935,0.225,3,-4,2,25.4,1,2,0,0.4
0.935,0.235,3,-4,2,25.4,1,2,0,0.4
0.935,0.245,3,-4,2,25.4,1,2,0,0.4
0.935,0.255,3,-4,2,25.4,1,2,0,0.4
0.935,0.265,3,-4,2,25.4,1,2,0,0.4
0.935,0.275,3,-4,2,25.4,1,2,0,0.4
0.935,0.285,3,-4,2,25.4,1,2,0,0.4
0.935,0.295,3,-4,2,25.4,1,2,0,0.4
0.935,0.305,2.99999,-4,2.00001,25.3999,1,2,0,0.4
0.935,0.315,2.99997,-4,2.00004,25.3996,1,2,0,0.4
0.935,0.325,2.99992,-4,2.00009,25.3991,1,2,0,0.4
0.935,0.335,2.99984,-4,2.00019,25.3981,1,2,0,0.4
0.935,0.345,2.99974,-4,2.0003,25.3969,1,2,0,0.4
0.935,0.355,2.99988,-4,2.00013,25.3986,1,2,0,0.4
0.935,0.365,3.00137,-4,1.99843,25.4162,1,2,0,0.4
0.935,0.375,3.00795,-4,1.99087,25.4944,1,2,0,0.4
0.935,0.385,3.03025,-4,1.96525,25.7607,1,2,0,0.4
0.935,0.395,3.09192,-4,1.89469,26.505,1,2,0,0.4
0.935,0.405,3.22521,-4,1.74483,28.1448,1,2,0,0.4
0.935,0.415,3.43355,-4,1.51967,30.7713,1,2,0,0.4
0.935,0.425,3.65784,-4,1.29002,33.6665,1,2,0,0.4
0.935,0.435,3.82249,-4,1.12915,35.8327,1,2,0,0.4
0.935,0.445,3.89703,-4,1.05765,36.8327,1,2,0,0.4
0.935,0.455,3.89416,-4,1.05862,36.8179,1,2,0,0.4
0.935,0.465,3.84122,-4,1.10602,36.151,1,2,0,0.4
0.935,0.475,3.76313,-4,1.17727,35.1667,1,2,0,0.4
0.935,0.485,3.67804,-4,1.25592,34.1063,1,2,0,0.4
0.935,0.495,3.59797,-4,1.33047,33.1264,1,2,0,0.4
0.935,0.505,3.43966,-4.37336,1.39658,32.3411,1,2,0,0.4
0.935,0.515,3.21576,-5.62523,1.47125,31.9571,1,2,0,0.4
0.935,0.525,3.26199,-7.99263,1.60587,32.0298,1,2,0,0.4
0.935,0.535,4.20289,-10.7931,1.82379,32.065,1,2,0,0.4
0.935,0.545,6.92314,-12.8606,2.04809,31.6184,1,2,0,0.4
0.935,0.555,12.8183,-13.964,2.19341,31.4906,1,2,0,0.4
0.935,0.565,23.8714,-14.4785,2.27844,32.8857,1,2,0,0.4
0.935,0.575,42.2502,-14.7183,2.3562,36.2916,1,2,0,0.4
0.935,0.585,70.3831,-14.8363,2.43474,42.3881,1,2,0,0.4
0.935,0.595,110.509,-14.8987,2.51124,51.56,1,2,0,0.4
0.935,0.605,164.016,-14.9342,2.58242,63.8345,1,2,0,0.4
0.935,0.615,230.842,-14.9557,2.64665,78.9171,1,2,0,0.4
0.935,0.625,309.199,-14.9696,2.70369,96.2369,1,2,0,0.4
0.935,0.635,395.724,-14.9788,2.75391,115.016,1,2,0,0.4
0.935,0.645,486.012,-14.9852,2.79791,134.37,1,2,0,0.4
0.935,0.655,575.352,-14.9897,2.83623,153.417,1,2,0,0.4
0.935,0.665,659.459,-14.9929,2.86934,171.381,1,2,0,0.4
0.935,0.675,735.017,-14.9952,2.89761,187.666,1,2,0,0.4
0.935,0.685,799.966,-14.9968,2.92139,201.886,1,2,0,0.4
0.935,0.695,853.508,-14.9979,2.94102,213.867,1,2,0,0.4
0.935,0.705,895.922,-14.9987,2.95684,223.617,1,2,0,0.4
0.935,0.715,928.26,-14.9992,2.96927,231.285,1,2,0,0.4
0.935,0.725,952.023,-14.9995,2.97874,237.114,1,2,0,0.4
0.935,0.735,968.869,-14.9997,2.98574,241.394,1,2,0,0.4
0.935,0.745,980.4,-14.9998,2.99073,244.429,1,2,0,0.4
0.935,0.755,988.027,-14.9999,2.99416,246.506,1,2,0,0.4
0.935,0.765,992.902,-15,2.99644,247.878,1,2,0,0.4
0.935,0.775,995.916,-15,2.9979,248.753,1,2,0,0.4
0.935,0.785,997.72,-15,2.9988,249.29,1,2,0,0.4
0.935,0.795,998.764,-15,2.99934,249.608,1,2,0,0.4
0.935,0.805,999.349,-15,2.99965,249.791,1,2,0,0.4
0.935,0.815,999.667,-15,2.99982,249.892,1,2,0,0.4
0.935,0.825,999.835,-15,2.99991,249.946,1,2,0,0.4
0.935,0.835,999.92,-15,2.99996,249.973,1,2,0,0.4
0.935,0.845,999.963,-15,2.99998,249.987,1,2,0,0.4
0.935,0.855,999.983,-15,2.99999,249.994,1,2,0,0.4
0.935,0.865,999.992,-15,3,249.997,1,2,0,0.4
0.935,0.875,999.997,-15,3,249.999,1,2,0,0.4
0.935,0.885,999.999,-15,3,250,1,2,0,0.4
0.935,0.895,999.999,-15,3,250,1,2,0,0.4
0.935,0.905,1000,-15,3,250,1,2,0,0.4
0.935,0.915,1000,-15,3,250,1,2,0,0.4
0.935,0.925,1000,-15,3,250,1,2,0,0.4
0.935,0.935,1000,-15,3,250,1,2,0,0.4
0.935,0.945,1000,-15,3,250,1,2,0,0.4
0.935,0.955,1000,-15,3,250,1,2,0,0.4
0.935,0.965,1000,-15,3,250,1,2,0,0.4
0.935,0.975,1000,-15,3,250,1,2,0,0.4
0.935,0.985,1000,-15,3,250,1,2,0,0.4
0.935,0.995,1000,-15,3,250,1,2,0,0.4
0.945,0.005,3,-4,2,25.4,1,2,0,0.4
0.945,0.015,3,-4,2,25.4,1,2,0,0.4
0.945,0.025,3,-4,2,25.4,1,2,0,0.4
0.945,0.035,3,-4,2,25.4,1,2,0,0.4
0.945,0.045,3,-4,2,25.4,1,2,0,0.4
0.945,0.055,3,-4,2,25.4,1,2,0,0.4
0.945,0.065,3,-4,2,25.4,1,2,0,0.4
0.945,0.075,3,-4,2,25.4,1,2,0,0.4
0.945,0.085,3,-4,2,25.4,1,2,0,0.4
0.945,0.095,3,-4,2,25.4,1,2,0,0.4
0.945,0.105,3,-4,2,25.4,1,2,0,0.4
0.945,0.115,3,-4,2,25.4,1,2,0,0.4
0.945,0.125,3,-4,2,25.4,1,2,0,0.4
0.945,0.135,3,-4,2,25.4,1,2,0,0.4
0.945,0.145,3,-4,2,25.4,1,2,0,0.4
0.945,0.155,3,-4,2,25.4,1,2,0,0.4
0.945,0.165,3,-4,2,25.4,1,2,0,0.4
0.945,0.175,3,-4,2,25.4,1,2,0,0.4
0.945,0.185,3,-4,2,25.4,1,2,0,0.4
0.945,0.195,3,-4,2,25.4,1,2,0,0.4
0.945,0.205,3,-4,2,25.4,1,2,0,0.4
0.945,0.215,3,-4,2,25.4,1,2,0,0.4
0.945,0.225,3,-4,2,25.4,1,2,0,0.4
0.945,0.235,3,-4,2,25.4,1,2,0,0.4
0.945,0.245,3,-4,2,25.4,1,2,0,0.4
0.945,0.255,3,-4,2,25.4,1,2,0,0.4
0.945,0.265,3,-4,2,25.4,1,2,0,0.4
0.945,0.275,3,-4,2,25.4,1,2,0,0.4
0.945,0.285,3,-4,2,25.4,1,2,0,0.4
0.945,0.295,3,-4,2,25.4,1,2,0,0.4
0.945,0.305,2.99999,-4,2.00001,25.3999,1,2,0,0.4
0.945,0.315,2.99997,-4,2.00004,25.3996,1,2,0,0.4
0.945,0.325,2.99992,-4,2.00009,25.3991,1,2,0,0.4
0.945,0.335,2.99984,-4,2.00019,25.3981,1,2,0,0.4
0.945,0.345,2.99974,-4,2.0003,25.3969,1,2,0,0.4
0.945,0.355,2.99988,-4,2.00013,25.3986,1,2,0,0.4
0.945,0.365,3.00137,-4,1.99843,25.4162,1,2,0,0.4
0.945,0.375,3.00795,-4,1.99087,25.4944,1,2,0,0.4
0.945,0.385,3.03025,-4,1.96525,25.7607,1,2,0,0.4
0.945,0.395,3.09192,-4,1.89469,26.505,1,2,0,0.4
0.945,0.405,3.22521,-4,1.74483,28.1448,1,2,0,0.4
0.945,0.415,3.43355,-4,1.51967,30.7713,1,2,0,0.4
0.945,0.425,3.65784,-4,1.29002,33.6665,1,2,0,0.4
0.945,0.435,3.82249,-4,1.12915,35.8327,1,2,0,0.4
0.945,0.445,3.89703,-4,1.05765,36.8327,1,2,0,0.4
0.945,0.455,3.89416,-4,1.05862,36.8179,1,2,0,0.4
0.945,0.465,3.84122,-4,1.10602,36.151,1,2,0,0.4
0.945,0.475,3.76313,-4,1.17727,35.1667,1,2,0,0.4
0.945,0.485,3.67804,-4,1.25592,34.1063,1,2,0,0.4
0.945,0.495,3.59797,-4,1.33047,33.1264,1,2,0,0.4
0.945,0.505,3.43966,-4.37336,1.39658,32.3411,1,2,0,0.4
0.945,0.515,3.21576,-5.62523,1.47125,31.9571,1,2,0,0.4
0.945,0.525,3.26199,-7.99263,1.60587,32.0298,1,2,0,0.4
0.945,0.535,4.20289,-10.7931,1.82379,32.065,1,2,0,0.4
0.945,0.545,6.92314,-12.8606,2.04809,31.6184,1,2,0,0.4
0.945,0.555,12.8183,-13.964,2.19341,31.4906,1,2,0,0.4
0.945,0.565,23.8714,-14.4785,2.27844,32.8857,1,2,0,0.4
0.945,0.575,42.2502,-14.7183,2.3562,36.2916,1,2,0,0.4
0.945,0.585,70.3831,-14.8363,2.43474,42.3881,1,2,0,0.4
0.945,0.595,110.509,-14.8987,2.51124,51.56,1,2,0,0.4
0.945,0.605,164.016,-14.9342,2.58242,63.8345,1,2,0,0.4
0.945,0.615,230.842,-14.9557,2.64665,78.9171,1,2,0,0.4
0.945,0.625,309.199,-14.9696,2.70369,96.2369,1,2,0,0.4
0.945,0.635,395.724,-14.9788,2.75391,115.016,1,2,0,0.4
0.945,0.645,486.012,-14.9852,2.79791,134.37,1,2,0,0.4
0.945,0.655,575.352,-14.9897,2.83623,153.417,1,2,0,0.4
0.945,0.665,659.459,-14.9929,2.86934,171.381,1,2,0,0.4
0.945,0.675,735.017,-14.9952,2.89761,187.666,1,2,0,0.4
0.945,0.685,799.966,-14.9968,2.92139,201.886,1,2,0,0.4
0.945,0.695,853.508,-14.9979,2.94102,213.867,1,2,0,0.4
0.945,0.705,895.922,-14.9987,2.95684,223.617,1,2,0,0.4
0.945,0.715,928.26,-14.9992,2.96927,231.285,1,2,0,0.4
0.945,0.725,952.023,-14.9995,2.97874,237.114,1,2,0,0.4
0.945,0.735,968.869,-14.9997,2.98574,241.394,1,2,0,0.4
0.945,0.745,980.4,-14.9998,2.99073,244.429,1,2,0,0.4
0.945,0.755,988.027,-14.9999,2.99416,246.506,1,2,0,0.4
0.945,0.765,992.902,-15,2.99644,247.878,1,2,0,0.4
0.945,0.775,995.916,-15,2.9979,248.753,1,2,0,0.4
0.945,0.785,997.72,-15,2.9988,249.29,1,2,0,0.4
0.945,0.795,998.764,-15,2.99934,249.608,1,2,0,0.4
0.945,0.805,999.349,-15,2.99965,249.791,1,2,0,0.4
0.945,0.815,999.667,-15,2.99982,249.892,1,2,0,0.4
0.945,0.825,999.835,-15,2.99991,249.946,1,2,0,0.4
0.945,0.835,999.92,-15,2.99996,249.973,1,2,0,0.4
0.945,0.845,999.963,-15,2.99998,249.987,1,2,0,0.4
0.945,0.855,999.983,-15,2.99999,249.994,1,2,0,0.4
0.945,0.865,999.992,-15,3,249.997,1,2,0,0.4
0.945,0.875,999.997,-15,3,249.999,1,2,0,0.4
0.945,0.885,999.999,-15,3,250,1,2,0,0.4
0.945,0.895,999.999,-15,3,250,1,2,0,0.4
0.945,0.905,1000,-15,3,250,1,2,0,0.4
0.945,0.915,1000,-15,3,250,1,2,0,0.4
0.945,0.925,1000,-15,3,250,1,2,0,0.4
0.945,0.935,1000,-15,3,250,1,2,0,0.4
0.945,0.945,1000,-15,3,250,1,2,0,0.4
0.945,0.955,1000,-15,3,250,1,2,0,0.4
0.945,0.965,1000,-15,3,250,1,2,0,0.4
0.945,0.975,1000,-15,3,250,1,2,0,0.4
0.945,0.985,1000,-15,3,250,1,2,0,0.4
0.945,0.995,1000,-15,3,250,1,2,0,0.4
0.955,0.005,3,-4,2,25.4,1,2,0,0.4
0.955,0.015,3,-4,2,25.4,1,2,0,0.4
0.955,0.025,3,-4,2,25.4,1,2,0,0.4
0.955,0.035,3,-4,2,25.4,1,2,0,0.4
0.955,0.045,3,-4,2,25.4,1,2,0,0.4
0.955,0.055,3,-4,2,25.4,1,2,0,0.4
0.955,0.065,3,-4,2,25.4,1,2,0,0.4
0.955,0.075,3,-4,2,25.4,1,2,0,0.4
0.955,0.085,3,-4,2,25.4,1,2,0,0.4
0.955,0.095,3,-4,2,25.4,1,2,0,0.4
0.955,0.105,3,-4,2,25.4,1,2,0,0.4
0.955,0.115,3,-4,2,25.4,1,2,0,0.4
0.955,0.125,3,-4,2,25.4,1,2,0,0.4
0.955,0.135,3,-4,2,25.4,1,2,0,0.4
0.955,0.145,3,-4,2,25.4,1,2,0,0.4
0.955,0.155,3,-4,2,25.4,1,2,0,0.4
0.955,0.165,3,-4,2,25.4,1,2,0,0.4
0.955,0.175,3,-4,2,25.4,1,2,0,0.4
0.955,0.185,3,-4,2,25.4,1,2,0,0.4
0.955,0.195,3,-4,2,25.4,1,2,0,0.4
0.955,0.205,3,-4,2,25.4,1,2,0,0.4
0.955,0.215,3,-4,2,25.4,1,2,0,0.4
0.955,0.225,3,-4,2,25.4,1,2,0,0.4
0.955,0.235,3,-4,2,25.4,1,2,0,0.4
0.955,0.245,3,-4,2,25.4,1,2,0,0.4
0.955,0.255,3,-4,2,25.4,1,2,0,0.4
0.955,0.265,3,-4,2,25.4,1,2,0,0.4
0.955,0.275,3,-4,2,25.4,1,2,0,0.4
0.955,0.285,3,-4,2,25.4,1,2,0,0.4
0.955,0.295,3,-4,2,25.4,1,2,0,0.4
0.955,0.305,2.99999,-4,2.00001,25.3999,1,2,0,0.4
0.955,0.315,2.99997,-4,2.00004,25.3996,1,2,0,0.4
0.955,0.325,2.99992,-4,2.00009,25.3991,1,2,0,0.4
0.955,0.335,2.99984,-4,2.00019,25.3981,1,2,0,0.4
0.955,0.345,2.99974,-4,2.0003,25.3969,1,2,0,0.4
0.955,0.355,2.99988,-4,2.00013,25.3986,1,2,0,0.4
0.955,0.365,3.00137,-4,1.99843,25.4162,1,2,0,0.4
0.955,0.375,3.00795,-4,1.99087,25.4944,1,2,0,0.4
0.955,0.385,3.03025,-4,1.96525,25.7607,1,2,0,0.4
0.955,0.395,3.09192,-4,1.89469,26.505,1,2,0,0.4
0.955,0.405,3.22521,-4,1.74483,28.1448,1,2,0,0.4
0.955,0.415,3.43355,-4,1.51967,30.7713,1,2,0,0.4
0.955,0.425,3.65784,-4,1.29002,33.6665,1,2,0,0.4
0.955,0.435,3.82249,-4,1.12915,35.8327,1,2,0,0.4
0.955,0.445,3.89703,-4,1.05765,36.8327,1,2,0,0.4
0.955,0.455,3.89416,-4,1.05862,36.8179,1,2,0,0.4
0.955,0.465,3.84122,-4,1.10602,36.151,1,2,0,0.4
0.955,0.475,3.76313,-4,1.17727,35.1667,1,2,0,0.4
0.955,0.485,3.67804,-4,1.25592,34.1063,1,2,0,0.4
0.955,0.495,3.59797,-4,1.33047,33.1264,1,2,0,0.4
0.955,0.505,3.43966,-4.37336,1.39658,32.3411,1,2,0,0.4
0.955,0.515,3.21576,-5.62523,1.47125,31.9571,1,2,0,0.4
0.955,0.525,3.26199,-7.99263,1.60587,32.0298,1,2,0,0.4
0.955,0.535,4.20289,-10.7931,1.82379,32.065,1,2,0,0.4
0.955,0.545,6.92314,-12.8606,2.04809,31.6184,1,2,0,0.4
0.955,0.555,12.8183,-13.964,2.19341,31.4906,1,2,0,0.4
0.955,0.565,23.8714,-14.4785,2.27844,32.8857,1,2,0,0.4
0.955,0.575,42.2502,-14.7183,2.3562,36.2916,1,2,0,0.4
0.955,0.585,70.3831,-14.8363,2.43474,42.3881,1,2,0,0.4
0.955,0.595,110.509,-14.8987,2.51124,51.56,1,2,0,0.4
0.955,0.605,164.016,-14.9342,2.58242,63.8345,1,2,0,0.4
0.955,0.615,230.842,-14.9557,2.64665,78.9171,1,2,0,0.4
0.955,0.625,309.199,-14.9696,2.70369,96.2369,1,2,0,0.4
0.955,0.635,395.724,-14.9788,2.75391,115.016,1,2,0,0.4
0.955,0.645,486.012,-14.9852,2.79791,134.37,1,2,0,0.4
0.955,0.655,575.352,-14.9897,2.83623,153.417,1,2,0,0.4
0.955,0.665,659.459,-14.9929,2.86934,171.381,1,2,0,0.4
0.955,0.675,735.017,-14.9952,2.89761,187.666,1,2,0,0.4
0.955,0.685,799.966,-14.9968,2.92139,201.886,1,2,0,0.4
0.955,0.695,853.508,-14.9979,2.94102,213.867,1,2,0,0.4
0.955,0.705,895.922,-14.9987,2.95684,223.617,1,2,0,0.4
0.955,0.715,928.26,-14.9992,2.96927,231.285,1,2,0,0.4
0.955,0.725,952.023,-14.9995,2.97874,237.114,1,2,0,0.4
0.955,0.735,968.869,-14.9997,2.98574,241.394,1,2,0,0.4
0.955,0.745,980.4,-14.9998,2.99073,244.429,1,2,0,0.4
0.955,0.755,988.027,-14.9999,2.99416,246.506,1,2,0,0.4
0.955,0.765,992.902,-15,2.99644,247.878,1,2,0,0.4
0.955,0.775,995.916,-15,2.9979,248.753,1,2,0,0.4
0.955,0.785,997.72,-15,2.9988,249.29,1,2,0,0.4
0.955,0.795,998.764,-15,2.99934,249.608,1,2,0,0.4
0.955,0.805,999.349,-15,2.99965,249.791,1,2,0,0.4
0.955,0.815,999.667,-15,2.99982,249.892,1,2,0,0.4
0.955,0.825,999.835,-15,2.99991,249.946,1,2,0,0.4
0.955,0.835,999.92,-15,2.99996,249.973,1,2,0,0.4
0.955,0.845,999.963,-15,2.99998,249.987,1,2,0,0.4
0.955,0.855,999.983,-15,2.99999,249.994,1,2,0,0.4
0.955,0.865,999.992,-15,3,249.997,1,2,0,0.4
0.955,0.875,999.997,-15,3,249.999,1,2,0,0.4
0.955,0.885,999.999,-15,3,250,1,2,0,0.4
0.955,0.895,999.999,-15,3,250,1,2,0,0.4
0.955,0.905,1000,-15,3,250,1,2,0,0.4
0.955,0.915,1000,-15,3,250,1,2,0,0.4
0.955,0.925,1000,-15,3,250,1,2,0,0.4
0.955,0.935,1000,-15,3,250,1,2,0,0.4
0.955,0.945,1000,-15,3,250,1,2,0,0.4
0.955,0.955,1000,-15,3,250,1,2,0,0.4
0.955,0.965,1000,-15,3,250,1,2,0,0.4
0.955,0.975,1000,-15,3,250,1,2,0,0.4
0.955,0.985,1000,-15,3,250,1,2,0,0.4
0.955,0.995,1000,-15,3,250,1,2,0,0.4
0.965,0.005,3,-4,2,25.4,1,2,0,0.4
0.965,0.015,3,-4,2,25.4,1,2,0,0.4
0.965,0.025,3,-4,2,25.4,1,2,0,0.4
0.965,0.035,3,-4,2,25.4,1,2,0,0.4
0.965,0.045,3,-4,2,25.4,1,2,0,0.4
0.965,0.055,3,-4,2,25.4,1,2,0,0.4
0.965,0.065,3,-4,2,25.4,1,2,0,0.4
0.965,0.075,3,-4,2,25.4,1,2,0,0.4
0.965,0.085,3,-4,2,25.4,1,2,0,0.4
0.965,0.095,3,-4,2,25.4,1,2,0,0.4
0.965,0.105,3,-4,2,25.4,1,2,0,0.4
0.965,0.115,3,-4,2,25.4,1,2,0,0.4
0.965,0.125,3,-4,2,25.4,1,2,0,0.4
0.965,0.135,3,-4,2,25.4,1,2,0,0.4
0.965,0.145,3,-4,2,25.4,1,2,0,0.4
0.965,0.155,3,-4,2,25.4,1,2,0,0.4
0.965,0.165,3,-4,2,25.4,1,2,0,0.4
0.965,0.175,3,-4,2,25.4,1,2,0,0.4
0.965,0.185,3,-4,2,25.4,1,2,0,0.4
0.965,0.195,3,-4,2,25.4,1,2,0,0.4
0.965,0.205,3,-4,2,25.4,1,2,0,0.4
0.965,0.215,3,-4,2,25.4,1,2,0,0.4
0.965,0.225,3,-4,2,25.4,1,2,0,0.4
0.965,0.235,3,-4,2,25.4,1,2,0,0.4
0.965,0.245,3,-4,2,25.4,1,2,0,0.4
0.965,0.255,3,-4,2,25.4,1,2,0,0.4
0.965,0.265,3,-4,2,25.4,1,2,0,0.4
0.965,0.275,3,-4,2,25.4,1,2,0,0.4
0.965,0.285,3,-4,2,25.4,1,2,0,0.4
0.965,0.295,3,-4,2,25.4,1,2,0,0.4
0.965,0.305,2.99999,-4,2.00001,25.3999,1,2,0,0.4
0.965,0.315,2.99997,-4,2.00004,25.3996,1,2,0,0.4
0.965,0.325,2.99992,-4,2.00009,25.3991,1,2,0,0.4
0.965,0.335,2.99984,-4,2.00019,25.3981,1,2,0,0.4
0.965,0.345,2.99974,-4,2.0003,25.3969,1,2,0,0.4
0.965,0.355,2.99988,-4,2.00013,25.3986,1,2,0,0.4
0.965,0.365,3.00137,-4,1.99843,25.4162,1,2,0,0.4
0.965,0.375,3.00795,-4,1.99087,25.4944,1,2,0,0.4
0.965,0.385,3.03025,-4,1.96525,25.7607,1,2,0,0.4
0.965,0.395,3.09192,-4,1.89469,26.505,1,2,0,0.4
0.965,0.405,3.22521,-4,1.74483,28.1448,1,2,0,0.4
0.965,0.415,3.43355,-4,1.51967,30.7713,1,2,0,0.4
0.965,0.425,3.65784,-4,1.29002,33.6665,1,2,0,0.4
0.965,0.435,3.82249,-4,1.12915,35.8327,1,2,0,0.4
0.965,0.445,3.89703,-4,1.05765,36.8327,1,2,0,0.4
0.965,0.455,3.89416,-4,1.05862,36.8179,1,2,0,0.4
0.965,0.465,3.84122,-4,1.10602,36.151,1,2,0,0.4
0.965,0.475,3.76313,-4,1.17727,35.1667,1,2,0,0.4
0.965,0.485,3.67804,-4,1.25592,34.1063,1,2,0,0.4
0.965,0.495,3.59797,-4,1.33047,33.1264,1,2,0,0.4
0.965,0.505,3.43966,-4.37336,1.39658,32.3411,1,2,0,0.4
0.965,0.515,3.21576,-5.62523,1.47125,31.9571,1,2,0,0.4
0.965,0.525,3.26199,-7.99263,1.60587,32.0298,1,2,0,0.4
0.965,0.535,4.20289,-10.7931,1.82379,32.065,1,2,0,0.4
0.965,0.545,6.92314,-12.8606,2.04809,31.6184,1,2,0,0.4
0.965,0.555,12.8183,-13.964,2.19341,31.4906,1,2,0,0.4
0.965,0.565,23.8714,-14.4785,2.27844,32.8857,1,2,0,0.4
0.965,0.575,42.2502,-14.7183,2.3562,36.2916,1,2,0,0.4
0.965,0.585,70.3831,-14.8363,2.43474,42.3881,1,2,0,0.4
0.965,0.595,110.509,-14.8987,2.51124,51.56,1,2,0,0.4
0.965,0.605,164.016,-14.9342,2.58242,63.8345,1,2,0,0.4
0.965,0.615,230.842,-14.9557,2.64665,78.9171,1,2,0,0.4
0.965,0.625,309.199,-14.9696,2.70369,96.2369,1,2,0,0.4
0.965,0.635,395.724,-14.9788,2.75391,115.016,1,2,0,0.4
0.965,0.645,486.012,-14.9852,2.79791,134.37,1,2,0,0.4
0.965,0.655,575.352,-14.9897,2.83623,153.417,1,2,0,0.4
0.965,0.665,659.459,-14.9929,2.86934,171.381,1,2,0,0.4
0.965,0.675,735.017,-14.9952,2.89761,187.666,1,2,0,0.4
0.965,0.685,799.966,-14.9968,2.92139,201.886,1,2,0,0.4
0.965,0.695,853.508,-14.9979,2.94102,213.867,1,2,0,0.4
0.965,0.705,895.922,-14.9987,2.95684,223.617,1,2,0,0.4
0.965,0.715,928.26,-14.9992,2.96927,231.285,1,2,0,0.4
0.965,0.725,952.023,-14.9995,2.97874,237.114,1,2,0,0.4
0.965,0.735,968.869,-14.9997,2.98574,241.394,1,2,0,0.4
0.965,0.745,980.4,-14.9998,2.99073,244.429,1,2,0,0.4
0.965,0.755,988.027,-14.9999,2.99416,246.506,1,2,0,0.4
0.965,0.765,992.902,-15,2.99644,247.878,1,2,0,0.4
0.965,0.775,995.916,-15,2.9979,248.753,1,2,0,0.4
0.965,0.785,997.72,-15,2.9988,249.29,1,2,0,0.4
0.965,0.795,998.764,-15,2.99934,249.608,1,2,0,0.4
0.965,0.805,999.349,-15,2.99965,249.791,1,2,0,0.4
0.965,0.815,999.667,-15,2.99982,249.892,1,2,0,0.4
0.965,0.825,999.835,-15,2.99991,249.946,1,2,0,0.4
0.965,0.835,999.92,-15,2.99996,249.973,1,2,0,0.4
0.965,0.845,999.963,-15,2.99998,249.987,1,2,0,0.4
0.965,0.855,999.983,-15,2.99999,249.994,1,2,0,0.4
0.965,0.865,999.992,-15,3,249.997,1,2,0,0.4
0.965,0.875,999.997,-15,3,249.999,1,2,0,0.4
0.965,0.885,999.999,-15,3,250,1,2,0,0.4
0.965,0.895,999.999,-15,3,250,1,2,0,0.4
0.965,0.905,1000,-15,3,250,1,2,0,0.4
0.965,0.915,1000,-15,3,250,1,2,0,0.4
0.965,0.925,1000,-15,3,250,1,2,0,0.4
0.965,0.935,1000,-15,3,250,1,2,0,0.4
0.965,0.945,1000,-15,3,250,1,2,0,0.4
0.965,0.955,1000,-15,3,250,1,2,0,0.4
0.965,0.965,1000,-15,3,250,1,2,0,0.4
0.965,0.975,1000,-15,3,250,1,2,0,0.4
0.965,0.985,1000,-15,3,250,1,2,0,0.4
0.965,0.995,1000,-15,3,250,1,2,0,0.4
0.975,0.005,3,-4,2,25.4,1,2,0,0.4
0.975,0.015,3,-4,2,25.4,1,2,0,0.4
0.975,0.025,3,-4,2,25.4,1,2,0,0.4
0.975,0.035,3,-4,2,25.4,1,2,0,0.4
0.975,0.045,3,-4,2,25.4,1,2,0,0.4
0.975,0.055,3,-4,2,25.4,1,2,0,0.4
0.975,0.065,3,-4,2,25.4,1,2,0,0.4
0.975,0.075,3,-4,2,25.4,1,2,0,0.4
0.975,0.085,3,-4,2,25.4,1,2,0,0.4
0.975,0.095,3,-4,2,25.4,1,2,0,0.4
0.975,0.105,3,-4,2,25.4,1,2,0,0.4
0.975,0.115,3,-4,2,25.4,1,2,0,0.4
0.975,0.125,3,-4,2,25.4,1,2,0,0.4
0.975,0.135,3,-4,2,25.4,1,2,0,0.4
0.975,0.145,3,-4,2,25.4,1,2,0,0.4
0.975,0.155,3,-4,2,25.4,1,2,0,0.4
0.975,0.165,3,-4,2,25.4,1,2,0,0.4
0.975,0.175,3,-4,2,25.4,1,2,0,0.4
0.975,0.185,3,-4,2,25.4,1,2,0,0.4
0.975,0.195,3,-4,2,25.4,1,2,0,0.4
0.975,0.205,3,-4,2,25.4,1,2,0,0.4
0.975,0.215,3,-4,2,25.4,1,2,0,0.4
0.975,0.225,3,-4,2,25.4,1,2,0,0.4
0.975,0.235,3,-4,2,25.4,1,2,0,0.4
0.975,0.245,3,-4,2,25.4,1,2,0,0.4
0.975,0.255,3,-4,2,25.4,1,2,0,0.4
0.975,0.265,3,-4,2,25.4,1,2,0,0.4
0.975,0.275,3,-4,2,25.4,1,2,0,0.4
0.975,0.285,3,-4,2,25.4,1,2,0,0.4
0.975,0.295,3,-4,2,25.4,1,2,0,0.4
0.975,0.305,2.99999,-4,2.00001,25.3999,1,2,0,0.4
0.975,0.315,2.99997,-4,2.00004,25.3996,1,2,0,0.4
0.975,0.325,2.99992,-4,2.00009,25.3991,1,2,0,0.4
0.975,0.335,2.99984,-4,2.00019,25.3981,1,2,0,0.4
0.975,0.345,2.99974,-4,2.0003,25.3969,1,2,0,0.4
0.975,0.355,2.99988,-4,2.00013,25.3986,1,2,0,0.4
0.975,0.365,3.00137,-4,1.99843,25.4162,1,2,0,0.4
0.975,0.375,3.00795,-4,1.99087,25.4944,1,2,0,0.4
0.975,0.385,3.03025,-4,1.96525,25.7607,1,2,0,0.4
0.975,0.395,3.09192,-4,1.89469,26.505,1,2,0,0.4
0.975,0.405,3.22521,-4,1.74483,28.1448,1,2,0,0.4
0.975,0.415,3.43355,-4,1.51967,30.7713,1,2,0,0.4
0.975,0.425,3.65784,-4,1.29002,33.6665,1,2,0,0.4
0.975,0.435,3.82249,-4,1.12915,35.8327,1,2,0,0.4
0.975,0.445,3.89703,-4,1.05765,36.8327,1,2,0,0.4
0.975,0.455,3.89416,-4,1.05862,36.8179,1,2,0,0.4
0.975,0.465,3.84122,-4,1.10602,36.151,1,2,0,0.4
0.975,0.475,3.76313,-4,1.17727,35.1667,1,2,0,0.4
0.975,0.485,3.67804,-4,1.25592,34.1063,1,2,0,0.4
0.975,0.495,3.59797,-4,1.33047,33.1264,1,2,0,0.4
0.975,0.505,3.43966,-4.37336,1.39658,32.3411,1,2,0,0.4
0.975,0.515,3.21576,-5.62523,1.47125,31.9571,1,2,0,0.4
0.975,0.525,3.26199,-7.99263,1.60587,32.0298,1,2,0,0.4
0.975,0.535,4.20289,-10.7931,1.82379,32.065,1,2,0,0.4
0.975,0.545,6.92314,-12.8606,2.04809,31.6184,1,2,0,0.4
0.975,0.555,12.8183,-13.964,2.19341,31.4906,1,2,0,0.4
0.975,0.565,23.8714,-14.4785,2.27844,32.8857,1,2,0,0.4
0.975,0.575,42.2502,-14.7183,2.3562,36.2916,1,2,0,0.4
0.975,0.585,70.3831,-14.8363,2.43474,42.3881,1,2,0,0.4
0.975,0.595,110.509,-14.8987,2.51124,51.56,1,2,0,0.4
0.975,0.605,164.016,-14.9342,2.58242,63.8345,1,2,0,0.4
0.975,0.615,230.842,-14.9557,2.64665,78.9171,1,2,0,0.4
0.975,0.625,309.199,-14.9696,2.70369,96.2369,1,2,0,0.4
0.975,0.635,395.724,-14.9788,2.75391,115.016,1,2,0,0.4
0.975,0.645,486.012,-14.9852,2.79791,134.37,1,2,0,0.4
0.975,0.655,575.352,-14.9897,2.83623,153.417,1,2,0,0.4
0.975,0.665,659.459,-14.9929,2.86934,171.381,1,2,0,0.4
0.975,0.675,735.017,-14.9952,2.89761,187.666,1,2,0,0.4
0.975,0.685,799.966,-14.9968,2.92139,201.886,1,2,0,0.4
0.975,0.695,853.508,-14.9979,2.94102,213.867,1,2,0,0.4
0.975,0.705,895.922,-14.9987,2.95684,223.617,1,2,0,0.4
0.975,0.715,928.26,-14.9992,2.96927,231.285,1,2,0,0.4
0.975,0.725,952.023,-14.9995,2.97874,237.114,1,2,0,0.4
0.975,0.735,968.869,-14.9997,2.98574,241.394,1,2,0,0.4
0.975,0.745,980.4,-14.9998,2.99073,244.429,1,2,0,0.4
0.975,0.755,988.027,-14.9999,2.99416,246.506,1,2,0,0.4
0.975,0.765,992.902,-15,2.99644,247.878,1,2,0,0.4
0.975,0.775,995.916,-15,2.9979,248.753,1,2,0,0.4
0.975,0.785,997.72,-15,2.9988,249.29,1,2,0,0.4
0.975,0.795,998.764,-15,2.99934,249.608,1,2,0,0.4
0.975,0.805,999.349,-15,2.99965,249.791,1,2,0,0.4
0.975,0.815,999.667,-15,2.99982,249.892,1,2,0,0.4
0.975,0.825,999.835,-15,2.99991,249.946,1,2,0,0.4
0.975,0.835,999.92,-15,2.99996,249.973,1,2,0,0.4
0.975,0.845,999.963,-15,2.99998,249.987,1,2,0,0.4
0.975,0.855,999.983,-15,2.99999,249.994,1,2,0,0.4
0.975,0.865,999.992,-15,3,249.997,1,2,0,0.4
0.975,0.875,999.997,-15,3,249.999,1,2,0,0.4
0.975,0.885,999.999,-15,3,250,1,2,0,0.4
0.975,0.895,999.999,-15,3,250,1,2,0,0.4
0.975,0.905,1000,-15,3,250,1,2,0,0.4
0.975,0.915,1000,-15,3,250,1,2,0,0.4
0.975,0.925,1000,-15,3,250,1,2,0,0.4
0.975,0.935,1000,-15,3,250,1,2,0,0.4
0.975,0.945,1000,-15,3,250,1,2,0,0.4
0.975,0.955,1000,-15,3,250,1,2,0,0.4
0.975,0.965,1000,-15,3,250,1,2,0,0.4
0.975,0.975,1000,-15,3,250,1,2,0,0.4
0.975,0.985,1000,-15,3,250,1,2,0,0.4
0.975,0.995,1000,-15,3,250,1,2,0,0.4
0.985,0.005,3,-4,2,25.4,1,2,0,0.4
0.985,0.015,3,-4,2,25.4,1,2,0,0.4
0.985,0.025,3,-4,2,25.4,1,2,0,0.4
0.985,0.035,3,-4,2,25.4,1,2,0,0.4
0.985,0.045,3,-4,2,25.4,1,2,0,0.4
0.985,0.055,3,-4,2,25.4,1,2,0,0.4
0.985,0.065,3,-4,2,25.4,1,2,0,0.4
0.985,0.075,3,-4,2,25.4,1,2,0,0.4
0.985,0.085,3,-4,2,25.4,1,2,0,0.4
0.985,0.095,3,-4,2,25.4,1,2,0,0.4
0.985,0.105,3,-4,2,25.4,1,2,0,0.4
0.985,0.115,3,-4,2,25.4,1,2,0,0.4
0.985,0.125,3,-4,2,25.4,1,2,0,0.4
0.985,0.135,3,-4,2,25.4,1,2,0,0.4
0.985,0.145,3,-4,2,25.4,1,2,0,0.4
0.985,0.155,3,-4,2,25.4,1,2,0,0.4
0.985,0.165,3,-4,2,25.4,1,2,0,0.4
0.985,0.175,3,-4,2,25.4,1,2,0,0.4
0.985,0.185,3,-4,2,25.4,1,2,0,0.4
0.985,0.195,3,-4,2,25.4,1,2,0,0.4
0.985,0.205,3,-4,2,25.4,1,2,0,0.4
0.985,0.215,3,-4,2,25.4,1,2,0,0.4
0.985,0.225,3,-4,2,25.4,1,2,0,0.4
0.985,0.235,3,-4,2,25.4,1,2,0,0.4
0.985,0.245,3,-4,2,25.4,1,2,0,0.4
0.985,0.255,3,-4,2,25.4,1,2,0,0.4
0.985,0.265,3,-4,2,25.4,1,2,0,0.4
0.985,0.275,3,-4,2,25.4,1,2,0,0.4
0.985,0.285,3,-4,2,25.4,1,2,0,0.4
0.985,0.295,3,-4,2,25.4,1,2,0,0.4
0.985,0.305,2.99999,-4,2.00001,25.3999,1,2,0,0.4
0.985,0.315,2.99997,-4,2.00004,25.3996,1,2,0,0.4
0.985,0.325,2.99992,-4,2.00009,25.3991,1,2,0,0.4
0.985,0.335,2.99984,-4,2.00019,25.3981,1,2,0,0.4
0.985,0.345,2.99974,-4,2.0003,25.3969,1,2,0,0.4
0.985,0.355,2.99988,-4,2.00013,25.3986,1,2,0,0.4
0.985,0.365,3.00137,-4,1.99843,25.4162,1,2,0,0.4
0.985,0.375,3.00795,-4,1.99087,25.4944,1,2,0,0.4
0.985,0.385,3.03025,-4,1.96525,25.7607,1,2,0,0.4
0.985,0.395,3.09192,-4,1.89469,26.505,1,2,0,0.4
0.985,0.405,3.22521,-4,1.74483,28.1448,1,2,0,0.4
0.985,0.415,3.43355,-4,1.51967,30.7713,1,2,0,0.4
0.985,0.425,3.65784,-4,1.29002,33.6665,1,2,0,0.4
0.985,0.435,3.82249,-4,1.12915,35.8327,1,2,0,0.4
0.985,0.445,3.89703,-4,1.05765,36.8327,1,2,0,0.4
0.985,0.455,3.89416,-4,1.05862,36.8179,1,2,0,0.4
0.985,0.465,3.84122,-4,1.10602,36.151,1,2,0,0.4
0.985,0.475,3.76313,-4,1.17727,35.1667,1,2,0,0.4
0.985,0.485,3.67804,-4,1.25592,34.1063,1,2,0,0.4
0.985,0.495,3.59797,-4,1.33047,33.1264,1,2,0,0.4
0.985,0.505,3.43966,-4.37336,1.39658,32.3411,1,2,0,0.4
0.985,0.515,3.21576,-5.62523,1.47125,31.9571,1,2,0,0.4
0.985,0.525,3.26199,-7.99263,1.60587,32.0298,1,2,0,0.4
0.985,0.535,4.20289,-10.7931,1.82379,32.065,1,2,0,0.4
0.985,0.545,6.92314,-12.8606,2.04809,31.6184,1,2,0,0.4
0.985,0.555,12.8183,-13.964,2.19341,31.4906,1,2,0,0.4
0.985,0.565,23.8714,-14.4785,2.27844,32.8857,1,2,0,0.4
0.985,0.575,42.2502,-14.7183,2.3562,36.2916,1,2,0,0.4
0.985,0.585,70.3831,-14.8363,2.43474,42.3881,1,2,0,0.4
0.985,0.595,110.509,-14.8987,2.51124,51.56,1,2,0,0.4
0.985,0.605,164.016,-14.9342,2.58242,63.8345,1,2,0,0.4
0.985,0.615,230.842,-14.9557,2.64665,78.9171,1,2,0,0.4
0.985,0.625,309.199,-14.9696,2.70369,96.2369,1,2,0,0.4
0.985,0.635,395.724,-14.9788,2.75391,115.016,1,2,0,0.4
0.985,0.645,486.012,-14.9852,2.79791,134.37,1,2,0,0.4
0.985,0.655,575.352,-14.9897,2.83623,153.417,1,2,0,0.4
0.985,0.665,659.459,-14.9929,2.86934,171.381,1,2,0,0.4
0.985,0.675,735.017,-14.9952,2.89761,187.666,1,2,0,0.4
0.985,0.685,799.966,-14.9968,2.92139,201.886,1,2,0,0.4
0.985,0.695,853.508,-14.9979,2.94102,213.867,1,2,0,0.4
0.985,0.705,895.922,-14.9987,2.95684,223.617,1,2,0,0.4
0.985,0.715,928.26,-14.9992,2.96927,231.285,1,2,0,0.4
0.985,0.725,952.023,-14.9995,2.97874,237.114,1,2,0,0.4
0.985,0.735,968.869,-14.9997,2.98574,241.394,1,2,0,0.4
0.985,0.745,980.4,-14.9998,2.99073,244.429,1,2,0,0.4
0.985,0.755,988.027,-14.9999,2.99416,246.506,1,2,0,0.4
0.985,0.765,992.902,-15,2.99644,247.878,1,2,0,0.4
0.985,0.775,995.916,-15,2.9979,248.753,1,2,0,0.4
0.985,0.785,997.72,-15,2.9988,249.29,1,2,0,0.4
0.985,0.795,998.764,-15,2.99934,249.608,1,2,0,0.4
0.985,0.805,999.349,-15,2.99965,249.791,1,2,0,0.4
0.985,0.815,999.667,-15,2.99982,249.892,1,2,0,0.4
0.985,0.825,999.835,-15,2.99991,249.946,1,2,0,0.4
0.985,0.835,999.92,-15,2.99996,249.973,1,2,0,0.4
0.985,0.845,999.963,-15,2.99998,249.987,1,2,0,0.4
0.985,0.855,999.983,-15,2.99999,249.994,1,2,0,0.4
0.985,0.865,999.992,-15,3,249.997,1,2,0,0.4
0.985,0.875,999.997,-15,3,249.999,1,2,0,0.4
0.985,0.885,999.999,-15,3,250,1,2,0,0.4
0.985,0.895,999.999,-15,3,250,1,2,0,0.4
0.985,0.905,1000,-15,3,250,1,2,0,0.4
0.985,0.915,1000,-15,3,250,1,2,0,0.4
0.985,0.925,1000,-15,3,250,1,2,0,0.4
0.985,0.935,1000,-15,3,250,1,2,0,0.4
0.985,0.945,1000,-15,3,250,1,2,0,0.4
0.985,0.955,1000,-15,3,250,1,2,0,0.4
0.985,0.965,1000,-15,3,250,1,2,0,0.4
0.985,0.975,1000,-15,3,250,1,2,0,0.4
0.985,0.985,1000,-15,3,250,1,2,0,0.4
0.985,0.995,1000,-15,3,250,1,2,0,0.4
0.995,0.005,3,-4,2,25.4,1,2,0,0.4
0.995,0.015,3,-4,2,25.4,1,2,0,0.4
0.995,0.025,3,-4,2,25.4,1,2,0,0.4
0.995,0.035,3,-4,2,25.4,1,2,0,0.4
0.995,0.045,3,-4,2,25.4,1,2,0,0.4
0.995,0.055,3,-4,2,25.4,1,2,0,0.4
0.995,0.065,3,-4,2,25.4,1,2,0,0.4
0.995,0.075,3,-4,2,25.4,1,2,0,0.4
0.995,0.085,3,-4,2,25.4,1,2,0,0.4
0.995,0.095,3,-4,2,25.4,1,2,0,0.4
0.995,0.105,3,-4,2,25.4,1,2,0,0.4
0.995,0.115,3,-4,2,25.4,1,2,0,0.4
0.995,0.125,3,-4,2,25.4,1,2,0,0.4
0.995,0.135,3,-4,2,25.4,1,2,0,0.4
0.995,0.145,3,-4,2,25.4,1,2,0,0.4
0.995,0.155,3,-4,2,25.4,1,2,0,0.4
0.995,0.165,3,-4,2,25.4,1,2,0,0.4
0.995,0.175,3,-4,2,25.4,1,2,0,0.4
0.995,0.185,3,-4,2,25.4,1,2,0,0.4
0.995,0.195,3,-4,2,25.4,1,2,0,0.4
0.995,0.205,3,-4,2,25.4,1,2,0,0.4
0.995,0.215,3,-4,2,25.4,1,2,0,0.4
0.995,0.225,3,-4,2,25.4,1,2,0,0.4
0.995,0.235,3,-4,2,25.4,1,2,0,0.4
0.995,0.245,3,-4,2,25.4,1,2,0,0.4
0.995,0.255,3,-4,2,25.4,1,2,0,0.4
0.995,0.265,3,-4,2,25.4,1,2,0,0.4
0.995,0.275,3,-4,2,25.4,1,2,0,0.4
0.995,0.285,3,-4,2,25.4,1,2,0,0.4
0.995,0.295,3,-4,2,25.4,1,2,0,0.4
0.995,0.305,2.99999,-4,2.00001,25.3999,1,2,0,0.4
0.995,0.315,2.99997,-4,2.00004,25.3996,1,2,0,0.4
0.995,0.325,2.99992,-4,2.00009,25.3991,1,2,0,0.4
0.995,0.335,2.99984,-4,2.00019,25.3981,1,2,0,0.4
0.995,0.345,2.99974,-4,2.0003,25.3969,1,2,0,0.4
0.995,0.355,2.99988,-4,2.00013,25.3986,1,2,0,0.4
0.995,0.365,3.00137,-4,1.99843,25.4162,1,2,0,0.4
0.995,0.375,3.00795,-4,1.99087,25.4944,1,2,0,0.4
0.995,0.385,3.03025,-4,1.96525,25.7607,1,2,0,0.4
0.995,0.395,3.09192,-4,1.89469,26.505,1,2,0,0.4
0.995,0.405,3.22521,-4,1.74483,28.1448,1,2,0,0.4
0.995,0.415,3.43355,-4,1.51967,30.7713,1,2,0,0.4
0.995,0.425,3.65784,-4,1.29002,33.6665,1,2,0,0.4
0.995,0.435,3.82249,-4,1.12915,35.8327,1,2,0,0.4
0.995,0.445,3.89703,-4,1.05765,36.8327,1,2,0,0.4
0.995,0.455,3.89416,-4,1.05862,36.8179,1,2,0,0.4
0.995,0.465,3.84122,-4,1.10602,36.151,1,2,0,0.4
0.995,0.475,3.76313,-4,1.17727,35.1667,1,2,0,0.4
0.995,0.485,3.67804,-4,1.25592,34.1063,1,2,0,0.4
0.995,0.495,3.59797,-4,1.33047,33.1264,1,2,0,0.4
0.995,0.505,3.43966,-4.37336,1.39658,32.3411,1,2,0,0.4
0.995,0.515,3.21576,-5.62523,1.47125,31.9571,1,2,0,0.4
0.995,0.525,3.26199,-7.99263,1.60587,32.0298,1,2,0,0.4
0.995,0.535,4.20289,-10.7931,1.82379,32.065,1,2,0,0.4
0.995,0.545,6.92314,-12.8606,2.04809,31.6184,1,2,0,0.4
0.995,0.555,12.8183,-13.964,2.19341,31.4906,1,2,0,0.4
0.995,0.565,23.8714,-14.4785,2.27844,32.8857,1,2,0,0.4
0.995,0.575,42.2502,-14.7183,2.3562,36.2916,1,2,0,0.4
0.995,0.585,70.3831,-14.8363,2.43474,42.3881,1,2,0,0.4
0.995,0.595,110.509,-14.8987,2.51124,51.56,1,2,0,0.4
0.995,0.605,164.016,-14.9342,2.58242,63.8345,1,2,0,0.4
0.995,0.615,230.842,-14.9557,2.64665,78.9171,1,2,0,0.4
0.995,0.625,309.199,-14.9696,2.70369,96.2369,1,2,0,0.4
0.995,0.635,395.724,-14.9788,2.75391,115.016,1,2,0,0.4
0.995,0.645,486.012,-14.9852,2.79791,134.37,1,2,0,0.4
0.995,0.655,575.352,-14.9897,2.83623,153.417,1,2,0,0.4
0.995,0.665,659.459,-14.9929,2.86934,171.381,1,2,0,0.4
0.995,0.675,735.017,-14.9952,2.89761,187.666,1,2,0,0.4
0.995,0.685,799.966,-14.9968,2.92139,201.886,1,2,0,0.4
0.995,0.695,853.508,-14.9979,2.94102,213.867,1,2,0,0.4
0.995,0.705,895.922,-14.9987,2.95684,223.617,1,2,0,0.4
0.995,0.715,928.26,-14.9992,2.96927,231.285,1,2,0,0.4
0.995,0.725,952.023,-14.9995,2.97874,237.114,1,2,0,0.4
0.995,0.735,968.869,-14.9997,2.98574,241.394,1,2,0,0.4
0.995,0.745,980.4,-14.9998,2.99073,244.429,1,2,0,0.4
0.995,0.755,988.027,-14.9999,2.99416,246.506,1,2,0,0.4
0.995,0.765,992.902,-15,2.99644,247.878,1,2,0,0.4
0.995,0.775,995.916,-15,2.9979,248.753,1,2,0,0.4
0.995,0.785,997.72,-15,2.9988,249.29,1,2,0,0.4
0.995,0.795,998.764,-15,2.99934,249.608,1,2,0,0.4
0.995,0.805,999.349,-15,2.99965,249.791,1,2,0,0.4
0.995,0.815,999.667,-15,2.99982,249.892,1,2,0,0.4
0.995,0.825,999.835,-15,2.99991,249.946,1,2,0,0.4
0.995,0.835,999.92,-15,2.99996,249.973,1,2,0,0.4
0.995,0.845,999.963,-15,2.99998,249.987,1,2,0,0.4
0.995,0.855,999.983,-15,2.99999,249.994,1,2,0,0.4
0.995,0.865,999.992,-15,3,249.997,1,2,0,0.4
0.995,0.875,999.997,-15,3,249.999,1,2,0,0.4
0.995,0.885,999.999,-15,3,250,1,2,0,0.4
0.995,0.895,999.999,-15,3,250,1,2,0,0.4
0.995,0.905,1000,-15,3,250,1,2,0,0.4
0.995,0.915,1000,-15,3,250,1,2,0,0.4
0.995,0.925,1000,-15,3,250,1,2,0,0.4
0.995,0.935,1000,-15,3,250,1,2,0,0.4
0.995,0.945,1000,-15,3,250,1,2,0,0.4
0.995,0.955,1000,-15,3,250,1,2,0,0.4
0.995,0.965,1000,-15,3,250,1,2,0,0.4
0.995,0.975,1000,-15,3,250,1,2,0,0.4
0.995,0.985,1000,-15,3,250,1,2,0,0.4
0.995,0.995,1000,-15,3,250,1,2,0,0.4
