x,y,rho,u,v,p,rho_exact,u_exact,v_exact,p_exact
0.005,0.005,40.8436,8.8075,-14.657,984.134,1,-2,0,0.4
0.005,0.015,60.8123,8.59483,-16.4907,1667.43,1,-2,0,0.4
0.005,0.025,81.8388,8.18306,-17.6407,2424.25,1,-2,0,0.4
0.005,0.035,101.089,7.62039,-18.2863,3153.93,1,-2,0,0.4
0.005,0.045,117.136,6.93204,-18.5773,3797.8,1,-2,0,0.4
0.005,0.055,130.041,6.13694,-18.6035,4346.26,1,-2,0,0.4
0.005,0.065,139.843,5.31309,-18.4214,4779.76,1,-2,0,0.4
0.005,0.075,146.537,4.5439,-18.0894,5078.9,1,-2,0,0.4
0.005,0.085,150.484,3.87353,-17.6638,5249.75,1,-2,0,0.4
0.005,0.095,152.33,3.31059,-17.1903,5319.03,1,-2,0,0.4
0.005,0.105,152.776,2.84415,-16.701,5319.84,1,-2,0,0.4
0.005,0.115,152.419,2.4566,-16.2163,5281.23,1,-2,0,0.4
0.005,0.125,151.691,2.13042,-15.7476,5224.45,1,-2,0,0.4
0.005,0.135,150.874,1.85096,-15.3007,5163.31,1,-2,0,0.4
0.005,0.145,150.137,1.6069,-14.8776,5105.99,1,-2,0,0.4
0.005,0.155,149.568,1.38998,-14.4783,5056.88,1,-2,0,0.4
0.005,0.165,149.201,1.19457,-14.1014,5017.94,1,-2,0,0.4
0.005,0.175,149.033,1.01722,-13.7449,4989.7,1,-2,0,0.4
0.005,0.185,149.035,0.856194,-13.4064,4971.88,1,-2,0,0.4
0.005,0.195,149.158,0.711025,-13.0835,4963.75,1,-2,0,0.4
0.005,0.205,149.339,0.582078,-12.7733,4964.36,1,-2,0,0.4
0.005,0.215,149.507,0.470022,-12.4733,4972.64,1,-2,0,0.4
0.005,0.225,149.591,0.375286,-12.1808,4987.52,1,-2,0,0.4
0.005,0.235,149.534,0.297503,-11.8934,5007.94,1,-2,0,0.4
0.005,0.245,149.296,0.235073,-11.609,5032.83,1,-2,0,0.4
0.005,0.255,148.867,0.184929,-11.326,5061.02,1,-2,0,0.4
0.005,0.265,148.26,0.142657,-11.0439,5091.02,1,-2,0,0.4
0.005,0.275,147.513,0.102992,-10.763,5120.88,1,-2,0,0.4
0.005,0.285,146.68,0.0606263,-10.4841,5148.24,1,-2,0,0.4
0.005,0.295,145.833,0.0110076,-10.2084,5170.9,1,-2,0,0.4
0.005,0.305,145.064,-0.0492962,-9.93601,5187.48,1,-2,0,0.4
0.005,0.315,144.477,-0.122789,-9.66674,5197.22,1,-2,0,0.4
0.005,0.325,144.176,-0.211251,-9.40006,5199.75,1,-2,0,0.4
0.005,0.335,144.262,-0.315892,-9.1353,5195,1,-2,0,0.4
0.005,0.345,144.822,-0.43739,-8.87274,5182.92,1,-2,0,0.4
0.005,0.355,145.943,-0.575951,-8.61179,5163.92,1,-2,0,0.4
0.005,0.365,147.703,-0.731283,-8.35181,5138.54,1,-2,0,0.4
0.005,0.375,150.175,-0.902732,-8.09216,5107.57,1,-2,0,0.4
0.005,0.385,153.433,-1.08925,-7.83216,5071.98,1,-2,0,0.4
0.005,0.395,157.546,-1.28943,-7.57116,5032.99,1,-2,0,0.4
0.005,0.405,162.587,-1.50152,-7.30849,4991.99,1,-2,0,0.4
0.005,0.415,168.636,-1.72354,-7.04352,4950.59,1,-2,0,0.4
0.005,0.425,175.777,-1.95333,-6.77559,4910.65,1,-2,0,0.4
0.005,0.435,184.109,-2.18865,-6.50409,4874.18,1,-2,0,0.4
0.005,0.445,193.743,-2.42738,-6.22843,4843.44,1,-2,0,0.4
0.005,0.455,204.822,-2.6675,-5.94776,4821.22,1,-2,0,0.4
0.005,0.465,217.587,-2.907,-5.65953,4812.62,1,-2,0,0.4
0.005,0.475,232.528,-3.143,-5.35706,4828.58,1,-2,0,0.4
0.005,0.485,249.778,-3.37677,-5.04515,4866.61,1,-2,0,0.4
0.005,0.495,269.329,-3.61104,-4.73071,4920.22,1,-2,0,0.4
0.005,0.505,291.495,-3.845,-4.41352,4992.9,1,-2,0,0.4
0.005,0.515,316.658,-4.07866,-4.09322,5088.66,1,-2,0,0.4
0.005,0.525,345.202,-4.31298,-3.77054,5210.31,1,-2,0,0.4
0.005,0.535,377.55,-4.54949,-3.44642,5360.68,1,-2,0,0.4
0.005,0.545,414.111,-4.7907,-3.12237,5541.71,1,-2,0,0.4
0.005,0.555,455.053,-5.04104,-2.80164,5750.84,1,-2,0,0.4
0.005,0.565,500.439,-5.30733,-2.4862,5985.25,1,-2,0,0.4
0.005,0.575,550.59,-5.59722,-2.17524,6247.87,1,-2,0,0.4
0.005,0.585,606.579,-5.91721,-1.86441,6553.09,1,-2,0,0.4
0.005,0.595,670.889,-6.27235,-1.54552,6932.11,1,-2,0,0.4
0.005,0.605,748.073,-6.66615,-1.20764,7435.63,1,-2,0,0.4
0.005,0.615,845.119,-7.09944,-0.840907,8129.66,1,-2,0,0.4
0.005,0.625,970.846,-7.56693,-0.443709,9076.9,1,-2,0,0.4
0.005,0.635,1133.22,-8.05076,-0.0297463,10302.9,1,-2,0,0.4
0.005,0.645,1335.06,-8.51647,0.373163,11778.5,1,-2,0,0.4
0.005,0.655,1569.29,-8.90879,0.736483,13467.7,1,-2,0,0.4
0.005,0.665,1827.44,-9.22341,1.03949,15292.4,1,-2,0,0.4
0.005,0.675,2093.61,-9.46245,1.27571,17143.9,1,-2,0,0.4
0.005,0.685,2350.95,-9.63092,1.45191,18946.4,1,-2,0,0.4
0.005,0.695,2587.88,-9.73915,1.58203,20666.6,1,-2,0,0.4
0.005,0.705,2799.26,-9.7992,1.68088,22302.4,1,-2,0,0.4
0.005,0.715,2984.44,-9.82201,1.76055,23864.3,1,-2,0,0.4
0.005,0.725,3144.76,-9.81655,1.82954,25360.5,1,-2,0,0.4
0.005,0.735,3282.15,-9.79007,1.89314,26791.8,1,-2,0,0.4
0.005,0.745,3398.63,-9.74856,1.95434,28152.3,1,-2,0,0.4
0.005,0.755,3496.42,-9.69715,2.01449,29433.9,1,-2,0,0.4
0.005,0.765,3577.96,-9.64015,2.074,30629.6,1,-2,0,0.4
0.005,0.775,3645.79,-9.58107,2.13274,31736,1,-2,0,0.4
0.005,0.785,3702.43,-9.5226,2.19027,32753.5,1,-2,0,0.4
0.005,0.795,3750.23,-9.46666,2.24611,33685.8,1,-2,0,0.4
0.005,0.805,3791.18,-9.41449,2.2998,34538.6,1,-2,0,0.4
0.005,0.815,3826.96,-9.36679,2.35095,35318.8,1,-2,0,0.4
0.005,0.825,3858.85,-9.32383,2.39928,36033.1,1,-2,0,0.4
0.005,0.835,3887.79,-9.28559,2.44459,36688,1,-2,0,0.4
0.005,0.845,3914.45,-9.25187,2.48678,37288.8,1,-2,0,0.4
0.005,0.855,3939.26,-9.22235,2.5258,37840.2,1,-2,0,0.4
0.005,0.865,3962.49,-9.19665,2.56165,38345.7,1,-2,0,0.4
0.005,0.875,3984.26,-9.17442,2.59435,38807.9,1,-2,0,0.4
0.005,0.885,4004.63,-9.15529,2.62399,39229,1,-2,0,0.4
0.005,0.895,4023.59,-9.13891,2.65063,39610.6,1,-2,0,0.4
0.005,0.905,4041.1,-9.12498,2.67439,39954,1,-2,0,0.4
0.005,0.915,4057.11,-9.1132,2.69539,40260.7,1,-2,0,0.4
0.005,0.925,4071.6,-9.10333,2.71376,40531.8,1,-2,0,0.4
0.005,0.935,4084.54,-9.09512,2.72967,40769.1,1,-2,0,0.4
0.005,0.945,4095.95,-9.08836,2.74329,40974.2,1,-2,0,0.4
0.005,0.955,4105.86,-9.08284,2.7548,41149.3,1,-2,0,0.4
0.005,0.965,4114.33,-9.0784,2.76442,41296.8,1,-2,0,0.4
0.005,0.975,4121.45,-9.07486,2.77233,41419.1,1,-2,0,0.4
0.005,0.985,4127.35,-9.07208,2.77876,41519,1,-2,0,0.4
0.005,0.995,4132.13,-9.06991,2.78391,41599.2,1,-2,0,0.4
0.015,0.005,42.3889,8.59663,-14.8781,1052.35,1,-2,0,0.4
0.015,0.015,63.7626,8.27864,-16.6969,1801.03,1,-2,0,0.4
0.015,0.025,86.9415,7.74667,-17.8225,2660.06,1,-2,0,0.4
0.015,0.035,109.254,7.03907,-18.428,3537.41,1,-2,0,0.4
0.015,0.045,129.029,6.2082,-18.6403,4361.62,1,-2,0,0.4
0.015,0.055,143.908,5.39353,-18.5651,5006.58,1,-2,0,0.4
0.015,0.065,153.106,4.66716,-18.2973,5410.07,1,-2,0,0.4
0.015,0.075,157.535,4.04627,-17.9077,5595.89,1,-2,0,0.4
0.015,0.085,158.69,3.52552,-17.449,5626.17,1,-2,0,0.4
0.015,0.095,157.946,3.09029,-16.9582,5563.99,1,-2,0,0.4
0.015,0.105,156.305,2.72404,-16.4595,5456.89,1,-2,0,0.4
0.015,0.115,154.403,2.4117,-15.9674,5335.27,1,-2,0,0.4
0.015,0.125,152.609,2.14088,-15.4898,5216.47,1,-2,0,0.4
0.015,0.135,151.118,1.9019,-15.0303,5109.41,1,-2,0,0.4
0.015,0.145,150.019,1.68759,-14.5901,5018.03,1,-2,0,0.4
0.015,0.155,149.335,1.49295,-14.1692,4943.52,1,-2,0,0.4
0.015,0.165,149.042,1.31478,-13.7672,4885.66,1,-2,0,0.4
0.015,0.175,149.079,1.15141,-13.3835,4843.56,1,-2,0,0.4
0.015,0.185,149.354,1.00237,-13.0179,4815.97,1,-2,0,0.4
0.015,0.195,149.742,0.868059,-12.6703,4801.43,1,-2,0,0.4
0.015,0.205,150.103,0.74939,-12.3407,4798.3,1,-2,0,0.4
0.015,0.215,150.292,0.647288,-12.0289,4804.75,1,-2,0,0.4
0.015,0.225,150.189,0.5622,-11.7341,4818.75,1,-2,0,0.4
0.015,0.235,149.719,0.493619,-11.455,4838.18,1,-2,0,0.4
0.015,0.245,148.879,0.43973,-11.1891,4860.91,1,-2,0,0.4
0.015,0.255,147.725,0.397282,-10.9334,4884.94,1,-2,0,0.4
0.015,0.265,146.364,0.361773,-10.6842,4908.42,1,-2,0,0.4
0.015,0.275,144.918,0.327962,-10.4385,4929.74,1,-2,0,0.4
0.015,0.285,143.511,0.290599,-10.1936,4947.59,1,-2,0,0.4
0.015,0.295,142.252,0.245145,-9.94807,4960.92,1,-2,0,0.4
0.015,0.305,141.241,0.188132,-9.70106,4968.96,1,-2,0,0.4
0.015,0.315,140.563,0.117035,-9.45225,4971.11,1,-2,0,0.4
0.015,0.325,140.292,0.0301244,-9.20151,4966.9,1,-2,0,0.4
0.015,0.335,140.494,-0.0736694,-8.94877,4956.09,1,-2,0,0.4
0.015,0.345,141.243,-0.19484,-8.69279,4938.88,1,-2,0,0.4
0.015,0.355,142.617,-0.333403,-8.43276,4915.93,1,-2,0,0.4
0.015,0.365,144.665,-0.489132,-8.1701,4887.33,1,-2,0,0.4
0.015,0.375,147.443,-0.661365,-7.9051,4853.73,1,-2,0,0.4
0.015,0.385,151.01,-0.848999,-7.63772,4815.94,1,-2,0,0.4
0.015,0.395,155.429,-1.05053,-7.36787,4775.01,1,-2,0,0.4
0.015,0.405,160.765,-1.26416,-7.09539,4732.16,1,-2,0,0.4
0.015,0.415,167.088,-1.48779,-6.82009,4688.84,1,-2,0,0.4
0.015,0.425,174.478,-1.71915,-6.54171,4646.69,1,-2,0,0.4
0.015,0.435,183.02,-1.95591,-6.26004,4607.46,1,-2,0,0.4
0.015,0.445,192.816,-2.19578,-5.97479,4573.13,1,-2,0,0.4
0.015,0.455,204.011,-2.43653,-5.6848,4546.77,1,-2,0,0.4
0.015,0.465,216.914,-2.67507,-5.38591,4535.46,1,-2,0,0.4
0.015,0.475,231.742,-2.90974,-5.07894,4541.81,1,-2,0,0.4
0.015,0.485,248.654,-3.1423,-4.76559,4565.39,1,-2,0,0.4
0.015,0.495,267.701,-3.37449,-4.44949,4603.14,1,-2,0,0.4
0.015,0.505,289.121,-3.60572,-4.13112,4657.28,1,-2,0,0.4
0.015,0.515,313.207,-3.83609,-3.81031,4730.82,1,-2,0,0.4
0.015,0.525,340.246,-4.06674,-3.4875,4825.84,1,-2,0,0.4
0.015,0.535,370.496,-4.3,-3.16352,4943.59,1,-2,0,0.4
0.015,0.545,404.016,-4.54045,-2.84061,5081.75,1,-2,0,0.4
0.015,0.555,440.354,-4.79566,-2.52383,5230.63,1,-2,0,0.4
0.015,0.565,479.038,-5.07349,-2.21518,5384.12,1,-2,0,0.4
0.015,0.575,520.157,-5.38099,-1.91204,5547.37,1,-2,0,0.4
0.015,0.585,564.888,-5.72389,-1.6069,5740.65,1,-2,0,0.4
0.015,0.595,616.08,-6.10814,-1.28739,6001.93,1,-2,0,0.4
0.015,0.605,678.843,-6.54093,-0.937889,6387.31,1,-2,0,0.4
0.015,0.615,760.835,-7.02966,-0.545311,6962.74,1,-2,0,0.4
0.015,0.625,871.264,-7.57572,-0.110128,7774.9,1,-2,0,0.4
0.015,0.635,1017.64,-8.15811,0.344558,8813.26,1,-2,0,0.4
0.015,0.645,1200.86,-8.69881,0.781188,10056.9,1,-2,0,0.4
0.015,0.655,1419.24,-9.16841,1.16049,11450.8,1,-2,0,0.4
0.015,0.665,1661.38,-9.55633,1.45647,12883,1,-2,0,0.4
0.015,0.675,1909.4,-9.85398,1.66578,14272.6,1,-2,0,0.4
0.015,0.685,2147.44,-10.0649,1.80359,15592,1,-2,0,0.4
0.015,0.695,2366.72,-10.2008,1.89182,16858,1,-2,0,0.4
0.015,0.705,2565.48,-10.2763,1.95045,18108.1,1,-2,0,0.4
0.015,0.715,2745.47,-10.3045,1.994,19375.4,1,-2,0,0.4
0.015,0.725,2908.83,-10.2962,2.03164,20675.6,1,-2,0,0.4
0.015,0.735,3056.79,-10.2603,2.06848,22005.1,1,-2,0,0.4
0.015,0.745,3189.79,-10.2044,2.10701,23346.6,1,-2,0,0.4
0.015,0.755,3308.13,-10.1349,2.14815,24676.3,1,-2,0,0.4
0.015,0.765,3412.36,-10.0576,2.19189,25970.1,1,-2,0,0.4
0.015,0.775,3503.49,-9.97715,2.23771,27208.2,1,-2,0,0.4
0.015,0.785,3582.84,-9.89715,2.28484,28376.3,1,-2,0,0.4
0.015,0.795,3651.96,-9.82028,2.33244,29466.2,1,-2,0,0.4
0.015,0.805,3712.4,-9.7483,2.3797,30474.6,1,-2,0,0.4
0.015,0.815,3765.6,-9.68225,2.42591,31402.1,1,-2,0,0.4
0.015,0.825,3812.81,-9.62259,2.47047,32251.6,1,-2,0,0.4
0.015,0.835,3855.04,-9.56937,2.51294,33027.1,1,-2,0,0.4
0.015,0.845,3893.09,-9.52237,2.55297,33733.2,1,-2,0,0.4
0.015,0.855,3927.57,-9.48122,2.59035,34374.6,1,-2,0,0.4
0.015,0.865,3958.9,-9.44544,2.62491,34955.3,1,-2,0,0.4
0.015,0.875,3987.4,-9.41455,2.65659,35479.1,1,-2,0,0.4
0.015,0.885,4013.29,-9.38804,2.68537,35949.4,1,-2,0,0.4
0.015,0.895,4036.71,-9.36545,2.71126,36369.2,1,-2,0,0.4
0.015,0.905,4057.78,-9.34633,2.73433,36741.3,1,-2,0,0.4
0.015,0.915,4076.58,-9.33028,2.75468,37068.5,1,-2,0,0.4
0.015,0.925,4093.21,-9.31692,2.77244,37353.4,1,-2,0,0.4
0.015,0.935,4107.76,-9.3059,2.78776,37599,1,-2,0,0.4
0.015,0.945,4120.33,-9.2969,2.80081,37808.3,1,-2,0,0.4
0.015,0.955,4131.05,-9.28963,2.81179,37984.4,1,-2,0,0.4
0.015,0.965,4140.07,-9.28384,2.8209,38130.7,1,-2,0,0.4
0.015,0.975,4147.55,-9.27927,2.82835,38250.4,1,-2,0,0.4
0.015,0.985,4153.64,-9.27572,2.83437,38346.9,1,-2,0,0.4
0.015,0.995,4158.5,-9.27299,2.83917,38423.2,1,-2,0,0.4
0.025,0.005,48.0195,7.84248,-15.6104,1309.51,1,-2,0,0.4
0.025,0.015,73.4647,7.25617,-17.2604,2254.6,1,-2,0,0.4
0.025,0.025,101.994,6.51052,-18.1615,3374.18,1,-2,0,0.4
0.025,0.035,128.422,5.76985,-18.5213,4454.4,1,-2,0,0.4
0.025,0.045,148.132,5.12732,-18.5276,5276.45,1,-2,0,0.4
0.025,0.055,160.115,4.57746,-18.3075,5771.06,1,-2,0,0.4
0.025,0.065,165.645,4.10006,-17.9452,5979.03,1,-2,0,0.4
0.025,0.075,166.743,3.68055,-17.499,5984.8,1,-2,0,0.4
0.025,0.085,165.286,3.30986,-17.0088,5872.07,1,-2,0,0.4
0.025,0.095,162.656,2.98149,-16.5013,5703.95,1,-2,0,0.4
0.025,0.105,159.726,2.68967,-15.9931,5520.54,1,-2,0,0.4
0.025,0.115,156.99,2.42892,-15.4943,5344.25,1,-2,0,0.4
0.025,0.125,154.692,2.1942,-15.0103,5186.05,1,-2,0,0.4
0.025,0.135,152.926,1.98118,-14.5444,5050.25,1,-2,0,0.4
0.025,0.145,151.694,1.78656,-14.0982,4937.65,1,-2,0,0.4
0.025,0.155,150.941,1.60804,-13.673,4847.31,1,-2,0,0.4
0.025,0.165,150.568,1.44436,-13.2699,4777.52,1,-2,0,0.4
0.025,0.175,150.448,1.29516,-12.8899,4726.22,1,-2,0,0.4
0.025,0.185,150.429,1.16074,-12.5339,4691.23,1,-2,0,0.4
0.025,0.195,150.355,1.0418,-12.2023,4670.28,1,-2,0,0.4
0.025,0.205,150.081,0.939099,-11.8949,4661.02,1,-2,0,0.4
0.025,0.215,149.499,0.852994,-11.6106,4661.04,1,-2,0,0.4
0.025,0.225,148.556,0.783089,-11.3469,4667.97,1,-2,0,0.4
0.025,0.235,147.266,0.727913,-11.1004,4679.56,1,-2,0,0.4
0.025,0.245,145.7,0.684797,-10.8668,4693.78,1,-2,0,0.4
0.025,0.255,143.969,0.64998,-10.6412,4708.86,1,-2,0,0.4
0.025,0.265,142.196,0.618955,-10.4193,4723.24,1,-2,0,0.4
0.025,0.275,140.498,0.586977,-10.1973,4735.54,1,-2,0,0.4
0.025,0.285,138.977,0.54958,-9.9724,4744.63,1,-2,0,0.4
0.025,0.295,137.721,0.502939,-9.74278,4749.75,1,-2,0,0.4
0.025,0.305,136.807,0.444014,-9.50742,4750.38,1,-2,0,0.4
0.025,0.315,136.302,0.370516,-9.26598,4746.14,1,-2,0,0.4
0.025,0.325,136.262,0.280868,-9.01863,4736.76,1,-2,0,0.4
0.025,0.335,136.738,0.174159,-8.76589,4721.96,1,-2,0,0.4
0.025,0.345,137.774,0.0500354,-8.50851,4701.51,1,-2,0,0.4
0.025,0.355,139.402,-0.0913617,-8.24761,4674.87,1,-2,0,0.4
0.025,0.365,141.699,-0.249554,-7.98143,4642.91,1,-2,0,0.4
0.025,0.375,144.75,-0.423779,-7.70916,4606.69,1,-2,0,0.4
0.025,0.385,148.578,-0.613302,-7.43357,4566.52,1,-2,0,0.4
0.025,0.395,153.238,-0.816594,-7.15487,4523.3,1,-2,0,0.4
0.025,0.405,158.789,-1.03182,-6.87318,4478.18,1,-2,0,0.4
0.025,0.415,165.295,-1.25686,-6.58856,4432.43,1,-2,0,0.4
0.025,0.425,172.825,-1.4894,-6.30099,4387.57,1,-2,0,0.4
0.025,0.435,181.456,-1.72701,-6.01045,4345.17,1,-2,0,0.4
0.025,0.445,191.283,-1.96714,-5.71648,4307.3,1,-2,0,0.4
0.025,0.455,202.507,-2.20645,-5.41638,4278.76,1,-2,0,0.4
0.025,0.465,215.26,-2.44247,-5.11139,4261.32,1,-2,0,0.4
0.025,0.475,229.732,-2.67508,-4.80087,4257.47,1,-2,0,0.4
0.025,0.485,246.053,-2.90532,-4.48546,4267.39,1,-2,0,0.4
0.025,0.495,264.288,-3.13399,-4.16755,4289.67,1,-2,0,0.4
0.025,0.505,284.6,-3.36085,-3.8475,4325.79,1,-2,0,0.4
0.025,0.515,307.167,-3.58655,-3.52528,4377.3,1,-2,0,0.4
0.025,0.525,332.087,-3.81324,-3.20141,4444.17,1,-2,0,0.4
0.025,0.535,359.282,-4.04515,-2.87738,4523.7,1,-2,0,0.4
0.025,0.545,388.28,-4.28951,-2.5569,4607.88,1,-2,0,0.4
0.025,0.555,418.027,-4.55604,-2.24646,4682.53,1,-2,0,0.4
0.025,0.565,447.97,-4.84968,-1.94614,4746.52,1,-2,0,0.4
0.025,0.575,478.35,-5.17557,-1.65001,4811.73,1,-2,0,0.4
0.025,0.585,510.615,-5.53981,-1.3465,4904.29,1,-2,0,0.4
0.025,0.595,547.85,-5.95244,-1.01833,5065.29,1,-2,0,0.4
0.025,0.605,595.288,-6.42966,-0.644465,5349.84,1,-2,0,0.4
0.025,0.615,660.316,-6.99384,-0.209288,5811,1,-2,0,0.4
0.025,0.625,750.563,-7.6597,0.280393,6451.74,1,-2,0,0.4
0.025,0.635,871.264,-8.35136,0.790803,7251.49,1,-2,0,0.4
0.025,0.645,1027.06,-9.00691,1.26903,8174.4,1,-2,0,0.4
0.025,0.655,1213.6,-9.5993,1.66035,9099.89,1,-2,0,0.4
0.025,0.665,1416.78,-10.0942,1.93585,9934.85,1,-2,0,0.4
0.025,0.675,1619.66,-10.4756,2.10261,10656,1,-2,0,0.4
0.025,0.685,1810.19,-10.7473,2.18928,11303.4,1,-2,0,0.4
0.025,0.695,1984.9,-10.9243,2.22762,11948.6,1,-2,0,0.4
0.025,0.705,2146.75,-11.0243,2.24227,12660.1,1,-2,0,0.4
0.025,0.715,2300.26,-11.0634,2.2487,13482.9,1,-2,0,0.4
0.025,0.725,2448.26,-11.0549,2.25514,14433.1,1,-2,0,0.4
0.025,0.735,2591.21,-11.0098,2.26536,15503.2,1,-2,0,0.4
0.025,0.745,2728.04,-10.9376,2.28079,16669.3,1,-2,0,0.4
0.025,0.755,2857.14,-10.8469,2.30166,17899.5,1,-2,0,0.4
0.025,0.765,2977.17,-10.7448,2.32765,19159.3,1,-2,0,0.4
0.025,0.775,3087.32,-10.6375,2.35807,20416.8,1,-2,0,0.4
0.025,0.785,3187.37,-10.5299,2.39202,21644.6,1,-2,0,0.4
0.025,0.795,3277.61,-10.4257,2.42853,22822,1,-2,0,0.4
0.025,0.805,3358.63,-10.3275,2.46659,23934.3,1,-2,0,0.4
0.025,0.815,3431.22,-10.2368,2.50526,24972.6,1,-2,0,0.4
0.025,0.825,3496.2,-10.1544,2.54372,25932.4,1,-2,0,0.4
0.025,0.835,3554.35,-10.0806,2.58128,26812.3,1,-2,0,0.4
0.025,0.845,3606.4,-10.0153,2.61737,27613.4,1,-2,0,0.4
0.025,0.855,3652.95,-9.95796,2.65158,28338.1,1,-2,0,0.4
0.025,0.865,3694.54,-9.9081,2.68357,28989.7,1,-2,0,0.4
0.025,0.875,3731.6,-9.86506,2.71315,29571.8,1,-2,0,0.4
0.025,0.885,3764.51,-9.82822,2.74017,30088.3,1,-2,0,0.4
0.025,0.895,3793.58,-9.79691,2.76458,30543.3,1,-2,0,0.4
0.025,0.905,3819.1,-9.77052,2.78637,30940.8,1,-2,0,0.4
0.025,0.915,3841.34,-9.74849,2.8056,31284.9,1,-2,0,0.4
0.025,0.925,3860.54,-9.73025,2.82237,31579.9,1,-2,0,0.4
0.025,0.935,3876.95,-9.71531,2.83679,31830.1,1,-2,0,0.4
0.025,0.945,3890.83,-9.70321,2.84904,32039.9,1,-2,0,0.4
0.025,0.955,3902.41,-9.69352,2.85931,32213.5,1,-2,0,0.4
0.025,0.965,3911.95,-9.68586,2.86778,32355.3,1,-2,0,0.4
0.025,0.975,3919.71,-9.67987,2.87468,32469.6,1,-2,0,0.4
0.025,0.985,3925.91,-9.67526,2.88021,32560.3,1,-2,0,0.4
0.025,0.995,3930.77,-9.67177,2.88461,32630.7,1,-2,0,0.4
0.035,0.005,65.3747,5.70936,-16.6991,2120.57,1,-2,0,0.4
0.035,0.015,95.9114,5.21625,-17.7716,3318.66,1,-2,0,0.4
0.035,0.025,125.142,4.83558,-18.236,4484.46,1,-2,0,0.4
0.035,0.035,148.175,4.53661,-18.3174,5397.5,1,-2,0,0.4
0.035,0.045,163.39,4.27111,-18.1514,5978.02,1,-2,0,0.4
0.035,0.055,171.449,4.01164,-17.827,6249.67,1,-2,0,0.4
0.035,0.065,174.11,3.7489,-17.4049,6287,1,-2,0,0.4
0.035,0.075,173.298,3.48394,-16.927,6173.93,1,-2,0,0.4
0.035,0.085,170.617,3.22223,-16.4228,5981.12,1,-2,0,0.4
0.035,0.095,167.204,2.96957,-15.912,5758.53,1,-2,0,0.4
0.035,0.105,163.758,2.73012,-15.4075,5536.87,1,-2,0,0.4
0.035,0.115,160.66,2.50597,-14.9172,5332.65,1,-2,0,0.4
0.035,0.125,158.071,2.29768,-14.446,5153.25,1,-2,0,0.4
0.035,0.135,156.021,2.10501,-13.9969,5000.81,1,-2,0,0.4
0.035,0.145,154.455,1.92744,-13.5719,4874.66,1,-2,0,0.4
0.035,0.155,153.271,1.76459,-13.1724,4772.83,1,-2,0,0.4
0.035,0.165,152.337,1.61634,-12.7995,4692.81,1,-2,0,0.4
0.035,0.175,151.507,1.4829,-12.4537,4631.92,1,-2,0,0.4
0.035,0.185,150.643,1.36465,-12.1346,4587.43,1,-2,0,0.4
0.035,0.195,149.626,1.26195,-11.8413,4556.7,1,-2,0,0.4
0.035,0.205,148.377,1.17489,-11.5717,4537.17,1,-2,0,0.4
0.035,0.215,146.867,1.10302,-11.3227,4526.43,1,-2,0,0.4
0.035,0.225,145.118,1.04511,-11.0903,4522.28,1,-2,0,0.4
0.035,0.235,143.193,0.999025,-10.8699,4522.74,1,-2,0,0.4
0.035,0.245,141.186,0.961738,-10.6568,4526.13,1,-2,0,0.4
0.035,0.255,139.197,0.929524,-10.4463,4530.94,1,-2,0,0.4
0.035,0.265,137.322,0.898275,-10.2346,4535.84,1,-2,0,0.4
0.035,0.275,135.644,0.863893,-10.0188,4539.59,1,-2,0,0.4
0.035,0.285,134.231,0.822645,-9.79719,4541.1,1,-2,0,0.4
0.035,0.295,133.145,0.771368,-9.56857,4539.57,1,-2,0,0.4
0.035,0.305,132.442,0.707509,-9.33251,4534.36,1,-2,0,0.4
0.035,0.315,132.174,0.629092,-9.08903,4525.06,1,-2,0,0.4
0.035,0.325,132.387,0.534686,-8.83843,4511.34,1,-2,0,0.4
0.035,0.335,133.127,0.423377,-8.58129,4492.91,1,-2,0,0.4
0.035,0.345,134.435,0.294751,-8.31829,4469.55,1,-2,0,0.4
0.035,0.355,136.346,0.148911,-8.05026,4441.05,1,-2,0,0.4
0.035,0.365,138.891,-0.0134085,-7.77832,4407.04,1,-2,0,0.4
0.035,0.375,142.094,-0.191163,-7.50332,4367.13,1,-2,0,0.4
0.035,0.385,146.104,-0.383019,-7.22036,4324.13,1,-2,0,0.4
0.035,0.395,150.927,-0.588164,-6.93333,4278.17,1,-2,0,0.4
0.035,0.405,156.603,-0.804871,-6.64324,4230.22,1,-2,0,0.4
0.035,0.415,163.187,-1.03102,-6.35033,4181.46,1,-2,0,0.4
0.035,0.425,170.74,-1.2643,-6.05463,4133.35,1,-2,0,0.4
0.035,0.435,179.337,-1.50209,-5.75583,4087.69,1,-2,0,0.4
0.035,0.445,189.118,-1.74078,-5.45193,4048.04,1,-2,0,0.4
0.035,0.455,200.137,-1.97723,-5.14523,4014.86,1,-2,0,0.4
0.035,0.465,212.518,-2.21037,-4.83535,3990.24,1,-2,0,0.4
0.035,0.475,226.411,-2.44013,-4.52091,3976.37,1,-2,0,0.4
0.035,0.485,241.893,-2.66701,-4.20274,3973.2,1,-2,0,0.4
0.035,0.495,258.997,-2.89163,-3.88232,3979.86,1,-2,0,0.4
0.035,0.505,277.776,-3.11453,-3.5601,3996.53,1,-2,0,0.4
0.035,0.515,298.221,-3.33746,-3.23648,4022.5,1,-2,0,0.4
0.035,0.525,320.153,-3.56399,-2.91271,4054.75,1,-2,0,0.4
0.035,0.535,343.11,-3.79973,-2.59132,4087.04,1,-2,0,0.4
0.035,0.545,366.232,-4.05234,-2.27656,4109.5,1,-2,0,0.4
0.035,0.555,388.197,-4.3318,-1.97437,4109.29,1,-2,0,0.4
0.035,0.565,408.772,-4.63913,-1.68157,4093.87,1,-2,0,0.4
0.035,0.575,428.497,-4.97864,-1.38849,4080.76,1,-2,0,0.4
0.035,0.585,448.96,-5.35998,-1.07938,4097.72,1,-2,0,0.4
0.035,0.595,473.171,-5.8021,-0.731328,4184.37,1,-2,0,0.4
0.035,0.605,505.909,-6.33907,-0.317204,4388.51,1,-2,0,0.4
0.035,0.615,552.62,-7.02592,0.177706,4727.21,1,-2,0,0.4
0.035,0.625,618.417,-7.83414,0.738322,5174.67,1,-2,0,0.4
0.035,0.635,711.61,-8.67518,1.31659,5716.02,1,-2,0,0.4
0.035,0.645,833.928,-9.51075,1.83318,6226.33,1,-2,0,0.4
0.035,0.655,977.479,-10.2701,2.2157,6588.01,1,-2,0,0.4
0.035,0.665,1128.02,-10.8989,2.44362,6768.87,1,-2,0,0.4
0.035,0.675,1271.57,-11.3791,2.54591,6821.84,1,-2,0,0.4
0.035,0.685,1401.57,-11.7202,2.5696,6844.44,1,-2,0,0.4
0.035,0.695,1520.08,-11.9438,2.55589,6930.53,1,-2,0,0.4
0.035,0.705,1633.55,-12.073,2.53112,7144.03,1,-2,0,0.4
0.035,0.715,1747.58,-12.1276,2.50821,7514.7,1,-2,0,0.4
0.035,0.725,1864.64,-12.1239,2.49168,8046.89,1,-2,0,0.4
0.035,0.735,1984.4,-12.075,2.48224,8729.38,1,-2,0,0.4
0.035,0.745,2104.99,-11.9923,2.47948,9541.72,1,-2,0,0.4
0.035,0.755,2224.09,-11.8855,2.48284,10458.1,1,-2,0,0.4
0.035,0.765,2339.58,-11.7631,2.49189,11449.7,1,-2,0,0.4
0.035,0.775,2449.78,-11.6324,2.50614,12487,1,-2,0,0.4
0.035,0.785,2553.56,-11.4993,2.525,13542.1,1,-2,0,0.4
0.035,0.795,2650.2,-11.3686,2.54775,14589.9,1,-2,0,0.4
0.035,0.805,2739.39,-11.2438,2.57353,15609.4,1,-2,0,0.4
0.035,0.815,2821.09,-11.1272,2.60145,16584.4,1,-2,0,0.4
0.035,0.825,2895.46,-11.0202,2.63063,17502.8,1,-2,0,0.4
0.035,0.835,2962.74,-10.9236,2.66026,18356.8,1,-2,0,0.4
0.035,0.845,3023.29,-10.8374,2.68963,19141.7,1,-2,0,0.4
0.035,0.855,3077.49,-10.7615,2.71815,19855.5,1,-2,0,0.4
0.035,0.865,3125.7,-10.6952,2.74535,20498.1,1,-2,0,0.4
0.035,0.875,3168.34,-10.6379,2.77087,21071.1,1,-2,0,0.4
0.035,0.885,3205.78,-10.5887,2.79446,21577,1,-2,0,0.4
0.035,0.895,3238.41,-10.5471,2.81594,22019.4,1,-2,0,0.4
0.035,0.905,3266.61,-10.512,2.83523,22402.3,1,-2,0,0.4
0.035,0.915,3290.75,-10.4828,2.85232,22730,1,-2,0,0.4
0.035,0.925,3311.23,-10.4588,2.86724,23007.4,1,-2,0,0.4
0.035,0.935,3328.39,-10.4392,2.88008,23239.5,1,-2,0,0.4
0.035,0.945,3342.62,-10.4234,2.89098,23431.1,1,-2,0,0.4
0.035,0.955,3354.27,-10.4108,2.90008,23587.4,1,-2,0,0.4
0.035,0.965,3363.69,-10.401,2.90758,23713,1,-2,0,0.4
0.035,0.975,3371.19,-10.3933,2.91365,23812.7,1,-2,0,0.4
0.035,0.985,3377.08,-10.3875,2.91849,23890.5,1,-2,0,0.4
0.035,0.995,3381.61,-10.3831,2.92232,23950,1,-2,0,0.4
0.045,0.005,91.5264,3.32315,-17.0062,3373.4,1,-2,0,0.4
0.045,0.015,116.013,3.61747,-17.7671,4255.32,1,-2,0,0.4
0.045,0.025,139.793,3.72858,-17.9605,5138.68,1,-2,0,0.4
0.045,0.035,158.411,3.77518,-17.8689,5810.04,1,-2,0,0.4
0.045,0.045,170.613,3.76342,-17.6046,6211.74,1,-2,0,0.4
0.045,0.055,176.975,3.69297,-17.23,6368.92,1,-2,0,0.4
0.045,0.065,178.862,3.57176,-16.7876,6341.16,1,-2,0,0.4
0.045,0.075,177.785,3.41266,-16.3084,6193.89,1,-2,0,0.4
0.045,0.085,175.041,3.22953,-15.8147,5983,1,-2,0,0.4
0.045,0.095,171.58,3.03465,-15.3223,5749.24,1,-2,0,0.4
0.045,0.105,168.015,2.83752,-14.8419,5518.67,1,-2,0,0.4
0.045,0.115,164.683,2.64478,-14.3802,5305.83,1,-2,0,0.4
0.045,0.125,161.73,2.46061,-13.9413,5117.48,1,-2,0,0.4
0.045,0.135,159.177,2.28748,-13.5276,4955.64,1,-2,0,0.4
0.045,0.145,156.97,2.12681,-13.1404,4819.68,1,-2,0,0.4
0.045,0.155,155.014,1.97941,-12.7803,4707.66,1,-2,0,0.4
0.045,0.165,153.198,1.84582,-12.4471,4617.06,1,-2,0,0.4
0.045,0.175,151.415,1.72642,-12.1398,4545.16,1,-2,0,0.4
0.045,0.185,149.577,1.62139,-11.8569,4489.31,1,-2,0,0.4
0.045,0.195,147.625,1.53067,-11.596,4446.94,1,-2,0,0.4
0.045,0.205,145.538,1.45383,-11.3539,4415.68,1,-2,0,0.4
0.045,0.215,143.332,1.38989,-11.127,4393.33,1,-2,0,0.4
0.045,0.225,141.052,1.33724,-10.9111,4377.92,1,-2,0,0.4
0.045,0.235,138.765,1.29363,-10.7019,4367.69,1,-2,0,0.4
0.045,0.245,136.547,1.25618,-10.4951,4361.05,1,-2,0,0.4
0.045,0.255,134.474,1.22154,-10.2874,4356.58,1,-2,0,0.4
0.045,0.265,132.611,1.18617,-10.0756,4352.94,1,-2,0,0.4
0.045,0.275,131.017,1.14656,-9.85795,4348.92,1,-2,0,0.4
0.045,0.285,129.741,1.0995,-9.63309,4343.45,1,-2,0,0.4
0.045,0.295,128.829,1.04223,-9.40044,4335.67,1,-2,0,0.4
0.045,0.305,128.325,0.972425,-9.15979,4324.91,1,-2,0,0.4
0.045,0.315,128.271,0.888256,-8.91126,4310.67,1,-2,0,0.4
0.045,0.325,128.707,0.788341,-8.65515,4292.59,1,-2,0,0.4
0.045,0.335,129.674,0.671759,-8.39197,4270.37,1,-2,0,0.4
0.045,0.345,131.208,0.538066,-8.12231,4243.81,1,-2,0,0.4
0.045,0.355,133.345,0.387322,-7.84688,4212.76,1,-2,0,0.4
0.045,0.365,136.114,0.220119,-7.56659,4177.07,1,-2,0,0.4
0.045,0.375,139.537,0.0376874,-7.28257,4136.55,1,-2,0,0.4
0.045,0.385,143.597,-0.158009,-6.99748,4089.76,1,-2,0,0.4
0.045,0.395,148.468,-0.365304,-6.70469,4040.33,1,-2,0,0.4
0.045,0.405,154.177,-0.583212,-6.40699,3989.11,1,-2,0,0.4
0.045,0.415,160.733,-0.810025,-6.10665,3936.89,1,-2,0,0.4
0.045,0.425,168.199,-1.04341,-5.80342,3885.38,1,-2,0,0.4
0.045,0.435,176.699,-1.27991,-5.49494,3838.14,1,-2,0,0.4
0.045,0.445,186.243,-1.51572,-5.18416,3794.83,1,-2,0,0.4
0.045,0.455,196.878,-1.74906,-4.87204,3756.21,1,-2,0,0.4
0.045,0.465,208.702,-1.97914,-4.55704,3724.27,1,-2,0,0.4
0.045,0.475,221.795,-2.20574,-4.23855,3700.2,1,-2,0,0.4
0.045,0.485,236.169,-2.42942,-3.9173,3683.5,1,-2,0,0.4
0.045,0.495,251.777,-2.65121,-3.59447,3672.86,1,-2,0,0.4
0.045,0.505,268.517,-2.87262,-3.27084,3666.78,1,-2,0,0.4
0.045,0.515,286.162,-3.09653,-2.94749,3662.35,1,-2,0,0.4
0.045,0.525,304.265,-3.32734,-2.62639,3654.53,1,-2,0,0.4
0.045,0.535,322.093,-3.57084,-2.31064,3635.99,1,-2,0,0.4
0.045,0.545,338.619,-3.83357,-2.00433,3598.32,1,-2,0,0.4
0.045,0.555,352.901,-4.12092,-1.70962,3538.09,1,-2,0,0.4
0.045,0.565,364.883,-4.43558,-1.4205,3465.37,1,-2,0,0.4
0.045,0.575,375.32,-4.78282,-1.12415,3399.7,1,-2,0,0.4
0.045,0.585,385.721,-5.17957,-0.800486,3367.12,1,-2,0,0.4
0.045,0.595,398.746,-5.66022,-0.419606,3403.78,1,-2,0,0.4
0.045,0.605,417.645,-6.29856,0.050117,3537.58,1,-2,0,0.4
0.045,0.615,444.939,-7.14869,0.618302,3743.97,1,-2,0,0.4
0.045,0.625,489.621,-8.12559,1.26282,4027.03,1,-2,0,0.4
0.045,0.635,557.688,-9.1981,1.90669,4285.39,1,-2,0,0.4
0.045,0.645,647.519,-10.2626,2.4306,4379.96,1,-2,0,0.4
0.045,0.655,750.596,-11.2003,2.75617,4258.43,1,-2,0,0.4
0.045,0.665,854.186,-11.9464,2.89382,3973.49,1,-2,0,0.4
0.045,0.675,948.132,-12.4962,2.90735,3632.46,1,-2,0,0.4
0.045,0.685,1030.46,-12.8769,2.86343,3338.64,1,-2,0,0.4
0.045,0.695,1106.17,-13.1233,2.80726,3156.63,1,-2,0,0.4
0.045,0.705,1181.93,-13.2664,2.75993,3110.09,1,-2,0,0.4
0.045,0.715,1261.78,-13.3314,2.72652,3196.42,1,-2,0,0.4
0.045,0.725,1346.51,-13.3374,2.70478,3403.45,1,-2,0,0.4
0.045,0.735,1434.96,-13.2983,2.69099,3718.11,1,-2,0,0.4
0.045,0.745,1525.28,-13.2251,2.68248,4128.14,1,-2,0,0.4
0.045,0.755,1615.69,-13.1264,2.67786,4621.41,1,-2,0,0.4
0.045,0.765,1704.7,-13.0096,2.6767,5184.57,1,-2,0,0.4
0.045,0.775,1791.19,-12.8812,2.679,5802.76,1,-2,0,0.4
0.045,0.785,1874.29,-12.7469,2.68481,6459.72,1,-2,0,0.4
0.045,0.795,1953.32,-12.6116,2.69409,7138.61,1,-2,0,0.4
0.045,0.805,2027.82,-12.4793,2.70655,7823.21,1,-2,0,0.4
0.045,0.815,2097.41,-12.353,2.72173,8498.62,1,-2,0,0.4
0.045,0.825,2161.86,-12.2351,2.73905,9152.11,1,-2,0,0.4
0.045,0.835,2221.03,-12.1267,2.75787,9773.29,1,-2,0,0.4
0.045,0.845,2274.88,-12.0288,2.77752,10354.4,1,-2,0,0.4
0.045,0.855,2323.46,-11.9415,2.79741,10890,1,-2,0,0.4
0.045,0.865,2366.86,-11.8647,2.81701,11376.7,1,-2,0,0.4
0.045,0.875,2405.29,-11.7978,2.83588,11813.2,1,-2,0,0.4
0.045,0.885,2438.96,-11.7403,2.85367,12199.6,1,-2,0,0.4
0.045,0.895,2468.16,-11.6913,2.87013,12537.1,1,-2,0,0.4
0.045,0.905,2493.22,-11.6501,2.88509,12828.3,1,-2,0,0.4
0.045,0.915,2514.48,-11.6158,2.89844,13076.1,1,-2,0,0.4
0.045,0.925,2532.3,-11.5876,2.91017,13284.3,1,-2,0,0.4
0.045,0.935,2547.05,-11.5647,2.9203,13456.8,1,-2,0,0.4
0.045,0.945,2559.11,-11.5463,2.92891,13597.7,1,-2,0,0.4
0.045,0.955,2568.84,-11.5318,2.9361,13711.3,1,-2,0,0.4
0.045,0.965,2576.58,-11.5204,2.94201,13801.4,1,-2,0,0.4
0.045,0.975,2582.66,-11.5117,2.94678,13871.9,1,-2,0,0.4
0.045,0.985,2587.35,-11.5051,2.95057,13926.1,1,-2,0,0.4
0.045,0.995,2590.91,-11.5001,2.95355,13967.2,1,-2,0,0.4
0.055,0.005,112.442,1.95161,-16.3104,4302.87,1,-2,0,0.4
0.055,0.015,128.59,2.66307,-17.1881,4706.53,1,-2,0,0.4
0.055,0.025,146.7,3.06541,-17.3497,5297.31,1,-2,0,0.4
0.055,0.035,162.041,3.31415,-17.2302,5798.72,1,-2,0,0.4
0.055,0.045,172.723,3.45845,-16.9634,6114.3,1,-2,0,0.4
0.055,0.055,178.745,3.51361,-16.6051,6242.22,1,-2,0,0.4
0.055,0.065,180.929,3.49425,-16.1905,6218.15,1,-2,0,0.4
0.055,0.075,180.361,3.41716,-15.7455,6089.04,1,-2,0,0.4
0.055,0.085,178.067,3.29915,-15.2895,5898.84,1,-2,0,0.4
0.055,0.095,174.859,3.1553,-14.8364,5682.11,1,-2,0,0.4
0.055,0.105,171.301,2.99781,-14.3958,5462.67,1,-2,0,0.4
0.055,0.115,167.734,2.83587,-13.9739,5255.1,1,-2,0,0.4
0.055,0.125,164.334,2.67593,-13.5744,5067.1,1,-2,0,0.4
0.055,0.135,161.159,2.52234,-13.1991,4901.83,1,-2,0,0.4
0.055,0.145,158.197,2.37787,-12.8487,4759.69,1,-2,0,0.4
0.055,0.155,155.398,2.24429,-12.5229,4639.53,1,-2,0,0.4
0.055,0.165,152.702,2.12263,-12.2206,4539.43,1,-2,0,0.4
0.055,0.175,150.05,2.01345,-11.9404,4457.16,1,-2,0,0.4
0.055,0.185,147.403,1.9169,-11.6799,4390.43,1,-2,0,0.4
0.055,0.195,144.743,1.83276,-11.4364,4337.01,1,-2,0,0.4
0.055,0.205,142.075,1.76038,-11.2068,4294.79,1,-2,0,0.4
0.055,0.215,139.427,1.69866,-10.9876,4261.8,1,-2,0,0.4
0.055,0.225,136.843,1.64599,-10.7752,4236.21,1,-2,0,0.4
0.055,0.235,134.375,1.60025,-10.566,4216.37,1,-2,0,0.4
0.055,0.245,132.077,1.55887,-10.3568,4200.72,1,-2,0,0.4
0.055,0.255,130.002,1.51893,-10.1448,4187.84,1,-2,0,0.4
0.055,0.265,128.198,1.47735,-9.92776,4176.38,1,-2,0,0.4
0.055,0.275,126.706,1.43105,-9.70422,4165.16,1,-2,0,0.4
0.055,0.285,125.564,1.37716,-9.47321,4153.09,1,-2,0,0.4
0.055,0.295,124.81,1.31314,-9.23426,4139.3,1,-2,0,0.4
0.055,0.305,124.479,1.23679,-8.98721,4123.09,1,-2,0,0.4
0.055,0.315,124.607,1.14635,-8.73213,4103.94,1,-2,0,0.4
0.055,0.325,125.229,1.04045,-8.46928,4081.44,1,-2,0,0.4
0.055,0.335,126.378,0.918168,-8.19909,4055.29,1,-2,0,0.4
0.055,0.345,128.088,0.779078,-7.9221,4025.26,1,-2,0,0.4
0.055,0.355,130.391,0.623244,-7.63897,3991.25,1,-2,0,0.4
0.055,0.365,133.312,0.451254,-7.35056,3953.17,1,-2,0,0.4
0.055,0.375,136.876,0.264252,-7.05784,3910.97,1,-2,0,0.4
0.055,0.385,141.089,0.0639117,-6.76229,3864.33,1,-2,0,0.4
0.055,0.395,145.91,-0.146993,-6.46721,3811.52,1,-2,0,0.4
0.055,0.405,151.512,-0.366334,-6.16548,3756.28,1,-2,0,0.4
0.055,0.415,157.946,-0.593216,-5.85835,3700.48,1,-2,0,0.4
0.055,0.425,165.272,-0.825382,-5.5462,3647.08,1,-2,0,0.4
0.055,0.435,173.517,-1.05905,-5.23087,3596.69,1,-2,0,0.4
0.055,0.445,182.675,-1.29176,-4.91472,3548.95,1,-2,0,0.4
0.055,0.455,192.778,-1.52214,-4.59716,3504.71,1,-2,0,0.4
0.055,0.465,203.863,-1.74935,-4.2774,3464.99,1,-2,0,0.4
0.055,0.475,215.932,-1.97341,-3.9553,3429.97,1,-2,0,0.4
0.055,0.485,228.914,-2.19524,-3.63166,3398.48,1,-2,0,0.4
0.055,0.495,242.649,-2.41644,-3.30766,3368.39,1,-2,0,0.4
0.055,0.505,256.882,-2.63932,-2.98451,3336.86,1,-2,0,0.4
0.055,0.515,271.198,-2.86729,-2.66379,3299.86,1,-2,0,0.4
0.055,0.525,284.987,-3.10473,-2.34775,3252.12,1,-2,0,0.4
0.055,0.535,297.434,-3.35637,-2.03927,3187.84,1,-2,0,0.4
0.055,0.545,307.638,-3.6263,-1.74108,3102.83,1,-2,0,0.4
0.055,0.555,315.162,-3.91555,-1.4507,3001.76,1,-2,0,0.4
0.055,0.565,320.057,-4.23155,-1.15994,2894.26,1,-2,0,0.4
0.055,0.575,323.07,-4.58372,-0.853588,2798.19,1,-2,0,0.4
0.055,0.585,325.512,-5.00017,-0.506136,2737.55,1,-2,0,0.4
0.055,0.595,329.179,-5.54653,-0.080042,2741.51,1,-2,0,0.4
0.055,0.605,334.18,-6.34329,0.453921,2798.57,1,-2,0,0.4
0.055,0.615,347.125,-7.36059,1.10461,2915.65,1,-2,0,0.4
0.055,0.625,376.711,-8.5961,1.83243,3045.38,1,-2,0,0.4
0.055,0.635,426.087,-9.95319,2.50643,3048.54,1,-2,0,0.4
0.055,0.645,493.533,-11.2319,2.96689,2846.83,1,-2,0,0.4
0.055,0.655,571.159,-12.2742,3.16586,2478.45,1,-2,0,0.4
0.055,0.665,648.457,-13.038,3.17129,2051.09,1,-2,0,0.4
0.055,0.675,716.718,-13.5626,3.09092,1656.84,1,-2,0,0.4
0.055,0.685,776.94,-13.9038,2.99624,1361.94,1,-2,0,0.4
0.055,0.695,834.581,-14.1127,2.9222,1182.29,1,-2,0,0.4
0.055,0.705,893.99,-14.23,2.87639,1102.37,1,-2,0,0.4
0.055,0.715,956.382,-14.2852,2.85275,1099.27,1,-2,0,0.4
0.055,0.725,1020.71,-14.2975,2.8424,1154.88,1,-2,0,0.4
0.055,0.735,1085.17,-14.2791,2.83856,1257.94,1,-2,0,0.4
0.055,0.745,1148.25,-14.2375,2.83728,1402.11,1,-2,0,0.4
0.055,0.755,1208.96,-14.1777,2.83677,1583.52,1,-2,0,0.4
0.055,0.765,1266.84,-14.1036,2.8365,1798.95,1,-2,0,0.4
0.055,0.775,1321.76,-14.0187,2.83663,2044.64,1,-2,0,0.4
0.055,0.785,1373.72,-13.9263,2.83758,2315.79,1,-2,0,0.4
0.055,0.795,1422.78,-13.8296,2.83978,2606.51,1,-2,0,0.4
0.055,0.805,1468.97,-13.7315,2.84355,2910.08,1,-2,0,0.4
0.055,0.815,1512.27,-13.6347,2.84899,3219.38,1,-2,0,0.4
0.055,0.825,1552.63,-13.5415,2.85606,3527.43,1,-2,0,0.4
0.055,0.835,1589.98,-13.4535,2.86452,3827.78,1,-2,0,0.4
0.055,0.845,1624.23,-13.3722,2.87408,4114.84,1,-2,0,0.4
0.055,0.855,1655.33,-13.2982,2.88437,4384.11,1,-2,0,0.4
0.055,0.865,1683.28,-13.232,2.89501,4632.25,1,-2,0,0.4
0.055,0.875,1708.09,-13.1737,2.90566,4857.07,1,-2,0,0.4
0.055,0.885,1729.87,-13.123,2.91602,5057.43,1,-2,0,0.4
0.055,0.895,1748.74,-13.0795,2.92582,5233.15,1,-2,0,0.4
0.055,0.905,1764.88,-13.0428,2.9349,5384.86,1,-2,0,0.4
0.055,0.915,1778.51,-13.0122,2.94312,5513.79,1,-2,0,0.4
0.055,0.925,1789.86,-12.987,2.95041,5621.68,1,-2,0,0.4
0.055,0.935,1799.18,-12.9665,2.95675,5710.55,1,-2,0,0.4
0.055,0.945,1806.72,-12.9501,2.96216,5782.63,1,-2,0,0.4
0.055,0.955,1812.74,-12.9373,2.96669,5840.18,1,-2,0,0.4
0.055,0.965,1817.48,-12.9272,2.9704,5885.4,1,-2,0,0.4
0.055,0.975,1821.15,-12.9196,2.9734,5920.39,1,-2,0,0.4
0.055,0.985,1823.95,-12.9138,2.97578,5947.02,1,-2,0,0.4
0.055,0.995,1826.05,-12.9095,2.97763,5966.95,1,-2,0,0.4
0.065,0.005,124.091,1.41092,-15.3495,4628.05,1,-2,0,0.4
0.065,0.015,134.541,2.16364,-16.3631,4729.23,1,-2,0,0.4
0.065,0.025,148.163,2.68577,-16.6207,5109.33,1,-2,0,0.4
0.065,0.035,161.129,3.03913,-16.5599,5508.86,1,-2,0,0.4
0.065,0.045,170.982,3.27653,-16.3516,5795.34,1,-2,0,0.4
0.065,0.055,177.174,3.41662,-16.0535,5940.31,1,-2,0,0.4
0.065,0.065,180.035,3.47371,-15.6979,5957.25,1,-2,0,0.4
0.065,0.075,180.267,3.46368,-15.3087,5876.39,1,-2,0,0.4
0.065,0.085,178.647,3.40293,-14.9041,5731.14,1,-2,0,0.4
0.065,0.095,175.864,3.30673,-14.4978,5550.87,1,-2,0,0.4
0.065,0.105,172.447,3.18808,-14.0996,5357.97,1,-2,0,0.4
0.065,0.115,168.755,3.05732,-13.7157,5167.64,1,-2,0,0.4
0.065,0.125,165.01,2.92222,-13.3499,4989.15,1,-2,0,0.4
0.065,0.135,161.326,2.78836,-13.0043,4827.37,1,-2,0,0.4
0.065,0.145,157.749,2.65956,-12.6794,4684.26,1,-2,0,0.4
0.065,0.155,154.286,2.53837,-12.3749,4559.95,1,-2,0,0.4
0.065,0.165,150.923,2.42637,-12.0896,4453.52,1,-2,0,0.4
0.065,0.175,147.647,2.32445,-11.822,4363.49,1,-2,0,0.4
0.065,0.185,144.448,2.23294,-11.5698,4288.15,1,-2,0,0.4
0.065,0.195,141.332,2.1517,-11.3307,4225.68,1,-2,0,0.4
0.065,0.205,138.312,2.08018,-11.1018,4174.29,1,-2,0,0.4
0.065,0.215,135.417,2.01735,-10.8803,4132.23,1,-2,0,0.4
0.065,0.225,132.68,1.96178,-10.6632,4097.84,1,-2,0,0.4
0.065,0.235,130.139,1.91158,-10.4476,4069.53,1,-2,0,0.4
0.065,0.245,127.834,1.86449,-10.2309,4045.81,1,-2,0,0.4
0.065,0.255,125.802,1.81795,-10.0109,4025.27,1,-2,0,0.4
0.065,0.265,124.078,1.76922,-9.78577,4006.61,1,-2,0,0.4
0.065,0.275,122.694,1.71553,-9.5542,3988.65,1,-2,0,0.4
0.065,0.285,121.681,1.65426,-9.31535,3970.34,1,-2,0,0.4
0.065,0.295,121.069,1.58299,-9.06871,3950.81,1,-2,0,0.4
0.065,0.305,120.888,1.49965,-8.81407,3929.34,1,-2,0,0.4
0.065,0.315,121.169,1.4025,-8.55142,3905.4,1,-2,0,0.4
0.065,0.325,121.94,1.29023,-8.28097,3878.53,1,-2,0,0.4
0.065,0.335,123.231,1.16197,-8.00308,3848.43,1,-2,0,0.4
0.065,0.345,125.07,1.01732,-7.7183,3814.85,1,-2,0,0.4
0.065,0.355,127.483,0.856382,-7.42729,3777.67,1,-2,0,0.4
0.065,0.365,130.493,0.67978,-7.13087,3736.84,1,-2,0,0.4
0.065,0.375,134.121,0.488619,-6.82999,3692.36,1,-2,0,0.4
0.065,0.385,138.38,0.284475,-6.52572,3644.28,1,-2,0,0.4
0.065,0.395,143.264,0.0695269,-6.21979,3592.23,1,-2,0,0.4
0.065,0.405,148.69,-0.152835,-5.91626,3533.92,1,-2,0,0.4
0.065,0.415,154.905,-0.379448,-5.60423,3475.3,1,-2,0,0.4
0.065,0.425,161.962,-0.608819,-5.28573,3418.75,1,-2,0,0.4
0.065,0.435,169.817,-0.839304,-4.96572,3364.18,1,-2,0,0.4
0.065,0.445,178.466,-1.06921,-4.64447,3311.71,1,-2,0,0.4
0.065,0.455,187.888,-1.2971,-4.32211,3261.3,1,-2,0,0.4
0.065,0.465,198.05,-1.5223,-3.99852,3212.95,1,-2,0,0.4
0.065,0.475,208.874,-1.74519,-3.67399,3165.94,1,-2,0,0.4
0.065,0.485,220.194,-1.96707,-3.34945,3118.42,1,-2,0,0.4
0.065,0.495,231.748,-2.18997,-3.02619,3067.69,1,-2,0,0.4
0.065,0.505,243.156,-2.41651,-2.70567,3010.44,1,-2,0,0.4
0.065,0.515,253.908,-2.64995,-2.38954,2942.84,1,-2,0,0.4
0.065,0.525,263.362,-2.89377,-2.07974,2861.02,1,-2,0,0.4
0.065,0.535,270.803,-3.15103,-1.77813,2762.11,1,-2,0,0.4
0.065,0.545,275.605,-3.42334,-1.48524,2646.33,1,-2,0,0.4
0.065,0.555,277.706,-3.70984,-1.19503,2522.1,1,-2,0,0.4
0.065,0.565,277.186,-4.02402,-0.897737,2397.33,1,-2,0,0.4
0.065,0.575,274.681,-4.38275,-0.575413,2287.52,1,-2,0,0.4
0.065,0.585,271.128,-4.8328,-0.195296,2215.24,1,-2,0,0.4
0.065,0.595,265.758,-5.50221,0.281347,2185.52,1,-2,0,0.4
0.065,0.605,260.934,-6.4498,0.882351,2195.47,1,-2,0,0.4
0.065,0.615,265.937,-7.71188,1.61458,2250.95,1,-2,0,0.4
0.065,0.625,286.949,-9.27014,2.39784,2248.95,1,-2,0,0.4
0.065,0.635,327.201,-10.8852,3.02349,2083.98,1,-2,0,0.4
0.065,0.645,385.689,-12.2552,3.33023,1765.5,1,-2,0,0.4
0.065,0.655,455.677,-13.2418,3.34921,1387.36,1,-2,0,0.4
0.065,0.665,523.611,-13.8927,3.23692,1021.11,1,-2,0,0.4
0.065,0.675,584.751,-14.2966,3.09951,736.792,1,-2,0,0.4
0.065,0.685,641.45,-14.5338,2.99204,554.539,1,-2,0,0.4
0.065,0.695,697.708,-14.6659,2.9286,456.849,1,-2,0,0.4
0.065,0.705,755.275,-14.735,2.90067,415.998,1,-2,0,0.4
0.065,0.715,813.273,-14.7675,2.8942,409.988,1,-2,0,0.4
0.065,0.725,869.648,-14.7779,2.89814,425.511,1,-2,0,0.4
0.065,0.735,922.481,-14.7741,2.90587,455.628,1,-2,0,0.4
0.065,0.745,970.577,-14.7601,2.91398,497.058,1,-2,0,0.4
0.065,0.755,1013.5,-14.738,2.92101,548.347,1,-2,0,0.4
0.065,0.765,1051.4,-14.7092,2.9265,608.795,1,-2,0,0.4
0.065,0.775,1084.77,-14.6749,2.93057,677.832,1,-2,0,0.4
0.065,0.785,1114.23,-14.6362,2.93356,754.688,1,-2,0,0.4
0.065,0.795,1140.43,-14.5941,2.9359,838.228,1,-2,0,0.4
0.065,0.805,1163.91,-14.5498,2.938,926.932,1,-2,0,0.4
0.065,0.815,1185.11,-14.5046,2.94022,1018.96,1,-2,0,0.4
0.065,0.825,1204.34,-14.4598,2.94276,1112.28,1,-2,0,0.4
0.065,0.835,1221.81,-14.4162,2.94574,1204.83,1,-2,0,0.4
0.065,0.845,1237.65,-14.3748,2.94918,1294.65,1,-2,0,0.4
0.065,0.855,1251.93,-14.3364,2.95301,1380.01,1,-2,0,0.4
0.065,0.865,1264.7,-14.3014,2.95711,1459.52,1,-2,0,0.4
0.065,0.875,1276.01,-14.27,2.96135,1532.13,1,-2,0,0.4
0.065,0.885,1285.91,-14.2425,2.96559,1597.21,1,-2,0,0.4
0.065,0.895,1294.45,-14.2186,2.9697,1654.45,1,-2,0,0.4
0.065,0.905,1301.74,-14.1983,2.97357,1703.91,1,-2,0,0.4
0.065,0.915,1307.85,-14.1813,2.97712,1745.88,1,-2,0,0.4
0.065,0.925,1312.92,-14.1674,2.9803,1780.88,1,-2,0,0.4
0.065,0.935,1317.04,-14.156,2.98308,1809.56,1,-2,0,0.4
0.065,0.945,1320.36,-14.147,2.98546,1832.68,1,-2,0,0.4
0.065,0.955,1322.98,-14.1399,2.98745,1850.99,1,-2,0,0.4
0.065,0.965,1325.02,-14.1344,2.98909,1865.25,1,-2,0,0.4
0.065,0.975,1326.59,-14.1303,2.99041,1876.17,1,-2,0,0.4
0.065,0.985,1327.77,-14.1271,2.99145,1884.4,1,-2,0,0.4
0.065,0.995,1328.65,-14.1248,2.99225,1890.5,1,-2,0,0.4
0.075,0.005,125.971,1.34229,-14.9601,4410.03,1,-2,0,0.4
0.075,0.015,134.175,1.96425,-15.784,4450.86,1,-2,0,0.4
0.075,0.025,144.818,2.48617,-16.0682,4712.51,1,-2,0,0.4
0.075,0.035,156.099,2.87684,-16.0462,5053.42,1,-2,0,0.4
0.075,0.045,165.482,3.16303,-15.8876,5336.93,1,-2,0,0.4
0.075,0.055,172.043,3.35876,-15.6459,5517.33,1,-2,0,0.4
0.075,0.065,175.726,3.47393,-15.3474,5590.33,1,-2,0,0.4
0.075,0.075,176.907,3.52036,-15.012,5571.54,1,-2,0,0.4
0.075,0.085,176.139,3.51154,-14.6555,5484.5,1,-2,0,0.4
0.075,0.095,173.988,3.46112,-14.291,5353.32,1,-2,0,0.4
0.075,0.105,170.941,3.38149,-13.9281,5198.54,1,-2,0,0.4
0.075,0.115,167.372,3.2831,-13.5733,5035.76,1,-2,0,0.4
0.075,0.125,163.544,3.17428,-13.2311,4875.66,1,-2,0,0.4
0.075,0.135,159.624,3.06135,-12.9039,4724.89,1,-2,0,0.4
0.075,0.145,155.715,2.94894,-12.5927,4587.1,1,-2,0,0.4
0.075,0.155,151.871,2.84026,-12.2975,4463.9,1,-2,0,0.4
0.075,0.165,148.123,2.73748,-12.0177,4355.54,1,-2,0,0.4
0.075,0.175,144.489,2.64192,-11.7519,4261.47,1,-2,0,0.4
0.075,0.185,140.983,2.55425,-11.4984,4180.65,1,-2,0,0.4
0.075,0.195,137.622,2.47462,-11.2551,4111.77,1,-2,0,0.4
0.075,0.205,134.426,2.40266,-11.02,4053.43,1,-2,0,0.4
0.075,0.215,131.42,2.3376,-10.7905,4004.15,1,-2,0,0.4
0.075,0.225,128.631,2.2782,-10.5642,3962.45,1,-2,0,0.4
0.075,0.235,126.088,2.22286,-10.3388,3926.89,1,-2,0,0.4
0.075,0.245,123.821,2.16959,-10.1121,3896.08,1,-2,0,0.4
0.075,0.255,121.857,2.11611,-9.8821,3868.69,1,-2,0,0.4
0.075,0.265,120.225,2.05998,-9.64733,3843.47,1,-2,0,0.4
0.075,0.275,118.949,1.99868,-9.40652,3819.31,1,-2,0,0.4
0.075,0.285,118.056,1.92977,-9.15878,3795.19,1,-2,0,0.4
0.075,0.295,117.57,1.85098,-8.90356,3770.26,1,-2,0,0.4
0.075,0.305,117.517,1.76034,-8.64055,3743.82,1,-2,0,0.4
0.075,0.315,117.923,1.6562,-8.36968,3715.28,1,-2,0,0.4
0.075,0.325,118.811,1.53732,-8.0911,3684.22,1,-2,0,0.4
0.075,0.335,120.206,1.4029,-7.80515,3650.27,1,-2,0,0.4
0.075,0.345,122.13,1.25262,-7.51235,3613.2,1,-2,0,0.4
0.075,0.355,124.605,1.08665,-7.21339,3572.86,1,-2,0,0.4
0.075,0.365,127.65,0.90565,-6.9091,3529.17,1,-2,0,0.4
0.075,0.375,131.279,0.71073,-6.6004,3482.17,1,-2,0,0.4
0.075,0.385,135.505,0.503411,-6.28824,3431.98,1,-2,0,0.4
0.075,0.395,140.329,0.285604,-5.97365,3378.76,1,-2,0,0.4
0.075,0.405,145.767,0.0603272,-5.65664,3323.36,1,-2,0,0.4
0.075,0.415,151.664,-0.16704,-5.34391,3262,1,-2,0,0.4
0.075,0.425,158.287,-0.393742,-5.02434,3200.63,1,-2,0,0.4
0.075,0.435,165.642,-0.621383,-4.70041,3141.34,1,-2,0,0.4
0.075,0.445,173.653,-0.848983,-4.37504,3083.43,1,-2,0,0.4
0.075,0.455,182.243,-1.07526,-4.04911,3026,1,-2,0,0.4
0.075,0.465,191.309,-1.29976,-3.72316,2968.12,1,-2,0,0.4
0.075,0.475,200.69,-1.52314,-3.39784,2908.33,1,-2,0,0.4
0.075,0.485,210.144,-1.7469,-3.07422,2844.44,1,-2,0,0.4
0.075,0.495,219.33,-1.97313,-2.7536,2773.73,1,-2,0,0.4
0.075,0.505,227.818,-2.20426,-2.43735,2693.33,1,-2,0,0.4
0.075,0.515,235.092,-2.44281,-2.12676,2600.65,1,-2,0,0.4
0.075,0.525,240.597,-2.69096,-1.82289,2493.97,1,-2,0,0.4
0.075,0.535,243.813,-2.95006,-1.52613,2373.35,1,-2,0,0.4
0.075,0.545,244.385,-3.22048,-1.23486,2241.68,1,-2,0,0.4
0.075,0.555,242.394,-3.5029,-0.941339,2107.13,1,-2,0,0.4
0.075,0.565,238.074,-3.81441,-0.63386,1978,1,-2,0,0.4
0.075,0.575,231.762,-4.18661,-0.290112,1866.97,1,-2,0,0.4
0.075,0.585,222.925,-4.71027,0.127133,1787.71,1,-2,0,0.4
0.075,0.595,210.515,-5.50557,0.651706,1733.82,1,-2,0,0.4
0.075,0.605,201.461,-6.64605,1.31505,1729.61,1,-2,0,0.4
0.075,0.615,203.413,-8.22837,2.1136,1735.33,1,-2,0,0.4
0.075,0.625,222.266,-10.1018,2.88868,1643.04,1,-2,0,0.4
0.075,0.635,261.837,-11.8402,3.37129,1413.54,1,-2,0,0.4
0.075,0.645,322.408,-13.1133,3.46314,1120.09,1,-2,0,0.4
0.075,0.655,391.18,-13.9249,3.34633,811.737,1,-2,0,0.4
0.075,0.665,457.803,-14.4045,3.17456,554.625,1,-2,0,0.4
0.075,0.675,519.844,-14.6713,3.03055,382.936,1,-2,0,0.4
0.075,0.685,579.745,-14.8117,2.94183,288.938,1,-2,0,0.4
0.075,0.695,639.917,-14.8824,2.90182,247.214,1,-2,0,0.4
0.075,0.705,700.318,-14.9169,2.89274,234.854,1,-2,0,0.4
0.075,0.715,759.046,-14.933,2.89928,237.445,1,-2,0,0.4
0.075,0.725,813.8,-14.9395,2.912,247.353,1,-2,0,0.4
0.075,0.735,862.836,-14.9404,2.92601,260.869,1,-2,0,0.4
0.075,0.745,905.26,-14.9376,2.93903,276.293,1,-2,0,0.4
0.075,0.755,940.947,-14.9322,2.95016,292.91,1,-2,0,0.4
0.075,0.765,970.327,-14.9246,2.95916,310.459,1,-2,0,0.4
0.075,0.775,994.158,-14.9152,2.96615,328.868,1,-2,0,0.4
0.075,0.785,1013.34,-14.9043,2.9714,348.102,1,-2,0,0.4
0.075,0.795,1028.76,-14.8922,2.97527,368.081,1,-2,0,0.4
0.075,0.805,1041.24,-14.8792,2.97812,388.646,1,-2,0,0.4
0.075,0.815,1051.46,-14.8657,2.98027,409.552,1,-2,0,0.4
0.075,0.825,1059.95,-14.852,2.98198,430.483,1,-2,0,0.4
0.075,0.835,1067.11,-14.8386,2.98344,451.08,1,-2,0,0.4
0.075,0.845,1073.23,-14.8257,2.9848,470.975,1,-2,0,0.4
0.075,0.855,1078.51,-14.8135,2.98612,489.825,1,-2,0,0.4
0.075,0.865,1083.08,-14.8023,2.98744,507.338,1,-2,0,0.4
0.075,0.875,1087.03,-14.7922,2.98876,523.291,1,-2,0,0.4
0.075,0.885,1090.42,-14.7833,2.99006,537.543,1,-2,0,0.4
0.075,0.895,1093.31,-14.7756,2.99131,550.03,1,-2,0,0.4
0.075,0.905,1095.75,-14.769,2.99248,560.765,1,-2,0,0.4
0.075,0.915,1097.77,-14.7635,2.99356,569.821,1,-2,0,0.4
0.075,0.925,1099.43,-14.759,2.99452,577.322,1,-2,0,0.4
0.075,0.935,1100.77,-14.7554,2.99536,583.422,1,-2,0,0.4
0.075,0.945,1101.84,-14.7525,2.99608,588.294,1,-2,0,0.4
0.075,0.955,1102.68,-14.7502,2.99668,592.117,1,-2,0,0.4
0.075,0.965,1103.32,-14.7485,2.99716,595.066,1,-2,0,0.4
0.075,0.975,1103.81,-14.7472,2.99755,597.301,1,-2,0,0.4
0.075,0.985,1104.17,-14.7463,2.99786,598.966,1,-2,0,0.4
0.075,0.995,1104.44,-14.7455,2.99809,600.186,1,-2,0,0.4
0.085,0.005,122.828,1.4405,-14.9351,4002.31,1,-2,0,0.4
0.085,0.015,129.981,1.91908,-15.484,4063.18,1,-2,0,0.4
0.085,0.025,138.603,2.38114,-15.7159,4262.57,1,-2,0,0.4
0.085,0.035,148.367,2.76846,-15.7011,4553.84,1,-2,0,0.4
0.085,0.045,157.2,3.07533,-15.5675,4829.46,1,-2,0,0.4
0.085,0.055,163.992,3.30697,-15.3633,5037.03,1,-2,0,0.4
0.085,0.065,168.403,3.46721,-15.1081,5159.85,1,-2,0,0.4
0.085,0.075,170.529,3.56242,-14.8157,5200.93,1,-2,0,0.4
0.085,0.085,170.708,3.60185,-14.4986,5173.93,1,-2,0,0.4
0.085,0.095,169.368,3.59627,-14.1678,5096.66,1,-2,0,0.4
0.085,0.105,166.933,3.55648,-13.8322,4986.65,1,-2,0,0.4
0.085,0.115,163.767,3.49228,-13.4987,4858.77,1,-2,0,0.4
0.085,0.125,160.155,3.41196,-13.172,4724.41,1,-2,0,0.4
0.085,0.135,156.306,3.32221,-12.8552,4591.53,1,-2,0,0.4
0.085,0.145,152.363,3.22818,-12.5499,4465.29,1,-2,0,0.4
0.085,0.155,148.423,3.13366,-12.2567,4348.66,1,-2,0,0.4
0.085,0.165,144.551,3.04136,-11.9755,4243.1,1,-2,0,0.4
0.085,0.175,140.792,2.95311,-11.7055,4149.02,1,-2,0,0.4
0.085,0.185,137.178,2.86998,-11.4455,4066.14,1,-2,0,0.4
0.085,0.195,133.738,2.79245,-11.194,3993.74,1,-2,0,0.4
0.085,0.205,130.497,2.72047,-10.9491,3930.85,1,-2,0,0.4
0.085,0.215,127.48,2.65354,-10.709,3876.33,1,-2,0,0.4
0.085,0.225,124.711,2.59068,-10.4716,3828.96,1,-2,0,0.4
0.085,0.235,122.216,2.53055,-10.2349,3787.51,1,-2,0,0.4
0.085,0.245,120.018,2.47142,-9.997,3750.71,1,-2,0,0.4
0.085,0.255,118.14,2.4113,-9.75621,3717.39,1,-2,0,0.4
0.085,0.265,116.605,2.34797,-9.51102,3686.39,1,-2,0,0.4
0.085,0.275,115.436,2.27917,-9.26026,3656.66,1,-2,0,0.4
0.085,0.285,114.653,2.20263,-9.00299,3627.26,1,-2,0,0.4
0.085,0.295,114.278,2.11626,-8.7386,3597.38,1,-2,0,0.4
0.085,0.305,114.333,2.01821,-8.46671,3566.31,1,-2,0,0.4
0.085,0.315,114.837,1.90695,-8.18719,3533.5,1,-2,0,0.4
0.085,0.325,115.811,1.78136,-7.90016,3498.49,1,-2,0,0.4
0.085,0.335,117.275,1.64074,-7.60593,3460.92,1,-2,0,0.4
0.085,0.345,119.247,1.48484,-7.30503,3420.53,1,-2,0,0.4
0.085,0.355,121.743,1.31394,-6.99813,3377.15,1,-2,0,0.4
0.085,0.365,124.775,1.12872,-6.68608,3330.7,1,-2,0,0.4
0.085,0.375,128.353,0.930314,-6.36977,3281.18,1,-2,0,0.4
0.085,0.385,132.484,0.720175,-6.05009,3228.73,1,-2,0,0.4
0.085,0.395,137.201,0.50036,-5.72627,3174.68,1,-2,0,0.4
0.085,0.405,142.499,0.274617,-5.39953,3119.28,1,-2,0,0.4
0.085,0.415,148.256,0.0462876,-5.07626,3059.79,1,-2,0,0.4
0.085,0.425,154.297,-0.180981,-4.7615,2993.1,1,-2,0,0.4
0.085,0.435,161.019,-0.406561,-4.43634,2928.09,1,-2,0,0.4
0.085,0.445,168.261,-0.632596,-4.10847,2863.77,1,-2,0,0.4
0.085,0.455,175.878,-0.858377,-3.78067,2798.47,1,-2,0,0.4
0.085,0.465,183.698,-1.08359,-3.4541,2730.48,1,-2,0,0.4
0.085,0.475,191.496,-1.30892,-3.12975,2657.94,1,-2,0,0.4
0.085,0.485,198.976,-1.53581,-2.80872,2578.72,1,-2,0,0.4
0.085,0.495,205.773,-1.76605,-2.49213,2490.65,1,-2,0,0.4
0.085,0.505,211.466,-2.00144,-2.18093,2391.94,1,-2,0,0.4
0.085,0.515,215.616,-2.24348,-1.87567,2281.65,1,-2,0,0.4
0.085,0.525,217.815,-2.49306,-1.57631,2160.12,1,-2,0,0.4
0.085,0.535,217.741,-2.75055,-1.28182,2029.23,1,-2,0,0.4
0.085,0.545,215.232,-3.01656,-0.989111,1892.79,1,-2,0,0.4
0.085,0.555,210.422,-3.29491,-0.689951,1757.58,1,-2,0,0.4
0.085,0.565,203.625,-3.60713,-0.369603,1632.3,1,-2,0,0.4
0.085,0.575,194.48,-4.0138,-0.000558425,1526.56,1,-2,0,0.4
0.085,0.585,180.819,-4.62985,0.449729,1439.69,1,-2,0,0.4
0.085,0.595,165.562,-5.55635,1.01376,1387.24,1,-2,0,0.4
0.085,0.605,155.761,-6.95887,1.72985,1379.17,1,-2,0,0.4
0.085,0.615,158.446,-8.89152,2.55868,1347.19,1,-2,0,0.4
0.085,0.625,179.719,-10.9773,3.24554,1211.72,1,-2,0,0.4
0.085,0.635,224.367,-12.65,3.5142,997.168,1,-2,0,0.4
0.085,0.645,288.01,-13.7181,3.44457,754.363,1,-2,0,0.4
0.085,0.655,357.259,-14.3327,3.26045,523.283,1,-2,0,0.4
0.085,0.665,424.665,-14.6638,3.08187,352.608,1,-2,0,0.4
0.085,0.675,489.175,-14.8322,2.96008,252.365,1,-2,0,0.4
0.085,0.685,552.919,-14.9136,2.89852,205.629,1,-2,0,0.4
0.085,0.695,617.021,-14.9519,2.87925,190.436,1,-2,0,0.4
0.085,0.705,680.38,-14.9699,2.88303,191.049,1,-2,0,0.4
0.085,0.715,740.705,-14.9785,2.89687,198.667,1,-2,0,0.4
0.085,0.725,795.765,-14.9825,2.91376,208.891,1,-2,0,0.4
0.085,0.735,844.048,-14.9841,2.93035,219.618,1,-2,0,0.4
0.085,0.745,884.885,-14.9843,2.94518,229.887,1,-2,0,0.4
0.085,0.755,918.329,-14.9836,2.95772,239.303,1,-2,0,0.4
0.085,0.765,944.944,-14.9822,2.96792,247.762,1,-2,0,0.4
0.085,0.775,965.596,-14.9802,2.97593,255.307,1,-2,0,0.4
0.085,0.785,981.279,-14.9778,2.98203,262.048,1,-2,0,0.4
0.085,0.795,992.985,-14.9751,2.98655,268.115,1,-2,0,0.4
0.085,0.805,1001.62,-14.9721,2.98981,273.628,1,-2,0,0.4
0.085,0.815,1007.95,-14.969,2.99213,278.683,1,-2,0,0.4
0.085,0.825,1012.61,-14.9659,2.99376,283.347,1,-2,0,0.4
0.085,0.835,1016.07,-14.9627,2.99491,287.656,1,-2,0,0.4
0.085,0.845,1018.67,-14.9597,2.99575,291.625,1,-2,0,0.4
0.085,0.855,1020.68,-14.9569,2.99638,295.253,1,-2,0,0.4
0.085,0.865,1022.26,-14.9543,2.99688,298.534,1,-2,0,0.4
0.085,0.875,1023.52,-14.952,2.99731,301.461,1,-2,0,0.4
0.085,0.885,1024.54,-14.9499,2.99768,304.031,1,-2,0,0.4
0.085,0.895,1025.38,-14.9482,2.99801,306.25,1,-2,0,0.4
0.085,0.905,1026.06,-14.9467,2.99831,308.133,1,-2,0,0.4
0.085,0.915,1026.61,-14.9454,2.99857,309.702,1,-2,0,0.4
0.085,0.925,1027.05,-14.9444,2.99881,310.987,1,-2,0,0.4
0.085,0.935,1027.41,-14.9436,2.999,312.02,1,-2,0,0.4
0.085,0.945,1027.68,-14.943,2.99917,312.836,1,-2,0,0.4
0.085,0.955,1027.9,-14.9425,2.99931,313.469,1,-2,0,0.4
0.085,0.965,1028.06,-14.9421,2.99942,313.951,1,-2,0,0.4
0.085,0.975,1028.18,-14.9418,2.99951,314.313,1,-2,0,0.4
0.085,0.985,1028.27,-14.9416,2.99957,314.579,1,-2,0,0.4
0.085,0.995,1028.34,-14.9415,2.99962,314.772,1,-2,0,0.4
0.095,0.005,118.322,1.58647,-14.9841,3615.23,1,-2,0,0.4
0.095,0.015,124.538,1.95425,-15.3122,3691.85,1,-2,0,0.4
0.095,0.025,131.539,2.34058,-15.4682,3849.75,1,-2,0,0.4
0.095,0.035,139.722,2.6981,-15.4458,4089.29,1,-2,0,0.4
0.095,0.045,147.67,3.0037,-15.3244,4340.21,1,-2,0,0.4
0.095,0.055,154.308,3.2535,-15.1448,4554.13,1,-2,0,0.4
0.095,0.065,159.126,3.44569,-14.9217,4707.98,1,-2,0,0.4
0.095,0.075,162.002,3.58105,-14.6639,4795.33,1,-2,0,0.4
0.095,0.085,163.069,3.66389,-14.3797,4820.66,1,-2,0,0.4
0.095,0.095,162.602,3.70122,-14.0775,4794.72,1,-2,0,0.4
0.095,0.105,160.932,3.70138,-13.7651,4730.65,1,-2,0,0.4
0.095,0.115,158.381,3.67278,-13.449,4641.26,1,-2,0,0.4
0.095,0.125,155.23,3.62315,-13.1343,4537.46,1,-2,0,0.4
0.095,0.135,151.705,3.55909,-12.8245,4427.75,1,-2,0,0.4
0.095,0.145,147.979,3.48601,-12.5219,4318.27,1,-2,0,0.4
0.095,0.155,144.178,3.40811,-12.2279,4213.1,1,-2,0,0.4
0.095,0.165,140.394,3.32856,-11.9428,4114.74,1,-2,0,0.4
0.095,0.175,136.695,3.24963,-11.6665,4024.53,1,-2,0,0.4
0.095,0.185,133.129,3.17282,-11.3984,3942.95,1,-2,0,0.4
0.095,0.195,129.737,3.09897,-11.1372,3869.91,1,-2,0,0.4
0.095,0.205,126.551,3.02836,-10.8817,3804.92,1,-2,0,0.4
0.095,0.215,123.599,2.96079,-10.6303,3747.24,1,-2,0,0.4
0.095,0.225,120.907,2.89557,-10.3812,3695.96,1,-2,0,0.4
0.095,0.235,118.498,2.83161,-10.1329,3650.07,1,-2,0,0.4
0.095,0.245,116.394,2.76745,-9.88354,3608.55,1,-2,0,0.4
0.095,0.255,114.616,2.70135,-9.63161,3570.34,1,-2,0,0.4
0.095,0.265,113.185,2.63137,-9.37571,3534.44,1,-2,0,0.4
0.095,0.275,112.119,2.55544,-9.11465,3499.91,1,-2,0,0.4
0.095,0.285,111.437,2.47153,-8.84753,3465.87,1,-2,0,0.4
0.095,0.295,111.158,2.37774,-8.57367,3431.57,1,-2,0,0.4
0.095,0.305,111.299,2.27238,-8.29266,3396.35,1,-2,0,0.4
0.095,0.315,111.877,2.15407,-8.00435,3359.66,1,-2,0,0.4
0.095,0.325,112.909,2.02182,-7.70882,3321.04,1,-2,0,0.4
0.095,0.335,114.409,1.87505,-7.40637,3280.13,1,-2,0,0.4
0.095,0.345,116.391,1.71364,-7.09752,3236.67,1,-2,0,0.4
0.095,0.355,118.866,1.53789,-6.78294,3190.46,1,-2,0,0.4
0.095,0.365,121.842,1.34856,-6.46343,3141.39,1,-2,0,0.4
0.095,0.375,125.323,1.14673,-6.13985,3089.44,1,-2,0,0.4
0.095,0.385,129.328,0.933903,-5.81207,3035.35,1,-2,0,0.4
0.095,0.395,133.894,0.713169,-5.47903,2980.59,1,-2,0,0.4
0.095,0.405,138.925,0.487919,-5.14663,2922.85,1,-2,0,0.4
0.095,0.415,144.37,0.259707,-4.81659,2861.83,1,-2,0,0.4
0.095,0.425,150.117,0.0305786,-4.49122,2796.34,1,-2,0,0.4
0.095,0.435,155.979,-0.196195,-4.17405,2724.18,1,-2,0,0.4
0.095,0.445,162.319,-0.421871,-3.84678,2652.36,1,-2,0,0.4
0.095,0.455,168.841,-0.64822,-3.51912,2578.58,1,-2,0,0.4
0.095,0.465,175.313,-0.875266,-3.19372,2500.58,1,-2,0,0.4
0.095,0.475,181.466,-1.1035,-2.87189,2416.37,1,-2,0,0.4
0.095,0.485,186.986,-1.33399,-2.55465,2324.25,1,-2,0,0.4
0.095,0.495,191.526,-1.56794,-2.24274,2222.92,1,-2,0,0.4
0.095,0.505,194.73,-1.8063,-1.93649,2111.9,1,-2,0,0.4
0.095,0.515,196.274,-2.04961,-1.63557,1991.73,1,-2,0,0.4
0.095,0.525,195.899,-2.29793,-1.33891,1864.07,1,-2,0,0.4
0.095,0.535,193.437,-2.55153,-1.04449,1731.53,1,-2,0,0.4
0.095,0.545,188.844,-2.81242,-0.748499,1597.71,1,-2,0,0.4
0.095,0.555,182.287,-3.08847,-0.442211,1468.29,1,-2,0,0.4
0.095,0.565,173.968,-3.41192,-0.106584,1351.98,1,-2,0,0.4
0.095,0.575,161.962,-3.87557,0.285312,1249.81,1,-2,0,0.4
0.095,0.585,145.946,-4.57445,0.758957,1168.16,1,-2,0,0.4
0.095,0.595,130.479,-5.67388,1.35167,1128.83,1,-2,0,0.4
0.095,0.605,122.178,-7.39226,2.10463,1118.89,1,-2,0,0.4
0.095,0.615,127.98,-9.63731,2.91437,1062.71,1,-2,0,0.4
0.095,0.625,153.971,-11.7751,3.44747,920.799,1,-2,0,0.4
0.095,0.635,204.26,-13.2527,3.51879,742.078,1,-2,0,0.4
0.095,0.645,269.482,-14.1064,3.36362,544.27,1,-2,0,0.4
0.095,0.655,339.016,-14.5608,3.16227,373.734,1,-2,0,0.4
0.095,0.665,407.161,-14.7899,3.00255,259.538,1,-2,0,0.4
0.095,0.675,473.771,-14.8996,2.90894,199.616,1,-2,0,0.4
0.095,0.685,540.485,-14.9503,2.87028,176.487,1,-2,0,0.4
0.095,0.695,607.439,-14.9735,2.86526,173.395,1,-2,0,0.4
0.095,0.705,672.925,-14.9845,2.8767,179.688,1,-2,0,0.4
0.095,0.715,734.537,-14.99,2.89441,189.706,1,-2,0,0.4
0.095,0.725,790.185,-14.9929,2.91326,200.637,1,-2,0,0.4
0.095,0.735,838.543,-14.9945,2.93091,211.121,1,-2,0,0.4
0.095,0.745,879.093,-14.9953,2.94638,220.53,1,-2,0,0.4
0.095,0.755,911.991,-14.9956,2.95937,228.617,1,-2,0,0.4
0.095,0.765,937.87,-14.9956,2.9699,235.352,1,-2,0,0.4
0.095,0.775,957.643,-14.9954,2.97819,240.821,1,-2,0,0.4
0.095,0.785,972.343,-14.995,2.98451,245.176,1,-2,0,0.4
0.095,0.795,982.992,-14.9945,2.9892,248.594,1,-2,0,0.4
0.095,0.805,990.528,-14.994,2.99258,251.254,1,-2,0,0.4
0.095,0.815,995.749,-14.9933,2.99494,253.319,1,-2,0,0.4
0.095,0.825,999.304,-14.9927,2.99656,254.929,1,-2,0,0.4
0.095,0.835,1001.69,-14.9921,2.99764,256.199,1,-2,0,0.4
0.095,0.845,1003.29,-14.9915,2.99834,257.214,1,-2,0,0.4
0.095,0.855,1004.36,-14.9909,2.99881,258.038,1,-2,0,0.4
0.095,0.865,1005.09,-14.9904,2.99911,258.715,1,-2,0,0.4
0.095,0.875,1005.59,-14.9899,2.99932,259.276,1,-2,0,0.4
0.095,0.885,1005.94,-14.9895,2.99946,259.741,1,-2,0,0.4
0.095,0.895,1006.2,-14.9892,2.99957,260.126,1,-2,0,0.4
0.095,0.905,1006.39,-14.9889,2.99965,260.442,1,-2,0,0.4
0.095,0.915,1006.53,-14.9887,2.99971,260.699,1,-2,0,0.4
0.095,0.925,1006.64,-14.9885,2.99977,260.905,1,-2,0,0.4
0.095,0.935,1006.72,-14.9883,2.99981,261.068,1,-2,0,0.4
0.095,0.945,1006.79,-14.9882,2.99984,261.194,1,-2,0,0.4
0.095,0.955,1006.84,-14.9881,2.99987,261.291,1,-2,0,0.4
0.095,0.965,1006.87,-14.988,2.99989,261.364,1,-2,0,0.4
0.095,0.975,1006.9,-14.988,2.99991,261.418,1,-2,0,0.4
0.095,0.985,1006.92,-14.988,2.99992,261.457,1,-2,0,0.4
0.095,0.995,1006.93,-14.9879,2.99993,261.485,1,-2,0,0.4
0.105,0.005,113.859,1.75666,-15.0143,3298.66,1,-2,0,0.4
0.105,0.015,119.153,2.04501,-15.1855,3377.45,1,-2,0,0.4
0.105,0.025,124.777,2.36006,-15.2671,3502.41,1,-2,0,0.4
0.105,0.035,131.397,2.67307,-15.2277,3691.71,1,-2,0,0.4
0.105,0.045,138.185,2.95922,-15.11,3905.45,1,-2,0,0.4
0.105,0.055,144.258,3.20941,-14.9457,4105.71,1,-2,0,0.4
0.105,0.065,149.068,3.41818,-14.7462,4269.06,1,-2,0,0.4
0.105,0.075,152.362,3.58191,-14.5164,4383.92,1,-2,0,0.4
0.105,0.085,154.107,3.70017,-14.2607,4447.79,1,-2,0,0.4
0.105,0.095,154.43,3.77577,-13.9846,4464.72,1,-2,0,0.4
0.105,0.105,153.545,3.81385,-13.6941,4442.73,1,-2,0,0.4
0.105,0.115,151.708,3.82073,-13.395,4391.34,1,-2,0,0.4
0.105,0.125,149.166,3.80291,-13.0921,4319.88,1,-2,0,0.4
0.105,0.135,146.139,3.76645,-12.7895,4236.4,1,-2,0,0.4
0.105,0.145,142.808,3.71664,-12.4899,4147.33,1,-2,0,0.4
0.105,0.155,139.319,3.65784,-12.1953,4057.41,1,-2,0,0.4
0.105,0.165,135.782,3.59351,-11.9067,3969.94,1,-2,0,0.4
0.105,0.175,132.282,3.52626,-11.6246,3887,1,-2,0,0.4
0.105,0.185,128.884,3.45796,-11.3486,3809.8,1,-2,0,0.4
0.105,0.195,125.639,3.38982,-11.0783,3738.84,1,-2,0,0.4
0.105,0.205,122.587,3.32242,-10.8126,3674.13,1,-2,0,0.4
0.105,0.215,119.761,3.25586,-10.5503,3615.36,1,-2,0,0.4
0.105,0.225,117.19,3.18973,-10.2901,3561.95,1,-2,0,0.4
0.105,0.235,114.9,3.12322,-10.0304,3513.19,1,-2,0,0.4
0.105,0.245,112.912,3.05514,-9.76981,3468.26,1,-2,0,0.4
0.105,0.255,111.246,2.98401,-9.50686,3426.32,1,-2,0,0.4
0.105,0.265,109.923,2.90813,-9.24026,3386.51,1,-2,0,0.4
0.105,0.275,108.958,2.82569,-8.96888,3348.02,1,-2,0,0.4
0.105,0.285,108.37,2.73491,-8.69183,3310.07,1,-2,0,0.4
0.105,0.295,108.173,2.63407,-8.40845,3271.98,1,-2,0,0.4
0.105,0.305,108.382,2.52169,-8.11832,3233.14,1,-2,0,0.4
0.105,0.315,109.012,2.39658,-7.82128,3193.02,1,-2,0,0.4
0.105,0.325,110.074,2.25788,-7.51741,3151.18,1,-2,0,0.4
0.105,0.335,111.58,2.10515,-7.20701,3107.29,1,-2,0,0.4
0.105,0.345,113.538,1.93836,-6.8906,3061.05,1,-2,0,0.4
0.105,0.355,115.955,1.75789,-6.56884,3012.26,1,-2,0,0.4
0.105,0.365,118.832,1.56446,-6.24253,2960.78,1,-2,0,0.4
0.105,0.375,122.174,1.35915,-5.91217,2906.74,1,-2,0,0.4
0.105,0.385,126.033,1.14409,-5.57548,2852.16,1,-2,0,0.4
0.105,0.395,130.332,0.923038,-5.23752,2794.94,1,-2,0,0.4
0.105,0.405,135.019,0.697657,-4.90068,2734.53,1,-2,0,0.4
0.105,0.415,140.039,0.469269,-4.56596,2670.65,1,-2,0,0.4
0.105,0.425,145.291,0.239342,-4.23497,2602.49,1,-2,0,0.4
0.105,0.435,150.633,0.00956248,-3.90952,2528.98,1,-2,0,0.4
0.105,0.445,155.879,-0.218249,-3.5912,2449.21,1,-2,0,0.4
0.105,0.455,161.217,-0.4462,-3.26627,2366.81,1,-2,0,0.4
0.105,0.465,166.298,-0.675696,-2.94371,2279.68,1,-2,0,0.4
0.105,0.475,170.831,-0.907083,-2.62555,2185.87,1,-2,0,0.4
0.105,0.485,174.517,-1.14083,-2.31271,2084.23,1,-2,0,0.4
0.105,0.495,177.057,-1.3774,-2.00545,1974.46,1,-2,0,0.4
0.105,0.505,178.186,-1.61697,-1.70341,1857.13,1,-2,0,0.4
0.105,0.515,177.694,-1.85937,-1.40552,1733.77,1,-2,0,0.4
0.105,0.525,175.442,-2.10449,-1.10998,1606.55,1,-2,0,0.4
0.105,0.535,171.366,-2.35329,-0.814288,1478.06,1,-2,0,0.4
0.105,0.545,165.496,-2.60989,-0.514197,1351.43,1,-2,0,0.4
0.105,0.555,158.039,-2.88821,-0.199327,1231.92,1,-2,0,0.4
0.105,0.565,148.295,-3.24357,0.150847,1123.82,1,-2,0,0.4
0.105,0.575,134.436,-3.75436,0.557574,1029.57,1,-2,0,0.4
0.105,0.585,118.087,-4.55162,1.04258,962.554,1,-2,0,0.4
0.105,0.595,103.855,-5.86959,1.65388,938.338,1,-2,0,0.4
0.105,0.605,98.3429,-7.92564,2.42353,925.797,1,-2,0,0.4
0.105,0.615,108.229,-10.3852,3.16741,857.164,1,-2,0,0.4
0.105,0.625,139.531,-12.4268,3.5188,729.018,1,-2,0,0.4
0.105,0.635,193.15,-13.6787,3.46447,576.725,1,-2,0,0.4
0.105,0.645,259.055,-14.3507,3.27076,417.178,1,-2,0,0.4
0.105,0.655,328.35,-14.6901,3.07755,289.985,1,-2,0,0.4
0.105,0.665,396.892,-14.8541,2.94343,211.545,1,-2,0,0.4
0.105,0.675,465.046,-14.9302,2.87447,174.682,1,-2,0,0.4
0.105,0.685,533.876,-14.9649,2.85251,164.009,1,-2,0,0.4
0.105,0.695,602.777,-14.981,2.85677,166.959,1,-2,0,0.4
0.105,0.705,669.688,-14.9889,2.87281,176.026,1,-2,0,0.4
0.105,0.715,732.192,-14.9931,2.89271,187.264,1,-2,0,0.4
0.105,0.725,788.327,-14.9954,2.91261,198.682,1,-2,0,0.4
0.105,0.735,836.896,-14.9968,2.93077,209.286,1,-2,0,0.4
0.105,0.745,877.481,-14.9977,2.94651,218.611,1,-2,0,0.4
0.105,0.755,910.301,-14.9983,2.95966,226.487,1,-2,0,0.4
0.105,0.765,936.025,-14.9986,2.9703,232.918,1,-2,0,0.4
0.105,0.775,955.593,-14.9987,2.97866,238.011,1,-2,0,0.4
0.105,0.785,970.051,-14.9988,2.98504,241.931,1,-2,0,0.4
0.105,0.795,980.438,-14.9988,2.98977,244.867,1,-2,0,0.4
0.105,0.805,987.697,-14.9987,2.99317,247.011,1,-2,0,0.4
0.105,0.815,992.639,-14.9986,2.99554,248.541,1,-2,0,0.4
0.105,0.825,995.917,-14.9985,2.99715,249.611,1,-2,0,0.4
0.105,0.835,998.042,-14.9984,2.99821,250.347,1,-2,0,0.4
0.105,0.845,999.389,-14.9983,2.99889,250.85,1,-2,0,0.4
0.105,0.855,1000.23,-14.9982,2.99931,251.193,1,-2,0,0.4
0.105,0.865,1000.74,-14.9981,2.99957,251.428,1,-2,0,0.4
0.105,0.875,1001.05,-14.998,2.99973,251.591,1,-2,0,0.4
0.105,0.885,1001.25,-14.9979,2.99982,251.707,1,-2,0,0.4
0.105,0.895,1001.36,-14.9978,2.99988,251.791,1,-2,0,0.4
0.105,0.905,1001.44,-14.9978,2.99992,251.853,1,-2,0,0.4
0.105,0.915,1001.48,-14.9977,2.99994,251.899,1,-2,0,0.4
0.105,0.925,1001.52,-14.9977,2.99995,251.934,1,-2,0,0.4
0.105,0.935,1001.54,-14.9977,2.99996,251.961,1,-2,0,0.4
0.105,0.945,1001.55,-14.9977,2.99997,251.98,1,-2,0,0.4
0.105,0.955,1001.56,-14.9977,2.99998,251.995,1,-2,0,0.4
0.105,0.965,1001.57,-14.9976,2.99998,252.006,1,-2,0,0.4
0.105,0.975,1001.58,-14.9976,2.99998,252.014,1,-2,0,0.4
0.105,0.985,1001.58,-14.9976,2.99999,252.02,1,-2,0,0.4
0.105,0.995,1001.58,-14.9976,2.99999,252.024,1,-2,0,0.4
0.115,0.005,109.795,1.94572,-15.0157,3046.78,1,-2,0,0.4
0.115,0.015,114.265,2.17805,-15.0772,3121.17,1,-2,0,0.4
0.115,0.025,118.756,2.43406,-15.0939,3219.92,1,-2,0,0.4
0.115,0.035,123.971,2.6994,-15.0309,3365.49,1,-2,0,0.4
0.115,0.045,129.51,2.95484,-14.9088,3538.35,1,-2,0,0.4
0.115,0.055,134.738,3.1907,-14.7507,3712.23,1,-2,0,0.4
0.115,0.065,139.172,3.40056,-14.566,3867.38,1,-2,0,0.4
0.115,0.075,142.517,3.57871,-14.3569,3991.26,1,-2,0,0.4
0.115,0.085,144.644,3.72131,-14.1249,4077.5,1,-2,0,0.4
0.115,0.095,145.556,3.82734,-13.8722,4125.1,1,-2,0,0.4
0.115,0.105,145.358,3.89848,-13.6029,4137.21,1,-2,0,0.4
0.115,0.115,144.219,3.93838,-13.3212,4119.59,1,-2,0,0.4
0.115,0.125,142.331,3.9517,-13.0315,4079.06,1,-2,0,0.4
0.115,0.135,139.886,3.94342,-12.7377,4022.36,1,-2,0,0.4
0.115,0.145,137.057,3.91825,-12.443,3955.46,1,-2,0,0.4
0.115,0.155,133.992,3.88039,-12.1498,3883.2,1,-2,0,0.4
0.115,0.165,130.811,3.83336,-11.8595,3809.27,1,-2,0,0.4
0.115,0.175,127.612,3.77997,-11.5732,3736.31,1,-2,0,0.4
0.115,0.185,124.47,3.72232,-11.291,3666.07,1,-2,0,0.4
0.115,0.195,121.447,3.66191,-11.0129,3599.58,1,-2,0,0.4
0.115,0.205,118.59,3.59962,-10.7383,3537.34,1,-2,0,0.4
0.115,0.215,115.94,3.53582,-10.4662,3479.43,1,-2,0,0.4
0.115,0.225,113.529,3.47038,-10.1957,3425.63,1,-2,0,0.4
0.115,0.235,111.385,3.40274,-9.92542,3375.53,1,-2,0,0.4
0.115,0.245,109.531,3.33198,-9.65414,3328.55,1,-2,0,0.4
0.115,0.255,107.989,3.2569,-9.38058,3284.07,1,-2,0,0.4
0.115,0.265,106.777,3.17606,-9.10358,3241.39,1,-2,0,0.4
0.115,0.275,105.912,3.08791,-8.82209,3199.84,1,-2,0,0.4
0.115,0.285,105.41,2.99091,-8.53528,3158.76,1,-2,0,0.4
0.115,0.295,105.283,2.88358,-8.24253,3117.54,1,-2,0,0.4
0.115,0.305,105.544,2.76467,-7.94346,3075.64,1,-2,0,0.4
0.115,0.315,106.204,2.63315,-7.63791,3032.59,1,-2,0,0.4
0.115,0.325,107.273,2.48836,-7.32599,2987.96,1,-2,0,0.4
0.115,0.335,108.757,2.32996,-7.00802,2941.41,1,-2,0,0.4
0.115,0.345,110.661,2.15802,-6.68449,2892.68,1,-2,0,0.4
0.115,0.355,112.985,1.97294,-6.35607,2841.53,1,-2,0,0.4
0.115,0.365,115.728,1.77544,-6.02348,2787.81,1,-2,0,0.4
0.115,0.375,118.927,1.56675,-5.6851,2732.97,1,-2,0,0.4
0.115,0.385,122.558,1.35026,-5.34276,2676.49,1,-2,0,0.4
0.115,0.395,126.542,1.12836,-5.00097,2616.72,1,-2,0,0.4
0.115,0.405,130.833,0.902118,-4.66067,2553.54,1,-2,0,0.4
0.115,0.415,135.356,0.672779,-4.32289,2486.52,1,-2,0,0.4
0.115,0.425,140.001,0.441494,-3.989,2414.93,1,-2,0,0.4
0.115,0.435,144.626,0.209454,-3.6604,2337.88,1,-2,0,0.4
0.115,0.445,149.053,-0.0221736,-3.33865,2254.24,1,-2,0,0.4
0.115,0.455,153.133,-0.252979,-3.02298,2164.29,1,-2,0,0.4
0.115,0.465,156.843,-0.485076,-2.70492,2069.55,1,-2,0,0.4
0.115,0.475,159.862,-0.719152,-2.39117,1968.84,1,-2,0,0.4
0.115,0.485,161.923,-0.955154,-2.0828,1861.51,1,-2,0,0.4
0.115,0.495,162.793,-1.19284,-1.77968,1747.98,1,-2,0,0.4
0.115,0.505,162.292,-1.43179,-1.4809,1629.5,1,-2,0,0.4
0.115,0.515,160.303,-1.67162,-1.18486,1507.98,1,-2,0,0.4
0.115,0.525,156.771,-1.91257,-0.889443,1385.58,1,-2,0,0.4
0.115,0.535,151.7,-2.15681,-0.591938,1264.56,1,-2,0,0.4
0.115,0.545,145.194,-2.41151,-0.287256,1147.85,1,-2,0,0.4
0.115,0.555,137.232,-2.70547,0.0366024,1038.96,1,-2,0,0.4
0.115,0.565,126.24,-3.08899,0.396489,939.644,1,-2,0,0.4
0.115,0.575,111.868,-3.65092,0.806967,858.365,1,-2,0,0.4
0.115,0.585,96.2511,-4.56864,1.2928,809.103,1,-2,0,0.4
0.115,0.595,84.0297,-6.14463,1.91426,797.578,1,-2,0,0.4
0.115,0.605,81.8115,-8.52091,2.68111,781.191,1,-2,0,0.4
0.115,0.615,95.7508,-11.0728,3.32756,707.972,1,-2,0,0.4
0.115,0.625,131.518,-12.9308,3.51518,597.153,1,-2,0,0.4
0.115,0.635,186.867,-13.975,3.38985,465.146,1,-2,0,0.4
0.115,0.645,252.692,-14.5075,3.18534,335.598,1,-2,0,0.4
0.115,0.655,321.419,-14.7674,3.01005,239.028,1,-2,0,0.4
0.115,0.665,390.154,-14.8899,2.90041,183.786,1,-2,0,0.4
0.115,0.675,459.453,-14.946,2.85093,160.899,1,-2,0,0.4
0.115,0.685,529.804,-14.9718,2.84085,157.426,1,-2,0,0.4
0.115,0.695,600.058,-14.9842,2.85129,163.781,1,-2,0,0.4
0.115,0.705,667.94,-14.9905,2.87029,174.404,1,-2,0,0.4
0.115,0.715,731.06,-14.994,2.89155,186.348,1,-2,0,0.4
0.115,0.725,787.552,-14.9961,2.91208,198.081,1,-2,0,0.4
0.115,0.735,836.313,-14.9974,2.93055,208.815,1,-2,0,0.4
0.115,0.745,876.988,-14.9983,2.94644,218.178,1,-2,0,0.4
0.115,0.755,909.835,-14.9988,2.95967,226.042,1,-2,0,0.4
0.115,0.765,935.549,-14.9992,2.97035,232.431,1,-2,0,0.4
0.115,0.775,955.082,-14.9994,2.97874,237.462,1,-2,0,0.4
0.115,0.785,969.492,-14.9996,2.98514,241.306,1,-2,0,0.4
0.115,0.795,979.821,-14.9996,2.98988,244.157,1,-2,0,0.4
0.115,0.805,987.019,-14.9997,2.99328,246.21,1,-2,0,0.4
0.115,0.815,991.896,-14.9997,2.99566,247.645,1,-2,0,0.4
0.115,0.825,995.112,-14.9997,2.99727,248.621,1,-2,0,0.4
0.115,0.835,997.175,-14.9997,2.99832,249.266,1,-2,0,0.4
0.115,0.845,998.465,-14.9997,2.99899,249.682,1,-2,0,0.4
0.115,0.855,999.251,-14.9996,2.99941,249.943,1,-2,0,0.4
0.115,0.865,999.719,-14.9996,2.99966,250.105,1,-2,0,0.4
0.115,0.875,999.99,-14.9996,2.99981,250.203,1,-2,0,0.4
0.115,0.885,1000.15,-14.9996,2.99989,250.262,1,-2,0,0.4
0.115,0.895,1000.23,-14.9996,2.99994,250.297,1,-2,0,0.4
0.115,0.905,1000.28,-14.9996,2.99996,250.319,1,-2,0,0.4
0.115,0.915,1000.31,-14.9996,2.99998,250.333,1,-2,0,0.4
0.115,0.925,1000.32,-14.9996,2.99999,250.341,1,-2,0,0.4
0.115,0.935,1000.33,-14.9996,2.99999,250.347,1,-2,0,0.4
0.115,0.945,1000.34,-14.9996,2.99999,250.35,1,-2,0,0.4
0.115,0.955,1000.34,-14.9995,3,250.353,1,-2,0,0.4
0.115,0.965,1000.34,-14.9995,3,250.355,1,-2,0,0.4
0.115,0.975,1000.34,-14.9995,3,250.356,1,-2,0,0.4
0.115,0.985,1000.34,-14.9995,3,250.357,1,-2,0,0.4
0.115,0.995,1000.34,-14.9995,3,250.357,1,-2,0,0.4
0.125,0.005,106.129,2.14807,-14.9936,2843.48,1,-2,0,0.4
0.125,0.015,109.914,2.34133,-14.9784,2911.87,1,-2,0,0.4
0.125,0.025,113.512,2.55208,-14.942,2990.96,1,-2,0,0.4
0.125,0.035,117.564,2.77454,-14.8535,3101.89,1,-2,0,0.4
0.125,0.045,121.937,2.99603,-14.7211,3237.13,1,-2,0,0.4
0.125,0.055,126.22,3.2088,-14.5614,3380.14,1,-2,0,0.4
0.125,0.065,130.04,3.40758,-14.3826,3516.3,1,-2,0,0.4
0.125,0.075,133.133,3.58685,-14.186,3634.79,1,-2,0,0.4
0.125,0.085,135.336,3.74141,-13.971,3728.38,1,-2,0,0.4
0.125,0.095,136.581,3.86767,-13.7376,3793.3,1,-2,0,0.4
0.125,0.105,136.886,3.96432,-13.4872,3829.12,1,-2,0,0.4
0.125,0.115,136.336,4.03222,-13.2225,3838.08,1,-2,0,0.4
0.125,0.125,135.058,4.07381,-12.9469,3824.2,1,-2,0,0.4
0.125,0.135,133.2,4.09246,-12.6637,3792.32,1,-2,0,0.4
0.125,0.145,130.91,4.0919,-12.3761,3747.27,1,-2,0,0.4
0.125,0.155,128.325,4.07576,-12.0864,3693.45,1,-2,0,0.4
0.125,0.165,125.565,4.04732,-11.7968,3634.51,1,-2,0,0.4
0.125,0.175,122.732,4.00935,-11.5084,3573.31,1,-2,0,0.4
0.125,0.185,119.907,3.96408,-11.2221,3511.95,1,-2,0,0.4
0.125,0.195,117.161,3.91317,-10.9381,3451.86,1,-2,0,0.4
0.125,0.205,114.547,3.85771,-10.6561,3393.94,1,-2,0,0.4
0.125,0.215,112.111,3.7983,-10.3757,3338.62,1,-2,0,0.4
0.125,0.225,109.89,3.73507,-10.096,3286.02,1,-2,0,0.4
0.125,0.235,107.914,3.66771,-9.81616,3236.02,1,-2,0,0.4
0.125,0.245,106.211,3.59557,-9.53501,3188.3,1,-2,0,0.4
0.125,0.255,104.802,3.51769,-9.25151,3142.43,1,-2,0,0.4
0.125,0.265,103.705,3.43291,-8.96463,3097.91,1,-2,0,0.4
0.125,0.275,102.938,3.33996,-8.67348,3054.21,1,-2,0,0.4
0.125,0.285,102.515,3.23754,-8.3773,3010.79,1,-2,0,0.4
0.125,0.295,102.447,3.12443,-8.07556,2967.14,1,-2,0,0.4
0.125,0.305,102.746,2.99958,-7.76791,2922.78,1,-2,0,0.4
0.125,0.315,103.419,2.86218,-7.45428,2877.3,1,-2,0,0.4
0.125,0.325,104.472,2.71172,-7.13477,2830.31,1,-2,0,0.4
0.125,0.335,105.91,2.548,-6.80974,2781.48,1,-2,0,0.4
0.125,0.345,107.731,2.37115,-6.47969,2730.55,1,-2,0,0.4
0.125,0.355,109.933,2.1816,-6.14528,2677.27,1,-2,0,0.4
0.125,0.365,112.525,1.98004,-5.80626,2622.08,1,-2,0,0.4
0.125,0.375,115.538,1.76865,-5.46107,2566.24,1,-2,0,0.4
0.125,0.385,118.877,1.55074,-5.1154,2507.3,1,-2,0,0.4
0.125,0.395,122.498,1.32739,-4.77074,2445,1,-2,0,0.4
0.125,0.405,126.338,1.09972,-4.42809,2378.98,1,-2,0,0.4
0.125,0.415,130.313,0.868839,-4.08855,2308.77,1,-2,0,0.4
0.125,0.425,134.305,0.635723,-3.7534,2233.69,1,-2,0,0.4
0.125,0.435,138.168,0.401284,-3.42392,2153.05,1,-2,0,0.4
0.125,0.445,141.728,0.166303,-3.10119,2066.25,1,-2,0,0.4
0.125,0.455,144.746,-0.0682914,-2.78715,1972.04,1,-2,0,0.4
0.125,0.465,147.167,-0.302885,-2.47732,1872.15,1,-2,0,0.4
0.125,0.475,148.837,-0.538692,-2.16848,1767.44,1,-2,0,0.4
0.125,0.485,149.531,-0.775548,-1.86434,1658.05,1,-2,0,0.4
0.125,0.495,149.077,-1.01274,-1.56466,1544.74,1,-2,0,0.4
0.125,0.505,147.364,-1.24958,-1.26824,1429,1,-2,0,0.4
0.125,0.515,144.34,-1.48585,-0.973278,1312.68,1,-2,0,0.4
0.125,0.525,140.006,-1.72251,-0.677605,1197.69,1,-2,0,0.4
0.125,0.535,134.421,-1.9635,-0.378229,1086.05,1,-2,0,0.4
0.125,0.545,127.741,-2.22403,-0.0685243,980.274,1,-2,0,0.4
0.125,0.555,119.259,-2.53567,0.261804,881.018,1,-2,0,0.4
0.125,0.565,107.726,-2.94484,0.623802,793.304,1,-2,0,0.4
0.125,0.575,93.6772,-3.56726,1.02766,727.111,1,-2,0,0.4
0.125,0.585,79.2877,-4.63043,1.50644,694.796,1,-2,0,0.4
0.125,0.595,69.4144,-6.49135,2.13336,691.879,1,-2,0,0.4
0.125,0.605,70.4658,-9.13628,2.8811,670.913,1,-2,0,0.4
0.125,0.615,88.0626,-11.6677,3.4129,598.634,1,-2,0,0.4
0.125,0.625,126.972,-13.3145,3.47738,501.401,1,-2,0,0.4
0.125,0.635,183.139,-14.1838,3.31313,386.452,1,-2,0,0.4
0.125,0.645,248.426,-14.6121,3.11202,280.236,1,-2,0,0.4
0.125,0.655,316.472,-14.8165,2.95709,205.703,1,-2,0,0.4
0.125,0.665,385.323,-14.9116,2.86864,166.147,1,-2,0,0.4
0.125,0.675,455.51,-14.9553,2.83421,152.293,1,-2,0,0.4
0.125,0.685,526.995,-14.9757,2.83274,153.36,1,-2,0,0.4
0.125,0.695,598.225,-14.9858,2.84749,161.847,1,-2,0,0.4
0.125,0.705,666.799,-14.9912,2.86852,173.453,1,-2,0,0.4
0.125,0.715,730.36,-14.9944,2.89071,185.854,1,-2,0,0.4
0.125,0.725,787.116,-14.9963,2.91168,197.802,1,-2,0,0.4
0.125,0.735,836.029,-14.9976,2.93035,208.639,1,-2,0,0.4
0.125,0.745,876.788,-14.9984,2.94635,218.049,1,-2,0,0.4
0.125,0.755,909.679,-14.999,2.95963,225.932,1,-2,0,0.4
0.125,0.765,935.412,-14.9993,2.97035,232.324,1,-2,0,0.4
0.125,0.775,954.95,-14.9996,2.97875,237.35,1,-2,0,0.4
0.125,0.785,969.356,-14.9997,2.98516,241.183,1,-2,0,0.4
0.125,0.795,979.676,-14.9998,2.9899,244.02,1,-2,0,0.4
0.125,0.805,986.862,-14.9999,2.99331,246.058,1,-2,0,0.4
0.125,0.815,991.726,-14.9999,2.99568,247.478,1,-2,0,0.4
0.125,0.825,994.929,-14.9999,2.99729,248.437,1,-2,0,0.4
0.125,0.835,996.979,-14.9999,2.99834,249.066,1,-2,0,0.4
0.125,0.845,998.257,-14.9999,2.99901,249.467,1,-2,0,0.4
0.125,0.855,999.032,-14.9999,2.99943,249.715,1,-2,0,0.4
0.125,0.865,999.49,-14.9999,2.99968,249.864,1,-2,0,0.4
0.125,0.875,999.753,-14.9999,2.99982,249.952,1,-2,0,0.4
0.125,0.885,999.901,-14.9999,2.9999,250.002,1,-2,0,0.4
0.125,0.895,999.982,-14.9999,2.99995,250.03,1,-2,0,0.4
0.125,0.905,1000.03,-14.9999,2.99997,250.045,1,-2,0,0.4
0.125,0.915,1000.05,-14.9999,2.99999,250.053,1,-2,0,0.4
0.125,0.925,1000.06,-14.9999,2.99999,250.058,1,-2,0,0.4
0.125,0.935,1000.07,-14.9999,3,250.06,1,-2,0,0.4
0.125,0.945,1000.07,-14.9999,3,250.062,1,-2,0,0.4
0.125,0.955,1000.07,-14.9999,3,250.062,1,-2,0,0.4
0.125,0.965,1000.07,-14.9999,3,250.063,1,-2,0,0.4
0.125,0.975,1000.07,-14.9999,3,250.063,1,-2,0,0.4
0.125,0.985,1000.07,-14.9999,3,250.063,1,-2,0,0.4
0.125,0.995,1000.07,-14.9999,3,250.063,1,-2,0,0.4
0.135,0.005,102.758,2.35799,-14.9533,2674.19,1,-2,0,0.4
0.135,0.015,105.994,2.52419,-14.884,2737,1,-2,0,0.4
0.135,0.025,108.912,2.70191,-14.8061,2802.07,1,-2,0,0.4
0.135,0.035,112.056,2.88974,-14.6937,2887.4,1,-2,0,0.4
0.135,0.045,115.442,3.07995,-14.5486,2991.79,1,-2,0,0.4
0.135,0.055,118.826,3.26718,-14.3825,3105.57,1,-2,0,0.4
0.135,0.065,121.946,3.44801,-14.2027,3218.78,1,-2,0,0.4
0.135,0.075,124.598,3.61848,-14.0109,3323.34,1,-2,0,0.4
0.135,0.085,126.635,3.77383,-13.8057,3413.02,1,-2,0,0.4
0.135,0.095,127.966,3.9096,-13.5856,3483.4,1,-2,0,0.4
0.135,0.105,128.558,4.02259,-13.3504,3532.14,1,-2,0,0.4
0.135,0.115,128.431,4.11138,-13.1008,3558.98,1,-2,0,0.4
0.135,0.125,127.652,4.17621,-12.8387,3565.42,1,-2,0,0.4
0.135,0.135,126.32,4.21862,-12.5668,3554.23,1,-2,0,0.4
0.135,0.145,124.546,4.24095,-12.2875,3528.77,1,-2,0,0.4
0.135,0.155,122.447,4.24593,-12.0034,3492.51,1,-2,0,0.4
0.135,0.165,120.131,4.23626,-11.7165,3448.66,1,-2,0,0.4
0.135,0.175,117.695,4.21444,-11.4283,3399.95,1,-2,0,0.4
0.135,0.185,115.223,4.18261,-11.1398,3348.58,1,-2,0,0.4
0.135,0.195,112.788,4.14244,-10.8518,3296.21,1,-2,0,0.4
0.135,0.205,110.448,4.09516,-10.5642,3243.98,1,-2,0,0.4
0.135,0.215,108.254,4.04152,-10.2769,3192.65,1,-2,0,0.4
0.135,0.225,106.245,3.98186,-9.98951,3142.61,1,-2,0,0.4
0.135,0.235,104.456,3.91608,-9.70118,3093.98,1,-2,0,0.4
0.135,0.245,102.914,3.84378,-9.41115,3046.69,1,-2,0,0.4
0.135,0.255,101.645,3.76425,-9.11856,3000.51,1,-2,0,0.4
0.135,0.265,100.666,3.67659,-8.82256,2955.12,1,-2,0,0.4
0.135,0.275,99.9947,3.57979,-8.52239,2910.13,1,-2,0,0.4
0.135,0.285,99.6446,3.47282,-8.21744,2865.15,1,-2,0,0.4
0.135,0.295,99.6265,3.3547,-7.90726,2819.74,1,-2,0,0.4
0.135,0.305,99.9489,3.22461,-7.59161,2773.52,1,-2,0,0.4
0.135,0.315,100.618,3.08193,-7.27046,2726.13,1,-2,0,0.4
0.135,0.325,101.637,2.92632,-6.94398,2677.21,1,-2,0,0.4
0.135,0.335,103.005,2.75769,-6.61255,2626.47,1,-2,0,0.4
0.135,0.345,104.72,2.57624,-6.27669,2573.64,1,-2,0,0.4
0.135,0.355,106.773,2.38238,-5.93699,2518.54,1,-2,0,0.4
0.135,0.365,109.211,2.17709,-5.59092,2462.86,1,-2,0,0.4
0.135,0.375,111.968,1.9637,-5.24219,2404.97,1,-2,0,0.4
0.135,0.385,114.984,1.74391,-4.89407,2343.8,1,-2,0,0.4
0.135,0.395,118.206,1.51871,-4.54757,2279.11,1,-2,0,0.4
0.135,0.405,121.563,1.28917,-4.20375,2210.47,1,-2,0,0.4
0.135,0.415,124.958,1.05633,-3.86369,2137.4,1,-2,0,0.4
0.135,0.425,128.27,0.821094,-3.52861,2059.32,1,-2,0,0.4
0.135,0.435,131.352,0.584324,-3.19967,1975.71,1,-2,0,0.4
0.135,0.445,134.042,0.346739,-2.87768,1886.31,1,-2,0,0.4
0.135,0.455,136.159,0.108948,-2.56377,1790.82,1,-2,0,0.4
0.135,0.465,137.483,-0.127926,-2.25935,1688.95,1,-2,0,0.4
0.135,0.475,138.011,-0.364415,-1.9567,1583.2,1,-2,0,0.4
0.135,0.485,137.606,-0.600625,-1.65647,1474.77,1,-2,0,0.4
0.135,0.495,136.152,-0.835908,-1.35963,1364.65,1,-2,0,0.4
0.135,0.505,133.586,-1.06962,-1.06497,1254.23,1,-2,0,0.4
0.135,0.515,129.899,-1.30196,-0.770773,1145.09,1,-2,0,0.4
0.135,0.525,125.129,-1.53493,-0.474936,1038.86,1,-2,0,0.4
0.135,0.535,119.415,-1.77631,-0.173496,937.529,1,-2,0,0.4
0.135,0.545,112.676,-2.05004,0.140029,841.57,1,-2,0,0.4
0.135,0.555,103.879,-2.37207,0.472152,752.949,1,-2,0,0.4
0.135,0.565,92.4266,-2.81183,0.827999,678.08,1,-2,0,0.4
0.135,0.575,79.1029,-3.50474,1.21682,627.048,1,-2,0,0.4
0.135,0.585,66.1421,-4.73861,1.68492,608.925,1,-2,0,0.4
0.135,0.595,58.6609,-6.89608,2.31682,610.363,1,-2,0,0.4
0.135,0.605,62.6819,-9.73717,3.03226,584.852,1,-2,0,0.4
0.135,0.615,83.3904,-12.1651,3.44659,516.397,1,-2,0,0.4
0.135,0.625,124.363,-13.6068,3.42567,429.158,1,-2,0,0.4
0.135,0.635,180.786,-14.3344,3.24131,328.796,1,-2,0,0.4
0.135,0.645,245.305,-14.6847,3.05036,240.88,1,-2,0,0.4
0.135,0.655,312.687,-14.8496,2.91524,182.623,1,-2,0,0.4
0.135,0.665,381.644,-14.9259,2.84457,154.121,1,-2,0,0.4
0.135,0.675,452.55,-14.9612,2.82187,146.442,1,-2,0,0.4
0.135,0.685,524.909,-14.9782,2.8268,150.575,1,-2,0,0.4
0.135,0.695,596.87,-14.9868,2.84469,160.508,1,-2,0,0.4
0.135,0.705,665.958,-14.9917,2.86719,172.79,1,-2,0,0.4
0.135,0.715,729.848,-14.9946,2.89007,185.513,1,-2,0,0.4
0.135,0.725,786.806,-14.9964,2.91136,197.62,1,-2,0,0.4
0.135,0.735,835.841,-14.9976,2.93019,208.536,1,-2,0,0.4
0.135,0.745,876.671,-14.9984,2.94627,217.987,1,-2,0,0.4
0.135,0.755,909.603,-14.999,2.95959,225.891,1,-2,0,0.4
0.135,0.765,935.359,-14.9994,2.97033,232.293,1,-2,0,0.4
0.135,0.775,954.908,-14.9996,2.97874,237.323,1,-2,0,0.4
0.135,0.785,969.319,-14.9998,2.98515,241.157,1,-2,0,0.4
0.135,0.795,979.641,-14.9999,2.9899,243.993,1,-2,0,0.4
0.135,0.805,986.826,-14.9999,2.99331,246.029,1,-2,0,0.4
0.135,0.815,991.688,-14.9999,2.99569,247.446,1,-2,0,0.4
0.135,0.825,994.888,-15,2.99729,248.403,1,-2,0,0.4
0.135,0.835,996.937,-15,2.99835,249.029,1,-2,0,0.4
0.135,0.845,998.212,-15,2.99902,249.428,1,-2,0,0.4
0.135,0.855,998.985,-15,2.99943,249.673,1,-2,0,0.4
0.135,0.865,999.441,-15,2.99968,249.821,1,-2,0,0.4
0.135,0.875,999.702,-15,2.99982,249.906,1,-2,0,0.4
0.135,0.885,999.849,-15,2.99991,249.955,1,-2,0,0.4
0.135,0.895,999.929,-15,2.99995,249.982,1,-2,0,0.4
0.135,0.905,999.971,-15,2.99997,249.996,1,-2,0,0.4
0.135,0.915,999.993,-15,2.99999,250.004,1,-2,0,0.4
0.135,0.925,1000,-15,2.99999,250.007,1,-2,0,0.4
0.135,0.935,1000.01,-15,3,250.009,1,-2,0,0.4
0.135,0.945,1000.01,-15,3,250.01,1,-2,0,0.4
0.135,0.955,1000.01,-15,3,250.011,1,-2,0,0.4
0.135,0.965,1000.01,-15,3,250.011,1,-2,0,0.4
0.135,0.975,1000.01,-15,3,250.011,1,-2,0,0.4
0.135,0.985,1000.01,-15,3,250.011,1,-2,0,0.4
0.135,0.995,1000.01,-15,3,250.011,1,-2,0,0.4
0.145,0.005,99.5745,2.57086,-14.8984,2528.15,1,-2,0,0.4
0.145,0.015,102.373,2.71829,-14.7907,2586.25,1,-2,0,0.4
0.145,0.025,104.78,2.87256,-14.6812,2641.59,1,-2,0,0.4
0.145,0.035,107.244,3.03422,-14.5484,2708.82,1,-2,0,0.4
0.145,0.045,109.848,3.19865,-14.3907,2789.71,1,-2,0,0.4
0.145,0.055,112.461,3.36236,-14.2162,2878.97,1,-2,0,0.4
0.145,0.065,114.911,3.52345,-14.0315,2970.12,1,-2,0,0.4
0.145,0.075,117.055,3.67975,-13.8387,3057.62,1,-2,0,0.4
0.145,0.085,118.781,3.82794,-13.6369,3136.89,1,-2,0,0.4
0.145,0.095,120.009,3.96402,-13.4242,3204.16,1,-2,0,0.4
0.145,0.105,120.689,4.08426,-13.1991,3256.66,1,-2,0,0.4
0.145,0.115,120.806,4.18588,-12.961,3292.81,1,-2,0,0.4
0.145,0.125,120.382,4.26741,-12.7106,3312.42,1,-2,0,0.4
0.145,0.135,119.469,4.32869,-12.4492,3316.46,1,-2,0,0.4
0.145,0.145,118.143,4.37056,-12.1787,3306.78,1,-2,0,0.4
0.145,0.155,116.491,4.39456,-11.9011,3285.73,1,-2,0,0.4
0.145,0.165,114.602,4.4026,-11.6183,3255.74,1,-2,0,0.4
0.145,0.175,112.564,4.39662,-11.3319,3219.15,1,-2,0,0.4
0.145,0.185,110.455,4.37845,-11.0431,3177.99,1,-2,0,0.4
0.145,0.195,108.345,4.34962,-10.7527,3133.94,1,-2,0,0.4
0.145,0.205,106.296,4.31135,-10.4612,3088.26,1,-2,0,0.4
0.145,0.215,104.358,4.26447,-10.1687,3041.88,1,-2,0,0.4
0.145,0.225,102.575,4.20942,-9.87488,2995.41,1,-2,0,0.4
0.145,0.235,100.983,4.14632,-9.57937,2949.17,1,-2,0,0.4
0.145,0.245,99.6107,4.07493,-9.2816,2903.3,1,-2,0,0.4
0.145,0.255,98.4842,3.99481,-8.98092,2857.74,1,-2,0,0.4
0.145,0.265,97.6235,3.90528,-8.6767,2812.35,1,-2,0,0.4
0.145,0.275,97.0449,3.8056,-8.36834,2766.88,1,-2,0,0.4
0.145,0.285,96.7617,3.69496,-8.05539,2721.05,1,-2,0,0.4
0.145,0.295,96.7837,3.57266,-7.73752,2674.53,1,-2,0,0.4
0.145,0.305,97.1179,3.43807,-7.4146,2627.02,1,-2,0,0.4
0.145,0.315,97.7683,3.29078,-7.08667,2578.21,1,-2,0,0.4
0.145,0.325,98.7355,3.13058,-6.75398,2527.81,1,-2,0,0.4
0.145,0.335,100.016,2.95751,-6.41693,2475.54,1,-2,0,0.4
0.145,0.345,101.603,2.7718,-6.07607,2421.16,1,-2,0,0.4
0.145,0.355,103.506,2.57386,-5.73074,2365.2,1,-2,0,0.4
0.145,0.365,105.741,2.36574,-5.37991,2308.47,1,-2,0,0.4
0.145,0.375,108.213,2.15034,-5.02901,2248.66,1,-2,0,0.4
0.145,0.385,110.88,1.92853,-4.67937,2185.54,1,-2,0,0.4
0.145,0.395,113.68,1.70135,-4.33204,2118.77,1,-2,0,0.4
0.145,0.405,116.535,1.46983,-3.98807,2047.95,1,-2,0,0.4
0.145,0.415,119.345,1.23496,-3.64855,1972.67,1,-2,0,0.4
0.145,0.425,121.987,0.997649,-3.31458,1892.51,1,-2,0,0.4
0.145,0.435,124.322,0.758794,-2.98719,1807.17,1,-2,0,0.4
0.145,0.445,126.202,0.519238,-2.66698,1716.64,1,-2,0,0.4
0.145,0.455,127.469,0.279772,-2.35453,1621.04,1,-2,0,0.4
0.145,0.465,127.968,0.0413991,-2.05042,1520.72,1,-2,0,0.4
0.145,0.475,127.594,-0.194862,-1.7546,1416.78,1,-2,0,0.4
0.145,0.485,126.34,-0.42925,-1.45831,1311.58,1,-2,0,0.4
0.145,0.495,124.164,-0.661571,-1.16395,1206.6,1,-2,0,0.4
0.145,0.505,121.035,-0.891627,-0.870831,1102.98,1,-2,0,0.4
0.145,0.515,116.968,-1.1202,-0.577497,1001.98,1,-2,0,0.4
0.145,0.525,112.045,-1.35098,-0.281651,905.097,1,-2,0,0.4
0.145,0.535,106.435,-1.60147,0.0215561,813.56,1,-2,0,0.4
0.145,0.545,99.638,-1.88077,0.336096,727.073,1,-2,0,0.4
0.145,0.555,90.868,-2.21579,0.664121,649.711,1,-2,0,0.4
0.145,0.565,79.8713,-2.68997,1.00643,587.727,1,-2,0,0.4
0.145,0.575,67.4104,-3.46447,1.37458,550.547,1,-2,0,0.4
0.145,0.585,55.9296,-4.89249,1.83318,543.237,1,-2,0,0.4
0.145,0.595,50.7203,-7.3422,2.47176,545.589,1,-2,0,0.4
0.145,0.605,57.3276,-10.3,3.14366,516.275,1,-2,0,0.4
0.145,0.615,80.576,-12.5743,3.44841,452.548,1,-2,0,0.4
0.145,0.625,122.887,-13.8311,3.36913,373.246,1,-2,0,0.4
0.145,0.635,179.187,-14.4457,3.17639,285.191,1,-2,0,0.4
0.145,0.645,242.857,-14.7369,2.99857,211.83,1,-2,0,0.4
0.145,0.655,309.651,-14.8729,2.88172,165.913,1,-2,0,0.4
0.145,0.665,378.73,-14.9358,2.8259,145.487,1,-2,0,0.4
0.145,0.675,450.236,-14.9653,2.81244,142.224,1,-2,0,0.4
0.145,0.685,523.285,-14.9798,2.82227,148.539,1,-2,0,0.4
0.145,0.695,595.811,-14.9875,2.84253,159.509,1,-2,0,0.4
0.145,0.705,665.294,-14.992,2.86614,172.285,1,-2,0,0.4
0.145,0.715,729.44,-14.9947,2.88955,185.25,1,-2,0,0.4
0.145,0.725,786.559,-14.9965,2.9111,197.479,1,-2,0,0.4
0.145,0.735,835.692,-14.9977,2.93006,208.459,1,-2,0,0.4
0.145,0.745,876.583,-14.9985,2.9462,217.945,1,-2,0,0.4
0.145,0.755,909.551,-14.999,2.95955,225.866,1,-2,0,0.4
0.145,0.765,935.327,-14.9994,2.97031,232.278,1,-2,0,0.4
0.145,0.775,954.889,-14.9996,2.97873,237.313,1,-2,0,0.4
0.145,0.785,969.306,-14.9998,2.98515,241.15,1,-2,0,0.4
0.145,0.795,979.63,-14.9999,2.9899,243.987,1,-2,0,0.4
0.145,0.805,986.817,-14.9999,2.99331,246.023,1,-2,0,0.4
0.145,0.815,991.68,-15,2.99569,247.44,1,-2,0,0.4
0.145,0.825,994.88,-15,2.99729,248.396,1,-2,0,0.4
0.145,0.835,996.928,-15,2.99835,249.023,1,-2,0,0.4
0.145,0.845,998.203,-15,2.99902,249.42,1,-2,0,0.4
0.145,0.855,998.975,-15,2.99943,249.666,1,-2,0,0.4
0.145,0.865,999.43,-15,2.99968,249.813,1,-2,0,0.4
0.145,0.875,999.692,-15,2.99982,249.898,1,-2,0,0.4
0.145,0.885,999.838,-15,2.99991,249.947,1,-2,0,0.4
0.145,0.895,999.918,-15,2.99995,249.973,1,-2,0,0.4
0.145,0.905,999.96,-15,2.99998,249.987,1,-2,0,0.4
0.145,0.915,999.982,-15,2.99999,249.995,1,-2,0,0.4
0.145,0.925,999.993,-15,2.99999,249.998,1,-2,0,0.4
0.145,0.935,999.998,-15,3,250,1,-2,0,0.4
0.145,0.945,1000,-15,3,250.001,1,-2,0,0.4
0.145,0.955,1000,-15,3,250.002,1,-2,0,0.4
0.145,0.965,1000,-15,3,250.002,1,-2,0,0.4
0.145,0.975,1000,-15,3,250.002,1,-2,0,0.4
0.145,0.985,1000,-15,3,250.002,1,-2,0,0.4
0.145,0.995,1000,-15,3,250.002,1,-2,0,0.4
0.155,0.005,96.5007,2.78341,-14.8319,2398.09,1,-2,0,0.4
0.155,0.015,98.9478,2.91769,-14.6965,2452.22,1,-2,0,0.4
0.155,0.025,100.97,3.05549,-14.5629,2500.8,1,-2,0,0.4
0.155,0.035,102.93,3.19809,-14.4134,2555.47,1,-2,0,0.4
0.155,0.045,104.939,3.3427,-14.2446,2619.21,1,-2,0,0.4
0.155,0.055,106.935,3.48697,-14.0618,2689.36,1,-2,0,0.4
0.155,0.065,108.809,3.62995,-13.8706,2761.77,1,-2,0,0.4
0.155,0.075,110.466,3.7708,-13.6737,2832.76,1,-2,0,0.4
0.155,0.085,111.83,3.90769,-13.4708,2899.28,1,-2,0,0.4
0.155,0.095,112.846,4.0378,-13.2604,2958.64,1,-2,0,0.4
0.155,0.105,113.47,4.15785,-13.0405,3008.48,1,-2,0,0.4
0.155,0.115,113.675,4.26471,-12.8098,3046.98,1,-2,0,0.4
0.155,0.125,113.458,4.35599,-12.5678,3073.08,1,-2,0,0.4
0.155,0.135,112.841,4.43025,-12.315,3086.58,1,-2,0,0.4
0.155,0.145,111.865,4.48703,-12.0524,3088.09,1,-2,0,0.4
0.155,0.155,110.59,4.52668,-11.7813,3078.85,1,-2,0,0.4
0.155,0.165,109.082,4.55012,-11.5033,3060.45,1,-2,0,0.4
0.155,0.175,107.413,4.55857,-11.2197,3034.62,1,-2,0,0.4
0.155,0.185,105.652,4.55334,-10.9319,3003.02,1,-2,0,0.4
0.155,0.195,103.863,4.53568,-10.6407,2967.14,1,-2,0,0.4
0.155,0.205,102.105,4.50662,-10.3467,2928.25,1,-2,0,0.4
0.155,0.215,100.427,4.46697,-10.0503,2887.31,1,-2,0,0.4
0.155,0.225,98.8727,4.41722,-9.75149,2845.03,1,-2,0,0.4
0.155,0.235,97.48,4.35757,-9.45008,2801.9,1,-2,0,0.4
0.155,0.245,96.2793,4.28797,-9.14576,2758.19,1,-2,0,0.4
0.155,0.255,95.296,4.20815,-8.83811,2714.01,1,-2,0,0.4
0.155,0.265,94.5509,4.11766,-8.52669,2669.34,1,-2,0,0.4
0.155,0.275,94.0604,4.01599,-8.21112,2624.07,1,-2,0,0.4
0.155,0.285,93.8371,3.90256,-7.89109,2578.03,1,-2,0,0.4
0.155,0.295,93.8902,3.77689,-7.56643,2531,1,-2,0,0.4
0.155,0.305,94.2252,3.63856,-7.2371,2482.75,1,-2,0,0.4
0.155,0.315,94.844,3.48734,-6.90326,2433.02,1,-2,0,0.4
0.155,0.325,95.7448,3.32317,-6.56521,2381.57,1,-2,0,0.4
0.155,0.335,96.9215,3.14617,-6.22343,2328.18,1,-2,0,0.4
0.155,0.345,98.3647,2.95661,-5.87838,2272.67,1,-2,0,0.4
0.155,0.355,100.115,2.75519,-5.52742,2216.65,1,-2,0,0.4
0.155,0.365,102.105,2.545,-5.17435,2158.44,1,-2,0,0.4
0.155,0.375,104.277,2.3276,-4.82217,2097.12,1,-2,0,0.4
0.155,0.385,106.581,2.10385,-4.47195,2032.46,1,-2,0,0.4
0.155,0.395,108.951,1.87481,-4.12471,1964.13,1,-2,0,0.4
0.155,0.405,111.306,1.64148,-3.78151,1891.82,1,-2,0,0.4
0.155,0.415,113.545,1.40487,-3.44334,1815.22,1,-2,0,0.4
0.155,0.425,115.553,1.16595,-3.11117,1734.11,1,-2,0,0.4
0.155,0.435,117.201,0.925691,-2.78587,1648.41,1,-2,0,0.4
0.155,0.445,118.362,0.68509,-2.46785,1558.37,1,-2,0,0.4
0.155,0.455,118.908,0.445068,-2.1574,1464.45,1,-2,0,0.4
0.155,0.465,118.724,0.206708,-1.85464,1367.28,1,-2,0,0.4
0.155,0.475,117.706,-0.0286431,-1.55942,1267.68,1,-2,0,0.4
0.155,0.485,115.855,-0.260551,-1.269,1167.58,1,-2,0,0.4
0.155,0.495,113.18,-0.489348,-0.977204,1068.82,1,-2,0,0.4
0.155,0.505,109.708,-0.715625,-0.68577,972.658,1,-2,0,0.4
0.155,0.515,105.475,-0.941075,-0.393656,880.099,1,-2,0,0.4
0.155,0.525,100.631,-1.17507,-0.0977641,792.548,1,-2,0,0.4
0.155,0.535,95.1344,-1.4334,0.205676,709.691,1,-2,0,0.4
0.155,0.545,88.4288,-1.71628,0.517337,632.943,1,-2,0,0.4
0.155,0.555,79.9447,-2.067,0.835579,566.722,1,-2,0,0.4
0.155,0.565,69.5653,-2.57895,1.15835,516.859,1,-2,0,0.4
0.155,0.575,57.9767,-3.44693,1.50372,491.51,1,-2,0,0.4
0.155,0.585,47.9458,-5.09022,1.95797,491.66,1,-2,0,0.4
0.155,0.595,44.8195,-7.81275,2.60424,492.701,1,-2,0,0.4
0.155,0.605,53.6427,-10.8118,3.22313,460.683,1,-2,0,0.4
0.155,0.615,78.9307,-12.9089,3.43105,401.688,1,-2,0,0.4
0.155,0.625,122.074,-14.0055,3.31236,328.933,1,-2,0,0.4
0.155,0.635,178.01,-14.5299,3.11846,251.303,1,-2,0,0.4
0.155,0.645,240.833,-14.7758,2.95487,189.724,1,-2,0,0.4
0.155,0.655,307.142,-14.8899,2.85449,153.392,1,-2,0,0.4
0.155,0.665,376.362,-14.943,2.8111,139.047,1,-2,0,0.4
0.155,0.675,448.377,-14.9683,2.80505,139.055,1,-2,0,0.4
0.155,0.685,521.982,-14.9811,2.81871,146.983,1,-2,0,0.4
0.155,0.695,594.953,-14.9881,2.84081,158.728,1,-2,0,0.4
0.155,0.705,664.748,-14.9922,2.86529,171.881,1,-2,0,0.4
0.155,0.715,729.1,-14.9948,2.88912,185.035,1,-2,0,0.4
0.155,0.725,786.35,-14.9965,2.91087,197.362,1,-2,0,0.4
0.155,0.735,835.567,-14.9977,2.92994,208.395,1,-2,0,0.4
0.155,0.745,876.509,-14.9985,2.94614,217.909,1,-2,0,0.4
0.155,0.755,909.508,-14.999,2.95952,225.847,1,-2,0,0.4
0.155,0.765,935.303,-14.9994,2.97029,232.268,1,-2,0,0.4
0.155,0.775,954.875,-14.9996,2.97872,237.307,1,-2,0,0.4
0.155,0.785,969.298,-14.9998,2.98514,241.146,1,-2,0,0.4
0.155,0.795,979.626,-14.9999,2.9899,243.985,1,-2,0,0.4
0.155,0.805,986.814,-14.9999,2.99331,246.021,1,-2,0,0.4
0.155,0.815,991.677,-15,2.99569,247.438,1,-2,0,0.4
0.155,0.825,994.877,-15,2.99729,248.395,1,-2,0,0.4
0.155,0.835,996.926,-15,2.99835,249.021,1,-2,0,0.4
0.155,0.845,998.201,-15,2.99902,249.419,1,-2,0,0.4
0.155,0.855,998.973,-15,2.99943,249.664,1,-2,0,0.4
0.155,0.865,999.428,-15,2.99968,249.811,1,-2,0,0.4
0.155,0.875,999.69,-15,2.99983,249.897,1,-2,0,0.4
0.155,0.885,999.836,-15,2.99991,249.945,1,-2,0,0.4
0.155,0.895,999.915,-15,2.99995,249.972,1,-2,0,0.4
0.155,0.905,999.958,-15,2.99998,249.986,1,-2,0,0.4
0.155,0.915,999.979,-15,2.99999,249.993,1,-2,0,0.4
0.155,0.925,999.99,-15,2.99999,249.997,1,-2,0,0.4
0.155,0.935,999.996,-15,3,249.999,1,-2,0,0.4
0.155,0.945,999.998,-15,3,250,1,-2,0,0.4
0.155,0.955,1000,-15,3,250,1,-2,0,0.4
0.155,0.965,1000,-15,3,250,1,-2,0,0.4
0.155,0.975,1000,-15,3,250,1,-2,0,0.4
0.155,0.985,1000,-15,3,250,1,-2,0,0.4
0.155,0.995,1000,-15,3,250,1,-2,0,0.4
0.165,0.005,93.4878,2.99358,-14.7559,2279.29,1,-2,0,0.4
0.165,0.015,95.6465,3.11845,-14.6002,2329.97,1,-2,0,0.4
0.165,0.025,97.3736,3.24463,-14.4482,2373.68,1,-2,0,0.4
0.165,0.035,98.9609,3.37357,-14.2854,2419.61,1,-2,0,0.4
0.165,0.045,100.526,3.50352,-14.1073,2471.07,1,-2,0,0.4
0.165,0.055,102.048,3.63276,-13.917,2526.91,1,-2,0,0.4
0.165,0.065,103.459,3.76079,-13.7194,2584.49,1,-2,0,0.4
0.165,0.075,104.697,3.88748,-13.5171,2641.35,1,-2,0,0.4
0.165,0.085,105.716,4.01214,-13.3107,2695.51,1,-2,0,0.4
0.165,0.095,106.482,4.13315,-13.0989,2745.27,1,-2,0,0.4
0.165,0.105,106.968,4.2481,-12.8802,2788.99,1,-2,0,0.4
0.165,0.115,107.151,4.35427,-12.6529,2825.14,1,-2,0,0.4
0.165,0.125,107.02,4.44906,-12.4161,2852.51,1,-2,0,0.4
0.165,0.135,106.58,4.5304,-12.1693,2870.36,1,-2,0,0.4
0.165,0.145,105.85,4.59693,-11.9128,2878.49,1,-2,0,0.4
0.165,0.155,104.865,4.64798,-11.6473,2877.3,1,-2,0,0.4
0.165,0.165,103.672,4.68354,-11.3738,2867.57,1,-2,0,0.4
0.165,0.175,102.324,4.70402,-11.0934,2850.4,1,-2,0,0.4
0.165,0.185,100.876,4.71013,-10.8072,2826.98,1,-2,0,0.4
0.165,0.195,99.3845,4.70265,-10.5161,2798.49,1,-2,0,0.4
0.165,0.205,97.9012,4.68234,-10.2208,2766.03,1,-2,0,0.4
0.165,0.215,96.4732,4.64983,-9.92179,2730.5,1,-2,0,0.4
0.165,0.225,95.1424,4.60558,-9.61922,2692.64,1,-2,0,0.4
0.165,0.235,93.9448,4.54981,-9.31314,2652.99,1,-2,0,0.4
0.165,0.245,92.9111,4.48257,-9.00347,2611.92,1,-2,0,0.4
0.165,0.255,92.0665,4.40374,-8.69,2569.64,1,-2,0,0.4
0.165,0.265,91.4317,4.31305,-8.37251,2526.26,1,-2,0,0.4
0.165,0.275,91.0229,4.21016,-8.05079,2481.75,1,-2,0,0.4
0.165,0.285,90.8521,4.09474,-7.72471,2436.05,1,-2,0,0.4
0.165,0.295,90.9274,3.96647,-7.39424,2389.03,1,-2,0,0.4
0.165,0.305,91.2529,3.82516,-7.05948,2340.52,1,-2,0,0.4
0.165,0.315,91.8291,3.67072,-6.72069,2290.34,1,-2,0,0.4
0.165,0.325,92.6516,3.50322,-6.37824,2238.3,1,-2,0,0.4
0.165,0.335,93.712,3.32286,-6.03266,2184.21,1,-2,0,0.4
0.165,0.345,95.0162,3.12993,-5.68336,2128.53,1,-2,0,0.4
0.165,0.355,96.5809,2.92608,-5.32899,2072.13,1,-2,0,0.4
0.165,0.365,98.3151,2.71416,-4.97482,2012.87,1,-2,0,0.4
0.165,0.375,100.179,2.49504,-4.62224,1950.54,1,-2,0,0.4
0.165,0.385,102.118,2.2697,-4.2723,1884.91,1,-2,0,0.4
0.165,0.395,104.065,2.03918,-3.92599,1815.72,1,-2,0,0.4
0.165,0.405,105.938,1.80452,-3.58428,1742.75,1,-2,0,0.4
0.165,0.415,107.642,1.56678,-3.24807,1665.86,1,-2,0,0.4
0.165,0.425,109.071,1.32698,-2.91818,1585.01,1,-2,0,0.4
0.165,0.435,110.113,1.08622,-2.59526,1500.34,1,-2,0,0.4
0.165,0.445,110.66,0.845628,-2.27958,1412.27,1,-2,0,0.4
0.165,0.455,110.613,0.606245,-1.97111,1321.43,1,-2,0,0.4
0.165,0.465,109.887,0.369177,-1.66969,1228.65,1,-2,0,0.4
0.165,0.475,108.423,0.13551,-1.37503,1134.88,1,-2,0,0.4
0.165,0.485,106.184,-0.0937705,-1.08683,1041.13,1,-2,0,0.4
0.165,0.495,103.207,-0.319103,-0.799009,949.242,1,-2,0,0.4
0.165,0.505,99.5575,-0.54183,-0.509765,860.661,1,-2,0,0.4
0.165,0.515,95.3249,-0.765822,-0.219135,776.524,1,-2,0,0.4
0.165,0.525,90.6748,-1.00886,0.0762462,697.361,1,-2,0,0.4
0.165,0.535,85.2934,-1.26798,0.377574,622.855,1,-2,0,0.4
0.165,0.545,78.8431,-1.55694,0.682163,555.726,1,-2,0,0.4
0.165,0.555,70.8018,-1.92545,0.985518,500.009,1,-2,0,0.4
0.165,0.565,61.0633,-2.47846,1.28455,461.045,1,-2,0,0.4
0.165,0.575,50.3038,-3.45236,1.6087,445.3,1,-2,0,0.4
0.165,0.585,41.6566,-5.32887,2.06591,450.006,1,-2,0,0.4
0.165,0.595,40.4065,-8.29213,2.71853,448.585,1,-2,0,0.4
0.165,0.605,51.1189,-11.2681,3.27721,414.944,1,-2,0,0.4
0.165,0.615,78.0301,-13.1829,3.40242,360.264,1,-2,0,0.4
0.165,0.625,121.642,-14.1433,3.25751,293.056,1,-2,0,0.4
0.165,0.635,177.071,-14.5952,3.06692,224.363,1,-2,0,0.4
0.165,0.645,239.1,-14.8054,2.91774,172.488,1,-2,0,0.4
0.165,0.655,305.025,-14.9028,2.8321,143.758,1,-2,0,0.4
0.165,0.665,374.404,-14.9484,2.79918,134.103,1,-2,0,0.4
0.165,0.675,446.854,-14.9705,2.79913,136.599,1,-2,0,0.4
0.165,0.685,520.912,-14.982,2.81583,145.755,1,-2,0,0.4
0.165,0.695,594.241,-14.9885,2.8394,158.097,1,-2,0,0.4
0.165,0.705,664.288,-14.9924,2.86458,171.546,1,-2,0,0.4
0.165,0.715,728.808,-14.9949,2.88875,184.852,1,-2,0,0.4
0.165,0.725,786.169,-14.9966,2.91068,197.261,1,-2,0,0.4
0.165,0.735,835.457,-14.9977,2.92984,208.34,1,-2,0,0.4
0.165,0.745,876.444,-14.9985,2.94608,217.879,1,-2,0,0.4
0.165,0.755,909.471,-14.999,2.95949,225.831,1,-2,0,0.4
0.165,0.765,935.283,-14.9994,2.97028,232.259,1,-2,0,0.4
0.165,0.775,954.864,-14.9996,2.97872,237.302,1,-2,0,0.4
0.165,0.785,969.292,-14.9998,2.98514,241.144,1,-2,0,0.4
0.165,0.795,979.623,-14.9999,2.98989,243.984,1,-2,0,0.4
0.165,0.805,986.812,-14.9999,2.99331,246.02,1,-2,0,0.4
0.165,0.815,991.676,-15,2.99569,247.438,1,-2,0,0.4
0.165,0.825,994.877,-15,2.99729,248.394,1,-2,0,0.4
0.165,0.835,996.925,-15,2.99835,249.021,1,-2,0,0.4
0.165,0.845,998.2,-15,2.99902,249.419,1,-2,0,0.4
0.165,0.855,998.973,-15,2.99943,249.664,1,-2,0,0.4
0.165,0.865,999.428,-15,2.99968,249.811,1,-2,0,0.4
0.165,0.875,999.689,-15,2.99983,249.896,1,-2,0,0.4
0.165,0.885,999.835,-15,2.99991,249.945,1,-2,0,0.4
0.165,0.895,999.915,-15,2.99995,249.971,1,-2,0,0.4
0.165,0.905,999.957,-15,2.99998,249.985,1,-2,0,0.4
0.165,0.915,999.979,-15,2.99999,249.993,1,-2,0,0.4
0.165,0.925,999.99,-15,2.99999,249.997,1,-2,0,0.4
0.165,0.935,999.995,-15,3,249.998,1,-2,0,0.4
0.165,0.945,999.998,-15,3,249.999,1,-2,0,0.4
0.165,0.955,999.999,-15,3,250,1,-2,0,0.4
0.165,0.965,1000,-15,3,250,1,-2,0,0.4
0.165,0.975,1000,-15,3,250,1,-2,0,0.4
0.165,0.985,1000,-15,3,250,1,-2,0,0.4
0.165,0.995,1000,-15,3,250,1,-2,0,0.4
0.175,0.005,90.511,3.20018,-14.6722,2168.77,1,-2,0,0.4
0.175,0.015,92.428,3.31812,-14.5012,2216.33,1,-2,0,0.4
0.175,0.025,93.9229,3.43597,-14.3351,2256.33,1,-2,0,0.4
0.175,0.035,95.2313,3.5551,-14.1615,2296.05,1,-2,0,0.4
0.175,0.045,96.4656,3.67437,-13.9758,2338.69,1,-2,0,0.4
0.175,0.055,97.6304,3.79241,-13.7794,2383.99,1,-2,0,0.4
0.175,0.065,98.6846,3.90883,-13.576,2430.26,1,-2,0,0.4
0.175,0.075,99.5869,4.0238,-13.3683,2475.81,1,-2,0,0.4
0.175,0.085,100.31,4.13727,-13.1572,2519.33,1,-2,0,0.4
0.175,0.095,100.838,4.2485,-12.9423,2559.8,1,-2,0,0.4
0.175,0.105,101.158,4.35598,-12.722,2596.23,1,-2,0,0.4
0.175,0.115,101.258,4.45767,-12.4951,2627.58,1,-2,0,0.4
0.175,0.125,101.13,4.55128,-12.2603,2652.85,1,-2,0,0.4
0.175,0.135,100.773,4.63467,-12.0167,2671.2,1,-2,0,0.4
0.175,0.145,100.195,4.70601,-11.7641,2682.1,1,-2,0,0.4
0.175,0.155,99.4149,4.76401,-11.5026,2685.4,1,-2,0,0.4
0.175,0.165,98.4615,4.80789,-11.2328,2681.32,1,-2,0,0.4
0.175,0.175,97.3725,4.83736,-10.9552,2670.38,1,-2,0,0.4
0.175,0.185,96.1903,4.85246,-10.6709,2653.31,1,-2,0,0.4
0.175,0.195,94.9593,4.85348,-10.3804,2630.92,1,-2,0,0.4
0.175,0.205,93.7237,4.84079,-10.0846,2604.06,1,-2,0,0.4
0.175,0.215,92.5251,4.81478,-9.78383,2573.49,1,-2,0,0.4
0.175,0.225,91.4015,4.77574,-9.47855,2539.87,1,-2,0,0.4
0.175,0.235,90.3867,4.72387,-9.16892,2503.75,1,-2,0,0.4
0.175,0.245,89.5097,4.65925,-8.85503,2465.51,1,-2,0,0.4
0.175,0.255,88.7948,4.58182,-8.53688,2425.44,1,-2,0,0.4
0.175,0.265,88.262,4.49147,-8.21443,2383.7,1,-2,0,0.4
0.175,0.275,87.9265,4.38801,-7.88766,2340.36,1,-2,0,0.4
0.175,0.285,87.7995,4.27128,-7.5566,2295.44,1,-2,0,0.4
0.175,0.295,87.8881,4.14114,-7.22139,2248.86,1,-2,0,0.4
0.175,0.305,88.1952,3.99755,-6.88224,2200.54,1,-2,0,0.4
0.175,0.315,88.7193,3.84059,-6.53951,2150.35,1,-2,0,0.4
0.175,0.325,89.4546,3.67042,-6.19366,2098.17,1,-2,0,0.4
0.175,0.335,90.3906,3.48731,-5.84525,2043.85,1,-2,0,0.4
0.175,0.345,91.5612,3.29174,-5.49183,1988.8,1,-2,0,0.4
0.175,0.355,92.9159,3.08644,-5.13622,1931.92,1,-2,0,0.4
0.175,0.365,94.393,2.87319,-4.78182,1872.17,1,-2,0,0.4
0.175,0.375,95.9512,2.65286,-4.42967,1809.42,1,-2,0,0.4
0.175,0.385,97.5353,2.42646,-4.08076,1743.49,1,-2,0,0.4
0.175,0.395,99.0786,2.19508,-3.73604,1674.22,1,-2,0,0.4
0.175,0.405,100.503,1.95981,-3.39638,1601.52,1,-2,0,0.4
0.175,0.415,101.722,1.72174,-3.06255,1525.38,1,-2,0,0.4
0.175,0.425,102.641,1.482,-2.7352,1445.95,1,-2,0,0.4
0.175,0.435,103.165,1.24176,-2.4148,1363.51,1,-2,0,0.4
0.175,0.445,103.207,1.00224,-2.10143,1278.6,1,-2,0,0.4
0.175,0.455,102.69,0.76451,-1.79492,1191.95,1,-2,0,0.4
0.175,0.465,101.556,0.529616,-1.49491,1104.4,1,-2,0,0.4
0.175,0.475,99.7665,0.29847,-1.20088,1016.86,1,-2,0,0.4
0.175,0.485,97.308,0.0717514,-0.912282,930.257,1,-2,0,0.4
0.175,0.495,94.204,-0.150619,-0.628619,845.68,1,-2,0,0.4
0.175,0.505,90.508,-0.370627,-0.342603,764.562,1,-2,0,0.4
0.175,0.515,86.423,-0.59917,-0.0536524,688.401,1,-2,0,0.4
0.175,0.525,81.9239,-0.845605,0.239824,616.683,1,-2,0,0.4
0.175,0.535,76.7681,-1.10609,0.536063,550.398,1,-2,0,0.4
0.175,0.545,70.6672,-1.40278,0.829742,492.375,1,-2,0,0.4
0.175,0.555,63.1367,-1.79065,1.11394,446.249,1,-2,0,0.4
0.175,0.565,53.9918,-2.38833,1.38711,416.734,1,-2,0,0.4
0.175,0.575,44.0008,-3.48167,1.6946,408.425,1,-2,0,0.4
0.175,0.585,36.6662,-5.60449,2.16221,415.494,1,-2,0,0.4
0.175,0.595,37.0893,-8.76724,2.81746,411.186,1,-2,0,0.4
0.175,0.605,49.4118,-11.6699,3.31139,376.772,1,-2,0,0.4
0.175,0.615,77.6065,-13.4084,3.36731,325.862,1,-2,0,0.4
0.175,0.625,121.421,-14.2538,3.20544,263.454,1,-2,0,0.4
0.175,0.635,176.266,-14.6468,3.02103,202.54,1,-2,0,0.4
0.175,0.645,237.581,-14.8285,2.88598,158.789,1,-2,0,0.4
0.175,0.655,303.218,-14.9127,2.81351,136.19,1,-2,0,0.4
0.175,0.665,372.766,-14.9525,2.78944,130.22,1,-2,0,0.4
0.175,0.675,445.59,-14.9722,2.7943,134.649,1,-2,0,0.4
0.175,0.685,520.018,-14.9828,2.81346,144.761,1,-2,0,0.4
0.175,0.695,593.638,-14.9888,2.83822,157.573,1,-2,0,0.4
0.175,0.705,663.892,-14.9925,2.86398,171.262,1,-2,0,0.4
0.175,0.715,728.554,-14.995,2.88844,184.695,1,-2,0,0.4
0.175,0.725,786.01,-14.9966,2.91051,197.173,1,-2,0,0.4
0.175,0.735,835.36,-14.9977,2.92975,208.291,1,-2,0,0.4
0.175,0.745,876.387,-14.9985,2.94603,217.852,1,-2,0,0.4
0.175,0.755,909.438,-14.999,2.95947,225.816,1,-2,0,0.4
0.175,0.765,935.265,-14.9994,2.97026,232.251,1,-2,0,0.4
0.175,0.775,954.855,-14.9996,2.97871,237.299,1,-2,0,0.4
0.175,0.785,969.288,-14.9998,2.98514,241.142,1,-2,0,0.4
0.175,0.795,979.62,-14.9999,2.98989,243.983,1,-2,0,0.4
0.175,0.805,986.811,-14.9999,2.99331,246.02,1,-2,0,0.4
0.175,0.815,991.676,-15,2.99569,247.438,1,-2,0,0.4
0.175,0.825,994.877,-15,2.99729,248.394,1,-2,0,0.4
0.175,0.835,996.925,-15,2.99835,249.021,1,-2,0,0.4
0.175,0.845,998.2,-15,2.99902,249.419,1,-2,0,0.4
0.175,0.855,998.973,-15,2.99943,249.664,1,-2,0,0.4
0.175,0.865,999.428,-15,2.99968,249.811,1,-2,0,0.4
0.175,0.875,999.689,-15,2.99983,249.896,1,-2,0,0.4
0.175,0.885,999.835,-15,2.99991,249.945,1,-2,0,0.4
0.175,0.895,999.915,-15,2.99995,249.971,1,-2,0,0.4
0.175,0.905,999.957,-15,2.99998,249.985,1,-2,0,0.4
0.175,0.915,999.979,-15,2.99999,249.993,1,-2,0,0.4
0.175,0.925,999.99,-15,2.99999,249.997,1,-2,0,0.4
0.175,0.935,999.995,-15,3,249.998,1,-2,0,0.4
0.175,0.945,999.998,-15,3,249.999,1,-2,0,0.4
0.175,0.955,999.999,-15,3,250,1,-2,0,0.4
0.175,0.965,1000,-15,3,250,1,-2,0,0.4
0.175,0.975,1000,-15,3,250,1,-2,0,0.4
0.175,0.985,1000,-15,3,250,1,-2,0,0.4
0.175,0.995,1000,-15,3,250,1,-2,0,0.4
0.185,0.005,87.561,3.40262,-14.5822,2064.7,1,-2,0,0.4
0.185,0.015,89.2714,3.51528,-14.3995,2109.32,1,-2,0,0.4
0.185,0.025,90.5786,3.62698,-14.2223,2146.29,1,-2,0,0.4
0.185,0.035,91.6738,3.73895,-14.04,2181.42,1,-2,0,0.4
0.185,0.045,92.6604,3.85041,-13.8479,2217.62,1,-2,0,0.4
0.185,0.055,93.5573,3.9602,-13.6465,2255.13,1,-2,0,0.4
0.185,0.065,94.3415,4.06791,-13.4383,2292.9,1,-2,0,0.4
0.185,0.075,94.9856,4.17372,-13.2257,2329.7,1,-2,0,0.4
0.185,0.085,95.4735,4.27785,-13.01,2364.64,1,-2,0,0.4
0.185,0.095,95.7991,4.38008,-12.7909,2397.08,1,-2,0,0.4
0.185,0.105,95.961,4.4796,-12.5677,2426.49,1,-2,0,0.4
0.185,0.115,95.958,4.57502,-12.3391,2452.26,1,-2,0,0.4
0.185,0.125,95.7884,4.66457,-12.1039,2473.72,1,-2,0,0.4
0.185,0.135,95.4522,4.74633,-11.8612,2490.18,1,-2,0,0.4
0.185,0.145,94.9537,4.81847,-11.6104,2501.07,1,-2,0,0.4
0.185,0.155,94.3034,4.87938,-11.3511,2506.02,1,-2,0,0.4
0.185,0.165,93.5194,4.92784,-11.0836,2504.89,1,-2,0,0.4
0.185,0.175,92.6266,4.96299,-10.8081,2497.82,1,-2,0,0.4
0.185,0.185,91.6555,4.98435,-10.5252,2485.12,1,-2,0,0.4
0.185,0.195,90.6401,4.99169,-10.2355,2467.3,1,-2,0,0.4
0.185,0.205,89.6157,4.98499,-9.93948,2444.9,1,-2,0,0.4
0.185,0.215,88.6171,4.96431,-9.63768,2418.5,1,-2,0,0.4
0.185,0.225,87.6773,4.92976,-9.3305,2388.64,1,-2,0,0.4
0.185,0.235,86.8263,4.88142,-9.01825,2355.78,1,-2,0,0.4
0.185,0.245,86.0904,4.81931,-8.70116,2320.32,1,-2,0,0.4
0.185,0.255,85.492,4.74344,-8.37938,2282.53,1,-2,0,0.4
0.185,0.265,85.0495,4.65374,-8.05305,2242.63,1,-2,0,0.4
0.185,0.275,84.777,4.55017,-7.72232,2200.73,1,-2,0,0.4
0.185,0.285,84.6843,4.43267,-7.38737,2156.89,1,-2,0,0.4
0.185,0.295,84.7775,4.30128,-7.04848,2111.11,1,-2,0,0.4
0.185,0.305,85.058,4.15608,-6.70598,2063.36,1,-2,0,0.4
0.185,0.315,85.5229,3.99726,-6.36033,2013.58,1,-2,0,0.4
0.185,0.325,86.1648,3.82508,-6.01208,1961.66,1,-2,0,0.4
0.185,0.335,86.9828,3.63986,-5.6611,1907.9,1,-2,0,0.4
0.185,0.345,88.0047,3.44272,-5.30526,1853.51,1,-2,0,0.4
0.185,0.355,89.1478,3.23665,-4.94956,1796.6,1,-2,0,0.4
0.185,0.365,90.3733,3.02267,-4.59571,1736.93,1,-2,0,0.4
0.185,0.375,91.6378,2.80177,-4.2447,1674.4,1,-2,0,0.4
0.185,0.385,92.8868,2.57503,-3.89747,1608.9,1,-2,0,0.4
0.185,0.395,94.057,2.34357,-3.55486,1540.37,1,-2,0,0.4
0.185,0.405,95.0765,2.10851,-3.21764,1468.83,1,-2,0,0.4
0.185,0.415,95.8677,1.87103,-2.88645,1394.41,1,-2,0,0.4
0.185,0.425,96.3503,1.63232,-2.56176,1317.38,1,-2,0,0.4
0.185,0.435,96.445,1.39359,-2.24389,1238.13,1,-2,0,0.4
0.185,0.445,96.0818,1.15607,-1.93278,1157.25,1,-2,0,0.4
0.185,0.455,95.2045,0.920815,-1.62816,1075.46,1,-2,0,0.4
0.185,0.465,93.7736,0.68874,-1.32957,993.589,1,-2,0,0.4
0.185,0.475,91.7692,0.460525,-1.03645,912.467,1,-2,0,0.4
0.185,0.485,89.1936,0.236486,-0.748295,832.934,1,-2,0,0.4
0.185,0.495,86.0698,0.0164022,-0.464649,755.771,1,-2,0,0.4
0.185,0.505,82.4808,-0.203357,-0.183684,682.209,1,-2,0,0.4
0.185,0.515,78.5937,-0.439347,0.102762,613.07,1,-2,0,0.4
0.185,0.525,74.2426,-0.684608,0.392387,548.362,1,-2,0,0.4
0.185,0.535,69.4006,-0.947974,0.680481,489.94,1,-2,0,0.4
0.185,0.545,63.6986,-1.25366,0.959839,440.307,1,-2,0,0.4
0.185,0.555,56.6753,-1.66206,1.2217,402.722,1,-2,0,0.4
0.185,0.565,48.0479,-2.30869,1.46915,381.137,1,-2,0,0.4
0.185,0.575,38.7708,-3.5362,1.7664,378.353,1,-2,0,0.4
0.185,0.585,32.6801,-5.91246,2.25054,386.257,1,-2,0,0.4
0.185,0.595,34.5876,-9.22821,2.90287,379.056,1,-2,0,0.4
0.185,0.605,48.2964,-12.0211,3.32924,344.575,1,-2,0,0.4
0.185,0.615,77.4724,-13.5958,3.32906,296.657,1,-2,0,0.4
0.185,0.625,121.306,-14.3437,3.1564,238.627,1,-2,0,0.4
0.185,0.635,175.539,-14.6882,2.98007,184.596,1,-2,0,0.4
0.185,0.645,236.231,-14.8468,2.85869,147.736,1,-2,0,0.4
0.185,0.655,301.663,-14.9205,2.79795,130.148,1,-2,0,0.4
0.185,0.665,371.383,-14.9558,2.78139,127.115,1,-2,0,0.4
0.185,0.675,444.526,-14.9736,2.79031,133.069,1,-2,0,0.4
0.185,0.685,519.26,-14.9833,2.81148,143.939,1,-2,0,0.4
0.185,0.695,593.118,-14.9891,2.83721,157.13,1,-2,0,0.4
0.185,0.705,663.544,-14.9927,2.86345,171.016,1,-2,0,0.4
0.185,0.715,728.327,-14.995,2.88815,184.556,1,-2,0,0.4
0.185,0.725,785.867,-14.9966,2.91036,197.095,1,-2,0,0.4
0.185,0.735,835.273,-14.9977,2.92966,208.247,1,-2,0,0.4
0.185,0.745,876.336,-14.9985,2.94599,217.828,1,-2,0,0.4
0.185,0.755,909.41,-14.999,2.95945,225.804,1,-2,0,0.4
0.185,0.765,935.249,-14.9994,2.97025,232.245,1,-2,0,0.4
0.185,0.775,954.846,-14.9996,2.9787,237.295,1,-2,0,0.4
0.185,0.785,969.283,-14.9998,2.98514,241.14,1,-2,0,0.4
0.185,0.795,979.618,-14.9999,2.98989,243.982,1,-2,0,0.4
0.185,0.805,986.81,-14.9999,2.99331,246.02,1,-2,0,0.4
0.185,0.815,991.675,-15,2.99569,247.437,1,-2,0,0.4
0.185,0.825,994.876,-15,2.99729,248.394,1,-2,0,0.4
0.185,0.835,996.925,-15,2.99835,249.021,1,-2,0,0.4
0.185,0.845,998.2,-15,2.99902,249.419,1,-2,0,0.4
0.185,0.855,998.973,-15,2.99943,249.664,1,-2,0,0.4
0.185,0.865,999.428,-15,2.99968,249.811,1,-2,0,0.4
0.185,0.875,999.689,-15,2.99983,249.896,1,-2,0,0.4
0.185,0.885,999.835,-15,2.99991,249.945,1,-2,0,0.4
0.185,0.895,999.915,-15,2.99995,249.971,1,-2,0,0.4
0.185,0.905,999.957,-15,2.99998,249.985,1,-2,0,0.4
0.185,0.915,999.979,-15,2.99999,249.993,1,-2,0,0.4
0.185,0.925,999.99,-15,2.99999,249.996,1,-2,0,0.4
0.185,0.935,999.995,-15,3,249.998,1,-2,0,0.4
0.185,0.945,999.998,-15,3,249.999,1,-2,0,0.4
0.185,0.955,999.999,-15,3,250,1,-2,0,0.4
0.185,0.965,1000,-15,3,250,1,-2,0,0.4
0.185,0.975,1000,-15,3,250,1,-2,0,0.4
0.185,0.985,1000,-15,3,250,1,-2,0,0.4
0.185,0.995,1000,-15,3,250,1,-2,0,0.4
0.195,0.005,84.638,3.60068,-14.4871,1965.9,1,-2,0,0.4
0.195,0.015,86.1692,3.70913,-14.2953,2007.71,1,-2,0,0.4
0.195,0.025,87.3207,3.81612,-14.109,2042.08,1,-2,0,0.4
0.195,0.035,88.249,3.92272,-13.9196,2073.64,1,-2,0,0.4
0.195,0.045,89.0471,4.02835,-13.7223,2104.99,1,-2,0,0.4
0.195,0.055,89.7422,4.13202,-13.5166,2136.65,1,-2,0,0.4
0.195,0.065,90.3237,4.23324,-13.3044,2167.99,1,-2,0,0.4
0.195,0.075,90.7737,4.33208,-13.0877,2198.11,1,-2,0,0.4
0.195,0.085,91.0822,4.4288,-12.8677,2226.33,1,-2,0,0.4
0.195,0.095,91.2488,4.52344,-12.6445,2252.25,1,-2,0,0.4
0.195,0.105,91.2785,4.61559,-12.4176,2275.58,1,-2,0,0.4
0.195,0.115,91.1773,4.70437,-12.1862,2296.01,1,-2,0,0.4
0.195,0.125,90.9501,4.78852,-11.9491,2313.16,1,-2,0,0.4
0.195,0.135,90.6009,4.86647,-11.7055,2326.59,1,-2,0,0.4
0.195,0.145,90.1347,4.93657,-11.4546,2335.81,1,-2,0,0.4
0.195,0.155,89.5591,4.99723,-11.196,2340.43,1,-2,0,0.4
0.195,0.165,88.8863,5.04702,-10.9294,2340.19,1,-2,0,0.4
0.195,0.175,88.1329,5.08478,-10.655,2334.98,1,-2,0,0.4
0.195,0.185,87.3204,5.10961,-10.373,2324.86,1,-2,0,0.4
0.195,0.195,86.4738,5.12091,-10.0837,2310.05,1,-2,0,0.4
0.195,0.205,85.6202,5.11826,-9.78753,2290.87,1,-2,0,0.4
0.195,0.215,84.7875,5.10143,-9.48501,2267.68,1,-2,0,0.4
0.195,0.225,84.0029,5.07029,-9.1765,2240.89,1,-2,0,0.4
0.195,0.235,83.2919,5.02475,-8.86236,2210.85,1,-2,0,0.4
0.195,0.245,82.6773,4.96477,-8.54291,2177.89,1,-2,0,0.4
0.195,0.255,82.1788,4.89031,-8.21845,2142.29,1,-2,0,0.4
0.195,0.265,81.8125,4.80137,-7.88923,2104.24,1,-2,0,0.4
0.195,0.275,81.5909,4.69794,-7.55555,2063.9,1,-2,0,0.4
0.195,0.285,81.5224,4.58009,-7.21774,2021.35,1,-2,0,0.4
0.195,0.295,81.6114,4.44795,-6.87619,1976.64,1,-2,0,0.4
0.195,0.305,81.8582,4.30171,-6.53136,1929.78,1,-2,0,0.4
0.195,0.315,82.2586,4.14165,-6.18378,1880.74,1,-2,0,0.4
0.195,0.325,82.804,3.96811,-5.83407,1829.5,1,-2,0,0.4
0.195,0.335,83.5138,3.78148,-5.48071,1777,1,-2,0,0.4
0.195,0.345,84.3739,3.58389,-5.12431,1723.27,1,-2,0,0.4
0.195,0.355,85.3129,3.37764,-4.7693,1666.89,1,-2,0,0.4
0.195,0.365,86.2986,3.16363,-4.4167,1607.88,1,-2,0,0.4
0.195,0.375,87.288,2.94292,-4.06744,1546.2,1,-2,0,0.4
0.195,0.385,88.2294,2.71663,-3.72237,1481.82,1,-2,0,0.4
0.195,0.395,89.0639,2.48592,-3.38225,1414.78,1,-2,0,0.4
0.195,0.405,89.7273,2.25196,-3.04773,1345.19,1,-2,0,0.4
0.195,0.415,90.1519,2.01598,-2.71932,1273.29,1,-2,0,0.4
0.195,0.425,90.2702,1.7792,-2.39734,1199.41,1,-2,0,0.4
0.195,0.435,90.0177,1.54282,-2.08197,1124.02,1,-2,0,0.4
0.195,0.445,89.3396,1.30803,-1.77309,1047.7,1,-2,0,0.4
0.195,0.455,88.1948,1.07582,-1.47034,971.14,1,-2,0,0.4
0.195,0.465,86.5581,0.84693,-1.17326,895.09,1,-2,0,0.4
0.195,0.475,84.4231,0.621823,-0.881305,820.304,1,-2,0,0.4
0.195,0.485,81.8037,0.400523,-0.594043,747.531,1,-2,0,0.4
0.195,0.495,78.7406,0.182125,-0.311187,677.545,1,-2,0,0.4
0.195,0.505,75.3669,-0.0433419,-0.0314187,611.252,1,-2,0,0.4
0.195,0.515,71.6526,-0.280994,0.250096,548.519,1,-2,0,0.4
0.195,0.525,67.5255,-0.526349,0.53344,490.553,1,-2,0,0.4
0.195,0.535,63.0358,-0.793687,0.810627,439.428,1,-2,0,0.4
0.195,0.545,57.7505,-1.10932,1.0727,397.378,1,-2,0,0.4
0.195,0.555,51.1848,-1.53918,1.31029,367.238,1,-2,0,0.4
0.195,0.565,42.9922,-2.24006,1.5342,352.11,1,-2,0,0.4
0.195,0.575,34.3904,-3.61754,1.82844,353.281,1,-2,0,0.4
0.195,0.585,29.4773,-6.24772,2.33335,361.014,1,-2,0,0.4
0.195,0.595,32.699,-9.66824,2.9761,351.126,1,-2,0,0.4
0.195,0.605,47.6043,-12.3274,3.33429,317.021,1,-2,0,0.4
0.195,0.615,77.5129,-13.7529,3.28925,271.463,1,-2,0,0.4
0.195,0.625,121.234,-14.4179,3.11037,217.531,1,-2,0,0.4
0.195,0.635,174.858,-14.7219,2.94346,169.669,1,-2,0,0.4
0.195,0.645,235.024,-14.8616,2.83516,138.715,1,-2,0,0.4
0.195,0.655,300.321,-14.9267,2.78485,125.263,1,-2,0,0.4
0.195,0.665,370.21,-14.9583,2.77467,124.596,1,-2,0,0.4
0.195,0.675,443.623,-14.9747,2.78696,131.768,1,-2,0,0.4
0.195,0.685,518.607,-14.9838,2.80978,143.246,1,-2,0,0.4
0.195,0.695,592.663,-14.9893,2.83633,156.749,1,-2,0,0.4
0.195,0.705,663.235,-14.9928,2.86298,170.8,1,-2,0,0.4
0.195,0.715,728.124,-14.9951,2.8879,184.433,1,-2,0,0.4
0.195,0.725,785.738,-14.9967,2.91022,197.025,1,-2,0,0.4
0.195,0.735,835.194,-14.9978,2.92959,208.208,1,-2,0,0.4
0.195,0.745,876.29,-14.9985,2.94595,217.807,1,-2,0,0.4
0.195,0.755,909.384,-14.999,2.95943,225.792,1,-2,0,0.4
0.195,0.765,935.235,-14.9994,2.97024,232.239,1,-2,0,0.4
0.195,0.775,954.839,-14.9996,2.9787,237.292,1,-2,0,0.4
0.195,0.785,969.28,-14.9998,2.98513,241.139,1,-2,0,0.4
0.195,0.795,979.616,-14.9999,2.98989,243.981,1,-2,0,0.4
0.195,0.805,986.809,-14.9999,2.99331,246.019,1,-2,0,0.4
0.195,0.815,991.675,-15,2.99569,247.437,1,-2,0,0.4
0.195,0.825,994.876,-15,2.99729,248.394,1,-2,0,0.4
0.195,0.835,996.925,-15,2.99835,249.021,1,-2,0,0.4
0.195,0.845,998.2,-15,2.99902,249.419,1,-2,0,0.4
0.195,0.855,998.972,-15,2.99943,249.664,1,-2,0,0.4
0.195,0.865,999.428,-15,2.99968,249.811,1,-2,0,0.4
0.195,0.875,999.689,-15,2.99983,249.896,1,-2,0,0.4
0.195,0.885,999.835,-15,2.99991,249.945,1,-2,0,0.4
0.195,0.895,999.915,-15,2.99995,249.971,1,-2,0,0.4
0.195,0.905,999.957,-15,2.99998,249.985,1,-2,0,0.4
0.195,0.915,999.979,-15,2.99999,249.993,1,-2,0,0.4
0.195,0.925,999.99,-15,2.99999,249.996,1,-2,0,0.4
0.195,0.935,999.995,-15,3,249.998,1,-2,0,0.4
0.195,0.945,999.998,-15,3,249.999,1,-2,0,0.4
0.195,0.955,999.999,-15,3,250,1,-2,0,0.4
0.195,0.965,1000,-15,3,250,1,-2,0,0.4
0.195,0.975,1000,-15,3,250,1,-2,0,0.4
0.195,0.985,1000,-15,3,250,1,-2,0,0.4
0.195,0.995,1000,-15,3,250,1,-2,0,0.4
0.205,0.005,81.747,3.79433,-14.388,1871.67,1,-2,0,0.4
0.205,0.015,83.1212,3.89931,-14.1887,1910.77,1,-2,0,0.4
0.205,0.025,84.1409,4.00253,-13.9951,1942.78,1,-2,0,0.4
0.205,0.035,84.9354,4.10493,-13.7996,1971.43,1,-2,0,0.4
0.205,0.045,85.5877,4.20607,-13.5978,1998.99,1,-2,0,0.4
0.205,0.055,86.1291,4.30507,-13.3885,2026.14,1,-2,0,0.4
0.205,0.065,86.558,4.40137,-13.173,2052.53,1,-2,0,0.4
0.205,0.075,86.8633,4.49492,-12.9528,2077.52,1,-2,0,0.4
0.205,0.085,87.0386,4.58588,-12.729,2100.55,1,-2,0,0.4
0.205,0.095,87.0863,4.67437,-12.5019,2121.31,1,-2,0,0.4
0.205,0.105,87.0141,4.76019,-12.2714,2139.66,1,-2,0,0.4
0.205,0.115,86.8323,4.84279,-12.0366,2155.46,1,-2,0,0.4
0.205,0.125,86.5501,4.92126,-11.7969,2168.54,1,-2,0,0.4
0.205,0.135,86.1756,4.99439,-11.5512,2178.63,1,-2,0,0.4
0.205,0.145,85.7162,5.06082,-11.299,2185.43,1,-2,0,0.4
0.205,0.155,85.1796,5.11908,-11.0397,2188.61,1,-2,0,0.4
0.205,0.165,84.5754,5.16776,-10.7729,2187.88,1,-2,0,0.4
0.205,0.175,83.9159,5.20558,-10.4985,2183.06,1,-2,0,0.4
0.205,0.185,83.2165,5.23142,-10.2166,2174.07,1,-2,0,0.4
0.205,0.195,82.4956,5.24441,-9.92726,2160.94,1,-2,0,0.4
0.205,0.205,81.7735,5.24386,-9.63086,2143.81,1,-2,0,0.4
0.205,0.215,81.0717,5.22925,-9.32771,2122.87,1,-2,0,0.4
0.205,0.225,80.4119,5.20023,-9.01821,2098.38,1,-2,0,0.4
0.205,0.235,79.8148,5.15656,-8.7027,2070.59,1,-2,0,0.4
0.205,0.245,79.2993,5.09807,-8.38158,2039.76,1,-2,0,0.4
0.205,0.255,78.8818,5.02469,-8.05522,2006.11,1,-2,0,0.4
0.205,0.265,78.5761,4.93638,-7.72398,1969.82,1,-2,0,0.4
0.205,0.275,78.3924,4.8332,-7.38827,1931.05,1,-2,0,0.4
0.205,0.285,78.3373,4.71525,-7.04854,1889.89,1,-2,0,0.4
0.205,0.295,78.4139,4.58273,-6.70528,1846.42,1,-2,0,0.4
0.205,0.305,78.621,4.43593,-6.35905,1800.68,1,-2,0,0.4
0.205,0.315,78.9533,4.2752,-6.01045,1752.7,1,-2,0,0.4
0.205,0.325,79.4045,4.10091,-5.65994,1702.57,1,-2,0,0.4
0.205,0.335,80.0094,3.91371,-5.30488,1651.72,1,-2,0,0.4
0.205,0.345,80.7061,3.71651,-4.9493,1598.85,1,-2,0,0.4
0.205,0.355,81.4522,3.51076,-4.59564,1543.49,1,-2,0,0.4
0.205,0.365,82.2149,3.29745,-4.24486,1485.67,1,-2,0,0.4
0.205,0.375,82.9528,3.07769,-3.89782,1425.42,1,-2,0,0.4
0.205,0.385,83.6182,2.85264,-3.55528,1362.77,1,-2,0,0.4
0.205,0.395,84.1578,2.6235,-3.2179,1297.84,1,-2,0,0.4
0.205,0.405,84.515,2.39147,-2.88624,1230.84,1,-2,0,0.4
0.205,0.415,84.632,2.1578,-2.56067,1162.04,1,-2,0,0.4
0.205,0.425,84.4529,1.92368,-2.24142,1091.84,1,-2,0,0.4
0.205,0.435,83.926,1.6903,-1.92853,1020.71,1,-2,0,0.4
0.205,0.445,83.0092,1.45876,-1.62184,949.214,1,-2,0,0.4
0.205,0.455,81.673,1.22992,-1.32102,877.984,1,-2,0,0.4
0.205,0.465,79.9034,1.00438,-1.02559,807.69,1,-2,0,0.4
0.205,0.475,77.704,0.782392,-0.735134,739.009,1,-2,0,0.4
0.205,0.485,75.0984,0.563682,-0.449343,672.62,1,-2,0,0.4
0.205,0.495,72.1525,0.345137,-0.167681,609.328,1,-2,0,0.4
0.205,0.505,69.0136,0.1125,0.111783,549.596,1,-2,0,0.4
0.205,0.515,65.4936,-0.123937,0.38827,493.099,1,-2,0,0.4
0.205,0.525,61.6576,-0.370876,0.662794,441.573,1,-2,0,0.4
0.205,0.535,57.5307,-0.64306,0.926621,397.12,1,-2,0,0.4
0.205,0.545,52.654,-0.969336,1.169,361.829,1,-2,0,0.4
0.205,0.555,46.4751,-1.42159,1.38164,338.055,1,-2,0,0.4
0.205,0.565,38.6424,-2.18325,1.5858,328.053,1,-2,0,0.4
0.205,0.575,30.6942,-3.72698,1.88413,331.964,1,-2,0,0.4
0.205,0.585,26.8915,-6.60476,2.41223,338.871,1,-2,0,0.4
0.205,0.595,31.2765,-10.0831,3.03813,326.588,1,-2,0,0.4
0.205,0.605,47.2123,-12.5945,3.32946,293.07,1,-2,0,0.4
0.205,0.615,77.6523,-13.8859,3.24869,249.453,1,-2,0,0.4
0.205,0.625,121.163,-14.4798,3.06726,199.416,1,-2,0,0.4
0.205,0.635,174.211,-14.7497,2.91072,157.144,1,-2,0,0.4
0.205,0.645,233.943,-14.8735,2.81482,131.289,1,-2,0,0.4
0.205,0.655,299.161,-14.9317,2.77377,121.271,1,-2,0,0.4
0.205,0.665,369.208,-14.9604,2.76902,122.526,1,-2,0,0.4
0.205,0.675,442.848,-14.9756,2.78411,130.68,1,-2,0,0.4
0.205,0.685,518.038,-14.9842,2.80832,142.654,1,-2,0,0.4
0.205,0.695,592.259,-14.9895,2.83556,156.414,1,-2,0,0.4
0.205,0.705,662.957,-14.9929,2.86257,170.608,1,-2,0,0.4
0.205,0.715,727.94,-14.9951,2.88768,184.322,1,-2,0,0.4
0.205,0.725,785.621,-14.9967,2.9101,196.962,1,-2,0,0.4
0.205,0.735,835.123,-14.9978,2.92953,208.173,1,-2,0,0.4
0.205,0.745,876.249,-14.9985,2.94592,217.788,1,-2,0,0.4
0.205,0.755,909.361,-14.999,2.95941,225.782,1,-2,0,0.4
0.205,0.765,935.223,-14.9994,2.97023,232.234,1,-2,0,0.4
0.205,0.775,954.833,-14.9996,2.97869,237.29,1,-2,0,0.4
0.205,0.785,969.277,-14.9998,2.98513,241.138,1,-2,0,0.4
0.205,0.795,979.615,-14.9999,2.98989,243.981,1,-2,0,0.4
0.205,0.805,986.808,-14.9999,2.99331,246.019,1,-2,0,0.4
0.205,0.815,991.675,-15,2.99569,247.437,1,-2,0,0.4
0.205,0.825,994.876,-15,2.99729,248.394,1,-2,0,0.4
0.205,0.835,996.925,-15,2.99835,249.021,1,-2,0,0.4
0.205,0.845,998.2,-15,2.99902,249.419,1,-2,0,0.4
0.205,0.855,998.972,-15,2.99943,249.664,1,-2,0,0.4
0.205,0.865,999.428,-15,2.99968,249.811,1,-2,0,0.4
0.205,0.875,999.689,-15,2.99983,249.896,1,-2,0,0.4
0.205,0.885,999.835,-15,2.99991,249.945,1,-2,0,0.4
0.205,0.895,999.915,-15,2.99995,249.971,1,-2,0,0.4
0.205,0.905,999.957,-15,2.99998,249.985,1,-2,0,0.4
0.205,0.915,999.979,-15,2.99999,249.993,1,-2,0,0.4
0.205,0.925,999.99,-15,2.99999,249.996,1,-2,0,0.4
0.205,0.935,999.995,-15,3,249.998,1,-2,0,0.4
0.205,0.945,999.998,-15,3,249.999,1,-2,0,0.4
0.205,0.955,999.999,-15,3,250,1,-2,0,0.4
0.205,0.965,1000,-15,3,250,1,-2,0,0.4
0.205,0.975,1000,-15,3,250,1,-2,0,0.4
0.205,0.985,1000,-15,3,250,1,-2,0,0.4
0.205,0.995,1000,-15,3,250,1,-2,0,0.4
0.215,0.005,78.8955,3.98368,-14.2855,1781.55,1,-2,0,0.4
0.215,0.015,80.1309,4.08566,-14.0802,1818.03,1,-2,0,0.4
0.215,0.025,81.0375,4.18572,-13.8804,1847.85,1,-2,0,0.4
0.215,0.035,81.7225,4.28469,-13.6797,1874.01,1,-2,0,0.4
0.215,0.045,82.2598,4.38221,-13.4739,1898.5,1,-2,0,0.4
0.215,0.055,82.6826,4.4775,-13.2615,1922.07,1,-2,0,0.4
0.215,0.065,82.9956,4.56997,-13.0431,1944.57,1,-2,0,0.4
0.215,0.075,83.1929,4.6594,-12.8199,1965.53,1,-2,0,0.4
0.215,0.085,83.2709,4.74587,-12.5928,1984.51,1,-2,0,0.4
0.215,0.095,83.2325,4.82944,-12.3623,2001.24,1,-2,0,0.4
0.215,0.105,83.0867,4.91001,-12.1283,2015.63,1,-2,0,0.4
0.215,0.115,82.845,4.98718,-11.8902,2027.62,1,-2,0,0.4
0.215,0.125,82.5192,5.06029,-11.6473,2037.17,1,-2,0,0.4
0.215,0.135,82.1202,5.12842,-11.3991,2044.14,1,-2,0,0.4
0.215,0.145,81.6576,5.19043,-11.1448,2048.36,1,-2,0,0.4
0.215,0.155,81.1402,5.24508,-10.8839,2049.61,1,-2,0,0.4
0.215,0.165,80.5772,5.29105,-10.6159,2047.66,1,-2,0,0.4
0.215,0.175,79.979,5.32708,-10.3408,2042.32,1,-2,0,0.4
0.215,0.185,79.3575,5.352,-10.0582,2033.44,1,-2,0,0.4
0.215,0.195,78.7263,5.36478,-9.76841,2020.98,1,-2,0,0.4
0.215,0.205,78.1009,5.36454,-9.47148,2004.93,1,-2,0,0.4
0.215,0.215,77.4977,5.3506,-9.16768,1985.39,1,-2,0,0.4
0.215,0.225,76.9334,5.32241,-8.85735,1962.49,1,-2,0,0.4
0.215,0.235,76.4241,5.27958,-8.54084,1936.38,1,-2,0,0.4
0.215,0.245,75.9851,5.22184,-8.21856,1907.25,1,-2,0,0.4
0.215,0.255,75.6295,5.14904,-7.89093,1875.25,1,-2,0,0.4
0.215,0.265,75.3681,5.06112,-7.5584,1840.55,1,-2,0,0.4
0.215,0.275,75.2089,4.95812,-7.22145,1803.28,1,-2,0,0.4
0.215,0.285,75.1569,4.8402,-6.88063,1763.54,1,-2,0,0.4
0.215,0.295,75.2133,4.70758,-6.5365,1721.41,1,-2,0,0.4
0.215,0.305,75.3757,4.5606,-6.18969,1676.97,1,-2,0,0.4
0.215,0.315,75.6381,4.39965,-5.84088,1630.27,1,-2,0,0.4
0.215,0.325,76.0054,4.2251,-5.48967,1581.79,1,-2,0,0.4
0.215,0.335,76.497,4.03833,-5.13452,1532.51,1,-2,0,0.4
0.215,0.345,77.0402,3.84212,-4.78039,1480.91,1,-2,0,0.4
0.215,0.355,77.6075,3.63752,-4.42863,1426.99,1,-2,0,0.4
0.215,0.365,78.1667,3.42561,-4.08013,1370.82,1,-2,0,0.4
0.215,0.375,78.6794,3.20752,-3.73566,1312.47,1,-2,0,0.4
0.215,0.385,79.1019,2.98444,-3.39591,1252.04,1,-2,0,0.4
0.215,0.395,79.3871,2.75759,-3.06146,1189.71,1,-2,0,0.4
0.215,0.405,79.486,2.52819,-2.73274,1125.74,1,-2,0,0.4
0.215,0.415,79.3498,2.29746,-2.41004,1060.44,1,-2,0,0.4
0.215,0.425,78.9325,2.06658,-2.0935,994.211,1,-2,0,0.4
0.215,0.435,78.1933,1.83663,-1.78308,927.527,1,-2,0,0.4
0.215,0.445,77.1005,1.60863,-1.47863,860.909,1,-2,0,0.4
0.215,0.455,75.6341,1.38332,-1.17981,794.93,1,-2,0,0.4
0.215,0.465,73.7888,1.16115,-0.886243,730.187,1,-2,0,0.4
0.215,0.475,71.5759,0.942177,-0.597625,667.288,1,-2,0,0.4
0.215,0.485,69.0273,0.725775,-0.313804,606.864,1,-2,0,0.4
0.215,0.495,66.2665,0.502436,-0.0336397,549.771,1,-2,0,0.4
0.215,0.505,63.2916,0.268371,0.244258,495.737,1,-2,0,0.4
0.215,0.515,59.9997,0.0319324,0.517449,445.247,1,-2,0,0.4
0.215,0.525,56.5237,-0.217877,0.780459,399.94,1,-2,0,0.4
0.215,0.535,52.7566,-0.49571,1.02884,361.552,1,-2,0,0.4
0.215,0.545,48.2592,-0.833075,1.24982,332.219,1,-2,0,0.4
0.215,0.555,42.3923,-1.30895,1.43808,313.798,1,-2,0,0.4
0.215,0.565,34.8612,-2.13932,1.62723,307.792,1,-2,0,0.4
0.215,0.575,27.5581,-3.86544,1.93617,313.537,1,-2,0,0.4
0.215,0.585,24.7961,-6.97804,2.48813,319.178,1,-2,0,0.4
0.215,0.595,30.212,-10.4706,3.08968,304.807,1,-2,0,0.4
0.215,0.605,47.0314,-12.8281,3.31686,271.94,1,-2,0,0.4
0.215,0.615,77.8379,-13.9993,3.20786,230.014,1,-2,0,0.4
0.215,0.625,121.074,-14.5319,3.02694,183.743,1,-2,0,0.4
0.215,0.635,173.591,-14.7727,2.88145,146.575,1,-2,0,0.4
0.215,0.645,232.979,-14.8833,2.79724,125.137,1,-2,0,0.4
0.215,0.655,298.16,-14.9358,2.76436,117.983,1,-2,0,0.4
0.215,0.665,368.351,-14.9621,2.76423,120.804,1,-2,0,0.4
0.215,0.675,442.176,-14.9763,2.78166,129.756,1,-2,0,0.4
0.215,0.685,517.536,-14.9846,2.80704,142.138,1,-2,0,0.4
0.215,0.695,591.895,-14.9897,2.83487,156.117,1,-2,0,0.4
0.215,0.705,662.704,-14.993,2.86219,170.435,1,-2,0,0.4
0.215,0.715,727.771,-14.9952,2.88747,184.222,1,-2,0,0.4
0.215,0.725,785.514,-14.9967,2.90999,196.905,1,-2,0,0.4
0.215,0.735,835.059,-14.9978,2.92947,208.142,1,-2,0,0.4
0.215,0.745,876.212,-14.9985,2.94589,217.771,1,-2,0,0.4
0.215,0.755,909.341,-14.999,2.95939,225.773,1,-2,0,0.4
0.215,0.765,935.212,-14.9994,2.97023,232.229,1,-2,0,0.4
0.215,0.775,954.828,-14.9996,2.97869,237.288,1,-2,0,0.4
0.215,0.785,969.274,-14.9998,2.98513,241.137,1,-2,0,0.4
0.215,0.795,979.614,-14.9999,2.98989,243.98,1,-2,0,0.4
0.215,0.805,986.808,-14.9999,2.9933,246.019,1,-2,0,0.4
0.215,0.815,991.674,-15,2.99569,247.437,1,-2,0,0.4
0.215,0.825,994.876,-15,2.99729,248.394,1,-2,0,0.4
0.215,0.835,996.925,-15,2.99835,249.021,1,-2,0,0.4
0.215,0.845,998.2,-15,2.99902,249.419,1,-2,0,0.4
0.215,0.855,998.972,-15,2.99943,249.664,1,-2,0,0.4
0.215,0.865,999.428,-15,2.99968,249.811,1,-2,0,0.4
0.215,0.875,999.689,-15,2.99983,249.896,1,-2,0,0.4
0.215,0.885,999.835,-15,2.99991,249.945,1,-2,0,0.4
0.215,0.895,999.915,-15,2.99995,249.971,1,-2,0,0.4
0.215,0.905,999.957,-15,2.99998,249.985,1,-2,0,0.4
0.215,0.915,999.979,-15,2.99999,249.993,1,-2,0,0.4
0.215,0.925,999.99,-15,2.99999,249.996,1,-2,0,0.4
0.215,0.935,999.995,-15,3,249.998,1,-2,0,0.4
0.215,0.945,999.998,-15,3,249.999,1,-2,0,0.4
0.215,0.955,999.999,-15,3,250,1,-2,0,0.4
0.215,0.965,1000,-15,3,250,1,-2,0,0.4
0.215,0.975,1000,-15,3,250,1,-2,0,0.4
0.215,0.985,1000,-15,3,250,1,-2,0,0.4
0.215,0.995,1000,-15,3,250,1,-2,0,0.4
0.225,0.005,76.0911,4.16885,-14.1805,1695.25,1,-2,0,0.4
0.225,0.015,77.2036,4.26817,-13.9701,1729.21,1,-2,0,0.4
0.225,0.025,78.0119,4.36548,-13.765,1756.95,1,-2,0,0.4
0.225,0.035,78.606,4.46151,-13.5597,1780.92,1,-2,0,0.4
0.225,0.045,79.0512,4.55597,-13.3503,1802.84,1,-2,0,0.4
0.225,0.055,79.3812,4.64817,-13.1351,1823.46,1,-2,0,0.4
0.225,0.065,79.6051,4.73749,-12.9141,1842.81,1,-2,0,0.4
0.225,0.075,79.7214,4.8236,-12.6883,1860.54,1,-2,0,0.4
0.225,0.085,79.7283,4.90645,-12.4584,1876.31,1,-2,0,0.4
0.225,0.095,79.6292,4.98604,-12.2248,1889.86,1,-2,0,0.4
0.225,0.105,79.4326,5.06225,-11.9875,1901.12,1,-2,0,0.4
0.225,0.115,79.1501,5.13479,-11.7462,1910.06,1,-2,0,0.4
0.225,0.125,78.7945,5.20311,-11.5003,1916.68,1,-2,0,0.4
0.225,0.135,78.3778,5.26647,-11.2493,1920.96,1,-2,0,0.4
0.225,0.145,77.9111,5.32394,-10.9925,1922.8,1,-2,0,0.4
0.225,0.155,77.4045,5.37445,-10.7295,1922.07,1,-2,0,0.4
0.225,0.165,76.8674,5.41684,-10.4598,1918.62,1,-2,0,0.4
0.225,0.175,76.3094,5.44993,-10.1833,1912.29,1,-2,0,0.4
0.225,0.185,75.7405,5.47257,-9.89962,1902.93,1,-2,0,0.4
0.225,0.195,75.1718,5.4837,-9.60889,1890.46,1,-2,0,0.4
0.225,0.205,74.6152,5.48237,-9.31116,1874.82,1,-2,0,0.4
0.225,0.215,74.0831,5.46778,-9.00662,1856.02,1,-2,0,0.4
0.225,0.225,73.5883,5.43926,-8.69554,1834.11,1,-2,0,0.4
0.225,0.235,73.1434,5.3963,-8.37826,1809.18,1,-2,0,0.4
0.225,0.245,72.7598,5.33856,-8.0552,1781.34,1,-2,0,0.4
0.225,0.255,72.4476,5.2658,-7.72681,1750.7,1,-2,0,0.4
0.225,0.265,72.2151,5.17793,-7.39357,1717.39,1,-2,0,0.4
0.225,0.275,72.068,5.07498,-7.05605,1681.5,1,-2,0,0.4
0.225,0.285,72.0091,4.9571,-6.71482,1643.15,1,-2,0,0.4
0.225,0.295,72.0385,4.82455,-6.37054,1602.42,1,-2,0,0.4
0.225,0.305,72.1525,4.67768,-6.02387,1559.39,1,-2,0,0.4
0.225,0.315,72.3443,4.51689,-5.67553,1514.14,1,-2,0,0.4
0.225,0.325,72.637,4.34261,-5.32377,1467.69,1,-2,0,0.4
0.225,0.335,73.0121,4.15703,-4.96982,1419.96,1,-2,0,0.4
0.225,0.345,73.4132,3.96233,-4.61767,1369.95,1,-2,0,0.4
0.225,0.355,73.8173,3.75946,-4.26825,1317.81,1,-2,0,0.4
0.225,0.365,74.1939,3.54955,-3.92236,1263.64,1,-2,0,0.4
0.225,0.375,74.5078,3.33374,-3.58073,1207.54,1,-2,0,0.4
0.225,0.385,74.7201,3.11325,-3.24395,1149.69,1,-2,0,0.4
0.225,0.395,74.7893,2.88928,-2.91251,1090.29,1,-2,0,0.4
0.225,0.405,74.6734,2.66305,-2.58678,1029.62,1,-2,0,0.4
0.225,0.415,74.3317,2.43573,-2.26697,968.024,1,-2,0,0.4
0.225,0.425,73.7269,2.20844,-1.95313,905.893,1,-2,0,0.4
0.225,0.435,72.8274,1.98219,-1.64522,843.672,1,-2,0,0.4
0.225,0.445,71.6097,1.75787,-1.34305,781.844,1,-2,0,0.4
0.225,0.455,70.0617,1.53611,-1.04636,720.924,1,-2,0,0.4
0.225,0.465,68.185,1.31721,-0.754889,661.447,1,-2,0,0.4
0.225,0.475,65.9971,1.10109,-0.468475,603.965,1,-2,0,0.4
0.225,0.485,63.5445,0.88577,-0.186946,549.109,1,-2,0,0.4
0.225,0.495,60.9802,0.655977,0.0913747,497.499,1,-2,0,0.4
0.225,0.505,58.1457,0.423799,0.36658,448.665,1,-2,0,0.4
0.225,0.515,55.1111,0.186625,0.634275,403.816,1,-2,0,0.4
0.225,0.525,52.0015,-0.0668503,0.886549,364.288,1,-2,0,0.4
0.225,0.535,48.5978,-0.351086,1.11775,331.477,1,-2,0,0.4
0.225,0.545,44.4369,-0.699821,1.31655,307.362,1,-2,0,0.4
0.225,0.555,38.8118,-1.20109,1.48209,293.381,1,-2,0,0.4
0.225,0.565,31.5444,-2.10961,1.66137,290.463,1,-2,0,0.4
0.225,0.575,24.8848,-4.03367,1.98656,297.364,1,-2,0,0.4
0.225,0.585,23.0928,-7.36236,2.56149,301.441,1,-2,0,0.4
0.225,0.595,29.424,-10.8304,3.13129,285.273,1,-2,0,0.4
0.225,0.605,46.9953,-13.0331,3.29802,253.04,1,-2,0,0.4
0.225,0.615,78.0331,-14.0969,3.16713,212.696,1,-2,0,0.4
0.225,0.625,120.955,-14.576,2.98932,170.113,1,-2,0,0.4
0.225,0.635,173.001,-14.792,2.85535,137.623,1,-2,0,0.4
0.225,0.645,232.123,-14.8914,2.78204,120.019,1,-2,0,0.4
0.225,0.655,297.297,-14.9391,2.75635,115.254,1,-2,0,0.4
0.225,0.665,367.612,-14.9636,2.76013,119.356,1,-2,0,0.4
0.225,0.675,441.588,-14.977,2.77953,128.961,1,-2,0,0.4
0.225,0.685,517.086,-14.9849,2.8059,141.683,1,-2,0,0.4
0.225,0.695,591.564,-14.9898,2.83425,155.851,1,-2,0,0.4
0.225,0.705,662.471,-14.993,2.86185,170.278,1,-2,0,0.4
0.225,0.715,727.616,-14.9952,2.88729,184.131,1,-2,0,0.4
0.225,0.725,785.416,-14.9967,2.90989,196.854,1,-2,0,0.4
0.225,0.735,835,-14.9978,2.92942,208.113,1,-2,0,0.4
0.225,0.745,876.178,-14.9985,2.94586,217.756,1,-2,0,0.4
0.225,0.755,909.322,-14.999,2.95938,225.766,1,-2,0,0.4
0.225,0.765,935.203,-14.9994,2.97022,232.225,1,-2,0,0.4
0.225,0.775,954.823,-14.9996,2.97869,237.286,1,-2,0,0.4
0.225,0.785,969.272,-14.9998,2.98513,241.136,1,-2,0,0.4
0.225,0.795,979.613,-14.9999,2.98989,243.98,1,-2,0,0.4
0.225,0.805,986.807,-14.9999,2.9933,246.019,1,-2,0,0.4
0.225,0.815,991.674,-15,2.99569,247.437,1,-2,0,0.4
0.225,0.825,994.876,-15,2.99729,248.394,1,-2,0,0.4
0.225,0.835,996.925,-15,2.99835,249.021,1,-2,0,0.4
0.225,0.845,998.2,-15,2.99902,249.419,1,-2,0,0.4
0.225,0.855,998.972,-15,2.99943,249.664,1,-2,0,0.4
0.225,0.865,999.428,-15,2.99968,249.811,1,-2,0,0.4
0.225,0.875,999.689,-15,2.99983,249.896,1,-2,0,0.4
0.225,0.885,999.835,-15,2.99991,249.945,1,-2,0,0.4
0.225,0.895,999.915,-15,2.99995,249.971,1,-2,0,0.4
0.225,0.905,999.957,-15,2.99998,249.985,1,-2,0,0.4
0.225,0.915,999.979,-15,2.99999,249.993,1,-2,0,0.4
0.225,0.925,999.99,-15,2.99999,249.996,1,-2,0,0.4
0.225,0.935,999.995,-15,3,249.998,1,-2,0,0.4
0.225,0.945,999.998,-15,3,249.999,1,-2,0,0.4
0.225,0.955,999.999,-15,3,250,1,-2,0,0.4
0.225,0.965,1000,-15,3,250,1,-2,0,0.4
0.225,0.975,1000,-15,3,250,1,-2,0,0.4
0.225,0.985,1000,-15,3,250,1,-2,0,0.4
0.225,0.995,1000,-15,3,250,1,-2,0,0.4
0.235,0.005,73.3412,4.35002,-14.0735,1612.54,1,-2,0,0.4
0.235,0.015,74.3445,4.44689,-13.8586,1644.1,1,-2,0,0.4
0.235,0.025,75.067,4.54172,-13.649,1669.87,1,-2,0,0.4
0.235,0.035,75.5845,4.63512,-13.4396,1691.87,1,-2,0,0.4
0.235,0.045,75.9549,4.72688,-13.2269,1711.57,1,-2,0,0.4
0.235,0.055,76.2113,4.81637,-13.009,1729.72,1,-2,0,0.4
0.235,0.065,76.3661,4.90296,-12.7857,1746.44,1,-2,0,0.4
0.235,0.075,76.4211,4.98624,-12.5575,1761.52,1,-2,0,0.4
0.235,0.085,76.3761,5.06606,-12.3251,1774.67,1,-2,0,0.4
0.235,0.095,76.2347,5.14231,-12.0888,1785.67,1,-2,0,0.4
0.235,0.105,76.0047,5.21487,-11.8486,1794.43,1,-2,0,0.4
0.235,0.115,75.6969,5.28343,-11.6043,1800.94,1,-2,0,0.4
0.235,0.125,75.3239,5.34753,-11.3555,1805.21,1,-2,0,0.4
0.235,0.135,74.8979,5.40654,-11.1017,1807.26,1,-2,0,0.4
0.235,0.145,74.4307,5.45965,-10.8423,1807.05,1,-2,0,0.4
0.235,0.155,73.9329,5.50595,-10.577,1804.53,1,-2,0,0.4
0.235,0.165,73.4142,5.54441,-10.3053,1799.59,1,-2,0,0.4
0.235,0.175,72.8841,5.57396,-10.027,1792.12,1,-2,0,0.4
0.235,0.185,72.3516,5.59352,-9.74193,1782,1,-2,0,0.4
0.235,0.195,71.8262,5.60207,-9.45001,1769.15,1,-2,0,0.4
0.235,0.205,71.3173,5.59865,-9.15129,1753.49,1,-2,0,0.4
0.235,0.215,70.8349,5.5824,-8.84592,1734.99,1,-2,0,0.4
0.235,0.225,70.3886,5.55263,-8.53413,1713.65,1,-2,0,0.4
0.235,0.235,69.9879,5.50874,-8.21627,1689.52,1,-2,0,0.4
0.235,0.245,69.6415,5.45032,-7.89271,1662.64,1,-2,0,0.4
0.235,0.255,69.3568,5.3771,-7.56394,1633.1,1,-2,0,0.4
0.235,0.265,69.1394,5.28894,-7.23048,1600.97,1,-2,0,0.4
0.235,0.275,68.9931,5.18586,-6.89291,1566.36,1,-2,0,0.4
0.235,0.285,68.919,5.06799,-6.55187,1529.35,1,-2,0,0.4
0.235,0.295,68.9157,4.9356,-6.20802,1490.02,1,-2,0,0.4
0.235,0.305,68.9787,4.78905,-5.86208,1448.47,1,-2,0,0.4
0.235,0.315,69.1037,4.62871,-5.51454,1404.88,1,-2,0,0.4
0.235,0.325,69.3239,4.45523,-5.16281,1360.54,1,-2,0,0.4
0.235,0.335,69.586,4.27138,-4.8109,1314.42,1,-2,0,0.4
0.235,0.345,69.8569,4.07862,-4.46114,1266.24,1,-2,0,0.4
0.235,0.355,70.1138,3.87797,-4.11438,1216.12,1,-2,0,0.4
0.235,0.365,70.3287,3.67054,-3.77137,1164.19,1,-2,0,0.4
0.235,0.375,70.4695,3.45751,-3.43275,1110.61,1,-2,0,0.4
0.235,0.385,70.5018,3.24007,-3.09905,1055.55,1,-2,0,0.4
0.235,0.395,70.3897,3.01942,-2.7707,999.268,1,-2,0,0.4
0.235,0.405,70.0976,2.79672,-2.44798,942.042,1,-2,0,0.4
0.235,0.415,69.5917,2.5731,-2.13105,884.212,1,-2,0,0.4
0.235,0.425,68.8421,2.34961,-1.81993,826.162,1,-2,0,0.4
0.235,0.435,67.8247,2.12717,-1.51455,768.306,1,-2,0,0.4
0.235,0.445,66.5233,1.90654,-1.21476,711.087,1,-2,0,0.4
0.235,0.455,64.932,1.68826,-0.920365,654.968,1,-2,0,0.4
0.235,0.465,63.058,1.4725,-0.631223,600.431,1,-2,0,0.4
0.235,0.475,60.9238,1.25899,-0.347354,547.981,1,-2,0,0.4
0.235,0.485,58.6171,1.04088,-0.0682127,498.309,1,-2,0,0.4
0.235,0.495,56.1943,0.809287,0.207669,451.46,1,-2,0,0.4
0.235,0.505,53.5294,0.578331,0.478735,407.528,1,-2,0,0.4
0.235,0.515,50.7605,0.339969,0.739167,367.829,1,-2,0,0.4
0.235,0.525,47.9868,0.0825001,0.980945,333.529,1,-2,0,0.4
0.235,0.535,44.9507,-0.208599,1.1938,305.85,1,-2,0,0.4
0.235,0.545,41.0791,-0.568936,1.37047,286.281,1,-2,0,0.4
0.235,0.555,35.6343,-1.09814,1.51587,275.947,1,-2,0,0.4
0.235,0.565,28.6115,-2.09588,1.69044,275.42,1,-2,0,0.4
0.235,0.575,22.5975,-4.23212,2.03675,282.966,1,-2,0,0.4
0.235,0.585,21.7053,-7.75292,2.63227,285.271,1,-2,0,0.4
0.235,0.595,28.8502,-11.1628,3.16335,267.568,1,-2,0,0.4
0.235,0.605,47.0545,-13.2138,3.27406,235.928,1,-2,0,0.4
0.235,0.615,78.2129,-14.1813,3.12678,197.174,1,-2,0,0.4
0.235,0.625,120.805,-14.6137,2.95438,158.231,1,-2,0,0.4
0.235,0.635,172.447,-14.8081,2.83217,130.032,1,-2,0,0.4
0.235,0.645,231.372,-14.8981,2.76894,115.747,1,-2,0,0.4
0.235,0.655,296.557,-14.9419,2.7495,112.973,1,-2,0,0.4
0.235,0.665,366.973,-14.9647,2.75659,118.124,1,-2,0,0.4
0.235,0.675,441.068,-14.9775,2.77766,128.267,1,-2,0,0.4
0.235,0.685,516.678,-14.9851,2.80488,141.276,1,-2,0,0.4
0.235,0.695,591.259,-14.9899,2.83368,155.608,1,-2,0,0.4
0.235,0.705,662.256,-14.9931,2.86154,170.134,1,-2,0,0.4
0.235,0.715,727.473,-14.9953,2.88712,184.047,1,-2,0,0.4
0.235,0.725,785.326,-14.9967,2.9098,196.806,1,-2,0,0.4
0.235,0.735,834.947,-14.9978,2.92937,208.087,1,-2,0,0.4
0.235,0.745,876.148,-14.9985,2.94584,217.742,1,-2,0,0.4
0.235,0.755,909.306,-14.999,2.95937,225.759,1,-2,0,0.4
0.235,0.765,935.194,-14.9994,2.97021,232.222,1,-2,0,0.4
0.235,0.775,954.819,-14.9996,2.97869,237.284,1,-2,0,0.4
0.235,0.785,969.27,-14.9998,2.98513,241.135,1,-2,0,0.4
0.235,0.795,979.612,-14.9999,2.98989,243.979,1,-2,0,0.4
0.235,0.805,986.807,-14.9999,2.9933,246.018,1,-2,0,0.4
0.235,0.815,991.674,-15,2.99569,247.437,1,-2,0,0.4
0.235,0.825,994.876,-15,2.99729,248.394,1,-2,0,0.4
0.235,0.835,996.925,-15,2.99835,249.021,1,-2,0,0.4
0.235,0.845,998.2,-15,2.99902,249.419,1,-2,0,0.4
0.235,0.855,998.972,-15,2.99943,249.664,1,-2,0,0.4
0.235,0.865,999.428,-15,2.99968,249.811,1,-2,0,0.4
0.235,0.875,999.689,-15,2.99983,249.896,1,-2,0,0.4
0.235,0.885,999.835,-15,2.99991,249.945,1,-2,0,0.4
0.235,0.895,999.915,-15,2.99995,249.971,1,-2,0,0.4
0.235,0.905,999.957,-15,2.99998,249.985,1,-2,0,0.4
0.235,0.915,999.979,-15,2.99999,249.993,1,-2,0,0.4
0.235,0.925,999.99,-15,2.99999,249.996,1,-2,0,0.4
0.235,0.935,999.995,-15,3,249.998,1,-2,0,0.4
0.235,0.945,999.998,-15,3,249.999,1,-2,0,0.4
0.235,0.955,999.999,-15,3,250,1,-2,0,0.4
0.235,0.965,1000,-15,3,250,1,-2,0,0.4
0.235,0.975,1000,-15,3,250,1,-2,0,0.4
0.235,0.985,1000,-15,3,250,1,-2,0,0.4
0.235,0.995,1000,-15,3,250,1,-2,0,0.4
0.245,0.005,70.652,4.52732,-13.9649,1533.28,1,-2,0,0.4
0.245,0.015,71.5582,4.62191,-13.7462,1562.55,1,-2,0,0.4
0.245,0.025,72.2055,4.71442,-13.5325,1586.46,1,-2,0,0.4
0.245,0.035,72.6581,4.8054,-13.3194,1606.65,1,-2,0,0.4
0.245,0.045,72.9671,4.89468,-13.1036,1624.4,1,-2,0,0.4
0.245,0.055,73.1647,4.98168,-12.8832,1640.42,1,-2,0,0.4
0.245,0.065,73.2653,5.06578,-12.6577,1654.92,1,-2,0,0.4
0.245,0.075,73.2733,5.14654,-12.4274,1667.76,1,-2,0,0.4
0.245,0.085,73.1903,5.22368,-12.1926,1678.72,1,-2,0,0.4
0.245,0.095,73.0198,5.29703,-11.9538,1687.63,1,-2,0,0.4
0.245,0.105,72.7689,5.36639,-11.711,1694.37,1,-2,0,0.4
0.245,0.115,72.4473,5.43148,-11.4641,1698.92,1,-2,0,0.4
0.245,0.125,72.0668,5.49185,-11.2125,1701.31,1,-2,0,0.4
0.245,0.135,71.6392,5.54693,-10.956,1701.56,1,-2,0,0.4
0.245,0.145,71.176,5.596,-10.6941,1699.67,1,-2,0,0.4
0.245,0.155,70.688,5.63824,-10.4265,1695.62,1,-2,0,0.4
0.245,0.165,70.1851,5.67274,-10.1527,1689.35,1,-2,0,0.4
0.245,0.175,69.6764,5.69854,-9.87256,1680.79,1,-2,0,0.4
0.245,0.185,69.1704,5.71465,-9.58591,1669.87,1,-2,0,0.4
0.245,0.195,68.6755,5.7201,-9.29267,1656.49,1,-2,0,0.4
0.245,0.205,68.1998,5.71397,-8.99287,1640.6,1,-2,0,0.4
0.245,0.215,67.7512,5.69543,-8.68665,1622.15,1,-2,0,0.4
0.245,0.225,67.3373,5.66375,-8.37422,1601.12,1,-2,0,0.4
0.245,0.235,66.9652,5.61834,-8.05591,1577.51,1,-2,0,0.4
0.245,0.245,66.6413,5.55874,-7.7321,1551.36,1,-2,0,0.4
0.245,0.255,66.3707,5.48465,-7.40327,1522.72,1,-2,0,0.4
0.245,0.265,66.1571,5.39591,-7.06997,1491.64,1,-2,0,0.4
0.245,0.275,66.0024,5.29253,-6.73278,1458.19,1,-2,0,0.4
0.245,0.285,65.9063,5.17462,-6.39237,1422.46,1,-2,0,0.4
0.245,0.295,65.8662,5.04245,-6.04944,1384.53,1,-2,0,0.4
0.245,0.305,65.8768,4.89634,-5.70471,1344.49,1,-2,0,0.4
0.245,0.315,65.9429,4.73665,-5.3579,1302.8,1,-2,0,0.4
0.245,0.325,66.0859,4.56455,-5.00731,1260.39,1,-2,0,0.4
0.245,0.335,66.2439,4.38273,-4.65782,1216.05,1,-2,0,0.4
0.245,0.345,66.3967,4.19226,-4.31075,1169.83,1,-2,0,0.4
0.245,0.355,66.5223,3.99418,-3.96689,1121.89,1,-2,0,0.4
0.245,0.365,66.5952,3.78961,-3.62693,1072.36,1,-2,0,0.4
0.245,0.375,66.5867,3.57971,-3.29144,1021.43,1,-2,0,0.4
0.245,0.385,66.4666,3.36565,-2.96089,969.285,1,-2,0,0.4
0.245,0.395,66.204,3.14859,-2.63565,916.189,1,-2,0,0.4
0.245,0.405,65.7689,2.92965,-2.31595,862.428,1,-2,0,0.4
0.245,0.415,65.1337,2.70989,-2.00191,808.331,1,-2,0,0.4
0.245,0.425,64.2748,2.49028,-1.69353,754.259,1,-2,0,0.4
0.245,0.435,63.1744,2.27165,-1.39075,700.599,1,-2,0,0.4
0.245,0.445,61.8222,2.05465,-1.09344,647.753,1,-2,0,0.4
0.245,0.455,60.2175,1.83972,-0.801506,596.143,1,-2,0,0.4
0.245,0.465,58.372,1.62695,-0.514944,546.206,1,-2,0,0.4
0.245,0.475,56.3133,1.4157,-0.233898,498.418,1,-2,0,0.4
0.245,0.485,54.1749,1.1919,0.0427294,453.438,1,-2,0,0.4
0.245,0.495,51.8657,0.962061,0.315444,410.886,1,-2,0,0.4
0.245,0.505,49.3911,0.731712,0.580914,371.523,1,-2,0,0.4
0.245,0.515,46.888,0.491763,0.832646,336.51,1,-2,0,0.4
0.245,0.525,44.429,0.230171,1.06195,306.907,1,-2,0,0.4
0.245,0.535,41.722,-0.0678097,1.25713,283.792,1,-2,0,0.4
0.245,0.545,38.0963,-0.440016,1.41257,268.182,1,-2,0,0.4
0.245,0.555,32.7818,-1.00065,1.54105,260.832,1,-2,0,0.4
0.245,0.565,25.9995,-2.10025,1.716,262.181,1,-2,0,0.4
0.245,0.575,20.6362,-4.46054,2.08774,270.011,1,-2,0,0.4
0.245,0.585,20.5735,-8.14554,2.70005,270.357,1,-2,0,0.4
0.245,0.595,28.4424,-11.4692,3.18619,251.352,1,-2,0,0.4
0.245,0.605,47.1707,-13.3735,3.24584,220.276,1,-2,0,0.4
0.245,0.615,78.3615,-14.2547,3.08706,183.209,1,-2,0,0.4
0.245,0.625,120.626,-14.6458,2.92208,147.872,1,-2,0,0.4
0.245,0.635,171.933,-14.8216,2.81167,123.595,1,-2,0,0.4
0.245,0.645,230.719,-14.9036,2.75765,112.173,1,-2,0,0.4
0.245,0.655,295.922,-14.9442,2.74362,111.054,1,-2,0,0.4
0.245,0.665,366.417,-14.9657,2.75351,117.065,1,-2,0,0.4
0.245,0.675,440.601,-14.978,2.77599,127.653,1,-2,0,0.4
0.245,0.685,516.304,-14.9854,2.80395,140.908,1,-2,0,0.4
0.245,0.695,590.976,-14.99,2.83316,155.385,1,-2,0,0.4
0.245,0.705,662.056,-14.9932,2.86125,170.001,1,-2,0,0.4
0.245,0.715,727.34,-14.9953,2.88696,183.97,1,-2,0,0.4
0.245,0.725,785.244,-14.9968,2.90972,196.763,1,-2,0,0.4
0.245,0.735,834.898,-14.9978,2.92932,208.064,1,-2,0,0.4
0.245,0.745,876.121,-14.9985,2.94581,217.73,1,-2,0,0.4
0.245,0.755,909.292,-14.999,2.95936,225.753,1,-2,0,0.4
0.245,0.765,935.187,-14.9994,2.97021,232.219,1,-2,0,0.4
0.245,0.775,954.815,-14.9996,2.97868,237.283,1,-2,0,0.4
0.245,0.785,969.268,-14.9998,2.98513,241.134,1,-2,0,0.4
0.245,0.795,979.611,-14.9999,2.98989,243.979,1,-2,0,0.4
0.245,0.805,986.806,-14.9999,2.9933,246.018,1,-2,0,0.4
0.245,0.815,991.674,-15,2.99568,247.437,1,-2,0,0.4
0.245,0.825,994.876,-15,2.99729,248.394,1,-2,0,0.4
0.245,0.835,996.925,-15,2.99835,249.021,1,-2,0,0.4
0.245,0.845,998.2,-15,2.99902,249.419,1,-2,0,0.4
0.245,0.855,998.972,-15,2.99943,249.664,1,-2,0,0.4
0.245,0.865,999.428,-15,2.99968,249.811,1,-2,0,0.4
0.245,0.875,999.689,-15,2.99983,249.896,1,-2,0,0.4
0.245,0.885,999.835,-15,2.99991,249.945,1,-2,0,0.4
0.245,0.895,999.915,-15,2.99995,249.971,1,-2,0,0.4
0.245,0.905,999.957,-15,2.99998,249.985,1,-2,0,0.4
0.245,0.915,999.979,-15,2.99999,249.993,1,-2,0,0.4
0.245,0.925,999.99,-15,2.99999,249.996,1,-2,0,0.4
0.245,0.935,999.995,-15,3,249.998,1,-2,0,0.4
0.245,0.945,999.998,-15,3,249.999,1,-2,0,0.4
0.245,0.955,999.999,-15,3,250,1,-2,0,0.4
0.245,0.965,1000,-15,3,250,1,-2,0,0.4
0.245,0.975,1000,-15,3,250,1,-2,0,0.4
0.245,0.985,1000,-15,3,250,1,-2,0,0.4
0.245,0.995,1000,-15,3,250,1,-2,0,0.4
0.255,0.005,68.0287,4.70092,-13.8551,1457.35,1,-2,0,0.4
0.255,0.015,68.8485,4.79332,-13.6331,1484.45,1,-2,0,0.4
0.255,0.025,69.4298,4.88362,-13.4157,1506.59,1,-2,0,0.4
0.255,0.035,69.8269,4.9723,-13.1992,1525.11,1,-2,0,0.4
0.255,0.045,70.0853,5.05923,-12.9804,1541.12,1,-2,0,0.4
0.255,0.055,70.2355,5.14387,-12.7576,1555.29,1,-2,0,0.4
0.255,0.065,70.2933,5.22563,-12.5301,1567.86,1,-2,0,0.4
0.255,0.075,70.2651,5.30401,-12.2977,1578.78,1,-2,0,0.4
0.255,0.085,70.1541,5.37868,-12.0609,1587.9,1,-2,0,0.4
0.255,0.095,69.9638,5.44938,-11.8198,1595.04,1,-2,0,0.4
0.255,0.105,69.7007,5.51587,-11.5746,1600.11,1,-2,0,0.4
0.255,0.115,69.3734,5.57784,-11.3252,1603.07,1,-2,0,0.4
0.255,0.125,68.9924,5.63485,-11.0711,1603.94,1,-2,0,0.4
0.255,0.135,68.5689,5.68636,-10.8122,1602.74,1,-2,0,0.4
0.255,0.145,68.1139,5.73171,-10.5479,1599.49,1,-2,0,0.4
0.255,0.155,67.6372,5.77019,-10.278,1594.17,1,-2,0,0.4
0.255,0.165,67.1477,5.80103,-10.0022,1586.74,1,-2,0,0.4
0.255,0.175,66.6551,5.82329,-9.72022,1577.17,1,-2,0,0.4
0.255,0.185,66.1681,5.83601,-9.432,1565.45,1,-2,0,0.4
0.255,0.195,65.6948,5.83825,-9.13745,1551.52,1,-2,0,0.4
0.255,0.205,65.2424,5.82913,-8.8366,1535.33,1,-2,0,0.4
0.255,0.215,64.8176,5.80786,-8.52959,1516.86,1,-2,0,0.4
0.255,0.225,64.4262,5.77375,-8.21661,1496.06,1,-2,0,0.4
0.255,0.235,64.0732,5.72624,-7.89799,1472.91,1,-2,0,0.4
0.255,0.245,63.7625,5.66495,-7.57413,1447.41,1,-2,0,0.4
0.255,0.255,63.4965,5.58966,-7.24551,1419.56,1,-2,0,0.4
0.255,0.265,63.278,5.50015,-6.91267,1389.41,1,-2,0,0.4
0.255,0.275,63.1079,5.39634,-6.57622,1357.06,1,-2,0,0.4
0.255,0.285,62.9849,5.27836,-6.23683,1322.57,1,-2,0,0.4
0.255,0.295,62.9053,5.14644,-5.89519,1286.02,1,-2,0,0.4
0.255,0.305,62.8634,5.00089,-5.55204,1247.5,1,-2,0,0.4
0.255,0.315,62.8777,4.84204,-5.2059,1207.85,1,-2,0,0.4
0.255,0.325,62.9417,4.67174,-4.85734,1167.22,1,-2,0,0.4
0.255,0.335,63.0046,4.49216,-4.51055,1124.75,1,-2,0,0.4
0.255,0.345,63.0509,4.30422,-4.16639,1080.59,1,-2,0,0.4
0.255,0.355,63.0604,4.10897,-3.8256,1034.91,1,-2,0,0.4
0.255,0.365,63.0096,3.90751,-3.4888,987.861,1,-2,0,0.4
0.255,0.375,62.8734,3.70097,-3.15651,939.628,1,-2,0,0.4
0.255,0.385,62.6253,3.49049,-2.82916,890.428,1,-2,0,0.4
0.255,0.395,62.2391,3.27718,-2.50704,840.511,1,-2,0,0.4
0.255,0.405,61.6896,3.0621,-2.19037,790.16,1,-2,0,0.4
0.255,0.415,60.9547,2.84625,-1.87924,739.689,1,-2,0,0.4
0.255,0.425,60.0159,2.63051,-1.57363,689.437,1,-2,0,0.4
0.255,0.435,58.8609,2.41562,-1.27351,639.759,1,-2,0,0.4
0.255,0.445,57.4842,2.20215,-0.978802,591.027,1,-2,0,0.4
0.255,0.455,55.8894,1.99044,-0.689512,543.622,1,-2,0,0.4
0.255,0.465,54.0919,1.78045,-0.405783,497.944,1,-2,0,0.4
0.255,0.475,52.1395,1.56894,-0.127689,454.483,1,-2,0,0.4
0.255,0.485,50.1415,1.34177,0.146048,413.641,1,-2,0,0.4
0.255,0.495,47.9573,1.11397,0.414674,375.108,1,-2,0,0.4
0.255,0.505,45.6826,0.883753,0.67328,339.957,1,-2,0,0.4
0.255,0.515,43.4398,0.641829,0.91497,309.197,1,-2,0,0.4
0.255,0.525,41.2679,0.37608,1.13039,283.779,1,-2,0,0.4
0.255,0.535,38.8319,0.0714319,1.30828,264.638,1,-2,0,0.4
0.255,0.545,35.4141,-0.313004,1.44371,252.444,1,-2,0,0.4
0.255,0.555,30.1921,-0.909594,1.55885,247.528,1,-2,0,0.4
0.255,0.565,23.6584,-2.12526,1.73925,250.378,1,-2,0,0.4
0.255,0.575,18.9482,-4.71922,2.14027,258.155,1,-2,0,0.4
0.255,0.585,19.6501,-8.5365,2.76412,256.443,1,-2,0,0.4
0.255,0.595,28.1618,-11.751,3.20006,236.347,1,-2,0,0.4
0.255,0.605,47.3148,-13.5153,3.21406,205.85,1,-2,0,0.4
0.255,0.615,78.47,-14.3186,3.04828,170.634,1,-2,0,0.4
0.255,0.625,120.427,-14.6733,2.89244,138.858,1,-2,0,0.4
0.255,0.635,171.468,-14.8329,2.79366,118.146,1,-2,0,0.4
0.255,0.645,230.16,-14.9082,2.74795,109.176,1,-2,0,0.4
0.255,0.655,295.38,-14.9461,2.73856,109.426,1,-2,0,0.4
0.255,0.665,365.927,-14.9666,2.75079,116.141,1,-2,0,0.4
0.255,0.675,440.177,-14.9784,2.77447,127.103,1,-2,0,0.4
0.255,0.685,515.957,-14.9856,2.80309,140.571,1,-2,0,0.4
0.255,0.695,590.711,-14.9902,2.83267,155.18,1,-2,0,0.4
0.255,0.705,661.869,-14.9932,2.86098,169.878,1,-2,0,0.4
0.255,0.715,727.217,-14.9953,2.88681,183.9,1,-2,0,0.4
0.255,0.725,785.168,-14.9968,2.90964,196.724,1,-2,0,0.4
0.255,0.735,834.854,-14.9978,2.92929,208.043,1,-2,0,0.4
0.255,0.745,876.097,-14.9985,2.9458,217.719,1,-2,0,0.4
0.255,0.755,909.279,-14.999,2.95935,225.747,1,-2,0,0.4
0.255,0.765,935.181,-14.9994,2.9702,232.216,1,-2,0,0.4
0.255,0.775,954.812,-14.9996,2.97868,237.281,1,-2,0,0.4
0.255,0.785,969.267,-14.9998,2.98512,241.134,1,-2,0,0.4
0.255,0.795,979.61,-14.9999,2.98989,243.979,1,-2,0,0.4
0.255,0.805,986.806,-14.9999,2.9933,246.018,1,-2,0,0.4
0.255,0.815,991.674,-15,2.99568,247.437,1,-2,0,0.4
0.255,0.825,994.876,-15,2.99729,248.394,1,-2,0,0.4
0.255,0.835,996.925,-15,2.99835,249.021,1,-2,0,0.4
0.255,0.845,998.2,-15,2.99902,249.419,1,-2,0,0.4
0.255,0.855,998.972,-15,2.99943,249.664,1,-2,0,0.4
0.255,0.865,999.428,-15,2.99968,249.811,1,-2,0,0.4
0.255,0.875,999.689,-15,2.99983,249.896,1,-2,0,0.4
0.255,0.885,999.835,-15,2.99991,249.945,1,-2,0,0.4
0.255,0.895,999.915,-15,2.99995,249.971,1,-2,0,0.4
0.255,0.905,999.957,-15,2.99998,249.985,1,-2,0,0.4
0.255,0.915,999.979,-15,2.99999,249.993,1,-2,0,0.4
0.255,0.925,999.99,-15,2.99999,249.996,1,-2,0,0.4
0.255,0.935,999.995,-15,3,249.998,1,-2,0,0.4
0.255,0.945,999.998,-15,3,249.999,1,-2,0,0.4
0.255,0.955,999.999,-15,3,250,1,-2,0,0.4
0.255,0.965,1000,-15,3,250,1,-2,0,0.4
0.255,0.975,1000,-15,3,250,1,-2,0,0.4
0.255,0.985,1000,-15,3,250,1,-2,0,0.4
0.255,0.995,1000,-15,3,250,1,-2,0,0.4
0.265,0.005,65.4752,4.87095,-13.7445,1384.63,1,-2,0,0.4
0.265,0.015,66.2182,4.96123,-13.5194,1409.68,1,-2,0,0.4
0.265,0.025,66.7413,5.04938,-13.2987,1430.14,1,-2,0,0.4
0.265,0.035,67.091,5.13585,-13.079,1447.13,1,-2,0,0.4
0.265,0.045,67.3075,5.22049,-12.8575,1461.58,1,-2,0,0.4
0.265,0.055,67.4193,5.30285,-12.6324,1474.11,1,-2,0,0.4
0.265,0.065,67.4431,5.38233,-12.4028,1485,1,-2,0,0.4
0.265,0.075,67.387,5.45841,-12.1685,1494.25,1,-2,0,0.4
0.265,0.085,67.2551,5.53072,-11.9297,1501.76,1,-2,0,0.4
0.265,0.095,67.0513,5.59894,-11.6866,1507.38,1,-2,0,0.4
0.265,0.105,66.7795,5.66293,-11.4391,1510.97,1,-2,0,0.4
0.265,0.115,66.4451,5.72257,-11.1873,1512.41,1,-2,0,0.4
0.265,0.125,66.059,5.77732,-10.9309,1511.74,1,-2,0,0.4
0.265,0.135,65.6328,5.82652,-10.6696,1509.03,1,-2,0,0.4
0.265,0.145,65.1777,5.86943,-10.4032,1504.33,1,-2,0,0.4
0.265,0.155,64.7052,5.90523,-10.1313,1497.71,1,-2,0,0.4
0.265,0.165,64.2256,5.93299,-9.85366,1489.21,1,-2,0,0.4
0.265,0.175,63.7472,5.95194,-9.57011,1478.81,1,-2,0,0.4
0.265,0.185,63.2772,5.96127,-9.28052,1466.46,1,-2,0,0.4
0.265,0.195,62.8223,5.96017,-8.98483,1452.12,1,-2,0,0.4
0.265,0.205,62.3886,5.94785,-8.68311,1435.74,1,-2,0,0.4
0.265,0.215,61.9816,5.92359,-8.37547,1417.29,1,-2,0,0.4
0.265,0.225,61.6062,5.88673,-8.06214,1396.74,1,-2,0,0.4
0.265,0.235,61.2665,5.83672,-7.74344,1374.08,1,-2,0,0.4
0.265,0.245,60.9659,5.77311,-7.41974,1349.33,1,-2,0,0.4
0.265,0.255,60.7069,5.69558,-7.0915,1322.5,1,-2,0,0.4
0.265,0.265,60.4886,5.60414,-6.75929,1293.59,1,-2,0,0.4
0.265,0.275,60.3084,5.49895,-6.42375,1262.59,1,-2,0,0.4
0.265,0.285,60.1621,5.38028,-6.08558,1229.5,1,-2,0,0.4
0.265,0.295,60.043,5.24856,-5.74554,1194.34,1,-2,0,0.4
0.265,0.305,59.9509,5.10365,-5.40414,1157.39,1,-2,0,0.4
0.265,0.315,59.9173,4.94588,-5.05883,1119.79,1,-2,0,0.4
0.265,0.325,59.904,4.77763,-4.71293,1080.86,1,-2,0,0.4
0.265,0.335,59.8806,4.60044,-4.36903,1040.29,1,-2,0,0.4
0.265,0.345,59.8318,4.4152,-4.02795,998.232,1,-2,0,0.4
0.265,0.355,59.7392,4.22294,-3.69033,954.841,1,-2,0,0.4
0.265,0.365,59.5817,4.02475,-3.35677,910.284,1,-2,0,0.4
0.265,0.375,59.3371,3.82171,-3.02772,864.75,1,-2,0,0.4
0.265,0.385,58.9827,3.61491,-2.70357,818.457,1,-2,0,0.4
0.265,0.395,58.4961,3.40541,-2.38459,771.651,1,-2,0,0.4
0.265,0.405,57.8567,3.19422,-2.07095,724.603,1,-2,0,0.4
0.265,0.415,57.0467,2.98225,-1.76273,677.609,1,-2,0,0.4
0.265,0.425,56.0524,2.77031,-1.45994,630.983,1,-2,0,0.4
0.265,0.435,54.8658,2.55906,-1.16256,585.056,1,-2,0,0.4
0.265,0.445,53.4854,2.34899,-0.870588,540.167,1,-2,0,0.4
0.265,0.455,51.9186,2.14035,-0.584131,496.664,1,-2,0,0.4
0.265,0.465,50.1835,1.93295,-0.303498,454.915,1,-2,0,0.4
0.265,0.475,48.3619,1.71841,-0.0284127,415.458,1,-2,0,0.4
0.265,0.485,46.4699,1.49124,0.241945,378.253,1,-2,0,0.4
0.265,0.495,44.4292,1.26487,0.505406,343.501,1,-2,0,0.4
0.265,0.505,42.3571,1.03434,0.756097,312.219,1,-2,0,0.4
0.265,0.515,40.3645,0.790071,0.986625,285.309,1,-2,0,0.4
0.265,0.525,38.4509,0.520146,1.18718,263.617,1,-2,0,0.4
0.265,0.535,36.2415,0.209088,1.34725,247.924,1,-2,0,0.4
0.265,0.545,32.9733,-0.188117,1.46494,238.591,1,-2,0,0.4
0.265,0.555,27.8163,-0.826293,1.57045,235.663,1,-2,0,0.4
0.265,0.565,21.5498,-2.17373,1.76138,239.739,1,-2,0,0.4
0.265,0.575,17.4925,-5.00768,2.19496,247.139,1,-2,0,0.4
0.265,0.585,18.8971,-8.92253,2.82353,243.327,1,-2,0,0.4
0.265,0.595,27.9774,-12.0098,3.20522,222.338,1,-2,0,0.4
0.265,0.605,47.4647,-13.6415,3.17936,192.493,1,-2,0,0.4
0.265,0.615,78.5356,-14.3745,3.01074,159.328,1,-2,0,0.4
0.265,0.625,120.217,-14.6968,2.86548,131.046,1,-2,0,0.4
0.265,0.635,171.057,-14.8424,2.77795,113.544,1,-2,0,0.4
0.265,0.645,229.689,-14.912,2.73963,106.659,1,-2,0,0.4
0.265,0.655,294.917,-14.9477,2.73417,108.033,1,-2,0,0.4
0.265,0.665,365.492,-14.9673,2.74837,115.326,1,-2,0,0.4
0.265,0.675,439.787,-14.9787,2.77309,126.602,1,-2,0,0.4
0.265,0.685,515.631,-14.9857,2.80229,140.259,1,-2,0,0.4
0.265,0.695,590.462,-14.9903,2.83222,154.988,1,-2,0,0.4
0.265,0.705,661.693,-14.9933,2.86073,169.765,1,-2,0,0.4
0.265,0.715,727.102,-14.9953,2.88668,183.834,1,-2,0,0.4
0.265,0.725,785.098,-14.9968,2.90957,196.688,1,-2,0,0.4
0.265,0.735,834.814,-14.9978,2.92925,208.024,1,-2,0,0.4
0.265,0.745,876.075,-14.9985,2.94578,217.71,1,-2,0,0.4
0.265,0.755,909.268,-14.999,2.95934,225.742,1,-2,0,0.4
0.265,0.765,935.175,-14.9994,2.9702,232.214,1,-2,0,0.4
0.265,0.775,954.809,-14.9996,2.97868,237.28,1,-2,0,0.4
0.265,0.785,969.265,-14.9998,2.98512,241.133,1,-2,0,0.4
0.265,0.795,979.61,-14.9999,2.98989,243.979,1,-2,0,0.4
0.265,0.805,986.806,-14.9999,2.9933,246.018,1,-2,0,0.4
0.265,0.815,991.674,-15,2.99568,247.437,1,-2,0,0.4
0.265,0.825,994.876,-15,2.99729,248.394,1,-2,0,0.4
0.265,0.835,996.925,-15,2.99835,249.021,1,-2,0,0.4
0.265,0.845,998.2,-15,2.99902,249.419,1,-2,0,0.4
0.265,0.855,998.972,-15,2.99943,249.664,1,-2,0,0.4
0.265,0.865,999.428,-15,2.99968,249.811,1,-2,0,0.4
0.265,0.875,999.689,-15,2.99983,249.896,1,-2,0,0.4
0.265,0.885,999.835,-15,2.99991,249.945,1,-2,0,0.4
0.265,0.895,999.915,-15,2.99995,249.971,1,-2,0,0.4
0.265,0.905,999.957,-15,2.99998,249.985,1,-2,0,0.4
0.265,0.915,999.979,-15,2.99999,249.993,1,-2,0,0.4
0.265,0.925,999.99,-15,2.99999,249.996,1,-2,0,0.4
0.265,0.935,999.995,-15,3,249.998,1,-2,0,0.4
0.265,0.945,999.998,-15,3,249.999,1,-2,0,0.4
0.265,0.955,999.999,-15,3,250,1,-2,0,0.4
0.265,0.965,1000,-15,3,250,1,-2,0,0.4
0.265,0.975,1000,-15,3,250,1,-2,0,0.4
0.265,0.985,1000,-15,3,250,1,-2,0,0.4
0.265,0.995,1000,-15,3,250,1,-2,0,0.4
0.275,0.005,62.9943,5.03752,-13.6332,1315.01,1,-2,0,0.4
0.275,0.015,63.6689,5.12572,-13.4055,1338.14,1,-2,0,0.4
0.275,0.025,64.1408,5.21178,-13.1817,1357.03,1,-2,0,0.4
0.275,0.035,64.4497,5.29607,-12.959,1372.58,1,-2,0,0.4
0.275,0.045,64.6309,5.3785,-12.7349,1385.61,1,-2,0,0.4
0.275,0.055,64.7109,5.45865,-12.5075,1396.66,1,-2,0,0.4
0.275,0.065,64.7047,5.5361,-12.2757,1405.98,1,-2,0,0.4
0.275,0.075,64.6168,5.61077,-12.0394,1413.46,1,-2,0,0.4
0.275,0.085,64.4533,5.68219,-11.7985,1419.07,1,-2,0,0.4
0.275,0.095,64.2209,5.74977,-11.5533,1422.77,1,-2,0,0.4
0.275,0.105,63.9286,5.81287,-11.3039,1424.58,1,-2,0,0.4
0.275,0.115,63.5873,5.87074,-11.0502,1424.6,1,-2,0,0.4
0.275,0.125,63.2051,5.92296,-10.792,1422.8,1,-2,0,0.4
0.275,0.135,62.7907,5.96905,-10.5288,1419.18,1,-2,0,0.4
0.275,0.145,62.3527,6.00845,-10.2606,1413.76,1,-2,0,0.4
0.275,0.155,61.8998,6.04052,-9.98696,1406.52,1,-2,0,0.4
0.275,0.165,61.44,6.06457,-9.70772,1397.48,1,-2,0,0.4
0.275,0.175,60.981,6.07985,-9.42273,1386.62,1,-2,0,0.4
0.275,0.185,60.5293,6.08562,-9.13189,1373.91,1,-2,0,0.4
0.275,0.195,60.0913,6.08113,-8.83519,1359.32,1,-2,0,0.4
0.275,0.205,59.6724,6.06566,-8.5327,1342.84,1,-2,0,0.4
0.275,0.215,59.2772,6.03854,-8.22458,1324.42,1,-2,0,0.4
0.275,0.225,58.9099,5.99916,-7.91105,1304.06,1,-2,0,0.4
0.275,0.235,58.5736,5.947,-7.59244,1281.76,1,-2,0,0.4
0.275,0.245,58.2707,5.88167,-7.26914,1257.52,1,-2,0,0.4
0.275,0.255,58.0025,5.80288,-6.94163,1231.35,1,-2,0,0.4
0.275,0.265,57.7692,5.71046,-6.61046,1203.32,1,-2,0,0.4
0.275,0.275,57.5696,5.60437,-6.27623,1173.45,1,-2,0,0.4
0.275,0.285,57.4013,5.48471,-5.93954,1141.84,1,-2,0,0.4
0.275,0.295,57.2606,5.35159,-5.60105,1108.58,1,-2,0,0.4
0.275,0.305,57.1413,5.20594,-5.26092,1073.75,1,-2,0,0.4
0.275,0.315,57.0644,5.04888,-4.9171,1038.19,1,-2,0,0.4
0.275,0.325,56.9805,4.88279,-4.57404,1000.99,1,-2,0,0.4
0.275,0.335,56.8793,4.70808,-4.23318,962.335,1,-2,0,0.4
0.275,0.345,56.7463,4.52565,-3.89526,922.373,1,-2,0,0.4
0.275,0.355,56.5647,4.33649,-3.56089,881.26,1,-2,0,0.4
0.275,0.365,56.3158,4.14164,-3.2306,839.167,1,-2,0,0.4
0.275,0.375,55.9801,3.94216,-2.90481,796.284,1,-2,0,0.4
0.275,0.385,55.5383,3.73908,-2.58387,752.823,1,-2,0,0.4
0.275,0.395,54.9715,3.53339,-2.26802,709.02,1,-2,0,0.4
0.275,0.405,54.2629,3.32605,-1.95742,665.135,1,-2,0,0.4
0.275,0.415,53.3986,3.11789,-1.65214,621.444,1,-2,0,0.4
0.275,0.425,52.369,2.90966,-1.35221,578.239,1,-2,0,0.4
0.275,0.435,51.1694,2.70194,-1.05765,535.822,1,-2,0,0.4
0.275,0.445,49.8018,2.49513,-0.768543,494.506,1,-2,0,0.4
0.275,0.455,48.2762,2.28941,-0.485104,454.61,1,-2,0,0.4
0.275,0.465,46.6146,2.0842,-0.207759,416.482,1,-2,0,0.4
0.275,0.475,44.9292,1.86492,0.0641559,380.641,1,-2,0,0.4
0.275,0.485,43.1324,1.64002,0.33058,346.774,1,-2,0,0.4
0.275,0.495,41.2431,1.41461,0.587898,315.525,1,-2,0,0.4
0.275,0.505,39.3712,1.18336,0.829753,287.78,1,-2,0,0.4
0.275,0.515,37.616,0.93641,1.04821,264.352,1,-2,0,0.4
0.275,0.525,35.9329,0.662295,1.23325,245.978,1,-2,0,0.4
0.275,0.535,33.906,0.345111,1.37556,233.256,1,-2,0,0.4
0.275,0.545,30.7293,-0.0656967,1.4776,226.278,1,-2,0,0.4
0.275,0.555,25.6174,-0.752281,1.57712,224.971,1,-2,0,0.4
0.275,0.565,19.644,-2.24879,1.78372,230.047,1,-2,0,0.4
0.275,0.575,16.2357,-5.32493,2.25212,236.74,1,-2,0,0.4
0.275,0.585,18.2842,-9.30073,2.87712,230.842,1,-2,0,0.4
0.275,0.595,27.8636,-12.2471,3.202,209.163,1,-2,0,0.4
0.275,0.605,47.6043,-13.7538,3.1424,180.106,1,-2,0,0.4
0.275,0.615,78.56,-14.4232,2.97479,149.205,1,-2,0,0.4
0.275,0.625,120.008,-14.7169,2.8412,124.311,1,-2,0,0.4
0.275,0.635,170.706,-14.8504,2.76435,109.671,1,-2,0,0.4
0.275,0.645,229.298,-14.9152,2.7325,104.539,1,-2,0,0.4
0.275,0.655,294.52,-14.9491,2.73033,106.829,1,-2,0,0.4
0.275,0.665,365.1,-14.968,2.74618,114.597,1,-2,0,0.4
0.275,0.675,439.422,-14.9791,2.77181,126.142,1,-2,0,0.4
0.275,0.685,515.323,-14.9859,2.80155,139.968,1,-2,0,0.4
0.275,0.695,590.225,-14.9903,2.8318,154.809,1,-2,0,0.4
0.275,0.705,661.527,-14.9933,2.86049,169.658,1,-2,0,0.4
0.275,0.715,726.996,-14.9954,2.88656,183.774,1,-2,0,0.4
0.275,0.725,785.034,-14.9968,2.90951,196.655,1,-2,0,0.4
0.275,0.735,834.778,-14.9978,2.92922,208.007,1,-2,0,0.4
0.275,0.745,876.056,-14.9985,2.94576,217.701,1,-2,0,0.4
0.275,0.755,909.258,-14.999,2.95933,225.738,1,-2,0,0.4
0.275,0.765,935.17,-14.9994,2.9702,232.212,1,-2,0,0.4
0.275,0.775,954.807,-14.9996,2.97868,237.28,1,-2,0,0.4
0.275,0.785,969.264,-14.9998,2.98512,241.133,1,-2,0,0.4
0.275,0.795,979.609,-14.9999,2.98989,243.978,1,-2,0,0.4
0.275,0.805,986.806,-14.9999,2.9933,246.018,1,-2,0,0.4
0.275,0.815,991.673,-15,2.99568,247.437,1,-2,0,0.4
0.275,0.825,994.876,-15,2.99729,248.394,1,-2,0,0.4
0.275,0.835,996.925,-15,2.99835,249.021,1,-2,0,0.4
0.275,0.845,998.2,-15,2.99902,249.419,1,-2,0,0.4
0.275,0.855,998.972,-15,2.99943,249.664,1,-2,0,0.4
0.275,0.865,999.428,-15,2.99968,249.811,1,-2,0,0.4
0.275,0.875,999.689,-15,2.99983,249.896,1,-2,0,0.4
0.275,0.885,999.835,-15,2.99991,249.945,1,-2,0,0.4
0.275,0.895,999.915,-15,2.99995,249.971,1,-2,0,0.4
0.275,0.905,999.957,-15,2.99998,249.985,1,-2,0,0.4
0.275,0.915,999.979,-15,2.99999,249.993,1,-2,0,0.4
0.275,0.925,999.99,-15,2.99999,249.996,1,-2,0,0.4
0.275,0.935,999.995,-15,3,249.998,1,-2,0,0.4
0.275,0.945,999.998,-15,3,249.999,1,-2,0,0.4
0.275,0.955,999.999,-15,3,250,1,-2,0,0.4
0.275,0.965,1000,-15,3,250,1,-2,0,0.4
0.275,0.975,1000,-15,3,250,1,-2,0,0.4
0.275,0.985,1000,-15,3,250,1,-2,0,0.4
0.275,0.995,1000,-15,3,250,1,-2,0,0.4
0.285,0.005,60.587,5.20078,-13.5216,1248.37,1,-2,0,0.4
0.285,0.015,61.1999,5.287,-13.2913,1269.69,1,-2,0,0.4
0.285,0.025,61.6244,5.37114,-13.0646,1287.03,1,-2,0,0.4
0.285,0.035,61.8918,5.45379,-12.8388,1301.07,1,-2,0,0.4
0.285,0.045,62.0276,5.53542,-12.6118,1312.34,1,-2,0,0.4
0.285,0.055,62.0585,5.6155,-12.3819,1321.38,1,-2,0,0.4
0.285,0.065,62.0055,5.69308,-12.1483,1328.61,1,-2,0,0.4
0.285,0.075,61.8862,5.76692,-11.9104,1334.35,1,-2,0,0.4
0.285,0.085,61.7081,5.83644,-11.6681,1338.62,1,-2,0,0.4
0.285,0.095,61.475,5.90132,-11.4215,1341.32,1,-2,0,0.4
0.285,0.105,61.1913,5.96125,-11.1705,1342.36,1,-2,0,0.4
0.285,0.115,60.8627,6.01588,-10.915,1341.67,1,-2,0,0.4
0.285,0.125,60.4959,6.06481,-10.6549,1339.22,1,-2,0,0.4
0.285,0.135,60.0986,6.10755,-10.3901,1335.01,1,-2,0,0.4
0.285,0.145,59.6788,6.14354,-10.1202,1329.04,1,-2,0,0.4
0.285,0.155,59.2443,6.17217,-9.84495,1321.32,1,-2,0,0.4
0.285,0.165,58.8026,6.19278,-9.56427,1311.86,1,-2,0,0.4
0.285,0.175,58.3608,6.20467,-9.27801,1300.65,1,-2,0,0.4
0.285,0.185,57.9249,6.20715,-8.9861,1287.68,1,-2,0,0.4
0.285,0.195,57.5006,6.19951,-8.68857,1272.94,1,-2,0,0.4
0.285,0.205,57.0928,6.1811,-8.38549,1256.41,1,-2,0,0.4
0.285,0.215,56.7056,6.15129,-8.07706,1238.09,1,-2,0,0.4
0.285,0.225,56.3423,6.10954,-7.76351,1217.96,1,-2,0,0.4
0.285,0.235,56.0054,6.05537,-7.44518,1196.03,1,-2,0,0.4
0.285,0.245,55.6965,5.98843,-7.12247,1172.3,1,-2,0,0.4
0.285,0.255,55.4161,5.90845,-6.79586,1146.81,1,-2,0,0.4
0.285,0.265,55.1638,5.81529,-6.4659,1119.6,1,-2,0,0.4
0.285,0.275,54.9378,5.70894,-6.13318,1090.71,1,-2,0,0.4
0.285,0.285,54.7351,5.58947,-5.79832,1060.22,1,-2,0,0.4
0.285,0.295,54.5514,5.45701,-5.462,1028.21,1,-2,0,0.4
0.285,0.305,54.3978,5.31169,-5.12337,995.221,1,-2,0,0.4
0.285,0.315,54.2862,5.15469,-4.78136,961.812,1,-2,0,0.4
0.285,0.325,54.1624,4.98865,-4.4408,926.937,1,-2,0,0.4
0.285,0.335,54.0038,4.81543,-4.10288,890.465,1,-2,0,0.4
0.285,0.345,53.7972,4.63585,-3.76817,852.579,1,-2,0,0.4
0.285,0.355,53.5388,4.44983,-3.43708,813.708,1,-2,0,0.4
0.285,0.365,53.2124,4.25836,-3.11008,774.023,1,-2,0,0.4
0.285,0.375,52.8012,4.06245,-2.78755,733.711,1,-2,0,0.4
0.285,0.385,52.2885,3.86307,-2.46982,692.979,1,-2,0,0.4
0.285,0.395,51.6589,3.66115,-2.1571,652.052,1,-2,0,0.4
0.285,0.405,50.8988,3.45759,-1.84953,611.173,1,-2,0,0.4
0.285,0.415,49.9977,3.25316,-1.54722,570.599,1,-2,0,0.4
0.285,0.425,48.949,3.04852,-1.25019,530.601,1,-2,0,0.4
0.285,0.435,47.7513,2.8442,-0.958542,491.457,1,-2,0,0.4
0.285,0.445,46.4092,2.64052,-0.67242,453.453,1,-2,0,0.4
0.285,0.455,44.935,2.43756,-0.392176,416.885,1,-2,0,0.4
0.285,0.465,43.3659,2.23234,-0.118209,382.112,1,-2,0,0.4
0.285,0.475,41.7904,2.01079,0.150236,349.473,1,-2,0,0.4
0.285,0.485,40.0991,1.78791,0.412074,318.734,1,-2,0,0.4
0.285,0.495,38.364,1.56306,0.662418,290.713,1,-2,0,0.4
0.285,0.505,36.6867,1.33071,0.894601,266.194,1,-2,0,0.4
0.285,0.515,35.154,1.08078,1.10021,245.911,1,-2,0,0.4
0.285,0.525,33.6752,0.802519,1.26932,230.482,1,-2,0,0.4
0.285,0.535,31.7876,0.479537,1.39443,220.3,1,-2,0,0.4
0.285,0.545,28.6417,0.0538178,1.48293,215.231,1,-2,0,0.4
0.285,0.555,23.5672,-0.689485,1.58014,215.241,1,-2,0,0.4
0.285,0.565,17.9193,-2.35399,1.80762,221.111,1,-2,0,0.4
0.285,0.575,15.1504,-5.66932,2.31162,226.764,1,-2,0,0.4
0.285,0.585,17.7866,-9.66839,2.92359,218.87,1,-2,0,0.4
0.285,0.595,27.7996,-12.4643,3.19084,196.718,1,-2,0,0.4
0.285,0.605,47.7225,-13.8537,3.10384,168.638,1,-2,0,0.4
0.285,0.615,78.5487,-14.4655,2.94077,140.197,1,-2,0,0.4
0.285,0.625,119.811,-14.7339,2.8196,118.545,1,-2,0,0.4
0.285,0.635,170.417,-14.8571,2.75267,106.422,1,-2,0,0.4
0.285,0.645,228.98,-14.9179,2.72637,102.744,1,-2,0,0.4
0.285,0.655,294.179,-14.9503,2.72693,105.776,1,-2,0,0.4
0.285,0.665,364.741,-14.9685,2.74418,113.934,1,-2,0,0.4
0.285,0.675,439.078,-14.9794,2.77061,125.714,1,-2,0,0.4
0.285,0.685,515.029,-14.9861,2.80084,139.695,1,-2,0,0.4
0.285,0.695,590,-14.9904,2.8314,154.641,1,-2,0,0.4
0.285,0.705,661.371,-14.9934,2.86028,169.56,1,-2,0,0.4
0.285,0.715,726.896,-14.9954,2.88644,183.718,1,-2,0,0.4
0.285,0.725,784.975,-14.9968,2.90945,196.625,1,-2,0,0.4
0.285,0.735,834.745,-14.9978,2.92919,207.991,1,-2,0,0.4
0.285,0.745,876.039,-14.9985,2.94575,217.693,1,-2,0,0.4
0.285,0.755,909.249,-14.999,2.95933,225.735,1,-2,0,0.4
0.285,0.765,935.166,-14.9994,2.97019,232.21,1,-2,0,0.4
0.285,0.775,954.805,-14.9996,2.97868,237.279,1,-2,0,0.4
0.285,0.785,969.264,-14.9998,2.98512,241.133,1,-2,0,0.4
0.285,0.795,979.609,-14.9999,2.98989,243.978,1,-2,0,0.4
0.285,0.805,986.806,-14.9999,2.9933,246.018,1,-2,0,0.4
0.285,0.815,991.673,-15,2.99568,247.437,1,-2,0,0.4
0.285,0.825,994.876,-15,2.99729,248.394,1,-2,0,0.4
0.285,0.835,996.925,-15,2.99835,249.021,1,-2,0,0.4
0.285,0.845,998.2,-15,2.99902,249.419,1,-2,0,0.4
0.285,0.855,998.972,-15,2.99943,249.664,1,-2,0,0.4
0.285,0.865,999.428,-15,2.99968,249.811,1,-2,0,0.4
0.285,0.875,999.689,-15,2.99983,249.896,1,-2,0,0.4
0.285,0.885,999.835,-15,2.99991,249.945,1,-2,0,0.4
0.285,0.895,999.915,-15,2.99995,249.971,1,-2,0,0.4
0.285,0.905,999.957,-15,2.99998,249.985,1,-2,0,0.4
0.285,0.915,999.979,-15,2.99999,249.993,1,-2,0,0.4
0.285,0.925,999.99,-15,2.99999,249.996,1,-2,0,0.4
0.285,0.935,999.995,-15,3,249.998,1,-2,0,0.4
0.285,0.945,999.998,-15,3,249.999,1,-2,0,0.4
0.285,0.955,999.999,-15,3,250,1,-2,0,0.4
0.285,0.965,1000,-15,3,250,1,-2,0,0.4
0.285,0.975,1000,-15,3,250,1,-2,0,0.4
0.285,0.985,1000,-15,3,250,1,-2,0,0.4
0.285,0.995,1000,-15,3,250,1,-2,0,0.4
0.295,0.005,58.2403,5.36195,-13.409,1184.24,1,-2,0,0.4
0.295,0.015,58.7796,5.4479,-13.176,1203.32,1,-2,0,0.4
0.295,0.025,59.1365,5.53259,-12.9464,1218.48,1,-2,0,0.4
0.295,0.035,59.346,5.61574,-12.7181,1230.49,1,-2,0,0.4
0.295,0.045,59.4449,5.69644,-12.4891,1240.21,1,-2,0,0.4
0.295,0.055,59.4569,5.77425,-12.2575,1248.13,1,-2,0,0.4
0.295,0.065,59.3975,5.84875,-12.0223,1254.51,1,-2,0,0.4
0.295,0.075,59.2763,5.91946,-11.783,1259.43,1,-2,0,0.4
0.295,0.085,59.0993,5.98595,-11.5392,1262.89,1,-2,0,0.4
0.295,0.095,58.8707,6.04785,-11.2911,1264.82,1,-2,0,0.4
0.295,0.105,58.5952,6.10479,-11.0385,1265.14,1,-2,0,0.4
0.295,0.115,58.278,6.15639,-10.7814,1263.8,1,-2,0,0.4
0.295,0.125,57.9251,6.20224,-10.5197,1260.78,1,-2,0,0.4
0.295,0.135,57.5436,6.24185,-10.2533,1256.05,1,-2,0,0.4
0.295,0.145,57.1405,6.27466,-9.98185,1249.63,1,-2,0,0.4
0.295,0.155,56.7229,6.3001,-9.70524,1241.53,1,-2,0,0.4
0.295,0.165,56.2978,6.31752,-9.42331,1231.75,1,-2,0,0.4
0.295,0.175,55.8713,6.32627,-9.13597,1220.3,1,-2,0,0.4
0.295,0.185,55.4491,6.3257,-8.84319,1207.17,1,-2,0,0.4
0.295,0.195,55.0363,6.31515,-8.54501,1192.37,1,-2,0,0.4
0.295,0.205,54.6373,6.29402,-8.24154,1175.89,1,-2,0,0.4
0.295,0.215,54.2554,6.26174,-7.93299,1157.72,1,-2,0,0.4
0.295,0.225,53.8935,6.21781,-7.61961,1137.88,1,-2,0,0.4
0.295,0.235,53.5535,6.1618,-7.30175,1116.36,1,-2,0,0.4
0.295,0.245,53.2365,6.0934,-6.97982,1093.19,1,-2,0,0.4
0.295,0.255,52.9423,6.01238,-6.6543,1068.39,1,-2,0,0.4
0.295,0.265,52.6701,5.91862,-6.32573,1042.01,1,-2,0,0.4
0.295,0.275,52.4177,5.81212,-5.9947,1014.1,1,-2,0,0.4
0.295,0.285,52.1818,5.69295,-5.66183,984.738,1,-2,0,0.4
0.295,0.295,51.9579,5.56123,-5.32777,954,1,-2,0,0.4
0.295,0.305,51.7685,5.41713,-4.99045,922.692,1,-2,0,0.4
0.295,0.315,51.6004,5.26238,-4.65128,890.727,1,-2,0,0.4
0.295,0.325,51.4176,5.0986,-4.31391,857.528,1,-2,0,0.4
0.295,0.335,51.2128,4.92646,-3.97886,823.3,1,-2,0,0.4
0.295,0.345,50.9705,4.74715,-3.64682,788.096,1,-2,0,0.4
0.295,0.355,50.6603,4.5631,-3.31876,751.704,1,-2,0,0.4
0.295,0.365,50.2695,4.375,-2.995,714.361,1,-2,0,0.4
0.295,0.375,49.7964,4.18263,-2.67573,676.526,1,-2,0,0.4
0.295,0.385,49.2274,3.9869,-2.36118,638.406,1,-2,0,0.4
0.295,0.395,48.55,3.78869,-2.05158,600.213,1,-2,0,0.4
0.295,0.405,47.7533,3.58882,-1.74706,562.175,1,-2,0,0.4
0.295,0.415,46.8298,3.38801,-1.44773,524.531,1,-2,0,0.4
0.295,0.425,45.7756,3.18685,-1.15366,487.529,1,-2,0,0.4
0.295,0.435,44.5917,2.9858,-0.864997,451.426,1,-2,0,0.4
0.295,0.445,43.2847,2.78512,-0.58199,416.486,1,-2,0,0.4
0.295,0.455,41.8691,2.58475,-0.305123,382.985,1,-2,0,0.4
0.295,0.465,40.4041,2.37754,-0.0345821,351.306,1,-2,0,0.4
0.295,0.475,38.9183,2.1561,0.230023,321.519,1,-2,0,0.4
0.295,0.485,37.3411,1.93476,0.486496,293.708,1,-2,0,0.4
0.295,0.495,35.7601,1.71011,0.729122,268.658,1,-2,0,0.4
0.295,0.505,34.2696,1.47633,0.950837,247.079,1,-2,0,0.4
0.295,0.515,32.9431,1.22323,1.1429,229.628,1,-2,0,0.4
0.295,0.525,31.6434,0.940959,1.29588,216.795,1,-2,0,0.4
0.295,0.535,29.8545,0.612464,1.40471,208.757,1,-2,0,0.4
0.295,0.545,26.6946,0.169831,1.48189,205.223,1,-2,0,0.4
0.295,0.555,21.646,-0.640447,1.58081,206.299,1,-2,0,0.4
0.295,0.565,16.3594,-2.49323,1.83435,212.75,1,-2,0,0.4
0.295,0.575,14.2145,-6.03815,2.37274,217.06,1,-2,0,0.4
0.295,0.585,17.3847,-10.0228,2.96174,207.343,1,-2,0,0.4
0.295,0.595,27.7703,-12.6623,3.17223,184.963,1,-2,0,0.4
0.295,0.605,47.8117,-13.9424,3.0645,158.053,1,-2,0,0.4
0.295,0.615,78.5097,-14.5022,2.90901,132.244,1,-2,0,0.4
0.295,0.625,119.637,-14.7482,2.80061,113.646,1,-2,0,0.4
0.295,0.635,170.192,-14.8626,2.74272,103.705,1,-2,0,0.4
0.295,0.645,228.728,-14.9202,2.72111,101.216,1,-2,0,0.4
0.295,0.655,293.881,-14.9513,2.7239,104.842,1,-2,0,0.4
0.295,0.665,364.407,-14.9691,2.74233,113.324,1,-2,0,0.4
0.295,0.675,438.749,-14.9796,2.76948,125.311,1,-2,0,0.4
0.295,0.685,514.746,-14.9862,2.80017,139.437,1,-2,0,0.4
0.295,0.695,589.786,-14.9905,2.83102,154.483,1,-2,0,0.4
0.295,0.705,661.225,-14.9934,2.86007,169.468,1,-2,0,0.4
0.295,0.715,726.804,-14.9954,2.88634,183.667,1,-2,0,0.4
0.295,0.725,784.921,-14.9968,2.9094,196.598,1,-2,0,0.4
0.295,0.735,834.716,-14.9978,2.92916,207.978,1,-2,0,0.4
0.295,0.745,876.024,-14.9985,2.94574,217.687,1,-2,0,0.4
0.295,0.755,909.242,-14.999,2.95932,225.731,1,-2,0,0.4
0.295,0.765,935.163,-14.9994,2.97019,232.209,1,-2,0,0.4
0.295,0.775,954.804,-14.9996,2.97868,237.278,1,-2,0,0.4
0.295,0.785,969.263,-14.9998,2.98512,241.132,1,-2,0,0.4
0.295,0.795,979.609,-14.9999,2.98989,243.978,1,-2,0,0.4
0.295,0.805,986.805,-14.9999,2.9933,246.018,1,-2,0,0.4
0.295,0.815,991.673,-15,2.99568,247.437,1,-2,0,0.4
0.295,0.825,994.876,-15,2.99729,248.394,1,-2,0,0.4
0.295,0.835,996.924,-15,2.99835,249.021,1,-2,0,0.4
0.295,0.845,998.2,-15,2.99902,249.419,1,-2,0,0.4
0.295,0.855,998.972,-15,2.99943,249.664,1,-2,0,0.4
0.295,0.865,999.428,-15,2.99968,249.811,1,-2,0,0.4
0.295,0.875,999.689,-15,2.99983,249.896,1,-2,0,0.4
0.295,0.885,999.835,-15,2.99991,249.945,1,-2,0,0.4
0.295,0.895,999.915,-15,2.99995,249.971,1,-2,0,0.4
0.295,0.905,999.957,-15,2.99998,249.985,1,-2,0,0.4
0.295,0.915,999.979,-15,2.99999,249.993,1,-2,0,0.4
0.295,0.925,999.99,-15,2.99999,249.996,1,-2,0,0.4
0.295,0.935,999.995,-15,3,249.998,1,-2,0,0.4
0.295,0.945,999.998,-15,3,249.999,1,-2,0,0.4
0.295,0.955,999.999,-15,3,250,1,-2,0,0.4
0.295,0.965,1000,-15,3,250,1,-2,0,0.4
0.295,0.975,1000,-15,3,250,1,-2,0,0.4
0.295,0.985,1000,-15,3,250,1,-2,0,0.4
0.295,0.995,1000,-15,3,250,1,-2,0,0.4
0.305,0.005,55.8862,5.52807,-13.2955,1120.62,1,-2,0,0.4
0.305,0.015,56.3638,5.61333,-13.0609,1137.76,1,-2,0,0.4
0.305,0.025,56.6886,5.69575,-12.8294,1151.71,1,-2,0,0.4
0.305,0.035,56.885,5.77568,-12.599,1162.96,1,-2,0,0.4
0.305,0.045,56.9763,5.85312,-12.368,1171.98,1,-2,0,0.4
0.305,0.055,56.9827,5.92778,-12.1346,1179.17,1,-2,0,0.4
0.305,0.065,56.9191,5.99925,-11.8977,1184.78,1,-2,0,0.4
0.305,0.075,56.7958,6.06705,-11.6569,1188.92,1,-2,0,0.4
0.305,0.085,56.6195,6.13069,-11.4117,1191.61,1,-2,0,0.4
0.305,0.095,56.395,6.18976,-11.1621,1192.82,1,-2,0,0.4
0.305,0.105,56.1268,6.24386,-10.908,1192.48,1,-2,0,0.4
0.305,0.115,55.82,6.29259,-10.6495,1190.56,1,-2,0,0.4
0.305,0.125,55.4799,6.33551,-10.3864,1187.03,1,-2,0,0.4
0.305,0.135,55.1128,6.37215,-10.1185,1181.86,1,-2,0,0.4
0.305,0.145,54.7249,6.40197,-9.84568,1175.08,1,-2,0,0.4
0.305,0.155,54.3228,6.4244,-9.56785,1166.68,1,-2,0,0.4
0.305,0.165,53.9126,6.43885,-9.28486,1156.67,1,-2,0,0.4
0.305,0.175,53.4998,6.44467,-8.99663,1145.07,1,-2,0,0.4
0.305,0.185,53.0897,6.44128,-8.70318,1131.88,1,-2,0,0.4
0.305,0.195,52.6866,6.42805,-8.40455,1117.11,1,-2,0,0.4
0.305,0.205,52.2945,6.40442,-8.1009,1100.75,1,-2,0,0.4
0.305,0.215,51.9163,6.36989,-7.79243,1082.81,1,-2,0,0.4
0.305,0.225,51.5542,6.32398,-7.47942,1063.31,1,-2,0,0.4
0.305,0.235,51.2098,6.26633,-7.16222,1042.26,1,-2,0,0.4
0.305,0.245,50.8836,6.19665,-6.84124,1019.68,1,-2,0,0.4
0.305,0.255,50.5752,6.11475,-6.51698,995.612,1,-2,0,0.4
0.305,0.265,50.2833,6.02054,-6.18997,970.092,1,-2,0,0.4
0.305,0.275,50.0055,5.91403,-5.86078,943.18,1,-2,0,0.4
0.305,0.285,49.7383,5.79528,-5.53003,914.946,1,-2,0,0.4
0.305,0.295,49.4791,5.66443,-5.19814,885.521,1,-2,0,0.4
0.305,0.305,49.2561,5.52174,-4.86241,855.821,1,-2,0,0.4
0.305,0.315,49.0363,5.36929,-4.52627,825.27,1,-2,0,0.4
0.305,0.325,48.7979,5.20821,-4.19205,793.646,1,-2,0,0.4
0.305,0.335,48.5331,5.03919,-3.86037,761.11,1,-2,0,0.4
0.305,0.345,48.2315,4.86298,-3.53182,727.807,1,-2,0,0.4
0.305,0.355,47.8832,4.68029,-3.20668,693.916,1,-2,0,0.4
0.305,0.365,47.4699,4.49263,-2.88553,659.46,1,-2,0,0.4
0.305,0.375,46.9594,4.30273,-2.56918,624.237,1,-2,0,0.4
0.305,0.385,46.3476,4.11057,-2.25776,588.615,1,-2,0,0.4
0.305,0.395,45.6353,3.91599,-1.95126,553.011,1,-2,0,0.4
0.305,0.405,44.8147,3.71972,-1.64978,517.647,1,-2,0,0.4
0.305,0.415,43.8808,3.52241,-1.35345,482.745,1,-2,0,0.4
0.305,0.425,42.8319,3.32462,-1.06239,448.535,1,-2,0,0.4
0.305,0.435,41.6709,3.12672,-0.7768,415.253,1,-2,0,0.4
0.305,0.445,40.4063,2.92891,-0.497032,383.142,1,-2,0,0.4
0.305,0.455,39.0539,2.73099,-0.223698,352.459,1,-2,0,0.4
0.305,0.465,37.6968,2.52018,0.0432807,323.603,1,-2,0,0.4
0.305,0.475,36.2916,2.30069,0.303617,296.428,1,-2,0,0.4
0.305,0.485,34.832,2.08053,0.553965,271.328,1,-2,0,0.4
0.305,0.495,33.4021,1.85575,0.78814,249.003,1,-2,0,0.4
0.305,0.505,32.0891,1.62027,0.998655,230.095,1,-2,0,0.4
0.305,0.515,30.9504,1.36394,1.17664,215.182,1,-2,0,0.4
0.305,0.525,29.8036,1.07792,1.31362,204.614,1,-2,0,0.4
0.305,0.535,28.0754,0.744005,1.40747,198.362,1,-2,0,0.4
0.305,0.545,24.8669,0.281452,1.47581,196.056,1,-2,0,0.4
0.305,0.555,19.842,-0.608329,1.58061,198.007,1,-2,0,0.4
0.305,0.565,14.9535,-2.67007,1.865,204.809,1,-2,0,0.4
0.305,0.575,13.4105,-6.42713,2.4343,207.548,1,-2,0,0.4
0.305,0.585,17.0625,-10.3611,2.99062,196.244,1,-2,0,0.4
0.305,0.595,27.7615,-12.8422,3.14703,173.87,1,-2,0,0.4
0.305,0.605,47.8695,-14.0209,3.02506,148.353,1,-2,0,0.4
0.305,0.615,78.4526,-14.5338,2.87979,125.29,1,-2,0,0.4
0.305,0.625,119.496,-14.7603,2.78416,109.521,1,-2,0,0.4
0.305,0.635,170.03,-14.8673,2.7343,101.438,1,-2,0,0.4
0.305,0.645,228.531,-14.9221,2.71654,99.9049,1,-2,0,0.4
0.305,0.655,293.617,-14.9522,2.72114,104.002,1,-2,0,0.4
0.305,0.665,364.091,-14.9695,2.74059,112.755,1,-2,0,0.4
0.305,0.675,438.43,-14.9799,2.7684,124.93,1,-2,0,0.4
0.305,0.685,514.473,-14.9864,2.79954,139.192,1,-2,0,0.4
0.305,0.695,589.581,-14.9906,2.83067,154.334,1,-2,0,0.4
0.305,0.705,661.086,-14.9934,2.85988,169.382,1,-2,0,0.4
0.305,0.715,726.719,-14.9954,2.88624,183.62,1,-2,0,0.4
0.305,0.725,784.872,-14.9968,2.90935,196.574,1,-2,0,0.4
0.305,0.735,834.69,-14.9978,2.92914,207.965,1,-2,0,0.4
0.305,0.745,876.01,-14.9986,2.94573,217.681,1,-2,0,0.4
0.305,0.755,909.235,-14.999,2.95931,225.729,1,-2,0,0.4
0.305,0.765,935.16,-14.9994,2.97019,232.208,1,-2,0,0.4
0.305,0.775,954.802,-14.9996,2.97867,237.278,1,-2,0,0.4
0.305,0.785,969.262,-14.9998,2.98512,241.132,1,-2,0,0.4
0.305,0.795,979.608,-14.9999,2.98989,243.978,1,-2,0,0.4
0.305,0.805,986.805,-14.9999,2.9933,246.018,1,-2,0,0.4
0.305,0.815,991.673,-15,2.99568,247.437,1,-2,0,0.4
0.305,0.825,994.876,-15,2.99729,248.394,1,-2,0,0.4
0.305,0.835,996.924,-15,2.99835,249.021,1,-2,0,0.4
0.305,0.845,998.2,-15,2.99902,249.419,1,-2,0,0.4
0.305,0.855,998.972,-15,2.99943,249.664,1,-2,0,0.4
0.305,0.865,999.428,-15,2.99968,249.811,1,-2,0,0.4
0.305,0.875,999.689,-15,2.99983,249.896,1,-2,0,0.4
0.305,0.885,999.835,-15,2.99991,249.945,1,-2,0,0.4
0.305,0.895,999.915,-15,2.99995,249.971,1,-2,0,0.4
0.305,0.905,999.957,-15,2.99998,249.985,1,-2,0,0.4
0.305,0.915,999.979,-15,2.99999,249.993,1,-2,0,0.4
0.305,0.925,999.99,-15,2.99999,249.996,1,-2,0,0.4
0.305,0.935,999.995,-15,3,249.998,1,-2,0,0.4
0.305,0.945,999.998,-15,3,249.999,1,-2,0,0.4
0.305,0.955,999.999,-15,3,250,1,-2,0,0.4
0.305,0.965,1000,-15,3,250,1,-2,0,0.4
0.305,0.975,1000,-15,3,250,1,-2,0,0.4
0.305,0.985,1000,-15,3,250,1,-2,0,0.4
0.305,0.995,1000,-15,3,250,1,-2,0,0.4
0.315,0.005,53.6047,5.69205,-13.1834,1059.75,1,-2,0,0.4
0.315,0.015,54.053,5.77405,-12.9471,1075.82,1,-2,0,0.4
0.315,0.025,54.3584,5.85336,-12.7136,1088.9,1,-2,0,0.4
0.315,0.035,54.542,5.93026,-12.4812,1099.38,1,-2,0,0.4
0.315,0.045,54.6249,6.00474,-12.2482,1107.68,1,-2,0,0.4
0.315,0.055,54.6254,6.07651,-12.0129,1114.14,1,-2,0,0.4
0.315,0.065,54.558,6.14514,-11.7745,1119.01,1,-2,0,0.4
0.315,0.075,54.433,6.21016,-11.5321,1122.42,1,-2,0,0.4
0.315,0.085,54.2576,6.27106,-11.2855,1124.41,1,-2,0,0.4
0.315,0.095,54.0369,6.32741,-11.0346,1124.96,1,-2,0,0.4
0.315,0.105,53.7756,6.37878,-10.7792,1124.03,1,-2,0,0.4
0.315,0.115,53.4783,6.42474,-10.5193,1121.59,1,-2,0,0.4
0.315,0.125,53.1498,6.46487,-10.2548,1117.62,1,-2,0,0.4
0.315,0.135,52.7958,6.49867,-9.98565,1112.09,1,-2,0,0.4
0.315,0.145,52.4219,6.52565,-9.7117,1105.01,1,-2,0,0.4
0.315,0.155,52.0338,6.54524,-9.43283,1096.39,1,-2,0,0.4
0.315,0.165,51.6369,6.55688,-9.14896,1086.24,1,-2,0,0.4
0.315,0.175,51.2364,6.55998,-8.86004,1074.57,1,-2,0,0.4
0.315,0.185,50.8368,6.55396,-8.56611,1061.39,1,-2,0,0.4
0.315,0.195,50.4421,6.53826,-8.26725,1046.71,1,-2,0,0.4
0.315,0.205,50.0555,6.51236,-7.96361,1030.55,1,-2,0,0.4
0.315,0.215,49.6797,6.47578,-7.65542,1012.91,1,-2,0,0.4
0.315,0.225,49.3166,6.42811,-7.34296,993.816,1,-2,0,0.4
0.315,0.235,48.967,6.36902,-7.02661,973.282,1,-2,0,0.4
0.315,0.245,48.6314,6.29825,-6.70677,951.34,1,-2,0,0.4
0.315,0.255,48.3091,6.21566,-6.38393,928.027,1,-2,0,0.4
0.315,0.265,47.9984,6.12116,-6.05861,903.391,1,-2,0,0.4
0.315,0.275,47.6968,6.01478,-5.73139,877.49,1,-2,0,0.4
0.315,0.285,47.4009,5.89659,-5.40286,850.395,1,-2,0,0.4
0.315,0.295,47.1126,5.76668,-5.07295,822.344,1,-2,0,0.4
0.315,0.305,46.8559,5.62566,-4.73928,794.121,1,-2,0,0.4
0.315,0.315,46.5907,5.47555,-4.40621,764.983,1,-2,0,0.4
0.315,0.325,46.304,5.31717,-4.07518,734.916,1,-2,0,0.4
0.315,0.335,45.9879,5.15122,-3.74683,704.053,1,-2,0,0.4
0.315,0.345,45.6333,4.97842,-3.42163,672.538,1,-2,0,0.4
0.315,0.355,45.2307,4.79954,-3.09997,640.525,1,-2,0,0.4
0.315,0.365,44.7703,4.61533,-2.78231,608.17,1,-2,0,0.4
0.315,0.375,44.2447,4.42635,-2.46872,575.684,1,-2,0,0.4
0.315,0.385,43.6313,4.23474,-2.15971,542.991,1,-2,0,0.4
0.315,0.395,42.9038,4.04305,-1.85599,509.98,1,-2,0,0.4
0.315,0.405,42.0707,3.85025,-1.5575,477.138,1,-2,0,0.4
0.315,0.415,41.1362,3.65635,-1.26419,444.799,1,-2,0,0.4
0.315,0.425,40.1012,3.46181,-0.976179,413.185,1,-2,0,0.4
0.315,0.435,38.9703,3.26694,-0.693741,382.514,1,-2,0,0.4
0.315,0.445,37.7533,3.07186,-0.417332,353.011,1,-2,0,0.4
0.315,0.455,36.4728,2.87508,-0.147647,324.929,1,-2,0,0.4
0.315,0.465,35.2106,2.66186,0.115528,298.617,1,-2,0,0.4
0.315,0.475,33.8887,2.44447,0.37111,273.869,1,-2,0,0.4
0.315,0.485,32.547,2.2252,0.614654,251.269,1,-2,0,0.4
0.315,0.495,31.263,2.00005,0.839706,231.433,1,-2,0,0.4
0.315,0.505,30.1163,1.76266,1.03842,214.946,1,-2,0,0.4
0.315,0.515,29.1451,1.50317,1.20208,202.292,1,-2,0,0.4
0.315,0.525,28.1227,1.21372,1.3236,193.676,1,-2,0,0.4
0.315,0.535,26.419,0.874166,1.40412,188.897,1,-2,0,0.4
0.315,0.545,23.1363,0.387489,1.46619,187.584,1,-2,0,0.4
0.315,0.555,18.1492,-0.596751,1.58103,190.278,1,-2,0,0.4
0.315,0.565,13.6945,-2.8869,1.90038,197.177,1,-2,0,0.4
0.315,0.575,12.7243,-6.83052,2.49474,198.21,1,-2,0,0.4
0.315,0.585,16.8063,-10.681,3.00964,185.581,1,-2,0,0.4
0.315,0.595,27.7618,-13.0047,3.11623,163.433,1,-2,0,0.4
0.315,0.605,47.8968,-14.0901,2.98619,139.539,1,-2,0,0.4
0.315,0.615,78.3881,-14.5608,2.85336,119.274,1,-2,0,0.4
0.315,0.625,119.396,-14.7703,2.77013,106.08,1,-2,0,0.4
0.315,0.635,169.929,-14.8711,2.72723,99.5493,1,-2,0,0.4
0.315,0.645,228.382,-14.9238,2.71256,98.7663,1,-2,0,0.4
0.315,0.655,293.379,-14.9531,2.7186,103.233,1,-2,0,0.4
0.315,0.665,363.786,-14.97,2.73893,112.218,1,-2,0,0.4
0.315,0.675,438.12,-14.9801,2.76736,124.565,1,-2,0,0.4
0.315,0.685,514.209,-14.9865,2.79893,138.959,1,-2,0,0.4
0.315,0.695,589.386,-14.9907,2.83033,154.194,1,-2,0,0.4
0.315,0.705,660.957,-14.9935,2.85971,169.302,1,-2,0,0.4
0.315,0.715,726.64,-14.9954,2.88615,183.577,1,-2,0,0.4
0.315,0.725,784.828,-14.9968,2.9093,196.551,1,-2,0,0.4
0.315,0.735,834.666,-14.9978,2.92912,207.954,1,-2,0,0.4
0.315,0.745,875.998,-14.9986,2.94572,217.676,1,-2,0,0.4
0.315,0.755,909.23,-14.999,2.95931,225.726,1,-2,0,0.4
0.315,0.765,935.157,-14.9994,2.97019,232.207,1,-2,0,0.4
0.315,0.775,954.801,-14.9996,2.97867,237.277,1,-2,0,0.4
0.315,0.785,969.262,-14.9998,2.98512,241.132,1,-2,0,0.4
0.315,0.795,979.608,-14.9999,2.98988,243.978,1,-2,0,0.4
0.315,0.805,986.805,-14.9999,2.9933,246.018,1,-2,0,0.4
0.315,0.815,991.673,-15,2.99568,247.437,1,-2,0,0.4
0.315,0.825,994.876,-15,2.99729,248.394,1,-2,0,0.4
0.315,0.835,996.924,-15,2.99835,249.021,1,-2,0,0.4
0.315,0.845,998.2,-15,2.99902,249.419,1,-2,0,0.4
0.315,0.855,998.972,-15,2.99943,249.664,1,-2,0,0.4
0.315,0.865,999.428,-15,2.99968,249.811,1,-2,0,0.4
0.315,0.875,999.689,-15,2.99983,249.896,1,-2,0,0.4
0.315,0.885,999.835,-15,2.99991,249.945,1,-2,0,0.4
0.315,0.895,999.915,-15,2.99995,249.971,1,-2,0,0.4
0.315,0.905,999.957,-15,2.99998,249.985,1,-2,0,0.4
0.315,0.915,999.979,-15,2.99999,249.993,1,-2,0,0.4
0.315,0.925,999.99,-15,2.99999,249.996,1,-2,0,0.4
0.315,0.935,999.995,-15,3,249.998,1,-2,0,0.4
0.315,0.945,999.998,-15,3,249.999,1,-2,0,0.4
0.315,0.955,999.999,-15,3,250,1,-2,0,0.4
0.315,0.965,1000,-15,3,250,1,-2,0,0.4
0.315,0.975,1000,-15,3,250,1,-2,0,0.4
0.315,0.985,1000,-15,3,250,1,-2,0,0.4
0.315,0.995,1000,-15,3,250,1,-2,0,0.4
0.325,0.005,51.4304,5.8504,-13.0723,1002.51,1,-2,0,0.4
0.325,0.015,51.849,5.92953,-12.8345,1017.48,1,-2,0,0.4
0.325,0.025,52.1346,6.00604,-12.5991,1029.64,1,-2,0,0.4
0.325,0.035,52.3054,6.08017,-12.3647,1039.35,1,-2,0,0.4
0.325,0.045,52.38,6.15188,-12.1296,1046.93,1,-2,0,0.4
0.325,0.055,52.3752,6.2209,-11.8926,1052.71,1,-2,0,0.4
0.325,0.065,52.3046,6.28682,-11.6526,1056.89,1,-2,0,0.4
0.325,0.075,52.1786,6.34915,-11.4088,1059.63,1,-2,0,0.4
0.325,0.085,52.0045,6.4074,-11.1608,1060.98,1,-2,0,0.4
0.325,0.095,51.7877,6.46111,-10.9086,1060.94,1,-2,0,0.4
0.325,0.105,51.5328,6.50982,-10.6519,1059.49,1,-2,0,0.4
0.325,0.115,51.2441,6.55312,-10.3908,1056.6,1,-2,0,0.4
0.325,0.125,50.9263,6.59054,-10.1251,1052.24,1,-2,0,0.4
0.325,0.135,50.5842,6.62164,-9.8549,1046.41,1,-2,0,0.4
0.325,0.145,50.2229,6.6459,-9.57995,1039.1,1,-2,0,0.4
0.325,0.155,49.8474,6.6628,-9.30023,1030.33,1,-2,0,0.4
0.325,0.165,49.4626,6.6718,-9.01567,1020.1,1,-2,0,0.4
0.325,0.175,49.073,6.67235,-8.72626,1008.43,1,-2,0,0.4
0.325,0.185,48.6827,6.66389,-8.43205,995.339,1,-2,0,0.4
0.325,0.195,48.2951,6.64591,-8.13314,980.83,1,-2,0,0.4
0.325,0.205,47.9131,6.61793,-7.82971,964.925,1,-2,0,0.4
0.325,0.215,47.539,6.57951,-7.52198,947.641,1,-2,0,0.4
0.325,0.225,47.1741,6.53028,-7.21026,929,1,-2,0,0.4
0.325,0.235,46.8193,6.46995,-6.89492,909.028,1,-2,0,0.4
0.325,0.245,46.4745,6.39829,-6.57638,887.759,1,-2,0,0.4
0.325,0.255,46.1389,6.31517,-6.2551,865.233,1,-2,0,0.4
0.325,0.265,45.8107,6.22055,-5.93162,841.501,1,-2,0,0.4
0.325,0.275,45.4875,6.11445,-5.60648,816.622,1,-2,0,0.4
0.325,0.285,45.1657,5.99694,-5.28026,790.669,1,-2,0,0.4
0.325,0.295,44.8539,5.86811,-4.95216,764.026,1,-2,0,0.4
0.325,0.305,44.5649,5.72893,-4.62095,737.18,1,-2,0,0.4
0.325,0.315,44.2601,5.58118,-4.29098,709.443,1,-2,0,0.4
0.325,0.325,43.932,5.42551,-3.96315,680.903,1,-2,0,0.4
0.325,0.335,43.5726,5.2626,-3.63808,651.679,1,-2,0,0.4
0.325,0.345,43.1741,5.09316,-3.31621,621.906,1,-2,0,0.4
0.325,0.355,42.7278,4.91793,-2.99795,591.727,1,-2,0,0.4
0.325,0.365,42.2255,4.73762,-2.68364,561.294,1,-2,0,0.4
0.325,0.375,41.6594,4.55294,-2.37351,530.772,1,-2,0,0.4
0.325,0.385,41.0232,4.36453,-2.06784,500.335,1,-2,0,0.4
0.325,0.395,40.3131,4.17276,-1.76659,470.193,1,-2,0,0.4
0.325,0.405,39.5035,3.98068,-1.47039,440.16,1,-2,0,0.4
0.325,0.415,38.5812,3.78984,-1.1798,410.284,1,-2,0,0.4
0.325,0.425,37.5677,3.59841,-0.894835,381.089,1,-2,0,0.4
0.325,0.435,36.4723,3.40646,-0.615622,352.835,1,-2,0,0.4
0.325,0.445,35.3068,3.21397,-0.342707,325.738,1,-2,0,0.4
0.325,0.455,34.1055,3.01685,-0.0767322,300.066,1,-2,0,0.4
0.325,0.465,32.9224,2.80304,0.18235,276.019,1,-2,0,0.4
0.325,0.475,31.6888,2.5874,0.432617,253.546,1,-2,0,0.4
0.325,0.485,30.4632,2.36878,0.668794,233.246,1,-2,0,0.4
0.325,0.495,29.3183,2.14302,0.884159,215.68,1,-2,0,0.4
0.325,0.505,28.3255,1.90358,1.07068,201.377,1,-2,0,0.4
0.325,0.515,27.4998,1.64108,1.22009,190.721,1,-2,0,0.4
0.325,0.525,26.5714,1.34855,1.32706,183.772,1,-2,0,0.4
0.325,0.535,24.8582,1.00276,1.396,180.201,1,-2,0,0.4
0.325,0.545,21.4851,0.486447,1.45431,179.712,1,-2,0,0.4
0.325,0.555,16.5653,-0.609621,1.58335,183.056,1,-2,0,0.4
0.325,0.565,12.576,-3.14456,1.94086,189.779,1,-2,0,0.4
0.325,0.575,12.1432,-7.24182,2.55227,189.054,1,-2,0,0.4
0.325,0.585,16.6037,-10.9806,3.01854,175.365,1,-2,0,0.4
0.325,0.595,27.7617,-13.151,3.08084,153.655,1,-2,0,0.4
0.325,0.605,47.8963,-14.1506,2.94855,131.61,1,-2,0,0.4
0.325,0.615,78.3267,-14.5837,2.82987,114.135,1,-2,0,0.4
0.325,0.625,119.341,-14.7787,2.75836,103.241,1,-2,0,0.4
0.325,0.635,169.884,-14.8743,2.72131,97.9754,1,-2,0,0.4
0.325,0.645,228.271,-14.9252,2.70903,97.7636,1,-2,0,0.4
0.325,0.655,293.157,-14.9538,2.71622,102.518,1,-2,0,0.4
0.325,0.665,363.488,-14.9704,2.73733,111.704,1,-2,0,0.4
0.325,0.675,437.816,-14.9804,2.76636,124.216,1,-2,0,0.4
0.325,0.685,513.953,-14.9866,2.79835,138.737,1,-2,0,0.4
0.325,0.695,589.199,-14.9907,2.83002,154.062,1,-2,0,0.4
0.325,0.705,660.835,-14.9935,2.85955,169.228,1,-2,0,0.4
0.325,0.715,726.567,-14.9955,2.88607,183.538,1,-2,0,0.4
0.325,0.725,784.787,-14.9969,2.90927,196.532,1,-2,0,0.4
0.325,0.735,834.645,-14.9978,2.9291,207.945,1,-2,0,0.4
0.325,0.745,875.988,-14.9986,2.94571,217.671,1,-2,0,0.4
0.325,0.755,909.225,-14.999,2.95931,225.724,1,-2,0,0.4
0.325,0.765,935.155,-14.9994,2.97019,232.206,1,-2,0,0.4
0.325,0.775,954.8,-14.9996,2.97867,237.277,1,-2,0,0.4
0.325,0.785,969.261,-14.9998,2.98512,241.132,1,-2,0,0.4
0.325,0.795,979.608,-14.9999,2.98988,243.978,1,-2,0,0.4
0.325,0.805,986.805,-14.9999,2.9933,246.018,1,-2,0,0.4
0.325,0.815,991.673,-15,2.99568,247.437,1,-2,0,0.4
0.325,0.825,994.876,-15,2.99729,248.394,1,-2,0,0.4
0.325,0.835,996.924,-15,2.99835,249.021,1,-2,0,0.4
0.325,0.845,998.2,-15,2.99902,249.419,1,-2,0,0.4
0.325,0.855,998.972,-15,2.99943,249.664,1,-2,0,0.4
0.325,0.865,999.428,-15,2.99968,249.811,1,-2,0,0.4
0.325,0.875,999.689,-15,2.99983,249.896,1,-2,0,0.4
0.325,0.885,999.835,-15,2.99991,249.945,1,-2,0,0.4
0.325,0.895,999.915,-15,2.99995,249.971,1,-2,0,0.4
0.325,0.905,999.957,-15,2.99998,249.985,1,-2,0,0.4
0.325,0.915,999.979,-15,2.99999,249.993,1,-2,0,0.4
0.325,0.925,999.99,-15,2.99999,249.996,1,-2,0,0.4
0.325,0.935,999.995,-15,3,249.998,1,-2,0,0.4
0.325,0.945,999.998,-15,3,249.999,1,-2,0,0.4
0.325,0.955,999.999,-15,3,250,1,-2,0,0.4
0.325,0.965,1000,-15,3,250,1,-2,0,0.4
0.325,0.975,1000,-15,3,250,1,-2,0,0.4
0.325,0.985,1000,-15,3,250,1,-2,0,0.4
0.325,0.995,1000,-15,3,250,1,-2,0,0.4
0.335,0.005,49.3518,6.00395,-12.9623,948.474,0.91607,-1.93497,0,0.353802
0.335,0.015,49.7418,6.08043,-12.7229,962.358,0.91607,-1.93497,0,0.353802
0.335,0.025,50.0081,6.15434,-12.4857,973.632,0.91607,-1.93497,0,0.353802
0.335,0.035,50.1665,6.22586,-12.2493,982.571,0.91607,-1.93497,0,0.353802
0.335,0.045,50.2334,6.29493,-12.0124,989.471,0.91607,-1.93497,0,0.353802
0.335,0.055,50.224,6.36132,-11.7736,994.598,0.91607,-1.93497,0,0.353802
0.335,0.065,50.1512,6.42461,-11.532,998.162,0.91607,-1.93497,0,0.353802
0.335,0.075,50.0248,6.48433,-11.2868,1000.3,0.91607,-1.93497,0,0.353802
0.335,0.085,49.8524,6.53999,-11.0376,1001.08,0.91607,-1.93497,0,0.353802
0.335,0.095,49.6394,6.59112,-10.7842,1000.51,0.91607,-1.93497,0,0.353802
0.335,0.105,49.3906,6.63725,-10.5264,998.598,0.91607,-1.93497,0,0.353802
0.335,0.115,49.11,6.67795,-10.2642,995.312,0.91607,-1.93497,0,0.353802
0.335,0.125,48.802,6.71278,-9.99748,990.637,0.91607,-1.93497,0,0.353802
0.335,0.135,48.4707,6.74127,-9.7263,984.563,0.91607,-1.93497,0,0.353802
0.335,0.145,48.1208,6.76294,-9.45053,977.09,0.91607,-1.93497,0,0.353802
0.335,0.155,47.7567,6.77728,-9.17012,968.226,0.91607,-1.93497,0,0.353802
0.335,0.165,47.3827,6.78379,-8.88505,957.983,0.91607,-1.93497,0,0.353802
0.335,0.175,47.0029,6.78194,-8.59534,946.375,0.91607,-1.93497,0,0.353802
0.335,0.185,46.6207,6.77122,-8.30103,933.42,0.91607,-1.93497,0,0.353802
0.335,0.195,46.2393,6.75115,-8.00226,919.136,0.91607,-1.93497,0,0.353802
0.335,0.205,45.8612,6.72127,-7.69922,903.542,0.91607,-1.93497,0,0.353802
0.335,0.215,45.4882,6.68121,-7.39213,886.661,0.91607,-1.93497,0,0.353802
0.335,0.225,45.1215,6.63061,-7.08133,868.519,0.91607,-1.93497,0,0.353802
0.335,0.235,44.7615,6.56922,-6.76716,849.147,0.91607,-1.93497,0,0.353802
0.335,0.245,44.4082,6.49685,-6.45005,828.581,0.91607,-1.93497,0,0.353802
0.335,0.255,44.0604,6.41338,-6.13047,806.865,0.91607,-1.93497,0,0.353802
0.335,0.265,43.7164,6.31879,-5.80893,784.052,0.91607,-1.93497,0,0.353802
0.335,0.275,43.3737,6.21311,-5.48597,760.201,0.91607,-1.93497,0,0.353802
0.335,0.285,43.0291,6.09641,-5.16214,735.387,0.91607,-1.93497,0,0.353802
0.335,0.295,42.6989,5.96879,-4.83571,710.164,0.91607,-1.93497,0,0.353802
0.335,0.305,42.3795,5.83158,-4.50729,684.615,0.91607,-1.93497,0,0.353802
0.335,0.315,42.041,5.68621,-4.18043,658.257,0.91607,-1.93497,0,0.353802
0.335,0.325,41.6777,5.53324,-3.8558,631.21,0.91607,-1.93497,0,0.353802
0.335,0.335,41.2824,5.37334,-3.53398,603.58,0.91607,-1.93497,0,0.353802
0.335,0.345,40.848,5.20721,-3.2154,575.494,0.91607,-1.93497,0,0.353802
0.335,0.355,40.367,5.03553,-2.90045,547.085,0.91607,-1.93497,0,0.353802
0.335,0.365,39.8324,4.85902,-2.58944,518.498,0.91607,-1.93497,0,0.353802
0.335,0.375,39.2376,4.67833,-2.28264,489.884,0.91607,-1.93497,0,0.353802
0.335,0.385,38.5775,4.49408,-1.98027,461.407,0.91607,-1.93497,0,0.353802
0.335,0.395,37.8484,4.30678,-1.68248,433.236,0.91607,-1.93497,0,0.353802
0.335,0.405,37.0498,4.11683,-1.38939,405.561,0.91607,-1.93497,0,0.353802
0.335,0.415,36.1797,3.92479,-1.10109,378.514,0.91607,-1.93497,0,0.353802
0.335,0.425,35.2128,3.73453,-0.818507,351.857,0.91607,-1.93497,0,0.353802
0.335,0.435,34.1599,3.54529,-0.542322,325.876,0.91607,-1.93497,0,0.353802
0.335,0.445,33.0487,3.35526,-0.272959,301.004,0.91607,-1.93497,0,0.353802
0.335,0.455,31.9291,3.15656,-0.0107715,277.546,0.91607,-1.93497,0,0.353802
0.335,0.465,30.8166,2.94363,0.243915,255.564,0.91607,-1.93497,0,0.353802
0.335,0.475,29.6726,2.72944,0.488326,235.2,0.91607,-1.93497,0,0.353802
0.335,0.485,28.56,2.51123,0.716646,217.013,0.91607,-1.93497,0,0.353802
0.335,0.495,27.5464,2.28467,0.921881,201.515,0.91607,-1.93497,0,0.353802
0.335,0.505,26.6943,2.04306,1.09599,189.177,0.91607,-1.93497,0,0.353802
0.335,0.515,25.9921,1.77775,1.23149,180.277,0.91607,-1.93497,0,0.353802
0.335,0.525,25.1275,1.48248,1.325,174.742,0.91607,-1.93497,0,0.353802
0.335,0.535,23.3743,1.1294,1.38407,172.166,0.91607,-1.93497,0,0.353802
0.335,0.545,19.904,0.576469,1.44103,172.384,0.91607,-1.93497,0,0.353802
0.335,0.555,15.0931,-0.651083,1.58858,176.301,0.91607,-1.93497,0,0.353802
0.335,0.565,11.591,-3.44224,1.98631,182.552,0.91607,-1.93497,0,0.353802
0.335,0.575,11.6545,-7.65445,2.60492,180.1,0.91607,-1.93497,0,0.353802
0.335,0.585,16.4431,-11.259,3.01733,165.604,0.91607,-1.93497,0,0.353802
0.335,0.595,27.7539,-13.2821,3.04189,144.543,0.91607,-1.93497,0,0.353802
0.335,0.605,47.8732,-14.2032,2.91276,124.556,0.91607,-1.93497,0,0.353802
0.335,0.615,78.2788,-14.603,2.80943,109.807,0.91607,-1.93497,0,0.353802
0.335,0.625,119.337,-14.7856,2.74869,100.925,0.91607,-1.93497,0,0.353802
0.335,0.635,169.891,-14.877,2.71637,96.6593,0.91607,-1.93497,0,0.353802
0.335,0.645,228.189,-14.9265,2.70586,96.8652,0.91607,-1.93497,0,0.353802
0.335,0.655,292.945,-14.9545,2.71396,101.842,0.91607,-1.93497,0,0.353802
0.335,0.665,363.193,-14.9708,2.73579,111.209,0.91607,-1.93497,0,0.353802
0.335,0.675,437.516,-14.9806,2.7654,123.879,0.91607,-1.93497,0,0.353802
0.335,0.685,513.705,-14.9867,2.7978,138.525,0.91607,-1.93497,0,0.353802
0.335,0.695,589.021,-14.9908,2.82972,153.937,0.91607,-1.93497,0,0.353802
0.335,0.705,660.721,-14.9935,2.85939,169.159,0.91607,-1.93497,0,0.353802
0.335,0.715,726.501,-14.9955,2.886,183.502,0.91607,-1.93497,0,0.353802
0.335,0.725,784.751,-14.9969,2.90923,196.514,0.91607,-1.93497,0,0.353802
0.335,0.735,834.626,-14.9978,2.92909,207.936,0.91607,-1.93497,0,0.353802
0.335,0.745,875.979,-14.9986,2.9457,217.667,0.91607,-1.93497,0,0.353802
0.335,0.755,909.221,-14.999,2.9593,225.723,0.91607,-1.93497,0,0.353802
0.335,0.765,935.153,-14.9994,2.97018,232.205,0.91607,-1.93497,0,0.353802
0.335,0.775,954.8,-14.9996,2.97867,237.277,0.91607,-1.93497,0,0.353802
0.335,0.785,969.261,-14.9998,2.98512,241.132,0.91607,-1.93497,0,0.353802
0.335,0.795,979.608,-14.9999,2.98988,243.978,0.91607,-1.93497,0,0.353802
0.335,0.805,986.805,-14.9999,2.9933,246.018,0.91607,-1.93497,0,0.353802
0.335,0.815,991.673,-15,2.99568,247.437,0.91607,-1.93497,0,0.353802
0.335,0.825,994.876,-15,2.99729,248.394,0.91607,-1.93497,0,0.353802
0.335,0.835,996.924,-15,2.99835,249.021,0.91607,-1.93497,0,0.353802
0.335,0.845,998.2,-15,2.99902,249.419,0.91607,-1.93497,0,0.353802
0.335,0.855,998.972,-15,2.99943,249.664,0.91607,-1.93497,0,0.353802
0.335,0.865,999.428,-15,2.99968,249.811,0.91607,-1.93497,0,0.353802
0.335,0.875,999.689,-15,2.99983,249.896,0.91607,-1.93497,0,0.353802
0.335,0.885,999.835,-15,2.99991,249.945,0.91607,-1.93497,0,0.353802
0.335,0.895,999.915,-15,2.99995,249.971,0.91607,-1.93497,0,0.353802
0.335,0.905,999.957,-15,2.99998,249.985,0.91607,-1.93497,0,0.353802
0.335,0.915,999.979,-15,2.99999,249.993,0.91607,-1.93497,0,0.353802
0.335,0.925,999.99,-15,2.99999,249.996,0.91607,-1.93497,0,0.353802
0.335,0.935,999.995,-15,3,249.998,0.91607,-1.93497,0,0.353802
0.335,0.945,999.998,-15,3,249.999,0.91607,-1.93497,0,0.353802
0.335,0.955,999.999,-15,3,250,0.91607,-1.93497,0,0.353802
0.335,0.965,1000,-15,3,250,0.91607,-1.93497,0,0.353802
0.335,0.975,1000,-15,3,250,0.91607,-1.93497,0,0.353802
0.335,0.985,1000,-15,3,250,0.91607,-1.93497,0,0.353802
0.335,0.995,1000,-15,3,250,0.91607,-1.93497,0,0.353802
0.345,0.005,47.3606,6.15322,-12.8531,897.355,0.759939,-1.80011,0,0.272364
0.345,0.015,47.7235,6.22723,-12.6123,910.194,0.759939,-1.80011,0,0.272364
0.345,0.025,47.9716,6.29867,-12.3734,920.604,0.759939,-1.80011,0,0.272364
0.345,0.035,48.1183,6.36769,-12.1352,928.811,0.759939,-1.80011,0,0.272364
0.345,0.045,48.1783,6.43423,-11.8965,935.063,0.759939,-1.80011,0,0.272364
0.345,0.055,48.1651,6.49805,-11.656,939.592,0.759939,-1.80011,0,0.272364
0.345,0.065,48.0907,6.55878,-11.4129,942.59,0.759939,-1.80011,0,0.272364
0.345,0.075,47.9647,6.61596,-11.1664,944.188,0.759939,-1.80011,0,0.272364
0.345,0.085,47.7944,6.66908,-10.9159,944.462,0.759939,-1.80011,0,0.272364
0.345,0.095,47.5854,6.71769,-10.6614,943.44,0.759939,-1.80011,0,0.272364
0.345,0.105,47.3424,6.7613,-10.4026,941.126,0.759939,-1.80011,0,0.272364
0.345,0.115,47.0694,6.79949,-10.1394,937.507,0.759939,-1.80011,0,0.272364
0.345,0.125,46.7702,6.8318,-9.87188,932.57,0.759939,-1.80011,0,0.272364
0.345,0.135,46.4489,6.85778,-9.59992,926.309,0.759939,-1.80011,0,0.272364
0.345,0.145,46.1093,6.87697,-9.32349,918.724,0.759939,-1.80011,0,0.272364
0.345,0.155,45.7555,6.88889,-9.04258,909.822,0.759939,-1.80011,0,0.272364
0.345,0.165,45.3913,6.89304,-8.75718,899.616,0.759939,-1.80011,0,0.272364
0.345,0.175,45.0202,6.88895,-8.46733,888.121,0.759939,-1.80011,0,0.272364
0.345,0.185,44.6454,6.87612,-8.17311,875.357,0.759939,-1.80011,0,0.272364
0.345,0.195,44.2695,6.85413,-7.87466,861.345,0.759939,-1.80011,0,0.272364
0.345,0.205,43.8947,6.82254,-7.57217,846.108,0.759939,-1.80011,0,0.272364
0.345,0.215,43.5225,6.78101,-7.26589,829.672,0.759939,-1.80011,0,0.272364
0.345,0.225,43.154,6.72923,-6.95614,812.065,0.759939,-1.80011,0,0.272364
0.345,0.235,42.7893,6.66696,-6.64329,793.322,0.759939,-1.80011,0,0.272364
0.345,0.245,42.4282,6.59404,-6.32775,773.483,0.759939,-1.80011,0,0.272364
0.345,0.255,42.0695,6.51038,-6.00998,752.593,0.759939,-1.80011,0,0.272364
0.345,0.265,41.7116,6.41597,-5.69048,730.706,0.759939,-1.80011,0,0.272364
0.345,0.275,41.3519,6.31084,-5.36978,707.884,0.759939,-1.80011,0,0.272364
0.345,0.285,40.9881,6.19506,-5.04833,684.214,0.759939,-1.80011,0,0.272364
0.345,0.295,40.6429,6.06878,-4.7236,660.379,0.759939,-1.80011,0,0.272364
0.345,0.305,40.2963,5.93363,-4.39816,636.072,0.759939,-1.80011,0,0.272364
0.345,0.315,39.9292,5.79065,-4.07441,611.065,0.759939,-1.80011,0,0.272364
0.345,0.325,39.5367,5.64038,-3.75296,585.468,0.759939,-1.80011,0,0.272364
0.345,0.335,39.1122,5.48346,-3.43435,559.381,0.759939,-1.80011,0,0.272364
0.345,0.345,38.6493,5.32055,-3.11902,532.922,0.759939,-1.80011,0,0.272364
0.345,0.355,38.1415,5.15235,-2.80731,506.214,0.759939,-1.80011,0,0.272364
0.345,0.365,37.583,4.97951,-2.49955,479.393,0.759939,-1.80011,0,0.272364
0.345,0.375,36.9682,4.80266,-2.19599,452.6,0.759939,-1.80011,0,0.272364
0.345,0.385,36.2931,4.62239,-1.89686,425.985,0.759939,-1.80011,0,0.272364
0.345,0.395,35.5552,4.43922,-1.60235,399.703,0.759939,-1.80011,0,0.272364
0.345,0.405,34.7542,4.25353,-1.31261,373.92,0.759939,-1.80011,0,0.272364
0.345,0.415,33.8929,4.06559,-1.02789,348.81,0.759939,-1.80011,0,0.272364
0.345,0.425,32.9787,3.87515,-0.748316,324.578,0.759939,-1.80011,0,0.272364
0.345,0.435,32.0046,3.68431,-0.474564,301.176,0.759939,-1.80011,0,0.272364
0.345,0.445,30.9596,3.49584,-0.208168,278.495,0.759939,-1.80011,0,0.272364
0.345,0.455,29.9237,3.29452,0.0503246,257.093,0.759939,-1.80011,0,0.272364
0.345,0.465,28.8776,3.08356,0.300359,237.022,0.759939,-1.80011,0,0.272364
0.345,0.475,27.8227,2.87057,0.538443,218.607,0.759939,-1.80011,0,0.272364
0.345,0.485,26.8187,2.65254,0.75847,202.357,0.759939,-1.80011,0,0.272364
0.345,0.495,25.928,2.42501,0.953219,188.741,0.759939,-1.80011,0,0.272364
0.345,0.505,25.2036,2.18116,1.11483,178.166,0.759939,-1.80011,0,0.272364
0.345,0.515,24.6043,1.91326,1.23688,170.802,0.759939,-1.80011,0,0.272364
0.345,0.525,23.7764,1.61551,1.31804,166.462,0.759939,-1.80011,0,0.272364
0.345,0.535,21.958,1.2535,1.36885,164.714,0.759939,-1.80011,0,0.272364
0.345,0.545,18.393,0.655233,1.42696,165.561,0.759939,-1.80011,0,0.272364
0.345,0.555,13.7379,-0.725398,1.59748,169.97,0.759939,-1.80011,0,0.272364
0.345,0.565,10.731,-3.77756,2.03606,175.441,0.759939,-1.80011,0,0.272364
0.345,0.575,11.2462,-8.06226,2.65075,171.366,0.759939,-1.80011,0,0.272364
0.345,0.585,16.3135,-11.5158,3.00632,156.301,0.759939,-1.80011,0,0.272364
0.345,0.595,27.7334,-13.3988,3.00042,136.109,0.759939,-1.80011,0,0.272364
0.345,0.605,47.8338,-14.2486,2.8794,118.364,0.759939,-1.80011,0,0.272364
0.345,0.615,78.2542,-14.619,2.79207,106.223,0.759939,-1.80011,0,0.272364
0.345,0.625,119.386,-14.7912,2.74091,99.0592,0.759939,-1.80011,0,0.272364
0.345,0.635,169.944,-14.8793,2.71224,95.5511,0.759939,-1.80011,0,0.272364
0.345,0.645,228.128,-14.9276,2.70295,96.0441,0.759939,-1.80011,0,0.272364
0.345,0.655,292.736,-14.9552,2.71177,101.194,0.759939,-1.80011,0,0.272364
0.345,0.665,362.897,-14.9712,2.73427,110.728,0.759939,-1.80011,0,0.272364
0.345,0.675,437.219,-14.9808,2.76446,123.553,0.759939,-1.80011,0,0.272364
0.345,0.685,513.463,-14.9869,2.79726,138.323,0.759939,-1.80011,0,0.272364
0.345,0.695,588.852,-14.9908,2.82944,153.821,0.759939,-1.80011,0,0.272364
0.345,0.705,660.615,-14.9936,2.85925,169.096,0.759939,-1.80011,0,0.272364
0.345,0.715,726.44,-14.9955,2.88593,183.47,0.759939,-1.80011,0,0.272364
0.345,0.725,784.719,-14.9969,2.9092,196.498,0.759939,-1.80011,0,0.272364
0.345,0.735,834.61,-14.9979,2.92907,207.929,0.759939,-1.80011,0,0.272364
0.345,0.745,875.971,-14.9986,2.9457,217.664,0.759939,-1.80011,0,0.272364
0.345,0.755,909.217,-14.9991,2.9593,225.721,0.759939,-1.80011,0,0.272364
0.345,0.765,935.152,-14.9994,2.97018,232.205,0.759939,-1.80011,0,0.272364
0.345,0.775,954.799,-14.9996,2.97867,237.276,0.759939,-1.80011,0,0.272364
0.345,0.785,969.261,-14.9998,2.98512,241.132,0.759939,-1.80011,0,0.272364
0.345,0.795,979.608,-14.9999,2.98988,243.978,0.759939,-1.80011,0,0.272364
0.345,0.805,986.805,-14.9999,2.9933,246.018,0.759939,-1.80011,0,0.272364
0.345,0.815,991.673,-15,2.99568,247.437,0.759939,-1.80011,0,0.272364
0.345,0.825,994.876,-15,2.99729,248.394,0.759939,-1.80011,0,0.272364
0.345,0.835,996.924,-15,2.99835,249.021,0.759939,-1.80011,0,0.272364
0.345,0.845,998.2,-15,2.99902,249.419,0.759939,-1.80011,0,0.272364
0.345,0.855,998.972,-15,2.99943,249.664,0.759939,-1.80011,0,0.272364
0.345,0.865,999.428,-15,2.99968,249.811,0.759939,-1.80011,0,0.272364
0.345,0.875,999.689,-15,2.99983,249.896,0.759939,-1.80011,0,0.272364
0.345,0.885,999.835,-15,2.99991,249.945,0.759939,-1.80011,0,0.272364
0.345,0.895,999.915,-15,2.99995,249.971,0.759939,-1.80011,0,0.272364
0.345,0.905,999.957,-15,2.99998,249.985,0.759939,-1.80011,0,0.272364
0.345,0.915,999.979,-15,2.99999,249.993,0.759939,-1.80011,0,0.272364
0.345,0.925,999.99,-15,2.99999,249.996,0.759939,-1.80011,0,0.272364
0.345,0.935,999.995,-15,3,249.998,0.759939,-1.80011,0,0.272364
0.345,0.945,999.998,-15,3,249.999,0.759939,-1.80011,0,0.272364
0.345,0.955,999.999,-15,3,250,0.759939,-1.80011,0,0.272364
0.345,0.965,1000,-15,3,250,0.759939,-1.80011,0,0.272364
0.345,0.975,1000,-15,3,250,0.759939,-1.80011,0,0.272364
0.345,0.985,1000,-15,3,250,0.759939,-1.80011,0,0.272364
0.345,0.995,1000,-15,3,250,0.759939,-1.80011,0,0.272364
0.355,0.005,45.4503,6.29865,-12.745,848.919,0.625861,-1.66524,0,0.207553
0.355,0.015,45.788,6.3703,-12.5028,860.764,0.625861,-1.66524,0,0.207553
0.355,0.025,46.019,6.43936,-12.2623,870.351,0.625861,-1.66524,0,0.207553
0.355,0.035,46.155,6.50596,-12.0224,877.864,0.625861,-1.66524,0,0.207553
0.355,0.045,46.2087,6.57004,-11.782,883.51,0.625861,-1.66524,0,0.207553
0.355,0.055,46.1925,6.63138,-11.5399,887.491,0.625861,-1.66524,0,0.207553
0.355,0.065,46.1173,6.6896,-11.2953,889.98,0.625861,-1.66524,0,0.207553
0.355,0.075,45.9922,6.74427,-11.0475,891.101,0.625861,-1.66524,0,0.207553
0.355,0.085,45.8244,6.79491,-10.7959,890.935,0.625861,-1.66524,0,0.207553
0.355,0.095,45.6196,6.84104,-10.5404,889.519,0.625861,-1.66524,0,0.207553
0.355,0.105,45.3822,6.8822,-10.2807,886.864,0.625861,-1.66524,0,0.207553
0.355,0.115,45.1163,6.91794,-10.0167,882.969,0.625861,-1.66524,0,0.207553
0.355,0.125,44.8253,6.94782,-9.74842,877.825,0.625861,-1.66524,0,0.207553
0.355,0.135,44.513,6.97139,-9.47584,871.428,0.625861,-1.66524,0,0.207553
0.355,0.145,44.1829,6.98821,-9.19893,863.78,0.625861,-1.66524,0,0.207553
0.355,0.155,43.8385,6.99782,-8.91768,854.888,0.625861,-1.66524,0,0.207553
0.355,0.165,43.4832,6.99976,-8.63211,844.765,0.625861,-1.66524,0,0.207553
0.355,0.175,43.12,6.99356,-8.3423,833.429,0.625861,-1.66524,0,0.207553
0.355,0.185,42.7518,6.97879,-8.04832,820.9,0.625861,-1.66524,0,0.207553
0.355,0.195,42.3809,6.95503,-7.75035,807.201,0.625861,-1.66524,0,0.207553
0.355,0.205,42.0091,6.9219,-7.44857,792.358,0.625861,-1.66524,0,0.207553
0.355,0.215,41.6378,6.87907,-7.14325,776.398,0.625861,-1.66524,0,0.207553
0.355,0.225,41.2676,6.82627,-6.8347,759.355,0.625861,-1.66524,0,0.207553
0.355,0.235,40.8988,6.76328,-6.52329,741.264,0.625861,-1.66524,0,0.207553
0.355,0.245,40.5309,6.68998,-6.20943,722.167,0.625861,-1.66524,0,0.207553
0.355,0.255,40.1628,6.60628,-5.89357,702.113,0.625861,-1.66524,0,0.207553
0.355,0.265,39.7928,6.51217,-5.5762,681.155,0.625861,-1.66524,0,0.207553
0.355,0.275,39.4185,6.40771,-5.25781,659.356,0.625861,-1.66524,0,0.207553
0.355,0.285,39.0403,6.29294,-4.93858,636.855,0.625861,-1.66524,0,0.207553
0.355,0.295,38.6808,6.16816,-4.61589,614.309,0.625861,-1.66524,0,0.207553
0.355,0.305,38.3113,6.03511,-4.29344,591.224,0.625861,-1.66524,0,0.207553
0.355,0.315,37.9208,5.89453,-3.97279,567.533,0.625861,-1.66524,0,0.207553
0.355,0.325,37.5045,5.74694,-3.6545,543.34,0.625861,-1.66524,0,0.207553
0.355,0.335,37.0567,5.59295,-3.33906,518.741,0.625861,-1.66524,0,0.207553
0.355,0.345,36.5718,5.43322,-3.02691,493.842,0.625861,-1.66524,0,0.207553
0.355,0.355,36.0442,5.2684,-2.71839,468.761,0.625861,-1.66524,0,0.207553
0.355,0.365,35.4689,5.0991,-2.41381,443.624,0.625861,-1.66524,0,0.207553
0.355,0.375,34.8416,4.92595,-2.11342,418.561,0.625861,-1.66524,0,0.207553
0.355,0.385,34.1592,4.7495,-1.81745,393.71,0.625861,-1.66524,0,0.207553
0.355,0.395,33.42,4.57024,-1.52613,369.214,0.625861,-1.66524,0,0.207553
0.355,0.405,32.6245,4.38855,-1.23967,345.224,0.625861,-1.66524,0,0.207553
0.355,0.415,31.7758,4.20469,-0.95835,321.897,0.625861,-1.66524,0,0.207553
0.355,0.425,30.88,4.01866,-0.682507,299.395,0.625861,-1.66524,0,0.207553
0.355,0.435,29.9487,3.83027,-0.412691,277.908,0.625861,-1.66524,0,0.207553
0.355,0.445,28.999,3.6379,-0.149577,257.615,0.625861,-1.66524,0,0.207553
0.355,0.455,28.062,3.43212,0.105938,238.389,0.625861,-1.66524,0,0.207553
0.355,0.465,27.0883,3.22289,0.351582,220.156,0.625861,-1.66524,0,0.207553
0.355,0.475,26.1223,3.01084,0.583088,203.558,0.625861,-1.66524,0,0.207553
0.355,0.485,25.2222,2.79278,0.794472,189.088,0.625861,-1.66524,0,0.207553
0.355,0.495,24.4461,2.56412,0.978448,177.182,0.625861,-1.66524,0,0.207553
0.355,0.505,23.8368,2.31798,1.12755,168.187,0.625861,-1.66524,0,0.207553
0.355,0.515,23.3226,2.04775,1.23666,162.166,0.625861,-1.66524,0,0.207553
0.355,0.525,22.5083,1.74761,1.30655,158.835,0.625861,-1.66524,0,0.207553
0.355,0.535,20.6059,1.37427,1.35062,157.786,0.625861,-1.66524,0,0.207553
0.355,0.545,16.9554,0.719887,1.41261,159.206,0.625861,-1.66524,0,0.207553
0.355,0.555,12.5026,-0.836713,1.61061,164.015,0.625861,-1.66524,0,0.207553
0.355,0.565,9.98514,-4.14656,2.08895,168.402,0.625861,-1.66524,0,0.207553
0.355,0.575,10.9064,-8.45969,2.68797,162.872,0.625861,-1.66524,0,0.207553
0.355,0.585,16.205,-11.751,2.98605,147.461,0.625861,-1.66524,0,0.207553
0.355,0.595,27.6972,-13.5022,2.95748,128.369,0.625861,-1.66524,0,0.207553
0.355,0.605,47.786,-14.2873,2.84897,113.013,0.625861,-1.66524,0,0.207553
0.355,0.615,78.2615,-14.6322,2.77774,103.316,0.625861,-1.66524,0,0.207553
0.355,0.625,119.487,-14.7957,2.73482,97.578,0.625861,-1.66524,0,0.207553
0.355,0.635,170.035,-14.8812,2.70875,94.6065,0.625861,-1.66524,0,0.207553
0.355,0.645,228.08,-14.9287,2.70021,95.2775,0.625861,-1.66524,0,0.207553
0.355,0.655,292.525,-14.9558,2.70962,100.564,0.625861,-1.66524,0,0.207553
0.355,0.665,362.598,-14.9716,2.73278,110.259,0.625861,-1.66524,0,0.207553
0.355,0.675,436.925,-14.981,2.76355,123.239,0.625861,-1.66524,0,0.207553
0.355,0.685,513.23,-14.987,2.79676,138.13,0.625861,-1.66524,0,0.207553
0.355,0.695,588.692,-14.9909,2.82918,153.711,0.625861,-1.66524,0,0.207553
0.355,0.705,660.516,-14.9936,2.85912,169.038,0.625861,-1.66524,0,0.207553
0.355,0.715,726.384,-14.9955,2.88587,183.44,0.625861,-1.66524,0,0.207553
0.355,0.725,784.69,-14.9969,2.90917,196.484,0.625861,-1.66524,0,0.207553
0.355,0.735,834.596,-14.9979,2.92906,207.922,0.625861,-1.66524,0,0.207553
0.355,0.745,875.965,-14.9986,2.94569,217.661,0.625861,-1.66524,0,0.207553
0.355,0.755,909.214,-14.9991,2.9593,225.72,0.625861,-1.66524,0,0.207553
0.355,0.765,935.15,-14.9994,2.97018,232.204,0.625861,-1.66524,0,0.207553
0.355,0.775,954.798,-14.9996,2.97867,237.276,0.625861,-1.66524,0,0.207553
0.355,0.785,969.261,-14.9998,2.98512,241.131,0.625861,-1.66524,0,0.207553
0.355,0.795,979.608,-14.9999,2.98988,243.978,0.625861,-1.66524,0,0.207553
0.355,0.805,986.805,-14.9999,2.9933,246.018,0.625861,-1.66524,0,0.207553
0.355,0.815,991.673,-15,2.99568,247.437,0.625861,-1.66524,0,0.207553
0.355,0.825,994.875,-15,2.99729,248.394,0.625861,-1.66524,0,0.207553
0.355,0.835,996.924,-15,2.99835,249.021,0.625861,-1.66524,0,0.207553
0.355,0.845,998.2,-15,2.99902,249.419,0.625861,-1.66524,0,0.207553
0.355,0.855,998.972,-15,2.99943,249.664,0.625861,-1.66524,0,0.207553
0.355,0.865,999.428,-15,2.99968,249.811,0.625861,-1.66524,0,0.207553
0.355,0.875,999.689,-15,2.99983,249.896,0.625861,-1.66524,0,0.207553
0.355,0.885,999.835,-15,2.99991,249.945,0.625861,-1.66524,0,0.207553
0.355,0.895,999.915,-15,2.99995,249.971,0.625861,-1.66524,0,0.207553
0.355,0.905,999.957,-15,2.99998,249.985,0.625861,-1.66524,0,0.207553
0.355,0.915,999.979,-15,2.99999,249.993,0.625861,-1.66524,0,0.207553
0.355,0.925,999.99,-15,2.99999,249.996,0.625861,-1.66524,0,0.207553
0.355,0.935,999.995,-15,3,249.998,0.625861,-1.66524,0,0.207553
0.355,0.945,999.998,-15,3,249.999,0.625861,-1.66524,0,0.207553
0.355,0.955,999.999,-15,3,250,0.625861,-1.66524,0,0.207553
0.355,0.965,1000,-15,3,250,0.625861,-1.66524,0,0.207553
0.355,0.975,1000,-15,3,250,0.625861,-1.66524,0,0.207553
0.355,0.985,1000,-15,3,250,0.625861,-1.66524,0,0.207553
0.355,0.995,1000,-15,3,250,0.625861,-1.66524,0,0.207553
0.365,0.005,43.6158,6.44055,-12.6379,802.979,0.511413,-1.53038,0,0.156437
0.365,0.015,43.9301,6.50993,-12.3944,813.884,0.511413,-1.53038,0,0.156437
0.365,0.025,44.1452,6.57669,-12.1524,822.693,0.511413,-1.53038,0,0.156437
0.365,0.035,44.2713,6.64094,-11.9109,829.553,0.511413,-1.53038,0,0.156437
0.365,0.045,44.3195,6.70262,-11.6688,834.638,0.511413,-1.53038,0,0.156437
0.365,0.055,44.3009,6.76151,-11.4253,838.12,0.511413,-1.53038,0,0.156437
0.365,0.065,44.2254,6.81728,-11.1793,840.154,0.511413,-1.53038,0,0.156437
0.365,0.075,44.1018,6.86949,-10.9303,840.857,0.511413,-1.53038,0,0.156437
0.365,0.085,43.9369,6.91769,-10.6777,840.311,0.511413,-1.53038,0,0.156437
0.365,0.095,43.7363,6.9614,-10.4212,838.559,0.511413,-1.53038,0,0.156437
0.365,0.105,43.5045,7.00016,-10.1607,835.622,0.511413,-1.53038,0,0.156437
0.365,0.115,43.2453,7.03352,-9.89604,831.504,0.511413,-1.53038,0,0.156437
0.365,0.125,42.9621,7.06105,-9.62719,826.202,0.511413,-1.53038,0,0.156437
0.365,0.135,42.6581,7.08231,-9.35414,819.717,0.511413,-1.53038,0,0.156437
0.365,0.145,42.3367,7.09687,-9.07689,812.051,0.511413,-1.53038,0,0.156437
0.365,0.155,42.0009,7.10429,-8.79546,803.212,0.511413,-1.53038,0,0.156437
0.365,0.165,41.6537,7.10413,-8.5099,793.214,0.511413,-1.53038,0,0.156437
0.365,0.175,41.2978,7.09598,-8.22027,782.076,0.511413,-1.53038,0,0.156437
0.365,0.185,40.9356,7.07941,-7.9267,769.818,0.511413,-1.53038,0,0.156437
0.365,0.195,40.5693,7.05403,-7.62935,756.465,0.511413,-1.53038,0,0.156437
0.365,0.205,40.2004,7.01951,-7.32843,742.046,0.511413,-1.53038,0,0.156437
0.365,0.215,39.83,6.97554,-7.0242,726.589,0.511413,-1.53038,0,0.156437
0.365,0.225,39.4587,6.92187,-6.71698,710.13,0.511413,-1.53038,0,0.156437
0.365,0.235,39.0865,6.85832,-6.40712,692.707,0.511413,-1.53038,0,0.156437
0.365,0.245,38.7129,6.78477,-6.09504,674.363,0.511413,-1.53038,0,0.156437
0.365,0.255,38.3368,6.70116,-5.78117,655.147,0.511413,-1.53038,0,0.156437
0.365,0.265,37.9567,6.60749,-5.46599,635.113,0.511413,-1.53038,0,0.156437
0.365,0.275,37.5703,6.5038,-5.14998,614.326,0.511413,-1.53038,0,0.156437
0.365,0.285,37.1818,6.39012,-4.83283,593,0.511413,-1.53038,0,0.156437
0.365,0.295,36.8089,6.267,-4.51245,571.661,0.511413,-1.53038,0,0.156437
0.365,0.305,36.4209,6.13606,-4.19298,549.769,0.511413,-1.53038,0,0.156437
0.365,0.315,36.0114,5.99787,-3.87542,527.355,0.511413,-1.53038,0,0.156437
0.365,0.325,35.5762,5.85294,-3.56025,504.515,0.511413,-1.53038,0,0.156437
0.365,0.335,35.1106,5.70186,-3.24795,481.343,0.511413,-1.53038,0,0.156437
0.365,0.345,34.6093,5.54524,-2.93893,457.938,0.511413,-1.53038,0,0.156437
0.365,0.355,34.0678,5.38371,-2.63354,434.407,0.511413,-1.53038,0,0.156437
0.365,0.365,33.482,5.21786,-2.33207,410.868,0.511413,-1.53038,0,0.156437
0.365,0.375,32.8484,5.04827,-2.03478,387.443,0.511413,-1.53038,0,0.156437
0.365,0.385,32.1649,4.87548,-1.74192,364.258,0.511413,-1.53038,0,0.156437
0.365,0.395,31.4305,4.69994,-1.45373,341.445,0.511413,-1.53038,0,0.156437
0.365,0.405,30.6463,4.52202,-1.17047,319.142,0.511413,-1.53038,0,0.156437
0.365,0.415,29.8161,4.34196,-0.892483,297.491,0.511413,-1.53038,0,0.156437
0.365,0.425,28.946,4.1598,-0.620237,276.642,0.511413,-1.53038,0,0.156437
0.365,0.435,28.0471,3.97532,-0.354426,256.763,0.511413,-1.53038,0,0.156437
0.365,0.445,27.1436,3.78532,-0.0959826,238.055,0.511413,-1.53038,0,0.156437
0.365,0.455,26.294,3.57463,0.155071,220.805,0.511413,-1.53038,0,0.156437
0.365,0.465,25.4241,3.36234,0.396444,204.656,0.511413,-1.53038,0,0.156437
0.365,0.475,24.5522,3.15056,0.621906,189.827,0.511413,-1.53038,0,0.156437
0.365,0.485,23.7538,2.93216,0.82464,177.022,0.511413,-1.53038,0,0.156437
0.365,0.495,23.0852,2.7022,0.997719,166.683,0.511413,-1.53038,0,0.156437
0.365,0.505,22.5798,2.45376,1.13441,159.103,0.511413,-1.53038,0,0.156437
0.365,0.515,22.1355,2.18137,1.23112,154.253,0.511413,-1.53038,0,0.156437
0.365,0.525,21.3157,1.87867,1.29074,151.78,0.511413,-1.53038,0,0.156437
0.365,0.535,19.3144,1.49064,1.32962,151.331,0.511413,-1.53038,0,0.156437
0.365,0.545,15.5912,0.767029,1.39859,153.285,0.511413,-1.53038,0,0.156437
0.365,0.555,11.3861,-0.98877,1.62852,158.377,0.511413,-1.53038,0,0.156437
0.365,0.565,9.34139,-4.54422,2.14332,161.392,0.511413,-1.53038,0,0.156437
0.365,0.575,10.6241,-8.84195,2.71507,154.641,0.511413,-1.53038,0,0.156437
0.365,0.585,16.1089,-11.9651,2.95731,139.09,0.511413,-1.53038,0,0.156437
0.365,0.595,27.6449,-13.5931,2.91415,121.341,0.511413,-1.53038,0,0.156437
0.365,0.605,47.7387,-14.3199,2.82193,108.474,0.511413,-1.53038,0,0.156437
0.365,0.615,78.3079,-14.6428,2.76637,101.018,0.511413,-1.53038,0,0.156437
0.365,0.625,119.64,-14.7994,2.7302,96.4196,0.511413,-1.53038,0,0.156437
0.365,0.635,170.158,-14.8829,2.70576,93.7862,0.511413,-1.53038,0,0.156437
0.365,0.645,228.037,-14.9297,2.69759,94.5461,0.511413,-1.53038,0,0.156437
0.365,0.655,292.307,-14.9564,2.70749,99.9441,0.511413,-1.53038,0,0.156437
0.365,0.665,362.295,-14.9719,2.73131,109.798,0.511413,-1.53038,0,0.156437
0.365,0.675,436.635,-14.9812,2.76266,122.934,0.511413,-1.53038,0,0.156437
0.365,0.685,513.004,-14.9871,2.79627,137.947,0.511413,-1.53038,0,0.156437
0.365,0.695,588.54,-14.9909,2.82893,153.609,0.511413,-1.53038,0,0.156437
0.365,0.705,660.425,-14.9936,2.85901,168.985,0.511413,-1.53038,0,0.156437
0.365,0.715,726.334,-14.9955,2.88581,183.414,0.511413,-1.53038,0,0.156437
0.365,0.725,784.664,-14.9969,2.90915,196.471,0.511413,-1.53038,0,0.156437
0.365,0.735,834.583,-14.9979,2.92905,207.917,0.511413,-1.53038,0,0.156437
0.365,0.745,875.959,-14.9986,2.94569,217.659,0.511413,-1.53038,0,0.156437
0.365,0.755,909.212,-14.9991,2.9593,225.719,0.511413,-1.53038,0,0.156437
0.365,0.765,935.149,-14.9994,2.97018,232.204,0.511413,-1.53038,0,0.156437
0.365,0.775,954.798,-14.9996,2.97867,237.276,0.511413,-1.53038,0,0.156437
0.365,0.785,969.261,-14.9998,2.98512,241.131,0.511413,-1.53038,0,0.156437
0.365,0.795,979.608,-14.9999,2.98988,243.978,0.511413,-1.53038,0,0.156437
0.365,0.805,986.805,-14.9999,2.9933,246.018,0.511413,-1.53038,0,0.156437
0.365,0.815,991.673,-15,2.99568,247.437,0.511413,-1.53038,0,0.156437
0.365,0.825,994.875,-15,2.99729,248.394,0.511413,-1.53038,0,0.156437
0.365,0.835,996.924,-15,2.99835,249.021,0.511413,-1.53038,0,0.156437
0.365,0.845,998.2,-15,2.99902,249.419,0.511413,-1.53038,0,0.156437
0.365,0.855,998.972,-15,2.99943,249.664,0.511413,-1.53038,0,0.156437
0.365,0.865,999.428,-15,2.99968,249.811,0.511413,-1.53038,0,0.156437
0.365,0.875,999.689,-15,2.99983,249.896,0.511413,-1.53038,0,0.156437
0.365,0.885,999.835,-15,2.99991,249.945,0.511413,-1.53038,0,0.156437
0.365,0.895,999.915,-15,2.99995,249.971,0.511413,-1.53038,0,0.156437
0.365,0.905,999.957,-15,2.99998,249.985,0.511413,-1.53038,0,0.156437
0.365,0.915,999.979,-15,2.99999,249.993,0.511413,-1.53038,0,0.156437
0.365,0.925,999.99,-15,2.99999,249.996,0.511413,-1.53038,0,0.156437
0.365,0.935,999.995,-15,3,249.998,0.511413,-1.53038,0,0.156437
0.365,0.945,999.998,-15,3,249.999,0.511413,-1.53038,0,0.156437
0.365,0.955,999.999,-15,3,250,0.511413,-1.53038,0,0.156437
0.365,0.965,1000,-15,3,250,0.511413,-1.53038,0,0.156437
0.365,0.975,1000,-15,3,250,0.511413,-1.53038,0,0.156437
0.365,0.985,1000,-15,3,250,0.511413,-1.53038,0,0.156437
0.365,0.995,1000,-15,3,250,0.511413,-1.53038,0,0.156437
0.375,0.005,41.8527,6.57921,-12.5318,759.374,0.414356,-1.39552,0,0.116515
0.375,0.015,42.1452,6.64636,-12.2872,769.398,0.414356,-1.39552,0,0.116515
0.375,0.025,42.3456,6.71088,-12.0438,777.477,0.414356,-1.39552,0,0.116515
0.375,0.035,42.4626,6.77284,-11.8008,783.727,0.414356,-1.39552,0,0.116515
0.375,0.045,42.506,6.83217,-11.5572,788.292,0.414356,-1.39552,0,0.116515
0.375,0.055,42.4855,6.88867,-11.3122,791.322,0.414356,-1.39552,0,0.116515
0.375,0.065,42.4104,6.94203,-11.065,792.952,0.414356,-1.39552,0,0.116515
0.375,0.075,42.2887,6.99183,-10.8148,793.292,0.414356,-1.39552,0,0.116515
0.375,0.085,42.127,7.03763,-10.5612,792.421,0.414356,-1.39552,0,0.116515
0.375,0.095,41.9308,7.07897,-10.304,790.389,0.414356,-1.39552,0,0.116515
0.375,0.105,41.7045,7.11538,-10.0428,787.222,0.414356,-1.39552,0,0.116515
0.375,0.115,41.4517,7.14643,-9.77754,782.931,0.414356,-1.39552,0,0.116515
0.375,0.125,41.1757,7.17169,-9.50825,777.518,0.414356,-1.39552,0,0.116515
0.375,0.135,40.8796,7.19073,-9.23488,770.988,0.414356,-1.39552,0,0.116515
0.375,0.145,40.5662,7.20313,-8.95745,763.343,0.414356,-1.39552,0,0.116515
0.375,0.155,40.2383,7.20848,-8.67599,754.596,0.414356,-1.39552,0,0.116515
0.375,0.165,39.8986,7.20636,-8.39058,744.759,0.414356,-1.39552,0,0.116515
0.375,0.175,39.5495,7.19638,-8.10129,733.851,0.414356,-1.39552,0,0.116515
0.375,0.185,39.193,7.17815,-7.80827,721.895,0.414356,-1.39552,0,0.116515
0.375,0.195,38.8311,7.15131,-7.51168,708.917,0.414356,-1.39552,0,0.116515
0.375,0.205,38.465,7.11554,-7.21174,694.945,0.414356,-1.39552,0,0.116515
0.375,0.215,38.0958,7.07058,-6.90872,680.011,0.414356,-1.39552,0,0.116515
0.375,0.225,37.7237,7.01619,-6.60294,664.151,0.414356,-1.39552,0,0.116515
0.375,0.235,37.3489,6.95222,-6.29473,647.405,0.414356,-1.39552,0,0.116515
0.375,0.245,36.9708,6.87855,-5.98452,629.817,0.414356,-1.39552,0,0.116515
0.375,0.255,36.5883,6.79515,-5.67271,611.437,0.414356,-1.39552,0,0.116515
0.375,0.265,36.2,6.70202,-5.35978,592.319,0.414356,-1.39552,0,0.116515
0.375,0.275,35.8039,6.59919,-5.04619,572.527,0.414356,-1.39552,0,0.116515
0.375,0.285,35.4087,6.4867,-4.731,552.367,0.414356,-1.39552,0,0.116515
0.375,0.295,35.0239,6.36534,-4.41316,532.162,0.414356,-1.39552,0,0.116515
0.375,0.305,34.6211,6.23652,-4.09666,511.43,0.414356,-1.39552,0,0.116515
0.375,0.315,34.1967,6.10072,-3.78214,490.248,0.414356,-1.39552,0,0.116515
0.375,0.325,33.7472,5.95844,-3.47006,468.71,0.414356,-1.39552,0,0.116515
0.375,0.335,33.2682,5.81022,-3.16085,446.903,0.414356,-1.39552,0,0.116515
0.375,0.345,32.7557,5.65666,-2.85492,424.92,0.414356,-1.39552,0,0.116515
0.375,0.355,32.2055,5.49833,-2.5526,402.862,0.414356,-1.39552,0,0.116515
0.375,0.365,31.6144,5.33583,-2.25418,380.836,0.414356,-1.39552,0,0.116515
0.375,0.375,30.9797,5.16968,-1.95994,358.957,0.414356,-1.39552,0,0.116515
0.375,0.385,30.3001,5.0004,-1.67012,337.34,0.414356,-1.39552,0,0.116515
0.375,0.395,29.5753,4.82841,-1.38501,316.108,0.414356,-1.39552,0,0.116515
0.375,0.405,28.8071,4.65406,-1.1049,295.387,0.414356,-1.39552,0,0.116515
0.375,0.415,27.9995,4.47757,-0.830201,275.308,0.414356,-1.39552,0,0.116515
0.375,0.425,27.1593,4.29897,-0.561495,256.011,0.414356,-1.39552,0,0.116515
0.375,0.435,26.2972,4.118,-0.29964,237.647,0.414356,-1.39552,0,0.116515
0.375,0.445,25.4431,3.92926,-0.0456207,220.42,0.414356,-1.39552,0,0.116515
0.375,0.455,24.6331,3.72128,0.199953,204.485,0.414356,-1.39552,0,0.116515
0.375,0.465,23.8383,3.50825,0.434854,189.98,0.414356,-1.39552,0,0.116515
0.375,0.475,23.0876,3.29096,0.653622,177.129,0.414356,-1.39552,0,0.116515
0.375,0.485,22.3945,3.07121,0.848371,165.953,0.414356,-1.39552,0,0.116515
0.375,0.495,21.8295,2.83959,1.01086,157.082,0.414356,-1.39552,0,0.116515
0.375,0.505,21.4192,2.58876,1.13549,150.785,0.414356,-1.39552,0,0.116515
0.375,0.515,21.0319,2.31433,1.22047,146.964,0.414356,-1.39552,0,0.116515
0.375,0.525,20.1901,2.00853,1.27086,145.224,0.414356,-1.39552,0,0.116515
0.375,0.535,18.0763,1.60122,1.30621,145.303,0.414356,-1.39552,0,0.116515
0.375,0.545,14.2963,0.792662,1.38574,147.76,0.414356,-1.39552,0,0.116515
0.375,0.555,10.3847,-1.18461,1.65166,152.992,0.414356,-1.39552,0,0.116515
0.375,0.565,8.79051,-4.9627,2.197,154.456,0.414356,-1.39552,0,0.116515
0.375,0.575,10.3894,-9.20486,2.73105,146.704,0.414356,-1.39552,0,0.116515
0.375,0.585,16.0178,-12.1587,2.92102,131.203,0.414356,-1.39552,0,0.116515
0.375,0.595,27.5778,-13.6722,2.87151,115.045,0.414356,-1.39552,0,0.116515
0.375,0.605,47.7008,-14.347,2.79864,104.716,0.414356,-1.39552,0,0.116515
0.375,0.615,78.3992,-14.6512,2.75781,99.2655,0.414356,-1.39552,0,0.116515
0.375,0.625,119.842,-14.8023,2.72683,95.5273,0.414356,-1.39552,0,0.116515
0.375,0.635,170.304,-14.8843,2.70314,93.0558,0.414356,-1.39552,0,0.116515
0.375,0.645,227.991,-14.9306,2.69501,93.8334,0.414356,-1.39552,0,0.116515
0.375,0.655,292.079,-14.957,2.70536,99.3294,0.414356,-1.39552,0,0.116515
0.375,0.665,361.987,-14.9723,2.72986,109.344,0.414356,-1.39552,0,0.116515
0.375,0.675,436.347,-14.9814,2.7618,122.64,0.414356,-1.39552,0,0.116515
0.375,0.685,512.787,-14.9872,2.79581,137.773,0.414356,-1.39552,0,0.116515
0.375,0.695,588.398,-14.991,2.8287,153.515,0.414356,-1.39552,0,0.116515
0.375,0.705,660.341,-14.9936,2.8589,168.936,0.414356,-1.39552,0,0.116515
0.375,0.715,726.289,-14.9955,2.88576,183.391,0.414356,-1.39552,0,0.116515
0.375,0.725,784.641,-14.9969,2.90913,196.46,0.414356,-1.39552,0,0.116515
0.375,0.735,834.573,-14.9979,2.92904,207.912,0.414356,-1.39552,0,0.116515
0.375,0.745,875.954,-14.9986,2.94568,217.657,0.414356,-1.39552,0,0.116515
0.375,0.755,909.21,-14.9991,2.9593,225.718,0.414356,-1.39552,0,0.116515
0.375,0.765,935.149,-14.9994,2.97018,232.203,0.414356,-1.39552,0,0.116515
0.375,0.775,954.798,-14.9996,2.97867,237.276,0.414356,-1.39552,0,0.116515
0.375,0.785,969.26,-14.9998,2.98512,241.131,0.414356,-1.39552,0,0.116515
0.375,0.795,979.608,-14.9999,2.98988,243.978,0.414356,-1.39552,0,0.116515
0.375,0.805,986.805,-14.9999,2.9933,246.018,0.414356,-1.39552,0,0.116515
0.375,0.815,991.673,-15,2.99568,247.437,0.414356,-1.39552,0,0.116515
0.375,0.825,994.875,-15,2.99729,248.394,0.414356,-1.39552,0,0.116515
0.375,0.835,996.924,-15,2.99835,249.021,0.414356,-1.39552,0,0.116515
0.375,0.845,998.2,-15,2.99902,249.419,0.414356,-1.39552,0,0.116515
0.375,0.855,998.972,-15,2.99943,249.664,0.414356,-1.39552,0,0.116515
0.375,0.865,999.428,-15,2.99968,249.811,0.414356,-1.39552,0,0.116515
0.375,0.875,999.689,-15,2.99983,249.896,0.414356,-1.39552,0,0.116515
0.375,0.885,999.835,-15,2.99991,249.945,0.414356,-1.39552,0,0.116515
0.375,0.895,999.915,-15,2.99995,249.971,0.414356,-1.39552,0,0.116515
0.375,0.905,999.957,-15,2.99998,249.985,0.414356,-1.39552,0,0.116515
0.375,0.915,999.979,-15,2.99999,249.993,0.414356,-1.39552,0,0.116515
0.375,0.925,999.99,-15,2.99999,249.996,0.414356,-1.39552,0,0.116515
0.375,0.935,999.995,-15,3,249.998,0.414356,-1.39552,0,0.116515
0.375,0.945,999.998,-15,3,249.999,0.414356,-1.39552,0,0.116515
0.375,0.955,999.999,-15,3,250,0.414356,-1.39552,0,0.116515
0.375,0.965,1000,-15,3,250,0.414356,-1.39552,0,0.116515
0.375,0.975,1000,-15,3,250,0.414356,-1.39552,0,0.116515
0.375,0.985,1000,-15,3,250,0.414356,-1.39552,0,0.116515
0.375,0.995,1000,-15,3,250,0.414356,-1.39552,0,0.116515
0.385,0.005,40.157,6.71483,-12.4268,717.967,0.332628,-1.26065,0,0.0856647
0.385,0.015,40.4295,6.77983,-12.1811,727.168,0.332628,-1.26065,0,0.0856647
0.385,0.025,40.6163,6.84215,-11.9365,734.563,0.332628,-1.26065,0,0.0856647
0.385,0.035,40.7249,6.90186,-11.6921,740.245,0.332628,-1.26065,0,0.0856647
0.385,0.045,40.764,6.95889,-11.4471,744.334,0.332628,-1.26065,0,0.0856647
0.385,0.055,40.7422,7.01305,-11.2008,746.954,0.332628,-1.26065,0,0.0856647
0.385,0.065,40.6678,7.06403,-10.9524,748.227,0.332628,-1.26065,0,0.0856647
0.385,0.075,40.5484,7.11147,-10.7012,748.254,0.332628,-1.26065,0,0.0856647
0.385,0.085,40.3902,7.15492,-10.4467,747.111,0.332628,-1.26065,0,0.0856647
0.385,0.095,40.1985,7.19393,-10.1887,744.85,0.332628,-1.26065,0,0.0856647
0.385,0.105,39.9776,7.22806,-9.92695,741.501,0.332628,-1.26065,0,0.0856647
0.385,0.115,39.731,7.25687,-9.66128,737.082,0.332628,-1.26065,0,0.0856647
0.385,0.125,39.4619,7.27994,-9.39167,731.601,0.332628,-1.26065,0,0.0856647
0.385,0.135,39.1731,7.29685,-9.11812,725.064,0.332628,-1.26065,0,0.0856647
0.385,0.145,38.8672,7.30719,-8.84065,717.479,0.332628,-1.26065,0,0.0856647
0.385,0.155,38.5468,7.31058,-8.55931,708.856,0.332628,-1.26065,0,0.0856647
0.385,0.165,38.2141,7.30662,-8.27419,699.211,0.332628,-1.26065,0,0.0856647
0.385,0.175,37.8714,7.29494,-7.98538,688.562,0.332628,-1.26065,0,0.0856647
0.385,0.185,37.5204,7.27518,-7.69304,676.933,0.332628,-1.26065,0,0.0856647
0.385,0.195,37.1628,7.24701,-7.39734,664.35,0.332628,-1.26065,0,0.0856647
0.385,0.205,36.7996,7.21014,-7.0985,650.844,0.332628,-1.26065,0,0.0856647
0.385,0.215,36.4318,7.16432,-6.7968,636.447,0.332628,-1.26065,0,0.0856647
0.385,0.225,36.0597,7.10935,-6.49254,621.196,0.332628,-1.26065,0,0.0856647
0.385,0.235,35.6831,7.04508,-6.18608,605.131,0.332628,-1.26065,0,0.0856647
0.385,0.245,35.3016,6.97142,-5.87779,588.298,0.332628,-1.26065,0,0.0856647
0.385,0.255,34.9143,6.88835,-5.56811,570.746,0.332628,-1.26065,0,0.0856647
0.385,0.265,34.5196,6.79585,-5.25747,552.529,0.332628,-1.26065,0,0.0856647
0.385,0.275,34.1161,6.69397,-4.94633,533.711,0.332628,-1.26065,0,0.0856647
0.385,0.285,33.7173,6.58275,-4.633,514.697,0.332628,-1.26065,0,0.0856647
0.385,0.295,33.3221,6.46322,-4.31789,495.562,0.332628,-1.26065,0,0.0856647
0.385,0.305,32.908,6.33653,-4.00434,475.952,0.332628,-1.26065,0,0.0856647
0.385,0.315,32.4725,6.20311,-3.69283,455.958,0.332628,-1.26065,0,0.0856647
0.385,0.325,32.0125,6.06345,-3.3838,435.666,0.332628,-1.26065,0,0.0856647
0.385,0.335,31.5245,5.91806,-3.07764,415.161,0.332628,-1.26065,0,0.0856647
0.385,0.345,31.0049,5.76749,-2.77473,394.53,0.332628,-1.26065,0,0.0856647
0.385,0.355,30.4505,5.6123,-2.47543,373.867,0.332628,-1.26065,0,0.0856647
0.385,0.365,29.8585,5.45304,-2.18001,353.271,0.332628,-1.26065,0,0.0856647
0.385,0.375,29.2271,5.29023,-1.88875,332.847,0.332628,-1.26065,0,0.0856647
0.385,0.385,28.5555,5.12433,-1.60193,312.704,0.332628,-1.26065,0,0.0856647
0.385,0.395,27.8442,4.95574,-1.31984,292.953,0.332628,-1.26065,0,0.0856647
0.385,0.405,27.0955,4.78479,-1.04284,273.713,0.332628,-1.26065,0,0.0856647
0.385,0.415,26.3136,4.61165,-0.771409,255.103,0.332628,-1.26065,0,0.0856647
0.385,0.425,25.5058,4.43636,-0.506221,237.255,0.332628,-1.26065,0,0.0856647
0.385,0.435,24.6829,4.2586,-0.248288,220.309,0.332628,-1.26065,0,0.0856647
0.385,0.445,23.8806,4.07018,0.0013803,204.467,0.332628,-1.26065,0,0.0856647
0.385,0.455,23.1134,3.86503,0.241641,189.805,0.332628,-1.26065,0,0.0856647
0.385,0.465,22.3666,3.65565,0.469317,176.52,0.332628,-1.26065,0,0.0856647
0.385,0.475,21.6913,3.43814,0.679129,165.061,0.332628,-1.26065,0,0.0856647
0.385,0.485,21.1228,3.21138,0.864566,155.656,0.332628,-1.26065,0,0.0856647
0.385,0.495,20.6619,2.97695,1.01722,148.206,0.332628,-1.26065,0,0.0856647
0.385,0.505,20.3409,2.7234,1.13056,143.103,0.332628,-1.26065,0,0.0856647
0.385,0.515,20.0001,2.44683,1.20475,140.201,0.332628,-1.26065,0,0.0856647
0.385,0.525,19.1203,2.1369,1.24707,139.101,0.332628,-1.26065,0,0.0856647
0.385,0.535,16.8811,1.70427,1.28076,139.664,0.332628,-1.26065,0,0.0856647
0.385,0.545,13.0676,0.792124,1.37506,142.598,0.332628,-1.26065,0,0.0856647
0.385,0.555,9.49371,-1.42612,1.68054,147.776,0.332628,-1.26065,0,0.0856647
0.385,0.565,8.3292,-5.39,2.24779,147.785,0.332628,-1.26065,0,0.0856647
0.385,0.575,10.1918,-9.54599,2.7349,139.052,0.332628,-1.26065,0,0.0856647
0.385,0.585,15.9257,-12.3326,2.87829,123.814,0.332628,-1.26065,0,0.0856647
0.385,0.595,27.4997,-13.7404,2.83065,109.497,0.332628,-1.26065,0,0.0856647
0.385,0.605,47.6814,-14.369,2.77936,101.698,0.332628,-1.26065,0,0.0856647
0.385,0.615,78.5395,-14.6578,2.75185,97.9926,0.332628,-1.26065,0,0.0856647
0.385,0.625,120.089,-14.8047,2.7245,94.8492,0.332628,-1.26065,0,0.0856647
0.385,0.635,170.466,-14.8856,2.70074,92.3844,0.332628,-1.26065,0,0.0856647
0.385,0.645,227.937,-14.9315,2.69242,93.1261,0.332628,-1.26065,0,0.0856647
0.385,0.655,291.836,-14.9576,2.70321,98.7157,0.332628,-1.26065,0,0.0856647
0.385,0.665,361.673,-14.9727,2.72842,108.899,0.332628,-1.26065,0,0.0856647
0.385,0.675,436.063,-14.9816,2.76097,122.355,0.332628,-1.26065,0,0.0856647
0.385,0.685,512.578,-14.9873,2.79538,137.609,0.332628,-1.26065,0,0.0856647
0.385,0.695,588.264,-14.991,2.82849,153.427,0.332628,-1.26065,0,0.0856647
0.385,0.705,660.265,-14.9937,2.8588,168.892,0.332628,-1.26065,0,0.0856647
0.385,0.715,726.248,-14.9955,2.88572,183.37,0.332628,-1.26065,0,0.0856647
0.385,0.725,784.621,-14.9969,2.90911,196.451,0.332628,-1.26065,0,0.0856647
0.385,0.735,834.563,-14.9979,2.92903,207.908,0.332628,-1.26065,0,0.0856647
0.385,0.745,875.95,-14.9986,2.94568,217.655,0.332628,-1.26065,0,0.0856647
0.385,0.755,909.208,-14.9991,2.9593,225.717,0.332628,-1.26065,0,0.0856647
0.385,0.765,935.148,-14.9994,2.97018,232.203,0.332628,-1.26065,0,0.0856647
0.385,0.775,954.797,-14.9996,2.97867,237.276,0.332628,-1.26065,0,0.0856647
0.385,0.785,969.26,-14.9998,2.98512,241.131,0.332628,-1.26065,0,0.0856647
0.385,0.795,979.608,-14.9999,2.98988,243.978,0.332628,-1.26065,0,0.0856647
0.385,0.805,986.805,-14.9999,2.9933,246.018,0.332628,-1.26065,0,0.0856647
0.385,0.815,991.673,-15,2.99568,247.437,0.332628,-1.26065,0,0.0856647
0.385,0.825,994.875,-15,2.99729,248.394,0.332628,-1.26065,0,0.0856647
0.385,0.835,996.924,-15,2.99835,249.021,0.332628,-1.26065,0,0.0856647
0.385,0.845,998.2,-15,2.99902,249.419,0.332628,-1.26065,0,0.0856647
0.385,0.855,998.972,-15,2.99943,249.664,0.332628,-1.26065,0,0.0856647
0.385,0.865,999.428,-15,2.99968,249.811,0.332628,-1.26065,0,0.0856647
0.385,0.875,999.689,-15,2.99983,249.896,0.332628,-1.26065,0,0.0856647
0.385,0.885,999.835,-15,2.99991,249.945,0.332628,-1.26065,0,0.0856647
0.385,0.895,999.915,-15,2.99995,249.971,0.332628,-1.26065,0,0.0856647
0.385,0.905,999.957,-15,2.99998,249.985,0.332628,-1.26065,0,0.0856647
0.385,0.915,999.979,-15,2.99999,249.993,0.332628,-1.26065,0,0.0856647
0.385,0.925,999.99,-15,2.99999,249.996,0.332628,-1.26065,0,0.0856647
0.385,0.935,999.995,-15,3,249.998,0.332628,-1.26065,0,0.0856647
0.385,0.945,999.998,-15,3,249.999,0.332628,-1.26065,0,0.0856647
0.385,0.955,999.999,-15,3,250,0.332628,-1.26065,0,0.0856647
0.385,0.965,1000,-15,3,250,0.332628,-1.26065,0,0.0856647
0.385,0.975,1000,-15,3,250,0.332628,-1.26065,0,0.0856647
0.385,0.985,1000,-15,3,250,0.332628,-1.26065,0,0.0856647
0.385,0.995,1000,-15,3,250,0.332628,-1.26065,0,0.0856647
0.395,0.005,38.5254,6.84763,-12.323,678.636,0.264337,-1.12579,0,0.0620984
0.395,0.015,38.7793,6.91051,-12.0764,687.07,0.264337,-1.12579,0,0.0620984
0.395,0.025,38.9535,6.97068,-11.8306,693.828,0.264337,-1.12579,0,0.0620984
0.395,0.035,39.0544,7.02818,-11.5849,698.984,0.264337,-1.12579,0,0.0620984
0.395,0.045,39.0897,7.08295,-11.3387,702.634,0.264337,-1.12579,0,0.0620984
0.395,0.055,39.0669,7.13481,-11.0911,704.887,0.264337,-1.12579,0,0.0620984
0.395,0.065,38.9937,7.18348,-10.8416,705.847,0.264337,-1.12579,0,0.0620984
0.395,0.075,38.8768,7.22859,-10.5894,705.605,0.264337,-1.12579,0,0.0620984
0.395,0.085,38.7224,7.26974,-10.3342,704.236,0.264337,-1.12579,0,0.0620984
0.395,0.095,38.5353,7.30648,-10.0756,701.792,0.264337,-1.12579,0,0.0620984
0.395,0.105,38.3198,7.33839,-9.81333,698.307,0.264337,-1.12579,0,0.0620984
0.395,0.115,38.0792,7.36502,-9.54733,693.802,0.264337,-1.12579,0,0.0620984
0.395,0.125,37.8167,7.38597,-9.27752,688.291,0.264337,-1.12579,0,0.0620984
0.395,0.135,37.5349,7.40084,-9.00392,681.784,0.264337,-1.12579,0,0.0620984
0.395,0.145,37.2361,7.40924,-8.72654,674.289,0.264337,-1.12579,0,0.0620984
0.395,0.155,36.9227,7.41078,-8.44546,665.82,0.264337,-1.12579,0,0.0620984
0.395,0.165,36.5968,7.40509,-8.16076,656.392,0.264337,-1.12579,0,0.0620984
0.395,0.175,36.2601,7.39184,-7.87256,646.026,0.264337,-1.12579,0,0.0620984
0.395,0.185,35.9144,7.37067,-7.58102,634.744,0.264337,-1.12579,0,0.0620984
0.395,0.195,35.5611,7.3413,-7.28632,622.574,0.264337,-1.12579,0,0.0620984
0.395,0.205,35.2011,7.30346,-6.98869,609.547,0.264337,-1.12579,0,0.0620984
0.395,0.215,34.8352,7.25691,-6.6884,595.696,0.264337,-1.12579,0,0.0620984
0.395,0.225,34.4636,7.20147,-6.38575,581.058,0.264337,-1.12579,0,0.0620984
0.395,0.235,34.0862,7.13703,-6.08109,565.674,0.264337,-1.12579,0,0.0620984
0.395,0.245,33.7026,7.06349,-5.7748,549.59,0.264337,-1.12579,0,0.0620984
0.395,0.255,33.3118,6.98083,-5.46728,532.855,0.264337,-1.12579,0,0.0620984
0.395,0.265,32.9127,6.88906,-5.15897,515.522,0.264337,-1.12579,0,0.0620984
0.395,0.275,32.5039,6.78821,-4.85027,497.658,0.264337,-1.12579,0,0.0620984
0.395,0.285,32.1039,6.67834,-4.53878,479.751,0.264337,-1.12579,0,0.0620984
0.395,0.295,31.7003,6.56069,-4.22652,461.633,0.264337,-1.12579,0,0.0620984
0.395,0.305,31.2779,6.43613,-3.91589,443.106,0.264337,-1.12579,0,0.0620984
0.395,0.315,30.8346,6.30508,-3.60736,424.251,0.264337,-1.12579,0,0.0620984
0.395,0.325,30.3677,6.16801,-3.30132,405.15,0.264337,-1.12579,0,0.0620984
0.395,0.335,29.8744,6.0254,-2.99815,385.884,0.264337,-1.12579,0,0.0620984
0.395,0.345,29.3515,5.87776,-2.69823,366.535,0.264337,-1.12579,0,0.0620984
0.395,0.355,28.7966,5.72563,-2.40188,347.19,0.264337,-1.12579,0,0.0620984
0.395,0.365,28.2075,5.56953,-2.10941,327.942,0.264337,-1.12579,0,0.0620984
0.395,0.375,27.5829,5.40994,-1.82109,308.887,0.264337,-1.12579,0,0.0620984
0.395,0.385,26.9227,5.2473,-1.53722,290.125,0.264337,-1.12579,0,0.0620984
0.395,0.395,26.2279,5.08198,-1.25812,271.761,0.264337,-1.12579,0,0.0620984
0.395,0.405,25.5011,4.91426,-0.984197,253.903,0.264337,-1.12579,0,0.0620984
0.395,0.415,24.7472,4.74431,-0.716004,236.664,0.264337,-1.12579,0,0.0620984
0.395,0.425,23.9735,4.57211,-0.454326,220.165,0.264337,-1.12579,0,0.0620984
0.395,0.435,23.1909,4.39734,-0.200304,204.54,0.264337,-1.12579,0,0.0620984
0.395,0.445,22.4407,4.20854,0.0450126,189.985,0.264337,-1.12579,0,0.0620984
0.395,0.455,21.7171,4.00654,0.279912,176.527,0.264337,-1.12579,0,0.0620984
0.395,0.465,21.0239,3.79988,0.500443,164.432,0.264337,-1.12579,0,0.0620984
0.395,0.475,20.4055,3.5853,0.700734,154.076,0.264337,-1.12579,0,0.0620984
0.395,0.485,19.9145,3.35722,0.874708,145.881,0.264337,-1.12579,0,0.0620984
0.395,0.495,19.5668,3.11549,1.01614,139.905,0.264337,-1.12579,0,0.0620984
0.395,0.505,19.3307,2.8582,1.11912,135.93,0.264337,-1.12579,0,0.0620984
0.395,0.515,19.0271,2.57908,1.18372,133.869,0.264337,-1.12579,0,0.0620984
0.395,0.525,18.0934,2.26336,1.21933,133.351,0.264337,-1.12579,0,0.0620984
0.395,0.535,15.7185,1.79749,1.25359,134.379,0.264337,-1.12579,0,0.0620984
0.395,0.545,11.9057,0.760104,1.36746,137.766,0.264337,-1.12579,0,0.0620984
0.395,0.555,8.70806,-1.71344,1.71516,142.644,0.264337,-1.12579,0,0.0620984
0.395,0.565,7.9394,-5.82225,2.29313,141.199,0.264337,-1.12579,0,0.0620984
0.395,0.575,10.0217,-9.86377,2.72586,131.675,0.264337,-1.12579,0,0.0620984
0.395,0.585,15.8288,-12.4874,2.83049,116.958,0.264337,-1.12579,0,0.0620984
0.395,0.595,27.4158,-13.7981,2.79265,104.713,0.264337,-1.12579,0,0.0620984
0.395,0.605,47.6893,-14.3865,2.76424,99.3764,0.264337,-1.12579,0,0.0620984
0.395,0.615,78.7312,-14.6627,2.74827,97.1377,0.264337,-1.12579,0,0.0620984
0.395,0.625,120.375,-14.8066,2.72299,94.3375,0.264337,-1.12579,0,0.0620984
0.395,0.635,170.636,-14.8869,2.69846,91.7452,0.264337,-1.12579,0,0.0620984
0.395,0.645,227.869,-14.9324,2.68978,92.4132,0.264337,-1.12579,0,0.0620984
0.395,0.655,291.578,-14.9582,2.70104,98.1001,0.264337,-1.12579,0,0.0620984
0.395,0.665,361.354,-14.973,2.72699,108.46,0.264337,-1.12579,0,0.0620984
0.395,0.675,435.784,-14.9818,2.76016,122.082,0.264337,-1.12579,0,0.0620984
0.395,0.685,512.378,-14.9874,2.79497,137.455,0.264337,-1.12579,0,0.0620984
0.395,0.695,588.14,-14.9911,2.82829,153.346,0.264337,-1.12579,0,0.0620984
0.395,0.705,660.195,-14.9937,2.85871,168.852,0.264337,-1.12579,0,0.0620984
0.395,0.715,726.212,-14.9955,2.88568,183.351,0.264337,-1.12579,0,0.0620984
0.395,0.725,784.604,-14.9969,2.90909,196.443,0.264337,-1.12579,0,0.0620984
0.395,0.735,834.555,-14.9979,2.92903,207.904,0.264337,-1.12579,0,0.0620984
0.395,0.745,875.947,-14.9986,2.94568,217.653,0.264337,-1.12579,0,0.0620984
0.395,0.755,909.207,-14.9991,2.95929,225.717,0.264337,-1.12579,0,0.0620984
0.395,0.765,935.147,-14.9994,2.97018,232.203,0.264337,-1.12579,0,0.0620984
0.395,0.775,954.797,-14.9996,2.97867,237.276,0.264337,-1.12579,0,0.0620984
0.395,0.785,969.26,-14.9998,2.98512,241.131,0.264337,-1.12579,0,0.0620984
0.395,0.795,979.608,-14.9999,2.98988,243.978,0.264337,-1.12579,0,0.0620984
0.395,0.805,986.805,-14.9999,2.9933,246.018,0.264337,-1.12579,0,0.0620984
0.395,0.815,991.673,-15,2.99568,247.437,0.264337,-1.12579,0,0.0620984
0.395,0.825,994.875,-15,2.99729,248.394,0.264337,-1.12579,0,0.0620984
0.395,0.835,996.924,-15,2.99835,249.021,0.264337,-1.12579,0,0.0620984
0.395,0.845,998.2,-15,2.99902,249.419,0.264337,-1.12579,0,0.0620984
0.395,0.855,998.972,-15,2.99943,249.664,0.264337,-1.12579,0,0.0620984
0.395,0.865,999.428,-15,2.99968,249.811,0.264337,-1.12579,0,0.0620984
0.395,0.875,999.689,-15,2.99983,249.896,0.264337,-1.12579,0,0.0620984
0.395,0.885,999.835,-15,2.99991,249.945,0.264337,-1.12579,0,0.0620984
0.395,0.895,999.915,-15,2.99995,249.971,0.264337,-1.12579,0,0.0620984
0.395,0.905,999.957,-15,2.99998,249.985,0.264337,-1.12579,0,0.0620984
0.395,0.915,999.979,-15,2.99999,249.993,0.264337,-1.12579,0,0.0620984
0.395,0.925,999.99,-15,2.99999,249.996,0.264337,-1.12579,0,0.0620984
0.395,0.935,999.995,-15,3,249.998,0.264337,-1.12579,0,0.0620984
0.395,0.945,999.998,-15,3,249.999,0.264337,-1.12579,0,0.0620984
0.395,0.955,999.999,-15,3,250,0.264337,-1.12579,0,0.0620984
0.395,0.965,1000,-15,3,250,0.264337,-1.12579,0,0.0620984
0.395,0.975,1000,-15,3,250,0.264337,-1.12579,0,0.0620984
0.395,0.985,1000,-15,3,250,0.264337,-1.12579,0,0.0620984
0.395,0.995,1000,-15,3,250,0.264337,-1.12579,0,0.0620984
0.405,0.005,36.9549,6.97779,-12.2204,641.272,0.207753,-0.990927,0,0.0443228
0.405,0.015,37.1915,7.03859,-11.9729,648.993,0.207753,-0.990927,0,0.0443228
0.405,0.025,37.3539,7.09664,-11.7261,655.159,0.207753,-0.990927,0,0.0443228
0.405,0.035,37.4478,7.15198,-11.4793,659.827,0.207753,-0.990927,0,0.0443228
0.405,0.045,37.4796,7.20454,-11.2319,663.077,0.207753,-0.990927,0,0.0443228
0.405,0.055,37.4562,7.25415,-10.9832,664.999,0.207753,-0.990927,0,0.0443228
0.405,0.065,37.3843,7.30054,-10.7327,665.685,0.207753,-0.990927,0,0.0443228
0.405,0.075,37.2703,7.34338,-10.4797,665.216,0.207753,-0.990927,0,0.0443228
0.405,0.085,37.1198,7.38227,-10.2238,663.663,0.207753,-0.990927,0,0.0443228
0.405,0.095,36.9374,7.4168,-9.96459,661.077,0.207753,-0.990927,0,0.0443228
0.405,0.105,36.7273,7.44653,-9.70197,657.496,0.207753,-0.990927,0,0.0443228
0.405,0.115,36.4927,7.47106,-9.43574,652.944,0.207753,-0.990927,0,0.0443228
0.405,0.125,36.2366,7.48998,-9.16586,647.438,0.207753,-0.990927,0,0.0443228
0.405,0.135,35.9615,7.5029,-8.89231,640.991,0.207753,-0.990927,0,0.0443228
0.405,0.145,35.6695,7.50943,-8.61516,633.616,0.207753,-0.990927,0,0.0443228
0.405,0.155,35.3628,7.50923,-8.33445,625.326,0.207753,-0.990927,0,0.0443228
0.405,0.165,35.0433,7.50193,-8.0503,616.138,0.207753,-0.990927,0,0.0443228
0.405,0.175,34.7126,7.48722,-7.76282,606.073,0.207753,-0.990927,0,0.0443228
0.405,0.185,34.3722,7.46478,-7.47219,595.155,0.207753,-0.990927,0,0.0443228
0.405,0.195,34.0232,7.43433,-7.1786,583.411,0.207753,-0.990927,0,0.0443228
0.405,0.205,33.6666,7.39563,-6.88227,570.871,0.207753,-0.990927,0,0.0443228
0.405,0.215,33.303,7.34847,-6.58347,557.57,0.207753,-0.990927,0,0.0443228
0.405,0.225,32.9326,7.29269,-6.28251,543.546,0.207753,-0.990927,0,0.0443228
0.405,0.235,32.5554,7.22817,-5.97972,528.839,0.207753,-0.990927,0,0.0443228
0.405,0.245,32.1707,7.15485,-5.67547,513.494,0.207753,-0.990927,0,0.0443228
0.405,0.255,31.778,7.0727,-5.37016,497.56,0.207753,-0.990927,0,0.0443228
0.405,0.265,31.3761,6.98173,-5.0642,481.089,0.207753,-0.990927,0,0.0443228
0.405,0.275,30.9651,6.88195,-4.7578,464.173,0.207753,-0.990927,0,0.0443228
0.405,0.285,30.5642,6.77354,-4.44836,447.298,0.207753,-0.990927,0,0.0443228
0.405,0.295,30.1548,6.65779,-4.13892,430.164,0.207753,-0.990927,0,0.0443228
0.405,0.305,29.727,6.53536,-3.83118,412.677,0.207753,-0.990927,0,0.0443228
0.405,0.315,29.2789,6.40667,-3.52558,394.913,0.207753,-0.990927,0,0.0443228
0.405,0.325,28.8083,6.27215,-3.22248,376.948,0.207753,-0.990927,0,0.0443228
0.405,0.335,28.3127,6.13226,-2.92227,358.859,0.207753,-0.990927,0,0.0443228
0.405,0.345,27.7899,5.9875,-2.62528,340.723,0.207753,-0.990927,0,0.0443228
0.405,0.355,27.2376,5.83837,-2.33184,322.622,0.207753,-0.990927,0,0.0443228
0.405,0.365,26.6545,5.68534,-2.04226,304.641,0.207753,-0.990927,0,0.0443228
0.405,0.375,26.0396,5.52888,-1.75682,286.87,0.207753,-0.990927,0,0.0443228
0.405,0.385,25.3934,5.36939,-1.47585,269.402,0.207753,-0.990927,0,0.0443228
0.405,0.395,24.7174,5.20721,-1.19971,252.333,0.207753,-0.990927,0,0.0443228
0.405,0.405,24.0145,5.0426,-0.928842,235.763,0.207753,-0.990927,0,0.0443228
0.405,0.415,23.2899,4.87568,-0.66388,219.8,0.207753,-0.990927,0,0.0443228
0.405,0.425,22.5512,4.70641,-0.405712,204.556,0.207753,-0.990927,0,0.0443228
0.405,0.435,21.8104,4.53397,-0.155611,190.16,0.207753,-0.990927,0,0.0443228
0.405,0.445,21.1094,4.34522,0.0852803,176.796,0.207753,-0.990927,0,0.0443228
0.405,0.455,20.4312,4.14612,0.314679,164.476,0.207753,-0.990927,0,0.0443228
0.405,0.465,19.7934,3.94165,0.527946,153.509,0.207753,-0.990927,0,0.0443228
0.405,0.475,19.236,3.72896,0.718895,144.229,0.207753,-0.990927,0,0.0443228
0.405,0.485,18.8023,3.50321,0.880878,136.973,0.207753,-0.990927,0,0.0443228
0.405,0.495,18.5348,3.25702,1.009,132.093,0.207753,-0.990927,0,0.0443228
0.405,0.505,18.3794,2.99362,1.10105,129.191,0.207753,-0.990927,0,0.0443228
0.405,0.515,18.1016,2.71113,1.15708,127.9,0.207753,-0.990927,0,0.0443228
0.405,0.525,17.0966,2.3872,1.18738,127.926,0.207753,-0.990927,0,0.0443228
0.405,0.535,14.5808,1.87783,1.22487,129.424,0.207753,-0.990927,0,0.0443228
0.405,0.545,10.8141,0.69077,1.36375,133.221,0.207753,-0.990927,0,0.0443228
0.405,0.555,8.02172,-2.04464,1.75481,137.521,0.207753,-0.990927,0,0.0443228
0.405,0.565,7.60991,-6.2522,2.33014,134.682,0.207753,-0.990927,0,0.0443228
0.405,0.575,9.87069,-10.1568,2.70393,124.591,0.207753,-0.990927,0,0.0443228
0.405,0.585,15.7252,-12.6237,2.77921,110.678,0.207753,-0.990927,0,0.0443228
0.405,0.595,27.3328,-13.8461,2.7585,100.7,0.207753,-0.990927,0,0.0443228
0.405,0.605,47.7319,-14.3998,2.75332,97.7003,0.207753,-0.990927,0,0.0443228
0.405,0.615,78.9748,-14.6663,2.74681,96.6409,0.207753,-0.990927,0,0.0443228
0.405,0.625,120.695,-14.8082,2.7221,93.9482,0.207753,-0.990927,0,0.0443228
0.405,0.635,170.805,-14.8881,2.6962,91.1144,0.207753,-0.990927,0,0.0443228
0.405,0.645,227.78,-14.9333,2.68706,91.686,0.207753,-0.990927,0,0.0443228
0.405,0.655,291.303,-14.9588,2.69884,97.4814,0.207753,-0.990927,0,0.0443228
0.405,0.665,361.031,-14.9733,2.72558,108.029,0.207753,-0.990927,0,0.0443228
0.405,0.675,435.511,-14.982,2.75939,121.82,0.207753,-0.990927,0,0.0443228
0.405,0.685,512.188,-14.9874,2.79458,137.31,0.207753,-0.990927,0,0.0443228
0.405,0.695,588.024,-14.9911,2.82812,153.272,0.207753,-0.990927,0,0.0443228
0.405,0.705,660.132,-14.9937,2.85863,168.817,0.207753,-0.990927,0,0.0443228
0.405,0.715,726.18,-14.9955,2.88565,183.335,0.207753,-0.990927,0,0.0443228
0.405,0.725,784.589,-14.9969,2.90908,196.436,0.207753,-0.990927,0,0.0443228
0.405,0.735,834.549,-14.9979,2.92902,207.901,0.207753,-0.990927,0,0.0443228
0.405,0.745,875.944,-14.9986,2.94567,217.652,0.207753,-0.990927,0,0.0443228
0.405,0.755,909.206,-14.9991,2.95929,225.716,0.207753,-0.990927,0,0.0443228
0.405,0.765,935.147,-14.9994,2.97018,232.203,0.207753,-0.990927,0,0.0443228
0.405,0.775,954.797,-14.9996,2.97867,237.276,0.207753,-0.990927,0,0.0443228
0.405,0.785,969.26,-14.9998,2.98512,241.131,0.207753,-0.990927,0,0.0443228
0.405,0.795,979.608,-14.9999,2.98988,243.978,0.207753,-0.990927,0,0.0443228
0.405,0.805,986.805,-14.9999,2.9933,246.018,0.207753,-0.990927,0,0.0443228
0.405,0.815,991.673,-15,2.99568,247.437,0.207753,-0.990927,0,0.0443228
0.405,0.825,994.875,-15,2.99729,248.394,0.207753,-0.990927,0,0.0443228
0.405,0.835,996.924,-15,2.99835,249.021,0.207753,-0.990927,0,0.0443228
0.405,0.845,998.2,-15,2.99902,249.419,0.207753,-0.990927,0,0.0443228
0.405,0.855,998.972,-15,2.99943,249.664,0.207753,-0.990927,0,0.0443228
0.405,0.865,999.428,-15,2.99968,249.811,0.207753,-0.990927,0,0.0443228
0.405,0.875,999.689,-15,2.99983,249.896,0.207753,-0.990927,0,0.0443228
0.405,0.885,999.835,-15,2.99991,249.945,0.207753,-0.990927,0,0.0443228
0.405,0.895,999.915,-15,2.99995,249.971,0.207753,-0.990927,0,0.0443228
0.405,0.905,999.957,-15,2.99998,249.985,0.207753,-0.990927,0,0.0443228
0.405,0.915,999.979,-15,2.99999,249.993,0.207753,-0.990927,0,0.0443228
0.405,0.925,999.99,-15,2.99999,249.996,0.207753,-0.990927,0,0.0443228
0.405,0.935,999.995,-15,3,249.998,0.207753,-0.990927,0,0.0443228
0.405,0.945,999.998,-15,3,249.999,0.207753,-0.990927,0,0.0443228
0.405,0.955,999.999,-15,3,250,0.207753,-0.990927,0,0.0443228
0.405,0.965,1000,-15,3,250,0.207753,-0.990927,0,0.0443228
0.405,0.975,1000,-15,3,250,0.207753,-0.990927,0,0.0443228
0.405,0.985,1000,-15,3,250,0.207753,-0.990927,0,0.0443228
0.405,0.995,1000,-15,3,250,0.207753,-0.990927,0,0.0443228
0.415,0.005,35.4426,7.10545,-12.1191,605.773,0.161303,-0.856064,0,0.0310999
0.415,0.015,35.6632,7.16422,-11.8709,612.832,0.161303,-0.856064,0,0.0310999
0.415,0.025,35.8147,7.2202,-11.6231,618.449,0.161303,-0.856064,0,0.0310999
0.415,0.035,35.902,7.27342,-11.3753,622.668,0.161303,-0.856064,0,0.0310999
0.415,0.045,35.9307,7.32381,-11.1269,625.552,0.161303,-0.856064,0,0.0310999
0.415,0.055,35.9068,7.37122,-10.8772,627.178,0.161303,-0.856064,0,0.0310999
0.415,0.065,35.8365,7.41538,-10.6257,627.625,0.161303,-0.856064,0,0.0310999
0.415,0.075,35.7255,7.456,-10.372,626.966,0.161303,-0.856064,0,0.0310999
0.415,0.085,35.579,7.49268,-10.1154,625.266,0.161303,-0.856064,0,0.0310999
0.415,0.095,35.4014,7.52505,-9.85583,622.576,0.161303,-0.856064,0,0.0310999
0.415,0.105,35.1967,7.55268,-9.59292,618.935,0.161303,-0.856064,0,0.0310999
0.415,0.115,34.968,7.57517,-9.32657,614.369,0.161303,-0.856064,0,0.0310999
0.415,0.125,34.7182,7.59213,-9.05672,608.9,0.161303,-0.856064,0,0.0310999
0.415,0.135,34.4495,7.60318,-8.78336,602.542,0.161303,-0.856064,0,0.0310999
0.415,0.145,34.1642,7.60795,-8.50653,595.311,0.161303,-0.856064,0,0.0310999
0.415,0.155,33.864,7.6061,-8.22631,587.222,0.161303,-0.856064,0,0.0310999
0.415,0.165,33.5507,7.5973,-7.94282,578.293,0.161303,-0.856064,0,0.0310999
0.415,0.175,33.2258,7.58124,-7.65618,568.544,0.161303,-0.856064,0,0.0310999
0.415,0.185,32.8907,7.55764,-7.36656,558.001,0.161303,-0.856064,0,0.0310999
0.415,0.195,32.5463,7.52623,-7.07416,546.691,0.161303,-0.856064,0,0.0310999
0.415,0.205,32.1934,7.48679,-6.77921,534.644,0.161303,-0.856064,0,0.0310999
0.415,0.215,31.8327,7.43913,-6.48198,521.894,0.161303,-0.856064,0,0.0310999
0.415,0.225,31.4642,7.3831,-6.18276,508.48,0.161303,-0.856064,0,0.0310999
0.415,0.235,31.0879,7.31861,-5.88189,494.441,0.161303,-0.856064,0,0.0310999
0.415,0.245,30.7034,7.2456,-5.57972,479.823,0.161303,-0.856064,0,0.0310999
0.415,0.255,30.3101,7.16403,-5.27664,464.672,0.161303,-0.856064,0,0.0310999
0.415,0.265,29.9069,7.07393,-4.97304,449.04,0.161303,-0.856064,0,0.0310999
0.415,0.275,29.4961,6.9753,-4.66885,433.053,0.161303,-0.856064,0,0.0310999
0.415,0.285,29.0952,6.86842,-4.36162,417.147,0.161303,-0.856064,0,0.0310999
0.415,0.295,28.6822,6.75457,-4.05498,400.96,0.161303,-0.856064,0,0.0310999
0.415,0.305,28.2515,6.63427,-3.75009,384.469,0.161303,-0.856064,0,0.0310999
0.415,0.315,27.8012,6.50791,-3.44737,367.746,0.161303,-0.856064,0,0.0310999
0.415,0.325,27.3296,6.37592,-3.14717,350.862,0.161303,-0.856064,0,0.0310999
0.415,0.335,26.8347,6.23872,-2.84985,333.888,0.161303,-0.856064,0,0.0310999
0.415,0.345,26.3145,6.09679,-2.55574,316.898,0.161303,-0.856064,0,0.0310999
0.415,0.355,25.7676,5.95058,-2.26516,299.969,0.161303,-0.856064,0,0.0310999
0.415,0.365,25.1929,5.80055,-1.97842,283.179,0.161303,-0.856064,0,0.0310999
0.415,0.375,24.5901,5.64713,-1.69583,266.611,0.161303,-0.856064,0,0.0310999
0.415,0.385,23.9599,5.4907,-1.41772,250.352,0.161303,-0.856064,0,0.0310999
0.415,0.395,23.3043,5.33157,-1.14449,234.49,0.161303,-0.856064,0,0.0310999
0.415,0.405,22.6266,5.16995,-0.876665,219.121,0.161303,-0.856064,0,0.0310999
0.415,0.415,21.9322,5.00594,-0.614933,204.344,0.161303,-0.856064,0,0.0310999
0.415,0.425,21.2289,4.83944,-0.360299,190.267,0.161303,-0.856064,0,0.0310999
0.415,0.435,20.5309,4.66871,-0.114151,177.018,0.161303,-0.856064,0,0.0310999
0.415,0.445,19.8759,4.48053,0.122178,164.752,0.161303,-0.856064,0,0.0310999
0.415,0.455,19.2448,4.28395,0.345842,153.51,0.161303,-0.856064,0,0.0310999
0.415,0.465,18.6632,4.08119,0.551613,143.61,0.161303,-0.856064,0,0.0310999
0.415,0.475,18.168,3.86963,0.733083,135.358,0.161303,-0.856064,0,0.0310999
0.415,0.485,17.7965,3.64464,0.883525,129.041,0.161303,-0.856064,0,0.0310999
0.415,0.495,17.5745,3.40034,0.998164,124.868,0.161303,-0.856064,0,0.0310999
0.415,0.505,17.486,3.12955,1.07719,122.899,0.161303,-0.856064,0,0.0310999
0.415,0.515,17.2176,2.84258,1.1249,122.28,0.161303,-0.856064,0,0.0310999
0.415,0.525,16.1212,2.50708,1.15111,122.811,0.161303,-0.856064,0,0.0310999
0.415,0.535,13.4645,1.94121,1.19499,124.784,0.161303,-0.856064,0,0.0310999
0.415,0.545,9.79844,0.578132,1.3648,128.91,0.161303,-0.856064,0,0.0310999
0.415,0.555,7.42753,-2.41544,1.79815,132.342,0.161303,-0.856064,0,0.0310999
0.415,0.565,7.33083,-6.67256,2.35602,128.242,0.161303,-0.856064,0,0.0310999
0.415,0.575,9.73216,-10.4239,2.66969,117.834,0.161303,-0.856064,0,0.0310999
0.415,0.585,15.6151,-12.742,2.72629,105.025,0.161303,-0.856064,0,0.0310999
0.415,0.595,27.2582,-13.8848,2.72911,97.4543,0.161303,-0.856064,0,0.0310999
0.415,0.605,47.8157,-14.4096,2.74652,96.6168,0.161303,-0.856064,0,0.0310999
0.415,0.615,79.2695,-14.6687,2.74718,96.445,0.161303,-0.856064,0,0.0310999
0.415,0.625,121.041,-14.8095,2.72162,93.641,0.161303,-0.856064,0,0.0310999
0.415,0.635,170.968,-14.8892,2.69385,90.4714,0.161303,-0.856064,0,0.0310999
0.415,0.645,227.669,-14.9343,2.68422,90.9379,0.161303,-0.856064,0,0.0310999
0.415,0.655,291.01,-14.9594,2.6966,96.8591,0.161303,-0.856064,0,0.0310999
0.415,0.665,360.704,-14.9737,2.72419,107.607,0.161303,-0.856064,0,0.0310999
0.415,0.675,435.245,-14.9821,2.75864,121.57,0.161303,-0.856064,0,0.0310999
0.415,0.685,512.008,-14.9875,2.79422,137.175,0.161303,-0.856064,0,0.0310999
0.415,0.695,587.918,-14.9911,2.82795,153.204,0.161303,-0.856064,0,0.0310999
0.415,0.705,660.075,-14.9937,2.85856,168.785,0.161303,-0.856064,0,0.0310999
0.415,0.715,726.152,-14.9955,2.88562,183.321,0.161303,-0.856064,0,0.0310999
0.415,0.725,784.576,-14.9969,2.90907,196.429,0.161303,-0.856064,0,0.0310999
0.415,0.735,834.543,-14.9979,2.92902,207.899,0.161303,-0.856064,0,0.0310999
0.415,0.745,875.941,-14.9986,2.94567,217.651,0.161303,-0.856064,0,0.0310999
0.415,0.755,909.205,-14.9991,2.95929,225.716,0.161303,-0.856064,0,0.0310999
0.415,0.765,935.146,-14.9994,2.97018,232.202,0.161303,-0.856064,0,0.0310999
0.415,0.775,954.797,-14.9996,2.97867,237.275,0.161303,-0.856064,0,0.0310999
0.415,0.785,969.26,-14.9998,2.98512,241.131,0.161303,-0.856064,0,0.0310999
0.415,0.795,979.608,-14.9999,2.98988,243.978,0.161303,-0.856064,0,0.0310999
0.415,0.805,986.805,-14.9999,2.9933,246.018,0.161303,-0.856064,0,0.0310999
0.415,0.815,991.673,-15,2.99568,247.437,0.161303,-0.856064,0,0.0310999
0.415,0.825,994.875,-15,2.99729,248.394,0.161303,-0.856064,0,0.0310999
0.415,0.835,996.924,-15,2.99835,249.021,0.161303,-0.856064,0,0.0310999
0.415,0.845,998.2,-15,2.99902,249.419,0.161303,-0.856064,0,0.0310999
0.415,0.855,998.972,-15,2.99943,249.664,0.161303,-0.856064,0,0.0310999
0.415,0.865,999.428,-15,2.99968,249.811,0.161303,-0.856064,0,0.0310999
0.415,0.875,999.689,-15,2.99983,249.896,0.161303,-0.856064,0,0.0310999
0.415,0.885,999.835,-15,2.99991,249.945,0.161303,-0.856064,0,0.0310999
0.415,0.895,999.915,-15,2.99995,249.971,0.161303,-0.856064,0,0.0310999
0.415,0.905,999.957,-15,2.99998,249.985,0.161303,-0.856064,0,0.0310999
0.415,0.915,999.979,-15,2.99999,249.993,0.161303,-0.856064,0,0.0310999
0.415,0.925,999.99,-15,2.99999,249.996,0.161303,-0.856064,0,0.0310999
0.415,0.935,999.995,-15,3,249.998,0.161303,-0.856064,0,0.0310999
0.415,0.945,999.998,-15,3,249.999,0.161303,-0.856064,0,0.0310999
0.415,0.955,999.999,-15,3,250,0.161303,-0.856064,0,0.0310999
0.415,0.965,1000,-15,3,250,0.161303,-0.856064,0,0.0310999
0.415,0.975,1000,-15,3,250,0.161303,-0.856064,0,0.0310999
0.415,0.985,1000,-15,3,250,0.161303,-0.856064,0,0.0310999
0.415,0.995,1000,-15,3,250,0.161303,-0.856064,0,0.0310999
0.425,0.005,33.9859,7.23079,-12.0191,572.049,0.12356,-0.7212,0,0.0214135
0.425,0.015,34.1915,7.28756,-11.7703,578.494,0.12356,-0.7212,0,0.0214135
0.425,0.025,34.3329,7.34151,-11.5218,583.602,0.12356,-0.7212,0,0.0214135
0.425,0.035,34.414,7.39265,-11.273,587.406,0.12356,-0.7212,0,0.0214135
0.425,0.045,34.4399,7.44092,-11.0237,589.957,0.12356,-0.7212,0,0.0214135
0.425,0.055,34.4158,7.48617,-10.7731,591.318,0.12356,-0.7212,0,0.0214135
0.425,0.065,34.3472,7.52816,-10.5208,591.558,0.12356,-0.7212,0,0.0214135
0.425,0.075,34.2393,7.56661,-10.2664,590.741,0.12356,-0.7212,0,0.0214135
0.425,0.085,34.0969,7.60115,-10.0093,588.928,0.12356,-0.7212,0,0.0214135
0.425,0.095,33.9242,7.63141,-9.74936,586.167,0.12356,-0.7212,0,0.0214135
0.425,0.105,33.7249,7.65699,-9.48626,582.497,0.12356,-0.7212,0,0.0214135
0.425,0.115,33.502,7.67752,-9.21988,577.948,0.12356,-0.7212,0,0.0214135
0.425,0.125,33.2583,7.69259,-8.95015,572.542,0.12356,-0.7212,0,0.0214135
0.425,0.135,32.996,7.70185,-8.67707,566.298,0.12356,-0.7212,0,0.0214135
0.425,0.145,32.7171,7.70496,-8.40068,559.233,0.12356,-0.7212,0,0.0214135
0.425,0.155,32.4233,7.70156,-8.12106,551.363,0.12356,-0.7212,0,0.0214135
0.425,0.165,32.1162,7.69136,-7.83832,542.707,0.12356,-0.7212,0,0.0214135
0.425,0.175,31.7971,7.67407,-7.55261,533.287,0.12356,-0.7212,0,0.0214135
0.425,0.185,31.4673,7.64941,-7.26409,523.128,0.12356,-0.7212,0,0.0214135
0.425,0.195,31.1276,7.61715,-6.97297,512.256,0.12356,-0.7212,0,0.0214135
0.425,0.205,30.7789,7.57707,-6.67947,500.703,0.12356,-0.7212,0,0.0214135
0.425,0.215,30.4215,7.52902,-6.38387,488.503,0.12356,-0.7212,0,0.0214135
0.425,0.225,30.0556,7.47285,-6.08645,475.692,0.12356,-0.7212,0,0.0214135
0.425,0.235,29.6812,7.40847,-5.78753,462.31,0.12356,-0.7212,0,0.0214135
0.425,0.245,29.2979,7.33584,-5.48747,448.402,0.12356,-0.7212,0,0.0214135
0.425,0.255,28.9053,7.25494,-5.18664,434.013,0.12356,-0.7212,0,0.0214135
0.425,0.265,28.5024,7.16577,-4.88542,419.195,0.12356,-0.7212,0,0.0214135
0.425,0.275,28.0938,7.06833,-4.58334,404.113,0.12356,-0.7212,0,0.0214135
0.425,0.285,27.6934,6.96305,-4.27845,389.117,0.12356,-0.7212,0,0.0214135
0.425,0.295,27.2791,6.85111,-3.97458,373.839,0.12356,-0.7212,0,0.0214135
0.425,0.305,26.8476,6.73293,-3.6725,358.301,0.12356,-0.7212,0,0.0214135
0.425,0.315,26.3975,6.6089,-3.37261,342.569,0.12356,-0.7212,0,0.0214135
0.425,0.325,25.9272,6.4794,-3.07525,326.709,0.12356,-0.7212,0,0.0214135
0.425,0.335,25.4352,6.34486,-2.78077,310.791,0.12356,-0.7212,0,0.0214135
0.425,0.345,24.92,6.20571,-2.48949,294.882,0.12356,-0.7212,0,0.0214135
0.425,0.355,24.3806,6.06237,-2.20171,279.055,0.12356,-0.7212,0,0.0214135
0.425,0.365,23.8164,5.91528,-1.91776,263.381,0.12356,-0.7212,0,0.0214135
0.425,0.375,23.2275,5.76483,-1.63797,247.94,0.12356,-0.7212,0,0.0214135
0.425,0.385,22.6149,5.61138,-1.36269,232.81,0.12356,-0.7212,0,0.0214135
0.425,0.395,21.9809,5.45519,-1.09236,218.075,0.12356,-0.7212,0,0.0214135
0.425,0.405,21.3293,5.29646,-0.827563,203.824,0.12356,-0.7212,0,0.0214135
0.425,0.415,20.6656,5.13524,-0.569075,190.15,0.12356,-0.7212,0,0.0214135
0.425,0.425,19.9978,4.97136,-0.318023,177.159,0.12356,-0.7212,0,0.0214135
0.425,0.435,19.3428,4.80182,-0.0759017,164.976,0.12356,-0.7212,0,0.0214135
0.425,0.445,18.7317,4.6146,0.155666,153.733,0.12356,-0.7212,0,0.0214135
0.425,0.455,18.1488,4.42016,0.373288,143.511,0.12356,-0.7212,0,0.0214135
0.425,0.465,17.6236,4.21864,0.571254,134.619,0.12356,-0.7212,0,0.0214135
0.425,0.475,17.1905,4.00754,0.742979,127.343,0.12356,-0.7212,0,0.0214135
0.425,0.485,16.8818,3.78236,0.88184,121.93,0.12356,-0.7212,0,0.0214135
0.425,0.495,16.7135,3.53767,0.983524,118.517,0.12356,-0.7212,0,0.0214135
0.425,0.505,16.651,3.26569,1.04978,117.077,0.12356,-0.7212,0,0.0214135
0.425,0.515,16.3756,2.97232,1.08812,117.06,0.12356,-0.7212,0,0.0214135
0.425,0.525,15.1636,2.62093,1.11118,118.031,0.12356,-0.7212,0,0.0214135
0.425,0.535,12.3711,1.98242,1.16515,120.46,0.12356,-0.7212,0,0.0214135
0.425,0.545,8.86666,0.416772,1.37197,124.771,0.12356,-0.7212,0,0.0214135
0.425,0.555,6.91819,-2.8189,1.84313,127.065,0.12356,-0.7212,0,0.0214135
0.425,0.565,7.09349,-7.07614,2.36844,121.916,0.12356,-0.7212,0,0.0214135
0.425,0.575,9.60107,-10.6642,2.62444,111.459,0.12356,-0.7212,0,0.0214135
0.425,0.585,15.5009,-12.8428,2.6737,100.049,0.12356,-0.7212,0,0.0214135
0.425,0.595,27.1999,-13.915,2.7052,94.963,0.12356,-0.7212,0,0.0214135
0.425,0.605,47.9455,-14.4161,2.74367,96.07,0.12356,-0.7212,0,0.0214135
0.425,0.615,79.6131,-14.6703,2.74908,96.4954,0.12356,-0.7212,0,0.0214135
0.425,0.625,121.408,-14.8107,2.72139,93.3782,0.12356,-0.7212,0,0.0214135
0.425,0.635,171.115,-14.8905,2.69135,89.7981,0.12356,-0.7212,0,0.0214135
0.425,0.645,227.529,-14.9352,2.68125,90.1643,0.12356,-0.7212,0,0.0214135
0.425,0.655,290.7,-14.96,2.69433,96.234,0.12356,-0.7212,0,0.0214135
0.425,0.665,360.375,-14.974,2.72283,107.195,0.12356,-0.7212,0,0.0214135
0.425,0.675,434.986,-14.9823,2.75793,121.332,0.12356,-0.7212,0,0.0214135
0.425,0.685,511.839,-14.9876,2.79388,137.05,0.12356,-0.7212,0,0.0214135
0.425,0.695,587.821,-14.9912,2.8278,153.143,0.12356,-0.7212,0,0.0214135
0.425,0.705,660.024,-14.9937,2.8585,168.757,0.12356,-0.7212,0,0.0214135
0.425,0.715,726.128,-14.9955,2.88559,183.308,0.12356,-0.7212,0,0.0214135
0.425,0.725,784.565,-14.9969,2.90906,196.424,0.12356,-0.7212,0,0.0214135
0.425,0.735,834.538,-14.9979,2.92901,207.897,0.12356,-0.7212,0,0.0214135
0.425,0.745,875.939,-14.9986,2.94567,217.65,0.12356,-0.7212,0,0.0214135
0.425,0.755,909.204,-14.9991,2.95929,225.716,0.12356,-0.7212,0,0.0214135
0.425,0.765,935.146,-14.9994,2.97018,232.202,0.12356,-0.7212,0,0.0214135
0.425,0.775,954.797,-14.9996,2.97867,237.275,0.12356,-0.7212,0,0.0214135
0.425,0.785,969.26,-14.9998,2.98512,241.131,0.12356,-0.7212,0,0.0214135
0.425,0.795,979.608,-14.9999,2.98988,243.978,0.12356,-0.7212,0,0.0214135
0.425,0.805,986.805,-14.9999,2.9933,246.018,0.12356,-0.7212,0,0.0214135
0.425,0.815,991.673,-15,2.99568,247.437,0.12356,-0.7212,0,0.0214135
0.425,0.825,994.875,-15,2.99729,248.394,0.12356,-0.7212,0,0.0214135
0.425,0.835,996.924,-15,2.99835,249.021,0.12356,-0.7212,0,0.0214135
0.425,0.845,998.2,-15,2.99902,249.419,0.12356,-0.7212,0,0.0214135
0.425,0.855,998.972,-15,2.99943,249.664,0.12356,-0.7212,0,0.0214135
0.425,0.865,999.428,-15,2.99968,249.811,0.12356,-0.7212,0,0.0214135
0.425,0.875,999.689,-15,2.99983,249.896,0.12356,-0.7212,0,0.0214135
0.425,0.885,999.835,-15,2.99991,249.945,0.12356,-0.7212,0,0.0214135
0.425,0.895,999.915,-15,2.99995,249.971,0.12356,-0.7212,0,0.0214135
0.425,0.905,999.957,-15,2.99998,249.985,0.12356,-0.7212,0,0.0214135
0.425,0.915,999.979,-15,2.99999,249.993,0.12356,-0.7212,0,0.0214135
0.425,0.925,999.99,-15,2.99999,249.996,0.12356,-0.7212,0,0.0214135
0.425,0.935,999.995,-15,3,249.998,0.12356,-0.7212,0,0.0214135
0.425,0.945,999.998,-15,3,249.999,0.12356,-0.7212,0,0.0214135
0.425,0.955,999.999,-15,3,250,0.12356,-0.7212,0,0.0214135
0.425,0.965,1000,-15,3,250,0.12356,-0.7212,0,0.0214135
0.425,0.975,1000,-15,3,250,0.12356,-0.7212,0,0.0214135
0.425,0.985,1000,-15,3,250,0.12356,-0.7212,0,0.0214135
0.425,0.995,1000,-15,3,250,0.12356,-0.7212,0,0.0214135
0.435,0.005,32.5825,7.35395,-11.9206,540.011,0.0932372,-0.586337,0,0.0144373
0.435,0.015,32.7742,7.40876,-11.6712,545.888,0.0932372,-0.586337,0,0.0144373
0.435,0.025,32.9059,7.46072,-11.422,550.526,0.0932372,-0.586337,0,0.0144373
0.435,0.035,32.9813,7.50983,-11.1725,553.948,0.0932372,-0.586337,0,0.0144373
0.435,0.045,33.0046,7.55603,-10.9223,556.195,0.0932372,-0.586337,0,0.0144373
0.435,0.055,32.9803,7.59917,-10.6709,557.32,0.0932372,-0.586337,0,0.0144373
0.435,0.065,32.9135,7.63905,-10.418,557.381,0.0932372,-0.586337,0,0.0144373
0.435,0.075,32.8088,7.67538,-10.1629,556.435,0.0932372,-0.586337,0,0.0144373
0.435,0.085,32.6705,7.70783,-9.90547,554.538,0.0932372,-0.586337,0,0.0144373
0.435,0.095,32.5027,7.73604,-9.64524,551.735,0.0932372,-0.586337,0,0.0144373
0.435,0.105,32.3088,7.75965,-9.38203,548.065,0.0932372,-0.586337,0,0.0144373
0.435,0.115,32.0918,7.77827,-9.1157,543.558,0.0932372,-0.586337,0,0.0144373
0.435,0.125,31.8542,7.79154,-8.84619,538.24,0.0932372,-0.586337,0,0.0144373
0.435,0.135,31.5981,7.7991,-8.57349,532.131,0.0932372,-0.586337,0,0.0144373
0.435,0.145,31.3255,7.80062,-8.29763,525.249,0.0932372,-0.586337,0,0.0144373
0.435,0.155,31.038,7.79578,-8.0187,517.613,0.0932372,-0.586337,0,0.0144373
0.435,0.165,30.737,7.78428,-7.73681,509.242,0.0932372,-0.586337,0,0.0144373
0.435,0.175,30.4238,7.76585,-7.45211,500.159,0.0932372,-0.586337,0,0.0144373
0.435,0.185,30.0994,7.74024,-7.16477,490.389,0.0932372,-0.586337,0,0.0144373
0.435,0.195,29.7648,7.70722,-6.875,479.958,0.0932372,-0.586337,0,0.0144373
0.435,0.205,29.4204,7.66662,-6.58302,468.897,0.0932372,-0.586337,0,0.0144373
0.435,0.215,29.0669,7.61826,-6.28909,457.24,0.0932372,-0.586337,0,0.0144373
0.435,0.225,28.7043,7.56204,-5.99351,445.023,0.0932372,-0.586337,0,0.0144373
0.435,0.235,28.3326,7.49787,-5.69658,432.285,0.0932372,-0.586337,0,0.0144373
0.435,0.245,27.9515,7.4257,-5.39865,419.069,0.0932372,-0.586337,0,0.0144373
0.435,0.255,27.5607,7.34553,-5.10008,405.42,0.0932372,-0.586337,0,0.0144373
0.435,0.265,27.1594,7.25734,-4.80123,391.387,0.0932372,-0.586337,0,0.0144373
0.435,0.275,26.7547,7.16115,-4.50119,377.182,0.0932372,-0.586337,0,0.0144373
0.435,0.285,26.3558,7.05753,-4.19874,363.042,0.0932372,-0.586337,0,0.0144373
0.435,0.295,25.942,6.94751,-3.89759,348.633,0.0932372,-0.586337,0,0.0144373
0.435,0.305,25.5117,6.83144,-3.59827,334.004,0.0932372,-0.586337,0,0.0144373
0.435,0.315,25.0636,6.70971,-3.30117,319.214,0.0932372,-0.586337,0,0.0144373
0.435,0.325,24.5966,6.58269,-3.0066,304.326,0.0932372,-0.586337,0,0.0144373
0.435,0.335,24.1096,6.45077,-2.71491,289.405,0.0932372,-0.586337,0,0.0144373
0.435,0.345,23.6014,6.31434,-2.42639,274.515,0.0932372,-0.586337,0,0.0144373
0.435,0.355,23.0714,6.17383,-2.14137,259.722,0.0932372,-0.586337,0,0.0144373
0.435,0.365,22.5193,6.02961,-1.86018,245.096,0.0932372,-0.586337,0,0.0144373
0.435,0.375,21.9457,5.88207,-1.58314,230.709,0.0932372,-0.586337,0,0.0144373
0.435,0.385,21.3519,5.73151,-1.31066,216.634,0.0932372,-0.586337,0,0.0144373
0.435,0.395,20.7406,5.57817,-1.04322,202.95,0.0932372,-0.586337,0,0.0144373
0.435,0.405,20.1156,5.42222,-0.781456,189.74,0.0932372,-0.586337,0,0.0144373
0.435,0.415,19.4828,5.26365,-0.526248,177.096,0.0932372,-0.586337,0,0.0144373
0.435,0.425,18.8507,5.10223,-0.278853,165.116,0.0932372,-0.586337,0,0.0144373
0.435,0.435,18.2384,4.93342,-0.0408897,153.929,0.0932372,-0.586337,0,0.0144373
0.435,0.445,17.6703,4.74738,0.185656,143.647,0.0932372,-0.586337,0,0.0144373
0.435,0.455,17.1361,4.55464,0.396863,134.389,0.0932372,-0.586337,0,0.0144373
0.435,0.465,16.6673,4.35386,0.586633,126.452,0.0932372,-0.586337,0,0.0144373
0.435,0.475,16.2958,4.14254,0.748267,120.102,0.0932372,-0.586337,0,0.0144373
0.435,0.485,16.0488,3.91628,0.875488,115.549,0.0932372,-0.586337,0,0.0144373
0.435,0.495,15.9326,3.67015,0.964988,112.856,0.0932372,-0.586337,0,0.0144373
0.435,0.505,15.8856,3.39851,1.01937,111.854,0.0932372,-0.586337,0,0.0144373
0.435,0.515,15.5754,3.0991,1.0479,112.276,0.0932372,-0.586337,0,0.0144373
0.435,0.525,14.222,2.72611,1.06886,113.61,0.0932372,-0.586337,0,0.0144373
0.435,0.535,11.3065,1.99524,1.13747,116.453,0.0932372,-0.586337,0,0.0144373
0.435,0.545,8.02934,0.202975,1.38687,120.743,0.0932372,-0.586337,0,0.0144373
0.435,0.555,6.48685,-3.24488,1.8869,121.702,0.0932372,-0.586337,0,0.0144373
0.435,0.565,6.89064,-7.45589,2.36589,115.771,0.0932372,-0.586337,0,0.0144373
0.435,0.575,9.47423,-10.8767,2.57009,105.536,0.0932372,-0.586337,0,0.0144373
0.435,0.585,15.3864,-12.9264,2.62343,95.7954,0.0932372,-0.586337,0,0.0144373
0.435,0.595,27.1653,-13.9373,2.68727,93.1997,0.0932372,-0.586337,0,0.0144373
0.435,0.605,48.1247,-14.42,2.74451,96.0026,0.0932372,-0.586337,0,0.0144373
0.435,0.615,80.002,-14.6711,2.75223,96.74,0.0932372,-0.586337,0,0.0144373
0.435,0.625,121.786,-14.8118,2.72121,93.1256,0.0932372,-0.586337,0,0.0144373
0.435,0.635,171.241,-14.8917,2.68861,89.0795,0.0932372,-0.586337,0,0.0144373
0.435,0.645,227.36,-14.9362,2.67813,89.3626,0.0932372,-0.586337,0,0.0144373
0.435,0.655,290.372,-14.9606,2.69204,95.6074,0.0932372,-0.586337,0,0.0144373
0.435,0.665,360.046,-14.9743,2.72149,106.794,0.0932372,-0.586337,0,0.0144373
0.435,0.675,434.737,-14.9824,2.75726,121.106,0.0932372,-0.586337,0,0.0144373
0.435,0.685,511.681,-14.9877,2.79357,136.935,0.0932372,-0.586337,0,0.0144373
0.435,0.695,587.732,-14.9912,2.82767,153.088,0.0932372,-0.586337,0,0.0144373
0.435,0.705,659.979,-14.9937,2.85845,168.732,0.0932372,-0.586337,0,0.0144373
0.435,0.715,726.107,-14.9956,2.88557,183.298,0.0932372,-0.586337,0,0.0144373
0.435,0.725,784.555,-14.9969,2.90905,196.42,0.0932372,-0.586337,0,0.0144373
0.435,0.735,834.534,-14.9979,2.92901,207.895,0.0932372,-0.586337,0,0.0144373
0.435,0.745,875.938,-14.9986,2.94567,217.65,0.0932372,-0.586337,0,0.0144373
0.435,0.755,909.203,-14.9991,2.95929,225.715,0.0932372,-0.586337,0,0.0144373
0.435,0.765,935.146,-14.9994,2.97018,232.202,0.0932372,-0.586337,0,0.0144373
0.435,0.775,954.797,-14.9996,2.97867,237.275,0.0932372,-0.586337,0,0.0144373
0.435,0.785,969.26,-14.9998,2.98512,241.131,0.0932372,-0.586337,0,0.0144373
0.435,0.795,979.608,-14.9999,2.98988,243.978,0.0932372,-0.586337,0,0.0144373
0.435,0.805,986.805,-14.9999,2.9933,246.018,0.0932372,-0.586337,0,0.0144373
0.435,0.815,991.673,-15,2.99568,247.437,0.0932372,-0.586337,0,0.0144373
0.435,0.825,994.875,-15,2.99729,248.394,0.0932372,-0.586337,0,0.0144373
0.435,0.835,996.924,-15,2.99835,249.021,0.0932372,-0.586337,0,0.0144373
0.435,0.845,998.2,-15,2.99902,249.419,0.0932372,-0.586337,0,0.0144373
0.435,0.855,998.972,-15,2.99943,249.664,0.0932372,-0.586337,0,0.0144373
0.435,0.865,999.428,-15,2.99968,249.811,0.0932372,-0.586337,0,0.0144373
0.435,0.875,999.689,-15,2.99983,249.896,0.0932372,-0.586337,0,0.0144373
0.435,0.885,999.835,-15,2.99991,249.945,0.0932372,-0.586337,0,0.0144373
0.435,0.895,999.915,-15,2.99995,249.971,0.0932372,-0.586337,0,0.0144373
0.435,0.905,999.957,-15,2.99998,249.985,0.0932372,-0.586337,0,0.0144373
0.435,0.915,999.979,-15,2.99999,249.993,0.0932372,-0.586337,0,0.0144373
0.435,0.925,999.99,-15,2.99999,249.996,0.0932372,-0.586337,0,0.0144373
0.435,0.935,999.995,-15,3,249.998,0.0932372,-0.586337,0,0.0144373
0.435,0.945,999.998,-15,3,249.999,0.0932372,-0.586337,0,0.0144373
0.435,0.955,999.999,-15,3,250,0.0932372,-0.586337,0,0.0144373
0.435,0.965,1000,-15,3,250,0.0932372,-0.586337,0,0.0144373
0.435,0.975,1000,-15,3,250,0.0932372,-0.586337,0,0.0144373
0.435,0.985,1000,-15,3,250,0.0932372,-0.586337,0,0.0144373
0.435,0.995,1000,-15,3,250,0.0932372,-0.586337,0,0.0144373
0.445,0.005,31.2301,7.47506,-11.8235,509.58,0.0691834,-0.451473,0,0.00950743
0.445,0.015,31.4087,7.52795,-11.5737,514.932,0.0691834,-0.451473,0,0.00950743
0.445,0.025,31.5315,7.57796,-11.3239,519.135,0.0691834,-0.451473,0,0.00950743
0.445,0.035,31.6015,7.62509,-11.0737,522.206,0.0691834,-0.451473,0,0.00950743
0.445,0.045,31.6222,7.66927,-10.8228,524.177,0.0691834,-0.451473,0,0.00950743
0.445,0.055,31.5979,7.71037,-10.5708,525.091,0.0691834,-0.451473,0,0.00950743
0.445,0.065,31.5329,7.74818,-10.3173,524.998,0.0691834,-0.451473,0,0.00950743
0.445,0.075,31.4313,7.78246,-10.0617,523.948,0.0691834,-0.451473,0,0.00950743
0.445,0.085,31.2972,7.81288,-9.80391,521.992,0.0691834,-0.451473,0,0.00950743
0.445,0.095,31.1343,7.83912,-9.54349,519.171,0.0691834,-0.451473,0,0.00950743
0.445,0.105,30.9458,7.86082,-9.28026,515.525,0.0691834,-0.451473,0,0.00950743
0.445,0.115,30.7346,7.87761,-9.01408,511.084,0.0691834,-0.451473,0,0.00950743
0.445,0.125,30.503,7.88915,-8.74487,505.874,0.0691834,-0.451473,0,0.00950743
0.445,0.135,30.2531,7.89508,-8.47262,499.917,0.0691834,-0.451473,0,0.00950743
0.445,0.145,29.9868,7.89511,-8.19738,493.234,0.0691834,-0.451473,0,0.00950743
0.445,0.155,29.7055,7.8889,-7.91923,485.844,0.0691834,-0.451473,0,0.00950743
0.445,0.165,29.4107,7.8762,-7.63827,477.768,0.0691834,-0.451473,0,0.00950743
0.445,0.175,29.1034,7.85673,-7.35466,469.027,0.0691834,-0.451473,0,0.00950743
0.445,0.185,28.7846,7.83027,-7.06857,459.648,0.0691834,-0.451473,0,0.00950743
0.445,0.195,28.4552,7.7966,-6.7802,449.657,0.0691834,-0.451473,0,0.00950743
0.445,0.205,28.1156,7.75556,-6.48979,439.084,0.0691834,-0.451473,0,0.00950743
0.445,0.215,27.7664,7.70699,-6.19759,427.962,0.0691834,-0.451473,0,0.00950743
0.445,0.225,27.4077,7.6508,-5.90388,416.327,0.0691834,-0.451473,0,0.00950743
0.445,0.235,27.0395,7.58691,-5.60896,404.217,0.0691834,-0.451473,0,0.00950743
0.445,0.245,26.6616,7.51528,-5.31317,391.673,0.0691834,-0.451473,0,0.00950743
0.445,0.255,26.2737,7.43589,-5.01686,378.739,0.0691834,-0.451473,0,0.00950743
0.445,0.265,25.8751,7.34875,-4.72039,365.464,0.0691834,-0.451473,0,0.00950743
0.445,0.275,25.476,7.25386,-4.4223,352.103,0.0691834,-0.451473,0,0.00950743
0.445,0.285,25.0793,7.15193,-4.12237,338.769,0.0691834,-0.451473,0,0.00950743
0.445,0.295,24.6676,7.04382,-3.82391,325.192,0.0691834,-0.451473,0,0.00950743
0.445,0.305,24.2401,6.92987,-3.52732,311.428,0.0691834,-0.451473,0,0.00950743
0.445,0.315,23.7959,6.81043,-3.23294,297.532,0.0691834,-0.451473,0,0.00950743
0.445,0.325,23.334,6.68585,-2.94111,283.565,0.0691834,-0.451473,0,0.00950743
0.445,0.335,22.8536,6.5565,-2.65215,269.585,0.0691834,-0.451473,0,0.00950743
0.445,0.345,22.3541,6.42276,-2.36635,255.654,0.0691834,-0.451473,0,0.00950743
0.445,0.355,21.835,6.285,-2.08404,241.835,0.0691834,-0.451473,0,0.00950743
0.445,0.365,21.2965,6.14359,-1.80556,228.192,0.0691834,-0.451473,0,0.00950743
0.445,0.375,20.7394,5.99887,-1.53125,214.791,0.0691834,-0.451473,0,0.00950743
0.445,0.385,20.1655,5.85111,-1.26155,201.703,0.0691834,-0.451473,0,0.00950743
0.445,0.395,19.5775,5.70052,-0.997,189.001,0.0691834,-0.451473,0,0.00950743
0.445,0.405,18.9797,5.5472,-0.738296,176.765,0.0691834,-0.451473,0,0.00950743
0.445,0.415,18.3782,5.39112,-0.48643,165.081,0.0691834,-0.451473,0,0.00950743
0.445,0.425,17.7817,5.23197,-0.242803,154.047,0.0691834,-0.451473,0,0.00950743
0.445,0.435,17.2117,5.06347,-0.00918902,143.792,0.0691834,-0.451473,0,0.00950743
0.445,0.445,16.6861,4.87866,0.212011,134.416,0.0691834,-0.451473,0,0.00950743
0.445,0.455,16.2011,4.68713,0.416371,126.072,0.0691834,-0.451473,0,0.00950743
0.445,0.465,15.7884,4.48653,0.597492,119.04,0.0691834,-0.451473,0,0.00950743
0.445,0.475,15.4775,4.2743,0.748658,113.568,0.0691834,-0.451473,0,0.00950743
0.445,0.485,15.29,4.04622,0.864158,109.824,0.0691834,-0.451473,0,0.00950743
0.445,0.495,15.2231,3.79781,0.941914,107.807,0.0691834,-0.451473,0,0.00950743
0.445,0.505,15.1924,3.52469,0.985593,107.274,0.0691834,-0.451473,0,0.00950743
0.445,0.515,14.8174,3.22085,1.00585,107.966,0.0691834,-0.451473,0,0.00950743
0.445,0.525,13.2964,2.81937,1.02636,109.574,0.0691834,-0.451473,0,0.00950743
0.445,0.535,10.2828,1.97286,1.11476,112.766,0.0691834,-0.451473,0,0.00950743
0.445,0.545,7.29868,-0.0637659,1.41051,116.771,0.0691834,-0.451473,0,0.00950743
0.445,0.555,6.12659,-3.68048,1.92572,116.322,0.0691834,-0.451473,0,0.00950743
0.445,0.565,6.71595,-7.80562,2.3479,109.89,0.0691834,-0.451473,0,0.00950743
0.445,0.575,9.34997,-11.0613,2.50904,100.135,0.0691834,-0.451473,0,0.00950743
0.445,0.585,15.2764,-12.9936,2.57737,92.2896,0.0691834,-0.451473,0,0.00950743
0.445,0.595,27.1612,-13.9525,2.67559,92.1282,0.0691834,-0.451473,0,0.00950743
0.445,0.605,48.3551,-14.4215,2.74868,96.3575,0.0691834,-0.451473,0,0.00950743
0.445,0.615,80.4318,-14.6715,2.75633,97.1291,0.0691834,-0.451473,0,0.00950743
0.445,0.625,122.169,-14.8129,2.72092,92.851,0.0691834,-0.451473,0,0.00950743
0.445,0.635,171.339,-14.893,2.68557,88.3029,0.0691834,-0.451473,0,0.00950743
0.445,0.645,227.158,-14.9372,2.67485,88.5317,0.0691834,-0.451473,0,0.00950743
0.445,0.655,290.029,-14.9612,2.68973,94.9815,0.0691834,-0.451473,0,0.00950743
0.445,0.665,359.718,-14.9746,2.7202,106.407,0.0691834,-0.451473,0,0.00950743
0.445,0.675,434.498,-14.9826,2.75662,120.895,0.0691834,-0.451473,0,0.00950743
0.445,0.685,511.534,-14.9877,2.79329,136.829,0.0691834,-0.451473,0,0.00950743
0.445,0.695,587.652,-14.9912,2.82755,153.039,0.0691834,-0.451473,0,0.00950743
0.445,0.705,659.939,-14.9937,2.8584,168.71,0.0691834,-0.451473,0,0.00950743
0.445,0.715,726.088,-14.9956,2.88555,183.288,0.0691834,-0.451473,0,0.00950743
0.445,0.725,784.547,-14.9969,2.90904,196.416,0.0691834,-0.451473,0,0.00950743
0.445,0.735,834.531,-14.9979,2.92901,207.894,0.0691834,-0.451473,0,0.00950743
0.445,0.745,875.937,-14.9986,2.94567,217.649,0.0691834,-0.451473,0,0.00950743
0.445,0.755,909.203,-14.9991,2.95929,225.715,0.0691834,-0.451473,0,0.00950743
0.445,0.765,935.146,-14.9994,2.97018,232.202,0.0691834,-0.451473,0,0.00950743
0.445,0.775,954.797,-14.9996,2.97867,237.275,0.0691834,-0.451473,0,0.00950743
0.445,0.785,969.26,-14.9998,2.98512,241.131,0.0691834,-0.451473,0,0.00950743
0.445,0.795,979.608,-14.9999,2.98988,243.978,0.0691834,-0.451473,0,0.00950743
0.445,0.805,986.805,-14.9999,2.9933,246.018,0.0691834,-0.451473,0,0.00950743
0.445,0.815,991.673,-15,2.99568,247.437,0.0691834,-0.451473,0,0.00950743
0.445,0.825,994.875,-15,2.99729,248.394,0.0691834,-0.451473,0,0.00950743
0.445,0.835,996.924,-15,2.99835,249.021,0.0691834,-0.451473,0,0.00950743
0.445,0.845,998.2,-15,2.99902,249.419,0.0691834,-0.451473,0,0.00950743
0.445,0.855,998.972,-15,2.99943,249.664,0.0691834,-0.451473,0,0.00950743
0.445,0.865,999.428,-15,2.99968,249.811,0.0691834,-0.451473,0,0.00950743
0.445,0.875,999.689,-15,2.99983,249.896,0.0691834,-0.451473,0,0.00950743
0.445,0.885,999.835,-15,2.99991,249.945,0.0691834,-0.451473,0,0.00950743
0.445,0.895,999.915,-15,2.99995,249.971,0.0691834,-0.451473,0,0.00950743
0.445,0.905,999.957,-15,2.99998,249.985,0.0691834,-0.451473,0,0.00950743
0.445,0.915,999.979,-15,2.99999,249.993,0.0691834,-0.451473,0,0.00950743
0.445,0.925,999.99,-15,2.99999,249.996,0.0691834,-0.451473,0,0.00950743
0.445,0.935,999.995,-15,3,249.998,0.0691834,-0.451473,0,0.00950743
0.445,0.945,999.998,-15,3,249.999,0.0691834,-0.451473,0,0.00950743
0.445,0.955,999.999,-15,3,250,0.0691834,-0.451473,0,0.00950743
0.445,0.965,1000,-15,3,250,0.0691834,-0.451473,0,0.00950743
0.445,0.975,1000,-15,3,250,0.0691834,-0.451473,0,0.00950743
0.445,0.985,1000,-15,3,250,0.0691834,-0.451473,0,0.00950743
0.445,0.995,1000,-15,3,250,0.0691834,-0.451473,0,0.00950743
0.455,0.005,29.9267,7.59425,-11.728,480.682,0.0503719,-0.31661,0,0.00609711
0.455,0.015,30.0931,7.64527,-11.4778,485.548,0.0503719,-0.31661,0,0.00609711
0.455,0.025,30.2074,7.69338,-11.2275,489.349,0.0503719,-0.31661,0,0.00609711
0.455,0.035,30.2722,7.73858,-10.9768,492.097,0.0503719,-0.31661,0,0.00609711
0.455,0.045,30.2906,7.78079,-10.7253,493.817,0.0503719,-0.31661,0,0.00609711
0.455,0.055,30.2663,7.8199,-10.4728,494.543,0.0503719,-0.31661,0,0.00609711
0.455,0.065,30.203,7.85572,-10.2187,494.318,0.0503719,-0.31661,0,0.00609711
0.455,0.075,30.1045,7.88801,-9.96279,493.187,0.0503719,-0.31661,0,0.00609711
0.455,0.085,29.9746,7.91647,-9.7047,491.193,0.0503719,-0.31661,0,0.00609711
0.455,0.095,29.8165,7.9408,-9.44417,488.376,0.0503719,-0.31661,0,0.00609711
0.455,0.105,29.6334,7.96065,-9.181,484.774,0.0503719,-0.31661,0,0.00609711
0.455,0.115,29.4279,7.97568,-8.91503,480.418,0.0503719,-0.31661,0,0.00609711
0.455,0.125,29.2024,7.98556,-8.6462,475.333,0.0503719,-0.31661,0,0.00609711
0.455,0.135,28.9587,7.98996,-8.37449,469.544,0.0503719,-0.31661,0,0.00609711
0.455,0.145,28.6986,7.98856,-8.09994,463.072,0.0503719,-0.31661,0,0.00609711
0.455,0.155,28.4236,7.98109,-7.82264,455.937,0.0503719,-0.31661,0,0.00609711
0.455,0.165,28.1349,7.96727,-7.54268,448.161,0.0503719,-0.31661,0,0.00609711
0.455,0.175,27.8336,7.94686,-7.26023,439.766,0.0503719,-0.31661,0,0.00609711
0.455,0.185,27.5206,7.91964,-6.97545,430.778,0.0503719,-0.31661,0,0.00609711
0.455,0.195,27.1966,7.88541,-6.68855,421.223,0.0503719,-0.31661,0,0.00609711
0.455,0.205,26.8623,7.84402,-6.39975,411.132,0.0503719,-0.31661,0,0.00609711
0.455,0.215,26.5179,7.79533,-6.1093,400.535,0.0503719,-0.31661,0,0.00609711
0.455,0.225,26.1637,7.73924,-5.81748,389.469,0.0503719,-0.31661,0,0.00609711
0.455,0.235,25.7997,7.6757,-5.5246,377.969,0.0503719,-0.31661,0,0.00609711
0.455,0.245,25.4258,7.60467,-5.23096,366.077,0.0503719,-0.31661,0,0.00609711
0.455,0.255,25.0418,7.52612,-4.93691,353.834,0.0503719,-0.31661,0,0.00609711
0.455,0.265,24.6471,7.44007,-4.6428,341.286,0.0503719,-0.31661,0,0.00609711
0.455,0.275,24.2546,7.34654,-4.3466,328.734,0.0503719,-0.31661,0,0.00609711
0.455,0.285,23.861,7.24631,-4.04926,316.164,0.0503719,-0.31661,0,0.00609711
0.455,0.295,23.4529,7.14012,-3.75344,303.38,0.0503719,-0.31661,0,0.00609711
0.455,0.305,23.0297,7.02826,-3.45951,290.438,0.0503719,-0.31661,0,0.00609711
0.455,0.315,22.5909,6.91107,-3.16782,277.392,0.0503719,-0.31661,0,0.00609711
0.455,0.325,22.1357,6.7889,-2.87867,264.295,0.0503719,-0.31661,0,0.00609711
0.455,0.335,21.6636,6.66208,-2.59239,251.205,0.0503719,-0.31661,0,0.00609711
0.455,0.345,21.1741,6.53096,-2.30927,238.178,0.0503719,-0.31661,0,0.00609711
0.455,0.355,20.6673,6.39589,-2.02963,225.274,0.0503719,-0.31661,0,0.00609711
0.455,0.365,20.1436,6.2572,-1.75382,212.553,0.0503719,-0.31661,0,0.00609711
0.455,0.375,19.6042,6.11519,-1.48223,200.077,0.0503719,-0.31661,0,0.00609711
0.455,0.385,19.0509,5.97012,-1.21531,187.913,0.0503719,-0.31661,0,0.00609711
0.455,0.395,18.4869,5.82214,-0.953656,176.131,0.0503719,-0.31661,0,0.00609711
0.455,0.405,17.9167,5.67131,-0.698062,164.805,0.0503719,-0.31661,0,0.00609711
0.455,0.415,17.3467,5.51753,-0.449628,154.021,0.0503719,-0.31661,0,0.00609711
0.455,0.425,16.7857,5.3604,-0.209919,143.873,0.0503719,-0.31661,0,0.00609711
0.455,0.435,16.2577,5.19182,0.0190978,134.492,0.0503719,-0.31661,0,0.00609711
0.455,0.445,15.7743,5.00817,0.234574,125.974,0.0503719,-0.31661,0,0.00609711
0.455,0.455,15.3387,4.81735,0.431617,118.497,0.0503719,-0.31661,0,0.00609711
0.455,0.465,14.9813,4.6164,0.603615,112.322,0.0503719,-0.31661,0,0.00609711
0.455,0.475,14.7289,4.40268,0.743969,107.675,0.0503719,-0.31661,0,0.00609711
0.455,0.485,14.5974,4.17222,0.847763,104.68,0.0503719,-0.31661,0,0.00609711
0.455,0.495,14.5747,3.92108,0.91435,103.276,0.0503719,-0.31661,0,0.00609711
0.455,0.505,14.5512,3.6461,0.948724,103.155,0.0503719,-0.31661,0,0.00609711
0.455,0.515,14.0866,3.33834,0.962606,104.008,0.0503719,-0.31661,0,0.00609711
0.455,0.525,12.3836,2.89739,0.985128,105.893,0.0503719,-0.31661,0,0.00609711
0.455,0.535,9.31578,1.90829,1.09929,109.383,0.0503719,-0.31661,0,0.00609711
0.455,0.545,6.68413,-0.379578,1.44171,112.817,0.0503719,-0.31661,0,0.00609711
0.455,0.555,5.82909,-4.11196,1.95569,111.02,0.0503719,-0.31661,0,0.00609711
0.455,0.565,6.56357,-8.12078,2.31506,104.347,0.0503719,-0.31661,0,0.00609711
0.455,0.575,9.22773,-11.2178,2.4439,95.3121,0.0503719,-0.31661,0,0.00609711
0.455,0.585,15.1761,-13.0451,2.53714,89.5414,0.0503719,-0.31661,0,0.00609711
0.455,0.595,27.193,-13.9612,2.67022,91.7046,0.0503719,-0.31661,0,0.00609711
0.455,0.605,48.6372,-14.4211,2.75582,97.079,0.0503719,-0.31661,0,0.00609711
0.455,0.615,80.8974,-14.6716,2.76108,97.6151,0.0503719,-0.31661,0,0.00609711
0.455,0.625,122.547,-14.8141,2.72037,92.5252,0.0503719,-0.31661,0,0.00609711
0.455,0.635,171.403,-14.8945,2.68219,87.4584,0.0503719,-0.31661,0,0.00609711
0.455,0.645,226.923,-14.9383,2.67141,87.6723,0.0503719,-0.31661,0,0.00609711
0.455,0.655,289.671,-14.9619,2.68741,94.3592,0.0503719,-0.31661,0,0.00609711
0.455,0.665,359.395,-14.9749,2.71894,106.034,0.0503719,-0.31661,0,0.00609711
0.455,0.675,434.271,-14.9827,2.75603,120.697,0.0503719,-0.31661,0,0.00609711
0.455,0.685,511.399,-14.9878,2.79303,136.733,0.0503719,-0.31661,0,0.00609711
0.455,0.695,587.581,-14.9912,2.82744,152.995,0.0503719,-0.31661,0,0.00609711
0.455,0.705,659.905,-14.9937,2.85836,168.691,0.0503719,-0.31661,0,0.00609711
0.455,0.715,726.073,-14.9956,2.88554,183.281,0.0503719,-0.31661,0,0.00609711
0.455,0.725,784.541,-14.9969,2.90904,196.413,0.0503719,-0.31661,0,0.00609711
0.455,0.735,834.529,-14.9979,2.92901,207.892,0.0503719,-0.31661,0,0.00609711
0.455,0.745,875.936,-14.9986,2.94567,217.649,0.0503719,-0.31661,0,0.00609711
0.455,0.755,909.202,-14.9991,2.95929,225.715,0.0503719,-0.31661,0,0.00609711
0.455,0.765,935.146,-14.9994,2.97018,232.202,0.0503719,-0.31661,0,0.00609711
0.455,0.775,954.797,-14.9996,2.97867,237.275,0.0503719,-0.31661,0,0.00609711
0.455,0.785,969.26,-14.9998,2.98512,241.131,0.0503719,-0.31661,0,0.00609711
0.455,0.795,979.608,-14.9999,2.98988,243.978,0.0503719,-0.31661,0,0.00609711
0.455,0.805,986.805,-14.9999,2.9933,246.018,0.0503719,-0.31661,0,0.00609711
0.455,0.815,991.673,-15,2.99568,247.437,0.0503719,-0.31661,0,0.00609711
0.455,0.825,994.875,-15,2.99729,248.394,0.0503719,-0.31661,0,0.00609711
0.455,0.835,996.924,-15,2.99835,249.021,0.0503719,-0.31661,0,0.00609711
0.455,0.845,998.2,-15,2.99902,249.419,0.0503719,-0.31661,0,0.00609711
0.455,0.855,998.972,-15,2.99943,249.664,0.0503719,-0.31661,0,0.00609711
0.455,0.865,999.428,-15,2.99968,249.811,0.0503719,-0.31661,0,0.00609711
0.455,0.875,999.689,-15,2.99983,249.896,0.0503719,-0.31661,0,0.00609711
0.455,0.885,999.835,-15,2.99991,249.945,0.0503719,-0.31661,0,0.00609711
0.455,0.895,999.915,-15,2.99995,249.971,0.0503719,-0.31661,0,0.00609711
0.455,0.905,999.957,-15,2.99998,249.985,0.0503719,-0.31661,0,0.00609711
0.455,0.915,999.979,-15,2.99999,249.993,0.0503719,-0.31661,0,0.00609711
0.455,0.925,999.99,-15,2.99999,249.996,0.0503719,-0.31661,0,0.00609711
0.455,0.935,999.995,-15,3,249.998,0.0503719,-0.31661,0,0.00609711
0.455,0.945,999.998,-15,3,249.999,0.0503719,-0.31661,0,0.00609711
0.455,0.955,999.999,-15,3,250,0.0503719,-0.31661,0,0.00609711
0.455,0.965,1000,-15,3,250,0.0503719,-0.31661,0,0.00609711
0.455,0.975,1000,-15,3,250,0.0503719,-0.31661,0,0.00609711
0.455,0.985,1000,-15,3,250,0.0503719,-0.31661,0,0.00609711
0.455,0.995,1000,-15,3,250,0.0503719,-0.31661,0,0.00609711
0.465,0.005,28.6704,7.71164,-11.6339,453.246,0.0358948,-0.181746,0,0.00379406
0.465,0.015,28.8253,7.76083,-11.3836,457.663,0.0358948,-0.181746,0,0.00379406
0.465,0.025,28.9316,7.80709,-11.1329,461.094,0.0358948,-0.181746,0,0.00379406
0.465,0.035,28.9915,7.85041,-10.8817,463.546,0.0358948,-0.181746,0,0.00379406
0.465,0.045,29.0076,7.89072,-10.6298,465.037,0.0358948,-0.181746,0,0.00379406
0.465,0.055,28.9832,7.9279,-10.3768,465.596,0.0358948,-0.181746,0,0.00379406
0.465,0.065,28.9216,7.96179,-10.1223,465.259,0.0358948,-0.181746,0,0.00379406
0.465,0.075,28.8263,7.99215,-9.86612,464.064,0.0358948,-0.181746,0,0.00379406
0.465,0.085,28.7004,8.01872,-9.60786,462.051,0.0358948,-0.181746,0,0.00379406
0.465,0.095,28.5472,8.0412,-9.34731,459.257,0.0358948,-0.181746,0,0.00379406
0.465,0.105,28.3694,8.05928,-9.08426,455.716,0.0358948,-0.181746,0,0.00379406
0.465,0.115,28.1697,8.07263,-8.81858,451.46,0.0358948,-0.181746,0,0.00379406
0.465,0.125,27.9501,8.08092,-8.5502,446.515,0.0358948,-0.181746,0,0.00379406
0.465,0.135,27.7125,8.08386,-8.2791,440.906,0.0358948,-0.181746,0,0.00379406
0.465,0.145,27.4587,8.08113,-8.00532,434.653,0.0358948,-0.181746,0,0.00379406
0.465,0.155,27.19,8.07247,-7.72892,427.781,0.0358948,-0.181746,0,0.00379406
0.465,0.165,26.9075,8.05763,-7.45004,420.309,0.0358948,-0.181746,0,0.00379406
0.465,0.175,26.6123,8.03636,-7.1688,412.261,0.0358948,-0.181746,0,0.00379406
0.465,0.185,26.3053,8.00846,-6.88538,403.663,0.0358948,-0.181746,0,0.00379406
0.465,0.195,25.9871,7.97375,-6.59998,394.539,0.0358948,-0.181746,0,0.00379406
0.465,0.205,25.6582,7.93209,-6.31283,384.921,0.0358948,-0.181746,0,0.00379406
0.465,0.215,25.3192,7.88335,-6.02417,374.838,0.0358948,-0.181746,0,0.00379406
0.465,0.225,24.9701,7.82745,-5.73427,364.325,0.0358948,-0.181746,0,0.00379406
0.465,0.235,24.611,7.76432,-5.44342,353.418,0.0358948,-0.181746,0,0.00379406
0.465,0.245,24.2419,7.69393,-5.15193,342.155,0.0358948,-0.181746,0,0.00379406
0.465,0.255,23.8626,7.61628,-4.86014,330.577,0.0358948,-0.181746,0,0.00379406
0.465,0.265,23.4731,7.53136,-4.56832,318.734,0.0358948,-0.181746,0,0.00379406
0.465,0.275,23.0879,7.4392,-4.27407,306.946,0.0358948,-0.181746,0,0.00379406
0.465,0.285,22.6985,7.34069,-3.97929,295.102,0.0358948,-0.181746,0,0.00379406
0.465,0.295,22.2952,7.2364,-3.68608,283.075,0.0358948,-0.181746,0,0.00379406
0.465,0.305,21.8778,7.12661,-3.39478,270.916,0.0358948,-0.181746,0,0.00379406
0.465,0.315,21.4458,7.01165,-3.10571,258.675,0.0358948,-0.181746,0,0.00379406
0.465,0.325,20.9986,6.89182,-2.8192,246.403,0.0358948,-0.181746,0,0.00379406
0.465,0.335,20.536,6.76747,-2.53555,234.152,0.0358948,-0.181746,0,0.00379406
0.465,0.345,20.058,6.6389,-2.25506,221.978,0.0358948,-0.181746,0,0.00379406
0.465,0.355,19.5646,6.50643,-1.97806,209.935,0.0358948,-0.181746,0,0.00379406
0.465,0.365,19.0568,6.37036,-1.70491,198.08,0.0358948,-0.181746,0,0.00379406
0.465,0.375,18.5358,6.23096,-1.43601,186.473,0.0358948,-0.181746,0,0.00379406
0.465,0.385,18.004,6.08844,-1.17188,175.175,0.0358948,-0.181746,0,0.00379406
0.465,0.395,17.4645,5.94291,-0.913169,164.253,0.0358948,-0.181746,0,0.00379406
0.465,0.405,16.9222,5.79439,-0.660753,153.781,0.0358948,-0.181746,0,0.00379406
0.465,0.415,16.3837,5.6427,-0.415868,143.839,0.0358948,-0.181746,0,0.00379406
0.465,0.425,15.8582,5.48736,-0.180261,134.523,0.0358948,-0.181746,0,0.00379406
0.465,0.435,15.3715,5.31839,0.0438668,125.964,0.0358948,-0.181746,0,0.00379406
0.465,0.445,14.9302,5.13574,0.25321,118.257,0.0358948,-0.181746,0,0.00379406
0.465,0.455,14.5434,4.94514,0.442458,111.598,0.0358948,-0.181746,0,0.00379406
0.465,0.465,14.2398,4.74338,0.60489,106.229,0.0358948,-0.181746,0,0.00379406
0.465,0.475,14.043,4.52776,0.734197,102.347,0.0358948,-0.181746,0,0.00379406
0.465,0.485,13.9622,4.29465,0.826487,100.032,0.0358948,-0.181746,0,0.00379406
0.465,0.495,13.9767,4.04077,0.882672,99.1602,0.0358948,-0.181746,0,0.00379406
0.465,0.505,13.9491,3.76405,0.909029,99.379,0.0358948,-0.181746,0,0.00379406
0.465,0.515,13.38,3.44955,0.918302,100.401,0.0358948,-0.181746,0,0.00379406
0.465,0.525,11.4826,2.95574,0.946292,102.548,0.0358948,-0.181746,0,0.00379406
0.465,0.535,8.42205,1.79497,1.09233,106.27,0.0358948,-0.181746,0,0.00379406
0.465,0.545,6.17244,-0.736335,1.47822,108.861,0.0358948,-0.181746,0,0.00379406
0.465,0.555,5.58499,-4.52687,1.97336,105.886,0.0358948,-0.181746,0,0.00379406
0.465,0.565,6.428,-8.39883,2.26871,99.1941,0.0358948,-0.181746,0,0.00379406
0.465,0.575,9.10798,-11.3472,2.37732,91.1057,0.0358948,-0.181746,0,0.00379406
0.465,0.585,15.0912,-13.0819,2.50409,87.5464,0.0358948,-0.181746,0,0.00379406
0.465,0.595,27.2655,-13.9642,2.67104,91.8821,0.0358948,-0.181746,0,0.00379406
0.465,0.605,48.9704,-14.4192,2.76553,98.1133,0.0358948,-0.181746,0,0.00379406
0.465,0.615,81.3929,-14.6715,2.7662,98.1522,0.0358948,-0.181746,0,0.00379406
0.465,0.625,122.915,-14.8155,2.71942,92.1209,0.0358948,-0.181746,0,0.00379406
0.465,0.635,171.428,-14.896,2.67841,86.5384,0.0358948,-0.181746,0,0.00379406
0.465,0.645,226.655,-14.9394,2.66783,86.7865,0.0358948,-0.181746,0,0.00379406
0.465,0.655,289.303,-14.9625,2.6851,93.7437,0.0358948,-0.181746,0,0.00379406
0.465,0.665,359.078,-14.9752,2.71773,105.677,0.0358948,-0.181746,0,0.00379406
0.465,0.675,434.056,-14.9828,2.75547,120.513,0.0358948,-0.181746,0,0.00379406
0.465,0.685,511.275,-14.9878,2.7928,136.646,0.0358948,-0.181746,0,0.00379406
0.465,0.695,587.517,-14.9913,2.82735,152.957,0.0358948,-0.181746,0,0.00379406
0.465,0.705,659.875,-14.9937,2.85832,168.675,0.0358948,-0.181746,0,0.00379406
0.465,0.715,726.06,-14.9956,2.88552,183.274,0.0358948,-0.181746,0,0.00379406
0.465,0.725,784.536,-14.9969,2.90903,196.411,0.0358948,-0.181746,0,0.00379406
0.465,0.735,834.527,-14.9979,2.929,207.892,0.0358948,-0.181746,0,0.00379406
0.465,0.745,875.935,-14.9986,2.94567,217.648,0.0358948,-0.181746,0,0.00379406
0.465,0.755,909.202,-14.9991,2.95929,225.715,0.0358948,-0.181746,0,0.00379406
0.465,0.765,935.146,-14.9994,2.97018,232.202,0.0358948,-0.181746,0,0.00379406
0.465,0.775,954.796,-14.9996,2.97867,237.275,0.0358948,-0.181746,0,0.00379406
0.465,0.785,969.26,-14.9998,2.98512,241.131,0.0358948,-0.181746,0,0.00379406
0.465,0.795,979.608,-14.9999,2.98988,243.978,0.0358948,-0.181746,0,0.00379406
0.465,0.805,986.805,-14.9999,2.9933,246.018,0.0358948,-0.181746,0,0.00379406
0.465,0.815,991.673,-15,2.99568,247.437,0.0358948,-0.181746,0,0.00379406
0.465,0.825,994.875,-15,2.99729,248.394,0.0358948,-0.181746,0,0.00379406
0.465,0.835,996.924,-15,2.99835,249.021,0.0358948,-0.181746,0,0.00379406
0.465,0.845,998.2,-15,2.99902,249.419,0.0358948,-0.181746,0,0.00379406
0.465,0.855,998.972,-15,2.99943,249.664,0.0358948,-0.181746,0,0.00379406
0.465,0.865,999.428,-15,2.99968,249.811,0.0358948,-0.181746,0,0.00379406
0.465,0.875,999.689,-15,2.99983,249.896,0.0358948,-0.181746,0,0.00379406
0.465,0.885,999.835,-15,2.99991,249.945,0.0358948,-0.181746,0,0.00379406
0.465,0.895,999.915,-15,2.99995,249.971,0.0358948,-0.181746,0,0.00379406
0.465,0.905,999.957,-15,2.99998,249.985,0.0358948,-0.181746,0,0.00379406
0.465,0.915,999.979,-15,2.99999,249.993,0.0358948,-0.181746,0,0.00379406
0.465,0.925,999.99,-15,2.99999,249.996,0.0358948,-0.181746,0,0.00379406
0.465,0.935,999.995,-15,3,249.998,0.0358948,-0.181746,0,0.00379406
0.465,0.945,999.998,-15,3,249.999,0.0358948,-0.181746,0,0.00379406
0.465,0.955,999.999,-15,3,250,0.0358948,-0.181746,0,0.00379406
0.465,0.965,1000,-15,3,250,0.0358948,-0.181746,0,0.00379406
0.465,0.975,1000,-15,3,250,0.0358948,-0.181746,0,0.00379406
0.465,0.985,1000,-15,3,250,0.0358948,-0.181746,0,0.00379406
0.465,0.995,1000,-15,3,250,0.0358948,-0.181746,0,0.00379406
0.475,0.005,27.4596,7.82731,-11.5415,427.208,0.0249559,-0.0468825,0,0.00228088
0.475,0.015,27.6037,7.87472,-11.291,431.211,0.0249559,-0.0468825,0,0.00228088
0.475,0.025,27.7024,7.91919,-11.0401,434.301,0.0249559,-0.0468825,0,0.00228088
0.475,0.035,27.7575,7.96068,-10.7886,436.481,0.0249559,-0.0468825,0,0.00228088
0.475,0.045,27.7715,7.99915,-10.5363,437.764,0.0249559,-0.0468825,0,0.00228088
0.475,0.055,27.747,8.03447,-10.2829,438.175,0.0249559,-0.0468825,0,0.00228088
0.475,0.065,27.687,8.06649,-10.0282,437.742,0.0249559,-0.0468825,0,0.00228088
0.475,0.075,27.5946,8.095,-9.77176,436.5,0.0249559,-0.0468825,0,0.00228088
0.475,0.085,27.4727,8.11975,-9.51342,434.483,0.0249559,-0.0468825,0,0.00228088
0.475,0.095,27.3243,8.14046,-9.25292,431.726,0.0249559,-0.0468825,0,0.00228088
0.475,0.105,27.1518,8.15684,-8.99007,428.262,0.0249559,-0.0468825,0,0.00228088
0.475,0.115,26.9578,8.16857,-8.72474,424.119,0.0249559,-0.0468825,0,0.00228088
0.475,0.125,26.7441,8.17536,-8.45688,419.325,0.0249559,-0.0468825,0,0.00228088
0.475,0.135,26.5128,8.17691,-8.18645,413.905,0.0249559,-0.0468825,0,0.00228088
0.475,0.145,26.2652,8.17293,-7.91349,407.88,0.0249559,-0.0468825,0,0.00228088
0.475,0.155,26.0027,8.16316,-7.63807,401.274,0.0249559,-0.0468825,0,0.00228088
0.475,0.165,25.7266,8.14737,-7.3603,394.109,0.0249559,-0.0468825,0,0.00228088
0.475,0.175,25.4377,8.12532,-7.08033,386.407,0.0249559,-0.0468825,0,0.00228088
0.475,0.185,25.1368,8.09682,-6.79832,378.194,0.0249559,-0.0468825,0,0.00228088
0.475,0.195,24.8246,8.06172,-6.51446,369.496,0.0249559,-0.0468825,0,0.00228088
0.475,0.205,24.5017,8.01986,-6.22899,360.341,0.0249559,-0.0468825,0,0.00228088
0.475,0.215,24.1684,7.97114,-5.94214,350.759,0.0249559,-0.0468825,0,0.00228088
0.475,0.225,23.825,7.91548,-5.65417,340.785,0.0249559,-0.0468825,0,0.00228088
0.475,0.235,23.4715,7.85281,-5.36536,330.451,0.0249559,-0.0468825,0,0.00228088
0.475,0.245,23.108,7.78312,-5.07602,319.796,0.0249559,-0.0468825,0,0.00228088
0.475,0.255,22.7343,7.70639,-4.78647,308.857,0.0249559,-0.0468825,0,0.00228088
0.475,0.265,22.3512,7.62262,-4.49686,297.694,0.0249559,-0.0468825,0,0.00228088
0.475,0.275,21.9734,7.53188,-4.20464,286.625,0.0249559,-0.0468825,0,0.00228088
0.475,0.285,21.5893,7.43507,-3.91239,275.475,0.0249559,-0.0468825,0,0.00228088
0.475,0.295,21.1922,7.33265,-3.62174,264.169,0.0249559,-0.0468825,0,0.00228088
0.475,0.305,20.7818,7.2249,-3.33302,252.754,0.0249559,-0.0468825,0,0.00228088
0.475,0.315,20.3577,7.11211,-3.04654,241.276,0.0249559,-0.0468825,0,0.00228088
0.475,0.325,19.9198,6.99458,-2.76262,229.784,0.0249559,-0.0468825,0,0.00228088
0.475,0.335,19.468,6.87261,-2.48156,218.327,0.0249559,-0.0468825,0,0.00228088
0.475,0.345,19.0024,6.74651,-2.20366,206.957,0.0249559,-0.0468825,0,0.00228088
0.475,0.355,18.5236,6.61654,-1.92927,195.724,0.0249559,-0.0468825,0,0.00228088
0.475,0.365,18.0325,6.48298,-1.65876,184.684,0.0249559,-0.0468825,0,0.00228088
0.475,0.375,17.5307,6.34606,-1.39257,173.891,0.0249559,-0.0468825,0,0.00228088
0.475,0.385,17.0208,6.20595,-1.13125,163.405,0.0249559,-0.0468825,0,0.00228088
0.475,0.395,16.5062,6.06272,-0.875523,153.29,0.0249559,-0.0468825,0,0.00228088
0.475,0.405,15.9919,5.91632,-0.626375,143.617,0.0249559,-0.0468825,0,0.00228088
0.475,0.415,15.4848,5.76651,-0.385179,134.465,0.0249559,-0.0468825,0,0.00228088
0.475,0.425,14.9948,5.61256,-0.153883,125.93,0.0249559,-0.0468825,0,0.00228088
0.475,0.435,14.548,5.44328,0.065035,118.14,0.0249559,-0.0468825,0,0.00228088
0.475,0.445,14.1485,5.26127,0.267823,111.2,0.0249559,-0.0468825,0,0.00228088
0.475,0.455,13.8095,5.07051,0.448822,105.31,0.0249559,-0.0468825,0,0.00228088
0.475,0.465,13.5575,4.8676,0.601321,100.691,0.0249559,-0.0468825,0,0.00228088
0.475,0.475,13.4122,4.64985,0.71949,97.5125,0.0249559,-0.0468825,0,0.00228088
0.475,0.485,13.3762,4.41407,0.800639,95.8019,0.0249559,-0.0468825,0,0.00228088
0.475,0.495,13.4207,4.15761,0.847221,95.3835,0.0249559,-0.0468825,0,0.00228088
0.475,0.505,13.3786,3.87907,0.866545,95.8854,0.0249559,-0.0468825,0,0.00228088
0.475,0.515,12.6895,3.55324,0.872811,97.1005,0.0249559,-0.0468825,0,0.00228088
0.475,0.525,10.5964,2.98798,0.910742,99.5454,0.0249559,-0.0468825,0,0.00228088
0.475,0.535,7.61651,1.62771,1.09463,103.378,0.0249559,-0.0468825,0,0.00228088
0.475,0.545,5.75317,-1.1223,1.51673,104.904,0.0249559,-0.0468825,0,0.00228088
0.475,0.555,5.38535,-4.91462,1.97618,100.989,0.0249559,-0.0468825,0,0.00228088
0.475,0.565,6.30463,-8.63872,2.21081,94.4687,0.0249559,-0.0468825,0,0.00228088
0.475,0.575,8.99235,-11.45,2.31199,87.5461,0.0249559,-0.0468825,0,0.00228088
0.475,0.585,15.0272,-13.1049,2.47929,86.2916,0.0249559,-0.0468825,0,0.00228088
0.475,0.595,27.382,-13.9623,2.67778,92.6138,0.0249559,-0.0468825,0,0.00228088
0.475,0.605,49.3532,-14.4162,2.77739,99.408,0.0249559,-0.0468825,0,0.00228088
0.475,0.615,81.9121,-14.6713,2.77143,98.6955,0.0249559,-0.0468825,0,0.00228088
0.475,0.625,123.262,-14.817,2.71794,91.6132,0.0249559,-0.0468825,0,0.00228088
0.475,0.635,171.411,-14.8976,2.67422,85.5379,0.0249559,-0.0468825,0,0.00228088
0.475,0.645,226.354,-14.9405,2.6641,85.8779,0.0249559,-0.0468825,0,0.00228088
0.475,0.655,288.926,-14.963,2.6828,93.1384,0.0249559,-0.0468825,0,0.00228088
0.475,0.665,358.768,-14.9755,2.71658,105.339,0.0249559,-0.0468825,0,0.00228088
0.475,0.675,433.855,-14.983,2.75496,120.344,0.0249559,-0.0468825,0,0.00228088
0.475,0.685,511.162,-14.9879,2.79259,136.568,0.0249559,-0.0468825,0,0.00228088
0.475,0.695,587.461,-14.9913,2.82727,152.923,0.0249559,-0.0468825,0,0.00228088
0.475,0.705,659.849,-14.9938,2.85829,168.661,0.0249559,-0.0468825,0,0.00228088
0.475,0.715,726.049,-14.9956,2.88551,183.269,0.0249559,-0.0468825,0,0.00228088
0.475,0.725,784.531,-14.9969,2.90903,196.409,0.0249559,-0.0468825,0,0.00228088
0.475,0.735,834.525,-14.9979,2.929,207.891,0.0249559,-0.0468825,0,0.00228088
0.475,0.745,875.934,-14.9986,2.94567,217.648,0.0249559,-0.0468825,0,0.00228088
0.475,0.755,909.202,-14.9991,2.95929,225.715,0.0249559,-0.0468825,0,0.00228088
0.475,0.765,935.146,-14.9994,2.97018,232.202,0.0249559,-0.0468825,0,0.00228088
0.475,0.775,954.796,-14.9996,2.97867,237.275,0.0249559,-0.0468825,0,0.00228088
0.475,0.785,969.26,-14.9998,2.98512,241.131,0.0249559,-0.0468825,0,0.00228088
0.475,0.795,979.608,-14.9999,2.98988,243.978,0.0249559,-0.0468825,0,0.00228088
0.475,0.805,986.805,-14.9999,2.9933,246.018,0.0249559,-0.0468825,0,0.00228088
0.475,0.815,991.673,-15,2.99568,247.437,0.0249559,-0.0468825,0,0.00228088
0.475,0.825,994.875,-15,2.99729,248.394,0.0249559,-0.0468825,0,0.00228088
0.475,0.835,996.924,-15,2.99835,249.021,0.0249559,-0.0468825,0,0.00228088
0.475,0.845,998.2,-15,2.99902,249.419,0.0249559,-0.0468825,0,0.00228088
0.475,0.855,998.972,-15,2.99943,249.664,0.0249559,-0.0468825,0,0.00228088
0.475,0.865,999.428,-15,2.99968,249.811,0.0249559,-0.0468825,0,0.00228088
0.475,0.875,999.689,-15,2.99983,249.896,0.0249559,-0.0468825,0,0.00228088
0.475,0.885,999.835,-15,2.99991,249.945,0.0249559,-0.0468825,0,0.00228088
0.475,0.895,999.915,-15,2.99995,249.971,0.0249559,-0.0468825,0,0.00228088
0.475,0.905,999.957,-15,2.99998,249.985,0.0249559,-0.0468825,0,0.00228088
0.475,0.915,999.979,-15,2.99999,249.993,0.0249559,-0.0468825,0,0.00228088
0.475,0.925,999.99,-15,2.99999,249.996,0.0249559,-0.0468825,0,0.00228088
0.475,0.935,999.995,-15,3,249.998,0.0249559,-0.0468825,0,0.00228088
0.475,0.945,999.998,-15,3,249.999,0.0249559,-0.0468825,0,0.00228088
0.475,0.955,999.999,-15,3,250,0.0249559,-0.0468825,0,0.00228088
0.475,0.965,1000,-15,3,250,0.0249559,-0.0468825,0,0.00228088
0.475,0.975,1000,-15,3,250,0.0249559,-0.0468825,0,0.00228088
0.475,0.985,1000,-15,3,250,0.0249559,-0.0468825,0,0.00228088
0.475,0.995,1000,-15,3,250,0.0249559,-0.0468825,0,0.00228088
0.485,0.005,26.2927,7.94135,-11.4507,402.509,0.0218521,0,0,0.00189387
0.485,0.015,26.4266,7.98704,-11.2001,406.129,0.0218521,0,0,0.00189387
0.485,0.025,26.518,8.02976,-10.949,408.904,0.0218521,0,0,0.00189387
0.485,0.035,26.5686,8.0695,-10.6973,410.835,0.0218521,0,0,0.00189387
0.485,0.045,26.5804,8.10618,-10.4448,411.93,0.0218521,0,0,0.00189387
0.485,0.055,26.5558,8.13971,-10.1912,412.209,0.0218521,0,0,0.00189387
0.485,0.065,26.4974,8.16993,-9.93625,411.696,0.0218521,0,0,0.00189387
0.485,0.075,26.4078,8.19666,-9.67974,410.42,0.0218521,0,0,0.00189387
0.485,0.085,26.2899,8.21966,-9.42139,408.413,0.0218521,0,0,0.00189387
0.485,0.095,26.1461,8.23867,-9.16101,405.705,0.0218521,0,0,0.00189387
0.485,0.105,25.9789,8.25342,-8.89843,402.328,0.0218521,0,0,0.00189387
0.485,0.115,25.7904,8.26361,-8.63353,398.309,0.0218521,0,0,0.00189387
0.485,0.125,25.5828,8.26897,-8.36624,393.676,0.0218521,0,0,0.00189387
0.485,0.135,25.3576,8.2692,-8.09654,388.451,0.0218521,0,0,0.00189387
0.485,0.145,25.1163,8.26405,-7.82445,382.659,0.0218521,0,0,0.00189387
0.485,0.155,24.8602,8.25325,-7.55006,376.323,0.0218521,0,0,0.00189387
0.485,0.165,24.5905,8.23658,-7.27346,369.464,0.0218521,0,0,0.00189387
0.485,0.175,24.308,8.21382,-6.99479,362.106,0.0218521,0,0,0.00189387
0.485,0.185,24.0135,8.18481,-6.71423,354.274,0.0218521,0,0,0.00189387
0.485,0.195,23.7076,8.14937,-6.43195,345.992,0.0218521,0,0,0.00189387
0.485,0.205,23.391,8.10738,-6.14818,337.29,0.0218521,0,0,0.00189387
0.485,0.215,23.0639,8.05874,-5.86314,328.197,0.0218521,0,0,0.00189387
0.485,0.225,22.7266,8.00336,-5.57711,318.744,0.0218521,0,0,0.00189387
0.485,0.235,22.3793,7.94121,-5.29035,308.964,0.0218521,0,0,0.00189387
0.485,0.245,22.0221,7.87224,-5.00315,298.894,0.0218521,0,0,0.00189387
0.485,0.255,21.6548,7.79646,-4.71582,288.571,0.0218521,0,0,0.00189387
0.485,0.265,21.2791,7.71385,-4.42838,278.062,0.0218521,0,0,0.00189387
0.485,0.275,20.9092,7.62456,-4.13824,267.669,0.0218521,0,0,0.00189387
0.485,0.285,20.5315,7.52943,-3.84848,257.183,0.0218521,0,0,0.00189387
0.485,0.295,20.1416,7.42885,-3.56035,246.563,0.0218521,0,0,0.00189387
0.485,0.305,19.7391,7.32308,-3.27416,235.854,0.0218521,0,0,0.00189387
0.485,0.315,19.3242,7.21241,-2.99023,225.099,0.0218521,0,0,0.00189387
0.485,0.325,18.8966,7.09711,-2.70886,214.346,0.0218521,0,0,0.00189387
0.485,0.335,18.4566,6.97745,-2.43035,203.638,0.0218521,0,0,0.00189387
0.485,0.345,18.0045,6.85371,-2.15502,193.025,0.0218521,0,0,0.00189387
0.485,0.355,17.5409,6.72614,-1.88322,182.555,0.0218521,0,0,0.00189387
0.485,0.365,17.0673,6.59498,-1.61534,172.28,0.0218521,0,0,0.00189387
0.485,0.375,16.5852,6.46041,-1.35186,162.252,0.0218521,0,0,0.00189387
0.485,0.385,16.0975,6.32257,-1.09338,152.527,0.0218521,0,0,0.00189387
0.485,0.395,15.6079,6.18147,-0.840706,143.168,0.0218521,0,0,0.00189387
0.485,0.405,15.1216,6.03702,-0.59493,134.242,0.0218521,0,0,0.00189387
0.485,0.415,14.6457,5.88889,-0.357583,125.83,0.0218521,0,0,0.00189387
0.485,0.425,14.1907,5.73602,-0.130824,118.027,0.0218521,0,0,0.00189387
0.485,0.435,13.7824,5.56649,0.082551,110.958,0.0218521,0,0,0.00189387
0.485,0.445,13.4241,5.38481,0.278368,104.739,0.0218521,0,0,0.00189387
0.485,0.455,13.1314,5.19356,0.450708,99.5678,0.0218521,0,0,0.00189387
0.485,0.465,12.9281,4.98928,0.592992,95.6445,0.0218521,0,0,0.00189387
0.485,0.475,12.8298,4.76931,0.700049,93.1033,0.0218521,0,0,0.00189387
0.485,0.485,12.833,4.53092,0.770485,91.9262,0.0218521,0,0,0.00189387
0.485,0.495,12.9016,4.27198,0.808145,91.8969,0.0218521,0,0,0.00189387
0.485,0.505,12.8357,3.99104,0.821137,92.6482,0.0218521,0,0,0.00189387
0.485,0.515,12.0091,3.64721,0.826008,94.0871,0.0218521,0,0,0.00189387
0.485,0.525,9.72938,2.98594,0.879392,96.8931,0.0218521,0,0,0.00189387
0.485,0.535,6.90995,1.40415,1.10653,100.636,0.0218521,0,0,0.00189387
0.485,0.545,5.41522,-1.52334,1.55343,100.967,0.0218521,0,0,0.00189387
0.485,0.555,5.22536,-5.26365,1.96282,96.4722,0.0218521,0,0,0.00189387
0.485,0.565,6.18981,-8.84066,2.14371,90.1934,0.0218521,0,0,0.00189387
0.485,0.575,8.88373,-11.5273,2.2505,84.6598,0.0218521,0,0,0.00189387
0.485,0.585,14.9895,-13.1151,2.46355,85.7591,0.0218521,0,0,0.00189387
0.485,0.595,27.5452,-13.9562,2.69008,93.8535,0.0218521,0,0,0.00189387
0.485,0.605,49.7834,-14.4123,2.79099,100.912,0.0218521,0,0,0.00189387
0.485,0.615,82.448,-14.6714,2.77648,99.2009,0.0218521,0,0,0.00189387
0.485,0.625,123.582,-14.8188,2.71579,90.9797,0.0218521,0,0,0.00189387
0.485,0.635,171.346,-14.8994,2.66959,84.4546,0.0218521,0,0,0.00189387
0.485,0.645,226.021,-14.9416,2.66025,84.9514,0.0218521,0,0,0.00189387
0.485,0.655,288.543,-14.9636,2.68054,92.5473,0.0218521,0,0,0.00189387
0.485,0.665,358.47,-14.9757,2.71549,105.02,0.0218521,0,0,0.00189387
0.485,0.675,433.668,-14.9831,2.75449,120.189,0.0218521,0,0,0.00189387
0.485,0.685,511.061,-14.9879,2.7924,136.499,0.0218521,0,0,0.00189387
0.485,0.695,587.412,-14.9913,2.8272,152.894,0.0218521,0,0,0.00189387
0.485,0.705,659.827,-14.9938,2.85826,168.65,0.0218521,0,0,0.00189387
0.485,0.715,726.04,-14.9956,2.8855,183.264,0.0218521,0,0,0.00189387
0.485,0.725,784.528,-14.9969,2.90902,196.407,0.0218521,0,0,0.00189387
0.485,0.735,834.524,-14.9979,2.929,207.89,0.0218521,0,0,0.00189387
0.485,0.745,875.934,-14.9986,2.94567,217.648,0.0218521,0,0,0.00189387
0.485,0.755,909.202,-14.9991,2.95929,225.715,0.0218521,0,0,0.00189387
0.485,0.765,935.145,-14.9994,2.97018,232.202,0.0218521,0,0,0.00189387
0.485,0.775,954.796,-14.9996,2.97867,237.275,0.0218521,0,0,0.00189387
0.485,0.785,969.26,-14.9998,2.98512,241.131,0.0218521,0,0,0.00189387
0.485,0.795,979.608,-14.9999,2.98988,243.978,0.0218521,0,0,0.00189387
0.485,0.805,986.805,-14.9999,2.9933,246.018,0.0218521,0,0,0.00189387
0.485,0.815,991.673,-15,2.99568,247.437,0.0218521,0,0,0.00189387
0.485,0.825,994.875,-15,2.99729,248.394,0.0218521,0,0,0.00189387
0.485,0.835,996.924,-15,2.99835,249.021,0.0218521,0,0,0.00189387
0.485,0.845,998.2,-15,2.99902,249.419,0.0218521,0,0,0.00189387
0.485,0.855,998.972,-15,2.99943,249.664,0.0218521,0,0,0.00189387
0.485,0.865,999.428,-15,2.99968,249.811,0.0218521,0,0,0.00189387
0.485,0.875,999.689,-15,2.99983,249.896,0.0218521,0,0,0.00189387
0.485,0.885,999.835,-15,2.99991,249.945,0.0218521,0,0,0.00189387
0.485,0.895,999.915,-15,2.99995,249.971,0.0218521,0,0,0.00189387
0.485,0.905,999.957,-15,2.99998,249.985,0.0218521,0,0,0.00189387
0.485,0.915,999.979,-15,2.99999,249.993,0.0218521,0,0,0.00189387
0.485,0.925,999.99,-15,2.99999,249.996,0.0218521,0,0,0.00189387
0.485,0.935,999.995,-15,3,249.998,0.0218521,0,0,0.00189387
0.485,0.945,999.998,-15,3,249.999,0.0218521,0,0,0.00189387
0.485,0.955,999.999,-15,3,250,0.0218521,0,0,0.00189387
0.485,0.965,1000,-15,3,250,0.0218521,0,0,0.00189387
0.485,0.975,1000,-15,3,250,0.0218521,0,0,0.00189387
0.485,0.985,1000,-15,3,250,0.0218521,0,0,0.00189387
0.485,0.995,1000,-15,3,250,0.0218521,0,0,0.00189387
0.495,0.005,25.1684,8.05383,-11.3615,379.091,0.0218521,0,0,0.00189387
0.495,0.015,25.2926,8.09785,-11.111,382.358,0.0218521,0,0,0.00189387
0.495,0.025,25.3771,8.13889,-10.8598,384.844,0.0218521,0,0,0.00189387
0.495,0.035,25.4233,8.17692,-10.608,386.545,0.0218521,0,0,0.00189387
0.495,0.045,25.433,8.21189,-10.3554,387.469,0.0218521,0,0,0.00189387
0.495,0.055,25.4082,8.24369,-10.1016,387.631,0.0218521,0,0,0.00189387
0.495,0.065,25.3512,8.27219,-9.84658,387.051,0.0218521,0,0,0.00189387
0.495,0.075,25.2644,8.29721,-9.59004,385.754,0.0218521,0,0,0.00189387
0.495,0.085,25.1502,8.31853,-9.33178,383.767,0.0218521,0,0,0.00189387
0.495,0.095,25.011,8.33592,-9.0716,381.12,0.0218521,0,0,0.00189387
0.495,0.105,24.8489,8.34911,-8.80936,377.839,0.0218521,0,0,0.00189387
0.495,0.115,24.6661,8.35784,-8.54494,373.952,0.0218521,0,0,0.00189387
0.495,0.125,24.4644,8.36183,-8.27828,369.485,0.0218521,0,0,0.00189387
0.495,0.135,24.2454,8.36082,-8.00935,364.462,0.0218521,0,0,0.00189387
0.495,0.145,24.0105,8.35456,-7.7382,358.906,0.0218521,0,0,0.00189387
0.495,0.155,23.7609,8.3428,-7.46487,352.84,0.0218521,0,0,0.00189387
0.495,0.165,23.4976,8.32532,-7.18948,346.286,0.0218521,0,0,0.00189387
0.495,0.175,23.2217,8.30193,-6.91216,339.268,0.0218521,0,0,0.00189387
0.495,0.185,22.9338,8.27246,-6.63306,331.81,0.0218521,0,0,0.00189387
0.495,0.195,22.6346,8.23675,-6.35238,323.937,0.0218521,0,0,0.00189387
0.495,0.205,22.3245,8.19468,-6.07033,315.676,0.0218521,0,0,0.00189387
0.495,0.215,22.004,8.14616,-5.78713,307.056,0.0218521,0,0,0.00189387
0.495,0.225,21.6734,8.09112,-5.50304,298.108,0.0218521,0,0,0.00189387
0.495,0.235,21.3329,8.02951,-5.21832,288.863,0.0218521,0,0,0.00189387
0.495,0.245,20.9825,7.9613,-4.93325,279.355,0.0218521,0,0,0.00189387
0.495,0.255,20.6224,7.88649,-4.64814,269.622,0.0218521,0,0,0.00189387
0.495,0.265,20.255,7.80505,-4.36279,259.742,0.0218521,0,0,0.00189387
0.495,0.275,19.8933,7.71719,-4.07479,249.987,0.0218521,0,0,0.00189387
0.495,0.285,19.523,7.62371,-3.78749,240.132,0.0218521,0,0,0.00189387
0.495,0.295,19.1411,7.52493,-3.50183,230.165,0.0218521,0,0,0.00189387
0.495,0.305,18.7477,7.4211,-3.21814,220.126,0.0218521,0,0,0.00189387
0.495,0.315,18.3427,7.31249,-2.93671,210.057,0.0218521,0,0,0.00189387
0.495,0.325,17.9264,7.19934,-2.65785,200.001,0.0218521,0,0,0.00189387
0.495,0.335,17.499,7.08191,-2.38186,190,0.0218521,0,0,0.00189387
0.495,0.345,17.061,6.96044,-2.10907,180.101,0.0218521,0,0,0.00189387
0.495,0.355,16.6135,6.83517,-1.83984,170.348,0.0218521,0,0,0.00189387
0.495,0.365,16.1577,6.70629,-1.57459,160.791,0.0218521,0,0,0.00189387
0.495,0.375,15.6958,6.57395,-1.31384,151.48,0.0218521,0,0,0.00189387
0.495,0.385,15.2305,6.43824,-1.05825,142.468,0.0218521,0,0,0.00189387
0.495,0.395,14.7658,6.29913,-0.808701,133.816,0.0218521,0,0,0.00189387
0.495,0.405,14.3072,6.15646,-0.566412,125.59,0.0218521,0,0,0.00189387
0.495,0.415,13.8621,6.00983,-0.333084,117.87,0.0218521,0,0,0.00189387
0.495,0.425,13.4414,5.85778,-0.111103,110.751,0.0218521,0,0,0.00189387
0.495,0.435,13.0703,5.68806,0.0963922,104.358,0.0218521,0,0,0.00189387
0.495,0.445,12.7521,5.50645,0.284841,98.8147,0.0218521,0,0,0.00189387
0.495,0.455,12.5036,5.31449,0.448154,94.3125,0.0218521,0,0,0.00189387
0.495,0.465,12.346,5.10868,0.580008,91.0296,0.0218521,0,0,0.00189387
0.495,0.475,12.2905,4.88643,0.676032,89.0658,0.0218521,0,0,0.00189387
0.495,0.485,12.3278,4.64543,0.73614,88.3621,0.0218521,0,0,0.00189387
0.495,0.495,12.4165,4.38391,0.765352,88.675,0.0218521,0,0,0.00189387
0.495,0.505,12.3179,4.09924,0.772499,89.6633,0.0218521,0,0,0.00189387
0.495,0.515,11.3335,3.7276,0.777932,91.3733,0.0218521,0,0,0.00189387
0.495,0.525,8.88938,2.93996,0.853535,94.5921,0.0218521,0,0,0.00189387
0.495,0.535,6.30852,1.12599,1.12789,97.9628,0.0218521,0,0,0.00189387
0.495,0.545,5.14726,-1.92444,1.58433,97.0825,0.0218521,0,0,0.00189387
0.495,0.555,5.09427,-5.57138,1.93324,92.2882,0.0218521,0,0,0.00189387
0.495,0.565,6.08105,-9.0056,2.06972,86.381,0.0218521,0,0,0.00189387
0.495,0.575,8.78631,-11.5796,2.19551,82.4782,0.0218521,0,0,0.00189387
0.495,0.585,14.9829,-13.1136,2.45741,85.9278,0.0218521,0,0,0.00189387
0.495,0.595,27.7565,-13.9464,2.70748,95.5558,0.0218521,0,0,0.00189387
0.495,0.605,50.2579,-14.4078,2.80591,102.573,0.0218521,0,0,0.00189387
0.495,0.615,82.9934,-14.6717,2.78111,99.6247,0.0218521,0,0,0.00189387
0.495,0.625,123.868,-14.8208,2.71287,90.2004,0.0218521,0,0,0.00189387
0.495,0.635,171.232,-14.9013,2.6645,83.289,0.0218521,0,0,0.00189387
0.495,0.645,225.66,-14.9428,2.65631,84.0129,0.0218521,0,0,0.00189387
0.495,0.655,288.159,-14.9642,2.67834,91.9742,0.0218521,0,0,0.00189387
0.495,0.665,358.184,-14.976,2.71446,104.721,0.0218521,0,0,0.00189387
0.495,0.675,433.495,-14.9832,2.75406,120.049,0.0218521,0,0,0.00189387
0.495,0.685,510.971,-14.9879,2.79223,136.438,0.0218521,0,0,0.00189387
0.495,0.695,587.369,-14.9913,2.82714,152.869,0.0218521,0,0,0.00189387
0.495,0.705,659.809,-14.9938,2.85824,168.64,0.0218521,0,0,0.00189387
0.495,0.715,726.032,-14.9956,2.8855,183.261,0.0218521,0,0,0.00189387
0.495,0.725,784.525,-14.9969,2.90902,196.406,0.0218521,0,0,0.00189387
0.495,0.735,834.522,-14.9979,2.929,207.89,0.0218521,0,0,0.00189387
0.495,0.745,875.933,-14.9986,2.94567,217.648,0.0218521,0,0,0.00189387
0.495,0.755,909.202,-14.9991,2.95929,225.715,0.0218521,0,0,0.00189387
0.495,0.765,935.145,-14.9994,2.97018,232.202,0.0218521,0,0,0.00189387
0.495,0.775,954.796,-14.9996,2.97867,237.275,0.0218521,0,0,0.00189387
0.495,0.785,969.26,-14.9998,2.98512,241.131,0.0218521,0,0,0.00189387
0.495,0.795,979.608,-14.9999,2.98988,243.978,0.0218521,0,0,0.00189387
0.495,0.805,986.805,-14.9999,2.9933,246.018,0.0218521,0,0,0.00189387
0.495,0.815,991.673,-15,2.99568,247.437,0.0218521,0,0,0.00189387
0.495,0.825,994.875,-15,2.99729,248.394,0.0218521,0,0,0.00189387
0.495,0.835,996.924,-15,2.99835,249.021,0.0218521,0,0,0.00189387
0.495,0.845,998.2,-15,2.99902,249.419,0.0218521,0,0,0.00189387
0.495,0.855,998.972,-15,2.99943,249.664,0.0218521,0,0,0.00189387
0.495,0.865,999.428,-15,2.99968,249.811,0.0218521,0,0,0.00189387
0.495,0.875,999.689,-15,2.99983,249.896,0.0218521,0,0,0.00189387
0.495,0.885,999.835,-15,2.99991,249.945,0.0218521,0,0,0.00189387
0.495,0.895,999.915,-15,2.99995,249.971,0.0218521,0,0,0.00189387
0.495,0.905,999.957,-15,2.99998,249.985,0.0218521,0,0,0.00189387
0.495,0.915,999.979,-15,2.99999,249.993,0.0218521,0,0,0.00189387
0.495,0.925,999.99,-15,2.99999,249.996,0.0218521,0,0,0.00189387
0.495,0.935,999.995,-15,3,249.998,0.0218521,0,0,0.00189387
0.495,0.945,999.998,-15,3,249.999,0.0218521,0,0,0.00189387
0.495,0.955,999.999,-15,3,250,0.0218521,0,0,0.00189387
0.495,0.965,1000,-15,3,250,0.0218521,0,0,0.00189387
0.495,0.975,1000,-15,3,250,0.0218521,0,0,0.00189387
0.495,0.985,1000,-15,3,250,0.0218521,0,0,0.00189387
0.495,0.995,1000,-15,3,250,0.0218521,0,0,0.00189387
0.505,0.005,24.0854,8.1648,-11.274,356.901,0.0218521,0,0,0.00189387
0.505,0.015,24.2003,8.20721,-11.0236,359.842,0.0218521,0,0,0.00189387
0.505,0.025,24.2782,8.24663,-10.7725,362.06,0.0218521,0,0,0.00189387
0.505,0.035,24.3202,8.28302,-10.5207,363.552,0.0218521,0,0,0.00189387
0.505,0.045,24.3278,8.31634,-10.268,364.322,0.0218521,0,0,0.00189387
0.505,0.055,24.3028,8.34648,-10.0142,364.38,0.0218521,0,0,0.00189387
0.505,0.065,24.2471,8.37333,-9.75916,363.745,0.0218521,0,0,0.00189387
0.505,0.075,24.1629,8.39671,-9.50269,362.436,0.0218521,0,0,0.00189387
0.505,0.085,24.0523,8.41643,-9.24459,360.479,0.0218521,0,0,0.00189387
0.505,0.095,23.9176,8.43226,-8.98469,357.899,0.0218521,0,0,0.00189387
0.505,0.105,23.7607,8.44397,-8.72284,354.722,0.0218521,0,0,0.00189387
0.505,0.115,23.5834,8.45131,-8.45896,350.973,0.0218521,0,0,0.00189387
0.505,0.125,23.3876,8.45401,-8.19298,346.677,0.0218521,0,0,0.00189387
0.505,0.135,23.1748,8.45183,-7.92489,341.859,0.0218521,0,0,0.00189387
0.505,0.145,22.9462,8.44452,-7.6547,336.54,0.0218521,0,0,0.00189387
0.505,0.155,22.7032,8.43186,-7.38248,330.744,0.0218521,0,0,0.00189387
0.505,0.165,22.4466,8.41364,-7.10833,324.493,0.0218521,0,0,0.00189387
0.505,0.175,22.1774,8.38968,-6.83238,317.81,0.0218521,0,0,0.00189387
0.505,0.185,21.8963,8.35981,-6.55479,310.718,0.0218521,0,0,0.00189387
0.505,0.195,21.604,8.32388,-6.27573,303.243,0.0218521,0,0,0.00189387
0.505,0.205,21.3008,8.28179,-5.99541,295.411,0.0218521,0,0,0.00189387
0.505,0.215,20.9874,8.23344,-5.71405,287.25,0.0218521,0,0,0.00189387
0.505,0.225,20.6639,8.17876,-5.4319,278.789,0.0218521,0,0,0.00189387
0.505,0.235,20.3306,8.11772,-5.14921,270.059,0.0218521,0,0,0.00189387
0.505,0.245,19.9878,8.05028,-4.86627,261.092,0.0218521,0,0,0.00189387
0.505,0.255,19.6354,7.97644,-4.58335,251.922,0.0218521,0,0,0.00189387
0.505,0.265,19.2769,7.89618,-4.30005,242.645,0.0218521,0,0,0.00189387
0.505,0.275,18.9239,7.80975,-4.01422,233.491,0.0218521,0,0,0.00189387
0.505,0.285,18.5617,7.71789,-3.72933,224.238,0.0218521,0,0,0.00189387
0.505,0.295,18.1887,7.62087,-3.44612,214.891,0.0218521,0,0,0.00189387
0.505,0.305,17.8051,7.51892,-3.16488,205.487,0.0218521,0,0,0.00189387
0.505,0.315,17.4109,7.4123,-2.88592,196.067,0.0218521,0,0,0.00189387
0.505,0.325,17.0065,7.30123,-2.60953,186.669,0.0218521,0,0,0.00189387
0.505,0.335,16.5924,7.18594,-2.33603,177.335,0.0218521,0,0,0.00189387
0.505,0.345,16.1692,7.06666,-2.06576,168.106,0.0218521,0,0,0.00189387
0.505,0.355,15.7381,6.94358,-1.79909,159.028,0.0218521,0,0,0.00189387
0.505,0.365,15.3005,6.81687,-1.53648,150.144,0.0218521,0,0,0.00189387
0.505,0.375,14.8588,6.68665,-1.27848,141.504,0.0218521,0,0,0.00189387
0.505,0.385,14.4159,6.55295,-1.02582,133.16,0.0218521,0,0,0.00189387
0.505,0.395,13.976,6.41569,-0.779482,125.168,0.0218521,0,0,0.00189387
0.505,0.405,13.5447,6.27466,-0.540806,117.597,0.0218521,0,0,0.00189387
0.505,0.415,13.1297,6.12937,-0.311679,110.523,0.0218521,0,0,0.00189387
0.505,0.425,12.7425,5.97797,-0.0947254,104.045,0.0218521,0,0,0.00189387
0.505,0.435,12.4071,5.8081,0.106555,98.2832,0.0218521,0,0,0.00189387
0.505,0.445,12.1278,5.62635,0.287251,93.3718,0.0218521,0,0,0.00189387
0.505,0.455,11.9214,5.43348,0.441198,89.4917,0.0218521,0,0,0.00189387
0.505,0.465,11.8065,5.226,0.562435,86.7987,0.0218521,0,0,0.00189387
0.505,0.475,11.7902,5.00138,0.647486,85.3602,0.0218521,0,0,0.00189387
0.505,0.485,11.8579,4.75762,0.697528,85.0829,0.0218521,0,0,0.00189387
0.505,0.495,11.9639,4.49316,0.718536,85.7085,0.0218521,0,0,0.00189387
0.505,0.505,11.8231,4.20247,0.72023,86.9382,0.0218521,0,0,0.00189387
0.505,0.515,10.657,3.78855,0.729022,88.9853,0.0218521,0,0,0.00189387
0.505,0.525,8.08807,2.83998,0.834901,92.6194,0.0218521,0,0,0.00189387
0.505,0.535,5.81377,0.799801,1.15778,95.2868,0.0218521,0,0,0.00189387
0.505,0.545,4.93885,-2.31096,1.60516,93.301,0.0218521,0,0,0.00189387
0.505,0.555,4.98285,-5.83679,1.88817,88.3973,0.0218521,0,0,0.00189387
0.505,0.565,5.97849,-9.13345,1.99223,83.08,0.0218521,0,0,0.00189387
0.505,0.575,8.70523,-11.6073,2.14966,81.0354,0.0218521,0,0,0.00189387
0.505,0.585,15.0116,-13.1014,2.46115,86.7734,0.0218521,0,0,0.00189387
0.505,0.595,28.0165,-13.9338,2.72947,97.6756,0.0218521,0,0,0.00189387
0.505,0.605,50.7731,-14.4032,2.82173,104.338,0.0218521,0,0,0.00189387
0.505,0.615,83.5403,-14.6723,2.78506,99.923,0.0218521,0,0,0.00189387
0.505,0.625,124.11,-14.8232,2.70907,89.2584,0.0218521,0,0,0.00189387
0.505,0.635,171.067,-14.9033,2.65897,82.0442,0.0218521,0,0,0.00189387
0.505,0.645,225.272,-14.944,2.6523,83.0694,0.0218521,0,0,0.00189387
0.505,0.655,287.776,-14.9647,2.67619,91.4229,0.0218521,0,0,0.00189387
0.505,0.665,357.913,-14.9762,2.7135,104.444,0.0218521,0,0,0.00189387
0.505,0.675,433.338,-14.9833,2.75368,119.923,0.0218521,0,0,0.00189387
0.505,0.685,510.891,-14.988,2.79209,136.384,0.0218521,0,0,0.00189387
0.505,0.695,587.332,-14.9913,2.82708,152.847,0.0218521,0,0,0.00189387
0.505,0.705,659.793,-14.9938,2.85822,168.632,0.0218521,0,0,0.00189387
0.505,0.715,726.026,-14.9956,2.88549,183.258,0.0218521,0,0,0.00189387
0.505,0.725,784.522,-14.9969,2.90902,196.405,0.0218521,0,0,0.00189387
0.505,0.735,834.522,-14.9979,2.929,207.889,0.0218521,0,0,0.00189387
0.505,0.745,875.933,-14.9986,2.94567,217.648,0.0218521,0,0,0.00189387
0.505,0.755,909.202,-14.9991,2.95929,225.715,0.0218521,0,0,0.00189387
0.505,0.765,935.145,-14.9994,2.97018,232.202,0.0218521,0,0,0.00189387
0.505,0.775,954.796,-14.9996,2.97867,237.275,0.0218521,0,0,0.00189387
0.505,0.785,969.26,-14.9998,2.98512,241.131,0.0218521,0,0,0.00189387
0.505,0.795,979.608,-14.9999,2.98988,243.978,0.0218521,0,0,0.00189387
0.505,0.805,986.805,-14.9999,2.9933,246.018,0.0218521,0,0,0.00189387
0.505,0.815,991.673,-15,2.99568,247.437,0.0218521,0,0,0.00189387
0.505,0.825,994.875,-15,2.99729,248.394,0.0218521,0,0,0.00189387
0.505,0.835,996.924,-15,2.99835,249.021,0.0218521,0,0,0.00189387
0.505,0.845,998.2,-15,2.99902,249.419,0.0218521,0,0,0.00189387
0.505,0.855,998.972,-15,2.99943,249.664,0.0218521,0,0,0.00189387
0.505,0.865,999.428,-15,2.99968,249.811,0.0218521,0,0,0.00189387
0.505,0.875,999.689,-15,2.99983,249.896,0.0218521,0,0,0.00189387
0.505,0.885,999.835,-15,2.99991,249.945,0.0218521,0,0,0.00189387
0.505,0.895,999.915,-15,2.99995,249.971,0.0218521,0,0,0.00189387
0.505,0.905,999.957,-15,2.99998,249.985,0.0218521,0,0,0.00189387
0.505,0.915,999.979,-15,2.99999,249.993,0.0218521,0,0,0.00189387
0.505,0.925,999.99,-15,2.99999,249.996,0.0218521,0,0,0.00189387
0.505,0.935,999.995,-15,3,249.998,0.0218521,0,0,0.00189387
0.505,0.945,999.998,-15,3,249.999,0.0218521,0,0,0.00189387
0.505,0.955,999.999,-15,3,250,0.0218521,0,0,0.00189387
0.505,0.965,1000,-15,3,250,0.0218521,0,0,0.00189387
0.505,0.975,1000,-15,3,250,0.0218521,0,0,0.00189387
0.505,0.985,1000,-15,3,250,0.0218521,0,0,0.00189387
0.505,0.995,1000,-15,3,250,0.0218521,0,0,0.00189387
0.515,0.005,23.0426,8.27427,-11.1881,335.889,0.0218521,0,0,0.00189387
0.515,0.015,23.1486,8.31515,-10.9379,338.528,0.0218521,0,0,0.00189387
0.515,0.025,23.2201,8.35302,-10.687,340.5,0.0218521,0,0,0.00189387
0.515,0.035,23.258,8.38784,-10.4353,341.8,0.0218521,0,0,0.00189387
0.515,0.045,23.2635,8.41958,-10.1826,342.429,0.0218521,0,0,0.00189387
0.515,0.055,23.2382,8.44814,-9.92892,342.396,0.0218521,0,0,0.00189387
0.515,0.065,23.1837,8.4734,-9.67399,341.715,0.0218521,0,0,0.00189387
0.515,0.075,23.102,8.49522,-9.41768,340.403,0.0218521,0,0,0.00189387
0.515,0.085,22.995,8.51341,-9.15981,338.483,0.0218521,0,0,0.00189387
0.515,0.095,22.8646,8.52777,-8.90025,335.977,0.0218521,0,0,0.00189387
0.515,0.105,22.7127,8.53807,-8.63888,332.908,0.0218521,0,0,0.00189387
0.515,0.115,22.5409,8.54408,-8.37559,329.302,0.0218521,0,0,0.00189387
0.515,0.125,22.351,8.54555,-8.11034,325.181,0.0218521,0,0,0.00189387
0.515,0.135,22.1444,8.54227,-7.84312,320.568,0.0218521,0,0,0.00189387
0.515,0.145,21.9223,8.53398,-7.57393,315.487,0.0218521,0,0,0.00189387
0.515,0.155,21.6858,8.52049,-7.30286,309.958,0.0218521,0,0,0.00189387
0.515,0.165,21.436,8.50159,-7.02998,304.006,0.0218521,0,0,0.00189387
0.515,0.175,21.1737,8.47711,-6.75543,297.651,0.0218521,0,0,0.00189387
0.515,0.185,20.8997,8.44688,-6.47935,290.918,0.0218521,0,0,0.00189387
0.515,0.195,20.6144,8.41079,-6.20193,283.83,0.0218521,0,0,0.00189387
0.515,0.205,20.3186,8.36871,-5.92335,276.414,0.0218521,0,0,0.00189387
0.515,0.215,20.0125,8.32056,-5.64384,268.696,0.0218521,0,0,0.00189387
0.515,0.225,19.6965,8.26628,-5.36362,260.705,0.0218521,0,0,0.00189387
0.515,0.235,19.371,8.20583,-5.08296,252.469,0.0218521,0,0,0.00189387
0.515,0.245,19.0361,8.13918,-4.80212,244.02,0.0218521,0,0,0.00189387
0.515,0.255,18.6921,8.06632,-4.52138,235.39,0.0218521,0,0,0.00189387
0.515,0.265,18.3432,7.98723,-4.2401,226.686,0.0218521,0,0,0.00189387
0.515,0.275,17.999,7.90222,-3.95645,218.1,0.0218521,0,0,0.00189387
0.515,0.285,17.6457,7.81193,-3.67395,209.42,0.0218521,0,0,0.00189387
0.515,0.295,17.2823,7.71662,-3.39314,200.661,0.0218521,0,0,0.00189387
0.515,0.305,16.9091,7.61651,-3.11432,191.859,0.0218521,0,0,0.00189387
0.515,0.315,16.5263,7.51181,-2.83778,183.051,0.0218521,0,0,0.00189387
0.515,0.325,16.1345,7.40275,-2.56384,174.274,0.0218521,0,0,0.00189387
0.515,0.335,15.7341,7.28953,-2.29281,165.567,0.0218521,0,0,0.00189387
0.515,0.345,15.3261,7.17234,-2.02504,156.97,0.0218521,0,0,0.00189387
0.515,0.355,14.9117,7.05137,-1.76092,148.523,0.0218521,0,0,0.00189387
0.515,0.365,14.4925,6.92673,-1.50095,140.271,0.0218521,0,0,0.00189387
0.515,0.375,14.071,6.79851,-1.24573,132.259,0.0218521,0,0,0.00189387
0.515,0.385,13.6503,6.66671,-0.996063,124.539,0.0218521,0,0,0.00189387
0.515,0.395,13.2348,6.53119,-0.753017,117.165,0.0218521,0,0,0.00189387
0.515,0.405,12.8303,6.39166,-0.518088,110.204,0.0218521,0,0,0.00189387
0.515,0.415,12.4447,6.24758,-0.293351,103.735,0.0218521,0,0,0.00189387
0.515,0.425,12.0898,6.09671,-0.0816845,97.8549,0.0218521,0,0,0.00189387
0.515,0.435,11.7888,5.92672,0.113041,92.6837,0.0218521,0,0,0.00189387
0.515,0.445,11.5471,5.74464,0.285603,88.3629,0.0218521,0,0,0.00189387
0.515,0.455,11.3808,5.55067,0.429844,85.0617,0.0218521,0,0,0.00189387
0.515,0.465,11.306,5.34135,0.540255,82.9146,0.0218521,0,0,0.00189387
0.515,0.475,11.3258,5.11417,0.614315,81.959,0.0218521,0,0,0.00189387
0.515,0.485,11.4215,4.86733,0.654372,82.0755,0.0218521,0,0,0.00189387
0.515,0.495,11.5436,4.59927,0.667189,82.9991,0.0218521,0,0,0.00189387
0.515,0.505,11.3485,4.29877,0.663872,84.4912,0.0218521,0,0,0.00189387
0.515,0.515,9.97322,3.82112,0.680354,86.9657,0.0218521,0,0,0.00189387
0.515,0.525,7.34289,2.67723,0.825613,90.9176,0.0218521,0,0,0.00189387
0.515,0.535,5.42288,0.437276,1.19409,92.5607,0.0218521,0,0,0.00189387
0.515,0.545,4.78002,-2.66989,1.61232,89.6772,0.0218521,0,0,0.00189387
0.515,0.555,4.88607,-6.05758,1.82943,84.8357,0.0218521,0,0,0.00189387
0.515,0.565,5.88427,-9.22367,1.91532,80.356,0.0218521,0,0,0.00189387
0.515,0.575,8.646,-11.611,2.11534,80.3614,0.0218521,0,0,0.00189387
0.515,0.585,15.0789,-13.0796,2.47471,88.2687,0.0218521,0,0,0.00189387
0.515,0.595,28.3252,-13.919,2.75549,100.166,0.0218521,0,0,0.00189387
0.515,0.605,51.3245,-14.3987,2.83801,106.152,0.0218521,0,0,0.00189387
0.515,0.615,84.0805,-14.6735,2.78805,100.052,0.0218521,0,0,0.00189387
0.515,0.625,124.303,-14.8259,2.70431,88.1404,0.0218521,0,0,0.00189387
0.515,0.635,170.85,-14.9054,2.65301,80.7263,0.0218521,0,0,0.00189387
0.515,0.645,224.862,-14.9451,2.64824,82.1288,0.0218521,0,0,0.00189387
0.515,0.655,287.398,-14.9653,2.67413,90.897,0.0218521,0,0,0.00189387
0.515,0.665,357.657,-14.9764,2.71261,104.189,0.0218521,0,0,0.00189387
0.515,0.675,433.195,-14.9833,2.75333,119.81,0.0218521,0,0,0.00189387
0.515,0.685,510.821,-14.988,2.79196,136.338,0.0218521,0,0,0.00189387
0.515,0.695,587.301,-14.9913,2.82704,152.83,0.0218521,0,0,0.00189387
0.515,0.705,659.781,-14.9938,2.85821,168.625,0.0218521,0,0,0.00189387
0.515,0.715,726.021,-14.9956,2.88549,183.256,0.0218521,0,0,0.00189387
0.515,0.725,784.521,-14.9969,2.90902,196.404,0.0218521,0,0,0.00189387
0.515,0.735,834.521,-14.9979,2.929,207.889,0.0218521,0,0,0.00189387
0.515,0.745,875.933,-14.9986,2.94567,217.648,0.0218521,0,0,0.00189387
0.515,0.755,909.201,-14.9991,2.95929,225.715,0.0218521,0,0,0.00189387
0.515,0.765,935.145,-14.9994,2.97018,232.202,0.0218521,0,0,0.00189387
0.515,0.775,954.796,-14.9996,2.97867,237.275,0.0218521,0,0,0.00189387
0.515,0.785,969.26,-14.9998,2.98512,241.131,0.0218521,0,0,0.00189387
0.515,0.795,979.608,-14.9999,2.98988,243.978,0.0218521,0,0,0.00189387
0.515,0.805,986.805,-14.9999,2.9933,246.018,0.0218521,0,0,0.00189387
0.515,0.815,991.673,-15,2.99568,247.437,0.0218521,0,0,0.00189387
0.515,0.825,994.875,-15,2.99729,248.394,0.0218521,0,0,0.00189387
0.515,0.835,996.924,-15,2.99835,249.021,0.0218521,0,0,0.00189387
0.515,0.845,998.2,-15,2.99902,249.419,0.0218521,0,0,0.00189387
0.515,0.855,998.972,-15,2.99943,249.664,0.0218521,0,0,0.00189387
0.515,0.865,999.428,-15,2.99968,249.811,0.0218521,0,0,0.00189387
0.515,0.875,999.689,-15,2.99983,249.896,0.0218521,0,0,0.00189387
0.515,0.885,999.835,-15,2.99991,249.945,0.0218521,0,0,0.00189387
0.515,0.895,999.915,-15,2.99995,249.971,0.0218521,0,0,0.00189387
0.515,0.905,999.957,-15,2.99998,249.985,0.0218521,0,0,0.00189387
0.515,0.915,999.979,-15,2.99999,249.993,0.0218521,0,0,0.00189387
0.515,0.925,999.99,-15,2.99999,249.996,0.0218521,0,0,0.00189387
0.515,0.935,999.995,-15,3,249.998,0.0218521,0,0,0.00189387
0.515,0.945,999.998,-15,3,249.999,0.0218521,0,0,0.00189387
0.515,0.955,999.999,-15,3,250,0.0218521,0,0,0.00189387
0.515,0.965,1000,-15,3,250,0.0218521,0,0,0.00189387
0.515,0.975,1000,-15,3,250,0.0218521,0,0,0.00189387
0.515,0.985,1000,-15,3,250,0.0218521,0,0,0.00189387
0.515,0.995,1000,-15,3,250,0.0218521,0,0,0.00189387
0.525,0.005,22.0391,8.38224,-11.1038,316.013,0.0249559,0.0468825,0,0.00228088
0.525,0.015,22.1364,8.42169,-10.854,318.367,0.0249559,0.0468825,0,0.00228088
0.525,0.025,22.2017,8.45809,-10.6034,320.11,0.0249559,0.0468825,0,0.00228088
0.525,0.035,22.2355,8.49143,-10.3518,321.233,0.0249559,0.0468825,0,0.00228088
0.525,0.045,22.239,8.52165,-10.0994,321.735,0.0249559,0.0468825,0,0.00228088
0.525,0.055,22.2132,8.5487,-9.8458,321.621,0.0249559,0.0468825,0,0.00228088
0.525,0.065,22.1599,8.57246,-9.59106,320.903,0.0249559,0.0468825,0,0.00228088
0.525,0.075,22.0805,8.59279,-9.33498,319.596,0.0249559,0.0468825,0,0.00228088
0.525,0.085,21.9769,8.60953,-9.07744,317.718,0.0249559,0.0468825,0,0.00228088
0.525,0.095,21.8507,8.62248,-8.81829,315.29,0.0249559,0.0468825,0,0.00228088
0.525,0.105,21.7037,8.63144,-8.55744,312.334,0.0249559,0.0468825,0,0.00228088
0.525,0.115,21.5375,8.63619,-8.2948,308.873,0.0249559,0.0468825,0,0.00228088
0.525,0.125,21.3534,8.63652,-8.03033,304.927,0.0249559,0.0468825,0,0.00228088
0.525,0.135,21.153,8.63218,-7.76402,300.52,0.0249559,0.0468825,0,0.00228088
0.525,0.145,20.9373,8.62299,-7.49588,295.674,0.0249559,0.0468825,0,0.00228088
0.525,0.155,20.7076,8.60872,-7.22597,290.41,0.0249559,0.0468825,0,0.00228088
0.525,0.165,20.4647,8.58919,-6.95439,284.751,0.0249559,0.0468825,0,0.00228088
0.525,0.175,20.2094,8.56424,-6.68126,278.717,0.0249559,0.0468825,0,0.00228088
0.525,0.185,19.9425,8.53371,-6.40672,272.333,0.0249559,0.0468825,0,0.00228088
0.525,0.195,19.6646,8.49749,-6.13093,265.622,0.0249559,0.0468825,0,0.00228088
0.525,0.205,19.3763,8.45546,-5.8541,258.608,0.0249559,0.0468825,0,0.00228088
0.525,0.215,19.0779,8.40754,-5.57643,251.317,0.0249559,0.0468825,0,0.00228088
0.525,0.225,18.7698,8.35368,-5.29815,243.777,0.0249559,0.0468825,0,0.00228088
0.525,0.235,18.4524,8.29384,-5.01951,236.015,0.0249559,0.0468825,0,0.00228088
0.525,0.245,18.1259,8.22798,-4.74076,228.062,0.0249559,0.0468825,0,0.00228088
0.525,0.255,17.7907,8.1561,-4.46217,219.947,0.0249559,0.0468825,0,0.00228088
0.525,0.265,17.4518,8.07818,-4.18287,211.789,0.0249559,0.0468825,0,0.00228088
0.525,0.275,17.1169,7.99456,-3.90143,203.739,0.0249559,0.0468825,0,0.00228088
0.525,0.285,16.773,7.90582,-3.62126,195.603,0.0249559,0.0468825,0,0.00228088
0.525,0.295,16.4198,7.81218,-3.34282,187.401,0.0249559,0.0468825,0,0.00228088
0.525,0.305,16.0575,7.71384,-3.06638,179.167,0.0249559,0.0468825,0,0.00228088
0.525,0.315,15.6866,7.61102,-2.79225,170.937,0.0249559,0.0468825,0,0.00228088
0.525,0.325,15.3077,7.50389,-2.52072,162.745,0.0249559,0.0468825,0,0.00228088
0.525,0.335,14.9215,7.39266,-2.25213,154.628,0.0249559,0.0468825,0,0.00228088
0.525,0.345,14.5289,7.2775,-1.98684,146.623,0.0249559,0.0468825,0,0.00228088
0.525,0.355,14.1313,7.15853,-1.72528,138.77,0.0249559,0.0468825,0,0.00228088
0.525,0.365,13.7305,7.03588,-1.46796,131.109,0.0249559,0.0468825,0,0.00228088
0.525,0.375,13.3291,6.90957,-1.21555,123.685,0.0249559,0.0468825,0,0.00228088
0.525,0.385,12.9304,6.77956,-0.968926,116.546,0.0249559,0.0468825,0,0.00228088
0.525,0.395,12.5388,6.64567,-0.729272,109.75,0.0249559,0.0468825,0,0.00228088
0.525,0.405,12.1604,6.50754,-0.49823,103.36,0.0249559,0.0468825,0,0.00228088
0.525,0.415,11.8033,6.36453,-0.278083,97.4548,0.0249559,0.0468825,0,0.00228088
0.525,0.425,11.4797,6.21414,-0.0719778,92.133,0.0249559,0.0468825,0,0.00228088
0.525,0.435,11.2119,6.04403,0.115838,87.515,0.0249559,0.0468825,0,0.00228088
0.525,0.445,11.0064,5.86143,0.279865,83.7474,0.0249559,0.0468825,0,0.00228088
0.525,0.455,10.8786,5.66614,0.414025,80.9876,0.0249559,0.0468825,0,0.00228088
0.525,0.465,10.8418,5.45473,0.513334,79.35,0.0249559,0.0468825,0,0.00228088
0.525,0.475,10.8957,5.22464,0.576248,78.8463,0.0249559,0.0468825,0,0.00228088
0.525,0.485,11.018,4.97415,0.606196,79.3373,0.0249559,0.0468825,0,0.00228088
0.525,0.495,11.1559,4.70156,0.610615,80.5575,0.0249559,0.0468825,0,0.00228088
0.525,0.505,10.8903,4.38502,0.602958,82.3549,0.0249559,0.0468825,0,0.00228088
0.525,0.515,9.27663,3.81188,0.633891,85.3805,0.0249559,0.0468825,0,0.00228088
0.525,0.525,6.67736,2.44679,0.828062,89.3953,0.0249559,0.0468825,0,0.00228088
0.525,0.535,5.1298,0.0547068,1.23306,89.7803,0.0249559,0.0468825,0,0.00228088
0.525,0.545,4.66123,-2.99071,1.60341,86.2635,0.0249559,0.0468825,0,0.00228088
0.525,0.555,4.80093,-6.23198,1.76012,81.6563,0.0249559,0.0468825,0,0.00228088
0.525,0.565,5.80237,-9.27537,1.84356,78.2875,0.0249559,0.0468825,0,0.00228088
0.525,0.575,8.61397,-11.5916,2.0946,80.4791,0.0249559,0.0468825,0,0.00228088
0.525,0.585,15.1872,-13.0495,2.4978,90.3833,0.0249559,0.0468825,0,0.00228088
0.525,0.595,28.6816,-13.9026,2.78494,102.979,0.0249559,0.0468825,0,0.00228088
0.525,0.605,51.907,-14.3946,2.85432,107.956,0.0249559,0.0468825,0,0.00228088
0.525,0.615,84.6049,-14.6754,2.78985,99.9703,0.0249559,0.0468825,0,0.00228088
0.525,0.625,124.44,-14.829,2.69853,86.8369,0.0249559,0.0468825,0,0.00228088
0.525,0.635,170.581,-14.9077,2.64664,79.3441,0.0249559,0.0468825,0,0.00228088
0.525,0.645,224.434,-14.9463,2.64419,81.1994,0.0249559,0.0468825,0,0.00228088
0.525,0.655,287.03,-14.9658,2.67217,90.4,0.0249559,0.0468825,0,0.00228088
0.525,0.665,357.42,-14.9766,2.7118,103.956,0.0249559,0.0468825,0,0.00228088
0.525,0.675,433.067,-14.9834,2.75303,119.711,0.0249559,0.0468825,0,0.00228088
0.525,0.685,510.76,-14.988,2.79186,136.298,0.0249559,0.0468825,0,0.00228088
0.525,0.695,587.275,-14.9913,2.827,152.815,0.0249559,0.0468825,0,0.00228088
0.525,0.705,659.77,-14.9938,2.8582,168.62,0.0249559,0.0468825,0,0.00228088
0.525,0.715,726.017,-14.9956,2.88548,183.254,0.0249559,0.0468825,0,0.00228088
0.525,0.725,784.519,-14.9969,2.90902,196.403,0.0249559,0.0468825,0,0.00228088
0.525,0.735,834.521,-14.9979,2.929,207.889,0.0249559,0.0468825,0,0.00228088
0.525,0.745,875.933,-14.9986,2.94567,217.648,0.0249559,0.0468825,0,0.00228088
0.525,0.755,909.201,-14.9991,2.95929,225.715,0.0249559,0.0468825,0,0.00228088
0.525,0.765,935.145,-14.9994,2.97018,232.202,0.0249559,0.0468825,0,0.00228088
0.525,0.775,954.796,-14.9996,2.97867,237.275,0.0249559,0.0468825,0,0.00228088
0.525,0.785,969.26,-14.9998,2.98512,241.131,0.0249559,0.0468825,0,0.00228088
0.525,0.795,979.608,-14.9999,2.98988,243.978,0.0249559,0.0468825,0,0.00228088
0.525,0.805,986.805,-14.9999,2.9933,246.018,0.0249559,0.0468825,0,0.00228088
0.525,0.815,991.673,-15,2.99568,247.437,0.0249559,0.0468825,0,0.00228088
0.525,0.825,994.875,-15,2.99729,248.394,0.0249559,0.0468825,0,0.00228088
0.525,0.835,996.924,-15,2.99835,249.021,0.0249559,0.0468825,0,0.00228088
0.525,0.845,998.2,-15,2.99902,249.419,0.0249559,0.0468825,0,0.00228088
0.525,0.855,998.972,-15,2.99943,249.664,0.0249559,0.0468825,0,0.00228088
0.525,0.865,999.428,-15,2.99968,249.811,0.0249559,0.0468825,0,0.00228088
0.525,0.875,999.689,-15,2.99983,249.896,0.0249559,0.0468825,0,0.00228088
0.525,0.885,999.835,-15,2.99991,249.945,0.0249559,0.0468825,0,0.00228088
0.525,0.895,999.915,-15,2.99995,249.971,0.0249559,0.0468825,0,0.00228088
0.525,0.905,999.957,-15,2.99998,249.985,0.0249559,0.0468825,0,0.00228088
0.525,0.915,999.979,-15,2.99999,249.993,0.0249559,0.0468825,0,0.00228088
0.525,0.925,999.99,-15,2.99999,249.996,0.0249559,0.0468825,0,0.00228088
0.525,0.935,999.995,-15,3,249.998,0.0249559,0.0468825,0,0.00228088
0.525,0.945,999.998,-15,3,249.999,0.0249559,0.0468825,0,0.00228088
0.525,0.955,999.999,-15,3,250,0.0249559,0.0468825,0,0.00228088
0.525,0.965,1000,-15,3,250,0.0249559,0.0468825,0,0.00228088
0.525,0.975,1000,-15,3,250,0.0249559,0.0468825,0,0.00228088
0.525,0.985,1000,-15,3,250,0.0249559,0.0468825,0,0.00228088
0.525,0.995,1000,-15,3,250,0.0249559,0.0468825,0,0.00228088
0.535,0.005,21.0746,8.48861,-11.0211,297.235,0.0358948,0.181746,0,0.00379406
0.535,0.015,21.1631,8.52679,-10.7718,299.318,0.0358948,0.181746,0,0.00379406
0.535,0.025,21.222,8.56184,-10.5215,300.845,0.0358948,0.181746,0,0.00379406
0.535,0.035,21.2518,8.59378,-10.2703,301.802,0.0358948,0.181746,0,0.00379406
0.535,0.045,21.253,8.62259,-10.0181,302.187,0.0358948,0.181746,0,0.00379406
0.535,0.055,21.2268,8.64821,-9.76481,302.001,0.0358948,0.181746,0,0.00379406
0.535,0.065,21.1744,8.67054,-9.51035,301.253,0.0358948,0.181746,0,0.00379406
0.535,0.075,21.0973,8.68946,-9.2546,299.956,0.0358948,0.181746,0,0.00379406
0.535,0.085,20.9969,8.70481,-8.99744,298.125,0.0358948,0.181746,0,0.00379406
0.535,0.095,20.8749,8.71643,-8.73878,295.779,0.0358948,0.181746,0,0.00379406
0.535,0.105,20.7327,8.72413,-8.47852,292.938,0.0358948,0.181746,0,0.00379406
0.535,0.115,20.5718,8.7277,-8.21658,289.621,0.0358948,0.181746,0,0.00379406
0.535,0.125,20.3935,8.72693,-7.95293,285.852,0.0358948,0.181746,0,0.00379406
0.535,0.135,20.1993,8.72162,-7.68756,281.649,0.0358948,0.181746,0,0.00379406
0.535,0.145,19.9901,8.71156,-7.42049,277.035,0.0358948,0.181746,0,0.00379406
0.535,0.155,19.7671,8.69657,-7.15179,272.031,0.0358948,0.181746,0,0.00379406
0.535,0.165,19.5312,8.67647,-6.88153,266.658,0.0358948,0.181746,0,0.00379406
0.535,0.175,19.2831,8.6511,-6.60983,260.938,0.0358948,0.181746,0,0.00379406
0.535,0.185,19.0235,8.62032,-6.33683,254.893,0.0358948,0.181746,0,0.00379406
0.535,0.195,18.7532,8.584,-6.06269,248.545,0.0358948,0.181746,0,0.00379406
0.535,0.205,18.4726,8.54205,-5.78761,241.919,0.0358948,0.181746,0,0.00379406
0.535,0.215,18.1821,8.4944,-5.51178,235.04,0.0358948,0.181746,0,0.00379406
0.535,0.225,17.8823,8.44097,-5.23542,227.933,0.0358948,0.181746,0,0.00379406
0.535,0.235,17.5734,8.38175,-4.95878,220.625,0.0358948,0.181746,0,0.00379406
0.535,0.245,17.2557,8.31669,-4.6821,213.144,0.0358948,0.181746,0,0.00379406
0.535,0.255,16.9296,8.24579,-4.40566,205.52,0.0358948,0.181746,0,0.00379406
0.535,0.265,16.6011,8.16903,-4.12831,197.88,0.0358948,0.181746,0,0.00379406
0.535,0.275,16.2757,8.08678,-3.84907,190.337,0.0358948,0.181746,0,0.00379406
0.535,0.285,15.9417,7.99955,-3.57121,182.715,0.0358948,0.181746,0,0.00379406
0.535,0.295,15.599,7.90753,-3.2951,175.04,0.0358948,0.181746,0,0.00379406
0.535,0.305,15.248,7.81093,-3.02101,167.344,0.0358948,0.181746,0,0.00379406
0.535,0.315,14.8894,7.70991,-2.74924,159.658,0.0358948,0.181746,0,0.00379406
0.535,0.325,14.5238,7.60466,-2.4801,152.017,0.0358948,0.181746,0,0.00379406
0.535,0.335,14.1518,7.49536,-2.21392,144.454,0.0358948,0.181746,0,0.00379406
0.535,0.345,13.7748,7.38213,-1.9511,137.005,0.0358948,0.181746,0,0.00379406
0.535,0.355,13.394,7.26511,-1.69209,129.706,0.0358948,0.181746,0,0.00379406
0.535,0.365,13.0116,7.14436,-1.43744,122.598,0.0358948,0.181746,0,0.00379406
0.535,0.375,12.63,7.01987,-1.18788,115.724,0.0358948,0.181746,0,0.00379406
0.535,0.385,12.2528,6.89157,-0.944369,109.13,0.0358948,0.181746,0,0.00379406
0.535,0.395,11.8846,6.75921,-0.708208,102.871,0.0358948,0.181746,0,0.00379406
0.535,0.405,11.5317,6.62237,-0.481206,97.0139,0.0358948,0.181746,0,0.00379406
0.535,0.415,11.2024,6.48031,-0.265866,91.6367,0.0358948,0.181746,0,0.00379406
0.535,0.425,10.909,6.33036,-0.0656186,86.838,0.0358948,0.181746,0,0.00379406
0.535,0.435,10.6733,6.16011,0.1149,82.7394,0.0358948,0.181746,0,0.00379406
0.535,0.445,10.5029,5.97675,0.26994,79.4926,0.0358948,0.181746,0,0.00379406
0.535,0.455,10.4122,5.77986,0.393566,77.2434,0.0358948,0.181746,0,0.00379406
0.535,0.465,10.4121,5.56596,0.481375,76.0883,0.0358948,0.181746,0,0.00379406
0.535,0.475,10.499,5.33242,0.532824,76.0171,0.0358948,0.181746,0,0.00379406
0.535,0.485,10.6476,5.07745,0.552345,76.8756,0.0358948,0.181746,0,0.00379406
0.535,0.495,10.8016,4.79907,0.54801,78.4013,0.0358948,0.181746,0,0.00379406
0.535,0.505,10.4423,4.45601,0.537332,80.58,0.0358948,0.181746,0,0.00379406
0.535,0.515,8.56728,3.742,0.592727,84.32,0.0358948,0.181746,0,0.00379406
0.535,0.525,6.11725,2.15072,0.8445,87.9363,0.0358948,0.181746,0,0.00379406
0.535,0.535,4.92596,-0.328463,1.26818,86.9878,0.0358948,0.181746,0,0.00379406
0.535,0.545,4.57335,-3.26577,1.57792,83.1109,0.0358948,0.181746,0,0.00379406
0.535,0.555,4.72689,-6.35819,1.68478,78.9358,0.0358948,0.181746,0,0.00379406
0.535,0.565,5.73826,-9.28747,1.78191,76.9628,0.0358948,0.181746,0,0.00379406
0.535,0.575,8.6139,-11.5501,2.08892,81.4034,0.0358948,0.181746,0,0.00379406
0.535,0.585,15.3377,-13.0124,2.52987,93.0833,0.0358948,0.181746,0,0.00379406
0.535,0.595,29.0841,-13.8853,2.81718,106.062,0.0358948,0.181746,0,0.00379406
0.535,0.605,52.5147,-14.3912,2.87022,109.685,0.0358948,0.181746,0,0.00379406
0.535,0.615,85.1043,-14.6779,2.79021,99.635,0.0358948,0.181746,0,0.00379406
0.535,0.625,124.515,-14.8324,2.69166,85.3434,0.0358948,0.181746,0,0.00379406
0.535,0.635,170.263,-14.91,2.63992,77.9094,0.0358948,0.181746,0,0.00379406
0.535,0.645,223.994,-14.9474,2.64018,80.2899,0.0358948,0.181746,0,0.00379406
0.535,0.655,286.674,-14.9662,2.67032,89.9348,0.0358948,0.181746,0,0.00379406
0.535,0.665,357.201,-14.9768,2.71107,103.747,0.0358948,0.181746,0,0.00379406
0.535,0.675,432.954,-14.9835,2.75276,119.625,0.0358948,0.181746,0,0.00379406
0.535,0.685,510.709,-14.988,2.79176,136.265,0.0358948,0.181746,0,0.00379406
0.535,0.695,587.254,-14.9913,2.82697,152.802,0.0358948,0.181746,0,0.00379406
0.535,0.705,659.762,-14.9938,2.85819,168.616,0.0358948,0.181746,0,0.00379406
0.535,0.715,726.014,-14.9956,2.88548,183.252,0.0358948,0.181746,0,0.00379406
0.535,0.725,784.518,-14.9969,2.90902,196.403,0.0358948,0.181746,0,0.00379406
0.535,0.735,834.52,-14.9979,2.929,207.889,0.0358948,0.181746,0,0.00379406
0.535,0.745,875.933,-14.9986,2.94567,217.648,0.0358948,0.181746,0,0.00379406
0.535,0.755,909.201,-14.9991,2.95929,225.715,0.0358948,0.181746,0,0.00379406
0.535,0.765,935.145,-14.9994,2.97018,232.202,0.0358948,0.181746,0,0.00379406
0.535,0.775,954.796,-14.9996,2.97867,237.275,0.0358948,0.181746,0,0.00379406
0.535,0.785,969.26,-14.9998,2.98512,241.131,0.0358948,0.181746,0,0.00379406
0.535,0.795,979.608,-14.9999,2.98988,243.978,0.0358948,0.181746,0,0.00379406
0.535,0.805,986.805,-14.9999,2.9933,246.018,0.0358948,0.181746,0,0.00379406
0.535,0.815,991.673,-15,2.99568,247.437,0.0358948,0.181746,0,0.00379406
0.535,0.825,994.875,-15,2.99729,248.394,0.0358948,0.181746,0,0.00379406
0.535,0.835,996.924,-15,2.99835,249.021,0.0358948,0.181746,0,0.00379406
0.535,0.845,998.2,-15,2.99902,249.419,0.0358948,0.181746,0,0.00379406
0.535,0.855,998.972,-15,2.99943,249.664,0.0358948,0.181746,0,0.00379406
0.535,0.865,999.428,-15,2.99968,249.811,0.0358948,0.181746,0,0.00379406
0.535,0.875,999.689,-15,2.99983,249.896,0.0358948,0.181746,0,0.00379406
0.535,0.885,999.835,-15,2.99991,249.945,0.0358948,0.181746,0,0.00379406
0.535,0.895,999.915,-15,2.99995,249.971,0.0358948,0.181746,0,0.00379406
0.535,0.905,999.957,-15,2.99998,249.985,0.0358948,0.181746,0,0.00379406
0.535,0.915,999.979,-15,2.99999,249.993,0.0358948,0.181746,0,0.00379406
0.535,0.925,999.99,-15,2.99999,249.996,0.0358948,0.181746,0,0.00379406
0.535,0.935,999.995,-15,3,249.998,0.0358948,0.181746,0,0.00379406
0.535,0.945,999.998,-15,3,249.999,0.0358948,0.181746,0,0.00379406
0.535,0.955,999.999,-15,3,250,0.0358948,0.181746,0,0.00379406
0.535,0.965,1000,-15,3,250,0.0358948,0.181746,0,0.00379406
0.535,0.975,1000,-15,3,250,0.0358948,0.181746,0,0.00379406
0.535,0.985,1000,-15,3,250,0.0358948,0.181746,0,0.00379406
0.535,0.995,1000,-15,3,250,0.0358948,0.181746,0,0.00379406
0.545,0.005,20.1494,8.59312,-10.9397,279.535,0.0503719,0.31661,0,0.00609711
0.545,0.015,20.2282,8.63031,-10.6911,281.346,0.0503719,0.31661,0,0.00609711
0.545,0.025,20.2805,8.6642,-10.4414,282.662,0.0503719,0.31661,0,0.00609711
0.545,0.035,20.3059,8.69488,-10.1907,283.462,0.0503719,0.31661,0,0.00609711
0.545,0.045,20.3048,8.72238,-9.93883,283.736,0.0503719,0.31661,0,0.00609711
0.545,0.055,20.2779,8.74666,-9.68591,283.484,0.0503719,0.31661,0,0.00609711
0.545,0.065,20.2263,8.76765,-9.43182,282.712,0.0503719,0.31661,0,0.00609711
0.545,0.075,20.1512,8.78524,-9.17649,281.429,0.0503719,0.31661,0,0.00609711
0.545,0.085,20.0539,8.7993,-8.9198,279.647,0.0503719,0.31661,0,0.00609711
0.545,0.095,19.9359,8.80967,-8.66169,277.385,0.0503719,0.31661,0,0.00609711
0.545,0.105,19.7983,8.81617,-8.40207,274.659,0.0503719,0.31661,0,0.00609711
0.545,0.115,19.6427,8.81862,-8.14088,271.488,0.0503719,0.31661,0,0.00609711
0.545,0.125,19.4702,8.81683,-7.8781,267.892,0.0503719,0.31661,0,0.00609711
0.545,0.135,19.2821,8.8106,-7.61371,263.891,0.0503719,0.31661,0,0.00609711
0.545,0.145,19.0795,8.79975,-7.34774,259.506,0.0503719,0.31661,0,0.00609711
0.545,0.155,18.8633,8.78409,-7.08026,254.756,0.0503719,0.31661,0,0.00609711
0.545,0.165,18.6343,8.76346,-6.81133,249.662,0.0503719,0.31661,0,0.00609711
0.545,0.175,18.3935,8.73771,-6.54108,244.246,0.0503719,0.31661,0,0.00609711
0.545,0.185,18.1415,8.70671,-6.26964,238.528,0.0503719,0.31661,0,0.00609711
0.545,0.195,17.8789,8.67034,-5.99715,232.532,0.0503719,0.31661,0,0.00609711
0.545,0.205,17.6062,8.6285,-5.72382,226.279,0.0503719,0.31661,0,0.00609711
0.545,0.215,17.3239,8.58113,-5.44982,219.795,0.0503719,0.31661,0,0.00609711
0.545,0.225,17.0325,8.52816,-5.17538,213.102,0.0503719,0.31661,0,0.00609711
0.545,0.235,16.7323,8.46956,-4.90072,206.228,0.0503719,0.31661,0,0.00609711
0.545,0.245,16.4237,8.40531,-4.6261,199.198,0.0503719,0.31661,0,0.00609711
0.545,0.255,16.1071,8.33538,-4.35176,192.041,0.0503719,0.31661,0,0.00609711
0.545,0.265,15.7892,8.25979,-4.07636,184.89,0.0503719,0.31661,0,0.00609711
0.545,0.275,15.4736,8.17888,-3.79931,177.826,0.0503719,0.31661,0,0.00609711
0.545,0.285,15.1498,8.09312,-3.52372,170.692,0.0503719,0.31661,0,0.00609711
0.545,0.295,14.8179,8.00269,-3.2499,163.515,0.0503719,0.31661,0,0.00609711
0.545,0.305,14.4786,7.90776,-2.97812,156.324,0.0503719,0.31661,0,0.00609711
0.545,0.315,14.1325,7.80851,-2.70869,149.152,0.0503719,0.31661,0,0.00609711
0.545,0.325,13.7803,7.70508,-2.44191,142.028,0.0503719,0.31661,0,0.00609711
0.545,0.335,13.4228,7.59763,-2.17814,134.985,0.0503719,0.31661,0,0.00609711
0.545,0.345,13.0613,7.48629,-1.91778,128.056,0.0503719,0.31661,0,0.00609711
0.545,0.355,12.6973,7.37113,-1.66131,121.278,0.0503719,0.31661,0,0.00609711
0.545,0.365,12.3329,7.2522,-1.40935,114.687,0.0503719,0.31661,0,0.00609711
0.545,0.375,11.9709,7.12947,-1.16268,108.325,0.0503719,0.31661,0,0.00609711
0.545,0.385,11.6147,7.00278,-0.922349,102.24,0.0503719,0.31661,0,0.00609711
0.545,0.395,11.2694,6.87187,-0.689793,96.4846,0.0503719,0.31661,0,0.00609711
0.545,0.405,10.9412,6.7362,-0.467,91.1251,0.0503719,0.31661,0,0.00609711
0.545,0.415,10.6389,6.59498,-0.256711,86.242,0.0503719,0.31661,0,0.00609711
0.545,0.425,10.3749,6.44542,-0.0626583,81.9347,0.0503719,0.31661,0,0.00609711
0.545,0.435,10.1705,6.27496,0.110112,78.3266,0.0503719,0.31661,0,0.00609711
0.545,0.445,10.0345,6.09055,0.255619,75.5744,0.0503719,0.31661,0,0.00609711
0.545,0.455,9.98019,5.89161,0.368118,73.8138,0.0503719,0.31661,0,0.00609711
0.545,0.465,10.0163,5.67462,0.443854,73.1255,0.0503719,0.31661,0,0.00609711
0.545,0.475,10.1362,5.43676,0.483321,73.48,0.0503719,0.31661,0,0.00609711
0.545,0.485,10.3115,5.17613,0.492,74.7099,0.0503719,0.31661,0,0.00609711
0.545,0.495,10.482,4.89037,0.478669,76.554,0.0503719,0.31661,0,0.00609711
0.545,0.505,9.99257,4.50249,0.468303,79.2312,0.0503719,0.31661,0,0.00609711
0.545,0.515,7.85364,3.59315,0.561305,83.782,0.0503719,0.31661,0,0.00609711
0.545,0.525,5.68242,1.79972,0.875318,86.4115,0.0503719,0.31661,0,0.00609711
0.545,0.535,4.79365,-0.692524,1.29398,84.2558,0.0503719,0.31661,0,0.00609711
0.545,0.545,4.50896,-3.48977,1.5378,80.2841,0.0503719,0.31661,0,0.00609711
0.545,0.555,4.66614,-6.4339,1.60948,76.7794,0.0503719,0.31661,0,0.00609711
0.545,0.565,5.69846,-9.25898,1.73533,76.4756,0.0503719,0.31661,0,0.00609711
0.545,0.575,8.64961,-11.4884,2.09916,83.1388,0.0503719,0.31661,0,0.00609711
0.545,0.585,15.5309,-12.9696,2.57017,96.3303,0.0503719,0.31661,0,0.00609711
0.545,0.595,29.5307,-13.8678,2.85155,109.354,0.0503719,0.31661,0,0.00609711
0.545,0.605,53.1411,-14.3888,2.88524,111.274,0.0503719,0.31661,0,0.00609711
0.545,0.615,85.5691,-14.6814,2.78889,99.0074,0.0503719,0.31661,0,0.00609711
0.545,0.625,124.523,-14.8362,2.68368,83.6606,0.0503719,0.31661,0,0.00609711
0.545,0.635,169.897,-14.9124,2.63289,76.4363,0.0503719,0.31661,0,0.00609711
0.545,0.645,223.546,-14.9485,2.63624,79.4091,0.0503719,0.31661,0,0.00609711
0.545,0.655,286.335,-14.9667,2.66859,89.5039,0.0503719,0.31661,0,0.00609711
0.545,0.665,357.002,-14.9769,2.71041,103.56,0.0503719,0.31661,0,0.00609711
0.545,0.675,432.855,-14.9835,2.75253,119.55,0.0503719,0.31661,0,0.00609711
0.545,0.685,510.665,-14.9881,2.79169,136.237,0.0503719,0.31661,0,0.00609711
0.545,0.695,587.236,-14.9914,2.82695,152.792,0.0503719,0.31661,0,0.00609711
0.545,0.705,659.755,-14.9938,2.85818,168.612,0.0503719,0.31661,0,0.00609711
0.545,0.715,726.012,-14.9956,2.88548,183.251,0.0503719,0.31661,0,0.00609711
0.545,0.725,784.517,-14.9969,2.90901,196.403,0.0503719,0.31661,0,0.00609711
0.545,0.735,834.52,-14.9979,2.929,207.889,0.0503719,0.31661,0,0.00609711
0.545,0.745,875.933,-14.9986,2.94567,217.648,0.0503719,0.31661,0,0.00609711
0.545,0.755,909.201,-14.9991,2.95929,225.715,0.0503719,0.31661,0,0.00609711
0.545,0.765,935.145,-14.9994,2.97018,232.202,0.0503719,0.31661,0,0.00609711
0.545,0.775,954.796,-14.9996,2.97867,237.275,0.0503719,0.31661,0,0.00609711
0.545,0.785,969.26,-14.9998,2.98512,241.131,0.0503719,0.31661,0,0.00609711
0.545,0.795,979.608,-14.9999,2.98988,243.978,0.0503719,0.31661,0,0.00609711
0.545,0.805,986.805,-14.9999,2.9933,246.018,0.0503719,0.31661,0,0.00609711
0.545,0.815,991.673,-15,2.99568,247.437,0.0503719,0.31661,0,0.00609711
0.545,0.825,994.875,-15,2.99729,248.394,0.0503719,0.31661,0,0.00609711
0.545,0.835,996.924,-15,2.99835,249.021,0.0503719,0.31661,0,0.00609711
0.545,0.845,998.2,-15,2.99902,249.419,0.0503719,0.31661,0,0.00609711
0.545,0.855,998.972,-15,2.99943,249.664,0.0503719,0.31661,0,0.00609711
0.545,0.865,999.428,-15,2.99968,249.811,0.0503719,0.31661,0,0.00609711
0.545,0.875,999.689,-15,2.99983,249.896,0.0503719,0.31661,0,0.00609711
0.545,0.885,999.835,-15,2.99991,249.945,0.0503719,0.31661,0,0.00609711
0.545,0.895,999.915,-15,2.99995,249.971,0.0503719,0.31661,0,0.00609711
0.545,0.905,999.957,-15,2.99998,249.985,0.0503719,0.31661,0,0.00609711
0.545,0.915,999.979,-15,2.99999,249.993,0.0503719,0.31661,0,0.00609711
0.545,0.925,999.99,-15,2.99999,249.996,0.0503719,0.31661,0,0.00609711
0.545,0.935,999.995,-15,3,249.998,0.0503719,0.31661,0,0.00609711
0.545,0.945,999.998,-15,3,249.999,0.0503719,0.31661,0,0.00609711
0.545,0.955,999.999,-15,3,250,0.0503719,0.31661,0,0.00609711
0.545,0.965,1000,-15,3,250,0.0503719,0.31661,0,0.00609711
0.545,0.975,1000,-15,3,250,0.0503719,0.31661,0,0.00609711
0.545,0.985,1000,-15,3,250,0.0503719,0.31661,0,0.00609711
0.545,0.995,1000,-15,3,250,0.0503719,0.31661,0,0.00609711
0.555,0.005,19.2655,8.69518,-10.8592,262.925,0.0691834,0.451473,0,0.00950743
0.555,0.015,19.3328,8.7319,-10.6118,264.439,0.0691834,0.451473,0,0.00950743
0.555,0.025,19.3772,8.76496,-10.3629,265.534,0.0691834,0.451473,0,0.00950743
0.555,0.035,19.3975,8.79461,-10.1128,266.174,0.0691834,0.451473,0,0.00950743
0.555,0.045,19.3936,8.82096,-9.86148,266.34,0.0691834,0.451473,0,0.00950743
0.555,0.055,19.3657,8.84404,-9.60905,266.025,0.0691834,0.451473,0,0.00950743
0.555,0.065,19.3147,8.8638,-9.35544,265.23,0.0691834,0.451473,0,0.00950743
0.555,0.075,19.2414,8.88016,-9.10061,263.963,0.0691834,0.451473,0,0.00950743
0.555,0.085,19.147,8.89301,-8.84448,262.232,0.0691834,0.451473,0,0.00950743
0.555,0.095,19.0327,8.9022,-8.58698,260.054,0.0691834,0.451473,0,0.00950743
0.555,0.105,18.8997,8.90759,-8.32806,257.442,0.0691834,0.451473,0,0.00950743
0.555,0.115,18.7492,8.90899,-8.06767,254.415,0.0691834,0.451473,0,0.00950743
0.555,0.125,18.5824,8.90624,-7.80579,250.99,0.0691834,0.451473,0,0.00950743
0.555,0.135,18.4005,8.89916,-7.54242,247.186,0.0691834,0.451473,0,0.00950743
0.555,0.145,18.2043,8.88756,-7.27759,243.024,0.0691834,0.451473,0,0.00950743
0.555,0.155,17.9948,8.87129,-7.01134,238.521,0.0691834,0.451473,0,0.00950743
0.555,0.165,17.773,8.85019,-6.74377,233.699,0.0691834,0.451473,0,0.00950743
0.555,0.175,17.5395,8.82411,-6.47497,228.577,0.0691834,0.451473,0,0.00950743
0.555,0.185,17.2951,8.79292,-6.20509,223.176,0.0691834,0.451473,0,0.00950743
0.555,0.195,17.0403,8.75653,-5.93426,217.518,0.0691834,0.451473,0,0.00950743
0.555,0.205,16.7757,8.71483,-5.66266,211.624,0.0691834,0.451473,0,0.00950743
0.555,0.215,16.5018,8.66776,-5.39049,205.517,0.0691834,0.451473,0,0.00950743
0.555,0.225,16.219,8.61526,-5.11795,199.22,0.0691834,0.451473,0,0.00950743
0.555,0.235,15.9278,8.5573,-4.84526,192.759,0.0691834,0.451473,0,0.00950743
0.555,0.245,15.6286,8.49385,-4.57267,186.159,0.0691834,0.451473,0,0.00950743
0.555,0.255,15.3216,8.4249,-4.30042,179.445,0.0691834,0.451473,0,0.00950743
0.555,0.265,15.0144,8.35045,-4.02694,172.757,0.0691834,0.451473,0,0.00950743
0.555,0.275,14.7088,8.27087,-3.75207,166.145,0.0691834,0.451473,0,0.00950743
0.555,0.285,14.3954,8.18655,-3.47873,159.471,0.0691834,0.451473,0,0.00950743
0.555,0.295,14.0747,8.09766,-3.20716,152.763,0.0691834,0.451473,0,0.00950743
0.555,0.305,13.7472,8.00437,-2.93767,146.05,0.0691834,0.451473,0,0.00950743
0.555,0.315,13.4137,7.90683,-2.67053,139.36,0.0691834,0.451473,0,0.00950743
0.555,0.325,13.0749,7.80517,-2.40609,132.722,0.0691834,0.451473,0,0.00950743
0.555,0.335,12.7319,7.69952,-2.1447,126.167,0.0691834,0.451473,0,0.00950743
0.555,0.345,12.3859,7.58999,-1.88679,119.726,0.0691834,0.451473,0,0.00950743
0.555,0.355,12.0385,7.47664,-1.63289,113.434,0.0691834,0.451473,0,0.00950743
0.555,0.365,11.692,7.35946,-1.38364,107.327,0.0691834,0.451473,0,0.00950743
0.555,0.375,11.3491,7.23839,-1.1399,101.445,0.0691834,0.451473,0,0.00950743
0.555,0.385,11.0136,7.11325,-0.902832,95.8342,0.0691834,0.451473,0,0.00950743
0.555,0.395,10.6905,6.98367,-0.674013,90.5495,0.0691834,0.451473,0,0.00950743
0.555,0.405,10.3865,6.84906,-0.455629,85.6567,0.0691834,0.451473,0,0.00950743
0.555,0.415,10.1106,6.7085,-0.250679,81.2385,0.0691834,0.451473,0,0.00950743
0.555,0.425,9.87527,6.55925,-0.0632333,77.3964,0.0691834,0.451473,0,0.00950743
0.555,0.435,9.70171,6.38844,0.101223,74.2563,0.0691834,0.451473,0,0.00950743
0.555,0.445,9.60016,6.20245,0.236474,71.9822,0.0691834,0.451473,0,0.00950743
0.555,0.455,9.5827,6.00077,0.337024,70.7009,0.0691834,0.451473,0,0.00950743
0.555,0.465,9.65582,5.77965,0.399859,70.4794,0.0691834,0.451473,0,0.00950743
0.555,0.475,9.81007,5.5361,0.426633,71.2689,0.0691834,0.451473,0,0.00950743
0.555,0.485,10.0133,5.26804,0.424101,72.8864,0.0691834,0.451473,0,0.00950743
0.555,0.495,10.2002,4.97277,0.402017,75.062,0.0691834,0.451473,0,0.00950743
0.555,0.505,9.52283,4.50677,0.39957,78.4239,0.0691834,0.451473,0,0.00950743
0.555,0.515,7.16363,3.35677,0.545572,83.5437,0.0691834,0.451473,0,0.00950743
0.555,0.525,5.38344,1.41277,0.917955,84.7297,0.0691834,0.451473,0,0.00950743
0.555,0.535,4.71952,-1.02032,1.30648,81.6832,0.0691834,0.451473,0,0.00950743
0.555,0.545,4.46352,-3.65874,1.48753,77.8724,0.0691834,0.451473,0,0.00950743
0.555,0.555,4.62407,-6.45593,1.54186,75.3301,0.0691834,0.451473,0,0.00950743
0.555,0.565,5.69,-9.18951,1.70843,76.9206,0.0691834,0.451473,0,0.00950743
0.555,0.575,8.72374,-11.4084,2.12543,85.678,0.0691834,0.451473,0,0.00950743
0.555,0.585,15.7665,-12.9228,2.61775,100.078,0.0691834,0.451473,0,0.00950743
0.555,0.595,30.0186,-13.8508,2.88733,112.791,0.0691834,0.451473,0,0.00950743
0.555,0.605,53.7785,-14.3877,2.89891,112.65,0.0691834,0.451473,0,0.00950743
0.555,0.615,85.9895,-14.6857,2.78567,98.0522,0.0691834,0.451473,0,0.00950743
0.555,0.625,124.461,-14.8404,2.67459,81.7952,0.0691834,0.451473,0,0.00950743
0.555,0.635,169.489,-14.9148,2.62564,74.9412,0.0691834,0.451473,0,0.00950743
0.555,0.645,223.098,-14.9496,2.63242,78.5655,0.0691834,0.451473,0,0.00950743
0.555,0.655,286.015,-14.9671,2.667,89.1092,0.0691834,0.451473,0,0.00950743
0.555,0.665,356.822,-14.9771,2.70983,103.395,0.0691834,0.451473,0,0.00950743
0.555,0.675,432.769,-14.9836,2.75234,119.486,0.0691834,0.451473,0,0.00950743
0.555,0.685,510.628,-14.9881,2.79163,136.214,0.0691834,0.451473,0,0.00950743
0.555,0.695,587.222,-14.9914,2.82693,152.785,0.0691834,0.451473,0,0.00950743
0.555,0.705,659.75,-14.9938,2.85817,168.61,0.0691834,0.451473,0,0.00950743
0.555,0.715,726.01,-14.9956,2.88548,183.25,0.0691834,0.451473,0,0.00950743
0.555,0.725,784.517,-14.9969,2.90901,196.402,0.0691834,0.451473,0,0.00950743
0.555,0.735,834.52,-14.9979,2.929,207.889,0.0691834,0.451473,0,0.00950743
0.555,0.745,875.933,-14.9986,2.94567,217.647,0.0691834,0.451473,0,0.00950743
0.555,0.755,909.201,-14.9991,2.95929,225.715,0.0691834,0.451473,0,0.00950743
0.555,0.765,935.145,-14.9994,2.97018,232.202,0.0691834,0.451473,0,0.00950743
0.555,0.775,954.796,-14.9996,2.97867,237.275,0.0691834,0.451473,0,0.00950743
0.555,0.785,969.26,-14.9998,2.98512,241.131,0.0691834,0.451473,0,0.00950743
0.555,0.795,979.608,-14.9999,2.98988,243.978,0.0691834,0.451473,0,0.00950743
0.555,0.805,986.805,-14.9999,2.9933,246.018,0.0691834,0.451473,0,0.00950743
0.555,0.815,991.673,-15,2.99568,247.437,0.0691834,0.451473,0,0.00950743
0.555,0.825,994.875,-15,2.99729,248.394,0.0691834,0.451473,0,0.00950743
0.555,0.835,996.924,-15,2.99835,249.021,0.0691834,0.451473,0,0.00950743
0.555,0.845,998.2,-15,2.99902,249.419,0.0691834,0.451473,0,0.00950743
0.555,0.855,998.972,-15,2.99943,249.664,0.0691834,0.451473,0,0.00950743
0.555,0.865,999.428,-15,2.99968,249.811,0.0691834,0.451473,0,0.00950743
0.555,0.875,999.689,-15,2.99983,249.896,0.0691834,0.451473,0,0.00950743
0.555,0.885,999.835,-15,2.99991,249.945,0.0691834,0.451473,0,0.00950743
0.555,0.895,999.915,-15,2.99995,249.971,0.0691834,0.451473,0,0.00950743
0.555,0.905,999.957,-15,2.99998,249.985,0.0691834,0.451473,0,0.00950743
0.555,0.915,999.979,-15,2.99999,249.993,0.0691834,0.451473,0,0.00950743
0.555,0.925,999.99,-15,2.99999,249.996,0.0691834,0.451473,0,0.00950743
0.555,0.935,999.995,-15,3,249.998,0.0691834,0.451473,0,0.00950743
0.555,0.945,999.998,-15,3,249.999,0.0691834,0.451473,0,0.00950743
0.555,0.955,999.999,-15,3,250,0.0691834,0.451473,0,0.00950743
0.555,0.965,1000,-15,3,250,0.0691834,0.451473,0,0.00950743
0.555,0.975,1000,-15,3,250,0.0691834,0.451473,0,0.00950743
0.555,0.985,1000,-15,3,250,0.0691834,0.451473,0,0.00950743
0.555,0.995,1000,-15,3,250,0.0691834,0.451473,0,0.00950743
0.565,0.005,18.4287,8.79341,-10.7786,247.475,0.0932372,0.586337,0,0.0144373
0.565,0.015,18.4796,8.83074,-10.5331,248.62,0.0932372,0.586337,0,0.0144373
0.565,0.025,18.5135,8.86362,-10.2856,249.458,0.0932372,0.586337,0,0.0144373
0.565,0.035,18.5272,8.89266,-10.0364,249.919,0.0932372,0.586337,0,0.0144373
0.565,0.045,18.5194,8.91815,-9.78589,249.967,0.0932372,0.586337,0,0.0144373
0.565,0.055,18.4899,8.94023,-9.53411,249.584,0.0932372,0.586337,0,0.0144373
0.565,0.065,18.4388,8.95892,-9.28112,248.765,0.0932372,0.586337,0,0.0144373
0.565,0.075,18.367,8.97417,-9.02689,247.512,0.0932372,0.586337,0,0.0144373
0.565,0.085,18.2752,8.98592,-8.7714,245.831,0.0932372,0.586337,0,0.0144373
0.565,0.095,18.1644,8.99403,-8.5146,243.734,0.0932372,0.586337,0,0.0144373
0.565,0.105,18.0358,8.99838,-8.25644,241.234,0.0932372,0.586337,0,0.0144373
0.565,0.115,17.8903,8.99882,-7.99691,238.347,0.0932372,0.586337,0,0.0144373
0.565,0.125,17.7291,8.99519,-7.73598,235.089,0.0932372,0.586337,0,0.0144373
0.565,0.135,17.5531,8.98731,-7.47366,231.478,0.0932372,0.586337,0,0.0144373
0.565,0.145,17.3634,8.97504,-7.20998,227.532,0.0932372,0.586337,0,0.0144373
0.565,0.155,17.1607,8.95821,-6.94499,223.27,0.0932372,0.586337,0,0.0144373
0.565,0.165,16.946,8.93667,-6.67878,218.71,0.0932372,0.586337,0,0.0144373
0.565,0.175,16.7199,8.9103,-6.41145,213.871,0.0932372,0.586337,0,0.0144373
0.565,0.185,16.4831,8.87897,-6.14312,208.775,0.0932372,0.586337,0,0.0144373
0.565,0.195,16.2362,8.84258,-5.87394,203.441,0.0932372,0.586337,0,0.0144373
0.565,0.205,15.9798,8.80105,-5.60408,197.89,0.0932372,0.586337,0,0.0144373
0.565,0.215,15.7144,8.7543,-5.33372,192.145,0.0932372,0.586337,0,0.0144373
0.565,0.225,15.4404,8.70229,-5.06307,186.227,0.0932372,0.586337,0,0.0144373
0.565,0.235,15.1584,8.64497,-4.79233,180.159,0.0932372,0.586337,0,0.0144373
0.565,0.245,14.8686,8.58232,-4.52175,173.966,0.0932372,0.586337,0,0.0144373
0.565,0.255,14.5715,8.51434,-4.25156,167.673,0.0932372,0.586337,0,0.0144373
0.565,0.265,14.275,8.44103,-3.97999,161.422,0.0932372,0.586337,0,0.0144373
0.565,0.275,13.9796,8.36275,-3.70729,155.235,0.0932372,0.586337,0,0.0144373
0.565,0.285,13.6768,8.27985,-3.43615,148.996,0.0932372,0.586337,0,0.0144373
0.565,0.295,13.3673,8.19247,-3.16681,142.731,0.0932372,0.586337,0,0.0144373
0.565,0.305,13.0518,8.10077,-2.89956,136.467,0.0932372,0.586337,0,0.0144373
0.565,0.315,12.731,8.00489,-2.63471,130.23,0.0932372,0.586337,0,0.0144373
0.565,0.325,12.4057,7.90495,-2.37258,124.048,0.0932372,0.586337,0,0.0144373
0.565,0.335,12.0771,7.80105,-2.11356,117.95,0.0932372,0.586337,0,0.0144373
0.565,0.345,11.7464,7.69327,-1.8581,111.966,0.0932372,0.586337,0,0.0144373
0.565,0.355,11.4155,7.58164,-1.60676,106.13,0.0932372,0.586337,0,0.0144373
0.565,0.365,11.0864,7.46615,-1.36025,100.475,0.0932372,0.586337,0,0.0144373
0.565,0.375,10.7623,7.34666,-1.11952,95.0419,0.0932372,0.586337,0,0.0144373
0.565,0.385,10.4471,7.22294,-0.885819,89.8765,0.0932372,0.586337,0,0.0144373
0.565,0.395,10.1458,7.09455,-0.660906,85.0336,0.0932372,0.586337,0,0.0144373
0.565,0.405,9.8657,6.96082,-0.447189,80.5812,0.0932372,0.586337,0,0.0144373
0.565,0.415,9.61599,6.82066,-0.24797,76.6049,0.0932372,0.586337,0,0.0144373
0.565,0.425,9.40941,6.67146,-0.0676934,73.2104,0.0932372,0.586337,0,0.0144373
0.565,0.435,9.26719,6.49992,0.0876476,70.5273,0.0932372,0.586337,0,0.0144373
0.565,0.445,9.2016,6.3114,0.21159,68.7316,0.0932372,0.586337,0,0.0144373
0.565,0.455,9.22331,6.10557,0.298994,67.9427,0.0932372,0.586337,0,0.0144373
0.565,0.465,9.33666,5.87844,0.347787,68.2138,0.0932372,0.586337,0,0.0144373
0.565,0.475,9.52859,5.62681,0.361129,69.4724,0.0932372,0.586337,0,0.0144373
0.565,0.485,9.76222,5.34859,0.34748,71.5096,0.0932372,0.586337,0,0.0144373
0.565,0.495,9.96435,5.04086,0.318025,74.0294,0.0932372,0.586337,0,0.0144373
0.565,0.505,9.01142,4.43822,0.337734,78.3671,0.0932372,0.586337,0,0.0144373
0.565,0.515,6.5699,3.03567,0.55273,83.3609,0.0932372,0.586337,0,0.0144373
0.565,0.525,5.22094,1.01614,0.966946,82.905,0.0932372,0.586337,0,0.0144373
0.565,0.535,4.69115,-1.29852,1.30468,79.405,0.0932372,0.586337,0,0.0144373
0.565,0.545,4.43687,-3.76839,1.43476,76.0278,0.0932372,0.586337,0,0.0144373
0.565,0.555,4.60965,-6.41996,1.49097,74.7827,0.0932372,0.586337,0,0.0144373
0.565,0.565,5.71964,-9.07975,1.70486,78.3847,0.0932372,0.586337,0,0.0144373
0.565,0.575,8.83743,-11.313,2.16703,88.9968,0.0932372,0.586337,0,0.0144373
0.565,0.585,16.0432,-12.8735,2.6715,104.271,0.0932372,0.586337,0,0.0144373
0.565,0.595,30.5443,-13.835,2.9238,116.294,0.0932372,0.586337,0,0.0144373
0.565,0.605,54.4188,-14.3882,2.91075,113.738,0.0932372,0.586337,0,0.0144373
0.565,0.615,86.3554,-14.691,2.78033,96.7389,0.0932372,0.586337,0,0.0144373
0.565,0.625,124.326,-14.8449,2.66441,79.76,0.0932372,0.586337,0,0.0144373
0.565,0.635,169.045,-14.9172,2.61823,73.4422,0.0932372,0.586337,0,0.0144373
0.565,0.645,222.655,-14.9506,2.62876,77.7668,0.0932372,0.586337,0,0.0144373
0.565,0.655,285.717,-14.9674,2.66555,88.7518,0.0932372,0.586337,0,0.0144373
0.565,0.665,356.663,-14.9772,2.70932,103.251,0.0932372,0.586337,0,0.0144373
0.565,0.675,432.696,-14.9836,2.75217,119.433,0.0932372,0.586337,0,0.0144373
0.565,0.685,510.598,-14.9881,2.79157,136.195,0.0932372,0.586337,0,0.0144373
0.565,0.695,587.211,-14.9914,2.82691,152.778,0.0932372,0.586337,0,0.0144373
0.565,0.705,659.746,-14.9938,2.85817,168.608,0.0932372,0.586337,0,0.0144373
0.565,0.715,726.009,-14.9956,2.88547,183.25,0.0932372,0.586337,0,0.0144373
0.565,0.725,784.516,-14.9969,2.90901,196.402,0.0932372,0.586337,0,0.0144373
0.565,0.735,834.52,-14.9979,2.929,207.889,0.0932372,0.586337,0,0.0144373
0.565,0.745,875.932,-14.9986,2.94567,217.647,0.0932372,0.586337,0,0.0144373
0.565,0.755,909.201,-14.9991,2.95929,225.715,0.0932372,0.586337,0,0.0144373
0.565,0.765,935.145,-14.9994,2.97018,232.202,0.0932372,0.586337,0,0.0144373
0.565,0.775,954.796,-14.9996,2.97867,237.275,0.0932372,0.586337,0,0.0144373
0.565,0.785,969.26,-14.9998,2.98512,241.131,0.0932372,0.586337,0,0.0144373
0.565,0.795,979.608,-14.9999,2.98988,243.978,0.0932372,0.586337,0,0.0144373
0.565,0.805,986.805,-14.9999,2.9933,246.018,0.0932372,0.586337,0,0.0144373
0.565,0.815,991.673,-15,2.99568,247.437,0.0932372,0.586337,0,0.0144373
0.565,0.825,994.875,-15,2.99729,248.394,0.0932372,0.586337,0,0.0144373
0.565,0.835,996.924,-15,2.99835,249.021,0.0932372,0.586337,0,0.0144373
0.565,0.845,998.2,-15,2.99902,249.419,0.0932372,0.586337,0,0.0144373
0.565,0.855,998.972,-15,2.99943,249.664,0.0932372,0.586337,0,0.0144373
0.565,0.865,999.428,-15,2.99968,249.811,0.0932372,0.586337,0,0.0144373
0.565,0.875,999.689,-15,2.99983,249.896,0.0932372,0.586337,0,0.0144373
0.565,0.885,999.835,-15,2.99991,249.945,0.0932372,0.586337,0,0.0144373
0.565,0.895,999.915,-15,2.99995,249.971,0.0932372,0.586337,0,0.0144373
0.565,0.905,999.957,-15,2.99998,249.985,0.0932372,0.586337,0,0.0144373
0.565,0.915,999.979,-15,2.99999,249.993,0.0932372,0.586337,0,0.0144373
0.565,0.925,999.99,-15,2.99999,249.996,0.0932372,0.586337,0,0.0144373
0.565,0.935,999.995,-15,3,249.998,0.0932372,0.586337,0,0.0144373
0.565,0.945,999.998,-15,3,249.999,0.0932372,0.586337,0,0.0144373
0.565,0.955,999.999,-15,3,250,0.0932372,0.586337,0,0.0144373
0.565,0.965,1000,-15,3,250,0.0932372,0.586337,0,0.0144373
0.565,0.975,1000,-15,3,250,0.0932372,0.586337,0,0.0144373
0.565,0.985,1000,-15,3,250,0.0932372,0.586337,0,0.0144373
0.565,0.995,1000,-15,3,250,0.0932372,0.586337,0,0.0144373
0.575,0.005,17.652,8.88471,-10.6958,233.393,0.12356,0.7212,0,0.0214135
0.575,0.015,17.6763,8.92495,-10.454,233.996,0.12356,0.7212,0,0.0214135
0.575,0.025,17.6936,8.95903,-10.2087,234.48,0.12356,0.7212,0,0.0214135
0.575,0.035,17.6971,8.9883,-9.96112,234.708,0.12356,0.7212,0,0.0214135
0.575,0.045,17.6834,9.01348,-9.71174,234.607,0.12356,0.7212,0,0.0214135
0.575,0.055,17.6507,9.03492,-9.46089,234.139,0.12356,0.7212,0,0.0214135
0.575,0.065,17.5988,9.05279,-9.20869,233.284,0.12356,0.7212,0,0.0214135
0.575,0.075,17.5278,9.06714,-8.95522,232.037,0.12356,0.7212,0,0.0214135
0.575,0.085,17.438,9.07793,-8.70048,230.401,0.12356,0.7212,0,0.0214135
0.575,0.095,17.3305,9.0851,-8.44446,228.381,0.12356,0.7212,0,0.0214135
0.575,0.105,17.2059,9.08853,-8.18714,225.988,0.12356,0.7212,0,0.0214135
0.575,0.115,17.0652,9.08809,-7.92852,223.236,0.12356,0.7212,0,0.0214135
0.575,0.125,16.9093,9.08365,-7.66858,220.14,0.12356,0.7212,0,0.0214135
0.575,0.135,16.7392,9.07506,-7.40734,216.714,0.12356,0.7212,0,0.0214135
0.575,0.145,16.5558,9.06216,-7.14485,212.977,0.12356,0.7212,0,0.0214135
0.575,0.155,16.3599,9.04483,-6.88114,208.946,0.12356,0.7212,0,0.0214135
0.575,0.165,16.1522,9.02292,-6.61631,204.639,0.12356,0.7212,0,0.0214135
0.575,0.175,15.9335,8.9963,-6.35045,200.073,0.12356,0.7212,0,0.0214135
0.575,0.185,15.7044,8.96486,-6.08368,195.269,0.12356,0.7212,0,0.0214135
0.575,0.195,15.4655,8.92851,-5.81615,190.246,0.12356,0.7212,0,0.0214135
0.575,0.205,15.2173,8.88717,-5.54802,185.023,0.12356,0.7212,0,0.0214135
0.575,0.215,14.9605,8.84076,-5.27946,179.622,0.12356,0.7212,0,0.0214135
0.575,0.225,14.6954,8.78924,-5.01067,174.064,0.12356,0.7212,0,0.0214135
0.575,0.235,14.4226,8.73258,-4.74186,168.37,0.12356,0.7212,0,0.0214135
0.575,0.245,14.1424,8.67074,-4.47327,162.564,0.12356,0.7212,0,0.0214135
0.575,0.255,13.8554,8.60372,-4.20513,156.668,0.12356,0.7212,0,0.0214135
0.575,0.265,13.5696,8.53154,-3.93546,150.828,0.12356,0.7212,0,0.0214135
0.575,0.275,13.2843,8.45454,-3.6649,145.044,0.12356,0.7212,0,0.0214135
0.575,0.285,12.9923,8.37301,-3.39592,139.215,0.12356,0.7212,0,0.0214135
0.575,0.295,12.6942,8.28711,-3.12878,133.367,0.12356,0.7212,0,0.0214135
0.575,0.305,12.3906,8.19697,-2.86375,127.525,0.12356,0.7212,0,0.0214135
0.575,0.315,12.0825,8.1027,-2.60115,121.714,0.12356,0.7212,0,0.0214135
0.575,0.325,11.7707,8.00441,-2.34132,115.96,0.12356,0.7212,0,0.0214135
0.575,0.335,11.4564,7.90219,-2.08466,110.291,0.12356,0.7212,0,0.0214135
0.575,0.345,11.1409,7.7961,-1.83165,104.736,0.12356,0.7212,0,0.0214135
0.575,0.355,10.8262,7.68612,-1.58291,99.3264,0.12356,0.7212,0,0.0214135
0.575,0.365,10.5145,7.57219,-1.3392,94.0962,0.12356,0.7212,0,0.0214135
0.575,0.375,10.2089,7.45415,-1.10156,89.0851,0.12356,0.7212,0,0.0214135
0.575,0.385,9.9137,7.33167,-0.871398,84.3396,0.12356,0.7212,0,0.0214135
0.575,0.395,9.63432,7.20424,-0.650652,79.9163,0.12356,0.7212,0,0.0214135
0.575,0.405,9.37825,7.071,-0.442012,75.8866,0.12356,0.7212,0,0.0214135
0.575,0.415,9.15553,6.93067,-0.249153,72.3416,0.12356,0.7212,0,0.0214135
0.575,0.425,8.9794,6.78074,-0.0769696,69.3953,0.12356,0.7212,0,0.0214135
0.575,0.435,8.8712,6.60753,0.0679276,67.1828,0.12356,0.7212,0,0.0214135
0.575,0.445,8.8465,6.41425,0.178835,65.9024,0.12356,0.7212,0,0.0214135
0.575,0.455,8.91405,6.20118,0.251274,65.6652,0.12356,0.7212,0,0.0214135
0.575,0.465,9.07518,5.96398,0.284728,66.5039,0.12356,0.7212,0,0.0214135
0.575,0.475,9.31153,5.69966,0.284751,68.3065,0.12356,0.7212,0,0.0214135
0.575,0.485,9.57851,5.40696,0.262177,70.8112,0.12356,0.7212,0,0.0214135
0.575,0.495,9.79233,5.0828,0.230061,73.6767,0.12356,0.7212,0,0.0214135
0.575,0.505,8.45276,4.25608,0.293161,79.3032,0.12356,0.7212,0,0.0214135
0.575,0.515,6.16695,2.65117,0.589343,83.0443,0.12356,0.7212,0,0.0214135
0.575,0.525,5.18288,0.640542,1.0148,81.1171,0.12356,0.7212,0,0.0214135
0.575,0.535,4.69775,-1.5165,1.29264,77.6392,0.12356,0.7212,0,0.0214135
0.575,0.545,4.43761,-3.80985,1.39056,75.0541,0.12356,0.7212,0,0.0214135
0.575,0.555,4.63564,-6.3208,1.4664,75.394,0.12356,0.7212,0,0.0214135
0.575,0.565,5.7927,-8.93239,1.72649,80.9277,0.12356,0.7212,0,0.0214135
0.575,0.575,8.98998,-11.2059,2.22238,93.0436,0.12356,0.7212,0,0.0214135
0.575,0.585,16.3591,-12.8234,2.73018,108.839,0.12356,0.7212,0,0.0214135
0.575,0.595,31.1041,-13.8212,2.96018,119.78,0.12356,0.7212,0,0.0214135
0.575,0.605,55.0527,-14.3905,2.92024,114.457,0.12356,0.7212,0,0.0214135
0.575,0.615,86.6572,-14.6973,2.77271,95.0442,0.12356,0.7212,0,0.0214135
0.575,0.625,124.117,-14.8498,2.65321,77.5747,0.12356,0.7212,0,0.0214135
0.575,0.635,168.57,-14.9197,2.61077,71.9587,0.12356,0.7212,0,0.0214135
0.575,0.645,222.222,-14.9516,2.6253,77.0202,0.12356,0.7212,0,0.0214135
0.575,0.655,285.443,-14.9678,2.66424,88.4325,0.12356,0.7212,0,0.0214135
0.575,0.665,356.523,-14.9773,2.70888,103.128,0.12356,0.7212,0,0.0214135
0.575,0.675,432.634,-14.9836,2.75203,119.388,0.12356,0.7212,0,0.0214135
0.575,0.685,510.574,-14.9881,2.79153,136.18,0.12356,0.7212,0,0.0214135
0.575,0.695,587.202,-14.9914,2.8269,152.773,0.12356,0.7212,0,0.0214135
0.575,0.705,659.743,-14.9938,2.85817,168.606,0.12356,0.7212,0,0.0214135
0.575,0.715,726.008,-14.9956,2.88547,183.249,0.12356,0.7212,0,0.0214135
0.575,0.725,784.516,-14.9969,2.90901,196.402,0.12356,0.7212,0,0.0214135
0.575,0.735,834.52,-14.9979,2.929,207.889,0.12356,0.7212,0,0.0214135
0.575,0.745,875.932,-14.9986,2.94567,217.647,0.12356,0.7212,0,0.0214135
0.575,0.755,909.201,-14.9991,2.95929,225.715,0.12356,0.7212,0,0.0214135
0.575,0.765,935.145,-14.9994,2.97018,232.202,0.12356,0.7212,0,0.0214135
0.575,0.775,954.796,-14.9996,2.97867,237.275,0.12356,0.7212,0,0.0214135
0.575,0.785,969.26,-14.9998,2.98512,241.131,0.12356,0.7212,0,0.0214135
0.575,0.795,979.608,-14.9999,2.98988,243.978,0.12356,0.7212,0,0.0214135
0.575,0.805,986.805,-14.9999,2.9933,246.018,0.12356,0.7212,0,0.0214135
0.575,0.815,991.673,-15,2.99568,247.437,0.12356,0.7212,0,0.0214135
0.575,0.825,994.875,-15,2.99729,248.394,0.12356,0.7212,0,0.0214135
0.575,0.835,996.924,-15,2.99835,249.021,0.12356,0.7212,0,0.0214135
0.575,0.845,998.2,-15,2.99902,249.419,0.12356,0.7212,0,0.0214135
0.575,0.855,998.972,-15,2.99943,249.664,0.12356,0.7212,0,0.0214135
0.575,0.865,999.428,-15,2.99968,249.811,0.12356,0.7212,0,0.0214135
0.575,0.875,999.689,-15,2.99983,249.896,0.12356,0.7212,0,0.0214135
0.575,0.885,999.835,-15,2.99991,249.945,0.12356,0.7212,0,0.0214135
0.575,0.895,999.915,-15,2.99995,249.971,0.12356,0.7212,0,0.0214135
0.575,0.905,999.957,-15,2.99998,249.985,0.12356,0.7212,0,0.0214135
0.575,0.915,999.979,-15,2.99999,249.993,0.12356,0.7212,0,0.0214135
0.575,0.925,999.99,-15,2.99999,249.996,0.12356,0.7212,0,0.0214135
0.575,0.935,999.995,-15,3,249.998,0.12356,0.7212,0,0.0214135
0.575,0.945,999.998,-15,3,249.999,0.12356,0.7212,0,0.0214135
0.575,0.955,999.999,-15,3,250,0.12356,0.7212,0,0.0214135
0.575,0.965,1000,-15,3,250,0.12356,0.7212,0,0.0214135
0.575,0.975,1000,-15,3,250,0.12356,0.7212,0,0.0214135
0.575,0.985,1000,-15,3,250,0.12356,0.7212,0,0.0214135
0.575,0.995,1000,-15,3,250,0.12356,0.7212,0,0.0214135
0.585,0.005,16.9651,8.96204,-10.6062,221.171,0.161303,0.856064,0,0.0310999
0.585,0.015,16.9406,9.01022,-10.3715,220.847,0.161303,0.856064,0,0.0310999
0.585,0.025,16.9283,9.0485,-10.1306,220.756,0.161303,0.856064,0,0.0310999
0.585,0.035,16.9138,9.07983,-9.88583,220.622,0.161303,0.856064,0,0.0310999
0.585,0.045,16.8892,9.10584,-9.63837,220.296,0.161303,0.856064,0,0.0310999
0.585,0.055,16.8505,9.12738,-9.38892,219.696,0.161303,0.856064,0,0.0310999
0.585,0.065,16.7958,9.14494,-9.13786,218.777,0.161303,0.856064,0,0.0310999
0.585,0.075,16.7241,9.15872,-8.88537,217.518,0.161303,0.856064,0,0.0310999
0.585,0.085,16.6356,9.16882,-8.63155,215.911,0.161303,0.856064,0,0.0310999
0.585,0.095,16.5305,9.17523,-8.37644,213.958,0.161303,0.856064,0,0.0310999
0.585,0.105,16.4095,9.17789,-8.12005,211.663,0.161303,0.856064,0,0.0310999
0.585,0.115,16.2732,9.1767,-7.86241,209.038,0.161303,0.856064,0,0.0310999
0.585,0.125,16.1224,9.17156,-7.60352,206.095,0.161303,0.856064,0,0.0310999
0.585,0.135,15.958,9.16234,-7.34341,202.847,0.161303,0.856064,0,0.0310999
0.585,0.145,15.7808,9.14891,-7.08213,199.311,0.161303,0.856064,0,0.0310999
0.585,0.155,15.5914,9.13114,-6.81973,195.501,0.161303,0.856064,0,0.0310999
0.585,0.165,15.3907,9.1089,-6.55629,191.435,0.161303,0.856064,0,0.0310999
0.585,0.175,15.1793,9.08209,-6.2919,187.131,0.161303,0.856064,0,0.0310999
0.585,0.185,14.9578,9.05059,-6.0267,182.606,0.161303,0.856064,0,0.0310999
0.585,0.195,14.7269,9.01431,-5.76081,177.879,0.161303,0.856064,0,0.0310999
0.585,0.205,14.4871,8.97318,-5.49439,172.97,0.161303,0.856064,0,0.0310999
0.585,0.215,14.2389,8.92714,-5.22762,167.896,0.161303,0.856064,0,0.0310999
0.585,0.225,13.9828,8.87613,-4.96069,162.68,0.161303,0.856064,0,0.0310999
0.585,0.235,13.7192,8.82012,-4.69379,157.341,0.161303,0.856064,0,0.0310999
0.585,0.245,13.4487,8.75909,-4.42716,151.901,0.161303,0.856064,0,0.0310999
0.585,0.255,13.1717,8.69303,-4.16103,146.382,0.161303,0.856064,0,0.0310999
0.585,0.265,12.8966,8.62196,-3.89327,140.928,0.161303,0.856064,0,0.0310999
0.585,0.275,12.6215,8.54621,-3.62482,135.523,0.161303,0.856064,0,0.0310999
0.585,0.285,12.3403,8.46603,-3.35799,130.081,0.161303,0.856064,0,0.0310999
0.585,0.295,12.0536,8.38156,-3.09301,124.626,0.161303,0.856064,0,0.0310999
0.585,0.305,11.7621,8.29292,-2.83018,119.181,0.161303,0.856064,0,0.0310999
0.585,0.315,11.4667,8.2002,-2.56981,113.77,0.161303,0.856064,0,0.0310999
0.585,0.325,11.1683,8.1035,-2.31227,108.419,0.161303,0.856064,0,0.0310999
0.585,0.335,10.8682,8.00288,-2.05798,103.153,0.161303,0.856064,0,0.0310999
0.585,0.345,10.5679,7.89835,-1.80746,98.0016,0.161303,0.856064,0,0.0310999
0.585,0.355,10.2693,7.78987,-1.56138,92.9942,0.161303,0.856064,0,0.0310999
0.585,0.365,9.97492,7.67733,-1.32058,88.1656,0.161303,0.856064,0,0.0310999
0.585,0.375,9.68815,7.56046,-1.08623,83.5562,0.161303,0.856064,0,0.0310999
0.585,0.385,9.41345,7.43885,-0.859917,79.2146,0.161303,0.856064,0,0.0310999
0.585,0.395,9.15691,7.31178,-0.643845,75.2015,0.161303,0.856064,0,0.0310999
0.585,0.405,8.92686,7.17814,-0.441088,71.5959,0.161303,0.856064,0,0.0310999
0.585,0.415,8.73455,7.0362,-0.255842,68.5004,0.161303,0.856064,0,0.0310999
0.585,0.425,8.59479,6.88322,-0.0936017,66.0466,0.161303,0.856064,0,0.0310999
0.585,0.435,8.52869,6.70588,0.0382758,64.3788,0.161303,0.856064,0,0.0310999
0.585,0.445,8.55785,6.50229,0.132993,63.7351,0.161303,0.856064,0,0.0310999
0.585,0.455,8.68742,6.27442,0.187683,64.2136,0.161303,0.856064,0,0.0310999
0.585,0.465,8.91279,6.01788,0.205197,65.7984,0.161303,0.856064,0,0.0310999
0.585,0.475,9.20518,5.73139,0.195524,68.2879,0.161303,0.856064,0,0.0310999
0.585,0.485,9.50624,5.41683,0.173049,71.3062,0.161303,0.856064,0,0.0310999
0.585,0.495,9.71832,5.07037,0.153079,74.4596,0.161303,0.856064,0,0.0310999
0.585,0.505,7.91898,3.93477,0.282761,81.267,0.161303,0.856064,0,0.0310999
0.585,0.515,6.01727,2.2412,0.658502,82.6202,0.161303,0.856064,0,0.0310999
0.585,0.525,5.24207,0.316737,1.05897,79.7477,0.161303,0.856064,0,0.0310999
0.585,0.535,4.73839,-1.66025,1.28275,76.806,0.161303,0.856064,0,0.0310999
0.585,0.545,4.48603,-3.76785,1.36961,75.4661,0.161303,0.856064,0,0.0310999
0.585,0.555,4.71539,-6.1563,1.47562,77.4202,0.161303,0.856064,0,0.0310999
0.585,0.565,5.91052,-8.75373,1.77213,84.5327,0.161303,0.856064,0,0.0310999
0.585,0.575,9.17829,-11.0915,2.28896,97.7255,0.161303,0.856064,0,0.0310999
0.585,0.585,16.7116,-12.7746,2.79246,113.695,0.161303,0.856064,0,0.0310999
0.585,0.595,31.6934,-13.81,2.9957,123.153,0.161303,0.856064,0,0.0310999
0.585,0.605,55.6701,-14.3949,2.9269,114.73,0.161303,0.856064,0,0.0310999
0.585,0.615,86.8855,-14.7048,2.76265,92.9535,0.161303,0.856064,0,0.0310999
0.585,0.625,123.835,-14.8548,2.64107,75.2651,0.161303,0.856064,0,0.0310999
0.585,0.635,168.073,-14.9221,2.60335,70.5104,0.161303,0.856064,0,0.0310999
0.585,0.645,221.807,-14.9525,2.62207,76.3315,0.161303,0.856064,0,0.0310999
0.585,0.655,285.195,-14.9681,2.66308,88.1509,0.161303,0.856064,0,0.0310999
0.585,0.665,356.402,-14.9774,2.70851,103.023,0.161303,0.856064,0,0.0310999
0.585,0.675,432.583,-14.9836,2.75192,119.352,0.161303,0.856064,0,0.0310999
0.585,0.685,510.554,-14.9881,2.7915,136.168,0.161303,0.856064,0,0.0310999
0.585,0.695,587.195,-14.9914,2.82689,152.77,0.161303,0.856064,0,0.0310999
0.585,0.705,659.741,-14.9938,2.85816,168.605,0.161303,0.856064,0,0.0310999
0.585,0.715,726.007,-14.9956,2.88547,183.249,0.161303,0.856064,0,0.0310999
0.585,0.725,784.516,-14.9969,2.90901,196.402,0.161303,0.856064,0,0.0310999
0.585,0.735,834.52,-14.9979,2.929,207.889,0.161303,0.856064,0,0.0310999
0.585,0.745,875.932,-14.9986,2.94567,217.647,0.161303,0.856064,0,0.0310999
0.585,0.755,909.201,-14.9991,2.95929,225.715,0.161303,0.856064,0,0.0310999
0.585,0.765,935.145,-14.9994,2.97018,232.202,0.161303,0.856064,0,0.0310999
0.585,0.775,954.796,-14.9996,2.97867,237.275,0.161303,0.856064,0,0.0310999
0.585,0.785,969.26,-14.9998,2.98512,241.131,0.161303,0.856064,0,0.0310999
0.585,0.795,979.608,-14.9999,2.98988,243.978,0.161303,0.856064,0,0.0310999
0.585,0.805,986.805,-14.9999,2.9933,246.018,0.161303,0.856064,0,0.0310999
0.585,0.815,991.673,-15,2.99568,247.437,0.161303,0.856064,0,0.0310999
0.585,0.825,994.875,-15,2.99729,248.394,0.161303,0.856064,0,0.0310999
0.585,0.835,996.924,-15,2.99835,249.021,0.161303,0.856064,0,0.0310999
0.585,0.845,998.2,-15,2.99902,249.419,0.161303,0.856064,0,0.0310999
0.585,0.855,998.972,-15,2.99943,249.664,0.161303,0.856064,0,0.0310999
0.585,0.865,999.428,-15,2.99968,249.811,0.161303,0.856064,0,0.0310999
0.585,0.875,999.689,-15,2.99983,249.896,0.161303,0.856064,0,0.0310999
0.585,0.885,999.835,-15,2.99991,249.945,0.161303,0.856064,0,0.0310999
0.585,0.895,999.915,-15,2.99995,249.971,0.161303,0.856064,0,0.0310999
0.585,0.905,999.957,-15,2.99998,249.985,0.161303,0.856064,0,0.0310999
0.585,0.915,999.979,-15,2.99999,249.993,0.161303,0.856064,0,0.0310999
0.585,0.925,999.99,-15,2.99999,249.996,0.161303,0.856064,0,0.0310999
0.585,0.935,999.995,-15,3,249.998,0.161303,0.856064,0,0.0310999
0.585,0.945,999.998,-15,3,249.999,0.161303,0.856064,0,0.0310999
0.585,0.955,999.999,-15,3,250,0.161303,0.856064,0,0.0310999
0.585,0.965,1000,-15,3,250,0.161303,0.856064,0,0.0310999
0.585,0.975,1000,-15,3,250,0.161303,0.856064,0,0.0310999
0.585,0.985,1000,-15,3,250,0.161303,0.856064,0,0.0310999
0.585,0.995,1000,-15,3,250,0.161303,0.856064,0,0.0310999
0.595,0.005,16.432,9.00963,-10.4995,211.925,0.207753,0.990927,0,0.0443228
0.595,0.015,16.3122,9.07669,-10.2795,209.842,0.207753,0.990927,0,0.0443228
0.595,0.025,16.2421,9.12582,-10.0475,208.683,0.207753,0.990927,0,0.0443228
0.595,0.035,16.1925,9.16327,-9.80817,207.896,0.207753,0.990927,0,0.0443228
0.595,0.045,16.1466,9.19262,-9.56426,207.17,0.207753,0.990927,0,0.0443228
0.595,0.055,16.0953,9.21587,-9.31724,206.33,0.207753,0.990927,0,0.0443228
0.595,0.065,16.0335,9.23415,-9.06796,205.278,0.207753,0.990927,0,0.0443228
0.595,0.075,15.9585,9.24808,-8.81688,203.962,0.207753,0.990927,0,0.0443228
0.595,0.085,15.8693,9.25798,-8.56427,202.356,0.207753,0.990927,0,0.0443228
0.595,0.095,15.7654,9.26398,-8.31027,200.447,0.207753,0.990927,0,0.0443228
0.595,0.105,15.6469,9.26614,-8.05497,198.234,0.207753,0.990927,0,0.0443228
0.595,0.115,15.5143,9.26441,-7.79842,195.722,0.207753,0.990927,0,0.0443228
0.595,0.125,15.3682,9.25873,-7.54067,192.92,0.207753,0.990927,0,0.0443228
0.595,0.135,15.209,9.24901,-7.28175,189.838,0.207753,0.990927,0,0.0443228
0.595,0.145,15.0377,9.23514,-7.02172,186.49,0.207753,0.990927,0,0.0443228
0.595,0.155,14.8547,9.21702,-6.76065,182.891,0.207753,0.990927,0,0.0443228
0.595,0.165,14.6608,9.19454,-6.49862,179.055,0.207753,0.990927,0,0.0443228
0.595,0.175,14.4566,9.16759,-6.23573,174.999,0.207753,0.990927,0,0.0443228
0.595,0.185,14.2427,9.13607,-5.97209,170.74,0.207753,0.990927,0,0.0443228
0.595,0.195,14.0197,9.09991,-5.70784,166.295,0.207753,0.990927,0,0.0443228
0.595,0.205,13.7882,9.05902,-5.44314,161.683,0.207753,0.990927,0,0.0443228
0.595,0.215,13.5486,9.01336,-5.17814,156.921,0.207753,0.990927,0,0.0443228
0.595,0.225,13.3014,8.96288,-4.91305,152.029,0.207753,0.990927,0,0.0443228
0.595,0.235,13.0471,8.90753,-4.64804,147.026,0.207753,0.990927,0,0.0443228
0.595,0.245,12.7863,8.8473,-4.38336,141.932,0.207753,0.990927,0,0.0443228
0.595,0.255,12.5194,8.78219,-4.11921,136.77,0.207753,0.990927,0,0.0443228
0.595,0.265,12.2548,8.71222,-3.85337,131.678,0.207753,0.990927,0,0.0443228
0.595,0.275,11.9901,8.63768,-3.587,126.631,0.207753,0.990927,0,0.0443228
0.595,0.285,11.7198,8.55881,-3.32229,121.554,0.207753,0.990927,0,0.0443228
0.595,0.295,11.4445,8.47571,-3.05946,116.469,0.207753,0.990927,0,0.0443228
0.595,0.305,11.165,8.38849,-2.79882,111.399,0.207753,0.990927,0,0.0443228
0.595,0.315,10.8823,8.29723,-2.54069,106.366,0.207753,0.990927,0,0.0443228
0.595,0.325,10.5974,8.202,-2.28546,101.395,0.207753,0.990927,0,0.0443228
0.595,0.335,10.3117,8.10281,-2.03359,96.5108,0.207753,0.990927,0,0.0443228
0.595,0.345,10.0268,7.99963,-1.78566,91.742,0.207753,0.990927,0,0.0443228
0.595,0.355,9.74476,7.89235,-1.54239,87.1196,0.207753,0.990927,0,0.0443228
0.595,0.365,9.46848,7.78076,-1.30478,82.6795,0.207753,0.990927,0,0.0443228
0.595,0.375,9.20175,7.66444,-1.07417,78.4653,0.207753,0.990927,0,0.0443228
0.595,0.385,8.9498,7.54272,-0.852429,74.5317,0.207753,0.990927,0,0.0443228
0.595,0.395,8.71987,7.41452,-0.642204,70.9501,0.207753,0.990927,0,0.0443228
0.595,0.405,8.52209,7.27809,-0.447197,67.8166,0.207753,0.990927,0,0.0443228
0.595,0.415,8.37038,7.13077,-0.272447,65.2602,0.207753,0.990927,0,0.0443228
0.595,0.425,8.28299,6.9684,-0.124325,63.4496,0.207753,0.990927,0,0.0443228
0.595,0.435,8.28162,6.7793,-0.0107286,62.559,0.207753,0.990927,0,0.0443228
0.595,0.445,8.39346,6.55261,0.062308,62.8552,0.207753,0.990927,0,0.0443228
0.595,0.455,8.61896,6.29251,0.0960302,64.4245,0.207753,0.990927,0,0.0443228
0.595,0.465,8.93812,5.99779,0.100659,67.1141,0.207753,0.990927,0,0.0443228
0.595,0.475,9.30028,5.67366,0.0931044,70.5084,0.207753,0.990927,0,0.0443228
0.595,0.485,9.62613,5.32554,0.0928396,74.0437,0.207753,0.990927,0,0.0443228
0.595,0.495,9.79225,4.94403,0.121416,77.2541,0.207753,0.990927,0,0.0443228
0.595,0.505,7.58391,3.5314,0.334711,83.5157,0.207753,0.990927,0,0.0443228
0.595,0.515,6.10505,1.85335,0.75995,82.4317,0.207753,0.990927,0,0.0443228
0.595,0.525,5.36581,0.0736872,1.11426,79.4413,0.207753,0.990927,0,0.0443228
0.595,0.535,4.82786,-1.7106,1.2972,77.556,0.207753,0.990927,0,0.0443228
0.595,0.545,4.59963,-3.63845,1.3861,77.6648,0.207753,0.990927,0,0.0443228
0.595,0.555,4.85251,-5.93687,1.51881,80.8946,0.207753,0.990927,0,0.0443228
0.595,0.565,6.06754,-8.55504,1.83672,89.0407,0.207753,0.990927,0,0.0443228
0.595,0.575,9.39699,-10.9752,2.36365,102.906,0.207753,0.990927,0,0.0443228
0.595,0.585,17.098,-12.7288,2.85706,118.746,0.207753,0.990927,0,0.0443228
0.595,0.595,32.3073,-13.8021,3.02959,126.311,0.207753,0.990927,0,0.0443228
0.595,0.605,56.26,-14.4017,2.93023,114.478,0.207753,0.990927,0,0.0443228
0.595,0.615,87.0319,-14.7132,2.75003,90.463,0.207753,0.990927,0,0.0443228
0.595,0.625,123.485,-14.8601,2.62814,72.8635,0.207753,0.990927,0,0.0443228
0.595,0.635,167.563,-14.9244,2.59607,69.1169,0.207753,0.990927,0,0.0443228
0.595,0.645,221.414,-14.9533,2.6191,75.7053,0.207753,0.990927,0,0.0443228
0.595,0.655,284.974,-14.9683,2.66206,87.9061,0.207753,0.990927,0,0.0443228
0.595,0.665,356.299,-14.9775,2.70819,102.935,0.207753,0.990927,0,0.0443228
0.595,0.675,432.541,-14.9837,2.75183,119.323,0.207753,0.990927,0,0.0443228
0.595,0.685,510.539,-14.9881,2.79147,136.159,0.207753,0.990927,0,0.0443228
0.595,0.695,587.19,-14.9914,2.82689,152.767,0.207753,0.990927,0,0.0443228
0.595,0.705,659.739,-14.9938,2.85816,168.604,0.207753,0.990927,0,0.0443228
0.595,0.715,726.007,-14.9956,2.88547,183.249,0.207753,0.990927,0,0.0443228
0.595,0.725,784.516,-14.9969,2.90901,196.402,0.207753,0.990927,0,0.0443228
0.595,0.735,834.519,-14.9979,2.929,207.889,0.207753,0.990927,0,0.0443228
0.595,0.745,875.932,-14.9986,2.94567,217.647,0.207753,0.990927,0,0.0443228
0.595,0.755,909.201,-14.9991,2.95929,225.715,0.207753,0.990927,0,0.0443228
0.595,0.765,935.145,-14.9994,2.97018,232.202,0.207753,0.990927,0,0.0443228
0.595,0.775,954.796,-14.9996,2.97867,237.275,0.207753,0.990927,0,0.0443228
0.595,0.785,969.26,-14.9998,2.98512,241.131,0.207753,0.990927,0,0.0443228
0.595,0.795,979.608,-14.9999,2.98988,243.978,0.207753,0.990927,0,0.0443228
0.595,0.805,986.805,-14.9999,2.9933,246.018,0.207753,0.990927,0,0.0443228
0.595,0.815,991.673,-15,2.99568,247.437,0.207753,0.990927,0,0.0443228
0.595,0.825,994.875,-15,2.99729,248.394,0.207753,0.990927,0,0.0443228
0.595,0.835,996.924,-15,2.99835,249.021,0.207753,0.990927,0,0.0443228
0.595,0.845,998.2,-15,2.99902,249.419,0.207753,0.990927,0,0.0443228
0.595,0.855,998.972,-15,2.99943,249.664,0.207753,0.990927,0,0.0443228
0.595,0.865,999.428,-15,2.99968,249.811,0.207753,0.990927,0,0.0443228
0.595,0.875,999.689,-15,2.99983,249.896,0.207753,0.990927,0,0.0443228
0.595,0.885,999.835,-15,2.99991,249.945,0.207753,0.990927,0,0.0443228
0.595,0.895,999.915,-15,2.99995,249.971,0.207753,0.990927,0,0.0443228
0.595,0.905,999.957,-15,2.99998,249.985,0.207753,0.990927,0,0.0443228
0.595,0.915,999.979,-15,2.99999,249.993,0.207753,0.990927,0,0.0443228
0.595,0.925,999.99,-15,2.99999,249.996,0.207753,0.990927,0,0.0443228
0.595,0.935,999.995,-15,3,249.998,0.207753,0.990927,0,0.0443228
0.595,0.945,999.998,-15,3,249.999,0.207753,0.990927,0,0.0443228
0.595,0.955,999.999,-15,3,250,0.207753,0.990927,0,0.0443228
0.595,0.965,1000,-15,3,250,0.207753,0.990927,0,0.0443228
0.595,0.975,1000,-15,3,250,0.207753,0.990927,0,0.0443228
0.595,0.985,1000,-15,3,250,0.207753,0.990927,0,0.0443228
0.595,0.995,1000,-15,3,250,0.207753,0.990927,0,0.0443228
0.605,0.005,16.184,8.99382,-10.3547,208.047,0.264337,1.12579,0,0.0620984
0.605,0.015,15.8778,9.102,-10.1643,202.496,0.264337,1.12579,0,0.0620984
0.605,0.025,15.6909,9.17645,-9.95067,199.208,0.264337,1.12579,0,0.0620984
0.605,0.035,15.5691,9.22916,-9.72271,197.119,0.264337,1.12579,0,0.0620984
0.605,0.045,15.4788,9.26759,-9.48594,195.594,0.264337,1.12579,0,0.0620984
0.605,0.055,15.4002,9.2962,-9.24358,194.267,0.264337,1.12579,0,0.0620984
0.605,0.065,15.322,9.31757,-8.99749,192.927,0.264337,1.12579,0,0.0620984
0.605,0.075,15.2376,9.3332,-8.74873,191.453,0.264337,1.12579,0,0.0620984
0.605,0.085,15.1436,9.34395,-8.49793,189.779,0.264337,1.12579,0,0.0620984
0.605,0.095,15.0381,9.35029,-8.24546,187.868,0.264337,1.12579,0,0.0620984
0.605,0.105,14.9203,9.35246,-7.99152,185.703,0.264337,1.12579,0,0.0620984
0.605,0.115,14.7901,9.35057,-7.73626,183.279,0.264337,1.12579,0,0.0620984
0.605,0.125,14.6474,9.34465,-7.47978,180.597,0.264337,1.12579,0,0.0620984
0.605,0.135,14.4928,9.33466,-7.22216,177.663,0.264337,1.12579,0,0.0620984
0.605,0.145,14.3267,9.32053,-6.96346,174.489,0.264337,1.12579,0,0.0620984
0.605,0.155,14.1497,9.30221,-6.70378,171.085,0.264337,1.12579,0,0.0620984
0.605,0.165,13.9623,9.27958,-6.4432,167.464,0.264337,1.12579,0,0.0620984
0.605,0.175,13.7651,9.25258,-6.18182,163.642,0.264337,1.12579,0,0.0620984
0.605,0.185,13.5586,9.22112,-5.91976,159.634,0.264337,1.12579,0,0.0620984
0.605,0.195,13.3434,9.18512,-5.65716,155.456,0.264337,1.12579,0,0.0620984
0.605,0.205,13.12,9.14453,-5.39417,151.124,0.264337,1.12579,0,0.0620984
0.605,0.215,12.8889,9.09927,-5.13094,146.657,0.264337,1.12579,0,0.0620984
0.605,0.225,12.6506,9.04932,-4.86767,142.071,0.264337,1.12579,0,0.0620984
0.605,0.235,12.4057,8.99464,-4.60455,137.386,0.264337,1.12579,0,0.0620984
0.605,0.245,12.1545,8.93521,-4.3418,132.62,0.264337,1.12579,0,0.0620984
0.605,0.255,11.8977,8.87102,-4.07961,127.795,0.264337,1.12579,0,0.0620984
0.605,0.265,11.6436,8.8021,-3.81571,123.044,0.264337,1.12579,0,0.0620984
0.605,0.275,11.3893,8.72872,-3.55142,118.335,0.264337,1.12579,0,0.0620984
0.605,0.285,11.1299,8.65106,-3.28881,113.603,0.264337,1.12579,0,0.0620984
0.605,0.295,10.8662,8.56923,-3.02814,108.869,0.264337,1.12579,0,0.0620984
0.605,0.305,10.599,8.48329,-2.76971,104.154,0.264337,1.12579,0,0.0620984
0.605,0.315,10.3293,8.3933,-2.51387,99.4812,0.264337,1.12579,0,0.0620984
0.605,0.325,10.0584,8.29926,-2.26106,94.8738,0.264337,1.12579,0,0.0620984
0.605,0.335,9.78774,8.20114,-2.01178,90.3581,0.264337,1.12579,0,0.0620984
0.605,0.345,9.51922,8.09881,-1.7667,85.9635,0.264337,1.12579,0,0.0620984
0.605,0.355,9.25542,7.992,-1.52669,81.7241,0.264337,1.12579,0,0.0620984
0.605,0.365,8.99985,7.88027,-1.29297,77.6814,0.264337,1.12579,0,0.0620984
0.605,0.375,8.75735,7.76285,-1.06722,73.8886,0.264337,1.12579,0,0.0620984
0.605,0.385,8.53484,7.63849,-0.851872,70.4163,0.264337,1.12579,0,0.0620984
0.605,0.395,8.3422,7.50517,-0.650378,67.3621,0.264337,1.12579,0,0.0620984
0.605,0.405,8.1935,7.35967,-0.46759,64.8621,0.264337,1.12579,0,0.0620984
0.605,0.415,8.10804,7.19703,-0.309879,63.1034,0.264337,1.12579,0,0.0620984
0.605,0.425,8.11004,7.01003,-0.184518,62.3248,0.264337,1.12579,0,0.0620984
0.605,0.435,8.22399,6.7862,-0.0982626,62.7629,0.264337,1.12579,0,0.0620984
0.605,0.445,8.47079,6.5113,-0.0527144,64.6296,0.264337,1.12579,0,0.0620984
0.605,0.455,8.83897,6.19119,-0.0374643,67.9031,0.264337,1.12579,0,0.0620984
0.605,0.465,9.27695,5.83755,-0.0320377,72.1211,0.264337,1.12579,0,0.0620984
0.605,0.475,9.70174,5.46717,-0.0141323,76.5145,0.264337,1.12579,0,0.0620984
0.605,0.485,10.0184,5.07594,0.0398911,80.4162,0.264337,1.12579,0,0.0620984
0.605,0.495,10.0567,4.63431,0.164322,83.3659,0.264337,1.12579,0,0.0620984
0.605,0.505,7.63232,3.12893,0.473841,86.1656,0.264337,1.12579,0,0.0620984
0.605,0.515,6.35439,1.53542,0.90179,83.485,0.264337,1.12579,0,0.0620984
0.605,0.525,5.53379,-0.0675808,1.20098,81.0363,0.264337,1.12579,0,0.0620984
0.605,0.535,4.97715,-1.6664,1.35145,80.2967,0.264337,1.12579,0,0.0620984
0.605,0.545,4.77404,-3.44518,1.4414,81.5203,0.264337,1.12579,0,0.0620984
0.605,0.555,5.0345,-5.68732,1.58675,85.4883,0.264337,1.12579,0,0.0620984
0.605,0.565,6.25231,-8.35053,1.91272,94.1663,0.264337,1.12579,0,0.0620984
0.605,0.575,9.64024,-10.8623,2.44353,108.433,0.264337,1.12579,0,0.0620984
0.605,0.585,17.5161,-12.6877,2.92295,123.903,0.264337,1.12579,0,0.0620984
0.605,0.595,32.9405,-13.7982,3.0611,129.15,0.264337,1.12579,0,0.0620984
0.605,0.605,56.8105,-14.411,2.92973,113.625,0.264337,1.12579,0,0.0620984
0.605,0.615,87.0889,-14.7227,2.73482,87.582,0.264337,1.12579,0,0.0620984
0.605,0.625,123.071,-14.8655,2.61457,70.4079,0.264337,1.12579,0,0.0620984
0.605,0.635,167.049,-14.9266,2.58905,67.7968,0.264337,1.12579,0,0.0620984
0.605,0.645,221.049,-14.954,2.61641,75.1444,0.264337,1.12579,0,0.0620984
0.605,0.655,284.779,-14.9685,2.66119,87.6968,0.264337,1.12579,0,0.0620984
0.605,0.665,356.214,-14.9775,2.70793,102.864,0.264337,1.12579,0,0.0620984
0.605,0.675,432.508,-14.9837,2.75176,119.299,0.264337,1.12579,0,0.0620984
0.605,0.685,510.527,-14.9881,2.79146,136.152,0.264337,1.12579,0,0.0620984
0.605,0.695,587.186,-14.9914,2.82688,152.765,0.264337,1.12579,0,0.0620984
0.605,0.705,659.738,-14.9938,2.85816,168.604,0.264337,1.12579,0,0.0620984
0.605,0.715,726.006,-14.9956,2.88547,183.249,0.264337,1.12579,0,0.0620984
0.605,0.725,784.516,-14.9969,2.90901,196.402,0.264337,1.12579,0,0.0620984
0.605,0.735,834.519,-14.9979,2.929,207.889,0.264337,1.12579,0,0.0620984
0.605,0.745,875.932,-14.9986,2.94567,217.647,0.264337,1.12579,0,0.0620984
0.605,0.755,909.201,-14.9991,2.95929,225.715,0.264337,1.12579,0,0.0620984
0.605,0.765,935.145,-14.9994,2.97018,232.202,0.264337,1.12579,0,0.0620984
0.605,0.775,954.796,-14.9996,2.97867,237.275,0.264337,1.12579,0,0.0620984
0.605,0.785,969.26,-14.9998,2.98512,241.131,0.264337,1.12579,0,0.0620984
0.605,0.795,979.608,-14.9999,2.98988,243.978,0.264337,1.12579,0,0.0620984
0.605,0.805,986.805,-14.9999,2.9933,246.018,0.264337,1.12579,0,0.0620984
0.605,0.815,991.673,-15,2.99568,247.437,0.264337,1.12579,0,0.0620984
0.605,0.825,994.875,-15,2.99729,248.394,0.264337,1.12579,0,0.0620984
0.605,0.835,996.924,-15,2.99835,249.021,0.264337,1.12579,0,0.0620984
0.605,0.845,998.2,-15,2.99902,249.419,0.264337,1.12579,0,0.0620984
0.605,0.855,998.972,-15,2.99943,249.664,0.264337,1.12579,0,0.0620984
0.605,0.865,999.428,-15,2.99968,249.811,0.264337,1.12579,0,0.0620984
0.605,0.875,999.689,-15,2.99983,249.896,0.264337,1.12579,0,0.0620984
0.605,0.885,999.835,-15,2.99991,249.945,0.264337,1.12579,0,0.0620984
0.605,0.895,999.915,-15,2.99995,249.971,0.264337,1.12579,0,0.0620984
0.605,0.905,999.957,-15,2.99998,249.985,0.264337,1.12579,0,0.0620984
0.605,0.915,999.979,-15,2.99999,249.993,0.264337,1.12579,0,0.0620984
0.605,0.925,999.99,-15,2.99999,249.996,0.264337,1.12579,0,0.0620984
0.605,0.935,999.995,-15,3,249.998,0.264337,1.12579,0,0.0620984
0.605,0.945,999.998,-15,3,249.999,0.264337,1.12579,0,0.0620984
0.605,0.955,999.999,-15,3,250,0.264337,1.12579,0,0.0620984
0.605,0.965,1000,-15,3,250,0.264337,1.12579,0,0.0620984
0.605,0.975,1000,-15,3,250,0.264337,1.12579,0,0.0620984
0.605,0.985,1000,-15,3,250,0.264337,1.12579,0,0.0620984
0.605,0.995,1000,-15,3,250,0.264337,1.12579,0,0.0620984
0.615,0.005,16.4502,8.85379,-10.1366,214.065,0.332628,1.26065,0,0.0856647
0.615,0.015,15.8098,9.0397,-9.99907,202.009,0.332628,1.26065,0,0.0856647
0.615,0.025,15.3954,9.16769,-9.82153,194.466,0.332628,1.26065,0,0.0856647
0.615,0.035,15.1252,9.25526,-9.61707,189.681,0.332628,1.26065,0,0.0856647
0.615,0.045,14.9402,9.31575,-9.39532,186.47,0.332628,1.26065,0,0.0856647
0.615,0.055,14.8018,9.35816,-9.16263,184.094,0.332628,1.26065,0,0.0856647
0.615,0.065,14.686,9.38812,-8.92292,182.106,0.332628,1.26065,0,0.0856647
0.615,0.075,14.5785,9.4091,-8.67853,180.243,0.332628,1.26065,0,0.0856647
0.615,0.085,14.4705,9.42314,-8.43089,178.347,0.332628,1.26065,0,0.0856647
0.615,0.095,14.3572,9.43149,-8.18082,176.33,0.332628,1.26065,0,0.0856647
0.615,0.105,14.2357,9.43485,-7.92885,174.14,0.332628,1.26065,0,0.0856647
0.615,0.115,14.1047,9.43365,-7.6753,171.75,0.332628,1.26065,0,0.0856647
0.615,0.125,13.9635,9.42809,-7.42039,169.148,0.332628,1.26065,0,0.0856647
0.615,0.135,13.8118,9.41828,-7.16426,166.332,0.332628,1.26065,0,0.0856647
0.615,0.145,13.6498,9.40424,-6.90705,163.305,0.332628,1.26065,0,0.0856647
0.615,0.155,13.4778,9.38597,-6.64886,160.073,0.332628,1.26065,0,0.0856647
0.615,0.165,13.2962,9.36341,-6.3898,156.649,0.332628,1.26065,0,0.0856647
0.615,0.175,13.1054,9.33652,-6.12999,153.042,0.332628,1.26065,0,0.0856647
0.615,0.185,12.906,9.30523,-5.86956,149.267,0.332628,1.26065,0,0.0856647
0.615,0.195,12.6982,9.26949,-5.60863,145.338,0.332628,1.26065,0,0.0856647
0.615,0.205,12.4828,9.22924,-5.34736,141.27,0.332628,1.26065,0,0.0856647
0.615,0.215,12.2601,9.18443,-5.08592,137.08,0.332628,1.26065,0,0.0856647
0.615,0.225,12.0306,9.13503,-4.82448,132.784,0.332628,1.26065,0,0.0856647
0.615,0.235,11.7949,9.08101,-4.56324,128.399,0.332628,1.26065,0,0.0856647
0.615,0.245,11.5534,9.02234,-4.30242,123.943,0.332628,1.26065,0,0.0856647
0.615,0.255,11.3068,8.95902,-4.04221,119.436,0.332628,1.26065,0,0.0856647
0.615,0.265,11.0631,8.89106,-3.78028,115.007,0.332628,1.26065,0,0.0856647
0.615,0.275,10.8195,8.8187,-3.51809,110.62,0.332628,1.26065,0,0.0856647
0.615,0.285,10.5715,8.74208,-3.25764,106.218,0.332628,1.26065,0,0.0856647
0.615,0.295,10.3198,8.66126,-2.99919,101.821,0.332628,1.26065,0,0.0856647
0.615,0.305,10.0656,8.57627,-2.7431,97.4493,0.332628,1.26065,0,0.0856647
0.615,0.315,9.80992,8.48708,-2.48975,93.1273,0.332628,1.26065,0,0.0856647
0.615,0.325,9.55439,8.39362,-2.23964,88.8802,0.332628,1.26065,0,0.0856647
0.615,0.335,9.30088,8.29567,-1.99342,84.7372,0.332628,1.26065,0,0.0856647
0.615,0.345,9.05196,8.19288,-1.75193,80.7331,0.332628,1.26065,0,0.0856647
0.615,0.355,8.81123,8.08464,-1.51634,76.9113,0.332628,1.26065,0,0.0856647
0.615,0.365,8.58375,7.96992,-1.28834,73.3286,0.332628,1.26065,0,0.0856647
0.615,0.375,8.37686,7.84705,-1.07034,70.063,0.332628,1.26065,0,0.0856647
0.615,0.385,8.20127,7.71334,-0.865853,67.2244,0.332628,1.26065,0,0.0856647
0.615,0.395,8.07244,7.5645,-0.67985,64.9699,0.332628,1.26065,0,0.0856647
0.615,0.405,8.01177,7.39398,-0.518855,63.5191,0.332628,1.26065,0,0.0856647
0.615,0.415,8.04619,7.19263,-0.390198,63.1569,0.332628,1.26065,0,0.0856647
0.615,0.425,8.20362,6.94964,-0.299482,64.195,0.332628,1.26065,0,0.0856647
0.615,0.435,8.50143,6.65442,-0.246637,66.8447,0.332628,1.26065,0,0.0856647
0.615,0.445,8.93434,6.3013,-0.221842,71.0617,0.332628,1.26065,0,0.0856647
0.615,0.455,9.45492,5.90894,-0.203958,76.4056,0.332628,1.26065,0,0.0856647
0.615,0.465,9.97192,5.50467,-0.168812,81.9555,0.332628,1.26065,0,0.0856647
0.615,0.475,10.3827,5.10815,-0.0979629,86.7079,0.332628,1.26065,0,0.0856647
0.615,0.485,10.6058,4.67242,0.0354577,90.4312,0.332628,1.26065,0,0.0856647
0.615,0.495,10.393,4.15952,0.278217,92.4843,0.332628,1.26065,0,0.0856647
0.615,0.505,7.97523,2.75804,0.674893,90.2992,0.332628,1.26065,0,0.0856647
0.615,0.515,6.63495,1.30716,1.06665,86.5941,0.332628,1.26065,0,0.0856647
0.615,0.525,5.71772,-0.119798,1.31093,84.7186,0.332628,1.26065,0,0.0856647
0.615,0.535,5.16656,-1.56013,1.43552,84.6781,0.332628,1.26065,0,0.0856647
0.615,0.545,4.98478,-3.22616,1.52045,86.4344,0.332628,1.26065,0,0.0856647
0.615,0.555,5.24097,-5.43435,1.66617,90.6902,0.332628,1.26065,0,0.0856647
0.615,0.565,6.45342,-8.15222,1.99352,99.6233,0.332628,1.26065,0,0.0856647
0.615,0.575,9.90426,-10.7565,2.5268,114.196,0.332628,1.26065,0,0.0856647
0.615,0.585,17.9651,-12.6525,2.98941,129.091,0.332628,1.26065,0,0.0856647
0.615,0.595,33.587,-13.7988,3.08947,131.558,0.332628,1.26065,0,0.0856647
0.615,0.605,57.3087,-14.4231,2.9249,112.103,0.332628,1.26065,0,0.0856647
0.615,0.615,87.0507,-14.7332,2.71702,84.334,0.332628,1.26065,0,0.0856647
0.615,0.625,122.601,-14.871,2.60059,67.9407,0.332628,1.26065,0,0.0856647
0.615,0.635,166.541,-14.9287,2.58239,66.5668,0.332628,1.26065,0,0.0856647
0.615,0.645,220.714,-14.9547,2.61401,74.6505,0.332628,1.26065,0,0.0856647
0.615,0.655,284.612,-14.9687,2.66045,87.5207,0.332628,1.26065,0,0.0856647
0.615,0.665,356.143,-14.9776,2.70772,102.805,0.332628,1.26065,0,0.0856647
0.615,0.675,432.481,-14.9837,2.7517,119.281,0.332628,1.26065,0,0.0856647
0.615,0.685,510.518,-14.9881,2.79144,136.146,0.332628,1.26065,0,0.0856647
0.615,0.695,587.183,-14.9914,2.82688,152.763,0.332628,1.26065,0,0.0856647
0.615,0.705,659.737,-14.9938,2.85816,168.603,0.332628,1.26065,0,0.0856647
0.615,0.715,726.006,-14.9956,2.88547,183.249,0.332628,1.26065,0,0.0856647
0.615,0.725,784.516,-14.9969,2.90901,196.402,0.332628,1.26065,0,0.0856647
0.615,0.735,834.519,-14.9979,2.929,207.889,0.332628,1.26065,0,0.0856647
0.615,0.745,875.932,-14.9986,2.94567,217.647,0.332628,1.26065,0,0.0856647
0.615,0.755,909.201,-14.9991,2.95929,225.715,0.332628,1.26065,0,0.0856647
0.615,0.765,935.145,-14.9994,2.97018,232.202,0.332628,1.26065,0,0.0856647
0.615,0.775,954.796,-14.9996,2.97867,237.275,0.332628,1.26065,0,0.0856647
0.615,0.785,969.26,-14.9998,2.98512,241.131,0.332628,1.26065,0,0.0856647
0.615,0.795,979.608,-14.9999,2.98988,243.978,0.332628,1.26065,0,0.0856647
0.615,0.805,986.805,-14.9999,2.9933,246.018,0.332628,1.26065,0,0.0856647
0.615,0.815,991.673,-15,2.99568,247.437,0.332628,1.26065,0,0.0856647
0.615,0.825,994.875,-15,2.99729,248.394,0.332628,1.26065,0,0.0856647
0.615,0.835,996.924,-15,2.99835,249.021,0.332628,1.26065,0,0.0856647
0.615,0.845,998.2,-15,2.99902,249.419,0.332628,1.26065,0,0.0856647
0.615,0.855,998.972,-15,2.99943,249.664,0.332628,1.26065,0,0.0856647
0.615,0.865,999.428,-15,2.99968,249.811,0.332628,1.26065,0,0.0856647
0.615,0.875,999.689,-15,2.99983,249.896,0.332628,1.26065,0,0.0856647
0.615,0.885,999.835,-15,2.99991,249.945,0.332628,1.26065,0,0.0856647
0.615,0.895,999.915,-15,2.99995,249.971,0.332628,1.26065,0,0.0856647
0.615,0.905,999.957,-15,2.99998,249.985,0.332628,1.26065,0,0.0856647
0.615,0.915,999.979,-15,2.99999,249.993,0.332628,1.26065,0,0.0856647
0.615,0.925,999.99,-15,2.99999,249.996,0.332628,1.26065,0,0.0856647
0.615,0.935,999.995,-15,3,249.998,0.332628,1.26065,0,0.0856647
0.615,0.945,999.998,-15,3,249.999,0.332628,1.26065,0,0.0856647
0.615,0.955,999.999,-15,3,250,0.332628,1.26065,0,0.0856647
0.615,0.965,1000,-15,3,250,0.332628,1.26065,0,0.0856647
0.615,0.975,1000,-15,3,250,0.332628,1.26065,0,0.0856647
0.615,0.985,1000,-15,3,250,0.332628,1.26065,0,0.0856647
0.615,0.995,1000,-15,3,250,0.332628,1.26065,0,0.0856647
0.625,0.005,17.5035,8.52059,-9.81259,236.202,0.414356,1.39552,0,0.116515
0.625,0.015,16.3818,8.81517,-9.74512,213.987,0.414356,1.39552,0,0.116515
0.625,0.025,15.5819,9.03587,-9.62649,198.773,0.414356,1.39552,0,0.116515
0.625,0.035,15.0308,9.19306,-9.46583,188.656,0.414356,1.39552,0,0.116515
0.625,0.045,14.6525,9.30209,-9.27444,181.909,0.414356,1.39552,0,0.116515
0.625,0.055,14.3854,9.37701,-9.06207,177.243,0.414356,1.39552,0,0.116515
0.625,0.065,14.1852,9.42835,-8.83586,173.789,0.414356,1.39552,0,0.116515
0.625,0.075,14.0229,9.46331,-8.60055,170.996,0.414356,1.39552,0,0.116515
0.625,0.085,13.8797,9.48651,-8.35915,168.52,0.414356,1.39552,0,0.116515
0.625,0.095,13.7441,9.50089,-8.11356,166.154,0.414356,1.39552,0,0.116515
0.625,0.105,13.609,9.50824,-7.86495,163.771,0.414356,1.39552,0,0.116515
0.625,0.115,13.4703,9.5097,-7.61407,161.298,0.414356,1.39552,0,0.116515
0.625,0.125,13.3254,9.50593,-7.36138,158.691,0.414356,1.39552,0,0.116515
0.625,0.135,13.1731,9.49734,-7.10723,155.928,0.414356,1.39552,0,0.116515
0.625,0.145,13.0126,9.48416,-6.85184,152.998,0.414356,1.39552,0,0.116515
0.625,0.155,12.8437,9.46651,-6.59539,149.901,0.414356,1.39552,0,0.116515
0.625,0.165,12.6664,9.44445,-6.33803,146.639,0.414356,1.39552,0,0.116515
0.625,0.175,12.481,9.41799,-6.07993,143.22,0.414356,1.39552,0,0.116515
0.625,0.185,12.2876,9.38712,-5.82121,139.653,0.414356,1.39552,0,0.116515
0.625,0.195,12.0868,9.3518,-5.56203,135.951,0.414356,1.39552,0,0.116515
0.625,0.205,11.8788,9.31201,-5.30255,132.127,0.414356,1.39552,0,0.116515
0.625,0.215,11.6642,9.26772,-5.04294,128.195,0.414356,1.39552,0,0.116515
0.625,0.225,11.4434,9.21889,-4.78338,124.17,0.414356,1.39552,0,0.116515
0.625,0.235,11.2169,9.16549,-4.52407,120.068,0.414356,1.39552,0,0.116515
0.625,0.245,10.9852,9.10749,-4.26523,115.905,0.414356,1.39552,0,0.116515
0.625,0.255,10.749,9.04488,-4.00707,111.702,0.414356,1.39552,0,0.116515
0.625,0.265,10.5162,8.97766,-3.74722,107.582,0.414356,1.39552,0,0.116515
0.625,0.275,10.2839,8.906,-3.48724,103.507,0.414356,1.39552,0,0.116515
0.625,0.285,10.0481,8.82997,-3.2291,99.4279,0.414356,1.39552,0,0.116515
0.625,0.295,9.80991,8.74956,-2.97313,95.3646,0.414356,1.39552,0,0.116515
0.625,0.305,9.57058,8.66469,-2.71974,91.3409,0.414356,1.39552,0,0.116515
0.625,0.315,9.33176,8.57515,-2.46942,87.3836,0.414356,1.39552,0,0.116515
0.625,0.325,9.09562,8.48062,-2.22286,83.524,0.414356,1.39552,0,0.116515
0.625,0.335,8.86508,8.38052,-1.98096,79.8012,0.414356,1.39552,0,0.116515
0.625,0.345,8.6443,8.27389,-1.74499,76.2652,0.414356,1.39552,0,0.116515
0.625,0.355,8.43922,8.15923,-1.51679,72.9839,0.414356,1.39552,0,0.116515
0.625,0.365,8.25849,8.03407,-1.29902,70.0523,0.414356,1.39552,0,0.116515
0.625,0.375,8.11473,7.89456,-1.09552,67.6058,0.414356,1.39552,0,0.116515
0.625,0.385,8.02585,7.73475,-0.91158,65.8378,0.414356,1.39552,0,0.116515
0.625,0.395,8.01588,7.54603,-0.753785,65.0131,0.414356,1.39552,0,0.116515
0.625,0.405,8.11338,7.31739,-0.628745,65.4612,0.414356,1.39552,0,0.116515
0.625,0.415,8.34501,7.038,-0.540027,67.5127,0.414356,1.39552,0,0.116515
0.625,0.425,8.72316,6.70288,-0.483781,71.3559,0.414356,1.39552,0,0.116515
0.625,0.435,9.23007,6.31792,-0.446736,76.8243,0.414356,1.39552,0,0.116515
0.625,0.445,9.80879,5.8989,-0.409786,83.252,0.414356,1.39552,0,0.116515
0.625,0.455,10.3701,5.47532,-0.352751,89.6377,0.414356,1.39552,0,0.116515
0.625,0.465,10.8129,5.07213,-0.260483,94.9172,0.414356,1.39552,0,0.116515
0.625,0.475,11.066,4.68996,-0.122681,98.4928,0.414356,1.39552,0,0.116515
0.625,0.485,11.0615,4.21351,0.0916823,101.071,0.414356,1.39552,0,0.116515
0.625,0.495,10.5174,3.64261,0.430744,101.617,0.414356,1.39552,0,0.116515
0.625,0.505,8.24458,2.43453,0.871171,95.4424,0.414356,1.39552,0,0.116515
0.625,0.515,6.80913,1.14455,1.21453,91.3289,0.414356,1.39552,0,0.116515
0.625,0.525,5.86844,-0.125387,1.4197,89.7107,0.414356,1.39552,0,0.116515
0.625,0.535,5.36113,-1.43408,1.52772,89.8789,0.414356,1.39552,0,0.116515
0.625,0.545,5.20645,-3.01148,1.60571,91.7535,0.414356,1.39552,0,0.116515
0.625,0.555,5.4557,-5.19529,1.74711,96.0773,0.414356,1.39552,0,0.116515
0.625,0.565,6.66411,-7.96692,2.07558,105.232,0.414356,1.39552,0,0.116515
0.625,0.575,10.1885,-10.6599,2.61296,120.147,0.414356,1.39552,0,0.116515
0.625,0.585,18.4455,-12.6241,3.05595,134.25,0.414356,1.39552,0,0.116515
0.625,0.595,34.2394,-13.8044,3.11389,133.413,0.414356,1.39552,0,0.116515
0.625,0.605,57.7404,-14.438,2.91526,109.848,0.414356,1.39552,0,0.116515
0.625,0.615,86.9136,-14.7445,2.69671,80.7588,0.414356,1.39552,0,0.116515
0.625,0.625,122.085,-14.8764,2.58641,65.5074,0.414356,1.39552,0,0.116515
0.625,0.635,166.049,-14.9306,2.57617,65.4411,0.414356,1.39552,0,0.116515
0.625,0.645,220.414,-14.9553,2.61191,74.223,0.414356,1.39552,0,0.116515
0.625,0.655,284.47,-14.9689,2.65984,87.3753,0.414356,1.39552,0,0.116515
0.625,0.665,356.086,-14.9776,2.70756,102.76,0.414356,1.39552,0,0.116515
0.625,0.675,432.461,-14.9837,2.75166,119.268,0.414356,1.39552,0,0.116515
0.625,0.685,510.512,-14.9881,2.79143,136.142,0.414356,1.39552,0,0.116515
0.625,0.695,587.181,-14.9914,2.82688,152.762,0.414356,1.39552,0,0.116515
0.625,0.705,659.736,-14.9938,2.85816,168.603,0.414356,1.39552,0,0.116515
0.625,0.715,726.006,-14.9956,2.88547,183.248,0.414356,1.39552,0,0.116515
0.625,0.725,784.516,-14.9969,2.90901,196.402,0.414356,1.39552,0,0.116515
0.625,0.735,834.519,-14.9979,2.929,207.889,0.414356,1.39552,0,0.116515
0.625,0.745,875.932,-14.9986,2.94567,217.647,0.414356,1.39552,0,0.116515
0.625,0.755,909.201,-14.9991,2.95929,225.715,0.414356,1.39552,0,0.116515
0.625,0.765,935.145,-14.9994,2.97018,232.202,0.414356,1.39552,0,0.116515
0.625,0.775,954.796,-14.9996,2.97867,237.275,0.414356,1.39552,0,0.116515
0.625,0.785,969.26,-14.9998,2.98512,241.131,0.414356,1.39552,0,0.116515
0.625,0.795,979.608,-14.9999,2.98988,243.978,0.414356,1.39552,0,0.116515
0.625,0.805,986.805,-14.9999,2.9933,246.018,0.414356,1.39552,0,0.116515
0.625,0.815,991.673,-15,2.99568,247.437,0.414356,1.39552,0,0.116515
0.625,0.825,994.875,-15,2.99729,248.394,0.414356,1.39552,0,0.116515
0.625,0.835,996.924,-15,2.99835,249.021,0.414356,1.39552,0,0.116515
0.625,0.845,998.2,-15,2.99902,249.419,0.414356,1.39552,0,0.116515
0.625,0.855,998.972,-15,2.99943,249.664,0.414356,1.39552,0,0.116515
0.625,0.865,999.428,-15,2.99968,249.811,0.414356,1.39552,0,0.116515
0.625,0.875,999.689,-15,2.99983,249.896,0.414356,1.39552,0,0.116515
0.625,0.885,999.835,-15,2.99991,249.945,0.414356,1.39552,0,0.116515
0.625,0.895,999.915,-15,2.99995,249.971,0.414356,1.39552,0,0.116515
0.625,0.905,999.957,-15,2.99998,249.985,0.414356,1.39552,0,0.116515
0.625,0.915,999.979,-15,2.99999,249.993,0.414356,1.39552,0,0.116515
0.625,0.925,999.99,-15,2.99999,249.996,0.414356,1.39552,0,0.116515
0.625,0.935,999.995,-15,3,249.998,0.414356,1.39552,0,0.116515
0.625,0.945,999.998,-15,3,249.999,0.414356,1.39552,0,0.116515
0.625,0.955,999.999,-15,3,250,0.414356,1.39552,0,0.116515
0.625,0.965,1000,-15,3,250,0.414356,1.39552,0,0.116515
0.625,0.975,1000,-15,3,250,0.414356,1.39552,0,0.116515
0.625,0.985,1000,-15,3,250,0.414356,1.39552,0,0.116515
0.625,0.995,1000,-15,3,250,0.414356,1.39552,0,0.116515
0.635,0.005,19.3891,8.00052,-9.40271,277.087,0.511413,1.53038,0,0.156437
0.635,0.015,17.8264,8.3746,-9.38568,244.335,0.511413,1.53038,0,0.156437
0.635,0.025,16.5489,8.69957,-9.33009,218.635,0.511413,1.53038,0,0.156437
0.635,0.035,15.5703,8.96011,-9.23061,199.716,0.511413,1.53038,0,0.156437
0.635,0.045,14.8516,9.15624,-9.0901,186.324,0.511413,1.53038,0,0.156437
0.635,0.055,14.3329,9.29762,-8.91618,176.955,0.511413,1.53038,0,0.156437
0.635,0.065,13.955,9.3968,-8.71745,170.297,0.511413,1.53038,0,0.156437
0.635,0.075,13.6703,9.4651,-8.50127,165.364,0.511413,1.53038,0,0.156437
0.635,0.085,13.4442,9.51125,-8.27313,161.477,0.511413,1.53038,0,0.156437
0.635,0.095,13.2529,9.54137,-8.03683,158.191,0.511413,1.53038,0,0.156437
0.635,0.105,13.0807,9.55957,-7.79489,155.22,0.511413,1.53038,0,0.156437
0.635,0.115,12.9177,9.56856,-7.54896,152.386,0.511413,1.53038,0,0.156437
0.635,0.125,12.7574,9.57009,-7.30011,149.575,0.511413,1.53038,0,0.156437
0.635,0.135,12.5958,9.56527,-7.04906,146.72,0.511413,1.53038,0,0.156437
0.635,0.145,12.4305,9.55482,-6.79629,143.781,0.511413,1.53038,0,0.156437
0.635,0.155,12.2601,9.53919,-6.54218,140.736,0.511413,1.53038,0,0.156437
0.635,0.165,12.0837,9.51866,-6.28697,137.573,0.511413,1.53038,0,0.156437
0.635,0.175,11.9011,9.49339,-6.0309,134.29,0.511413,1.53038,0,0.156437
0.635,0.185,11.712,9.46349,-5.77416,130.891,0.511413,1.53038,0,0.156437
0.635,0.195,11.5167,9.42899,-5.51693,127.382,0.511413,1.53038,0,0.156437
0.635,0.205,11.3153,9.38991,-5.25941,123.773,0.511413,1.53038,0,0.156437
0.635,0.215,11.1082,9.34625,-5.00178,120.075,0.511413,1.53038,0,0.156437
0.635,0.225,10.8957,9.29799,-4.74424,116.3,0.511413,1.53038,0,0.156437
0.635,0.235,10.6785,9.2451,-4.48702,112.465,0.511413,1.53038,0,0.156437
0.635,0.245,10.457,9.18753,-4.23034,108.584,0.511413,1.53038,0,0.156437
0.635,0.255,10.2319,9.12524,-3.97442,104.676,0.511413,1.53038,0,0.156437
0.635,0.265,10.0112,9.05817,-3.71694,100.86,0.511413,1.53038,0,0.156437
0.635,0.275,9.79209,8.98639,-3.45952,97.1029,0.511413,1.53038,0,0.156437
0.635,0.285,9.57123,8.90982,-3.2042,93.3599,0.511413,1.53038,0,0.156437
0.635,0.295,9.35016,8.82827,-2.9514,89.6566,0.511413,1.53038,0,0.156437
0.635,0.305,9.1309,8.74135,-2.7017,86.0232,0.511413,1.53038,0,0.156437
0.635,0.315,8.91613,8.64847,-2.45588,82.4969,0.511413,1.53038,0,0.156437
0.635,0.325,8.70959,8.54865,-2.21501,79.1256,0.511413,1.53038,0,0.156437
0.635,0.335,8.51655,8.44038,-1.9806,75.9728,0.511413,1.53038,0,0.156437
0.635,0.345,8.34454,8.32128,-1.75483,73.1266,0.511413,1.53038,0,0.156437
0.635,0.355,8.2044,8.18769,-1.54078,70.7102,0.511413,1.53038,0,0.156437
0.635,0.365,8.11136,8.03413,-1.34272,68.8975,0.511413,1.53038,0,0.156437
0.635,0.375,8.08599,7.85272,-1.16609,67.9276,0.511413,1.53038,0,0.156437
0.635,0.385,8.1537,7.63327,-1.01682,68.1069,0.511413,1.53038,0,0.156437
0.635,0.395,8.34106,7.36495,-0.899329,69.7755,0.511413,1.53038,0,0.156437
0.635,0.405,8.667,7.04068,-0.813333,73.2053,0.511413,1.53038,0,0.156437
0.635,0.415,9.12977,6.66332,-0.750876,78.4262,0.511413,1.53038,0,0.156437
0.635,0.425,9.69406,6.24931,-0.696892,85.0416,0.511413,1.53038,0,0.156437
0.635,0.435,10.2891,5.82399,-0.634008,92.1839,0.511413,1.53038,0,0.156437
0.635,0.445,10.8245,5.40963,-0.548825,98.7212,0.511413,1.53038,0,0.156437
0.635,0.455,11.2222,5.02209,-0.432965,103.754,0.511413,1.53038,0,0.156437
0.635,0.465,11.4335,4.66263,-0.281197,106.901,0.511413,1.53038,0,0.156437
0.635,0.475,11.4509,4.29218,-0.0804045,108.624,0.511413,1.53038,0,0.156437
0.635,0.485,11.1215,3.78388,0.202786,109.356,0.511413,1.53038,0,0.156437
0.635,0.495,10.2058,3.21371,0.592041,107.398,0.511413,1.53038,0,0.156437
0.635,0.505,8.21713,2.15286,1.02383,100.571,0.511413,1.53038,0,0.156437
0.635,0.515,6.8246,1.01191,1.33224,96.6206,0.511413,1.53038,0,0.156437
0.635,0.525,5.96589,-0.119779,1.51725,95.0842,0.511413,1.53038,0,0.156437
0.635,0.535,5.54393,-1.31383,1.61612,95.2419,0.511413,1.53038,0,0.156437
0.635,0.545,5.42674,-2.81459,1.68794,97.0757,0.511413,1.53038,0,0.156437
0.635,0.555,5.67293,-4.97509,1.82545,101.474,0.511413,1.53038,0,0.156437
0.635,0.565,6.8829,-7.79671,2.15853,110.943,0.511413,1.53038,0,0.156437
0.635,0.575,10.4952,-10.5732,2.70252,126.292,0.511413,1.53038,0,0.156437
0.635,0.585,18.9577,-12.6034,3.12211,139.313,0.511413,1.53038,0,0.156437
0.635,0.595,34.8879,-13.8157,3.13341,134.574,0.511413,1.53038,0,0.156437
0.635,0.605,58.0908,-14.4558,2.90033,106.811,0.511413,1.53038,0,0.156437
0.635,0.615,86.6767,-14.7566,2.6741,76.9139,0.511413,1.53038,0,0.156437
0.635,0.625,121.536,-14.8817,2.57233,63.1547,0.511413,1.53038,0,0.156437
0.635,0.635,165.583,-14.9323,2.57049,64.4305,0.511413,1.53038,0,0.156437
0.635,0.645,220.15,-14.9557,2.61012,73.8603,0.511413,1.53038,0,0.156437
0.635,0.655,284.352,-14.969,2.65934,87.2576,0.511413,1.53038,0,0.156437
0.635,0.665,356.041,-14.9777,2.70743,102.724,0.511413,1.53038,0,0.156437
0.635,0.675,432.446,-14.9837,2.75163,119.257,0.511413,1.53038,0,0.156437
0.635,0.685,510.507,-14.9881,2.79142,136.14,0.511413,1.53038,0,0.156437
0.635,0.695,587.18,-14.9914,2.82687,152.761,0.511413,1.53038,0,0.156437
0.635,0.705,659.736,-14.9938,2.85816,168.603,0.511413,1.53038,0,0.156437
0.635,0.715,726.006,-14.9956,2.88547,183.248,0.511413,1.53038,0,0.156437
0.635,0.725,784.516,-14.9969,2.90901,196.402,0.511413,1.53038,0,0.156437
0.635,0.735,834.519,-14.9979,2.929,207.889,0.511413,1.53038,0,0.156437
0.635,0.745,875.932,-14.9986,2.94567,217.647,0.511413,1.53038,0,0.156437
0.635,0.755,909.201,-14.9991,2.95929,225.715,0.511413,1.53038,0,0.156437
0.635,0.765,935.145,-14.9994,2.97018,232.202,0.511413,1.53038,0,0.156437
0.635,0.775,954.796,-14.9996,2.97867,237.275,0.511413,1.53038,0,0.156437
0.635,0.785,969.26,-14.9998,2.98512,241.131,0.511413,1.53038,0,0.156437
0.635,0.795,979.608,-14.9999,2.98988,243.978,0.511413,1.53038,0,0.156437
0.635,0.805,986.805,-14.9999,2.9933,246.018,0.511413,1.53038,0,0.156437
0.635,0.815,991.673,-15,2.99568,247.437,0.511413,1.53038,0,0.156437
0.635,0.825,994.875,-15,2.99729,248.394,0.511413,1.53038,0,0.156437
0.635,0.835,996.924,-15,2.99835,249.021,0.511413,1.53038,0,0.156437
0.635,0.845,998.2,-15,2.99902,249.419,0.511413,1.53038,0,0.156437
0.635,0.855,998.972,-15,2.99943,249.664,0.511413,1.53038,0,0.156437
0.635,0.865,999.428,-15,2.99968,249.811,0.511413,1.53038,0,0.156437
0.635,0.875,999.689,-15,2.99983,249.896,0.511413,1.53038,0,0.156437
0.635,0.885,999.835,-15,2.99991,249.945,0.511413,1.53038,0,0.156437
0.635,0.895,999.915,-15,2.99995,249.971,0.511413,1.53038,0,0.156437
0.635,0.905,999.957,-15,2.99998,249.985,0.511413,1.53038,0,0.156437
0.635,0.915,999.979,-15,2.99999,249.993,0.511413,1.53038,0,0.156437
0.635,0.925,999.99,-15,2.99999,249.996,0.511413,1.53038,0,0.156437
0.635,0.935,999.995,-15,3,249.998,0.511413,1.53038,0,0.156437
0.635,0.945,999.998,-15,3,249.999,0.511413,1.53038,0,0.156437
0.635,0.955,999.999,-15,3,250,0.511413,1.53038,0,0.156437
0.635,0.965,1000,-15,3,250,0.511413,1.53038,0,0.156437
0.635,0.975,1000,-15,3,250,0.511413,1.53038,0,0.156437
0.635,0.985,1000,-15,3,250,0.511413,1.53038,0,0.156437
0.635,0.995,1000,-15,3,250,0.511413,1.53038,0,0.156437
0.645,0.005,21.63,7.4298,-8.99218,327.961,0.625861,1.66524,0,0.207553
0.645,0.015,19.9707,7.78856,-8.97533,291.304,0.625861,1.66524,0,0.207553
0.645,0.025,18.3933,8.15193,-8.94632,257.72,0.625861,1.66524,0,0.207553
0.645,0.035,17.0024,8.49233,-8.89338,229.19,0.625861,1.66524,0,0.207553
0.645,0.045,15.8528,8.78771,-8.808,206.476,0.625861,1.66524,0,0.207553
0.645,0.055,14.9477,9.02724,-8.68734,189.231,0.625861,1.66524,0,0.207553
0.645,0.065,14.2557,9.21116,-8.53391,176.479,0.625861,1.66524,0,0.207553
0.645,0.075,13.7311,9.3467,-8.35324,167.084,0.625861,1.66524,0,0.207553
0.645,0.085,13.3288,9.4435,-8.15163,160.037,0.625861,1.66524,0,0.207553
0.645,0.095,13.0112,9.51071,-7.93469,154.557,0.625861,1.66524,0,0.207553
0.645,0.105,12.7498,9.55572,-7.70679,150.084,0.625861,1.66524,0,0.207553
0.645,0.115,12.5243,9.58403,-7.47112,146.231,0.625861,1.66524,0,0.207553
0.645,0.125,12.3206,9.5995,-7.22992,142.744,0.625861,1.66524,0,0.207553
0.645,0.135,12.1293,9.60483,-6.98472,139.453,0.625861,1.66524,0,0.207553
0.645,0.145,11.9441,9.60183,-6.7366,136.251,0.625861,1.66524,0,0.207553
0.645,0.155,11.761,9.59171,-6.48629,133.068,0.625861,1.66524,0,0.207553
0.645,0.165,11.5772,9.57531,-6.23434,129.861,0.625861,1.66524,0,0.207553
0.645,0.175,11.3911,9.55316,-5.98115,126.606,0.625861,1.66524,0,0.207553
0.645,0.185,11.2018,9.52561,-5.72706,123.29,0.625861,1.66524,0,0.207553
0.645,0.195,11.0087,9.49289,-5.47233,119.91,0.625861,1.66524,0,0.207553
0.645,0.205,10.8117,9.45512,-5.21723,116.465,0.625861,1.66524,0,0.207553
0.645,0.215,10.6108,9.41238,-4.96201,112.964,0.625861,1.66524,0,0.207553
0.645,0.225,10.4062,9.36468,-4.7069,109.414,0.625861,1.66524,0,0.207553
0.645,0.235,10.1986,9.31198,-4.45218,105.83,0.625861,1.66524,0,0.207553
0.645,0.245,9.98836,9.25419,-4.19814,102.224,0.625861,1.66524,0,0.207553
0.645,0.255,9.77661,9.19117,-3.94507,98.6191,0.625861,1.66524,0,0.207553
0.645,0.265,9.57121,9.12273,-3.69069,95.1296,0.625861,1.66524,0,0.207553
0.645,0.275,9.37011,9.0487,-3.4368,91.7291,0.625861,1.66524,0,0.207553
0.645,0.285,9.17087,8.96867,-3.18557,88.3851,0.625861,1.66524,0,0.207553
0.645,0.295,8.97614,8.88195,-2.93772,85.1345,0.625861,1.66524,0,0.207553
0.645,0.305,8.78955,8.78751,-2.69421,82.0249,0.625861,1.66524,0,0.207553
0.645,0.315,8.61609,8.68372,-2.4564,79.1195,0.625861,1.66524,0,0.207553
0.645,0.325,8.46275,8.56819,-2.22614,76.5037,0.625861,1.66524,0,0.207553
0.645,0.335,8.33922,8.43733,-2.00605,74.2949,0.625861,1.66524,0,0.207553
0.645,0.345,8.25879,8.28601,-1.79959,72.6538,0.625861,1.66524,0,0.207553
0.645,0.355,8.23897,8.10718,-1.61112,71.796,0.625861,1.66524,0,0.207553
0.645,0.365,8.30115,7.89198,-1.44539,71.9941,0.625861,1.66524,0,0.207553
0.645,0.375,8.46818,7.63108,-1.30625,73.5544,0.625861,1.66524,0,0.207553
0.645,0.385,8.75817,7.31787,-1.19449,76.7436,0.625861,1.66524,0,0.207553
0.645,0.395,9.1748,6.95319,-1.10553,81.657,0.625861,1.66524,0,0.207553
0.645,0.405,9.69623,6.54905,-1.02902,88.0557,0.625861,1.66524,0,0.207553
0.645,0.415,10.2697,6.12771,-0.95129,95.2782,0.625861,1.66524,0,0.207553
0.645,0.425,10.8194,5.71483,-0.859655,102.345,0.625861,1.66524,0,0.207553
0.645,0.435,11.269,5.32953,-0.745646,108.273,0.625861,1.66524,0,0.207553
0.645,0.445,11.5651,4.97626,-0.605937,112.414,0.625861,1.66524,0,0.207553
0.645,0.455,11.6903,4.6473,-0.439223,114.7,0.625861,1.66524,0,0.207553
0.645,0.465,11.6513,4.32326,-0.24097,115.549,0.625861,1.66524,0,0.207553
0.645,0.475,11.4307,3.92183,0.0136779,116.061,0.625861,1.66524,0,0.207553
0.645,0.485,10.7604,3.41917,0.343991,114.604,0.625861,1.66524,0,0.207553
0.645,0.495,9.63097,2.8418,0.743391,111.427,0.625861,1.66524,0,0.207553
0.645,0.505,7.94253,1.8975,1.14743,105.357,0.625861,1.66524,0,0.207553
0.645,0.515,6.72768,0.889534,1.43243,101.788,0.625861,1.66524,0,0.207553
0.645,0.525,6.02946,-0.117688,1.60556,100.32,0.625861,1.66524,0,0.207553
0.645,0.535,5.71777,-1.2074,1.69791,100.444,0.625861,1.66524,0,0.207553
0.645,0.545,5.64421,-2.63755,1.76478,102.242,0.625861,1.66524,0,0.207553
0.645,0.555,5.89065,-4.77474,1.9011,106.803,0.625861,1.66524,0,0.207553
0.645,0.565,7.11214,-7.64084,2.24388,116.808,0.625861,1.66524,0,0.207553
0.645,0.575,10.8279,-10.497,2.79643,132.67,0.625861,1.66524,0,0.207553
0.645,0.585,19.5012,-12.5912,3.18721,144.187,0.625861,1.66524,0,0.207553
0.645,0.595,35.5199,-13.8333,3.14689,134.876,0.625861,1.66524,0,0.207553
0.645,0.605,58.3445,-14.4767,2.87968,102.959,0.625861,1.66524,0,0.207553
0.645,0.615,86.3429,-14.7692,2.64948,72.8748,0.625861,1.66524,0,0.207553
0.645,0.625,120.968,-14.8867,2.55861,60.9283,0.625861,1.66524,0,0.207553
0.645,0.635,165.15,-14.9338,2.5654,63.5421,0.625861,1.66524,0,0.207553
0.645,0.645,219.923,-14.9562,2.60861,73.559,0.625861,1.66524,0,0.207553
0.645,0.655,284.257,-14.9691,2.65894,87.1644,0.625861,1.66524,0,0.207553
0.645,0.665,356.007,-14.9777,2.70733,102.697,0.625861,1.66524,0,0.207553
0.645,0.675,432.435,-14.9837,2.7516,119.25,0.625861,1.66524,0,0.207553
0.645,0.685,510.503,-14.9881,2.79142,136.138,0.625861,1.66524,0,0.207553
0.645,0.695,587.179,-14.9914,2.82687,152.761,0.625861,1.66524,0,0.207553
0.645,0.705,659.736,-14.9938,2.85816,168.603,0.625861,1.66524,0,0.207553
0.645,0.715,726.006,-14.9956,2.88547,183.248,0.625861,1.66524,0,0.207553
0.645,0.725,784.516,-14.9969,2.90901,196.402,0.625861,1.66524,0,0.207553
0.645,0.735,834.519,-14.9979,2.929,207.889,0.625861,1.66524,0,0.207553
0.645,0.745,875.932,-14.9986,2.94567,217.647,0.625861,1.66524,0,0.207553
0.645,0.755,909.201,-14.9991,2.95929,225.715,0.625861,1.66524,0,0.207553
0.645,0.765,935.145,-14.9994,2.97018,232.202,0.625861,1.66524,0,0.207553
0.645,0.775,954.796,-14.9996,2.97867,237.275,0.625861,1.66524,0,0.207553
0.645,0.785,969.26,-14.9998,2.98512,241.131,0.625861,1.66524,0,0.207553
0.645,0.795,979.608,-14.9999,2.98988,243.978,0.625861,1.66524,0,0.207553
0.645,0.805,986.805,-14.9999,2.9933,246.018,0.625861,1.66524,0,0.207553
0.645,0.815,991.673,-15,2.99568,247.437,0.625861,1.66524,0,0.207553
0.645,0.825,994.875,-15,2.99729,248.394,0.625861,1.66524,0,0.207553
0.645,0.835,996.924,-15,2.99835,249.021,0.625861,1.66524,0,0.207553
0.645,0.845,998.2,-15,2.99902,249.419,0.625861,1.66524,0,0.207553
0.645,0.855,998.972,-15,2.99943,249.664,0.625861,1.66524,0,0.207553
0.645,0.865,999.428,-15,2.99968,249.811,0.625861,1.66524,0,0.207553
0.645,0.875,999.689,-15,2.99983,249.896,0.625861,1.66524,0,0.207553
0.645,0.885,999.835,-15,2.99991,249.945,0.625861,1.66524,0,0.207553
0.645,0.895,999.915,-15,2.99995,249.971,0.625861,1.66524,0,0.207553
0.645,0.905,999.957,-15,2.99998,249.985,0.625861,1.66524,0,0.207553
0.645,0.915,999.979,-15,2.99999,249.993,0.625861,1.66524,0,0.207553
0.645,0.925,999.99,-15,2.99999,249.996,0.625861,1.66524,0,0.207553
0.645,0.935,999.995,-15,3,249.998,0.625861,1.66524,0,0.207553
0.645,0.945,999.998,-15,3,249.999,0.625861,1.66524,0,0.207553
0.645,0.955,999.999,-15,3,250,0.625861,1.66524,0,0.207553
0.645,0.965,1000,-15,3,250,0.625861,1.66524,0,0.207553
0.645,0.975,1000,-15,3,250,0.625861,1.66524,0,0.207553
0.645,0.985,1000,-15,3,250,0.625861,1.66524,0,0.207553
0.645,0.995,1000,-15,3,250,0.625861,1.66524,0,0.207553
0.655,0.005,23.4931,6.96158,-8.65055,372.759,0.759939,1.80011,0,0.272364
0.655,0.015,22.1223,7.23383,-8.60394,340.885,0.759939,1.80011,0,0.272364
0.655,0.025,20.6476,7.5401,-8.55844,307.832,0.759939,1.80011,0,0.272364
0.655,0.035,19.1562,7.8673,-8.50844,275.519,0.759939,1.80011,0,0.272364
0.655,0.045,17.742,8.19588,-8.4462,245.884,0.759939,1.80011,0,0.272364
0.655,0.055,16.4793,8.50484,-8.36402,220.301,0.759939,1.80011,0,0.272364
0.655,0.065,15.4077,8.77738,-8.25643,199.31,0.759939,1.80011,0,0.272364
0.655,0.075,14.5318,9.00432,-8.1215,182.704,0.759939,1.80011,0,0.272364
0.655,0.085,13.8315,9.1843,-7.96065,169.827,0.759939,1.80011,0,0.272364
0.655,0.095,13.2754,9.32138,-7.77742,159.867,0.759939,1.80011,0,0.272364
0.655,0.105,12.8301,9.4222,-7.57615,152.063,0.759939,1.80011,0,0.272364
0.655,0.115,12.4661,9.49373,-7.361,145.786,0.759939,1.80011,0,0.272364
0.655,0.125,12.1599,9.54212,-7.13546,140.559,0.759939,1.80011,0,0.272364
0.655,0.135,11.8935,9.57231,-6.90226,136.034,0.759939,1.80011,0,0.272364
0.655,0.145,11.6539,9.58803,-6.66343,131.971,0.759939,1.80011,0,0.272364
0.655,0.155,11.4319,9.59202,-6.42047,128.201,0.759939,1.80011,0,0.272364
0.655,0.165,11.2209,9.58621,-6.17449,124.612,0.759939,1.80011,0,0.272364
0.655,0.175,11.0166,9.57199,-5.92631,121.128,0.759939,1.80011,0,0.272364
0.655,0.185,10.816,9.55031,-5.67656,117.703,0.759939,1.80011,0,0.272364
0.655,0.195,10.6173,9.52181,-5.42574,114.306,0.759939,1.80011,0,0.272364
0.655,0.205,10.4193,9.4869,-5.17427,110.922,0.759939,1.80011,0,0.272364
0.655,0.215,10.2214,9.44581,-4.92256,107.545,0.759939,1.80011,0,0.272364
0.655,0.225,10.0237,9.39861,-4.67096,104.178,0.759939,1.80011,0,0.272364
0.655,0.235,9.82645,9.34526,-4.41988,100.828,0.759939,1.80011,0,0.272364
0.655,0.245,9.63048,9.28557,-4.16975,97.5105,0.759939,1.80011,0,0.272364
0.655,0.255,9.43719,9.21916,-3.921,94.249,0.759939,1.80011,0,0.272364
0.655,0.265,9.25515,9.14549,-3.67153,91.1646,0.759939,1.80011,0,0.272364
0.655,0.275,9.0833,9.0639,-3.42347,88.242,0.759939,1.80011,0,0.272364
0.655,0.285,8.921,8.97323,-3.17935,85.4702,0.759939,1.80011,0,0.272364
0.655,0.295,8.77311,8.87178,-2.94042,82.9123,0.759939,1.80011,0,0.272364
0.655,0.305,8.64622,8.75708,-2.70834,80.653,0.759939,1.80011,0,0.272364
0.655,0.315,8.54918,8.62565,-2.48533,78.8056,0.759939,1.80011,0,0.272364
0.655,0.325,8.49362,8.47279,-2.27418,77.5194,0.759939,1.80011,0,0.272364
0.655,0.335,8.49418,8.29244,-2.07825,76.9866,0.759939,1.80011,0,0.272364
0.655,0.345,8.56807,8.07748,-1.90106,77.4398,0.759939,1.80011,0,0.272364
0.655,0.355,8.73301,7.82089,-1.74538,79.1306,0.759939,1.80011,0,0.272364
0.655,0.365,9.00285,7.5181,-1.61191,82.2731,0.759939,1.80011,0,0.272364
0.655,0.375,9.38055,7.17017,-1.49781,86.9463,0.759939,1.80011,0,0.272364
0.655,0.385,9.8503,6.78627,-1.39628,92.9754,0.759939,1.80011,0,0.272364
0.655,0.395,10.3726,6.38355,-1.29771,99.8523,0.759939,1.80011,0,0.272364
0.655,0.405,10.8879,5.98313,-1.19227,106.782,0.759939,1.80011,0,0.272364
0.655,0.415,11.3312,5.60376,-1.0724,112.892,0.759939,1.80011,0,0.272364
0.655,0.425,11.6513,5.25608,-0.933878,117.524,0.759939,1.80011,0,0.272364
0.655,0.435,11.8244,4.93957,-0.775119,120.436,0.759939,1.80011,0,0.272364
0.655,0.445,11.8519,4.64236,-0.595617,121.776,0.759939,1.80011,0,0.272364
0.655,0.455,11.7488,4.34515,-0.392797,121.979,0.759939,1.80011,0,0.272364
0.655,0.465,11.526,4.01393,-0.153534,121.724,0.759939,1.80011,0,0.272364
0.655,0.475,11.0233,3.58455,0.143022,120.945,0.759939,1.80011,0,0.272364
0.655,0.485,10.1178,3.0943,0.496219,118.089,0.759939,1.80011,0,0.272364
0.655,0.495,8.93691,2.50493,0.886692,114.72,0.759939,1.80011,0,0.272364
0.655,0.505,7.55235,1.66194,1.26084,109.64,0.759939,1.80011,0,0.272364
0.655,0.515,6.59446,0.77259,1.52653,106.545,0.759939,1.80011,0,0.272364
0.655,0.525,6.0906,-0.120477,1.68872,105.23,0.759939,1.80011,0,0.272364
0.655,0.535,5.89304,-1.11345,1.77463,105.398,0.759939,1.80011,0,0.272364
0.655,0.545,5.86261,-2.47695,1.83778,107.256,0.759939,1.80011,0,0.272364
0.655,0.555,6.11138,-4.59151,1.97642,112.119,0.759939,1.80011,0,0.272364
0.655,0.565,7.35619,-7.49777,2.33395,122.931,0.759939,1.80011,0,0.272364
0.655,0.575,11.191,-10.4315,2.89559,139.317,0.759939,1.80011,0,0.272364
0.655,0.585,20.0733,-12.5888,3.25021,148.735,0.759939,1.80011,0,0.272364
0.655,0.595,36.1191,-13.8578,3.15298,134.133,0.759939,1.80011,0,0.272364
0.655,0.605,58.4869,-14.5006,2.85296,98.2917,0.759939,1.80011,0,0.272364
0.655,0.615,85.9191,-14.7821,2.62329,68.735,0.759939,1.80011,0,0.272364
0.655,0.625,120.397,-14.8914,2.54557,58.8701,0.759939,1.80011,0,0.272364
0.655,0.635,164.757,-14.9352,2.56096,62.7788,0.759939,1.80011,0,0.272364
0.655,0.645,219.732,-14.9565,2.60737,73.3143,0.759939,1.80011,0,0.272364
0.655,0.655,284.181,-14.9692,2.65863,87.0924,0.759939,1.80011,0,0.272364
0.655,0.665,355.981,-14.9777,2.70726,102.677,0.759939,1.80011,0,0.272364
0.655,0.675,432.427,-14.9837,2.75159,119.245,0.759939,1.80011,0,0.272364
0.655,0.685,510.501,-14.9881,2.79141,136.136,0.759939,1.80011,0,0.272364
0.655,0.695,587.178,-14.9914,2.82687,152.761,0.759939,1.80011,0,0.272364
0.655,0.705,659.736,-14.9938,2.85816,168.603,0.759939,1.80011,0,0.272364
0.655,0.715,726.006,-14.9956,2.88547,183.248,0.759939,1.80011,0,0.272364
0.655,0.725,784.516,-14.9969,2.90901,196.402,0.759939,1.80011,0,0.272364
0.655,0.735,834.519,-14.9979,2.929,207.889,0.759939,1.80011,0,0.272364
0.655,0.745,875.932,-14.9986,2.94567,217.647,0.759939,1.80011,0,0.272364
0.655,0.755,909.201,-14.9991,2.95929,225.715,0.759939,1.80011,0,0.272364
0.655,0.765,935.145,-14.9994,2.97018,232.202,0.759939,1.80011,0,0.272364
0.655,0.775,954.796,-14.9996,2.97867,237.275,0.759939,1.80011,0,0.272364
0.655,0.785,969.26,-14.9998,2.98512,241.131,0.759939,1.80011,0,0.272364
0.655,0.795,979.608,-14.9999,2.98988,243.978,0.759939,1.80011,0,0.272364
0.655,0.805,986.805,-14.9999,2.9933,246.018,0.759939,1.80011,0,0.272364
0.655,0.815,991.673,-15,2.99568,247.437,0.759939,1.80011,0,0.272364
0.655,0.825,994.875,-15,2.99729,248.394,0.759939,1.80011,0,0.272364
0.655,0.835,996.924,-15,2.99835,249.021,0.759939,1.80011,0,0.272364
0.655,0.845,998.2,-15,2.99902,249.419,0.759939,1.80011,0,0.272364
0.655,0.855,998.972,-15,2.99943,249.664,0.759939,1.80011,0,0.272364
0.655,0.865,999.428,-15,2.99968,249.811,0.759939,1.80011,0,0.272364
0.655,0.875,999.689,-15,2.99983,249.896,0.759939,1.80011,0,0.272364
0.655,0.885,999.835,-15,2.99991,249.945,0.759939,1.80011,0,0.272364
0.655,0.895,999.915,-15,2.99995,249.971,0.759939,1.80011,0,0.272364
0.655,0.905,999.957,-15,2.99998,249.985,0.759939,1.80011,0,0.272364
0.655,0.915,999.979,-15,2.99999,249.993,0.759939,1.80011,0,0.272364
0.655,0.925,999.99,-15,2.99999,249.996,0.759939,1.80011,0,0.272364
0.655,0.935,999.995,-15,3,249.998,0.759939,1.80011,0,0.272364
0.655,0.945,999.998,-15,3,249.999,0.759939,1.80011,0,0.272364
0.655,0.955,999.999,-15,3,250,0.759939,1.80011,0,0.272364
0.655,0.965,1000,-15,3,250,0.759939,1.80011,0,0.272364
0.655,0.975,1000,-15,3,250,0.759939,1.80011,0,0.272364
0.655,0.985,1000,-15,3,250,0.759939,1.80011,0,0.272364
0.655,0.995,1000,-15,3,250,0.759939,1.80011,0,0.272364
0.665,0.005,24.6057,6.6433,-8.38142,402.577,0.91607,1.93497,0,0.353802
0.665,0.015,23.637,6.82682,-8.30848,378.489,0.91607,1.93497,0,0.353802
0.665,0.025,22.5262,7.04017,-8.23574,352.154,0.91607,1.93497,0,0.353802
0.665,0.035,21.2949,7.28409,-8.16305,324.049,0.91607,1.93497,0,0.353802
0.665,0.045,19.9892,7.55412,-8.08829,295.207,0.91607,1.93497,0,0.353802
0.665,0.055,18.6723,7.84024,-8.00765,266.987,0.91607,1.93497,0,0.353802
0.665,0.065,17.4098,8.12844,-7.91633,240.728,0.91607,1.93497,0,0.353802
0.665,0.075,16.2555,8.40363,-7.80966,217.422,0.91607,1.93497,0,0.353802
0.665,0.085,15.2414,8.65298,-7.68416,197.546,0.91607,1.93497,0,0.353802
0.665,0.095,14.3769,8.86818,-7.53835,181.087,0.91607,1.93497,0,0.353802
0.665,0.105,13.654,9.04596,-7.37266,167.696,0.91607,1.93497,0,0.353802
0.665,0.115,13.0543,9.18716,-7.18901,156.859,0.91607,1.93497,0,0.353802
0.665,0.125,12.5556,9.29521,-6.9901,148.039,0.91607,1.93497,0,0.353802
0.665,0.135,12.1365,9.37458,-6.77878,140.752,0.91607,1.93497,0,0.353802
0.665,0.145,11.7781,9.42984,-6.55769,134.602,0.91607,1.93497,0,0.353802
0.665,0.155,11.4652,9.46504,-6.32908,129.281,0.91607,1.93497,0,0.353802
0.665,0.165,11.1859,9.48349,-6.09481,124.559,0.91607,1.93497,0,0.353802
0.665,0.175,10.9315,9.48782,-5.85634,120.269,0.91607,1.93497,0,0.353802
0.665,0.185,10.6955,9.47996,-5.61482,116.293,0.91607,1.93497,0,0.353802
0.665,0.195,10.4734,9.46134,-5.37121,112.551,0.91607,1.93497,0,0.353802
0.665,0.205,10.2621,9.43289,-5.1263,108.99,0.91607,1.93497,0,0.353802
0.665,0.215,10.0599,9.39518,-4.88077,105.579,0.91607,1.93497,0,0.353802
0.665,0.225,9.86603,9.34845,-4.6353,102.303,0.91607,1.93497,0,0.353802
0.665,0.235,9.68063,9.2926,-4.39054,99.164,0.91607,1.93497,0,0.353802
0.665,0.245,9.5047,9.2272,-4.14723,96.1741,0.91607,1.93497,0,0.353802
0.665,0.255,9.34047,9.15146,-3.90608,93.365,0.91607,1.93497,0,0.353802
0.665,0.265,9.19803,9.06415,-3.66519,90.8763,0.91607,1.93497,0,0.353802
0.665,0.275,9.07708,8.96391,-3.42753,88.7008,0.91607,1.93497,0,0.353802
0.665,0.285,8.97991,8.8484,-3.19597,86.8672,0.91607,1.93497,0,0.353802
0.665,0.295,8.91423,8.71443,-2.97238,85.4795,0.91607,1.93497,0,0.353802
0.665,0.305,8.88969,8.55805,-2.75892,84.6697,0.91607,1.93497,0,0.353802
0.665,0.315,8.9178,8.37459,-2.55805,84.5985,0.91607,1.93497,0,0.353802
0.665,0.325,9.01117,8.15911,-2.37209,85.4476,0.91607,1.93497,0,0.353802
0.665,0.335,9.18179,7.90737,-2.20278,87.3978,0.91607,1.93497,0,0.353802
0.665,0.345,9.43775,7.61739,-2.05039,90.5841,0.91607,1.93497,0,0.353802
0.665,0.355,9.77861,7.29133,-1.91305,95.0282,0.91607,1.93497,0,0.353802
0.665,0.365,10.1904,6.93674,-1.78645,100.561,0.91607,1.93497,0,0.353802
0.665,0.375,10.6425,6.56633,-1.66441,106.776,0.91607,1.93497,0,0.353802
0.665,0.385,11.0902,6.19562,-1.54021,113.057,0.91607,1.93497,0,0.353802
0.665,0.395,11.4831,5.83911,-1.40809,118.711,0.91607,1.93497,0,0.353802
0.665,0.405,11.7785,5.50645,-1.26421,123.169,0.91607,1.93497,0,0.353802
0.665,0.415,11.9524,5.20029,-1.10663,126.155,0.91607,1.93497,0,0.353802
0.665,0.425,12.0018,4.91614,-0.934373,127.726,0.91607,1.93497,0,0.353802
0.665,0.435,11.9375,4.64387,-0.746111,128.166,0.91607,1.93497,0,0.353802
0.665,0.445,11.7721,4.36858,-0.538864,127.831,0.91607,1.93497,0,0.353802
0.665,0.455,11.5122,4.06927,-0.304941,127.103,0.91607,1.93497,0,0.353802
0.665,0.465,11.0978,3.70631,-0.0281506,126.304,0.91607,1.93497,0,0.353802
0.665,0.475,10.3346,3.28285,0.296812,123.936,0.91607,1.93497,0,0.353802
0.665,0.485,9.34513,2.78582,0.656329,120.861,0.91607,1.93497,0,0.353802
0.665,0.495,8.23784,2.19857,1.03234,117.558,0.91607,1.93497,0,0.353802
0.665,0.505,7.17011,1.44515,1.37698,113.435,0.91607,1.93497,0,0.353802
0.665,0.515,6.48912,0.663568,1.62241,110.878,0.91607,1.93497,0,0.353802
0.665,0.525,6.17435,-0.123935,1.7715,109.834,0.91607,1.93497,0,0.353802
0.665,0.535,6.07963,-1.02701,1.84997,110.167,0.91607,1.93497,0,0.353802
0.665,0.545,6.08765,-2.3274,1.91033,112.224,0.91607,1.93497,0,0.353802
0.665,0.555,6.34119,-4.42039,2.05476,117.585,0.91607,1.93497,0,0.353802
0.665,0.565,7.6206,-7.36604,2.4315,129.449,0.91607,1.93497,0,0.353802
0.665,0.575,11.588,-10.378,3.00049,146.24,0.91607,1.93497,0,0.353802
0.665,0.585,20.6684,-12.598,3.30947,152.752,0.91607,1.93497,0,0.353802
0.665,0.595,36.6651,-13.8902,3.15014,132.136,0.91607,1.93497,0,0.353802
0.665,0.605,58.5055,-14.5273,2.82003,92.8459,0.91607,1.93497,0,0.353802
0.665,0.615,85.4173,-14.795,2.5961,64.6032,0.91607,1.93497,0,0.353802
0.665,0.625,119.839,-14.8957,2.53346,57.0157,0.91607,1.93497,0,0.353802
0.665,0.635,164.411,-14.9363,2.55717,62.1392,0.91607,1.93497,0,0.353802
0.665,0.645,219.575,-14.9568,2.60639,73.1206,0.91607,1.93497,0,0.353802
0.665,0.655,284.123,-14.9692,2.6584,87.0382,0.91607,1.93497,0,0.353802
0.665,0.665,355.962,-14.9777,2.70721,102.663,0.91607,1.93497,0,0.353802
0.665,0.675,432.421,-14.9837,2.75158,119.241,0.91607,1.93497,0,0.353802
0.665,0.685,510.5,-14.9881,2.79141,136.135,0.91607,1.93497,0,0.353802
0.665,0.695,587.178,-14.9914,2.82687,152.76,0.91607,1.93497,0,0.353802
0.665,0.705,659.736,-14.9938,2.85816,168.603,0.91607,1.93497,0,0.353802
0.665,0.715,726.006,-14.9956,2.88547,183.248,0.91607,1.93497,0,0.353802
0.665,0.725,784.516,-14.9969,2.90901,196.402,0.91607,1.93497,0,0.353802
0.665,0.735,834.519,-14.9979,2.929,207.889,0.91607,1.93497,0,0.353802
0.665,0.745,875.932,-14.9986,2.94567,217.647,0.91607,1.93497,0,0.353802
0.665,0.755,909.201,-14.9991,2.95929,225.715,0.91607,1.93497,0,0.353802
0.665,0.765,935.145,-14.9994,2.97018,232.202,0.91607,1.93497,0,0.353802
0.665,0.775,954.796,-14.9996,2.97867,237.275,0.91607,1.93497,0,0.353802
0.665,0.785,969.26,-14.9998,2.98512,241.131,0.91607,1.93497,0,0.353802
0.665,0.795,979.608,-14.9999,2.98988,243.978,0.91607,1.93497,0,0.353802
0.665,0.805,986.805,-14.9999,2.9933,246.018,0.91607,1.93497,0,0.353802
0.665,0.815,991.673,-15,2.99568,247.437,0.91607,1.93497,0,0.353802
0.665,0.825,994.875,-15,2.99729,248.394,0.91607,1.93497,0,0.353802
0.665,0.835,996.924,-15,2.99835,249.021,0.91607,1.93497,0,0.353802
0.665,0.845,998.2,-15,2.99902,249.419,0.91607,1.93497,0,0.353802
0.665,0.855,998.972,-15,2.99943,249.664,0.91607,1.93497,0,0.353802
0.665,0.865,999.428,-15,2.99968,249.811,0.91607,1.93497,0,0.353802
0.665,0.875,999.689,-15,2.99983,249.896,0.91607,1.93497,0,0.353802
0.665,0.885,999.835,-15,2.99991,249.945,0.91607,1.93497,0,0.353802
0.665,0.895,999.915,-15,2.99995,249.971,0.91607,1.93497,0,0.353802
0.665,0.905,999.957,-15,2.99998,249.985,0.91607,1.93497,0,0.353802
0.665,0.915,999.979,-15,2.99999,249.993,0.91607,1.93497,0,0.353802
0.665,0.925,999.99,-15,2.99999,249.996,0.91607,1.93497,0,0.353802
0.665,0.935,999.995,-15,3,249.998,0.91607,1.93497,0,0.353802
0.665,0.945,999.998,-15,3,249.999,0.91607,1.93497,0,0.353802
0.665,0.955,999.999,-15,3,250,0.91607,1.93497,0,0.353802
0.665,0.965,1000,-15,3,250,0.91607,1.93497,0,0.353802
0.665,0.975,1000,-15,3,250,0.91607,1.93497,0,0.353802
0.665,0.985,1000,-15,3,250,0.91607,1.93497,0,0.353802
0.665,0.995,1000,-15,3,250,0.91607,1.93497,0,0.353802
0.675,0.005,25.0525,6.43877,-8.15431,419.297,1,2,0,0.4
0.675,0.015,24.3912,6.56388,-8.06935,400.958,1,2,0,0.4
0.675,0.025,23.6283,6.7048,-7.98001,381.286,1,2,0,0.4
0.675,0.035,22.7566,6.86547,-7.88797,360.008,1,2,0,0.4
0.675,0.045,21.7809,7.04822,-7.79365,337.174,1,2,0,0.4
0.675,0.055,20.7188,7.25302,-7.6966,313.155,1,2,0,0.4
0.675,0.065,19.6014,7.47663,-7.59545,288.625,1,2,0,0.4
0.675,0.075,18.4696,7.71253,-7.48804,264.448,1,2,0,0.4
0.675,0.085,17.3667,7.95168,-7.37172,241.497,1,2,0,0.4
0.675,0.095,16.3303,8.18409,-7.24395,220.478,1,2,0,0.4
0.675,0.105,15.3866,8.40058,-7.10273,201.821,1,2,0,0.4
0.675,0.115,14.5488,8.59409,-6.94702,185.659,1,2,0,0.4
0.675,0.125,13.8179,8.76039,-6.77683,171.894,1,2,0,0.4
0.675,0.135,13.1872,8.8979,-6.59302,160.274,1,2,0,0.4
0.675,0.145,12.645,9.00711,-6.39708,150.481,1,2,0,0.4
0.675,0.155,12.1782,9.08981,-6.1908,142.192,1,2,0,0.4
0.675,0.165,11.7739,9.14841,-5.97603,135.116,1,2,0,0.4
0.675,0.175,11.4208,9.18539,-5.75452,129.004,1,2,0,0.4
0.675,0.185,11.1097,9.20302,-5.52787,123.66,1,2,0,0.4
0.675,0.195,10.8333,9.20315,-5.2975,118.935,1,2,0,0.4
0.675,0.205,10.5862,9.18717,-5.06467,114.72,1,2,0,0.4
0.675,0.215,10.3649,9.15597,-4.83056,110.943,1,2,0,0.4
0.675,0.225,10.1676,9.10992,-4.59625,107.559,1,2,0,0.4
0.675,0.235,9.99374,9.04889,-4.36285,104.551,1,2,0,0.4
0.675,0.245,9.84434,8.97222,-4.13149,101.926,1,2,0,0.4
0.675,0.255,9.72314,8.87861,-3.90283,99.734,1,2,0,0.4
0.675,0.265,9.64022,8.76658,-3.67567,98.1139,1,2,0,0.4
0.675,0.275,9.59403,8.63496,-3.454,97.0398,1,2,0,0.4
0.675,0.285,9.58979,8.4806,-3.24011,96.5878,1,2,0,0.4
0.675,0.295,9.63474,8.30064,-3.03578,96.8644,1,2,0,0.4
0.675,0.305,9.73627,8.09257,-2.84249,97.9816,1,2,0,0.4
0.675,0.315,9.90029,7.85485,-2.66122,100.035,1,2,0,0.4
0.675,0.325,10.1291,7.58777,-2.49203,103.07,1,2,0,0.4
0.675,0.335,10.4183,7.29429,-2.33376,107.041,1,2,0,0.4
0.675,0.345,10.7548,6.98054,-2.1839,111.77,1,2,0,0.4
0.675,0.355,11.1147,6.65544,-2.03884,116.928,1,2,0,0.4
0.675,0.365,11.466,6.32937,-1.89448,122.059,1,2,0,0.4
0.675,0.375,11.7728,6.01207,-1.74697,126.668,1,2,0,0.4
0.675,0.385,12.0041,5.71048,-1.59329,130.334,1,2,0,0.4
0.675,0.395,12.14,5.42725,-1.43149,132.827,1,2,0,0.4
0.675,0.405,12.1748,5.16042,-1.26035,134.148,1,2,0,0.4
0.675,0.415,12.1142,4.90436,-1.07874,134.483,1,2,0,0.4
0.675,0.425,11.9685,4.65102,-0.884752,134.109,1,2,0,0.4
0.675,0.435,11.746,4.39053,-0.674725,133.297,1,2,0,0.4
0.675,0.445,11.4491,4.10908,-0.441571,132.287,1,2,0,0.4
0.675,0.455,11.0463,3.79297,-0.175483,131.082,1,2,0,0.4
0.675,0.465,10.3921,3.41657,0.130531,129.115,1,2,0,0.4
0.675,0.475,9.52892,2.98936,0.471332,126.271,1,2,0,0.4
0.675,0.485,8.56627,2.49179,0.831243,123.189,1,2,0,0.4
0.675,0.495,7.6347,1.92094,1.18956,120.12,1,2,0,0.4
0.675,0.505,6.87612,1.24972,1.5039,116.872,1,2,0,0.4
0.675,0.515,6.44725,0.567708,1.72581,114.912,1,2,0,0.4
0.675,0.525,6.29357,-0.122405,1.85882,114.262,1,2,0,0.4
0.675,0.535,6.28439,-0.942348,1.92839,114.893,1,2,0,0.4
0.675,0.545,6.32517,-2.18353,1.98641,117.306,1,2,0,0.4
0.675,0.555,6.58611,-4.25758,2.13966,123.378,1,2,0,0.4
0.675,0.565,7.91084,-7.24537,2.53911,136.494,1,2,0,0.4
0.675,0.575,12.021,-10.3388,3.11093,153.384,1,2,0,0.4
0.675,0.585,21.2759,-12.6209,3.36274,155.946,1,2,0,0.4
0.675,0.595,37.1343,-13.931,3.13666,128.683,1,2,0,0.4
0.675,0.605,58.3914,-14.5564,2.78096,86.7138,1,2,0,0.4
0.675,0.615,84.8547,-14.8076,2.56865,60.5973,1,2,0,0.4
0.675,0.625,119.31,-14.8995,2.52254,55.3912,1,2,0,0.4
0.675,0.635,164.115,-14.9372,2.55403,61.618,1,2,0,0.4
0.675,0.645,219.451,-14.957,2.60563,72.9716,1,2,0,0.4
0.675,0.655,284.08,-14.9693,2.65823,86.9985,1,2,0,0.4
0.675,0.665,355.948,-14.9777,2.70717,102.653,1,2,0,0.4
0.675,0.675,432.417,-14.9837,2.75157,119.239,1,2,0,0.4
0.675,0.685,510.499,-14.9881,2.79141,136.135,1,2,0,0.4
0.675,0.695,587.177,-14.9914,2.82687,152.76,1,2,0,0.4
0.675,0.705,659.736,-14.9938,2.85816,168.602,1,2,0,0.4
0.675,0.715,726.006,-14.9956,2.88547,183.248,1,2,0,0.4
0.675,0.725,784.516,-14.9969,2.90901,196.402,1,2,0,0.4
0.675,0.735,834.519,-14.9979,2.929,207.889,1,2,0,0.4
0.675,0.745,875.932,-14.9986,2.94567,217.647,1,2,0,0.4
0.675,0.755,909.201,-14.9991,2.95929,225.715,1,2,0,0.4
0.675,0.765,935.145,-14.9994,2.97018,232.202,1,2,0,0.4
0.675,0.775,954.796,-14.9996,2.97867,237.275,1,2,0,0.4
0.675,0.785,969.26,-14.9998,2.98512,241.131,1,2,0,0.4
0.675,0.795,979.608,-14.9999,2.98988,243.978,1,2,0,0.4
0.675,0.805,986.805,-14.9999,2.9933,246.018,1,2,0,0.4
0.675,0.815,991.673,-15,2.99568,247.437,1,2,0,0.4
0.675,0.825,994.875,-15,2.99729,248.394,1,2,0,0.4
0.675,0.835,996.924,-15,2.99835,249.021,1,2,0,0.4
0.675,0.845,998.2,-15,2.99902,249.419,1,2,0,0.4
0.675,0.855,998.972,-15,2.99943,249.664,1,2,0,0.4
0.675,0.865,999.428,-15,2.99968,249.811,1,2,0,0.4
0.675,0.875,999.689,-15,2.99983,249.896,1,2,0,0.4
0.675,0.885,999.835,-15,2.99991,249.945,1,2,0,0.4
0.675,0.895,999.915,-15,2.99995,249.971,1,2,0,0.4
0.675,0.905,999.957,-15,2.99998,249.985,1,2,0,0.4
0.675,0.915,999.979,-15,2.99999,249.993,1,2,0,0.4
0.675,0.925,999.99,-15,2.99999,249.996,1,2,0,0.4
0.675,0.935,999.995,-15,3,249.998,1,2,0,0.4
0.675,0.945,999.998,-15,3,249.999,1,2,0,0.4
0.675,0.955,999.999,-15,3,250,1,2,0,0.4
0.675,0.965,1000,-15,3,250,1,2,0,0.4
0.675,0.975,1000,-15,3,250,1,2,0,0.4
0.675,0.985,1000,-15,3,250,1,2,0,0.4
0.675,0.995,1000,-15,3,250,1,2,0,0.4
0.685,0.005,25.0495,6.29864,-7.94017,428.434,1,2,0,0.4
0.685,0.015,24.5811,6.39188,-7.85479,413.021,1,2,0,0.4
0.685,0.025,24.0515,6.49069,-7.76075,397.365,1,2,0,0.4
0.685,0.035,23.4494,6.59822,-7.66079,381.004,1,2,0,0.4
0.685,0.045,22.7715,6.71683,-7.55605,363.726,1,2,0,0.4
0.685,0.055,22.0185,6.84835,-7.44704,345.458,1,2,0,0.4
0.685,0.065,21.1961,6.99383,-7.33388,326.263,1,2,0,0.4
0.685,0.075,20.316,7.15297,-7.21625,306.364,1,2,0,0.4
0.685,0.085,19.397,7.32372,-7.09346,286.146,1,2,0,0.4
0.685,0.095,18.4632,7.50219,-6.96445,266.102,1,2,0,0.4
0.685,0.105,17.5409,7.68308,-6.82799,246.753,1,2,0,0.4
0.685,0.115,16.6543,7.86029,-6.6829,228.559,1,2,0,0.4
0.685,0.125,15.8231,8.02782,-6.52827,211.859,1,2,0,0.4
0.685,0.135,15.0603,8.18046,-6.36361,196.839,1,2,0,0.4
0.685,0.145,14.3722,8.3142,-6.18895,183.549,1,2,0,0.4
0.685,0.155,13.7597,8.42644,-6.00476,171.931,1,2,0,0.4
0.685,0.165,13.2198,8.5158,-5.81192,161.856,1,2,0,0.4
0.685,0.175,12.7475,8.58187,-5.61159,153.164,1,2,0,0.4
0.685,0.185,12.3366,8.62487,-5.40507,145.69,1,2,0,0.4
0.685,0.195,11.9812,8.64533,-5.19375,139.283,1,2,0,0.4
0.685,0.205,11.6762,8.6438,-4.97902,133.815,1,2,0,0.4
0.685,0.215,11.4178,8.62072,-4.76228,129.186,1,2,0,0.4
0.685,0.225,11.2032,8.57625,-4.54491,125.324,1,2,0,0.4
0.685,0.235,11.0311,8.51023,-4.32825,122.186,1,2,0,0.4
0.685,0.245,10.9016,8.42212,-4.11355,119.756,1,2,0,0.4
0.685,0.255,10.8219,8.311,-3.89973,118.132,1,2,0,0.4
0.685,0.265,10.7883,8.1779,-3.68977,117.243,1,2,0,0.4
0.685,0.275,10.8033,8.02203,-3.485,117.124,1,2,0,0.4
0.685,0.285,10.8675,7.84246,-3.28697,117.781,1,2,0,0.4
0.685,0.295,10.9807,7.63941,-3.09658,119.214,1,2,0,0.4
0.685,0.305,11.1402,7.41437,-2.91406,121.387,1,2,0,0.4
0.685,0.315,11.3393,7.17034,-2.73895,124.204,1,2,0,0.4
0.685,0.325,11.5661,6.91187,-2.57004,127.49,1,2,0,0.4
0.685,0.335,11.8029,6.64476,-2.40549,130.994,1,2,0,0.4
0.685,0.345,12.0281,6.37535,-2.2431,134.403,1,2,0,0.4
0.685,0.355,12.2186,6.10952,-2.08056,137.396,1,2,0,0.4
0.685,0.365,12.354,5.85155,-1.91579,139.705,1,2,0,0.4
0.685,0.375,12.4202,5.60335,-1.74713,141.174,1,2,0,0.4
0.685,0.385,12.4113,5.36411,-1.57326,141.785,1,2,0,0.4
0.685,0.395,12.3284,5.13066,-1.393,141.647,1,2,0,0.4
0.685,0.405,12.177,4.89819,-1.20487,140.942,1,2,0,0.4
0.685,0.415,11.9625,4.66089,-1.00652,139.865,1,2,0,0.4
0.685,0.425,11.6881,4.41207,-0.794079,138.59,1,2,0,0.4
0.685,0.435,11.3543,4.14283,-0.560847,137.278,1,2,0,0.4
0.685,0.445,10.933,3.85167,-0.300331,135.725,1,2,0,0.4
0.685,0.455,10.3505,3.51516,-0.00567751,133.85,1,2,0,0.4
0.685,0.465,9.57842,3.13374,0.322466,131.174,1,2,0,0.4
0.685,0.475,8.72713,2.70249,0.672361,128.221,1,2,0,0.4
0.685,0.485,7.89118,2.21359,1.02792,125.274,1,2,0,0.4
0.685,0.495,7.18818,1.67273,1.36456,122.572,1,2,0,0.4
0.685,0.505,6.70162,1.07995,1.64622,120.136,1,2,0,0.4
0.685,0.515,6.47806,0.49039,1.84099,118.829,1,2,0,0.4
0.685,0.525,6.45175,-0.110605,1.95497,118.683,1,2,0,0.4
0.685,0.535,6.51161,-0.854333,2.01391,119.739,1,2,0,0.4
0.685,0.545,6.58016,-2.04123,2.06967,122.666,1,2,0,0.4
0.685,0.555,6.85112,-4.10136,2.23434,129.656,1,2,0,0.4
0.685,0.565,8.23112,-7.13741,2.65881,144.154,1,2,0,0.4
0.685,0.575,12.4891,-10.3174,3.22576,160.598,1,2,0,0.4
0.685,0.585,21.8796,-12.6603,3.40702,157.926,1,2,0,0.4
0.685,0.595,37.5004,-13.9809,3.11079,123.595,1,2,0,0.4
0.685,0.605,58.1422,-14.5874,2.73626,80.0505,1,2,0,0.4
0.685,0.615,84.2533,-14.8195,2.54174,56.8369,1,2,0,0.4
0.685,0.625,118.825,-14.9027,2.513,54.0118,1,2,0,0.4
0.685,0.635,163.868,-14.938,2.55151,61.2059,1,2,0,0.4
0.685,0.645,219.355,-14.9571,2.60505,72.8605,1,2,0,0.4
0.685,0.655,284.048,-14.9693,2.65811,86.9704,1,2,0,0.4
0.685,0.665,355.939,-14.9777,2.70715,102.646,1,2,0,0.4
0.685,0.675,432.415,-14.9837,2.75156,119.237,1,2,0,0.4
0.685,0.685,510.498,-14.9881,2.79141,136.135,1,2,0,0.4
0.685,0.695,587.177,-14.9914,2.82687,152.76,1,2,0,0.4
0.685,0.705,659.735,-14.9938,2.85816,168.602,1,2,0,0.4
0.685,0.715,726.006,-14.9956,2.88547,183.248,1,2,0,0.4
0.685,0.725,784.516,-14.9969,2.90901,196.402,1,2,0,0.4
0.685,0.735,834.519,-14.9979,2.929,207.889,1,2,0,0.4
0.685,0.745,875.932,-14.9986,2.94567,217.647,1,2,0,0.4
0.685,0.755,909.201,-14.9991,2.95929,225.715,1,2,0,0.4
0.685,0.765,935.145,-14.9994,2.97018,232.202,1,2,0,0.4
0.685,0.775,954.796,-14.9996,2.97867,237.275,1,2,0,0.4
0.685,0.785,969.26,-14.9998,2.98512,241.131,1,2,0,0.4
0.685,0.795,979.608,-14.9999,2.98988,243.978,1,2,0,0.4
0.685,0.805,986.805,-14.9999,2.9933,246.018,1,2,0,0.4
0.685,0.815,991.673,-15,2.99568,247.437,1,2,0,0.4
0.685,0.825,994.875,-15,2.99729,248.394,1,2,0,0.4
0.685,0.835,996.924,-15,2.99835,249.021,1,2,0,0.4
0.685,0.845,998.2,-15,2.99902,249.419,1,2,0,0.4
0.685,0.855,998.972,-15,2.99943,249.664,1,2,0,0.4
0.685,0.865,999.428,-15,2.99968,249.811,1,2,0,0.4
0.685,0.875,999.689,-15,2.99983,249.896,1,2,0,0.4
0.685,0.885,999.835,-15,2.99991,249.945,1,2,0,0.4
0.685,0.895,999.915,-15,2.99995,249.971,1,2,0,0.4
0.685,0.905,999.957,-15,2.99998,249.985,1,2,0,0.4
0.685,0.915,999.979,-15,2.99999,249.993,1,2,0,0.4
0.685,0.925,999.99,-15,2.99999,249.996,1,2,0,0.4
0.685,0.935,999.995,-15,3,249.998,1,2,0,0.4
0.685,0.945,999.998,-15,3,249.999,1,2,0,0.4
0.685,0.955,999.999,-15,3,250,1,2,0,0.4
0.685,0.965,1000,-15,3,250,1,2,0,0.4
0.685,0.975,1000,-15,3,250,1,2,0,0.4
0.685,0.985,1000,-15,3,250,1,2,0,0.4
0.685,0.995,1000,-15,3,250,1,2,0,0.4
0.695,0.005,24.7433,6.19106,-7.719,434.241,1,2,0,0.4
0.695,0.015,24.3969,6.26772,-7.64169,419.766,1,2,0,0.4
0.695,0.025,24.0179,6.34366,-7.55099,405.978,1,2,0,0.4
0.695,0.035,23.5895,6.42203,-7.45147,392.199,1,2,0,0.4
0.695,0.045,23.1075,6.50448,-7.34517,378.14,1,2,0,0.4
0.695,0.055,22.5733,6.59199,-7.23294,363.682,1,2,0,0.4
0.695,0.065,21.9894,6.68536,-7.11525,348.767,1,2,0,0.4
0.695,0.075,21.3589,6.78522,-6.99236,333.383,1,2,0,0.4
0.695,0.085,20.6873,6.89173,-6.86438,317.582,1,2,0,0.4
0.695,0.095,19.9825,7.00436,-6.73121,301.493,1,2,0,0.4
0.695,0.105,19.2554,7.12169,-6.59261,285.318,1,2,0,0.4
0.695,0.115,18.5198,7.24138,-6.4482,269.316,1,2,0,0.4
0.695,0.125,17.7903,7.36035,-6.2976,253.769,1,2,0,0.4
0.695,0.135,17.0817,7.475,-6.14044,238.944,1,2,0,0.4
0.695,0.145,16.4067,7.58164,-5.97652,225.065,1,2,0,0.4
0.695,0.155,15.7756,7.67672,-5.80586,212.294,1,2,0,0.4
0.695,0.165,15.1955,7.75718,-5.6287,200.726,1,2,0,0.4
0.695,0.175,14.6708,7.82049,-5.44553,190.395,1,2,0,0.4
0.695,0.185,14.2033,7.86471,-5.2571,181.292,1,2,0,0.4
0.695,0.195,13.7932,7.88844,-5.06429,173.376,1,2,0,0.4
0.695,0.205,13.4395,7.89074,-4.86814,166.587,1,2,0,0.4
0.695,0.215,13.1407,7.87095,-4.66977,160.863,1,2,0,0.4
0.695,0.225,12.8951,7.82866,-4.47028,156.142,1,2,0,0.4
0.695,0.235,12.7018,7.76358,-4.27045,152.379,1,2,0,0.4
0.695,0.245,12.5614,7.67587,-4.07029,149.565,1,2,0,0.4
0.695,0.255,12.4691,7.56701,-3.87158,147.59,1,2,0,0.4
0.695,0.265,12.4221,7.43817,-3.67536,146.401,1,2,0,0.4
0.695,0.275,12.4172,7.2906,-3.48229,145.936,1,2,0,0.4
0.695,0.285,12.4483,7.12561,-3.29306,146.096,1,2,0,0.4
0.695,0.295,12.5077,6.94527,-3.10797,146.757,1,2,0,0.4
0.695,0.305,12.5854,6.75255,-2.92684,147.765,1,2,0,0.4
0.695,0.315,12.6692,6.55094,-2.74903,148.938,1,2,0,0.4
0.695,0.325,12.7451,6.34409,-2.57356,150.075,1,2,0,0.4
0.695,0.335,12.7993,6.13536,-2.39927,150.984,1,2,0,0.4
0.695,0.345,12.819,5.92725,-2.22491,151.504,1,2,0,0.4
0.695,0.355,12.7948,5.72102,-2.04928,151.539,1,2,0,0.4
0.695,0.365,12.7212,5.51649,-1.87124,151.065,1,2,0,0.4
0.695,0.375,12.5965,5.31208,-1.68965,150.132,1,2,0,0.4
0.695,0.385,12.4217,5.10509,-1.50321,148.836,1,2,0,0.4
0.695,0.395,12.1985,4.8921,-1.31019,147.296,1,2,0,0.4
0.695,0.405,11.9278,4.66907,-1.10802,145.624,1,2,0,0.4
0.695,0.415,11.6094,4.43126,-0.892773,143.916,1,2,0,0.4
0.695,0.425,11.2419,4.17266,-0.65845,142.269,1,2,0,0.4
0.695,0.435,10.7986,3.8968,-0.40029,140.388,1,2,0,0.4
0.695,0.445,10.2486,3.58767,-0.112407,138.363,1,2,0,0.4
0.695,0.455,9.54762,3.23709,0.20725,135.832,1,2,0,0.4
0.695,0.465,8.78335,2.85255,0.55099,132.91,1,2,0,0.4
0.695,0.475,8.0341,2.42444,0.904981,129.994,1,2,0,0.4
0.695,0.485,7.38439,1.95519,1.24989,127.3,1,2,0,0.4
0.695,0.495,6.91054,1.45657,1.55948,125.069,1,2,0,0.4
0.695,0.505,6.64239,0.939987,1.80555,123.411,1,2,0,0.4
0.695,0.515,6.57569,0.435785,1.97017,122.807,1,2,0,0.4
0.695,0.525,6.64764,-0.0845201,2.0626,123.255,1,2,0,0.4
0.695,0.535,6.76352,-0.759407,2.10932,124.846,1,2,0,0.4
0.695,0.545,6.85584,-1.8985,2.16289,128.428,1,2,0,0.4
0.695,0.555,7.13921,-3.9526,2.34135,136.531,1,2,0,0.4
0.695,0.565,8.58346,-7.04607,2.79187,152.448,1,2,0,0.4
0.695,0.575,12.9873,-10.3189,3.34265,167.599,1,2,0,0.4
0.695,0.585,22.4565,-12.7193,3.43854,158.209,1,2,0,0.4
0.695,0.595,37.7365,-14.0401,3.07093,116.766,1,2,0,0.4
0.695,0.605,57.7635,-14.6195,2.68688,73.0793,1,2,0,0.4
0.695,0.615,83.6388,-14.8304,2.51627,53.4317,1,2,0,0.4
0.695,0.625,118.396,-14.9054,2.50495,52.8801,1,2,0,0.4
0.695,0.635,163.671,-14.9385,2.54956,60.8909,1,2,0,0.4
0.695,0.645,219.284,-14.9572,2.60464,72.7804,1,2,0,0.4
0.695,0.655,284.026,-14.9693,2.65803,86.9513,1,2,0,0.4
0.695,0.665,355.933,-14.9777,2.70713,102.642,1,2,0,0.4
0.695,0.675,432.413,-14.9837,2.75156,119.236,1,2,0,0.4
0.695,0.685,510.498,-14.9881,2.79141,136.134,1,2,0,0.4
0.695,0.695,587.177,-14.9914,2.82687,152.76,1,2,0,0.4
0.695,0.705,659.735,-14.9938,2.85816,168.602,1,2,0,0.4
0.695,0.715,726.006,-14.9956,2.88547,183.248,1,2,0,0.4
0.695,0.725,784.516,-14.9969,2.90901,196.402,1,2,0,0.4
0.695,0.735,834.519,-14.9979,2.929,207.889,1,2,0,0.4
0.695,0.745,875.932,-14.9986,2.94567,217.647,1,2,0,0.4
0.695,0.755,909.201,-14.9991,2.95929,225.715,1,2,0,0.4
0.695,0.765,935.145,-14.9994,2.97018,232.202,1,2,0,0.4
0.695,0.775,954.796,-14.9996,2.97867,237.275,1,2,0,0.4
0.695,0.785,969.26,-14.9998,2.98512,241.131,1,2,0,0.4
0.695,0.795,979.608,-14.9999,2.98988,243.978,1,2,0,0.4
0.695,0.805,986.805,-14.9999,2.9933,246.018,1,2,0,0.4
0.695,0.815,991.673,-15,2.99568,247.437,1,2,0,0.4
0.695,0.825,994.875,-15,2.99729,248.394,1,2,0,0.4
0.695,0.835,996.924,-15,2.99835,249.021,1,2,0,0.4
0.695,0.845,998.2,-15,2.99902,249.419,1,2,0,0.4
0.695,0.855,998.972,-15,2.99943,249.664,1,2,0,0.4
0.695,0.865,999.428,-15,2.99968,249.811,1,2,0,0.4
0.695,0.875,999.689,-15,2.99983,249.896,1,2,0,0.4
0.695,0.885,999.835,-15,2.99991,249.945,1,2,0,0.4
0.695,0.895,999.915,-15,2.99995,249.971,1,2,0,0.4
0.695,0.905,999.957,-15,2.99998,249.985,1,2,0,0.4
0.695,0.915,999.979,-15,2.99999,249.993,1,2,0,0.4
0.695,0.925,999.99,-15,2.99999,249.996,1,2,0,0.4
0.695,0.935,999.995,-15,3,249.998,1,2,0,0.4
0.695,0.945,999.998,-15,3,249.999,1,2,0,0.4
0.695,0.955,999.999,-15,3,250,1,2,0,0.4
0.695,0.965,1000,-15,3,250,1,2,0,0.4
0.695,0.975,1000,-15,3,250,1,2,0,0.4
0.695,0.985,1000,-15,3,250,1,2,0,0.4
0.695,0.995,1000,-15,3,250,1,2,0,0.4
0.705,0.005,24.2042,6.0998,-7.47563,439.287,1,2,0,0.4
0.705,0.015,23.9368,6.16866,-7.41423,424.333,1,2,0,0.4
0.705,0.025,23.663,6.23177,-7.33333,411.04,1,2,0,0.4
0.705,0.035,23.3578,6.29318,-7.23969,398.427,1,2,0,0.4
0.705,0.045,23.0095,6.35526,-7.13721,385.957,1,2,0,0.4
0.705,0.055,22.6181,6.41873,-7.02754,373.449,1,2,0,0.4
0.705,0.065,22.1876,6.48374,-6.91139,360.848,1,2,0,0.4
0.705,0.075,21.7227,6.55031,-6.78922,348.137,1,2,0,0.4
0.705,0.085,21.2276,6.61843,-6.66138,335.311,1,2,0,0.4
0.705,0.095,20.7068,6.68795,-6.52812,322.39,1,2,0,0.4
0.705,0.105,20.1653,6.7585,-6.38961,309.419,1,2,0,0.4
0.705,0.115,19.609,6.82935,-6.24597,296.477,1,2,0,0.4
0.705,0.125,19.045,6.89935,-6.09724,283.673,1,2,0,0.4
0.705,0.135,18.4812,6.96695,-5.94348,271.14,1,2,0,0.4
0.705,0.145,17.9259,7.03025,-5.78473,259.022,1,2,0,0.4
0.705,0.155,17.3875,7.08709,-5.62111,247.461,1,2,0,0.4
0.705,0.165,16.8736,7.13525,-5.45281,236.583,1,2,0,0.4
0.705,0.175,16.3908,7.17253,-5.28014,226.49,1,2,0,0.4
0.705,0.185,15.9443,7.19692,-5.10351,217.256,1,2,0,0.4
0.705,0.195,15.5379,7.20669,-4.92347,208.925,1,2,0,0.4
0.705,0.205,15.1738,7.20042,-4.74062,201.513,1,2,0,0.4
0.705,0.215,14.8531,7.17703,-4.55559,195.012,1,2,0,0.4
0.705,0.225,14.5775,7.13577,-4.36838,189.434,1,2,0,0.4
0.705,0.235,14.3441,7.07692,-4.17995,184.702,1,2,0,0.4
0.705,0.245,14.1497,7.00112,-3.99111,180.739,1,2,0,0.4
0.705,0.255,13.9912,6.90939,-3.80248,177.479,1,2,0,0.4
0.705,0.265,13.864,6.80312,-3.61464,174.833,1,2,0,0.4
0.705,0.275,13.7623,6.68393,-3.42791,172.702,1,2,0,0.4
0.705,0.285,13.6786,6.55324,-3.24257,170.963,1,2,0,0.4
0.705,0.295,13.6046,6.41265,-3.05875,169.485,1,2,0,0.4
0.705,0.305,13.5314,6.26396,-2.87636,168.138,1,2,0,0.4
0.705,0.315,13.4505,6.10893,-2.69503,166.805,1,2,0,0.4
0.705,0.325,13.3538,5.94895,-2.51421,165.385,1,2,0,0.4
0.705,0.335,13.2347,5.78487,-2.33322,163.811,1,2,0,0.4
0.705,0.345,13.0882,5.61681,-2.15125,162.054,1,2,0,0.4
0.705,0.355,12.9111,5.44414,-1.96742,160.119,1,2,0,0.4
0.705,0.365,12.7015,5.2655,-1.78065,158.042,1,2,0,0.4
0.705,0.375,12.4582,5.079,-1.58959,155.875,1,2,0,0.4
0.705,0.385,12.18,4.88223,-1.3924,153.678,1,2,0,0.4
0.705,0.395,11.8651,4.67225,-1.18647,151.501,1,2,0,0.4
0.705,0.405,11.5119,4.44532,-0.967823,149.397,1,2,0,0.4
0.705,0.415,11.1169,4.19799,-0.73141,147.396,1,2,0,0.4
0.705,0.425,10.6562,3.93507,-0.473604,145.175,1,2,0,0.4
0.705,0.435,10.1215,3.64378,-0.189306,142.928,1,2,0,0.4
0.705,0.445,9.4736,3.31343,0.124951,140.423,1,2,0,0.4
0.705,0.455,8.77798,2.96035,0.464587,137.492,1,2,0,0.4
0.705,0.465,8.10335,2.5756,0.817904,134.543,1,2,0,0.4
0.705,0.475,7.51078,2.16026,1.16894,131.775,1,2,0,0.4
0.705,0.485,7.05861,1.7222,1.49517,129.428,1,2,0,0.4
0.705,0.495,6.78161,1.27534,1.7721,127.741,1,2,0,0.4
0.705,0.505,6.67895,0.832423,1.98034,126.842,1,2,0,0.4
0.705,0.515,6.7296,0.40612,2.11303,126.968,1,2,0,0.4
0.705,0.525,6.87793,-0.0420913,2.18224,128.076,1,2,0,0.4
0.705,0.535,7.04021,-0.656291,2.21589,130.293,1,2,0,0.4
0.705,0.545,7.15287,-1.75593,2.26784,134.658,1,2,0,0.4
0.705,0.555,7.45088,-3.81476,2.4626,144.05,1,2,0,0.4
0.705,0.565,8.96702,-6.97751,2.9388,161.292,1,2,0,0.4
0.705,0.575,13.5049,-10.3497,3.45787,173.934,1,2,0,0.4
0.705,0.585,22.9762,-12.801,3.45272,156.235,1,2,0,0.4
0.705,0.595,37.8184,-14.1082,3.0159,108.21,1,2,0,0.4
0.705,0.605,57.2713,-14.6517,2.63437,66.0837,1,2,0,0.4
0.705,0.615,83.0391,-14.84,2.49307,50.4701,1,2,0,0.4
0.705,0.625,118.032,-14.9076,2.49843,51.9865,1,2,0,0.4
0.705,0.635,163.519,-14.939,2.54811,60.6591,1,2,0,0.4
0.705,0.645,219.233,-14.9573,2.60435,72.7249,1,2,0,0.4
0.705,0.655,284.012,-14.9694,2.65797,86.9387,1,2,0,0.4
0.705,0.665,355.929,-14.9777,2.70712,102.639,1,2,0,0.4
0.705,0.675,432.412,-14.9837,2.75156,119.236,1,2,0,0.4
0.705,0.685,510.497,-14.9881,2.79141,136.134,1,2,0,0.4
0.705,0.695,587.177,-14.9914,2.82687,152.76,1,2,0,0.4
0.705,0.705,659.735,-14.9938,2.85816,168.602,1,2,0,0.4
0.705,0.715,726.006,-14.9956,2.88547,183.248,1,2,0,0.4
0.705,0.725,784.516,-14.9969,2.90901,196.402,1,2,0,0.4
0.705,0.735,834.519,-14.9979,2.929,207.889,1,2,0,0.4
0.705,0.745,875.932,-14.9986,2.94567,217.647,1,2,0,0.4
0.705,0.755,909.201,-14.9991,2.95929,225.715,1,2,0,0.4
0.705,0.765,935.145,-14.9994,2.97018,232.202,1,2,0,0.4
0.705,0.775,954.796,-14.9996,2.97867,237.275,1,2,0,0.4
0.705,0.785,969.26,-14.9998,2.98512,241.131,1,2,0,0.4
0.705,0.795,979.608,-14.9999,2.98988,243.978,1,2,0,0.4
0.705,0.805,986.805,-14.9999,2.9933,246.018,1,2,0,0.4
0.705,0.815,991.673,-15,2.99568,247.437,1,2,0,0.4
0.705,0.825,994.875,-15,2.99729,248.394,1,2,0,0.4
0.705,0.835,996.924,-15,2.99835,249.021,1,2,0,0.4
0.705,0.845,998.2,-15,2.99902,249.419,1,2,0,0.4
0.705,0.855,998.972,-15,2.99943,249.664,1,2,0,0.4
0.705,0.865,999.428,-15,2.99968,249.811,1,2,0,0.4
0.705,0.875,999.689,-15,2.99983,249.896,1,2,0,0.4
0.705,0.885,999.835,-15,2.99991,249.945,1,2,0,0.4
0.705,0.895,999.915,-15,2.99995,249.971,1,2,0,0.4
0.705,0.905,999.957,-15,2.99998,249.985,1,2,0,0.4
0.705,0.915,999.979,-15,2.99999,249.993,1,2,0,0.4
0.705,0.925,999.99,-15,2.99999,249.996,1,2,0,0.4
0.705,0.935,999.995,-15,3,249.998,1,2,0,0.4
0.705,0.945,999.998,-15,3,249.999,1,2,0,0.4
0.705,0.955,999.999,-15,3,250,1,2,0,0.4
0.705,0.965,1000,-15,3,250,1,2,0,0.4
0.705,0.975,1000,-15,3,250,1,2,0,0.4
0.705,0.985,1000,-15,3,250,1,2,0,0.4
0.705,0.995,1000,-15,3,250,1,2,0,0.4
0.715,0.005,23.4653,6.01696,-7.19695,445.13,1,2,0,0.4
0.715,0.015,23.25,6.08337,-7.15852,428.651,1,2,0,0.4
0.715,0.025,23.0463,6.14039,-7.09473,414.694,1,2,0,0.4
0.715,0.035,22.8358,6.19115,-7.01207,402.323,1,2,0,0.4
0.715,0.045,22.5936,6.23981,-6.91724,390.587,1,2,0,0.4
0.715,0.055,22.3116,6.2882,-6.81361,379.06,1,2,0,0.4
0.715,0.065,21.9916,6.33656,-6.70257,367.617,1,2,0,0.4
0.715,0.075,21.6385,6.38465,-6.58483,356.233,1,2,0,0.4
0.715,0.085,21.258,6.43208,-6.46085,344.915,1,2,0,0.4
0.715,0.095,20.855,6.47846,-6.33103,333.673,1,2,0,0.4
0.715,0.105,20.4343,6.52337,-6.19572,322.527,1,2,0,0.4
0.715,0.115,20.0005,6.56633,-6.05522,311.504,1,2,0,0.4
0.715,0.125,19.558,6.60672,-5.9098,300.643,1,2,0,0.4
0.715,0.135,19.1115,6.64379,-5.75971,289.996,1,2,0,0.4
0.715,0.145,18.6657,6.67661,-5.6052,279.621,1,2,0,0.4
0.715,0.155,18.2253,6.70412,-5.44652,269.586,1,2,0,0.4
0.715,0.165,17.7952,6.72513,-5.28392,259.96,1,2,0,0.4
0.715,0.175,17.3798,6.7384,-5.1177,250.81,1,2,0,0.4
0.715,0.185,16.9829,6.74269,-4.9482,242.191,1,2,0,0.4
0.715,0.195,16.6078,6.73683,-4.77575,234.148,1,2,0,0.4
0.715,0.205,16.257,6.71978,-4.6006,226.716,1,2,0,0.4
0.715,0.215,15.9338,6.69078,-4.42253,219.941,1,2,0,0.4
0.715,0.225,15.6353,6.64978,-4.24273,213.753,1,2,0,0.4
0.715,0.235,15.3615,6.5966,-4.06151,208.14,1,2,0,0.4
0.715,0.245,15.1107,6.53154,-3.87927,203.067,1,2,0,0.4
0.715,0.255,14.8805,6.45526,-3.69636,198.487,1,2,0,0.4
0.715,0.265,14.6675,6.36864,-3.51308,194.338,1,2,0,0.4
0.715,0.275,14.4673,6.27265,-3.32959,190.55,1,2,0,0.4
0.715,0.285,14.2748,6.16799,-3.14599,187.046,1,2,0,0.4
0.715,0.295,14.0845,6.0552,-2.96235,183.748,1,2,0,0.4
0.715,0.305,13.891,5.93477,-2.77863,180.588,1,2,0,0.4
0.715,0.315,13.6895,5.80705,-2.59461,177.517,1,2,0,0.4
0.715,0.325,13.4759,5.67213,-2.40992,174.5,1,2,0,0.4
0.715,0.335,13.2466,5.52974,-2.224,171.522,1,2,0,0.4
0.715,0.345,12.9986,5.37922,-2.03611,168.583,1,2,0,0.4
0.715,0.355,12.7293,5.21952,-1.84525,165.696,1,2,0,0.4
0.715,0.365,12.4364,5.04918,-1.65011,162.88,1,2,0,0.4
0.715,0.375,12.1173,4.86633,-1.44887,160.158,1,2,0,0.4
0.715,0.385,11.7696,4.66853,-1.23899,157.553,1,2,0,0.4
0.715,0.395,11.392,4.45237,-1.01648,155.106,1,2,0,0.4
0.715,0.405,10.9765,4.21779,-0.777562,152.725,1,2,0,0.4
0.715,0.415,10.5074,3.96716,-0.519204,150.188,1,2,0,0.4
0.715,0.425,9.98583,3.68938,-0.236578,147.716,1,2,0,0.4
0.715,0.435,9.38125,3.37467,0.0742153,145.129,1,2,0,0.4
0.715,0.445,8.74299,3.04174,0.410484,142.151,1,2,0,0.4
0.715,0.455,8.13104,2.68588,0.762789,139.141,1,2,0,0.4
0.715,0.465,7.59231,2.30899,1.11795,136.261,1,2,0,0.4
0.715,0.475,7.16966,1.91699,1.45669,133.721,1,2,0,0.4
0.715,0.485,6.89288,1.52003,1.75625,131.778,1,2,0,0.4
0.715,0.495,6.77044,1.13048,1.99663,130.662,1,2,0,0.4
0.715,0.505,6.79042,0.757375,2.16666,130.491,1,2,0,0.4
0.715,0.515,6.92976,0.401155,2.26744,131.353,1,2,0,0.4
0.715,0.525,7.13903,0.0163175,2.31324,133.166,1,2,0,0.4
0.715,0.535,7.34022,-0.546155,2.33398,136.087,1,2,0,0.4
0.715,0.545,7.46959,-1.61642,2.38568,141.354,1,2,0,0.4
0.715,0.555,7.78452,-3.69335,2.59961,152.204,1,2,0,0.4
0.715,0.565,9.37758,-6.93995,3.09914,170.479,1,2,0,0.4
0.715,0.575,14.0233,-10.4178,3.56608,178.939,1,2,0,0.4
0.715,0.585,23.402,-12.9086,3.44433,151.431,1,2,0,0.4
0.715,0.595,37.7287,-14.184,2.94539,98.1182,1,2,0,0.4
0.715,0.605,56.6928,-14.6826,2.58086,59.3859,1,2,0,0.4
0.715,0.615,82.4816,-14.8481,2.47288,48.0079,1,2,0,0.4
0.715,0.625,117.736,-14.9092,2.49336,51.3102,1,2,0,0.4
0.715,0.635,163.406,-14.9393,2.54707,60.4956,1,2,0,0.4
0.715,0.645,219.199,-14.9574,2.60416,72.6881,1,2,0,0.4
0.715,0.655,284.002,-14.9694,2.65794,86.9308,1,2,0,0.4
0.715,0.665,355.927,-14.9777,2.70712,102.637,1,2,0,0.4
0.715,0.675,432.412,-14.9837,2.75156,119.235,1,2,0,0.4
0.715,0.685,510.497,-14.9881,2.79141,136.134,1,2,0,0.4
0.715,0.695,587.177,-14.9914,2.82687,152.76,1,2,0,0.4
0.715,0.705,659.735,-14.9938,2.85816,168.602,1,2,0,0.4
0.715,0.715,726.006,-14.9956,2.88547,183.248,1,2,0,0.4
0.715,0.725,784.516,-14.9969,2.90901,196.402,1,2,0,0.4
0.715,0.735,834.519,-14.9979,2.929,207.889,1,2,0,0.4
0.715,0.745,875.932,-14.9986,2.94567,217.647,1,2,0,0.4
0.715,0.755,909.201,-14.9991,2.95929,225.715,1,2,0,0.4
0.715,0.765,935.145,-14.9994,2.97018,232.202,1,2,0,0.4
0.715,0.775,954.796,-14.9996,2.97867,237.275,1,2,0,0.4
0.715,0.785,969.26,-14.9998,2.98512,241.131,1,2,0,0.4
0.715,0.795,979.608,-14.9999,2.98988,243.978,1,2,0,0.4
0.715,0.805,986.805,-14.9999,2.9933,246.018,1,2,0,0.4
0.715,0.815,991.673,-15,2.99568,247.437,1,2,0,0.4
0.715,0.825,994.875,-15,2.99729,248.394,1,2,0,0.4
0.715,0.835,996.924,-15,2.99835,249.021,1,2,0,0.4
0.715,0.845,998.2,-15,2.99902,249.419,1,2,0,0.4
0.715,0.855,998.972,-15,2.99943,249.664,1,2,0,0.4
0.715,0.865,999.428,-15,2.99968,249.811,1,2,0,0.4
0.715,0.875,999.689,-15,2.99983,249.896,1,2,0,0.4
0.715,0.885,999.835,-15,2.99991,249.945,1,2,0,0.4
0.715,0.895,999.915,-15,2.99995,249.971,1,2,0,0.4
0.715,0.905,999.957,-15,2.99998,249.985,1,2,0,0.4
0.715,0.915,999.979,-15,2.99999,249.993,1,2,0,0.4
0.715,0.925,999.99,-15,2.99999,249.996,1,2,0,0.4
0.715,0.935,999.995,-15,3,249.998,1,2,0,0.4
0.715,0.945,999.998,-15,3,249.999,1,2,0,0.4
0.715,0.955,999.999,-15,3,250,1,2,0,0.4
0.715,0.965,1000,-15,3,250,1,2,0,0.4
0.715,0.975,1000,-15,3,250,1,2,0,0.4
0.715,0.985,1000,-15,3,250,1,2,0,0.4
0.715,0.995,1000,-15,3,250,1,2,0,0.4
0.725,0.005,22.5352,5.94128,-6.87445,452.241,1,2,0,0.4
0.725,0.015,22.3741,6.00536,-6.86105,434.086,1,2,0,0.4
0.725,0.025,22.2087,6.06168,-6.82219,418.393,1,2,0,0.4
0.725,0.035,22.0616,6.10713,-6.75716,405.308,1,2,0,0.4
0.725,0.045,21.9052,6.1464,-6.67417,393.667,1,2,0,0.4
0.725,0.055,21.7172,6.18342,-6.57946,382.616,1,2,0,0.4
0.725,0.065,21.4915,6.21963,-6.47596,371.802,1,2,0,0.4
0.725,0.075,21.2303,6.25511,-6.36496,361.13,1,2,0,0.4
0.725,0.085,20.9384,6.28944,-6.24712,350.585,1,2,0,0.4
0.725,0.095,20.6213,6.3221,-6.12295,340.18,1,2,0,0.4
0.725,0.105,20.2841,6.35257,-5.99289,329.93,1,2,0,0.4
0.725,0.115,19.9313,6.38032,-5.85733,319.855,1,2,0,0.4
0.725,0.125,19.5673,6.4048,-5.71663,309.976,1,2,0,0.4
0.725,0.135,19.1959,6.42545,-5.57116,300.317,1,2,0,0.4
0.725,0.145,18.8208,6.44168,-5.42123,290.906,1,2,0,0.4
0.725,0.155,18.4454,6.45284,-5.26717,281.771,1,2,0,0.4
0.725,0.165,18.0727,6.45825,-5.10927,272.943,1,2,0,0.4
0.725,0.175,17.7056,6.4572,-4.94783,264.453,1,2,0,0.4
0.725,0.185,17.3466,6.44898,-4.78308,256.329,1,2,0,0.4
0.725,0.195,16.999,6.43289,-4.61492,248.622,1,2,0,0.4
0.725,0.205,16.6625,6.40863,-4.44407,241.307,1,2,0,0.4
0.725,0.215,16.3384,6.37578,-4.27072,234.4,1,2,0,0.4
0.725,0.225,16.0267,6.33397,-4.09533,227.895,1,2,0,0.4
0.725,0.235,15.7273,6.28308,-3.91817,221.785,1,2,0,0.4
0.725,0.245,15.4393,6.22322,-3.73952,216.054,1,2,0,0.4
0.725,0.255,15.1616,6.1547,-3.55957,210.68,1,2,0,0.4
0.725,0.265,14.8921,6.07793,-3.37849,205.634,1,2,0,0.4
0.725,0.275,14.6283,5.99328,-3.19633,200.882,1,2,0,0.4
0.725,0.285,14.3671,5.90093,-3.01307,196.387,1,2,0,0.4
0.725,0.295,14.1053,5.80077,-2.82866,192.109,1,2,0,0.4
0.725,0.305,13.8396,5.69261,-2.64303,188.018,1,2,0,0.4
0.725,0.315,13.5668,5.57613,-2.45596,184.094,1,2,0,0.4
0.725,0.325,13.2842,5.45084,-2.26703,180.324,1,2,0,0.4
0.725,0.335,12.9891,5.31606,-2.07566,176.702,1,2,0,0.4
0.725,0.345,12.679,5.1708,-1.88096,173.232,1,2,0,0.4
0.725,0.355,12.3513,5.01378,-1.68173,169.919,1,2,0,0.4
0.725,0.365,12.0038,4.84329,-1.47625,166.77,1,2,0,0.4
0.725,0.375,11.6345,4.65709,-1.26203,163.8,1,2,0,0.4
0.725,0.385,11.2422,4.45238,-1.03561,161.036,1,2,0,0.4
0.725,0.395,10.8145,4.23194,-0.794412,158.267,1,2,0,0.4
0.725,0.405,10.3484,3.99314,-0.535549,155.475,1,2,0,0.4
0.725,0.415,9.84471,3.72753,-0.254241,152.809,1,2,0,0.4
0.725,0.425,9.2819,3.4272,0.0533001,150.097,1,2,0,0.4
0.725,0.435,8.69768,3.1091,0.385512,147.054,1,2,0,0.4
0.725,0.445,8.14208,2.77232,0.734954,143.977,1,2,0,0.4
0.725,0.455,7.65228,2.42083,1.09096,140.98,1,2,0,0.4
0.725,0.465,7.26116,2.06115,1.43753,138.225,1,2,0,0.4
0.725,0.475,6.992,1.70168,1.75461,135.943,1,2,0,0.4
0.725,0.485,6.85523,1.35206,2.02213,134.401,1,2,0,0.4
0.725,0.495,6.84846,1.02094,2.22547,133.828,1,2,0,0.4
0.725,0.505,6.95921,0.71214,2.35966,134.333,1,2,0,0.4
0.725,0.515,7.16673,0.417915,2.43092,135.913,1,2,0,0.4
0.725,0.525,7.42686,0.0877874,2.45589,138.461,1,2,0,0.4
0.725,0.535,7.6605,-0.432186,2.46398,142.176,1,2,0,0.4
0.725,0.545,7.8021,-1.48464,2.51743,148.465,1,2,0,0.4
0.725,0.555,8.13641,-3.59558,2.75373,160.929,1,2,0,0.4
0.725,0.565,9.80608,-6.94395,3.27115,179.625,1,2,0,0.4
0.725,0.575,14.5139,-10.5324,3.65982,181.704,1,2,0,0.4
0.725,0.585,23.6925,-13.0442,3.40771,143.303,1,2,0,0.4
0.725,0.595,37.4624,-14.2653,2.86046,86.9039,1,2,0,0.4
0.725,0.605,56.0653,-14.7109,2.52897,53.3079,1,2,0,0.4
0.725,0.615,81.9899,-14.8546,2.45617,46.0619,1,2,0,0.4
0.725,0.625,117.506,-14.9104,2.48963,50.8223,1,2,0,0.4
0.725,0.635,163.328,-14.9395,2.54637,60.3857,1,2,0,0.4
0.725,0.645,219.176,-14.9574,2.60403,72.6648,1,2,0,0.4
0.725,0.655,283.997,-14.9694,2.65792,86.9261,1,2,0,0.4
0.725,0.665,355.926,-14.9777,2.70711,102.636,1,2,0,0.4
0.725,0.675,432.412,-14.9837,2.75156,119.235,1,2,0,0.4
0.725,0.685,510.497,-14.9881,2.79141,136.134,1,2,0,0.4
0.725,0.695,587.177,-14.9914,2.82687,152.76,1,2,0,0.4
0.725,0.705,659.735,-14.9938,2.85816,168.602,1,2,0,0.4
0.725,0.715,726.006,-14.9956,2.88547,183.248,1,2,0,0.4
0.725,0.725,784.516,-14.9969,2.90901,196.402,1,2,0,0.4
0.725,0.735,834.519,-14.9979,2.929,207.889,1,2,0,0.4
0.725,0.745,875.932,-14.9986,2.94567,217.647,1,2,0,0.4
0.725,0.755,909.201,-14.9991,2.95929,225.715,1,2,0,0.4
0.725,0.765,935.145,-14.9994,2.97018,232.202,1,2,0,0.4
0.725,0.775,954.796,-14.9996,2.97867,237.275,1,2,0,0.4
0.725,0.785,969.26,-14.9998,2.98512,241.131,1,2,0,0.4
0.725,0.795,979.608,-14.9999,2.98988,243.978,1,2,0,0.4
0.725,0.805,986.805,-14.9999,2.9933,246.018,1,2,0,0.4
0.725,0.815,991.673,-15,2.99568,247.437,1,2,0,0.4
0.725,0.825,994.875,-15,2.99729,248.394,1,2,0,0.4
0.725,0.835,996.924,-15,2.99835,249.021,1,2,0,0.4
0.725,0.845,998.2,-15,2.99902,249.419,1,2,0,0.4
0.725,0.855,998.972,-15,2.99943,249.664,1,2,0,0.4
0.725,0.865,999.428,-15,2.99968,249.811,1,2,0,0.4
0.725,0.875,999.689,-15,2.99983,249.896,1,2,0,0.4
0.725,0.885,999.835,-15,2.99991,249.945,1,2,0,0.4
0.725,0.895,999.915,-15,2.99995,249.971,1,2,0,0.4
0.725,0.905,999.957,-15,2.99998,249.985,1,2,0,0.4
0.725,0.915,999.979,-15,2.99999,249.993,1,2,0,0.4
0.725,0.925,999.99,-15,2.99999,249.996,1,2,0,0.4
0.725,0.935,999.995,-15,3,249.998,1,2,0,0.4
0.725,0.945,999.998,-15,3,249.999,1,2,0,0.4
0.725,0.955,999.999,-15,3,250,1,2,0,0.4
0.725,0.965,1000,-15,3,250,1,2,0,0.4
0.725,0.975,1000,-15,3,250,1,2,0,0.4
0.725,0.985,1000,-15,3,250,1,2,0,0.4
0.725,0.995,1000,-15,3,250,1,2,0,0.4
0.735,0.005,21.4022,5.87996,-6.50871,459.555,1,2,0,0.4
0.735,0.015,21.3353,5.9336,-6.51251,441.112,1,2,0,0.4
0.735,0.025,21.1987,5.99012,-6.50238,423.328,1,2,0,0.4
0.735,0.035,21.0801,6.03549,-6.46271,408.509,1,2,0,0.4
0.735,0.045,20.9793,6.06978,-6.39742,396.166,1,2,0,0.4
0.735,0.055,20.867,6.09816,-6.31511,385.117,1,2,0,0.4
0.735,0.065,20.7242,6.1242,-6.22142,374.619,1,2,0,0.4
0.735,0.075,20.5456,6.14913,-6.11896,364.373,1,2,0,0.4
0.735,0.085,20.3332,6.17293,-6.00891,354.294,1,2,0,0.4
0.735,0.095,20.0912,6.19518,-5.89192,344.372,1,2,0,0.4
0.735,0.105,19.8244,6.21534,-5.76851,334.616,1,2,0,0.4
0.735,0.115,19.5372,6.23286,-5.63914,325.04,1,2,0,0.4
0.735,0.125,19.2339,6.2472,-5.50421,315.661,1,2,0,0.4
0.735,0.135,18.9184,6.25783,-5.36413,306.495,1,2,0,0.4
0.735,0.145,18.5939,6.26422,-5.21924,297.557,1,2,0,0.4
0.735,0.155,18.2637,6.26587,-5.0699,288.865,1,2,0,0.4
0.735,0.165,17.9304,6.26226,-4.91636,280.435,1,2,0,0.4
0.735,0.175,17.5969,6.25291,-4.75873,272.298,1,2,0,0.4
0.735,0.185,17.2643,6.23747,-4.59752,264.444,1,2,0,0.4
0.735,0.195,16.9342,6.21557,-4.43297,256.886,1,2,0,0.4
0.735,0.205,16.6074,6.18676,-4.26549,249.626,1,2,0,0.4
0.735,0.215,16.2851,6.15077,-4.09526,242.677,1,2,0,0.4
0.735,0.225,15.9675,6.10732,-3.92255,236.036,1,2,0,0.4
0.735,0.235,15.6547,6.05624,-3.74763,229.699,1,2,0,0.4
0.735,0.245,15.3463,5.99754,-3.5707,223.663,1,2,0,0.4
0.735,0.255,15.0416,5.93132,-3.39188,217.918,1,2,0,0.4
0.735,0.265,14.7397,5.85769,-3.21124,212.454,1,2,0,0.4
0.735,0.275,14.4391,5.77673,-3.02873,207.255,1,2,0,0.4
0.735,0.285,14.1379,5.68834,-2.84425,202.303,1,2,0,0.4
0.735,0.295,13.834,5.59218,-2.65763,197.579,1,2,0,0.4
0.735,0.305,13.5251,5.48776,-2.46868,193.068,1,2,0,0.4
0.735,0.315,13.209,5.37443,-2.27708,188.76,1,2,0,0.4
0.735,0.325,12.8837,5.25143,-2.08234,184.649,1,2,0,0.4
0.735,0.335,12.5472,5.11776,-1.88373,180.736,1,2,0,0.4
0.735,0.345,12.1977,4.97213,-1.68018,177.024,1,2,0,0.4
0.735,0.355,11.8336,4.8129,-1.47016,173.522,1,2,0,0.4
0.735,0.365,11.4541,4.63774,-1.25134,170.249,1,2,0,0.4
0.735,0.375,11.0547,4.44638,-1.02144,167.139,1,2,0,0.4
0.735,0.385,10.6263,4.24027,-0.778604,164.026,1,2,0,0.4
0.735,0.395,10.1746,4.01343,-0.519914,161.046,1,2,0,0.4
0.735,0.405,9.69622,3.76018,-0.240861,158.226,1,2,0,0.4
0.735,0.415,9.17808,3.47447,0.061856,155.396,1,2,0,0.4
0.735,0.425,8.65075,3.17052,0.387433,152.317,1,2,0,0.4
0.735,0.435,8.15113,2.84834,0.730409,149.202,1,2,0,0.4
0.735,0.445,7.70897,2.5139,1.08232,146.12,1,2,0,0.4
0.735,0.455,7.35039,2.1752,1.43023,143.179,1,2,0,0.4
0.735,0.465,7.09377,1.84088,1.75762,140.559,1,2,0,0.4
0.735,0.475,6.94841,1.51956,2.0466,138.503,1,2,0,0.4
0.735,0.485,6.9161,1.21871,2.28122,137.293,1,2,0,0.4
0.735,0.495,6.9932,0.94296,2.45116,137.176,1,2,0,0.4
0.735,0.505,7.17078,0.691464,2.55489,138.272,1,2,0,0.4
0.735,0.515,7.4311,0.450982,2.60124,140.535,1,2,0,0.4
0.735,0.525,7.73402,0.167223,2.60861,143.843,1,2,0,0.4
0.735,0.535,7.99472,-0.319162,2.60593,148.445,1,2,0,0.4
0.735,0.545,8.14373,-1.36663,2.66398,155.895,1,2,0,0.4
0.735,0.555,8.50032,-3.53037,2.92613,170.092,1,2,0,0.4
0.735,0.565,10.2358,-7.003,3.45086,188.075,1,2,0,0.4
0.735,0.575,14.9358,-10.7039,3.72902,181.063,1,2,0,0.4
0.735,0.585,23.8072,-13.2084,3.33756,131.594,1,2,0,0.4
0.735,0.595,37.0326,-14.3486,2.76412,75.2167,1,2,0,0.4
0.735,0.605,55.4336,-14.7355,2.48145,48.121,1,2,0,0.4
0.735,0.615,81.5809,-14.8596,2.44315,44.6086,1,2,0,0.4
0.735,0.625,117.339,-14.9113,2.48702,50.4886,1,2,0,0.4
0.735,0.635,163.275,-14.9396,2.54591,60.3156,1,2,0,0.4
0.735,0.645,219.162,-14.9574,2.60396,72.6509,1,2,0,0.4
0.735,0.655,283.993,-14.9694,2.65791,86.9235,1,2,0,0.4
0.735,0.665,355.925,-14.9777,2.70711,102.636,1,2,0,0.4
0.735,0.675,432.411,-14.9837,2.75156,119.235,1,2,0,0.4
0.735,0.685,510.497,-14.9881,2.79141,136.134,1,2,0,0.4
0.735,0.695,587.177,-14.9914,2.82687,152.76,1,2,0,0.4
0.735,0.705,659.735,-14.9938,2.85816,168.602,1,2,0,0.4
0.735,0.715,726.006,-14.9956,2.88547,183.248,1,2,0,0.4
0.735,0.725,784.516,-14.9969,2.90901,196.402,1,2,0,0.4
0.735,0.735,834.519,-14.9979,2.929,207.889,1,2,0,0.4
0.735,0.745,875.932,-14.9986,2.94567,217.647,1,2,0,0.4
0.735,0.755,909.201,-14.9991,2.95929,225.715,1,2,0,0.4
0.735,0.765,935.145,-14.9994,2.97018,232.202,1,2,0,0.4
0.735,0.775,954.796,-14.9996,2.97867,237.275,1,2,0,0.4
0.735,0.785,969.26,-14.9998,2.98512,241.131,1,2,0,0.4
0.735,0.795,979.608,-14.9999,2.98988,243.978,1,2,0,0.4
0.735,0.805,986.805,-14.9999,2.9933,246.018,1,2,0,0.4
0.735,0.815,991.673,-15,2.99568,247.437,1,2,0,0.4
0.735,0.825,994.875,-15,2.99729,248.394,1,2,0,0.4
0.735,0.835,996.924,-15,2.99835,249.021,1,2,0,0.4
0.735,0.845,998.2,-15,2.99902,249.419,1,2,0,0.4
0.735,0.855,998.972,-15,2.99943,249.664,1,2,0,0.4
0.735,0.865,999.428,-15,2.99968,249.811,1,2,0,0.4
0.735,0.875,999.689,-15,2.99983,249.896,1,2,0,0.4
0.735,0.885,999.835,-15,2.99991,249.945,1,2,0,0.4
0.735,0.895,999.915,-15,2.99995,249.971,1,2,0,0.4
0.735,0.905,999.957,-15,2.99998,249.985,1,2,0,0.4
0.735,0.915,999.979,-15,2.99999,249.993,1,2,0,0.4
0.735,0.925,999.99,-15,2.99999,249.996,1,2,0,0.4
0.735,0.935,999.995,-15,3,249.998,1,2,0,0.4
0.735,0.945,999.998,-15,3,249.999,1,2,0,0.4
0.735,0.955,999.999,-15,3,250,1,2,0,0.4
0.735,0.965,1000,-15,3,250,1,2,0,0.4
0.735,0.975,1000,-15,3,250,1,2,0,0.4
0.735,0.985,1000,-15,3,250,1,2,0,0.4
0.735,0.995,1000,-15,3,250,1,2,0,0.4
0.745,0.005,20.0737,5.84468,-6.10822,465.076,1,2,0,0.4
0.745,0.015,20.1421,5.87613,-6.11366,448.632,1,2,0,0.4
0.745,0.025,20.0622,5.92499,-6.12611,429.915,1,2,0,0.4
0.745,0.035,19.9548,5.9715,-6.11632,412.936,1,2,0,0.4
0.745,0.045,19.8735,6.00558,-6.07578,398.984,1,2,0,0.4
0.745,0.055,19.8066,6.02908,-6.01083,387.27,1,2,0,0.4
0.745,0.065,19.727,6.04701,-5.92975,376.713,1,2,0,0.4
0.745,0.075,19.6188,6.06251,-5.83754,366.675,1,2,0,0.4
0.745,0.085,19.4774,6.07667,-5.73656,356.897,1,2,0,0.4
0.745,0.095,19.304,6.08946,-5.62789,347.301,1,2,0,0.4
0.745,0.105,19.1018,6.1005,-5.51218,337.872,1,2,0,0.4
0.745,0.115,18.8747,6.10927,-5.38992,328.617,1,2,0,0.4
0.745,0.125,18.6266,6.11522,-5.26154,319.547,1,2,0,0.4
0.745,0.135,18.3612,6.11785,-5.12743,310.676,1,2,0,0.4
0.745,0.145,18.0818,6.11666,-4.98791,302.019,1,2,0,0.4
0.745,0.155,17.7915,6.1112,-4.84328,293.59,1,2,0,0.4
0.745,0.165,17.4921,6.10107,-4.69407,285.381,1,2,0,0.4
0.745,0.175,17.1864,6.08587,-4.54044,277.416,1,2,0,0.4
0.745,0.185,16.8759,6.06519,-4.38281,269.694,1,2,0,0.4
0.745,0.195,16.5623,6.03869,-4.22139,262.226,1,2,0,0.4
0.745,0.205,16.2465,6.006,-4.05651,255.013,1,2,0,0.4
0.745,0.215,15.9296,5.96688,-3.8884,248.061,1,2,0,0.4
0.745,0.225,15.6119,5.92107,-3.71726,241.371,1,2,0,0.4
0.745,0.235,15.2938,5.86838,-3.5433,234.942,1,2,0,0.4
0.745,0.245,14.9752,5.80869,-3.36668,228.775,1,2,0,0.4
0.745,0.255,14.6561,5.74197,-3.18746,222.867,1,2,0,0.4
0.745,0.265,14.3359,5.6682,-3.00563,217.214,1,2,0,0.4
0.745,0.275,14.0139,5.58729,-2.82109,211.811,1,2,0,0.4
0.745,0.285,13.6889,5.499,-2.63364,206.649,1,2,0,0.4
0.745,0.295,13.3597,5.40289,-2.44301,201.718,1,2,0,0.4
0.745,0.305,13.0247,5.29832,-2.24887,197.01,1,2,0,0.4
0.745,0.315,12.6828,5.18445,-2.05081,192.521,1,2,0,0.4
0.745,0.325,12.3326,5.06028,-1.8482,188.254,1,2,0,0.4
0.745,0.335,11.9732,4.92454,-1.64017,184.213,1,2,0,0.4
0.745,0.345,11.6041,4.77556,-1.42533,180.412,1,2,0,0.4
0.745,0.355,11.2237,4.61223,-1.20223,176.837,1,2,0,0.4
0.745,0.365,10.8255,4.43555,-0.969708,173.359,1,2,0,0.4
0.745,0.375,10.4106,4.24268,-0.726051,170.008,1,2,0,0.4
0.745,0.385,9.98301,4.02868,-0.468548,166.883,1,2,0,0.4
0.745,0.395,9.53788,3.7885,-0.1935,163.952,1,2,0,0.4
0.745,0.405,9.07038,3.51943,0.101666,161.032,1,2,0,0.4
0.745,0.415,8.60424,3.2308,0.416629,157.975,1,2,0,0.4
0.745,0.425,8.16422,2.92287,0.74789,154.898,1,2,0,0.4
0.745,0.435,7.77262,2.60233,1.08914,151.809,1,2,0,0.4
0.745,0.445,7.45004,2.27801,1.43031,148.765,1,2,0,0.4
0.745,0.455,7.21139,1.95939,1.75842,145.886,1,2,0,0.4
0.745,0.465,7.06433,1.6553,2.05914,143.357,1,2,0,0.4
0.745,0.475,7.01127,1.37311,2.31837,141.436,1,2,0,0.4
0.745,0.485,7.05255,1.1178,2.52394,140.428,1,2,0,0.4
0.745,0.495,7.18779,0.891001,2.66768,140.626,1,2,0,0.4
0.745,0.505,7.41319,0.688707,2.74851,142.196,1,2,0,0.4
0.745,0.515,7.7139,0.493915,2.77553,145.092,1,2,0,0.4
0.745,0.525,8.04976,0.24874,2.76825,149.171,1,2,0,0.4
0.745,0.535,8.33092,-0.21325,2.75859,154.715,1,2,0,0.4
0.745,0.545,8.48302,-1.27039,2.82579,163.472,1,2,0,0.4
0.745,0.555,8.86487,-3.5098,3.11745,179.407,1,2,0,0.4
0.745,0.565,10.6376,-7.1351,3.63064,194.749,1,2,0,0.4
0.745,0.575,15.2354,-10.9438,3.76065,175.669,1,2,0,0.4
0.745,0.585,23.7147,-13.3985,3.23015,116.491,1,2,0,0.4
0.745,0.595,36.4739,-14.4289,2.66174,63.8906,1,2,0,0.4
0.745,0.605,54.8443,-14.7553,2.44082,43.9952,1,2,0,0.4
0.745,0.615,81.2626,-14.8631,2.43364,43.5901,1,2,0,0.4
0.745,0.625,117.224,-14.9118,2.48531,50.274,1,2,0,0.4
0.745,0.635,163.243,-14.9397,2.54564,60.2737,1,2,0,0.4
0.745,0.645,219.154,-14.9574,2.60392,72.6431,1,2,0,0.4
0.745,0.655,283.992,-14.9694,2.6579,86.9221,1,2,0,0.4
0.745,0.665,355.925,-14.9777,2.70711,102.636,1,2,0,0.4
0.745,0.675,432.411,-14.9837,2.75156,119.235,1,2,0,0.4
0.745,0.685,510.497,-14.9881,2.79141,136.134,1,2,0,0.4
0.745,0.695,587.177,-14.9914,2.82687,152.76,1,2,0,0.4
0.745,0.705,659.735,-14.9938,2.85816,168.602,1,2,0,0.4
0.745,0.715,726.006,-14.9956,2.88547,183.248,1,2,0,0.4
0.745,0.725,784.516,-14.9969,2.90901,196.402,1,2,0,0.4
0.745,0.735,834.519,-14.9979,2.929,207.889,1,2,0,0.4
0.745,0.745,875.932,-14.9986,2.94567,217.647,1,2,0,0.4
0.745,0.755,909.201,-14.9991,2.95929,225.715,1,2,0,0.4
0.745,0.765,935.145,-14.9994,2.97018,232.202,1,2,0,0.4
0.745,0.775,954.796,-14.9996,2.97867,237.275,1,2,0,0.4
0.745,0.785,969.26,-14.9998,2.98512,241.131,1,2,0,0.4
0.745,0.795,979.608,-14.9999,2.98988,243.978,1,2,0,0.4
0.745,0.805,986.805,-14.9999,2.9933,246.018,1,2,0,0.4
0.745,0.815,991.673,-15,2.99568,247.437,1,2,0,0.4
0.745,0.825,994.875,-15,2.99729,248.394,1,2,0,0.4
0.745,0.835,996.924,-15,2.99835,249.021,1,2,0,0.4
0.745,0.845,998.2,-15,2.99902,249.419,1,2,0,0.4
0.745,0.855,998.972,-15,2.99943,249.664,1,2,0,0.4
0.745,0.865,999.428,-15,2.99968,249.811,1,2,0,0.4
0.745,0.875,999.689,-15,2.99983,249.896,1,2,0,0.4
0.745,0.885,999.835,-15,2.99991,249.945,1,2,0,0.4
0.745,0.895,999.915,-15,2.99995,249.971,1,2,0,0.4
0.745,0.905,999.957,-15,2.99998,249.985,1,2,0,0.4
0.745,0.915,999.979,-15,2.99999,249.993,1,2,0,0.4
0.745,0.925,999.99,-15,2.99999,249.996,1,2,0,0.4
0.745,0.935,999.995,-15,3,249.998,1,2,0,0.4
0.745,0.945,999.998,-15,3,249.999,1,2,0,0.4
0.745,0.955,999.999,-15,3,250,1,2,0,0.4
0.745,0.965,1000,-15,3,250,1,2,0,0.4
0.745,0.975,1000,-15,3,250,1,2,0,0.4
0.745,0.985,1000,-15,3,250,1,2,0,0.4
0.745,0.995,1000,-15,3,250,1,2,0,0.4
0.755,0.005,18.6297,5.83828,-5.68198,467.839,1,2,0,0.4
0.755,0.015,18.818,5.8454,-5.67573,454.573,1,2,0,0.4
0.755,0.025,18.8303,5.87502,-5.69484,437.094,1,2,0,0.4
0.755,0.035,18.7506,5.9153,-5.70989,418.905,1,2,0,0.4
0.755,0.045,18.6672,5.95002,-5.69853,402.941,1,2,0,0.4
0.755,0.055,18.6103,5.97259,-5.65695,389.805,1,2,0,0.4
0.755,0.065,18.5636,5.98556,-5.59245,378.633,1,2,0,0.4
0.755,0.075,18.5042,5.99333,-5.51257,368.493,1,2,0,0.4
0.755,0.085,18.419,5.9986,-5.42174,358.847,1,2,0,0.4
0.755,0.095,18.3036,6.00229,-5.3221,349.468,1,2,0,0.4
0.755,0.105,18.1585,6.00445,-5.21466,340.281,1,2,0,0.4
0.755,0.115,17.9859,6.00472,-5.10001,331.268,1,2,0,0.4
0.755,0.125,17.7889,6.00264,-4.97861,322.43,1,2,0,0.4
0.755,0.135,17.5704,5.99771,-4.85086,313.775,1,2,0,0.4
0.755,0.145,17.3335,5.98948,-4.71711,305.313,1,2,0,0.4
0.755,0.155,17.0807,5.97749,-4.57774,297.051,1,2,0,0.4
0.755,0.165,16.8145,5.9613,-4.43309,288.996,1,2,0,0.4
0.755,0.175,16.5371,5.94052,-4.28347,281.158,1,2,0,0.4
0.755,0.185,16.2502,5.91476,-4.12919,273.539,1,2,0,0.4
0.755,0.195,15.9555,5.88368,-3.97051,266.147,1,2,0,0.4
0.755,0.205,15.6541,5.84695,-3.80769,258.984,1,2,0,0.4
0.755,0.215,15.347,5.80426,-3.64096,252.054,1,2,0,0.4
0.755,0.225,15.0351,5.75537,-3.47047,245.359,1,2,0,0.4
0.755,0.235,14.7188,5.70003,-3.2964,238.902,1,2,0,0.4
0.755,0.245,14.3984,5.63807,-3.11883,232.684,1,2,0,0.4
0.755,0.255,14.0743,5.56934,-2.9378,226.706,1,2,0,0.4
0.755,0.265,13.7465,5.49371,-2.75323,220.968,1,2,0,0.4
0.755,0.275,13.4147,5.41097,-2.56498,215.47,1,2,0,0.4
0.755,0.285,13.0787,5.32081,-2.37277,210.208,1,2,0,0.4
0.755,0.295,12.7379,5.22271,-2.17627,205.179,1,2,0,0.4
0.755,0.305,12.3918,5.11591,-1.97505,200.381,1,2,0,0.4
0.755,0.315,12.0401,4.99948,-1.76858,195.818,1,2,0,0.4
0.755,0.325,11.6826,4.87216,-1.5561,191.501,1,2,0,0.4
0.755,0.335,11.3183,4.73334,-1.33694,187.41,1,2,0,0.4
0.755,0.345,10.9438,4.58314,-1.11058,183.475,1,2,0,0.4
0.755,0.355,10.5595,4.41991,-0.876215,179.703,1,2,0,0.4
0.755,0.365,10.1698,4.23965,-0.632511,176.195,1,2,0,0.4
0.755,0.375,9.77461,4.03938,-0.37745,172.952,1,2,0,0.4
0.755,0.385,9.36995,3.81345,-0.108545,169.938,1,2,0,0.4
0.755,0.395,8.95965,3.564,0.175868,166.97,1,2,0,0.4
0.755,0.405,8.55858,3.29279,0.475751,164.006,1,2,0,0.4
0.755,0.415,8.1824,3.00113,0.789384,161.057,1,2,0,0.4
0.755,0.425,7.84642,2.6951,1.11257,158.078,1,2,0,0.4
0.755,0.435,7.56582,2.38341,1.43809,155.063,1,2,0,0.4
0.755,0.445,7.35237,2.07585,1.75633,152.067,1,2,0,0.4
0.755,0.455,7.21241,1.7817,2.05655,149.214,1,2,0,0.4
0.755,0.465,7.14777,1.50863,2.32802,146.694,1,2,0,0.4
0.755,0.475,7.15896,1.26223,2.56046,144.777,1,2,0,0.4
0.755,0.485,7.24828,1.04568,2.74422,143.803,1,2,0,0.4
0.755,0.495,7.42011,0.859202,2.87119,144.128,1,2,0,0.4
0.755,0.505,7.67639,0.697376,2.93825,146.008,1,2,0,0.4
0.755,0.515,8.00539,0.540583,2.95294,149.438,1,2,0,0.4
0.755,0.525,8.36497,0.326584,2.93573,154.269,1,2,0,0.4
0.755,0.535,8.6584,-0.121036,2.92318,160.808,1,2,0,0.4
0.755,0.545,8.80752,-1.20514,3.00484,170.998,1,2,0,0.4
0.755,0.555,9.21324,-3.54921,3.32761,188.383,1,2,0,0.4
0.755,0.565,10.965,-7.36337,3.79752,198.017,1,2,0,0.4
0.755,0.575,15.3514,-11.2615,3.73879,164.263,1,2,0,0.4
0.755,0.585,23.4053,-13.6071,3.08549,98.8398,1,2,0,0.4
0.755,0.595,35.8429,-14.501,2.56096,53.8085,1,2,0,0.4
0.755,0.605,54.338,-14.7702,2.40876,40.9658,1,2,0,0.4
0.755,0.615,81.0331,-14.8654,2.42722,42.9258,1,2,0,0.4
0.755,0.625,117.151,-14.9121,2.48428,50.1454,1,2,0,0.4
0.755,0.635,163.224,-14.9397,2.54549,60.2504,1,2,0,0.4
0.755,0.645,219.15,-14.9574,2.6039,72.6391,1,2,0,0.4
0.755,0.655,283.991,-14.9694,2.6579,86.9214,1,2,0,0.4
0.755,0.665,355.925,-14.9777,2.70711,102.635,1,2,0,0.4
0.755,0.675,432.411,-14.9837,2.75156,119.235,1,2,0,0.4
0.755,0.685,510.497,-14.9881,2.79141,136.134,1,2,0,0.4
0.755,0.695,587.177,-14.9914,2.82687,152.76,1,2,0,0.4
0.755,0.705,659.735,-14.9938,2.85816,168.602,1,2,0,0.4
0.755,0.715,726.006,-14.9956,2.88547,183.248,1,2,0,0.4
0.755,0.725,784.516,-14.9969,2.90901,196.402,1,2,0,0.4
0.755,0.735,834.519,-14.9979,2.929,207.889,1,2,0,0.4
0.755,0.745,875.932,-14.9986,2.94567,217.647,1,2,0,0.4
0.755,0.755,909.201,-14.9991,2.95929,225.715,1,2,0,0.4
0.755,0.765,935.145,-14.9994,2.97018,232.202,1,2,0,0.4
0.755,0.775,954.796,-14.9996,2.97867,237.275,1,2,0,0.4
0.755,0.785,969.26,-14.9998,2.98512,241.131,1,2,0,0.4
0.755,0.795,979.608,-14.9999,2.98988,243.978,1,2,0,0.4
0.755,0.805,986.805,-14.9999,2.9933,246.018,1,2,0,0.4
0.755,0.815,991.673,-15,2.99568,247.437,1,2,0,0.4
0.755,0.825,994.875,-15,2.99729,248.394,1,2,0,0.4
0.755,0.835,996.924,-15,2.99835,249.021,1,2,0,0.4
0.755,0.845,998.2,-15,2.99902,249.419,1,2,0,0.4
0.755,0.855,998.972,-15,2.99943,249.664,1,2,0,0.4
0.755,0.865,999.428,-15,2.99968,249.811,1,2,0,0.4
0.755,0.875,999.689,-15,2.99983,249.896,1,2,0,0.4
0.755,0.885,999.835,-15,2.99991,249.945,1,2,0,0.4
0.755,0.895,999.915,-15,2.99995,249.971,1,2,0,0.4
0.755,0.905,999.957,-15,2.99998,249.985,1,2,0,0.4
0.755,0.915,999.979,-15,2.99999,249.993,1,2,0,0.4
0.755,0.925,999.99,-15,2.99999,249.996,1,2,0,0.4
0.755,0.935,999.995,-15,3,249.998,1,2,0,0.4
0.755,0.945,999.998,-15,3,249.999,1,2,0,0.4
0.755,0.955,999.999,-15,3,250,1,2,0,0.4
0.755,0.965,1000,-15,3,250,1,2,0,0.4
0.755,0.975,1000,-15,3,250,1,2,0,0.4
0.755,0.985,1000,-15,3,250,1,2,0,0.4
0.755,0.995,1000,-15,3,250,1,2,0,0.4
0.765,0.005,17.2194,5.84895,-5.23188,469.074,1,2,0,0.4
0.765,0.015,17.455,5.84179,-5.21201,458.139,1,2,0,0.4
0.765,0.025,17.5431,5.85058,-5.22477,442.906,1,2,0,0.4
0.765,0.035,17.5135,5.87564,-5.24972,425.264,1,2,0,0.4
0.765,0.045,17.4364,5.90491,-5.26197,408.099,1,2,0,0.4
0.765,0.055,17.3692,5.92649,-5.24637,393.299,1,2,0,0.4
0.765,0.065,17.3237,5.93708,-5.20268,380.958,1,2,0,0.4
0.765,0.075,17.2843,5.93947,-5.13786,370.28,1,2,0,0.4
0.765,0.085,17.2329,5.9372,-5.05839,360.511,1,2,0,0.4
0.765,0.095,17.1588,5.93241,-4.96815,351.211,1,2,0,0.4
0.765,0.105,17.0579,5.9259,-4.86906,342.181,1,2,0,0.4
0.765,0.115,16.9299,5.9177,-4.76208,333.347,1,2,0,0.4
0.765,0.125,16.7764,5.9075,-4.64776,324.689,1,2,0,0.4
0.765,0.135,16.5994,5.89488,-4.52649,316.205,1,2,0,0.4
0.765,0.145,16.4012,5.87941,-4.39862,307.901,1,2,0,0.4
0.765,0.155,16.1842,5.86062,-4.26448,299.783,1,2,0,0.4
0.765,0.165,15.9504,5.83809,-4.12438,291.857,1,2,0,0.4
0.765,0.175,15.7019,5.81142,-3.97861,284.129,1,2,0,0.4
0.765,0.185,15.4403,5.7802,-3.82743,276.604,1,2,0,0.4
0.765,0.195,15.1673,5.7441,-3.6711,269.287,1,2,0,0.4
0.765,0.205,14.8842,5.70275,-3.50983,262.182,1,2,0,0.4
0.765,0.215,14.5921,5.65584,-3.3438,255.292,1,2,0,0.4
0.765,0.225,14.292,5.60308,-3.17316,248.62,1,2,0,0.4
0.765,0.235,13.9848,5.54419,-2.998,242.169,1,2,0,0.4
0.765,0.245,13.6711,5.47891,-2.8184,235.944,1,2,0,0.4
0.765,0.255,13.3517,5.40704,-2.63432,229.946,1,2,0,0.4
0.765,0.265,13.0269,5.32833,-2.44567,224.179,1,2,0,0.4
0.765,0.275,12.6973,5.24251,-2.25225,218.645,1,2,0,0.4
0.765,0.285,12.3634,5.14917,-2.05377,213.346,1,2,0,0.4
0.765,0.295,12.0253,5.04774,-1.84983,208.286,1,2,0,0.4
0.765,0.305,11.6835,4.93753,-1.64005,203.466,1,2,0,0.4
0.765,0.315,11.3365,4.81861,-1.42419,198.843,1,2,0,0.4
0.765,0.325,10.9838,4.69048,-1.20211,194.402,1,2,0,0.4
0.765,0.335,10.6269,4.55162,-0.973556,190.17,1,2,0,0.4
0.765,0.345,10.2693,4.39945,-0.738152,186.219,1,2,0,0.4
0.765,0.355,9.91207,4.23182,-0.495293,182.565,1,2,0,0.4
0.765,0.365,9.55533,4.04557,-0.244017,179.215,1,2,0,0.4
0.765,0.375,9.19795,3.83668,0.0166428,176.112,1,2,0,0.4
0.765,0.385,8.84818,3.60827,0.287321,173.146,1,2,0,0.4
0.765,0.395,8.51433,3.35737,0.568143,170.332,1,2,0,0.4
0.765,0.405,8.2049,3.08525,0.858649,167.599,1,2,0,0.4
0.765,0.415,7.92929,2.79661,1.15668,164.855,1,2,0,0.4
0.765,0.425,7.69738,2.49912,1.45794,162.029,1,2,0,0.4
0.765,0.435,7.51751,2.20222,1.75613,159.105,1,2,0,0.4
0.765,0.445,7.3946,1.91534,2.04384,156.135,1,2,0,0.4
0.765,0.455,7.32998,1.6465,2.31352,153.247,1,2,0,0.4
0.765,0.465,7.32341,1.40167,2.55787,150.637,1,2,0,0.4
0.765,0.475,7.37603,1.18492,2.7694,148.588,1,2,0,0.4
0.765,0.485,7.49284,0.998527,2.93968,147.47,1,2,0,0.4
0.765,0.495,7.68277,0.842773,3.0595,147.713,1,2,0,0.4
0.765,0.505,7.9536,0.71235,3.12228,149.686,1,2,0,0.4
0.765,0.515,8.29751,0.585833,3.13225,153.488,1,2,0,0.4
0.765,0.525,8.66955,0.395317,3.11063,158.988,1,2,0,0.4
0.765,0.535,8.96416,-0.0494139,3.1003,166.532,1,2,0,0.4
0.765,0.545,9.10169,-1.18192,3.20263,178.216,1,2,0,0.4
0.765,0.555,9.51647,-3.67051,3.55303,196.102,1,2,0,0.4
0.765,0.565,11.1484,-7.7177,3.93036,195.584,1,2,0,0.4
0.765,0.575,15.2277,-11.6614,3.64611,146.167,1,2,0,0.4
0.765,0.585,22.9036,-13.8206,2.91024,80.2418,1,2,0,0.4
0.765,0.595,35.2112,-14.5601,2.47054,45.6911,1,2,0,0.4
0.765,0.605,53.9416,-14.7804,2.38575,38.9341,1,2,0,0.4
0.765,0.615,80.8816,-14.8668,2.42325,42.5267,1,2,0,0.4
0.765,0.625,117.109,-14.9123,2.4837,50.0743,1,2,0,0.4
0.765,0.635,163.214,-14.9397,2.54541,60.2384,1,2,0,0.4
0.765,0.645,219.148,-14.9574,2.60389,72.6371,1,2,0,0.4
0.765,0.655,283.99,-14.9694,2.65789,86.9211,1,2,0,0.4
0.765,0.665,355.925,-14.9777,2.70711,102.635,1,2,0,0.4
0.765,0.675,432.411,-14.9837,2.75156,119.235,1,2,0,0.4
0.765,0.685,510.497,-14.9881,2.79141,136.134,1,2,0,0.4
0.765,0.695,587.177,-14.9914,2.82687,152.76,1,2,0,0.4
0.765,0.705,659.735,-14.9938,2.85816,168.602,1,2,0,0.4
0.765,0.715,726.006,-14.9956,2.88547,183.248,1,2,0,0.4
0.765,0.725,784.516,-14.9969,2.90901,196.402,1,2,0,0.4
0.765,0.735,834.519,-14.9979,2.929,207.889,1,2,0,0.4
0.765,0.745,875.932,-14.9986,2.94567,217.647,1,2,0,0.4
0.765,0.755,909.201,-14.9991,2.95929,225.715,1,2,0,0.4
0.765,0.765,935.145,-14.9994,2.97018,232.202,1,2,0,0.4
0.765,0.775,954.796,-14.9996,2.97867,237.275,1,2,0,0.4
0.765,0.785,969.26,-14.9998,2.98512,241.131,1,2,0,0.4
0.765,0.795,979.608,-14.9999,2.98988,243.978,1,2,0,0.4
0.765,0.805,986.805,-14.9999,2.9933,246.018,1,2,0,0.4
0.765,0.815,991.673,-15,2.99568,247.437,1,2,0,0.4
0.765,0.825,994.875,-15,2.99729,248.394,1,2,0,0.4
0.765,0.835,996.924,-15,2.99835,249.021,1,2,0,0.4
0.765,0.845,998.2,-15,2.99902,249.419,1,2,0,0.4
0.765,0.855,998.972,-15,2.99943,249.664,1,2,0,0.4
0.765,0.865,999.428,-15,2.99968,249.811,1,2,0,0.4
0.765,0.875,999.689,-15,2.99983,249.896,1,2,0,0.4
0.765,0.885,999.835,-15,2.99991,249.945,1,2,0,0.4
0.765,0.895,999.915,-15,2.99995,249.971,1,2,0,0.4
0.765,0.905,999.957,-15,2.99998,249.985,1,2,0,0.4
0.765,0.915,999.979,-15,2.99999,249.993,1,2,0,0.4
0.765,0.925,999.99,-15,2.99999,249.996,1,2,0,0.4
0.765,0.935,999.995,-15,3,249.998,1,2,0,0.4
0.765,0.945,999.998,-15,3,249.999,1,2,0,0.4
0.765,0.955,999.999,-15,3,250,1,2,0,0.4
0.765,0.965,1000,-15,3,250,1,2,0,0.4
0.765,0.975,1000,-15,3,250,1,2,0,0.4
0.765,0.985,1000,-15,3,250,1,2,0,0.4
0.765,0.995,1000,-15,3,250,1,2,0,0.4
0.775,0.005,15.9646,5.86615,-4.76249,469.952,1,2,0,0.4
0.775,0.015,16.1856,5.85467,-4.73015,460.275,1,2,0,0.4
0.775,0.025,16.2993,5.84961,-4.73096,446.95,1,2,0,0.4
0.775,0.035,16.3053,5.85788,-4.75405,430.675,1,2,0,0.4
0.775,0.045,16.2417,5.87544,-4.77836,413.473,1,2,0,0.4
0.775,0.055,16.1621,5.89205,-4.78361,397.536,1,2,0,0.4
0.775,0.065,16.0994,5.90009,-4.76096,383.908,1,2,0,0.4
0.775,0.075,16.0544,5.89862,-4.71274,372.363,1,2,0,0.4
0.775,0.085,16.0122,5.89038,-4.64542,362.19,1,2,0,0.4
0.775,0.095,15.9586,5.87812,-4.56447,352.79,1,2,0,0.4
0.775,0.105,15.8851,5.86344,-4.47313,343.815,1,2,0,0.4
0.775,0.115,15.7883,5.84691,-4.37308,335.102,1,2,0,0.4
0.775,0.125,15.6676,5.82852,-4.26513,326.585,1,2,0,0.4
0.775,0.135,15.5236,5.80801,-4.14973,318.244,1,2,0,0.4
0.775,0.145,15.358,5.78497,-4.0272,310.077,1,2,0,0.4
0.775,0.155,15.1723,5.75901,-3.89782,302.085,1,2,0,0.4
0.775,0.165,14.9683,5.72969,-3.76183,294.275,1,2,0,0.4
0.775,0.175,14.7476,5.69662,-3.61946,286.651,1,2,0,0.4
0.775,0.185,14.5119,5.6594,-3.47093,279.217,1,2,0,0.4
0.775,0.195,14.2627,5.61764,-3.31645,271.979,1,2,0,0.4
0.775,0.205,14.0012,5.57099,-3.15616,264.94,1,2,0,0.4
0.775,0.215,13.7288,5.5191,-2.99023,258.103,1,2,0,0.4
0.775,0.225,13.4467,5.46164,-2.81874,251.474,1,2,0,0.4
0.775,0.235,13.1558,5.3983,-2.64176,245.055,1,2,0,0.4
0.775,0.245,12.8574,5.32877,-2.45929,238.851,1,2,0,0.4
0.775,0.255,12.5523,5.25277,-2.2713,232.868,1,2,0,0.4
0.775,0.265,12.2416,5.17,-2.07766,227.111,1,2,0,0.4
0.775,0.275,11.9261,5.0803,-1.87824,221.576,1,2,0,0.4
0.775,0.285,11.6057,4.98372,-1.67292,216.243,1,2,0,0.4
0.775,0.295,11.2811,4.88002,-1.46159,211.106,1,2,0,0.4
0.775,0.305,10.9531,4.76875,-1.24419,206.166,1,2,0,0.4
0.775,0.315,10.6244,4.64845,-1.02073,201.471,1,2,0,0.4
0.775,0.325,10.2968,4.51792,-0.791295,197.049,1,2,0,0.4
0.775,0.335,9.97221,4.3758,-0.556067,192.921,1,2,0,0.4
0.775,0.345,9.65194,4.22011,-0.315268,189.111,1,2,0,0.4
0.775,0.355,9.33657,4.04748,-0.0692448,185.622,1,2,0,0.4
0.775,0.365,9.0316,3.85906,0.181477,182.409,1,2,0,0.4
0.775,0.375,8.74199,3.65175,0.436471,179.482,1,2,0,0.4
0.775,0.385,8.47369,3.42362,0.695653,176.834,1,2,0,0.4
0.775,0.395,8.23088,3.17458,0.959049,174.374,1,2,0,0.4
0.775,0.405,8.01824,2.90728,1.22628,171.974,1,2,0,0.4
0.775,0.415,7.84066,2.62752,1.49595,169.501,1,2,0,0.4
0.775,0.425,7.70253,2.34362,1.76524,166.857,1,2,0,0.4
0.775,0.435,7.60667,2.06478,2.03008,164.014,1,2,0,0.4
0.775,0.445,7.55384,1.79929,2.2857,161.028,1,2,0,0.4
0.775,0.455,7.54342,1.55358,2.52723,158.036,1,2,0,0.4
0.775,0.465,7.57529,1.33212,2.74958,155.247,1,2,0,0.4
0.775,0.475,7.65197,1.13794,2.94679,152.953,1,2,0,0.4
0.775,0.485,7.78047,0.97313,3.1109,151.541,1,2,0,0.4
0.775,0.495,7.9728,0.838806,3.23147,151.494,1,2,0,0.4
0.775,0.505,8.24192,0.730787,3.29826,153.309,1,2,0,0.4
0.775,0.515,8.58488,0.626405,3.31111,157.238,1,2,0,0.4
0.775,0.525,8.95402,0.450452,3.29133,163.234,1,2,0,0.4
0.775,0.535,9.23328,-0.0058697,3.28968,171.704,1,2,0,0.4
0.775,0.545,9.34482,-1.21534,3.41922,184.734,1,2,0,0.4
0.775,0.555,9.72066,-3.90827,3.78258,200.783,1,2,0,0.4
0.775,0.565,11.0972,-8.23447,3.99674,184.686,1,2,0,0.4
0.775,0.575,14.837,-12.1349,3.46853,122.012,1,2,0,0.4
0.775,0.585,22.2754,-14.0196,2.72026,62.8607,1,2,0,0.4
0.775,0.595,34.6514,-14.6034,2.39818,39.8835,1,2,0,0.4
0.775,0.605,53.663,-14.7867,2.37094,37.704,1,2,0,0.4
0.775,0.615,80.7914,-14.8676,2.42102,42.3087,1,2,0,0.4
0.775,0.625,117.086,-14.9124,2.4834,50.0386,1,2,0,0.4
0.775,0.635,163.21,-14.9397,2.54537,60.2328,1,2,0,0.4
0.775,0.645,219.147,-14.9574,2.60388,72.6363,1,2,0,0.4
0.775,0.655,283.99,-14.9694,2.65789,86.921,1,2,0,0.4
0.775,0.665,355.925,-14.9777,2.70711,102.635,1,2,0,0.4
0.775,0.675,432.411,-14.9837,2.75156,119.235,1,2,0,0.4
0.775,0.685,510.497,-14.9881,2.79141,136.134,1,2,0,0.4
0.775,0.695,587.177,-14.9914,2.82687,152.76,1,2,0,0.4
0.775,0.705,659.735,-14.9938,2.85816,168.602,1,2,0,0.4
0.775,0.715,726.006,-14.9956,2.88547,183.248,1,2,0,0.4
0.775,0.725,784.516,-14.9969,2.90901,196.402,1,2,0,0.4
0.775,0.735,834.519,-14.9979,2.929,207.889,1,2,0,0.4
0.775,0.745,875.932,-14.9986,2.94567,217.647,1,2,0,0.4
0.775,0.755,909.201,-14.9991,2.95929,225.715,1,2,0,0.4
0.775,0.765,935.145,-14.9994,2.97018,232.202,1,2,0,0.4
0.775,0.775,954.796,-14.9996,2.97867,237.275,1,2,0,0.4
0.775,0.785,969.26,-14.9998,2.98512,241.131,1,2,0,0.4
0.775,0.795,979.608,-14.9999,2.98988,243.978,1,2,0,0.4
0.775,0.805,986.805,-14.9999,2.9933,246.018,1,2,0,0.4
0.775,0.815,991.673,-15,2.99568,247.437,1,2,0,0.4
0.775,0.825,994.875,-15,2.99729,248.394,1,2,0,0.4
0.775,0.835,996.924,-15,2.99835,249.021,1,2,0,0.4
0.775,0.845,998.2,-15,2.99902,249.419,1,2,0,0.4
0.775,0.855,998.972,-15,2.99943,249.664,1,2,0,0.4
0.775,0.865,999.428,-15,2.99968,249.811,1,2,0,0.4
0.775,0.875,999.689,-15,2.99983,249.896,1,2,0,0.4
0.775,0.885,999.835,-15,2.99991,249.945,1,2,0,0.4
0.775,0.895,999.915,-15,2.99995,249.971,1,2,0,0.4
0.775,0.905,999.957,-15,2.99998,249.985,1,2,0,0.4
0.775,0.915,999.979,-15,2.99999,249.993,1,2,0,0.4
0.775,0.925,999.99,-15,2.99999,249.996,1,2,0,0.4
0.775,0.935,999.995,-15,3,249.998,1,2,0,0.4
0.775,0.945,999.998,-15,3,249.999,1,2,0,0.4
0.775,0.955,999.999,-15,3,250,1,2,0,0.4
0.775,0.965,1000,-15,3,250,1,2,0,0.4
0.775,0.975,1000,-15,3,250,1,2,0,0.4
0.775,0.985,1000,-15,3,250,1,2,0,0.4
0.775,0.995,1000,-15,3,250,1,2,0,0.4
0.785,0.005,14.9348,5.88374,-4.28556,470.964,1,2,0,0.4
0.785,0.015,15.1052,5.87425,-4.24178,461.83,1,2,0,0.4
0.785,0.025,15.2017,5.86283,-4.22841,449.784,1,2,0,0.4
0.785,0.035,15.2107,5.859,-4.24196,434.824,1,2,0,0.4
0.785,0.045,15.1488,5.8638,-4.26754,418.198,1,2,0,0.4
0.785,0.055,15.0564,5.87121,-4.2846,401.864,1,2,0,0.4
0.785,0.065,14.9701,5.8739,-4.27828,387.289,1,2,0,0.4
0.785,0.075,14.9037,5.86835,-4.24506,374.833,1,2,0,0.4
0.785,0.085,14.8507,5.85515,-4.18911,364.077,1,2,0,0.4
0.785,0.095,14.798,5.83658,-4.11636,354.415,1,2,0,0.4
0.785,0.105,14.7346,5.81459,-4.03128,345.386,1,2,0,0.4
0.785,0.115,14.6541,5.79025,-3.93648,336.728,1,2,0,0.4
0.785,0.125,14.5536,5.76392,-3.83326,328.313,1,2,0,0.4
0.785,0.135,14.4324,5.73552,-3.72224,320.09,1,2,0,0.4
0.785,0.145,14.2911,5.70481,-3.60375,312.042,1,2,0,0.4
0.785,0.155,14.1304,5.67141,-3.47799,304.166,1,2,0,0.4
0.785,0.165,13.9517,5.63496,-3.34513,296.464,1,2,0,0.4
0.785,0.175,13.7562,5.59505,-3.20531,288.939,1,2,0,0.4
0.785,0.185,13.5454,5.55129,-3.05869,281.597,1,2,0,0.4
0.785,0.195,13.3205,5.50329,-2.90538,274.442,1,2,0,0.4
0.785,0.205,13.0828,5.45069,-2.7455,267.477,1,2,0,0.4
0.785,0.215,12.8337,5.39312,-2.57913,260.706,1,2,0,0.4
0.785,0.225,12.5744,5.33026,-2.40634,254.133,1,2,0,0.4
0.785,0.235,12.3058,5.2619,-2.22718,247.754,1,2,0,0.4
0.785,0.245,12.0291,5.18782,-2.04167,241.568,1,2,0,0.4
0.785,0.255,11.7453,5.10783,-1.84984,235.576,1,2,0,0.4
0.785,0.265,11.4556,5.02182,-1.65172,229.775,1,2,0,0.4
0.785,0.275,11.1614,4.92947,-1.44731,224.175,1,2,0,0.4
0.785,0.285,10.8648,4.83014,-1.23666,218.8,1,2,0,0.4
0.785,0.295,10.5677,4.72339,-1.01987,213.663,1,2,0,0.4
0.785,0.305,10.2717,4.6086,-0.797161,208.779,1,2,0,0.4
0.785,0.315,9.97861,4.48501,-0.568941,204.165,1,2,0,0.4
0.785,0.325,9.69041,4.35145,-0.335852,199.846,1,2,0,0.4
0.785,0.335,9.40857,4.20584,-0.0989431,195.842,1,2,0,0.4
0.785,0.345,9.13783,4.04907,0.140287,192.15,1,2,0,0.4
0.785,0.355,8.88294,3.87894,0.380151,188.816,1,2,0,0.4
0.785,0.365,8.64964,3.69305,0.619113,185.898,1,2,0,0.4
0.785,0.375,8.44126,3.48915,0.856215,183.376,1,2,0,0.4
0.785,0.385,8.26075,3.26597,1.09122,181.182,1,2,0,0.4
0.785,0.395,8.1099,3.02399,1.32476,179.185,1,2,0,0.4
0.785,0.405,7.98954,2.76644,1.55792,177.202,1,2,0,0.4
0.785,0.415,7.89982,2.49957,1.79142,175.048,1,2,0,0.4
0.785,0.425,7.84041,2.23166,2.02488,172.592,1,2,0,0.4
0.785,0.435,7.81047,1.97117,2.25654,169.803,1,2,0,0.4
0.785,0.445,7.80901,1.72515,2.48357,166.752,1,2,0,0.4
0.785,0.455,7.83555,1.49872,2.70244,163.597,1,2,0,0.4
0.785,0.465,7.89119,1.29532,2.90891,160.564,1,2,0,0.4
0.785,0.475,7.97959,1.11735,3.09747,157.949,1,2,0,0.4
0.785,0.485,8.10829,0.966931,3.26038,156.139,1,2,0,0.4
0.785,0.495,8.29021,0.846139,3.38656,155.636,1,2,0,0.4
0.785,0.505,8.54182,0.752143,3.46309,157.035,1,2,0,0.4
0.785,0.515,8.86501,0.661066,3.48542,160.778,1,2,0,0.4
0.785,0.525,9.20979,0.488327,3.4743,166.971,1,2,0,0.4
0.785,0.535,9.44809,0.000482233,3.48929,176.111,1,2,0,0.4
0.785,0.545,9.50554,-1.32745,3.65031,189.817,1,2,0,0.4
0.785,0.555,9.71885,-4.32446,3.99,198.927,1,2,0,0.4
0.785,0.565,10.7214,-8.94988,3.95164,162.992,1,2,0,0.4
0.785,0.575,14.2106,-12.6498,3.20513,94.4517,1,2,0,0.4
0.785,0.585,21.6209,-14.183,2.54032,48.8188,1,2,0,0.4
0.785,0.595,34.2181,-14.6311,2.34782,36.26,1,2,0,0.4
0.785,0.605,53.4906,-14.7901,2.36256,37.0414,1,2,0,0.4
0.785,0.615,80.744,-14.868,2.41992,42.2022,1,2,0,0.4
0.785,0.625,117.076,-14.9124,2.48327,50.0226,1,2,0,0.4
0.785,0.635,163.208,-14.9397,2.54536,60.2305,1,2,0,0.4
0.785,0.645,219.147,-14.9574,2.60388,72.636,1,2,0,0.4
0.785,0.655,283.99,-14.9694,2.65789,86.9209,1,2,0,0.4
0.785,0.665,355.925,-14.9777,2.70711,102.635,1,2,0,0.4
0.785,0.675,432.411,-14.9837,2.75156,119.235,1,2,0,0.4
0.785,0.685,510.497,-14.9881,2.79141,136.134,1,2,0,0.4
0.785,0.695,587.177,-14.9914,2.82687,152.76,1,2,0,0.4
0.785,0.705,659.735,-14.9938,2.85816,168.602,1,2,0,0.4
0.785,0.715,726.006,-14.9956,2.88547,183.248,1,2,0,0.4
0.785,0.725,784.516,-14.9969,2.90901,196.402,1,2,0,0.4
0.785,0.735,834.519,-14.9979,2.929,207.889,1,2,0,0.4
0.785,0.745,875.932,-14.9986,2.94567,217.647,1,2,0,0.4
0.785,0.755,909.201,-14.9991,2.95929,225.715,1,2,0,0.4
0.785,0.765,935.145,-14.9994,2.97018,232.202,1,2,0,0.4
0.785,0.775,954.796,-14.9996,2.97867,237.275,1,2,0,0.4
0.785,0.785,969.26,-14.9998,2.98512,241.131,1,2,0,0.4
0.785,0.795,979.608,-14.9999,2.98988,243.978,1,2,0,0.4
0.785,0.805,986.805,-14.9999,2.9933,246.018,1,2,0,0.4
0.785,0.815,991.673,-15,2.99568,247.437,1,2,0,0.4
0.785,0.825,994.875,-15,2.99729,248.394,1,2,0,0.4
0.785,0.835,996.924,-15,2.99835,249.021,1,2,0,0.4
0.785,0.845,998.2,-15,2.99902,249.419,1,2,0,0.4
0.785,0.855,998.972,-15,2.99943,249.664,1,2,0,0.4
0.785,0.865,999.428,-15,2.99968,249.811,1,2,0,0.4
0.785,0.875,999.689,-15,2.99983,249.896,1,2,0,0.4
0.785,0.885,999.835,-15,2.99991,249.945,1,2,0,0.4
0.785,0.895,999.915,-15,2.99995,249.971,1,2,0,0.4
0.785,0.905,999.957,-15,2.99998,249.985,1,2,0,0.4
0.785,0.915,999.979,-15,2.99999,249.993,1,2,0,0.4
0.785,0.925,999.99,-15,2.99999,249.996,1,2,0,0.4
0.785,0.935,999.995,-15,3,249.998,1,2,0,0.4
0.785,0.945,999.998,-15,3,249.999,1,2,0,0.4
0.785,0.955,999.999,-15,3,250,1,2,0,0.4
0.785,0.965,1000,-15,3,250,1,2,0,0.4
0.785,0.975,1000,-15,3,250,1,2,0,0.4
0.785,0.985,1000,-15,3,250,1,2,0,0.4
0.785,0.995,1000,-15,3,250,1,2,0,0.4
0.795,0.005,14.1568,5.89876,-3.81578,472.254,1,2,0,0.4
0.795,0.015,14.261,5.89442,-3.76152,463.276,1,2,0,0.4
0.795,0.025,14.315,5.88181,-3.73375,451.985,1,2,0,0.4
0.795,0.035,14.3006,5.87092,-3.73381,438.031,1,2,0,0.4
0.795,0.045,14.2227,5.86533,-3.7526,422.105,1,2,0,0.4
0.795,0.055,14.1092,5.86288,-3.77209,405.786,1,2,0,0.4
0.795,0.065,13.9947,5.8582,-3.7747,390.657,1,2,0,0.4
0.795,0.075,13.8993,5.84714,-3.75185,377.48,1,2,0,0.4
0.795,0.085,13.8236,5.82884,-3.70434,366.151,1,2,0,0.4
0.795,0.095,13.7578,5.80459,-3.63735,356.161,1,2,0,0.4
0.795,0.105,13.6903,5.77615,-3.55606,347.009,1,2,0,0.4
0.795,0.115,13.613,5.74477,-3.46397,338.354,1,2,0,0.4
0.795,0.125,13.5211,5.71106,-3.363,330.008,1,2,0,0.4
0.795,0.135,13.4125,5.67518,-3.25406,321.882,1,2,0,0.4
0.795,0.145,13.2868,5.63701,-3.13755,313.939,1,2,0,0.4
0.795,0.155,13.1441,5.59628,-3.01364,306.167,1,2,0,0.4
0.795,0.165,12.9851,5.55268,-2.88241,298.563,1,2,0,0.4
0.795,0.175,12.8108,5.50586,-2.74392,291.129,1,2,0,0.4
0.795,0.185,12.622,5.45548,-2.59823,283.867,1,2,0,0.4
0.795,0.195,12.42,5.40119,-2.44541,276.78,1,2,0,0.4
0.795,0.205,12.2058,5.34267,-2.28551,269.869,1,2,0,0.4
0.795,0.215,11.9806,5.27963,-2.11859,263.135,1,2,0,0.4
0.795,0.225,11.7455,5.21175,-1.94473,256.581,1,2,0,0.4
0.795,0.235,11.5022,5.13867,-1.76397,250.216,1,2,0,0.4
0.795,0.245,11.2519,5.0601,-1.57641,244.044,1,2,0,0.4
0.795,0.255,10.9963,4.97574,-1.38215,238.074,1,2,0,0.4
0.795,0.265,10.7371,4.88534,-1.18133,232.312,1,2,0,0.4
0.795,0.275,10.4758,4.78859,-0.974113,226.769,1,2,0,0.4
0.795,0.285,10.2144,4.68517,-0.760785,221.456,1,2,0,0.4
0.795,0.295,9.95474,4.57469,-0.541753,216.386,1,2,0,0.4
0.795,0.305,9.69861,4.45646,-0.317644,211.577,1,2,0,0.4
0.795,0.315,9.44763,4.32933,-0.089527,207.042,1,2,0,0.4
0.795,0.325,9.20587,4.19469,0.140986,202.787,1,2,0,0.4
0.795,0.335,8.9776,4.05106,0.371824,198.873,1,2,0,0.4
0.795,0.345,8.7685,3.89711,0.600558,195.383,1,2,0,0.4
0.795,0.355,8.58279,3.73102,0.82467,192.364,1,2,0,0.4
0.795,0.365,8.42485,3.5509,1.04185,189.852,1,2,0,0.4
0.795,0.375,8.29764,3.35463,1.25081,187.826,1,2,0,0.4
0.795,0.385,8.20223,3.1408,1.45194,186.19,1,2,0,0.4
0.795,0.395,8.13732,2.90981,1.6476,184.755,1,2,0,0.4
0.795,0.405,8.0995,2.66497,1.8415,183.262,1,2,0,0.4
0.795,0.415,8.08438,2.41252,2.03722,181.462,1,2,0,0.4
0.795,0.425,8.08789,2.16041,2.23678,179.191,1,2,0,0.4
0.795,0.435,8.10729,1.91634,2.44001,176.425,1,2,0,0.4
0.795,0.445,8.14174,1.68648,2.64475,173.265,1,2,0,0.4
0.795,0.455,8.19224,1.47515,2.84748,169.904,1,2,0,0.4
0.795,0.465,8.26136,1.2852,3.04365,166.589,1,2,0,0.4
0.795,0.475,8.35306,1.11865,3.22752,163.617,1,2,0,0.4
0.795,0.485,8.47374,0.97749,3.39149,161.353,1,2,0,0.4
0.795,0.495,8.63493,0.864329,3.52474,160.278,1,2,0,0.4
0.795,0.505,8.85404,0.777056,3.6132,161.031,1,2,0,0.4
0.795,0.515,9.13573,0.68952,3.64941,164.22,1,2,0,0.4
0.795,0.525,9.42639,0.504608,3.65351,170.157,1,2,0,0.4
0.795,0.535,9.58308,-0.0444402,3.69347,179.37,1,2,0,0.4
0.795,0.545,9.52572,-1.55756,3.88001,191.837,1,2,0,0.4
0.795,0.555,9.32006,-5.02957,4.1206,184.583,1,2,0,0.4
0.795,0.565,9.99425,-9.87226,3.74452,130.802,1,2,0,0.4
0.795,0.575,13.4562,-13.1424,2.88399,68.1326,1,2,0,0.4
0.795,0.585,21.0511,-14.2964,2.39679,39.3543,1,2,0,0.4
0.795,0.595,33.9324,-14.6463,2.31821,34.3246,1,2,0,0.4
0.795,0.605,53.3991,-14.7918,2.35848,36.7298,1,2,0,0.4
0.795,0.615,80.7224,-14.8682,2.41944,42.1568,1,2,0,0.4
0.795,0.625,117.072,-14.9125,2.48322,50.0163,1,2,0,0.4
0.795,0.635,163.207,-14.9397,2.54535,60.2297,1,2,0,0.4
0.795,0.645,219.147,-14.9574,2.60388,72.6359,1,2,0,0.4
0.795,0.655,283.99,-14.9694,2.65789,86.9209,1,2,0,0.4
0.795,0.665,355.925,-14.9777,2.70711,102.635,1,2,0,0.4
0.795,0.675,432.411,-14.9837,2.75156,119.235,1,2,0,0.4
0.795,0.685,510.497,-14.9881,2.79141,136.134,1,2,0,0.4
0.795,0.695,587.177,-14.9914,2.82687,152.76,1,2,0,0.4
0.795,0.705,659.735,-14.9938,2.85816,168.602,1,2,0,0.4
0.795,0.715,726.006,-14.9956,2.88547,183.248,1,2,0,0.4
0.795,0.725,784.516,-14.9969,2.90901,196.402,1,2,0,0.4
0.795,0.735,834.519,-14.9979,2.929,207.889,1,2,0,0.4
0.795,0.745,875.932,-14.9986,2.94567,217.647,1,2,0,0.4
0.795,0.755,909.201,-14.9991,2.95929,225.715,1,2,0,0.4
0.795,0.765,935.145,-14.9994,2.97018,232.202,1,2,0,0.4
0.795,0.775,954.796,-14.9996,2.97867,237.275,1,2,0,0.4
0.795,0.785,969.26,-14.9998,2.98512,241.131,1,2,0,0.4
0.795,0.795,979.608,-14.9999,2.98988,243.978,1,2,0,0.4
0.795,0.805,986.805,-14.9999,2.9933,246.018,1,2,0,0.4
0.795,0.815,991.673,-15,2.99568,247.437,1,2,0,0.4
0.795,0.825,994.875,-15,2.99729,248.394,1,2,0,0.4
0.795,0.835,996.924,-15,2.99835,249.021,1,2,0,0.4
0.795,0.845,998.2,-15,2.99902,249.419,1,2,0,0.4
0.795,0.855,998.972,-15,2.99943,249.664,1,2,0,0.4
0.795,0.865,999.428,-15,2.99968,249.811,1,2,0,0.4
0.795,0.875,999.689,-15,2.99983,249.896,1,2,0,0.4
0.795,0.885,999.835,-15,2.99991,249.945,1,2,0,0.4
0.795,0.895,999.915,-15,2.99995,249.971,1,2,0,0.4
0.795,0.905,999.957,-15,2.99998,249.985,1,2,0,0.4
0.795,0.915,999.979,-15,2.99999,249.993,1,2,0,0.4
0.795,0.925,999.99,-15,2.99999,249.996,1,2,0,0.4
0.795,0.935,999.995,-15,3,249.998,1,2,0,0.4
0.795,0.945,999.998,-15,3,249.999,1,2,0,0.4
0.795,0.955,999.999,-15,3,250,1,2,0,0.4
0.795,0.965,1000,-15,3,250,1,2,0,0.4
0.795,0.975,1000,-15,3,250,1,2,0,0.4
0.795,0.985,1000,-15,3,250,1,2,0,0.4
0.795,0.995,1000,-15,3,250,1,2,0,0.4
0.805,0.005,13.6245,5.91107,-3.36636,473.83,1,2,0,0.4
0.805,0.015,13.6614,5.91256,-3.30335,464.849,1,2,0,0.4
0.805,0.025,13.6632,5.90101,-3.26265,453.976,1,2,0,0.4
0.805,0.035,13.6103,5.88676,-3.24856,440.675,1,2,0,0.4
0.805,0.045,13.5024,5.87368,-3.25642,425.323,1,2,0,0.4
0.805,0.055,13.36,5.86209,-3.27133,409.191,1,2,0,0.4
0.805,0.065,13.2137,5.84915,-3.27536,393.805,1,2,0,0.4
0.805,0.075,13.0856,5.83156,-3.25673,380.136,1,2,0,0.4
0.805,0.085,12.9812,5.80784,-3.2131,368.334,1,2,0,0.4
0.805,0.095,12.8938,5.77841,-3.14826,358.024,1,2,0,0.4
0.805,0.105,12.8126,5.74447,-3.06753,348.717,1,2,0,0.4
0.805,0.115,12.7286,5.70714,-2.97507,340.028,1,2,0,0.4
0.805,0.125,12.636,5.6671,-2.87341,331.719,1,2,0,0.4
0.805,0.135,12.5314,5.62465,-2.76384,323.664,1,2,0,0.4
0.805,0.145,12.4136,5.5798,-2.64689,315.806,1,2,0,0.4
0.805,0.155,12.2822,5.53238,-2.52275,308.121,1,2,0,0.4
0.805,0.165,12.1372,5.48215,-2.39146,300.603,1,2,0,0.4
0.805,0.175,11.9795,5.42883,-2.253,293.249,1,2,0,0.4
0.805,0.185,11.8096,5.37211,-2.10735,286.063,1,2,0,0.4
0.805,0.195,11.6284,5.31166,-1.95454,279.048,1,2,0,0.4
0.805,0.205,11.4371,5.24715,-1.79457,272.206,1,2,0,0.4
0.805,0.215,11.2368,5.17829,-1.62748,265.542,1,2,0,0.4
0.805,0.225,11.0286,5.10475,-1.45335,259.059,1,2,0,0.4
0.805,0.235,10.814,5.02626,-1.27227,252.764,1,2,0,0.4
0.805,0.245,10.5945,4.94256,-1.08441,246.661,1,2,0,0.4
0.805,0.255,10.3717,4.85334,-0.889958,240.759,1,2,0,0.4
0.805,0.265,10.1472,4.75841,-0.68919,235.066,1,2,0,0.4
0.805,0.275,9.92281,4.65748,-0.48249,229.591,1,2,0,0.4
0.805,0.285,9.70011,4.55008,-0.270393,224.345,1,2,0,0.4
0.805,0.295,9.48052,4.43565,-0.0537897,219.329,1,2,0,0.4
0.805,0.305,9.2672,4.31585,0.166034,214.55,1,2,0,0.4
0.805,0.315,9.0635,4.18947,0.387412,210.054,1,2,0,0.4
0.805,0.325,8.87419,4.05625,0.608197,205.915,1,2,0,0.4
0.805,0.335,8.70325,3.91543,0.82574,202.187,1,2,0,0.4
0.805,0.345,8.55567,3.76619,1.03684,198.95,1,2,0,0.4
0.805,0.355,8.43623,3.60705,1.23815,196.278,1,2,0,0.4
0.805,0.365,8.34923,3.43596,1.42685,194.221,1,2,0,0.4
0.805,0.375,8.29717,3.25055,1.60178,192.764,1,2,0,0.4
0.805,0.385,8.27934,3.04891,1.76455,191.777,1,2,0,0.4
0.805,0.395,8.29108,2.83096,1.92002,190.995,1,2,0,0.4
0.805,0.405,8.32447,2.59966,2.0751,190.063,1,2,0,0.4
0.805,0.415,8.37071,2.36106,2.23635,188.65,1,2,0,0.4
0.805,0.425,8.42289,2.12278,2.40765,186.561,1,2,0,0.4
0.805,0.435,8.4779,1.89212,2.58933,183.79,1,2,0,0.4
0.805,0.445,8.53645,1.67483,2.77874,180.485,1,2,0,0.4
0.805,0.455,8.60164,1.47494,2.97132,176.884,1,2,0,0.4
0.805,0.465,8.67704,1.29504,3.16141,173.265,1,2,0,0.4
0.805,0.475,8.76574,1.13678,3.34259,169.922,1,2,0,0.4
0.805,0.485,8.8715,1.00165,3.50741,167.179,1,2,0,0.4
0.805,0.495,9.00245,0.891967,3.64597,165.447,1,2,0,0.4
0.805,0.505,9.17399,0.804936,3.7446,165.337,1,2,0,0.4
0.805,0.515,9.38852,0.709351,3.79533,167.539,1,2,0,0.4
0.805,0.525,9.58251,0.489766,3.81897,172.515,1,2,0,0.4
0.805,0.535,9.58861,-0.169042,3.88742,180.437,1,2,0,0.4
0.805,0.545,9.27347,-1.99084,4.0675,186.767,1,2,0,0.4
0.805,0.555,8.44509,-6.10366,4.07861,155.173,1,2,0,0.4
0.805,0.565,9.02482,-10.927,3.35384,93.4419,1,2,0,0.4
0.805,0.575,12.7363,-13.5318,2.56924,48.019,1,2,0,0.4
0.805,0.585,20.645,-14.36,2.30491,34.2137,1,2,0,0.4
0.805,0.595,33.7772,-14.6532,2.30393,33.4576,1,2,0,0.4
0.805,0.605,53.3587,-14.7924,2.35681,36.6053,1,2,0,0.4
0.805,0.615,80.7142,-14.8682,2.41926,42.1403,1,2,0,0.4
0.805,0.625,117.07,-14.9125,2.4832,50.0142,1,2,0,0.4
0.805,0.635,163.207,-14.9397,2.54535,60.2295,1,2,0,0.4
0.805,0.645,219.147,-14.9574,2.60388,72.6358,1,2,0,0.4
0.805,0.655,283.99,-14.9694,2.65789,86.9209,1,2,0,0.4
0.805,0.665,355.925,-14.9777,2.70711,102.635,1,2,0,0.4
0.805,0.675,432.411,-14.9837,2.75156,119.235,1,2,0,0.4
0.805,0.685,510.497,-14.9881,2.79141,136.134,1,2,0,0.4
0.805,0.695,587.177,-14.9914,2.82687,152.76,1,2,0,0.4
0.805,0.705,659.735,-14.9938,2.85816,168.602,1,2,0,0.4
0.805,0.715,726.006,-14.9956,2.88547,183.248,1,2,0,0.4
0.805,0.725,784.516,-14.9969,2.90901,196.402,1,2,0,0.4
0.805,0.735,834.519,-14.9979,2.929,207.889,1,2,0,0.4
0.805,0.745,875.932,-14.9986,2.94567,217.647,1,2,0,0.4
0.805,0.755,909.201,-14.9991,2.95929,225.715,1,2,0,0.4
0.805,0.765,935.145,-14.9994,2.97018,232.202,1,2,0,0.4
0.805,0.775,954.796,-14.9996,2.97867,237.275,1,2,0,0.4
0.805,0.785,969.26,-14.9998,2.98512,241.131,1,2,0,0.4
0.805,0.795,979.608,-14.9999,2.98988,243.978,1,2,0,0.4
0.805,0.805,986.805,-14.9999,2.9933,246.018,1,2,0,0.4
0.805,0.815,991.673,-15,2.99568,247.437,1,2,0,0.4
0.805,0.825,994.875,-15,2.99729,248.394,1,2,0,0.4
0.805,0.835,996.924,-15,2.99835,249.021,1,2,0,0.4
0.805,0.845,998.2,-15,2.99902,249.419,1,2,0,0.4
0.805,0.855,998.972,-15,2.99943,249.664,1,2,0,0.4
0.805,0.865,999.428,-15,2.99968,249.811,1,2,0,0.4
0.805,0.875,999.689,-15,2.99983,249.896,1,2,0,0.4
0.805,0.885,999.835,-15,2.99991,249.945,1,2,0,0.4
0.805,0.895,999.915,-15,2.99995,249.971,1,2,0,0.4
0.805,0.905,999.957,-15,2.99998,249.985,1,2,0,0.4
0.805,0.915,999.979,-15,2.99999,249.993,1,2,0,0.4
0.805,0.925,999.99,-15,2.99999,249.996,1,2,0,0.4
0.805,0.935,999.995,-15,3,249.998,1,2,0,0.4
0.805,0.945,999.998,-15,3,249.999,1,2,0,0.4
0.805,0.955,999.999,-15,3,250,1,2,0,0.4
0.805,0.965,1000,-15,3,250,1,2,0,0.4
0.805,0.975,1000,-15,3,250,1,2,0,0.4
0.805,0.985,1000,-15,3,250,1,2,0,0.4
0.805,0.995,1000,-15,3,250,1,2,0,0.4
0.815,0.005,13.3093,5.92274,-2.94497,475.673,1,2,0,0.4
0.815,0.015,13.2862,5.92955,-2.8765,466.655,1,2,0,0.4
0.815,0.025,13.2378,5.91855,-2.82645,456.012,1,2,0,0.4
0.815,0.035,13.1414,5.90237,-2.80061,443.059,1,2,0,0.4
0.815,0.045,12.9962,5.88375,-2.79736,428.049,1,2,0,0.4
0.815,0.055,12.8199,5.86409,-2.80437,412.08,1,2,0,0.4
0.815,0.065,12.6402,5.84273,-2.80445,396.597,1,2,0,0.4
0.815,0.075,12.4795,5.81789,-2.78442,382.651,1,2,0,0.4
0.815,0.085,12.3457,5.78827,-2.73985,370.541,1,2,0,0.4
0.815,0.095,12.2341,5.75374,-2.67328,360.003,1,2,0,0.4
0.815,0.105,12.135,5.71492,-2.5898,350.578,1,2,0,0.4
0.815,0.115,12.0393,5.67256,-2.494,341.864,1,2,0,0.4
0.815,0.125,11.9404,5.62722,-2.38893,333.591,1,2,0,0.4
0.815,0.135,11.8344,5.57921,-2.27621,325.606,1,2,0,0.4
0.815,0.145,11.7193,5.52859,-2.15661,317.833,1,2,0,0.4
0.815,0.155,11.5943,5.47528,-2.03036,310.239,1,2,0,0.4
0.815,0.165,11.4593,5.4191,-1.8975,302.812,1,2,0,0.4
0.815,0.175,11.3146,5.35981,-1.75797,295.549,1,2,0,0.4
0.815,0.185,11.1606,5.29718,-1.61173,288.451,1,2,0,0.4
0.815,0.195,10.9982,5.2309,-1.45874,281.522,1,2,0,0.4
0.815,0.205,10.8282,5.16069,-1.29897,274.765,1,2,0,0.4
0.815,0.215,10.6516,5.0863,-1.13246,268.183,1,2,0,0.4
0.815,0.225,10.4697,5.00746,-0.959315,261.781,1,2,0,0.4
0.815,0.235,10.2838,4.9239,-0.779661,255.565,1,2,0,0.4
0.815,0.245,10.0952,4.83545,-0.593734,249.541,1,2,0,0.4
0.815,0.255,9.90549,4.74177,-0.401843,243.713,1,2,0,0.4
0.815,0.265,9.71598,4.64243,-0.204431,238.091,1,2,0,0.4
0.815,0.275,9.52774,4.53744,-0.00222113,232.662,1,2,0,0.4
0.815,0.285,9.34305,4.42805,0.203827,227.439,1,2,0,0.4
0.815,0.295,9.16459,4.31328,0.412556,222.452,1,2,0,0.4
0.815,0.305,8.99579,4.1933,0.622488,217.749,1,2,0,0.4
0.815,0.315,8.83964,4.06797,0.831715,213.362,1,2,0,0.4
0.815,0.325,8.70008,3.9373,1.03774,209.356,1,2,0,0.4
0.815,0.335,8.58152,3.80096,1.23743,205.807,1,2,0,0.4
0.815,0.345,8.48903,3.6583,1.42709,202.814,1,2,0,0.4
0.815,0.355,8.42802,3.50798,1.60276,200.486,1,2,0,0.4
0.815,0.365,8.40328,3.34783,1.76121,198.904,1,2,0,0.4
0.815,0.375,8.41723,3.17496,1.90147,198.064,1,2,0,0.4
0.815,0.385,8.46764,2.98667,2.02658,197.804,1,2,0,0.4
0.815,0.395,8.54629,2.78205,2.14416,197.765,1,2,0,0.4
0.815,0.405,8.6403,2.5635,2.2646,197.469,1,2,0,0.4
0.815,0.415,8.73638,2.33683,2.39728,196.481,1,2,0,0.4
0.815,0.425,8.82556,2.10962,2.54724,194.573,1,2,0,0.4
0.815,0.435,8.90565,1.88913,2.71439,191.771,1,2,0,0.4
0.815,0.445,8.9798,1.6812,2.89464,188.285,1,2,0,0.4
0.815,0.455,9.05289,1.48995,3.08164,184.41,1,2,0,0.4
0.815,0.465,9.12833,1.31778,3.26809,180.455,1,2,0,0.4
0.815,0.475,9.20703,1.16575,3.44656,176.708,1,2,0,0.4
0.815,0.485,9.28897,1.03421,3.6096,173.431,1,2,0,0.4
0.815,0.495,9.37731,0.924107,3.74854,170.907,1,2,0,0.4
0.815,0.505,9.48167,0.82959,3.85121,169.622,1,2,0,0.4
0.815,0.515,9.59314,0.709109,3.91131,170.187,1,2,0,0.4
0.815,0.525,9.62195,0.41724,3.95153,172.909,1,2,0,0.4
0.815,0.535,9.34762,-0.441941,4.03106,176.299,1,2,0,0.4
0.815,0.545,8.44971,-2.83038,4.12323,165.473,1,2,0,0.4
0.815,0.555,7.13381,-7.61229,3.74296,112.303,1,2,0,0.4
0.815,0.565,8.04701,-11.9229,2.83694,60.1888,1,2,0,0.4
0.815,0.575,12.2005,-13.7659,2.33722,36.4801,1,2,0,0.4
0.815,0.585,20.4187,-14.3879,2.26025,32.0326,1,2,0,0.4
0.815,0.595,33.711,-14.6558,2.29848,33.1414,1,2,0,0.4
0.815,0.605,53.3444,-14.7927,2.35625,36.5646,1,2,0,0.4
0.815,0.615,80.7116,-14.8682,2.41921,42.1355,1,2,0,0.4
0.815,0.625,117.07,-14.9125,2.4832,50.0137,1,2,0,0.4
0.815,0.635,163.206,-14.9397,2.54535,60.2294,1,2,0,0.4
0.815,0.645,219.147,-14.9574,2.60388,72.6358,1,2,0,0.4
0.815,0.655,283.99,-14.9694,2.65789,86.9209,1,2,0,0.4
0.815,0.665,355.925,-14.9777,2.70711,102.635,1,2,0,0.4
0.815,0.675,432.411,-14.9837,2.75156,119.235,1,2,0,0.4
0.815,0.685,510.497,-14.9881,2.79141,136.134,1,2,0,0.4
0.815,0.695,587.177,-14.9914,2.82687,152.76,1,2,0,0.4
0.815,0.705,659.735,-14.9938,2.85816,168.602,1,2,0,0.4
0.815,0.715,726.006,-14.9956,2.88547,183.248,1,2,0,0.4
0.815,0.725,784.516,-14.9969,2.90901,196.402,1,2,0,0.4
0.815,0.735,834.519,-14.9979,2.929,207.889,1,2,0,0.4
0.815,0.745,875.932,-14.9986,2.94567,217.647,1,2,0,0.4
0.815,0.755,909.201,-14.9991,2.95929,225.715,1,2,0,0.4
0.815,0.765,935.145,-14.9994,2.97018,232.202,1,2,0,0.4
0.815,0.775,954.796,-14.9996,2.97867,237.275,1,2,0,0.4
0.815,0.785,969.26,-14.9998,2.98512,241.131,1,2,0,0.4
0.815,0.795,979.608,-14.9999,2.98988,243.978,1,2,0,0.4
0.815,0.805,986.805,-14.9999,2.9933,246.018,1,2,0,0.4
0.815,0.815,991.673,-15,2.99568,247.437,1,2,0,0.4
0.815,0.825,994.875,-15,2.99729,248.394,1,2,0,0.4
0.815,0.835,996.924,-15,2.99835,249.021,1,2,0,0.4
0.815,0.845,998.2,-15,2.99902,249.419,1,2,0,0.4
0.815,0.855,998.972,-15,2.99943,249.664,1,2,0,0.4
0.815,0.865,999.428,-15,2.99968,249.811,1,2,0,0.4
0.815,0.875,999.689,-15,2.99983,249.896,1,2,0,0.4
0.815,0.885,999.835,-15,2.99991,249.945,1,2,0,0.4
0.815,0.895,999.915,-15,2.99995,249.971,1,2,0,0.4
0.815,0.905,999.957,-15,2.99998,249.985,1,2,0,0.4
0.815,0.915,999.979,-15,2.99999,249.993,1,2,0,0.4
0.815,0.925,999.99,-15,2.99999,249.996,1,2,0,0.4
0.815,0.935,999.995,-15,3,249.998,1,2,0,0.4
0.815,0.945,999.998,-15,3,249.999,1,2,0,0.4
0.815,0.955,999.999,-15,3,250,1,2,0,0.4
0.815,0.965,1000,-15,3,250,1,2,0,0.4
0.815,0.975,1000,-15,3,250,1,2,0,0.4
0.815,0.985,1000,-15,3,250,1,2,0,0.4
0.815,0.995,1000,-15,3,250,1,2,0,0.4
0.825,0.005,13.1703,5.9369,-2.55154,477.764,1,2,0,0.4
0.825,0.015,13.0983,5.9489,-2.48295,468.733,1,2,0,0.4
0.825,0.025,13.0088,5.93567,-2.42977,458.211,1,2,0,0.4
0.825,0.035,12.8711,5.91653,-2.39759,445.353,1,2,0,0.4
0.825,0.045,12.6873,5.89248,-2.38654,430.423,1,2,0,0.4
0.825,0.055,12.4761,5.86508,-2.38592,414.497,1,2,0,0.4
0.825,0.065,12.2643,5.83527,-2.3796,398.979,1,2,0,0.4
0.825,0.075,12.0739,5.80282,-2.35437,384.921,1,2,0,0.4
0.825,0.085,11.9134,5.76705,-2.30506,372.676,1,2,0,0.4
0.825,0.095,11.7791,5.72755,-2.23354,362.036,1,2,0,0.4
0.825,0.105,11.6622,5.68438,-2.14474,352.57,1,2,0,0.4
0.825,0.115,11.5534,5.63785,-2.04348,343.872,1,2,0,0.4
0.825,0.125,11.446,5.58825,-1.93313,335.656,1,2,0,0.4
0.825,0.135,11.3359,5.53575,-1.81564,327.754,1,2,0,0.4
0.825,0.145,11.2205,5.48046,-1.69194,320.075,1,2,0,0.4
0.825,0.155,11.099,5.42228,-1.5624,312.58,1,2,0,0.4
0.825,0.165,10.9709,5.36112,-1.42709,305.253,1,2,0,0.4
0.825,0.175,10.8363,5.29675,-1.28595,298.09,1,2,0,0.4
0.825,0.185,10.6955,5.22904,-1.1389,291.09,1,2,0,0.4
0.825,0.195,10.5492,5.15772,-0.985886,284.255,1,2,0,0.4
0.825,0.205,10.3982,5.08252,-0.826868,277.592,1,2,0,0.4
0.825,0.215,10.2434,5.00332,-0.661876,271.101,1,2,0,0.4
0.825,0.225,10.0858,4.91987,-0.491038,264.787,1,2,0,0.4
0.825,0.235,9.92673,4.83185,-0.314541,258.655,1,2,0,0.4
0.825,0.245,9.76702,4.73885,-0.132742,252.706,1,2,0,0.4
0.825,0.255,9.60742,4.64149,0.0537914,246.928,1,2,0,0.4
0.825,0.265,9.44956,4.53997,0.244367,241.334,1,2,0,0.4
0.825,0.275,9.29567,4.43386,0.438203,235.949,1,2,0,0.4
0.825,0.285,9.14793,4.32327,0.634342,230.796,1,2,0,0.4
0.825,0.295,9.00856,4.20829,0.831557,225.893,1,2,0,0.4
0.825,0.305,8.88019,4.0891,1.0283,221.275,1,2,0,0.4
0.825,0.315,8.76586,3.9659,1.22256,216.985,1,2,0,0.4
0.825,0.325,8.66922,3.83882,1.41176,213.093,1,2,0,0.4
0.825,0.335,8.5948,3.70785,1.59259,209.693,1,2,0,0.4
0.825,0.345,8.54806,3.57253,1.76099,206.911,1,2,0,0.4
0.825,0.355,8.53526,3.43165,1.91251,204.896,1,2,0,0.4
0.825,0.365,8.56226,3.28287,2.04333,203.777,1,2,0,0.4
0.825,0.375,8.63214,3.12274,2.15238,203.58,1,2,0,0.4
0.825,0.385,8.74156,2.94755,2.24388,204.112,1,2,0,0.4
0.825,0.395,8.87848,2.75534,2.3283,204.907,1,2,0,0.4
0.825,0.405,9.02433,2.54777,2.41969,205.324,1,2,0,0.4
0.825,0.415,9.16102,2.33049,2.53014,204.798,1,2,0,0.4
0.825,0.425,9.27829,2.11132,2.66535,203.064,1,2,0,0.4
0.825,0.435,9.37582,1.89797,2.82392,200.193,1,2,0,0.4
0.825,0.445,9.45908,1.69672,2.99957,196.468,1,2,0,0.4
0.825,0.455,9.53329,1.51184,3.18356,192.247,1,2,0,0.4
0.825,0.465,9.59984,1.3453,3.36656,187.865,1,2,0,0.4
0.825,0.475,9.65612,1.19695,3.53978,183.581,1,2,0,0.4
0.825,0.485,9.69747,1.06494,3.69537,179.552,1,2,0,0.4
0.825,0.495,9.71997,0.946924,3.82546,175.848,1,2,0,0.4
0.825,0.505,9.7209,0.829895,3.91935,172.666,1,2,0,0.4
0.825,0.515,9.66304,0.65192,3.9727,170.219,1,2,0,0.4
0.825,0.525,9.39556,0.212523,4.00403,167.791,1,2,0,0.4
0.825,0.535,8.5871,-1.04131,4.02287,159.303,1,2,0,0.4
0.825,0.545,6.65228,-4.47792,3.875,117.286,1,2,0,0.4
0.825,0.555,5.74433,-9.37343,3.05879,68.0721,1,2,0,0.4
0.825,0.565,7.33393,-12.5881,2.37688,39.8089,1,2,0,0.4
0.825,0.575,11.9083,-13.8638,2.22123,31.8701,1,2,0,0.4
0.825,0.585,20.3272,-14.3971,2.24468,31.3336,1,2,0,0.4
0.825,0.595,33.6901,-14.6565,2.29691,33.052,1,2,0,0.4
0.825,0.605,53.3406,-14.7927,2.35611,36.5543,1,2,0,0.4
0.825,0.615,80.7111,-14.8682,2.4192,42.1343,1,2,0,0.4
0.825,0.625,117.07,-14.9125,2.4832,50.0136,1,2,0,0.4
0.825,0.635,163.206,-14.9397,2.54535,60.2294,1,2,0,0.4
0.825,0.645,219.147,-14.9574,2.60388,72.6358,1,2,0,0.4
0.825,0.655,283.99,-14.9694,2.65789,86.9209,1,2,0,0.4
0.825,0.665,355.925,-14.9777,2.70711,102.635,1,2,0,0.4
0.825,0.675,432.411,-14.9837,2.75156,119.235,1,2,0,0.4
0.825,0.685,510.497,-14.9881,2.79141,136.134,1,2,0,0.4
0.825,0.695,587.177,-14.9914,2.82687,152.76,1,2,0,0.4
0.825,0.705,659.735,-14.9938,2.85816,168.602,1,2,0,0.4
0.825,0.715,726.006,-14.9956,2.88547,183.248,1,2,0,0.4
0.825,0.725,784.516,-14.9969,2.90901,196.402,1,2,0,0.4
0.825,0.735,834.519,-14.9979,2.929,207.889,1,2,0,0.4
0.825,0.745,875.932,-14.9986,2.94567,217.647,1,2,0,0.4
0.825,0.755,909.201,-14.9991,2.95929,225.715,1,2,0,0.4
0.825,0.765,935.145,-14.9994,2.97018,232.202,1,2,0,0.4
0.825,0.775,954.796,-14.9996,2.97867,237.275,1,2,0,0.4
0.825,0.785,969.26,-14.9998,2.98512,241.131,1,2,0,0.4
0.825,0.795,979.608,-14.9999,2.98988,243.978,1,2,0,0.4
0.825,0.805,986.805,-14.9999,2.9933,246.018,1,2,0,0.4
0.825,0.815,991.673,-15,2.99568,247.437,1,2,0,0.4
0.825,0.825,994.875,-15,2.99729,248.394,1,2,0,0.4
0.825,0.835,996.924,-15,2.99835,249.021,1,2,0,0.4
0.825,0.845,998.2,-15,2.99902,249.419,1,2,0,0.4
0.825,0.855,998.972,-15,2.99943,249.664,1,2,0,0.4
0.825,0.865,999.428,-15,2.99968,249.811,1,2,0,0.4
0.825,0.875,999.689,-15,2.99983,249.896,1,2,0,0.4
0.825,0.885,999.835,-15,2.99991,249.945,1,2,0,0.4
0.825,0.895,999.915,-15,2.99995,249.971,1,2,0,0.4
0.825,0.905,999.957,-15,2.99998,249.985,1,2,0,0.4
0.825,0.915,999.979,-15,2.99999,249.993,1,2,0,0.4
0.825,0.925,999.99,-15,2.99999,249.996,1,2,0,0.4
0.825,0.935,999.995,-15,3,249.998,1,2,0,0.4
0.825,0.945,999.998,-15,3,249.999,1,2,0,0.4
0.825,0.955,999.999,-15,3,250,1,2,0,0.4
0.825,0.965,1000,-15,3,250,1,2,0,0.4
0.825,0.975,1000,-15,3,250,1,2,0,0.4
0.825,0.985,1000,-15,3,250,1,2,0,0.4
0.825,0.995,1000,-15,3,250,1,2,0,0.4
0.835,0.005,13.1602,5.95562,-2.17818,479.945,1,2,0,0.4
0.835,0.015,13.0507,5.9751,-2.11749,470.972,1,2,0,0.4
0.835,0.025,12.9333,5.95519,-2.07045,460.492,1,2,0,0.4
0.835,0.035,12.7609,5.92964,-2.04019,447.502,1,2,0,0.4
0.835,0.045,12.5415,5.89832,-2.02726,432.409,1,2,0,0.4
0.835,0.055,12.298,5.86242,-2.02186,416.399,1,2,0,0.4
0.835,0.065,12.0584,5.82393,-2.00906,400.88,1,2,0,0.4
0.835,0.075,11.844,5.78385,-1.97679,386.857,1,2,0,0.4
0.835,0.085,11.6625,5.74203,-1.92046,374.654,1,2,0,0.4
0.835,0.095,11.5102,5.6979,-1.84208,364.061,1,2,0,0.4
0.835,0.105,11.3783,5.65097,-1.74661,354.656,1,2,0,0.4
0.835,0.115,11.2579,5.6011,-1.63896,346.036,1,2,0,0.4
0.835,0.125,11.1424,5.54822,-1.52271,337.914,1,2,0,0.4
0.835,0.135,11.0275,5.49234,-1.39998,330.116,1,2,0,0.4
0.835,0.145,10.9108,5.4335,-1.27185,322.546,1,2,0,0.4
0.835,0.155,10.7912,5.37161,-1.1388,315.162,1,2,0,0.4
0.835,0.165,10.668,5.30659,-1.00096,307.944,1,2,0,0.4
0.835,0.175,10.5414,5.23821,-0.85827,300.89,1,2,0,0.4
0.835,0.185,10.4116,5.16643,-0.710647,293.997,1,2,0,0.4
0.835,0.195,10.2792,5.09103,-0.55802,287.266,1,2,0,0.4
0.835,0.205,10.1448,5.01178,-0.400343,280.702,1,2,0,0.4
0.835,0.215,10.0093,4.92854,-0.237667,274.305,1,2,0,0.4
0.835,0.225,9.87323,4.84089,-0.0702499,268.072,1,2,0,0.4
0.835,0.235,9.7368,4.74981,0.101492,261.994,1,2,0,0.4
0.835,0.245,9.6013,4.65482,0.277085,256.086,1,2,0,0.4
0.835,0.255,9.46859,4.5558,0.456009,250.371,1,2,0,0.4
0.835,0.265,9.33995,4.45272,0.63765,244.856,1,2,0,0.4
0.835,0.275,9.21704,4.34574,0.821225,239.553,1,2,0,0.4
0.835,0.285,9.10156,4.23497,1.0058,234.478,1,2,0,0.4
0.835,0.295,8.9955,4.12067,1.19021,229.653,1,2,0,0.4
0.835,0.305,8.90111,4.00311,1.37299,225.111,1,2,0,0.4
0.835,0.315,8.82115,3.88262,1.55226,220.9,1,2,0,0.4
0.835,0.325,8.75907,3.75951,1.72552,217.093,1,2,0,0.4
0.835,0.335,8.71942,3.63396,1.88947,213.802,1,2,0,0.4
0.835,0.345,8.70818,3.50573,2.03982,211.181,1,2,0,0.4
0.835,0.355,8.73274,3.37376,2.1715,209.426,1,2,0,0.4
0.835,0.365,8.80073,3.23564,2.27982,208.731,1,2,0,0.4
0.835,0.375,8.91672,3.08734,2.36306,209.173,1,2,0,0.4
0.835,0.385,9.07685,2.92405,2.42619,210.546,1,2,0,0.4
0.835,0.395,9.2649,2.74248,2.48257,212.253,1,2,0,0.4
0.835,0.405,9.45565,2.54346,2.55025,213.447,1,2,0,0.4
0.835,0.415,9.62583,2.33258,2.6441,213.399,1,2,0,0.4
0.835,0.425,9.76441,2.11827,2.76989,211.799,1,2,0,0.4
0.835,0.435,9.87303,1.90905,2.9241,208.771,1,2,0,0.4
0.835,0.445,9.95776,1.71171,3.09741,204.675,1,2,0,0.4
0.835,0.455,10.0213,1.53027,3.27813,199.919,1,2,0,0.4
0.835,0.465,10.0606,1.36536,3.45446,194.828,1,2,0,0.4
0.835,0.475,10.0677,1.2141,3.61566,189.57,1,2,0,0.4
0.835,0.485,10.0314,1.07009,3.75236,184.093,1,2,0,0.4
0.835,0.495,9.93513,0.923662,3.85551,178.074,1,2,0,0.4
0.835,0.505,9.74963,0.746187,3.91293,171.098,1,2,0,0.4
0.835,0.515,9.3777,0.434002,3.91611,162.325,1,2,0,0.4
0.835,0.525,8.55658,-0.32723,3.84993,148.322,1,2,0,0.4
0.835,0.535,6.83532,-2.40395,3.67725,116.542,1,2,0,0.4
0.835,0.545,4.77856,-6.67463,3.10398,66.8912,1,2,0,0.4
0.835,0.555,4.81696,-10.6599,2.34071,41.0037,1,2,0,0.4
0.835,0.565,6.98429,-12.854,2.14231,32.2691,1,2,0,0.4
0.835,0.575,11.8021,-13.8913,2.18501,30.6192,1,2,0,0.4
0.835,0.585,20.3024,-14.3993,2.24092,31.1704,1,2,0,0.4
0.835,0.595,33.6855,-14.6567,2.29658,33.0336,1,2,0,0.4
0.835,0.605,53.3399,-14.7927,2.35609,36.5524,1,2,0,0.4
0.835,0.615,80.711,-14.8682,2.4192,42.1342,1,2,0,0.4
0.835,0.625,117.07,-14.9125,2.4832,50.0136,1,2,0,0.4
0.835,0.635,163.206,-14.9397,2.54535,60.2294,1,2,0,0.4
0.835,0.645,219.147,-14.9574,2.60388,72.6358,1,2,0,0.4
0.835,0.655,283.99,-14.9694,2.65789,86.9209,1,2,0,0.4
0.835,0.665,355.925,-14.9777,2.70711,102.635,1,2,0,0.4
0.835,0.675,432.411,-14.9837,2.75156,119.235,1,2,0,0.4
0.835,0.685,510.497,-14.9881,2.79141,136.134,1,2,0,0.4
0.835,0.695,587.177,-14.9914,2.82687,152.76,1,2,0,0.4
0.835,0.705,659.735,-14.9938,2.85816,168.602,1,2,0,0.4
0.835,0.715,726.006,-14.9956,2.88547,183.248,1,2,0,0.4
0.835,0.725,784.516,-14.9969,2.90901,196.402,1,2,0,0.4
0.835,0.735,834.519,-14.9979,2.929,207.889,1,2,0,0.4
0.835,0.745,875.932,-14.9986,2.94567,217.647,1,2,0,0.4
0.835,0.755,909.201,-14.9991,2.95929,225.715,1,2,0,0.4
0.835,0.765,935.145,-14.9994,2.97018,232.202,1,2,0,0.4
0.835,0.775,954.796,-14.9996,2.97867,237.275,1,2,0,0.4
0.835,0.785,969.26,-14.9998,2.98512,241.131,1,2,0,0.4
0.835,0.795,979.608,-14.9999,2.98988,243.978,1,2,0,0.4
0.835,0.805,986.805,-14.9999,2.9933,246.018,1,2,0,0.4
0.835,0.815,991.673,-15,2.99568,247.437,1,2,0,0.4
0.835,0.825,994.875,-15,2.99729,248.394,1,2,0,0.4
0.835,0.835,996.924,-15,2.99835,249.021,1,2,0,0.4
0.835,0.845,998.2,-15,2.99902,249.419,1,2,0,0.4
0.835,0.855,998.972,-15,2.99943,249.664,1,2,0,0.4
0.835,0.865,999.428,-15,2.99968,249.811,1,2,0,0.4
0.835,0.875,999.689,-15,2.99983,249.896,1,2,0,0.4
0.835,0.885,999.835,-15,2.99991,249.945,1,2,0,0.4
0.835,0.895,999.915,-15,2.99995,249.971,1,2,0,0.4
0.835,0.905,999.957,-15,2.99998,249.985,1,2,0,0.4
0.835,0.915,999.979,-15,2.99999,249.993,1,2,0,0.4
0.835,0.925,999.99,-15,2.99999,249.996,1,2,0,0.4
0.835,0.935,999.995,-15,3,249.998,1,2,0,0.4
0.835,0.945,999.998,-15,3,249.999,1,2,0,0.4
0.835,0.955,999.999,-15,3,250,1,2,0,0.4
0.835,0.965,1000,-15,3,250,1,2,0,0.4
0.835,0.975,1000,-15,3,250,1,2,0,0.4
0.835,0.985,1000,-15,3,250,1,2,0,0.4
0.835,0.995,1000,-15,3,250,1,2,0,0.4
0.845,0.005,13.2241,5.97525,-1.80986,481.419,1,2,0,0.4
0.845,0.015,13.0862,6.00949,-1.76921,472.738,1,2,0,0.4
0.845,0.025,12.9571,5.97803,-1.74138,462.275,1,2,0,0.4
0.845,0.035,12.7603,5.94069,-1.72391,449.008,1,2,0,0.4
0.845,0.045,12.5123,5.89874,-1.71646,433.622,1,2,0,0.4
0.845,0.055,12.2437,5.85298,-1.71003,417.519,1,2,0,0.4
0.845,0.065,11.9845,5.80579,-1.69171,402.118,1,2,0,0.4
0.845,0.075,11.7547,5.75869,-1.65184,388.324,1,2,0,0.4
0.845,0.085,11.5601,5.71162,-1.58759,376.364,1,2,0,0.4
0.845,0.095,11.3962,5.66367,-1.50179,365.983,1,2,0,0.4
0.845,0.105,11.2542,5.61382,-1.39958,356.758,1,2,0,0.4
0.845,0.115,11.1257,5.5615,-1.28588,348.295,1,2,0,0.4
0.845,0.125,11.0042,5.50632,-1.16428,340.317,1,2,0,0.4
0.845,0.135,10.8857,5.44806,-1.03694,332.657,1,2,0,0.4
0.845,0.145,10.768,5.38676,-0.905033,325.219,1,2,0,0.4
0.845,0.155,10.6499,5.32223,-0.769095,317.963,1,2,0,0.4
0.845,0.165,10.5309,5.25443,-0.629297,310.87,1,2,0,0.4
0.845,0.175,10.4111,5.18305,-0.485579,303.937,1,2,0,0.4
0.845,0.185,10.2908,5.10819,-0.337831,297.16,1,2,0,0.4
0.845,0.195,10.1704,5.02954,-0.185998,290.537,1,2,0,0.4
0.845,0.205,10.0504,4.94683,-0.0301859,284.063,1,2,0,0.4
0.845,0.215,9.93004,4.86127,0.129309,277.728,1,2,0,0.4
0.845,0.225,9.81078,4.77208,0.292173,271.552,1,2,0,0.4
0.845,0.235,9.69384,4.67924,0.458086,265.554,1,2,0,0.4
0.845,0.245,9.57996,4.58276,0.62666,259.735,1,2,0,0.4
0.845,0.255,9.47046,4.48265,0.7974,254.107,1,2,0,0.4
0.845,0.265,9.36644,4.37901,0.969726,248.675,1,2,0,0.4
0.845,0.275,9.26922,4.27201,1.14294,243.453,1,2,0,0.4
0.845,0.285,9.18021,4.16184,1.31622,238.454,1,2,0,0.4
0.845,0.295,9.10104,4.04881,1.48854,233.699,1,2,0,0.4
0.845,0.305,9.0336,3.93326,1.65864,229.22,1,2,0,0.4
0.845,0.315,8.98029,3.81559,1.82485,225.066,1,2,0,0.4
0.845,0.325,8.94433,3.69623,1.98486,221.313,1,2,0,0.4
0.845,0.335,8.93026,3.57551,2.13546,218.085,1,2,0,0.4
0.845,0.345,8.94459,3.45341,2.27216,215.562,1,2,0,0.4
0.845,0.355,8.99607,3.32907,2.3892,213.995,1,2,0,0.4
0.845,0.365,9.09467,3.20008,2.48062,213.655,1,2,0,0.4
0.845,0.375,9.24744,3.06189,2.54352,214.7,1,2,0,0.4
0.845,0.385,9.45066,2.90846,2.58312,216.926,1,2,0,0.4
0.845,0.395,9.68358,2.73495,2.6158,219.586,1,2,0,0.4
0.845,0.405,9.91324,2.54115,2.66406,221.575,1,2,0,0.4
0.845,0.415,10.1106,2.33281,2.74562,221.949,1,2,0,0.4
0.845,0.425,10.2637,2.11933,2.86554,220.34,1,2,0,0.4
0.845,0.435,10.3739,1.91014,3.01699,216.923,1,2,0,0.4
0.845,0.445,10.4438,1.71198,3.18657,212.113,1,2,0,0.4
0.845,0.455,10.4693,1.52711,3.35883,206.304,1,2,0,0.4
0.845,0.465,10.4393,1.35236,3.51865,199.708,1,2,0,0.4
0.845,0.475,10.3369,1.17851,3.65188,192.233,1,2,0,0.4
0.845,0.485,10.1366,0.988894,3.74448,183.373,1,2,0,0.4
0.845,0.495,9.79595,0.756995,3.78025,172.07,1,2,0,0.4
0.845,0.505,9.23635,0.419455,3.73544,156.843,1,2,0,0.4
0.845,0.515,8.28039,-0.215192,3.57291,135.333,1,2,0,0.4
0.845,0.525,6.61986,-1.66678,3.29483,102.588,1,2,0,0.4
0.845,0.535,4.35374,-4.87879,2.84031,57.9214,1,2,0,0.4
0.845,0.545,3.67175,-8.37264,2.14797,38.1322,1,2,0,0.4
0.845,0.555,4.43793,-11.1353,1.98373,32.1503,1,2,0,0.4
0.845,0.565,6.88245,-12.9137,2.08107,30.6468,1,2,0,0.4
0.845,0.575,11.7799,-13.8963,2.1783,30.3993,1,2,0,0.4
0.845,0.585,20.2983,-14.3996,2.24033,31.1454,1,2,0,0.4
0.845,0.595,33.6849,-14.6567,2.29653,33.0311,1,2,0,0.4
0.845,0.605,53.3398,-14.7927,2.35608,36.5522,1,2,0,0.4
0.845,0.615,80.7109,-14.8682,2.4192,42.1341,1,2,0,0.4
0.845,0.625,117.07,-14.9125,2.4832,50.0136,1,2,0,0.4
0.845,0.635,163.206,-14.9397,2.54535,60.2294,1,2,0,0.4
0.845,0.645,219.147,-14.9574,2.60388,72.6358,1,2,0,0.4
0.845,0.655,283.99,-14.9694,2.65789,86.9209,1,2,0,0.4
0.845,0.665,355.925,-14.9777,2.70711,102.635,1,2,0,0.4
0.845,0.675,432.411,-14.9837,2.75156,119.235,1,2,0,0.4
0.845,0.685,510.497,-14.9881,2.79141,136.134,1,2,0,0.4
0.845,0.695,587.177,-14.9914,2.82687,152.76,1,2,0,0.4
0.845,0.705,659.735,-14.9938,2.85816,168.602,1,2,0,0.4
0.845,0.715,726.006,-14.9956,2.88547,183.248,1,2,0,0.4
0.845,0.725,784.516,-14.9969,2.90901,196.402,1,2,0,0.4
0.845,0.735,834.519,-14.9979,2.929,207.889,1,2,0,0.4
0.845,0.745,875.932,-14.9986,2.94567,217.647,1,2,0,0.4
0.845,0.755,909.201,-14.9991,2.95929,225.715,1,2,0,0.4
0.845,0.765,935.145,-14.9994,2.97018,232.202,1,2,0,0.4
0.845,0.775,954.796,-14.9996,2.97867,237.275,1,2,0,0.4
0.845,0.785,969.26,-14.9998,2.98512,241.131,1,2,0,0.4
0.845,0.795,979.608,-14.9999,2.98988,243.978,1,2,0,0.4
0.845,0.805,986.805,-14.9999,2.9933,246.018,1,2,0,0.4
0.845,0.815,991.673,-15,2.99568,247.437,1,2,0,0.4
0.845,0.825,994.875,-15,2.99729,248.394,1,2,0,0.4
0.845,0.835,996.924,-15,2.99835,249.021,1,2,0,0.4
0.845,0.845,998.2,-15,2.99902,249.419,1,2,0,0.4
0.845,0.855,998.972,-15,2.99943,249.664,1,2,0,0.4
0.845,0.865,999.428,-15,2.99968,249.811,1,2,0,0.4
0.845,0.875,999.689,-15,2.99983,249.896,1,2,0,0.4
0.845,0.885,999.835,-15,2.99991,249.945,1,2,0,0.4
0.845,0.895,999.915,-15,2.99995,249.971,1,2,0,0.4
0.845,0.905,999.957,-15,2.99998,249.985,1,2,0,0.4
0.845,0.915,999.979,-15,2.99999,249.993,1,2,0,0.4
0.845,0.925,999.99,-15,2.99999,249.996,1,2,0,0.4
0.845,0.935,999.995,-15,3,249.998,1,2,0,0.4
0.845,0.945,999.998,-15,3,249.999,1,2,0,0.4
0.845,0.955,999.999,-15,3,250,1,2,0,0.4
0.845,0.965,1000,-15,3,250,1,2,0,0.4
0.845,0.975,1000,-15,3,250,1,2,0,0.4
0.845,0.985,1000,-15,3,250,1,2,0,0.4
0.845,0.995,1000,-15,3,250,1,2,0,0.4
0.855,0.005,13.2796,5.97421,-1.42406,479.502,1,2,0,0.4
0.855,0.015,13.1242,6.03927,-1.42298,471.914,1,2,0,0.4
0.855,0.025,13.0041,5.9942,-1.43184,461.745,1,2,0,0.4
0.855,0.035,12.8012,5.94002,-1.44017,448.41,1,2,0,0.4
0.855,0.045,12.5403,5.88484,-1.44575,432.992,1,2,0,0.4
0.855,0.055,12.2614,5.82918,-1.44166,417.136,1,2,0,0.4
0.855,0.065,11.9967,5.77491,-1.41881,402.228,1,2,0,0.4
0.855,0.075,11.764,5.72294,-1.37147,389.01,1,2,0,0.4
0.855,0.085,11.5669,5.67266,-1.29947,377.575,1,2,0,0.4
0.855,0.095,11.3997,5.62263,-1.20682,367.618,1,2,0,0.4
0.855,0.105,11.2541,5.5713,-1.09886,358.721,1,2,0,0.4
0.855,0.115,11.1222,5.51779,-0.980384,350.517,1,2,0,0.4
0.855,0.125,10.9981,5.46148,-0.854822,342.752,1,2,0,0.4
0.855,0.135,10.8784,5.40194,-0.724267,335.277,1,2,0,0.4
0.855,0.145,10.7611,5.33924,-0.589874,328.006,1,2,0,0.4
0.855,0.155,10.6453,5.27308,-0.452167,320.907,1,2,0,0.4
0.855,0.165,10.5306,5.20345,-0.311305,313.959,1,2,0,0.4
0.855,0.175,10.4177,5.12978,-0.167194,307.163,1,2,0,0.4
0.855,0.185,10.306,5.05239,-0.0198481,300.499,1,2,0,0.4
0.855,0.195,10.1947,4.97228,0.130476,293.956,1,2,0,0.4
0.855,0.205,10.0852,4.88861,0.283575,287.557,1,2,0,0.4
0.855,0.215,9.97793,4.80164,0.439274,281.319,1,2,0,0.4
0.855,0.225,9.87356,4.71127,0.597327,275.244,1,2,0,0.4
0.855,0.235,9.77299,4.61747,0.757428,269.341,1,2,0,0.4
0.855,0.245,9.67688,4.52038,0.919214,263.616,1,2,0,0.4
0.855,0.255,9.58625,4.42,1.08226,258.075,1,2,0,0.4
0.855,0.265,9.50201,4.31651,1.24605,252.727,1,2,0,0.4
0.855,0.275,9.42519,4.21007,1.41,247.582,1,2,0,0.4
0.855,0.285,9.35687,4.10093,1.57344,242.652,1,2,0,0.4
0.855,0.295,9.29833,3.9894,1.73551,237.957,1,2,0,0.4
0.855,0.305,9.25109,3.87583,1.89517,233.524,1,2,0,0.4
0.855,0.315,9.21717,3.76067,2.05096,229.402,1,2,0,0.4
0.855,0.325,9.19948,3.64441,2.20082,225.667,1,2,0,0.4
0.855,0.335,9.20247,3.52748,2.34162,222.448,1,2,0,0.4
0.855,0.345,9.23306,3.41005,2.46871,219.949,1,2,0,0.4
0.855,0.355,9.30145,3.29147,2.57559,218.47,1,2,0,0.4
0.855,0.365,9.42038,3.16937,2.6548,218.376,1,2,0,0.4
0.855,0.375,9.60025,3.03867,2.70168,219.929,1,2,0,0.4
0.855,0.385,9.83832,2.8919,2.72129,222.945,1,2,0,0.4
0.855,0.395,10.1089,2.72225,2.73327,226.501,1,2,0,0.4
0.855,0.405,10.3701,2.52836,2.76502,229.167,1,2,0,0.4
0.855,0.415,10.5855,2.31642,2.83675,229.717,1,2,0,0.4
0.855,0.425,10.7395,2.0969,2.95129,227.691,1,2,0,0.4
0.855,0.435,10.8272,1.87934,3.09667,223.269,1,2,0,0.4
0.855,0.445,10.8402,1.66815,3.25383,216.823,1,2,0,0.4
0.855,0.455,10.7614,1.45992,3.40202,208.568,1,2,0,0.4
0.855,0.465,10.5653,1.24185,3.52057,198.35,1,2,0,0.4
0.855,0.475,10.2163,0.989428,3.58758,185.503,1,2,0,0.4
0.855,0.485,9.66137,0.662275,3.57619,168.732,1,2,0,0.4
0.855,0.495,8.82888,0.196571,3.44996,146.293,1,2,0,0.4
0.855,0.505,7.62648,-0.530832,3.17188,116.963,1,2,0,0.4
0.855,0.515,5.96307,-1.79989,2.79756,81.8758,1,2,0,0.4
0.855,0.525,4.10037,-4.04088,2.3516,47.8212,1,2,0,0.4
0.855,0.535,3.27527,-6.39758,1.86895,34.1396,1,2,0,0.4
0.855,0.545,3.34596,-8.83268,1.78368,31.3733,1,2,0,0.4
0.855,0.555,4.362,-11.2111,1.91715,30.8057,1,2,0,0.4
0.855,0.565,6.86793,-12.9211,2.07315,30.4498,1,2,0,0.4
0.855,0.575,11.7774,-13.8968,2.17759,30.3763,1,2,0,0.4
0.855,0.585,20.2979,-14.3996,2.24028,31.1431,1,2,0,0.4
0.855,0.595,33.6848,-14.6567,2.29653,33.0309,1,2,0,0.4
0.855,0.605,53.3398,-14.7927,2.35608,36.5522,1,2,0,0.4
0.855,0.615,80.7109,-14.8682,2.4192,42.1341,1,2,0,0.4
0.855,0.625,117.07,-14.9125,2.4832,50.0136,1,2,0,0.4
0.855,0.635,163.206,-14.9397,2.54535,60.2294,1,2,0,0.4
0.855,0.645,219.147,-14.9574,2.60388,72.6358,1,2,0,0.4
0.855,0.655,283.99,-14.9694,2.65789,86.9209,1,2,0,0.4
0.855,0.665,355.925,-14.9777,2.70711,102.635,1,2,0,0.4
0.855,0.675,432.411,-14.9837,2.75156,119.235,1,2,0,0.4
0.855,0.685,510.497,-14.9881,2.79141,136.134,1,2,0,0.4
0.855,0.695,587.177,-14.9914,2.82687,152.76,1,2,0,0.4
0.855,0.705,659.735,-14.9938,2.85816,168.602,1,2,0,0.4
0.855,0.715,726.006,-14.9956,2.88547,183.248,1,2,0,0.4
0.855,0.725,784.516,-14.9969,2.90901,196.402,1,2,0,0.4
0.855,0.735,834.519,-14.9979,2.929,207.889,1,2,0,0.4
0.855,0.745,875.932,-14.9986,2.94567,217.647,1,2,0,0.4
0.855,0.755,909.201,-14.9991,2.95929,225.715,1,2,0,0.4
0.855,0.765,935.145,-14.9994,2.97018,232.202,1,2,0,0.4
0.855,0.775,954.796,-14.9996,2.97867,237.275,1,2,0,0.4
0.855,0.785,969.26,-14.9998,2.98512,241.131,1,2,0,0.4
0.855,0.795,979.608,-14.9999,2.98988,243.978,1,2,0,0.4
0.855,0.805,986.805,-14.9999,2.9933,246.018,1,2,0,0.4
0.855,0.815,991.673,-15,2.99568,247.437,1,2,0,0.4
0.855,0.825,994.875,-15,2.99729,248.394,1,2,0,0.4
0.855,0.835,996.924,-15,2.99835,249.021,1,2,0,0.4
0.855,0.845,998.2,-15,2.99902,249.419,1,2,0,0.4
0.855,0.855,998.972,-15,2.99943,249.664,1,2,0,0.4
0.855,0.865,999.428,-15,2.99968,249.811,1,2,0,0.4
0.855,0.875,999.689,-15,2.99983,249.896,1,2,0,0.4
0.855,0.885,999.835,-15,2.99991,249.945,1,2,0,0.4
0.855,0.895,999.915,-15,2.99995,249.971,1,2,0,0.4
0.855,0.905,999.957,-15,2.99998,249.985,1,2,0,0.4
0.855,0.915,999.979,-15,2.99999,249.993,1,2,0,0.4
0.855,0.925,999.99,-15,2.99999,249.996,1,2,0,0.4
0.855,0.935,999.995,-15,3,249.998,1,2,0,0.4
0.855,0.945,999.998,-15,3,249.999,1,2,0,0.4
0.855,0.955,999.999,-15,3,250,1,2,0,0.4
0.855,0.965,1000,-15,3,250,1,2,0,0.4
0.855,0.975,1000,-15,3,250,1,2,0,0.4
0.855,0.985,1000,-15,3,250,1,2,0,0.4
0.855,0.995,1000,-15,3,250,1,2,0,0.4
0.865,0.005,13.1612,5.88538,-0.986147,466.874,1,2,0,0.4
0.865,0.015,13.0193,6.01234,-1.05702,462.667,1,2,0,0.4
0.865,0.025,12.9431,5.96311,-1.12448,454.08,1,2,0,0.4
0.865,0.035,12.7739,5.89467,-1.17291,442.014,1,2,0,0.4
0.865,0.045,12.5371,5.83054,-1.19884,427.876,1,2,0,0.4
0.865,0.055,12.2794,5.77108,-1.20031,413.424,1,2,0,0.4
0.865,0.065,12.0345,5.7163,-1.1746,399.931,1,2,0,0.4
0.865,0.075,11.8187,5.66534,-1.12117,387.98,1,2,0,0.4
0.865,0.085,11.6341,5.61664,-1.04299,377.569,1,2,0,0.4
0.865,0.095,11.4754,5.56823,-0.945291,368.388,1,2,0,0.4
0.865,0.105,11.335,5.51826,-0.83357,360.069,1,2,0,0.4
0.865,0.115,11.2064,5.46576,-0.712339,352.301,1,2,0,0.4
0.865,0.125,11.0848,5.41013,-0.584783,344.877,1,2,0,0.4
0.865,0.135,10.9678,5.35081,-0.45282,337.683,1,2,0,0.4
0.865,0.145,10.8538,5.28798,-0.317498,330.653,1,2,0,0.4
0.865,0.155,10.7426,5.22116,-0.179249,323.766,1,2,0,0.4
0.865,0.165,10.634,5.1502,-0.0382393,317,1,2,0,0.4
0.865,0.175,10.5269,5.07598,0.105319,310.333,1,2,0,0.4
0.865,0.185,10.4217,4.99849,0.251212,303.782,1,2,0,0.4
0.865,0.195,10.3189,4.91774,0.399266,297.367,1,2,0,0.4
0.865,0.205,10.2194,4.83345,0.549319,291.094,1,2,0,0.4
0.865,0.215,10.1233,4.74591,0.701192,284.973,1,2,0,0.4
0.865,0.225,10.0313,4.65515,0.854646,279.008,1,2,0,0.4
0.865,0.235,9.94405,4.56114,1.0094,273.207,1,2,0,0.4
0.865,0.245,9.86217,4.46405,1.16512,267.576,1,2,0,0.4
0.865,0.255,9.78637,4.36394,1.32145,262.122,1,2,0,0.4
0.865,0.265,9.71741,4.26096,1.47796,256.851,1,2,0,0.4
0.865,0.275,9.656,4.1553,1.63417,251.773,1,2,0,0.4
0.865,0.285,9.60295,4.04721,1.78951,246.897,1,2,0,0.4
0.865,0.295,9.55915,3.93697,1.94331,242.24,1,2,0,0.4
0.865,0.305,9.52575,3.82493,2.09467,237.825,1,2,0,0.4
0.865,0.315,9.50431,3.7115,2.24234,233.694,1,2,0,0.4
0.865,0.325,9.49732,3.59717,2.38446,229.92,1,2,0,0.4
0.865,0.335,9.50897,3.48243,2.51802,226.629,1,2,0,0.4
0.865,0.345,9.54636,3.36752,2.6382,224.041,1,2,0,0.4
0.865,0.355,9.62093,3.25194,2.73779,222.499,1,2,0,0.4
0.865,0.365,9.74832,3.13327,2.80766,222.459,1,2,0,0.4
0.865,0.375,9.94298,3.00569,2.84098,224.303,1,2,0,0.4
0.865,0.385,10.2038,2.85978,2.84235,227.877,1,2,0,0.4
0.865,0.395,10.4996,2.68618,2.8348,232.038,1,2,0,0.4
0.865,0.405,10.777,2.48223,2.85066,234.917,1,2,0,0.4
0.865,0.415,10.9881,2.25455,2.9111,234.908,1,2,0,0.4
0.865,0.425,11.104,2.01361,3.01378,231.359,1,2,0,0.4
0.865,0.435,11.1019,1.76572,3.1386,224.299,1,2,0,0.4
0.865,0.445,10.9522,1.50668,3.25804,213.82,1,2,0,0.4
0.865,0.455,10.6167,1.21807,3.34248,199.664,1,2,0,0.4
0.865,0.465,10.0483,0.864265,3.35961,181.036,1,2,0,0.4
0.865,0.475,9.19526,0.386932,3.27051,156.794,1,2,0,0.4
0.865,0.485,8.01854,-0.294451,3.02993,126.223,1,2,0,0.4
0.865,0.495,6.5387,-1.25261,2.66729,91.2589,1,2,0,0.4
0.865,0.505,4.98172,-2.51591,2.26868,59.0366,1,2,0,0.4
0.865,0.515,3.77122,-3.92002,1.88397,37.9913,1,2,0,0.4
0.865,0.525,3.24453,-5.06617,1.64601,31.6557,1,2,0,0.4
0.865,0.535,3.07561,-6.62506,1.63476,30.7204,1,2,0,0.4
0.865,0.545,3.30674,-8.87686,1.74235,30.7249,1,2,0,0.4
0.865,0.555,4.35566,-11.2168,1.91188,30.705,1,2,0,0.4
0.865,0.565,6.86697,-12.9216,2.07264,30.4373,1,2,0,0.4
0.865,0.575,11.7772,-13.8968,2.17755,30.375,1,2,0,0.4
0.865,0.585,20.2979,-14.3996,2.24028,31.143,1,2,0,0.4
0.865,0.595,33.6848,-14.6567,2.29653,33.0309,1,2,0,0.4
0.865,0.605,53.3398,-14.7927,2.35608,36.5522,1,2,0,0.4
0.865,0.615,80.7109,-14.8682,2.4192,42.1341,1,2,0,0.4
0.865,0.625,117.07,-14.9125,2.4832,50.0136,1,2,0,0.4
0.865,0.635,163.206,-14.9397,2.54535,60.2294,1,2,0,0.4
0.865,0.645,219.147,-14.9574,2.60388,72.6358,1,2,0,0.4
0.865,0.655,283.99,-14.9694,2.65789,86.9209,1,2,0,0.4
0.865,0.665,355.925,-14.9777,2.70711,102.635,1,2,0,0.4
0.865,0.675,432.411,-14.9837,2.75156,119.235,1,2,0,0.4
0.865,0.685,510.497,-14.9881,2.79141,136.134,1,2,0,0.4
0.865,0.695,587.177,-14.9914,2.82687,152.76,1,2,0,0.4
0.865,0.705,659.735,-14.9938,2.85816,168.602,1,2,0,0.4
0.865,0.715,726.006,-14.9956,2.88547,183.248,1,2,0,0.4
0.865,0.725,784.516,-14.9969,2.90901,196.402,1,2,0,0.4
0.865,0.735,834.519,-14.9979,2.929,207.889,1,2,0,0.4
0.865,0.745,875.932,-14.9986,2.94567,217.647,1,2,0,0.4
0.865,0.755,909.201,-14.9991,2.95929,225.715,1,2,0,0.4
0.865,0.765,935.145,-14.9994,2.97018,232.202,1,2,0,0.4
0.865,0.775,954.796,-14.9996,2.97867,237.275,1,2,0,0.4
0.865,0.785,969.26,-14.9998,2.98512,241.131,1,2,0,0.4
0.865,0.795,979.608,-14.9999,2.98988,243.978,1,2,0,0.4
0.865,0.805,986.805,-14.9999,2.9933,246.018,1,2,0,0.4
0.865,0.815,991.673,-15,2.99568,247.437,1,2,0,0.4
0.865,0.825,994.875,-15,2.99729,248.394,1,2,0,0.4
0.865,0.835,996.924,-15,2.99835,249.021,1,2,0,0.4
0.865,0.845,998.2,-15,2.99902,249.419,1,2,0,0.4
0.865,0.855,998.972,-15,2.99943,249.664,1,2,0,0.4
0.865,0.865,999.428,-15,2.99968,249.811,1,2,0,0.4
0.865,0.875,999.689,-15,2.99983,249.896,1,2,0,0.4
0.865,0.885,999.835,-15,2.99991,249.945,1,2,0,0.4
0.865,0.895,999.915,-15,2.99995,249.971,1,2,0,0.4
0.865,0.905,999.957,-15,2.99998,249.985,1,2,0,0.4
0.865,0.915,999.979,-15,2.99999,249.993,1,2,0,0.4
0.865,0.925,999.99,-15,2.99999,249.996,1,2,0,0.4
0.865,0.935,999.995,-15,3,249.998,1,2,0,0.4
0.865,0.945,999.998,-15,3,249.999,1,2,0,0.4
0.865,0.955,999.999,-15,3,250,1,2,0,0.4
0.865,0.965,1000,-15,3,250,1,2,0,0.4
0.865,0.975,1000,-15,3,250,1,2,0,0.4
0.865,0.985,1000,-15,3,250,1,2,0,0.4
0.865,0.995,1000,-15,3,250,1,2,0,0.4
0.875,0.005,12.5143,5.54006,-0.443065,427.135,1,2,0,0.4
0.875,0.015,12.4806,5.78234,-0.635551,431.517,1,2,0,0.4
0.875,0.025,12.521,5.76861,-0.783136,428.325,1,2,0,0.4
0.875,0.035,12.4739,5.71417,-0.885424,421.458,1,2,0,0.4
0.875,0.045,12.3431,5.66684,-0.941148,412.123,1,2,0,0.4
0.875,0.055,12.172,5.62637,-0.955485,401.859,1,2,0,0.4
0.875,0.065,11.9957,5.59006,-0.933099,391.826,1,2,0,0.4
0.875,0.075,11.8327,5.55496,-0.879014,382.604,1,2,0,0.4
0.875,0.085,11.6871,5.51914,-0.799375,374.259,1,2,0,0.4
0.875,0.095,11.5567,5.48079,-0.700714,366.609,1,2,0,0.4
0.875,0.105,11.4367,5.43852,-0.588751,359.419,1,2,0,0.4
0.875,0.115,11.3232,5.3919,-0.467824,352.496,1,2,0,0.4
0.875,0.125,11.2133,5.34073,-0.3409,345.721,1,2,0,0.4
0.875,0.135,11.1063,5.28453,-0.209722,339.043,1,2,0,0.4
0.875,0.145,11.0017,5.22344,-0.0751837,332.437,1,2,0,0.4
0.875,0.155,10.8987,5.158,0.062163,325.877,1,2,0,0.4
0.875,0.165,10.7968,5.08888,0.201852,319.362,1,2,0,0.4
0.875,0.175,10.6974,5.01566,0.343586,312.93,1,2,0,0.4
0.875,0.185,10.6005,4.93881,0.487194,306.593,1,2,0,0.4
0.875,0.195,10.5065,4.85851,0.632484,300.364,1,2,0,0.4
0.875,0.205,10.4164,4.77457,0.779257,294.256,1,2,0,0.4
0.875,0.215,10.3303,4.68729,0.927319,288.28,1,2,0,0.4
0.875,0.225,10.2487,4.59679,1.07644,282.443,1,2,0,0.4
0.875,0.235,10.1723,4.50309,1.22633,276.753,1,2,0,0.4
0.875,0.245,10.1015,4.40634,1.3767,271.217,1,2,0,0.4
0.875,0.255,10.0368,4.30662,1.52723,265.84,1,2,0,0.4
0.875,0.265,9.97884,4.20409,1.67754,260.63,1,2,0,0.4
0.875,0.275,9.92796,4.0989,1.82722,255.59,1,2,0,0.4
0.875,0.285,9.88465,3.99128,1.97578,250.729,1,2,0,0.4
0.875,0.295,9.84942,3.88144,2.12264,246.056,1,2,0,0.4
0.875,0.305,9.82293,3.76965,2.26702,241.588,1,2,0,0.4
0.875,0.315,9.80619,3.65624,2.40781,237.357,1,2,0,0.4
0.875,0.325,9.80103,3.54158,2.54326,233.421,1,2,0,0.4
0.875,0.335,9.81102,3.42605,2.67046,229.898,1,2,0,0.4
0.875,0.345,9.84297,3.30983,2.78446,227.002,1,2,0,0.4
0.875,0.355,9.90896,3.19228,2.8773,225.103,1,2,0,0.4
0.875,0.365,10.0271,3.07054,2.93812,224.728,1,2,0,0.4
0.875,0.375,10.2159,2.9374,2.95762,226.368,1,2,0,0.4
0.875,0.385,10.4759,2.78037,2.93957,229.865,1,2,0,0.4
0.875,0.395,10.7683,2.58643,2.91006,233.744,1,2,0,0.4
0.875,0.405,11.0214,2.35102,2.90483,235.509,1,2,0,0.4
0.875,0.415,11.1622,2.07955,2.94189,232.974,1,2,0,0.4
0.875,0.425,11.1312,1.77745,3.00844,225.079,1,2,0,0.4
0.875,0.435,10.8725,1.43818,3.07147,211.442,1,2,0,0.4
0.875,0.445,10.3317,1.03515,3.08992,191.704,1,2,0,0.4
0.875,0.455,9.46518,0.516901,3.0189,165.434,1,2,0,0.4
0.875,0.465,8.25942,-0.188929,2.811,132.764,1,2,0,0.4
0.875,0.475,6.7613,-1.14702,2.48669,96.2382,1,2,0,0.4
0.875,0.485,5.21949,-2.33164,2.13185,63.0232,1,2,0,0.4
0.875,0.495,4.07668,-3.41802,1.80086,41.3057,1,2,0,0.4
0.875,0.505,3.53672,-3.98529,1.5924,32.6918,1,2,0,0.4
0.875,0.515,3.33924,-4.34316,1.54022,30.9411,1,2,0,0.4
0.875,0.525,3.16921,-5.12004,1.5611,30.5679,1,2,0,0.4
0.875,0.535,3.06347,-6.63522,1.62139,30.5455,1,2,0,0.4
0.875,0.545,3.30506,-8.87859,1.74061,30.6987,1,2,0,0.4
0.875,0.555,4.35544,-11.217,1.9117,30.7016,1,2,0,0.4
0.875,0.565,6.86695,-12.9216,2.07263,30.4369,1,2,0,0.4
0.875,0.575,11.7772,-13.8968,2.17755,30.375,1,2,0,0.4
0.875,0.585,20.2979,-14.3996,2.24028,31.143,1,2,0,0.4
0.875,0.595,33.6848,-14.6567,2.29653,33.0309,1,2,0,0.4
0.875,0.605,53.3398,-14.7927,2.35608,36.5522,1,2,0,0.4
0.875,0.615,80.7109,-14.8682,2.4192,42.1341,1,2,0,0.4
0.875,0.625,117.07,-14.9125,2.4832,50.0136,1,2,0,0.4
0.875,0.635,163.206,-14.9397,2.54535,60.2294,1,2,0,0.4
0.875,0.645,219.147,-14.9574,2.60388,72.6358,1,2,0,0.4
0.875,0.655,283.99,-14.9694,2.65789,86.9209,1,2,0,0.4
0.875,0.665,355.925,-14.9777,2.70711,102.635,1,2,0,0.4
0.875,0.675,432.411,-14.9837,2.75156,119.235,1,2,0,0.4
0.875,0.685,510.497,-14.9881,2.79141,136.134,1,2,0,0.4
0.875,0.695,587.177,-14.9914,2.82687,152.76,1,2,0,0.4
0.875,0.705,659.735,-14.9938,2.85816,168.602,1,2,0,0.4
0.875,0.715,726.006,-14.9956,2.88547,183.248,1,2,0,0.4
0.875,0.725,784.516,-14.9969,2.90901,196.402,1,2,0,0.4
0.875,0.735,834.519,-14.9979,2.929,207.889,1,2,0,0.4
0.875,0.745,875.932,-14.9986,2.94567,217.647,1,2,0,0.4
0.875,0.755,909.201,-14.9991,2.95929,225.715,1,2,0,0.4
0.875,0.765,935.145,-14.9994,2.97018,232.202,1,2,0,0.4
0.875,0.775,954.796,-14.9996,2.97867,237.275,1,2,0,0.4
0.875,0.785,969.26,-14.9998,2.98512,241.131,1,2,0,0.4
0.875,0.795,979.608,-14.9999,2.98988,243.978,1,2,0,0.4
0.875,0.805,986.805,-14.9999,2.9933,246.018,1,2,0,0.4
0.875,0.815,991.673,-15,2.99568,247.437,1,2,0,0.4
0.875,0.825,994.875,-15,2.99729,248.394,1,2,0,0.4
0.875,0.835,996.924,-15,2.99835,249.021,1,2,0,0.4
0.875,0.845,998.2,-15,2.99902,249.419,1,2,0,0.4
0.875,0.855,998.972,-15,2.99943,249.664,1,2,0,0.4
0.875,0.865,999.428,-15,2.99968,249.811,1,2,0,0.4
0.875,0.875,999.689,-15,2.99983,249.896,1,2,0,0.4
0.875,0.885,999.835,-15,2.99991,249.945,1,2,0,0.4
0.875,0.895,999.915,-15,2.99995,249.971,1,2,0,0.4
0.875,0.905,999.957,-15,2.99998,249.985,1,2,0,0.4
0.875,0.915,999.979,-15,2.99999,249.993,1,2,0,0.4
0.875,0.925,999.99,-15,2.99999,249.996,1,2,0,0.4
0.875,0.935,999.995,-15,3,249.998,1,2,0,0.4
0.875,0.945,999.998,-15,3,249.999,1,2,0,0.4
0.875,0.955,999.999,-15,3,250,1,2,0,0.4
0.875,0.965,1000,-15,3,250,1,2,0,0.4
0.875,0.975,1000,-15,3,250,1,2,0,0.4
0.875,0.985,1000,-15,3,250,1,2,0,0.4
0.875,0.995,1000,-15,3,250,1,2,0,0.4
0.885,0.005,10.7658,4.55502,0.275728,335.618,1,2,0,0.4
0.885,0.015,11.0129,4.99367,-0.0892744,355.39,1,2,0,0.4
0.885,0.025,11.2964,5.12374,-0.324045,364.744,1,2,0,0.4
0.885,0.035,11.5238,5.17477,-0.492691,370.44,1,2,0,0.4
0.885,0.045,11.6445,5.22179,-0.599133,372.58,1,2,0,0.4
0.885,0.055,11.6831,5.26191,-0.648183,371.946,1,2,0,0.4
0.885,0.065,11.6709,5.2917,-0.647987,369.567,1,2,0,0.4
0.885,0.075,11.6331,5.30873,-0.608338,366.212,1,2,0,0.4
0.885,0.085,11.5809,5.31331,-0.539051,362.264,1,2,0,0.4
0.885,0.095,11.52,5.30578,-0.448589,357.888,1,2,0,0.4
0.885,0.105,11.4522,5.28694,-0.343469,353.144,1,2,0,0.4
0.885,0.115,11.3784,5.2582,-0.228359,348.071,1,2,0,0.4
0.885,0.125,11.2996,5.22062,-0.106344,342.719,1,2,0,0.4
0.885,0.135,11.2179,5.17444,0.0207259,337.148,1,2,0,0.4
0.885,0.145,11.1328,5.12168,0.151658,331.393,1,2,0,0.4
0.885,0.155,11.0462,5.06277,0.285627,325.521,1,2,0,0.4
0.885,0.165,10.9588,4.99865,0.422058,319.579,1,2,0,0.4
0.885,0.175,10.8724,4.92929,0.560532,313.616,1,2,0,0.4
0.885,0.185,10.7875,4.85545,0.700757,307.668,1,2,0,0.4
0.885,0.195,10.7046,4.77749,0.842476,301.761,1,2,0,0.4
0.885,0.205,10.6249,4.69535,0.985427,295.918,1,2,0,0.4
0.885,0.215,10.5488,4.60941,1.12937,290.16,1,2,0,0.4
0.885,0.225,10.4766,4.51988,1.27404,284.496,1,2,0,0.4
0.885,0.235,10.409,4.42683,1.41915,278.939,1,2,0,0.4
0.885,0.245,10.3463,4.33041,1.56438,273.497,1,2,0,0.4
0.885,0.255,10.2889,4.23069,1.70941,268.175,1,2,0,0.4
0.885,0.265,10.2369,4.1278,1.85388,262.976,1,2,0,0.4
0.885,0.275,10.1906,4.02184,1.99738,257.901,1,2,0,0.4
0.885,0.285,10.1499,3.9129,2.13944,252.951,1,2,0,0.4
0.885,0.295,10.1147,3.80107,2.27948,248.126,1,2,0,0.4
0.885,0.305,10.0852,3.68641,2.41674,243.427,1,2,0,0.4
0.885,0.315,10.0612,3.569,2.55014,238.866,1,2,0,0.4
0.885,0.325,10.0437,3.44887,2.67796,234.478,1,2,0,0.4
0.885,0.335,10.0348,3.32599,2.79725,230.345,1,2,0,0.4
0.885,0.345,10.04,3.20004,2.90282,226.65,1,2,0,0.4
0.885,0.355,10.0708,3.0696,2.9859,223.745,1,2,0,0.4
0.885,0.365,10.1462,2.93038,3.03375,222.173,1,2,0,0.4
0.885,0.375,10.2872,2.77204,3.03417,222.448,1,2,0,0.4
0.885,0.385,10.493,2.57663,2.9891,224.269,1,2,0,0.4
0.885,0.395,10.7093,2.32499,2.92537,225.569,1,2,0,0.4
0.885,0.405,10.8282,2.00758,2.87697,222.911,1,2,0,0.4
0.885,0.415,10.728,1.62155,2.85038,213.304,1,2,0,0.4
0.885,0.425,10.3059,1.15407,2.81508,195.272,1,2,0,0.4
0.885,0.435,9.4988,0.567672,2.72101,168.679,1,2,0,0.4
0.885,0.445,8.30696,-0.19632,2.51634,134.738,1,2,0,0.4
0.885,0.455,6.81123,-1.18739,2.2223,97.2881,1,2,0,0.4
0.885,0.465,5.28838,-2.36588,1.91822,63.9906,1,2,0,0.4
0.885,0.475,4.16453,-3.42037,1.65392,42.4415,1,2,0,0.4
0.885,0.485,3.63871,-3.91713,1.49778,33.7351,1,2,0,0.4
0.885,0.495,3.49117,-3.99644,1.47067,31.698,1,2,0,0.4
0.885,0.505,3.42567,-4.05973,1.49494,31.1032,1,2,0,0.4
0.885,0.515,3.32434,-4.34859,1.52437,30.7458,1,2,0,0.4
0.885,0.525,3.16726,-5.12095,1.55899,30.5423,1,2,0,0.4
0.885,0.535,3.06324,-6.6354,1.62114,30.5422,1,2,0,0.4
0.885,0.545,3.30503,-8.87861,1.74059,30.6983,1,2,0,0.4
0.885,0.555,4.35544,-11.217,1.91169,30.7016,1,2,0,0.4
0.885,0.565,6.86695,-12.9216,2.07263,30.4369,1,2,0,0.4
0.885,0.575,11.7772,-13.8968,2.17755,30.375,1,2,0,0.4
0.885,0.585,20.2979,-14.3996,2.24028,31.143,1,2,0,0.4
0.885,0.595,33.6848,-14.6567,2.29653,33.0309,1,2,0,0.4
0.885,0.605,53.3398,-14.7927,2.35608,36.5522,1,2,0,0.4
0.885,0.615,80.7109,-14.8682,2.4192,42.1341,1,2,0,0.4
0.885,0.625,117.07,-14.9125,2.4832,50.0136,1,2,0,0.4
0.885,0.635,163.206,-14.9397,2.54535,60.2294,1,2,0,0.4
0.885,0.645,219.147,-14.9574,2.60388,72.6358,1,2,0,0.4
0.885,0.655,283.99,-14.9694,2.65789,86.9209,1,2,0,0.4
0.885,0.665,355.925,-14.9777,2.70711,102.635,1,2,0,0.4
0.885,0.675,432.411,-14.9837,2.75156,119.235,1,2,0,0.4
0.885,0.685,510.497,-14.9881,2.79141,136.134,1,2,0,0.4
0.885,0.695,587.177,-14.9914,2.82687,152.76,1,2,0,0.4
0.885,0.705,659.735,-14.9938,2.85816,168.602,1,2,0,0.4
0.885,0.715,726.006,-14.9956,2.88547,183.248,1,2,0,0.4
0.885,0.725,784.516,-14.9969,2.90901,196.402,1,2,0,0.4
0.885,0.735,834.519,-14.9979,2.929,207.889,1,2,0,0.4
0.885,0.745,875.932,-14.9986,2.94567,217.647,1,2,0,0.4
0.885,0.755,909.201,-14.9991,2.95929,225.715,1,2,0,0.4
0.885,0.765,935.145,-14.9994,2.97018,232.202,1,2,0,0.4
0.885,0.775,954.796,-14.9996,2.97867,237.275,1,2,0,0.4
0.885,0.785,969.26,-14.9998,2.98512,241.131,1,2,0,0.4
0.885,0.795,979.608,-14.9999,2.98988,243.978,1,2,0,0.4
0.885,0.805,986.805,-14.9999,2.9933,246.018,1,2,0,0.4
0.885,0.815,991.673,-15,2.99568,247.437,1,2,0,0.4
0.885,0.825,994.875,-15,2.99729,248.394,1,2,0,0.4
0.885,0.835,996.924,-15,2.99835,249.021,1,2,0,0.4
0.885,0.845,998.2,-15,2.99902,249.419,1,2,0,0.4
0.885,0.855,998.972,-15,2.99943,249.664,1,2,0,0.4
0.885,0.865,999.428,-15,2.99968,249.811,1,2,0,0.4
0.885,0.875,999.689,-15,2.99983,249.896,1,2,0,0.4
0.885,0.885,999.835,-15,2.99991,249.945,1,2,0,0.4
0.885,0.895,999.915,-15,2.99995,249.971,1,2,0,0.4
0.885,0.905,999.957,-15,2.99998,249.985,1,2,0,0.4
0.885,0.915,999.979,-15,2.99999,249.993,1,2,0,0.4
0.885,0.925,999.99,-15,2.99999,249.996,1,2,0,0.4
0.885,0.935,999.995,-15,3,249.998,1,2,0,0.4
0.885,0.945,999.998,-15,3,249.999,1,2,0,0.4
0.885,0.955,999.999,-15,3,250,1,2,0,0.4
0.885,0.965,1000,-15,3,250,1,2,0,0.4
0.885,0.975,1000,-15,3,250,1,2,0,0.4
0.885,0.985,1000,-15,3,250,1,2,0,0.4
0.885,0.995,1000,-15,3,250,1,2,0,0.4
0.895,0.005,7.61061,2.19576,1.17851,186.987,1,2,0,0.4
0.895,0.015,8.18811,2.948,0.696257,218.788,1,2,0,0.4
0.895,0.025,8.79782,3.41715,0.410337,244.336,1,2,0,0.4
0.895,0.035,9.40437,3.77395,0.163751,267.762,1,2,0,0.4
0.895,0.045,9.92843,4.09002,-0.0341654,288.158,1,2,0,0.4
0.895,0.055,10.3415,4.3543,-0.164734,304.36,1,2,0,0.4
0.895,0.065,10.6477,4.56315,-0.229096,316.286,1,2,0,0.4
0.895,0.075,10.8663,4.71929,-0.238519,324.449,1,2,0,0.4
0.895,0.085,11.0141,4.83079,-0.206543,329.506,1,2,0,0.4
0.895,0.095,11.108,4.90499,-0.144779,332.075,1,2,0,0.4
0.895,0.105,11.1603,4.94854,-0.062001,332.685,1,2,0,0.4
0.895,0.115,11.1803,4.96736,0.035593,331.763,1,2,0,0.4
0.895,0.125,11.1748,4.96645,0.143792,329.64,1,2,0,0.4
0.895,0.135,11.1505,4.94915,0.259732,326.584,1,2,0,0.4
0.895,0.145,11.1118,4.91893,0.381443,322.826,1,2,0,0.4
0.895,0.155,11.0629,4.87772,0.507595,318.547,1,2,0,0.4
0.895,0.165,11.0064,4.82753,0.637224,313.886,1,2,0,0.4
0.895,0.175,10.9456,4.76913,0.769603,308.953,1,2,0,0.4
0.895,0.185,10.8822,4.70378,0.904162,303.834,1,2,0,0.4
0.895,0.195,10.8172,4.63237,1.04046,298.589,1,2,0,0.4
0.895,0.205,10.7525,4.55517,1.17806,293.267,1,2,0,0.4
0.895,0.215,10.6886,4.47268,1.3166,287.909,1,2,0,0.4
0.895,0.225,10.6262,4.38534,1.45574,282.537,1,2,0,0.4
0.895,0.235,10.5658,4.2933,1.59509,277.172,1,2,0,0.4
0.895,0.245,10.5077,4.19671,1.73427,271.824,1,2,0,0.4
0.895,0.255,10.452,4.09562,1.87288,266.499,1,2,0,0.4
0.895,0.265,10.3986,3.99006,2.01047,261.195,1,2,0,0.4
0.895,0.275,10.347,3.87995,2.14654,255.905,1,2,0,0.4
0.895,0.285,10.2965,3.76512,2.28051,250.614,1,2,0,0.4
0.895,0.295,10.2463,3.64529,2.41169,245.303,1,2,0,0.4
0.895,0.305,10.1949,3.52003,2.53918,239.944,1,2,0,0.4
0.895,0.315,10.1408,3.38876,2.66171,234.508,1,2,0,0.4
0.895,0.325,10.0826,3.25066,2.77733,228.977,1,2,0,0.4
0.895,0.335,10.02,3.10452,2.88275,223.363,1,2,0,0.4
0.895,0.345,9.95509,2.94844,2.9722,217.762,1,2,0,0.4
0.895,0.355,9.89621,2.77869,3.03569,212.425,1,2,0,0.4
0.895,0.365,9.85999,2.58706,3.05797,207.789,1,2,0,0.4
0.895,0.375,9.86489,2.35627,3.02264,204.184,1,2,0,0.4
0.895,0.385,9.89955,2.05787,2.92639,200.841,1,2,0,0.4
0.895,0.395,9.87515,1.66093,2.78961,194.761,1,2,0,0.4
0.895,0.405,9.62863,1.14213,2.6342,181.652,1,2,0,0.4
0.895,0.415,9.00746,0.477368,2.4488,158.861,1,2,0,0.4
0.895,0.425,7.96058,-0.365913,2.19881,127.282,1,2,0,0.4
0.895,0.435,6.58001,-1.40691,1.91226,92.0135,1,2,0,0.4
0.895,0.445,5.18585,-2.568,1.65188,61.4111,1,2,0,0.4
0.895,0.455,4.18822,-3.52276,1.45269,42.3271,1,2,0,0.4
0.895,0.465,3.72794,-3.93633,1.3597,34.7825,1,2,0,0.4
0.895,0.475,3.58719,-3.99788,1.36918,32.8568,1,2,0,0.4
0.895,0.485,3.52521,-3.99989,1.414,32.0913,1,2,0,0.4
0.895,0.495,3.4783,-3.99999,1.45733,31.5293,1,2,0,0.4
0.895,0.505,3.42416,-4.05999,1.49339,31.0841,1,2,0,0.4
0.895,0.515,3.32417,-4.34863,1.5242,30.7437,1,2,0,0.4
0.895,0.525,3.16724,-5.12095,1.55898,30.5421,1,2,0,0.4
0.895,0.535,3.06324,-6.6354,1.62113,30.5422,1,2,0,0.4
0.895,0.545,3.30503,-8.87861,1.74059,30.6983,1,2,0,0.4
0.895,0.555,4.35544,-11.217,1.91169,30.7016,1,2,0,0.4
0.895,0.565,6.86695,-12.9216,2.07263,30.4369,1,2,0,0.4
0.895,0.575,11.7772,-13.8968,2.17755,30.375,1,2,0,0.4
0.895,0.585,20.2979,-14.3996,2.24028,31.143,1,2,0,0.4
0.895,0.595,33.6848,-14.6567,2.29653,33.0309,1,2,0,0.4
0.895,0.605,53.3398,-14.7927,2.35608,36.5522,1,2,0,0.4
0.895,0.615,80.7109,-14.8682,2.4192,42.1341,1,2,0,0.4
0.895,0.625,117.07,-14.9125,2.4832,50.0136,1,2,0,0.4
0.895,0.635,163.206,-14.9397,2.54535,60.2294,1,2,0,0.4
0.895,0.645,219.147,-14.9574,2.60388,72.6358,1,2,0,0.4
0.895,0.655,283.99,-14.9694,2.65789,86.9209,1,2,0,0.4
0.895,0.665,355.925,-14.9777,2.70711,102.635,1,2,0,0.4
0.895,0.675,432.411,-14.9837,2.75156,119.235,1,2,0,0.4
0.895,0.685,510.497,-14.9881,2.79141,136.134,1,2,0,0.4
0.895,0.695,587.177,-14.9914,2.82687,152.76,1,2,0,0.4
0.895,0.705,659.735,-14.9938,2.85816,168.602,1,2,0,0.4
0.895,0.715,726.006,-14.9956,2.88547,183.248,1,2,0,0.4
0.895,0.725,784.516,-14.9969,2.90901,196.402,1,2,0,0.4
0.895,0.735,834.519,-14.9979,2.929,207.889,1,2,0,0.4
0.895,0.745,875.932,-14.9986,2.94567,217.647,1,2,0,0.4
0.895,0.755,909.201,-14.9991,2.95929,225.715,1,2,0,0.4
0.895,0.765,935.145,-14.9994,2.97018,232.202,1,2,0,0.4
0.895,0.775,954.796,-14.9996,2.97867,237.275,1,2,0,0.4
0.895,0.785,969.26,-14.9998,2.98512,241.131,1,2,0,0.4
0.895,0.795,979.608,-14.9999,2.98988,243.978,1,2,0,0.4
0.895,0.805,986.805,-14.9999,2.9933,246.018,1,2,0,0.4
0.895,0.815,991.673,-15,2.99568,247.437,1,2,0,0.4
0.895,0.825,994.875,-15,2.99729,248.394,1,2,0,0.4
0.895,0.835,996.924,-15,2.99835,249.021,1,2,0,0.4
0.895,0.845,998.2,-15,2.99902,249.419,1,2,0,0.4
0.895,0.855,998.972,-15,2.99943,249.664,1,2,0,0.4
0.895,0.865,999.428,-15,2.99968,249.811,1,2,0,0.4
0.895,0.875,999.689,-15,2.99983,249.896,1,2,0,0.4
0.895,0.885,999.835,-15,2.99991,249.945,1,2,0,0.4
0.895,0.895,999.915,-15,2.99995,249.971,1,2,0,0.4
0.895,0.905,999.957,-15,2.99998,249.985,1,2,0,0.4
0.895,0.915,999.979,-15,2.99999,249.993,1,2,0,0.4
0.895,0.925,999.99,-15,2.99999,249.996,1,2,0,0.4
0.895,0.935,999.995,-15,3,249.998,1,2,0,0.4
0.895,0.945,999.998,-15,3,249.999,1,2,0,0.4
0.895,0.955,999.999,-15,3,250,1,2,0,0.4
0.895,0.965,1000,-15,3,250,1,2,0,0.4
0.895,0.975,1000,-15,3,250,1,2,0,0.4
0.895,0.985,1000,-15,3,250,1,2,0,0.4
0.895,0.995,1000,-15,3,250,1,2,0,0.4
0.905,0.005,4.26194,-1.88257,1.89496,56.3461,1,2,0,0.4
0.905,0.015,4.81618,-0.970582,1.66319,75.6143,1,2,0,0.4
0.905,0.025,5.44884,-0.11701,1.46188,97.9569,1,2,0,0.4
0.905,0.035,6.15631,0.714011,1.20202,124.294,1,2,0,0.4
0.905,0.045,6.92948,1.51849,0.918206,154.191,1,2,0,0.4
0.905,0.055,7.69979,2.23829,0.666834,184.74,1,2,0,0.4
0.905,0.065,8.40064,2.83936,0.479293,212.984,1,2,0,0.4
0.905,0.075,8.99665,3.31554,0.361643,237.069,1,2,0,0.4
0.905,0.085,9.47897,3.68011,0.305043,256.38,1,2,0,0.4
0.905,0.095,9.85499,3.95172,0.296655,271.087,1,2,0,0.4
0.905,0.105,10.14,4.14845,0.324577,281.743,1,2,0,0.4
0.905,0.115,10.3498,4.28639,0.37933,289.013,1,2,0,0.4
0.905,0.125,10.4986,4.37849,0.453943,293.531,1,2,0,0.4
0.905,0.135,10.5993,4.43407,0.543299,295.849,1,2,0,0.4
0.905,0.145,10.6621,4.4611,0.643656,296.437,1,2,0,0.4
0.905,0.155,10.6955,4.46506,0.752372,295.664,1,2,0,0.4
0.905,0.165,10.706,4.4505,0.867452,293.833,1,2,0,0.4
0.905,0.175,10.6992,4.42007,0.987404,291.176,1,2,0,0.4
0.905,0.185,10.679,4.37647,1.11103,287.876,1,2,0,0.4
0.905,0.195,10.6483,4.32166,1.23742,284.069,1,2,0,0.4
0.905,0.205,10.6096,4.25676,1.36579,279.856,1,2,0,0.4
0.905,0.215,10.5648,4.1827,1.49542,275.322,1,2,0,0.4
0.905,0.225,10.5147,4.10031,1.62573,270.52,1,2,0,0.4
0.905,0.235,10.4601,4.00992,1.75612,265.487,1,2,0,0.4
0.905,0.245,10.4013,3.91174,1.88599,260.245,1,2,0,0.4
0.905,0.255,10.3378,3.80572,2.01472,254.798,1,2,0,0.4
0.905,0.265,10.2689,3.69163,2.14159,249.138,1,2,0,0.4
0.905,0.275,10.1933,3.56894,2.26584,243.241,1,2,0,0.4
0.905,0.285,10.1089,3.43685,2.38656,237.063,1,2,0,0.4
0.905,0.295,10.0132,3.29415,2.50264,230.545,1,2,0,0.4
0.905,0.305,9.9024,3.1392,2.61268,223.607,1,2,0,0.4
0.905,0.315,9.77219,2.96974,2.71478,216.152,1,2,0,0.4
0.905,0.325,9.61742,2.78273,2.8062,208.071,1,2,0,0.4
0.905,0.335,9.43311,2.57405,2.88262,199.266,1,2,0,0.4
0.905,0.345,9.21619,2.33781,2.9369,189.695,1,2,0,0.4
0.905,0.355,8.96948,2.06466,2.95677,179.442,1,2,0,0.4
0.905,0.365,8.70428,1.73789,2.92286,168.722,1,2,0,0.4
0.905,0.375,8.43254,1.32696,2.81095,157.543,1,2,0,0.4
0.905,0.385,8.1265,0.787024,2.60536,144.701,1,2,0,0.4
0.905,0.395,7.67363,0.0761646,2.31336,127.354,1,2,0,0.4
0.905,0.405,6.91955,-0.822015,1.97808,103.714,1,2,0,0.4
0.905,0.415,5.87837,-1.87978,1.65897,76.9349,1,2,0,0.4
0.905,0.425,4.83155,-2.95001,1.41364,54.1298,1,2,0,0.4
0.905,0.435,4.1232,-3.6994,1.25676,40.7366,1,2,0,0.4
0.905,0.445,3.81398,-3.96823,1.21015,35.7844,1,2,0,0.4
0.905,0.455,3.70917,-3.99928,1.24327,34.3784,1,2,0,0.4
0.905,0.465,3.64084,-3.99997,1.30204,33.5174,1,2,0,0.4
0.905,0.475,3.57892,-4,1.36082,32.7479,1,2,0,0.4
0.905,0.485,3.52438,-4,1.41316,32.0807,1,2,0,0.4
0.905,0.495,3.47822,-4,1.45725,31.5283,1,2,0,0.4
0.905,0.505,3.42415,-4.05999,1.49338,31.084,1,2,0,0.4
0.905,0.515,3.32417,-4.34863,1.5242,30.7437,1,2,0,0.4
0.905,0.525,3.16724,-5.12095,1.55898,30.5421,1,2,0,0.4
0.905,0.535,3.06324,-6.6354,1.62113,30.5422,1,2,0,0.4
0.905,0.545,3.30503,-8.87861,1.74059,30.6983,1,2,0,0.4
0.905,0.555,4.35544,-11.217,1.91169,30.7016,1,2,0,0.4
0.905,0.565,6.86695,-12.9216,2.07263,30.4369,1,2,0,0.4
0.905,0.575,11.7772,-13.8968,2.17755,30.375,1,2,0,0.4
0.905,0.585,20.2979,-14.3996,2.24028,31.143,1,2,0,0.4
0.905,0.595,33.6848,-14.6567,2.29653,33.0309,1,2,0,0.4
0.905,0.605,53.3398,-14.7927,2.35608,36.5522,1,2,0,0.4
0.905,0.615,80.7109,-14.8682,2.4192,42.1341,1,2,0,0.4
0.905,0.625,117.07,-14.9125,2.4832,50.0136,1,2,0,0.4
0.905,0.635,163.206,-14.9397,2.54535,60.2294,1,2,0,0.4
0.905,0.645,219.147,-14.9574,2.60388,72.6358,1,2,0,0.4
0.905,0.655,283.99,-14.9694,2.65789,86.9209,1,2,0,0.4
0.905,0.665,355.925,-14.9777,2.70711,102.635,1,2,0,0.4
0.905,0.675,432.411,-14.9837,2.75156,119.235,1,2,0,0.4
0.905,0.685,510.497,-14.9881,2.79141,136.134,1,2,0,0.4
0.905,0.695,587.177,-14.9914,2.82687,152.76,1,2,0,0.4
0.905,0.705,659.735,-14.9938,2.85816,168.602,1,2,0,0.4
0.905,0.715,726.006,-14.9956,2.88547,183.248,1,2,0,0.4
0.905,0.725,784.516,-14.9969,2.90901,196.402,1,2,0,0.4
0.905,0.735,834.519,-14.9979,2.929,207.889,1,2,0,0.4
0.905,0.745,875.932,-14.9986,2.94567,217.647,1,2,0,0.4
0.905,0.755,909.201,-14.9991,2.95929,225.715,1,2,0,0.4
0.905,0.765,935.145,-14.9994,2.97018,232.202,1,2,0,0.4
0.905,0.775,954.796,-14.9996,2.97867,237.275,1,2,0,0.4
0.905,0.785,969.26,-14.9998,2.98512,241.131,1,2,0,0.4
0.905,0.795,979.608,-14.9999,2.98988,243.978,1,2,0,0.4
0.905,0.805,986.805,-14.9999,2.9933,246.018,1,2,0,0.4
0.905,0.815,991.673,-15,2.99568,247.437,1,2,0,0.4
0.905,0.825,994.875,-15,2.99729,248.394,1,2,0,0.4
0.905,0.835,996.924,-15,2.99835,249.021,1,2,0,0.4
0.905,0.845,998.2,-15,2.99902,249.419,1,2,0,0.4
0.905,0.855,998.972,-15,2.99943,249.664,1,2,0,0.4
0.905,0.865,999.428,-15,2.99968,249.811,1,2,0,0.4
0.905,0.875,999.689,-15,2.99983,249.896,1,2,0,0.4
0.905,0.885,999.835,-15,2.99991,249.945,1,2,0,0.4
0.905,0.895,999.915,-15,2.99995,249.971,1,2,0,0.4
0.905,0.905,999.957,-15,2.99998,249.985,1,2,0,0.4
0.905,0.915,999.979,-15,2.99999,249.993,1,2,0,0.4
0.905,0.925,999.99,-15,2.99999,249.996,1,2,0,0.4
0.905,0.935,999.995,-15,3,249.998,1,2,0,0.4
0.905,0.945,999.998,-15,3,249.999,1,2,0,0.4
0.905,0.955,999.999,-15,3,250,1,2,0,0.4
0.905,0.965,1000,-15,3,250,1,2,0,0.4
0.905,0.975,1000,-15,3,250,1,2,0,0.4
0.905,0.985,1000,-15,3,250,1,2,0,0.4
0.905,0.995,1000,-15,3,250,1,2,0,0.4
0.915,0.005,3.01428,-3.97956,1.99948,25.6067,1,2,0,0.4
0.915,0.015,3.07112,-3.88816,1.99596,26.5375,1,2,0,0.4
0.915,0.025,3.20567,-3.65813,1.98514,29.0284,1,2,0,0.4
0.915,0.035,3.4721,-3.19893,1.95349,34.6423,1,2,0,0.4
0.915,0.045,3.90622,-2.47546,1.8647,45.4431,1,2,0,0.4
0.915,0.055,4.51169,-1.55427,1.7076,62.6219,1,2,0,0.4
0.915,0.065,5.2321,-0.57161,1.50764,85.4675,1,2,0,0.4
0.915,0.075,5.97232,0.350938,1.30051,111.552,1,2,0,0.4
0.915,0.085,6.68275,1.14859,1.12513,138.059,1,2,0,0.4
0.915,0.095,7.33255,1.80106,1.00117,162.746,1,2,0,0.4
0.915,0.105,7.89865,2.3162,0.927638,184.298,1,2,0,0.4
0.915,0.115,8.37447,2.71374,0.89754,202.213,1,2,0,0.4
0.915,0.125,8.76296,3.01502,0.902761,216.5,1,2,0,0.4
0.915,0.135,9.07233,3.23836,0.935805,227.438,1,2,0,0.4
0.915,0.145,9.31401,3.39937,0.990424,235.452,1,2,0,0.4
0.915,0.155,9.49746,3.51026,1.06164,240.967,1,2,0,0.4
0.915,0.165,9.63235,3.5807,1.1456,244.387,1,2,0,0.4
0.915,0.175,9.72728,3.61739,1.23931,246.058,1,2,0,0.4
0.915,0.185,9.7888,3.62608,1.34025,246.278,1,2,0,0.4
0.915,0.195,9.82205,3.61109,1.44651,245.285,1,2,0,0.4
0.915,0.205,9.83072,3.57534,1.55653,243.261,1,2,0,0.4
0.915,0.215,9.81829,3.521,1.6689,240.35,1,2,0,0.4
0.915,0.225,9.78634,3.44967,1.78241,236.657,1,2,0,0.4
0.915,0.235,9.73599,3.36213,1.89594,232.251,1,2,0,0.4
0.915,0.245,9.66728,3.25863,2.00837,227.175,1,2,0,0.4
0.915,0.255,9.57954,3.13886,2.11852,221.438,1,2,0,0.4
0.915,0.265,9.47085,3.00196,2.22513,215.023,1,2,0,0.4
0.915,0.275,9.33876,2.84632,2.32673,207.886,1,2,0,0.4
0.915,0.285,9.17919,2.66968,2.42165,199.954,1,2,0,0.4
0.915,0.295,8.98734,2.46874,2.50782,191.129,1,2,0,0.4
0.915,0.305,8.75679,2.23913,2.58267,181.291,1,2,0,0.4
0.915,0.315,8.48085,1.97494,2.6429,170.308,1,2,0,0.4
0.915,0.325,8.15223,1.66856,2.6842,158.063,1,2,0,0.4
0.915,0.335,7.76502,1.31034,2.7006,144.493,1,2,0,0.4
0.915,0.345,7.31876,0.888077,2.68309,129.666,1,2,0,0.4
0.915,0.355,6.82112,0.386716,2.61804,113.86,1,2,0,0.4
0.915,0.365,6.29191,-0.213442,2.48504,97.6108,1,2,0,0.4
0.915,0.375,5.74188,-0.935907,2.26882,81.5418,1,2,0,0.4
0.915,0.385,5.18225,-1.78833,1.96662,66.1452,1,2,0,0.4
0.915,0.395,4.62737,-2.70377,1.63578,52.3301,1,2,0,0.4
0.915,0.405,4.17186,-3.47625,1.35928,42.2587,1,2,0,0.4
0.915,0.415,3.92513,-3.88684,1.18655,37.4237,1,2,0,0.4
0.915,0.425,3.84776,-3.99363,1.12579,36.1454,1,2,0,0.4
0.915,0.435,3.81711,-3.99993,1.1371,35.747,1,2,0,0.4
0.915,0.445,3.76788,-4,1.18168,35.1206,1,2,0,0.4
0.915,0.455,3.70575,-4,1.23992,34.3331,1,2,0,0.4
0.915,0.465,3.64057,-4,1.30177,33.5138,1,2,0,0.4
0.915,0.475,3.5789,-4,1.3608,32.7476,1,2,0,0.4
0.915,0.485,3.52438,-4,1.41316,32.0807,1,2,0,0.4
0.915,0.495,3.47822,-4,1.45725,31.5283,1,2,0,0.4
0.915,0.505,3.42415,-4.05999,1.49338,31.084,1,2,0,0.4
0.915,0.515,3.32417,-4.34863,1.5242,30.7437,1,2,0,0.4
0.915,0.525,3.16724,-5.12095,1.55898,30.5421,1,2,0,0.4
0.915,0.535,3.06324,-6.6354,1.62113,30.5422,1,2,0,0.4
0.915,0.545,3.30503,-8.87861,1.74059,30.6983,1,2,0,0.4
0.915,0.555,4.35544,-11.217,1.91169,30.7016,1,2,0,0.4
0.915,0.565,6.86695,-12.9216,2.07263,30.4369,1,2,0,0.4
0.915,0.575,11.7772,-13.8968,2.17755,30.375,1,2,0,0.4
0.915,0.585,20.2979,-14.3996,2.24028,31.143,1,2,0,0.4
0.915,0.595,33.6848,-14.6567,2.29653,33.0309,1,2,0,0.4
0.915,0.605,53.3398,-14.7927,2.35608,36.5522,1,2,0,0.4
0.915,0.615,80.7109,-14.8682,2.4192,42.1341,1,2,0,0.4
0.915,0.625,117.07,-14.9125,2.4832,50.0136,1,2,0,0.4
0.915,0.635,163.206,-14.9397,2.54535,60.2294,1,2,0,0.4
0.915,0.645,219.147,-14.9574,2.60388,72.6358,1,2,0,0.4
0.915,0.655,283.99,-14.9694,2.65789,86.9209,1,2,0,0.4
0.915,0.665,355.925,-14.9777,2.70711,102.635,1,2,0,0.4
0.915,0.675,432.411,-14.9837,2.75156,119.235,1,2,0,0.4
0.915,0.685,510.497,-14.9881,2.79141,136.134,1,2,0,0.4
0.915,0.695,587.177,-14.9914,2.82687,152.76,1,2,0,0.4
0.915,0.705,659.735,-14.9938,2.85816,168.602,1,2,0,0.4
0.915,0.715,726.006,-14.9956,2.88547,183.248,1,2,0,0.4
0.915,0.725,784.516,-14.9969,2.90901,196.402,1,2,0,0.4
0.915,0.735,834.519,-14.9979,2.929,207.889,1,2,0,0.4
0.915,0.745,875.932,-14.9986,2.94567,217.647,1,2,0,0.4
0.915,0.755,909.201,-14.9991,2.95929,225.715,1,2,0,0.4
0.915,0.765,935.145,-14.9994,2.97018,232.202,1,2,0,0.4
0.915,0.775,954.796,-14.9996,2.97867,237.275,1,2,0,0.4
0.915,0.785,969.26,-14.9998,2.98512,241.131,1,2,0,0.4
0.915,0.795,979.608,-14.9999,2.98988,243.978,1,2,0,0.4
0.915,0.805,986.805,-14.9999,2.9933,246.018,1,2,0,0.4
0.915,0.815,991.673,-15,2.99568,247.437,1,2,0,0.4
0.915,0.825,994.875,-15,2.99729,248.394,1,2,0,0.4
0.915,0.835,996.924,-15,2.99835,249.021,1,2,0,0.4
0.915,0.845,998.2,-15,2.99902,249.419,1,2,0,0.4
0.915,0.855,998.972,-15,2.99943,249.664,1,2,0,0.4
0.915,0.865,999.428,-15,2.99968,249.811,1,2,0,0.4
0.915,0.875,999.689,-15,2.99983,249.896,1,2,0,0.4
0.915,0.885,999.835,-15,2.99991,249.945,1,2,0,0.4
0.915,0.895,999.915,-15,2.99995,249.971,1,2,0,0.4
0.915,0.905,999.957,-15,2.99998,249.985,1,2,0,0.4
0.915,0.915,999.979,-15,2.99999,249.993,1,2,0,0.4
0.915,0.925,999.99,-15,2.99999,249.996,1,2,0,0.4
0.915,0.935,999.995,-15,3,249.998,1,2,0,0.4
0.915,0.945,999.998,-15,3,249.999,1,2,0,0.4
0.915,0.955,999.999,-15,3,250,1,2,0,0.4
0.915,0.965,1000,-15,3,250,1,2,0,0.4
0.915,0.975,1000,-15,3,250,1,2,0,0.4
0.915,0.985,1000,-15,3,250,1,2,0,0.4
0.915,0.995,1000,-15,3,250,1,2,0,0.4
0.925,0.005,3,-4,2,25.4,1,2,0,0.4
0.925,0.015,3,-4,2,25.4,1,2,0,0.4
0.925,0.025,3,-4,2,25.4,1,2,0,0.4
0.925,0.035,3,-4,2,25.4,1,2,0,0.4
0.925,0.045,3.00259,-3.99666,1.99978,25.4352,1,2,0,0.4
0.925,0.055,3.03497,-3.94865,1.99743,25.925,1,2,0,0.4
0.925,0.065,3.15132,-3.75811,1.98687,27.9362,1,2,0,0.4
0.925,0.075,3.40875,-3.32269,1.96024,33.0067,1,2,0,0.4
0.925,0.085,3.80455,-2.6672,1.89968,42.141,1,2,0,0.4
0.925,0.095,4.29925,-1.90342,1.80828,55.1321,1,2,0,0.4
0.925,0.105,4.84388,-1.13628,1.70832,70.8365,1,2,0,0.4
0.925,0.115,5.38729,-0.433875,1.61745,87.7312,1,2,0,0.4
0.925,0.125,5.89138,0.173289,1.54572,104.399,1,2,0,0.4
0.925,0.135,6.34183,0.677413,1.4995,119.789,1,2,0,0.4
0.925,0.145,6.73746,1.08343,1.48118,133.285,1,2,0,0.4
0.925,0.155,7.07437,1.40125,1.48767,144.578,1,2,0,0.4
0.925,0.165,7.35191,1.64271,1.5148,153.6,1,2,0,0.4
0.925,0.175,7.5725,1.81815,1.55869,160.408,1,2,0,0.4
0.925,0.185,7.73968,1.93717,1.61546,165.148,1,2,0,0.4
0.925,0.195,7.85882,2.0071,1.68208,167.992,1,2,0,0.4
0.925,0.205,7.93236,2.03377,1.75566,169.101,1,2,0,0.4
0.925,0.215,7.9635,2.02139,1.83367,168.626,1,2,0,0.4
0.925,0.225,7.9544,1.97295,1.91379,166.692,1,2,0,0.4
0.925,0.235,7.90619,1.88994,1.9939,163.395,1,2,0,0.4
0.925,0.245,7.81945,1.77266,2.07184,158.805,1,2,0,0.4
0.925,0.255,7.69226,1.62057,2.14546,152.962,1,2,0,0.4
0.925,0.265,7.52406,1.43147,2.21237,145.892,1,2,0,0.4
0.925,0.275,7.3119,1.20231,2.27006,137.605,1,2,0,0.4
0.925,0.285,7.05332,0.928685,2.3157,128.118,1,2,0,0.4
0.925,0.295,6.74587,0.605077,2.34613,117.467,1,2,0,0.4
0.925,0.305,6.38803,0.225336,2.35807,105.742,1,2,0,0.4
0.925,0.315,5.97696,-0.216403,2.34955,93.1262,1,2,0,0.4
0.925,0.325,5.51072,-0.724508,2.3215,79.9588,1,2,0,0.4
0.925,0.335,5.00439,-1.29868,2.27393,66.8004,1,2,0,0.4
0.925,0.345,4.48831,-1.92759,2.20733,54.4445,1,2,0,0.4
0.925,0.355,4.01126,-2.57932,2.12023,43.861,1,2,0,0.4
0.925,0.365,3.63654,-3.18988,2.00452,36.0459,1,2,0,0.4
0.925,0.375,3.44049,-3.65351,1.83413,31.7874,1,2,0,0.4
0.925,0.385,3.43745,-3.9082,1.61569,30.9941,1,2,0,0.4
0.925,0.395,3.56556,-3.99124,1.39884,32.4556,1,2,0,0.4
0.925,0.405,3.71625,-3.99994,1.23588,34.3983,1,2,0,0.4
0.925,0.415,3.80917,-4,1.14536,35.6192,1,2,0,0.4
0.925,0.425,3.83676,-4,1.11842,35.9911,1,2,0,0.4
0.925,0.435,3.81654,-4,1.13656,35.7395,1,2,0,0.4
0.925,0.445,3.76785,-4,1.18165,35.1202,1,2,0,0.4
0.925,0.455,3.70575,-4,1.23992,34.3331,1,2,0,0.4
0.925,0.465,3.64057,-4,1.30177,33.5138,1,2,0,0.4
0.925,0.475,3.5789,-4,1.3608,32.7476,1,2,0,0.4
0.925,0.485,3.52438,-4,1.41316,32.0807,1,2,0,0.4
0.925,0.495,3.47822,-4,1.45725,31.5283,1,2,0,0.4
0.925,0.505,3.42415,-4.05999,1.49338,31.084,1,2,0,0.4
0.925,0.515,3.32417,-4.34863,1.5242,30.7437,1,2,0,0.4
0.925,0.525,3.16724,-5.12095,1.55898,30.5421,1,2,0,0.4
0.925,0.535,3.06324,-6.6354,1.62113,30.5422,1,2,0,0.4
0.925,0.545,3.30503,-8.87861,1.74059,30.6983,1,2,0,0.4
0.925,0.555,4.35544,-11.217,1.91169,30.7016,1,2,0,0.4
0.925,0.565,6.86695,-12.9216,2.07263,30.4369,1,2,0,0.4
0.925,0.575,11.7772,-13.8968,2.17755,30.375,1,2,0,0.4
0.925,0.585,20.2979,-14.3996,2.24028,31.143,1,2,0,0.4
0.925,0.595,33.6848,-14.6567,2.29653,33.0309,1,2,0,0.4
0.925,0.605,53.3398,-14.7927,2.35608,36.5522,1,2,0,0.4
0.925,0.615,80.7109,-14.8682,2.4192,42.1341,1,2,0,0.4
0.925,0.625,117.07,-14.9125,2.4832,50.0136,1,2,0,0.4
0.925,0.635,163.206,-14.9397,2.54535,60.2294,1,2,0,0.4
0.925,0.645,219.147,-14.9574,2.60388,72.6358,1,2,0,0.4
0.925,0.655,283.99,-14.9694,2.65789,86.9209,1,2,0,0.4
0.925,0.665,355.925,-14.9777,2.70711,102.635,1,2,0,0.4
0.925,0.675,432.411,-14.9837,2.75156,119.235,1,2,0,0.4
0.925,0.685,510.497,-14.9881,2.79141,136.134,1,2,0,0.4
0.925,0.695,587.177,-14.9914,2.82687,152.76,1,2,0,0.4
0.925,0.705,659.735,-14.9938,2.85816,168.602,1,2,0,0.4
0.925,0.715,726.006,-14.9956,2.88547,183.248,1,2,0,0.4
0.925,0.725,784.516,-14.9969,2.90901,196.402,1,2,0,0.4
0.925,0.735,834.519,-14.9979,2.929,207.889,1,2,0,0.4
0.925,0.745,875.932,-14.9986,2.94567,217.647,1,2,0,0.4
0.925,0.755,909.201,-14.9991,2.95929,225.715,1,2,0,0.4
0.925,0.765,935.145,-14.9994,2.97018,232.202,1,2,0,0.4
0.925,0.775,954.796,-14.9996,2.97867,237.275,1,2,0,0.4
0.925,0.785,969.26,-14.9998,2.98512,241.131,1,2,0,0.4
0.925,0.795,979.608,-14.9999,2.98988,243.978,1,2,0,0.4
0.925,0.805,986.805,-14.9999,2.9933,246.018,1,2,0,0.4
0.925,0.815,991.673,-15,2.99568,247.437,1,2,0,0.4
0.925,0.825,994.875,-15,2.99729,248.394,1,2,0,0.4
0.925,0.835,996.924,-15,2.99835,249.021,1,2,0,0.4
0.925,0.845,998.2,-15,2.99902,249.419,1,2,0,0.4
0.925,0.855,998.972,-15,2.99943,249.664,1,2,0,0.4
0.925,0.865,999.428,-15,2.99968,249.811,1,2,0,0.4
0.925,0.875,999.689,-15,2.99983,249.896,1,2,0,0.4
0.925,0.885,999.835,-15,2.99991,249.945,1,2,0,0.4
0.925,0.895,999.915,-15,2.99995,249.971,1,2,0,0.4
0.925,0.905,999.957,-15,2.99998,249.985,1,2,0,0.4
0.925,0.915,999.979,-15,2.99999,249.993,1,2,0,0.4
0.925,0.925,999.99,-15,2.99999,249.996,1,2,0,0.4
0.925,0.935,999.995,-15,3,249.998,1,2,0,0.4
0.925,0.945,999.998,-15,3,249.999,1,2,0,0.4
0.925,0.955,999.999,-15,3,250,1,2,0,0.4
0.925,0.965,1000,-15,3,250,1,2,0,0.4
0.925,0.975,1000,-15,3,250,1,2,0,0.4
0.925,0.985,1000,-15,3,250,1,2,0,0.4
0.925,0.995,1000,-15,3,250,1,2,0,0.4
0.935,0.005,3,-4,2,25.4,1,2,0,0.4
0.935,0.015,3,-4,2,25.4,1,2,0,0.4
0.935,0.025,3,-4,2,25.4,1,2,0,0.4
0.935,0.035,3,-4,2,25.4,1,2,0,0.4
0.935,0.045,3,-4,2,25.4,1,2,0,0.4
0.935,0.055,3,-4,2,25.4,1,2,0,0.4
0.935,0.065,3,-4,2,25.4,1,2,0,0.4
0.935,0.075,3,-4,2,25.4,1,2,0,0.4
0.935,0.085,3.00102,-3.99872,1.9999,25.4137,1,2,0,0.4
0.935,0.095,3.01916,-3.97252,1.99892,25.678,1,2,0,0.4
0.935,0.105,3.07848,-3.87836,1.99492,26.6382,1,2,0,0.4
0.935,0.115,3.19863,-3.67706,1.98606,28.7909,1,2,0,0.4
0.935,0.125,3.38559,-3.36156,1.97231,32.4408,1,2,0,0.4
0.935,0.135,3.62399,-2.96899,1.95352,37.5065,1,2,0,0.4
0.935,0.145,3.88615,-2.55404,1.93118,43.5627,1,2,0,0.4
0.935,0.155,4.15161,-2.15567,1.91156,50.0507,1,2,0,0.4
0.935,0.165,4.40358,-1.79919,1.8991,56.4271,1,2,0,0.4
0.935,0.175,4.62816,-1.49968,1.89576,62.2173,1,2,0,0.4
0.935,0.185,4.81616,-1.26332,1.90172,67.0733,1,2,0,0.4
0.935,0.195,4.96041,-1.0918,1.91589,70.7593,1,2,0,0.4
0.935,0.205,5.05959,-0.983803,1.93676,73.1419,1,2,0,0.4
0.935,0.215,5.11101,-0.937637,1.96216,74.1637,1,2,0,0.4
0.935,0.225,5.11462,-0.950981,1.98977,73.8325,1,2,0,0.4
0.935,0.235,5.07074,-1.02214,2.01727,72.1986,1,2,0,0.4
0.935,0.245,4.97968,-1.14983,2.04237,69.3522,1,2,0,0.4
0.935,0.255,4.84379,-1.33279,2.06294,65.425,1,2,0,0.4
0.935,0.265,4.66533,-1.56969,2.07725,60.5934,1,2,0,0.4
0.935,0.275,4.44972,-1.8578,2.08409,55.0878,1,2,0,0.4
0.935,0.285,4.20505,-2.19154,2.08303,49.201,1,2,0,0.4
0.935,0.295,3.94297,-2.56029,2.07494,43.2878,1,2,0,0.4
0.935,0.305,3.67969,-2.94508,2.06211,37.7514,1,2,0,0.4
0.935,0.315,3.43846,-3.31288,2.04703,33.0226,1,2,0,0.4
0.935,0.325,3.24605,-3.61884,2.02992,29.4536,1,2,0,0.4
0.935,0.335,3.11419,-3.83315,2.01271,27.1604,1,2,0,0.4
0.935,0.345,3.04575,-3.9507,1.99396,26.0368,1,2,0,0.4
0.935,0.355,3.03717,-3.99403,1.96422,25.8511,1,2,0,0.4
0.935,0.365,3.08564,-3.99997,1.9022,26.4271,1,2,0,0.4
0.935,0.375,3.19373,-4,1.7805,27.7488,1,2,0,0.4
0.935,0.385,3.36282,-4,1.59627,29.8589,1,2,0,0.4
0.935,0.395,3.55615,-4,1.39493,32.3224,1,2,0,0.4
0.935,0.405,3.71598,-4,1.23562,34.3948,1,2,0,0.4
0.935,0.415,3.80916,-4,1.14536,35.6191,1,2,0,0.4
0.935,0.425,3.83676,-4,1.11842,35.9911,1,2,0,0.4
0.935,0.435,3.81654,-4,1.13656,35.7395,1,2,0,0.4
0.935,0.445,3.76785,-4,1.18165,35.1202,1,2,0,0.4
0.935,0.455,3.70575,-4,1.23992,34.3331,1,2,0,0.4
0.935,0.465,3.64057,-4,1.30177,33.5138,1,2,0,0.4
0.935,0.475,3.5789,-4,1.3608,32.7476,1,2,0,0.4
0.935,0.485,3.52438,-4,1.41316,32.0807,1,2,0,0.4
0.935,0.495,3.47822,-4,1.45725,31.5283,1,2,0,0.4
0.935,0.505,3.42415,-4.05999,1.49338,31.084,1,2,0,0.4
0.935,0.515,3.32417,-4.34863,1.5242,30.7437,1,2,0,0.4
0.935,0.525,3.16724,-5.12095,1.55898,30.5421,1,2,0,0.4
0.935,0.535,3.06324,-6.6354,1.62113,30.5422,1,2,0,0.4
0.935,0.545,3.30503,-8.87861,1.74059,30.6983,1,2,0,0.4
0.935,0.555,4.35544,-11.217,1.91169,30.7016,1,2,0,0.4
0.935,0.565,6.86695,-12.9216,2.07263,30.4369,1,2,0,0.4
0.935,0.575,11.7772,-13.8968,2.17755,30.375,1,2,0,0.4
0.935,0.585,20.2979,-14.3996,2.24028,31.143,1,2,0,0.4
0.935,0.595,33.6848,-14.6567,2.29653,33.0309,1,2,0,0.4
0.935,0.605,53.3398,-14.7927,2.35608,36.5522,1,2,0,0.4
0.935,0.615,80.7109,-14.8682,2.4192,42.1341,1,2,0,0.4
0.935,0.625,117.07,-14.9125,2.4832,50.0136,1,2,0,0.4
0.935,0.635,163.206,-14.9397,2.54535,60.2294,1,2,0,0.4
0.935,0.645,219.147,-14.9574,2.60388,72.6358,1,2,0,0.4
0.935,0.655,283.99,-14.9694,2.65789,86.9209,1,2,0,0.4
0.935,0.665,355.925,-14.9777,2.70711,102.635,1,2,0,0.4
0.935,0.675,432.411,-14.9837,2.75156,119.235,1,2,0,0.4
0.935,0.685,510.497,-14.9881,2.79141,136.134,1,2,0,0.4
0.935,0.695,587.177,-14.9914,2.82687,152.76,1,2,0,0.4
0.935,0.705,659.735,-14.9938,2.85816,168.602,1,2,0,0.4
0.935,0.715,726.006,-14.9956,2.88547,183.248,1,2,0,0.4
0.935,0.725,784.516,-14.9969,2.90901,196.402,1,2,0,0.4
0.935,0.735,834.519,-14.9979,2.929,207.889,1,2,0,0.4
0.935,0.745,875.932,-14.9986,2.94567,217.647,1,2,0,0.4
0.935,0.755,909.201,-14.9991,2.95929,225.715,1,2,0,0.4
0.935,0.765,935.145,-14.9994,2.97018,232.202,1,2,0,0.4
0.935,0.775,954.796,-14.9996,2.97867,237.275,1,2,0,0.4
0.935,0.785,969.26,-14.9998,2.98512,241.131,1,2,0,0.4
0.935,0.795,979.608,-14.9999,2.98988,243.978,1,2,0,0.4
0.935,0.805,986.805,-14.9999,2.9933,246.018,1,2,0,0.4
0.935,0.815,991.673,-15,2.99568,247.437,1,2,0,0.4
0.935,0.825,994.875,-15,2.99729,248.394,1,2,0,0.4
0.935,0.835,996.924,-15,2.99835,249.021,1,2,0,0.4
0.935,0.845,998.2,-15,2.99902,249.419,1,2,0,0.4
0.935,0.855,998.972,-15,2.99943,249.664,1,2,0,0.4
0.935,0.865,999.428,-15,2.99968,249.811,1,2,0,0.4
0.935,0.875,999.689,-15,2.99983,249.896,1,2,0,0.4
0.935,0.885,999.835,-15,2.99991,249.945,1,2,0,0.4
0.935,0.895,999.915,-15,2.99995,249.971,1,2,0,0.4
0.935,0.905,999.957,-15,2.99998,249.985,1,2,0,0.4
0.935,0.915,999.979,-15,2.99999,249.993,1,2,0,0.4
0.935,0.925,999.99,-15,2.99999,249.996,1,2,0,0.4
0.935,0.935,999.995,-15,3,249.998,1,2,0,0.4
0.935,0.945,999.998,-15,3,249.999,1,2,0,0.4
0.935,0.955,999.999,-15,3,250,1,2,0,0.4
0.935,0.965,1000,-15,3,250,1,2,0,0.4
0.935,0.975,1000,-15,3,250,1,2,0,0.4
0.935,0.985,1000,-15,3,250,1,2,0,0.4
0.935,0.995,1000,-15,3,250,1,2,0,0.4
0.945,0.005,3,-4,2,25.4,1,2,0,0.4
0.945,0.015,3,-4,2,25.4,1,2,0,0.4
0.945,0.025,3,-4,2,25.4,1,2,0,0.4
0.945,0.035,3,-4,2,25.4,1,2,0,0.4
0.945,0.045,3,-4,2,25.4,1,2,0,0.4
0.945,0.055,3,-4,2,25.4,1,2,0,0.4
0.945,0.065,3,-4,2,25.4,1,2,0,0.4
0.945,0.075,3,-4,2,25.4,1,2,0,0.4
0.945,0.085,3,-4,2,25.4,1,2,0,0.4
0.945,0.095,3,-4,2,25.4,1,2,0,0.4
0.945,0.105,3,-4,2,25.4,1,2,0,0.4
0.945,0.115,3,-4,2,25.4,1,2,0,0.4
0.945,0.125,3,-4,2,25.4,1,2,0,0.4
0.945,0.135,3,-4,2,25.4,1,2,0,0.4
0.945,0.145,3.00221,-3.99698,1.99996,25.4303,1,2,0,0.4
0.945,0.155,3.01095,-3.98432,1.99971,25.5557,1,2,0,0.4
0.945,0.165,3.02723,-3.95954,1.99918,25.8017,1,2,0,0.4
0.945,0.175,3.04977,-3.92393,1.99854,26.158,1,2,0,0.4
0.945,0.185,3.07555,-3.88223,1.99801,26.5805,1,2,0,0.4
0.945,0.195,3.10046,-3.84144,1.99783,26.9989,1,2,0,0.4
0.945,0.205,3.12004,-3.80923,1.99819,27.3335,1,2,0,0.4
0.945,0.215,3.1313,-3.79088,1.99893,27.5252,1,2,0,0.4
0.945,0.225,3.13222,-3.78973,1.99999,27.5369,1,2,0,0.4
0.945,0.235,3.12267,-3.8059,2.00106,27.3673,1,2,0,0.4
0.945,0.245,3.10432,-3.83641,2.00185,27.0503,1,2,0,0.4
0.945,0.255,3.08039,-3.87568,2.00217,26.6468,1,2,0,0.4
0.945,0.265,3.05467,-3.91709,2.00203,26.227,1,2,0,0.4
0.945,0.275,3.03132,-3.95373,2.0015,25.8599,1,2,0,0.4
0.945,0.285,3.01371,-3.98041,2.00083,25.5947,1,2,0,0.4
0.945,0.295,3.00338,-3.99534,2.00031,25.4464,1,2,0,0.4
0.945,0.305,2.99999,-3.99998,2.00006,25.3999,1,2,0,0.4
0.945,0.315,3.00009,-4,1.99989,25.4011,1,2,0,0.4
0.945,0.325,3.00073,-4,1.99916,25.4086,1,2,0,0.4
0.945,0.335,3.00312,-4,1.99642,25.437,1,2,0,0.4
0.945,0.345,3.01077,-4,1.98764,25.5279,1,2,0,0.4
0.945,0.355,3.03239,-4,1.96285,25.7859,1,2,0,0.4
0.945,0.365,3.08558,-4,1.90213,26.4263,1,2,0,0.4
0.945,0.375,3.19373,-4,1.7805,27.7488,1,2,0,0.4
0.945,0.385,3.36282,-4,1.59627,29.8589,1,2,0,0.4
0.945,0.395,3.55615,-4,1.39493,32.3224,1,2,0,0.4
0.945,0.405,3.71598,-4,1.23562,34.3948,1,2,0,0.4
0.945,0.415,3.80916,-4,1.14536,35.6191,1,2,0,0.4
0.945,0.425,3.83676,-4,1.11842,35.9911,1,2,0,0.4
0.945,0.435,3.81654,-4,1.13656,35.7395,1,2,0,0.4
0.945,0.445,3.76785,-4,1.18165,35.1202,1,2,0,0.4
0.945,0.455,3.70575,-4,1.23992,34.3331,1,2,0,0.4
0.945,0.465,3.64057,-4,1.30177,33.5138,1,2,0,0.4
0.945,0.475,3.5789,-4,1.3608,32.7476,1,2,0,0.4
0.945,0.485,3.52438,-4,1.41316,32.0807,1,2,0,0.4
0.945,0.495,3.47822,-4,1.45725,31.5283,1,2,0,0.4
0.945,0.505,3.42415,-4.05999,1.49338,31.084,1,2,0,0.4
0.945,0.515,3.32417,-4.34863,1.5242,30.7437,1,2,0,0.4
0.945,0.525,3.16724,-5.12095,1.55898,30.5421,1,2,0,0.4
0.945,0.535,3.06324,-6.6354,1.62113,30.5422,1,2,0,0.4
0.945,0.545,3.30503,-8.87861,1.74059,30.6983,1,2,0,0.4
0.945,0.555,4.35544,-11.217,1.91169,30.7016,1,2,0,0.4
0.945,0.565,6.86695,-12.9216,2.07263,30.4369,1,2,0,0.4
0.945,0.575,11.7772,-13.8968,2.17755,30.375,1,2,0,0.4
0.945,0.585,20.2979,-14.3996,2.24028,31.143,1,2,0,0.4
0.945,0.595,33.6848,-14.6567,2.29653,33.0309,1,2,0,0.4
0.945,0.605,53.3398,-14.7927,2.35608,36.5522,1,2,0,0.4
0.945,0.615,80.7109,-14.8682,2.4192,42.1341,1,2,0,0.4
0.945,0.625,117.07,-14.9125,2.4832,50.0136,1,2,0,0.4
0.945,0.635,163.206,-14.9397,2.54535,60.2294,1,2,0,0.4
0.945,0.645,219.147,-14.9574,2.60388,72.6358,1,2,0,0.4
0.945,0.655,283.99,-14.9694,2.65789,86.9209,1,2,0,0.4
0.945,0.665,355.925,-14.9777,2.70711,102.635,1,2,0,0.4
0.945,0.675,432.411,-14.9837,2.75156,119.235,1,2,0,0.4
0.945,0.685,510.497,-14.9881,2.79141,136.134,1,2,0,0.4
0.945,0.695,587.177,-14.9914,2.82687,152.76,1,2,0,0.4
0.945,0.705,659.735,-14.9938,2.85816,168.602,1,2,0,0.4
0.945,0.715,726.006,-14.9956,2.88547,183.248,1,2,0,0.4
0.945,0.725,784.516,-14.9969,2.90901,196.402,1,2,0,0.4
0.945,0.735,834.519,-14.9979,2.929,207.889,1,2,0,0.4
0.945,0.745,875.932,-14.9986,2.94567,217.647,1,2,0,0.4
0.945,0.755,909.201,-14.9991,2.95929,225.715,1,2,0,0.4
0.945,0.765,935.145,-14.9994,2.97018,232.202,1,2,0,0.4
0.945,0.775,954.796,-14.9996,2.97867,237.275,1,2,0,0.4
0.945,0.785,969.26,-14.9998,2.98512,241.131,1,2,0,0.4
0.945,0.795,979.608,-14.9999,2.98988,243.978,1,2,0,0.4
0.945,0.805,986.805,-14.9999,2.9933,246.018,1,2,0,0.4
0.945,0.815,991.673,-15,2.99568,247.437,1,2,0,0.4
0.945,0.825,994.875,-15,2.99729,248.394,1,2,0,0.4
0.945,0.835,996.924,-15,2.99835,249.021,1,2,0,0.4
0.945,0.845,998.2,-15,2.99902,249.419,1,2,0,0.4
0.945,0.855,998.972,-15,2.99943,249.664,1,2,0,0.4
0.945,0.865,999.428,-15,2.99968,249.811,1,2,0,0.4
0.945,0.875,999.689,-15,2.99983,249.896,1,2,0,0.4
0.945,0.885,999.835,-15,2.99991,249.945,1,2,0,0.4
0.945,0.895,999.915,-15,2.99995,249.971,1,2,0,0.4
0.945,0.905,999.957,-15,2.99998,249.985,1,2,0,0.4
0.945,0.915,999.979,-15,2.99999,249.993,1,2,0,0.4
0.945,0.925,999.99,-15,2.99999,249.996,1,2,0,0.4
0.945,0.935,999.995,-15,3,249.998,1,2,0,0.4
0.945,0.945,999.998,-15,3,249.999,1,2,0,0.4
0.945,0.955,999.999,-15,3,250,1,2,0,0.4
0.945,0.965,1000,-15,3,250,1,2,0,0.4
0.945,0.975,1000,-15,3,250,1,2,0,0.4
0.945,0.985,1000,-15,3,250,1,2,0,0.4
0.945,0.995,1000,-15,3,250,1,2,0,0.4
0.955,0.005,3,-4,2,25.4,1,2,0,0.4
0.955,0.015,3,-4,2,25.4,1,2,0,0.4
0.955,0.025,3,-4,2,25.4,1,2,0,0.4
0.955,0.035,3,-4,2,25.4,1,2,0,0.4
0.955,0.045,3,-4,2,25.4,1,2,0,0.4
0.955,0.055,3,-4,2,25.4,1,2,0,0.4
0.955,0.065,3,-4,2,25.4,1,2,0,0.4
0.955,0.075,3,-4,2,25.4,1,2,0,0.4
0.955,0.085,3,-4,2,25.4,1,2,0,0.4
0.955,0.095,3,-4,2,25.4,1,2,0,0.4
0.955,0.105,3,-4,2,25.4,1,2,0,0.4
0.955,0.115,3,-4,2,25.4,1,2,0,0.4
0.955,0.125,3,-4,2,25.4,1,2,0,0.4
0.955,0.135,3,-4,2,25.4,1,2,0,0.4
0.955,0.145,3,-4,2,25.4,1,2,0,0.4
0.955,0.155,3,-4,2,25.4,1,2,0,0.4
0.955,0.165,3,-4,2,25.4,1,2,0,0.4
0.955,0.175,3,-4,2,25.4,1,2,0,0.4
0.955,0.185,3,-4,2,25.4,1,2,0,0.4
0.955,0.195,3,-4,2,25.4,1,2,0,0.4
0.955,0.205,3,-4,2,25.4,1,2,0,0.4
0.955,0.215,3,-4,2,25.4,1,2,0,0.4
0.955,0.225,3,-4,2,25.4,1,2,0,0.4
0.955,0.235,3,-4,2,25.4,1,2,0,0.4
0.955,0.245,3,-4,2,25.4,1,2,0,0.4
0.955,0.255,3,-4,2,25.4,1,2,0,0.4
0.955,0.265,3,-4,2,25.4,1,2,0,0.4
0.955,0.275,2.99999,-4,2.00001,25.3999,1,2,0,0.4
0.955,0.285,2.99998,-4,2.00002,25.3998,1,2,0,0.4
0.955,0.295,2.99997,-4,2.00004,25.3996,1,2,0,0.4
0.955,0.305,2.99997,-4,2.00004,25.3996,1,2,0,0.4
0.955,0.315,3.00009,-4,1.99989,25.4011,1,2,0,0.4
0.955,0.325,3.00073,-4,1.99916,25.4086,1,2,0,0.4
0.955,0.335,3.00312,-4,1.99642,25.437,1,2,0,0.4
0.955,0.345,3.01077,-4,1.98764,25.5279,1,2,0,0.4
0.955,0.355,3.03239,-4,1.96285,25.7859,1,2,0,0.4
0.955,0.365,3.08558,-4,1.90213,26.4263,1,2,0,0.4
0.955,0.375,3.19373,-4,1.7805,27.7488,1,2,0,0.4
0.955,0.385,3.36282,-4,1.59627,29.8589,1,2,0,0.4
0.955,0.395,3.55615,-4,1.39493,32.3224,1,2,0,0.4
0.955,0.405,3.71598,-4,1.23562,34.3948,1,2,0,0.4
0.955,0.415,3.80916,-4,1.14536,35.6191,1,2,0,0.4
0.955,0.425,3.83676,-4,1.11842,35.9911,1,2,0,0.4
0.955,0.435,3.81654,-4,1.13656,35.7395,1,2,0,0.4
0.955,0.445,3.76785,-4,1.18165,35.1202,1,2,0,0.4
0.955,0.455,3.70575,-4,1.23992,34.3331,1,2,0,0.4
0.955,0.465,3.64057,-4,1.30177,33.5138,1,2,0,0.4
0.955,0.475,3.5789,-4,1.3608,32.7476,1,2,0,0.4
0.955,0.485,3.52438,-4,1.41316,32.0807,1,2,0,0.4
0.955,0.495,3.47822,-4,1.45725,31.5283,1,2,0,0.4
0.955,0.505,3.42415,-4.05999,1.49338,31.084,1,2,0,0.4
0.955,0.515,3.32417,-4.34863,1.5242,30.7437,1,2,0,0.4
0.955,0.525,3.16724,-5.12095,1.55898,30.5421,1,2,0,0.4
0.955,0.535,3.06324,-6.6354,1.62113,30.5422,1,2,0,0.4
0.955,0.545,3.30503,-8.87861,1.74059,30.6983,1,2,0,0.4
0.955,0.555,4.35544,-11.217,1.91169,30.7016,1,2,0,0.4
0.955,0.565,6.86695,-12.9216,2.07263,30.4369,1,2,0,0.4
0.955,0.575,11.7772,-13.8968,2.17755,30.375,1,2,0,0.4
0.955,0.585,20.2979,-14.3996,2.24028,31.143,1,2,0,0.4
0.955,0.595,33.6848,-14.6567,2.29653,33.0309,1,2,0,0.4
0.955,0.605,53.3398,-14.7927,2.35608,36.5522,1,2,0,0.4
0.955,0.615,80.7109,-14.8682,2.4192,42.1341,1,2,0,0.4
0.955,0.625,117.07,-14.9125,2.4832,50.0136,1,2,0,0.4
0.955,0.635,163.206,-14.9397,2.54535,60.2294,1,2,0,0.4
0.955,0.645,219.147,-14.9574,2.60388,72.6358,1,2,0,0.4
0.955,0.655,283.99,-14.9694,2.65789,86.9209,1,2,0,0.4
0.955,0.665,355.925,-14.9777,2.70711,102.635,1,2,0,0.4
0.955,0.675,432.411,-14.9837,2.75156,119.235,1,2,0,0.4
0.955,0.685,510.497,-14.9881,2.79141,136.134,1,2,0,0.4
0.955,0.695,587.177,-14.9914,2.82687,152.76,1,2,0,0.4
0.955,0.705,659.735,-14.9938,2.85816,168.602,1,2,0,0.4
0.955,0.715,726.006,-14.9956,2.88547,183.248,1,2,0,0.4
0.955,0.725,784.516,-14.9969,2.90901,196.402,1,2,0,0.4
0.955,0.735,834.519,-14.9979,2.929,207.889,1,2,0,0.4
0.955,0.745,875.932,-14.9986,2.94567,217.647,1,2,0,0.4
0.955,0.755,909.201,-14.9991,2.95929,225.715,1,2,0,0.4
0.955,0.765,935.145,-14.9994,2.97018,232.202,1,2,0,0.4
0.955,0.775,954.796,-14.9996,2.97867,237.275,1,2,0,0.4
0.955,0.785,969.26,-14.9998,2.98512,241.131,1,2,0,0.4
0.955,0.795,979.608,-14.9999,2.98988,243.978,1,2,0,0.4
0.955,0.805,986.805,-14.9999,2.9933,246.018,1,2,0,0.4
0.955,0.815,991.673,-15,2.99568,247.437,1,2,0,0.4
0.955,0.825,994.875,-15,2.99729,248.394,1,2,0,0.4
0.955,0.835,996.924,-15,2.99835,249.021,1,2,0,0.4
0.955,0.845,998.2,-15,2.99902,249.419,1,2,0,0.4
0.955,0.855,998.972,-15,2.99943,249.664,1,2,0,0.4
0.955,0.865,999.428,-15,2.99968,249.811,1,2,0,0.4
0.955,0.875,999.689,-15,2.99983,249.896,1,2,0,0.4
0.955,0.885,999.835,-15,2.99991,249.945,1,2,0,0.4
0.955,0.895,999.915,-15,2.99995,249.971,1,2,0,0.4
0.955,0.905,999.957,-15,2.99998,249.985,1,2,0,0.4
0.955,0.915,999.979,-15,2.99999,249.993,1,2,0,0.4
0.955,0.925,999.99,-15,2.99999,249.996,1,2,0,0.4
0.955,0.935,999.995,-15,3,249.998,1,2,0,0.4
0.955,0.945,999.998,-15,3,249.999,1,2,0,0.4
0.955,0.955,999.999,-15,3,250,1,2,0,0.4
0.955,0.965,1000,-15,3,250,1,2,0,0.4
0.955,0.975,1000,-15,3,250,1,2,0,0.4
0.955,0.985,1000,-15,3,250,1,2,0,0.4
0.955,0.995,1000,-15,3,250,1,2,0,0.4
0.965,0.005,3,-4,2,25.4,1,2,0,0.4
0.965,0.015,3,-4,2,25.4,1,2,0,0.4
0.965,0.025,3,-4,2,25.4,1,2,0,0.4
0.965,0.035,3,-4,2,25.4,1,2,0,0.4
0.965,0.045,3,-4,2,25.4,1,2,0,0.4
0.965,0.055,3,-4,2,25.4,1,2,0,0.4
0.965,0.065,3,-4,2,25.4,1,2,0,0.4
0.965,0.075,3,-4,2,25.4,1,2,0,0.4
0.965,0.085,3,-4,2,25.4,1,2,0,0.4
0.965,0.095,3,-4,2,25.4,1,2,0,0.4
0.965,0.105,3,-4,2,25.4,1,2,0,0.4
0.965,0.115,3,-4,2,25.4,1,2,0,0.4
0.965,0.125,3,-4,2,25.4,1,2,0,0.4
0.965,0.135,3,-4,2,25.4,1,2,0,0.4
0.965,0.145,3,-4,2,25.4,1,2,0,0.4
0.965,0.155,3,-4,2,25.4,1,2,0,0.4
0.965,0.165,3,-4,2,25.4,1,2,0,0.4
0.965,0.175,3,-4,2,25.4,1,2,0,0.4
0.965,0.185,3,-4,2,25.4,1,2,0,0.4
0.965,0.195,3,-4,2,25.4,1,2,0,0.4
0.965,0.205,3,-4,2,25.4,1,2,0,0.4
0.965,0.215,3,-4,2,25.4,1,2,0,0.4
0.965,0.225,3,-4,2,25.4,1,2,0,0.4
0.965,0.235,3,-4,2,25.4,1,2,0,0.4
0.965,0.245,3,-4,2,25.4,1,2,0,0.4
0.965,0.255,3,-4,2,25.4,1,2,0,0.4
0.965,0.265,3,-4,2,25.4,1,2,0,0.4
0.965,0.275,2.99999,-4,2.00001,25.3999,1,2,0,0.4
0.965,0.285,2.99998,-4,2.00002,25.3998,1,2,0,0.4
0.965,0.295,2.99997,-4,2.00004,25.3996,1,2,0,0.4
0.965,0.305,2.99997,-4,2.00004,25.3996,1,2,0,0.4
0.965,0.315,3.00009,-4,1.99989,25.4011,1,2,0,0.4
0.965,0.325,3.00073,-4,1.99916,25.4086,1,2,0,0.4
0.965,0.335,3.00312,-4,1.99642,25.437,1,2,0,0.4
0.965,0.345,3.01077,-4,1.98764,25.5279,1,2,0,0.4
0.965,0.355,3.03239,-4,1.96285,25.7859,1,2,0,0.4
0.965,0.365,3.08558,-4,1.90213,26.4263,1,2,0,0.4
0.965,0.375,3.19373,-4,1.7805,27.7488,1,2,0,0.4
0.965,0.385,3.36282,-4,1.59627,29.8589,1,2,0,0.4
0.965,0.395,3.55615,-4,1.39493,32.3224,1,2,0,0.4
0.965,0.405,3.71598,-4,1.23562,34.3948,1,2,0,0.4
0.965,0.415,3.80916,-4,1.14536,35.6191,1,2,0,0.4
0.965,0.425,3.83676,-4,1.11842,35.9911,1,2,0,0.4
0.965,0.435,3.81654,-4,1.13656,35.7395,1,2,0,0.4
0.965,0.445,3.76785,-4,1.18165,35.1202,1,2,0,0.4
0.965,0.455,3.70575,-4,1.23992,34.3331,1,2,0,0.4
0.965,0.465,3.64057,-4,1.30177,33.5138,1,2,0,0.4
0.965,0.475,3.5789,-4,1.3608,32.7476,1,2,0,0.4
0.965,0.485,3.52438,-4,1.41316,32.0807,1,2,0,0.4
0.965,0.495,3.47822,-4,1.45725,31.5283,1,2,0,0.4
0.965,0.505,3.42415,-4.05999,1.49338,31.084,1,2,0,0.4
0.965,0.515,3.32417,-4.34863,1.5242,30.7437,1,2,0,0.4
0.965,0.525,3.16724,-5.12095,1.55898,30.5421,1,2,0,0.4
0.965,0.535,3.06324,-6.6354,1.62113,30.5422,1,2,0,0.4
0.965,0.545,3.30503,-8.87861,1.74059,30.6983,1,2,0,0.4
0.965,0.555,4.35544,-11.217,1.91169,30.7016,1,2,0,0.4
0.965,0.565,6.86695,-12.9216,2.07263,30.4369,1,2,0,0.4
0.965,0.575,11.7772,-13.8968,2.17755,30.375,1,2,0,0.4
0.965,0.585,20.2979,-14.3996,2.24028,31.143,1,2,0,0.4
0.965,0.595,33.6848,-14.6567,2.29653,33.0309,1,2,0,0.4
0.965,0.605,53.3398,-14.7927,2.35608,36.5522,1,2,0,0.4
0.965,0.615,80.7109,-14.8682,2.4192,42.1341,1,2,0,0.4
0.965,0.625,117.07,-14.9125,2.4832,50.0136,1,2,0,0.4
0.965,0.635,163.206,-14.9397,2.54535,60.2294,1,2,0,0.4
0.965,0.645,219.147,-14.9574,2.60388,72.6358,1,2,0,0.4
0.965,0.655,283.99,-14.9694,2.65789,86.9209,1,2,0,0.4
0.965,0.665,355.925,-14.9777,2.70711,102.635,1,2,0,0.4
0.965,0.675,432.411,-14.9837,2.75156,119.235,1,2,0,0.4
0.965,0.685,510.497,-14.9881,2.79141,136.134,1,2,0,0.4
0.965,0.695,587.177,-14.9914,2.82687,152.76,1,2,0,0.4
0.965,0.705,659.735,-14.9938,2.85816,168.602,1,2,0,0.4
0.965,0.715,726.006,-14.9956,2.88547,183.248,1,2,0,0.4
0.965,0.725,784.516,-14.9969,2.90901,196.402,1,2,0,0.4
0.965,0.735,834.519,-14.9979,2.929,207.889,1,2,0,0.4
0.965,0.745,875.932,-14.9986,2.94567,217.647,1,2,0,0.4
0.965,0.755,909.201,-14.9991,2.95929,225.715,1,2,0,0.4
0.965,0.765,935.145,-14.9994,2.97018,232.202,1,2,0,0.4
0.965,0.775,954.796,-14.9996,2.97867,237.275,1,2,0,0.4
0.965,0.785,969.26,-14.9998,2.98512,241.131,1,2,0,0.4
0.965,0.795,979.608,-14.9999,2.98988,243.978,1,2,0,0.4
0.965,0.805,986.805,-14.9999,2.9933,246.018,1,2,0,0.4
0.965,0.815,991.673,-15,2.99568,247.437,1,2,0,0.4
0.965,0.825,994.875,-15,2.99729,248.394,1,2,0,0.4
0.965,0.835,996.924,-15,2.99835,249.021,1,2,0,0.4
0.965,0.845,998.2,-15,2.99902,249.419,1,2,0,0.4
0.965,0.855,998.972,-15,2.99943,249.664,1,2,0,0.4
0.965,0.865,999.428,-15,2.99968,249.811,1,2,0,0.4
0.965,0.875,999.689,-15,2.99983,249.896,1,2,0,0.4
0.965,0.885,999.835,-15,2.99991,249.945,1,2,0,0.4
0.965,0.895,999.915,-15,2.99995,249.971,1,2,0,0.4
0.965,0.905,999.957,-15,2.99998,249.985,1,2,0,0.4
0.965,0.915,999.979,-15,2.99999,249.993,1,2,0,0.4
0.965,0.925,999.99,-15,2.99999,249.996,1,2,0,0.4
0.965,0.935,999.995,-15,3,249.998,1,2,0,0.4
0.965,0.945,999.998,-15,3,249.999,1,2,0,0.4
0.965,0.955,999.999,-15,3,250,1,2,0,0.4
0.965,0.965,1000,-15,3,250,1,2,0,0.4
0.965,0.975,1000,-15,3,250,1,2,0,0.4
0.965,0.985,1000,-15,3,250,1,2,0,0.4
0.965,0.995,1000,-15,3,250,1,2,0,0.4
0.975,0.005,3,-4,2,25.4,1,2,0,0.4
0.975,0.015,3,-4,2,25.4,1,2,0,0.4
0.975,0.025,3,-4,2,25.4,1,2,0,0.4
0.975,0.035,3,-4,2,25.4,1,2,0,0.4
0.975,0.045,3,-4,2,25.4,1,2,0,0.4
0.975,0.055,3,-4,2,25.4,1,2,0,0.4
0.975,0.065,3,-4,2,25.4,1,2,0,0.4
0.975,0.075,3,-4,2,25.4,1,2,0,0.4
0.975,0.085,3,-4,2,25.4,1,2,0,0.4
0.975,0.095,3,-4,2,25.4,1,2,0,0.4
0.975,0.105,3,-4,2,25.4,1,2,0,0.4
0.975,0.115,3,-4,2,25.4,1,2,0,0.4
0.975,0.125,3,-4,2,25.4,1,2,0,0.4
0.975,0.135,3,-4,2,25.4,1,2,0,0.4
0.975,0.145,3,-4,2,25.4,1,2,0,0.4
0.975,0.155,3,-4,2,25.4,1,2,0,0.4
0.975,0.165,3,-4,2,25.4,1,2,0,0.4
0.975,0.175,3,-4,2,25.4,1,2,0,0.4
0.975,0.185,3,-4,2,25.4,1,2,0,0.4
0.975,0.195,3,-4,2,25.4,1,2,0,0.4
0.975,0.205,3,-4,2,25.4,1,2,0,0.4
0.975,0.215,3,-4,2,25.4,1,2,0,0.4
0.975,0.225,3,-4,2,25.4,1,2,0,0.4
0.975,0.235,3,-4,2,25.4,1,2,0,0.4
0.975,0.245,3,-4,2,25.4,1,2,0,0.4
0.975,0.255,3,-4,2,25.4,1,2,0,0.4
0.975,0.265,3,-4,2,25.4,1,2,0,0.4
0.975,0.275,2.99999,-4,2.00001,25.3999,1,2,0,0.4
0.975,0.285,2.99998,-4,2.00002,25.3998,1,2,0,0.4
0.975,0.295,2.99997,-4,2.00004,25.3996,1,2,0,0.4
0.975,0.305,2.99997,-4,2.00004,25.3996,1,2,0,0.4
0.975,0.315,3.00009,-4,1.99989,25.4011,1,2,0,0.4
0.975,0.325,3.00073,-4,1.99916,25.4086,1,2,0,0.4
0.975,0.335,3.00312,-4,1.99642,25.437,1,2,0,0.4
0.975,0.345,3.01077,-4,1.98764,25.5279,1,2,0,0.4
0.975,0.355,3.03239,-4,1.96285,25.7859,1,2,0,0.4
0.975,0.365,3.08558,-4,1.90213,26.4263,1,2,0,0.4
0.975,0.375,3.19373,-4,1.7805,27.7488,1,2,0,0.4
0.975,0.385,3.36282,-4,1.59627,29.8589,1,2,0,0.4
0.975,0.395,3.55615,-4,1.39493,32.3224,1,2,0,0.4
0.975,0.405,3.71598,-4,1.23562,34.3948,1,2,0,0.4
0.975,0.415,3.80916,-4,1.14536,35.6191,1,2,0,0.4
0.975,0.425,3.83676,-4,1.11842,35.9911,1,2,0,0.4
0.975,0.435,3.81654,-4,1.13656,35.7395,1,2,0,0.4
0.975,0.445,3.76785,-4,1.18165,35.1202,1,2,0,0.4
0.975,0.455,3.70575,-4,1.23992,34.3331,1,2,0,0.4
0.975,0.465,3.64057,-4,1.30177,33.5138,1,2,0,0.4
0.975,0.475,3.5789,-4,1.3608,32.7476,1,2,0,0.4
0.975,0.485,3.52438,-4,1.41316,32.0807,1,2,0,0.4
0.975,0.495,3.47822,-4,1.45725,31.5283,1,2,0,0.4
0.975,0.505,3.42415,-4.05999,1.49338,31.084,1,2,0,0.4
0.975,0.515,3.32417,-4.34863,1.5242,30.7437,1,2,0,0.4
0.975,0.525,3.16724,-5.12095,1.55898,30.5421,1,2,0,0.4
0.975,0.535,3.06324,-6.6354,1.62113,30.5422,1,2,0,0.4
0.975,0.545,3.30503,-8.87861,1.74059,30.6983,1,2,0,0.4
0.975,0.555,4.35544,-11.217,1.91169,30.7016,1,2,0,0.4
0.975,0.565,6.86695,-12.9216,2.07263,30.4369,1,2,0,0.4
0.975,0.575,11.7772,-13.8968,2.17755,30.375,1,2,0,0.4
0.975,0.585,20.2979,-14.3996,2.24028,31.143,1,2,0,0.4
0.975,0.595,33.6848,-14.6567,2.29653,33.0309,1,2,0,0.4
0.975,0.605,53.3398,-14.7927,2.35608,36.5522,1,2,0,0.4
0.975,0.615,80.7109,-14.8682,2.4192,42.1341,1,2,0,0.4
0.975,0.625,117.07,-14.9125,2.4832,50.0136,1,2,0,0.4
0.975,0.635,163.206,-14.9397,2.54535,60.2294,1,2,0,0.4
0.975,0.645,219.147,-14.9574,2.60388,72.6358,1,2,0,0.4
0.975,0.655,283.99,-14.9694,2.65789,86.9209,1,2,0,0.4
0.975,0.665,355.925,-14.9777,2.70711,102.635,1,2,0,0.4
0.975,0.675,432.411,-14.9837,2.75156,119.235,1,2,0,0.4
0.975,0.685,510.497,-14.9881,2.79141,136.134,1,2,0,0.4
0.975,0.695,587.177,-14.9914,2.82687,152.76,1,2,0,0.4
0.975,0.705,659.735,-14.9938,2.85816,168.602,1,2,0,0.4
0.975,0.715,726.006,-14.9956,2.88547,183.248,1,2,0,0.4
0.975,0.725,784.516,-14.9969,2.90901,196.402,1,2,0,0.4
0.975,0.735,834.519,-14.9979,2.929,207.889,1,2,0,0.4
0.975,0.745,875.932,-14.9986,2.94567,217.647,1,2,0,0.4
0.975,0.755,909.201,-14.9991,2.95929,225.715,1,2,0,0.4
0.975,0.765,935.145,-14.9994,2.97018,232.202,1,2,0,0.4
0.975,0.775,954.796,-14.9996,2.97867,237.275,1,2,0,0.4
0.975,0.785,969.26,-14.9998,2.98512,241.131,1,2,0,0.4
0.975,0.795,979.608,-14.9999,2.98988,243.978,1,2,0,0.4
0.975,0.805,986.805,-14.9999,2.9933,246.018,1,2,0,0.4
0.975,0.815,991.673,-15,2.99568,247.437,1,2,0,0.4
0.975,0.825,994.875,-15,2.99729,248.394,1,2,0,0.4
0.975,0.835,996.924,-15,2.99835,249.021,1,2,0,0.4
0.975,0.845,998.2,-15,2.99902,249.419,1,2,0,0.4
0.975,0.855,998.972,-15,2.99943,249.664,1,2,0,0.4
0.975,0.865,999.428,-15,2.99968,249.811,1,2,0,0.4
0.975,0.875,999.689,-15,2.99983,249.896,1,2,0,0.4
0.975,0.885,999.835,-15,2.99991,249.945,1,2,0,0.4
0.975,0.895,999.915,-15,2.99995,249.971,1,2,0,0.4
0.975,0.905,999.957,-15,2.99998,249.985,1,2,0,0.4
0.975,0.915,999.979,-15,2.99999,249.993,1,2,0,0.4
0.975,0.925,999.99,-15,2.99999,249.996,1,2,0,0.4
0.975,0.935,999.995,-15,3,249.998,1,2,0,0.4
0.975,0.945,999.998,-15,3,249.999,1,2,0,0.4
0.975,0.955,999.999,-15,3,250,1,2,0,0.4
0.975,0.965,1000,-15,3,250,1,2,0,0.4
0.975,0.975,1000,-15,3,250,1,2,0,0.4
0.975,0.985,1000,-15,3,250,1,2,0,0.4
0.975,0.995,1000,-15,3,250,1,2,0,0.4
0.985,0.005,3,-4,2,25.4,1,2,0,0.4
0.985,0.015,3,-4,2,25.4,1,2,0,0.4
0.985,0.025,3,-4,2,25.4,1,2,0,0.4
0.985,0.035,3,-4,2,25.4,1,2,0,0.4
0.985,0.045,3,-4,2,25.4,1,2,0,0.4
0.985,0.055,3,-4,2,25.4,1,2,0,0.4
0.985,0.065,3,-4,2,25.4,1,2,0,0.4
0.985,0.075,3,-4,2,25.4,1,2,0,0.4
0.985,0.085,3,-4,2,25.4,1,2,0,0.4
0.985,0.095,3,-4,2,25.4,1,2,0,0.4
0.985,0.105,3,-4,2,25.4,1,2,0,0.4
0.985,0.115,3,-4,2,25.4,1,2,0,0.4
0.985,0.125,3,-4,2,25.4,1,2,0,0.4
0.985,0.135,3,-4,2,25.4,1,2,0,0.4
0.985,0.145,3,-4,2,25.4,1,2,0,0.4
0.985,0.155,3,-4,2,25.4,1,2,0,0.4
0.985,0.165,3,-4,2,25.4,1,2,0,0.4
0.985,0.175,3,-4,2,25.4,1,2,0,0.4
0.985,0.185,3,-4,2,25.4,1,2,0,0.4
0.985,0.195,3,-4,2,25.4,1,2,0,0.4
0.985,0.205,3,-4,2,25.4,1,2,0,0.4
0.985,0.215,3,-4,2,25.4,1,2,0,0.4
0.985,0.225,3,-4,2,25.4,1,2,0,0.4
0.985,0.235,3,-4,2,25.4,1,2,0,0.4
0.985,0.245,3,-4,2,25.4,1,2,0,0.4
0.985,0.255,3,-4,2,25.4,1,2,0,0.4
0.985,0.265,3,-4,2,25.4,1,2,0,0.4
0.985,0.275,2.99999,-4,2.00001,25.3999,1,2,0,0.4
0.985,0.285,2.99998,-4,2.00002,25.3998,1,2,0,0.4
0.985,0.295,2.99997,-4,2.00004,25.3996,1,2,0,0.4
0.985,0.305,2.99997,-4,2.00004,25.3996,1,2,0,0.4
0.985,0.315,3.00009,-4,1.99989,25.4011,1,2,0,0.4
0.985,0.325,3.00073,-4,1.99916,25.4086,1,2,0,0.4
0.985,0.335,3.00312,-4,1.99642,25.437,1,2,0,0.4
0.985,0.345,3.01077,-4,1.98764,25.5279,1,2,0,0.4
0.985,0.355,3.03239,-4,1.96285,25.7859,1,2,0,0.4
0.985,0.365,3.08558,-4,1.90213,26.4263,1,2,0,0.4
0.985,0.375,3.19373,-4,1.7805,27.7488,1,2,0,0.4
0.985,0.385,3.36282,-4,1.59627,29.8589,1,2,0,0.4
0.985,0.395,3.55615,-4,1.39493,32.3224,1,2,0,0.4
0.985,0.405,3.71598,-4,1.23562,34.3948,1,2,0,0.4
0.985,0.415,3.80916,-4,1.14536,35.6191,1,2,0,0.4
0.985,0.425,3.83676,-4,1.11842,35.9911,1,2,0,0.4
0.985,0.435,3.81654,-4,1.13656,35.7395,1,2,0,0.4
0.985,0.445,3.76785,-4,1.18165,35.1202,1,2,0,0.4
0.985,0.455,3.70575,-4,1.23992,34.3331,1,2,0,0.4
0.985,0.465,3.64057,-4,1.30177,33.5138,1,2,0,0.4
0.985,0.475,3.5789,-4,1.3608,32.7476,1,2,0,0.4
0.985,0.485,3.52438,-4,1.41316,32.0807,1,2,0,0.4
0.985,0.495,3.47822,-4,1.45725,31.5283,1,2,0,0.4
0.985,0.505,3.42415,-4.05999,1.49338,31.084,1,2,0,0.4
0.985,0.515,3.32417,-4.34863,1.5242,30.7437,1,2,0,0.4
0.985,0.525,3.16724,-5.12095,1.55898,30.5421,1,2,0,0.4
0.985,0.535,3.06324,-6.6354,1.62113,30.5422,1,2,0,0.4
0.985,0.545,3.30503,-8.87861,1.74059,30.6983,1,2,0,0.4
0.985,0.555,4.35544,-11.217,1.91169,30.7016,1,2,0,0.4
0.985,0.565,6.86695,-12.9216,2.07263,30.4369,1,2,0,0.4
0.985,0.575,11.7772,-13.8968,2.17755,30.375,1,2,0,0.4
0.985,0.585,20.2979,-14.3996,2.24028,31.143,1,2,0,0.4
0.985,0.595,33.6848,-14.6567,2.29653,33.0309,1,2,0,0.4
0.985,0.605,53.3398,-14.7927,2.35608,36.5522,1,2,0,0.4
0.985,0.615,80.7109,-14.8682,2.4192,42.1341,1,2,0,0.4
0.985,0.625,117.07,-14.9125,2.4832,50.0136,1,2,0,0.4
0.985,0.635,163.206,-14.9397,2.54535,60.2294,1,2,0,0.4
0.985,0.645,219.147,-14.9574,2.60388,72.6358,1,2,0,0.4
0.985,0.655,283.99,-14.9694,2.65789,86.9209,1,2,0,0.4
0.985,0.665,355.925,-14.9777,2.70711,102.635,1,2,0,0.4
0.985,0.675,432.411,-14.9837,2.75156,119.235,1,2,0,0.4
0.985,0.685,510.497,-14.9881,2.79141,136.134,1,2,0,0.4
0.985,0.695,587.177,-14.9914,2.82687,152.76,1,2,0,0.4
0.985,0.705,659.735,-14.9938,2.85816,168.602,1,2,0,0.4
0.985,0.715,726.006,-14.9956,2.88547,183.248,1,2,0,0.4
0.985,0.725,784.516,-14.9969,2.90901,196.402,1,2,0,0.4
0.985,0.735,834.519,-14.9979,2.929,207.889,1,2,0,0.4
0.985,0.745,875.932,-14.9986,2.94567,217.647,1,2,0,0.4
0.985,0.755,909.201,-14.9991,2.95929,225.715,1,2,0,0.4
0.985,0.765,935.145,-14.9994,2.97018,232.202,1,2,0,0.4
0.985,0.775,954.796,-14.9996,2.97867,237.275,1,2,0,0.4
0.985,0.785,969.26,-14.9998,2.98512,241.131,1,2,0,0.4
0.985,0.795,979.608,-14.9999,2.98988,243.978,1,2,0,0.4
0.985,0.805,986.805,-14.9999,2.9933,246.018,1,2,0,0.4
0.985,0.815,991.673,-15,2.99568,247.437,1,2,0,0.4
0.985,0.825,994.875,-15,2.99729,248.394,1,2,0,0.4
0.985,0.835,996.924,-15,2.99835,249.021,1,2,0,0.4
0.985,0.845,998.2,-15,2.99902,249.419,1,2,0,0.4
0.985,0.855,998.972,-15,2.99943,249.664,1,2,0,0.4
0.985,0.865,999.428,-15,2.99968,249.811,1,2,0,0.4
0.985,0.875,999.689,-15,2.99983,249.896,1,2,0,0.4
0.985,0.885,999.835,-15,2.99991,249.945,1,2,0,0.4
0.985,0.895,999.915,-15,2.99995,249.971,1,2,0,0.4
0.985,0.905,999.957,-15,2.99998,249.985,1,2,0,0.4
0.985,0.915,999.979,-15,2.99999,249.993,1,2,0,0.4
0.985,0.925,999.99,-15,2.99999,249.996,1,2,0,0.4
0.985,0.935,999.995,-15,3,249.998,1,2,0,0.4
0.985,0.945,999.998,-15,3,249.999,1,2,0,0.4
0.985,0.955,999.999,-15,3,250,1,2,0,0.4
0.985,0.965,1000,-15,3,250,1,2,0,0.4
0.985,0.975,1000,-15,3,250,1,2,0,0.4
0.985,0.985,1000,-15,3,250,1,2,0,0.4
0.985,0.995,1000,-15,3,250,1,2,0,0.4
0.995,0.005,3,-4,2,25.4,1,2,0,0.4
0.995,0.015,3,-4,2,25.4,1,2,0,0.4
0.995,0.025,3,-4,2,25.4,1,2,0,0.4
0.995,0.035,3,-4,2,25.4,1,2,0,0.4
0.995,0.045,3,-4,2,25.4,1,2,0,0.4
0.995,0.055,3,-4,2,25.4,1,2,0,0.4
0.995,0.065,3,-4,2,25.4,1,2,0,0.4
0.995,0.075,3,-4,2,25.4,1,2,0,0.4
0.995,0.085,3,-4,2,25.4,1,2,0,0.4
0.995,0.095,3,-4,2,25.4,1,2,0,0.4
0.995,0.105,3,-4,2,25.4,1,2,0,0.4
0.995,0.115,3,-4,2,25.4,1,2,0,0.4
0.995,0.125,3,-4,2,25.4,1,2,0,0.4
0.995,0.135,3,-4,2,25.4,1,2,0,0.4
0.995,0.145,3,-4,2,25.4,1,2,0,0.4
0.995,0.155,3,-4,2,25.4,1,2,0,0.4
0.995,0.165,3,-4,2,25.4,1,2,0,0.4
0.995,0.175,3,-4,2,25.4,1,2,0,0.4
0.995,0.185,3,-4,2,25.4,1,2,0,0.4
0.995,0.195,3,-4,2,25.4,1,2,0,0.4
0.995,0.205,3,-4,2,25.4,1,2,0,0.4
0.995,0.215,3,-4,2,25.4,1,2,0,0.4
0.995,0.225,3,-4,2,25.4,1,2,0,0.4
0.995,0.235,3,-4,2,25.4,1,2,0,0.4
0.995,0.245,3,-4,2,25.4,1,2,0,0.4
0.995,0.255,3,-4,2,25.4,1,2,0,0.4
0.995,0.265,3,-4,2,25.4,1,2,0,0.4
0.995,0.275,2.99999,-4,2.00001,25.3999,1,2,0,0.4
0.995,0.285,2.99998,-4,2.00002,25.3998,1,2,0,0.4
0.995,0.295,2.99997,-4,2.00004,25.3996,1,2,0,0.4
0.995,0.305,2.99997,-4,2.00004,25.3996,1,2,0,0.4
0.995,0.315,3.00009,-4,1.99989,25.4011,1,2,0,0.4
0.995,0.325,3.00073,-4,1.99916,25.4086,1,2,0,0.4
0.995,0.335,3.00312,-4,1.99642,25.437,1,2,0,0.4
0.995,0.345,3.01077,-4,1.98764,25.5279,1,2,0,0.4
0.995,0.355,3.03239,-4,1.96285,25.7859,1,2,0,0.4
0.995,0.365,3.08558,-4,1.90213,26.4263,1,2,0,0.4
0.995,0.375,3.19373,-4,1.7805,27.7488,1,2,0,0.4
0.995,0.385,3.36282,-4,1.59627,29.8589,1,2,0,0.4
0.995,0.395,3.55615,-4,1.39493,32.3224,1,2,0,0.4
0.995,0.405,3.71598,-4,1.23562,34.3948,1,2,0,0.4
0.995,0.415,3.80916,-4,1.14536,35.6191,1,2,0,0.4
0.995,0.425,3.83676,-4,1.11842,35.9911,1,2,0,0.4
0.995,0.435,3.81654,-4,1.13656,35.7395,1,2,0,0.4
0.995,0.445,3.76785,-4,1.18165,35.1202,1,2,0,0.4
0.995,0.455,3.70575,-4,1.23992,34.3331,1,2,0,0.4
0.995,0.465,3.64057,-4,1.30177,33.5138,1,2,0,0.4
0.995,0.475,3.5789,-4,1.3608,32.7476,1,2,0,0.4
0.995,0.485,3.52438,-4,1.41316,32.0807,1,2,0,0.4
0.995,0.495,3.47822,-4,1.45725,31.5283,1,2,0,0.4
0.995,0.505,3.42415,-4.05999,1.49338,31.084,1,2,0,0.4
0.995,0.515,3.32417,-4.34863,1.5242,30.7437,1,2,0,0.4
0.995,0.525,3.16724,-5.12095,1.55898,30.5421,1,2,0,0.4
0.995,0.535,3.06324,-6.6354,1.62113,30.5422,1,2,0,0.4
0.995,0.545,3.30503,-8.87861,1.74059,30.6983,1,2,0,0.4
0.995,0.555,4.35544,-11.217,1.91169,30.7016,1,2,0,0.4
0.995,0.565,6.86695,-12.9216,2.07263,30.4369,1,2,0,0.4
0.995,0.575,11.7772,-13.8968,2.17755,30.375,1,2,0,0.4
0.995,0.585,20.2979,-14.3996,2.24028,31.143,1,2,0,0.4
0.995,0.595,33.6848,-14.6567,2.29653,33.0309,1,2,0,0.4
0.995,0.605,53.3398,-14.7927,2.35608,36.5522,1,2,0,0.4
0.995,0.615,80.7109,-14.8682,2.4192,42.1341,1,2,0,0.4
0.995,0.625,117.07,-14.9125,2.4832,50.0136,1,2,0,0.4
0.995,0.635,163.206,-14.9397,2.54535,60.2294,1,2,0,0.4
0.995,0.645,219.147,-14.9574,2.60388,72.6358,1,2,0,0.4
0.995,0.655,283.99,-14.9694,2.65789,86.9209,1,2,0,0.4
0.995,0.665,355.925,-14.9777,2.70711,102.635,1,2,0,0.4
0.995,0.675,432.411,-14.9837,2.75156,119.235,1,2,0,0.4
0.995,0.685,510.497,-14.9881,2.79141,136.134,1,2,0,0.4
0.995,0.695,587.177,-14.9914,2.82687,152.76,1,2,0,0.4
0.995,0.705,659.735,-14.9938,2.85816,168.602,1,2,0,0.4
0.995,0.715,726.006,-14.9956,2.88547,183.248,1,2,0,0.4
0.995,0.725,784.516,-14.9969,2.90901,196.402,1,2,0,0.4
0.995,0.735,834.519,-14.9979,2.929,207.889,1,2,0,0.4
0.995,0.745,875.932,-14.9986,2.94567,217.647,1,2,0,0.4
0.995,0.755,909.201,-14.9991,2.95929,225.715,1,2,0,0.4
0.995,0.765,935.145,-14.9994,2.97018,232.202,1,2,0,0.4
0.995,0.775,954.796,-14.9996,2.97867,237.275,1,2,0,0.4
0.995,0.785,969.26,-14.9998,2.98512,241.131,1,2,0,0.4
0.995,0.795,979.608,-14.9999,2.98988,243.978,1,2,0,0.4
0.995,0.805,986.805,-14.9999,2.9933,246.018,1,2,0,0.4
0.995,0.815,991.673,-15,2.99568,247.437,1,2,0,0.4
0.995,0.825,994.875,-15,2.99729,248.394,1,2,0,0.4
0.995,0.835,996.924,-15,2.99835,249.021,1,2,0,0.4
0.995,0.845,998.2,-15,2.99902,249.419,1,2,0,0.4
0.995,0.855,998.972,-15,2.99943,249.664,1,2,0,0.4
0.995,0.865,999.428,-15,2.99968,249.811,1,2,0,0.4
0.995,0.875,999.689,-15,2.99983,249.896,1,2,0,0.4
0.995,0.885,999.835,-15,2.99991,249.945,1,2,0,0.4
0.995,0.895,999.915,-15,2.99995,249.971,1,2,0,0.4
0.995,0.905,999.957,-15,2.99998,249.985,1,2,0,0.4
0.995,0.915,999.979,-15,2.99999,249.993,1,2,0,0.4
0.995,0.925,999.99,-15,2.99999,249.996,1,2,0,0.4
0.995,0.935,999.995,-15,3,249.998,1,2,0,0.4
0.995,0.945,999.998,-15,3,249.999,1,2,0,0.4
0.995,0.955,999.999,-15,3,250,1,2,0,0.4
0.995,0.965,1000,-15,3,250,1,2,0,0.4
0.995,0.975,1000,-15,3,250,1,2,0,0.4
0.995,0.985,1000,-15,3,250,1,2,0,0.4
0.995,0.995,1000,-15,3,250,1,2,0,0.4
