# vtk DataFile Version 3.0
CFD
ASCII
DATASET UNSTRUCTURED_GRID
POINTS 7774 double
1.00000000000000000e+00 0.00000000000000000e+00 0
0.00000000000000000e+00 1.00000000000000000e+00 0
-1.00000000000000000e+00 0.00000000000000000e+00 0
0.00000000000000000e+00 -1.00000000000000000e+00 0
1.50000000000000000e+01 0.00000000000000000e+00 0
0.00000000000000000e+00 1.50000000000000000e+01 0
-1.50000000000000000e+01 0.00000000000000000e+00 0
0.00000000000000000e+00 -1.50000000000000000e+01 0
9.98993066541314700e-01 4.48648303505147991e-02 0
9.95974293995239068e-01 8.96393089034333707e-02 0
9.90949761767934811e-01 1.34233265817655406e-01 0
9.83929588598629667e-01 1.78556894798636512e-01 0
9.74927912181823619e-01 2.22520933956314310e-01 0
9.63962860695853352e-01 2.66036845566675006e-01 0
9.51056516295153642e-01 3.09016994374947285e-01 0
9.36234870639737204e-01 3.51374824081342574e-01 0
9.19527772551450684e-01 3.93025031653923496e-01 0
9.00968867902419035e-01 4.33883739117558398e-01 0
8.80595531856738112e-01 4.73868662472998525e-01 0
8.58448793601866211e-01 5.12899277405906018e-01 0
8.34573253721302755e-01 5.50896981452102419e-01 0
8.09016994374947451e-01 5.87785252292473026e-01 0
7.81831482468029582e-01 6.23489801858733816e-01 0
7.53071466003610746e-01 6.57938725939712810e-01 0
7.22794863827391332e-01 6.91062648986864869e-01 0
6.91062648986864758e-01 7.22794863827391443e-01 0
6.57938725939712366e-01 7.53071466003611079e-01 0
6.23489801858733594e-01 7.81831482468029693e-01 0
5.87785252292473248e-01 8.09016994374947340e-01 0
5.50896981452102641e-01 8.34573253721302533e-01 0
5.12899277405906240e-01 8.58448793601866100e-01 0
4.73868662472998803e-01 8.80595531856737890e-01 0
4.33883739117558287e-01 9.00968867902419035e-01 0
3.93025031653923773e-01 9.19527772551450573e-01 0
3.51374824081342907e-01 9.36234870639737204e-01 0
3.09016994374947618e-01 9.51056516295153531e-01 0
2.66036845566675284e-01 9.63962860695853241e-01 0
2.22520933956314587e-01 9.74927912181823619e-01 0
1.78556894798636789e-01 9.83929588598629667e-01 0
1.34233265817655711e-01 9.90949761767934700e-01 0
8.96393089034336760e-02 9.95974293995239068e-01 0
4.48648303505150975e-02 9.98993066541314589e-01 0
-4.48648303505147367e-02 9.98993066541314700e-01 0
-8.96393089034333151e-02 9.95974293995239068e-01 0
-1.34233265817655295e-01 9.90949761767934811e-01 0
-1.78556894798636512e-01 9.83929588598629667e-01 0
-2.22520933956314199e-01 9.74927912181823619e-01 0
-2.66036845566674895e-01 9.63962860695853352e-01 0
-3.09016994374947174e-01 9.51056516295153642e-01 0
-3.51374824081342518e-01 9.36234870639737315e-01 0
-3.93025031653923385e-01 9.19527772551450684e-01 0
-4.33883739117558676e-01 9.00968867902418813e-01 0
-4.73868662472999302e-01 8.80595531856737668e-01 0
-5.12899277405906684e-01 8.58448793601865767e-01 0
-5.50896981452103085e-01 8.34573253721302311e-01 0
-5.87785252292473692e-01 8.09016994374947007e-01 0
-6.23489801858734038e-01 7.81831482468029360e-01 0
-6.57938725939713143e-01 7.53071466003610523e-01 0
-6.91062648986865202e-01 7.22794863827391110e-01 0
-7.22794863827391998e-01 6.91062648986864203e-01 0
-7.53071466003611301e-01 6.57938725939712143e-01 0
-7.81831482468030248e-01 6.23489801858733039e-01 0
-8.09016994374947784e-01 5.87785252292472582e-01 0
-8.34573253721302977e-01 5.50896981452101975e-01 0
-8.58448793601866433e-01 5.12899277405905574e-01 0
-8.80595531856738334e-01 4.73868662472998081e-01 0
-9.00968867902419368e-01 4.33883739117557510e-01 0
-9.19527772551450906e-01 3.93025031653922996e-01 0
-9.36234870639737427e-01 3.51374824081342074e-01 0
-9.51056516295153753e-01 3.09016994374946785e-01 0
-9.63962860695853241e-01 2.66036845566675284e-01 0
-9.74927912181823508e-01 2.22520933956314587e-01 0
-9.83929588598629667e-01 1.78556894798636900e-01 0
-9.90949761767934700e-01 1.34233265817655711e-01 0
-9.95974293995238957e-01 8.96393089034337454e-02 0
-9.98993066541314589e-01 4.48648303505151669e-02 0
-9.98993066541314700e-01 -4.48648303505149726e-02 0
-9.95974293995239068e-01 -8.96393089034335927e-02 0
-9.90949761767934700e-01 -1.34233265817655600e-01 0
-9.83929588598629667e-01 -1.78556894798636789e-01 0
-9.74927912181823508e-01 -2.22520933956314587e-01 0
-9.63962860695853241e-01 -2.66036845566675284e-01 0
-9.51056516295153531e-01 -3.09016994374947673e-01 0
-9.36234870639737093e-01 -3.51374824081343018e-01 0
-9.19527772551450462e-01 -3.93025031653924106e-01 0
-9.00968867902418924e-01 -4.33883739117558620e-01 0
-8.80595531856737668e-01 -4.73868662472999191e-01 0
-8.58448793601865767e-01 -5.12899277405906795e-01 0
-8.34573253721302200e-01 -5.50896981452103196e-01 0
-8.09016994374947007e-01 -5.87785252292473692e-01 0
-7.81831482468029360e-01 -6.23489801858734149e-01 0
-7.53071466003610412e-01 -6.57938725939713143e-01 0
-7.22794863827390999e-01 -6.91062648986865202e-01 0
-6.91062648986864203e-01 -7.22794863827391998e-01 0
-6.57938725939712254e-01 -7.53071466003611301e-01 0
-6.23489801858733150e-01 -7.81831482468030026e-01 0
-5.87785252292472915e-01 -8.09016994374947562e-01 0
-5.50896981452102308e-01 -8.34573253721302755e-01 0
-5.12899277405906018e-01 -8.58448793601866211e-01 0
-4.73868662472998525e-01 -8.80595531856738112e-01 0
-4.33883739117558009e-01 -9.00968867902419257e-01 0
-3.93025031653923385e-01 -9.19527772551450684e-01 0
-3.51374824081342518e-01 -9.36234870639737315e-01 0
-3.09016994374947285e-01 -9.51056516295153642e-01 0
-2.66036845566674673e-01 -9.63962860695853352e-01 0
-2.22520933956314199e-01 -9.74927912181823619e-01 0
-1.78556894798636290e-01 -9.83929588598629778e-01 0
-1.34233265817655101e-01 -9.90949761767934811e-01 0
-8.96393089034333429e-02 -9.95974293995239068e-01 0
-4.48648303505147575e-02 -9.98993066541314700e-01 0
4.48648303505148616e-02 -9.98993066541314700e-01 0
8.96393089034334400e-02 -9.95974293995239068e-01 0
1.34233265817655600e-01 -9.90949761767934700e-01 0
1.78556894798636789e-01 -9.83929588598629667e-01 0
2.22520933956314587e-01 -9.74927912181823619e-01 0
2.66036845566675173e-01 -9.63962860695853241e-01 0
3.09016994374947618e-01 -9.51056516295153531e-01 0
3.51374824081342907e-01 -9.36234870639737204e-01 0
3.93025031653923773e-01 -9.19527772551450573e-01 0
4.33883739117558120e-01 -9.00968867902419146e-01 0
4.73868662472998581e-01 -8.80595531856738001e-01 0
5.12899277405906129e-01 -8.58448793601866211e-01 0
5.50896981452102419e-01 -8.34573253721302755e-01 0
5.87785252292473026e-01 -8.09016994374947451e-01 0
6.23489801858733483e-01 -7.81831482468029915e-01 0
6.57938725939712588e-01 -7.53071466003610968e-01 0
6.91062648986864647e-01 -7.22794863827391554e-01 0
7.22794863827391443e-01 -6.91062648986864758e-01 0
7.53071466003610857e-01 -6.57938725939712699e-01 0
7.81831482468029693e-01 -6.23489801858733594e-01 0
8.09016994374947340e-01 -5.87785252292473248e-01 0
8.34573253721302644e-01 -5.50896981452102641e-01 0
8.58448793601866100e-01 -5.12899277405906240e-01 0
8.80595531856738001e-01 -4.73868662472998692e-01 0
9.00968867902419035e-01 -4.33883739117558176e-01 0
9.19527772551450573e-01 -3.93025031653923718e-01 0
9.36234870639737204e-01 -3.51374824081342796e-01 0
9.51056516295153420e-01 -3.09016994374948006e-01 0
9.63962860695853130e-01 -2.66036845566675617e-01 0
9.74927912181823619e-01 -2.22520933956314504e-01 0
9.83929588598629667e-01 -1.78556894798636789e-01 0
9.90949761767934700e-01 -1.34233265817655989e-01 0
9.95974293995239068e-01 -8.96393089034336205e-02 0
9.98993066541314589e-01 -4.48648303505150489e-02 0
1.49819318430775894e+01 7.36015114911265811e-01 0
1.49277709000829493e+01 1.47025710494340900e+00 0
1.48376476494717195e+01 2.20095711683042383e+00 0
1.47117792060484600e+01 2.92635483024192489e+00 0
1.45504687979181604e+01 3.64470269854895701e+00 0
1.43541050359831299e+01 4.35427015881693169e+00 0
1.41231609777453109e+01 5.05334780088330060e+00 0
1.38581929876693000e+01 5.74025148547634512e+00 0
1.35598393968516504e+01 6.41332640145422683e+00 0
1.32288189652253294e+01 7.07095105238996435e+00 0
1.28659291500040798e+01 7.71154116289832281e+00 0
1.24720441845381806e+01 8.33355349529403000e+00 0
1.20481129722096707e+01 8.93548956738649913e+00 0
1.15951568004410603e+01 9.51589926245467943e+00 0
1.11142668803243900e+01 1.00733843227052802e+01 0
1.06066017177982204e+01 1.06066017177982097e+01 0
1.00733843227052802e+01 1.11142668803243794e+01 0
9.51589926245468654e+00 1.15951568004410497e+01 0
8.93548956738649736e+00 1.20481129722096796e+01 0
8.33355349529403355e+00 1.24720441845381806e+01 0
7.71154116289832636e+00 1.28659291500040798e+01 0
7.07095105238996879e+00 1.32288189652253205e+01 0
6.41332640145423660e+00 1.35598393968516504e+01 0
5.74025148547635489e+00 1.38581929876693000e+01 0
5.05334780088329882e+00 1.41231609777453109e+01 0
4.35427015881693702e+00 1.43541050359831299e+01 0
3.64470269854896189e+00 1.45504687979181604e+01 0
2.92635483024193022e+00 1.47117792060484494e+01 0
2.20095711683043405e+00 1.48376476494717107e+01 0
1.47025710494340700e+00 1.49277709000829493e+01 0
7.36015114911270474e-01 1.49819318430775894e+01 0
-7.36015114911264923e-01 1.49819318430775894e+01 0
-1.47025710494340101e+00 1.49277709000829493e+01 0
-2.20095711683042916e+00 1.48376476494717107e+01 0
-2.92635483024192400e+00 1.47117792060484600e+01 0
-3.64470269854895701e+00 1.45504687979181604e+01 0
-4.35427015881693080e+00 1.43541050359831299e+01 0
-5.05334780088329438e+00 1.41231609777453109e+01 0
-5.74025148547634956e+00 1.38581929876693000e+01 0
-6.41332640145423216e+00 1.35598393968516504e+01 0
-7.07095105238996258e+00 1.32288189652253294e+01 0
-7.71154116289832281e+00 1.28659291500040798e+01 0
-8.33355349529402822e+00 1.24720441845381806e+01 0
-8.93548956738649380e+00 1.20481129722096796e+01 0
-9.51589926245468476e+00 1.15951568004410497e+01 0
-1.00733843227052802e+01 1.11142668803243900e+01 0
-1.06066017177982097e+01 1.06066017177982204e+01 0
-1.11142668803243794e+01 1.00733843227052802e+01 0
-1.15951568004410497e+01 9.51589926245468831e+00 0
-1.20481129722096796e+01 8.93548956738649913e+00 0
-1.24720441845381806e+01 8.33355349529403355e+00 0
-1.28659291500040798e+01 7.71154116289832814e+00 0
-1.32288189652253205e+01 7.07095105238996968e+00 0
-1.35598393968516504e+01 6.41332640145423838e+00 0
-1.38581929876693000e+01 5.74025148547635578e+00 0
-1.41231609777453109e+01 5.05334780088329971e+00 0
-1.43541050359831299e+01 4.35427015881693791e+00 0
-1.45504687979181604e+01 3.64470269854896278e+00 0
-1.47117792060484494e+01 2.92635483024193110e+00 0
-1.48376476494717107e+01 2.20095711683043582e+00 0
-1.49277709000829493e+01 1.47025710494340811e+00 0
-1.49819318430775894e+01 7.36015114911271362e-01 0
-1.49819318430775894e+01 -7.36015114911268364e-01 0
-1.49277709000829493e+01 -1.47025710494340500e+00 0
-1.48376476494717195e+01 -2.20095711683042117e+00 0
-1.47117792060484600e+01 -2.92635483024191601e+00 0
-1.45504687979181604e+01 -3.64470269854894902e+00 0
-1.43541050359831406e+01 -4.35427015881692459e+00 0
-1.41231609777453198e+01 -5.05334780088328994e+00 0
-1.38581929876693106e+01 -5.74025148547633357e+00 0
-1.35598393968516593e+01 -6.41332640145421529e+00 0
-1.32288189652253294e+01 -7.07095105238994659e+00 0
-1.28659291500040904e+01 -7.71154116289830860e+00 0
-1.24720441845381895e+01 -8.33355349529401401e+00 0
-1.20481129722096902e+01 -8.93548956738647959e+00 0
-1.15951568004410692e+01 -9.51589926245466167e+00 0
-1.11142668803244007e+01 -1.00733843227052606e+01 0
-1.06066017177982292e+01 -1.06066017177981902e+01 0
-1.00733843227052997e+01 -1.11142668803243705e+01 0
-9.51589926245470608e+00 -1.15951568004410408e+01 0
-8.93548956738652045e+00 -1.20481129722096600e+01 0
-8.33355349529405309e+00 -1.24720441845381593e+01 0
-7.71154116289834501e+00 -1.28659291500040691e+01 0
-7.07095105238998123e+00 -1.32288189652253205e+01 0
-6.41332640145424815e+00 -1.35598393968516397e+01 0
-5.74025148547636288e+00 -1.38581929876692893e+01 0
-5.05334780088331659e+00 -1.41231609777453109e+01 0
-4.35427015881695034e+00 -1.43541050359831299e+01 0
-3.64470269854896589e+00 -1.45504687979181604e+01 0
-2.92635483024193110e+00 -1.47117792060484494e+01 0
-2.20095711683043316e+00 -1.48376476494717107e+01 0
-1.47025710494341100e+00 -1.49277709000829493e+01 0
-7.36015114911271917e-01 -1.49819318430775894e+01 0
7.36015114911266810e-01 -1.49819318430775894e+01 0
1.47025710494340589e+00 -1.49277709000829493e+01 0
2.20095711683042117e+00 -1.48376476494717195e+01 0
2.92635483024191601e+00 -1.47117792060484600e+01 0
3.64470269854894902e+00 -1.45504687979181604e+01 0
4.35427015881692636e+00 -1.43541050359831406e+01 0
5.05334780088328905e+00 -1.41231609777453198e+01 0
5.74025148547633357e+00 -1.38581929876693106e+01 0
6.41332640145421617e+00 -1.35598393968516593e+01 0
7.07095105238994659e+00 -1.32288189652253294e+01 0
7.71154116289831304e+00 -1.28659291500040904e+01 0
8.33355349529401934e+00 -1.24720441845381895e+01 0
8.93548956738648315e+00 -1.20481129722096902e+01 0
9.51589926245466522e+00 -1.15951568004410692e+01 0
1.00733843227052606e+01 -1.11142668803244007e+01 0
1.06066017177981902e+01 -1.06066017177982292e+01 0
1.11142668803243705e+01 -1.00733843227052997e+01 0
1.15951568004410408e+01 -9.51589926245470252e+00 0
1.20481129722096600e+01 -8.93548956738652400e+00 0
1.24720441845381593e+01 -8.33355349529405487e+00 0
1.28659291500040691e+01 -7.71154116289834324e+00 0
1.32288189652253205e+01 -7.07095105238997856e+00 0
1.35598393968516504e+01 -6.41332640145424282e+00 0
1.38581929876693000e+01 -5.74025148547636022e+00 0
1.41231609777453109e+01 -5.05334780088331037e+00 0
1.43541050359831299e+01 -4.35427015881694857e+00 0
1.45504687979181604e+01 -3.64470269854896678e+00 0
1.47117792060484600e+01 -2.92635483024192888e+00 0
1.48376476494717107e+01 -2.20095711683043405e+00 0
1.49277709000829493e+01 -1.47025710494341211e+00 0
1.49819318430775894e+01 -7.36015114911276136e-01 0
6.95992333139394059e+00 3.94919733033464082e+00 0
7.31273194779731206e+00 -2.91298718059892403e+00 0
1.25274946758735695e+00 7.80420468976953075e+00 0
-5.27686250691802261e+00 5.77311768976647599e+00 0
-7.75249218821901831e+00 -5.07551559721533319e-01 0
2.23453371432918102e+00 -7.48521029206355593e+00 0
-4.41975825685555357e+00 -6.26256145012739918e+00 0
3.39947763043111806e+00 -3.70242270506230398e+00 0
4.55556122379384920e+00 -3.00136783444877986e-01 0
3.39050360925718097e+00 3.14411873854530199e+00 0
2.92023464491997398e-01 4.33129629618630307e+00 0
-2.67177104416772515e+00 3.19077782822566292e+00 0
-4.34638264702773025e+00 2.93040612278255008e-01 0
-3.29652243979482495e+00 -3.05532492056486404e+00 0
-1.19187233649830998e-01 -4.51575709288610661e+00 0
1.35595235245471901e+00 2.65697526503727399e+00 0
2.69925641421259899e+00 1.21341613948292304e+00 0
2.72719327164748604e+00 -5.58395266399768775e-01 0
1.84593520794332111e+00 -2.21450038230312218e+00 0
1.53882769823752791e-01 -2.70512455814064889e+00 0
-2.82636437458602119e-01 2.63180863657929009e+00 0
-1.58022609359794997e+00 1.90759824424371294e+00 0
-2.48513842216468417e+00 6.39667135845249812e-01 0
-2.51662921616573909e+00 -1.15057846000562503e+00 0
-1.22711079109196097e+00 -2.20180316109243090e+00 0
1.51960531745764205e+00 1.51960531745764094e+00 0
5.80946458547871969e-01 1.94169659963571006e+00 0
1.76233665534452100e+00 -1.09928569934196996e+00 0
1.01849270714471896e+00 -1.61690740386233900e+00 0
1.82351128042998889e+00 6.38074193945476376e-01 0
-1.96743538298863796e+00 -2.21277530487949486e-01 0
1.82988181028837005e+00 -2.01099367245877791e-01 0
2.08361089687929213e-01 -1.83484571707498501e+00 0
-1.59684558220614803e+00 1.01680344935525402e+00 0
-6.99347105127144042e-01 1.76603642267561400e+00 0
-1.58278673955533100e+00 -9.97263936753512104e-01 0
-2.19485698885546299e+00 6.36555764466619234e+00 0
5.89341372071392744e+00 -6.51181486129720444e+00 0
-5.04867010930657778e-01 -1.64938625476470890e+00 0
-3.75609782578257834e-02 1.67356333509558697e+00 0
-5.54804424832515242e+00 2.88467532565326490e+00 0
8.01791939560837896e+00 5.51122906982477123e-01 0
4.50917026407881227e+00 6.46860121983162362e+00 0
-1.04166124546532002e+00 1.24035973282116907e+00 0
-1.56652928986423201e+00 3.94730885370034090e-01 0
8.85948540300502740e-01 1.36745584631642791e+00 0
1.25493306086055290e+00 9.50995558209609237e-01 0
-1.00146640954130692e+01 3.34836871922019519e+00 0
1.16264014607350807e+00 -1.06503192727080309e+00 0
-3.68542480442213094e+00 1.80978199533377704e+00 0
-1.23464182868181394e+00 -7.85648005069664457e+00 0
-6.61079447905826356e+00 -3.80900221793217097e+00 0
4.56881763602599733e+00 1.60013275166075308e+00 0
-9.71834899664863139e-01 -1.27637572042468395e+00 0
3.49139416741803599e+00 -2.04087686322754713e+00 0
2.03478031991718789e+00 4.27444187344694715e+00 0
-1.25330688689353598e+00 3.88853352105407390e+00 0
-2.01074570684669096e+00 1.06057451669028193e+01 0
1.35220206167112300e+00 -6.14199290349893179e-01 0
1.51102591055074198e+00 2.35901356966324000e-01 0
1.45414091703088411e+00 -3.84174335525250799e+00 0
5.60040801306577185e-01 -1.39123705687437793e+00 0
3.58648448698915823e-01 1.42333250443410009e+00 0
-1.47822325155389911e+00 -4.43890003051939874e-01 0
-4.26924915043088671e+00 -1.51877213459384408e+00 0
-1.18673570901608105e+00 8.22172600240292040e-01 0
-6.03356234732732255e-01 1.31572671821803810e+00 0
4.17914794894726782e+00 1.03164401716193908e+01 0
-1.07281574642313799e+01 -3.34412320399622320e+00 0
8.16330652115769340e+00 7.60402549881292256e+00 0
1.10138806367764204e+01 -1.85057957838905396e+00 0
1.06943499171671004e+01 3.23290896045176801e+00 0
8.21043464312247506e-01 -1.12731325520742196e+01 0
-2.32316462780100297e+00 1.46862741674631891e+00 0
2.31495501928639902e+00 2.21029274699072698e+00 0
1.39737599388322198e+00 -1.57446461376662600e-01 0
4.89506539669411289e+00 -1.00874483969989193e+01 0
1.52400703007454702e-01 -1.39306031223424198e+00 0
-8.20483942581183534e+00 -7.48499907849065060e+00 0
9.61073549649703018e+00 -5.89283838733303966e+00 0
5.45430891553795494e+00 -2.05399769631423101e+00 0
-1.19895125514364609e+00 -7.53351004372046607e-01 0
-1.40617262938312892e+00 -3.56786891019242672e-02 0
-5.70319216479942082e+00 9.65288762496183494e+00 0
-4.23427901272874507e+00 -1.02997322922058192e+01 0
-1.11254494313399306e+01 1.03582143772076696e-01 0
-2.98300592130690712e+00 -2.28704218228602096e-01 0
-8.94454568515972781e+00 6.88762645166221965e+00 0
-2.14732233773300807e-01 -1.35576596623573797e+00 0
2.51320959448245196e+00 2.26670562695719002e-01 0
-1.68343770928637504e+00 -3.92550392993328900e+00 0
3.63841909060339219e+00 5.52952999252926847e-01 0
-1.05817008218306796e+00 2.46772345372974300e+00 0
-6.29710761580818712e+00 9.75126896721478342e-01 0
2.52145017275435013e+00 -5.52437541533432963e+00 0
1.25206962810058098e+00 5.80609377024975504e-01 0
1.23043661084461098e+00 5.91083645047498063e+00 0
-5.66788571105371397e-01 -1.24812695748856206e+00 0
5.49855446758220356e+00 -4.33206626010681717e+00 0
-7.60309654693641956e+00 4.55694487197515663e+00 0
1.12398818686879398e+00 1.09159994599758807e+01 0
5.26727395608414972e-01 2.77460586383703811e+00 0
7.70207142082407148e-01 -1.11172802229273193e+00 0
-2.74774454342135821e-01 1.30083333575308902e+00 0
5.23839523162257859e+00 3.29507137306491815e+00 0
-1.23398884724169799e+00 4.94988474542221113e-01 0
-3.52463979475007205e+00 4.90640595825712023e+00 0
1.01655621165334309e+00 -2.48294195857571820e+00 0
-5.74691877152814978e+00 -5.90907426495177912e-01 0
-8.50424720547435120e-01 5.44782378683590807e+00 0
6.16157239891340591e+00 6.42287550367062199e-01 0
2.62766891960647397e+00 -1.51180042858252395e+00 0
8.62238137641811342e-01 1.03279412861586994e+00 0
1.07342690194039903e+00 3.65307085185420899e+00 0
-1.89490158317123392e+00 2.75490212447809979e+00 0
3.74901744673781989e+00 4.84808243436377229e+00 0
3.44250157184326430e-02 1.28732706646135497e+00 0
7.79656835215031374e-01 -6.28426647581020603e+00 0
-9.28996022756592210e-01 -9.24046354060178654e-01 0
5.89540509955516434e-01 1.15703839825955890e+00 0
-4.11925629129201010e+00 3.20379019042280300e+00 0
-4.02223312493473362e+00 7.84351433808119758e+00 0
-1.57773709944111507e+00 -5.88822072175422129e+00 0
-1.04680588670796193e+00 8.40406108851420619e+00 0
3.35932309022344322e+00 2.03214208903340898e+00 0
-8.45230132608197593e+00 1.63358636026045789e+00 0
-7.35493553664886668e-01 1.06494382607142102e+00 0
-6.30686445901183258e-03 3.46538241692070592e+00 0
7.82286881330804373e+00 -8.93532090282245406e+00 0
-3.44991514476387806e+00 5.83950920056500511e-01 0
1.07064989758852103e+00 -7.44563076425913239e-01 0
-5.04139308445209888e+00 1.53740856584921293e+00 0
7.01060293950771474e+00 -1.01484927842609807e+00 0
2.19496659724350396e+00 3.24861059606495894e+00 0
3.74133461689160596e+00 -9.58901328455800006e-01 0
-2.33781530295763496e+00 -2.28353463873509499e+00 0
-2.67562917904654807e+00 2.30081998106356922e+00 0
7.44117362539115490e+00 -5.03372767895333428e+00 0
1.06514554499474196e-01 2.23635620845117788e+00 0
-2.40226130550971018e+00 4.48514479910221731e+00 0
-3.32576606203248915e+00 -4.84973633578532759e+00 0
1.10632929083892195e+00 1.85277752507859206e+00 0
-5.05743039516691439e+00 -3.07371279583636614e+00 0
9.14132717194200772e+00 5.25647775206834744e+00 0
-8.24612872644902128e-01 -3.25139521043449298e+00 0
2.73106034763128314e+00 -2.79901781053006804e+00 0
1.06177925465523995e+01 7.57125850881880780e-01 0
1.22113777106527710e+00 -3.69088202550092725e-01 0
4.46169345112541738e+00 -2.97784727031261420e+00 0
4.03050491059837235e+00 -6.77267703638685603e+00 0
4.13256032802871243e+00 -5.05361798216188074e+00 0
-1.18688769207684497e+00 -4.71826321904127599e-01 0
6.58650014828214658e+00 2.28952534928484797e+00 0
2.04227747964197093e+00 1.23965125390984898e+00 0
5.47010626648201992e+00 5.03179288169090189e+00 0
-9.03066362813272766e-02 6.88117856086343505e+00 0
1.02290153497667102e+00 7.77330491035815307e-01 0
-1.26332765337158204e+00 1.93068960956879088e-01 0
-2.70386253909233487e-01 -2.27747290299865890e+00 0
-8.35739345068965411e-01 3.21908481688727122e+00 0
1.22504936812503895e+00 3.08685464632395823e-01 0
8.70971081685833504e+00 2.73118861100234378e+00 0
-1.67379854284730789e+00 -1.05035265901571595e+01 0
1.59605829780748110e+00 -1.66989904289226510e+00 0
-9.20890218874720334e-01 8.50052378125292885e-01 0
5.74747840091631002e+00 8.59631393370390207e+00 0
2.76759984548007010e+00 6.87502009458786656e+00 0
5.17806626318286778e-01 -1.14221808745657194e+00 0
-1.18397190876124703e+00 1.70171271799639201e+00 0
2.16193671687444411e+00 -6.52999435617022894e-01 0
9.04716736576506442e+00 -1.66896219257791589e+00 0
1.68009410666150005e+00 2.12554068117992401e+00 0
-1.98276606619019491e+00 6.76252765421230029e-01 0
-2.97991369680949214e+00 1.15097933861046098e+00 0
-8.48969460817499133e+00 -2.58638949738945678e+00 0
-8.73538660425455760e+00 -5.00939953844588182e+00 0
-3.42394680395495421e-01 2.04607847562518286e+00 0
6.41022015232796560e-01 -8.94738782633606355e+00 0
2.70803465307545421e+00 -9.63710312586664486e+00 0
8.75526851571739262e-01 -8.74799359895705231e-01 0
-6.63053804578579875e+00 7.57888419284980497e+00 0
9.28962146976211045e+00 -3.78544859701925906e+00 0
-1.52132865522003602e+00 -1.64430005537655211e+00 0
2.48110413823608211e-01 1.21192967617870595e+00 0
-1.03616754072173389e+00 6.51067217413193511e-01 0
1.91867506880453509e+00 2.09782838865786303e-01 0
6.31842671476694706e-01 -1.81252243059726004e+00 0
-5.91569123060308844e+00 -8.33516011097937515e+00 0
-3.30683929543560895e+00 -1.84094134360242290e+00 0
-5.12594589850937599e+00 4.35897882285490290e+00 0
2.92573093889079106e+00 8.82908883420411428e+00 0
1.21626679343505706e+00 8.16523075001841375e-02 0
2.97812970698060286e-01 -1.18383917411240303e+00 0
3.21349803757514296e+00 -2.43246117303551404e-02 0
7.24306856964388235e+00 5.90862850569226072e+00 0
1.67587798771639296e+00 -2.97933346374880292e+00 0
-6.86375392965912656e+00 -2.03822253080364213e+00 0
2.34801828508477284e+00 7.39467382685312979e-01 0
-1.20344487539517297e+00 -2.46406416728863903e-01 0
3.00254241500508012e+00 6.53438161667027284e-01 0
-7.01787342892898125e-01 -1.02721368586977091e+00 0
-7.11959872176906039e+00 2.42092723161015400e+00 0
-3.91041400288430907e+00 -5.89014863411244538e-01 0
4.50024801711809541e+00 -1.70924325620632711e+00 0
-6.57421232499754638e+00 -5.98637097900073556e+00 0
3.50080881344118700e+00 1.28226196696216199e+00 0
-1.42340586866416996e+00 1.36059109948626711e+00 0
-4.07989222480974523e-01 1.59415967281520699e+00 0
-4.53728433601157000e-01 1.13305266238328906e+00 0
-3.37511225621717692e+00 -8.26852473266312948e+00 0
-1.10412999774530292e+01 5.74760587960779912e+00 0
2.50156206113847190e+00 5.54912801369728115e+00 0
4.18372584902100542e+00 2.56262415960386081e+00 0
-1.98342660458341302e+00 2.26807231009063193e-01 0
5.73703144762086659e+00 -8.35433493662940063e-01 0
8.06917825308342662e-01 -3.33821196245619678e+00 0
-4.25512379627159021e+00 1.17528483895413292e+01 0
1.17523082895695001e+01 -4.24435119913072256e+00 0
9.19276390341333571e-01 2.35895943475248293e+00 0
-8.17548195814620904e+00 9.51688404959654299e+00 0
-5.00935204781770960e+00 -4.72628904759022905e+00 0
1.18730743093103208e+00 4.57352758895631428e+00 0
3.45259486223216694e+00 -1.21720282315521402e+01 0
-1.47640056097378602e+00 7.01104524423330822e-01 0
-1.86173269846416090e+00 -6.48716181383810264e-01 0
-2.43421788095114922e+00 -5.67740883834367716e-01 0
-1.94905295513474602e-02 -3.59480975145892279e+00 0
-1.22825802246473899e+01 2.31303879461076178e+00 0
-4.13034206540051940e+00 1.18340538429055808e+00 0
-1.93702338365422100e+00 3.55694109073732001e+00 0
-1.12144326283413207e+01 -5.80016986491624742e+00 0
2.35139678910482797e+00 -3.64631848337379694e+00 0
4.62831243889047439e+00 6.30878783810236432e-01 0
1.67262016487403797e+00 1.04876377367766604e+00 0
2.57852561932596924e-01 5.42584273779498361e+00 0
-2.47539203269073083e+00 -5.37897751373460631e-02 0
-2.75177370669758385e-02 -1.22607764643340511e+00 0
-1.87542390198352193e+00 1.37775120277511798e+00 0
1.35441597896304700e+00 -5.12517572515746789e+00 0
5.23775591322335643e+00 -8.30722993073079152e+00 0
-9.58485612057245362e+00 -1.02300341747756596e+00 0
2.11945492196257401e+00 -1.51134539180411198e+00 0
-3.63914367867040101e+00 6.41992554893987766e+00 0
-5.50259654637433293e+00 -1.89539396116669989e+00 0
7.69865691766855598e+00 1.01448624554444802e+01 0
-4.81653850630825719e-01 4.13799876171191361e+00 0
-6.17122909713366807e-01 1.25936922743256599e+01 0
7.85322876975529471e+00 -6.89093542153398975e+00 0
2.32004142315325090e+00 -2.22807876331903493e-01 0
-3.40078495002808978e+00 3.95951392215328601e+00 0
1.23501725799438300e+00 -2.05251909008990019e+00 0
-2.16261379639263485e+00 2.02913041640832903e+00 0
-7.83866804343177481e+00 -9.81201887936116890e+00 0
1.78417494207120697e+00 -5.94587899404659947e-01 0
1.97752025420529809e+00 1.73300070849406396e+00 0
2.86929118121106308e+00 3.84331786321832203e+00 0
4.21168442603793880e-01 -2.28859709027588210e+00 0
-3.51978482807660198e-01 -1.17214348995390405e+00 0
-3.39697434244453600e+00 2.75284576502223999e+00 0
1.07082669135488007e+00 -5.47421409710426854e-01 0
4.26646896224623617e+00 3.79095666082805494e+00 0
-1.71968295918413694e+00 -2.93896236183199422e+00 0
1.04483311735275297e+01 7.15149228902847600e+00 0
-1.24736841146097905e+01 -1.86676572399850205e+00 0
1.26989837108471999e+01 -2.61956090559175514e-01 0
-3.23352279845772106e+00 -9.51727427894807465e-01 0
-9.95078521256742565e-01 -6.92625219545827675e-01 0
2.48729629739537383e+00 -2.19807630604650095e+00 0
-3.76504209733355122e+00 9.77210415330561588e+00 0
3.07854204648565899e+00 1.21967504372847397e+01 0
1.24452215398625707e+01 1.91710847380295801e+00 0
4.01263986225607217e-01 9.34672712518722193e+00 0
2.71866863733399022e-01 1.76350049247917395e+00 0
-9.31153778944182831e-01 -1.25748854818812994e+01 0
-2.98223919433677809e+00 -1.22843539960098393e+01 0
1.22226299858697307e+00 1.31375093227347906e+00 0
1.31986155400708105e+00 -1.38453041770348695e+00 0
1.03312341819246600e+00 5.90468461675467959e-01 0
1.18777466548149802e+00 -1.38002583577286508e-01 0
-2.42462902178036588e+00 7.87167185490076626e+00 0
-8.43363161232768554e-01 1.48986205526475302e+00 0
-5.36487862994376741e+00 5.29409203649278792e-01 0
9.67676678747909058e+00 -7.97935265334707644e+00 0
1.46845687895870491e+00 -9.38683639946479742e-01 0
-7.24950657598725012e-01 2.18213562865012589e+00 0
-1.20695936127130610e+00 -2.70886517265878785e-02 0
-4.48972915805112383e+00 2.31766659783190621e+00 0
-2.00285718963418002e+00 -1.37359018329030902e+00 0
6.22695444233758222e-01 1.59991964520868790e+00 0
-2.93210771130621284e+00 3.05407912188724207e-01 0
3.59966977630085294e+00 -8.27776845882758572e+00 0
-6.10565407851756392e-02 -1.62971679099340094e+00 0
-1.53241296495179791e+00 4.81269575759809598e+00 0
8.40531334890538218e-01 8.43088943214761910e-01 0
6.68607251772676547e-01 9.78127010355346993e-01 0
-1.33659136874968310e+00 2.94471845969207502e+00 0
4.40295561478859021e+00 -3.99984190325730804e+00 0
-4.88669149238096434e+00 -5.40943900193386562e-01 0
-1.23871031999522896e+00 -1.06916846000269605e+00 0
9.99395515983156679e-01 -1.31389805571983098e+00 0
-6.83555046345888773e+00 5.90137187848221867e+00 0
-6.39615631728745360e+00 3.95766529808693690e+00 0
2.82099032414534712e+00 -4.50803031605109528e+00 0
1.10258761768648696e+01 5.26999211523788613e+00 0
-9.94726052162717367e-01 -1.77524230904522407e+00 0
3.07163685419019084e+00 -1.07711662055588309e+00 0
6.10037098525390320e+00 -3.21890864488616302e+00 0
3.56719193444620108e+00 -2.86089757868850914e+00 0
1.51326299649531992e+00 7.69770341011180137e-01 0
-2.87741069082008316e+00 1.74208766895334199e+00 0
-1.28534267380277401e-01 1.17518016732044894e+00 0
6.24671557866328886e-01 -9.96969051850285282e-01 0
5.46827777730632558e+00 2.25052174426883500e+00 0
1.90967801110718494e+00 2.62768701382201719e+00 0
-3.05173145307237825e-01 -5.70264221435753882e+00 0
-1.13310832250561000e+00 3.40256761762114002e-01 0
-1.56267399933004603e+00 2.39693802266286804e+00 0
-1.29506925221680902e+00 1.10186674520037609e+00 0
-4.01048029998337086e+00 -2.38084057813799621e+00 0
2.54458817833671214e+00 -1.01876106235613206e+00 0
-2.27047785082717990e+00 1.02333424371496995e+00 0
-8.42714129846823390e+00 3.19513059012890288e+00 0
-2.88241543303892822e+00 -6.16802794325885184e+00 0
3.85040623896989176e-01 1.10145953745577696e+00 0
2.74642315488295896e+00 2.79261415374522803e+00 0
-9.42441465845860904e+00 5.04095468920986889e+00 0
4.35674672774097616e+00 8.07041316212091075e+00 0
-4.08247151980368717e+00 -3.84820934650390578e+00 0
6.89857877803692343e+00 -1.07999080499284794e+01 0
9.16154214564757097e-01 -7.54248612025093212e+00 0
5.00215494768759150e-01 2.34549584470936878e+00 0
6.01341083578702662e+00 6.96051795609470059e+00 0
-1.01917622069789804e+01 1.58551490740519108e+00 0
-1.23098652273230802e+00 2.07642939603121413e+00 0
6.07042902768388704e+00 1.13828123008168500e+01 0
1.30775363657795213e-01 -1.16066345454137010e+00 0
5.33972350078987734e+00 1.26327117707264291e-01 0
3.85011859451960303e+00 -3.17755860593449402e-01 0
5.58235357607798743e-01 3.36434496840463604e+00 0
-1.16398020331440599e+00 -4.80547704399554743e+00 0
2.79501936558561281e+00 1.83052761767866401e+00 0
1.55311280655686001e+00 -4.03459518229582703e-01 0
1.54144995698400500e+00 3.24170843818886212e+00 0
-7.57553596276320107e+00 7.89486297382009039e-01 0
-8.79860186220538765e+00 2.64373566539195304e-01 0
6.94006632998462464e-02 2.98581388959387395e+00 0
-2.66343829155938305e+00 5.43147720046188187e+00 0
-6.18695812716157878e+00 -1.12406524590173298e+01 0
-5.74525004017813368e-01 1.01252220273174909e+00 0
-7.38953879201525443e-01 8.99111760337718002e-01 0
5.40555654023625287e+00 1.14355872064608999e+00 0
9.78886679576044805e-01 3.02329088159639792e+00 0
-1.16172610152670594e-01 -6.95806699374464444e+00 0
3.29772652408895217e+00 -5.69271036172514955e-01 0
-1.03175756991890797e+01 -7.69013156978671741e+00 0
-1.70019390845984697e+00 9.39571963176154407e-02 0
-5.38430810063169396e-01 -1.04591197719865292e+00 0
-2.82861707980704924e-01 1.12256518796954907e+00 0
-6.00280949368699890e+00 1.97887552753520990e+00 0
1.07498587169221094e+00 4.30095127845265601e-01 0
-3.57557477025637915e+00 -1.05644173003170798e-02 0
-1.05548800978704804e+00 4.68082038842356107e-01 0
-1.81286424926272699e-01 -1.15578323956448603e+00 0
-2.80513748150753583e+00 -3.94010046522123103e+00 0
-2.21518582522033514e+00 -4.85128556703551972e+00 0
-1.28771996603298211e+00 7.16084174373169091e+00 0
-6.73941878654482540e+00 -5.65871013313018478e-02 0
1.50452195538898703e+00 5.03375620177367700e-01 0
9.30179228237549616e+00 -1.65691094620109891e-01 0
-7.70230439130782818e-01 -2.63387797274660418e+00 0
3.57203915774278791e-01 -1.58854176245781198e+00 0
-5.30130084576051264e+00 7.19398427103677918e+00 0
1.92656332760649707e+00 -6.37214889050504762e+00 0
-2.54046990353925695e-01 4.86503849212924688e+00 0
1.63455699918014896e+00 -7.58206382927643138e-03 0
6.33841366634026238e-01 -4.11366036359592702e+00 0
-1.65611887826652993e+00 -1.89068213772572991e-01 0
6.61243456046441214e+00 -2.07537776336587410e+00 0
-2.55336638888332601e+00 1.24059608742749905e+01 0
2.17514025022738400e+00 -2.63486296745713400e+00 0
-1.07721588694019310e+00 1.02049914618640902e+00 0
2.80778407637960292e+00 4.70355297000913009e+00 0
9.18664316948694193e+00 1.32146221460147695e+00 0
1.62523253567427695e+00 -1.29389864572280597e+01 0
3.54416360638655803e+00 5.97078738837955036e+00 0
-1.23210761994254394e+01 -4.03325396296871030e+00 0
7.11809955987065379e+00 1.28779726437700992e+00 0
5.28435764366862237e+00 -5.46848956481476023e+00 0
-6.21149303289339727e+00 1.14759340043878808e+01 0
-8.15311059519318926e-01 1.26837955558589899e+00 0
-7.16293613553033337e-01 2.77857090016610986e+00 0
-3.83372640241823104e-01 3.08571484441498400e+00 0
-1.02422803005363394e+00 -5.29875590742785785e-01 0
-1.83542580400128696e+00 -2.07606244184447997e+00 0
-6.51550567032234240e-01 -2.05163792914230481e+00 0
8.34589062802304227e+00 4.03547092140996444e+00 0
9.22574011746131073e-01 -6.98697042458366169e-01 0
7.76138940984246783e+00 -1.88654084918299203e+00 0
1.28564929163141706e+01 -2.46445470372848696e+00 0
-9.90365792342403850e+00 8.51394247438172691e+00 0
1.34659628917466107e-01 1.51654151472790599e+00 0
4.95262860839625141e+00 -1.02766662165494993e+00 0
1.14228299323379705e+01 -6.25541611278326570e+00 0
9.41150630968554935e+00 9.03407476322042058e+00 0
1.21085761527644209e+00 1.28563002863498692e+01 0
4.08089392679219376e+00 1.05586076176281396e+00 0
-1.30185336376722596e+01 4.11387810241108820e-01 0
8.21175725489037139e-02 8.07706291181433400e+00 0
-2.52838080967349521e+00 -3.05566149491153283e+00 0
5.38524013517562761e+00 -1.18669457535174701e+01 0
1.24834499266943109e+01 3.77189716735981184e+00 0
-1.14264255655291400e-01 1.46466815427606600e+00 0
2.98034230694997682e+00 -6.50748170940449100e+00 0
2.73138900651315497e+00 -1.38522328890790303e-01 0
-1.16174918550943094e+01 3.96829893479854112e+00 0
2.59358829945655911e+00 1.04144005407493196e+01 0
-2.46046358258369802e+00 -1.70730278805025693e+00 0
-7.82497031011593958e-01 -8.54353973854564019e-01 0
1.46469378909378189e+00 -2.45148652330015215e+00 0
2.15231510183084307e+00 -1.06847774373425408e+00 0
1.81175659588136795e+00 5.08083158412944602e+00 0
-1.48077059867626204e+00 -7.26933365547603905e-01 0
6.60967684138568412e+00 -7.80951751905572511e+00 0
2.37941991300762279e+00 1.52411191990102601e+00 0
-2.18868304397636892e+00 9.19440058826529771e+00 0
-4.33012526189723912e-01 1.06213806792819003e+01 0
-4.22486852549962943e+00 4.07802231528679560e+00 0
6.96113093457682713e-02 1.15469077493212602e+00 0
-7.40692342961164041e-01 -1.50593459000249208e+00 0
-8.34447993101348651e-01 -9.21650233753088344e+00 0
2.05453203417499708e+00 -4.38533827440406210e+00 0
-4.50365810107651665e+00 5.09351754729697426e+00 0
2.15618198292757590e+00 4.84263003337672193e-01 0
1.28122520936162299e+00 2.20196844858176810e+00 0
6.61636655829128184e+00 -4.18092892545715866e+00 0
-1.93060061460061405e+00 1.01211664984592198e+00 0
1.69529359504579102e+00 6.91316860056600824e+00 0
-3.58730700630542820e+00 1.11408539432461295e+00 0
-7.03183646542788310e-01 -4.03003422118286370e+00 0
-5.96060291816325094e+00 4.94189974822032330e+00 0
-9.60686256911282621e-01 1.91477700603466805e+00 0
8.22879348463644611e+00 -6.18412590184278410e-01 0
5.86504186981632980e-01 1.38644383339620103e+00 0
1.62635124682183996e+00 9.02007297157027033e+00 0
5.90424005392861773e+00 4.08758179577078096e+00 0
7.52731907553766622e+00 2.95796988254548987e+00 0
5.21325910626111999e-01 1.02315970898684605e+00 0
1.97027085513281103e-01 2.58811861579527713e+00 0
9.57608945102493836e-01 -1.96156356470996096e+00 0
7.97097625312848002e-01 -1.48358227787987396e+00 0
8.52532025941239979e+00 -2.79179071717784710e+00 0
6.02787558740284571e-02 1.95158852952216599e+00 0
-3.19884051524726720e+00 2.17778149901542184e+00 0
3.92921513983861814e+00 1.71597548642047992e+00 0
6.35689081976999137e+00 -9.35737303436230583e+00 0
7.08877290223832990e+00 6.27640086199706959e-02 0
4.75671575800504176e-01 -5.29528513285371805e+00 0
1.09628290166093589e+00 1.55758670276524192e+00 0
7.34919378055688854e-01 -8.80308007303240214e-01 0
-2.76442087755168209e-01 -1.91585817355318699e+00 0
1.42713703724661189e+00 3.97352005481421619e-02 0
1.08319508909813500e+00 1.12080522841911989e+00 0
-1.92364602092425896e+00 1.74578780047552895e+00 0
-4.75324302936902043e+00 8.52406064820919518e-01 0
-2.41262723956744995e+00 2.76631971508672114e+00 0
-6.09687875248964595e+00 -2.81187574859809697e+00 0
9.08714431109197474e-01 6.91896895129893608e-01 0
-9.11800135886995600e-01 6.75353737771710372e-01 0
-2.92765812434314987e-01 -2.77010979269491608e+00 0
3.59810392958932024e-01 -1.38075171491371296e+00 0
6.16587666406724644e+00 3.13298601280095301e+00 0
-2.14227074568081699e+00 -8.90720197111217260e+00 0
9.63632656556811407e-01 -1.05540597457675189e+00 0
1.88064255050214402e+00 -8.72578884692908296e+00 0
-8.00058980031269229e+00 -3.85879948585157617e+00 0
-2.52453096069069405e+00 3.81049164820673214e+00 0
1.26573665323126194e+00 -8.55345643649441434e-01 0
-2.07699028470724212e+00 -6.93380495039405975e+00 0
1.64256434801647400e+00 3.85573353249376982e+00 0
-4.97689507549439192e-01 3.56546619100095397e+00 0
-1.07867510625738405e+00 -3.77444744291318579e-01 0
8.04978809565498210e+00 -3.94116909145139305e+00 0
1.07564654898184808e+00 -3.75010425115738288e-01 0
1.95391674796343007e+00 9.26086843548502459e-01 0
-1.72626149035401300e+00 6.07031951414019999e-01 0
-1.13561982628262492e+00 1.27953624436116409e-01 0
-1.68066086946338999e+00 5.65600609237669438e+00 0
-8.19605368195123241e+00 5.79669932351561101e+00 0
1.29232980582912504e+00 -1.71012215998970896e+00 0
3.19963015101491610e+00 -1.58961471888131101e+00 0
4.13238745422984177e+00 -2.31401887760252700e+00 0
-6.34744772930316392e-01 1.53302691009447600e+00 0
1.71068108476436498e+00 3.60629411524476418e-01 0
1.12565482993961608e+00 1.72056043255539498e-01 0
-6.72314578077413305e+00 -1.08256807289805601e+00 0
6.22680160653728332e-01 -2.70900713138028193e+00 0
4.20247698822545157e+00 1.97924538148012391e-01 0
3.75920249324743105e-01 -1.07745325807724690e+00 0
6.57408979688560002e+00 4.96199293487989923e+00 0
1.43100395342649400e+00 1.14957814259829405e+00 0
-1.82167378907295507e+00 4.16031540730197502e+00 0
-2.89803946450646999e+00 7.39562805251497979e-01 0
-1.06039798649697503e+00 6.32101134079907201e+00 0
-2.76362131378087794e-01 6.05737388599037363e+00 0
-4.39713583097247396e-01 2.34501251519134390e+00 0
5.19834941641425008e+00 -3.44704834168500085e+00 0
-1.09186884133765094e+01 -1.73557306780315201e+00 0
-2.56349077929841518e-01 1.80215013488097209e+00 0
-1.64889056059292693e+00 1.57381470829325898e+00 0
6.35325267887679956e+00 -5.34155088582377857e+00 0
-1.47569002198864996e+00 1.82300156678440600e-01 0
-1.40255832171817096e+00 8.94264620009575406e-01 0
5.05562630838203031e+00 4.17493659407447026e+00 0
5.98247391410017482e-01 3.89183252883920616e+00 0
8.70866279846835151e-02 -2.17798165449483605e+00 0
-1.41038888245909599e+00 -2.49150421885388995e-01 0
4.45719898522153368e+00 1.18663246377572804e+01 0
-9.08781051877237678e-01 4.63878952956531965e+00 0
4.52512431717546981e+00 5.47609936474054759e+00 0
3.31073862524365714e-01 2.04071398279702887e+00 0
7.72300900345795127e-01 6.81199821278139606e+00 0
-2.33886333874764185e+00 3.40367954666663808e-01 0
2.33424213704719019e+00 7.88128316224592496e+00 0
1.92318024486419192e+00 -1.81969440817470707e+00 0
1.42955158299420693e+00 1.84036932652841401e+00 0
-4.87123680535985137e+00 3.51856875046301587e+00 0
-4.62554880942526658e+00 -7.67918226330882803e+00 0
3.89677836687840085e+00 -1.57054257045925505e+00 0
3.05862019652060502e+00 -2.33461670340732219e+00 0
-7.78836710699060575e+00 -1.67435785629296596e+00 0
1.39857472329240506e+00 -1.15362676906568695e+00 0
1.60378948057263804e+00 -1.34020001098721497e+00 0
8.29878145763730091e-01 1.80961507592062198e+00 0
-1.83860185821433997e+00 2.18480857334387313e+00 0
-2.16555395592379707e+00 2.44322830214359410e+00 0
3.63397123900200603e+00 -4.39910143537865839e+00 0
-2.18210272103528302e+00 -8.87830535447582281e-01 0
1.83041589573624508e+00 1.33601023793659701e+00 0
4.31752829661615767e+00 -1.12207280905455908e+00 0
8.16788512039600789e+00 1.69838170738641203e+00 0
-7.41015830490033789e+00 3.47908840440430200e+00 0
4.82084084958437664e+00 -2.32590332992332804e+00 0
3.47626351428599012e+00 -5.73593414200052720e+00 0
6.16105793188755069e+00 1.50081350639741595e+00 0
9.89060513487412152e+00 -2.51340465243165312e+00 0
-8.72598885369656130e-01 -7.30215199063145359e-01 0
-1.13834031940781802e-01 -8.11567767774146809e+00 0
6.16725258539355670e-01 4.89754495991000383e+00 0
-9.49640863990440920e+00 -6.33260767487560727e+00 0
-7.24210295120231340e+00 -4.88176837137509967e+00 0
-9.01513656594720270e-01 1.01657555699336410e+00 0
7.81684900803948257e-01 1.21137984464191595e+00 0
-4.29876176914859442e+00 1.68653608849952596e+00 0
-5.05539418782161132e+00 -1.27037067580722596e+00 0
-1.04677201623335403e+01 6.99349902541181656e+00 0
-3.66717140274597092e-02 -1.41760309632492110e+00 0
-5.16801355008293939e+00 8.39453628597758161e+00 0
1.92070589828930105e+00 -8.57124282496163237e-01 0
1.10583071519054199e+00 -2.24075617208356698e-01 0
1.13046153321494192e+00 -3.25911718186906868e-02 0
-1.18078715336330298e+00 1.43688258125006407e+00 0
1.48122960386381508e+00 -9.93702863799674319e+00 0
-3.25315754135626589e+00 3.36828382162420414e+00 0
-1.27956354111643300e+00 3.41355571445961603e+00 0
-1.12633544022008691e+00 -1.23428601420336403e-01 0
1.22022991499666400e+00 7.57907158906058420e-01 0
-9.41398829082387323e+00 -9.13928851361535877e+00 0
-1.30574318179162696e+00 -1.39288085150157492e+00 0
-4.28445189217643019e-01 1.40359793188381898e+00 0
-7.90839195142286666e+00 -6.06366656463382192e+00 0
6.17954805684268660e+00 -1.86415045740369295e-01 0
1.99905193602518594e+00 -4.43731322850238419e-01 0
3.63757430224272005e+00 3.73132736766899997e+00 0
2.39184075359695214e+00 -1.10484143007994593e+01 0
4.53051851205718004e-01 1.27357018953299406e+00 0
-3.04622921252508005e+00 -2.39853349491029100e+00 0
-1.37359673189560505e+00 3.59051168967724821e-01 0
-8.02424729787973590e+00 8.07709268594038221e+00 0
2.08203827950046483e+00 -4.16959980887170525e-02 0
-5.59049726933022928e+00 -6.81534334834339273e+00 0
-9.30252857757833596e+00 -3.69126701072341312e+00 0
8.75585272210366483e+00 -5.08731782057628212e+00 0
1.20170559339540706e+00 5.25914402109390178e+00 0
-8.13072920513947084e-01 7.81330204555560681e-01 0
-4.88434486938852608e+00 -1.23066391738274206e+01 0
-6.80689141105732798e+00 9.01456721676991890e+00 0
1.04468438432525303e+01 -4.77121382550609319e+00 0
5.69691236716446969e+00 1.00038856344114997e+01 0
-4.75928549326645900e+00 -2.13291745938121879e+00 0
-2.60309403529286598e+00 1.18415811852296304e+00 0
3.96534204657417622e+00 -3.42459700154536417e+00 0
1.14946551831584309e+00 -2.91690561685711991e+00 0
7.23425123835197748e-01 8.68614566357619355e-01 0
9.34002004472199232e+00 -9.57670185903189441e+00 0
4.10193296174009170e+00 3.18658502718598191e+00 0
2.79215442391967317e+00 2.31584331381908681e+00 0
3.27237821033572196e+00 2.57356503590335084e+00 0
9.73848955464417898e+00 4.06544713159414339e+00 0
-3.88723675314456818e+00 2.39497859925561984e+00 0
-1.20522079325255405e+00 6.58192199623561680e-01 0
-6.10521222138074582e-01 1.16960253881717202e+00 0
-5.24101044161918139e+00 2.20362842433717887e+00 0
5.46239475761469517e+00 6.01647654716685576e+00 0
6.58979238415185242e-01 -1.26180036991774491e+00 0
-3.26552685138877585e+00 1.51127533937394198e+00 0
-5.62999727346133660e+00 -3.90333008460931197e+00 0
-6.83553776482227082e+00 -7.32265412201687926e+00 0
-9.73364525559907889e+00 -2.29840874587041499e+00 0
8.43876166413314444e+00 6.34128160181696732e+00 0
-3.26035067068711903e+00 8.69559175368020476e+00 0
-5.80920466203799357e+00 -9.84792798143333847e+00 0
1.08594099539182998e+00 3.01235477572237786e-01 0
1.03722703215278607e+01 2.07596775843089398e+00 0
-1.05289050015198193e+00 9.61532802225350736e+00 0
1.05798600770991005e+01 -6.20400596579520514e-01 0
-2.92587698618809622e+00 2.73649372632678212e+00 0
-2.88678368222620918e+00 -6.97009950608943885e-01 0
-3.39678150112076205e+00 -4.85409901419417422e-01 0
-4.90985732664672381e-01 1.81476599178448295e+00 0
3.69120214772560296e+00 -1.06481570133489001e+01 0
-4.21461907017391890e-01 -1.37402474571188593e+00 0
-3.70344793788455817e+00 -1.35357438614099701e+00 0
-2.13964055617191917e+00 3.17815911085877589e+00 0
3.67623413092112505e+00 7.20815099274998783e+00 0
2.91535518484243106e+00 2.56165090740026025e-01 0
-1.01123332522724692e+01 -4.77541186499319892e+00 0
7.62105440649818089e+00 4.79106888930323294e+00 0
6.93600074576152359e-01 -2.12843148163376394e+00 0
5.07188223635717583e-01 -9.95412935975954816e-01 0
-2.98164089993223014e+00 -1.40249432240711003e+00 0
-6.11028136519281428e+00 -4.91955274293625688e+00 0
1.02463979503697300e+00 -9.08193600617373087e-01 0
1.53235046856064505e+00 -7.07355196634401606e-01 0
3.12726570823591787e+00 1.47588693459713793e+00 0
7.25329642368611083e+00 8.66323361407337345e+00 0
-2.57374188097066081e-01 -1.05292021518620604e+01 0
-7.07590368950887960e+00 1.45905662214038290e+00 0
-1.30410606635878690e+00 -2.71643246645932290e+00 0
-2.85803525160116001e+00 7.07925920049339119e+00 0
2.29882812745720289e+00 -1.90606868329074808e+00 0
-6.44289889640683544e+00 3.07543371660847820e+00 0
1.02289887017760495e+00 9.57228225263200394e-01 0
-4.61543417734606543e+00 6.49513744886939559e+00 0
-2.91866688982070421e+00 -1.00309263000536504e+01 0
-2.50565035666475122e+00 1.79272267473869307e+00 0
-3.97275614619844086e+00 6.26929211573280853e-01 0
-7.38125282795217075e+00 -2.96056743819928014e+00 0
6.04507029427294018e+00 -1.54860679756517294e+00 0
2.86123747510899484e+00 -1.91401293268675898e+00 0
-1.72931791151594494e+00 3.15693264827438602e+00 0
5.05300155997745026e+00 -7.18265107185674534e+00 0
8.37950153261504127e-01 2.11394103314013915e+00 0
4.33948055629452156e+00 -5.95551755383647841e+00 0
-1.72852492452197892e+00 -4.44742940151563182e-01 0
2.77125695758686996e+00 3.35189885919733888e+00 0
-1.63521458811017895e+00 1.25180679296253694e+00 0
-1.89676339999660204e+00 -9.68035821586868739e-01 0
-3.52723905410767813e-02 4.00201294622940740e+00 0
-4.66681881150829481e-01 1.00726795382902101e+00 0
-2.18209345003968380e+00 5.60285968203182161e-03 0
2.72092202493776303e-01 1.07938391318626392e+00 0
-9.27595422655593893e+00 2.56467204307326613e+00 0
3.30068308027684498e+00 3.59182163354793305e-01 0
-6.27251301567225195e-01 9.12573241779373712e-01 0
1.96325287354279610e+00 6.13326139843972573e+00 0
4.86928123135595392e+00 2.63738351634725898e+00 0
3.09420422827706387e+00 1.07097203503594396e+00 0
-4.06095170590153742e+00 -3.10930630719348411e+00 0
-5.97869013928253512e+00 8.67119310664591358e-02 0
2.18605309809847093e+00 -3.14060631755452091e+00 0
-7.71886985036860818e+00 1.10231159258758602e+01 0
2.85927359448823992e+00 -3.34325571600773497e+00 0
2.23633386943039092e+00 2.48526065910486510e-01 0
-3.00618826302327280e+00 4.51907739088402760e+00 0
-3.63609440960589492e+00 -7.23272236816791558e+00 0
2.64037849627835319e+00 5.39022124389995749e-01 0
-1.72995291336430490e-01 2.26035406611682310e+00 0
1.57236982085949095e+00 -1.99394793332232001e+00 0
1.59366718908349703e+00 -2.05486287135207391e-01 0
-7.60475613391299365e+00 6.97188678889099300e+00 0
-2.14088503060813995e+00 -4.91931932607737821e-01 0
1.34050874992755698e+00 1.94051250577608386e-01 0
-1.33400812662403001e+00 -6.07211724018190790e-01 0
-4.98318648779494744e+00 8.92567947680463492e-02 0
8.77652717925820669e-01 2.70515762972759788e+00 0
7.07791874526701914e+00 -6.28387617226297834e+00 0
-3.89983450706406121e+00 5.65789442167905321e+00 0
2.37964887274026804e+00 1.09259122138949993e+00 0
2.49847591802659294e-02 -1.11321852730430404e+00 0
2.23356087289243110e-01 -1.09086744657437507e+00 0
3.20888886947011187e+00 -7.44965543108661699e+00 0
-6.00495228988032625e+00 6.45177220685079433e+00 0
-1.57809678713810397e+00 -1.31313705093598010e+00 0
-1.80383959539554595e+00 3.82422713339859888e-01 0
-4.15634600118362307e+00 -5.38084917040257160e+00 0
2.36573018171184080e+00 -1.31627293834316705e+00 0
-7.65165195769460516e-01 -1.20909116252489102e+00 0
-4.44144776117634343e+00 -8.96574313310892457e+00 0
1.58044245620124896e-01 -1.60654908616015502e+00 0
1.34085762019417398e+00 4.25159475641850193e-01 0
-9.26061988467630881e-01 1.68975690386653610e+00 0
-5.63383319179757436e+00 1.17782309809420105e+00 0
4.01709503345289320e+00 9.17021517380280038e+00 0
-2.75578419509755812e-01 -1.58433400305844407e+00 0
-1.17819836753451890e+00 -6.67693273890065431e+00 0
6.18959025396334517e-01 -1.59433726424676103e+00 0
-9.65293593225158286e-01 5.47726562469248002e-01 0
8.13826962247558461e-01 -7.39654130737611104e-01 0
9.35681866573892740e-01 -5.96119691149419872e-01 0
4.18558252148532484e-01 -1.99162071728633405e+00 0
-7.23513025193359827e+00 -8.62253519775028821e+00 0
3.64534627758318086e+00 8.25812465295622661e-02 0
-5.93596910879120143e-01 -9.44704071830559489e-01 0
-4.14342234399213027e-01 -1.04349330332331203e+00 0
2.99512401945989826e-01 -3.18736663814820487e+00 0
-7.03750131651666999e-01 2.49408896390704582e+00 0
3.93087119844791211e+00 -9.47002251713064602e+00 0
-2.72109561824486090e-01 -1.07989421261166796e+00 0
7.15878760286972327e+00 7.09119677379007474e+00 0
2.40625205279715715e+00 -5.15392782525449400e-01 0
5.15703156389890793e+00 -4.54349855981329598e-01 0
4.42699270627584163e+00 4.55939679435216227e+00 0
-9.41175850738970698e-01 -5.88151876473581470e-01 0
5.27245707349414006e-01 6.08355047470482813e+00 0
-4.43989180328137056e+00 -9.18943686761057754e-01 0
1.81760654024667512e-01 1.35019258362648298e+00 0
-3.20401789417578309e+00 1.09190842177202203e+01 0
1.39027830584103196e+00 -3.29677463261023374e-01 0
-5.70908011983522456e+00 3.74578692416880221e+00 0
1.24452185798734405e+00 -4.48896363770221907e+00 0
-1.42381525076868609e+00 5.38437865018082218e-01 0
1.10976602898330903e+01 -3.21543958073204683e+00 0
-1.76686860634476606e+00 8.43103459883892126e-01 0
-2.29611506070084084e-02 1.10935738758960589e+00 0
5.08673749347439585e+00 7.35963133859656615e+00 0
2.32452480495184188e+00 3.77242114059847111e+00 0
1.89840852110314096e+00 -1.39263592201101005e+00 0
-5.41719856085291518e+00 -5.76981638177341694e+00 0
-1.40493821794253204e+00 1.61587715212796201e+00 0
-1.31350959890635899e+00 -3.72166273170071615e-01 0
-4.37950020421418440e+00 -2.79945887637098823e-01 0
-1.34387886832306491e+00 -8.99442230284473676e-01 0
-4.83880058570215166e+00 1.05311886921625604e+01 0
3.29960160377619305e+00 4.34240125265652299e+00 0
2.36215172022573183e+00 2.66524245231348988e+00 0
8.64324788638072383e-01 1.60924852249023598e+00 0
1.19489627950370703e+00 -6.40264308686636419e-01 0
1.11639844015587908e+01 -7.56963781292221594e+00 0
4.24558153241445690e-01 1.60539466031154499e+00 0
4.75267163125578929e+00 -4.69196281368820589e+00 0
-2.72272455495732923e-01 1.46561282728497710e+00 0
-1.10282301331463692e+01 2.64172373061259291e+00 0
-1.24530936347242900e+01 5.17256900714177714e+00 0
1.18459398163526100e+01 6.68725550046926376e+00 0
1.86659940902622501e+00 -5.68201959399474443e+00 0
-1.30592555564688997e+01 3.55883627892568200e+00 0
1.80311010324495791e+00 -2.59903705816367303e+00 0
5.35379123011789382e+00 -2.77063785895102122e+00 0
-9.87277872219078478e-01 2.18784309317503078e+00 0
-1.39272851209275395e+00 -3.44390447985852921e+00 0
-1.04560872329628296e+01 4.45525699708267275e+00 0
-9.05806549366690250e-01 3.65147287981857582e+00 0
-2.14466618462300795e+00 4.99808685315383006e+00 0
8.33388486981698096e-01 -1.27302225590479501e+00 0
-8.65831864370822224e+00 4.24783038235134391e+00 0
2.66373052828595780e+00 8.43941002507682891e-01 0
5.11026431063785935e+00 -1.57767620201820891e+00 0
1.18479486177768889e+00 -1.26984234879498592e+00 0
-8.61380598642359097e+00 -9.57175874627257506e-01 0
1.36023076562803507e+01 9.28074611729994614e-01 0
3.74212446054991599e+00 2.41285515095801406e+00 0
7.97924346220087011e-01 -1.65855368387516799e+00 0
2.83635564931375583e+00 -3.95686303578911192e+00 0
1.00361165714138401e+00 -4.53733377668086690e-01 0
-1.07156008679893899e+00 -2.70009545640857385e-01 0
-1.08583116716771810e+00 2.19554457057030111e-01 0
-1.10816510979638805e+00 3.25231503404318431e-02 0
-2.91667508968439115e+00 6.13221882084983605e+00 0
1.30933369335657890e+00 -3.53706884377816069e-02 0
-1.37769092962826489e+00 1.83938054945380891e+00 0
1.02919254954518991e+00 4.16637073900782884e+00 0
3.33952666589665403e+00 -5.02187761729241977e+00 0
1.70658982318407193e+00 -8.90939916543399990e-01 0
7.35654530987563593e+00 2.13387281416976204e+00 0
-2.18949175644880611e+00 -1.33557174840022093e+01 0
2.00713986564055213e+00 2.06734365154297794e+00 0
-1.15187818226529703e+01 1.30896379803395191e+00 0
-1.87268372365777691e+00 -1.73395796602242203e+00 0
-4.61373550003906630e+00 2.91186796006717685e+00 0
-1.00313601177471003e+01 4.79325819633585393e-01 0
2.21633709485481306e-01 -1.35654198470089806e+01 0
-1.06084971838815001e+00 -8.36819446714659021e-01 0
-2.64291046525863482e+00 3.60695152497380878e-01 0
-1.07034807583221392e+00 2.78563210287730989e+00 0
8.19706022802203371e+00 -1.02529078426989599e+01 0
8.05625318260883461e+00 -5.79757602075229528e+00 0
2.32270356657928678e+00 1.85975043775001403e+00 0
3.38223763377126518e+00 7.93199826361630000e-01 0
-3.46927656372478399e+00 -3.73234822371146979e+00 0
-1.05882382736144898e+00 7.94932007159861120e-01 0
-1.34079147723757401e+01 -8.36458434609382184e-01 0
-1.26398186693575887e-01 1.32755393809107103e+00 0
-2.32531705666870181e+00 -2.86928572001254878e-01 0
4.09819426795744324e+00 -6.83767159638967725e-01 0
-3.73359768789643098e+00 1.30616062602776495e+01 0
-6.40600366862339232e-01 1.96926277177931208e+00 0
1.71952747850501697e+00 8.25387321868719881e-01 0
-2.11545968388745287e+00 4.55431440086571881e-01 0
1.71762763313895706e+00 1.73244824882460402e+00 0
1.09807705827200497e+00 7.40342486193163035e-02 0
-2.09948660082278815e+00 1.21497354362215204e+00 0
2.09892694331088503e+00 -5.02738794287337143e+00 0
-1.86508974322777910e+00 -1.17985962797325392e+01 0
6.32815974915704960e+00 5.81887717342401256e+00 0
-2.24310527199612419e+00 7.53235133984184624e-01 0
4.26171481860795620e-01 -1.25698455560842892e+00 0
-1.88400150146857004e+00 1.01662603569383399e-02 0
-2.13864074061312602e-02 -1.87558677457731804e+00 0
-3.60023147985939707e-01 1.02319617274670294e+00 0
1.23034853103327491e+00 -6.88843229717169958e+00 0
1.18675103987299497e+01 7.14797809400744777e-01 0
3.00213051010099985e+00 -3.35550031938848914e-01 0
-6.01955433393037964e+00 -1.32751830874316790e+00 0
-1.30547365905335999e+00 -1.39302757427827495e-01 0
1.84911875783173607e+00 -3.48029861479555880e+00 0
1.41038857943496598e+00 -3.32580874871114807e+00 0
-1.67988677518242202e+00 1.35063893638271999e+01 0
-1.14417707782750599e+00 -6.03485777550751279e-01 0
-5.37233816366277983e-01 7.51500473198282126e+00 0
1.85743764754833807e+00 6.97402433152246193e-03 0
1.70869310712083694e-01 1.07201739198721802e+00 0
-4.04415621158887573e-01 1.26498285729351689e+00 0
1.43053927303160200e+00 9.46643723348792099e-01 0
3.21971174490779788e+00 5.30092380940193841e+00 0
7.49504859168564241e+00 1.13234126153180004e+01 0
-1.30883802683864992e+00 2.60609251488375504e+00 0
-1.32588689892881000e+01 -3.02448646846643499e+00 0
-1.15971006925370705e+01 -7.06423963183349368e+00 0
1.13178171113378689e+00 -1.44117363814297605e+00 0
-7.97712530500766537e+00 2.39160695758284980e+00 0
3.24885536257587981e+00 7.96192139606689242e+00 0
-2.56447610677155202e+00 9.09420855265281824e-01 0
-1.25602033381368106e+00 1.15292916149968292e+01 0
-6.76477405503623785e+00 1.01547487597605404e+01 0
9.54656646076528559e-01 1.21873879058843193e+00 0
1.67891128079135199e+00 2.92089659867297202e+00 0
1.34281204587087508e+01 -1.41621011955890697e+00 0
8.12329494721117928e-01 7.36274558213669050e-01 0
4.64337895624814312e+00 2.15057024770491001e+00 0
-3.84284407179711796e+00 -1.83015861000158409e+00 0
1.22499805016491408e+01 -1.39460635606921390e+00 0
-2.65120221850885995e+00 -2.64639242896281324e-01 0
9.14287115932093108e+00 -6.93921862493994723e+00 0
1.01853328935405791e+01 5.91872695101618795e+00 0
-2.09841883654036199e+00 7.10716473949585481e+00 0
5.82250646905758895e-01 9.29705316200659104e-01 0
-7.73139588316493676e+00 -1.12283980997713204e+01 0
-7.38389499804752436e-02 -1.09518038600447509e+00 0
-3.22248171120033700e+00 8.77226741794641884e-01 0
-1.17791741354725197e+01 6.91111006519731941e+00 0
-2.00034170656073318e+00 -2.55793768929162679e+00 0
3.44811854844690213e+00 -1.28947161065852600e+00 0
-3.45903761027794576e-01 -3.24431257145176222e+00 0
1.65341685858010501e+00 2.44346259069911698e+00 0
-1.90939557198676196e-01 1.61037005492357110e+00 0
9.81132019811925549e-01 4.96785492794490413e-01 0
9.29876044291293224e-01 5.79873119502318790e-01 0
2.64671918990421018e+00 -8.25967397371227818e+00 0
-1.18090069144494993e+01 -2.97466863977110618e+00 0
4.30337619976532704e+00 -7.60873526698131997e+00 0
-6.83254925359604659e+00 5.05469293972080091e+00 0
6.08783549861228224e+00 -2.51509730135450082e+00 0
-2.34384325858581599e+00 -5.67086717671559803e+00 0
-6.27357978686229889e-02 2.51315991154278118e+00 0
8.02690377699931790e-01 -9.79686758786509793e-01 0
1.21468419321974297e+00 4.48152492913503286e-01 0
-3.21383976092250911e+00 5.56680482431702525e-02 0
1.31296849217600009e+00 1.64534815687660796e+00 0
-1.31866033027241292e+00 7.49975688457420353e-01 0
2.82886984051728696e+00 -8.74712148812989199e-01 0
1.58258035271438197e-01 1.16382986893188107e+01 0
-2.08585000739692594e+00 -3.40814663565880682e+00 0
-2.72061838524975189e-02 -2.47842654227409920e+00 0
4.86172122148698538e+00 1.46000182479524288e-01 0
-1.22804968439987796e+01 -6.25662403945913659e-01 0
1.66297799780458999e+00 1.68033868299531791e-01 0
1.09379177572706499e+00 -1.23240735009731706e-01 0
-1.21516378922984392e+00 1.27116121812787797e+00 0
1.05062173005775805e+00 1.38017416123977910e+00 0
1.26798555074857902e+01 5.22216789269878578e+00 0
1.20514755583601607e+00 -5.04657798442931349e-01 0
8.43106458580440155e+00 -7.92376677843279609e+00 0
1.28512183540651703e+00 -2.42112927957503110e-01 0
-5.39709774377890561e+00 1.25736871887917800e+01 0
9.72978324357773872e+00 2.81023139015533285e+00 0
1.76037860038111593e+00 -4.00818901657389981e-01 0
3.87319438300379293e-01 3.07862398443478114e+00 0
4.58807067278829583e-01 -3.63318734259258402e+00 0
9.14203625706913492e+00 7.17812212897097357e+00 0
-5.32710486247645720e-01 -5.09294427253035042e+00 0
-6.65212978998047877e-01 -8.73668660795452912e-01 0
5.12405180454431974e+00 1.72062128980708895e+00 0
-1.24639677661703008e+01 -5.45111320449926762e+00 0
-2.41696465128405613e+00 -7.92822649594641327e+00 0
-4.21563766825443320e+00 8.78344602139979713e+00 0
-1.40739940302115091e-01 1.94811092490465709e+00 0
7.91606468798467300e-01 8.54955966850370785e+00 0
1.00042271324615495e+01 -1.56239866536042205e+00 0
2.80130972656271515e+00 -1.35071786020296400e+01 0
-1.72793250578370999e-01 1.07491989519158304e+00 0
-3.76393518683417483e+00 4.39914767519226135e+00 0
-5.23389289401170910e+00 5.03040918631676259e+00 0
3.34416989961003308e+00 1.11364710980030104e+01 0
2.16914011479771807e+00 -2.15992583774712221e+00 0
4.56971916586746474e+00 3.40096979857813686e+00 0
1.30488696999026494e+01 -3.88187258994718087e+00 0
-1.35660542829776691e+01 1.81839165612920906e+00 0
-1.45917026467818101e+00 2.15546259201652912e+00 0
3.37378087368963409e-01 -1.22715165282761198e+01 0
1.26153150474371891e+01 -5.46974276707845242e+00 0
-9.52219900149350629e+00 9.95279597410088002e+00 0
-9.71288965288921169e+00 6.19815553498694172e+00 0
-9.27008693329538364e-02 4.39580148410292093e+00 0
1.85366236781739691e-01 1.36742886267304193e+01 0
-9.24021036379679117e+00 1.07090800711889300e+00 0
2.31296547310862222e+00 1.14265947970107096e+01 0
1.33684068208647897e+01 2.81897952595233692e+00 0
5.18183619862007117e+00 6.33521374578189134e-01 0
-1.01226970449442599e+00 -1.51891663626989204e+00 0
-1.03429842590371002e+00 3.67247635474934719e-01 0
-1.48626443768846905e+00 1.15833805234277198e+00 0
1.91451028116059896e+00 4.44319311541670481e-01 0
1.07225554894079291e+01 8.51021026784301959e+00 0
3.31087944971473591e-01 3.60777024745760810e+00 0
-8.64163830935216870e-01 -1.07450245986856308e+00 0
-1.01044748008607099e+00 -1.08316726061481794e+00 0
2.32939399608301301e+00 1.34953705049042600e+01 0
4.45078619729976699e-01 7.39998851446909178e+00 0
-1.31346703909459706e+00 6.73288775372630766e-02 0
1.35871532411721607e+00 7.02333560803952262e-01 0
1.32486213392209096e+00 2.99891928534908381e+00 0
-1.23673049450542805e+00 -4.23787641287844341e+00 0
5.05123961965989388e+00 -6.25523033287316910e+00 0
4.39718684004460325e+00 -1.29568915017221400e+01 0
-2.86452184169158297e+00 -1.96362167738428495e+00 0
2.03600456740618396e+00 7.05060978316528586e-01 0
-3.26422496434055498e+00 5.50925162925692380e+00 0
6.26921911944571697e-01 -9.01916509496233587e-01 0
6.82128611886363778e+00 -3.49253599491555589e+00 0
1.22166921090527603e+00 9.88159854356299938e+00 0
-7.46720202008851364e-01 -1.74776930974472511e+00 0
1.96337904375200711e-01 -1.27293731239013508e+00 0
2.76808924819204405e+00 -1.20145284328023005e+00 0
4.88382735819702063e+00 1.14408972807002796e+00 0
-5.33575482604080431e+00 -2.98400975248571398e-01 0
-3.47090379239499391e+00 -1.10807442716769007e+01 0
2.86387209363048800e+00 6.07984232240848943e+00 0
2.39629575515624582e+00 -7.62388692856866834e-01 0
-2.90169035070202419e-01 5.40905142468718836e+00 0
-1.02340453883359905e+00 1.55259502621665790e+00 0
9.07829948837376399e+00 1.02686344302927104e+01 0
-1.68027400471392507e+00 -7.90811185503332847e-01 0
-2.79278198199349381e+00 2.12296046112181898e-02 0
-3.92066914326706195e+00 2.20228813750838692e-01 0
1.36838605220482606e-01 1.68380978471482989e+00 0
-7.37475346434965595e-01 1.40695200167973811e+00 0
-1.27294197936173603e+00 -1.88373190902468202e+00 0
-3.72297328487828194e+00 3.51436540332585112e+00 0
-2.53782937656962304e-01 8.86007073200422290e+00 0
-4.85823277714695401e+00 -3.78659339429057784e+00 0
-2.24534085761071500e+00 1.73980049500316802e+00 0
-8.44360188957659119e+00 -8.59665526584503326e+00 0
1.64401395261138994e+00 6.42599002243759210e-01 0
-3.83628144547158278e+00 1.46064222988240600e+00 0
6.38185404538329326e+00 -7.31692739121045599e-01 0
-2.64094233718212390e+00 1.51737867754477507e+00 0
7.01401023092153353e-01 -4.73586686199173901e+00 0
-1.26375816140282504e+00 4.35472686837931544e+00 0
1.01608797307319794e+01 -6.91864243972304038e+00 0
-1.56566962900642492e+00 -2.36439954468715197e+00 0
3.84466117780324401e+00 4.23689241461356492e+00 0
4.13348787073237689e-01 -1.79128346952573692e+00 0
1.60612843204593592e+00 4.27105659500018042e+00 0
-1.12467703819728602e+01 -4.18186863466908942e+00 0
3.46472323325975218e+00 -2.37663019811404114e-01 0
4.10355671260570087e+00 1.30804386448586296e+01 0
-1.57760447444115792e+00 2.67783741465462022e+00 0
6.52844593103897641e-01 -1.12246306205388091e+00 0
1.88831205713422290e+00 3.48242935333952586e+00 0
4.92171981135942005e+00 8.82106193296887220e+00 0
-4.56889825889684165e+00 1.29934790833000102e+00 0
4.30553906490145077e-01 -9.84726036471526101e+00 0
-3.54707988455862422e+00 -2.25835370369813981e+00 0
-1.59512509699179006e+00 -4.03708366693807108e-02 0
6.53088976887037287e+00 7.81336642442822615e+00 0
3.40697567870951179e+00 1.67171370797034102e+00 0
-1.20738400488248110e+00 9.70155931410053074e-01 0
-1.74216274739984689e+00 7.80837213339393266e+00 0
2.56432751477779508e+00 4.22364542196314563e+00 0
-1.59442713404658409e+00 3.72048079949527288e+00 0
-1.27946970649616798e+00 2.33999982214822300e+00 0
1.57387469385262890e+00 -1.10471240877056709e+00 0
-2.88397578265892385e+00 3.57157828015704881e+00 0
-9.10704445916126537e-01 -2.29707371147247796e+00 0
1.05063399092000997e+00 -2.20915332196946812e+00 0
1.49322014545876403e-01 -4.04795630457384004e+00 0
2.40268311688911407e+00 4.77492292417827591e-01 0
1.23516665546792992e+00 -5.75126600946573685e+00 0
1.05811572970839007e+00 2.09027885195802821e+00 0
1.24620541866448398e+00 1.12321168730882093e+00 0
1.64187573334745607e+00 -7.87042756812106870e+00 0
1.13018896563617210e+00 8.53403897975369974e-01 0
4.06404095220340322e-01 1.00646372979239596e+00 0
3.15167956537884786e+00 -3.00523026367669521e+00 0
1.18294123223081797e+01 2.85654188227942285e+00 0
7.00739738520182232e-01 4.45500571302376613e+00 0
5.64302656502102984e+00 2.84256253816151183e+00 0
2.00557792874606600e+00 1.46655797725433490e+00 0
-6.96907365459746675e+00 5.73557573251119668e-01 0
4.10657781504376107e+00 6.29253357655646162e-01 0
-2.79854991421768906e+00 9.91868229216139596e+00 0
8.37116779313459780e+00 8.66963242786797039e+00 0
1.20285290946560397e+00 3.32153425708265804e+00 0
5.25575279327922695e-01 1.76630622210898092e+00 0
-6.02107419684136169e-01 -2.36424811940301582e+00 0
-1.82372212303162695e+00 2.45717193380026222e+00 0
-8.13354670825545512e+00 2.00320488141089603e-01 0
7.36576626655832567e-01 1.47963025752052801e+00 0
6.75076689599992097e+00 9.58325645472272925e+00 0
1.32134056851679493e+00 -4.60146734410162017e-01 0
-8.40073864822489580e-01 1.12140329639295100e+00 0
9.50056356362006693e-01 -3.73546911676404392e+00 0
-9.15663917625065160e-01 4.16379930812449928e+00 0
2.26207743527228500e+00 4.72456985374310801e+00 0
5.70330534590272542e+00 1.25097789792461302e+01 0
3.84384898003339703e+00 -3.92586740217881713e+00 0
1.25636866296662403e-01 -6.29637806573846692e+00 0
-3.58073527979791484e+00 7.23878355255564276e+00 0
1.40232677419121310e+00 -7.70907346349781419e-01 0
-8.96512261729360915e+00 -1.84375399055998002e+00 0
7.20880479642804772e-01 2.51488762893736517e+00 0
1.11185445489383006e+00 -1.80223405069000409e+00 0
1.06087878607844011e+00 -1.17162979929191802e+00 0
-5.69402062670690157e-01 -1.42267580460815801e+00 0
5.35779967491961329e-01 -6.90979101144878616e+00 0
3.62156625375653096e+00 -6.00507268821426354e-01 0
3.17083781428144595e+00 3.48488293151006001e+00 0
-1.11894260124941591e+00 5.67617867505976648e-01 0
6.09489588949963412e-01 2.16254046518588705e+00 0
1.17406997942325408e+00 2.45195366565460482e+00 0
1.11149707210517801e+00 6.89289953392572374e-01 0
-6.04109486722507505e+00 5.70493393553912043e+00 0
8.90528420127257903e+00 5.62270769226424605e-01 0
-9.05637267400887680e+00 -1.03484386632174399e+01 0
5.73829471746219522e+00 -1.09146205622124501e+01 0
1.85221222154259690e+00 -1.60914363703630192e+00 0
-3.34398866895704394e+00 -5.58348474171489606e+00 0
-2.16822812388548014e+00 -1.95209679376727796e+00 0
1.04955762257602796e+01 -9.06857535397766057e+00 0
6.99611562300360368e-01 1.11001538111288101e+00 0
1.62680931438931009e+00 5.57339350616514739e+00 0
-3.92966677138218490e+00 -4.70498479575894013e+00 0
-1.05284068119220500e+01 -7.18215264329571945e-01 0
1.12906119013646600e+00 5.30490597029877331e-01 0
1.40239773573598003e+00 1.33652818379803295e+00 0
-1.55401944909455003e+00 8.48054511865268035e-01 0
-2.67424305570213816e+00 4.87793513606131413e+00 0
-1.60154056809089207e+00 -5.84313310114289775e-01 0
-2.89091316873568216e+00 -1.04271133430552809e+00 0
7.64393671240305328e-01 5.60656429596916706e+00 0
2.72966283464110226e-01 1.57616269787797392e+00 0
-4.57146149634234256e+00 5.80570336388112818e+00 0
-9.44207617786509967e-02 2.77135465342305487e+00 0
-5.12360586067990731e-01 2.14602586794885797e+00 0
-1.11122987878010200e+01 8.32398075790276160e+00 0
1.06945349312463502e+01 4.30228609297842102e+00 0
6.53359380865810557e+00 -1.21963477884173308e+01 0
4.55599024330921587e+00 -3.46907898604004394e+00 0
1.31472411607802697e+00 -1.02207320460918893e+00 0
-9.37614850690695834e-01 1.35996204909889995e+00 0
-1.04520447195564103e+00 -5.49683099604699699e+00 0
2.35949603288184084e+00 1.68437031011834486e-02 0
6.68717731341453536e+00 -2.82311484913887201e+00 0
-4.22885651681956173e-02 -3.00424208705963913e+00 0
9.72513167494703734e-01 -8.07630229981885939e-01 0
6.72484191009685039e-01 3.04043639934522281e+00 0
-6.13123083976027061e+00 8.46260323862590269e+00 0
1.84696218552658609e-01 4.70852857249267309e+00 0
-2.25178213236872793e+00 -4.17140305732820416e+00 0
-6.07877597006845960e+00 -2.08407339972041106e+00 0
3.42357776928104007e+00 -2.48592444308082605e+00 0
4.53642976500640493e+00 -7.79571288265945461e-01 0
2.71640880104749982e+00 1.53131406479824594e+00 0
-2.85999838273768292e+00 4.02578363304124931e+00 0
7.90563437379689704e-01 9.35262879362675492e-01 0
6.84198825478147032e+00 2.96039087349576313e+00 0
4.84669149801985277e+00 -9.13902639665156968e+00 0
-5.28395516395720310e+00 -2.49300140543127879e+00 0
8.33248470830918048e-02 -1.25872481898768007e+00 0
-5.03083800803845183e+00 -1.12240228196275407e+01 0
-7.27070881310658668e-01 1.18048787291922608e+00 0
3.70856359386197099e+00 9.74817725514357192e-01 0
3.31442641481975286e+00 9.71720405919858443e+00 0
-7.39073761631507420e+00 8.93578901440310880e-02 0
1.75458712110118584e-02 1.42362788383783601e+00 0
-4.55458098929332422e+00 -2.68980309588919297e+00 0
3.08352578268113797e-01 2.22790806438944200e+00 0
-1.56669984312435306e+00 5.65736582441741298e-01 0
-2.34200944206206785e+00 3.45980637438746097e+00 0
1.50760249088158305e+00 -5.64778202130687745e-01 0
8.00555140032632551e+00 5.53345079763017900e+00 0
5.09539314546395961e+00 1.09300053360066691e+01 0
-4.67852697203195000e-01 -1.13067118956850710e+00 0
-2.94178881761232303e+00 -3.41145650608779283e+00 0
6.75548868808633074e-01 -2.40328486506701600e+00 0
1.16340368570561203e+01 -2.25939999534325309e-01 0
-1.71052144549637197e+00 -5.24723575175154622e+00 0
-1.77510758556857495e+00 1.10406628597641698e+00 0
7.67595225847102736e+00 3.68512023348687912e+00 0
6.03732185631653273e+00 -3.87790908906685194e+00 0
6.82988480391566899e+00 6.83417970506748795e-01 0
-1.15811310479624896e+00 1.87625790768690592e+00 0
-8.05553575126897181e-01 -1.14207002892483800e+01 0
4.71932147489151443e+00 -1.11235997468093792e+01 0
-2.06882519433301004e+00 1.55331492561567508e+00 0
2.01228876058220507e+00 2.91288417153179013e+00 0
1.66389153682311997e+00 -1.18246040488450603e+01 0
-3.94648767227991293e+00 -1.87622905235582393e-01 0
-2.35540869157522792e+00 2.23003515262150920e+00 0
6.58933865411850728e-01 1.27320999589918205e+00 0
1.38641398791615800e-01 1.24957245824561003e+00 0
-7.42749274439910057e+00 -1.07851238825247608e+00 0
-3.66948322967136598e+00 -9.50433152236768608e-01 0
7.49595260427813859e+00 -5.22722296828359245e-01 0
-7.81168560605880469e+00 1.45756889062953610e+00 0
-8.29755060957904789e+00 8.99269988912042573e-01 0
3.76827152065261783e+00 2.86477364461397510e+00 0
-4.35750344878989360e+00 7.51513298594689960e-01 0
-7.71949767895258709e-01 -7.66619648858649083e-01 0
2.47502788791088291e+00 -6.13994332761213979e+00 0
-3.83257237611838120e+00 2.82882864302903103e+00 0
-1.41566562975011889e+00 -1.14285931017101894e+00 0
-7.29110650806812699e-01 7.94097079264116990e-01 0
2.50000042449618087e+00 -2.51208363121996303e+00 0
-1.26198486739312798e+00 3.17739486857749720e-01 0
-3.97069758120564620e+00 -1.31768904645327698e+01 0
-1.18727938985261305e+00 -3.58609907310622589e-01 0
-9.86518693986414674e-01 -4.42038987265887584e-01 0
-2.59671064612894886e+00 -8.39255990743985492e-01 0
1.88282393445347895e+00 1.12095360412844691e+00 0
2.35790329436486878e+00 -1.59763477184069802e+00 0
3.36245831130277795e+00 -8.94477288384096347e-01 0
4.11601670152563059e+00 2.16618188488700003e+00 0
1.58491760710678498e+00 1.26602541265032809e+00 0
1.01499114051037704e+01 -3.65829810633696795e+00 0
7.67129910332936582e+00 -1.19431119735392111e+00 0
2.41114743685139299e+00 -6.84947168408329521e+00 0
-1.19647521470066009e+00 -9.04861699922412277e-01 0
3.35917676792415021e+00 6.59793431565071842e+00 0
2.03476923695207290e+00 -2.41521430907922691e-01 0
-3.26310633666788386e+00 7.89398356306299309e+00 0
-1.75091870394914007e+00 -4.46268598584713061e+00 0
9.00316089405260378e+00 3.47872162778005611e+00 0
-1.03337897695754699e+00 9.09541541937696318e-01 0
1.02199885389181411e+00 3.57612865853206507e-01 0
-3.11772390463692117e+00 5.67587707312675271e-01 0
2.37528484844507881e+00 9.51454577344559915e+00 0
5.71982496157747367e+00 -4.97926629985646230e+00 0
8.69313979507899126e-01 3.33202996180971178e+00 0
5.88330923803207906e+00 -7.35587942748664858e+00 0
-4.26404806669965541e+00 4.58104633114566440e+00 0
2.19410048486207510e+00 9.21073514677372640e-01 0
-2.32703746075108420e+00 -1.40826426137843108e+00 0
-7.31037869485334002e-01 6.87070946566353857e+00 0
-4.75148898599101077e+00 1.92175510286393902e+00 0
-5.73303104116957662e+00 4.33681726138507706e+00 0
-1.02391535156026295e-01 3.21238481951285282e+00 0
1.48968021237748105e-01 3.23968072107382188e+00 0
-4.42078443635532614e-01 2.82665384497697403e+00 0
-6.34513951851397362e-01 -1.13141211089990090e+00 0
1.86951374155173000e+00 2.31847772165711197e+00 0
-5.17656876029172430e-01 1.22897142323544895e+00 0
1.34222102228507190e+00 8.38041845342169633e-01 0
3.30777866017283206e-01 1.30322317751597794e+00 0
1.03182488647867010e+00 -6.45091564587910282e-01 0
1.95525899673787507e+00 -6.58653303837580140e-01 0
-9.84305866871193813e-01 -3.67389871505199483e+00 0
-6.80046950819512031e+00 -1.02674430316849001e+01 0
3.84662809967828201e+00 1.34377368384669693e+00 0
-8.55225320503805397e-01 9.20187076179299290e-01 0
-9.05948738247893282e+00 8.05399681444968962e+00 0
-6.37705389514927168e-01 -4.53038294599084157e+00 0
2.55156519280921090e+00 -3.06823457076171480e-01 0
-1.67584045387167091e+00 6.66612642533487598e+00 0
-5.85531394337355904e-01 1.67285045897616502e+00 0
-9.57354703503387228e+00 4.18163430380557610e+00 0
1.13578137501988703e+01 1.68139255669226495e+00 0
4.22193162485397400e-01 1.02613866141932508e+01 0
-2.15007618549223389e+00 3.89976208420400594e+00 0
7.30845293865558165e+00 -3.99874543198013388e+00 0
-4.48053768802655483e+00 7.26313178533940462e+00 0
-2.79359353473174599e+00 -4.55051601118839422e+00 0
-3.43952721131443734e-02 1.21150167504207595e+00 0
-1.75188869296786609e+00 -1.15796924854877492e+00 0
5.41080152287195304e+00 -1.21813083053049898e+00 0
-6.00871248923753498e+00 2.49668978835106792e+00 0
-1.13330945585909704e+00 5.07052939247721035e+00 0
-6.44503597801125228e+00 1.58227072652464096e+00 0
4.00113598891965161e+00 -2.71223433988087903e+00 0
2.55584012376222081e-01 2.83434446790676597e+00 0
-9.21271976489843780e+00 -7.78919475997719690e+00 0
-1.08439188406853093e+00 3.07508247784701716e+00 0
3.88571525111558991e+00 5.44603493841439512e+00 0
2.99468097379483300e+00 -6.28960033938552820e-01 0
5.69463153221823060e+00 1.70276183383773594e+00 0
-1.79469381272818396e+00 1.95135789818243599e+00 0
2.47551926630665298e+00 2.99103953122327715e+00 0
5.65075685586296039e+00 -3.34826724015412303e-01 0
1.23087718314680195e+00 1.91709969495571009e-01 0
9.81112485349675434e-01 1.71277789932344793e+00 0
-5.25426491836799792e-01 9.46416063560403864e-01 0
-1.59791312664050600e+00 -1.91255220805749904e+00 0
2.56721636597271496e+00 2.03597052888187813e+00 0
7.96216191407864038e-01 -2.96983618331411714e+00 0
1.99639808145655495e+00 -3.92997499551209595e+00 0
2.46468410212849598e+00 -4.13714435198234565e+00 0
1.51238861119716006e+00 -7.26606595826446988e-02 0
-5.88904548746227974e+00 6.31522492928578427e-01 0
-2.93720965551193292e+00 1.44597581432986999e+00 0
-2.81337674018137385e+00 -6.96179809755848744e+00 0
1.49448994980221195e+00 -1.49766665491843209e+00 0
-5.25643950044734609e+00 -7.76569505494097312e-01 0
-3.52045860924979204e+00 -9.21027336745751413e+00 0
-2.89508249451753308e+00 2.07277520735985021e+00 0
-6.42443971962752047e-01 3.03295216755822405e+00 0
-1.93922737149881796e+00 -4.30314281937972276e-01 0
-1.05633217090859794e+01 -6.56796013447213767e+00 0
2.21130006672803603e+00 -4.27965715918794509e-01 0
1.42576819634641794e+00 -2.79611482704496517e+00 0
9.03487275718387828e-01 9.31799807942043756e-01 0
-4.94211804009558386e-01 4.50961877171705883e+00 0
3.52034370329617285e+00 -1.66257212602590809e+00 0
-7.65096084743395521e-01 1.61739816437721706e+00 0
-1.06175988020255492e+01 -8.84006796708505860e+00 0
-4.73797831138421444e+00 9.51458462782112413e+00 0
1.21456707923390306e-01 -1.07795809740179305e+00 0
-2.64378309228062003e+00 -2.65125171777104418e+00 0
4.98555925310010917e+00 -3.98971331879499802e+00 0
-4.92791109264604399e-01 -9.67157008062250134e-01 0
2.69679273373282402e-01 -1.48173832598392896e+00 0
2.11101184932175778e+00 -1.29842938938633101e+00 0
1.05868249538712504e+01 -5.71119742881049230e+00 0
-6.23968346388582340e-01 -2.96135022605326714e+00 0
-7.10430110198101517e+00 -5.62041034360491132e-01 0
-3.65032932073233907e+00 8.12846467409803486e-01 0
-6.07605435682045680e+00 -1.24217196986790697e+01 0
1.38401767225333892e+01 -2.27948196514399293e-01 0
-3.17551321668526310e+00 1.82874689153315706e+00 0
7.14160090464131603e+00 -1.65950522238693199e+00 0
7.20246511269739909e+00 -2.29961574341964203e+00 0
6.04505523160748304e+00 2.42959169821864096e+00 0
-4.93815729274725002e-01 -1.87875275864765290e+00 0
-1.21827091410689703e+00 -1.63958841937880995e+00 0
-1.62552724859226605e+00 2.49477485120371795e-01 0
1.98735691498287803e+00 -2.84088130045573983e+00 0
-3.29393716777388601e+00 -4.25466138943692140e+00 0
9.76781213178428920e-01 -1.46278108998346101e+00 0
-9.83892102055243356e-01 1.11885082233463296e+00 0
6.98705558065371823e-01 -1.38202133379731307e+00 0
6.59438754658016801e+00 -6.94500944195176384e+00 0
-1.54795273349272211e+00 -2.92258088106849778e-01 0
-1.10148543762406304e+00 -1.38084968620004407e+01 0
4.90270551231055174e-01 1.12330108677087792e+00 0
8.92297300318093534e+00 -8.38414150567182714e-01 0
8.92028624901637368e-01 -1.16079700514337292e+00 0
-3.45771658152997396e+00 2.43949116182204107e-01 0
-9.37663549773245508e-01 -8.03599293655889557e-01 0
-6.36078137836716895e+00 -5.17849655897622663e-01 0
9.71307604220418774e+00 5.84244808347372468e-01 0
7.24855768752410157e+00 -9.80803939244941780e+00 0
-9.14497546694284735e-01 -6.06911248251047208e+00 0
1.14901844358055705e+01 7.69399673759448088e+00 0
-1.42213780733166706e-01 -1.25792638030557491e+00 0
-7.54287879832684727e+00 -2.26876683367835597e+00 0
-2.77819490560756099e+00 -5.15127494270979103e+00 0
-1.97096882693139897e+00 4.58452091591535105e+00 0
-2.07205917782632287e+00 8.46810717288454362e-01 0
-1.66007052963048990e-01 -1.07249074720003890e+00 0
3.86241794925778104e+00 -1.97387068527179199e+00 0
-6.80231626005471757e+00 6.69859979479852807e+00 0
2.55261846046257812e+00 -3.13967799942630199e+00 0
3.03046446115492296e+00 2.07274884773432122e+00 0
1.04706625280724297e+00 -2.84141135560189606e-01 0
-1.35771219934195209e+01 -1.99815230647821496e+00 0
1.39170577700636300e+00 5.65633154051870091e-01 0
-8.93161527904638097e-01 5.98172636472702024e-01 0
1.44224395293612595e+00 3.56667894663298490e+00 0
-1.13974790381301405e+00 1.13377970188596100e+00 0
-2.28593829141367194e-01 1.20840519686012104e+00 0
7.55698830077338979e+00 -7.86471448865333667e+00 0
1.76561098171505804e+00 8.24015267149164288e+00 0
4.58355042177424121e-01 -1.48651992369296493e+00 0
-5.32834613081169195e+00 6.49185137981990401e+00 0
7.89510104622588127e+00 -1.15071314362421795e+01 0
1.00107336080758103e+01 4.92832130582281014e+00 0
2.62029198791336393e+00 -4.99869947686272020e+00 0
-5.80467142377581569e-01 -3.58161199197764812e+00 0
-1.01643468421332006e+01 2.49019785064499510e+00 0
2.01288658379840291e+00 -2.38068243753804909e+00 0
5.41278523273008516e-01 -1.25541393312679395e+00 0
-2.30821579252220993e-01 3.69966233945718503e+00 0
-5.50277736177427723e+00 1.68662265064770400e+00 0
6.07741408156730678e+00 -8.49882140861483393e+00 0
1.18316899364550494e+01 -2.41869838183148289e+00 0
7.43935137762637977e-01 -7.90812684329126880e-01 0
3.04398830073253679e+00 3.06484086212591800e+00 0
1.66882277418662994e+00 -4.72023626113087058e+00 0
-2.66919150009890593e+00 -1.42791465613960611e+00 0
2.56873109955696721e+00 -1.78876927013937803e+00 0
4.84671391844110011e-01 1.48304160615334291e+00 0
4.16850556357979141e+00 -4.52249738324524397e+00 0
4.25863583186254724e-01 -9.98629781587707099e-01 0
1.55584735789144402e+00 1.03923547740584807e-01 0
-2.56257145573332012e-01 -1.23548974067895290e+00 0
7.85545327652716008e+00 -2.53182117000333617e+00 0
1.58358524038350890e+00 3.45011643989769412e-01 0
-9.98919467578987863e-01 -2.94639033519409299e+00 0
9.51097996178465266e+00 -4.64916677571260717e+00 0
-4.06302014826499125e+00 -1.11632233667017999e+00 0
-5.06131090747032553e-01 2.57060056356997002e+00 0
4.47378887477180687e+00 2.97269041160700009e+00 0
-2.63985443088147809e-01 1.04577801528539305e+00 0
1.78331096276730894e+00 7.55186002100032105e+00 0
-2.97225976589122709e+00 2.40848003982883219e+00 0
-2.16252915465930906e+00 5.76008937178504965e+00 0
1.13424328308292011e+00 2.80143862285956491e+00 0
1.45440493146558092e+00 -2.20331359839636098e+00 0
-5.87023342908394685e+00 1.05906351545861295e+01 0
1.14375046234365807e+00 -8.44423728035578081e-01 0
-5.52719079368503396e-01 1.43464227428233393e+00 0
4.10811913600205025e-01 1.87221914016546997e+00 0
-5.17356686544508104e+00 1.06915748702788704e+00 0
1.27683447731190003e+00 1.98540223378137992e+00 0
-4.22859845043373372e+00 2.66042463011998898e+00 0
-1.29645053603773791e-01 -2.05993412327728409e+00 0
-7.91493560704307653e-01 1.91051093407249994e+00 0
-2.19347848047351102e+00 -6.33042770692950629e+00 0
9.24486565770559743e+00 2.13332179552517598e+00 0
3.45230634223930499e+00 -3.26398876566694796e+00 0
4.21086730597086767e+00 -1.69331811074733107e-01 0
5.75604801587165404e+00 3.54731243430741294e+00 0
3.17146189559170510e+00 -8.98019474470209289e+00 0
-9.83521641073101804e-01 4.46538955421243000e-01 0
2.90589286147036774e-01 -1.04568925357895592e+00 0
-2.99920807157014080e+00 3.09285640321786381e+00 0
1.25040868346533807e+00 1.47510215795601707e+00 0
-4.01540393959146602e+00 2.02803250850703698e+00 0
1.34134774388001610e+00 3.10358635524689119e-01 0
-2.09758365986051709e+00 -1.12576543807586904e+00 0
-1.13581862335294703e+00 -1.21713968687380403e+00 0
-6.51250020892104331e+00 2.19224343367872621e+00 0
7.96611418276873184e+00 -3.19026836240973610e+00 0
-2.32681662345798879e+00 1.24666840370114596e+00 0
-6.57811354168630458e-01 5.04115826957848334e+00 0
-7.99523711526081993e+00 3.88254244356669709e+00 0
1.46717303423155099e+00 -1.81288062748514700e+00 0
6.97388936118080416e+00 -8.64801979149127398e+00 0
9.23308332679859900e-01 7.86151909527838311e-01 0
4.41043001224747400e+00 -8.46248783324231368e+00 0
8.59730226419630705e-01 -6.55135534366288352e-01 0
-6.54569549251048044e-01 3.86612708331366317e+00 0
-1.95271013058536808e-01 -1.74649504389254706e+00 0
-1.14916994995401489e+00 4.53618278419875176e-01 0
1.23223975373740990e+00 7.18618566253361291e+00 0
-8.30027230500830449e+00 4.96302622276074690e+00 0
-7.08115506239418124e+00 4.09675111205453213e+00 0
-8.26725763926094981e-01 6.93381501388256494e-01 0
-3.70919713299019893e+00 -2.72867537043997199e+00 0
-1.59479510452442214e-01 -1.49063723583769692e+00 0
-9.53996923432896793e+00 -2.00535100137177208e-01 0
1.00356281082595000e+00 6.83484177783724833e-01 0
-7.56007098745160189e+00 5.36931404491530984e+00 0
1.13538381748292805e+00 -3.09466329334300627e-01 0
6.15810937469549402e-01 1.05541922661142196e+00 0
-3.67556390670674804e-01 1.17223825393964809e+00 0
-3.51357833263046082e+00 2.39698292801058610e+00 0
1.28269087751257893e+00 6.53781989985265177e+00 0
3.26693511405864312e+00 -4.12621052568636770e+00 0
-1.30770660562729502e+00 5.77778239404857397e-01 0
4.43562139837703706e-01 2.57430296912068313e+00 0
8.00793112152194020e+00 2.41891553531764192e+00 0
2.02099648157696987e-01 -2.36858605958000412e+00 0
2.13272762452818210e+00 2.41895294138629291e+00 0
-1.35776989525573111e+00 -8.66749273848141399e+00 0
-5.63198066103422335e+00 -3.29358734884498094e+00 0
-1.88315250134069889e+00 5.35518736230306103e-01 0
1.95670867633499301e+00 -1.05025090263136400e+00 0
-2.79157839530092611e+00 1.34919234264531394e+01 0
9.71556624721290563e-01 -8.29155336795096254e+00 0
-2.49069197951715011e-02 2.09812740806639386e+00 0
5.64196776387433108e+00 5.49009882058064225e-01 0
4.28350247053029598e-01 -2.91413417556507781e+00 0
-2.38956623720317918e+00 1.13975490690251000e+01 0
1.05544811211910705e+00 2.14396720506713212e-01 0
-1.17697049922314401e+00 2.51519544912776227e-01 0
-3.34785811684476320e+00 -1.31808155981702901e+00 0
-6.42047865607366486e+00 -9.20821614662194321e+00 0
2.31290201840650411e-01 -7.49775441388024078e+00 0
-1.58174448038822302e+00 1.42905466239073897e+00 0
7.26400558201908075e-01 3.62188388941253603e+00 0
8.44084774458625375e+00 -2.11122556147820184e+00 0
-1.20269103447865309e+01 4.79924963044913999e-01 0
2.03771848863360111e-01 -2.02385806438775084e+00 0
4.02941680799747015e-01 -2.53881945445837109e+00 0
4.85296915860956624e+00 4.95157062311063001e+00 0
4.68204346377079172e+00 -5.31941383210567942e+00 0
-2.12462773824446582e+00 8.45105021440343407e+00 0
6.39507286598595570e+00 3.66306095692246014e+00 0
-6.74707836071569123e+00 -2.64276322357365689e+00 0
-8.92705845568176670e-01 2.63216433467451694e+00 0
2.28632332260701299e+00 1.30106560354142609e+00 0
-2.29025814244019221e+00 5.53047466466268012e-01 0
4.72387788993426305e+00 9.65485843761562812e+00 0
3.58537188338469992e+00 -6.32845127963559673e+00 0
-4.70333459153868905e+00 4.52460792300447001e-01 0
6.75083601780299158e+00 1.72631237118956493e+00 0
8.21274988459593480e+00 3.20246126737090409e+00 0
-8.64858861390790379e-01 2.33512569540543691e+00 0
-9.23244765695559688e-01 -2.03007699307092704e+00 0
-1.62143532512337507e+00 -9.54141441632049236e+00 0
-2.52103158463095189e+00 -1.10141816561510204e+01 0
-1.75400016720034402e+00 -6.49311280221685494e-02 0
-4.39515778144500757e+00 3.59979208728817390e+00 0
-9.48463292922571632e+00 -5.44929385216360807e+00 0
6.77355499704965069e+00 1.21712798272024898e+01 0
1.30172302972082510e+00 3.90262664579441898e+00 0
2.75069825601011175e-01 3.98367165637385812e+00 0
-8.73609676894180787e+00 1.06642533494984892e+01 0
8.48817790871439470e+00 -3.76270199190468432e-02 0
6.00401230560830523e+00 4.71022507885447439e+00 0
1.56350393977900692e+00 4.73833798520992744e+00 0
6.48674705420856501e+00 4.32359000990498377e+00 0
-6.39450866292455888e+00 4.14220933949462689e-01 0
1.36070077357191810e+00 -6.28560622375612343e+00 0
8.36531505342708037e+00 4.84782829121229231e+00 0
-5.21804286822718577e+00 1.14178790972965096e+01 0
-1.34280571353854294e+00 -7.50395853793908718e-01 0
1.84054030694677695e+00 -7.00789991986559535e+00 0
7.43335449288605954e-01 7.84307478621926402e-01 0
-1.19400077603720400e+00 5.82168899804144679e+00 0
1.14803142035516395e+01 3.74108336118116203e+00 0
6.37456630245321065e-01 8.72663998089853177e-01 0
-7.42985669252677838e-01 -7.35664256822305784e+00 0
9.82771360803825544e+00 8.04970096718888506e+00 0
-6.64731497737384935e-01 9.99703497233930705e-01 0
-1.30534865742413714e-01 -8.88701666230477194e+00 0
-8.79515232254548862e-01 -6.39328553005110933e-01 0
2.71690560589562402e+00 9.38862960116779444e-02 0
4.67068109404775988e+00 -1.33419151376345591e+00 0
-3.64024146991108211e+00 -6.35543330952048091e+00 0
3.46979060936209394e-01 1.19712671784509794e+00 0
-1.63662814219628094e+00 7.19943081709248478e-01 0
3.73461304411309891e+00 2.03507161553243199e+00 0
-1.81943512366500992e+00 -2.99021162732789392e-01 0
1.25218906785363004e+00 -2.32474010407087706e+00 0
-2.76918290653721710e+00 9.89051850705167657e-01 0
-2.70688919404710182e+00 5.86270206533011873e-01 0
-1.08140564506333292e+00 -4.82154704007255186e-02 0
-4.30616160846248519e+00 -2.02729590773424206e+00 0
7.27596496718200675e-02 1.07450860528078396e+00 0
1.73055409716558906e+00 1.53623936251864390e+00 0
9.30395439710463279e+00 6.13797531382158024e+00 0
-2.62237638031473597e-01 9.76210157497079578e+00 0
-1.05861385144720699e+00 -1.89940595774140408e-01 0
5.79321147461903063e+00 -5.74518017480712739e+00 0
-4.35570795985106424e-02 1.83058816844686789e+00 0
4.22402589179210164e+00 1.42602594316710096e+00 0
6.76304770174580572e-02 -1.73968177051373196e+00 0
7.20483162064359042e-03 -5.04608471394990499e+00 0
6.59108402096411083e+00 -1.39641939089020495e+00 0
9.18011785597692054e+00 -2.41013856322829279e+00 0
1.23781719488668496e+00 1.38616027464139808e+01 0
-2.08536743201555108e+00 -7.05997923744409173e-01 0
-1.49409025970078591e+00 -1.41070910503072411e-01 0
-1.77568486809626802e+00 -1.48710516736795095e+00 0
-4.16606677965153493e-01 -2.08661441624680188e+00 0
5.51649478691715434e-01 -9.25652196653328208e-01 0
1.24929761667547390e+00 -2.59077079723927994e+00 0
-1.72874550131686000e+00 1.76772046984820808e+00 0
2.48898931399846601e+00 -1.24128739866661704e+01 0
8.34281452828236425e+00 -1.39449328179433407e+00 0
-9.17968912616485611e+00 3.45177615061075604e+00 0
5.90786438607454567e+00 1.08985327649773800e+00 0
-4.74660408700017644e+00 -1.68097331519015003e+00 0
3.86851524231777710e-01 -5.80565162657813882e+00 0
-8.14811133714832492e-01 -9.74000427366774724e-01 0
2.95415177467240397e+00 -1.59900821105235097e-02 0
9.76771527878928403e-01 1.06661958134432400e+00 0
7.78173148222991085e+00 1.20712506456044411e+00 0
1.14043748940344400e+01 -5.13989815530860472e+00 0
-6.68135216561859369e-01 8.45044596008896143e-01 0
2.11522002342660720e+00 -8.81121243271114518e-01 0
-1.24700809991709107e+01 1.41849500731119504e+00 0
1.27140672681338507e+00 -7.31869030413850541e-01 0
-2.75080749549633186e-01 2.43480848219971113e+00 0
1.72851615892308397e+00 5.06928222871942946e-01 0
-8.92943474811783133e+00 8.93514450788766368e+00 0
-1.37242415313656596e+00 2.46054370767488206e-01 0
-1.53304620162880201e+00 1.73668849029486494e+00 0
-9.62695003066901811e-01 7.61106190000540028e-01 0
4.91236278152264561e+00 -3.02303858270779813e+00 0
-1.02131964946478995e+01 5.39534541489287101e+00 0
-3.55514781778818501e+00 3.09862307629126921e+00 0
-1.35608565755789501e+00 1.22905856021899895e+00 0
-7.17331229083566857e+00 1.19423674817634407e+01 0
2.22792797316707203e+00 6.64702659269731733e+00 0
1.21456984645176806e+01 -3.34718472581049209e+00 0
3.09214792490060697e+00 1.77725110107164896e+00 0
-1.30585480604430093e+00 -4.86768693131291175e-01 0
-1.83826313088140103e+00 1.57794575423804306e+00 0
1.39504628865157199e+00 2.41159477766679986e+00 0
1.09517425198312701e-01 6.40313592344974669e+00 0
5.73888448136437557e+00 7.64076004599882896e+00 0
1.81740180345296909e+00 1.94215075824977390e+00 0
-2.13427497421250978e+00 -1.61714671878963201e+00 0
-5.36592079252251608e-01 1.10389368126086707e+00 0
-2.14032331261954978e+00 -2.98660297893743198e+00 0
6.80657585986283120e+00 1.06257199521524299e+01 0
4.87749202404467397e-01 9.57853772954201821e-01 0
-1.08691046731401499e+01 3.52615549966044517e+00 0
3.31862882951681815e-01 1.02462070097041091e+00 0
-5.61439844491362861e-01 3.29107371036490504e+00 0
1.67099221766214101e+00 -1.49720828662028804e+00 0
-1.11881888190684808e+00 7.07784476718699151e-01 0
2.94607770044375306e+00 -5.91295612603050369e+00 0
9.45138617970219030e-01 -5.08921671557912902e-01 0
6.51640653846199580e+00 2.39494347369818394e-01 0
-4.56653339106540113e+00 -4.34811788376777741e+00 0
-9.33076931032976037e-02 1.07174361032537790e+00 0
-3.33827263720817013e+00 1.18907523134987798e+01 0
3.68195764328494102e+00 3.36376791272197684e+00 0
-6.03298376460945640e+00 7.20239430754364296e+00 0
7.35310187532002141e-02 -1.49872466441531094e+00 0
1.13537706524233806e+00 1.00928026638879609e+00 0
2.40614628681024789e-01 1.91180028208698705e+00 0
-1.50564926456071491e+00 9.04304159181062772e+00 0
1.14817035210386109e+00 3.64991151827701310e-01 0
5.65818436288792359e-01 -1.06395580594939210e+00 0
2.01622964507401387e-01 2.39901533278942303e+00 0
5.09599989583245527e+00 8.06368166820860743e+00 0
-3.82141448596839917e+00 3.96289860596680921e+00 0
-1.81604017759531500e+00 2.20123532311435388e-01 0
5.20028364291724632e+00 6.63416352783028440e+00 0
6.76581072863411848e-01 1.76019572482435005e+00 0
-7.29440356845903271e+00 -4.09588116705523841e+00 0
9.73479477523893166e+00 -8.34875909233178448e-01 0
5.56491914918372110e+00 -1.64768853539388993e+00 0
1.23309386762386808e+00 1.18369291753708605e+01 0
1.58432020345318803e+00 -4.25922166227474541e+00 0
-7.98516718814063964e+00 -4.67990967906373090e+00 0
9.44139428076785303e-01 1.96249365854770796e+00 0
-2.27456368450221595e-02 1.54959360153306491e+00 0
3.97592638850423619e+00 -1.21901677168044298e+00 0
4.22664516689185699e-01 -1.15520188661626100e+00 0
-3.70483614511116599e+00 4.47673598872907919e-01 0
3.26905398988460094e+00 4.76337892223364978e+00 0
-1.14732031430106396e+01 -1.05940726500070292e+00 0
-4.55669837514035692e+00 -3.35983842785922882e+00 0
-5.33907540548692872e+00 -9.02006224920502042e+00 0
8.63128630885712766e+00 -3.53172620045521279e+00 0
-5.52993581233133558e+00 -1.22741421849440502e+00 0
-1.42848614114915295e+00 1.04070924409422694e+00 0
7.08034976152040585e-01 -9.63842629624530933e-01 0
-4.01495498299762232e+00 5.04724755226671462e+00 0
7.41447879292720025e+00 5.48951901027604827e-01 0
1.64710446543766897e+00 -5.14013482663067678e-01 0
9.96884131964506182e+00 1.35245306400959908e+00 0
4.41531812295452042e+00 7.12842632289659495e+00 0
6.07911167237126993e+00 -4.51744753899781593e+00 0
4.16577846468175039e+00 5.96583627991938759e+00 0
-4.71294415946161394e-01 1.96786171367518703e+00 0
-1.74257073012107189e-01 2.97074871705016097e+00 0
7.33278230046775459e+00 7.84235295320507930e+00 0
2.54102944738858794e+00 1.74109654235694400e+00 0
9.57572866413657353e-01 1.49689206133570996e+00 0
3.16258880155910793e+00 -1.92773439521233692e+00 0
-3.12735033451284306e+00 -5.19380476069739250e-01 0
6.86809490555169067e+00 -4.57050302473898717e-01 0
-2.59580606746729392e-01 -3.91484442249960596e+00 0
1.35847764255971004e+00 -9.21176297801795485e+00 0
-3.25698632050783887e+00 1.18827721681342702e+00 0
-1.46488459409020799e+00 3.20739806326264398e+00 0
2.94086185968388580e+00 -1.46889221653658408e+00 0
9.02597422806184113e+00 4.46591512278357516e+00 0
-1.03726478739067196e+00 2.89942993788547321e-01 0
-2.17134032791364318e+00 1.99605520654217994e-01 0
6.66746939800852623e+00 6.45472900787469062e+00 0
1.20347410979900502e+01 -7.07584369801276658e+00 0
-2.15467903994222487e+00 2.70188663128605722e+00 0
1.49763223021882297e+00 6.33661394337416084e-01 0
-8.70500264755721176e+00 -4.22193984487454799e+00 0
9.15953637831744238e+00 -1.06064631577323798e+01 0
3.04605541734338114e+00 -2.67492500829464808e+00 0
3.68216971865764409e+00 8.50864325135702337e+00 0
1.58923512928406208e+00 9.05559710918377392e-01 0
-7.24774783685226698e+00 -6.51501795182110133e+00 0
-9.46628088934545864e-01 -5.13821468073157317e-01 0
-1.13329686507694092e+01 -8.05116670000889556e+00 0
-1.74052278512497804e+00 5.20839755603227417e+00 0
4.48375732877016198e+00 1.01865820567091503e+00 0
4.68452739249678174e-01 -1.07122363061431991e+00 0
-1.21450129561766795e+00 7.48265243379786782e-02 0
-7.57390113500409878e+00 2.83487751381219288e+00 0
-1.57518602797010399e+00 1.24158360791261604e+01 0
-8.56998408892647134e+00 -3.34444523011256800e+00 0
-8.73434051610593087e+00 -5.84565765563413109e+00 0
-5.10370904418117632e+00 2.68569206067615784e+00 0
1.45284742067396100e+00 3.57494684688917375e-01 0
-6.40287288629698459e+00 4.52914661117252226e+00 0
-3.32208109416470776e-01 -1.03058216167947791e+00 0
8.07939580253186307e+00 -4.72453976312416568e+00 0
3.05427789874596622e-01 -1.28722308200363300e+00 0
6.81475401812947901e+00 -4.86877046945526892e+00 0
3.89391869480698505e+00 2.79728622009313976e-01 0
1.38363228218771095e+01 -2.39109086327199005e+00 0
-1.19652100652058091e+00 1.04101040103041598e+01 0
-1.07402892259633305e+01 9.35647017350198951e-01 0
2.85493127883936415e+00 7.39995314788356318e+00 0
-7.47359347278463915e+00 1.95723502918868508e+00 0
1.66577950216697690e-01 2.07455119537070409e+00 0
8.69763643905610628e+00 -4.29696230210430663e+00 0
1.73070243075211594e+00 -1.82269066650471001e+00 0
-4.19174653910925288e-01 -1.51262979220326499e+00 0
9.90737064829866343e-01 4.27840185308176191e-01 0
8.57652916609127458e-01 6.53177030964957051e-01 0
8.44027001887752171e+00 1.09898310155241608e+00 0
-8.68158782964061904e-01 2.06437094353637018e+00 0
-7.76121067336055681e-01 9.76826720497353307e-01 0
2.08975728698921781e+00 1.24200757078110993e+01 0
1.99163435799566990e+00 3.85633652269325111e+00 0
3.32289927778679717e-01 -4.43976335880791328e+00 0
-6.80947612220116905e-01 -1.32858223432458700e+00 0
-2.45982723615173882e+00 2.48648496347046111e+00 0
1.17386797739003201e+00 -1.60916355641884490e+00 0
4.47371610891530214e+00 -2.09851201023198586e+00 0
-1.33745223717086592e+00 -3.06060359962503181e+00 0
1.25721443977244607e+00 -1.39107391859614697e+01 0
8.75521546777877013e+00 -8.85384415938444036e+00 0
1.09426284640505700e+00 -4.66134123346847118e-01 0
5.99020537733144209e+00 5.32842251399683509e+00 0
1.00258194451055904e+00 -3.63268682306634116e-01 0
2.03695198670489219e+00 -9.44112521828137830e+00 0
-5.41733123620099022e+00 -7.60716720037353333e+00 0
2.05662161923719911e+00 3.29390089955361287e-01 0
6.69220837271563340e-01 7.94401518860395761e+00 0
-4.16601913710772109e+00 6.17965768883920230e+00 0
-3.27639507772656779e+00 -2.49256219762624409e-01 0
4.88537211161927221e-01 -1.66599128916100092e+00 0
-2.04271589001194104e-01 1.38841089929207295e+00 0
-7.18201966995996033e-01 5.90215639258597502e+00 0
1.32318852562207390e+00 9.02184566949189026e-02 0
5.52218311072860057e+00 4.46759677095443841e+00 0
1.29791613053177901e+00 -1.39946960286434413e-01 0
-1.47898890299844110e+00 3.00231550687303284e-01 0
2.28072642025465289e+00 7.19272552434322598e+00 0
-1.57032827247080697e+00 6.14275302582810756e+00 0
-4.81467435954161260e+00 -7.00160768327869842e+00 0
-4.09878590833439471e+00 6.82751586729861959e+00 0
-7.03957437540143505e-01 1.28812896220976403e+00 0
6.01742688766258293e+00 -2.03167854772379286e+00 0
1.45149535956138709e+00 -1.29829854786173593e+00 0
1.08383905096355204e+00 1.25305002293739398e+00 0
7.69242948318261988e+00 6.48975043562917708e+00 0
2.39041517643254209e-02 -1.13226319773047202e+01 0
-1.07045039546473797e+00 1.36852164724729697e+00 0
4.26324889755205572e+00 -1.46451060192592908e+00 0
1.46837143365465805e+00 2.05905151378498896e+00 0
-4.69883646514406372e+00 4.03730776825678372e+00 0
-2.58110640101463984e+00 2.07887953887134591e+00 0
4.73710932354663594e+00 3.80854803812050990e+00 0
2.50806788880025788e+00 2.41665613788228395e+00 0
-1.01583835324407001e+00 -3.46879211851561120e-01 0
2.39421731080356492e+00 -2.83491306198265702e+00 0
1.47926803021632502e+00 -2.47878583646588907e-01 0
6.47140839495957110e+00 1.06114582646530109e+00 0
-1.39695122954937894e+01 8.22337494629630655e-02 0
-3.07500371145598184e+00 5.08519745261161660e+00 0
-1.01361341333902502e+01 -1.62316457992520591e+00 0
-1.06187064965565003e+00 1.19659963169269204e-01 0
-9.01337257114535717e+00 5.79097722257141001e+00 0
4.22610210484271587e+00 5.02805906656101520e+00 0
1.19149291869863605e+00 -2.44774686091866311e-01 0
-9.19264274160173223e+00 -2.83055344803055720e+00 0
-9.21697781207608924e-01 1.22428007111986692e+00 0
-4.05100586281465169e+00 -1.19028691517954996e+01 0
-1.09763205972987898e+00 -7.16734328064456139e-01 0
-4.76364279406802105e+00 4.64008543312419874e+00 0
9.57813345138948113e-01 -1.76569901521819195e+00 0
1.10884860556990308e+01 2.49032973715858708e+00 0
-6.69099566755654340e+00 -4.49881308142908143e+00 0
-1.81417817898896794e+00 9.85881406298705087e+00 0
4.86136866810835322e+00 -1.93003617224304591e+00 0
4.44319423067270058e+00 -2.53814892473836995e+00 0
2.62750538528651090e+00 -7.64627956943462084e-01 0
-8.37120357982979435e+00 -3.31597801091595090e-01 0
2.20996940400713182e+00 -1.02232917401222991e+01 0
-5.95480524970277258e+00 3.28591559974470604e+00 0
8.03059299522110637e-01 -1.86191584375325592e+00 0
-4.84769514933143331e+00 -5.43374511740592592e+00 0
-1.46324512418051600e+00 -5.81402754606545225e-01 0
9.12417250053103923e-01 -9.66389913530981026e-01 0
-1.50974375281106599e+00 5.50547230745846092e-02 0
-1.34190408129352701e+01 -4.05359007424344142e+00 0
1.21706940982093492e+00 -9.45317317219518047e-03 0
-2.43196934978495305e+00 3.04362908441670399e+00 0
5.73094991836311340e+00 -9.95307322565741259e+00 0
-2.05607144708671186e+00 2.22970730710962606e+00 0
-3.29981050451206681e-01 1.67215267320019501e+00 0
6.97983760549553001e+00 -5.52857585674234642e+00 0
-3.99774350936621881e+00 1.05892208591631096e+01 0
-1.30952157326605101e+00 -3.55021889624580131e-02 0
8.74975267937450729e-01 1.14721206743075399e+00 0
-1.67853878762916708e+00 4.76697198723385618e-01 0
2.79028190667061804e-01 1.26155392103563102e+01 0
1.85810308659325107e+00 1.04854031412559205e+01 0
7.14351319431892762e+00 3.39757385543643586e+00 0
-1.17994707330782092e+01 3.09642665563385799e+00 0
1.24234816662706193e-01 5.86677911733287782e+00 0
9.35216279918189008e-01 -5.34057646960339127e+00 0
2.45042884781950410e-01 1.44936390364829792e+00 0
2.16946900272213217e+00 1.62891677155010006e+00 0
2.06136364855578602e+00 5.45952836970703537e+00 0
-4.99095636937393383e+00 7.77309684849052296e+00 0
-5.66550161141066688e+00 7.80169941738605832e+00 0
-2.51967668604558481e+00 -3.59190159066722492e+00 0
-7.11172662605673267e+00 8.21441929600584331e+00 0
1.38389978440544894e+01 1.87876662912413206e+00 0
-6.33166028783108992e+00 1.24530273714288509e+01 0
3.51833865500500276e-01 -1.00548341974205102e+00 0
-1.10866216971412390e+00 -2.47468031348883688e+00 0
2.58539285859744306e+00 5.10379272220182401e+00 0
-3.66989084208799776e-01 -2.50804269914100386e+00 0
-7.55727216943525981e+00 6.19545839864953862e+00 0
-1.07151055469953294e+00 7.75853506354644917e+00 0
1.71337942650969310e+00 -1.27044209588272505e-01 0
-6.75779668423523905e+00 3.54072068077912983e+00 0
-7.03815361301565101e+00 -1.20509653374495596e+01 0
5.11060683784995806e+00 5.45568624079752329e+00 0
3.42784425457307185e+00 -6.90422144419552186e+00 0
-3.21991209446961202e+00 3.21066022635680626e-01 0
1.18285029188531006e+01 4.59263127675481542e+00 0
2.28451404236047884e+00 -2.38220529771689993e+00 0
7.29673210232100078e-01 2.30398177393314008e+00 0
1.87440945839743200e+00 7.85680618720443591e-01 0
7.52587777014067427e-01 1.33283454386216493e+00 0
4.49878540100627511e+00 2.86335208424767299e-02 0
-4.59621518580193733e+00 2.31399256479464209e-02 0
8.85524761081048517e+00 -6.17260209553032535e+00 0
-6.29943904160185197e-01 1.07870511861770990e+00 0
7.56298147441357149e-01 1.02685969570265190e+00 0
1.32769604527857901e+01 4.51406855400247320e+00 0
4.33671332482128769e+00 -1.20254684496356496e+01 0
2.73836565309101410e+00 -2.33944196229292301e+00 0
-1.25656955079252892e+01 6.21000472569322515e+00 0
-1.21893048329122800e+00 -1.32809009505154590e-01 0
1.57781338062504095e+00 -1.08107445954120092e+01 0
-1.32445051666830493e+00 1.48427796002641799e+00 0
-8.74811818714341216e-01 2.96342484940621720e+00 0
-8.67366213261627217e-01 -8.13523632238343897e-01 0
8.46913057674421665e+00 1.11319140873791493e+01 0
1.00394422689543794e+00 4.90984449808180479e+00 0
-3.67820951703965182e+00 -3.33711440091389311e-01 0
-9.39419162555740317e-01 -1.00112974009703901e+01 0
-2.70042116927892195e+00 -5.29031124202966940e-01 0
-8.65626653616254949e+00 2.35772707628075917e+00 0
1.15747864659439004e+00 2.58552850518655508e-01 0
-8.51974028925708060e-01 -1.38196960948252290e+00 0
-3.39364157166601510e-01 2.20769614456638408e+00 0
-7.06418998725374392e-01 -8.10665187930705855e-01 0
-1.13391024476041995e+01 4.82658743318635697e+00 0
2.25290545049430690e+00 8.76358177140617478e+00 0
-6.52481476610934585e+00 -1.56449699287192390e+00 0
1.79264709150740198e+00 -7.63429871681100880e-01 0
-1.37065760150897393e+01 2.79645652400196498e+00 0
-1.01148559222628496e+01 -3.97365738579492600e+00 0
2.42034731297474304e+00 -4.60254024226295400e+00 0
8.98447978436596406e-01 -2.72162359394916420e+00 0
-7.26589950367870241e+00 -5.65833196741651356e+00 0
-4.33276681052274293e-01 -1.24853049023554208e+00 0
1.12622176383011308e+01 -1.07131049208543905e+00 0
7.05089182349690624e+00 4.57081671650464383e+00 0
-1.66457639892970710e+00 2.08501641589180586e+00 0
-5.53926820083107430e+00 1.35951404554521205e-01 0
3.24264349287378267e-02 5.11751362280655542e+00 0
9.88118985087428570e-01 8.68834795388493064e-01 0
5.57623604007424278e-01 1.26062041059430596e+00 0
3.76819364164569581e+00 -2.31630242273754705e+00 0
1.18125259580560793e+00 -9.50537754506654564e-01 0
-1.91651183277891590e+00 1.20684134553866307e+00 0
2.33354348796866384e+00 -9.74212127109943427e-01 0
-1.05101649817920495e+00 -6.16266800824638028e-01 0
-8.19078791226649172e-01 1.39564809462378605e+01 0
1.65364389234518305e+00 -2.34299594828305091e+00 0
4.29564382252996424e+00 1.83949176447676899e+00 0
2.18518416512202412e-01 -1.17558986390680409e+00 0
-2.92512500230837302e+00 -2.94749273484403895e+00 0
-1.09569330133093090e+00 -4.63797497169890993e-01 0
-2.78219732952358079e-01 3.41534905794916721e+00 0
-1.05371874350490602e+00 1.78427816897440294e+00 0
7.44287607219295211e-01 1.94658248506075204e+00 0
8.96953794374476132e+00 8.08033240790659413e+00 0
-1.05832283108811698e+01 -2.48191641466276192e+00 0
2.11514733903150187e+00 -1.74212948831390602e+00 0
-4.82420741132132314e+00 -9.11088401907457657e-01 0
5.34972149797730889e+00 3.80231432472005615e+00 0
-1.09888564845495806e+00 -1.38896741645729693e+00 0
-5.27415571336354749e-01 8.14741963089616661e+00 0
-1.05819068299871799e+00 -9.58265674592795880e-01 0
-2.50215653888666800e+00 1.92760605237958710e-01 0
6.65003030110739801e-01 -8.36821481460365946e-01 0
2.75607223934561008e+00 -3.28458427911234974e-01 0
2.71242015708992179e+00 3.29250775179101896e-01 0
2.59269847908388085e-01 -1.69178545090501409e+00 0
1.43533897095838792e+00 -4.58810277146583012e-01 0
7.79770298348036839e+00 1.12191800645278002e-02 0
-1.65631238908796896e+00 3.41645928023323808e+00 0
-1.04135270519153593e+01 9.48112050804137851e+00 0
-6.35066190476125758e+00 -6.69252717238194172e+00 0
1.25621716653563209e+00 -1.14854985011668509e+00 0
-1.32202270194446108e+01 4.64329778886251621e+00 0
-2.70021957748523489e+00 2.89142308561638206e+00 0
-4.98027566161024282e-01 1.33117641838439793e+00 0
1.82035554226404894e+00 9.55071122380932613e-01 0
-1.46758547873364797e+00 -7.26206529114222832e+00 0
5.61465103697537327e+00 -3.21092874930835581e+00 0
-4.91913524019656712e-01 -6.51249080043772821e+00 0
1.03718359724252203e+01 9.42796215636088064e+00 0
2.45048569109329284e+00 3.48179677638206719e+00 0
1.55844933122480911e+00 -7.45141267345221525e+00 0
1.06222987426011106e+00 -1.01298446239042694e+00 0
-5.27950198669282056e+00 3.31779212240182186e+00 0
2.95790149822765081e+00 2.56080605512937387e+00 0
4.78050512629813018e-01 2.06255288369210188e+00 0
2.07749563437699702e+00 1.46475431193957312e-01 0
-4.20304590542303558e+00 1.44879692717307593e-02 0
7.21839458740255413e+00 5.25683290211822740e+00 0
2.89526855246490289e+00 9.37329945641680817e-01 0
-1.95527578664571200e+00 3.88139349917517473e-01 0
-1.30891706031313793e+00 -2.43867446478539890e-01 0
5.32029339060682460e+00 -8.37246078016247730e-01 0
-7.98438550986067241e+00 -1.06300550297159191e+00 0
1.57571328175220904e-01 1.16932323616547906e+00 0
-7.45051902310793102e-01 -8.37284925728310192e+00 0
8.45025061650111153e-01 -2.27069755090266190e+00 0
2.50576287062789094e+00 1.33370164669030600e+00 0
1.10401200785502507e+01 6.24192768366372785e+00 0
6.95085783846573046e-01 -1.05220237295588093e+00 0
-1.62994444966880603e+00 2.93960372288187921e+00 0
-9.60732305466062897e+00 7.33206225329440908e+00 0
-2.16565199610936787e+00 -2.05187692577389197e-01 0
-3.56679886618802300e+00 1.44700614261430105e+00 0
-9.95134702277470501e-02 -1.17791052611687208e+00 0
-1.17952569569178802e+01 -5.04574121716153723e+00 0
-1.95359016543458913e-01 2.10461741492054211e+00 0
1.00605949240401795e+01 -1.38554946596800510e-01 0
-5.57114636769844385e+00 -4.50863456519510386e+00 0
-3.04198503806910825e-01 -1.44582929067405308e+00 0
-4.28107987034798665e+00 -5.75910605264943976e-01 0
-6.20639933083196316e-01 2.32126786162345811e+00 0
4.62185982884541713e-01 -1.35238408335509597e+00 0
8.79872802741701210e-01 3.85979461759339904e+00 0
-1.68325628000114702e+00 4.46437192288228157e+00 0
-3.12377296110348279e+00 -1.37013614328591693e+01 0
-4.13444146621890329e+00 -8.28386012764399204e+00 0
5.39157386602949362e+00 -1.29365910258091308e+01 0
8.98785653243347360e-01 -7.81742105579257385e-01 0
-1.25247769208313393e+01 -6.62312879793789566e+00 0
-3.72598338078168112e-01 1.87135684038867911e+00 0
3.95511207515191598e+00 -5.58602143071472312e+00 0
1.35602519115788600e+00 1.02986486952614098e+00 0
-4.61911481634414756e+00 -1.26829011262739200e+00 0
-9.15555334661448583e+00 1.68345228006631209e+00 0
9.19070010870234810e+00 -3.10131040591704910e+00 0
-1.83611080206190591e+00 7.03402365070271096e-01 0
-6.98700957442234483e+00 2.97434532088683579e+00 0
3.04187929606311203e+00 -5.43617500620003025e+00 0
1.87453208558883300e+00 3.23049315209466403e+00 0
-9.44522616347725052e-01 9.37628588718250833e-01 0
1.06288406277809111e+00 1.36825293668467490e-01 0
-5.77349839845812784e+00 -2.29937821505598183e+00 0
1.28340255724611607e+00 -1.86980234137991697e+00 0
5.06727398723710287e+00 2.27300168351419885e+00 0
-1.28311839957563789e+00 8.78147300731728087e-01 0
4.81049435614195620e+00 5.96615254225277614e+00 0
-1.50272173346043392e+00 4.14180403448346723e+00 0
1.99679034535525801e+00 -2.04913960828332486e+00 0
1.12126397386403509e+00 -4.11662848964625461e+00 0
-1.50180215023799191e-01 1.73109434548352303e+00 0
4.52447128673469656e+00 -6.47740402587737929e+00 0
-1.43796893552117999e+00 -3.81249926530742611e+00 0
3.24259761844850214e+00 -2.59634041544879623e-01 0
1.18406756662468893e+00 -7.44278098209534389e-01 0
-5.94841894944294225e+00 1.49478763648571711e+00 0
-1.05306204370809203e-01 -9.61823747283436781e+00 0
-2.11697079969619395e+00 -2.25838302541421410e+00 0
1.48997760158161596e+00 1.69950479531562393e+00 0
2.52837079447325985e+00 -1.03402313732039106e-01 0
-8.46046853710863545e+00 -6.62932290579802785e+00 0
1.15937260720195590e+00 1.70714129730349895e+00 0
-2.54646431391119821e+00 -2.02096112090218183e+00 0
2.95455423880661705e+00 5.69282742087010174e+00 0
3.12100732533029790e+00 -1.32950790466191404e+00 0
2.96848640352733506e+00 -1.03977675330297394e+01 0
-1.43184427484495109e-03 -1.32279807329623700e+00 0
1.95184985389842791e+00 4.64778904324218889e+00 0
-2.36617113304930715e+00 -2.63223104982876599e+00 0
-7.49666107657082126e+00 -7.83487347074108609e+00 0
-2.72257215192584878e+00 -2.28911661746744910e+00 0
-2.87888395774769412e+00 -8.84466964643124598e+00 0
-5.72861274263389730e-01 6.47370507546307206e+00 0
-1.33330391213900690e+00 4.57142888613257581e-01 0
5.60528987293040792e+00 -9.09428119648771727e+00 0
2.60509942080983903e+00 -1.26211207869952591e+00 0
-7.33231250053860362e-01 -9.32202610044440050e-01 0
-1.23757506520490002e+00 -5.64006644206572982e-01 0
-1.13576453028689195e+00 9.10549780196614478e-01 0
1.25435856188925197e+01 -6.10409011581350480e+00 0
-7.13680717900919692e-02 -2.73142097073089385e+00 0
-3.66178329434039218e-01 -1.71529873424352308e+00 0
7.84316691683563549e-01 5.27630197251962940e+00 0
-7.34289447946698193e+00 -1.70700568550866194e+00 0
9.73331603070783036e-01 2.54670021007445602e+00 0
-7.70822938720651596e+00 8.85063922894173238e+00 0
5.72785131686338156e-01 4.19661078318118630e+00 0
-3.05729585214513921e+00 -7.64739548253688373e+00 0
4.57171536144629576e-01 1.37823569579722705e+00 0
6.45081470677589230e+00 -5.96120182606379778e+00 0
-5.21040694868057663e+00 3.85237060025009104e+00 0
-3.53929219292668518e-01 1.34778917137004495e+00 0
-2.89455335898772903e+00 9.32746222842336792e+00 0
8.20284020906158040e-01 -8.18696705833434790e-01 0
-1.04406600411492900e+00 5.57508888328055563e-01 0
1.65571626697532692e+00 -3.21337258498850475e-01 0
1.43180399198731889e+00 1.44071801518104892e-01 0
4.29104811587815860e+00 1.12358177404029007e+01 0
-6.65241012704336310e+00 -8.03426387710840473e+00 0
1.10752676718109111e+00 2.31654970970235397e+00 0
-8.22561357084880029e+00 7.31143712120632205e+00 0
3.41554293798711095e+00 1.05706721453653198e+01 0
5.93769126200954900e-01 -1.98627868428750598e+00 0
1.02821220826384696e+00 9.14297001091476602e+00 0
1.33965961899969410e+00 -1.55605278926127899e+00 0
8.65237943249112407e-01 -1.05691394241237502e+00 0
6.11165449370220770e+00 1.96892273337013490e+00 0
-8.28766260146821665e+00 6.48899279037309640e+00 0
2.15605222721730794e+00 -8.08075588645575671e+00 0
-2.13507308404453511e+00 6.12962953124111753e-01 0
3.94220424051575202e+00 6.52749829157728190e+00 0
-1.95127628541892006e+00 3.00707878799935813e+00 0
6.27282677066271499e-01 -1.49745400685953700e+00 0
-4.91843229634212431e+00 5.42125751077468543e+00 0
5.50791971467194319e+00 -3.82876121319397589e+00 0
2.93378058281431198e+00 1.28391767404188295e+00 0
2.95712943929369798e+00 4.25739439859375590e+00 0
1.28749257813941997e+00 1.81526784736722901e+00 0
3.22399707829778492e+00 -4.57471330159126843e+00 0
-5.03036101807543279e+00 -6.31493624824822763e+00 0
7.87082667569759115e-02 3.75748572544121817e+00 0
-1.92185235608936189e+00 8.31575116258987945e-01 0
-2.33773661571638902e+00 1.07987350751482497e-01 0
1.75085854219260906e+00 -1.27292485823441104e+00 0
-1.01331219188451693e+00 3.39182532356969579e+00 0
-2.84965319769868808e+00 -1.69740787234639701e+00 0
-2.29393800820756688e+00 -6.98966427662510603e-01 0
6.09605916566038264e+00 -1.10347151611248595e+00 0
-7.79737681181206788e-01 3.48866188755764295e+00 0
3.12242798283280099e+00 -1.13089663741571194e+01 0
1.21408594925198199e+00 6.63453479392567269e-01 0
2.21826613366322389e+00 6.44274645057457573e-01 0
-8.16134004198670882e-01 -6.81357343490619272e-01 0
-1.38782544201335201e+00 2.01581429192822004e+00 0
-2.44275488647925787e+00 4.39811308462354222e-01 0
8.86264093490171101e-01 -1.57613601952747007e+00 0
8.73206420015887469e-02 1.80652305030396798e+00 0
-2.75626593995083810e-02 2.35514834940085604e+00 0
-3.51461039339356995e+00 2.10973842121031296e+00 0
1.26929691453903501e+01 9.44544616913689183e-01 0
1.09240799109821900e+01 -4.27684842437953883e+00 0
1.72844951034647210e+00 1.16862881759610393e+00 0
3.07928353717625214e+00 1.36464529120174891e+01 0
-1.82089341271736993e+00 3.80041559862397982e+00 0
2.57337641761308689e-01 -1.38015696625505191e+00 0
-5.01750948272453723e+00 -8.31960353225200322e+00 0
-4.85076360222211633e+00 -9.64560991996456707e+00 0
4.14791375200388757e+00 -1.78285751942828297e+00 0
4.98204570253445223e+00 1.31705643772576995e+01 0
5.60953082127337144e+00 9.15525822798203137e+00 0
-1.16226509602170403e+01 -2.15971196631645812e+00 0
8.59985947215155022e+00 9.62693489119729051e+00 0
-4.70867275494415694e+00 1.32402020336449109e+01 0
9.41237464532720169e-01 6.24652052365614363e+00 0
-1.05560693200512601e+00 -1.18938336407954301e-01 0
7.05783100655801032e+00 2.42685156737116614e+00 0
5.48730302279153773e-02 -5.58513898861812663e+00 0
-2.61448667983456984e+00 4.14214679794633156e+00 0
-1.05444455502397205e+00 2.06403169063203107e+00 0
5.85992727991805840e+00 1.29692280645356289e-01 0
-3.44079120362790780e+00 4.31246919713456389e+00 0
1.06556166315074807e+00 -5.89152261058789387e-02 0
1.06854932263824698e+00 9.34380164040265852e-03 0
-6.30345852467990575e-01 -1.57501839752359896e+00 0
-1.76814649938148594e+00 -3.34614140430646101e+00 0
-6.18794098044690166e+00 -3.38092265303499717e+00 0
-8.98230796032418866e+00 -4.77645985216631208e-01 0
4.92429120945770471e+00 -1.35594480871333189e-01 0
1.05214171748393803e+00 -1.77919916816704993e-01 0
1.91879945340799796e+00 -1.18113901421880807e+00 0
-3.62251532156181888e+00 -3.29058963432910900e+00 0
6.37356635184015641e+00 2.75070504971354080e+00 0
1.79077282005033700e+00 -2.01083315701251486e+00 0
1.06567506026755900e+01 -2.52815329177949222e+00 0
3.97086443376375886e+00 -1.28365474512073998e-02 0
-9.39552945918154059e+00 -4.55386765348560996e+00 0
3.82599529442585107e+00 -7.42960347062090865e+00 0
8.65117133985132680e-01 -1.38908211702866091e+00 0
-8.87177770874440941e-01 7.61664816256559796e-01 0
2.86020526496127303e+00 4.65212234614112374e-01 0
-9.62739972996164872e-01 6.43959282528145271e-01 0
5.60876366676395718e-02 -1.19248239098989495e+00 0
-2.00635547330904718e+00 1.91722767715879594e+00 0
2.43913641230264888e+00 6.03063688002819109e+00 0
1.33189108389125899e+00 1.23834943383168405e+00 0
-7.05639561062210985e-02 7.39721904341556691e+00 0
-5.11290483631730908e-01 1.53508550569064095e+00 0
1.80610971452028091e+00 2.28566596299804803e-01 0
-1.82605132345078602e+00 -8.15294049611088667e+00 0
-3.82633279277278504e+00 1.08062535110519597e+00 0
3.21539133450720005e+00 2.29493389230399814e+00 0
-6.78481440668397440e+00 1.09093331690650297e+00 0
-3.50355344606913688e+00 5.99184888434370944e+00 0
-1.46240402940673708e+00 4.32450710585685627e-01 0
-1.51161953802966798e+00 -2.16507062237382897e+00 0
-7.40470286233681829e+00 9.52149600605093838e+00 0
-1.50082290461571599e+00 -8.78011080662210008e-01 0
4.77688243209753072e+00 -5.88210674466245975e-01 0
1.40201042208422400e+00 -5.14318201839090994e-02 0
1.87242778382689901e+00 -5.16167698725345625e-01 0
5.88294724344509934e+00 6.32943753469689430e+00 0
1.26763141620999704e+01 6.21542276061015730e+00 0
1.06207750169009896e+00 5.09663022752079198e-01 0
-5.67475826960218743e+00 2.31295685363598880e+00 0
1.54222180053850000e+00 1.07026357098276192e+00 0
3.24728134768156806e+00 3.97201953631501103e+00 0
-1.55475983251307004e+00 -6.51579763147688862e+00 0
-2.09297025488400390e+00 1.04327220371425300e+00 0
1.10382640964249408e+01 1.64194305026410491e-02 0
1.62907822801638691e+00 1.90401701315422911e+00 0
2.50732777644580995e+00 -8.88879729209324054e+00 0
-1.40869238930175609e+01 1.02775038215263104e+00 0
-8.64282771127529159e+00 -9.45065448745778980e+00 0
-8.41713840481161824e-01 -1.61717527945213302e+00 0
5.95681182679912546e-01 1.51360863090806497e+00 0
1.92827148324817510e+00 -1.10455970077963705e-01 0
1.09800481782356907e+00 -3.24756595311034513e+00 0
-1.05969299991180694e+01 6.27622130409919077e+00 0
-3.78590262269851485e-01 1.49722123908082305e+00 0
-2.41840505956273910e+00 -9.55002374576325508e+00 0
-5.63939657515849202e+00 5.35740645196599097e+00 0
-4.18452097531435285e+00 1.39953112183045292e+00 0
1.82192222072450694e+00 -9.84992307440545001e-01 0
-6.12006079225582478e-01 -1.03233526856188096e+00 0
-2.71903287992826304e+00 2.56052871512351699e+00 0
-5.48232300847670562e+00 -5.15564969632499182e+00 0
6.49897427532940331e+00 8.82452852413836908e+00 0
-9.92030570316300420e+00 -8.44501563359497354e+00 0
-6.67760575939321299e+00 -5.24919490766070407e+00 0
4.86941740001526657e+00 3.05564080610470290e+00 0
-8.01818847023560366e+00 -3.02068233998822722e+00 0
-2.70301478126049322e+00 8.53414160817115430e+00 0
1.91510255820708308e+00 -3.49824691526644027e-01 0
-2.55814444898021698e+00 6.54854452595582170e+00 0
-1.28562248315315397e+00 -1.22325134769844190e+00 0
-1.16970470004057203e+00 2.25944649450469903e+00 0
-2.19267209427597898e+00 1.39203018876707008e+00 0
8.76272877337927092e+00 2.03486813037452396e+00 0
-1.02502220307966105e+01 -5.64632099401855658e+00 0
7.45906220881114912e+00 -3.56401044236240105e+00 0
1.31686675172675804e+00 -1.27158731036646211e+00 0
-2.04525162438164898e+00 7.98951729775846942e-02 0
-2.04252320129588094e+00 -7.28831470077689336e-02 0
-2.46170334136761992e+00 1.10879010514273402e+00 0
5.54816700902953985e-01 -8.07357162396488981e+00 0
-2.17950018185862282e+00 -3.85335143672638702e+00 0
-6.13741230632504564e+00 -7.35847179017158570e+00 0
-1.74105244806041792e+00 9.74795191253542526e-01 0
-4.42906057473243830e+00 1.02885881716505501e+00 0
7.50496568269256370e-01 -1.20995199710131307e+00 0
-1.30835536697270305e+00 5.44006072902276827e+00 0
1.57677774063681508e+00 2.67690466061787902e+00 0
3.77392461480201380e+00 -4.83681144114806472e+00 0
2.88727226930638903e+00 -7.05630618013573141e+00 0
3.16470382129425998e+00 -8.35204498191203459e-01 0
-8.08790051785218367e+00 -5.40954003071572398e+00 0
-8.22491174877893472e-01 8.58074800966439399e-01 0
-3.93343772331123609e-01 9.86798748700166817e-01 0
-7.74372654389582693e-01 7.39325575213924946e-01 0
2.46652339729547210e+00 9.17559660132886479e-01 0
3.13644381161333019e+00 1.97190990179517994e-01 0
2.18886558103829598e+00 -1.39060632420044996e+01 0
-9.91845906013793588e+00 -3.06915393686263815e+00 0
-3.66808798519616119e-02 1.36402949016095398e+00 0
3.73897361660697580e+00 1.20107062086243808e+01 0
-4.26006978741976794e-01 1.07693389971657894e+00 0
4.46123368123612918e-01 1.16861802257581804e+00 0
1.38471359115509696e+00 4.26440675350388609e+00 0
-5.02820571076456435e+00 6.26243021467138949e-01 0
-4.51735781400734560e+00 8.26263474328886005e+00 0
4.51804781539758160e+00 3.78437975759601808e-01 0
-2.93848681607298001e+00 4.92006395362979021e-01 0
-5.71772107803374130e+00 8.87033391484033196e+00 0
-3.16489891017370306e+00 -2.14206993811339519e+00 0
2.06231902724079497e+00 1.05776151961514797e+00 0
6.19737729333001752e-01 -3.08468929011982107e+00 0
-7.42815267017719982e+00 7.40949792947299724e+00 0
4.45084050115537477e-01 4.59865413283356617e+00 0
5.21113265343403409e+00 -2.38953769922872983e+00 0
-2.37000918920196790e+00 8.74503308634715704e-01 0
3.35734354486094722e+00 1.02408508865179293e+00 0
-1.02155671521181901e+01 -1.30171572338539293e-01 0
-2.35065296863772222e+00 -1.08948230532030799e+00 0
-1.09616960950509892e+01 1.80383900849482903e+00 0
-1.22202775267119201e+00 1.56829536186061902e+00 0
2.05863058661832798e-01 1.03805333631335595e+00 0
6.78567256450688272e-01 8.12792020833092876e-01 0
2.23839672925396110e-01 1.13487820324069610e+00 0
2.56021352735679697e+00 7.26017045429002250e-01 0
1.57636127124961400e+00 -8.46386440066923873e-01 0
3.37209576775054298e+00 1.55764800795085007e-01 0
-1.22940092645159305e+00 4.07270390523176096e-01 0
-2.69712215784152587e+00 7.79362347117779186e-01 0
-6.13072128092050672e+00 -1.01780954286049807e+00 0
-1.14988583694340507e+00 -2.09034134684308287e-01 0
1.00287719708207295e+01 3.44955044525856991e+00 0
3.14092186760923298e+00 8.38558447000814167e-01 0
-1.37564260086761903e+00 1.30297704841499495e-01 0
-3.87432956444395293e-01 -4.29290068331898222e+00 0
1.11101890578051199e+00 -4.87682509461804692e+00 0
-6.11095039353477265e+00 -4.25865196648995870e+00 0
-1.77234784554991309e+00 -1.25394529116015807e+01 0
-1.41892126049625911e+00 -3.52021851862856727e-01 0
3.83220926441476095e+00 -3.07826957737526419e+00 0
4.21240574503056209e+00 -1.01407406673828309e+01 0
2.16728254619637095e+00 2.76038807758960392e+00 0
4.27133049767049311e+00 -4.77309095199791700e-01 0
-3.18287027681618984e+00 6.57017281662417929e+00 0
-7.91737490170723923e-01 8.99931160289090926e+00 0
5.20475123500094305e+00 -4.98144329660796981e+00 0
-9.67138169058199360e+00 -1.02283684312891694e+01 0
3.75954289410922682e+00 7.75546610164552064e+00 0
2.74975228151760920e+00 -7.68817996698279238e+00 0
-5.26543029104553995e+00 -1.05442852415131405e+01 0
1.95181637075384296e+00 5.84022458406597167e-01 0
-8.21437660178696238e-01 1.05663783886079510e+00 0
-8.32118867180032584e-01 1.37116868764447997e+00 0
1.10932432168703010e+00 -6.15937602604783585e-01 0
-1.96932980303269001e+00 3.31493951241616180e+00 0
4.02284480727446214e-01 6.77876537773431043e+00 0
2.27601453845231810e-01 8.58058396175068339e+00 0
1.51733474255503409e+00 2.24942237925417698e+00 0
3.07767817244293196e-01 1.11035173290914297e+01 0
1.16165038948095489e+00 -3.98847782690951280e-01 0
1.41998805532277905e+00 -1.04772278907454908e+00 0
1.09448203011590506e+00 -1.98392984943466599e+00 0
-1.65787756760069094e+00 2.28837086584660909e+00 0
-6.02532291583322888e+00 -5.56127207790071143e+00 0
-7.42322550968556372e-01 1.50557872991202402e+00 0
3.20889356943220116e+00 7.23002100481660559e+00 0
-3.20305173808794619e+00 3.64700348408968988e+00 0
9.19649320893249023e-01 5.26022255670009709e-01 0
-3.07255995334474785e-01 1.23769550067330791e+00 0
-5.92327669114740818e+00 -6.17877741408547188e+00 0
1.12389416307892809e+01 -8.52438999334719405e+00 0
3.82957607289584478e+00 -1.37847457300743308e+01 0
-1.73832485506202095e+00 1.38761584636465796e+00 0
-1.41868558656480004e+00 -1.31982833470868810e+00 0
5.30064585247782372e+00 1.16152367150171703e+01 0
-2.90280755624331421e+00 -5.70497812591085474e+00 0
9.99446453627984965e+00 6.81154587426151714e+00 0
-8.39138141256621850e+00 -1.98585329867175897e+00 0
4.63032797588881273e+00 2.55205396670167195e+00 0
-5.36391893856524082e-01 1.15075233069796106e+01 0
-3.69224109627577901e+00 -4.06909928771985197e+00 0
1.18662518737867000e+01 5.79744236919421319e+00 0
-6.89989665264698981e+00 1.09589785605126107e+01 0
7.56614963897802628e+00 4.08959794212722372e+00 0
-5.62334798902109023e-01 -2.66920438351895495e+00 0
5.22420851899879302e-01 -2.14400537890832421e+00 0
-1.60395636173933198e+00 -4.26012890056453708e-01 0
-2.36774126194109780e+00 1.97910866831919496e+00 0
5.32689517266481527e+00 2.61092389155265403e+00 0
2.24198882219437801e+00 3.54818881533142186e-02 0
4.51951465720453793e+00 -7.13294272581090727e+00 0
3.46909753919381902e+00 2.80790819860539420e+00 0
-2.70763557841567186e-02 -1.06421405960734194e+00 0
-2.07041616027420483e+00 4.21159190394666361e+00 0
2.59606527365196627e-01 -2.19520350639910289e+00 0
3.15520016865605213e-01 -1.11419825837393005e+00 0
3.20656955304075586e+00 1.31018548210027297e+00 0
3.90924321467675506e+00 3.68854257969866195e+00 0
7.96646038513388555e-01 -9.03228818211994189e-01 0
-7.24233667467267139e+00 -3.47017282462480114e+00 0
-3.01252611662902892e+00 8.79380388986013672e-01 0
-2.79668003350543981e-01 2.85556770145766192e+00 0
-1.42885229440789496e+00 7.96391839371676791e-01 0
-4.23323204027036715e-01 1.71134123293539409e+00 0
-4.85449549986197137e+00 2.37503623690138799e+00 0
1.27654695276783503e+00 3.82214670075779306e-01 0
-6.41895767739877066e+00 9.49825327553127430e+00 0
1.37734650315033207e+01 3.67412705876664614e+00 0
3.08100066418359919e+00 4.40443383098569785e-01 0
-6.15480194877788378e-01 1.84539614854340495e+00 0
2.29181062700422178e+00 3.84814118529043681e-01 0
3.06987122142463376e-01 3.42141631372490185e+00 0
1.03113520987533502e+00 2.80258997765748197e-01 0
8.02298196401528152e+00 -5.29730546006057601e+00 0
-1.24235008738357706e+01 4.34103443902363040e+00 0
2.87221668397770413e+00 8.31381703977264053e+00 0
9.89086216473404356e+00 -5.15883062512969026e+00 0
8.44010410687064255e-02 1.37551809239185707e+00 0
-1.30895720261947908e+01 -5.04167713667084705e+00 0
2.76470188061804389e+00 7.39950340808114615e-01 0
1.38174929089418104e+01 -3.36754908527937102e+00 0
5.68292641003116294e+00 -2.55213655806752415e+00 0
-1.23549659085546693e+00 4.72272697768995275e+00 0
1.11671798116089005e+00 7.69108582629519533e-01 0
1.16838285741531700e+00 4.35844930369146469e-02 0
8.56087696516337093e-01 1.26154515762700004e+00 0
7.17844782204687437e+00 -7.22492456242900527e+00 0
-2.67363337791648004e-01 -1.16674892518907591e+00 0
-6.07865681442060213e-01 -8.73059455237182647e-01 0
-1.30275805621476204e+00 1.72873514015571006e+00 0
-1.58426645417338197e+00 -2.73623308411779487e+00 0
-3.31243253369986812e+00 -2.65417982647020700e+00 0
2.10233051004487814e+00 1.88828484065649405e+00 0
-1.23614457783078602e+00 -6.70615255046764780e-01 0
-6.38695588644228085e+00 5.30018933844744744e+00 0
-2.46936211546343198e+00 1.34580275288707596e+00 0
1.40518497952613197e+00 -3.10515597654647690e+00 0
-1.01212781884995703e-01 -2.27007874548011701e+00 0
4.33595410076033416e-01 1.73716407876572410e+00 0
-3.58310303334515590e+00 -1.74027458004170499e+00 0
6.00440008543547243e+00 -5.31617503153319682e-01 0
-1.26810693313574108e+00 1.37679237218187400e+00 0
1.73337675235815092e+00 7.00036295748754783e-02 0
-1.13878216660660603e+00 -1.09407896160721592e+01 0
1.45377836783314196e+00 -6.68079530335928262e-01 0
-1.69082279510374600e+00 3.44747352216058123e-01 0
-8.50736958317662229e+00 -1.12004073054745508e+01 0
1.00985276169157689e+00 -7.07095924267876819e-01 0
1.39729508342320696e+00 -8.69351656025802666e-01 0
-2.08158260119496896e+00 5.44060763159241656e+00 0
-5.11919162816486040e+00 -1.64122302252600805e+00 0
-1.52501001276309300e+00 1.29078787286330710e+00 0
1.63768349120507906e+00 -5.21699693450242474e+00 0
-1.08086910794413504e+00 -1.93805487376404195e+00 0
-1.72529178618754409e+00 -9.41637872074062798e-01 0
1.86628032740060501e+00 -3.24720402712081713e+00 0
2.82139487008782996e+00 -3.07129132285528694e+00 0
-1.68206041602192297e-01 1.23552685736548007e+00 0
9.57160976168442623e+00 -8.79135427221617327e+00 0
-4.76856809061563192e-01 9.56615131469959024e-01 0
2.42422243356986311e-01 1.30259708117663298e+00 0
7.54630323536514602e-01 2.79774716862909001e+00 0
-4.25394156990176775e+00 -1.09841702670194401e+01 0
-4.44720928002383342e+00 3.25156983815242606e+00 0
-2.68338674670984512e+00 1.87590881213316196e+00 0
-4.32600181057149058e+00 -6.90247800678965806e+00 0
-5.05534083472773244e+00 1.85460136590724400e+00 0
4.08496244872892067e+00 2.85764513615706983e+00 0
-1.60365155538725901e+00 1.13734400742189901e+00 0
4.87940900517855969e+00 -7.71883035410253715e+00 0
-4.49455646265850195e+00 -4.90837201058300376e+00 0
9.64328442306731648e-01 -1.04199485573457693e+01 0
-2.49201079651076407e+00 1.63830402749693693e+00 0
1.60646670237883793e+00 -9.97963755264641428e-01 0
-3.25409057093250320e+00 2.50899270279617115e+00 0
1.44388040811205398e+00 -1.69458777697742602e+00 0
3.92439468474513609e+00 -1.13669943054443099e+01 0
2.68372683465483014e-02 -3.30267923653077800e+00 0
1.26267821198138797e+00 -5.76328239301870493e-01 0
1.01910664098240193e+01 -9.82385375024419183e+00 0
8.69735539478860176e-01 -2.10967413065981679e+00 0
-4.81406597355320720e+00 -1.32811373455772692e+01 0
-5.74519315752207493e-01 8.92598950214321230e-01 0
4.81129454545494994e-01 -9.45335213697597543e-01 0
-1.16608946676589609e+00 3.67750906404176803e+00 0
1.63446550256684708e+00 4.71147696098217883e-01 0
-3.91012701954040098e+00 1.74175881902203300e+00 0
1.61016952127951107e+00 1.40496475657103992e+00 0
3.58203254432385609e+00 3.51386264964538397e-01 0
1.69494923305711698e+00 -2.78977165999633803e+00 0
-1.10770431916471901e-01 -1.36309785902632807e+00 0
-7.75979138132999413e+00 1.03114181430891598e+01 0
1.08304266731370599e-01 2.75173154907806294e+00 0
-9.72739485088725098e-01 3.91752934936846620e+00 0
1.83358381700028805e+00 4.14413945457783939e+00 0
2.68440243093582520e+00 -3.63363617733253008e+00 0
-1.49594358357314205e+00 9.50904314227323577e-01 0
-1.37561811378312004e+00 6.62382102137736517e-01 0
-3.39026935814906816e+00 1.73994870469127805e+00 0
2.84761127935340497e+00 -1.72196728915661690e+00 0
-3.77979276323227120e+00 8.39751803985640422e+00 0
-2.97997898543242190e+00 9.06779555940636917e-02 0
7.46279941012223724e-01 -1.58323816374713799e+00 0
1.57158194302156606e+00 6.16560762234925175e+00 0
-5.78362977180205196e+00 -2.84004465797589978e-01 0
-1.12686979647745300e+00 -3.13658456465357505e-01 0
-3.50008028150088912e-01 1.10881397580639995e+00 0
-3.66651809074253321e-01 -1.08600297630938591e+00 0
6.52627258181314129e+00 -1.03025676168932794e+01 0
-9.70186368508544561e+00 -7.25963584376229498e+00 0
-3.06481901053815287e-01 1.57250320658602694e+00 0
-1.18065810311522892e+01 7.72091990041878073e+00 0
1.33354580200452109e+01 -4.81459314109657743e+00 0
4.83478889086122621e+00 1.90650774561736891e+00 0
-3.41585783717448921e+00 -7.46526612306729898e-01 0
1.11087859277553207e+01 -6.85102940071126820e+00 0
-4.94030780836958616e+00 6.12877716935781258e+00 0
-7.32988749539772844e+00 -9.33860725524771240e+00 0
1.07407411635016494e+01 1.36765414285916198e+00 0
-1.94350575987928509e+00 -8.28131916446385952e-01 0
-1.11773107404986005e+00 -5.51416263506680604e-01 0
-1.48422546681489109e+00 1.50448131644524308e+00 0
-7.37384469333505210e-01 -1.11236660686463695e+00 0
1.30098937783602797e+00 -3.29590730239846585e-01 0
3.28921552942858897e+00 6.54788338949660931e-01 0
3.10943616261338196e+00 -3.63023556640909995e+00 0
2.17666668590903400e+00 -1.57308764877445689e-01 0
1.04933882649958807e+01 -8.14480751467183595e+00 0
-1.13150982190691298e+01 -3.52998057849959279e+00 0
1.16497104667349993e+00 1.25660510922815105e-01 0
-1.67628326681738105e+00 -3.51692704024949121e-01 0
-2.80573940751101381e+00 1.27344807137384497e+00 0
-2.10864827005486388e+00 -3.25606407533847619e-01 0
-1.01795747684614692e+01 7.99204497747445242e+00 0
-5.19386280399058542e+00 -4.35223938689338219e+00 0
4.85866838075326335e+00 -5.88989824969575260e+00 0
7.72101454299888967e+00 9.19234105382176914e+00 0
2.14072911495040208e-01 -2.99434838309852580e+00 0
7.92044129564482002e-01 1.10698072264490799e+00 0
2.58567409013676786e+00 1.11035534511014311e+00 0
4.84845090683378110e+00 -2.72808127143001000e+00 0
3.25144175679641112e+00 -2.18069429403776205e+00 0
6.62590816616631662e-02 1.58345606807139205e+00 0
-1.32615213038633106e+00 9.86060961628209887e-01 0
-1.23890689664054698e+00 7.29599911510497967e-01 0
-8.50025898407320124e-01 1.76691074326740605e+00 0
3.79502637862974090e+00 -1.37498209361367296e+00 0
1.38344404315358704e+00 1.47808510200782295e+00 0
4.91597418825449406e+00 1.47904330284336805e+00 0
-6.84461570399547536e+00 -3.32343471167339599e+00 0
-1.99986261528938702e+00 -7.57903358211734623e+00 0
3.42424144544486309e+00 -9.78932078798558436e+00 0
-2.43448612995434699e+00 -8.65604701269821142e-01 0
2.70006463662619600e+00 3.09588506438459188e+00 0
3.03510113532151016e-01 1.15166571407919993e+00 0
2.18139442640672110e+00 3.49926247022110415e+00 0
1.76404427140449599e-01 -1.05128611279978190e+00 0
-9.93238007228693220e+00 2.05373144187286094e+00 0
-2.93073818621072313e+00 7.50450254458026311e+00 0
-2.28864638129121611e-01 1.15130113856098704e+00 0
3.70613255175729384e+00 1.59511250035804797e+00 0
-9.43626190837686729e-01 4.91770618042464525e-01 0
1.03880211002670393e+01 2.65525167233817205e+00 0
1.11349571929996194e+00 6.07931942658270441e-01 0
-1.08448531063671894e+01 -4.95313967034619562e+00 0
5.42518926769585574e-01 -3.42091244243186487e+00 0
4.09619010044051171e-02 1.21569607411053004e+00 0
2.18255007369518506e+00 -5.44586930498581356e+00 0
-2.29935807155603689e-01 3.98015493857596692e+00 0
8.59210407291886114e+00 6.93282383206260899e+00 0
-1.75325463705384510e+00 -5.76086496880445997e-01 0
8.61236277059965261e+00 5.69054688433439360e+00 0
2.13241514950550615e+00 -3.53038303834841294e+00 0
-7.84005032631379439e+00 3.24894961714438280e+00 0
-2.61511430925214183e+00 5.83608376516058414e+00 0
3.43405327574535013e-01 2.39667828686526319e+00 0
2.25240356488733307e+00 1.15837699089638102e+00 0
8.27566567785090612e+00 -9.70759547575405080e+00 0
2.31386722551305812e+00 -1.16615276082072605e+00 0
6.75387136626763446e-02 -1.39778537196860397e+00 0
3.63397222472826886e+00 -3.50636546451980591e+00 0
-1.60784168532041805e+00 -1.15625853887271890e+00 0
6.66485648846158907e-01 1.18553527073105403e+00 0
7.52308076854997676e+00 -6.34760857046232729e+00 0
1.93419252393601404e+00 1.25215205690506304e+00 0
-8.50995044696439829e-01 6.28219436272775211e-01 0
-3.10024856348337696e+00 -1.16745301349703290e+00 0
9.60126631285842080e-01 -8.83102025887516962e-01 0
-4.20082455385802511e+00 -2.82593668678518206e+00 0
1.26739256613441196e+01 2.63155073396727879e+00 0
2.87396403076221096e+00 1.64240858069128892e+00 0
-3.84189156591062897e+00 -5.09780236145905086e+00 0
6.33167284548658837e-02 -1.07014631236459690e+00 0
7.49221370144719234e+00 1.45874365944200890e+00 0
-4.01482777226255738e+00 -1.55939377219991093e+00 0
-2.50802559579696505e+00 -3.77878945770972974e-01 0
-2.72180901345710780e+00 1.55738922852734690e-01 0
8.64702217919085414e-01 -1.29601136192614703e+01 0
1.17312604882405302e-01 -1.93508988757606493e+00 0
-6.92997582476082297e+00 1.94014515069168092e+00 0
1.06689993528497808e+01 -1.32710479103753598e+00 0
3.84982496064242019e+00 7.44566996814501558e-01 0
-1.20247029488080304e+00 5.77376240224567350e-01 0
-2.33253964532043101e+00 -4.16819958638132593e-01 0
-3.62614259920677506e+00 5.36360360488139598e+00 0
-4.54520435371166442e+00 4.35742657341116058e+00 0
-3.09296820566274988e+00 1.63356553847249608e+00 0
1.01182812480811091e+00 -5.50221943430620142e-01 0
3.09029975910464216e+00 2.81223181120711896e+00 0
3.23830298493668789e-01 -1.90041625532033298e+00 0
2.65926079850134611e+00 -1.97580678159672307e+00 0
-4.34006764628235120e-01 -1.42558147229915502e+01 0
8.09747761338269978e-01 -6.88532622278667961e-01 0
1.89433934263133197e+00 1.58743844912489207e+00 0
-9.89755641831158717e-01 1.00983765620867594e+00 0
-1.60406425140753695e+00 1.52678632417662302e-01 0
-4.43504767828682578e+00 -2.32629961154878995e+00 0
-7.50321080853367040e+00 -6.97572279208770940e+00 0
4.28676056136833683e+00 3.48610377757034895e+00 0
4.04688900582557576e-01 5.12496494134889424e+00 0
5.38097903968255409e+00 -6.73108551439546776e+00 0
-4.13232348355962298e+00 3.65255936127301117e+00 0
-3.78327004011168810e+00 -9.96494440946958981e+00 0
1.60089490223728492e+00 2.62052596866728493e-01 0
-1.25896191517262608e+01 -2.68064885106793716e+00 0
8.78304023574299153e-01 -5.99094798118298577e-01 0
-4.31350247933451314e+00 2.01921393803295590e+00 0
4.45367484780079970e+00 4.23348449440657593e+00 0
1.10793981157180399e+00 -1.32597146556740109e+00 0
-9.21454956230251865e-01 1.59108099968421102e+00 0
2.80359446688422498e+00 1.04941659723601899e+00 0
1.76708709268187403e+00 9.61485021979059873e+00 0
9.64950891549474887e-01 2.16400147333464599e+00 0
4.12410752611668663e+00 -3.72779620171147696e+00 0
-2.75724481350592798e+00 4.48107963827095634e+00 0
6.66456001684060695e+00 5.60357912354056342e+00 0
2.17577476606230613e-01 -3.52639240078507799e+00 0
4.00476036280443193e+00 -8.77775269634760669e+00 0
2.11001214228703882e+00 -5.30746519420085217e-01 0
3.93598394638903581e+00 -9.75208942870979367e-01 0
8.75291215394364741e+00 1.49238945776329901e+00 0
1.39422995824354290e+00 5.11299465904432093e+00 0
-2.96232073878367086e-01 -7.61678339857946973e+00 0
4.93831852040448194e+00 4.59286084028445674e-01 0
3.52985138240595697e+00 2.32586762226189681e+00 0
1.28075662097289600e+00 4.98131612754273201e-01 0
9.82350401565101983e+00 -3.11669220421619197e+00 0
-1.17004439771823310e+00 6.72130404528577774e+00 0
-2.61978728387253712e+00 3.48853840496119405e+00 0
4.63686989098776092e-01 1.06035692837841711e+00 0
-3.73047090506128898e+00 9.25456302389087959e+00 0
-1.56596958210294690e+00 8.51309422701290863e+00 0
6.04780461972750860e+00 1.05512645918050296e+01 0
-3.22254765361031426e-01 -1.32502425492607001e+00 0
8.07092919577596213e-01 -5.71301226078288860e+00 0
9.51502713211874962e+00 -1.91127366748971306e+00 0
5.95664788116523125e-01 -1.17899549433645889e+00 0
1.15148024300677498e+00 1.17904987596814093e+00 0
-1.07564233052470093e+00 4.13872082912151773e-01 0
2.88853410495311991e+00 -4.94812463921573009e+00 0
-4.00690909285249663e+00 -5.77515921089364692e+00 0
-2.33697084971057079e+00 -8.31050549137431621e-02 0
2.23260071771608698e-01 -1.06199506092353602e+01 0
-3.43164860265528704e+00 8.42067495328829518e-01 0
2.32807526651355001e+00 -6.43660375158594533e-01 0
-4.85745816184961487e+00 1.15146914050057791e+00 0
1.72048727360639003e-02 1.06272778933560796e+00 0
2.50433983822178019e-01 -4.88062282764290600e+00 0
2.19553793629617200e+00 5.12399767311769327e+00 0
4.32402046481105540e+00 8.65470798005532416e+00 0
1.67394323380395793e+00 -3.31437784084902320e+00 0
4.47421087990303501e-01 2.22095829884247520e+00 0
-1.12622125070606294e+00 2.62287263204308907e+00 0
-9.52147248319757056e-01 -1.16786534777828610e+00 0
-5.07861283579598766e+00 3.10457668961494404e+00 0
-3.33517770478271580e-02 -1.15309419191822093e+00 0
-6.92659268662759731e-01 9.40998060326675434e-01 0
7.43013969375303507e-01 1.65436286534536503e+00 0
3.41415177440270501e+00 5.63889556551994686e-01 0
-8.51467683856234103e+00 1.13130648273880698e+01 0
-1.86568819030585997e+00 -1.70237715196579709e-01 0
-1.18910806636805795e+01 5.75571070493686499e+00 0
5.72321409821394056e+00 -8.01467444249172978e+00 0
-1.17643310405512391e+00 1.04916412551856597e+00 0
-4.10596184281911913e+00 4.06820240486170992e-01 0
1.05401834330607991e+00 -8.24774730702812708e-01 0
2.71178383040226478e+00 3.63484320734596622e+00 0
1.62877908197647292e+00 7.55132090394170397e-01 0
-5.22429919875466364e+00 -3.47821040162937400e+00 0
2.83000502267862419e+00 2.03473408437298797e+00 0
1.11835982218170393e+00 8.36592719859930334e+00 0
9.88939282139465270e+00 1.01367574817323298e+01 0
-2.24877895336095479e+00 2.90890192981296991e+00 0
-2.39154141780067893e-02 -1.51113223415014408e+00 0
-2.89103290917207678e+00 -4.61537169542085679e-01 0
1.24332232578087893e+01 -4.48960124822753315e+00 0
5.54104627432114505e+00 8.40135957714246318e-01 0
3.73191070704872496e+00 -5.31535150587286598e+00 0
-1.36731114428344602e+00 -1.02716148912552807e+00 0
-4.01941906735053234e+00 -7.64803295149274476e+00 0
-3.96469550355996514e-01 -9.79781677954345231e-01 0
-6.62045916448637861e+00 2.56235395457339088e+00 0
1.44274115180366702e+00 -1.98825569198031604e+00 0
-2.22648574209149991e-01 -1.04168562766323203e+00 0
8.31304334793022548e+00 -6.52822768641865459e+00 0
7.22843036599453637e+00 -4.61198662986291641e+00 0
-5.71229626838604432e+00 -1.17310627509166903e+01 0
-5.35602378266226808e-01 -9.28761623411984316e-01 0
-3.10762935390483186e+00 1.32599067759879108e+00 0
1.03317485005051490e+00 -2.35775847379144310e-01 0
-7.27994121870735622e+00 1.12960429400049911e+00 0
-2.01403295321080611e+00 2.56841272844257196e+00 0
-4.40881429166548422e+00 1.23676929626844192e+01 0
-9.46963646507996515e+00 5.29221662833877837e-01 0
4.98174240934223800e+00 8.50662765262519827e-01 0
9.42792085067227115e-01 -1.19075609427028599e+01 0
6.37869231086020871e+00 -3.60119132882909598e+00 0
-3.09575481260697005e+00 -7.42713648063936582e-01 0
1.37737803509237100e+00 -2.44122493757072401e-01 0
-6.97281342920583125e+00 -1.41210596993438497e+00 0
-2.51967639097788298e+00 -2.06182757368824410e-01 0
3.21681289670357407e+00 -3.29515128086041820e+00 0
-1.30690534329784693e+01 -2.34563056881628790e-01 0
-5.40679582846072559e+00 4.58954296980628307e+00 0
-3.30424786157876804e+00 -6.73946934791595442e+00 0
2.72961419254555615e+00 -1.03855983502576010e+00 0
-5.68865295451675834e+00 6.07162755491559203e+00 0
-3.15027229492080396e+00 2.85011902103346992e+00 0
1.21490829971213898e+00 8.75181123201381861e-01 0
-5.68390226096583717e+00 -2.87166946566214198e+00 0
3.46474959321627285e+00 -1.27784859558479198e+01 0
-8.62221984066715574e-01 -9.20983661723475122e-01 0
-1.27823330989787394e+01 -1.16069055034721402e+00 0
-2.36662607059884378e+00 -1.03317753830596395e+01 0
6.62177142864267765e+00 3.31749252968535613e+00 0
-8.75775563007670677e+00 8.28259589534052210e-01 0
4.22353793460893900e+00 -3.10623277785155283e+00 0
-1.28513563620328997e+00 -8.25219719952067221e-01 0
1.28335055913756091e+00 2.52048796107115114e-01 0
1.66819195815901899e+00 -7.79101407407117530e-01 0
-3.69250407652765711e+00 -5.65971997772943491e-01 0
1.15106621506356310e+00 5.58443233513875281e+00 0
-2.21652265828050821e+00 3.67204617569097991e+00 0
6.56765499847622358e+00 7.14863642434653368e+00 0
2.73270498698781417e+00 1.10423030173874395e+01 0
-1.42766206590366695e+00 2.79086161818049305e+00 0
7.36486694201281100e+00 -1.21212133919041491e+01 0
1.38922241733331697e+00 -5.20240646561515807e-01 0
-2.31310442449658704e-01 1.90269619475827589e+00 0
-4.11491521666579629e+00 8.31459249083014162e-01 0
-3.91843611399495995e+00 -3.58988202978011817e+00 0
5.89527584214014500e+00 -2.78649085565398780e+00 0
8.27487633464682348e-01 1.48318707917071690e+00 0
-5.05716469852294637e+00 -1.90252922670591601e-01 0
-6.38312896748314706e-01 1.38995306151547293e+00 0
-1.40377115647560902e+00 -1.28248082161573490e-01 0
4.09469336086770580e-02 4.19743719106861413e+00 0
-8.81941793241316141e+00 2.75280387224174916e+00 0
-1.84730133656996309e-01 1.51871047673036208e+00 0
3.95815630432279519e+00 -5.63414012892093030e-01 0
6.94062775843472979e-01 -1.71289144259459003e+00 0
2.34600874955487004e+00 -3.34173944234583420e+00 0
-2.64389875938461705e+00 -1.06402260612496705e-01 0
6.72916800238639645e-01 1.35969795671255489e+00 0
-1.81764084424341399e+00 1.27705814463722800e+00 0
-3.36100837299488120e+00 1.02803628167247698e+01 0
8.60201837209025477e+00 -7.25969895717728431e+00 0
-5.46394794454398625e+00 8.68302964573782310e-01 0
-4.48781796681867462e+00 -5.80268864641111737e+00 0
2.38318927426229205e-01 1.66070689288841300e+00 0
-1.68061116092780599e-01 -1.28815144577331200e+01 0
4.70401456605216595e+00 -4.29502155597995205e+00 0
2.08702925809184014e+00 -5.98855462961162122e+00 0
-6.37771363192524809e-01 1.25131913901268810e+00 0
8.48163960421298824e-01 -4.45892850862929979e+00 0
3.23408327325247003e+00 -8.03783871781989312e+00 0
-9.26201192205893920e-01 -6.86532359794963631e-01 0
4.96264582274018462e+00 3.57422375101026590e+00 0
-7.68763759208735187e-01 -1.91326794767947295e+00 0
1.50525819897049895e+00 2.84743991840671384e+00 0
-6.54185050956316294e-01 2.63273608151066796e+00 0
-2.02582781174646387e+00 -5.65802362921230317e-01 0
4.58504712326586716e+00 -1.05966925232136999e+00 0
-6.33707663192868242e+00 3.44627174438660688e+00 0
-7.85356007226151576e+00 -9.01260587450217621e+00 0
9.80974836734083144e-01 -4.14280747034907804e-01 0
2.13036492773777919e+00 -1.92798640167501190e+00 0
-8.41207145815257640e+00 -1.45194152080344407e+00 0
-3.05603358668932401e-01 1.01672898482807406e+00 0
1.63694500731357295e+00 -6.32919564358433551e-01 0
-2.61722596227858517e+00 1.06589218686968792e+01 0
3.80026439414155981e-01 1.52056240291733102e+00 0
7.95462893110912272e+00 8.18927356667157014e+00 0
1.20703155532649098e+00 -1.36882854698043110e+00 0
-9.62367478071461502e-01 1.46291980470153105e+00 0
4.84376274154230391e+00 4.53468870461766915e+00 0
9.25510098944656856e-01 7.52480185169475657e+00 0
-1.11678233780969904e+00 -3.27522409672114412e+00 0
-8.91395707041373608e-01 -5.60101045235648853e-01 0
-1.04983428608547902e+00 1.80921747648607995e-01 0
-5.34529118769294609e+00 1.37319908369931998e+00 0
1.28609175316267805e+01 -1.01269459620154700e+00 0
9.69068852041725659e-01 -1.21812967137718009e+00 0
6.55701773766652529e+00 -1.75176278018113613e-01 0
-5.91567611791062564e+00 -1.06157053360020495e+01 0
8.16562237860906093e-01 6.77397462859750776e-01 0
9.91563299702707823e+00 1.85627882248724707e+00 0
-1.06374237253863790e+00 5.43518686726872785e-02 0
-2.15348143773970602e-01 1.03917879642982802e+00 0
4.02273551054866818e+00 4.64932283135203761e+00 0
-1.14695714551420402e+00 -6.27513146480872114e-02 0
-1.58797646967919892e+00 -4.84324887408636240e+00 0
-3.70879885374278917e+00 1.61116262164115204e-01 0
-1.02700954160971603e+00 -2.86576504210875216e-01 0
1.40933431980897494e+00 2.51197770021581890e-01 0
1.09304311219641703e+00 -2.74318954656996494e+00 0
-6.31484961629256514e+00 -1.47924384046456386e-01 0
9.03234188529330595e+00 -5.67853254846439004e+00 0
4.04911539469485859e+00 -6.30067422515001940e+00 0
2.25029850099376816e+00 -8.15062820648897568e-01 0
5.21564319570463120e-01 9.24333699051139712e-01 0
-1.35024636907593099e+00 2.21231395849986301e+00 0
-4.88528615739875871e+00 9.03041877366448631e+00 0
2.34559527577782179e+00 -2.05864460749557088e+00 0
-1.70892890747330295e+00 7.40671039389727337e+00 0
-6.94726624134096138e-01 4.32345977477864896e+00 0
-1.21062616892638600e-01 -1.03784218136889095e+00 0
3.52639956827448309e+00 8.92631305533780228e+00 0
2.37468838818863409e-01 -1.04369233057710309e+00 0
1.12134504907739596e+00 -3.59346806136573482e+00 0
-8.04308599408968483e+00 1.87158444281853997e+00 0
5.27609116235835174e-01 1.57715700323578289e+00 0
1.29487786554404902e+01 -1.87250575971025501e+00 0
-1.29705871713164598e+01 2.80426756449600800e+00 0
-1.91680525591699702e+00 -1.13172152701267303e+00 0
5.16657040311994908e+00 -1.98319827270315097e+00 0
5.23496789203565793e+00 2.98672371974050499e+00 0
-6.60100182161038274e-01 1.63673374413314510e+00 0
3.75221498175753698e+00 -2.61979584416964117e+00 0
-1.03548702931011993e+00 1.66188074500127292e+00 0
2.69099309585624114e-01 1.02246997845287302e+00 0
-9.19833003804712113e-01 5.48001174253374246e-01 0
-3.21728113348159583e+00 -1.56356995986782299e+00 0
-9.85526225918424759e-01 3.98376159717041878e-01 0
-1.17181131295643404e+01 2.22491498206449112e+00 0
-7.78689537150351330e-02 1.12855980638830200e+00 0
1.15207254317452001e+00 2.62771271414818308e+00 0
2.53845913671042300e+00 5.85211348092616532e-02 0
3.33232239961565480e+00 -2.71590615940474800e+00 0
2.87983436808866622e-01 1.36163402358493002e+00 0
-4.26513993183292772e+00 5.52087056507359808e+00 0
1.66517218665351696e+00 -2.14989929545507286e+00 0
-1.02354058594766895e+00 7.22184386582004123e-01 0
7.29474522576761042e-01 9.18569445529413886e-01 0
1.41990888366578307e+01 4.69896784685170321e-01 0
-4.58903795338454401e+00 1.62661274080855600e+00 0
-2.36281285476173686e+00 4.75473056171509256e+00 0
1.15090211653202501e+00 -8.64689939952332370e-02 0
7.67562406337619496e+00 -5.61323759859370597e+00 0
-1.82093755818550007e+00 1.05353318277915498e-01 0
5.58385478554590442e+00 5.57380285983148926e+00 0
1.14066176399402908e+00 -1.72433619429644608e-01 0
-1.21143406512338991e+00 1.43298180546292703e-01 0
1.12138695785909395e+01 8.83650576316698744e-01 0
9.76762457350424551e-01 1.33848941957436196e+00 0
7.75992732486413406e+00 7.11314598330047243e+00 0
2.58304600853120281e+00 -4.71936883686069009e-01 0
-4.60696403205707483e+00 -2.49050724291008913e-01 0
-5.49091733787218095e-01 -1.13375300062794393e+00 0
1.18885016783139896e-01 1.05483246829912503e+00 0
-1.10854716229419594e+01 -2.86650773087847188e+00 0
2.61836961215296693e+00 -1.17234108756798800e+01 0
-4.51852199395318976e+00 -6.72538966859436704e-01 0
-2.93777829056404283e+00 3.31957829709301411e+00 0
5.83883514985230168e+00 -3.51041936295520118e+00 0
-2.01668872533912813e+00 5.46620850886771925e-01 0
-9.11958235037571230e-01 -4.30198197965839135e+00 0
3.91621667810131013e+00 9.76696913168649061e+00 0
4.37531524686035933e+00 2.27089192153948494e+00 0
-1.82548608772618803e+00 -2.38448385631990911e+00 0
-9.98124049753264586e+00 1.08560032190197098e+00 0
1.17200641935335503e+00 -1.16274864977346892e+00 0
-4.18452013398164091e+00 2.25579955461076720e+00 0
-9.54855044766362759e+00 -1.60610923044641507e+00 0
-1.09731622886704594e+00 2.81197155127378584e-01 0
3.53437689379042608e+00 4.11663734267707060e+00 0
7.66359326373252880e-01 -7.34950321974850773e-01 0
-5.13796834225121124e+00 -2.03171676026740489e+00 0
1.31449148177354704e+01 1.70611740478331408e+00 0
-2.57478946222559513e+00 -6.52751846769050115e+00 0
-2.14012910479414797e+00 -5.25123130195349042e+00 0
5.77542163907270290e+00 -1.29223142752703102e+00 0
7.16826351433211828e-01 -3.53336112680065906e+00 0
3.95057219602219778e+00 2.61525305816262899e+00 0
4.67017098564728284e-01 5.64863137522498526e+00 0
5.43578551754342443e-01 -1.53438695390634194e+00 0
8.95180613356085925e-02 -8.51284480512300235e+00 0
-3.61308783017593216e+00 2.61519778091355803e+00 0
2.36505447881354902e+00 4.47542485812707724e+00 0
-1.25618684494770494e+00 -3.09238586843794128e-01 0
4.47940845133698229e+00 1.32587294159493796e+00 0
5.48427367261150600e-01 1.10200820405229294e+00 0
-3.28569795599520198e+00 4.62542336086343120e+00 0
-8.08336400249241116e+00 -1.05888535490825504e+01 0
2.15577776787113207e+00 1.42996277527463400e+00 0
3.01941303692826901e+00 -2.09595816685827607e+00 0
6.52311088553566698e+00 -2.45497497873785608e+00 0
-8.99691571848901006e+00 -7.11084635834746592e+00 0
5.98719496530303874e-01 -1.31453867877767006e+00 0
2.35724004124031916e+00 -3.69401703530548020e-01 0
-4.93268609984318984e-01 -1.31995384058000997e+00 0
1.97015284119105893e+00 -1.52690177353065293e+00 0
2.08707825239766986e+00 8.38670107958756517e-01 0
9.53408722553705901e-01 6.43635122425187056e-01 0
-2.63758871726669319e+00 -1.17242986274353793e+01 0
1.58772462009523913e-01 -1.48024845057375498e+00 0
8.62451784581922398e-01 5.97697116293841813e-01 0
-2.09351750645945112e+00 2.83974318833406014e-01 0
2.37543534860547378e+00 2.55256119794854908e-01 0
-6.63908128917884310e-01 -9.43971585940443836e-01 0
9.65940977933931499e+00 -6.58067722899387864e+00 0
5.82018748649328788e-01 9.98897617838828245e-01 0
-1.56307905010936304e-01 1.84453968400862389e+00 0
1.17168084099748793e+01 2.38317366844701795e+00 0
2.18893750654421915e+00 2.06381516306649893e+00 0
-2.72069297715288894e+00 -1.22554285389785900e+00 0
-4.06744046926647940e+00 -8.91408552665482468e-01 0
4.78814113378073181e+00 -1.64069409194778393e+00 0
7.74129894824060472e-01 8.30276390692638699e-01 0
2.18940360356982699e+00 -2.87666546203464701e+00 0
-2.55755476993054121e-01 -1.21824996170451101e+01 0
9.40823348662731007e+00 -1.44645667717792503e+00 0
-1.70897563253508800e-01 -1.59734498136023295e+00 0
-9.41001624935645431e+00 1.07458478012210001e+01 0
-1.24013519758941602e+01 -3.30839644983509817e+00 0
7.19236147996969666e-01 -1.28713131133707104e+00 0
2.76292727846219410e+00 -4.21386001731944138e+00 0
3.60677968134342697e+00 5.21758855163319879e+00 0
-1.42441317498613507e+00 -1.48786055664085692e+00 0
1.23676362296483711e+00 -7.16817932983409012e-02 0
-9.46104659188661268e-01 -1.03622545988540393e+00 0
-3.25412821366834915e-01 -3.53564749306176695e+00 0
4.36940172578061059e+00 7.47891171457774284e-01 0
9.17598791497141875e+00 2.94505926892983316e+00 0
5.14135351620496173e-01 -1.88442998905958992e+00 0
5.81433493557754200e-01 2.63020775877029012e+00 0
1.55070793527144102e+00 -1.24040366467788998e+00 0
1.67297026951545091e+00 -6.03649687743507712e+00 0
-6.36539536344848944e+00 6.09616124244817659e+00 0
1.97604187836765310e-01 -3.77244893615665111e+00 0
-1.59172031390230106e+00 -7.01238011070151379e-01 0
9.65532093574662853e-01 -6.51749126040454763e-01 0
3.33144688170881809e+00 -1.11435658613144195e+00 0
3.64144404072262295e+00 7.84243445001427730e-01 0
2.94337197689987784e+00 5.10611005675525487e+00 0
2.79461933535832108e+00 -2.59838537029797889e+00 0
2.22393150760538605e+00 -1.39728011967315902e+00 0
4.98465063004879694e-01 1.18708529031348298e+00 0
-2.52332739589988586e+00 -1.27364690615069200e+01 0
-4.47486853907241022e-01 1.22180764180815693e+00 0
1.60791831298642007e+00 -2.59031895092220221e+00 0
2.72877314432856100e+00 2.52000246636518721e+00 0
-1.24033861920902111e+00 3.22025658892592981e+00 0
7.65851548937934279e-01 -9.46626931629001511e+00 0
1.82729855929507989e+00 -2.38550816987217784e+00 0
2.29522605246211597e+00 4.09045210732036502e+00 0
2.51368318568948901e+00 -6.64624551567281618e-01 0
-1.25213957469085990e+00 -4.28880553908032314e-01 0
3.61924028833113098e+00 4.52369729663639486e+00 0
-1.15841919772286097e+01 -6.29038256336172630e+00 0
-5.23087747236673462e+00 2.28910950565021004e-01 0
6.12865410502334562e+00 -1.28382744981033792e+01 0
7.70168489398483508e-02 4.52370757678764868e+00 0
-7.11160278916261213e+00 4.59230634921922576e+00 0
2.22490141526818785e+00 2.99901092545803882e+00 0
-1.11740859478640697e+01 7.29572152245389827e+00 0
9.87920456947790182e-01 -9.73885666788340765e-01 0
1.85971534824039009e+00 3.57409916376246417e-01 0
2.64190758216928279e+00 3.90200877272982405e+00 0
-3.33833282895776096e+00 -3.37675067416010188e+00 0
-1.86070881070638294e+00 -1.40992706388971598e+01 0
4.88445399710932815e+00 -3.68719162507186304e+00 0
9.07337961713091445e+00 -7.64453583182640184e+00 0
-3.56891837635620002e+00 -1.97629750479614197e+00 0
-1.01303666218420592e+01 3.93995301117032604e+00 0
-1.05469101951605704e+00 -2.69176000560776307e+00 0
-1.66411833719552704e+00 8.86953987995950266e-01 0
-4.30041056097697005e+00 1.00327950709628109e+01 0
7.94486663549422101e+00 4.39516283554212883e+00 0
-1.64879513980005799e+00 -1.11406174079430702e+01 0
1.42242823791825792e+01 -1.00955109102352392e+00 0
-2.64546621823700301e+00 1.69366508641108493e+00 0
6.30819681541719923e+00 -1.85016620122802000e+00 0
1.82177019467867995e+00 6.50907445833198839e+00 0
1.31594553683218294e+01 8.14276027922247181e-02 0
-9.08233729341834284e+00 -1.27156341439849396e+00 0
6.31649504600684786e+00 -1.13549460565993297e+01 0
-5.24086160766074993e+00 1.00395486733788104e+01 0
-1.85751633194353594e+00 4.89460619531550112e+00 0
1.05319080332904207e+01 5.37468480884785382e+00 0
9.07955652843999816e-01 -5.47550017036984249e-01 0
-9.55802753549622608e+00 3.05071846282793313e+00 0
-4.89153759568936319e+00 6.91014949867917139e+00 0
-9.89541206287095143e+00 4.71230450094384157e+00 0
1.21371748841284095e+01 -6.96370113495316967e-01 0
2.53017537355156086e-01 -1.58645499345078900e+00 0
4.34946721104009393e-01 9.52718655490313870e-01 0
-1.94696310754321300e+00 2.09077702219485095e+00 0
-3.22011249486018114e+00 3.12202301330566101e+00 0
9.11332893705407932e-01 8.59543380292448922e-01 0
8.27907397781439736e-01 -2.52079170184814316e+00 0
9.78319241150818186e+00 -4.11117328730456144e+00 0
1.04621988381350004e+01 -3.09497876904349090e+00 0
-1.26355930784760595e+00 2.76156779712677114e+00 0
5.33215707540121153e-01 3.57644385789196306e+00 0
-8.65659563803047982e-01 8.21930259768021032e-01 0
-4.89492631761821961e+00 -2.49756223337996008e+00 0
9.77503162394956382e-01 4.40357973656869284e+00 0
1.36914334141153704e+00 -8.68932227779053434e+00 0
-1.27870464560131203e+00 6.82441562058577089e-01 0
-1.46160115016192993e+00 2.54523968851587501e+00 0
1.26944370603047108e+00 2.90903959292570513e-02 0
-1.14093494351960700e+00 1.94259191520235908e-01 0
9.65118670419429669e+00 -7.27752086262675313e+00 0
-5.69461699233240123e-02 1.26833183557390505e+00 0
2.56384031819784619e+00 3.88292675102754781e-01 0
7.23047369993702005e-01 -1.99470612088089605e+00 0
4.83268609715306230e+00 1.02994978163417805e+01 0
-2.87116624253596020e-01 -3.00107731521583609e+00 0
1.83807672012929291e+00 1.24962055870418295e-01 0
1.94425335357237405e+00 8.91410540656344813e-02 0
-6.65321793604104483e-01 -1.23467255991372804e+00 0
-4.21527257065944724e-02 1.05738341472907593e+00 0
1.11285786878938406e+01 6.78315196085081240e+00 0
1.24394087887120697e+00 -1.49591280892398104e+00 0
-1.37841315976774093e+00 -4.37101874414753122e-01 0
-6.36850057523716018e+00 -2.43966391758852907e+00 0
-3.81869076365793303e+00 3.25049980240855696e+00 0
8.91790686891079543e-01 -6.66000310550965224e+00 0
-1.70370968397620004e+00 -1.65905327767101407e+00 0
-1.83324989865613808e+00 -1.31251067554344703e+00 0
-1.41064696324004704e+01 -1.36888542046792105e+00 0
-8.13630322152997643e+00 4.40969869699933970e+00 0
-5.97897607558891941e+00 3.96160230713925410e+00 0
8.76351747080938770e-01 7.45436143709365173e-01 0
-1.12240035153850592e+00 5.04153519971832664e-01 0
-1.03341746920318189e+00 -7.58715218936181102e-01 0
3.39009727317146181e+00 -1.21483716757350407e-02 0
2.11739890170756917e+00 2.22779134156469683e+00 0
9.67689221151577961e-01 7.38732578086385927e-01 0
3.68471941366093514e+00 -1.32364785521747297e-01 0
-5.80104375298555519e-01 -1.76802753462972095e+00 0
-5.18350590790114030e-01 1.03767928845010404e+00 0
4.56391442830555061e+00 7.58371797562656624e+00 0
7.04326454523307333e-01 3.23774917611631396e+00 0
-3.77517293682283883e+00 2.14829792237311601e+00 0
1.43869922185720389e+00 8.45019992533583730e-01 0
3.60063953489096422e-01 -1.46808579069814105e+00 0
1.60231291916807406e+00 -1.04096299142336202e-01 0
-8.68216011423685963e+00 3.68202839538130000e+00 0
1.73502356179985795e+00 7.03972379339537935e-01 0
4.95002422996468461e+00 -1.32224498444981498e+00 0
1.65200837805026191e+00 3.50721010260838506e+00 0
1.16093226873834898e+00 1.41024580361623397e+00 0
6.60143624345075786e-01 2.04410949147929699e+00 0
1.21738547911796999e+01 7.31983252052156175e+00 0
-6.68131439536909233e-01 -5.47423733739047336e+00 0
-1.65677953116183696e+00 2.52556626429840980e+00 0
1.99161036063413710e+00 -4.72285286681577432e+00 0
-3.09007476455080310e+00 7.41640602669982663e-01 0
-1.04037588645074106e-01 1.55202439496678091e+00 0
2.89975233364306817e+00 -1.82857548165332090e-01 0
1.08186405195101099e+00 3.66236327354508173e-01 0
-3.82209539539177312e+00 4.77313644520173597e+00 0
-1.13627404229012496e+00 -4.19191459836495806e-01 0
9.06909987518138339e-01 2.84529450357628289e+00 0
5.50125397111198566e+00 7.03408827484488697e+00 0
7.39278771707750360e-01 4.08357713951385115e+00 0
3.64187078280800991e-01 -1.19352213186337508e+00 0
1.83470025247150503e+00 2.09479494598782390e+00 0
8.86726650687458928e+00 -3.77370321054852520e-01 0
1.33876227629279292e-02 1.16014935653378504e+00 0
5.46133807065275878e+00 -5.98541630498531685e+00 0
1.30416113405324108e+00 4.82821962456515230e+00 0
-1.09689448627713393e+01 8.99872168921321602e+00 0
-4.31356997193984970e+00 2.95858145989845900e+00 0
-5.98755408150205337e+00 9.76434199221861587e-01 0
-3.48088088023196507e+00 1.37594620530367209e+01 0
3.52958175056717094e+00 1.88046263602095509e+00 0
-8.85320831979755063e+00 4.79261916376934494e+00 0
-5.66777648890404340e+00 6.83959744764229161e+00 0
1.02151303413085994e+01 -6.25316322699063232e+00 0
8.75456329615108686e+00 -1.12662983803117704e+01 0
5.59799900143216522e+00 3.21655603081019104e+00 0
-6.17076107905631166e-01 8.59121163395049403e-01 0
-2.80379672289850390e-01 -1.02682008272609093e+00 0
-2.28164706335380796e+00 1.40495927380117696e+01 0
-5.19488631642159748e-01 1.16393269905477204e+00 0
-4.53104052410525338e+00 2.62127417743023683e+00 0
-2.22051199937976396e+00 9.31885828596167753e-01 0
-3.57789779184675805e+00 -4.50134800924979217e+00 0
3.48237841173108320e+00 2.56208101659258780e+00 0
4.37489352988217917e+00 -4.81865214512525686e+00 0
-4.27208799078656498e-01 7.15392297424137258e+00 0
2.01574119176192701e+00 -7.85346853152685598e-01 0
-3.10475630929108792e+00 -3.73474285296813591e+00 0
-1.23563709163657194e+01 3.60807461972306509e+00 0
-7.38144178199572787e-01 -2.22857510644470791e+00 0
-4.11628964488049809e-01 5.73594632715873143e+00 0
-2.18168491375421691e+00 3.34200091128079002e+00 0
-1.39581307593224402e+01 -2.68153947453948982e+00 0
1.91059047713479302e+00 5.78606434497279842e+00 0
1.63644517695100400e+00 2.27234142185923016e+00 0
-5.92560499314173539e-01 9.59605016692935409e-01 0
-9.66230603508155816e-01 1.32529652505936202e+01 0
5.69964479682343761e+00 1.34176819562094307e+00 0
-1.13942415359488591e+00 4.19417044675084139e+00 0
5.21072068896776042e+00 -1.55089455244843494e-01 0
-1.00798608752545893e+00 8.42019337675020352e-01 0
1.48432870926883309e+00 -1.60284521496336291e-01 0
-2.00002412136904795e+00 1.35854285307685707e+00 0
-1.12929463602658799e+01 6.40367112426286500e+00 0
-2.51326205837314420e+00 7.26003797247144611e+00 0
1.20369358636774101e-01 1.10263032982828091e+00 0
1.14154425615306110e+00 -5.48848441373163354e-01 0
-1.05198612186030207e+01 3.00949849532184821e+00 0
-7.77959450486111481e-02 -1.75833009577031008e+00 0
6.34004006809937604e+00 -4.90334904254151294e+00 0
-8.29981527180724932e+00 8.64144137027943771e+00 0
5.49486502661607271e-02 -1.58732577525309804e+00 0
-1.80311907892449907e+00 1.11868504545259206e+01 0
-6.92596126227783437e-01 1.11591068558523099e+00 0
-6.98977246810421082e+00 -1.09751273229249993e+01 0
-2.28307021568522694e+00 2.56939047175651281e+00 0
1.15220902858213603e+00 4.64907691442216886e-01 0
-5.84247886342105982e+00 -1.71871062789089990e+00 0
1.61973642744347401e+00 1.63399236480123911e+00 0
-3.46753797791705187e+00 -1.09524043802218096e+00 0
-1.15911526541134595e+01 -3.90651488844780903e-01 0
-1.10584794292937505e+00 6.41361307958139282e-01 0
2.55177029691532598e+00 6.38307480255549908e+00 0
-7.10286879680925942e+00 5.48280105646398841e+00 0
-3.20444674991687117e+00 1.26035446994484595e+01 0
-1.47893747039848300e+00 5.99537154188573118e-01 0
1.77177401804445495e-01 1.78985052209034690e+00 0
5.11220197494961059e+00 -4.40042849011478676e+00 0
-7.20096464919038226e-01 2.05631301698942703e+00 0
9.69794422113010235e+00 5.51483133597899222e+00 0
5.13898131023327043e-01 2.95806982522989204e+00 0
7.91321305390392471e+00 1.07141830138758607e+01 0
-9.72001432367655349e-01 -3.86287077296897985e-01 0
3.79478261291976482e+00 -7.44114976547906815e-01 0
-7.02159716630788644e+00 2.25918575449073011e-01 0
-1.91473899681022797e+00 2.31466952061794995e+00 0
3.01883078844922714e+00 -1.77998376085472709e+00 0
5.62979711239465885e-01 -9.81242585306257964e-01 0
1.02352331641397001e+01 -2.10848814125303186e+00 0
-1.44033222997279192e-01 2.63140692577848601e+00 0
5.39649451321493601e+00 -7.57247797158137903e+00 0
1.34071510459182108e+00 9.47096966946472496e-01 0
4.78605317244761519e-01 -1.20122708473634998e+00 0
1.31442371182774198e+00 1.39819633701127599e+00 0
2.04866172653696488e+00 -1.15612210976842400e+00 0
1.51284878100242404e+00 2.32504498589129714e-02 0
-9.91845889157867200e-01 4.99230085814307389e-01 0
-1.05622195204080693e+00 -3.80205609672312718e-03 0
-6.29317315411970934e+00 8.91250764614573043e+00 0
7.75906779568370730e+00 -4.30533896038014863e+00 0
5.25387044745844101e+00 -9.58931996089525462e+00 0
8.90966612889001475e-01 -7.08272056408195638e+00 0
-4.03786460606820796e+00 7.25969669818187224e+00 0
1.16809866378222207e+01 -1.82592526446505810e+00 0
9.13034411702904114e-01 4.64958185211199027e+00 0
5.24513468178568942e+00 4.75650498086592144e+00 0
1.66963672885239811e+00 -1.18521896949254302e+00 0
-1.04830283764504504e+01 -9.57053951998226538e+00 0
2.52888248972987917e+00 3.25597556016575895e+00 0
-9.17315442586431828e-01 -5.15481086235017028e+00 0
-1.03058629957735204e+00 -2.31324764620905704e-01 0
-1.37261083533600403e+00 -2.41067828342107981e+00 0
1.74673317908926395e+00 -3.75769841986962305e+00 0
1.57826811802402500e+00 -3.55317089093171079e+00 0
1.49306203212263711e+00 -3.41297031865730627e-01 0
1.04528920885596910e+00 7.04752007926583990e-02 0
1.17032864834761807e+00 3.12510423874364385e+00 0
1.35746742194671710e+00 3.18895732918232211e+00 0
-3.81169920452961097e+00 1.11766767824613602e+01 0
2.89909177238950910e+00 -4.98482256027574011e-01 0
3.93584738514899080e+00 -4.26027548906776410e+00 0
-8.98103130924192961e+00 -2.35098608605414405e+00 0
-2.22833796555385621e+00 6.72423676207291177e+00 0
-2.39641609168816805e+00 -7.32270992680007726e+00 0
1.46507357631822499e+00 4.02455482674048692e+00 0
1.97818336490157098e+00 -1.70148094160814800e+00 0
6.23642284348536258e+00 -2.87258827447463716e+00 0
1.02802691869713403e+00 -1.15830815226058995e-01 0
-9.11994577970551501e-01 1.10188160134681601e+00 0
-1.01991446905174099e+00 4.43127739447206537e+00 0
3.29862339272607086e+00 1.48544851696648195e+00 0
-2.45923643636232292e+00 5.13681398436227443e+00 0
-1.32432840721034406e+00 -1.20868953405071409e+01 0
-1.24859573230259691e+00 -1.89618153310244703e-01 0
1.52633749948666608e+00 3.05358783387259214e+00 0
1.83650976413822198e+00 2.80177922970720283e+00 0
5.99537130314389710e-01 6.53820159778829968e+00 0
-5.12328701481467785e+00 -4.84143129033637598e-01 0
-5.63575489390138884e+00 -1.30762781387835396e+01 0
1.24944885951787010e+00 -4.43644905906141473e-01 0
-1.45608295635278906e+00 5.09722543931861516e+00 0
-5.34656887169698614e-01 -2.17934493474711788e+00 0
8.55887932037694754e-01 -7.11066330709945515e-01 0
4.90886808565953514e-01 -6.50763079286260737e+00 0
2.09976231739134489e+00 -3.54490464635796698e-01 0
-7.51068850049403469e+00 2.39504551842457403e+00 0
-1.99314976443896796e+00 -3.16455311742508094e+00 0
-8.10838446054302686e+00 -2.35058015046968594e+00 0
-2.04834208482673308e+00 -9.30224065813636480e-01 0
-7.08862882725623145e-01 -6.88551184653173642e+00 0
1.24599902549558195e+01 4.11916998529668621e-01 0
7.58661663646428730e-01 7.33155184563608286e-01 0
1.18629762731724604e+01 -7.80125682637377160e+00 0
-1.12004389511873192e+00 1.29365409967384104e+00 0
1.43189647000222009e+00 4.40979480378024813e-01 0
4.50418169336543261e+00 -9.62382118609783710e+00 0
1.05595252271822604e+00 1.03388430424965594e+00 0
-2.88065723062184975e-01 1.38428224317518800e+00 0
9.99461552518530749e-01 1.15365879549153205e+00 0
-2.79895920233462281e+00 -1.66140268017640313e-01 0
-1.08854294074578792e+01 -7.23018084419557194e+00 0
8.81684873356560206e-02 2.59272487780229222e+00 0
-9.14021498295486445e+00 6.37977866630750512e+00 0
1.24435827400000210e+00 -1.85756231791668808e-01 0
1.58863015136809205e+00 -6.65135400726253767e+00 0
2.33533566763106215e+00 -5.76769345946495005e+00 0
-1.59908515388640193e+00 -1.48358999258919999e+00 0
3.51615865022793805e+00 -3.94795490029127105e+00 0
5.13892218509015741e+00 2.61402910948905387e-01 0
-1.82631733502592009e+00 5.92680801183374140e+00 0
7.54304340638261639e+00 1.21128451366230703e+01 0
2.32472684518485018e+00 1.68660988172547799e+00 0
-1.88313636677125595e+00 -5.59846841127755557e+00 0
2.48353246282019580e+00 -1.45449536774610899e+00 0
-8.30352538577206367e-01 -7.86802601278108593e+00 0
-7.87299633460967563e+00 1.17525080509835700e+01 0
5.85616814406459296e-01 8.77377954339276789e-01 0
6.15037174055020763e+00 2.74731220329689774e-01 0
9.49621940324324898e-01 1.61060155465195609e+00 0
-8.92556655483820904e-01 2.78979045156362782e+00 0
-4.29842793097118658e+00 -9.59430584510054452e+00 0
-9.55750586563981486e-01 1.80240800209715490e+00 0
-1.23282025170547205e+00 1.17412557018203190e+00 0
7.15548764498542322e+00 6.40477861754783895e+00 0
-8.65607501258671475e-01 7.26109635510208395e+00 0
3.45223636533713707e+00 -6.81725760449277685e-01 0
2.83114237050236595e+00 -6.84819995504518220e-01 0
1.44737294022570295e+00 -5.46905443004695080e+00 0
-7.32398792995284542e-01 1.00982556452619505e+01 0
9.59319962274992832e-01 -4.58941340676252696e-01 0
-1.88500992258186395e-01 1.31289543300632494e+00 0
-4.40127508133430490e-01 3.75542712200180917e+00 0
-2.16898365385109804e+00 -1.28988490029342606e+00 0
3.41232649056123716e+00 3.38229380035284821e+00 0
1.05265767157832890e+00 -1.51517221306477090e+00 0
-9.68348084582025814e-01 -1.38068828083136297e+00 0
3.75837519187705205e+00 -5.91333236219564373e+00 0
-1.11153765784895198e+00 8.37689730268528221e-01 0
7.48719832419915132e+00 -1.04656130296952306e+01 0
-9.49343781408261145e-01 1.09716564330585893e+01 0
-3.76629221398308289e-01 -4.75751696851439565e+00 0
-5.73228260193704570e-02 2.20884207967713397e+00 0
-7.72074493692321839e-01 -7.01360100856163293e-01 0
-1.02507775195798900e+00 -4.06828719833785712e-01 0
3.46966922707563308e+00 -4.64586787627014497e-01 0
6.00914350109179374e+00 2.74445196861061591e+00 0
-1.39697122311957900e+00 5.12026643475528981e-02 0
-2.20080180125192015e+00 1.59111319213402091e+00 0
-1.13368968540823296e+01 7.06637647649041467e-01 0
1.30371491613522489e-01 -2.55526035273053997e+00 0
-1.30463472780308010e+00 -5.18597516424536309e+00 0
-1.85959505355059096e+00 1.18170959527206900e+01 0
1.29434131016016196e+00 6.47874019003494728e-01 0
-1.19897666753888199e+01 -7.72978136833876306e+00 0
-1.95204747830615011e+00 -1.92564890600841609e+00 0
-4.21944426801319405e+00 9.38966861580154699e+00 0
-6.26502597135883521e-01 2.09871578484064880e+00 0
3.70386913977770593e+00 3.12077648905188720e+00 0
2.00916508143522510e+00 -2.19691855585065099e+00 0
-1.20148300264745300e+00 2.47998773948316797e+00 0
-3.81538622285454698e+00 4.21372819269060558e-03 0
5.09674097294988915e+00 -1.07247574214880892e+01 0
3.81850635774425884e+00 -7.85808759738767026e+00 0
6.91463341569232703e+00 -2.52994279677078682e+00 0
8.78957280072703684e-01 5.95022934643092416e+00 0
1.14685657697157506e+01 8.43618064425580805e+00 0
-8.55887645285897336e-01 2.19540528101540300e+00 0
-2.16936771924459215e+00 7.57734522501846541e+00 0
4.18183592185595088e-01 -3.95165726690007491e+00 0
-1.31164737949148602e+01 5.79734324429121806e+00 0
-1.02881255533719496e+00 2.28497297303434987e-01 0
6.46943102582716101e+00 -3.22985095765414787e+00 0
6.78234832430029133e+00 8.35709486433204773e+00 0
-1.15688420663941405e+00 -9.92470812558374993e-01 0
1.23802638002387511e+00 -2.96599068419405310e-01 0
-3.40961052258169584e-01 -1.24994793873224697e+00 0
-1.27403620807221496e+00 1.97138829015175010e+00 0
-9.83619114897890556e-01 -8.73634171477962185e-01 0
-1.30840123908302103e-01 -1.12138986547354591e+00 0
7.53876906558285675e+00 2.55298767768209700e+00 0
-1.95527851893487892e+00 -1.54945070874880608e+00 0
-1.52815579349923802e+00 1.60958388373088201e+00 0
-2.37473443460793510e+00 7.48738874242229513e-01 0
4.30729506942881102e+00 -8.80646866495909619e-01 0
1.42690506047666310e-01 -1.30434799251768307e+00 0
-1.62485861557914202e+00 3.90829753698660820e+00 0
-1.00607901756703804e+01 -6.15493737280108011e+00 0
-4.35403276831159580e+00 -1.20880987378772309e+00 0
1.97982238264759192e-01 1.57661034593236593e+00 0
-2.24233532265192981e+00 4.24748344583825099e-01 0
-1.85952226903682005e+00 9.12985847069625822e-01 0
3.18809503398565286e-01 2.68536528453957901e+00 0
6.83071470541168124e-01 -9.13620721825111670e-01 0
1.19873954137654692e+01 1.36381118195892492e+00 0
-2.06649510573098505e+00 1.69517492758401800e+00 0
-2.01161267139597300e+00 1.11588156715624898e+00 0
-7.50793726517218563e+00 3.89941791640521096e+00 0
6.89452591133831838e+00 2.04564864774792099e+00 0
-1.79146369036534386e-01 6.53336707460750610e+00 0
-2.50213301388365394e+00 -6.08715788405680591e+00 0
9.26102318424843585e-01 1.00280936735701798e+00 0
-2.11783269107468711e-02 5.58128881944398714e+00 0
-2.04423032930967796e+00 1.28463699101832294e+01 0
2.78931080086196692e+00 1.34608511636405503e+00 0
-3.17660555781263998e+00 -1.29707814236987495e+01 0
-9.73128773932208507e-02 1.22674760469493194e+00 0
-4.41059785548648087e+00 1.09917156349163303e+01 0
2.53748056021368118e+00 2.78099549089934195e+00 0
1.45690160567337801e-01 -1.22482399744197301e+00 0
1.72395234595045710e+00 -2.40490087245690709e-01 0
9.82733391050510274e-01 5.59413504822776186e-01 0
1.26710059800841601e+00 1.30619780225639109e-01 0
-3.45809714632423804e+00 3.51469811347063121e+00 0
1.69846652731124204e+00 -9.94372835111368869e-01 0
1.17829335522565803e+00 5.91253358495564041e-01 0
-3.19493736484318003e+00 -5.24841842171279893e+00 0
3.37165873339196176e-01 1.63582500066758807e+00 0
1.05625063558446097e+00 8.47756922034563210e-01 0
-2.00056939464486994e-01 -2.57102429043354697e+00 0
1.44118197237612100e-01 1.42162281905603693e+00 0
2.90689454587066498e+00 1.29764994622249095e+01 0
1.83767832175670298e+00 5.29978441532718558e-01 0
6.94084018235336586e+00 -9.25507297316093158e+00 0
-1.83853321307313800e+00 -5.09352789530682082e-01 0
-1.00425954011745810e+00 5.91650208551371737e-01 0
2.45735660931058586e+00 6.42389193228222299e-01 0
-1.20905376274390992e+01 -1.27416955395318898e+00 0
3.09665150830208402e+00 -1.56083634140557787e-01 0
6.44512215257320054e-01 9.30095708996767856e-01 0
3.40902401627555696e+00 7.54228714146594381e+00 0
7.95410134593149643e+00 -8.29529584525123198e+00 0
-1.05354005412390506e+00 -2.16245929743481513e+00 0
-8.14081723119043943e+00 -8.00036714398518356e+00 0
2.90212936577383296e+00 -1.06147398136391091e+00 0
-2.53375935191201407e+00 7.64186205124067097e-01 0
-3.79411363605096019e+00 -2.16094094917769386e+00 0
1.15552407893863798e+01 -3.61158828120976905e+00 0
6.10583168903502838e-01 -2.89022412432768006e+00 0
1.66909907530719187e-01 -1.11296553131564901e+00 0
2.17374677076866396e+00 1.00559527848443508e+01 0
2.32017563023331014e-01 2.99777243440268304e+00 0
-1.14502551908915295e+00 -8.19853245723844659e-01 0
-2.90942571094174385e+00 5.62802650459612064e+00 0
-6.52259812902100444e-01 4.09994096829190724e+00 0
3.70728010708088584e-01 -2.72638543749063711e+00 0
6.79155136572107843e+00 1.13289497683990898e+01 0
-4.91906601236291685e+00 1.20304405161966397e+01 0
-6.72910356309047231e+00 -4.54047281847596684e-01 0
3.22207934753716507e-01 1.09127234639900794e+00 0
-6.13248630358685620e+00 1.00454351434361104e+01 0
3.08211788398393605e+00 4.56469150559038361e+00 0
-6.52083549798111495e+00 8.04261694894040602e+00 0
6.50206077085327318e-03 -5.93767681492848798e+00 0
1.35261405379360800e+00 2.44914252772884117e-02 0
-1.38468716322050400e+00 -5.30334938777263787e-01 0
-2.57376223243229507e+00 5.09823586862183542e-01 0
-2.65651654127273007e+00 1.02321833479265800e+00 0
-2.27245278302299303e+00 -3.17750206425138204e+00 0
-4.09022331910947035e+00 -4.14000316486210496e-01 0
1.20117900270624700e+00 5.18924188276735032e-01 0
-1.58508496055699699e+00 -3.59289411924663282e+00 0
3.66097064260120098e+00 -1.85519673131881091e+00 0
-1.45535569136516596e+00 1.92464979060768204e+00 0
-2.98445948439760000e+00 4.81036400433533995e+00 0
4.11182031015353378e+00 -3.63054313747644186e-01 0
7.93173071282764486e+00 1.98226735033674606e+00 0
-7.81514771514191064e+00 -8.64812368662235820e-02 0
-7.70564922559579824e+00 -3.43336302357683820e+00 0
2.29097215278633204e+00 -6.48101220068135486e+00 0
-1.66052291230149307e-01 -1.86055830645819897e+00 0
-2.39791686239365687e+00 3.98841076653466109e+00 0
-4.56677458107301815e-01 1.47617217387067390e+00 0
-1.15676064731246497e+00 6.59326472648072842e-02 0
3.64148808355899201e+00 -3.73572917125579107e-01 0
-1.14501279304499204e+00 -1.78406516269181004e+00 0
2.32109970729419013e+00 2.42125187709884582e+00 0
1.03717916476275107e+00 -1.40702760091190204e+00 0
-3.80085947550835079e-01 3.25338445300593015e+00 0
-3.30426936305443997e+00 6.82554208352888492e-01 0
1.41585398744297102e+01 -1.81285679490045992e+00 0
2.80753945241188596e+00 -2.13682524067449409e+00 0
7.86957768346823738e-01 1.13953639298590605e+01 0
-1.51353295014639211e+00 1.06693874562362101e+00 0
-2.78700810180183778e+00 3.81926472223268387e+00 0
8.26584585834535535e-02 -1.12790246882195500e+00 0
1.80720680299551195e+00 2.48757358186141708e+00 0
-1.06752900390627392e+01 -3.90733925148310801e+00 0
6.93845177524594536e+00 -3.09250573651680316e+00 0
-4.12995824278839074e-01 5.08410814130450195e+00 0
3.33625874190491212e+00 -1.75250890616897603e+00 0
6.77919879507255074e-01 -3.83215676272832084e+00 0
-5.40506915760260132e+00 2.52475282013024893e+00 0
6.92646258090743316e-01 -7.95484382024736258e-01 0
6.18991418721990483e-01 -2.25989018975061207e+00 0
-4.28163909444214619e-01 2.68373636524488113e+00 0
-1.37548051557253093e+01 3.80654844108037782e+00 0
-3.09520065147117185e+00 -7.38433179431453451e-02 0
-1.10549778040775699e+01 4.09164538735712213e+00 0
7.22502089154921867e-01 7.16513147906124459e+00 0
-1.77807388944552192e+00 2.90338298680566398e+00 0
5.12866143272778241e-01 1.32194201512897291e+00 0
5.37152472113808344e+00 1.52430720922233509e+00 0
8.52600621786336532e+00 3.57453392050149610e+00 0
2.22108218281873393e+00 7.92754821159959877e-01 0
1.84490938192360598e+00 1.80784360217696993e+00 0
2.27300987544349109e+00 5.23948507332864577e-01 0
-7.06455317423618467e+00 -2.41211591904073819e+00 0
6.42154942460289124e+00 -6.46852131906861594e+00 0
9.61683654487276107e-01 1.83244327260389905e+00 0
1.17013635834495600e+00 1.08637551535858301e+00 0
-2.64813566734872596e+00 -1.84953063622821290e+00 0
2.88776509409247195e+00 1.15738395030305696e+01 0
-1.66783374988595690e-01 4.17616183169319033e+00 0
6.49738874703862379e-01 -1.41978572873216002e+01 0
2.28050365131875310e+00 -8.24837747036753083e-02 0
8.46126350390471238e+00 -5.49746261912835177e+00 0
-3.17279529332508581e-01 1.06768064054076306e+00 0
-6.86015092619152861e-02 -1.28903605617300299e+00 0
-4.09063725352111440e+00 4.34837947489073873e+00 0
-1.73652061699147198e+00 7.38773564378163661e-01 0
-7.09967909863664559e+00 6.31782304236463599e+00 0
5.96397497339585914e-01 -1.68414236832804409e+00 0
-2.80155213491115607e+00 4.00089572536388494e-01 0
8.73735875978933096e-01 1.70649822965208098e+00 0
1.62278259412154502e+00 1.16072532494522895e+00 0
3.00662527279633984e+00 3.32141484692980882e+00 0
-7.70557603756622100e+00 3.48313836633206975e-01 0
6.43478203254839443e+00 1.27545040375041996e+01 0
-8.35875053891090936e+00 2.64433886377377680e+00 0
3.26803995447166518e+00 6.23003326399711366e+00 0
-4.40493757113711082e-01 -9.53016968928931174e-01 0
1.02797931577963597e+00 -1.08494955442065599e+00 0
-1.36977155801310091e-01 1.04524456435702806e+00 0
5.75860121206752229e-01 -8.82196606589433108e-01 0
-5.75804098583517288e+00 1.19311317806283004e+01 0
-9.14970380302887243e+00 -8.47959881028782370e+00 0
-1.12836146127606701e-01 4.65591407676464542e+00 0
5.27926082421056098e+00 -3.13244751530777421e+00 0
7.10874954162209916e-01 1.20806038880327797e+01 0
-1.56592247633443993e+00 -2.05626531973863713e-01 0
-1.29641048979972595e+00 2.57916189134264173e-01 0
-3.05321999968115598e+00 -1.06477976259737499e+01 0
1.42087635904577407e+01 1.26267503470305598e+00 0
-1.39013469898011399e+00 1.12959538079852795e+00 0
-1.42015759623308409e+01 -6.22703345993146695e-01 0
1.86987757747789796e+00 1.41642673631348703e+01 0
7.87209180214786697e-01 -1.34951458527007007e+00 0
-1.29973457278582893e+00 3.87186247833148312e-01 0
1.04602756639827206e+01 6.42392344808249582e+00 0
-1.28683591017188501e+01 1.96356460825078494e+00 0
-1.40692682124219193e+00 -4.54056624370692319e+00 0
3.55226938499527078e-01 -1.71076148868956102e+00 0
1.49905539872658505e-01 3.52997797191744178e+00 0
1.12915355673490403e+00 1.98259064697921694e+00 0
6.77128222972571425e+00 6.00942248512461585e+00 0
-2.31410781133099208e+00 9.72469304360646625e+00 0
2.37179264023275804e+00 2.03277870830262808e+00 0
-8.71510893537590903e+00 5.32680054319329077e+00 0
6.62431992802309910e-01 9.84837154918284341e+00 0
-6.14587789628895642e+00 7.66596564273739123e+00 0
-1.02145294473906789e+00 -3.99987334980533005e+00 0
5.14151369797501356e+00 1.06368910547943396e+00 0
3.27419323690552799e+00 8.45163828982247445e+00 0
1.09596248223148707e+00 -9.45337449455387446e-01 0
1.13541919303317407e+00 -6.98473386774900451e-01 0
9.31064876208455461e-01 4.82069567015973310e-01 0
6.07143005068650066e+00 9.56419813930212115e+00 0
1.48238586865165201e+00 1.25259426182817202e+00 0
-7.09991566774277771e+00 -1.72672812923686692e-01 0
-1.43571875479727007e+00 -1.80515234861667406e+00 0
-2.18642703098823998e-01 -5.31192507549724890e+00 0
-2.10256950019586020e+00 7.25184446642717417e-01 0
-1.56559730990418000e+00 -4.23422068586651967e+00 0
3.37079963826242990e+00 -1.49828816607735904e+00 0
-4.48721848406198998e+00 -3.72197818067977781e+00 0
-2.68028438067655284e+00 -1.02444886355201503e+00 0
-2.78887347457935997e+00 -8.59770271666214447e-01 0
-1.26472774173128300e+00 1.42416810669553206e-02 0
1.30547305968743999e+00 7.57837282480268604e-01 0
-6.05617645866345145e-01 -3.19138068343766701e+00 0
1.76541835404565006e+00 -1.40897095081917789e+00 0
1.83901479722895100e+00 -7.61256996735296365e+00 0
1.81604342612630099e+00 -9.38052536589652763e-02 0
9.01738670872160419e+00 -8.38543702080242248e+00 0
-1.89083260366348704e+00 3.07346185853458909e-01 0
3.18422518730368309e-01 -9.35554725631159201e+00 0
-2.18287368536633908e+00 2.16419476094081009e+00 0
1.69732748526952704e+00 3.12453813124635404e+00 0
-1.54281870005065791e+00 2.03269931826855688e+00 0
-7.61710160310732798e-01 1.12578646495821699e+00 0
-4.85343454948551078e-01 9.30534426941547643e+00 0
-3.05121121412281182e+00 -1.78706032028909800e+00 0
5.76171480262728064e+00 2.04326325240435613e+00 0
-2.30381551397026402e-01 1.09210105776653199e+00 0
-1.31058524227986304e+01 1.18719006949981698e+00 0
7.74099605166352056e+00 5.99471120806423485e+00 0
-5.49768281578638973e+00 2.02459597252509482e+00 0
4.65787734359420380e+00 -3.16564500653110814e+00 0
-1.59576271817832599e-01 -2.39259829165522397e+00 0
1.04427460248824495e+01 7.86756482429713522e+00 0
5.94574790141815870e-02 2.44063820507289719e+00 0
-2.04110104432961315e+00 2.85327906006617482e+00 0
5.48879733692940186e-01 3.15213348954247508e+00 0
-2.34492210719783190e+00 3.22399455795046119e+00 0
1.27664265896826890e+00 -6.58286889191101232e-01 0
5.40206443824522520e+00 1.91197882272831299e+00 0
-8.85523227746443276e+00 9.58204992790742693e+00 0
9.08086402103094659e-01 -6.46674389782421311e-01 0
1.19399745177950201e+00 -2.18715810078370687e+00 0
3.19428662270198682e+00 -6.18378257438731094e+00 0
4.35389251583367387e-01 -9.46036850278378361e-01 0
-1.00233523015837389e+00 -5.81286859250854770e-01 0
-6.13453814179952417e+00 -3.84981341933239518e+00 0
-3.48792642886721094e+00 -2.27402228686063301e-01 0
3.91998813997646189e-01 -2.14299950916702020e+00 0
-3.43055293346891277e-01 1.42424708233124098e+00 0
-2.82115952230255207e+00 -8.30202719777073384e+00 0
-1.13540041159092397e+00 1.62253237463377098e+00 0
-1.43576642635505691e+00 2.30417840416908914e+00 0
-1.36605736166329894e+00 3.60771665066351721e+00 0
-3.75055637222985983e+00 -8.64525605541806819e+00 0
-5.18073694047615829e-01 4.79417242714258673e+00 0
-9.91100055181887596e-01 2.35063990743795781e+00 0
-2.82514913838945292e+00 -9.46355872006497378e+00 0
-2.74045843947681722e-01 -2.05856240105861721e+00 0
1.18742282627603100e+01 -5.69814470172647614e+00 0
9.66550938450476460e-01 -1.13551453729273510e+00 0
-1.47812275585195207e+00 -9.79209604539159173e-01 0
1.19839180922340804e+00 1.59773030602733290e+00 0
3.19460688780662183e+00 -2.50712277546871709e+00 0
-1.00353562206207592e+00 3.22424825461530118e-01 0
2.91779327506050512e+00 6.52472290472916860e+00 0
4.21227808957004957e+00 -2.06587826993587509e+00 0
-1.07764726099199892e+00 1.45345653354940096e+00 0
-7.65863092805228440e+00 -1.20738120559479007e+01 0
5.42266891981478771e+00 -5.62715942278797621e-01 0
-1.21550954416877510e+00 1.78958705134665408e+00 0
5.93098908734981944e-01 1.42596342178370907e+01 0
3.12494747559759700e+00 -8.42491440097786182e+00 0
-1.40379820306318903e+00 -6.69837095461834453e-01 0
-1.08029557131404204e+01 5.11854795956840114e+00 0
3.07184142656441495e+00 -4.36303141599142563e+00 0
-2.93412920497882102e+00 -2.67729416936435616e+00 0
-1.81027361142595500e+00 -8.31133130640144380e-01 0
-7.25417852645235395e-01 -8.68067642309310106e-01 0
1.30809936132591496e+01 -5.85250811110004410e+00 0
5.00530396078480244e+00 -7.23241766625573157e-01 0
3.49547486399931495e+00 5.58779136510802399e+00 0
6.11976891946296120e-01 1.82960011463303895e+00 0
1.56667089289459693e+00 -2.79193848130417699e-01 0
1.09250119149726199e+00 -1.69191758561886108e+00 0
3.55051898970892799e+00 -1.07067569395672502e+00 0
1.97986058704002299e+00 -2.68350557823147806e+00 0
-8.42964594406867462e+00 4.63781368902943691e-01 0
-9.58594198702565237e+00 5.61241032109818416e+00 0
-3.37164414910343879e+00 1.02573893149146489e+00 0
-2.23467796456014378e+00 1.92003609944767795e+00 0
7.82963881620067159e+00 -3.75204328679857591e-01 0
9.27480806720741668e+00 8.19229585746821809e-01 0
1.25686921238212204e+01 4.54992426595177779e+00 0
5.53552823452741727e+00 4.14616637433248858e+00 0
-5.89170639412915342e+00 1.30419082442133991e+01 0
8.55359450680520883e-01 2.48252092129700985e+00 0
1.84525383199499710e-01 -6.72298269241782620e+00 0
6.71573022683586363e+00 1.35135986850909706e+00 0
-1.77896015127826090e+00 5.09286494203626039e-01 0
6.90866532334763495e+00 -3.90986493498104881e+00 0
1.29554876042054801e+00 -1.24130302588381305e+01 0
-1.02717699516739502e+00 4.20479925807050514e-01 0
2.51345640617593702e+00 2.22234060317873405e+00 0
4.62465950636946843e+00 1.25945256102719796e+01 0
1.71628197361213997e+00 1.10510086358288806e+01 0
-7.87831385213457080e-01 -1.04957674389386590e+00 0
-4.82057587056171588e+00 5.01790702162422431e+00 0
1.72170664519992389e+00 -1.68666656952476002e+00 0
-6.29127309350251296e-01 -8.30188167505873542e-01 0
7.27634874854111136e+00 -6.78023228551927559e+00 0
3.30043625411034203e+00 1.84161321305450598e+00 0
7.20096428146949386e+00 8.49883678077938631e-01 0
-5.82175451478718120e+00 -1.01649663083754804e+00 0
1.48821867961454091e+00 -8.39339399632306304e-01 0
5.75038571603120818e+00 2.44219458417176094e+00 0
4.83272479316624523e-02 1.50765437314651995e+00 0
1.33640008001064405e+01 5.26059587139871621e+00 0
-1.57518162931112898e-01 2.38361634960791013e+00 0
-1.05807263381803391e+01 3.54213448370442385e-01 0
1.28107960757375903e+01 -3.27624337897029605e+00 0
-3.29078109002568420e+00 4.74045762997542586e-01 0
-1.16728388723610399e+00 2.92447928373768118e+00 0
-3.69364515129023507e+00 -1.05401115917352204e+01 0
-5.43099058944222080e+00 -5.54982049846165393e-01 0
-9.60284121804919177e-01 7.02531802152555507e-01 0
5.64246516473561321e+00 -5.40737527708597110e+00 0
-9.56888968341503876e+00 9.18720710789970418e+00 0
4.95491029350457191e-01 1.66981613277109897e+00 0
-2.58222765405783905e+00 9.03137142228572642e+00 0
-8.87935938978034045e+00 1.33298666480323003e+00 0
-8.42371681658548699e-01 1.20729434262570603e+01 0
7.33416341351324386e-01 2.65511426672015416e+00 0
3.63898378600230721e-01 9.93293935719335552e-01 0
1.16456309946908010e+00 6.83613435127548996e+00 0
2.20675280377916483e+00 -1.30864199909604597e+01 0
1.69965680135612995e+00 9.28967139062666147e-01 0
1.64587484419696195e+00 7.89334426857788873e+00 0
7.34372735260851561e-01 -5.08587452563763165e+00 0
-8.37788167956217911e-01 9.93267008300405263e-01 0
2.54929184845751688e+00 -7.18530731316540461e+00 0
5.45651094710655982e-01 5.36636636632759778e+00 0
4.03769635526023518e-01 3.26498331377586704e+00 0
-9.11883694305428705e-01 2.48499783027037013e+00 0
-1.00479920657545900e+01 -7.03845405409179392e-01 0
-1.23962614840099903e+01 -4.81567652948970260e+00 0
7.27644503737915294e+00 -1.28843576063207510e+00 0
7.40316235482690121e+00 -9.07236762514784356e-01 0
1.81232832593392890e+00 1.29978388073402602e+01 0
3.00027870297421817e+00 2.35074250671242790e+00 0
7.18181438760074986e+00 9.27786489912859480e+00 0
3.91557701110413880e+00 5.06006978213334069e-01 0
-4.72961536042999120e-01 -1.06366598274091495e+00 0
1.05957973637661707e+00 6.48806073303813347e-01 0
-8.64869295468224664e-01 -1.22285460386830702e+00 0
5.12507507773080517e-01 -2.38126100914215799e+00 0
7.59577190934348834e-01 -1.03996470532610408e+00 0
2.85344163736321788e+00 9.38577646261008347e+00 0
-1.31047997332550903e+00 1.42776875758916511e-01 0
-1.25096845414523692e+01 6.93899655109465829e+00 0
-2.98001226803048702e+00 1.89417028189402203e+00 0
5.22440648634775184e-02 -2.31052067902576397e+00 0
4.24359090489723270e-02 1.71597170157753509e+00 0
-2.06787872075103102e-01 1.30891192160534295e+01 0
-4.38997621997825238e+00 -3.08717935272293786e+00 0
-1.95792607635952898e+00 1.14358590774288296e-01 0
1.85378364461661893e+00 1.45477730260516802e+00 0
2.61293092362899992e+00 4.52740158642748458e+00 0
2.69929198347364008e-01 2.11787258874630391e+00 0
1.10552340924989201e+00 2.46741797007054287e-01 0
-3.77657437231249604e+00 -1.24232813775839102e+01 0
9.24941721142385598e-01 1.03947575866479998e+01 0
8.95424869395503542e+00 6.57979787401340044e+00 0
-7.91921639072542316e+00 1.03602350215157402e+00 0
-3.37831692773075520e+00 1.34479693462711203e+00 0
-7.68053805142204560e-01 -2.42159011157789417e+00 0
-6.68536686105385414e-01 3.65077036789967702e+00 0
1.00686607849657399e+01 8.73531618397499443e+00 0
4.27645794585121397e+00 4.50657777526683290e-01 0
-1.37597920360367905e+01 -3.45470949991122112e+00 0
1.28638692111155706e+01 3.28167619597902016e+00 0
4.84007362252259998e+00 -6.75442987232163272e+00 0
1.02444843974766098e+01 3.98095321059316420e+00 0
-1.68116596494926007e+00 -8.18039478817248616e-03 0
-4.81661365462100699e-01 1.08806243035062700e+00 0
-1.07091583352224307e+00 1.10027819335719790e+00 0
-4.51630345007803058e+00 7.78859446912769737e+00 0
4.54100533496409486e+00 1.85327097030537491e+00 0
7.62966335207989932e+00 5.22062765267280238e+00 0
-5.65839986250970117e+00 4.23682033027113214e-01 0
-1.18875452629745704e+00 -5.83644100974113389e+00 0
-8.56838911665147585e-01 -5.95104502011021053e-01 0
-6.14101906139918885e+00 4.27346349958137672e+00 0
-1.72738653851944801e+00 2.53187599192392920e-01 0
2.75534504373226108e+00 5.38910855887189921e+00 0
8.79479035797115927e+00 3.97729279508829503e+00 0
-2.13609343020470493e-01 -1.10925817313662800e+00 0
4.64009599118500426e-01 1.00484568260171292e+00 0
-2.62424709023600000e+00 -4.22484342640311983e+00 0
-1.15700941858242600e-02 -2.00534441317475087e+00 0
-5.37065219208328060e+00 4.15035027992884142e+00 0
9.16510469189470434e-01 -1.28962788439340903e+00 0
1.10056181838560097e+01 -4.76200097586817606e+00 0
-3.38869767783831211e-01 4.31276913430410858e+00 0
-1.14575625772931700e+00 -1.52713574798460394e+00 0
-1.08012004714602905e+00 -1.64579318459929391e+00 0
5.56693417204502605e-01 2.48619395444262903e+00 0
-1.13487396184080191e+00 -2.60673795288835386e-01 0
6.66771770429830291e+00 -1.04781717879509895e+00 0
2.55955325996089611e-01 -1.13086907773339207e+00 0
-1.50483962143318895e+00 -4.73153300806173627e-02 0
-1.88817164762397294e+00 -4.21427808896822231e+00 0
1.04769557843476502e+00 3.43095693938731383e+00 0
1.23561166614398910e+00 3.51829906717905816e+00 0
3.82742130729622973e-02 1.11188560161056493e+00 0
-3.46101516857849090e+00 6.84062794267916896e+00 0
-9.89176872068705926e+00 6.82058633068711284e+00 0
7.92988335522163101e+00 -1.50259861249178295e+00 0
3.74523930269958116e-01 -1.30865362892930603e+00 0
-3.87375259022673379e+00 8.66648060801611941e-01 0
9.80262150314996639e+00 7.35957388601253903e+00 0
9.97877355402341126e-01 -3.08421810819327624e-01 0
-6.39044689259007104e+00 -1.25645017358580890e+00 0
1.65634855882563392e+00 -4.14696176881059697e-01 0
1.02429754049662698e+01 -7.54541318509399339e+00 0
6.51993543889909266e-01 1.31822773455737394e+01 0
6.26325338472473958e-01 -1.05559312808196903e+00 0
5.35272159019714344e+00 4.17453770503350807e-01 0
-2.21872459770603614e+00 1.15267914744300892e+00 0
3.67919499123734095e+00 1.19530391623321197e+00 0
4.04474348789516380e-01 1.32580058767943099e+00 0
1.00379860821742906e+00 -2.09269318316552688e+00 0
7.18173283842049370e-01 2.17173457234996414e+00 0
2.19573631441661110e+00 -1.62592544162935493e+00 0
-6.37883672222721199e+00 -9.77210324128968288e+00 0
-4.30709906705961723e-02 1.93500165662504897e+00 0
7.17044335047363468e+00 1.72025573033513401e+00 0
-4.00719809787500325e-01 2.46696390911827912e+00 0
5.24628608355225801e+00 -1.12900255535634706e+01 0
-3.41010247005913181e+00 8.34417230955035449e-02 0
2.63020394512932620e+00 -3.38426661722822297e+00 0
2.97923486085428912e+00 -1.22761983623574911e+00 0
9.53990559622377887e+00 3.33301393106672794e+00 0
1.40896464750356607e+01 2.53566639018291795e+00 0
3.10666638969513498e+00 -4.97489649437795778e-01 0
1.63585304096923490e+00 8.62359864137959564e-02 0
1.03530272369791310e+00 -4.07074054673926322e-01 0
-7.01281741135064002e-02 -1.04064552788598408e+00 0
4.33577629682358801e+00 -5.54774952529143306e+00 0
-3.14754628311063689e+00 4.08449982164245284e+00 0
2.53505418923668202e+00 -8.77196251465451327e-01 0
2.46879025274061403e+00 -1.91940956783271499e+00 0
1.83959192374832692e+00 -1.12806890584526993e+01 0
6.84616462531765002e-01 1.04409944795681797e+00 0
3.73208327170109921e+00 3.93352467961236218e+00 0
1.75945930867714512e-01 7.08437411903582959e+00 0
-5.07663324137725414e-01 9.85141651579961253e-01 0
9.44661504117395623e+00 4.83142023804150700e+00 0
5.32463599106838270e-01 9.70900619584507019e-01 0
3.51104503155290315e+00 8.97240178305425795e-01 0
-1.49148014035720400e+00 5.13923894285202243e-01 0
-1.04502673624072007e-01 1.39155147202356111e+00 0
7.09496046234716804e+00 1.00991635690344204e+01 0
-2.49271885908975088e-01 7.80710040751597756e+00 0
-3.63578313507064399e+00 6.20401401951894527e-01 0
-1.80443173431651394e-01 8.40242083646379534e+00 0
6.20711693284286992e-01 -8.57151342437708186e-01 0
-1.40658991384937004e+00 2.42511929396298109e+00 0
-4.48026248522799264e+00 4.97607051545676082e-01 0
-1.47326780666205304e+00 1.42070817764016102e+01 0
-5.55479550374953890e-01 -9.87395816497127821e-01 0
-1.41906123008120399e+00 -1.31681377909453001e+01 0
-5.89350554989818587e+00 2.89605017280401800e+00 0
1.12007357031423993e+01 4.69720888485393040e+00 0
8.34887695234571225e+00 1.01808132550188297e+01 0
1.01697484922059611e+00 3.22450029694342311e+00 0
-1.13031617138740597e+01 -8.74481093535016107e+00 0
4.18595901271254434e+00 4.11427881557403285e+00 0
-8.76911539969871812e-01 -1.49004774549955998e+00 0
-6.76975977394810080e-01 7.99600346113143234e-01 0
-1.42622782350105606e+01 1.64243092401172897e+00 0
-2.86020180841247917e+00 2.25997594130309398e+00 0
-8.46850104862543773e+00 3.03807087799248289e-02 0
-2.58288914507364398e+00 -6.57757139142064129e-01 0
-1.07398875587359899e+00 -3.26858978540332079e-01 0
-3.59956304244043401e-01 1.78627986927705407e+00 0
-7.44487084367211338e+00 -1.04869940862801698e+01 0
-4.76891637054332906e-01 -1.43042508948322000e+00 0
-5.27595526923657299e-01 -1.52238184312399794e+00 0
2.53254151856779020e-01 -1.23675668083599710e+00 0
1.55753392220474596e+00 5.85303000775989846e-01 0
-3.26223376648590380e+00 9.66188950798042967e+00 0
-3.16696627916560614e+00 5.86995660667746311e+00 0
3.59297108413136612e-02 3.14846061372252795e+00 0
-2.44241111171014591e+00 -4.54387458269473488e+00 0
3.83678534051053122e-01 -9.71553078594388331e-01 0
-4.62214062264487913e-01 -1.35323747173759195e+01 0
1.75080401924555606e+00 -4.97326424139687195e-01 0
8.86774019727475249e+00 1.01488529827570595e+00 0
-1.17410344875253294e+01 -3.96176172109787395e+00 0
1.12273966506451792e+01 -2.35801311195765306e+00 0
4.86132418227524532e+00 -1.24484178809575496e+01 0
-3.07606502138675408e-01 1.42818586111108008e+01 0
2.23478229520416205e+00 5.73366736469644511e+00 0
1.60989619250439397e+00 -1.79547261248680190e+00 0
1.92151735372413790e+00 6.92804659229986686e-01 0
-1.42199045303252403e+00 1.74939152070708803e+00 0
-6.60970756364112333e+00 7.59088125981072226e-01 0
-1.73903566530299392e+00 1.51401209518420199e+00 0
8.48456428846306787e-01 9.03372448293763175e-01 0
-2.51526572451657104e+00 6.18564002197346863e+00 0
-2.84664545289632920e-01 2.31429627630943813e+00 0
-1.55662498539194805e+00 6.60567117387154012e-01 0
-1.43120365226145907e+00 -1.99658611013922105e+00 0
7.99253943040831638e-01 1.40695029771661395e+00 0
4.00546829375602442e+00 2.38822570868479689e+00 0
9.29629306374021880e+00 3.24437456959779380e-01 0
1.15059873797437806e+00 3.11841328203830481e-01 0
-3.72107696480384709e+00 7.62807217307279561e+00 0
1.02441333130447210e+00 4.66020432674384699e-01 0
-6.04138512365373614e+00 -4.43139456777830121e-01 0
7.09706167838569990e-01 -1.15067695571224693e+00 0
8.84012580410353976e+00 -1.00201204202262808e+01 0
-1.76165224020543798e+00 2.62502585063510896e+00 0
-2.09122495055758817e+00 -4.53859804576228143e+00 0
-7.29141712026841660e+00 4.96352404507277578e-01 0
1.48156148141718291e+00 2.54785482159268684e+00 0
-3.70967778745984589e+00 1.62045355275184999e+00 0
1.35384595591405299e+00 -4.74980890952196777e+00 0
6.19399061461360656e+00 1.21018477605543797e+01 0
-8.35912099251793439e-01 -7.70194418115079160e-01 0
-1.64340982874603392e+00 7.03409573025834689e+00 0
-5.41848344835403783e-01 2.41205878392979001e+00 0
5.13731586312740340e+00 1.31366955159717103e+00 0
3.56464788115965403e+00 1.26248576897961104e+01 0
2.95692524615030816e-01 -1.77988231932730101e+00 0
-9.33491568710554720e-01 -4.58998971303307890e+00 0
1.42610189435856105e+00 -1.39742648507436495e+00 0
4.73877632022249173e+00 6.78898746303866041e+00 0
-3.71426961271186196e+00 1.27553512800860092e+00 0
-1.19204192695014299e+00 3.14178234513901589e-01 0
1.06645140075995393e+00 3.88611181704506503e+00 0
-6.15593135701229421e-01 5.29144649918375265e+00 0
-2.84312842045511394e+00 1.74757163819988209e-01 0
-2.22212836378599699e+00 -8.36619369016631964e+00 0
2.21544934707949093e+00 -2.97032400679927588e-01 0
1.13047823341948508e+01 3.20688790905490784e+00 0
-3.78181813026180813e-01 -1.83673402593282598e+00 0
-2.25704030591550397e+00 -1.76438380972746800e+00 0
-4.96553911905529421e+00 3.79749003350399406e-01 0
-4.27013267598108814e-01 1.33258411760826201e+00 0
8.54322165476257611e-01 7.00836418175527109e-01 0
2.00425321580294380e+00 -9.33009130083994775e-01 0
6.10526214942984535e-01 2.28474320765502892e+00 0
3.87917901025771616e+00 1.13120864871830595e+00 0
1.35694791074398791e+00 -6.99051765897233612e-01 0
7.05971396347363900e+00 -1.15152998361513497e+01 0
2.57847205793660494e+00 -3.82328432769792004e+00 0
-2.64387093520630412e+00 -3.34062300946119306e+00 0
1.14494054782124408e+01 3.61987712052192878e-01 0
-9.11424951096683955e+00 3.94708594772856802e+00 0
8.45590946044391600e+00 4.42000725195763389e-01 0
2.18392460636852581e+00 8.33188032965390590e+00 0
9.20410205287631911e+00 9.64369324826425611e+00 0
-3.62929318272354218e+00 4.11463002183643223e+00 0
2.95046322577131104e+00 -2.87885709233297105e+00 0
-2.32115137859959519e+00 2.39821291907188794e+00 0
1.75035377401030190e+00 2.65093543708735702e+00 0
6.34408613819971201e+00 -4.23333263492357781e-01 0
1.17040145463201295e+00 -7.92688512329270090e+00 0
-1.60844397052618904e+00 -8.79937753420547142e-01 0
3.18632789233556712e+00 -1.40074110030432806e+01 0
4.51033393063725718e+00 -1.35495687223376606e+01 0
-7.10728368655161002e+00 -1.00838039801406909e+00 0
5.09638091208966637e-01 1.86407235201817989e+00 0
-1.85650817237665611e+00 -2.73588912869924084e+00 0
9.02420779829049224e-01 6.33255856863239708e-01 0
6.48760805735645540e+00 1.93649630283052909e+00 0
-8.19411212243576159e+00 1.32471336573188392e+00 0
-3.36120125956745985e+00 1.93419007912182006e+00 0
8.17001833666350818e-01 -1.18776184931350604e+00 0
1.58227528448440502e+00 1.78460338213857495e+00 0
-1.94844100529587094e+00 1.48544508081953208e+00 0
-1.18740907801050399e+00 1.35024985812052800e+00 0
-1.20939281355227690e+00 8.94127292922053729e-01 0
1.05266900552966991e+00 -1.25081565000441497e+00 0
-2.79649465783430218e+00 1.59646909264191206e+00 0
2.70327046014499395e+00 -1.37972825869199700e+00 0
-3.15760485778755595e-01 -6.13294322077372289e+00 0
-9.37969730622974507e-01 -4.69016601702332503e-01 0
6.25763704752630634e+00 -2.20037178899309804e+00 0
4.56331785570743964e+00 1.36959412381243109e+01 0
4.10248920343832602e+00 7.39595479192547511e+00 0
-1.09486446185206510e+00 1.64451928499077887e-01 0
-6.10506780782006042e-01 1.75199466679848403e+00 0
6.98566840754287277e+00 -1.99340136774315901e+00 0
1.05655828235312410e+00 7.26812909993053813e-01 0
7.78418201000306631e+00 -7.80381942835926878e-01 0
8.17280201762208414e+00 1.17763591183046596e+01 0
1.21219834025298590e+00 -3.77056297606689306e+00 0
4.87166031473821892e+00 -8.64093881526422436e+00 0
-7.30610170357154254e-01 7.50702224036030930e-01 0
-4.70919722985719380e-01 1.27633503159313610e+00 0
-2.80680216316747799e+00 3.03989373402586605e+00 0
9.56861993093477831e-02 1.30495219190193801e+00 0
-7.72665320495108165e+00 -2.67661216541342517e+00 0
-9.01832647942109933e-01 4.93395540928323939e+00 0
-5.30472388523415539e+00 9.25088948772440745e+00 0
4.55113433012682700e-01 -1.57849130747321609e+00 0
-2.66565921452536791e+00 1.35644422511858909e+00 0
9.09122194943504702e+00 1.09716460977370200e+01 0
7.04309265936783113e-01 1.57682294755957408e+00 0
3.61606548357608615e+00 6.34728512321416805e+00 0
1.23602898814726991e+01 -2.03044281794188519e+00 0
-6.70209425405383641e+00 4.27318990409591759e+00 0
-7.84222072124835190e+00 -6.50220202122300694e+00 0
4.59535834854471581e+00 -1.05655798714930604e+01 0
3.05557323528857394e-01 -9.97907723103534261e-01 0
9.95395757125159086e+00 2.34279878874038205e+00 0
1.95704680737052805e+00 1.89945770989657192e+00 0
1.08667635067424095e+00 9.33342953409462939e-01 0
1.50989263764831994e+00 1.33873213725111406e+00 0
-1.31234839895629793e+01 -5.75584039329590436e+00 0
1.32539976995266207e+00 -8.02571741258813809e-01 0
-7.43776393595532959e+00 -7.46587088739338101e-01 0
1.41315812053476608e+00 4.51369074199604370e+00 0
3.85549298116525496e-01 1.25850739960895397e+00 0
-8.18082106356453842e-01 -2.84559122422119692e+00 0
-6.64277818170680767e-01 8.59531907671517814e+00 0
5.83833172894993879e+00 7.90584846751871573e-01 0
-4.09031121200608361e+00 -4.30483895190063492e+00 0
1.73302527012756902e+00 -3.42041716807590171e-02 0
-6.31383268851959722e-01 -1.89526533602605496e+00 0
4.19095574071980170e+00 -2.52492930367760993e+00 0
9.82625822868021714e+00 -1.05509757576357703e+01 0
1.10002350981146293e+01 9.06146217471494531e+00 0
-3.12539184420624405e+00 1.04795492778948995e+00 0
-8.89635621467687709e-01 1.28732873677832105e+00 0
1.57082241583495907e+00 7.21882346805277386e+00 0
-2.10726835587660988e+00 8.02584088355631664e+00 0
-4.99012333819140164e+00 -5.87897307558225091e+00 0
-7.92801157497124764e-01 1.18918375311874902e+00 0
-6.40855524595996418e+00 1.05702993533266891e+01 0
1.84226472095568705e+00 -6.74698389300823931e-01 0
-1.93868349615214597e-01 -1.22196557549767504e+00 0
-4.32510325411239815e+00 1.22791761221565210e+00 0
-1.15942983529113497e+00 5.10419800709848229e-03 0
1.42594580648618607e+00 7.58292891833504679e-01 0
1.58186001126735587e-01 -1.70248591908874092e+00 0
-5.71259974173853768e-01 -8.84979417816234815e+00 0
1.20233048003875109e+00 2.08841669338051616e+00 0
-1.94474179573744799e+00 1.63027867729697507e+00 0
-2.59679304265641520e+00 2.70704458980226592e+00 0
4.53225984590231956e+00 9.14114554315529837e+00 0
-8.17488833284331751e-01 1.68750515443331395e+00 0
-2.48623785037315681e+00 -3.86513595441149915e+00 0
-3.76019583240730082e+00 -3.01845178794882996e+00 0
-7.64979669020406394e+00 -5.15292753196753761e+00 0
-5.48192725296358230e+00 -1.56210758561523000e+00 0
9.42441106527971195e-01 2.06745973799038119e+00 0
8.92908679541707428e+00 8.59182453087607811e+00 0
2.30613834317278998e+00 1.36647135549189003e-01 0
-3.07285234106769201e+00 2.60178593603721220e+00 0
2.25520349484920191e+00 -5.63989759508781274e-01 0
6.11217828288680298e+00 3.51538175912732509e+00 0
-3.25758606698528785e+00 6.22478102350692541e+00 0
-6.00846909348691338e-01 2.87979530357802682e+00 0
-3.21745752994861389e+00 7.18266576529979606e+00 0
-1.42619086066588796e+00 -8.15513798977839710e-01 0
6.15436733104386402e+00 -6.92970950089044990e+00 0
8.64163820578990638e+00 3.15081495807151502e+00 0
2.32344018637619998e+00 -2.23361792031135797e+00 0
-3.81056811598840595e+00 -1.38643602953805996e+01 0
-1.01332036785996298e+01 1.00978475065465396e+01 0
-1.34686008513443189e+00 8.26795446300815140e-01 0
-1.01302332420193708e+00 3.23765063488896310e+00 0
-7.98357592874927025e-01 -3.50587696745418809e+00 0
-7.07736667286699928e-01 1.86950543452964602e+00 0
-1.19968682269688802e+01 4.84306945685785362e+00 0
-6.30842765307403308e+00 1.92970744503193803e+00 0
-4.57164737226572626e+00 -1.17109520980884696e+01 0
5.26040090011476558e+00 8.48646496075514101e+00 0
1.57954789650663097e+00 5.84680421515024396e+00 0
-1.35576503187894004e+00 -3.06238240018700314e-01 0
5.42237972366144305e+00 -4.72042914272570879e+00 0
-2.50276320812634978e+00 -1.33508878054372992e+00 0
-3.05142973476554102e+00 -9.45221066333590820e-01 0
8.88578723723686537e+00 1.24670085964659699e-01 0
9.99224062135180557e-01 3.14780214325523777e-01 0
-2.60315264694234783e+00 -4.83815144221534066e+00 0
3.36048712588691201e+00 -2.98458011260365597e+00 0
4.39023582649608635e+00 3.19981232515997194e+00 0
-1.67113842522859302e+00 -9.84279377945784656e-02 0
4.19841164343322770e+00 5.63080604100194204e+00 0
9.93247600762535265e-01 -3.06738275476121114e+00 0
2.36179969157262004e+00 -5.20607482393638943e+00 0
1.09978720827637511e+00 -2.34496499471117081e+00 0
3.72374965895432120e-01 -1.13280212123213309e+00 0
-1.56585431154953203e+00 -3.14211685547040709e+00 0
-9.02389913112281450e-01 -8.64983283674976566e-01 0
2.28818001967503504e+00 -3.89963928794542580e+00 0
1.27355011887835690e+00 8.76341978541749000e+00 0
-7.21927459574834174e-01 8.44226266127979352e-01 0
1.24323866778586800e+00 1.04099131232065489e+00 0
1.36921445071183605e+01 -3.96135296321808905e+00 0
9.52890075243554402e-01 -7.45600703329262982e-01 0
4.32774087515541195e-01 3.79816514015718498e+00 0
9.75018292128383424e-01 3.83755436623462287e-01 0
-1.10410437665440608e+00 8.27926296963621966e-02 0
-1.28593504868055791e-01 1.11291729870465894e+00 0
1.94863022928054996e+00 3.23603139632252013e-01 0
2.73860550345486997e+00 9.86747042340044267e+00 0
3.58282629090254190e+00 -8.30643913349300433e-01 0
1.27336321395484209e+00 -9.44148435278367670e-01 0
-3.49128922423228616e+00 -7.76817363377889336e+00 0
-5.93557732399149085e+00 -8.84616341410280782e+00 0
6.04283625977421668e+00 8.01727024638368668e+00 0
6.15021654172524190e+00 7.41588722654328958e+00 0
3.14583022894479214e+00 -3.88180134132843779e+00 0
2.93909835489985616e+00 3.55864523147898915e+00 0
-1.42732905159124207e-01 -4.13950972410475337e+00 0
1.10679469576708094e-02 3.30651636197884802e+00 0
1.18955543311432397e+01 3.45238067171205198e+00 0
1.21341844605447591e+00 -1.01301042814891296e+00 0
-4.23707550019073620e-01 -2.34394292652045921e+00 0
2.33632777692603399e+00 8.87412883756465098e-01 0
7.36149250282258105e+00 -1.94880572291115994e+00 0
1.48036901012260302e+00 -1.13513869735417905e+00 0
6.94258009881090121e+00 7.49566789958696678e+00 0
-1.28655145901841195e+00 -9.18060772654744639e+00 0
6.40801063449251473e-01 1.11685247863828407e+00 0
-6.18603713758057694e+00 2.20952658648847722e+00 0
-5.61153264583061340e+00 8.31120940873644543e+00 0
5.06376636929308699e+00 2.00101148232576609e+00 0
-7.44703270276107610e+00 -3.01876784927663011e-01 0
2.48151806869907299e+00 -1.18097482785225694e+00 0
-2.31872772602314592e-01 1.70132282068564500e+00 0
-2.35044055568804211e+00 -2.08237094987008309e+00 0
-2.95484414532882411e+00 -4.24622153590881002e+00 0
5.95168099785429949e-01 1.69913214070853402e+00 0
-7.18063575384977515e+00 7.02053763175877510e+00 0
3.49788044846115120e+00 1.48835747853272893e+00 0
1.70083301211261095e+00 2.63982480974110978e-01 0
-4.14330820669980682e+00 1.36194274362411605e+01 0
5.98636429987147167e-01 -9.43441281050485192e-01 0
-2.41578822795075587e-01 1.21293374834918204e+01 0
-1.59534149368368205e+00 5.30241446364085323e-02 0
2.76480562115895490e+00 -5.27041007757656121e+00 0
1.81567375014676102e+00 -4.98293893173861235e+00 0
3.12703938644657620e-01 1.85584333313521110e+00 0
2.38231337409756483e+00 -2.66365554765151202e+00 0
-9.78571897923274481e-01 -6.34347884365399795e-01 0
1.17192120207860806e+00 9.34963313178072464e-01 0
-1.12731439622716298e-01 1.65158489518431395e+00 0
2.19741562843004878e+00 1.77201286644090206e+00 0
5.86358244395216577e+00 5.90009227642604106e+00 0
-3.29404885209396392e+00 -6.19747801927009401e-01 0
1.29145310382004896e+00 2.35365689678611290e+00 0
-1.55850721535124692e+00 7.56787844754905126e-01 0
1.15900757568939294e+01 -2.92633422286053779e+00 0
-4.42858220816940207e-01 2.05621799056755217e+00 0
-8.27354815246977848e-01 -6.38224560036687039e-01 0
6.71303918118050991e+00 -1.70288317630979691e+00 0
-2.79304753703497521e+00 5.14418834681652992e+00 0
3.04647664692342224e-01 1.24457151523672893e+00 0
2.01067248198620696e+00 -1.38921425872910898e+00 0
-7.69066641066351697e-01 1.32806148125187207e+00 0
-3.61520638555571505e+00 3.78998861634494988e+00 0
-1.45166477296082008e+00 -5.54219534246946921e+00 0
-4.64629451592831699e-01 -1.76963986164368592e+00 0
-3.98310346966431084e+00 2.64009349620306688e+00 0
5.94060447430833616e+00 -1.18484858447067705e+01 0
8.32771299991643899e-01 3.11408550304080922e+00 0
1.02935852758665791e+00 1.65563975418731302e-01 0
-1.13170172091550403e+00 7.69882288869243037e-01 0
1.19793499586936991e+00 -8.16936693634559674e-01 0
2.29010564143992079e+00 -8.54262907702217689e+00 0
1.92413858683726602e+00 7.19809739133967685e+00 0
1.86787627927121092e+00 4.39766476603981271e+00 0
-7.22694528490153809e-01 9.96204991269671436e-01 0
1.21904259689403194e+00 3.75535221325184077e-01 0
-1.29086916546920594e+00 -6.23475409578574791e+00 0
1.20141158629911793e+01 -4.88805069676569737e+00 0
-1.19664122309348198e+01 1.71064814108054808e+00 0
8.84456348130798431e-01 -3.98988493240961084e+00 0
-6.26843815141860361e+00 6.86710097223950822e+00 0
-1.18099128620238307e+01 -5.64818094672093007e+00 0
-4.94294029364128973e-01 2.98246742764191497e+00 0
7.89205133866477393e+00 2.85434832164273589e+00 0
-6.25674899077562907e-01 2.22152656730605580e+00 0
1.35346942609112109e+00 -9.42959250722939374e-02 0
-4.54976384363158726e+00 2.68396563071837624e-01 0
-5.59139975605656492e+00 4.93813801454202483e+00 0
6.03840685238701130e-02 -1.01525894956743699e+01 0
4.60447884609864921e+00 -3.78346219700635800e+00 0
4.53300993375178241e+00 4.87148726424180989e+00 0
1.98096408119889089e+00 -3.68374574749171213e+00 0
-1.06830112498574703e+00 3.27340727979194890e-01 0
1.38310318521036590e+00 3.37855820580238797e+00 0
-1.73620102911683105e+00 1.64375435466897502e+00 0
9.21995175576314452e+00 -5.07262544495832568e+00 0
7.03807231408779543e+00 -8.11861728443720843e+00 0
-9.66994025779294830e-01 1.26752551678636904e+00 0
1.85001818636032406e-01 7.68152871640780077e+00 0
-1.29282901524491289e+00 5.05659526469668719e-01 0
-1.72860174817818191e+00 3.57547079822347680e+00 0
-4.93480884192749070e+00 2.12118416088880890e+00 0
-2.60541389722328720e+00 -1.40360592692002299e+01 0
-1.27326281982846190e+00 -9.68471579606786648e-01 0
2.03341885145745094e+00 3.33508208353127689e+00 0
-9.63904684007524359e+00 1.49357515887765802e+00 0
7.81158069296729085e+00 3.26237323442708504e+00 0
-1.93116011666731402e+00 -3.67070639913487007e+00 0
-3.77082868989707221e-01 -1.60881773249951898e+00 0
-1.04079554148631503e+00 -4.70331918533508420e-01 0
8.05047853775244704e+00 -7.44227929229081475e+00 0
3.94962630133873782e-01 2.11991785631323681e+00 0
1.04190997367980409e+00 2.40922653432416478e+00 0
-3.59682110295920499e+00 2.88132759074153810e+00 0
-7.16017784108205602e-01 -7.66933922966348325e-01 0
1.04217699165375510e+00 -6.05132034051052425e+00 0
-3.42179140045506092e-01 9.77930245992919445e-01 0
-3.81288385658641893e+00 -1.13780780812754001e+00 0
-1.60006713607754691e+00 -6.89852350178051132e+00 0
9.28306173436247661e-01 -1.66332817939197208e+00 0
-3.13320399634902033e-02 9.33281601824191398e+00 0
1.30780691637863411e+00 2.81289406513331519e+00 0
8.52375991940965250e-01 9.66829959612550693e-01 0
2.99151670740456499e+00 -7.89009666364486217e-01 0
-1.36116905387265508e+00 -1.89135709871757901e-01 0
7.17181587136177789e+00 -3.19787052174568376e-01 0
-5.91046537540123040e-01 -1.33062889342362101e+00 0
3.50826324798357003e+00 -2.27391131738956798e+00 0
-1.25204389127829003e+01 -1.23699492977063803e-03 0
1.08645236830068903e+01 3.74530352725457716e+00 0
7.65127706228061144e-01 8.90678713360638419e-01 0
4.77208987725721201e+00 -8.77004591802999611e-01 0
-1.11062980329936489e+00 -9.01165095835259722e-01 0
-8.42533605443634315e-01 7.40825347325055672e-01 0
-6.48622264871934018e+00 5.68377064762483197e+00 0
-3.45040252066255382e-01 -9.84482188741580777e-01 0
-4.01410812505398507e-01 1.12403630645673092e+00 0
2.52986069856695783e+00 1.48693374915693810e+00 0
-1.03915006538160792e+00 -7.56776181092846528e-02 0
1.36502375010138399e+00 -9.53367290972844450e-01 0
1.08551843468984295e+01 -6.24027926399382693e+00 0
-1.53576836878897094e+00 -5.21864754801328767e-01 0
6.00798354929521161e-01 8.95654844981407905e+00 0
3.73198887273033297e-01 1.05223685221897600e+00 0
-1.02824435376224499e+00 -1.57234454311526189e-01 0
1.32504128112474806e+01 -4.61244637499525711e-01 0
2.40111874816814286e+00 -1.08880161323897398e-01 0
-4.16677432080990862e+00 6.16981057244395781e-01 0
1.05287069814934697e+00 1.47269305571375209e+00 0
-7.25955769840164522e-01 -1.61791587625756694e+00 0
1.02557433312519795e+01 -1.01133124316940903e+00 0
5.12862485900543419e+00 1.22452776026439096e+01 0
2.23531423646852101e+00 1.08081910410368600e+01 0
-3.85779596705132910e+00 1.23384135281874006e+01 0
-4.16164090750816396e+00 -1.78917942525848006e+00 0
5.27751832452641234e-01 -1.32918362381847510e+00 0
-2.39075480013156794e+00 1.72519834077869305e+00 0
1.39627759981364497e+00 5.40521296621812919e+00 0
4.71358215835224914e-01 1.96199328379019211e+00 0
4.00859888703721623e+00 1.50753631362662799e+00 0
6.49771908214934157e+00 5.80721227518719574e-01 0
-4.46173453213258764e+00 -1.73573349964595303e+00 0
-9.46370549750998880e-01 -2.47409942405534888e+00 0
-7.75570165767746955e-01 8.19886705256461457e-01 0
-1.05684505314733101e+01 -1.34654659859748693e+00 0
1.02669342966060606e+00 -5.06034485512394161e-01 0
6.97419311630395944e-01 7.72024464667360966e-01 0
-2.70911800465670183e+00 2.15445102714076198e+00 0
-1.77128783530012202e+00 -7.07629966293204848e-01 0
3.43442734185401699e+00 -9.37022314920050547e+00 0
8.71657235962232058e+00 -2.43677018521514022e+00 0
2.67743730671244107e+00 -9.00193758797142807e-01 0
1.17943102583520698e+00 1.66593365741893512e-01 0
1.29915297477554792e+00 2.53550362102534610e+00 0
2.36315343121114596e+00 -3.05355430769582981e+00 0
-6.51168348053851442e+00 -8.53626509113978749e+00 0
6.48948757024068357e+00 -8.84861222086147414e+00 0
2.60569911562452106e+00 1.41773371724686807e+01 0
2.47501107076318405e+00 1.88735717289626193e+00 0
6.34933683688534201e-01 8.24187373955110436e-01 0
-3.95138843424511199e+00 1.25833333062781993e+00 0
4.71629989758918011e+00 8.35378442792053733e+00 0
-2.79935510610064886e-01 1.18541383024257008e+00 0
1.80913637472391997e+00 -8.73467103787446075e-01 0
-2.48483222712405682e+00 -1.51803219263300004e+00 0
-7.97698842974667688e+00 2.83565213692985685e+00 0
1.41327279831943997e+00 1.59473689933411800e+00 0
3.38289307586085197e+00 -5.37194380225333123e+00 0
-3.29832672010359884e+00 -6.01799594309148933e+00 0
8.12866788585036915e-01 7.96442239163402510e-01 0
-8.01017860882633670e+00 6.22865913687144279e-01 0
-5.98953921421396718e+00 3.60443339984058797e+00 0
4.03532703695423489e+00 6.97637969411632142e+00 0
-7.41128486709427436e-01 2.29714696798068196e+00 0
-1.90621790003087299e+00 -4.97799458614505941e+00 0
-3.11200396445736216e-01 -1.12612412691913311e+00 0
2.49077264459736503e+00 1.19505408301881300e+00 0
-1.74467569470503903e+00 -1.87845148806177109e+00 0
-1.30051856524119192e+01 -2.19084065060780286e+00 0
-8.75821209287205349e+00 7.49207820378035816e+00 0
2.05352657745609096e-01 9.78415803944973028e+00 0
2.16516471907481511e+00 -4.14517722413738188e+00 0
-7.77138510509877922e-01 -4.84548948782109878e+00 0
2.03707135808940709e+00 1.34511711478028206e+00 0
-6.16915242825489862e+00 1.31195632045695909e+00 0
7.22729850017710729e-01 3.43818387343494791e+00 0
-8.58028510331850391e+00 6.09788870526861704e+00 0
1.73045726705599590e+00 6.05694323568044202e-01 0
1.87400786972692801e+00 -4.20193220652960520e+00 0
-3.74899510614392106e+00 -2.45090466170568888e+00 0
-3.01686594658764395e+00 3.83377995960898721e+00 0
5.15777089690384027e+00 -2.62917182617624201e+00 0
2.44151332995147596e+00 -2.35758927542449293e+00 0
6.31160846840376966e+00 -1.07571775680577506e+01 0
3.95841788226268587e+00 -2.46159092641501998e+00 0
6.56794290109014156e+00 -8.34473548486020178e+00 0
-9.57130583482776665e+00 -4.07185606147251900e+00 0
-1.70568793490053094e+00 1.87856548293783199e+00 0
-2.94129396468274518e+00 -2.19486771074622800e+00 0
2.17900276883001887e+00 -7.12320285559721977e+00 0
-1.45916452417919196e+00 3.39846481849665993e+00 0
4.34153266904195156e+00 -9.14551909276790731e+00 0
-4.19369389791614644e+00 -3.43574829204328314e+00 0
-9.23266847887575515e-01 -7.45974094433949908e-01 0
-1.36032289293740205e+00 8.05766499525411106e+00 0
-1.16433560539345504e+00 -6.83205578445509443e-01 0
-1.25507356423567096e+00 -6.99004174025106284e-02 0
1.27291984805145209e+00 -2.76576369078370421e+00 0
2.63937283482494900e+00 -6.44882778832152859e+00 0
4.05481532177140203e+00 8.43641783402079182e-01 0
-2.10982024197918205e+00 1.82607921638495707e+00 0
-4.83033333748916716e-01 -1.10276157750678507e+01 0
1.41672585214139302e+00 -2.62547155018360678e+00 0
-3.29662411997927185e+00 -2.37864766854484122e+00 0
-1.88288671893610093e+00 1.10594973922915996e+00 0
-1.82505606193920000e+00 6.35576378165098443e+00 0
3.10031875089497388e+00 3.76433269371481583e+00 0
-3.89820125224858804e+00 4.10293261073217508e-01 0
8.51180829175532416e+00 -9.66254188415477056e-01 0
9.16106011689133748e-01 -8.41208049835630800e-01 0
-8.64305722231051909e+00 -7.61674669502514856e+00 0
1.11323083620744195e-01 1.19803377825657797e+00 0
-3.39600342209289918e+00 -1.17250435628863396e+01 0
-2.97221825423800778e+00 -4.86658119146987289e+00 0
-2.26988712514737800e+00 -5.56686197056855070e-01 0
1.56412274272941509e+00 1.88383130962937406e-01 0
2.08426882845353001e+00 6.02125417150480735e-01 0
-1.04530916543986097e+00 -1.19362380181491701e+00 0
2.05530745125918379e+00 4.94657090478341033e+00 0
-1.23875688391015402e+01 -7.17129084982958442e+00 0
4.70683464593371337e+00 2.85030304968935910e+00 0
-4.80256531750898663e+00 3.20460999367114718e+00 0
2.01254523499488608e-01 1.25051042776225296e+00 0
-1.45162409554231497e+00 -2.89445264016424408e+00 0
2.08145691648261888e+00 9.14606215466763217e+00 0
1.94966940718912102e-01 2.27991102267367785e+00 0
3.92603822907971400e+00 1.97075109703926499e+00 0
-6.21467297864365076e+00 6.76884234728727052e-01 0
6.12223830416837811e-01 1.22352683343622193e+00 0
2.23390958044964494e+00 -1.27237593129901305e+00 0
1.09029999170082004e+01 1.89557799921686598e+00 0
1.53842406336828691e-01 1.02621697495517994e+00 0
5.77183679161709984e-01 -1.12424165711214608e+00 0
4.05512046208298216e+00 1.27772285482635395e+00 0
-1.12587893427816610e+00 -1.10587275122736406e+00 0
-5.31676629691682034e+00 1.08466328782609498e+01 0
-1.05210403023785393e+01 8.45335438647734350e+00 0
5.07855385148279104e-01 -9.06940479277124623e-01 0
-1.13207840868503307e+00 9.93971774282733755e-01 0
1.10676335746832297e+01 -5.37457357003594871e-01 0
7.27206198748351706e+00 3.75047469873629291e+00 0
6.37392549401445141e+00 -7.36955063827326118e+00 0
1.26245972357649405e+00 3.71744444871610913e+00 0
5.68072918122149684e+00 1.31746392177146205e+01 0
3.28804085942650604e+00 2.96944178475243881e+00 0
7.22782699597532274e-01 -1.45489665762389397e+00 0
1.56173979895505699e+00 -4.91370751322367794e-01 0
-2.31215949139322807e-01 2.01860360669863992e+00 0
1.55361594697523109e+00 6.83897985465140801e-01 0
1.80421018067463801e+00 -3.08468481215129875e-01 0
9.19003549289683974e+00 -4.26851066066690610e+00 0
1.37291773724896404e+00 1.73293640400820492e+00 0
1.78316619385161901e+00 3.69704353363926508e+00 0
5.53283222645715878e+00 8.08320387801749796e+00 0
2.33369796760204506e+00 -4.83848582660617321e+00 0
-2.04906598880384117e+00 -1.77554889798051496e+00 0
7.78170950054661059e+00 -9.48492999596973085e+00 0
-1.10714441386125895e+01 -5.42513798531213287e-01 0
-5.70601794293313258e+00 2.62302499211491780e+00 0
2.41012060000689710e+00 -1.76633714356597404e+00 0
2.52692477334434384e+00 -1.63363014355696690e+00 0
-3.07483407324158620e+00 -3.16438640355831691e+00 0
-1.53241036541060693e+00 2.23964333039221808e-01 0
2.17458968477145492e-01 -7.11577300978596661e+00 0
-7.84717569909915635e+00 4.93435527816415664e+00 0
2.02250446158460084e+00 4.91447003086642520e-01 0
-3.44377293795070816e-01 1.28322518237400507e+00 0
-9.18907905863196461e+00 -9.79452970307911386e+00 0
-3.47739120432855620e+00 -1.51785764382107091e+00 0
-1.17431860088868190e+00 3.86658235654376126e-01 0
5.99285792725609889e-01 1.31230220447410595e+00 0
2.65008021103061608e+00 -5.16757008159579034e-02 0
-1.11405866316080697e+01 -6.66556100577205335e+00 0
8.83390068901704906e-01 5.47964388322271900e-01 0
-4.25191540768340204e-01 9.45458569636668300e-01 0
5.60698693794523972e+00 -8.60572412367087480e+00 0
1.44109504146288692e+00 1.04798957390103098e+00 0
4.23884437541704262e+00 -3.40383055703595705e+00 0
6.46138081151296562e-01 1.43856319572151592e+00 0
-1.63610172622514205e+00 6.28697735025121940e-01 0
8.12045591363722608e+00 6.73169272190876544e+00 0
-3.96065825342509087e-02 1.47911666888935800e+00 0
-6.02315559674953516e+00 3.69600617316699076e-01 0
-7.92522251028951019e-01 9.21627409226529304e-01 0
-2.96405294000023911e+00 1.14433616112514809e+01 0
-2.19519541397854301e+00 -2.47145381153663379e+00 0
-6.40832591129726392e+00 -1.19059608785006397e+01 0
7.48155701336464496e+00 -2.57632257368790718e+00 0
7.61110324950651940e+00 -2.23594603909093603e+00 0
1.96949742073876499e+00 -5.51202619858520149e-01 0
6.85935078324406344e+00 3.59252660509854982e+00 0
-6.24642778992400727e-01 -5.89189072337464381e+00 0
6.07130719508615982e-02 -2.85850629717942084e+00 0
2.31583117973907715e+00 -4.38268634776265387e+00 0
-7.28539151318742384e+00 1.05261642601690202e+01 0
7.71398145261617163e+00 -2.86684180950863299e+00 0
4.43192893702098889e+00 -1.33164751621981603e+00 0
-1.68075491563919299e+00 1.06202300228164392e+00 0
9.05452884715340245e-01 1.08210405512321195e+00 0
1.78954678356261199e+00 1.07305190885683399e+00 0
1.41694800822543199e+00 6.31030829274352612e-01 0
-2.26460534737398606e-01 -1.43932402868047005e+00 0
-4.52481487847746333e+00 -8.53010817022711976e+00 0
-6.67805948134326410e+00 -1.25299520533775599e+01 0
2.05403836005496387e+00 -6.73443855267866542e+00 0
-1.16246848442503006e-01 1.02143394596999695e+01 0
8.47371321801122956e-01 1.91186873997850904e+00 0
-1.25329034994488797e+00 8.09715129999120320e-01 0
-7.31682472500625192e+00 4.99712093175518657e+00 0
3.74807688246731585e+00 -3.26019637686998509e+00 0
-1.89574024244178307e+00 8.85362120183789969e+00 0
-8.15539748574720669e+00 -7.10220337446862859e-01 0
1.21205080234772611e+00 2.50722342105966778e-01 0
3.21294056009840912e+00 3.22117186160049096e+00 0
2.64788030379523898e+00 -5.83827866218757219e+00 0
8.82918460343797307e+00 -1.28956019218345808e+00 0
-5.01240418635639506e-01 -1.20772767693728289e+00 0
5.84230739619382966e+00 -4.18557105759060288e+00 0
6.82881484639694558e-01 8.96881927345900221e-01 0
-2.78950679721709704e+00 1.10784644995840398e+00 0
-1.14566353178013394e+01 -1.61779292549253895e+00 0
-5.23917738515275566e-01 3.13919459090548392e+00 0
2.99601139818487017e-01 2.51336844890781697e+00 0
-4.20383649755673439e+00 5.85625134218711718e+00 0
6.39126092847579397e+00 -3.95291545659306598e+00 0
1.96747312265157803e+00 1.03684293854414000e+00 0
1.23897698422674694e+01 -3.89458548228282320e+00 0
8.54886479021462753e-01 -9.30993023428792754e-01 0
-4.05250633932595505e+00 -2.07418006513758613e+00 0
8.07813012887136495e+00 -1.07607530217928704e+00 0
-2.51983220469025282e+00 -2.83111897266555212e+00 0
7.00124218871135406e-02 2.04100528418765714e+00 0
-1.43034028176350603e+00 3.81004297152849691e+00 0
-7.44881252556067697e+00 1.53252639196103790e+00 0
-2.46960765860941711e+00 3.06284528541457102e-01 0
-3.83351352902255904e+00 -6.84203870251150992e+00 0
-2.30035760739048500e+00 -1.57783167646158096e+00 0
1.12403399922310299e+00 1.32823859921650489e+00 0
-4.53085317525397491e-01 -1.00326338517139702e+00 0
1.08388921047835893e+01 -3.72513183078165300e+00 0
6.79666664209889060e+00 3.58278269555118212e-01 0
1.27339629544033395e+00 -5.06814349236167083e-01 0
-9.63178004842304603e+00 7.91849985880023421e+00 0
3.88610706798326300e+00 1.07813118590227504e+01 0
4.26872947153893723e+00 1.17503815485904894e+00 0
-1.11469182506128792e+01 -2.30436943759623913e+00 0
-3.14864916464303013e+00 -4.54957148351634721e+00 0
-6.86327903586522625e-01 8.88268574336493200e-01 0
-7.78665717785618394e+00 -4.22899083513494212e+00 0
-4.82747691482811891e+00 2.62383474643985304e+00 0
2.21187317217377100e+00 -9.57455753662130982e-01 0
1.19830124919705394e+00 -1.72659546992474411e+00 0
-2.22342800494140791e+00 -3.31796084851449291e-01 0
-1.76008570317537205e+00 9.37285867914190618e+00 0
3.00160419522532607e+00 1.42883129455778912e-01 0
4.21372805306383713e-01 -1.10171549931495205e+00 0
-8.86416821015058365e-01 -9.92803056054903044e-01 0
-3.97912482616406882e+00 3.46132905880966391e+00 0
5.40157546691218027e+00 1.04555305573431294e+01 0
2.01654384307431989e-01 -1.34766411141347509e+00 0
-5.75629868022058733e-01 1.21087245244099506e+00 0
-1.52629509335923497e+00 -6.42860842241054331e-01 0
-5.27171230741328500e+00 5.38366498101275859e+00 0
8.64843491801634379e+00 5.23634905570517617e+00 0
8.54422888011657333e-01 2.25322125683185304e+00 0
1.40837181662481892e+00 -4.10643043227371862e+00 0
4.91045006125853867e+00 -3.32934940993319506e+00 0
-2.34175492571510002e+00 -1.24802675865813595e+00 0
1.82805050086194698e+00 5.36073318194684934e+00 0
1.78689901844929810e+00 4.24892977055000121e-01 0
7.35339107763353539e-01 1.84350492156852508e+00 0
-1.44363565111984893e+00 4.55507340006079708e+00 0
4.39388302667272801e-01 8.24317793853097314e+00 0
4.49664885065741160e+00 -8.05559698458644036e+00 0
1.21736214475817306e+01 -9.59723251630883178e-02 0
-4.07233896474187862e+00 2.92498656250227995e+00 0
7.53379822276942890e-01 -9.27344071386927538e-01 0
2.45366577663176288e+00 1.19681010344431904e+01 0
1.03926127854105199e+00 -2.36263543956845810e-02 0
-1.42789488111234597e+00 6.45297639825670544e+00 0
6.27238758765486271e+00 -1.34219867905918711e+00 0
5.11214087269342143e-01 -1.75908828545255091e+00 0
3.44068286954992197e-01 -2.40440424502505978e+00 0
-3.85216844655417079e+00 -7.70811455924887978e-01 0
-1.23397606521056602e+00 2.57426493723641681e-01 0
6.70096905929412490e+00 2.64778805815277885e+00 0
-1.05337669701890597e+01 2.01356600457795709e+00 0
-4.90368083528784471e+00 -3.40268134537614886e+00 0
-1.24115259015871104e+00 -2.03052568890828100e+00 0
8.11738607317918692e+00 -2.82424692543244715e+00 0
1.83785234872579206e+00 -8.30813609247657681e+00 0
1.01972277505042701e+01 3.39675810649566201e-01 0
-4.47315150873367440e+00 6.85590893489289943e+00 0
1.96907627276457498e+00 2.45530602602406889e+00 0
3.06801938406672525e-01 1.49125489139254697e+00 0
-1.27500685615799608e-01 -3.19216142067622988e+00 0
-1.47299892784618902e+00 8.64176369494075614e-01 0
4.66838450552987272e+00 -8.75455735306673588e-02 0
-1.25846003611857893e+00 1.03303775198129300e+00 0
6.92330614965762070e+00 -1.35471476283654590e+00 0
-4.91855679891256869e+00 5.77535167064333343e+00 0
-1.35887560102592997e+00 -1.64182592638873004e+00 0
-2.44342098295879318e+00 -7.33214156640009773e-01 0
4.07153404368374527e+00 3.70871513889076188e-01 0
2.58261510188190613e+00 -2.69240096072320778e+00 0
5.46747893239211713e+00 6.37556276569702796e+00 0
1.45184925767661710e+00 3.78346693710128790e+00 0
5.05318428151243815e+00 3.87387662842184000e+00 0
1.16429642779670606e-01 -1.03246284933440702e+00 0
-4.61631713285102996e-01 3.95413666430557509e+00 0
-6.70333592727740690e+00 3.16725700465010696e-01 0
2.69280083606085396e+00 1.70279577143857996e+00 0
-7.56814883356120793e-01 -3.77055294532122121e+00 0
1.88166929297012198e+00 -1.24027513107233798e+01 0
-8.53604810438224559e-01 5.84368553447612515e-01 0
-3.59326858166739616e+00 3.33706812736121394e+00 0
5.71075353560460108e+00 -1.87964842440690494e+00 0
-1.15443955885545790e+00 2.01184519001831497e+00 0
-7.00942207094605507e+00 1.25275337843924692e+01 0
-4.82887081153949982e+00 1.43123700182031310e+00 0
-1.17066154970635399e+01 8.34601659501385207e+00 0
1.96151552869651291e+00 8.03024444587873143e-01 0
-4.16326347038859901e-01 1.02980940857204906e+00 0
3.92363045562395296e+00 5.12367518746855044e+00 0
7.51300384108019603e+00 -1.58802606250433209e+00 0
-3.35360356158744999e+00 5.17611772626234057e+00 0
-3.91895192777851120e+00 -1.34171621585453793e+00 0
-9.62529920694346508e+00 3.68021420782613795e+00 0
2.06660880253212698e+00 2.59431655211576784e+00 0
-1.46754804191173793e+00 -2.56115904607070499e+00 0
-5.60691272893337000e+00 3.21930851827339604e+00 0
4.51727169237653303e+00 3.65270301037943890e+00 0
-1.91285862254027195e+00 -3.17880571281640711e-01 0
6.41140837596473379e+00 1.00712480569047091e+01 0
3.69902381553510906e-01 4.14834931069494139e+00 0
-9.43372527128400407e+00 -1.08439717394004091e+01 0
-6.54264968405724595e-02 2.91028494783007519e+00 0
-1.70573799478323906e-01 3.54664127819423181e+00 0
8.62906792069735218e+00 -1.72931605064651195e+00 0
-8.42048351633534864e+00 -1.00313101035407808e+01 0
-9.04924396924332020e-01 -5.12538172205519449e-01 0
2.54874198366855786e+00 4.81280392638597121e+00 0
-2.31284296052844995e+00 1.01987298673507691e+01 0
-6.75570643963229189e-01 1.46857165535594403e+00 0
-5.24565299687475228e+00 -3.90821931706890879e+00 0
5.53875643816933128e+00 -6.34283351777952387e+00 0
-1.82514203908459294e+00 -4.02694752036356685e-01 0
-6.01955258260692538e+00 5.29967629717292965e+00 0
-1.73190332437005989e+00 -2.55753550753363479e+00 0
-5.64022458380074809e+00 -1.10878859072852194e+01 0
-6.46834541714637812e+00 -3.01875568036019581e+00 0
4.74759387678550693e-01 4.38673561243296728e+00 0
-1.63106651215784892e+00 1.68946399780626710e+00 0
-5.18002184709158708e-01 9.06028540936611670e-01 0
-8.77325476937760529e-01 8.69052281406466842e-01 0
-2.07477571903050295e+00 -5.94222287704354191e+00 0
2.35346710164212514e+00 2.83933529549674990e+00 0
1.94107810629481313e-02 -1.03740149770922496e+00 0
3.85175218191224111e+00 -4.57916579275842039e+00 0
-1.06586758399534194e+01 -5.95892773074428561e+00 0
-8.43754340238517808e-01 -6.46401936792875897e+00 0
5.48335173391766628e-01 -7.28911805930992962e+00 0
-9.49865658728224260e-01 5.94631351583287726e-01 0
5.23115393441467980e+00 -3.74968110027079415e+00 0
7.15482542170330138e+00 2.78969664029027786e+00 0
-1.05518486139850909e+00 1.96126990626817910e+00 0
1.83732801470968399e+00 -1.75721289652964408e+00 0
-4.99762222519135690e+00 8.72477822556698368e-01 0
2.96624772274906201e+00 1.90440140266513791e+00 0
-5.00602628809392058e+00 -7.19638474771357117e-01 0
-5.33816558611480385e+00 -2.80074317624213398e+00 0
-5.28452984381827395e+00 -2.47037467596700616e-02 0
2.23381984209428897e-01 1.08962065246469209e+00 0
8.09673819738213041e+00 3.62010767018667190e+00 0
-8.46477920274468665e-01 -1.80343783733564611e+00 0
-1.58710043560964098e+00 4.80516590202289595e-01 0
-3.50574172131983985e+00 4.30752235930760119e-01 0
-2.59933427167952402e+00 6.55861896296458302e-01 0
5.08678234820340425e+00 9.30512300376603818e+00 0
-1.71452168771218993e-01 -1.02233296848931898e+00 0
-9.33516562634711988e+00 4.60252952930855397e+00 0
-1.05891815916640493e+01 -4.45794707016393499e+00 0
4.23354232931879682e-01 -1.41139113195588695e+00 0
4.79843767876711258e+00 6.34636084452885907e+00 0
-1.86369897779235294e+00 1.84780665753950291e+00 0
5.86640218232090493e+00 3.05309902242770903e+00 0
9.45880654893626049e-01 4.29443848937755890e-01 0
-3.75353084326287600e+00 -5.50483321678017656e+00 0
1.33379288111500793e+00 -1.13155951189658293e+01 0
-9.77574378342829320e+00 -3.52827308642595083e+00 0
-8.71332832742217622e-01 5.18897808415825335e+00 0
-2.51985286229902483e+00 3.32046481384973990e+00 0
2.11373979552046887e+00 2.36076069114810189e-01 0
8.83768348711864715e-01 3.52552097206727089e+00 0
3.85082495975735695e+00 5.78059182338891109e+00 0
1.34252083285426704e+00 -2.93298495598628817e+00 0
3.96139402577225308e+00 3.45710419251162193e+00 0
1.60931057381778791e-01 1.97668634532817000e+00 0
1.12937869245900102e+00 2.97146291806631879e+00 0
1.30619937203420609e+01 2.28356364717562510e+00 0
6.99637023545852088e+00 -1.25775146018873301e+01 0
3.02769261297867986e+00 -1.24951749367206499e+01 0
8.01129310684764562e+00 -2.17775632628563720e+00 0
-4.42365645091956583e-01 2.23221159905112820e+00 0
1.05137886146452892e+01 4.90491451695442304e+00 0
8.20863101058283107e+00 -3.55790925954604420e+00 0
-5.29264813802991263e+00 -1.07080942412343605e+00 0
1.14399952449310005e+00 -4.68913489105571291e-01 0
1.33149502199569492e+00 -1.95694932538813510e-01 0
-2.03123202753012988e+00 -9.88790924359722645e+00 0
-3.07768816883966378e+00 3.45830550216551114e+00 0
3.70141443894118716e+00 -2.10077058577825193e+00 0
6.14529578410335997e+00 4.37250371572907692e+00 0
-1.71164052200360195e+00 -2.22289061342922301e+00 0
-2.33894308877375612e-01 3.11906419124775702e+00 0
1.02439801736322611e+00 2.70722205024821294e+00 0
5.14188535898666088e-01 -1.04505308613327497e+00 0
3.28509780726880685e+00 -7.29255146258740328e-01 0
-4.49136164898727941e+00 1.85426917633798305e+00 0
1.58894660195331405e+00 -1.44547872794216903e+00 0
2.76942308047576713e+00 7.83686170898264667e+00 0
1.18876740725283106e-01 -4.32049989477490737e+00 0
-9.59459640106097966e-01 2.01410279084236521e+00 0
-8.14798750005948369e-01 -1.14834855633622102e+00 0
-4.60392153666826598e+00 6.86139136709863373e-01 0
-6.64844222389487816e-01 1.18528744906347305e+00 0
1.03084789832678103e+00 4.05518930224716190e-01 0
1.25912357704424807e+01 6.82522737862592077e+00 0
1.09375199152816993e+01 -9.45251380576944733e+00 0
-3.70180259784988974e-01 2.93806525472457114e+00 0
-1.94193195584762401e+00 -9.93477239385737176e-02 0
5.36080439732873071e+00 -1.49139455368577001e+00 0
8.10247904910534622e+00 1.82063885161110689e-01 0
-5.53700915540631389e-01 -8.77196588353090223e-01 0
1.01884949067758401e+00 -7.71043938017628716e-01 0
4.75240748690836678e+00 1.13338451477367101e+01 0
-7.97485565828233822e-01 1.43844751774248492e+00 0
-1.47405399373637502e+00 -2.95799581427236113e-01 0
-8.43005939316470254e+00 -3.82119027328312511e+00 0
-8.07899768682092123e-01 -3.05029948566779208e+00 0
2.80719933155285295e+00 -2.04175157041738484e-02 0
-3.85122378748347893e+00 -3.78930432253867910e-01 0
6.25069906020699584e+00 4.03834845794422304e+00 0
1.51636324118972010e+00 3.12090505340198276e-01 0
-1.06867767201939294e+01 -8.22101592336079179e+00 0
4.50581822460389958e+00 -5.01250445948989154e-01 0
2.04092060073518500e+00 1.60183275692653204e+00 0
1.11609249629506202e+00 2.33395715058822908e-02 0
1.34262732520933703e+00 2.07746757071694210e+00 0
-4.39573122109062009e+00 1.47750629592802096e+00 0
-3.89996489843953908e-01 -1.96425641484243907e+00 0
-1.48847327064173607e+00 -2.24617790982757803e-01 0
1.09760219544844206e+00 -2.76022236021898182e-01 0
1.08782799752066595e+00 -3.23383634670011799e-01 0
1.48722908111528995e+00 -4.49339381010524441e+00 0
-8.13715142553659909e+00 5.40064583024951794e+00 0
2.03012561993884111e+00 3.11677662919112297e+00 0
-6.79686390600807377e-01 3.18120265222052501e+00 0
6.35412564161800031e+00 4.66238687057476042e+00 0
1.06704662616074697e+00 1.64939179017455695e+00 0
1.93046785054435999e+00 -2.42108533217834293e-01 0
-8.88256806643874852e-01 6.60448234780208576e+00 0
1.77675372054852798e+00 -4.46382918021004915e+00 0
-1.27294449301066592e+00 -1.52098523546709297e+00 0
-1.82270036675311098e+00 6.10750539353648869e-01 0
-3.08773044408764097e+00 2.03374974946626308e+00 0
-4.47008186385075401e+00 3.87455869787354290e+00 0
-3.95751336361218309e+00 5.32678554293661843e+00 0
8.68821057781849504e+00 7.53971729943250590e+00 0
-4.48421986016547613e+00 6.15817025600340440e+00 0
-2.78748226259196397e+00 7.98070730688990970e+00 0
-3.21622093816390509e+00 8.27038741584154202e+00 0
-4.69509775508519023e-01 -3.79860928800241604e+00 0
1.34547718448738896e+00 -3.84912884116707377e-01 0
-1.18286979974993600e+00 5.13805690092754563e-01 0
4.82285470561116014e+00 2.37253164290286511e+00 0
-4.71356288841524496e+00 -1.06344163222838599e+01 0
-6.67347131765767765e-01 -7.96284668459172784e-01 0
1.32058345969878910e+00 -2.19816249662990115e+00 0
-3.07876091211735403e+00 4.01096485517076107e-01 0
-5.54970816452367344e-01 1.36190035273764098e+00 0
-4.92383167578595016e-01 1.40178260413579991e+00 0
-4.74263807679328075e-01 -9.22561407684817758e-01 0
1.32171602782274911e+00 -1.10790377719693200e+00 0
-1.72357453811935990e+00 1.18851012804687794e+00 0
1.90532357985043799e+00 -7.47850540093670690e-01 0
9.45297962716325380e-01 -2.86535919329242494e+00 0
1.07956795594757504e+00 5.57203793418904803e-01 0
7.66012410006314237e+00 7.97315739348083086e-01 0
-1.62584153730831105e+00 8.03793745861629216e-01 0
-1.30903897505095990e+00 1.60742124584769908e+00 0
3.86335117582296705e+00 -3.66548734509302720e+00 0
1.11506641061250509e+01 -5.69861592886389801e+00 0
-5.27287514769578092e+00 -7.13378901292700540e+00 0
-2.59827440113551100e+00 7.90817134502421887e-02 0
-3.73030124526612883e-01 6.83470258652808482e+00 0
7.28631829968672040e-01 1.25755597967834798e+00 0
-1.02325256957628294e+01 -2.12164092022458606e+00 0
2.59772563629545505e+00 -2.94624058506152497e+00 0
1.69394460801976909e+00 -2.46925736262729512e+00 0
4.10965434674102159e+00 -4.02134141321046368e+00 0
7.67906078152467320e+00 -3.83837663937157814e+00 0
-4.80549914599157579e-01 1.62803226165724402e+00 0
-3.84993676671335683e+00 6.03426147917081757e+00 0
1.51737391615442707e+00 -1.02097698692508310e+00 0
-3.54933217563234482e+00 9.55877693825541219e-01 0
-1.12548930895377701e+01 3.11695511676441495e+00 0
-1.26173552694171898e+00 1.13450782093480598e-01 0
-1.15974192529381903e+00 -1.56743138986717712e-01 0
6.82306539993681760e+00 1.01016438328775404e+00 0
2.45236690519925693e+00 -2.42837119963116299e-01 0
2.52897626403758391e+00 2.59761586024949320e+00 0
1.84853430335993196e+00 -1.49933505590501404e+00 0
3.69554654766860891e+00 2.64450544174680191e+00 0
5.31288840452120681e+00 7.69937559100636992e+00 0
7.75596310174793913e-01 -8.40079234692354238e-01 0
2.66694726614248001e+00 5.81069466007478219e+00 0
2.62968890293125890e+00 1.85735924403824093e+00 0
2.33234360697960691e-01 6.13699151671561793e+00 0
1.54172839312114407e+00 4.17603378307520923e-01 0
-1.70061465851957405e+00 2.39654407262364799e+00 0
-2.49614896273223996e+00 2.34199845044517296e+00 0
-5.28795700473814412e-01 1.89264182829631511e+00 0
1.42932827952856889e+00 -5.88840558127654679e-01 0
3.70006275329506495e+00 6.81341001577476924e+00 0
-1.41347588132597100e+01 2.40393648759571210e+00 0
-8.24855725420174224e+00 -4.25168922854874776e+00 0
-4.86387832962656308e+00 -2.81391970170048689e+00 0
1.14431598654569711e+00 -2.58767066353048025e-01 0
-1.17989970732149896e+00 -5.42160167419299177e-01 0
4.04752135555806414e-01 2.83032964373489815e+00 0
4.44871273306991100e+00 -4.51633483558132376e+00 0
-1.75872556120465595e+00 -1.57932229629944992e-01 0
3.73319501843936008e+00 1.80749086078511989e+00 0
-5.44696302282431688e+00 -2.22785038720423501e+00 0
-2.03190055291167709e-01 -1.28434530487688803e+00 0
-6.74303903681801597e-01 -1.42539334762564507e+00 0
-6.20579962978967359e+00 -1.64000487320308297e+00 0
9.68114312800974375e-01 1.41609768769805600e+00 0
-8.36757341672349608e-01 1.56776239346925905e+00 0
8.46169373613762765e+00 -3.92882740772912298e+00 0
-2.44669166598184207e+00 1.21401253017034505e+00 0
1.02210784787695808e+00 -1.85927783078391995e+00 0
-1.58492532144862608e+00 -1.26260393336158988e-01 0
-7.50908629066577404e-01 1.24190856439718189e+00 0
6.63037101650261285e+00 3.97270163290725220e+00 0
1.34562247707680993e+00 1.13442760191199499e+00 0
-5.77160292541065267e-01 1.58717301059370608e+00 0
6.18325715310684476e+00 9.50271395733793156e-01 0
-1.47388320671989792e+00 3.05199377752789180e+00 0
-1.54946776848101408e+00 -7.96804816219615297e-01 0
2.17058345090989580e+00 7.55520191574248656e+00 0
-1.66063331357587489e-02 4.88642473591528859e+00 0
-4.38914422119565106e+00 -1.27163959306424204e+01 0
8.17456246678818887e-01 4.25209317795108177e+00 0
-1.68996764198353699e+00 -1.05929711938104609e+00 0
-1.18311277951317195e+00 -2.99958694542115378e-01 0
2.52461914182763403e+00 5.14968982225665006e-01 0
-1.19858113019500401e+01 1.06219014850665006e+00 0
9.31133248320209539e+00 -6.06641491320121795e-01 0
9.68878179562237651e-01 -9.99282872328002725e+00 0
4.16917040247108606e+00 -1.08903457226574396e+01 0
-7.77874475487788342e+00 5.77540504554957312e+00 0
3.22589245418407611e+00 1.65276956245792706e+00 0
9.08243440028660132e+00 1.72973252817311107e+00 0
3.57410365328656621e+00 -1.43833061487338409e+00 0
1.54626781595930107e+00 -5.74340984887672690e+00 0
-2.87559695531556692e+00 4.27380574392632884e+00 0
-4.28995788994342142e+00 4.92263824483291668e+00 0
6.52071463667047713e-01 -9.53281649373075135e-01 0
-1.01275013051191709e+00 2.92426527534351122e+00 0
-3.13127255917535186e+00 -3.35516597184225607e-01 0
-8.53814894681130276e+00 8.16088429530151238e+00 0
-6.78452748534325467e-01 1.05014329280592711e+00 0
4.24325180140313674e-01 -1.04918710342506105e+00 0
5.12837053809868548e-01 1.41379275873915899e+00 0
1.17924661980617596e+00 -4.55054382469586780e-02 0
-1.08316150210905304e+00 9.51243941071548638e-01 0
-6.34246787585811211e-01 -2.53371414970641196e+00 0
-1.13556129746296697e+00 2.36608945833479600e+00 0
-1.44118044751057695e+00 1.24174349832146591e+00 0
-9.38420195173309324e+00 -2.07142439231363307e+00 0
3.82051095311972810e+00 1.38650914879980807e+01 0
-4.14273408824514799e+00 2.00550537361003589e-01 0
-2.56186864220011090e+00 -2.44431895201470395e+00 0
-1.89292095998843402e+00 4.35686666662627697e+00 0
-6.50920194581730271e+00 -1.96879305279011696e+00 0
1.31540666091711400e+00 9.45789119508594212e+00 0
4.66393951872152213e-01 -1.02265631455405193e+00 0
2.64577911023367585e-01 -1.08506327336755093e+00 0
9.99142851278617961e-02 -2.05861006764614318e+00 0
6.08649540092428243e+00 8.98048868259747124e+00 0
-5.69534737395608737e+00 1.46124676685589594e+00 0
-2.14100502631185119e+00 -1.45641597331399608e+00 0
9.48335944528473007e+00 -2.75116268546019915e+00 0
4.69233988882673980e+00 8.80555282379383297e-01 0
-1.92371229474178995e+00 6.81627718094254842e+00 0
6.55924019682583515e-01 4.66961532271688196e+00 0
2.65278240368143001e-02 -1.23702981658616906e+00 0
4.10556525991995880e+00 -8.17340480622882026e+00 0
-7.86595213872842924e-01 2.57298314640810188e+00 0
-3.98860825670062491e+00 6.48879800335384527e+00 0
9.34168043369125289e-01 -1.37820900799276491e+00 0
2.98726429801005611e-01 9.94124273554786275e-01 0
-5.58010130918236702e-01 2.73833216070001617e+00 0
4.80043563416019925e+00 -1.16968422404482801e+01 0
-5.20144202346996543e-01 -2.00985661164372686e+00 0
-4.93158025733402372e+00 7.37947120708674564e+00 0
-1.05304520445356009e+00 1.16469021508085091e+00 0
-9.00819961255743351e+00 -5.44357908352459141e+00 0
7.14949104472352293e+00 -3.64354166618543385e+00 0
-1.11991267496420699e+00 -2.28646427403440683e-02 0
5.50267379760407938e+00 -3.51013404128779882e+00 0
-4.97472002721501411e-02 -3.86350268652131712e+00 0
1.19482682539200091e+01 4.05393511336529766e+00 0
6.03905744131364219e+00 -8.37491227222117551e-01 0
-2.21292745386279410e+00 3.01195520884445289e-01 0
4.39358416467390356e+00 2.75384708907453479e+00 0
3.35564328081259688e+00 3.68768796497200491e+00 0
1.22611928714372205e+01 -2.79810078675466389e+00 0
-4.68136727016863874e-01 -2.84572395700139813e+00 0
-2.03699116497497806e-01 2.52131879472984100e+00 0
-2.35518478327072200e+00 5.52689597405652489e+00 0
-7.20690239807956323e-01 7.82505921331798060e+00 0
1.08175373320127992e+01 -5.24211944497553262e+00 0
1.17021807517207499e+01 5.25555744051988505e+00 0
1.46900322723044208e+00 9.13923436499120556e-02 0
-2.65685143120239209e+00 -1.61605366348308799e+00 0
6.25889771780160675e+00 2.21749012053323913e+00 0
8.29159298330612238e+00 2.07360577573171900e+00 0
5.02147903260955530e+00 -2.19253918330594910e+00 0
-1.21039797504880209e+00 -2.90444480377721481e+00 0
4.75981751468085079e-01 -6.16544515829552431e+00 0
-5.06208855262019863e+00 4.64725413806356258e+00 0
1.64521831920702999e+00 5.53785147346548823e-01 0
1.10517135026322211e+00 1.23124156160727305e-01 0
1.67732867789694007e+00 -4.01616684528538226e+00 0
-2.02507869973256982e+00 3.73815424882282121e+00 0
1.00115770619428304e+01 4.48675354362758672e+00 0
1.55801286313584608e+00 -6.34232418468658077e-01 0
-2.40336922364789185e+00 -1.89779702037253806e+00 0
-1.29152326755266191e+01 -4.42349078650419436e+00 0
1.04281290358489809e+00 -5.92089006059974166e-01 0
5.20754461252701617e+00 -1.09549840054241998e+00 0
-1.23691154233215594e+00 3.05654686734006198e+00 0
8.37067127319627247e+00 -3.17111353390326212e+00 0
-9.30511845496693901e+00 8.50593107057387066e+00 0
-6.77990922799029239e+00 1.36938966966859899e+00 0
4.88536809885075662e+00 -5.01837184507139078e+00 0
-9.37085888544974210e+00 6.86812053449106763e+00 0
8.45490641506214047e+00 8.09413071582628341e+00 0
-1.20897187822534602e+00 -1.30021677983092410e+00 0
1.37779335080613907e+00 7.49383501888017278e+00 0
-1.23444939148919897e+01 2.93084821203079082e+00 0
-2.49433714305444409e+00 -9.85739956735391831e-01 0
-9.44300718594825028e+00 -5.48962876952484691e-01 0
-7.64547312367048759e-01 7.77068357665218978e-01 0
7.44144899925391484e-02 -1.33402945404391593e+00 0
-2.78208421187112886e+00 -3.65574038055588302e+00 0
-1.33313297051715995e+01 -1.42832988849445708e+00 0
1.25692088051525204e+01 -6.90068759465265558e+00 0
1.17516068166776098e+01 -1.17250076552091098e+00 0
6.03006185456680166e-01 -4.40711248676383160e+00 0
1.20941604645169898e+00 1.89441955789494099e+00 0
6.51365038376951144e-01 -1.18564759843311807e+00 0
-1.10442725952436094e+00 1.21121611495245296e+00 0
4.07255690261170589e-01 4.82045184337997856e+00 0
2.51603424178938795e+00 9.04061641461720100e+00 0
-5.08746420743917516e-01 -3.38532854927255089e+00 0
2.66444214206661778e+00 -4.72677268644339765e+00 0
-3.95913395859861031e-02 1.15895106522393299e+00 0
-3.02774732713330597e+00 2.22112725372725084e+00 0
-1.25300863647024805e+01 8.03987734954993760e-01 0
-5.77358776883180624e+00 1.11317653101387108e+01 0
-8.83877329940395029e-01 1.43483533946937603e+00 0
-2.93987551952041715e+00 1.40576457532783703e+01 0
-1.65308147149566609e+00 -5.12999141206155751e-01 0
-1.58726471855451301e-01 -2.86914628946594696e+00 0
1.39050849677274502e+00 -2.33016193254481818e+00 0
7.10996831373821703e+00 -6.60596585997094365e-01 0
-8.76119677386177997e+00 -2.93674768269016395e+00 0
6.18708823967017985e+00 5.00676117316853642e+00 0
5.56315774925332285e+00 -6.50409552769456722e-02 0
5.88511810835629401e+00 -1.54784142772087407e-01 0
1.12306099841588192e+00 -3.60915208034389479e-01 0
9.66471984096198389e-01 9.28958720732025900e-01 0
-9.93389069009841696e-01 6.01788525881589997e+00 0
7.44732784069834342e+00 -8.47086568906636828e+00 0
-8.18504812605487508e+00 -3.40381573023061890e+00 0
5.45875202519046265e+00 3.51192655764292816e+00 0
-6.75042490186996069e+00 3.87943798151104113e+00 0
-3.26932778378492606e-01 -8.47251601602337701e+00 0
-7.27361043452809675e+00 -9.93496294451416162e+00 0
-2.81269829756516021e+00 -3.48486578585350815e-01 0
2.05643732272012292e+00 -6.59286893804432284e-01 0
-2.52934722540791190e-01 1.00379693094548306e+00 0
1.37103437002708195e+00 1.38170684789453713e-01 0
5.85590584895617461e+00 -9.50431643378998103e+00 0
1.32395365674740395e+00 5.77823697423883842e-01 0
1.39539729585251893e+00 1.96294647652809595e+00 0
2.15611012358754195e+00 1.30478745749736902e+00 0
6.29723853728252525e+00 6.24397272817699278e+00 0
-6.65098274339106288e-01 -1.08043310105771706e+00 0
1.99880654140805802e+00 -3.39428572756218405e-01 0
-4.81357675150621844e+00 -6.31665373203436492e-02 0
1.59025888361478795e+00 -1.55551482294202392e+00 0
1.60532482433554491e+00 9.85454948755690952e-01 0
2.31157728901630194e-01 3.80186495790169099e+00 0
-9.69736789959538381e-01 8.86652506091276882e-01 0
-1.09353228141072489e+00 -7.78425445836839036e-01 0
3.90553086112980119e-01 -1.17277276392151197e+01 0
-1.17436144809849297e+00 7.16801506353318185e-01 0
1.72522392735166408e+00 -1.43435323306443401e+01 0
7.40880737444735882e+00 2.04945240085558505e-01 0
-5.18607334059089808e+00 1.33342443171246305e+01 0
1.48323209974091408e+00 -7.54274458879656162e-01 0
5.72034856654487012e+00 -2.18854713708971715e+00 0
-5.19840279909012626e+00 7.38194400945556994e-01 0
8.71589202088738135e-01 7.99980003651514116e-01 0
-9.24448918887800453e-01 5.71416411881531605e+00 0
1.25023327902645809e+00 1.21305523165730711e+00 0
-6.33065287360624840e+00 4.92036080266329723e+00 0
2.64709269163319005e+00 2.16333420188762393e-01 0
-8.77360643937262652e-01 1.96391652798235006e+00 0
-3.54856184382482009e+00 5.64545446485291791e+00 0
9.85804433700576688e+00 -9.26018866969686449e+00 0
5.47564914646785184e+00 -7.16298504740295616e+00 0
-9.88207032683987574e-01 -4.97141105108096615e-01 0
-1.33370359907234608e+01 2.35010617372180119e+00 0
1.13097340979424898e+00 -7.78908285630549813e-01 0
6.96024914113426973e+00 4.92016767055660331e+00 0
-1.35130619937604699e+01 5.13433133422916566e+00 0
-7.09181182467008941e+00 3.70122285504444282e+00 0
-9.42637864122588875e-01 4.30144247777143773e-01 0
-6.90126640734174124e-02 1.75098923012875507e+00 0
3.70678445056397399e+00 2.33916017290406814e-01 0
1.35783409923862508e+00 -1.77097071564569197e+00 0
3.49855135835944298e-01 1.14584606979394299e+00 0
-1.42319292584594503e+01 -2.00582114219468810e+00 0
3.21501907863435710e+00 5.87627905953898289e+00 0
1.38301182024132197e+00 3.66640707976593982e-01 0
-8.18438772082134336e-01 3.81489988962437021e+00 0
-5.25490375203825888e+00 1.66418709718700808e+00 0
-1.00957659045125103e-01 -1.45640668728361300e+00 0
-2.43244558402267019e+00 3.65218194962315712e+00 0
-1.58395446520226790e+00 9.30036394329688099e-01 0
-4.60285091739779340e+00 5.42437827810160744e+00 0
-1.19839454371755894e+00 2.00300922012716903e-01 0
1.04412095597761700e+00 3.19836428600516698e-01 0
5.83051717886479270e+00 5.02188160780048243e+00 0
-1.13627777309949196e+00 -7.09617324801177940e+00 0
-1.49377744309136196e+00 1.07604054211006108e+01 0
-4.64667888254712391e+00 1.05630423040377508e+00 0
-1.27980012590206793e+00 6.10547303901040728e+00 0
-5.79743353532193972e-01 1.06444679969805800e+00 0
-1.29943698682240392e+01 -3.59673733848662280e+00 0
7.42866042985313890e-01 1.15920948215243791e+00 0
1.38239514924087398e-01 2.87849094671825378e+00 0
1.18094483487665691e+00 8.03906111904274190e-01 0
1.06408256373799900e-01 -1.80449901168796889e+00 0
1.19560440064990603e+00 -5.76260892346713294e-01 0
1.00686596931582208e+01 -5.69161841290399373e+00 0
1.30850557702433896e+01 5.87100713513026662e+00 0
1.46706175186527599e+00 5.71223160078780157e-01 0
-4.56238402396962783e+00 2.07193836507634588e+00 0
-3.19296884903252209e+00 -7.25894861863927066e+00 0
8.24450712516637818e-01 -6.28149323698536821e-01 0
-1.35045669706207994e+00 1.31622240192685092e+00 0
8.54613072178068123e+00 4.42575746061967834e+00 0
-4.15759367384565959e+00 -4.99183327316922298e+00 0
2.67074256093104478e-01 3.16131313918225487e+00 0
-3.34530795362292199e+00 2.31771694771672587e+00 0
1.42672221121616399e-01 1.87604212005260695e+00 0
7.22385433224092766e-01 -7.53005305949894121e-01 0
6.00830390048269969e+00 -5.26855041830581605e+00 0
9.50427179012603207e-01 -2.35429684557442309e+00 0
-1.48255141555450209e+00 5.87606394313164326e+00 0
-1.06928021667025697e-01 2.03629066271888393e+00 0
9.36380776573144047e+00 7.71949528192236567e+00 0
-1.17185570698683406e+00 -3.52547781265925986e+00 0
3.36530690508555708e+00 -4.38815359226186708e+00 0
1.98391358960703790e+00 -3.05899192152923005e+00 0
1.71999202284024300e+00 -6.79306280294511455e-01 0
-2.92998534850772296e+00 -7.13560487968211699e-02 0
1.80573462966669807e+00 8.59784333645298493e-01 0
4.35198859827824958e+00 2.03832826499211217e+00 0
1.03502030504080107e+01 -4.18158980107910860e+00 0
2.73206696788121199e-02 1.35097420042256910e+00 0
4.76551552638236942e+00 4.14035385773740039e+00 0
-4.31938022531603516e-01 -1.00571514015338508e+01 0
-1.44950116443733901e+00 1.08377108610150097e-01 0
-2.47235045488709604e+00 1.49877241820108509e+00 0
-1.99091847210656803e+00 8.99544919904203932e-01 0
3.69073558238756005e+00 -4.14958598569320181e+00 0
9.91085845371630025e-01 -5.98059788420851834e-01 0
-1.83467754951727602e+00 1.02238352139435906e+00 0
-5.51311455442769027e+00 -8.72863209215138158e-01 0
-9.24803440087301420e-01 -6.30090174984780926e-01 0
9.01580299504873395e+00 2.49387755497690700e+00 0
-1.92053233039204896e+00 5.64347593604303288e+00 0
-1.06707355883331392e+01 1.44828539574701498e+00 0
8.93786013143474989e+00 -2.76565178850503779e+00 0
9.70582753608690751e+00 -3.72874572644265212e-01 0
-1.84095301554519308e-01 1.18156231839578907e+00 0
9.15320469619851501e-02 2.32894080144957893e+00 0
4.50902098533180506e+00 1.07847770571182302e+01 0
-1.26624872535386901e+00 -7.48884859523620050e-01 0
1.53037427532241899e+00 1.17622377288849811e+00 0
-4.40058992608950472e+00 -1.37599308238438098e+01 0
6.11579305959956465e-01 -2.54809735775326018e+00 0
-6.85539121004285068e+00 -4.13403753810247121e+00 0
8.07562779928629482e+00 -1.08413231650369095e+01 0
5.61099036411845109e+00 1.10175666077688508e+01 0
-2.91777502955835599e+00 -1.23134306402281690e+00 0
-6.30768363394840925e+00 2.77680906040124897e+00 0
-7.77328670292060431e-01 6.96005125663015312e-01 0
-3.31379028917968510e+00 -8.90868888829406541e-02 0
3.82615459250579715e+00 7.01952101139757673e-02 0
3.75919971221023386e-01 -4.21344161256941518e+00 0
-1.91148129725347493e+00 -6.57439429706622303e+00 0
1.39816590056761791e+00 -8.21726488592636883e+00 0
-1.36560964059174008e+01 6.41544794383822392e-01 0
-3.30868019122002721e+00 -3.95491935719338494e+00 0
9.78827539677302738e+00 9.53748613331949890e+00 0
2.83848108956944900e+00 -6.19170096122500624e+00 0
1.36719979384505996e+00 5.02677063684264569e-01 0
-1.06546585449909093e+00 6.06428095332090078e-01 0
-1.70508680921068789e+00 -1.27393698117608789e+00 0
-5.46679567659546839e-01 2.02462887134084379e+00 0
3.76694858324182302e+00 -1.13964632208208605e+00 0
-1.05339798426600906e+00 -6.76220871444328075e-01 0
4.82355492856025414e-01 -1.28174880257973500e+00 0
-9.18567862430174031e+00 -2.02128074960650495e-02 0
-3.14978490554486390e+00 -2.83848620993073286e+00 0
6.71056024232535631e+00 -5.23822710276253378e+00 0
1.00361242565970299e+00 6.33605661736926340e-01 0
3.53487294554267084e+00 -2.64266332021063688e+00 0
-1.15774102209970997e+00 6.20365220034327036e-01 0
1.15207903377876408e+00 1.50246241670983793e+00 0
-2.20467128781942012e+00 1.27898886068272000e+00 0
1.33688172498733806e+01 -2.80526523011752094e+00 0
-8.17998166032825402e+00 3.57529417915386594e+00 0
4.73635720644596425e+00 3.73975759690470311e-01 0
9.78879224384616387e-01 5.41935881095462957e+00 0
-1.34158761969288398e+00 9.97352151021006428e+00 0
-4.16202285150073625e-01 -1.18524658349569689e+00 0
-7.53730772020248185e-01 -8.15615611408433971e-01 0
-6.71962471169035958e+00 -6.39511293119147073e+00 0
-7.66232950710319116e+00 -1.30332000250074498e+00 0
2.24456180935447891e-01 1.51148497683119598e+00 0
3.79766050498218899e+00 -2.85665941041869598e+00 0
4.11307610464235918e+00 -7.14078599515332879e+00 0
-1.00179314675366204e+00 2.57801297106573202e+00 0
2.85872395131287282e+00 2.94144890611456500e+00 0
8.97784932979532968e+00 -4.67344411154661632e+00 0
8.78913478281642013e-01 -1.46267919781052003e+00 0
1.32611735135337505e+00 -2.46342299179868585e+00 0
2.15941785122643903e+00 -2.31095413016928708e+00 0
2.64093663386886490e+00 1.37091649891215095e+00 0
-9.76863478043122235e-01 -3.16307006369547983e+00 0
-3.98161424895338190e+00 -2.64023136333837005e+00 0
-4.44232189326483962e+00 -4.66802254479930789e-01 0
-5.39480700896441623e-01 1.29648525823008010e+00 0
-1.35067899001429903e+00 -8.79392595214002759e-02 0
2.17243444033649202e-01 -1.43425379304729095e+00 0
2.21924316472073979e+00 6.31931801454624864e+00 0
-5.92833455818576205e+00 -7.75848766932704859e+00 0
1.00938696985846494e+01 8.76541518208265424e-01 0
-1.82441508833261490e+00 3.42149619173794894e+00 0
2.06331063085059796e+00 4.06562433079160979e+00 0
-7.93186208009969640e+00 -1.98913982982293391e+00 0
6.77264144569163395e+00 -7.33961806040362763e-01 0
-6.71254897735538414e+00 6.33979014123601559e+00 0
-6.59424051504817532e-01 1.31750009471416796e+00 0
-1.57711445643943593e+00 3.23129087010148974e-01 0
1.91479597380342792e+00 -9.87507622275731833e+00 0
-2.99070941098434906e+00 -1.12619538553963103e+01 0
-2.16623685065798011e+00 4.48289154109851395e+00 0
-1.09373827351539994e+01 6.76402478939658991e+00 0
8.61828774300235856e-01 -1.76135160234061705e+00 0
1.16627327179210494e+00 7.22032684722210827e-01 0
4.93564732112664772e-01 -1.41270970869784307e+00 0
4.37895096867064293e-01 1.10829851785065392e+00 0
3.88249615865546183e+00 -1.23702246044379098e+01 0
6.08622324438703366e+00 -6.10673703745000562e+00 0
8.27781213669582527e+00 -2.47893514759876821e+00 0
5.54801333650398210e+00 -1.01358048352725905e+00 0
-1.72172201786161194e+00 2.77066078807535421e+00 0
4.50279128196392797e+00 6.14038394282570543e+00 0
7.48324398224437903e+00 -1.10258551034108301e+01 0
-9.34641657468343934e-01 3.09059583797829118e+00 0
1.75854136775393011e+00 -9.12428479240776191e+00 0
2.04472774806880420e+00 -1.38373631271400788e-01 0
3.61046827688525607e+00 -3.07664000884052191e+00 0
7.99213769645345629e-01 9.99563631508130657e-01 0
2.68752498685676988e+00 2.16075941074426181e+00 0
-4.38272684609619301e+00 9.74976381827872829e-02 0
-1.03262891965544501e-01 -1.95503720211901610e+00 0
-4.44760820792704425e+00 -7.31398332057203238e+00 0
2.78234647606197916e+00 2.27433677174228299e-01 0
-1.14592034655416808e+00 -8.28603672700147875e+00 0
-8.95413440115149406e+00 -6.40904703620627902e+00 0
-5.85578606501034771e-01 -1.08416704698319299e+00 0
6.33451964422383385e-01 1.00853816468459501e+00 0
-4.90800187005820998e+00 -1.88938595840065604e+00 0
1.66652784604350090e+00 -1.08705303591594205e+00 0
-9.24570914629609142e+00 -5.91072244093191212e+00 0
1.53984158724324405e+00 -2.09866405108258780e+00 0
5.32113136525979602e+00 -4.06324260327052578e+00 0
2.72594155518754011e+00 -1.82055933213637711e+00 0
-1.61116089863519907e+00 1.80062399734297007e+00 0
4.28856056526183915e-01 1.44396094064929592e+00 0
6.96968324260132466e+00 -4.24685603034523673e+00 0
3.51051017309307190e+00 -8.72740714728268152e+00 0
3.69674517447253104e+00 -6.65895249011689216e+00 0
1.69033709040368496e+00 4.56031173780489762e+00 0
1.31571878356019401e+01 3.90545929811595904e+00 0
-1.50732051155010399e-01 5.82237968806248674e+00 0
3.32122006363804401e+00 -6.57505912286407757e+00 0
-1.18442948768137999e+01 -8.34048191042466414e+00 0
8.25670357937197430e+00 -4.31048653167506757e+00 0
-6.64195249951537736e+00 1.92706006346999104e+00 0
-9.91153241724636658e+00 -6.69855000489044361e+00 0
8.05101518898707269e+00 9.43984130815026856e-01 0
-7.87029260852207457e+00 7.62304994166665839e+00 0
2.00209719528778196e+00 1.14014167305746206e+00 0
1.72114520459705300e+00 -1.35308735938821805e+01 0
-4.18864246424030817e+00 -1.92686521215010786e-01 0
1.98369094637914900e+00 -1.67256437742305600e-02 0
-9.23916202056948577e-01 7.95479758787318247e-01 0
3.15560645714649590e+00 1.94779142855584597e+00 0
-6.50462114498601718e+00 -4.88567918932945577e+00 0
4.62059136507469859e+00 -6.10531702403551169e+00 0
7.67757019047472844e-01 1.73495606234102806e+00 0
7.16089983581315481e-01 -8.34906589756194140e-01 0
4.02176080127112190e+00 -1.73598783149291308e-01 0
-5.78346781504449670e+00 1.77563302660457389e+00 0
-1.80076137052763013e-01 1.45109970691953594e+00 0
9.30281689634133002e+00 3.88169821673632987e+00 0
-1.15282433513770499e+01 5.33225192527204594e+00 0
7.96393053388909600e+00 4.98011442321557496e+00 0
-1.11441281961078809e+00 -9.59489503687717082e+00 0
-1.12049464656267306e+00 -1.44146569934099400e+01 0
-7.88078723006255699e-01 -2.09132049822225996e+00 0
3.85039693609212019e+00 2.21265506808894186e+00 0
-1.09354489081648198e+00 -2.24376460310989095e-01 0
1.47524456756218103e+00 1.42700106995359999e+00 0
-1.98240849772296701e+00 3.98088563181173516e+00 0
3.89874706785845282e+00 -1.76145044467794110e+00 0
1.02936144926037709e+00 1.15876537933134405e-01 0
-1.16165747264042807e+01 1.45249863680315811e-01 0
4.68533532466066716e-01 -1.12351855631134590e+00 0
-6.45351930883990388e+00 -8.24980167937439224e-01 0
-1.00568704005200793e+01 -9.05297830118272273e+00 0
1.77594649204578903e+00 1.63793816244196999e+00 0
1.40791884479901608e+00 2.29319020719864985e+00 0
-7.70857443371338658e+00 -8.37125236478423496e+00 0
-1.79373962948702004e+00 2.06487881513171478e+00 0
8.65336664071627459e-01 -8.27383683443218776e-01 0
-9.02430810136000083e+00 -8.42630494004724340e-01 0
-9.71916341149031737e+00 2.54891199804495594e+00 0
-7.79013653502058312e-01 -1.29993344932690902e+00 0
-3.41583789538304594e-01 3.57354043725378379e+00 0
-1.01375186953429299e+01 5.92487998407741134e+00 0
-6.22878500315433903e-01 1.03265866844397802e+00 0
-7.01869134406942763e-01 1.57156859815439298e+00 0
1.17434162545964993e+00 -2.46837168642684901e+00 0
2.67615788783160280e+00 -2.64850622751245990e-01 0
6.31425459385622445e-01 -1.40511216817357609e+00 0
-7.85746773056144376e-01 3.06737686368958196e+00 0
2.28577209348972499e+00 1.01243883265244006e+00 0
6.53333818214391959e-01 2.39212146699094008e+00 0
8.16905069838005282e+00 5.97699055922148936e+00 0
1.10403186257932906e+00 -1.09625791286624397e+00 0
2.34498367413767284e+00 -1.45381046551128601e+00 0
-5.47756012662174285e+00 -6.26547009422318091e+00 0
6.44920712002541219e+00 -4.52683392116240935e+00 0
-1.79777250017530510e+00 -8.55924079773198443e+00 0
-6.04276687314878533e-02 -4.79795056070627890e+00 0
-5.62289010210378226e+00 5.72906185216782493e+00 0
-1.08580571611247789e+00 5.32154297153351941e+00 0
1.01332690785026003e+00 2.45689010725018198e-01 0
3.90293128746959184e+00 3.05573088843357699e+00 0
1.79365267538671713e-01 2.17360997116796195e+00 0
7.54194588105087771e-01 -1.77820408519900397e+00 0
-2.28223684803512891e-02 -1.10837721822474600e+00 0
-1.52222395039566005e+00 -3.60749966569087088e-01 0
-2.59606318399561387e+00 -5.44030062453064378e+00 0
1.80470871115154496e+00 1.17707192162278993e+01 0
1.79090627208854092e+00 4.82949426993002895e+00 0
2.14965159936780603e+00 -2.46329952090942017e+00 0
4.31067149998534127e+00 1.15706126673316406e-02 0
-1.37107057462088804e+01 -4.58933902425256779e+00 0
1.28466799013199906e+00 -3.94344153535067021e-01 0
1.39733992380966594e+01 3.15047228159086101e+00 0
-7.86943162539285090e-01 -9.12959531808228975e-01 0
-1.50398772255772806e+00 -1.08263598589997101e+00 0
1.00760245821026295e+01 -8.53789393928811080e+00 0
-7.12125814046406180e-01 4.54589754145432234e+00 0
-7.00457193473135842e+00 -6.03382424078607116e+00 0
1.21011040324218810e+00 -6.56937785560723864e+00 0
-2.24109283415864807e-01 1.26499988452259804e+00 0
-1.02764958374290796e+01 -7.10066682705616703e+00 0
-5.50981064639946005e-01 6.13262396750502781e+00 0
1.58977807970108498e+00 2.02875461246159716e+00 0
1.20627573696157908e+00 6.22467657322083490e+00 0
2.78135768631465607e+00 -9.15661553477470136e+00 0
5.89490015525883315e+00 1.53788735843668900e+00 0
-1.14731268809760301e+00 1.52085775437126891e+00 0
-5.08478937083501670e-01 1.73487959065629105e+00 0
-5.46805727284039200e+00 -1.23585214146652405e+01 0
5.33242574241626244e-01 -5.55719807306659686e+00 0
-1.37899846214770005e+00 7.58159737213497387e+00 0
-7.47157454521656939e-01 2.91700085808696796e+00 0
-3.24468090163726108e+00 4.92070170046596989e+00 0
4.32218923286258505e+00 9.53882459929304360e+00 0
7.93654040641571168e+00 3.97014531685749317e+00 0
3.97969008575564887e-01 2.30366152462358809e+00 0
1.10317375608432098e+01 7.44968991241333089e+00 0
2.86292709470843620e+00 1.13993432594502300e-01 0
1.00471064653713404e+00 8.03509216349002742e+00 0
2.62380751101610388e+00 7.15972914723321630e+00 0
1.06479438439445295e+00 1.76392940547904509e+00 0
3.52775146228104486e+00 2.12215260364913583e+00 0
2.47900297825646909e+00 -4.10274123105110800e-01 0
-7.99227378304162156e-02 3.80888290004128915e+00 0
1.26898521290465904e+00 -1.61408386940419590e+00 0
-1.38709044565096895e+00 5.96648785475052401e-01 0
-2.86765540119887974e-01 2.12114847625171299e+00 0
2.86480878303969488e+00 -7.37990391789231293e+00 0
4.64842738556130008e+00 3.13562327745725922e+00 0
-2.00195577629470689e+00 7.77272284045133710e-01 0
1.93664147210234705e+00 2.20236750962956807e+00 0
6.00810798857082329e+00 3.77725233946205119e+00 0
-6.35077790281785570e-01 5.58343142487781119e+00 0
7.45062662501607864e+00 1.12017308116109704e+00 0
4.25650623324368826e+00 9.37820171226118049e-01 0
1.31976791098859203e+00 -5.35545851971921727e-01 0
4.42111912298726872e-01 2.45663990930711318e+00 0
-1.50138334367505899e+00 1.29821355137057299e+01 0
1.67807073486976210e+00 1.00854431898638808e+01 0
3.95705015001466398e+00 -2.16842525842834721e+00 0
-2.34520727696909415e+00 1.12385561602825090e+00 0
1.86570112177074798e+00 8.67717308687822353e+00 0
-3.58741967456036426e-01 1.22757204881867299e+00 0
-9.67374153469326181e+00 -4.94053689334545520e+00 0
2.71513576851884986e-01 -2.61012587809393404e+00 0
-1.78108200280370510e+00 2.30314447116947996e+00 0
5.71915508840199571e+00 -1.23927002313437509e+01 0
-1.33052837586809392e+00 3.14879864475975824e-01 0
9.78266933864234245e-01 8.13058346060924086e-01 0
9.61704342400763323e+00 1.10342537225243609e+00 0
-6.58741774926303059e+00 1.19256371567474897e+01 0
2.29792764934311111e-01 -1.93159762017038195e+00 0
-1.87798971510585311e+00 4.41100940227513394e-01 0
-1.40773664624666295e+00 3.03973382366469924e-01 0
1.00282448428089999e+00 -8.55925146797397174e-01 0
-4.85120473721553669e+00 1.68626602452900709e+00 0
-6.70751350550905023e+00 -2.31678598989059603e+00 0
4.60767168817738604e+00 -1.91671062551955296e+00 0
1.44490959562902805e+01 -3.00723523552806182e-01 0
-6.37356268190989339e-01 9.61223047176597900e-01 0
-1.80361168519354598e+00 -1.04912227477638997e+00 0
4.35899653294230927e+00 -2.31229991367486587e+00 0
-1.18536468896050096e+01 -4.47873637223350674e+00 0
6.07891386126101052e-01 3.73211363766153115e+00 0
-1.39490672583539110e+00 7.30364574340335748e-01 0
-1.10226425146231097e+01 -9.34894040151548111e+00 0
1.20236621423788606e+01 7.91472937512275099e+00 0
5.34157585166748117e+00 -1.77848801857615890e+00 0
1.26904138532158894e+00 7.06964598716312231e-01 0
8.38408570184772439e-01 1.20722747015275700e+00 0
-4.66836164584490021e+00 3.70962320795908918e+00 0
3.30343391769174310e+00 -3.99389686757706586e-01 0
-1.73299277282103703e+00 4.66330093285370317e+00 0
-5.29515722212296502e+00 6.15901533781277344e+00 0
2.95257466267740121e+00 1.09429241959808410e+00 0
-3.28425340810744792e+00 9.13761780673896951e+00 0
1.64596368847631203e+00 3.26272978124283575e-01 0
-1.62395381511810899e+00 -7.70115180945674727e+00 0
-1.43785051399501396e+00 3.62993707498427187e-01 0
4.27056922381214932e+00 -2.79420186546591420e+00 0
-8.03864280026838429e+00 6.88179168557495213e+00 0
-4.73212318064108040e+00 -3.10775340172720993e+00 0
6.87190108303036146e-02 1.03296995055586094e+00 0
-6.03894604783781475e+00 4.61306423880191208e+00 0
-9.46539748737394104e-01 -4.23730860796923181e-01 0
1.31617355163712091e+00 1.55399146276885491e+00 0
2.83974148605692189e+00 -1.08892866555822891e+01 0
3.60658815261621202e+00 8.13471653802646344e+00 0
1.66460245997527206e-01 1.29691440375973910e+00 0
-1.12830111358314511e+00 2.42563329552361207e-01 0
-2.97661199823786005e+00 5.35990096702171304e+00 0
-1.00341280650388001e+01 -1.16374902467128205e+00 0
-2.69431306898642298e+00 9.08863542606059727e-01 0
5.61865901332694495e+00 2.70348722813942288e-01 0
6.82751047047322857e+00 4.26701006455555376e+00 0
1.22093890283362794e+00 -6.96876502957653021e-01 0
1.05285930413753999e+01 -1.79411438027650405e+00 0
4.30398897816842574e+00 -6.59160192140403889e-01 0
3.08692592720137104e-01 -1.42501429637032806e+00 0
-1.50245142617143990e+00 1.39525394096952904e+00 0
4.82605546436097033e+00 5.30401197004758185e+00 0
3.67875141461188315e+00 1.40254603411509104e+00 0
-3.56743190731982596e+00 4.60331652732982288e+00 0
3.30841837706231878e+00 -3.47567540466787683e+00 0
8.11714725159211525e+00 1.31500025338537507e+00 0
1.05314201936119005e+01 -1.54231408859674207e-01 0
4.36754980095325074e+00 -1.87131022751466491e+00 0
4.34742198007612224e+00 1.61011587964956404e+00 0
-6.70406048237096996e+00 7.15229260461832261e+00 0
2.58847299226121219e+00 -4.43960381761921496e+00 0
6.50794558976707371e+00 3.03150077434426901e+00 0
-1.00910468632759009e+00 1.39674060078824991e+00 0
4.03151084138443760e+00 -1.41736278678904704e+00 0
-8.77203018233650295e-02 -1.22813180539613809e+00 0
-2.95363605922316719e+00 1.29906022634290208e+00 0
-2.28524209545117385e+00 1.09547406215909700e+01 0
-1.44029653102896908e+01 4.99094018675550921e-01 0
-7.21249587009065873e+00 -2.04019401945975387e+00 0
1.22629555636090196e-01 4.05003712924000325e+00 0
1.19031653056453601e+00 -1.92412057134962289e-01 0
-1.65259416938528991e+00 -2.07224230439637580e+00 0
8.41255521172914356e-01 -1.97602333172639111e+00 0
1.52489017018065498e+00 -2.92691484948385305e+00 0
-5.12656909445649944e+00 3.56718851061268483e+00 0
1.28197837635349110e+00 3.25316288242158191e-01 0
5.19939582707953907e+00 -1.34668672584606597e+01 0
-1.73364120026172208e+00 -9.06390244180005666e+00 0
2.41131381258467314e+00 6.90014700346543375e+00 0
6.16889008740912193e+00 -7.75213856925287370e+00 0
2.78200246865220091e+00 4.07340588176542973e+00 0
-1.43485196828418204e+00 -9.99444152933380892e+00 0
2.33374833686334204e+00 1.28636922937254194e+01 0
4.42402375094875300e+00 -1.47752458048858004e-01 0
-2.02005757386002083e+00 2.43220461219755579e+00 0
-8.85000793044028100e+00 3.22285510431819722e+00 0
-5.66506112663312944e+00 7.37925423427877725e+00 0
-1.30885756699149813e-01 3.36372279110854100e+00 0
9.21980862138982671e-01 -8.70348672713330096e+00 0
1.62947993397037005e+00 -9.53277186151931133e+00 0
7.92804417797872141e-01 -7.84858518659557025e-01 0
-2.60031924230097911e-01 -1.67387029309792590e+00 0
-9.78402549660268051e+00 -7.86919214396127220e+00 0
-2.79909954511429526e-01 4.51744937914028188e+00 0
-1.33844808415595695e+00 1.93499922575615296e-01 0
1.29675928083337810e+00 8.87641054255408624e-01 0
-1.07364211262201503e+00 -2.32551309227865488e+00 0
7.03140416665001933e+00 -2.79260253806195813e+00 0
-3.98648726297445499e+00 -9.10885158525049121e+00 0
-1.07433407180860705e+01 7.70407649631795088e+00 0
-3.62798379273997806e+00 8.03643396269149690e+00 0
1.37338981449586806e+00 1.23654657465001492e+01 0
-7.09421913448008379e+00 -4.51038889170766311e+00 0
-8.87488807880913111e-01 6.40489677886305953e-01 0
1.99197012273300000e+00 7.99641689259167876e+00 0
4.21213601838585294e+00 5.32052388488327832e+00 0
1.20028162806384198e+00 -8.82242078661976237e-01 0
-2.89877800054071599e+00 2.56263156896772504e+00 0
1.81600272922096195e+00 -1.89060909262904997e+00 0
-2.18845154511741313e+00 5.27307817217314012e-01 0
-9.22816321057123079e-01 -1.89201599217906202e+00 0
2.33986680407823799e+00 6.05514404144337104e-01 0
9.68165985641715965e-01 6.50796902945838607e+00 0
-5.36663274914403221e+00 -3.13627475520604415e+00 0
-3.23744620076799217e-01 1.15040791879795501e+00 0
-1.77639413605858199e+00 -6.22313953580045887e+00 0
-2.42961158762939311e+00 -6.93529513567360656e+00 0
1.70023927714586409e+00 1.28179533815217894e+00 0
2.39012606546322592e+00 5.30663489372750163e+00 0
-2.78997518822585988e+00 2.42151626086692806e+00 0
-1.12737474159949791e+00 2.14999259027914791e+00 0
-3.24051032541100215e+00 1.66952875929398203e+00 0
-6.47344076225035181e+00 -1.07706698774656502e+01 0
6.37547774099461595e+00 5.36917261341443997e+00 0
-5.72762671749076535e+00 8.22393342857798304e-01 0
6.71639060094329210e+00 -9.77136944830240672e+00 0
5.40086715555954733e+00 -3.14404586559465682e-01 0
3.19130857396311807e-01 -1.23299346763630191e+00 0
-1.55690575985821700e+00 1.20761112061354092e+00 0
8.60258971778451009e-01 -9.99360519318302387e-01 0
1.17660916457913101e+00 -2.90533604508876608e-01 0
2.15654733024044498e+00 3.50598677199401521e-01 0
5.08046488109682581e+00 4.33342857489803571e-02 0
3.60254339272196500e+00 9.37639526962775349e+00 0
-4.85134296756003458e+00 4.36960436870350843e+00 0
-6.24013478453136905e+00 1.33065137703961806e-01 0
-2.60469897894633196e+00 3.03812940149097299e+00 0
-1.58129462661249010e+00 1.51615300035819200e+00 0
1.85934793280337107e+00 -1.10457395643692791e+00 0
-2.72980834408248185e+00 -6.91591904042618277e-01 0
-9.00764439290302699e-01 9.58633694435933825e-01 0
8.50963038893406321e+00 -4.68310842413426442e+00 0
4.29494836823007820e+00 -4.26921876339034156e+00 0
1.76510972938851807e+00 -1.03148256881810294e+01 0
3.20049577176998090e+00 2.12514181548961378e+00 0
9.14221992358806745e-01 -1.09817734971859404e+00 0
8.18588267757961674e+00 -1.80032178031324297e+00 0
1.16141544666515593e+01 -6.76652147238414070e+00 0
5.15530774678562764e+00 5.12920611237395097e+00 0
-3.80895340268023919e+00 1.94721062770150000e+00 0
2.01690223898836019e+00 3.65589483277301985e+00 0
-9.79612175657495921e-01 1.19612572179464993e+00 0
-2.24393065645130596e+00 6.49243874259670006e-01 0
3.10250470839138082e+00 -5.15056772014470976e+00 0
-7.32236437844492283e+00 5.84036224440420959e+00 0
1.07947854942514510e+00 1.70028519548000495e-01 0
4.15757954146922071e+00 1.67478469806327990e+00 0
8.36898423779894074e+00 -1.18893107440630192e+01 0
-5.42789427295352414e-02 3.05032000441333295e+00 0
-3.76048732233944705e+00 -3.76648210494089408e+00 0
-4.00476668018021975e+00 2.93068154099458585e-02 0
4.58243033354857587e+00 -2.31851680856588382e+00 0
1.52076798268616797e+00 -7.09679312748787261e+00 0
4.17388078158692633e+00 -1.27159318727160908e+00 0
6.63578575524069070e-01 -1.32541377358792389e+00 0
-2.58891118548649901e+00 4.62620778037319269e+00 0
-1.52672980989831997e+00 5.38743974287167582e+00 0
4.72033530778694743e+00 -2.12554460953905000e+00 0
-1.39147721904789901e+00 4.21348978952805375e-01 0
8.46557896819157030e+00 -3.85142209247397227e-01 0
-1.98911316704813212e-01 -2.17063077732728704e+00 0
7.31156609467228868e+00 -5.86572525884379026e+00 0
7.38726537697460373e+00 7.44907178302361039e+00 0
1.45193176194989104e+00 -1.21703088051005093e+00 0
-8.61650363249696349e-01 1.20860389760346698e+00 0
-7.58238410841308857e-02 1.18263657157000002e+00 0
-3.88995534041060020e-01 -1.43954483861475202e+00 0
-1.27027714916205503e+00 4.49638128199076614e-01 0
7.30528005535283742e-01 9.77213027391378497e-01 0
-6.45728195056070486e+00 -4.17073352502457428e+00 0
-2.28183155207548083e+00 2.09143556058338398e-01 0
-3.79001609105188386e+00 6.95495102387014952e-01 0
2.17759611818228205e+00 -1.17349017607133499e+00 0
5.66117690688754838e+00 1.05622508089845302e+00 0
-4.42172585892536940e+00 -4.06004799913394798e+00 0
2.50702545051019188e+00 3.68036623268982011e+00 0
-2.62782503495362407e+00 1.18987259592912995e+01 0
1.79002600050383198e+00 7.72762531522973251e-01 0
-2.34426792966025621e+00 1.60084447259716800e+00 0
3.44934727899582516e-01 1.94738185272862996e+00 0
2.90918291651232108e+00 2.19030210161511896e+00 0
-5.28871218264198095e+00 -1.36874901859390308e+00 0
-1.19908376006526307e+01 6.28327878000341311e+00 0
-1.44520085827451905e+00 2.40244211567523902e-01 0
-7.60703834076309260e+00 1.18904187522493099e+00 0
-2.34022678748994384e+00 -1.21987733037072097e+01 0
1.06609255731018493e+01 -7.21273058888896568e+00 0
8.78120172721200554e+00 -3.13919357219563189e+00 0
4.18040654646465226e-01 -1.89069462432249003e+00 0
-1.99642516178606999e+00 -1.04307102866117396e+00 0
-1.17737236383857496e-01 -3.39153427717932798e+00 0
-6.35303877026820674e-01 8.20859952438333873e-01 0
6.60718553108433237e+00 -5.61436490457873472e+00 0
4.72066332897415020e+00 1.36208458276977207e+00 0
-1.53836093910760998e-02 5.31478890317698216e+00 0
-7.60592728937927465e+00 -3.81744146724867894e+00 0
2.73233020778287594e+00 -6.77326298681324968e+00 0
9.05213236948924749e-01 -5.02952104794473054e-01 0
9.71246859982520760e+00 9.52062436825903829e-02 0
6.31667901261127152e-01 5.13439564529115078e+00 0
-3.29849541834745086e+00 1.91711781772163303e-01 0
-2.51902617346378310e+00 6.90846095553551809e+00 0
4.74137846543366881e-01 9.18539150423303474e-01 0
-2.91308143148993315e+00 2.90410747064661390e+00 0
-5.33877081091740902e+00 -9.52317391357387244e+00 0
-5.06161567676014013e+00 1.29002274226327796e+00 0
-1.25817217329138997e+00 6.15058383556292387e-01 0
7.34898544734591042e+00 1.05840915526716906e+01 0
-7.27950112583579401e+00 1.14062826299404296e+01 0
-3.10694157734427412e+00 2.29465772723664613e-01 0
-7.00822558111855365e+00 -2.95866724603197184e+00 0
2.05377940721070207e+00 -1.07117284610127808e+01 0
6.47844422371491202e+00 1.58054041476938600e+00 0
-1.07152804995333306e+00 -1.29283528103883105e+00 0
-4.99536759378573070e+00 6.48515606867957484e+00 0
-1.60200062426184009e+00 2.16882054098654509e+00 0
-3.02158872274262880e+00 -1.57870356745575990e+00 0
1.00594118720586190e+00 1.27365823522114896e+00 0
-4.46237724796513580e-01 3.41495812075399696e+00 0
2.34815741619306895e+00 3.14537923118741203e+00 0
-3.51272697224719588e+00 -2.55189476657125391e+00 0
4.50719008382035380e-01 1.80856704998407691e+00 0
6.90818472804913930e-01 -1.88953729143838101e+00 0
1.45525705097818192e+00 6.94704018031251036e-01 0
-7.84903360867494487e-02 1.03374129700915995e+00 0
-3.72233020869275899e+00 -1.58709161533087811e-01 0
9.59324372619297172e+00 -2.30311916850362497e+00 0
1.98498132892947510e+00 -1.28044740375073607e+00 0
-4.93369623855987260e+00 3.79493987319313009e+00 0
-2.02515274168696990e+00 -2.09437915271018094e+00 0
-2.12544309912869211e+00 4.76504365701189503e+00 0
4.82306071767130096e+00 5.62680143368027874e+00 0
1.32796401864887303e+00 -3.57836734716369298e+00 0
3.71950092199604088e+00 -1.59767361895819393e+00 0
-4.21461433249690920e+00 3.43380810718921481e+00 0
1.06819990772691908e+00 -6.87915007854642657e-01 0
1.05210588932632598e+00 -5.12892000899642930e+00 0
-6.70707135884112393e+00 3.21073168166042899e+00 0
3.19645242556927389e+00 -1.00180983782230104e+00 0
-7.27429720245084233e-01 1.68921953928966007e+00 0
-1.61155388950891609e+00 3.25898024802425379e+00 0
1.04788046130778092e+01 1.00193562819648800e+01 0
-8.17345439106215044e-01 -7.25314079926649757e-01 0
8.32247040801673776e+00 2.79331082464523295e+00 0
9.64253600476038697e-01 -1.54926685931951202e+00 0
-6.73055846836471883e+00 5.43938417125886442e+00 0
-2.12351162738531807e+00 -2.75034942746780420e+00 0
8.57450160372847714e-01 -1.35861024116480706e+01 0
2.38828750175880522e+00 1.38912056864226097e+00 0
-2.33246278877463187e+00 3.80768663702349786e+00 0
-7.44711272445150785e-01 9.45695421096188538e-01 0
2.98423236417917703e+00 1.06488060573270999e+01 0
1.09289919179934802e+00 -8.84952946774102744e-01 0
-8.12097985969202241e-01 6.50461567273711849e-01 0
1.70049125197326290e+00 4.36317908866049708e-01 0
9.75093993184823371e-01 -3.43617131624450689e+00 0
-1.40688282638618407e+01 3.24447371604006918e+00 0
-2.34949541289096997e+00 -3.41560255673716684e+00 0
-8.01143712379761119e+00 6.14546559354311217e+00 0
-5.71814324871627733e+00 -7.26084407119329889e+00 0
1.75339439549917708e+00 1.54962874488093899e-01 0
1.45645609133214604e+00 -1.23708361093347909e-02 0
-1.40792964835308593e-01 -1.68320297584811907e+00 0
3.14006537059109103e+00 -6.74865005060548917e-01 0
-1.49657837798131710e+00 1.82638876544168705e+00 0
9.51862080419005352e+00 -5.45307150509068794e+00 0
-1.68295506897928893e+00 1.89122982242795806e-01 0
-8.37680141995736349e+00 -1.17849848911047896e+01 0
-1.61780313726502500e+00 1.35226457286552892e+00 0
-3.90746846280442484e-01 -7.15216136792364399e+00 0
6.21649858937096322e+00 -5.67293087450487565e+00 0
-1.06862155532481395e+00 6.93245072721170308e-01 0
-8.76866485162159393e+00 1.90699069487593098e+00 0
-2.17390122266005403e-01 2.74736795697630498e+00 0
8.86229952240031693e+00 4.84395798673842926e+00 0
-1.00560259965234700e+00 2.61176763446854310e-01 0
-9.94017067795398779e-01 9.51896939681790344e-01 0
5.66873296934438020e+00 3.81209230437261803e+00 0
-4.24883613388947423e-01 -1.09191896193404991e+00 0
7.30633504278544876e+00 -8.94011469110908763e+00 0
-2.82658802984511803e+00 -2.49301959334533896e+00 0
-1.30164142277145589e+00 -1.15601571342507601e+01 0
6.71897069082038501e-01 -1.00590935404049198e+00 0
-9.22733026563490211e-01 7.30864577515685898e-01 0
-2.57678876044944616e+00 -5.08789117075812536e-01 0
-5.31153327907433326e+00 7.58733981431313875e+00 0
-5.27437298397989096e+00 8.00561275068672806e+00 0
8.79813126522783939e+00 9.12420100446223614e+00 0
-5.96576305281127173e+00 -3.13352731183993516e+00 0
-1.50102758362091393e+00 -1.39888302633526407e+00 0
-6.82347068824742742e+00 -7.86403391011530450e-01 0
-2.50075252501068013e+00 2.89394785945108390e+00 0
-6.32650754966455842e-01 -9.08013383952178788e-01 0
1.09459177871099000e+00 -2.57486124951306206e+00 0
-2.48127739834971495e+00 -9.13180180580426537e+00 0
7.70981511398667330e-01 -2.79868218741112207e+00 0
-7.30733188645158371e+00 3.11184632366738301e+00 0
-8.87510825621981247e+00 -8.95408275959234956e+00 0
3.49274485966217518e-01 1.36448142399250405e+00 0
6.17423323082497344e+00 1.20511153724500408e+00 0
-3.72538992748484787e+00 5.10001203390839120e+00 0
4.63192892964597425e-01 -9.81614219218738038e-01 0
-1.73387697930399809e+00 -2.62135059815329696e-01 0
1.34443602759905794e+01 -2.02491926159072921e+00 0
1.11558586780544600e+00 -2.10509070908865414e+00 0
1.44060953607884801e+00 -1.04911940733970505e-01 0
-5.90967230900015350e-01 1.11529271885200898e+00 0
7.81170693363408564e+00 8.69747345875370392e+00 0
8.94296461425738975e+00 -2.06010085465527082e+00 0
-3.18865499075610903e-01 -1.07396479407455492e+00 0
-8.33217635130226242e+00 2.15171092019752486e+00 0
-8.46972080628669133e+00 -4.63506770609621288e+00 0
-1.05938243263959309e+00 8.56488289861471630e-01 0
1.39299391976102904e+00 5.66108414098450741e+00 0
-1.11996710427294111e+00 -7.49736354149249440e+00 0
-5.26163959909442802e+00 2.91737341577748088e+00 0
2.47502558095441394e+00 -7.83003886218153156e+00 0
3.18901444746927698e+00 -5.74269392836821613e+00 0
3.49341981307655702e+00 -4.71340643992422237e+00 0
-1.24285410586235989e+00 -5.04829499551353700e-01 0
-9.71076745861667234e+00 1.29869052962488102e-01 0
1.73562743138812303e+00 1.85008360900070290e+00 0
1.84728983146824710e+00 -2.75090270795112302e+00 0
-4.84864247517273572e+00 -4.14896360853867741e+00 0
-8.51621581559076724e+00 1.20376319384833308e+00 0
-7.08804719987368714e-02 -7.26810783678279293e+00 0
8.81714706546571914e-01 3.69265656105595719e+00 0
1.52290916058850301e+00 2.37250199067870415e+00 0
4.63810945791159890e-01 4.00260065111789398e+00 0
3.72909627162753221e+00 -1.00986317486334602e+01 0
-6.35981329742416501e-01 -4.25369689239463433e+00 0
-3.38251164745417388e+00 -2.09883803007824898e+00 0
-2.04888898443489298e+00 -1.08414893958333298e+01 0
-1.04139465835886291e+01 3.55312893534002505e+00 0
-7.74896781815066138e+00 3.60641279049382613e+00 0
6.70893565463609498e+00 4.61766071116274013e+00 0
2.12384603165594799e+00 4.46672341821392305e+00 0
8.77411566795945452e-01 -1.22718107026410506e+00 0
4.37967614945505179e+00 -5.18271564017106900e+00 0
-2.40577390324667117e+00 9.83838104901268440e-01 0
3.45829995353540509e+00 -7.71518521805679214e+00 0
-3.09370042539262213e+00 1.47785622636986291e+00 0
2.83584041986197111e+00 -5.62623079187621222e+00 0
-1.78141931596868108e+00 1.05622508565714601e-02 0
3.85645259603675594e+00 1.14808238820205197e+01 0
4.68898825539478281e+00 -2.92403760446589400e+00 0
6.28923135908926767e+00 8.43101573835095053e+00 0
-7.19258862918461528e+00 8.67735880063845499e+00 0
7.69794679412825733e+00 -4.83675707312853032e+00 0
4.92354402187909557e+00 -5.56209147231809276e+00 0
-5.75900148256289057e+00 -2.03389148157779998e+00 0
-5.25044993700636109e+00 6.82969762970998140e+00 0
6.83612519620781356e+00 -6.61286511462751303e+00 0
6.49190643941235795e-02 2.15643826246149617e+00 0
-7.76317698534172695e+00 4.19465990724641280e+00 0
5.69750428409668341e+00 -5.84507938477161537e-01 0
8.22926592170794557e-02 1.45253259770876997e+00 0
1.51659821442000609e+00 -1.36758066301279801e+00 0
6.04327851083425838e+00 -8.95665347370267995e+00 0
2.63328968834133903e+00 -6.38852894371110258e-01 0
4.50427679684460358e+00 5.80101326740343914e+00 0
3.02998355752758197e+00 -4.08721348381066019e+00 0
-4.30562842494609921e+00 2.44825960705178103e+00 0
3.38183336321156491e-01 -1.04723961234443497e+00 0
-2.29311090520248095e+00 1.35457083446030091e+00 0
3.34644209543185989e+00 2.41691468976902613e+00 0
7.66163377097327514e-01 -6.88937858157891991e-01 0
-5.73754033305037137e+00 -1.43225484277665194e+00 0
1.46695694998510595e-01 -7.85922417513368288e+00 0
9.72681501718705294e-02 -3.14658965439415494e+00 0
-7.75985995626958758e+00 2.09312934003110485e+00 0
2.05543898336441211e-01 1.18125170743412000e+00 0
-2.06653876911599310e+00 1.71384786670134098e-01 0
-4.81977624471378796e+00 -1.41630606067065101e+00 0
-9.02963031840043229e+00 -3.30345578493726721e+00 0
-1.82660320481643601e+00 1.46817608419708501e+00 0
-4.02515613813068729e+00 1.55574265052902994e+00 0
-4.28273494957629097e+00 4.68183286484822991e-01 0
-8.05795270835674149e-01 -8.13750006738757303e-01 0
2.16265933046078818e+00 -1.19683447481887502e+01 0
1.57707677832865900e+00 8.35462374423757037e-01 0
-7.23949696496588313e+00 2.73321976078158091e+00 0
1.82957424345193509e+00 1.21031725733362094e+00 0
5.90018152330504009e+00 4.49025604994969074e-01 0
-1.05982038723504701e-01 -1.54595185664128798e+00 0
-5.11455275661262565e+00 -5.11732753804158680e+00 0
1.23521220182851299e+00 1.33710491869526997e+01 0
-2.66064286771736080e+00 3.66907530919002900e+00 0
-9.46241826710678913e-01 1.05201568568898596e+00 0
-1.09408708081438810e+00 3.68010043546074084e-01 0
5.82363641273043964e+00 4.38830435423547627e+00 0
1.16037940753272597e+01 7.14886911144840376e+00 0
5.38418471228188089e+00 -1.03032807932330694e+01 0
-4.61621722844102056e+00 -1.04946418057363910e+00 0
-4.11299461323867277e+00 1.82969287892029397e+00 0
6.79863858718096203e+00 -7.32748040249999111e+00 0
1.01253179076476894e+01 3.01482587202379193e+00 0
-1.67182136088857702e+00 -6.45208272125339044e-01 0
-3.94259804582119511e-01 1.96615765863299896e+00 0
3.28227429196355081e+00 2.75907818254448589e+00 0
8.89659439506626271e+00 -3.91686645632951791e+00 0
1.04011246278724090e+00 1.93332101465264405e+00 0
-1.69494215261148895e+00 1.03012200064759103e+01 0
7.95619919222910532e-01 -3.15234552973914006e+00 0
-8.35931598157716671e+00 -6.16304688115471766e+00 0
-1.30842759941935394e+00 1.17479362861952308e+00 0
5.42777023784044910e-01 -1.19212687405167195e+00 0
-2.70819923467661683e+00 -2.85840948789250504e+00 0
-9.76224503418239742e-01 -7.44239710918126685e-01 0
6.22723870338684726e+00 -9.83247724873382900e+00 0
3.90555528351182291e-01 9.59939917586667191e-01 0
3.37303422865982894e+00 5.07248557789487808e+00 0
-1.78877085651228590e-01 1.13133031265666695e+00 0
8.38152852689135486e+00 -8.57338356340491003e+00 0
-3.78335605749563375e-01 -9.23320137071540437e+00 0
9.71129061952816208e+00 -3.66307076103570584e+00 0
-1.00130151932023796e+01 2.90673648838430498e+00 0
5.20366792422953806e-01 -8.51431255070784054e+00 0
1.03452660497903604e+00 2.38147618301045513e-02 0
3.45457484607799303e+00 -6.00046057085019591e+00 0
7.13141380468916442e+00 1.26302691262966196e+01 0
-1.49076314765672291e+00 -1.21312817975071008e+00 0
-2.83431437493461402e+00 -1.51179099141751205e+00 0
-3.08996327551004679e+00 3.25635999620036509e+00 0
4.45214365804429058e+00 5.58869791498179835e-01 0
9.98552552647471181e+00 -4.56653156843767594e+00 0
-2.78882032372037081e+00 1.42923968097730891e+00 0
-3.04675492899531886e-01 -1.20244124612246694e+00 0
-3.31064379034602085e+00 -8.70815928533482264e+00 0
-1.31643662997309296e+00 -1.14264253083575507e+00 0
-1.07178950174636900e+00 -4.25780641405773486e-01 0
1.70525393370795597e+00 1.99683656762714801e+00 0
6.21694900048946320e+00 -4.20218416198007283e+00 0
-2.04695571638014595e+00 -4.30847608301778484e-01 0
-5.98330485933544653e-01 -1.18573640642072009e+00 0
1.06749519717455003e-02 1.63122759420801611e+00 0
1.21541421325279497e+00 1.37101095637779807e-01 0
-4.53166834217373893e+00 -1.49764328429577898e+00 0
1.01718571380963296e+00 5.29990466031324381e-01 0
7.08717676341776137e+00 -5.11671047691255687e+00 0
-3.43336593318406091e+00 2.56773506194808920e+00 0
5.15408567821931118e+00 9.90066937765274702e+00 0
2.68144770442505198e+00 -1.67001768707902798e+00 0
1.82268935367521001e+00 -2.91986953929911897e+00 0
-7.55653105341135278e-01 -9.84631741965562135e-01 0
-4.12318288010485912e+00 8.20514770476605726e+00 0
-2.75757108178514221e+00 2.73591620093582621e-01 0
-3.15895693774085906e+00 -1.35741546284485803e+00 0
-4.92085360538745231e+00 -8.79725928452662487e+00 0
3.03379804495436289e+00 -3.16823507614788413e+00 0
-6.98099412182441981e+00 -7.72151860310430660e+00 0
2.64358323285149988e+00 -2.17740129998483312e+00 0
1.51928913850291791e+00 -2.32763434618109200e+00 0
-2.69266811306916098e+00 1.29580532062596703e+01 0
-1.96266414945387990e+00 -6.98574626437282964e-01 0
1.81873860467289289e-01 -5.26533549850786642e+00 0
-3.70071860048893209e+00 2.33190823584986884e+00 0
9.35349771550642806e-01 1.14379229788400494e+00 0
1.51276968039386409e-02 -1.16419795106856605e+00 0
7.11669227457883924e+00 4.72407087470403719e-01 0
3.14358115633157909e-01 -2.00931681408165996e+00 0
-3.46203305611129508e+00 -2.84060736856867990e+00 0
-6.33182558862366118e+00 -1.29728918025357203e+01 0
-1.34522053660154803e+01 1.08224565553981106e-01 0
1.02901023396219493e+00 -6.93776442364275603e-02 0
-6.43443989962304452e-01 -1.67532019238798302e+00 0
6.32252688878599201e-01 1.07763152760204299e+01 0
1.02145300444076192e+00 -1.59417246907644611e-01 0
-2.17195265348530286e+00 -1.02949069656389902e+00 0
7.97828749721896990e-01 1.57100573929876708e+00 0
3.06842694844839392e-02 1.86642778702451206e+00 0
-3.30747023638974991e+00 -9.62699581516964820e+00 0
-8.33018764900965358e+00 1.00740860261520009e+01 0
-5.80245787987150941e+00 -3.57690977289496193e+00 0
1.48586603320259303e+00 6.70711673305525213e+00 0
-3.75361515458611184e+00 3.03615035163237401e+00 0
-1.65737297886011603e-01 -1.40470212703351804e+00 0
-9.07341832949279237e+00 1.12073242841255105e+01 0
2.93519872769637313e+00 1.46441379832716301e+00 0
-2.82390729584298805e+00 8.63857004068717682e-01 0
-1.31615940337258697e+00 4.91100904363317525e+00 0
-1.14909905317242806e+01 2.66021779838166816e+00 0
-3.83568315123417214e-01 2.57724438743665818e+00 0
7.71678001990345397e+00 3.88566582191068322e-01 0
-1.84192828235033601e+00 -7.50428769563899895e-02 0
-2.36461114437082998e+00 6.27331748310117843e-01 0
1.10463349521036291e+00 -7.86089143395860140e-02 0
-5.50243173261633078e+00 -8.57515161073772170e+00 0
-2.42940443195077993e+00 8.17268237358431726e+00 0
-1.34658694566372494e+00 1.45668950612281994e-02 0
4.43634041416457181e-01 2.69287845121267910e+00 0
5.23381956146772165e+00 4.40109032672894518e+00 0
-1.20210729942509200e+01 -2.42536376533474307e+00 0
-5.04383555647276260e+00 -9.83284583729001738e-01 0
1.09399975844778408e+00 -1.69469657806115392e-01 0
-4.33335488762597726e-02 6.17110017414091683e+00 0
2.63020318371959583e+00 -1.00907623880067092e+01 0
5.45506698194555772e-01 -1.46108033030018092e+00 0
-3.28645852111515513e+00 -1.13172439827271099e+00 0
1.56511526297844794e+00 -2.60645933393666186e-02 0
-4.18945487043111409e-01 1.17314315844897110e+00 0
-6.67607435969329543e+00 8.55401219118770939e+00 0
-7.62016507091675077e+00 1.23120765303363502e+01 0
2.50135312444843827e-01 2.00028847263097598e+00 0
-3.37161383659109082e-01 -1.52026542729294389e+00 0
2.23513569694660097e+00 2.53807457642824286e+00 0
8.87747906521085817e+00 6.10831535073792242e+00 0
2.80258007071138682e+00 -8.67048337288081328e+00 0
-2.99118089865722991e+00 6.37234887863790345e-01 0
5.60662955469273028e-01 2.04320545281416299e+00 0
2.87219498345242785e+00 3.18535613722274480e+00 0
-4.54850429427842207e-01 -3.06827528402437988e+00 0
-1.91207816134039810e+00 6.20665708841437569e-01 0
2.50561897975716219e+00 7.50429243440517713e+00 0
-4.68047065270337992e+00 -6.56543677727722219e+00 0
-8.80739832921298205e-01 3.36131024135766010e+00 0
9.47755289673809997e+00 8.45963055460959978e+00 0
-1.03178112163732294e+01 8.23267494475619865e-01 0
-8.38609154885060804e+00 3.95751847661285305e+00 0
3.02480293118964516e+00 4.01317883390928998e+00 0
5.64302827748275160e+00 4.76325258334152579e+00 0
9.13425669871687873e+00 5.70962871919942572e+00 0
6.64846130138223468e-01 1.90684275084962795e+00 0
1.01509111682005297e+01 -5.53778562814148612e-01 0
2.06913635157634301e+00 9.56320809056001475e-01 0
1.62228184532618203e+00 1.52231682040486294e+00 0
-7.47887790731516411e+00 -6.08998943692687078e+00 0
-3.39734129195360879e+00 2.97568757579387899e+00 0
-5.91238898694304638e+00 -9.37402260695870027e+00 0
1.98307899157456102e+00 -2.52690717618092719e+00 0
-1.31523111734724596e+00 -6.78070246601755300e-01 0
1.01639858062368993e+00 -2.00413431788274504e-01 0
-8.98745828357468302e-01 -6.02555230342028625e-01 0
4.02126561977368979e+00 1.51838486673946588e-01 0
-1.12274094028292604e+00 8.79937015165516279e+00 0
-2.23195809871474315e+00 1.06936775275491502e-01 0
1.46471739733557293e+00 -5.09441805743929943e-01 0
-5.64958101900347121e+00 4.01105657694154871e+00 0
-1.43025644004853097e-01 -6.55796482709931805e+00 0
-8.97558620953825326e-01 5.07206308411150331e-01 0
-7.67307180210120121e-01 -1.40531016271028597e+00 0
4.37899411280329787e+00 -6.79485137118372240e+00 0
3.76787367659825900e+00 -7.02104692555431686e+00 0
-5.71289065060160528e-01 1.50169874534862591e+00 0
-8.03745657923234802e+00 -3.42163180264206390e-01 0
2.01061821913001104e+00 6.85981241092255001e+00 0
1.72585934766589810e+00 1.42491793724741900e+00 0
-2.80369981211978203e+00 -3.12967160612589579e+00 0
-1.65432651256661689e+00 4.26159392184611274e+00 0
5.81481840488661827e+00 -1.33086053872466294e+01 0
-5.88686120499071119e+00 1.28444960422292698e+00 0
-1.10018279182157706e+01 -1.13767043203036500e+00 0
4.03940726071454570e+00 -4.80716328228784384e+00 0
2.54785416486556116e-01 -1.00581907880485910e+00 0
-7.32621313883362713e-01 1.96122168248702300e+00 0
8.04466156118320952e-01 5.02021320022631556e+00 0
1.15483161971218506e+00 6.50160731943749459e-01 0
-4.32365834684722561e+00 -4.65123957922244990e+00 0
2.62584107075571982e+00 -1.12948794351075299e+00 0
8.42075196889090910e-02 1.25111631379520194e+00 0
1.49935635637088205e+00 1.59409999350015208e-01 0
-4.99720657617862596e+00 -7.86010742694121500e+00 0
8.19341484451473479e-01 6.30351544273079378e-01 0
1.49301528996804694e-02 -1.68761673066856410e+00 0
4.87967503432904071e+00 3.32846760461981184e+00 0
1.67284618623425807e+00 -1.60383258964952802e+00 0
-1.10274389046966692e+00 -6.47994733009595758e-01 0
1.00340184622755491e+00 -2.63379314656330188e-01 0
5.36703121745458644e-01 1.15475435785410396e+00 0
1.34071399106219697e+01 -5.36398896838822026e+00 0
-4.71544538976544914e+00 1.14497547206120007e+01 0
1.15835260778837006e-03 1.25003540404105706e+00 0
1.28582294418369703e+00 1.86794346775177506e-01 0
5.75248721880338465e+00 -4.57017967706406214e+00 0
-5.98732812067782660e+00 -2.49952993855305605e+00 0
-1.14233823864115802e+00 1.77216522977735491e+00 0
1.41296854623022092e+01 -2.89180752942568908e+00 0
7.50705318452176229e+00 5.60756068687432840e+00 0
-4.81043291028963260e+00 6.44606194059296644e-01 0
-5.98093537292842825e+00 9.23657048581408624e+00 0
1.22717934811289897e+00 -3.14017915094667899e+00 0
1.10441710781911095e+00 -5.06997319155702120e-01 0
6.20464810054951688e-01 9.68236979913902451e-01 0
2.37954142562293480e+00 1.23549672861195603e+00 0
1.09858575385942405e+01 4.55354434162132893e-01 0
-1.10065223181875305e+00 4.60261858205080476e-01 0
1.51195060410363991e+00 8.79362781895445589e-01 0
1.35632670889869100e+00 2.51863464411797300e-01 0
-4.24043591863442781e+00 5.21557282328284799e+00 0
7.85179160860364700e+00 1.58725824382737302e+00 0
-9.81424721305828029e+00 5.16551138351887928e+00 0
3.02705546694551897e+00 -9.47423362665260838e-01 0
-4.57148754544048597e+00 -1.96422244931466206e+00 0
2.14697112185447292e+00 -9.00501222498472309e+00 0
-7.55023700608903336e+00 -4.62132725758950702e+00 0
1.36974751339974610e+00 1.03894112598655592e+01 0
3.13143030411530310e+00 1.02017596057181201e+01 0
-9.72324629295840070e-01 -3.39091628653393873e-01 0
-1.00752589975744105e+01 -2.59384336739002519e+00 0
-8.54110976948081557e+00 -5.42051152082785759e+00 0
-5.15649508713907956e+00 -6.69656549365509601e+00 0
1.58075883015932206e+00 3.92945478043622981e-02 0
-7.19409923243868565e+00 -1.15345411393867394e+01 0
2.42764241950701409e+00 1.11911927801384800e-01 0
1.85032917972674604e+00 -4.19389586685739113e-01 0
-3.97105699633329401e+00 2.22358639374793121e+00 0
9.11944669178350598e-01 -9.05900365172688349e-01 0
1.19128932593092607e+00 -1.87923436793791310e+00 0
1.23761232619778694e+00 4.10345736657054072e+00 0
-1.01708338777721097e+00 1.14600950480208602e-01 0
1.17382672014451894e+00 -3.43060872345762824e-01 0
4.41806144014604296e+00 -3.22199480293858098e+00 0
1.10333047038232698e-01 -1.43975092234002311e+00 0
-2.17392912032618879e+00 2.31094129227791401e+00 0
2.32338771201119787e+00 -9.76043107526916920e+00 0
-1.75677936189115802e+00 1.63454624091092210e-01 0
-4.24756046256182263e+00 -2.54254492844524815e+00 0
-2.71833072359923200e+00 -2.09984507198632819e+00 0
-1.63173173926174098e+00 -2.75882997100458716e-01 0
3.56879173978147479e+00 3.54802433265476580e+00 0
-6.01559878350101496e-01 2.51510026235478890e+00 0
-3.52616434091365694e+00 -1.27812131387400107e+00 0
3.70741454355521582e-01 1.79117464608234300e+00 0
1.55267205579248402e+00 -4.93759674514366420e+00 0
9.67933429518608257e+00 1.06823662838712892e+01 0
2.71049886304036480e-01 -2.84594054217150783e+00 0
4.70909192721361336e+00 -7.40256126628182987e+00 0
1.18813887690282605e+00 4.36239939052239656e+00 0
8.46908002918086877e-01 1.09216001239554106e+00 0
5.36987139883595921e-01 -7.70062281133754212e+00 0
-1.06496633406839702e+00 -5.66499148084869120e-01 0
-7.00138313559534442e+00 9.55380197690269028e+00 0
4.50864038980651693e-01 1.53773613099903206e+00 0
-2.11426740838499905e+00 -1.13238938165055494e+01 0
-6.51344595148633587e+00 1.17899694847943493e+00 0
1.25437792139149296e+00 -1.22465234806160095e+00 0
1.10445634921061107e+01 8.03911942587573947e+00 0
-3.42781166035310392e+00 1.55470223227643300e+00 0
-2.18322633314719505e+00 -7.63894920679471290e-01 0
9.46079201882262311e+00 2.48840113089797921e+00 0
5.46374644944645937e-01 -1.61104068280999591e+00 0
6.75636610386098635e+00 5.90518708102060266e-02 0
6.91643247766999725e+00 3.25359729681217003e+00 0
-8.48409883313799362e+00 4.60783299358942777e+00 0
1.18798426311841210e+00 1.79905591302649404e+00 0
3.37731768753998285e+00 4.56521766583712107e+00 0
9.03423089337740137e+00 -3.48208372844550684e+00 0
1.15817019121535703e+00 1.44373886223095003e+01 0
-5.02070018198125823e+00 4.08401368695517863e+00 0
-2.43996442279100512e+00 2.09469920364712214e+00 0
-1.21339851090081496e+00 1.10292636320599802e+00 0
-3.21168059950823404e+00 1.31629177167278506e+01 0
-7.04352993892011892e+00 3.33632587774041989e+00 0
8.78320785119225178e+00 -9.37334975426290384e+00 0
4.39887709483649192e-01 -3.08843327019916014e+00 0
5.43895292953191833e-01 8.84091610832620334e-01 0
2.53674478221329602e+00 8.57314927020801676e+00 0
-8.69894383790869874e+00 6.52447692590592343e+00 0
7.72852875420690810e-01 6.92647736394162661e-01 0
-1.59953613518221793e+00 -1.77487727321000310e+00 0
-6.01749444413187362e+00 -1.62893497357214007e-01 0
-2.15271420688097992e+00 -6.13848199894672208e-01 0
1.09533616285365309e+00 4.74464580133336922e-01 0
-2.14330806811116581e+00 6.06855260852553613e+00 0
3.27710005240196400e+00 -1.31440003157151097e+00 0
1.31235546432673100e+01 6.75940233336074114e-01 0
9.80550800349535456e-01 6.01399174032535289e-01 0
-8.86404742688406166e+00 -3.77205009775895306e+00 0
5.07863529314305784e-01 -2.77940933334223184e+00 0
-4.51362561748342195e+00 -5.26148369111502312e+00 0
-7.01007897025298199e+00 8.89853637425871979e-01 0
-7.40781243260979938e+00 4.25626788707917303e+00 0
-2.91841127706575110e+00 1.01214346736988703e+00 0
5.70760646216766521e+00 6.70098781891319906e+00 0
-3.35554075759137893e+00 -1.01910481586476394e+01 0
-1.01893384271634302e+00 1.05170631952162208e+00 0
1.37872490060838206e+01 4.24351865889960411e+00 0
1.67687444986869294e+00 -1.92268240409292090e+00 0
-3.54005257132774420e-01 1.61230816681699207e+00 0
-8.94040113859820451e+00 -4.61480509996447097e+00 0
1.17662882613048794e+01 -8.42923530138928712e+00 0
-4.50827880080161858e+00 4.76271276150988943e+00 0
7.16977121578959986e-01 8.20132334566599286e-01 0
5.11036502749401489e-01 1.06942314018232199e+00 0
-2.01623265351134506e+00 -1.23601332090476190e+00 0
3.11807813845733417e-01 -1.53058038685129594e+00 0
-9.46967537021560446e+00 -3.18704410281442518e+00 0
-8.68410390961490863e-01 1.86138366812068989e+00 0
6.85961128711917612e-01 -1.54867845540169591e+00 0
2.67948024871114487e+00 -2.48176025263168221e+00 0
9.17405093313935160e-01 -1.85265693443416501e+00 0
5.21414354359111520e+00 -8.91580046375087498e+00 0
6.77939914257358112e-01 8.53340066415598120e-01 0
-1.30518222264198798e+01 4.15581683756853160e+00 0
-3.22963852395352102e+00 2.68710752471522918e+00 0
-1.35215768675964410e+00 1.05283441404342804e+00 0
2.31014979659424879e+00 -4.67905986177412581e-01 0
7.20527821958359205e+00 -3.31183094424976199e+00 0
-7.39724912416399927e-01 4.79079463540479011e+00 0
-5.87345804888370715e+00 -5.21591063778234787e+00 0
1.75624329755144593e+00 5.98293439522800430e+00 0
-4.23904534251174159e+00 -9.85992505971936439e-01 0
-3.92294433229348893e+00 4.15579380895805528e+00 0
-6.89170771613248867e+00 -9.01640028938394167e+00 0
2.82285323529558285e+00 6.00574140458058126e-01 0
-9.71791912059448260e-01 -5.43029422923116178e-01 0
-3.06536374742839790e-01 -9.91380762027631257e-01 0
3.13835991984872908e+00 2.47597761537513605e+00 0
1.87968997691708295e+00 -7.30025730540843742e+00 0
1.43805652918205098e+01 1.86966445515678803e+00 0
-6.14253020130013261e-01 3.45523130533941680e+00 0
9.92079030289918729e-01 5.15185757631946828e+00 0
1.16768989233652909e+00 -1.44723663094175894e+01 0
5.99804220878844330e-01 -1.24204685500188705e+00 0
-5.30433831875559592e-01 2.27968386584177196e+00 0
1.13398338183981795e+00 -1.53109628046974411e+00 0
-1.73878950103141194e-01 1.02287030495710707e+00 0
1.33300610152063403e+00 1.13940040834525096e+01 0
-4.02390189308083102e+00 4.59469229844146643e+00 0
8.75562496029863979e+00 -6.61186093967858302e+00 0
-7.97348028008337262e-01 6.24197739716185485e+00 0
7.08947495035849862e+00 -7.64651701028700703e+00 0
2.97623074744883009e+00 -2.53417647724195305e+00 0
4.09780734039266559e+00 1.24353705582616705e+01 0
3.49497872598640003e+00 1.32386680393790392e+01 0
-4.35241842012304092e-01 -4.05912300429827777e+00 0
-2.82171833222212687e+00 1.90297643636313807e+00 0
-6.91223555311344118e+00 -6.91309756302688694e+00 0
2.07453381768014689e+00 -1.01453818583868993e+00 0
-2.90286114108105897e-01 -1.78491667561470102e+00 0
-1.83116590843383498e+00 1.71288727094811111e+00 0
-5.47747482391929541e+00 -8.07706014936399441e+00 0
4.53482718571140797e+00 -1.50984293910080702e+00 0
9.93069799103334816e-01 1.00883699242039104e+00 0
-4.48138913845593179e-01 1.88185394667770911e+00 0
-6.70667280743602756e+00 4.68375914579202668e+00 0
-1.17334544037362809e+00 1.20525394310726397e+00 0
8.36582487629791594e+00 -5.05794681740472818e+00 0
-1.13730710139306090e+00 3.35490698977880708e+00 0
-8.21192449764247989e+00 1.06771876544007203e+01 0
-4.04460638134454076e+00 -6.16987869989999727e+00 0
1.99718019121432500e-01 4.98147522172505042e+00 0
-5.55362226650274682e+00 -1.27687711326581993e-01 0
5.99963120539368777e+00 -4.82992313019252162e+00 0
-3.14518307898248617e+00 2.37264739652026879e+00 0
3.00697708240151895e+00 -1.61797596829749391e+00 0
-2.54611049785473309e+00 -2.20422869762793594e+00 0
-5.65647477969221057e+00 6.42059829317353792e+00 0
8.01034371775066534e-01 1.05604727002979404e+00 0
1.02586618770022997e+00 9.04876315887434779e-01 0
-2.34559697474345219e+00 4.24528110349530685e+00 0
4.14137701982175788e+00 -1.05447237741126099e+00 0
-1.21260155868503805e+00 -1.16371555936575399e+00 0
3.04369755378961315e+00 2.96102833501901974e-01 0
-8.48703662831366934e+00 9.14327510183184700e+00 0
-6.95863445826980342e-01 7.61994768130970113e-01 0
1.17784289613957305e+00 -5.47400144107444042e+00 0
1.21975780536096501e+00 -7.27893174700953693e+00 0
-1.02912995088601411e+00 2.80978366682986813e-02 0
-2.17504562481426511e+00 8.37273638062874803e-01 0
-1.20370850105415306e+00 4.51857628097172892e-01 0
-5.31594488009277527e-02 1.42126864287048105e+00 0
1.51574198411720995e+00 1.92995705409931695e+00 0
2.27055363458017800e-01 1.39607996612130703e+00 0
-4.30436980806465908e+00 6.50086469987622717e+00 0
9.27407533993970645e+00 -6.25656069949443161e+00 0
1.37547589481350108e+00 -1.32655305236340593e+00 0
-3.96162333344403983e-01 1.36247678643305292e+01 0
-1.86990207409782294e+00 3.15461678223405695e+00 0
-2.61394949553593081e+00 2.43666131891483495e+00 0
-1.29812165143885103e+01 -6.38260299720473601e+00 0
5.14369394413617709e+00 5.79290746062883777e+00 0
-9.96659400546496266e-01 -2.57835186557938578e-01 0
-3.26088344939244479e+00 -4.32348634817693422e-01 0
2.02853501472211795e+00 -1.83530930143443993e+00 0
-1.07700686409426605e+00 5.16372799870756682e-01 0
-9.64684561337827540e-01 -1.62981083222542300e+00 0
-1.67583686489258699e+00 1.98499235948704600e+00 0
-1.19154121868170808e+01 -3.52052804463473379e+00 0
1.13046063908666401e+01 5.77066268030182261e+00 0
-9.18968777863199016e+00 -5.01855341426178558e+00 0
2.36674127782504906e-01 -8.90765382651621174e+00 0
-4.77740295477377241e+00 8.65194479759702340e+00 0
-1.13680570810726191e+01 3.58462043959823307e+00 0
1.70933350574780207e+00 3.32854646464534021e+00 0
5.20282264622555668e-01 -9.53203912337384551e-01 0
-1.11059114503513801e+00 -1.75757363024639290e-01 0
-9.96724994868787517e-01 2.68169449844485497e+00 0
-3.33027091999209679e+00 7.50530990524434660e+00 0
-2.19615923624569803e-01 1.10681146122526197e+01 0
1.37837594511631991e+01 -4.55440448776775320e+00 0
-1.12379577685721599e+00 9.22872386825492441e+00 0
3.90974017864509493e+00 9.47682039249111097e-01 0
-4.82975757418577523e+00 -1.14980066921922797e+00 0
9.76706519018053720e-01 3.43308067051696475e-01 0
-5.04457653147046958e+00 3.33789682781858899e+00 0
-1.07836807753637198e-02 3.63798999161618397e+00 0
5.78171255675827478e+00 -1.59276140766655994e+00 0
1.02593120261952397e+00 -4.64445619867873205e+00 0
1.80732673221954104e-01 -2.13644810288939802e+00 0
1.13115386939314200e+00 -1.01083730752405110e+00 0
-4.77409895853051403e+00 2.09425484761988412e-01 0
-2.22473166265134381e+00 -1.01058689524777201e-01 0
-1.49288912988514710e-01 -1.19437377907262010e+00 0
-1.13762962251268096e+00 -4.98214670210133104e-01 0
1.12190917219252495e+00 4.14279690931476596e-01 0
-1.17948699896408304e+00 1.07015144445994706e-01 0
-3.91950152881720015e+00 -1.14281156518448892e+01 0
-6.54219935527100782e-01 9.67070032171739413e+00 0
-1.23360649079263407e+01 7.48746812294036435e+00 0
-1.91942746399417596e+00 7.41873694152751617e-01 0
-2.94072528994344395e+00 -6.58434907933547020e+00 0
1.07074893299749991e+01 5.84226946424067872e+00 0
1.53847140462998500e+00 -1.89842584239374390e+00 0
-1.84305403385574995e+00 7.93432914761584174e-01 0
-6.87432640190232558e+00 -1.72269855834841001e+00 0
6.38421331505733325e-01 2.73580668059055787e+00 0
6.69943166091047315e-01 1.67956157859952904e+00 0
-2.11606616502557499e+00 1.12051522639166401e+00 0
4.52923283285439293e+00 5.15862536226414381e+00 0
1.24267329248576197e+00 -1.18293239086472199e-01 0
1.64275184579936906e+00 -6.31889318796118893e+00 0
-3.11087731251452793e+00 6.87352585828718787e+00 0
2.43402205278345196e+00 3.53188782315480509e-01 0
2.20875513520435707e+00 -2.02413836691568783e+00 0
-1.07043187744346202e+01 -1.86621008611361106e-01 0
6.62395707768229780e+00 -3.80463468679264016e+00 0
9.80594019616748369e+00 6.23385162951851424e+00 0
-2.70146152079929713e+00 4.69945231397199403e-01 0
-1.55941824293165210e+00 2.81967230528042379e+00 0
1.91756482240838300e+00 -9.51868639563548391e-01 0
8.29983226940922192e-01 -7.90702380935940496e+00 0
-8.71520998355706844e-01 7.09444900138389012e-01 0
2.50742362042416123e-01 -1.30678669344874798e+00 0
-4.78154287920674559e+00 1.00331408861913793e+01 0
-6.29800363499992066e+00 -4.56991859843891923e+00 0
4.31633198141566066e+00 -1.65688267332656403e+00 0
8.05133641184663129e-01 -2.36812887957744600e+00 0
-9.92444541926491008e-01 -9.73281654580353428e-01 0
-1.03372777350327905e+00 1.30956578576626503e+00 0
-7.03223702362458614e+00 7.74703897262184160e+00 0
-1.47203266652577391e+00 1.67788526171520003e+00 0
-1.65576872460063501e-01 2.85577429798060711e+00 0
5.63171425615966448e-01 1.05354157720413011e+00 0
-9.96007758247131836e-01 6.78447173685509330e-01 0
-1.30364675095930194e+00 1.20472596186766996e+01 0
2.52553930970579987e+00 -1.05612522807548803e+01 0
4.22119843525895000e+00 6.32683367404187269e+00 0
-1.02870662079337691e+01 4.94560516707269393e+00 0
-6.54064326211050595e+00 1.29940264442532296e+01 0
4.32899565112217388e+00 6.72623062678089489e+00 0
2.01925313535824413e+00 2.38869059438847509e-01 0
-7.16824738137477890e+00 1.78143438107257501e+00 0
-4.60961080600384571e-02 -1.35246010651172099e+00 0
1.23255776391886904e+01 3.05611116586734699e+00 0
1.80330708297698306e+00 -1.19107672565126310e+00 0
1.21254354189937397e+00 -9.57173651875801212e+00 0
-2.25357576181298880e+00 1.34147606421162298e+01 0
-5.09280977916241806e+00 2.43788634159652817e+00 0
2.06162190534052187e-01 -1.00971261611237395e+00 0
1.37169796004117694e+00 -5.98909586327681165e+00 0
1.43160505503657198e+00 2.16702005824490307e+00 0
-7.78096679446759865e+00 -5.68747849431721075e+00 0
8.12648713962719871e-01 -1.55111737653799908e+00 0
-2.36728132970250610e-01 -1.51453304460443405e+00 0
3.03197043240938102e+00 4.85133980269393028e+00 0
-6.27554830635353866e+00 -5.25131993014906762e+00 0
-9.76810489862284914e-01 3.54932925983285907e-01 0
-2.06111287624614992e+00 -8.17162866344557925e-01 0
-9.97993528257175022e-01 -8.79893267570215265e+00 0
3.07520522426824705e+00 1.20445913941667992e+00 0
2.80247813798252210e+00 -1.53636586062517311e+00 0
-1.11126942724641298e+00 3.51530969330214793e+00 0
-8.57933838241816682e-01 -6.82770071294307002e-01 0
-1.03192696880438595e+00 3.77856308603315005e+00 0
5.61479771933773097e+00 -2.92552104518642819e+00 0
8.06344527105947728e-01 8.75797392969015154e-01 0
-1.08748002561236401e+00 -9.66720979929553137e-02 0
3.17911584880118880e+00 5.57681607427500392e+00 0
-1.23640900993696201e+00 1.48426044321758610e+00 0
-7.89207910045391703e-01 2.43108659878122380e+00 0
2.65257446395834506e+00 2.91680156940859892e+00 0
1.35698530498736307e+01 -8.42536064975337839e-01 0
9.67933366567216291e-01 -3.42784659978542516e-01 0
7.54958783435256464e-01 -2.23081864193022295e+00 0
-2.56702874903906975e-01 -5.01133150280328810e+00 0
-7.63326762860613961e+00 8.37223092797706059e+00 0
-4.03235712862525464e+00 3.89793109909242697e+00 0
-1.64245764583746001e+00 5.43489236355994332e-01 0
8.02341232636259227e-01 2.38253597885304513e+00 0
1.49431750879278902e-01 3.37696966385271802e+00 0
1.55486409624238597e-01 2.49692457904155107e+00 0
-1.24656172216900396e+00 -3.68628427985743912e-01 0
-8.28230008568397835e+00 -1.11421474535892595e+00 0
2.85175448182304381e+00 -1.36367797275529590e+00 0
-1.09314862385893008e+01 9.57214471752238438e+00 0
2.74184158940715017e+00 4.54673295879429007e-01 0
-6.01937806151892385e+00 -6.96200360049905242e+00 0
3.21072695135899089e+00 9.34228985263165890e-01 0
1.39053402415770511e+00 -1.88889496096454002e+00 0
1.76129342127661899e-03 -2.60895784928571084e+00 0
5.98503479317777476e-01 5.84379077236927369e+00 0
1.33116075643438303e+00 -2.76592303057015376e-01 0
1.87840582524275601e+00 -2.08917856186593598e+00 0
6.36508565678119442e+00 -1.04410235404658702e+00 0
-2.39376234971014590e+00 2.21842214574350494e-01 0
-1.39533128976300702e+00 9.71035444948228799e-01 0
-1.94244888300560103e+00 -2.94243868248326113e+00 0
-2.51369759001305493e+00 1.95589969022138299e+00 0
-1.78578434205550796e+00 3.01565476582641101e-01 0
7.10713542162065615e+00 1.17477464966903202e+01 0
-6.46323939742174680e+00 -7.62573577439677930e+00 0
2.42649314730249310e+00 -9.26925549064234855e-01 0
1.06259348363339989e+00 1.18463680798305404e+00 0
-1.05709500807101300e+01 5.68802664685211035e+00 0
-3.58167007593062581e-01 -4.52302790638927910e+00 0
4.75122376889662912e-01 7.05048967489033096e+00 0
2.81452145619695981e+00 4.45454561615763023e+00 0
4.14650992464339385e+00 4.43301212346135465e+00 0
-1.86989281090468107e+00 -7.42837164240165548e-01 0
-4.64116072070985197e+00 3.43257207067989079e+00 0
-6.85096138161647428e+00 2.26047215516163602e+00 0
-8.64076619800980694e+00 -5.98154260993468578e-01 0
3.59742451724210310e+00 -2.46771946951764409e+00 0
1.43073282940709201e+00 -1.57721803059078702e+00 0
3.02945308366565014e+00 1.63011428883814191e+00 0
2.26320600570885322e+00 -1.05849388960687407e+00 0
-1.34950276968269600e+00 -8.22642900752072248e-01 0
2.71997834345390599e+00 -3.22538693408224697e+00 0
1.42946157158664211e+00 -2.13427755915526207e-01 0
-1.29194540430525295e+00 1.26868011922040402e+00 0
-5.49277077970728000e-01 9.77971546505266631e-01 0
-2.73884236337368980e+00 -1.33063244814752100e+01 0
-1.89099331033639895e+00 -1.42852602539446605e+00 0
1.59530021128240690e-01 -2.25450903219094778e+00 0
-7.34779911702008293e-01 -7.29754237099083602e-01 0
8.80290927182798555e-01 1.53530275649261605e+00 0
-5.40932476771429283e+00 1.09966603046371403e+00 0
-1.41258619539957797e+00 1.44518875937611591e+00 0
1.25590019858345991e+00 1.72606359026742395e+00 0
-9.61519549630550507e+00 -2.72550110274118085e+00 0
3.97807492168916810e-01 -1.52961800144933502e+00 0
-1.59462559550177296e-01 5.11282088666996071e+00 0
3.16888158784473095e+00 -2.83448923220786186e+00 0
-3.43778458091679118e-01 -1.16398730876436094e+01 0
-7.09786958503268028e+00 -5.24891916646400158e+00 0
-1.19482441430936803e+00 -1.90087647985889313e-01 0
1.02213283165180302e-01 -1.20116296074166495e+00 0
2.61223047805033484e-02 -1.44824684390885206e+00 0
3.91349645519253997e+00 -1.18363677763723700e+01 0
-2.89737905335872004e+00 6.42972355170076781e+00 0
3.09526388252309914e+00 -6.81570899635027505e+00 0
-9.12607226996788867e-01 1.16134301482874891e+00 0
-1.27982973570588010e+00 -1.75082700965084204e+00 0
7.80147065323419486e-01 7.73409554654686970e-01 0
6.41940707389724796e+00 1.09557080072070701e+01 0
-1.97810683462565606e+00 5.18084501018386057e+00 0
4.03456746153478640e+00 4.88011062185215483e+00 0
-6.83777728795470541e+00 -5.64452893977912407e+00 0
3.48024483340356605e+00 -7.27240562331568086e+00 0
-2.83691181301570383e+00 6.19053457197583534e-01 0
-1.72683902290641189e+00 4.20330773843169581e-01 0
6.91328813164625888e+00 7.90650512005186012e+00 0
3.51628627177354902e+00 1.09469134425630310e+00 0
-6.02708408077376934e+00 6.07198463892911811e+00 0
2.18234256513598801e+00 -4.68858115050079169e-02 0
-2.71646771215981520e-01 1.62261360213759209e+00 0
-1.24582094852852010e+00 2.19151310918100384e+00 0
6.79409870328225374e+00 -4.52086360205312943e+00 0
3.66653644199293005e+00 -3.76075979426493801e+00 0
1.22926372429895903e+00 -1.08784291857571702e+00 0
9.11594390973298307e-01 -1.02708124586483907e+00 0
-2.74373683485711295e+00 -7.72611918271966758e+00 0
-8.98030154354128562e+00 1.01783389315591908e+01 0
1.29964892798762293e+01 -6.46831265508208642e+00 0
-2.64083455985361093e+00 3.95774461122191479e+00 0
-2.10528927402687316e+00 3.01496756496305807e+00 0
-2.80830855632076704e+00 4.66085503756576269e+00 0
2.82747674998611087e+00 3.54651927056759020e-01 0
3.14294072779938105e+00 -3.53748853563409793e-01 0
-2.98357630412869002e+00 -5.79659987418731260e-01 0
3.97774955001855712e+00 8.24235386821907667e+00 0
-7.31245458427771844e+00 9.13617060260702729e+00 0
5.25797019193931847e-01 -1.09404317804004592e+00 0
6.53529809882440249e-01 -8.01710348671890394e-01 0
-4.69006281830135130e+00 -4.67679945013183840e+00 0
3.07426952989725610e-01 -1.34880679396152692e+00 0
2.68035279630202705e+00 -3.98489121635683619e-01 0
-1.32468095918341811e+00 2.10382027296809593e+00 0
-3.64969066228184680e+00 8.79686036887349587e+00 0
7.46544842533444086e+00 -1.56464208152121392e-01 0
1.92382135811800703e+00 -2.29440238639099903e+00 0
-1.46702612437782598e+00 4.32730444093533606e+00 0
-1.19363866966968608e+01 -1.83039857898588210e+00 0
6.30262677371833391e+00 5.13455193307950780e-02 0
5.25739028215759241e+00 2.14243973638064800e+00 0
5.08290443613174059e+00 -4.73290051900633824e+00 0
3.01869431503318308e+00 -1.92562274475460504e+00 0
-1.27196751567836497e+00 9.45055113894997412e-01 0
-6.34005310810423595e+00 2.44710266140663579e+00 0
1.22649449096558005e-01 6.70345856145860974e+00 0
-3.78373933072469332e-02 -2.15467000758833116e+00 0
-2.24421665508894808e-01 -3.73290108603032689e+00 0
-1.12782922079903791e+01 -5.25021698852948138e+00 0
-9.94680287082135073e-01 6.98031649810177601e+00 0
2.72094923466637717e-01 4.49298328987450013e+00 0
6.85526358572825156e+00 -5.90538340445831000e+00 0
1.19438097883725902e+00 -4.37588443821870676e-01 0
2.14195082853339702e+00 -7.51046418120327464e-01 0
-5.36453556256051201e+00 -4.82101839600343940e+00 0
1.46035808238980713e-01 3.09282476066788004e+00 0
-4.22251026866008239e+00 1.00653126263128390e+00 0
-7.18903274216654165e+00 2.12027120667724001e+00 0
-4.12401635340970874e+00 -1.34900286662123903e+00 0
1.72517083487971989e+00 1.35866526474309008e+01 0
1.12075375324310511e+00 -1.23044534205589295e+00 0
-7.72154158069467744e+00 1.77644667705070392e+00 0
1.14784538167596999e+01 -4.64089822507322403e+00 0
-1.64268680871511408e+00 -1.36079056939612801e+01 0
8.44179315627628268e-01 2.00632632999965521e+00 0
1.06876691792589096e+01 2.34132109654857912e+00 0
-1.15239801765739602e+00 6.68900942137609089e-01 0
-1.65649677550607999e+00 5.00001293952834658e+00 0
-3.51525477786421892e+00 -5.18095354041384581e+00 0
4.78087810508369504e+00 -1.15636976668765801e+00 0
1.01134613869568102e+00 -1.70150772090433211e+00 0
-9.00600387837754468e+00 2.22543802815703184e+00 0
1.19588777844083904e+00 -8.58032905787468880e-02 0
1.26223941593636102e+00 8.11442391738402491e-01 0
-4.75724657723789779e+00 -1.01088075550640095e+01 0
9.47140137312944219e+00 -1.01156229889740992e+01 0
-8.34535595804529517e-01 -8.63425681673057555e-01 0
3.48582940584065204e+00 -1.84921408963143197e+00 0
1.99483903026511511e+00 2.74686234280787911e+00 0
-1.00291030242395807e+00 7.90779676418248201e-01 0
1.05896405663620596e+00 -4.36743083970756718e+00 0
-3.63315334159084280e+00 -4.81850125757105996e+00 0
4.08420423515527098e+00 -1.60353149578337306e+00 0
-2.02012880984362297e+00 2.69484246472634981e+00 0
-6.15337391311572990e+00 3.05858942142910406e+00 0
-1.06065565310709307e+01 2.50285629271166910e+00 0
4.63419284579354862e+00 1.64600684609407688e-01 0
-3.52965415829857498e+00 -3.06610077405207404e+00 0
4.56579046452456883e+00 -2.74596261221683191e+00 0
-1.37038322696548693e+01 4.48457994202056831e+00 0
-7.74942133738610095e-01 1.02972823841976902e+00 0
3.07787714974330884e+00 -1.47009704621338511e+00 0
-7.32804961154995382e+00 9.97339111343031171e+00 0
1.37611679596279002e+00 -1.47134248020227298e+00 0
1.59673643534893106e+00 -5.66919612473107515e-01 0
1.42896673544877295e+00 -2.78785213171714785e-01 0
1.15694140694628489e+00 2.09933803875784197e-01 0
-6.93808817036689174e-01 1.23184232403885696e+00 0
-1.07944961339497691e+00 7.39254883953275654e-01 0
4.71713550710995921e+00 -3.97263160453205710e+00 0
2.30348593265552104e+00 -2.53812373101354405e+00 0
-1.82314430392927296e+00 1.17648512868566901e+00 0
5.87276301841030191e-01 -1.02472523554963391e+00 0
1.15445220758890006e+01 -7.23398747331254732e+00 0
-6.41234690263807661e+00 6.48434339532890203e+00 0
2.87693888264874698e+00 2.70567214936457079e+00 0
9.87283747540357443e-02 3.90065921920457592e+00 0
1.09755894475283311e+00 -4.18095720958143124e-01 0
-1.52457742585953793e+00 4.41013071705973703e-01 0
-5.76309628312550082e+00 -4.25057294490399773e+00 0
-1.95556377749259491e+00 4.67376173379767390e-01 0
-2.72332816551609813e+00 1.10744495865276296e+01 0
3.29091878864387022e+00 -1.27805449444646002e-01 0
-2.13563693763126716e+00 2.56940359768343596e+00 0
-1.34238650992447806e-01 2.15189961109477013e+00 0
7.81884185774776874e+00 -3.51407264748807879e+00 0
8.60856630530390987e+00 7.67230371621698048e-01 0
8.83690867472850528e+00 1.15046378152143092e+01 0
2.64005725825072313e+00 2.32000887064491979e+00 0
-2.94592562691850013e+00 -8.34790020752912976e-01 0
2.46183844154935993e+00 7.95275091317281579e-01 0
4.40677208270990128e+00 2.05304184925585609e-01 0
-4.92096365830508820e+00 -7.41162056774562927e+00 0
9.47160337611628123e+00 6.72317818023842317e+00 0
-1.20907987651214510e+00 2.48949477673409587e-02 0
-7.80631238907619363e+00 6.56352855924813205e+00 0
-3.78509140625795382e-01 1.07174506730653807e+00 0
7.02493257010108896e-01 1.37200559744032304e+01 0
5.73734386733143609e+00 -1.14318156108237208e+01 0
-1.19664133891916191e+00 -7.50204460305649024e-02 0
1.52177881020028005e+00 -1.72857239183697109e+00 0
-7.34471271731696707e+00 -2.65534592047275408e+00 0
-7.46560134262947539e-01 -1.04989438055977793e+01 0
-3.87112564504383494e+00 3.71929708116037583e+00 0
-3.79692091266994902e+00 6.88857920349562658e+00 0
1.04453487550402402e+00 -3.36070559758960608e-01 0
2.66147221254726096e+00 -1.42138540826106698e+01 0
-2.25095456247148912e-01 3.27278106256484902e+00 0
5.12452041600519070e+00 -2.87399966303541410e+00 0
8.45570820988685301e-01 -1.10841273346114910e+00 0
4.76236713760966257e+00 -3.47664825803649213e-01 0
4.17214334559187994e-01 1.05507483812922609e+00 0
-5.60683576943016071e+00 6.51916574701665752e-01 0
6.62760164871791457e-01 1.51655880652516695e+00 0
1.88472477286608697e+00 -5.99061982225385981e-01 0
-1.69457569140116493e+00 -1.38459463173866704e+00 0
-1.03374139815125399e+00 1.86824082943625802e+00 0
-3.77366451913481615e+00 1.17080493275845399e+01 0
7.72479926104896464e+00 7.71376406147561777e+00 0
-6.38504241673072848e-01 -9.84525220470797380e-01 0
3.87159450353956214e-01 -1.02425623095023210e+00 0
-1.45823889124105399e+00 2.09969123126960804e-02 0
1.26632561144846600e+00 4.33989205133411216e-01 0
1.82666836841452196e+00 3.93519129434008885e+00 0
-5.67448310048323368e+00 1.00979843774903504e+01 0
-2.05525678676434120e+00 -1.83380911328755891e-01 0
-3.33546059572877085e-01 6.28265710526801691e+00 0
-4.90433957438721591e-01 -8.09691351552557492e+00 0
1.21882382240301794e+01 2.36750384682853410e+00 0
7.95481231711800740e-01 1.26691846652413598e+00 0
-1.33555706944330197e+01 -2.52904084645647220e+00 0
2.24206031118872806e+00 1.52843499247168602e+00 0
2.22242277262819821e+00 2.31945818796234882e+00 0
-4.09335737141727396e+00 2.43719038016485889e+00 0
6.28706117265809006e+00 6.66622271837124103e+00 0
-2.00132807917925293e+00 3.17501935366839683e-01 0
1.12958269223010195e+01 4.18057503801976704e+00 0
9.26056363004242739e-02 -1.65979272841293790e+00 0
2.13922388122385199e+00 7.23273770871105004e-01 0
-8.73517262804698991e-01 5.48717596760995519e-01 0
-6.39040228237163110e-01 1.13121825438028001e+00 0
2.67119969119910294e+00 6.73902381020039853e-01 0
-6.87453581561563998e-01 -1.16466149671958097e+00 0
7.91704099390610927e-01 2.94806388572308720e+00 0
-9.90070001205120498e+00 -4.38378458892420486e+00 0
-2.37631047182022215e+00 1.85212766141813501e+00 0
8.32765410375657322e-01 2.58549960624889819e+00 0
-1.29635721483361399e+00 -5.52062993315559636e-01 0
2.21303599084094893e+00 -4.58305867844535086e+00 0
-6.29730587966723387e+00 -6.28793479694849911e+00 0
2.46359565973739780e+00 1.64109671065238105e+00 0
5.03158537487165214e-01 -2.66034374288495590e+00 0
-4.66096011961620693e+00 -2.41164560004979078e+00 0
4.62248645550032844e+00 4.36698096277845060e+00 0
5.75961856231967229e+00 -6.92748131726521166e+00 0
-5.79400235130486863e+00 1.99438812607872301e-01 0
-1.54995415786335089e+00 3.54044337999745906e+00 0
3.39888071173377326e-01 -9.71330654904202784e-01 0
1.16636991416137192e+00 1.25742893241056497e+00 0
-1.80961150178967189e+00 5.43561218199443896e+00 0
4.42149671692214064e+00 9.96093471020500054e+00 0
-1.30964409479187394e+00 -4.30641528675448915e-01 0
-3.41285414565831102e+00 3.23606395464114183e+00 0
-1.11018973313116498e+00 5.55963964623376761e+00 0
1.13206350367888096e+01 -1.51913139927681695e+00 0
-7.25266019065608947e-01 3.33276076895457019e+00 0
1.08642090767640003e+01 2.80243712483573981e+00 0
-7.73988183699434540e+00 -8.49842008871974475e-01 0
1.17922398857550892e+00 5.05241207582092944e+00 0
7.45541653942482840e-01 3.77739972828830783e+00 0
1.03476333199986592e+00 2.86974179526935602e+00 0
5.40170764865551334e+00 5.29626470208889799e+00 0
1.05253937840282208e+00 -4.55595736388209993e-01 0
-8.78257429786728494e+00 -1.47997452766581694e+00 0
-1.14707442369950496e+00 2.90762266849903694e-01 0
5.78981488263397193e+00 7.27558930308155194e+00 0
1.04381723084083102e+01 3.59284596361518815e+00 0
8.30246166822584541e+00 -9.12385141292442370e+00 0
1.74483176346094393e-01 1.12821134084952890e+00 0
8.60538270117608128e+00 -1.05974225932012605e+01 0
-8.04037946474887577e-01 2.69566201355142221e+00 0
-2.44895426893005119e+00 9.38056139609341755e-02 0
-3.91224334771678117e-01 -1.30663292307145396e+00 0
9.53617497642857082e-01 6.88654609465966239e-01 0
-1.15370241484944600e+01 -2.54612430797940403e+00 0
1.94653069940519896e-01 -1.21678963488290903e+00 0
3.67533080990733918e+00 -5.56225318622453635e+00 0
5.85209976912740260e+00 -1.05577508725774694e+00 0
2.37618968003092013e+00 4.98176154824905826e+00 0
-1.16972126664769993e+00 -1.10150502118172205e-01 0
2.66060977196026283e+00 -4.03278793319720386e+00 0
2.78859305607903796e+00 8.67369423863361688e-01 0
-6.10116686859388224e+00 1.73333473241105107e+00 0
-1.19780533953489310e+00 -4.15803373158836420e-01 0
-4.88110573782766544e+00 8.15170562443908686e+00 0
7.57933497822078639e+00 -3.22666856443625516e+00 0
1.29962834607180699e+00 1.31308562442101606e+00 0
4.01955336792117635e+00 3.88878127677272900e+00 0
-5.26909550675235927e+00 8.80746513405442855e+00 0
-1.26929863506694995e+00 -2.53983639971188113e+00 0
9.30123179090344809e-01 -2.20165993697324014e+00 0
-2.55092779548440296e+00 2.19977636752877892e+00 0
1.66455206839527103e+00 -1.87470667921595502e-01 0
7.52663606273987207e-01 -2.63604289820306414e+00 0
-2.28545728089860312e+00 1.11482118624342194e-02 0
1.45693920509569708e+00 2.78075294693543418e-01 0
-5.02549664654224792e-01 -1.01347883393406790e+00 0
-1.58717774714378812e-01 1.37197724044105795e+00 0
4.48766656084418614e+00 3.95672081284100097e+00 0
-2.53619009251015992e+00 3.98064091641136486e-01 0
7.05042885426814880e+00 -1.02520319665303905e+01 0
-2.29054663710440787e+00 2.06953405023077286e+00 0
-2.75665951054526015e-01 -1.38342376524415700e+00 0
1.12281605589030198e+00 2.17842608927890780e+00 0
-4.82793700419020144e+00 1.27490653362353008e+01 0
8.45511671139446896e+00 -5.99454046914668037e+00 0
5.21253977180859440e+00 3.61148252697200078e+00 0
2.20315780994964783e+00 3.90623658718736388e+00 0
-8.87361519108779584e-01 -7.72701327501281621e-01 0
4.02080920226314564e+00 -2.95830162208713388e+00 0
-3.06788787536739910e-02 -1.09124233241624395e+01 0
7.43846369328798840e+00 8.24940709568817354e+00 0
9.88748896016634071e-01 -9.08460482227901345e+00 0
5.45488105373353616e+00 -2.31612420500458605e+00 0
-1.39532787733596297e+00 -5.94471166235770565e-01 0
1.86942307708785993e+00 2.77905837575112891e-01 0
1.03876176047550892e+01 1.60761296355776095e+00 0
5.57873185304307739e+00 -1.44844135096075011e+00 0
-1.45221841674817798e+00 -8.80782529617968879e-02 0
7.67343671206849187e+00 -9.99518628384963037e+00 0
2.12756229317464918e+00 4.56721655393803397e-02 0
5.28065759393495870e+00 8.60572681356814750e-01 0
-2.77143961707546982e+00 2.73924694662869994e+00 0
-2.35564533574743190e-01 2.19333533154327798e+00 0
-1.30048156908695507e+01 6.51772521644387037e+00 0
4.25135178992077378e+00 4.75141358951539772e+00 0
-3.76161752242710423e-01 -1.01883535651030610e+00 0
-9.61245063976408853e-01 1.44710248153821599e+01 0
2.83132796300423095e+00 1.19162349030383297e+00 0
-1.27590091230896192e+01 4.74840164889281180e+00 0
1.15452358299868796e+00 -2.18492609243575608e-01 0
8.48709879817333812e-01 -7.71282152214461725e-01 0
3.70238501889236415e+00 1.02109530811017706e+01 0
1.85494916605149696e+00 3.01789465207401797e+00 0
2.85666965697435415e+00 -3.40475168342910695e-01 0
-2.84143219883885301e-01 -2.41861622214977912e+00 0
-6.45307749799378083e+00 -7.14574833708218637e+00 0
-1.31775134045647202e+00 4.11206343564427357e+00 0
-3.59013948975132413e+00 -7.62657778189212210e-01 0
-1.08017398391696995e+00 -5.13355848041311291e-01 0
6.10717852362446356e-01 7.65230509843970097e+00 0
-2.05685469722737091e+00 2.12035080404646603e+00 0
7.04595540974036361e+00 5.58190349427837784e+00 0
2.11864487678724922e+00 -1.40121359127413592e+00 0
-1.00494488485969602e+00 -8.11327377033332575e-01 0
2.25400383854849817e+00 -1.51777897916250692e+00 0
6.88841350413586184e+00 -1.66039550647280792e-01 0
-1.92157858506321899e+00 -2.23759294958058508e+00 0
1.24863555700847395e+00 -1.30143243141788001e+00 0
2.94731839204658908e+00 7.84447156424435077e-01 0
2.52273231792672803e+00 -7.65620406696836397e-01 0
4.72522347891126415e+00 7.96789237336386069e+00 0
-1.13276934903707502e+01 -7.53221429987681379e+00 0
-1.05848965831222497e+01 3.91322796612211787e+00 0
-1.44806741350232593e+00 -5.02918865130366100e-01 0
2.40825740828014290e+00 -9.30744812317470149e+00 0
9.63031798271457684e-01 -5.49066392104233469e-01 0
9.20706947844684320e-01 -4.66564707798143574e-01 0
1.23453996931550893e+01 -7.53089775400436601e+00 0
9.46948577108005551e+00 4.36960299366781957e+00 0
-1.12447067525672995e+00 4.01664021541088712e-01 0
1.93772170102762797e+00 -1.94610721872499703e+00 0
-5.21290057758558856e+00 -5.47643211472192082e+00 0
3.97714982336747513e-01 -1.11096972090167707e+01 0
1.55107928604037304e+00 2.13736288320360579e+00 0
-7.74676736816956613e+00 9.31435356579250673e+00 0
-7.98956848129888431e-01 2.12398205684891694e+00 0
8.49504300363840592e+00 2.41344143348418205e+00 0
1.13917575499738206e-02 1.79184784198211999e+00 0
-1.23246778852691108e+01 -6.08668271861880594e+00 0
-1.93069374533161309e+00 1.29764211468150203e+00 0
-2.34112587918533999e+00 4.63160042476291389e-01 0
6.94416200288192398e-01 -5.99771639333704698e+00 0
1.39372231581061601e+00 1.97151236367794191e-01 0
3.08891467140001597e+00 3.06837705471489017e-02 0
3.09934602359286115e+00 6.86828796029544986e+00 0
4.65199927122101098e+00 1.14625214809700693e+00 0
9.49978554001815390e+00 -1.10322029613741499e+01 0
-1.35263747770049694e+01 3.28990565700606608e+00 0
-9.20270068681075770e+00 7.24724845741762724e+00 0
2.09088806501581098e-01 2.69789132611999705e+00 0
3.86401771084326784e+00 -1.15570364325950095e-01 0
2.35370480669683690e+00 3.32667864590414286e+00 0
-1.23149617889387497e+00 3.62606519076470291e-01 0
8.28363919525257941e+00 5.22933639822190344e+00 0
4.89247218202645140e+00 2.14585782269088288e+00 0
-4.66521778724720892e-01 9.15600543972085124e-01 0
-1.69727925570930793e+00 6.73632937156146028e-01 0
1.03617724666077695e+01 1.19227750790333409e+00 0
9.40515045669366057e-01 -4.23557162303433210e-01 0
4.06186308068549007e+00 -5.29356310862519841e+00 0
-1.18668239491135696e+00 -1.03897997884262594e+01 0
2.25135010050247697e+00 -1.76101365505261609e+00 0
3.05721250710107117e+00 -3.42413462505704791e+00 0
3.53086197188070594e+00 3.01218382979139720e+00 0
-1.12680001890862300e+01 -4.72794165885062156e+00 0
-3.29085082903367798e+00 -7.97470765118438507e-01 0
-9.45349029097841576e-01 8.03854799830578060e+00 0
1.65526429507150996e+00 -1.28158751867447895e+00 0
1.93220827022486996e+00 1.37092293789628905e+00 0
1.15568672757889104e+01 1.20965996271940401e+00 0
2.17641624534976419e+00 1.34999749267403102e-01 0
-8.73717350962618378e-01 1.06182997352009800e+00 0
-3.75416367724975197e+00 -8.12276950019936628e+00 0
1.09317693665299998e+00 -1.59764950872269096e+00 0
9.28577015291253277e-02 -2.43152768074053105e+00 0
-5.47130649672586289e-01 8.69515195752517567e-01 0
1.20823047969420805e+00 3.38708807524260372e-02 0
-1.38816278991564301e+00 1.53133464747863290e+00 0
1.28591188026192205e+00 -8.40391195771820892e-02 0
-5.16219541865200604e+00 4.63575906398557613e-01 0
-8.38581777809398865e+00 -2.94441402857138179e+00 0
1.94954021440641800e+00 -5.29681328776213256e+00 0
5.90766704189201697e+00 3.31063677101009413e+00 0
-3.39264956859830491e+00 3.73775162294055985e+00 0
7.35565643586228024e+00 -5.40264739214785461e+00 0
-1.63774375443551490e+00 4.09124012165532014e-01 0
-1.13573828675040600e+00 1.26242588345914299e+01 0
9.40986942140420801e+00 -3.42972113932674283e+00 0
-4.05252740489550511e+00 -7.18785106990677303e+00 0
1.62357284214093012e-01 -1.01366818572262596e+00 0
-2.25412004810850597e+00 3.07393044960039408e+00 0
-4.55808149442134880e+00 8.75044309538860698e-01 0
5.26729620508671470e+00 4.06421629568919673e+00 0
-3.22935442375125614e+00 1.98764801676606306e+00 0
-5.72460052434441202e+00 -4.89577959860059320e+00 0
-1.31682849428032389e+00 -1.29929979161787501e+00 0
-9.85054610577322132e-01 1.61455946092152391e+00 0
8.94099157639431819e-01 -7.34454132396798021e-01 0
3.16147002364651808e+00 -1.74397555768692691e+00 0
-9.89564732742910991e+00 -9.61227287012686915e+00 0
-4.72170624652888815e+00 -6.16491923952924292e+00 0
-3.75676099123274199e+00 -1.55716253467663401e+00 0
1.99607973819338302e+00 5.23363891550206972e+00 0
-1.03515414580541298e+00 -3.45119949914496002e-02 0
5.52891934315859257e-01 1.20496736254438108e+00 0
1.11155542179533007e+00 1.06418697989263511e+00 0
-1.99327764741685409e+00 5.28423297746688503e-03 0
3.41284562554145188e-01 -1.27693300756554695e+01 0
3.74734635828047002e+00 3.84798176346104026e-01 0
-6.47202303095276710e-01 8.77827968660987779e-01 0
-9.11943809049905241e+00 5.33575323823442638e+00 0
8.25577725709051968e+00 9.16859634876614216e+00 0
6.91494986487734553e-02 -1.02562637526948208e+00 0
-3.78950859842368892e+00 1.02180315751985091e+01 0
-2.36969215191326688e-01 1.34655597571147689e+00 0
-5.32801382797785800e-02 1.61159876419755310e+00 0
2.50469046775840409e+00 -1.32178784289449003e+00 0
8.06604674897989815e-01 9.43279425436936592e+00 0
-1.43864328224886795e+00 9.56742333607058271e+00 0
7.18808107718144629e-01 -1.00701611560061499e+00 0
5.14138642942797208e-01 2.14561742399183508e+00 0
-1.01526040111345095e+00 -1.95915528692304802e-01 0
-5.08231023163513762e-01 -8.94279557913710943e-01 0
-3.17232220680927990e-01 4.13604661278913799e+00 0
6.94508136906174389e+00 1.52313205687804998e+00 0
-9.82800657026887947e+00 -1.91831363443280489e+00 0
6.36757922307406909e-01 2.87342846225197901e+00 0
-8.60231145832785593e-01 7.57406271671159725e+00 0
-6.38113735144723138e-01 -6.21409131900506573e+00 0
2.06063161199970413e+00 -3.29987056028239500e+00 0
7.43449163113641642e+00 3.36153922417984008e+00 0
2.00537253571715191e+00 4.01856452112992313e-01 0
-5.08729817526837191e+00 -2.31252557392253300e+00 0
1.26899990577400401e+00 8.28952350874997829e-02 0
1.31907342275317507e+00 -1.18806823128566408e+00 0
5.10418007650958572e-01 -2.04110282989204306e+00 0
3.37473757934974583e-01 -1.15609042139545992e+00 0
-1.24190724962416095e+01 5.69144932214273158e+00 0
1.06426888666328594e+01 2.70486673715444104e-01 0
6.13194414088655826e-01 9.02696381864988795e-01 0
-4.20364363663266616e+00 -2.26160927098390596e+00 0
3.11057555771798100e+00 7.64178223022350878e+00 0
-1.89412773400671797e+00 -4.71625264808046563e+00 0
5.44993933026992217e+00 -5.15617246322293621e+00 0
-1.94637077127839708e+00 2.19553162096921994e+00 0
1.13345760725092704e+00 -1.27936902577823891e-01 0
1.78757908283864109e+00 2.23166199424303002e+00 0
-4.75059409113423303e+00 -6.91731498129572020e-01 0
1.06246269886288802e+00 2.54715771760372911e-01 0
2.27744075139095087e-01 5.65302177376642323e+00 0
-1.24935385923345610e+00 5.46801040579216635e-01 0
1.52006111212603900e+00 9.72545718300349749e-01 0
-5.58563542549968517e+00 -2.53202876469147098e+00 0
-2.07346688262141798e+00 1.44115862198161904e+00 0
-2.73627057949596908e-01 1.08203122539055907e+00 0
7.60946796859110597e-01 2.05653878240596200e+00 0
-2.57564620563454028e-01 1.54977932105265492e+00 0
3.48890537363382913e+00 4.76057938207904741e+00 0
-1.04193359837435402e+01 -2.95648650023650905e+00 0
7.43619704935233461e+00 4.49813423589009265e+00 0
2.07461042317129307e-01 -1.13311313962792393e+00 0
9.47959297601357420e+00 1.66670401813089697e+00 0
-6.20391157804228399e+00 -1.02491639349339199e+01 0
-2.10614598754540694e+00 1.22820684950880405e+01 0
6.57876040681369179e-01 -8.75251705158055282e-01 0
9.74645589409669055e-01 4.60431905346156078e-01 0
5.26642223142052135e+00 -2.18042662259869102e+00 0
-3.05581751110521393e+00 -3.98459290492295892e+00 0
-4.05513777524825925e-01 -1.13319664025230904e+00 0
-5.02323077054957490e-01 -2.49346765896940603e+00 0
9.85703020305911060e-01 -4.99117738034019376e-01 0
7.95004894069459733e-01 -1.24441651742679600e+01 0
1.49621745804737905e+00 6.43026765356227870e+00 0
3.86316967520387600e+00 3.24271024557837784e+00 0
1.35938096621796891e+01 1.42950357625237290e+00 0
9.39720327570067515e-01 -2.58903225875349996e+00 0
-8.20922415520762705e+00 -9.45548473945375534e+00 0
8.58014840416053204e+00 1.06534381768607105e+01 0
-1.90008256601561309e+00 1.97496009216030388e-01 0
9.77396401842320550e+00 -1.21564498232026308e+00 0
-2.22618557230994796e+00 -1.15653001978232806e+00 0
6.58473885449857210e+00 -5.04242877829155667e-01 0
1.08346481711762799e+01 -9.33481282516830047e-01 0
-1.04207637127875397e+00 -9.05105886913170621e-01 0
-4.25095775659605302e+00 3.82057271216279082e+00 0
-2.20375536801533611e+00 5.25664989066978183e+00 0
-5.17238099806413842e+00 -1.28058618153297097e+01 0
1.25450109423839606e-01 -1.11987238802019196e+00 0
4.61236176015170241e+00 -5.73298258176598274e+00 0
2.93605811305151787e-01 1.04713181842318992e+00 0
7.19190873224716420e-01 -1.09894614933800994e+00 0
-5.82510653867953088e-01 -9.05404915624339668e-01 0
3.62694323066279178e+00 -1.26262126703687905e+00 0
-1.12397965085403095e+00 -3.66585408782023114e-01 0
3.21413519291549221e+00 1.12306165338978703e+00 0
1.43323705257295697e+00 5.12642479109958971e-01 0
5.07318715784432239e+00 2.52284637453301297e+00 0
-1.36428368102270507e+01 -3.22848536394911678e-01 0
2.40642064317828197e-01 -2.48478727843807290e+00 0
-8.54487777052945652e-01 4.37316493692476715e+00 0
-1.90861439609279193e+00 1.98080196114387697e+00 0
-1.72297968021621695e+00 2.18250661372833710e+00 0
-9.12980251410451871e+00 -4.15429762804658420e+00 0
1.17097107221829000e+00 4.14624483261243126e-01 0
-4.04558517717516608e-01 -2.64873595524416494e+00 0
-1.75610431403089007e+00 -3.53992939229889281e-01 0
1.63615252688090607e+00 3.92830502818386218e-01 0
-8.45498209123517164e+00 -7.17718914992432477e+00 0
4.05883995039042322e-01 2.02491116756402079e+00 0
-8.99970022324631080e-01 -2.16032525114233609e+00 0
-4.31280443699265381e-01 9.87809323738842227e-01 0
9.18543480881750862e-01 7.34719379816197948e-01 0
-4.41822984783820960e+00 -9.26827052387677874e-02 0
-1.50897027143570295e+00 3.70627529732687311e-01 0
-3.32473380021643117e-01 2.74455915638478709e+00 0
1.50744294503281395e+00 8.52038375821463134e+00 0
-3.65844740917677580e+00 1.99026260808221811e+00 0
-2.07744156454241102e-01 -1.00573772604873191e+00 0
-2.41666611535559406e-01 -1.00418718053131406e+00 0
1.05666098098940497e+00 -6.36085779104293891e+00 0
1.85776186991143989e-02 2.82695862995216007e+00 0
4.77195485813839526e-01 -5.01979245658187967e+00 0
4.19476845182840297e+00 2.35663367012562919e+00 0
2.00507160253088079e+00 2.32457910805234702e+00 0
1.19659256273226000e+00 1.00113519668829398e+00 0
-2.32116340456833292e+00 -9.46708244985704717e-01 0
9.47332465141666191e-03 -1.78316341634636499e+00 0
-1.00768127043916600e+00 5.41560979722914726e-01 0
-1.61131217796374004e+00 3.08767110473900797e+00 0
2.39386935225480890e+00 -1.05425336946836090e+00 0
3.31937565596839201e+00 -2.00392080539095918e+00 0
1.74090628112486900e+00 -8.24228506950515971e-01 0
1.54991566589091301e+00 -9.21448615297737028e-01 0
-2.28357930256988917e+00 2.75628685932689299e+00 0
1.62866846484702094e-01 1.20973832157280792e+00 0
7.22654787475937366e-01 7.40668928133430438e-01 0
-4.92640064485255103e+00 2.88885668345735880e+00 0
3.89003919836274203e+00 6.15313876342019572e+00 0
1.67077164208368600e+00 -1.38293810002092710e+00 0
2.74557418219627591e-01 2.33174177052855081e+00 0
2.89666659439522922e+00 -2.26661213427270614e+00 0
-3.11159671931430504e+00 1.18785889108509002e+00 0
-1.54349777644516295e+00 2.26275408513632792e+00 0
-1.14017286678450596e+01 1.74679812270453194e+00 0
4.27031517054340259e+00 3.00937610230286712e+00 0
5.99337872416978112e-01 8.43563914896097944e-01 0
-3.70395911784157594e-01 -2.19688144089396520e+00 0
-9.13077415134651682e-01 4.67374715164262822e-01 0
3.28730197167764882e+00 -2.35645390667683907e+00 0
3.57917278901857605e+00 1.70953048480150005e+00 0
1.01143665189027998e+00 7.30642358881156473e-01 0
1.39918657452655704e+00 3.06170575914243903e-01 0
8.11555513111348770e-01 1.15920436270510607e+00 0
1.67081865374637095e+00 -6.82316860601610425e-02 0
-1.44713266430134109e+01 -1.27170958376380899e-01 0
2.10503161560790097e+00 -4.39233505706228711e-01 0
5.04288129875588176e+00 6.97971349878969072e+00 0
1.59436642610622004e+00 3.68202661049513802e+00 0
-3.04756939150957695e-01 2.52970245213101697e+00 0
-3.66695474578344216e+00 -3.53940578144520002e+00 0
-1.81510109716282808e+00 -7.24692398141594740e+00 0
-9.42961806374041228e-02 1.88820620472375600e+00 0
8.67444070449309712e-01 -5.58914253983969322e-01 0
-7.73520589562767036e-01 1.73768349970632197e+00 0
-9.13661935021409199e+00 3.00856512661437980e+00 0
-2.94487997462012618e+00 8.94523696385988210e+00 0
3.25879968716030310e+00 -1.07671456152695200e+01 0
4.39059200125477300e+00 -3.67635426936335907e+00 0
4.53959061131908559e+00 -8.82496699842273813e+00 0
-3.42197866901725378e+00 -9.19397224577263916e-01 0
9.98240588457454781e-01 2.27964741573605290e+00 0
-4.67346269405938042e+00 2.44177493344866114e+00 0
-3.61768340110539999e+00 2.90025594179127211e-01 0
2.70093595816263021e-01 -2.10156519938498709e+00 0
4.30752581088481690e-01 -1.30987163815798691e+00 0
-1.39126398811069407e+01 -4.03955129913553179e+00 0
-5.77931032910700138e-01 8.54847238831904943e-01 0
3.00603731206678315e+00 -1.19884469194225094e+01 0
1.30132770782599994e+00 -7.61402864642529043e+00 0
2.09059970872172896e+00 -1.63399912421680504e+00 0
1.08742663150840202e+00 -2.68430489189258707e-02 0
6.28194131842444392e+00 1.76186308021882598e+00 0
8.17257074455489341e-01 -1.04934444693286211e+00 0
7.18545571686299223e+00 4.18753849802474143e+00 0
-5.77268256695540227e+00 -5.86219584480647793e+00 0
-6.17042997720796293e+00 -5.92552871719447616e+00 0
-7.88745628756771899e-01 -6.58491894143316436e-01 0
-1.25643000619687006e+00 -2.55482314000799127e-01 0
5.97538930210168040e+00 -1.03867137557741600e+01 0
-5.90726307829838870e-02 1.09176105475809004e+00 0
3.55194808337236312e+00 -3.26363833588892219e-02 0
7.44780698051839529e+00 6.18555367869308892e+00 0
1.89594148962384607e-01 8.99596292014141419e+00 0
7.87052959884775194e-01 -6.57409666386708613e-01 0
3.92497505985435291e+00 8.72753410485848846e+00 0
4.75578970938318868e+00 7.16699215686888813e+00 0
4.13487874416320711e+00 1.92474446682519895e+00 0
-7.24359913170743841e+00 -1.25661245926905991e+01 0
-7.83349155674588982e+00 7.23953269336238492e+00 0
-2.59271921303296293e-01 -1.30403475549415804e+00 0
-5.43902378334879444e+00 3.57659245884227106e+00 0
8.42757810927299511e-01 -5.84968121909076211e-01 0
2.23647653454839990e+00 -1.15243671235627900e+01 0
1.85362888044264307e+00 -1.28786581244756793e+00 0
-8.05810087244368844e+00 -1.38644365529974700e+00 0
-1.05083434753960603e+01 -1.81644943472280196e+00 0
-7.08167608074736687e+00 -8.16047723588164686e+00 0
-1.26826768897607600e+01 3.22550666879388581e+00 0
4.18062301015957427e-01 -4.67563120831769030e+00 0
2.35223393732670594e-01 1.83451476582677708e+00 0
3.67694745708842685e+00 2.22172041209808402e+00 0
1.18050901608335703e+01 1.82686620924344290e+00 0
2.68113330346319279e+00 1.01025617092662201e+00 0
4.08868402639695105e+00 3.66229769747628398e+00 0
-8.41417905896313378e+00 1.18964325087798706e+01 0
1.38202339830138810e+00 -4.32457575721224396e-01 0
-5.42038530175796573e+00 3.29405207245972109e-01 0
-6.69503901155025893e+00 -1.34879018488622804e+00 0
3.04030755320646007e+00 9.39700906799527003e-01 0
3.01352469572819315e+00 -4.66882534333623678e+00 0
2.52278447778740311e+00 -3.54502494547342284e+00 0
-1.88554467780731105e+00 -2.43947621015617788e-01 0
3.52168164014996021e+00 1.52524415596568291e-01 0
4.95441160233982902e+00 -3.95158729151899812e-01 0
2.33093702231629596e+00 3.62482156289972179e+00 0
1.10211180089565408e+00 4.74029339092881496e+00 0
2.78711699167822591e+00 -2.47032777730177094e-01 0
-2.32511197840681882e+00 -2.90557766467707701e+00 0
-2.01332563860175995e+00 -2.38558904585891796e+00 0
-8.28330290338679553e+00 7.73290844957904788e+00 0
-1.22721468126829691e+00 -2.35519534217195003e+00 0
-1.01914132285720793e+00 4.60491299429512613e-01 0
-3.55073338234702796e+00 1.46120883872410789e-01 0
3.99707535832063476e-01 -1.64994101794495895e+00 0
7.30431526188929592e+00 4.92028418262141543e+00 0
6.97119216959753429e-01 -5.39838929238884457e+00 0
1.49049797336829704e+00 -4.30341196354027122e-01 0
-2.50945303415043108e+00 9.39851103288269663e+00 0
7.36466146579318970e+00 6.74918867564664104e+00 0
3.57762158068619396e+00 -1.10822455754333298e+01 0
-5.73987221920682611e+00 3.48640738017395213e+00 0
-1.81985288832637093e+00 -1.60913212831672503e+00 0
1.64467366011836291e+00 8.48990065647867276e-01 0
-9.40838946482400829e+00 2.09105428877042110e+00 0
7.46078452766390732e-01 1.08386866659991510e+00 0
1.32900912081235800e+00 3.64378643771969879e-01 0
1.01754307874776506e+00 1.55350965417560305e+00 0
1.14482693372569400e+00 7.85658812909732912e-02 0
6.80645444883300232e+00 5.28227478979801734e+00 0
-1.02538931613434894e+01 -3.48433237386048722e+00 0
1.20097913639641494e+01 -6.46678394922880173e+00 0
-1.43157852462997703e+00 -1.86444583080910109e-01 0
-1.54240889490355498e-01 -1.31939963356762791e+00 0
-9.61201501641933298e+00 8.88836951374204043e-01 0
2.35491470716186896e-01 1.00880843450272106e+00 0
-2.60397539017811708e+00 2.47578075885903109e-01 0
1.21412692015101804e+01 6.20916031764295440e+00 0
1.88282322617903008e+00 1.02240128349177106e+00 0
-1.09340798544415296e+01 5.48868041547301400e-01 0
-9.97609429543987347e-01 1.73150869498012705e+00 0
1.35571092781547407e+01 2.32475490113084193e+00 0
6.84422338096724214e+00 6.82190168720713874e+00 0
-7.13714315392506293e-02 -1.14086292496449704e+00 0
9.30154400470762965e+00 -1.00856701349969602e+00 0
-3.52098000492684315e+00 -4.28599275973378713e-01 0
1.15001132874020096e+00 -1.08013719917912496e+01 0
-2.93544444444438479e+00 1.03702451829291107e+01 0
6.03558314978618338e-01 -2.08627033364958203e+00 0
3.86566891847782479e-01 7.92264917450396222e+00 0
-2.43400160762774398e+00 2.63503327939659782e+00 0
-4.97460288399463380e-01 1.12677752646429297e+00 0
-4.12529439532340536e+00 -6.54360313477533406e+00 0
-1.38344786686884302e+00 -2.25685099645236908e+00 0
-1.20506816122752092e+00 -6.12838161946205884e-01 0
-2.30972292997858597e+00 -8.16036497780849968e-01 0
-1.10675693732167606e-02 1.03139278118171096e+00 0
1.23353895312719395e+01 5.64843531904752361e+00 0
3.41382716673620079e-01 1.70939363793971011e+00 0
1.54923422885154993e+00 -1.50487194562320292e-01 0
-6.48404519840215432e+00 5.75189918860264868e-02 0
-1.77680519259599290e+00 3.28723744382000804e+00 0
-1.49815568953473299e+00 7.93303017981851322e-01 0
-4.28563984303753476e-01 1.53308483734858703e+00 0
-1.02185419620364506e+01 8.95539727854595391e+00 0
2.44610225979730300e+00 4.63794960672648759e+00 0
-3.98415469359736707e-01 2.13976735446372812e+00 0
-8.29150702462842171e-01 -1.31506276971455307e+01 0
-9.93503755353614260e+00 1.05620770535428203e+01 0
-1.19961399075728892e+01 -1.78930608172264999e-01 0
-2.50914399757335405e+00 -8.71037886225694713e+00 0
-6.06191575346890676e+00 -7.16271484706949457e-01 0
-1.02053451200287593e+00 -1.14986623736889199e-01 0
-6.55338556433696318e-01 -2.79445018236511000e+00 0
5.41561546407141226e+00 6.46291924042921573e-01 0
-8.18970288518238498e-01 1.05138663788232307e+01 0
-1.35316413239117095e+00 3.12503377122368997e+00 0
4.36485739236871506e+00 -1.15140858555378003e+01 0
5.02624224611617887e+00 2.84560659483122791e+00 0
3.22493909756938812e+00 1.42037470995827704e+01 0
1.42277964417985503e+00 -3.96249404744215883e-01 0
-2.83832448177767604e+00 -5.91766027163069142e-01 0
5.60240922401370023e-01 1.63650623048102606e+00 0
5.60972365967743136e-01 -1.03078138866459792e+01 0
-3.19316904759522013e-01 1.50886575865340000e+00 0
-6.74975213308557365e-01 -8.35404049961914308e-01 0
1.40909237275717003e+00 1.22482918151383191e+00 0
-2.08821206401451587e+00 3.56179141356819913e-03 0
-6.76173701577318909e+00 1.14602131348731504e+01 0
-2.23727022245784291e+00 -6.66028811155077971e+00 0
-2.35828040796198213e+00 5.87545234830023322e+00 0
2.74020210443550694e+00 -7.79901643459175786e-01 0
-8.63350174793469449e+00 -2.25353193280160591e+00 0
-2.25047594805519902e+00 -3.62885781273064190e+00 0
-3.94942212908385581e+00 -2.87595420113334699e+00 0
8.32388985750532440e-01 1.32276717383282993e+00 0
-5.92967976148264242e+00 -4.56718506942747116e+00 0
5.07166729890668844e+00 -5.25099707902347124e+00 0
8.00228782983604248e+00 9.66758390008782698e+00 0
2.97115749297262388e+00 5.21882311321576808e-01 0
1.26419138315020108e-01 -1.53909339027002989e+00 0
3.54651426387401492e-01 2.95139566075565796e+00 0
-6.51556784633273889e+00 -2.90800212669122315e-01 0
1.15442252460901500e+01 6.22233396573871911e+00 0
2.95269182755391801e+00 3.95176488753656907e-01 0
1.90800540247827599e+00 2.00442716938491516e+00 0
-8.24264545678500937e+00 -5.02237450735527080e+00 0
2.12768554805496191e+00 -2.50219878785078009e-01 0
6.38595557989792528e+00 -1.56805484901047709e+00 0
1.72650403704083710e+00 -2.24101045060704607e+00 0
4.35073564374860311e+00 -6.27653877895715606e+00 0
1.35810275515170709e+00 -1.64940472812603400e+00 0
8.24398101049862930e+00 7.18539852632580978e+00 0
-3.16505206524879501e+00 4.34534123492385760e+00 0
1.99837092462787891e+00 1.56440203008114509e-01 0
-2.11194148341937904e+00 3.51398138555592210e+00 0
4.85151369429678603e+00 -8.17770245428613229e+00 0
3.59032695616945674e-01 5.90046262232387964e+00 0
6.27828319538599544e+00 2.48906362454639485e+00 0
3.24287859240053811e+00 1.12118441774194000e-01 0
1.38925408751584700e+00 8.52876080433997708e-02 0
-1.15317650486274603e+00 -4.48118913369694738e+00 0
1.58263339588735397e+00 -2.22191919738521504e+00 0
2.10407511837689798e+00 -7.75372822432885567e+00 0
-3.58108875502535318e+00 1.06716104454420808e+01 0
2.88475626007790797e+00 -2.71466541408319495e+00 0
2.61677698115857016e+00 3.47400576109584014e+00 0
-8.14426963469825793e+00 -2.70736805471212216e+00 0
-4.51163428719979809e+00 -8.07688508746386091e+00 0
6.12512849006051141e+00 -3.48766946304248293e+00 0
2.17101690724171181e+00 1.03496983806336496e+00 0
2.39442289087332186e-02 1.02521671752289900e+00 0
-2.04364880969474516e+00 -7.92227317875525561e+00 0
3.25759640350534996e+00 4.80482902622506203e-01 0
9.88897283919155240e-02 1.06741756617565997e+01 0
-9.78796309205112958e-01 -3.39915714433609306e+00 0
4.07300196467045428e+00 -5.83831225028938583e+00 0
-1.16403531632394692e+01 4.41921940064009267e+00 0
8.01254855998896431e+00 1.12364672087194197e+01 0
-6.13319795113106636e-01 1.46144128006045793e+00 0
-7.51665397581107797e+00 7.90722162561413011e+00 0
-2.13158200139611997e+00 9.83936277404398180e-02 0
-2.01044850412897791e+00 6.56830908031899874e+00 0
1.13030737643454700e+01 -9.02265970789804683e+00 0
1.19806681427316195e-01 1.14775786482622100e+00 0
3.17998744752841489e+00 3.39441181681198023e-01 0
1.83644914359700206e+00 7.16810560222134074e-01 0
2.86269874959087511e+00 -3.54099302819343897e+00 0
7.68660880018315495e+00 2.21995559070615922e+00 0
-1.43565683130686995e-02 2.68122275792947296e+00 0
-1.09384378530026307e+01 4.57730923626938857e+00 0
5.03796224866206233e-01 1.25084174170698104e+00 0
1.69048267354513104e+00 -5.78700684039204716e-01 0
-3.55683834876677374e-01 2.38179106153723197e+00 0
-2.46654513331200098e+00 -5.10644877568895694e+00 0
3.24281435571328291e+00 9.26247536245778846e+00 0
-1.36689791635814899e+01 1.28845565545736696e+00 0
-1.09100887935962092e+01 -7.74494186744575686e+00 0
5.97263201794311982e+00 -1.78057227571809107e+00 0
-3.19776944185828516e+00 -1.42403139916476995e+01 0
2.95136642553262885e+00 1.75694059818897608e+00 0
-8.92295087433027552e-03 2.01240270822402989e+00 0
7.38954183676103860e+00 9.69195539627845726e+00 0
-2.00251164681150584e+00 1.81052141459979210e+00 0
-1.35363593713358998e+00 3.29564674482873388e+00 0
2.93246714760649396e-01 1.19757007816289596e+00 0
-4.77830747536750611e+00 -5.02066947581126666e+00 0
2.78593614177191995e+00 -4.42301692435439708e-01 0
-5.31983198013859226e+00 1.87809529038731804e+00 0
1.06508885154010691e+00 -2.14318489953572694e-01 0
-5.92167784643563877e+00 2.20960333115641783e+00 0
-2.64982720831987084e+00 -4.05765001706276884e-01 0
-8.25236519072676700e+00 -5.76082121303168559e+00 0
-1.42866804400170810e+00 6.85550431771258761e+00 0
-6.84017076686023273e+00 1.67655943559464493e+00 0
8.87399943413240022e-01 -6.84329401347957389e-01 0
-1.52779184162314707e+00 1.29233183076078006e-01 0
-2.56207853051450485e+00 1.42959951843788091e+00 0
1.14282927204878892e+00 -9.01498791486739726e-01 0
-1.65703359508011205e+00 9.70857190618003130e-01 0
4.88042288206546326e-01 -3.23947721482453588e+00 0
-7.99561718771970131e-01 2.00970883024651581e+00 0
4.71206241622324917e+00 -2.51710163780287699e+00 0
2.10592223853410310e-01 4.18070916652330471e+00 0
3.54029381638458807e+00 3.22905157354935302e+00 0
-3.34332857493710289e+00 3.29141885538620227e-01 0
-1.66066742820867508e+00 1.45599010470358103e+00 0
-1.18486867602672596e+01 3.65340905494358514e+00 0
2.16475980458957190e-01 -1.52636538005242106e+00 0
-3.69978821205715613e+00 9.71340475516108137e-01 0
-1.00869179121086407e+01 7.46012815699766296e+00 0
1.58789794818961405e+00 -2.43633862626275821e+00 0
-2.95986327957236695e+00 1.59992600386638295e+00 0
-4.68913445238701687e+00 1.37342279601478303e+01 0
-1.80552935697325490e+00 8.19102126252393781e+00 0
3.04471210787237823e-01 -1.63851994958224600e+00 0
2.77214854993690185e+00 4.92614928357835602e+00 0
5.87035593256931332e+00 -3.09574399825442903e+00 0
-7.29400283088870705e+00 -1.33434715908045498e+00 0
6.60230513256966578e+00 8.27381691790432194e-01 0
2.17119184477407012e+00 5.98384350777579765e+00 0
1.03238194133284900e+00 1.08900135937187703e+00 0
2.40784106419632604e-01 1.21540177887798606e+01 0
-2.29885869199619020e+00 8.81291700699270386e+00 0
1.41634092717484311e-01 1.61365959902554601e+00 0
1.04024284716035509e+00 -9.64637137692655355e-01 0
-3.77941457034051798e+00 3.13171244161499274e-01 0
-3.22288598310970498e+00 3.85401877359102008e+00 0
-6.70066162952819289e-01 -3.38042477363491001e+00 0
-3.11838178063978011e-01 1.94730288598128198e+00 0
-1.10817934346821705e+01 1.23810847180040495e+00 0
-1.18334367889748595e+01 -7.78162882615676454e-01 0
-1.05917708661336007e+00 2.52410084581754013e-01 0
5.03880505801635259e+00 -1.79857066285111911e+00 0
-4.27138561955897433e+00 -7.87929103079396120e-01 0
-1.00138532381774308e+01 4.32228720325060412e+00 0
-4.01987356132850415e+00 1.03783377308991409e+00 0
1.75647957891721296e+00 -1.55902299612792805e+00 0
7.02713457803829322e-01 1.31017387138407093e+00 0
-1.93823647856455589e-01 -1.97865655805426610e+00 0
-1.41031852446476491e+00 1.85583156741412403e-01 0
1.15280176601202804e+01 8.98725791220298298e+00 0
-1.20646029184238301e+00 -1.42603720624829911e+00 0
-1.20300901715011599e+00 -3.79663410213587804e+00 0
-4.40719973675183940e+00 -1.22143057150601404e+01 0
8.03233876219931098e+00 6.30688530532812663e+00 0
-1.76542930835415990e+00 6.67698007019269957e-01 0
-3.04088956087107010e-01 1.86003314650379203e+00 0
4.78421686393738010e+00 1.65361010716728796e+00 0
-3.41834143900972398e+00 1.14275848505032798e+01 0
1.06898514939017408e+00 1.01815729344688799e-01 0
7.71816177315513929e+00 -5.98966382112273177e+00 0
-5.32848650878452101e+00 -1.35152820580875694e+01 0
-3.40728610391722198e+00 1.19378051912869210e+00 0
-1.98681035756100299e+00 -3.96704858241819514e+00 0
2.86977694236252612e+00 2.43684858550651917e+00 0
-1.23461599414482004e+00 1.37307293342650691e+01 0
-2.51667921406192718e+00 3.16910481721013992e+00 0
7.16976167585796187e+00 3.12012796212666199e+00 0
1.56674675160129895e-01 -4.60503749052263256e+00 0
2.11787860211107803e+00 -5.72103424701428143e+00 0
3.27259263064233519e+00 2.42084152069299813e-01 0
5.14713055199488334e+00 6.18860394801743929e+00 0
8.26812778320360664e+00 -6.93607829971649803e+00 0
-1.27894649020120310e+00 1.85833432397564002e+00 0
-9.13170357684025769e-01 1.51774187975001396e+00 0
1.02741919154689807e+01 -2.69805089914017904e+00 0
-1.08138118574860598e+00 -1.02182367736118596e+00 0
1.43347950028258406e+01 -2.44461342693410000e+00 0
2.42060637129253609e+00 1.77042667374054608e+00 0
-7.71159535496882986e-01 8.65053767279570285e-01 0
-1.80453871878609196e+00 3.03698856589353783e+00 0
5.65527825137593432e+00 5.25043291308172133e+00 0
-1.10513545874384489e+00 4.00910985782921703e+00 0
3.16072048205265510e+00 -7.14636693216268970e+00 0
2.48959384772725695e-01 1.04914828644365499e+00 0
-8.52839434346551961e+00 5.68260232495969042e+00 0
-6.33976634653308668e-01 -9.62188083674367434e+00 0
-3.48128344848838422e-01 -1.38605216321977909e+00 0
6.06733293029133058e+00 5.65025889202468168e+00 0
5.23860487544203135e+00 2.35994668604987012e+00 0
6.84236046610350357e+00 -2.24857023479455087e+00 0
1.23372744407192991e+00 1.38877545966827709e+00 0
9.89710906271034041e+00 -1.92961627390826607e+00 0
3.21780157640090092e+00 -1.44928989073255599e+00 0
-8.83883090167149166e-01 -1.14128954834690499e+00 0
-3.08882891233132006e-01 1.73900220971052799e+00 0
4.95624714734426508e+00 7.73907441195947676e+00 0
2.47916654737222597e+00 1.04350711744800195e+00 0
-4.41013327440330194e+00 1.04661688914121598e+01 0
1.88318638139762395e+00 8.65929472576610126e-01 0
8.61077388583601257e-03 -1.07849007950179310e+00 0
-7.75967584256311760e+00 2.61429553168736906e+00 0
-1.45544370844729691e+01 -1.04946524657893492e+00 0
4.47064839984990803e-01 1.22507943670819297e+00 0
-1.91539499371078703e+00 -5.70378735204791987e-01 0
7.51625930276121901e-01 -9.80596758976688521e-01 0
7.86044122317989258e-01 1.26046284763633007e+01 0
1.83637745140590086e-01 5.20331675260598470e+00 0
-9.32055003901278711e-01 2.26046874631260319e+00 0
3.11164308333095219e-01 -2.29227290464113720e+00 0
-4.08372860658860404e+00 -6.51944462455972484e-01 0
-1.42302358776277291e+01 -3.15133131376636300e+00 0
1.56366297622474004e+00 -3.14729329985388695e+00 0
-3.93385464941265317e+00 3.07565379845335496e+00 0
4.16431567776117284e-01 -1.20599769471826690e+00 0
8.04657215491228150e-01 8.22755443154559529e+00 0
-1.13989534415337102e+00 -7.50313920488539177e-01 0
-4.31442904439785124e+00 4.28638001091848242e+00 0
-1.45460455699103197e+00 1.09889535571478691e+00 0
-4.67586398514125268e+00 -4.87841713150962697e-01 0
-1.08464501996840701e+00 8.93102656667171924e-01 0
9.16080894768180554e-01 1.28243930292656794e+00 0
3.68217051857872291e-01 -1.25173314152082704e+00 0
7.98818814587720527e-01 4.82935996660939892e+00 0
-7.77691944664836843e+00 -7.46495932125666517e+00 0
-2.04273789459744615e+00 4.04954272815893690e-01 0
1.34391413658118597e+00 -1.03436765064969993e+01 0
2.55079361891641110e+00 -7.51819378752717959e+00 0
1.30427010015763689e+00 -4.29522483331740279e+00 0
3.38118065056637906e+00 1.16797182257926409e+01 0
2.69123695796876694e+00 1.97648428329062997e+00 0
-3.32986290911649485e+00 2.10541499276606903e+00 0
-4.89993059921961827e+00 1.10474342046496705e+01 0
-3.38462520950790591e+00 -3.58583743630231988e-01 0
-3.53079570337065807e+00 1.27504082374066408e+00 0
1.42074347733628992e+00 6.98383667199541769e+00 0
1.66956215170943789e+00 2.77959116889842495e+00 0
-6.66355780779197882e-01 2.41179157309616521e+00 0
-1.05717894506754706e+00 2.26241338167403905e+00 0
-6.32091719086488180e+00 1.10313042529708607e+01 0
-1.27647723128366692e+01 -6.20098341967800892e-01 0
6.02105235593804244e-01 -1.89760802110083304e+00 0
-1.31579747138737901e+00 2.49263982642643578e+00 0
-1.29777150211984402e+01 -1.73064386449527596e+00 0
2.45101742634813702e+00 -5.00114186882131499e-03 0
-9.31183191139734245e-01 -5.43528396982204676e-01 0
4.12721043724270142e+00 -8.54810772258017895e-03 0
-1.27073071051134900e+00 -6.14134170855841433e-01 0
1.29842892258015201e+01 4.88555803638742159e+00 0
-4.45995373297960285e+00 4.12085420860272844e+00 0
1.76439457807132394e+00 -3.11117834873348009e+00 0
-6.86234844932289700e+00 -9.67177382670971753e+00 0
2.64098691528886320e-01 1.12231735248475295e+00 0
3.34872395084244001e+00 1.19539174252022695e+00 0
3.49942881295926922e+00 -1.16258415303969596e+01 0
2.52232981309186810e+00 -2.05444810084680318e+00 0
-6.92805104103543679e-01 -9.10199107674206531e-01 0
1.59353325967949111e+00 -3.48803332815109390e-01 0
2.09887691442448920e+00 1.69307345159032807e+00 0
3.12075416180906196e+00 5.76450132425411987e-01 0
3.12301246575912606e+00 7.07665696893131302e-01 0
2.12954728793460502e-01 -1.64279930722890999e+00 0
1.20061239483232196e+00 2.26736798664655703e+00 0
2.21518809832174801e+00 1.04409868769716105e+01 0
-2.90204534726096997e+00 5.86657142432100098e+00 0
5.52374825310941109e+00 9.58582687662288890e+00 0
2.69111075628853191e+00 -1.12997955035667204e+01 0
-4.16369615970274776e+00 -8.69085924333719184e+00 0
-2.74924059057550307e+00 3.34727631649749613e+00 0
3.85341083083930380e+00 -5.07006281750844856e+00 0
1.01040948772736305e+00 -1.02350807274725697e+00 0
6.21660440462714847e-01 -8.17967753492592986e-01 0
-1.35734330867249309e+00 -2.12445821539213497e+00 0
1.56301483860047008e+00 -7.72137416084062944e-01 0
-2.05747909128490081e+00 6.23033047249297089e-01 0
-9.30337891381443960e-01 3.48984892673883396e+00 0
1.38520875021585099e+00 8.86340771507553971e-01 0
-1.33766462370932393e+00 9.16893147918925622e-01 0
8.15206186838813096e+00 -2.03850513800823613e-01 0
3.36320918943658098e+00 2.21952545208451291e+00 0
2.57633806183261305e+00 9.61076007977974656e-01 0
5.87756084488908925e-01 -8.41523839766755821e-01 0
-5.83402239513450027e+00 1.24170976137293607e+01 0
1.53325787972065508e+00 3.40101553864773010e+00 0
-1.78505587507476893e+00 3.98634190051759596e+00 0
-6.28467937741060689e-01 -1.49028079657677792e+00 0
1.07347498096277305e+00 4.56780178814487972e-02 0
-9.14539466407649826e-01 9.01219888778618694e-01 0
5.25725896781519619e+00 1.36289313845651900e+01 0
-1.05304592734618496e+00 4.79398888149013214e+00 0
-7.75225472181390263e+00 9.77271753460952297e+00 0
6.48746516973439213e-01 -3.28149946551098681e+00 0
5.95323488207544038e+00 -2.29756626664572705e+00 0
-2.16133170317853418e+00 3.75635841240382018e-01 0
-1.17018856604840304e+00 4.53978638718592187e+00 0
-7.00818353632583069e+00 7.36039178404589034e+00 0
-1.36797902130620708e+00 -4.02793369733913398e+00 0
-1.48100146165855207e+00 2.91250432721603403e+00 0
-5.77778452897585737e+00 -2.54139210420888904e-02 0
1.12011699974278507e+01 -8.03059423664751648e+00 0
1.32277839662926300e+00 -8.88747544141518131e-01 0
8.42656543288706206e-01 7.69309939032648882e-01 0
1.30362727851850000e+01 6.50157036614300843e+00 0
-1.04228389462502395e+01 -5.09740725224438496e+00 0
-1.20436707654567208e+01 5.33784578210447958e+00 0
3.02625841298645382e+00 -9.94342609432595559e+00 0
2.66714618627579014e+00 2.67345772829461215e+00 0
1.38412097517956090e+00 -1.24027789028532509e+00 0
1.53463381006296107e+00 -2.08666086994174105e-01 0
-1.72935736204523599e-01 -1.11473050634367499e+00 0
-1.35580124218597509e+00 1.39661451859950492e+00 0
-9.43175767710011770e-01 9.89127044431002744e-01 0
-1.23925260367935604e+01 1.86921062234028001e+00 0
2.55246157175723687e-01 3.29287263032191291e+00 0
6.89963398093633939e-01 -1.63152027823301005e+00 0
-7.25640781600976137e+00 7.91720622863216095e-01 0
1.15705339541692993e+01 -7.40715745527917302e-01 0
-3.66819643149238317e+00 -5.89903081077231928e+00 0
6.45329032359505739e+00 9.21459296173253151e+00 0
-1.01968495054687103e+00 1.53862495514090092e-01 0
1.68949277416454491e+00 -5.48165881903659535e+00 0
-3.81299739581574881e+00 5.53125418348519804e-01 0
4.14832209040269717e+00 -5.44065403187751984e-01 0
5.48591584662118681e+00 7.40188891070564114e+00 0
5.96859260132509672e-01 1.09999599020682504e+00 0
1.01118697720805906e+00 2.04092878296636387e-01 0
-8.21405772782403965e+00 -1.08832975958199296e-01 0
-1.02779895356567796e+00 7.52024597074020945e-02 0
-1.19325668965766107e+00 7.68435944098106338e-01 0
-1.03803677470362707e+01 1.17566302737599893e+00 0
9.51916145988290441e-01 -3.81840988310459872e-01 0
-3.23025272453715884e+00 -6.36906177838697207e+00 0
3.41407804153897798e+00 2.80801882510151590e-01 0
-9.82448775663979923e-01 -2.95015783014801303e-01 0
4.34870616469091975e-01 -1.71660613147214591e+00 0
7.61462726746708185e+00 -7.30269302795680897e+00 0
-2.10872873979910880e+00 9.44250707565854275e-01 0
2.96651071076737216e-01 1.41830494519173000e+00 0
-1.20455584898533807e+01 -6.66325409225195742e+00 0
-1.03437689844967604e+01 -1.01275686652776002e+01 0
-1.00535621934369299e+01 -1.05819837864902198e+01 0
1.35947131217455408e+00 -3.27072777918274576e-02 0
-1.42524907331130590e+00 5.64108228067643225e+00 0
-1.01137791957424898e+01 6.39035433652773577e+00 0
-8.21439784823940977e-01 -1.19764053958252195e+01 0
1.38606562100488806e+00 8.11814775654012877e+00 0
1.41930024314499605e-02 2.26257569030944516e+00 0
-4.28002098540790143e+00 1.28960679262117992e+01 0
5.21481778368971316e+00 -7.90921106393044138e+00 0
2.12276112225264901e+00 1.53114105469545692e+00 0
-4.86169070726955610e+00 -4.45048187538438089e+00 0
-4.72732943426388807e+00 2.21114993576195484e+00 0
5.39241171503408778e-01 -8.81083868710535456e-01 0
1.13965777033066402e+01 2.74839685580906501e+00 0
2.91808881023374589e+00 7.10122742488780379e+00 0
-3.00217088225825890e+00 1.75078732082235100e+00 0
-1.23256870822441300e+00 1.64375204021763399e+00 0
-3.12445224710978620e+00 -2.59295761303827010e+00 0
2.38948773756474520e+00 9.90701943075858904e-01 0
-9.94775729905443029e+00 9.55285991470650941e+00 0
5.66618332481453768e-01 1.45271670275367493e+00 0
2.56391584151188623e-01 1.16660212193006196e+00 0
8.48963589879452663e+00 1.76679084324510005e+00 0
-1.07782191266165306e+01 -5.45103041679985800e+00 0
9.57252378670383375e-01 5.30378554081167963e-01 0
9.61096824416409312e+00 2.09750091115633586e+00 0
3.07116263738372819e+00 2.20677383277109618e+00 0
-1.31524881334928900e+00 -3.26391568834271517e+00 0
-3.40134422808075709e-01 4.68121142921702393e+00 0
1.24890914249827389e+00 -7.90200241433239969e-01 0
3.22922288958544090e+00 7.85688258893680547e-01 0
4.02955574244223680e+00 -1.94936746575100894e+00 0
-1.30270252219817406e+00 -1.91215382132462086e-01 0
6.39958035532590941e+00 1.33050445389933203e+00 0
-3.90274793875696080e+00 -9.80490960556333557e-01 0
-9.41217097237534439e+00 -6.76213738361641781e+00 0
2.16911864411604594e+00 -3.72680174531822495e+00 0
3.48616185108832211e+00 -4.20039623677672758e+00 0
7.99815819256543303e+00 -7.88151410115704376e+00 0
1.31876667478321297e+00 1.47388048751544709e-01 0
-9.43518876206965507e-01 2.10783511698236081e+00 0
-1.83904604621432211e-01 1.26029749913095994e+01 0
8.66007948664209604e-01 -1.32729570340199610e+00 0
-1.15927738483346099e+00 -3.10227476455927897e+00 0
-1.15252333373232396e+01 8.88629334656138781e+00 0
-9.08283106904100812e+00 5.77841256138788006e-01 0
-1.37630644223252196e+00 -1.22653706141265095e+00 0
2.07944558594139517e+00 4.11511045138414022e-01 0
-3.90406531988752015e+00 1.40820069618630299e+01 0
4.00791953049446203e-01 1.38431964538904206e+00 0
-6.88456904044180806e+00 -4.87912726799433383e+00 0
-1.01334721494795410e+00 1.94352924739424393e-01 0
-2.18495988211805114e+00 -2.10952519152507589e+00 0
2.88002035325534100e+00 -7.99265511321167743e+00 0
2.03556857193858498e+00 6.32178686573564991e-02 0
-1.13165210401800698e+00 1.38840320232089010e+00 0
1.08108560567712808e+00 -3.91571154486607709e+00 0
-5.27160691873109410e+00 -9.98390136893636715e+00 0
-8.95194611264863882e-01 -1.30913570758765307e+00 0
2.26143782276302696e+00 4.28045011468440695e+00 0
3.97762047082298009e+00 -7.75148010578230573e-01 0
1.46316988781708707e-01 -1.44647793204759694e+01 0
-2.39164179991613102e+00 -1.83903887465421301e-01 0
4.73408628651866525e+00 3.56374676965529202e+00 0
-5.16213723663976243e+00 9.63338881497962696e+00 0
3.16409984795476307e+00 -1.19132886208795008e+00 0
1.51286652982398406e+00 -1.62057645335965095e+00 0
2.11884077385982783e+00 1.14494757183964291e+00 0
4.56890969853160522e-01 1.32488712203465608e+00 0
-4.59208711765960120e-01 1.05004548600529790e+00 0
-1.08884437791820499e-01 1.02498667213706507e+00 0
-7.75885548420198523e-01 1.81604803943628390e+00 0
2.58247436811129605e+00 -1.98910327898142308e-01 0
-9.92284477219220418e-01 2.89719684527710686e-01 0
-9.93721962977776130e+00 -5.29904761566968219e+00 0
-5.62826461794684807e+00 -5.49700258024972843e+00 0
4.43482375679315810e-01 3.45167893162213701e+00 0
-1.18089318511761104e-02 -1.27371886689067693e+00 0
1.05408218362283801e+01 8.93373769572345822e+00 0
3.34968072807868111e+00 -1.02740747987655201e+01 0
2.54572879126404006e+00 8.48773761472965571e-01 0
5.32518245637345533e+00 8.87284441183519768e+00 0
-5.57405950768455671e-01 1.80012369311825005e+00 0
-1.19641745633771598e-01 1.27311795643739001e+00 0
1.85361818524674193e+00 5.56032226916359296e+00 0
9.72877828519716026e+00 3.69283957075169722e+00 0
-4.85391727431570796e+00 -3.16885590257670213e-01 0
2.22456496306848894e+00 1.93655854786084691e+00 0
-2.23320034031415010e-01 -1.17885532575791308e+00 0
6.34350177997677012e+00 3.37964212221722882e+00 0
-3.27446896829609979e-01 1.19466551049443104e+00 0
1.62866621663503897e+00 -9.03247278563303335e-01 0
-2.12641152681252299e+00 -9.22242982238485193e-02 0
-1.36081438008328992e+00 5.25331426284311731e-01 0
6.09723351191527985e-01 4.04103097597190075e+00 0
1.84840111827378606e+00 1.69693004689353000e+00 0
7.98648075889898923e+00 -6.25809199823944606e+00 0
-2.58787706681017005e+00 4.36462602272513323e+00 0
2.40405507641910887e+00 2.31444130138966608e+00 0
7.21633920781975302e-01 1.40607048375002308e+00 0
-6.68208844948527059e+00 -1.14281417966959005e+01 0
4.43627468581541518e+00 -9.67752432869868007e-01 0
-8.82640096083644998e+00 8.45947961169843232e+00 0
3.84962759127231191e+00 4.49980735081870442e+00 0
9.72301834482985683e-01 7.08585854861254472e+00 0
1.64091175265983003e+00 -2.46795629786352388e-01 0
3.09513648572720301e+00 2.64122806596496806e+00 0
3.59584761792068397e+00 -5.05490893733322544e+00 0
7.03630730000641913e-01 6.26794771200532619e+00 0
1.16606603225831607e+00 -4.80020928085321595e-04 0
8.30731148400691621e-01 -8.67315783071989532e-01 0
2.50547796580533522e+00 -5.52831643914339921e-01 0
2.55720290646012893e+00 6.66656825100842720e+00 0
-3.65824588666781914e-01 1.55302381355017305e+00 0
1.62540041541846803e+00 -7.04929248747542037e-01 0
-3.52041105402754395e+00 -1.34283484041178198e+01 0
6.91200695956347144e-01 9.40177423923761468e-01 0
-5.13525896860231157e+00 -1.18839757807550299e+01 0
1.32950407816627092e-01 4.35734815494328487e+00 0
1.07278907658412397e+01 -8.63528125494081067e+00 0
2.57252159856812890e+00 1.24850237870978695e+01 0
-3.71742518811810807e-01 2.29119814807285405e+00 0
-4.70255019560421772e+00 -3.57212006767735302e+00 0
5.47238618213448280e+00 3.00682979737821787e+00 0
-5.39386574565668742e+00 1.04312790404324804e+01 0
1.25748934838058890e+00 -3.37754182997529670e-02 0
-2.54121230824665201e+00 1.03001336521420406e+00 0
5.23413433281912877e+00 1.27406633609081599e+01 0
2.26801025054657712e+00 -2.75826893849857901e+00 0
4.97615943628690793e+00 -2.45865803092023283e+00 0
-9.21011220679387232e-01 6.30521337248430291e-01 0
-1.69533393102285790e+00 8.01948909246288921e-01 0
3.17691784439061520e+00 -4.84625251025076409e+00 0
9.33776831260436202e-01 -3.24833550326227982e+00 0
3.20316198474377312e-01 6.54068667261751191e+00 0
2.42209933456037918e+00 -6.20234787477916494e-01 0
-6.01499569825432356e+00 8.05681893128524074e+00 0
-8.97977322444598869e+00 -1.13411587726247607e+01 0
-5.08760899462534599e+00 -2.66524414775212604e+00 0
6.56909342883742919e-01 7.86850039153661251e-01 0
-2.85377092055359993e-01 3.00215399157021201e+00 0
1.77334660087617307e-01 -1.17065760361943805e+00 0
-9.36310479850377142e+00 5.99533043624100959e+00 0
3.43538258609033598e+00 4.23869498280624923e-01 0
1.24815117412020204e+00 2.69029695725531415e+00 0
-4.27290451592084697e+00 -4.02652529598735820e-01 0
7.63867657655463539e+00 -5.23673504057680006e+00 0
-2.18753264532019404e-01 8.10850094667256727e+00 0
-2.43362112969765398e-01 1.41574882165727800e+00 0
-1.41250942705840199e+00 2.66460439762975287e+00 0
1.08495529469368801e+01 9.62816424506920754e+00 0
-2.11194057038758798e+00 1.94104742121114304e+00 0
1.32261064986215304e+00 1.90286885819342100e+00 0
-5.83190754097711483e-01 1.26269619348509798e+00 0
-2.00609477056755114e+00 1.24292288653263605e+00 0
-1.21755105299013411e+00 -8.18378940681469103e-01 0
-1.14934644363779199e+01 5.92818038464721209e+00 0
-3.63590346859461100e+00 -1.16303541968029700e+00 0
-4.41055486747314696e+00 2.78018437257933515e+00 0
-1.34942045896052698e+00 -3.63115168463154880e+00 0
3.01081931765785882e+00 5.42625871645597169e+00 0
-9.02081749357354856e-01 -1.70925215491062299e+00 0
-2.69813504855344810e+00 2.00900483526341489e+00 0
-3.79024082959030117e-01 -6.80346755154774741e+00 0
3.12179542619656025e-01 -5.48396424205631927e+00 0
2.57075349319449487e+00 6.19259945258584965e-01 0
3.05560395921112082e+00 1.34777260569662705e+00 0
1.72584838052811795e+00 -3.34715929223649178e-01 0
-2.61939167442725274e-01 1.23952249210585697e+00 0
1.08671070895203892e+00 2.54078218547796020e+00 0
-2.95970752368667922e+00 -5.41840977241087973e+00 0
-1.60037432205965491e+00 -3.45090202239453081e-01 0
5.46453423007212269e+00 -5.67876007747933009e+00 0
2.58738402986254279e+00 1.25824600271304310e+00 0
4.39734225643121057e+00 2.46912098186808393e+00 0
-3.15993289977193603e+00 -1.95281448400307589e-01 0
-8.02734307389814550e-01 3.97245931974457989e+00 0
4.13498268491625698e+00 -8.53030061077623802e-01 0
1.74554482301420699e+00 1.00146348599452395e+00 0
2.25299675297642210e+00 -7.08746661043567094e-01 0
1.39253787245853711e+00 -2.08847232316053688e+00 0
-2.97165141233524022e+00 1.21968931349696703e+01 0
-3.87045793626086798e+00 -3.33056397212333710e+00 0
8.19497438663276401e-02 1.11417303237113297e+00 0
1.27338109690034806e+00 -1.33599399293364094e+01 0
3.84186358309604614e+00 1.51046665875769692e+00 0
4.14148335031186132e+00 7.77727734170960261e+00 0
-1.26737292904727306e+00 -8.96367330155634634e-01 0
-6.42681609529003239e+00 -5.60303592528080241e+00 0
-6.92663748304364280e+00 2.65320829552921289e+00 0
-4.54273892772318333e-02 -2.36906023095578888e+00 0
1.29587353676145800e+00 1.00202574303896896e+00 0
7.52954021719448363e-01 -1.52430258623812009e+00 0
-7.99543517173737595e+00 -7.04222137018545169e+00 0
-7.04247437747998695e-01 -9.71530894125001154e-01 0
8.95926474505651882e-01 1.21015918110158593e+00 0
-3.77922281593937504e+00 -9.50107420448955686e+00 0
2.10859386464121590e+00 -2.76009677786365692e+00 0
2.85733046258752399e+00 -2.42583215002409380e+00 0
-8.11635658605055710e+00 -1.69754723217816994e+00 0
-1.43079819078966008e+00 6.52720980511329540e-01 0
-1.09281352599433501e+00 7.46722665024535903e+00 0
-9.29088422987150442e-01 -1.09840051775146796e+00 0
6.53550128276493680e+00 1.17448365378098405e+01 0
-1.77032201276884002e-02 1.30823532985308399e+00 0
-2.28298255902318115e+00 8.41893328841920918e-01 0
-6.53012900968139576e+00 -3.47716565554000478e+00 0
1.60470028484867111e+00 1.36644133354212494e-01 0
-9.85166237297057812e+00 -3.17136920561661317e-01 0
-6.26777297575109937e+00 -8.06869704113268149e+00 0
-2.58261022469351609e+00 7.59704294966562799e+00 0
-5.66639806390911938e-01 1.15271881808516308e+00 0
1.35849166454121395e+01 3.85478207205812884e-01 0
-2.17178612005666594e+00 1.48924886904894094e+00 0
3.19279439940436705e+00 4.16860262984840713e+00 0
-6.18410353915159083e-01 9.93142486455838136e-01 0
1.31193365240305893e+00 -1.96260974199190397e+00 0
-1.92803797753492295e-01 1.78568021642565800e+00 0
-8.38046240312650514e-01 -1.02357694614695194e+00 0
-4.75794428437050776e-01 1.17461418523248895e+00 0
-6.40938552342303058e+00 4.25510096091916967e+00 0
7.86572173971585520e-01 6.56677364456997981e-01 0
-1.12227898461087605e-01 -1.07662851901879608e+00 0
5.49006595772491224e-01 -1.02346468283247294e+00 0
-3.81281124414796779e-01 9.51727952759669038e-01 0
-2.18427094406002303e-01 5.63716656483809775e+00 0
1.26360835413756201e+00 -3.95085859901102721e+00 0
3.51521775386904700e+00 4.32368457286278929e+00 0
3.42052769972848378e-02 -1.28526020596093593e+00 0
1.05505478643851802e+00 1.31469056943555707e+00 0
-6.50206645999919619e+00 3.71094029471829012e+00 0
1.46103867927367292e+00 2.71524523992248801e+00 0
5.12564487540298774e+00 -9.03967748946014171e-01 0
1.22660957423866606e+01 9.87252254003158414e-01 0
3.36267606524975404e+00 1.34982120473208900e+00 0
5.20196179617182697e+00 -6.64281054041863439e-01 0
1.54532450169915392e+00 -2.74095482657514600e+00 0
-7.13722325310372052e-01 1.34237259261487507e+00 0
3.07326627001851405e+00 -9.46915219100133676e+00 0
-1.90393861581615109e+00 2.88221424831079398e+00 0
-6.89627844098494780e+00 -3.71828235248801420e+00 0
1.90472873651761909e-01 -3.33017060418483579e+00 0
1.26094765591898401e+01 1.35263462463081607e+00 0
1.07206249206495503e+01 -2.12200072534247486e+00 0
9.62712235563981222e-01 -7.00785699023990127e-01 0
-8.74117654554939172e+00 -1.88809429913106702e-01 0
3.24543055558837601e+00 -3.14393903034742017e+00 0
5.93690549066867490e+00 1.79196483989979205e+00 0
8.98932321111170496e-01 4.01854377472108926e+00 0
2.19489815659888787e+00 -6.24541476210254043e+00 0
-4.78198061824153609e+00 -9.24566965881577829e+00 0
4.26676426971596623e+00 -6.52442908751102557e+00 0
-1.28110524962831391e+01 -3.15256727696402317e+00 0
3.43780491908525387e-01 1.57355564309729901e+00 0
2.39512643543849102e-01 -8.21512616653417638e+00 0
-1.28216493536698795e+00 5.24089280511047484e+00 0
-3.12225370920560075e-01 3.83660187604951508e+00 0
6.07551839187711540e+00 2.29139663586769293e-02 0
1.67195618704045801e+00 4.03524720274095827e+00 0
8.39357008872076271e+00 1.47430907266652089e+00 0
-6.58554241825848652e-01 1.70436832710526898e+00 0
-1.46576264955752711e+00 3.98384617448966116e+00 0
4.83281886560871499e+00 6.45551353003086192e-01 0
1.01147465049335992e+01 5.33431936839368603e+00 0
7.45140601507727762e-01 3.93813924126204817e+00 0
-2.46250966140045113e+00 8.50840580583655526e-01 0
5.05674100051445974e-01 8.91181845990831500e-01 0
-1.09612697491892708e+00 -5.97132544595306958e-01 0
7.10686824061704669e+00 1.09839111013860204e+01 0
-1.54286476049718502e+00 3.62935596516993390e-03 0
1.39793070122292903e-02 -1.37882049100904203e+00 0
-6.99563917551561776e+00 1.19951562434598102e+00 0
-1.70651159256000007e+00 1.29145109697536609e+00 0
1.36910895321954595e+00 7.79977652813647837e-01 0
6.97956632179386416e-01 -1.21904164650029889e+00 0
-6.34554120868072058e+00 7.33981589078288987e+00 0
-5.91545279546823810e+00 -6.55866204576222778e+00 0
-1.10037789197461411e+00 1.70899030288242004e+00 0
3.99737430448611708e-01 1.20565955316533691e+00 0
-2.10263042593468485e+00 5.53071221712813199e-01 0
4.57047547288682843e+00 2.35422332881769192e+00 0
-8.66272180097811262e-01 1.63132764858208201e+00 0
-2.07137695941808309e+00 -9.34704227073291172e+00 0
1.29441478782310604e-01 1.33951931157383108e+00 0
5.53607707272951632e+00 -7.62296567788703139e-01 0
-7.25092646191883095e+00 -7.37213764537225558e+00 0
8.30760813744413618e+00 7.45841532384393102e-01 0
-2.00708759854964480e+00 3.13395235169428199e+00 0
-9.38134335089626781e+00 -2.45537475500198621e+00 0
5.75761191290104257e+00 -6.13195393268257316e+00 0
7.92621378393722598e+00 -1.21529667470132594e+01 0
1.31202626959985107e+01 1.19697381632285205e+00 0
9.17968587289449722e+00 -9.03519993744464678e+00 0
-1.41339134398597110e+00 -7.40670028445296613e-01 0
5.15294962357796305e+00 4.42916035014722820e-01 0
1.01548243966114904e+00 2.01064834876935095e+00 0
-1.35338645726282292e+00 1.11185414999369598e+01 0
3.97069287654685210e+00 -1.30749046285346999e+01 0
2.58873908856025903e+00 1.62064736768061701e+00 0
-4.08176199229358883e+00 4.79472054457195540e+00 0
-5.56812233852179705e+00 -3.64172810116066781e-01 0
-7.42897913807755050e-01 7.18760154627341996e-01 0
2.26799649000347303e+00 1.41291388622139991e+00 0
1.39953660373562294e+00 -4.99264514464280683e-03 0
7.95685281240695735e-02 1.64562494951946392e+00 0
-8.66386247745449545e+00 -1.07258463537506401e+01 0
-8.73067168726470655e+00 -8.13622261107919087e+00 0
-2.27178285305922012e+00 -1.97432586433457902e-01 0
3.66155172409823981e-01 -3.38958444049451701e+00 0
-6.66529335185812144e+00 2.87548033827660010e+00 0
-4.01727613675595008e-01 1.21395947762779199e+00 0
8.64019379425454659e+00 -6.42957069414486493e-01 0
6.72833433171637374e+00 -6.24636956729624160e+00 0
6.00783760865415761e+00 -1.28282563803138405e+00 0
-2.56472085238001801e+00 2.56515057334153607e+00 0
-2.02333034952287516e+00 9.90175927767259489e-01 0
4.08749751185569277e-01 -1.35470640023351496e+00 0
5.12815436675106895e+00 1.51453002549728599e+00 0
-3.81326246753123099e+00 2.55956717365675912e+00 0
-5.16837786962376033e-01 -1.09265454801459505e+00 0
-3.09671230237601414e+00 -7.98570553055649412e+00 0
1.65175133357357695e+00 2.57513368905930218e+00 0
1.35283598554326301e+00 6.34320618081583576e-01 0
-5.37771449719968331e+00 3.10155866502176814e+00 0
-1.36127927718500104e+01 -5.24966241762033459e+00 0
-2.43614672124059695e+00 -2.79061438410104279e-01 0
2.48743050691844603e-01 -6.05128791638515384e+00 0
1.66871567554205402e+00 -2.04988607175130388e+00 0
5.16461893794390026e+00 -5.80113092379223261e+00 0
-7.56369966699495766e+00 -1.93589284495253411e+00 0
-1.71430996111876510e-01 1.67359302906926311e+00 0
6.89632096954884499e+00 8.95594424143107659e+00 0
1.25426451042889187e-01 1.75008286099224808e+00 0
-1.17144275234001105e+00 1.55503972846370991e-01 0
-1.03631617923481700e+00 9.81806335584210044e-01 0
9.56076714434327180e-01 -9.33085581693154809e-01 0
1.13449348043557503e+01 -4.05714702354370260e+00 0
-1.71032052844567395e+00 5.36698739441773709e-01 0
1.18478279440229595e+00 2.90538276992050815e-01 0
1.18610742225316002e+00 3.33645582083703707e-01 0
1.63875231093279894e-01 3.66441193043094104e+00 0
-6.38949435410331446e-02 -1.18521541896582594e+00 0
1.52455310897607199e+00 1.60859626495985397e+00 0
7.36583305140252076e+00 -9.36354563276584528e+00 0
-1.35707652910400900e+00 1.92812538815333490e+00 0
9.68956014900411722e-01 5.71542830846067673e+00 0
-7.70793593218366269e+00 -3.02280624179444191e+00 0
6.93678958011138569e+00 -6.97810236140550977e+00 0
1.27128758297071194e+01 -1.46652699054297098e+00 0
2.85561330050360196e+00 -1.29253205366978001e+01 0
3.50139181924568188e+00 3.88823937824908983e+00 0
-1.15947923957309196e+00 8.65339842343035404e-01 0
-2.37690220958926801e+00 1.52092693047523406e-02 0
3.37141832886149606e+00 -1.33381431828791897e+01 0
1.06417094859909400e+00 -9.84854008300166950e-02 0
3.29036882706810585e-01 9.78449977104176805e-01 0
3.77322236981553694e+00 -5.19873007196090975e-01 0
-2.45858409399707911e+00 -3.24732307135300502e+00 0
-2.62719544062564880e+00 -5.81484893873973085e+00 0
5.38068888061499107e-01 2.23426147386030616e+00 0
1.06268160338557904e+00 -1.43842710569053511e-01 0
3.04959431830575101e+00 -7.71528475759571020e+00 0
6.22437762780034731e+00 -8.11378019498354064e+00 0
-5.72311008635303065e+00 4.68183675033333824e+00 0
1.10091845264184407e+01 -2.78086015272101994e+00 0
-4.59573150496883909e-01 -1.57406356420754401e+00 0
1.58083375283016991e+00 4.97295610697889767e+00 0
1.92090805224437888e-01 1.72382843247748108e+00 0
-2.20366536169666594e+00 4.06961827926510544e+00 0
1.36487670739426097e+01 4.75963985659737165e+00 0
5.37210044884409221e+00 -2.53152162948562021e+00 0
3.49052348570491011e+00 6.99845529481795681e-01 0
-1.11251142383645107e+00 1.06221772131321202e+00 0
2.99105997344421093e+00 -1.36759071787064701e+00 0
-3.24288449026140402e+00 1.37447608300990298e+00 0
-5.77607924811114160e+00 2.06033294229145714e+00 0
-2.75404355152416302e+00 1.76440100123027399e+00 0
-4.50756853478958686e+00 9.08243195621211186e+00 0
5.33169401547028077e-01 1.51463293143370192e+00 0
1.22101283880638203e+01 5.01188825705587160e+00 0
-2.36526262304639889e+00 -2.45788461302880012e+00 0
1.06757315952106602e+00 -4.96459429001847474e-01 0
-1.87497552842839088e-02 -9.22881385831401424e+00 0
8.46660802040084759e-01 -4.23000207812015727e+00 0
3.94271786018072001e-01 1.15450140311443805e+00 0
1.75083233258339899e+00 2.35070346206398106e+00 0
3.63624961023967819e+00 -9.07286280910615339e+00 0
-8.49227009808764599e+00 6.93106719641714530e+00 0
1.76487599648610405e+00 -2.12461360159517598e+00 0
7.76676879626384986e-01 -2.07562339592024880e+00 0
4.87941449546567263e+00 -1.29913213288395806e+01 0
1.06879666897589609e+00 -2.48729753936716591e-01 0
7.62004138312901702e+00 1.86203142785324793e+00 0
2.10284312090606695e+00 -2.07162175409435978e+00 0
-4.27207103390542198e+00 7.05846771170854570e+00 0
-2.42899406619003821e+00 5.45961390737171315e-01 0
-1.54587465171738603e+00 -3.34070537445665705e+00 0
-2.40912279165175595e-02 -1.02713361901485190e+00 0
1.11544583370177097e+01 1.40758704756087893e+00 0
1.07524887284101300e+01 -7.70063666764490495e+00 0
8.85309188692082083e-01 1.44351053160744702e+00 0
-3.49438911325531798e+00 7.08364098619983285e-01 0
2.42269486913681220e+00 3.92918837708149704e+00 0
-1.13085843963933996e+01 7.87814305442145013e+00 0
-1.20129271428933393e+01 4.00132652843676784e+00 0
5.99193116111107393e+00 2.19764162953363096e+00 0
1.78434527234134710e+00 3.15785447169660893e-01 0
2.51940926194294512e+00 8.17954485343589965e+00 0
-5.63918050501449475e+00 -1.02389218128908901e+01 0
2.86953254655587298e+00 -3.74446891279175587e+00 0
5.95501929423621501e+00 1.33114918386288905e+00 0
-2.52823356501254315e+00 -9.88133304089943820e+00 0
-1.41664546223199195e+00 4.78186428100901673e-01 0
-2.00506369170451304e+00 -3.18217885145324009e-01 0
-5.19354979521539972e-01 1.47887199078522102e+00 0
-5.50687760199929688e+00 -3.63205138500950797e+00 0
-1.64687763152416999e+00 4.07997666407152426e+00 0
8.92730302089919103e-01 5.07029428360686096e-01 0
-9.04441660839434114e-01 -5.75116766957207215e+00 0
-3.82433850461183888e-01 1.30714533216145701e+00 0
-1.53405842914542206e-01 7.10449024961633935e+00 0
9.48196744755196885e-01 2.44866278705001905e+00 0
-9.04605077624115239e+00 4.34694179309217166e+00 0
8.14387994906967672e-01 1.65820413813858392e+00 0
-8.56351834162609071e-01 6.68101044000223521e-01 0
-8.23396803006730571e-01 9.35078054967356209e+00 0
9.05369276522802968e-01 -4.89333967187671437e+00 0
1.34587617787890501e+00 -1.46008472264196498e-01 0
1.11251513963327398e+00 3.35798850634161816e-01 0
-2.82472295633539883e+00 -1.35981717757698095e+00 0
6.38325243233976458e+00 8.12361538375061643e-01 0
8.18493123518982624e-01 -1.42248775428189100e+00 0
5.24639713693295762e-01 -2.99437021505293499e+00 0
1.95066451066098906e-01 1.45901863607694904e+00 0
6.92841151122280841e-01 -8.67270784903851344e-01 0
5.20106789985583617e+00 -1.34664010374746801e+00 0
5.12167936999422757e-01 -2.24273232870831496e+00 0
-6.22187626762908241e+00 3.74763366538890885e+00 0
4.61444671537743467e+00 -5.00614047668106732e+00 0
4.06438636536150588e-01 1.67151870209113396e+00 0
-2.94642685661973214e-01 9.81150425550918359e-01 0
5.01387077813979398e-01 9.89189946031816980e-01 0
-7.77008535845168602e-01 1.07612370992700201e+00 0
2.59453218503742189e+00 -2.33018009230233680e+00 0
-1.88676498923012503e+00 2.56964653849424618e+00 0
-1.45773390535905492e+01 1.07610576716319795e+00 0
1.60632628700332991e+00 5.25102033408046420e+00 0
-3.52661833773101607e+00 1.87116673089102292e+00 0
-1.11058688655129991e+01 2.22770227707824819e+00 0
-2.17124660127027802e+00 1.03598955957098604e+00 0
1.07077849971093708e+00 7.98389137921823533e-01 0
-5.48075114503012539e+00 -4.18459925973414126e+00 0
2.05583543942376795e-01 -1.76269968361680207e+00 0
1.19279038876877097e+00 -3.38650484513239380e+00 0
-1.13007515073292097e+01 6.85265101194489556e+00 0
1.30144164882956392e+01 -4.39096242597943931e+00 0
4.31777186031104687e+00 -1.25231574581719407e+01 0
-5.19923810575089851e-01 4.29494007244525733e+00 0
1.28103508191386606e+01 -4.89257148730961422e+00 0
-5.46615706748827090e+00 3.86404512021869584e+00 0
-4.63080352732696010e+00 -8.43693089495146098e-01 0
1.19229153569111705e+01 2.50252193396086786e-01 0
-1.48690355506410699e+00 -8.15315787168863082e+00 0
-2.06561396257674612e-01 1.00370676101605594e+00 0
-1.10521507929107408e+01 -6.21665328604629241e+00 0
-9.31156645881497091e+00 7.64396997132998468e+00 0
1.01708239781638299e+00 1.21580640995085698e+00 0
-3.03166017360374695e+00 -1.99042921616012602e+00 0
-1.03253822674174689e+00 5.07207682001317051e-01 0
1.33877701840600203e+01 3.33521731147921319e+00 0
1.14646891247623603e-01 1.01751930276482194e+00 0
4.31978128963630059e+00 -2.92894324782632887e-01 0
-1.06779408292058893e+01 -2.09198985500190782e+00 0
-1.30394849927155998e+00 3.74595055182196379e+00 0
-5.84398231904003862e-01 -8.43217626123749953e-01 0
-1.42574532271408305e+00 -9.17903138273745811e-01 0
-2.82659385422998222e+00 3.19109328431980011e+00 0
-4.01692050735421913e-01 1.45030960679163901e+00 0
9.23541787717548024e-01 8.85312447866250984e+00 0
-2.30592348226771104e+00 9.31453417823949414e-01 0
3.75407698361085185e+00 3.56622250505453398e+00 0
-4.00425486075134396e-01 1.64963012053425406e+00 0
2.32370081271898821e+00 -8.87208988668414578e-01 0
5.06845929494221714e+00 3.11039011427386791e+00 0
-2.79706029576924786e+00 5.13472972605432454e-01 0
-9.62450356035342791e-01 8.20560672472965713e-01 0
6.64701836622223130e+00 -1.29474411636379401e+01 0
2.41431632493332193e+00 2.52118044342857406e+00 0
9.94692665156845068e-01 2.80932499183782991e-01 0
-1.19271297067812405e+01 2.64508928854431380e+00 0
2.29695851759041192e+00 5.51223966045706604e+00 0
-8.40486441690816832e+00 -9.09389662537022048e+00 0
1.45036368327070497e+00 2.10967909819560595e-01 0
-2.03222367349210797e+00 2.01322255036057696e+00 0
3.40874264903308122e+00 6.94356085785750565e+00 0
1.10460926153600902e+00 2.02631376838618288e-01 0
-2.57621706807006079e-01 -1.12640011329700207e+00 0
6.86221775905879960e-01 -1.07553191343515593e+01 0
-2.84885149074312505e+00 6.72350660331088523e+00 0
-3.00126383443964517e+00 -3.86770521763244279e-01 0
2.18614794343399588e+00 3.71117438344622119e+00 0
4.87505321498030142e+00 -9.56710766851503536e+00 0
1.13618663926894907e+01 2.16444288336196999e+00 0
-2.86653926033907291e+00 -7.35623520164681111e+00 0
6.94786567730314442e-02 -3.43548444384513196e+00 0
4.00480328429089560e+00 -3.20523798546087590e+00 0
-2.09606929291269983e+00 1.32143615911050905e+00 0
1.03951652317358589e+00 -3.70355930463814875e-01 0
4.12888123046438515e-01 6.31761877612526757e+00 0
-7.34076431170772015e+00 6.64785914904852859e+00 0
-5.65278001773239502e-01 9.31196561092456299e-01 0
-9.51594254257672301e-01 3.84309631827510878e-01 0
1.57632311188011909e+00 5.11038638521339017e-01 0
-1.79785648351194505e+00 -3.10684248430344079e+00 0
5.77328983064883428e+00 -3.79933532543088415e+00 0
-1.29707302427794993e+01 5.18722303938995744e+00 0
1.03621455974057692e+01 -5.31499594746516024e+00 0
1.03879502335867491e+00 -1.76808293862082899e+00 0
-4.21622454216036502e+00 7.57951222786689538e+00 0
-3.16135544898002818e+00 -9.15478429520629788e+00 0
1.26463140748836911e+00 -1.79134501097559506e+00 0
-1.07629483530173298e+00 -1.48339272184140808e-01 0
-1.32353111671486690e+00 6.38553287819404347e-01 0
7.73838666041010925e-01 -1.26049423792584303e+00 0
-1.80551152885786492e+00 -2.23985939682574187e-01 0
1.33031702779258296e+01 -3.48673066035670809e+00 0
-4.30463876391061095e-01 1.78955948440480106e+00 0
1.12253578465255610e+00 2.83864720661438308e-01 0
-9.72689289960700165e+00 -5.82353399522230841e+00 0
1.29827263058804299e+00 1.07648790314022791e+00 0
-3.54975680167709218e+00 1.64307857690673398e+00 0
-1.06203645310010000e+01 9.95043656516641128e+00 0
-5.45463017115258886e+00 2.26648351765712786e+00 0
-8.08346612272864284e+00 9.09331866328841265e+00 0
1.23717664013121298e+00 -2.33288700672355798e-01 0
-1.33503733141901404e+00 6.95899864164893689e-01 0
-9.12650484300210757e-02 2.29040560276297311e+00 0
5.58864055487132116e+00 -4.04179529191856179e+00 0
4.19682527395986593e+00 7.89651620935404419e-01 0
1.06074868208529001e+01 -6.67742272370246681e+00 0
-8.53800863483176298e-01 7.81982663573599690e-01 0
7.19377992528653909e+00 -2.58975534021037479e+00 0
4.65578985582244587e-01 -9.14038064158718910e-01 0
-3.48810954411703511e+00 -6.05508291044625557e-01 0
-1.26256366293057098e+00 6.49694490514407946e-02 0
2.58618452183112790e+00 -1.39044154953115595e+00 0
-7.54963089958779476e-02 1.32871398245866490e+00 0
5.64637100173205564e+00 1.20478748807467806e+01 0
-8.09340044120785307e-01 7.21105706211296216e-01 0
CELLS 3820 15280
3 270 5228 2875
3 3067 4976 1712
3 2256 3531 501
3 2246 4324 700
3 940 2997 2489
3 1250 3998 2382
3 2823 3518 1193
3 576 5855 3135
3 1204 3427 2257
3 2444 6636 1895
3 2875 5228 1922
3 556 2910 2329
3 2603 7596 1065
3 3372 5276 155
3 3606 3750 1721
3 20 2995 21
3 2757 7596 2603
3 2467 7348 2915
3 870 4128 2315
3 2957 4993 1116
3 297 3428 2429
3 2270 3404 1051
3 2403 6395 1033
3 1116 4993 3760
3 3033 6134 5680
3 293 5154 2566
3 952 4623 3154
3 414 2942 2597
3 2154 6497 4664
3 784 5613 2212
3 850 4235 2820
3 1276 6467 2711
3 420 3404 2270
3 1208 4606 4199
3 1451 2928 2539
3 3104 6165 943
3 1253 3677 2263
3 1895 7239 2444
3 1033 7305 2403
3 1540 3036 2381
3 4664 6497 1393
3 1284 7348 2467
3 2632 3255 1484
3 1725 4930 2926
3 2511 3003 1053
3 2147 3238 1100
3 5196 5986 3678
3 2437 3488 1148
3 156 3372 155
3 3180 5668 864
3 2724 4906 363
3 3599 7630 3688
3 700 3512 2246
3 738 3352 2286
3 1404 2972 2546
3 1738 3739 2692
3 3954 6031 792
3 364 5213 3371
3 1266 5339 2231
3 2245 3421 363
3 1291 4112 3655
3 489 3998 3162
3 2724 5033 4906
3 3655 4112 1821
3 2661 4964 4704
3 700 5390 2489
3 2071 5317 3760
3 3093 4079 1201
3 2302 3108 453
3 700 7272 5390
3 523 3057 2765
3 2231 6186 1266
3 1166 6347 3793
3 1033 6395 2498
3 363 3359 2245
3 2592 7042 1169
3 5649 5855 576
3 409 5670 3515
3 3283 7333 5371
3 1169 7042 2627
3 3793 6347 2455
3 1902 3949 734
3 734 3924 1902
3 1795 4541 3835
3 2566 5154 3994
3 144 3549 2933
3 2411 6813 6513
3 501 4407 2256
3 2270 4493 420
3 952 3154 2540
3 3599 3688 580
3 2757 7368 359
3 357 4930 3104
3 3428 4285 1773
3 2874 4168 989
3 2766 3139 1074
3 148 5945 2486
3 1482 3612 3508
3 2395 6167 1065
3 6467 6765 2711
3 2420 3053 1393
3 411 3830 3226
3 359 7368 2567
3 2100 7084 751
3 453 6479 2302
3 368 5864 3678
3 3678 5864 1992
3 800 3530 3515
3 3021 4803 1877
3 2467 7074 580
3 3760 5317 320
3 3515 5230 409
3 4226 4746 1156
3 3515 3530 1487
3 2264 7306 433
3 2315 4513 870
3 1287 3751 3021
3 3455 7137 928
3 3021 7763 1287
3 1436 4145 3848
3 619 6397 3154
3 2724 3466 1143
3 2467 6892 6691
3 3767 4724 479
3 1688 4908 2655
3 2214 7147 1317
3 2018 6390 4822
3 1256 6053 2154
3 571 4612 3846
3 1844 6656 5259
3 2470 4721 1404
3 3531 5376 1421
3 480 4825 2546
3 2654 4430 1816
3 2467 3688 1284
3 2173 3954 792
3 2379 5613 784
3 500 4803 3021
3 1200 3750 3606
3 32 3085 33
3 663 4976 3067
3 4080 4594 16
3 2178 4947 1224
3 2995 5831 21
3 1180 5520 2216
3 297 4285 3428
3 2420 5774 1012
3 1224 3219 2298
3 2680 3032 359
3 4360 5409 1907
3 6513 7145 2411
3 2366 7121 2858
3 2539 6032 993
3 3324 4238 378
3 3998 5896 2382
3 2114 5284 2709
3 1615 5006 2352
3 2263 3964 1253
3 1480 3654 3016
3 2885 6656 1844
3 5973 6913 467
3 1658 4161 3386
3 5006 6531 2352
3 38 6849 2400
3 2426 3436 891
3 1289 4858 4033
3 37 6849 38
3 467 6513 5973
3 932 3072 2582
3 2546 2972 480
3 522 7143 2511
3 2257 4255 1204
3 4908 7292 2655
3 2858 3281 1208
3 2711 4472 919
3 2182 5605 1301
3 3508 3612 1169
3 1224 4724 2178
3 3325 3530 1013
3 1195 7487 2722
3 580 3688 2467
3 451 4137 2539
3 2475 3277 901
3 5360 7091 3545
3 4199 4606 1603
3 2470 5668 3180
3 6513 6813 2114
3 3993 6018 3424
3 2429 3428 1199
3 1108 3569 2494
3 1193 5196 3678
3 751 6852 2100
3 2231 7439 1011
3 3213 3466 1331
3 6691 6892 933
3 1113 3281 2858
3 2511 3992 522
3 2218 4074 711
3 3143 6650 3805
3 3371 5213 2268
3 1712 5148 3067
3 4033 4858 2078
3 5877 5896 1048
3 711 4795 2218
3 1842 4696 3685
3 901 7391 2475
3 909 3993 3303
3 2489 3512 700
3 2256 5376 3531
3 3143 3805 1316
3 2324 6031 3954
3 2178 4724 3767
3 421 7292 4908
3 4696 5243 3685
3 3162 3998 1708
3 433 4799 2264
3 3805 3926 1316
3 4754 4928 1277
3 2793 7487 1195
3 2470 6558 4352
3 5680 6652 383
3 3226 3830 1572
3 2633 7137 3455
3 1224 3638 3219
3 530 3793 2455
3 606 4283 3093
3 3088 3882 561
3 2540 3705 952
3 1370 6496 5865
3 3108 3109 453
3 2698 3714 502
3 420 3950 3404
3 2434 3283 788
3 4145 6397 619
3 1051 3386 2270
3 2294 6913 5973
3 2201 4762 1283
3 4623 6424 3154
3 1108 3436 2426
3 767 4384 2319
3 833 5088 2245
3 2672 3809 654
3 1360 5747 2669
3 2618 6807 284
3 1369 3032 2680
3 3271 5877 1703
3 1641 4860 2875
3 1317 4251 2925
3 4825 6739 2546
3 1314 4421 3340
3 2489 6092 1274
3 2956 6496 1370
3 1421 5376 2566
3 2669 4519 1360
3 2300 3828 1205
3 1228 3936 2770
3 2915 6892 2467
3 4986 5785 2078
3 4348 6625 1386
3 3133 4145 1436
3 2928 6032 2539
3 2089 6165 3104
3 3191 6528 439
3 1593 6701 4727
3 1993 6625 4348
3 3386 4161 713
3 2436 6528 3191
3 3226 6096 1739
3 3404 3950 1693
3 3033 5680 1101
3 1011 3457 2231
3 3398 5759 4738
3 3835 4541 1296
3 922 3255 2632
3 2597 6552 414
3 2979 5317 1744
3 2382 3271 1250
3 3688 7630 1528
3 2603 6947 2757
3 2216 4451 1180
3 4352 6558 277
3 1804 4238 3324
3 3428 4477 1199
3 4727 6701 2564
3 2498 6445 1033
3 2199 4623 952
3 1240 3139 2766
3 1480 4602 3654
3 792 4359 2173
3 1378 6548 2650
3 3104 4930 2089
3 458 3569 2906
3 952 6400 2199
3 1716 6223 3007
3 2502 3969 1318
3 1739 5790 3226
3 2926 4930 357
3 855 4541 2731
3 3072 5073 1783
3 465 3510 2246
3 3436 6636 2444
3 1897 5772 3741
3 1143 3466 3213
3 2494 4628 1108
3 3093 5273 4079
3 3846 6390 2018
3 3283 5371 788
3 3827 6451 1248
3 4536 5774 2420
3 1279 3993 3424
3 2329 6367 556
3 1623 3240 2626
3 1337 3714 2197
3 1825 5360 3545
3 1284 3688 3352
3 2154 4182 1256
3 2997 6092 2489
3 1332 6450 2299
3 3142 4226 1156
3 1682 4168 2874
3 2298 4724 1224
3 2104 5031 3750
3 602 7772 2453
3 3635 4667 725
3 4493 4572 1363
3 1301 4326 2182
3 1991 3798 3736
3 284 6807 2709
3 2490 7301 1201
3 2385 5050 500
3 2494 3569 458
3 2875 7329 1641
3 2858 7121 1113
3 6167 7255 1065
3 1221 3906 2627
3 1207 5278 3359
3 2626 3240 1332
3 3180 4721 2470
3 1100 4384 2147
3 1217 6612 4795
3 2429 3878 297
3 3706 4221 1798
3 363 3466 2724
3 2906 3569 1871
3 1115 5927 2884
3 2299 6900 1332
3 144 2933 4
3 5 3644 174
3 5371 7333 2268
3 501 3531 2319
3 3016 5680 383
3 3750 5031 671
3 1907 6377 4360
3 2714 3561 1081
3 2517 3701 1291
3 675 4480 2435
3 4759 5363 1600
3 4651 4727 1885
3 891 3965 2426
3 3398 4738 1477
3 1703 4514 3271
3 2114 6813 5284
3 3003 3127 1053
3 4502 5057 1997
3 2286 5320 738
3 943 4765 3104
3 2270 4572 4493
3 2299 4928 4754
3 3552 4255 172
3 788 6185 2434
3 2702 4651 327
3 1250 7483 2573
3 4430 6160 1816
3 4054 4259 1817
3 4398 4753 1685
3 149 5945 148
3 3505 7329 2875
3 401 4664 3053
3 2697 4604 862
3 1151 3315 2722
3 2765 6940 922
3 2875 4860 270
3 342 3127 3003
3 2539 4330 451
3 1283 4559 2201
3 1386 5224 2462
3 1657 3779 3024
3 2813 4398 1685
3 1317 4190 2214
3 3914 5595 381
3 1228 3847 2266
3 1074 4992 3709
3 359 3724 2680
3 3298 5927 1115
3 1280 4221 3706
3 4704 4964 819
3 3190 4055 1328
3 2899 5924 1123
3 6329 7191 3040
3 2765 4092 523
3 891 3436 2444
3 2352 4772 1615
3 3352 3688 1528
3 2437 5735 3488
3 3410 5747 1360
3 1038 3180 2723
3 537 7114 2379
3 2212 4643 784
3 2435 4480 1174
3 538 4607 2668
3 3407 4200 1507
3 32 5471 3085
3 4790 5993 1253
3 1053 3992 2511
3 571 6081 3078
3 1205 4176 2300
3 1065 3832 2395
3 1379 5020 2453
3 2266 3936 1228
3 2382 5877 3271
3 3078 4612 571
3 1248 6451 3850
3 159 5893 2770
3 1162 5665 3815
3 3093 4283 1677
3 1143 6376 2724
3 1257 4259 4054
3 3518 4485 1193
3 2566 3994 1421
3 1374 4189 2750
3 2573 4151 1250
3 4493 5320 2286
3 932 5073 3072
3 3073 5934 3297
3 2020 3926 3805
3 2319 5015 767
3 729 3516 2736
3 2627 7542 1169
3 840 7705 2476
3 1153 3818 2521
3 479 4724 3876
3 3826 5437 2027
3 2668 6382 538
3 380 4200 3407
3 1852 4746 4226
3 710 4783 3507
3 1153 5529 4115
3 6048 6081 571
3 2453 4643 1379
3 608 4519 2669
3 2848 7018 3395
3 4235 5582 2820
3 2197 5051 1337
3 1199 4477 3056
3 654 5243 2672
3 2582 5213 364
3 1123 5924 3323
3 672 7091 5360
3 489 3251 3096
3 4420 6320 1486
3 6947 7368 2757
3 1694 5512 4043
3 3585 5278 1207
3 2615 3723 902
3 1635 5258 3088
3 3088 4893 1507
3 2489 5390 940
3 3709 4992 2100
3 1487 3530 3325
3 1012 4564 2420
3 1232 7018 2848
3 5061 6150 592
3 1338 5057 4502
3 2274 5652 5303
3 3638 7337 3219
3 1201 3559 2490
3 429 6531 5006
3 15 4080 16
3 4970 6871 1157
3 320 5317 2979
3 3271 4514 746
3 2245 5278 833
3 4407 5651 2256
3 3565 6612 1217
3 991 6170 3371
3 5061 5779 2632
3 1331 3421 2642
3 364 4055 2582
3 2648 3745 1166
3 2232 4359 792
3 2884 7446 5831
3 2382 5896 5877
3 919 4472 3805
3 922 4092 2765
3 1274 3512 2489
3 401 6546 2634
3 1790 4090 4089
3 2381 5090 1540
3 1195 6485 2793
3 3563 3676 342
3 3768 5146 1861
3 2661 4103 1327
3 2400 4339 38
3 2769 4074 1174
3 711 4332 2710
3 3710 4860 1600
3 145 3549 144
3 3985 4732 1426
3 2842 4378 1397
3 3736 3798 1191
3 1037 7437 2933
3 2539 4137 1451
3 3303 3993 1811
3 2661 4704 1397
3 2848 3395 1338
3 2379 3907 537
3 2933 3549 1037
3 3802 6232 1369
3 3067 5148 894
3 2731 4541 1795
3 1285 4281 2983
3 2138 5595 3914
3 424 5258 3128
3 3826 4103 1651
3 1208 3281 3264
3 3424 5258 424
3 967 4948 3301
3 2062 4893 3088
3 1507 3882 3088
3 3555 6096 1121
3 500 5693 2385
3 3741 5772 787
3 1338 3423 2848
3 2476 3827 840
3 1369 6232 3832
3 2710 4795 711
3 2256 5651 5376
3 1430 4043 3022
3 876 3745 2648
3 715 6544 3308
3 2697 4064 1182
3 359 7596 2757
3 6231 6475 3379
3 902 5576 2615
3 387 4103 2661
3 2319 4914 501
3 3271 7483 1250
3 2392 4559 1283
3 3863 4356 1867
3 606 3609 3133
3 3022 4043 429
3 1065 7255 2603
3 2455 3555 530
3 2642 3726 545
3 1116 3760 2592
3 2455 6096 3555
3 3144 4635 154
3 1903 3871 2719
3 5680 6134 1833
3 1434 3446 2710
3 608 4576 2768
3 1482 3508 3194
3 2736 6182 729
3 6909 7106 313
3 2698 4874 815
3 5376 5815 2566
3 3594 6497 2154
3 2315 6388 5942
3 3057 5444 2765
3 4115 5529 2302
3 5102 5437 1362
3 3053 4664 1393
3 2426 5297 1108
3 2719 3871 650
3 3067 6654 2462
3 2884 5831 1902
3 2176 4667 3635
3 4251 7369 2925
3 2211 6934 4834
3 5973 6513 2498
3 3096 3251 1283
3 3007 6223 4267
3 3325 6841 4667
3 4089 4090 1262
3 1363 5320 4493
3 2564 7737 4727
3 3999 4137 1728
3 3404 3809 1051
3 3876 4724 2298
3 592 7191 6329
3 2344 5238 4328
3 2546 5190 1404
3 2942 3932 1088
3 2964 7439 2320
3 1048 5896 3096
3 3902 7772 602
3 2453 5020 602
3 967 6376 2484
3 12 5189 13
3 3281 3594 610
3 1081 4909 4128
3 2632 6150 5061
3 930 7368 6947
3 3690 4970 1157
3 3815 5665 2410
3 173 5916 3552
3 2702 4323 1153
3 2728 3770 714
3 562 5437 3826
3 173 3552 172
3 2225 4732 3985
3 1262 4090 2822
3 3785 3848 1290
3 3128 5258 1635
3 3816 5978 146
3 1583 5779 5061
3 2062 5258 3424
3 1600 5363 3710
3 3227 3609 1164
3 1417 5651 4407
3 2352 7247 2719
3 2823 4230 683
3 3507 4378 710
3 2504 7106 6909
3 2939 4128 870
3 502 3714 2973
3 1302 3902 3534
3 1166 4676 2648
3 4384 4754 2147
3 3371 7333 991
3 3112 3555 2123
3 1279 7675 2502
3 2793 6485 3568
3 580 3612 3599
3 1593 4651 2702
3 5376 5651 805
3 1240 4356 3863
3 1262 5615 4089
3 3594 6053 610
3 323 4151 2573
3 1162 3991 2641
3 2874 3252 1682
3 1490 3676 3563
3 792 7377 2232
3 4336 4378 2063
3 2457 4683 933
3 5179 6158 1308
3 2967 4607 538
3 1738 5815 3739
3 2858 7456 2366
3 411 5543 3830
3 880 6480 4338
3 4128 4909 2315
3 5760 6587 3667
3 2246 5370 465
3 1274 5370 3512
3 3612 4106 1169
3 3132 3965 1845
3 4264 4359 1145
3 2925 7394 1317
3 5303 5652 1668
3 502 7092 2698
3 1081 5382 2714
3 528 6808 2697
3 1317 7147 4130
3 3534 3902 1702
3 3379 5615 1262
3 784 4643 2453
3 1201 7301 3093
3 1174 4220 2435
3 1783 5814 3072
3 2793 3568 1221
3 4338 6480 2597
3 784 5992 2379
3 2692 3739 1285
3 1393 6302 2420
3 1353 3609 3227
3 5743 6667 3072
3 2109 6329 3040
3 467 7145 6513
3 4034 6565 2468
3 3809 6619 654
3 1721 5785 4986
3 3215 3954 2173
3 2823 5520 1180
3 710 4378 2842
3 1706 4060 3934
3 2641 3991 880
3 5517 5852 2122
3 1180 3518 2823
3 1820 7056 4513
3 2648 4388 876
3 3919 4095 1718
3 320 7042 3760
3 10 5157 4146
3 537 3907 3427
3 2582 5969 932
3 2663 5651 1417
3 761 4843 2608
3 3032 7596 359
3 3983 5893 161
3 3301 5033 967
3 2650 6548 4471
3 2972 3888 480
3 4612 4846 1343
3 1282 4095 3919
3 862 4064 2697
3 2317 5931 1331
3 2521 5529 1153
3 2807 4125 1279
3 330 5119 2870
3 2672 5243 1766
3 3167 3684 1263
3 3599 3612 1482
3 1796 5471 2899
3 2462 5224 3067
3 1738 5162 3215
3 1217 3744 3565
3 313 7106 2943
3 2634 6546 2105
3 2939 6040 2015
3 3151 4634 1432
3 2884 3924 1115
3 2710 4332 1434
3 1098 4339 2400
3 2663 6563 805
3 3264 3281 610
3 5146 6523 1861
3 172 4255 171
3 2992 3949 1134
3 919 4032 2711
3 3751 5693 3021
3 2320 7575 2964
3 606 3715 3609
3 17 3572 18
3 1199 4373 2429
3 294 5791 3143
3 2874 4996 780
3 1213 3878 2429
3 3455 4945 2633
3 1417 5133 2663
3 1355 6274 2392
3 545 4695 2642
3 4328 6892 2344
3 3573 4541 855
3 1362 5437 2932
3 2719 4772 2352
3 1598 6739 4825
3 1205 3505 2875
3 5415 6791 721
3 3301 4948 1885
3 2736 3516 1277
3 6187 7328 1248
3 2680 3724 1287
3 2822 4101 1262
3 2641 5665 1162
3 530 3555 3112
3 1011 7439 2964
3 433 7306 4054
3 4822 6390 1718
3 1208 3264 3263
3 1156 4746 2943
3 1922 6504 2875
3 2692 5162 1738
3 3000 3831 1123
3 2634 4182 401
3 7203 7556 1296
3 894 6654 3067
3 3432 5370 1274
3 3372 4008 1200
3 3532 4421 1314
3 2973 3714 1337
3 392 3684 3167
3 993 5298 2539
3 4921 5728 723
3 2462 4348 1386
3 2511 7143 4127
3 4352 5668 2470
3 2199 7394 4623
3 2650 5180 1378
3 1939 6182 2736
3 2709 6807 6445
3 293 4264 2626
3 2567 6603 359
3 2627 5462 1221
3 2566 5794 293
3 704 5743 3072
3 428 5334 4153
3 2697 4539 528
3 1256 4182 2634
3 1221 4803 2793
3 805 5651 2663
3 2731 4466 855
3 1145 6208 3635
3 1295 3887 2831
3 1285 4654 2692
3 6116 6119 2225
3 3277 4771 901
3 2724 6376 967
3 1115 3924 3123
3 1266 6186 3740
3 2748 6250 594
3 1484 6150 2632
3 4092 4314 523
3 3830 5543 1861
3 2698 5468 3714
3 678 6123 3753
3 1283 4805 2392
3 4095 6123 678
3 1436 3848 3785
3 327 4323 2702
3 1593 4727 4651
3 1708 7591 3162
3 3770 6365 1280
3 5471 7491 2899
3 1397 4378 4336
3 160 5893 159
3 767 4754 4384
3 610 4171 3264
3 3565 3744 1465
3 3984 6086 556
3 3088 5258 2062
3 2453 4229 784
3 3330 3561 462
3 528 6462 3850
3 1021 4635 3144
3 372 7708 2915
3 2748 4259 1257
3 2722 7519 1195
3 3515 5670 1828
3 5942 6388 599
3 2709 6445 2114
3 1397 7032 2842
3 3934 4060 1320
3 458 5925 2494
3 5738 7648 2756
3 3828 6269 2434
3 1929 5760 3667
3 1327 4103 3826
3 5189 7713 13
3 538 7467 2967
3 4843 5414 2156
3 1434 4084 3446
3 4833 7604 6871
3 545 5707 4695
3 161 5893 160
3 4650 5241 1685
3 2608 4250 761
3 2848 7592 1232
3 1331 4695 2317
3 1134 4381 2446
3 1123 3831 2899
3 4493 6932 420
3 1134 3949 2995
3 2655 5852 1688
3 2027 6839 3826
3 2669 6974 608
3 2768 4576 1559
3 933 4328 2457
3 1194 3753 2668
3 2910 7603 2329
3 154 4635 153
3 1820 5942 3155
3 1902 5831 2995
3 3846 4612 1343
3 6250 6789 1871
3 3016 3654 1101
3 5050 7487 500
3 164 3317 163
3 1432 4956 3151
3 2257 5993 4790
3 339 5665 2641
3 1318 5088 2502
3 2173 4359 4264
3 2486 5202 148
3 1864 3561 3330
3 1102 3971 3317
3 1404 6558 2470
3 850 6422 2720
3 2915 7348 372
3 561 4926 3088
3 2444 7719 891
3 3848 4145 619
3 3741 4189 1374
3 5088 5825 2245
3 862 5190 2546
3 1162 3815 3022
3 2719 7484 1903
3 2747 5377 1999
3 1296 7556 3723
3 3143 5791 2077
3 3142 5046 4226
3 1948 6342 3040
3 6445 6807 1033
3 3133 3609 1353
3 940 6565 4034
3 627 5931 3892
3 721 6791 4334
3 3568 3906 1221
3 1256 5409 4360
3 1451 4137 3999
3 3407 4406 380
3 815 5468 2698
3 3162 7591 2720
3 3635 6208 2176
3 2711 4032 1276
3 2919 6849 36
3 2766 4356 1240
3 2592 6549 1116
3 3194 3508 618
3 2004 5978 3816
3 3424 7675 1279
3 2817 4420 1486
3 3340 4421 277
3 1730 4741 4334
3 1657 5246 3779
3 539 4278 4198
3 3432 6344 465
3 2626 5295 1623
3 1486 6320 4250
3 3726 3969 1648
3 2661 4336 387
3 522 3992 3511
3 3505 6185 788
3 10 4146 11
3 761 5414 4843
3 556 6367 3984
3 3053 5488 401
3 576 4356 2766
3 715 4430 3398
3 3379 6475 902
3 1266 3740 2977
3 1257 4026 2748
3 3215 5162 1076
3 3532 4092 922
3 1308 3705 3024
3 1166 4986 4676
3 3536 3638 1224
3 1844 6480 2885
3 3190 5969 4055
3 3919 4207 339
3 147 3816 146
3 3139 5446 1074
3 989 6407 2874
3 1374 5191 3741
3 780 5760 2874
3 880 3991 2885
3 3040 6342 863
3 870 6040 2939
3 4542 4559 278
3 3507 4783 2203
3 270 4860 3710
3 3085 3770 1280
3 1825 5986 5196
3 3488 3545 1148
3 3926 5179 598
3 3263 3264 1290
3 2748 6789 6250
3 2906 6969 458
3 20 4381 2995
3 4893 6002 3407
3 3515 4414 800
3 1816 6734 2654
3 4236 5448 1608
3 3156 4762 2201
3 428 4420 2817
3 2286 6932 4493
3 2722 5050 1151
3 1327 4964 2661
3 1318 3726 2642
3 2201 4559 4542
3 2942 7623 2597
3 4623 7394 2925
3 1507 4893 3407
3 1113 3594 3281
3 3156 7473 4762
3 1076 3954 3215
3 4833 6871 2460
3 1169 4106 2592
3 1065 7596 3832
3 3133 4283 606
3 2756 6086 3984
3 3003 3563 342
3 2910 3701 1016
3 627 4634 3151
3 2899 3831 1796
3 3984 5738 2756
3 3398 4430 1657
3 2714 6506 3561
3 3317 3971 163
3 1332 5154 2626
3 3088 4926 1635
3 3106 5710 4466
3 2692 4654 522
3 3340 4826 1314
3 1048 7473 3914
3 5119 5901 2870
3 2218 6612 4220
3 4591 7056 1820
3 1208 4199 2858
3 154 5276 3144
3 1038 3888 2972
3 1450 7498 3135
3 3024 3779 1308
3 1076 5590 3954
3 1901 4594 4080
3 3007 5951 1716
3 2932 4426 860
3 3760 7042 2592
3 3572 7642 18
3 439 5700 3158
3 3325 4667 1487
3 4513 5942 1820
3 2770 5893 1228
3 1821 4478 3655
3 1682 6088 4168
3 3914 5877 1048
3 1343 4846 3755
3 598 5179 3779
3 2446 7249 1134
3 2642 4695 1331
3 880 6289 2641
3 2991 3510 1439
3 3755 4207 1343
3 3112 5660 5226
3 4667 6841 725
3 1721 3793 3606
3 714 3831 3000
3 3767 5377 2008
3 4695 5707 2317
3 512 3847 3228
3 2979 4452 1877
3 4451 5613 1180
3 3846 4833 571
3 268 4398 4348
3 2571 6544 1477
3 372 7348 3172
3 3606 3793 530
3 876 5180 2650
3 2983 7234 1285
3 2420 4564 3053
3 3750 7303 2104
3 2573 5077 323
3 1932 5814 5337
3 284 6492 3410
3 678 5124 3666
3 3850 6462 2706
3 618 6485 2775
3 2429 4324 1213
3 4153 5334 2484
3 891 4270 3965
3 1013 7648 5738
3 2123 6917 3112
3 2848 6872 540
3 4074 7703 1174
3 2870 4502 330
3 378 4756 4002
3 4153 6376 1143
3 2246 6392 4324
3 3022 3815 1430
3 4080 4634 1901
3 1902 3924 2884
3 3805 6650 919
3 993 6032 3426
3 3151 4956 879
3 2650 4471 411
3 2885 6480 880
3 4323 7432 1153
3 2720 4235 850
3 1291 5490 2517
3 2582 6667 5213
3 594 4259 2748
3 2663 5133 421
3 3141 6053 1256
3 805 5815 5376
3 3033 3767 2008
3 2942 5853 3932
3 1224 4947 3536
3 3488 5735 368
3 2979 5462 320
3 1796 3770 3085
3 2214 6765 6467
3 4762 7473 1048
3 1174 7100 2769
3 2392 4874 1355
3 3106 4466 1379
3 2020 6158 5179
3 3282 3940 581
3 3954 5590 2324
3 2709 6492 284
3 1436 4283 3133
3 4043 5512 429
3 2015 6425 2939
3 3850 6187 1248
3 599 6388 2822
3 4066 5629 1847
3 1432 4634 4080
3 2634 5409 1256
3 2822 4090 599
3 2022 7324 2842
3 4348 4398 1993
3 2105 6819 2634
3 4771 6194 901
3 3612 6264 4106
3 2122 5852 4274
3 3936 5031 2770
3 1331 3466 3421
3 284 7398 2618
3 3892 5931 2317
3 2766 5649 576
3 683 5520 2823
3 2820 5051 850
3 3315 5391 604
3 1279 4966 2807
3 955 5852 2655
3 1320 3889 3665
3 314 4125 2807
3 2018 4833 3846
3 4333 5191 1374
3 860 4208 2932
3 723 5728 4448
3 3228 5476 512
3 3096 4762 1048
3 734 3949 2992
3 3324 5652 2274
3 3827 7575 840
3 602 5020 2731
3 2768 5449 5103
3 1121 6096 3226
3 2856 5833 372
3 3518 7114 537
3 3158 5700 1791
3 1193 4230 2823
3 5310 6088 1682
3 2491 6643 879
3 36 4811 2919
3 1668 4002 2775
3 1021 6851 4635
3 3830 6523 4846
3 940 4034 2997
3 2018 4822 3666
3 1685 5241 4037
3 2597 7623 4338
3 2403 6344 3432
3 339 6430 5665
3 2768 7115 608
3 3446 4084 683
3 1811 6719 3516
3 970 6789 2748
3 2817 5334 428
3 5240 6641 3158
3 751 4529 2991
3 3223 6804 4980
3 2154 6053 3594
3 2933 7437 1524
3 3572 7249 2446
3 1773 4477 3428
3 2687 4352 1583
3 1998 6385 3318
3 4964 6839 2617
3 2546 6739 862
3 1825 3545 3488
3 576 5492 4356
3 2004 6855 2967
3 3024 5759 1657
3 2888 7328 6187
3 1290 3848 3263
3 879 4956 2491
3 1773 4842 2564
3 3964 4790 1253
3 1182 4539 2697
3 1804 4448 4238
3 2484 6840 967
3 3965 4270 1845
3 3666 4822 678
3 268 4753 4398
3 3128 6745 424
3 383 7328 2888
3 1487 5230 3515
3 2728 6365 3770
3 3832 7596 3032
3 2641 6420 339
3 2680 6061 1369
3 2995 3949 1902
3 387 5837 2980
3 3666 5124 2028
3 721 4741 2639
3 2078 5785 4033
3 3085 5471 1796
3 2711 6765 4472
3 3410 6492 2230
3 3072 5814 704
3 1486 5841 2817
3 2820 5582 364
3 1102 5476 3228
3 2748 4026 970
3 2063 4378 3507
3 654 4717 3685
3 2654 5225 598
3 2511 7312 3003
3 1301 6442 4326
3 4236 6703 5448
3 1917 7073 2939
3 2268 7333 3371
3 1477 4965 2571
3 3423 6872 2848
3 2400 4580 1098
3 2517 7664 3701
3 3755 6430 4207
3 860 5951 3007
3 1282 6382 6123
3 1718 4207 3919
3 1420 5152 4334
3 3263 4606 1208
3 1287 4307 2680
3 5103 5449 863
3 2980 7209 387
3 421 4281 2663
3 1795 6224 2731
3 5075 5259 1546
3 3263 3848 619
3 4943 6603 2567
3 1369 3832 3032
3 3044 7627 1266
3 479 5377 3767
3 151 3690 150
3 1871 6789 2906
3 5462 7042 320
3 1929 5789 3252
3 3056 4083 1199
3 3654 4602 652
3 2995 4381 1134
3 4414 4478 800
3 652 4947 3654
3 1266 7627 3057
3 2573 6377 5077
3 714 5952 2728
3 2964 3827 1248
3 4501 4536 581
3 1426 3638 3536
3 4130 4251 1317
3 2639 7410 721
3 2411 7255 6167
3 3093 7301 606
3 1301 5605 2977
3 283 7369 4251
3 489 5896 3998
3 1765 4406 3407
3 2720 6422 3162
3 3226 5790 411
3 556 6896 2910
3 3830 4846 1572
3 540 7592 2848
3 989 6187 2706
3 1353 6621 6397
3 3690 7594 150
3 1885 4727 3301
3 764 6345 3751
3 1999 6597 2747
3 2043 6320 4420
3 3112 6917 1021
3 166 3534 165
3 1353 4145 3133
3 6397 6621 2540
3 364 7570 2820
3 3040 4719 1948
3 3809 7617 1051
3 1583 5061 2687
3 4947 6147 3654
3 3561 4909 1081
3 2731 6224 602
3 805 6563 3739
3 2871 4858 1289
3 2997 5872 357
3 1081 7073 5382
3 1316 5778 3143
3 1546 5467 4499
3 1318 3969 3726
3 3816 5202 1194
3 3635 5295 1145
3 1828 4414 3515
3 2668 4607 1194
3 6288 6650 2077
3 1327 6839 4964
3 1153 4115 2702
3 3386 4572 2270
3 3721 5360 1906
3 1204 4255 3552
3 1397 4336 2661
3 5226 5660 1549
3 1217 4795 2710
3 2484 6376 4153
3 3609 3715 1164
3 672 5360 3721
3 4628 6636 1108
3 465 4098 3510
3 3123 7186 1115
3 3123 3924 734
3 2967 6855 4607
3 545 5935 3417
3 2225 6732 6116
3 650 4772 2719
3 1610 4656 4023
3 2230 5747 3410
3 3318 6385 691
3 2964 7575 3827
3 1999 3876 3190
3 4754 6900 2299
3 2650 5775 876
3 3510 4098 1439
3 459 5705 2608
3 4643 5013 1379
3 3552 5916 1749
3 1693 3809 3404
3 5077 6377 1907
3 1448 6641 5240
3 2626 5154 293
3 663 4581 3509
3 4328 5238 1598
3 5213 6667 1654
3 2831 5738 1295
3 411 5790 2650
3 2842 7032 2022
3 4064 5238 1182
3 4281 4908 2983
3 2182 5197 5123
3 1847 5629 5096
3 4002 4756 1760
3 3047 7452 1248
3 986 4101 2822
3 5665 6430 2410
3 4326 6442 2747
3 604 3800 3315
3 2750 5225 1374
3 2813 5320 1363
3 3109 6928 453
3 2212 5613 4451
3 2871 6372 337
3 4150 4759 1600
3 1587 5901 5119
3 4238 4448 1388
3 2723 6805 1038
3 1864 6856 6388
3 3104 6092 357
3 2077 4478 4414
3 4414 6288 2077
3 5377 7715 1999
3 3301 6690 5033
3 1940 4388 2944
3 3252 5789 422
3 2502 4966 1279
3 3219 5073 2298
3 3047 7328 383
3 2932 4208 1362
3 4326 6597 688
3 3167 4741 1730
3 610 7168 4171
3 2977 7284 1266
3 2104 5510 5031
3 1744 4452 2979
3 4472 6765 486
3 3386 6962 1658
3 986 6833 2944
3 4356 5492 1867
3 155 5276 154
3 1610 4023 3560
3 3372 7035 4008
3 6871 7604 1157
3 2944 6833 1940
3 2939 7066 1917
3 3863 4971 635
3 2564 5523 1773
3 3191 5596 2436
3 1766 5858 2672
3 1788 4251 4130
3 4150 5814 1932
3 522 7320 2692
3 2027 5437 5102
3 1546 5259 3665
3 2956 5392 970
3 3534 5689 165
3 1685 7314 2813
3 6388 6856 2822
3 2991 4529 1213
3 2972 4721 1038
3 1932 4759 4150
3 2964 7452 1011
3 3132 7411 3965
3 2822 6856 986
3 3559 6159 2490
3 3892 4634 627
3 3508 3906 618
3 3135 4020 576
3 1248 7452 2964
3 5031 5510 2770
3 1289 5576 2871
3 3142 4445 543
3 2874 5760 3252
3 4208 6145 1362
3 458 6969 3730
3 1280 5679 3085
3 1133 7249 3572
3 381 4601 3785
3 2672 7617 3809
3 3457 5914 1833
3 357 6092 2997
3 3228 6672 2037
3 933 6892 4328
3 3573 7150 2264
3 2702 5286 1593
3 1901 4634 3892
3 3665 3889 1546
3 1688 5852 5517
3 2008 7010 3033
3 3899 5596 1131
3 4906 5033 1562
3 3135 7498 4020
3 2225 6119 4270
3 3761 5148 1378
3 149 7594 5945
3 4334 4741 721
3 383 4531 3016
3 2769 7100 5228
3 2842 4386 710
3 3847 6672 3228
3 3768 4976 663
3 1123 5851 3000
3 4220 6612 539
3 5202 7694 1194
3 7458 7467 3400
3 512 5476 3835
3 342 6386 3127
3 3305 5726 1765
3 6159 7198 2490
3 1308 6158 3669
3 434 7337 3638
3 313 7625 3887
3 598 5246 2654
3 3112 5226 530
3 3167 5231 392
3 3561 6506 462
3 1420 4993 2957
3 1134 5935 2992
3 163 3971 162
3 337 4858 2871
3 1318 5825 5088
3 3888 6717 480
3 2775 6888 1668
3 3509 3768 663
3 1867 4971 3863
3 489 6820 3251
3 4727 7737 635
3 4334 5152 1730
3 1156 4445 3142
3 2747 6597 4326
3 3007 4208 860
3 4783 5119 2203
3 2655 5178 955
3 2722 7487 5050
3 1290 3786 3785
3 2632 5779 922
3 4324 6392 1213
3 3051 6274 1355
3 1947 7288 2856
3 2906 6789 970
3 1316 6615 5778
3 3002 6382 1282
3 2856 4515 1947
3 2957 6717 1420
3 3971 6341 162
3 1362 6145 3882
3 1702 5689 3534
3 1623 5295 3635
3 713 4572 3386
3 1833 6134 3457
3 1266 7284 3044
3 3240 6450 1332
3 369 5759 3024
3 3252 5407 1682
3 3730 4084 1434
3 2736 6412 1939
3 3899 4251 1788
3 4034 5872 2997
3 3751 6345 2385
3 4338 7623 1464
3 310 6119 6116
3 1788 5596 3899
3 3135 7161 1450
3 310 4591 3911
3 1404 4721 2972
3 2750 7584 598
3 3172 4897 372
3 3701 7664 1016
3 429 5006 3022
3 2770 5510 159
3 1861 4976 3768
3 2706 6407 989
3 2633 4945 1728
3 4026 4586 1690
3 2980 5837 1540
3 3085 5679 33
3 1102 7493 5476
3 2943 4746 313
3 3655 3947 1291
3 4591 5096 2161
3 3723 6976 1296
3 3878 4529 2021
3 2710 5248 1217
3 1289 6606 5576
3 150 7594 149
3 1076 7320 3511
3 1213 6392 2991
3 1240 4285 3139
3 738 4593 3352
3 2263 7352 4351
3 967 5033 2724
3 414 5853 2942
3 3318 4127 1998
3 3887 7625 2831
3 3421 3466 363
3 1864 4909 3561
3 3516 6719 4076
3 3127 5240 1053
3 1528 6932 3352
3 2973 6644 502
3 5141 6086 2756
3 1439 5793 2991
3 1386 6625 4184
3 1564 4350 3786
3 36 6849 37
3 652 3985 3536
3 2775 5442 618
3 970 5223 2956
3 3340 5888 4826
3 4805 4874 2392
3 1370 5392 2956
3 2817 5841 949
3 3742 7720 6320
3 4114 6744 1263
3 4122 5448 1812
3 3826 6839 1327
3 2502 7675 3969
3 1549 5276 3372
3 1328 7309 3190
3 3667 5546 712
3 3492 4501 581
3 1287 4511 3751
3 3724 4511 1287
3 598 5225 2750
3 4161 4184 713
3 3985 6732 2225
3 3227 6621 1353
3 2875 6504 1205
3 2874 6407 4996
3 3665 3871 1320
3 855 7150 3573
3 1277 4928 2736
3 4466 5710 855
3 4146 5157 2156
3 909 6002 4893
3 1383 7686 3932
3 1213 4529 3878
3 2639 6744 4114
3 1134 7249 3417
3 3887 7324 2022
3 1121 6081 3555
3 422 5407 3252
3 3761 5846 2113
3 1850 6475 6231
3 337 6372 2944
3 2212 5013 4643
3 5162 7320 1076
3 3282 6497 1113
3 1332 6900 3574
3 1016 7478 2870
3 5865 6496 2216
3 1625 5334 2817
3 3223 7592 540
3 3907 5993 3427
3 3999 7503 7088
3 650 3871 3665
3 2446 7642 3572
3 3574 3994 1332
3 5846 6506 2113
3 3715 4978 1164
3 6032 7658 3426
3 2956 6414 335
3 1430 3768 3509
3 1694 4043 3509
3 3057 5339 1266
3 4433 6852 751
3 3251 4805 1283
3 3935 5251 1568
3 1296 6976 3835
3 3509 4043 1430
3 3785 3786 381
3 1101 5680 3016
3 392 5138 3684
3 2110 6615 4189
3 2944 5431 986
3 606 7301 3715
3 3057 7627 5444
3 5123 5197 1708
3 6538 6933 2375
3 4066 4602 1480
3 310 5096 4591
3 4161 5512 1694
3 3410 5066 284
3 790 5782 4628
3 701 6467 4023
3 1451 5567 2928
3 1572 4846 4612
3 2697 6808 4604
3 3555 6081 2123
3 2728 5952 1540
3 2173 7567 3215
3 3568 6485 618
3 2642 5825 1318
3 3935 7632 5925
3 649 4549 3740
3 1370 4084 3730
3 3511 3992 1791
3 2199 6400 3669
3 5448 5772 1812
3 3022 5908 1162
3 3892 5707 1133
3 618 5442 3194
3 4478 5791 3655
3 1016 5901 2910
3 1798 4221 3455
3 3671 4717 654
3 5444 7627 1003
3 3560 4023 1276
3 3007 4267 561
3 283 4251 3899
3 1108 5297 3569
3 3744 5735 1465
3 1845 6790 3132
3 3414 4564 1012
3 787 4189 3741
3 2991 5793 751
3 1131 5596 3191
3 1421 3994 3574
3 1121 7488 3078
3 970 5392 2906
3 4452 5244 1877
3 297 6960 3139
3 3715 7301 2490
3 1116 7505 2957
3 3227 4738 369
3 3036 7088 2381
3 6123 6382 2668
3 4033 5556 1289
3 2230 7391 5747
3 1283 4762 3096
3 1821 6086 5141
3 1540 5090 2728
3 1274 6092 3104
3 4928 6450 543
3 1074 6837 2766
3 3264 4171 1290
3 19 4381 20
3 4002 5652 378
3 1707 5789 5659
3 6833 6856 3330
3 3139 4285 297
3 1257 4586 4026
3 1331 5931 3213
3 1728 6979 2633
3 4811 6684 2919
3 4351 7173 2263
3 1248 7328 3047
3 1363 5911 2813
3 3255 5488 1484
3 3950 5481 1693
3 3298 6730 24
3 2943 7454 1156
3 3427 7345 537
3 381 5595 4601
3 3104 4765 1274
3 372 6470 2856
3 5043 5935 545
3 2504 7420 7106
3 1038 4721 3180
3 1540 5837 3036
3 4676 4986 2078
3 3072 6667 2582
3 4215 5517 2122
3 2316 6871 4970
3 6096 6347 1739
3 3685 4717 1388
3 1337 6170 2973
3 1221 6540 4803
3 3911 4591 1820
3 1064 4256 3563
3 691 5517 4215
3 3371 7570 364
3 1600 4860 4011
3 29 6740 3323
3 3106 6414 1690
3 2037 6341 3971
3 1379 5013 3106
3 2123 6081 6048
3 619 4606 3263
3 3395 5057 1338
3 1064 4127 3318
3 3172 7348 1284
3 3472 5858 807
3 357 5872 2926
3 2539 5298 4330
3 3742 6320 2043
3 3400 7467 538
3 3739 5815 805
3 5556 6606 1289
3 2618 7398 4274
3 1660 4536 4501
3 3815 5146 1430
3 5284 6813 934
3 807 4837 3472
3 4220 7703 2218
3 3255 6940 2105
3 2617 6747 4964
3 24 5927 3298
3 335 5013 4451
3 3323 5924 29
3 811 7472 5215
3 3379 7556 2341
3 3151 6074 627
3 715 6160 4430
3 283 7456 4199
3 1465 4413 4278
3 1559 5449 2768
3 1730 5231 3167
3 3155 6751 1820
3 1282 7238 3002
3 3536 3985 1426
3 922 6940 3255
3 2264 4799 3573
3 4332 5251 2048
3 1603 4623 2925
3 6776 7472 811
3 1369 3927 3802
3 2888 6226 383
3 3706 5679 1280
3 3330 6856 1864
3 1587 5119 4783
3 3016 4531 1480
3 4244 5951 2401
3 1256 4360 3141
3 3935 5925 2048
3 4098 5178 1439
3 3565 4278 539
3 2870 5901 1016
3 4462 6538 2375
3 3352 6932 2286
3 581 3940 3492
3 2401 5961 4257
3 1102 6952 3971
3 2302 5529 3108
3 294 4236 3947
3 5655 6351 3798
3 5576 6606 2615
3 591 4945 3455
3 618 3906 3568
3 1798 6684 4811
3 335 6414 3106
3 594 7411 3132
3 3492 7546 1131
3 784 4229 3677
3 3563 7312 1064
3 3950 6776 5481
3 5634 5976 2305
3 3760 4993 2071
3 790 5363 4759
3 863 7049 3040
3 1101 7385 3033
3 815 4874 4805
3 902 7556 3379
3 2939 7073 4128
3 3999 7088 842
3 169 3964 168
3 3677 5992 784
3 4904 6934 2211
3 1877 5244 3021
3 3282 6302 1393
3 865 7310 3755
3 2992 6437 734
3 3190 7309 1999
3 5148 6548 1378
3 4515 4996 1947
3 1284 4593 3172
3 5735 6948 1465
3 294 5778 4236
3 294 3947 3655
3 3574 5015 1421
3 2654 5246 4430
3 1113 6497 3594
3 663 5224 4581
3 3755 7310 2410
3 3534 4351 1302
3 3003 7312 3563
3 4127 7312 2511
3 4314 4826 2320
3 381 4350 3914
3 3277 4114 1263
3 1992 4230 3678
3 1164 6915 3227
3 1451 3999 3803
3 2540 6085 3705
3 1564 4514 4350
3 1719 4426 3435
3 3053 4564 1484
3 712 5659 3667
3 2100 7403 3709
3 1421 5015 3531
3 562 5851 3435
3 3106 5013 335
3 3803 3999 842
3 2436 5596 5163
3 339 6420 3919
3 711 5251 4332
3 3144 5660 1021
3 701 7147 6467
3 1765 5726 4406
3 767 6900 4754
3 712 5546 5241
3 4513 7056 870
3 4230 7148 683
3 4023 4656 701
3 1690 5710 3106
3 2048 5251 3935
3 4189 6615 2750
3 3108 5529 2521
3 3667 5659 1929
3 1618 4897 3172
3 3753 5124 678
3 2698 6010 4874
3 6120 6928 2111
3 3132 6790 1002
3 949 5856 2817
3 3531 5015 2319
3 1314 4314 4092
3 3073 7437 5934
3 1088 6564 2942
3 369 6621 3227
3 309 4640 3934
3 2274 7482 3324
3 1694 4184 4161
3 17 4594 3572
3 1011 5914 3457
3 3802 5311 473
3 323 5605 4151
3 1314 4092 3532
3 864 5634 3180
3 1877 6540 2979
3 1583 4421 3532
3 4360 6377 746
3 1320 4060 3889
3 5934 7437 1037
3 2831 6205 5738
3 879 7653 3151
3 3143 5778 294
3 2807 5354 314
3 1012 4719 3414
3 1131 7546 3899
3 3364 6558 1404
3 751 5793 4433
3 3969 7675 424
3 1549 5660 3144
3 3352 4593 1284
3 1847 4602 4066
3 1276 7520 3560
3 5163 5596 1788
3 1290 4171 3786
3 6710 7230 1568
3 1540 5952 2980
3 6404 7063 3318
3 688 7671 7591
3 537 4485 3518
3 3709 4914 1872
3 3678 4230 1193
3 3000 6112 714
3 1064 7312 4127
3 3194 5442 1760
3 3297 7458 1088
3 2176 5913 5230
3 833 6297 4966
3 1112 5726 3305
3 3162 6820 489
3 4348 6778 268
3 1263 6744 3167
3 1279 4125 3993
3 3509 4581 1694
3 3516 4076 1277
3 3569 5297 1871
3 1002 6751 3155
3 2627 7042 5462
3 5073 7014 2298
3 4799 5615 2341
3 1053 6919 3992
3 3714 5468 2197
3 1337 7570 3371
3 3144 5276 1549
3 4738 5759 369
3 3226 7488 1121
3 523 5339 3057
3 3417 5707 545
3 3447 4965 1477
3 3730 4875 458
3 166 4351 3534
3 3180 5634 2723
3 3669 6400 1308
3 2254 7467 7458
3 3021 5693 500
3 760 7631 4477
3 1113 7121 3282
3 1448 4501 3492
3 1598 5238 4064
3 3802 3927 1456
3 4783 7245 1587
3 1564 7168 3141
3 5051 7570 1337
3 3602 5846 1378
3 6420 7238 3919
3 1439 6944 5793
3 2502 5088 4966
3 433 5615 4799
3 4184 4581 1386
3 3215 5794 1738
3 4002 5442 2775
3 3530 7648 1013
3 4502 7478 1338
3 4314 5788 523
3 13 7713 14
3 3847 6912 2266
3 955 7082 4274
3 704 4150 4011
3 2925 7369 1603
3 3371 6170 1337
3 5833 7708 372
3 465 6344 4098
3 712 5241 4650
3 1785 4771 3684
3 2870 7478 4502
3 3993 4125 1811
3 3067 5224 663
3 3964 7173 168
3 5279 7420 2504
3 543 7076 3142
3 1308 6400 3705
3 2944 6926 337
3 4451 5013 2212
3 2893 7717 6459
3 1668 5652 4002
3 2871 6475 6372
3 4330 5640 451
3 3421 5825 2642
3 2263 7173 3964
3 512 6912 3847
3 5315 6633 4499
3 4600 6120 2111
3 1484 4564 3414
3 3745 6347 1166
3 2992 5043 1648
3 4612 7488 1572
3 6372 6475 1850
3 335 6496 2956
3 3325 6205 1852
3 4683 6691 933
3 4909 6388 2315
3 668 5057 3395
3 3040 7049 2109
3 4795 6612 2218
3 3947 4236 1608
3 2817 5856 1625
3 3934 4640 1706
3 3786 4350 381
3 691 6404 3318
3 3457 6134 649
3 363 4906 3359
3 25 4244 26
3 4151 5605 2182
3 3563 4256 1490
3 5259 6656 650
3 3888 5152 1420
3 4074 6710 711
3 3000 5111 1651
3 27 4257 28
3 2317 5707 3892
3 766 5604 4938
3 3141 6752 1564
3 4256 4725 1490
3 543 6412 4928
3 2977 6879 1301
3 672 5655 3798
3 734 6706 3123
3 3882 4200 1362
3 1842 5728 4921
3 2706 6187 3850
3 1378 5846 3761
3 5213 5371 2268
3 4199 7456 2858
3 3172 6577 1618
3 1716 6730 3298
3 7238 7727 3002
3 1465 4278 3565
3 34 5679 3706
3 2462 6778 4348
3 314 5354 3238
3 1456 4341 4237
3 1013 6205 3325
3 4408 7547 1562
3 3078 6081 1121
3 780 4996 4515
3 364 5582 4055
3 1274 4765 3432
3 4586 5710 1690
3 14 7713 4061
3 2381 7609 5090
3 2769 7230 6710
3 1228 5893 3983
3 2245 5825 3421
3 1677 5273 3093
3 1100 7161 3135
3 392 5403 5138
3 3701 4112 1291
3 711 6710 5251
3 2967 6669 2004
3 4980 6804 1812
3 6912 6976 2615
3 4089 4361 1790
3 3323 6740 1719
3 1821 5141 4478
3 3472 7617 5858
3 4635 6851 2316
3 1635 4926 3123
3 3726 5043 545
3 5337 5814 1783
3 2341 7556 7203
3 1694 4581 4184
3 1791 6919 3158
3 1603 6424 4623
3 1814 6074 3151
3 3303 6002 909
3 4430 5246 1657
3 3359 5278 2245
3 4966 6297 2807
3 1562 7547 4906
3 3744 5864 368
3 3914 7473 2138
3 1739 6347 3745
3 3154 6397 2540
3 3770 7666 714
3 3033 7385 3767
3 4996 6462 1947
3 3282 7121 3940
3 4307 5244 673
3 3194 5215 1482
3 433 4361 4089
3 1765 7015 3305
3 2856 6470 4515
3 1205 6504 4176
3 5738 6205 1013
3 2038 6820 3162
3 2991 6392 3510
3 1783 5073 3219
3 2254 7458 3297
3 1426 6539 3638
3 409 4871 3560
3 725 5046 3635
3 3158 6641 439
3 6656 7250 1615
3 1635 6706 3128
3 627 6074 5931
3 2608 5705 4250
3 5354 6297 1450
3 1648 6437 2992
3 3779 5246 598
3 4480 7100 1174
3 3317 5689 1702
3 473 5311 4114
3 1623 5046 3142
3 1151 5391 3315
3 1207 5492 4020
3 4826 7575 2320
3 2389 7292 5133
3 1088 7686 3297
3 1744 5415 4237
3 2820 7570 5051
3 800 5141 3530
3 767 5015 3574
3 4285 4842 1773
3 7245 7603 1587
3 4515 6470 2082
3 683 5865 5520
3 4267 4926 561
3 1204 5341 3427
3 3455 4221 591
3 3914 4350 1703
3 1891 4511 3724
3 3706 7580 34
3 1660 6718 3127
3 4462 6022 892
3 4098 6344 2374
3 3511 5590 1076
3 1651 6112 3000
3 4549 6879 3740
3 1262 6231 3379
3 1952 4717 3671
3 3128 6437 1648
3 6641 7610 3191
3 1572 7488 3226
3 3238 7416 314
3 2706 6462 4996
3 1296 4541 3573
3 465 5370 3432
3 2320 5788 4314
3 439 6641 3191
3 3423 7478 1016
3 3301 4727 635
3 1486 5705 3418
3 167 4351 166
3 673 4452 4341
3 909 6018 3993
3 1253 5992 3677
3 4274 7082 2618
3 1688 7527 4908
3 6382 6806 538
3 1477 6544 3398
3 3785 4601 1436
3 1648 5043 3726
3 1263 4771 3277
3 2299 6450 4928
3 4011 4150 1600
3 2077 6650 3143
3 1654 5371 5213
3 3793 4986 1166
3 1716 5951 4244
3 2113 6829 3761
3 673 5244 4452
3 383 6652 3047
3 4628 5782 1895
3 1002 7081 3132
3 1760 5442 4002
3 1623 7076 3240
3 4477 7631 3056
3 1958 5364 4531
3 3142 7076 1623
3 3078 7488 4612
3 4257 5961 1719
3 3684 4771 1263
3 3446 5248 2710
3 2201 7319 3156
3 986 6856 6833
3 4433 5793 2389
3 1448 7610 6641
3 3707 5371 1654
3 3400 6564 1088
3 3635 5046 1623
3 1872 5855 5649
3 3536 4947 652
3 4966 5088 833
3 5567 7222 2928
3 1703 5877 3914
3 7591 7671 2720
3 3317 6179 1102
3 3155 7208 1002
3 1169 7542 3508
3 3472 4837 1658
3 3155 5942 599
3 3435 6634 1719
3 788 7329 3505
3 473 6232 3802
3 501 4914 3709
3 2022 6909 3887
3 3154 6424 619
3 3096 5896 489
3 766 6843 5382
3 4908 7527 2983
3 3455 6684 1798
3 2341 5615 3379
3 6459 7717 327
3 4341 4452 1744
3 2182 5123 4151
3 3940 7546 3492
3 2389 5133 4433
3 3044 7284 5077
3 3786 4171 1564
3 3761 6829 894
3 581 6302 3282
3 3024 6085 369
3 833 5278 3585
3 1765 6002 3303
3 864 5976 5634
3 4084 5865 683
3 5794 7567 293
3 1760 7635 3194
3 1817 4361 4054
3 5901 7603 2910
3 4890 5303 604
3 5659 5789 1929
3 4605 5772 1897
3 4539 6462 528
3 3767 7385 2178
3 4237 4341 1744
3 1021 5660 3112
3 1450 7161 5354
3 3950 4836 2221
3 277 6998 3340
3 1690 5223 4026
3 378 5652 3324
3 424 7675 3424
3 3002 6806 6382
3 2475 7459 3277
3 591 6365 5090
3 1131 7610 3492
3 4992 7084 2100
3 3190 7014 932
3 4080 6063 1432
3 4106 6549 2592
3 3492 7610 1448
3 5486 7454 2943
3 1360 5066 3410
3 3123 6706 1635
3 1404 5190 3364
3 5077 7284 323
3 4054 4361 433
3 4875 5925 458
3 1484 5488 3053
3 3826 5111 562
3 3418 5705 459
3 3751 4511 764
3 1200 5905 3372
3 2615 6976 3723
3 6116 6732 1847
3 1702 6179 3317
3 1844 5259 5075
3 1432 6063 4061
3 1992 5248 3446
3 1100 6646 4384
3 368 5986 3488
3 3560 7520 5670
3 1477 6915 3447
3 4235 7671 1328
3 6654 6829 2058
3 2731 5020 4466
3 1852 6841 3325
3 3228 6952 1102
3 4384 6646 2319
3 4676 4858 337
3 4580 6432 1098
3 1338 7478 3423
3 3545 7016 1148
3 4079 4915 1201
3 3372 5905 1549
3 1053 5240 3158
3 5707 7249 1133
3 1143 6698 4153
3 4478 5141 800
3 4330 6729 5640
3 1507 4200 3882
3 3191 7610 1131
3 1240 4842 4285
3 4542 6997 1704
3 2429 4373 4324
3 842 6965 3507
3 649 6186 3457
3 4079 5273 781
3 4236 5778 2110
3 4656 6130 701
3 3135 5855 1100
3 1851 7063 6404
3 2434 7359 3283
3 1610 4907 4656
3 1587 7603 5901
3 1450 6297 3585
3 3755 4846 865
3 3805 4472 2020
3 4531 5364 1480
3 1749 6351 5655
3 16 4594 17
3 4352 4421 1583
3 3139 6960 5446
3 949 6537 5856
3 1162 5908 3991
3 1766 5243 4696
3 3132 6515 594
3 3252 5760 1929
3 788 5371 3707
3 1207 7498 3585
3 1966 7727 7238
3 1123 6634 3435
3 5317 5415 1744
3 2105 6546 3255
3 3927 4341 1456
3 3560 5670 409
3 540 6804 3223
3 1353 6397 4145
3 2305 5976 3722
3 337 6926 4676
3 1562 4971 4408
3 4408 5492 1207
3 4676 6926 2648
3 1295 5738 3984
3 1434 4875 3730
3 1388 5728 3685
3 4359 6208 1145
3 3452 6224 1795
3 3549 6669 1037
3 1328 7671 4476
3 1205 6185 3505
3 3671 7258 1952
3 164 5689 3317
3 2944 6372 5431
3 4536 6302 581
3 6504 6863 4176
3 863 5449 3722
3 147 5202 3816
3 462 6786 3330
3 2566 5815 5794
3 4640 5752 2092
3 2385 6345 6310
3 1436 4601 4283
3 3684 5138 1785
3 1164 4978 3447
3 3238 7161 1100
3 3315 7519 2722
3 539 6612 3565
3 3158 6919 1053
3 879 6643 3742
3 3932 5853 2323
3 599 6429 3155
3 3215 7567 5794
3 5897 6747 2617
3 3414 6150 1484
3 4559 6274 278
3 2037 6952 3228
3 3162 6422 2038
3 2401 7364 4244
3 530 5226 3606
3 4586 7150 5710
3 4833 6048 571
3 561 6145 3007
3 673 4341 3927
3 5802 7131 764
3 4257 7364 2401
3 928 6684 3455
3 1704 6997 5328
3 3508 7542 3906
3 5354 7161 3238
3 602 6224 3452
3 2375 6022 4462
3 3417 5935 1134
3 3907 5992 1253
3 701 5163 4130
3 4020 5492 576
3 3899 7546 2366
3 4846 6523 865
3 3560 4871 1610
3 24 6730 25
3 6599 6965 3036
3 3574 6900 767
3 28 6740 29
3 3507 6965 2063
3 293 7567 4264
3 3532 5779 1583
3 3516 6600 1811
3 33 5679 34
3 3715 7198 4978
3 3127 6386 1660
3 5856 6537 2893
3 2154 4664 4182
3 5778 6615 2110
3 1651 5111 3826
3 5230 5913 409
3 1721 4986 3793
3 1657 5759 3398
3 3753 7694 5124
3 148 5202 147
3 5223 6414 2956
3 538 6806 3400
3 3418 5841 1486
3 3219 7337 1783
3 3887 6909 313
3 5111 5851 562
3 5124 5945 2028
3 1728 7609 7503
3 5006 5908 3022
3 3398 6544 715
3 1568 7230 3710
3 635 6690 3301
3 5931 6074 3213
3 3305 7015 729
3 2004 6669 3549
3 932 5969 3190
3 3512 5370 2246
3 746 7483 3271
3 7106 7420 1112
3 1791 5590 3511
3 3452 7428 602
3 3417 7249 5707
3 2082 5546 3667
3 3677 7352 2263
3 4485 5196 1193
3 2071 6791 5415
3 4542 5597 2201
3 3435 5851 1123
3 3213 6698 1143
3 1482 7472 3599
3 1749 6283 3552
3 2147 7416 3238
3 2455 6347 6096
3 4101 5431 1850
3 2058 6829 4938
3 462 5846 3602
3 3606 5905 1200
3 2486 5945 5124
3 5747 6194 2669
3 3721 5341 1204
3 4226 5046 725
3 5951 5961 2401
3 5793 6944 2389
3 330 7222 5567
3 277 4421 4352
3 3457 6186 2231
3 151 4970 3690
3 1378 5180 3602
3 3800 7519 3315
3 380 5102 4200
3 420 4836 3950
3 3151 7653 1814
3 3850 6451 528
3 3227 6915 4738
3 3889 5467 1546
3 922 5779 3532
3 580 6264 3612
3 1795 7493 3452
3 5341 7345 3427
3 1648 6745 3128
3 4945 7609 1728
3 3899 7456 283
3 701 6130 5163
3 729 6600 3516
3 894 5148 3761
3 712 4650 4620
3 309 5752 4640
3 1490 5103 3676
3 3892 6660 1901
3 3297 5934 2254
3 170 4790 169
3 29 5924 30
3 3644 5916 174
3 158 7375 157
3 4928 6412 2736
3 34 7580 35
3 2038 7108 3251
3 3585 6297 833
3 1217 5864 3744
3 4471 5543 411
3 3424 6018 2062
3 1709 4666 4620
3 4772 6656 1615
3 1660 6386 3482
3 3741 5191 1897
3 1658 6962 3472
3 3488 5986 1825
3 3742 6643 1671
3 3927 6061 673
3 1952 5568 4756
3 2274 5303 4890
3 4020 7498 1207
3 940 5390 4600
3 1872 6837 3709
3 2807 6297 5354
3 3665 5259 650
3 3815 7310 5146
3 4620 4666 1707
3 714 6112 5952
3 4350 4514 1703
3 1906 5341 3721
3 4026 5223 970
3 23 5927 24
3 4283 4601 1677
3 157 7375 4008
3 3753 6123 2668
3 3750 5785 1721
3 2122 5066 4215
3 2078 4858 4676
3 3552 6283 1204
3 2232 6208 4359
3 3779 5179 1308
3 3303 7015 1765
3 3740 6186 649
3 986 5431 4101
3 35 4811 36
3 4351 7352 1302
3 5066 7398 284
3 2747 6442 5377
3 1989 6747 5897
3 4114 5311 2639
3 5025 5802 1891
3 4011 4860 1641
3 4244 7364 26
3 2048 5925 4875
3 3482 5774 1660
3 3685 5243 654
3 27 7364 4257
3 327 5829 4323
3 2176 5230 4667
3 4656 4907 1944
3 1328 5582 4235
3 901 6194 5747
3 780 6587 5760
3 1088 7458 3400
3 2402 6432 4580
3 4112 6086 1821
3 1704 4915 4079
3 1195 7519 3800
3 1314 4826 4314
3 3707 7329 788
3 807 7247 4837
3 1693 5481 3671
3 1108 6636 3436
3 4267 7186 4926
3 892 5227 4462
3 3305 7691 1112
3 3667 6587 2082
3 1798 7580 3706
3 4095 4822 1718
3 1250 5123 3998
3 3710 5363 1568
3 865 6523 5146
3 2460 6048 4833
3 1817 4722 4361
3 604 5303 3800
3 3298 6223 1716
3 2420 6302 4536
3 4666 5604 766
3 4270 4732 2225
3 4361 4722 1790
3 4221 6365 591
3 2893 6746 5856
3 3511 7320 522
3 1038 5152 3888
3 3414 7191 592
3 4098 7243 5178
3 152 4970 151
3 1445 7198 6159
3 1654 5743 3707
3 4759 5782 790
3 4874 6010 1355
3 4666 4889 1707
3 1133 6660 3892
3 1568 5363 3935
3 3685 5728 1842
3 751 7084 4529
3 5794 5815 1738
3 1895 6636 4628
3 3722 7049 863
3 1785 5138 4576
3 1671 7720 3742
3 671 5785 3750
3 671 5031 3936
3 4324 4373 700
3 4182 4664 401
3 3669 6158 486
3 891 7719 4732
3 5856 6746 1625
3 3340 6998 1808
3 4229 7352 3677
3 3324 6263 1804
3 1651 7209 6112
3 729 6182 3305
3 3427 5993 2257
3 169 4790 3964
3 3507 7293 842
3 3876 7014 3190
3 5377 6442 2008
3 3994 5154 1332
3 1719 6634 3323
3 592 6150 3414
3 1393 6497 3282
3 4307 7763 5244
3 3549 5978 2004
3 6205 7625 1852
3 2048 4875 4332
3 4408 4971 1867
3 3709 6837 1074
3 2063 6965 6599
3 3803 5567 1451
3 928 7137 4580
3 2928 7222 6032
3 486 6158 4472
3 3863 4842 1240
3 4964 6747 819
3 4605 4980 1812
3 1191 6351 3644
3 1808 5888 3340
3 4153 6698 1814
3 932 7014 5073
3 4386 7324 1295
3 5437 7341 2932
3 3602 6786 462
3 1808 6998 3364
3 1906 5196 4485
3 4328 4825 2457
3 3599 7472 2221
3 174 5916 173
3 5590 5700 2324
3 598 7584 3926
3 1851 4725 4256
3 486 6765 4190
3 3935 5363 790
3 4897 5546 2082
3 3654 6147 1101
3 1430 5146 3768
3 1115 6223 3298
3 3330 6786 1940
3 4576 5138 1559
3 3446 7148 1992
3 4130 5163 1788
3 5107 5227 892
3 4151 5123 1250
3 4264 5295 2626
3 359 6603 3724
3 9 5157 10
3 1749 5916 3644
3 5382 6843 2714
3 1991 7091 3798
3 512 6976 6912
3 3644 6351 1749
3 673 6061 4307
3 540 5891 4122
3 3510 6392 2246
3 1051 6962 3386
3 4066 5364 786
3 1598 4825 4328
3 602 7428 3902
3 3721 5655 672
3 1180 7114 3518
3 2366 7456 3899
3 4451 6496 335
3 2216 6496 4451
3 3323 6634 1123
3 4037 5241 1618
3 1891 5802 4511
3 876 5775 3745
3 4620 4650 1709
3 1343 6390 3846
3 4190 6765 2214
3 4889 4957 1707
3 714 7666 3831
3 4837 6531 1658
3 3828 6185 1205
3 6112 7209 2980
3 4938 5604 2058
3 1420 6717 3888
3 1426 7719 6539
3 3723 7556 902
3 1966 7238 6420
3 2159 6691 4683
3 3364 6668 1808
3 766 5382 4889
3 4725 7115 1490
3 1157 7133 3690
3 3882 6145 561
3 2567 6817 4943
3 891 4732 4270
3 3251 6820 2038
3 3798 7091 672
3 562 7341 5437
3 540 6872 5891
3 421 4908 4281
3 4803 6540 1877
3 2392 6274 4559
3 1618 5546 4897
3 156 7035 3372
3 2062 6018 4893
3 1608 5490 3947
3 678 4822 4095
3 2486 7694 5202
3 4115 5286 2702
3 5328 6330 1704
3 4593 6577 3172
3 4529 7084 2021
3 145 5978 3549
3 5133 7292 421
3 3947 5490 1291
3 3936 5556 671
3 1445 6279 4978
3 2082 6587 4515
3 2687 5668 4352
3 1016 7664 3423
3 1704 6330 4915
3 486 7646 3669
3 1685 4753 4650
3 6564 6806 1464
3 1940 6833 3330
3 6187 6489 2888
3 3602 7039 1940
3 1456 5311 3802
3 862 6739 4064
3 5238 5833 1182
3 2020 5179 3926
3 4519 4725 1851
3 1102 6179 3452
3 5279 6383 819
3 3452 7493 1102
3 3432 7390 2403
3 860 5961 5951
3 4332 4875 1434
3 4943 6817 979
3 1707 5659 4620
3 3666 7604 2018
3 4472 6158 2020
3 2426 7411 6250
3 3318 7063 1064
3 6806 7727 1464
3 4244 6730 1716
3 2385 5693 3751
3 6310 6345 2023
3 6385 7234 2983
3 462 6506 5846
3 781 5597 4079
3 3739 6563 1285
3 3678 5986 368
3 3835 5476 1795
3 453 6120 4083
3 3447 6915 1164
3 159 5510 158
3 1842 5752 4696
3 3998 5123 1708
3 4079 5597 1704
3 1480 5364 4066
3 2344 5833 5238
3 4215 5066 1360
3 766 4889 4666
3 1903 6340 3871
3 3418 6628 1928
3 2266 5556 3936
3 1719 6740 4257
3 4907 7377 792
3 4011 7120 704
3 1145 5295 4264
3 2109 7049 3722
3 500 7487 4803
3 1939 6412 4445
3 2491 4956 4061
3 3800 5303 1668
3 5409 7725 1907
3 342 7323 6386
3 3724 6603 1891
3 4083 6626 1199
3 3984 6367 1295
3 6032 7222 1997
3 5952 6112 2980
3 4326 5197 2182
3 3676 7323 342
3 787 6703 4189
3 1861 6523 3830
3 4307 6061 2680
3 420 6932 4836
3 1998 7234 6385
3 721 7410 4237
3 3407 6002 1765
3 3655 5791 294
3 31 5471 32
3 3911 6119 310
3 3722 5976 2109
3 1603 7369 4199
3 3482 7323 1948
3 1668 6888 3800
3 1791 5700 5590
3 4433 5133 1417
3 4055 5582 1328
3 1194 6855 3816
3 2111 6565 4600
3 2910 6896 3701
3 1658 6531 5512
3 1833 6652 5680
3 4466 5020 1379
3 1811 6600 3303
3 3745 5775 1739
3 4168 6489 989
3 19 7642 4381
3 3573 7203 1296
3 989 6489 6187
3 4604 6808 2476
3 4200 5102 1362
3 5486 7106 1112
3 1693 6619 3809
3 1958 6489 4168
3 5597 7319 2201
3 3359 7547 1207
3 5925 7632 2494
3 5225 6734 1374
3 2885 7250 6656
3 2410 6430 3755
3 3818 7432 1590
3 2434 6185 3828
3 4330 5298 1398
3 3710 7230 270
3 3705 6085 3024
3 1490 7115 5103
3 5640 6432 2402
3 4190 7394 2199
3 4650 4753 1709
3 15 6063 4080
3 1991 7016 3545
3 3400 6806 6564
3 1917 4957 4889
3 4811 7580 1798
3 5231 7164 392
3 3277 7459 4114
3 4061 4956 1432
3 3983 6672 1228
3 3671 6619 1693
3 919 6650 6288
3 4499 5075 1546
3 4914 6646 1872
3 368 5735 3744
3 671 5556 4033
3 3971 6952 2037
3 1907 7725 6471
3 1204 6283 3721
3 2813 5911 4398
3 4250 5705 1486
3 2203 7293 3507
3 1928 7264 3418
3 4580 7137 2402
3 2385 6310 5050
3 3638 6539 434
3 2437 6948 5735
3 1940 6786 3602
3 4799 7203 3573
3 2302 7631 4115
3 4207 6430 339
3 2379 5992 3907
3 4061 6063 14
3 3816 6855 2004
3 3832 6232 2395
3 2266 6606 5556
3 165 5689 164
3 652 6732 3985
3 4511 5802 764
3 1295 6367 4386
3 2504 6383 5279
3 2028 7133 3666
3 3831 7666 1796
3 5090 7609 591
3 4189 6703 2110
3 2105 6940 5444
3 4790 6893 2257
3 167 7173 4351
3 1174 7703 4220
3 608 4725 4519
3 3056 6479 4083
3 380 6017 5102
3 6386 7323 3482
3 4122 6804 540
3 4037 7314 1685
3 1201 7565 3559
3 1948 7712 3482
3 1253 5993 3907
3 5668 7331 864
3 3871 6340 1320
3 3740 6879 2977
3 4198 6787 539
3 1952 7258 5568
3 4581 5224 1386
3 6558 6998 277
3 1112 7420 5726
3 2119 6432 5640
3 414 5075 4499
3 5189 6643 2491
3 1712 5543 4471
3 2037 6672 3983
3 2426 6250 5297
3 4237 5415 721
3 4360 6752 3141
3 1157 7604 3666
3 4445 6412 543
3 3878 6960 297
3 2491 7713 5189
3 4476 7671 688
3 11 7210 12
3 1608 5448 4122
3 3926 7584 1316
3 4032 6288 1828
3 4114 7459 473
3 1658 5512 4161
3 4957 5789 1707
3 2315 5942 4513
3 146 5978 145
3 21 5831 22
3 4037 6577 738
3 4572 7052 1363
3 1037 7516 5934
3 5090 6365 2728
3 3545 7091 1991
3 5523 6701 760
3 2221 6776 3950
3 654 6619 3671
3 4171 7168 1564
3 979 5025 4943
3 842 7293 3803
3 3722 7251 2305
3 4803 7487 2793
3 713 7052 4572
3 1671 6643 5189
3 1785 6974 6194
3 323 7284 5605
3 6320 7720 761
3 4696 5131 1766
3 1682 5407 5310
3 539 6787 4220
3 688 5197 4326
3 170 6893 4790
3 2842 7324 4386
3 1845 6119 3911
3 1796 7666 3770
3 683 7148 3446
3 4893 6018 909
3 3669 7646 2199
3 327 7717 5829
3 4267 6223 1115
3 760 6701 5286
3 3585 7498 1450
3 4696 5752 309
3 5891 6872 2517
3 704 5814 4150
3 5226 5905 3606
3 4083 6120 1921
3 4921 5752 1842
3 4667 5230 1487
3 760 5286 4115
3 2769 6710 4074
3 3800 6888 1195
3 1728 7503 3999
3 1369 6061 3927
3 5152 6805 1730
3 1872 6646 5855
3 5520 5865 2216
3 3572 6660 1133
3 3969 6745 1648
3 786 6088 5310
3 4738 6915 1477
3 3435 7341 562
3 1948 7323 3676
3 786 5629 4066
3 635 7737 3863
3 4600 6565 940
3 3255 6546 5488
3 5310 5500 786
3 3707 7120 1641
3 6053 7168 610
3 1074 5446 4992
3 5103 7115 2768
3 2943 7106 5486
3 5215 7635 811
3 3934 7511 309
3 5320 7314 738
3 2221 7630 3599
3 1725 5227 5107
3 31 7491 5471
3 3705 6400 952
3 162 6341 161
3 5141 7648 3530
3 2723 7164 5231
3 5908 7250 3991
3 4600 5390 1921
3 2831 7625 6205
3 4137 6979 1728
3 3676 6342 1948
3 1850 6231 4101
3 840 7575 4826
3 5382 7073 1917
3 619 6424 4606
3 4274 5852 955
3 5390 7272 1921
3 270 7230 5228
3 309 5131 4696
3 6600 7015 3303
3 4398 5911 1993
3 1370 5865 4084
3 4083 6479 453
3 5284 6139 2230
3 2344 7708 5833
3 787 5772 5448
3 4515 6587 780
3 811 7635 5568
3 1317 7394 4190
3 4089 5615 433
3 4406 5897 380
3 2687 7331 5668
3 2654 6734 5225
3 3742 7752 879
3 4843 6842 2608
3 3798 6351 1191
3 1671 7210 4146
3 4008 7303 1200
3 4943 5025 1891
3 4122 5891 1608
3 5444 6940 2765
3 3730 6969 1370
3 6437 6706 734
3 5229 5337 434
3 5747 7391 901
3 1618 6577 4037
3 3002 7727 6806
3 4207 6390 1343
3 2156 5414 4146
3 2366 7546 3940
3 919 6288 4032
3 3835 6976 512
3 3906 7542 2627
3 4115 7631 760
3 790 7632 3935
3 1932 5337 5229
3 523 5788 5339
3 608 7115 4725
3 5311 7410 2639
3 2490 7198 3715
3 3983 6341 2037
3 14 6063 15
3 4753 5304 1709
3 1814 7564 4153
3 2476 6451 3827
3 4826 5888 840
3 5241 5546 1618
3 2178 6147 4947
3 4146 7210 11
3 4146 5414 1671
3 5831 7446 22
3 1785 6194 4771
3 3040 7191 4719
3 2092 5752 4921
3 6194 6974 2669
3 1704 5597 4542
3 1814 7653 3890
3 6134 7010 649
3 1641 7329 3707
3 5124 7694 2486
3 2221 7472 6776
3 1999 7715 3876
3 171 6893 170
3 6450 7076 543
3 3666 7133 1157
3 4033 5785 671
3 2197 5980 5051
3 2028 7594 7133
3 4501 6718 1660
3 1282 6123 4095
3 2104 7303 4008
3 2650 5790 5775
3 3364 6998 6558
3 5131 5314 1766
3 1153 7432 3818
3 5212 6031 2324
3 3991 7250 2885
3 934 6139 5284
3 268 5304 4753
3 4477 5523 760
3 738 6577 4593
3 4381 7642 2446
3 1730 6805 5231
3 1773 5523 4477
3 5605 7284 2977
3 5888 7705 840
3 6471 7627 3044
3 3890 7752 2043
3 2015 5500 5310
3 153 7187 152
3 2453 7772 4229
3 4023 6467 1276
3 4250 6320 761
3 5448 6703 787
3 556 6086 4112
3 4184 6625 713
3 161 6341 3983
3 4076 6719 314
3 2021 6960 3878
3 5229 7239 1895
3 4226 6841 1852
3 424 6745 3969
3 2973 6931 6644
3 5051 5980 850
3 4130 7147 701
3 1302 7772 3902
3 2813 7314 5320
3 451 6979 4137
3 7133 7594 3690
3 4620 5659 712
3 4125 6719 1811
3 1194 7694 3753
3 4338 6289 880
3 4168 6088 1958
3 157 7035 156
3 5314 5858 1766
3 4090 6429 599
3 4992 5446 2021
3 4683 7505 1116
3 1725 5107 4930
3 1641 7120 4011
3 1867 5492 4408
3 4976 5543 1712
3 4756 5568 1760
3 1200 7303 3750
3 5273 6423 781
3 4103 7209 1651
3 4448 5728 1388
3 4726 7733 1789
3 3940 7121 2366
3 1320 6340 3934
3 168 7173 167
3 2457 7505 4683
3 5033 6690 1562
3 746 6752 4360
3 5310 5407 2015
3 4930 5107 2089
3 4127 7143 1998
3 4264 7567 2173
3 3141 7168 6053
3 4970 7187 2316
3 1790 6429 4090
3 2766 6837 5649
3 4889 5382 1917
3 3890 7564 1814
3 4386 7245 710
3 3902 7428 1702
3 2043 7752 3742
3 1011 7452 5914
3 4055 5969 2582
3 4406 5726 1989
3 729 7015 6600
3 5248 5864 1217
3 4215 6404 691
3 1812 5772 4605
3 1456 7410 5311
3 6644 6931 1995
3 1228 6672 3847
3 1002 7208 4722
3 4601 5595 1677
3 6684 7069 2919
3 1992 7148 4230
3 1852 7625 4746
3 3709 7403 501
3 1804 5910 4448
3 4602 6732 652
3 3919 7238 1282
3 5500 6040 2161
3 3803 7293 2203
3 1295 7324 3887
3 2077 5791 4478
3 383 6226 4531
3 1285 6563 4281
3 1280 6365 4221
3 3992 6919 1791
3 537 7345 4485
3 1719 5961 4426
3 1820 6751 3911
3 1199 6626 4373
3 3876 7715 479
3 4106 6264 2159
3 3911 6790 1845
3 1660 5774 4536
3 387 7209 4103
3 1654 6667 5743
3 4323 5829 1590
3 4064 6739 1598
3 5858 7617 2672
3 4722 7081 1002
3 2298 7014 3876
3 2199 7646 4190
3 2100 6852 4407
3 1709 5604 4666
3 4971 6690 635
3 1363 7052 5911
3 1828 7520 4032
3 1003 7627 6471
3 3033 7010 6134
3 6625 7052 713
3 2648 6926 4388
3 1997 7658 6032
3 4032 7520 1276
3 5339 5788 2231
3 4448 5910 723
3 4514 6752 746
3 4628 7632 790
3 1947 6462 4539
3 2122 7398 5066
3 4008 7375 2104
3 4420 7563 2043
3 2540 6621 6085
3 480 7399 4825
3 4112 6896 556
3 5138 5403 1559
3 5196 5360 1825
3 4604 7705 1808
3 4101 6231 1262
3 815 5824 5468
3 1464 7727 4338
3 1828 6288 4414
3 3109 7279 6928
3 4333 6734 1816
3 4837 7247 2352
3 5775 5790 1739
3 4651 6459 327
3 594 6515 4259
3 5228 7230 2769
3 1398 6729 4330
3 2071 5415 5317
3 2305 7164 5634
3 4259 6515 1817
3 1115 7186 4267
3 3240 7076 6450
3 2410 7310 3815
3 1116 6549 4683
3 4281 6563 2663
3 3297 7686 4482
3 4336 6599 387
3 2159 6549 4106
3 2374 7243 4098
3 1989 5897 4406
3 4229 7772 1302
3 3007 6145 4208
3 314 7416 4076
3 5481 7258 3671
3 3701 6896 4112
3 4237 7410 1456
3 3251 7108 4805
3 6506 6843 2113
3 1064 7063 4256
3 2043 7563 3890
3 4153 7564 428
3 4199 7369 283
3 25 6730 4244
3 1903 5314 5131
3 4594 6660 3572
3 5833 7288 1182
3 4834 5829 2211
3 4471 6548 1712
3 4270 6119 1845
3 5364 6088 786
3 2203 7274 3803
3 4257 6740 28
3 863 6342 5103
3 26 7364 27
3 1966 6289 4338
3 3128 6706 6437
3 22 7446 23
3 5096 6116 1847
3 4238 7655 378
3 4480 6863 1922
3 4220 6787 2435
3 691 7527 5517
3 30 7491 31
3 1718 6390 4207
3 2156 7044 4843
3 5107 6247 2089
3 738 7314 4037
3 5212 5700 439
3 4256 7063 1851
3 4061 7713 2491
3 1812 6804 4122
3 4576 6974 1785
3 1921 6120 4600
3 152 7187 4970
3 4531 6226 1958
3 18 7642 19
3 5914 7452 3047
3 6274 7343 278
3 5824 7108 2038
3 4128 7073 1081
3 1940 7039 4388
3 3127 6718 5240
3 1257 7306 4586
3 1932 5782 4759
3 5481 6776 811
3 5788 7439 2231
3 12 7210 5189
3 1448 6718 4501
3 2714 6843 6506
3 6851 6917 2460
3 6170 6931 2973
3 4606 6424 1603
3 4008 7035 157
3 3932 7686 1088
3 1861 5543 4976
3 967 6840 4948
3 4904 6537 949
3 4978 7198 1445
3 4948 6746 1885
3 5180 7039 3602
3 5251 6710 1568
3 1608 5891 5490
3 2400 7069 4580
3 4190 7646 486
3 422 5789 4957
3 688 6597 4476
3 725 6841 4226
3 1922 7100 4480
3 704 7120 5743
3 4426 5961 860
3 4054 7306 1257
3 4549 6442 1301
3 4388 6926 2944
3 2756 7648 5141
3 2232 7377 4871
3 1906 5360 5196
3 5897 6017 380
3 2257 6893 4255
3 2329 7245 4386
3 902 6475 5576
3 5077 6471 3044
3 5488 6546 401
3 3965 7411 2426
3 675 6863 4480
3 4255 6893 171
3 5576 6475 2871
3 2932 7341 4426
3 792 6031 4907
3 1374 6734 4333
3 4580 7069 928
3 2324 5700 5212
3 4825 7399 2457
3 2498 6513 6445
3 2218 7703 4074
3 3863 7737 4842
3 1207 7547 4408
3 5061 6329 2687
3 6928 7279 2111
3 409 5913 4871
3 6250 7411 594
3 5634 7164 2723
3 4996 6407 2706
3 2494 7632 4628
3 1417 6852 4433
3 501 7403 4407
3 668 7658 5057
3 6085 6621 369
3 3482 7712 5774
3 5973 6395 943
3 5096 5629 2161
3 2720 7671 4235
3 2058 6778 6654
3 5189 7210 1671
3 4407 6852 1417
3 1301 6879 4549
3 2063 6599 4336
3 1921 6626 4083
3 4445 7454 1939
3 4871 5913 2232
3 6385 7527 691
3 928 7069 6684
3 2856 7288 5833
3 6040 7056 2161
3 5304 5604 1709
3 1789 7733 7359
3 2341 7203 4799
3 2319 6646 4914
3 1885 6459 4651
3 2476 7705 4604
3 7503 7609 2381
3 819 6383 4704
3 4683 6549 2159
3 1901 6660 4594
3 894 6829 6654
3 1944 6130 4656
3 5774 7712 1012
3 5468 5824 2197
3 4842 7737 2564
3 4388 7039 876
3 6479 7631 2302
3 1958 6088 5364
3 4907 6031 1944
3 1564 6752 4514
3 1615 5908 5006
3 4871 7377 1610
3 5655 6283 1749
3 3000 5851 5111
3 1808 6668 4604
3 4176 6863 675
3 892 6247 5107
3 6289 6420 2641
3 608 6974 4576
3 4604 6668 862
3 1051 7617 6962
3 428 7563 4420
3 879 7752 7653
3 4586 7306 2264
3 4957 7066 422
3 5229 5782 1932
3 1783 7337 5337
3 5500 5629 786
3 991 6931 6170
3 4897 6470 372
3 1851 7523 4519
3 5157 7044 2156
3 6329 7331 2687
3 2992 5935 5043
3 1922 6863 6504
3 2979 6540 5462
3 414 6552 5075
3 5199 6345 764
3 1360 7523 4215
3 5449 7251 3722
3 5190 6668 3364
3 4407 7403 2100
3 5212 6528 1944
3 4386 6367 2329
3 310 6116 5096
3 1549 5905 5226
3 4476 6597 1999
3 4502 7222 330
3 5334 6840 2484
3 4539 7288 1947
3 314 6719 4125
3 2110 6703 4236
3 1388 7013 4238
3 6167 6813 2411
3 1944 6031 5212
3 2475 7391 6139
3 4765 7390 3432
3 5490 5891 2517
3 2698 7092 6010
3 1997 7222 4502
3 934 6813 6167
3 2038 5980 5824
3 2161 7056 4591
3 592 6329 5061
3 6445 6513 2114
3 3056 7631 6479
3 5934 7516 2254
3 2008 6442 4549
3 4334 6791 1420
3 4076 7754 1277
3 4499 6633 414
3 1995 6931 4726
3 3721 6283 5655
3 23 7446 5927
3 943 6165 5973
3 330 7274 5119
3 807 5858 5314
3 1156 7454 4445
3 278 6997 4542
3 2230 6492 5284
3 1907 6471 5077
3 2498 6395 5973
3 5102 6017 2027
3 4756 7655 1952
3 1528 7630 4836
3 1895 5782 5229
3 4836 7630 2221
3 2476 6808 6451
3 2211 6537 4904
3 4519 7523 1360
3 4904 7264 1928
3 4741 6744 2639
3 4978 6279 3447
3 6423 7489 781
3 1590 5829 4834
3 1285 7234 4654
3 3167 6744 4741
3 2655 6944 5178
3 5924 7491 30
3 688 7591 5197
3 5146 7310 865
3 5486 7691 1939
3 649 7010 4549
3 1302 7352 4229
3 1562 6690 4971
3 2176 6208 5913
3 4274 7398 2122
3 2352 6531 4837
3 1992 5864 5248
3 1885 6746 6459
3 1999 7309 4476
3 6962 7617 3472
3 4635 7187 153
3 1590 7432 4323
3 4338 7727 1966
3 2058 5604 5304
3 2316 7187 4635
3 5050 6310 1151
3 1966 6420 6289
3 2402 7246 5640
3 4654 7234 1998
3 6017 6839 2027
3 3047 6652 5914
3 4476 7309 1328
3 4719 7712 1948
3 2015 6040 5500
3 4719 7191 3414
3 1287 7763 4307
3 1625 6840 5334
3 4549 7010 2008
3 4704 6383 2022
3 2109 7331 6329
3 1195 6888 6485
3 5119 7274 2203
3 4726 6931 991
3 4704 7032 1397
3 1952 7013 4717
3 2504 6909 6383
3 1182 7288 4539
3 5945 7594 2028
3 1847 6732 4602
3 2919 7069 6849
3 4926 7186 3123
3 4948 6840 1625
3 650 6656 4772
3 6717 7399 480
3 1625 6746 4948
3 5279 6747 1989
3 6849 7069 2400
3 4373 7272 700
3 2957 7399 6717
3 4915 7565 1201
3 4607 6855 1194
3 439 6528 5212
3 5824 5980 2197
3 6179 7428 3452
3 1864 6388 4909
3 1928 6934 4904
3 2161 5629 5500
3 7653 7752 3890
3 5163 6130 2436
3 6654 6778 2462
3 943 7390 4765
3 2655 7292 6944
3 1559 7251 5449
3 2022 7032 4704
3 2082 6470 4897
3 1420 6791 4993
3 4836 6932 1528
3 5837 6599 3036
3 5284 6492 2709
3 5829 7717 2211
3 1998 7143 4654
3 2460 6917 6048
3 5103 6342 3676
3 4654 7143 522
3 1939 7691 6182
3 2089 6247 6165
3 5240 6718 1448
3 4938 6843 766
3 4485 7345 1906
3 2264 7150 4586
3 1944 6528 6130
3 5913 6208 2232
3 1277 7754 4754
3 5973 6165 2294
3 6451 6808 528
3 4993 6791 2071
3 6383 6909 2022
3 1844 6552 6480
3 1817 7081 4722
3 5131 7511 1903
3 7088 7503 2381
3 1038 6805 5152
3 5297 6250 1871
3 5075 6552 1844
3 4426 7341 3435
3 5414 7720 1671
3 414 6633 5853
3 4722 7208 1790
3 4732 7719 1426
3 1702 7428 6179
3 1021 6917 6851
3 4717 7013 1388
3 4754 7754 2147
3 278 7343 6997
3 2113 6843 4938
3 1677 6423 5273
3 2617 6017 5897
3 1690 6414 5223
3 1903 7484 5314
3 2564 6701 5523
3 5640 7246 451
3 949 7264 4904
3 4746 7625 313
3 5403 7164 2305
3 862 6668 5190
3 1012 7712 4719
3 1917 7066 4957
3 710 7245 4783
3 781 7489 7319
3 1610 7377 4907
3 5304 6778 2058
3 5178 6944 1439
3 5244 7763 3021
3 934 6689 6139
3 6485 6888 2775
3 811 7258 5481
3 1712 6548 5148
3 5286 6701 1593
3 5927 7446 2884
3 6539 7719 2444
3 5431 6372 1850
3 1891 6603 4943
3 392 7164 5403
3 819 6747 5279
3 4938 6829 2113
3 5444 6819 2105
3 422 6425 5407
3 6484 6565 2111
3 2899 7491 5924
3 591 7609 4945
3 5613 7114 1180
3 6944 7292 2389
3 378 7655 4756
3 991 7733 4726
3 6130 6528 2436
3 2021 7084 4992
3 7319 7489 3156
3 2617 6839 6017
3 5392 6969 2906
3 268 6778 5304
3 35 7580 4811
3 5853 6633 2323
3 5743 7120 3707
3 6165 6247 2294
3 5057 7658 1997
3 2329 7603 7245
3 5595 6423 1677
3 5231 6805 2723
3 5462 6540 1221
3 5407 6425 2015
3 6232 7138 2395
3 7473 7489 2138
3 6480 6552 2597
3 2018 7604 4833
3 6022 6918 892
3 6467 7147 2214
3 6913 6918 2487
3 2487 6918 6022
3 5568 7258 811
3 5510 7375 158
3 5228 7100 1922
3 2038 6422 5980
3 453 6928 6120
3 422 7066 6425
3 4805 7108 815
3 3418 7264 5841
3 6139 6689 2475
3 4906 7547 3359
3 1003 6819 5444
3 5640 6729 2119
3 892 6918 6247
3 1903 7511 6340
3 6167 6689 934
3 5403 7251 1559
3 1370 6969 5392
3 761 7720 5414
3 3156 7489 7473
3 6074 6698 3213
3 434 7239 5229
3 1906 7345 5341
3 5512 6531 429
3 5855 6646 1100
3 815 7108 5824
3 2403 7305 6344
3 1989 7420 5279
3 387 6599 5837
3 5197 7591 1708
3 5215 7472 1482
3 2104 7375 5510
3 5980 6422 850
3 2460 6871 6851
3 2138 6423 5595
3 6965 7088 3036
3 6537 7717 2893
3 2379 7114 5613
3 5710 7150 855
3 2487 6959 6947
3 876 7039 5180
3 2888 6489 6226
3 309 7511 5131
3 473 7138 6232
3 5914 6652 1833
3 6226 6489 1958
3 1814 6698 6074
3 3194 7635 5215
3 7557 7592 3223
3 2634 7725 5409
3 7333 7733 991
3 2692 7320 5162
3 5726 7420 1989
3 5649 6837 1872
3 2305 7251 5403
3 870 7056 6040
3 6892 7708 2344
3 6626 7272 4373
3 7082 7243 2374
3 5517 7527 1688
3 5337 7337 434
3 5314 7484 807
3 5178 7243 955
3 2967 7516 6669
3 2178 7385 6147
3 1316 7584 6615
3 6979 7246 2633
3 781 7319 5597
3 5446 6960 2021
3 4215 7523 6404
3 5568 7635 1760
3 842 7088 6965
3 2375 6959 6022
3 1952 7655 7013
3 6048 6917 2123
3 451 7246 6979
3 2294 6918 6913
3 5841 7264 949
3 6459 6746 2893
3 864 7331 5976
3 2395 6689 6167
3 3803 7274 5567
3 6669 7516 1037
3 1112 7691 5486
3 5567 7274 330
3 6851 6871 2316
3 6022 6959 2487
3 2254 7516 7467
3 6515 7081 1817
3 5476 7493 1795
3 2915 7708 6892
3 1993 7052 6625
3 1789 7359 6269
3 6947 6959 930
3 3324 7482 6263
3 1790 7208 6429
3 2567 7217 6817
3 6377 7483 746
3 3283 7733 7333
3 5670 7520 1828
3 6947 7144 2487
3 6817 7217 2405
3 2403 7390 6395
3 1939 7454 5486
3 6247 6918 2294
3 2159 7074 6691
3 5911 7052 1993
3 1615 7250 5908
3 580 7074 6264
3 6264 7074 2159
3 7467 7516 2967
3 2374 7165 7082
3 6471 7725 1003
3 5976 7331 2109
3 2320 7439 5788
3 6751 6790 3911
3 6404 7523 1851
3 6395 7390 943
3 2266 6912 6606
3 6139 7391 2230
3 6606 6912 2615
3 3132 7081 6515
3 479 7715 5377
3 6429 7208 3155
3 6147 7385 1101
3 7416 7754 4076
3 6269 7359 2434
3 2375 7055 6959
3 6691 7074 2467
3 1808 7705 5888
3 807 7484 7247
3 7082 7165 2618
3 6425 7066 2939
3 6933 7055 2375
3 6689 7138 2475
3 2395 7138 6689
3 6182 7691 3305
3 6344 7305 2374
3 2573 7483 6377
3 2603 7144 6947
3 2487 7144 6913
3 2983 7527 6385
3 6539 7239 434
3 1002 6790 6751
3 6819 7725 2634
3 6913 7144 467
3 6340 7511 3934
3 2618 7165 6807
3 6807 7165 1033
3 7144 7145 467
3 2444 7239 6539
3 7359 7733 3283
3 2147 7754 7416
3 6564 7623 2942
3 955 7243 7082
3 1921 7272 6626
3 2405 7055 6933
3 7138 7459 2475
3 1464 7623 6564
3 7247 7484 2719
3 2567 7368 7217
3 6959 7055 930
3 6615 7584 2750
3 3423 7664 6872
3 2138 7489 6423
3 2374 7305 7165
3 2405 7217 7055
3 7137 7246 2402
3 2603 7145 7144
3 2211 7717 6537
3 7055 7217 930
3 2603 7255 7145
3 7217 7368 930
3 7145 7255 2411
3 7563 7564 3890
3 7165 7305 1033
3 473 7459 7138
3 2957 7505 7399
3 2633 7246 7137
3 6872 7664 2517
3 428 7564 7563
3 1003 7725 6819
3 7013 7655 4238
3 7399 7505 2457
CELL_TYPES 3820
5
5
5
5
5
5
5
5
5
5
5
5
5
5
5
5
5
5
5
5
5
5
5
5
5
5
5
5
5
5
5
5
5
5
5
5
5
5
5
5
5
5
5
5
5
5
5
5
5
5
5
5
5
5
5
5
5
5
5
5
5
5
5
5
5
5
5
5
5
5
5
5
5
5
5
5
5
5
5
5
5
5
5
5
5
5
5
5
5
5
5
5
5
5
5
5
5
5
5
5
5
5
5
5
5
5
5
5
5
5
5
5
5
5
5
5
5
5
5
5
5
5
5
5
5
5
5
5
5
5
5
5
5
5
5
5
5
5
5
5
5
5
5
5
5
5
5
5
5
5
5
5
5
5
5
5
5
5
5
5
5
5
5
5
5
5
5
5
5
5
5
5
5
5
5
5
5
5
5
5
5
5
5
5
5
5
5
5
5
5
5
5
5
5
5
5
5
5
5
5
5
5
5
5
5
5
5
5
5
5
5
5
5
5
5
5
5
5
5
5
5
5
5
5
5
5
5
5
5
5
5
5
5
5
5
5
5
5
5
5
5
5
5
5
5
5
5
5
5
5
5
5
5
5
5
5
5
5
5
5
5
5
5
5
5
5
5
5
5
5
5
5
5
5
5
5
5
5
5
5
5
5
5
5
5
5
5
5
5
5
5
5
5
5
5
5
5
5
5
5
5
5
5
5
5
5
5
5
5
5
5
5
5
5
5
5
5
5
5
5
5
5
5
5
5
5
5
5
5
5
5
5
5
5
5
5
5
5
5
5
5
5
5
5
5
5
5
5
5
5
5
5
5
5
5
5
5
5
5
5
5
5
5
5
5
5
5
5
5
5
5
5
5
5
5
5
5
5
5
5
5
5
5
5
5
5
5
5
5
5
5
5
5
5
5
5
5
5
5
5
5
5
5
5
5
5
5
5
5
5
5
5
5
5
5
5
5
5
5
5
5
5
5
5
5
5
5
5
5
5
5
5
5
5
5
5
5
5
5
5
5
5
5
5
5
5
5
5
5
5
5
5
5
5
5
5
5
5
5
5
5
5
5
5
5
5
5
5
5
5
5
5
5
5
5
5
5
5
5
5
5
5
5
5
5
5
5
5
5
5
5
5
5
5
5
5
5
5
5
5
5
5
5
5
5
5
5
5
5
5
5
5
5
5
5
5
5
5
5
5
5
5
5
5
5
5
5
5
5
5
5
5
5
5
5
5
5
5
5
5
5
5
5
5
5
5
5
5
5
5
5
5
5
5
5
5
5
5
5
5
5
5
5
5
5
5
5
5
5
5
5
5
5
5
5
5
5
5
5
5
5
5
5
5
5
5
5
5
5
5
5
5
5
5
5
5
5
5
5
5
5
5
5
5
5
5
5
5
5
5
5
5
5
5
5
5
5
5
5
5
5
5
5
5
5
5
5
5
5
5
5
5
5
5
5
5
5
5
5
5
5
5
5
5
5
5
5
5
5
5
5
5
5
5
5
5
5
5
5
5
5
5
5
5
5
5
5
5
5
5
5
5
5
5
5
5
5
5
5
5
5
5
5
5
5
5
5
5
5
5
5
5
5
5
5
5
5
5
5
5
5
5
5
5
5
5
5
5
5
5
5
5
5
5
5
5
5
5
5
5
5
5
5
5
5
5
5
5
5
5
5
5
5
5
5
5
5
5
5
5
5
5
5
5
5
5
5
5
5
5
5
5
5
5
5
5
5
5
5
5
5
5
5
5
5
5
5
5
5
5
5
5
5
5
5
5
5
5
5
5
5
5
5
5
5
5
5
5
5
5
5
5
5
5
5
5
5
5
5
5
5
5
5
5
5
5
5
5
5
5
5
5
5
5
5
5
5
5
5
5
5
5
5
5
5
5
5
5
5
5
5
5
5
5
5
5
5
5
5
5
5
5
5
5
5
5
5
5
5
5
5
5
5
5
5
5
5
5
5
5
5
5
5
5
5
5
5
5
5
5
5
5
5
5
5
5
5
5
5
5
5
5
5
5
5
5
5
5
5
5
5
5
5
5
5
5
5
5
5
5
5
5
5
5
5
5
5
5
5
5
5
5
5
5
5
5
5
5
5
5
5
5
5
5
5
5
5
5
5
5
5
5
5
5
5
5
5
5
5
5
5
5
5
5
5
5
5
5
5
5
5
5
5
5
5
5
5
5
5
5
5
5
5
5
5
5
5
5
5
5
5
5
5
5
5
5
5
5
5
5
5
5
5
5
5
5
5
5
5
5
5
5
5
5
5
5
5
5
5
5
5
5
5
5
5
5
5
5
5
5
5
5
5
5
5
5
5
5
5
5
5
5
5
5
5
5
5
5
5
5
5
5
5
5
5
5
5
5
5
5
5
5
5
5
5
5
5
5
5
5
5
5
5
5
5
5
5
5
5
5
5
5
5
5
5
5
5
5
5
5
5
5
5
5
5
5
5
5
5
5
5
5
5
5
5
5
5
5
5
5
5
5
5
5
5
5
5
5
5
5
5
5
5
5
5
5
5
5
5
5
5
5
5
5
5
5
5
5
5
5
5
5
5
5
5
5
5
5
5
5
5
5
5
5
5
5
5
5
5
5
5
5
5
5
5
5
5
5
5
5
5
5
5
5
5
5
5
5
5
5
5
5
5
5
5
5
5
5
5
5
5
5
5
5
5
5
5
5
5
5
5
5
5
5
5
5
5
5
5
5
5
5
5
5
5
5
5
5
5
5
5
5
5
5
5
5
5
5
5
5
5
5
5
5
5
5
5
5
5
5
5
5
5
5
5
5
5
5
5
5
5
5
5
5
5
5
5
5
5
5
5
5
5
5
5
5
5
5
5
5
5
5
5
5
5
5
5
5
5
5
5
5
5
5
5
5
5
5
5
5
5
5
5
5
5
5
5
5
5
5
5
5
5
5
5
5
5
5
5
5
5
5
5
5
5
5
5
5
5
5
5
5
5
5
5
5
5
5
5
5
5
5
5
5
5
5
5
5
5
5
5
5
5
5
5
5
5
5
5
5
5
5
5
5
5
5
5
5
5
5
5
5
5
5
5
5
5
5
5
5
5
5
5
5
5
5
5
5
5
5
5
5
5
5
5
5
5
5
5
5
5
5
5
5
5
5
5
5
5
5
5
5
5
5
5
5
5
5
5
5
5
5
5
5
5
5
5
5
5
5
5
5
5
5
5
5
5
5
5
5
5
5
5
5
5
5
5
5
5
5
5
5
5
5
5
5
5
5
5
5
5
5
5
5
5
5
5
5
5
5
5
5
5
5
5
5
5
5
5
5
5
5
5
5
5
5
5
5
5
5
5
5
5
5
5
5
5
5
5
5
5
5
5
5
5
5
5
5
5
5
5
5
5
5
5
5
5
5
5
5
5
5
5
5
5
5
5
5
5
5
5
5
5
5
5
5
5
5
5
5
5
5
5
5
5
5
5
5
5
5
5
5
5
5
5
5
5
5
5
5
5
5
5
5
5
5
5
5
5
5
5
5
5
5
5
5
5
5
5
5
5
5
5
5
5
5
5
5
5
5
5
5
5
5
5
5
5
5
5
5
5
5
5
5
5
5
5
5
5
5
5
5
5
5
5
5
5
5
5
5
5
5
5
5
5
5
5
5
5
5
5
5
5
5
5
5
5
5
5
5
5
5
5
5
5
5
5
5
5
5
5
5
5
5
5
5
5
5
5
5
5
5
5
5
5
5
5
5
5
5
5
5
5
5
5
5
5
5
5
5
5
5
5
5
5
5
5
5
5
5
5
5
5
5
5
5
5
5
5
5
5
5
5
5
5
5
5
5
5
5
5
5
5
5
5
5
5
5
5
5
5
5
5
5
5
5
5
5
5
5
5
5
5
5
5
5
5
5
5
5
5
5
5
5
5
5
5
5
5
5
5
5
5
5
5
5
5
5
5
5
5
5
5
5
5
5
5
5
5
5
5
5
5
5
5
5
5
5
5
5
5
5
5
5
5
5
5
5
5
5
5
5
5
5
5
5
5
5
5
5
5
5
5
5
5
5
5
5
5
5
5
5
5
5
5
5
5
5
5
5
5
5
5
5
5
5
5
5
5
5
5
5
5
5
5
5
5
5
5
5
5
5
5
5
5
5
5
5
5
5
5
5
5
5
5
5
5
5
5
5
5
5
5
5
5
5
5
5
5
5
5
5
5
5
5
5
5
5
5
5
5
5
5
5
5
5
5
5
5
5
5
5
5
5
5
5
5
5
5
5
5
5
5
5
5
5
5
5
5
5
5
5
5
5
5
5
5
5
5
5
5
5
5
5
5
5
5
5
5
5
5
5
5
5
5
5
5
5
5
5
5
5
5
5
5
5
5
5
5
5
5
5
5
5
5
5
5
5
5
5
5
5
5
5
5
5
5
5
5
5
5
5
5
5
5
5
5
5
5
5
5
5
5
5
5
5
5
5
5
5
5
5
5
5
5
5
5
5
5
5
5
5
5
5
5
5
5
5
5
5
5
5
5
5
5
5
5
5
5
5
5
5
5
5
5
5
5
5
5
5
5
5
5
5
5
5
5
5
5
5
5
5
5
5
5
5
5
5
5
5
5
5
5
5
5
5
5
5
5
5
5
5
5
5
5
5
5
5
5
5
5
5
5
5
5
5
5
5
5
5
5
5
5
5
5
5
5
5
5
5
5
5
5
5
5
5
5
5
5
5
5
5
5
5
5
5
5
5
5
5
5
5
5
5
5
5
5
5
5
5
5
5
5
5
5
5
5
5
5
5
5
5
5
5
5
5
5
5
5
5
5
5
5
5
5
5
5
5
5
5
5
5
5
5
5
5
5
5
5
5
5
5
5
5
5
5
5
5
5
5
5
5
5
5
5
5
5
5
5
5
5
5
5
5
5
5
5
5
5
5
5
5
5
5
5
5
5
5
5
5
5
5
5
5
5
5
5
5
5
5
5
5
5
5
5
5
5
5
5
5
5
5
5
5
5
5
5
5
5
5
5
5
5
5
5
5
5
5
5
5
5
5
5
5
5
5
5
5
5
5
5
5
5
5
5
5
5
5
5
5
5
5
5
5
5
5
5
5
5
5
5
5
5
5
5
5
5
5
5
5
5
5
5
5
5
5
5
5
5
5
5
5
5
5
5
5
5
5
5
5
5
5
5
5
5
5
5
5
5
5
5
5
5
5
5
5
5
5
5
5
5
5
5
5
5
5
5
5
5
5
5
5
5
5
5
5
5
5
5
5
5
5
5
5
5
5
5
5
5
5
5
5
5
5
5
5
5
5
5
5
5
5
5
5
5
5
5
5
5
5
5
5
5
5
5
5
5
5
5
5
5
5
5
5
5
5
5
5
5
5
5
5
5
5
5
5
5
5
5
5
5
5
5
5
5
5
5
5
5
5
5
5
5
5
5
5
5
5
5
5
5
5
5
5
5
5
5
5
5
5
5
5
5
5
5
5
5
5
5
5
5
5
5
5
5
5
5
5
5
5
5
5
5
5
5
5
5
5
5
5
5
5
5
5
5
5
5
5
5
5
5
5
5
5
5
5
5
5
5
5
5
5
5
5
5
5
5
5
5
5
5
5
5
5
5
5
5
5
5
5
5
5
5
5
5
5
5
5
5
5
5
5
5
5
5
5
5
5
5
5
5
5
5
5
5
5
5
5
5
5
5
5
5
5
5
5
5
5
5
5
5
5
5
5
5
5
5
5
5
5
5
5
5
5
5
5
5
5
5
5
5
5
5
5
5
5
5
5
5
5
5
5
5
5
5
5
5
5
5
5
5
5
5
5
5
5
5
5
5
5
5
5
5
5
5
5
5
5
5
5
5
5
5
5
5
5
5
5
5
5
5
5
5
5
5
5
5
5
5
5
5
5
5
5
5
5
5
5
5
5
5
5
5
5
5
5
5
5
5
5
5
5
5
5
5
5
5
5
5
5
5
5
5
5
5
5
5
5
5
5
5
5
5
5
5
5
5
5
5
5
5
5
5
5
5
5
5
5
5
5
5
5
5
5
5
5
5
5
5
5
5
5
5
5
5
5
5
5
5
5
5
5
5
5
5
5
5
5
5
5
5
5
5
5
5
5
5
5
5
5
5
5
5
5
5
5
5
5
5
5
5
5
5
5
5
5
5
5
5
5
5
5
5
5
5
5
5
5
5
5
5
5
5
5
5
5
5
5
5
5
5
5
5
5
5
5
5
5
5
5
5
5
5
5
5
5
5
5
5
5
5
5
5
5
5
5
5
5
5
5
5
5
5
5
5
5
5
5
5
5
5
5
5
5
5
5
5
5
5
5
5
5
5
5
5
5
5
5
5
5
5
5
5
5
5
5
5
5
5
5
5
5
5
5
5
5
5
5
5
5
5
5
5
5
5
5
5
5
5
5
5
5
5
5
5
5
5
5
5
5
5
5
5
5
5
5
5
5
5
5
5
5
5
5
5
5
5
5
5
5
5
5
5
5
5
5
5
5
5
5
5
5
5
5
5
5
5
5
5
5
5
5
5
5
5
5
5
5
5
5
5
5
5
5
5
5
5
5
5
5
5
5
5
5
5
5
5
5
5
5
5
5
5
5
5
5
5
5
5
5
5
5
5
5
5
5
5
5
5
5
5
5
5
5
5
5
5
5
5
5
5
5
5
5
5
5
5
5
5
5
5
5
5
5
5
5
5
5
5
5
5
5
5
5
5
5
5
5
5
5
5
5
5
5
5
5
5
5
5
5
5
5
5
5
5
5
5
5
5
5
5
5
5
5
5
5
5
5
5
5
5
5
5
5
5
5
5
5
5
5
5
5
5
5
5
5
5
5
5
5
5
5
5
5
5
5
5
5
5
5
5
5
5
5
5
5
5
5
5
5
5
5
5
5
5
5
5
5
5
5
5
5
5
5
5
5
5
5
5
5
5
5
5
5
5
5
5
5
5
5
5
5
5
5
5
5
5
5
5
5
5
5
5
5
5
5
5
5
5
5
5
5
5
5
5
5
5
5
5
5
5
5
5
5
5
5
5
5
5
5
5
5
5
5
5
5
5
5
5
5
5
5
5
5
5
5
5
5
5
5
5
5
5
5
5
5
5
5
5
5
5
5
5
5
5
5
5
5
5
5
5
5
5
5
5
5
5
5
5
5
5
5
5
5
5
5
5
5
5
5
5
5
5
5
5
5
5
5
5
5
5
5
5
5
5
5
5
5
5
5
5
5
5
5
5
5
5
5
5
5
5
5
5
5
5
5
5
5
5
5
5
5
5
5
5
5
5
5
5
5
5
5
5
5
5
5
5
5
5
5
5
5
5
5
5
5
5
5
5
5
5
5
5
5
5
5
5
5
5
5
5
5
5
5
5
5
5
5
5
5
5
5
5
5
5
5
5
5
5
5
5
5
5
5
5
5
5
5
5
5
5
5
5
5
5
5
5
5
5
5
5
5
5
5
5
5
5
5
5
5
5
5
5
5
5
5
5
5
5
5
5
5
5
5
5
5
5
5
5
5
5
5
5
5
5
5
5
5
5
5
5
5
5
5
5
5
5
5
5
5
5
5
5
5
5
5
5
5
5
5
5
5
5
5
5
5
5
5
5
5
5
5
5
5
5
5
5
5
5
5
5
5
5
5
5
5
5
5
5
5
5
5
5
5
5
5
5
5
5
5
5
5
5
5
5
5
5
5
5
5
5
5
5
5
5
5
5
5
5
5
5
5
5
5
5
5
5
5
5
5
5
5
5
5
5
5
5
5
5
5
5
5
5
5
5
5
5
5
5
5
5
5
5
5
5
5
5
5
5
5
5
5
5
5
5
5
5
5
5
5
5
5
5
5
5
5
5
5
5
5
5
5
5
5
5
5
5
5
5
5
5
5
5
5
5
5
5
5
5
5
5
5
5
5
5
5
5
5
5
5
5
5
5
5
5
5
5
5
5
5
5
5
5
5
5
5
5
5
5
5
5
5
5
5
5
5
5
5
5
5
5
5
5
5
5
5
5
5
5
5
5
5
5
5
5
5
5
5
5
5
5
5
5
5
5
5
5
5
5
5
5
5
5
5
5
5
5
5
5
5
5
5
5
5
5
5
5
5
5
5
5
5
5
5
5
5
5
5
5
5
5
5
5
5
5
5
5
5
5
5
5
5
5
5
5
5
5
5
5
5
5
5
5
5
5
5
5
5
5
5
5
5
5
5
5
5
5
5
5
5
5
5
5
5
5
5
5
5
5
5
5
5
5
5
5
5
5
5
5
5
5
5
5
5
5
5
5
5
5
5
5
5
5
5
5
5
5
5
5
5
5
5
5
5
5
5
5
5
5
5
5
5
5
5
5
5
5
5
5
5
5
5
5
5
5
5
5
5
5
5
5
5
5
5
5
5
5
5
5
5
5
5
5
5
5
5
5
5
5
5
5
5
5
5
5
5
5
5
5
5
5
5
5
5
5
5
5
5
5
5
5
5
5
5
5
5
5
5
5
5
5
5
5
5
5
5
5
5
5
5
5
5
5
5
5
5
5
5
5
5
5
5
5
5
5
5
5
5
5
5
5
5
5
5
5
5
5
5
5
5
5
5
5
5
5
5
5
5
5
5
5
5
5
5
5
5
5
5
5
5
5
5
5
5
5
5
5
5
5
5
5
5
5
5
5
5
5
5
5
5
CELL_DATA 3820
SCALARS density double 1
LOOKUP_TABLE default
9.98524974178037983e-01
1.00055730190873282e+00
1.00171044911425411e+00
1.00549417527373319e+00
1.00472962950939859e+00
9.95802408593448041e-01
9.99368944473057574e-01
1.00455667522031966e+00
9.99588884392963006e-01
9.98807832225341641e-01
9.98551019478156276e-01
9.61893129937568925e-01
1.00364244475517039e+00
9.99547487693459802e-01
9.99925895443184443e-01
9.77107173067725765e-01
1.00370205780292343e+00
1.00130675912709566e+00
9.99730772776640464e-01
1.00211356838205123e+00
1.00837641734615402e+00
1.00149293669301187e+00
1.00201188582839662e+00
1.00236709150484549e+00
9.98243351542180690e-01
9.96895639623841090e-01
9.90306116934699721e-01
1.00081578750472699e+00
9.94223483052902757e-01
9.99489946606783475e-01
9.97051127388883240e-01
9.85964570934170004e-01
1.00153271790859888e+00
9.91727223596458374e-01
9.27844300764635976e-01
1.00221824513830415e+00
9.99557375444536711e-01
9.98749955026665193e-01
1.00200580661363903e+00
9.29746406556295146e-01
9.94070144753439577e-01
1.00139778131672208e+00
9.96681558106602861e-01
1.00217864348563790e+00
9.96156874746491616e-01
9.99597875110547984e-01
9.99325906440200140e-01
9.99318068549825855e-01
9.99538682930090405e-01
9.99576011840452083e-01
1.01066826475638805e+00
1.00180848155927071e+00
1.00514135745206157e+00
1.00128829912800388e+00
1.00048115834226703e+00
9.98920511847976811e-01
9.93249311110836142e-01
9.97524664013213491e-01
9.97432339501170717e-01
1.00655011184457699e+00
9.69100727167537035e-01
9.96074546141270001e-01
1.01245569835202409e+00
9.70960668579766928e-01
9.58185492742073208e-01
1.00560708152704792e+00
1.00279711240015246e+00
9.93418940402713946e-01
1.01225647708998245e+00
1.00647204034295878e+00
9.97419822400089862e-01
9.97531293108774531e-01
1.00013737738200614e+00
1.00172135240186821e+00
1.00636907328612812e+00
1.00267254699145481e+00
1.00506195208506388e+00
9.83744608943642906e-01
9.97825484284954545e-01
1.00284472983534667e+00
1.00016400930370541e+00
9.81135611538321517e-01
9.77723274925187402e-01
9.99677553936914265e-01
9.97498823797680845e-01
9.99659499407562935e-01
1.00227642743727152e+00
1.00257270392188236e+00
1.00144671518179962e+00
9.90331842388175398e-01
1.00186804842780997e+00
1.00427300377254491e+00
1.00227669030099853e+00
1.00986569566194406e+00
9.99612588077645858e-01
1.00693882690365388e+00
9.99587881251339017e-01
1.00244414039989804e+00
1.00300996555409827e+00
9.86587378670202408e-01
9.94629276328719558e-01
1.00041511256219473e+00
1.00450513492624061e+00
1.00460680436865268e+00
1.01213309443198396e+00
9.99245121633102862e-01
9.99226114776199936e-01
9.79195455659370495e-01
1.00429999176738471e+00
1.00170134500637431e+00
1.00297468472323947e+00
9.83410588444321720e-01
9.81852141447977611e-01
9.80256702106986677e-01
9.99554001977215223e-01
9.99686114891987887e-01
1.00481156807055361e+00
8.97427220924688851e-01
1.00480472419292632e+00
9.92092062347564307e-01
9.91070563071772659e-01
1.01224889930310513e+00
1.00140660754058497e+00
9.98043867306548371e-01
1.00153118371179306e+00
9.89440418691149959e-01
1.00041771032751514e+00
9.94347283209163546e-01
1.00041158915534734e+00
1.00098073330426707e+00
1.00001719748913942e+00
1.00027327422116952e+00
1.00091046538546924e+00
9.84862644968229506e-01
1.00152277142410639e+00
9.93433262058992850e-01
9.99497607428163182e-01
1.00442215048182448e+00
9.99832530007409459e-01
8.88852939218461979e-01
1.00059508300944877e+00
1.00582870897209320e+00
9.98414286303654475e-01
9.74889710702659285e-01
9.99358710961244068e-01
1.00913674488506255e+00
9.95081703489438030e-01
9.98269706952746194e-01
1.00459776148571778e+00
9.95252160981744294e-01
1.00240338124139527e+00
9.92405806515471167e-01
9.28478186976092412e-01
1.00260349670600224e+00
9.95662493751727218e-01
1.00124889173421971e+00
1.00102008028402745e+00
9.99570229659346832e-01
9.98767156423101765e-01
1.00095002687924040e+00
1.00230507448201700e+00
1.00115244677795356e+00
1.00102725409525961e+00
8.63939548552034697e-01
9.99009592158553894e-01
9.99944292557422232e-01
8.59484931596691482e-01
1.00216464387503890e+00
9.97921385702350006e-01
1.00086272569138246e+00
9.97847069797717201e-01
9.99620713290871210e-01
1.00208225661810957e+00
9.92286201531379697e-01
9.84427021930671997e-01
9.96862621916760561e-01
1.00252844729697377e+00
9.98269249408437420e-01
9.78316692093546547e-01
1.00400749656113542e+00
1.00166434385879044e+00
9.21449415258378202e-01
1.00169665920540685e+00
9.99447708585955219e-01
9.91657979058163774e-01
9.99649740098373818e-01
1.00186646445769800e+00
9.88252915785162278e-01
1.00873627710939640e+00
9.98986265082266733e-01
9.99336506557526594e-01
1.00442031508581553e+00
9.98090804759899863e-01
1.00950922473203164e+00
1.00139514190912671e+00
9.92725281437811358e-01
9.97364908478041379e-01
9.98914756185789510e-01
9.79767885512052294e-01
9.97580025995430941e-01
1.00050219048812461e+00
9.99976916412401939e-01
9.95149589553100067e-01
9.98962755481432652e-01
1.00182221105114810e+00
1.00143896072121574e+00
9.86861101774105132e-01
1.00517150521666321e+00
1.00122967583459177e+00
9.79851175159094256e-01
9.94031744787837068e-01
9.98176045309014492e-01
1.00207346223175930e+00
1.00179036233089724e+00
9.96239318336071045e-01
9.99593504084895113e-01
9.81602555326570037e-01
9.93823478524406445e-01
1.00389573339703975e+00
9.99395505519417027e-01
9.98619057018086176e-01
1.00043883349651375e+00
9.01124082996567655e-01
9.98415178977458129e-01
1.00012446209012884e+00
9.92917165081425246e-01
9.71158382200442261e-01
9.89942232849066683e-01
9.99289295661296095e-01
1.01176286475119914e+00
9.96821945899144635e-01
1.00167227557980221e+00
9.98014172279463097e-01
9.91349487007536001e-01
1.00134759938063156e+00
1.00191545365320955e+00
9.95008889639147243e-01
9.90623975512057942e-01
9.98990696030995773e-01
9.99325523654443049e-01
1.00165333602490314e+00
1.00169680107165426e+00
1.00011646281817379e+00
1.00120222415787818e+00
1.00433781276315082e+00
9.94894847437064689e-01
9.98409666086700121e-01
9.90558325693805641e-01
1.00079175452134650e+00
9.98601648158933819e-01
1.00394490741480635e+00
9.99292811933371827e-01
9.99374948491831838e-01
9.99656893749215181e-01
9.98339623418394884e-01
9.99646164992833208e-01
1.00132830380606674e+00
1.00001754809796073e+00
1.00081608339134509e+00
9.92097960601010076e-01
9.31526633688817607e-01
1.00226720231632060e+00
9.93130674381640377e-01
1.01483420038726746e+00
1.00086888932538298e+00
1.00111248749094361e+00
9.92752285648489718e-01
1.00029833410804003e+00
1.00174321420549073e+00
9.98261960677478632e-01
9.98161943248012551e-01
9.89692620231934050e-01
9.99686403510333998e-01
9.96949451005060161e-01
1.00084697175881754e+00
1.00336708407426300e+00
9.95459710977948498e-01
1.00167232959925645e+00
1.00337395897855575e+00
9.99392324318718828e-01
9.99290431952855385e-01
1.00258268801012296e+00
1.01014725890717516e+00
1.01425372409030556e+00
1.00178571819342754e+00
9.89852983994591096e-01
1.00767689315782327e+00
9.98783654821072453e-01
9.92619701666834331e-01
1.00030209921333912e+00
1.00193744178525312e+00
9.99094147940230992e-01
9.89389166014587484e-01
9.57799890783807228e-01
9.95209307613975969e-01
1.00031735835067015e+00
1.00239888981968939e+00
9.99614361887219527e-01
9.98122263636236351e-01
1.00375103987118863e+00
9.98889315930225785e-01
9.74075802436502824e-01
1.01207641789435709e+00
9.98915882426024138e-01
9.93596442294553572e-01
1.00041831272556148e+00
9.97940296172799779e-01
9.99209617984892606e-01
9.94711649266565523e-01
9.90741608975922672e-01
9.63613598279313921e-01
9.91851962875433757e-01
9.96892151547348782e-01
9.99415193713156791e-01
1.00142298961234211e+00
9.94794991101660586e-01
1.00385677362198122e+00
9.94319716492113259e-01
9.84933793933619461e-01
9.99647937274068199e-01
9.98177460893976853e-01
9.99699229077580354e-01
9.99569409645177487e-01
9.85705640324456400e-01
1.00125956752845124e+00
9.97000573929978318e-01
9.99568119703834856e-01
1.00121882708084797e+00
9.93080041429604932e-01
1.00454801366794833e+00
9.99030349051366229e-01
9.98338986461413169e-01
9.92379765259696289e-01
1.00274605736604294e+00
1.00326038605785395e+00
1.00576263226841101e+00
9.94046924953422617e-01
1.00005509078525545e+00
9.99598880839452364e-01
9.99023782097553159e-01
1.00758218290264856e+00
8.93068134785617307e-01
1.01073821907864692e+00
9.99127074996086662e-01
9.66132625984050253e-01
9.95501362932639688e-01
9.99622792784167324e-01
9.99763464886047282e-01
9.97743822843852546e-01
1.00163120643414527e+00
9.98654312553515555e-01
9.99782935999970257e-01
9.95404627480147575e-01
1.00000920958688377e+00
9.64400719784791693e-01
9.98694411514085334e-01
9.98609220483397730e-01
1.01693409641007704e+00
9.99077210286773765e-01
9.90513911684139048e-01
9.94787934444877786e-01
1.00155335187806305e+00
9.95727447687426603e-01
9.44179288668867134e-01
1.00118015935574656e+00
1.00222058413012549e+00
1.00130849735927696e+00
9.93979229229138506e-01
9.99679519991523602e-01
9.98110238668622585e-01
1.01813716391412235e+00
9.95749781052120864e-01
9.86151782971808832e-01
9.99425409707166312e-01
1.00077467994686220e+00
9.99554188958586054e-01
9.98318590600303812e-01
9.94987688051019559e-01
9.99983030464782985e-01
1.00417312814093718e+00
9.97264120363062334e-01
9.98447027543302723e-01
9.95920438328960489e-01
9.17985072952471781e-01
9.95153646141953896e-01
1.00070162360439596e+00
9.87690245405927536e-01
1.00084553481770966e+00
9.89020539006242649e-01
9.93782939251940611e-01
9.99710838183250905e-01
1.00478738759254127e+00
1.00493907390543624e+00
9.61352180117535093e-01
8.98291030322379447e-01
9.63005697044684750e-01
9.97560064413714587e-01
9.16897182478168649e-01
9.97483358942937159e-01
9.97594318809235880e-01
9.98910772313501671e-01
1.00105306101407110e+00
1.00157786147370431e+00
9.99272902565951360e-01
1.00018946309396384e+00
1.00045823361901709e+00
9.99478046662223507e-01
9.99508730017759306e-01
9.98761454808611893e-01
1.00038624242178575e+00
9.73021223842495342e-01
8.96462016879780998e-01
9.99593272198528449e-01
9.96367061266551390e-01
1.00034121642957308e+00
9.98394521205609897e-01
1.00325885536494308e+00
9.99563281333471387e-01
9.99723812339930240e-01
9.95173620362649669e-01
1.00040096302855086e+00
9.99305792195687714e-01
9.99530972108322646e-01
1.00074279344836103e+00
9.93070627354806890e-01
1.01420038014961045e+00
9.99425409698495137e-01
9.99398200551298577e-01
9.98486807179745361e-01
9.78991671785121587e-01
9.95915297673389488e-01
1.00127637787503154e+00
9.98060688312167543e-01
1.00044044393669251e+00
9.82538462795418122e-01
9.99435311770519141e-01
9.88398933979660832e-01
1.00287985440688177e+00
9.99238279646072702e-01
1.01713161319640233e+00
9.97931852689726728e-01
9.52472560535882140e-01
1.00046794026518882e+00
9.72031097841861702e-01
9.80897599721916036e-01
9.51040518257112888e-01
1.01558971835418554e+00
1.00029873665452618e+00
9.99543287028230254e-01
9.99294695570964620e-01
9.52354595091853717e-01
9.97182133554814332e-01
9.96967384678982715e-01
1.01079223738993229e+00
1.00174726555283344e+00
9.97659633034448379e-01
9.21308622932557220e-01
9.99492022287148174e-01
9.95751370988056328e-01
1.02459769860363070e+00
1.00372524337543956e+00
1.00092035868103291e+00
1.00459836584955675e+00
9.99801332476055848e-01
9.79231335437332762e-01
9.77492892396179536e-01
1.00559274904167451e+00
1.00454731127854990e+00
9.79215109938402328e-01
9.95143171533040438e-01
9.54241490907513312e-01
9.97378975211467567e-01
9.46577957167134665e-01
1.00313493744227800e+00
9.98410805477110475e-01
9.93318393210396056e-01
1.00100272717207495e+00
1.00749848239110329e+00
9.99792926466324561e-01
1.00321542585743195e+00
9.94938990179944027e-01
1.00266905655178373e+00
1.00227120863284558e+00
9.99049984316177642e-01
9.97452632716434806e-01
9.97464643299154741e-01
1.00482397586292738e+00
9.97580017317807211e-01
1.00013471634042150e+00
9.91113392398368598e-01
9.68974548247228729e-01
9.95397676263356179e-01
9.82756744646277158e-01
9.97516200553781873e-01
1.00393090883298886e+00
9.95758914376789761e-01
9.99657161838891306e-01
9.25041095901484089e-01
1.00364349590321034e+00
9.96724017797514517e-01
1.00061979952965330e+00
9.51730886747556681e-01
8.64249380652028720e-01
9.98781772796642153e-01
9.99002177057231600e-01
9.98515224134909674e-01
9.99605296089484785e-01
9.98869913451394309e-01
9.56034830894039733e-01
9.99620331092467951e-01
9.99950839830905602e-01
9.25508000381948248e-01
9.87754251562534824e-01
9.57724283454584158e-01
9.51684857913122406e-01
9.99496008729363172e-01
9.99848003581149891e-01
1.00368577609776422e+00
1.00048370628229821e+00
9.99645743636514372e-01
1.00071149973018314e+00
9.93926114284405027e-01
9.85593807464122174e-01
9.46723923342367879e-01
9.92376237215619184e-01
9.87112112425960420e-01
1.01664792964787987e+00
9.80418545710211919e-01
9.72929743983533268e-01
1.00025770952219450e+00
1.00457582969474091e+00
9.73572299959843734e-01
9.54570358250055984e-01
9.99212040570804594e-01
1.00369747975810308e+00
9.99015932098312076e-01
1.00113354241992303e+00
1.00082792346400606e+00
1.00015624789311852e+00
9.88724028354695750e-01
1.00030813747497915e+00
1.00417671436766498e+00
9.99810216540902630e-01
9.99826925073555528e-01
9.47101815491319443e-01
1.00184805299837265e+00
9.95406666296187792e-01
9.95454675579053649e-01
1.00960739359340335e+00
9.92212194841460393e-01
1.00088184828899740e+00
1.00318253955557046e+00
1.00016680500490751e+00
9.98821063350620264e-01
1.00249148322394466e+00
1.00022260739399838e+00
9.99564813867376167e-01
1.00127042326695626e+00
9.98301674621361212e-01
9.99106032547404488e-01
9.99158849104726299e-01
1.00261637576573137e+00
9.86577171803536879e-01
9.73582707638597111e-01
9.96311643512277856e-01
9.99270353987940618e-01
9.93766923526040347e-01
9.99719477483430929e-01
9.97087712734056608e-01
1.01419015046717309e+00
9.58307808973577480e-01
9.94585395908210490e-01
9.99020742710404419e-01
1.00117718745309636e+00
1.00056917625301645e+00
9.71825886806211847e-01
9.86253363005118011e-01
9.90690165315774807e-01
1.02333529660256017e+00
1.00188684143599249e+00
9.95517721812095191e-01
9.60488366096111212e-01
9.81503523872939043e-01
9.99705964965135530e-01
1.00121360777582402e+00
1.01338700991399300e+00
9.21621381480853819e-01
1.00157422658178508e+00
9.97981850313182539e-01
9.97323457518638934e-01
1.00093676401659937e+00
1.00031165363055163e+00
1.00073784240883179e+00
9.98428481672552603e-01
9.95321600320343891e-01
9.99574310799622778e-01
9.99577438298581145e-01
1.01621931210530714e+00
1.02054840647795197e+00
9.93113339370782944e-01
9.99880686153443055e-01
9.97266166118570885e-01
1.00352170004997876e+00
9.99715389857021575e-01
1.00071461709349085e+00
9.99713290477512895e-01
1.01728236976747355e+00
9.17470455538603513e-01
9.50418936054986285e-01
9.99711494873143258e-01
9.98967599700884112e-01
9.99755981434399144e-01
9.92594421161929419e-01
9.82790846761487535e-01
9.99612390661527184e-01
9.97901079396091628e-01
9.85627222181961971e-01
9.98619698821925694e-01
9.91748527046662276e-01
1.00280645371173138e+00
1.00115334024954139e+00
9.99286272469107284e-01
9.49994907447025305e-01
9.72373933504102506e-01
9.99741852335872316e-01
9.96972794309139210e-01
9.99548656608906794e-01
1.00009451943156691e+00
9.97569536848396998e-01
9.97541662475478930e-01
1.00016984533950448e+00
9.93728369590564542e-01
1.00354758790423682e+00
1.00208635235031385e+00
1.01729151228580239e+00
1.00106295142742252e+00
1.00925805922270961e+00
9.99697150075317564e-01
9.93470169378075418e-01
9.96211547813534715e-01
1.00078685227338093e+00
9.99822627977119738e-01
9.97212205031325349e-01
9.90776635618577983e-01
9.49873270134654724e-01
1.00161759988493682e+00
9.86040725825825581e-01
1.00036525082523386e+00
9.99077903458874261e-01
9.92214963085124468e-01
1.00045292243106720e+00
1.00080091064872878e+00
9.99819292407095106e-01
1.00023910151175621e+00
1.00378986968914918e+00
1.00342899729613921e+00
1.00239887391033600e+00
9.99228557309131848e-01
9.92068691431357452e-01
9.90294492219255362e-01
1.00316937781424276e+00
9.96745672718904796e-01
1.00004168191003018e+00
9.99877214933820757e-01
9.90043898138700418e-01
9.99551616122424047e-01
9.99729451139457770e-01
9.99530071770404871e-01
9.93191874380708550e-01
9.98804939133712599e-01
9.98167349162964013e-01
1.00356080108880974e+00
1.00080963328880967e+00
9.99514224468929124e-01
9.99741815498788045e-01
9.94248037682885832e-01
9.91515012141108598e-01
9.98050716898353785e-01
9.97889700473253871e-01
1.00204126669510463e+00
1.00588744733781055e+00
1.00176118575029172e+00
1.00002137008740433e+00
9.95151566229018680e-01
9.99354965384616545e-01
9.55927739103578533e-01
1.00136911311238941e+00
1.00079354748990657e+00
1.00070461750660500e+00
9.99380592225813547e-01
9.99567066250125369e-01
1.00011840478666514e+00
1.00052980707992090e+00
1.00285164970244223e+00
1.02762549907466805e+00
9.99527862563815539e-01
9.97803492622055588e-01
1.00240637956307443e+00
1.02787906344820557e+00
1.00430432349727794e+00
9.99520974319393463e-01
1.01515130621996663e+00
1.00034791551752456e+00
1.00108415203381629e+00
1.00049524875770035e+00
1.00054439705644582e+00
1.00027750262942772e+00
1.00729786784415176e+00
1.01648815353611299e+00
9.94519917464668946e-01
9.47735069257323315e-01
1.00164766174436659e+00
1.00151773469914041e+00
1.00222261428823178e+00
9.07846573784832578e-01
1.00063577184980579e+00
9.97329988612569274e-01
9.99104283124461978e-01
9.76283971406210371e-01
9.95972400517394774e-01
9.99663667725563698e-01
1.01326268228557703e+00
9.68452055522611266e-01
9.99067793031225282e-01
8.70564401185505488e-01
1.00128999715750355e+00
9.92702443444471005e-01
1.00057563598747312e+00
9.99682159890102895e-01
9.87394232697716312e-01
9.83522252020923804e-01
1.00470410090060280e+00
9.98544635211380704e-01
9.92307507078613038e-01
9.96649651355958510e-01
1.00800762210166139e+00
9.75771540070527466e-01
9.99948474193453007e-01
1.00681191807597825e+00
9.06642678357889920e-01
1.00276473096891094e+00
9.95844425987085669e-01
1.00068593488276547e+00
1.00113880230452845e+00
9.99612707878147932e-01
9.55671581720458185e-01
1.00111038020628529e+00
1.00081735785195702e+00
9.98348195654411241e-01
1.00270301307797483e+00
1.01716131743549831e+00
9.90392514110549071e-01
9.99209623067624619e-01
1.00485621549329585e+00
9.99809622323271641e-01
1.00076595195290419e+00
1.00013754286168854e+00
9.98433328715098711e-01
9.99521410730468962e-01
1.00046385102669233e+00
9.92080042454506872e-01
9.80427450411733181e-01
9.98513893850021650e-01
9.98636697587848676e-01
9.24708906384711926e-01
9.95362566340371124e-01
9.99703575407962175e-01
1.00050626916095031e+00
1.00318280385712177e+00
9.99630365940458399e-01
9.98312543266444918e-01
9.97045344798573430e-01
1.00118632720627843e+00
9.22971727793369334e-01
1.00199015346377540e+00
1.00074218003400595e+00
9.97959658081714496e-01
9.99341216018380774e-01
9.89829516479772020e-01
1.00026809489301716e+00
9.86393743212187757e-01
1.00145528245876148e+00
9.94465563310046763e-01
1.00472558073316853e+00
1.00332697887381150e+00
9.96849077789260130e-01
9.98124406323971036e-01
1.01980671738109452e+00
1.00003000509001327e+00
9.95087773644194984e-01
1.00384659797130626e+00
1.00172372550316591e+00
9.99584888772627855e-01
9.89733348651319234e-01
9.69061767255866346e-01
9.99244283882072981e-01
9.99114764200054961e-01
1.00147711398007333e+00
1.01437084707560299e+00
9.70426860604274966e-01
9.97490932244024187e-01
9.99262590103774828e-01
9.96615125976951122e-01
9.97894028019893242e-01
1.00050330675736365e+00
9.96602638546066344e-01
1.00030687609448665e+00
9.95593493241331506e-01
1.00040035873642208e+00
9.92496548428046466e-01
1.01840230927778230e+00
1.01619028979478632e+00
9.96391206301430188e-01
9.06384851798512026e-01
9.05132308054944934e-01
9.53754716339343278e-01
9.99520609411586158e-01
9.97388776479175676e-01
9.92961119076418597e-01
9.99132924474964157e-01
9.67902269446451746e-01
9.80007712423075161e-01
9.99531548534705605e-01
1.00004125103065333e+00
9.99747956883009214e-01
9.99712243020728475e-01
1.00097856559791110e+00
9.99354996533314277e-01
1.00394562539848664e+00
9.83241801280486549e-01
9.99697784775730680e-01
1.00141797743136873e+00
9.59822879753960079e-01
1.00134059090278527e+00
9.98989385164999133e-01
9.73160691121795596e-01
9.98115012808671320e-01
1.00021077407596137e+00
9.49504190816704785e-01
1.01978170190450945e+00
1.00042506055115488e+00
1.02776850120455454e+00
9.99167289729990249e-01
1.00011386457131879e+00
1.00058112382683428e+00
9.99512083311340782e-01
1.00069583271848384e+00
1.02722478529270722e+00
9.56342847747194136e-01
1.00591686957519433e+00
9.90663160150545452e-01
9.19332896063525418e-01
1.00148342177902561e+00
9.84411343178628662e-01
1.00163169561083110e+00
9.54106682582287702e-01
9.99375997316408027e-01
9.99201067529029485e-01
1.00139007720135309e+00
1.00020682657111415e+00
9.60797405825803974e-01
9.99530774449808090e-01
9.99568928409610313e-01
9.76023504371200334e-01
1.00045112872446529e+00
9.99217157267062506e-01
9.98577961262419489e-01
1.00440973277891543e+00
9.99539958964689390e-01
1.01561705968753313e+00
9.99606722273068460e-01
1.00070909916489481e+00
9.97213050286298475e-01
9.92806162877626019e-01
9.99609314462659104e-01
9.99985736595894736e-01
9.99554907200871701e-01
9.99834879081528016e-01
9.96714748954303342e-01
1.00100636197901394e+00
9.72333177040993979e-01
9.98876334709624003e-01
9.91772228881066531e-01
9.77516236721027498e-01
1.00176242798738180e+00
1.00034947134561669e+00
1.00079753655220682e+00
1.00127955621041487e+00
9.97568030820439100e-01
9.99738689221911558e-01
9.77202156740857197e-01
9.85225589226644938e-01
9.97070490103940665e-01
1.00154222601038678e+00
9.91843730574746507e-01
1.00579607950737260e+00
1.00818074927218593e+00
1.00239754688971616e+00
1.00342409237364194e+00
9.95048310250805312e-01
9.25593677581211138e-01
9.73482381446364342e-01
9.96490635513686440e-01
9.96545150675904101e-01
9.88360378803241346e-01
9.85006979971354002e-01
8.70242082626126123e-01
1.00809741702564071e+00
1.00226635261468422e+00
1.00278455153575985e+00
9.99710633969712048e-01
9.91302559181785115e-01
1.02394942686127655e+00
9.98859649648766168e-01
1.00204938970405477e+00
9.86682868528566903e-01
9.99012677778600477e-01
1.00289157651587568e+00
9.91784435548492382e-01
1.02562323666357424e+00
9.93982605881574721e-01
9.48463896371906978e-01
9.97283734436317792e-01
9.98163706727771549e-01
1.02642165418676412e+00
1.02759808867522806e+00
9.66346657148022148e-01
9.95525580836449819e-01
1.00714415990206829e+00
9.88138706058064309e-01
9.99798659204442108e-01
9.97290545244119531e-01
9.99364578778988100e-01
9.97021201967642545e-01
9.97751478450524698e-01
9.88435337487396315e-01
1.00006711153026973e+00
9.98530877193579358e-01
1.00088743742820396e+00
9.97624394421456007e-01
1.00059203545847208e+00
9.99588163741282676e-01
1.00664090453218757e+00
9.99629079696698675e-01
9.77922052399770925e-01
9.99952946703325685e-01
1.00083727113327248e+00
9.97609137133045998e-01
9.99666098110651324e-01
9.95094616622392958e-01
9.47622796419605451e-01
9.98538977903679181e-01
9.01252389077430882e-01
9.99339137846854686e-01
9.99354386790881399e-01
9.83071789823268150e-01
9.92392109975512415e-01
9.99258594931021205e-01
9.99117835756125783e-01
9.81853465143962101e-01
9.78588732691629382e-01
9.79478136850648995e-01
9.83754540598956728e-01
9.70535580667449493e-01
9.94750152949377853e-01
1.02250624733723727e+00
1.00143797557441916e+00
1.00431919458607166e+00
9.55161743108240979e-01
9.98539524335056550e-01
9.94905505971485749e-01
1.00078360636369701e+00
9.90410589205111824e-01
9.77343964046262004e-01
9.93004824397824892e-01
9.94734300248772740e-01
9.95874625286513937e-01
1.00011036148752042e+00
1.00247333617630696e+00
1.00374603023355480e+00
9.92471680634594899e-01
9.70159325581462562e-01
9.96528900454753064e-01
9.59257606451134559e-01
1.01237078535280522e+00
9.13252030225920164e-01
9.70973248247736898e-01
9.87857130975338782e-01
1.00007660293281853e+00
9.99528881143772585e-01
9.94854920544461341e-01
9.76853275401794674e-01
9.99515308211081033e-01
9.98738251053854054e-01
9.98624467038127461e-01
9.94574124229576029e-01
9.51553259113062544e-01
9.98924631000955077e-01
9.99468292689565385e-01
9.92052774162733964e-01
9.99557425597404459e-01
1.00104096347635618e+00
1.00278686746289813e+00
9.87550618619042142e-01
9.95513938195588644e-01
1.00588179580828307e+00
9.52746027553997288e-01
9.48116400626441203e-01
1.00272073596738465e+00
9.94709999298943104e-01
9.94370938960449258e-01
9.81839457455813136e-01
9.99571917253429976e-01
9.99579007290091193e-01
9.73105811371196894e-01
9.99498934923806814e-01
9.94721170847953085e-01
1.00053155710428410e+00
9.84494940860612400e-01
9.92711194389590990e-01
1.00415204285685955e+00
1.00075369587502916e+00
1.00427198224152670e+00
1.00055804390249703e+00
9.99933482588687750e-01
9.83760938663050033e-01
1.00004391028079764e+00
9.24553237097083480e-01
9.97830126925900673e-01
1.00350083000490131e+00
9.99695186389682910e-01
1.00388300628287119e+00
9.99422410380982673e-01
1.00035169120004097e+00
1.00078478297729578e+00
9.90739506609571663e-01
1.00097146977991969e+00
1.00007134888089610e+00
1.00023152156902762e+00
1.00018256761682323e+00
9.95264551224795624e-01
9.99695560983133724e-01
9.96107739720699326e-01
9.98386807521684072e-01
1.00090314815898229e+00
1.00010644343718247e+00
9.99701953500067741e-01
1.00320297593287511e+00
1.00688392401630256e+00
1.01911279025102663e+00
9.99061776396616197e-01
9.75036213987970246e-01
1.00010635333033582e+00
9.58288245880122402e-01
9.98797750979336096e-01
9.46414526229596986e-01
1.00274450965107054e+00
1.01580380442934892e+00
1.00549612430980106e+00
1.00077176870482587e+00
1.00942436824734338e+00
9.72628364253209976e-01
9.81681928306083251e-01
9.32820084466401633e-01
1.01766073686305480e+00
1.00035271269191073e+00
1.00085243952555358e+00
1.01842355537226692e+00
9.96871078113649167e-01
9.65433357793599956e-01
9.97791074386082166e-01
9.99332195381734345e-01
1.00195562079782752e+00
9.94335987335137839e-01
1.00041327028326421e+00
9.97975564065416987e-01
1.00077813613905331e+00
9.98470794648089299e-01
9.99259035172093357e-01
1.00330659638618425e+00
9.04774152290997002e-01
9.87443343673065632e-01
9.94861228682514698e-01
9.98742948271648889e-01
9.95937578851367689e-01
9.99523279818669619e-01
9.84785560167848684e-01
9.93245894153153897e-01
9.95259262145298473e-01
1.00093200928622394e+00
9.92396270566002325e-01
1.00094440383046779e+00
9.99707120423651951e-01
9.99273082377566846e-01
9.99764895632340500e-01
9.99168978031277355e-01
1.01176444653291342e+00
9.95246998022331852e-01
9.99732456082019882e-01
9.63479376514339347e-01
1.00084564472857496e+00
9.96018825943229213e-01
1.00098619772820041e+00
1.00222101811036701e+00
1.00104265610920073e+00
9.99663222200915524e-01
1.00794092306165295e+00
1.00120987515817239e+00
1.00677934903057031e+00
1.00667400452502886e+00
9.99299646417618370e-01
9.96994563357106678e-01
1.00394682861241269e+00
9.95058603672639208e-01
1.00174833452636958e+00
1.00118405450944259e+00
9.95188687922500925e-01
1.00034751661649168e+00
9.79227309092471132e-01
9.53233532003943895e-01
1.00212807604172416e+00
9.99685292624159838e-01
9.95144063747967378e-01
9.84167863574633039e-01
1.00292617697423525e+00
9.99000238395535867e-01
9.99607323913869861e-01
9.98334621259627575e-01
1.00031995618623126e+00
1.00071275216294886e+00
9.99443206473920931e-01
9.94962106400735569e-01
9.99321731477516684e-01
9.99515388839809726e-01
1.02090959064771147e+00
8.73706676039512131e-01
1.00305010471574629e+00
9.99775400920245638e-01
1.00051808218048510e+00
1.00485953665583816e+00
1.00028514114477796e+00
1.00075273884498905e+00
1.00077627127095026e+00
1.00238632081705581e+00
1.00067645678772910e+00
9.98749861404841788e-01
9.99206219311988941e-01
9.91612929473475790e-01
9.99290448991952296e-01
1.02152130721901080e+00
9.94402879173322374e-01
1.00482609178885696e+00
9.64922929724298384e-01
9.93850952251324582e-01
9.99916696645926972e-01
9.95875823294594675e-01
1.01073052913165085e+00
9.98568917487953067e-01
9.99219552497285335e-01
9.62433427398834640e-01
1.00054346424324070e+00
9.99367332868424163e-01
1.00763452223127992e+00
1.00004488414367043e+00
9.88722917549809233e-01
9.99196950869052691e-01
9.92270805388065558e-01
1.01957351273910923e+00
1.01113320340879476e+00
9.99595019939610752e-01
1.00022278847269641e+00
1.00235481800276860e+00
1.01732680982502965e+00
9.99166962178955398e-01
1.00026015020219394e+00
1.00072396260215468e+00
9.88394880676532916e-01
9.99005833729180726e-01
9.83009784388003904e-01
9.11063703263390368e-01
1.00399517671561256e+00
1.00070201160870553e+00
1.00438450332109830e+00
9.79882017863913046e-01
9.37891068438390429e-01
9.99937103081212753e-01
1.00247916888399291e+00
9.99975170085193765e-01
9.00039061100125881e-01
9.85552602175705172e-01
1.00081165909717651e+00
9.98200870159903775e-01
1.02454753301382917e+00
9.97345040593816123e-01
9.99641230367379952e-01
9.99324193513851600e-01
9.47777322782451637e-01
1.00194933424113719e+00
9.83549860052115421e-01
9.96959753364190404e-01
9.97239793138330333e-01
9.71496874852870285e-01
9.99862927113198352e-01
9.97625581436532238e-01
9.91130813664331978e-01
9.56230962314148059e-01
8.78568689403194103e-01
9.61926229632083740e-01
1.00057961331949596e+00
9.52465657895849471e-01
1.00050722831745209e+00
1.00055426778131018e+00
1.00175743117854688e+00
9.91727360994977492e-01
1.00483539437604175e+00
9.98251654537086530e-01
9.38928722536909954e-01
1.00188100246839129e+00
9.99626372002152874e-01
1.00100608939872826e+00
9.91904143912747949e-01
1.00493757147869922e+00
1.00404583759052102e+00
9.96960538878917446e-01
9.97837243339614766e-01
9.99562457342747290e-01
9.99201161641564028e-01
1.00309982362974193e+00
1.00003911000814893e+00
1.01019435503129662e+00
9.98776536178352159e-01
9.84785206504835586e-01
9.77145599792391684e-01
9.98630208033372990e-01
9.97112477710045741e-01
9.95881691846968509e-01
9.20399578352175674e-01
9.98956292056510042e-01
9.93999438853475192e-01
9.98629769052159055e-01
9.90390108868763774e-01
1.00274592452915146e+00
1.00229464146811997e+00
9.93003661119837844e-01
9.96972449588496734e-01
9.91214812796842759e-01
9.95744971350200569e-01
9.76030462229441342e-01
9.96553515264330003e-01
1.00036096175158007e+00
9.62003310031545489e-01
1.00049083554569207e+00
9.58670224715334696e-01
9.99474639203295490e-01
9.91061787794644600e-01
9.99584559809330031e-01
1.01607590645286017e+00
1.00506235713662528e+00
9.97480218251785677e-01
1.02388233042918375e+00
1.00000373709953916e+00
9.99557617976959190e-01
9.91791530320863424e-01
9.90653292596613499e-01
9.97334138762159039e-01
9.96974750394159726e-01
1.00154119762198102e+00
9.98127381209815923e-01
9.98557931922562703e-01
9.99950962471719995e-01
9.99624430797361185e-01
1.00068660444773871e+00
9.99932029433119318e-01
1.00324959121255008e+00
9.99985554084450334e-01
9.78227838832143370e-01
1.00101788158578753e+00
9.95218325871993659e-01
9.99798368217265421e-01
9.89456617173878672e-01
9.81023598785174977e-01
1.00021594117927215e+00
9.79674213965862850e-01
9.58915736908423244e-01
1.01621928935479677e+00
1.00127652160686864e+00
9.99478148352032636e-01
9.99649872527871408e-01
9.53868207936264478e-01
9.99815094649452285e-01
9.99063911129403848e-01
1.01728468732793065e+00
9.92140541744730431e-01
9.99507431160104876e-01
9.98867266549650856e-01
1.00331251859501935e+00
9.70511313552631094e-01
9.77014352268324560e-01
1.00014960644762674e+00
9.96723280072492557e-01
9.99046929303028408e-01
1.00114526759346645e+00
9.89307472917210662e-01
1.00080600984004153e+00
9.99588801192725307e-01
9.98854693064432531e-01
9.97705878705169913e-01
9.95712135217451833e-01
1.00023395706226803e+00
1.00345908368529591e+00
1.02789326753526766e+00
9.99501695408407609e-01
9.99691529541699375e-01
1.00168863466693869e+00
9.95761129100307785e-01
9.93982207416204799e-01
9.94780385297051040e-01
1.00075548888695254e+00
1.00090918610593116e+00
9.97849836064099271e-01
9.70661528278690011e-01
1.00033351180861252e+00
9.61723646355066353e-01
1.00055726247420651e+00
1.00130796727151994e+00
9.96584957390720283e-01
9.99193450406553829e-01
1.00271730726283326e+00
9.98870632605413977e-01
9.99850897585837339e-01
1.00067490989062402e+00
9.97249206091933571e-01
1.00374813312813282e+00
9.80027516352322992e-01
1.00110137269603761e+00
1.01046764482008111e+00
9.99457507418263114e-01
9.99950049939647423e-01
9.98520807765223561e-01
9.52427869067943744e-01
1.00231035029954607e+00
1.00084785126294706e+00
9.99851606658770153e-01
1.00264391556015031e+00
9.77531535607649160e-01
9.78944006216951546e-01
9.97594110375461085e-01
1.01365094043216919e+00
1.00005667889539795e+00
9.99983303135288493e-01
9.94930930477393449e-01
9.98189411288135653e-01
9.98893999443308256e-01
9.56182143198451406e-01
9.97118111729184853e-01
1.00191394769677533e+00
9.93259565187145643e-01
9.97039461495629720e-01
9.99600746598672263e-01
1.00366980838983455e+00
9.85960507971836209e-01
1.00121324512489784e+00
9.99962972061653632e-01
1.00854527409879102e+00
9.99521975677290286e-01
9.88012497073821883e-01
9.99556895190393591e-01
9.99981355392667637e-01
1.00002237394043680e+00
9.99867077299637530e-01
1.01174073791166452e+00
1.01193023461835585e+00
9.92249641673699889e-01
1.00156659478178800e+00
9.91088359842655642e-01
9.98400600915757885e-01
9.98319489583646802e-01
9.58766413209725665e-01
1.00107414712504306e+00
9.99293503413406614e-01
9.99540351913117520e-01
1.00088271007658935e+00
9.99841367256332436e-01
1.00543521433742744e+00
1.00071084040189584e+00
9.98503098404503908e-01
9.98515645637279348e-01
9.99220924567847835e-01
9.99855041914230580e-01
9.93263670238888063e-01
1.00830873081198935e+00
1.00295987354688343e+00
1.00470526210717637e+00
9.98835338530977057e-01
9.99591921709209186e-01
9.99897857783209054e-01
9.88409198525702637e-01
9.99929771290162472e-01
9.61151080020383630e-01
9.99131743631936353e-01
8.96460069927126568e-01
9.97891272776296412e-01
9.93164465027872256e-01
1.00159582792148116e+00
9.98280963280985922e-01
1.00309248759162450e+00
9.99602169592649248e-01
1.00124044718415917e+00
9.99575178503843254e-01
1.01621794424703138e+00
1.00780661451047959e+00
1.00110760499873108e+00
1.00097929399334862e+00
9.97878530002715203e-01
9.92180910733376664e-01
1.01106242599609519e+00
1.00416327520311932e+00
9.99125946857065350e-01
1.00033713737854990e+00
9.99569852961721184e-01
1.00233644536906241e+00
9.98830709206610767e-01
9.98686360471812473e-01
9.58128146946916504e-01
9.99645844770821190e-01
1.00063061040710077e+00
9.31930575244614312e-01
9.98954094659277758e-01
9.99844016592263296e-01
1.00058931386942307e+00
9.99709836878616476e-01
9.95476455940542015e-01
9.78824260530302581e-01
9.92976503882195605e-01
9.87223462059700463e-01
9.98517604579110318e-01
9.72214225145781596e-01
9.84221987397653320e-01
1.00004127936756326e+00
1.00117933994709674e+00
1.00006927042837379e+00
1.00197251971272938e+00
9.90883014654432182e-01
9.99525594430606845e-01
9.99961452499909864e-01
9.99769148000802299e-01
1.00135647741350309e+00
1.00321706975906988e+00
1.00070566597926480e+00
1.01091760042563727e+00
9.95885403138693448e-01
1.01356841713862789e+00
1.00172684801485645e+00
9.85551427598883256e-01
9.97281152524482573e-01
9.55044185283745239e-01
9.48121863243730045e-01
1.00197751743324814e+00
1.00428892064826014e+00
9.92950398944363877e-01
9.97437262478060416e-01
1.00578245147951950e+00
9.95818764661968503e-01
1.00033719374421826e+00
9.99231460138710004e-01
9.78607490200451124e-01
1.00055384524862845e+00
1.00032945717569244e+00
1.00181363752631825e+00
9.99517097004766319e-01
9.63719223501812605e-01
9.99540329407992867e-01
9.89636824591735631e-01
1.00116689924778912e+00
9.98178560008963656e-01
9.96886485081161511e-01
9.93576694903119173e-01
9.89475776461844370e-01
9.99764901755896163e-01
9.99142124055285685e-01
9.87229234425874735e-01
9.91279141839103262e-01
1.00400927253065286e+00
1.00491505754194654e+00
1.00073351466056715e+00
9.99217182787378477e-01
9.91752669336274706e-01
1.00232200917012126e+00
9.99347188376076723e-01
1.00042191535040770e+00
9.81394755681064046e-01
1.00089099243056334e+00
9.59609316205086049e-01
1.00091506185547097e+00
9.99525038757023476e-01
1.00058909592943501e+00
9.99645927545559365e-01
9.10870663030161287e-01
9.99427228329226480e-01
9.32441795600252532e-01
8.89768263579253871e-01
9.99638978416067636e-01
9.77079016976373116e-01
9.69892705276045985e-01
9.99343116804149334e-01
9.99727020314387649e-01
1.00616792417771150e+00
9.99091978902204358e-01
9.99873910631701834e-01
9.99549175166771442e-01
9.97083507224533205e-01
1.00531342565239790e+00
1.00895204139339545e+00
1.00120385003946533e+00
9.99563270306340734e-01
1.01426042520456994e+00
1.00083084754833607e+00
9.98748684589174873e-01
9.72510976169131958e-01
1.00835701084284746e+00
9.99931286396817498e-01
9.92239696509820246e-01
9.95131215889738518e-01
1.00150901087188871e+00
9.97069030539661783e-01
9.71247533044970135e-01
1.00404193483788440e+00
1.00087362156157678e+00
9.93788057022352955e-01
8.63700741591416521e-01
9.98724988725184226e-01
1.00301975243484609e+00
9.99340888943609840e-01
9.98882051264660120e-01
9.95879247349241270e-01
9.99263944864295817e-01
1.02344505169110267e+00
1.02430997889957087e+00
1.00216869739547021e+00
9.68229177172951205e-01
9.54199792228241028e-01
9.93618179348318531e-01
9.99620128870592595e-01
9.97479321592221857e-01
1.00046807051385667e+00
9.93549293649084064e-01
1.00494717972007575e+00
1.00498856687356586e+00
9.81738445575410235e-01
1.00101044861168442e+00
9.98934894716598243e-01
9.91165939202293678e-01
9.98375424250417587e-01
9.99833649317898865e-01
1.00120327732145653e+00
9.99580665794005063e-01
9.90795284360983741e-01
9.99549963393258301e-01
1.02762755806654438e+00
9.82463531844400939e-01
1.00072118863003734e+00
1.00615377931937200e+00
1.00249033318483205e+00
9.93318400227816145e-01
9.66708357481352087e-01
1.00027542764069310e+00
9.99859097145741615e-01
1.00028464184004107e+00
9.99842557325468895e-01
9.99983435167204338e-01
9.99486494349150600e-01
9.97300767359468043e-01
9.93228690970841988e-01
9.96647852878159379e-01
9.53191965267847552e-01
9.99310084416465738e-01
1.02152595637799504e+00
9.61061534790149996e-01
9.99552764801404092e-01
9.28959670191416786e-01
1.00116209578383697e+00
9.93666615888598836e-01
9.96247288398167785e-01
1.00022150899492224e+00
9.92291151250666359e-01
9.35067059867456862e-01
9.99376776763753472e-01
1.00073949415862717e+00
1.00085688751174029e+00
9.97365008853384971e-01
1.00430378896901584e+00
9.95682090025647559e-01
9.98817525451567989e-01
9.99724125317808410e-01
1.00080404751723950e+00
9.93324472240322387e-01
9.98480472853165990e-01
1.00066090882942849e+00
9.77124116730005876e-01
9.99943131320235268e-01
9.92472380407203647e-01
9.96919639921608480e-01
9.96482554453859026e-01
1.00272294630438186e+00
9.98987685672941161e-01
9.99303856056146800e-01
1.00098884316286330e+00
1.00054808905138493e+00
9.98751595782217061e-01
9.88487591497548501e-01
9.32993475025610364e-01
1.00048281756184476e+00
9.99817102610057407e-01
1.00022872447340627e+00
9.24237196255565108e-01
9.94925966002134787e-01
1.00327901703792577e+00
9.99941002670855505e-01
9.98865929489827331e-01
9.97633965953320212e-01
9.99195005673497949e-01
9.96590029984970038e-01
9.88370392404988030e-01
9.69880564215354513e-01
1.00083930543594501e+00
1.00290063042161526e+00
1.00290908671614498e+00
9.73662307346841671e-01
9.57626361259973580e-01
8.98640249599497731e-01
1.00198207989206911e+00
9.96665569956103004e-01
9.86899998657466027e-01
9.62485019553571464e-01
9.91223426204710933e-01
9.99037784355128800e-01
9.99178734256525258e-01
9.99306529560206491e-01
9.95872367977497008e-01
9.75594245357983780e-01
1.00456909081341084e+00
9.92411344184675581e-01
9.97921068530465916e-01
1.00036219022888462e+00
9.99238904420315599e-01
1.00411007407807595e+00
1.00807308767526971e+00
9.92720278857411653e-01
1.00192588666235549e+00
9.90715775155778133e-01
9.31490835691621610e-01
1.00044776896777754e+00
9.99904320234485167e-01
1.00093893491591546e+00
9.95317742342712308e-01
9.71496620225719587e-01
9.21132133165005862e-01
1.00306936565722116e+00
9.92051590109226056e-01
1.00666190562472480e+00
9.92751284189086425e-01
9.83855188370196587e-01
1.00282114357458840e+00
1.00018311152842121e+00
9.99940504069599889e-01
1.00869823572498563e+00
9.99421207452088844e-01
1.00944254104290554e+00
9.12872427604796144e-01
8.81039605404434267e-01
9.99571697095958833e-01
9.98942528286371090e-01
1.00104241652021697e+00
9.96246036448715122e-01
1.00185919586945360e+00
9.52746266003833275e-01
9.81530550153472459e-01
9.99512693388871720e-01
9.93329133592737001e-01
1.00302400211930820e+00
1.00065936288594415e+00
9.94694051966839909e-01
9.73623490532111724e-01
1.00044743322185825e+00
9.34380273346192336e-01
1.00004283424241835e+00
9.97942632732333301e-01
1.00020388333733656e+00
9.99756787623810483e-01
1.00023810816154501e+00
1.00205341945195459e+00
9.97219578977644572e-01
1.00378790168578580e+00
9.99423701653094576e-01
9.97453028678685572e-01
1.00007300069080540e+00
9.97405848299733999e-01
9.98453795650751319e-01
9.20000295159743797e-01
9.99452459144009486e-01
9.99531208058282439e-01
9.99498981238087225e-01
1.00025234636040916e+00
9.91544601596646147e-01
9.47704542532265770e-01
9.98118235794818953e-01
1.00111762958376249e+00
1.00135601403792696e+00
1.00280792243873806e+00
9.19322262074858454e-01
1.02359963448544944e+00
1.00055490646596534e+00
9.99826367945047978e-01
9.99878313667408980e-01
1.00128781907405950e+00
9.94347750354230620e-01
1.00071905993028287e+00
1.00160596714544403e+00
1.00126885314451042e+00
9.98883650780977850e-01
9.96646860431259940e-01
9.63628149811028289e-01
9.56360374544294345e-01
9.99429491471050091e-01
9.16228665938077946e-01
1.00224285602482133e+00
9.99737108250309481e-01
1.01360615106146201e+00
9.87511184790877850e-01
9.91620013503693221e-01
9.99135876171607151e-01
9.99054013695686471e-01
1.00150998521717050e+00
9.99509317694036947e-01
1.00058303672140592e+00
9.98751166182674788e-01
9.96923854503080520e-01
9.99594303191702505e-01
9.98927891980532445e-01
9.90546916637015218e-01
1.00213048843366193e+00
1.00385222537892949e+00
9.98957776788786167e-01
8.92482481598463995e-01
9.99930957751986593e-01
9.50060204049073875e-01
9.98856861513423899e-01
9.44290639920873365e-01
9.94630738326456432e-01
9.98906102094000770e-01
1.00316210280566653e+00
9.99041372885803081e-01
9.53583010809816445e-01
1.00244700954422328e+00
1.00144541118707542e+00
9.93281090813395662e-01
9.37332686176767682e-01
9.99554656231308902e-01
1.01340366154841699e+00
9.72359354759148697e-01
9.99626700576632610e-01
9.99848884360616141e-01
9.06230145362212802e-01
1.00319437250354593e+00
8.85396072922246313e-01
9.99433351508601575e-01
9.99269765115045172e-01
9.92806679741474074e-01
9.99536301174597130e-01
9.97109611239318516e-01
1.00192618719902216e+00
9.99621339472525960e-01
1.00248692669480044e+00
9.98691376817123388e-01
9.97759992061705958e-01
9.98282176359366336e-01
9.96031236103302575e-01
9.99779773475315103e-01
9.99837490609317703e-01
9.30744457893902699e-01
9.99609396791061089e-01
9.99534543203954962e-01
1.02399552392849125e+00
1.00434885182896538e+00
9.93666883515029964e-01
1.00062478221436790e+00
9.83787552271072840e-01
9.97652577519928085e-01
1.00034885429350018e+00
1.00015173527261325e+00
1.00111415163720863e+00
9.99205623692915768e-01
9.74043356636445146e-01
9.71855646600077616e-01
9.98563632621510822e-01
9.85454018485994232e-01
9.93378698300729335e-01
1.00072573833344647e+00
1.00064327567755407e+00
9.99554083367625190e-01
9.96722253641169620e-01
9.97233666923249218e-01
9.98358852899074778e-01
9.93961940833948288e-01
1.00207535878668619e+00
9.99276874750126831e-01
9.91654933049892162e-01
9.31806066386717036e-01
9.89764211700220442e-01
9.94139749949442098e-01
9.39038313098794819e-01
9.95584510478739859e-01
1.00038927586953963e+00
1.00459244231445077e+00
9.99675144673564220e-01
9.39387911321189484e-01
9.99455192049113150e-01
9.34337354987827995e-01
9.91503845439791864e-01
1.00063021093447624e+00
9.98933626819820786e-01
9.99767900625199601e-01
9.88475039960575619e-01
9.76623207320077791e-01
9.97157289811732128e-01
1.00060145881208107e+00
9.99607965861037839e-01
9.99270906563456629e-01
9.89468420980289642e-01
9.99486242199167596e-01
9.98876621960300692e-01
9.78223050687692552e-01
1.01487220506164411e+00
1.00028724053963880e+00
1.00084528303466813e+00
1.00014417077982865e+00
9.96376264987212656e-01
1.00912730764745118e+00
9.99371257594811491e-01
1.02332231327606205e+00
1.00055235555292210e+00
9.98127723582511339e-01
1.00023501221931754e+00
1.00072712655568807e+00
9.90995326864611226e-01
1.00151860972416418e+00
1.00294678959136685e+00
1.00095326729121425e+00
9.99910982012909733e-01
9.98283954486393177e-01
1.00319665600878416e+00
9.96439965271966877e-01
9.98088992072578396e-01
9.99879738015489461e-01
1.00375310825513409e+00
9.98249974398769280e-01
9.95184634498686660e-01
1.00123307992785393e+00
1.00014980563477685e+00
9.74455611721127379e-01
1.01724358215228805e+00
9.76020942083455023e-01
9.97645065583336654e-01
9.96141848180851497e-01
9.92058137826251407e-01
9.99817049183320372e-01
1.00446987081252148e+00
9.92250607623365255e-01
9.99712525139876518e-01
1.00126455256730584e+00
9.99019178248324202e-01
9.85827352259846412e-01
9.91321240826097849e-01
9.93071872338566086e-01
9.98737152654732174e-01
9.29817912764951737e-01
9.98669108200871847e-01
9.96918071766002001e-01
9.99441608053604158e-01
1.00366551465428899e+00
9.99301994170709196e-01
9.27840885854900099e-01
9.97565504644668977e-01
1.00275920038577393e+00
1.00063443078159575e+00
9.85763700858408254e-01
9.99001594276980986e-01
9.78539201380134838e-01
9.96133313256715391e-01
1.00069115511260853e+00
1.00194735601605434e+00
9.91351685825694551e-01
1.00082605428998428e+00
9.92411068262014862e-01
9.99089771790623749e-01
9.99487756731191834e-01
1.00310803148884631e+00
9.98084299301786104e-01
9.99666380833720281e-01
9.96098804548132377e-01
9.96736725373310040e-01
9.97218618199939066e-01
9.99644859545563258e-01
9.90172066248311888e-01
1.00036198426878120e+00
9.97462020087497181e-01
9.99039709775557339e-01
9.91788358107721257e-01
9.99085049603532172e-01
9.99556465648662296e-01
1.00019968095097611e+00
9.87612834239832260e-01
1.00053945851188630e+00
1.00449438537441460e+00
1.01270294049944520e+00
9.92905746661755684e-01
9.93543340348350901e-01
1.00065697695072697e+00
1.00368093571232109e+00
9.54184213205681919e-01
9.93976785494148807e-01
9.97081410771582188e-01
1.00023532109811075e+00
1.00062622473265783e+00
1.00356875048399585e+00
9.97482029648592450e-01
9.99622710105714352e-01
1.00082619969378861e+00
9.97343118875826495e-01
1.00297367818763283e+00
9.76919558172564040e-01
9.49382438305513832e-01
9.97917080449265970e-01
1.01690826527733225e+00
9.99761170281167733e-01
1.00174739401894586e+00
9.98334595635181676e-01
9.90988498232414305e-01
9.97287937052517615e-01
1.00082956346217600e+00
1.00274965892627788e+00
1.00059495379768260e+00
1.00086692569573477e+00
9.47851526589434612e-01
9.91095998868875783e-01
1.00063391670538882e+00
9.99587662053011083e-01
9.71269761139499366e-01
9.88693585913664963e-01
9.88571767090774323e-01
1.00001983101339764e+00
9.99442713345679246e-01
1.02051309952716673e+00
1.00300631852426259e+00
9.99895108698622415e-01
9.12255654022275819e-01
1.00332788018905750e+00
9.99581427087041896e-01
9.99739232773751652e-01
1.00092384194198369e+00
1.00839395038696233e+00
9.96008410367245300e-01
1.00016608728722667e+00
9.91506907316428210e-01
1.00043000381764013e+00
9.99892618529830024e-01
9.99359390515006885e-01
9.78429507424686373e-01
1.00167487974350466e+00
9.99785963559558621e-01
9.45219815161485455e-01
9.97797572757980866e-01
9.98981128616530656e-01
9.70158613096454792e-01
1.02238688764775865e+00
1.00146889506173542e+00
9.93664831996016185e-01
9.99151624804289540e-01
9.97964463019946235e-01
1.00891985280664276e+00
9.40378093317144392e-01
9.96608996909419509e-01
9.97259969672246616e-01
1.00104637815423603e+00
1.00155650426574572e+00
9.98867621474834655e-01
9.37687076901639216e-01
9.25265758146014861e-01
1.00358787858536025e+00
1.00033212585501441e+00
9.94163503108609459e-01
9.97816058413703133e-01
9.90784009706084046e-01
9.97196759871361693e-01
9.99583089517823375e-01
9.77473465836030453e-01
9.65517486143770975e-01
1.00193726447207299e+00
9.99502081153833988e-01
1.00028625924576953e+00
9.97792747080506470e-01
9.91684991800359961e-01
1.00094290096988714e+00
9.53917334139502304e-01
1.00062097123664118e+00
9.99100004395664154e-01
8.86090020496624331e-01
1.00067260334328445e+00
9.97883476923935531e-01
1.00353827792560524e+00
9.77506389765345207e-01
1.00951612750311503e+00
1.00032693889509261e+00
1.00009968123278337e+00
9.97497014209140498e-01
1.00302041109289086e+00
9.99477022851583796e-01
1.01655910883418055e+00
9.20783590002958063e-01
9.98735242655431454e-01
9.99566408573169030e-01
1.00467280308210349e+00
9.93126367823794376e-01
1.00211929704670277e+00
1.00038951580375923e+00
9.65739017237121078e-01
9.98872491411217478e-01
1.00005598287892994e+00
9.66219713777380251e-01
9.99778847464461995e-01
9.99597491526277304e-01
9.27238303389622320e-01
9.73873708360964541e-01
1.00139907752902446e+00
9.99723072399576140e-01
9.75209696830993900e-01
9.96506903683268219e-01
9.98317579646163189e-01
9.99687311175908477e-01
1.00087538823402600e+00
9.95545517007074054e-01
9.90934585113801725e-01
1.01571784222902162e+00
9.84491195089025162e-01
9.86325180163902138e-01
1.00538963288943695e+00
9.98061053117503372e-01
1.00977264746961493e+00
9.99209357075853788e-01
9.94319230806297916e-01
1.00020897612403470e+00
9.90735236645423845e-01
9.14333818374436946e-01
9.98130685550808194e-01
1.00000287289413725e+00
9.92997229449509300e-01
1.00430733964538055e+00
1.00245736155446163e+00
9.99594138649929742e-01
9.81966215779097928e-01
1.00049406941947905e+00
9.98433203862000629e-01
9.74822809034840865e-01
9.96297908236832064e-01
1.00447997813089573e+00
9.98231739258052198e-01
1.00055734952975905e+00
9.98651839894843407e-01
9.87169590035988587e-01
9.86860124928662263e-01
9.94041885473441855e-01
1.00096539807745466e+00
9.80925185663547805e-01
1.01113389880873639e+00
1.02759041221732161e+00
1.00067099797218795e+00
9.88847448903530712e-01
9.85058385184717999e-01
9.98708129396446154e-01
9.99542848593486855e-01
1.00276471485084939e+00
9.88126008421492452e-01
1.00423574603575894e+00
1.00685361421301933e+00
9.98542068706416597e-01
1.00266162355258603e+00
1.00065217602830914e+00
1.00320302936287953e+00
9.97127197070208138e-01
9.76821862545761976e-01
9.98970424743613861e-01
1.01024289833239522e+00
9.55687244744465980e-01
1.00044261092807263e+00
9.99267790004223500e-01
9.68270277199174800e-01
9.99568382238904540e-01
9.02127486756120200e-01
9.94187839872432644e-01
1.00501154221769196e+00
8.82198645280627192e-01
9.94820822166214813e-01
1.00215668791667500e+00
1.00239050514705785e+00
9.96594894072155402e-01
9.34442852938461521e-01
9.97488489975760007e-01
9.99777308917022767e-01
1.00214990539759485e+00
9.87357414839429959e-01
9.93084401803395966e-01
1.00038861918459054e+00
9.97706858563414678e-01
9.99863693827713673e-01
9.99655194377153111e-01
1.00313659028198354e+00
9.98166103420522255e-01
9.93462949746530821e-01
9.54854793813905145e-01
1.01480508412699177e+00
1.02624263507123525e+00
9.99571689230983496e-01
1.00394127136759259e+00
9.86151116411061013e-01
9.99550042114495385e-01
1.00150950654726367e+00
1.00131644172987633e+00
1.00057073991387857e+00
9.90121826437126207e-01
9.92774190136603285e-01
9.93856498556604739e-01
1.00162911840512492e+00
9.93641382051534849e-01
9.98432325569094892e-01
9.78393621584165540e-01
9.97841766675150232e-01
1.00010066033554468e+00
9.48836392695151298e-01
1.00033439779497102e+00
1.00414298440709393e+00
9.98768542660838587e-01
9.98744876870949705e-01
9.99370735457952186e-01
1.00283185650872575e+00
9.91038240829881567e-01
1.01165533709673361e+00
9.99128143879232544e-01
9.88833839351176747e-01
1.00041136370383965e+00
9.35461665995426572e-01
1.00137126175815827e+00
9.99123222514383680e-01
9.94707142738909034e-01
9.99920527643031520e-01
1.00385003327933808e+00
9.93514702083543422e-01
9.97948088110674814e-01
1.00068395715742886e+00
9.88612195933210591e-01
1.00393861342611879e+00
9.98625404894416535e-01
9.99450583055051078e-01
9.36646984511120273e-01
9.94440782504969922e-01
9.96822809093955930e-01
9.99562683629452997e-01
9.99502017866110926e-01
1.00263920409079987e+00
1.00120821517920255e+00
9.99624675260365358e-01
9.35402782598859561e-01
9.98171039612664512e-01
1.00327589707750797e+00
1.00317787272122727e+00
9.68282449655992972e-01
9.91008978030080701e-01
9.95550930962190495e-01
1.00017350099544600e+00
1.00111196143261649e+00
8.93121572309329648e-01
9.99709254613790788e-01
1.01994834398404488e+00
1.00375934444970394e+00
9.96454311812702942e-01
9.92964797427046353e-01
1.00346938197570323e+00
9.96441393690398303e-01
9.93438994960785804e-01
1.00037931824590243e+00
9.93580714551046129e-01
9.89751984707355259e-01
1.00209750802613695e+00
9.82120235520072882e-01
9.99557538936004297e-01
9.99247772538186751e-01
9.95887585364406691e-01
1.00264648659851452e+00
9.99497111613475875e-01
9.57534816081080264e-01
1.00347093856207126e+00
1.00017874306826604e+00
9.72439495020553379e-01
9.99943420791571724e-01
9.98178527674384863e-01
1.00346930061425921e+00
9.99935879394757254e-01
1.00045416221464500e+00
1.00183236563280098e+00
9.99185273312584887e-01
9.99394491381753736e-01
1.00278365737154207e+00
9.90440619945970657e-01
1.00059514477585632e+00
1.00216877657562842e+00
9.12359218712312403e-01
9.92974418144532134e-01
1.00496680379514380e+00
9.97859418656800834e-01
1.01192715262494204e+00
1.00231168850457397e+00
9.93478083181860039e-01
9.81131469540011070e-01
1.00016346753406871e+00
9.78118921916741990e-01
9.99982031806796567e-01
9.96445015618225849e-01
9.99542630687239697e-01
9.99022911805248826e-01
9.95687366182516742e-01
9.45556139986665656e-01
1.02760183383439618e+00
1.00512616386279352e+00
9.99689098774761642e-01
9.99772226879728887e-01
9.99059212642976591e-01
9.99545833576235276e-01
1.00098394230471688e+00
1.01442308816561844e+00
9.99181300732391309e-01
1.00105944553339921e+00
9.99296716149028041e-01
9.85045091000761652e-01
9.91800072332239657e-01
9.97159271527311430e-01
1.00045253546056578e+00
9.99583781055685017e-01
9.80636533501267227e-01
9.99592841217026518e-01
1.00069043366786636e+00
1.00001134406177816e+00
8.85608129941282352e-01
9.52230421023998463e-01
9.99376840921271548e-01
9.93751884040558253e-01
9.99676354497724851e-01
9.94981057218160214e-01
9.99061863895149949e-01
1.01546721431456866e+00
9.76211322331625109e-01
9.08897051550187074e-01
9.70528707407603330e-01
9.93051443149963409e-01
1.00976472264683115e+00
9.94821084676563161e-01
1.00700392650716686e+00
9.40943863948375703e-01
9.97870214381842868e-01
9.93775664835752748e-01
9.74736621166578332e-01
9.90441063700678637e-01
1.00255221221974899e+00
9.98635491899044547e-01
9.97961976953335772e-01
9.90579277593799934e-01
9.55945303998555262e-01
1.00163561815576196e+00
1.00056532796979791e+00
9.83470740056604176e-01
9.99041079408306110e-01
9.99655507700849433e-01
1.00248390841169677e+00
9.98547987590605590e-01
1.00792171064601721e+00
1.02306094092188760e+00
1.00083888387125275e+00
1.00166980575791342e+00
9.99323267191135178e-01
1.00007383112066028e+00
9.98015248846533809e-01
1.00470806546979108e+00
1.00064375227720359e+00
9.30119307656658068e-01
1.00310621847647385e+00
9.96346833709187862e-01
1.00373484196723961e+00
9.85842298424965291e-01
9.62619686863302015e-01
9.91413762626580763e-01
9.99287150018033477e-01
1.00003933295758385e+00
1.01055662028874371e+00
1.00752059965954177e+00
1.00006864837490927e+00
9.69874496962206623e-01
9.99100817520669038e-01
1.00204570772570523e+00
9.90740022670890008e-01
9.99636418238506130e-01
9.99924965936780152e-01
9.97238435706903292e-01
9.98286247761931755e-01
1.00216037114530510e+00
9.99542747290270372e-01
9.99955473430648833e-01
9.93958633404612213e-01
9.98484559185645937e-01
9.98503367739125181e-01
9.99618461485238141e-01
1.00006997022601074e+00
9.98274720045350783e-01
1.00165794467118374e+00
1.00478718687010460e+00
9.92725305240117040e-01
1.00061964499436473e+00
9.92123561556158329e-01
1.00053359075436465e+00
1.00400943032098500e+00
9.99007986688151384e-01
9.95059025253131835e-01
1.02173738572883943e+00
1.00079344732250153e+00
9.99617764788182428e-01
9.96104991834401710e-01
9.67392736706508827e-01
9.96415737950397062e-01
9.95381815008299031e-01
9.99601468862307607e-01
9.96385718616886851e-01
9.39451537681047166e-01
1.00000474608850753e+00
9.99519419684886556e-01
1.00029238197090664e+00
9.62931956119229659e-01
1.00402938494729876e+00
1.00529657963423147e+00
9.34091945661346790e-01
8.93235301532415038e-01
9.94794164228607225e-01
1.00289794539411026e+00
1.00006670309642121e+00
9.99602859432528579e-01
1.00236878389689088e+00
9.93771349130543213e-01
9.99542372015354896e-01
9.90564641079816344e-01
1.00661996353235561e+00
9.92009137520509121e-01
1.00055895743568257e+00
9.87751771748918705e-01
9.47813622582809323e-01
9.39642448362075555e-01
9.98139144227584096e-01
9.17049357855377001e-01
9.45066927803414725e-01
9.94281842687875672e-01
9.97941096808125483e-01
9.89703873689848135e-01
8.81608772705765764e-01
9.92443068895478953e-01
9.95253073327831084e-01
1.02225425632441991e+00
9.94581206961426822e-01
9.77335485295807826e-01
9.43605463728320881e-01
9.85747168345536440e-01
1.00006554908171075e+00
9.89030468752331249e-01
1.00001277391358157e+00
9.99572391838257523e-01
9.99356016292437088e-01
1.00059068631445824e+00
1.02592716077350765e+00
9.98311467801216490e-01
9.71372638727161397e-01
9.39352424121054352e-01
9.99754035053819656e-01
9.18781841563934276e-01
1.00089087335487981e+00
9.88517834161668607e-01
9.98679790465511030e-01
1.01410754391144176e+00
1.01165861037113891e+00
9.82505569629834485e-01
9.99858206367422842e-01
9.97802265053600257e-01
1.00381935030733294e+00
9.95106959641519517e-01
9.76272717070192586e-01
9.96253549360433088e-01
9.99584499025580775e-01
9.97986420913762329e-01
1.00048895617631417e+00
9.99553825235249493e-01
9.99387472543959543e-01
1.00260028375000076e+00
9.94632003247790664e-01
9.32850298844820180e-01
1.01339862047493456e+00
1.00216234964356077e+00
9.99660783408628739e-01
9.98394479063816731e-01
1.00020676529787766e+00
9.99860650831577935e-01
1.00040122509713858e+00
1.00017923382345764e+00
9.99832184224056730e-01
9.99740559321829925e-01
1.00030292426128975e+00
9.99564852253397862e-01
9.84883070190644472e-01
9.43752092443814972e-01
1.00349261803634082e+00
9.39674208397604849e-01
9.98839718838246959e-01
9.97946092317360645e-01
9.99583127423879780e-01
1.00021644359249517e+00
1.00376980500891766e+00
9.67301423452642584e-01
1.00170108825292892e+00
1.01706098512607213e+00
9.99628307471749245e-01
9.91011988863668591e-01
1.00109316428283601e+00
9.97606033811779036e-01
1.00207372389067451e+00
9.99643183886213649e-01
9.99521286619828420e-01
9.87635685650578132e-01
9.16303243754678864e-01
9.91615951352719294e-01
9.90535710462373764e-01
9.87247444760131598e-01
1.00039095346884355e+00
1.00050075670576644e+00
1.00162837723876219e+00
9.97448250811597825e-01
1.00539798875617192e+00
1.00047931139544466e+00
9.99633960186390724e-01
9.10193591986356298e-01
9.99731596641682096e-01
9.99510035900543325e-01
9.90150137908704098e-01
8.75312479817221045e-01
9.96107190644535234e-01
1.00121810197962890e+00
9.99144542043199468e-01
1.00042397230592051e+00
9.85149792839953964e-01
1.00040415620079770e+00
1.00101741882622219e+00
9.95102276116835549e-01
9.76007728866400304e-01
1.00124004775913433e+00
9.99319078833611374e-01
1.02346296115808277e+00
1.00418290735352045e+00
1.00239354559406180e+00
1.00325452876113719e+00
1.00560876772173979e+00
1.00650928750375201e+00
1.00430149179666750e+00
9.98438881550974489e-01
1.00108969753971544e+00
1.00067509044831704e+00
1.00030729590572909e+00
9.27421980032211324e-01
9.94333508363487661e-01
9.99522358376050524e-01
9.99335161940605121e-01
9.55816033313897639e-01
9.93037745975964725e-01
9.99531570414001092e-01
1.00033026026483607e+00
9.99935535093804062e-01
1.00016642446230941e+00
1.00001033241575477e+00
9.99643720222098575e-01
9.90368024298217020e-01
9.86328687227102541e-01
9.82124101190787191e-01
9.97647641566468679e-01
9.99880436742275336e-01
8.68683647387852420e-01
9.99559374093894060e-01
1.00070444064390807e+00
9.97542076579783776e-01
9.69059319305306976e-01
1.00276281287389701e+00
1.00524314223632594e+00
9.98377880138698326e-01
9.38160585195562557e-01
9.98994286983065138e-01
9.95113133196436572e-01
1.00180206927165960e+00
9.32004063479607958e-01
1.01968889550320174e+00
9.85450828136818946e-01
9.91359738590302242e-01
9.97248589394131413e-01
1.00084921678005734e+00
1.00016517658404736e+00
1.00064588705970925e+00
8.91270560451076999e-01
9.68983937679992691e-01
9.94175207080143841e-01
1.00366165973499277e+00
9.98384549073931149e-01
9.98091746029395877e-01
1.00123421996720641e+00
1.00195486136762413e+00
9.98933333275406232e-01
9.68231914358691936e-01
1.00199662771503006e+00
9.79588005975910003e-01
1.00040159892840430e+00
8.87040274992839328e-01
1.00045832966433235e+00
9.95998105322695171e-01
9.98682151755370784e-01
1.00060951312508917e+00
1.00019977819431527e+00
9.99502473080078335e-01
1.00353348810332155e+00
9.55915453115148916e-01
9.94413966183139930e-01
1.00033223068048294e+00
9.99041685259329793e-01
9.99553379650015117e-01
9.07321258446858514e-01
1.02152660273603924e+00
9.97432437505150982e-01
1.00119264955140097e+00
9.96806977482213918e-01
1.00257458618714290e+00
9.99558705928198399e-01
9.92921295814973570e-01
9.98064929324363304e-01
9.98677544943560647e-01
9.96181364145605985e-01
1.00023682261395708e+00
1.00376394785483547e+00
9.98759518041024474e-01
1.00192344990881699e+00
1.00499637293923816e+00
9.98139652291344381e-01
9.98822785783893607e-01
9.98461952035851752e-01
1.00006947537562230e+00
1.02437792987599541e+00
9.99874600379518697e-01
9.99755244312877989e-01
1.00643339081064753e+00
9.94986167297109536e-01
9.86905790514302717e-01
9.98932595973141546e-01
1.02099462971736665e+00
9.99183493684500434e-01
9.99546231721862521e-01
1.00268110445559100e+00
9.37626179582088382e-01
9.83174444966705585e-01
9.99580617177779684e-01
9.99608872866713294e-01
9.42116076259644553e-01
9.97775579297530135e-01
9.97686147924081723e-01
9.96411549274966002e-01
9.28911222662997638e-01
9.96907662237022318e-01
9.93771962220679317e-01
1.00453783359828597e+00
9.99730967531305081e-01
9.77224548288365358e-01
9.99006056777739015e-01
1.01010922259560587e+00
1.00499996806088343e+00
9.42056956155608360e-01
9.33757078725506062e-01
8.90870278091968282e-01
9.35038769617316690e-01
9.86026293482500704e-01
1.01033860066315673e+00
9.64425442920939124e-01
9.68148956985624309e-01
9.99698573189729434e-01
9.99185142155930905e-01
1.01702442714526686e+00
9.98015795782014270e-01
9.63604033628515766e-01
9.51543088803188053e-01
1.00014824495077326e+00
9.99477133237675730e-01
9.99417218995407253e-01
1.00122968427716796e+00
1.00201687693061592e+00
9.99739043138402006e-01
9.95094328550445328e-01
9.82457304641581430e-01
9.98178454162479856e-01
9.87444729058473580e-01
9.98763300193573178e-01
1.00061382810997967e+00
9.98537244982147021e-01
1.00069084024869159e+00
9.61056744558029141e-01
1.00003618767715641e+00
9.99805894652167848e-01
9.99216521429380000e-01
9.90674086374264795e-01
1.00184633955977143e+00
9.96116937986335715e-01
9.93001753740082926e-01
1.00497312411998840e+00
1.02873286558827259e+00
9.99706589529254397e-01
1.00012680123008613e+00
9.99526792526914565e-01
9.99755769031035801e-01
9.99698407252081256e-01
1.00432172797336827e+00
9.63234553307576902e-01
1.00430854972351402e+00
1.00132777292354547e+00
9.99210328748731724e-01
1.00108793882848501e+00
9.99581803517902379e-01
9.99568338055925598e-01
9.99412881214147064e-01
9.91971126275165926e-01
9.99382325878625299e-01
9.99366321414217995e-01
9.27550727255751939e-01
1.00077537519968796e+00
1.00520044947977460e+00
1.00018894504001099e+00
1.00048818661612149e+00
1.00047800328036396e+00
9.88005957669123580e-01
1.00013665303102250e+00
9.21452867715082835e-01
1.00113237437838754e+00
9.98257038871336211e-01
9.35753034139980122e-01
1.00040805212117867e+00
1.00154087462149732e+00
9.98761739409886440e-01
9.99779387772797401e-01
1.00065247390879253e+00
1.00183143762856064e+00
9.99612203559696821e-01
1.00016946724125866e+00
9.97833822883690380e-01
9.99771606747903330e-01
9.67383821207934536e-01
1.00470165804339806e+00
9.99016833020134776e-01
9.96057150036862016e-01
9.99544656397114428e-01
9.48451738935069288e-01
9.61594452147675915e-01
1.00175499597361628e+00
1.00398375857493294e+00
9.95514887958596661e-01
1.00071920488817678e+00
9.99549755480688140e-01
9.81922831610081759e-01
9.68185902952269695e-01
1.00038731217807220e+00
9.99745732599646719e-01
1.01631262101993780e+00
9.94539875147411601e-01
1.00101436381058972e+00
1.00548884802396921e+00
9.99626879443770044e-01
1.00230826973290599e+00
9.68087933732485473e-01
9.99817128813325740e-01
9.92569412024155606e-01
1.00036910829026260e+00
9.98944402242228913e-01
9.56670747272976407e-01
9.94360144348032882e-01
9.87592753281321456e-01
1.00067366974358540e+00
1.00068035742907258e+00
1.00001791331497425e+00
9.99293320909287908e-01
1.00012264708799381e+00
1.00335256416690410e+00
1.00037836606683705e+00
1.00062618075681153e+00
9.83261946627190686e-01
9.98763107223190727e-01
9.99582854894622730e-01
9.67172386342870283e-01
9.99601480606273518e-01
1.00263238868207782e+00
9.46589785538591522e-01
9.99052047418499733e-01
1.00490646832442621e+00
1.00030753585403853e+00
1.00020748230784062e+00
9.84976065487244812e-01
9.99141752662863869e-01
9.98295380388087739e-01
1.00067632606385160e+00
9.48622066940085884e-01
1.00493636894473504e+00
1.00487685823230710e+00
1.00008545137646854e+00
1.00017318534798338e+00
9.94024533980913505e-01
1.00027628827125614e+00
9.99282913472202883e-01
9.99686619409715038e-01
1.01000392045970289e+00
9.91993019778868224e-01
9.99505295782940451e-01
1.00174323914516639e+00
9.96111775386562925e-01
9.94273597406464371e-01
9.99045615949221810e-01
1.00081464282375165e+00
9.99859813825567767e-01
1.00023661098049121e+00
1.00132098020300431e+00
1.02644084911225408e+00
9.99795864295845771e-01
9.30293987059667815e-01
9.91427545200371907e-01
9.98272077667030522e-01
9.91674079852119972e-01
9.98524622562423914e-01
1.00425043397391733e+00
9.87118368317009498e-01
1.01779574030103603e+00
1.00342080964637637e+00
9.95716595402601823e-01
9.95755073047160599e-01
1.00505016069632136e+00
1.00919029789438186e+00
9.67811764132852970e-01
9.36861763558086369e-01
9.30759878408588426e-01
9.96873173588412653e-01
9.96362921438885385e-01
9.74842396159456892e-01
1.00053195988714361e+00
1.00457309501495828e+00
1.00158703899694657e+00
9.99347902260937060e-01
1.00296027834594970e+00
9.78884993590933505e-01
9.73826773094521148e-01
8.93969115404019687e-01
9.99274455169108511e-01
9.98807053075740137e-01
9.91213517474094918e-01
9.95983580895585807e-01
1.00342839003945272e+00
9.95403053494701151e-01
1.00319312029399033e+00
9.97454144960912337e-01
9.99863441742565584e-01
1.00752229301436591e+00
9.62557510198836730e-01
1.00109188559492823e+00
9.98511346172978320e-01
9.99558597171520735e-01
9.86573936430001464e-01
1.00022754630530608e+00
9.99471634775947138e-01
9.88906615875479789e-01
9.99651463629337655e-01
9.99423305846075305e-01
9.99644471436522464e-01
9.64427421846294930e-01
9.77645911832406123e-01
1.00178146778134103e+00
9.99351436418261851e-01
9.94480609774775481e-01
1.00726217634009574e+00
9.98914891065502464e-01
9.81496288225200741e-01
1.00094281369817439e+00
1.00062790641420407e+00
1.01934534458329384e+00
9.98185945853412693e-01
9.14961017464274162e-01
9.98614399949341647e-01
9.88898416941144331e-01
9.97885390882688572e-01
8.95109407165019522e-01
9.88963459981320070e-01
1.00057576907731849e+00
1.01095661518555469e+00
9.99448858299737064e-01
1.00066201870953164e+00
1.00006699900220397e+00
8.81522686700020652e-01
1.00076485020556127e+00
1.00224311187339077e+00
1.01533657931019161e+00
9.99591484851358736e-01
1.00189334033403354e+00
9.81377741591692665e-01
1.00098827445370775e+00
1.00266677857863984e+00
9.99222347775388986e-01
9.99885473856860774e-01
9.99553986475796852e-01
9.95884265712259076e-01
9.99595653047574140e-01
1.00094337141742185e+00
1.02636533916670625e+00
9.45617518721182049e-01
1.02614912717760243e+00
8.94696077085474606e-01
1.00461430374992355e+00
9.98623383341040727e-01
9.99242413768748783e-01
1.00011258792091318e+00
9.99639959240644860e-01
1.01404206491488491e+00
1.00059832096622259e+00
9.99521885349022643e-01
1.01489152145288175e+00
9.99809446016016845e-01
1.00333675489923846e+00
9.99830965192866628e-01
9.99542567895141620e-01
9.98854796941162526e-01
1.00518402395436213e+00
9.64559448536572273e-01
9.68246155628020633e-01
9.99916870598663521e-01
9.14841431509890501e-01
9.16725566274869896e-01
9.75831089069950863e-01
9.96684235661326023e-01
9.99624785750565792e-01
9.99578074465964139e-01
9.98845863513267429e-01
9.98830257198453864e-01
1.01130772354784626e+00
9.66555350011133685e-01
9.95633816486603540e-01
9.64005510740690963e-01
1.00084118824064605e+00
9.93479171217013790e-01
9.95989669200745054e-01
9.99561703916641120e-01
9.99139969428384345e-01
1.00127633367973101e+00
9.97262401778597707e-01
9.98966427845500160e-01
1.00230610759214400e+00
1.00076295329461673e+00
9.99396112451692464e-01
9.76135346689692041e-01
8.97751713230005355e-01
1.00092172155954007e+00
1.02140876429267835e+00
1.00045310846426228e+00
9.99565276459766783e-01
9.99123674849817567e-01
1.00292801244059260e+00
9.94631497510176543e-01
1.00004261964382346e+00
9.88669849778516130e-01
1.00775953586030376e+00
1.01979338610971793e+00
9.97101986900132853e-01
1.02402251900643937e+00
9.68198383040588806e-01
9.81497735582851250e-01
9.82159677378365181e-01
1.00255268741490977e+00
1.00106337374234489e+00
1.00011768003613288e+00
9.99659804440281685e-01
9.99565322824169211e-01
9.70308965650179656e-01
1.00095642096644388e+00
1.00114356514367597e+00
1.00021425782941775e+00
9.15033766869957854e-01
9.99469742450852294e-01
1.01359964343730780e+00
1.00192563411150881e+00
1.00193759601693921e+00
9.93571587809522594e-01
1.00505636771145745e+00
9.38858494529079435e-01
9.99260985185224104e-01
1.00402860572840646e+00
1.00111414511052632e+00
1.02276337544137985e+00
1.00029695122125739e+00
9.96605337266200486e-01
1.02564184026572969e+00
1.00160121639324751e+00
9.99652904370318951e-01
9.98936737932827223e-01
9.96930546307706833e-01
9.99638619798700612e-01
9.62141100564620766e-01
9.99271985671337792e-01
9.11394030018655821e-01
9.99213238725324082e-01
9.82645585597282434e-01
9.87994240749108799e-01
1.02038717588499295e+00
9.64151273213987858e-01
1.01417857683616730e+00
1.00324603852084904e+00
1.00164920398978641e+00
9.62118276877940382e-01
9.98310777903888447e-01
9.99879235170483383e-01
1.00901776171081603e+00
1.00181931953710368e+00
9.83599043061101574e-01
1.01455255890204676e+00
9.98783258156213827e-01
1.00359324149787410e+00
9.22215674144843733e-01
1.00426480791700956e+00
1.00144893229977572e+00
1.00301564139691202e+00
9.99312094373494775e-01
1.00040320248419690e+00
9.92349200590495695e-01
9.99426482490761270e-01
9.91057134463473988e-01
9.43904913063269624e-01
9.96551941368387761e-01
9.99228198387772881e-01
1.01243669981342688e+00
1.00666115886533514e+00
9.96063974804383023e-01
9.99431314568579143e-01
9.98174121755997512e-01
9.93624503962220351e-01
1.00582285617088507e+00
9.98267937356737689e-01
9.78179980436810759e-01
1.00241158953264442e+00
1.00150880919081020e+00
1.00108314354735106e+00
1.00194954245016721e+00
1.00172227281079107e+00
9.02123355575511265e-01
9.89391959168365309e-01
9.99513065851008520e-01
9.75508621671984488e-01
1.00069092751691624e+00
1.00087223830835170e+00
1.00729036111272152e+00
9.75318999738776227e-01
9.17844927825139489e-01
9.96881216068021825e-01
9.99832937105083919e-01
9.98829587184559164e-01
9.99987899576169847e-01
9.91613691954721599e-01
1.00150717231787034e+00
1.00747723851817961e+00
9.98629380253638899e-01
1.00161244730169363e+00
9.84552719197240078e-01
1.00090067030205376e+00
9.99233081914587484e-01
1.01083744792568786e+00
1.00128137490242186e+00
1.00088404600083658e+00
9.71573887996291297e-01
1.00024335931567721e+00
1.00238157920713777e+00
9.89261828008059951e-01
9.99630846764914760e-01
9.71324248341132512e-01
9.98899676268202308e-01
9.82968205800926031e-01
1.02128072104208645e+00
1.02886856863729359e+00
9.99656330976115282e-01
1.02521817306309271e+00
9.99645461585212725e-01
1.00522117336280892e+00
9.66134638175222604e-01
9.96920998401281566e-01
9.99176253717236396e-01
9.81974128143959679e-01
9.98530369812449914e-01
1.00099332995616286e+00
1.00085777314617252e+00
1.00064095664517438e+00
1.00051631832267995e+00
1.02716656784714044e+00
9.92540452363229520e-01
9.82548441345765022e-01
9.99732109099278232e-01
1.00305166979435412e+00
1.01384614327818245e+00
9.98829348440966491e-01
9.98525465074617591e-01
9.97713257183771574e-01
9.98513311734164799e-01
1.00291549057004770e+00
9.92750377814330842e-01
9.99539264072918376e-01
1.01276312475737829e+00
1.00055341252823404e+00
1.01858284422578294e+00
9.99278261007164104e-01
9.98824783364873126e-01
1.00068036122057258e+00
9.98431016553604112e-01
1.02551911471701485e+00
1.02577167181469719e+00
9.67887241828393474e-01
1.00073918273125373e+00
9.96937409438026223e-01
1.00178375958562071e+00
1.00002826445910609e+00
9.94513479650034893e-01
1.01917445918678151e+00
9.97907265496702278e-01
9.98177398960014672e-01
9.99819837128809175e-01
1.00206323304066847e+00
9.97682499277003698e-01
9.99655792798061160e-01
9.91284468879642611e-01
9.99936643912988643e-01
9.99916324963831871e-01
9.96806219066763588e-01
9.99735204512659625e-01
9.94374360612190422e-01
1.00048792674130982e+00
9.99604203969490901e-01
1.00030971618722542e+00
9.99593951494315958e-01
1.00151014829736540e+00
1.01775209871331174e+00
9.93492033907724892e-01
1.00087344591208449e+00
1.00175239099148317e+00
1.00063928776147937e+00
1.01273660350726180e+00
1.00105095420938173e+00
9.89729210562896644e-01
1.00131884001309013e+00
1.01136155722052301e+00
9.96836988452259543e-01
9.99149695156503537e-01
9.96566048513617964e-01
1.02164060297298787e+00
9.99546108952353962e-01
9.99531163072920781e-01
9.99558415698219016e-01
9.87052341145522760e-01
1.02593522112757096e+00
9.72387121144404287e-01
9.67729598269208457e-01
1.00095917576038040e+00
9.99523538795517474e-01
9.94871803757388484e-01
1.00657399594610264e+00
9.98671793761364612e-01
9.81285964917482434e-01
9.91196350689279582e-01
9.97275125447474320e-01
9.96851492416541918e-01
9.89862575107645415e-01
9.99549357844369379e-01
1.00102552356360230e+00
9.14392293384235555e-01
9.99696744651065616e-01
1.00040938195519868e+00
9.92045492346309010e-01
1.00004508749746557e+00
1.00076967268235451e+00
9.99351158057534272e-01
9.99517330946833149e-01
1.00148590748787325e+00
9.99677061199274908e-01
1.00607674200589647e+00
1.00191891540188571e+00
1.00174888732439316e+00
9.98288990086702133e-01
1.00901390341180641e+00
1.00050898176339587e+00
1.00255297255564146e+00
9.99721552958189985e-01
9.93785653814926229e-01
9.44217783815160860e-01
1.00215558571125340e+00
9.97717830637528724e-01
9.92617792307679769e-01
1.00136744031048042e+00
9.99587958935772236e-01
1.00169544813816658e+00
1.01226601561074347e+00
9.94870569525064807e-01
9.99615815059592849e-01
1.00187752255066931e+00
9.98813176111859158e-01
9.94191837883277141e-01
9.93995768959708315e-01
9.99617723630498500e-01
9.99630332013927703e-01
1.00636243568305228e+00
1.00007811963024795e+00
1.01899734657940177e+00
9.57701286344200486e-01
9.99556484819610125e-01
1.02273640247441344e+00
9.98518818854201351e-01
9.97709964354298262e-01
9.74050261482136581e-01
9.84837985327253418e-01
9.99124673031916322e-01
9.99641549382059624e-01
9.70131195156596182e-01
1.00326807303474985e+00
9.97357918799826493e-01
9.99648607506531173e-01
9.99482787870493050e-01
9.93299767523797228e-01
8.82731458364620636e-01
9.99245100070462966e-01
9.77837076050032117e-01
1.00322602633260627e+00
1.00232496582344521e+00
9.98860456010972730e-01
1.00057452421651072e+00
9.99484803737459959e-01
9.40712082212857403e-01
9.67521530910309568e-01
9.75871304379241078e-01
9.98968071875608321e-01
1.00089775019882632e+00
9.02644230981485385e-01
9.95981232938164762e-01
9.99465015156682068e-01
9.38589251773702782e-01
9.99414958400064779e-01
1.00883164084234411e+00
9.97883379502569667e-01
1.00208959594794011e+00
9.99302958013848719e-01
9.94607707873738311e-01
9.44147780093577804e-01
9.98016593120403583e-01
1.02002775343851404e+00
1.00060077051409979e+00
1.00151585688303202e+00
9.99450694962013331e-01
9.97950227829302650e-01
9.88648640797887723e-01
1.00346473879291831e+00
1.00039843411043261e+00
1.01215554776287719e+00
1.00109610160627005e+00
9.83898622032853276e-01
9.96434015299823672e-01
9.98024673142401730e-01
1.00101521110720970e+00
1.00007465623811220e+00
9.38231697625286909e-01
9.84627416059403959e-01
9.97735311240714795e-01
1.00219153958193274e+00
9.94703271164020797e-01
9.98807924429767513e-01
1.00005486636574870e+00
1.00066702291302234e+00
9.99572704482894259e-01
1.02287333409860670e+00
9.90300912001893519e-01
1.00124533793364301e+00
9.65688499890425489e-01
9.99885271978276147e-01
9.99401102245672246e-01
9.99581601653108276e-01
9.99778972254095621e-01
9.96486222093539209e-01
1.00072750293133450e+00
9.80796833273740343e-01
1.01021827095196470e+00
9.82366175671651631e-01
1.00116172979092211e+00
1.00029500396273940e+00
1.01899825481084028e+00
9.99332309331204205e-01
9.98680699026759600e-01
9.11056395190018575e-01
1.00287088698385363e+00
1.00005269205503255e+00
9.99402743673316829e-01
9.66902857264675730e-01
9.91875097491978663e-01
1.00070815082873077e+00
1.00208798739270888e+00
1.00153437918964938e+00
1.00062575633308848e+00
9.44413908266961588e-01
1.00210942823052562e+00
1.00260404393329550e+00
9.72082734471811372e-01
9.99546375719497893e-01
9.59524967879857860e-01
9.95810450944544234e-01
1.00206881970911366e+00
9.63881103994700283e-01
1.00334278936189158e+00
9.95928582966607356e-01
1.00021846864585662e+00
9.97863917948842549e-01
1.02171447702822626e+00
1.01976165857098411e+00
9.91450958460875720e-01
9.45445011383582279e-01
1.00142576265577365e+00
1.00018719446391580e+00
1.00052655014547898e+00
1.02211786554084538e+00
1.00041532669672106e+00
9.99178175414880854e-01
9.99285200112280947e-01
9.41298770109361693e-01
9.25278842074495955e-01
9.97812260049177779e-01
9.31951152023847373e-01
1.00072613325853510e+00
9.83503852215461882e-01
9.63122619731306640e-01
9.99176876496372879e-01
1.00256287098834651e+00
9.98613510420902184e-01
9.98852254161389674e-01
1.00045685735425849e+00
9.01462425868703399e-01
1.00053193534908713e+00
1.02858629363573217e+00
1.00186887639855216e+00
1.00095362376153729e+00
9.93873680404199544e-01
9.98214220732634661e-01
1.01785400930374803e+00
9.66509802632722792e-01
9.99910835215227056e-01
1.00815589299697628e+00
9.99569756091461259e-01
9.99103449875538896e-01
9.90690115055823384e-01
9.98656371283881406e-01
9.95388352234131135e-01
9.96297215317325957e-01
9.99876459142017837e-01
1.00009773583005224e+00
9.94634772112231835e-01
9.99470982481664993e-01
9.98606916129070377e-01
1.00210103606929390e+00
9.97990613861590492e-01
1.02269532027002907e+00
9.94028026586615376e-01
1.00015148667459508e+00
1.00001794106727693e+00
9.97336725070796515e-01
9.91657633593120313e-01
9.99534003128360826e-01
1.00071632759963203e+00
1.00054478654146917e+00
1.01682763210078653e+00
1.02379320313907307e+00
9.92639251235253872e-01
1.01902151844560973e+00
1.00017610504620658e+00
9.98810803645736489e-01
9.65882573703528702e-01
8.79966451172239594e-01
9.87581664613622845e-01
1.00001349230549663e+00
9.97224542879723730e-01
9.83209210654889976e-01
9.98660263517928137e-01
9.98152933999685188e-01
9.45342232953881645e-01
9.99462707918385318e-01
9.97395497184175750e-01
1.00002750195659451e+00
9.73738921920869194e-01
9.89078517440798999e-01
9.99431526635799150e-01
9.67902984979261194e-01
9.99639857819460409e-01
9.59795166224995944e-01
9.99835943552373485e-01
9.96294435518582100e-01
9.95617700636812542e-01
9.99122567330752442e-01
9.98640820653896366e-01
9.99655004086205556e-01
9.99871857425249200e-01
9.47441523558280374e-01
9.92392832329811792e-01
9.80785679023133738e-01
8.87412151638949931e-01
9.94129847193880645e-01
1.00131478946149910e+00
1.00180425090580005e+00
9.98889459440340133e-01
1.01096303425587486e+00
1.00751817889366113e+00
9.98061343975479520e-01
1.00929491499499813e+00
9.86988044931017550e-01
9.99215618308074260e-01
1.00033035009055404e+00
9.99788761559027850e-01
9.98882448422466429e-01
1.00344768218617042e+00
1.00291165714270636e+00
9.43651286396464895e-01
9.90224117529192371e-01
9.95454452912331922e-01
1.00188689498555661e+00
9.99319057550186463e-01
9.96958510459135527e-01
1.00052304755999510e+00
1.02336707104827185e+00
1.00317910673311506e+00
9.97269707396146843e-01
9.45359041208911233e-01
1.00910183012018018e+00
9.85423654393531190e-01
9.88546843438495415e-01
1.00023217513698937e+00
8.86299457805269308e-01
1.00054564631057885e+00
9.99501764301809370e-01
1.00048232936927728e+00
9.97781845887371843e-01
9.99645339249519704e-01
1.00189303235058391e+00
1.01841440775019421e+00
9.99525620605242193e-01
9.22968641511785703e-01
9.63261941286573609e-01
1.00194885367628128e+00
1.00402192230177234e+00
1.00043347890167289e+00
9.91269887303714237e-01
9.95511826863051508e-01
9.96631716697640724e-01
1.01151218406573706e+00
1.00013268440431791e+00
1.01265096534653987e+00
9.99274872034948136e-01
9.92213887768444991e-01
9.94404789790869326e-01
1.00093760488045413e+00
9.89086689866027102e-01
9.99639592541527899e-01
9.33751835137437092e-01
9.99656674985507809e-01
9.98589702761599418e-01
1.00186660832867980e+00
1.00072824209431821e+00
9.99461373576093437e-01
9.99928858811235166e-01
1.00139911157550077e+00
1.02219758581198983e+00
1.01989945594766973e+00
9.99512163029239620e-01
9.99953526852570440e-01
9.98591576744686127e-01
9.98342615498307606e-01
9.99360818157428055e-01
9.97441720189312098e-01
1.00075259235352609e+00
9.99043779568244084e-01
1.02862455563988253e+00
9.98415051041039003e-01
9.90656253577532064e-01
9.98530535565844035e-01
1.00354341058545260e+00
1.00090180683106444e+00
1.00518910442021747e+00
9.99771851501494391e-01
9.99037593227528720e-01
9.99847332441751058e-01
1.00381555184946269e+00
9.92671678846481109e-01
9.61834603877439687e-01
9.99210194467310187e-01
9.99791281422414690e-01
9.97425018186575252e-01
9.44035338273435554e-01
1.01909575306911671e+00
1.00022334709628180e+00
9.94433320349975780e-01
9.74019038460628095e-01
1.00233514252638756e+00
1.00216834949028999e+00
9.92846513041255374e-01
1.00170604545507236e+00
1.00233842723056044e+00
9.64620548888109663e-01
9.96507432719497044e-01
9.42044443830551526e-01
1.00203684702986284e+00
9.96443576211276660e-01
9.99442774536022482e-01
9.97684459180285477e-01
1.00178948010040880e+00
1.01239847140676198e+00
1.00037353005217233e+00
9.97621817852122339e-01
1.00207329791852184e+00
9.94403335658685772e-01
1.00091471120377551e+00
9.97467408592544680e-01
9.99599286356003480e-01
9.62134535722307893e-01
1.00199322046683714e+00
9.43563099576503195e-01
1.00140490485721267e+00
9.84094584869597333e-01
9.95082005874044717e-01
1.00108201280379627e+00
9.96021257884664002e-01
1.00171609380732018e+00
9.63129205643855735e-01
1.00243306737624804e+00
1.00167683616022996e+00
9.98679317400618438e-01
1.00180779409004050e+00
9.99558333376250996e-01
1.02327228430813988e+00
9.99487056545551478e-01
1.02527833460609741e+00
1.00225605617861868e+00
9.92301433282464562e-01
9.93977363854241514e-01
1.02134466609922203e+00
9.99808253898899713e-01
1.00193238894623704e+00
1.00252030762168576e+00
9.08341386193107780e-01
9.96771767805179731e-01
1.00064543441986853e+00
9.83117384322340415e-01
9.97690702972212073e-01
9.99551598429094135e-01
1.01151409585174767e+00
9.87772167683313551e-01
1.00100559026964508e+00
1.00110219140009238e+00
9.99181622123031299e-01
1.01924897408505322e+00
9.97482595030807051e-01
1.00134826543155420e+00
9.99551895247417832e-01
1.01909508051349884e+00
1.00070778654152193e+00
1.00047439498849045e+00
9.99605852039608944e-01
1.00446468753521989e+00
1.00070806017334690e+00
9.03101863369000002e-01
9.99064697878652597e-01
9.61205441248740966e-01
9.98624111904569678e-01
9.97385326599421584e-01
9.96493775255447689e-01
9.99550613654530795e-01
9.96692920073014355e-01
1.00467477292227647e+00
1.02016519053683208e+00
9.97749691551854556e-01
9.64757857672312480e-01
9.98276813982053035e-01
1.00352659009118117e+00
9.45065840955634173e-01
9.97530118681177691e-01
9.58339799394670955e-01
1.00223876805337553e+00
9.69407993027775805e-01
1.00032181199660397e+00
9.99649290369402865e-01
9.99002009902546839e-01
8.75752809266889920e-01
9.73258472727130064e-01
1.01924438207785295e+00
1.00107230422318039e+00
1.00141319209764146e+00
1.01985656038606165e+00
9.69590002327221590e-01
8.73742995906444109e-01
1.00724810388165498e+00
1.00164924107216291e+00
9.93717476473634620e-01
1.00007218713340817e+00
9.93244711860477691e-01
9.96643354704438766e-01
9.99576650840492853e-01
9.99859798975167857e-01
1.02535768815639416e+00
9.99372403617853733e-01
1.02021675002366119e+00
9.91595319394737218e-01
1.00058792531349949e+00
1.00200356807800772e+00
1.00251138828157860e+00
9.99136222047870559e-01
9.62571643385829678e-01
1.00060844965966633e+00
1.00209944420365926e+00
1.00160316170553920e+00
9.37390050498513094e-01
1.00108251943253102e+00
1.02152547659634463e+00
9.99005794146862081e-01
1.00014596935582878e+00
9.97350203455336648e-01
9.98201429602285528e-01
9.84268448009477992e-01
1.00203096945916692e+00
9.94144551224968143e-01
1.00027275530703275e+00
9.99467666233877838e-01
9.99518874757000519e-01
9.92124069678464893e-01
9.88753298662132352e-01
9.94777435612442140e-01
1.00195899475904637e+00
9.99650175329353408e-01
1.00239807640992962e+00
9.66733091067603079e-01
1.00090199347495035e+00
9.99464337002482717e-01
1.00144473486055618e+00
9.27253736370948101e-01
1.00112485154546649e+00
9.99150221227432800e-01
1.00092146484431144e+00
9.41653277925529886e-01
1.02556267391370515e+00
1.00085061680329312e+00
9.99538276686256277e-01
9.98850312445475397e-01
9.99558882689591921e-01
9.99946679358882595e-01
1.00218184986563119e+00
9.96802957772546350e-01
9.95247266784168860e-01
1.00027120837860695e+00
9.93455022364928442e-01
9.66079641031333591e-01
9.99395604320959308e-01
1.00135766592008357e+00
1.01311111601050396e+00
9.06001928869004991e-01
1.02413389447637559e+00
9.76406300864264831e-01
1.00009505211533023e+00
1.00005641196578776e+00
9.95962903627400031e-01
9.99980745529814086e-01
9.53888928504245670e-01
9.94223924175931750e-01
9.90316493027925682e-01
1.00054698798687913e+00
1.00316785811253495e+00
1.00445499438486308e+00
1.00200146998261141e+00
1.00334227182771918e+00
1.00215642441421471e+00
1.00042111231751085e+00
1.01504211030899305e+00
9.64311347639853600e-01
9.98785747930174161e-01
9.99906032996050187e-01
1.00514898573452305e+00
1.00038297381971408e+00
9.67116131386384414e-01
1.00033807575002354e+00
9.96442428933640989e-01
9.99795299989956976e-01
1.00765851109916649e+00
9.11333788222071339e-01
9.13610008507426685e-01
9.99431475081577925e-01
1.00277833019184115e+00
1.00254782936852394e+00
9.97594540886550862e-01
9.92168340089585876e-01
1.00553466657738322e+00
9.94441256102363336e-01
9.62133591641027519e-01
9.99200085950518124e-01
1.00061885591985522e+00
8.76660220910144949e-01
1.00083462274147572e+00
9.98094303003498773e-01
1.00206171239007946e+00
9.41810242989705726e-01
9.58926748454779432e-01
9.93481455891260246e-01
1.00093589739100364e+00
1.00350208149109243e+00
9.99705168990023818e-01
1.00297532116247790e+00
9.94283052231931030e-01
1.00085364608322780e+00
1.00023222914219279e+00
1.00211597149311071e+00
9.88369653846212337e-01
1.00220650300673952e+00
1.00223072202226748e+00
1.00226832047031111e+00
9.99514027619909484e-01
9.98615644636466682e-01
9.96507381389068803e-01
1.01029971631475157e+00
9.99866542404264869e-01
9.96121132699698819e-01
1.02551766041940451e+00
1.00206890464670506e+00
1.00813154946776140e+00
9.96386926539400641e-01
9.03173153652185756e-01
1.00196187720128460e+00
1.00138956517175037e+00
1.00223248854312152e+00
9.99650456910299523e-01
9.99219413367394838e-01
1.02657815983841982e+00
9.94434317285703973e-01
1.01373239703284557e+00
9.98629375699531918e-01
9.99494160661954956e-01
1.00100576760148674e+00
1.00200805322985276e+00
9.96294732124550775e-01
1.00217551059261245e+00
9.71630546478545409e-01
9.40553887080725959e-01
9.96574340988928609e-01
1.00229709500168584e+00
9.99556935024774385e-01
9.96664732016651622e-01
9.99960780386817460e-01
9.93801929698636233e-01
9.34809631008259534e-01
1.02186242436869934e+00
9.99474668877871508e-01
9.99537635418129566e-01
1.00294400699240738e+00
1.00019498209284219e+00
9.99165035082091313e-01
1.00150643550452512e+00
1.00301223344011570e+00
9.98491836363219476e-01
9.99221929189938463e-01
1.01570307835706841e+00
1.00259401162417694e+00
9.60471323159700296e-01
9.95695652901663064e-01
9.97629392981549179e-01
9.98183839481479818e-01
9.74490730554515627e-01
1.00468614986993665e+00
9.99719544153605200e-01
9.99605024555153654e-01
1.00112039352406090e+00
1.00794540485050277e+00
1.00203031923838037e+00
1.00090318148439517e+00
9.98475259916319802e-01
1.00134668746508759e+00
1.00239530093408380e+00
1.00017942650904690e+00
9.98376165486944078e-01
9.79995381019828971e-01
9.08367648728632626e-01
9.94284670979388108e-01
1.00680572216259168e+00
9.99458533485627520e-01
1.00253014542396102e+00
9.35762094945447709e-01
1.00263596793135679e+00
1.00234906785392397e+00
1.00017910970680357e+00
9.10707625324979952e-01
1.00201262293618276e+00
1.02424521851051953e+00
1.02040640828472617e+00
9.99089844818700890e-01
1.00261913519716139e+00
9.38232431187846161e-01
1.00012810106216810e+00
9.80144263667658722e-01
9.40469981625945528e-01
9.99827096632908252e-01
1.00252580390671930e+00
1.00043038761893932e+00
9.99421370636462414e-01
9.99653934436362746e-01
1.00120527679195526e+00
1.00099027484541447e+00
9.97903014141261702e-01
1.00318083082156373e+00
1.00278340084120887e+00
9.99589477793003445e-01
1.00440044244560922e+00
9.95323041170681044e-01
9.97748258763755835e-01
9.83587360403230582e-01
1.00285071491161526e+00
1.00408738854034785e+00
1.00225729982409639e+00
9.83390312819635959e-01
1.00205962233851387e+00
1.00179341902061059e+00
1.00100855328222327e+00
1.00092738290823302e+00
1.00190970643195065e+00
1.00194396841538791e+00
1.00036546289660921e+00
1.00173404787038844e+00
9.96239387604297977e-01
9.98736564504946189e-01
9.98132038469314087e-01
9.99392678058151240e-01
9.99032431588114167e-01
1.00194969762519914e+00
9.99802771802613122e-01
1.00135936708571682e+00
9.99813256471285161e-01
9.99367486945379913e-01
9.97814884919200673e-01
9.99588902348025554e-01
9.98429583785541919e-01
9.95616604382276837e-01
9.98008853069056845e-01
1.00297430778438668e+00
1.00165800358809909e+00
9.99334017892968496e-01
1.00127813712874869e+00
1.00156031174924776e+00
9.99815779066457022e-01
1.00315059954356411e+00
1.00229251298815814e+00
1.00264147037622564e+00
9.82582525070506474e-01
1.00199610573518227e+00
9.95670818768181864e-01
1.00304694593770782e+00
1.00253190600735476e+00
1.00046104906642008e+00
9.98651353946088616e-01
9.99425620046935581e-01
9.96018507692632893e-01
1.00240926756510107e+00
1.00142027632005370e+00
1.00141697396207707e+00
1.00149475247038811e+00
1.00236312285974782e+00
9.98743026754193575e-01
9.97819406847282653e-01
9.96865580541728580e-01
1.00073189001972884e+00
1.00205327193654803e+00
1.00820819856396326e+00
1.00351129996149457e+00
1.00239593291839957e+00
1.00070409056978238e+00
1.00123241634497484e+00
1.00426948660962001e+00
1.00326011756782352e+00
9.79968196846776829e-01
9.58104085751278922e-01
9.94018407354261613e-01
1.00168438007317229e+00
1.00373296275271562e+00
9.00333444238337610e-01
1.00281395074909652e+00
1.02217376247499625e+00
1.00359549324893882e+00
1.00293955013440805e+00
1.00379041893026444e+00
1.00258113196300980e+00
1.02095977214910150e+00
1.00152541530714068e+00
1.00271251667483385e+00
1.00173896738995194e+00
9.03975169576503923e-01
9.60606174366091858e-01
1.02144454322992151e+00
9.96126108329089766e-01
1.00240873186000323e+00
1.00159868318441636e+00
SCALARS pressure double 1
LOOKUP_TABLE default
7.12811218906382882e-01
7.14843116086457342e-01
7.16165550472434242e-01
7.19883886799041472e-01
7.19098345884942147e-01
7.10093637327056437e-01
7.13654754394157265e-01
7.19256110339922983e-01
7.13874637671182533e-01
7.13093920897027611e-01
7.12837235832309513e-01
6.76838125825769188e-01
7.17940693999214341e-01
7.13833270256971963e-01
7.14211623259653483e-01
6.93837111552063068e-01
7.17999954746322389e-01
7.15593283787274714e-01
7.14016598445299078e-01
7.16401674087903562e-01
7.22845292935794137e-01
7.15779306046849251e-01
7.16331826000989547e-01
7.16655184154692204e-01
7.12530208347454397e-01
7.11316568458704834e-01
7.04633839589323796e-01
7.15101655793127455e-01
7.08522261106710571e-01
7.13775723085626534e-01
7.11339287909127260e-01
7.00353340125390633e-01
7.15819077990223929e-01
7.06042629889548023e-01
6.44056615539488897e-01
7.16544253991205249e-01
7.13843134027395854e-01
7.13036061816269662e-01
7.16328803513628376e-01
6.46472967746672067e-01
7.08370616220749372e-01
7.15684419657505289e-01
7.10973219424602787e-01
7.16508110045573909e-01
7.10474292414115305e-01
7.14291639658525046e-01
7.13611723938067377e-01
7.13603894391660276e-01
7.13824489726529121e-01
7.13864983891849825e-01
7.25818752422677016e-01
7.16095309025157500e-01
7.19528221800039502e-01
7.15574608494277675e-01
7.14768455860311680e-01
7.13279859519899473e-01
7.07618658633416664e-01
7.11811897437485408e-01
7.11720836382277677e-01
7.21848275270080220e-01
6.83799614418774016e-01
7.10364557818988662e-01
7.27558709518543512e-01
6.85633962514567985e-01
6.73838246483260628e-01
7.19986204889804138e-01
7.17085950234800928e-01
7.07717959215943937e-01
7.26744594409229894e-01
7.20862789021120220e-01
7.11709004590632133e-01
7.11819261692286820e-01
7.14423109367901765e-01
7.16037615454832577e-01
7.21553892483366655e-01
7.16960830300749641e-01
7.19744562733687365e-01
6.98193421908743117e-01
7.12112359829956798e-01
7.17133134426066521e-01
7.14449739783315829e-01
6.97583350545026626e-01
6.94243354614955899e-01
7.13963301751422086e-01
7.11943349819206595e-01
7.13945292906454920e-01
7.16581427654494063e-01
7.17011576516829785e-01
7.15733092401133919e-01
7.04657464134088030e-01
7.16154957345340071e-01
7.18570095875407433e-01
7.16615811020422155e-01
7.24381203411434860e-01
7.13898561095637318e-01
7.21472548712549178e-01
7.13873688511759696e-01
7.16731852908175537e-01
7.17307957961066167e-01
7.00969292590894910e-01
7.08928918399237329e-01
7.14700878868117728e-01
7.18802282520907942e-01
7.19024774728957206e-01
7.26602760439492124e-01
7.13530966642196951e-01
7.13511969892295039e-01
6.93740270653001811e-01
7.18591410861955882e-01
7.15988203483928110e-01
7.17263612621541591e-01
6.97887650791390923e-01
6.96564846147824324e-01
6.94797557722005021e-01
7.13839783345770029e-01
7.13971939581861004e-01
7.19104927279100803e-01
6.15796192449693192e-01
7.19097927620571897e-01
7.06401326942155072e-01
7.05388375487938868e-01
7.27548243804551298e-01
7.15693351665753208e-01
7.12330788845346841e-01
7.15864596408285148e-01
7.03791308345195210e-01
7.14703472422141051e-01
7.08645537591094610e-01
7.14697349104042368e-01
7.15266673544744380e-01
7.14305016323815267e-01
7.14716606215397121e-01
7.15197634837217544e-01
6.99239085448261521e-01
7.15809418769286609e-01
7.07816259398204362e-01
7.13783379737691792e-01
7.18713696935014079e-01
7.14118267470648216e-01
6.07918902346676449e-01
7.14880905948643064e-01
7.22099803673928231e-01
7.12700776930883739e-01
6.91591245790394105e-01
7.13644525346400882e-01
7.23625032343806485e-01
7.09382773175272985e-01
7.12556335820396125e-01
7.18893469173344180e-01
7.09545647267286528e-01
7.16707187820850633e-01
7.06717410143484992e-01
6.44642391235675571e-01
7.16890924816346864e-01
7.09953645241166442e-01
7.15554542909339397e-01
7.15306060550601530e-01
7.13855986062904346e-01
7.13053503671773559e-01
7.15235957786661047e-01
7.16614094015722070e-01
7.15438529010501423e-01
7.15313233892057587e-01
5.84066228381885821e-01
7.13295592747016816e-01
7.14230025220553122e-01
5.79841667011894879e-01
7.16474178435149489e-01
7.12208228664494514e-01
7.15149866218950492e-01
7.12172852728090833e-01
7.13906463024210125e-01
7.16425164566456107e-01
7.06597353570679210e-01
6.98831834166146026e-01
7.11151531978531537e-01
7.16816252046946434e-01
7.12555917274004025e-01
6.92914334574350588e-01
7.18297580741232955e-01
7.15951173784656780e-01
6.38194183696777939e-01
7.15991346435295828e-01
7.13733493766985916e-01
7.05974797530479981e-01
7.13938167316586214e-01
7.16172235006955926e-01
7.03696235470209985e-01
7.23188920408193714e-01
7.13272248751236848e-01
7.13622325908480071e-01
7.18829577979535617e-01
7.12378317730252397e-01
7.25024061838552170e-01
7.15681881542021059e-01
7.07033579512778454e-01
7.11695966057074969e-01
7.13200755131014885e-01
6.94227838613321935e-01
7.11867174165660366e-01
7.14788007789672442e-01
7.14262643153713572e-01
7.09442144916301975e-01
7.13248734321315303e-01
7.16108734864753460e-01
7.15735350342829313e-01
7.02142246563138506e-01
7.19550168603251827e-01
7.15655378902537165e-01
6.94305119636514201e-01
7.08399634271882794e-01
7.12462779503333032e-01
7.16423655478602095e-01
7.16076879120320364e-01
7.10528861394433497e-01
7.13879275137336178e-01
6.96028655882513170e-01
7.08494729726701133e-01
7.18185998362908640e-01
7.13683647352352457e-01
7.12905568861988082e-01
7.14724607099243237e-01
6.19171674398193872e-01
7.12701676649768912e-01
7.14410194241903551e-01
7.07220635120123453e-01
6.87396938293048598e-01
7.04272210932061715e-01
7.13575128020428551e-01
7.26234303722828378e-01
7.11110421857844344e-01
7.15958791008639461e-01
7.12300878016082106e-01
7.05665939698360778e-01
7.15633824353548609e-01
7.16226560796794143e-01
7.09301675543952848e-01
7.04948686925132462e-01
7.13276672709813764e-01
7.13894315334890006e-01
7.16933916789308179e-01
7.15983245294860238e-01
7.14415972895084073e-01
7.15510777101921680e-01
7.18633290212653875e-01
7.09188405250211984e-01
7.12696008015314297e-01
7.04887358502342631e-01
7.15078640586760739e-01
7.12890095359000719e-01
7.18303229763404993e-01
7.13578654251651012e-01
7.13796534922828019e-01
7.13958860929175265e-01
7.12626023099506956e-01
7.13931924747257973e-01
7.15614888586185938e-01
7.14303274631682750e-01
7.15102011510653335e-01
7.06406958199669255e-01
6.47608538046236526e-01
7.16590029314573607e-01
7.07459946492648539e-01
7.29478269898934273e-01
7.15154851090549770e-01
7.15398558385339611e-01
7.07084554747776539e-01
7.14584080703653424e-01
7.16029764376709177e-01
7.12548702086879815e-01
7.12449123555281005e-01
7.04022101173527703e-01
7.13972153687122968e-01
7.11240634573839570e-01
7.15132855235948273e-01
7.17657044346246997e-01
7.09751617066081586e-01
7.15958947537038592e-01
7.17673303377704186e-01
7.13678128474804274e-01
7.13578355785324359e-01
7.16870132543225513e-01
7.24628887624749529e-01
7.28897431998224321e-01
7.16099448372397140e-01
7.04186704209280090e-01
7.22247769997111266e-01
7.13069957569639090e-01
7.07006292128667946e-01
7.14587868916251590e-01
7.16268323501236148e-01
7.13380074752473892e-01
7.03728017998285216e-01
6.74648656164811844e-01
7.10735777215502629e-01
7.14603111058635165e-01
7.16733456199114549e-01
7.13900120860182952e-01
7.12408895700469835e-01
7.18106059456660062e-01
7.13175350586901402e-01
6.88611723037930057e-01
7.27511480615400496e-01
7.13201901379817538e-01
7.07894814854768017e-01
7.14704073298282339e-01
7.12227076155258154e-01
7.13496111444026138e-01
7.09014427608898101e-01
7.06098107748392434e-01
6.78546274466652943e-01
7.06354569947213129e-01
7.11180371021943203e-01
7.13700985639060814e-01
7.15709527449812200e-01
7.09091371306192708e-01
7.18213446006580991e-01
7.08871209550929637e-01
6.99593556999939747e-01
7.13933929039061277e-01
7.12464120061879536e-01
7.13984981889961179e-01
7.13855170158007701e-01
7.00226428197053941e-01
7.15545759861035857e-01
7.11289113428889119e-01
7.13853878290078403e-01
7.15527084596940477e-01
7.07381713085064923e-01
7.18839892589959062e-01
7.13316309368410728e-01
7.12625421407614645e-01
7.06690043564725201e-01
7.17046008490937470e-01
7.17549501738388940e-01
7.20810678030301855e-01
7.08536608131099421e-01
7.14343531849372049e-01
7.14241115833176843e-01
7.13309714151075247e-01
7.22027209001233738e-01
6.11782899544496050e-01
7.25991302170103325e-01
7.13412998179865476e-01
6.82930040358213142e-01
7.10034000804218968e-01
7.13908638000771201e-01
7.14049202817687245e-01
7.12030759817114167e-01
7.16113885367529512e-01
7.12940809683768495e-01
7.14068673317064362e-01
7.09697316704814507e-01
7.14294992971872045e-01
6.79197543568043072e-01
7.12980539033025718e-01
7.12895419947256803e-01
7.31694186001731084e-01
7.13363166450303954e-01
7.04840413451888192e-01
7.09082292517785429e-01
7.15857808090471281e-01
7.10038926660235492e-01
6.59692983933096722e-01
7.15466366383636476e-01
7.16552248686289750e-01
7.15594711496971847e-01
7.08595491057760873e-01
7.13965260912875599e-01
7.12396845560237302e-01
7.32817531973723679e-01
7.10041077719315683e-01
7.00522257914602320e-01
7.13711229589338303e-01
7.15060628534683662e-01
7.13840021286511472e-01
7.12604999364749525e-01
7.09284326869915716e-01
7.14269754877491780e-01
7.18463809971784495e-01
7.11554123863503918e-01
7.12733326869397277e-01
7.10231727882009833e-01
6.34808198700317572e-01
7.09445819994888427e-01
7.14987501491526234e-01
7.02041628422198194e-01
7.15131531064154391e-01
7.03370056753957251e-01
7.08080329769021244e-01
7.13996583716128841e-01
7.19286072439672464e-01
7.19235206380811731e-01
6.78258600755560104e-01
6.16807985383058255e-01
6.78555480428777225e-01
7.11847341425326796e-01
6.34831860240939405e-01
7.11776302920788195e-01
7.11883345167330761e-01
7.13196816076434259e-01
7.15339048418012213e-01
7.15864420378142574e-01
7.13558737321904446e-01
7.14492667606600906e-01
7.14746899657228263e-01
7.13763824650757939e-01
7.13794504970636123e-01
7.13047539850069745e-01
7.14672002939228057e-01
6.88835723190658555e-01
6.15190798387443727e-01
7.13879025268854162e-01
7.10686213750083007e-01
7.14626965503610490e-01
7.12680867165183418e-01
7.17555920509917011e-01
7.13849046096540429e-01
7.14009552061807828e-01
7.09466450760377842e-01
7.14686722982768585e-01
7.13592340867508446e-01
7.13816752768277829e-01
7.15028649168449881e-01
7.07372631668835794e-01
7.29437317303665234e-01
7.13711220585821149e-01
7.13684006303577756e-01
7.12927393887425209e-01
6.93449307360202827e-01
7.10206242308911717e-01
7.15562611021293815e-01
7.12347367955887711e-01
7.14726218467072072e-01
6.96952282274134860e-01
7.13961618096367490e-01
7.03231768559085313e-01
7.17168378004218954e-01
7.13525268106206312e-01
7.31704047161018001e-01
7.12218792143464063e-01
6.68886426739075501e-01
7.14753712144124642e-01
6.87831350008383580e-01
6.95602712247257449e-01
6.66521834665571133e-01
7.30194057435399668e-01
7.14584477244891603e-01
7.13829055705452631e-01
7.13592412044406377e-01
6.67449419904818542e-01
7.11470023139276098e-01
7.11255532399142743e-01
7.25259432754885025e-01
7.16033735009833694e-01
7.11946714098750100e-01
6.39141283365667334e-01
7.13777796294736144e-01
7.10042198888264475e-01
7.39697023219162197e-01
7.18023990375361576e-01
7.15206285757910232e-01
7.19638288275697202e-01
7.14087070638921073e-01
6.95349767249071937e-01
6.93379447642318847e-01
7.19967803480925594e-01
7.18999115093677310e-01
6.93794702043100675e-01
7.09442189280723889e-01
6.69280347938922104e-01
7.11670719692613196e-01
6.61875853768281397e-01
7.17423246909108858e-01
7.12697212402321090e-01
7.07619136775603619e-01
7.15288699234064351e-01
7.23795997513403289e-01
7.14078681921865299e-01
7.17504751369590466e-01
7.09232725217378346e-01
7.17907476393574884e-01
7.16690480694547660e-01
7.13335902107480990e-01
7.11740006366429756e-01
7.11755327849862507e-01
7.20377023046576137e-01
7.11867218556469061e-01
7.14420452019016938e-01
7.05507566889537752e-01
6.85751805379772983e-01
7.09689542316117694e-01
6.97175184921379087e-01
7.11805761963166583e-01
7.18296150431233182e-01
7.10052347346222024e-01
7.13942941685211108e-01
6.42067506323901527e-01
7.17933060060645167e-01
7.11028820353960422e-01
7.14905622988961986e-01
6.67725969642467554e-01
5.84316287019104985e-01
7.13067832537959023e-01
7.13288140308869556e-01
7.12801476738179285e-01
7.13891138783773971e-01
7.13156064202190243e-01
6.71474686195818182e-01
7.13906083615116427e-01
7.14236582191166147e-01
6.42032202766920301e-01
7.02963923212191144e-01
6.73349532339908130e-01
6.66804782163882059e-01
7.13781782942178977e-01
7.14133784301555052e-01
7.17980286569983583e-01
7.14769512004314933e-01
7.13931498063636982e-01
7.15059464706628400e-01
7.08222796239668440e-01
7.01606120775759012e-01
6.63140384357474799e-01
7.06684162537477678e-01
7.02798952309398373e-01
7.31616185735823987e-01
6.96220416604798276e-01
6.88978835751479335e-01
7.14543451491826742e-01
7.18868062837708655e-01
6.88118992475359570e-01
6.69630645056861318e-01
7.13498728273290639e-01
7.17993125289678624e-01
7.13301873134034259e-01
7.15551703856535992e-01
7.15113813868830661e-01
7.14441986909059246e-01
7.03062286206588616e-01
7.14594630804711417e-01
7.18474553713900344e-01
7.14095964356577073e-01
7.14112659377476811e-01
6.63171708251965031e-01
7.16358736254797512e-01
7.09698962918550502e-01
7.09746317168488350e-01
7.24299629648399890e-01
7.06520872532961808e-01
7.15167759322540397e-01
7.17481600787060247e-01
7.14452534911468429e-01
7.14613098076261721e-01
7.16779735013979957e-01
7.14508345218022423e-01
7.13850604476356287e-01
7.15556533923409566e-01
7.12588579072476302e-01
7.13391940983335249e-01
7.13454490682204900e-01
7.16904128074252411e-01
7.01450035084187684e-01
6.88550338995792544e-01
7.10601295630612806e-01
7.13677877656247572e-01
7.08068045623820419e-01
7.14005275496773506e-01
7.11377420647323233e-01
7.28746805748843762e-01
6.74628558592686778e-01
7.08883145821740279e-01
7.13306725057031188e-01
7.15463228982044064e-01
7.14855020237784022e-01
6.88522884230178933e-01
7.00746961976898453e-01
7.05017424526144354e-01
7.38119680470487483e-01
7.16197639180526813e-01
7.09809165965135880e-01
6.77268208121424631e-01
6.96076669298835604e-01
7.13991735127852301e-01
7.15499767533759656e-01
7.28080045761187233e-01
6.38354389653805754e-01
7.15860608196062009e-01
7.12268686768940174e-01
7.11615365425422919e-01
7.15223356344307004e-01
7.14598545470905622e-01
7.15023678798708207e-01
7.12715689417923293e-01
7.09613433755223344e-01
7.13860070553272830e-01
7.13863196955247581e-01
7.31375194080905788e-01
7.36434191873537203e-01
7.07417126851006883e-01
7.14166481760386884e-01
7.11557538921967825e-01
7.17821633098840617e-01
7.14001173812694345e-01
7.15000461417667044e-01
7.13999028311157580e-01
7.31933546449943462e-01
6.35204862872395304e-01
6.66970802619101355e-01
7.13997231326422344e-01
7.13253674476307165e-01
7.14041749136574033e-01
7.06900086340014666e-01
6.98869025120657628e-01
7.13898183638834283e-01
7.12191029359756977e-01
7.01323651345820198e-01
7.12905873567032833e-01
7.06060773853030454e-01
7.17216383298129756e-01
7.15439386526679599e-01
7.13572104301887000e-01
6.65519234825057704e-01
6.87442494841824292e-01
7.14027684161916754e-01
7.11260925320639337e-01
7.13834418260338111e-01
7.14380254686807326e-01
7.12218187153061844e-01
7.11828903144383296e-01
7.14455576131251768e-01
7.09142332661979791e-01
7.17837023527489460e-01
7.16373578319239313e-01
7.31965985006451603e-01
7.15454632380532196e-01
7.23906302775742860e-01
7.13982918437507386e-01
7.07772240681435072e-01
7.10501783172173385e-01
7.15072712976461022e-01
7.14108595548023195e-01
7.11513185878553833e-01
7.05159049041474084e-01
6.65659446416851375e-01
7.15904612799981410e-01
7.00414516583499291e-01
7.14651016063867606e-01
7.13452652899019157e-01
7.06528924507197953e-01
7.14738699409521394e-01
7.15086771847623592e-01
7.14105116677889340e-01
7.14525078394373403e-01
7.18139823965527668e-01
7.17791183893258466e-01
7.16686567327528001e-01
7.13514471810330009e-01
7.06493716786177117e-01
7.04627823464771708e-01
7.17457699065415566e-01
7.11034299659076163e-01
7.14327477220219831e-01
7.14163546873931243e-01
7.04388433859383545e-01
7.13837376049719974e-01
7.14015215818976201e-01
7.13815837693759336e-01
7.07492676088616324e-01
7.13090993149793739e-01
7.12453929171772860e-01
7.17850270444495675e-01
7.15095498261935081e-01
7.13799995035944934e-01
7.14091543065614398e-01
7.08548721295220951e-01
7.05829397898366628e-01
7.12337403115221424e-01
7.12181065066694874e-01
7.16346914760819575e-01
7.20273413620906355e-01
7.16047698858450321e-01
7.14307098085244396e-01
7.09527853633824757e-01
7.13640777439757179e-01
6.71307308744957587e-01
7.15655264112980971e-01
7.15079413052831292e-01
7.15023601837152301e-01
7.13666401413157070e-01
7.13852898727496910e-01
7.14404143860905227e-01
7.14815592640134723e-01
7.17140360250770215e-01
7.43027398922170845e-01
7.13813629172251329e-01
7.12090391584672244e-01
7.16797978516479972e-01
7.43049202879796589e-01
7.18601147002119633e-01
7.13806750481371433e-01
7.30174385468701836e-01
7.14633682021179051e-01
7.15371829906689016e-01
7.14781029477985719e-01
7.14830183069340541e-01
7.14563991289035250e-01
7.23046742916096052e-01
7.31036702957293949e-01
7.09675784256160180e-01
6.63176684928993398e-01
7.15934054112959406e-01
7.15808761844057617e-01
7.16509941554399066e-01
6.26112028453543523e-01
7.14921617308506341e-01
7.11700407634190291e-01
7.13390183626915309e-01
6.91189978758477208e-01
7.10265321090394863e-01
7.13949506280151414e-01
7.29184528997345871e-01
6.85163902139948378e-01
7.13353714346690704e-01
5.90331609566231208e-01
7.15661491862580657e-01
7.07008626930019202e-01
7.14861441931156971e-01
7.13967898840464299e-01
7.03764055290469814e-01
6.97937460388461495e-01
7.18997003857054451e-01
7.12831855803071734e-01
7.06614817424047525e-01
7.13093367512443010e-01
7.22448718545842472e-01
6.90292754137080133e-01
7.14234454750892533e-01
7.21231838403899705e-01
6.24431941907459209e-01
7.17146889948840349e-01
7.10135215618295401e-01
7.16431467978158487e-01
7.15425288174523444e-01
7.13898469450177653e-01
6.72178430861407938e-01
7.15396397903531045e-01
7.15104302512556966e-01
7.12634578767117111e-01
7.16992515186198442e-01
7.32098150675252746e-01
7.05189544259744117e-01
7.13496042663901764e-01
7.19150998653679596e-01
7.14095379770332217e-01
7.15051814495046401e-01
7.14423275921931333e-01
7.12720322863580003e-01
7.13807195292224694e-01
7.14749618212492499e-01
7.06389744491508043e-01
6.95197391174570023e-01
7.12800157072448815e-01
7.12997081702066771e-01
6.42315599403439963e-01
7.09657498946379639e-01
7.13989324856684759e-01
7.14792085755670548e-01
7.17531970476878556e-01
7.13916132852319363e-01
7.12601231948265856e-01
7.11333379580679215e-01
7.15477651528911740e-01
6.39373246026114561e-01
7.16276838221427958e-01
7.15028070620377099e-01
7.12282904768385960e-01
7.13629735387518949e-01
7.04165152933790006e-01
7.14553853117235738e-01
7.01211010739524077e-01
7.15766095672828562e-01
7.08892799723394251e-01
7.19022334190045465e-01
7.17616329764073413e-01
7.11260079963192293e-01
7.12411025007871901e-01
7.35122126276810950e-01
7.14316356423168708e-01
7.09382943508317210e-01
7.18136824129773421e-01
7.16109190239865301e-01
7.13870654004844063e-01
7.04184704406434991e-01
6.83990077013710618e-01
7.13584512665382364e-01
7.13400762278264544e-01
7.15771000666516222e-01
7.29541398893868376e-01
6.87034930242079511e-01
7.11778961788738562e-01
7.13548471041209775e-01
7.10908148913698135e-01
7.12182666669189612e-01
7.14789095343449921e-01
7.10891433557532038e-01
7.14592628949455300e-01
7.09884735509289766e-01
7.14686118588549912e-01
7.06802602876118846e-01
7.33071189523415656e-01
7.30915587397706124e-01
7.10680465194497679e-01
6.24600458914997603e-01
6.23519084223477571e-01
6.69437617238146654e-01
7.13806399418039472e-01
7.11984436621153183e-01
7.07265379042123610e-01
7.13418810926675362e-01
6.82692308863794728e-01
6.95820537544988738e-01
7.13817316505123811e-01
7.14327012077883183e-01
7.14034290914556946e-01
7.13998018433823933e-01
7.15264891620682852e-01
7.13640834591490081e-01
7.18235678440667491e-01
6.97696810302927850e-01
7.13983561521623233e-01
7.15728328418318238e-01
6.75188517815292211e-01
7.15626736702087984e-01
7.13275357422552658e-01
6.87863155412441585e-01
7.12401605347841360e-01
7.14496704114940373e-01
6.65779957637937514e-01
7.35708408497226629e-01
7.14710821970064303e-01
7.42945324367334625e-01
7.13453168348295308e-01
7.14399598594920082e-01
7.16537166045017382e-01
7.13797864822626305e-01
7.14981773869789117e-01
7.42299173332274020e-01
6.71316619949643645e-01
7.21718132137205592e-01
7.07087735111256110e-01
6.37156478445950691e-01
7.15769787558006021e-01
7.00809481227894326e-01
7.15962105032280305e-01
6.70292161118915431e-01
7.13672495884807745e-01
7.13495038759365707e-01
7.15677092641902601e-01
7.14492574547039627e-01
6.75804933169592115e-01
7.13816587147866111e-01
7.13854733820630583e-01
6.92653963467111722e-01
7.14736899766211686e-01
7.13503049245946652e-01
7.12864459967406661e-01
7.18701094799785611e-01
7.13825725830045887e-01
7.31482292734743189e-01
7.13892472291443037e-01
7.14994935303081891e-01
7.12688245581580171e-01
7.07223959993163231e-01
7.13895105511036632e-01
7.14271512470221803e-01
7.13840670673282718e-01
7.14122629392950903e-01
7.11003507264724832e-01
7.15292667034036822e-01
6.88616886308666465e-01
7.13162397813742466e-01
7.06083909095593265e-01
6.91996601107046971e-01
7.17156142179898093e-01
7.14636283643477421e-01
7.15083412905105020e-01
7.15565665678742135e-01
7.11855423642420826e-01
7.14024432658027286e-01
6.91708429665142455e-01
6.99821078462586454e-01
7.11366894482482692e-01
7.15857296508987440e-01
7.06154886849977736e-01
7.20178157992406809e-01
7.24072354985262012e-01
7.16687059425753836e-01
7.17713360060360461e-01
7.09342868198143406e-01
6.42199565354441115e-01
6.88994176568637928e-01
7.10779851087876113e-01
7.10834143480596592e-01
7.02829368809097521e-01
6.99409511014717267e-01
5.90084493486675132e-01
7.22699686356263693e-01
7.16554101158084600e-01
7.17072539602546799e-01
7.13996416208604989e-01
7.06775336576317748e-01
7.38976759178541331e-01
7.13148045189606283e-01
7.16339104336029986e-01
7.01047028229246250e-01
7.13298610845963355e-01
7.17231310739429362e-01
7.06251788995244656e-01
7.40681453263850931e-01
7.09764457459628573e-01
6.64442185499328430e-01
7.11616912722324080e-01
7.12450250310555644e-01
7.41941198659755941e-01
7.42798003451155764e-01
6.81225612996323560e-01
7.09820523771910405e-01
7.21793987971065421e-01
7.02484458442481419e-01
7.14084398593770819e-01
7.11579015049936481e-01
7.13650402776739079e-01
7.11379699818349032e-01
7.12040592564957442e-01
7.02780721984456291e-01
7.14352842486166817e-01
7.12817256331724991e-01
7.15173335555889467e-01
7.11911614116419567e-01
7.14877839844620944e-01
7.13873998527615461e-01
7.21160070398291775e-01
7.13915179761537511e-01
6.92392483916830392e-01
7.14238960194115258e-01
7.15123153125439059e-01
7.11903539462859780e-01
7.13951923759479690e-01
7.09386826803140802e-01
6.63194734073690562e-01
7.12825198735200893e-01
6.19683459104334977e-01
7.13624949972671674e-01
7.13640194994169641e-01
6.97467269783378585e-01
7.06699360537707655e-01
7.13544459547683085e-01
7.13403751455544688e-01
6.98467924927982931e-01
6.94141339630862775e-01
6.93983339949894806e-01
6.98149669724483335e-01
6.85148858936191818e-01
7.09043596742981341e-01
7.37653009597000753e-01
7.15724322044129613e-01
7.18610414178093904e-01
6.71063250668279543e-01
7.14159374920617873e-01
7.09198431799625495e-01
7.15069466817861654e-01
7.04741281778852868e-01
6.93058229040003471e-01
7.07310698710811536e-01
7.09028099469703021e-01
7.10245514307731418e-01
7.14396096224441335e-01
7.16761193667851626e-01
7.18043112256942728e-01
7.06777655474017275e-01
6.84908271754176678e-01
7.10835677318071069e-01
6.74206548685761908e-01
7.28220793842828118e-01
6.31296757388972729e-01
6.85719701954425775e-01
7.02208959508103248e-01
7.14362371308171706e-01
7.13814651116723708e-01
7.09333603600014184e-01
6.93054034418523979e-01
7.13801089953142953e-01
7.13072363231194384e-01
7.12912416827520157e-01
7.08868593238372813e-01
6.66848475410100283e-01
7.13210615679378601e-01
7.13754163186149038e-01
7.06366309714202667e-01
7.13843214892276978e-01
7.15328739820778159e-01
7.17625220980002032e-01
7.01906504409168797e-01
7.09872495578434459e-01
7.22033465628895810e-01
6.69693538936662391e-01
6.65001247505076498e-01
7.17009022794573680e-01
7.11148191473463864e-01
7.08705928576060740e-01
6.96384499884261543e-01
7.13857750027763305e-01
7.13864773202759539e-01
6.87723789592849410e-01
7.13784899666160766e-01
7.09014989892566061e-01
7.14817347213507315e-01
6.98882708922965223e-01
7.09066736287995769e-01
7.19798962919466656e-01
7.15039546317314256e-01
7.18638492297300036e-01
7.14843837637791357e-01
7.14219219504531599e-01
6.98314634926196942e-01
7.14329643868867215e-01
6.42066216784217159e-01
7.12117306809107009e-01
7.19409180323015707e-01
7.13980927573556357e-01
7.18173858323592817e-01
7.13708207572077646e-01
7.14637440034579408e-01
7.15070733419721605e-01
7.05065723698752977e-01
7.15257714600157857e-01
7.14357076041105210e-01
7.14517267345178064e-01
7.14513137497008621e-01
7.09561575376471687e-01
7.13981314673937772e-01
7.10398376990623803e-01
7.12673188262506585e-01
7.15207725342318912e-01
7.14392188395112870e-01
7.13988201549316970e-01
7.17491654685272873e-01
7.21294269671455157e-01
7.34272709478049901e-01
7.13347766865342958e-01
6.89709546451658273e-01
7.14392084844148956e-01
6.73212098989763863e-01
7.13083810568073018e-01
6.61858035266845723e-01
7.17032182575773169e-01
7.31095657639482144e-01
7.19881114469332561e-01
7.15057632553148692e-01
7.25523248131185849e-01
6.89271262421391251e-01
6.96119783820529636e-01
6.48802821042728461e-01
7.33428550422503100e-01
7.14638480717465718e-01
7.15138325204529357e-01
7.33030120737057866e-01
7.11159526029068290e-01
6.80195470926093337e-01
7.12078035300186207e-01
7.13618040169019752e-01
7.16325749201723538e-01
7.08633433940675128e-01
7.14811207544218452e-01
7.12262616637781010e-01
7.15063992866789899e-01
7.12757240964692951e-01
7.13544877327910831e-01
7.17596064608856943e-01
6.23107971995003007e-01
7.01813487000540581e-01
7.09154669414936212e-01
7.13029047210820277e-01
7.10227945890665180e-01
7.13809055939376602e-01
6.99167950445293673e-01
7.07553280886175862e-01
7.09616608444933461e-01
7.15237220475218649e-01
7.06703092531812072e-01
7.15230343412202929e-01
7.13992981970008378e-01
7.13559508428383782e-01
7.14050680760585088e-01
7.13454988355417874e-01
7.27760501231219492e-01
7.09540830615479012e-01
7.14018218903925583e-01
6.78628521830202169e-01
7.15131599632286674e-01
7.10310343605132566e-01
7.15280710916829987e-01
7.16508462573729132e-01
7.15357731521698237e-01
7.13948975114740647e-01
7.23401197084273750e-01
7.15519524392321027e-01
7.22743109187097055e-01
7.21307531317022632e-01
7.13585479115650401e-01
7.11282766313359072e-01
7.18236811733571567e-01
7.10246871588655959e-01
7.16072800454397806e-01
7.15470104081745606e-01
7.10220088297267682e-01
7.14633267775514058e-01
6.93677834462666509e-01
6.69983187724745521e-01
7.16414928363443226e-01
7.13971039109858818e-01
7.09436519446134839e-01
7.00530629851738751e-01
7.17214092115187274e-01
7.13287212485730460e-01
7.13893083080863300e-01
7.12630901647145043e-01
7.14605710792896365e-01
7.14998998877331648e-01
7.13728997327188863e-01
7.09295897022061861e-01
7.13607558549817500e-01
7.13801342862880994e-01
7.36574667069357925e-01
5.93376212749703091e-01
7.17338327152686528e-01
7.14061151175106712e-01
7.14803873455576944e-01
7.19229065490307740e-01
7.14570882421171727e-01
7.15038725388264185e-01
7.15062128893219073e-01
7.16720849423112982e-01
7.14962290322731286e-01
7.13046482696592654e-01
7.13492081922571408e-01
7.06524651131640202e-01
7.13576305188536986e-01
7.36679525588081252e-01
7.08725253654871268e-01
7.19224083575922379e-01
6.79655304396171611e-01
7.08150730052323985e-01
7.14202453654829816e-01
7.12216059116461686e-01
7.25223467074962769e-01
7.12858365384766435e-01
7.13539549892343694e-01
6.78215776960499617e-01
7.14830327025132717e-01
7.13653142059045509e-01
7.22356715450299447e-01
7.14330639255925326e-01
7.03068616015609549e-01
7.13483226225684719e-01
7.06578345695059507e-01
7.35337829828923262e-01
7.25717380310026750e-01
7.13880770729118153e-01
7.14509106875322209e-01
7.16641942361268769e-01
7.32418519683587843e-01
7.13452891861418581e-01
7.14545895934436182e-01
7.15009878999089188e-01
7.04358438306541212e-01
7.13292241047845166e-01
6.97517295847349783e-01
6.29027498749550440e-01
7.18291807747480249e-01
7.14987849488888716e-01
7.18678900809020305e-01
6.96420338138324713e-01
6.54340536295348163e-01
7.14222848023974288e-01
7.16769603749270678e-01
7.14260900882018213e-01
6.18590584507403118e-01
6.99941579386472834e-01
7.15114680101438971e-01
7.12487391640291179e-01
7.39553449673762464e-01
7.11632654409637744e-01
7.13926978296323900e-01
7.13610031908546993e-01
6.63542390369223911e-01
7.16236016031527867e-01
6.97949280509787551e-01
7.11272810489763430e-01
7.11527920928345270e-01
6.86082389312906771e-01
7.14148741018204025e-01
7.11912695261118111e-01
7.05453156338857967e-01
6.71196168711818197e-01
5.97854957242653917e-01
6.76790146640412815e-01
7.14865413139639361e-01
6.69366651682728686e-01
7.14793007395517876e-01
7.14840055446410272e-01
7.16046070233194443e-01
7.06039572920030056e-01
7.19129704935210667e-01
7.12545844511005999e-01
6.55370901250358018e-01
7.16237256966763436e-01
7.13912122624986267e-01
7.15292034999371107e-01
7.06215035808858249e-01
7.19234646429378066e-01
7.18341353584329489e-01
7.11249918047032303e-01
7.12124252180669104e-01
7.13848279829026988e-01
7.13487046884685006e-01
7.17388740332319141e-01
7.14325036937016877e-01
7.24648113552057049e-01
7.13062755463069298e-01
7.01293823601448096e-01
6.91675602345426244e-01
7.12916576333541996e-01
7.11401689008722360e-01
7.10172643879006804e-01
6.37889945203754527e-01
7.13243065731290482e-01
7.08308634012947635e-01
7.12916076735127358e-01
7.04726674119060426e-01
7.17036462734995328e-01
7.16595475467334597e-01
7.07306032488466796e-01
7.11261233682539240e-01
7.05537994328316764e-01
7.10035614906246226e-01
6.91447916192812650e-01
7.10842420570514943e-01
7.14646728370014528e-01
6.76901980465687503e-01
7.14776614672108068e-01
6.73575042315170847e-01
7.13760849418235588e-01
7.05380742769310731e-01
7.13870354794516104e-01
7.30902703152969901e-01
7.19356423412275570e-01
7.11767846182870700e-01
7.39046443440052214e-01
7.14289463451136974e-01
7.13843376982885913e-01
7.06103943573832882e-01
7.04974362964459145e-01
7.11621667219153209e-01
7.11270553548006945e-01
7.15827570403648195e-01
7.12417106146559953e-01
7.12844334884246478e-01
7.14236747287091300e-01
7.13910183933912479e-01
7.15060283661567708e-01
7.14217760532488311e-01
7.17598591766034799e-01
7.14271345857005691e-01
6.92706023967797235e-01
7.15303831121237965e-01
7.10934621227630070e-01
7.14084152223682933e-01
7.03914355159286576e-01
6.95503983346089316e-01
7.14501687733635316e-01
6.94146632584925594e-01
6.74791229375113488e-01
7.30822702326097806e-01
7.15562736601119020e-01
7.13763927114642871e-01
7.13935615640970633e-01
6.69618088340940054e-01
7.14100836278157791e-01
7.13349835284752154e-01
7.32546668121964561e-01
7.06449997587276113e-01
7.13793201966786417e-01
7.13153311888103825e-01
7.17659535429063911e-01
6.87091756287079192e-01
6.93478738024217223e-01
7.14435344187804744e-01
7.12783886736286010e-01
7.13332950005624022e-01
7.15431298374059610e-01
7.03686345833044902e-01
7.15107004985414463e-01
7.13904168653913929e-01
7.13141566734210697e-01
7.11993006291974040e-01
7.10310160821912895e-01
7.14519710662280705e-01
7.17813581519128330e-01
7.42832505188137593e-01
7.13787472279613033e-01
7.13977270445709133e-01
7.15975164654205076e-01
7.10052634394859772e-01
7.08297191221016198e-01
7.09224947630077374e-01
7.15041358592797827e-01
7.15195824429523896e-01
7.12136684097721018e-01
6.85499465542409037e-01
7.14619266675016185e-01
6.77020407398911339e-01
7.14843679853278680e-01
7.15648118637615904e-01
7.10874241988153854e-01
7.13479437831680219e-01
7.17004959896170746e-01
7.13157264216818021e-01
7.14136644676944710e-01
7.14960736941646857e-01
7.11537076970548021e-01
7.18037753481166940e-01
6.94461701800919928e-01
7.15387474360797637e-01
7.24915171966507677e-01
7.13743292510333083e-01
7.14235785369708887e-01
7.12807063517750472e-01
6.67709692198553584e-01
7.16597415121796866e-01
7.15136571482765437e-01
7.14137378389053334e-01
7.16988042138824944e-01
6.92045459162454857e-01
6.93426199743849003e-01
7.11881522073999129e-01
7.28563887195501914e-01
7.14342419984996813e-01
7.14269158114796299e-01
7.10307304946239060e-01
7.12476063093769207e-01
7.13180484345368515e-01
6.72718072852764970e-01
7.11406253542723799e-01
7.16203747226297427e-01
7.07562749883608677e-01
7.11328376985686961e-01
7.13886517176553603e-01
7.17960365009752244e-01
7.00336690725877009e-01
7.15499369165534360e-01
7.14248726064729778e-01
7.23273628211947517e-01
7.13807786929045562e-01
7.02399668369552255e-01
7.13842670917359534e-01
7.14267104781094564e-01
7.14308117351317384e-01
7.14152901710772614e-01
7.26481668217494936e-01
7.26484975072880790e-01
7.06575857344087233e-01
7.15852933497679644e-01
7.05420069525635185e-01
7.12686929017356419e-01
7.12661700783692842e-01
6.75035265272534546e-01
7.15360134929872493e-01
7.13579350814704028e-01
7.13826115343976997e-01
7.15168749272447668e-01
7.14127127352582658e-01
7.19823709854036653e-01
7.14999025946092548e-01
7.12789394914110308e-01
7.12802605809467971e-01
7.13506823381354072e-01
7.14140804375296034e-01
7.07566021157395197e-01
7.24283562470044440e-01
7.17248272783196250e-01
7.19465590324915194e-01
7.13121979558642760e-01
7.13877699125509690e-01
7.14183594161086677e-01
7.03031284169068349e-01
7.14215735617266145e-01
6.77602729650931379e-01
7.13417639737843889e-01
6.15138904665119446e-01
7.14173467501796111e-01
7.07465960683142159e-01
7.15882196582992458e-01
7.12567837444859631e-01
7.17444161957923932e-01
7.13887925023305114e-01
7.15527177887140931e-01
7.13860945877664355e-01
7.30845642042383559e-01
7.23818930857928367e-01
7.15393601818490876e-01
7.15300156672432741e-01
7.12165732721012690e-01
7.06502905576548046e-01
7.26054226093236776e-01
7.18956169925832889e-01
7.13411915475559599e-01
7.14622913978982921e-01
7.13855652211506264e-01
7.16626070258941428e-01
7.13117092676510023e-01
7.12972490460658470e-01
6.73365749916253975e-01
7.13931595898469218e-01
7.14916443451385608e-01
6.49305053893956874e-01
7.13240058409765010e-01
7.14129769478623500e-01
7.14875107340947280e-01
7.13995577277344418e-01
7.09778890636979076e-01
6.94009461853038356e-01
7.07280893432000290e-01
7.01585565218809770e-01
7.12803954661160866e-01
6.87118070116125135e-01
6.98609195651786474e-01
7.14327007593871022e-01
7.15469594605511072e-01
7.14355048447720242e-01
7.16260422378099948e-01
7.07175881071486545e-01
7.13811367326410040e-01
7.14247191131554882e-01
7.15207567888571205e-01
7.15643989104583045e-01
7.17505709730936192e-01
7.14991514170442932e-01
7.25674281090479822e-01
7.10175905253280226e-01
7.28291972188312764e-01
7.16015831905463140e-01
7.00219004438289550e-01
7.11568996340715465e-01
6.71802050200849488e-01
6.63621956947103020e-01
7.16310941655193045e-01
7.18579933140097049e-01
7.07253608591205563e-01
7.11727371212942717e-01
7.20170686398855842e-01
7.10109385376669455e-01
7.14623409725053671e-01
7.13517334839314676e-01
6.93077067515459944e-01
7.14839636684041713e-01
7.14615607889062865e-01
7.16101607652145922e-01
7.13802871250738380e-01
6.80091178514857009e-01
7.13826092654127664e-01
7.04130188778408939e-01
7.15453008953394476e-01
7.12465505919561704e-01
7.11175482101444323e-01
7.08098346143854029e-01
7.03810051442650741e-01
7.14050818072265781e-01
7.13428017893187216e-01
7.01989011124929951e-01
7.05607448414311333e-01
7.18371590180625463e-01
7.19208336625759670e-01
7.15019354445861732e-01
7.13503122640112841e-01
7.06079962736731237e-01
7.17135739117143123e-01
7.13633097559933649e-01
7.14709373519950231e-01
6.95810861115070511e-01
7.15177166351770754e-01
6.74532049980638870e-01
7.15200983138371660e-01
7.13810821341808732e-01
7.14874908538900122e-01
7.13932070917665307e-01
6.28173033892108101e-01
7.13713032869527697e-01
6.49106431011393203e-01
6.08742451680575059e-01
7.13924729902944644e-01
6.91903927776293726e-01
6.84553522118292679e-01
7.13629030657282892e-01
7.14012763952773022e-01
7.20593627147524951e-01
7.13377886762356916e-01
7.14159641647049592e-01
7.13834997174290331e-01
7.11428687815277128e-01
7.19694091682159143e-01
7.23485372338224186e-01
7.15490110362912546e-01
7.13849027843478590e-01
7.29306454935967241e-01
7.15116723247398389e-01
7.13067091645961271e-01
6.87381976699431463e-01
7.23703165015503025e-01
7.14217057747119299e-01
7.07130361203849200e-01
7.09447232543524264e-01
7.15795489396480411e-01
7.11357101571071238e-01
6.85919589518918627e-01
7.18421126201551741e-01
7.15159558407015616e-01
7.08087495271458645e-01
5.83932796520960418e-01
7.13011252193649692e-01
7.17308010911214322e-01
7.13626714468453827e-01
7.13169762167229049e-01
7.10170136837405042e-01
7.13549792892897328e-01
7.38356407436929318e-01
7.39611706151671267e-01
7.16459996836423030e-01
6.82875727808189836e-01
6.70348918301539420e-01
7.09212625133340047e-01
7.13905902232171763e-01
7.11766757602301681e-01
7.14754033473530170e-01
7.07860117368491859e-01
7.19241582655273048e-01
7.19283456365537144e-01
6.96151493579523772e-01
7.15296445879984755e-01
7.13221004705496653e-01
7.05483153621532910e-01
7.12661800169965498e-01
7.14119707275321591e-01
7.15489329804720575e-01
7.13866432264669948e-01
7.05511594980315904e-01
7.13835736827753697e-01
7.42859597000135263e-01
6.97944689575840438e-01
7.15007021275333110e-01
7.20567184840819830e-01
7.16781889408113049e-01
7.09591204088683258e-01
6.81766947975325333e-01
7.14561170063337303e-01
7.14145016307042857e-01
7.14570410088069652e-01
7.14128306265592538e-01
7.14269174635455473e-01
7.13772274023013575e-01
7.11655800031927299e-01
7.07534012711935723e-01
7.11163706463807777e-01
6.68310690343007052e-01
7.13595916059907021e-01
7.36590874144411600e-01
6.75912615990478360e-01
7.13838526379171556e-01
6.45496030683357924e-01
7.15448133673165287e-01
7.10023242029498403e-01
7.10732182647910160e-01
7.14507288014178621e-01
7.06598638851803185e-01
6.50874923141361861e-01
7.13662592182998101e-01
7.15025354224565923e-01
7.15142788414304120e-01
7.11653701142951456e-01
7.18699420870937189e-01
7.09973100611430374e-01
7.13103596302172460e-01
7.14009866564758844e-01
7.15089926157532418e-01
7.07625668303850985e-01
7.12767017668120673e-01
7.14952244484983845e-01
6.91610690569812281e-01
7.14228870434965302e-01
7.06778364576618134e-01
7.11209368469430725e-01
7.10771936258367654e-01
7.17028924000985057e-01
7.13273834108907212e-01
7.13589761072834228e-01
7.15274813003515808e-01
7.14854236486288208e-01
7.13037690870780394e-01
7.02856939721958285e-01
6.49026048255777255e-01
7.14768596885038465e-01
7.14103445964082151e-01
7.14514462132212258e-01
6.41480537635614523e-01
7.09319097668784093e-01
7.17567869019436033e-01
7.15514403802744448e-01
7.13151965071402882e-01
7.11921598862911731e-01
7.13480872020463841e-01
7.10927727316825520e-01
7.02713992536411536e-01
6.84498271000200997e-01
7.15125189880359557e-01
7.18980367336039206e-01
7.17197126268956708e-01
6.88241259289713914e-01
6.72655671869715643e-01
6.17085818035845279e-01
7.16268761742285043e-01
7.10955698600015729e-01
7.01294357608859276e-01
6.79039006769007414e-01
7.05545358090278962e-01
7.13323742678381945e-01
7.13464607237983883e-01
7.13592415078064035e-01
7.10169640333450203e-01
6.90108367344898777e-01
7.18954849631883941e-01
7.06735257499885638e-01
7.12384077551455386e-01
7.14647947637048864e-01
7.13524765344195067e-01
7.18401693498667560e-01
7.22556000511214935e-01
7.07024516877732601e-01
7.16213579567120617e-01
7.05035690466292997e-01
6.48018164335742108e-01
7.14733539899435555e-01
7.14190048489297125e-01
7.15239133995845378e-01
7.09609649224452577e-01
6.86154020375257301e-01
6.38446971977385647e-01
7.17415757769695905e-01
7.06672665852583370e-01
7.21237098062645243e-01
7.07056494712562489e-01
7.00506625750913603e-01
7.17108926148364190e-01
7.14468992789038748e-01
7.14226258561285188e-01
7.23211955834519249e-01
7.13707020769281275e-01
7.25128437582984731e-01
6.30089545808231177e-01
6.00320245824121024e-01
7.13857452421352456e-01
7.13229180459701295e-01
7.15328466338376989e-01
7.10539162917427802e-01
7.16145880206887520e-01
6.69906796305905328e-01
6.96280242881334721e-01
7.13798464124298593e-01
7.07629330647694288e-01
7.17365314109273733e-01
7.14945508631123938e-01
7.10647845309256732e-01
6.88721753314389673e-01
7.14735607045049792e-01
6.50969308539937730e-01
7.14328560478488250e-01
7.12229401180478394e-01
7.14514734669513984e-01
7.14042558281403839e-01
7.14523849400062860e-01
7.16340160541900639e-01
7.11507261399353719e-01
7.18078001584642522e-01
7.13709569454616943e-01
7.11760490889351227e-01
7.14384947404995363e-01
7.11693247966712739e-01
7.12740110930864423e-01
6.37947259143597956e-01
7.13738255973638602e-01
7.13816977835765587e-01
7.13784762329765843e-01
7.14538083149138137e-01
7.05857021690133535e-01
6.62939534887386661e-01
7.12431155043310116e-01
7.15403977736333019e-01
7.15642229659916418e-01
7.17151678847164020e-01
6.35981651006961912e-01
7.38846883084021910e-01
7.14840700510289029e-01
7.14206578103117384e-01
7.14164047502815591e-01
7.15599489448426551e-01
7.08654620494515219e-01
7.15004907800928513e-01
7.15907686171148638e-01
7.15554992926331734e-01
7.13169652947536648e-01
7.10938526163224060e-01
6.79263520829028855e-01
6.73408557838895305e-01
7.13715285997815529e-01
6.34294276282366010e-01
7.16530132396038022e-01
7.14022863660789264e-01
7.29418598895305581e-01
7.01869082439604663e-01
7.05936864861106517e-01
7.13421760249101422e-01
7.13348609010798662e-01
7.15800242672410825e-01
7.13795155568816453e-01
7.14868833096735767e-01
7.13037385731648321e-01
7.11214426877772143e-01
7.13880070658308941e-01
7.13213903295911278e-01
7.04873846202313192e-01
7.16417517140935045e-01
7.18146041124497536e-01
7.13244167264306395e-01
6.11282111750256818e-01
7.14216708609611284e-01
6.65436537723158472e-01
7.13143228902896276e-01
6.61531636164422010e-01
7.08926838441194973e-01
7.13192121107518173e-01
7.17504885989723840e-01
7.13327293543514984e-01
6.68705922926294272e-01
7.16756182933178110e-01
7.15731752561875267e-01
7.07591777051646331e-01
6.54722221829098117e-01
7.13840421637293887e-01
7.27934153880761547e-01
6.86947289826911223e-01
7.13912451125351510e-01
7.14134619775132151e-01
6.24097540112540816e-01
7.17483173571884958e-01
6.04464681867594056e-01
7.13719145826901880e-01
7.13555646213306249e-01
7.07121102502189181e-01
7.13822064773040776e-01
7.11420279364171071e-01
7.16212942276939990e-01
7.13911325465688473e-01
7.16775584596168192e-01
7.12977511897252447e-01
7.12054233984553142e-01
7.12568922547975436e-01
7.10321594528643963e-01
7.14065517166528774e-01
7.14123284816137738e-01
6.47120034880801054e-01
7.13895143962750112e-01
7.13820307840740909e-01
7.38799856275757061e-01
7.18640665607296447e-01
7.07970592087495798e-01
7.14910597290731586e-01
6.99980703362990009e-01
7.11939866485430506e-01
7.14634639766719926e-01
7.14437859356360061e-01
7.15400484774200041e-01
7.13491480639427023e-01
6.88583128905561392e-01
6.86459800830196865e-01
7.13051201339032770e-01
6.99828347958899366e-01
7.07681964573956157e-01
7.15011601306541400e-01
7.14929093336516774e-01
7.13839841615939052e-01
7.11033428353793240e-01
7.11551071522324552e-01
7.12646621007825609e-01
7.08258982830864636e-01
7.16367657244754819e-01
7.13562711252070492e-01
7.05970570530248476e-01
6.48059774859059079e-01
7.04094746267261873e-01
7.08437522902089056e-01
6.56262859903475659e-01
7.09880687034860403e-01
7.14675184707541766e-01
7.19056757095033250e-01
7.14140501328666910e-01
6.56444351084279232e-01
7.13740985317981247e-01
6.50560119321408448e-01
7.05836083826563487e-01
7.14916019784297196e-01
7.13219619988577636e-01
7.14053646251280316e-01
7.02834181488332210e-01
6.91907546103857407e-01
7.11731281461410403e-01
7.14887401295831393e-01
7.13893803229208590e-01
7.13556745408800763e-01
7.03832201119292122e-01
7.13772028040563278e-01
7.13162652944480668e-01
6.92689966602520246e-01
7.29382421950122706e-01
7.14573195212930279e-01
7.15131397442799854e-01
7.14429910578226912e-01
7.10665578721048297e-01
7.23554920723732620e-01
7.13657110401460959e-01
7.38254608844381432e-01
7.15067828901309155e-01
7.12416031432039021e-01
7.14520753132345976e-01
7.15012963880443553e-01
7.05314684762357369e-01
7.15804862403419673e-01
7.17234711185503748e-01
7.15239226247743276e-01
7.16270864729845247e-01
7.12571118301540185e-01
7.17489449865950868e-01
7.10729692331158680e-01
7.12377771476941923e-01
7.14168864688519367e-01
7.18043603229405192e-01
7.12539103946224772e-01
7.09478241077276528e-01
7.15519150485662725e-01
7.14435554260767769e-01
6.89233727015121422e-01
7.32942335343567342e-01
6.90530348990269882e-01
7.12617663898319709e-01
7.10438182472396984e-01
7.06378084815843632e-01
7.14104390194534200e-01
7.18861544314266965e-01
7.07908986139315632e-01
7.13998282045319566e-01
7.15550902594938365e-01
7.13305284169668874e-01
7.00233948294281539e-01
7.05651448997673958e-01
7.07374992756561127e-01
7.13023265850484034e-01
6.46862010370799045e-01
7.12977799161373271e-01
7.11206526950857287e-01
7.13727396233860722e-01
7.18198648311860199e-01
7.13587821148338852e-01
6.45121341207812282e-01
7.11881096747080777e-01
7.17046995152604061e-01
7.14920240469810842e-01
7.00226169258829301e-01
7.14152314284712708e-01
6.93614905571389939e-01
7.10423106162829332e-01
7.14977045960217494e-01
7.16238289787189397e-01
7.06578301348079529e-01
7.15111944598823657e-01
7.07200345058890734e-01
7.13375713077231466e-01
7.13773567804289577e-01
7.17397026500930735e-01
7.12371043583248542e-01
7.13952146387708209e-01
7.10424116121964211e-01
7.11025301080734695e-01
7.11506283494932390e-01
7.13930627860451028e-01
7.04499491017474333e-01
7.14647740890631100e-01
7.11750704906486287e-01
7.15043986866251480e-01
7.06103997884357404e-01
7.13370973452422730e-01
7.13842224954204574e-01
7.14488393887770412e-01
7.01963838162205533e-01
7.14825245583420310e-01
7.18786318899024335e-01
7.27223152713196819e-01
7.07212623321198053e-01
7.07857091783827497e-01
7.14943604778674024e-01
7.17973400910501769e-01
6.69461547775355492e-01
7.08275915027430703e-01
7.11369348415034852e-01
7.14521077164914753e-01
7.14912034616743908e-01
7.17928307266160637e-01
7.12832666921375036e-01
7.13908483043461217e-01
7.15112108015055203e-01
7.11720409414780320e-01
7.17261803064887071e-01
6.91540072404935091e-01
6.64607455796489943e-01
7.12205409198003792e-01
7.32920802950554062e-01
7.14046905365455564e-01
7.16065078493180018e-01
7.12620972988051715e-01
7.05312579759181379e-01
7.11575453034495764e-01
7.15115881451777957e-01
7.17093696311930318e-01
7.14880910899406197e-01
7.15159104406093094e-01
6.63130827819392588e-01
7.06230206071078448e-01
7.14919769115124559e-01
7.13873413384642386e-01
6.86455093707370123e-01
7.03312744418054359e-01
7.02916862821408195e-01
7.14305564246868085e-01
7.13728505247205103e-01
7.35298609443616469e-01
7.17294489590953877e-01
7.14180852314506565e-01
6.29455068908924886e-01
7.18802605349201151e-01
7.13867180726434070e-01
7.14024974383246414e-01
7.15209754304979572e-01
7.22807452601145206e-01
7.10303584509667907e-01
7.14451823249756646e-01
7.07508357679927147e-01
7.14715770248902427e-01
7.14178356840174833e-01
7.13645209654844237e-01
6.93087127238180223e-01
7.15961980883727978e-01
7.14071752982244234e-01
6.60519257172839214e-01
7.12090681328881425e-01
7.13267082238449146e-01
6.84782391087323972e-01
7.37417074769137093e-01
7.15755128611864633e-01
7.07964217693371700e-01
7.13465968554057084e-01
7.12251652406562963e-01
7.24044770202972532e-01
6.57819411417406852e-01
7.10898457004609075e-01
7.11564847331373707e-01
7.15332357305786037e-01
7.15844506159134863e-01
7.13153641552201623e-01
6.54624037347582344e-01
6.43098139300206428e-01
7.19613283476179033e-01
7.14617944069501188e-01
7.08461499992424359e-01
7.12117473202117379e-01
7.05431008969225948e-01
7.11485134863307445e-01
7.13868844850890638e-01
6.93797190812882159e-01
6.81688933636799499e-01
7.16223908508645590e-01
7.13788425358002354e-01
7.14572033773471116e-01
7.12079666089301511e-01
7.06000688392529052e-01
7.15229025275136765e-01
6.70964122099478755e-01
7.14906778693760070e-01
7.13385906287399174e-01
6.05226408786653347e-01
7.14958489777952511e-01
7.12755911554735166e-01
7.17829626881006155e-01
6.92153866475229917e-01
7.24431624227064530e-01
7.14612687267566105e-01
7.14385738472210319e-01
7.11784372928616071e-01
7.17365756432135071e-01
7.13762816744732298e-01
7.32568258848290577e-01
6.37907539843261318e-01
7.13021339199641724e-01
7.13852177731632898e-01
7.20059356087711766e-01
7.07426556490396541e-01
7.16841907671990297e-01
7.14681193605257281e-01
6.80523560473495492e-01
7.13158522159148878e-01
7.14341737459646464e-01
6.80903984655170547e-01
7.14064583235708095e-01
7.13883283406265501e-01
6.44898613191287384e-01
6.88495047387982395e-01
7.15685319654297714e-01
7.14008838999507289e-01
6.91480523783938428e-01
7.12384238030292161e-01
7.12604017495486519e-01
7.13973059144164868e-01
7.15161307045171890e-01
7.09875204594859865e-01
7.05257542803083060e-01
7.31442714592769772e-01
6.99838957063697253e-01
7.00687397259204370e-01
7.20549095025869946e-01
7.13182006499428645e-01
7.24750346845530524e-01
7.13495221044950556e-01
7.08614741532801129e-01
7.14494716386568807e-01
7.05057302532942409e-01
6.32195466319443677e-01
7.12417625882358574e-01
7.14289043325010753e-01
7.07305685932340111e-01
7.18600090263055047e-01
7.16744877917316670e-01
7.13879917626683125e-01
6.97093393065777223e-01
7.14780195157919795e-01
7.12719513091950474e-01
6.89524686419660582e-01
7.10587376459666298e-01
7.18845714120920798e-01
7.12518303997787927e-01
7.14843137388582295e-01
7.12938075842401431e-01
7.01577372406688049e-01
7.01387901394696422e-01
7.08365891122616609e-01
7.15251341036327148e-01
6.97046420786324283e-01
7.26955965685911254e-01
7.42605198144326573e-01
7.15634262666043020e-01
7.04921267671394403e-01
6.99435146015976561e-01
7.12994232986086329e-01
7.13828611098888288e-01
7.17057415282453703e-01
7.02687231857211159e-01
7.18526471818564660e-01
7.21702621553320434e-01
7.12829647918131637e-01
7.17027003031141863e-01
7.14937985610546556e-01
7.17493138114927209e-01
7.11415142307651793e-01
6.91416712728386673e-01
7.13492089219898928e-01
7.24776599983879666e-01
6.70917099588007604e-01
7.14728725042903856e-01
7.13553633792931352e-01
6.84689799650158748e-01
7.13854141971185796e-01
6.20274097921903800e-01
7.08483916785225154e-01
7.19306722312810787e-01
6.01509280482684816e-01
7.09129069769395937e-01
7.16468648661553242e-01
7.16724319089521500e-01
7.10947637030956314e-01
6.51448284909516118e-01
7.11776453389695196e-01
7.14063062350304700e-01
7.16436810701080118e-01
7.03360324741559295e-01
7.07403941863910979e-01
7.14674382428232779e-01
7.12510391462687132e-01
7.14149913204103259e-01
7.13940946969744306e-01
7.17481957707684082e-01
7.12454193939382807e-01
7.07789531606344613e-01
6.69909020457377102e-01
7.29610583395227996e-01
7.41207075564956575e-01
7.13857443993046070e-01
7.18232860789823735e-01
7.01532330420078787e-01
7.13835803432381177e-01
7.15824496589296810e-01
7.15644269013892331e-01
7.14856533518087089e-01
7.04451153037969124e-01
7.07078479618661215e-01
7.09759183203323429e-01
7.15921669163533503e-01
7.08235840261595917e-01
7.12718677420966951e-01
6.92880667449631060e-01
7.12128592957692597e-01
7.14386389725668258e-01
6.65936163741843168e-01
7.14620185781801975e-01
7.18434849282019061e-01
7.13055146014652697e-01
7.13030994016796038e-01
7.13656584822777273e-01
7.17119709485139367e-01
7.05567591831894325e-01
7.26153883829968261e-01
7.13414328440591272e-01
7.03391111208078512e-01
7.14697122555657205e-01
6.52878079414380474e-01
7.15663251361689512e-01
7.13409113610083967e-01
7.09001047257055150e-01
7.14206275260477863e-01
7.18226089208773288e-01
7.07832283433163068e-01
7.12234848296600664e-01
7.14969781443961838e-01
7.03118856125867220e-01
7.18542834982008771e-01
7.12911716508237148e-01
7.14769415390121621e-01
6.52532234652788534e-01
7.08735768045711589e-01
7.11111369557841155e-01
7.13848444265308690e-01
7.13787837607847919e-01
7.16927387026854546e-01
7.15494330680578328e-01
7.13910477519992814e-01
6.52762359137791903e-01
7.12457578566587091e-01
7.17570272563911371e-01
7.17667485718393117e-01
6.83325066936772751e-01
7.05328431981524062e-01
7.09842122404976794e-01
7.14459300970611388e-01
7.15447516369568826e-01
6.11794843306025182e-01
7.13995012099780446e-01
7.34693008861355912e-01
7.18050385555144222e-01
7.10744047076223739e-01
7.07277015467321135e-01
7.17848653402065717e-01
7.10731361753768609e-01
7.07740190973152106e-01
7.14665104775971671e-01
7.07886670194611711e-01
7.04084071928360422e-01
7.17200567186093152e-01
6.97404590951357650e-01
7.13846984835394327e-01
7.13533616724510877e-01
7.10283237979224769e-01
7.16934067589919510e-01
7.13782910484858424e-01
6.72590849688440517e-01
7.17759939957772208e-01
7.14464632310609637e-01
6.87009465338605185e-01
7.14229679780457261e-01
7.12465309922728718e-01
7.17760159582133350e-01
7.14221617059172864e-01
7.15310746034737543e-01
7.16119075305074460e-01
7.13473319691029007e-01
7.13680308714776279e-01
7.17071424123627454e-01
7.06076592727528540e-01
7.14880939265351567e-01
7.16463457155484984e-01
6.30059569108789241e-01
7.07291799752718386e-01
7.19407503239005486e-01
7.12146327544400104e-01
7.27977898510051680e-01
7.16599505154433603e-01
7.07792998719427358e-01
6.95960386049144897e-01
7.14467707631351145e-01
6.94332100806880681e-01
7.14269339381031432e-01
7.10734805899830402e-01
7.13828423839148352e-01
7.13308861917718140e-01
7.09981244638778430e-01
6.62243402292747363e-01
7.42481980032250855e-01
7.19420660263336287e-01
7.13974851035530378e-01
7.14057961681503262e-01
7.13345259304560719e-01
7.13831596212627040e-01
7.15269884625721608e-01
7.30396893328078556e-01
7.13467176968440309e-01
7.15673953096018223e-01
7.13582541449601204e-01
6.99455756787178640e-01
7.06116130734693259e-01
7.11447231236589039e-01
7.14738340467252709e-01
7.13869543433426901e-01
6.95260589638894921e-01
7.13878600899981008e-01
7.15253028553519687e-01
7.14297074161657219e-01
6.04532499331022155e-01
6.67331392721956962e-01
7.13662644565451698e-01
7.08049747846508870e-01
7.13962108668268480e-01
7.09298695812531577e-01
7.15246070370651910e-01
7.30848037228616465e-01
6.90796699300610495e-01
6.26186253545450988e-01
6.86595246430452444e-01
7.07370702343682267e-01
7.24327371341725867e-01
7.09114459402504727e-01
7.21419170941129506e-01
6.56931008663128480e-01
7.12157520917893416e-01
7.08072806949222588e-01
6.89265399335018070e-01
7.04796875975438719e-01
7.17263014616320693e-01
7.12942888340352243e-01
7.12248784777752886e-01
7.04950591438980201e-01
6.71144185832109108e-01
7.16602613276854927e-01
7.14851128471216457e-01
6.97875132448825597e-01
7.13327325419670033e-01
7.13941251695867973e-01
7.18853397095289171e-01
7.12836720476572760e-01
7.22426001116954208e-01
7.37973999358611965e-01
7.15124773987142692e-01
7.15956215259658690e-01
7.13609125201074446e-01
7.14359776824515236e-01
7.12301912744185750e-01
7.19639792232845799e-01
7.14929566480699719e-01
6.47570120279647554e-01
7.17395873547205576e-01
7.10639117007199395e-01
7.18026701881795071e-01
7.00264832528366132e-01
6.77403669953323795e-01
7.05728941811161525e-01
7.13577347324176769e-01
7.14325070766963388e-01
7.25430227459666011e-01
7.22361934846387110e-01
7.14354383802670356e-01
6.84709707513598165e-01
7.13386724767518965e-01
7.16332468329296868e-01
7.05172563506481942e-01
7.13922170428861858e-01
7.14210706725623035e-01
7.11526305809170534e-01
7.12572715310155202e-01
7.16447270795715463e-01
7.13828511749184935e-01
7.14241210489204081e-01
7.08264351521412094e-01
7.12770830508054343e-01
7.12796321697440116e-01
7.13904256771686785e-01
7.14355736738169544e-01
7.12671314988108429e-01
7.15944308958048281e-01
7.19079897781634503e-01
7.07029645574338228e-01
7.14912586892838653e-01
7.06433119564281342e-01
7.15275650625388559e-01
7.18299719852164009e-01
7.13293924215741892e-01
7.09386241733553802e-01
7.37317615920098923e-01
7.15079303059284133e-01
7.13903552827369725e-01
7.10494780324800734e-01
6.82957828866186722e-01
7.10710100620405405e-01
7.09673576828004138e-01
7.13887226032887123e-01
7.10675029447208506e-01
6.56810679133875253e-01
7.14290479975322357e-01
7.13805197949682890e-01
7.14578123415534838e-01
6.79448394415048118e-01
7.18321645115347129e-01
7.19591613678092656e-01
6.51598627302359290e-01
6.11835654489473857e-01
7.09087563600573234e-01
7.17186300477503424e-01
7.14885586254931926e-01
7.13888614747745898e-01
7.16678222889352234e-01
7.09990959007577471e-01
7.13828134360900535e-01
7.04906194728639690e-01
7.21390509845255212e-01
7.06323622754380653e-01
7.14844753592631998e-01
7.02149896630987258e-01
6.65114016455791823e-01
6.55850357171976373e-01
7.12681774359339770e-01
6.35130070535533608e-01
6.60969694195147839e-01
7.08693719135301659e-01
7.12230643872750036e-01
7.04662337952919327e-01
6.00985385077544287e-01
7.06750697082103474e-01
7.09558934748256820e-01
7.37113245777044623e-01
7.08878624195258267e-01
6.91827239338964839e-01
6.60264500938377519e-01
7.00199803248687025e-01
7.14351275705874200e-01
7.03372383284542990e-01
7.14298528452663395e-01
7.13858229234660580e-01
7.13641836914661765e-01
7.14876483812057262e-01
7.40864924113413092e-01
7.12597963438886151e-01
6.86351103686711705e-01
6.56290719961405311e-01
7.14039798596506015e-01
6.35752639111399453e-01
7.15176790037957200e-01
7.02857995252483048e-01
7.12965936684076040e-01
7.28967651606342248e-01
7.27356810243338314e-01
6.97574810551025659e-01
7.14143973431926482e-01
7.12089240099425980e-01
7.18191036973985342e-01
7.09400211727383545e-01
6.91318105799492710e-01
7.10594107373136330e-01
7.13870254912070901e-01
7.14167840416681243e-01
7.14774905881310429e-01
7.13839585393581721e-01
7.13673275172657884e-01
7.16889521627662507e-01
7.08925754730229563e-01
6.50214281817002471e-01
7.28888290223954294e-01
7.16449593582443311e-01
7.13946526378745783e-01
7.13133962119774867e-01
7.14492499963421346e-01
7.14146393997015516e-01
7.14687034576844904e-01
7.14464997008429470e-01
7.14117924699989914e-01
7.14026344238497979e-01
7.14600720315772042e-01
7.13850610403372277e-01
6.99444179924129994e-01
6.60943566257879866e-01
7.17862268302612572e-01
6.55432704193291027e-01
7.13128326847832894e-01
7.12233668854129531e-01
7.13868921897593434e-01
7.14502198779841557e-01
7.18059459420561708e-01
6.83223033412797665e-01
7.15987619855670165e-01
7.32722244650408472e-01
7.13914676759741962e-01
7.05328642405509298e-01
7.15379160700102101e-01
7.11895990127965783e-01
7.16360903633461610e-01
7.13928933336841820e-01
7.13807052395999064e-01
7.03588775195296501e-01
6.33436533156893966e-01
7.05934598405246638e-01
7.04879950156977020e-01
7.02206152429126873e-01
7.14676757067134960e-01
7.14786653291274776e-01
7.15914733527094338e-01
7.11748501611115469e-01
7.21506029258016879e-01
7.14765082693089693e-01
7.13919703872029743e-01
6.28514047966803546e-01
7.14017336694951044e-01
7.13795830883212523e-01
7.04859273544546472e-01
5.94999360134213617e-01
7.10397096110595094e-01
7.16308554931014085e-01
7.13430421461273334e-01
7.14709745627852167e-01
7.00755446210514554e-01
7.14689995413225865e-01
7.15303395996616742e-01
7.09407313954914076e-01
6.90518569408500649e-01
7.15526185163872230e-01
7.13604896887391371e-01
7.39002354819011775e-01
7.18476061099993957e-01
7.16680762782002545e-01
7.17543022421439636e-01
7.20513951937789443e-01
7.20895983175736887e-01
7.18838577277699176e-01
7.13445440405667708e-01
7.15375686411819145e-01
7.14960921575841568e-01
7.14593147720165578e-01
6.44654438957423137e-01
7.08629576402324490e-01
7.13808125980574526e-01
7.13620998097460935e-01
6.72912759642630198e-01
7.07340367688902849e-01
7.13817354525555836e-01
7.14616013568482367e-01
7.14221264044440307e-01
7.14477650226697292e-01
7.14296064204985259e-01
7.13929466275298741e-01
7.04774194920462782e-01
7.00696441026008365e-01
6.97212329606532344e-01
7.11935367513899187e-01
7.14166193038354491e-01
5.88660259210043058e-01
7.13845133101132512e-01
7.15013625878257342e-01
7.11829623214494278e-01
6.84543008170544143e-01
7.17054588924164960e-01
7.19539041507550436e-01
7.12664277246262912e-01
6.55598252203101750e-01
7.13280255800611829e-01
7.09415385134445242e-01
7.16088589537408948e-01
6.49621705229887825e-01
7.34389431441353491e-01
6.99938981037308783e-01
7.05724618522423408e-01
7.11536391308269622e-01
7.15145942720320948e-01
7.14451175037086550e-01
7.14931698500264168e-01
6.09830997846138256e-01
6.83685973454610574e-01
7.08471397039735384e-01
7.17951117364005631e-01
7.12672640591327178e-01
7.12378362363383921e-01
7.15520335289930975e-01
7.16241578893739628e-01
7.13219359881063997e-01
6.84685160427203732e-01
7.16311013097159943e-01
6.94608231941236665e-01
7.14687593101274166e-01
6.06069163852076542e-01
7.14744097962104585e-01
7.10288719440591243e-01
7.12968316112683631e-01
7.14895329820708136e-01
7.14485507689092914e-01
7.13788286920574500e-01
7.17822510101618128e-01
6.72887738544193925e-01
7.08717951090875764e-01
7.14618044513822603e-01
7.13327719760474710e-01
7.13839177514132284e-01
6.25327640061138945e-01
7.36435019826174098e-01
7.11770979603762899e-01
7.15480875358179058e-01
7.11100624467964848e-01
7.16909864420994358e-01
7.13844524096897470e-01
7.07227114350975294e-01
7.12351566232332090e-01
7.12963707838672689e-01
7.10471252981732415e-01
7.14522646076795276e-01
7.19884208249542357e-01
7.13045619355035409e-01
7.16210093421812188e-01
7.19404974107482720e-01
7.12522783863799525e-01
7.13108846680353681e-01
7.12754308846893503e-01
7.14362442934913133e-01
7.39829455696205174e-01
7.14160335227554843e-01
7.14040989398711301e-01
7.20848359704666874e-01
7.09281825379825759e-01
7.01269649014273577e-01
7.13218655952576608e-01
7.35936619396562075e-01
7.13471338726128890e-01
7.13831994538624004e-01
7.16968574903759759e-01
6.54416945931118099e-01
6.98122596704007892e-01
7.13866374076090215e-01
7.13894621106151539e-01
6.58046520812928581e-01
7.12062637257862785e-01
7.11973480805599634e-01
7.10871322363150537e-01
6.46488241140175890e-01
7.11200255956026761e-01
7.08074214457528606e-01
7.18830629999700377e-01
7.14016746167946414e-01
6.91971958898243034e-01
7.13292018038287789e-01
7.24898127321514152e-01
7.19513827739754031e-01
6.58114735378076743e-01
6.49797437309175940e-01
6.09489636422573366e-01
6.50928363541245392e-01
7.00400703377658806e-01
7.24937609161329877e-01
6.79936977360003025e-01
6.82791230605548027e-01
7.13984312877410043e-01
7.13472386486994181e-01
7.32614847059694152e-01
7.12302555286044470e-01
6.78652941093536688e-01
6.68195620620715469e-01
7.14434002772205701e-01
7.13764527031914620e-01
7.13703014593465968e-01
7.15516639022693690e-01
7.16303849254825820e-01
7.14024779823759115e-01
7.09439115486358740e-01
6.96862850160041680e-01
7.12482271793780986e-01
7.01805107038325993e-01
7.13049414597474951e-01
7.14899882455794056e-01
7.12823724661517888e-01
7.14976678770323337e-01
6.77883745993749787e-01
7.14321947975067650e-01
7.14099086624283119e-01
7.13502379691938637e-01
7.05010210921586777e-01
7.16163004369116618e-01
7.10407361147601057e-01
7.07449465566773017e-01
7.19268788228258238e-01
7.44019480827514679e-01
7.13992327664040860e-01
7.14412582779234584e-01
7.13812557872551268e-01
7.14041504777114144e-01
7.13984148073914415e-01
7.18615017180664117e-01
6.78005724744002225e-01
7.18673775572282625e-01
7.15613997051250061e-01
7.13496385269641986e-01
7.15374994625030403e-01
7.13867559638880045e-01
7.13854098928167202e-01
7.13698678893014082e-01
7.06286581615831799e-01
7.13668135830914596e-01
7.13652132129436123e-01
6.45172563644625163e-01
7.15061367393350800e-01
7.19495805673798450e-01
7.14474688531573254e-01
7.14774083338956867e-01
7.14763776098167103e-01
7.02364525573383913e-01
7.14422502401928283e-01
6.39123528156973930e-01
7.15418417756618852e-01
7.12543479019596027e-01
6.52554753750245853e-01
7.14693861757027094e-01
7.15828694979099622e-01
7.13047917175688717e-01
7.14065129104758389e-01
7.14938289875322597e-01
7.16118547084322765e-01
7.13899426112304725e-01
7.14455255927994304e-01
7.12134492989744738e-01
7.14057358723898417e-01
6.83751804955543996e-01
7.18999180049345710e-01
7.13302828265938049e-01
7.10347211774982390e-01
7.13830421444275998e-01
6.65139276381979783e-01
6.76428195839776092e-01
7.16108099309661017e-01
7.18274571215129831e-01
7.09806114599369709e-01
7.15005232211381236e-01
7.13835535383506969e-01
6.97613163376981871e-01
6.82858744515045468e-01
7.14673071715564379e-01
7.14031508511225432e-01
7.30924223549742957e-01
7.08834788169448893e-01
7.15300566026580320e-01
7.19922838522136344e-01
7.13912676635027110e-01
7.16670888709596166e-01
6.82780101967480180e-01
7.14102859828626868e-01
7.06877638728952262e-01
7.14655124830982591e-01
7.13233376386146145e-01
6.71660385835007978e-01
7.08655624728450673e-01
7.01949708130346628e-01
7.14959614563154489e-01
7.14966178512683070e-01
7.14303655767745127e-01
7.13579569809407621e-01
7.14408397871603928e-01
7.17644884778198544e-01
7.14665050808570235e-01
7.14912619347961464e-01
6.97661438438797021e-01
7.13063827106457326e-01
7.13868609747210892e-01
6.82484257292649832e-01
7.13887236055854468e-01
7.16962569398550076e-01
6.63677663712631150e-01
7.13337984780856971e-01
7.19204277702287453e-01
7.14593386821788745e-01
7.14493226474339771e-01
6.99362221123389527e-01
7.13427679825565986e-01
7.12606447487225458e-01
7.14962147616351129e-01
6.65802616143370551e-01
7.19229666906113563e-01
7.19169476838985688e-01
7.14413170514219709e-01
7.14458948533042260e-01
7.08320813180190689e-01
7.14635408576612230e-01
7.13568749829297078e-01
7.13972367238902783e-01
7.24435266460159766e-01
7.06305258855328355e-01
7.13791088799346940e-01
7.16029708261097020e-01
7.10401859132484437e-01
7.08569041226533192e-01
7.13331784860161466e-01
7.15101040633453922e-01
7.14166133363305700e-01
7.14522441566422528e-01
7.15607103301640790e-01
7.41250346135316707e-01
7.14081601490895390e-01
6.47900682877939005e-01
7.05803992381879408e-01
7.12558536011433374e-01
7.06113868818739499e-01
7.12816352872009618e-01
7.18541732148957224e-01
7.01821383839450474e-01
7.33638785670577165e-01
7.17709659465152527e-01
7.10008726428408954e-01
7.10057463282552592e-01
7.19346179386706419e-01
7.23620656233354587e-01
6.82704067360827449e-01
6.52641152175356010e-01
6.47811245766290122e-01
7.11161889759335586e-01
7.10661988443055392e-01
6.89364452326954757e-01
7.14817749527429491e-01
7.18867503830049714e-01
7.15873588654080240e-01
7.13671891396482461e-01
7.17250849903361298e-01
6.94253133179174031e-01
6.88400744584224955e-01
6.12853892985584014e-01
7.13560386114033607e-01
7.13098437297931875e-01
7.05533981621547457e-01
7.10283742692669806e-01
7.17717239161371645e-01
7.09745296873173337e-01
7.17575102610398363e-01
7.11741631789605811e-01
7.14149190788980093e-01
7.21929073756143458e-01
6.77445178503931045e-01
7.15377909002033907e-01
7.12798032288816885e-01
7.13844366527621954e-01
7.01560168883881730e-01
7.14513293579681630e-01
7.13757738001579822e-01
7.05469391218590425e-01
7.13937219715360838e-01
7.13709428729071060e-01
7.13931096401910881e-01
6.80601550561224844e-01
6.92611971951737959e-01
7.16067961333969882e-01
7.13637540810014848e-01
7.08774863311249059e-01
7.22256840036904935e-01
7.13200906193103057e-01
6.95919098427779326e-01
7.15228746227941303e-01
7.14913722890522574e-01
7.33985547623442591e-01
7.12472459486532705e-01
6.31819252937920739e-01
7.12900596683543775e-01
7.03237284970432031e-01
7.12184619898595606e-01
6.13274920025104642e-01
7.03304709464968036e-01
7.14861654765031385e-01
7.27192028869782958e-01
7.13734641079989629e-01
7.14947839071790159e-01
7.14352795429238907e-01
6.00797380895339961e-01
7.15055462396464114e-01
7.16536277440832592e-01
7.31277562943197568e-01
7.13877242900508135e-01
7.16179986887484854e-01
6.95822998502049095e-01
7.15274219372235343e-01
7.17217430147777502e-01
7.13508200983160035e-01
7.14171207795147756e-01
7.13839750139759643e-01
7.10175959272171586e-01
7.13881406373171767e-01
7.15229381779410645e-01
7.41367513992732707e-01
6.61297608786490465e-01
7.41016539512995398e-01
6.13131429005321360e-01
7.18906408342251058e-01
7.12909631329662230e-01
7.13528261987549151e-01
7.14398339709371610e-01
7.13925714022110802e-01
7.28559872806996300e-01
7.14884125682897276e-01
7.13807651540821597e-01
7.30995548704039710e-01
7.14095208757891342e-01
7.17632595029965903e-01
7.14116694123290485e-01
7.13828331306324726e-01
7.13140942721025239e-01
7.19478847367177599e-01
6.79571371123083856e-01
6.83491758978559183e-01
7.14202628426604091e-01
6.32793992957248586e-01
6.34131809849192707e-01
6.90345576128657434e-01
7.10974540367903418e-01
7.13910532781973917e-01
7.13863828280336898e-01
7.13131895797542881e-01
7.13129757758543481e-01
7.25757650005148691e-01
6.82453775418012332e-01
7.09935323277718910e-01
6.78752849405981795e-01
7.15127208893758914e-01
7.07779396650928261e-01
7.10288058722021387e-01
7.13847462083312956e-01
7.13429549648133876e-01
7.15562443099324930e-01
7.11550588731341027e-01
7.13252391126282470e-01
7.16593231956406118e-01
7.15048837091223133e-01
7.13683799686566367e-01
6.91266366204400962e-01
6.15770989813011593e-01
7.15207628982874377e-01
7.37133477200733633e-01
7.14738894309138062e-01
7.13851041087666505e-01
7.13409603358490241e-01
7.17218017563839516e-01
7.08927571394873945e-01
7.14328354810715660e-01
7.03336398833654952e-01
7.22225751988185394e-01
7.35609472909092621e-01
7.11390120695153727e-01
7.39756637024328145e-01
6.82859997950890807e-01
6.95920456233902973e-01
6.96598167680324898e-01
7.16845616486881165e-01
7.15349386300148438e-01
7.14403518838727880e-01
7.13945605636076452e-01
7.13851149525803974e-01
6.87148368894991091e-01
7.15242530445963420e-01
7.15429653399327181e-01
7.14499996192311415e-01
6.32696547869005421e-01
7.13755518854015114e-01
7.28177313821643524e-01
7.16212386321075534e-01
7.16224274088839041e-01
7.07872839658161612e-01
7.19353429483277740e-01
6.54913820477790787e-01
7.13552575902993369e-01
7.18319168128663477e-01
7.15400230256840741e-01
7.38372733942418980e-01
7.14590456386443140e-01
7.10894805290995579e-01
7.40853600833140447e-01
7.15887565564720441e-01
7.13938829511509776e-01
7.13222714492339316e-01
7.11218944069112124e-01
7.13924363824594455e-01
6.77291653979055108e-01
7.13557887192134976e-01
6.29467860010080482e-01
7.13499094540806178e-01
6.98106445171443268e-01
7.02341046532413915e-01
7.35117164037747184e-01
6.80908232416905013e-01
7.28748916600333585e-01
7.18182626748877007e-01
7.15935572929956909e-01
6.76951612274898418e-01
7.12597201725034157e-01
7.14164967206737500e-01
7.23429861434776389e-01
7.16105831192138775e-01
6.98112766924890660e-01
7.29114393619640144e-01
7.13069336009670374e-01
7.17882485190017294e-01
6.38961926920889489e-01
7.18558978489581390e-01
7.15738041272894421e-01
7.17618506137897572e-01
7.13597919360897892e-01
7.16625039251341023e-01
7.08240861243036535e-01
7.13712446184804228e-01
7.05374316281503488e-01
6.60849598937161664e-01
7.10850204499028027e-01
7.13514214168058714e-01
7.27152232818047306e-01
7.21052179574785512e-01
7.10356798087574681e-01
7.13717256075550144e-01
7.12460674046263120e-01
7.07925561605339149e-01
7.20309142526426416e-01
7.12566408584346833e-01
6.93055117253928099e-01
7.16698902130974536e-01
7.15795066424120163e-01
7.15369280304588240e-01
7.16236443261593192e-01
7.16041960493534857e-01
6.20665277865903420e-01
7.03727892038045644e-01
7.13798843856558451e-01
6.90120893539914904e-01
7.14980458242513217e-01
7.15158136931254074e-01
7.21683437966923136e-01
6.90106401256579516e-01
6.34762393875967668e-01
7.11178806284799236e-01
7.14118686409140890e-01
7.13116705693386144e-01
7.14273688534060369e-01
7.05929097311131293e-01
7.15829122629274894e-01
7.21876217697104194e-01
7.12915546880824480e-01
7.15898800873321139e-01
6.99578707203097006e-01
7.15186673892579172e-01
7.13518940398265022e-01
7.25284307772916637e-01
7.15582076119885668e-01
7.15170466394885684e-01
6.86153236301073277e-01
7.14529433839903194e-01
7.16668828783795564e-01
7.03601795256794005e-01
7.13916623938405159e-01
6.86873295025786201e-01
7.13189523071086517e-01
6.97371796224311891e-01
7.36758066751307505e-01
7.43907011889487713e-01
7.13942075915743102e-01
7.40746951892458649e-01
7.13931217722682643e-01
7.19517922286224465e-01
6.80844495668472383e-01
7.11211262455015203e-01
7.13462131628848972e-01
6.98185224404128446e-01
7.12816654695676566e-01
7.15290650196198974e-01
7.15143852626752397e-01
7.14926767766453142e-01
7.14802098994037127e-01
7.42460635444225914e-01
7.06852200154706289e-01
6.96978368055086284e-01
7.14017850652488351e-01
7.17340370760636836e-01
7.28374666773552337e-01
7.13115410135533256e-01
7.12811727362905989e-01
7.12001672013753861e-01
7.12811229038864069e-01
7.17207457557843209e-01
7.07055538813040507e-01
7.13825031851982761e-01
7.28957462471379158e-01
7.14839291054900960e-01
7.34076344938940362e-01
7.13564951349903276e-01
7.13112236672883371e-01
7.14966367963721594e-01
7.12717552917298214e-01
7.41143176322124786e-01
7.41190765106992222e-01
6.84722519264246876e-01
7.15032737044515976e-01
7.11231370205510749e-01
7.16070250300996136e-01
7.14322889883762246e-01
7.08807740682872001e-01
7.34748977623519539e-01
7.12194419518228483e-01
7.12463923857293735e-01
7.14105588354008947e-01
7.16350229531323435e-01
7.11969737214769860e-01
7.13941534026565239e-01
7.05870392264422608e-01
7.14222386029417788e-01
7.14202051897682044e-01
7.11094711360573339e-01
7.14020966421092473e-01
7.08683515870048075e-01
7.14773704008138444e-01
7.13889968282660270e-01
7.14595469588543586e-01
7.13881503997922717e-01
7.15796437643148709e-01
7.32357468784797017e-01
7.07842587069281381e-01
7.15159346933703866e-01
7.16051661403606432e-01
7.14925164650213940e-01
7.27274590347980143e-01
7.15337202478653289e-01
7.06190422580314947e-01
7.15608265183914738e-01
7.25892417189591965e-01
7.11126123453920456e-01
7.13436770620153871e-01
7.10856245937632969e-01
7.37051281019937998e-01
7.13832005282486692e-01
7.13816982696567348e-01
7.13844175955726801e-01
7.01436731638982347e-01
7.41129247144055592e-01
6.86955406506474908e-01
6.82509000206807270e-01
7.15245155835879109e-01
7.13809314184749355e-01
7.09754512313183539e-01
7.21022551343853624e-01
7.12957964183079551e-01
6.95902562974699768e-01
7.07071909762743700e-01
7.11562731379466351e-01
7.11139989711662923e-01
7.04211595178582450e-01
7.13835117605606806e-01
7.15311603772343818e-01
6.31382406487003944e-01
7.13982529803260935e-01
7.14695304643819029e-01
7.07092821650516568e-01
7.14330837040515698e-01
7.15055530434268838e-01
7.13637216952075160e-01
7.13803128008991705e-01
7.15772189166580808e-01
7.13962845844039573e-01
7.20549947993654460e-01
7.16206417981727683e-01
7.16072753145666430e-01
7.12575422045910511e-01
7.23820649531774274e-01
7.14794779914742384e-01
7.16840416095900324e-01
7.14007299177286892e-01
7.08083267985331388e-01
6.60688784498958515e-01
7.16442458725976894e-01
7.12004873848585129e-01
7.06928463289316356e-01
7.15653590460115341e-01
7.13873709603579210e-01
7.15982726037010520e-01
7.27230957503242847e-01
7.09165275892086999e-01
7.13901705353174321e-01
7.16203790581586563e-01
7.13134143312827873e-01
7.08596058592173450e-01
7.08295209621889188e-01
7.13903507526549186e-01
7.13916105394244105e-01
7.20958415281889309e-01
7.14363927566512125e-01
7.34484651836674329e-01
6.72921220546988441e-01
7.13842245505657891e-01
7.38123458163728041e-01
7.12805795145088017e-01
7.11997035570557935e-01
6.89386625279936882e-01
6.99858867687930930e-01
7.13410569219555923e-01
7.13951140191691813e-01
6.84737366255700808e-01
7.17559936638350493e-01
7.11645472773670185e-01
7.13934355898302342e-01
7.13768595495614888e-01
7.07600458114593489e-01
6.01878498054222000e-01
7.13530945815217699e-01
6.92590082541753360e-01
7.17708706621679959e-01
7.16612048249579803e-01
7.13146636976764281e-01
7.14860318876360590e-01
7.13770687741226761e-01
6.56504076911648249e-01
6.82506093831954153e-01
6.90410235732922040e-01
7.13254341884677179e-01
7.15248175516884577e-01
6.20926536162334397e-01
7.10307900212999055e-01
7.13750798135339926e-01
6.55858164287492662e-01
7.13700820346157117e-01
7.23258147944435326e-01
7.12170369856345853e-01
7.16376978680378085e-01
7.13588858191595121e-01
7.08913286477003024e-01
6.60440321726310398e-01
7.12303281617055251e-01
7.34722001948855730e-01
7.14887352491982653e-01
7.15802185912575939e-01
7.13736516645376629e-01
7.12237070411416928e-01
7.02993897385510547e-01
7.17895594485233879e-01
7.14684277895234699e-01
7.26982341397864995e-01
7.15382176657811897e-01
6.98320139827078190e-01
7.10724481043891076e-01
7.12311828421353210e-01
7.15301224535154545e-01
7.14360392845530212e-01
6.53950881677748175e-01
6.99038575448874488e-01
7.12023433275252970e-01
7.16478439988625926e-01
7.08998328921146670e-01
7.13094011155019913e-01
7.14341135625743751e-01
7.14978215717889665e-01
7.13858474726061343e-01
7.38114809215698053e-01
7.04625405442550923e-01
7.15532470388142161e-01
6.80509696833663802e-01
7.14177242692900727e-01
7.13686903194755806e-01
7.13868517899567512e-01
7.14064730699422334e-01
7.10775498820697460e-01
7.15013342452011869e-01
6.95256996176304320e-01
7.24657753439667540e-01
6.96776052389480371e-01
7.15447775173705725e-01
7.14580754348245750e-01
7.33733856734432588e-01
7.13618162074196150e-01
7.12966841749100633e-01
6.28175992901487179e-01
7.17160197210678363e-01
7.14342355733560197e-01
7.13688564097417100e-01
6.83594805029742569e-01
7.06427218204370266e-01
7.14993997244083968e-01
7.16375553294771650e-01
7.15900364675064904e-01
7.14911564114884768e-01
6.60497082573053729e-01
7.16396877645879226e-01
7.16936552275473815e-01
6.87509008065738669e-01
7.13832137126574007e-01
6.76146315767421791e-01
7.10666276885626225e-01
7.16355675927748847e-01
6.78703602959375263e-01
7.17634170888931666e-01
7.10219092188356105e-01
7.14504242249680899e-01
7.12171412921987712e-01
7.37035346278676839e-01
7.35169608120167406e-01
7.05770666665034740e-01
6.62745015412836702e-01
7.15711983947737607e-01
7.16461305244501356e-01
7.14812861253214304e-01
7.36872110779072331e-01
7.14701116916705459e-01
7.13464133519862487e-01
7.13571241518406008e-01
6.57058753834063758e-01
6.43066541329957553e-01
7.12108386794234716e-01
6.49608201691624809e-01
7.15011973256591382e-01
6.99617067593833575e-01
6.80084141436437251e-01
7.13462841858891417e-01
7.16850258066983881e-01
7.12899715879005247e-01
7.13138298314580199e-01
7.14770878400240228e-01
6.20080814382625523e-01
7.14817720886856800e-01
7.43653461201138954e-01
7.16190758187680743e-01
7.15239739460451718e-01
7.08211960586937805e-01
7.12518743378901087e-01
7.33742546326218492e-01
6.81201604292292928e-01
7.14205366438752431e-01
7.22561953320011940e-01
7.13855545345161602e-01
7.13389660542837145e-01
7.07232785689222765e-01
7.12943317255060105e-01
7.09679844982590513e-01
7.10586800762801452e-01
7.14162272403778609e-01
7.14383478582983789e-01
7.08944518036834670e-01
7.13756783017249874e-01
7.12893119408881004e-01
7.16388006194561555e-01
7.12278335756263314e-01
7.38503358741042892e-01
7.08339111442980340e-01
7.14437276258318099e-01
7.14303665905391183e-01
7.11624233438869935e-01
7.05974726216187620e-01
7.13819789180517916e-01
7.15002161173785455e-01
7.14830586566303827e-01
7.31879642876933745e-01
7.38634785364092217e-01
7.06946196846799935e-01
7.33895527304923800e-01
7.14461848764651131e-01
7.13096865306507066e-01
6.80599078878398323e-01
5.99230541597418176e-01
7.01936379894777196e-01
7.14299361689345824e-01
7.11512503726009715e-01
6.97796620351920804e-01
7.12946422992402962e-01
7.12439495993934968e-01
6.62414595140632390e-01
7.13748514453131366e-01
7.11683406554431963e-01
7.14313239912795606e-01
6.88384176034599782e-01
7.03478366079784423e-01
7.13717314454662799e-01
6.83556964261985534e-01
7.13925602549029370e-01
6.74924576521366171e-01
7.14121684123150580e-01
7.10585128205364569e-01
7.09911975764073389e-01
7.13408522151433910e-01
7.12926994383443757e-01
7.13940746825189709e-01
7.14157593038685978e-01
6.64316174099379930e-01
7.06762399781998618e-01
6.95213467713231670e-01
6.06310430293776514e-01
7.08477733156039569e-01
7.15602004553864912e-01
7.16115695246471562e-01
7.13175474371224860e-01
7.25613883262638204e-01
7.22467322985515636e-01
7.12351902647653690e-01
7.23721239063439881e-01
7.01409988180491051e-01
7.13501509981477766e-01
7.14620023450102226e-01
7.14074838252926614e-01
7.13168483030916733e-01
7.17848355082082334e-01
7.17361497746177079e-01
6.59174463880122685e-01
7.04547892438881607e-01
7.09755742370559051e-01
7.16208539681414957e-01
7.13604980687486901e-01
7.11246853377114130e-01
7.14808885797295623e-01
7.39031624690990152e-01
7.17584886854204740e-01
7.11557837726905063e-01
6.61327790122267500e-01
7.23521076979695255e-01
7.00161659567319572e-01
7.02952870231710158e-01
7.14550720495313096e-01
6.05294399176924847e-01
7.14831926584047372e-01
7.13787642693995528e-01
7.14768166705385899e-01
7.12068809106566447e-01
7.13931098557090471e-01
7.16431509023091273e-01
7.33184019196982728e-01
7.13812348494161863e-01
6.39831591138547706e-01
6.78653090897929467e-01
7.16236222244570953e-01
7.20236875615830274e-01
7.14719287633171718e-01
7.05621345988313942e-01
7.09810547183727381e-01
7.10920556134550519e-01
7.26131091866087264e-01
7.14418426910911175e-01
7.27134426058622552e-01
7.13560950488232870e-01
7.06573509247314879e-01
7.08701454521916907e-01
7.15223535335751337e-01
7.03475460456689627e-01
7.13925340791880081e-01
6.50853367309220943e-01
7.13943699421879185e-01
7.12875918104572515e-01
7.16185106941026439e-01
7.15014085162143376e-01
7.13756239308212193e-01
7.14215600886588642e-01
7.15685373569514005e-01
7.37411960747813455e-01
7.35502389126106659e-01
7.13797949565937451e-01
7.14239355325780867e-01
7.12877805348855031e-01
7.12629084356852238e-01
7.13646764569575653e-01
7.11729024238989427e-01
7.15038795405295913e-01
7.13347705182131420e-01
7.43775135608131466e-01
7.12705092815214547e-01
7.06705298246895874e-01
7.12816758820418062e-01
7.17833289335474745e-01
7.15187714086772952e-01
7.19483123626943444e-01
7.14077215289632972e-01
7.13329297218887937e-01
7.14134347954336390e-01
7.18255570232433582e-01
7.07014684707693908e-01
6.76900248396077653e-01
7.13496148282231735e-01
7.14077027328248293e-01
7.11712644418001972e-01
6.59610366722230501e-01
7.34181208145877617e-01
7.14509603659271297e-01
7.09420157445735611e-01
6.88560452064640116e-01
7.16622201442427609e-01
7.16469816528967129e-01
7.07199599380655353e-01
7.16004025721572956e-01
7.16675211111808541e-01
6.79388485743073534e-01
7.10796480822056931e-01
6.57631883624552827e-01
7.16337687559983172e-01
7.10732750624642140e-01
7.13728650299833567e-01
7.11975534841190139e-01
7.16098948390207046e-01
7.26877862481808190e-01
7.14659291611599135e-01
7.11909384541796864e-01
7.16361866684768755e-01
7.09167049010633654e-01
7.15200623223987697e-01
7.11754721759374265e-01
7.13885039256675791e-01
6.79093206685571604e-01
7.16311512656880423e-01
6.59164174148768267e-01
7.15691124422403679e-01
6.98798415829427699e-01
7.09374306470011540e-01
7.15384313650650028e-01
7.10312208503873221e-01
7.16033155550958034e-01
6.79154684121414887e-01
7.16720289089424423e-01
7.15963443871227123e-01
7.12965468122154555e-01
7.16094487904515131e-01
7.13844831488681941e-01
7.38113228551853573e-01
7.13789068623477130e-01
7.40084729920901352e-01
7.16546502900875848e-01
7.06610101537528457e-01
7.08273985848338672e-01
7.36076923293580543e-01
7.14144884910560385e-01
7.16222878132721563e-01
7.16858519092927082e-01
6.26659149241904467e-01
7.11060459664098699e-01
7.14931253985345960e-01
6.97993232193579449e-01
7.11978199974180215e-01
7.13837358581198345e-01
7.26377119202031518e-01
7.02215250748617126e-01
7.15319921701119132e-01
7.15388233369108284e-01
7.13467493693141219e-01
7.34073149873269992e-01
7.11770090885466389e-01
7.15634502675026485e-01
7.13837701543963976e-01
7.33756947416681515e-01
7.14993621485618625e-01
7.14760236958576822e-01
7.13891636594596535e-01
7.18756347978448784e-01
7.14993900953497019e-01
6.20940072668207499e-01
7.13393537021713153e-01
6.77238284010934666e-01
7.12910804238457541e-01
7.11672973436601519e-01
7.10791196380960222e-01
7.13836501059439965e-01
7.10987646035219134e-01
7.18968224023605718e-01
7.35195319077491805e-01
7.12037037647778259e-01
6.80014220132570069e-01
7.12567974047655706e-01
7.17815881926209376e-01
6.60651258854398238e-01
7.11817332405595526e-01
6.73729716254174327e-01
7.16525713054592672e-01
6.84552703660616269e-01
7.14608206289568115e-01
7.13935076998103213e-01
7.13288079896167271e-01
5.95260543712969881e-01
6.89625894633900227e-01
7.34226122301163131e-01
7.15358285948189732e-01
7.15700779588843483e-01
7.34798232948734031e-01
6.84957614340425569e-01
5.93315002607881725e-01
7.21643858506228142e-01
7.15936798842872757e-01
7.08015829390630125e-01
7.14357942988619876e-01
7.07584277453967903e-01
7.10932250484904493e-01
7.13862408765188916e-01
7.14145581332107038e-01
7.40188063031816168e-01
7.13658331570314108e-01
7.35732039447302255e-01
7.05933654880786188e-01
7.14873768002605714e-01
7.16335972826271483e-01
7.16856616570900385e-01
7.13429294038681272e-01
6.77875654320948096e-01
7.14894541839954822e-01
7.16387978959685312e-01
7.15889678738190427e-01
6.53734882143348184e-01
7.15387297123279975e-01
7.36310688414713033e-01
7.13332242491157564e-01
7.14431701244826800e-01
7.11647196668475090e-01
7.12533900654046426e-01
6.99143085981703494e-01
7.16349668640143045e-01
7.08458838783180833e-01
7.14558544014781361e-01
7.13753446602879538e-01
7.13804658143812776e-01
7.06469007195925758e-01
7.03177959984239376e-01
7.09473104774056007e-01
7.16274870536430019e-01
7.13936654407489768e-01
7.16686667849080083e-01
6.81912827221498041e-01
7.15187894850641714e-01
7.13750154330883624e-01
7.15730953158797090e-01
6.43902796616576456e-01
7.15413328892598233e-01
7.13436141219038866e-01
7.15207373835331950e-01
6.58695277343613106e-01
7.40922596803208711e-01
7.15136498135746645e-01
7.13824076678171049e-01
7.13136411681421278e-01
7.13844642024888953e-01
7.14232419010813580e-01
7.16468770949375222e-01
7.11481419917514013e-01
7.09539135862909953e-01
7.14557000050775604e-01
7.07753793946299115e-01
6.81764018353081980e-01
7.13681414052459551e-01
7.15643844885591296e-01
7.27718956182298093e-01
6.23467722917667722e-01
7.38970987924919664e-01
6.91238336538347653e-01
7.14385994246532596e-01
7.14343397492525289e-01
7.10260634086467113e-01
7.14266573541540994e-01
6.69207559098869420e-01
7.08519802057080317e-01
7.04695857978599460e-01
7.14832830466404667e-01
7.17519696946745555e-01
7.18747529277872887e-01
7.16299807754833040e-01
7.17631108745069746e-01
7.16443364255668680e-01
7.14706903878325139e-01
7.29655859966082843e-01
6.81174632836589411e-01
7.13071867208861732e-01
7.14191771840611667e-01
7.19445566084582322e-01
7.14673432884127657e-01
6.82529677919983535e-01
7.14623858723522964e-01
7.10733227029399006e-01
7.14081173878468478e-01
7.22065198853123813e-01
6.29514685117333550e-01
6.31080361517844746e-01
7.13717267512863240e-01
7.17135088681982280e-01
7.16835223386052101e-01
7.11881666833979576e-01
7.06505825605204474e-01
7.19979319090631509e-01
7.08736134796223660e-01
6.77930658129976438e-01
7.13485970573098149e-01
7.14904734573482581e-01
5.96220055122223758e-01
7.15120498595408605e-01
7.12380914127126785e-01
7.16376383878769785e-01
6.57384296292703119e-01
6.74063586189819985e-01
7.07780485258148850e-01
7.15225527030058594e-01
7.17791970405121327e-01
7.13991042685227173e-01
7.17271423556381515e-01
7.08578377681585381e-01
7.15139526004286319e-01
7.14517967884038097e-01
7.16427490342478102e-01
7.02731025911698892e-01
7.16512465277887034e-01
7.16538054705174399e-01
7.16555415445772392e-01
7.13799813895915292e-01
7.12901840615792648e-01
7.10796445378386266e-01
7.24736370987640321e-01
7.14152419473697786e-01
7.10411316598390075e-01
7.40441515603633693e-01
7.16365858747975426e-01
7.23165566923450354e-01
7.10677250724290999e-01
6.20858458096766430e-01
7.16275736258006446e-01
7.15675749401576744e-01
7.16531075334133072e-01
7.13942972148683408e-01
7.13505280635676864e-01
7.41922402805580528e-01
7.08729102975375391e-01
7.29394170065302383e-01
7.12915579298145752e-01
7.13779934176454578e-01
7.15291733624654924e-01
7.16632865756849480e-01
7.10584269697520310e-01
7.16504720163174347e-01
6.86910710938942404e-01
6.56835991691766430e-01
7.10863348492071334e-01
7.16584404823724763e-01
7.13842715118369164e-01
7.10953482045245999e-01
7.14246514243615294e-01
7.08099461904013072e-01
6.51144718629141361e-01
7.36697365116337877e-01
7.13760450854274531e-01
7.13823411776687844e-01
7.17247169256532313e-01
7.14480731212820408e-01
7.13451265441127913e-01
7.15792701316291469e-01
7.17306786897031756e-01
7.12778610122141720e-01
7.13508116649699597e-01
7.31355781643099778e-01
7.16881642227749416e-01
6.75325681009567913e-01
7.09988342965652053e-01
7.11916504960807051e-01
7.12533291003243141e-01
6.89715367921799216e-01
7.19287137691358325e-01
7.14010722736650449e-01
7.13890867056043432e-01
7.15406797486495161e-01
7.22362626014717901e-01
7.16354473299981476e-01
7.15226572579086395e-01
7.12761599429732939e-01
7.15632861152380673e-01
7.16722905830926016e-01
7.14465164573974909e-01
7.12662756043550782e-01
6.94442834258049757e-01
6.25790776613316835e-01
7.08579968130502613e-01
7.21273536728537668e-01
7.13766053765199859e-01
7.16817549228326634e-01
6.52002421931748066e-01
7.16942343810508365e-01
7.16636196866503372e-01
7.14464837656033525e-01
6.27999688055782213e-01
7.16321482345194105e-01
7.39108487604616449e-01
7.35230753331876596e-01
7.13380302517250375e-01
7.16917116306259428e-01
6.54091878989395137e-01
7.14413848442308264e-01
6.95082480061396391e-01
6.56221251205036937e-01
7.14112835213717045e-01
7.16830966515472734e-01
7.14716148809339757e-01
7.13707197503938406e-01
7.13939681394298087e-01
7.15491795531531194e-01
7.15276275586965826e-01
7.12189907443303682e-01
7.17483054930981967e-01
7.17071056075745950e-01
7.13875267630193822e-01
7.18699060871575535e-01
7.09615789697052968e-01
7.12035240862536223e-01
6.98015900541081202e-01
7.17154159375261391e-01
7.18387455670623232e-01
7.16581790119551143e-01
6.98184984495718197e-01
7.16371159661581158e-01
7.16080501315678353e-01
7.15294574552503226e-01
7.15213316526048137e-01
7.16196863857001875e-01
7.16231155321552238e-01
7.14651225843386473e-01
7.16054780604203134e-01
7.10530220129269141e-01
7.13027086866922177e-01
7.12419646590931710e-01
7.13678533817970306e-01
7.13336675047970048e-01
7.16275756785813456e-01
7.14088505867418677e-01
7.15658458694853450e-01
7.14098986276974212e-01
7.13653325693402230e-01
7.12101995407434352e-01
7.13874697846428874e-01
7.12716194745929288e-01
7.10379957900410530e-01
7.12295594312319369e-01
7.17278628897684678e-01
7.15944822781734547e-01
7.13621205728604879e-01
7.15564260044291856e-01
7.15874429729398964e-01
7.14101609369541701e-01
7.17454440042110231e-01
7.16588737426611777e-01
7.16937900192371802e-01
6.97549481621958622e-01
7.16327937263344094e-01
7.09962562170115219e-01
7.17347821803734242e-01
7.16837125596961777e-01
7.14782960838135972e-01
7.12937560091251754e-01
7.13711466003596029e-01
7.10310180256893742e-01
7.16716233090610055e-01
7.15706466020677445e-01
7.15730118250041403e-01
7.15810380103532262e-01
7.16667431070504901e-01
7.13029164049021613e-01
7.12106321099259532e-01
7.11603463026471039e-01
7.15017728906857108e-01
7.16377706487252519e-01
7.22616423897191384e-01
7.17813575088790623e-01
7.16690622230559682e-01
7.14989921751641999e-01
7.15518513296076297e-01
7.18567723743833819e-01
7.17563153322543834e-01
6.94411234987437398e-01
6.73045069428697684e-01
7.08314997344179687e-01
7.16007939389221915e-01
7.18034026384091528e-01
6.18303346512062757e-01
7.17115624399190299e-01
7.36980877434426418e-01
7.17896987668735220e-01
7.17240919223428697e-01
7.18089915009968771e-01
7.16883826371454425e-01
7.36361063138299632e-01
7.15846915604706702e-01
7.17007015220390787e-01
7.16026630167767797e-01
6.21812617576843030e-01
6.75475099049079208e-01
7.36764771921284978e-01
7.10417266029712113e-01
7.16695905763645946e-01
7.15885982479534388e-01
SCALARS mach double 1
LOOKUP_TABLE default
3.04838355406839512e-01
2.98305045741830532e-01
2.76292318369334045e-01
2.40135852320245785e-01
2.36819276671299983e-01
3.11910183348688530e-01
3.02034236602626960e-01
2.56268746514819068e-01
3.01530445225299593e-01
3.03325095683925461e-01
3.04851231793337396e-01
4.06808700447474136e-01
2.74019884275255143e-01
2.99904224264748054e-01
2.99784520617478623e-01
2.84255208432016016e-01
2.73665551852332767e-01
2.95023302827931544e-01
3.00119231794531760e-01
2.91610972969033988e-01
2.28449411491853521e-01
2.95538230127399604e-01
2.58588000475939717e-01
2.91280768162468451e-01
3.04040036627847565e-01
3.04512422399288052e-01
3.33394878462483502e-01
2.97486736435988108e-01
3.11701614411861727e-01
3.01561907050492739e-01
3.09302195833298654e-01
3.42545561033906598e-01
2.95302916003522264e-01
3.23294837357724074e-01
4.77752021938509741e-01
2.52410675241261484e-01
3.01318351641306492e-01
3.03685860832157928e-01
2.56990000223106196e-01
4.77315525643460470e-01
3.09552663121009652e-01
2.95123933400035066e-01
3.03920438558469952e-01
2.47306930758750071e-01
2.96267870277884315e-01
2.88955105831308123e-01
3.02220396158817184e-01
3.02370960147200718e-01
3.00093876858343100e-01
2.95626733283483323e-01
2.18048906581345264e-01
2.94175063487317312e-01
2.41588163823600044e-01
2.95903637244401330e-01
2.94599355801635987e-01
2.91243278812042705e-01
3.16668540824839750e-01
3.07605028658664126e-01
3.04322410513980124e-01
2.45919031680157496e-01
3.89201819596792342e-01
3.11368656701022428e-01
2.15470090566015571e-01
3.87367570793474170e-01
4.10064689031349572e-01
2.34424909739644860e-01
2.89753888129166470e-01
3.23207515547213942e-01
2.02062985976320830e-01
2.34396545441086707e-01
3.03971664124844776e-01
3.05018154081106940e-01
2.99335851668490194e-01
2.58940046428469461e-01
2.37674695461001700e-01
2.91536103164539262e-01
2.52076738811230550e-01
3.48718839112919454e-01
3.07332030140382628e-01
2.90533851598311854e-01
2.99353360334088603e-01
3.16360174729412136e-01
3.21182420231449939e-01
3.00825623787744745e-01
3.00224412588517120e-01
2.99337389616375682e-01
2.69743678125972774e-01
2.75898466465368641e-01
2.95469265569909989e-01
3.34688909376250843e-01
2.94107330567561553e-01
2.73564188066489855e-01
2.47569764476307103e-01
2.22189579873603493e-01
3.00190245145400547e-01
2.47250732264900797e-01
2.99548652305768381e-01
2.92251896324102645e-01
2.75324826475214779e-01
3.43295830573236538e-01
3.06131419518932690e-01
2.98573045345268517e-01
2.75051212433527759e-01
2.51710043079562129e-01
2.09782905249251361e-01
3.02540019836479268e-01
3.02473278382866917e-01
3.61222280388504513e-01
2.86645619792684325e-01
2.94329482633968242e-01
2.90266515723204721e-01
3.46044825159296854e-01
3.51526660513327593e-01
3.57365169295221385e-01
3.01208342756478176e-01
3.00440572503466896e-01
2.84168789735613991e-01
5.50784607270106141e-01
2.83826349081974572e-01
3.26827258873881643e-01
3.30914100990823135e-01
2.04362125448635190e-01
2.94544025664496056e-01
3.05066759064081150e-01
2.70782593951503503e-01
3.33522205456584286e-01
2.98611819713483106e-01
3.12005346038737308e-01
2.98658611918593719e-01
2.96937432663264167e-01
2.95176772199332582e-01
2.85886867586202131e-01
2.94282909253307745e-01
3.55389684946038842e-01
2.95130637111708671e-01
3.15141448750751785e-01
3.01640979850176960e-01
2.86831832358600991e-01
2.99801990177095690e-01
5.17238841890504508e-01
2.97876214082643809e-01
1.90262817738747370e-01
3.04194146553026623e-01
2.96873701675566370e-01
3.01974513119343368e-01
2.30999056211401821e-01
3.03706392216004650e-01
3.04812227238434041e-01
2.78400831222960499e-01
3.10152622839302616e-01
2.69339924782554030e-01
3.17664287175230486e-01
4.81176516045386360e-01
2.92317318413258365e-01
3.12416163849850381e-01
2.69170669644726246e-01
2.96848965440377144e-01
3.01296540773293708e-01
3.02834163276646473e-01
2.97154440759243854e-01
2.63582084386893734e-01
2.96516173768307412e-01
2.96716715882955895e-01
5.81632846768545431e-01
3.02678510847939619e-01
2.99944369290419899e-01
5.80691652640494160e-01
2.63384750110629673e-01
3.05939169838387759e-01
2.94524431379831975e-01
2.93844597573630906e-01
3.01485959474420084e-01
2.72240941307586470e-01
3.18793154529332157e-01
3.50624430543353849e-01
3.07969115172029795e-01
2.92100636840464889e-01
3.04339659637706927e-01
3.64096901567465825e-01
2.88084985445537123e-01
2.94158194228623660e-01
5.04274240999435741e-01
2.79149535474755295e-01
3.01997670819701303e-01
3.26564112341650115e-01
2.95521071562186211e-01
2.67997287245599181e-01
3.14892898668496402e-01
2.27926233359945829e-01
3.02906619798583243e-01
3.02187458105913187e-01
2.63079103340532749e-01
3.02613247750665171e-01
2.12727710413312426e-01
2.94545625480551354e-01
3.17922142599530444e-01
2.95816360516683974e-01
3.03669094810958218e-01
3.62252905585915608e-01
3.07950302308732271e-01
2.98246216069265435e-01
2.99881058302184700e-01
3.14459433002580890e-01
3.03362669742757995e-01
2.94593395707090866e-01
2.78820354102963686e-01
3.27672987071183919e-01
2.41625985911368829e-01
2.85062714690736019e-01
3.64102093870636023e-01
3.12724931949201312e-01
3.04906254340640892e-01
2.72406128165705586e-01
2.94907546303218637e-01
3.11256465837568164e-01
3.01139966244628243e-01
3.60514759117857020e-01
3.10206259536580098e-01
2.88824826384995625e-01
2.96649708874332896e-01
3.02857799617615053e-01
2.98619629244672780e-01
5.38453641330166377e-01
3.04278668256440177e-01
2.99333264744292393e-01
3.26559299582225404e-01
3.61894933022323451e-01
3.38290774672916128e-01
3.02222395815651856e-01
2.07485836176735439e-01
3.11183930293720212e-01
2.95010570251493298e-01
3.06931063055948805e-01
3.30213428774809581e-01
2.95809935049586137e-01
2.58134731360179448e-01
3.15954667147451962e-01
3.30802064188732703e-01
3.02919021547897793e-01
2.83568206393148392e-01
2.62507814722213295e-01
2.94922711299960061e-01
2.81268611630392074e-01
2.68792300457835809e-01
2.80296982843601494e-01
3.15012918455667590e-01
3.05477306757330813e-01
3.31413298939486678e-01
2.95695666545665925e-01
3.00157020849926293e-01
2.45226977362760251e-01
3.02064832453906362e-01
2.93908423603087665e-01
2.81695912855454311e-01
3.05948694269424504e-01
3.00314087544195696e-01
2.95103192012572069e-01
2.99728939125053273e-01
2.97136017494838534e-01
3.27432523389261765e-01
4.79775766405358739e-01
2.54076108272677237e-01
3.15747769965748881e-01
1.89643523833449873e-01
2.97170359902805936e-01
2.96369517534903371e-01
3.17774872391927032e-01
2.98913849758799144e-01
2.94687738646032871e-01
3.03758013475600441e-01
3.03817674969110996e-01
3.43800121036819895e-01
3.00763663289122074e-01
3.02589214469404177e-01
2.97433655321610757e-01
2.88433621284371999e-01
3.12785267402477807e-01
2.94353477851052425e-01
2.70563773392547335e-01
3.01948750383293218e-01
2.98146141867916270e-01
2.92867040157551883e-01
2.21870246358121331e-01
2.10888720165967491e-01
2.61878919564761004e-01
3.35329237558039173e-01
2.35193505897060395e-01
3.02386281488552289e-01
3.19395203948596829e-01
2.98685149464576083e-01
2.48553591285954639e-01
3.02702160182370172e-01
3.37326200549779187e-01
3.87571282131354611e-01
2.84595277514844314e-01
2.98941421620974535e-01
2.44473220296345994e-01
3.01066575166328343e-01
3.05228598087116887e-01
2.47184482804479716e-01
3.03219520122938568e-01
3.81236348101799238e-01
2.10641077008092342e-01
3.03171824402234613e-01
3.23307022165510993e-01
2.98508709802016436e-01
3.06694423605977318e-01
3.00193188185307991e-01
3.04766118602693981e-01
3.11888228585277871e-01
4.03223343917294808e-01
3.15787157446855871e-01
3.10098930893959179e-01
3.02075466698388251e-01
2.95097927784853165e-01
3.11482906530612336e-01
2.38849576939541203e-01
3.10341979025914427e-01
3.47575133669232539e-01
2.99850291534549229e-01
3.04804431795537178e-01
3.00074613881350538e-01
3.01124979196841447e-01
3.41082447864431593e-01
2.96038248606888044e-01
3.07910794995552406e-01
3.01857279070745277e-01
2.69088422519491333e-01
3.26336657672412656e-01
2.86729844529877265e-01
3.02943730296765246e-01
3.05554933402502116e-01
3.15307619686602647e-01
2.72846543339034520e-01
2.89886371781694574e-01
2.44152273179581131e-01
3.11513477699751073e-01
2.95270883221831149e-01
2.84048908510983300e-01
3.03150417296304875e-01
2.39012138552156889e-01
5.40489313974904073e-01
2.22913083857742056e-01
3.02548432590135641e-01
3.45655341554444773e-01
3.07534266749358798e-01
2.99485601447547767e-01
3.01469224500591881e-01
3.07176680627087417e-01
2.79418833651345844e-01
3.02503978082532599e-01
3.00060414148359100e-01
3.11597512966732770e-01
2.99418300352810696e-01
3.99039992461554138e-01
3.04352432311368992e-01
3.04133784049545719e-01
1.89721359259039379e-01
3.02596599509268205e-01
3.44598793739615328e-01
3.14489814449725014e-01
2.70253151708414241e-01
3.00523301552867605e-01
4.63930830968333596e-01
2.95909709392018494e-01
2.50870623549953820e-01
2.95836429133097933e-01
3.05837452985310287e-01
3.01418905883169774e-01
3.06418032326285616e-01
1.77752750613155541e-01
3.11712058793240321e-01
3.56720565117131683e-01
3.01418071942414378e-01
2.97395200819358441e-01
2.99627358942774091e-01
3.05587147107999724e-01
3.07471623011974560e-01
2.97205408700504825e-01
2.87907112023203293e-01
3.03602952489314792e-01
3.04665812702649474e-01
2.97759147971302540e-01
5.06794921491073413e-01
3.16505418511145276e-01
2.97567513206063616e-01
3.47697182833041130e-01
2.96750973675155960e-01
3.35693170438650990e-01
3.18460741416810522e-01
3.00321850499471743e-01
2.54409342406965444e-01
2.80556876500363095e-01
3.50752346048827435e-01
5.35116664546476661e-01
4.04435441053821176e-01
3.07848961917341069e-01
4.75023211934937406e-01
2.97492142632134859e-01
3.03105212735152396e-01
3.02977181076058144e-01
2.96739360401872043e-01
2.95200344592520869e-01
3.02488459264044884e-01
2.76921281957530074e-01
2.92932022854221041e-01
3.01752424889166204e-01
3.01502933188416089e-01
3.04418319291377637e-01
2.98434243968618451e-01
3.63231150143739634e-01
5.10941237345572508e-01
3.01375617689215836e-01
2.99125542278526058e-01
2.98847701392996212e-01
3.05345710532267556e-01
2.75768022357809450e-01
3.01277515006728003e-01
3.00310238385412487e-01
3.13341904293478413e-01
2.98635296237319992e-01
2.99787630984302944e-01
3.00402358274147019e-01
2.97605440176805958e-01
3.24669020720276980e-01
2.03168042007681432e-01
3.01586575632340093e-01
3.01952561007816145e-01
2.95074863062093906e-01
3.71076636026462570e-01
3.10072336653573921e-01
2.95949255731487393e-01
3.05854976761606612e-01
2.98410214479486735e-01
3.56076937372028612e-01
2.85240417677103564e-01
3.26086034931467983e-01
2.91027777995422510e-01
2.99060517457442998e-01
1.82661697991922389e-01
3.05570399787802316e-01
4.11974115581154765e-01
2.98344544268594802e-01
3.73588416840916149e-01
3.59808572043422592e-01
4.35997199029055094e-01
1.94704552994708013e-01
2.98835529217851892e-01
3.01330955806305478e-01
2.84247158043382853e-01
4.36261943935580876e-01
3.08700209625943578e-01
3.10008508000064353e-01
2.17310120406278284e-01
2.95037193921523111e-01
3.07497439168672670e-01
4.66929763228530192e-01
3.01855628020406053e-01
3.13612634483585839e-01
1.21072182194908451e-01
2.72623424336036535e-01
2.96994534433267787e-01
2.49336333840710550e-01
3.00453023909394212e-01
3.31643619080240148e-01
3.45595003411599322e-01
2.34289867314322803e-01
2.56455836627338507e-01
3.56421945180949440e-01
3.02717692112188408e-01
4.32875293359930580e-01
2.99816953965997723e-01
4.38641379967790901e-01
2.91334749045064345e-01
3.04612762520122982e-01
3.26588865026899988e-01
2.96951806901812554e-01
1.75039575072472586e-01
2.99372276527667625e-01
2.88775362910890343e-01
3.14198891234745592e-01
2.56370672289335966e-01
2.75092231827388567e-01
3.03275377448709693e-01
3.08671237376905938e-01
3.00575797577043835e-01
2.32121323891374742e-01
3.07193231063397409e-01
2.99355197658075167e-01
3.22975014314994036e-01
3.24870304766012863e-01
3.14247443578710928e-01
3.52505371542372270e-01
3.03143713782504487e-01
2.41831481707727780e-01
3.07746191669660052e-01
3.00753581452046004e-01
4.91298643834938764e-01
2.89435111584783578e-01
2.94507129531922651e-01
2.98027292648485986e-01
4.27141784981117878e-01
5.83246877145431997e-01
3.04062684453747512e-01
3.03188356985090945e-01
3.04443158013488924e-01
2.99496018142835774e-01
3.02953043449999515e-01
4.18628247073288384e-01
3.01711583281674189e-01
2.98918793972929142e-01
4.97453440029786753e-01
3.17607546810854069e-01
4.17367403998441577e-01
4.33270786074248460e-01
3.01574786777335513e-01
2.99178517969975077e-01
2.80991050136259468e-01
2.98276909786332145e-01
3.00922603470041905e-01
2.78920186621537114e-01
3.19220479148161540e-01
3.11225685403573926e-01
4.43010906215791367e-01
3.19858897477894533e-01
3.07845777611408800e-01
1.89955978682092214e-01
3.42260984549154990e-01
3.55007584148266275e-01
2.98955860788599093e-01
2.86255309906270516e-01
3.81097579832978262e-01
4.33001667342757912e-01
3.00204048235772791e-01
2.78668452945513401e-01
3.03260197527057573e-01
2.81901970054128703e-01
2.97457141108742440e-01
2.99354316174992752e-01
3.48704320608922702e-01
2.96912702775594006e-01
2.75678591829548292e-01
3.00444216813388953e-01
3.00363920459253586e-01
4.33600904594931558e-01
2.68219466556928354e-01
3.12077759029491475e-01
3.15309982897612806e-01
2.29847823991741779e-01
3.29272486010486531e-01
2.97159890196093734e-01
2.72442744163443162e-01
2.99240080276707066e-01
2.55622613373692853e-01
2.91619855903060998e-01
2.99173369255039290e-01
2.99855283131967576e-01
2.96321855291929392e-01
3.03311776678474143e-01
3.02735758747289585e-01
2.88062393407823858e-01
2.92384294861050942e-01
3.31915738826969120e-01
3.72207877292274669e-01
3.12682598347766627e-01
2.90151284420888833e-01
3.12275646008300933e-01
3.00303222922508717e-01
3.04539373709229011e-01
1.96841160592436892e-01
3.93594666655918635e-01
3.08960780585808559e-01
3.02565687426998353e-01
2.96394878255795857e-01
2.97892474611711311e-01
3.13543121878124387e-01
3.39041615676450192e-01
3.27231495132936534e-01
1.46766439452480774e-01
2.61320282158421069e-01
3.13746475721453644e-01
3.78345031485226357e-01
3.48423644381074704e-01
3.00676685996637327e-01
2.95928142280371842e-01
2.07671241745361307e-01
4.96199214293628565e-01
2.95212309730278955e-01
3.05341557337809377e-01
2.98911319437323519e-01
2.95474939041725559e-01
2.96776988331412694e-01
2.97706124208140077e-01
3.02083403484917579e-01
3.15155099049820531e-01
3.01056816512159708e-01
3.01230381731737606e-01
1.83294595167222019e-01
1.10009969429898699e-01
3.16547764404510434e-01
2.99846211895272718e-01
3.01275042579763896e-01
2.69041531445880888e-01
2.99547601078183845e-01
2.97802784031724832e-01
3.01448569758560325e-01
1.84153691760073374e-01
5.01635577127142018e-01
4.26390232147375980e-01
3.01449449086738375e-01
3.02836921556670580e-01
3.00444011262410660e-01
3.23528705336007194e-01
3.19581627597236295e-01
2.99411286105242314e-01
3.00280764917967569e-01
3.17423338213252915e-01
3.04295728683496414e-01
3.33358270356895359e-01
2.74529992075824125e-01
2.96461708416124181e-01
3.02218895835978552e-01
4.30444016790600958e-01
3.82432335286112757e-01
3.00156296110126952e-01
3.10186898480668438e-01
3.01030719425936788e-01
2.99572505632454911e-01
2.92423420717831228e-01
3.07955780759823050e-01
2.99178833453330850e-01
2.92331997009348477e-01
2.89948664493453412e-01
2.93489484505736031e-01
1.91609200845656941e-01
2.82641941677641451e-01
2.26350383557402418e-01
3.00697579013299465e-01
3.14494594700708896e-01
3.09726248796191594e-01
2.97442109305369906e-01
2.99709257619516167e-01
2.93918421511749073e-01
3.27916726420863613e-01
4.32984110992939764e-01
2.93994634352361284e-01
3.47226222345096203e-01
2.98559359568495108e-01
2.94419416114776178e-01
3.18709859423591146e-01
2.98581752536021150e-01
2.97439534293452656e-01
3.00030905705931938e-01
2.98394189122137388e-01
2.48507861000386743e-01
2.44650890071647448e-01
2.92081130144940249e-01
3.01936151637205052e-01
3.21586715706100867e-01
3.31878302179381857e-01
2.90817722502225984e-01
3.11044991317446229e-01
2.99393442112358743e-01
2.98426848594459837e-01
3.32793086104046953e-01
3.01010826226162154e-01
3.00597672421794138e-01
3.01463747879360033e-01
3.26578063523306705e-01
3.03963848529664071e-01
3.05422640775795118e-01
2.89307752607956215e-01
2.97532814240262178e-01
3.01465274489850388e-01
2.90227068314664605e-01
3.08232681582437607e-01
3.32792281707294857e-01
3.06196369671004998e-01
2.97455325894968259e-01
2.64153167266271416e-01
2.29150953849328626e-01
2.94841476860020490e-01
2.99744698147326238e-01
3.10603875531903606e-01
3.02076766482099857e-01
4.24711193632365425e-01
2.95856044693839582e-01
2.97519380111180176e-01
2.72366665299389410e-01
3.01965438420710608e-01
3.00889996683816829e-01
2.99353992942118952e-01
2.98227619614069961e-01
2.90479893684796153e-01
6.76035043600073937e-02
3.01638449095735117e-01
3.06897175558499546e-01
2.74437511924726429e-01
8.37587582088852173e-02
2.77739515592287156e-01
3.00533187710299854e-01
1.98840047765664690e-01
2.98696630237619942e-01
2.93408663844826112e-01
2.98453649462731452e-01
2.98253624097967407e-01
2.97140822315343889e-01
2.25614621721329262e-01
1.88068143171492341e-01
2.97137310252192755e-01
4.43046929384795674e-01
2.95170474728873755e-01
2.86429790957574537e-01
2.93095073115524407e-01
4.94494288519716108e-01
2.97851142624650955e-01
2.98207313598112089e-01
3.02919944226336557e-01
3.66224484842899156e-01
3.06308335115655417e-01
3.00405039399316842e-01
1.63606903485645688e-01
3.35583089875621354e-01
3.03131391041718545e-01
5.83602230504104091e-01
2.80176771679565340e-01
3.17254015494646546e-01
2.98028068577946892e-01
3.01407301874888900e-01
2.90128627141638396e-01
3.49182124826146467e-01
2.84625155613164649e-01
3.01197149051582735e-01
3.29631741526788535e-01
2.21152465813639926e-01
2.28850223662006691e-01
3.70170598031936082e-01
2.99035500740019722e-01
2.39065681061863017e-01
5.32397121958083086e-01
2.74388822832514812e-01
3.15233639777928731e-01
2.46524703167566472e-01
2.95558698393335928e-01
3.01000699050283149e-01
4.08367558387220497e-01
2.96501093077664479e-01
2.95342973251852603e-01
3.05668154457157892e-01
2.89365756198408819e-01
1.91374700833933431e-01
3.19411631122236528e-01
3.00914863294141299e-01
2.81230968765185163e-01
3.00388912624609927e-01
2.97728104825114748e-01
2.99256553249850676e-01
3.02210032016524521e-01
3.01331902772446258e-01
2.98392532438409464e-01
3.20797140852671359e-01
3.52348595657982766e-01
3.04867734245924227e-01
2.96702928538257693e-01
4.69918633148640519e-01
3.08137758634948355e-01
3.00673609879645143e-01
2.98280315225560422e-01
2.46084603001859054e-01
3.00038741539557119e-01
3.00562529929488731e-01
3.10272878177960287e-01
2.88217889708616448e-01
4.87569468612641832e-01
2.94195936974911587e-01
2.97590639920355671e-01
2.93059592006987890e-01
2.97145409002754490e-01
3.33833191509797511e-01
2.99020988429074153e-01
3.39352842521786602e-01
2.67146484776535964e-01
3.15398738264509482e-01
2.76127801901817516e-01
2.89746704068447491e-01
3.00492393961851567e-01
3.05654143769693465e-01
1.57650768478787145e-01
2.98264893868910697e-01
3.09650597058810040e-01
2.88982293261020817e-01
2.80768352971967838e-01
3.01167811517139949e-01
3.31624766477222110e-01
3.83222702066856435e-01
2.88080969485280614e-01
3.02067416906765807e-01
2.82946069542776513e-01
1.98311793295918526e-01
3.44644994642169578e-01
3.05669149605998502e-01
3.02013760890463445e-01
3.01622109296453333e-01
3.02604057044698782e-01
2.98280442944879320e-01
3.10959073051839452e-01
2.98611053019399886e-01
3.14342599056824157e-01
2.98491862243206063e-01
3.24126556590493831e-01
1.79219643995179201e-01
1.89672597289549549e-01
3.09873240916641257e-01
5.20444581703568665e-01
4.86948880039894116e-01
4.29096058747726272e-01
3.00499907617576834e-01
2.88272973513707009e-01
3.18935243997998663e-01
3.02996690238300947e-01
3.86229366240891936e-01
3.28124251554175295e-01
3.01263770329557146e-01
2.99486626707825165e-01
2.99121984409640329e-01
2.99743185508952237e-01
2.95971266132090349e-01
3.01693303235165800e-01
2.88895651370275952e-01
3.51206118482980889e-01
3.00552194997133482e-01
2.67560438775401976e-01
4.14775371948228999e-01
2.96168368198062248e-01
3.03023607207046575e-01
3.73434878686464411e-01
3.06512580000036339e-01
2.98394986984089616e-01
4.29894630366336850e-01
1.24318390031514459e-01
2.98281802287257869e-01
7.15627791645699063e-02
3.02707461883456153e-01
2.99046624635711855e-01
2.45346584411519547e-01
3.00529843543104247e-01
2.97497230477347718e-01
9.22340408010856594e-02
4.19657227779828945e-01
2.32379303966031875e-01
2.62234212184867199e-01
4.85381754822530320e-01
2.95269305427597439e-01
2.91719860858567215e-01
2.70434773790058480e-01
4.17424849784968910e-01
2.83776547068584462e-01
2.87967835212080914e-01
2.94529080627748074e-01
2.98696012557441770e-01
4.16321486022683374e-01
2.99909902616516733e-01
3.00903229373808201e-01
3.06416745150994763e-01
2.98451659047462736e-01
3.02300285674127367e-01
3.03123879334786628e-01
2.87254184099015153e-01
3.00850350235636610e-01
1.54792802915564909e-01
3.01420640715350296e-01
2.97824319735529919e-01
2.76387141700015770e-01
3.18008053249047240e-01
2.99433470346399444e-01
2.99621485976245772e-01
3.00805491306855743e-01
2.96693200261384293e-01
3.10098646206921291e-01
2.96044099460141097e-01
3.48607488709680335e-01
3.03154397506205320e-01
3.26657968626848927e-01
3.71557320123298285e-01
2.60664745232730422e-01
2.96362181636612043e-01
2.97597945990204116e-01
2.96119865639510094e-01
3.06923746116411933e-01
3.00626318001241899e-01
3.69014758938971899e-01
3.35732843297101402e-01
2.96305992290876341e-01
2.65064741382581126e-01
3.30301615506647772e-01
2.32481303958739005e-01
2.06525364082919383e-01
2.88910474593460698e-01
2.90443070719044072e-01
3.10959665817974074e-01
4.94029437854439868e-01
3.65291573742198838e-01
3.12297162982854370e-01
3.10220581156039010e-01
3.33372620925770025e-01
3.47193290602848370e-01
5.63587510266596370e-01
2.39262822050317819e-01
2.91917020850086029e-01
2.91465051685315446e-01
2.99329995110098224e-01
2.97300625151247166e-01
1.26131557300272423e-01
2.98909081928596221e-01
2.88965048590452689e-01
3.49510264576943619e-01
3.03336053084358237e-01
2.53064252482702368e-01
3.23944267630639660e-01
1.04676822136611919e-01
2.83618854124916664e-01
4.39944830626130601e-01
2.98091774976494028e-01
3.06157951709696563e-01
7.40834308392616797e-02
9.14454468514878382e-02
3.98863178338256574e-01
3.06797361696753756e-01
2.39381159742927258e-01
3.50522812892690716e-01
3.00411873935218676e-01
3.05823401975880094e-01
3.01844314289870186e-01
3.05462641657635037e-01
3.02375843270732136e-01
3.43999885677233608e-01
2.99521112348404173e-01
3.04125846258688270e-01
2.97199745997657805e-01
3.06754301170062582e-01
2.98109434086786085e-01
2.99548743928985672e-01
2.44751777423464656e-01
2.99331861217852269e-01
3.73546482091763832e-01
2.98802180381581017e-01
2.97286308166785029e-01
2.95999925755853266e-01
3.00317419790337103e-01
3.17346784869713128e-01
4.38387082180639875e-01
3.04623167556466234e-01
5.16896003987957320e-01
3.02193923567605272e-01
3.02208731554523380e-01
3.55617445117739350e-01
3.22214829527598667e-01
3.02247642029002284e-01
3.02616928609848679e-01
2.77585001074687698e-01
3.44095060188893964e-01
3.61390289545692744e-01
3.64848484156668373e-01
3.87701133624451855e-01
3.17120237996409871e-01
1.36310873793397930e-01
2.95431801361352941e-01
2.87632117329596260e-01
4.16468253504847896e-01
2.65812011266601922e-01
3.16907771221021983e-01
2.97629213521893532e-01
3.33110867196446669e-01
3.59031218444099076e-01
3.15281464620903729e-01
3.16698479733159677e-01
3.07488799695677384e-01
2.99036424641125231e-01
2.92151056284913446e-01
2.76271163857159996e-01
3.27453543556588789e-01
3.83038064527497668e-01
2.96220578092426579e-01
4.07832747459249634e-01
1.82721892551202053e-01
4.90071916099313609e-01
3.79607139050468778e-01
3.50101533032150858e-01
2.99402439452818581e-01
3.00750973417432343e-01
3.08395872919580039e-01
3.43473632774403181e-01
3.01380785262658102e-01
2.95212468934341832e-01
3.00489466797907112e-01
3.16497233985758075e-01
4.35503003553822987e-01
3.03584477494062088e-01
3.00961769177368832e-01
3.22221689298567759e-01
2.99868929514012172e-01
2.93570229791124682e-01
2.56211328090621027e-01
3.46732152881348843e-01
3.05511417119812501e-01
1.89487671780651734e-01
3.93272063636114833e-01
4.10067556339062889e-01
2.91206201084299954e-01
2.31216670999468243e-01
3.09509423371418679e-01
3.53531738129029216e-01
3.00646205270332367e-01
3.00427095413041745e-01
3.80894000684921907e-01
3.00620950987801783e-01
3.16383849523937166e-01
2.98199121641411935e-01
3.53262977281470880e-01
2.53497786113064894e-01
2.42976900063080758e-01
2.97561778324097415e-01
2.54960483580664976e-01
2.98258193629948432e-01
2.99491803607957296e-01
3.44592692580059479e-01
2.99574300000475302e-01
4.81408503483959638e-01
3.05460126507158869e-01
2.39622660761517337e-01
3.00581023030757233e-01
2.87411341783243179e-01
3.01754765349056375e-01
2.98661036525113777e-01
2.97369212669069516e-01
3.44779087833278486e-01
2.95859637736416714e-01
2.99495713150898124e-01
2.99095523687382903e-01
2.84693869010918310e-01
3.05486453266269109e-01
3.00098048342147206e-01
3.09000311679126061e-01
3.04676185192543192e-01
2.73489781687980105e-01
2.98925320708956832e-01
2.99155767534168615e-01
2.91003998955850829e-01
2.41033723560663687e-01
1.81318886545091512e-01
3.02359367061375783e-01
3.71556619101106156e-01
2.99280068958990786e-01
4.18163933468195192e-01
3.03952477221585138e-01
4.45828897828433657e-01
2.92396036029920314e-01
1.85208403181462533e-01
2.43945173927221315e-01
2.97468203571967016e-01
1.81781731085748133e-01
3.28467655840364858e-01
3.60735157682049279e-01
4.83786636436990769e-01
1.51077356968701088e-01
2.98718101275124270e-01
2.97397724034042910e-01
1.72249073901586752e-01
3.09261567799862969e-01
4.00274292930186570e-01
3.06453258493767755e-01
3.01947424241682028e-01
2.72460321909382075e-01
3.13814539374066281e-01
2.88389528651559812e-01
3.04978695157500257e-01
2.97661800763525775e-01
3.03676161860817473e-01
3.02452009518635268e-01
2.89164687956540878e-01
5.11226774655294203e-01
3.38971005898216216e-01
3.16776872216877614e-01
3.04282956337179278e-01
3.13985883022701695e-01
3.01390424463905071e-01
3.51641931282086984e-01
3.11693276560249255e-01
3.11138361784042861e-01
2.69722848912080093e-01
3.27074649200405632e-01
2.97128789839439522e-01
2.99919827369504510e-01
3.00112602016708474e-01
3.00269345896068185e-01
3.01754083062702350e-01
1.79680568376752836e-01
3.09922473340431159e-01
3.00570242196385062e-01
3.97085409513121823e-01
2.97080726673386586e-01
3.07284325920334223e-01
2.82093740377064806e-01
2.93119750347076380e-01
2.71136710030521311e-01
3.00227756246503830e-01
2.29052727868760020e-01
2.69108258032784375e-01
2.13398383615443193e-01
2.51945683554076594e-01
3.02173775982295612e-01
3.09313480872674795e-01
2.88976424857140091e-01
2.84224909137062220e-01
2.68644476235344154e-01
2.96513467533053743e-01
2.90567941026846133e-01
2.98755817437234783e-01
3.70957972761502885e-01
4.03020239903944588e-01
2.94070744939062156e-01
3.00597256631886522e-01
3.15297349611338151e-01
3.06285930065141099e-01
2.91543162943126433e-01
3.00424011496946253e-01
3.01088550407527633e-01
2.89939051131527459e-01
2.98910600247193625e-01
2.97019134206121360e-01
3.01788826668335286e-01
3.06055356519957467e-01
3.02165990188076328e-01
3.00383347350358598e-01
1.34091394085700838e-01
5.60753319977262188e-01
2.90947558453020283e-01
2.99516300406189706e-01
2.98309270373839863e-01
2.36079451678373881e-01
2.98665251782803842e-01
2.97103508773126079e-01
2.97623416763036330e-01
2.53319206762766258e-01
2.97931111893201428e-01
2.87967608754528814e-01
3.02471218385789109e-01
3.17067847883384712e-01
3.02046200896704531e-01
1.56341466370790161e-01
3.08015863472123619e-01
2.49585314626562749e-01
4.05112930332952204e-01
3.13960460402598007e-01
2.99040230881228108e-01
2.40249767087900606e-01
2.19462870887160544e-01
2.98216124643697122e-01
2.85530374345865423e-01
4.04230644392211458e-01
2.96258901222117066e-01
3.02207489106019467e-01
2.42965671151929241e-01
2.98917735042497190e-01
3.48556337133488547e-01
3.01106736855750179e-01
3.22980321980256169e-01
1.35412638341677022e-01
2.12338549625368384e-01
3.01360614414006411e-01
2.97699786433804015e-01
2.93074551050324317e-01
1.84629790289068313e-01
3.02243698336478628e-01
2.98759574759259738e-01
2.97333503834267932e-01
3.06376909107643203e-01
3.01548786758698339e-01
3.54398766485523875e-01
5.05582190550339150e-01
2.76941967893127305e-01
2.97903916645574640e-01
2.81081928767908551e-01
2.95916843799289953e-01
4.58039230875927073e-01
2.99112350172705432e-01
2.86965506177106477e-01
2.99856966296934091e-01
5.02441940303140377e-01
3.45360073409670398e-01
2.73230456313108216e-01
3.05608847207761047e-01
1.28596395304792999e-01
3.08520321667425657e-01
3.00727246596079134e-01
3.01939463290261223e-01
4.40738126182978862e-01
2.94474772257730166e-01
3.63168428185820236e-01
2.95187306634397018e-01
3.07125010633807982e-01
3.81565738932261422e-01
2.99541704408722742e-01
3.07940564460176425e-01
3.42219259650373420e-01
4.18564351042945704e-01
5.75972669507370694e-01
4.04244954872964302e-01
2.98061197534956690e-01
4.06028551373537161e-01
2.98279161126755121e-01
2.98164354760101502e-01
2.90583158979102141e-01
3.23590277645573188e-01
2.83015874430650127e-01
2.93401480559908445e-01
4.53557611376644965e-01
2.77167318979040567e-01
3.00999075957936069e-01
2.96861797500239166e-01
3.25869510663882533e-01
2.76344483453109691e-01
2.79135635601473253e-01
3.06413608711898267e-01
3.05748351340166202e-01
2.99725631647203949e-01
3.02471784521253673e-01
2.89711100354316464e-01
2.98791180882507890e-01
2.20548962957796330e-01
3.03004911762765172e-01
2.68749858452821955e-01
3.63975220330384708e-01
3.03135504391605748e-01
3.05771826886806264e-01
3.10948961391013023e-01
4.83231921074202486e-01
3.00435241954949750e-01
3.07873587725824349e-01
3.03615052319125722e-01
3.28831521970665619e-01
2.86652869035444791e-01
2.72342939436985620e-01
3.26597136712491354e-01
3.07441463693775174e-01
3.26108434013383297e-01
3.12982506197609534e-01
3.56170162554486247e-01
3.10441061831149834e-01
2.98684918086412898e-01
4.04679457649666230e-01
2.98389556739695361e-01
4.19153814804724467e-01
2.99808720161894304e-01
3.34175757807446738e-01
2.99603231192477004e-01
1.87897186615560569e-01
2.83991182426520328e-01
3.07026852997726807e-01
1.16865320727526895e-01
2.99288159443704127e-01
3.01018320677996165e-01
3.29604246145520918e-01
3.34861977598727878e-01
3.08737173789370767e-01
2.98999970687139349e-01
2.95403749742550126e-01
2.98808664125694123e-01
3.03613641599623008e-01
2.99780186327925358e-01
3.01073835359011943e-01
2.85652476352376283e-01
2.99990113809739833e-01
2.40559571331439404e-01
2.99465185496140707e-01
3.66632713335699412e-01
2.96846643326909077e-01
2.72049247151024520e-01
2.99273464804441058e-01
3.25268502235619705e-01
3.53792292785529539e-01
2.98673542153272631e-01
3.63092330337555780e-01
4.07246626821004432e-01
1.90654558558853437e-01
2.95988727445540334e-01
3.01791823215154797e-01
3.01522127230929415e-01
4.23190354095178800e-01
2.99660825974337075e-01
3.03133139405542207e-01
1.84108744846869177e-01
3.31998614401661674e-01
3.01863922278609920e-01
3.03153772576172154e-01
2.54617254563467899e-01
3.56349582764929063e-01
3.37863788827622080e-01
2.98748825017875030e-01
2.62124896923001782e-01
3.02417060136593974e-01
2.96652252343270084e-01
3.30142204929538052e-01
2.76825953296836735e-01
2.85100071174110681e-01
3.01005598768397220e-01
3.06908068651178978e-01
3.00070673757961703e-01
2.99047556655858249e-01
2.54115808764797391e-01
9.61797201700365506e-02
3.01454032462460053e-01
3.01530883190417986e-01
2.94987094823459917e-01
3.10115320612037948e-01
3.08872987801379228e-01
3.06638821402140938e-01
2.97654270745333516e-01
2.95585615760725284e-01
3.06799789096635578e-01
3.84913610144030194e-01
2.98711986652781369e-01
4.12683466748466066e-01
2.96614187273380403e-01
2.76730588546398093e-01
3.09267363800201422e-01
3.01513223866369640e-01
2.92052128701940750e-01
3.01658811816966577e-01
3.00248161408990411e-01
2.97850847612246061e-01
3.07074850883901740e-01
2.89549760097357833e-01
3.63142763715083361e-01
2.96465157494966269e-01
2.08443895235120163e-01
3.01722616279215761e-01
2.99971893520661115e-01
3.04703364965488332e-01
4.34238062252225165e-01
2.93581398941424931e-01
2.91964136452672385e-01
2.99893638293069809e-01
2.45619706248821179e-01
3.67908341841692632e-01
3.60326656031905501e-01
3.06146217165919443e-01
2.04840549908969355e-01
2.99602905481759052e-01
2.99463166787867441e-01
2.86108842774099870e-01
3.05098623009181724e-01
3.01737800623286478e-01
3.97476793594955191e-01
3.07610583162474915e-01
2.88887497383928438e-01
3.16727713025630520e-01
3.06504462112032805e-01
3.00211366515855449e-01
2.87051020036051985e-01
3.46299977484113286e-01
2.96014061503049430e-01
2.99728178114900712e-01
2.30640462352258407e-01
2.99981436416770775e-01
3.35208332320637181e-01
3.00061303430099291e-01
2.99220126689064836e-01
2.99610712978977234e-01
2.99722831837058556e-01
2.15873523318330873e-01
2.14107473572637846e-01
3.19825413917081414e-01
2.95526585533811670e-01
3.27823246476431795e-01
3.04980288192722382e-01
2.95841552571914468e-01
4.05608227875049743e-01
2.96807674786506326e-01
3.02076206342491993e-01
3.00945572037536524e-01
2.96856762294806786e-01
3.00221940956707845e-01
2.47776105374043210e-01
2.93375955730633908e-01
3.04439141658440937e-01
3.01657161915004635e-01
3.02215469935148084e-01
3.00051699273669870e-01
3.27161680402998201e-01
1.86717146829624647e-01
2.91328040735914784e-01
2.50851700475691275e-01
3.01355916385411426e-01
3.00291973472905926e-01
3.00085624092707115e-01
3.34359723153184851e-01
2.99115907225271649e-01
3.91189217311816162e-01
3.02788796516953340e-01
5.23634249580519961e-01
2.33356161402473533e-01
3.21433364464696114e-01
2.95338129930898530e-01
3.03355405239107534e-01
2.42429342306470591e-01
3.00579448607742883e-01
2.94451302366241341e-01
3.01157759782834211e-01
1.90762228511132226e-01
2.07278820896081961e-01
2.96575155908469834e-01
2.72838288026849785e-01
3.05185845115319432e-01
3.20660180000052808e-01
2.13933671121858460e-01
2.54054007128633352e-01
3.02411219602027659e-01
2.98660254956376159e-01
2.99567839740490227e-01
2.88842305362665863e-01
3.02176833697445191e-01
3.04423818494617249e-01
4.09412829959830027e-01
3.00513986616306850e-01
2.97951975459906149e-01
4.62537845219052945e-01
3.03647002160824575e-01
2.99096654647908411e-01
2.98049828438982478e-01
3.00697862409482375e-01
3.01482957445823541e-01
3.52994505267985204e-01
3.29725003488330504e-01
3.45856265950655273e-01
3.04145265360009465e-01
3.70334540831358416e-01
3.55566647971800154e-01
2.99429105815571195e-01
2.88967510255023818e-01
2.99262234393686766e-01
2.91526713029051476e-01
2.83320955530433682e-01
3.00749537067109662e-01
2.99895321851696373e-01
2.67982056089011988e-01
2.93345102414483250e-01
2.90742500834956952e-01
2.97639706810234772e-01
2.23634478762572919e-01
3.11882817564905879e-01
2.08127559520003502e-01
2.90676276752289409e-01
3.37815177728266247e-01
3.07460732834945016e-01
3.91854437502597186e-01
4.42798359069051239e-01
2.66316415307308485e-01
2.87626718895028555e-01
3.20787310616692189e-01
3.02237605755201089e-01
2.42496266078223249e-01
3.14969797349990255e-01
2.97918967237079335e-01
3.02163449303978315e-01
3.68351196080432930e-01
2.98159305080616777e-01
2.97690350286743011e-01
2.92042337713395384e-01
3.00646238184825942e-01
3.79551914931378631e-01
3.00972518688328361e-01
3.27084090004265637e-01
2.96345201474789599e-01
3.03875235797997634e-01
3.07291684359562667e-01
3.16504900199086558e-01
3.44023212563474345e-01
2.99738582892578598e-01
3.02597105752760831e-01
3.29021908768019566e-01
3.24311007120641648e-01
2.39292424691277983e-01
2.84622085051740970e-01
2.97682234244761312e-01
3.01953714682105578e-01
3.21704016698254047e-01
2.66181021147294750e-01
3.01404933079165382e-01
2.95124281841107949e-01
3.61216914320761084e-01
2.96763785351299880e-01
4.12601285121689310e-01
2.97165364593681480e-01
3.00354190856813474e-01
2.97955960420997978e-01
2.99641515697122274e-01
5.12275994938065748e-01
3.01637889293393857e-01
4.66481673152531473e-01
5.24527156297441732e-01
3.00721637257651941e-01
3.57482423735751509e-01
3.92004901323424582e-01
3.01207603163220317e-01
3.00525562289058024e-01
2.47010273234781558e-01
3.02896368586249909e-01
3.00205124399532730e-01
2.99675158683894605e-01
3.00841796003713413e-01
2.48593935613464101e-01
2.34288570922979528e-01
2.95733491503513579e-01
3.01213912189750133e-01
2.03091676002954608e-01
2.97544631582989050e-01
2.90512996917055843e-01
3.79470271170474660e-01
2.24696138776396798e-01
2.99747141498425684e-01
3.09943104356435406e-01
3.02314927743748796e-01
2.95280731491074311e-01
3.10380819449868950e-01
3.77504679917331221e-01
2.54012526335143762e-01
2.97178532409692497e-01
3.17880749114342165e-01
5.69057507981604260e-01
3.03041394721025426e-01
2.91205070591065818e-01
3.02032542340400501e-01
3.00160516043825598e-01
3.14095545323844927e-01
3.02228779382796575e-01
1.26219812989924740e-01
1.02061548094679780e-01
2.84960745227023859e-01
3.93471159910504575e-01
4.25289696630350489e-01
2.90468194222331666e-01
2.99929341113998049e-01
3.07354395861278107e-01
2.97743260162595280e-01
3.09706023101533612e-01
2.82639173333025850e-01
2.82024499795290651e-01
3.62249966580122040e-01
2.96828995101474646e-01
3.02517887490646953e-01
3.34946739833822560e-01
3.05307097258297411e-01
2.99044961111170904e-01
2.96306672716352082e-01
3.01145518020964564e-01
3.14823826039043742e-01
3.01294527471701212e-01
5.59344657795191255e-02
3.39920061501550796e-01
2.97751212616706673e-01
2.47632624059908268e-01
2.85553069640021306e-01
2.56218918631682335e-01
3.90489549514952961e-01
2.99002484266394752e-01
2.99552274549834685e-01
2.98862341374600937e-01
3.00244985923948660e-01
2.99860697233769569e-01
3.01517085754020975e-01
3.01848474148346979e-01
3.12081447468468332e-01
3.04899289237374138e-01
4.31251589141691538e-01
3.02005961194052819e-01
1.53322821855098934e-01
4.17331150098205150e-01
3.01498913466330287e-01
4.87388725662578626e-01
2.96570419747910707e-01
2.42746287515740761e-01
2.99236742778331510e-01
2.98895540539179216e-01
3.32470196986954625e-01
4.68479768480940750e-01
3.01857620872318044e-01
2.97712548680675038e-01
2.97339257693490455e-01
3.05432174596143968e-01
2.62774945943373472e-01
3.14420489992809193e-01
3.03687860350455863e-01
3.00696415388661820e-01
2.97341684642359105e-01
3.20865209025742004e-01
3.03347061090477876e-01
2.87696800198780300e-01
3.72757667294335626e-01
3.00031285093177114e-01
3.28699578246262891e-01
3.05418900340293231e-01
3.09656552639292759e-01
2.63213338420317577e-01
3.02174482263291855e-01
3.01576615945483240e-01
2.96964213530833299e-01
2.72556810969452112e-01
3.03827991438620770e-01
3.33770829063679220e-01
4.71806991310345536e-01
2.98375959190374851e-01
2.98581032122550716e-01
2.98993021717273488e-01
4.90127844709021598e-01
3.13388704108589489e-01
2.90599630944731679e-01
2.56327489365741845e-01
3.03345080239192655e-01
3.05695895004680751e-01
3.02563612075585631e-01
3.01555925237389721e-01
3.40853698323760002e-01
3.90420723541563763e-01
2.97300387616412476e-01
2.33460309739202759e-01
2.91822335484722417e-01
3.77191033712983181e-01
4.25279081999156816e-01
5.43708633671950659e-01
2.94122519195575749e-01
3.06074930676247914e-01
3.38448505392894450e-01
3.67997143672745164e-01
3.24640340217785039e-01
3.02844212640267563e-01
3.02728630649717390e-01
3.01791480993623240e-01
3.01750833492836545e-01
3.79533505519885406e-01
2.55974623349459085e-01
3.16993571730384005e-01
2.97447594540232896e-01
2.98850103886831531e-01
3.02332165265843722e-01
2.85995702018297548e-01
2.37936686930522528e-01
3.29086014789337133e-01
2.92622742906442912e-01
3.39007585196385963e-01
4.79233272000279320e-01
2.98357575306495371e-01
3.00060740718829766e-01
2.77027919235762199e-01
3.15834085059187253e-01
3.82419506978523338e-01
4.94862263364904797e-01
2.45368905823972139e-01
3.17188902471943313e-01
2.48562868126917552e-01
3.19638474768546010e-01
2.61934588760171394e-01
2.91625322655983787e-01
2.98526151597880707e-01
2.99705298399075171e-01
2.32610363616003901e-01
3.01582474597354544e-01
2.21641128556842648e-01
5.15501014564521243e-01
5.57488942488107320e-01
3.01185901380755849e-01
3.01157400128207853e-01
2.96444394110734422e-01
3.04181399757972981e-01
2.94196285504053689e-01
3.63277868792772407e-01
3.46178269268115291e-01
3.01649327904876252e-01
3.22006486807383974e-01
2.50102849549869166e-01
2.96964856009144518e-01
2.68591421626613092e-01
3.73070571543819562e-01
2.93796646318754739e-01
4.73096025457459601e-01
2.99763846145768120e-01
3.06299420188753446e-01
2.76837855119022314e-01
2.99510220960499340e-01
2.99149870010021246e-01
2.93898289087719755e-01
3.09143871072532550e-01
2.88258359950092358e-01
3.01313063737942866e-01
2.90626966453356617e-01
2.78673511388308592e-01
3.08813449691832276e-01
3.05072414093659094e-01
4.53200299825263331e-01
3.01600675799603868e-01
3.00680966811286032e-01
3.01461742178010472e-01
2.99016479016114889e-01
3.24863143217067440e-01
4.39505247573289071e-01
2.89266906248308642e-01
2.95680349360210759e-01
2.95896498083842108e-01
2.43216045636753253e-01
5.07157332299760344e-01
1.20804072681928526e-01
2.98187090774591657e-01
2.86851190776550580e-01
3.00144667940446419e-01
2.69366968606529811e-01
3.06283892772754307e-01
2.97775590271972368e-01
2.70952190920567992e-01
2.96116337128518314e-01
3.03690966496813930e-01
3.04333456160682636e-01
3.93527290417306663e-01
3.59925380511121662e-01
3.01732819935469632e-01
4.57934146729746250e-01
2.93416250543827639e-01
3.00583606039196594e-01
1.76111155509622141e-01
3.54017822091770906e-01
3.23945985545668114e-01
3.03079651766382963e-01
2.90148552641480761e-01
2.88919164770696069e-01
3.01000894082544213e-01
2.98083009471870441e-01
3.03428601244827179e-01
3.04205775900983633e-01
3.01014071960620799e-01
3.03347065907332347e-01
3.28942899288382995e-01
2.93546673243473721e-01
2.81308944828861318e-01
3.01169242854597952e-01
5.30005076588883961e-01
2.99842637167702930e-01
4.28946152904122302e-01
3.02151593603990798e-01
4.03049772453521082e-01
3.11920778291006562e-01
3.03433073565912759e-01
2.61292977322301057e-01
3.03343151580915127e-01
4.28336190516114212e-01
2.62074436509322994e-01
2.95306845286185560e-01
3.12122869727428587e-01
4.25300227295813627e-01
3.00689888321786780e-01
2.00876346698588615e-01
3.83373074416178683e-01
3.01690791374536083e-01
3.00297602357129045e-01
5.29910260213169781e-01
2.90706368197843790e-01
5.54524525372836363e-01
3.01759462417545865e-01
3.01988479446337221e-01
3.15367419819953143e-01
3.01380842038181718e-01
2.90914016176623325e-01
2.94119488556116360e-01
2.92879264087034630e-01
2.90978734150044605e-01
3.04056932741858021e-01
2.95390120576257242e-01
3.04276449340181221e-01
3.13090447064221289e-01
3.00555865263451849e-01
3.00094023521742193e-01
4.72222566227143314e-01
3.01246135782828051e-01
3.01400933916958935e-01
1.41082260558840406e-01
2.86141781912439608e-01
3.09025356143672547e-01
2.97975406123311803e-01
3.00803904924648424e-01
3.07041470821473372e-01
2.98670744762731311e-01
2.98421623541339442e-01
2.95653814447921992e-01
3.02784798393798460e-01
3.74479334215034765e-01
3.80997567071582666e-01
2.91435850997958656e-01
3.55990032672891699e-01
3.14665939920960758e-01
2.97581876500334741e-01
2.97981830403276526e-01
3.01138586233220817e-01
2.93606853372514631e-01
2.91823998690002473e-01
3.01845103780143453e-01
3.18096176621199378e-01
2.84413595335126668e-01
3.02441258817643777e-01
3.34565128046067140e-01
4.76709737345355711e-01
3.39153659839925570e-01
3.15840503951292040e-01
4.39270582403098186e-01
3.03745628508284571e-01
2.98159773769219039e-01
2.61628991005714684e-01
2.89674880516355815e-01
4.39643249164194838e-01
3.01593993581992570e-01
4.72750287326530405e-01
3.21015910119551162e-01
2.97953094981514899e-01
3.03474795387212115e-01
2.99611981195698651e-01
3.35938767821716278e-01
3.63086724798431126e-01
2.98438242009475552e-01
2.97679234387951741e-01
3.00526862774296188e-01
3.02328963491183322e-01
3.30548977105350250e-01
3.01554229021401110e-01
3.03490577311086807e-01
3.69854212139876404e-01
1.89755181332667083e-01
2.98290511687212267e-01
2.96658679447930562e-01
2.98809591171427080e-01
3.12741920950114216e-01
2.19903576446548066e-01
3.01682550984445408e-01
1.47776676596285184e-01
2.80301712980835893e-01
3.01880467293557664e-01
2.98586928863636081e-01
2.97806686234995788e-01
3.38675562560792454e-01
2.95457686940483744e-01
2.91982028897376955e-01
2.96839376521475462e-01
2.13879490119671306e-01
3.03044279495492508e-01
2.82490917178684131e-01
3.08663248724392991e-01
3.01763932156447978e-01
2.93261014544378418e-01
2.87648431002949456e-01
2.99835763003312661e-01
3.11858121126438403e-01
2.96264587290252901e-01
2.98772322529415435e-01
3.80161796168536403e-01
1.38053982394301333e-01
3.72313690196524438e-01
2.87924001687145381e-01
3.00362389118994932e-01
3.16645942385963164e-01
2.97070440807301717e-01
2.61838748320522730e-01
2.96328913490311818e-01
2.99710657175999484e-01
2.95727955468744141e-01
3.01903967517082095e-01
3.42614779611962628e-01
3.24371932063867607e-01
3.20110959861284183e-01
3.04006371038434808e-01
4.84532635420093560e-01
2.86891586457177661e-01
3.08972198916931617e-01
3.01845265612166791e-01
2.63852579243582464e-01
3.02213262870669019e-01
4.67239903907810394e-01
2.91072358749022486e-01
2.92066936624097495e-01
2.98074065373750863e-01
3.39282237351387295e-01
2.67651545880969177e-01
3.62366963201993353e-01
3.11743184079122881e-01
2.97612159937145015e-01
2.86956313880669611e-01
3.00791545941739624e-01
2.97232598167679551e-01
3.10350719754474924e-01
3.02593735005033115e-01
3.01334848628535601e-01
2.89911266110011945e-01
3.05533788320254407e-01
3.00840071085957006e-01
3.00036861759914564e-01
3.10958443203598223e-01
3.08926331908816243e-01
2.99847237286852975e-01
3.43781597586347409e-01
2.98820292958253519e-01
3.04575837440589081e-01
2.57221171784964509e-01
3.39697220145602552e-01
3.02832660756650218e-01
3.01032035753387994e-01
2.93099782086936600e-01
3.41527126466532549e-01
2.98202155668215285e-01
2.84960355426393697e-01
2.10822621536121524e-01
3.14384033281089326e-01
3.09102911989960927e-01
2.95634309744684631e-01
2.83627085940539259e-01
4.26402310511790783e-01
3.16266817459804894e-01
3.09312708381674351e-01
2.99083679768033350e-01
2.98070655728136680e-01
2.61918790779396338e-01
2.76171704693917386e-01
3.00929837548390700e-01
2.97160011208423724e-01
3.03983460570562081e-01
2.91545970055474779e-01
3.65570120910583551e-01
4.37971182597127084e-01
3.02962198458504250e-01
1.28576074434830184e-01
3.00382795678745429e-01
2.67647167023033983e-01
3.05328340326623149e-01
3.28378632956894401e-01
3.09046744372194260e-01
2.95992943965948274e-01
2.54111548699105572e-01
2.97544864708139123e-01
2.85660109285508779e-01
4.37291007194333836e-01
3.13750224093162944e-01
2.97890072054007693e-01
3.01186644160443606e-01
3.79260382025489118e-01
3.27912751561782623e-01
3.43670267937586149e-01
2.99799182952860122e-01
3.01610247506215678e-01
1.62657071962821559e-01
2.91468238112135458e-01
3.00068028962192757e-01
5.23153867388075566e-01
2.53047149674465788e-01
3.01237295567965913e-01
3.00427142387439838e-01
2.97224807136407143e-01
2.23018002282790284e-01
3.02418151244591316e-01
2.99368669524676945e-01
2.87168934760775596e-01
2.98616888377930934e-01
3.00173336406882929e-01
3.01931088847237794e-01
3.58643766707273937e-01
2.94067896906801851e-01
3.00078581485409668e-01
4.39768550263880009e-01
2.94732116514987263e-01
3.03576911208817357e-01
3.84467228509473069e-01
1.56132958579017461e-01
2.95776476653791920e-01
3.18499649636211191e-01
2.83624016567676718e-01
3.04164544148056382e-01
2.35131335232505567e-01
3.87528943459037545e-01
3.08953495634531672e-01
2.89173609527525521e-01
2.96899212543836832e-01
2.92065690783256893e-01
3.03727649897288843e-01
4.51820746622096037e-01
4.25395075901448150e-01
2.18603937016862371e-01
2.98458556408613962e-01
3.13966920643150238e-01
2.88745704093934186e-01
3.22510037992971788e-01
3.07147297185329016e-01
3.01752845986990315e-01
3.20644967091060995e-01
3.75599351830564199e-01
2.94533032736162159e-01
2.99879527043982519e-01
2.98783701208186980e-01
3.07017189300457238e-01
3.20293214696041273e-01
2.96721869234569002e-01
3.80776736634100554e-01
2.97962721246524176e-01
3.03022349379648170e-01
5.35853546918640289e-01
2.97567338244529800e-01
2.82271987039874717e-01
2.86186386724595732e-01
3.62781086010703968e-01
2.27674185374245025e-01
2.98833885940953614e-01
2.98249777793481385e-01
3.08359859930323388e-01
2.47221569578413819e-01
3.01448495794407079e-01
1.48061079952274854e-01
4.94841913626534735e-01
3.04111964304017435e-01
3.00503774857888983e-01
2.48708311495627332e-01
3.22814688963844076e-01
2.71819759558102558e-01
2.88760471866501611e-01
3.96481132988924123e-01
3.03651060482165225e-01
2.98896634552885732e-01
3.98202031381085897e-01
3.00380524813789629e-01
3.00960468225057842e-01
4.47848569614535286e-01
3.75927972026112611e-01
2.95797490971564325e-01
2.99640017097313693e-01
3.34459622358414088e-01
2.62995391813344526e-01
3.05077120259779289e-01
3.00771612553742018e-01
2.97226371647552501e-01
3.05051993663218168e-01
3.30232351959905746e-01
1.72440921781728651e-01
3.30658566492830319e-01
3.50249694208820794e-01
2.54248831982352541e-01
2.80460749998777292e-01
2.28960730755947806e-01
3.02566608646716029e-01
3.17926099972479725e-01
2.99133396925052031e-01
3.33716030587562662e-01
4.95485599184768088e-01
3.04432440830323836e-01
2.98454583805879026e-01
3.13250726527048162e-01
2.84084038529695493e-01
2.92532949049321422e-01
3.01006222636111209e-01
3.49680375825236534e-01
2.97675505467725254e-01
3.05479666393089655e-01
3.67178929114454544e-01
3.11988447436124194e-01
2.47304860082242506e-01
3.05068142351239080e-01
2.98163701115326141e-01
3.03747812610787593e-01
3.41461916995524695e-01
3.35142690869225490e-01
3.10523109051631885e-01
2.96966783631136211e-01
3.23384327712040787e-01
2.00588873368129500e-01
8.92131675273122732e-02
2.71695199886376026e-01
2.90562798372582698e-01
3.54563025769752738e-01
3.04325328803297823e-01
3.00911783097358942e-01
2.81913913630908619e-01
3.30930103689814237e-01
2.88603082458571247e-01
2.46026818727001662e-01
3.01405974199293547e-01
2.67351128900568391e-01
2.97906173961106691e-01
2.87787556161721580e-01
3.09272364180680936e-01
3.67103698168735448e-01
2.95873377371131507e-01
2.24179710390564502e-01
4.24490210126132916e-01
2.97483831855688829e-01
3.02162857543929297e-01
3.61834089695501904e-01
3.01599421910008325e-01
5.30065723666833355e-01
3.16681883060252911e-01
2.80044574795091539e-01
5.39512378050637120e-01
3.03155479628490876e-01
2.59364139718752884e-01
2.57935226008356999e-01
3.03548218014982163e-01
4.56500705881426161e-01
3.05876666798289343e-01
3.00525096793186342e-01
2.93988960376574737e-01
3.04074599941269452e-01
3.13006011507436899e-01
2.98629878313161456e-01
2.96414382499191387e-01
2.98947968261211283e-01
3.00895662927609608e-01
2.48913266677114747e-01
3.02434106244551526e-01
3.13601433160586085e-01
4.30274062148910674e-01
2.05522977613569385e-01
1.06822568546519961e-01
3.01116736062209567e-01
2.85291035726206677e-01
3.24128909432424006e-01
3.01402569870622750e-01
2.67654092654374509e-01
2.75315251799313598e-01
2.98186920301928282e-01
3.44193101563697146e-01
3.24287428811463274e-01
2.74575215533627792e-01
2.83398784958806660e-01
3.15506071918595477e-01
3.04824147677764501e-01
3.64280943315902495e-01
3.06881662423906743e-01
2.99535405727591408e-01
3.98256133612090835e-01
2.98625047676968070e-01
2.85640210890188206e-01
3.02001155632467044e-01
3.03620553937967053e-01
3.01495504385200064e-01
2.91896076127348469e-01
3.23229296681492917e-01
2.10679396209338565e-01
3.01454170140912303e-01
3.25630674893410188e-01
2.98638400463548948e-01
4.31482820414176016e-01
2.86252674936871954e-01
3.02892578949694902e-01
3.18122088917867141e-01
2.99902205130234856e-01
2.64050072163470262e-01
3.11120906126050090e-01
3.06429792447473814e-01
2.97924915177525784e-01
3.31771218994926897e-01
2.60789059077305430e-01
3.03485535540312767e-01
2.70139979620700355e-01
4.65780978835176829e-01
3.15453506072061851e-01
3.09156542087729691e-01
3.00801887523922784e-01
3.01082670556900800e-01
2.91381228064999109e-01
2.96196461825394830e-01
3.00716028752427089e-01
4.42178637347887260e-01
3.06196017425467926e-01
2.80364007937650983e-01
2.65621749918984684e-01
3.85661693739467903e-01
3.29580610920356676e-01
3.13204812179453562e-01
2.98897052858925427e-01
2.75571309487526395e-01
5.47090365689754443e-01
3.00712908730884299e-01
1.61282223882720899e-01
2.86905574203782210e-01
3.09365598534945496e-01
3.13950652609971015e-01
2.68387584584699412e-01
3.07830504699739993e-01
3.17959073561813688e-01
2.98516731573009675e-01
3.10268231374609904e-01
3.44306660213173577e-01
2.51591653419613981e-01
3.41832392893689829e-01
2.93937279805956242e-01
3.02445817717225840e-01
3.08485681661969935e-01
2.92380154440801732e-01
3.01291990604618587e-01
4.19215062154226825e-01
2.90355351858853028e-01
2.98675525571156342e-01
3.83659913255950835e-01
2.98556012949670158e-01
3.04596310926019354e-01
2.86348926115881475e-01
2.99537447165521553e-01
2.67040310176609452e-01
2.94676258139476566e-01
2.98707327037144532e-01
3.01710922609251420e-01
2.92165041185917962e-01
3.03653649900915201e-01
2.98080885077818936e-01
2.80047668129440097e-01
5.13466184231569978e-01
3.12632396664986323e-01
2.55674287124719735e-01
3.06391186933931026e-01
1.61132552034676912e-01
2.92091016899195699e-01
3.10933442529646997e-01
3.52832721970133267e-01
2.78016493108775298e-01
3.29994964703859139e-01
2.96729604696365223e-01
3.08558289303546063e-01
3.01119947050564662e-01
3.03165706444365857e-01
3.05965007111403453e-01
4.30667573642079304e-01
9.65160921000383365e-02
2.83278401731980156e-01
2.99863982400914997e-01
3.00463345080029476e-01
3.02041729813027848e-01
3.00887562030679290e-01
2.97081528091968472e-01
1.57839188889635829e-01
3.02617369424254434e-01
2.80870651658983395e-01
3.02440960892205957e-01
3.46691671730199602e-01
3.39890320521476719e-01
3.08413123943970968e-01
2.98332164671526845e-01
3.01203783788643598e-01
3.56096984580906717e-01
3.00688122437700101e-01
2.76726892721314399e-01
2.99833503657442657e-01
5.72675856948665296e-01
4.31523707187161820e-01
3.02209060706564059e-01
3.23723175764424997e-01
2.99867655147474710e-01
3.05640019788955830e-01
2.36956746345366898e-01
1.91682476362802168e-01
3.72928285401928239e-01
5.25566033308060510e-01
3.66800905399164323e-01
3.15912536417998879e-01
2.24840789861192270e-01
3.19669795216338926e-01
2.33797545799870748e-01
4.53898686650112126e-01
3.04841334017245502e-01
3.21036548485240381e-01
3.77664490181111867e-01
3.27541136244458353e-01
2.66325306146539154e-01
2.85622138279237492e-01
3.06892194849968492e-01
3.26687342841697925e-01
4.32970633744630351e-01
2.62591728284775228e-01
2.98223356659037375e-01
3.55359762630687914e-01
3.01926711322018648e-01
3.01640623410573017e-01
1.99820875753180610e-01
2.98816470578654569e-01
2.45402242641826029e-01
1.46384096553166226e-01
2.97431000256561218e-01
2.95178545426018846e-01
3.01888799531242258e-01
2.99034992278487455e-01
3.06657672143299198e-01
2.50780475219609222e-01
2.97933528427332228e-01
4.52310506815532087e-01
2.87885918545118413e-01
3.05094288019373439e-01
2.83900245606813095e-01
3.42947915022256411e-01
4.05585984323224791e-01
3.31148512275225737e-01
2.93577122108318878e-01
2.99733239303508814e-01
2.25772835798204119e-01
2.34998722748623379e-01
2.99568616537747689e-01
3.89057914590933251e-01
3.02948839180296858e-01
2.94211047890069410e-01
3.25662892401789472e-01
3.00886416107078669e-01
2.98924769774918941e-01
3.08262311746829831e-01
3.05845928186677163e-01
2.93635627556100731e-01
3.00857379576206396e-01
2.99908617609432659e-01
3.08176619832029819e-01
3.04974733942332266e-01
2.92769383804781347e-01
2.99428101395939339e-01
2.99432108962154386e-01
2.98572803741749437e-01
2.95094047455711328e-01
2.85543017707469038e-01
3.24693338959999633e-01
2.87041748179314604e-01
3.33673216308575382e-01
2.75260790048931836e-01
2.88500425297595176e-01
3.03287651636543254e-01
3.02431589122258371e-01
1.27061049924394820e-01
2.97506164403040396e-01
3.00780006795529298e-01
3.05888269256256340e-01
3.88675041601018956e-01
3.01565640741611407e-01
3.15779773712457745e-01
3.00668817326336157e-01
3.10755569921861707e-01
4.06200220818882962e-01
2.99554435380855910e-01
3.01407274251316304e-01
2.98903297322358763e-01
3.78962209056610544e-01
2.84956119301201072e-01
2.82478458324685489e-01
4.12653746488444273e-01
5.54313002502966334e-01
3.19450471510981993e-01
2.90696262900890401e-01
2.80498442822802951e-01
3.01001844489835468e-01
2.60660925017552836e-01
2.78837790614107128e-01
3.01426336652500293e-01
3.29868931850599345e-01
2.42253322295295337e-01
3.19592726643854019e-01
2.98128665366116874e-01
3.35958339924752269e-01
3.70112477866662959e-01
4.59607786860723178e-01
2.96379124474352662e-01
4.44017684763139908e-01
4.49556708104623337e-01
3.10437768536833136e-01
3.00219544559908347e-01
3.19356070685687388e-01
5.31580019267149484e-01
3.32375665812760512e-01
3.02452117228207473e-01
1.54651914035222965e-01
3.10019318270755240e-01
3.70222380336833301e-01
4.41419126687695174e-01
3.43221749888517391e-01
2.99571722420843567e-01
3.48357274637469683e-01
2.99034086447519720e-01
2.99564773115232885e-01
3.01818431708251622e-01
2.98037675905729216e-01
1.19989365342935250e-01
3.04713332198025433e-01
3.80080883836977357e-01
4.42185235159471668e-01
2.99282301175848087e-01
4.95056693822202298e-01
2.97280923398797470e-01
3.48937628002402855e-01
3.04279913608706154e-01
2.01123787346389027e-01
2.02718951762126648e-01
3.42982148164277134e-01
2.99145533772997130e-01
3.06489361645087999e-01
2.42197364069505733e-01
3.13015595342764519e-01
3.70292777180410704e-01
3.03898779935458163e-01
3.00950780569622212e-01
2.49263131816020805e-01
2.97890436460920172e-01
3.01268257623207747e-01
3.02020957811324431e-01
2.89515871071111097e-01
3.18739263932367678e-01
4.59315372236550390e-01
1.93401630569908806e-01
2.93276042699539941e-01
3.01561548733708773e-01
2.91119566878967173e-01
2.99139118720519792e-01
3.00090373275698541e-01
2.98330499172816510e-01
2.99098589661367875e-01
2.99843744478453134e-01
2.99406342894462163e-01
2.80685420660154450e-01
3.01635400522967945e-01
3.42489813758744266e-01
4.18705975447424161e-01
2.62649036074498576e-01
4.61264073346869308e-01
2.98267003907548012e-01
3.04050837459240997e-01
2.99635509379501230e-01
2.99001975999440894e-01
2.88728357167477356e-01
3.81459537659449122e-01
2.94858268483460584e-01
1.64091770878828980e-01
2.99313856458211125e-01
3.39538884124053308e-01
2.96784178569897306e-01
3.01375869798404361e-01
2.93341702994515063e-01
3.00881463964448814e-01
3.01691929448786922e-01
2.92554328936745711e-01
5.07617061930821234e-01
3.21967109964593712e-01
3.25902176328347226e-01
3.27851345779477943e-01
2.98521431958089889e-01
2.97990723099873178e-01
2.95349476139951606e-01
2.92740240974301569e-01
2.10082427557071877e-01
2.98239755643364968e-01
3.01318989653007796e-01
4.66440013000278597e-01
3.01474512123269256e-01
3.00280057810598744e-01
3.25129334969316452e-01
5.44892202873444420e-01
3.12348710842897614e-01
2.65896165650897742e-01
3.02907925928635469e-01
2.98499266121358853e-01
3.26492797166907434e-01
2.98310311801271932e-01
2.96891671358278653e-01
3.00418489577748749e-01
3.77920320788437736e-01
2.96103653338215034e-01
3.02186810031237096e-01
1.14508094520775996e-01
2.83193318469336264e-01
2.92893209960732759e-01
2.90551009710293462e-01
2.45404218019167120e-01
2.29655687976720146e-01
2.57640627912148534e-01
2.74779369971353882e-01
2.96625569967784053e-01
2.97778964622736841e-01
2.98356237931721280e-01
4.76969673186945775e-01
3.16137187586193802e-01
3.01762160218230380e-01
3.01862813033793032e-01
3.47651551989170526e-01
3.24455067409936126e-01
3.00204392339532444e-01
2.98556271300755072e-01
2.99749467824732385e-01
2.76953509875013049e-01
2.99762620277783998e-01
3.01532762690626621e-01
3.29422584335525404e-01
3.49837068744336788e-01
3.43964910141239477e-01
3.05049969333705207e-01
3.00095727955942526e-01
5.57750654627374054e-01
3.01150223462023636e-01
2.73099669584144278e-01
3.06377339204981669e-01
3.80339077164933204e-01
2.84947747591049405e-01
2.79914150102266113e-01
3.05279554328369229e-01
3.98630425935287802e-01
3.03191896595728927e-01
3.03753092086080478e-01
2.94594227172741863e-01
4.19157269031434299e-01
1.63694123799415558e-01
3.46575865321729293e-01
3.23456930867671910e-01
3.08640772100269190e-01
2.81666304984615479e-01
2.98434443379266168e-01
2.97968656837961421e-01
5.60216277243722804e-01
3.84792538484096724e-01
3.20948357561609943e-01
2.89267343237313124e-01
3.01407226356503966e-01
3.05973898132966105e-01
2.96227449996895320e-01
2.94262750980348653e-01
3.02954048944918286e-01
3.50453069101028303e-01
2.56280634743475288e-01
3.51882726014974612e-01
2.97847119353260026e-01
5.46486924389552597e-01
2.98417414613219467e-01
3.11019326724381651e-01
3.04156007845047649e-01
2.98050131841745891e-01
2.98955871604702494e-01
3.01256995850656517e-01
2.89749022718356841e-01
3.71213483578770931e-01
3.06210737432680402e-01
2.98570583880142515e-01
3.02501711478252611e-01
3.01106245570388453e-01
5.23097975124044212e-01
1.60685545137979363e-01
2.99490650344132359e-01
2.91841245724631826e-01
2.98894072236371044e-01
2.60400977928395505e-01
2.99802709856052008e-01
3.30467456606589938e-01
3.06352172786504173e-01
3.03900333197460126e-01
3.13468501521994902e-01
2.98785427144336146e-01
2.19585625529920170e-01
3.03931011739276946e-01
2.94390689255588922e-01
2.51290296717410711e-01
2.96399250054456109e-01
3.03555111496720431e-01
2.95306574605267880e-01
2.86497678048465543e-01
1.14165155885307734e-01
2.99953447062200562e-01
3.00099721763736116e-01
2.37195850440593464e-01
3.09550350799756957e-01
3.44338097369540019e-01
3.02869622944954009e-01
1.58883332074917338e-01
2.98173480084338194e-01
3.01257842458483360e-01
2.92490079730675534e-01
4.60138827141904683e-01
3.40605959960941396e-01
3.01500976038647395e-01
3.01259842421716661e-01
4.58558093141666012e-01
3.05943038432736125e-01
3.06216503522157790e-01
3.05645135568525794e-01
4.57886706063488857e-01
3.01063129369110893e-01
3.11338398721935194e-01
2.84729540342825993e-01
2.99306523246636924e-01
3.72393633636716515e-01
3.03280476761983997e-01
2.24446269089039502e-01
2.57660857361212747e-01
4.49543394476217106e-01
4.70228989200306979e-01
5.54954439536732291e-01
4.69216786969529565e-01
3.48102745411198899e-01
2.26957988105413233e-01
4.01188376319319639e-01
3.94610153374261308e-01
3.01606412463197082e-01
2.99760244971428835e-01
1.74370988663586607e-01
3.05718402532225042e-01
3.97699317860770785e-01
4.13266767218934572e-01
2.99443674695162754e-01
2.97887493974164697e-01
3.01924180838259837e-01
2.94451119719986387e-01
2.93316221990199244e-01
3.01472549276508850e-01
3.09240708871581393e-01
3.60895016680712999e-01
2.85568497979618252e-01
3.42058641729240887e-01
3.03730551045770569e-01
2.97130142378180861e-01
3.03688043840722677e-01
2.97704662372851703e-01
3.65783226828875596e-01
2.99341856232483883e-01
2.88332588365307729e-01
3.02591395336347657e-01
3.25733232522049498e-01
2.54513544687177629e-01
3.10657870600774821e-01
3.17101230871759621e-01
2.77445616619934554e-01
5.55358260012090987e-02
3.01522777647154960e-01
2.99204693785078468e-01
3.01835844245237017e-01
3.00527397482578507e-01
3.01588321842402696e-01
2.83631573259414793e-01
4.02755612768237514e-01
2.47495096429656058e-01
2.95967218538336074e-01
3.01496495901511785e-01
2.95421050225732118e-01
3.01050283012585351e-01
3.01730674746372052e-01
3.01853644432386214e-01
3.21084480228066682e-01
3.01835102585588100e-01
3.01902362887181586e-01
4.60690427295489202e-01
2.97187461023940780e-01
2.81287988255156052e-01
2.99133892864048567e-01
2.97893954319289833e-01
2.98491374545216570e-01
3.40556253584890944e-01
2.98850257696776200e-01
4.83950727803167835e-01
2.96348059646433404e-01
3.05880981880544467e-01
4.65153462750176550e-01
2.98398897052716883e-01
2.91864788749021220e-01
3.03336321223112604e-01
3.00495243157729686e-01
2.97845624700124711e-01
2.93932014716674184e-01
2.97772547139059540e-01
2.99030826134221106e-01
2.87947260725705201e-01
2.99327339639913037e-01
3.68154238853184546e-01
2.74250164937095031e-01
3.02789173795411259e-01
3.12113216479196098e-01
3.01817032786143302e-01
4.22144797685643891e-01
4.09790351799979247e-01
2.75513899271524532e-01
2.88011314584146749e-01
3.15241213850409374e-01
2.97176196953523430e-01
3.00058546883470001e-01
3.31430878985669586e-01
3.95260711804830467e-01
2.98480854775819426e-01
2.99328810419603131e-01
1.94386159004331871e-01
3.20796210740423915e-01
2.96097214946102305e-01
2.49368209663087037e-01
2.99412285250097276e-01
2.72423988746377188e-01
3.92623428417940457e-01
3.00120440710373249e-01
3.33533094000365182e-01
2.97937446256095750e-01
2.97327648810243816e-01
4.14924723443747923e-01
3.21416151582880560e-01
3.43482938538610949e-01
2.97376719078804808e-01
2.97860773773095666e-01
2.99696916818765147e-01
3.00668356706585926e-01
2.99314214409360402e-01
2.82793997337038805e-01
2.96059561825817663e-01
2.96395270694804924e-01
3.53629701369133131e-01
2.85246103698146736e-01
3.00853781713468660e-01
3.90660882096266537e-01
3.00806494613265751e-01
2.54637247639596831e-01
4.12137710543216906e-01
3.02983060740958710e-01
2.76312373359550945e-01
2.98476612367826299e-01
2.98947317148709812e-01
3.49189005662615459e-01
3.02280563476477027e-01
2.88535352366710962e-01
2.97937106539654772e-01
3.85224437249571006e-01
2.85805629451847898e-01
2.85247256460560317e-01
2.82519556546907191e-01
2.99219197556442329e-01
3.20859343870921909e-01
2.83166289242765379e-01
3.02368343825521635e-01
3.00741306012486331e-01
2.16644082288793727e-01
3.35635574895765398e-01
3.00381947724006393e-01
2.94918346255561015e-01
3.10648564956271744e-01
3.20905872952032600e-01
3.01651050357468364e-01
2.96148163718045143e-01
2.77580155422007147e-01
2.98636098268157901e-01
2.96009232300905645e-01
1.04194088032697627e-01
3.00157419779340406e-01
4.38970729162782958e-01
3.24731767711208041e-01
3.05387084635867445e-01
3.21840375255342703e-01
2.94416525406089535e-01
2.87430697790964584e-01
3.36581295215806819e-01
1.42016480621259156e-01
2.90583536245569540e-01
3.09664304663620438e-01
2.98712604296899498e-01
2.79355572939394559e-01
2.20579041059754788e-01
3.93766595520848084e-01
4.67167196479826963e-01
4.76744871074647636e-01
3.08295410028639749e-01
2.98194035577513783e-01
3.78115481465369552e-01
2.98288876365931377e-01
2.81714011691016619e-01
2.94909237268936975e-01
2.86697022191212569e-01
2.87179182473063177e-01
3.51868390829846778e-01
3.79507312246572359e-01
5.02773594432298410e-01
3.01665163932744673e-01
2.93990169249027045e-01
3.25905192134509802e-01
2.97647557770507887e-01
2.89914570969445007e-01
3.07317984883443640e-01
2.68283414904286532e-01
3.07955152053684289e-01
2.99039416682827186e-01
2.25926479515960482e-01
4.05503090375348985e-01
2.96740009826347906e-01
3.03006754597586969e-01
3.01267832244529299e-01
3.29129321407895636e-01
2.99140704181592054e-01
3.00301406869913357e-01
2.56255174031608746e-01
3.00822849126475889e-01
3.00603691274698215e-01
2.98547181662034811e-01
3.85595289984368983e-01
3.60262783335194958e-01
2.94477367858949790e-01
3.00880539266983715e-01
3.18303524414691563e-01
2.43133738893093171e-01
3.03274851311959248e-01
3.65845389990546499e-01
2.97031712222935063e-01
2.98053791982598903e-01
1.76015836454908370e-01
3.06518695977478883e-01
5.11864319652968192e-01
3.04538191825877047e-01
3.43004308491416554e-01
2.90942594570441193e-01
5.48344675179347485e-01
3.36335204576444780e-01
2.97867066646910261e-01
1.69878899572031339e-01
3.02005276737751238e-01
2.97932030096718925e-01
2.99283561558451983e-01
5.51536819027407144e-01
2.89844487568591769e-01
2.80736960855749895e-01
1.46398461866829588e-01
3.00486848827774600e-01
2.94332044892664346e-01
3.58486554752593778e-01
2.97059378134325258e-01
2.66199738470630998e-01
3.02645165837363395e-01
3.00013192476030199e-01
3.00699016365264860e-01
3.08364887137507926e-01
3.01669590025033185e-01
2.96826482631894817e-01
1.08817454600040081e-01
4.46815030220872711e-01
1.24235839937527459e-01
5.58843711146549071e-01
2.86221326370245499e-01
3.03965292235890250e-01
3.02552009220018514e-01
2.99335406619373134e-01
3.00972437485433619e-01
2.03160368688888621e-01
2.98036045935735128e-01
3.01549556179441569e-01
1.49428440101126603e-01
2.99174318117544469e-01
2.78058788812238833e-01
3.00216171383812458e-01
3.00930955215704010e-01
3.02917555019934726e-01
2.81942863507621544e-01
4.04899350182824802e-01
3.82585948435361867e-01
2.99336281613099831e-01
5.00487377855256321e-01
5.10999521839038406e-01
3.77731918027520208e-01
3.05553786193246912e-01
3.01405889192451426e-01
3.01128163457146159e-01
3.03987968269925080e-01
2.84155340413550395e-01
2.13049188084572849e-01
3.91986331479076189e-01
2.99536397420776368e-01
4.04374410913345306e-01
2.96783028073530519e-01
3.25848722960094705e-01
3.00770395090559306e-01
3.01486092405434836e-01
2.95696103838728963e-01
2.96250448012135459e-01
3.06879289608836703e-01
3.03715119633189035e-01
2.93511248804995739e-01
2.97588520482728158e-01
2.98004684908400930e-01
3.64658769780429604e-01
5.49954222681321991e-01
2.97122893532122623e-01
1.16596846083325295e-01
2.98533303081243484e-01
3.00574939277967579e-01
3.02409039830652260e-01
2.87255428519222922e-01
3.13053394374196992e-01
2.99120587570314678e-01
3.28301439589415822e-01
2.37046026558106360e-01
1.25495341098799451e-01
3.08155953976239572e-01
9.24904020726463744e-02
3.91161997145420159e-01
3.61013953635341611e-01
3.53852323631218324e-01
2.81551861904573930e-01
2.96559716530326090e-01
2.99057127523541966e-01
3.00486105135766235e-01
2.99538751624566724e-01
3.07169564956298657e-01
2.96451873595631799e-01
2.96367345723564490e-01
2.98575476926688732e-01
5.08810457275973627e-01
3.02007296107569712e-01
2.10152512551419618e-01
2.93875360272672359e-01
2.94641865473942999e-01
3.17079198386735928e-01
2.77563774257447493e-01
4.61633081977874837e-01
2.92125695861585211e-01
2.87978653830616604e-01
2.96407429287237956e-01
1.17274064395421165e-01
2.84051559427520028e-01
3.08098373105743062e-01
9.93470106696714844e-02
2.95296572317305661e-01
3.00238519757610789e-01
3.03654430047771373e-01
3.08463640328925981e-01
3.01324291340755779e-01
4.04380292570926780e-01
3.01898864914767862e-01
5.03124399595933136e-01
3.02596794740684294e-01
3.33617203853562028e-01
3.39225893106936405e-01
1.63693032329059462e-01
3.67574087273644989e-01
1.91855883824882445e-01
2.60524059122723695e-01
2.94986670001062767e-01
4.07657406864936400e-01
3.05080074069630391e-01
2.99655566660475436e-01
2.21060459951824689e-01
2.94627624207572436e-01
3.48816908632394174e-01
1.96950810230994228e-01
3.03947140202585897e-01
2.89693210791128197e-01
4.91918729965966417e-01
2.82720627155907234e-01
2.90410084655890410e-01
2.68123932178147673e-01
3.02134874500189277e-01
2.28875181271007866e-01
2.86805132666772988e-01
3.00909988417115304e-01
3.39249297874631872e-01
4.34991451146729158e-01
2.96616941609296914e-01
3.01290615929055150e-01
2.16686684772888882e-01
2.29370684518182960e-01
3.05522959123116000e-01
3.00729318797110734e-01
3.05712361286662349e-01
3.16240285030828960e-01
2.49182073888942340e-01
2.90569830318476663e-01
3.60745390088697493e-01
2.93032999234498548e-01
2.95732205249624291e-01
2.96428921500138165e-01
2.94331107972231609e-01
2.51749243765552577e-01
4.95595795506350745e-01
3.39318347696012823e-01
3.00647558381221813e-01
3.70215836305818946e-01
2.91181772669394323e-01
2.97157384972956295e-01
2.27441513283078683e-01
3.74919103843875334e-01
5.00160923438569216e-01
2.96094137623560960e-01
3.00212590584024441e-01
3.01122120174920072e-01
2.99486625445311239e-01
3.28557942249766255e-01
2.67965170097043348e-01
2.27947019733936052e-01
3.04671838721638666e-01
2.95391200260627484e-01
3.35753742789480780e-01
2.96838782991389827e-01
3.02289727041499812e-01
2.15316132940738592e-01
2.72937480036771540e-01
2.96182617767503042e-01
3.83976521153071571e-01
2.98107794073107113e-01
2.93225302423271217e-01
3.35072263352182431e-01
3.00887630822229579e-01
3.71715688742826178e-01
2.96790065458190477e-01
3.62086451795793185e-01
1.21863445794480760e-01
8.29034880106179206e-02
3.01696274263581476e-01
9.03340252284831058e-02
2.99966570507040675e-01
2.79110817619269369e-01
3.98445252634008318e-01
3.04637465223592641e-01
3.02463316807021654e-01
3.15609738404938889e-01
3.04199594516832317e-01
2.78022890547292734e-01
2.96585063548416350e-01
2.98044267557293241e-01
2.98264137440387211e-01
7.83723948066638448e-02
3.17306338730624304e-01
3.57686625040504302e-01
3.00591438446704107e-01
2.90619515892074187e-01
1.96856980674794624e-01
3.03676291260663755e-01
3.04497505152923398e-01
3.03983013179425665e-01
2.87765690286370501e-01
2.85283177313776781e-01
3.29292470065256582e-01
3.00611997180659951e-01
1.58349410593318168e-01
2.97780483022155318e-01
1.70245903381750968e-01
2.99683959487064222e-01
2.99750708885750339e-01
2.97090245705682210e-01
3.03795551154573573e-01
8.42711008857340432e-02
7.92870183000026763e-02
3.19296798336074106e-01
2.84994747546922389e-01
2.98722443639026947e-01
2.94994429058637653e-01
2.83988845314985527e-01
3.19188588226889614e-01
1.62786571455745016e-01
3.04870489868788175e-01
3.05786387176240071e-01
2.99169264277172664e-01
2.93771224984980373e-01
3.06574196577165670e-01
3.01361687103024911e-01
3.25193153147341762e-01
2.99231725050171538e-01
2.99942527455799635e-01
3.10218638802646496e-01
2.99439468633879602e-01
3.05720402252466161e-01
2.98323200551885603e-01
3.00154117244195162e-01
2.99018331779438151e-01
2.97915232781662320e-01
2.95632021683751411e-01
1.80055702863059996e-01
3.14795414881678393e-01
2.97242336171221588e-01
2.74064851058670234e-01
2.97778621174285552e-01
2.08896732967641607e-01
2.96180234089563954e-01
2.46260464314968591e-01
2.90622972404405100e-01
2.15962899487484178e-01
3.07254669737603403e-01
2.99560250080678825e-01
3.07495179555232367e-01
1.35417335342991052e-01
3.00630688044446259e-01
2.99892385264857009e-01
3.01227346108864202e-01
3.38936980394169973e-01
9.85490032341313354e-02
3.84291676835503360e-01
3.89842899830817269e-01
2.96781935426528309e-01
3.00569037876847966e-01
3.02784764057577316e-01
2.47632430057953740e-01
3.03752494766096226e-01
3.51121230787399430e-01
3.02525726877086287e-01
3.09276204602709381e-01
3.10149042715040568e-01
3.30926683509706998e-01
3.01128828148014116e-01
2.96411417916032705e-01
5.06382482948898316e-01
2.99538781034548840e-01
2.98016004313514993e-01
3.05876290039994558e-01
2.98953385969054519e-01
2.97674642504295706e-01
3.00734966959340266e-01
3.00203882170661851e-01
2.95649737865092299e-01
3.00594167687930292e-01
2.48432248937375005e-01
2.92527723960346708e-01
2.49821809113545817e-01
3.05573339389520415e-01
2.34252647011725379e-01
2.98269993596693261e-01
2.92760223993816071e-01
2.99939427873989028e-01
3.20889306848801459e-01
4.46733152474311057e-01
2.93744948931178751e-01
3.08004843349085011e-01
3.15489143022935570e-01
2.95998183407140070e-01
3.01171334593829110e-01
2.93786005184208943e-01
2.11411053520867975e-01
3.13111030660397638e-01
3.00223259243077301e-01
2.50564085058050778e-01
2.90948389899399085e-01
3.15879039912819126e-01
3.14658702567447435e-01
2.99711157473850687e-01
3.00888979840322257e-01
2.50699216261033031e-01
2.99092471149400851e-01
1.52576490614190818e-01
4.16838120172305426e-01
3.00988072346409841e-01
1.17391577854611628e-01
3.02584691423762431e-01
3.07047046700821502e-01
3.66907910524365832e-01
3.36607761829632146e-01
3.02863542554627663e-01
2.82636493308377201e-01
3.90543184215649875e-01
2.85268605497383088e-01
3.09442625510841784e-01
3.00513972430539733e-01
3.01263947110685104e-01
3.22138846130872902e-01
5.65295186334919597e-01
3.02380130387525536e-01
3.65264250063444151e-01
2.62384607207019394e-01
2.93510542626168158e-01
3.02522591853212564e-01
2.98107670981678008e-01
3.00884484308377553e-01
4.52020598438906407e-01
3.93221829011003610e-01
3.69243725546776147e-01
3.01916125202601249e-01
2.81788868823218186e-01
5.24376443739772435e-01
3.02508453340925576e-01
3.01817224156375907e-01
4.32241029374304309e-01
3.01205108088809015e-01
2.29475403664044314e-01
3.06361888214876588e-01
2.92794862802646549e-01
3.01642475551673284e-01
3.04819382553206231e-01
4.49535081798295266e-01
3.06262716284843750e-01
1.68648009016509504e-01
2.95918345293675167e-01
2.95514467766527011e-01
3.01368516551657528e-01
3.05682179915270857e-01
3.37940629138697490e-01
2.63186796461370276e-01
2.98203250541413944e-01
2.16604813996108120e-01
2.96451552473450175e-01
3.52200568201478270e-01
3.06937197234564585e-01
3.04429082810721230e-01
2.96782290378922398e-01
2.99533400944426487e-01
4.67169507120994698e-01
3.46180312878763552e-01
3.03539461792722176e-01
2.93675316146434773e-01
3.13772918621670172e-01
3.03480319402067600e-01
2.98428465572562029e-01
2.72779811804363281e-01
3.00209839715156912e-01
1.28874310636667627e-01
3.38757518577306904e-01
2.94134260073037779e-01
3.92328735912047977e-01
2.88500720401224764e-01
3.02012795932857792e-01
2.99140165799606228e-01
3.00283648188899133e-01
3.12223032883757579e-01
2.97887116985969369e-01
3.58908028468790996e-01
2.13013168893820853e-01
3.64701329694086029e-01
2.96287384813780974e-01
2.98957980046270944e-01
1.79024165715033989e-01
3.01734765104494096e-01
3.04312877456196673e-01
5.25943794236876871e-01
2.89653245196119402e-01
2.92189951839409323e-01
3.01666773031514124e-01
3.60016690755995683e-01
3.18673592027416519e-01
2.97840430061961536e-01
2.92945245961702405e-01
2.78351465375255902e-01
2.97994178632446038e-01
4.43824112697091155e-01
2.92748060631731588e-01
2.61399179810992421e-01
3.76000717262485740e-01
3.01147467422761883e-01
3.82308733711045901e-01
2.98441903967030242e-01
2.93969886116125678e-01
3.96582676669730405e-01
2.85436149584010146e-01
3.12583325712004256e-01
2.99031176458391057e-01
2.87590104496435406e-01
1.30257110467349446e-01
1.69461115970235998e-01
3.24308725780147078e-01
3.79714405748856287e-01
2.95732193623119588e-01
2.05857061400125024e-01
2.97206488400971247e-01
1.55407253787066574e-01
2.98477640641261033e-01
3.02019182232125427e-01
3.01033105660595934e-01
4.56337967194133054e-01
4.35812316556239865e-01
2.92990108859069898e-01
4.07777709206622041e-01
2.97769558380579946e-01
3.08854574491981282e-01
3.28924286337139660e-01
3.01943873250603179e-01
2.92951526044631760e-01
3.04634156061102168e-01
3.04081759135089114e-01
2.79533552500691118e-01
4.85397895722326778e-01
2.98368348874911371e-01
5.99234509413147237e-02
2.53409155943409181e-01
2.96404544282475091e-01
3.12022805412747850e-01
2.87152148768986093e-01
1.32383468683966998e-01
3.97341208278708946e-01
2.86513189475171570e-01
2.23838449494043773e-01
2.99745315767000697e-01
3.01625389657157128e-01
2.43418572945589218e-01
3.02070226838224321e-01
3.15768413287110583e-01
3.12209842125121428e-01
2.99850955881825865e-01
2.99403274787250984e-01
3.05161370170685897e-01
3.01482719394018772e-01
3.04324713433506644e-01
2.93752063210064529e-01
3.03176612616453289e-01
1.05978894735325513e-01
3.07427636129940340e-01
2.99060152358793852e-01
2.99185347524756007e-01
3.09347298176930352e-01
3.27163177986301956e-01
3.00179218991689700e-01
2.97856092723507271e-01
2.98321096091058280e-01
1.81428319996760262e-01
1.40879444665926334e-01
3.32220841087562058e-01
1.78437821995715479e-01
2.99239808767054971e-01
3.03782855896466308e-01
3.96759563015212813e-01
5.72045819181682069e-01
3.43072169555831696e-01
2.99205902891481634e-01
3.08012186255239351e-01
3.44565690398235203e-01
3.04686824400011991e-01
3.05783467962895517e-01
4.24199569005707100e-01
3.01397449432383613e-01
3.06762192944592338e-01
2.99539951747557653e-01
3.73769362222411861e-01
3.30038553264739576e-01
3.01983464451559935e-01
3.81140081256090613e-01
3.01430724192574218e-01
4.15291922675018299e-01
3.00284121111208335e-01
3.08158193083390375e-01
3.05945447849315655e-01
3.02313176400109795e-01
3.04700219782577109e-01
3.01374292571130020e-01
3.00168991588365908e-01
4.19361967974947569e-01
3.21716607648914132e-01
3.65027856962532704e-01
5.66992378032372457e-01
3.11919695326359436e-01
2.94196714074272336e-01
2.62980341998100720e-01
3.03589171780210221e-01
2.14272043530526840e-01
2.39783575739735882e-01
2.98603296098489568e-01
2.15517063441138190e-01
3.37684771922829974e-01
3.02177081153630234e-01
2.92017151582571577e-01
2.99347092378251134e-01
3.03266479273082534e-01
2.68682183969468025e-01
2.66438082383986641e-01
4.65530606396500235e-01
3.39023605812898920e-01
3.01673801508333561e-01
2.54694280506353177e-01
3.01402027833055919e-01
3.09145936362491991e-01
2.97988696525145536e-01
9.26675355208159274e-02
2.70039522109562002e-01
3.06314941886719649e-01
4.47300324491949175e-01
2.22990455126825082e-01
3.39050613696043557e-01
3.35832444829038568e-01
2.80102011077162261e-01
5.62668508963864666e-01
2.96965235168749897e-01
3.00721200853050097e-01
2.98147795098329449e-01
3.07390459025042417e-01
3.00811880045638247e-01
2.75085752836044084e-01
1.78553378844373722e-01
2.98790278625868044e-01
4.91495101811240231e-01
3.94917396219640449e-01
2.92974211771054482e-01
1.99693364154660130e-01
2.98287024394427391e-01
3.24112657435477181e-01
3.02661164162764840e-01
3.11268576453876844e-01
2.13772133686967958e-01
2.99415318630307403e-01
2.04063107057435467e-01
3.01317361506388381e-01
3.20317899853471200e-01
3.15485394130154417e-01
2.96967451331423660e-01
3.33003055887133914e-01
3.01635963623678727e-01
4.47461195198484596e-01
2.97778421083762512e-01
3.05071301412323526e-01
2.55007959821281827e-01
2.97727584962891645e-01
2.86426244391772777e-01
2.97658106848312343e-01
2.95755798447765283e-01
1.44279598015455257e-01
1.34985899090153433e-01
3.01395514074911164e-01
2.99530923179704811e-01
3.04093676888726516e-01
3.04735197631563370e-01
3.01166483687123232e-01
3.08569565617149155e-01
2.96814818989862617e-01
2.83687331791383557e-01
5.51440912314568113e-02
2.97249900865120431e-01
2.73670137088306509e-01
3.04927799074105499e-01
2.88542149485037924e-01
2.97305237920381271e-01
2.84026216257555308e-01
2.81582784357991556e-01
2.92883661636917814e-01
2.97153322075552673e-01
2.65755857859839184e-01
3.18420956328107685e-01
4.07300456010684320e-01
3.01662589382626356e-01
2.99742448026715624e-01
3.07375377297685548e-01
4.56997484587205016e-01
1.75088174343627001e-01
2.97943229728767189e-01
3.02647740876067162e-01
3.77880526528834026e-01
2.93355263198709082e-01
2.71287413027726132e-01
3.17904686434294370e-01
2.75832549478407907e-01
2.48429363130281383e-01
4.01673672664048131e-01
3.12397703443046848e-01
4.60829968123717293e-01
2.72320944811151044e-01
3.11329644777964765e-01
3.01111136763831888e-01
2.98899931757660997e-01
2.67646413071129574e-01
2.12817466884973633e-01
2.98454701350063301e-01
3.05982661412935897e-01
2.90760250424394406e-01
3.06354249467487294e-01
2.97296173838364319e-01
3.08576994673579075e-01
3.01665176807323299e-01
3.41371387981829200e-01
2.55579975143970350e-01
4.48594726024617418e-01
2.95895373655402971e-01
3.43015726160817158e-01
3.17375374477251115e-01
2.72863337703900311e-01
3.09571752024906277e-01
2.60106182928961094e-01
3.98493365021440393e-01
2.93024661313480039e-01
2.94488774295587674e-01
3.03996345718098915e-01
2.94389909252768422e-01
2.99348604512870320e-01
1.42578626707302814e-01
2.82524277632382026e-01
1.24544887698826837e-01
2.86686994105712523e-01
3.34210026679848671e-01
3.19832871278135200e-01
1.59174350796142838e-01
2.87178465774383274e-01
2.87076272894613183e-01
2.67479123263277607e-01
4.76234124998424824e-01
3.08672613926255113e-01
2.97964038970329137e-01
3.48047935242683404e-01
3.05112494822970315e-01
3.01237065105356971e-01
2.16185556746089913e-01
3.36807625085466633e-01
2.70997077992755686e-01
2.96583968840165857e-01
3.02717297456950585e-01
1.81335909813666402e-01
3.07684216916716435e-01
2.95866202872342887e-01
2.99842579966170752e-01
1.69343949119397208e-01
2.97820604719132020e-01
2.98058047503615031e-01
2.99742405289815661e-01
2.86891951076960305e-01
2.97804955616888023e-01
5.42635962103767189e-01
2.86902551620714541e-01
4.07340626193390398e-01
3.02411364353288137e-01
3.07842130834525385e-01
2.99329705783133171e-01
3.00465105085439999e-01
2.99900387228310361e-01
2.83380453562908918e-01
1.77047107311952390e-01
3.05834326722895844e-01
4.02197416434408539e-01
2.96446849093550902e-01
2.89859202294972751e-01
4.43477532493107895e-01
3.08655130953205681e-01
4.11105954263213003e-01
2.93397696852521706e-01
3.86602164747745058e-01
2.97474390886822981e-01
2.99525648631287722e-01
3.02399094551950465e-01
5.69770745745107110e-01
3.43540781463371858e-01
1.74809080124385757e-01
2.96726109363546209e-01
2.93328585684797249e-01
1.76115242752804296e-01
3.86927776358381104e-01
5.73247186221229277e-01
2.31868856354892156e-01
2.92876003969591736e-01
3.23395739272757499e-01
2.98917839845350641e-01
3.15409089180350488e-01
3.11278442403579048e-01
3.00892651533616939e-01
3.00013597575361279e-01
1.33727585484892886e-01
3.00986367312691405e-01
1.36485672136446856e-01
3.23736144293876427e-01
2.97962487735459358e-01
2.49969789527075603e-01
2.66940621266995859e-01
2.89995824051618056e-01
4.04792586460178294e-01
2.97271118468424300e-01
2.90840179150480993e-01
2.94819687870446545e-01
4.59531002034744063e-01
2.70334358193507929e-01
1.54435879020856343e-01
2.92032989288441569e-01
2.99142558513733836e-01
2.94132940790525876e-01
2.93073096196255711e-01
3.41684054072298793e-01
2.55286403093035685e-01
3.06137824288928218e-01
2.98826813199326802e-01
3.01852757125467941e-01
3.01237760408605060e-01
3.21810356747035231e-01
3.31461413474713140e-01
3.00058375009576661e-01
2.57420733031672788e-01
2.99115754348503737e-01
2.90567738630639394e-01
3.91997671244784129e-01
2.97305337652191637e-01
3.01438805253388953e-01
2.95776817231629297e-01
4.82180771634467875e-01
2.92179227970071398e-01
3.02489697629992338e-01
2.97139505660929948e-01
4.26436644651695285e-01
1.01840747762434125e-01
2.97355588378718894e-01
3.01105380597029681e-01
3.03247338609824113e-01
3.00950444691725660e-01
2.99440463168340554e-01
2.93799795228709415e-01
2.96028584468833178e-01
3.17399914205535982e-01
2.98721265083218668e-01
3.21554897072256207e-01
3.88443435856717756e-01
3.01745710965098501e-01
2.96055451791260194e-01
2.09752268234918465e-01
5.24684158311608528e-01
1.29788393028840349e-01
3.65079029509865649e-01
2.90885547600717498e-01
2.96820867884940054e-01
3.01508818995899153e-01
2.99338490525310530e-01
4.20671681381584006e-01
3.19553036299752902e-01
3.29411190292848211e-01
2.98050687424755767e-01
2.60464492223717592e-01
2.85432308204709162e-01
2.74216447483887626e-01
2.90256601836906547e-01
2.93735966487715661e-01
2.98527442904505724e-01
1.93192174759121316e-01
3.31701135418785431e-01
3.03397107008383515e-01
3.00030274678600217e-01
2.77297965888537279e-01
2.89919220684835277e-01
3.91232393918624299e-01
2.98693187064587251e-01
3.06042491610678036e-01
2.99731355553835233e-01
2.21818805015733284e-01
4.79192082616870407e-01
5.14321156950178104e-01
3.01830555601922290e-01
2.67723729505348007e-01
2.92587688362546505e-01
3.07948816189852370e-01
3.20355892983309409e-01
2.50120799280653061e-01
3.18658991646216083e-01
3.96342013922656000e-01
3.02383130227937058e-01
2.97684824556829208e-01
5.49878835543387789e-01
2.97459823098905618e-01
3.05772121113808082e-01
2.57397573201881058e-01
4.63788050476658331e-01
4.19123909230787073e-01
3.21222081304183005e-01
2.91144089528264649e-01
2.89075976115383604e-01
3.00112690070860610e-01
2.77632706193652878e-01
3.18352951373628512e-01
2.97354451928446950e-01
2.98830107902983810e-01
2.59503271957825132e-01
3.37888004565802980e-01
2.61399190683742955e-01
2.62175343636638913e-01
2.93317681749368342e-01
3.00260606546100928e-01
3.04584940894878531e-01
3.11273502622868292e-01
2.17468004724813535e-01
2.99569078403995548e-01
3.13091740433140309e-01
1.19032958585221282e-01
2.76772324545220161e-01
2.30657436010765188e-01
3.07062348414847475e-01
5.38089757935234503e-01
2.58175385199311602e-01
2.95919183226821925e-01
2.73879068150469973e-01
2.90193707297278336e-01
3.02382637316056024e-01
9.56177643400749622e-02
3.18611602098254565e-01
1.98254844419272852e-01
3.04046375722116458e-01
3.01730186316813032e-01
2.96798080820387888e-01
2.70868296863585323e-01
3.12299452720469162e-01
2.56996727646197465e-01
3.75940422343332914e-01
4.55377022921532149e-01
3.09603051370656690e-01
2.93165720471149249e-01
3.00273912334774962e-01
3.10298810077614617e-01
2.99298817727400857e-01
3.19484983603429806e-01
4.63897086626645361e-01
1.54131164988518227e-01
3.01664425913558520e-01
3.01242262828630869e-01
2.66527004827806779e-01
2.99149028411098250e-01
3.00995804184667592e-01
2.95493977708813305e-01
2.80075952320779087e-01
3.02810831748016707e-01
3.01006544297572953e-01
1.81860749406998951e-01
2.92860427982610416e-01
4.16108263708514836e-01
3.08560816698279450e-01
3.08106036097548719e-01
2.98543772923522632e-01
3.72686017117515644e-01
2.58609254249875020e-01
2.90923769297172952e-01
3.00631674730820753e-01
2.95547354520057926e-01
2.30595166117378375e-01
2.64146729709735462e-01
2.74218719145625345e-01
3.04529420488145075e-01
2.95964597099396598e-01
2.66038850155136619e-01
2.98636400187568873e-01
3.04360578073756050e-01
3.65079850047466403e-01
5.19853448257903805e-01
3.19763399919451796e-01
2.46580676281718786e-01
2.81337832544586497e-01
2.92538786979150089e-01
4.68054897329823083e-01
2.63576295207529288e-01
2.93250559735649563e-01
2.99042336669753328e-01
5.21904728425750197e-01
2.60502681787366297e-01
1.27985980140246813e-01
1.59476954547876776e-01
2.94524108818869701e-01
2.74295988766572629e-01
4.59537655707248915e-01
2.98787421156389954e-01
3.54811773466582825e-01
4.60349960234301303e-01
2.99374818060112791e-01
2.63351735557680322e-01
2.98280838551208849e-01
3.01576384084987270e-01
3.00798626217616827e-01
2.95566443102205645e-01
2.96690323606843276e-01
3.07328829999707731e-01
2.68090931812815791e-01
2.92210090566214109e-01
3.00932101378416417e-01
2.73259339333927542e-01
3.12634726664069662e-01
3.07302793329400414e-01
3.48650327510870994e-01
2.66907701977127654e-01
2.71245672949627870e-01
2.54829284691819091e-01
3.46907835971668688e-01
2.58584270029434182e-01
2.94026374053559081e-01
2.96706527330747760e-01
2.97121431846733897e-01
2.93571061631676844e-01
2.93569722846563796e-01
2.98481244336979645e-01
2.64297280603339069e-01
3.07974670805925166e-01
2.95119895295823442e-01
3.02493069782048596e-01
3.01559786469148605e-01
2.85198598106044532e-01
2.53545168495170892e-01
3.00266524430518655e-01
2.75948749842100216e-01
3.00333615240357898e-01
3.01809762355333522e-01
3.05906085219548041e-01
3.00988473373447196e-01
3.03882738274856679e-01
2.99947258876607170e-01
3.07066961005996730e-01
2.64739728915689643e-01
2.94212624225370811e-01
2.99131308572101295e-01
2.96173253074646925e-01
2.66602989231164711e-01
2.99783565354293291e-01
2.65947343143901949e-01
2.77169021413801731e-01
2.77216476396752176e-01
3.48447137091154324e-01
2.58048747773180487e-01
3.11186026985429187e-01
2.69612410299445715e-01
2.65359456702007945e-01
2.81573820015370346e-01
3.03795092826562474e-01
3.01398023130276083e-01
3.08246710795638423e-01
2.64871258880233551e-01
2.95884049210860811e-01
2.66687716613875359e-01
2.64645801246152057e-01
2.66683315278619770e-01
3.03528356312705250e-01
3.07493977435563115e-01
2.96462614790733103e-01
2.97669927726649575e-01
2.65413763884129350e-01
2.26749806681102617e-01
2.66990646782122032e-01
2.79118264587426723e-01
2.97784399338793360e-01
2.96300979934469078e-01
2.71416111913114710e-01
2.67295245993577679e-01
3.66320641517150214e-01
4.16948108636816361e-01
3.19703441885227313e-01
2.61791840722074010e-01
2.69792861245902127e-01
5.42830487586947297e-01
2.67500830086752739e-01
1.53593359614530717e-01
2.68434444632008384e-01
2.71638778812425929e-01
2.70573804922317418e-01
2.69915295019921730e-01
1.50811192490259732e-01
2.62766261374976273e-01
2.79507294324784383e-01
2.92962789157564629e-01
5.42291494640471883e-01
4.08644726620546517e-01
1.45853928035367009e-01
3.07301828376171149e-01
2.93196432948264696e-01
2.93560411446020131e-01
VECTORS velocity double
3.04745578242063553e-01 -1.30997676635043235e-03 0
2.98325398418011256e-01 -2.77401645963491154e-03 0
2.66706378783446552e-01 -7.26317006993256464e-02 0
2.37976409024316382e-01 -3.41590830525469874e-02 0
2.36633569658174753e-01 -1.41425547058911891e-02 0
3.11499937706469221e-01 -9.61597231184761238e-03 0
3.01994584290047996e-01 -9.60044454957899329e-04 0
2.37386272055512965e-01 -9.73573469025211247e-02 0
3.01504859597395425e-01 -6.90145144342758313e-04 0
3.03233605742236567e-01 -3.40811442919995667e-03 0
3.04761194473172681e-01 -1.00555712317566804e-03 0
3.96573686603488296e-01 -7.58875621201273720e-02 0
2.74079856438900427e-01 -8.80028968621095545e-03 0
2.99875408269188182e-01 -1.00221515029639999e-03 0
2.99775417156593393e-01 -1.67201748496823553e-03 0
1.65025957553566083e-01 -2.30419591412456992e-01 0
2.73723673612153606e-01 -8.94155468962270703e-03 0
2.95023521818437551e-01 -6.73836048232284365e-03 0
3.00071263401387289e-01 -4.37055202131672940e-03 0
2.91603054114840055e-01 -8.75462342613759006e-03 0
2.24190844781621934e-01 -4.59813095418925774e-02 0
2.95612932831609998e-01 -2.82852850107621987e-03 0
2.57830534628682218e-01 -2.11676897569208454e-02 0
2.91289106058630731e-01 -8.69301958051547224e-03 0
3.03833803066937747e-01 -7.77455660059585274e-03 0
2.95678907107313593e-01 -7.21380937794938448e-02 0
3.31933246578553998e-01 -2.33205603477481746e-02 0
2.97534967798946892e-01 -4.18520999710107636e-04 0
3.10556869847620709e-01 -2.20978792860421665e-02 0
3.01528488926947891e-01 -1.26451020832994135e-03 0
3.09087774914639013e-01 -4.44361141939183125e-03 0
3.38689740436142472e-01 -4.44495336133693686e-02 0
2.95374381561595789e-01 -3.35370803563130645e-03 0
3.21927766481490241e-01 -2.31882325199880591e-02 0
4.65107549530689612e-01 -7.40637460462850311e-02 0
2.52197695893974672e-01 -1.29407481248438108e-02 0
3.01290098563093078e-01 -9.74278415151527818e-04 0
3.03588442872143982e-01 -3.61085009003874434e-03 0
2.56014559542711184e-01 -2.35950891472097198e-02 0
4.49709201854504359e-01 -1.39796214656791290e-01 0
3.08279596219552310e-01 -2.36620211618451190e-02 0
2.95143367687291269e-01 -6.10497998020146943e-03 0
3.03100734269458993e-01 -1.93735539119437271e-02 0
2.47387356851254653e-01 -4.13943341869411376e-03 0
2.93588603226437206e-01 -3.80636539035329249e-02 0
2.68292572763816073e-01 -1.07463623824163496e-01 0
3.02179053323119284e-01 -5.96877389605316539e-04 0
3.02329628247894500e-01 -2.27132118282648656e-04 0
3.00064511985883464e-01 -1.00487020796502730e-03 0
2.95156924861624037e-01 -1.62211532343216926e-02 0
1.83025878291849436e-01 -1.19601659859889506e-01 0
2.94240858371934089e-01 -4.88963262851581718e-03 0
2.40155917428878485e-01 -2.85939651303798309e-02 0
2.95942318754224609e-01 -4.71615915141392495e-03 0
2.94381421832681511e-01 -1.20518388873406945e-02 0
2.86071820967618018e-01 -5.43842683485583206e-02 0
3.10955305877013366e-01 -5.76624868839221982e-02 0
3.07438869811913706e-01 -2.91150793733756588e-03 0
3.03957359846166064e-01 -1.12716983798684771e-02 0
2.03283322209884598e-01 -1.39264651117811278e-01 0
3.82777603655059306e-01 -5.58377823810602622e-02 0
3.11044465093153977e-01 -7.03825112887322517e-03 0
1.87688362868856040e-01 -1.07151183306560815e-01 0
3.80481484848985807e-01 -5.98014949719727004e-02 0
3.80715722641382759e-01 -1.43559125026999995e-01 0
2.33716750818344032e-01 -2.14763345610523119e-02 0
2.89785688705022637e-01 -8.69537988703962365e-03 0
3.22746783051530928e-01 -4.77052611319517001e-03 0
2.01676032101276409e-01 -1.91155515959891067e-02 0
2.33084291868556837e-01 -2.76188335660560030e-02 0
3.03515733132527665e-01 -1.34838165800377982e-02 0
3.04668849442507383e-01 -1.10073595490171733e-02 0
2.99337127726935381e-01 -2.03993006487311395e-03 0
2.58342455549408878e-01 -1.89228245992976267e-02 0
2.00322681443277251e-01 -1.28739048980223120e-01 0
2.91624281669126406e-01 -6.28489618565289138e-03 0
2.36569221956315578e-01 -8.79819723816808591e-02 0
3.41996905869619283e-01 -6.21885193266562691e-02 0
3.07193283955021657e-01 -1.75559239031307813e-03 0
2.90631241625639858e-01 -6.28444461567662181e-03 0
2.99356750593147480e-01 -1.96219114262041836e-03 0
2.18901606276558386e-01 -2.27387071953259329e-01 0
2.28211636408700291e-01 -2.24649693324224770e-01 0
3.00800513496050304e-01 -1.85349763448759545e-03 0
2.91348227418391670e-01 -7.19763541179953281e-02 0
2.99316998318195748e-01 -9.58695031308682936e-05 0
2.69488569144676060e-01 -1.43397099303923317e-02 0
2.67492824602272250e-01 -6.82785845449789680e-02 0
2.95535013784079814e-01 -3.41627740576894981e-03 0
3.33490118238350952e-01 -1.92327738342299090e-02 0
2.94169650192596999e-01 -5.29117220734411867e-03 0
2.73725978873578857e-01 -6.32521809673531471e-03 0
2.47517412236748557e-01 -9.28334176671668371e-03 0
2.16768276351813588e-01 -5.08760093609348582e-02 0
3.00081977511828635e-01 -7.14512222524124781e-03 0
2.36854125317342262e-01 -7.22677986643744524e-02 0
2.99523558250692989e-01 -4.97061972283186935e-04 0
2.92357887948902329e-01 -4.64475809615670036e-03 0
2.75219306577102529e-01 -1.22631670829996646e-02 0
3.39640286796314528e-01 -4.32633009784604491e-02 0
3.04808183471649452e-01 -2.46543578178773336e-02 0
2.98589932244892886e-01 -2.17217482065099792e-03 0
2.75243632433945062e-01 -5.57112611594976718e-03 0
2.45783787872399129e-01 -5.54632180328353055e-02 0
2.09241312417903308e-01 -2.11934769995168783e-02 0
3.02493647601022320e-01 -6.44128813392919096e-04 0
3.02425388861281175e-01 -8.02057476897223868e-04 0
3.53829994660020131e-01 -6.50022564303611022e-02 0
2.86856786740586456e-01 -4.50203649293262880e-03 0
2.94362204304329189e-01 -6.30319978846523472e-03 0
2.90330782037775958e-01 -7.93852424101571842e-03 0
3.38959830247731686e-01 -6.38580986609409568e-02 0
3.35202002121835319e-01 -1.01844223280659535e-01 0
3.49090333534391284e-01 -6.97385166869970846e-02 0
3.01170951027389167e-01 -2.51789121260294563e-03 0
3.00392848884117214e-01 -4.16548504166103922e-03 0
2.84411438798671534e-01 -4.19139212486153642e-03 0
5.26406751014543817e-01 -1.19677333058897883e-01 0
2.84064426848807783e-01 -4.44078012816089517e-03 0
3.25964852061870480e-01 -1.50316700242381016e-02 0
3.29861746019297353e-01 -1.74839296290629775e-02 0
1.65001242339003124e-01 -1.21651823170649931e-01 0
2.94547423003301057e-01 -6.84600325291403241e-03 0
3.04882250268524502e-01 -6.30367131197511355e-03 0
2.67829025534590592e-01 -4.05037653729679384e-02 0
3.30690819513322354e-01 -3.76303145802665967e-02 0
2.98634296544225519e-01 -1.21419653330000731e-03 0
3.11065412615307679e-01 -1.91311715415887519e-02 0
2.98679073204965562e-01 -1.56919162388932556e-03 0
2.96994526972050532e-01 -8.20404753272094712e-04 0
2.94861393571653307e-01 -1.36726548133872840e-02 0
2.76488982887846180e-01 -7.28841908475866412e-02 0
2.94149457337030906e-01 -1.04983052189980691e-02 0
3.54209769650502493e-01 -8.77791496430771999e-03 0
2.95162331489815799e-01 -5.86332691270159689e-03 0
3.09249161860186028e-01 -5.85671572324177186e-02 0
3.01608321803915502e-01 -1.18937559172432785e-03 0
2.87053930606925745e-01 -4.25412882562415263e-03 0
2.99788214362619265e-01 -1.49692622794683219e-03 0
4.63060489733928493e-01 -2.04312661011367969e-01 0
2.97898668363331232e-01 -2.78279978541932579e-03 0
9.14619771134225351e-02 -1.67387552896524405e-01 0
3.04044005953711893e-01 -5.71276930612779621e-03 0
1.87113797838249329e-01 -2.29172756955182966e-01 0
3.01932997559361982e-01 -1.29538952831592625e-03 0
2.24710583649647966e-01 -5.54433476155977642e-02 0
3.02204217993052138e-01 -2.70151513425612132e-02 0
3.04664274050286732e-01 -5.08691947374839259e-03 0
2.78566616054572280e-01 -7.11574347047808781e-03 0
3.09484397781172760e-01 -1.52167822896628752e-02 0
2.69089021451883681e-01 -1.43701020363729282e-02 0
3.15944537006057569e-01 -2.80081210767420888e-02 0
4.71435745785588556e-01 -5.29239021247117775e-02 0
2.92466898314875712e-01 -1.21998268193368258e-03 0
3.12036770737342484e-01 -8.22062540330344670e-03 0
2.68496915120020663e-01 -2.00106192632002883e-02 0
2.96905479501510305e-01 -1.54795746442558933e-03 0
3.01269141276271080e-01 -9.50204803249992194e-04 0
3.02687164065712833e-01 -6.61904765321710310e-03 0
2.97209352509036961e-01 -9.55294917970784976e-04 0
2.63361969271883212e-01 -1.34967075420775896e-02 0
2.96573312198829098e-01 -2.57691256037419474e-03 0
2.96772245422909808e-01 -1.79318500863820396e-03 0
5.56148124328585625e-01 -1.04340545991380915e-01 0
3.02599314568021638e-01 -3.41208544697115413e-03 0
2.99934186437689709e-01 -2.02631535018120207e-03 0
5.53261486240616329e-01 -1.11300198862042440e-01 0
2.63137919708631707e-01 -1.38638505956749560e-02 0
3.05787638030443121e-01 -3.85485100224544153e-03 0
2.94348153110368771e-01 -1.15709734266279951e-02 0
2.90507307230548295e-01 -4.33645936864145778e-02 0
3.01462330478046270e-01 -6.75589710538015129e-04 0
2.68952736203589560e-01 -4.29776730325876488e-02 0
3.17413171203652311e-01 -2.37820392502390496e-02 0
3.47017828480889301e-01 -4.19407310169989944e-02 0
3.07644332759402117e-01 -8.99809297901823200e-03 0
2.92197542538721433e-01 -5.45007169010287926e-03 0
3.04179667245644492e-01 -5.76615028185398660e-03 0
3.53539567038076097e-01 -8.03755353214396923e-02 0
2.88304728292214429e-01 -2.52086785001027006e-03 0
2.94203340109816580e-01 -5.57518979978982587e-03 0
4.90743039961384575e-01 -7.57813213726421103e-02 0
2.78680533909113182e-01 -1.77593733717833560e-02 0
3.01964073183344395e-01 -3.76094076378761329e-04 0
3.25036834269374075e-01 -2.53182608763935883e-02 0
2.95076780177944531e-01 -1.58268571508581243e-02 0
2.67539665256144976e-01 -1.73380567664703118e-02 0
2.69741384513880189e-01 -1.61518635543321964e-01 0
2.24047177331845676e-01 -4.41048153289878078e-02 0
3.02834016211242674e-01 -2.60207114412948966e-03 0
3.02146346433560642e-01 -7.79206227906669726e-04 0
2.56933047942070725e-01 -5.77042162546726189e-02 0
3.02311402526315776e-01 -1.06187208928766978e-02 0
1.62186679660612121e-01 -1.38550365292921585e-01 0
2.94531013070403913e-01 -7.55514017160990956e-03 0
3.16471292740600874e-01 -2.50471171546764459e-02 0
2.92609239428196277e-01 -4.24292615436996021e-02 0
3.03601080418478719e-01 -1.12523052348032946e-03 0
3.58378627129090244e-01 -4.17213086878168715e-02 0
3.07790737687975768e-01 -2.53394915813468175e-03 0
2.98261888342900350e-01 -2.91947164200285873e-03 0
2.99872589693846558e-01 -2.06162009926842563e-03 0
3.14037364866808666e-01 -8.56927284050530529e-03 0
3.03297880931342079e-01 -1.05673939651830615e-03 0
2.94698923227426912e-01 -1.02615520423728220e-03 0
2.78294099856529753e-01 -1.84126622676040567e-02 0
2.87674042583378142e-01 -1.55541166033127509e-01 0
2.40497157064264222e-01 -2.59218600172657319e-02 0
2.76081092934596262e-01 -7.13849309434222840e-02 0
3.60777828451355975e-01 -3.67577638332338696e-02 0
3.07757034166087240e-01 -5.34690295795202664e-02 0
3.04732648437555709e-01 -6.16589985000796058e-03 0
2.68547228502822588e-01 -4.64282956984898298e-02 0
2.95010884867299428e-01 -1.14383464066841723e-03 0
3.10936747219164422e-01 -7.29130106700393889e-03 0
3.01106000854676092e-01 -2.38986496550343871e-03 0
3.57527237627986660e-01 -3.45949453082004393e-02 0
2.90842205101699558e-01 -1.07012980951334366e-01 0
2.89037379754900015e-01 -2.68158173255616085e-03 0
2.96251428088013746e-01 -1.46679602972896693e-02 0
3.02666346761777671e-01 -8.08060722148293623e-03 0
2.98639151260983282e-01 -1.99844940602557060e-03 0
5.15497836328466463e-01 -1.14733069003425781e-01 0
3.04145880233248123e-01 -4.70185579690330334e-03 0
2.99335524499870997e-01 -1.76340068674009625e-03 0
3.25979150189743605e-01 -8.77246951861776827e-03 0
3.00078675302923814e-01 -1.99332951967900851e-01 0
3.36965459654674337e-01 -2.09046984997223462e-02 0
3.02175259554410880e-01 -1.58740532069106665e-03 0
2.07622917936187534e-01 -1.24242932823576836e-02 0
3.10982202681265696e-01 -1.54658096742931622e-03 0
2.95091204419941411e-01 -3.26097826217418372e-03 0
3.06806894508947159e-01 -1.16523905712876503e-03 0
3.29203501367905049e-01 -1.70323323772423041e-02 0
2.95875258521570206e-01 -2.91820886325098311e-03 0
2.57998820148889696e-01 -1.11116339542668228e-02 0
3.15593476184346300e-01 -5.36687140779477760e-03 0
3.29474153165333572e-01 -2.16454909255014254e-02 0
3.02841078146332876e-01 -3.18839313952984631e-03 0
2.69250380225927566e-01 -8.90243826510652009e-02 0
2.18616341407116277e-01 -1.45803177059925376e-01 0
2.95016163977803891e-01 -1.97283200940060648e-03 0
2.80220350093572657e-01 -2.43680138132154264e-02 0
2.67547451081439958e-01 -2.65456542829221286e-02 0
2.80438804943094921e-01 -7.56824005133544496e-03 0
3.14488382322328841e-01 -1.12965260324865650e-02 0
3.05375436460801508e-01 -1.68927140483338730e-03 0
3.29202657669072862e-01 -3.23781704844166573e-02 0
2.95548669059213454e-01 -1.07109273499698555e-02 0
2.99759426841268106e-01 -1.37260494116341562e-02 0
2.44760744450910644e-01 -1.81399351355997114e-02 0
3.02016731850969333e-01 -1.80121009707753560e-03 0
2.85061557297631163e-01 -7.15325182445891022e-02 0
2.80581903276328093e-01 -2.48454180993209518e-02 0
3.05846915134641351e-01 -2.95035462219333795e-04 0
3.00289763711166002e-01 -1.35847930171112104e-03 0
2.95096497088767562e-01 -7.08989153018323246e-03 0
2.99723668533369625e-01 -1.94720049179861665e-03 0
2.97166166567249368e-01 -3.30242167929086210e-03 0
3.26675230802869976e-01 -1.25418032200287858e-02 0
4.69482083063890165e-01 -6.02055192686107993e-02 0
2.53916298141128316e-01 -1.19557447618219882e-02 0
3.12310210876218408e-01 -4.34657769001392524e-02 0
1.82388409785574079e-01 -5.41035782252783995e-02 0
2.97201116174057978e-01 -3.52363428656205955e-03 0
2.96422178048327045e-01 -2.80530577504063986e-03 0
3.14615192259949494e-01 -4.13508222768724856e-02 0
2.98924169546222362e-01 -2.11983472136061070e-03 0
2.94772963009831857e-01 -3.21131626299659507e-03 0
3.03556624988296664e-01 -7.62762032744676924e-03 0
3.03534750644396445e-01 -1.01997422048928366e-02 0
3.42994316559991241e-01 -8.26666031281485594e-03 0
3.00738742201610953e-01 -1.90894181280801527e-03 0
3.01882800905687199e-01 -1.77664008910115162e-02 0
2.97483501835616337e-01 -5.59082022542693323e-04 0
2.88529058069282696e-01 -7.55657451229102377e-03 0
3.12337367849396752e-01 -1.01170508829464562e-02 0
2.94411289213456717e-01 -4.89226774610006937e-03 0
2.70642229171088766e-01 -7.57596155409516296e-03 0
3.01908674704709445e-01 -1.42707447429624894e-03 0
2.97762089665874363e-01 -1.42789145835302486e-02 0
2.93017366082305108e-01 -7.16491161878860775e-04 0
2.18675785699428943e-01 -4.02302285977799642e-02 0
2.02794951615728747e-01 -6.01684426250553642e-02 0
2.61142463112577383e-01 -2.08989585679539985e-02 0
3.33744612231014481e-01 -2.46331541106312620e-02 0
2.25500060784393330e-01 -6.82362888232703607e-02 0
3.02247172535856368e-01 -6.29629759498642663e-03 0
3.12429493460915253e-01 -6.41266517812143916e-02 0
2.98690427928524238e-01 -2.76240603283870942e-03 0
2.48468685074027751e-01 -9.68937021684473238e-03 0
3.02638784070874467e-01 -2.27168636215918608e-03 0
3.35598709638955051e-01 -2.61321573691663915e-02 0
2.99966422765513774e-01 -2.41137095656663247e-01 0
2.28532001768938536e-01 -1.69567126784740368e-01 0
2.98952273729805540e-01 -2.20390884784140307e-03 0
2.44477677426554685e-01 -7.68838293488455227e-03 0
3.01037308741302079e-01 -1.90783768161734862e-03 0
3.05090466110010172e-01 -3.78385019347613665e-03 0
2.45364609736767519e-01 -3.15216772798697642e-02 0
3.03133967891240697e-01 -3.32013831439113317e-03 0
3.78989064306641588e-01 -1.46101407886175295e-02 0
1.65103882896436793e-01 -1.31881337318749126e-01 0
3.03093403252108040e-01 -2.77166718499684489e-03 0
3.22838991815968479e-01 -5.90048895242173584e-03 0
2.98530808671159997e-01 -1.30979059443133003e-03 0
3.06563437171237407e-01 -1.67738877726892038e-03 0
2.99981147739640519e-01 -9.94216611731542181e-03 0
3.03072054672609947e-01 -2.88864159814982598e-02 0
2.68346541732312815e-01 -1.58265534350661041e-01 0
3.91543352599898975e-01 -8.35459416511321606e-02 0
3.04577227116393956e-01 -8.15909728329548972e-02 0
3.09895155267916889e-01 -2.60064682814730667e-03 0
3.02039911386294380e-01 -3.62783567344645479e-04 0
2.95133337540360419e-01 -5.35696217773874890e-03 0
3.10560076276704899e-01 -1.92987095452712802e-02 0
2.38521515195308148e-01 -1.58090113909581942e-02 0
2.96705233272259172e-01 -8.99672595497363059e-02 0
3.32257058716355358e-01 -9.86851806633287643e-02 0
2.99753229223568451e-01 -6.75039052833572521e-03 0
3.04647966223400901e-01 -5.25623792325323122e-03 0
3.00053361342294656e-01 -1.38661541634262152e-03 0
3.01095763437825903e-01 -1.40561419438185167e-03 0
3.30718614643572717e-01 -7.95389433342276464e-02 0
2.96092030765990333e-01 -3.50880398117807673e-03 0
3.07602944249824761e-01 -8.70466413797128281e-03 0
3.01831152780052403e-01 -1.73770289464696067e-04 0
2.68141318694589237e-01 -2.33742006135422009e-02 0
3.25858763345183378e-01 -4.15259614415473734e-03 0
2.86982500648920558e-01 -2.15439668348006361e-03 0
3.02874986069860408e-01 -2.45922411591837807e-03 0
3.05448953421617930e-01 -1.64739240178656508e-03 0
3.13695428844457780e-01 -2.66861969193447693e-02 0
2.72776343921154518e-01 -1.10150159084990377e-02 0
2.90029456860754153e-01 -5.16322209438268859e-03 0
2.13775618448839883e-01 -1.18786323271135349e-01 0
2.99677893255665184e-01 -8.38404655480446959e-02 0
2.94931832627670254e-01 -1.42254180421834235e-02 0
2.65116187134651293e-01 -1.02100571993410341e-01 0
3.03090311396375822e-01 -7.38772462867575926e-04 0
2.34187063029582615e-01 -4.96771770889578301e-02 0
5.05267501962944898e-01 -1.57703753387355566e-01 0
1.83815674449976513e-01 -1.27199797403146658e-01 0
3.02485425972490007e-01 -2.48163992570573982e-03 0
2.44714349032265965e-01 -2.41561717979779378e-01 0
2.93113889338529721e-01 -9.23225805148486095e-02 0
2.99463020648155276e-01 -5.61041424906557460e-05 0
3.01454862271041291e-01 -2.47861188985297888e-04 0
3.07031432974287033e-01 -2.00666501428780784e-03 0
2.68453593560884218e-01 -7.79737543676852357e-02 0
3.02322851722965635e-01 -7.76706604892674502e-03 0
3.00043405397179941e-01 -1.54621196182580978e-03 0
3.11002199243312794e-01 -1.38672017992460817e-02 0
2.99393459495586767e-01 -3.90050352256332252e-03 0
3.92780561363004432e-01 -5.21858443096923363e-02 0
3.04272862278570089e-01 -2.09472048890986030e-04 0
3.04039986972520548e-01 -2.36194837374009096e-03 0
1.79242167896278837e-01 -6.42627239314742388e-02 0
3.02520059391449658e-01 -3.53801246035631697e-03 0
3.43904513876394258e-01 -5.47372714905586862e-03 0
3.13930297905148148e-01 -1.20638681583033792e-02 0
2.69777569729810651e-01 -1.74371050510403400e-02 0
2.97931842919637702e-01 -3.74049752055434573e-02 0
4.56192187470036314e-01 -4.92191319441624628e-02 0
2.95945605257909583e-01 -4.48347602627431271e-03 0
2.50460299625223592e-01 -1.62949647990296188e-02 0
2.95893183295103612e-01 -3.49651818812374499e-03 0
2.87786443370405653e-01 -1.02627623524403605e-01 0
3.01399089184556879e-01 -5.46666238247043418e-04 0
3.06299998578076604e-01 -1.15377071656207176e-03 0
1.72786380614460389e-01 -4.45330768035618052e-02 0
3.11234995825089011e-01 -1.14914968579003657e-02 0
3.55702799446854900e-01 -5.06182158334701413e-03 0
3.01370494941193223e-01 -2.79267596638536940e-03 0
2.97409315158449095e-01 -4.36105375696659893e-03 0
2.99600217661732948e-01 -5.12010830714724899e-04 0
3.05481947018932110e-01 -1.20968099080285044e-03 0
3.06383015740751385e-01 -2.18906783831840576e-02 0
2.97029636423215559e-01 -1.01968318662571198e-02 0
2.88144273857188660e-01 -1.32164015922161767e-03 0
3.03008040320865535e-01 -1.61334106281988965e-02 0
3.04566947017767375e-01 -1.59972895174456111e-03 0
2.95629464684754706e-01 -3.34909881519816974e-02 0
4.94525847780800387e-01 -6.40349687358508918e-02 0
3.16173195208628244e-01 -3.99505715345388479e-03 0
2.97593003292744296e-01 -3.11169643779390633e-03 0
3.46495335464405474e-01 -1.55846283390095111e-02 0
2.96770292486548626e-01 -4.28099863662512181e-03 0
3.33179342366464182e-01 -3.45138280052125768e-02 0
3.17891066108037690e-01 -1.05070196791889146e-02 0
3.00300448767629791e-01 -1.55663522708727174e-03 0
2.45996340171868666e-01 -6.59732784499593855e-02 0
2.80781759100005024e-01 -5.44508129793150417e-03 0
2.53546971837779356e-01 -2.39232775374875861e-01 0
4.97550598643410336e-01 -1.66471578403918630e-01 0
3.75589685025175979e-01 -1.42434490646269618e-01 0
3.07661673167990257e-01 -4.77135161930402913e-03 0
4.11297817580501435e-01 -2.22615747218311344e-01 0
2.96577355848997581e-01 -2.13314206403150269e-02 0
3.02620999031334659e-01 -1.43215968326078844e-02 0
3.02888717287107423e-01 -3.68803926742074543e-03 0
2.96798122877817594e-01 -1.48575977622875306e-03 0
2.95250840568079043e-01 -5.02004123097599727e-03 0
3.02444383768602609e-01 -2.17351442006834088e-04 0
2.75923172136590567e-01 -2.36534857150646968e-02 0
2.92608631389317309e-01 -1.43329810094423825e-02 0
3.01719099486601527e-01 -1.04816175757710297e-03 0
3.01470139874166376e-01 -1.38168874724011750e-03 0
3.04342462496882349e-01 -5.09138740023887997e-04 0
2.98456745079256958e-01 -5.74197460258502024e-04 0
3.14410828363606010e-01 -1.78632690014309092e-01 0
4.54497485948095914e-01 -2.10342075218036856e-01 0
3.01349932788342267e-01 -8.38497490179043194e-04 0
2.95977190049652117e-01 -4.18006987835418120e-02 0
2.98863598975348865e-01 -1.63940064007836515e-03 0
3.05247477130537459e-01 -3.02618034130038634e-04 0
2.75736650196247601e-01 -1.08312617728331794e-02 0
3.01247227458769917e-01 -1.54674820045643392e-03 0
3.00289420572777799e-01 -1.59383204153108575e-03 0
3.12861223799121846e-01 -1.05602841879655265e-02 0
2.98654836671660762e-01 -1.62243610259859661e-03 0
2.99607342963237266e-01 -9.12114811910374156e-03 0
3.00371996702482491e-01 -1.14480218155446102e-03 0
2.97645706883736538e-01 -1.53120118515243813e-03 0
3.24118093398843399e-01 -8.10226081784033887e-03 0
1.65696347395809906e-01 -1.18774373356170151e-01 0
3.01539838932339987e-01 -2.69885289049397008e-03 0
3.01914782658544489e-01 -9.29444858610042304e-04 0
2.85495355429658593e-01 -7.43485242701352467e-02 0
3.68924021008060432e-01 -2.10911963919897007e-02 0
3.09641623841074687e-01 -1.04829438646812483e-02 0
2.95995577680973787e-01 -4.15976123303450455e-03 0
3.05709053718496770e-01 -4.08167034473892829e-03 0
2.98436481102705209e-01 -1.08763336129077970e-04 0
3.53443599043306744e-01 -3.14678889206072010e-02 0
2.71157647542714764e-01 -8.85700771751301574e-02 0
2.99534383063634335e-01 -1.27257380064430076e-01 0
2.91139870697478986e-01 -5.68871255691238455e-03 0
2.98821004844966653e-01 -1.07744421569379994e-02 0
1.82878219441548140e-01 -1.26019759789109728e-02 0
3.05391033349700691e-01 -5.68704774881761618e-03 0
3.64914252773942405e-01 -1.83585318317333657e-01 0
2.98371687773816396e-01 -6.80335483055851840e-04 0
3.29048966849089908e-01 -1.73185377133147550e-01 0
3.45326810996774924e-01 -9.63359601421003436e-02 0
4.19902044017467058e-01 -1.00975235442090194e-01 0
1.93987660929648892e-01 -2.29798647217566189e-02 0
2.98849365117282828e-01 -1.54976949298947205e-03 0
3.01299939678971784e-01 -1.45008155466111997e-03 0
2.83098411642428271e-01 -2.51054623970834306e-02 0
4.31270153196768868e-01 -2.73534911336162367e-02 0
3.08497745785154154e-01 -4.18753132040921173e-03 0
3.09803870131248937e-01 -3.19855317159528163e-03 0
2.14230125297736995e-01 -3.92771577255480661e-02 0
2.95134769759755777e-01 -1.79913388682747697e-03 0
3.07334692366847739e-01 -3.39390827081331812e-03 0
3.99171944323168548e-01 -2.28935577923583794e-01 0
3.01824736178092690e-01 -3.64534932609408553e-04 0
3.13281424375511597e-01 -6.36251749566608786e-03 0
1.02012528500340940e-01 -6.64001258564277247e-02 0
2.72748508049088900e-01 -6.59334311454778596e-03 0
2.97039638989634869e-01 -2.38225077827612392e-03 0
2.19386895947071281e-01 -1.19235759205239752e-01 0
3.00433685245230342e-01 -2.10909733876110672e-03 0
2.69094868432179835e-01 -1.92173195675710812e-01 0
2.92183881815793856e-01 -1.82313754234625092e-01 0
2.33723189483310695e-01 -1.98533479623970270e-02 0
2.48081687847697241e-01 -6.60256356537309574e-02 0
3.47271819704962514e-01 -7.35776255427008363e-02 0
3.01312767927371605e-01 -2.59120663534920595e-02 0
4.28135449193784767e-01 -2.63425701703164927e-02 0
2.99004896285010813e-01 -1.98128572572573575e-02 0
4.31816313836173971e-01 -4.34215903679277607e-02 0
2.91516017696956287e-01 -8.68633037070378183e-04 0
3.04483840975641518e-01 -4.42018574948033118e-03 0
3.26144569397405937e-01 -2.29860928532146878e-03 0
2.97005880638884834e-01 -1.80199712128032894e-03 0
6.80397570137730306e-02 -1.61821849613333513e-01 0
2.99358265604172336e-01 -9.84334093300250458e-04 0
2.88859222964975682e-01 -7.67406794351340859e-03 0
3.13620308675413573e-01 -1.27863897374964671e-02 0
2.18337358977697654e-01 -1.34952339911092595e-01 0
2.67416004330775170e-01 -6.51699996394901476e-02 0
3.03217214938516610e-01 -5.62748109384999824e-04 0
3.08506540786100736e-01 -2.13023210188394239e-03 0
2.99856224619427958e-01 -1.84615403699861999e-02 0
1.78622167389742376e-01 -1.48906135450747962e-01 0
3.07021480736366037e-01 -3.75761171930247707e-03 0
2.99354440669581279e-01 -2.29874147793837852e-03 0
3.16670390576488769e-01 -6.06183577790925521e-02 0
2.15066057427110324e-01 -2.41486064400393552e-01 0
3.13826136298922587e-01 -9.10117492717558985e-03 0
3.49186246504359199e-01 -3.84759676550824672e-02 0
3.02626790246769750e-01 -1.49031967071563114e-02 0
2.41009961560264496e-01 -2.22428742546536273e-02 0
3.06914308860977425e-01 -1.87350893704085787e-02 0
3.00716989069630958e-01 -3.09984432202872187e-03 0
4.61607517187202165e-01 -1.46527584072384170e-01 0
2.89630291739055745e-01 -3.01243386221948604e-03 0
2.92724232134489004e-01 -3.05821675995756534e-02 0
2.98055686361725247e-01 -2.25725988351277874e-03 0
3.91525988688014581e-01 -1.60981150662854511e-01 0
5.59882513297259798e-01 -9.23099909543042829e-02 0
3.03987099967412300e-01 -9.47048673634634432e-04 0
3.03124920785512619e-01 -1.32981694344415737e-03 0
3.04345707778596486e-01 -2.06585612136972983e-03 0
2.99472357699606506e-01 -1.44075360998763752e-04 0
3.02851053714527696e-01 -4.50633145585721019e-03 0
3.98191958234838161e-01 -1.17325540189086128e-01 0
3.01688601161043846e-01 -2.06286167795827278e-04 0
2.98915857440450794e-01 -4.42049123309524560e-05 0
4.84166846938513140e-01 -7.68981662200011740e-02 0
2.83135584963202236e-01 -1.42620677843966454e-01 0
3.92408970632977860e-01 -1.32197284461316039e-01 0
4.27660219002800601e-01 -3.53347171934122045e-02 0
3.01542776264315415e-01 -9.84795904231974134e-04 0
2.99169394971061597e-01 -1.55824212284705837e-04 0
2.80996926025107729e-01 -1.06604272086941627e-02 0
2.98288784565265863e-01 -3.18322842567537448e-03 0
3.00896179537137154e-01 -1.75247587942598633e-03 0
2.75341489530254169e-01 -4.48601715379389060e-02 0
3.18691102620534850e-01 -9.49636619523873057e-03 0
2.49860802029678558e-01 -1.84667934708425435e-01 0
4.00485437350156237e-01 -1.79083099294962522e-01 0
3.18564754125585492e-01 -2.26941995575002664e-02 0
2.51174025727869621e-01 -1.77127151327786614e-01 0
1.69292233823030658e-01 -8.77136161171812589e-02 0
2.88064642516571157e-01 -1.82972960574946802e-01 0
2.96418175558107344e-01 -1.92571550114035456e-01 0
2.98965437586884875e-01 -1.86761681492488832e-03 0
2.86503214437106024e-01 -2.83779429152428674e-03 0
3.78573592866047248e-01 -1.98729662885919860e-02 0
4.27006854368459532e-01 -4.24191520691012888e-02 0
2.99961471294449167e-01 -1.08296671390911477e-02 0
2.78702368288153257e-01 -9.82862973353775503e-03 0
3.03198718696814029e-01 -1.03794978548388522e-03 0
2.74705346871316258e-01 -6.36899024371017780e-02 0
2.97499249737182447e-01 -2.06079518691691882e-03 0
2.99354195617184071e-01 -2.38225597625943506e-03 0
3.47920974492034463e-01 -2.26432119629630898e-04 0
2.96791922786756701e-01 -9.09209656467641764e-03 0
2.75834694905717159e-01 -6.45241100557417298e-03 0
3.00422470108636486e-01 -2.49346247191376859e-03 0
3.00345579061976731e-01 -2.18482864518667426e-03 0
4.01758707377270652e-01 -1.51311583004822087e-01 0
2.57168237305080816e-01 -7.66934116221676815e-02 0
3.11585096831421826e-01 -1.13308634194176968e-02 0
3.14997818632994475e-01 -4.00047853121491496e-03 0
2.14501969846416951e-01 -8.39630856035410988e-02 0
3.28616696850534185e-01 -9.72398725140575550e-03 0
2.97205862393264408e-01 -1.95469968188599586e-03 0
2.72407319254389824e-01 -1.07179154326609623e-02 0
2.99244661773190201e-01 -1.79822202802015925e-03 0
1.94333537580378579e-01 -1.66386619588030971e-01 0
2.91665454977449390e-01 -7.63189907914016592e-03 0
2.99181123135292826e-01 -1.82520400859133942e-03 0
2.99827627115379747e-01 -9.67495900391380234e-04 0
2.96395381637368616e-01 -1.01604951941924393e-03 0
3.03098050907707028e-01 -8.19485200909732432e-03 0
3.02678905947062538e-01 -1.28166338505960372e-03 0
2.87026015010020508e-01 -2.38583419651380579e-02 0
2.92506237044080908e-01 -4.26087759600262718e-03 0
3.07373566060740400e-01 -1.23214387448793761e-01 0
3.50719635248865569e-01 -1.19023701388993486e-01 0
3.12441664367701433e-01 -2.52504149008113670e-03 0
2.82373832623248500e-01 -6.66525688854526926e-02 0
3.11108201597566913e-01 -2.20278839330925943e-02 0
3.00263093883438303e-01 -3.74014012926354722e-03 0
3.04017248572869880e-01 -1.44882044452292261e-02 0
1.95886764062830010e-01 -2.46203114521972646e-02 0
3.40060923578221486e-01 -1.92457711412798077e-01 0
3.07753862962010627e-01 -2.31963617230045195e-02 0
3.02491243629823325e-01 -3.03036999305301329e-03 0
2.96463008377698900e-01 -9.83062957253266062e-04 0
2.97909062174609218e-01 -3.21328171550713847e-03 0
2.13214879625331172e-01 -2.28145058341289508e-01 0
3.29124978873727325e-01 -7.75822817532660775e-02 0
3.25231507715951662e-01 -3.01445953862296903e-02 0
1.45791473483157186e-01 -2.22801471695740633e-02 0
2.60881617771409058e-01 -1.68198553831322428e-02 0
3.13414949694737877e-01 -5.60627865413572055e-03 0
2.96719872698785747e-01 -2.30796986384240871e-01 0
3.37985229477781646e-01 -7.93705525512471421e-02 0
3.00644884031495196e-01 -2.91446166728650657e-03 0
2.95973079652678384e-01 -3.98954502779508627e-03 0
1.98090365099762827e-01 -6.43405636993490126e-02 0
4.78303438831338468e-01 -9.98958351518965532e-02 0
2.95292189721869880e-01 -2.77547777682587765e-03 0
3.05167118383772029e-01 -5.58815061581637365e-03 0
2.98022760046065593e-01 -2.08632217865685858e-02 0
2.95415739696651580e-01 -8.23230119551467306e-03 0
2.96555104309341677e-01 -1.19487405418664747e-02 0
2.97749928462369973e-01 -2.64613714420916600e-04 0
3.01795755083980544e-01 -1.07908530791899337e-02 0
3.14772806370925473e-01 -7.41144160307411447e-03 0
3.01028301039153401e-01 -1.31718253970001284e-03 0
3.01201298844101184e-01 -1.47727865294325204e-03 0
1.54712946972846016e-01 -9.95769901897663179e-02 0
2.83778490234361559e-02 -1.06868726934381458e-01 0
3.15340268674008883e-01 -2.20820465130707709e-02 0
2.99811482128543083e-01 -4.06753010656096727e-03 0
3.00477032571845326e-01 -1.95293810203734410e-02 0
2.69170576719151899e-01 -5.79562249372384767e-03 0
2.99529320165267510e-01 -8.61645311769193654e-04 0
2.97840952327278641e-01 -1.61681164389330619e-03 0
3.01430977343463635e-01 -4.29715164428245652e-04 0
1.82485672922602843e-01 -2.93099131817093385e-02 0
4.58985626443559669e-01 -1.82319517418217447e-01 0
3.74517151583580343e-01 -1.95853581243203123e-01 0
3.01431714437534581e-01 -4.52649875506600657e-04 0
3.02739022709477723e-01 -4.62814473967785873e-03 0
3.00413322145189288e-01 -3.10381890869481465e-03 0
3.22648835308469384e-01 -1.60973642943966211e-02 0
2.51324425834040077e-01 -1.96249530148700613e-01 0
2.99387936319400583e-01 -2.95127195851399397e-04 0
2.99664015407319795e-01 -1.71665255779596439e-02 0
2.65219076100497886e-01 -1.73293398233691831e-01 0
3.04204928419998410e-01 -2.02904976456894743e-03 0
3.32723444221891596e-01 -7.56105845120592229e-03 0
2.67742211122891205e-01 -6.14675779255152571e-02 0
2.96526451644147981e-01 -1.46585975045146867e-03 0
3.02173880562787878e-01 -1.06190473700230902e-03 0
4.11829669820330480e-01 -1.10070356444870870e-01 0
3.59332388604449715e-01 -1.25049913754216896e-01 0
3.00106585740648579e-01 -4.53306904788997392e-03 0
3.09995751151922350e-01 -1.41876081604545520e-03 0
3.01001317242961641e-01 -1.15735762545913687e-03 0
2.99569859617630885e-01 -2.23173971862348532e-03 0
2.74236415893882868e-01 -1.01321590897419780e-01 0
3.07798323692188514e-01 -1.91621126246156021e-03 0
2.99184568097419001e-01 -1.62807836419345689e-03 0
2.43286577870444998e-01 -1.61832435076174092e-01 0
2.90136841205536844e-01 -3.18665139280182403e-03 0
2.93568157515379458e-01 -5.07254801940994031e-03 0
1.85280313586660084e-01 -5.15223658610746288e-02 0
2.75658175863144506e-01 -6.28076923828284617e-02 0
2.14352766903233904e-01 -7.41697032788215804e-02 0
3.00666055636952645e-01 -2.82969650727625012e-03 0
3.13402693371275576e-01 -2.06844322561342241e-02 0
3.09302006126231932e-01 -1.08306905643136744e-02 0
2.97486036372587637e-01 -1.30708707811175964e-03 0
2.99634686992955424e-01 -6.19283121918912712e-03 0
2.92191556758775617e-01 -3.02883153963022546e-02 0
3.21943828241769758e-01 -5.91256077019068210e-02 0
4.10417161856589052e-01 -1.24459699415257918e-01 0
2.93971062870577060e-01 -8.35770877323090827e-03 0
3.45148153055782669e-01 -2.77694565507268683e-02 0
2.98580772179926290e-01 -4.88178028571878777e-04 0
2.88741088426914205e-01 -5.73601768147918301e-02 0
3.16890555810968089e-01 -2.90104754908300268e-02 0
2.98600242787864345e-01 -2.26050219741026235e-03 0
2.97485920587133190e-01 -8.61294270822410475e-04 0
2.99993750695709438e-01 -3.97489570823357941e-03 0
2.98343709490100362e-01 -6.21848475382560158e-03 0
2.46950972495125071e-01 -2.94986939388957453e-02 0
2.43729034628826335e-01 -2.32038156379502022e-02 0
2.92165488164798592e-01 -5.71091294354668030e-03 0
3.01868646017225351e-01 -3.55422386547066000e-03 0
3.13166226452121776e-01 -7.09545111626880276e-02 0
3.29757825833219331e-01 -3.12827307764345086e-02 0
2.90999140037386805e-01 -1.27951528597003276e-03 0
3.10841003246665637e-01 -9.49098923049224077e-04 0
2.99369059564780771e-01 -4.01297239101067703e-03 0
2.98262828013541093e-01 -9.67325407799222992e-03 0
3.29931949308265027e-01 -3.82081591133470871e-02 0
3.00981472200739619e-01 -1.19105819205818104e-03 0
3.00569691702408825e-01 -2.65447172581888442e-03 0
3.01432343535345371e-01 -1.35985045915817276e-03 0
3.26090112757770612e-01 -5.32012975217387076e-03 0
3.03890783713139712e-01 -4.87183645016897831e-04 0
3.05289711063230995e-01 -3.57595792201830139e-03 0
2.89484982493808607e-01 -4.08047202177055576e-03 0
2.97579970355576484e-01 -7.75645814887709873e-04 0
3.01433829010637921e-01 -1.13923923974371360e-03 0
2.85713076337521632e-01 -5.09768446771789660e-02 0
3.06704151713254436e-01 -2.68718392635997894e-02 0
3.32051256525193350e-01 -1.08648675325480216e-02 0
3.06059845632935479e-01 -3.23570303292323872e-03 0
2.96594252674199865e-01 -2.09135407603595960e-02 0
2.63960132881356890e-01 -1.26785087458548985e-02 0
2.29329316654800858e-01 -6.96329819056343887e-03 0
2.94936607914778326e-01 -2.26366422833358888e-03 0
2.99740346081746101e-01 -1.83812972133444940e-03 0
3.04334874036774450e-01 -6.06575023999573956e-02 0
3.02035541924017159e-01 -1.16520600546388456e-03 0
4.05978281386636553e-01 -1.11909339586895251e-01 0
2.95936995051891694e-01 -1.33682069881392243e-04 0
2.97564164763892802e-01 -1.20127798351420188e-03 0
2.70385663642884799e-01 -3.31593103286116977e-02 0
3.01925874632571312e-01 -1.13953201313165566e-03 0
3.00832951288504513e-01 -4.31920056500991172e-03 0
2.99350444167517438e-01 -2.52418473527565856e-03 0
2.98257252721944033e-01 -1.08237918056553416e-03 0
2.90560567251112845e-01 -7.03220455716926929e-03 0
2.28907231155176111e-02 -6.40495330680369290e-02 0
3.01608679670359758e-01 -8.79636024340465237e-04 0
3.06735412932512053e-01 -4.06019951853570180e-03 0
2.68186241765294264e-01 -5.89537706444639778e-02 0
6.84881917873364360e-02 -4.90862583745415373e-02 0
2.77875888483799072e-01 -7.59390501934109098e-03 0
3.00502043534886520e-01 -1.18827729242970237e-03 0
1.78843227005403504e-01 -8.84800045028042159e-02 0
2.98705387790420274e-01 -2.68081817998232523e-03 0
2.93248481610442757e-01 -1.14674014471128228e-02 0
2.98478377447646381e-01 -1.69830797705089681e-03 0
2.98284298703484552e-01 -1.03470171289306214e-03 0
2.96993468270639549e-01 -9.87125344238824580e-03 0
1.59447571590938725e-01 -1.60404041832168304e-01 0
1.87770824592232904e-01 -1.88158397924475251e-02 0
2.62007691306279211e-01 -1.39843119177673891e-01 0
4.32840206663996419e-01 -7.03217903242357445e-02 0
2.95263933049997096e-01 -1.49282384279292974e-03 0
2.86066486142273757e-01 -1.60727001476699688e-02 0
2.93183017350020225e-01 -4.98373682721044067e-03 0
4.36879104050085842e-01 -2.12681671705154396e-01 0
2.97872332611046120e-01 -3.15272129436788276e-03 0
2.92632411916278090e-01 -5.66499593037125271e-02 0
3.02865150757904100e-01 -5.57644158614195281e-04 0
3.46298908259055682e-01 -1.14076780485172447e-01 0
3.05574757537740715e-01 -1.72640490305838411e-02 0
3.00343134614280360e-01 -5.00600926273749719e-03 0
9.85478312142841761e-02 -1.31362845876126400e-01 0
2.42324308441124597e-01 -2.29831448542675815e-01 0
3.03071717909761562e-01 -1.38022938380070884e-03 0
5.61949820024767344e-01 -8.68943573254423313e-02 0
2.74642457196103862e-01 -5.58606509254681374e-02 0
3.16086605442950752e-01 -2.11261448549556786e-02 0
2.98054557021632138e-01 -2.15909415362758360e-03 0
3.01387625753576971e-01 -5.57032219674686593e-04 0
1.94030472134050752e-01 -2.15280466879867849e-01 0
3.45219848420453335e-01 -4.42355381854587712e-02 0
2.84869955181286605e-01 -3.62216722879231965e-03 0
3.00902496403986031e-01 -1.11674865986980208e-02 0
3.29054364639994767e-01 -6.83311215148864771e-03 0
1.03365812565108905e-01 -1.95720250472986829e-01 0
2.26133852862784535e-01 -3.75982261170074231e-02 0
3.65746611310555692e-01 -4.40572282163055398e-02 0
2.98949874472744404e-01 -7.02804924190198257e-03 0
2.34743293221797100e-01 -4.70459895841073630e-02 0
5.09518475821849837e-01 -1.17031755413914418e-01 0
2.68989576479051307e-01 -5.50182131495708937e-02 0
3.14965119873245325e-01 -2.01523528975044216e-03 0
1.81478036708320661e-01 -1.67275034992726085e-01 0
2.95521091493317511e-01 -7.87843097516586696e-03 0
3.00970993822069099e-01 -1.96127053364089860e-03 0
3.50324880286441320e-01 -2.03678791868817238e-01 0
2.96563999934519595e-01 -1.31636970269902696e-03 0
2.95222994369413683e-01 -9.97500408361079102e-03 0
3.05565482622246920e-01 -1.00436189881098403e-03 0
2.89334893886458999e-01 -1.04206949928180789e-02 0
1.76038175900998711e-01 -7.69079031281076353e-02 0
2.96277744570167367e-01 -1.17987920185955317e-01 0
3.00748641349547652e-01 -8.45275937805756161e-03 0
2.81460347837258540e-01 -4.98198121782224973e-03 0
3.00362783661209110e-01 -2.97149568542260951e-03 0
2.97770537802886703e-01 -1.37369225729530977e-03 0
2.99260491532516160e-01 -1.60361426423099749e-03 0
3.01926289786843161e-01 -1.06891946269041509e-02 0
3.01291734754967011e-01 -2.61233114880010881e-03 0
2.98417894994252753e-01 -1.17578069891424784e-03 0
3.19618070872313087e-01 -2.07353712296564872e-02 0
3.35035429554213282e-01 -1.04858305416129505e-01 0
3.04775673047163298e-01 -9.29380954653424396e-04 0
2.91888367252623793e-01 -5.28673111581858604e-02 0
4.14265559857912413e-01 -2.07667880183100034e-01 0
3.07281136113949971e-01 -1.87473874351666084e-02 0
3.00647528630082095e-01 -2.22827715086882988e-03 0
2.98292778721962970e-01 -3.25354768956277437e-03 0
2.45068398044062025e-01 -2.41107278655155292e-02 0
3.00014114375853791e-01 -1.21204373498811626e-03 0
3.00083943242600737e-01 -1.50585085013395636e-02 0
3.10082037196963367e-01 -2.14211629909605945e-03 0
2.87849053308608938e-01 -1.58902006341566718e-02 0
4.77122948321212603e-01 -5.38956491769066390e-02 0
2.94312773146097106e-01 -3.48588357055133931e-04 0
2.97615890836746277e-01 -3.35616974572424884e-03 0
2.90042317872875266e-01 -4.11541492919469745e-02 0
2.96703959989661703e-01 -1.54667003012017232e-02 0
3.31966946559805909e-01 -2.81492187337385666e-02 0
2.99024885935488982e-01 -2.69454406841757943e-03 0
3.15689796222915986e-01 -1.22277470524624926e-01 0
2.66264615658159565e-01 -2.26800859790094733e-02 0
3.06798577545561002e-01 -7.17591257536376731e-02 0
2.76357930842291932e-01 -4.18039835675212794e-03 0
2.89882282048112783e-01 -5.76148909326618195e-03 0
2.92592181030713494e-01 -6.77289970182538836e-02 0
3.05525044882372199e-01 -2.96628217365572499e-03 0
1.31331535065770860e-01 -8.85099405317462812e-02 0
2.98133547345610372e-01 -8.91526185825756642e-03 0
3.08850373357540509e-01 -1.75181074076380845e-02 0
2.89176002387848519e-01 -4.06589672766753934e-03 0
2.74944756753898456e-01 -5.74586650001528004e-02 0
3.01137532035739841e-01 -1.78245202490129209e-03 0
3.22793030877968345e-01 -7.31375261454480091e-02 0
3.68218795867279625e-01 -9.76495845110827293e-02 0
2.83971439636249656e-01 -4.82918128795965726e-02 0
3.01979083266191994e-01 -4.58868670678311535e-03 0
2.82483217774050943e-01 -1.76027555789938818e-02 0
1.70060096800251831e-01 -1.03334524560184368e-01 0
2.53036058677592601e-01 -2.31739042708975329e-01 0
3.05342723827304374e-01 -1.02832506942646847e-02 0
3.01955753560021523e-01 -2.85162360027934767e-03 0
3.00717123931121211e-01 -2.05535178071353276e-02 0
3.02184803813491498e-01 -1.32904363361456782e-02 0
2.98301968679256624e-01 -2.25173089391543296e-03 0
3.10739032354692801e-01 -2.31635926122155571e-03 0
2.98628308667129361e-01 -8.00739246667915767e-04 0
3.14043933562740518e-01 -3.67554208678681294e-03 0
2.98514251158673416e-01 -9.49747130178145199e-04 0
3.23336498816609919e-01 -1.40301284629285386e-02 0
1.74868448666339188e-01 -4.23058319745330674e-02 0
1.81869134972087787e-01 -5.61281570178219641e-02 0
3.09574746273243773e-01 -6.80216920118155606e-03 0
4.78572535231388874e-01 -1.79679537019144658e-01 0
4.25595441548680231e-01 -2.18061397159248216e-01 0
4.06503910907409394e-01 -1.25237918163677242e-01 0
3.00468993557526487e-01 -1.12429340118748184e-03 0
2.71401871752575297e-01 -9.69095437169249091e-02 0
3.17867714568124571e-01 -1.98503991611204654e-02 0
3.02943932321286913e-01 -3.48196409135764437e-04 0
3.76302535491210621e-01 -7.54955703396629763e-02 0
2.68394539834845680e-01 -1.87046034151924001e-01 0
3.01232834621735168e-01 -1.27705808908130155e-03 0
2.99469112971618323e-01 -3.46059565213155482e-03 0
2.98983102630992037e-01 -8.60934125483146968e-03 0
2.99724167699633393e-01 -1.03138130198869474e-03 0
2.95944519584460775e-01 -7.08249077312867511e-03 0
3.01643136387084398e-01 -2.60482703243290065e-03 0
2.89116475711772181e-01 -2.01742374077755688e-03 0
3.45198820656931138e-01 -5.80717788575408206e-02 0
3.00511241401178464e-01 -3.70141497231823557e-03 0
2.66912496067990002e-01 -1.97312047263191945e-02 0
3.93907744169421481e-01 -1.19439322929284289e-01 0
2.96247519977346607e-01 -3.68137336716634815e-04 0
3.02954270407682746e-01 -2.21201572209737355e-03 0
3.63085521256784172e-01 -7.85346763931598774e-02 0
3.06396676355036479e-01 -4.27295427670462908e-04 0
2.98344904143164391e-01 -6.11707686288309217e-03 0
3.90917893018214113e-01 -1.69125729348962917e-01 0
4.79002389005290935e-02 -1.15392224743907576e-01 0
2.98306849014281450e-01 -4.29241987833972138e-04 0
4.95291177360108331e-02 -5.22461569543719723e-02 0
3.02653784862900177e-01 -1.40305085831997985e-03 0
2.99050943139137104e-01 -1.22157005035441113e-03 0
1.76711945397365205e-01 -1.70653158962986634e-01 0
3.00498401097484047e-01 -1.12720778830729018e-03 0
2.97497247200089243e-01 -4.96334269713420446e-03 0
7.47275608639634270e-02 -5.49749082767537617e-02 0
4.15285866401064629e-01 -2.47267435364856812e-02 0
1.70385622881021298e-01 -1.58776053592002114e-01 0
1.56055562719446678e-01 -2.10623012475312010e-01 0
4.25147927158171290e-01 -2.18735074738989621e-01 0
2.95329209318325847e-01 -4.04423807092659394e-03 0
1.92563867093134361e-01 -2.18486272970127543e-01 0
2.68022438551549391e-01 -3.67581825305193788e-02 0
3.72843004290033087e-01 -1.79902247077608352e-01 0
2.82761955791881625e-01 -2.35777204829938879e-02 0
2.87014927423864530e-01 -2.28548240800316507e-02 0
2.94492273450968123e-01 -8.36691578365661784e-03 0
2.98707728364318581e-01 -6.20309217369216037e-04 0
4.04879448223085858e-01 -8.21566751698387665e-02 0
2.99880378752581500e-01 -9.11386152104645751e-04 0
3.00851976664039233e-01 -3.90310704257106457e-03 0
1.97631730347152090e-01 -2.32865003856922992e-01 0
2.98474652299056897e-01 -1.53231070483172472e-03 0
3.02241136310614389e-01 -2.67252585918955786e-03 0
3.02955991647140821e-01 -7.03668081235905678e-03 0
2.87493737254302550e-01 -2.80632532277611847e-03 0
3.00820730487325272e-01 -1.07928150965952798e-03 0
8.37474793147296309e-02 -1.30945482308753941e-01 0
3.01395973687000107e-01 -7.59087007250330414e-04 0
2.97863265253619613e-01 -1.39877763996855463e-03 0
2.27511466375041993e-01 -1.57068629614055488e-01 0
3.10685647934356823e-01 -6.57972250436286571e-02 0
2.99409651163308532e-01 -5.06466121238765242e-04 0
2.99601366837866367e-01 -3.39873406820966756e-03 0
3.00776213026403560e-01 -1.22590267510128939e-03 0
2.96380635605566489e-01 -1.34093208439285128e-02 0
3.09848692096482692e-01 -5.34673687831105100e-03 0
2.96028954016867574e-01 -6.65462459863815775e-03 0
2.82097014563987336e-01 -2.02274285471418569e-01 0
3.03062652160260126e-01 -3.78271813371661462e-03 0
3.25733836194587456e-01 -1.58970143120677546e-02 0
3.69372615236858881e-01 -1.96734619121353080e-02 0
2.15535859307777078e-01 -1.47117065985742840e-01 0
2.96164281158606935e-01 -1.13872583015393568e-02 0
2.97640499854944063e-01 -1.70916635627568585e-03 0
2.96192813237046049e-01 -1.28975826487470161e-03 0
3.06697598122300075e-01 -6.86505756124339197e-03 0
3.00602958846739043e-01 -2.14450913468529824e-03 0
3.64211783009670831e-01 -4.78952764561212524e-02 0
3.22040584323003476e-01 -9.15418112324228733e-02 0
2.95054583370874646e-01 -2.52619934561114749e-02 0
2.64284741442846527e-01 -2.14254811517544386e-02 0
3.29605508665653801e-01 -1.02186085404388800e-02 0
2.32610122825463478e-01 -8.48059305207310953e-03 0
1.37724599529507080e-01 -1.54655153298501491e-01 0
2.88835522544319323e-01 -1.11176959699248422e-02 0
2.90606503761958956e-01 -4.53871860376294217e-03 0
3.10247083291268988e-01 -1.58552164202170713e-02 0
4.77460675101942955e-01 -9.54199772630427989e-02 0
3.23568418299768401e-01 -1.65899856248051619e-01 0
3.12068143893871663e-01 -2.46627854479506336e-03 0
3.09941136284007213e-01 -6.34741899817290248e-03 0
3.24724073489963294e-01 -7.20895305730056973e-02 0
3.42917434921428732e-01 -4.72958950104242146e-02 0
5.33315948305020382e-01 -1.30767642034317122e-01 0
2.26398676103480995e-01 -7.87364902909947068e-02 0
2.91950904323859173e-01 -7.58520773513741975e-03 0
2.91602256894663625e-01 -3.82468416427464257e-03 0
2.99312513507688671e-01 -3.16316674074282583e-04 0
2.50734415973391078e-01 -1.59241631079159063e-01 0
1.05414628930188617e-01 -7.04407472960912606e-02 0
2.98495246699497174e-01 -1.43792075418998858e-02 0
2.88814667704440697e-01 -1.24765376269852877e-02 0
3.48210268849172777e-01 -1.61596207421924563e-02 0
3.03276112230275563e-01 -1.21042906449463460e-04 0
2.51772033319771604e-01 -2.70378862585389616e-02 0
3.13275035814848946e-01 -8.04849946654784126e-02 0
8.56687846107719447e-02 -6.11485806754578087e-02 0
2.16959777103748558e-01 -1.82600194015648726e-01 0
4.10760845920468187e-01 -1.45271428362787086e-01 0
2.94251444115583904e-01 -4.67322817450447486e-02 0
3.06043613403689851e-01 -1.06403607816653962e-03 0
1.24118002452853968e-02 -7.34850305549074878e-02 0
5.97661392823893231e-02 -6.99323060843459327e-02 0
3.87730197479061234e-01 -8.17171463500531992e-02 0
3.05802706484247455e-01 -2.10078332989949886e-02 0
2.25455371688788681e-01 -8.16382926333263648e-02 0
3.49676268001071933e-01 -3.64180702834988271e-03 0
3.00389820589062329e-01 -2.44606043684938382e-03 0
3.05475909087052522e-01 -1.05425167347642443e-02 0
3.01795549010848596e-01 -2.50572485021436460e-03 0
3.00119282651894137e-01 -5.59809612811647261e-02 0
3.01841387966665597e-01 -1.55223705867497310e-02 0
3.42616658322606349e-01 -2.01478881665465882e-02 0
2.99517672716495209e-01 -2.11440602097890491e-03 0
3.03995174508837840e-01 -5.01171954045634156e-03 0
2.97251244319345187e-01 -8.57790133669456456e-04 0
3.06574518139059005e-01 -4.56463550308819094e-03 0
2.98142188051373658e-01 -1.23070784689726124e-03 0
2.99523878976958147e-01 -3.51324962495890415e-04 0
2.36219163247327890e-01 -6.54328977242797233e-02 0
2.99224435698176361e-01 -7.14492683734379002e-03 0
3.71679926652888737e-01 -1.29541331258966712e-02 0
2.98728873667580663e-01 -6.49306870473599553e-03 0
2.97334161796627361e-01 -1.06777700905753988e-03 0
2.94826327753016038e-01 -2.47076679091183769e-02 0
3.00257615432686475e-01 -4.88683215306556003e-03 0
3.17026562859258565e-01 -2.34096486117890386e-03 0
4.23063759390381544e-01 -9.65221600009867342e-02 0
3.04529117220017409e-01 -1.74561008384566336e-03 0
4.71492925205805435e-01 -1.86779712464609976e-01 0
3.02153421552911805e-01 -5.77543816528596713e-04 0
3.02169636018652488e-01 -1.99256960698834969e-04 0
3.53594293559234829e-01 -2.41566492697730187e-02 0
3.21138353249309449e-01 -1.94252127944447676e-02 0
3.02191761794514846e-01 -2.58521479978964961e-03 0
3.02555442034331046e-01 -2.21199154518069959e-03 0
1.64799370795990385e-01 -2.22667505473886973e-01 0
3.00638802487122714e-01 -1.64912344816249140e-01 0
3.54386101020311040e-01 -6.29273979646789855e-02 0
3.63537073555899093e-01 -9.83125049233504397e-03 0
3.83958851878949514e-01 -3.36669996268749785e-02 0
3.16739664213527838e-01 -5.47987873369136427e-03 0
1.16431802027250050e-01 -7.21788449916700436e-02 0
2.95488933932949727e-01 -4.05546585406005300e-03 0
2.87874855414573139e-01 -1.80482436835664880e-03 0
3.84131732495358091e-01 -1.51797748207389643e-01 0
2.04886099630943980e-01 -1.69612907159629123e-01 0
3.16563068356567334e-01 -3.69774244730864537e-03 0
2.97675388225926096e-01 -5.23532769627325792e-04 0
3.31243299274235459e-01 -2.86012778714922200e-02 0
3.08974327714986285e-01 -1.80296433645086490e-01 0
3.13982529335591787e-01 -2.32401440459504907e-02 0
3.16298085595175138e-01 -6.49735194774258597e-03 0
3.02111938479557973e-01 -5.59677839988141634e-02 0
2.99040613354908391e-01 -1.20186665420626252e-03 0
2.92224079289051919e-01 -6.46654571612676095e-03 0
2.76300997570597784e-01 -9.93305137325575967e-03 0
3.26828172238580184e-01 -9.32159619937364056e-03 0
3.73485834080437062e-01 -7.42928913556136633e-02 0
2.94076790293283652e-01 -3.38498666260660178e-02 0
3.99567650899444515e-01 -6.33125479159524496e-02 0
1.15062285296984659e-01 -1.42770366627771844e-01 0
4.33729819874193123e-01 -2.10493670922453663e-01 0
3.68367132324986357e-01 -8.23397093980420686e-02 0
3.49145275157280333e-01 -8.80232822070501145e-03 0
2.99383323985127348e-01 -3.76820616789932386e-03 0
3.00720472502195690e-01 -1.13980435752284739e-03 0
2.98027641919929198e-01 -7.82088127749313022e-02 0
2.72896444455248133e-01 -2.06657421584869300e-01 0
3.01346156946597610e-01 -1.80598070712501609e-03 0
2.91266017320032378e-01 -4.77114361973987877e-02 0
3.00109711745677854e-01 -1.33646630359094236e-02 0
3.16038662890520072e-01 -8.52678169297912611e-03 0
4.25894979774821103e-01 -6.85236006050327778e-02 0
3.03518560064410081e-01 -6.05802552639223891e-04 0
3.00896743036062508e-01 -4.45889186564630332e-03 0
3.20666908390812300e-01 -2.59023020701601887e-02 0
2.99840903903215050e-01 -9.43861005322114976e-04 0
2.93365592471421355e-01 -1.24982295364011540e-02 0
2.33003078455855217e-01 -1.07132772296179568e-01 0
3.45225339451456947e-01 -2.11750225420906067e-02 0
3.00470118059137814e-01 -5.38168582516614230e-02 0
9.30447083056382823e-02 -1.65606433404102166e-01 0
3.10028183013003944e-01 -2.36816414078858117e-01 0
3.41965350607666141e-01 -2.19498724946847107e-01 0
2.91270073995792911e-01 -7.42551201556887388e-03 0
1.24760946255156005e-01 -1.94792428270130547e-01 0
3.06137631177253011e-01 -4.31921524911364554e-02 0
3.43917005282003252e-01 -7.63366909760068990e-02 0
3.00593988995860484e-01 -3.99067080817252888e-03 0
3.00399009127027827e-01 -1.29467274551917739e-03 0
3.74629843413711139e-01 -5.65527328107706048e-02 0
3.00520923804897255e-01 -6.48383059623506858e-03 0
3.15916001893589649e-01 -9.19121748375425693e-03 0
2.98226346989823976e-01 -1.63355409894523455e-03 0
3.51431878225797856e-01 -2.28540477645801550e-02 0
1.57319330171265481e-01 -1.98772749715039415e-01 0
1.80466676206457760e-01 -1.63337811420869089e-01 0
2.97604542766277846e-01 -1.11292715110031270e-03 0
2.52038986746957128e-01 -3.99890777960710195e-02 0
2.98287582193376366e-01 -1.52452209314507731e-03 0
2.99484633394764888e-01 -1.38237158067538481e-03 0
3.33349794134100597e-01 -8.29655003430669891e-02 0
2.99572066383283042e-01 -1.70789536316005418e-03 0
4.32159694232781277e-01 -1.96366800195981267e-01 0
3.05247488851468407e-01 -6.99216827582127814e-03 0
1.68075101900641150e-01 -1.71405624314102362e-01 0
3.00558222093566529e-01 -1.64034956330456373e-03 0
2.87561049880194930e-01 -6.50540555610964067e-03 0
3.01717055058931705e-01 -1.31085025184321828e-03 0
2.98678567271912387e-01 -1.44090631674216704e-03 0
2.97392334395130797e-01 -3.74357964489133209e-03 0
3.44143781646549463e-01 -1.92617970318733256e-04 0
2.95850231302111910e-01 -6.29381098867578918e-03 0
2.99494818867495349e-01 -1.75983890608362469e-03 0
2.99097320776180731e-01 -2.68544494913108269e-03 0
2.81045502659070801e-01 -4.55525099842078868e-02 0
3.04221338217696147e-01 -2.43972446147740357e-02 0
3.00076671847983922e-01 -1.36539067574529237e-03 0
3.08541077666270869e-01 -1.16198420235550746e-02 0
3.04559052903408067e-01 -3.38401889752778249e-03 0
2.72476592600577550e-01 -2.41275201642856957e-02 0
2.98930547427228133e-01 -8.26538706755842794e-04 0
2.99019087898610592e-01 -8.43520399507575840e-03 0
2.91174713899194582e-01 -3.01874049187863700e-03 0
2.37795655105292741e-01 -4.14660240485848208e-02 0
1.50438210958897894e-01 -1.02620646025730872e-01 0
3.02279468559701114e-01 -3.74212406551348992e-03 0
3.60839146619939710e-01 -8.06996202658937789e-02 0
2.99282827072108293e-01 -1.47010767408720664e-03 0
4.13090965111535313e-01 -3.65438556830916944e-02 0
3.03877849491293539e-01 -9.60890442846044175e-04 0
4.36964029041030433e-01 -6.05368723731266531e-02 0
2.92549496744025528e-01 -2.01692213060972441e-03 0
1.46728411550645171e-01 -1.14166370467735603e-01 0
2.41783013403067681e-01 -3.44755136359322298e-02 0
2.97507911213759468e-01 -1.92069023908519355e-03 0
9.57810763914909019e-02 -1.55167935554358399e-01 0
2.29397045729228533e-01 -2.33280000084396366e-01 0
3.56841091667080113e-01 -4.30260457966768761e-02 0
4.75571304066172540e-01 -4.16561408632032532e-02 0
8.85343393623267555e-02 -1.23251838631895871e-01 0
2.98729052483039603e-01 -2.45944687373150653e-03 0
2.97446871230661769e-01 -9.58289346298669075e-04 0
1.71032408338345987e-01 -2.54054818222429306e-02 0
3.09029386955519625e-01 -4.88296450925824587e-03 0
3.94449527772368580e-01 -4.94484377760249852e-02 0
3.06300617860375324e-01 -3.24537286973883938e-03 0
3.01893793200385563e-01 -2.83388921432157614e-03 0
2.67698097794222600e-01 -5.13718593299980070e-02 0
3.12966981199927718e-01 -1.75634232288813738e-02 0
2.81848393073707015e-01 -6.12928029849515443e-02 0
3.04762166724218797e-01 -7.53188751131496099e-03 0
2.97708025632362538e-01 -2.30777315931773598e-04 0
3.03536399261533363e-01 -5.33526226598542239e-03 0
3.02406934784131831e-01 -3.84161093379416989e-04 0
2.89280233317992796e-01 -6.62049225229354062e-03 0
4.61853473822113225e-01 -1.96668470661814310e-01 0
3.35644147548649741e-01 -4.09103138152495174e-02 0
3.16363636161190287e-01 -7.44290332908983943e-03 0
3.04204791720032952e-01 -9.99158374069504312e-04 0
3.13726069430721455e-01 -1.69660128112170193e-03 0
3.01356675547109709e-01 -1.73789818109645064e-03 0
3.49337219663582665e-01 -2.94687041111373685e-02 0
3.09854153685689526e-01 -2.96953402299557495e-02 0
3.06555328850870890e-01 -5.15384888191011206e-02 0
2.68776432072876048e-01 -2.32104519619931587e-02 0
3.26361887128402417e-01 -1.18770829817067009e-02 0
2.97176870015141759e-01 -2.18469796253225549e-03 0
2.99858675246525930e-01 -5.11421174303239214e-03 0
2.99935860385270925e-01 -8.94067255197873723e-03 0
3.00236142394831151e-01 -3.38627718847445353e-03 0
3.01652333335088785e-01 -5.58044594906460106e-03 0
9.37984784337948241e-02 -1.53991945100146771e-01 0
3.09153936999644663e-01 -1.71287328843333295e-02 0
3.00536465532591501e-01 -3.26170214304709240e-03 0
3.77856052716338708e-01 -1.12733131536933096e-01 0
2.97106998861512595e-01 -3.77458371504746154e-03 0
3.06568440988740032e-01 -1.70073614734200101e-02 0
2.81482662937183215e-01 -1.94094979809218138e-02 0
2.93190839242960577e-01 -5.88978401155327864e-03 0
2.69169133960580176e-01 -3.31170657160715504e-02 0
3.00204115145758843e-01 -1.43291288323245608e-03 0
1.80400297161454837e-01 -1.42027510901761717e-01 0
2.67803553879560952e-01 -2.71650470501983154e-02 0
1.48167108619557425e-01 -1.54318821008578244e-01 0
2.38211091311301415e-01 -8.32534775676570665e-02 0
3.02129041820493383e-01 -1.20447865860737365e-03 0
3.09103868317321229e-01 -3.82070855580460321e-03 0
2.89203940380934110e-01 -5.19163086393044956e-04 0
2.45354211387361382e-01 -1.43273257767744799e-01 0
2.66202537777195880e-01 -3.68829875878207911e-02 0
2.96583348159103810e-01 -4.32363738672550651e-04 0
2.59229695686667649e-01 -1.30977051392207888e-01 0
2.98773584004241977e-01 -1.33839204309598261e-03 0
3.69225680392166911e-01 -1.21232616751556985e-02 0
3.37268629515718010e-01 -2.14651977955111262e-01 0
2.94195444575215070e-01 -4.86779320745990974e-04 0
3.00574024260024275e-01 -1.61012654992843105e-03 0
3.14914254831779428e-01 -6.95235363364187300e-03 0
2.18362960034764242e-01 -2.14014529215505594e-01 0
2.91712924267432228e-01 -6.65979889995141306e-04 0
3.00167640752637632e-01 -1.08629702987275648e-02 0
3.01060610806030193e-01 -1.60773124975826360e-03 0
2.88825877594919844e-01 -2.42779364007764953e-02 0
2.98923401636552122e-01 -1.94504468077966717e-03 0
2.96969587326147977e-01 -7.39119672734711314e-03 0
3.01753451576954712e-01 -1.03175084246507503e-03 0
3.02446218157390256e-01 -4.48641014901418819e-02 0
3.02123295157083693e-01 -1.01303222763719802e-03 0
3.00289402508495007e-01 -6.24189946789124525e-03 0
7.09432586746698707e-02 -1.14581294284532495e-01 0
5.29344122968708808e-01 -1.37006300285596488e-01 0
2.91116136056989439e-01 -2.26638944438820218e-03 0
2.99500813413115741e-01 -1.10461178557736610e-03 0
2.98333681356958758e-01 -1.96893943440368084e-03 0
2.35987128044802208e-01 -1.25659364853641757e-02 0
2.98680336207595543e-01 -1.07879437726523825e-03 0
2.97108063193440741e-01 -4.88724786530593796e-03 0
2.97668967710146393e-01 -6.20519992504073108e-04 0
2.52324297706840228e-01 -2.38443104186896356e-02 0
2.97968076911143520e-01 -1.41027231839523982e-03 0
2.86707302228037697e-01 -2.61536843718543251e-02 0
3.02420301704725003e-01 -1.32142952350890446e-03 0
2.87132483810787986e-01 -1.33550324389127811e-01 0
3.01993193430718065e-01 -2.47484817394545654e-03 0
1.31649736046953153e-01 -8.57100406539102744e-02 0
3.05149685379696889e-01 -3.93539686305218878e-02 0
2.45471825486537315e-01 -4.65384965428547945e-02 0
4.01818474843160800e-01 -1.94514340106850259e-02 0
3.12891795393123173e-01 -2.06857501714963476e-02 0
2.99035248543148779e-01 -7.17788638097187305e-05 0
1.37064041238237427e-01 -1.97495557219248358e-01 0
2.14316314651942619e-01 -4.95058453659291964e-02 0
2.97690963595043601e-01 -1.61997424017100294e-02 0
2.82763110540039941e-01 -3.93835370862001752e-02 0
3.68287509090722720e-01 -1.59910085355010972e-01 0
2.96100536762366917e-01 -1.06310471938859032e-02 0
3.02169026309062005e-01 -3.62058650557853365e-04 0
2.26779687655013606e-01 -8.84194422214845260e-02 0
2.98920172946992357e-01 -3.89557410593027145e-04 0
3.47499077502096076e-01 -1.38546618301779358e-02 0
3.00942012284705962e-01 -8.37237270891974181e-03 0
3.22029739304537654e-01 -1.70681931291743194e-02 0
7.28342751372586389e-02 -1.14933842876641032e-01 0
2.05129917871717860e-01 -5.68030458713725678e-02 0
3.01335032060455532e-01 -8.39778899348377571e-04 0
2.97574075247645176e-01 -9.09964994912408273e-03 0
2.93211808805359020e-01 -6.41411142815683150e-04 0
1.58842087575661067e-01 -9.55373864457914612e-02 0
3.02169066819969356e-01 -3.83024981431266068e-03 0
2.98773283388428623e-01 -1.04798694498583578e-03 0
2.97347390528288791e-01 -4.16530080560306194e-03 0
2.42989891255950330e-01 -1.86024065764312629e-01 0
3.01377276212303091e-01 -8.20365937065931430e-03 0
3.46322704031942430e-01 -6.95011762755484569e-02 0
4.66147077850862068e-01 -1.72580358299817022e-01 0
2.77038064319460875e-01 -8.36727503284686452e-03 0
2.97943123072071825e-01 -1.24792932013367808e-03 0
2.81218351750369466e-01 -7.88691117593799326e-03 0
1.95221335553496078e-01 -2.21400313629873086e-01 0
4.26538036793611464e-01 -1.51609774590870772e-01 0
2.99107499547010991e-01 -8.09030036720847254e-04 0
2.86863188128807400e-01 -1.18624193215864007e-02 0
2.99849703548420332e-01 -1.86133023569370719e-03 0
4.48266682265909322e-01 -2.04853469882244094e-01 0
3.42167942175618744e-01 -3.88946550409015254e-02 0
2.72410507847954175e-01 -2.17582838588489605e-02 0
3.05483259615298042e-01 -3.08496582084908039e-03 0
1.15119055797149303e-01 -5.88166411430445651e-02 0
3.08331232342334616e-01 -3.94208781739636364e-03 0
3.00701760154751641e-01 -1.53280340746771594e-03 0
3.01889533004661315e-01 -2.34604358401154910e-03 0
4.20887079967889266e-01 -1.15097156069395481e-01 0
2.94585161427690978e-01 -1.60460463314475010e-03 0
3.61501691525240809e-01 -1.86229364198375151e-02 0
2.92613046212005457e-01 -3.75527407697695270e-02 0
3.06847719097941174e-01 -8.13248613584062821e-03 0
3.77963133857414313e-01 -3.30234238921924481e-02 0
2.99498166102749375e-01 -4.60146319145636040e-03 0
3.07787155895420050e-01 -2.08945513948358315e-03 0
3.41614052237646904e-01 -8.48474504037077912e-04 0
4.13024873347451138e-01 -3.96635621885288447e-02 0
5.54706888449698843e-01 -9.13642947498146951e-02 0
3.97506814211316895e-01 -5.43379530804665792e-02 0
2.98092227183190839e-01 -1.44828151949464375e-03 0
3.27631783495808071e-01 -2.34220646806446525e-01 0
2.98308215115386299e-01 -8.46762234041240742e-04 0
2.98194794661373330e-01 -1.24711565635104624e-03 0
2.90448138005892975e-01 -1.17494855428968703e-02 0
3.22287185902480511e-01 -2.22748886534166572e-02 0
2.83235030378158226e-01 -5.57123896274595160e-03 0
2.92339959896194879e-01 -2.37169209569874397e-02 0
4.19199336851306725e-01 -1.59046279023946663e-01 0
2.72488379159183391e-01 -5.13524151260880204e-02 0
3.00971766283888387e-01 -1.70259576317694818e-03 0
2.96921047426187912e-01 -5.26024737969439833e-04 0
3.24833010152195900e-01 -1.82081785583479462e-02 0
2.76590698369226673e-01 -3.89259088463256601e-03 0
2.79205667107422784e-01 -9.35684977928354089e-03 0
3.05990478345443961e-01 -1.20462776399760576e-02 0
3.05540705800531165e-01 -6.78633768914999221e-03 0
2.99698655475021891e-01 -6.73919396063957601e-04 0
3.02413257111196265e-01 -2.48331850819715708e-03 0
2.89808642472046962e-01 -6.89901141067471909e-03 0
2.98739893725909589e-01 -5.66293460846756073e-03 0
2.18566893845515892e-01 -3.28334178799271695e-02 0
3.02873772303429656e-01 -5.87648717145652748e-03 0
1.65313768013980789e-01 -2.11375814714057864e-01 0
3.57749062542750795e-01 -5.74502328166722684e-02 0
3.02995776901976488e-01 -5.86171462952907781e-03 0
3.05325042859050211e-01 -1.28524502068672192e-02 0
3.10446269644952366e-01 -1.23751792351362074e-02 0
4.43230104801904390e-01 -1.73552044419511942e-01 0
3.00208213002650270e-01 -9.93858668496714129e-03 0
3.05961583689418726e-01 -3.07881246366772318e-02 0
3.03496270210970420e-01 -4.64725911048665535e-03 0
3.26322392168477915e-01 -3.50992604979596737e-02 0
2.86567122644218519e-01 -1.18199285935420145e-02 0
2.72148543824582756e-01 -1.32414260253010761e-02 0
3.26082157089997160e-01 -6.16527341245077815e-03 0
3.07102053570519951e-01 -9.70444281655727901e-03 0
3.24187084226358835e-01 -2.96319152914812298e-02 0
3.12623978821420123e-01 -7.58536552600440686e-03 0
3.18634637346464966e-01 -1.55849070548267382e-01 0
3.10178437670485418e-01 -5.48653744435681837e-03 0
2.98698723686156742e-01 -2.15304266428669074e-03 0
3.94743979150639634e-01 -7.41714933708250285e-02 0
2.98412255674828431e-01 -1.98333421334556843e-03 0
4.14781281562818682e-01 -2.78486103268070322e-02 0
2.99670262729436088e-01 -8.01036539566232254e-03 0
3.33274696754978006e-01 -1.42755796964244390e-02 0
2.99577651001829814e-01 -6.44045280294496588e-04 0
1.75801860130382265e-01 -6.81822134666998092e-02 0
2.84274805014303078e-01 -1.50209071283457325e-03 0
3.06794548531494737e-01 -6.89893052317714847e-03 0
8.79888369107789670e-02 -7.78414889962846662e-02 0
2.99285341283943906e-01 -1.34992082384811614e-03 0
3.00990020306581230e-01 -1.00079256392213980e-03 0
3.28797870445088347e-01 -1.32422723566107438e-02 0
3.33904613216912949e-01 -1.49222207567161966e-02 0
3.08555011480776409e-01 -3.28266841723104429e-03 0
2.97839596393933925e-01 -2.41932111808840118e-02 0
2.95485493080485551e-01 -2.34357091787208401e-03 0
2.98155697896119010e-01 -1.79803907319775851e-02 0
3.03460250410890198e-01 -6.32134082516881430e-03 0
2.99753274952723858e-01 -3.79213563221425087e-03 0
3.01046949818337795e-01 -1.60334101280336263e-03 0
2.80427391180969210e-01 -5.46831973638847377e-02 0
2.99977896449126757e-01 -2.21024853910931985e-03 0
2.40553798250244089e-01 -9.10299969173421729e-03 0
2.99433631532780908e-01 -4.28825747194376029e-03 0
3.63069906503733053e-01 -3.79489121991887571e-02 0
2.96906984436619226e-01 -2.05437664344451594e-04 0
2.15345281874912142e-01 -1.66264566646043749e-01 0
2.99261073391326238e-01 -4.47601901653136918e-04 0
3.15356950813071801e-01 -7.69700908722364407e-02 0
3.47538038207371280e-01 -5.87587492216926771e-02 0
2.98685749517177690e-01 -6.44571875152564274e-04 0
3.58444448252137726e-01 -4.79028797387723165e-02 0
3.71902348256151538e-01 -1.58370145519279915e-01 0
1.87928414221113366e-01 -3.57776507088383364e-02 0
2.96049395601928056e-01 -2.96993634945356359e-03 0
3.01759784107881124e-01 -5.69041815299034287e-04 0
3.01500497935308365e-01 -5.56189456230935203e-04 0
3.97099408569418277e-01 -1.35360523412826367e-01 0
2.99646762780797993e-01 -1.33747481681834490e-03 0
3.03074690513982115e-01 -1.01004532831451294e-03 0
1.52363891459813994e-01 -1.04676580708640429e-01 0
3.31395647409328420e-01 -7.37800699003373327e-03 0
3.01833838499130425e-01 -4.54276805656767359e-04 0
3.03071478564816477e-01 -2.87120994545341348e-03 0
2.52513532139671815e-01 -3.40297594749977214e-02 0
2.71399444541395196e-01 -2.28482726961587029e-01 0
2.47932273045179508e-01 -2.27955399401019498e-01 0
2.98757313890596732e-01 -5.20556821618340239e-04 0
1.83847298505544043e-01 -1.87057674623496872e-01 0
3.02319639073799884e-01 -4.90453444400904513e-03 0
2.96718121890702791e-01 -1.10561476633101751e-03 0
3.25710500978439621e-01 -4.94945199241929937e-02 0
2.75941102465308508e-01 -2.27033310862377255e-02 0
2.82524280243312498e-01 -3.81062027928514291e-02 0
3.00746395151613499e-01 -1.07036445117910141e-02 0
3.06717969843282035e-01 -5.49563127001003252e-03 0
2.84640741840015143e-01 -9.43742322910888498e-02 0
2.99051102909313693e-01 -2.50020275134633582e-03 0
2.51785183608638385e-01 -3.56973728012754260e-02 0
8.78492781630805519e-02 -4.05177389994456211e-02 0
3.01419923562958159e-01 -1.56493583195322912e-03 0
3.01511938889978792e-01 -4.53420990909120442e-04 0
2.95074659387615290e-01 -2.66605515973771228e-03 0
3.09578421523833025e-01 -1.30283701769872487e-02 0
3.06044881396752788e-01 -3.88838117024994864e-02 0
2.97190740680105703e-01 -7.43552683909649292e-02 0
2.97687196667130727e-01 -2.67783979502245195e-03 0
2.95509088133100062e-01 -8.78030096197612679e-03 0
3.06654496859091130e-01 -2.85496076988056222e-03 0
3.71199159669652001e-01 -9.32546319744628066e-02 0
2.98722095698041867e-01 -2.42180945222366436e-03 0
3.91901141822904808e-01 -1.19417408711756282e-01 0
2.96508707022048623e-01 -9.06915422170476160e-03 0
2.73110295731737174e-01 -4.51267868995484170e-02 0
3.08934145360752532e-01 -8.68180071479036225e-03 0
3.01416911476953042e-01 -5.36202547531452588e-03 0
2.92201565689560183e-01 -2.31926177904833233e-03 0
3.01440475051581835e-01 -9.52056608662620041e-03 0
3.00223653919083844e-01 -3.05660353626015105e-03 0
2.97886775649893742e-01 -1.59500659754093464e-03 0
3.06802496331633756e-01 -7.96474571062184833e-03 0
2.89765225401502069e-01 -9.27957153506152538e-04 0
3.61141616140619681e-01 -2.00591439912570849e-02 0
2.96502010663971582e-01 -4.10765803764168418e-03 0
2.08536711807227243e-01 -1.22913160062080688e-02 0
3.01686814033369277e-01 -1.35906622863720219e-03 0
2.99958871111603576e-01 -2.45300888487398486e-03 0
3.04603240323856495e-01 -2.46210883668104407e-03 0
4.23865063042906720e-01 -7.35516508766358296e-02 0
2.93715158264131027e-01 -1.03647061503225565e-03 0
2.91662114932776273e-01 -1.43356547091841261e-02 0
2.99865138716487456e-01 -3.42942267886218490e-03 0
2.45380672063740563e-01 -1.36352528175603515e-02 0
3.62294596453975215e-01 -5.38418996617750292e-02 0
3.55136951868854911e-01 -5.13077143925017576e-02 0
3.05930205677289735e-01 -6.48259101814792609e-03 0
1.84328822648545249e-01 -9.08015176960745990e-02 0
2.99593677114053492e-01 -2.75098189323018209e-03 0
2.99410166497704189e-01 -5.58204057035273458e-03 0
2.43995716521667905e-01 -1.49275465777022470e-01 0
3.04955481967248754e-01 -4.46187319100342997e-03 0
3.01546864367020384e-01 -8.65817615681200616e-03 0
3.35824351316647063e-01 -2.06964619502254893e-01 0
3.07348998011167329e-01 -7.19672962459985081e-03 0
2.88668777222941320e-01 -1.38046987350590265e-02 0
3.15759669590101266e-01 -1.85051199504903049e-02 0
3.06120095827797312e-01 -1.11495770068110091e-02 0
3.00184526809395891e-01 -1.31241128743876580e-03 0
2.87173860855711671e-01 -7.10847506823231601e-03 0
3.43306493256702538e-01 -3.73721106373484588e-02 0
2.96076023012399603e-01 -2.41573891924880225e-03 0
2.99712381362197466e-01 -2.85369396425012639e-03 0
2.14361738869700974e-01 -8.63541489194106504e-02 0
2.99951303074993070e-01 -9.35534711645659846e-04 0
3.30097926626342075e-01 -5.35799699875920618e-02 0
3.00032644499030832e-01 -1.11374674756715107e-03 0
2.99217305635424313e-01 -1.01236900850135516e-03 0
2.99598010414518778e-01 -2.90146557272315990e-03 0
2.99676646136332103e-01 -4.78753827309462855e-03 0
2.00536644773641359e-01 -8.14377114073702446e-02 0
2.07576878481727845e-01 -5.46543250042220569e-02 0
3.16779158810669370e-01 -4.03177368001848280e-02 0
2.95614033927315389e-01 -1.73906734765091192e-03 0
3.25207719154113672e-01 -3.64482020869988516e-02 0
3.04868260745638608e-01 -2.96623671889473164e-03 0
2.91682206728562987e-01 -4.89051832604326386e-02 0
3.57600546801267571e-01 -1.85165139661470135e-01 0
2.96870916130867357e-01 -5.46589889122172366e-04 0
3.02026766088725529e-01 -2.01956808670284175e-03 0
3.00916008255565248e-01 -1.06774270679747384e-03 0
2.96874193149961163e-01 -4.55834676330985501e-03 0
3.00194021655658838e-01 -3.32397903114422339e-03 0
2.43793338957662614e-01 -4.58186063922051273e-02 0
2.93130476314323651e-01 -1.29895380386299223e-02 0
3.04334570140573524e-01 -2.85618800432563442e-03 0
3.01395034381299831e-01 -1.02042383993646464e-02 0
3.02149451241982669e-01 -3.38205775323978993e-03 0
3.00027208431845327e-01 -3.07919859501078110e-03 0
3.26715475811972134e-01 -1.97694024124035403e-03 0
1.18952631057623617e-01 -1.44603740284431792e-01 0
2.91469601997058181e-01 -4.24313114829852692e-03 0
2.32329517322722390e-01 -9.54414329062240607e-02 0
3.01133619058470470e-01 -9.57563434039326346e-03 0
3.00264866992059509e-01 -1.24960739759208492e-03 0
3.00071832269104277e-01 -2.14486743461270906e-03 0
3.17771314488877576e-01 -1.01718623600831171e-01 0
2.99042811144436316e-01 -6.42190386740688554e-03 0
3.24841439256300046e-01 -2.13344108376475577e-01 0
3.02730124282496571e-01 -1.91879424519207685e-03 0
4.77227071724807772e-01 -1.88840543590061999e-01 0
1.40623479265920670e-01 -1.86511751086826633e-01 0
3.20766379665923917e-01 -1.20910804929060100e-02 0
2.95423919628061971e-01 -2.23337429114236867e-03 0
3.03111024945395435e-01 -9.21801340571828942e-03 0
2.42366284278729721e-01 -1.04142831376159949e-02 0
3.00552125624486466e-01 -1.43070572921273013e-03 0
2.94418820341494691e-01 -7.88778205847776546e-03 0
3.01124451986453323e-01 -2.15616404058148253e-03 0
1.85361614578931327e-01 -4.77571651434501587e-02 0
1.20375185573472321e-01 -1.69441727932662239e-01 0
2.96640563177622385e-01 -3.99481126005192858e-04 0
2.70363041954597427e-01 -3.71126346701168008e-02 0
3.04958712683212396e-01 -7.71841658073118761e-03 0
3.18159461319471093e-01 -3.57581448133010779e-02 0
1.88005191878848260e-01 -1.03279790637663446e-01 0
2.30708729734262069e-01 -1.07096213734036647e-01 0
3.02327174566629775e-01 -4.34236411890203712e-03 0
2.98664188560114841e-01 -3.11173140542324355e-03 0
2.99541553650980563e-01 -5.58181358626032667e-04 0
2.88715954840329581e-01 -1.22971735386972082e-02 0
3.02017241756995014e-01 -7.33161544511305371e-03 0
3.04342087021028940e-01 -1.02433788278896427e-03 0
3.92121987434345287e-01 -1.05651583500722387e-01 0
3.00489030082612907e-01 -1.48518219082313511e-03 0
2.97978529903099254e-01 -2.56302689067837170e-03 0
4.06753727929644204e-01 -2.07929692106269215e-01 0
3.03583229343823702e-01 -3.78171492542577750e-04 0
2.99086872273714055e-01 -5.23434396220953104e-04 0
2.98084673815171231e-01 -4.06633482777279628e-04 0
3.00675205776887000e-01 -1.76941282212598008e-03 0
2.99364088082420765e-01 -3.33173355501474311e-02 0
3.21015592044467279e-01 -1.43652854138600627e-01 0
3.29258214850509656e-01 -1.69537047880127063e-03 0
3.43852425284869034e-01 -2.78531587477179148e-02 0
3.04025574644862240e-01 -4.23582662000900317e-03 0
3.52731134103967947e-01 -1.06219726631536060e-01 0
3.54081869729157672e-01 -1.61623306172378849e-02 0
2.99427361669618475e-01 -1.58952460739516382e-03 0
2.88600985792375475e-01 -1.58608872032375350e-02 0
2.99246021220235692e-01 -3.49185078941024497e-03 0
2.91466220790840003e-01 -1.01217819226768063e-02 0
1.93689646585738701e-01 -2.06609045232681615e-01 0
3.00718951350453956e-01 -1.10976399257307987e-03 0
2.99884450962705218e-01 -2.26636486122927397e-03 0
2.14796936625091445e-01 -1.60580028057772717e-01 0
2.93210088028536819e-01 -1.12266231733331081e-02 0
2.90921827425747404e-01 -2.11318078586199840e-03 0
2.97671063241389922e-01 -2.51752861788108202e-03 0
2.08972350112344635e-01 -8.11886938856802159e-02 0
3.11568789885992015e-01 -5.97345117546203841e-03 0
1.95449389842929755e-01 -7.33127850870664288e-02 0
2.90496212285478117e-01 -1.27787486951422852e-02 0
3.21312508987075141e-01 -1.01341289006369364e-01 0
3.07207277338775009e-01 -7.27914554753656112e-03 0
3.18279976282546728e-01 -2.23412291183256367e-01 0
4.29105549885558046e-01 -8.94374972384378575e-02 0
2.63924863650830732e-01 -3.64529611634756764e-02 0
2.87864842821358546e-01 -2.21225314839525872e-03 0
3.19991084631250644e-01 -1.48495250717472528e-02 0
3.01582821155283731e-01 -1.73797359640901865e-02 0
2.39304725349354930e-01 -4.10037883043247037e-02 0
3.14705375038858759e-01 -7.52591297328225996e-04 0
2.97834510024839016e-01 -7.89589193590620533e-03 0
3.02108310754349518e-01 -2.29121801368451167e-03 0
3.65349647180169379e-01 -3.24270142710881767e-02 0
2.98191364831595696e-01 -7.57858894239151729e-04 0
2.97614784103694019e-01 -7.53085366984888090e-03 0
2.91976851860447362e-01 -1.00137398621926218e-02 0
3.00614977980156906e-01 -1.15551686508611568e-03 0
3.19580476107487577e-01 -2.00487485992641351e-01 0
3.00942823949793437e-01 -1.10302613106524569e-03 0
3.16631246264111765e-01 -7.94478524409473891e-02 0
2.96398330352648953e-01 -3.08221420181034426e-03 0
3.03639044349152842e-01 -8.73210173819602940e-03 0
3.06883674691559971e-01 -1.15349945873346616e-02 0
3.03620857282188628e-01 -8.81134678017853473e-02 0
3.43072880400818125e-01 -1.25529682305403067e-02 0
2.99663567615259585e-01 -6.04474616095719303e-03 0
3.02541057633774035e-01 -1.57871694565735318e-03 0
3.08016273777497462e-01 -1.13551808789755779e-01 0
3.22040982837087819e-01 -3.32180384378080798e-02 0
2.39364335660299021e-01 -7.94725079122477092e-03 0
2.84894411061178576e-01 -2.06097520660126739e-03 0
2.97725173374713603e-01 -6.55973293252343540e-04 0
3.01870785396903152e-01 -4.64020599438238167e-03 0
3.19157548436661886e-01 -3.59687503776590853e-02 0
2.44151563804016286e-01 -1.06584518732689745e-01 0
3.01332219062924622e-01 -4.48496326457358506e-03 0
2.94862440808723980e-01 -1.30149275734133436e-02 0
3.59074250565097675e-01 -2.40452804517713274e-02 0
2.96747063846851344e-01 -6.42965846133964226e-03 0
4.05441061195955854e-01 -5.61192663115603410e-02 0
2.97213725443484678e-01 -1.89049714931708657e-03 0
3.00323341719404391e-01 -1.17977395328258835e-03 0
2.97980803583527909e-01 -2.47272898760366117e-03 0
2.99522217202212560e-01 -7.66893857439107218e-03 0
4.91008744206955727e-01 -1.10826052846989334e-01 0
3.01594898628724517e-01 -2.25552378559276895e-03 0
4.33681310580801671e-01 -1.54907890677517729e-01 0
4.75236127102944717e-01 -1.94100293563323451e-01 0
3.00696045321761141e-01 -1.52710817130560761e-03 0
3.38830144382867293e-01 -1.09029351229917443e-01 0
3.86304259712557552e-01 -5.11078142208259423e-02 0
3.01127589150203490e-01 -4.93623259578645449e-03 0
3.00502373939055822e-01 -2.01894394606343380e-03 0
2.41551189552269896e-01 -5.31845061615401002e-02 0
3.02839935804471272e-01 -9.24655415000979900e-04 0
3.00190274118685207e-01 -2.09096901616885556e-03 0
2.99647555696182510e-01 -5.95631711807782208e-04 0
2.96338056096907665e-01 -5.09038997516747804e-02 0
2.45436107620604055e-01 -4.12175326498781663e-02 0
2.25169748917617846e-01 -6.63580415004414864e-02 0
2.95758111918005440e-01 -5.25052762307005264e-03 0
3.01185935378906589e-01 -1.00101699219271316e-03 0
1.74160193385459683e-01 -1.05781427308653420e-01 0
2.97593853418577525e-01 -3.53075232853626033e-04 0
2.87931932336294105e-01 -3.81388935605043167e-02 0
3.63978849109778124e-01 -1.00051556393499969e-01 0
1.80431608460323634e-01 -1.34812825766709249e-01 0
2.99720116675959491e-01 -3.70647858829242088e-03 0
2.83936236142532605e-01 -1.23395338015246214e-01 0
2.99815279398765899e-01 -3.64711869284665077e-02 0
2.95333089877415189e-01 -4.66036001821948289e-03 0
3.10197098304463403e-01 -1.02792174841179521e-03 0
3.68758005418236168e-01 -7.01366924068527742e-02 0
2.50641892944491185e-01 -4.25830139490944864e-02 0
2.97213973275719134e-01 -3.12991275029363700e-03 0
3.17135190009147139e-01 -1.49246071262566938e-02 0
5.38357008812944127e-01 -1.29144875186850389e-01 0
3.02919485109634457e-01 -5.20072704482589954e-03 0
2.91364645266796063e-01 -3.07568835755795376e-03 0
3.01985849137759499e-01 -2.03747354953361798e-03 0
2.99830055437032728e-01 -1.25774022675079113e-02 0
3.13819772756773363e-01 -3.25451854521761940e-03 0
3.02178631479964599e-01 -1.84767467377484722e-03 0
1.16569345694509011e-01 -5.00264559904273348e-02 0
7.14008560698024958e-02 -7.37009431181349650e-02 0
2.84685626994762242e-01 -1.50878362838805322e-02 0
3.90176690710073659e-01 -2.51082134393989416e-02 0
3.85975117933224809e-01 -1.70048260384043859e-01 0
2.39121546407441710e-01 -1.64716353898970269e-01 0
2.99904462662995974e-01 -1.12083221920843417e-03 0
3.07154802194755217e-01 -5.23370170430950341e-03 0
2.97717808598755684e-01 -5.63706268247751111e-03 0
3.07537349002023508e-01 -3.30589089844980505e-02 0
2.82901335190952008e-01 -3.16347466719818331e-03 0
2.82273640018639083e-01 -4.28384476715727627e-03 0
3.60338498618017311e-01 -2.07039485270867421e-02 0
2.96874865529732579e-01 -2.89425199543458895e-03 0
3.02413447507069222e-01 -4.91915359035396352e-03 0
3.34182952321217253e-01 -1.07748003082930623e-02 0
3.05206036847249174e-01 -1.05563664437386654e-03 0
2.98946532776200369e-01 -7.27672972126442927e-03 0
2.96377310517533465e-01 -6.18712824051280549e-04 0
3.01112847869688172e-01 -2.11295580394558341e-03 0
2.93237108370626831e-01 -1.13216727222063218e-01 0
3.01261271416500054e-01 -1.92284999127507973e-03 0
2.36235533981465178e-02 -5.10712363003180750e-02 0
2.97024200134035354e-01 -1.63383389442236571e-01 0
2.97794141195908024e-01 -7.31471867487406538e-05 0
2.43458871643547931e-01 -4.70171358880948145e-02 0
2.85386446730455268e-01 -1.32973805171733451e-02 0
1.61037569653881357e-01 -1.99304435656958406e-01 0
3.72590472063104083e-01 -1.08298753152750324e-01 0
2.99013802557347441e-01 -1.75552060479957609e-03 0
2.99490934475676429e-01 -5.63143051656594690e-03 0
2.98860337812157595e-01 -3.37208574399621742e-03 0
3.00224362046068782e-01 -2.59042267741485576e-03 0
2.99849237459231588e-01 -2.50597696996321785e-03 0
3.01482661092194293e-01 -1.44331259937954337e-03 0
2.97237949760142950e-01 -5.16945721810202485e-02 0
3.10611057621287434e-01 -2.55479524669711203e-02 0
2.92024898695945334e-01 -8.71207092187269438e-02 0
4.23166656653154283e-01 -5.90114891400833133e-02 0
3.01960259916953355e-01 -1.55866229472822635e-03 0
1.32276626743112830e-01 -7.89558885776962399e-02 0
4.13254400812204103e-01 -2.65881416143276886e-02 0
3.01470802938333504e-01 -8.28724966445709243e-04 0
4.66259255538911677e-01 -1.17001753322966653e-01 0
2.96638312584626973e-01 -7.75961543570061934e-04 0
1.36160138208996501e-01 -2.01017105208425806e-01 0
2.87875905378413899e-01 -8.09952909287086492e-02 0
2.98889220402319522e-01 -3.42054668505223586e-03 0
3.31934152359435242e-01 -4.00682215324168339e-03 0
4.60859347862498991e-01 -3.85469246079587352e-02 0
3.01814401514847008e-01 -1.83693036680710993e-03 0
2.97747514054619022e-01 -2.32283935606740315e-03 0
2.97380203990388892e-01 -2.43900844432540795e-03 0
3.05021156957022144e-01 -1.23576374457640310e-02 0
2.56853804325991031e-01 -5.66192381136462683e-02 0
3.14114090147618097e-01 -4.67234227684486681e-03 0
3.03610471777958857e-01 -1.83583554432104382e-03 0
3.00673435048759430e-01 -1.96027865090435361e-03 0
2.97381004197697862e-01 -2.24683223572544680e-03 0
3.20130203108656308e-01 -1.40222750379782723e-02 0
3.03168062157746387e-01 -7.25652711000761633e-03 0
2.87166274252062037e-01 -1.80968921977173527e-02 0
3.70024449402972300e-01 -2.77305083588403750e-02 0
3.00014717241171736e-01 -2.81012218685600113e-03 0
3.28138679342432515e-01 -6.61194215573191781e-03 0
3.04934199558106411e-01 -1.34563769182725890e-02 0
3.09338221536798630e-01 -7.88365205509536197e-03 0
2.63351762031645675e-01 -2.07985381558226058e-03 0
3.02052919238412154e-01 -6.04121396901810374e-03 0
3.01498308748057664e-01 -4.68043594169668866e-03 0
2.97012354398437262e-01 -2.50680152461263319e-03 0
2.71316386400723308e-01 -2.63255595354960695e-02 0
3.03739747675751071e-01 -2.74024058871500916e-03 0
3.29954084310910500e-01 -4.50275813789311197e-02 0
4.59373982598352604e-01 -7.59346485067993876e-02 0
2.98399307767138022e-01 -1.80546549525634854e-03 0
2.98405278523793061e-01 -9.92359114026689776e-03 0
2.99002335685153386e-01 -1.61562422650674475e-03 0
4.55003827244779890e-01 -1.62469159879217007e-01 0
3.06751352796690691e-01 -6.26943569631885356e-02 0
2.90767078725122641e-01 -3.66359677031271279e-03 0
2.03227053603201285e-01 -1.56586880357559161e-01 0
3.03268967657707611e-01 -2.10307849319774911e-03 0
3.05411816579577666e-01 -9.23049496470824959e-03 0
3.02510209983450351e-01 -1.68248799443527814e-03 0
2.97979162114165197e-01 -4.50175036074251175e-02 0
3.38923790410941173e-01 -2.78319586467786206e-02 0
3.87353807127133909e-01 -2.37689871067314346e-02 0
2.97345922402027785e-01 -1.61019010009781660e-03 0
1.45567348952363951e-01 -1.83066697216595797e-01 0
2.91972148243358043e-01 -3.40948261667434020e-03 0
3.71109586312484474e-01 -5.54196394094992120e-02 0
4.16047711319546432e-01 -6.90076255931081767e-02 0
5.12814286476792391e-01 -1.45667320848876181e-01 0
2.94232298623794464e-01 -1.99458580249739720e-03 0
3.05521430581127462e-01 -1.46195507828763248e-02 0
3.33864749040862607e-01 -4.99117081905686155e-02 0
2.92634798296591114e-01 -2.19367797862169450e-01 0
3.22441505675002515e-01 -3.24800104459017358e-02 0
3.02773217004845441e-01 -2.77378163044161548e-03 0
3.02678655778982175e-01 -3.80719600421096155e-04 0
3.01726596163571281e-01 -3.72820295336814865e-03 0
3.00576306645926106e-01 -2.36214209325074781e-02 0
3.77085819620919915e-01 -2.13959006634862510e-02 0
2.51409838817286180e-01 -4.94413174253629378e-02 0
3.14232527617674673e-01 -3.79592862665549535e-02 0
2.87004864107501201e-01 -7.77917678121426981e-02 0
2.98866226883413078e-01 -1.81736379518503957e-03 0
3.02278401403646257e-01 -2.16256472595775144e-03 0
2.86172780714287533e-01 -5.76846326607206600e-03 0
2.30808522897598456e-01 -5.94823738851854439e-02 0
3.28583409849579400e-01 -3.96408356007262475e-03 0
2.92598693808714061e-01 -8.95254014278003447e-03 0
3.38255394693765810e-01 -9.17526439196505832e-03 0
4.53889520317749262e-01 -1.32913709821357751e-01 0
2.98383441766422008e-01 -7.12745651791804537e-04 0
3.00048492267482148e-01 -1.97635358735601162e-03 0
2.76338523238298439e-01 -2.02938319734788340e-02 0
3.15479834489814592e-01 -6.06704581721061002e-03 0
3.74401925496407384e-01 -6.65575130089184341e-02 0
4.62325424622936298e-01 -1.54545442850852588e-01 0
2.45078863349520143e-01 -1.48674424781319817e-02 0
3.00884491649932473e-01 -9.90075886070244660e-02 0
2.38044709711511621e-01 -7.28466721228419878e-02 0
3.18669015475574302e-01 -1.79783824655664823e-02 0
1.41816801436660700e-01 -2.19723329544207979e-01 0
2.91785346896255626e-01 -1.60803146477376223e-03 0
2.98491277845420511e-01 -5.23137411119695226e-03 0
2.99685151640211089e-01 -3.15326124327622954e-03 0
2.25896453714010542e-01 -5.72898675818903774e-02 0
3.01538556329248808e-01 -2.33056224162284933e-03 0
1.63746426810127937e-01 -1.50303371294996657e-01 0
4.96288955796597708e-01 -1.02410736791450713e-01 0
5.26949481349933357e-01 -1.37110415243252848e-01 0
3.01158508453254592e-01 -9.78511282901230271e-04 0
3.00960678517311453e-01 -8.95348827135469295e-03 0
2.96479675825511657e-01 -3.96565600855410764e-03 0
3.03292099587135988e-01 -2.00432120639563414e-02 0
2.94290969349263187e-01 -2.94008226545079210e-03 0
2.59332247283914130e-01 -2.50313651559245842e-01 0
3.27610319390810367e-01 -1.08111863124891378e-01 0
3.01618857787268768e-01 -8.02332094641824761e-04 0
3.21380659908873267e-01 -1.12352754510438805e-02 0
2.49667033464401084e-01 -1.72654578287132592e-02 0
2.96916422845647787e-01 -7.21530651493180238e-03 0
1.91615451009417986e-01 -1.88255979479990954e-01 0
3.48298164769933416e-01 -1.28547365888342341e-01 0
2.93467825070076516e-01 -1.44514205280105168e-02 0
4.44421077207921511e-01 -1.44204048668570312e-01 0
2.99759461284189344e-01 -2.04202596739947633e-03 0
3.06155402152286371e-01 -3.31297189259179611e-03 0
2.74745029629950344e-01 -3.41073621849243627e-02 0
2.99494253475013184e-01 -9.17863609220526664e-04 0
2.99156876666251348e-01 -2.08148948792663633e-03 0
2.94015980904208940e-01 -1.31623015310920635e-03 0
3.08965066197962934e-01 -2.04908340161978056e-03 0
2.88432206822087978e-01 -5.06718617553137546e-03 0
3.01248509654559793e-01 -4.23987216140851199e-03 0
2.88598391251077946e-01 -3.30349773841850033e-02 0
2.76639041854283063e-01 -3.36880663577422759e-02 0
3.08637609209382546e-01 -3.09577656792863181e-03 0
3.04970977285229483e-01 -2.07570632330891141e-03 0
3.77044884668093105e-01 -2.39223752236311787e-01 0
3.01561610798855240e-01 -1.90781602725160755e-03 0
3.00650357328945184e-01 -1.20511569910574106e-03 0
3.01427196926884466e-01 -1.61661813062993266e-03 0
2.99027582502475575e-01 -1.54439848645028825e-03 0
3.23742108101096715e-01 -1.92640889464749492e-02 0
4.33326548959596713e-01 -3.74194896118845918e-02 0
2.86828871432218968e-01 -3.66692359015506966e-02 0
2.95682007107112288e-01 -6.17558718640060129e-03 0
2.95971522020575473e-01 -1.75583915855617376e-03 0
2.43297116704919991e-01 -5.62184558594374349e-03 0
4.95942074923331477e-01 -5.61332540771289634e-02 0
8.69052523482462952e-02 -8.48226316907296635e-02 0
2.98219854704207976e-01 -4.40755892625238079e-04 0
2.80825013693110137e-01 -5.85328031883391442e-02 0
3.00131297375268780e-01 -1.90867158680459777e-03 0
2.67783346981923409e-01 -2.98430056047589085e-02 0
3.04264770814599572e-01 -3.19728985732042545e-02 0
2.97811674939056859e-01 -2.00259379895145360e-03 0
2.70482073187387928e-01 -1.74145188851757039e-02 0
2.96185381741393083e-01 -1.89847942218970248e-03 0
3.03622509002179797e-01 -6.18701813834018443e-04 0
3.03647348472655176e-01 -1.71251592782104209e-02 0
3.60578561025907518e-01 -1.51037673389294413e-01 0
2.54735309440133506e-01 -2.50630306430599248e-01 0
3.01694325220099480e-01 -1.56552746211823988e-03 0
3.84886802823439844e-01 -2.34750255460633384e-01 0
2.93526121251891536e-01 -3.57281479264365872e-03 0
3.00558063329272818e-01 -2.42002713112403865e-03 0
1.14683494590995277e-01 -1.34516804435364512e-01 0
3.53103193548164107e-01 -5.05749371753313158e-03 0
3.22093487488276931e-01 -2.90975216470773963e-02 0
3.03027251187318658e-01 -6.57467675895894956e-05 0
2.89226863472763718e-01 -2.24313621284559124e-02 0
2.88662228720826308e-01 -1.41164291650544230e-02 0
3.00946813380972844e-01 -3.84422680658043922e-03 0
2.98116359795775054e-01 -9.14672444606452729e-04 0
3.03312980970028345e-01 -4.91607756558620160e-03 0
3.03550351901604065e-01 -1.68745346385066226e-02 0
3.00981051352738782e-01 -2.27487069524295090e-03 0
3.03277570153265508e-01 -1.64069418165776896e-03 0
3.27286772951442539e-01 -2.60778704329135587e-02 0
2.93649644020225087e-01 -3.60158724887925776e-03 0
2.81362925234006689e-01 -9.59118524383100954e-03 0
3.01006257863303928e-01 -7.77039255453936244e-03 0
4.88035585222944157e-01 -1.76576876384854226e-01 0
2.99819610595084385e-01 -3.36595964239149240e-03 0
4.16334741068342395e-01 -8.41856455636278422e-02 0
3.01999544567453482e-01 -7.08173674542245113e-03 0
3.14182323486980997e-01 -2.46204826113891440e-01 0
3.11129955520004831e-01 -1.68539906033567284e-02 0
3.03360384203827549e-01 -1.95341972568645024e-03 0
2.58812411458835767e-01 -3.71709148887625004e-02 0
3.03284874656175985e-01 -2.47281045606504433e-04 0
4.19326646410917436e-01 -6.55001210057948591e-02 0
2.62191542559566115e-01 -2.81400120493605684e-03 0
2.95356313474604060e-01 -4.60479421865807054e-03 0
3.10199595032044695e-01 -3.06060552262811640e-02 0
3.42292258521563919e-01 -2.44371806921808488e-01 0
3.00660225229215261e-01 -1.31567638233331756e-03 0
2.00628005552795918e-01 -1.80786005238922458e-02 0
3.78896159834260393e-01 -4.24898009459072912e-02 0
3.01668046482663321e-01 -3.63581476194119266e-04 0
3.00281771132694775e-01 -2.01464368528859366e-03 0
5.03227143471497107e-01 -1.32283210059668310e-01 0
2.90866553678681861e-01 -3.85272429622540366e-03 0
5.22874780035348707e-01 -1.43192883784867026e-01 0
3.01720014245173362e-01 -1.77914094167400528e-03 0
3.01926752384913621e-01 -3.26215501068720295e-03 0
3.13100474931051365e-01 -3.37710774371281566e-02 0
3.01350627638734492e-01 -1.16723830128673896e-03 0
2.88650497729117994e-01 -3.48810831764682638e-02 0
2.94213743816872320e-01 -3.34590494490618782e-03 0
2.92332552640315046e-01 -1.75344781006614228e-02 0
2.90993063706614707e-01 -8.71926496591204046e-03 0
3.03967932817941655e-01 -2.38999612797688573e-03 0
2.94367264878185653e-01 -2.29330370689926864e-02 0
3.04088400543018444e-01 -7.12807745311472198e-03 0
3.12828422005555828e-01 -2.90000278250324064e-03 0
3.00533432058069316e-01 -2.35133248379635175e-03 0
3.00050870010329540e-01 -4.47811123896098024e-03 0
4.52655813500632720e-01 -1.10275855222614627e-01 0
3.01221503838712545e-01 -8.12287939639476549e-04 0
3.01370914604098150e-01 -1.08628695947695676e-03 0
1.37979576247651725e-01 -3.26576455354296580e-02 0
2.86339857509146589e-01 -5.39568049370869798e-03 0
3.07473977080157446e-01 -2.67467152525307297e-02 0
2.98007480035913319e-01 -1.75293006104700467e-03 0
2.16350120574535593e-01 -2.08146037844987253e-01 0
3.06845617928580949e-01 -5.63123435449759940e-03 0
2.98677474257496189e-01 -2.90386014985215485e-03 0
2.98338276403598168e-01 -7.42924199267135186e-03 0
2.95664091349286395e-01 -5.73681974633474378e-03 0
3.02736634128983828e-01 -1.69488815824372685e-04 0
3.70387905640920612e-01 -4.00495859947462771e-02 0
3.75891913879457584e-01 -4.74290523683553594e-02 0
2.80518223074703144e-01 -7.88641192618766002e-02 0
3.54719985729618492e-01 -1.30516998511150256e-02 0
3.13357024107080828e-01 -2.36746310321937110e-02 0
2.97611342379246135e-01 -2.85814301671938895e-03 0
2.98015227523803661e-01 -1.71492383785829482e-03 0
3.01109755165617332e-01 -1.08938014831497861e-03 0
2.91458359917626475e-01 -3.38629106698943652e-02 0
2.89058548074452915e-01 -3.89319357954968220e-02 0
3.01489453282671405e-01 -1.24470900448237186e-02 0
3.17482099042961652e-01 -1.20846754905725336e-02 0
2.84121263096753229e-01 -1.52956630106801366e-02 0
3.02396127567744810e-01 -9.14149741797326641e-04 0
3.33926483338022995e-01 -7.40775919038616851e-03 0
4.61399478160868126e-01 -9.15537530476630140e-02 0
3.38004394516674245e-01 -1.75984859926667896e-02 0
3.15171404748979311e-01 -1.37364090669790297e-02 0
3.70851109278647784e-01 -2.26413001209512882e-01 0
3.02659709623374795e-01 -2.22753217397900598e-02 0
2.98130454086885432e-01 -5.59860618276133634e-03 0
2.53652384915223406e-01 -6.52104231999516976e-02 0
2.78628151883115127e-01 -7.92974952017273943e-02 0
3.83616594066159722e-01 -2.04778107778828627e-01 0
3.01556128983388183e-01 -1.73644313377736815e-03 0
4.55032269295005731e-01 -1.03944995931854800e-01 0
3.17988263625045509e-01 -3.98526256621195979e-02 0
2.97988242271447323e-01 -1.19623668168326500e-03 0
3.03406980926213210e-01 -1.36584527938123763e-03 0
2.99595666681593931e-01 -1.20158608754535523e-03 0
3.32276256825608629e-01 -4.39631260564766757e-02 0
3.27451046097682830e-01 -1.53408847219633632e-01 0
2.83197768212548162e-01 -9.38024149465569168e-02 0
2.97663771541253008e-01 -5.52629948301454864e-03 0
3.00469308619041975e-01 -4.52072973912716856e-03 0
3.02282669069707743e-01 -1.15333170380896386e-03 0
3.26321058939177844e-01 -4.82087037299138710e-02 0
3.01516717460711181e-01 -1.98348794580081996e-03 0
3.03417473090254797e-01 -1.72444069860269982e-03 0
3.67291370401875594e-01 -2.65813695157580167e-02 0
1.89831600758487012e-01 -1.38998594396655892e-02 0
2.98255148304469586e-01 -5.59875163048072482e-03 0
2.96646683605695460e-01 -6.07432636249324344e-03 0
2.98816986962633202e-01 -8.55316038673354403e-04 0
3.12512065659558635e-01 -1.38765811454598484e-03 0
2.19973521438139030e-01 -1.23978026705689071e-02 0
3.01623426891818425e-01 -3.57545054407179238e-03 0
1.32993527178939669e-01 -6.60989174109421901e-02 0
2.68808805596716882e-01 -7.97087495262763651e-02 0
3.01449625293850831e-01 -1.38525759611850628e-02 0
2.98600951661185443e-01 -8.96385501663148472e-05 0
2.97849821174692830e-01 -3.13232921813699251e-04 0
3.37857210506929517e-01 -1.19248119979981082e-02 0
2.95547000321947029e-01 -4.77105752562718218e-04 0
2.92153786133669102e-01 -3.57114397778353452e-04 0
2.96883581755667425e-01 -2.71124040307142581e-03 0
1.06732306939276655e-01 -1.85698325600514774e-01 0
3.02792730614144523e-01 -9.45717493889391622e-03 0
2.82421349311429704e-01 -1.19080522570716267e-02 0
3.08276816512919327e-01 -1.01384350734140850e-02 0
3.01311171022644764e-01 -1.42723341835910289e-02 0
2.92812121662043956e-01 -1.61045758317264927e-02 0
2.87805233589138121e-01 -5.83694658703265770e-03 0
2.99341354185194586e-01 -1.52848542771266815e-02 0
3.11256985105237194e-01 -1.36902163817887758e-02 0
2.96337501605966280e-01 -2.71177324553185538e-04 0
2.98781243641324190e-01 -1.46974548967400068e-04 0
3.66905991916500807e-01 -9.21401855643357581e-02 0
8.81818233104840199e-02 -1.07000754458928288e-01 0
3.68357624502389902e-01 -4.01545762226700256e-02 0
2.58827460797855791e-01 -1.26135681994133747e-01 0
2.99146962168486352e-01 -2.42948122165978740e-02 0
3.14373521476186191e-01 -3.34323268496685422e-02 0
2.96759868533279014e-01 -1.33479902099344679e-02 0
2.57371268476793869e-01 -4.95148539448654890e-02 0
2.39046512588906995e-01 -1.74823735171033584e-01 0
2.99691314413518539e-01 -1.12576166918917204e-03 0
2.95752978365394881e-01 -5.42751276327575055e-03 0
3.01788832176945354e-01 -5.81051611722871366e-03 0
3.37426429831027497e-01 -5.36042350369229301e-02 0
3.21616957510405699e-01 -3.76541493793302803e-02 0
3.19217247090952005e-01 -1.69686832065274254e-02 0
3.03925291183924251e-01 -1.61207408149640057e-03 0
4.49310297701344008e-01 -1.63642949704241369e-01 0
2.84671518387798916e-01 -3.50383383766222634e-02 0
3.08711241987744855e-01 -6.59601024275001217e-03 0
3.01810231946273211e-01 -8.92280235651537741e-04 0
2.52664602620089274e-01 -7.68408142030684166e-02 0
3.02169937993023996e-01 -8.25281470439308577e-04 0
4.20711199456587803e-01 -1.88441859739463841e-01 0
2.88667180590372607e-01 -3.62660288155037466e-02 0
2.92213033344077722e-01 -2.96220631351985265e-03 0
2.98111795423751325e-01 -2.25036764770507357e-04 0
3.31606619911243516e-01 -6.71818873472592865e-02 0
2.30526434206645536e-01 -1.36209821241182388e-01 0
3.33373012319204132e-01 -1.38451203826787606e-01 0
3.11440974634618228e-01 -6.16392812561420388e-03 0
2.97629259628071019e-01 -3.78333107933642027e-03 0
2.86686552041658993e-01 -1.48109421732913228e-02 0
2.63071635383427593e-01 -1.45166709825929080e-01 0
2.97270136716139055e-01 -2.62158901476567058e-03 0
2.85452026984471530e-01 -1.20865696874505102e-01 0
3.02527564052936571e-01 -2.58900114326685808e-03 0
3.01280678763226673e-01 -3.74715225825716144e-03 0
2.90027474746742786e-01 -6.09568728869571991e-03 0
3.05378039022906278e-01 -4.85939383059291654e-03 0
3.00809981522713432e-01 -2.45524079261189368e-03 0
2.96921589378745354e-01 -4.15171106509479651e-02 0
3.10741856899899027e-01 -2.90000554460828792e-03 0
3.08742703906857818e-01 -2.68506759162392451e-03 0
2.99823866175589537e-01 -1.11588826491029161e-03 0
3.42936627204278976e-01 -1.08630650429206339e-02 0
2.98835558274653856e-01 -1.95098773407366205e-03 0
3.04135121905276917e-01 -1.31999916839319158e-02 0
1.73600057588207929e-01 -1.90156915116642122e-01 0
3.39140323876056027e-01 -8.64909576548686799e-04 0
3.02771436622177426e-01 -1.87366247454764348e-03 0
3.01003624337616904e-01 -1.01290748779787258e-03 0
2.92681897232693389e-01 -1.58748270575707374e-02 0
3.39665664448139781e-01 -2.63366959438096453e-02 0
2.98234166754687557e-01 -3.07527185473616105e-04 0
2.85196021702683045e-01 -3.41555643117545920e-03 0
2.07290786124257359e-01 -4.14019599566453692e-02 0
3.12745205225640976e-01 -2.73538197461196467e-02 0
3.06836778532277032e-01 -3.39295302340758484e-02 0
2.95536222365624712e-01 -9.00282271108047809e-03 0
2.83658221596177818e-01 -1.00550723897515661e-02 0
4.13244455247776532e-01 -8.84331462702786231e-02 0
3.15425728532365557e-01 -1.70514275168449948e-02 0
3.09118919445643570e-01 -2.85013853105919954e-03 0
2.99081743498116059e-01 -3.09537515820515171e-03 0
2.98106039326731187e-01 -1.07616576546069832e-03 0
2.58408528391104897e-01 -4.39446530263565352e-02 0
2.29911213035035783e-01 -1.53129455763021477e-01 0
3.00896040799651376e-01 -2.58365545146341160e-03 0
2.97194630145221184e-01 -2.93371272451060493e-03 0
2.97512960988474739e-01 -6.16878814179330839e-02 0
2.91708729279504475e-01 -2.48195423018646340e-03 0
3.55897226875983297e-01 -7.60252985651630603e-02 0
4.30872888482989991e-01 -4.83960657745411693e-02 0
3.02559256478850402e-01 -1.29496654491024869e-02 0
3.85713432754874186e-02 -1.23261149510364099e-01 0
3.00363301018334083e-01 -1.75843240799636335e-03 0
2.65810080393229176e-01 -3.21432782366093961e-02 0
3.05215560593401103e-01 -2.59554841551946176e-03 0
3.26607323865505061e-01 -2.78172539786104810e-02 0
3.08871458301834378e-01 -2.15887042837992812e-03 0
2.95952565610968998e-01 -7.28172388138924927e-03 0
2.52672497066354307e-01 -2.83790917768652617e-02 0
2.97537100154857959e-01 -5.07023679727530794e-03 0
2.85091212308240971e-01 -1.88071557269374016e-02 0
4.28909141811510908e-01 -5.77299342987901906e-02 0
2.78902603228269708e-01 -1.42887282913170544e-01 0
2.97914104961753579e-01 -2.86096364077204285e-03 0
3.01160512945282510e-01 -8.81344458171162194e-04 0
3.52538727277498909e-01 -1.34311207020864160e-01 0
3.13173186827821748e-01 -9.49117460054035855e-02 0
3.42089271252417393e-01 -2.34085961548922521e-02 0
2.99789686464488669e-01 -2.53166344274246852e-03 0
3.01572783135801159e-01 -1.52256018982762633e-03 0
1.54564422864417267e-01 -5.28963865915917930e-02 0
2.91638748405582515e-01 -1.64880852949058298e-03 0
3.00052153188149873e-01 -2.39851499414121686e-03 0
5.09273338675010789e-01 -7.08845322486948981e-02 0
2.01646888555708725e-01 -1.53501086577446183e-01 0
3.01210720146650512e-01 -9.03201286194105809e-04 0
3.00406626412687616e-01 -1.70684411309637439e-03 0
2.97279696169397034e-01 -9.16566331070998855e-05 0
2.22824464555854140e-01 -1.61467443195218649e-02 0
3.01291881422219188e-01 -2.31202978496351623e-02 0
2.99370761808257890e-01 -2.16864043353382678e-03 0
2.08458274673644500e-01 -1.97302739730875254e-01 0
2.98637145419912153e-01 -1.79973406401339104e-03 0
3.00155580061895022e-01 -2.60615833698642392e-03 0
3.01887584079930660e-01 -1.70517238253796509e-03 0
3.46329181824150845e-01 -8.72675487159782076e-02 0
2.94070970510724727e-01 -7.49651620942237695e-03 0
3.00040978269910774e-01 -3.85550255159277299e-03 0
4.33817895526651065e-01 -3.17092682322799371e-02 0
2.93810812082902439e-01 -2.15970416026190111e-02 0
3.03514115161169384e-01 -7.45840539731531822e-04 0
3.80105195691968267e-01 -3.98563291178751916e-02 0
1.41259634198496326e-01 -6.82757828052782262e-02 0
2.95863251932538041e-01 -2.23994437751146865e-04 0
3.17840901114686547e-01 -1.27452953637130408e-02 0
2.81453242105979162e-01 -3.46779596200179271e-02 0
3.03901947861415334e-01 -9.18617728307321441e-03 0
2.02211362072241191e-01 -1.21066952529345712e-01 0
2.85926819267335985e-01 -2.55580539819795782e-01 0
3.08589612033135563e-01 -9.76237565724303626e-03 0
2.87386729339664193e-01 -3.06690725079594752e-02 0
2.96959926618799663e-01 -9.12914776153313950e-04 0
2.91916541726112699e-01 -1.18490519306788458e-02 0
3.03656536741863936e-01 -1.18329479594358610e-03 0
4.04389591788684666e-01 -1.89717454871157598e-01 0
3.36318954929296920e-01 -2.50948419845086867e-01 0
1.44163928086504994e-01 -1.64890128518025258e-01 0
2.98451169261714999e-01 -4.03143459799287091e-03 0
3.13186773280277608e-01 -1.61087756551367423e-02 0
2.87072910021909877e-01 -2.98675331107179122e-02 0
3.04029827983764989e-01 -1.06040975616894656e-01 0
3.06826565224833314e-01 -9.54953444990443677e-03 0
3.01727473830797011e-01 -3.54713267126586086e-04 0
2.39125814715999391e-01 -2.12095234478562267e-01 0
3.18903458934027273e-01 -1.94282936061529382e-01 0
2.94646438672980460e-01 -6.23797566902739315e-04 0
2.99736051366741862e-01 -8.25772301633815979e-03 0
2.98784882364444615e-01 -3.08556632875421578e-03 0
3.06871692857826450e-01 -2.46414502383774216e-03 0
3.18621188965006574e-01 -2.69917667574580376e-02 0
2.96722498793063616e-01 -5.73168930000564174e-03 0
2.81862280863607095e-01 -2.51655274294196818e-01 0
2.97998557536682973e-01 -8.32598522556199741e-04 0
3.02967671871623045e-01 -2.69131077587007710e-04 0
4.92939277849782420e-01 -1.77722868231845160e-01 0
2.97586810125483325e-01 -3.49845158667592146e-03 0
2.56226430640613512e-01 -1.18420769790847119e-01 0
2.86220363347334028e-01 -9.83383930025614160e-03 0
3.51670496982564473e-01 -8.24303614592220291e-02 0
2.03095188532230936e-01 -1.04060563698698746e-01 0
2.98848403335074009e-01 -1.73266629391352861e-03 0
2.98170457541152789e-01 -7.13423649114870891e-03 0
3.08178850247174230e-01 -4.04730611424974820e-03 0
2.46587020548980879e-01 -1.98002935889078496e-02 0
3.01409578444888859e-01 -2.11007135364104682e-03 0
5.93586899650221309e-02 -1.36357985906980228e-01 0
4.68488402760294520e-01 -1.34228432706326312e-01 0
3.04032318755792674e-01 -1.27996869558633878e-03 0
3.00475121396891698e-01 -1.24840404397886986e-03 0
2.00849297535361293e-01 -1.47395214964256421e-01 0
3.22269222395901334e-01 -8.09298193325754499e-03 0
2.49656776015702214e-01 -1.08004977195444052e-01 0
2.88233569752344210e-01 -1.78241898431202271e-02 0
3.89265617759888993e-01 -5.96030413773223147e-02 0
3.03579124636294106e-01 -1.44612190232537314e-03 0
2.98899725920481307e-01 -3.96869658586756797e-04 0
3.95126358682802548e-01 -1.77238511389872094e-02 0
3.00361040548886682e-01 -1.92983310889967589e-03 0
3.00922066771714514e-01 -2.92128372909223775e-03 0
3.72674767167038290e-01 -2.37504181390921248e-01 0
3.68612441407094038e-01 -6.32327938124483402e-02 0
2.95873145686431915e-01 -2.04915715846445880e-03 0
2.99621569459299353e-01 -1.05513076201770614e-03 0
2.60230574251156421e-01 -2.08145690705899833e-01 0
1.90724567614725699e-01 -1.81241265658833917e-01 0
3.04954852394428488e-01 -3.45567181748298409e-03 0
3.00743837491369237e-01 -2.32230040719802596e-03 0
2.97265549168486243e-01 -2.76431697709953513e-03 0
3.01646087436692523e-01 -4.36527375927965589e-02 0
3.28779950162513157e-01 -2.37450073537547046e-02 0
1.20034727578631581e-01 -1.24782136088113518e-01 0
2.92892123393756143e-01 -1.51741464081503546e-01 0
3.49120558100492695e-01 -1.10760739378264715e-02 0
2.18119685600026453e-01 -1.31466854105959707e-01 0
2.45411551080214119e-01 -1.35876543986712728e-01 0
2.03205019163135048e-01 -1.06695701008657176e-01 0
3.02518187837835850e-01 -5.85433187778155767e-04 0
3.17425173996333798e-01 -9.41636305250688130e-03 0
2.99137705374013574e-01 -2.21445470590973890e-03 0
3.32585938096070122e-01 -1.84967779331444947e-02 0
4.49354633206693443e-01 -1.89023286921682521e-01 0
3.04238331670017126e-01 -6.99139520365799766e-03 0
2.98348950967938509e-01 -7.94992425508244185e-03 0
3.11562261397964280e-01 -2.79521243441490999e-02 0
2.84260674502724631e-01 -6.23317609278655187e-03 0
2.92650229926483429e-01 -3.93629012994755646e-03 0
3.00968336830031102e-01 -2.84593437376849754e-03 0
3.17847452227724536e-01 -1.43170577676484362e-01 0
2.97619431424082703e-01 -7.13686907041961079e-03 0
3.05383387697877151e-01 -5.61396308408146274e-04 0
3.55191240555553400e-01 -8.57163976774864000e-02 0
3.11700507120486359e-01 -5.95173542983543687e-03 0
2.44684737419301274e-01 -3.74833711242450254e-02 0
3.04930377009495046e-01 -4.26669296418563139e-03 0
2.98196809889335501e-01 -2.70278711696320356e-04 0
3.03632794433770503e-01 -4.48398723293038162e-03 0
3.35360823254531648e-01 -5.95262572101297599e-02 0
3.24228562225039263e-01 -8.14666894330680069e-02 0
3.07222410495823051e-01 -4.25794659295000572e-02 0
2.97021356996616415e-01 -1.27848734643787819e-03 0
2.51523662253138325e-01 -2.01925228927067879e-01 0
1.40487262578232686e-01 -1.44090371515421950e-01 0
7.84228066257158518e-02 -4.36146376782740736e-02 0
2.43766954067639624e-01 -1.20356670458974482e-01 0
2.14146778947117034e-01 -1.95961100053058918e-01 0
3.53121464687502995e-01 -1.65434988242290255e-02 0
3.04245941156889466e-01 -6.66035800161837873e-04 0
3.00882003279208610e-01 -1.16713838863351607e-03 0
2.81790588830102606e-01 -1.25675130894100980e-02 0
3.18546866649295268e-01 -8.69423649148862859e-02 0
2.88846175262520266e-01 -8.56731410462792235e-04 0
2.24376928195073905e-01 -1.01962770758782184e-01 0
3.01095322059254655e-01 -1.15909389206745785e-02 0
2.63263523414869971e-01 -4.74635610118069595e-02 0
2.97944989677836780e-01 -1.41787908975585193e-04 0
2.87823223448597787e-01 -9.26017003940643457e-03 0
3.09075356160794290e-01 -3.44813761522094970e-03 0
3.58669534081132724e-01 -7.00136470561834034e-02 0
2.83148225726228553e-01 -8.57962456654683125e-02 0
2.15971521728644089e-01 -6.19187933411130265e-02 0
4.11705912550479558e-01 -8.71629879881169606e-02 0
2.97436381818957762e-01 -6.62868007856120840e-03 0
3.02115774999549724e-01 -1.30649799993082217e-03 0
2.87511114484016672e-01 -2.16677348455634300e-01 0
3.01572531048255543e-01 -7.17258659958906666e-04 0
5.00959166608767159e-01 -1.39642460228501020e-01 0
3.16113082974376902e-01 -1.12640851413244609e-02 0
2.80309542972296599e-01 -2.99769369534359916e-03 0
4.98426083473720360e-01 -1.71520087463789439e-01 0
3.00942945004478712e-01 -3.38838973530003265e-02 0
2.59418864487620804e-01 -5.65537726043831811e-03 0
2.56306254564909797e-01 -3.00935060271386307e-02 0
2.99201270415307197e-01 -5.00286627846485213e-02 0
4.12228023854485259e-01 -1.82926373145407661e-01 0
3.05576332606330825e-01 -9.47141184951855002e-03 0
3.00499557165371578e-01 -2.70335665586177382e-03 0
2.94108366168073732e-01 -2.02193830502197342e-03 0
2.30467562933321296e-01 -1.97731200274794100e-01 0
3.10036896283774732e-01 -3.97700226545024751e-02 0
2.98646986508296908e-01 -1.90923775860391692e-03 0
2.71643059649223806e-01 -1.18552093079485762e-01 0
2.98839520036177808e-01 -7.74718434873619688e-03 0
3.00867838140738530e-01 -2.06331263823658932e-03 0
2.47867884718524584e-01 -2.45351930038453410e-02 0
3.02086368204321831e-01 -1.19708134958810934e-02 0
3.10555638666421940e-01 -4.05939549748780201e-02 0
4.22616958076194316e-01 -5.69036165079883846e-02 0
1.93007553909594648e-01 -7.25573105309127026e-02 0
9.87199289891357301e-02 -4.23405476843768391e-02 0
3.01089450698372008e-01 -9.46415920936140103e-04 0
2.85419281013386095e-01 -7.43543907980669626e-03 0
2.82753514609310086e-01 -1.57108995635563603e-01 0
3.01373653436882549e-01 -1.03848998010913434e-03 0
2.66129466473412291e-01 -2.93247778963501605e-02 0
2.72396066276919757e-01 -4.05363449146105351e-02 0
2.98220367403821740e-01 -5.90956832525039587e-04 0
3.43502627278709449e-01 -3.06090315849126245e-03 0
3.23548894731848669e-01 -1.32302067306254798e-02 0
2.07493321378819540e-01 -1.79787044442954208e-01 0
2.82977552823293177e-01 -1.70761591751574689e-02 0
2.99493653671359605e-01 -9.81637913455853939e-02 0
3.04718452914761240e-01 -2.48014596079303108e-03 0
3.59960203985277283e-01 -4.46686466416464367e-02 0
3.06739671077243536e-01 -2.40794170036850302e-03 0
2.99534881507013295e-01 -1.98195240132353423e-03 0
3.10185366771796145e-01 -2.44193635521294111e-01 0
2.98625732908196884e-01 -3.39472856888210946e-03 0
2.85792261960887028e-01 -6.96174276775698379e-03 0
3.01810239831762972e-01 -8.39103853330179332e-03 0
3.03529216713295913e-01 -3.02781102902092026e-03 0
3.01437814447628349e-01 -3.45051258100020908e-03 0
2.92048122635048979e-01 -2.77643759919329490e-03 0
3.10010929542330671e-01 -8.96016399734206465e-02 0
2.08298748957239904e-01 -3.48577218817544207e-02 0
3.01323461095752698e-01 -6.86504772382244121e-03 0
3.12099359129861087e-01 -9.05049345320796811e-02 0
2.98657573378177943e-01 -1.79515864715558459e-03 0
3.53632458313485665e-01 -2.38444960623875685e-01 0
2.85830593302610125e-01 -1.69430810075075558e-02 0
3.02837600060462953e-01 -1.05889898227329391e-03 0
3.17730465151621511e-01 -5.89771996495167417e-03 0
2.99881105859639840e-01 -3.13046652320135652e-03 0
2.59512490072732804e-01 -4.99144702609795876e-02 0
3.08455727608753227e-01 -3.74551593220215848e-02 0
3.06295206217850613e-01 -2.31829467276211581e-03 0
2.97965371291101344e-01 -4.15534005718260944e-04 0
3.19897909309769524e-01 -8.52334560945231662e-02 0
2.44959670022744214e-01 -9.02365133437364048e-02 0
3.03350783252127942e-01 -5.58014436032714441e-03 0
2.29730631351801579e-01 -1.42439483942754241e-01 0
4.54400450505994258e-01 -7.15622611741398851e-02 0
3.14916873192165603e-01 -1.08193422427970629e-02 0
3.08904062765791354e-01 -5.88004244079263182e-03 0
3.00772814053493265e-01 -1.28885563575622674e-03 0
3.01031836352996296e-01 -3.54336264528467637e-03 0
2.91492940874499673e-01 -4.95709383718921214e-03 0
2.96261290788172926e-01 -1.99736125188074761e-03 0
3.00671534202488433e-01 -3.63156266786468377e-03 0
3.74639850503771965e-01 -2.25089960533536165e-01 0
3.06080918515016842e-01 -1.36556485349094967e-03 0
2.80316971272620508e-01 -1.14011262423893891e-02 0
2.54610915210595312e-01 -7.64046744015847434e-02 0
3.65316060907354356e-01 -1.16159694556429313e-01 0
3.28358923496448629e-01 -2.03660395632114695e-02 0
3.12847686885922072e-01 -6.99842829666565830e-03 0
2.98879602759485552e-01 -4.07934989640491592e-03 0
2.72536762800861032e-01 -4.12588378204625794e-02 0
5.18042136905731976e-01 -1.36644322092307979e-01 0
3.00684276023227892e-01 -2.58947928289044805e-03 0
1.56074238861517806e-01 -4.32743921540709869e-02 0
2.87008461604014276e-01 -8.05477146572714311e-03 0
3.09014991084200996e-01 -9.00708348676531635e-03 0
3.11782280318342653e-01 -3.28811501548518167e-02 0
2.63855866297891761e-01 -5.02095245192311981e-02 0
3.07375512111352833e-01 -1.20463241584468951e-02 0
3.17156275247145181e-01 -1.56525156581291541e-02 0
2.98519760570887194e-01 -3.42289641480305207e-03 0
3.08608748322147852e-01 -2.79460182211223075e-02 0
3.43304321921615641e-01 -1.43532002162953254e-02 0
2.16925754725285302e-01 -1.27933001971429483e-01 0
3.06904766164695753e-01 -1.48237243833299004e-01 0
2.93392743022477087e-01 -1.74635707825276897e-02 0
3.02397023473415572e-01 -1.40898339687014432e-03 0
3.00942853750676254e-01 -6.67408046998842347e-02 0
2.92517272957136920e-01 -3.20606835845707117e-03 0
3.01247501330517031e-01 -2.92367237141243639e-03 0
4.09132167662891566e-01 -7.37056955917953505e-02 0
2.90556572021399617e-01 -3.73194946380069937e-04 0
2.98634023234845891e-01 -5.58466708832649518e-03 0
3.81284068377876484e-01 -1.44543810203109479e-02 0
2.98422973913685774e-01 -8.80182261423638132e-03 0
3.04412965874449493e-01 -6.63903365454451572e-03 0
2.86410313841240882e-01 -8.87816739818746668e-03 0
2.99530673834341399e-01 -1.32636607666199169e-03 0
2.41854458295420321e-01 -1.13520323018241318e-01 0
2.94760368966129394e-01 -3.75114683983201981e-03 0
2.98343285889357546e-01 -1.37310193225183320e-02 0
3.01666902810684534e-01 -2.12431131844843628e-03 0
2.92325458255018045e-01 -1.12434894990701161e-03 0
2.49937184464750828e-01 -1.71921357164883021e-01 0
2.98115465296626247e-01 -7.29905488485794876e-04 0
2.79726337860172980e-01 -1.57716021520970286e-02 0
4.82251775426650819e-01 -1.49438418769259007e-01 0
3.10245213542780007e-01 -3.48521737634445855e-02 0
2.48614442191713775e-01 -6.08567394921975813e-02 0
3.06223673477792779e-01 -4.71453442555908129e-03 0
7.45241798611150918e-02 -1.43511868509082735e-01 0
2.92148536593216324e-01 -6.73453684047522778e-03 0
3.08373227555999385e-01 -3.65467690662554384e-02 0
3.33254470808628300e-01 -1.12121485214332586e-01 0
2.76693791258210808e-01 -2.72171604281441180e-02 0
2.52742620305818844e-01 -2.10579766919880174e-01 0
2.96469067007168074e-01 -1.24142730706016998e-02 0
3.08135508554819415e-01 -1.11983480058625278e-02 0
3.01080184456302802e-01 -2.71274864977293691e-03 0
3.03099619689855770e-01 -2.03467333706970578e-03 0
3.04914385770113483e-01 -2.19245963635417984e-02 0
3.81819343514202825e-01 -1.89937619389300261e-01 0
8.85825298741832884e-02 -3.97003942085002032e-02 0
2.83557778787572323e-01 -2.51483572644008125e-03 0
2.99842809654334963e-01 -1.23144101967195461e-03 0
3.00442595668201529e-01 -2.06009311320525575e-03 0
3.01940848238213100e-01 -5.15848454517725107e-03 0
3.00857858102910880e-01 -1.19414487219983781e-03 0
2.97139267164148679e-01 -6.48332997807828386e-04 0
6.78108368944094070e-02 -1.43229282950789683e-01 0
3.02566050565620082e-01 -1.03142221722398592e-03 0
2.64599940606137896e-01 -9.45772957181839763e-02 0
3.02398083271567586e-01 -4.45281880594901910e-04 0
3.41166315696180111e-01 -5.56065356711817615e-02 0
3.39315024647289465e-01 -3.69316377853542077e-03 0
3.08194684946454300e-01 -5.15758096666630705e-03 0
2.98336887718560095e-01 -3.64644410912216572e-03 0
3.01173754034151364e-01 -1.72762808930260214e-03 0
3.44085523462898224e-01 -8.64286883949077489e-02 0
3.00660421136754008e-01 -1.39027063751400825e-03 0
2.61901460550652054e-01 -8.96448317136175205e-02 0
2.99825535089827178e-01 -2.27779331175285895e-03 0
5.53651159595999198e-01 -8.29959461846202506e-02 0
4.24727420407449097e-01 -4.80198744150755960e-02 0
3.02171336728358275e-01 -1.77606494449953468e-04 0
3.23303246867821026e-01 -3.15266717716794270e-03 0
2.99845505733257356e-01 -1.28202521630447173e-03 0
3.02627639772856227e-01 -4.05961090366569674e-02 0
1.47093030898630600e-01 -1.86119388456763013e-01 0
1.47032187605535436e-01 -1.24108976479833544e-01 0
3.65941319054611969e-01 -6.21820520504860821e-02 0
5.12635975712324998e-01 -6.02261908155978937e-02 0
3.14341354887772206e-01 -1.85590449631114263e-01 0
3.13203355242820392e-01 -3.78124225437939665e-02 0
2.16219439995685714e-01 -6.33836841388167455e-02 0
3.19331728297858775e-01 -2.08184276734208569e-03 0
2.30532437100774867e-01 -4.09634433281150651e-02 0
4.34573812964640593e-01 -1.11887995379335720e-01 0
3.04558652312242384e-01 -9.65080106704515120e-03 0
3.20591326583521186e-01 -5.39589997604899511e-03 0
3.74097352088887836e-01 -3.53941272418678357e-02 0
3.23754300780141946e-01 -4.54182174638037214e-02 0
2.48781896428241306e-01 -9.56612096392589623e-02 0
2.83686196923019662e-01 -3.25582527971188876e-02 0
3.06765582816204918e-01 -9.51548468514362049e-04 0
3.21856650947721257e-01 -5.23434207669430801e-02 0
4.22062485610374349e-01 -7.82421402101589891e-02 0
2.32340437980205317e-01 -1.22813016686457860e-01 0
2.98251668432737593e-01 -1.79542968497444855e-03 0
3.52458713684887348e-01 -3.50112511466871973e-02 0
3.01796413573547972e-01 -6.61302862836282788e-03 0
3.01619609234637598e-01 -3.72484055452410045e-04 0
8.48063170533589483e-02 -1.81361621847599713e-01 0
2.98306785992453916e-01 -1.58992510742132116e-02 0
2.38542387376898868e-01 -5.93919122528053789e-02 0
1.37603863008794625e-01 -5.20104188690004715e-02 0
2.97477577991214326e-01 -1.40434865737261569e-03 0
2.95273942502364051e-01 -1.36254433884897084e-03 0
3.01831518627263096e-01 -3.14851897722873749e-03 0
2.98978450324971667e-01 -6.04007210154251361e-03 0
3.06530411409230541e-01 -1.83139711097785669e-03 0
2.21535376857908722e-01 -1.18268420486801709e-01 0
2.97970405494329460e-01 -9.37776834272051156e-04 0
3.87994572913430702e-01 -2.21068775737113143e-01 0
2.87933552685465777e-01 -8.69962864536916181e-03 0
3.04317770143995692e-01 -1.83728452788654399e-02 0
2.83962059223664631e-01 -9.24940845775434548e-03 0
3.36986173097596708e-01 -5.83165928119012689e-02 0
4.01837580477122536e-01 -2.43026879745669409e-02 0
3.30306697925246529e-01 -1.34721554739792408e-02 0
2.92907851184342594e-01 -1.91954582285126865e-02 0
2.99726702224656638e-01 -2.30978122450557505e-03 0
2.05692657785832428e-01 -9.44373517909296301e-02 0
2.12757438270814170e-01 -1.00827560944005870e-01 0
2.99563135428257576e-01 -2.39804773474241355e-03 0
3.77145938623011323e-01 -8.58278335344035415e-02 0
3.02889637949349477e-01 -1.68861570987586607e-03 0
2.94329346580982587e-01 -1.09044782092807858e-03 0
3.18063034536458678e-01 -6.72140364005872210e-02 0
3.00860318351391709e-01 -1.59306322290316297e-03 0
2.98920183843530973e-01 -2.50783565159189441e-04 0
3.08038761171402220e-01 -5.72744243082981205e-03 0
3.05739431453754429e-01 -9.98818180234248808e-04 0
2.93751955178953472e-01 -2.48218928307478853e-03 0
3.00827882741306452e-01 -1.09145633938131687e-03 0
2.99893879674732355e-01 -2.69084863255022663e-03 0
3.06341865590506301e-01 -2.99877488779720647e-02 0
3.04881799269689613e-01 -5.32616133366788178e-04 0
2.91823567693781927e-01 -2.24142297870392818e-02 0
2.99404983961652715e-01 -4.06650787262755465e-04 0
2.99418422970164910e-01 -3.27286477667705113e-03 0
2.91356585717598593e-01 -6.48790760359492930e-02 0
2.95191766241432729e-01 -2.26649458903370698e-04 0
2.85814193730498434e-01 -1.11425999786514949e-03 0
3.24032544916360243e-01 -1.10643263946408107e-02 0
2.86480163151532075e-01 -1.85289939670740984e-02 0
3.33126921474996618e-01 -3.80165368691734538e-03 0
2.53754859946676570e-01 -1.06965032467060100e-01 0
2.88726708370897811e-01 -1.69327046137149307e-03 0
3.03227173403696981e-01 -4.17103123926482514e-04 0
2.99438945132979528e-01 -4.03095170070632627e-02 0
7.76780766751478391e-02 -1.01373826402024927e-01 0
2.97553322128433717e-01 -1.57396725908883834e-04 0
3.00735645486385428e-01 -3.58552114142089576e-03 0
2.98823783505109630e-01 -6.43375275355161230e-02 0
3.52880627853220219e-01 -1.57437194756887111e-01 0
3.00592078410284957e-01 -2.13656353736750293e-02 0
3.15477426023410890e-01 -2.57843378162816083e-03 0
3.00641859611846973e-01 -1.34107523506372755e-03 0
3.10480657174103669e-01 -5.58178180634020214e-03 0
3.14872335483118049e-01 -2.49711880719277468e-01 0
2.99550721314555290e-01 -1.54852507197040688e-03 0
3.01370778336257528e-01 -2.12957624016683195e-03 0
2.98917404284752830e-01 -1.41980346177599556e-03 0
3.08783289156225993e-01 -2.15684174065355727e-01 0
2.85067944199902001e-01 -8.20654897671455053e-03 0
2.82776298551743133e-01 -9.18489088253747281e-04 0
3.25839556733115765e-01 -2.45209667309085499e-01 0
5.28302482623913883e-01 -1.24687253361699280e-01 0
3.19115888617236554e-01 -1.07039492470499217e-03 0
2.90822927420737565e-01 -4.93215771621747113e-03 0
2.56457935356018463e-01 -1.13883836329846444e-01 0
3.00974346607117360e-01 -1.46964263005198732e-03 0
2.60761555561117520e-01 -3.74248727475600578e-03 0
1.86391749702949389e-01 -2.07425957821864126e-01 0
3.01397237434710863e-01 -9.53184405640662702e-04 0
3.26698035861501701e-01 -4.09378001365407682e-02 0
2.23282342034105408e-01 -9.50032622882444472e-02 0
3.17436649304532248e-01 -3.23809963159731110e-02 0
2.98155538062125636e-01 -1.96151157334144201e-03 0
3.30645984042003349e-01 -5.47667059014062541e-02 0
2.61884853606497436e-01 -2.56890330613014806e-01 0
4.34744898534794033e-01 -1.31960665632650465e-01 0
2.82578749353017356e-01 -8.91963232117345961e-02 0
3.61319940960197039e-01 -2.46188071525606456e-01 0
4.28238877830512010e-01 -1.20407139575929967e-01 0
3.02587296456918231e-01 -6.78819636450287839e-02 0
2.99640074304794779e-01 -1.65439794506760281e-02 0
2.89945960678449355e-01 -1.32635942636765147e-01 0
4.83291710827884968e-01 -1.90031521902010253e-01 0
3.31854467897880923e-01 -3.62369766383251841e-03 0
3.00367885848936533e-01 -3.29315358104330033e-02 0
1.43736100618252066e-01 -5.90270672559626217e-02 0
3.08988476960864566e-01 -2.07418107587486363e-02 0
3.67069279456247677e-01 -3.30725218813828908e-02 0
3.96585968069554096e-01 -1.83298743507733841e-01 0
3.35996763661622566e-01 -6.52223930984127120e-02 0
2.99569428798603377e-01 -1.93096699351220404e-03 0
3.47483012280821957e-01 -8.92310988590338909e-03 0
2.99034041349711233e-01 -6.99220562316789558e-04 0
2.99538851937350303e-01 -4.34877339391387082e-04 0
3.01773526034728401e-01 -1.90731158613130394e-03 0
2.98072314094309232e-01 -5.80698534357425972e-04 0
1.07212994361587294e-01 -5.53278681223264845e-02 0
3.04583394569369115e-01 -4.05635428821629618e-03 0
3.60893563248262716e-01 -1.12510343847735048e-01 0
3.88623198069954934e-01 -2.00557296769243304e-01 0
2.99266767012691781e-01 -6.99676497183985050e-04 0
4.73362355236514154e-01 -1.15525323385019904e-01 0
2.97329228211652696e-01 -1.66348043547850867e-03 0
3.48120008942127357e-01 -3.68850548408376083e-03 0
3.04195202629717276e-01 -1.62562023973424020e-03 0
1.84436597925046603e-01 -8.17990476096610020e-02 0
1.42767898738556026e-01 -1.44851869229820740e-01 0
3.14108763731886342e-01 -1.35151483040045067e-01 0
2.99136957020052552e-01 -2.48355143110784145e-04 0
3.06323256478474304e-01 -4.38147135461872724e-03 0
2.40864711036329671e-01 -2.72041028704042183e-02 0
3.12482877416807747e-01 -1.18972580054845720e-02 0
3.44484355068108872e-01 -1.31391219479401938e-01 0
2.99719048866251669e-01 -4.88994570936901046e-02 0
3.00922387691243354e-01 -1.42651123952696390e-03 0
1.64630907196082976e-01 -1.87466956224898562e-01 0
2.97856417200802803e-01 -6.13541803906368036e-03 0
3.01239523186225155e-01 -1.05495817915903759e-03 0
3.01983062113224232e-01 -7.33254087155637332e-04 0
2.89504791235575931e-01 -9.68418744294119622e-03 0
3.18375967709992547e-01 -3.64547859468046043e-03 0
3.98070439290524547e-01 -2.17739816526889923e-01 0
1.47443778234146533e-01 -1.26192515407173661e-01 0
2.93368400990698719e-01 -4.49844415198471029e-03 0
3.01540729149299858e-01 -4.65347126588337809e-04 0
2.68247006600893345e-01 -1.13108608095832397e-01 0
2.99144830128707739e-01 -1.99621410866001291e-03 0
3.00069443467699370e-01 -2.74673966015687686e-03 0
2.98331099561106705e-01 -3.73251752506433433e-03 0
2.99092395176676684e-01 -3.18184844326257045e-03 0
2.99830369621921555e-01 -1.40988053256390277e-03 0
2.99390120018558303e-01 -6.46310034993340457e-04 0
2.79804945276226125e-01 -2.24582622196774113e-02 0
3.01608536149354678e-01 -6.06537538252875414e-04 0
3.30056829987933675e-01 -8.76784588059988101e-02 0
3.35991768099777710e-01 -2.42899979453667925e-01 0
2.59055935975981588e-01 -4.44820814101073575e-02 0
4.50114651763542095e-01 -7.18646710216465784e-02 0
2.97831382866159622e-01 -1.47884053420802054e-02 0
3.03757854231977986e-01 -1.01099943101380669e-02 0
2.99609582264985908e-01 -7.54697330810196756e-04 0
2.99000748058910248e-01 -2.91169483985246865e-03 0
2.88941562949304953e-01 -1.59058303315909658e-03 0
3.33238811257281442e-01 -1.81218804703376229e-01 0
2.94934108534088024e-01 -3.79828435952175207e-03 0
1.09268961274030463e-01 -1.23361496409395463e-01 0
2.99149485876623600e-01 -9.22644058822208978e-03 0
3.38845338250150840e-01 -7.56910058831235244e-03 0
2.96848955551568372e-01 -2.31663642145600102e-04 0
3.00815663813500500e-01 -1.58337672755365262e-02 0
2.93403389536892323e-01 -5.93390529306522026e-03 0
3.00855902458663449e-01 -1.56849725456995222e-03 0
3.01662156192474162e-01 -7.30352788464024840e-04 0
2.24629331205445204e-01 -1.86824506519252087e-01 0
4.84257959467426391e-01 -1.21966351961469821e-01 0
3.19934761611477159e-01 -3.09645460980211215e-02 0
3.22290365779172694e-01 -4.40908517535110525e-02 0
3.00292688240601569e-01 -1.29838414229988403e-01 0
2.98528484372122538e-01 -3.11945242584996509e-03 0
2.97977621573300711e-01 -5.06047591938598752e-03 0
2.95445359276687136e-01 -3.96026779292604086e-04 0
2.91296687766232687e-01 -2.75162197723130518e-02 0
1.18214782933556597e-01 -1.74260349270158821e-01 0
2.98268284811644635e-01 -1.85372318772385821e-04 0
3.01296044075791913e-01 -7.29835439502719775e-04 0
3.90777667499867587e-01 -2.40047149271340493e-01 0
3.01458147956919720e-01 -3.30775658237205522e-04 0
3.00248694712456743e-01 -1.07903472901640864e-03 0
3.05715543258360978e-01 -1.09040114586720804e-01 0
5.03075932666049552e-01 -1.71666386495071571e-01 0
3.12070867020324272e-01 -4.64289369475525803e-03 0
2.33006780717614381e-01 -1.28540166600571160e-01 0
3.02855437210171163e-01 -6.27443632072931419e-04 0
2.98514605296148428e-01 -2.44006916768832027e-03 0
2.75584638064892584e-01 -1.73804094449926561e-01 0
2.98297680868766069e-01 -4.68312398991823590e-03 0
2.96949509198007222e-01 -1.23348016341565526e-03 0
2.98590699171915219e-01 -3.03255054705055364e-02 0
3.75876800791728638e-01 -1.34966791249887929e-02 0
2.96168240748478084e-01 -2.28787123448276472e-03 0
3.02145323051496606e-01 -4.43178785941333354e-04 0
6.24328765416970050e-02 -9.67314020047523315e-02 0
2.83328363597683430e-01 -7.61261795215540868e-03 0
2.93024907606943275e-01 -2.22562490736254127e-03 0
2.90739819881392081e-01 -3.40699621688542197e-04 0
2.21464253405911637e-01 -1.06597889816841832e-01 0
2.29440786791939355e-01 -1.55725657877381542e-02 0
2.46032565205574899e-01 -7.73540672059143952e-02 0
2.43109259677518369e-01 -1.28182231056970047e-01 0
2.96689265479225972e-01 -7.43046335557948751e-04 0
2.97813108008882499e-01 -1.89935339218368516e-03 0
2.98336455726764427e-01 -4.77068395719159634e-03 0
4.36299230764603585e-01 -1.76163484440442109e-01 0
3.15512974013168912e-01 -1.29584247794257163e-02 0
3.01732672509190059e-01 -6.29659895789599368e-04 0
3.01814117427910755e-01 -2.27233898899628119e-03 0
2.35374993728375226e-01 -2.52434232137365488e-01 0
3.23836624612208634e-01 -1.04026700717330320e-02 0
3.00174280242276048e-01 -1.09229574380817680e-03 0
2.98574931226739892e-01 -7.96094967183918470e-04 0
2.99740782388975280e-01 -1.70049033808953383e-03 0
2.75337203373670125e-01 -3.00085891393002679e-02 0
2.99755771210927557e-01 -2.11653447642158859e-03 0
3.01510789876640928e-01 -5.40852887409013546e-04 0
3.22097714443016991e-01 -6.60954747658748509e-02 0
3.48173897603176519e-01 -2.22848783515379630e-02 0
3.09577213840764143e-01 -1.47471295898771171e-01 0
3.04748086477406033e-01 -9.82770942570070083e-03 0
3.00075311592307825e-01 -2.81976379037242233e-03 0
5.21528536986315405e-01 -1.52107120002427321e-01 0
3.01121778745502444e-01 -1.07036846439049886e-03 0
2.71668065716320462e-01 -2.83432827802320673e-02 0
3.06135407208472876e-01 -7.47751264829508901e-03 0
3.47424101378353944e-01 -1.49523181118863369e-01 0
2.84792669143909272e-01 -1.33613350087701845e-02 0
2.80205147956764655e-01 -1.25893797490020539e-03 0
3.05172881501885374e-01 -2.15404171976604992e-03 0
3.05474833212992125e-01 -2.49297041871770320e-01 0
3.03125237737800646e-01 -1.85250372018301514e-03 0
3.01968073596824760e-01 -3.00354444823314193e-02 0
2.94696259583824061e-01 -1.55437143299376099e-03 0
3.28777235231504927e-01 -2.51695261832612149e-01 0
1.61424800539962859e-01 -3.09841568379115098e-02 0
3.37997214338294383e-01 -7.20965282736925756e-02 0
3.19188480767070515e-01 -4.88881616621670498e-02 0
3.08434053115555717e-01 -4.76573425268617644e-03 0
2.80999418958090386e-01 -2.00843826311462581e-02 0
2.98371972587355150e-01 -6.57281375730243023e-03 0
2.98006932532828894e-01 -3.52134423310598637e-04 0
5.42059376855118624e-01 -8.25017969862951867e-02 0
3.76852455210623549e-01 -6.51216315448538557e-02 0
3.20560107471350775e-01 -3.02974990655205650e-03 0
2.89474109948629765e-01 -1.69763096158186068e-03 0
3.01041793799712298e-01 -1.27145283517270703e-02 0
3.05851599008237496e-01 -1.82954600559583698e-03 0
2.96295845921626833e-01 -1.67065660212644871e-03 0
2.94365130602644298e-01 -2.72668297130342942e-03 0
3.02873195805249629e-01 -3.13391634422895788e-03 0
2.72394676899014365e-01 -2.17695984257241432e-01 0
2.56367438254016533e-01 -3.23761320120050404e-03 0
3.26017791527694722e-01 -1.28964297794733812e-01 0
2.97803951344410123e-01 -6.32399404227850220e-03 0
5.09550046437431736e-01 -1.61337951262779694e-01 0
2.98442563076309175e-01 -1.14690209464814847e-03 0
3.10643694188798614e-01 -8.87213476570782034e-03 0
3.04069396682250470e-01 -1.97661519350526014e-03 0
2.98079943425248184e-01 -1.97132465035301059e-03 0
2.98964709456076061e-01 -1.36315164702394522e-03 0
3.01212029659571667e-01 -3.00549918959450201e-03 0
2.89952525667332539e-01 -8.12100751219116705e-04 0
2.78418932439610967e-01 -2.41417789108355568e-01 0
3.04628747430797597e-01 -2.75330185639086691e-02 0
2.98558789588234785e-01 -4.34716048531217161e-03 0
3.02413473041090619e-01 -4.27867658784845083e-03 0
3.01062765432224821e-01 -3.16048090808596126e-03 0
4.90693174045068847e-01 -1.52455025041332570e-01 0
1.49432413202177261e-01 -6.10694165986033766e-02 0
2.95473575159673485e-01 -4.80032399603765036e-02 0
2.91644458776546323e-01 -1.24781768313633051e-02 0
2.97911927982774938e-01 -2.17411258663795376e-02 0
2.58253363416299841e-01 -3.44704960535418756e-02 0
2.99775275143373487e-01 -7.67870231009866542e-04 0
3.29998241055268648e-01 -1.25276822572700829e-03 0
3.06223151174827624e-01 -2.52432948663714471e-03 0
3.03807678519418423e-01 -2.72874054052740832e-03 0
3.13225307073905834e-01 -1.52253490781940133e-03 0
2.98761633601327070e-01 -4.76299506568861070e-03 0
1.33582289449330011e-01 -1.74840839259711694e-01 0
3.03849771560811110e-01 -1.87991035658627054e-03 0
2.94502727315198609e-01 -8.27668760143550580e-04 0
2.45672582573056159e-01 -5.41126589727685472e-02 0
2.89644288202876132e-01 -6.24916749243083908e-02 0
3.03467741063209340e-01 -3.10473559608543358e-03 0
2.94406376051918661e-01 -2.18617825681708677e-02 0
2.85730795567436247e-01 -2.10225192065633115e-02 0
6.95382038850222289e-02 -9.13397868018533260e-02 0
2.99941700873445682e-01 -1.59233181953191433e-03 0
3.00081296891292815e-01 -1.49763847456941710e-03 0
2.35276958923383517e-01 -3.25667974148487332e-02 0
3.08588390381595190e-01 -2.00704827645120723e-02 0
3.42000897682818050e-01 -3.14323052515283266e-02 0
3.02778359268792319e-01 -4.01385867953163011e-03 0
1.44016668232693296e-01 -6.88001795751237571e-02 0
2.97853572007033995e-01 -1.27231357406486622e-02 0
3.01228519697145980e-01 -1.09193629241101354e-03 0
2.92646387728074775e-01 -5.00809850189896737e-04 0
4.19228340297369717e-01 -1.76446490044919246e-01 0
3.12663237862994881e-01 -1.32549616728114467e-01 0
3.01474648761937858e-01 -7.90251797996316440e-04 0
3.01235194511003335e-01 -8.06174142698172502e-04 0
4.41145602996769137e-01 -1.04939297748628257e-01 0
3.05762155029982885e-01 -5.23018055385251687e-03 0
3.05977402592504943e-01 -7.72018209613364436e-03 0
2.94931943584259948e-01 -7.95133287448466924e-02 0
3.85010675765760868e-01 -2.36746655863321415e-01 0
3.00117863428567277e-01 -2.13702888421938957e-02 0
3.09931404365822949e-01 -2.51672529804954012e-02 0
2.84929671028465725e-01 -5.76920019544436505e-03 0
2.99290295807663975e-01 -2.80584469142066946e-04 0
3.58284216632124397e-01 -9.54376641823533878e-02 0
3.03215348141012475e-01 -1.71082074678207026e-03 0
2.05504591309946666e-01 -9.15466574590468596e-02 0
2.46958157514327203e-01 -7.45251775138219275e-02 0
4.26130839163538500e-01 -1.26735996869407674e-01 0
4.55627311407625357e-01 -8.84657204457491991e-02 0
5.32919156546680539e-01 -1.04778420465756805e-01 0
4.59525999977010047e-01 -5.84007287657141508e-02 0
3.45561909411790491e-01 -3.30278835270467613e-02 0
2.15963382575392993e-01 -7.14348927910771897e-02 0
3.70056022983048016e-01 -1.48061666224796995e-01 0
3.91778498399652342e-01 -1.60592664549276121e-02 0
3.01588108227567875e-01 -2.70287843644477759e-04 0
2.99443618819004831e-01 -1.26729771689718228e-02 0
1.32668554107930409e-01 -1.14291256848412737e-01 0
3.05566215933606167e-01 -4.34032519822138280e-03 0
3.82122759488408459e-01 -9.96630640713437876e-02 0
3.54289616699217269e-01 -2.05873931268614391e-01 0
2.99436423676227581e-01 -3.10873131517364586e-03 0
2.97586494412113212e-01 -1.26837461171103918e-02 0
3.01888125206507096e-01 -7.20219771685969056e-04 0
2.94382771646804986e-01 -9.10987592731229458e-03 0
2.93403217496529145e-01 -4.28694366566874808e-03 0
3.01456598930971931e-01 -3.61115220413147221e-04 0
3.04888691727979888e-01 -4.99206664680283269e-02 0
3.58646888039258649e-01 -2.66383790638922702e-02 0
2.83924524429105873e-01 -2.96441442087041034e-02 0
3.39394639300220180e-01 -3.51098323742759580e-02 0
3.03647355499896188e-01 -2.21156849019267824e-03 0
2.97102107384989489e-01 -6.19395314291968160e-03 0
3.03530274041031889e-01 -6.46983506296797389e-03 0
2.97737803282183466e-01 -2.18085441462619349e-03 0
2.74451749714472171e-01 -2.38328057911495916e-01 0
2.99328196264511404e-01 -3.07905592141158183e-03 0
2.87579292989392832e-01 -2.06941095095300176e-02 0
3.02542117504088104e-01 -1.05878850362384593e-03 0
3.22818126495705904e-01 -3.87121281016842220e-02 0
2.54540813583295111e-01 -6.05577353409951068e-03 0
3.10262434619685779e-01 -9.78210062001833199e-03 0
3.07773073428603106e-01 -7.46219109703092770e-02 0
2.77678218087335282e-01 -4.93064032478176140e-03 0
6.68670538649129235e-03 -5.54812983181204242e-02 0
3.01504889099745710e-01 -3.41925339479174023e-04 0
2.99184735640687427e-01 -4.06094441762896996e-03 0
3.01807191901424354e-01 -2.22566528438709047e-04 0
3.00506789937355911e-01 -1.88762873891468825e-03 0
3.01569911027944171e-01 -3.63448121430171413e-04 0
2.83786322186914519e-01 -7.17715233494514975e-03 0
3.98331177313100637e-01 -3.43836937455651234e-02 0
2.45112494759587046e-01 -3.58551269785177956e-02 0
2.96034329770414051e-01 -2.60655948825965541e-03 0
3.01388416623835809e-01 -6.03885517910580667e-03 0
2.95351484208520032e-01 -8.89940917483646350e-03 0
3.01022176745573744e-01 -1.32676492308540458e-03 0
3.01704234175472652e-01 -4.84429848410126366e-04 0
3.01816261820374188e-01 -1.08007116193383889e-03 0
3.19120164377180326e-01 -3.04649993364912268e-02 0
3.01793275582821985e-01 -1.65442560879109561e-03 0
3.01860366442338324e-01 -1.50029614711092644e-03 0
3.92685234801804783e-01 -2.29067084507129037e-01 0
2.97186075720553167e-01 -5.31310417505993955e-03 0
2.81572142129532355e-01 -2.20500649882398106e-03 0
2.99135152728065457e-01 -2.45182498718818798e-03 0
2.97886114141295399e-01 -4.69191331164078330e-03 0
2.98516378397528870e-01 -1.45160163783768356e-03 0
3.37569174509167735e-01 -3.83980684195564526e-02 0
2.98819244939463602e-01 -4.84081336232888154e-03 0
4.35323200502430174e-01 -1.94732391954135803e-01 0
2.96407799028244434e-01 -2.08891965155091680e-03 0
3.05773886840142728e-01 -5.05731505719494968e-04 0
4.28371112167838519e-01 -1.66548018500463746e-01 0
2.98396573493458106e-01 -3.99075654029261862e-03 0
2.91740727987135795e-01 -1.11837536279972664e-02 0
3.03232142227057189e-01 -4.19768726211950955e-03 0
3.00473551080079115e-01 -2.25158607960991011e-03 0
2.97882709033154836e-01 -1.02871076163868372e-03 0
2.93947544203385980e-01 -7.36307331482003238e-03 0
2.97510054513905109e-01 -1.19450881008772904e-02 0
2.99008685074368175e-01 -4.39442601809836905e-03 0
2.86467604750246518e-01 -2.79227150362723955e-02 0
2.99312414455859710e-01 -8.67375606520304448e-04 0
3.02849180213734914e-01 -2.05913693708000639e-01 0
2.74496997910438301e-01 -2.56462318581739471e-03 0
3.02702510085031129e-01 -4.05210638961470224e-03 0
3.11819602455915890e-01 -5.43561965156315937e-03 0
3.01789348316638006e-01 -3.43365532967426909e-04 0
3.67781353452661108e-01 -1.99250358646241771e-01 0
4.05125605666311228e-01 -3.53918181135619361e-02 0
2.71821916583112166e-01 -4.56190441781731335e-02 0
2.88195986202744170e-01 -5.08311260974633403e-03 0
3.14948428912461498e-01 -2.48803955238739456e-03 0
2.97158814284214201e-01 -5.97978271087900703e-03 0
3.00029710277290251e-01 -1.04419805556892108e-03 0
2.82870743030069760e-01 -1.71001895875093790e-01 0
3.90462866753535753e-01 -4.24707806459251949e-02 0
2.98502403675304784e-01 -9.68684606668521555e-04 0
2.99313160896393260e-01 -5.11040554470778468e-04 0
1.91398574688669193e-01 -3.75782550394630627e-02 0
3.20443463716629351e-01 -1.23813075068420712e-03 0
2.96100002919469807e-01 -5.82631157336998499e-03 0
2.43847776695688745e-01 -5.35853265665515235e-02 0
2.99389887237816954e-01 -1.93987194797528840e-04 0
2.68373180531686073e-01 -4.76130549583836937e-02 0
3.87331415157658232e-01 -4.67497454527985162e-02 0
3.00104608480165458e-01 -1.70738286668480912e-03 0
3.33036911545661507e-01 -1.07384751128245600e-03 0
2.97885753198143033e-01 -6.62860838177358781e-03 0
2.96807146836865821e-01 -1.65010684667788350e-02 0
4.07980377569112096e-01 -5.26580783391446261e-02 0
3.21051109411299773e-01 -1.25244552698562162e-03 0
3.41197502256892271e-01 -3.13660152226893224e-02 0
2.97381623492425362e-01 -4.57442563349948726e-03 0
2.97900620268320759e-01 -6.34542700051435641e-04 0
2.99682781725029490e-01 -3.01983368671861251e-03 0
3.00525971688251237e-01 -7.75221098715665573e-03 0
2.99307974176873604e-01 -2.85214160797238499e-03 0
2.82774376802578775e-01 -1.08959025560314421e-02 0
2.95914529799603421e-01 -9.96167312967051292e-03 0
2.96316178477168568e-01 -8.30410445402377830e-03 0
3.51210791806622846e-01 -2.95582044648673714e-02 0
2.83729387905882369e-01 -2.87120115221338908e-02 0
3.00825492857372312e-01 -1.38449875149240917e-03 0
3.63100680920978858e-01 -1.37580837177918525e-01 0
3.00779166932032160e-01 -1.41967199582396274e-03 0
2.53839682545846379e-01 -2.18555224539431839e-02 0
3.33173972574878685e-01 -2.36057084435869868e-01 0
3.02921367280868215e-01 -1.60239512541805870e-03 0
2.76578730073400114e-01 -1.76898389988484591e-03 0
2.98451269037678935e-01 -5.10890892717816205e-03 0
2.98957922703010914e-01 -1.03832493412434708e-03 0
3.46584618977513581e-01 -3.29473668028038638e-02 0
3.02212357080445249e-01 -3.14040684415775422e-03 0
2.86343402200274155e-01 -3.47304336737463623e-02 0
2.97976670072175709e-01 -6.59303589414955075e-04 0
2.89603060839098425e-01 -2.48891549269206536e-01 0
2.86076380164801025e-01 -2.55419208305623837e-03 0
2.85524008426169429e-01 -8.80031978474524797e-04 0
2.79449810226408524e-01 -4.16236082096610588e-02 0
2.99210568643528241e-01 -3.37210820100241043e-03 0
3.20436845518700164e-01 -4.99277779301218229e-03 0
2.78545415963026011e-01 -5.11145345965835773e-02 0
3.02324256175665884e-01 -6.57248336072708650e-04 0
3.00717523257377384e-01 -1.72264852409958580e-03 0
2.16097629560373816e-01 -2.07821880203893292e-02 0
3.35083763177524752e-01 -3.25838992070855539e-03 0
3.00350134172421346e-01 -1.12151914928755635e-03 0
2.95020161637769063e-01 -7.54960153973454370e-04 0
3.10289072884713413e-01 -8.55216498512510748e-03 0
3.20519583096002370e-01 -3.45617062854627162e-03 0
3.01526807437911326e-01 -6.34258000490765458e-03 0
2.96080937030676727e-01 -8.27363786969642634e-03 0
2.76020602181843877e-01 -2.93474307489259637e-02 0
2.98617676335906190e-01 -4.41087398352277889e-03 0
2.96086112096426546e-01 -8.75970207712021523e-04 0
1.01865081817349157e-01 -2.44853480957494020e-02 0
3.00140589552221837e-01 -1.65769122834630907e-03 0
3.58705805861922800e-01 -2.43337421267124432e-01 0
3.19108536203199289e-01 -5.71774323785519817e-02 0
3.05270882748411687e-01 -2.54677407936870076e-03 0
3.13009255660728458e-01 -7.26712025569757891e-02 0
2.93570323319220394e-01 -2.11437065929701538e-02 0
2.87656790094530379e-01 -3.23851722913233268e-03 0
3.17026896956421500e-01 -1.10709608421456052e-01 0
6.97612055911593087e-02 -1.24444025928098764e-01 0
2.90779234696021405e-01 -1.32035194141072823e-03 0
3.09011016982630171e-01 -1.54930200002670847e-02 0
2.96892370069171352e-01 -3.05626916829864724e-02 0
2.79613290250480040e-01 -3.73054280980789554e-03 0
2.18805764195443120e-01 -3.10829068025337135e-02 0
3.81037513928468297e-01 -8.90834462411573130e-02 0
4.58015875213863721e-01 -5.54118985999721009e-02 0
4.37536662781744967e-01 -1.73290617118782880e-01 0
3.07999925289316245e-01 -7.95340668711332077e-03 0
2.96470254143722300e-01 -2.99483589989523319e-02 0
3.75414250022168439e-01 -2.46602898081598708e-02 0
2.98312521516412743e-01 -2.19665767139976551e-03 0
2.81899765457212015e-01 -6.38598491096322666e-03 0
2.94976813901681678e-01 -3.91948926059076767e-03 0
2.83630833658102932e-01 -4.16135351812865345e-02 0
2.87147269561691787e-01 -1.07821729608817800e-02 0
3.12316824286273387e-01 -1.59351713040900234e-01 0
3.74363482111435941e-01 -4.88783654502139148e-02 0
4.40441595416355525e-01 -2.20500500858738957e-01 0
3.01591449962000879e-01 -4.25047205335574683e-03 0
2.93285314632973970e-01 -1.93219772693951873e-02 0
3.24275333204287530e-01 -2.62356038532668527e-02 0
2.96076024882561406e-01 -2.81415880219049834e-02 0
2.90107893257485427e-01 -1.76228064665589937e-03 0
3.03476319360565461e-01 -4.66852448985737578e-02 0
2.62711750666102084e-01 -5.53157759177668393e-02 0
3.07764701851025613e-01 -4.54725765124919939e-03 0
2.99030983258299132e-01 -4.03486502598294464e-04 0
2.26070656636493922e-01 -9.79060589998604486e-03 0
3.97020350790890986e-01 -6.62801291896804312e-02 0
2.96796935263428263e-01 -2.16032496298595869e-03 0
3.02800528896054966e-01 -8.38483528818249370e-03 0
3.01236901034665550e-01 -1.61586783734471635e-03 0
2.95660310736393983e-01 -1.42930404418736529e-01 0
2.99145598933021728e-01 -2.28443063233199671e-03 0
3.00184238431521866e-01 -7.16502844669581179e-03 0
1.39901113338124383e-01 -2.14502736182820786e-01 0
3.00794520460838044e-01 -2.10420582409657142e-03 0
3.00472722483244192e-01 -7.61034267278737093e-03 0
2.98352350112826459e-01 -1.01847270849199142e-02 0
3.34298883070598685e-01 -1.87461758450160332e-01 0
3.37665111218077851e-01 -1.21288624871521672e-01 0
2.94571133407207253e-01 -2.55840860874488336e-03 0
3.00761223108181486e-01 -6.95228495259665649e-03 0
3.17917865321487692e-01 -4.65376842039612847e-03 0
2.13805716868074619e-01 -1.16746992642166383e-01 0
3.03199752405170053e-01 -2.37056118234871228e-03 0
3.64188681885393162e-01 -1.50437655194981170e-02 0
2.97085723796011725e-01 -1.08597404852905162e-03 0
2.98087051837940487e-01 -1.57589198150761525e-03 0
1.76001106333464330e-01 -1.59830842981441880e-02 0
3.06406873699953786e-01 -5.87640478069008051e-04 0
5.00694041554732627e-01 -5.10028644931901434e-02 0
3.04448899159333042e-01 -1.72259195149941082e-03 0
3.41701819766720427e-01 -1.92966600423940850e-02 0
2.89442980801975780e-01 -2.82879625616485816e-02 0
5.31526232835373480e-01 -7.67630349828875014e-02 0
3.34243020119935785e-01 -3.01148828332817448e-02 0
2.97866072888701483e-01 -4.58645076847261166e-03 0
7.21286866742825300e-02 -1.54464621105831618e-01 0
3.01971931605585442e-01 -1.73577069958534986e-04 0
2.97971054645222611e-01 -4.98007525621510798e-04 0
2.99249254403107401e-01 -4.79004748380522892e-03 0
5.16444288003691465e-01 -1.53410796727022375e-01 0
2.89460788641934363e-01 -1.57650488009455254e-02 0
2.80449680274100555e-01 -1.52510605809349376e-02 0
7.64550838682872130e-02 -1.25560906835085279e-01 0
3.00459166891451190e-01 -1.37132686485528371e-03 0
2.94432755039059135e-01 -2.51064420809721939e-03 0
3.54193703795902703e-01 -4.59699509210256749e-02 0
2.97117886782137519e-01 -3.36660576584736843e-04 0
2.52150009879701653e-01 -8.59318081178926801e-02 0
3.02597842644251047e-01 -3.82550807573166110e-04 0
3.00001141760895929e-01 -1.76332143717846789e-03 0
3.00669356785057074e-01 -1.30536964729408120e-03 0
3.07770205766571936e-01 -1.44917948273243051e-02 0
3.01644676686210034e-01 -5.57342889794534987e-04 0
2.96854896425746251e-01 -4.04760045455612814e-03 0
9.37738531193814118e-02 -5.63998801721534160e-02 0
4.29988877284505910e-01 -1.02824000631915768e-01 0
1.19239135432513063e-01 -3.72310051485377977e-02 0
5.39334712268011662e-01 -9.35367244768893907e-02 0
2.86479548239589932e-01 -1.83235994804773817e-03 0
3.03854114384218221e-01 -4.08633204698206996e-03 0
3.02506093996533998e-01 -1.96056770550896996e-04 0
2.99326957928624626e-01 -3.01618796108889600e-03 0
3.00942238199728318e-01 -2.26543603359377317e-03 0
2.01849149286237650e-01 -2.78011010622964544e-02 0
2.98068319446775531e-01 -1.42077662279297030e-03 0
3.01519030048029768e-01 -1.00858764376729536e-03 0
6.04515798296268794e-02 -1.37337267583351796e-01 0
2.99162617572613143e-01 -4.28259858025709734e-04 0
2.77994413333978951e-01 -1.18211737391859077e-02 0
3.00200302501130889e-01 -1.85330261423609019e-03 0
3.00901607307463070e-01 -1.04463237985521844e-03 0
3.02802926814724205e-01 -5.23515604782673685e-03 0
2.82232167595614647e-01 -1.33235953265393569e-03 0
3.90956114581314740e-01 -9.41281666287186458e-02 0
3.57246572111915239e-01 -1.30498758458687553e-01 0
2.99330239307681933e-01 -8.01941130168878523e-04 0
4.48392918352739589e-01 -2.03740737485059359e-01 0
4.82307373336857137e-01 -1.42325446041978165e-01 0
3.74737315640517377e-01 -2.97763458324694745e-02 0
3.04902131335746673e-01 -1.65580366997318158e-02 0
3.01382352406933507e-01 -7.43057245997498722e-04 0
3.01101332802983901e-01 -9.23578670360719178e-04 0
3.03917061592224480e-01 -6.59944228043915873e-04 0
2.82879209885015970e-01 -2.62172863339957193e-02 0
2.11553260279242178e-01 -2.91290272821710071e-02 0
3.48609944257066207e-01 -1.74231554027832719e-01 0
2.97738276465760565e-01 -3.03080874950442079e-02 0
4.00623148317882594e-01 -2.62138585231770117e-02 0
2.96791970037069197e-01 -4.93375230393183935e-03 0
3.25415682758881608e-01 -2.33051129466784780e-03 0
2.99227321445683148e-01 -2.79598599744329893e-02 0
3.01458380690440064e-01 -8.78552481967982452e-04 0
2.95136441324650667e-01 -1.73503734290943040e-02 0
2.96325335811155999e-01 -6.49079177667560240e-04 0
3.06545396021045025e-01 -1.00864844402836565e-02 0
3.03652290879071751e-01 -1.30395083264019026e-04 0
2.93635996448202152e-01 -2.49178890590414379e-03 0
2.97619062980142735e-01 -2.97452521102076770e-03 0
2.97640680910112365e-01 -1.39856372779502032e-02 0
3.36862021082393215e-01 -1.35502057507884188e-01 0
5.34965979346679776e-01 -6.51395140527881999e-02 0
2.97177427937080185e-01 -3.64191614725792876e-04 0
5.56689000246131382e-02 -1.03133851580053115e-01 0
2.98549270607996520e-01 -2.57302817219413459e-03 0
3.00546010668943264e-01 -1.29577783588482242e-03 0
3.02342041776710257e-01 -2.90862102725211041e-03 0
2.87246538738829882e-01 -1.00976267731350093e-02 0
3.12344241357645325e-01 -1.52756424037119969e-02 0
2.99121379684081756e-01 -1.02664497920922299e-03 0
3.11318119264545445e-01 -1.02112274734939834e-01 0
2.31553025345762553e-01 -5.25468207608063495e-02 0
4.97820174437065832e-02 -1.15871437806312136e-01 0
3.07916352496515833e-01 -6.12668418815972161e-03 0
1.92840110777630185e-02 -9.09934756458775917e-02 0
3.87247364423185025e-01 -3.34673896305675705e-02 0
3.58513809849497489e-01 -2.90110609184214899e-02 0
3.48809920767501336e-01 -5.15811795969314674e-02 0
2.81332553345398084e-01 -1.43171236242090622e-02 0
2.96612761273844894e-01 -2.43736796900078040e-03 0
2.99018830728522089e-01 -5.20858706848008769e-03 0
3.00437959527741327e-01 -4.08067418111110209e-03 0
2.99512633129938977e-01 -2.31012186656885210e-04 0
1.87377812169524705e-01 -2.41734319289127697e-01 0
2.96462107260854257e-01 -5.25074268153951501e-03 0
2.96413609166377601e-01 -3.57118071338382312e-03 0
2.98588204625706455e-01 -2.02613506181443934e-04 0
4.73861756506354870e-01 -1.61446768160120102e-01 0
3.01975184169902267e-01 -2.17121510596988651e-04 0
2.04622485562364897e-01 -5.04831571497102588e-02 0
2.93966393359425482e-01 -3.60632205591774951e-03 0
2.94748468079624015e-01 -2.10720206495623036e-03 0
3.16190516337563565e-01 -1.74579754514087165e-02 0
2.77844384014861445e-01 -6.33447326539811773e-04 0
4.44970041921498527e-01 -1.00587610468562419e-01 0
2.91453152557131945e-01 -1.91817552294022836e-02 0
2.88187026540254132e-01 -3.68874780446281627e-03 0
2.96456617812592416e-01 -3.16136410301953762e-03 0
6.04641058779040244e-02 -1.01215895651374413e-01 0
2.83225350551066957e-01 -2.18894952696750654e-02 0
3.07694851549335180e-01 -1.09385801114670715e-02 0
6.82864478225026633e-02 -7.29243916226611083e-02 0
2.95389008887177340e-01 -1.11248285839210472e-03 0
3.00161223769773888e-01 -5.82369685658285213e-03 0
3.03589698651217155e-01 -2.90258145718332798e-04 0
3.08180080169943138e-01 -7.61782688139946151e-03 0
3.01301686792564083e-01 -7.04504646600968083e-04 0
3.87567575905658157e-01 -1.04626999935825069e-01 0
3.01826667991679565e-01 -4.12920765940369243e-03 0
4.53992791132563134e-01 -1.96605634406217228e-01 0
3.02546879155043358e-01 -1.17716059145381779e-03 0
2.86646813996534133e-01 -1.68920459806405798e-01 0
3.37139338632499896e-01 -2.93580998718834807e-02 0
1.59456526528777148e-01 -3.99938184995780044e-02 0
2.78098697590701827e-01 -2.37164916607474852e-01 0
1.87517807556111804e-01 -4.31978435424410986e-02 0
2.33580960992123499e-01 -1.16026760469720741e-01 0
2.95083163130606008e-01 -6.71583862941552427e-04 0
4.02315695273683660e-01 -4.29159335723062682e-02 0
3.04962717335118649e-01 -2.94785775983170874e-03 0
2.99644705169885228e-01 -1.47426096440185527e-03 0
2.20105530533510146e-01 -2.45875453446323493e-02 0
2.94734252534877894e-01 -5.56836806573220221e-04 0
3.39847713113248850e-01 -7.35168149607109550e-02 0
1.93683861577266470e-01 -3.89039807233573440e-02 0
3.03870549256287759e-01 -1.25805884656097632e-03 0
2.89893295721469713e-01 -2.15309645901894803e-03 0
4.72209941727575744e-01 -1.08358797970925042e-01 0
2.82844095262844542e-01 -8.17863461363862489e-03 0
2.90181874823410013e-01 -1.34798495955755927e-02 0
2.53120360398817079e-01 -8.90999882308067398e-02 0
3.02090251825069156e-01 -1.35672000848352146e-03 0
1.32547154285654223e-01 -1.86990584107011415e-01 0
2.23392804387317179e-01 -1.79681751179472743e-01 0
3.00815985308173717e-01 -5.98429209460073740e-03 0
3.38598174728306500e-01 -5.57397159366153881e-03 0
3.76184275444006677e-01 -2.09645420144548761e-01 0
2.95034684933041469e-01 -2.85644818259198317e-02 0
3.01187709044176355e-01 -5.83021705823811957e-03 0
2.04142823068983348e-01 -7.44139868621140899e-02 0
2.29268784734190850e-01 -1.39173483348950383e-02 0
3.04689153307463434e-01 -1.90312425148604566e-02 0
3.00639678784656805e-01 -5.77507289710067241e-03 0
3.05592973696561687e-01 -2.16992904078181165e-03 0
3.15246340375957113e-01 -1.93170470448644979e-02 0
2.40540166832871605e-01 -6.62816095052939092e-02 0
2.89330249162958186e-01 -2.57244329676197675e-02 0
3.39041238331226458e-01 -1.18898625368127328e-01 0
2.93154920157928878e-01 -3.36979328302074816e-03 0
2.95820825703532964e-01 -5.88095134754382091e-04 0
2.96457333735191453e-01 -4.60823999321827073e-03 0
2.94411365982337081e-01 -4.50744367305406981e-03 0
2.51815432475523515e-01 -3.64216058603826411e-03 0
4.31400069509415951e-01 -2.24660219279759960e-01 0
3.37909710198093238e-01 -2.16416580694751004e-02 0
3.00616205504964595e-01 -1.11599795866791987e-03 0
3.61171819687009732e-01 -7.28182177177082030e-02 0
2.90788050653730201e-01 -1.59060830346346924e-02 0
2.97206356479954636e-01 -1.30282958197761966e-03 0
2.26736007221504471e-01 -2.18610014771399436e-02 0
3.60289357015164957e-01 -9.71304019681684117e-02 0
4.82202400874397696e-01 -9.84346072781117493e-02 0
2.94735123585141479e-01 -2.63570411886793442e-02 0
3.00190763579209097e-01 -2.66188444110864852e-03 0
3.00828032618732533e-01 -1.16062104093969682e-02 0
2.99453837912317056e-01 -4.38326658362290806e-03 0
3.27360926926664020e-01 -2.06030508168857478e-02 0
2.66022675000776532e-01 -3.29261303836707805e-02 0
2.27115306072533912e-01 -2.32575319172077695e-02 0
3.04585325275896324e-01 -1.34420266410844235e-03 0
2.95484871268805571e-01 -9.57949423884543716e-04 0
3.04428306980167263e-01 -1.39517618365085444e-01 0
2.96869058844818290e-01 -3.71166791568068371e-03 0
3.02239119687760627e-01 -1.59951383857891670e-03 0
2.14165562156323708e-01 -2.65200983249329371e-02 0
2.72332213380112376e-01 -1.92283143244600940e-02 0
2.96134481175379549e-01 -7.71960111267181847e-03 0
3.81164139133718938e-01 -2.21080750631165932e-02 0
2.98048572654363242e-01 -6.63315134323565203e-03 0
2.93348031051952840e-01 -3.14781190868034877e-03 0
3.32698150913363744e-01 -3.32641411161711462e-02 0
3.00853678513365308e-01 -2.65805751558733207e-03 0
3.34332310383346765e-01 -1.58159366146615049e-01 0
2.96243668806379867e-01 -1.69035676756337030e-02 0
3.60577475653214574e-01 -1.42767324756327939e-02 0
7.66072053946508652e-02 -9.55514194682840351e-02 0
6.84078146296204503e-02 -4.77235513167329206e-02 0
3.01675427698404330e-01 -2.55819050234220007e-04 0
3.34752776391909340e-02 -8.44617280232996814e-02 0
2.99942379457864283e-01 -1.32387182870472237e-03 0
2.79395930709309570e-01 -1.95251020200375332e-03 0
3.94220121406450630e-01 -3.49391008031887731e-02 0
3.04071874010574672e-01 -1.51731062750444061e-02 0
3.02408140734264475e-01 -1.79629986356610459e-03 0
2.35609686546810582e-01 -2.08900954546368173e-01 0
3.04087425463871019e-01 -3.71842013379081659e-03 0
2.77347044403578380e-01 -2.01812118183764232e-02 0
2.96588895835649291e-01 -5.28456923860265871e-03 0
2.98081602248436384e-01 -7.18221373709283253e-04 0
2.98291575589972879e-01 -1.41540721993885211e-03 0
4.21819582342383079e-02 -6.66058282446970323e-02 0
3.15345846551442599e-01 -3.06810724026621608e-02 0
3.53217147873762127e-01 -4.79029836841046303e-02 0
3.00569821708210283e-01 -1.82040263324150355e-03 0
2.90745856662870894e-01 -5.44844201031310666e-03 0
1.94521341736188819e-01 -3.37462686800838532e-02 0
3.03596718890773720e-01 -2.26578568914523977e-03 0
3.04389297092611366e-01 -3.34516661792308000e-03 0
3.03600599528737358e-01 -1.21647648258619446e-02 0
2.86457342821375527e-01 -2.65213544655829962e-02 0
2.85210446684881436e-01 -1.16978389178932288e-02 0
3.28798615253205806e-01 -3.35232412793382310e-03 0
3.00581667737809477e-01 -1.25647442808612259e-03 0
5.37061032109570693e-02 -1.49608641008910054e-01 0
2.97782368242353435e-01 -4.30301073177462128e-03 0
1.27877706118516482e-01 -1.13536705327585724e-01 0
2.99472043389379439e-01 -1.00571864513762429e-02 0
2.99442461587830666e-01 -1.19428419674094035e-02 0
2.97079355203765383e-01 -5.52365563189698063e-03 0
3.03640231110393954e-01 -6.03660789810281546e-03 0
3.01154973882415515e-02 -7.92359595873210060e-02 0
4.22025609478525604e-02 -6.76629585100971542e-02 0
2.08407432964276440e-01 -2.39874443501097656e-01 0
2.84390575514478716e-01 -1.92066381365492041e-02 0
2.97603769898151627e-01 -2.36320929983370315e-02 0
2.95099508140515721e-01 -2.60123371879755305e-04 0
2.83109779980163567e-01 -2.23703967081048255e-02 0
3.18818995109044989e-01 -3.49368653489625378e-03 0
1.13177833680379133e-01 -1.18053298637775195e-01 0
3.04620222678604335e-01 -8.64613014841057390e-03 0
3.05669680715715653e-01 -1.78144795602253156e-03 0
2.99157901546377059e-01 -5.93384261268180995e-04 0
2.93869316289264160e-01 -3.68640648650777995e-03 0
3.06372095798658983e-01 -6.06208129218332309e-03 0
3.01340234083943725e-01 -6.51685501782290786e-04 0
3.09920420103649952e-01 -9.68134630592936279e-02 0
2.99226490209054785e-01 -9.31142704271481882e-04 0
2.99932021745630717e-01 -1.81447020148569672e-03 0
3.10001376552786090e-01 -3.43362674617487922e-03 0
2.99422751217485683e-01 -7.19614308571281738e-04 0
3.03650158301209061e-01 -3.24518164495203182e-02 0
2.98351023124063031e-01 -8.76307543440955970e-04 0
3.00127801253883553e-01 -1.23869987369692731e-03 0
2.99027159496827011e-01 -2.40811575698949600e-03 0
2.97606826144504344e-01 -1.30180763577397735e-02 0
2.95718245506186583e-01 -1.34012057413571053e-03 0
1.79518060874725188e-01 -2.08271851984641217e-02 0
3.10052582179900005e-01 -5.20859697417820483e-02 0
2.97291829320393164e-01 -1.19975006256123882e-03 0
2.73581680175934927e-01 -1.78490248705012455e-02 0
2.97787605065952921e-01 -4.16292938385103874e-03 0
2.04523624283113908e-01 -4.51959467314611701e-02 0
2.96196845159182875e-01 -5.20228870297957842e-03 0
1.38932119403652687e-01 -2.03167349871152897e-01 0
2.90346887159496747e-01 -1.43294569115918462e-02 0
2.11381242267815295e-01 -4.67263470964024846e-02 0
3.06894375816388176e-01 -1.00948762105690579e-02 0
2.99283365259363721e-01 -1.16376365928204800e-02 0
3.06998618371427223e-01 -1.32440621284056915e-02 0
9.42746201449995852e-02 -9.81518956865368442e-02 0
3.00553054679209453e-01 -5.50260458786625949e-03 0
2.99863071315288165e-01 -8.48844344301398555e-04 0
3.01198122580260685e-01 -1.25554151780433434e-03 0
3.34545673154411138e-01 -4.86906682494391008e-02 0
8.12257563101353997e-02 -5.67849060860389221e-02 0
3.81306316254741706e-01 -2.58495359483931486e-02 0
3.81325368887785510e-01 -6.81896340896986086e-02 0
2.96823209572358693e-01 -3.04849314818180948e-03 0
3.00538205650358881e-01 -1.14684968436838458e-03 0
2.74860894285545332e-01 -1.26562607501918140e-01 0
2.41813382482780864e-01 -5.49745011592634655e-02 0
3.03651725862471689e-01 -3.49029726974776694e-03 0
3.37485120710355635e-01 -9.22368665837100393e-02 0
2.41577425240673743e-01 -1.81776035523052937e-01 0
3.09105775899288338e-01 -1.05050284370357514e-03 0
3.09924872785863503e-01 -4.22495306513175246e-03 0
3.27712742235592103e-01 -4.09635949971736135e-02 0
3.01099072014928526e-01 -1.25417115863194232e-03 0
2.96439059439738251e-01 -4.43414468912571060e-03 0
4.90539952345398100e-01 -8.51629769299645234e-02 0
2.99519732759313095e-01 -7.30057608936449652e-04 0
2.97995838693020598e-01 -5.15580869561209874e-03 0
2.74443710734271262e-01 -1.34318415056512735e-01 0
2.98955391286730654e-01 -6.45899238898223812e-04 0
2.97718973538338261e-01 -9.39535188464566025e-04 0
3.00620234394077701e-01 -6.74911447161190021e-03 0
3.00173096954483187e-01 -1.04166694429497523e-03 0
2.95733953631414470e-01 -1.46319995555046936e-03 0
3.00555840281004960e-01 -3.37250057649988218e-03 0
2.41496068742430486e-01 -5.96946119260235233e-02 0
2.92518744249465834e-01 -8.42758043249673509e-03 0
2.49837789086466255e-01 -6.23913383019062979e-03 0
3.05460661066049521e-01 -2.22001544268847538e-03 0
2.15883092915893110e-01 -9.22201072248450965e-02 0
2.98289179394792436e-01 -2.58232160858505025e-03 0
2.92898262821652378e-01 -2.58168692283801664e-03 0
2.99919384861399407e-01 -1.41568498098778033e-03 0
3.20408058715486332e-01 -7.26584080371992999e-03 0
4.08924377164466446e-01 -1.68172332912233630e-01 0
2.93870539454831048e-01 -7.61274204856206911e-04 0
3.07863440539400735e-01 -6.80668409072795544e-04 0
3.13589294042415478e-01 -3.00426561800683847e-02 0
2.96078683733659753e-01 -4.98837111795775241e-04 0
3.01145215769065333e-01 -8.83584987871693711e-04 0
2.93766376036070531e-01 -8.37594750307918932e-03 0
1.91168236457843504e-01 -9.16949163709396553e-02 0
3.12441325999331110e-01 -1.47643512687756929e-02 0
3.00146363768611590e-01 -5.68606639786259100e-03 0
2.50573202849094512e-01 -6.78603702991867775e-03 0
2.87914070116072840e-01 -4.14777359939737869e-02 0
3.08495182723543149e-01 -6.62855375509481537e-02 0
3.13731728234200147e-01 -1.85792297502413023e-02 0
2.99686931556786107e-01 -8.88263020641711244e-04 0
3.00849336123418576e-01 -3.23583850256087182e-03 0
2.37786894573586011e-01 -8.05826167501593471e-02 0
2.99063996403999555e-01 -4.45411943813913726e-03 0
1.13120972376396151e-01 -1.03417912944113108e-01 0
4.01929044585327355e-01 -9.68229371707423209e-02 0
3.00958876366379968e-01 -1.22527291506713113e-03 0
7.94656938559590298e-02 -8.72313356839349852e-02 0
3.02331657682460009e-01 -9.94487258207559302e-03 0
3.06879356100460854e-01 -4.07075994047518402e-03 0
3.34665879202624028e-01 -1.46249349007238433e-01 0
3.05914830050411368e-01 -1.38353040817712380e-01 0
3.02809283723847689e-01 -8.61470712075993687e-04 0
2.80552305381061629e-01 -3.41321654499495211e-02 0
3.87899963511143198e-01 -1.58032693073187937e-02 0
2.85227909033244964e-01 -1.13995132801968397e-02 0
3.09278413375131789e-01 -6.19663574337796295e-04 0
3.00489289428022666e-01 -1.46318294150673601e-03 0
3.01213151422227543e-01 -3.43926249140473613e-03 0
3.21562340350563136e-01 -9.65864468425623422e-03 0
5.37648914260730026e-01 -1.26392561706811263e-01 0
3.02332769186413830e-01 -1.01320339041465813e-03 0
3.49267191657294529e-01 -1.01538573733623419e-01 0
2.53114362607916588e-01 -6.99019196689568550e-02 0
2.93646711848815467e-01 -3.78037124897697774e-04 0
3.02403154514956862e-01 -5.52689811781991065e-03 0
2.98140401266011656e-01 -9.51665837018041334e-04 0
3.00810353972310707e-01 -5.09501276376397860e-03 0
4.36610777563605112e-01 -9.48722655103593354e-02 0
3.76284982700155923e-01 -1.05419040397010069e-01 0
3.63857834265488733e-01 -5.14733566551308225e-02 0
3.01760086155816121e-01 -7.52354335320914655e-03 0
2.77190066419792047e-01 -5.10520293506709286e-02 0
4.88526412464806825e-01 -1.61722436916083456e-01 0
2.98957048148847937e-01 -4.46499372379236190e-02 0
3.01783665876952767e-01 -8.72153769477171836e-04 0
3.57611685726407780e-01 -2.34281584664292775e-01 0
3.01141607681177148e-01 -4.12608203606868243e-03 0
2.27171370871157213e-01 -3.53102727430709140e-02 0
3.06168223990072264e-01 -6.25781710750564647e-03 0
2.92847063293305843e-01 -6.41366222539461843e-03 0
3.01575377813348089e-01 -3.88735393488479986e-03 0
3.03038396988026038e-01 -2.97268861768880642e-02 0
4.13926202310343216e-01 -1.62992262083123174e-01 0
3.06129069258878506e-01 -2.72207781965773084e-03 0
1.67314928855604450e-01 -2.62143610383661421e-02 0
2.95790402422637044e-01 -9.84082420383666431e-03 0
2.95598001936410670e-01 -1.88891398740227679e-03 0
3.01317114821102017e-01 -3.32053777763523456e-03 0
3.05515144169739405e-01 -5.04665732312604802e-03 0
3.35674480014714005e-01 -3.18062899588727535e-02 0
2.56309533431337278e-01 -6.06828233380200255e-02 0
2.98195111645221334e-01 -4.36312104421640330e-03 0
2.00150320745396570e-01 -8.43681964043318383e-02 0
2.96494567048733004e-01 -3.60950595975197347e-03 0
3.47084664910464802e-01 -5.28152603505276444e-02 0
3.06415202531676034e-01 -1.36357442997198548e-02 0
3.04194250047436832e-01 -8.35105394577490869e-03 0
2.96824479978619993e-01 -3.27480540810746621e-03 0
2.99527832781822267e-01 -2.45306842944537562e-03 0
4.59477599790423130e-01 -4.29790801090139118e-02 0
3.41681488164505165e-01 -4.86573214352554254e-02 0
3.03176148013632796e-01 -1.17083749214419129e-02 0
2.93803948611031707e-01 -1.12119607543820647e-04 0
3.13153789102840141e-01 -1.34067268174642221e-02 0
3.03396377849388943e-01 -2.64983566812708200e-03 0
2.98319740683933021e-01 -8.17954869263163957e-03 0
2.71144657078688400e-01 -3.01975624346647216e-02 0
3.00181676716387236e-01 -1.22684095124208996e-03 0
1.01523578642329512e-01 -8.04477271352427720e-02 0
3.37705579589047122e-01 -1.63803154337092520e-02 0
2.94030441547331212e-01 -1.02115861676819585e-02 0
3.83589469834761443e-01 -6.86503636506606285e-02 0
2.87798295500580281e-01 -2.00428493905862523e-02 0
3.01976127354300794e-01 -5.42949862649785191e-04 0
2.98908671343774079e-01 -1.11181491830163702e-02 0
3.00257083743197151e-01 -2.82573752258817763e-03 0
3.11986169046310158e-01 -3.29296223983358526e-03 0
2.97929430333585821e-01 -7.79920264553311034e-04 0
3.53447823368459701e-01 -5.39708279013619979e-02 0
2.13385640433900625e-01 -5.86787261568852154e-03 0
3.63344436053124886e-01 -7.51040837886001681e-03 0
2.96351585738494128e-01 -1.65495710795263216e-03 0
2.98966898866013076e-01 -2.28366283097819738e-03 0
1.71322624331221363e-01 -5.43786200461656849e-02 0
3.01679383224702169e-01 -3.01727804864977993e-03 0
3.04229530944389703e-01 -1.35672393944271286e-03 0
5.13979890732484068e-01 -5.33296336917696429e-02 0
2.89675411882508116e-01 -9.14600371358168136e-03 0
2.91664787393314806e-01 -1.75752984341304846e-02 0
3.01615707167066704e-01 -3.01112438381370435e-03 0
2.75388355057836265e-01 -2.29020073228344528e-01 0
3.04887820562406986e-01 -9.11137481143092509e-02 0
2.97877963110218191e-01 -1.66349261054360193e-03 0
2.92965785192299821e-01 -7.72737658213047251e-03 0
2.73706153390551543e-01 -5.11923236670522447e-02 0
2.98031447227242341e-01 -1.08057600166152845e-04 0
4.16570297406977375e-01 -1.39055301586034519e-01 0
2.92788739458956560e-01 -6.96771001418108361e-03 0
2.59793825206946716e-01 -3.02018663282646108e-02 0
3.40451303645363412e-01 -1.55169590306891036e-01 0
3.01117773542478706e-01 -1.19434995808289203e-03 0
3.12717474218193681e-01 -2.15405864873834590e-01 0
2.73099484654249103e-01 -1.20023919727156189e-01 0
2.94080499027808195e-01 -2.54122246329770499e-03 0
3.88797101132594969e-01 -6.22882690666626965e-02 0
2.85428593275620202e-01 -1.06552731352848942e-02 0
3.12295221232248899e-01 -4.57316453377267732e-03 0
2.99021211121549613e-01 -3.71209730991322543e-03 0
2.85547419367422228e-01 -3.32031195045293728e-02 0
9.38055018910930322e-02 -9.13003165236078579e-02 0
1.32167029663566804e-01 -1.07311648130770751e-01 0
3.22514649967614864e-01 -2.83325861101682043e-02 0
2.81713165131174614e-01 -2.49271677995189372e-01 0
2.95814381624268319e-01 -1.11822146005446455e-03 0
1.06751892442347757e-01 -1.76358388436697711e-01 0
2.97120650757154325e-01 -8.34769693766751648e-03 0
1.53095492291032254e-01 -3.06223992221037848e-02 0
2.98490154862366019e-01 -2.70797622611396388e-03 0
3.01942935731274453e-01 -4.00889166863367848e-03 0
3.00924986316814136e-01 -6.26066919156195376e-03 0
4.42400315043387560e-01 -8.82513880328581191e-02 0
3.53061927110468687e-01 -2.45256659499981877e-01 0
2.91787300754447698e-01 -2.50867171524005554e-02 0
3.10470063113758799e-01 -2.56664204674212137e-01 0
2.97811067072272784e-01 -1.01423521792197782e-03 0
2.32828878410325513e-01 -2.01965396835640326e-01 0
2.10767079581227118e-01 -2.50064414290869619e-01 0
3.01851109546934560e-01 -5.09900989396272052e-03 0
2.93098273004721688e-01 -1.39763683914922955e-03 0
3.04549230359424605e-01 -5.10084375373237109e-04 0
3.04011801138014792e-01 -2.90040330017250054e-04 0
2.77027257386708414e-01 -3.75802296791101081e-02 0
4.15334191922644924e-01 -2.33221516351784730e-01 0
2.98397366894596783e-01 -1.27427664357313507e-03 0
3.72191808740245239e-02 -4.74266805731067553e-02 0
2.53338007684678068e-01 -9.33889592358960220e-03 0
2.96420609548161906e-01 -4.89959183280881932e-03 0
3.08078078423688173e-01 -4.70455948216251460e-02 0
2.85198128100160708e-01 -3.25815048909752908e-02 0
6.22210229333281725e-02 -1.17539471359159250e-01 0
3.93856583951118833e-01 -2.57223044631773000e-02 0
2.85675245379627463e-01 -2.18528541570331587e-02 0
2.23493885246767443e-01 -1.80178185757598301e-02 0
2.99718359186538386e-01 -8.36525986370114673e-04 0
3.01488501676115850e-01 -7.06870252981179822e-03 0
1.21207787962299238e-01 -2.11015469609555001e-01 0
3.01848033730145737e-01 -9.23241694601502003e-03 0
3.15474858209874531e-01 -1.15433943419638967e-03 0
3.11946284526532669e-01 -4.48589055879909052e-03 0
2.99815081883201828e-01 -4.13295014778859281e-03 0
2.99395909761408285e-01 -2.81387773546212935e-03 0
3.02741687414817662e-01 -3.56812702826071054e-02 0
3.01440808360248169e-01 -2.45694953005383843e-03 0
3.04226366756414957e-01 -2.86933915365600875e-03 0
2.93858746614151123e-01 -3.13538176875785730e-03 0
3.02850703643673502e-01 -1.11239343169387533e-02 0
3.60782278054581698e-02 -1.00264610788566813e-01 0
3.05054534697527024e-01 -3.50675687393076710e-02 0
2.99045422897392887e-01 -3.77329867156059795e-03 0
2.99183894481065693e-01 -1.23009873691152139e-03 0
3.09178949367184819e-01 -1.46672694872440590e-03 0
3.25855375146328619e-01 -2.23289907364089962e-02 0
3.00149209317773558e-01 -1.10496623901418733e-03 0
2.97898719749448149e-01 -1.47940636380977723e-04 0
2.98343528867498820e-01 -2.45126256981676718e-03 0
1.62732250094091868e-01 -8.17745252735849054e-02 0
1.32623755308210717e-01 -4.95736176365085823e-02 0
3.31731025566927074e-01 -1.06996282075405330e-03 0
1.63659938862964954e-01 -7.29311419706718256e-02 0
2.99236623658108269e-01 -2.86644097274477280e-03 0
3.03706823937127668e-01 -1.51121455501300895e-03 0
3.91999921286587560e-01 -4.03527261052399194e-02 0
5.49060369409927085e-01 -1.02499064415134580e-01 0
3.40546563151697790e-01 -3.38535842304554246e-02 0
2.99161902331354368e-01 -5.17987508042568219e-03 0
3.07771251860202100e-01 -6.56085142932295515e-03 0
3.32477435714660263e-01 -8.61641282776173384e-02 0
3.04604391102810179e-01 -6.83966370186571979e-04 0
3.05659023862980717e-01 -2.64402580105982995e-03 0
3.51163619388241255e-01 -2.30673730523207721e-01 0
3.01354285351307705e-01 -2.54859408745875633e-03 0
3.06480004793074523e-01 -8.66296528016512191e-03 0
2.99530240721047336e-01 -2.60913182235440700e-03 0
3.64173987757236695e-01 -7.51397100110828414e-02 0
3.24081840274517197e-01 -5.85909488951052784e-02 0
3.01948592566606111e-01 -5.66834074132296331e-04 0
3.40028003837212711e-01 -1.67359803851159589e-01 0
3.01408298174892231e-01 -6.55255807135726297e-04 0
4.01080298564959803e-01 -9.44692012651274643e-02 0
3.00265869897538618e-01 -2.24630580237623629e-03 0
3.07676598465676243e-01 -1.24887623185297308e-02 0
3.05026377753085831e-01 -1.99462436953354270e-02 0
3.02242218337830382e-01 -3.29000631749908241e-03 0
3.04617328423763489e-01 -1.50222229684914438e-04 0
3.01352817474270118e-01 -6.39541323499526301e-04 0
3.00152211969009930e-01 -2.33600700202347879e-03 0
3.56583737283236779e-01 -2.13267230773322047e-01 0
3.16779216526458351e-01 -5.33609552777894874e-02 0
3.63479588909655316e-01 -1.05260140608220334e-02 0
5.43613587758174477e-01 -1.09495394484766612e-01 0
3.07793264951830792e-01 -4.83313552454625456e-02 0
2.94129634038167220e-01 -9.22527558854554890e-03 0
2.62542833831234945e-01 -1.67996836893217483e-02 0
3.03520421588965084e-01 -8.89052988510425734e-04 0
2.03990443383764319e-01 -6.72515868153802793e-02 0
2.15445614775938682e-01 -1.06320132826214164e-01 0
2.97918086937471516e-01 -1.84409932798890903e-02 0
2.15709629829733379e-01 -9.85493093682128854e-03 0
3.31061423861237325e-01 -6.20487112867985774e-02 0
3.02114397813461943e-01 -3.03811555016033187e-03 0
2.91609832920427414e-01 -1.57942725533643351e-02 0
2.99234748615758495e-01 -7.72782580338157200e-03 0
3.03188479149875678e-01 -2.48719085546519284e-03 0
2.62829367625459331e-01 -5.67594166401515707e-02 0
2.57362772431928899e-01 -6.96588684434028688e-02 0
4.59115788452564233e-01 -3.39543632441890869e-02 0
3.38110309450391666e-01 -1.30662716626709832e-02 0
3.00121212757287759e-01 -2.77508068551976204e-02 0
2.54351523645001965e-01 -1.50533784694803687e-02 0
3.01316963184936226e-01 -5.15133057746335141e-03 0
3.08908237094785043e-01 -5.53512022236948495e-03 0
2.97997836920756543e-01 -3.62439140418006466e-03 0
3.85991377874831190e-02 -8.48057068228631611e-02 0
2.62873469800584070e-01 -6.26381438757938613e-02 0
3.06015819466321892e-01 -8.98484708118211725e-03 0
4.21953812474295642e-01 -1.33811490048287796e-01 0
2.21918544343987501e-01 -2.57976028564568458e-02 0
3.20452897133608361e-01 -1.07976668356413744e-01 0
3.29031820041536693e-01 -6.33879534278883744e-02 0
2.77530423881954091e-01 -3.80117137774809780e-02 0
5.36293199704932166e-01 -1.22859622407789498e-01 0
2.96891560068249072e-01 -7.94101142341748639e-03 0
3.00651443961804599e-01 -4.89273562362532895e-03 0
2.98145509619043569e-01 -4.30348275155696593e-03 0
3.07253477877649561e-01 -5.80918483334520014e-04 0
3.00781147958165351e-01 -2.37747220558854342e-03 0
2.61776918798703406e-01 -8.50231450476265777e-02 0
1.69748048583022365e-01 -5.76081665908248011e-02 0
2.98567952179645324e-01 -1.07697275290557937e-02 0
4.67115931458332745e-01 -1.27475347609586481e-01 0
3.68601804162493774e-01 -1.34028940135545421e-01 0
2.93002867282972479e-01 -7.08433911396492370e-03 0
1.10243100951845280e-01 -1.67018172320356789e-01 0
2.98293285499106220e-01 -3.42014080246828053e-03 0
3.19996375061268545e-01 -4.78646229674373758e-02 0
3.01145619814699284e-01 -2.74148968230608636e-02 0
3.11044596506201532e-01 -2.97172840326896627e-03 0
2.03870009380277245e-01 -6.60655717039822510e-02 0
2.99411463248821064e-01 -2.65888208160936900e-03 0
2.02798823399607087e-01 -2.70899238006042653e-02 0
3.01203142326945394e-01 -6.52014102612061448e-03 0
3.15627714247924351e-01 -5.16850263290959400e-02 0
3.14802776113155436e-01 -1.44141701480889686e-02 0
2.97018861903863285e-01 -1.59164410892211907e-03 0
3.27352828929687034e-01 -5.70781913208859154e-02 0
3.01613843676632298e-01 -4.76330883684524550e-04 0
3.95685883861151610e-01 -1.97021188646066742e-01 0
2.97534474655891334e-01 -1.15414750581539632e-02 0
3.04985151447364433e-01 -2.14181129141394357e-04 0
2.55025444380834576e-01 -6.52108037955857842e-03 0
2.97768395925173179e-01 -1.23104303031427282e-03 0
2.85376992702692900e-01 -2.41522688015893307e-02 0
2.97442067169921498e-01 -1.12326004904111255e-02 0
2.95827948551622533e-01 -2.50373839128711700e-03 0
1.11285159456053689e-01 -9.29489632580979552e-02 0
8.96035394673633523e-02 -1.01821175434038014e-01 0
3.01356895509310718e-01 -2.35628434845633773e-03 0
2.99484307954128892e-01 -5.12539661110288005e-03 0
3.03991010557706998e-01 -3.21350210948827915e-03 0
3.04609049987399183e-01 -3.91141447168102778e-03 0
3.01076465976758800e-01 -5.57111811161678429e-03 0
3.08408674815740247e-01 -1.33934831842356179e-03 0
2.96785959255792653e-01 -6.61003169779592146e-03 0
2.82185595287535285e-01 -2.86536965460576741e-02 0
3.54961935385049721e-02 -4.26417522529455167e-02 0
2.96559068696952866e-01 -1.88322256280791592e-02 0
1.90954171496610037e-01 -1.95795613078244057e-01 0
3.04837610923932911e-01 -5.71533307741191191e-04 0
2.88676496046500641e-01 -6.36589165533968555e-03 0
2.97358520582366448e-01 -4.40783803139079477e-04 0
2.84318785316376721e-01 -1.11014456886013367e-03 0
2.80103560342639002e-01 -2.87368074771143858e-02 0
2.92049807472963829e-01 -2.13404542756312730e-02 0
2.96894230558753802e-01 -1.21934620372194276e-02 0
2.57460910539728138e-01 -6.68029641922051748e-02 0
3.14286339224925382e-01 -4.82160530926955891e-02 0
3.94387126512532882e-01 -8.89254341371386592e-02 0
3.01575677450273805e-01 -4.86697008449660327e-03 0
2.99727073917590514e-01 -1.31062929019117903e-03 0
3.07153999838040759e-01 -6.22349983995978007e-03 0
4.47054124634507333e-01 -6.66052809462380352e-02 0
1.49694027582815747e-01 -9.22551803778495494e-02 0
2.97840618732395090e-01 -8.31445761052427255e-03 0
2.73782631192646064e-01 -1.28545874151399758e-01 0
3.74509897472485698e-01 -3.26337156912008819e-02 0
2.93489608815215797e-01 -1.23156600502673458e-03 0
2.71015832035982562e-01 -1.45806106816664099e-02 0
3.13649289686200872e-01 -4.90494442626846355e-02 0
2.75345495144791896e-01 -1.79329408154861071e-02 0
2.47736336473453000e-01 -2.01457718812945476e-02 0
3.96670245222170648e-01 -4.17175973290973140e-02 0
3.12176658699121590e-01 -1.30346702265160129e-03 0
4.52239957489506572e-01 -5.50286990024855330e-02 0
2.72036147534436057e-01 -1.47273832510037058e-02 0
3.11080203220499674e-01 -4.16530640613435414e-03 0
3.01041466112881295e-01 -4.66397003200193228e-03 0
2.98064880146469313e-01 -2.04016486804018508e-02 0
2.67109061191993902e-01 -1.84638495813949088e-02 0
2.11061035073567993e-01 -3.12811465597874344e-02 0
2.98476908467021684e-01 -2.31733758584679527e-04 0
3.05729411242137428e-01 -8.11689382296651440e-03 0
2.90663279411245368e-01 -1.12554530903212855e-02 0
2.83724418192579042e-01 -1.14914109622117525e-01 0
2.97350485882943716e-01 -1.92668255941056440e-04 0
3.08419865327496712e-01 -6.75263313818006360e-04 0
3.01640614427630627e-01 -4.81063893208851499e-04 0
2.29693756589993386e-01 -2.49787782822662285e-01 0
2.55284881020804599e-01 -1.43423389337641229e-02 0
4.37166294360595842e-01 -7.55049690881585966e-02 0
2.95974039297796143e-01 -1.62329596019636499e-03 0
3.25058552329175854e-01 -1.06329878056215632e-01 0
3.17057682018123621e-01 -1.83261795357899824e-03 0
2.72104006763486617e-01 -2.11595612828367891e-02 0
3.09018595220681258e-01 -1.37750854302493547e-02 0
2.59647856116199782e-01 -1.69570869530330688e-02 0
3.52502068505590627e-01 -1.80303057728239291e-01 0
2.93159857966196424e-01 -2.07180650742412728e-03 0
2.94554653818506651e-01 -4.40153939928797106e-03 0
3.03899036381089227e-01 -3.21343568466662607e-03 0
2.94464340716969974e-01 -4.34114653336466899e-03 0
2.99152581000061479e-01 -1.00787232014029528e-02 0
1.38956350027570785e-01 -3.49309900528744915e-02 0
2.81046012366800935e-01 -2.86101888701359545e-02 0
1.20087742577286632e-01 -3.54170265303330109e-02 0
2.86504404621097497e-01 -1.33867349229267515e-02 0
3.33694429722013297e-01 -1.16513229770831388e-03 0
3.19373591758940700e-01 -6.87191997444101376e-03 0
1.58762840716745818e-01 -1.89246228399849760e-02 0
2.83610609715336803e-01 -4.51225729626623384e-02 0
2.86871468852709588e-01 -1.34786956847729837e-02 0
2.64510899033267632e-01 -4.06971210152870244e-02 0
4.07885365634173269e-01 -2.29529096888953149e-01 0
3.08392406436445887e-01 -7.06211214262224534e-03 0
2.97996109305549428e-01 -1.95114868910159999e-03 0
3.26334257797770033e-01 -1.17953482517882027e-01 0
3.04843021876065157e-01 -8.85482968909034017e-03 0
3.01207923769559460e-01 -1.13080518472825800e-03 0
1.95479716048774038e-01 -9.36697342483565065e-02 0
3.28767717308554974e-01 -6.93884044249208354e-02 0
2.69397943246867666e-01 -2.99435149235416330e-02 0
2.96644252584770396e-01 -1.73666348277287143e-03 0
3.02666621970374028e-01 -8.22206292516507783e-04 0
1.69340608220568539e-01 -6.69267724149186088e-02 0
3.07471754758865234e-01 -5.94683389107530328e-03 0
2.95938095236366383e-01 -2.15948377300349912e-03 0
2.99814321788198335e-01 -9.13634332698668610e-04 0
1.68515785283570418e-01 -2.25733614938431922e-02 0
2.97861456274369718e-01 -8.79841864358519242e-04 0
2.98059381240242949e-01 -4.00882159131774832e-03 0
2.99717401427945118e-01 -9.09448949412969125e-04 0
2.87146378418661918e-01 -9.83735285842797687e-04 0
2.97845206230612947e-01 -1.06824838955799301e-03 0
5.25433658077316235e-01 -8.57759120430889033e-02 0
2.83516379869971191e-01 -4.36541738326376508e-02 0
3.64801213395802959e-01 -1.74899847377373491e-01 0
3.02193367016833747e-01 -9.02922117787154782e-03 0
3.07632003358612571e-01 -5.49650785432046970e-03 0
2.97951254458302950e-01 -2.64328121529536636e-02 0
3.00391606175410775e-01 -5.28666225171493982e-03 0
2.98815001683733206e-01 -2.30565590403798253e-02 0
2.83595263977354239e-01 -5.34199064239912307e-03 0
1.55993316829187684e-01 -8.53910084753084497e-02 0
3.05583850721688144e-01 -8.30524811191209709e-03 0
3.78010952364199071e-01 -1.29362613483352540e-01 0
2.95733878651536275e-01 -1.90315533034196918e-02 0
2.90053798419174946e-01 -2.38187587830553018e-03 0
4.30630488838154413e-01 -8.38781991501390406e-02 0
3.08500748524756008e-01 -1.06076089536131894e-03 0
3.87146388742865999e-01 -1.28295005051376004e-01 0
2.93523349051051374e-01 -1.82074520806111014e-03 0
3.62816662493488706e-01 -1.26980600195797266e-01 0
2.97375776863672503e-01 -8.37449155095868272e-03 0
2.99503806985427445e-01 -7.09091960692609467e-04 0
3.02289246597960748e-01 -5.47067887104501702e-03 0
5.42738089980462579e-01 -1.19837212834749129e-01 0
2.62073880884458932e-01 -2.19986031154258771e-01 0
1.56148379869209264e-01 -8.02240673159369672e-02 0
2.96787543815051014e-01 -1.13811088519249820e-03 0
2.93238393835256683e-01 -1.00845230786259475e-02 0
1.61662821010311208e-01 -7.17718385841593504e-02 0
3.55471741617557679e-01 -1.47338366490905176e-01 0
5.47919755332103020e-01 -1.10389028179613505e-01 0
2.30149584745922758e-01 -3.09404089905231869e-02 0
2.92799319601604935e-01 -1.00809890019425349e-02 0
3.22983831900794882e-01 -1.90434156166205686e-03 0
2.98921741961999110e-01 -5.02191132595023316e-04 0
3.11836047482012491e-01 -4.44756306753691655e-02 0
3.11045860111929973e-01 -3.82630488472637418e-03 0
3.00864231531065229e-01 -1.33025224265721233e-03 0
2.99983648326996144e-01 -3.59578131433289840e-03 0
1.32562973140582158e-01 -2.23680073956446686e-02 0
3.00900660296258338e-01 -5.37182390336732145e-03 0
9.04865800049553665e-02 -1.03051470942323420e-01 0
3.20469422116431368e-01 -4.19153822306265883e-02 0
2.97976549386733958e-01 -3.53589959278170426e-03 0
2.49507628344171395e-01 -1.68787529174259619e-02 0
2.63611570745616919e-01 -4.29366962283083548e-02 0
2.89133190698450115e-01 -2.17108555890272031e-02 0
3.82381453933209936e-01 -1.23836965994762446e-01 0
2.97234144862566774e-01 -6.59713242713278695e-03 0
2.90788452565429789e-01 -1.00650520715795423e-02 0
2.94878318502730108e-01 -4.60128302411160015e-03 0
4.32961114651837620e-01 -1.36825033550817626e-01 0
2.69647203329670626e-01 -2.01149088362893996e-02 0
1.51593053905278330e-01 -3.29748904938856682e-02 0
2.88834625252520349e-01 -4.27638285613250180e-02 0
2.99148306912525697e-01 -1.33683554424304904e-03 0
2.92712697284061518e-01 -2.72560417972479777e-02 0
2.89658276173676676e-01 -4.39732984410150379e-02 0
3.18591496150418485e-01 -1.20825721743589354e-01 0
2.55214314217479199e-01 -9.62506029280119774e-03 0
3.03670360323840205e-01 -3.58838130015589479e-02 0
2.98816149713427348e-01 -4.01523910362172436e-03 0
3.01819748138717980e-01 -7.23369451385230482e-04 0
3.01200226869775933e-01 -2.26898179872641855e-03 0
3.18054149017998444e-01 -4.56428550360948176e-02 0
3.24263067095227897e-01 -6.51296394456059302e-02 0
2.79885129720712611e-01 -1.07527742206682528e-01 0
2.57259121044387751e-01 -1.17386125875810921e-02 0
2.98948726865150116e-01 -9.35227758435475988e-03 0
2.90539082983066910e-01 -9.88862862228713849e-03 0
3.70279333564012270e-01 -1.20992671859328244e-01 0
2.97358006699082855e-01 -7.51723597981105644e-04 0
3.01388978243626593e-01 -3.25123107739039904e-03 0
2.95860467568850816e-01 -1.02687794431864502e-03 0
4.58937729001761108e-01 -1.24128779875125425e-01 0
2.91932062687847105e-01 -1.35303207566368974e-02 0
3.02425292531135370e-01 -2.80314501034578884e-03 0
2.97193528682729691e-01 -6.55413153149174421e-04 0
3.62133447202183767e-01 -2.16669568863416900e-01 0
5.42592608632680440e-02 -8.68682091586583660e-02 0
2.97406108195619967e-01 -1.80479503905797912e-04 0
3.01060252682732565e-01 -3.22999561145652543e-03 0
3.03148024081390355e-01 -4.23499548933593643e-03 0
3.00921127135802102e-01 -1.28959732328150331e-03 0
2.99434833509570120e-01 -1.20919667640531745e-03 0
2.93924192127828110e-01 -1.48455867948899716e-03 0
2.75079510906661051e-01 -1.09087574234238843e-01 0
3.17095400343679668e-01 -1.28411726257900431e-03 0
2.98714063762532178e-01 -3.74029543750744892e-03 0
3.21041455744319859e-01 -7.70460144361258693e-03 0
3.51079426546098583e-01 -1.60680474859061978e-01 0
3.01702310170886501e-01 -2.04371717859917583e-03 0
2.96133028668327691e-01 -1.28507034757739582e-03 0
2.03558459703298639e-01 -5.29839654496164769e-02 0
5.08563026509768590e-01 -8.11491696661860440e-02 0
1.25001161882274392e-01 -3.72990036011770637e-02 0
3.48350932753696219e-01 -1.03684534642089335e-01 0
2.90364229986811773e-01 -1.75171854214454213e-02 0
2.96614351656079855e-01 -1.11668571736208960e-02 0
3.00197071095303969e-01 -2.53658401254443014e-02 0
2.99298274496618666e-01 -4.83724500566274154e-03 0
4.05728927880689705e-01 -9.58915112711309497e-02 0
3.19118617003487814e-01 -6.45092638235871159e-03 0
3.24346435300612301e-01 -5.38615713793823211e-02 0
2.98057908554833217e-01 -3.89065930439663754e-03 0
2.57626660225431403e-01 -3.95248020473217901e-02 0
2.85647079254390646e-01 -4.76040814292732865e-03 0
2.73870373297117886e-01 -1.58456507251758319e-02 0
2.90437761170380060e-01 -2.72520930261621738e-03 0
2.93847060835164431e-01 -3.02219282007772571e-03 0
2.98538432900141648e-01 -2.90742993210159123e-03 0
1.87548003797957746e-01 -4.88578486595197467e-02 0
2.27536856002536869e-01 -2.38821185659126162e-01 0
3.03296719465647235e-01 -4.02414430048993882e-03 0
3.00013348185396822e-01 -2.60305911072407532e-03 0
2.77572109658885291e-01 -2.57081511043636595e-03 0
2.89395080623745526e-01 -1.78064901748223349e-02 0
3.62665685083339739e-01 -1.40372753400394040e-01 0
2.98690692163965099e-01 -3.68236852796638208e-03 0
3.05410874856436143e-01 -1.59095454808302929e-02 0
2.99667962990555981e-01 -5.53714934814398402e-03 0
2.22046374867398477e-01 -7.53952688559481055e-03 0
4.13590762525148425e-01 -2.25843801038604269e-01 0
4.89152733661571582e-01 -1.28613520384114527e-01 0
3.01793821486336433e-01 -1.20597016951509445e-03 0
2.64065735188274586e-01 -4.50757945378352162e-02 0
2.92731077359308811e-01 -1.81554143111176212e-03 0
3.07799064942393674e-01 -9.64682242106506627e-04 0
3.16756109307344269e-01 -4.44626369058891899e-02 0
2.43112585538168502e-01 -6.00688520059782030e-02 0
3.18244239617102909e-01 -6.19863614732587675e-03 0
3.56321958439216824e-01 -1.67314506181627132e-01 0
3.02327658961819290e-01 -2.07032348546470858e-03 0
2.97696794607642978e-01 -3.84920012920043214e-03 0
5.13399096146465839e-01 -1.55943869743156410e-01 0
2.97509450362409555e-01 -9.17502883374127372e-05 0
3.05646762424643559e-01 -2.31467884003502605e-03 0
2.57267274715036465e-01 -1.11474797386683522e-02 0
4.56608278682966884e-01 -4.12820668177102668e-02 0
4.06885777325975195e-01 -8.55419843014545295e-02 0
3.20662227068711281e-01 -9.51260462314421074e-03 0
2.90842834297299513e-01 -1.44046392077240189e-02 0
2.89230653713893060e-01 -5.26189581385693404e-03 0
3.00047072033448659e-01 -5.36436277754118000e-03 0
2.77522789041279749e-01 -1.23936137178016423e-02 0
3.17894813005035914e-01 -7.73088672132737041e-03 0
2.97404486330633766e-01 -6.54193553991843681e-04 0
2.98841612568258530e-01 -1.19175923752927698e-03 0
2.59544001379292122e-01 -6.17772579954245591e-03 0
3.34616399027994671e-01 -4.09271011115752148e-02 0
2.61386893493425199e-01 -8.27867382923399078e-03 0
2.62180176227109485e-01 -7.79342618545548257e-03 0
2.93437377842867719e-01 -2.79628105592997188e-03 0
3.00229278922589882e-01 -1.13449402881019771e-03 0
3.04498815670523226e-01 -1.03785866867550907e-03 0
3.11018753680688376e-01 -4.81126266944733368e-03 0
2.17129317598407257e-01 -1.87066032635200968e-02 0
2.99516178850623926e-01 -5.18849464511971729e-03 0
3.12827718576835168e-01 -3.63143775548403075e-03 0
1.12205661941096477e-01 -4.16185272084269656e-02 0
2.76378643899637066e-01 -1.67997177155703309e-02 0
2.00915638594591772e-01 -1.14292164397742937e-01 0
3.06456888402292071e-01 -1.53398567500669311e-02 0
5.24065608794996973e-01 -6.32870574775786648e-02 0
2.58134200938377467e-01 -8.72294873414836310e-03 0
2.96000301035287849e-01 -8.04642463376782635e-04 0
2.73564319562943581e-01 -1.55077387680697832e-02 0
2.89510683298093763e-01 -1.96207962494490476e-02 0
3.02328993620141095e-01 -1.97154921050718196e-03 0
6.50428735810050368e-02 -7.08523977022362528e-02 0
3.18173752235466234e-01 -7.26990382892311448e-03 0
1.47326580059780526e-01 -1.33744281163230561e-01 0
3.03941286235830110e-01 -3.63379385054251680e-03 0
3.01698790055509036e-01 -7.23031878932526109e-04 0
2.96850387897934442e-01 -2.09338380800176390e-03 0
2.53373913552710384e-01 -9.62541928653625617e-02 0
3.12048019535433985e-01 -3.52374097663292560e-03 0
2.55850952036425605e-01 -2.54749164611306200e-02 0
3.47673872377548376e-01 -1.37862132085214029e-01 0
4.25687682367858422e-01 -1.46737526902219806e-01 0
3.09298380697221986e-01 -7.56358146432606435e-03 0
2.93269124276201276e-01 -4.28270240182239848e-03 0
3.00244822759401120e-01 -1.22089455310385973e-03 0
3.10059471618828963e-01 -4.47228526070779075e-03 0
2.99294204972317623e-01 -1.16543925841328588e-03 0
3.18965481819160346e-01 -8.87359989322930587e-03 0
4.40805483694725053e-01 -1.24693999128955263e-01 0
1.47530546177342958e-01 -4.70354576897680995e-02 0
3.01630531051180595e-01 -1.15101029059184751e-03 0
3.01207857918071087e-01 -1.98597772405107549e-03 0
2.66570692361780937e-01 -7.86433760387866311e-03 0
2.99148701578958065e-01 -2.67920430490433716e-03 0
3.00851421438519673e-01 -7.52847677348349523e-03 0
2.95581797063149743e-01 -8.33708478790734877e-04 0
2.79933935361897590e-01 -1.32185381039886841e-02 0
3.02596723898909903e-01 -8.62317263986703102e-03 0
3.00868793458538286e-01 -7.39919717772053332e-03 0
1.26601363550596757e-01 -1.31576111433771514e-01 0
2.92992752097780917e-01 -3.38662484651624119e-03 0
4.12444900437591466e-01 -1.81229269927972100e-02 0
3.07866840417640231e-01 -1.62506923342566056e-02 0
3.07956325466911540e-01 -1.47896158344675314e-03 0
2.93747678952734681e-01 -5.27616021218006992e-02 0
3.42352839435654810e-01 -1.42907013080713824e-01 0
2.46091261629716312e-01 -8.04487140623960650e-02 0
2.90260498546459689e-01 -1.94070291180716038e-02 0
3.00571478898501554e-01 -4.68203520375975752e-03 0
2.95512131302880121e-01 -7.74630311567129585e-03 0
2.28999992100253486e-01 -3.01746713996063586e-02 0
2.62404833028169193e-01 -3.12649307169266602e-02 0
2.71778699511688204e-01 -3.69235554496535959e-02 0
3.04412481294171311e-01 -3.82667765050332710e-03 0
2.96040728440686407e-01 -1.45186178921074042e-03 0
2.63811169398935397e-01 -3.53854225434158676e-02 0
2.98646972415826717e-01 -2.96600756857941337e-04 0
3.04192942934144062e-01 -6.47001691471177625e-03 0
3.62291703735439174e-01 -3.11533464813971393e-02 0
5.01179672773234386e-01 -9.73074193615021399e-02 0
3.19363052308247519e-01 -4.70690063206524734e-03 0
2.39836855625720380e-01 -5.88227041774501413e-02 0
2.79514696927435913e-01 -3.17454808572497499e-02 0
2.92673177445400279e-01 -2.81909289145137543e-03 0
4.46897339793293658e-01 -1.18250544170739894e-01 0
2.63658972068617159e-01 -5.61002952146777943e-03 0
2.93383291946168800e-01 -1.70863148332347755e-03 0
2.99049429027072267e-01 -1.47157439734592159e-03 0
5.04975641934052644e-01 -8.92208813336439754e-02 0
2.60425589755500453e-01 -9.84256903585102073e-03 0
1.19219415659777145e-01 -4.83236133444265928e-02 0
1.49855225249987040e-01 -5.65557381979099952e-02 0
2.93953317227571786e-01 -1.74603954181084785e-02 0
2.74117783094528222e-01 -1.33280519337605399e-02 0
4.45686849557187514e-01 -8.64464784403024544e-02 0
2.98794976247571786e-01 -2.51384282484442959e-04 0
3.30624161743418188e-01 -1.25204905369463160e-01 0
4.47793828691469775e-01 -8.06188674224780494e-02 0
2.99362516545059854e-01 -1.08108656493185887e-03 0
2.63421652348715951e-01 -5.91157596609112254e-03 0
2.98306359457254977e-01 -3.01148537738577676e-04 0
3.01525879243316086e-01 -3.06783209369649104e-03 0
3.00773190984161665e-01 -1.66617667961566963e-03 0
2.95553834329339571e-01 -7.04399252420700398e-03 0
2.96729200469029619e-01 -3.43483901521267994e-03 0
3.07199625043547087e-01 -4.06075397084564168e-04 0
2.68196109225652235e-01 -6.03380199209737397e-03 0
2.92372626749148934e-01 -1.33677491324584331e-04 0
3.00888957001872182e-01 -3.33134987880753233e-03 0
2.73479494364604780e-01 -3.43998929986846606e-03 0
3.12076219261262000e-01 -1.28903948944536998e-02 0
3.07161300618337518e-01 -1.36416505428047278e-03 0
3.42896710984187614e-01 -5.65001150133859556e-02 0
2.66945159338728200e-01 -7.92270928790995282e-03 0
2.71461434376724042e-01 -2.04401797796356036e-03 0
2.54204192318205457e-01 -1.94990251093914192e-02 0
3.25879603623534519e-01 -1.15851920621258556e-01 0
2.58539073071816450e-01 -8.98659534975573132e-03 0
2.94053829116547538e-01 -6.77687135334342425e-03 0
2.96743998502518092e-01 -3.64414979946608769e-03 0
2.97173392675538162e-01 -1.36559856175978819e-03 0
2.93622068994210283e-01 -5.99429457590592175e-03 0
2.93607221815483987e-01 -6.71146316880074593e-03 0
2.98502843258019457e-01 -3.61782752406284195e-04 0
2.62911271181394623e-01 -2.79732414783970436e-02 0
3.07391021380044149e-01 -1.47182282261053340e-02 0
2.94414935969819103e-01 -1.92902425957560894e-02 0
3.02156657940389484e-01 -1.16257261969693482e-02 0
3.01498402538126375e-01 -3.86408447512618866e-03 0
2.83351679994086503e-01 -3.19478828532431050e-02 0
2.52908854436608543e-01 -1.93887813613087164e-02 0
3.00249242310106912e-01 -1.80733039798207222e-03 0
2.75287520049312784e-01 -2.01808545777034179e-02 0
3.00315978090047841e-01 -1.96385372911707856e-03 0
3.01754006876537750e-01 -3.25687836108588726e-03 0
3.05704823973260986e-01 -6.42696111338403406e-03 0
3.00944309237028251e-01 -3.41918368328801093e-03 0
3.03709198132606883e-01 -6.88902030097027478e-03 0
2.75544943963350941e-01 -1.18090333842682596e-01 0
3.06944348093831421e-01 -4.16566895932704649e-04 0
2.64868145633559537e-01 -4.11665105351883588e-03 0
2.94233436278117655e-01 -6.72304300616973893e-03 0
2.98857082668789298e-01 -1.18455067008145423e-02 0
2.96244691244341551e-01 -1.58687596290262869e-03 0
2.65112437220710151e-01 -2.89769458036487140e-02 0
2.99728717492580621e-01 -5.12571541752783900e-03 0
2.66092173317175495e-01 -3.68620597386945612e-03 0
2.76893177303058013e-01 -1.49749206210212545e-02 0
2.76987525789754552e-01 -1.44574885032920705e-02 0
3.23364198732178532e-01 -1.26917134749868377e-01 0
2.56821271354102154e-01 -2.62553460491838815e-02 0
3.10680131273360693e-01 -1.21244263056489408e-02 0
2.69629568356983984e-01 -8.97835377643199997e-03 0
2.65292136994601191e-01 -1.04295509291656777e-02 0
2.78539447088058001e-01 -4.14514566784206090e-02 0
3.03686921420581568e-01 -3.99013544381217940e-03 0
3.01340566521103026e-01 -3.71015222594971335e-03 0
3.07585779341623455e-01 -1.59966144842754697e-02 0
2.64779830510204484e-01 -1.08607315639014813e-02 0
2.95967217800493898e-01 -7.07669049605640088e-04 0
2.65536388344646879e-01 -2.56075456534488842e-02 0
2.63517395060613169e-01 -2.53125313843218895e-02 0
2.66570713483667621e-01 -1.13560546431583937e-02 0
3.03428756473991645e-01 -3.75865041246323944e-03 0
3.07358219038530722e-01 -9.88966234623984064e-04 0
2.74641635593620093e-01 -1.11388178071770275e-01 0
2.97713103715452065e-01 -4.80174351957128305e-04 0
2.63641554859470162e-01 -3.16092640141244080e-02 0
2.25289074382458515e-01 -2.89221638587906262e-02 0
2.67171546090376744e-01 -2.18789120137712024e-03 0
2.78809726281441461e-01 -1.57354454407903910e-02 0
2.97825836996287951e-01 -5.38965863976094525e-04 0
2.96371025043274283e-01 -1.32648633616121040e-03 0
2.71616771038980520e-01 -4.19455417637085333e-03 0
2.67407462595911749e-01 -5.88146227970246568e-03 0
3.63968733839854786e-01 -2.55053054866858815e-02 0
4.10750965059886841e-01 -4.74874721300495503e-02 0
3.19215505524774901e-01 -8.20327129530119478e-03 0
2.60375746144172859e-01 -2.80920220143809386e-02 0
2.69969376116762805e-01 -3.81631991744882425e-03 0
5.24240071957656983e-01 -9.20741858295775345e-02 0
2.67470460814626221e-01 -9.90746179212603426e-03 0
1.47650205658454076e-01 -4.48540363276540843e-02 0
2.68595737371207788e-01 -4.26943880980546354e-03 0
2.71582047455582176e-01 -1.09058139354976207e-02 0
2.70732228353379956e-01 -5.12166231840952696e-03 0
2.69773853552496057e-01 -1.23728255292774626e-02 0
1.12076072086626843e-01 -1.02002605317563416e-01 0
2.61737580869465025e-01 -2.41881433033532961e-02 0
2.79320352023445295e-01 -1.37826995996730758e-02 0
2.92924745636755801e-01 -9.06198579342104918e-03 0
5.22147009414486885e-01 -1.02784817262264142e-01 0
4.02930219250138777e-01 -4.51710198679182648e-02 0
1.12519279103397998e-01 -9.39233304025229726e-02 0
3.06681451047499221e-01 -1.53206793948529717e-02 0
2.93333455836041923e-01 -1.56013806997132927e-03 0
2.93511857191291081e-01 -9.14965388483342419e-03 0
