# vtk DataFile Version 3.0
CFD
ASCII
DATASET UNSTRUCTURED_GRID
POINTS 7774 double
1.00000000000000000e+00 0.00000000000000000e+00 0
0.00000000000000000e+00 1.00000000000000000e+00 0
-1.00000000000000000e+00 0.00000000000000000e+00 0
0.00000000000000000e+00 -1.00000000000000000e+00 0
1.50000000000000000e+01 0.00000000000000000e+00 0
0.00000000000000000e+00 1.50000000000000000e+01 0
-1.50000000000000000e+01 0.00000000000000000e+00 0
0.00000000000000000e+00 -1.50000000000000000e+01 0
9.98993066541314700e-01 4.48648303505147991e-02 0
9.95974293995239068e-01 8.96393089034333707e-02 0
9.90949761767934811e-01 1.34233265817655406e-01 0
9.83929588598629667e-01 1.78556894798636512e-01 0
9.74927912181823619e-01 2.22520933956314310e-01 0
9.63962860695853352e-01 2.66036845566675006e-01 0
9.51056516295153642e-01 3.09016994374947285e-01 0
9.36234870639737204e-01 3.51374824081342574e-01 0
9.19527772551450684e-01 3.93025031653923496e-01 0
9.00968867902419035e-01 4.33883739117558398e-01 0
8.80595531856738112e-01 4.73868662472998525e-01 0
8.58448793601866211e-01 5.12899277405906018e-01 0
8.34573253721302755e-01 5.50896981452102419e-01 0
8.09016994374947451e-01 5.87785252292473026e-01 0
7.81831482468029582e-01 6.23489801858733816e-01 0
7.53071466003610746e-01 6.57938725939712810e-01 0
7.22794863827391332e-01 6.91062648986864869e-01 0
6.91062648986864758e-01 7.22794863827391443e-01 0
6.57938725939712366e-01 7.53071466003611079e-01 0
6.23489801858733594e-01 7.81831482468029693e-01 0
5.87785252292473248e-01 8.09016994374947340e-01 0
5.50896981452102641e-01 8.34573253721302533e-01 0
5.12899277405906240e-01 8.58448793601866100e-01 0
4.73868662472998803e-01 8.80595531856737890e-01 0
4.33883739117558287e-01 9.00968867902419035e-01 0
3.93025031653923773e-01 9.19527772551450573e-01 0
3.51374824081342907e-01 9.36234870639737204e-01 0
3.09016994374947618e-01 9.51056516295153531e-01 0
2.66036845566675284e-01 9.63962860695853241e-01 0
2.22520933956314587e-01 9.74927912181823619e-01 0
1.78556894798636789e-01 9.83929588598629667e-01 0
1.34233265817655711e-01 9.90949761767934700e-01 0
8.96393089034336760e-02 9.95974293995239068e-01 0
4.48648303505150975e-02 9.98993066541314589e-01 0
-4.48648303505147367e-02 9.98993066541314700e-01 0
-8.96393089034333151e-02 9.95974293995239068e-01 0
-1.34233265817655295e-01 9.90949761767934811e-01 0
-1.78556894798636512e-01 9.83929588598629667e-01 0
-2.22520933956314199e-01 9.74927912181823619e-01 0
-2.66036845566674895e-01 9.63962860695853352e-01 0
-3.09016994374947174e-01 9.51056516295153642e-01 0
-3.51374824081342518e-01 9.36234870639737315e-01 0
-3.93025031653923385e-01 9.19527772551450684e-01 0
-4.33883739117558676e-01 9.00968867902418813e-01 0
-4.73868662472999302e-01 8.80595531856737668e-01 0
-5.12899277405906684e-01 8.58448793601865767e-01 0
-5.50896981452103085e-01 8.34573253721302311e-01 0
-5.87785252292473692e-01 8.09016994374947007e-01 0
-6.23489801858734038e-01 7.81831482468029360e-01 0
-6.57938725939713143e-01 7.53071466003610523e-01 0
-6.91062648986865202e-01 7.22794863827391110e-01 0
-7.22794863827391998e-01 6.91062648986864203e-01 0
-7.53071466003611301e-01 6.57938725939712143e-01 0
-7.81831482468030248e-01 6.23489801858733039e-01 0
-8.09016994374947784e-01 5.87785252292472582e-01 0
-8.34573253721302977e-01 5.50896981452101975e-01 0
-8.58448793601866433e-01 5.12899277405905574e-01 0
-8.80595531856738334e-01 4.73868662472998081e-01 0
-9.00968867902419368e-01 4.33883739117557510e-01 0
-9.19527772551450906e-01 3.93025031653922996e-01 0
-9.36234870639737427e-01 3.51374824081342074e-01 0
-9.51056516295153753e-01 3.09016994374946785e-01 0
-9.63962860695853241e-01 2.66036845566675284e-01 0
-9.74927912181823508e-01 2.22520933956314587e-01 0
-9.83929588598629667e-01 1.78556894798636900e-01 0
-9.90949761767934700e-01 1.34233265817655711e-01 0
-9.95974293995238957e-01 8.96393089034337454e-02 0
-9.98993066541314589e-01 4.48648303505151669e-02 0
-9.98993066541314700e-01 -4.48648303505149726e-02 0
-9.95974293995239068e-01 -8.96393089034335927e-02 0
-9.90949761767934700e-01 -1.34233265817655600e-01 0
-9.83929588598629667e-01 -1.78556894798636789e-01 0
-9.74927912181823508e-01 -2.22520933956314587e-01 0
-9.63962860695853241e-01 -2.66036845566675284e-01 0
-9.51056516295153531e-01 -3.09016994374947673e-01 0
-9.36234870639737093e-01 -3.51374824081343018e-01 0
-9.19527772551450462e-01 -3.93025031653924106e-01 0
-9.00968867902418924e-01 -4.33883739117558620e-01 0
-8.80595531856737668e-01 -4.73868662472999191e-01 0
-8.58448793601865767e-01 -5.12899277405906795e-01 0
-8.34573253721302200e-01 -5.50896981452103196e-01 0
-8.09016994374947007e-01 -5.87785252292473692e-01 0
-7.81831482468029360e-01 -6.23489801858734149e-01 0
-7.53071466003610412e-01 -6.57938725939713143e-01 0
-7.22794863827390999e-01 -6.91062648986865202e-01 0
-6.91062648986864203e-01 -7.22794863827391998e-01 0
-6.57938725939712254e-01 -7.53071466003611301e-01 0
-6.23489801858733150e-01 -7.81831482468030026e-01 0
-5.87785252292472915e-01 -8.09016994374947562e-01 0
-5.50896981452102308e-01 -8.34573253721302755e-01 0
-5.12899277405906018e-01 -8.58448793601866211e-01 0
-4.73868662472998525e-01 -8.80595531856738112e-01 0
-4.33883739117558009e-01 -9.00968867902419257e-01 0
-3.93025031653923385e-01 -9.19527772551450684e-01 0
-3.51374824081342518e-01 -9.36234870639737315e-01 0
-3.09016994374947285e-01 -9.51056516295153642e-01 0
-2.66036845566674673e-01 -9.63962860695853352e-01 0
-2.22520933956314199e-01 -9.74927912181823619e-01 0
-1.78556894798636290e-01 -9.83929588598629778e-01 0
-1.34233265817655101e-01 -9.90949761767934811e-01 0
-8.96393089034333429e-02 -9.95974293995239068e-01 0
-4.48648303505147575e-02 -9.98993066541314700e-01 0
4.48648303505148616e-02 -9.98993066541314700e-01 0
8.96393089034334400e-02 -9.95974293995239068e-01 0
1.34233265817655600e-01 -9.90949761767934700e-01 0
1.78556894798636789e-01 -9.83929588598629667e-01 0
2.22520933956314587e-01 -9.74927912181823619e-01 0
2.66036845566675173e-01 -9.63962860695853241e-01 0
3.09016994374947618e-01 -9.51056516295153531e-01 0
3.51374824081342907e-01 -9.36234870639737204e-01 0
3.93025031653923773e-01 -9.19527772551450573e-01 0
4.33883739117558120e-01 -9.00968867902419146e-01 0
4.73868662472998581e-01 -8.80595531856738001e-01 0
5.12899277405906129e-01 -8.58448793601866211e-01 0
5.50896981452102419e-01 -8.34573253721302755e-01 0
5.87785252292473026e-01 -8.09016994374947451e-01 0
6.23489801858733483e-01 -7.81831482468029915e-01 0
6.57938725939712588e-01 -7.53071466003610968e-01 0
6.91062648986864647e-01 -7.22794863827391554e-01 0
7.22794863827391443e-01 -6.91062648986864758e-01 0
7.53071466003610857e-01 -6.57938725939712699e-01 0
7.81831482468029693e-01 -6.23489801858733594e-01 0
8.09016994374947340e-01 -5.87785252292473248e-01 0
8.34573253721302644e-01 -5.50896981452102641e-01 0
8.58448793601866100e-01 -5.12899277405906240e-01 0
8.80595531856738001e-01 -4.73868662472998692e-01 0
9.00968867902419035e-01 -4.33883739117558176e-01 0
9.19527772551450573e-01 -3.93025031653923718e-01 0
9.36234870639737204e-01 -3.51374824081342796e-01 0
9.51056516295153420e-01 -3.09016994374948006e-01 0
9.63962860695853130e-01 -2.66036845566675617e-01 0
9.74927912181823619e-01 -2.22520933956314504e-01 0
9.83929588598629667e-01 -1.78556894798636789e-01 0
9.90949761767934700e-01 -1.34233265817655989e-01 0
9.95974293995239068e-01 -8.96393089034336205e-02 0
9.98993066541314589e-01 -4.48648303505150489e-02 0
1.49819318430775894e+01 7.36015114911265811e-01 0
1.49277709000829493e+01 1.47025710494340900e+00 0
1.48376476494717195e+01 2.20095711683042383e+00 0
1.47117792060484600e+01 2.92635483024192489e+00 0
1.45504687979181604e+01 3.64470269854895701e+00 0
1.43541050359831299e+01 4.35427015881693169e+00 0
1.41231609777453109e+01 5.05334780088330060e+00 0
1.38581929876693000e+01 5.74025148547634512e+00 0
1.35598393968516504e+01 6.41332640145422683e+00 0
1.32288189652253294e+01 7.07095105238996435e+00 0
1.28659291500040798e+01 7.71154116289832281e+00 0
1.24720441845381806e+01 8.33355349529403000e+00 0
1.20481129722096707e+01 8.93548956738649913e+00 0
1.15951568004410603e+01 9.51589926245467943e+00 0
1.11142668803243900e+01 1.00733843227052802e+01 0
1.06066017177982204e+01 1.06066017177982097e+01 0
1.00733843227052802e+01 1.11142668803243794e+01 0
9.51589926245468654e+00 1.15951568004410497e+01 0
8.93548956738649736e+00 1.20481129722096796e+01 0
8.33355349529403355e+00 1.24720441845381806e+01 0
7.71154116289832636e+00 1.28659291500040798e+01 0
7.07095105238996879e+00 1.32288189652253205e+01 0
6.41332640145423660e+00 1.35598393968516504e+01 0
5.74025148547635489e+00 1.38581929876693000e+01 0
5.05334780088329882e+00 1.41231609777453109e+01 0
4.35427015881693702e+00 1.43541050359831299e+01 0
3.64470269854896189e+00 1.45504687979181604e+01 0
2.92635483024193022e+00 1.47117792060484494e+01 0
2.20095711683043405e+00 1.48376476494717107e+01 0
1.47025710494340700e+00 1.49277709000829493e+01 0
7.36015114911270474e-01 1.49819318430775894e+01 0
-7.36015114911264923e-01 1.49819318430775894e+01 0
-1.47025710494340101e+00 1.49277709000829493e+01 0
-2.20095711683042916e+00 1.48376476494717107e+01 0
-2.92635483024192400e+00 1.47117792060484600e+01 0
-3.64470269854895701e+00 1.45504687979181604e+01 0
-4.35427015881693080e+00 1.43541050359831299e+01 0
-5.05334780088329438e+00 1.41231609777453109e+01 0
-5.74025148547634956e+00 1.38581929876693000e+01 0
-6.41332640145423216e+00 1.35598393968516504e+01 0
-7.07095105238996258e+00 1.32288189652253294e+01 0
-7.71154116289832281e+00 1.28659291500040798e+01 0
-8.33355349529402822e+00 1.24720441845381806e+01 0
-8.93548956738649380e+00 1.20481129722096796e+01 0
-9.51589926245468476e+00 1.15951568004410497e+01 0
-1.00733843227052802e+01 1.11142668803243900e+01 0
-1.06066017177982097e+01 1.06066017177982204e+01 0
-1.11142668803243794e+01 1.00733843227052802e+01 0
-1.15951568004410497e+01 9.51589926245468831e+00 0
-1.20481129722096796e+01 8.93548956738649913e+00 0
-1.24720441845381806e+01 8.33355349529403355e+00 0
-1.28659291500040798e+01 7.71154116289832814e+00 0
-1.32288189652253205e+01 7.07095105238996968e+00 0
-1.35598393968516504e+01 6.41332640145423838e+00 0
-1.38581929876693000e+01 5.74025148547635578e+00 0
-1.41231609777453109e+01 5.05334780088329971e+00 0
-1.43541050359831299e+01 4.35427015881693791e+00 0
-1.45504687979181604e+01 3.64470269854896278e+00 0
-1.47117792060484494e+01 2.92635483024193110e+00 0
-1.48376476494717107e+01 2.20095711683043582e+00 0
-1.49277709000829493e+01 1.47025710494340811e+00 0
-1.49819318430775894e+01 7.36015114911271362e-01 0
-1.49819318430775894e+01 -7.36015114911268364e-01 0
-1.49277709000829493e+01 -1.47025710494340500e+00 0
-1.48376476494717195e+01 -2.20095711683042117e+00 0
-1.47117792060484600e+01 -2.92635483024191601e+00 0
-1.45504687979181604e+01 -3.64470269854894902e+00 0
-1.43541050359831406e+01 -4.35427015881692459e+00 0
-1.41231609777453198e+01 -5.05334780088328994e+00 0
-1.38581929876693106e+01 -5.74025148547633357e+00 0
-1.35598393968516593e+01 -6.41332640145421529e+00 0
-1.32288189652253294e+01 -7.07095105238994659e+00 0
-1.28659291500040904e+01 -7.71154116289830860e+00 0
-1.24720441845381895e+01 -8.33355349529401401e+00 0
-1.20481129722096902e+01 -8.93548956738647959e+00 0
-1.15951568004410692e+01 -9.51589926245466167e+00 0
-1.11142668803244007e+01 -1.00733843227052606e+01 0
-1.06066017177982292e+01 -1.06066017177981902e+01 0
-1.00733843227052997e+01 -1.11142668803243705e+01 0
-9.51589926245470608e+00 -1.15951568004410408e+01 0
-8.93548956738652045e+00 -1.20481129722096600e+01 0
-8.33355349529405309e+00 -1.24720441845381593e+01 0
-7.71154116289834501e+00 -1.28659291500040691e+01 0
-7.07095105238998123e+00 -1.32288189652253205e+01 0
-6.41332640145424815e+00 -1.35598393968516397e+01 0
-5.74025148547636288e+00 -1.38581929876692893e+01 0
-5.05334780088331659e+00 -1.41231609777453109e+01 0
-4.35427015881695034e+00 -1.43541050359831299e+01 0
-3.64470269854896589e+00 -1.45504687979181604e+01 0
-2.92635483024193110e+00 -1.47117792060484494e+01 0
-2.20095711683043316e+00 -1.48376476494717107e+01 0
-1.47025710494341100e+00 -1.49277709000829493e+01 0
-7.36015114911271917e-01 -1.49819318430775894e+01 0
7.36015114911266810e-01 -1.49819318430775894e+01 0
1.47025710494340589e+00 -1.49277709000829493e+01 0
2.20095711683042117e+00 -1.48376476494717195e+01 0
2.92635483024191601e+00 -1.47117792060484600e+01 0
3.64470269854894902e+00 -1.45504687979181604e+01 0
4.35427015881692636e+00 -1.43541050359831406e+01 0
5.05334780088328905e+00 -1.41231609777453198e+01 0
5.74025148547633357e+00 -1.38581929876693106e+01 0
6.41332640145421617e+00 -1.35598393968516593e+01 0
7.07095105238994659e+00 -1.32288189652253294e+01 0
7.71154116289831304e+00 -1.28659291500040904e+01 0
8.33355349529401934e+00 -1.24720441845381895e+01 0
8.93548956738648315e+00 -1.20481129722096902e+01 0
9.51589926245466522e+00 -1.15951568004410692e+01 0
1.00733843227052606e+01 -1.11142668803244007e+01 0
1.06066017177981902e+01 -1.06066017177982292e+01 0
1.11142668803243705e+01 -1.00733843227052997e+01 0
1.15951568004410408e+01 -9.51589926245470252e+00 0
1.20481129722096600e+01 -8.93548956738652400e+00 0
1.24720441845381593e+01 -8.33355349529405487e+00 0
1.28659291500040691e+01 -7.71154116289834324e+00 0
1.32288189652253205e+01 -7.07095105238997856e+00 0
1.35598393968516504e+01 -6.41332640145424282e+00 0
1.38581929876693000e+01 -5.74025148547636022e+00 0
1.41231609777453109e+01 -5.05334780088331037e+00 0
1.43541050359831299e+01 -4.35427015881694857e+00 0
1.45504687979181604e+01 -3.64470269854896678e+00 0
1.47117792060484600e+01 -2.92635483024192888e+00 0
1.48376476494717107e+01 -2.20095711683043405e+00 0
1.49277709000829493e+01 -1.47025710494341211e+00 0
1.49819318430775894e+01 -7.36015114911276136e-01 0
6.95992333139394059e+00 3.94919733033464082e+00 0
7.31273194779731206e+00 -2.91298718059892403e+00 0
1.25274946758735695e+00 7.80420468976953075e+00 0
-5.27686250691802261e+00 5.77311768976647599e+00 0
-7.75249218821901831e+00 -5.07551559721533319e-01 0
2.23453371432918102e+00 -7.48521029206355593e+00 0
-4.41975825685555357e+00 -6.26256145012739918e+00 0
3.39947763043111806e+00 -3.70242270506230398e+00 0
4.55556122379384920e+00 -3.00136783444877986e-01 0
3.39050360925718097e+00 3.14411873854530199e+00 0
2.92023464491997398e-01 4.33129629618630307e+00 0
-2.67177104416772515e+00 3.19077782822566292e+00 0
-4.34638264702773025e+00 2.93040612278255008e-01 0
-3.29652243979482495e+00 -3.05532492056486404e+00 0
-1.19187233649830998e-01 -4.51575709288610661e+00 0
1.35595235245471901e+00 2.65697526503727399e+00 0
2.69925641421259899e+00 1.21341613948292304e+00 0
2.72719327164748604e+00 -5.58395266399768775e-01 0
1.84593520794332111e+00 -2.21450038230312218e+00 0
1.53882769823752791e-01 -2.70512455814064889e+00 0
-2.82636437458602119e-01 2.63180863657929009e+00 0
-1.58022609359794997e+00 1.90759824424371294e+00 0
-2.48513842216468417e+00 6.39667135845249812e-01 0
-2.51662921616573909e+00 -1.15057846000562503e+00 0
-1.22711079109196097e+00 -2.20180316109243090e+00 0
1.51960531745764205e+00 1.51960531745764094e+00 0
5.80946458547871969e-01 1.94169659963571006e+00 0
1.76233665534452100e+00 -1.09928569934196996e+00 0
1.01849270714471896e+00 -1.61690740386233900e+00 0
1.82351128042998889e+00 6.38074193945476376e-01 0
-1.96743538298863796e+00 -2.21277530487949486e-01 0
1.82988181028837005e+00 -2.01099367245877791e-01 0
2.08361089687929213e-01 -1.83484571707498501e+00 0
-1.59684558220614803e+00 1.01680344935525402e+00 0
-6.99347105127144042e-01 1.76603642267561400e+00 0
-1.58278673955533100e+00 -9.97263936753512104e-01 0
-2.19485698885546299e+00 6.36555764466619234e+00 0
5.89341372071392744e+00 -6.51181486129720444e+00 0
-5.04867010930657778e-01 -1.64938625476470890e+00 0
-3.75609782578257834e-02 1.67356333509558697e+00 0
-5.54804424832515242e+00 2.88467532565326490e+00 0
8.01791939560837896e+00 5.51122906982477123e-01 0
4.50917026407881227e+00 6.46860121983162362e+00 0
-1.04166124546532002e+00 1.24035973282116907e+00 0
-1.56652928986423201e+00 3.94730885370034090e-01 0
8.85948540300502740e-01 1.36745584631642791e+00 0
1.25493306086055290e+00 9.50995558209609237e-01 0
-1.00146640954130692e+01 3.34836871922019519e+00 0
1.16264014607350807e+00 -1.06503192727080309e+00 0
-3.68542480442213094e+00 1.80978199533377704e+00 0
-1.23464182868181394e+00 -7.85648005069664457e+00 0
-6.61079447905826356e+00 -3.80900221793217097e+00 0
4.56881763602599733e+00 1.60013275166075308e+00 0
-9.71834899664863139e-01 -1.27637572042468395e+00 0
3.49139416741803599e+00 -2.04087686322754713e+00 0
2.03478031991718789e+00 4.27444187344694715e+00 0
-1.25330688689353598e+00 3.88853352105407390e+00 0
-2.01074570684669096e+00 1.06057451669028193e+01 0
1.35220206167112300e+00 -6.14199290349893179e-01 0
1.51102591055074198e+00 2.35901356966324000e-01 0
1.45414091703088411e+00 -3.84174335525250799e+00 0
5.60040801306577185e-01 -1.39123705687437793e+00 0
3.58648448698915823e-01 1.42333250443410009e+00 0
-1.47822325155389911e+00 -4.43890003051939874e-01 0
-4.26924915043088671e+00 -1.51877213459384408e+00 0
-1.18673570901608105e+00 8.22172600240292040e-01 0
-6.03356234732732255e-01 1.31572671821803810e+00 0
4.17914794894726782e+00 1.03164401716193908e+01 0
-1.07281574642313799e+01 -3.34412320399622320e+00 0
8.16330652115769340e+00 7.60402549881292256e+00 0
1.10138806367764204e+01 -1.85057957838905396e+00 0
1.06943499171671004e+01 3.23290896045176801e+00 0
8.21043464312247506e-01 -1.12731325520742196e+01 0
-2.32316462780100297e+00 1.46862741674631891e+00 0
2.31495501928639902e+00 2.21029274699072698e+00 0
1.39737599388322198e+00 -1.57446461376662600e-01 0
4.89506539669411289e+00 -1.00874483969989193e+01 0
1.52400703007454702e-01 -1.39306031223424198e+00 0
-8.20483942581183534e+00 -7.48499907849065060e+00 0
9.61073549649703018e+00 -5.89283838733303966e+00 0
5.45430891553795494e+00 -2.05399769631423101e+00 0
-1.19895125514364609e+00 -7.53351004372046607e-01 0
-1.40617262938312892e+00 -3.56786891019242672e-02 0
-5.70319216479942082e+00 9.65288762496183494e+00 0
-4.23427901272874507e+00 -1.02997322922058192e+01 0
-1.11254494313399306e+01 1.03582143772076696e-01 0
-2.98300592130690712e+00 -2.28704218228602096e-01 0
-8.94454568515972781e+00 6.88762645166221965e+00 0
-2.14732233773300807e-01 -1.35576596623573797e+00 0
2.51320959448245196e+00 2.26670562695719002e-01 0
-1.68343770928637504e+00 -3.92550392993328900e+00 0
3.63841909060339219e+00 5.52952999252926847e-01 0
-1.05817008218306796e+00 2.46772345372974300e+00 0
-6.29710761580818712e+00 9.75126896721478342e-01 0
2.52145017275435013e+00 -5.52437541533432963e+00 0
1.25206962810058098e+00 5.80609377024975504e-01 0
1.23043661084461098e+00 5.91083645047498063e+00 0
-5.66788571105371397e-01 -1.24812695748856206e+00 0
5.49855446758220356e+00 -4.33206626010681717e+00 0
-7.60309654693641956e+00 4.55694487197515663e+00 0
1.12398818686879398e+00 1.09159994599758807e+01 0
5.26727395608414972e-01 2.77460586383703811e+00 0
7.70207142082407148e-01 -1.11172802229273193e+00 0
-2.74774454342135821e-01 1.30083333575308902e+00 0
5.23839523162257859e+00 3.29507137306491815e+00 0
-1.23398884724169799e+00 4.94988474542221113e-01 0
-3.52463979475007205e+00 4.90640595825712023e+00 0
1.01655621165334309e+00 -2.48294195857571820e+00 0
-5.74691877152814978e+00 -5.90907426495177912e-01 0
-8.50424720547435120e-01 5.44782378683590807e+00 0
6.16157239891340591e+00 6.42287550367062199e-01 0
2.62766891960647397e+00 -1.51180042858252395e+00 0
8.62238137641811342e-01 1.03279412861586994e+00 0
1.07342690194039903e+00 3.65307085185420899e+00 0
-1.89490158317123392e+00 2.75490212447809979e+00 0
3.74901744673781989e+00 4.84808243436377229e+00 0
3.44250157184326430e-02 1.28732706646135497e+00 0
7.79656835215031374e-01 -6.28426647581020603e+00 0
-9.28996022756592210e-01 -9.24046354060178654e-01 0
5.89540509955516434e-01 1.15703839825955890e+00 0
-4.11925629129201010e+00 3.20379019042280300e+00 0
-4.02223312493473362e+00 7.84351433808119758e+00 0
-1.57773709944111507e+00 -5.88822072175422129e+00 0
-1.04680588670796193e+00 8.40406108851420619e+00 0
3.35932309022344322e+00 2.03214208903340898e+00 0
-8.45230132608197593e+00 1.63358636026045789e+00 0
-7.35493553664886668e-01 1.06494382607142102e+00 0
-6.30686445901183258e-03 3.46538241692070592e+00 0
7.82286881330804373e+00 -8.93532090282245406e+00 0
-3.44991514476387806e+00 5.83950920056500511e-01 0
1.07064989758852103e+00 -7.44563076425913239e-01 0
-5.04139308445209888e+00 1.53740856584921293e+00 0
7.01060293950771474e+00 -1.01484927842609807e+00 0
2.19496659724350396e+00 3.24861059606495894e+00 0
3.74133461689160596e+00 -9.58901328455800006e-01 0
-2.33781530295763496e+00 -2.28353463873509499e+00 0
-2.67562917904654807e+00 2.30081998106356922e+00 0
7.44117362539115490e+00 -5.03372767895333428e+00 0
1.06514554499474196e-01 2.23635620845117788e+00 0
-2.40226130550971018e+00 4.48514479910221731e+00 0
-3.32576606203248915e+00 -4.84973633578532759e+00 0
1.10632929083892195e+00 1.85277752507859206e+00 0
-5.05743039516691439e+00 -3.07371279583636614e+00 0
9.14132717194200772e+00 5.25647775206834744e+00 0
-8.24612872644902128e-01 -3.25139521043449298e+00 0
2.73106034763128314e+00 -2.79901781053006804e+00 0
1.06177925465523995e+01 7.57125850881880780e-01 0
1.22113777106527710e+00 -3.69088202550092725e-01 0
4.46169345112541738e+00 -2.97784727031261420e+00 0
4.03050491059837235e+00 -6.77267703638685603e+00 0
4.13256032802871243e+00 -5.05361798216188074e+00 0
-1.18688769207684497e+00 -4.71826321904127599e-01 0
6.58650014828214658e+00 2.28952534928484797e+00 0
2.04227747964197093e+00 1.23965125390984898e+00 0
5.47010626648201992e+00 5.03179288169090189e+00 0
-9.03066362813272766e-02 6.88117856086343505e+00 0
1.02290153497667102e+00 7.77330491035815307e-01 0
-1.26332765337158204e+00 1.93068960956879088e-01 0
-2.70386253909233487e-01 -2.27747290299865890e+00 0
-8.35739345068965411e-01 3.21908481688727122e+00 0
1.22504936812503895e+00 3.08685464632395823e-01 0
8.70971081685833504e+00 2.73118861100234378e+00 0
-1.67379854284730789e+00 -1.05035265901571595e+01 0
1.59605829780748110e+00 -1.66989904289226510e+00 0
-9.20890218874720334e-01 8.50052378125292885e-01 0
5.74747840091631002e+00 8.59631393370390207e+00 0
2.76759984548007010e+00 6.87502009458786656e+00 0
5.17806626318286778e-01 -1.14221808745657194e+00 0
-1.18397190876124703e+00 1.70171271799639201e+00 0
2.16193671687444411e+00 -6.52999435617022894e-01 0
9.04716736576506442e+00 -1.66896219257791589e+00 0
1.68009410666150005e+00 2.12554068117992401e+00 0
-1.98276606619019491e+00 6.76252765421230029e-01 0
-2.97991369680949214e+00 1.15097933861046098e+00 0
-8.48969460817499133e+00 -2.58638949738945678e+00 0
-8.73538660425455760e+00 -5.00939953844588182e+00 0
-3.42394680395495421e-01 2.04607847562518286e+00 0
6.41022015232796560e-01 -8.94738782633606355e+00 0
2.70803465307545421e+00 -9.63710312586664486e+00 0
8.75526851571739262e-01 -8.74799359895705231e-01 0
-6.63053804578579875e+00 7.57888419284980497e+00 0
9.28962146976211045e+00 -3.78544859701925906e+00 0
-1.52132865522003602e+00 -1.64430005537655211e+00 0
2.48110413823608211e-01 1.21192967617870595e+00 0
-1.03616754072173389e+00 6.51067217413193511e-01 0
1.91867506880453509e+00 2.09782838865786303e-01 0
6.31842671476694706e-01 -1.81252243059726004e+00 0
-5.91569123060308844e+00 -8.33516011097937515e+00 0
-3.30683929543560895e+00 -1.84094134360242290e+00 0
-5.12594589850937599e+00 4.35897882285490290e+00 0
2.92573093889079106e+00 8.82908883420411428e+00 0
1.21626679343505706e+00 8.16523075001841375e-02 0
2.97812970698060286e-01 -1.18383917411240303e+00 0
3.21349803757514296e+00 -2.43246117303551404e-02 0
7.24306856964388235e+00 5.90862850569226072e+00 0
1.67587798771639296e+00 -2.97933346374880292e+00 0
-6.86375392965912656e+00 -2.03822253080364213e+00 0
2.34801828508477284e+00 7.39467382685312979e-01 0
-1.20344487539517297e+00 -2.46406416728863903e-01 0
3.00254241500508012e+00 6.53438161667027284e-01 0
-7.01787342892898125e-01 -1.02721368586977091e+00 0
-7.11959872176906039e+00 2.42092723161015400e+00 0
-3.91041400288430907e+00 -5.89014863411244538e-01 0
4.50024801711809541e+00 -1.70924325620632711e+00 0
-6.57421232499754638e+00 -5.98637097900073556e+00 0
3.50080881344118700e+00 1.28226196696216199e+00 0
-1.42340586866416996e+00 1.36059109948626711e+00 0
-4.07989222480974523e-01 1.59415967281520699e+00 0
-4.53728433601157000e-01 1.13305266238328906e+00 0
-3.37511225621717692e+00 -8.26852473266312948e+00 0
-1.10412999774530292e+01 5.74760587960779912e+00 0
2.50156206113847190e+00 5.54912801369728115e+00 0
4.18372584902100542e+00 2.56262415960386081e+00 0
-1.98342660458341302e+00 2.26807231009063193e-01 0
5.73703144762086659e+00 -8.35433493662940063e-01 0
8.06917825308342662e-01 -3.33821196245619678e+00 0
-4.25512379627159021e+00 1.17528483895413292e+01 0
1.17523082895695001e+01 -4.24435119913072256e+00 0
9.19276390341333571e-01 2.35895943475248293e+00 0
-8.17548195814620904e+00 9.51688404959654299e+00 0
-5.00935204781770960e+00 -4.72628904759022905e+00 0
1.18730743093103208e+00 4.57352758895631428e+00 0
3.45259486223216694e+00 -1.21720282315521402e+01 0
-1.47640056097378602e+00 7.01104524423330822e-01 0
-1.86173269846416090e+00 -6.48716181383810264e-01 0
-2.43421788095114922e+00 -5.67740883834367716e-01 0
-1.94905295513474602e-02 -3.59480975145892279e+00 0
-1.22825802246473899e+01 2.31303879461076178e+00 0
-4.13034206540051940e+00 1.18340538429055808e+00 0
-1.93702338365422100e+00 3.55694109073732001e+00 0
-1.12144326283413207e+01 -5.80016986491624742e+00 0
2.35139678910482797e+00 -3.64631848337379694e+00 0
4.62831243889047439e+00 6.30878783810236432e-01 0
1.67262016487403797e+00 1.04876377367766604e+00 0
2.57852561932596924e-01 5.42584273779498361e+00 0
-2.47539203269073083e+00 -5.37897751373460631e-02 0
-2.75177370669758385e-02 -1.22607764643340511e+00 0
-1.87542390198352193e+00 1.37775120277511798e+00 0
1.35441597896304700e+00 -5.12517572515746789e+00 0
5.23775591322335643e+00 -8.30722993073079152e+00 0
-9.58485612057245362e+00 -1.02300341747756596e+00 0
2.11945492196257401e+00 -1.51134539180411198e+00 0
-3.63914367867040101e+00 6.41992554893987766e+00 0
-5.50259654637433293e+00 -1.89539396116669989e+00 0
7.69865691766855598e+00 1.01448624554444802e+01 0
-4.81653850630825719e-01 4.13799876171191361e+00 0
-6.17122909713366807e-01 1.25936922743256599e+01 0
7.85322876975529471e+00 -6.89093542153398975e+00 0
2.32004142315325090e+00 -2.22807876331903493e-01 0
-3.40078495002808978e+00 3.95951392215328601e+00 0
1.23501725799438300e+00 -2.05251909008990019e+00 0
-2.16261379639263485e+00 2.02913041640832903e+00 0
-7.83866804343177481e+00 -9.81201887936116890e+00 0
1.78417494207120697e+00 -5.94587899404659947e-01 0
1.97752025420529809e+00 1.73300070849406396e+00 0
2.86929118121106308e+00 3.84331786321832203e+00 0
4.21168442603793880e-01 -2.28859709027588210e+00 0
-3.51978482807660198e-01 -1.17214348995390405e+00 0
-3.39697434244453600e+00 2.75284576502223999e+00 0
1.07082669135488007e+00 -5.47421409710426854e-01 0
4.26646896224623617e+00 3.79095666082805494e+00 0
-1.71968295918413694e+00 -2.93896236183199422e+00 0
1.04483311735275297e+01 7.15149228902847600e+00 0
-1.24736841146097905e+01 -1.86676572399850205e+00 0
1.26989837108471999e+01 -2.61956090559175514e-01 0
-3.23352279845772106e+00 -9.51727427894807465e-01 0
-9.95078521256742565e-01 -6.92625219545827675e-01 0
2.48729629739537383e+00 -2.19807630604650095e+00 0
-3.76504209733355122e+00 9.77210415330561588e+00 0
3.07854204648565899e+00 1.21967504372847397e+01 0
1.24452215398625707e+01 1.91710847380295801e+00 0
4.01263986225607217e-01 9.34672712518722193e+00 0
2.71866863733399022e-01 1.76350049247917395e+00 0
-9.31153778944182831e-01 -1.25748854818812994e+01 0
-2.98223919433677809e+00 -1.22843539960098393e+01 0
1.22226299858697307e+00 1.31375093227347906e+00 0
1.31986155400708105e+00 -1.38453041770348695e+00 0
1.03312341819246600e+00 5.90468461675467959e-01 0
1.18777466548149802e+00 -1.38002583577286508e-01 0
-2.42462902178036588e+00 7.87167185490076626e+00 0
-8.43363161232768554e-01 1.48986205526475302e+00 0
-5.36487862994376741e+00 5.29409203649278792e-01 0
9.67676678747909058e+00 -7.97935265334707644e+00 0
1.46845687895870491e+00 -9.38683639946479742e-01 0
-7.24950657598725012e-01 2.18213562865012589e+00 0
-1.20695936127130610e+00 -2.70886517265878785e-02 0
-4.48972915805112383e+00 2.31766659783190621e+00 0
-2.00285718963418002e+00 -1.37359018329030902e+00 0
6.22695444233758222e-01 1.59991964520868790e+00 0
-2.93210771130621284e+00 3.05407912188724207e-01 0
3.59966977630085294e+00 -8.27776845882758572e+00 0
-6.10565407851756392e-02 -1.62971679099340094e+00 0
-1.53241296495179791e+00 4.81269575759809598e+00 0
8.40531334890538218e-01 8.43088943214761910e-01 0
6.68607251772676547e-01 9.78127010355346993e-01 0
-1.33659136874968310e+00 2.94471845969207502e+00 0
4.40295561478859021e+00 -3.99984190325730804e+00 0
-4.88669149238096434e+00 -5.40943900193386562e-01 0
-1.23871031999522896e+00 -1.06916846000269605e+00 0
9.99395515983156679e-01 -1.31389805571983098e+00 0
-6.83555046345888773e+00 5.90137187848221867e+00 0
-6.39615631728745360e+00 3.95766529808693690e+00 0
2.82099032414534712e+00 -4.50803031605109528e+00 0
1.10258761768648696e+01 5.26999211523788613e+00 0
-9.94726052162717367e-01 -1.77524230904522407e+00 0
3.07163685419019084e+00 -1.07711662055588309e+00 0
6.10037098525390320e+00 -3.21890864488616302e+00 0
3.56719193444620108e+00 -2.86089757868850914e+00 0
1.51326299649531992e+00 7.69770341011180137e-01 0
-2.87741069082008316e+00 1.74208766895334199e+00 0
-1.28534267380277401e-01 1.17518016732044894e+00 0
6.24671557866328886e-01 -9.96969051850285282e-01 0
5.46827777730632558e+00 2.25052174426883500e+00 0
1.90967801110718494e+00 2.62768701382201719e+00 0
-3.05173145307237825e-01 -5.70264221435753882e+00 0
-1.13310832250561000e+00 3.40256761762114002e-01 0
-1.56267399933004603e+00 2.39693802266286804e+00 0
-1.29506925221680902e+00 1.10186674520037609e+00 0
-4.01048029998337086e+00 -2.38084057813799621e+00 0
2.54458817833671214e+00 -1.01876106235613206e+00 0
-2.27047785082717990e+00 1.02333424371496995e+00 0
-8.42714129846823390e+00 3.19513059012890288e+00 0
-2.88241543303892822e+00 -6.16802794325885184e+00 0
3.85040623896989176e-01 1.10145953745577696e+00 0
2.74642315488295896e+00 2.79261415374522803e+00 0
-9.42441465845860904e+00 5.04095468920986889e+00 0
4.35674672774097616e+00 8.07041316212091075e+00 0
-4.08247151980368717e+00 -3.84820934650390578e+00 0
6.89857877803692343e+00 -1.07999080499284794e+01 0
9.16154214564757097e-01 -7.54248612025093212e+00 0
5.00215494768759150e-01 2.34549584470936878e+00 0
6.01341083578702662e+00 6.96051795609470059e+00 0
-1.01917622069789804e+01 1.58551490740519108e+00 0
-1.23098652273230802e+00 2.07642939603121413e+00 0
6.07042902768388704e+00 1.13828123008168500e+01 0
1.30775363657795213e-01 -1.16066345454137010e+00 0
5.33972350078987734e+00 1.26327117707264291e-01 0
3.85011859451960303e+00 -3.17755860593449402e-01 0
5.58235357607798743e-01 3.36434496840463604e+00 0
-1.16398020331440599e+00 -4.80547704399554743e+00 0
2.79501936558561281e+00 1.83052761767866401e+00 0
1.55311280655686001e+00 -4.03459518229582703e-01 0
1.54144995698400500e+00 3.24170843818886212e+00 0
-7.57553596276320107e+00 7.89486297382009039e-01 0
-8.79860186220538765e+00 2.64373566539195304e-01 0
6.94006632998462464e-02 2.98581388959387395e+00 0
-2.66343829155938305e+00 5.43147720046188187e+00 0
-6.18695812716157878e+00 -1.12406524590173298e+01 0
-5.74525004017813368e-01 1.01252220273174909e+00 0
-7.38953879201525443e-01 8.99111760337718002e-01 0
5.40555654023625287e+00 1.14355872064608999e+00 0
9.78886679576044805e-01 3.02329088159639792e+00 0
-1.16172610152670594e-01 -6.95806699374464444e+00 0
3.29772652408895217e+00 -5.69271036172514955e-01 0
-1.03175756991890797e+01 -7.69013156978671741e+00 0
-1.70019390845984697e+00 9.39571963176154407e-02 0
-5.38430810063169396e-01 -1.04591197719865292e+00 0
-2.82861707980704924e-01 1.12256518796954907e+00 0
-6.00280949368699890e+00 1.97887552753520990e+00 0
1.07498587169221094e+00 4.30095127845265601e-01 0
-3.57557477025637915e+00 -1.05644173003170798e-02 0
-1.05548800978704804e+00 4.68082038842356107e-01 0
-1.81286424926272699e-01 -1.15578323956448603e+00 0
-2.80513748150753583e+00 -3.94010046522123103e+00 0
-2.21518582522033514e+00 -4.85128556703551972e+00 0
-1.28771996603298211e+00 7.16084174373169091e+00 0
-6.73941878654482540e+00 -5.65871013313018478e-02 0
1.50452195538898703e+00 5.03375620177367700e-01 0
9.30179228237549616e+00 -1.65691094620109891e-01 0
-7.70230439130782818e-01 -2.63387797274660418e+00 0
3.57203915774278791e-01 -1.58854176245781198e+00 0
-5.30130084576051264e+00 7.19398427103677918e+00 0
1.92656332760649707e+00 -6.37214889050504762e+00 0
-2.54046990353925695e-01 4.86503849212924688e+00 0
1.63455699918014896e+00 -7.58206382927643138e-03 0
6.33841366634026238e-01 -4.11366036359592702e+00 0
-1.65611887826652993e+00 -1.89068213772572991e-01 0
6.61243456046441214e+00 -2.07537776336587410e+00 0
-2.55336638888332601e+00 1.24059608742749905e+01 0
2.17514025022738400e+00 -2.63486296745713400e+00 0
-1.07721588694019310e+00 1.02049914618640902e+00 0
2.80778407637960292e+00 4.70355297000913009e+00 0
9.18664316948694193e+00 1.32146221460147695e+00 0
1.62523253567427695e+00 -1.29389864572280597e+01 0
3.54416360638655803e+00 5.97078738837955036e+00 0
-1.23210761994254394e+01 -4.03325396296871030e+00 0
7.11809955987065379e+00 1.28779726437700992e+00 0
5.28435764366862237e+00 -5.46848956481476023e+00 0
-6.21149303289339727e+00 1.14759340043878808e+01 0
-8.15311059519318926e-01 1.26837955558589899e+00 0
-7.16293613553033337e-01 2.77857090016610986e+00 0
-3.83372640241823104e-01 3.08571484441498400e+00 0
-1.02422803005363394e+00 -5.29875590742785785e-01 0
-1.83542580400128696e+00 -2.07606244184447997e+00 0
-6.51550567032234240e-01 -2.05163792914230481e+00 0
8.34589062802304227e+00 4.03547092140996444e+00 0
9.22574011746131073e-01 -6.98697042458366169e-01 0
7.76138940984246783e+00 -1.88654084918299203e+00 0
1.28564929163141706e+01 -2.46445470372848696e+00 0
-9.90365792342403850e+00 8.51394247438172691e+00 0
1.34659628917466107e-01 1.51654151472790599e+00 0
4.95262860839625141e+00 -1.02766662165494993e+00 0
1.14228299323379705e+01 -6.25541611278326570e+00 0
9.41150630968554935e+00 9.03407476322042058e+00 0
1.21085761527644209e+00 1.28563002863498692e+01 0
4.08089392679219376e+00 1.05586076176281396e+00 0
-1.30185336376722596e+01 4.11387810241108820e-01 0
8.21175725489037139e-02 8.07706291181433400e+00 0
-2.52838080967349521e+00 -3.05566149491153283e+00 0
5.38524013517562761e+00 -1.18669457535174701e+01 0
1.24834499266943109e+01 3.77189716735981184e+00 0
-1.14264255655291400e-01 1.46466815427606600e+00 0
2.98034230694997682e+00 -6.50748170940449100e+00 0
2.73138900651315497e+00 -1.38522328890790303e-01 0
-1.16174918550943094e+01 3.96829893479854112e+00 0
2.59358829945655911e+00 1.04144005407493196e+01 0
-2.46046358258369802e+00 -1.70730278805025693e+00 0
-7.82497031011593958e-01 -8.54353973854564019e-01 0
1.46469378909378189e+00 -2.45148652330015215e+00 0
2.15231510183084307e+00 -1.06847774373425408e+00 0
1.81175659588136795e+00 5.08083158412944602e+00 0
-1.48077059867626204e+00 -7.26933365547603905e-01 0
6.60967684138568412e+00 -7.80951751905572511e+00 0
2.37941991300762279e+00 1.52411191990102601e+00 0
-2.18868304397636892e+00 9.19440058826529771e+00 0
-4.33012526189723912e-01 1.06213806792819003e+01 0
-4.22486852549962943e+00 4.07802231528679560e+00 0
6.96113093457682713e-02 1.15469077493212602e+00 0
-7.40692342961164041e-01 -1.50593459000249208e+00 0
-8.34447993101348651e-01 -9.21650233753088344e+00 0
2.05453203417499708e+00 -4.38533827440406210e+00 0
-4.50365810107651665e+00 5.09351754729697426e+00 0
2.15618198292757590e+00 4.84263003337672193e-01 0
1.28122520936162299e+00 2.20196844858176810e+00 0
6.61636655829128184e+00 -4.18092892545715866e+00 0
-1.93060061460061405e+00 1.01211664984592198e+00 0
1.69529359504579102e+00 6.91316860056600824e+00 0
-3.58730700630542820e+00 1.11408539432461295e+00 0
-7.03183646542788310e-01 -4.03003422118286370e+00 0
-5.96060291816325094e+00 4.94189974822032330e+00 0
-9.60686256911282621e-01 1.91477700603466805e+00 0
8.22879348463644611e+00 -6.18412590184278410e-01 0
5.86504186981632980e-01 1.38644383339620103e+00 0
1.62635124682183996e+00 9.02007297157027033e+00 0
5.90424005392861773e+00 4.08758179577078096e+00 0
7.52731907553766622e+00 2.95796988254548987e+00 0
5.21325910626111999e-01 1.02315970898684605e+00 0
1.97027085513281103e-01 2.58811861579527713e+00 0
9.57608945102493836e-01 -1.96156356470996096e+00 0
7.97097625312848002e-01 -1.48358227787987396e+00 0
8.52532025941239979e+00 -2.79179071717784710e+00 0
6.02787558740284571e-02 1.95158852952216599e+00 0
-3.19884051524726720e+00 2.17778149901542184e+00 0
3.92921513983861814e+00 1.71597548642047992e+00 0
6.35689081976999137e+00 -9.35737303436230583e+00 0
7.08877290223832990e+00 6.27640086199706959e-02 0
4.75671575800504176e-01 -5.29528513285371805e+00 0
1.09628290166093589e+00 1.55758670276524192e+00 0
7.34919378055688854e-01 -8.80308007303240214e-01 0
-2.76442087755168209e-01 -1.91585817355318699e+00 0
1.42713703724661189e+00 3.97352005481421619e-02 0
1.08319508909813500e+00 1.12080522841911989e+00 0
-1.92364602092425896e+00 1.74578780047552895e+00 0
-4.75324302936902043e+00 8.52406064820919518e-01 0
-2.41262723956744995e+00 2.76631971508672114e+00 0
-6.09687875248964595e+00 -2.81187574859809697e+00 0
9.08714431109197474e-01 6.91896895129893608e-01 0
-9.11800135886995600e-01 6.75353737771710372e-01 0
-2.92765812434314987e-01 -2.77010979269491608e+00 0
3.59810392958932024e-01 -1.38075171491371296e+00 0
6.16587666406724644e+00 3.13298601280095301e+00 0
-2.14227074568081699e+00 -8.90720197111217260e+00 0
9.63632656556811407e-01 -1.05540597457675189e+00 0
1.88064255050214402e+00 -8.72578884692908296e+00 0
-8.00058980031269229e+00 -3.85879948585157617e+00 0
-2.52453096069069405e+00 3.81049164820673214e+00 0
1.26573665323126194e+00 -8.55345643649441434e-01 0
-2.07699028470724212e+00 -6.93380495039405975e+00 0
1.64256434801647400e+00 3.85573353249376982e+00 0
-4.97689507549439192e-01 3.56546619100095397e+00 0
-1.07867510625738405e+00 -3.77444744291318579e-01 0
8.04978809565498210e+00 -3.94116909145139305e+00 0
1.07564654898184808e+00 -3.75010425115738288e-01 0
1.95391674796343007e+00 9.26086843548502459e-01 0
-1.72626149035401300e+00 6.07031951414019999e-01 0
-1.13561982628262492e+00 1.27953624436116409e-01 0
-1.68066086946338999e+00 5.65600609237669438e+00 0
-8.19605368195123241e+00 5.79669932351561101e+00 0
1.29232980582912504e+00 -1.71012215998970896e+00 0
3.19963015101491610e+00 -1.58961471888131101e+00 0
4.13238745422984177e+00 -2.31401887760252700e+00 0
-6.34744772930316392e-01 1.53302691009447600e+00 0
1.71068108476436498e+00 3.60629411524476418e-01 0
1.12565482993961608e+00 1.72056043255539498e-01 0
-6.72314578077413305e+00 -1.08256807289805601e+00 0
6.22680160653728332e-01 -2.70900713138028193e+00 0
4.20247698822545157e+00 1.97924538148012391e-01 0
3.75920249324743105e-01 -1.07745325807724690e+00 0
6.57408979688560002e+00 4.96199293487989923e+00 0
1.43100395342649400e+00 1.14957814259829405e+00 0
-1.82167378907295507e+00 4.16031540730197502e+00 0
-2.89803946450646999e+00 7.39562805251497979e-01 0
-1.06039798649697503e+00 6.32101134079907201e+00 0
-2.76362131378087794e-01 6.05737388599037363e+00 0
-4.39713583097247396e-01 2.34501251519134390e+00 0
5.19834941641425008e+00 -3.44704834168500085e+00 0
-1.09186884133765094e+01 -1.73557306780315201e+00 0
-2.56349077929841518e-01 1.80215013488097209e+00 0
-1.64889056059292693e+00 1.57381470829325898e+00 0
6.35325267887679956e+00 -5.34155088582377857e+00 0
-1.47569002198864996e+00 1.82300156678440600e-01 0
-1.40255832171817096e+00 8.94264620009575406e-01 0
5.05562630838203031e+00 4.17493659407447026e+00 0
5.98247391410017482e-01 3.89183252883920616e+00 0
8.70866279846835151e-02 -2.17798165449483605e+00 0
-1.41038888245909599e+00 -2.49150421885388995e-01 0
4.45719898522153368e+00 1.18663246377572804e+01 0
-9.08781051877237678e-01 4.63878952956531965e+00 0
4.52512431717546981e+00 5.47609936474054759e+00 0
3.31073862524365714e-01 2.04071398279702887e+00 0
7.72300900345795127e-01 6.81199821278139606e+00 0
-2.33886333874764185e+00 3.40367954666663808e-01 0
2.33424213704719019e+00 7.88128316224592496e+00 0
1.92318024486419192e+00 -1.81969440817470707e+00 0
1.42955158299420693e+00 1.84036932652841401e+00 0
-4.87123680535985137e+00 3.51856875046301587e+00 0
-4.62554880942526658e+00 -7.67918226330882803e+00 0
3.89677836687840085e+00 -1.57054257045925505e+00 0
3.05862019652060502e+00 -2.33461670340732219e+00 0
-7.78836710699060575e+00 -1.67435785629296596e+00 0
1.39857472329240506e+00 -1.15362676906568695e+00 0
1.60378948057263804e+00 -1.34020001098721497e+00 0
8.29878145763730091e-01 1.80961507592062198e+00 0
-1.83860185821433997e+00 2.18480857334387313e+00 0
-2.16555395592379707e+00 2.44322830214359410e+00 0
3.63397123900200603e+00 -4.39910143537865839e+00 0
-2.18210272103528302e+00 -8.87830535447582281e-01 0
1.83041589573624508e+00 1.33601023793659701e+00 0
4.31752829661615767e+00 -1.12207280905455908e+00 0
8.16788512039600789e+00 1.69838170738641203e+00 0
-7.41015830490033789e+00 3.47908840440430200e+00 0
4.82084084958437664e+00 -2.32590332992332804e+00 0
3.47626351428599012e+00 -5.73593414200052720e+00 0
6.16105793188755069e+00 1.50081350639741595e+00 0
9.89060513487412152e+00 -2.51340465243165312e+00 0
-8.72598885369656130e-01 -7.30215199063145359e-01 0
-1.13834031940781802e-01 -8.11567767774146809e+00 0
6.16725258539355670e-01 4.89754495991000383e+00 0
-9.49640863990440920e+00 -6.33260767487560727e+00 0
-7.24210295120231340e+00 -4.88176837137509967e+00 0
-9.01513656594720270e-01 1.01657555699336410e+00 0
7.81684900803948257e-01 1.21137984464191595e+00 0
-4.29876176914859442e+00 1.68653608849952596e+00 0
-5.05539418782161132e+00 -1.27037067580722596e+00 0
-1.04677201623335403e+01 6.99349902541181656e+00 0
-3.66717140274597092e-02 -1.41760309632492110e+00 0
-5.16801355008293939e+00 8.39453628597758161e+00 0
1.92070589828930105e+00 -8.57124282496163237e-01 0
1.10583071519054199e+00 -2.24075617208356698e-01 0
1.13046153321494192e+00 -3.25911718186906868e-02 0
-1.18078715336330298e+00 1.43688258125006407e+00 0
1.48122960386381508e+00 -9.93702863799674319e+00 0
-3.25315754135626589e+00 3.36828382162420414e+00 0
-1.27956354111643300e+00 3.41355571445961603e+00 0
-1.12633544022008691e+00 -1.23428601420336403e-01 0
1.22022991499666400e+00 7.57907158906058420e-01 0
-9.41398829082387323e+00 -9.13928851361535877e+00 0
-1.30574318179162696e+00 -1.39288085150157492e+00 0
-4.28445189217643019e-01 1.40359793188381898e+00 0
-7.90839195142286666e+00 -6.06366656463382192e+00 0
6.17954805684268660e+00 -1.86415045740369295e-01 0
1.99905193602518594e+00 -4.43731322850238419e-01 0
3.63757430224272005e+00 3.73132736766899997e+00 0
2.39184075359695214e+00 -1.10484143007994593e+01 0
4.53051851205718004e-01 1.27357018953299406e+00 0
-3.04622921252508005e+00 -2.39853349491029100e+00 0
-1.37359673189560505e+00 3.59051168967724821e-01 0
-8.02424729787973590e+00 8.07709268594038221e+00 0
2.08203827950046483e+00 -4.16959980887170525e-02 0
-5.59049726933022928e+00 -6.81534334834339273e+00 0
-9.30252857757833596e+00 -3.69126701072341312e+00 0
8.75585272210366483e+00 -5.08731782057628212e+00 0
1.20170559339540706e+00 5.25914402109390178e+00 0
-8.13072920513947084e-01 7.81330204555560681e-01 0
-4.88434486938852608e+00 -1.23066391738274206e+01 0
-6.80689141105732798e+00 9.01456721676991890e+00 0
1.04468438432525303e+01 -4.77121382550609319e+00 0
5.69691236716446969e+00 1.00038856344114997e+01 0
-4.75928549326645900e+00 -2.13291745938121879e+00 0
-2.60309403529286598e+00 1.18415811852296304e+00 0
3.96534204657417622e+00 -3.42459700154536417e+00 0
1.14946551831584309e+00 -2.91690561685711991e+00 0
7.23425123835197748e-01 8.68614566357619355e-01 0
9.34002004472199232e+00 -9.57670185903189441e+00 0
4.10193296174009170e+00 3.18658502718598191e+00 0
2.79215442391967317e+00 2.31584331381908681e+00 0
3.27237821033572196e+00 2.57356503590335084e+00 0
9.73848955464417898e+00 4.06544713159414339e+00 0
-3.88723675314456818e+00 2.39497859925561984e+00 0
-1.20522079325255405e+00 6.58192199623561680e-01 0
-6.10521222138074582e-01 1.16960253881717202e+00 0
-5.24101044161918139e+00 2.20362842433717887e+00 0
5.46239475761469517e+00 6.01647654716685576e+00 0
6.58979238415185242e-01 -1.26180036991774491e+00 0
-3.26552685138877585e+00 1.51127533937394198e+00 0
-5.62999727346133660e+00 -3.90333008460931197e+00 0
-6.83553776482227082e+00 -7.32265412201687926e+00 0
-9.73364525559907889e+00 -2.29840874587041499e+00 0
8.43876166413314444e+00 6.34128160181696732e+00 0
-3.26035067068711903e+00 8.69559175368020476e+00 0
-5.80920466203799357e+00 -9.84792798143333847e+00 0
1.08594099539182998e+00 3.01235477572237786e-01 0
1.03722703215278607e+01 2.07596775843089398e+00 0
-1.05289050015198193e+00 9.61532802225350736e+00 0
1.05798600770991005e+01 -6.20400596579520514e-01 0
-2.92587698618809622e+00 2.73649372632678212e+00 0
-2.88678368222620918e+00 -6.97009950608943885e-01 0
-3.39678150112076205e+00 -4.85409901419417422e-01 0
-4.90985732664672381e-01 1.81476599178448295e+00 0
3.69120214772560296e+00 -1.06481570133489001e+01 0
-4.21461907017391890e-01 -1.37402474571188593e+00 0
-3.70344793788455817e+00 -1.35357438614099701e+00 0
-2.13964055617191917e+00 3.17815911085877589e+00 0
3.67623413092112505e+00 7.20815099274998783e+00 0
2.91535518484243106e+00 2.56165090740026025e-01 0
-1.01123332522724692e+01 -4.77541186499319892e+00 0
7.62105440649818089e+00 4.79106888930323294e+00 0
6.93600074576152359e-01 -2.12843148163376394e+00 0
5.07188223635717583e-01 -9.95412935975954816e-01 0
-2.98164089993223014e+00 -1.40249432240711003e+00 0
-6.11028136519281428e+00 -4.91955274293625688e+00 0
1.02463979503697300e+00 -9.08193600617373087e-01 0
1.53235046856064505e+00 -7.07355196634401606e-01 0
3.12726570823591787e+00 1.47588693459713793e+00 0
7.25329642368611083e+00 8.66323361407337345e+00 0
-2.57374188097066081e-01 -1.05292021518620604e+01 0
-7.07590368950887960e+00 1.45905662214038290e+00 0
-1.30410606635878690e+00 -2.71643246645932290e+00 0
-2.85803525160116001e+00 7.07925920049339119e+00 0
2.29882812745720289e+00 -1.90606868329074808e+00 0
-6.44289889640683544e+00 3.07543371660847820e+00 0
1.02289887017760495e+00 9.57228225263200394e-01 0
-4.61543417734606543e+00 6.49513744886939559e+00 0
-2.91866688982070421e+00 -1.00309263000536504e+01 0
-2.50565035666475122e+00 1.79272267473869307e+00 0
-3.97275614619844086e+00 6.26929211573280853e-01 0
-7.38125282795217075e+00 -2.96056743819928014e+00 0
6.04507029427294018e+00 -1.54860679756517294e+00 0
2.86123747510899484e+00 -1.91401293268675898e+00 0
-1.72931791151594494e+00 3.15693264827438602e+00 0
5.05300155997745026e+00 -7.18265107185674534e+00 0
8.37950153261504127e-01 2.11394103314013915e+00 0
4.33948055629452156e+00 -5.95551755383647841e+00 0
-1.72852492452197892e+00 -4.44742940151563182e-01 0
2.77125695758686996e+00 3.35189885919733888e+00 0
-1.63521458811017895e+00 1.25180679296253694e+00 0
-1.89676339999660204e+00 -9.68035821586868739e-01 0
-3.52723905410767813e-02 4.00201294622940740e+00 0
-4.66681881150829481e-01 1.00726795382902101e+00 0
-2.18209345003968380e+00 5.60285968203182161e-03 0
2.72092202493776303e-01 1.07938391318626392e+00 0
-9.27595422655593893e+00 2.56467204307326613e+00 0
3.30068308027684498e+00 3.59182163354793305e-01 0
-6.27251301567225195e-01 9.12573241779373712e-01 0
1.96325287354279610e+00 6.13326139843972573e+00 0
4.86928123135595392e+00 2.63738351634725898e+00 0
3.09420422827706387e+00 1.07097203503594396e+00 0
-4.06095170590153742e+00 -3.10930630719348411e+00 0
-5.97869013928253512e+00 8.67119310664591358e-02 0
2.18605309809847093e+00 -3.14060631755452091e+00 0
-7.71886985036860818e+00 1.10231159258758602e+01 0
2.85927359448823992e+00 -3.34325571600773497e+00 0
2.23633386943039092e+00 2.48526065910486510e-01 0
-3.00618826302327280e+00 4.51907739088402760e+00 0
-3.63609440960589492e+00 -7.23272236816791558e+00 0
2.64037849627835319e+00 5.39022124389995749e-01 0
-1.72995291336430490e-01 2.26035406611682310e+00 0
1.57236982085949095e+00 -1.99394793332232001e+00 0
1.59366718908349703e+00 -2.05486287135207391e-01 0
-7.60475613391299365e+00 6.97188678889099300e+00 0
-2.14088503060813995e+00 -4.91931932607737821e-01 0
1.34050874992755698e+00 1.94051250577608386e-01 0
-1.33400812662403001e+00 -6.07211724018190790e-01 0
-4.98318648779494744e+00 8.92567947680463492e-02 0
8.77652717925820669e-01 2.70515762972759788e+00 0
7.07791874526701914e+00 -6.28387617226297834e+00 0
-3.89983450706406121e+00 5.65789442167905321e+00 0
2.37964887274026804e+00 1.09259122138949993e+00 0
2.49847591802659294e-02 -1.11321852730430404e+00 0
2.23356087289243110e-01 -1.09086744657437507e+00 0
3.20888886947011187e+00 -7.44965543108661699e+00 0
-6.00495228988032625e+00 6.45177220685079433e+00 0
-1.57809678713810397e+00 -1.31313705093598010e+00 0
-1.80383959539554595e+00 3.82422713339859888e-01 0
-4.15634600118362307e+00 -5.38084917040257160e+00 0
2.36573018171184080e+00 -1.31627293834316705e+00 0
-7.65165195769460516e-01 -1.20909116252489102e+00 0
-4.44144776117634343e+00 -8.96574313310892457e+00 0
1.58044245620124896e-01 -1.60654908616015502e+00 0
1.34085762019417398e+00 4.25159475641850193e-01 0
-9.26061988467630881e-01 1.68975690386653610e+00 0
-5.63383319179757436e+00 1.17782309809420105e+00 0
4.01709503345289320e+00 9.17021517380280038e+00 0
-2.75578419509755812e-01 -1.58433400305844407e+00 0
-1.17819836753451890e+00 -6.67693273890065431e+00 0
6.18959025396334517e-01 -1.59433726424676103e+00 0
-9.65293593225158286e-01 5.47726562469248002e-01 0
8.13826962247558461e-01 -7.39654130737611104e-01 0
9.35681866573892740e-01 -5.96119691149419872e-01 0
4.18558252148532484e-01 -1.99162071728633405e+00 0
-7.23513025193359827e+00 -8.62253519775028821e+00 0
3.64534627758318086e+00 8.25812465295622661e-02 0
-5.93596910879120143e-01 -9.44704071830559489e-01 0
-4.14342234399213027e-01 -1.04349330332331203e+00 0
2.99512401945989826e-01 -3.18736663814820487e+00 0
-7.03750131651666999e-01 2.49408896390704582e+00 0
3.93087119844791211e+00 -9.47002251713064602e+00 0
-2.72109561824486090e-01 -1.07989421261166796e+00 0
7.15878760286972327e+00 7.09119677379007474e+00 0
2.40625205279715715e+00 -5.15392782525449400e-01 0
5.15703156389890793e+00 -4.54349855981329598e-01 0
4.42699270627584163e+00 4.55939679435216227e+00 0
-9.41175850738970698e-01 -5.88151876473581470e-01 0
5.27245707349414006e-01 6.08355047470482813e+00 0
-4.43989180328137056e+00 -9.18943686761057754e-01 0
1.81760654024667512e-01 1.35019258362648298e+00 0
-3.20401789417578309e+00 1.09190842177202203e+01 0
1.39027830584103196e+00 -3.29677463261023374e-01 0
-5.70908011983522456e+00 3.74578692416880221e+00 0
1.24452185798734405e+00 -4.48896363770221907e+00 0
-1.42381525076868609e+00 5.38437865018082218e-01 0
1.10976602898330903e+01 -3.21543958073204683e+00 0
-1.76686860634476606e+00 8.43103459883892126e-01 0
-2.29611506070084084e-02 1.10935738758960589e+00 0
5.08673749347439585e+00 7.35963133859656615e+00 0
2.32452480495184188e+00 3.77242114059847111e+00 0
1.89840852110314096e+00 -1.39263592201101005e+00 0
-5.41719856085291518e+00 -5.76981638177341694e+00 0
-1.40493821794253204e+00 1.61587715212796201e+00 0
-1.31350959890635899e+00 -3.72166273170071615e-01 0
-4.37950020421418440e+00 -2.79945887637098823e-01 0
-1.34387886832306491e+00 -8.99442230284473676e-01 0
-4.83880058570215166e+00 1.05311886921625604e+01 0
3.29960160377619305e+00 4.34240125265652299e+00 0
2.36215172022573183e+00 2.66524245231348988e+00 0
8.64324788638072383e-01 1.60924852249023598e+00 0
1.19489627950370703e+00 -6.40264308686636419e-01 0
1.11639844015587908e+01 -7.56963781292221594e+00 0
4.24558153241445690e-01 1.60539466031154499e+00 0
4.75267163125578929e+00 -4.69196281368820589e+00 0
-2.72272455495732923e-01 1.46561282728497710e+00 0
-1.10282301331463692e+01 2.64172373061259291e+00 0
-1.24530936347242900e+01 5.17256900714177714e+00 0
1.18459398163526100e+01 6.68725550046926376e+00 0
1.86659940902622501e+00 -5.68201959399474443e+00 0
-1.30592555564688997e+01 3.55883627892568200e+00 0
1.80311010324495791e+00 -2.59903705816367303e+00 0
5.35379123011789382e+00 -2.77063785895102122e+00 0
-9.87277872219078478e-01 2.18784309317503078e+00 0
-1.39272851209275395e+00 -3.44390447985852921e+00 0
-1.04560872329628296e+01 4.45525699708267275e+00 0
-9.05806549366690250e-01 3.65147287981857582e+00 0
-2.14466618462300795e+00 4.99808685315383006e+00 0
8.33388486981698096e-01 -1.27302225590479501e+00 0
-8.65831864370822224e+00 4.24783038235134391e+00 0
2.66373052828595780e+00 8.43941002507682891e-01 0
5.11026431063785935e+00 -1.57767620201820891e+00 0
1.18479486177768889e+00 -1.26984234879498592e+00 0
-8.61380598642359097e+00 -9.57175874627257506e-01 0
1.36023076562803507e+01 9.28074611729994614e-01 0
3.74212446054991599e+00 2.41285515095801406e+00 0
7.97924346220087011e-01 -1.65855368387516799e+00 0
2.83635564931375583e+00 -3.95686303578911192e+00 0
1.00361165714138401e+00 -4.53733377668086690e-01 0
-1.07156008679893899e+00 -2.70009545640857385e-01 0
-1.08583116716771810e+00 2.19554457057030111e-01 0
-1.10816510979638805e+00 3.25231503404318431e-02 0
-2.91667508968439115e+00 6.13221882084983605e+00 0
1.30933369335657890e+00 -3.53706884377816069e-02 0
-1.37769092962826489e+00 1.83938054945380891e+00 0
1.02919254954518991e+00 4.16637073900782884e+00 0
3.33952666589665403e+00 -5.02187761729241977e+00 0
1.70658982318407193e+00 -8.90939916543399990e-01 0
7.35654530987563593e+00 2.13387281416976204e+00 0
-2.18949175644880611e+00 -1.33557174840022093e+01 0
2.00713986564055213e+00 2.06734365154297794e+00 0
-1.15187818226529703e+01 1.30896379803395191e+00 0
-1.87268372365777691e+00 -1.73395796602242203e+00 0
-4.61373550003906630e+00 2.91186796006717685e+00 0
-1.00313601177471003e+01 4.79325819633585393e-01 0
2.21633709485481306e-01 -1.35654198470089806e+01 0
-1.06084971838815001e+00 -8.36819446714659021e-01 0
-2.64291046525863482e+00 3.60695152497380878e-01 0
-1.07034807583221392e+00 2.78563210287730989e+00 0
8.19706022802203371e+00 -1.02529078426989599e+01 0
8.05625318260883461e+00 -5.79757602075229528e+00 0
2.32270356657928678e+00 1.85975043775001403e+00 0
3.38223763377126518e+00 7.93199826361630000e-01 0
-3.46927656372478399e+00 -3.73234822371146979e+00 0
-1.05882382736144898e+00 7.94932007159861120e-01 0
-1.34079147723757401e+01 -8.36458434609382184e-01 0
-1.26398186693575887e-01 1.32755393809107103e+00 0
-2.32531705666870181e+00 -2.86928572001254878e-01 0
4.09819426795744324e+00 -6.83767159638967725e-01 0
-3.73359768789643098e+00 1.30616062602776495e+01 0
-6.40600366862339232e-01 1.96926277177931208e+00 0
1.71952747850501697e+00 8.25387321868719881e-01 0
-2.11545968388745287e+00 4.55431440086571881e-01 0
1.71762763313895706e+00 1.73244824882460402e+00 0
1.09807705827200497e+00 7.40342486193163035e-02 0
-2.09948660082278815e+00 1.21497354362215204e+00 0
2.09892694331088503e+00 -5.02738794287337143e+00 0
-1.86508974322777910e+00 -1.17985962797325392e+01 0
6.32815974915704960e+00 5.81887717342401256e+00 0
-2.24310527199612419e+00 7.53235133984184624e-01 0
4.26171481860795620e-01 -1.25698455560842892e+00 0
-1.88400150146857004e+00 1.01662603569383399e-02 0
-2.13864074061312602e-02 -1.87558677457731804e+00 0
-3.60023147985939707e-01 1.02319617274670294e+00 0
1.23034853103327491e+00 -6.88843229717169958e+00 0
1.18675103987299497e+01 7.14797809400744777e-01 0
3.00213051010099985e+00 -3.35550031938848914e-01 0
-6.01955433393037964e+00 -1.32751830874316790e+00 0
-1.30547365905335999e+00 -1.39302757427827495e-01 0
1.84911875783173607e+00 -3.48029861479555880e+00 0
1.41038857943496598e+00 -3.32580874871114807e+00 0
-1.67988677518242202e+00 1.35063893638271999e+01 0
-1.14417707782750599e+00 -6.03485777550751279e-01 0
-5.37233816366277983e-01 7.51500473198282126e+00 0
1.85743764754833807e+00 6.97402433152246193e-03 0
1.70869310712083694e-01 1.07201739198721802e+00 0
-4.04415621158887573e-01 1.26498285729351689e+00 0
1.43053927303160200e+00 9.46643723348792099e-01 0
3.21971174490779788e+00 5.30092380940193841e+00 0
7.49504859168564241e+00 1.13234126153180004e+01 0
-1.30883802683864992e+00 2.60609251488375504e+00 0
-1.32588689892881000e+01 -3.02448646846643499e+00 0
-1.15971006925370705e+01 -7.06423963183349368e+00 0
1.13178171113378689e+00 -1.44117363814297605e+00 0
-7.97712530500766537e+00 2.39160695758284980e+00 0
3.24885536257587981e+00 7.96192139606689242e+00 0
-2.56447610677155202e+00 9.09420855265281824e-01 0
-1.25602033381368106e+00 1.15292916149968292e+01 0
-6.76477405503623785e+00 1.01547487597605404e+01 0
9.54656646076528559e-01 1.21873879058843193e+00 0
1.67891128079135199e+00 2.92089659867297202e+00 0
1.34281204587087508e+01 -1.41621011955890697e+00 0
8.12329494721117928e-01 7.36274558213669050e-01 0
4.64337895624814312e+00 2.15057024770491001e+00 0
-3.84284407179711796e+00 -1.83015861000158409e+00 0
1.22499805016491408e+01 -1.39460635606921390e+00 0
-2.65120221850885995e+00 -2.64639242896281324e-01 0
9.14287115932093108e+00 -6.93921862493994723e+00 0
1.01853328935405791e+01 5.91872695101618795e+00 0
-2.09841883654036199e+00 7.10716473949585481e+00 0
5.82250646905758895e-01 9.29705316200659104e-01 0
-7.73139588316493676e+00 -1.12283980997713204e+01 0
-7.38389499804752436e-02 -1.09518038600447509e+00 0
-3.22248171120033700e+00 8.77226741794641884e-01 0
-1.17791741354725197e+01 6.91111006519731941e+00 0
-2.00034170656073318e+00 -2.55793768929162679e+00 0
3.44811854844690213e+00 -1.28947161065852600e+00 0
-3.45903761027794576e-01 -3.24431257145176222e+00 0
1.65341685858010501e+00 2.44346259069911698e+00 0
-1.90939557198676196e-01 1.61037005492357110e+00 0
9.81132019811925549e-01 4.96785492794490413e-01 0
9.29876044291293224e-01 5.79873119502318790e-01 0
2.64671918990421018e+00 -8.25967397371227818e+00 0
-1.18090069144494993e+01 -2.97466863977110618e+00 0
4.30337619976532704e+00 -7.60873526698131997e+00 0
-6.83254925359604659e+00 5.05469293972080091e+00 0
6.08783549861228224e+00 -2.51509730135450082e+00 0
-2.34384325858581599e+00 -5.67086717671559803e+00 0
-6.27357978686229889e-02 2.51315991154278118e+00 0
8.02690377699931790e-01 -9.79686758786509793e-01 0
1.21468419321974297e+00 4.48152492913503286e-01 0
-3.21383976092250911e+00 5.56680482431702525e-02 0
1.31296849217600009e+00 1.64534815687660796e+00 0
-1.31866033027241292e+00 7.49975688457420353e-01 0
2.82886984051728696e+00 -8.74712148812989199e-01 0
1.58258035271438197e-01 1.16382986893188107e+01 0
-2.08585000739692594e+00 -3.40814663565880682e+00 0
-2.72061838524975189e-02 -2.47842654227409920e+00 0
4.86172122148698538e+00 1.46000182479524288e-01 0
-1.22804968439987796e+01 -6.25662403945913659e-01 0
1.66297799780458999e+00 1.68033868299531791e-01 0
1.09379177572706499e+00 -1.23240735009731706e-01 0
-1.21516378922984392e+00 1.27116121812787797e+00 0
1.05062173005775805e+00 1.38017416123977910e+00 0
1.26798555074857902e+01 5.22216789269878578e+00 0
1.20514755583601607e+00 -5.04657798442931349e-01 0
8.43106458580440155e+00 -7.92376677843279609e+00 0
1.28512183540651703e+00 -2.42112927957503110e-01 0
-5.39709774377890561e+00 1.25736871887917800e+01 0
9.72978324357773872e+00 2.81023139015533285e+00 0
1.76037860038111593e+00 -4.00818901657389981e-01 0
3.87319438300379293e-01 3.07862398443478114e+00 0
4.58807067278829583e-01 -3.63318734259258402e+00 0
9.14203625706913492e+00 7.17812212897097357e+00 0
-5.32710486247645720e-01 -5.09294427253035042e+00 0
-6.65212978998047877e-01 -8.73668660795452912e-01 0
5.12405180454431974e+00 1.72062128980708895e+00 0
-1.24639677661703008e+01 -5.45111320449926762e+00 0
-2.41696465128405613e+00 -7.92822649594641327e+00 0
-4.21563766825443320e+00 8.78344602139979713e+00 0
-1.40739940302115091e-01 1.94811092490465709e+00 0
7.91606468798467300e-01 8.54955966850370785e+00 0
1.00042271324615495e+01 -1.56239866536042205e+00 0
2.80130972656271515e+00 -1.35071786020296400e+01 0
-1.72793250578370999e-01 1.07491989519158304e+00 0
-3.76393518683417483e+00 4.39914767519226135e+00 0
-5.23389289401170910e+00 5.03040918631676259e+00 0
3.34416989961003308e+00 1.11364710980030104e+01 0
2.16914011479771807e+00 -2.15992583774712221e+00 0
4.56971916586746474e+00 3.40096979857813686e+00 0
1.30488696999026494e+01 -3.88187258994718087e+00 0
-1.35660542829776691e+01 1.81839165612920906e+00 0
-1.45917026467818101e+00 2.15546259201652912e+00 0
3.37378087368963409e-01 -1.22715165282761198e+01 0
1.26153150474371891e+01 -5.46974276707845242e+00 0
-9.52219900149350629e+00 9.95279597410088002e+00 0
-9.71288965288921169e+00 6.19815553498694172e+00 0
-9.27008693329538364e-02 4.39580148410292093e+00 0
1.85366236781739691e-01 1.36742886267304193e+01 0
-9.24021036379679117e+00 1.07090800711889300e+00 0
2.31296547310862222e+00 1.14265947970107096e+01 0
1.33684068208647897e+01 2.81897952595233692e+00 0
5.18183619862007117e+00 6.33521374578189134e-01 0
-1.01226970449442599e+00 -1.51891663626989204e+00 0
-1.03429842590371002e+00 3.67247635474934719e-01 0
-1.48626443768846905e+00 1.15833805234277198e+00 0
1.91451028116059896e+00 4.44319311541670481e-01 0
1.07225554894079291e+01 8.51021026784301959e+00 0
3.31087944971473591e-01 3.60777024745760810e+00 0
-8.64163830935216870e-01 -1.07450245986856308e+00 0
-1.01044748008607099e+00 -1.08316726061481794e+00 0
2.32939399608301301e+00 1.34953705049042600e+01 0
4.45078619729976699e-01 7.39998851446909178e+00 0
-1.31346703909459706e+00 6.73288775372630766e-02 0
1.35871532411721607e+00 7.02333560803952262e-01 0
1.32486213392209096e+00 2.99891928534908381e+00 0
-1.23673049450542805e+00 -4.23787641287844341e+00 0
5.05123961965989388e+00 -6.25523033287316910e+00 0
4.39718684004460325e+00 -1.29568915017221400e+01 0
-2.86452184169158297e+00 -1.96362167738428495e+00 0
2.03600456740618396e+00 7.05060978316528586e-01 0
-3.26422496434055498e+00 5.50925162925692380e+00 0
6.26921911944571697e-01 -9.01916509496233587e-01 0
6.82128611886363778e+00 -3.49253599491555589e+00 0
1.22166921090527603e+00 9.88159854356299938e+00 0
-7.46720202008851364e-01 -1.74776930974472511e+00 0
1.96337904375200711e-01 -1.27293731239013508e+00 0
2.76808924819204405e+00 -1.20145284328023005e+00 0
4.88382735819702063e+00 1.14408972807002796e+00 0
-5.33575482604080431e+00 -2.98400975248571398e-01 0
-3.47090379239499391e+00 -1.10807442716769007e+01 0
2.86387209363048800e+00 6.07984232240848943e+00 0
2.39629575515624582e+00 -7.62388692856866834e-01 0
-2.90169035070202419e-01 5.40905142468718836e+00 0
-1.02340453883359905e+00 1.55259502621665790e+00 0
9.07829948837376399e+00 1.02686344302927104e+01 0
-1.68027400471392507e+00 -7.90811185503332847e-01 0
-2.79278198199349381e+00 2.12296046112181898e-02 0
-3.92066914326706195e+00 2.20228813750838692e-01 0
1.36838605220482606e-01 1.68380978471482989e+00 0
-7.37475346434965595e-01 1.40695200167973811e+00 0
-1.27294197936173603e+00 -1.88373190902468202e+00 0
-3.72297328487828194e+00 3.51436540332585112e+00 0
-2.53782937656962304e-01 8.86007073200422290e+00 0
-4.85823277714695401e+00 -3.78659339429057784e+00 0
-2.24534085761071500e+00 1.73980049500316802e+00 0
-8.44360188957659119e+00 -8.59665526584503326e+00 0
1.64401395261138994e+00 6.42599002243759210e-01 0
-3.83628144547158278e+00 1.46064222988240600e+00 0
6.38185404538329326e+00 -7.31692739121045599e-01 0
-2.64094233718212390e+00 1.51737867754477507e+00 0
7.01401023092153353e-01 -4.73586686199173901e+00 0
-1.26375816140282504e+00 4.35472686837931544e+00 0
1.01608797307319794e+01 -6.91864243972304038e+00 0
-1.56566962900642492e+00 -2.36439954468715197e+00 0
3.84466117780324401e+00 4.23689241461356492e+00 0
4.13348787073237689e-01 -1.79128346952573692e+00 0
1.60612843204593592e+00 4.27105659500018042e+00 0
-1.12467703819728602e+01 -4.18186863466908942e+00 0
3.46472323325975218e+00 -2.37663019811404114e-01 0
4.10355671260570087e+00 1.30804386448586296e+01 0
-1.57760447444115792e+00 2.67783741465462022e+00 0
6.52844593103897641e-01 -1.12246306205388091e+00 0
1.88831205713422290e+00 3.48242935333952586e+00 0
4.92171981135942005e+00 8.82106193296887220e+00 0
-4.56889825889684165e+00 1.29934790833000102e+00 0
4.30553906490145077e-01 -9.84726036471526101e+00 0
-3.54707988455862422e+00 -2.25835370369813981e+00 0
-1.59512509699179006e+00 -4.03708366693807108e-02 0
6.53088976887037287e+00 7.81336642442822615e+00 0
3.40697567870951179e+00 1.67171370797034102e+00 0
-1.20738400488248110e+00 9.70155931410053074e-01 0
-1.74216274739984689e+00 7.80837213339393266e+00 0
2.56432751477779508e+00 4.22364542196314563e+00 0
-1.59442713404658409e+00 3.72048079949527288e+00 0
-1.27946970649616798e+00 2.33999982214822300e+00 0
1.57387469385262890e+00 -1.10471240877056709e+00 0
-2.88397578265892385e+00 3.57157828015704881e+00 0
-9.10704445916126537e-01 -2.29707371147247796e+00 0
1.05063399092000997e+00 -2.20915332196946812e+00 0
1.49322014545876403e-01 -4.04795630457384004e+00 0
2.40268311688911407e+00 4.77492292417827591e-01 0
1.23516665546792992e+00 -5.75126600946573685e+00 0
1.05811572970839007e+00 2.09027885195802821e+00 0
1.24620541866448398e+00 1.12321168730882093e+00 0
1.64187573334745607e+00 -7.87042756812106870e+00 0
1.13018896563617210e+00 8.53403897975369974e-01 0
4.06404095220340322e-01 1.00646372979239596e+00 0
3.15167956537884786e+00 -3.00523026367669521e+00 0
1.18294123223081797e+01 2.85654188227942285e+00 0
7.00739738520182232e-01 4.45500571302376613e+00 0
5.64302656502102984e+00 2.84256253816151183e+00 0
2.00557792874606600e+00 1.46655797725433490e+00 0
-6.96907365459746675e+00 5.73557573251119668e-01 0
4.10657781504376107e+00 6.29253357655646162e-01 0
-2.79854991421768906e+00 9.91868229216139596e+00 0
8.37116779313459780e+00 8.66963242786797039e+00 0
1.20285290946560397e+00 3.32153425708265804e+00 0
5.25575279327922695e-01 1.76630622210898092e+00 0
-6.02107419684136169e-01 -2.36424811940301582e+00 0
-1.82372212303162695e+00 2.45717193380026222e+00 0
-8.13354670825545512e+00 2.00320488141089603e-01 0
7.36576626655832567e-01 1.47963025752052801e+00 0
6.75076689599992097e+00 9.58325645472272925e+00 0
1.32134056851679493e+00 -4.60146734410162017e-01 0
-8.40073864822489580e-01 1.12140329639295100e+00 0
9.50056356362006693e-01 -3.73546911676404392e+00 0
-9.15663917625065160e-01 4.16379930812449928e+00 0
2.26207743527228500e+00 4.72456985374310801e+00 0
5.70330534590272542e+00 1.25097789792461302e+01 0
3.84384898003339703e+00 -3.92586740217881713e+00 0
1.25636866296662403e-01 -6.29637806573846692e+00 0
-3.58073527979791484e+00 7.23878355255564276e+00 0
1.40232677419121310e+00 -7.70907346349781419e-01 0
-8.96512261729360915e+00 -1.84375399055998002e+00 0
7.20880479642804772e-01 2.51488762893736517e+00 0
1.11185445489383006e+00 -1.80223405069000409e+00 0
1.06087878607844011e+00 -1.17162979929191802e+00 0
-5.69402062670690157e-01 -1.42267580460815801e+00 0
5.35779967491961329e-01 -6.90979101144878616e+00 0
3.62156625375653096e+00 -6.00507268821426354e-01 0
3.17083781428144595e+00 3.48488293151006001e+00 0
-1.11894260124941591e+00 5.67617867505976648e-01 0
6.09489588949963412e-01 2.16254046518588705e+00 0
1.17406997942325408e+00 2.45195366565460482e+00 0
1.11149707210517801e+00 6.89289953392572374e-01 0
-6.04109486722507505e+00 5.70493393553912043e+00 0
8.90528420127257903e+00 5.62270769226424605e-01 0
-9.05637267400887680e+00 -1.03484386632174399e+01 0
5.73829471746219522e+00 -1.09146205622124501e+01 0
1.85221222154259690e+00 -1.60914363703630192e+00 0
-3.34398866895704394e+00 -5.58348474171489606e+00 0
-2.16822812388548014e+00 -1.95209679376727796e+00 0
1.04955762257602796e+01 -9.06857535397766057e+00 0
6.99611562300360368e-01 1.11001538111288101e+00 0
1.62680931438931009e+00 5.57339350616514739e+00 0
-3.92966677138218490e+00 -4.70498479575894013e+00 0
-1.05284068119220500e+01 -7.18215264329571945e-01 0
1.12906119013646600e+00 5.30490597029877331e-01 0
1.40239773573598003e+00 1.33652818379803295e+00 0
-1.55401944909455003e+00 8.48054511865268035e-01 0
-2.67424305570213816e+00 4.87793513606131413e+00 0
-1.60154056809089207e+00 -5.84313310114289775e-01 0
-2.89091316873568216e+00 -1.04271133430552809e+00 0
7.64393671240305328e-01 5.60656429596916706e+00 0
2.72966283464110226e-01 1.57616269787797392e+00 0
-4.57146149634234256e+00 5.80570336388112818e+00 0
-9.44207617786509967e-02 2.77135465342305487e+00 0
-5.12360586067990731e-01 2.14602586794885797e+00 0
-1.11122987878010200e+01 8.32398075790276160e+00 0
1.06945349312463502e+01 4.30228609297842102e+00 0
6.53359380865810557e+00 -1.21963477884173308e+01 0
4.55599024330921587e+00 -3.46907898604004394e+00 0
1.31472411607802697e+00 -1.02207320460918893e+00 0
-9.37614850690695834e-01 1.35996204909889995e+00 0
-1.04520447195564103e+00 -5.49683099604699699e+00 0
2.35949603288184084e+00 1.68437031011834486e-02 0
6.68717731341453536e+00 -2.82311484913887201e+00 0
-4.22885651681956173e-02 -3.00424208705963913e+00 0
9.72513167494703734e-01 -8.07630229981885939e-01 0
6.72484191009685039e-01 3.04043639934522281e+00 0
-6.13123083976027061e+00 8.46260323862590269e+00 0
1.84696218552658609e-01 4.70852857249267309e+00 0
-2.25178213236872793e+00 -4.17140305732820416e+00 0
-6.07877597006845960e+00 -2.08407339972041106e+00 0
3.42357776928104007e+00 -2.48592444308082605e+00 0
4.53642976500640493e+00 -7.79571288265945461e-01 0
2.71640880104749982e+00 1.53131406479824594e+00 0
-2.85999838273768292e+00 4.02578363304124931e+00 0
7.90563437379689704e-01 9.35262879362675492e-01 0
6.84198825478147032e+00 2.96039087349576313e+00 0
4.84669149801985277e+00 -9.13902639665156968e+00 0
-5.28395516395720310e+00 -2.49300140543127879e+00 0
8.33248470830918048e-02 -1.25872481898768007e+00 0
-5.03083800803845183e+00 -1.12240228196275407e+01 0
-7.27070881310658668e-01 1.18048787291922608e+00 0
3.70856359386197099e+00 9.74817725514357192e-01 0
3.31442641481975286e+00 9.71720405919858443e+00 0
-7.39073761631507420e+00 8.93578901440310880e-02 0
1.75458712110118584e-02 1.42362788383783601e+00 0
-4.55458098929332422e+00 -2.68980309588919297e+00 0
3.08352578268113797e-01 2.22790806438944200e+00 0
-1.56669984312435306e+00 5.65736582441741298e-01 0
-2.34200944206206785e+00 3.45980637438746097e+00 0
1.50760249088158305e+00 -5.64778202130687745e-01 0
8.00555140032632551e+00 5.53345079763017900e+00 0
5.09539314546395961e+00 1.09300053360066691e+01 0
-4.67852697203195000e-01 -1.13067118956850710e+00 0
-2.94178881761232303e+00 -3.41145650608779283e+00 0
6.75548868808633074e-01 -2.40328486506701600e+00 0
1.16340368570561203e+01 -2.25939999534325309e-01 0
-1.71052144549637197e+00 -5.24723575175154622e+00 0
-1.77510758556857495e+00 1.10406628597641698e+00 0
7.67595225847102736e+00 3.68512023348687912e+00 0
6.03732185631653273e+00 -3.87790908906685194e+00 0
6.82988480391566899e+00 6.83417970506748795e-01 0
-1.15811310479624896e+00 1.87625790768690592e+00 0
-8.05553575126897181e-01 -1.14207002892483800e+01 0
4.71932147489151443e+00 -1.11235997468093792e+01 0
-2.06882519433301004e+00 1.55331492561567508e+00 0
2.01228876058220507e+00 2.91288417153179013e+00 0
1.66389153682311997e+00 -1.18246040488450603e+01 0
-3.94648767227991293e+00 -1.87622905235582393e-01 0
-2.35540869157522792e+00 2.23003515262150920e+00 0
6.58933865411850728e-01 1.27320999589918205e+00 0
1.38641398791615800e-01 1.24957245824561003e+00 0
-7.42749274439910057e+00 -1.07851238825247608e+00 0
-3.66948322967136598e+00 -9.50433152236768608e-01 0
7.49595260427813859e+00 -5.22722296828359245e-01 0
-7.81168560605880469e+00 1.45756889062953610e+00 0
-8.29755060957904789e+00 8.99269988912042573e-01 0
3.76827152065261783e+00 2.86477364461397510e+00 0
-4.35750344878989360e+00 7.51513298594689960e-01 0
-7.71949767895258709e-01 -7.66619648858649083e-01 0
2.47502788791088291e+00 -6.13994332761213979e+00 0
-3.83257237611838120e+00 2.82882864302903103e+00 0
-1.41566562975011889e+00 -1.14285931017101894e+00 0
-7.29110650806812699e-01 7.94097079264116990e-01 0
2.50000042449618087e+00 -2.51208363121996303e+00 0
-1.26198486739312798e+00 3.17739486857749720e-01 0
-3.97069758120564620e+00 -1.31768904645327698e+01 0
-1.18727938985261305e+00 -3.58609907310622589e-01 0
-9.86518693986414674e-01 -4.42038987265887584e-01 0
-2.59671064612894886e+00 -8.39255990743985492e-01 0
1.88282393445347895e+00 1.12095360412844691e+00 0
2.35790329436486878e+00 -1.59763477184069802e+00 0
3.36245831130277795e+00 -8.94477288384096347e-01 0
4.11601670152563059e+00 2.16618188488700003e+00 0
1.58491760710678498e+00 1.26602541265032809e+00 0
1.01499114051037704e+01 -3.65829810633696795e+00 0
7.67129910332936582e+00 -1.19431119735392111e+00 0
2.41114743685139299e+00 -6.84947168408329521e+00 0
-1.19647521470066009e+00 -9.04861699922412277e-01 0
3.35917676792415021e+00 6.59793431565071842e+00 0
2.03476923695207290e+00 -2.41521430907922691e-01 0
-3.26310633666788386e+00 7.89398356306299309e+00 0
-1.75091870394914007e+00 -4.46268598584713061e+00 0
9.00316089405260378e+00 3.47872162778005611e+00 0
-1.03337897695754699e+00 9.09541541937696318e-01 0
1.02199885389181411e+00 3.57612865853206507e-01 0
-3.11772390463692117e+00 5.67587707312675271e-01 0
2.37528484844507881e+00 9.51454577344559915e+00 0
5.71982496157747367e+00 -4.97926629985646230e+00 0
8.69313979507899126e-01 3.33202996180971178e+00 0
5.88330923803207906e+00 -7.35587942748664858e+00 0
-4.26404806669965541e+00 4.58104633114566440e+00 0
2.19410048486207510e+00 9.21073514677372640e-01 0
-2.32703746075108420e+00 -1.40826426137843108e+00 0
-7.31037869485334002e-01 6.87070946566353857e+00 0
-4.75148898599101077e+00 1.92175510286393902e+00 0
-5.73303104116957662e+00 4.33681726138507706e+00 0
-1.02391535156026295e-01 3.21238481951285282e+00 0
1.48968021237748105e-01 3.23968072107382188e+00 0
-4.42078443635532614e-01 2.82665384497697403e+00 0
-6.34513951851397362e-01 -1.13141211089990090e+00 0
1.86951374155173000e+00 2.31847772165711197e+00 0
-5.17656876029172430e-01 1.22897142323544895e+00 0
1.34222102228507190e+00 8.38041845342169633e-01 0
3.30777866017283206e-01 1.30322317751597794e+00 0
1.03182488647867010e+00 -6.45091564587910282e-01 0
1.95525899673787507e+00 -6.58653303837580140e-01 0
-9.84305866871193813e-01 -3.67389871505199483e+00 0
-6.80046950819512031e+00 -1.02674430316849001e+01 0
3.84662809967828201e+00 1.34377368384669693e+00 0
-8.55225320503805397e-01 9.20187076179299290e-01 0
-9.05948738247893282e+00 8.05399681444968962e+00 0
-6.37705389514927168e-01 -4.53038294599084157e+00 0
2.55156519280921090e+00 -3.06823457076171480e-01 0
-1.67584045387167091e+00 6.66612642533487598e+00 0
-5.85531394337355904e-01 1.67285045897616502e+00 0
-9.57354703503387228e+00 4.18163430380557610e+00 0
1.13578137501988703e+01 1.68139255669226495e+00 0
4.22193162485397400e-01 1.02613866141932508e+01 0
-2.15007618549223389e+00 3.89976208420400594e+00 0
7.30845293865558165e+00 -3.99874543198013388e+00 0
-4.48053768802655483e+00 7.26313178533940462e+00 0
-2.79359353473174599e+00 -4.55051601118839422e+00 0
-3.43952721131443734e-02 1.21150167504207595e+00 0
-1.75188869296786609e+00 -1.15796924854877492e+00 0
5.41080152287195304e+00 -1.21813083053049898e+00 0
-6.00871248923753498e+00 2.49668978835106792e+00 0
-1.13330945585909704e+00 5.07052939247721035e+00 0
-6.44503597801125228e+00 1.58227072652464096e+00 0
4.00113598891965161e+00 -2.71223433988087903e+00 0
2.55584012376222081e-01 2.83434446790676597e+00 0
-9.21271976489843780e+00 -7.78919475997719690e+00 0
-1.08439188406853093e+00 3.07508247784701716e+00 0
3.88571525111558991e+00 5.44603493841439512e+00 0
2.99468097379483300e+00 -6.28960033938552820e-01 0
5.69463153221823060e+00 1.70276183383773594e+00 0
-1.79469381272818396e+00 1.95135789818243599e+00 0
2.47551926630665298e+00 2.99103953122327715e+00 0
5.65075685586296039e+00 -3.34826724015412303e-01 0
1.23087718314680195e+00 1.91709969495571009e-01 0
9.81112485349675434e-01 1.71277789932344793e+00 0
-5.25426491836799792e-01 9.46416063560403864e-01 0
-1.59791312664050600e+00 -1.91255220805749904e+00 0
2.56721636597271496e+00 2.03597052888187813e+00 0
7.96216191407864038e-01 -2.96983618331411714e+00 0
1.99639808145655495e+00 -3.92997499551209595e+00 0
2.46468410212849598e+00 -4.13714435198234565e+00 0
1.51238861119716006e+00 -7.26606595826446988e-02 0
-5.88904548746227974e+00 6.31522492928578427e-01 0
-2.93720965551193292e+00 1.44597581432986999e+00 0
-2.81337674018137385e+00 -6.96179809755848744e+00 0
1.49448994980221195e+00 -1.49766665491843209e+00 0
-5.25643950044734609e+00 -7.76569505494097312e-01 0
-3.52045860924979204e+00 -9.21027336745751413e+00 0
-2.89508249451753308e+00 2.07277520735985021e+00 0
-6.42443971962752047e-01 3.03295216755822405e+00 0
-1.93922737149881796e+00 -4.30314281937972276e-01 0
-1.05633217090859794e+01 -6.56796013447213767e+00 0
2.21130006672803603e+00 -4.27965715918794509e-01 0
1.42576819634641794e+00 -2.79611482704496517e+00 0
9.03487275718387828e-01 9.31799807942043756e-01 0
-4.94211804009558386e-01 4.50961877171705883e+00 0
3.52034370329617285e+00 -1.66257212602590809e+00 0
-7.65096084743395521e-01 1.61739816437721706e+00 0
-1.06175988020255492e+01 -8.84006796708505860e+00 0
-4.73797831138421444e+00 9.51458462782112413e+00 0
1.21456707923390306e-01 -1.07795809740179305e+00 0
-2.64378309228062003e+00 -2.65125171777104418e+00 0
4.98555925310010917e+00 -3.98971331879499802e+00 0
-4.92791109264604399e-01 -9.67157008062250134e-01 0
2.69679273373282402e-01 -1.48173832598392896e+00 0
2.11101184932175778e+00 -1.29842938938633101e+00 0
1.05868249538712504e+01 -5.71119742881049230e+00 0
-6.23968346388582340e-01 -2.96135022605326714e+00 0
-7.10430110198101517e+00 -5.62041034360491132e-01 0
-3.65032932073233907e+00 8.12846467409803486e-01 0
-6.07605435682045680e+00 -1.24217196986790697e+01 0
1.38401767225333892e+01 -2.27948196514399293e-01 0
-3.17551321668526310e+00 1.82874689153315706e+00 0
7.14160090464131603e+00 -1.65950522238693199e+00 0
7.20246511269739909e+00 -2.29961574341964203e+00 0
6.04505523160748304e+00 2.42959169821864096e+00 0
-4.93815729274725002e-01 -1.87875275864765290e+00 0
-1.21827091410689703e+00 -1.63958841937880995e+00 0
-1.62552724859226605e+00 2.49477485120371795e-01 0
1.98735691498287803e+00 -2.84088130045573983e+00 0
-3.29393716777388601e+00 -4.25466138943692140e+00 0
9.76781213178428920e-01 -1.46278108998346101e+00 0
-9.83892102055243356e-01 1.11885082233463296e+00 0
6.98705558065371823e-01 -1.38202133379731307e+00 0
6.59438754658016801e+00 -6.94500944195176384e+00 0
-1.54795273349272211e+00 -2.92258088106849778e-01 0
-1.10148543762406304e+00 -1.38084968620004407e+01 0
4.90270551231055174e-01 1.12330108677087792e+00 0
8.92297300318093534e+00 -8.38414150567182714e-01 0
8.92028624901637368e-01 -1.16079700514337292e+00 0
-3.45771658152997396e+00 2.43949116182204107e-01 0
-9.37663549773245508e-01 -8.03599293655889557e-01 0
-6.36078137836716895e+00 -5.17849655897622663e-01 0
9.71307604220418774e+00 5.84244808347372468e-01 0
7.24855768752410157e+00 -9.80803939244941780e+00 0
-9.14497546694284735e-01 -6.06911248251047208e+00 0
1.14901844358055705e+01 7.69399673759448088e+00 0
-1.42213780733166706e-01 -1.25792638030557491e+00 0
-7.54287879832684727e+00 -2.26876683367835597e+00 0
-2.77819490560756099e+00 -5.15127494270979103e+00 0
-1.97096882693139897e+00 4.58452091591535105e+00 0
-2.07205917782632287e+00 8.46810717288454362e-01 0
-1.66007052963048990e-01 -1.07249074720003890e+00 0
3.86241794925778104e+00 -1.97387068527179199e+00 0
-6.80231626005471757e+00 6.69859979479852807e+00 0
2.55261846046257812e+00 -3.13967799942630199e+00 0
3.03046446115492296e+00 2.07274884773432122e+00 0
1.04706625280724297e+00 -2.84141135560189606e-01 0
-1.35771219934195209e+01 -1.99815230647821496e+00 0
1.39170577700636300e+00 5.65633154051870091e-01 0
-8.93161527904638097e-01 5.98172636472702024e-01 0
1.44224395293612595e+00 3.56667894663298490e+00 0
-1.13974790381301405e+00 1.13377970188596100e+00 0
-2.28593829141367194e-01 1.20840519686012104e+00 0
7.55698830077338979e+00 -7.86471448865333667e+00 0
1.76561098171505804e+00 8.24015267149164288e+00 0
4.58355042177424121e-01 -1.48651992369296493e+00 0
-5.32834613081169195e+00 6.49185137981990401e+00 0
7.89510104622588127e+00 -1.15071314362421795e+01 0
1.00107336080758103e+01 4.92832130582281014e+00 0
2.62029198791336393e+00 -4.99869947686272020e+00 0
-5.80467142377581569e-01 -3.58161199197764812e+00 0
-1.01643468421332006e+01 2.49019785064499510e+00 0
2.01288658379840291e+00 -2.38068243753804909e+00 0
5.41278523273008516e-01 -1.25541393312679395e+00 0
-2.30821579252220993e-01 3.69966233945718503e+00 0
-5.50277736177427723e+00 1.68662265064770400e+00 0
6.07741408156730678e+00 -8.49882140861483393e+00 0
1.18316899364550494e+01 -2.41869838183148289e+00 0
7.43935137762637977e-01 -7.90812684329126880e-01 0
3.04398830073253679e+00 3.06484086212591800e+00 0
1.66882277418662994e+00 -4.72023626113087058e+00 0
-2.66919150009890593e+00 -1.42791465613960611e+00 0
2.56873109955696721e+00 -1.78876927013937803e+00 0
4.84671391844110011e-01 1.48304160615334291e+00 0
4.16850556357979141e+00 -4.52249738324524397e+00 0
4.25863583186254724e-01 -9.98629781587707099e-01 0
1.55584735789144402e+00 1.03923547740584807e-01 0
-2.56257145573332012e-01 -1.23548974067895290e+00 0
7.85545327652716008e+00 -2.53182117000333617e+00 0
1.58358524038350890e+00 3.45011643989769412e-01 0
-9.98919467578987863e-01 -2.94639033519409299e+00 0
9.51097996178465266e+00 -4.64916677571260717e+00 0
-4.06302014826499125e+00 -1.11632233667017999e+00 0
-5.06131090747032553e-01 2.57060056356997002e+00 0
4.47378887477180687e+00 2.97269041160700009e+00 0
-2.63985443088147809e-01 1.04577801528539305e+00 0
1.78331096276730894e+00 7.55186002100032105e+00 0
-2.97225976589122709e+00 2.40848003982883219e+00 0
-2.16252915465930906e+00 5.76008937178504965e+00 0
1.13424328308292011e+00 2.80143862285956491e+00 0
1.45440493146558092e+00 -2.20331359839636098e+00 0
-5.87023342908394685e+00 1.05906351545861295e+01 0
1.14375046234365807e+00 -8.44423728035578081e-01 0
-5.52719079368503396e-01 1.43464227428233393e+00 0
4.10811913600205025e-01 1.87221914016546997e+00 0
-5.17356686544508104e+00 1.06915748702788704e+00 0
1.27683447731190003e+00 1.98540223378137992e+00 0
-4.22859845043373372e+00 2.66042463011998898e+00 0
-1.29645053603773791e-01 -2.05993412327728409e+00 0
-7.91493560704307653e-01 1.91051093407249994e+00 0
-2.19347848047351102e+00 -6.33042770692950629e+00 0
9.24486565770559743e+00 2.13332179552517598e+00 0
3.45230634223930499e+00 -3.26398876566694796e+00 0
4.21086730597086767e+00 -1.69331811074733107e-01 0
5.75604801587165404e+00 3.54731243430741294e+00 0
3.17146189559170510e+00 -8.98019474470209289e+00 0
-9.83521641073101804e-01 4.46538955421243000e-01 0
2.90589286147036774e-01 -1.04568925357895592e+00 0
-2.99920807157014080e+00 3.09285640321786381e+00 0
1.25040868346533807e+00 1.47510215795601707e+00 0
-4.01540393959146602e+00 2.02803250850703698e+00 0
1.34134774388001610e+00 3.10358635524689119e-01 0
-2.09758365986051709e+00 -1.12576543807586904e+00 0
-1.13581862335294703e+00 -1.21713968687380403e+00 0
-6.51250020892104331e+00 2.19224343367872621e+00 0
7.96611418276873184e+00 -3.19026836240973610e+00 0
-2.32681662345798879e+00 1.24666840370114596e+00 0
-6.57811354168630458e-01 5.04115826957848334e+00 0
-7.99523711526081993e+00 3.88254244356669709e+00 0
1.46717303423155099e+00 -1.81288062748514700e+00 0
6.97388936118080416e+00 -8.64801979149127398e+00 0
9.23308332679859900e-01 7.86151909527838311e-01 0
4.41043001224747400e+00 -8.46248783324231368e+00 0
8.59730226419630705e-01 -6.55135534366288352e-01 0
-6.54569549251048044e-01 3.86612708331366317e+00 0
-1.95271013058536808e-01 -1.74649504389254706e+00 0
-1.14916994995401489e+00 4.53618278419875176e-01 0
1.23223975373740990e+00 7.18618566253361291e+00 0
-8.30027230500830449e+00 4.96302622276074690e+00 0
-7.08115506239418124e+00 4.09675111205453213e+00 0
-8.26725763926094981e-01 6.93381501388256494e-01 0
-3.70919713299019893e+00 -2.72867537043997199e+00 0
-1.59479510452442214e-01 -1.49063723583769692e+00 0
-9.53996923432896793e+00 -2.00535100137177208e-01 0
1.00356281082595000e+00 6.83484177783724833e-01 0
-7.56007098745160189e+00 5.36931404491530984e+00 0
1.13538381748292805e+00 -3.09466329334300627e-01 0
6.15810937469549402e-01 1.05541922661142196e+00 0
-3.67556390670674804e-01 1.17223825393964809e+00 0
-3.51357833263046082e+00 2.39698292801058610e+00 0
1.28269087751257893e+00 6.53781989985265177e+00 0
3.26693511405864312e+00 -4.12621052568636770e+00 0
-1.30770660562729502e+00 5.77778239404857397e-01 0
4.43562139837703706e-01 2.57430296912068313e+00 0
8.00793112152194020e+00 2.41891553531764192e+00 0
2.02099648157696987e-01 -2.36858605958000412e+00 0
2.13272762452818210e+00 2.41895294138629291e+00 0
-1.35776989525573111e+00 -8.66749273848141399e+00 0
-5.63198066103422335e+00 -3.29358734884498094e+00 0
-1.88315250134069889e+00 5.35518736230306103e-01 0
1.95670867633499301e+00 -1.05025090263136400e+00 0
-2.79157839530092611e+00 1.34919234264531394e+01 0
9.71556624721290563e-01 -8.29155336795096254e+00 0
-2.49069197951715011e-02 2.09812740806639386e+00 0
5.64196776387433108e+00 5.49009882058064225e-01 0
4.28350247053029598e-01 -2.91413417556507781e+00 0
-2.38956623720317918e+00 1.13975490690251000e+01 0
1.05544811211910705e+00 2.14396720506713212e-01 0
-1.17697049922314401e+00 2.51519544912776227e-01 0
-3.34785811684476320e+00 -1.31808155981702901e+00 0
-6.42047865607366486e+00 -9.20821614662194321e+00 0
2.31290201840650411e-01 -7.49775441388024078e+00 0
-1.58174448038822302e+00 1.42905466239073897e+00 0
7.26400558201908075e-01 3.62188388941253603e+00 0
8.44084774458625375e+00 -2.11122556147820184e+00 0
-1.20269103447865309e+01 4.79924963044913999e-01 0
2.03771848863360111e-01 -2.02385806438775084e+00 0
4.02941680799747015e-01 -2.53881945445837109e+00 0
4.85296915860956624e+00 4.95157062311063001e+00 0
4.68204346377079172e+00 -5.31941383210567942e+00 0
-2.12462773824446582e+00 8.45105021440343407e+00 0
6.39507286598595570e+00 3.66306095692246014e+00 0
-6.74707836071569123e+00 -2.64276322357365689e+00 0
-8.92705845568176670e-01 2.63216433467451694e+00 0
2.28632332260701299e+00 1.30106560354142609e+00 0
-2.29025814244019221e+00 5.53047466466268012e-01 0
4.72387788993426305e+00 9.65485843761562812e+00 0
3.58537188338469992e+00 -6.32845127963559673e+00 0
-4.70333459153868905e+00 4.52460792300447001e-01 0
6.75083601780299158e+00 1.72631237118956493e+00 0
8.21274988459593480e+00 3.20246126737090409e+00 0
-8.64858861390790379e-01 2.33512569540543691e+00 0
-9.23244765695559688e-01 -2.03007699307092704e+00 0
-1.62143532512337507e+00 -9.54141441632049236e+00 0
-2.52103158463095189e+00 -1.10141816561510204e+01 0
-1.75400016720034402e+00 -6.49311280221685494e-02 0
-4.39515778144500757e+00 3.59979208728817390e+00 0
-9.48463292922571632e+00 -5.44929385216360807e+00 0
6.77355499704965069e+00 1.21712798272024898e+01 0
1.30172302972082510e+00 3.90262664579441898e+00 0
2.75069825601011175e-01 3.98367165637385812e+00 0
-8.73609676894180787e+00 1.06642533494984892e+01 0
8.48817790871439470e+00 -3.76270199190468432e-02 0
6.00401230560830523e+00 4.71022507885447439e+00 0
1.56350393977900692e+00 4.73833798520992744e+00 0
6.48674705420856501e+00 4.32359000990498377e+00 0
-6.39450866292455888e+00 4.14220933949462689e-01 0
1.36070077357191810e+00 -6.28560622375612343e+00 0
8.36531505342708037e+00 4.84782829121229231e+00 0
-5.21804286822718577e+00 1.14178790972965096e+01 0
-1.34280571353854294e+00 -7.50395853793908718e-01 0
1.84054030694677695e+00 -7.00789991986559535e+00 0
7.43335449288605954e-01 7.84307478621926402e-01 0
-1.19400077603720400e+00 5.82168899804144679e+00 0
1.14803142035516395e+01 3.74108336118116203e+00 0
6.37456630245321065e-01 8.72663998089853177e-01 0
-7.42985669252677838e-01 -7.35664256822305784e+00 0
9.82771360803825544e+00 8.04970096718888506e+00 0
-6.64731497737384935e-01 9.99703497233930705e-01 0
-1.30534865742413714e-01 -8.88701666230477194e+00 0
-8.79515232254548862e-01 -6.39328553005110933e-01 0
2.71690560589562402e+00 9.38862960116779444e-02 0
4.67068109404775988e+00 -1.33419151376345591e+00 0
-3.64024146991108211e+00 -6.35543330952048091e+00 0
3.46979060936209394e-01 1.19712671784509794e+00 0
-1.63662814219628094e+00 7.19943081709248478e-01 0
3.73461304411309891e+00 2.03507161553243199e+00 0
-1.81943512366500992e+00 -2.99021162732789392e-01 0
1.25218906785363004e+00 -2.32474010407087706e+00 0
-2.76918290653721710e+00 9.89051850705167657e-01 0
-2.70688919404710182e+00 5.86270206533011873e-01 0
-1.08140564506333292e+00 -4.82154704007255186e-02 0
-4.30616160846248519e+00 -2.02729590773424206e+00 0
7.27596496718200675e-02 1.07450860528078396e+00 0
1.73055409716558906e+00 1.53623936251864390e+00 0
9.30395439710463279e+00 6.13797531382158024e+00 0
-2.62237638031473597e-01 9.76210157497079578e+00 0
-1.05861385144720699e+00 -1.89940595774140408e-01 0
5.79321147461903063e+00 -5.74518017480712739e+00 0
-4.35570795985106424e-02 1.83058816844686789e+00 0
4.22402589179210164e+00 1.42602594316710096e+00 0
6.76304770174580572e-02 -1.73968177051373196e+00 0
7.20483162064359042e-03 -5.04608471394990499e+00 0
6.59108402096411083e+00 -1.39641939089020495e+00 0
9.18011785597692054e+00 -2.41013856322829279e+00 0
1.23781719488668496e+00 1.38616027464139808e+01 0
-2.08536743201555108e+00 -7.05997923744409173e-01 0
-1.49409025970078591e+00 -1.41070910503072411e-01 0
-1.77568486809626802e+00 -1.48710516736795095e+00 0
-4.16606677965153493e-01 -2.08661441624680188e+00 0
5.51649478691715434e-01 -9.25652196653328208e-01 0
1.24929761667547390e+00 -2.59077079723927994e+00 0
-1.72874550131686000e+00 1.76772046984820808e+00 0
2.48898931399846601e+00 -1.24128739866661704e+01 0
8.34281452828236425e+00 -1.39449328179433407e+00 0
-9.17968912616485611e+00 3.45177615061075604e+00 0
5.90786438607454567e+00 1.08985327649773800e+00 0
-4.74660408700017644e+00 -1.68097331519015003e+00 0
3.86851524231777710e-01 -5.80565162657813882e+00 0
-8.14811133714832492e-01 -9.74000427366774724e-01 0
2.95415177467240397e+00 -1.59900821105235097e-02 0
9.76771527878928403e-01 1.06661958134432400e+00 0
7.78173148222991085e+00 1.20712506456044411e+00 0
1.14043748940344400e+01 -5.13989815530860472e+00 0
-6.68135216561859369e-01 8.45044596008896143e-01 0
2.11522002342660720e+00 -8.81121243271114518e-01 0
-1.24700809991709107e+01 1.41849500731119504e+00 0
1.27140672681338507e+00 -7.31869030413850541e-01 0
-2.75080749549633186e-01 2.43480848219971113e+00 0
1.72851615892308397e+00 5.06928222871942946e-01 0
-8.92943474811783133e+00 8.93514450788766368e+00 0
-1.37242415313656596e+00 2.46054370767488206e-01 0
-1.53304620162880201e+00 1.73668849029486494e+00 0
-9.62695003066901811e-01 7.61106190000540028e-01 0
4.91236278152264561e+00 -3.02303858270779813e+00 0
-1.02131964946478995e+01 5.39534541489287101e+00 0
-3.55514781778818501e+00 3.09862307629126921e+00 0
-1.35608565755789501e+00 1.22905856021899895e+00 0
-7.17331229083566857e+00 1.19423674817634407e+01 0
2.22792797316707203e+00 6.64702659269731733e+00 0
1.21456984645176806e+01 -3.34718472581049209e+00 0
3.09214792490060697e+00 1.77725110107164896e+00 0
-1.30585480604430093e+00 -4.86768693131291175e-01 0
-1.83826313088140103e+00 1.57794575423804306e+00 0
1.39504628865157199e+00 2.41159477766679986e+00 0
1.09517425198312701e-01 6.40313592344974669e+00 0
5.73888448136437557e+00 7.64076004599882896e+00 0
1.81740180345296909e+00 1.94215075824977390e+00 0
-2.13427497421250978e+00 -1.61714671878963201e+00 0
-5.36592079252251608e-01 1.10389368126086707e+00 0
-2.14032331261954978e+00 -2.98660297893743198e+00 0
6.80657585986283120e+00 1.06257199521524299e+01 0
4.87749202404467397e-01 9.57853772954201821e-01 0
-1.08691046731401499e+01 3.52615549966044517e+00 0
3.31862882951681815e-01 1.02462070097041091e+00 0
-5.61439844491362861e-01 3.29107371036490504e+00 0
1.67099221766214101e+00 -1.49720828662028804e+00 0
-1.11881888190684808e+00 7.07784476718699151e-01 0
2.94607770044375306e+00 -5.91295612603050369e+00 0
9.45138617970219030e-01 -5.08921671557912902e-01 0
6.51640653846199580e+00 2.39494347369818394e-01 0
-4.56653339106540113e+00 -4.34811788376777741e+00 0
-9.33076931032976037e-02 1.07174361032537790e+00 0
-3.33827263720817013e+00 1.18907523134987798e+01 0
3.68195764328494102e+00 3.36376791272197684e+00 0
-6.03298376460945640e+00 7.20239430754364296e+00 0
7.35310187532002141e-02 -1.49872466441531094e+00 0
1.13537706524233806e+00 1.00928026638879609e+00 0
2.40614628681024789e-01 1.91180028208698705e+00 0
-1.50564926456071491e+00 9.04304159181062772e+00 0
1.14817035210386109e+00 3.64991151827701310e-01 0
5.65818436288792359e-01 -1.06395580594939210e+00 0
2.01622964507401387e-01 2.39901533278942303e+00 0
5.09599989583245527e+00 8.06368166820860743e+00 0
-3.82141448596839917e+00 3.96289860596680921e+00 0
-1.81604017759531500e+00 2.20123532311435388e-01 0
5.20028364291724632e+00 6.63416352783028440e+00 0
6.76581072863411848e-01 1.76019572482435005e+00 0
-7.29440356845903271e+00 -4.09588116705523841e+00 0
9.73479477523893166e+00 -8.34875909233178448e-01 0
5.56491914918372110e+00 -1.64768853539388993e+00 0
1.23309386762386808e+00 1.18369291753708605e+01 0
1.58432020345318803e+00 -4.25922166227474541e+00 0
-7.98516718814063964e+00 -4.67990967906373090e+00 0
9.44139428076785303e-01 1.96249365854770796e+00 0
-2.27456368450221595e-02 1.54959360153306491e+00 0
3.97592638850423619e+00 -1.21901677168044298e+00 0
4.22664516689185699e-01 -1.15520188661626100e+00 0
-3.70483614511116599e+00 4.47673598872907919e-01 0
3.26905398988460094e+00 4.76337892223364978e+00 0
-1.14732031430106396e+01 -1.05940726500070292e+00 0
-4.55669837514035692e+00 -3.35983842785922882e+00 0
-5.33907540548692872e+00 -9.02006224920502042e+00 0
8.63128630885712766e+00 -3.53172620045521279e+00 0
-5.52993581233133558e+00 -1.22741421849440502e+00 0
-1.42848614114915295e+00 1.04070924409422694e+00 0
7.08034976152040585e-01 -9.63842629624530933e-01 0
-4.01495498299762232e+00 5.04724755226671462e+00 0
7.41447879292720025e+00 5.48951901027604827e-01 0
1.64710446543766897e+00 -5.14013482663067678e-01 0
9.96884131964506182e+00 1.35245306400959908e+00 0
4.41531812295452042e+00 7.12842632289659495e+00 0
6.07911167237126993e+00 -4.51744753899781593e+00 0
4.16577846468175039e+00 5.96583627991938759e+00 0
-4.71294415946161394e-01 1.96786171367518703e+00 0
-1.74257073012107189e-01 2.97074871705016097e+00 0
7.33278230046775459e+00 7.84235295320507930e+00 0
2.54102944738858794e+00 1.74109654235694400e+00 0
9.57572866413657353e-01 1.49689206133570996e+00 0
3.16258880155910793e+00 -1.92773439521233692e+00 0
-3.12735033451284306e+00 -5.19380476069739250e-01 0
6.86809490555169067e+00 -4.57050302473898717e-01 0
-2.59580606746729392e-01 -3.91484442249960596e+00 0
1.35847764255971004e+00 -9.21176297801795485e+00 0
-3.25698632050783887e+00 1.18827721681342702e+00 0
-1.46488459409020799e+00 3.20739806326264398e+00 0
2.94086185968388580e+00 -1.46889221653658408e+00 0
9.02597422806184113e+00 4.46591512278357516e+00 0
-1.03726478739067196e+00 2.89942993788547321e-01 0
-2.17134032791364318e+00 1.99605520654217994e-01 0
6.66746939800852623e+00 6.45472900787469062e+00 0
1.20347410979900502e+01 -7.07584369801276658e+00 0
-2.15467903994222487e+00 2.70188663128605722e+00 0
1.49763223021882297e+00 6.33661394337416084e-01 0
-8.70500264755721176e+00 -4.22193984487454799e+00 0
9.15953637831744238e+00 -1.06064631577323798e+01 0
3.04605541734338114e+00 -2.67492500829464808e+00 0
3.68216971865764409e+00 8.50864325135702337e+00 0
1.58923512928406208e+00 9.05559710918377392e-01 0
-7.24774783685226698e+00 -6.51501795182110133e+00 0
-9.46628088934545864e-01 -5.13821468073157317e-01 0
-1.13329686507694092e+01 -8.05116670000889556e+00 0
-1.74052278512497804e+00 5.20839755603227417e+00 0
4.48375732877016198e+00 1.01865820567091503e+00 0
4.68452739249678174e-01 -1.07122363061431991e+00 0
-1.21450129561766795e+00 7.48265243379786782e-02 0
-7.57390113500409878e+00 2.83487751381219288e+00 0
-1.57518602797010399e+00 1.24158360791261604e+01 0
-8.56998408892647134e+00 -3.34444523011256800e+00 0
-8.73434051610593087e+00 -5.84565765563413109e+00 0
-5.10370904418117632e+00 2.68569206067615784e+00 0
1.45284742067396100e+00 3.57494684688917375e-01 0
-6.40287288629698459e+00 4.52914661117252226e+00 0
-3.32208109416470776e-01 -1.03058216167947791e+00 0
8.07939580253186307e+00 -4.72453976312416568e+00 0
3.05427789874596622e-01 -1.28722308200363300e+00 0
6.81475401812947901e+00 -4.86877046945526892e+00 0
3.89391869480698505e+00 2.79728622009313976e-01 0
1.38363228218771095e+01 -2.39109086327199005e+00 0
-1.19652100652058091e+00 1.04101040103041598e+01 0
-1.07402892259633305e+01 9.35647017350198951e-01 0
2.85493127883936415e+00 7.39995314788356318e+00 0
-7.47359347278463915e+00 1.95723502918868508e+00 0
1.66577950216697690e-01 2.07455119537070409e+00 0
8.69763643905610628e+00 -4.29696230210430663e+00 0
1.73070243075211594e+00 -1.82269066650471001e+00 0
-4.19174653910925288e-01 -1.51262979220326499e+00 0
9.90737064829866343e-01 4.27840185308176191e-01 0
8.57652916609127458e-01 6.53177030964957051e-01 0
8.44027001887752171e+00 1.09898310155241608e+00 0
-8.68158782964061904e-01 2.06437094353637018e+00 0
-7.76121067336055681e-01 9.76826720497353307e-01 0
2.08975728698921781e+00 1.24200757078110993e+01 0
1.99163435799566990e+00 3.85633652269325111e+00 0
3.32289927778679717e-01 -4.43976335880791328e+00 0
-6.80947612220116905e-01 -1.32858223432458700e+00 0
-2.45982723615173882e+00 2.48648496347046111e+00 0
1.17386797739003201e+00 -1.60916355641884490e+00 0
4.47371610891530214e+00 -2.09851201023198586e+00 0
-1.33745223717086592e+00 -3.06060359962503181e+00 0
1.25721443977244607e+00 -1.39107391859614697e+01 0
8.75521546777877013e+00 -8.85384415938444036e+00 0
1.09426284640505700e+00 -4.66134123346847118e-01 0
5.99020537733144209e+00 5.32842251399683509e+00 0
1.00258194451055904e+00 -3.63268682306634116e-01 0
2.03695198670489219e+00 -9.44112521828137830e+00 0
-5.41733123620099022e+00 -7.60716720037353333e+00 0
2.05662161923719911e+00 3.29390089955361287e-01 0
6.69220837271563340e-01 7.94401518860395761e+00 0
-4.16601913710772109e+00 6.17965768883920230e+00 0
-3.27639507772656779e+00 -2.49256219762624409e-01 0
4.88537211161927221e-01 -1.66599128916100092e+00 0
-2.04271589001194104e-01 1.38841089929207295e+00 0
-7.18201966995996033e-01 5.90215639258597502e+00 0
1.32318852562207390e+00 9.02184566949189026e-02 0
5.52218311072860057e+00 4.46759677095443841e+00 0
1.29791613053177901e+00 -1.39946960286434413e-01 0
-1.47898890299844110e+00 3.00231550687303284e-01 0
2.28072642025465289e+00 7.19272552434322598e+00 0
-1.57032827247080697e+00 6.14275302582810756e+00 0
-4.81467435954161260e+00 -7.00160768327869842e+00 0
-4.09878590833439471e+00 6.82751586729861959e+00 0
-7.03957437540143505e-01 1.28812896220976403e+00 0
6.01742688766258293e+00 -2.03167854772379286e+00 0
1.45149535956138709e+00 -1.29829854786173593e+00 0
1.08383905096355204e+00 1.25305002293739398e+00 0
7.69242948318261988e+00 6.48975043562917708e+00 0
2.39041517643254209e-02 -1.13226319773047202e+01 0
-1.07045039546473797e+00 1.36852164724729697e+00 0
4.26324889755205572e+00 -1.46451060192592908e+00 0
1.46837143365465805e+00 2.05905151378498896e+00 0
-4.69883646514406372e+00 4.03730776825678372e+00 0
-2.58110640101463984e+00 2.07887953887134591e+00 0
4.73710932354663594e+00 3.80854803812050990e+00 0
2.50806788880025788e+00 2.41665613788228395e+00 0
-1.01583835324407001e+00 -3.46879211851561120e-01 0
2.39421731080356492e+00 -2.83491306198265702e+00 0
1.47926803021632502e+00 -2.47878583646588907e-01 0
6.47140839495957110e+00 1.06114582646530109e+00 0
-1.39695122954937894e+01 8.22337494629630655e-02 0
-3.07500371145598184e+00 5.08519745261161660e+00 0
-1.01361341333902502e+01 -1.62316457992520591e+00 0
-1.06187064965565003e+00 1.19659963169269204e-01 0
-9.01337257114535717e+00 5.79097722257141001e+00 0
4.22610210484271587e+00 5.02805906656101520e+00 0
1.19149291869863605e+00 -2.44774686091866311e-01 0
-9.19264274160173223e+00 -2.83055344803055720e+00 0
-9.21697781207608924e-01 1.22428007111986692e+00 0
-4.05100586281465169e+00 -1.19028691517954996e+01 0
-1.09763205972987898e+00 -7.16734328064456139e-01 0
-4.76364279406802105e+00 4.64008543312419874e+00 0
9.57813345138948113e-01 -1.76569901521819195e+00 0
1.10884860556990308e+01 2.49032973715858708e+00 0
-6.69099566755654340e+00 -4.49881308142908143e+00 0
-1.81417817898896794e+00 9.85881406298705087e+00 0
4.86136866810835322e+00 -1.93003617224304591e+00 0
4.44319423067270058e+00 -2.53814892473836995e+00 0
2.62750538528651090e+00 -7.64627956943462084e-01 0
-8.37120357982979435e+00 -3.31597801091595090e-01 0
2.20996940400713182e+00 -1.02232917401222991e+01 0
-5.95480524970277258e+00 3.28591559974470604e+00 0
8.03059299522110637e-01 -1.86191584375325592e+00 0
-4.84769514933143331e+00 -5.43374511740592592e+00 0
-1.46324512418051600e+00 -5.81402754606545225e-01 0
9.12417250053103923e-01 -9.66389913530981026e-01 0
-1.50974375281106599e+00 5.50547230745846092e-02 0
-1.34190408129352701e+01 -4.05359007424344142e+00 0
1.21706940982093492e+00 -9.45317317219518047e-03 0
-2.43196934978495305e+00 3.04362908441670399e+00 0
5.73094991836311340e+00 -9.95307322565741259e+00 0
-2.05607144708671186e+00 2.22970730710962606e+00 0
-3.29981050451206681e-01 1.67215267320019501e+00 0
6.97983760549553001e+00 -5.52857585674234642e+00 0
-3.99774350936621881e+00 1.05892208591631096e+01 0
-1.30952157326605101e+00 -3.55021889624580131e-02 0
8.74975267937450729e-01 1.14721206743075399e+00 0
-1.67853878762916708e+00 4.76697198723385618e-01 0
2.79028190667061804e-01 1.26155392103563102e+01 0
1.85810308659325107e+00 1.04854031412559205e+01 0
7.14351319431892762e+00 3.39757385543643586e+00 0
-1.17994707330782092e+01 3.09642665563385799e+00 0
1.24234816662706193e-01 5.86677911733287782e+00 0
9.35216279918189008e-01 -5.34057646960339127e+00 0
2.45042884781950410e-01 1.44936390364829792e+00 0
2.16946900272213217e+00 1.62891677155010006e+00 0
2.06136364855578602e+00 5.45952836970703537e+00 0
-4.99095636937393383e+00 7.77309684849052296e+00 0
-5.66550161141066688e+00 7.80169941738605832e+00 0
-2.51967668604558481e+00 -3.59190159066722492e+00 0
-7.11172662605673267e+00 8.21441929600584331e+00 0
1.38389978440544894e+01 1.87876662912413206e+00 0
-6.33166028783108992e+00 1.24530273714288509e+01 0
3.51833865500500276e-01 -1.00548341974205102e+00 0
-1.10866216971412390e+00 -2.47468031348883688e+00 0
2.58539285859744306e+00 5.10379272220182401e+00 0
-3.66989084208799776e-01 -2.50804269914100386e+00 0
-7.55727216943525981e+00 6.19545839864953862e+00 0
-1.07151055469953294e+00 7.75853506354644917e+00 0
1.71337942650969310e+00 -1.27044209588272505e-01 0
-6.75779668423523905e+00 3.54072068077912983e+00 0
-7.03815361301565101e+00 -1.20509653374495596e+01 0
5.11060683784995806e+00 5.45568624079752329e+00 0
3.42784425457307185e+00 -6.90422144419552186e+00 0
-3.21991209446961202e+00 3.21066022635680626e-01 0
1.18285029188531006e+01 4.59263127675481542e+00 0
2.28451404236047884e+00 -2.38220529771689993e+00 0
7.29673210232100078e-01 2.30398177393314008e+00 0
1.87440945839743200e+00 7.85680618720443591e-01 0
7.52587777014067427e-01 1.33283454386216493e+00 0
4.49878540100627511e+00 2.86335208424767299e-02 0
-4.59621518580193733e+00 2.31399256479464209e-02 0
8.85524761081048517e+00 -6.17260209553032535e+00 0
-6.29943904160185197e-01 1.07870511861770990e+00 0
7.56298147441357149e-01 1.02685969570265190e+00 0
1.32769604527857901e+01 4.51406855400247320e+00 0
4.33671332482128769e+00 -1.20254684496356496e+01 0
2.73836565309101410e+00 -2.33944196229292301e+00 0
-1.25656955079252892e+01 6.21000472569322515e+00 0
-1.21893048329122800e+00 -1.32809009505154590e-01 0
1.57781338062504095e+00 -1.08107445954120092e+01 0
-1.32445051666830493e+00 1.48427796002641799e+00 0
-8.74811818714341216e-01 2.96342484940621720e+00 0
-8.67366213261627217e-01 -8.13523632238343897e-01 0
8.46913057674421665e+00 1.11319140873791493e+01 0
1.00394422689543794e+00 4.90984449808180479e+00 0
-3.67820951703965182e+00 -3.33711440091389311e-01 0
-9.39419162555740317e-01 -1.00112974009703901e+01 0
-2.70042116927892195e+00 -5.29031124202966940e-01 0
-8.65626653616254949e+00 2.35772707628075917e+00 0
1.15747864659439004e+00 2.58552850518655508e-01 0
-8.51974028925708060e-01 -1.38196960948252290e+00 0
-3.39364157166601510e-01 2.20769614456638408e+00 0
-7.06418998725374392e-01 -8.10665187930705855e-01 0
-1.13391024476041995e+01 4.82658743318635697e+00 0
2.25290545049430690e+00 8.76358177140617478e+00 0
-6.52481476610934585e+00 -1.56449699287192390e+00 0
1.79264709150740198e+00 -7.63429871681100880e-01 0
-1.37065760150897393e+01 2.79645652400196498e+00 0
-1.01148559222628496e+01 -3.97365738579492600e+00 0
2.42034731297474304e+00 -4.60254024226295400e+00 0
8.98447978436596406e-01 -2.72162359394916420e+00 0
-7.26589950367870241e+00 -5.65833196741651356e+00 0
-4.33276681052274293e-01 -1.24853049023554208e+00 0
1.12622176383011308e+01 -1.07131049208543905e+00 0
7.05089182349690624e+00 4.57081671650464383e+00 0
-1.66457639892970710e+00 2.08501641589180586e+00 0
-5.53926820083107430e+00 1.35951404554521205e-01 0
3.24264349287378267e-02 5.11751362280655542e+00 0
9.88118985087428570e-01 8.68834795388493064e-01 0
5.57623604007424278e-01 1.26062041059430596e+00 0
3.76819364164569581e+00 -2.31630242273754705e+00 0
1.18125259580560793e+00 -9.50537754506654564e-01 0
-1.91651183277891590e+00 1.20684134553866307e+00 0
2.33354348796866384e+00 -9.74212127109943427e-01 0
-1.05101649817920495e+00 -6.16266800824638028e-01 0
-8.19078791226649172e-01 1.39564809462378605e+01 0
1.65364389234518305e+00 -2.34299594828305091e+00 0
4.29564382252996424e+00 1.83949176447676899e+00 0
2.18518416512202412e-01 -1.17558986390680409e+00 0
-2.92512500230837302e+00 -2.94749273484403895e+00 0
-1.09569330133093090e+00 -4.63797497169890993e-01 0
-2.78219732952358079e-01 3.41534905794916721e+00 0
-1.05371874350490602e+00 1.78427816897440294e+00 0
7.44287607219295211e-01 1.94658248506075204e+00 0
8.96953794374476132e+00 8.08033240790659413e+00 0
-1.05832283108811698e+01 -2.48191641466276192e+00 0
2.11514733903150187e+00 -1.74212948831390602e+00 0
-4.82420741132132314e+00 -9.11088401907457657e-01 0
5.34972149797730889e+00 3.80231432472005615e+00 0
-1.09888564845495806e+00 -1.38896741645729693e+00 0
-5.27415571336354749e-01 8.14741963089616661e+00 0
-1.05819068299871799e+00 -9.58265674592795880e-01 0
-2.50215653888666800e+00 1.92760605237958710e-01 0
6.65003030110739801e-01 -8.36821481460365946e-01 0
2.75607223934561008e+00 -3.28458427911234974e-01 0
2.71242015708992179e+00 3.29250775179101896e-01 0
2.59269847908388085e-01 -1.69178545090501409e+00 0
1.43533897095838792e+00 -4.58810277146583012e-01 0
7.79770298348036839e+00 1.12191800645278002e-02 0
-1.65631238908796896e+00 3.41645928023323808e+00 0
-1.04135270519153593e+01 9.48112050804137851e+00 0
-6.35066190476125758e+00 -6.69252717238194172e+00 0
1.25621716653563209e+00 -1.14854985011668509e+00 0
-1.32202270194446108e+01 4.64329778886251621e+00 0
-2.70021957748523489e+00 2.89142308561638206e+00 0
-4.98027566161024282e-01 1.33117641838439793e+00 0
1.82035554226404894e+00 9.55071122380932613e-01 0
-1.46758547873364797e+00 -7.26206529114222832e+00 0
5.61465103697537327e+00 -3.21092874930835581e+00 0
-4.91913524019656712e-01 -6.51249080043772821e+00 0
1.03718359724252203e+01 9.42796215636088064e+00 0
2.45048569109329284e+00 3.48179677638206719e+00 0
1.55844933122480911e+00 -7.45141267345221525e+00 0
1.06222987426011106e+00 -1.01298446239042694e+00 0
-5.27950198669282056e+00 3.31779212240182186e+00 0
2.95790149822765081e+00 2.56080605512937387e+00 0
4.78050512629813018e-01 2.06255288369210188e+00 0
2.07749563437699702e+00 1.46475431193957312e-01 0
-4.20304590542303558e+00 1.44879692717307593e-02 0
7.21839458740255413e+00 5.25683290211822740e+00 0
2.89526855246490289e+00 9.37329945641680817e-01 0
-1.95527578664571200e+00 3.88139349917517473e-01 0
-1.30891706031313793e+00 -2.43867446478539890e-01 0
5.32029339060682460e+00 -8.37246078016247730e-01 0
-7.98438550986067241e+00 -1.06300550297159191e+00 0
1.57571328175220904e-01 1.16932323616547906e+00 0
-7.45051902310793102e-01 -8.37284925728310192e+00 0
8.45025061650111153e-01 -2.27069755090266190e+00 0
2.50576287062789094e+00 1.33370164669030600e+00 0
1.10401200785502507e+01 6.24192768366372785e+00 0
6.95085783846573046e-01 -1.05220237295588093e+00 0
-1.62994444966880603e+00 2.93960372288187921e+00 0
-9.60732305466062897e+00 7.33206225329440908e+00 0
-2.16565199610936787e+00 -2.05187692577389197e-01 0
-3.56679886618802300e+00 1.44700614261430105e+00 0
-9.95134702277470501e-02 -1.17791052611687208e+00 0
-1.17952569569178802e+01 -5.04574121716153723e+00 0
-1.95359016543458913e-01 2.10461741492054211e+00 0
1.00605949240401795e+01 -1.38554946596800510e-01 0
-5.57114636769844385e+00 -4.50863456519510386e+00 0
-3.04198503806910825e-01 -1.44582929067405308e+00 0
-4.28107987034798665e+00 -5.75910605264943976e-01 0
-6.20639933083196316e-01 2.32126786162345811e+00 0
4.62185982884541713e-01 -1.35238408335509597e+00 0
8.79872802741701210e-01 3.85979461759339904e+00 0
-1.68325628000114702e+00 4.46437192288228157e+00 0
-3.12377296110348279e+00 -1.37013614328591693e+01 0
-4.13444146621890329e+00 -8.28386012764399204e+00 0
5.39157386602949362e+00 -1.29365910258091308e+01 0
8.98785653243347360e-01 -7.81742105579257385e-01 0
-1.25247769208313393e+01 -6.62312879793789566e+00 0
-3.72598338078168112e-01 1.87135684038867911e+00 0
3.95511207515191598e+00 -5.58602143071472312e+00 0
1.35602519115788600e+00 1.02986486952614098e+00 0
-4.61911481634414756e+00 -1.26829011262739200e+00 0
-9.15555334661448583e+00 1.68345228006631209e+00 0
9.19070010870234810e+00 -3.10131040591704910e+00 0
-1.83611080206190591e+00 7.03402365070271096e-01 0
-6.98700957442234483e+00 2.97434532088683579e+00 0
3.04187929606311203e+00 -5.43617500620003025e+00 0
1.87453208558883300e+00 3.23049315209466403e+00 0
-9.44522616347725052e-01 9.37628588718250833e-01 0
1.06288406277809111e+00 1.36825293668467490e-01 0
-5.77349839845812784e+00 -2.29937821505598183e+00 0
1.28340255724611607e+00 -1.86980234137991697e+00 0
5.06727398723710287e+00 2.27300168351419885e+00 0
-1.28311839957563789e+00 8.78147300731728087e-01 0
4.81049435614195620e+00 5.96615254225277614e+00 0
-1.50272173346043392e+00 4.14180403448346723e+00 0
1.99679034535525801e+00 -2.04913960828332486e+00 0
1.12126397386403509e+00 -4.11662848964625461e+00 0
-1.50180215023799191e-01 1.73109434548352303e+00 0
4.52447128673469656e+00 -6.47740402587737929e+00 0
-1.43796893552117999e+00 -3.81249926530742611e+00 0
3.24259761844850214e+00 -2.59634041544879623e-01 0
1.18406756662468893e+00 -7.44278098209534389e-01 0
-5.94841894944294225e+00 1.49478763648571711e+00 0
-1.05306204370809203e-01 -9.61823747283436781e+00 0
-2.11697079969619395e+00 -2.25838302541421410e+00 0
1.48997760158161596e+00 1.69950479531562393e+00 0
2.52837079447325985e+00 -1.03402313732039106e-01 0
-8.46046853710863545e+00 -6.62932290579802785e+00 0
1.15937260720195590e+00 1.70714129730349895e+00 0
-2.54646431391119821e+00 -2.02096112090218183e+00 0
2.95455423880661705e+00 5.69282742087010174e+00 0
3.12100732533029790e+00 -1.32950790466191404e+00 0
2.96848640352733506e+00 -1.03977675330297394e+01 0
-1.43184427484495109e-03 -1.32279807329623700e+00 0
1.95184985389842791e+00 4.64778904324218889e+00 0
-2.36617113304930715e+00 -2.63223104982876599e+00 0
-7.49666107657082126e+00 -7.83487347074108609e+00 0
-2.72257215192584878e+00 -2.28911661746744910e+00 0
-2.87888395774769412e+00 -8.84466964643124598e+00 0
-5.72861274263389730e-01 6.47370507546307206e+00 0
-1.33330391213900690e+00 4.57142888613257581e-01 0
5.60528987293040792e+00 -9.09428119648771727e+00 0
2.60509942080983903e+00 -1.26211207869952591e+00 0
-7.33231250053860362e-01 -9.32202610044440050e-01 0
-1.23757506520490002e+00 -5.64006644206572982e-01 0
-1.13576453028689195e+00 9.10549780196614478e-01 0
1.25435856188925197e+01 -6.10409011581350480e+00 0
-7.13680717900919692e-02 -2.73142097073089385e+00 0
-3.66178329434039218e-01 -1.71529873424352308e+00 0
7.84316691683563549e-01 5.27630197251962940e+00 0
-7.34289447946698193e+00 -1.70700568550866194e+00 0
9.73331603070783036e-01 2.54670021007445602e+00 0
-7.70822938720651596e+00 8.85063922894173238e+00 0
5.72785131686338156e-01 4.19661078318118630e+00 0
-3.05729585214513921e+00 -7.64739548253688373e+00 0
4.57171536144629576e-01 1.37823569579722705e+00 0
6.45081470677589230e+00 -5.96120182606379778e+00 0
-5.21040694868057663e+00 3.85237060025009104e+00 0
-3.53929219292668518e-01 1.34778917137004495e+00 0
-2.89455335898772903e+00 9.32746222842336792e+00 0
8.20284020906158040e-01 -8.18696705833434790e-01 0
-1.04406600411492900e+00 5.57508888328055563e-01 0
1.65571626697532692e+00 -3.21337258498850475e-01 0
1.43180399198731889e+00 1.44071801518104892e-01 0
4.29104811587815860e+00 1.12358177404029007e+01 0
-6.65241012704336310e+00 -8.03426387710840473e+00 0
1.10752676718109111e+00 2.31654970970235397e+00 0
-8.22561357084880029e+00 7.31143712120632205e+00 0
3.41554293798711095e+00 1.05706721453653198e+01 0
5.93769126200954900e-01 -1.98627868428750598e+00 0
1.02821220826384696e+00 9.14297001091476602e+00 0
1.33965961899969410e+00 -1.55605278926127899e+00 0
8.65237943249112407e-01 -1.05691394241237502e+00 0
6.11165449370220770e+00 1.96892273337013490e+00 0
-8.28766260146821665e+00 6.48899279037309640e+00 0
2.15605222721730794e+00 -8.08075588645575671e+00 0
-2.13507308404453511e+00 6.12962953124111753e-01 0
3.94220424051575202e+00 6.52749829157728190e+00 0
-1.95127628541892006e+00 3.00707878799935813e+00 0
6.27282677066271499e-01 -1.49745400685953700e+00 0
-4.91843229634212431e+00 5.42125751077468543e+00 0
5.50791971467194319e+00 -3.82876121319397589e+00 0
2.93378058281431198e+00 1.28391767404188295e+00 0
2.95712943929369798e+00 4.25739439859375590e+00 0
1.28749257813941997e+00 1.81526784736722901e+00 0
3.22399707829778492e+00 -4.57471330159126843e+00 0
-5.03036101807543279e+00 -6.31493624824822763e+00 0
7.87082667569759115e-02 3.75748572544121817e+00 0
-1.92185235608936189e+00 8.31575116258987945e-01 0
-2.33773661571638902e+00 1.07987350751482497e-01 0
1.75085854219260906e+00 -1.27292485823441104e+00 0
-1.01331219188451693e+00 3.39182532356969579e+00 0
-2.84965319769868808e+00 -1.69740787234639701e+00 0
-2.29393800820756688e+00 -6.98966427662510603e-01 0
6.09605916566038264e+00 -1.10347151611248595e+00 0
-7.79737681181206788e-01 3.48866188755764295e+00 0
3.12242798283280099e+00 -1.13089663741571194e+01 0
1.21408594925198199e+00 6.63453479392567269e-01 0
2.21826613366322389e+00 6.44274645057457573e-01 0
-8.16134004198670882e-01 -6.81357343490619272e-01 0
-1.38782544201335201e+00 2.01581429192822004e+00 0
-2.44275488647925787e+00 4.39811308462354222e-01 0
8.86264093490171101e-01 -1.57613601952747007e+00 0
8.73206420015887469e-02 1.80652305030396798e+00 0
-2.75626593995083810e-02 2.35514834940085604e+00 0
-3.51461039339356995e+00 2.10973842121031296e+00 0
1.26929691453903501e+01 9.44544616913689183e-01 0
1.09240799109821900e+01 -4.27684842437953883e+00 0
1.72844951034647210e+00 1.16862881759610393e+00 0
3.07928353717625214e+00 1.36464529120174891e+01 0
-1.82089341271736993e+00 3.80041559862397982e+00 0
2.57337641761308689e-01 -1.38015696625505191e+00 0
-5.01750948272453723e+00 -8.31960353225200322e+00 0
-4.85076360222211633e+00 -9.64560991996456707e+00 0
4.14791375200388757e+00 -1.78285751942828297e+00 0
4.98204570253445223e+00 1.31705643772576995e+01 0
5.60953082127337144e+00 9.15525822798203137e+00 0
-1.16226509602170403e+01 -2.15971196631645812e+00 0
8.59985947215155022e+00 9.62693489119729051e+00 0
-4.70867275494415694e+00 1.32402020336449109e+01 0
9.41237464532720169e-01 6.24652052365614363e+00 0
-1.05560693200512601e+00 -1.18938336407954301e-01 0
7.05783100655801032e+00 2.42685156737116614e+00 0
5.48730302279153773e-02 -5.58513898861812663e+00 0
-2.61448667983456984e+00 4.14214679794633156e+00 0
-1.05444455502397205e+00 2.06403169063203107e+00 0
5.85992727991805840e+00 1.29692280645356289e-01 0
-3.44079120362790780e+00 4.31246919713456389e+00 0
1.06556166315074807e+00 -5.89152261058789387e-02 0
1.06854932263824698e+00 9.34380164040265852e-03 0
-6.30345852467990575e-01 -1.57501839752359896e+00 0
-1.76814649938148594e+00 -3.34614140430646101e+00 0
-6.18794098044690166e+00 -3.38092265303499717e+00 0
-8.98230796032418866e+00 -4.77645985216631208e-01 0
4.92429120945770471e+00 -1.35594480871333189e-01 0
1.05214171748393803e+00 -1.77919916816704993e-01 0
1.91879945340799796e+00 -1.18113901421880807e+00 0
-3.62251532156181888e+00 -3.29058963432910900e+00 0
6.37356635184015641e+00 2.75070504971354080e+00 0
1.79077282005033700e+00 -2.01083315701251486e+00 0
1.06567506026755900e+01 -2.52815329177949222e+00 0
3.97086443376375886e+00 -1.28365474512073998e-02 0
-9.39552945918154059e+00 -4.55386765348560996e+00 0
3.82599529442585107e+00 -7.42960347062090865e+00 0
8.65117133985132680e-01 -1.38908211702866091e+00 0
-8.87177770874440941e-01 7.61664816256559796e-01 0
2.86020526496127303e+00 4.65212234614112374e-01 0
-9.62739972996164872e-01 6.43959282528145271e-01 0
5.60876366676395718e-02 -1.19248239098989495e+00 0
-2.00635547330904718e+00 1.91722767715879594e+00 0
2.43913641230264888e+00 6.03063688002819109e+00 0
1.33189108389125899e+00 1.23834943383168405e+00 0
-7.05639561062210985e-02 7.39721904341556691e+00 0
-5.11290483631730908e-01 1.53508550569064095e+00 0
1.80610971452028091e+00 2.28566596299804803e-01 0
-1.82605132345078602e+00 -8.15294049611088667e+00 0
-3.82633279277278504e+00 1.08062535110519597e+00 0
3.21539133450720005e+00 2.29493389230399814e+00 0
-6.78481440668397440e+00 1.09093331690650297e+00 0
-3.50355344606913688e+00 5.99184888434370944e+00 0
-1.46240402940673708e+00 4.32450710585685627e-01 0
-1.51161953802966798e+00 -2.16507062237382897e+00 0
-7.40470286233681829e+00 9.52149600605093838e+00 0
-1.50082290461571599e+00 -8.78011080662210008e-01 0
4.77688243209753072e+00 -5.88210674466245975e-01 0
1.40201042208422400e+00 -5.14318201839090994e-02 0
1.87242778382689901e+00 -5.16167698725345625e-01 0
5.88294724344509934e+00 6.32943753469689430e+00 0
1.26763141620999704e+01 6.21542276061015730e+00 0
1.06207750169009896e+00 5.09663022752079198e-01 0
-5.67475826960218743e+00 2.31295685363598880e+00 0
1.54222180053850000e+00 1.07026357098276192e+00 0
3.24728134768156806e+00 3.97201953631501103e+00 0
-1.55475983251307004e+00 -6.51579763147688862e+00 0
-2.09297025488400390e+00 1.04327220371425300e+00 0
1.10382640964249408e+01 1.64194305026410491e-02 0
1.62907822801638691e+00 1.90401701315422911e+00 0
2.50732777644580995e+00 -8.88879729209324054e+00 0
-1.40869238930175609e+01 1.02775038215263104e+00 0
-8.64282771127529159e+00 -9.45065448745778980e+00 0
-8.41713840481161824e-01 -1.61717527945213302e+00 0
5.95681182679912546e-01 1.51360863090806497e+00 0
1.92827148324817510e+00 -1.10455970077963705e-01 0
1.09800481782356907e+00 -3.24756595311034513e+00 0
-1.05969299991180694e+01 6.27622130409919077e+00 0
-3.78590262269851485e-01 1.49722123908082305e+00 0
-2.41840505956273910e+00 -9.55002374576325508e+00 0
-5.63939657515849202e+00 5.35740645196599097e+00 0
-4.18452097531435285e+00 1.39953112183045292e+00 0
1.82192222072450694e+00 -9.84992307440545001e-01 0
-6.12006079225582478e-01 -1.03233526856188096e+00 0
-2.71903287992826304e+00 2.56052871512351699e+00 0
-5.48232300847670562e+00 -5.15564969632499182e+00 0
6.49897427532940331e+00 8.82452852413836908e+00 0
-9.92030570316300420e+00 -8.44501563359497354e+00 0
-6.67760575939321299e+00 -5.24919490766070407e+00 0
4.86941740001526657e+00 3.05564080610470290e+00 0
-8.01818847023560366e+00 -3.02068233998822722e+00 0
-2.70301478126049322e+00 8.53414160817115430e+00 0
1.91510255820708308e+00 -3.49824691526644027e-01 0
-2.55814444898021698e+00 6.54854452595582170e+00 0
-1.28562248315315397e+00 -1.22325134769844190e+00 0
-1.16970470004057203e+00 2.25944649450469903e+00 0
-2.19267209427597898e+00 1.39203018876707008e+00 0
8.76272877337927092e+00 2.03486813037452396e+00 0
-1.02502220307966105e+01 -5.64632099401855658e+00 0
7.45906220881114912e+00 -3.56401044236240105e+00 0
1.31686675172675804e+00 -1.27158731036646211e+00 0
-2.04525162438164898e+00 7.98951729775846942e-02 0
-2.04252320129588094e+00 -7.28831470077689336e-02 0
-2.46170334136761992e+00 1.10879010514273402e+00 0
5.54816700902953985e-01 -8.07357162396488981e+00 0
-2.17950018185862282e+00 -3.85335143672638702e+00 0
-6.13741230632504564e+00 -7.35847179017158570e+00 0
-1.74105244806041792e+00 9.74795191253542526e-01 0
-4.42906057473243830e+00 1.02885881716505501e+00 0
7.50496568269256370e-01 -1.20995199710131307e+00 0
-1.30835536697270305e+00 5.44006072902276827e+00 0
1.57677774063681508e+00 2.67690466061787902e+00 0
3.77392461480201380e+00 -4.83681144114806472e+00 0
2.88727226930638903e+00 -7.05630618013573141e+00 0
3.16470382129425998e+00 -8.35204498191203459e-01 0
-8.08790051785218367e+00 -5.40954003071572398e+00 0
-8.22491174877893472e-01 8.58074800966439399e-01 0
-3.93343772331123609e-01 9.86798748700166817e-01 0
-7.74372654389582693e-01 7.39325575213924946e-01 0
2.46652339729547210e+00 9.17559660132886479e-01 0
3.13644381161333019e+00 1.97190990179517994e-01 0
2.18886558103829598e+00 -1.39060632420044996e+01 0
-9.91845906013793588e+00 -3.06915393686263815e+00 0
-3.66808798519616119e-02 1.36402949016095398e+00 0
3.73897361660697580e+00 1.20107062086243808e+01 0
-4.26006978741976794e-01 1.07693389971657894e+00 0
4.46123368123612918e-01 1.16861802257581804e+00 0
1.38471359115509696e+00 4.26440675350388609e+00 0
-5.02820571076456435e+00 6.26243021467138949e-01 0
-4.51735781400734560e+00 8.26263474328886005e+00 0
4.51804781539758160e+00 3.78437975759601808e-01 0
-2.93848681607298001e+00 4.92006395362979021e-01 0
-5.71772107803374130e+00 8.87033391484033196e+00 0
-3.16489891017370306e+00 -2.14206993811339519e+00 0
2.06231902724079497e+00 1.05776151961514797e+00 0
6.19737729333001752e-01 -3.08468929011982107e+00 0
-7.42815267017719982e+00 7.40949792947299724e+00 0
4.45084050115537477e-01 4.59865413283356617e+00 0
5.21113265343403409e+00 -2.38953769922872983e+00 0
-2.37000918920196790e+00 8.74503308634715704e-01 0
3.35734354486094722e+00 1.02408508865179293e+00 0
-1.02155671521181901e+01 -1.30171572338539293e-01 0
-2.35065296863772222e+00 -1.08948230532030799e+00 0
-1.09616960950509892e+01 1.80383900849482903e+00 0
-1.22202775267119201e+00 1.56829536186061902e+00 0
2.05863058661832798e-01 1.03805333631335595e+00 0
6.78567256450688272e-01 8.12792020833092876e-01 0
2.23839672925396110e-01 1.13487820324069610e+00 0
2.56021352735679697e+00 7.26017045429002250e-01 0
1.57636127124961400e+00 -8.46386440066923873e-01 0
3.37209576775054298e+00 1.55764800795085007e-01 0
-1.22940092645159305e+00 4.07270390523176096e-01 0
-2.69712215784152587e+00 7.79362347117779186e-01 0
-6.13072128092050672e+00 -1.01780954286049807e+00 0
-1.14988583694340507e+00 -2.09034134684308287e-01 0
1.00287719708207295e+01 3.44955044525856991e+00 0
3.14092186760923298e+00 8.38558447000814167e-01 0
-1.37564260086761903e+00 1.30297704841499495e-01 0
-3.87432956444395293e-01 -4.29290068331898222e+00 0
1.11101890578051199e+00 -4.87682509461804692e+00 0
-6.11095039353477265e+00 -4.25865196648995870e+00 0
-1.77234784554991309e+00 -1.25394529116015807e+01 0
-1.41892126049625911e+00 -3.52021851862856727e-01 0
3.83220926441476095e+00 -3.07826957737526419e+00 0
4.21240574503056209e+00 -1.01407406673828309e+01 0
2.16728254619637095e+00 2.76038807758960392e+00 0
4.27133049767049311e+00 -4.77309095199791700e-01 0
-3.18287027681618984e+00 6.57017281662417929e+00 0
-7.91737490170723923e-01 8.99931160289090926e+00 0
5.20475123500094305e+00 -4.98144329660796981e+00 0
-9.67138169058199360e+00 -1.02283684312891694e+01 0
3.75954289410922682e+00 7.75546610164552064e+00 0
2.74975228151760920e+00 -7.68817996698279238e+00 0
-5.26543029104553995e+00 -1.05442852415131405e+01 0
1.95181637075384296e+00 5.84022458406597167e-01 0
-8.21437660178696238e-01 1.05663783886079510e+00 0
-8.32118867180032584e-01 1.37116868764447997e+00 0
1.10932432168703010e+00 -6.15937602604783585e-01 0
-1.96932980303269001e+00 3.31493951241616180e+00 0
4.02284480727446214e-01 6.77876537773431043e+00 0
2.27601453845231810e-01 8.58058396175068339e+00 0
1.51733474255503409e+00 2.24942237925417698e+00 0
3.07767817244293196e-01 1.11035173290914297e+01 0
1.16165038948095489e+00 -3.98847782690951280e-01 0
1.41998805532277905e+00 -1.04772278907454908e+00 0
1.09448203011590506e+00 -1.98392984943466599e+00 0
-1.65787756760069094e+00 2.28837086584660909e+00 0
-6.02532291583322888e+00 -5.56127207790071143e+00 0
-7.42322550968556372e-01 1.50557872991202402e+00 0
3.20889356943220116e+00 7.23002100481660559e+00 0
-3.20305173808794619e+00 3.64700348408968988e+00 0
9.19649320893249023e-01 5.26022255670009709e-01 0
-3.07255995334474785e-01 1.23769550067330791e+00 0
-5.92327669114740818e+00 -6.17877741408547188e+00 0
1.12389416307892809e+01 -8.52438999334719405e+00 0
3.82957607289584478e+00 -1.37847457300743308e+01 0
-1.73832485506202095e+00 1.38761584636465796e+00 0
-1.41868558656480004e+00 -1.31982833470868810e+00 0
5.30064585247782372e+00 1.16152367150171703e+01 0
-2.90280755624331421e+00 -5.70497812591085474e+00 0
9.99446453627984965e+00 6.81154587426151714e+00 0
-8.39138141256621850e+00 -1.98585329867175897e+00 0
4.63032797588881273e+00 2.55205396670167195e+00 0
-5.36391893856524082e-01 1.15075233069796106e+01 0
-3.69224109627577901e+00 -4.06909928771985197e+00 0
1.18662518737867000e+01 5.79744236919421319e+00 0
-6.89989665264698981e+00 1.09589785605126107e+01 0
7.56614963897802628e+00 4.08959794212722372e+00 0
-5.62334798902109023e-01 -2.66920438351895495e+00 0
5.22420851899879302e-01 -2.14400537890832421e+00 0
-1.60395636173933198e+00 -4.26012890056453708e-01 0
-2.36774126194109780e+00 1.97910866831919496e+00 0
5.32689517266481527e+00 2.61092389155265403e+00 0
2.24198882219437801e+00 3.54818881533142186e-02 0
4.51951465720453793e+00 -7.13294272581090727e+00 0
3.46909753919381902e+00 2.80790819860539420e+00 0
-2.70763557841567186e-02 -1.06421405960734194e+00 0
-2.07041616027420483e+00 4.21159190394666361e+00 0
2.59606527365196627e-01 -2.19520350639910289e+00 0
3.15520016865605213e-01 -1.11419825837393005e+00 0
3.20656955304075586e+00 1.31018548210027297e+00 0
3.90924321467675506e+00 3.68854257969866195e+00 0
7.96646038513388555e-01 -9.03228818211994189e-01 0
-7.24233667467267139e+00 -3.47017282462480114e+00 0
-3.01252611662902892e+00 8.79380388986013672e-01 0
-2.79668003350543981e-01 2.85556770145766192e+00 0
-1.42885229440789496e+00 7.96391839371676791e-01 0
-4.23323204027036715e-01 1.71134123293539409e+00 0
-4.85449549986197137e+00 2.37503623690138799e+00 0
1.27654695276783503e+00 3.82214670075779306e-01 0
-6.41895767739877066e+00 9.49825327553127430e+00 0
1.37734650315033207e+01 3.67412705876664614e+00 0
3.08100066418359919e+00 4.40443383098569785e-01 0
-6.15480194877788378e-01 1.84539614854340495e+00 0
2.29181062700422178e+00 3.84814118529043681e-01 0
3.06987122142463376e-01 3.42141631372490185e+00 0
1.03113520987533502e+00 2.80258997765748197e-01 0
8.02298196401528152e+00 -5.29730546006057601e+00 0
-1.24235008738357706e+01 4.34103443902363040e+00 0
2.87221668397770413e+00 8.31381703977264053e+00 0
9.89086216473404356e+00 -5.15883062512969026e+00 0
8.44010410687064255e-02 1.37551809239185707e+00 0
-1.30895720261947908e+01 -5.04167713667084705e+00 0
2.76470188061804389e+00 7.39950340808114615e-01 0
1.38174929089418104e+01 -3.36754908527937102e+00 0
5.68292641003116294e+00 -2.55213655806752415e+00 0
-1.23549659085546693e+00 4.72272697768995275e+00 0
1.11671798116089005e+00 7.69108582629519533e-01 0
1.16838285741531700e+00 4.35844930369146469e-02 0
8.56087696516337093e-01 1.26154515762700004e+00 0
7.17844782204687437e+00 -7.22492456242900527e+00 0
-2.67363337791648004e-01 -1.16674892518907591e+00 0
-6.07865681442060213e-01 -8.73059455237182647e-01 0
-1.30275805621476204e+00 1.72873514015571006e+00 0
-1.58426645417338197e+00 -2.73623308411779487e+00 0
-3.31243253369986812e+00 -2.65417982647020700e+00 0
2.10233051004487814e+00 1.88828484065649405e+00 0
-1.23614457783078602e+00 -6.70615255046764780e-01 0
-6.38695588644228085e+00 5.30018933844744744e+00 0
-2.46936211546343198e+00 1.34580275288707596e+00 0
1.40518497952613197e+00 -3.10515597654647690e+00 0
-1.01212781884995703e-01 -2.27007874548011701e+00 0
4.33595410076033416e-01 1.73716407876572410e+00 0
-3.58310303334515590e+00 -1.74027458004170499e+00 0
6.00440008543547243e+00 -5.31617503153319682e-01 0
-1.26810693313574108e+00 1.37679237218187400e+00 0
1.73337675235815092e+00 7.00036295748754783e-02 0
-1.13878216660660603e+00 -1.09407896160721592e+01 0
1.45377836783314196e+00 -6.68079530335928262e-01 0
-1.69082279510374600e+00 3.44747352216058123e-01 0
-8.50736958317662229e+00 -1.12004073054745508e+01 0
1.00985276169157689e+00 -7.07095924267876819e-01 0
1.39729508342320696e+00 -8.69351656025802666e-01 0
-2.08158260119496896e+00 5.44060763159241656e+00 0
-5.11919162816486040e+00 -1.64122302252600805e+00 0
-1.52501001276309300e+00 1.29078787286330710e+00 0
1.63768349120507906e+00 -5.21699693450242474e+00 0
-1.08086910794413504e+00 -1.93805487376404195e+00 0
-1.72529178618754409e+00 -9.41637872074062798e-01 0
1.86628032740060501e+00 -3.24720402712081713e+00 0
2.82139487008782996e+00 -3.07129132285528694e+00 0
-1.68206041602192297e-01 1.23552685736548007e+00 0
9.57160976168442623e+00 -8.79135427221617327e+00 0
-4.76856809061563192e-01 9.56615131469959024e-01 0
2.42422243356986311e-01 1.30259708117663298e+00 0
7.54630323536514602e-01 2.79774716862909001e+00 0
-4.25394156990176775e+00 -1.09841702670194401e+01 0
-4.44720928002383342e+00 3.25156983815242606e+00 0
-2.68338674670984512e+00 1.87590881213316196e+00 0
-4.32600181057149058e+00 -6.90247800678965806e+00 0
-5.05534083472773244e+00 1.85460136590724400e+00 0
4.08496244872892067e+00 2.85764513615706983e+00 0
-1.60365155538725901e+00 1.13734400742189901e+00 0
4.87940900517855969e+00 -7.71883035410253715e+00 0
-4.49455646265850195e+00 -4.90837201058300376e+00 0
9.64328442306731648e-01 -1.04199485573457693e+01 0
-2.49201079651076407e+00 1.63830402749693693e+00 0
1.60646670237883793e+00 -9.97963755264641428e-01 0
-3.25409057093250320e+00 2.50899270279617115e+00 0
1.44388040811205398e+00 -1.69458777697742602e+00 0
3.92439468474513609e+00 -1.13669943054443099e+01 0
2.68372683465483014e-02 -3.30267923653077800e+00 0
1.26267821198138797e+00 -5.76328239301870493e-01 0
1.01910664098240193e+01 -9.82385375024419183e+00 0
8.69735539478860176e-01 -2.10967413065981679e+00 0
-4.81406597355320720e+00 -1.32811373455772692e+01 0
-5.74519315752207493e-01 8.92598950214321230e-01 0
4.81129454545494994e-01 -9.45335213697597543e-01 0
-1.16608946676589609e+00 3.67750906404176803e+00 0
1.63446550256684708e+00 4.71147696098217883e-01 0
-3.91012701954040098e+00 1.74175881902203300e+00 0
1.61016952127951107e+00 1.40496475657103992e+00 0
3.58203254432385609e+00 3.51386264964538397e-01 0
1.69494923305711698e+00 -2.78977165999633803e+00 0
-1.10770431916471901e-01 -1.36309785902632807e+00 0
-7.75979138132999413e+00 1.03114181430891598e+01 0
1.08304266731370599e-01 2.75173154907806294e+00 0
-9.72739485088725098e-01 3.91752934936846620e+00 0
1.83358381700028805e+00 4.14413945457783939e+00 0
2.68440243093582520e+00 -3.63363617733253008e+00 0
-1.49594358357314205e+00 9.50904314227323577e-01 0
-1.37561811378312004e+00 6.62382102137736517e-01 0
-3.39026935814906816e+00 1.73994870469127805e+00 0
2.84761127935340497e+00 -1.72196728915661690e+00 0
-3.77979276323227120e+00 8.39751803985640422e+00 0
-2.97997898543242190e+00 9.06779555940636917e-02 0
7.46279941012223724e-01 -1.58323816374713799e+00 0
1.57158194302156606e+00 6.16560762234925175e+00 0
-5.78362977180205196e+00 -2.84004465797589978e-01 0
-1.12686979647745300e+00 -3.13658456465357505e-01 0
-3.50008028150088912e-01 1.10881397580639995e+00 0
-3.66651809074253321e-01 -1.08600297630938591e+00 0
6.52627258181314129e+00 -1.03025676168932794e+01 0
-9.70186368508544561e+00 -7.25963584376229498e+00 0
-3.06481901053815287e-01 1.57250320658602694e+00 0
-1.18065810311522892e+01 7.72091990041878073e+00 0
1.33354580200452109e+01 -4.81459314109657743e+00 0
4.83478889086122621e+00 1.90650774561736891e+00 0
-3.41585783717448921e+00 -7.46526612306729898e-01 0
1.11087859277553207e+01 -6.85102940071126820e+00 0
-4.94030780836958616e+00 6.12877716935781258e+00 0
-7.32988749539772844e+00 -9.33860725524771240e+00 0
1.07407411635016494e+01 1.36765414285916198e+00 0
-1.94350575987928509e+00 -8.28131916446385952e-01 0
-1.11773107404986005e+00 -5.51416263506680604e-01 0
-1.48422546681489109e+00 1.50448131644524308e+00 0
-7.37384469333505210e-01 -1.11236660686463695e+00 0
1.30098937783602797e+00 -3.29590730239846585e-01 0
3.28921552942858897e+00 6.54788338949660931e-01 0
3.10943616261338196e+00 -3.63023556640909995e+00 0
2.17666668590903400e+00 -1.57308764877445689e-01 0
1.04933882649958807e+01 -8.14480751467183595e+00 0
-1.13150982190691298e+01 -3.52998057849959279e+00 0
1.16497104667349993e+00 1.25660510922815105e-01 0
-1.67628326681738105e+00 -3.51692704024949121e-01 0
-2.80573940751101381e+00 1.27344807137384497e+00 0
-2.10864827005486388e+00 -3.25606407533847619e-01 0
-1.01795747684614692e+01 7.99204497747445242e+00 0
-5.19386280399058542e+00 -4.35223938689338219e+00 0
4.85866838075326335e+00 -5.88989824969575260e+00 0
7.72101454299888967e+00 9.19234105382176914e+00 0
2.14072911495040208e-01 -2.99434838309852580e+00 0
7.92044129564482002e-01 1.10698072264490799e+00 0
2.58567409013676786e+00 1.11035534511014311e+00 0
4.84845090683378110e+00 -2.72808127143001000e+00 0
3.25144175679641112e+00 -2.18069429403776205e+00 0
6.62590816616631662e-02 1.58345606807139205e+00 0
-1.32615213038633106e+00 9.86060961628209887e-01 0
-1.23890689664054698e+00 7.29599911510497967e-01 0
-8.50025898407320124e-01 1.76691074326740605e+00 0
3.79502637862974090e+00 -1.37498209361367296e+00 0
1.38344404315358704e+00 1.47808510200782295e+00 0
4.91597418825449406e+00 1.47904330284336805e+00 0
-6.84461570399547536e+00 -3.32343471167339599e+00 0
-1.99986261528938702e+00 -7.57903358211734623e+00 0
3.42424144544486309e+00 -9.78932078798558436e+00 0
-2.43448612995434699e+00 -8.65604701269821142e-01 0
2.70006463662619600e+00 3.09588506438459188e+00 0
3.03510113532151016e-01 1.15166571407919993e+00 0
2.18139442640672110e+00 3.49926247022110415e+00 0
1.76404427140449599e-01 -1.05128611279978190e+00 0
-9.93238007228693220e+00 2.05373144187286094e+00 0
-2.93073818621072313e+00 7.50450254458026311e+00 0
-2.28864638129121611e-01 1.15130113856098704e+00 0
3.70613255175729384e+00 1.59511250035804797e+00 0
-9.43626190837686729e-01 4.91770618042464525e-01 0
1.03880211002670393e+01 2.65525167233817205e+00 0
1.11349571929996194e+00 6.07931942658270441e-01 0
-1.08448531063671894e+01 -4.95313967034619562e+00 0
5.42518926769585574e-01 -3.42091244243186487e+00 0
4.09619010044051171e-02 1.21569607411053004e+00 0
2.18255007369518506e+00 -5.44586930498581356e+00 0
-2.29935807155603689e-01 3.98015493857596692e+00 0
8.59210407291886114e+00 6.93282383206260899e+00 0
-1.75325463705384510e+00 -5.76086496880445997e-01 0
8.61236277059965261e+00 5.69054688433439360e+00 0
2.13241514950550615e+00 -3.53038303834841294e+00 0
-7.84005032631379439e+00 3.24894961714438280e+00 0
-2.61511430925214183e+00 5.83608376516058414e+00 0
3.43405327574535013e-01 2.39667828686526319e+00 0
2.25240356488733307e+00 1.15837699089638102e+00 0
8.27566567785090612e+00 -9.70759547575405080e+00 0
2.31386722551305812e+00 -1.16615276082072605e+00 0
6.75387136626763446e-02 -1.39778537196860397e+00 0
3.63397222472826886e+00 -3.50636546451980591e+00 0
-1.60784168532041805e+00 -1.15625853887271890e+00 0
6.66485648846158907e-01 1.18553527073105403e+00 0
7.52308076854997676e+00 -6.34760857046232729e+00 0
1.93419252393601404e+00 1.25215205690506304e+00 0
-8.50995044696439829e-01 6.28219436272775211e-01 0
-3.10024856348337696e+00 -1.16745301349703290e+00 0
9.60126631285842080e-01 -8.83102025887516962e-01 0
-4.20082455385802511e+00 -2.82593668678518206e+00 0
1.26739256613441196e+01 2.63155073396727879e+00 0
2.87396403076221096e+00 1.64240858069128892e+00 0
-3.84189156591062897e+00 -5.09780236145905086e+00 0
6.33167284548658837e-02 -1.07014631236459690e+00 0
7.49221370144719234e+00 1.45874365944200890e+00 0
-4.01482777226255738e+00 -1.55939377219991093e+00 0
-2.50802559579696505e+00 -3.77878945770972974e-01 0
-2.72180901345710780e+00 1.55738922852734690e-01 0
8.64702217919085414e-01 -1.29601136192614703e+01 0
1.17312604882405302e-01 -1.93508988757606493e+00 0
-6.92997582476082297e+00 1.94014515069168092e+00 0
1.06689993528497808e+01 -1.32710479103753598e+00 0
3.84982496064242019e+00 7.44566996814501558e-01 0
-1.20247029488080304e+00 5.77376240224567350e-01 0
-2.33253964532043101e+00 -4.16819958638132593e-01 0
-3.62614259920677506e+00 5.36360360488139598e+00 0
-4.54520435371166442e+00 4.35742657341116058e+00 0
-3.09296820566274988e+00 1.63356553847249608e+00 0
1.01182812480811091e+00 -5.50221943430620142e-01 0
3.09029975910464216e+00 2.81223181120711896e+00 0
3.23830298493668789e-01 -1.90041625532033298e+00 0
2.65926079850134611e+00 -1.97580678159672307e+00 0
-4.34006764628235120e-01 -1.42558147229915502e+01 0
8.09747761338269978e-01 -6.88532622278667961e-01 0
1.89433934263133197e+00 1.58743844912489207e+00 0
-9.89755641831158717e-01 1.00983765620867594e+00 0
-1.60406425140753695e+00 1.52678632417662302e-01 0
-4.43504767828682578e+00 -2.32629961154878995e+00 0
-7.50321080853367040e+00 -6.97572279208770940e+00 0
4.28676056136833683e+00 3.48610377757034895e+00 0
4.04688900582557576e-01 5.12496494134889424e+00 0
5.38097903968255409e+00 -6.73108551439546776e+00 0
-4.13232348355962298e+00 3.65255936127301117e+00 0
-3.78327004011168810e+00 -9.96494440946958981e+00 0
1.60089490223728492e+00 2.62052596866728493e-01 0
-1.25896191517262608e+01 -2.68064885106793716e+00 0
8.78304023574299153e-01 -5.99094798118298577e-01 0
-4.31350247933451314e+00 2.01921393803295590e+00 0
4.45367484780079970e+00 4.23348449440657593e+00 0
1.10793981157180399e+00 -1.32597146556740109e+00 0
-9.21454956230251865e-01 1.59108099968421102e+00 0
2.80359446688422498e+00 1.04941659723601899e+00 0
1.76708709268187403e+00 9.61485021979059873e+00 0
9.64950891549474887e-01 2.16400147333464599e+00 0
4.12410752611668663e+00 -3.72779620171147696e+00 0
-2.75724481350592798e+00 4.48107963827095634e+00 0
6.66456001684060695e+00 5.60357912354056342e+00 0
2.17577476606230613e-01 -3.52639240078507799e+00 0
4.00476036280443193e+00 -8.77775269634760669e+00 0
2.11001214228703882e+00 -5.30746519420085217e-01 0
3.93598394638903581e+00 -9.75208942870979367e-01 0
8.75291215394364741e+00 1.49238945776329901e+00 0
1.39422995824354290e+00 5.11299465904432093e+00 0
-2.96232073878367086e-01 -7.61678339857946973e+00 0
4.93831852040448194e+00 4.59286084028445674e-01 0
3.52985138240595697e+00 2.32586762226189681e+00 0
1.28075662097289600e+00 4.98131612754273201e-01 0
9.82350401565101983e+00 -3.11669220421619197e+00 0
-1.17004439771823310e+00 6.72130404528577774e+00 0
-2.61978728387253712e+00 3.48853840496119405e+00 0
4.63686989098776092e-01 1.06035692837841711e+00 0
-3.73047090506128898e+00 9.25456302389087959e+00 0
-1.56596958210294690e+00 8.51309422701290863e+00 0
6.04780461972750860e+00 1.05512645918050296e+01 0
-3.22254765361031426e-01 -1.32502425492607001e+00 0
8.07092919577596213e-01 -5.71301226078288860e+00 0
9.51502713211874962e+00 -1.91127366748971306e+00 0
5.95664788116523125e-01 -1.17899549433645889e+00 0
1.15148024300677498e+00 1.17904987596814093e+00 0
-1.07564233052470093e+00 4.13872082912151773e-01 0
2.88853410495311991e+00 -4.94812463921573009e+00 0
-4.00690909285249663e+00 -5.77515921089364692e+00 0
-2.33697084971057079e+00 -8.31050549137431621e-02 0
2.23260071771608698e-01 -1.06199506092353602e+01 0
-3.43164860265528704e+00 8.42067495328829518e-01 0
2.32807526651355001e+00 -6.43660375158594533e-01 0
-4.85745816184961487e+00 1.15146914050057791e+00 0
1.72048727360639003e-02 1.06272778933560796e+00 0
2.50433983822178019e-01 -4.88062282764290600e+00 0
2.19553793629617200e+00 5.12399767311769327e+00 0
4.32402046481105540e+00 8.65470798005532416e+00 0
1.67394323380395793e+00 -3.31437784084902320e+00 0
4.47421087990303501e-01 2.22095829884247520e+00 0
-1.12622125070606294e+00 2.62287263204308907e+00 0
-9.52147248319757056e-01 -1.16786534777828610e+00 0
-5.07861283579598766e+00 3.10457668961494404e+00 0
-3.33517770478271580e-02 -1.15309419191822093e+00 0
-6.92659268662759731e-01 9.40998060326675434e-01 0
7.43013969375303507e-01 1.65436286534536503e+00 0
3.41415177440270501e+00 5.63889556551994686e-01 0
-8.51467683856234103e+00 1.13130648273880698e+01 0
-1.86568819030585997e+00 -1.70237715196579709e-01 0
-1.18910806636805795e+01 5.75571070493686499e+00 0
5.72321409821394056e+00 -8.01467444249172978e+00 0
-1.17643310405512391e+00 1.04916412551856597e+00 0
-4.10596184281911913e+00 4.06820240486170992e-01 0
1.05401834330607991e+00 -8.24774730702812708e-01 0
2.71178383040226478e+00 3.63484320734596622e+00 0
1.62877908197647292e+00 7.55132090394170397e-01 0
-5.22429919875466364e+00 -3.47821040162937400e+00 0
2.83000502267862419e+00 2.03473408437298797e+00 0
1.11835982218170393e+00 8.36592719859930334e+00 0
9.88939282139465270e+00 1.01367574817323298e+01 0
-2.24877895336095479e+00 2.90890192981296991e+00 0
-2.39154141780067893e-02 -1.51113223415014408e+00 0
-2.89103290917207678e+00 -4.61537169542085679e-01 0
1.24332232578087893e+01 -4.48960124822753315e+00 0
5.54104627432114505e+00 8.40135957714246318e-01 0
3.73191070704872496e+00 -5.31535150587286598e+00 0
-1.36731114428344602e+00 -1.02716148912552807e+00 0
-4.01941906735053234e+00 -7.64803295149274476e+00 0
-3.96469550355996514e-01 -9.79781677954345231e-01 0
-6.62045916448637861e+00 2.56235395457339088e+00 0
1.44274115180366702e+00 -1.98825569198031604e+00 0
-2.22648574209149991e-01 -1.04168562766323203e+00 0
8.31304334793022548e+00 -6.52822768641865459e+00 0
7.22843036599453637e+00 -4.61198662986291641e+00 0
-5.71229626838604432e+00 -1.17310627509166903e+01 0
-5.35602378266226808e-01 -9.28761623411984316e-01 0
-3.10762935390483186e+00 1.32599067759879108e+00 0
1.03317485005051490e+00 -2.35775847379144310e-01 0
-7.27994121870735622e+00 1.12960429400049911e+00 0
-2.01403295321080611e+00 2.56841272844257196e+00 0
-4.40881429166548422e+00 1.23676929626844192e+01 0
-9.46963646507996515e+00 5.29221662833877837e-01 0
4.98174240934223800e+00 8.50662765262519827e-01 0
9.42792085067227115e-01 -1.19075609427028599e+01 0
6.37869231086020871e+00 -3.60119132882909598e+00 0
-3.09575481260697005e+00 -7.42713648063936582e-01 0
1.37737803509237100e+00 -2.44122493757072401e-01 0
-6.97281342920583125e+00 -1.41210596993438497e+00 0
-2.51967639097788298e+00 -2.06182757368824410e-01 0
3.21681289670357407e+00 -3.29515128086041820e+00 0
-1.30690534329784693e+01 -2.34563056881628790e-01 0
-5.40679582846072559e+00 4.58954296980628307e+00 0
-3.30424786157876804e+00 -6.73946934791595442e+00 0
2.72961419254555615e+00 -1.03855983502576010e+00 0
-5.68865295451675834e+00 6.07162755491559203e+00 0
-3.15027229492080396e+00 2.85011902103346992e+00 0
1.21490829971213898e+00 8.75181123201381861e-01 0
-5.68390226096583717e+00 -2.87166946566214198e+00 0
3.46474959321627285e+00 -1.27784859558479198e+01 0
-8.62221984066715574e-01 -9.20983661723475122e-01 0
-1.27823330989787394e+01 -1.16069055034721402e+00 0
-2.36662607059884378e+00 -1.03317753830596395e+01 0
6.62177142864267765e+00 3.31749252968535613e+00 0
-8.75775563007670677e+00 8.28259589534052210e-01 0
4.22353793460893900e+00 -3.10623277785155283e+00 0
-1.28513563620328997e+00 -8.25219719952067221e-01 0
1.28335055913756091e+00 2.52048796107115114e-01 0
1.66819195815901899e+00 -7.79101407407117530e-01 0
-3.69250407652765711e+00 -5.65971997772943491e-01 0
1.15106621506356310e+00 5.58443233513875281e+00 0
-2.21652265828050821e+00 3.67204617569097991e+00 0
6.56765499847622358e+00 7.14863642434653368e+00 0
2.73270498698781417e+00 1.10423030173874395e+01 0
-1.42766206590366695e+00 2.79086161818049305e+00 0
7.36486694201281100e+00 -1.21212133919041491e+01 0
1.38922241733331697e+00 -5.20240646561515807e-01 0
-2.31310442449658704e-01 1.90269619475827589e+00 0
-4.11491521666579629e+00 8.31459249083014162e-01 0
-3.91843611399495995e+00 -3.58988202978011817e+00 0
5.89527584214014500e+00 -2.78649085565398780e+00 0
8.27487633464682348e-01 1.48318707917071690e+00 0
-5.05716469852294637e+00 -1.90252922670591601e-01 0
-6.38312896748314706e-01 1.38995306151547293e+00 0
-1.40377115647560902e+00 -1.28248082161573490e-01 0
4.09469336086770580e-02 4.19743719106861413e+00 0
-8.81941793241316141e+00 2.75280387224174916e+00 0
-1.84730133656996309e-01 1.51871047673036208e+00 0
3.95815630432279519e+00 -5.63414012892093030e-01 0
6.94062775843472979e-01 -1.71289144259459003e+00 0
2.34600874955487004e+00 -3.34173944234583420e+00 0
-2.64389875938461705e+00 -1.06402260612496705e-01 0
6.72916800238639645e-01 1.35969795671255489e+00 0
-1.81764084424341399e+00 1.27705814463722800e+00 0
-3.36100837299488120e+00 1.02803628167247698e+01 0
8.60201837209025477e+00 -7.25969895717728431e+00 0
-5.46394794454398625e+00 8.68302964573782310e-01 0
-4.48781796681867462e+00 -5.80268864641111737e+00 0
2.38318927426229205e-01 1.66070689288841300e+00 0
-1.68061116092780599e-01 -1.28815144577331200e+01 0
4.70401456605216595e+00 -4.29502155597995205e+00 0
2.08702925809184014e+00 -5.98855462961162122e+00 0
-6.37771363192524809e-01 1.25131913901268810e+00 0
8.48163960421298824e-01 -4.45892850862929979e+00 0
3.23408327325247003e+00 -8.03783871781989312e+00 0
-9.26201192205893920e-01 -6.86532359794963631e-01 0
4.96264582274018462e+00 3.57422375101026590e+00 0
-7.68763759208735187e-01 -1.91326794767947295e+00 0
1.50525819897049895e+00 2.84743991840671384e+00 0
-6.54185050956316294e-01 2.63273608151066796e+00 0
-2.02582781174646387e+00 -5.65802362921230317e-01 0
4.58504712326586716e+00 -1.05966925232136999e+00 0
-6.33707663192868242e+00 3.44627174438660688e+00 0
-7.85356007226151576e+00 -9.01260587450217621e+00 0
9.80974836734083144e-01 -4.14280747034907804e-01 0
2.13036492773777919e+00 -1.92798640167501190e+00 0
-8.41207145815257640e+00 -1.45194152080344407e+00 0
-3.05603358668932401e-01 1.01672898482807406e+00 0
1.63694500731357295e+00 -6.32919564358433551e-01 0
-2.61722596227858517e+00 1.06589218686968792e+01 0
3.80026439414155981e-01 1.52056240291733102e+00 0
7.95462893110912272e+00 8.18927356667157014e+00 0
1.20703155532649098e+00 -1.36882854698043110e+00 0
-9.62367478071461502e-01 1.46291980470153105e+00 0
4.84376274154230391e+00 4.53468870461766915e+00 0
9.25510098944656856e-01 7.52480185169475657e+00 0
-1.11678233780969904e+00 -3.27522409672114412e+00 0
-8.91395707041373608e-01 -5.60101045235648853e-01 0
-1.04983428608547902e+00 1.80921747648607995e-01 0
-5.34529118769294609e+00 1.37319908369931998e+00 0
1.28609175316267805e+01 -1.01269459620154700e+00 0
9.69068852041725659e-01 -1.21812967137718009e+00 0
6.55701773766652529e+00 -1.75176278018113613e-01 0
-5.91567611791062564e+00 -1.06157053360020495e+01 0
8.16562237860906093e-01 6.77397462859750776e-01 0
9.91563299702707823e+00 1.85627882248724707e+00 0
-1.06374237253863790e+00 5.43518686726872785e-02 0
-2.15348143773970602e-01 1.03917879642982802e+00 0
4.02273551054866818e+00 4.64932283135203761e+00 0
-1.14695714551420402e+00 -6.27513146480872114e-02 0
-1.58797646967919892e+00 -4.84324887408636240e+00 0
-3.70879885374278917e+00 1.61116262164115204e-01 0
-1.02700954160971603e+00 -2.86576504210875216e-01 0
1.40933431980897494e+00 2.51197770021581890e-01 0
1.09304311219641703e+00 -2.74318954656996494e+00 0
-6.31484961629256514e+00 -1.47924384046456386e-01 0
9.03234188529330595e+00 -5.67853254846439004e+00 0
4.04911539469485859e+00 -6.30067422515001940e+00 0
2.25029850099376816e+00 -8.15062820648897568e-01 0
5.21564319570463120e-01 9.24333699051139712e-01 0
-1.35024636907593099e+00 2.21231395849986301e+00 0
-4.88528615739875871e+00 9.03041877366448631e+00 0
2.34559527577782179e+00 -2.05864460749557088e+00 0
-1.70892890747330295e+00 7.40671039389727337e+00 0
-6.94726624134096138e-01 4.32345977477864896e+00 0
-1.21062616892638600e-01 -1.03784218136889095e+00 0
3.52639956827448309e+00 8.92631305533780228e+00 0
2.37468838818863409e-01 -1.04369233057710309e+00 0
1.12134504907739596e+00 -3.59346806136573482e+00 0
-8.04308599408968483e+00 1.87158444281853997e+00 0
5.27609116235835174e-01 1.57715700323578289e+00 0
1.29487786554404902e+01 -1.87250575971025501e+00 0
-1.29705871713164598e+01 2.80426756449600800e+00 0
-1.91680525591699702e+00 -1.13172152701267303e+00 0
5.16657040311994908e+00 -1.98319827270315097e+00 0
5.23496789203565793e+00 2.98672371974050499e+00 0
-6.60100182161038274e-01 1.63673374413314510e+00 0
3.75221498175753698e+00 -2.61979584416964117e+00 0
-1.03548702931011993e+00 1.66188074500127292e+00 0
2.69099309585624114e-01 1.02246997845287302e+00 0
-9.19833003804712113e-01 5.48001174253374246e-01 0
-3.21728113348159583e+00 -1.56356995986782299e+00 0
-9.85526225918424759e-01 3.98376159717041878e-01 0
-1.17181131295643404e+01 2.22491498206449112e+00 0
-7.78689537150351330e-02 1.12855980638830200e+00 0
1.15207254317452001e+00 2.62771271414818308e+00 0
2.53845913671042300e+00 5.85211348092616532e-02 0
3.33232239961565480e+00 -2.71590615940474800e+00 0
2.87983436808866622e-01 1.36163402358493002e+00 0
-4.26513993183292772e+00 5.52087056507359808e+00 0
1.66517218665351696e+00 -2.14989929545507286e+00 0
-1.02354058594766895e+00 7.22184386582004123e-01 0
7.29474522576761042e-01 9.18569445529413886e-01 0
1.41990888366578307e+01 4.69896784685170321e-01 0
-4.58903795338454401e+00 1.62661274080855600e+00 0
-2.36281285476173686e+00 4.75473056171509256e+00 0
1.15090211653202501e+00 -8.64689939952332370e-02 0
7.67562406337619496e+00 -5.61323759859370597e+00 0
-1.82093755818550007e+00 1.05353318277915498e-01 0
5.58385478554590442e+00 5.57380285983148926e+00 0
1.14066176399402908e+00 -1.72433619429644608e-01 0
-1.21143406512338991e+00 1.43298180546292703e-01 0
1.12138695785909395e+01 8.83650576316698744e-01 0
9.76762457350424551e-01 1.33848941957436196e+00 0
7.75992732486413406e+00 7.11314598330047243e+00 0
2.58304600853120281e+00 -4.71936883686069009e-01 0
-4.60696403205707483e+00 -2.49050724291008913e-01 0
-5.49091733787218095e-01 -1.13375300062794393e+00 0
1.18885016783139896e-01 1.05483246829912503e+00 0
-1.10854716229419594e+01 -2.86650773087847188e+00 0
2.61836961215296693e+00 -1.17234108756798800e+01 0
-4.51852199395318976e+00 -6.72538966859436704e-01 0
-2.93777829056404283e+00 3.31957829709301411e+00 0
5.83883514985230168e+00 -3.51041936295520118e+00 0
-2.01668872533912813e+00 5.46620850886771925e-01 0
-9.11958235037571230e-01 -4.30198197965839135e+00 0
3.91621667810131013e+00 9.76696913168649061e+00 0
4.37531524686035933e+00 2.27089192153948494e+00 0
-1.82548608772618803e+00 -2.38448385631990911e+00 0
-9.98124049753264586e+00 1.08560032190197098e+00 0
1.17200641935335503e+00 -1.16274864977346892e+00 0
-4.18452013398164091e+00 2.25579955461076720e+00 0
-9.54855044766362759e+00 -1.60610923044641507e+00 0
-1.09731622886704594e+00 2.81197155127378584e-01 0
3.53437689379042608e+00 4.11663734267707060e+00 0
7.66359326373252880e-01 -7.34950321974850773e-01 0
-5.13796834225121124e+00 -2.03171676026740489e+00 0
1.31449148177354704e+01 1.70611740478331408e+00 0
-2.57478946222559513e+00 -6.52751846769050115e+00 0
-2.14012910479414797e+00 -5.25123130195349042e+00 0
5.77542163907270290e+00 -1.29223142752703102e+00 0
7.16826351433211828e-01 -3.53336112680065906e+00 0
3.95057219602219778e+00 2.61525305816262899e+00 0
4.67017098564728284e-01 5.64863137522498526e+00 0
5.43578551754342443e-01 -1.53438695390634194e+00 0
8.95180613356085925e-02 -8.51284480512300235e+00 0
-3.61308783017593216e+00 2.61519778091355803e+00 0
2.36505447881354902e+00 4.47542485812707724e+00 0
-1.25618684494770494e+00 -3.09238586843794128e-01 0
4.47940845133698229e+00 1.32587294159493796e+00 0
5.48427367261150600e-01 1.10200820405229294e+00 0
-3.28569795599520198e+00 4.62542336086343120e+00 0
-8.08336400249241116e+00 -1.05888535490825504e+01 0
2.15577776787113207e+00 1.42996277527463400e+00 0
3.01941303692826901e+00 -2.09595816685827607e+00 0
6.52311088553566698e+00 -2.45497497873785608e+00 0
-8.99691571848901006e+00 -7.11084635834746592e+00 0
5.98719496530303874e-01 -1.31453867877767006e+00 0
2.35724004124031916e+00 -3.69401703530548020e-01 0
-4.93268609984318984e-01 -1.31995384058000997e+00 0
1.97015284119105893e+00 -1.52690177353065293e+00 0
2.08707825239766986e+00 8.38670107958756517e-01 0
9.53408722553705901e-01 6.43635122425187056e-01 0
-2.63758871726669319e+00 -1.17242986274353793e+01 0
1.58772462009523913e-01 -1.48024845057375498e+00 0
8.62451784581922398e-01 5.97697116293841813e-01 0
-2.09351750645945112e+00 2.83974318833406014e-01 0
2.37543534860547378e+00 2.55256119794854908e-01 0
-6.63908128917884310e-01 -9.43971585940443836e-01 0
9.65940977933931499e+00 -6.58067722899387864e+00 0
5.82018748649328788e-01 9.98897617838828245e-01 0
-1.56307905010936304e-01 1.84453968400862389e+00 0
1.17168084099748793e+01 2.38317366844701795e+00 0
2.18893750654421915e+00 2.06381516306649893e+00 0
-2.72069297715288894e+00 -1.22554285389785900e+00 0
-4.06744046926647940e+00 -8.91408552665482468e-01 0
4.78814113378073181e+00 -1.64069409194778393e+00 0
7.74129894824060472e-01 8.30276390692638699e-01 0
2.18940360356982699e+00 -2.87666546203464701e+00 0
-2.55755476993054121e-01 -1.21824996170451101e+01 0
9.40823348662731007e+00 -1.44645667717792503e+00 0
-1.70897563253508800e-01 -1.59734498136023295e+00 0
-9.41001624935645431e+00 1.07458478012210001e+01 0
-1.24013519758941602e+01 -3.30839644983509817e+00 0
7.19236147996969666e-01 -1.28713131133707104e+00 0
2.76292727846219410e+00 -4.21386001731944138e+00 0
3.60677968134342697e+00 5.21758855163319879e+00 0
-1.42441317498613507e+00 -1.48786055664085692e+00 0
1.23676362296483711e+00 -7.16817932983409012e-02 0
-9.46104659188661268e-01 -1.03622545988540393e+00 0
-3.25412821366834915e-01 -3.53564749306176695e+00 0
4.36940172578061059e+00 7.47891171457774284e-01 0
9.17598791497141875e+00 2.94505926892983316e+00 0
5.14135351620496173e-01 -1.88442998905958992e+00 0
5.81433493557754200e-01 2.63020775877029012e+00 0
1.55070793527144102e+00 -1.24040366467788998e+00 0
1.67297026951545091e+00 -6.03649687743507712e+00 0
-6.36539536344848944e+00 6.09616124244817659e+00 0
1.97604187836765310e-01 -3.77244893615665111e+00 0
-1.59172031390230106e+00 -7.01238011070151379e-01 0
9.65532093574662853e-01 -6.51749126040454763e-01 0
3.33144688170881809e+00 -1.11435658613144195e+00 0
3.64144404072262295e+00 7.84243445001427730e-01 0
2.94337197689987784e+00 5.10611005675525487e+00 0
2.79461933535832108e+00 -2.59838537029797889e+00 0
2.22393150760538605e+00 -1.39728011967315902e+00 0
4.98465063004879694e-01 1.18708529031348298e+00 0
-2.52332739589988586e+00 -1.27364690615069200e+01 0
-4.47486853907241022e-01 1.22180764180815693e+00 0
1.60791831298642007e+00 -2.59031895092220221e+00 0
2.72877314432856100e+00 2.52000246636518721e+00 0
-1.24033861920902111e+00 3.22025658892592981e+00 0
7.65851548937934279e-01 -9.46626931629001511e+00 0
1.82729855929507989e+00 -2.38550816987217784e+00 0
2.29522605246211597e+00 4.09045210732036502e+00 0
2.51368318568948901e+00 -6.64624551567281618e-01 0
-1.25213957469085990e+00 -4.28880553908032314e-01 0
3.61924028833113098e+00 4.52369729663639486e+00 0
-1.15841919772286097e+01 -6.29038256336172630e+00 0
-5.23087747236673462e+00 2.28910950565021004e-01 0
6.12865410502334562e+00 -1.28382744981033792e+01 0
7.70168489398483508e-02 4.52370757678764868e+00 0
-7.11160278916261213e+00 4.59230634921922576e+00 0
2.22490141526818785e+00 2.99901092545803882e+00 0
-1.11740859478640697e+01 7.29572152245389827e+00 0
9.87920456947790182e-01 -9.73885666788340765e-01 0
1.85971534824039009e+00 3.57409916376246417e-01 0
2.64190758216928279e+00 3.90200877272982405e+00 0
-3.33833282895776096e+00 -3.37675067416010188e+00 0
-1.86070881070638294e+00 -1.40992706388971598e+01 0
4.88445399710932815e+00 -3.68719162507186304e+00 0
9.07337961713091445e+00 -7.64453583182640184e+00 0
-3.56891837635620002e+00 -1.97629750479614197e+00 0
-1.01303666218420592e+01 3.93995301117032604e+00 0
-1.05469101951605704e+00 -2.69176000560776307e+00 0
-1.66411833719552704e+00 8.86953987995950266e-01 0
-4.30041056097697005e+00 1.00327950709628109e+01 0
7.94486663549422101e+00 4.39516283554212883e+00 0
-1.64879513980005799e+00 -1.11406174079430702e+01 0
1.42242823791825792e+01 -1.00955109102352392e+00 0
-2.64546621823700301e+00 1.69366508641108493e+00 0
6.30819681541719923e+00 -1.85016620122802000e+00 0
1.82177019467867995e+00 6.50907445833198839e+00 0
1.31594553683218294e+01 8.14276027922247181e-02 0
-9.08233729341834284e+00 -1.27156341439849396e+00 0
6.31649504600684786e+00 -1.13549460565993297e+01 0
-5.24086160766074993e+00 1.00395486733788104e+01 0
-1.85751633194353594e+00 4.89460619531550112e+00 0
1.05319080332904207e+01 5.37468480884785382e+00 0
9.07955652843999816e-01 -5.47550017036984249e-01 0
-9.55802753549622608e+00 3.05071846282793313e+00 0
-4.89153759568936319e+00 6.91014949867917139e+00 0
-9.89541206287095143e+00 4.71230450094384157e+00 0
1.21371748841284095e+01 -6.96370113495316967e-01 0
2.53017537355156086e-01 -1.58645499345078900e+00 0
4.34946721104009393e-01 9.52718655490313870e-01 0
-1.94696310754321300e+00 2.09077702219485095e+00 0
-3.22011249486018114e+00 3.12202301330566101e+00 0
9.11332893705407932e-01 8.59543380292448922e-01 0
8.27907397781439736e-01 -2.52079170184814316e+00 0
9.78319241150818186e+00 -4.11117328730456144e+00 0
1.04621988381350004e+01 -3.09497876904349090e+00 0
-1.26355930784760595e+00 2.76156779712677114e+00 0
5.33215707540121153e-01 3.57644385789196306e+00 0
-8.65659563803047982e-01 8.21930259768021032e-01 0
-4.89492631761821961e+00 -2.49756223337996008e+00 0
9.77503162394956382e-01 4.40357973656869284e+00 0
1.36914334141153704e+00 -8.68932227779053434e+00 0
-1.27870464560131203e+00 6.82441562058577089e-01 0
-1.46160115016192993e+00 2.54523968851587501e+00 0
1.26944370603047108e+00 2.90903959292570513e-02 0
-1.14093494351960700e+00 1.94259191520235908e-01 0
9.65118670419429669e+00 -7.27752086262675313e+00 0
-5.69461699233240123e-02 1.26833183557390505e+00 0
2.56384031819784619e+00 3.88292675102754781e-01 0
7.23047369993702005e-01 -1.99470612088089605e+00 0
4.83268609715306230e+00 1.02994978163417805e+01 0
-2.87116624253596020e-01 -3.00107731521583609e+00 0
1.83807672012929291e+00 1.24962055870418295e-01 0
1.94425335357237405e+00 8.91410540656344813e-02 0
-6.65321793604104483e-01 -1.23467255991372804e+00 0
-4.21527257065944724e-02 1.05738341472907593e+00 0
1.11285786878938406e+01 6.78315196085081240e+00 0
1.24394087887120697e+00 -1.49591280892398104e+00 0
-1.37841315976774093e+00 -4.37101874414753122e-01 0
-6.36850057523716018e+00 -2.43966391758852907e+00 0
-3.81869076365793303e+00 3.25049980240855696e+00 0
8.91790686891079543e-01 -6.66000310550965224e+00 0
-1.70370968397620004e+00 -1.65905327767101407e+00 0
-1.83324989865613808e+00 -1.31251067554344703e+00 0
-1.41064696324004704e+01 -1.36888542046792105e+00 0
-8.13630322152997643e+00 4.40969869699933970e+00 0
-5.97897607558891941e+00 3.96160230713925410e+00 0
8.76351747080938770e-01 7.45436143709365173e-01 0
-1.12240035153850592e+00 5.04153519971832664e-01 0
-1.03341746920318189e+00 -7.58715218936181102e-01 0
3.39009727317146181e+00 -1.21483716757350407e-02 0
2.11739890170756917e+00 2.22779134156469683e+00 0
9.67689221151577961e-01 7.38732578086385927e-01 0
3.68471941366093514e+00 -1.32364785521747297e-01 0
-5.80104375298555519e-01 -1.76802753462972095e+00 0
-5.18350590790114030e-01 1.03767928845010404e+00 0
4.56391442830555061e+00 7.58371797562656624e+00 0
7.04326454523307333e-01 3.23774917611631396e+00 0
-3.77517293682283883e+00 2.14829792237311601e+00 0
1.43869922185720389e+00 8.45019992533583730e-01 0
3.60063953489096422e-01 -1.46808579069814105e+00 0
1.60231291916807406e+00 -1.04096299142336202e-01 0
-8.68216011423685963e+00 3.68202839538130000e+00 0
1.73502356179985795e+00 7.03972379339537935e-01 0
4.95002422996468461e+00 -1.32224498444981498e+00 0
1.65200837805026191e+00 3.50721010260838506e+00 0
1.16093226873834898e+00 1.41024580361623397e+00 0
6.60143624345075786e-01 2.04410949147929699e+00 0
1.21738547911796999e+01 7.31983252052156175e+00 0
-6.68131439536909233e-01 -5.47423733739047336e+00 0
-1.65677953116183696e+00 2.52556626429840980e+00 0
1.99161036063413710e+00 -4.72285286681577432e+00 0
-3.09007476455080310e+00 7.41640602669982663e-01 0
-1.04037588645074106e-01 1.55202439496678091e+00 0
2.89975233364306817e+00 -1.82857548165332090e-01 0
1.08186405195101099e+00 3.66236327354508173e-01 0
-3.82209539539177312e+00 4.77313644520173597e+00 0
-1.13627404229012496e+00 -4.19191459836495806e-01 0
9.06909987518138339e-01 2.84529450357628289e+00 0
5.50125397111198566e+00 7.03408827484488697e+00 0
7.39278771707750360e-01 4.08357713951385115e+00 0
3.64187078280800991e-01 -1.19352213186337508e+00 0
1.83470025247150503e+00 2.09479494598782390e+00 0
8.86726650687458928e+00 -3.77370321054852520e-01 0
1.33876227629279292e-02 1.16014935653378504e+00 0
5.46133807065275878e+00 -5.98541630498531685e+00 0
1.30416113405324108e+00 4.82821962456515230e+00 0
-1.09689448627713393e+01 8.99872168921321602e+00 0
-4.31356997193984970e+00 2.95858145989845900e+00 0
-5.98755408150205337e+00 9.76434199221861587e-01 0
-3.48088088023196507e+00 1.37594620530367209e+01 0
3.52958175056717094e+00 1.88046263602095509e+00 0
-8.85320831979755063e+00 4.79261916376934494e+00 0
-5.66777648890404340e+00 6.83959744764229161e+00 0
1.02151303413085994e+01 -6.25316322699063232e+00 0
8.75456329615108686e+00 -1.12662983803117704e+01 0
5.59799900143216522e+00 3.21655603081019104e+00 0
-6.17076107905631166e-01 8.59121163395049403e-01 0
-2.80379672289850390e-01 -1.02682008272609093e+00 0
-2.28164706335380796e+00 1.40495927380117696e+01 0
-5.19488631642159748e-01 1.16393269905477204e+00 0
-4.53104052410525338e+00 2.62127417743023683e+00 0
-2.22051199937976396e+00 9.31885828596167753e-01 0
-3.57789779184675805e+00 -4.50134800924979217e+00 0
3.48237841173108320e+00 2.56208101659258780e+00 0
4.37489352988217917e+00 -4.81865214512525686e+00 0
-4.27208799078656498e-01 7.15392297424137258e+00 0
2.01574119176192701e+00 -7.85346853152685598e-01 0
-3.10475630929108792e+00 -3.73474285296813591e+00 0
-1.23563709163657194e+01 3.60807461972306509e+00 0
-7.38144178199572787e-01 -2.22857510644470791e+00 0
-4.11628964488049809e-01 5.73594632715873143e+00 0
-2.18168491375421691e+00 3.34200091128079002e+00 0
-1.39581307593224402e+01 -2.68153947453948982e+00 0
1.91059047713479302e+00 5.78606434497279842e+00 0
1.63644517695100400e+00 2.27234142185923016e+00 0
-5.92560499314173539e-01 9.59605016692935409e-01 0
-9.66230603508155816e-01 1.32529652505936202e+01 0
5.69964479682343761e+00 1.34176819562094307e+00 0
-1.13942415359488591e+00 4.19417044675084139e+00 0
5.21072068896776042e+00 -1.55089455244843494e-01 0
-1.00798608752545893e+00 8.42019337675020352e-01 0
1.48432870926883309e+00 -1.60284521496336291e-01 0
-2.00002412136904795e+00 1.35854285307685707e+00 0
-1.12929463602658799e+01 6.40367112426286500e+00 0
-2.51326205837314420e+00 7.26003797247144611e+00 0
1.20369358636774101e-01 1.10263032982828091e+00 0
1.14154425615306110e+00 -5.48848441373163354e-01 0
-1.05198612186030207e+01 3.00949849532184821e+00 0
-7.77959450486111481e-02 -1.75833009577031008e+00 0
6.34004006809937604e+00 -4.90334904254151294e+00 0
-8.29981527180724932e+00 8.64144137027943771e+00 0
5.49486502661607271e-02 -1.58732577525309804e+00 0
-1.80311907892449907e+00 1.11868504545259206e+01 0
-6.92596126227783437e-01 1.11591068558523099e+00 0
-6.98977246810421082e+00 -1.09751273229249993e+01 0
-2.28307021568522694e+00 2.56939047175651281e+00 0
1.15220902858213603e+00 4.64907691442216886e-01 0
-5.84247886342105982e+00 -1.71871062789089990e+00 0
1.61973642744347401e+00 1.63399236480123911e+00 0
-3.46753797791705187e+00 -1.09524043802218096e+00 0
-1.15911526541134595e+01 -3.90651488844780903e-01 0
-1.10584794292937505e+00 6.41361307958139282e-01 0
2.55177029691532598e+00 6.38307480255549908e+00 0
-7.10286879680925942e+00 5.48280105646398841e+00 0
-3.20444674991687117e+00 1.26035446994484595e+01 0
-1.47893747039848300e+00 5.99537154188573118e-01 0
1.77177401804445495e-01 1.78985052209034690e+00 0
5.11220197494961059e+00 -4.40042849011478676e+00 0
-7.20096464919038226e-01 2.05631301698942703e+00 0
9.69794422113010235e+00 5.51483133597899222e+00 0
5.13898131023327043e-01 2.95806982522989204e+00 0
7.91321305390392471e+00 1.07141830138758607e+01 0
-9.72001432367655349e-01 -3.86287077296897985e-01 0
3.79478261291976482e+00 -7.44114976547906815e-01 0
-7.02159716630788644e+00 2.25918575449073011e-01 0
-1.91473899681022797e+00 2.31466952061794995e+00 0
3.01883078844922714e+00 -1.77998376085472709e+00 0
5.62979711239465885e-01 -9.81242585306257964e-01 0
1.02352331641397001e+01 -2.10848814125303186e+00 0
-1.44033222997279192e-01 2.63140692577848601e+00 0
5.39649451321493601e+00 -7.57247797158137903e+00 0
1.34071510459182108e+00 9.47096966946472496e-01 0
4.78605317244761519e-01 -1.20122708473634998e+00 0
1.31442371182774198e+00 1.39819633701127599e+00 0
2.04866172653696488e+00 -1.15612210976842400e+00 0
1.51284878100242404e+00 2.32504498589129714e-02 0
-9.91845889157867200e-01 4.99230085814307389e-01 0
-1.05622195204080693e+00 -3.80205609672312718e-03 0
-6.29317315411970934e+00 8.91250764614573043e+00 0
7.75906779568370730e+00 -4.30533896038014863e+00 0
5.25387044745844101e+00 -9.58931996089525462e+00 0
8.90966612889001475e-01 -7.08272056408195638e+00 0
-4.03786460606820796e+00 7.25969669818187224e+00 0
1.16809866378222207e+01 -1.82592526446505810e+00 0
9.13034411702904114e-01 4.64958185211199027e+00 0
5.24513468178568942e+00 4.75650498086592144e+00 0
1.66963672885239811e+00 -1.18521896949254302e+00 0
-1.04830283764504504e+01 -9.57053951998226538e+00 0
2.52888248972987917e+00 3.25597556016575895e+00 0
-9.17315442586431828e-01 -5.15481086235017028e+00 0
-1.03058629957735204e+00 -2.31324764620905704e-01 0
-1.37261083533600403e+00 -2.41067828342107981e+00 0
1.74673317908926395e+00 -3.75769841986962305e+00 0
1.57826811802402500e+00 -3.55317089093171079e+00 0
1.49306203212263711e+00 -3.41297031865730627e-01 0
1.04528920885596910e+00 7.04752007926583990e-02 0
1.17032864834761807e+00 3.12510423874364385e+00 0
1.35746742194671710e+00 3.18895732918232211e+00 0
-3.81169920452961097e+00 1.11766767824613602e+01 0
2.89909177238950910e+00 -4.98482256027574011e-01 0
3.93584738514899080e+00 -4.26027548906776410e+00 0
-8.98103130924192961e+00 -2.35098608605414405e+00 0
-2.22833796555385621e+00 6.72423676207291177e+00 0
-2.39641609168816805e+00 -7.32270992680007726e+00 0
1.46507357631822499e+00 4.02455482674048692e+00 0
1.97818336490157098e+00 -1.70148094160814800e+00 0
6.23642284348536258e+00 -2.87258827447463716e+00 0
1.02802691869713403e+00 -1.15830815226058995e-01 0
-9.11994577970551501e-01 1.10188160134681601e+00 0
-1.01991446905174099e+00 4.43127739447206537e+00 0
3.29862339272607086e+00 1.48544851696648195e+00 0
-2.45923643636232292e+00 5.13681398436227443e+00 0
-1.32432840721034406e+00 -1.20868953405071409e+01 0
-1.24859573230259691e+00 -1.89618153310244703e-01 0
1.52633749948666608e+00 3.05358783387259214e+00 0
1.83650976413822198e+00 2.80177922970720283e+00 0
5.99537130314389710e-01 6.53820159778829968e+00 0
-5.12328701481467785e+00 -4.84143129033637598e-01 0
-5.63575489390138884e+00 -1.30762781387835396e+01 0
1.24944885951787010e+00 -4.43644905906141473e-01 0
-1.45608295635278906e+00 5.09722543931861516e+00 0
-5.34656887169698614e-01 -2.17934493474711788e+00 0
8.55887932037694754e-01 -7.11066330709945515e-01 0
4.90886808565953514e-01 -6.50763079286260737e+00 0
2.09976231739134489e+00 -3.54490464635796698e-01 0
-7.51068850049403469e+00 2.39504551842457403e+00 0
-1.99314976443896796e+00 -3.16455311742508094e+00 0
-8.10838446054302686e+00 -2.35058015046968594e+00 0
-2.04834208482673308e+00 -9.30224065813636480e-01 0
-7.08862882725623145e-01 -6.88551184653173642e+00 0
1.24599902549558195e+01 4.11916998529668621e-01 0
7.58661663646428730e-01 7.33155184563608286e-01 0
1.18629762731724604e+01 -7.80125682637377160e+00 0
-1.12004389511873192e+00 1.29365409967384104e+00 0
1.43189647000222009e+00 4.40979480378024813e-01 0
4.50418169336543261e+00 -9.62382118609783710e+00 0
1.05595252271822604e+00 1.03388430424965594e+00 0
-2.88065723062184975e-01 1.38428224317518800e+00 0
9.99461552518530749e-01 1.15365879549153205e+00 0
-2.79895920233462281e+00 -1.66140268017640313e-01 0
-1.08854294074578792e+01 -7.23018084419557194e+00 0
8.81684873356560206e-02 2.59272487780229222e+00 0
-9.14021498295486445e+00 6.37977866630750512e+00 0
1.24435827400000210e+00 -1.85756231791668808e-01 0
1.58863015136809205e+00 -6.65135400726253767e+00 0
2.33533566763106215e+00 -5.76769345946495005e+00 0
-1.59908515388640193e+00 -1.48358999258919999e+00 0
3.51615865022793805e+00 -3.94795490029127105e+00 0
5.13892218509015741e+00 2.61402910948905387e-01 0
-1.82631733502592009e+00 5.92680801183374140e+00 0
7.54304340638261639e+00 1.21128451366230703e+01 0
2.32472684518485018e+00 1.68660988172547799e+00 0
-1.88313636677125595e+00 -5.59846841127755557e+00 0
2.48353246282019580e+00 -1.45449536774610899e+00 0
-8.30352538577206367e-01 -7.86802601278108593e+00 0
-7.87299633460967563e+00 1.17525080509835700e+01 0
5.85616814406459296e-01 8.77377954339276789e-01 0
6.15037174055020763e+00 2.74731220329689774e-01 0
9.49621940324324898e-01 1.61060155465195609e+00 0
-8.92556655483820904e-01 2.78979045156362782e+00 0
-4.29842793097118658e+00 -9.59430584510054452e+00 0
-9.55750586563981486e-01 1.80240800209715490e+00 0
-1.23282025170547205e+00 1.17412557018203190e+00 0
7.15548764498542322e+00 6.40477861754783895e+00 0
-8.65607501258671475e-01 7.26109635510208395e+00 0
3.45223636533713707e+00 -6.81725760449277685e-01 0
2.83114237050236595e+00 -6.84819995504518220e-01 0
1.44737294022570295e+00 -5.46905443004695080e+00 0
-7.32398792995284542e-01 1.00982556452619505e+01 0
9.59319962274992832e-01 -4.58941340676252696e-01 0
-1.88500992258186395e-01 1.31289543300632494e+00 0
-4.40127508133430490e-01 3.75542712200180917e+00 0
-2.16898365385109804e+00 -1.28988490029342606e+00 0
3.41232649056123716e+00 3.38229380035284821e+00 0
1.05265767157832890e+00 -1.51517221306477090e+00 0
-9.68348084582025814e-01 -1.38068828083136297e+00 0
3.75837519187705205e+00 -5.91333236219564373e+00 0
-1.11153765784895198e+00 8.37689730268528221e-01 0
7.48719832419915132e+00 -1.04656130296952306e+01 0
-9.49343781408261145e-01 1.09716564330585893e+01 0
-3.76629221398308289e-01 -4.75751696851439565e+00 0
-5.73228260193704570e-02 2.20884207967713397e+00 0
-7.72074493692321839e-01 -7.01360100856163293e-01 0
-1.02507775195798900e+00 -4.06828719833785712e-01 0
3.46966922707563308e+00 -4.64586787627014497e-01 0
6.00914350109179374e+00 2.74445196861061591e+00 0
-1.39697122311957900e+00 5.12026643475528981e-02 0
-2.20080180125192015e+00 1.59111319213402091e+00 0
-1.13368968540823296e+01 7.06637647649041467e-01 0
1.30371491613522489e-01 -2.55526035273053997e+00 0
-1.30463472780308010e+00 -5.18597516424536309e+00 0
-1.85959505355059096e+00 1.18170959527206900e+01 0
1.29434131016016196e+00 6.47874019003494728e-01 0
-1.19897666753888199e+01 -7.72978136833876306e+00 0
-1.95204747830615011e+00 -1.92564890600841609e+00 0
-4.21944426801319405e+00 9.38966861580154699e+00 0
-6.26502597135883521e-01 2.09871578484064880e+00 0
3.70386913977770593e+00 3.12077648905188720e+00 0
2.00916508143522510e+00 -2.19691855585065099e+00 0
-1.20148300264745300e+00 2.47998773948316797e+00 0
-3.81538622285454698e+00 4.21372819269060558e-03 0
5.09674097294988915e+00 -1.07247574214880892e+01 0
3.81850635774425884e+00 -7.85808759738767026e+00 0
6.91463341569232703e+00 -2.52994279677078682e+00 0
8.78957280072703684e-01 5.95022934643092416e+00 0
1.14685657697157506e+01 8.43618064425580805e+00 0
-8.55887645285897336e-01 2.19540528101540300e+00 0
-2.16936771924459215e+00 7.57734522501846541e+00 0
4.18183592185595088e-01 -3.95165726690007491e+00 0
-1.31164737949148602e+01 5.79734324429121806e+00 0
-1.02881255533719496e+00 2.28497297303434987e-01 0
6.46943102582716101e+00 -3.22985095765414787e+00 0
6.78234832430029133e+00 8.35709486433204773e+00 0
-1.15688420663941405e+00 -9.92470812558374993e-01 0
1.23802638002387511e+00 -2.96599068419405310e-01 0
-3.40961052258169584e-01 -1.24994793873224697e+00 0
-1.27403620807221496e+00 1.97138829015175010e+00 0
-9.83619114897890556e-01 -8.73634171477962185e-01 0
-1.30840123908302103e-01 -1.12138986547354591e+00 0
7.53876906558285675e+00 2.55298767768209700e+00 0
-1.95527851893487892e+00 -1.54945070874880608e+00 0
-1.52815579349923802e+00 1.60958388373088201e+00 0
-2.37473443460793510e+00 7.48738874242229513e-01 0
4.30729506942881102e+00 -8.80646866495909619e-01 0
1.42690506047666310e-01 -1.30434799251768307e+00 0
-1.62485861557914202e+00 3.90829753698660820e+00 0
-1.00607901756703804e+01 -6.15493737280108011e+00 0
-4.35403276831159580e+00 -1.20880987378772309e+00 0
1.97982238264759192e-01 1.57661034593236593e+00 0
-2.24233532265192981e+00 4.24748344583825099e-01 0
-1.85952226903682005e+00 9.12985847069625822e-01 0
3.18809503398565286e-01 2.68536528453957901e+00 0
6.83071470541168124e-01 -9.13620721825111670e-01 0
1.19873954137654692e+01 1.36381118195892492e+00 0
-2.06649510573098505e+00 1.69517492758401800e+00 0
-2.01161267139597300e+00 1.11588156715624898e+00 0
-7.50793726517218563e+00 3.89941791640521096e+00 0
6.89452591133831838e+00 2.04564864774792099e+00 0
-1.79146369036534386e-01 6.53336707460750610e+00 0
-2.50213301388365394e+00 -6.08715788405680591e+00 0
9.26102318424843585e-01 1.00280936735701798e+00 0
-2.11783269107468711e-02 5.58128881944398714e+00 0
-2.04423032930967796e+00 1.28463699101832294e+01 0
2.78931080086196692e+00 1.34608511636405503e+00 0
-3.17660555781263998e+00 -1.29707814236987495e+01 0
-9.73128773932208507e-02 1.22674760469493194e+00 0
-4.41059785548648087e+00 1.09917156349163303e+01 0
2.53748056021368118e+00 2.78099549089934195e+00 0
1.45690160567337801e-01 -1.22482399744197301e+00 0
1.72395234595045710e+00 -2.40490087245690709e-01 0
9.82733391050510274e-01 5.59413504822776186e-01 0
1.26710059800841601e+00 1.30619780225639109e-01 0
-3.45809714632423804e+00 3.51469811347063121e+00 0
1.69846652731124204e+00 -9.94372835111368869e-01 0
1.17829335522565803e+00 5.91253358495564041e-01 0
-3.19493736484318003e+00 -5.24841842171279893e+00 0
3.37165873339196176e-01 1.63582500066758807e+00 0
1.05625063558446097e+00 8.47756922034563210e-01 0
-2.00056939464486994e-01 -2.57102429043354697e+00 0
1.44118197237612100e-01 1.42162281905603693e+00 0
2.90689454587066498e+00 1.29764994622249095e+01 0
1.83767832175670298e+00 5.29978441532718558e-01 0
6.94084018235336586e+00 -9.25507297316093158e+00 0
-1.83853321307313800e+00 -5.09352789530682082e-01 0
-1.00425954011745810e+00 5.91650208551371737e-01 0
2.45735660931058586e+00 6.42389193228222299e-01 0
-1.20905376274390992e+01 -1.27416955395318898e+00 0
3.09665150830208402e+00 -1.56083634140557787e-01 0
6.44512215257320054e-01 9.30095708996767856e-01 0
3.40902401627555696e+00 7.54228714146594381e+00 0
7.95410134593149643e+00 -8.29529584525123198e+00 0
-1.05354005412390506e+00 -2.16245929743481513e+00 0
-8.14081723119043943e+00 -8.00036714398518356e+00 0
2.90212936577383296e+00 -1.06147398136391091e+00 0
-2.53375935191201407e+00 7.64186205124067097e-01 0
-3.79411363605096019e+00 -2.16094094917769386e+00 0
1.15552407893863798e+01 -3.61158828120976905e+00 0
6.10583168903502838e-01 -2.89022412432768006e+00 0
1.66909907530719187e-01 -1.11296553131564901e+00 0
2.17374677076866396e+00 1.00559527848443508e+01 0
2.32017563023331014e-01 2.99777243440268304e+00 0
-1.14502551908915295e+00 -8.19853245723844659e-01 0
-2.90942571094174385e+00 5.62802650459612064e+00 0
-6.52259812902100444e-01 4.09994096829190724e+00 0
3.70728010708088584e-01 -2.72638543749063711e+00 0
6.79155136572107843e+00 1.13289497683990898e+01 0
-4.91906601236291685e+00 1.20304405161966397e+01 0
-6.72910356309047231e+00 -4.54047281847596684e-01 0
3.22207934753716507e-01 1.09127234639900794e+00 0
-6.13248630358685620e+00 1.00454351434361104e+01 0
3.08211788398393605e+00 4.56469150559038361e+00 0
-6.52083549798111495e+00 8.04261694894040602e+00 0
6.50206077085327318e-03 -5.93767681492848798e+00 0
1.35261405379360800e+00 2.44914252772884117e-02 0
-1.38468716322050400e+00 -5.30334938777263787e-01 0
-2.57376223243229507e+00 5.09823586862183542e-01 0
-2.65651654127273007e+00 1.02321833479265800e+00 0
-2.27245278302299303e+00 -3.17750206425138204e+00 0
-4.09022331910947035e+00 -4.14000316486210496e-01 0
1.20117900270624700e+00 5.18924188276735032e-01 0
-1.58508496055699699e+00 -3.59289411924663282e+00 0
3.66097064260120098e+00 -1.85519673131881091e+00 0
-1.45535569136516596e+00 1.92464979060768204e+00 0
-2.98445948439760000e+00 4.81036400433533995e+00 0
4.11182031015353378e+00 -3.63054313747644186e-01 0
7.93173071282764486e+00 1.98226735033674606e+00 0
-7.81514771514191064e+00 -8.64812368662235820e-02 0
-7.70564922559579824e+00 -3.43336302357683820e+00 0
2.29097215278633204e+00 -6.48101220068135486e+00 0
-1.66052291230149307e-01 -1.86055830645819897e+00 0
-2.39791686239365687e+00 3.98841076653466109e+00 0
-4.56677458107301815e-01 1.47617217387067390e+00 0
-1.15676064731246497e+00 6.59326472648072842e-02 0
3.64148808355899201e+00 -3.73572917125579107e-01 0
-1.14501279304499204e+00 -1.78406516269181004e+00 0
2.32109970729419013e+00 2.42125187709884582e+00 0
1.03717916476275107e+00 -1.40702760091190204e+00 0
-3.80085947550835079e-01 3.25338445300593015e+00 0
-3.30426936305443997e+00 6.82554208352888492e-01 0
1.41585398744297102e+01 -1.81285679490045992e+00 0
2.80753945241188596e+00 -2.13682524067449409e+00 0
7.86957768346823738e-01 1.13953639298590605e+01 0
-1.51353295014639211e+00 1.06693874562362101e+00 0
-2.78700810180183778e+00 3.81926472223268387e+00 0
8.26584585834535535e-02 -1.12790246882195500e+00 0
1.80720680299551195e+00 2.48757358186141708e+00 0
-1.06752900390627392e+01 -3.90733925148310801e+00 0
6.93845177524594536e+00 -3.09250573651680316e+00 0
-4.12995824278839074e-01 5.08410814130450195e+00 0
3.33625874190491212e+00 -1.75250890616897603e+00 0
6.77919879507255074e-01 -3.83215676272832084e+00 0
-5.40506915760260132e+00 2.52475282013024893e+00 0
6.92646258090743316e-01 -7.95484382024736258e-01 0
6.18991418721990483e-01 -2.25989018975061207e+00 0
-4.28163909444214619e-01 2.68373636524488113e+00 0
-1.37548051557253093e+01 3.80654844108037782e+00 0
-3.09520065147117185e+00 -7.38433179431453451e-02 0
-1.10549778040775699e+01 4.09164538735712213e+00 0
7.22502089154921867e-01 7.16513147906124459e+00 0
-1.77807388944552192e+00 2.90338298680566398e+00 0
5.12866143272778241e-01 1.32194201512897291e+00 0
5.37152472113808344e+00 1.52430720922233509e+00 0
8.52600621786336532e+00 3.57453392050149610e+00 0
2.22108218281873393e+00 7.92754821159959877e-01 0
1.84490938192360598e+00 1.80784360217696993e+00 0
2.27300987544349109e+00 5.23948507332864577e-01 0
-7.06455317423618467e+00 -2.41211591904073819e+00 0
6.42154942460289124e+00 -6.46852131906861594e+00 0
9.61683654487276107e-01 1.83244327260389905e+00 0
1.17013635834495600e+00 1.08637551535858301e+00 0
-2.64813566734872596e+00 -1.84953063622821290e+00 0
2.88776509409247195e+00 1.15738395030305696e+01 0
-1.66783374988595690e-01 4.17616183169319033e+00 0
6.49738874703862379e-01 -1.41978572873216002e+01 0
2.28050365131875310e+00 -8.24837747036753083e-02 0
8.46126350390471238e+00 -5.49746261912835177e+00 0
-3.17279529332508581e-01 1.06768064054076306e+00 0
-6.86015092619152861e-02 -1.28903605617300299e+00 0
-4.09063725352111440e+00 4.34837947489073873e+00 0
-1.73652061699147198e+00 7.38773564378163661e-01 0
-7.09967909863664559e+00 6.31782304236463599e+00 0
5.96397497339585914e-01 -1.68414236832804409e+00 0
-2.80155213491115607e+00 4.00089572536388494e-01 0
8.73735875978933096e-01 1.70649822965208098e+00 0
1.62278259412154502e+00 1.16072532494522895e+00 0
3.00662527279633984e+00 3.32141484692980882e+00 0
-7.70557603756622100e+00 3.48313836633206975e-01 0
6.43478203254839443e+00 1.27545040375041996e+01 0
-8.35875053891090936e+00 2.64433886377377680e+00 0
3.26803995447166518e+00 6.23003326399711366e+00 0
-4.40493757113711082e-01 -9.53016968928931174e-01 0
1.02797931577963597e+00 -1.08494955442065599e+00 0
-1.36977155801310091e-01 1.04524456435702806e+00 0
5.75860121206752229e-01 -8.82196606589433108e-01 0
-5.75804098583517288e+00 1.19311317806283004e+01 0
-9.14970380302887243e+00 -8.47959881028782370e+00 0
-1.12836146127606701e-01 4.65591407676464542e+00 0
5.27926082421056098e+00 -3.13244751530777421e+00 0
7.10874954162209916e-01 1.20806038880327797e+01 0
-1.56592247633443993e+00 -2.05626531973863713e-01 0
-1.29641048979972595e+00 2.57916189134264173e-01 0
-3.05321999968115598e+00 -1.06477976259737499e+01 0
1.42087635904577407e+01 1.26267503470305598e+00 0
-1.39013469898011399e+00 1.12959538079852795e+00 0
-1.42015759623308409e+01 -6.22703345993146695e-01 0
1.86987757747789796e+00 1.41642673631348703e+01 0
7.87209180214786697e-01 -1.34951458527007007e+00 0
-1.29973457278582893e+00 3.87186247833148312e-01 0
1.04602756639827206e+01 6.42392344808249582e+00 0
-1.28683591017188501e+01 1.96356460825078494e+00 0
-1.40692682124219193e+00 -4.54056624370692319e+00 0
3.55226938499527078e-01 -1.71076148868956102e+00 0
1.49905539872658505e-01 3.52997797191744178e+00 0
1.12915355673490403e+00 1.98259064697921694e+00 0
6.77128222972571425e+00 6.00942248512461585e+00 0
-2.31410781133099208e+00 9.72469304360646625e+00 0
2.37179264023275804e+00 2.03277870830262808e+00 0
-8.71510893537590903e+00 5.32680054319329077e+00 0
6.62431992802309910e-01 9.84837154918284341e+00 0
-6.14587789628895642e+00 7.66596564273739123e+00 0
-1.02145294473906789e+00 -3.99987334980533005e+00 0
5.14151369797501356e+00 1.06368910547943396e+00 0
3.27419323690552799e+00 8.45163828982247445e+00 0
1.09596248223148707e+00 -9.45337449455387446e-01 0
1.13541919303317407e+00 -6.98473386774900451e-01 0
9.31064876208455461e-01 4.82069567015973310e-01 0
6.07143005068650066e+00 9.56419813930212115e+00 0
1.48238586865165201e+00 1.25259426182817202e+00 0
-7.09991566774277771e+00 -1.72672812923686692e-01 0
-1.43571875479727007e+00 -1.80515234861667406e+00 0
-2.18642703098823998e-01 -5.31192507549724890e+00 0
-2.10256950019586020e+00 7.25184446642717417e-01 0
-1.56559730990418000e+00 -4.23422068586651967e+00 0
3.37079963826242990e+00 -1.49828816607735904e+00 0
-4.48721848406198998e+00 -3.72197818067977781e+00 0
-2.68028438067655284e+00 -1.02444886355201503e+00 0
-2.78887347457935997e+00 -8.59770271666214447e-01 0
-1.26472774173128300e+00 1.42416810669553206e-02 0
1.30547305968743999e+00 7.57837282480268604e-01 0
-6.05617645866345145e-01 -3.19138068343766701e+00 0
1.76541835404565006e+00 -1.40897095081917789e+00 0
1.83901479722895100e+00 -7.61256996735296365e+00 0
1.81604342612630099e+00 -9.38052536589652763e-02 0
9.01738670872160419e+00 -8.38543702080242248e+00 0
-1.89083260366348704e+00 3.07346185853458909e-01 0
3.18422518730368309e-01 -9.35554725631159201e+00 0
-2.18287368536633908e+00 2.16419476094081009e+00 0
1.69732748526952704e+00 3.12453813124635404e+00 0
-1.54281870005065791e+00 2.03269931826855688e+00 0
-7.61710160310732798e-01 1.12578646495821699e+00 0
-4.85343454948551078e-01 9.30534426941547643e+00 0
-3.05121121412281182e+00 -1.78706032028909800e+00 0
5.76171480262728064e+00 2.04326325240435613e+00 0
-2.30381551397026402e-01 1.09210105776653199e+00 0
-1.31058524227986304e+01 1.18719006949981698e+00 0
7.74099605166352056e+00 5.99471120806423485e+00 0
-5.49768281578638973e+00 2.02459597252509482e+00 0
4.65787734359420380e+00 -3.16564500653110814e+00 0
-1.59576271817832599e-01 -2.39259829165522397e+00 0
1.04427460248824495e+01 7.86756482429713522e+00 0
5.94574790141815870e-02 2.44063820507289719e+00 0
-2.04110104432961315e+00 2.85327906006617482e+00 0
5.48879733692940186e-01 3.15213348954247508e+00 0
-2.34492210719783190e+00 3.22399455795046119e+00 0
1.27664265896826890e+00 -6.58286889191101232e-01 0
5.40206443824522520e+00 1.91197882272831299e+00 0
-8.85523227746443276e+00 9.58204992790742693e+00 0
9.08086402103094659e-01 -6.46674389782421311e-01 0
1.19399745177950201e+00 -2.18715810078370687e+00 0
3.19428662270198682e+00 -6.18378257438731094e+00 0
4.35389251583367387e-01 -9.46036850278378361e-01 0
-1.00233523015837389e+00 -5.81286859250854770e-01 0
-6.13453814179952417e+00 -3.84981341933239518e+00 0
-3.48792642886721094e+00 -2.27402228686063301e-01 0
3.91998813997646189e-01 -2.14299950916702020e+00 0
-3.43055293346891277e-01 1.42424708233124098e+00 0
-2.82115952230255207e+00 -8.30202719777073384e+00 0
-1.13540041159092397e+00 1.62253237463377098e+00 0
-1.43576642635505691e+00 2.30417840416908914e+00 0
-1.36605736166329894e+00 3.60771665066351721e+00 0
-3.75055637222985983e+00 -8.64525605541806819e+00 0
-5.18073694047615829e-01 4.79417242714258673e+00 0
-9.91100055181887596e-01 2.35063990743795781e+00 0
-2.82514913838945292e+00 -9.46355872006497378e+00 0
-2.74045843947681722e-01 -2.05856240105861721e+00 0
1.18742282627603100e+01 -5.69814470172647614e+00 0
9.66550938450476460e-01 -1.13551453729273510e+00 0
-1.47812275585195207e+00 -9.79209604539159173e-01 0
1.19839180922340804e+00 1.59773030602733290e+00 0
3.19460688780662183e+00 -2.50712277546871709e+00 0
-1.00353562206207592e+00 3.22424825461530118e-01 0
2.91779327506050512e+00 6.52472290472916860e+00 0
4.21227808957004957e+00 -2.06587826993587509e+00 0
-1.07764726099199892e+00 1.45345653354940096e+00 0
-7.65863092805228440e+00 -1.20738120559479007e+01 0
5.42266891981478771e+00 -5.62715942278797621e-01 0
-1.21550954416877510e+00 1.78958705134665408e+00 0
5.93098908734981944e-01 1.42596342178370907e+01 0
3.12494747559759700e+00 -8.42491440097786182e+00 0
-1.40379820306318903e+00 -6.69837095461834453e-01 0
-1.08029557131404204e+01 5.11854795956840114e+00 0
3.07184142656441495e+00 -4.36303141599142563e+00 0
-2.93412920497882102e+00 -2.67729416936435616e+00 0
-1.81027361142595500e+00 -8.31133130640144380e-01 0
-7.25417852645235395e-01 -8.68067642309310106e-01 0
1.30809936132591496e+01 -5.85250811110004410e+00 0
5.00530396078480244e+00 -7.23241766625573157e-01 0
3.49547486399931495e+00 5.58779136510802399e+00 0
6.11976891946296120e-01 1.82960011463303895e+00 0
1.56667089289459693e+00 -2.79193848130417699e-01 0
1.09250119149726199e+00 -1.69191758561886108e+00 0
3.55051898970892799e+00 -1.07067569395672502e+00 0
1.97986058704002299e+00 -2.68350557823147806e+00 0
-8.42964594406867462e+00 4.63781368902943691e-01 0
-9.58594198702565237e+00 5.61241032109818416e+00 0
-3.37164414910343879e+00 1.02573893149146489e+00 0
-2.23467796456014378e+00 1.92003609944767795e+00 0
7.82963881620067159e+00 -3.75204328679857591e-01 0
9.27480806720741668e+00 8.19229585746821809e-01 0
1.25686921238212204e+01 4.54992426595177779e+00 0
5.53552823452741727e+00 4.14616637433248858e+00 0
-5.89170639412915342e+00 1.30419082442133991e+01 0
8.55359450680520883e-01 2.48252092129700985e+00 0
1.84525383199499710e-01 -6.72298269241782620e+00 0
6.71573022683586363e+00 1.35135986850909706e+00 0
-1.77896015127826090e+00 5.09286494203626039e-01 0
6.90866532334763495e+00 -3.90986493498104881e+00 0
1.29554876042054801e+00 -1.24130302588381305e+01 0
-1.02717699516739502e+00 4.20479925807050514e-01 0
2.51345640617593702e+00 2.22234060317873405e+00 0
4.62465950636946843e+00 1.25945256102719796e+01 0
1.71628197361213997e+00 1.10510086358288806e+01 0
-7.87831385213457080e-01 -1.04957674389386590e+00 0
-4.82057587056171588e+00 5.01790702162422431e+00 0
1.72170664519992389e+00 -1.68666656952476002e+00 0
-6.29127309350251296e-01 -8.30188167505873542e-01 0
7.27634874854111136e+00 -6.78023228551927559e+00 0
3.30043625411034203e+00 1.84161321305450598e+00 0
7.20096428146949386e+00 8.49883678077938631e-01 0
-5.82175451478718120e+00 -1.01649663083754804e+00 0
1.48821867961454091e+00 -8.39339399632306304e-01 0
5.75038571603120818e+00 2.44219458417176094e+00 0
4.83272479316624523e-02 1.50765437314651995e+00 0
1.33640008001064405e+01 5.26059587139871621e+00 0
-1.57518162931112898e-01 2.38361634960791013e+00 0
-1.05807263381803391e+01 3.54213448370442385e-01 0
1.28107960757375903e+01 -3.27624337897029605e+00 0
-3.29078109002568420e+00 4.74045762997542586e-01 0
-1.16728388723610399e+00 2.92447928373768118e+00 0
-3.69364515129023507e+00 -1.05401115917352204e+01 0
-5.43099058944222080e+00 -5.54982049846165393e-01 0
-9.60284121804919177e-01 7.02531802152555507e-01 0
5.64246516473561321e+00 -5.40737527708597110e+00 0
-9.56888968341503876e+00 9.18720710789970418e+00 0
4.95491029350457191e-01 1.66981613277109897e+00 0
-2.58222765405783905e+00 9.03137142228572642e+00 0
-8.87935938978034045e+00 1.33298666480323003e+00 0
-8.42371681658548699e-01 1.20729434262570603e+01 0
7.33416341351324386e-01 2.65511426672015416e+00 0
3.63898378600230721e-01 9.93293935719335552e-01 0
1.16456309946908010e+00 6.83613435127548996e+00 0
2.20675280377916483e+00 -1.30864199909604597e+01 0
1.69965680135612995e+00 9.28967139062666147e-01 0
1.64587484419696195e+00 7.89334426857788873e+00 0
7.34372735260851561e-01 -5.08587452563763165e+00 0
-8.37788167956217911e-01 9.93267008300405263e-01 0
2.54929184845751688e+00 -7.18530731316540461e+00 0
5.45651094710655982e-01 5.36636636632759778e+00 0
4.03769635526023518e-01 3.26498331377586704e+00 0
-9.11883694305428705e-01 2.48499783027037013e+00 0
-1.00479920657545900e+01 -7.03845405409179392e-01 0
-1.23962614840099903e+01 -4.81567652948970260e+00 0
7.27644503737915294e+00 -1.28843576063207510e+00 0
7.40316235482690121e+00 -9.07236762514784356e-01 0
1.81232832593392890e+00 1.29978388073402602e+01 0
3.00027870297421817e+00 2.35074250671242790e+00 0
7.18181438760074986e+00 9.27786489912859480e+00 0
3.91557701110413880e+00 5.06006978213334069e-01 0
-4.72961536042999120e-01 -1.06366598274091495e+00 0
1.05957973637661707e+00 6.48806073303813347e-01 0
-8.64869295468224664e-01 -1.22285460386830702e+00 0
5.12507507773080517e-01 -2.38126100914215799e+00 0
7.59577190934348834e-01 -1.03996470532610408e+00 0
2.85344163736321788e+00 9.38577646261008347e+00 0
-1.31047997332550903e+00 1.42776875758916511e-01 0
-1.25096845414523692e+01 6.93899655109465829e+00 0
-2.98001226803048702e+00 1.89417028189402203e+00 0
5.22440648634775184e-02 -2.31052067902576397e+00 0
4.24359090489723270e-02 1.71597170157753509e+00 0
-2.06787872075103102e-01 1.30891192160534295e+01 0
-4.38997621997825238e+00 -3.08717935272293786e+00 0
-1.95792607635952898e+00 1.14358590774288296e-01 0
1.85378364461661893e+00 1.45477730260516802e+00 0
2.61293092362899992e+00 4.52740158642748458e+00 0
2.69929198347364008e-01 2.11787258874630391e+00 0
1.10552340924989201e+00 2.46741797007054287e-01 0
-3.77657437231249604e+00 -1.24232813775839102e+01 0
9.24941721142385598e-01 1.03947575866479998e+01 0
8.95424869395503542e+00 6.57979787401340044e+00 0
-7.91921639072542316e+00 1.03602350215157402e+00 0
-3.37831692773075520e+00 1.34479693462711203e+00 0
-7.68053805142204560e-01 -2.42159011157789417e+00 0
-6.68536686105385414e-01 3.65077036789967702e+00 0
1.00686607849657399e+01 8.73531618397499443e+00 0
4.27645794585121397e+00 4.50657777526683290e-01 0
-1.37597920360367905e+01 -3.45470949991122112e+00 0
1.28638692111155706e+01 3.28167619597902016e+00 0
4.84007362252259998e+00 -6.75442987232163272e+00 0
1.02444843974766098e+01 3.98095321059316420e+00 0
-1.68116596494926007e+00 -8.18039478817248616e-03 0
-4.81661365462100699e-01 1.08806243035062700e+00 0
-1.07091583352224307e+00 1.10027819335719790e+00 0
-4.51630345007803058e+00 7.78859446912769737e+00 0
4.54100533496409486e+00 1.85327097030537491e+00 0
7.62966335207989932e+00 5.22062765267280238e+00 0
-5.65839986250970117e+00 4.23682033027113214e-01 0
-1.18875452629745704e+00 -5.83644100974113389e+00 0
-8.56838911665147585e-01 -5.95104502011021053e-01 0
-6.14101906139918885e+00 4.27346349958137672e+00 0
-1.72738653851944801e+00 2.53187599192392920e-01 0
2.75534504373226108e+00 5.38910855887189921e+00 0
8.79479035797115927e+00 3.97729279508829503e+00 0
-2.13609343020470493e-01 -1.10925817313662800e+00 0
4.64009599118500426e-01 1.00484568260171292e+00 0
-2.62424709023600000e+00 -4.22484342640311983e+00 0
-1.15700941858242600e-02 -2.00534441317475087e+00 0
-5.37065219208328060e+00 4.15035027992884142e+00 0
9.16510469189470434e-01 -1.28962788439340903e+00 0
1.10056181838560097e+01 -4.76200097586817606e+00 0
-3.38869767783831211e-01 4.31276913430410858e+00 0
-1.14575625772931700e+00 -1.52713574798460394e+00 0
-1.08012004714602905e+00 -1.64579318459929391e+00 0
5.56693417204502605e-01 2.48619395444262903e+00 0
-1.13487396184080191e+00 -2.60673795288835386e-01 0
6.66771770429830291e+00 -1.04781717879509895e+00 0
2.55955325996089611e-01 -1.13086907773339207e+00 0
-1.50483962143318895e+00 -4.73153300806173627e-02 0
-1.88817164762397294e+00 -4.21427808896822231e+00 0
1.04769557843476502e+00 3.43095693938731383e+00 0
1.23561166614398910e+00 3.51829906717905816e+00 0
3.82742130729622973e-02 1.11188560161056493e+00 0
-3.46101516857849090e+00 6.84062794267916896e+00 0
-9.89176872068705926e+00 6.82058633068711284e+00 0
7.92988335522163101e+00 -1.50259861249178295e+00 0
3.74523930269958116e-01 -1.30865362892930603e+00 0
-3.87375259022673379e+00 8.66648060801611941e-01 0
9.80262150314996639e+00 7.35957388601253903e+00 0
9.97877355402341126e-01 -3.08421810819327624e-01 0
-6.39044689259007104e+00 -1.25645017358580890e+00 0
1.65634855882563392e+00 -4.14696176881059697e-01 0
1.02429754049662698e+01 -7.54541318509399339e+00 0
6.51993543889909266e-01 1.31822773455737394e+01 0
6.26325338472473958e-01 -1.05559312808196903e+00 0
5.35272159019714344e+00 4.17453770503350807e-01 0
-2.21872459770603614e+00 1.15267914744300892e+00 0
3.67919499123734095e+00 1.19530391623321197e+00 0
4.04474348789516380e-01 1.32580058767943099e+00 0
1.00379860821742906e+00 -2.09269318316552688e+00 0
7.18173283842049370e-01 2.17173457234996414e+00 0
2.19573631441661110e+00 -1.62592544162935493e+00 0
-6.37883672222721199e+00 -9.77210324128968288e+00 0
-4.30709906705961723e-02 1.93500165662504897e+00 0
7.17044335047363468e+00 1.72025573033513401e+00 0
-4.00719809787500325e-01 2.46696390911827912e+00 0
5.24628608355225801e+00 -1.12900255535634706e+01 0
-3.41010247005913181e+00 8.34417230955035449e-02 0
2.63020394512932620e+00 -3.38426661722822297e+00 0
2.97923486085428912e+00 -1.22761983623574911e+00 0
9.53990559622377887e+00 3.33301393106672794e+00 0
1.40896464750356607e+01 2.53566639018291795e+00 0
3.10666638969513498e+00 -4.97489649437795778e-01 0
1.63585304096923490e+00 8.62359864137959564e-02 0
1.03530272369791310e+00 -4.07074054673926322e-01 0
-7.01281741135064002e-02 -1.04064552788598408e+00 0
4.33577629682358801e+00 -5.54774952529143306e+00 0
-3.14754628311063689e+00 4.08449982164245284e+00 0
2.53505418923668202e+00 -8.77196251465451327e-01 0
2.46879025274061403e+00 -1.91940956783271499e+00 0
1.83959192374832692e+00 -1.12806890584526993e+01 0
6.84616462531765002e-01 1.04409944795681797e+00 0
3.73208327170109921e+00 3.93352467961236218e+00 0
1.75945930867714512e-01 7.08437411903582959e+00 0
-5.07663324137725414e-01 9.85141651579961253e-01 0
9.44661504117395623e+00 4.83142023804150700e+00 0
5.32463599106838270e-01 9.70900619584507019e-01 0
3.51104503155290315e+00 8.97240178305425795e-01 0
-1.49148014035720400e+00 5.13923894285202243e-01 0
-1.04502673624072007e-01 1.39155147202356111e+00 0
7.09496046234716804e+00 1.00991635690344204e+01 0
-2.49271885908975088e-01 7.80710040751597756e+00 0
-3.63578313507064399e+00 6.20401401951894527e-01 0
-1.80443173431651394e-01 8.40242083646379534e+00 0
6.20711693284286992e-01 -8.57151342437708186e-01 0
-1.40658991384937004e+00 2.42511929396298109e+00 0
-4.48026248522799264e+00 4.97607051545676082e-01 0
-1.47326780666205304e+00 1.42070817764016102e+01 0
-5.55479550374953890e-01 -9.87395816497127821e-01 0
-1.41906123008120399e+00 -1.31681377909453001e+01 0
-5.89350554989818587e+00 2.89605017280401800e+00 0
1.12007357031423993e+01 4.69720888485393040e+00 0
8.34887695234571225e+00 1.01808132550188297e+01 0
1.01697484922059611e+00 3.22450029694342311e+00 0
-1.13031617138740597e+01 -8.74481093535016107e+00 0
4.18595901271254434e+00 4.11427881557403285e+00 0
-8.76911539969871812e-01 -1.49004774549955998e+00 0
-6.76975977394810080e-01 7.99600346113143234e-01 0
-1.42622782350105606e+01 1.64243092401172897e+00 0
-2.86020180841247917e+00 2.25997594130309398e+00 0
-8.46850104862543773e+00 3.03807087799248289e-02 0
-2.58288914507364398e+00 -6.57757139142064129e-01 0
-1.07398875587359899e+00 -3.26858978540332079e-01 0
-3.59956304244043401e-01 1.78627986927705407e+00 0
-7.44487084367211338e+00 -1.04869940862801698e+01 0
-4.76891637054332906e-01 -1.43042508948322000e+00 0
-5.27595526923657299e-01 -1.52238184312399794e+00 0
2.53254151856779020e-01 -1.23675668083599710e+00 0
1.55753392220474596e+00 5.85303000775989846e-01 0
-3.26223376648590380e+00 9.66188950798042967e+00 0
-3.16696627916560614e+00 5.86995660667746311e+00 0
3.59297108413136612e-02 3.14846061372252795e+00 0
-2.44241111171014591e+00 -4.54387458269473488e+00 0
3.83678534051053122e-01 -9.71553078594388331e-01 0
-4.62214062264487913e-01 -1.35323747173759195e+01 0
1.75080401924555606e+00 -4.97326424139687195e-01 0
8.86774019727475249e+00 1.01488529827570595e+00 0
-1.17410344875253294e+01 -3.96176172109787395e+00 0
1.12273966506451792e+01 -2.35801311195765306e+00 0
4.86132418227524532e+00 -1.24484178809575496e+01 0
-3.07606502138675408e-01 1.42818586111108008e+01 0
2.23478229520416205e+00 5.73366736469644511e+00 0
1.60989619250439397e+00 -1.79547261248680190e+00 0
1.92151735372413790e+00 6.92804659229986686e-01 0
-1.42199045303252403e+00 1.74939152070708803e+00 0
-6.60970756364112333e+00 7.59088125981072226e-01 0
-1.73903566530299392e+00 1.51401209518420199e+00 0
8.48456428846306787e-01 9.03372448293763175e-01 0
-2.51526572451657104e+00 6.18564002197346863e+00 0
-2.84664545289632920e-01 2.31429627630943813e+00 0
-1.55662498539194805e+00 6.60567117387154012e-01 0
-1.43120365226145907e+00 -1.99658611013922105e+00 0
7.99253943040831638e-01 1.40695029771661395e+00 0
4.00546829375602442e+00 2.38822570868479689e+00 0
9.29629306374021880e+00 3.24437456959779380e-01 0
1.15059873797437806e+00 3.11841328203830481e-01 0
-3.72107696480384709e+00 7.62807217307279561e+00 0
1.02441333130447210e+00 4.66020432674384699e-01 0
-6.04138512365373614e+00 -4.43139456777830121e-01 0
7.09706167838569990e-01 -1.15067695571224693e+00 0
8.84012580410353976e+00 -1.00201204202262808e+01 0
-1.76165224020543798e+00 2.62502585063510896e+00 0
-2.09122495055758817e+00 -4.53859804576228143e+00 0
-7.29141712026841660e+00 4.96352404507277578e-01 0
1.48156148141718291e+00 2.54785482159268684e+00 0
-3.70967778745984589e+00 1.62045355275184999e+00 0
1.35384595591405299e+00 -4.74980890952196777e+00 0
6.19399061461360656e+00 1.21018477605543797e+01 0
-8.35912099251793439e-01 -7.70194418115079160e-01 0
-1.64340982874603392e+00 7.03409573025834689e+00 0
-5.41848344835403783e-01 2.41205878392979001e+00 0
5.13731586312740340e+00 1.31366955159717103e+00 0
3.56464788115965403e+00 1.26248576897961104e+01 0
2.95692524615030816e-01 -1.77988231932730101e+00 0
-9.33491568710554720e-01 -4.58998971303307890e+00 0
1.42610189435856105e+00 -1.39742648507436495e+00 0
4.73877632022249173e+00 6.78898746303866041e+00 0
-3.71426961271186196e+00 1.27553512800860092e+00 0
-1.19204192695014299e+00 3.14178234513901589e-01 0
1.06645140075995393e+00 3.88611181704506503e+00 0
-6.15593135701229421e-01 5.29144649918375265e+00 0
-2.84312842045511394e+00 1.74757163819988209e-01 0
-2.22212836378599699e+00 -8.36619369016631964e+00 0
2.21544934707949093e+00 -2.97032400679927588e-01 0
1.13047823341948508e+01 3.20688790905490784e+00 0
-3.78181813026180813e-01 -1.83673402593282598e+00 0
-2.25704030591550397e+00 -1.76438380972746800e+00 0
-4.96553911905529421e+00 3.79749003350399406e-01 0
-4.27013267598108814e-01 1.33258411760826201e+00 0
8.54322165476257611e-01 7.00836418175527109e-01 0
2.00425321580294380e+00 -9.33009130083994775e-01 0
6.10526214942984535e-01 2.28474320765502892e+00 0
3.87917901025771616e+00 1.13120864871830595e+00 0
1.35694791074398791e+00 -6.99051765897233612e-01 0
7.05971396347363900e+00 -1.15152998361513497e+01 0
2.57847205793660494e+00 -3.82328432769792004e+00 0
-2.64387093520630412e+00 -3.34062300946119306e+00 0
1.14494054782124408e+01 3.61987712052192878e-01 0
-9.11424951096683955e+00 3.94708594772856802e+00 0
8.45590946044391600e+00 4.42000725195763389e-01 0
2.18392460636852581e+00 8.33188032965390590e+00 0
9.20410205287631911e+00 9.64369324826425611e+00 0
-3.62929318272354218e+00 4.11463002183643223e+00 0
2.95046322577131104e+00 -2.87885709233297105e+00 0
-2.32115137859959519e+00 2.39821291907188794e+00 0
1.75035377401030190e+00 2.65093543708735702e+00 0
6.34408613819971201e+00 -4.23333263492357781e-01 0
1.17040145463201295e+00 -7.92688512329270090e+00 0
-1.60844397052618904e+00 -8.79937753420547142e-01 0
3.18632789233556712e+00 -1.40074110030432806e+01 0
4.51033393063725718e+00 -1.35495687223376606e+01 0
-7.10728368655161002e+00 -1.00838039801406909e+00 0
5.09638091208966637e-01 1.86407235201817989e+00 0
-1.85650817237665611e+00 -2.73588912869924084e+00 0
9.02420779829049224e-01 6.33255856863239708e-01 0
6.48760805735645540e+00 1.93649630283052909e+00 0
-8.19411212243576159e+00 1.32471336573188392e+00 0
-3.36120125956745985e+00 1.93419007912182006e+00 0
8.17001833666350818e-01 -1.18776184931350604e+00 0
1.58227528448440502e+00 1.78460338213857495e+00 0
-1.94844100529587094e+00 1.48544508081953208e+00 0
-1.18740907801050399e+00 1.35024985812052800e+00 0
-1.20939281355227690e+00 8.94127292922053729e-01 0
1.05266900552966991e+00 -1.25081565000441497e+00 0
-2.79649465783430218e+00 1.59646909264191206e+00 0
2.70327046014499395e+00 -1.37972825869199700e+00 0
-3.15760485778755595e-01 -6.13294322077372289e+00 0
-9.37969730622974507e-01 -4.69016601702332503e-01 0
6.25763704752630634e+00 -2.20037178899309804e+00 0
4.56331785570743964e+00 1.36959412381243109e+01 0
4.10248920343832602e+00 7.39595479192547511e+00 0
-1.09486446185206510e+00 1.64451928499077887e-01 0
-6.10506780782006042e-01 1.75199466679848403e+00 0
6.98566840754287277e+00 -1.99340136774315901e+00 0
1.05655828235312410e+00 7.26812909993053813e-01 0
7.78418201000306631e+00 -7.80381942835926878e-01 0
8.17280201762208414e+00 1.17763591183046596e+01 0
1.21219834025298590e+00 -3.77056297606689306e+00 0
4.87166031473821892e+00 -8.64093881526422436e+00 0
-7.30610170357154254e-01 7.50702224036030930e-01 0
-4.70919722985719380e-01 1.27633503159313610e+00 0
-2.80680216316747799e+00 3.03989373402586605e+00 0
9.56861993093477831e-02 1.30495219190193801e+00 0
-7.72665320495108165e+00 -2.67661216541342517e+00 0
-9.01832647942109933e-01 4.93395540928323939e+00 0
-5.30472388523415539e+00 9.25088948772440745e+00 0
4.55113433012682700e-01 -1.57849130747321609e+00 0
-2.66565921452536791e+00 1.35644422511858909e+00 0
9.09122194943504702e+00 1.09716460977370200e+01 0
7.04309265936783113e-01 1.57682294755957408e+00 0
3.61606548357608615e+00 6.34728512321416805e+00 0
1.23602898814726991e+01 -2.03044281794188519e+00 0
-6.70209425405383641e+00 4.27318990409591759e+00 0
-7.84222072124835190e+00 -6.50220202122300694e+00 0
4.59535834854471581e+00 -1.05655798714930604e+01 0
3.05557323528857394e-01 -9.97907723103534261e-01 0
9.95395757125159086e+00 2.34279878874038205e+00 0
1.95704680737052805e+00 1.89945770989657192e+00 0
1.08667635067424095e+00 9.33342953409462939e-01 0
1.50989263764831994e+00 1.33873213725111406e+00 0
-1.31234839895629793e+01 -5.75584039329590436e+00 0
1.32539976995266207e+00 -8.02571741258813809e-01 0
-7.43776393595532959e+00 -7.46587088739338101e-01 0
1.41315812053476608e+00 4.51369074199604370e+00 0
3.85549298116525496e-01 1.25850739960895397e+00 0
-8.18082106356453842e-01 -2.84559122422119692e+00 0
-6.64277818170680767e-01 8.59531907671517814e+00 0
5.83833172894993879e+00 7.90584846751871573e-01 0
-4.09031121200608361e+00 -4.30483895190063492e+00 0
1.73302527012756902e+00 -3.42041716807590171e-02 0
-6.31383268851959722e-01 -1.89526533602605496e+00 0
4.19095574071980170e+00 -2.52492930367760993e+00 0
9.82625822868021714e+00 -1.05509757576357703e+01 0
1.10002350981146293e+01 9.06146217471494531e+00 0
-3.12539184420624405e+00 1.04795492778948995e+00 0
-8.89635621467687709e-01 1.28732873677832105e+00 0
1.57082241583495907e+00 7.21882346805277386e+00 0
-2.10726835587660988e+00 8.02584088355631664e+00 0
-4.99012333819140164e+00 -5.87897307558225091e+00 0
-7.92801157497124764e-01 1.18918375311874902e+00 0
-6.40855524595996418e+00 1.05702993533266891e+01 0
1.84226472095568705e+00 -6.74698389300823931e-01 0
-1.93868349615214597e-01 -1.22196557549767504e+00 0
-4.32510325411239815e+00 1.22791761221565210e+00 0
-1.15942983529113497e+00 5.10419800709848229e-03 0
1.42594580648618607e+00 7.58292891833504679e-01 0
1.58186001126735587e-01 -1.70248591908874092e+00 0
-5.71259974173853768e-01 -8.84979417816234815e+00 0
1.20233048003875109e+00 2.08841669338051616e+00 0
-1.94474179573744799e+00 1.63027867729697507e+00 0
-2.59679304265641520e+00 2.70704458980226592e+00 0
4.53225984590231956e+00 9.14114554315529837e+00 0
-8.17488833284331751e-01 1.68750515443331395e+00 0
-2.48623785037315681e+00 -3.86513595441149915e+00 0
-3.76019583240730082e+00 -3.01845178794882996e+00 0
-7.64979669020406394e+00 -5.15292753196753761e+00 0
-5.48192725296358230e+00 -1.56210758561523000e+00 0
9.42441106527971195e-01 2.06745973799038119e+00 0
8.92908679541707428e+00 8.59182453087607811e+00 0
2.30613834317278998e+00 1.36647135549189003e-01 0
-3.07285234106769201e+00 2.60178593603721220e+00 0
2.25520349484920191e+00 -5.63989759508781274e-01 0
6.11217828288680298e+00 3.51538175912732509e+00 0
-3.25758606698528785e+00 6.22478102350692541e+00 0
-6.00846909348691338e-01 2.87979530357802682e+00 0
-3.21745752994861389e+00 7.18266576529979606e+00 0
-1.42619086066588796e+00 -8.15513798977839710e-01 0
6.15436733104386402e+00 -6.92970950089044990e+00 0
8.64163820578990638e+00 3.15081495807151502e+00 0
2.32344018637619998e+00 -2.23361792031135797e+00 0
-3.81056811598840595e+00 -1.38643602953805996e+01 0
-1.01332036785996298e+01 1.00978475065465396e+01 0
-1.34686008513443189e+00 8.26795446300815140e-01 0
-1.01302332420193708e+00 3.23765063488896310e+00 0
-7.98357592874927025e-01 -3.50587696745418809e+00 0
-7.07736667286699928e-01 1.86950543452964602e+00 0
-1.19968682269688802e+01 4.84306945685785362e+00 0
-6.30842765307403308e+00 1.92970744503193803e+00 0
-4.57164737226572626e+00 -1.17109520980884696e+01 0
5.26040090011476558e+00 8.48646496075514101e+00 0
1.57954789650663097e+00 5.84680421515024396e+00 0
-1.35576503187894004e+00 -3.06238240018700314e-01 0
5.42237972366144305e+00 -4.72042914272570879e+00 0
-2.50276320812634978e+00 -1.33508878054372992e+00 0
-3.05142973476554102e+00 -9.45221066333590820e-01 0
8.88578723723686537e+00 1.24670085964659699e-01 0
9.99224062135180557e-01 3.14780214325523777e-01 0
-2.60315264694234783e+00 -4.83815144221534066e+00 0
3.36048712588691201e+00 -2.98458011260365597e+00 0
4.39023582649608635e+00 3.19981232515997194e+00 0
-1.67113842522859302e+00 -9.84279377945784656e-02 0
4.19841164343322770e+00 5.63080604100194204e+00 0
9.93247600762535265e-01 -3.06738275476121114e+00 0
2.36179969157262004e+00 -5.20607482393638943e+00 0
1.09978720827637511e+00 -2.34496499471117081e+00 0
3.72374965895432120e-01 -1.13280212123213309e+00 0
-1.56585431154953203e+00 -3.14211685547040709e+00 0
-9.02389913112281450e-01 -8.64983283674976566e-01 0
2.28818001967503504e+00 -3.89963928794542580e+00 0
1.27355011887835690e+00 8.76341978541749000e+00 0
-7.21927459574834174e-01 8.44226266127979352e-01 0
1.24323866778586800e+00 1.04099131232065489e+00 0
1.36921445071183605e+01 -3.96135296321808905e+00 0
9.52890075243554402e-01 -7.45600703329262982e-01 0
4.32774087515541195e-01 3.79816514015718498e+00 0
9.75018292128383424e-01 3.83755436623462287e-01 0
-1.10410437665440608e+00 8.27926296963621966e-02 0
-1.28593504868055791e-01 1.11291729870465894e+00 0
1.94863022928054996e+00 3.23603139632252013e-01 0
2.73860550345486997e+00 9.86747042340044267e+00 0
3.58282629090254190e+00 -8.30643913349300433e-01 0
1.27336321395484209e+00 -9.44148435278367670e-01 0
-3.49128922423228616e+00 -7.76817363377889336e+00 0
-5.93557732399149085e+00 -8.84616341410280782e+00 0
6.04283625977421668e+00 8.01727024638368668e+00 0
6.15021654172524190e+00 7.41588722654328958e+00 0
3.14583022894479214e+00 -3.88180134132843779e+00 0
2.93909835489985616e+00 3.55864523147898915e+00 0
-1.42732905159124207e-01 -4.13950972410475337e+00 0
1.10679469576708094e-02 3.30651636197884802e+00 0
1.18955543311432397e+01 3.45238067171205198e+00 0
1.21341844605447591e+00 -1.01301042814891296e+00 0
-4.23707550019073620e-01 -2.34394292652045921e+00 0
2.33632777692603399e+00 8.87412883756465098e-01 0
7.36149250282258105e+00 -1.94880572291115994e+00 0
1.48036901012260302e+00 -1.13513869735417905e+00 0
6.94258009881090121e+00 7.49566789958696678e+00 0
-1.28655145901841195e+00 -9.18060772654744639e+00 0
6.40801063449251473e-01 1.11685247863828407e+00 0
-6.18603713758057694e+00 2.20952658648847722e+00 0
-5.61153264583061340e+00 8.31120940873644543e+00 0
5.06376636929308699e+00 2.00101148232576609e+00 0
-7.44703270276107610e+00 -3.01876784927663011e-01 0
2.48151806869907299e+00 -1.18097482785225694e+00 0
-2.31872772602314592e-01 1.70132282068564500e+00 0
-2.35044055568804211e+00 -2.08237094987008309e+00 0
-2.95484414532882411e+00 -4.24622153590881002e+00 0
5.95168099785429949e-01 1.69913214070853402e+00 0
-7.18063575384977515e+00 7.02053763175877510e+00 0
3.49788044846115120e+00 1.48835747853272893e+00 0
1.70083301211261095e+00 2.63982480974110978e-01 0
-4.14330820669980682e+00 1.36194274362411605e+01 0
5.98636429987147167e-01 -9.43441281050485192e-01 0
-2.41578822795075587e-01 1.21293374834918204e+01 0
-1.59534149368368205e+00 5.30241446364085323e-02 0
2.76480562115895490e+00 -5.27041007757656121e+00 0
1.81567375014676102e+00 -4.98293893173861235e+00 0
3.12703938644657620e-01 1.85584333313521110e+00 0
2.38231337409756483e+00 -2.66365554765151202e+00 0
-9.78571897923274481e-01 -6.34347884365399795e-01 0
1.17192120207860806e+00 9.34963313178072464e-01 0
-1.12731439622716298e-01 1.65158489518431395e+00 0
2.19741562843004878e+00 1.77201286644090206e+00 0
5.86358244395216577e+00 5.90009227642604106e+00 0
-3.29404885209396392e+00 -6.19747801927009401e-01 0
1.29145310382004896e+00 2.35365689678611290e+00 0
-1.55850721535124692e+00 7.56787844754905126e-01 0
1.15900757568939294e+01 -2.92633422286053779e+00 0
-4.42858220816940207e-01 2.05621799056755217e+00 0
-8.27354815246977848e-01 -6.38224560036687039e-01 0
6.71303918118050991e+00 -1.70288317630979691e+00 0
-2.79304753703497521e+00 5.14418834681652992e+00 0
3.04647664692342224e-01 1.24457151523672893e+00 0
2.01067248198620696e+00 -1.38921425872910898e+00 0
-7.69066641066351697e-01 1.32806148125187207e+00 0
-3.61520638555571505e+00 3.78998861634494988e+00 0
-1.45166477296082008e+00 -5.54219534246946921e+00 0
-4.64629451592831699e-01 -1.76963986164368592e+00 0
-3.98310346966431084e+00 2.64009349620306688e+00 0
5.94060447430833616e+00 -1.18484858447067705e+01 0
8.32771299991643899e-01 3.11408550304080922e+00 0
1.02935852758665791e+00 1.65563975418731302e-01 0
-1.13170172091550403e+00 7.69882288869243037e-01 0
1.19793499586936991e+00 -8.16936693634559674e-01 0
2.29010564143992079e+00 -8.54262907702217689e+00 0
1.92413858683726602e+00 7.19809739133967685e+00 0
1.86787627927121092e+00 4.39766476603981271e+00 0
-7.22694528490153809e-01 9.96204991269671436e-01 0
1.21904259689403194e+00 3.75535221325184077e-01 0
-1.29086916546920594e+00 -6.23475409578574791e+00 0
1.20141158629911793e+01 -4.88805069676569737e+00 0
-1.19664122309348198e+01 1.71064814108054808e+00 0
8.84456348130798431e-01 -3.98988493240961084e+00 0
-6.26843815141860361e+00 6.86710097223950822e+00 0
-1.18099128620238307e+01 -5.64818094672093007e+00 0
-4.94294029364128973e-01 2.98246742764191497e+00 0
7.89205133866477393e+00 2.85434832164273589e+00 0
-6.25674899077562907e-01 2.22152656730605580e+00 0
1.35346942609112109e+00 -9.42959250722939374e-02 0
-4.54976384363158726e+00 2.68396563071837624e-01 0
-5.59139975605656492e+00 4.93813801454202483e+00 0
6.03840685238701130e-02 -1.01525894956743699e+01 0
4.60447884609864921e+00 -3.78346219700635800e+00 0
4.53300993375178241e+00 4.87148726424180989e+00 0
1.98096408119889089e+00 -3.68374574749171213e+00 0
-1.06830112498574703e+00 3.27340727979194890e-01 0
1.38310318521036590e+00 3.37855820580238797e+00 0
-1.73620102911683105e+00 1.64375435466897502e+00 0
9.21995175576314452e+00 -5.07262544495832568e+00 0
7.03807231408779543e+00 -8.11861728443720843e+00 0
-9.66994025779294830e-01 1.26752551678636904e+00 0
1.85001818636032406e-01 7.68152871640780077e+00 0
-1.29282901524491289e+00 5.05659526469668719e-01 0
-1.72860174817818191e+00 3.57547079822347680e+00 0
-4.93480884192749070e+00 2.12118416088880890e+00 0
-2.60541389722328720e+00 -1.40360592692002299e+01 0
-1.27326281982846190e+00 -9.68471579606786648e-01 0
2.03341885145745094e+00 3.33508208353127689e+00 0
-9.63904684007524359e+00 1.49357515887765802e+00 0
7.81158069296729085e+00 3.26237323442708504e+00 0
-1.93116011666731402e+00 -3.67070639913487007e+00 0
-3.77082868989707221e-01 -1.60881773249951898e+00 0
-1.04079554148631503e+00 -4.70331918533508420e-01 0
8.05047853775244704e+00 -7.44227929229081475e+00 0
3.94962630133873782e-01 2.11991785631323681e+00 0
1.04190997367980409e+00 2.40922653432416478e+00 0
-3.59682110295920499e+00 2.88132759074153810e+00 0
-7.16017784108205602e-01 -7.66933922966348325e-01 0
1.04217699165375510e+00 -6.05132034051052425e+00 0
-3.42179140045506092e-01 9.77930245992919445e-01 0
-3.81288385658641893e+00 -1.13780780812754001e+00 0
-1.60006713607754691e+00 -6.89852350178051132e+00 0
9.28306173436247661e-01 -1.66332817939197208e+00 0
-3.13320399634902033e-02 9.33281601824191398e+00 0
1.30780691637863411e+00 2.81289406513331519e+00 0
8.52375991940965250e-01 9.66829959612550693e-01 0
2.99151670740456499e+00 -7.89009666364486217e-01 0
-1.36116905387265508e+00 -1.89135709871757901e-01 0
7.17181587136177789e+00 -3.19787052174568376e-01 0
-5.91046537540123040e-01 -1.33062889342362101e+00 0
3.50826324798357003e+00 -2.27391131738956798e+00 0
-1.25204389127829003e+01 -1.23699492977063803e-03 0
1.08645236830068903e+01 3.74530352725457716e+00 0
7.65127706228061144e-01 8.90678713360638419e-01 0
4.77208987725721201e+00 -8.77004591802999611e-01 0
-1.11062980329936489e+00 -9.01165095835259722e-01 0
-8.42533605443634315e-01 7.40825347325055672e-01 0
-6.48622264871934018e+00 5.68377064762483197e+00 0
-3.45040252066255382e-01 -9.84482188741580777e-01 0
-4.01410812505398507e-01 1.12403630645673092e+00 0
2.52986069856695783e+00 1.48693374915693810e+00 0
-1.03915006538160792e+00 -7.56776181092846528e-02 0
1.36502375010138399e+00 -9.53367290972844450e-01 0
1.08551843468984295e+01 -6.24027926399382693e+00 0
-1.53576836878897094e+00 -5.21864754801328767e-01 0
6.00798354929521161e-01 8.95654844981407905e+00 0
3.73198887273033297e-01 1.05223685221897600e+00 0
-1.02824435376224499e+00 -1.57234454311526189e-01 0
1.32504128112474806e+01 -4.61244637499525711e-01 0
2.40111874816814286e+00 -1.08880161323897398e-01 0
-4.16677432080990862e+00 6.16981057244395781e-01 0
1.05287069814934697e+00 1.47269305571375209e+00 0
-7.25955769840164522e-01 -1.61791587625756694e+00 0
1.02557433312519795e+01 -1.01133124316940903e+00 0
5.12862485900543419e+00 1.22452776026439096e+01 0
2.23531423646852101e+00 1.08081910410368600e+01 0
-3.85779596705132910e+00 1.23384135281874006e+01 0
-4.16164090750816396e+00 -1.78917942525848006e+00 0
5.27751832452641234e-01 -1.32918362381847510e+00 0
-2.39075480013156794e+00 1.72519834077869305e+00 0
1.39627759981364497e+00 5.40521296621812919e+00 0
4.71358215835224914e-01 1.96199328379019211e+00 0
4.00859888703721623e+00 1.50753631362662799e+00 0
6.49771908214934157e+00 5.80721227518719574e-01 0
-4.46173453213258764e+00 -1.73573349964595303e+00 0
-9.46370549750998880e-01 -2.47409942405534888e+00 0
-7.75570165767746955e-01 8.19886705256461457e-01 0
-1.05684505314733101e+01 -1.34654659859748693e+00 0
1.02669342966060606e+00 -5.06034485512394161e-01 0
6.97419311630395944e-01 7.72024464667360966e-01 0
-2.70911800465670183e+00 2.15445102714076198e+00 0
-1.77128783530012202e+00 -7.07629966293204848e-01 0
3.43442734185401699e+00 -9.37022314920050547e+00 0
8.71657235962232058e+00 -2.43677018521514022e+00 0
2.67743730671244107e+00 -9.00193758797142807e-01 0
1.17943102583520698e+00 1.66593365741893512e-01 0
1.29915297477554792e+00 2.53550362102534610e+00 0
2.36315343121114596e+00 -3.05355430769582981e+00 0
-6.51168348053851442e+00 -8.53626509113978749e+00 0
6.48948757024068357e+00 -8.84861222086147414e+00 0
2.60569911562452106e+00 1.41773371724686807e+01 0
2.47501107076318405e+00 1.88735717289626193e+00 0
6.34933683688534201e-01 8.24187373955110436e-01 0
-3.95138843424511199e+00 1.25833333062781993e+00 0
4.71629989758918011e+00 8.35378442792053733e+00 0
-2.79935510610064886e-01 1.18541383024257008e+00 0
1.80913637472391997e+00 -8.73467103787446075e-01 0
-2.48483222712405682e+00 -1.51803219263300004e+00 0
-7.97698842974667688e+00 2.83565213692985685e+00 0
1.41327279831943997e+00 1.59473689933411800e+00 0
3.38289307586085197e+00 -5.37194380225333123e+00 0
-3.29832672010359884e+00 -6.01799594309148933e+00 0
8.12866788585036915e-01 7.96442239163402510e-01 0
-8.01017860882633670e+00 6.22865913687144279e-01 0
-5.98953921421396718e+00 3.60443339984058797e+00 0
4.03532703695423489e+00 6.97637969411632142e+00 0
-7.41128486709427436e-01 2.29714696798068196e+00 0
-1.90621790003087299e+00 -4.97799458614505941e+00 0
-3.11200396445736216e-01 -1.12612412691913311e+00 0
2.49077264459736503e+00 1.19505408301881300e+00 0
-1.74467569470503903e+00 -1.87845148806177109e+00 0
-1.30051856524119192e+01 -2.19084065060780286e+00 0
-8.75821209287205349e+00 7.49207820378035816e+00 0
2.05352657745609096e-01 9.78415803944973028e+00 0
2.16516471907481511e+00 -4.14517722413738188e+00 0
-7.77138510509877922e-01 -4.84548948782109878e+00 0
2.03707135808940709e+00 1.34511711478028206e+00 0
-6.16915242825489862e+00 1.31195632045695909e+00 0
7.22729850017710729e-01 3.43818387343494791e+00 0
-8.58028510331850391e+00 6.09788870526861704e+00 0
1.73045726705599590e+00 6.05694323568044202e-01 0
1.87400786972692801e+00 -4.20193220652960520e+00 0
-3.74899510614392106e+00 -2.45090466170568888e+00 0
-3.01686594658764395e+00 3.83377995960898721e+00 0
5.15777089690384027e+00 -2.62917182617624201e+00 0
2.44151332995147596e+00 -2.35758927542449293e+00 0
6.31160846840376966e+00 -1.07571775680577506e+01 0
3.95841788226268587e+00 -2.46159092641501998e+00 0
6.56794290109014156e+00 -8.34473548486020178e+00 0
-9.57130583482776665e+00 -4.07185606147251900e+00 0
-1.70568793490053094e+00 1.87856548293783199e+00 0
-2.94129396468274518e+00 -2.19486771074622800e+00 0
2.17900276883001887e+00 -7.12320285559721977e+00 0
-1.45916452417919196e+00 3.39846481849665993e+00 0
4.34153266904195156e+00 -9.14551909276790731e+00 0
-4.19369389791614644e+00 -3.43574829204328314e+00 0
-9.23266847887575515e-01 -7.45974094433949908e-01 0
-1.36032289293740205e+00 8.05766499525411106e+00 0
-1.16433560539345504e+00 -6.83205578445509443e-01 0
-1.25507356423567096e+00 -6.99004174025106284e-02 0
1.27291984805145209e+00 -2.76576369078370421e+00 0
2.63937283482494900e+00 -6.44882778832152859e+00 0
4.05481532177140203e+00 8.43641783402079182e-01 0
-2.10982024197918205e+00 1.82607921638495707e+00 0
-4.83033333748916716e-01 -1.10276157750678507e+01 0
1.41672585214139302e+00 -2.62547155018360678e+00 0
-3.29662411997927185e+00 -2.37864766854484122e+00 0
-1.88288671893610093e+00 1.10594973922915996e+00 0
-1.82505606193920000e+00 6.35576378165098443e+00 0
3.10031875089497388e+00 3.76433269371481583e+00 0
-3.89820125224858804e+00 4.10293261073217508e-01 0
8.51180829175532416e+00 -9.66254188415477056e-01 0
9.16106011689133748e-01 -8.41208049835630800e-01 0
-8.64305722231051909e+00 -7.61674669502514856e+00 0
1.11323083620744195e-01 1.19803377825657797e+00 0
-3.39600342209289918e+00 -1.17250435628863396e+01 0
-2.97221825423800778e+00 -4.86658119146987289e+00 0
-2.26988712514737800e+00 -5.56686197056855070e-01 0
1.56412274272941509e+00 1.88383130962937406e-01 0
2.08426882845353001e+00 6.02125417150480735e-01 0
-1.04530916543986097e+00 -1.19362380181491701e+00 0
2.05530745125918379e+00 4.94657090478341033e+00 0
-1.23875688391015402e+01 -7.17129084982958442e+00 0
4.70683464593371337e+00 2.85030304968935910e+00 0
-4.80256531750898663e+00 3.20460999367114718e+00 0
2.01254523499488608e-01 1.25051042776225296e+00 0
-1.45162409554231497e+00 -2.89445264016424408e+00 0
2.08145691648261888e+00 9.14606215466763217e+00 0
1.94966940718912102e-01 2.27991102267367785e+00 0
3.92603822907971400e+00 1.97075109703926499e+00 0
-6.21467297864365076e+00 6.76884234728727052e-01 0
6.12223830416837811e-01 1.22352683343622193e+00 0
2.23390958044964494e+00 -1.27237593129901305e+00 0
1.09029999170082004e+01 1.89557799921686598e+00 0
1.53842406336828691e-01 1.02621697495517994e+00 0
5.77183679161709984e-01 -1.12424165711214608e+00 0
4.05512046208298216e+00 1.27772285482635395e+00 0
-1.12587893427816610e+00 -1.10587275122736406e+00 0
-5.31676629691682034e+00 1.08466328782609498e+01 0
-1.05210403023785393e+01 8.45335438647734350e+00 0
5.07855385148279104e-01 -9.06940479277124623e-01 0
-1.13207840868503307e+00 9.93971774282733755e-01 0
1.10676335746832297e+01 -5.37457357003594871e-01 0
7.27206198748351706e+00 3.75047469873629291e+00 0
6.37392549401445141e+00 -7.36955063827326118e+00 0
1.26245972357649405e+00 3.71744444871610913e+00 0
5.68072918122149684e+00 1.31746392177146205e+01 0
3.28804085942650604e+00 2.96944178475243881e+00 0
7.22782699597532274e-01 -1.45489665762389397e+00 0
1.56173979895505699e+00 -4.91370751322367794e-01 0
-2.31215949139322807e-01 2.01860360669863992e+00 0
1.55361594697523109e+00 6.83897985465140801e-01 0
1.80421018067463801e+00 -3.08468481215129875e-01 0
9.19003549289683974e+00 -4.26851066066690610e+00 0
1.37291773724896404e+00 1.73293640400820492e+00 0
1.78316619385161901e+00 3.69704353363926508e+00 0
5.53283222645715878e+00 8.08320387801749796e+00 0
2.33369796760204506e+00 -4.83848582660617321e+00 0
-2.04906598880384117e+00 -1.77554889798051496e+00 0
7.78170950054661059e+00 -9.48492999596973085e+00 0
-1.10714441386125895e+01 -5.42513798531213287e-01 0
-5.70601794293313258e+00 2.62302499211491780e+00 0
2.41012060000689710e+00 -1.76633714356597404e+00 0
2.52692477334434384e+00 -1.63363014355696690e+00 0
-3.07483407324158620e+00 -3.16438640355831691e+00 0
-1.53241036541060693e+00 2.23964333039221808e-01 0
2.17458968477145492e-01 -7.11577300978596661e+00 0
-7.84717569909915635e+00 4.93435527816415664e+00 0
2.02250446158460084e+00 4.91447003086642520e-01 0
-3.44377293795070816e-01 1.28322518237400507e+00 0
-9.18907905863196461e+00 -9.79452970307911386e+00 0
-3.47739120432855620e+00 -1.51785764382107091e+00 0
-1.17431860088868190e+00 3.86658235654376126e-01 0
5.99285792725609889e-01 1.31230220447410595e+00 0
2.65008021103061608e+00 -5.16757008159579034e-02 0
-1.11405866316080697e+01 -6.66556100577205335e+00 0
8.83390068901704906e-01 5.47964388322271900e-01 0
-4.25191540768340204e-01 9.45458569636668300e-01 0
5.60698693794523972e+00 -8.60572412367087480e+00 0
1.44109504146288692e+00 1.04798957390103098e+00 0
4.23884437541704262e+00 -3.40383055703595705e+00 0
6.46138081151296562e-01 1.43856319572151592e+00 0
-1.63610172622514205e+00 6.28697735025121940e-01 0
8.12045591363722608e+00 6.73169272190876544e+00 0
-3.96065825342509087e-02 1.47911666888935800e+00 0
-6.02315559674953516e+00 3.69600617316699076e-01 0
-7.92522251028951019e-01 9.21627409226529304e-01 0
-2.96405294000023911e+00 1.14433616112514809e+01 0
-2.19519541397854301e+00 -2.47145381153663379e+00 0
-6.40832591129726392e+00 -1.19059608785006397e+01 0
7.48155701336464496e+00 -2.57632257368790718e+00 0
7.61110324950651940e+00 -2.23594603909093603e+00 0
1.96949742073876499e+00 -5.51202619858520149e-01 0
6.85935078324406344e+00 3.59252660509854982e+00 0
-6.24642778992400727e-01 -5.89189072337464381e+00 0
6.07130719508615982e-02 -2.85850629717942084e+00 0
2.31583117973907715e+00 -4.38268634776265387e+00 0
-7.28539151318742384e+00 1.05261642601690202e+01 0
7.71398145261617163e+00 -2.86684180950863299e+00 0
4.43192893702098889e+00 -1.33164751621981603e+00 0
-1.68075491563919299e+00 1.06202300228164392e+00 0
9.05452884715340245e-01 1.08210405512321195e+00 0
1.78954678356261199e+00 1.07305190885683399e+00 0
1.41694800822543199e+00 6.31030829274352612e-01 0
-2.26460534737398606e-01 -1.43932402868047005e+00 0
-4.52481487847746333e+00 -8.53010817022711976e+00 0
-6.67805948134326410e+00 -1.25299520533775599e+01 0
2.05403836005496387e+00 -6.73443855267866542e+00 0
-1.16246848442503006e-01 1.02143394596999695e+01 0
8.47371321801122956e-01 1.91186873997850904e+00 0
-1.25329034994488797e+00 8.09715129999120320e-01 0
-7.31682472500625192e+00 4.99712093175518657e+00 0
3.74807688246731585e+00 -3.26019637686998509e+00 0
-1.89574024244178307e+00 8.85362120183789969e+00 0
-8.15539748574720669e+00 -7.10220337446862859e-01 0
1.21205080234772611e+00 2.50722342105966778e-01 0
3.21294056009840912e+00 3.22117186160049096e+00 0
2.64788030379523898e+00 -5.83827866218757219e+00 0
8.82918460343797307e+00 -1.28956019218345808e+00 0
-5.01240418635639506e-01 -1.20772767693728289e+00 0
5.84230739619382966e+00 -4.18557105759060288e+00 0
6.82881484639694558e-01 8.96881927345900221e-01 0
-2.78950679721709704e+00 1.10784644995840398e+00 0
-1.14566353178013394e+01 -1.61779292549253895e+00 0
-5.23917738515275566e-01 3.13919459090548392e+00 0
2.99601139818487017e-01 2.51336844890781697e+00 0
-4.20383649755673439e+00 5.85625134218711718e+00 0
6.39126092847579397e+00 -3.95291545659306598e+00 0
1.96747312265157803e+00 1.03684293854414000e+00 0
1.23897698422674694e+01 -3.89458548228282320e+00 0
8.54886479021462753e-01 -9.30993023428792754e-01 0
-4.05250633932595505e+00 -2.07418006513758613e+00 0
8.07813012887136495e+00 -1.07607530217928704e+00 0
-2.51983220469025282e+00 -2.83111897266555212e+00 0
7.00124218871135406e-02 2.04100528418765714e+00 0
-1.43034028176350603e+00 3.81004297152849691e+00 0
-7.44881252556067697e+00 1.53252639196103790e+00 0
-2.46960765860941711e+00 3.06284528541457102e-01 0
-3.83351352902255904e+00 -6.84203870251150992e+00 0
-2.30035760739048500e+00 -1.57783167646158096e+00 0
1.12403399922310299e+00 1.32823859921650489e+00 0
-4.53085317525397491e-01 -1.00326338517139702e+00 0
1.08388921047835893e+01 -3.72513183078165300e+00 0
6.79666664209889060e+00 3.58278269555118212e-01 0
1.27339629544033395e+00 -5.06814349236167083e-01 0
-9.63178004842304603e+00 7.91849985880023421e+00 0
3.88610706798326300e+00 1.07813118590227504e+01 0
4.26872947153893723e+00 1.17503815485904894e+00 0
-1.11469182506128792e+01 -2.30436943759623913e+00 0
-3.14864916464303013e+00 -4.54957148351634721e+00 0
-6.86327903586522625e-01 8.88268574336493200e-01 0
-7.78665717785618394e+00 -4.22899083513494212e+00 0
-4.82747691482811891e+00 2.62383474643985304e+00 0
2.21187317217377100e+00 -9.57455753662130982e-01 0
1.19830124919705394e+00 -1.72659546992474411e+00 0
-2.22342800494140791e+00 -3.31796084851449291e-01 0
-1.76008570317537205e+00 9.37285867914190618e+00 0
3.00160419522532607e+00 1.42883129455778912e-01 0
4.21372805306383713e-01 -1.10171549931495205e+00 0
-8.86416821015058365e-01 -9.92803056054903044e-01 0
-3.97912482616406882e+00 3.46132905880966391e+00 0
5.40157546691218027e+00 1.04555305573431294e+01 0
2.01654384307431989e-01 -1.34766411141347509e+00 0
-5.75629868022058733e-01 1.21087245244099506e+00 0
-1.52629509335923497e+00 -6.42860842241054331e-01 0
-5.27171230741328500e+00 5.38366498101275859e+00 0
8.64843491801634379e+00 5.23634905570517617e+00 0
8.54422888011657333e-01 2.25322125683185304e+00 0
1.40837181662481892e+00 -4.10643043227371862e+00 0
4.91045006125853867e+00 -3.32934940993319506e+00 0
-2.34175492571510002e+00 -1.24802675865813595e+00 0
1.82805050086194698e+00 5.36073318194684934e+00 0
1.78689901844929810e+00 4.24892977055000121e-01 0
7.35339107763353539e-01 1.84350492156852508e+00 0
-1.44363565111984893e+00 4.55507340006079708e+00 0
4.39388302667272801e-01 8.24317793853097314e+00 0
4.49664885065741160e+00 -8.05559698458644036e+00 0
1.21736214475817306e+01 -9.59723251630883178e-02 0
-4.07233896474187862e+00 2.92498656250227995e+00 0
7.53379822276942890e-01 -9.27344071386927538e-01 0
2.45366577663176288e+00 1.19681010344431904e+01 0
1.03926127854105199e+00 -2.36263543956845810e-02 0
-1.42789488111234597e+00 6.45297639825670544e+00 0
6.27238758765486271e+00 -1.34219867905918711e+00 0
5.11214087269342143e-01 -1.75908828545255091e+00 0
3.44068286954992197e-01 -2.40440424502505978e+00 0
-3.85216844655417079e+00 -7.70811455924887978e-01 0
-1.23397606521056602e+00 2.57426493723641681e-01 0
6.70096905929412490e+00 2.64778805815277885e+00 0
-1.05337669701890597e+01 2.01356600457795709e+00 0
-4.90368083528784471e+00 -3.40268134537614886e+00 0
-1.24115259015871104e+00 -2.03052568890828100e+00 0
8.11738607317918692e+00 -2.82424692543244715e+00 0
1.83785234872579206e+00 -8.30813609247657681e+00 0
1.01972277505042701e+01 3.39675810649566201e-01 0
-4.47315150873367440e+00 6.85590893489289943e+00 0
1.96907627276457498e+00 2.45530602602406889e+00 0
3.06801938406672525e-01 1.49125489139254697e+00 0
-1.27500685615799608e-01 -3.19216142067622988e+00 0
-1.47299892784618902e+00 8.64176369494075614e-01 0
4.66838450552987272e+00 -8.75455735306673588e-02 0
-1.25846003611857893e+00 1.03303775198129300e+00 0
6.92330614965762070e+00 -1.35471476283654590e+00 0
-4.91855679891256869e+00 5.77535167064333343e+00 0
-1.35887560102592997e+00 -1.64182592638873004e+00 0
-2.44342098295879318e+00 -7.33214156640009773e-01 0
4.07153404368374527e+00 3.70871513889076188e-01 0
2.58261510188190613e+00 -2.69240096072320778e+00 0
5.46747893239211713e+00 6.37556276569702796e+00 0
1.45184925767661710e+00 3.78346693710128790e+00 0
5.05318428151243815e+00 3.87387662842184000e+00 0
1.16429642779670606e-01 -1.03246284933440702e+00 0
-4.61631713285102996e-01 3.95413666430557509e+00 0
-6.70333592727740690e+00 3.16725700465010696e-01 0
2.69280083606085396e+00 1.70279577143857996e+00 0
-7.56814883356120793e-01 -3.77055294532122121e+00 0
1.88166929297012198e+00 -1.24027513107233798e+01 0
-8.53604810438224559e-01 5.84368553447612515e-01 0
-3.59326858166739616e+00 3.33706812736121394e+00 0
5.71075353560460108e+00 -1.87964842440690494e+00 0
-1.15443955885545790e+00 2.01184519001831497e+00 0
-7.00942207094605507e+00 1.25275337843924692e+01 0
-4.82887081153949982e+00 1.43123700182031310e+00 0
-1.17066154970635399e+01 8.34601659501385207e+00 0
1.96151552869651291e+00 8.03024444587873143e-01 0
-4.16326347038859901e-01 1.02980940857204906e+00 0
3.92363045562395296e+00 5.12367518746855044e+00 0
7.51300384108019603e+00 -1.58802606250433209e+00 0
-3.35360356158744999e+00 5.17611772626234057e+00 0
-3.91895192777851120e+00 -1.34171621585453793e+00 0
-9.62529920694346508e+00 3.68021420782613795e+00 0
2.06660880253212698e+00 2.59431655211576784e+00 0
-1.46754804191173793e+00 -2.56115904607070499e+00 0
-5.60691272893337000e+00 3.21930851827339604e+00 0
4.51727169237653303e+00 3.65270301037943890e+00 0
-1.91285862254027195e+00 -3.17880571281640711e-01 0
6.41140837596473379e+00 1.00712480569047091e+01 0
3.69902381553510906e-01 4.14834931069494139e+00 0
-9.43372527128400407e+00 -1.08439717394004091e+01 0
-6.54264968405724595e-02 2.91028494783007519e+00 0
-1.70573799478323906e-01 3.54664127819423181e+00 0
8.62906792069735218e+00 -1.72931605064651195e+00 0
-8.42048351633534864e+00 -1.00313101035407808e+01 0
-9.04924396924332020e-01 -5.12538172205519449e-01 0
2.54874198366855786e+00 4.81280392638597121e+00 0
-2.31284296052844995e+00 1.01987298673507691e+01 0
-6.75570643963229189e-01 1.46857165535594403e+00 0
-5.24565299687475228e+00 -3.90821931706890879e+00 0
5.53875643816933128e+00 -6.34283351777952387e+00 0
-1.82514203908459294e+00 -4.02694752036356685e-01 0
-6.01955258260692538e+00 5.29967629717292965e+00 0
-1.73190332437005989e+00 -2.55753550753363479e+00 0
-5.64022458380074809e+00 -1.10878859072852194e+01 0
-6.46834541714637812e+00 -3.01875568036019581e+00 0
4.74759387678550693e-01 4.38673561243296728e+00 0
-1.63106651215784892e+00 1.68946399780626710e+00 0
-5.18002184709158708e-01 9.06028540936611670e-01 0
-8.77325476937760529e-01 8.69052281406466842e-01 0
-2.07477571903050295e+00 -5.94222287704354191e+00 0
2.35346710164212514e+00 2.83933529549674990e+00 0
1.94107810629481313e-02 -1.03740149770922496e+00 0
3.85175218191224111e+00 -4.57916579275842039e+00 0
-1.06586758399534194e+01 -5.95892773074428561e+00 0
-8.43754340238517808e-01 -6.46401936792875897e+00 0
5.48335173391766628e-01 -7.28911805930992962e+00 0
-9.49865658728224260e-01 5.94631351583287726e-01 0
5.23115393441467980e+00 -3.74968110027079415e+00 0
7.15482542170330138e+00 2.78969664029027786e+00 0
-1.05518486139850909e+00 1.96126990626817910e+00 0
1.83732801470968399e+00 -1.75721289652964408e+00 0
-4.99762222519135690e+00 8.72477822556698368e-01 0
2.96624772274906201e+00 1.90440140266513791e+00 0
-5.00602628809392058e+00 -7.19638474771357117e-01 0
-5.33816558611480385e+00 -2.80074317624213398e+00 0
-5.28452984381827395e+00 -2.47037467596700616e-02 0
2.23381984209428897e-01 1.08962065246469209e+00 0
8.09673819738213041e+00 3.62010767018667190e+00 0
-8.46477920274468665e-01 -1.80343783733564611e+00 0
-1.58710043560964098e+00 4.80516590202289595e-01 0
-3.50574172131983985e+00 4.30752235930760119e-01 0
-2.59933427167952402e+00 6.55861896296458302e-01 0
5.08678234820340425e+00 9.30512300376603818e+00 0
-1.71452168771218993e-01 -1.02233296848931898e+00 0
-9.33516562634711988e+00 4.60252952930855397e+00 0
-1.05891815916640493e+01 -4.45794707016393499e+00 0
4.23354232931879682e-01 -1.41139113195588695e+00 0
4.79843767876711258e+00 6.34636084452885907e+00 0
-1.86369897779235294e+00 1.84780665753950291e+00 0
5.86640218232090493e+00 3.05309902242770903e+00 0
9.45880654893626049e-01 4.29443848937755890e-01 0
-3.75353084326287600e+00 -5.50483321678017656e+00 0
1.33379288111500793e+00 -1.13155951189658293e+01 0
-9.77574378342829320e+00 -3.52827308642595083e+00 0
-8.71332832742217622e-01 5.18897808415825335e+00 0
-2.51985286229902483e+00 3.32046481384973990e+00 0
2.11373979552046887e+00 2.36076069114810189e-01 0
8.83768348711864715e-01 3.52552097206727089e+00 0
3.85082495975735695e+00 5.78059182338891109e+00 0
1.34252083285426704e+00 -2.93298495598628817e+00 0
3.96139402577225308e+00 3.45710419251162193e+00 0
1.60931057381778791e-01 1.97668634532817000e+00 0
1.12937869245900102e+00 2.97146291806631879e+00 0
1.30619937203420609e+01 2.28356364717562510e+00 0
6.99637023545852088e+00 -1.25775146018873301e+01 0
3.02769261297867986e+00 -1.24951749367206499e+01 0
8.01129310684764562e+00 -2.17775632628563720e+00 0
-4.42365645091956583e-01 2.23221159905112820e+00 0
1.05137886146452892e+01 4.90491451695442304e+00 0
8.20863101058283107e+00 -3.55790925954604420e+00 0
-5.29264813802991263e+00 -1.07080942412343605e+00 0
1.14399952449310005e+00 -4.68913489105571291e-01 0
1.33149502199569492e+00 -1.95694932538813510e-01 0
-2.03123202753012988e+00 -9.88790924359722645e+00 0
-3.07768816883966378e+00 3.45830550216551114e+00 0
3.70141443894118716e+00 -2.10077058577825193e+00 0
6.14529578410335997e+00 4.37250371572907692e+00 0
-1.71164052200360195e+00 -2.22289061342922301e+00 0
-2.33894308877375612e-01 3.11906419124775702e+00 0
1.02439801736322611e+00 2.70722205024821294e+00 0
5.14188535898666088e-01 -1.04505308613327497e+00 0
3.28509780726880685e+00 -7.29255146258740328e-01 0
-4.49136164898727941e+00 1.85426917633798305e+00 0
1.58894660195331405e+00 -1.44547872794216903e+00 0
2.76942308047576713e+00 7.83686170898264667e+00 0
1.18876740725283106e-01 -4.32049989477490737e+00 0
-9.59459640106097966e-01 2.01410279084236521e+00 0
-8.14798750005948369e-01 -1.14834855633622102e+00 0
-4.60392153666826598e+00 6.86139136709863373e-01 0
-6.64844222389487816e-01 1.18528744906347305e+00 0
1.03084789832678103e+00 4.05518930224716190e-01 0
1.25912357704424807e+01 6.82522737862592077e+00 0
1.09375199152816993e+01 -9.45251380576944733e+00 0
-3.70180259784988974e-01 2.93806525472457114e+00 0
-1.94193195584762401e+00 -9.93477239385737176e-02 0
5.36080439732873071e+00 -1.49139455368577001e+00 0
8.10247904910534622e+00 1.82063885161110689e-01 0
-5.53700915540631389e-01 -8.77196588353090223e-01 0
1.01884949067758401e+00 -7.71043938017628716e-01 0
4.75240748690836678e+00 1.13338451477367101e+01 0
-7.97485565828233822e-01 1.43844751774248492e+00 0
-1.47405399373637502e+00 -2.95799581427236113e-01 0
-8.43005939316470254e+00 -3.82119027328312511e+00 0
-8.07899768682092123e-01 -3.05029948566779208e+00 0
2.80719933155285295e+00 -2.04175157041738484e-02 0
-3.85122378748347893e+00 -3.78930432253867910e-01 0
6.25069906020699584e+00 4.03834845794422304e+00 0
1.51636324118972010e+00 3.12090505340198276e-01 0
-1.06867767201939294e+01 -8.22101592336079179e+00 0
4.50581822460389958e+00 -5.01250445948989154e-01 0
2.04092060073518500e+00 1.60183275692653204e+00 0
1.11609249629506202e+00 2.33395715058822908e-02 0
1.34262732520933703e+00 2.07746757071694210e+00 0
-4.39573122109062009e+00 1.47750629592802096e+00 0
-3.89996489843953908e-01 -1.96425641484243907e+00 0
-1.48847327064173607e+00 -2.24617790982757803e-01 0
1.09760219544844206e+00 -2.76022236021898182e-01 0
1.08782799752066595e+00 -3.23383634670011799e-01 0
1.48722908111528995e+00 -4.49339381010524441e+00 0
-8.13715142553659909e+00 5.40064583024951794e+00 0
2.03012561993884111e+00 3.11677662919112297e+00 0
-6.79686390600807377e-01 3.18120265222052501e+00 0
6.35412564161800031e+00 4.66238687057476042e+00 0
1.06704662616074697e+00 1.64939179017455695e+00 0
1.93046785054435999e+00 -2.42108533217834293e-01 0
-8.88256806643874852e-01 6.60448234780208576e+00 0
1.77675372054852798e+00 -4.46382918021004915e+00 0
-1.27294449301066592e+00 -1.52098523546709297e+00 0
-1.82270036675311098e+00 6.10750539353648869e-01 0
-3.08773044408764097e+00 2.03374974946626308e+00 0
-4.47008186385075401e+00 3.87455869787354290e+00 0
-3.95751336361218309e+00 5.32678554293661843e+00 0
8.68821057781849504e+00 7.53971729943250590e+00 0
-4.48421986016547613e+00 6.15817025600340440e+00 0
-2.78748226259196397e+00 7.98070730688990970e+00 0
-3.21622093816390509e+00 8.27038741584154202e+00 0
-4.69509775508519023e-01 -3.79860928800241604e+00 0
1.34547718448738896e+00 -3.84912884116707377e-01 0
-1.18286979974993600e+00 5.13805690092754563e-01 0
4.82285470561116014e+00 2.37253164290286511e+00 0
-4.71356288841524496e+00 -1.06344163222838599e+01 0
-6.67347131765767765e-01 -7.96284668459172784e-01 0
1.32058345969878910e+00 -2.19816249662990115e+00 0
-3.07876091211735403e+00 4.01096485517076107e-01 0
-5.54970816452367344e-01 1.36190035273764098e+00 0
-4.92383167578595016e-01 1.40178260413579991e+00 0
-4.74263807679328075e-01 -9.22561407684817758e-01 0
1.32171602782274911e+00 -1.10790377719693200e+00 0
-1.72357453811935990e+00 1.18851012804687794e+00 0
1.90532357985043799e+00 -7.47850540093670690e-01 0
9.45297962716325380e-01 -2.86535919329242494e+00 0
1.07956795594757504e+00 5.57203793418904803e-01 0
7.66012410006314237e+00 7.97315739348083086e-01 0
-1.62584153730831105e+00 8.03793745861629216e-01 0
-1.30903897505095990e+00 1.60742124584769908e+00 0
3.86335117582296705e+00 -3.66548734509302720e+00 0
1.11506641061250509e+01 -5.69861592886389801e+00 0
-5.27287514769578092e+00 -7.13378901292700540e+00 0
-2.59827440113551100e+00 7.90817134502421887e-02 0
-3.73030124526612883e-01 6.83470258652808482e+00 0
7.28631829968672040e-01 1.25755597967834798e+00 0
-1.02325256957628294e+01 -2.12164092022458606e+00 0
2.59772563629545505e+00 -2.94624058506152497e+00 0
1.69394460801976909e+00 -2.46925736262729512e+00 0
4.10965434674102159e+00 -4.02134141321046368e+00 0
7.67906078152467320e+00 -3.83837663937157814e+00 0
-4.80549914599157579e-01 1.62803226165724402e+00 0
-3.84993676671335683e+00 6.03426147917081757e+00 0
1.51737391615442707e+00 -1.02097698692508310e+00 0
-3.54933217563234482e+00 9.55877693825541219e-01 0
-1.12548930895377701e+01 3.11695511676441495e+00 0
-1.26173552694171898e+00 1.13450782093480598e-01 0
-1.15974192529381903e+00 -1.56743138986717712e-01 0
6.82306539993681760e+00 1.01016438328775404e+00 0
2.45236690519925693e+00 -2.42837119963116299e-01 0
2.52897626403758391e+00 2.59761586024949320e+00 0
1.84853430335993196e+00 -1.49933505590501404e+00 0
3.69554654766860891e+00 2.64450544174680191e+00 0
5.31288840452120681e+00 7.69937559100636992e+00 0
7.75596310174793913e-01 -8.40079234692354238e-01 0
2.66694726614248001e+00 5.81069466007478219e+00 0
2.62968890293125890e+00 1.85735924403824093e+00 0
2.33234360697960691e-01 6.13699151671561793e+00 0
1.54172839312114407e+00 4.17603378307520923e-01 0
-1.70061465851957405e+00 2.39654407262364799e+00 0
-2.49614896273223996e+00 2.34199845044517296e+00 0
-5.28795700473814412e-01 1.89264182829631511e+00 0
1.42932827952856889e+00 -5.88840558127654679e-01 0
3.70006275329506495e+00 6.81341001577476924e+00 0
-1.41347588132597100e+01 2.40393648759571210e+00 0
-8.24855725420174224e+00 -4.25168922854874776e+00 0
-4.86387832962656308e+00 -2.81391970170048689e+00 0
1.14431598654569711e+00 -2.58767066353048025e-01 0
-1.17989970732149896e+00 -5.42160167419299177e-01 0
4.04752135555806414e-01 2.83032964373489815e+00 0
4.44871273306991100e+00 -4.51633483558132376e+00 0
-1.75872556120465595e+00 -1.57932229629944992e-01 0
3.73319501843936008e+00 1.80749086078511989e+00 0
-5.44696302282431688e+00 -2.22785038720423501e+00 0
-2.03190055291167709e-01 -1.28434530487688803e+00 0
-6.74303903681801597e-01 -1.42539334762564507e+00 0
-6.20579962978967359e+00 -1.64000487320308297e+00 0
9.68114312800974375e-01 1.41609768769805600e+00 0
-8.36757341672349608e-01 1.56776239346925905e+00 0
8.46169373613762765e+00 -3.92882740772912298e+00 0
-2.44669166598184207e+00 1.21401253017034505e+00 0
1.02210784787695808e+00 -1.85927783078391995e+00 0
-1.58492532144862608e+00 -1.26260393336158988e-01 0
-7.50908629066577404e-01 1.24190856439718189e+00 0
6.63037101650261285e+00 3.97270163290725220e+00 0
1.34562247707680993e+00 1.13442760191199499e+00 0
-5.77160292541065267e-01 1.58717301059370608e+00 0
6.18325715310684476e+00 9.50271395733793156e-01 0
-1.47388320671989792e+00 3.05199377752789180e+00 0
-1.54946776848101408e+00 -7.96804816219615297e-01 0
2.17058345090989580e+00 7.55520191574248656e+00 0
-1.66063331357587489e-02 4.88642473591528859e+00 0
-4.38914422119565106e+00 -1.27163959306424204e+01 0
8.17456246678818887e-01 4.25209317795108177e+00 0
-1.68996764198353699e+00 -1.05929711938104609e+00 0
-1.18311277951317195e+00 -2.99958694542115378e-01 0
2.52461914182763403e+00 5.14968982225665006e-01 0
-1.19858113019500401e+01 1.06219014850665006e+00 0
9.31133248320209539e+00 -6.06641491320121795e-01 0
9.68878179562237651e-01 -9.99282872328002725e+00 0
4.16917040247108606e+00 -1.08903457226574396e+01 0
-7.77874475487788342e+00 5.77540504554957312e+00 0
3.22589245418407611e+00 1.65276956245792706e+00 0
9.08243440028660132e+00 1.72973252817311107e+00 0
3.57410365328656621e+00 -1.43833061487338409e+00 0
1.54626781595930107e+00 -5.74340984887672690e+00 0
-2.87559695531556692e+00 4.27380574392632884e+00 0
-4.28995788994342142e+00 4.92263824483291668e+00 0
6.52071463667047713e-01 -9.53281649373075135e-01 0
-1.01275013051191709e+00 2.92426527534351122e+00 0
-3.13127255917535186e+00 -3.35516597184225607e-01 0
-8.53814894681130276e+00 8.16088429530151238e+00 0
-6.78452748534325467e-01 1.05014329280592711e+00 0
4.24325180140313674e-01 -1.04918710342506105e+00 0
5.12837053809868548e-01 1.41379275873915899e+00 0
1.17924661980617596e+00 -4.55054382469586780e-02 0
-1.08316150210905304e+00 9.51243941071548638e-01 0
-6.34246787585811211e-01 -2.53371414970641196e+00 0
-1.13556129746296697e+00 2.36608945833479600e+00 0
-1.44118044751057695e+00 1.24174349832146591e+00 0
-9.38420195173309324e+00 -2.07142439231363307e+00 0
3.82051095311972810e+00 1.38650914879980807e+01 0
-4.14273408824514799e+00 2.00550537361003589e-01 0
-2.56186864220011090e+00 -2.44431895201470395e+00 0
-1.89292095998843402e+00 4.35686666662627697e+00 0
-6.50920194581730271e+00 -1.96879305279011696e+00 0
1.31540666091711400e+00 9.45789119508594212e+00 0
4.66393951872152213e-01 -1.02265631455405193e+00 0
2.64577911023367585e-01 -1.08506327336755093e+00 0
9.99142851278617961e-02 -2.05861006764614318e+00 0
6.08649540092428243e+00 8.98048868259747124e+00 0
-5.69534737395608737e+00 1.46124676685589594e+00 0
-2.14100502631185119e+00 -1.45641597331399608e+00 0
9.48335944528473007e+00 -2.75116268546019915e+00 0
4.69233988882673980e+00 8.80555282379383297e-01 0
-1.92371229474178995e+00 6.81627718094254842e+00 0
6.55924019682583515e-01 4.66961532271688196e+00 0
2.65278240368143001e-02 -1.23702981658616906e+00 0
4.10556525991995880e+00 -8.17340480622882026e+00 0
-7.86595213872842924e-01 2.57298314640810188e+00 0
-3.98860825670062491e+00 6.48879800335384527e+00 0
9.34168043369125289e-01 -1.37820900799276491e+00 0
2.98726429801005611e-01 9.94124273554786275e-01 0
-5.58010130918236702e-01 2.73833216070001617e+00 0
4.80043563416019925e+00 -1.16968422404482801e+01 0
-5.20144202346996543e-01 -2.00985661164372686e+00 0
-4.93158025733402372e+00 7.37947120708674564e+00 0
-1.05304520445356009e+00 1.16469021508085091e+00 0
-9.00819961255743351e+00 -5.44357908352459141e+00 0
7.14949104472352293e+00 -3.64354166618543385e+00 0
-1.11991267496420699e+00 -2.28646427403440683e-02 0
5.50267379760407938e+00 -3.51013404128779882e+00 0
-4.97472002721501411e-02 -3.86350268652131712e+00 0
1.19482682539200091e+01 4.05393511336529766e+00 0
6.03905744131364219e+00 -8.37491227222117551e-01 0
-2.21292745386279410e+00 3.01195520884445289e-01 0
4.39358416467390356e+00 2.75384708907453479e+00 0
3.35564328081259688e+00 3.68768796497200491e+00 0
1.22611928714372205e+01 -2.79810078675466389e+00 0
-4.68136727016863874e-01 -2.84572395700139813e+00 0
-2.03699116497497806e-01 2.52131879472984100e+00 0
-2.35518478327072200e+00 5.52689597405652489e+00 0
-7.20690239807956323e-01 7.82505921331798060e+00 0
1.08175373320127992e+01 -5.24211944497553262e+00 0
1.17021807517207499e+01 5.25555744051988505e+00 0
1.46900322723044208e+00 9.13923436499120556e-02 0
-2.65685143120239209e+00 -1.61605366348308799e+00 0
6.25889771780160675e+00 2.21749012053323913e+00 0
8.29159298330612238e+00 2.07360577573171900e+00 0
5.02147903260955530e+00 -2.19253918330594910e+00 0
-1.21039797504880209e+00 -2.90444480377721481e+00 0
4.75981751468085079e-01 -6.16544515829552431e+00 0
-5.06208855262019863e+00 4.64725413806356258e+00 0
1.64521831920702999e+00 5.53785147346548823e-01 0
1.10517135026322211e+00 1.23124156160727305e-01 0
1.67732867789694007e+00 -4.01616684528538226e+00 0
-2.02507869973256982e+00 3.73815424882282121e+00 0
1.00115770619428304e+01 4.48675354362758672e+00 0
1.55801286313584608e+00 -6.34232418468658077e-01 0
-2.40336922364789185e+00 -1.89779702037253806e+00 0
-1.29152326755266191e+01 -4.42349078650419436e+00 0
1.04281290358489809e+00 -5.92089006059974166e-01 0
5.20754461252701617e+00 -1.09549840054241998e+00 0
-1.23691154233215594e+00 3.05654686734006198e+00 0
8.37067127319627247e+00 -3.17111353390326212e+00 0
-9.30511845496693901e+00 8.50593107057387066e+00 0
-6.77990922799029239e+00 1.36938966966859899e+00 0
4.88536809885075662e+00 -5.01837184507139078e+00 0
-9.37085888544974210e+00 6.86812053449106763e+00 0
8.45490641506214047e+00 8.09413071582628341e+00 0
-1.20897187822534602e+00 -1.30021677983092410e+00 0
1.37779335080613907e+00 7.49383501888017278e+00 0
-1.23444939148919897e+01 2.93084821203079082e+00 0
-2.49433714305444409e+00 -9.85739956735391831e-01 0
-9.44300718594825028e+00 -5.48962876952484691e-01 0
-7.64547312367048759e-01 7.77068357665218978e-01 0
7.44144899925391484e-02 -1.33402945404391593e+00 0
-2.78208421187112886e+00 -3.65574038055588302e+00 0
-1.33313297051715995e+01 -1.42832988849445708e+00 0
1.25692088051525204e+01 -6.90068759465265558e+00 0
1.17516068166776098e+01 -1.17250076552091098e+00 0
6.03006185456680166e-01 -4.40711248676383160e+00 0
1.20941604645169898e+00 1.89441955789494099e+00 0
6.51365038376951144e-01 -1.18564759843311807e+00 0
-1.10442725952436094e+00 1.21121611495245296e+00 0
4.07255690261170589e-01 4.82045184337997856e+00 0
2.51603424178938795e+00 9.04061641461720100e+00 0
-5.08746420743917516e-01 -3.38532854927255089e+00 0
2.66444214206661778e+00 -4.72677268644339765e+00 0
-3.95913395859861031e-02 1.15895106522393299e+00 0
-3.02774732713330597e+00 2.22112725372725084e+00 0
-1.25300863647024805e+01 8.03987734954993760e-01 0
-5.77358776883180624e+00 1.11317653101387108e+01 0
-8.83877329940395029e-01 1.43483533946937603e+00 0
-2.93987551952041715e+00 1.40576457532783703e+01 0
-1.65308147149566609e+00 -5.12999141206155751e-01 0
-1.58726471855451301e-01 -2.86914628946594696e+00 0
1.39050849677274502e+00 -2.33016193254481818e+00 0
7.10996831373821703e+00 -6.60596585997094365e-01 0
-8.76119677386177997e+00 -2.93674768269016395e+00 0
6.18708823967017985e+00 5.00676117316853642e+00 0
5.56315774925332285e+00 -6.50409552769456722e-02 0
5.88511810835629401e+00 -1.54784142772087407e-01 0
1.12306099841588192e+00 -3.60915208034389479e-01 0
9.66471984096198389e-01 9.28958720732025900e-01 0
-9.93389069009841696e-01 6.01788525881589997e+00 0
7.44732784069834342e+00 -8.47086568906636828e+00 0
-8.18504812605487508e+00 -3.40381573023061890e+00 0
5.45875202519046265e+00 3.51192655764292816e+00 0
-6.75042490186996069e+00 3.87943798151104113e+00 0
-3.26932778378492606e-01 -8.47251601602337701e+00 0
-7.27361043452809675e+00 -9.93496294451416162e+00 0
-2.81269829756516021e+00 -3.48486578585350815e-01 0
2.05643732272012292e+00 -6.59286893804432284e-01 0
-2.52934722540791190e-01 1.00379693094548306e+00 0
1.37103437002708195e+00 1.38170684789453713e-01 0
5.85590584895617461e+00 -9.50431643378998103e+00 0
1.32395365674740395e+00 5.77823697423883842e-01 0
1.39539729585251893e+00 1.96294647652809595e+00 0
2.15611012358754195e+00 1.30478745749736902e+00 0
6.29723853728252525e+00 6.24397272817699278e+00 0
-6.65098274339106288e-01 -1.08043310105771706e+00 0
1.99880654140805802e+00 -3.39428572756218405e-01 0
-4.81357675150621844e+00 -6.31665373203436492e-02 0
1.59025888361478795e+00 -1.55551482294202392e+00 0
1.60532482433554491e+00 9.85454948755690952e-01 0
2.31157728901630194e-01 3.80186495790169099e+00 0
-9.69736789959538381e-01 8.86652506091276882e-01 0
-1.09353228141072489e+00 -7.78425445836839036e-01 0
3.90553086112980119e-01 -1.17277276392151197e+01 0
-1.17436144809849297e+00 7.16801506353318185e-01 0
1.72522392735166408e+00 -1.43435323306443401e+01 0
7.40880737444735882e+00 2.04945240085558505e-01 0
-5.18607334059089808e+00 1.33342443171246305e+01 0
1.48323209974091408e+00 -7.54274458879656162e-01 0
5.72034856654487012e+00 -2.18854713708971715e+00 0
-5.19840279909012626e+00 7.38194400945556994e-01 0
8.71589202088738135e-01 7.99980003651514116e-01 0
-9.24448918887800453e-01 5.71416411881531605e+00 0
1.25023327902645809e+00 1.21305523165730711e+00 0
-6.33065287360624840e+00 4.92036080266329723e+00 0
2.64709269163319005e+00 2.16333420188762393e-01 0
-8.77360643937262652e-01 1.96391652798235006e+00 0
-3.54856184382482009e+00 5.64545446485291791e+00 0
9.85804433700576688e+00 -9.26018866969686449e+00 0
5.47564914646785184e+00 -7.16298504740295616e+00 0
-9.88207032683987574e-01 -4.97141105108096615e-01 0
-1.33370359907234608e+01 2.35010617372180119e+00 0
1.13097340979424898e+00 -7.78908285630549813e-01 0
6.96024914113426973e+00 4.92016767055660331e+00 0
-1.35130619937604699e+01 5.13433133422916566e+00 0
-7.09181182467008941e+00 3.70122285504444282e+00 0
-9.42637864122588875e-01 4.30144247777143773e-01 0
-6.90126640734174124e-02 1.75098923012875507e+00 0
3.70678445056397399e+00 2.33916017290406814e-01 0
1.35783409923862508e+00 -1.77097071564569197e+00 0
3.49855135835944298e-01 1.14584606979394299e+00 0
-1.42319292584594503e+01 -2.00582114219468810e+00 0
3.21501907863435710e+00 5.87627905953898289e+00 0
1.38301182024132197e+00 3.66640707976593982e-01 0
-8.18438772082134336e-01 3.81489988962437021e+00 0
-5.25490375203825888e+00 1.66418709718700808e+00 0
-1.00957659045125103e-01 -1.45640668728361300e+00 0
-2.43244558402267019e+00 3.65218194962315712e+00 0
-1.58395446520226790e+00 9.30036394329688099e-01 0
-4.60285091739779340e+00 5.42437827810160744e+00 0
-1.19839454371755894e+00 2.00300922012716903e-01 0
1.04412095597761700e+00 3.19836428600516698e-01 0
5.83051717886479270e+00 5.02188160780048243e+00 0
-1.13627777309949196e+00 -7.09617324801177940e+00 0
-1.49377744309136196e+00 1.07604054211006108e+01 0
-4.64667888254712391e+00 1.05630423040377508e+00 0
-1.27980012590206793e+00 6.10547303901040728e+00 0
-5.79743353532193972e-01 1.06444679969805800e+00 0
-1.29943698682240392e+01 -3.59673733848662280e+00 0
7.42866042985313890e-01 1.15920948215243791e+00 0
1.38239514924087398e-01 2.87849094671825378e+00 0
1.18094483487665691e+00 8.03906111904274190e-01 0
1.06408256373799900e-01 -1.80449901168796889e+00 0
1.19560440064990603e+00 -5.76260892346713294e-01 0
1.00686596931582208e+01 -5.69161841290399373e+00 0
1.30850557702433896e+01 5.87100713513026662e+00 0
1.46706175186527599e+00 5.71223160078780157e-01 0
-4.56238402396962783e+00 2.07193836507634588e+00 0
-3.19296884903252209e+00 -7.25894861863927066e+00 0
8.24450712516637818e-01 -6.28149323698536821e-01 0
-1.35045669706207994e+00 1.31622240192685092e+00 0
8.54613072178068123e+00 4.42575746061967834e+00 0
-4.15759367384565959e+00 -4.99183327316922298e+00 0
2.67074256093104478e-01 3.16131313918225487e+00 0
-3.34530795362292199e+00 2.31771694771672587e+00 0
1.42672221121616399e-01 1.87604212005260695e+00 0
7.22385433224092766e-01 -7.53005305949894121e-01 0
6.00830390048269969e+00 -5.26855041830581605e+00 0
9.50427179012603207e-01 -2.35429684557442309e+00 0
-1.48255141555450209e+00 5.87606394313164326e+00 0
-1.06928021667025697e-01 2.03629066271888393e+00 0
9.36380776573144047e+00 7.71949528192236567e+00 0
-1.17185570698683406e+00 -3.52547781265925986e+00 0
3.36530690508555708e+00 -4.38815359226186708e+00 0
1.98391358960703790e+00 -3.05899192152923005e+00 0
1.71999202284024300e+00 -6.79306280294511455e-01 0
-2.92998534850772296e+00 -7.13560487968211699e-02 0
1.80573462966669807e+00 8.59784333645298493e-01 0
4.35198859827824958e+00 2.03832826499211217e+00 0
1.03502030504080107e+01 -4.18158980107910860e+00 0
2.73206696788121199e-02 1.35097420042256910e+00 0
4.76551552638236942e+00 4.14035385773740039e+00 0
-4.31938022531603516e-01 -1.00571514015338508e+01 0
-1.44950116443733901e+00 1.08377108610150097e-01 0
-2.47235045488709604e+00 1.49877241820108509e+00 0
-1.99091847210656803e+00 8.99544919904203932e-01 0
3.69073558238756005e+00 -4.14958598569320181e+00 0
9.91085845371630025e-01 -5.98059788420851834e-01 0
-1.83467754951727602e+00 1.02238352139435906e+00 0
-5.51311455442769027e+00 -8.72863209215138158e-01 0
-9.24803440087301420e-01 -6.30090174984780926e-01 0
9.01580299504873395e+00 2.49387755497690700e+00 0
-1.92053233039204896e+00 5.64347593604303288e+00 0
-1.06707355883331392e+01 1.44828539574701498e+00 0
8.93786013143474989e+00 -2.76565178850503779e+00 0
9.70582753608690751e+00 -3.72874572644265212e-01 0
-1.84095301554519308e-01 1.18156231839578907e+00 0
9.15320469619851501e-02 2.32894080144957893e+00 0
4.50902098533180506e+00 1.07847770571182302e+01 0
-1.26624872535386901e+00 -7.48884859523620050e-01 0
1.53037427532241899e+00 1.17622377288849811e+00 0
-4.40058992608950472e+00 -1.37599308238438098e+01 0
6.11579305959956465e-01 -2.54809735775326018e+00 0
-6.85539121004285068e+00 -4.13403753810247121e+00 0
8.07562779928629482e+00 -1.08413231650369095e+01 0
5.61099036411845109e+00 1.10175666077688508e+01 0
-2.91777502955835599e+00 -1.23134306402281690e+00 0
-6.30768363394840925e+00 2.77680906040124897e+00 0
-7.77328670292060431e-01 6.96005125663015312e-01 0
-3.31379028917968510e+00 -8.90868888829406541e-02 0
3.82615459250579715e+00 7.01952101139757673e-02 0
3.75919971221023386e-01 -4.21344161256941518e+00 0
-1.91148129725347493e+00 -6.57439429706622303e+00 0
1.39816590056761791e+00 -8.21726488592636883e+00 0
-1.36560964059174008e+01 6.41544794383822392e-01 0
-3.30868019122002721e+00 -3.95491935719338494e+00 0
9.78827539677302738e+00 9.53748613331949890e+00 0
2.83848108956944900e+00 -6.19170096122500624e+00 0
1.36719979384505996e+00 5.02677063684264569e-01 0
-1.06546585449909093e+00 6.06428095332090078e-01 0
-1.70508680921068789e+00 -1.27393698117608789e+00 0
-5.46679567659546839e-01 2.02462887134084379e+00 0
3.76694858324182302e+00 -1.13964632208208605e+00 0
-1.05339798426600906e+00 -6.76220871444328075e-01 0
4.82355492856025414e-01 -1.28174880257973500e+00 0
-9.18567862430174031e+00 -2.02128074960650495e-02 0
-3.14978490554486390e+00 -2.83848620993073286e+00 0
6.71056024232535631e+00 -5.23822710276253378e+00 0
1.00361242565970299e+00 6.33605661736926340e-01 0
3.53487294554267084e+00 -2.64266332021063688e+00 0
-1.15774102209970997e+00 6.20365220034327036e-01 0
1.15207903377876408e+00 1.50246241670983793e+00 0
-2.20467128781942012e+00 1.27898886068272000e+00 0
1.33688172498733806e+01 -2.80526523011752094e+00 0
-8.17998166032825402e+00 3.57529417915386594e+00 0
4.73635720644596425e+00 3.73975759690470311e-01 0
9.78879224384616387e-01 5.41935881095462957e+00 0
-1.34158761969288398e+00 9.97352151021006428e+00 0
-4.16202285150073625e-01 -1.18524658349569689e+00 0
-7.53730772020248185e-01 -8.15615611408433971e-01 0
-6.71962471169035958e+00 -6.39511293119147073e+00 0
-7.66232950710319116e+00 -1.30332000250074498e+00 0
2.24456180935447891e-01 1.51148497683119598e+00 0
3.79766050498218899e+00 -2.85665941041869598e+00 0
4.11307610464235918e+00 -7.14078599515332879e+00 0
-1.00179314675366204e+00 2.57801297106573202e+00 0
2.85872395131287282e+00 2.94144890611456500e+00 0
8.97784932979532968e+00 -4.67344411154661632e+00 0
8.78913478281642013e-01 -1.46267919781052003e+00 0
1.32611735135337505e+00 -2.46342299179868585e+00 0
2.15941785122643903e+00 -2.31095413016928708e+00 0
2.64093663386886490e+00 1.37091649891215095e+00 0
-9.76863478043122235e-01 -3.16307006369547983e+00 0
-3.98161424895338190e+00 -2.64023136333837005e+00 0
-4.44232189326483962e+00 -4.66802254479930789e-01 0
-5.39480700896441623e-01 1.29648525823008010e+00 0
-1.35067899001429903e+00 -8.79392595214002759e-02 0
2.17243444033649202e-01 -1.43425379304729095e+00 0
2.21924316472073979e+00 6.31931801454624864e+00 0
-5.92833455818576205e+00 -7.75848766932704859e+00 0
1.00938696985846494e+01 8.76541518208265424e-01 0
-1.82441508833261490e+00 3.42149619173794894e+00 0
2.06331063085059796e+00 4.06562433079160979e+00 0
-7.93186208009969640e+00 -1.98913982982293391e+00 0
6.77264144569163395e+00 -7.33961806040362763e-01 0
-6.71254897735538414e+00 6.33979014123601559e+00 0
-6.59424051504817532e-01 1.31750009471416796e+00 0
-1.57711445643943593e+00 3.23129087010148974e-01 0
1.91479597380342792e+00 -9.87507622275731833e+00 0
-2.99070941098434906e+00 -1.12619538553963103e+01 0
-2.16623685065798011e+00 4.48289154109851395e+00 0
-1.09373827351539994e+01 6.76402478939658991e+00 0
8.61828774300235856e-01 -1.76135160234061705e+00 0
1.16627327179210494e+00 7.22032684722210827e-01 0
4.93564732112664772e-01 -1.41270970869784307e+00 0
4.37895096867064293e-01 1.10829851785065392e+00 0
3.88249615865546183e+00 -1.23702246044379098e+01 0
6.08622324438703366e+00 -6.10673703745000562e+00 0
8.27781213669582527e+00 -2.47893514759876821e+00 0
5.54801333650398210e+00 -1.01358048352725905e+00 0
-1.72172201786161194e+00 2.77066078807535421e+00 0
4.50279128196392797e+00 6.14038394282570543e+00 0
7.48324398224437903e+00 -1.10258551034108301e+01 0
-9.34641657468343934e-01 3.09059583797829118e+00 0
1.75854136775393011e+00 -9.12428479240776191e+00 0
2.04472774806880420e+00 -1.38373631271400788e-01 0
3.61046827688525607e+00 -3.07664000884052191e+00 0
7.99213769645345629e-01 9.99563631508130657e-01 0
2.68752498685676988e+00 2.16075941074426181e+00 0
-4.38272684609619301e+00 9.74976381827872829e-02 0
-1.03262891965544501e-01 -1.95503720211901610e+00 0
-4.44760820792704425e+00 -7.31398332057203238e+00 0
2.78234647606197916e+00 2.27433677174228299e-01 0
-1.14592034655416808e+00 -8.28603672700147875e+00 0
-8.95413440115149406e+00 -6.40904703620627902e+00 0
-5.85578606501034771e-01 -1.08416704698319299e+00 0
6.33451964422383385e-01 1.00853816468459501e+00 0
-4.90800187005820998e+00 -1.88938595840065604e+00 0
1.66652784604350090e+00 -1.08705303591594205e+00 0
-9.24570914629609142e+00 -5.91072244093191212e+00 0
1.53984158724324405e+00 -2.09866405108258780e+00 0
5.32113136525979602e+00 -4.06324260327052578e+00 0
2.72594155518754011e+00 -1.82055933213637711e+00 0
-1.61116089863519907e+00 1.80062399734297007e+00 0
4.28856056526183915e-01 1.44396094064929592e+00 0
6.96968324260132466e+00 -4.24685603034523673e+00 0
3.51051017309307190e+00 -8.72740714728268152e+00 0
3.69674517447253104e+00 -6.65895249011689216e+00 0
1.69033709040368496e+00 4.56031173780489762e+00 0
1.31571878356019401e+01 3.90545929811595904e+00 0
-1.50732051155010399e-01 5.82237968806248674e+00 0
3.32122006363804401e+00 -6.57505912286407757e+00 0
-1.18442948768137999e+01 -8.34048191042466414e+00 0
8.25670357937197430e+00 -4.31048653167506757e+00 0
-6.64195249951537736e+00 1.92706006346999104e+00 0
-9.91153241724636658e+00 -6.69855000489044361e+00 0
8.05101518898707269e+00 9.43984130815026856e-01 0
-7.87029260852207457e+00 7.62304994166665839e+00 0
2.00209719528778196e+00 1.14014167305746206e+00 0
1.72114520459705300e+00 -1.35308735938821805e+01 0
-4.18864246424030817e+00 -1.92686521215010786e-01 0
1.98369094637914900e+00 -1.67256437742305600e-02 0
-9.23916202056948577e-01 7.95479758787318247e-01 0
3.15560645714649590e+00 1.94779142855584597e+00 0
-6.50462114498601718e+00 -4.88567918932945577e+00 0
4.62059136507469859e+00 -6.10531702403551169e+00 0
7.67757019047472844e-01 1.73495606234102806e+00 0
7.16089983581315481e-01 -8.34906589756194140e-01 0
4.02176080127112190e+00 -1.73598783149291308e-01 0
-5.78346781504449670e+00 1.77563302660457389e+00 0
-1.80076137052763013e-01 1.45109970691953594e+00 0
9.30281689634133002e+00 3.88169821673632987e+00 0
-1.15282433513770499e+01 5.33225192527204594e+00 0
7.96393053388909600e+00 4.98011442321557496e+00 0
-1.11441281961078809e+00 -9.59489503687717082e+00 0
-1.12049464656267306e+00 -1.44146569934099400e+01 0
-7.88078723006255699e-01 -2.09132049822225996e+00 0
3.85039693609212019e+00 2.21265506808894186e+00 0
-1.09354489081648198e+00 -2.24376460310989095e-01 0
1.47524456756218103e+00 1.42700106995359999e+00 0
-1.98240849772296701e+00 3.98088563181173516e+00 0
3.89874706785845282e+00 -1.76145044467794110e+00 0
1.02936144926037709e+00 1.15876537933134405e-01 0
-1.16165747264042807e+01 1.45249863680315811e-01 0
4.68533532466066716e-01 -1.12351855631134590e+00 0
-6.45351930883990388e+00 -8.24980167937439224e-01 0
-1.00568704005200793e+01 -9.05297830118272273e+00 0
1.77594649204578903e+00 1.63793816244196999e+00 0
1.40791884479901608e+00 2.29319020719864985e+00 0
-7.70857443371338658e+00 -8.37125236478423496e+00 0
-1.79373962948702004e+00 2.06487881513171478e+00 0
8.65336664071627459e-01 -8.27383683443218776e-01 0
-9.02430810136000083e+00 -8.42630494004724340e-01 0
-9.71916341149031737e+00 2.54891199804495594e+00 0
-7.79013653502058312e-01 -1.29993344932690902e+00 0
-3.41583789538304594e-01 3.57354043725378379e+00 0
-1.01375186953429299e+01 5.92487998407741134e+00 0
-6.22878500315433903e-01 1.03265866844397802e+00 0
-7.01869134406942763e-01 1.57156859815439298e+00 0
1.17434162545964993e+00 -2.46837168642684901e+00 0
2.67615788783160280e+00 -2.64850622751245990e-01 0
6.31425459385622445e-01 -1.40511216817357609e+00 0
-7.85746773056144376e-01 3.06737686368958196e+00 0
2.28577209348972499e+00 1.01243883265244006e+00 0
6.53333818214391959e-01 2.39212146699094008e+00 0
8.16905069838005282e+00 5.97699055922148936e+00 0
1.10403186257932906e+00 -1.09625791286624397e+00 0
2.34498367413767284e+00 -1.45381046551128601e+00 0
-5.47756012662174285e+00 -6.26547009422318091e+00 0
6.44920712002541219e+00 -4.52683392116240935e+00 0
-1.79777250017530510e+00 -8.55924079773198443e+00 0
-6.04276687314878533e-02 -4.79795056070627890e+00 0
-5.62289010210378226e+00 5.72906185216782493e+00 0
-1.08580571611247789e+00 5.32154297153351941e+00 0
1.01332690785026003e+00 2.45689010725018198e-01 0
3.90293128746959184e+00 3.05573088843357699e+00 0
1.79365267538671713e-01 2.17360997116796195e+00 0
7.54194588105087771e-01 -1.77820408519900397e+00 0
-2.28223684803512891e-02 -1.10837721822474600e+00 0
-1.52222395039566005e+00 -3.60749966569087088e-01 0
-2.59606318399561387e+00 -5.44030062453064378e+00 0
1.80470871115154496e+00 1.17707192162278993e+01 0
1.79090627208854092e+00 4.82949426993002895e+00 0
2.14965159936780603e+00 -2.46329952090942017e+00 0
4.31067149998534127e+00 1.15706126673316406e-02 0
-1.37107057462088804e+01 -4.58933902425256779e+00 0
1.28466799013199906e+00 -3.94344153535067021e-01 0
1.39733992380966594e+01 3.15047228159086101e+00 0
-7.86943162539285090e-01 -9.12959531808228975e-01 0
-1.50398772255772806e+00 -1.08263598589997101e+00 0
1.00760245821026295e+01 -8.53789393928811080e+00 0
-7.12125814046406180e-01 4.54589754145432234e+00 0
-7.00457193473135842e+00 -6.03382424078607116e+00 0
1.21011040324218810e+00 -6.56937785560723864e+00 0
-2.24109283415864807e-01 1.26499988452259804e+00 0
-1.02764958374290796e+01 -7.10066682705616703e+00 0
-5.50981064639946005e-01 6.13262396750502781e+00 0
1.58977807970108498e+00 2.02875461246159716e+00 0
1.20627573696157908e+00 6.22467657322083490e+00 0
2.78135768631465607e+00 -9.15661553477470136e+00 0
5.89490015525883315e+00 1.53788735843668900e+00 0
-1.14731268809760301e+00 1.52085775437126891e+00 0
-5.08478937083501670e-01 1.73487959065629105e+00 0
-5.46805727284039200e+00 -1.23585214146652405e+01 0
5.33242574241626244e-01 -5.55719807306659686e+00 0
-1.37899846214770005e+00 7.58159737213497387e+00 0
-7.47157454521656939e-01 2.91700085808696796e+00 0
-3.24468090163726108e+00 4.92070170046596989e+00 0
4.32218923286258505e+00 9.53882459929304360e+00 0
7.93654040641571168e+00 3.97014531685749317e+00 0
3.97969008575564887e-01 2.30366152462358809e+00 0
1.10317375608432098e+01 7.44968991241333089e+00 0
2.86292709470843620e+00 1.13993432594502300e-01 0
1.00471064653713404e+00 8.03509216349002742e+00 0
2.62380751101610388e+00 7.15972914723321630e+00 0
1.06479438439445295e+00 1.76392940547904509e+00 0
3.52775146228104486e+00 2.12215260364913583e+00 0
2.47900297825646909e+00 -4.10274123105110800e-01 0
-7.99227378304162156e-02 3.80888290004128915e+00 0
1.26898521290465904e+00 -1.61408386940419590e+00 0
-1.38709044565096895e+00 5.96648785475052401e-01 0
-2.86765540119887974e-01 2.12114847625171299e+00 0
2.86480878303969488e+00 -7.37990391789231293e+00 0
4.64842738556130008e+00 3.13562327745725922e+00 0
-2.00195577629470689e+00 7.77272284045133710e-01 0
1.93664147210234705e+00 2.20236750962956807e+00 0
6.00810798857082329e+00 3.77725233946205119e+00 0
-6.35077790281785570e-01 5.58343142487781119e+00 0
7.45062662501607864e+00 1.12017308116109704e+00 0
4.25650623324368826e+00 9.37820171226118049e-01 0
1.31976791098859203e+00 -5.35545851971921727e-01 0
4.42111912298726872e-01 2.45663990930711318e+00 0
-1.50138334367505899e+00 1.29821355137057299e+01 0
1.67807073486976210e+00 1.00854431898638808e+01 0
3.95705015001466398e+00 -2.16842525842834721e+00 0
-2.34520727696909415e+00 1.12385561602825090e+00 0
1.86570112177074798e+00 8.67717308687822353e+00 0
-3.58741967456036426e-01 1.22757204881867299e+00 0
-9.67374153469326181e+00 -4.94053689334545520e+00 0
2.71513576851884986e-01 -2.61012587809393404e+00 0
-1.78108200280370510e+00 2.30314447116947996e+00 0
5.71915508840199571e+00 -1.23927002313437509e+01 0
-1.33052837586809392e+00 3.14879864475975824e-01 0
9.78266933864234245e-01 8.13058346060924086e-01 0
9.61704342400763323e+00 1.10342537225243609e+00 0
-6.58741774926303059e+00 1.19256371567474897e+01 0
2.29792764934311111e-01 -1.93159762017038195e+00 0
-1.87798971510585311e+00 4.41100940227513394e-01 0
-1.40773664624666295e+00 3.03973382366469924e-01 0
1.00282448428089999e+00 -8.55925146797397174e-01 0
-4.85120473721553669e+00 1.68626602452900709e+00 0
-6.70751350550905023e+00 -2.31678598989059603e+00 0
4.60767168817738604e+00 -1.91671062551955296e+00 0
1.44490959562902805e+01 -3.00723523552806182e-01 0
-6.37356268190989339e-01 9.61223047176597900e-01 0
-1.80361168519354598e+00 -1.04912227477638997e+00 0
4.35899653294230927e+00 -2.31229991367486587e+00 0
-1.18536468896050096e+01 -4.47873637223350674e+00 0
6.07891386126101052e-01 3.73211363766153115e+00 0
-1.39490672583539110e+00 7.30364574340335748e-01 0
-1.10226425146231097e+01 -9.34894040151548111e+00 0
1.20236621423788606e+01 7.91472937512275099e+00 0
5.34157585166748117e+00 -1.77848801857615890e+00 0
1.26904138532158894e+00 7.06964598716312231e-01 0
8.38408570184772439e-01 1.20722747015275700e+00 0
-4.66836164584490021e+00 3.70962320795908918e+00 0
3.30343391769174310e+00 -3.99389686757706586e-01 0
-1.73299277282103703e+00 4.66330093285370317e+00 0
-5.29515722212296502e+00 6.15901533781277344e+00 0
2.95257466267740121e+00 1.09429241959808410e+00 0
-3.28425340810744792e+00 9.13761780673896951e+00 0
1.64596368847631203e+00 3.26272978124283575e-01 0
-1.62395381511810899e+00 -7.70115180945674727e+00 0
-1.43785051399501396e+00 3.62993707498427187e-01 0
4.27056922381214932e+00 -2.79420186546591420e+00 0
-8.03864280026838429e+00 6.88179168557495213e+00 0
-4.73212318064108040e+00 -3.10775340172720993e+00 0
6.87190108303036146e-02 1.03296995055586094e+00 0
-6.03894604783781475e+00 4.61306423880191208e+00 0
-9.46539748737394104e-01 -4.23730860796923181e-01 0
1.31617355163712091e+00 1.55399146276885491e+00 0
2.83974148605692189e+00 -1.08892866555822891e+01 0
3.60658815261621202e+00 8.13471653802646344e+00 0
1.66460245997527206e-01 1.29691440375973910e+00 0
-1.12830111358314511e+00 2.42563329552361207e-01 0
-2.97661199823786005e+00 5.35990096702171304e+00 0
-1.00341280650388001e+01 -1.16374902467128205e+00 0
-2.69431306898642298e+00 9.08863542606059727e-01 0
5.61865901332694495e+00 2.70348722813942288e-01 0
6.82751047047322857e+00 4.26701006455555376e+00 0
1.22093890283362794e+00 -6.96876502957653021e-01 0
1.05285930413753999e+01 -1.79411438027650405e+00 0
4.30398897816842574e+00 -6.59160192140403889e-01 0
3.08692592720137104e-01 -1.42501429637032806e+00 0
-1.50245142617143990e+00 1.39525394096952904e+00 0
4.82605546436097033e+00 5.30401197004758185e+00 0
3.67875141461188315e+00 1.40254603411509104e+00 0
-3.56743190731982596e+00 4.60331652732982288e+00 0
3.30841837706231878e+00 -3.47567540466787683e+00 0
8.11714725159211525e+00 1.31500025338537507e+00 0
1.05314201936119005e+01 -1.54231408859674207e-01 0
4.36754980095325074e+00 -1.87131022751466491e+00 0
4.34742198007612224e+00 1.61011587964956404e+00 0
-6.70406048237096996e+00 7.15229260461832261e+00 0
2.58847299226121219e+00 -4.43960381761921496e+00 0
6.50794558976707371e+00 3.03150077434426901e+00 0
-1.00910468632759009e+00 1.39674060078824991e+00 0
4.03151084138443760e+00 -1.41736278678904704e+00 0
-8.77203018233650295e-02 -1.22813180539613809e+00 0
-2.95363605922316719e+00 1.29906022634290208e+00 0
-2.28524209545117385e+00 1.09547406215909700e+01 0
-1.44029653102896908e+01 4.99094018675550921e-01 0
-7.21249587009065873e+00 -2.04019401945975387e+00 0
1.22629555636090196e-01 4.05003712924000325e+00 0
1.19031653056453601e+00 -1.92412057134962289e-01 0
-1.65259416938528991e+00 -2.07224230439637580e+00 0
8.41255521172914356e-01 -1.97602333172639111e+00 0
1.52489017018065498e+00 -2.92691484948385305e+00 0
-5.12656909445649944e+00 3.56718851061268483e+00 0
1.28197837635349110e+00 3.25316288242158191e-01 0
5.19939582707953907e+00 -1.34668672584606597e+01 0
-1.73364120026172208e+00 -9.06390244180005666e+00 0
2.41131381258467314e+00 6.90014700346543375e+00 0
6.16889008740912193e+00 -7.75213856925287370e+00 0
2.78200246865220091e+00 4.07340588176542973e+00 0
-1.43485196828418204e+00 -9.99444152933380892e+00 0
2.33374833686334204e+00 1.28636922937254194e+01 0
4.42402375094875300e+00 -1.47752458048858004e-01 0
-2.02005757386002083e+00 2.43220461219755579e+00 0
-8.85000793044028100e+00 3.22285510431819722e+00 0
-5.66506112663312944e+00 7.37925423427877725e+00 0
-1.30885756699149813e-01 3.36372279110854100e+00 0
9.21980862138982671e-01 -8.70348672713330096e+00 0
1.62947993397037005e+00 -9.53277186151931133e+00 0
7.92804417797872141e-01 -7.84858518659557025e-01 0
-2.60031924230097911e-01 -1.67387029309792590e+00 0
-9.78402549660268051e+00 -7.86919214396127220e+00 0
-2.79909954511429526e-01 4.51744937914028188e+00 0
-1.33844808415595695e+00 1.93499922575615296e-01 0
1.29675928083337810e+00 8.87641054255408624e-01 0
-1.07364211262201503e+00 -2.32551309227865488e+00 0
7.03140416665001933e+00 -2.79260253806195813e+00 0
-3.98648726297445499e+00 -9.10885158525049121e+00 0
-1.07433407180860705e+01 7.70407649631795088e+00 0
-3.62798379273997806e+00 8.03643396269149690e+00 0
1.37338981449586806e+00 1.23654657465001492e+01 0
-7.09421913448008379e+00 -4.51038889170766311e+00 0
-8.87488807880913111e-01 6.40489677886305953e-01 0
1.99197012273300000e+00 7.99641689259167876e+00 0
4.21213601838585294e+00 5.32052388488327832e+00 0
1.20028162806384198e+00 -8.82242078661976237e-01 0
-2.89877800054071599e+00 2.56263156896772504e+00 0
1.81600272922096195e+00 -1.89060909262904997e+00 0
-2.18845154511741313e+00 5.27307817217314012e-01 0
-9.22816321057123079e-01 -1.89201599217906202e+00 0
2.33986680407823799e+00 6.05514404144337104e-01 0
9.68165985641715965e-01 6.50796902945838607e+00 0
-5.36663274914403221e+00 -3.13627475520604415e+00 0
-3.23744620076799217e-01 1.15040791879795501e+00 0
-1.77639413605858199e+00 -6.22313953580045887e+00 0
-2.42961158762939311e+00 -6.93529513567360656e+00 0
1.70023927714586409e+00 1.28179533815217894e+00 0
2.39012606546322592e+00 5.30663489372750163e+00 0
-2.78997518822585988e+00 2.42151626086692806e+00 0
-1.12737474159949791e+00 2.14999259027914791e+00 0
-3.24051032541100215e+00 1.66952875929398203e+00 0
-6.47344076225035181e+00 -1.07706698774656502e+01 0
6.37547774099461595e+00 5.36917261341443997e+00 0
-5.72762671749076535e+00 8.22393342857798304e-01 0
6.71639060094329210e+00 -9.77136944830240672e+00 0
5.40086715555954733e+00 -3.14404586559465682e-01 0
3.19130857396311807e-01 -1.23299346763630191e+00 0
-1.55690575985821700e+00 1.20761112061354092e+00 0
8.60258971778451009e-01 -9.99360519318302387e-01 0
1.17660916457913101e+00 -2.90533604508876608e-01 0
2.15654733024044498e+00 3.50598677199401521e-01 0
5.08046488109682581e+00 4.33342857489803571e-02 0
3.60254339272196500e+00 9.37639526962775349e+00 0
-4.85134296756003458e+00 4.36960436870350843e+00 0
-6.24013478453136905e+00 1.33065137703961806e-01 0
-2.60469897894633196e+00 3.03812940149097299e+00 0
-1.58129462661249010e+00 1.51615300035819200e+00 0
1.85934793280337107e+00 -1.10457395643692791e+00 0
-2.72980834408248185e+00 -6.91591904042618277e-01 0
-9.00764439290302699e-01 9.58633694435933825e-01 0
8.50963038893406321e+00 -4.68310842413426442e+00 0
4.29494836823007820e+00 -4.26921876339034156e+00 0
1.76510972938851807e+00 -1.03148256881810294e+01 0
3.20049577176998090e+00 2.12514181548961378e+00 0
9.14221992358806745e-01 -1.09817734971859404e+00 0
8.18588267757961674e+00 -1.80032178031324297e+00 0
1.16141544666515593e+01 -6.76652147238414070e+00 0
5.15530774678562764e+00 5.12920611237395097e+00 0
-3.80895340268023919e+00 1.94721062770150000e+00 0
2.01690223898836019e+00 3.65589483277301985e+00 0
-9.79612175657495921e-01 1.19612572179464993e+00 0
-2.24393065645130596e+00 6.49243874259670006e-01 0
3.10250470839138082e+00 -5.15056772014470976e+00 0
-7.32236437844492283e+00 5.84036224440420959e+00 0
1.07947854942514510e+00 1.70028519548000495e-01 0
4.15757954146922071e+00 1.67478469806327990e+00 0
8.36898423779894074e+00 -1.18893107440630192e+01 0
-5.42789427295352414e-02 3.05032000441333295e+00 0
-3.76048732233944705e+00 -3.76648210494089408e+00 0
-4.00476668018021975e+00 2.93068154099458585e-02 0
4.58243033354857587e+00 -2.31851680856588382e+00 0
1.52076798268616797e+00 -7.09679312748787261e+00 0
4.17388078158692633e+00 -1.27159318727160908e+00 0
6.63578575524069070e-01 -1.32541377358792389e+00 0
-2.58891118548649901e+00 4.62620778037319269e+00 0
-1.52672980989831997e+00 5.38743974287167582e+00 0
4.72033530778694743e+00 -2.12554460953905000e+00 0
-1.39147721904789901e+00 4.21348978952805375e-01 0
8.46557896819157030e+00 -3.85142209247397227e-01 0
-1.98911316704813212e-01 -2.17063077732728704e+00 0
7.31156609467228868e+00 -5.86572525884379026e+00 0
7.38726537697460373e+00 7.44907178302361039e+00 0
1.45193176194989104e+00 -1.21703088051005093e+00 0
-8.61650363249696349e-01 1.20860389760346698e+00 0
-7.58238410841308857e-02 1.18263657157000002e+00 0
-3.88995534041060020e-01 -1.43954483861475202e+00 0
-1.27027714916205503e+00 4.49638128199076614e-01 0
7.30528005535283742e-01 9.77213027391378497e-01 0
-6.45728195056070486e+00 -4.17073352502457428e+00 0
-2.28183155207548083e+00 2.09143556058338398e-01 0
-3.79001609105188386e+00 6.95495102387014952e-01 0
2.17759611818228205e+00 -1.17349017607133499e+00 0
5.66117690688754838e+00 1.05622508089845302e+00 0
-4.42172585892536940e+00 -4.06004799913394798e+00 0
2.50702545051019188e+00 3.68036623268982011e+00 0
-2.62782503495362407e+00 1.18987259592912995e+01 0
1.79002600050383198e+00 7.72762531522973251e-01 0
-2.34426792966025621e+00 1.60084447259716800e+00 0
3.44934727899582516e-01 1.94738185272862996e+00 0
2.90918291651232108e+00 2.19030210161511896e+00 0
-5.28871218264198095e+00 -1.36874901859390308e+00 0
-1.19908376006526307e+01 6.28327878000341311e+00 0
-1.44520085827451905e+00 2.40244211567523902e-01 0
-7.60703834076309260e+00 1.18904187522493099e+00 0
-2.34022678748994384e+00 -1.21987733037072097e+01 0
1.06609255731018493e+01 -7.21273058888896568e+00 0
8.78120172721200554e+00 -3.13919357219563189e+00 0
4.18040654646465226e-01 -1.89069462432249003e+00 0
-1.99642516178606999e+00 -1.04307102866117396e+00 0
-1.17737236383857496e-01 -3.39153427717932798e+00 0
-6.35303877026820674e-01 8.20859952438333873e-01 0
6.60718553108433237e+00 -5.61436490457873472e+00 0
4.72066332897415020e+00 1.36208458276977207e+00 0
-1.53836093910760998e-02 5.31478890317698216e+00 0
-7.60592728937927465e+00 -3.81744146724867894e+00 0
2.73233020778287594e+00 -6.77326298681324968e+00 0
9.05213236948924749e-01 -5.02952104794473054e-01 0
9.71246859982520760e+00 9.52062436825903829e-02 0
6.31667901261127152e-01 5.13439564529115078e+00 0
-3.29849541834745086e+00 1.91711781772163303e-01 0
-2.51902617346378310e+00 6.90846095553551809e+00 0
4.74137846543366881e-01 9.18539150423303474e-01 0
-2.91308143148993315e+00 2.90410747064661390e+00 0
-5.33877081091740902e+00 -9.52317391357387244e+00 0
-5.06161567676014013e+00 1.29002274226327796e+00 0
-1.25817217329138997e+00 6.15058383556292387e-01 0
7.34898544734591042e+00 1.05840915526716906e+01 0
-7.27950112583579401e+00 1.14062826299404296e+01 0
-3.10694157734427412e+00 2.29465772723664613e-01 0
-7.00822558111855365e+00 -2.95866724603197184e+00 0
2.05377940721070207e+00 -1.07117284610127808e+01 0
6.47844422371491202e+00 1.58054041476938600e+00 0
-1.07152804995333306e+00 -1.29283528103883105e+00 0
-4.99536759378573070e+00 6.48515606867957484e+00 0
-1.60200062426184009e+00 2.16882054098654509e+00 0
-3.02158872274262880e+00 -1.57870356745575990e+00 0
1.00594118720586190e+00 1.27365823522114896e+00 0
-4.46237724796513580e-01 3.41495812075399696e+00 0
2.34815741619306895e+00 3.14537923118741203e+00 0
-3.51272697224719588e+00 -2.55189476657125391e+00 0
4.50719008382035380e-01 1.80856704998407691e+00 0
6.90818472804913930e-01 -1.88953729143838101e+00 0
1.45525705097818192e+00 6.94704018031251036e-01 0
-7.84903360867494487e-02 1.03374129700915995e+00 0
-3.72233020869275899e+00 -1.58709161533087811e-01 0
9.59324372619297172e+00 -2.30311916850362497e+00 0
1.98498132892947510e+00 -1.28044740375073607e+00 0
-4.93369623855987260e+00 3.79493987319313009e+00 0
-2.02515274168696990e+00 -2.09437915271018094e+00 0
-2.12544309912869211e+00 4.76504365701189503e+00 0
4.82306071767130096e+00 5.62680143368027874e+00 0
1.32796401864887303e+00 -3.57836734716369298e+00 0
3.71950092199604088e+00 -1.59767361895819393e+00 0
-4.21461433249690920e+00 3.43380810718921481e+00 0
1.06819990772691908e+00 -6.87915007854642657e-01 0
1.05210588932632598e+00 -5.12892000899642930e+00 0
-6.70707135884112393e+00 3.21073168166042899e+00 0
3.19645242556927389e+00 -1.00180983782230104e+00 0
-7.27429720245084233e-01 1.68921953928966007e+00 0
-1.61155388950891609e+00 3.25898024802425379e+00 0
1.04788046130778092e+01 1.00193562819648800e+01 0
-8.17345439106215044e-01 -7.25314079926649757e-01 0
8.32247040801673776e+00 2.79331082464523295e+00 0
9.64253600476038697e-01 -1.54926685931951202e+00 0
-6.73055846836471883e+00 5.43938417125886442e+00 0
-2.12351162738531807e+00 -2.75034942746780420e+00 0
8.57450160372847714e-01 -1.35861024116480706e+01 0
2.38828750175880522e+00 1.38912056864226097e+00 0
-2.33246278877463187e+00 3.80768663702349786e+00 0
-7.44711272445150785e-01 9.45695421096188538e-01 0
2.98423236417917703e+00 1.06488060573270999e+01 0
1.09289919179934802e+00 -8.84952946774102744e-01 0
-8.12097985969202241e-01 6.50461567273711849e-01 0
1.70049125197326290e+00 4.36317908866049708e-01 0
9.75093993184823371e-01 -3.43617131624450689e+00 0
-1.40688282638618407e+01 3.24447371604006918e+00 0
-2.34949541289096997e+00 -3.41560255673716684e+00 0
-8.01143712379761119e+00 6.14546559354311217e+00 0
-5.71814324871627733e+00 -7.26084407119329889e+00 0
1.75339439549917708e+00 1.54962874488093899e-01 0
1.45645609133214604e+00 -1.23708361093347909e-02 0
-1.40792964835308593e-01 -1.68320297584811907e+00 0
3.14006537059109103e+00 -6.74865005060548917e-01 0
-1.49657837798131710e+00 1.82638876544168705e+00 0
9.51862080419005352e+00 -5.45307150509068794e+00 0
-1.68295506897928893e+00 1.89122982242795806e-01 0
-8.37680141995736349e+00 -1.17849848911047896e+01 0
-1.61780313726502500e+00 1.35226457286552892e+00 0
-3.90746846280442484e-01 -7.15216136792364399e+00 0
6.21649858937096322e+00 -5.67293087450487565e+00 0
-1.06862155532481395e+00 6.93245072721170308e-01 0
-8.76866485162159393e+00 1.90699069487593098e+00 0
-2.17390122266005403e-01 2.74736795697630498e+00 0
8.86229952240031693e+00 4.84395798673842926e+00 0
-1.00560259965234700e+00 2.61176763446854310e-01 0
-9.94017067795398779e-01 9.51896939681790344e-01 0
5.66873296934438020e+00 3.81209230437261803e+00 0
-4.24883613388947423e-01 -1.09191896193404991e+00 0
7.30633504278544876e+00 -8.94011469110908763e+00 0
-2.82658802984511803e+00 -2.49301959334533896e+00 0
-1.30164142277145589e+00 -1.15601571342507601e+01 0
6.71897069082038501e-01 -1.00590935404049198e+00 0
-9.22733026563490211e-01 7.30864577515685898e-01 0
-2.57678876044944616e+00 -5.08789117075812536e-01 0
-5.31153327907433326e+00 7.58733981431313875e+00 0
-5.27437298397989096e+00 8.00561275068672806e+00 0
8.79813126522783939e+00 9.12420100446223614e+00 0
-5.96576305281127173e+00 -3.13352731183993516e+00 0
-1.50102758362091393e+00 -1.39888302633526407e+00 0
-6.82347068824742742e+00 -7.86403391011530450e-01 0
-2.50075252501068013e+00 2.89394785945108390e+00 0
-6.32650754966455842e-01 -9.08013383952178788e-01 0
1.09459177871099000e+00 -2.57486124951306206e+00 0
-2.48127739834971495e+00 -9.13180180580426537e+00 0
7.70981511398667330e-01 -2.79868218741112207e+00 0
-7.30733188645158371e+00 3.11184632366738301e+00 0
-8.87510825621981247e+00 -8.95408275959234956e+00 0
3.49274485966217518e-01 1.36448142399250405e+00 0
6.17423323082497344e+00 1.20511153724500408e+00 0
-3.72538992748484787e+00 5.10001203390839120e+00 0
4.63192892964597425e-01 -9.81614219218738038e-01 0
-1.73387697930399809e+00 -2.62135059815329696e-01 0
1.34443602759905794e+01 -2.02491926159072921e+00 0
1.11558586780544600e+00 -2.10509070908865414e+00 0
1.44060953607884801e+00 -1.04911940733970505e-01 0
-5.90967230900015350e-01 1.11529271885200898e+00 0
7.81170693363408564e+00 8.69747345875370392e+00 0
8.94296461425738975e+00 -2.06010085465527082e+00 0
-3.18865499075610903e-01 -1.07396479407455492e+00 0
-8.33217635130226242e+00 2.15171092019752486e+00 0
-8.46972080628669133e+00 -4.63506770609621288e+00 0
-1.05938243263959309e+00 8.56488289861471630e-01 0
1.39299391976102904e+00 5.66108414098450741e+00 0
-1.11996710427294111e+00 -7.49736354149249440e+00 0
-5.26163959909442802e+00 2.91737341577748088e+00 0
2.47502558095441394e+00 -7.83003886218153156e+00 0
3.18901444746927698e+00 -5.74269392836821613e+00 0
3.49341981307655702e+00 -4.71340643992422237e+00 0
-1.24285410586235989e+00 -5.04829499551353700e-01 0
-9.71076745861667234e+00 1.29869052962488102e-01 0
1.73562743138812303e+00 1.85008360900070290e+00 0
1.84728983146824710e+00 -2.75090270795112302e+00 0
-4.84864247517273572e+00 -4.14896360853867741e+00 0
-8.51621581559076724e+00 1.20376319384833308e+00 0
-7.08804719987368714e-02 -7.26810783678279293e+00 0
8.81714706546571914e-01 3.69265656105595719e+00 0
1.52290916058850301e+00 2.37250199067870415e+00 0
4.63810945791159890e-01 4.00260065111789398e+00 0
3.72909627162753221e+00 -1.00986317486334602e+01 0
-6.35981329742416501e-01 -4.25369689239463433e+00 0
-3.38251164745417388e+00 -2.09883803007824898e+00 0
-2.04888898443489298e+00 -1.08414893958333298e+01 0
-1.04139465835886291e+01 3.55312893534002505e+00 0
-7.74896781815066138e+00 3.60641279049382613e+00 0
6.70893565463609498e+00 4.61766071116274013e+00 0
2.12384603165594799e+00 4.46672341821392305e+00 0
8.77411566795945452e-01 -1.22718107026410506e+00 0
4.37967614945505179e+00 -5.18271564017106900e+00 0
-2.40577390324667117e+00 9.83838104901268440e-01 0
3.45829995353540509e+00 -7.71518521805679214e+00 0
-3.09370042539262213e+00 1.47785622636986291e+00 0
2.83584041986197111e+00 -5.62623079187621222e+00 0
-1.78141931596868108e+00 1.05622508565714601e-02 0
3.85645259603675594e+00 1.14808238820205197e+01 0
4.68898825539478281e+00 -2.92403760446589400e+00 0
6.28923135908926767e+00 8.43101573835095053e+00 0
-7.19258862918461528e+00 8.67735880063845499e+00 0
7.69794679412825733e+00 -4.83675707312853032e+00 0
4.92354402187909557e+00 -5.56209147231809276e+00 0
-5.75900148256289057e+00 -2.03389148157779998e+00 0
-5.25044993700636109e+00 6.82969762970998140e+00 0
6.83612519620781356e+00 -6.61286511462751303e+00 0
6.49190643941235795e-02 2.15643826246149617e+00 0
-7.76317698534172695e+00 4.19465990724641280e+00 0
5.69750428409668341e+00 -5.84507938477161537e-01 0
8.22926592170794557e-02 1.45253259770876997e+00 0
1.51659821442000609e+00 -1.36758066301279801e+00 0
6.04327851083425838e+00 -8.95665347370267995e+00 0
2.63328968834133903e+00 -6.38852894371110258e-01 0
4.50427679684460358e+00 5.80101326740343914e+00 0
3.02998355752758197e+00 -4.08721348381066019e+00 0
-4.30562842494609921e+00 2.44825960705178103e+00 0
3.38183336321156491e-01 -1.04723961234443497e+00 0
-2.29311090520248095e+00 1.35457083446030091e+00 0
3.34644209543185989e+00 2.41691468976902613e+00 0
7.66163377097327514e-01 -6.88937858157891991e-01 0
-5.73754033305037137e+00 -1.43225484277665194e+00 0
1.46695694998510595e-01 -7.85922417513368288e+00 0
9.72681501718705294e-02 -3.14658965439415494e+00 0
-7.75985995626958758e+00 2.09312934003110485e+00 0
2.05543898336441211e-01 1.18125170743412000e+00 0
-2.06653876911599310e+00 1.71384786670134098e-01 0
-4.81977624471378796e+00 -1.41630606067065101e+00 0
-9.02963031840043229e+00 -3.30345578493726721e+00 0
-1.82660320481643601e+00 1.46817608419708501e+00 0
-4.02515613813068729e+00 1.55574265052902994e+00 0
-4.28273494957629097e+00 4.68183286484822991e-01 0
-8.05795270835674149e-01 -8.13750006738757303e-01 0
2.16265933046078818e+00 -1.19683447481887502e+01 0
1.57707677832865900e+00 8.35462374423757037e-01 0
-7.23949696496588313e+00 2.73321976078158091e+00 0
1.82957424345193509e+00 1.21031725733362094e+00 0
5.90018152330504009e+00 4.49025604994969074e-01 0
-1.05982038723504701e-01 -1.54595185664128798e+00 0
-5.11455275661262565e+00 -5.11732753804158680e+00 0
1.23521220182851299e+00 1.33710491869526997e+01 0
-2.66064286771736080e+00 3.66907530919002900e+00 0
-9.46241826710678913e-01 1.05201568568898596e+00 0
-1.09408708081438810e+00 3.68010043546074084e-01 0
5.82363641273043964e+00 4.38830435423547627e+00 0
1.16037940753272597e+01 7.14886911144840376e+00 0
5.38418471228188089e+00 -1.03032807932330694e+01 0
-4.61621722844102056e+00 -1.04946418057363910e+00 0
-4.11299461323867277e+00 1.82969287892029397e+00 0
6.79863858718096203e+00 -7.32748040249999111e+00 0
1.01253179076476894e+01 3.01482587202379193e+00 0
-1.67182136088857702e+00 -6.45208272125339044e-01 0
-3.94259804582119511e-01 1.96615765863299896e+00 0
3.28227429196355081e+00 2.75907818254448589e+00 0
8.89659439506626271e+00 -3.91686645632951791e+00 0
1.04011246278724090e+00 1.93332101465264405e+00 0
-1.69494215261148895e+00 1.03012200064759103e+01 0
7.95619919222910532e-01 -3.15234552973914006e+00 0
-8.35931598157716671e+00 -6.16304688115471766e+00 0
-1.30842759941935394e+00 1.17479362861952308e+00 0
5.42777023784044910e-01 -1.19212687405167195e+00 0
-2.70819923467661683e+00 -2.85840948789250504e+00 0
-9.76224503418239742e-01 -7.44239710918126685e-01 0
6.22723870338684726e+00 -9.83247724873382900e+00 0
3.90555528351182291e-01 9.59939917586667191e-01 0
3.37303422865982894e+00 5.07248557789487808e+00 0
-1.78877085651228590e-01 1.13133031265666695e+00 0
8.38152852689135486e+00 -8.57338356340491003e+00 0
-3.78335605749563375e-01 -9.23320137071540437e+00 0
9.71129061952816208e+00 -3.66307076103570584e+00 0
-1.00130151932023796e+01 2.90673648838430498e+00 0
5.20366792422953806e-01 -8.51431255070784054e+00 0
1.03452660497903604e+00 2.38147618301045513e-02 0
3.45457484607799303e+00 -6.00046057085019591e+00 0
7.13141380468916442e+00 1.26302691262966196e+01 0
-1.49076314765672291e+00 -1.21312817975071008e+00 0
-2.83431437493461402e+00 -1.51179099141751205e+00 0
-3.08996327551004679e+00 3.25635999620036509e+00 0
4.45214365804429058e+00 5.58869791498179835e-01 0
9.98552552647471181e+00 -4.56653156843767594e+00 0
-2.78882032372037081e+00 1.42923968097730891e+00 0
-3.04675492899531886e-01 -1.20244124612246694e+00 0
-3.31064379034602085e+00 -8.70815928533482264e+00 0
-1.31643662997309296e+00 -1.14264253083575507e+00 0
-1.07178950174636900e+00 -4.25780641405773486e-01 0
1.70525393370795597e+00 1.99683656762714801e+00 0
6.21694900048946320e+00 -4.20218416198007283e+00 0
-2.04695571638014595e+00 -4.30847608301778484e-01 0
-5.98330485933544653e-01 -1.18573640642072009e+00 0
1.06749519717455003e-02 1.63122759420801611e+00 0
1.21541421325279497e+00 1.37101095637779807e-01 0
-4.53166834217373893e+00 -1.49764328429577898e+00 0
1.01718571380963296e+00 5.29990466031324381e-01 0
7.08717676341776137e+00 -5.11671047691255687e+00 0
-3.43336593318406091e+00 2.56773506194808920e+00 0
5.15408567821931118e+00 9.90066937765274702e+00 0
2.68144770442505198e+00 -1.67001768707902798e+00 0
1.82268935367521001e+00 -2.91986953929911897e+00 0
-7.55653105341135278e-01 -9.84631741965562135e-01 0
-4.12318288010485912e+00 8.20514770476605726e+00 0
-2.75757108178514221e+00 2.73591620093582621e-01 0
-3.15895693774085906e+00 -1.35741546284485803e+00 0
-4.92085360538745231e+00 -8.79725928452662487e+00 0
3.03379804495436289e+00 -3.16823507614788413e+00 0
-6.98099412182441981e+00 -7.72151860310430660e+00 0
2.64358323285149988e+00 -2.17740129998483312e+00 0
1.51928913850291791e+00 -2.32763434618109200e+00 0
-2.69266811306916098e+00 1.29580532062596703e+01 0
-1.96266414945387990e+00 -6.98574626437282964e-01 0
1.81873860467289289e-01 -5.26533549850786642e+00 0
-3.70071860048893209e+00 2.33190823584986884e+00 0
9.35349771550642806e-01 1.14379229788400494e+00 0
1.51276968039386409e-02 -1.16419795106856605e+00 0
7.11669227457883924e+00 4.72407087470403719e-01 0
3.14358115633157909e-01 -2.00931681408165996e+00 0
-3.46203305611129508e+00 -2.84060736856867990e+00 0
-6.33182558862366118e+00 -1.29728918025357203e+01 0
-1.34522053660154803e+01 1.08224565553981106e-01 0
1.02901023396219493e+00 -6.93776442364275603e-02 0
-6.43443989962304452e-01 -1.67532019238798302e+00 0
6.32252688878599201e-01 1.07763152760204299e+01 0
1.02145300444076192e+00 -1.59417246907644611e-01 0
-2.17195265348530286e+00 -1.02949069656389902e+00 0
7.97828749721896990e-01 1.57100573929876708e+00 0
3.06842694844839392e-02 1.86642778702451206e+00 0
-3.30747023638974991e+00 -9.62699581516964820e+00 0
-8.33018764900965358e+00 1.00740860261520009e+01 0
-5.80245787987150941e+00 -3.57690977289496193e+00 0
1.48586603320259303e+00 6.70711673305525213e+00 0
-3.75361515458611184e+00 3.03615035163237401e+00 0
-1.65737297886011603e-01 -1.40470212703351804e+00 0
-9.07341832949279237e+00 1.12073242841255105e+01 0
2.93519872769637313e+00 1.46441379832716301e+00 0
-2.82390729584298805e+00 8.63857004068717682e-01 0
-1.31615940337258697e+00 4.91100904363317525e+00 0
-1.14909905317242806e+01 2.66021779838166816e+00 0
-3.83568315123417214e-01 2.57724438743665818e+00 0
7.71678001990345397e+00 3.88566582191068322e-01 0
-1.84192828235033601e+00 -7.50428769563899895e-02 0
-2.36461114437082998e+00 6.27331748310117843e-01 0
1.10463349521036291e+00 -7.86089143395860140e-02 0
-5.50243173261633078e+00 -8.57515161073772170e+00 0
-2.42940443195077993e+00 8.17268237358431726e+00 0
-1.34658694566372494e+00 1.45668950612281994e-02 0
4.43634041416457181e-01 2.69287845121267910e+00 0
5.23381956146772165e+00 4.40109032672894518e+00 0
-1.20210729942509200e+01 -2.42536376533474307e+00 0
-5.04383555647276260e+00 -9.83284583729001738e-01 0
1.09399975844778408e+00 -1.69469657806115392e-01 0
-4.33335488762597726e-02 6.17110017414091683e+00 0
2.63020318371959583e+00 -1.00907623880067092e+01 0
5.45506698194555772e-01 -1.46108033030018092e+00 0
-3.28645852111515513e+00 -1.13172439827271099e+00 0
1.56511526297844794e+00 -2.60645933393666186e-02 0
-4.18945487043111409e-01 1.17314315844897110e+00 0
-6.67607435969329543e+00 8.55401219118770939e+00 0
-7.62016507091675077e+00 1.23120765303363502e+01 0
2.50135312444843827e-01 2.00028847263097598e+00 0
-3.37161383659109082e-01 -1.52026542729294389e+00 0
2.23513569694660097e+00 2.53807457642824286e+00 0
8.87747906521085817e+00 6.10831535073792242e+00 0
2.80258007071138682e+00 -8.67048337288081328e+00 0
-2.99118089865722991e+00 6.37234887863790345e-01 0
5.60662955469273028e-01 2.04320545281416299e+00 0
2.87219498345242785e+00 3.18535613722274480e+00 0
-4.54850429427842207e-01 -3.06827528402437988e+00 0
-1.91207816134039810e+00 6.20665708841437569e-01 0
2.50561897975716219e+00 7.50429243440517713e+00 0
-4.68047065270337992e+00 -6.56543677727722219e+00 0
-8.80739832921298205e-01 3.36131024135766010e+00 0
9.47755289673809997e+00 8.45963055460959978e+00 0
-1.03178112163732294e+01 8.23267494475619865e-01 0
-8.38609154885060804e+00 3.95751847661285305e+00 0
3.02480293118964516e+00 4.01317883390928998e+00 0
5.64302827748275160e+00 4.76325258334152579e+00 0
9.13425669871687873e+00 5.70962871919942572e+00 0
6.64846130138223468e-01 1.90684275084962795e+00 0
1.01509111682005297e+01 -5.53778562814148612e-01 0
2.06913635157634301e+00 9.56320809056001475e-01 0
1.62228184532618203e+00 1.52231682040486294e+00 0
-7.47887790731516411e+00 -6.08998943692687078e+00 0
-3.39734129195360879e+00 2.97568757579387899e+00 0
-5.91238898694304638e+00 -9.37402260695870027e+00 0
1.98307899157456102e+00 -2.52690717618092719e+00 0
-1.31523111734724596e+00 -6.78070246601755300e-01 0
1.01639858062368993e+00 -2.00413431788274504e-01 0
-8.98745828357468302e-01 -6.02555230342028625e-01 0
4.02126561977368979e+00 1.51838486673946588e-01 0
-1.12274094028292604e+00 8.79937015165516279e+00 0
-2.23195809871474315e+00 1.06936775275491502e-01 0
1.46471739733557293e+00 -5.09441805743929943e-01 0
-5.64958101900347121e+00 4.01105657694154871e+00 0
-1.43025644004853097e-01 -6.55796482709931805e+00 0
-8.97558620953825326e-01 5.07206308411150331e-01 0
-7.67307180210120121e-01 -1.40531016271028597e+00 0
4.37899411280329787e+00 -6.79485137118372240e+00 0
3.76787367659825900e+00 -7.02104692555431686e+00 0
-5.71289065060160528e-01 1.50169874534862591e+00 0
-8.03745657923234802e+00 -3.42163180264206390e-01 0
2.01061821913001104e+00 6.85981241092255001e+00 0
1.72585934766589810e+00 1.42491793724741900e+00 0
-2.80369981211978203e+00 -3.12967160612589579e+00 0
-1.65432651256661689e+00 4.26159392184611274e+00 0
5.81481840488661827e+00 -1.33086053872466294e+01 0
-5.88686120499071119e+00 1.28444960422292698e+00 0
-1.10018279182157706e+01 -1.13767043203036500e+00 0
4.03940726071454570e+00 -4.80716328228784384e+00 0
2.54785416486556116e-01 -1.00581907880485910e+00 0
-7.32621313883362713e-01 1.96122168248702300e+00 0
8.04466156118320952e-01 5.02021320022631556e+00 0
1.15483161971218506e+00 6.50160731943749459e-01 0
-4.32365834684722561e+00 -4.65123957922244990e+00 0
2.62584107075571982e+00 -1.12948794351075299e+00 0
8.42075196889090910e-02 1.25111631379520194e+00 0
1.49935635637088205e+00 1.59409999350015208e-01 0
-4.99720657617862596e+00 -7.86010742694121500e+00 0
8.19341484451473479e-01 6.30351544273079378e-01 0
1.49301528996804694e-02 -1.68761673066856410e+00 0
4.87967503432904071e+00 3.32846760461981184e+00 0
1.67284618623425807e+00 -1.60383258964952802e+00 0
-1.10274389046966692e+00 -6.47994733009595758e-01 0
1.00340184622755491e+00 -2.63379314656330188e-01 0
5.36703121745458644e-01 1.15475435785410396e+00 0
1.34071399106219697e+01 -5.36398896838822026e+00 0
-4.71544538976544914e+00 1.14497547206120007e+01 0
1.15835260778837006e-03 1.25003540404105706e+00 0
1.28582294418369703e+00 1.86794346775177506e-01 0
5.75248721880338465e+00 -4.57017967706406214e+00 0
-5.98732812067782660e+00 -2.49952993855305605e+00 0
-1.14233823864115802e+00 1.77216522977735491e+00 0
1.41296854623022092e+01 -2.89180752942568908e+00 0
7.50705318452176229e+00 5.60756068687432840e+00 0
-4.81043291028963260e+00 6.44606194059296644e-01 0
-5.98093537292842825e+00 9.23657048581408624e+00 0
1.22717934811289897e+00 -3.14017915094667899e+00 0
1.10441710781911095e+00 -5.06997319155702120e-01 0
6.20464810054951688e-01 9.68236979913902451e-01 0
2.37954142562293480e+00 1.23549672861195603e+00 0
1.09858575385942405e+01 4.55354434162132893e-01 0
-1.10065223181875305e+00 4.60261858205080476e-01 0
1.51195060410363991e+00 8.79362781895445589e-01 0
1.35632670889869100e+00 2.51863464411797300e-01 0
-4.24043591863442781e+00 5.21557282328284799e+00 0
7.85179160860364700e+00 1.58725824382737302e+00 0
-9.81424721305828029e+00 5.16551138351887928e+00 0
3.02705546694551897e+00 -9.47423362665260838e-01 0
-4.57148754544048597e+00 -1.96422244931466206e+00 0
2.14697112185447292e+00 -9.00501222498472309e+00 0
-7.55023700608903336e+00 -4.62132725758950702e+00 0
1.36974751339974610e+00 1.03894112598655592e+01 0
3.13143030411530310e+00 1.02017596057181201e+01 0
-9.72324629295840070e-01 -3.39091628653393873e-01 0
-1.00752589975744105e+01 -2.59384336739002519e+00 0
-8.54110976948081557e+00 -5.42051152082785759e+00 0
-5.15649508713907956e+00 -6.69656549365509601e+00 0
1.58075883015932206e+00 3.92945478043622981e-02 0
-7.19409923243868565e+00 -1.15345411393867394e+01 0
2.42764241950701409e+00 1.11911927801384800e-01 0
1.85032917972674604e+00 -4.19389586685739113e-01 0
-3.97105699633329401e+00 2.22358639374793121e+00 0
9.11944669178350598e-01 -9.05900365172688349e-01 0
1.19128932593092607e+00 -1.87923436793791310e+00 0
1.23761232619778694e+00 4.10345736657054072e+00 0
-1.01708338777721097e+00 1.14600950480208602e-01 0
1.17382672014451894e+00 -3.43060872345762824e-01 0
4.41806144014604296e+00 -3.22199480293858098e+00 0
1.10333047038232698e-01 -1.43975092234002311e+00 0
-2.17392912032618879e+00 2.31094129227791401e+00 0
2.32338771201119787e+00 -9.76043107526916920e+00 0
-1.75677936189115802e+00 1.63454624091092210e-01 0
-4.24756046256182263e+00 -2.54254492844524815e+00 0
-2.71833072359923200e+00 -2.09984507198632819e+00 0
-1.63173173926174098e+00 -2.75882997100458716e-01 0
3.56879173978147479e+00 3.54802433265476580e+00 0
-6.01559878350101496e-01 2.51510026235478890e+00 0
-3.52616434091365694e+00 -1.27812131387400107e+00 0
3.70741454355521582e-01 1.79117464608234300e+00 0
1.55267205579248402e+00 -4.93759674514366420e+00 0
9.67933429518608257e+00 1.06823662838712892e+01 0
2.71049886304036480e-01 -2.84594054217150783e+00 0
4.70909192721361336e+00 -7.40256126628182987e+00 0
1.18813887690282605e+00 4.36239939052239656e+00 0
8.46908002918086877e-01 1.09216001239554106e+00 0
5.36987139883595921e-01 -7.70062281133754212e+00 0
-1.06496633406839702e+00 -5.66499148084869120e-01 0
-7.00138313559534442e+00 9.55380197690269028e+00 0
4.50864038980651693e-01 1.53773613099903206e+00 0
-2.11426740838499905e+00 -1.13238938165055494e+01 0
-6.51344595148633587e+00 1.17899694847943493e+00 0
1.25437792139149296e+00 -1.22465234806160095e+00 0
1.10445634921061107e+01 8.03911942587573947e+00 0
-3.42781166035310392e+00 1.55470223227643300e+00 0
-2.18322633314719505e+00 -7.63894920679471290e-01 0
9.46079201882262311e+00 2.48840113089797921e+00 0
5.46374644944645937e-01 -1.61104068280999591e+00 0
6.75636610386098635e+00 5.90518708102060266e-02 0
6.91643247766999725e+00 3.25359729681217003e+00 0
-8.48409883313799362e+00 4.60783299358942777e+00 0
1.18798426311841210e+00 1.79905591302649404e+00 0
3.37731768753998285e+00 4.56521766583712107e+00 0
9.03423089337740137e+00 -3.48208372844550684e+00 0
1.15817019121535703e+00 1.44373886223095003e+01 0
-5.02070018198125823e+00 4.08401368695517863e+00 0
-2.43996442279100512e+00 2.09469920364712214e+00 0
-1.21339851090081496e+00 1.10292636320599802e+00 0
-3.21168059950823404e+00 1.31629177167278506e+01 0
-7.04352993892011892e+00 3.33632587774041989e+00 0
8.78320785119225178e+00 -9.37334975426290384e+00 0
4.39887709483649192e-01 -3.08843327019916014e+00 0
5.43895292953191833e-01 8.84091610832620334e-01 0
2.53674478221329602e+00 8.57314927020801676e+00 0
-8.69894383790869874e+00 6.52447692590592343e+00 0
7.72852875420690810e-01 6.92647736394162661e-01 0
-1.59953613518221793e+00 -1.77487727321000310e+00 0
-6.01749444413187362e+00 -1.62893497357214007e-01 0
-2.15271420688097992e+00 -6.13848199894672208e-01 0
1.09533616285365309e+00 4.74464580133336922e-01 0
-2.14330806811116581e+00 6.06855260852553613e+00 0
3.27710005240196400e+00 -1.31440003157151097e+00 0
1.31235546432673100e+01 6.75940233336074114e-01 0
9.80550800349535456e-01 6.01399174032535289e-01 0
-8.86404742688406166e+00 -3.77205009775895306e+00 0
5.07863529314305784e-01 -2.77940933334223184e+00 0
-4.51362561748342195e+00 -5.26148369111502312e+00 0
-7.01007897025298199e+00 8.89853637425871979e-01 0
-7.40781243260979938e+00 4.25626788707917303e+00 0
-2.91841127706575110e+00 1.01214346736988703e+00 0
5.70760646216766521e+00 6.70098781891319906e+00 0
-3.35554075759137893e+00 -1.01910481586476394e+01 0
-1.01893384271634302e+00 1.05170631952162208e+00 0
1.37872490060838206e+01 4.24351865889960411e+00 0
1.67687444986869294e+00 -1.92268240409292090e+00 0
-3.54005257132774420e-01 1.61230816681699207e+00 0
-8.94040113859820451e+00 -4.61480509996447097e+00 0
1.17662882613048794e+01 -8.42923530138928712e+00 0
-4.50827880080161858e+00 4.76271276150988943e+00 0
7.16977121578959986e-01 8.20132334566599286e-01 0
5.11036502749401489e-01 1.06942314018232199e+00 0
-2.01623265351134506e+00 -1.23601332090476190e+00 0
3.11807813845733417e-01 -1.53058038685129594e+00 0
-9.46967537021560446e+00 -3.18704410281442518e+00 0
-8.68410390961490863e-01 1.86138366812068989e+00 0
6.85961128711917612e-01 -1.54867845540169591e+00 0
2.67948024871114487e+00 -2.48176025263168221e+00 0
9.17405093313935160e-01 -1.85265693443416501e+00 0
5.21414354359111520e+00 -8.91580046375087498e+00 0
6.77939914257358112e-01 8.53340066415598120e-01 0
-1.30518222264198798e+01 4.15581683756853160e+00 0
-3.22963852395352102e+00 2.68710752471522918e+00 0
-1.35215768675964410e+00 1.05283441404342804e+00 0
2.31014979659424879e+00 -4.67905986177412581e-01 0
7.20527821958359205e+00 -3.31183094424976199e+00 0
-7.39724912416399927e-01 4.79079463540479011e+00 0
-5.87345804888370715e+00 -5.21591063778234787e+00 0
1.75624329755144593e+00 5.98293439522800430e+00 0
-4.23904534251174159e+00 -9.85992505971936439e-01 0
-3.92294433229348893e+00 4.15579380895805528e+00 0
-6.89170771613248867e+00 -9.01640028938394167e+00 0
2.82285323529558285e+00 6.00574140458058126e-01 0
-9.71791912059448260e-01 -5.43029422923116178e-01 0
-3.06536374742839790e-01 -9.91380762027631257e-01 0
3.13835991984872908e+00 2.47597761537513605e+00 0
1.87968997691708295e+00 -7.30025730540843742e+00 0
1.43805652918205098e+01 1.86966445515678803e+00 0
-6.14253020130013261e-01 3.45523130533941680e+00 0
9.92079030289918729e-01 5.15185757631946828e+00 0
1.16768989233652909e+00 -1.44723663094175894e+01 0
5.99804220878844330e-01 -1.24204685500188705e+00 0
-5.30433831875559592e-01 2.27968386584177196e+00 0
1.13398338183981795e+00 -1.53109628046974411e+00 0
-1.73878950103141194e-01 1.02287030495710707e+00 0
1.33300610152063403e+00 1.13940040834525096e+01 0
-4.02390189308083102e+00 4.59469229844146643e+00 0
8.75562496029863979e+00 -6.61186093967858302e+00 0
-7.97348028008337262e-01 6.24197739716185485e+00 0
7.08947495035849862e+00 -7.64651701028700703e+00 0
2.97623074744883009e+00 -2.53417647724195305e+00 0
4.09780734039266559e+00 1.24353705582616705e+01 0
3.49497872598640003e+00 1.32386680393790392e+01 0
-4.35241842012304092e-01 -4.05912300429827777e+00 0
-2.82171833222212687e+00 1.90297643636313807e+00 0
-6.91223555311344118e+00 -6.91309756302688694e+00 0
2.07453381768014689e+00 -1.01453818583868993e+00 0
-2.90286114108105897e-01 -1.78491667561470102e+00 0
-1.83116590843383498e+00 1.71288727094811111e+00 0
-5.47747482391929541e+00 -8.07706014936399441e+00 0
4.53482718571140797e+00 -1.50984293910080702e+00 0
9.93069799103334816e-01 1.00883699242039104e+00 0
-4.48138913845593179e-01 1.88185394667770911e+00 0
-6.70667280743602756e+00 4.68375914579202668e+00 0
-1.17334544037362809e+00 1.20525394310726397e+00 0
8.36582487629791594e+00 -5.05794681740472818e+00 0
-1.13730710139306090e+00 3.35490698977880708e+00 0
-8.21192449764247989e+00 1.06771876544007203e+01 0
-4.04460638134454076e+00 -6.16987869989999727e+00 0
1.99718019121432500e-01 4.98147522172505042e+00 0
-5.55362226650274682e+00 -1.27687711326581993e-01 0
5.99963120539368777e+00 -4.82992313019252162e+00 0
-3.14518307898248617e+00 2.37264739652026879e+00 0
3.00697708240151895e+00 -1.61797596829749391e+00 0
-2.54611049785473309e+00 -2.20422869762793594e+00 0
-5.65647477969221057e+00 6.42059829317353792e+00 0
8.01034371775066534e-01 1.05604727002979404e+00 0
1.02586618770022997e+00 9.04876315887434779e-01 0
-2.34559697474345219e+00 4.24528110349530685e+00 0
4.14137701982175788e+00 -1.05447237741126099e+00 0
-1.21260155868503805e+00 -1.16371555936575399e+00 0
3.04369755378961315e+00 2.96102833501901974e-01 0
-8.48703662831366934e+00 9.14327510183184700e+00 0
-6.95863445826980342e-01 7.61994768130970113e-01 0
1.17784289613957305e+00 -5.47400144107444042e+00 0
1.21975780536096501e+00 -7.27893174700953693e+00 0
-1.02912995088601411e+00 2.80978366682986813e-02 0
-2.17504562481426511e+00 8.37273638062874803e-01 0
-1.20370850105415306e+00 4.51857628097172892e-01 0
-5.31594488009277527e-02 1.42126864287048105e+00 0
1.51574198411720995e+00 1.92995705409931695e+00 0
2.27055363458017800e-01 1.39607996612130703e+00 0
-4.30436980806465908e+00 6.50086469987622717e+00 0
9.27407533993970645e+00 -6.25656069949443161e+00 0
1.37547589481350108e+00 -1.32655305236340593e+00 0
-3.96162333344403983e-01 1.36247678643305292e+01 0
-1.86990207409782294e+00 3.15461678223405695e+00 0
-2.61394949553593081e+00 2.43666131891483495e+00 0
-1.29812165143885103e+01 -6.38260299720473601e+00 0
5.14369394413617709e+00 5.79290746062883777e+00 0
-9.96659400546496266e-01 -2.57835186557938578e-01 0
-3.26088344939244479e+00 -4.32348634817693422e-01 0
2.02853501472211795e+00 -1.83530930143443993e+00 0
-1.07700686409426605e+00 5.16372799870756682e-01 0
-9.64684561337827540e-01 -1.62981083222542300e+00 0
-1.67583686489258699e+00 1.98499235948704600e+00 0
-1.19154121868170808e+01 -3.52052804463473379e+00 0
1.13046063908666401e+01 5.77066268030182261e+00 0
-9.18968777863199016e+00 -5.01855341426178558e+00 0
2.36674127782504906e-01 -8.90765382651621174e+00 0
-4.77740295477377241e+00 8.65194479759702340e+00 0
-1.13680570810726191e+01 3.58462043959823307e+00 0
1.70933350574780207e+00 3.32854646464534021e+00 0
5.20282264622555668e-01 -9.53203912337384551e-01 0
-1.11059114503513801e+00 -1.75757363024639290e-01 0
-9.96724994868787517e-01 2.68169449844485497e+00 0
-3.33027091999209679e+00 7.50530990524434660e+00 0
-2.19615923624569803e-01 1.10681146122526197e+01 0
1.37837594511631991e+01 -4.55440448776775320e+00 0
-1.12379577685721599e+00 9.22872386825492441e+00 0
3.90974017864509493e+00 9.47682039249111097e-01 0
-4.82975757418577523e+00 -1.14980066921922797e+00 0
9.76706519018053720e-01 3.43308067051696475e-01 0
-5.04457653147046958e+00 3.33789682781858899e+00 0
-1.07836807753637198e-02 3.63798999161618397e+00 0
5.78171255675827478e+00 -1.59276140766655994e+00 0
1.02593120261952397e+00 -4.64445619867873205e+00 0
1.80732673221954104e-01 -2.13644810288939802e+00 0
1.13115386939314200e+00 -1.01083730752405110e+00 0
-4.77409895853051403e+00 2.09425484761988412e-01 0
-2.22473166265134381e+00 -1.01058689524777201e-01 0
-1.49288912988514710e-01 -1.19437377907262010e+00 0
-1.13762962251268096e+00 -4.98214670210133104e-01 0
1.12190917219252495e+00 4.14279690931476596e-01 0
-1.17948699896408304e+00 1.07015144445994706e-01 0
-3.91950152881720015e+00 -1.14281156518448892e+01 0
-6.54219935527100782e-01 9.67070032171739413e+00 0
-1.23360649079263407e+01 7.48746812294036435e+00 0
-1.91942746399417596e+00 7.41873694152751617e-01 0
-2.94072528994344395e+00 -6.58434907933547020e+00 0
1.07074893299749991e+01 5.84226946424067872e+00 0
1.53847140462998500e+00 -1.89842584239374390e+00 0
-1.84305403385574995e+00 7.93432914761584174e-01 0
-6.87432640190232558e+00 -1.72269855834841001e+00 0
6.38421331505733325e-01 2.73580668059055787e+00 0
6.69943166091047315e-01 1.67956157859952904e+00 0
-2.11606616502557499e+00 1.12051522639166401e+00 0
4.52923283285439293e+00 5.15862536226414381e+00 0
1.24267329248576197e+00 -1.18293239086472199e-01 0
1.64275184579936906e+00 -6.31889318796118893e+00 0
-3.11087731251452793e+00 6.87352585828718787e+00 0
2.43402205278345196e+00 3.53188782315480509e-01 0
2.20875513520435707e+00 -2.02413836691568783e+00 0
-1.07043187744346202e+01 -1.86621008611361106e-01 0
6.62395707768229780e+00 -3.80463468679264016e+00 0
9.80594019616748369e+00 6.23385162951851424e+00 0
-2.70146152079929713e+00 4.69945231397199403e-01 0
-1.55941824293165210e+00 2.81967230528042379e+00 0
1.91756482240838300e+00 -9.51868639563548391e-01 0
8.29983226940922192e-01 -7.90702380935940496e+00 0
-8.71520998355706844e-01 7.09444900138389012e-01 0
2.50742362042416123e-01 -1.30678669344874798e+00 0
-4.78154287920674559e+00 1.00331408861913793e+01 0
-6.29800363499992066e+00 -4.56991859843891923e+00 0
4.31633198141566066e+00 -1.65688267332656403e+00 0
8.05133641184663129e-01 -2.36812887957744600e+00 0
-9.92444541926491008e-01 -9.73281654580353428e-01 0
-1.03372777350327905e+00 1.30956578576626503e+00 0
-7.03223702362458614e+00 7.74703897262184160e+00 0
-1.47203266652577391e+00 1.67788526171520003e+00 0
-1.65576872460063501e-01 2.85577429798060711e+00 0
5.63171425615966448e-01 1.05354157720413011e+00 0
-9.96007758247131836e-01 6.78447173685509330e-01 0
-1.30364675095930194e+00 1.20472596186766996e+01 0
2.52553930970579987e+00 -1.05612522807548803e+01 0
4.22119843525895000e+00 6.32683367404187269e+00 0
-1.02870662079337691e+01 4.94560516707269393e+00 0
-6.54064326211050595e+00 1.29940264442532296e+01 0
4.32899565112217388e+00 6.72623062678089489e+00 0
2.01925313535824413e+00 2.38869059438847509e-01 0
-7.16824738137477890e+00 1.78143438107257501e+00 0
-4.60961080600384571e-02 -1.35246010651172099e+00 0
1.23255776391886904e+01 3.05611116586734699e+00 0
1.80330708297698306e+00 -1.19107672565126310e+00 0
1.21254354189937397e+00 -9.57173651875801212e+00 0
-2.25357576181298880e+00 1.34147606421162298e+01 0
-5.09280977916241806e+00 2.43788634159652817e+00 0
2.06162190534052187e-01 -1.00971261611237395e+00 0
1.37169796004117694e+00 -5.98909586327681165e+00 0
1.43160505503657198e+00 2.16702005824490307e+00 0
-7.78096679446759865e+00 -5.68747849431721075e+00 0
8.12648713962719871e-01 -1.55111737653799908e+00 0
-2.36728132970250610e-01 -1.51453304460443405e+00 0
3.03197043240938102e+00 4.85133980269393028e+00 0
-6.27554830635353866e+00 -5.25131993014906762e+00 0
-9.76810489862284914e-01 3.54932925983285907e-01 0
-2.06111287624614992e+00 -8.17162866344557925e-01 0
-9.97993528257175022e-01 -8.79893267570215265e+00 0
3.07520522426824705e+00 1.20445913941667992e+00 0
2.80247813798252210e+00 -1.53636586062517311e+00 0
-1.11126942724641298e+00 3.51530969330214793e+00 0
-8.57933838241816682e-01 -6.82770071294307002e-01 0
-1.03192696880438595e+00 3.77856308603315005e+00 0
5.61479771933773097e+00 -2.92552104518642819e+00 0
8.06344527105947728e-01 8.75797392969015154e-01 0
-1.08748002561236401e+00 -9.66720979929553137e-02 0
3.17911584880118880e+00 5.57681607427500392e+00 0
-1.23640900993696201e+00 1.48426044321758610e+00 0
-7.89207910045391703e-01 2.43108659878122380e+00 0
2.65257446395834506e+00 2.91680156940859892e+00 0
1.35698530498736307e+01 -8.42536064975337839e-01 0
9.67933366567216291e-01 -3.42784659978542516e-01 0
7.54958783435256464e-01 -2.23081864193022295e+00 0
-2.56702874903906975e-01 -5.01133150280328810e+00 0
-7.63326762860613961e+00 8.37223092797706059e+00 0
-4.03235712862525464e+00 3.89793109909242697e+00 0
-1.64245764583746001e+00 5.43489236355994332e-01 0
8.02341232636259227e-01 2.38253597885304513e+00 0
1.49431750879278902e-01 3.37696966385271802e+00 0
1.55486409624238597e-01 2.49692457904155107e+00 0
-1.24656172216900396e+00 -3.68628427985743912e-01 0
-8.28230008568397835e+00 -1.11421474535892595e+00 0
2.85175448182304381e+00 -1.36367797275529590e+00 0
-1.09314862385893008e+01 9.57214471752238438e+00 0
2.74184158940715017e+00 4.54673295879429007e-01 0
-6.01937806151892385e+00 -6.96200360049905242e+00 0
3.21072695135899089e+00 9.34228985263165890e-01 0
1.39053402415770511e+00 -1.88889496096454002e+00 0
1.76129342127661899e-03 -2.60895784928571084e+00 0
5.98503479317777476e-01 5.84379077236927369e+00 0
1.33116075643438303e+00 -2.76592303057015376e-01 0
1.87840582524275601e+00 -2.08917856186593598e+00 0
6.36508565678119442e+00 -1.04410235404658702e+00 0
-2.39376234971014590e+00 2.21842214574350494e-01 0
-1.39533128976300702e+00 9.71035444948228799e-01 0
-1.94244888300560103e+00 -2.94243868248326113e+00 0
-2.51369759001305493e+00 1.95589969022138299e+00 0
-1.78578434205550796e+00 3.01565476582641101e-01 0
7.10713542162065615e+00 1.17477464966903202e+01 0
-6.46323939742174680e+00 -7.62573577439677930e+00 0
2.42649314730249310e+00 -9.26925549064234855e-01 0
1.06259348363339989e+00 1.18463680798305404e+00 0
-1.05709500807101300e+01 5.68802664685211035e+00 0
-3.58167007593062581e-01 -4.52302790638927910e+00 0
4.75122376889662912e-01 7.05048967489033096e+00 0
2.81452145619695981e+00 4.45454561615763023e+00 0
4.14650992464339385e+00 4.43301212346135465e+00 0
-1.86989281090468107e+00 -7.42837164240165548e-01 0
-4.64116072070985197e+00 3.43257207067989079e+00 0
-6.85096138161647428e+00 2.26047215516163602e+00 0
-8.64076619800980694e+00 -5.98154260993468578e-01 0
3.59742451724210310e+00 -2.46771946951764409e+00 0
1.43073282940709201e+00 -1.57721803059078702e+00 0
3.02945308366565014e+00 1.63011428883814191e+00 0
2.26320600570885322e+00 -1.05849388960687407e+00 0
-1.34950276968269600e+00 -8.22642900752072248e-01 0
2.71997834345390599e+00 -3.22538693408224697e+00 0
1.42946157158664211e+00 -2.13427755915526207e-01 0
-1.29194540430525295e+00 1.26868011922040402e+00 0
-5.49277077970728000e-01 9.77971546505266631e-01 0
-2.73884236337368980e+00 -1.33063244814752100e+01 0
-1.89099331033639895e+00 -1.42852602539446605e+00 0
1.59530021128240690e-01 -2.25450903219094778e+00 0
-7.34779911702008293e-01 -7.29754237099083602e-01 0
8.80290927182798555e-01 1.53530275649261605e+00 0
-5.40932476771429283e+00 1.09966603046371403e+00 0
-1.41258619539957797e+00 1.44518875937611591e+00 0
1.25590019858345991e+00 1.72606359026742395e+00 0
-9.61519549630550507e+00 -2.72550110274118085e+00 0
3.97807492168916810e-01 -1.52961800144933502e+00 0
-1.59462559550177296e-01 5.11282088666996071e+00 0
3.16888158784473095e+00 -2.83448923220786186e+00 0
-3.43778458091679118e-01 -1.16398730876436094e+01 0
-7.09786958503268028e+00 -5.24891916646400158e+00 0
-1.19482441430936803e+00 -1.90087647985889313e-01 0
1.02213283165180302e-01 -1.20116296074166495e+00 0
2.61223047805033484e-02 -1.44824684390885206e+00 0
3.91349645519253997e+00 -1.18363677763723700e+01 0
-2.89737905335872004e+00 6.42972355170076781e+00 0
3.09526388252309914e+00 -6.81570899635027505e+00 0
-9.12607226996788867e-01 1.16134301482874891e+00 0
-1.27982973570588010e+00 -1.75082700965084204e+00 0
7.80147065323419486e-01 7.73409554654686970e-01 0
6.41940707389724796e+00 1.09557080072070701e+01 0
-1.97810683462565606e+00 5.18084501018386057e+00 0
4.03456746153478640e+00 4.88011062185215483e+00 0
-6.83777728795470541e+00 -5.64452893977912407e+00 0
3.48024483340356605e+00 -7.27240562331568086e+00 0
-2.83691181301570383e+00 6.19053457197583534e-01 0
-1.72683902290641189e+00 4.20330773843169581e-01 0
6.91328813164625888e+00 7.90650512005186012e+00 0
3.51628627177354902e+00 1.09469134425630310e+00 0
-6.02708408077376934e+00 6.07198463892911811e+00 0
2.18234256513598801e+00 -4.68858115050079169e-02 0
-2.71646771215981520e-01 1.62261360213759209e+00 0
-1.24582094852852010e+00 2.19151310918100384e+00 0
6.79409870328225374e+00 -4.52086360205312943e+00 0
3.66653644199293005e+00 -3.76075979426493801e+00 0
1.22926372429895903e+00 -1.08784291857571702e+00 0
9.11594390973298307e-01 -1.02708124586483907e+00 0
-2.74373683485711295e+00 -7.72611918271966758e+00 0
-8.98030154354128562e+00 1.01783389315591908e+01 0
1.29964892798762293e+01 -6.46831265508208642e+00 0
-2.64083455985361093e+00 3.95774461122191479e+00 0
-2.10528927402687316e+00 3.01496756496305807e+00 0
-2.80830855632076704e+00 4.66085503756576269e+00 0
2.82747674998611087e+00 3.54651927056759020e-01 0
3.14294072779938105e+00 -3.53748853563409793e-01 0
-2.98357630412869002e+00 -5.79659987418731260e-01 0
3.97774955001855712e+00 8.24235386821907667e+00 0
-7.31245458427771844e+00 9.13617060260702729e+00 0
5.25797019193931847e-01 -1.09404317804004592e+00 0
6.53529809882440249e-01 -8.01710348671890394e-01 0
-4.69006281830135130e+00 -4.67679945013183840e+00 0
3.07426952989725610e-01 -1.34880679396152692e+00 0
2.68035279630202705e+00 -3.98489121635683619e-01 0
-1.32468095918341811e+00 2.10382027296809593e+00 0
-3.64969066228184680e+00 8.79686036887349587e+00 0
7.46544842533444086e+00 -1.56464208152121392e-01 0
1.92382135811800703e+00 -2.29440238639099903e+00 0
-1.46702612437782598e+00 4.32730444093533606e+00 0
-1.19363866966968608e+01 -1.83039857898588210e+00 0
6.30262677371833391e+00 5.13455193307950780e-02 0
5.25739028215759241e+00 2.14243973638064800e+00 0
5.08290443613174059e+00 -4.73290051900633824e+00 0
3.01869431503318308e+00 -1.92562274475460504e+00 0
-1.27196751567836497e+00 9.45055113894997412e-01 0
-6.34005310810423595e+00 2.44710266140663579e+00 0
1.22649449096558005e-01 6.70345856145860974e+00 0
-3.78373933072469332e-02 -2.15467000758833116e+00 0
-2.24421665508894808e-01 -3.73290108603032689e+00 0
-1.12782922079903791e+01 -5.25021698852948138e+00 0
-9.94680287082135073e-01 6.98031649810177601e+00 0
2.72094923466637717e-01 4.49298328987450013e+00 0
6.85526358572825156e+00 -5.90538340445831000e+00 0
1.19438097883725902e+00 -4.37588443821870676e-01 0
2.14195082853339702e+00 -7.51046418120327464e-01 0
-5.36453556256051201e+00 -4.82101839600343940e+00 0
1.46035808238980713e-01 3.09282476066788004e+00 0
-4.22251026866008239e+00 1.00653126263128390e+00 0
-7.18903274216654165e+00 2.12027120667724001e+00 0
-4.12401635340970874e+00 -1.34900286662123903e+00 0
1.72517083487971989e+00 1.35866526474309008e+01 0
1.12075375324310511e+00 -1.23044534205589295e+00 0
-7.72154158069467744e+00 1.77644667705070392e+00 0
1.14784538167596999e+01 -4.64089822507322403e+00 0
-1.64268680871511408e+00 -1.36079056939612801e+01 0
8.44179315627628268e-01 2.00632632999965521e+00 0
1.06876691792589096e+01 2.34132109654857912e+00 0
-1.15239801765739602e+00 6.68900942137609089e-01 0
-1.65649677550607999e+00 5.00001293952834658e+00 0
-3.51525477786421892e+00 -5.18095354041384581e+00 0
4.78087810508369504e+00 -1.15636976668765801e+00 0
1.01134613869568102e+00 -1.70150772090433211e+00 0
-9.00600387837754468e+00 2.22543802815703184e+00 0
1.19588777844083904e+00 -8.58032905787468880e-02 0
1.26223941593636102e+00 8.11442391738402491e-01 0
-4.75724657723789779e+00 -1.01088075550640095e+01 0
9.47140137312944219e+00 -1.01156229889740992e+01 0
-8.34535595804529517e-01 -8.63425681673057555e-01 0
3.48582940584065204e+00 -1.84921408963143197e+00 0
1.99483903026511511e+00 2.74686234280787911e+00 0
-1.00291030242395807e+00 7.90779676418248201e-01 0
1.05896405663620596e+00 -4.36743083970756718e+00 0
-3.63315334159084280e+00 -4.81850125757105996e+00 0
4.08420423515527098e+00 -1.60353149578337306e+00 0
-2.02012880984362297e+00 2.69484246472634981e+00 0
-6.15337391311572990e+00 3.05858942142910406e+00 0
-1.06065565310709307e+01 2.50285629271166910e+00 0
4.63419284579354862e+00 1.64600684609407688e-01 0
-3.52965415829857498e+00 -3.06610077405207404e+00 0
4.56579046452456883e+00 -2.74596261221683191e+00 0
-1.37038322696548693e+01 4.48457994202056831e+00 0
-7.74942133738610095e-01 1.02972823841976902e+00 0
3.07787714974330884e+00 -1.47009704621338511e+00 0
-7.32804961154995382e+00 9.97339111343031171e+00 0
1.37611679596279002e+00 -1.47134248020227298e+00 0
1.59673643534893106e+00 -5.66919612473107515e-01 0
1.42896673544877295e+00 -2.78785213171714785e-01 0
1.15694140694628489e+00 2.09933803875784197e-01 0
-6.93808817036689174e-01 1.23184232403885696e+00 0
-1.07944961339497691e+00 7.39254883953275654e-01 0
4.71713550710995921e+00 -3.97263160453205710e+00 0
2.30348593265552104e+00 -2.53812373101354405e+00 0
-1.82314430392927296e+00 1.17648512868566901e+00 0
5.87276301841030191e-01 -1.02472523554963391e+00 0
1.15445220758890006e+01 -7.23398747331254732e+00 0
-6.41234690263807661e+00 6.48434339532890203e+00 0
2.87693888264874698e+00 2.70567214936457079e+00 0
9.87283747540357443e-02 3.90065921920457592e+00 0
1.09755894475283311e+00 -4.18095720958143124e-01 0
-1.52457742585953793e+00 4.41013071705973703e-01 0
-5.76309628312550082e+00 -4.25057294490399773e+00 0
-1.95556377749259491e+00 4.67376173379767390e-01 0
-2.72332816551609813e+00 1.10744495865276296e+01 0
3.29091878864387022e+00 -1.27805449444646002e-01 0
-2.13563693763126716e+00 2.56940359768343596e+00 0
-1.34238650992447806e-01 2.15189961109477013e+00 0
7.81884185774776874e+00 -3.51407264748807879e+00 0
8.60856630530390987e+00 7.67230371621698048e-01 0
8.83690867472850528e+00 1.15046378152143092e+01 0
2.64005725825072313e+00 2.32000887064491979e+00 0
-2.94592562691850013e+00 -8.34790020752912976e-01 0
2.46183844154935993e+00 7.95275091317281579e-01 0
4.40677208270990128e+00 2.05304184925585609e-01 0
-4.92096365830508820e+00 -7.41162056774562927e+00 0
9.47160337611628123e+00 6.72317818023842317e+00 0
-1.20907987651214510e+00 2.48949477673409587e-02 0
-7.80631238907619363e+00 6.56352855924813205e+00 0
-3.78509140625795382e-01 1.07174506730653807e+00 0
7.02493257010108896e-01 1.37200559744032304e+01 0
5.73734386733143609e+00 -1.14318156108237208e+01 0
-1.19664133891916191e+00 -7.50204460305649024e-02 0
1.52177881020028005e+00 -1.72857239183697109e+00 0
-7.34471271731696707e+00 -2.65534592047275408e+00 0
-7.46560134262947539e-01 -1.04989438055977793e+01 0
-3.87112564504383494e+00 3.71929708116037583e+00 0
-3.79692091266994902e+00 6.88857920349562658e+00 0
1.04453487550402402e+00 -3.36070559758960608e-01 0
2.66147221254726096e+00 -1.42138540826106698e+01 0
-2.25095456247148912e-01 3.27278106256484902e+00 0
5.12452041600519070e+00 -2.87399966303541410e+00 0
8.45570820988685301e-01 -1.10841273346114910e+00 0
4.76236713760966257e+00 -3.47664825803649213e-01 0
4.17214334559187994e-01 1.05507483812922609e+00 0
-5.60683576943016071e+00 6.51916574701665752e-01 0
6.62760164871791457e-01 1.51655880652516695e+00 0
1.88472477286608697e+00 -5.99061982225385981e-01 0
-1.69457569140116493e+00 -1.38459463173866704e+00 0
-1.03374139815125399e+00 1.86824082943625802e+00 0
-3.77366451913481615e+00 1.17080493275845399e+01 0
7.72479926104896464e+00 7.71376406147561777e+00 0
-6.38504241673072848e-01 -9.84525220470797380e-01 0
3.87159450353956214e-01 -1.02425623095023210e+00 0
-1.45823889124105399e+00 2.09969123126960804e-02 0
1.26632561144846600e+00 4.33989205133411216e-01 0
1.82666836841452196e+00 3.93519129434008885e+00 0
-5.67448310048323368e+00 1.00979843774903504e+01 0
-2.05525678676434120e+00 -1.83380911328755891e-01 0
-3.33546059572877085e-01 6.28265710526801691e+00 0
-4.90433957438721591e-01 -8.09691351552557492e+00 0
1.21882382240301794e+01 2.36750384682853410e+00 0
7.95481231711800740e-01 1.26691846652413598e+00 0
-1.33555706944330197e+01 -2.52904084645647220e+00 0
2.24206031118872806e+00 1.52843499247168602e+00 0
2.22242277262819821e+00 2.31945818796234882e+00 0
-4.09335737141727396e+00 2.43719038016485889e+00 0
6.28706117265809006e+00 6.66622271837124103e+00 0
-2.00132807917925293e+00 3.17501935366839683e-01 0
1.12958269223010195e+01 4.18057503801976704e+00 0
9.26056363004242739e-02 -1.65979272841293790e+00 0
2.13922388122385199e+00 7.23273770871105004e-01 0
-8.73517262804698991e-01 5.48717596760995519e-01 0
-6.39040228237163110e-01 1.13121825438028001e+00 0
2.67119969119910294e+00 6.73902381020039853e-01 0
-6.87453581561563998e-01 -1.16466149671958097e+00 0
7.91704099390610927e-01 2.94806388572308720e+00 0
-9.90070001205120498e+00 -4.38378458892420486e+00 0
-2.37631047182022215e+00 1.85212766141813501e+00 0
8.32765410375657322e-01 2.58549960624889819e+00 0
-1.29635721483361399e+00 -5.52062993315559636e-01 0
2.21303599084094893e+00 -4.58305867844535086e+00 0
-6.29730587966723387e+00 -6.28793479694849911e+00 0
2.46359565973739780e+00 1.64109671065238105e+00 0
5.03158537487165214e-01 -2.66034374288495590e+00 0
-4.66096011961620693e+00 -2.41164560004979078e+00 0
4.62248645550032844e+00 4.36698096277845060e+00 0
5.75961856231967229e+00 -6.92748131726521166e+00 0
-5.79400235130486863e+00 1.99438812607872301e-01 0
-1.54995415786335089e+00 3.54044337999745906e+00 0
3.39888071173377326e-01 -9.71330654904202784e-01 0
1.16636991416137192e+00 1.25742893241056497e+00 0
-1.80961150178967189e+00 5.43561218199443896e+00 0
4.42149671692214064e+00 9.96093471020500054e+00 0
-1.30964409479187394e+00 -4.30641528675448915e-01 0
-3.41285414565831102e+00 3.23606395464114183e+00 0
-1.11018973313116498e+00 5.55963964623376761e+00 0
1.13206350367888096e+01 -1.51913139927681695e+00 0
-7.25266019065608947e-01 3.33276076895457019e+00 0
1.08642090767640003e+01 2.80243712483573981e+00 0
-7.73988183699434540e+00 -8.49842008871974475e-01 0
1.17922398857550892e+00 5.05241207582092944e+00 0
7.45541653942482840e-01 3.77739972828830783e+00 0
1.03476333199986592e+00 2.86974179526935602e+00 0
5.40170764865551334e+00 5.29626470208889799e+00 0
1.05253937840282208e+00 -4.55595736388209993e-01 0
-8.78257429786728494e+00 -1.47997452766581694e+00 0
-1.14707442369950496e+00 2.90762266849903694e-01 0
5.78981488263397193e+00 7.27558930308155194e+00 0
1.04381723084083102e+01 3.59284596361518815e+00 0
8.30246166822584541e+00 -9.12385141292442370e+00 0
1.74483176346094393e-01 1.12821134084952890e+00 0
8.60538270117608128e+00 -1.05974225932012605e+01 0
-8.04037946474887577e-01 2.69566201355142221e+00 0
-2.44895426893005119e+00 9.38056139609341755e-02 0
-3.91224334771678117e-01 -1.30663292307145396e+00 0
9.53617497642857082e-01 6.88654609465966239e-01 0
-1.15370241484944600e+01 -2.54612430797940403e+00 0
1.94653069940519896e-01 -1.21678963488290903e+00 0
3.67533080990733918e+00 -5.56225318622453635e+00 0
5.85209976912740260e+00 -1.05577508725774694e+00 0
2.37618968003092013e+00 4.98176154824905826e+00 0
-1.16972126664769993e+00 -1.10150502118172205e-01 0
2.66060977196026283e+00 -4.03278793319720386e+00 0
2.78859305607903796e+00 8.67369423863361688e-01 0
-6.10116686859388224e+00 1.73333473241105107e+00 0
-1.19780533953489310e+00 -4.15803373158836420e-01 0
-4.88110573782766544e+00 8.15170562443908686e+00 0
7.57933497822078639e+00 -3.22666856443625516e+00 0
1.29962834607180699e+00 1.31308562442101606e+00 0
4.01955336792117635e+00 3.88878127677272900e+00 0
-5.26909550675235927e+00 8.80746513405442855e+00 0
-1.26929863506694995e+00 -2.53983639971188113e+00 0
9.30123179090344809e-01 -2.20165993697324014e+00 0
-2.55092779548440296e+00 2.19977636752877892e+00 0
1.66455206839527103e+00 -1.87470667921595502e-01 0
7.52663606273987207e-01 -2.63604289820306414e+00 0
-2.28545728089860312e+00 1.11482118624342194e-02 0
1.45693920509569708e+00 2.78075294693543418e-01 0
-5.02549664654224792e-01 -1.01347883393406790e+00 0
-1.58717774714378812e-01 1.37197724044105795e+00 0
4.48766656084418614e+00 3.95672081284100097e+00 0
-2.53619009251015992e+00 3.98064091641136486e-01 0
7.05042885426814880e+00 -1.02520319665303905e+01 0
-2.29054663710440787e+00 2.06953405023077286e+00 0
-2.75665951054526015e-01 -1.38342376524415700e+00 0
1.12281605589030198e+00 2.17842608927890780e+00 0
-4.82793700419020144e+00 1.27490653362353008e+01 0
8.45511671139446896e+00 -5.99454046914668037e+00 0
5.21253977180859440e+00 3.61148252697200078e+00 0
2.20315780994964783e+00 3.90623658718736388e+00 0
-8.87361519108779584e-01 -7.72701327501281621e-01 0
4.02080920226314564e+00 -2.95830162208713388e+00 0
-3.06788787536739910e-02 -1.09124233241624395e+01 0
7.43846369328798840e+00 8.24940709568817354e+00 0
9.88748896016634071e-01 -9.08460482227901345e+00 0
5.45488105373353616e+00 -2.31612420500458605e+00 0
-1.39532787733596297e+00 -5.94471166235770565e-01 0
1.86942307708785993e+00 2.77905837575112891e-01 0
1.03876176047550892e+01 1.60761296355776095e+00 0
5.57873185304307739e+00 -1.44844135096075011e+00 0
-1.45221841674817798e+00 -8.80782529617968879e-02 0
7.67343671206849187e+00 -9.99518628384963037e+00 0
2.12756229317464918e+00 4.56721655393803397e-02 0
5.28065759393495870e+00 8.60572681356814750e-01 0
-2.77143961707546982e+00 2.73924694662869994e+00 0
-2.35564533574743190e-01 2.19333533154327798e+00 0
-1.30048156908695507e+01 6.51772521644387037e+00 0
4.25135178992077378e+00 4.75141358951539772e+00 0
-3.76161752242710423e-01 -1.01883535651030610e+00 0
-9.61245063976408853e-01 1.44710248153821599e+01 0
2.83132796300423095e+00 1.19162349030383297e+00 0
-1.27590091230896192e+01 4.74840164889281180e+00 0
1.15452358299868796e+00 -2.18492609243575608e-01 0
8.48709879817333812e-01 -7.71282152214461725e-01 0
3.70238501889236415e+00 1.02109530811017706e+01 0
1.85494916605149696e+00 3.01789465207401797e+00 0
2.85666965697435415e+00 -3.40475168342910695e-01 0
-2.84143219883885301e-01 -2.41861622214977912e+00 0
-6.45307749799378083e+00 -7.14574833708218637e+00 0
-1.31775134045647202e+00 4.11206343564427357e+00 0
-3.59013948975132413e+00 -7.62657778189212210e-01 0
-1.08017398391696995e+00 -5.13355848041311291e-01 0
6.10717852362446356e-01 7.65230509843970097e+00 0
-2.05685469722737091e+00 2.12035080404646603e+00 0
7.04595540974036361e+00 5.58190349427837784e+00 0
2.11864487678724922e+00 -1.40121359127413592e+00 0
-1.00494488485969602e+00 -8.11327377033332575e-01 0
2.25400383854849817e+00 -1.51777897916250692e+00 0
6.88841350413586184e+00 -1.66039550647280792e-01 0
-1.92157858506321899e+00 -2.23759294958058508e+00 0
1.24863555700847395e+00 -1.30143243141788001e+00 0
2.94731839204658908e+00 7.84447156424435077e-01 0
2.52273231792672803e+00 -7.65620406696836397e-01 0
4.72522347891126415e+00 7.96789237336386069e+00 0
-1.13276934903707502e+01 -7.53221429987681379e+00 0
-1.05848965831222497e+01 3.91322796612211787e+00 0
-1.44806741350232593e+00 -5.02918865130366100e-01 0
2.40825740828014290e+00 -9.30744812317470149e+00 0
9.63031798271457684e-01 -5.49066392104233469e-01 0
9.20706947844684320e-01 -4.66564707798143574e-01 0
1.23453996931550893e+01 -7.53089775400436601e+00 0
9.46948577108005551e+00 4.36960299366781957e+00 0
-1.12447067525672995e+00 4.01664021541088712e-01 0
1.93772170102762797e+00 -1.94610721872499703e+00 0
-5.21290057758558856e+00 -5.47643211472192082e+00 0
3.97714982336747513e-01 -1.11096972090167707e+01 0
1.55107928604037304e+00 2.13736288320360579e+00 0
-7.74676736816956613e+00 9.31435356579250673e+00 0
-7.98956848129888431e-01 2.12398205684891694e+00 0
8.49504300363840592e+00 2.41344143348418205e+00 0
1.13917575499738206e-02 1.79184784198211999e+00 0
-1.23246778852691108e+01 -6.08668271861880594e+00 0
-1.93069374533161309e+00 1.29764211468150203e+00 0
-2.34112587918533999e+00 4.63160042476291389e-01 0
6.94416200288192398e-01 -5.99771639333704698e+00 0
1.39372231581061601e+00 1.97151236367794191e-01 0
3.08891467140001597e+00 3.06837705471489017e-02 0
3.09934602359286115e+00 6.86828796029544986e+00 0
4.65199927122101098e+00 1.14625214809700693e+00 0
9.49978554001815390e+00 -1.10322029613741499e+01 0
-1.35263747770049694e+01 3.28990565700606608e+00 0
-9.20270068681075770e+00 7.24724845741762724e+00 0
2.09088806501581098e-01 2.69789132611999705e+00 0
3.86401771084326784e+00 -1.15570364325950095e-01 0
2.35370480669683690e+00 3.32667864590414286e+00 0
-1.23149617889387497e+00 3.62606519076470291e-01 0
8.28363919525257941e+00 5.22933639822190344e+00 0
4.89247218202645140e+00 2.14585782269088288e+00 0
-4.66521778724720892e-01 9.15600543972085124e-01 0
-1.69727925570930793e+00 6.73632937156146028e-01 0
1.03617724666077695e+01 1.19227750790333409e+00 0
9.40515045669366057e-01 -4.23557162303433210e-01 0
4.06186308068549007e+00 -5.29356310862519841e+00 0
-1.18668239491135696e+00 -1.03897997884262594e+01 0
2.25135010050247697e+00 -1.76101365505261609e+00 0
3.05721250710107117e+00 -3.42413462505704791e+00 0
3.53086197188070594e+00 3.01218382979139720e+00 0
-1.12680001890862300e+01 -4.72794165885062156e+00 0
-3.29085082903367798e+00 -7.97470765118438507e-01 0
-9.45349029097841576e-01 8.03854799830578060e+00 0
1.65526429507150996e+00 -1.28158751867447895e+00 0
1.93220827022486996e+00 1.37092293789628905e+00 0
1.15568672757889104e+01 1.20965996271940401e+00 0
2.17641624534976419e+00 1.34999749267403102e-01 0
-8.73717350962618378e-01 1.06182997352009800e+00 0
-3.75416367724975197e+00 -8.12276950019936628e+00 0
1.09317693665299998e+00 -1.59764950872269096e+00 0
9.28577015291253277e-02 -2.43152768074053105e+00 0
-5.47130649672586289e-01 8.69515195752517567e-01 0
1.20823047969420805e+00 3.38708807524260372e-02 0
-1.38816278991564301e+00 1.53133464747863290e+00 0
1.28591188026192205e+00 -8.40391195771820892e-02 0
-5.16219541865200604e+00 4.63575906398557613e-01 0
-8.38581777809398865e+00 -2.94441402857138179e+00 0
1.94954021440641800e+00 -5.29681328776213256e+00 0
5.90766704189201697e+00 3.31063677101009413e+00 0
-3.39264956859830491e+00 3.73775162294055985e+00 0
7.35565643586228024e+00 -5.40264739214785461e+00 0
-1.63774375443551490e+00 4.09124012165532014e-01 0
-1.13573828675040600e+00 1.26242588345914299e+01 0
9.40986942140420801e+00 -3.42972113932674283e+00 0
-4.05252740489550511e+00 -7.18785106990677303e+00 0
1.62357284214093012e-01 -1.01366818572262596e+00 0
-2.25412004810850597e+00 3.07393044960039408e+00 0
-4.55808149442134880e+00 8.75044309538860698e-01 0
5.26729620508671470e+00 4.06421629568919673e+00 0
-3.22935442375125614e+00 1.98764801676606306e+00 0
-5.72460052434441202e+00 -4.89577959860059320e+00 0
-1.31682849428032389e+00 -1.29929979161787501e+00 0
-9.85054610577322132e-01 1.61455946092152391e+00 0
8.94099157639431819e-01 -7.34454132396798021e-01 0
3.16147002364651808e+00 -1.74397555768692691e+00 0
-9.89564732742910991e+00 -9.61227287012686915e+00 0
-4.72170624652888815e+00 -6.16491923952924292e+00 0
-3.75676099123274199e+00 -1.55716253467663401e+00 0
1.99607973819338302e+00 5.23363891550206972e+00 0
-1.03515414580541298e+00 -3.45119949914496002e-02 0
5.52891934315859257e-01 1.20496736254438108e+00 0
1.11155542179533007e+00 1.06418697989263511e+00 0
-1.99327764741685409e+00 5.28423297746688503e-03 0
3.41284562554145188e-01 -1.27693300756554695e+01 0
3.74734635828047002e+00 3.84798176346104026e-01 0
-6.47202303095276710e-01 8.77827968660987779e-01 0
-9.11943809049905241e+00 5.33575323823442638e+00 0
8.25577725709051968e+00 9.16859634876614216e+00 0
6.91494986487734553e-02 -1.02562637526948208e+00 0
-3.78950859842368892e+00 1.02180315751985091e+01 0
-2.36969215191326688e-01 1.34655597571147689e+00 0
-5.32801382797785800e-02 1.61159876419755310e+00 0
2.50469046775840409e+00 -1.32178784289449003e+00 0
8.06604674897989815e-01 9.43279425436936592e+00 0
-1.43864328224886795e+00 9.56742333607058271e+00 0
7.18808107718144629e-01 -1.00701611560061499e+00 0
5.14138642942797208e-01 2.14561742399183508e+00 0
-1.01526040111345095e+00 -1.95915528692304802e-01 0
-5.08231023163513762e-01 -8.94279557913710943e-01 0
-3.17232220680927990e-01 4.13604661278913799e+00 0
6.94508136906174389e+00 1.52313205687804998e+00 0
-9.82800657026887947e+00 -1.91831363443280489e+00 0
6.36757922307406909e-01 2.87342846225197901e+00 0
-8.60231145832785593e-01 7.57406271671159725e+00 0
-6.38113735144723138e-01 -6.21409131900506573e+00 0
2.06063161199970413e+00 -3.29987056028239500e+00 0
7.43449163113641642e+00 3.36153922417984008e+00 0
2.00537253571715191e+00 4.01856452112992313e-01 0
-5.08729817526837191e+00 -2.31252557392253300e+00 0
1.26899990577400401e+00 8.28952350874997829e-02 0
1.31907342275317507e+00 -1.18806823128566408e+00 0
5.10418007650958572e-01 -2.04110282989204306e+00 0
3.37473757934974583e-01 -1.15609042139545992e+00 0
-1.24190724962416095e+01 5.69144932214273158e+00 0
1.06426888666328594e+01 2.70486673715444104e-01 0
6.13194414088655826e-01 9.02696381864988795e-01 0
-4.20364363663266616e+00 -2.26160927098390596e+00 0
3.11057555771798100e+00 7.64178223022350878e+00 0
-1.89412773400671797e+00 -4.71625264808046563e+00 0
5.44993933026992217e+00 -5.15617246322293621e+00 0
-1.94637077127839708e+00 2.19553162096921994e+00 0
1.13345760725092704e+00 -1.27936902577823891e-01 0
1.78757908283864109e+00 2.23166199424303002e+00 0
-4.75059409113423303e+00 -6.91731498129572020e-01 0
1.06246269886288802e+00 2.54715771760372911e-01 0
2.27744075139095087e-01 5.65302177376642323e+00 0
-1.24935385923345610e+00 5.46801040579216635e-01 0
1.52006111212603900e+00 9.72545718300349749e-01 0
-5.58563542549968517e+00 -2.53202876469147098e+00 0
-2.07346688262141798e+00 1.44115862198161904e+00 0
-2.73627057949596908e-01 1.08203122539055907e+00 0
7.60946796859110597e-01 2.05653878240596200e+00 0
-2.57564620563454028e-01 1.54977932105265492e+00 0
3.48890537363382913e+00 4.76057938207904741e+00 0
-1.04193359837435402e+01 -2.95648650023650905e+00 0
7.43619704935233461e+00 4.49813423589009265e+00 0
2.07461042317129307e-01 -1.13311313962792393e+00 0
9.47959297601357420e+00 1.66670401813089697e+00 0
-6.20391157804228399e+00 -1.02491639349339199e+01 0
-2.10614598754540694e+00 1.22820684950880405e+01 0
6.57876040681369179e-01 -8.75251705158055282e-01 0
9.74645589409669055e-01 4.60431905346156078e-01 0
5.26642223142052135e+00 -2.18042662259869102e+00 0
-3.05581751110521393e+00 -3.98459290492295892e+00 0
-4.05513777524825925e-01 -1.13319664025230904e+00 0
-5.02323077054957490e-01 -2.49346765896940603e+00 0
9.85703020305911060e-01 -4.99117738034019376e-01 0
7.95004894069459733e-01 -1.24441651742679600e+01 0
1.49621745804737905e+00 6.43026765356227870e+00 0
3.86316967520387600e+00 3.24271024557837784e+00 0
1.35938096621796891e+01 1.42950357625237290e+00 0
9.39720327570067515e-01 -2.58903225875349996e+00 0
-8.20922415520762705e+00 -9.45548473945375534e+00 0
8.58014840416053204e+00 1.06534381768607105e+01 0
-1.90008256601561309e+00 1.97496009216030388e-01 0
9.77396401842320550e+00 -1.21564498232026308e+00 0
-2.22618557230994796e+00 -1.15653001978232806e+00 0
6.58473885449857210e+00 -5.04242877829155667e-01 0
1.08346481711762799e+01 -9.33481282516830047e-01 0
-1.04207637127875397e+00 -9.05105886913170621e-01 0
-4.25095775659605302e+00 3.82057271216279082e+00 0
-2.20375536801533611e+00 5.25664989066978183e+00 0
-5.17238099806413842e+00 -1.28058618153297097e+01 0
1.25450109423839606e-01 -1.11987238802019196e+00 0
4.61236176015170241e+00 -5.73298258176598274e+00 0
2.93605811305151787e-01 1.04713181842318992e+00 0
7.19190873224716420e-01 -1.09894614933800994e+00 0
-5.82510653867953088e-01 -9.05404915624339668e-01 0
3.62694323066279178e+00 -1.26262126703687905e+00 0
-1.12397965085403095e+00 -3.66585408782023114e-01 0
3.21413519291549221e+00 1.12306165338978703e+00 0
1.43323705257295697e+00 5.12642479109958971e-01 0
5.07318715784432239e+00 2.52284637453301297e+00 0
-1.36428368102270507e+01 -3.22848536394911678e-01 0
2.40642064317828197e-01 -2.48478727843807290e+00 0
-8.54487777052945652e-01 4.37316493692476715e+00 0
-1.90861439609279193e+00 1.98080196114387697e+00 0
-1.72297968021621695e+00 2.18250661372833710e+00 0
-9.12980251410451871e+00 -4.15429762804658420e+00 0
1.17097107221829000e+00 4.14624483261243126e-01 0
-4.04558517717516608e-01 -2.64873595524416494e+00 0
-1.75610431403089007e+00 -3.53992939229889281e-01 0
1.63615252688090607e+00 3.92830502818386218e-01 0
-8.45498209123517164e+00 -7.17718914992432477e+00 0
4.05883995039042322e-01 2.02491116756402079e+00 0
-8.99970022324631080e-01 -2.16032525114233609e+00 0
-4.31280443699265381e-01 9.87809323738842227e-01 0
9.18543480881750862e-01 7.34719379816197948e-01 0
-4.41822984783820960e+00 -9.26827052387677874e-02 0
-1.50897027143570295e+00 3.70627529732687311e-01 0
-3.32473380021643117e-01 2.74455915638478709e+00 0
1.50744294503281395e+00 8.52038375821463134e+00 0
-3.65844740917677580e+00 1.99026260808221811e+00 0
-2.07744156454241102e-01 -1.00573772604873191e+00 0
-2.41666611535559406e-01 -1.00418718053131406e+00 0
1.05666098098940497e+00 -6.36085779104293891e+00 0
1.85776186991143989e-02 2.82695862995216007e+00 0
4.77195485813839526e-01 -5.01979245658187967e+00 0
4.19476845182840297e+00 2.35663367012562919e+00 0
2.00507160253088079e+00 2.32457910805234702e+00 0
1.19659256273226000e+00 1.00113519668829398e+00 0
-2.32116340456833292e+00 -9.46708244985704717e-01 0
9.47332465141666191e-03 -1.78316341634636499e+00 0
-1.00768127043916600e+00 5.41560979722914726e-01 0
-1.61131217796374004e+00 3.08767110473900797e+00 0
2.39386935225480890e+00 -1.05425336946836090e+00 0
3.31937565596839201e+00 -2.00392080539095918e+00 0
1.74090628112486900e+00 -8.24228506950515971e-01 0
1.54991566589091301e+00 -9.21448615297737028e-01 0
-2.28357930256988917e+00 2.75628685932689299e+00 0
1.62866846484702094e-01 1.20973832157280792e+00 0
7.22654787475937366e-01 7.40668928133430438e-01 0
-4.92640064485255103e+00 2.88885668345735880e+00 0
3.89003919836274203e+00 6.15313876342019572e+00 0
1.67077164208368600e+00 -1.38293810002092710e+00 0
2.74557418219627591e-01 2.33174177052855081e+00 0
2.89666659439522922e+00 -2.26661213427270614e+00 0
-3.11159671931430504e+00 1.18785889108509002e+00 0
-1.54349777644516295e+00 2.26275408513632792e+00 0
-1.14017286678450596e+01 1.74679812270453194e+00 0
4.27031517054340259e+00 3.00937610230286712e+00 0
5.99337872416978112e-01 8.43563914896097944e-01 0
-3.70395911784157594e-01 -2.19688144089396520e+00 0
-9.13077415134651682e-01 4.67374715164262822e-01 0
3.28730197167764882e+00 -2.35645390667683907e+00 0
3.57917278901857605e+00 1.70953048480150005e+00 0
1.01143665189027998e+00 7.30642358881156473e-01 0
1.39918657452655704e+00 3.06170575914243903e-01 0
8.11555513111348770e-01 1.15920436270510607e+00 0
1.67081865374637095e+00 -6.82316860601610425e-02 0
-1.44713266430134109e+01 -1.27170958376380899e-01 0
2.10503161560790097e+00 -4.39233505706228711e-01 0
5.04288129875588176e+00 6.97971349878969072e+00 0
1.59436642610622004e+00 3.68202661049513802e+00 0
-3.04756939150957695e-01 2.52970245213101697e+00 0
-3.66695474578344216e+00 -3.53940578144520002e+00 0
-1.81510109716282808e+00 -7.24692398141594740e+00 0
-9.42961806374041228e-02 1.88820620472375600e+00 0
8.67444070449309712e-01 -5.58914253983969322e-01 0
-7.73520589562767036e-01 1.73768349970632197e+00 0
-9.13661935021409199e+00 3.00856512661437980e+00 0
-2.94487997462012618e+00 8.94523696385988210e+00 0
3.25879968716030310e+00 -1.07671456152695200e+01 0
4.39059200125477300e+00 -3.67635426936335907e+00 0
4.53959061131908559e+00 -8.82496699842273813e+00 0
-3.42197866901725378e+00 -9.19397224577263916e-01 0
9.98240588457454781e-01 2.27964741573605290e+00 0
-4.67346269405938042e+00 2.44177493344866114e+00 0
-3.61768340110539999e+00 2.90025594179127211e-01 0
2.70093595816263021e-01 -2.10156519938498709e+00 0
4.30752581088481690e-01 -1.30987163815798691e+00 0
-1.39126398811069407e+01 -4.03955129913553179e+00 0
-5.77931032910700138e-01 8.54847238831904943e-01 0
3.00603731206678315e+00 -1.19884469194225094e+01 0
1.30132770782599994e+00 -7.61402864642529043e+00 0
2.09059970872172896e+00 -1.63399912421680504e+00 0
1.08742663150840202e+00 -2.68430489189258707e-02 0
6.28194131842444392e+00 1.76186308021882598e+00 0
8.17257074455489341e-01 -1.04934444693286211e+00 0
7.18545571686299223e+00 4.18753849802474143e+00 0
-5.77268256695540227e+00 -5.86219584480647793e+00 0
-6.17042997720796293e+00 -5.92552871719447616e+00 0
-7.88745628756771899e-01 -6.58491894143316436e-01 0
-1.25643000619687006e+00 -2.55482314000799127e-01 0
5.97538930210168040e+00 -1.03867137557741600e+01 0
-5.90726307829838870e-02 1.09176105475809004e+00 0
3.55194808337236312e+00 -3.26363833588892219e-02 0
7.44780698051839529e+00 6.18555367869308892e+00 0
1.89594148962384607e-01 8.99596292014141419e+00 0
7.87052959884775194e-01 -6.57409666386708613e-01 0
3.92497505985435291e+00 8.72753410485848846e+00 0
4.75578970938318868e+00 7.16699215686888813e+00 0
4.13487874416320711e+00 1.92474446682519895e+00 0
-7.24359913170743841e+00 -1.25661245926905991e+01 0
-7.83349155674588982e+00 7.23953269336238492e+00 0
-2.59271921303296293e-01 -1.30403475549415804e+00 0
-5.43902378334879444e+00 3.57659245884227106e+00 0
8.42757810927299511e-01 -5.84968121909076211e-01 0
2.23647653454839990e+00 -1.15243671235627900e+01 0
1.85362888044264307e+00 -1.28786581244756793e+00 0
-8.05810087244368844e+00 -1.38644365529974700e+00 0
-1.05083434753960603e+01 -1.81644943472280196e+00 0
-7.08167608074736687e+00 -8.16047723588164686e+00 0
-1.26826768897607600e+01 3.22550666879388581e+00 0
4.18062301015957427e-01 -4.67563120831769030e+00 0
2.35223393732670594e-01 1.83451476582677708e+00 0
3.67694745708842685e+00 2.22172041209808402e+00 0
1.18050901608335703e+01 1.82686620924344290e+00 0
2.68113330346319279e+00 1.01025617092662201e+00 0
4.08868402639695105e+00 3.66229769747628398e+00 0
-8.41417905896313378e+00 1.18964325087798706e+01 0
1.38202339830138810e+00 -4.32457575721224396e-01 0
-5.42038530175796573e+00 3.29405207245972109e-01 0
-6.69503901155025893e+00 -1.34879018488622804e+00 0
3.04030755320646007e+00 9.39700906799527003e-01 0
3.01352469572819315e+00 -4.66882534333623678e+00 0
2.52278447778740311e+00 -3.54502494547342284e+00 0
-1.88554467780731105e+00 -2.43947621015617788e-01 0
3.52168164014996021e+00 1.52524415596568291e-01 0
4.95441160233982902e+00 -3.95158729151899812e-01 0
2.33093702231629596e+00 3.62482156289972179e+00 0
1.10211180089565408e+00 4.74029339092881496e+00 0
2.78711699167822591e+00 -2.47032777730177094e-01 0
-2.32511197840681882e+00 -2.90557766467707701e+00 0
-2.01332563860175995e+00 -2.38558904585891796e+00 0
-8.28330290338679553e+00 7.73290844957904788e+00 0
-1.22721468126829691e+00 -2.35519534217195003e+00 0
-1.01914132285720793e+00 4.60491299429512613e-01 0
-3.55073338234702796e+00 1.46120883872410789e-01 0
3.99707535832063476e-01 -1.64994101794495895e+00 0
7.30431526188929592e+00 4.92028418262141543e+00 0
6.97119216959753429e-01 -5.39838929238884457e+00 0
1.49049797336829704e+00 -4.30341196354027122e-01 0
-2.50945303415043108e+00 9.39851103288269663e+00 0
7.36466146579318970e+00 6.74918867564664104e+00 0
3.57762158068619396e+00 -1.10822455754333298e+01 0
-5.73987221920682611e+00 3.48640738017395213e+00 0
-1.81985288832637093e+00 -1.60913212831672503e+00 0
1.64467366011836291e+00 8.48990065647867276e-01 0
-9.40838946482400829e+00 2.09105428877042110e+00 0
7.46078452766390732e-01 1.08386866659991510e+00 0
1.32900912081235800e+00 3.64378643771969879e-01 0
1.01754307874776506e+00 1.55350965417560305e+00 0
1.14482693372569400e+00 7.85658812909732912e-02 0
6.80645444883300232e+00 5.28227478979801734e+00 0
-1.02538931613434894e+01 -3.48433237386048722e+00 0
1.20097913639641494e+01 -6.46678394922880173e+00 0
-1.43157852462997703e+00 -1.86444583080910109e-01 0
-1.54240889490355498e-01 -1.31939963356762791e+00 0
-9.61201501641933298e+00 8.88836951374204043e-01 0
2.35491470716186896e-01 1.00880843450272106e+00 0
-2.60397539017811708e+00 2.47578075885903109e-01 0
1.21412692015101804e+01 6.20916031764295440e+00 0
1.88282322617903008e+00 1.02240128349177106e+00 0
-1.09340798544415296e+01 5.48868041547301400e-01 0
-9.97609429543987347e-01 1.73150869498012705e+00 0
1.35571092781547407e+01 2.32475490113084193e+00 0
6.84422338096724214e+00 6.82190168720713874e+00 0
-7.13714315392506293e-02 -1.14086292496449704e+00 0
9.30154400470762965e+00 -1.00856701349969602e+00 0
-3.52098000492684315e+00 -4.28599275973378713e-01 0
1.15001132874020096e+00 -1.08013719917912496e+01 0
-2.93544444444438479e+00 1.03702451829291107e+01 0
6.03558314978618338e-01 -2.08627033364958203e+00 0
3.86566891847782479e-01 7.92264917450396222e+00 0
-2.43400160762774398e+00 2.63503327939659782e+00 0
-4.97460288399463380e-01 1.12677752646429297e+00 0
-4.12529439532340536e+00 -6.54360313477533406e+00 0
-1.38344786686884302e+00 -2.25685099645236908e+00 0
-1.20506816122752092e+00 -6.12838161946205884e-01 0
-2.30972292997858597e+00 -8.16036497780849968e-01 0
-1.10675693732167606e-02 1.03139278118171096e+00 0
1.23353895312719395e+01 5.64843531904752361e+00 0
3.41382716673620079e-01 1.70939363793971011e+00 0
1.54923422885154993e+00 -1.50487194562320292e-01 0
-6.48404519840215432e+00 5.75189918860264868e-02 0
-1.77680519259599290e+00 3.28723744382000804e+00 0
-1.49815568953473299e+00 7.93303017981851322e-01 0
-4.28563984303753476e-01 1.53308483734858703e+00 0
-1.02185419620364506e+01 8.95539727854595391e+00 0
2.44610225979730300e+00 4.63794960672648759e+00 0
-3.98415469359736707e-01 2.13976735446372812e+00 0
-8.29150702462842171e-01 -1.31506276971455307e+01 0
-9.93503755353614260e+00 1.05620770535428203e+01 0
-1.19961399075728892e+01 -1.78930608172264999e-01 0
-2.50914399757335405e+00 -8.71037886225694713e+00 0
-6.06191575346890676e+00 -7.16271484706949457e-01 0
-1.02053451200287593e+00 -1.14986623736889199e-01 0
-6.55338556433696318e-01 -2.79445018236511000e+00 0
5.41561546407141226e+00 6.46291924042921573e-01 0
-8.18970288518238498e-01 1.05138663788232307e+01 0
-1.35316413239117095e+00 3.12503377122368997e+00 0
4.36485739236871506e+00 -1.15140858555378003e+01 0
5.02624224611617887e+00 2.84560659483122791e+00 0
3.22493909756938812e+00 1.42037470995827704e+01 0
1.42277964417985503e+00 -3.96249404744215883e-01 0
-2.83832448177767604e+00 -5.91766027163069142e-01 0
5.60240922401370023e-01 1.63650623048102606e+00 0
5.60972365967743136e-01 -1.03078138866459792e+01 0
-3.19316904759522013e-01 1.50886575865340000e+00 0
-6.74975213308557365e-01 -8.35404049961914308e-01 0
1.40909237275717003e+00 1.22482918151383191e+00 0
-2.08821206401451587e+00 3.56179141356819913e-03 0
-6.76173701577318909e+00 1.14602131348731504e+01 0
-2.23727022245784291e+00 -6.66028811155077971e+00 0
-2.35828040796198213e+00 5.87545234830023322e+00 0
2.74020210443550694e+00 -7.79901643459175786e-01 0
-8.63350174793469449e+00 -2.25353193280160591e+00 0
-2.25047594805519902e+00 -3.62885781273064190e+00 0
-3.94942212908385581e+00 -2.87595420113334699e+00 0
8.32388985750532440e-01 1.32276717383282993e+00 0
-5.92967976148264242e+00 -4.56718506942747116e+00 0
5.07166729890668844e+00 -5.25099707902347124e+00 0
8.00228782983604248e+00 9.66758390008782698e+00 0
2.97115749297262388e+00 5.21882311321576808e-01 0
1.26419138315020108e-01 -1.53909339027002989e+00 0
3.54651426387401492e-01 2.95139566075565796e+00 0
-6.51556784633273889e+00 -2.90800212669122315e-01 0
1.15442252460901500e+01 6.22233396573871911e+00 0
2.95269182755391801e+00 3.95176488753656907e-01 0
1.90800540247827599e+00 2.00442716938491516e+00 0
-8.24264545678500937e+00 -5.02237450735527080e+00 0
2.12768554805496191e+00 -2.50219878785078009e-01 0
6.38595557989792528e+00 -1.56805484901047709e+00 0
1.72650403704083710e+00 -2.24101045060704607e+00 0
4.35073564374860311e+00 -6.27653877895715606e+00 0
1.35810275515170709e+00 -1.64940472812603400e+00 0
8.24398101049862930e+00 7.18539852632580978e+00 0
-3.16505206524879501e+00 4.34534123492385760e+00 0
1.99837092462787891e+00 1.56440203008114509e-01 0
-2.11194148341937904e+00 3.51398138555592210e+00 0
4.85151369429678603e+00 -8.17770245428613229e+00 0
3.59032695616945674e-01 5.90046262232387964e+00 0
6.27828319538599544e+00 2.48906362454639485e+00 0
3.24287859240053811e+00 1.12118441774194000e-01 0
1.38925408751584700e+00 8.52876080433997708e-02 0
-1.15317650486274603e+00 -4.48118913369694738e+00 0
1.58263339588735397e+00 -2.22191919738521504e+00 0
2.10407511837689798e+00 -7.75372822432885567e+00 0
-3.58108875502535318e+00 1.06716104454420808e+01 0
2.88475626007790797e+00 -2.71466541408319495e+00 0
2.61677698115857016e+00 3.47400576109584014e+00 0
-8.14426963469825793e+00 -2.70736805471212216e+00 0
-4.51163428719979809e+00 -8.07688508746386091e+00 0
6.12512849006051141e+00 -3.48766946304248293e+00 0
2.17101690724171181e+00 1.03496983806336496e+00 0
2.39442289087332186e-02 1.02521671752289900e+00 0
-2.04364880969474516e+00 -7.92227317875525561e+00 0
3.25759640350534996e+00 4.80482902622506203e-01 0
9.88897283919155240e-02 1.06741756617565997e+01 0
-9.78796309205112958e-01 -3.39915714433609306e+00 0
4.07300196467045428e+00 -5.83831225028938583e+00 0
-1.16403531632394692e+01 4.41921940064009267e+00 0
8.01254855998896431e+00 1.12364672087194197e+01 0
-6.13319795113106636e-01 1.46144128006045793e+00 0
-7.51665397581107797e+00 7.90722162561413011e+00 0
-2.13158200139611997e+00 9.83936277404398180e-02 0
-2.01044850412897791e+00 6.56830908031899874e+00 0
1.13030737643454700e+01 -9.02265970789804683e+00 0
1.19806681427316195e-01 1.14775786482622100e+00 0
3.17998744752841489e+00 3.39441181681198023e-01 0
1.83644914359700206e+00 7.16810560222134074e-01 0
2.86269874959087511e+00 -3.54099302819343897e+00 0
7.68660880018315495e+00 2.21995559070615922e+00 0
-1.43565683130686995e-02 2.68122275792947296e+00 0
-1.09384378530026307e+01 4.57730923626938857e+00 0
5.03796224866206233e-01 1.25084174170698104e+00 0
1.69048267354513104e+00 -5.78700684039204716e-01 0
-3.55683834876677374e-01 2.38179106153723197e+00 0
-2.46654513331200098e+00 -5.10644877568895694e+00 0
3.24281435571328291e+00 9.26247536245778846e+00 0
-1.36689791635814899e+01 1.28845565545736696e+00 0
-1.09100887935962092e+01 -7.74494186744575686e+00 0
5.97263201794311982e+00 -1.78057227571809107e+00 0
-3.19776944185828516e+00 -1.42403139916476995e+01 0
2.95136642553262885e+00 1.75694059818897608e+00 0
-8.92295087433027552e-03 2.01240270822402989e+00 0
7.38954183676103860e+00 9.69195539627845726e+00 0
-2.00251164681150584e+00 1.81052141459979210e+00 0
-1.35363593713358998e+00 3.29564674482873388e+00 0
2.93246714760649396e-01 1.19757007816289596e+00 0
-4.77830747536750611e+00 -5.02066947581126666e+00 0
2.78593614177191995e+00 -4.42301692435439708e-01 0
-5.31983198013859226e+00 1.87809529038731804e+00 0
1.06508885154010691e+00 -2.14318489953572694e-01 0
-5.92167784643563877e+00 2.20960333115641783e+00 0
-2.64982720831987084e+00 -4.05765001706276884e-01 0
-8.25236519072676700e+00 -5.76082121303168559e+00 0
-1.42866804400170810e+00 6.85550431771258761e+00 0
-6.84017076686023273e+00 1.67655943559464493e+00 0
8.87399943413240022e-01 -6.84329401347957389e-01 0
-1.52779184162314707e+00 1.29233183076078006e-01 0
-2.56207853051450485e+00 1.42959951843788091e+00 0
1.14282927204878892e+00 -9.01498791486739726e-01 0
-1.65703359508011205e+00 9.70857190618003130e-01 0
4.88042288206546326e-01 -3.23947721482453588e+00 0
-7.99561718771970131e-01 2.00970883024651581e+00 0
4.71206241622324917e+00 -2.51710163780287699e+00 0
2.10592223853410310e-01 4.18070916652330471e+00 0
3.54029381638458807e+00 3.22905157354935302e+00 0
-3.34332857493710289e+00 3.29141885538620227e-01 0
-1.66066742820867508e+00 1.45599010470358103e+00 0
-1.18486867602672596e+01 3.65340905494358514e+00 0
2.16475980458957190e-01 -1.52636538005242106e+00 0
-3.69978821205715613e+00 9.71340475516108137e-01 0
-1.00869179121086407e+01 7.46012815699766296e+00 0
1.58789794818961405e+00 -2.43633862626275821e+00 0
-2.95986327957236695e+00 1.59992600386638295e+00 0
-4.68913445238701687e+00 1.37342279601478303e+01 0
-1.80552935697325490e+00 8.19102126252393781e+00 0
3.04471210787237823e-01 -1.63851994958224600e+00 0
2.77214854993690185e+00 4.92614928357835602e+00 0
5.87035593256931332e+00 -3.09574399825442903e+00 0
-7.29400283088870705e+00 -1.33434715908045498e+00 0
6.60230513256966578e+00 8.27381691790432194e-01 0
2.17119184477407012e+00 5.98384350777579765e+00 0
1.03238194133284900e+00 1.08900135937187703e+00 0
2.40784106419632604e-01 1.21540177887798606e+01 0
-2.29885869199619020e+00 8.81291700699270386e+00 0
1.41634092717484311e-01 1.61365959902554601e+00 0
1.04024284716035509e+00 -9.64637137692655355e-01 0
-3.77941457034051798e+00 3.13171244161499274e-01 0
-3.22288598310970498e+00 3.85401877359102008e+00 0
-6.70066162952819289e-01 -3.38042477363491001e+00 0
-3.11838178063978011e-01 1.94730288598128198e+00 0
-1.10817934346821705e+01 1.23810847180040495e+00 0
-1.18334367889748595e+01 -7.78162882615676454e-01 0
-1.05917708661336007e+00 2.52410084581754013e-01 0
5.03880505801635259e+00 -1.79857066285111911e+00 0
-4.27138561955897433e+00 -7.87929103079396120e-01 0
-1.00138532381774308e+01 4.32228720325060412e+00 0
-4.01987356132850415e+00 1.03783377308991409e+00 0
1.75647957891721296e+00 -1.55902299612792805e+00 0
7.02713457803829322e-01 1.31017387138407093e+00 0
-1.93823647856455589e-01 -1.97865655805426610e+00 0
-1.41031852446476491e+00 1.85583156741412403e-01 0
1.15280176601202804e+01 8.98725791220298298e+00 0
-1.20646029184238301e+00 -1.42603720624829911e+00 0
-1.20300901715011599e+00 -3.79663410213587804e+00 0
-4.40719973675183940e+00 -1.22143057150601404e+01 0
8.03233876219931098e+00 6.30688530532812663e+00 0
-1.76542930835415990e+00 6.67698007019269957e-01 0
-3.04088956087107010e-01 1.86003314650379203e+00 0
4.78421686393738010e+00 1.65361010716728796e+00 0
-3.41834143900972398e+00 1.14275848505032798e+01 0
1.06898514939017408e+00 1.01815729344688799e-01 0
7.71816177315513929e+00 -5.98966382112273177e+00 0
-5.32848650878452101e+00 -1.35152820580875694e+01 0
-3.40728610391722198e+00 1.19378051912869210e+00 0
-1.98681035756100299e+00 -3.96704858241819514e+00 0
2.86977694236252612e+00 2.43684858550651917e+00 0
-1.23461599414482004e+00 1.37307293342650691e+01 0
-2.51667921406192718e+00 3.16910481721013992e+00 0
7.16976167585796187e+00 3.12012796212666199e+00 0
1.56674675160129895e-01 -4.60503749052263256e+00 0
2.11787860211107803e+00 -5.72103424701428143e+00 0
3.27259263064233519e+00 2.42084152069299813e-01 0
5.14713055199488334e+00 6.18860394801743929e+00 0
8.26812778320360664e+00 -6.93607829971649803e+00 0
-1.27894649020120310e+00 1.85833432397564002e+00 0
-9.13170357684025769e-01 1.51774187975001396e+00 0
1.02741919154689807e+01 -2.69805089914017904e+00 0
-1.08138118574860598e+00 -1.02182367736118596e+00 0
1.43347950028258406e+01 -2.44461342693410000e+00 0
2.42060637129253609e+00 1.77042667374054608e+00 0
-7.71159535496882986e-01 8.65053767279570285e-01 0
-1.80453871878609196e+00 3.03698856589353783e+00 0
5.65527825137593432e+00 5.25043291308172133e+00 0
-1.10513545874384489e+00 4.00910985782921703e+00 0
3.16072048205265510e+00 -7.14636693216268970e+00 0
2.48959384772725695e-01 1.04914828644365499e+00 0
-8.52839434346551961e+00 5.68260232495969042e+00 0
-6.33976634653308668e-01 -9.62188083674367434e+00 0
-3.48128344848838422e-01 -1.38605216321977909e+00 0
6.06733293029133058e+00 5.65025889202468168e+00 0
5.23860487544203135e+00 2.35994668604987012e+00 0
6.84236046610350357e+00 -2.24857023479455087e+00 0
1.23372744407192991e+00 1.38877545966827709e+00 0
9.89710906271034041e+00 -1.92961627390826607e+00 0
3.21780157640090092e+00 -1.44928989073255599e+00 0
-8.83883090167149166e-01 -1.14128954834690499e+00 0
-3.08882891233132006e-01 1.73900220971052799e+00 0
4.95624714734426508e+00 7.73907441195947676e+00 0
2.47916654737222597e+00 1.04350711744800195e+00 0
-4.41013327440330194e+00 1.04661688914121598e+01 0
1.88318638139762395e+00 8.65929472576610126e-01 0
8.61077388583601257e-03 -1.07849007950179310e+00 0
-7.75967584256311760e+00 2.61429553168736906e+00 0
-1.45544370844729691e+01 -1.04946524657893492e+00 0
4.47064839984990803e-01 1.22507943670819297e+00 0
-1.91539499371078703e+00 -5.70378735204791987e-01 0
7.51625930276121901e-01 -9.80596758976688521e-01 0
7.86044122317989258e-01 1.26046284763633007e+01 0
1.83637745140590086e-01 5.20331675260598470e+00 0
-9.32055003901278711e-01 2.26046874631260319e+00 0
3.11164308333095219e-01 -2.29227290464113720e+00 0
-4.08372860658860404e+00 -6.51944462455972484e-01 0
-1.42302358776277291e+01 -3.15133131376636300e+00 0
1.56366297622474004e+00 -3.14729329985388695e+00 0
-3.93385464941265317e+00 3.07565379845335496e+00 0
4.16431567776117284e-01 -1.20599769471826690e+00 0
8.04657215491228150e-01 8.22755443154559529e+00 0
-1.13989534415337102e+00 -7.50313920488539177e-01 0
-4.31442904439785124e+00 4.28638001091848242e+00 0
-1.45460455699103197e+00 1.09889535571478691e+00 0
-4.67586398514125268e+00 -4.87841713150962697e-01 0
-1.08464501996840701e+00 8.93102656667171924e-01 0
9.16080894768180554e-01 1.28243930292656794e+00 0
3.68217051857872291e-01 -1.25173314152082704e+00 0
7.98818814587720527e-01 4.82935996660939892e+00 0
-7.77691944664836843e+00 -7.46495932125666517e+00 0
-2.04273789459744615e+00 4.04954272815893690e-01 0
1.34391413658118597e+00 -1.03436765064969993e+01 0
2.55079361891641110e+00 -7.51819378752717959e+00 0
1.30427010015763689e+00 -4.29522483331740279e+00 0
3.38118065056637906e+00 1.16797182257926409e+01 0
2.69123695796876694e+00 1.97648428329062997e+00 0
-3.32986290911649485e+00 2.10541499276606903e+00 0
-4.89993059921961827e+00 1.10474342046496705e+01 0
-3.38462520950790591e+00 -3.58583743630231988e-01 0
-3.53079570337065807e+00 1.27504082374066408e+00 0
1.42074347733628992e+00 6.98383667199541769e+00 0
1.66956215170943789e+00 2.77959116889842495e+00 0
-6.66355780779197882e-01 2.41179157309616521e+00 0
-1.05717894506754706e+00 2.26241338167403905e+00 0
-6.32091719086488180e+00 1.10313042529708607e+01 0
-1.27647723128366692e+01 -6.20098341967800892e-01 0
6.02105235593804244e-01 -1.89760802110083304e+00 0
-1.31579747138737901e+00 2.49263982642643578e+00 0
-1.29777150211984402e+01 -1.73064386449527596e+00 0
2.45101742634813702e+00 -5.00114186882131499e-03 0
-9.31183191139734245e-01 -5.43528396982204676e-01 0
4.12721043724270142e+00 -8.54810772258017895e-03 0
-1.27073071051134900e+00 -6.14134170855841433e-01 0
1.29842892258015201e+01 4.88555803638742159e+00 0
-4.45995373297960285e+00 4.12085420860272844e+00 0
1.76439457807132394e+00 -3.11117834873348009e+00 0
-6.86234844932289700e+00 -9.67177382670971753e+00 0
2.64098691528886320e-01 1.12231735248475295e+00 0
3.34872395084244001e+00 1.19539174252022695e+00 0
3.49942881295926922e+00 -1.16258415303969596e+01 0
2.52232981309186810e+00 -2.05444810084680318e+00 0
-6.92805104103543679e-01 -9.10199107674206531e-01 0
1.59353325967949111e+00 -3.48803332815109390e-01 0
2.09887691442448920e+00 1.69307345159032807e+00 0
3.12075416180906196e+00 5.76450132425411987e-01 0
3.12301246575912606e+00 7.07665696893131302e-01 0
2.12954728793460502e-01 -1.64279930722890999e+00 0
1.20061239483232196e+00 2.26736798664655703e+00 0
2.21518809832174801e+00 1.04409868769716105e+01 0
-2.90204534726096997e+00 5.86657142432100098e+00 0
5.52374825310941109e+00 9.58582687662288890e+00 0
2.69111075628853191e+00 -1.12997955035667204e+01 0
-4.16369615970274776e+00 -8.69085924333719184e+00 0
-2.74924059057550307e+00 3.34727631649749613e+00 0
3.85341083083930380e+00 -5.07006281750844856e+00 0
1.01040948772736305e+00 -1.02350807274725697e+00 0
6.21660440462714847e-01 -8.17967753492592986e-01 0
-1.35734330867249309e+00 -2.12445821539213497e+00 0
1.56301483860047008e+00 -7.72137416084062944e-01 0
-2.05747909128490081e+00 6.23033047249297089e-01 0
-9.30337891381443960e-01 3.48984892673883396e+00 0
1.38520875021585099e+00 8.86340771507553971e-01 0
-1.33766462370932393e+00 9.16893147918925622e-01 0
8.15206186838813096e+00 -2.03850513800823613e-01 0
3.36320918943658098e+00 2.21952545208451291e+00 0
2.57633806183261305e+00 9.61076007977974656e-01 0
5.87756084488908925e-01 -8.41523839766755821e-01 0
-5.83402239513450027e+00 1.24170976137293607e+01 0
1.53325787972065508e+00 3.40101553864773010e+00 0
-1.78505587507476893e+00 3.98634190051759596e+00 0
-6.28467937741060689e-01 -1.49028079657677792e+00 0
1.07347498096277305e+00 4.56780178814487972e-02 0
-9.14539466407649826e-01 9.01219888778618694e-01 0
5.25725896781519619e+00 1.36289313845651900e+01 0
-1.05304592734618496e+00 4.79398888149013214e+00 0
-7.75225472181390263e+00 9.77271753460952297e+00 0
6.48746516973439213e-01 -3.28149946551098681e+00 0
5.95323488207544038e+00 -2.29756626664572705e+00 0
-2.16133170317853418e+00 3.75635841240382018e-01 0
-1.17018856604840304e+00 4.53978638718592187e+00 0
-7.00818353632583069e+00 7.36039178404589034e+00 0
-1.36797902130620708e+00 -4.02793369733913398e+00 0
-1.48100146165855207e+00 2.91250432721603403e+00 0
-5.77778452897585737e+00 -2.54139210420888904e-02 0
1.12011699974278507e+01 -8.03059423664751648e+00 0
1.32277839662926300e+00 -8.88747544141518131e-01 0
8.42656543288706206e-01 7.69309939032648882e-01 0
1.30362727851850000e+01 6.50157036614300843e+00 0
-1.04228389462502395e+01 -5.09740725224438496e+00 0
-1.20436707654567208e+01 5.33784578210447958e+00 0
3.02625841298645382e+00 -9.94342609432595559e+00 0
2.66714618627579014e+00 2.67345772829461215e+00 0
1.38412097517956090e+00 -1.24027789028532509e+00 0
1.53463381006296107e+00 -2.08666086994174105e-01 0
-1.72935736204523599e-01 -1.11473050634367499e+00 0
-1.35580124218597509e+00 1.39661451859950492e+00 0
-9.43175767710011770e-01 9.89127044431002744e-01 0
-1.23925260367935604e+01 1.86921062234028001e+00 0
2.55246157175723687e-01 3.29287263032191291e+00 0
6.89963398093633939e-01 -1.63152027823301005e+00 0
-7.25640781600976137e+00 7.91720622863216095e-01 0
1.15705339541692993e+01 -7.40715745527917302e-01 0
-3.66819643149238317e+00 -5.89903081077231928e+00 0
6.45329032359505739e+00 9.21459296173253151e+00 0
-1.01968495054687103e+00 1.53862495514090092e-01 0
1.68949277416454491e+00 -5.48165881903659535e+00 0
-3.81299739581574881e+00 5.53125418348519804e-01 0
4.14832209040269717e+00 -5.44065403187751984e-01 0
5.48591584662118681e+00 7.40188891070564114e+00 0
5.96859260132509672e-01 1.09999599020682504e+00 0
1.01118697720805906e+00 2.04092878296636387e-01 0
-8.21405772782403965e+00 -1.08832975958199296e-01 0
-1.02779895356567796e+00 7.52024597074020945e-02 0
-1.19325668965766107e+00 7.68435944098106338e-01 0
-1.03803677470362707e+01 1.17566302737599893e+00 0
9.51916145988290441e-01 -3.81840988310459872e-01 0
-3.23025272453715884e+00 -6.36906177838697207e+00 0
3.41407804153897798e+00 2.80801882510151590e-01 0
-9.82448775663979923e-01 -2.95015783014801303e-01 0
4.34870616469091975e-01 -1.71660613147214591e+00 0
7.61462726746708185e+00 -7.30269302795680897e+00 0
-2.10872873979910880e+00 9.44250707565854275e-01 0
2.96651071076737216e-01 1.41830494519173000e+00 0
-1.20455584898533807e+01 -6.66325409225195742e+00 0
-1.03437689844967604e+01 -1.01275686652776002e+01 0
-1.00535621934369299e+01 -1.05819837864902198e+01 0
1.35947131217455408e+00 -3.27072777918274576e-02 0
-1.42524907331130590e+00 5.64108228067643225e+00 0
-1.01137791957424898e+01 6.39035433652773577e+00 0
-8.21439784823940977e-01 -1.19764053958252195e+01 0
1.38606562100488806e+00 8.11814775654012877e+00 0
1.41930024314499605e-02 2.26257569030944516e+00 0
-4.28002098540790143e+00 1.28960679262117992e+01 0
5.21481778368971316e+00 -7.90921106393044138e+00 0
2.12276112225264901e+00 1.53114105469545692e+00 0
-4.86169070726955610e+00 -4.45048187538438089e+00 0
-4.72732943426388807e+00 2.21114993576195484e+00 0
5.39241171503408778e-01 -8.81083868710535456e-01 0
1.13965777033066402e+01 2.74839685580906501e+00 0
2.91808881023374589e+00 7.10122742488780379e+00 0
-3.00217088225825890e+00 1.75078732082235100e+00 0
-1.23256870822441300e+00 1.64375204021763399e+00 0
-3.12445224710978620e+00 -2.59295761303827010e+00 0
2.38948773756474520e+00 9.90701943075858904e-01 0
-9.94775729905443029e+00 9.55285991470650941e+00 0
5.66618332481453768e-01 1.45271670275367493e+00 0
2.56391584151188623e-01 1.16660212193006196e+00 0
8.48963589879452663e+00 1.76679084324510005e+00 0
-1.07782191266165306e+01 -5.45103041679985800e+00 0
9.57252378670383375e-01 5.30378554081167963e-01 0
9.61096824416409312e+00 2.09750091115633586e+00 0
3.07116263738372819e+00 2.20677383277109618e+00 0
-1.31524881334928900e+00 -3.26391568834271517e+00 0
-3.40134422808075709e-01 4.68121142921702393e+00 0
1.24890914249827389e+00 -7.90200241433239969e-01 0
3.22922288958544090e+00 7.85688258893680547e-01 0
4.02955574244223680e+00 -1.94936746575100894e+00 0
-1.30270252219817406e+00 -1.91215382132462086e-01 0
6.39958035532590941e+00 1.33050445389933203e+00 0
-3.90274793875696080e+00 -9.80490960556333557e-01 0
-9.41217097237534439e+00 -6.76213738361641781e+00 0
2.16911864411604594e+00 -3.72680174531822495e+00 0
3.48616185108832211e+00 -4.20039623677672758e+00 0
7.99815819256543303e+00 -7.88151410115704376e+00 0
1.31876667478321297e+00 1.47388048751544709e-01 0
-9.43518876206965507e-01 2.10783511698236081e+00 0
-1.83904604621432211e-01 1.26029749913095994e+01 0
8.66007948664209604e-01 -1.32729570340199610e+00 0
-1.15927738483346099e+00 -3.10227476455927897e+00 0
-1.15252333373232396e+01 8.88629334656138781e+00 0
-9.08283106904100812e+00 5.77841256138788006e-01 0
-1.37630644223252196e+00 -1.22653706141265095e+00 0
2.07944558594139517e+00 4.11511045138414022e-01 0
-3.90406531988752015e+00 1.40820069618630299e+01 0
4.00791953049446203e-01 1.38431964538904206e+00 0
-6.88456904044180806e+00 -4.87912726799433383e+00 0
-1.01334721494795410e+00 1.94352924739424393e-01 0
-2.18495988211805114e+00 -2.10952519152507589e+00 0
2.88002035325534100e+00 -7.99265511321167743e+00 0
2.03556857193858498e+00 6.32178686573564991e-02 0
-1.13165210401800698e+00 1.38840320232089010e+00 0
1.08108560567712808e+00 -3.91571154486607709e+00 0
-5.27160691873109410e+00 -9.98390136893636715e+00 0
-8.95194611264863882e-01 -1.30913570758765307e+00 0
2.26143782276302696e+00 4.28045011468440695e+00 0
3.97762047082298009e+00 -7.75148010578230573e-01 0
1.46316988781708707e-01 -1.44647793204759694e+01 0
-2.39164179991613102e+00 -1.83903887465421301e-01 0
4.73408628651866525e+00 3.56374676965529202e+00 0
-5.16213723663976243e+00 9.63338881497962696e+00 0
3.16409984795476307e+00 -1.19132886208795008e+00 0
1.51286652982398406e+00 -1.62057645335965095e+00 0
2.11884077385982783e+00 1.14494757183964291e+00 0
4.56890969853160522e-01 1.32488712203465608e+00 0
-4.59208711765960120e-01 1.05004548600529790e+00 0
-1.08884437791820499e-01 1.02498667213706507e+00 0
-7.75885548420198523e-01 1.81604803943628390e+00 0
2.58247436811129605e+00 -1.98910327898142308e-01 0
-9.92284477219220418e-01 2.89719684527710686e-01 0
-9.93721962977776130e+00 -5.29904761566968219e+00 0
-5.62826461794684807e+00 -5.49700258024972843e+00 0
4.43482375679315810e-01 3.45167893162213701e+00 0
-1.18089318511761104e-02 -1.27371886689067693e+00 0
1.05408218362283801e+01 8.93373769572345822e+00 0
3.34968072807868111e+00 -1.02740747987655201e+01 0
2.54572879126404006e+00 8.48773761472965571e-01 0
5.32518245637345533e+00 8.87284441183519768e+00 0
-5.57405950768455671e-01 1.80012369311825005e+00 0
-1.19641745633771598e-01 1.27311795643739001e+00 0
1.85361818524674193e+00 5.56032226916359296e+00 0
9.72877828519716026e+00 3.69283957075169722e+00 0
-4.85391727431570796e+00 -3.16885590257670213e-01 0
2.22456496306848894e+00 1.93655854786084691e+00 0
-2.23320034031415010e-01 -1.17885532575791308e+00 0
6.34350177997677012e+00 3.37964212221722882e+00 0
-3.27446896829609979e-01 1.19466551049443104e+00 0
1.62866621663503897e+00 -9.03247278563303335e-01 0
-2.12641152681252299e+00 -9.22242982238485193e-02 0
-1.36081438008328992e+00 5.25331426284311731e-01 0
6.09723351191527985e-01 4.04103097597190075e+00 0
1.84840111827378606e+00 1.69693004689353000e+00 0
7.98648075889898923e+00 -6.25809199823944606e+00 0
-2.58787706681017005e+00 4.36462602272513323e+00 0
2.40405507641910887e+00 2.31444130138966608e+00 0
7.21633920781975302e-01 1.40607048375002308e+00 0
-6.68208844948527059e+00 -1.14281417966959005e+01 0
4.43627468581541518e+00 -9.67752432869868007e-01 0
-8.82640096083644998e+00 8.45947961169843232e+00 0
3.84962759127231191e+00 4.49980735081870442e+00 0
9.72301834482985683e-01 7.08585854861254472e+00 0
1.64091175265983003e+00 -2.46795629786352388e-01 0
3.09513648572720301e+00 2.64122806596496806e+00 0
3.59584761792068397e+00 -5.05490893733322544e+00 0
7.03630730000641913e-01 6.26794771200532619e+00 0
1.16606603225831607e+00 -4.80020928085321595e-04 0
8.30731148400691621e-01 -8.67315783071989532e-01 0
2.50547796580533522e+00 -5.52831643914339921e-01 0
2.55720290646012893e+00 6.66656825100842720e+00 0
-3.65824588666781914e-01 1.55302381355017305e+00 0
1.62540041541846803e+00 -7.04929248747542037e-01 0
-3.52041105402754395e+00 -1.34283484041178198e+01 0
6.91200695956347144e-01 9.40177423923761468e-01 0
-5.13525896860231157e+00 -1.18839757807550299e+01 0
1.32950407816627092e-01 4.35734815494328487e+00 0
1.07278907658412397e+01 -8.63528125494081067e+00 0
2.57252159856812890e+00 1.24850237870978695e+01 0
-3.71742518811810807e-01 2.29119814807285405e+00 0
-4.70255019560421772e+00 -3.57212006767735302e+00 0
5.47238618213448280e+00 3.00682979737821787e+00 0
-5.39386574565668742e+00 1.04312790404324804e+01 0
1.25748934838058890e+00 -3.37754182997529670e-02 0
-2.54121230824665201e+00 1.03001336521420406e+00 0
5.23413433281912877e+00 1.27406633609081599e+01 0
2.26801025054657712e+00 -2.75826893849857901e+00 0
4.97615943628690793e+00 -2.45865803092023283e+00 0
-9.21011220679387232e-01 6.30521337248430291e-01 0
-1.69533393102285790e+00 8.01948909246288921e-01 0
3.17691784439061520e+00 -4.84625251025076409e+00 0
9.33776831260436202e-01 -3.24833550326227982e+00 0
3.20316198474377312e-01 6.54068667261751191e+00 0
2.42209933456037918e+00 -6.20234787477916494e-01 0
-6.01499569825432356e+00 8.05681893128524074e+00 0
-8.97977322444598869e+00 -1.13411587726247607e+01 0
-5.08760899462534599e+00 -2.66524414775212604e+00 0
6.56909342883742919e-01 7.86850039153661251e-01 0
-2.85377092055359993e-01 3.00215399157021201e+00 0
1.77334660087617307e-01 -1.17065760361943805e+00 0
-9.36310479850377142e+00 5.99533043624100959e+00 0
3.43538258609033598e+00 4.23869498280624923e-01 0
1.24815117412020204e+00 2.69029695725531415e+00 0
-4.27290451592084697e+00 -4.02652529598735820e-01 0
7.63867657655463539e+00 -5.23673504057680006e+00 0
-2.18753264532019404e-01 8.10850094667256727e+00 0
-2.43362112969765398e-01 1.41574882165727800e+00 0
-1.41250942705840199e+00 2.66460439762975287e+00 0
1.08495529469368801e+01 9.62816424506920754e+00 0
-2.11194057038758798e+00 1.94104742121114304e+00 0
1.32261064986215304e+00 1.90286885819342100e+00 0
-5.83190754097711483e-01 1.26269619348509798e+00 0
-2.00609477056755114e+00 1.24292288653263605e+00 0
-1.21755105299013411e+00 -8.18378940681469103e-01 0
-1.14934644363779199e+01 5.92818038464721209e+00 0
-3.63590346859461100e+00 -1.16303541968029700e+00 0
-4.41055486747314696e+00 2.78018437257933515e+00 0
-1.34942045896052698e+00 -3.63115168463154880e+00 0
3.01081931765785882e+00 5.42625871645597169e+00 0
-9.02081749357354856e-01 -1.70925215491062299e+00 0
-2.69813504855344810e+00 2.00900483526341489e+00 0
-3.79024082959030117e-01 -6.80346755154774741e+00 0
3.12179542619656025e-01 -5.48396424205631927e+00 0
2.57075349319449487e+00 6.19259945258584965e-01 0
3.05560395921112082e+00 1.34777260569662705e+00 0
1.72584838052811795e+00 -3.34715929223649178e-01 0
-2.61939167442725274e-01 1.23952249210585697e+00 0
1.08671070895203892e+00 2.54078218547796020e+00 0
-2.95970752368667922e+00 -5.41840977241087973e+00 0
-1.60037432205965491e+00 -3.45090202239453081e-01 0
5.46453423007212269e+00 -5.67876007747933009e+00 0
2.58738402986254279e+00 1.25824600271304310e+00 0
4.39734225643121057e+00 2.46912098186808393e+00 0
-3.15993289977193603e+00 -1.95281448400307589e-01 0
-8.02734307389814550e-01 3.97245931974457989e+00 0
4.13498268491625698e+00 -8.53030061077623802e-01 0
1.74554482301420699e+00 1.00146348599452395e+00 0
2.25299675297642210e+00 -7.08746661043567094e-01 0
1.39253787245853711e+00 -2.08847232316053688e+00 0
-2.97165141233524022e+00 1.21968931349696703e+01 0
-3.87045793626086798e+00 -3.33056397212333710e+00 0
8.19497438663276401e-02 1.11417303237113297e+00 0
1.27338109690034806e+00 -1.33599399293364094e+01 0
3.84186358309604614e+00 1.51046665875769692e+00 0
4.14148335031186132e+00 7.77727734170960261e+00 0
-1.26737292904727306e+00 -8.96367330155634634e-01 0
-6.42681609529003239e+00 -5.60303592528080241e+00 0
-6.92663748304364280e+00 2.65320829552921289e+00 0
-4.54273892772318333e-02 -2.36906023095578888e+00 0
1.29587353676145800e+00 1.00202574303896896e+00 0
7.52954021719448363e-01 -1.52430258623812009e+00 0
-7.99543517173737595e+00 -7.04222137018545169e+00 0
-7.04247437747998695e-01 -9.71530894125001154e-01 0
8.95926474505651882e-01 1.21015918110158593e+00 0
-3.77922281593937504e+00 -9.50107420448955686e+00 0
2.10859386464121590e+00 -2.76009677786365692e+00 0
2.85733046258752399e+00 -2.42583215002409380e+00 0
-8.11635658605055710e+00 -1.69754723217816994e+00 0
-1.43079819078966008e+00 6.52720980511329540e-01 0
-1.09281352599433501e+00 7.46722665024535903e+00 0
-9.29088422987150442e-01 -1.09840051775146796e+00 0
6.53550128276493680e+00 1.17448365378098405e+01 0
-1.77032201276884002e-02 1.30823532985308399e+00 0
-2.28298255902318115e+00 8.41893328841920918e-01 0
-6.53012900968139576e+00 -3.47716565554000478e+00 0
1.60470028484867111e+00 1.36644133354212494e-01 0
-9.85166237297057812e+00 -3.17136920561661317e-01 0
-6.26777297575109937e+00 -8.06869704113268149e+00 0
-2.58261022469351609e+00 7.59704294966562799e+00 0
-5.66639806390911938e-01 1.15271881808516308e+00 0
1.35849166454121395e+01 3.85478207205812884e-01 0
-2.17178612005666594e+00 1.48924886904894094e+00 0
3.19279439940436705e+00 4.16860262984840713e+00 0
-6.18410353915159083e-01 9.93142486455838136e-01 0
1.31193365240305893e+00 -1.96260974199190397e+00 0
-1.92803797753492295e-01 1.78568021642565800e+00 0
-8.38046240312650514e-01 -1.02357694614695194e+00 0
-4.75794428437050776e-01 1.17461418523248895e+00 0
-6.40938552342303058e+00 4.25510096091916967e+00 0
7.86572173971585520e-01 6.56677364456997981e-01 0
-1.12227898461087605e-01 -1.07662851901879608e+00 0
5.49006595772491224e-01 -1.02346468283247294e+00 0
-3.81281124414796779e-01 9.51727952759669038e-01 0
-2.18427094406002303e-01 5.63716656483809775e+00 0
1.26360835413756201e+00 -3.95085859901102721e+00 0
3.51521775386904700e+00 4.32368457286278929e+00 0
3.42052769972848378e-02 -1.28526020596093593e+00 0
1.05505478643851802e+00 1.31469056943555707e+00 0
-6.50206645999919619e+00 3.71094029471829012e+00 0
1.46103867927367292e+00 2.71524523992248801e+00 0
5.12564487540298774e+00 -9.03967748946014171e-01 0
1.22660957423866606e+01 9.87252254003158414e-01 0
3.36267606524975404e+00 1.34982120473208900e+00 0
5.20196179617182697e+00 -6.64281054041863439e-01 0
1.54532450169915392e+00 -2.74095482657514600e+00 0
-7.13722325310372052e-01 1.34237259261487507e+00 0
3.07326627001851405e+00 -9.46915219100133676e+00 0
-1.90393861581615109e+00 2.88221424831079398e+00 0
-6.89627844098494780e+00 -3.71828235248801420e+00 0
1.90472873651761909e-01 -3.33017060418483579e+00 0
1.26094765591898401e+01 1.35263462463081607e+00 0
1.07206249206495503e+01 -2.12200072534247486e+00 0
9.62712235563981222e-01 -7.00785699023990127e-01 0
-8.74117654554939172e+00 -1.88809429913106702e-01 0
3.24543055558837601e+00 -3.14393903034742017e+00 0
5.93690549066867490e+00 1.79196483989979205e+00 0
8.98932321111170496e-01 4.01854377472108926e+00 0
2.19489815659888787e+00 -6.24541476210254043e+00 0
-4.78198061824153609e+00 -9.24566965881577829e+00 0
4.26676426971596623e+00 -6.52442908751102557e+00 0
-1.28110524962831391e+01 -3.15256727696402317e+00 0
3.43780491908525387e-01 1.57355564309729901e+00 0
2.39512643543849102e-01 -8.21512616653417638e+00 0
-1.28216493536698795e+00 5.24089280511047484e+00 0
-3.12225370920560075e-01 3.83660187604951508e+00 0
6.07551839187711540e+00 2.29139663586769293e-02 0
1.67195618704045801e+00 4.03524720274095827e+00 0
8.39357008872076271e+00 1.47430907266652089e+00 0
-6.58554241825848652e-01 1.70436832710526898e+00 0
-1.46576264955752711e+00 3.98384617448966116e+00 0
4.83281886560871499e+00 6.45551353003086192e-01 0
1.01147465049335992e+01 5.33431936839368603e+00 0
7.45140601507727762e-01 3.93813924126204817e+00 0
-2.46250966140045113e+00 8.50840580583655526e-01 0
5.05674100051445974e-01 8.91181845990831500e-01 0
-1.09612697491892708e+00 -5.97132544595306958e-01 0
7.10686824061704669e+00 1.09839111013860204e+01 0
-1.54286476049718502e+00 3.62935596516993390e-03 0
1.39793070122292903e-02 -1.37882049100904203e+00 0
-6.99563917551561776e+00 1.19951562434598102e+00 0
-1.70651159256000007e+00 1.29145109697536609e+00 0
1.36910895321954595e+00 7.79977652813647837e-01 0
6.97956632179386416e-01 -1.21904164650029889e+00 0
-6.34554120868072058e+00 7.33981589078288987e+00 0
-5.91545279546823810e+00 -6.55866204576222778e+00 0
-1.10037789197461411e+00 1.70899030288242004e+00 0
3.99737430448611708e-01 1.20565955316533691e+00 0
-2.10263042593468485e+00 5.53071221712813199e-01 0
4.57047547288682843e+00 2.35422332881769192e+00 0
-8.66272180097811262e-01 1.63132764858208201e+00 0
-2.07137695941808309e+00 -9.34704227073291172e+00 0
1.29441478782310604e-01 1.33951931157383108e+00 0
5.53607707272951632e+00 -7.62296567788703139e-01 0
-7.25092646191883095e+00 -7.37213764537225558e+00 0
8.30760813744413618e+00 7.45841532384393102e-01 0
-2.00708759854964480e+00 3.13395235169428199e+00 0
-9.38134335089626781e+00 -2.45537475500198621e+00 0
5.75761191290104257e+00 -6.13195393268257316e+00 0
7.92621378393722598e+00 -1.21529667470132594e+01 0
1.31202626959985107e+01 1.19697381632285205e+00 0
9.17968587289449722e+00 -9.03519993744464678e+00 0
-1.41339134398597110e+00 -7.40670028445296613e-01 0
5.15294962357796305e+00 4.42916035014722820e-01 0
1.01548243966114904e+00 2.01064834876935095e+00 0
-1.35338645726282292e+00 1.11185414999369598e+01 0
3.97069287654685210e+00 -1.30749046285346999e+01 0
2.58873908856025903e+00 1.62064736768061701e+00 0
-4.08176199229358883e+00 4.79472054457195540e+00 0
-5.56812233852179705e+00 -3.64172810116066781e-01 0
-7.42897913807755050e-01 7.18760154627341996e-01 0
2.26799649000347303e+00 1.41291388622139991e+00 0
1.39953660373562294e+00 -4.99264514464280683e-03 0
7.95685281240695735e-02 1.64562494951946392e+00 0
-8.66386247745449545e+00 -1.07258463537506401e+01 0
-8.73067168726470655e+00 -8.13622261107919087e+00 0
-2.27178285305922012e+00 -1.97432586433457902e-01 0
3.66155172409823981e-01 -3.38958444049451701e+00 0
-6.66529335185812144e+00 2.87548033827660010e+00 0
-4.01727613675595008e-01 1.21395947762779199e+00 0
8.64019379425454659e+00 -6.42957069414486493e-01 0
6.72833433171637374e+00 -6.24636956729624160e+00 0
6.00783760865415761e+00 -1.28282563803138405e+00 0
-2.56472085238001801e+00 2.56515057334153607e+00 0
-2.02333034952287516e+00 9.90175927767259489e-01 0
4.08749751185569277e-01 -1.35470640023351496e+00 0
5.12815436675106895e+00 1.51453002549728599e+00 0
-3.81326246753123099e+00 2.55956717365675912e+00 0
-5.16837786962376033e-01 -1.09265454801459505e+00 0
-3.09671230237601414e+00 -7.98570553055649412e+00 0
1.65175133357357695e+00 2.57513368905930218e+00 0
1.35283598554326301e+00 6.34320618081583576e-01 0
-5.37771449719968331e+00 3.10155866502176814e+00 0
-1.36127927718500104e+01 -5.24966241762033459e+00 0
-2.43614672124059695e+00 -2.79061438410104279e-01 0
2.48743050691844603e-01 -6.05128791638515384e+00 0
1.66871567554205402e+00 -2.04988607175130388e+00 0
5.16461893794390026e+00 -5.80113092379223261e+00 0
-7.56369966699495766e+00 -1.93589284495253411e+00 0
-1.71430996111876510e-01 1.67359302906926311e+00 0
6.89632096954884499e+00 8.95594424143107659e+00 0
1.25426451042889187e-01 1.75008286099224808e+00 0
-1.17144275234001105e+00 1.55503972846370991e-01 0
-1.03631617923481700e+00 9.81806335584210044e-01 0
9.56076714434327180e-01 -9.33085581693154809e-01 0
1.13449348043557503e+01 -4.05714702354370260e+00 0
-1.71032052844567395e+00 5.36698739441773709e-01 0
1.18478279440229595e+00 2.90538276992050815e-01 0
1.18610742225316002e+00 3.33645582083703707e-01 0
1.63875231093279894e-01 3.66441193043094104e+00 0
-6.38949435410331446e-02 -1.18521541896582594e+00 0
1.52455310897607199e+00 1.60859626495985397e+00 0
7.36583305140252076e+00 -9.36354563276584528e+00 0
-1.35707652910400900e+00 1.92812538815333490e+00 0
9.68956014900411722e-01 5.71542830846067673e+00 0
-7.70793593218366269e+00 -3.02280624179444191e+00 0
6.93678958011138569e+00 -6.97810236140550977e+00 0
1.27128758297071194e+01 -1.46652699054297098e+00 0
2.85561330050360196e+00 -1.29253205366978001e+01 0
3.50139181924568188e+00 3.88823937824908983e+00 0
-1.15947923957309196e+00 8.65339842343035404e-01 0
-2.37690220958926801e+00 1.52092693047523406e-02 0
3.37141832886149606e+00 -1.33381431828791897e+01 0
1.06417094859909400e+00 -9.84854008300166950e-02 0
3.29036882706810585e-01 9.78449977104176805e-01 0
3.77322236981553694e+00 -5.19873007196090975e-01 0
-2.45858409399707911e+00 -3.24732307135300502e+00 0
-2.62719544062564880e+00 -5.81484893873973085e+00 0
5.38068888061499107e-01 2.23426147386030616e+00 0
1.06268160338557904e+00 -1.43842710569053511e-01 0
3.04959431830575101e+00 -7.71528475759571020e+00 0
6.22437762780034731e+00 -8.11378019498354064e+00 0
-5.72311008635303065e+00 4.68183675033333824e+00 0
1.10091845264184407e+01 -2.78086015272101994e+00 0
-4.59573150496883909e-01 -1.57406356420754401e+00 0
1.58083375283016991e+00 4.97295610697889767e+00 0
1.92090805224437888e-01 1.72382843247748108e+00 0
-2.20366536169666594e+00 4.06961827926510544e+00 0
1.36487670739426097e+01 4.75963985659737165e+00 0
5.37210044884409221e+00 -2.53152162948562021e+00 0
3.49052348570491011e+00 6.99845529481795681e-01 0
-1.11251142383645107e+00 1.06221772131321202e+00 0
2.99105997344421093e+00 -1.36759071787064701e+00 0
-3.24288449026140402e+00 1.37447608300990298e+00 0
-5.77607924811114160e+00 2.06033294229145714e+00 0
-2.75404355152416302e+00 1.76440100123027399e+00 0
-4.50756853478958686e+00 9.08243195621211186e+00 0
5.33169401547028077e-01 1.51463293143370192e+00 0
1.22101283880638203e+01 5.01188825705587160e+00 0
-2.36526262304639889e+00 -2.45788461302880012e+00 0
1.06757315952106602e+00 -4.96459429001847474e-01 0
-1.87497552842839088e-02 -9.22881385831401424e+00 0
8.46660802040084759e-01 -4.23000207812015727e+00 0
3.94271786018072001e-01 1.15450140311443805e+00 0
1.75083233258339899e+00 2.35070346206398106e+00 0
3.63624961023967819e+00 -9.07286280910615339e+00 0
-8.49227009808764599e+00 6.93106719641714530e+00 0
1.76487599648610405e+00 -2.12461360159517598e+00 0
7.76676879626384986e-01 -2.07562339592024880e+00 0
4.87941449546567263e+00 -1.29913213288395806e+01 0
1.06879666897589609e+00 -2.48729753936716591e-01 0
7.62004138312901702e+00 1.86203142785324793e+00 0
2.10284312090606695e+00 -2.07162175409435978e+00 0
-4.27207103390542198e+00 7.05846771170854570e+00 0
-2.42899406619003821e+00 5.45961390737171315e-01 0
-1.54587465171738603e+00 -3.34070537445665705e+00 0
-2.40912279165175595e-02 -1.02713361901485190e+00 0
1.11544583370177097e+01 1.40758704756087893e+00 0
1.07524887284101300e+01 -7.70063666764490495e+00 0
8.85309188692082083e-01 1.44351053160744702e+00 0
-3.49438911325531798e+00 7.08364098619983285e-01 0
2.42269486913681220e+00 3.92918837708149704e+00 0
-1.13085843963933996e+01 7.87814305442145013e+00 0
-1.20129271428933393e+01 4.00132652843676784e+00 0
5.99193116111107393e+00 2.19764162953363096e+00 0
1.78434527234134710e+00 3.15785447169660893e-01 0
2.51940926194294512e+00 8.17954485343589965e+00 0
-5.63918050501449475e+00 -1.02389218128908901e+01 0
2.86953254655587298e+00 -3.74446891279175587e+00 0
5.95501929423621501e+00 1.33114918386288905e+00 0
-2.52823356501254315e+00 -9.88133304089943820e+00 0
-1.41664546223199195e+00 4.78186428100901673e-01 0
-2.00506369170451304e+00 -3.18217885145324009e-01 0
-5.19354979521539972e-01 1.47887199078522102e+00 0
-5.50687760199929688e+00 -3.63205138500950797e+00 0
-1.64687763152416999e+00 4.07997666407152426e+00 0
8.92730302089919103e-01 5.07029428360686096e-01 0
-9.04441660839434114e-01 -5.75116766957207215e+00 0
-3.82433850461183888e-01 1.30714533216145701e+00 0
-1.53405842914542206e-01 7.10449024961633935e+00 0
9.48196744755196885e-01 2.44866278705001905e+00 0
-9.04605077624115239e+00 4.34694179309217166e+00 0
8.14387994906967672e-01 1.65820413813858392e+00 0
-8.56351834162609071e-01 6.68101044000223521e-01 0
-8.23396803006730571e-01 9.35078054967356209e+00 0
9.05369276522802968e-01 -4.89333967187671437e+00 0
1.34587617787890501e+00 -1.46008472264196498e-01 0
1.11251513963327398e+00 3.35798850634161816e-01 0
-2.82472295633539883e+00 -1.35981717757698095e+00 0
6.38325243233976458e+00 8.12361538375061643e-01 0
8.18493123518982624e-01 -1.42248775428189100e+00 0
5.24639713693295762e-01 -2.99437021505293499e+00 0
1.95066451066098906e-01 1.45901863607694904e+00 0
6.92841151122280841e-01 -8.67270784903851344e-01 0
5.20106789985583617e+00 -1.34664010374746801e+00 0
5.12167936999422757e-01 -2.24273232870831496e+00 0
-6.22187626762908241e+00 3.74763366538890885e+00 0
4.61444671537743467e+00 -5.00614047668106732e+00 0
4.06438636536150588e-01 1.67151870209113396e+00 0
-2.94642685661973214e-01 9.81150425550918359e-01 0
5.01387077813979398e-01 9.89189946031816980e-01 0
-7.77008535845168602e-01 1.07612370992700201e+00 0
2.59453218503742189e+00 -2.33018009230233680e+00 0
-1.88676498923012503e+00 2.56964653849424618e+00 0
-1.45773390535905492e+01 1.07610576716319795e+00 0
1.60632628700332991e+00 5.25102033408046420e+00 0
-3.52661833773101607e+00 1.87116673089102292e+00 0
-1.11058688655129991e+01 2.22770227707824819e+00 0
-2.17124660127027802e+00 1.03598955957098604e+00 0
1.07077849971093708e+00 7.98389137921823533e-01 0
-5.48075114503012539e+00 -4.18459925973414126e+00 0
2.05583543942376795e-01 -1.76269968361680207e+00 0
1.19279038876877097e+00 -3.38650484513239380e+00 0
-1.13007515073292097e+01 6.85265101194489556e+00 0
1.30144164882956392e+01 -4.39096242597943931e+00 0
4.31777186031104687e+00 -1.25231574581719407e+01 0
-5.19923810575089851e-01 4.29494007244525733e+00 0
1.28103508191386606e+01 -4.89257148730961422e+00 0
-5.46615706748827090e+00 3.86404512021869584e+00 0
-4.63080352732696010e+00 -8.43693089495146098e-01 0
1.19229153569111705e+01 2.50252193396086786e-01 0
-1.48690355506410699e+00 -8.15315787168863082e+00 0
-2.06561396257674612e-01 1.00370676101605594e+00 0
-1.10521507929107408e+01 -6.21665328604629241e+00 0
-9.31156645881497091e+00 7.64396997132998468e+00 0
1.01708239781638299e+00 1.21580640995085698e+00 0
-3.03166017360374695e+00 -1.99042921616012602e+00 0
-1.03253822674174689e+00 5.07207682001317051e-01 0
1.33877701840600203e+01 3.33521731147921319e+00 0
1.14646891247623603e-01 1.01751930276482194e+00 0
4.31978128963630059e+00 -2.92894324782632887e-01 0
-1.06779408292058893e+01 -2.09198985500190782e+00 0
-1.30394849927155998e+00 3.74595055182196379e+00 0
-5.84398231904003862e-01 -8.43217626123749953e-01 0
-1.42574532271408305e+00 -9.17903138273745811e-01 0
-2.82659385422998222e+00 3.19109328431980011e+00 0
-4.01692050735421913e-01 1.45030960679163901e+00 0
9.23541787717548024e-01 8.85312447866250984e+00 0
-2.30592348226771104e+00 9.31453417823949414e-01 0
3.75407698361085185e+00 3.56622250505453398e+00 0
-4.00425486075134396e-01 1.64963012053425406e+00 0
2.32370081271898821e+00 -8.87208988668414578e-01 0
5.06845929494221714e+00 3.11039011427386791e+00 0
-2.79706029576924786e+00 5.13472972605432454e-01 0
-9.62450356035342791e-01 8.20560672472965713e-01 0
6.64701836622223130e+00 -1.29474411636379401e+01 0
2.41431632493332193e+00 2.52118044342857406e+00 0
9.94692665156845068e-01 2.80932499183782991e-01 0
-1.19271297067812405e+01 2.64508928854431380e+00 0
2.29695851759041192e+00 5.51223966045706604e+00 0
-8.40486441690816832e+00 -9.09389662537022048e+00 0
1.45036368327070497e+00 2.10967909819560595e-01 0
-2.03222367349210797e+00 2.01322255036057696e+00 0
3.40874264903308122e+00 6.94356085785750565e+00 0
1.10460926153600902e+00 2.02631376838618288e-01 0
-2.57621706807006079e-01 -1.12640011329700207e+00 0
6.86221775905879960e-01 -1.07553191343515593e+01 0
-2.84885149074312505e+00 6.72350660331088523e+00 0
-3.00126383443964517e+00 -3.86770521763244279e-01 0
2.18614794343399588e+00 3.71117438344622119e+00 0
4.87505321498030142e+00 -9.56710766851503536e+00 0
1.13618663926894907e+01 2.16444288336196999e+00 0
-2.86653926033907291e+00 -7.35623520164681111e+00 0
6.94786567730314442e-02 -3.43548444384513196e+00 0
4.00480328429089560e+00 -3.20523798546087590e+00 0
-2.09606929291269983e+00 1.32143615911050905e+00 0
1.03951652317358589e+00 -3.70355930463814875e-01 0
4.12888123046438515e-01 6.31761877612526757e+00 0
-7.34076431170772015e+00 6.64785914904852859e+00 0
-5.65278001773239502e-01 9.31196561092456299e-01 0
-9.51594254257672301e-01 3.84309631827510878e-01 0
1.57632311188011909e+00 5.11038638521339017e-01 0
-1.79785648351194505e+00 -3.10684248430344079e+00 0
5.77328983064883428e+00 -3.79933532543088415e+00 0
-1.29707302427794993e+01 5.18722303938995744e+00 0
1.03621455974057692e+01 -5.31499594746516024e+00 0
1.03879502335867491e+00 -1.76808293862082899e+00 0
-4.21622454216036502e+00 7.57951222786689538e+00 0
-3.16135544898002818e+00 -9.15478429520629788e+00 0
1.26463140748836911e+00 -1.79134501097559506e+00 0
-1.07629483530173298e+00 -1.48339272184140808e-01 0
-1.32353111671486690e+00 6.38553287819404347e-01 0
7.73838666041010925e-01 -1.26049423792584303e+00 0
-1.80551152885786492e+00 -2.23985939682574187e-01 0
1.33031702779258296e+01 -3.48673066035670809e+00 0
-4.30463876391061095e-01 1.78955948440480106e+00 0
1.12253578465255610e+00 2.83864720661438308e-01 0
-9.72689289960700165e+00 -5.82353399522230841e+00 0
1.29827263058804299e+00 1.07648790314022791e+00 0
-3.54975680167709218e+00 1.64307857690673398e+00 0
-1.06203645310010000e+01 9.95043656516641128e+00 0
-5.45463017115258886e+00 2.26648351765712786e+00 0
-8.08346612272864284e+00 9.09331866328841265e+00 0
1.23717664013121298e+00 -2.33288700672355798e-01 0
-1.33503733141901404e+00 6.95899864164893689e-01 0
-9.12650484300210757e-02 2.29040560276297311e+00 0
5.58864055487132116e+00 -4.04179529191856179e+00 0
4.19682527395986593e+00 7.89651620935404419e-01 0
1.06074868208529001e+01 -6.67742272370246681e+00 0
-8.53800863483176298e-01 7.81982663573599690e-01 0
7.19377992528653909e+00 -2.58975534021037479e+00 0
4.65578985582244587e-01 -9.14038064158718910e-01 0
-3.48810954411703511e+00 -6.05508291044625557e-01 0
-1.26256366293057098e+00 6.49694490514407946e-02 0
2.58618452183112790e+00 -1.39044154953115595e+00 0
-7.54963089958779476e-02 1.32871398245866490e+00 0
5.64637100173205564e+00 1.20478748807467806e+01 0
-8.09340044120785307e-01 7.21105706211296216e-01 0
CELLS 3820 15280
3 2913 3119 1471
3 834 3542 2342
3 2829 4300 595
3 4918 6213 3009
3 390 5374 4154
3 1324 4266 2454
3 4003 5443 1805
3 4192 4685 94
3 2271 3577 582
3 1887 6490 2586
3 2032 4304 1091
3 978 2863 2596
3 2532 3438 1696
3 2465 2609 921
3 595 4300 3581
3 2596 2863 520
3 2036 6472 1544
3 914 3474 2478
3 3110 4204 365
3 3547 5257 1775
3 2007 6453 3064
3 1052 3844 2416
3 823 4951 2772
3 2890 3357 607
3 1186 3009 2849
3 2640 2920 974
3 1186 4918 3009
3 4053 6076 2541
3 624 3843 2338
3 4253 6801 978
3 2478 5479 914
3 2857 4005 1218
3 2425 4543 1321
3 612 7270 5040
3 2198 5056 797
3 1124 2982 2525
3 456 4376 2518
3 2808 6647 5843
3 503 2841 2799
3 2417 3114 1007
3 2522 6555 430
3 1977 4469 3646
3 1574 4680 3020
3 2397 6720 4862
3 2039 4649 2819
3 1827 6920 4030
3 3189 4946 208
3 2271 3459 1762
3 3319 4141 1384
3 622 4652 2342
3 1218 4005 3130
3 2518 3062 456
3 215 4327 2144
3 2416 3279 1080
3 1357 4794 3115
3 1091 3280 2032
3 3064 6453 905
3 1144 5024 3503
3 2321 4196 972
3 358 7181 2167
3 1371 3898 3533
3 2799 2841 1119
3 1425 4181 3380
3 4196 4958 972
3 5024 7400 3503
3 4030 5863 1827
3 209 3189 208
3 408 4454 3179
3 430 3068 2522
3 287 6169 2195
3 336 2949 2607
3 2241 4322 493
3 493 2682 2674
3 1170 3718 2497
3 1805 5826 4003
3 1761 5642 2529
3 525 5053 3382
3 2195 3425 736
3 2529 5642 821
3 2144 6039 215
3 3737 4300 935
3 2428 4557 1367
3 1513 3445 2635
3 3058 3184 1381
3 3179 4454 1533
3 1149 4185 2279
3 1196 3342 2083
3 2397 4862 291
3 5040 7270 2792
3 2613 6278 488
3 956 5727 3491
3 2866 6427 2456
3 2416 3037 1052
3 2412 3353 1206
3 2849 3009 541
3 2497 3995 1170
3 3454 5160 1545
3 582 3459 2271
3 696 3851 2328
3 4680 6271 3020
3 5257 5263 1775
3 1478 2986 2588
3 1144 5478 5469
3 2396 5589 1057
3 1988 5758 350
3 2607 3493 336
3 2465 4219 331
3 748 3350 1949
3 2130 3718 1170
3 2671 3491 1513
3 2456 6427 1307
3 962 2847 2739
3 3153 6073 2074
3 2525 5536 1124
3 331 5194 2465
3 2068 5038 4124
3 350 5071 1988
3 2667 3737 935
3 2674 2799 1119
3 1357 5843 2157
3 2452 3017 835
3 1066 3184 3058
3 2465 7396 2609
3 1206 3731 2412
3 582 3577 3145
3 2703 3013 1136
3 1009 7700 2777
3 972 4154 2321
3 3634 5204 2777
3 2167 3467 358
3 4390 6409 3762
3 3962 4548 86
3 541 3279 2416
3 4154 5374 2321
3 2454 7395 1324
3 1736 5861 2695
3 1070 7550 2682
3 4509 4671 3017
3 101 2779 102
3 2328 4227 696
3 3004 4058 291
3 2586 6490 981
3 345 4865 2658
3 2607 2949 1136
3 1170 4159 2130
3 2133 6278 2613
3 2674 7550 2799
3 2296 5727 4806
3 1367 4053 2541
3 1311 3860 2989
3 1544 4072 2036
3 529 4331 2509
3 1873 3988 2696
3 2532 4496 3438
3 3851 5809 2044
3 5195 7395 2454
3 3380 4181 566
3 2629 3270 1171
3 3491 5727 2296
3 2342 4652 1511
3 2518 6596 1117
3 914 7571 3474
3 1237 5443 3581
3 653 4963 4849
3 4419 6191 1036
3 4304 5071 1091
3 1949 3857 748
3 3880 4518 1710
3 2954 7110 6334
3 978 5972 4253
3 2342 5351 622
3 1495 4390 3762
3 5327 6084 2198
3 3637 4170 1862
3 2628 5479 2478
3 2360 4028 1356
3 2690 7286 1058
3 2459 3179 1533
3 1384 3357 2890
3 2584 3857 1042
3 282 4093 2413
3 905 4839 3064
3 1962 6076 4053
3 2695 5861 856
3 303 3943 2533
3 2116 4056 2978
3 2056 4424 2989
3 2778 4087 942
3 2694 4370 1531
3 2454 4266 590
3 4806 5727 504
3 2454 7583 5195
3 3391 4865 345
3 2157 5619 1357
3 1090 3686 2408
3 2172 7277 403
3 2808 5843 733
3 2183 6822 5515
3 2544 6866 5783
3 1273 4821 4093
3 1286 4518 3880
3 2580 5478 1144
3 534 5038 3125
3 2819 4649 470
3 2296 6216 3491
3 2989 6436 2056
3 2459 5030 1066
3 2883 4557 2428
3 2533 3943 1229
3 911 3548 2812
3 1167 3256 3145
3 4087 4973 942
3 4951 5653 2772
3 2183 4792 1514
3 3029 5666 1229
3 331 3114 2417
3 4967 7677 4021
3 1478 5351 3542
3 2024 6070 4912
3 2127 4460 2611
3 5783 6866 274
3 1307 3074 2962
3 1007 4056 2417
3 1117 3062 2518
3 2921 4376 456
3 3513 5479 1686
3 511 2966 2529
3 1197 4170 3637
3 774 5820 4428
3 2279 3293 1149
3 2541 3696 352
3 101 3537 2779
3 706 3567 2955
3 2792 5589 5040
3 2522 5550 1390
3 2196 4186 306
3 3454 5559 5160
3 2388 7692 456
3 3387 4363 1055
3 964 5169 3110
3 2628 7465 7431
3 956 3491 2671
3 2777 5204 1409
3 2812 3548 1698
3 93 4192 94
3 1117 6596 2673
3 1212 3517 2240
3 783 4056 2116
3 4794 5266 3115
3 456 7692 3598
3 1230 3306 2841
3 1171 6241 3623
3 494 3028 2715
3 2913 5953 3119
3 2786 3843 1516
3 2810 4464 1763
3 1219 3415 3391
3 2696 5996 1873
3 3619 7431 319
3 789 6535 2249
3 3382 5053 2056
3 4124 5038 534
3 488 7235 2613
3 3391 3415 1366
3 5469 5478 2017
3 1620 4941 2640
3 542 5454 2993
3 1251 3493 2607
3 1044 3244 2886
3 4370 6990 778
3 1746 5724 2746
3 3491 6216 603
3 2715 7729 494
3 4276 6384 2703
3 306 3861 2278
3 2171 4166 1259
3 450 3313 3118
3 762 3946 2798
3 3646 4469 689
3 1988 5071 4304
3 797 7554 2198
3 2041 4901 2773
3 468 3679 2601
3 470 4491 2819
3 2649 3430 492
3 3124 4682 1640
3 419 6073 3153
3 4941 6742 2640
3 2278 5734 306
3 3513 6355 5479
3 572 3481 2532
3 5108 6138 2120
3 1956 3966 753
3 2978 4056 1007
3 2892 3257 1042
3 753 4081 1956
3 2989 4204 1311
3 2544 5783 1934
3 4071 4331 529
3 2982 3859 520
3 706 4520 3567
3 2240 3598 1212
3 3743 4320 1962
3 2694 6990 4370
3 2195 4400 287
3 5164 6801 2184
3 2782 3769 1555
3 1223 3696 2541
3 321 5482 3342
3 3125 5038 1963
3 1247 6867 2309
3 2183 7605 4792
3 87 2877 88
3 2083 3777 1196
3 2086 6850 4702
3 2635 4516 1513
3 6241 7545 3623
3 542 4320 3743
3 2703 6384 1104
3 1237 5592 5443
3 948 4460 2682
3 1066 5418 2459
3 318 5108 3321
3 1909 4204 3110
3 1080 5454 2416
3 2841 3306 1119
3 1117 3442 3062
3 2682 7550 2674
3 3064 4000 637
3 1513 4516 2671
3 3037 5454 542
3 456 3598 2921
3 7 2690 236
3 2601 4910 468
3 4614 5004 1838
3 2116 4202 783
3 7431 7465 319
3 2285 6754 3058
3 1052 6287 3844
3 3118 3313 1752
3 3542 5351 2342
3 1036 6162 4419
3 1792 4363 3387
3 557 3529 2386
3 91 3349 92
3 2737 3675 629
3 3319 4563 390
3 2777 7700 3634
3 3327 6298 352
3 1075 7110 2954
3 2261 6298 3327
3 3321 5108 2120
3 4093 4821 1856
3 942 6583 2778
3 1057 3692 2396
3 3270 6755 745
3 450 4509 3017
3 3062 3442 1260
3 2598 3295 924
3 2611 4460 948
3 1229 3650 2533
3 3946 7012 2798
3 2417 4056 783
3 85 3962 86
3 2962 3074 508
3 2478 7465 2628
3 4275 5928 3118
3 2701 3327 352
3 1563 4570 2920
3 1545 3893 2895
3 1336 4059 2665
3 4491 6502 2819
3 1533 5030 2459
3 1315 6044 2209
3 1745 4967 4021
3 2280 7431 3619
3 2386 4687 557
3 3727 5169 964
3 3058 6754 1066
3 2989 4424 365
3 1516 4690 2786
3 464 6084 5327
3 3620 5024 628
3 3068 5550 2522
3 3727 7283 5169
3 3584 4304 553
3 2338 6373 468
3 615 4394 2785
3 3145 3256 1348
3 1140 3319 2969
3 5866 7218 1949
3 2428 7633 2883
3 503 7287 2740
3 1656 7318 4177
3 2611 6379 2127
3 3517 4848 684
3 889 6596 4376
3 2278 7170 696
3 5878 7204 1956
3 1956 7212 5878
3 2416 3844 541
3 1585 4058 3004
3 2198 6084 2798
3 1873 5795 3988
3 2328 7386 1218
3 2586 5578 1887
3 493 4322 2682
3 332 4239 4232
3 3347 6154 5186
3 1321 4375 2425
3 2580 4991 1230
3 3347 5186 282
3 1247 4556 4537
3 1055 4275 3118
3 2811 3433 1152
3 1720 3321 2721
3 1433 4687 2386
3 3694 4687 1433
3 2773 6895 2041
3 1356 7048 2360
3 921 3430 2649
3 2993 4320 542
3 1042 3780 2584
3 696 5809 3851
3 2681 4682 1315
3 466 3780 2409
3 2847 6009 2739
3 980 3843 2786
3 3772 6270 4798
3 2041 6985 4901
3 2101 4958 4196
3 2812 7636 911
3 4589 6398 2052
3 3110 5169 1909
3 408 6305 6292
3 303 3634 2311
3 1104 7477 2703
3 961 6178 2524
3 1399 7012 3946
3 2209 5034 1315
3 2772 3208 1810
3 235 5150 3059
3 3579 7181 358
3 5676 5816 676
3 2249 4442 789
3 612 3660 2814
3 2741 4166 903
3 2920 6393 1563
3 2801 4206 674
3 107 2905 108
3 1229 5666 4246
3 1124 5536 3641
3 1531 5082 2524
3 611 4268 3533
3 565 7311 3284
3 2327 5566 834
3 1230 3916 2580
3 3145 3577 1167
3 235 3059 234
3 2213 6801 4253
3 2640 3243 1620
3 3017 3313 450
3 1209 3579 3557
3 2175 5109 2986
3 1521 4107 3997
3 386 4464 2810
3 425 4715 2941
3 835 6590 2452
3 634 3575 3454
3 2920 4570 974
3 1563 6393 4522
3 590 7583 2454
3 2580 3916 557
3 319 5438 3619
3 4206 4880 674
3 2947 4424 1380
3 2629 6755 3270
3 3485 3694 1433
3 5843 6647 2157
3 3415 7366 603
3 2799 7287 503
3 3244 6027 2886
3 1058 3869 2690
3 5761 6262 531
3 493 4510 2241
3 3284 7311 2832
3 888 6436 2989
3 403 4393 2172
3 998 5235 3222
3 1514 4438 2183
3 1836 5797 5473
3 1197 3675 2737
3 1459 4280 3347
3 2280 5557 4558
3 1330 3717 2396
3 508 5301 2962
3 607 3357 3256
3 2635 6584 4516
3 3013 4963 653
3 2892 6041 3257
3 905 4537 2509
3 2532 5369 572
3 2696 7510 5996
3 100 3537 101
3 2596 5972 978
3 2280 5742 5557
3 985 3769 2782
3 607 3557 2890
3 3672 5262 961
3 1324 7395 3422
3 1218 4227 2328
3 3493 4589 2052
3 332 4232 2673
3 1555 4587 2782
3 5350 5531 3011
3 2279 4185 3467
3 1834 4365 3217
3 3598 5485 2921
3 511 4031 3214
3 1956 7204 2878
3 4516 6607 2671
3 3342 5482 2083
3 456 5600 2388
3 4690 6617 2786
3 2396 7433 5589
3 1949 7218 2892
3 2886 7212 1956
3 2951 7028 2135
3 1478 4318 2986
3 856 6406 2695
3 281 6311 3058
3 3533 3898 611
3 2785 4394 1523
3 637 4240 3064
3 229 3285 228
3 390 4141 3319
3 2017 4687 3694
3 4558 5557 733
3 2396 6094 1330
3 291 4475 2397
3 3384 6678 6107
3 7 7286 2690
3 3231 3898 1371
3 582 4399 3961
3 3347 4280 1167
3 2408 3795 1090
3 834 4375 2327
3 1972 6191 4419
3 3342 3851 2044
3 924 3650 2598
3 3631 6741 5429
3 1614 3406 2968
3 4884 5666 1335
3 1230 4702 2675
3 4219 4469 1977
3 3064 4839 1594
3 306 4142 2196
3 2309 4621 1247
3 974 3243 2640
3 2342 5161 834
3 3115 4558 733
3 951 4579 2832
3 847 5869 5183
3 2529 5112 1761
3 1639 5998 3476
3 2891 3367 628
3 4242 5301 1330
3 3554 6547 2406
3 1531 5535 2694
3 531 3433 2811
3 2083 5482 4859
3 2188 5427 3554
3 972 4568 4154
3 3843 6373 2338
3 2459 5418 595
3 2413 6184 282
3 1356 4028 3771
3 2677 4967 1085
3 2459 4003 3179
3 566 4181 2777
3 2524 3766 1531
3 2665 4059 533
3 4563 5374 390
3 628 5024 3812
3 3411 3743 1413
3 1152 7125 2811
3 1231 3367 2891
3 2060 4579 3049
3 3268 4888 442
3 2993 5084 4320
3 2782 3174 985
3 2703 5761 531
3 2664 4522 62
3 3476 5998 727
3 4912 6070 951
3 291 3582 3004
3 91 6781 3349
3 2640 5808 2920
3 2798 6812 762
3 2752 7427 1203
3 2524 6178 3766
3 274 6009 2847
3 1052 4180 3059
3 3189 3752 1104
3 4682 6029 1640
3 2456 6906 3294
3 2969 3319 1384
3 2721 5637 1675
3 3019 6107 1203
3 1412 6547 3554
3 2649 4884 921
3 3384 6107 386
3 1697 7507 4617
3 961 6230 3672
3 2265 6262 5761
3 2311 3943 303
3 1090 5636 3686
3 2611 7638 6379
3 2855 6142 1724
3 5235 7318 1656
3 782 6270 3734
3 4862 6720 2631
3 2892 3857 1949
3 2032 6215 4716
3 1144 3503 2580
3 504 5727 2754
3 814 4899 2975
3 3548 3696 1223
3 623 4119 2694
3 4702 6850 2675
3 1229 4246 3650
3 1095 7492 2599
3 6039 6533 3995
3 4438 6822 2183
3 661 5330 4275
3 980 6373 3843
3 1661 7687 5185
3 2989 3860 888
3 3454 3575 1521
3 4088 5797 1836
3 1307 6906 2456
3 2889 4019 553
3 3567 4520 1454
3 660 5974 4935
3 2177 4848 3517
3 1511 5161 2342
3 3605 6499 3425
3 942 4973 2803
3 508 4863 3717
3 1413 4761 2560
3 4828 6699 2463
3 4318 6702 2986
3 2532 3481 1234
3 4702 6435 2086
3 685 5203 3651
3 696 4227 2278
3 1835 4300 3737
3 559 3208 2772
3 1366 6216 2296
3 300 4967 2677
3 481 5641 3738
3 2198 7012 5056
3 3537 4446 2779
3 736 4885 2195
3 1887 5578 3174
3 2803 4973 1497
3 2855 4124 534
3 2962 5301 1955
3 2541 6076 1223
3 4537 4556 2509
3 331 6518 3114
3 6292 6305 2670
3 612 7470 3855
3 2947 5703 4424
3 4030 6920 2370
3 3285 5731 228
3 2890 3557 1429
3 397 3694 3485
3 821 5450 2529
3 542 3411 3037
3 4587 6712 2782
3 3557 3579 1429
3 5515 6822 1794
3 843 4296 2388
3 2533 3650 924
3 3244 4819 1735
3 2425 7225 4543
3 226 3641 225
3 1594 4000 3064
3 2889 6146 1735
3 2778 5106 794
3 3115 5843 1357
3 312 6580 5082
3 3295 5737 5458
3 1136 5761 2703
3 1399 6421 5056
3 2509 4331 905
3 2968 3406 590
3 3517 5886 2177
3 3995 6533 1170
3 2863 6671 520
3 3554 5427 844
3 1661 6138 5108
3 3186 3288 662
3 3205 5832 559
3 2841 4702 1230
3 2588 5351 1478
3 2690 3869 1539
3 1471 5035 2660
3 1229 4758 3029
3 1373 3737 2667
3 2068 4124 3618
3 3114 6518 3461
3 2660 5204 303
3 3577 5724 1746
3 3049 4579 951
3 3675 6826 629
3 4376 6596 2518
3 352 4684 2541
3 1367 4684 2428
3 1686 4558 3115
3 5082 6580 2524
3 1371 3533 3473
3 5169 7283 2044
3 3186 3748 1292
3 3229 3350 1415
3 3256 3357 1348
3 783 4645 2417
3 1222 3284 2832
3 3059 5150 1539
3 3119 5953 555
3 3731 5353 2412
3 3686 5636 1838
3 1390 4309 2522
3 1068 7125 2801
3 2533 4763 303
3 962 5938 2847
3 3280 6215 2032
3 1834 5820 4365
3 3294 6906 442
3 2849 3869 1058
3 4028 6907 2002
3 2607 3872 1251
3 2465 4884 4219
3 4428 4453 774
3 1203 7427 3019
3 3017 5558 3313
3 5557 5742 1662
3 689 4758 4041
3 2811 7125 1068
3 2772 6217 823
3 4649 5494 1395
3 595 4003 2459
3 2202 4973 4087
3 3101 3966 1043
3 2338 5110 624
3 978 6801 5164
3 3174 5578 985
3 2599 4737 1095
3 2386 5777 1433
3 2660 5035 960
3 5185 7687 2303
3 3548 5943 3696
3 3857 6688 748
3 352 3696 2701
3 2583 3893 376
3 992 7028 2951
3 1084 5612 2938
3 1539 5150 2690
3 4242 5820 774
3 5040 7470 612
3 390 4154 3763
3 1373 5291 3737
3 1197 6136 2922
3 306 5734 3130
3 1819 6673 2938
3 4296 5549 2185
3 303 4763 2660
3 2777 4181 1009
3 6373 7419 468
3 2690 5150 236
3 1085 3772 2677
3 6107 7061 1203
3 557 5478 2580
3 5353 7034 2412
3 1068 3551 3120
3 1384 4141 3357
3 3231 3575 634
3 2560 5016 1413
3 426 3605 2516
3 3893 5929 2895
3 935 6908 2667
3 1315 4682 3124
3 5996 7510 874
3 3651 5203 2191
3 794 6942 2778
3 3394 5706 332
3 1552 4321 3422
3 2949 6653 2079
3 4849 4963 1980
3 3114 3461 1786
3 2763 4315 913
3 1822 7465 2478
3 1005 5183 4013
3 3058 6311 2285
3 4863 7433 3717
3 1753 4814 3288
3 3020 5459 1130
3 557 5715 3529
3 2060 6011 4579
3 1675 5594 2721
3 1044 4819 3244
3 4399 6623 3961
3 1212 5886 3517
3 2834 4202 1091
3 2752 4325 321
3 4798 6270 782
3 1218 4582 2857
3 2631 4510 1416
3 3783 4751 1751
3 1838 5004 3686
3 2388 4311 843
3 3738 5641 2356
3 2737 5658 1197
3 542 3743 3411
3 226 6792 3641
3 3433 4428 1834
3 2649 5666 4884
3 2857 5151 662
3 834 5566 3542
3 2524 6230 961
3 217 3360 216
3 653 6047 3013
3 3270 6241 1171
3 3153 5699 748
3 1052 6201 4180
3 5160 6885 1545
3 2682 4322 948
3 3916 5715 557
3 2778 6942 2141
3 4376 5890 889
3 403 7277 4110
3 2889 4819 4019
3 2584 6688 3857
3 336 6653 2949
3 1091 5071 2834
3 1696 5369 2532
3 3422 4321 408
3 736 6699 4828
3 498 4159 3048
3 4617 7507 2334
3 1084 5753 5612
3 622 5351 2588
3 2670 6305 1329
3 3731 4715 425
3 1960 4888 3268
3 5235 7425 3222
3 3859 4900 520
3 358 3784 3579
3 3430 7089 492
3 884 6249 2796
3 2975 4899 1723
3 1988 4304 3584
3 376 7525 2583
3 1511 4652 3849
3 207 4946 3120
3 1315 5045 2681
3 1043 3966 2878
3 3734 6270 2516
3 814 5637 2721
3 3849 4652 1875
3 3769 7721 7313
3 5972 7136 1674
3 2463 4786 637
3 1620 3675 2922
3 2039 5494 4649
3 3425 6499 2009
3 3004 3582 1336
3 2855 5005 4124
3 1367 4557 2785
3 4859 5482 1627
3 2803 4443 942
3 1271 3748 3186
3 2471 3820 1125
3 1538 4659 3546
3 3385 6072 2129
3 3406 7583 590
3 1330 5301 3717
3 2456 7424 2866
3 961 5262 3591
3 2878 3377 1043
3 2779 4213 102
3 2271 5724 3577
3 2046 4685 4192
3 2296 4806 1366
3 3459 3961 1304
3 951 3922 3049
3 2847 5938 1976
3 661 4275 3361
3 2665 5021 1336
3 2938 5612 623
3 2779 4446 981
3 2541 4684 1367
3 3961 5807 1304
3 2127 7532 4460
3 1727 4443 2803
3 2886 4081 1044
3 3179 4003 1329
3 1105 4327 3360
3 2682 4460 1070
3 813 6142 2855
3 1679 4880 4206
3 2478 5464 1822
3 2922 4941 1620
3 2408 6885 5160
3 2079 4453 2949
3 3107 4503 1351
3 2808 5557 1662
3 1646 5653 4951
3 2955 3567 1209
3 3756 4065 1261
3 3438 4496 292
3 4735 5291 1373
3 3294 5078 2456
3 230 5016 2560
3 2085 4210 3380
3 2969 4272 632
3 2509 3948 529
3 1489 5330 3886
3 1503 5702 2860
3 3256 4280 607
3 2695 6635 1736
3 2832 4912 951
3 3350 4187 1415
3 1335 4469 4219
3 2413 5599 1459
3 2148 5706 3394
3 1036 6427 2866
3 733 5557 2808
3 3576 3886 1234
3 992 5662 3394
3 823 6122 2569
3 4393 5515 1128
3 2281 5040 4863
3 1237 4495 2767
3 5183 7501 847
3 1810 6217 2772
3 2759 4638 298
3 4013 5183 2234
3 2360 6907 4028
3 5185 5336 1661
3 3120 4867 1068
3 3382 6794 1591
3 3439 5164 2184
3 2265 4453 4428
3 3074 5167 508
3 3380 4210 1425
3 1741 5153 3257
3 3943 4758 1229
3 832 6146 2889
3 2922 3675 1197
3 2785 7342 1367
3 1663 5781 2954
3 4645 4659 1538
3 3288 4814 662
3 1124 3859 2982
3 2721 6381 814
3 5109 7260 2986
3 843 5549 4296
3 2946 5069 1008
3 1499 5004 4614
3 2721 5538 1720
3 3679 4631 2601
3 1384 4272 2969
3 3618 5974 660
3 408 6292 3422
3 531 4276 2703
3 2877 3764 88
3 1686 5479 4558
3 4164 6070 2024
3 950 6401 3461
3 3997 4107 272
3 1909 4744 4204
3 2073 5041 4369
3 2353 7753 7299
3 2975 7479 814
3 4444 4801 1440
3 913 4225 2763
3 534 5677 2855
3 3425 6699 736
3 6653 6844 2377
3 1561 4867 3120
3 3752 4963 1104
3 3179 6305 408
3 3637 6136 1197
3 1008 6707 2946
3 2529 4031 511
3 1639 5531 5350
3 2785 4557 615
3 83 3229 84
3 3258 6867 1247
3 2796 6249 1854
3 1261 4751 3783
3 2816 5014 1714
3 630 6072 3385
3 3619 6333 873
3 981 4446 3725
3 3623 3917 1171
3 1231 4315 2763
3 3872 6047 653
3 4246 6188 3650
3 2673 4232 1117
3 2767 4495 410
3 2938 3738 1084
3 4204 4744 1311
3 1696 5151 2857
3 4041 4758 2311
3 2667 5885 1373
3 4273 5696 2506
3 2613 7676 2133
3 4072 6300 2036
3 1171 6946 2629
3 2694 5535 623
3 2834 5071 350
3 349 4303 2512
3 981 5547 2586
3 595 5418 2829
3 3442 4436 586
3 4342 7061 3380
3 3074 6427 1036
3 1371 3575 3231
3 2860 7089 1503
3 2002 4866 4028
3 662 4005 2857
3 1413 7340 3411
3 3064 4240 2007
3 2560 7046 230
3 2260 6942 5830
3 4031 5636 3214
3 3756 4119 623
3 1794 3464 3293
3 4232 4239 1736
3 1662 5372 2808
3 1979 6990 4119
3 3575 4107 1521
3 1058 6602 2849
3 5195 7583 1140
3 2673 6282 332
3 282 4629 4093
3 3393 7753 2353
3 1128 5515 3948
3 2009 6699 3425
3 3795 4745 1090
3 2740 7577 503
3 4154 4568 1548
3 3059 4180 234
3 2112 6707 5135
3 386 6107 4464
3 4558 7431 2280
3 1980 4963 3752
3 2946 6707 2024
3 2675 3916 1230
3 3837 4584 397
3 397 4584 3694
3 5287 6946 2303
3 1934 5106 2544
3 87 4548 2877
3 1459 6184 2413
3 1692 5847 3922
3 3473 3533 1294
3 2417 5194 331
3 1292 3288 3186
3 1661 5336 4102
3 1822 5863 5361
3 2814 7270 612
3 2978 4764 466
3 2074 5699 3153
3 1874 4548 3962
3 637 6887 2463
3 1679 5158 3355
3 2996 5641 481
3 2863 5164 1239
3 4543 7530 1321
3 3257 5153 1042
3 1329 4977 2670
3 1854 4129 2796
3 2073 5816 5676
3 4428 5820 1834
3 2954 5781 440
3 583 4377 3913
3 2986 6702 2175
3 1724 5005 2855
3 3784 3897 1429
3 1356 3897 3784
3 477 5697 3623
3 2968 6903 1614
3 1196 6045 3851
3 555 4801 3387
3 410 5372 2767
3 452 5034 3431
3 1128 4556 2958
3 566 4342 3380
3 2588 5210 622
3 3769 7313 630
3 2913 5270 924
3 321 3727 2752
3 3205 6721 5832
3 5014 7380 349
3 1646 6133 3011
3 4584 6999 3694
3 2739 4595 962
3 1550 6847 3524
3 3784 7048 1356
3 4638 6379 298
3 2796 6343 884
3 1552 7395 5195
3 1203 4325 2752
3 1639 3476 3205
3 5907 5930 2241
3 1447 6396 5703
3 3028 4821 1273
3 3360 4327 216
3 2878 3966 1956
3 5515 6176 3948
3 1218 7386 4582
3 3546 4751 644
3 4558 5479 2628
3 3851 6045 2328
3 3579 3784 1429
3 1414 4764 2978
3 1563 4522 2664
3 7362 7530 4543
3 903 6474 2741
3 948 5702 2611
3 1202 4464 3019
3 3591 5262 2115
3 1416 3583 3582
3 2507 3682 1168
3 2905 3820 108
3 3062 5600 456
3 1136 6047 2607
3 2938 6673 3738
3 2409 6215 466
3 2463 6887 4828
3 1202 4631 3679
3 5458 5737 1626
3 2955 3909 1459
3 3619 5742 2280
3 3130 4142 306
3 7037 7181 3567
3 4192 5054 2046
3 4369 5041 281
3 1735 4819 2889
3 5078 7424 2456
3 3623 5697 2186
3 2596 7136 5972
3 1042 3857 2892
3 1471 5270 2913
3 2658 5881 345
3 2510 7242 4311
3 1976 4013 2847
3 1375 4583 3833
3 1956 4081 2886
3 1489 3886 3576
3 2120 6138 4022
3 2754 7566 504
3 1455 3859 3211
3 3222 3833 998
3 2860 5702 948
3 1941 6213 4918
3 2416 5454 3037
3 3886 5330 2309
3 1415 5294 3229
3 4863 5040 1647
3 280 5104 4791
3 3583 6343 1336
3 4859 7036 2083
3 607 4280 3909
3 3524 6847 2569
3 897 5021 2665
3 1949 3350 3229
3 3394 5662 2148
3 1251 6559 4589
3 1234 4496 2532
3 5194 7396 2465
3 3211 3859 1124
3 844 5263 5257
3 5394 5929 936
3 2609 6700 921
3 4967 6721 1085
3 2816 7380 5014
3 280 4791 2763
3 6463 6850 4442
3 2516 5429 426
3 1140 4563 3319
3 1406 5054 4192
3 1520 4647 3586
3 2361 6180 5074
3 1044 4081 3479
3 3425 6169 1150
3 1247 4621 2958
3 2415 6333 3619
3 208 4946 207
3 1130 5459 4503
3 4446 6460 3725
3 3406 4563 1140
3 1373 5885 2695
3 520 4900 2596
3 3777 3778 1196
3 3581 4300 1835
3 3872 5272 1251
3 972 4958 3296
3 3293 3464 1149
3 541 6881 2849
3 2616 4400 1351
3 5112 5861 1761
3 897 5716 5485
3 1698 5601 2812
3 466 4764 3780
3 2763 4791 1231
3 1862 4170 2963
3 1150 3605 3425
3 971 5350 3011
3 107 4587 2905
3 2855 4301 813
3 4394 4411 1523
3 5183 5869 2234
3 503 4702 2841
3 2819 6859 2039
3 4119 6990 2694
3 1381 4866 3931
3 3384 4072 1544
3 3718 4849 2497
3 525 5696 4273
3 1119 6985 2674
3 607 6935 3557
3 1591 7313 2506
3 2963 4170 583
3 4589 6559 2643
3 4275 5330 1489
3 5272 6559 1251
3 1230 4991 3306
3 2962 4789 1307
3 2049 4745 3795
3 3576 6222 4509
3 430 4617 2812
3 3046 5588 419
3 3931 4866 2002
3 629 5854 2737
3 3119 5035 1471
3 3349 5511 1406
3 2014 4411 4394
3 3356 6169 287
3 1503 7638 5702
3 2497 7549 3995
3 533 4059 2796
3 1980 5200 4849
3 2966 5112 2529
3 1924 7400 5024
3 623 5884 2938
3 3231 4518 1286
3 1763 5203 2810
3 3988 5795 837
3 2993 5902 1698
3 468 4910 2338
3 1753 6741 3631
3 1286 3898 3231
3 3922 5847 2383
3 3205 3476 1085
3 1414 6688 2584
3 2855 5677 4301
3 2777 5698 566
3 689 4469 3029
3 2290 6398 5253
3 3503 4991 2580
3 6502 6764 2593
3 903 6356 4309
3 2569 4951 823
3 2778 6583 5106
3 4028 4866 631
3 3461 6401 1786
3 848 4597 4294
3 1130 4503 3107
3 481 6389 2996
3 1699 4065 3756
3 492 4246 2649
3 4309 6356 2522
3 2141 6567 2778
3 2303 7687 5287
3 3962 4935 1874
3 2966 6627 856
3 227 5731 4411
3 753 3966 3101
3 2767 4552 1237
3 2812 5601 430
3 2660 4763 1471
3 4058 4475 291
3 2202 7545 6241
3 2009 6499 4097
3 948 5930 2860
3 2810 6300 4072
3 354 4901 3306
3 1234 6222 3576
3 228 5731 227
3 1130 4876 3020
3 6180 7434 5074
3 1673 4376 2921
3 1521 3997 3946
3 4311 5489 2510
3 1786 5588 3046
3 2949 6438 1136
3 2674 5553 493
3 3321 6381 2721
3 4849 5200 2497
3 2183 5515 4393
3 4552 5592 1237
3 520 4547 2982
3 1415 4935 3962
3 2866 6162 1036
3 2954 6334 1663
3 2798 7012 2198
3 3841 4164 280
3 5429 6741 426
3 3431 5034 2209
3 3396 6535 789
3 1400 6764 6502
3 964 6396 2601
3 1913 4331 4071
3 2695 6406 1373
3 1792 4801 4444
3 2135 5069 2951
3 628 5494 3620
3 3660 3855 1294
3 1395 5419 5135
3 4583 6332 3833
3 1409 5698 2777
3 5186 6154 1746
3 2452 5690 960
3 508 5167 4863
3 3294 3978 1551
3 1321 4547 4375
3 3479 4019 1044
3 2803 7216 1727
3 644 4751 4065
3 623 5612 3756
3 921 4884 2465
3 1544 6472 4301
3 4186 5350 971
3 3124 6044 1315
3 1699 5753 4740
3 856 6627 3095
3 1832 4584 3837
3 3619 5438 2415
3 3296 4958 1720
3 1863 5641 2996
3 354 7724 4901
3 962 4595 2670
3 848 6697 5936
3 2986 7260 2588
3 2512 5014 349
3 978 5164 2863
3 533 5767 2665
3 2811 7128 531
3 292 5355 3438
3 2895 5929 5394
3 3433 6262 4428
3 2963 7026 1862
3 1429 6637 2890
3 4097 6664 2009
3 2260 5756 5717
3 1167 4280 3256
3 4375 4547 2327
3 2732 6794 3382
3 3646 6478 1977
3 4456 5863 1822
3 4791 5104 2112
3 1614 4563 3406
3 3349 6781 2247
3 336 6844 6653
3 1080 5902 2993
3 2890 4272 1384
3 2671 7085 956
3 525 4273 2586
3 3254 5161 1511
3 3748 4240 637
3 1222 3697 3284
3 4325 5482 321
3 1963 4917 3125
3 5056 6421 2118
3 572 3778 3481
3 727 4658 3631
3 3184 4866 1381
3 2857 5369 1696
3 2670 4977 962
3 2357 6379 4638
3 3268 6906 1307
3 3567 7181 1209
3 1375 3833 3222
3 3771 4028 631
3 2767 5372 1662
3 4400 4885 1351
3 2195 4885 4400
3 298 6816 2759
3 3110 6396 964
3 5536 7362 224
3 3029 4469 1335
3 2955 5599 706
3 4003 5826 1329
3 595 5443 4003
3 3058 4369 281
3 290 4585 3462
3 3481 3778 1530
3 2958 4556 1247
3 4216 6146 2269
3 4134 6142 2247
3 3125 5677 534
3 2103 4568 3296
3 3017 4671 835
3 1336 6343 4059
3 628 6827 2891
3 3107 4885 736
3 3284 3697 1499
3 1325 4363 3921
3 4540 7638 1503
3 1879 6075 2941
3 674 5732 2801
3 1720 5583 3321
3 837 5673 3988
3 5773 6133 2134
3 2922 7736 4941
3 4464 6107 3019
3 2921 5716 1673
3 498 6272 4159
3 817 5863 4030
3 4400 5894 287
3 466 6782 2978
3 3387 4801 1792
3 2982 7530 2525
3 2525 7362 5536
3 346 6702 4318
3 1125 5193 2471
3 3118 5928 450
3 4436 6635 586
3 440 7159 2954
3 3130 4005 1529
3 1209 6935 2955
3 736 4828 3107
3 2832 4579 1222
3 582 3961 3459
3 1105 4380 3048
3 3189 7096 3752
3 676 5816 3931
3 2665 5716 897
3 1497 6080 2803
3 2628 7431 4558
3 2895 6916 1545
3 4503 5638 1351
3 4219 4884 1335
3 1662 7640 2767
3 216 4327 215
3 3479 6348 4019
3 2801 6692 1068
3 350 6482 2834
3 3011 6133 971
3 1311 3861 3860
3 5485 5716 2921
3 2040 7071 5149
3 3048 7689 498
3 4294 4597 2052
3 1561 4946 3189
3 1416 4510 3856
3 3997 6421 1399
3 1663 5262 3672
3 3029 4758 689
3 3582 3583 1336
3 3651 6899 2046
3 924 5270 2533
3 5040 5589 1647
3 2 6027 3244
3 2041 5398 3856
3 3222 3885 1375
3 4737 6868 1095
3 2584 4764 1414
3 4410 6942 2260
3 3618 4124 990
3 1105 7223 4327
3 2085 7061 6107
3 856 5112 2966
3 345 5881 2994
3 2746 5186 1746
3 71 5544 3377
3 3913 4492 1672
3 1239 5164 3439
3 3257 6041 80
3 3285 5218 1523
3 2860 5930 1750
3 2978 6782 2116
3 5703 6396 3110
3 1068 4867 2811
3 5108 7687 1661
3 893 6398 4589
3 3244 6598 2
3 1416 4862 2631
3 2677 4798 1680
3 4294 6697 848
3 5473 7475 1836
3 4180 6201 2140
3 4029 5730 1645
3 1330 6094 4365
3 1698 5084 2993
3 3361 4275 1055
3 3461 6478 950
3 2103 5807 3961
3 2938 5884 1819
3 2601 6396 4910
3 234 4180 233
3 964 4631 3727
3 365 5703 3110
3 3473 4107 1371
3 1206 5758 3584
3 80 6616 3257
3 1315 5034 3218
3 3620 5494 2039
3 1351 4885 3107
3 615 4557 2883
3 3217 4365 353
3 1856 5994 4093
3 2241 5930 4322
3 3584 5758 1988
3 2905 7447 3820
3 470 7095 4491
3 95 3682 96
3 3841 4632 1692
3 2763 5646 280
3 2506 5696 1591
3 1406 5511 3903
3 3355 5158 353
3 3011 5653 1646
3 2613 5592 4552
3 419 6447 3046
3 1523 5218 2785
3 3946 3997 1399
3 1043 7026 2963
3 924 5458 2913
3 5489 5730 2510
3 5323 6072 1550
3 365 4204 2989
3 219 3849 218
3 2810 4072 386
3 1504 4380 3307
3 2024 4912 2946
3 3771 3867 1356
3 662 5151 3186
3 1862 7298 3637
3 104 5975 3174
3 3361 4363 1325
3 632 6968 2969
3 2195 6169 3425
3 1373 6406 3095
3 3095 6406 856
3 272 4107 3473
3 3886 4496 1234
3 3649 5676 1514
3 4910 6396 1447
3 2772 5653 559
3 1530 4671 4509
3 3586 4647 412
3 3921 4848 1325
3 2941 4715 1879
3 685 6300 5203
3 1036 5167 3074
3 1381 4369 3058
3 3174 6713 104
3 1503 7089 3430
3 3860 3861 1900
3 1775 7034 5353
3 3921 4363 1792
3 1761 5861 4239
3 4740 5753 2759
3 2601 4631 964
3 3641 6792 2014
3 4424 5053 1380
3 1924 5024 3620
3 4745 4794 1357
3 1380 7544 2947
3 376 6885 3686
3 3623 6884 3917
3 6436 7072 2732
3 960 5690 2660
3 1459 5599 2955
3 3145 4399 582
3 1530 3778 3777
3 4005 4814 1529
3 3820 7447 1125
3 1529 4142 3130
3 2412 4998 3353
3 3153 6447 419
3 980 5561 2998
3 1055 4363 3361
3 1879 6348 3479
3 3988 5673 2175
3 3357 4141 1348
3 3738 6601 1084
3 494 4821 3028
3 5544 7298 1862
3 1454 6949 4987
3 3214 4745 1357
3 4492 4955 1672
3 3296 4568 972
3 1196 3851 3342
3 3448 4210 1059
3 5193 5727 956
3 2167 7384 3467
3 3013 6047 1136
3 3948 4556 1128
3 3548 5084 1698
3 2998 7419 6373
3 88 3764 89
3 634 4518 3231
3 3867 3897 1356
3 1645 5730 5489
3 3059 6287 1052
3 3288 6741 1753
3 2889 6443 832
3 804 5737 3295
3 1357 5619 3214
3 306 7590 3861
3 1674 7136 3807
3 3339 5953 1626
3 6874 6916 2895
3 559 5531 3205
3 1329 6305 3179
3 5538 7388 3296
3 960 5558 2452
3 1057 5589 2792
3 3254 5275 220
3 3095 4735 1373
3 559 5653 3011
3 62 4522 63
3 2408 5160 3795
3 1009 6196 4041
3 3216 6764 1400
3 3350 5699 4187
3 1955 5301 4242
3 1489 5928 4275
3 1440 4801 3339
3 3697 7525 376
3 1351 5638 2616
3 661 6511 4621
3 3462 7620 290
3 1894 6853 3692
3 5253 6398 893
3 1325 4848 4110
3 5135 6707 1008
3 3321 5583 318
3 1348 7643 3145
3 1059 4917 3448
3 4579 6011 1222
3 3780 4764 2584
3 503 6435 4702
3 586 4287 3442
3 425 4955 4492
3 6334 7110 2115
3 631 4866 3184
3 3 4565 110
3 3020 4876 1574
3 1555 7447 2905
3 5204 5690 1409
3 1239 7716 2863
3 108 3820 109
3 6657 7633 878
3 3019 7427 1202
3 3442 4287 1260
3 6332 6708 2308
3 1367 7342 4053
3 4910 5110 2338
3 1752 6369 3119
3 2041 6895 5398
3 748 6688 3153
3 2249 7620 3462
3 2978 6161 1414
3 1395 5135 3465
3 1057 5786 3692
3 1261 4119 3756
3 5135 5419 2112
3 4565 6607 110
3 3909 6935 607
3 2452 5558 3017
3 3009 7229 541
3 4540 4554 1731
3 1223 5084 3548
3 2703 7477 3013
3 3037 6201 1052
3 493 5553 3856
3 2184 7109 3439
3 1043 5299 3101
3 3641 5871 1124
3 4206 7125 1152
3 4071 7252 1913
3 3048 7223 1105
3 2883 5381 615
3 2891 7020 1231
3 1294 4268 3660
3 83 5866 3229
3 4424 5703 365
3 1539 6287 3059
3 2247 6142 5511
3 2786 6686 980
3 2134 6133 4409
3 2353 4567 3393
3 3120 4946 1561
3 3867 4062 632
3 662 4814 4005
3 346 4318 3439
3 3439 7109 346
3 590 6080 2968
3 1307 6427 3074
3 1348 4141 3763
3 1724 6142 4134
3 1750 5723 2860
3 612 3855 3660
3 3377 7276 71
3 4093 5994 2413
3 3313 5558 960
3 2996 4824 1863
3 1627 6021 4859
3 2412 7034 4998
3 1750 5930 5907
3 3046 6415 1786
3 2941 4955 425
3 631 4111 3771
3 450 5928 3576
3 752 4672 3672
3 1692 4164 3841
3 1371 4107 3575
3 2796 6560 533
3 3841 5646 1405
3 4491 7095 3005
3 1395 5494 3367
3 1735 6146 4216
3 1645 6908 4029
3 965 7475 3327
3 2819 7768 6859
3 4049 6949 1454
3 455 4253 4088
3 430 5601 3068
3 1251 4589 3493
3 2056 6436 3382
3 3214 5636 1090
3 6107 6678 2085
3 2993 5454 1080
3 3385 7447 1555
3 4901 7724 2773
3 3307 4380 1105
3 1168 6899 3651
3 5203 6300 2810
3 632 3897 3867
3 4375 6594 2425
3 4935 5974 1874
3 4761 6681 2560
3 2144 6533 6039
3 1090 4745 3214
3 634 6916 6874
3 1720 5538 3296
3 2014 5871 3641
3 5589 7433 1647
3 1751 6846 2834
3 511 4742 2966
3 3186 6704 1271
3 3479 4081 753
3 2808 5372 4578
3 494 5459 3020
3 1503 4554 4540
3 4311 7242 843
3 4300 7407 935
3 2665 5767 5716
3 3630 7636 2334
3 2196 5350 4186
3 3474 5464 2478
3 1117 4436 3442
3 2556 5638 4503
3 1080 5550 3068
3 2129 6072 5323
3 1931 5082 4370
3 2954 7504 1075
3 3296 7388 2103
3 4164 5104 280
3 2046 5054 3651
3 2847 6595 274
3 555 5953 3339
3 2963 5299 1043
3 1469 3867 3771
3 1292 4097 3288
3 2586 6663 525
3 3114 6415 1007
3 3576 4509 450
3 2681 6645 4682
3 5830 6942 794
3 2073 5676 3649
3 1335 5666 3029
3 2181 7495 4865
3 2834 6482 1751
3 1497 5375 2968
3 1640 6029 4377
3 7313 7721 2506
3 2968 6080 1497
3 2510 5730 5041
3 1336 5021 3004
3 1027 7621 3467
3 3208 6914 1810
3 7380 7412 1425
3 4029 6311 5730
3 3020 6271 494
3 5832 6721 1745
3 733 5843 3115
3 1551 5078 3294
3 2951 7685 992
3 1412 4492 3913
3 2905 4587 1555
3 3462 4585 1734
3 4682 6645 373
3 3686 6885 2408
3 5717 5756 1836
3 3306 4991 354
3 1203 7061 4342
3 1325 5498 3361
3 2079 7697 4453
3 6161 6447 1414
3 3415 6216 1366
3 2356 6601 3738
3 4998 7034 778
3 834 6594 4375
3 89 4134 90
3 3763 4154 1548
3 1710 4335 3880
3 1307 4789 3268
3 632 6637 3897
3 2801 7125 4206
3 2629 6946 5287
3 354 4991 3503
3 3307 5210 1504
3 353 5158 3217
3 4159 6272 2130
3 3631 4658 1753
3 960 6369 3313
3 425 4492 3547
3 660 5899 3618
3 888 7072 6436
3 1271 4240 3748
3 1735 6598 3244
3 3807 6657 878
3 4041 7700 1009
3 2044 7283 3342
3 3533 4268 1294
3 974 4570 3431
3 4442 6850 2086
3 3342 7283 321
3 1060 6850 6463
3 4998 6375 3353
3 778 5452 4370
3 3153 6688 1414
3 2816 7412 7380
3 1104 6384 3189
3 620 7388 5538
3 852 6681 4761
3 3551 6749 206
3 1529 4814 4658
3 1469 4062 3867
3 3284 4577 565
3 3467 7621 2279
3 386 4072 3384
3 3279 5550 1080
3 5643 5936 1882
3 4835 5691 2240
3 3465 4649 1395
3 1612 6270 3772
3 1168 5561 2507
3 3295 6137 804
3 5677 6508 1544
3 1751 4751 3546
3 3672 6230 1990
3 3393 4567 1504
3 3448 7101 349
3 214 3995 213
3 3431 6722 974
3 2240 5485 3598
3 2754 5727 5193
3 1125 7447 3385
3 3257 6616 1741
3 2947 5110 1447
3 350 5758 3353
3 3547 4492 1412
3 2969 5195 1140
3 232 4045 231
3 3293 6176 1794
3 4377 6547 3913
3 3795 5160 762
3 2549 5938 4977
3 5068 6908 1645
3 921 4554 3430
3 1647 7433 4863
3 2829 7407 4300
3 3771 4111 1469
3 2660 5690 5204
3 2849 6881 3869
3 1075 5368 3396
3 2177 6015 4110
3 3764 4134 89
3 2321 5374 5027
3 1596 7259 3005
3 69 6136 3637
3 102 4213 103
3 1168 7141 5561
3 1752 6836 3118
3 4621 6511 2958
3 6533 7223 3048
3 3856 4510 493
3 1409 7271 5698
3 3211 5381 1455
3 4049 4520 1574
3 620 4371 3670
3 911 7636 3630
3 3433 7025 1152
3 4111 4454 1469
3 1447 5110 4910
3 3367 5419 1395
3 76 4216 77
3 1786 6415 3114
3 70 5544 71
3 4534 6282 2673
3 3327 7475 2261
3 1425 4210 3448
3 78 4222 79
3 3349 6204 92
3 442 6906 3268
3 2370 6986 6131
3 2196 4142 3920
3 2406 5436 3554
3 3439 7531 1239
3 1538 7396 5194
3 4419 6162 2118
3 4370 5452 1931
3 3513 5266 464
3 3517 4835 2240
3 3101 7558 753
3 2002 5526 3931
3 3360 6516 1105
3 3189 6384 1561
3 2049 4794 4745
3 3777 4671 1530
3 1955 6620 2962
3 1366 4865 3391
3 4177 5436 373
3 3725 6460 624
3 3306 4901 1119
3 1585 5691 4835
3 1365 6647 4578
3 3909 4280 1459
3 464 5266 4794
3 5027 5374 1614
3 4088 4253 1674
3 100 4690 3537
3 5041 5730 281
3 3546 4659 1751
3 3339 4801 555
3 1060 6463 3462
3 1714 6196 2816
3 622 5210 3307
3 477 6567 3627
3 6176 7738 529
3 220 7224 3254
3 1499 4577 3284
3 3763 4141 390
3 4742 5619 2157
3 2876 7252 4987
3 789 4824 3396
3 2345 6575 4896
3 3856 5553 2041
3 3385 6857 1125
3 3467 4185 358
3 292 6825 5355
3 4896 6575 1882
3 684 4835 3517
3 3431 4570 2295
3 2129 6857 3385
3 5526 7582 3931
3 1247 4537 3258
3 3411 6201 3037
3 2052 6844 3493
3 1963 5835 4303
3 5612 5753 1699
3 2994 5881 1810
3 1640 5854 3124
3 4925 6574 2383
3 3214 5619 511
3 4335 4390 1495
3 2056 5053 4424
3 4071 7621 7252
3 1511 5275 3254
3 4443 6583 942
3 3670 5807 620
3 4977 5938 962
3 5473 5797 878
3 3049 6811 2060
3 3327 5357 965
3 4735 7363 410
3 2955 6935 3909
3 6 5326 205
3 3280 6782 466
3 1529 4658 3920
3 4510 6869 2241
3 3347 6184 1459
3 3493 6844 336
3 85 5294 3962
3 4997 7071 2040
3 3637 7298 69
3 3430 4554 1503
3 3125 6508 5677
3 4065 4740 644
3 2782 6713 3174
3 4110 6015 403
3 1406 6204 3349
3 1875 6516 3360
3 1405 5646 4225
3 4582 5369 2857
3 470 4649 3465
3 4997 6356 903
3 2998 6373 980
3 3218 5045 1315
3 466 6215 3280
3 5511 6142 813
3 1727 7202 6009
3 4859 6021 2349
3 1125 6857 5193
3 5716 5767 1673
3 4272 6637 632
3 1203 4342 4325
3 3115 5266 1686
3 549 6574 4925
3 1533 4454 4111
3 2303 6946 3917
3 4185 6907 2360
3 3672 4672 1663
3 2377 6844 4597
3 4166 4997 903
3 5830 6346 1920
3 5381 7325 615
3 3280 7257 6782
3 3917 6946 1171
3 5203 5713 2191
3 6009 7202 2739
3 2544 6583 4443
3 3467 7384 1027
3 1329 5826 4977
3 1673 5890 4376
3 1066 5030 3184
3 5479 6355 914
3 3382 5696 525
3 5029 5326 1953
3 4520 4680 1574
3 1596 5970 3394
3 3380 7061 2085
3 541 7229 3279
3 603 6216 3415
3 7318 7637 2188
3 1920 6346 4701
3 2913 5458 1626
3 3591 6389 481
3 2512 7132 5799
3 3394 6282 1596
3 1543 6999 4584
3 1723 6050 2975
3 3205 5531 1639
3 3130 5734 1218
3 4716 6055 832
3 1206 4715 3731
3 1140 7583 3406
3 6131 6986 837
3 4058 4262 1440
3 2175 7418 3988
3 4632 5847 1692
3 3627 6567 2141
3 3438 6704 1696
3 816 7260 5109
3 2186 6884 3623
3 3004 7654 1585
3 2279 7738 3293
3 2958 6823 1128
3 745 5375 3270
3 3211 7325 5381
3 3762 6366 1495
3 4331 4839 905
3 4187 4935 1415
3 586 5068 4287
3 1626 6675 3339
3 95 4685 3682
3 1095 6868 4303
3 1686 5266 3513
3 511 5619 4742
3 1882 5936 4646
3 206 6749 6
3 4567 7689 1504
3 1260 5600 3062
3 3582 4862 1416
3 220 5275 219
3 3448 7380 1425
3 1834 7025 3433
3 5571 5887 644
3 629 6044 5854
3 1197 5658 4170
3 3229 5294 84
3 936 6409 4390
3 84 5294 85
3 3217 7025 1834
3 1231 5419 3367
3 3396 5368 1689
3 4987 7384 7037
3 3005 5970 1596
3 5078 7554 797
3 6379 7638 298
3 1294 7211 3473
3 3011 5531 559
3 3393 5130 816
3 3339 4475 1440
3 3586 5780 1520
3 3917 5185 2303
3 2569 6122 3524
3 5151 6704 3186
3 6702 7418 2175
3 1545 6885 3893
3 1594 4647 4000
3 2345 4896 3474
3 2144 7223 6533
3 3777 7036 4671
3 586 5885 5068
3 410 7363 4578
3 3293 7738 6176
3 3360 5127 1875
3 3554 5436 2188
3 4377 6029 2406
3 3270 5375 1497
3 1416 5398 3583
3 350 6375 3783
3 4828 6887 1520
3 1752 6202 3387
3 1504 7689 4380
3 1504 5130 3393
3 3748 4786 1292
3 291 4862 3582
3 1792 4444 3921
3 1544 6508 3384
3 231 5016 230
3 4318 7531 3439
3 1469 4321 4062
3 1454 4520 4049
3 2188 7637 5427
3 3903 5647 1406
3 572 6045 3778
3 1060 6097 3529
3 2701 7421 3327
3 2816 6196 1009
3 816 7753 3393
3 1523 5731 3285
3 5429 6270 1612
3 1672 4955 3101
3 2024 5104 4164
3 1413 5016 4045
3 2463 6699 6664
3 481 6673 3591
3 1440 4475 4058
3 966 6914 3208
3 2185 5549 4792
3 1009 7412 2816
3 5723 7089 2860
3 3353 5758 1206
3 1699 4740 4065
3 3068 5902 1080
3 4093 4629 1273
3 1007 6161 2978
3 3229 5866 1949
3 5854 6524 2737
3 6859 7768 885
3 5475 7747 1656
3 3396 7178 1075
3 282 6184 3347
3 3046 6447 6161
3 1202 7443 4464
3 3646 5799 950
3 5438 6104 2415
3 3382 6436 2732
3 4365 5820 1330
3 5443 5592 1805
3 5135 7370 3465
3 111 4516 112
3 2878 7276 3377
3 3387 6836 1752
3 5740 5943 911
3 4232 4436 1117
3 3462 6097 1060
3 3772 4798 2677
3 3618 5899 2068
3 3174 5975 1887
3 1673 5767 3216
3 696 7170 4744
3 2631 6869 4510
3 4987 7252 1027
3 3101 5299 1672
3 3394 5970 992
3 4320 5084 1223
3 2334 5563 3630
3 1516 4446 3537
3 419 5588 4737
3 3120 7087 207
3 559 5832 3208
3 1454 7037 3567
3 4578 6647 2808
3 1931 6708 5082
3 1920 5528 5074
3 3119 6202 1752
3 2311 4758 3943
3 990 5974 3618
3 553 6353 2889
3 727 7033 3476
3 3145 7643 4399
3 1591 5696 3382
3 2607 6047 3872
3 2448 7501 5183
3 3591 6673 1819
3 1521 5559 3454
3 3529 5715 1060
3 3686 5004 376
3 106 4587 107
3 2609 5887 5571
3 492 7089 5723
3 727 5998 3920
3 4186 7590 306
3 5561 7141 2998
3 1500 5697 3627
3 1455 4900 3859
3 2261 7475 5473
3 86 4548 87
3 332 6282 3394
3 2598 6137 3295
3 219 5275 3849
3 3046 6161 1007
3 4124 5005 990
3 1055 6836 3387
3 5074 5528 2361
3 2209 6722 3431
3 1380 5547 3725
3 1819 5884 3766
3 504 5323 3524
3 5336 7507 1697
3 1710 4390 4335
3 2778 6567 4087
3 303 5204 3634
3 3542 7531 1478
3 4022 4899 2120
3 4206 6883 1679
3 2409 6055 4716
3 3367 5494 628
3 3682 7699 96
3 4000 6887 637
3 3586 4876 1130
3 3454 6916 634
3 4987 7037 1454
3 4129 7768 2593
3 1128 6823 4393
3 2343 7275 6214
3 5287 5583 2101
3 3387 6202 555
3 3474 7571 2345
3 2516 6270 5429
3 4062 4321 1552
3 1149 6907 4185
3 4534 6596 889
3 2260 5717 4410
3 3474 4896 742
3 3356 6569 1150
3 3295 5458 924
3 3869 6881 1539
3 5550 7229 1390
3 835 7036 4859
3 6375 7494 3783
3 653 4849 3718
3 1627 5482 4325
3 2701 5943 5740
3 464 5327 3513
3 752 6157 4387
3 684 4444 4262
3 4013 6526 1005
3 2188 5436 4177
3 5104 6707 2112
3 4303 5835 1095
3 742 4734 4456
3 4977 5826 2549
3 2115 6389 3591
3 2360 7048 4185
3 3125 4917 1059
3 210 6770 3752
3 1626 5953 2913
3 209 7096 3189
3 990 5801 2877
3 821 6062 5762
3 4262 4444 1440
3 3465 7095 470
3 3920 4658 727
3 2512 5799 5014
3 468 5713 3679
3 2224 5411 5368
3 5056 7012 1399
3 3649 5041 2073
3 2877 7130 990
3 3860 5435 888
3 217 5127 3360
3 3634 7700 2311
3 804 6137 5907
3 1124 5871 3211
3 797 7424 5078
3 1962 7038 3743
3 1724 4134 3764
3 1539 6881 3844
3 1967 6104 5438
3 223 4543 222
3 4631 7079 3727
3 3921 4444 684
3 94 4685 95
3 4019 4819 1044
3 4170 5658 583
3 950 6478 3646
3 911 5943 3548
3 1976 6526 4013
3 1068 6692 3551
3 2883 7633 6657
3 3118 6836 1055
3 68 6136 69
3 3820 7622 109
3 3107 5780 1130
3 2269 6886 4216
3 555 6202 3119
3 3557 6935 1209
3 103 5975 104
3 1591 4743 4017
3 4222 6886 2269
3 1545 6916 3454
3 2509 4556 3948
3 4589 7188 893
3 1412 5257 3547
3 4000 4647 1520
3 1875 5127 3849
3 3513 5327 1551
3 3243 6826 1620
3 3216 5890 1673
3 583 6428 2963
3 5068 5885 2667
3 739 5185 3917
3 3651 5054 685
3 2120 6381 3321
3 3812 5024 1144
3 748 5699 3350
3 2946 7104 5069
3 5544 7026 3377
3 3184 6662 631
3 4253 5972 1674
3 97 4641 98
3 832 7746 6146
3 4865 7453 2181
3 3537 4690 1516
3 3717 5301 508
3 1497 7728 3270
3 2773 7724 6249
3 2 6598 76
3 3725 5547 981
3 1555 7194 3385
3 2247 6781 4134
3 79 6616 80
3 4460 7532 1070
3 4065 4751 1261
3 2674 6985 5553
3 2130 5272 3718
3 4792 5549 1514
3 3361 5498 661
3 1585 4262 4058
3 1447 5703 2947
3 3679 5713 1763
3 5698 7271 2349
3 4262 4835 684
3 2671 6607 4565
3 3920 4142 1529
3 4287 5068 1645
3 4097 6741 3288
3 4394 7325 2014
3 856 5861 5112
3 5854 6044 3124
3 6249 7724 1854
3 1292 6664 4097
3 1741 6055 5153
3 3438 5355 1271
3 1414 6447 3153
3 533 6764 5767
3 1679 6883 5158
3 1746 6154 3577
3 3649 5549 843
3 6146 7746 2269
3 3547 5353 425
3 3743 4761 1413
3 5745 6847 356
3 1513 6682 3445
3 71 7276 72
3 2525 7530 7362
3 1640 6524 5854
3 1085 6721 3205
3 4195 4534 889
3 3524 5323 1550
3 3718 5272 653
3 981 6490 2779
3 229 7046 3285
3 3812 5469 1543
3 1311 7170 3861
3 1794 6822 3464
3 215 6039 214
3 2247 5511 3349
3 211 6770 210
3 3307 6971 622
3 104 6713 105
3 1548 6623 4399
3 3630 5563 2186
3 3422 7395 1552
3 706 4680 4520
3 3554 5257 1412
3 3551 6692 1953
3 531 6262 3433
3 3581 5443 595
3 1913 4839 4331
3 4111 6662 1533
3 3279 7229 5550
3 1550 6072 4017
3 3491 6682 1513
3 1810 6914 2994
3 1218 5734 4227
3 1042 5153 3780
3 5193 6857 2754
3 4192 6204 1406
3 637 4786 3748
3 6782 7257 2116
3 1469 4454 4321
3 353 6853 3355
3 3856 5398 1416
3 4595 7202 1324
3 3254 6594 5161
3 553 6348 3584
3 1727 6866 4443
3 1209 7181 3579
3 4017 4743 1550
3 3464 5526 1149
3 2334 7636 4617
3 425 5353 3731
3 3524 7302 504
3 1260 5489 4311
3 1714 5799 3646
3 1400 7259 4195
3 4456 4734 1827
3 3473 5813 272
3 3641 5536 225
3 4865 7495 2658
3 1856 6271 4680
3 312 6708 6332
3 1689 7620 6535
3 221 7224 220
3 2675 5715 3916
3 99 4690 100
3 3995 7549 213
3 1237 7347 4495
3 1271 6704 3438
3 1400 7382 3216
3 4565 7085 2671
3 4917 7101 3448
3 3542 5566 1239
3 349 7380 3448
3 3631 7033 727
3 4134 6781 90
3 873 5742 3619
3 4646 4734 742
3 3946 5559 1521
3 1548 7643 3763
3 2529 5450 4031
3 1514 5549 3649
3 4022 5683 1723
3 742 5464 3474
3 1763 5713 5203
3 3577 6154 1167
3 885 7768 4129
3 4227 5734 2278
3 3462 6463 2249
3 1736 4436 4232
3 2281 7470 5040
3 4303 6868 2512
3 4017 7313 1591
3 6 6749 5326
3 93 6204 4192
3 684 4848 3921
3 1239 7531 3542
3 3583 5398 884
3 3843 6460 1516
3 3591 6178 961
3 212 5200 211
3 5361 5863 817
3 3778 6045 1196
3 660 4935 4187
3 1862 7026 5544
3 1836 7475 5717
3 4029 7407 2285
3 1596 4534 4195
3 889 7382 4195
3 1321 7530 4547
3 3313 6369 1752
3 3849 5275 1511
3 3780 5153 2409
3 1150 6169 3356
3 5411 5754 1689
3 66 4941 67
3 3766 5884 5535
3 224 7362 223
3 4294 6398 2290
3 4216 6886 77
3 373 6029 4682
3 4030 6214 817
3 78 6886 4222
3 3903 5511 813
3 583 6524 4377
3 2658 6217 5881
3 2308 6708 5288
3 6574 6811 3049
3 2643 7188 4589
3 2130 6559 5272
3 1819 6178 3591
3 3725 7544 1380
3 3766 5535 1531
3 5368 5411 1689
3 1007 6415 3046
3 2673 6596 4534
3 3627 5697 477
3 2186 7744 3630
3 3473 7211 5813
3 1144 5469 3812
3 3476 7033 5105
3 3620 7118 1924
3 5149 7071 697
3 1085 5105 3772
3 280 5646 3841
3 3727 7079 2752
3 742 4896 4646
3 3849 5127 218
3 2406 6029 5436
3 1979 7494 6375
3 1551 6355 3513
3 3962 5294 1415
3 1990 7562 3672
3 2192 6868 4737
3 2269 7746 4222
3 1271 5355 4240
3 2036 5647 3903
3 4791 5419 1231
3 3697 5004 1499
3 4491 7259 1400
3 92 6204 93
3 2167 7181 7037
3 2135 7095 3465
3 753 6075 3479
3 4645 5194 2417
3 3268 7513 1960
3 4045 6973 2140
3 442 6941 3294
3 4296 5886 1212
3 4045 5016 231
3 2569 6847 5745
3 1530 6222 3481
3 1723 4899 4022
3 1059 6508 3125
3 1854 6042 4129
3 752 7562 6157
3 4658 4814 1753
3 3631 5429 1612
3 1794 6176 5515
3 3807 5797 1674
3 5153 6055 2409
3 998 7318 5235
3 5723 6137 2598
3 4737 5588 2192
3 3551 7087 3120
3 376 5004 3697
3 2463 6664 4786
3 1689 6535 3396
3 1105 6516 3307
3 2370 6131 4030
3 4325 4342 1627
3 3837 7206 1832
3 2157 6647 4742
3 3119 6369 5035
3 1130 5780 3586
3 5436 6029 373
3 4646 4896 1882
3 2739 7202 4595
3 3783 6482 350
3 2388 5600 4311
3 3546 5887 1538
3 4617 7636 2812
3 3384 6508 1059
3 739 5336 5185
3 1008 7370 5135
3 3464 6822 676
3 3529 7709 2386
3 3922 6574 3049
3 878 5797 3807
3 3476 5105 1085
3 1979 6375 4998
3 2471 7622 3820
3 5435 5773 2134
3 2353 7248 4567
3 935 7407 4029
3 5807 7388 620
3 3672 7562 752
3 2962 6620 4789
3 3627 5357 1500
3 3503 7400 354
3 1835 7347 3581
3 2171 4997 4166
3 3833 7637 998
3 3630 5740 911
3 821 5762 4614
3 4246 5666 2649
3 430 5340 4617
3 5767 6764 3216
3 2040 6356 4997
3 4687 5478 557
3 4740 5571 644
3 4276 7128 1561
3 2014 7325 5871
3 4087 7545 2202
3 1304 5807 3670
3 3696 5943 2701
3 5106 6583 2544
3 225 5536 224
3 2321 5027 4196
3 1167 6154 3347
3 318 5583 5287
3 5890 7382 889
3 2055 6214 4030
3 4315 7206 913
3 1594 5067 4647
3 1761 5706 5642
3 5642 5706 2148
3 5702 7638 2611
3 4516 6584 112
3 4216 6598 1735
3 697 5683 4022
3 4159 6533 3048
3 3762 6811 549
3 783 4659 4645
3 4321 4454 408
3 111 6607 4516
3 4641 7699 2507
3 3285 6681 5218
3 2140 6201 3411
3 549 6811 6574
3 520 6671 4547
3 2185 5886 4296
3 1741 6616 4222
3 1924 6042 4779
3 1304 7551 3459
3 1400 6502 4491
3 1084 6601 4638
3 5160 5559 762
3 403 6015 4792
3 844 5257 3554
3 236 5150 235
3 4547 7530 2982
3 1656 6645 5475
3 7141 7419 2998
3 1406 5647 5054
3 3920 5998 2196
3 3623 7545 477
3 4186 5773 1900
3 3737 5291 1835
3 1736 6635 4436
3 358 7048 3784
3 2533 5270 4763
3 1697 5340 5149
3 1868 4734 4646
3 1380 6663 5547
3 844 5427 5288
3 2593 6560 4129
3 971 5773 4186
3 1750 6137 5723
3 1868 5580 4734
3 1835 5291 4495
3 1953 6749 3551
3 1612 7033 3631
3 232 6973 4045
3 971 6133 5773
3 6009 6866 1727
3 1552 6968 4062
3 5754 7620 1689
3 4438 5676 676
3 2083 7036 3777
3 5109 5673 1883
3 1909 5809 4744
3 3208 6391 966
3 1574 7022 4049
3 1822 5464 4456
3 4547 6671 2327
3 3763 7643 1348
3 218 5127 217
3 4102 5149 697
3 4742 6627 2966
3 5762 6062 2081
3 3734 6203 782
3 3605 7415 2516
3 4518 6874 1710
3 4617 5340 1697
3 1775 5353 3547
3 5955 6209 2377
3 2308 7637 3833
3 549 6366 3762
3 974 6722 3243
3 5868 6920 443
3 1585 4835 4262
3 1701 6049 5253
3 4013 6595 2847
3 106 6712 4587
3 2507 7699 3682
3 1504 5210 5130
3 4309 6213 1941
3 4110 4848 2177
3 1883 5114 5109
3 1533 6662 5030
3 3422 6292 1324
3 3692 6094 2396
3 2746 7053 5186
3 3769 7194 1555
3 4817 6049 1701
3 1745 6721 4967
3 2112 5419 4791
3 3844 6287 1539
3 4567 7248 498
3 3356 6693 6569
3 1478 7531 4318
3 4059 6343 2796
3 653 5272 3872
3 3411 7340 2140
3 6664 6699 2009
3 7188 7299 893
3 1697 5149 4102
3 2175 5673 5109
3 4671 7036 835
3 4495 5291 410
3 762 5559 3946
3 893 7299 5253
3 4088 5756 455
3 3481 6222 1234
3 5067 6949 412
3 1751 6482 3783
3 5723 6188 492
3 1900 5435 3860
3 3353 6375 350
3 3717 7433 2396
3 1710 6874 5394
3 4017 6072 630
3 1645 5489 4287
3 813 6472 3903
3 2311 7700 4041
3 5742 7640 1662
3 5169 5809 1909
3 1879 7769 6348
3 4792 6015 2185
3 2640 6742 5808
3 4456 5464 742
3 1561 7128 4867
3 3978 6355 1551
3 3795 6812 2049
3 2007 6825 6453
3 3913 6428 583
3 3576 5928 1489
3 762 6812 3795
3 227 6792 226
3 2060 6811 3762
3 4419 6421 272
3 477 7545 4087
3 644 5887 3546
3 4129 6042 885
3 6174 6435 2237
3 4185 7048 358
3 884 6343 3583
3 4543 7225 222
3 66 6742 4941
3 3243 7693 6826
3 1520 5780 4828
3 2452 7271 5690
3 1659 6203 3734
3 843 7242 3649
3 1836 5756 4088
3 2583 5929 3893
3 4399 7643 1548
3 3738 6673 481
3 5139 7275 2343
3 4097 6499 426
3 2181 7302 3524
3 3764 5801 1724
3 1390 6213 4309
3 4522 6393 63
3 4941 7736 67
3 2049 6084 4794
3 1091 7257 3280
3 3756 5612 1699
3 6453 6825 3258
3 1672 6428 3913
3 5149 5340 2040
3 5055 5996 2095
3 4641 6617 98
3 3931 5816 1381
3 985 5578 4273
3 3479 6075 1879
3 2779 6490 4213
3 2101 6755 5287
3 3772 5105 1612
3 3931 7582 676
3 3598 7692 1212
3 4311 5600 1260
3 1646 5745 4409
3 3445 6682 603
3 1620 6826 3675
3 97 7699 4641
3 4031 5450 1838
3 3812 6827 628
3 4273 7721 985
3 2141 7152 3627
3 5996 6500 2095
3 4327 7223 2144
3 4863 5167 2281
3 5350 5998 1639
3 2598 6188 5723
3 6627 7363 3095
3 4196 5027 745
3 3855 7211 1294
3 4041 6196 1714
3 4817 5114 1883
3 412 7022 3586
3 3886 7157 4496
3 3922 6070 1692
3 603 6682 3491
3 5881 6217 1810
3 3592 7607 2171
3 230 7046 229
3 4240 5355 2007
3 3807 7136 1455
3 4899 6381 2120
3 356 6794 6466
3 2556 7466 5638
3 2345 7571 3978
3 2963 6428 5299
3 4824 5439 1863
3 4789 6620 875
3 1059 6678 3384
3 4621 5330 661
3 1763 7443 3679
3 5732 6692 2801
3 2191 7419 7141
3 2055 6131 5795
3 3978 6941 2345
3 3385 7194 630
3 2095 7501 6403
3 4304 6353 553
3 3978 7571 914
3 3465 7370 2135
3 99 6617 4690
3 2890 6637 4272
3 353 6094 3692
3 4196 6755 2101
3 5299 6428 1672
3 630 7313 4017
3 1365 6627 4742
3 2876 6949 5067
3 426 6499 3605
3 3650 6188 2598
3 206 7087 3551
3 4393 6823 2172
3 1838 5636 4031
3 2017 5478 4687
3 1596 6282 4534
3 745 6755 4196
3 3646 7518 1714
3 1868 5948 5580
3 5658 6524 583
3 5109 5114 816
3 1714 7518 4041
3 620 5594 4371
3 3377 7026 1043
3 3581 7347 1237
3 4742 6647 1365
3 3743 7038 4761
3 3752 6770 1980
3 1710 5394 4390
3 2832 7311 4912
3 1960 6209 5955
3 5398 6895 884
3 5130 5210 2588
3 272 5813 4419
3 5475 6645 2681
3 3524 6122 2181
3 4638 6601 2357
3 4102 5336 1697
3 3762 6409 2060
3 3294 6941 3978
3 2191 7141 3651
3 2196 5998 5350
3 5485 5691 897
3 1614 5374 4563
3 5690 7271 1409
3 5288 5427 2308
3 1900 5773 5435
3 1734 6097 3462
3 4987 6949 2876
3 1701 5114 4817
3 4187 5699 2074
3 1325 7277 5498
3 676 7582 3464
3 494 6271 4821
3 7287 7532 2740
3 3861 7170 2278
3 2140 6973 4180
3 82 5866 83
3 64 5808 65
3 4597 5955 2377
3 4287 5489 1260
3 6348 7769 3584
3 4177 6645 1656
3 73 5878 74
3 1960 5643 4888
3 3 7622 4565
3 2032 6353 4304
3 572 7386 6045
3 2876 7268 7252
3 1972 7211 3855
3 2055 5795 5207
3 1150 7415 3605
3 2039 6859 3620
3 745 6903 5375
3 4273 5578 2586
3 697 6138 4102
3 332 5706 4239
3 4370 5082 1531
3 5287 6755 2629
3 1365 7363 6627
3 4390 5394 936
3 3692 6853 353
3 3844 6881 541
3 4548 7130 2877
3 5110 7544 624
3 4187 6503 660
3 1425 7412 4181
3 3694 6999 2017
3 3897 6637 1429
3 1543 6827 3812
3 1977 6478 3461
3 2240 5691 5485
3 4049 7022 412
3 4239 5706 1761
3 5599 5994 706
3 3651 7141 1168
3 6681 7046 2560
3 844 5288 5263
3 4705 5867 875
3 4763 5270 1471
3 3752 7096 210
3 2101 5583 4958
3 951 6070 3922
3 4578 5372 410
3 4022 6138 697
3 64 6393 5808
3 6027 7212 2886
3 4794 6084 464
3 1223 6076 4320
3 2118 6421 4419
3 4102 6138 1661
3 6642 7104 565
3 789 5439 4824
3 5035 6369 960
3 5799 7132 950
3 2951 7104 6642
3 3855 7470 1972
3 6883 7025 3217
3 2834 6846 4202
3 603 7366 3445
3 2892 7218 6041
3 3285 7046 6681
3 4951 5745 1646
3 3461 6518 1977
3 5195 6968 1552
3 5139 6135 898
3 2309 5330 4621
3 1499 5762 4577
3 2877 5801 3764
3 624 6460 3843
3 4219 6518 331
3 1036 6191 5167
3 4303 7101 1963
3 966 6391 4021
3 3833 6332 2308
3 814 6381 4899
3 4410 7152 2141
3 4225 5646 2763
3 75 6027 2
3 4242 6800 1955
3 80 6041 81
3 4053 7038 1962
3 4614 5450 821
3 5808 6742 65
3 2413 5994 5599
3 4901 6985 1119
3 4213 5975 103
3 214 6039 3995
3 4322 5930 948
3 3682 6899 1168
3 5018 5361 1967
3 1222 7525 3697
3 6214 7275 817
3 4411 6792 227
3 1212 7692 4296
3 4021 6391 1745
3 6901 6955 927
3 1960 5955 5643
3 4045 7340 1413
3 1455 6657 3807
3 412 6949 4049
3 2370 6920 5868
3 1375 6157 4583
3 2213 7434 6180
3 848 5936 5643
3 4180 6973 233
3 3584 7769 1206
3 410 5291 4735
3 210 7096 209
3 1887 5975 4213
3 2285 6311 4029
3 3766 6178 1819
3 1934 5869 4701
3 4876 7022 1574
3 624 7544 3725
3 4369 5816 2073
3 4030 6131 2055
3 1674 5797 4088
3 1231 7020 4315
3 4411 5731 1523
3 426 6741 4097
3 572 5369 4582
3 7299 7753 1701
3 4409 5745 356
3 5439 6174 2237
3 1330 5820 4242
3 356 6466 4409
3 5018 7465 1822
3 5055 5207 1873
3 985 7721 3769
3 2309 7157 3886
3 1900 7590 4186
3 2140 7340 4045
3 3893 6885 376
3 3005 7259 4491
3 2507 6686 4641
3 5439 5804 1863
3 6594 7224 2425
3 2234 5869 5783
3 73 7204 5878
3 1822 5361 5018
3 82 7218 5866
3 4110 7277 1325
3 4266 7202 1727
3 2074 6503 4187
3 5878 7212 74
3 4222 7746 1741
3 3903 6472 2036
3 6466 6794 2732
3 63 6393 64
3 4705 7697 2079
3 6403 7501 2448
3 4239 5861 1736
3 914 6355 3978
3 1514 5676 4438
3 4503 5459 2556
3 3734 7415 6569
3 2386 6229 5777
3 472 5207 5055
3 3254 7224 6594
3 3734 6569 1659
3 272 6421 3997
3 3861 7590 1900
3 2506 7721 4273
3 2415 6910 6333
3 631 6662 4111
3 4202 6846 783
3 349 7101 4303
3 1152 7025 6883
3 455 7434 4253
3 4442 6174 789
3 352 6298 4684
3 1538 5194 4645
3 4614 5762 1499
3 4701 5869 847
3 207 7087 206
3 5027 6903 745
3 1381 5816 4369
3 4029 6908 935
3 529 7738 4071
3 4380 7689 3048
3 2946 7311 7104
3 4181 7412 1009
3 373 6645 4177
3 75 7212 6027
3 1977 6518 4219
3 5588 6401 2192
3 852 7038 4053
3 4410 5717 965
3 233 6973 232
3 5167 6191 2281
3 4568 6623 1548
3 6041 7218 81
3 1520 6887 4000
3 1005 6779 5183
3 2049 6812 6084
3 1727 7216 4266
3 4320 6076 1962
3 4253 7434 2213
3 4301 5677 1544
3 3948 6176 529
3 965 7152 4410
3 4213 6490 1887
3 689 7518 3646
3 4638 5753 1084
3 112 6584 113
3 5114 7753 816
3 5287 7687 318
3 1838 5450 4614
3 4371 5594 1675
3 4309 6474 903
3 2516 7415 3734
3 1924 7118 6042
3 222 7225 221
3 586 6635 5885
3 6826 7693 629
3 110 6607 111
3 2079 5867 4705
3 660 6503 5899
3 5038 5835 1963
3 213 7549 212
3 4647 5067 412
3 847 5528 4701
3 2343 6135 5139
3 5715 6850 1060
3 4202 7257 1091
3 4342 6021 1627
3 1561 6384 4276
3 4365 6094 353
3 1832 7206 4315
3 98 6617 99
3 4301 6472 813
3 5018 5438 319
3 4041 7518 689
3 4195 7382 1400
3 65 6742 66
3 1500 7744 5697
3 4062 6968 632
3 5783 5869 1934
3 4641 6686 2786
3 630 7194 3769
3 4824 7178 3396
3 2103 6623 4568
3 4734 5580 1827
3 105 6712 106
3 921 6700 4554
3 3783 7494 1261
3 4552 7676 2613
3 566 6021 4342
3 774 6800 4242
3 4210 6678 1059
3 2383 6574 3922
3 2759 5753 4638
3 90 6781 91
3 7104 7311 565
3 292 6867 6825
3 878 7282 5473
3 76 6598 4216
3 4387 6157 1375
3 488 6980 6254
3 4222 6616 79
3 2002 6907 5526
3 5761 6438 2265
3 77 6886 78
3 4684 6298 2428
3 6227 7413 2343
3 5263 5288 1931
3 4867 7128 2811
3 4659 6846 1751
3 6084 6812 2798
3 6073 6503 2074
3 5808 6393 2920
3 2599 6073 4737
3 4509 6222 1530
3 2116 7257 4202
3 4475 6675 2397
3 4577 5762 2081
3 5200 7549 2497
3 4419 5813 1972
3 782 6203 6068
3 4119 7494 1979
3 1692 6070 4164
3 4583 6157 1990
3 5263 5452 1775
3 878 7633 7282
3 5907 6137 1750
3 1786 6401 5588
3 4958 5583 1720
3 3913 6547 1412
3 4087 6567 477
3 4296 7692 2388
3 7252 7268 1913
3 3988 7418 2696
3 1724 5801 5005
3 2786 6617 4641
3 848 5955 4597
3 6230 6580 1990
3 927 6458 6071
3 5130 7260 816
3 3917 6884 739
3 4888 5643 1882
3 5698 6021 566
3 72 7204 73
3 2524 6580 6230
3 74 7212 75
3 81 7218 82
3 4701 5528 1920
3 1827 5863 4456
3 4583 6580 312
3 4565 7622 2471
3 1941 6474 4309
3 69 7298 70
3 1390 7229 6213
3 4377 6524 1640
3 5867 6209 875
3 3961 6623 2103
3 321 7283 3727
3 4315 7020 1832
3 1170 6533 4159
3 4839 7268 1594
3 5885 6635 2695
3 1152 6883 4206
3 2675 6850 5715
3 3630 7744 5740
3 2265 6438 4453
3 2334 7507 5563
3 6569 7415 1150
3 488 6278 5654
3 525 6663 5053
3 5183 6779 2448
3 1967 5438 5018
3 2234 6595 4013
3 3679 7443 1202
3 5207 5795 1873
3 3339 6675 4475
3 5740 7744 1500
3 4672 5781 1663
3 1206 7769 4715
3 4129 6560 2796
3 6254 6980 2549
3 354 7400 4779
3 823 7495 6122
3 67 7736 68
3 2237 5804 5439
3 4817 5868 443
3 2052 6398 4294
3 1324 7202 4266
3 898 6135 5968
3 1883 5868 4817
3 4828 5780 3107
3 4701 6346 1934
3 109 7622 3
3 4409 6133 1646
3 1563 7355 4570
3 5936 6697 1868
3 1882 6575 4888
3 5074 6000 1920
3 2036 6300 5647
3 5029 5732 674
3 4019 6348 553
3 5561 6686 2507
3 4071 7738 2279
3 2969 6968 5195
3 980 6686 5561
3 492 6188 4246
3 2086 6174 4442
3 6166 6500 2361
3 2947 7544 5110
3 4737 6073 419
3 312 6332 4583
3 2569 5745 4951
3 96 7699 97
3 794 6346 5830
3 873 7676 4552
3 2118 6799 5056
3 6800 7697 4705
3 5053 6663 1380
3 5200 6770 211
3 2593 6764 6560
3 2148 6062 5642
3 1854 7724 4779
3 2377 6209 5867
3 4595 6292 2670
3 212 7549 5200
3 6214 6227 2343
3 4453 6438 2949
3 6379 7317 2127
3 6213 7229 3009
3 1585 7654 5691
3 1920 6000 5830
3 531 7128 4276
3 2068 5835 5038
3 443 6049 4817
3 6825 6867 3258
3 2249 6463 4442
3 4053 7342 852
3 4646 5936 1868
3 2141 6942 4410
3 2290 6697 4294
3 1832 6767 4584
3 2588 7260 5130
3 3586 7022 4876
3 1953 5732 5029
3 5326 6749 1953
3 4577 6642 565
3 1455 7136 4900
3 6071 6458 2740
3 2184 6801 5719
3 5253 6049 2290
3 615 7325 4394
3 2086 6435 6174
3 4428 6262 2265
3 2599 6503 6073
3 4798 6068 1680
3 346 7418 6702
3 4443 6866 2544
3 5795 6131 837
3 927 6955 5804
3 4680 5994 1856
3 5067 7268 2876
3 4779 6042 1854
3 7037 7384 2167
3 5459 7729 2556
3 5571 6700 2609
3 4409 6466 2134
3 1136 6438 5761
3 356 6847 4743
3 2014 6792 4411
3 4464 7443 1763
3 4266 7216 590
3 1261 7494 4119
3 3649 7242 5041
3 5830 6000 2260
3 4537 6453 3258
3 1324 6292 4595
3 5968 6135 2442
3 2340 7300 6526
3 2340 6526 5654
3 1731 6816 4540
3 5469 6999 1543
3 2260 6000 5756
3 1594 7268 5067
3 6333 6910 2133
3 5056 6799 797
3 1070 7532 7287
3 5538 5594 620
3 4453 7697 774
3 1591 6794 4743
3 2357 7317 6379
3 2583 7183 5929
3 1516 6460 4446
3 1990 6580 4583
3 5899 6503 2599
3 5654 6278 2340
3 6055 7746 832
3 4716 6215 2409
3 832 6443 4716
3 455 6000 5074
3 837 6986 5673
3 5139 6104 1967
3 4652 6971 1875
3 5161 6594 834
3 2740 7532 6071
3 7252 7621 1027
3 7110 7178 2996
3 2068 7492 5835
3 4554 6700 1731
3 4195 7259 1596
3 6779 7300 2442
3 1931 5452 5263
3 4912 7311 2946
3 5948 6049 443
3 1941 6527 6474
3 5082 6708 312
3 4705 6620 1955
3 2085 6678 4210
3 2081 6642 4577
3 590 7216 6080
3 443 6920 5580
3 706 5994 4680
3 1934 6346 5106
3 3005 7095 7028
3 2356 6955 6901
3 5737 6675 1626
3 1874 7130 4548
3 4955 7558 3101
3 2055 6227 6214
3 4716 6443 2032
3 2095 6500 6166
3 1873 5996 5055
3 7028 7095 2135
3 634 6874 4518
3 5592 7235 1805
3 5601 5902 3068
3 5528 6166 2361
3 4578 7363 1365
3 875 6620 4705
3 5643 5955 848
3 2044 5809 5169
3 5756 6000 455
3 5005 5801 990
3 4685 6899 3682
3 4540 6816 298
3 4786 6664 1292
3 5929 7183 936
3 5105 7033 1612
3 5055 6403 472
3 1500 7421 5740
3 1698 5902 5601
3 5580 5948 443
3 2279 7621 4071
3 2658 7495 6217
3 5041 7242 2510
3 4177 7318 2188
3 898 6104 5139
3 4744 5809 696
3 4584 6767 1543
3 2290 6049 5948
3 3013 7477 4963
3 4740 7749 5571
3 5867 6653 2377
3 874 6500 5996
3 4998 6990 1979
3 5054 5647 685
3 6122 7495 2181
3 2721 5594 5538
3 782 6068 4798
3 4495 7347 1835
3 4743 6794 356
3 622 6971 4652
3 804 6720 5737
3 783 6846 4659
3 4888 6575 442
3 3270 7728 6241
3 1805 6254 5826
3 70 7298 5544
3 5535 5884 623
3 5014 5799 1714
3 2361 6500 6180
3 2343 7413 6135
3 905 6453 4537
3 1075 7178 7110
3 2406 6547 4377
3 6560 6764 533
3 5340 6555 2040
3 2349 6021 5698
3 2767 7640 4552
3 5887 7396 1538
3 5642 6062 821
3 1980 6770 5200
3 282 7053 4629
3 403 7605 4393
3 6104 6910 2415
3 1955 6800 4705
3 5662 6062 2148
3 5193 7085 2471
3 1366 7453 4865
3 2095 6403 5055
3 5327 7554 1551
3 5375 6903 2968
3 5719 6180 874
3 778 7034 5452
3 4821 6271 1856
3 676 6822 4438
3 4743 6847 1550
3 1731 6700 5571
3 472 6227 5207
3 6180 6500 874
3 2349 6590 4859
3 2397 6675 5737
3 1656 7747 5235
3 2060 7183 6011
3 5740 7421 2701
3 1832 7020 6767
3 789 6174 5439
3 4597 6844 2052
3 3627 7152 5357
3 6080 7216 2803
3 1805 7235 6254
3 1967 7275 5139
3 4963 7477 1104
3 6217 7495 823
3 2184 7510 7109
3 494 7729 5459
3 223 7362 4543
3 2081 6062 5662
3 5218 6681 852
3 4582 7386 572
3 2996 7178 4824
3 5207 6227 2055
3 1663 6334 5262
3 1202 7079 4631
3 4744 7170 1311
3 5106 6346 794
3 4761 7038 852
3 4792 7605 403
3 847 6166 5528
3 5030 6662 3184
3 6249 6895 2773
3 2213 6180 5719
3 5886 6015 2177
3 4779 7724 354
3 6166 7501 2095
3 2442 7300 5968
3 1745 6391 5832
3 2471 7085 4565
3 5186 7053 282
3 6857 7566 2754
3 5361 7275 1967
3 2103 7388 5807
3 5899 7492 2068
3 5826 6254 2549
3 875 7513 4789
3 2017 6999 5469
3 5394 6874 2895
3 2941 7558 4955
3 6409 7183 2060
3 2593 7768 6502
3 6535 7620 2249
3 3095 7363 4735
3 430 6555 5340
3 5357 7152 965
3 2133 7676 6333
3 4900 7136 2596
3 5218 7342 2785
3 2171 7071 4997
3 2046 6899 4685
3 1696 6704 5151
3 992 7685 5662
3 6767 6827 1543
3 1723 7607 6050
3 3327 7421 5357
3 753 7558 6075
3 298 7638 4540
3 5563 7507 739
3 5654 6980 488
3 498 7689 4567
3 884 6895 6249
3 1976 6980 5654
3 6502 7768 2819
3 5968 6589 898
3 4393 7605 2183
3 274 6595 5783
3 2198 7554 5327
3 852 7342 5218
3 4552 7640 873
3 1963 7101 4917
3 4789 7513 3268
3 1883 6986 5868
3 4715 7769 1879
3 5737 6720 2397
3 68 7736 6136
3 5262 6334 2115
3 5323 7566 2129
3 2285 7407 6754
3 778 6990 4998
3 7109 7510 2696
3 5730 6311 281
3 2883 6657 5381
3 1614 6903 5027
3 5381 6657 1455
3 2040 6555 6356
3 2732 7072 6466
3 5498 6511 661
3 2866 7424 6799
3 5158 6883 3217
3 319 7465 5018
3 6799 7424 797
3 5418 6754 2829
3 6401 7132 2192
3 956 7085 5193
3 5069 7370 1008
3 1875 6971 6516
3 4779 7400 1924
3 2185 6015 5886
3 5673 6986 1883
3 504 7302 4806
3 2863 7716 6671
3 2609 7396 5887
3 5783 6595 2234
3 2129 7566 6857
3 1066 6754 5418
3 5288 6708 1931
3 3216 7382 5890
3 4973 7728 1497
3 5654 6526 1976
3 2737 6524 5658
3 6044 7693 2209
3 5938 6980 1976
3 2133 6589 6278
3 472 7413 6227
3 5832 6391 3208
3 2024 6707 5104
3 804 6869 6720
3 2135 7370 5069
3 5804 6458 927
3 4859 6590 835
3 6754 7407 2829
3 5498 7277 2172
3 4496 7157 292
3 990 7130 5974
3 5547 6663 2586
3 5435 7072 888
3 504 7566 5323
3 2032 6443 6353
3 1972 7470 6191
3 1551 7554 5078
3 6867 7157 2309
3 5021 7654 3004
3 1960 7513 6209
3 2891 6827 6767
3 1953 6692 5732
3 2202 7728 4973
3 2353 7299 7188
3 2667 6908 5068
3 5357 7421 1500
3 6720 6869 2631
3 6511 6823 2958
3 1913 7268 4839
3 318 7687 5108
3 5713 7419 2191
3 2172 6511 5498
3 998 7637 7318
3 1027 7384 4987
3 1005 7300 6779
3 5647 6300 685
3 5697 7744 2186
3 6526 7300 1005
3 5526 6907 1149
3 739 6884 5563
3 1868 6697 5948
3 897 7654 5021
3 5452 7034 1775
3 2127 7317 6071
3 6278 6589 2340
3 3005 7028 5970
3 5580 6920 1827
3 6272 6559 2130
3 2340 6589 5968
3 2134 7072 5435
3 7159 7504 2954
3 4806 7453 1366
3 6767 7020 2891
3 5563 6884 2186
3 5719 6801 2213
3 6097 7709 3529
3 6272 7248 2643
3 5253 7299 1701
3 5719 7510 2184
3 5069 7104 2951
3 2759 7749 4740
3 6011 7525 1222
3 6458 7577 2740
3 3464 7582 5526
3 5074 7434 455
3 2079 6653 5867
3 6589 6910 898
3 1701 7753 5114
3 5368 7504 2224
3 105 6713 6712
3 6162 6799 2118
3 2237 6458 5804
3 739 7507 5336
3 2643 6559 6272
3 6516 6971 3307
3 1075 7504 5368
3 5641 6955 2356
3 2549 6980 5938
3 6136 7736 2922
3 5868 6986 2370
3 6075 7558 2941
3 6353 6443 2889
3 1734 7709 6097
3 5683 7071 2171
3 2171 7607 5683
3 697 7071 5683
3 6466 7072 2134
3 2192 7132 6868
3 2866 6799 6162
3 5804 6955 1863
3 5473 7282 2261
3 5355 6825 2007
3 2224 7504 7159
3 5974 7130 1874
3 817 7275 5361
3 5948 6697 2290
3 498 7248 6272
3 950 7132 6401
3 6209 7513 875
3 5691 7654 897
3 6356 6555 2522
3 5553 6985 2041
3 2349 7271 6590
3 6254 7235 488
3 5835 7492 1095
3 7282 7633 2428
3 5683 7607 1723
3 6859 7118 3620
3 5566 7716 1239
3 5970 7028 992
3 1863 6955 5641
3 6389 7110 2996
3 2448 6780 6403
3 2172 6823 6511
3 874 7510 5719
3 2613 7235 5592
3 2583 7525 6011
3 2133 6910 6589
3 5968 7300 2340
3 6868 7132 2512
3 5871 7325 3211
3 2209 7693 6722
3 2241 6869 5907
3 274 6866 6009
3 898 6910 6104
3 5717 7475 965
3 814 7479 5637
3 6011 7183 2583
3 5907 6869 804
3 468 7419 5713
3 6045 7386 2328
3 2115 7110 6389
3 7188 7248 2353
3 2442 6780 6779
3 5662 7685 2081
3 6403 6780 472
3 2643 7248 7188
3 629 7693 6044
3 1741 7746 6055
3 6575 6941 442
3 2327 7716 5566
3 873 7640 5742
3 2345 6941 6575
3 2696 7418 7109
3 6071 7532 2127
3 5427 7637 2308
3 6590 7271 2452
3 290 7620 5754
3 6071 7317 927
3 6779 6780 2448
3 2599 7492 5899
3 6135 7413 2442
3 2261 7282 6298
3 6435 7577 2237
3 5813 7211 1972
3 847 7501 6166
3 7302 7453 4806
3 6229 7709 1734
3 2356 6901 6601
3 6042 7118 885
3 2442 7413 6780
3 7109 7418 346
3 6601 6901 2357
3 6816 7749 2759
3 6241 7728 2202
3 6712 6713 2782
3 6333 7676 873
3 1731 7749 6816
3 885 7118 6859
3 936 7183 6409
3 6298 7282 2428
3 5571 7749 1731
3 6191 7470 2281
3 292 7157 6867
3 72 7276 7204
3 7287 7550 1070
3 7224 7225 2425
3 6157 7562 1990
3 2386 7709 6229
3 6642 7685 2951
3 6901 7317 2357
3 2237 7577 6458
3 6780 7413 472
3 503 7577 6435
3 221 7225 7224
3 927 7317 6901
3 2081 7685 6642
3 6722 7693 3243
3 1202 7427 7079
3 2799 7550 7287
3 6671 7716 2327
3 2181 7453 7302
3 774 7697 6800
3 7079 7427 2752
3 7204 7276 2878
3 2556 7729 7466
3 7466 7729 2715
CELL_TYPES 3820
5
5
5
5
5
5
5
5
5
5
5
5
5
5
5
5
5
5
5
5
5
5
5
5
5
5
5
5
5
5
5
5
5
5
5
5
5
5
5
5
5
5
5
5
5
5
5
5
5
5
5
5
5
5
5
5
5
5
5
5
5
5
5
5
5
5
5
5
5
5
5
5
5
5
5
5
5
5
5
5
5
5
5
5
5
5
5
5
5
5
5
5
5
5
5
5
5
5
5
5
5
5
5
5
5
5
5
5
5
5
5
5
5
5
5
5
5
5
5
5
5
5
5
5
5
5
5
5
5
5
5
5
5
5
5
5
5
5
5
5
5
5
5
5
5
5
5
5
5
5
5
5
5
5
5
5
5
5
5
5
5
5
5
5
5
5
5
5
5
5
5
5
5
5
5
5
5
5
5
5
5
5
5
5
5
5
5
5
5
5
5
5
5
5
5
5
5
5
5
5
5
5
5
5
5
5
5
5
5
5
5
5
5
5
5
5
5
5
5
5
5
5
5
5
5
5
5
5
5
5
5
5
5
5
5
5
5
5
5
5
5
5
5
5
5
5
5
5
5
5
5
5
5
5
5
5
5
5
5
5
5
5
5
5
5
5
5
5
5
5
5
5
5
5
5
5
5
5
5
5
5
5
5
5
5
5
5
5
5
5
5
5
5
5
5
5
5
5
5
5
5
5
5
5
5
5
5
5
5
5
5
5
5
5
5
5
5
5
5
5
5
5
5
5
5
5
5
5
5
5
5
5
5
5
5
5
5
5
5
5
5
5
5
5
5
5
5
5
5
5
5
5
5
5
5
5
5
5
5
5
5
5
5
5
5
5
5
5
5
5
5
5
5
5
5
5
5
5
5
5
5
5
5
5
5
5
5
5
5
5
5
5
5
5
5
5
5
5
5
5
5
5
5
5
5
5
5
5
5
5
5
5
5
5
5
5
5
5
5
5
5
5
5
5
5
5
5
5
5
5
5
5
5
5
5
5
5
5
5
5
5
5
5
5
5
5
5
5
5
5
5
5
5
5
5
5
5
5
5
5
5
5
5
5
5
5
5
5
5
5
5
5
5
5
5
5
5
5
5
5
5
5
5
5
5
5
5
5
5
5
5
5
5
5
5
5
5
5
5
5
5
5
5
5
5
5
5
5
5
5
5
5
5
5
5
5
5
5
5
5
5
5
5
5
5
5
5
5
5
5
5
5
5
5
5
5
5
5
5
5
5
5
5
5
5
5
5
5
5
5
5
5
5
5
5
5
5
5
5
5
5
5
5
5
5
5
5
5
5
5
5
5
5
5
5
5
5
5
5
5
5
5
5
5
5
5
5
5
5
5
5
5
5
5
5
5
5
5
5
5
5
5
5
5
5
5
5
5
5
5
5
5
5
5
5
5
5
5
5
5
5
5
5
5
5
5
5
5
5
5
5
5
5
5
5
5
5
5
5
5
5
5
5
5
5
5
5
5
5
5
5
5
5
5
5
5
5
5
5
5
5
5
5
5
5
5
5
5
5
5
5
5
5
5
5
5
5
5
5
5
5
5
5
5
5
5
5
5
5
5
5
5
5
5
5
5
5
5
5
5
5
5
5
5
5
5
5
5
5
5
5
5
5
5
5
5
5
5
5
5
5
5
5
5
5
5
5
5
5
5
5
5
5
5
5
5
5
5
5
5
5
5
5
5
5
5
5
5
5
5
5
5
5
5
5
5
5
5
5
5
5
5
5
5
5
5
5
5
5
5
5
5
5
5
5
5
5
5
5
5
5
5
5
5
5
5
5
5
5
5
5
5
5
5
5
5
5
5
5
5
5
5
5
5
5
5
5
5
5
5
5
5
5
5
5
5
5
5
5
5
5
5
5
5
5
5
5
5
5
5
5
5
5
5
5
5
5
5
5
5
5
5
5
5
5
5
5
5
5
5
5
5
5
5
5
5
5
5
5
5
5
5
5
5
5
5
5
5
5
5
5
5
5
5
5
5
5
5
5
5
5
5
5
5
5
5
5
5
5
5
5
5
5
5
5
5
5
5
5
5
5
5
5
5
5
5
5
5
5
5
5
5
5
5
5
5
5
5
5
5
5
5
5
5
5
5
5
5
5
5
5
5
5
5
5
5
5
5
5
5
5
5
5
5
5
5
5
5
5
5
5
5
5
5
5
5
5
5
5
5
5
5
5
5
5
5
5
5
5
5
5
5
5
5
5
5
5
5
5
5
5
5
5
5
5
5
5
5
5
5
5
5
5
5
5
5
5
5
5
5
5
5
5
5
5
5
5
5
5
5
5
5
5
5
5
5
5
5
5
5
5
5
5
5
5
5
5
5
5
5
5
5
5
5
5
5
5
5
5
5
5
5
5
5
5
5
5
5
5
5
5
5
5
5
5
5
5
5
5
5
5
5
5
5
5
5
5
5
5
5
5
5
5
5
5
5
5
5
5
5
5
5
5
5
5
5
5
5
5
5
5
5
5
5
5
5
5
5
5
5
5
5
5
5
5
5
5
5
5
5
5
5
5
5
5
5
5
5
5
5
5
5
5
5
5
5
5
5
5
5
5
5
5
5
5
5
5
5
5
5
5
5
5
5
5
5
5
5
5
5
5
5
5
5
5
5
5
5
5
5
5
5
5
5
5
5
5
5
5
5
5
5
5
5
5
5
5
5
5
5
5
5
5
5
5
5
5
5
5
5
5
5
5
5
5
5
5
5
5
5
5
5
5
5
5
5
5
5
5
5
5
5
5
5
5
5
5
5
5
5
5
5
5
5
5
5
5
5
5
5
5
5
5
5
5
5
5
5
5
5
5
5
5
5
5
5
5
5
5
5
5
5
5
5
5
5
5
5
5
5
5
5
5
5
5
5
5
5
5
5
5
5
5
5
5
5
5
5
5
5
5
5
5
5
5
5
5
5
5
5
5
5
5
5
5
5
5
5
5
5
5
5
5
5
5
5
5
5
5
5
5
5
5
5
5
5
5
5
5
5
5
5
5
5
5
5
5
5
5
5
5
5
5
5
5
5
5
5
5
5
5
5
5
5
5
5
5
5
5
5
5
5
5
5
5
5
5
5
5
5
5
5
5
5
5
5
5
5
5
5
5
5
5
5
5
5
5
5
5
5
5
5
5
5
5
5
5
5
5
5
5
5
5
5
5
5
5
5
5
5
5
5
5
5
5
5
5
5
5
5
5
5
5
5
5
5
5
5
5
5
5
5
5
5
5
5
5
5
5
5
5
5
5
5
5
5
5
5
5
5
5
5
5
5
5
5
5
5
5
5
5
5
5
5
5
5
5
5
5
5
5
5
5
5
5
5
5
5
5
5
5
5
5
5
5
5
5
5
5
5
5
5
5
5
5
5
5
5
5
5
5
5
5
5
5
5
5
5
5
5
5
5
5
5
5
5
5
5
5
5
5
5
5
5
5
5
5
5
5
5
5
5
5
5
5
5
5
5
5
5
5
5
5
5
5
5
5
5
5
5
5
5
5
5
5
5
5
5
5
5
5
5
5
5
5
5
5
5
5
5
5
5
5
5
5
5
5
5
5
5
5
5
5
5
5
5
5
5
5
5
5
5
5
5
5
5
5
5
5
5
5
5
5
5
5
5
5
5
5
5
5
5
5
5
5
5
5
5
5
5
5
5
5
5
5
5
5
5
5
5
5
5
5
5
5
5
5
5
5
5
5
5
5
5
5
5
5
5
5
5
5
5
5
5
5
5
5
5
5
5
5
5
5
5
5
5
5
5
5
5
5
5
5
5
5
5
5
5
5
5
5
5
5
5
5
5
5
5
5
5
5
5
5
5
5
5
5
5
5
5
5
5
5
5
5
5
5
5
5
5
5
5
5
5
5
5
5
5
5
5
5
5
5
5
5
5
5
5
5
5
5
5
5
5
5
5
5
5
5
5
5
5
5
5
5
5
5
5
5
5
5
5
5
5
5
5
5
5
5
5
5
5
5
5
5
5
5
5
5
5
5
5
5
5
5
5
5
5
5
5
5
5
5
5
5
5
5
5
5
5
5
5
5
5
5
5
5
5
5
5
5
5
5
5
5
5
5
5
5
5
5
5
5
5
5
5
5
5
5
5
5
5
5
5
5
5
5
5
5
5
5
5
5
5
5
5
5
5
5
5
5
5
5
5
5
5
5
5
5
5
5
5
5
5
5
5
5
5
5
5
5
5
5
5
5
5
5
5
5
5
5
5
5
5
5
5
5
5
5
5
5
5
5
5
5
5
5
5
5
5
5
5
5
5
5
5
5
5
5
5
5
5
5
5
5
5
5
5
5
5
5
5
5
5
5
5
5
5
5
5
5
5
5
5
5
5
5
5
5
5
5
5
5
5
5
5
5
5
5
5
5
5
5
5
5
5
5
5
5
5
5
5
5
5
5
5
5
5
5
5
5
5
5
5
5
5
5
5
5
5
5
5
5
5
5
5
5
5
5
5
5
5
5
5
5
5
5
5
5
5
5
5
5
5
5
5
5
5
5
5
5
5
5
5
5
5
5
5
5
5
5
5
5
5
5
5
5
5
5
5
5
5
5
5
5
5
5
5
5
5
5
5
5
5
5
5
5
5
5
5
5
5
5
5
5
5
5
5
5
5
5
5
5
5
5
5
5
5
5
5
5
5
5
5
5
5
5
5
5
5
5
5
5
5
5
5
5
5
5
5
5
5
5
5
5
5
5
5
5
5
5
5
5
5
5
5
5
5
5
5
5
5
5
5
5
5
5
5
5
5
5
5
5
5
5
5
5
5
5
5
5
5
5
5
5
5
5
5
5
5
5
5
5
5
5
5
5
5
5
5
5
5
5
5
5
5
5
5
5
5
5
5
5
5
5
5
5
5
5
5
5
5
5
5
5
5
5
5
5
5
5
5
5
5
5
5
5
5
5
5
5
5
5
5
5
5
5
5
5
5
5
5
5
5
5
5
5
5
5
5
5
5
5
5
5
5
5
5
5
5
5
5
5
5
5
5
5
5
5
5
5
5
5
5
5
5
5
5
5
5
5
5
5
5
5
5
5
5
5
5
5
5
5
5
5
5
5
5
5
5
5
5
5
5
5
5
5
5
5
5
5
5
5
5
5
5
5
5
5
5
5
5
5
5
5
5
5
5
5
5
5
5
5
5
5
5
5
5
5
5
5
5
5
5
5
5
5
5
5
5
5
5
5
5
5
5
5
5
5
5
5
5
5
5
5
5
5
5
5
5
5
5
5
5
5
5
5
5
5
5
5
5
5
5
5
5
5
5
5
5
5
5
5
5
5
5
5
5
5
5
5
5
5
5
5
5
5
5
5
5
5
5
5
5
5
5
5
5
5
5
5
5
5
5
5
5
5
5
5
5
5
5
5
5
5
5
5
5
5
5
5
5
5
5
5
5
5
5
5
5
5
5
5
5
5
5
5
5
5
5
5
5
5
5
5
5
5
5
5
5
5
5
5
5
5
5
5
5
5
5
5
5
5
5
5
5
5
5
5
5
5
5
5
5
5
5
5
5
5
5
5
5
5
5
5
5
5
5
5
5
5
5
5
5
5
5
5
5
5
5
5
5
5
5
5
5
5
5
5
5
5
5
5
5
5
5
5
5
5
5
5
5
5
5
5
5
5
5
5
5
5
5
5
5
5
5
5
5
5
5
5
5
5
5
5
5
5
5
5
5
5
5
5
5
5
5
5
5
5
5
5
5
5
5
5
5
5
5
5
5
5
5
5
5
5
5
5
5
5
5
5
5
5
5
5
5
5
5
5
5
5
5
5
5
5
5
5
5
5
5
5
5
5
5
5
5
5
5
5
5
5
5
5
5
5
5
5
5
5
5
5
5
5
5
5
5
5
5
5
5
5
5
5
5
5
5
5
5
5
5
5
5
5
5
5
5
5
5
5
5
5
5
5
5
5
5
5
5
5
5
5
5
5
5
5
5
5
5
5
5
5
5
5
5
5
5
5
5
5
5
5
5
5
5
5
5
5
5
5
5
5
5
5
5
5
5
5
5
5
5
5
5
5
5
5
5
5
5
5
5
5
5
5
5
5
5
5
5
5
5
5
5
5
5
5
5
5
5
5
5
5
5
5
5
5
5
5
5
5
5
5
5
5
5
5
5
5
5
5
5
5
5
5
5
5
5
5
5
5
5
5
5
5
5
5
5
5
5
5
5
5
5
5
5
5
5
5
5
5
5
5
5
5
5
5
5
5
5
5
5
5
5
5
5
5
5
5
5
5
5
5
5
5
5
5
5
5
5
5
5
5
5
5
5
5
5
5
5
5
5
5
5
5
5
5
5
5
5
5
5
5
5
5
5
5
5
5
5
5
5
5
5
5
5
5
5
5
5
5
5
5
5
5
5
5
5
5
5
5
5
5
5
5
5
5
5
5
5
5
5
5
5
5
5
5
5
5
5
5
5
5
5
5
5
5
5
5
5
5
5
5
5
5
5
5
5
5
5
5
5
5
5
5
5
5
5
5
5
5
5
5
5
5
5
5
5
5
5
5
5
5
5
5
5
5
5
5
5
5
5
5
5
5
5
5
5
5
5
5
5
5
5
5
5
5
5
5
5
5
5
5
5
5
5
5
5
5
5
5
5
5
5
5
5
5
5
5
5
5
5
5
5
5
5
5
5
5
5
5
5
5
5
5
5
5
5
5
5
5
5
5
5
5
5
5
5
5
5
5
5
5
5
5
5
5
5
5
5
5
5
5
5
5
5
5
5
5
5
5
5
5
5
5
5
5
5
5
5
5
5
5
5
5
5
5
5
5
5
5
5
5
5
5
5
5
5
5
5
5
5
5
5
5
5
5
5
5
5
5
5
5
5
5
5
5
5
5
5
5
5
5
5
5
5
5
5
5
5
5
5
5
5
5
5
5
5
5
5
5
5
5
5
5
5
5
5
5
5
5
5
5
5
5
5
5
5
5
5
5
5
5
5
5
5
5
5
5
5
5
5
5
5
5
5
5
5
5
5
5
5
5
5
5
5
5
5
5
5
5
5
5
5
5
5
5
5
5
5
5
5
5
5
5
5
5
5
5
5
5
5
5
5
5
5
5
5
5
5
5
5
5
5
5
5
5
5
5
5
5
5
5
5
5
5
5
5
5
5
5
5
5
5
5
5
5
5
5
5
5
5
5
5
5
5
5
5
5
5
5
5
5
5
5
5
5
5
5
5
5
5
5
5
5
5
5
5
5
5
5
5
5
5
5
5
5
5
5
5
5
5
5
5
5
5
5
5
5
5
5
5
5
5
5
5
5
5
5
5
5
5
5
5
5
5
5
5
5
5
5
5
5
5
5
5
5
5
5
5
5
5
5
5
5
5
5
5
5
5
5
5
5
5
5
5
5
5
5
5
5
5
5
5
5
5
5
5
5
5
5
5
5
5
5
5
5
5
5
5
5
5
5
5
5
5
5
5
5
5
5
5
5
5
5
5
5
5
5
5
5
5
5
5
5
5
5
5
5
5
5
5
5
5
5
5
5
5
5
5
5
5
5
5
5
5
5
5
5
5
5
5
5
5
5
5
5
5
5
5
5
5
5
5
5
5
5
5
5
5
5
5
5
5
5
5
5
5
5
5
5
5
5
5
5
5
5
5
5
5
5
5
5
5
5
5
5
5
5
5
5
5
5
5
5
5
5
5
5
5
5
5
5
5
5
5
5
5
5
5
5
5
5
5
5
5
5
5
5
5
5
5
5
5
5
5
5
5
5
5
5
5
5
5
5
5
5
5
5
5
5
5
5
5
5
5
5
5
5
5
5
5
5
5
5
5
5
5
5
5
5
5
5
5
5
5
5
5
5
5
5
5
5
5
5
5
5
5
5
5
5
5
5
5
5
5
5
5
5
5
5
5
5
5
5
5
5
5
5
5
5
5
5
5
5
5
5
5
5
5
5
5
5
5
5
5
5
5
5
5
5
5
5
5
5
5
5
5
5
5
5
5
5
5
5
5
5
5
5
5
5
5
5
5
5
5
5
5
5
5
5
5
5
5
5
5
5
5
5
5
5
5
5
5
5
5
5
5
5
5
5
5
5
5
5
5
5
5
5
5
5
5
5
5
5
5
5
5
5
5
5
5
5
5
5
5
5
5
5
5
5
5
5
5
5
5
5
5
5
5
5
5
5
5
5
5
5
5
5
5
5
5
5
5
5
5
5
5
5
5
5
5
5
5
5
5
5
5
5
5
5
5
5
5
5
5
5
5
5
5
5
5
5
5
5
5
5
5
5
5
5
5
5
5
5
5
5
5
5
5
5
5
5
5
5
5
5
5
5
5
5
5
5
5
5
5
5
5
5
5
5
5
5
5
5
5
5
5
5
5
5
5
5
5
5
5
5
5
5
5
5
5
5
5
5
5
5
5
5
5
5
5
5
5
5
5
5
5
5
5
5
5
5
5
5
5
5
5
5
5
5
5
5
5
5
5
5
5
5
5
5
5
5
5
5
5
5
5
5
5
5
5
5
5
5
5
5
5
5
5
5
5
5
5
5
5
5
5
5
5
5
5
5
5
5
5
5
5
5
5
5
5
5
5
5
5
5
5
5
5
5
5
5
5
5
5
5
5
5
5
5
5
5
5
5
5
5
5
5
5
5
5
5
5
5
5
5
5
5
5
5
5
CELL_DATA 3820
SCALARS density double 1
LOOKUP_TABLE default
1.01587090832525506e+00
1.00039970253321564e+00
1.00063124537561676e+00
9.99389117753069600e-01
9.98358765838735507e-01
9.99203696496207772e-01
1.00028618840969608e+00
9.66399519464733125e-01
9.97202828468324531e-01
9.11855175732444123e-01
1.05002838752697181e+00
1.00000550757812423e+00
9.97442914804671954e-01
1.03415585698232637e+00
1.00063945942581256e+00
1.00006450210508735e+00
1.00202803485634595e+00
1.00082780700819107e+00
9.67455632449445546e-01
1.04473654588282616e+00
9.98788823601470477e-01
9.99708096677125568e-01
9.39684494327866271e-01
9.97692534836801204e-01
9.99489415564815076e-01
1.02277322414920491e+00
9.99421545204327688e-01
9.99685361896346381e-01
9.51545093393125541e-01
9.99932802464342019e-01
1.00090223591873451e+00
9.86692382412959756e-01
1.00044692319690554e+00
1.00097243721992868e+00
1.00119757267523424e+00
1.00030648920476750e+00
1.00342847135050284e+00
1.00134939842248794e+00
1.01452051865489756e+00
1.04101101469950863e+00
9.99284037892059440e-01
1.03070903650691692e+00
9.95142768595892346e-01
1.01211168179619349e+00
1.00474755173774866e+00
1.00045468011972472e+00
1.00089210284681207e+00
9.97327236121258509e-01
9.98199145958115874e-01
1.00051863183264400e+00
9.84199277278202334e-01
1.00302290562047181e+00
1.00073847412630124e+00
9.99511507007691313e-01
1.00140537406135932e+00
1.04933351322903690e+00
9.98686985004305527e-01
1.00694420380891958e+00
9.98507520982611085e-01
9.97756960331564247e-01
1.00135485392608103e+00
1.01338637514363961e+00
1.01535262577341978e+00
9.98519262966953480e-01
1.00693811061540872e+00
1.00048380811516613e+00
1.00088515729731475e+00
9.99609418347330969e-01
9.99316188133941408e-01
9.90441026878850161e-01
1.00059507106630252e+00
1.01655629689332327e+00
1.01598606655003665e+00
1.00080808523957265e+00
1.00016752827298538e+00
1.00222031306409876e+00
9.35169754676342890e-01
9.91911196067172929e-01
1.00229811470645247e+00
1.00073347362039677e+00
1.00102307405260404e+00
9.99790135069604013e-01
8.78163119731163677e-01
1.00022877663208298e+00
9.99664310401982892e-01
9.98629289810226028e-01
9.97184843449543168e-01
1.01067318590342703e+00
1.00092081512942954e+00
1.00031532925257438e+00
8.89495077972917270e-01
1.00097829357042611e+00
9.99706714416596198e-01
1.04769261176578254e+00
9.99527461811318019e-01
1.00080185362518748e+00
1.00170223485124987e+00
9.97384079036767512e-01
9.87344482766861820e-01
9.95041448742741808e-01
1.04354891195307364e+00
1.00028759545279411e+00
1.00693953612322074e+00
1.00079707883313884e+00
1.04784506970483804e+00
1.00057320769586910e+00
1.03585801339057015e+00
1.04034849780677896e+00
1.00076190929902453e+00
8.76087835154268912e-01
1.00093291404254359e+00
9.99736184963262886e-01
1.03775958965260817e+00
1.00032378936541821e+00
1.03702634307551222e+00
1.02133560258349920e+00
1.04772150064752378e+00
1.00117179335313078e+00
1.01386042276520483e+00
1.00146568201249919e+00
1.00880162151592478e+00
1.00018429362626837e+00
1.03591085533946181e+00
1.04796726158287745e+00
9.97292887483174684e-01
1.00076190685813282e+00
1.01937418051196582e+00
9.98351885622598467e-01
1.01797167951838885e+00
9.97713477587109820e-01
1.00209118021764643e+00
1.02304230201183355e+00
9.99557515037868383e-01
9.98442283619771609e-01
9.99235696899024473e-01
1.00209938533943022e+00
1.01792522712726052e+00
1.00652661918572894e+00
9.00064040076470118e-01
9.85614144712841256e-01
1.00790765762197543e+00
9.18893479190510343e-01
9.27096009768325291e-01
1.00062904124581253e+00
1.00074046374839987e+00
1.00038644194839232e+00
1.01562778409683907e+00
8.99768311906500196e-01
9.99729110455859660e-01
9.62346724853284430e-01
1.00146714707024809e+00
9.99091563142414429e-01
1.00016497785644010e+00
9.99702336419794335e-01
9.86798319544491820e-01
9.99045859900169697e-01
1.01371672494769527e+00
9.98950655667502851e-01
8.93562574734402371e-01
1.00054181482511706e+00
1.00301573752890394e+00
1.00084334995202195e+00
1.00060188222530377e+00
1.00083768168494402e+00
1.00106328381643395e+00
1.04907343692809518e+00
1.04252000335812323e+00
1.00172066137197202e+00
1.02599790928970958e+00
9.99921675238589658e-01
1.00047346679425830e+00
1.00209774304493648e+00
1.00126278750460762e+00
1.04406968845745185e+00
1.00088471546817748e+00
9.98925937955797760e-01
9.99736498600456547e-01
9.99873791880901419e-01
9.97904213656269024e-01
1.04615721763282621e+00
9.95686351828864336e-01
9.98107384891734450e-01
9.99740373196475685e-01
1.00196482801309394e+00
1.02138012474635631e+00
1.04469555137912384e+00
9.49986296489565674e-01
9.99412025206601107e-01
1.03958596290802308e+00
9.99140973991685222e-01
9.03416408845837848e-01
9.98982735574025060e-01
9.24190864956344948e-01
1.00152058860147997e+00
1.00186117578802536e+00
1.00267814871288508e+00
1.00127827197897634e+00
1.00057579478002734e+00
9.99645893746660907e-01
9.94998989811428425e-01
1.00162318121803207e+00
1.00751034510728577e+00
1.01780279945485375e+00
1.00455109729555048e+00
8.97200465919736900e-01
9.50874416441608195e-01
1.00006850251033641e+00
9.99814372217654790e-01
1.02311470536641869e+00
9.99403490563627206e-01
9.97270363386046022e-01
9.99325161155779629e-01
9.43810281756873870e-01
1.00120640106741532e+00
1.02742405514030821e+00
1.03915428311505131e+00
9.61242223473967927e-01
1.00032281498323239e+00
1.00318639894503581e+00
1.02346959113991165e+00
9.99672057693145044e-01
1.00085718624271336e+00
1.04203010760477466e+00
1.00286827172644122e+00
1.00369968612606741e+00
1.00108546468339421e+00
1.00188486723511261e+00
1.04242597240614199e+00
1.00066339438476626e+00
9.98880984818034001e-01
9.99558099211606543e-01
9.09307303597717609e-01
9.96476417457289099e-01
1.00088712463626361e+00
9.99359165231845648e-01
9.69867562480338341e-01
1.00164107227305776e+00
1.00309988999103017e+00
1.00778507634538728e+00
9.77454639412990045e-01
1.00085394549522455e+00
8.81327899857498487e-01
1.01661157763572541e+00
9.99414133933531623e-01
9.66960876600077124e-01
1.00299993998960257e+00
1.00385818577652253e+00
1.04452593365667545e+00
1.00133187530153545e+00
1.00337012031949979e+00
1.01134410928538188e+00
9.99136835665611400e-01
9.93926515379643938e-01
1.01474564771365872e+00
9.37074086703858167e-01
9.90115995600766685e-01
9.15608397021998588e-01
1.00011074625306318e+00
1.00080266048695887e+00
1.01747944037202687e+00
9.39726233028807534e-01
1.01819198195832095e+00
1.00037286155043792e+00
9.13228858690669165e-01
1.00674015642270454e+00
1.02978507421792909e+00
9.99602401855720357e-01
1.00058630401190962e+00
1.05590207135917069e+00
1.04237795828166324e+00
9.96571076388223509e-01
8.93808483947497567e-01
9.94054422561740592e-01
1.00087250101274461e+00
9.74262572490994794e-01
9.99057445744592876e-01
1.00871230416468727e+00
1.00144677762957279e+00
1.02959379387327443e+00
1.04914979134474096e+00
1.00113805748314322e+00
1.00980125324629588e+00
9.76959093343949037e-01
1.00437723431556103e+00
1.02803741609252186e+00
1.03552548763836860e+00
1.03769749702681047e+00
1.02803290464863428e+00
9.76903408562898257e-01
1.00104533091968606e+00
9.98425661523707819e-01
9.98855585920932154e-01
1.05394668192041796e+00
1.04339587285573177e+00
1.04836700870066202e+00
1.05431835387809758e+00
9.63731656349179344e-01
9.99671664027317886e-01
9.98691622775066401e-01
1.00019196413340716e+00
9.96331919979547842e-01
1.00378133299607941e+00
9.99720613472444453e-01
1.04094357234267143e+00
9.90983070285538115e-01
1.00000343682002946e+00
8.88676601921636999e-01
9.99565827549290131e-01
9.97862137478440547e-01
1.01907403852321576e+00
1.00206615141577116e+00
1.00153385900723912e+00
1.01211042081594305e+00
9.98785477222480567e-01
1.01425829342236162e+00
8.70353283995023541e-01
9.99195965049289980e-01
9.99707351317329573e-01
1.00087228491179947e+00
1.00052568644794770e+00
1.02067111119827492e+00
1.00018207960841377e+00
9.98756879919680207e-01
9.69866909078726636e-01
9.99551506069463302e-01
1.01172179878233637e+00
1.00262867270478240e+00
1.01642293347004276e+00
9.97373954520181183e-01
8.70159864683565321e-01
9.99663106654615441e-01
1.00353046236044663e+00
9.99790394089594470e-01
9.70547772056883362e-01
1.00223061044044015e+00
1.04507915944377205e+00
1.00079530333465994e+00
1.00055249616994923e+00
9.99777088352378218e-01
1.01002478669425932e+00
1.00038457925517843e+00
1.00106416519626173e+00
1.00793663984295034e+00
1.00898641278253964e+00
9.83623604561404297e-01
1.03669200751304658e+00
9.98439139702457568e-01
1.01974468967841414e+00
9.99578711383905194e-01
1.02463268194314105e+00
9.99593376014763724e-01
9.98763167063464685e-01
9.95052092176972880e-01
9.99441739209124491e-01
1.00075313210501671e+00
9.98868071873726726e-01
1.00712299700003438e+00
1.00236099530196743e+00
1.01961267878910089e+00
1.02290329499906418e+00
1.02325729804801457e+00
1.00138775219349441e+00
1.04334061593759375e+00
1.02451512088154484e+00
1.00085280855249725e+00
1.00083422265896171e+00
1.00700353968403533e+00
9.99526521172856897e-01
1.01626404983321095e+00
1.00185557357015953e+00
1.00616718900508428e+00
1.00445009142553676e+00
9.99991227063537824e-01
1.02917022259410751e+00
9.60058225189300285e-01
1.00084944405167198e+00
1.00811323631149952e+00
9.84117882405322719e-01
1.00036627395677757e+00
9.56410235309012702e-01
9.31567659970868878e-01
1.00125917598497916e+00
1.00585370941693397e+00
9.99363457647384990e-01
9.86478091164241344e-01
1.05188647596987295e+00
9.64828112298482643e-01
1.00005014906737566e+00
9.97473410723745402e-01
9.98545828460564944e-01
1.04325218787563934e+00
9.99792928149739746e-01
1.01799337090112973e+00
1.03447566884491771e+00
1.02535527162242257e+00
1.00454665139671118e+00
1.00355248731496283e+00
9.79190728727398318e-01
1.05464575763090163e+00
1.05541923920846781e+00
9.99611759525877774e-01
1.00720029021414170e+00
1.00130407628403950e+00
1.00019661968478157e+00
9.89583470285405054e-01
9.12234185250902163e-01
1.01716068290607065e+00
1.00259507358385824e+00
9.96402573375392175e-01
1.00045038943310605e+00
1.00929058491225332e+00
9.96267396184989606e-01
1.00087541212721098e+00
1.00747866303273348e+00
1.00076384708640087e+00
9.98567968728763189e-01
1.00744381171524000e+00
1.00666427515229073e+00
1.00937641364035002e+00
9.98583561035798262e-01
1.03031525660105761e+00
9.99605166113160970e-01
1.04770660959903728e+00
9.86199814761351767e-01
1.03200831525490400e+00
1.04915618692419144e+00
9.99715096714657636e-01
9.45272711918056840e-01
9.75456159823369195e-01
1.01083052624060787e+00
9.98561421748271560e-01
9.99359424776544270e-01
1.00050370422257640e+00
9.77005145421718235e-01
9.99499392051419244e-01
1.02029042609328990e+00
1.00085119025669989e+00
1.03351403601211289e+00
1.00134439445167001e+00
1.02755261831233113e+00
9.44178237204798765e-01
9.99826369369726575e-01
9.97672498655107542e-01
1.00031209866170689e+00
1.01686456868743091e+00
1.00105367207620821e+00
9.99172616093107036e-01
1.01477552924157077e+00
1.00086980177664198e+00
8.61715672205157102e-01
1.02667012738320440e+00
1.00031036197568635e+00
1.03670286584813942e+00
1.00125189580906504e+00
1.00281211591010821e+00
1.00035357064575803e+00
1.00943219100547510e+00
9.97220320962254547e-01
9.99865250104013059e-01
9.99928896119670618e-01
1.02949066116020749e+00
1.00894558297915871e+00
9.97482416205984657e-01
1.00023851595935542e+00
1.00140937127614293e+00
9.95072149828898467e-01
1.04991812077563940e+00
1.00975562128918694e+00
1.00157509880948536e+00
1.01968662745179106e+00
1.01076343846190464e+00
9.98996187158696647e-01
1.00909359414360233e+00
1.00070507109017037e+00
1.00084242011280722e+00
9.49494776842614407e-01
9.98890644926436422e-01
1.00629537824602355e+00
1.00139020104029508e+00
9.01063769738427833e-01
1.01655056113238684e+00
1.05642017109830366e+00
9.99722370371707525e-01
1.00074090393854886e+00
1.01522523578306445e+00
1.00283996664931307e+00
9.53149088701310321e-01
1.00213774275010614e+00
1.03275187235768384e+00
1.00088662150894581e+00
9.99727542686874360e-01
1.03852289358674943e+00
9.96766215778776221e-01
1.00103065823176829e+00
1.00074872051845531e+00
1.00080355783320929e+00
9.97493688931353595e-01
8.64469901870867252e-01
1.00081593321913598e+00
1.04862491389610946e+00
9.99450383861440583e-01
9.96551066185049517e-01
1.00008248915185383e+00
9.07507429797341447e-01
9.99943217835481679e-01
1.00098415344461977e+00
8.97582581885647102e-01
9.97692393362079488e-01
1.03043668912687902e+00
9.99260389859076059e-01
9.87135064007189866e-01
1.00053029358711298e+00
1.00282421658420695e+00
8.83313341308877620e-01
9.59455803348397196e-01
9.98287024786294497e-01
1.00069983881635416e+00
1.00399398542718199e+00
1.00179431529803331e+00
1.05425275153463782e+00
8.66299510649496618e-01
9.99031871102238678e-01
1.00289528106767012e+00
9.29846096653972110e-01
1.00078285557230684e+00
1.04502174104639800e+00
1.05577406188386158e+00
1.00341683657859404e+00
1.00022124545198143e+00
1.00192775754779007e+00
1.00070760990156105e+00
1.00133278580705709e+00
1.00009991200753068e+00
9.97484658562145077e-01
1.00014960376500728e+00
9.98254206784693454e-01
1.00658178083000838e+00
1.00105036588585761e+00
1.00074009569267863e+00
1.01037904282245217e+00
1.00585089633021552e+00
9.99759961157396737e-01
1.00144819844189126e+00
9.97635052670766798e-01
9.96857443800860499e-01
1.00172674245097526e+00
1.00038220894556185e+00
1.00109485456901814e+00
9.91090425875043479e-01
1.02136694187502108e+00
9.82800520985927406e-01
9.98816538573464308e-01
1.03098401466049072e+00
1.01164867166627026e+00
1.03277435941082674e+00
9.97476007721794011e-01
9.71831595744578447e-01
1.00281092078039080e+00
1.02566848325105675e+00
1.00046353065968829e+00
1.00114410871656490e+00
1.00272872394340395e+00
9.99890996537572740e-01
1.00215303321530791e+00
9.67732492399375088e-01
1.00499548356728030e+00
1.00073774978586894e+00
1.04107080002616503e+00
1.03849456017052955e+00
1.00078396047170037e+00
1.00367984765744223e+00
1.03913887558543716e+00
9.98218942733849368e-01
9.55948601392212938e-01
1.00031428386738019e+00
9.95788040962833354e-01
9.98984194896707423e-01
9.66528666620573795e-01
1.00001941551697526e+00
1.01551583234353560e+00
1.03623828726653633e+00
1.00576690907122335e+00
9.98481771495197901e-01
1.00586185494640667e+00
9.99868890654597609e-01
1.00081112691136465e+00
1.00468748474601655e+00
1.00247820709650926e+00
1.00082706532880628e+00
9.99558308255226402e-01
8.94464716273765670e-01
1.00077161742523213e+00
1.00264744500764191e+00
9.70241461136048922e-01
1.00303631471322463e+00
1.00809580376491015e+00
9.87894692744397784e-01
1.02211950601353441e+00
1.00144675294542762e+00
9.98123778884925872e-01
1.03499626000524558e+00
9.99702927026445920e-01
9.99857295679077773e-01
1.00089106749496537e+00
1.03679912051585310e+00
1.00093010220689305e+00
9.98353731569099345e-01
9.98481921509644543e-01
1.00020595903092757e+00
1.04270614503783010e+00
1.03134621365376833e+00
1.00295276560864410e+00
9.99196226248892261e-01
1.03186286064775179e+00
1.00071955386731481e+00
1.02165972802433114e+00
1.00190065127337258e+00
1.02650549762188548e+00
1.00673976005779631e+00
1.03323440093625951e+00
9.79237960994923995e-01
1.01233330617120365e+00
1.04477631806781113e+00
1.05128502872958784e+00
1.00757859732056287e+00
8.99362950211683887e-01
9.98747276763259140e-01
9.99495518337240263e-01
1.03910226838855824e+00
1.01277942628332518e+00
1.02464048415240883e+00
1.03010608555688266e+00
1.00078553834689887e+00
1.00053224047924783e+00
1.00473426763707452e+00
9.54297151812207756e-01
9.98957861825368387e-01
9.55648024708320665e-01
1.00154582273257931e+00
9.99748073561336659e-01
1.00090633815901930e+00
1.05373862493351744e+00
9.96320489215485661e-01
1.02788868079674423e+00
1.00413200721043960e+00
1.00052754439354219e+00
9.88970405099646732e-01
9.99284781885734219e-01
1.00082966770080461e+00
9.99991384128557370e-01
9.94303868360928989e-01
1.00021478123580398e+00
1.00067629243373091e+00
1.01521656536134941e+00
9.80744030908524245e-01
9.80151164397911945e-01
1.00093051224216789e+00
9.49892133353967605e-01
9.05018864165672676e-01
9.65467118019567194e-01
1.02863843647379127e+00
1.00125544562425040e+00
9.18042047991324495e-01
9.92618338801294242e-01
9.01738017256329738e-01
9.99157415191550990e-01
1.01489892216984789e+00
1.00077955060563273e+00
9.99604705267751914e-01
1.00031214997074969e+00
1.03731997897329142e+00
9.99593715095739577e-01
1.00104417988278493e+00
9.56695524578423884e-01
1.00041883066152737e+00
1.00015789828784674e+00
9.97822181770252614e-01
1.00585213863439726e+00
1.00222649519957518e+00
9.99747497889093673e-01
8.81284335933805063e-01
9.97762392926252351e-01
1.00014522983346765e+00
1.00224186002327786e+00
1.02129105987410917e+00
1.05577609961992769e+00
1.00046471433554940e+00
1.00029485270851115e+00
9.97043616942307587e-01
1.05491742585804538e+00
9.99565164012046870e-01
1.00136004723454608e+00
1.03601095087681405e+00
1.01639689393129995e+00
1.00072666361976292e+00
1.00128238930050051e+00
9.99038460726311861e-01
9.98935652436855004e-01
1.00333382054148212e+00
1.00078998670511332e+00
1.00012219740178310e+00
1.04004788509680646e+00
9.98907106640184006e-01
9.90584494582004593e-01
9.57490226438794889e-01
1.01219785116378413e+00
1.00034363781013780e+00
9.99753002762910237e-01
1.01595550762293363e+00
1.02615349543453216e+00
1.00135898339759200e+00
1.02296285825422428e+00
1.03645164110394794e+00
1.01793644718815135e+00
9.96842408436339200e-01
1.00268359382696159e+00
1.03460084258015961e+00
1.00336132877688611e+00
9.99609296313865081e-01
9.99722317001933480e-01
1.00113891065109550e+00
1.03569561042551506e+00
1.00131371057494856e+00
9.86348161667152334e-01
9.93464524685513606e-01
1.03670980452605499e+00
9.97621230513785262e-01
1.04258369658013006e+00
1.00265750865719250e+00
9.99813431804108088e-01
1.01337107725824116e+00
1.04694994699381394e+00
1.00201985469727384e+00
9.99309246334144641e-01
1.00088792522179992e+00
1.02039075838211724e+00
9.99815137698726430e-01
1.05006496406925476e+00
1.00069546208128091e+00
1.00089923771837563e+00
9.99638640753163887e-01
9.99188556486652280e-01
1.00063571011255870e+00
1.03422853673051263e+00
1.00066128942362997e+00
9.98402715443292732e-01
1.01007844828341953e+00
1.00103466619526293e+00
1.02596402991614122e+00
1.00086719154085402e+00
9.37553307941089376e-01
1.00461414563010654e+00
1.00016859583953366e+00
9.99271240096656466e-01
1.05179916998455503e+00
9.54815517136952785e-01
9.99995506506982768e-01
9.02351007192629950e-01
1.03235307864115300e+00
1.00739158619040792e+00
1.01482888467166443e+00
9.98962930401020799e-01
9.99474436073689798e-01
1.04329224115227248e+00
9.99524969686734432e-01
1.00206659328911107e+00
1.00337103758822699e+00
1.03411818548260404e+00
9.99781894976670804e-01
1.00069501835013552e+00
1.00097188806427884e+00
9.98200587748768853e-01
1.00120831223690843e+00
1.03884908902597206e+00
9.78013372340936882e-01
1.03298600399745033e+00
1.00219507429455845e+00
1.01833490116267211e+00
1.01774071039274006e+00
9.67305419319794524e-01
9.99797915947998606e-01
9.69141434794433709e-01
1.00332063288435624e+00
1.00819764898511921e+00
1.04583526616516287e+00
1.00093017601384826e+00
9.98008162009913269e-01
1.00155629795221657e+00
1.00000697448793119e+00
9.85241336626732966e-01
1.00189058662751451e+00
1.00124133292130035e+00
1.03303398294425786e+00
1.00004041989053016e+00
9.78420036589607967e-01
9.99558531686508212e-01
1.00285377112901308e+00
9.99170724206724481e-01
1.00061357339142476e+00
1.00086120478718876e+00
1.03696462539987255e+00
1.00414938797135500e+00
1.00074633657137180e+00
9.99958198325502035e-01
1.00068674355246157e+00
1.00082320291006810e+00
9.84872904029932661e-01
9.94307259755722761e-01
1.00961222835282305e+00
1.00242182899248200e+00
9.98450595372778360e-01
1.05577801101267910e+00
9.97745504566701857e-01
1.00333196563885396e+00
1.04686754111313451e+00
9.96990715428724750e-01
9.77309611793743982e-01
9.88889780784866557e-01
1.01194964239516016e+00
1.04236840809415576e+00
1.00207791036827865e+00
1.00206824439260234e+00
1.02831966706881728e+00
1.04039083091816487e+00
9.99779880193568782e-01
1.00024881418076395e+00
1.00068742612878370e+00
1.03014683063403778e+00
9.90325862881569430e-01
1.00033341395491382e+00
1.03308558564800479e+00
1.00069606431840530e+00
1.00076798322812288e+00
9.99030876363661391e-01
1.03960338540908648e+00
9.99855963239549062e-01
1.00179862728387414e+00
1.01993949839120090e+00
1.00960183114708335e+00
9.99525623888183889e-01
1.00382529043694180e+00
1.00301354546343502e+00
1.05469733113604414e+00
1.04451400842021513e+00
1.00061304267093587e+00
1.04709841993379116e+00
9.96854693091631994e-01
9.99313158817726865e-01
9.93761694150030794e-01
1.00067337418691893e+00
9.99231119538749990e-01
1.03371790120056106e+00
1.00042614167357535e+00
9.99739491064842167e-01
1.04918389449775162e+00
1.00078560380658343e+00
1.03192070165213146e+00
1.00012049065848996e+00
9.97936286496312608e-01
1.02735022226746731e+00
1.00730784823681718e+00
9.98817610315273052e-01
1.05089605845336975e+00
1.00220892873643197e+00
1.00059746035607033e+00
1.00090610578131023e+00
1.03009049995024360e+00
1.05218310145184124e+00
9.81362614081950801e-01
9.98534944469536945e-01
1.00060486387741809e+00
9.07373818623600004e-01
9.99889023672064781e-01
9.95554032178205706e-01
1.03524405159542399e+00
1.00478189705429966e+00
9.90264854065743494e-01
1.00732871317133710e+00
1.01485830337677618e+00
9.99884474538487500e-01
1.00418992191364120e+00
9.99351707463245198e-01
9.95253850231283654e-01
8.73615590206000769e-01
1.04060787969687341e+00
9.00669520693005987e-01
9.98946106919264332e-01
1.00074300586014941e+00
1.00103294102815488e+00
1.03065026682227900e+00
1.05149363085357583e+00
9.01537038050138073e-01
9.96938951767710968e-01
9.69574451150558514e-01
9.07506871676489579e-01
9.97713765923640694e-01
1.00277855463308918e+00
9.99886749167944844e-01
1.00530547379770518e+00
1.00601948791560525e+00
1.03586460276029113e+00
9.20275778947224232e-01
9.99693389590824766e-01
9.97818675995330029e-01
1.02242052416797535e+00
9.99366460116552724e-01
1.05546676027392805e+00
9.99975525495681916e-01
1.00070619925150339e+00
1.01967819144653626e+00
1.00581865298157402e+00
1.00079524501973571e+00
1.00072324907894572e+00
1.03356171797617358e+00
1.00180822091470123e+00
1.00063012839873422e+00
9.93568507425171332e-01
1.00109502903694358e+00
9.44618500452874654e-01
9.96881989764067056e-01
1.03938385532806987e+00
1.00042918925563806e+00
1.00126350610408910e+00
1.00097602094480709e+00
1.00005908115441811e+00
1.01065406247916556e+00
9.98424532907856710e-01
9.99649461509676374e-01
1.00446216528628729e+00
1.02563571546583132e+00
9.97222725819564615e-01
1.00194532123220470e+00
1.00293831494288566e+00
1.03556408612034234e+00
1.03205938645228490e+00
9.96157113656045312e-01
1.00283219579306948e+00
1.00099789025378172e+00
1.00114185195903538e+00
1.00367764105603730e+00
1.00306264386443234e+00
9.30586824491826947e-01
1.00095357644526328e+00
1.00092136025488565e+00
1.00081167014490013e+00
9.99946173718581410e-01
9.41772175848486715e-01
1.03085828436729554e+00
9.99927071380436017e-01
9.99074976358038436e-01
9.99027113122806787e-01
1.00092010107309237e+00
9.32665081226727866e-01
1.00005747341526630e+00
1.00067383773897389e+00
1.00088274780060749e+00
1.01393165842707700e+00
1.05084877382417696e+00
1.02521348015110814e+00
1.05436013026732689e+00
1.03853066639341796e+00
9.99908155956064415e-01
1.02582658065622123e+00
1.04080122828853683e+00
9.87127285932045906e-01
1.00023729361802216e+00
9.98612343742686259e-01
1.00026470111133126e+00
1.00203480597673433e+00
1.00342176761426227e+00
1.00233709478174249e+00
9.98458939445662885e-01
9.80318186399084412e-01
9.98340188188199917e-01
1.02661527261613195e+00
9.99392082724923414e-01
1.00082603214864752e+00
1.01007755683559775e+00
1.00104510090905019e+00
1.00326154603464235e+00
1.03412025703268307e+00
1.00133198975541560e+00
9.71699099490977436e-01
1.00089765778212025e+00
1.00040994473843425e+00
9.98683300983349342e-01
1.00870993279657539e+00
1.00402687981071215e+00
1.01221884442080134e+00
9.92303373476523864e-01
1.00062654770647597e+00
1.00091971615242525e+00
1.00087205030722104e+00
9.99617246155360628e-01
1.04098175084111588e+00
1.00342366617075096e+00
1.00192478886244518e+00
9.61321837771653365e-01
9.99958512937078936e-01
1.03608616728453207e+00
1.00178731475009020e+00
1.00715690732988317e+00
1.04195340290519445e+00
1.02484458223644692e+00
9.01828018644560747e-01
1.00069808990393994e+00
9.27179307427696831e-01
9.99144687242311980e-01
1.00417763107315006e+00
1.00071997555170511e+00
1.02426993990536785e+00
1.00277263929497895e+00
1.00092432847510304e+00
1.03212296435678175e+00
9.70256971688965519e-01
9.93020095940163050e-01
1.02491236498339955e+00
1.00147992887170534e+00
9.18565392070643583e-01
1.00047423163569826e+00
9.95768373632345161e-01
9.99004931001296170e-01
1.03821466802703921e+00
1.04701906760086394e+00
1.02595045301946808e+00
9.24351661160627502e-01
1.00039641325274897e+00
1.00218900264894839e+00
1.00875746783719911e+00
1.00096001495796627e+00
1.00146650463987941e+00
1.02582455616905710e+00
9.99495843718599453e-01
9.88243637127784180e-01
9.99925392831901183e-01
9.98075979621128373e-01
1.00005828973291111e+00
9.99636201412320347e-01
1.00181191399724612e+00
1.03887919244234084e+00
9.99537782928866192e-01
1.00245891933189313e+00
1.00111975742821047e+00
1.04196025391520197e+00
1.00144426557037169e+00
9.99593872875295109e-01
9.98829857615158079e-01
1.00297809177660113e+00
9.95490797706415242e-01
1.00040880439482560e+00
1.00046807113384850e+00
9.91959362311498949e-01
1.00169321080961149e+00
1.01802134582522719e+00
9.98134029315381865e-01
9.99873375866540792e-01
1.00377374652721696e+00
9.98904805656292916e-01
1.00095727801417711e+00
1.00087455742477838e+00
1.00342732326065298e+00
1.01062635663208789e+00
1.00522517738582073e+00
1.00569710866797735e+00
9.98889594419838156e-01
9.99647737722779928e-01
1.01590434319273126e+00
9.96245952152253644e-01
1.00300336251921185e+00
1.00122876483104850e+00
1.03917838833601395e+00
9.91789537679113931e-01
9.99039879288053712e-01
1.00056303091064747e+00
1.00100931738338383e+00
1.04673733229953725e+00
1.03841510869373033e+00
1.02483605333988859e+00
9.95555933052721165e-01
1.00069312089721274e+00
1.02706494312007779e+00
1.00008509881090379e+00
1.00042593500898547e+00
1.04976940616685499e+00
9.99820281253265719e-01
1.00648199537547112e+00
1.00049291387858075e+00
1.00067795935226744e+00
1.02485632969669638e+00
1.04427100493748970e+00
1.00020662744936661e+00
1.01054637135949599e+00
9.98220336775780592e-01
9.98441189146973107e-01
9.99301516314906380e-01
9.98865375724271365e-01
9.93026863349830480e-01
1.01040752178474613e+00
1.00101267990281362e+00
1.02194898590914618e+00
1.00117624790440551e+00
1.01019818872281641e+00
1.00043923550120373e+00
9.06363310396412603e-01
1.01864549217518063e+00
9.92686990228890731e-01
9.60998990223025928e-01
1.02337175689402904e+00
9.50040118780998921e-01
1.00577950115932246e+00
9.99633925227047859e-01
9.22508977200187430e-01
9.98524749212384322e-01
1.02892182521466635e+00
1.00722879737058024e+00
9.99029518109163628e-01
9.98638653050324843e-01
9.64888315859291468e-01
1.01854996289722299e+00
9.68154335659762610e-01
9.94497259835948499e-01
1.00070915612895783e+00
1.05370803097475751e+00
1.00007360799836920e+00
9.90965696764001813e-01
1.03956630057655963e+00
1.00098565492788860e+00
9.90427485438367339e-01
9.97995271655208072e-01
1.04506529015026439e+00
1.00790150365817510e+00
1.00040997044048607e+00
9.99204914284240964e-01
1.02415164799790692e+00
9.93794047317643425e-01
1.02951067593466195e+00
1.00898744725141798e+00
9.55398765482071366e-01
8.66774975377795798e-01
1.00282988267657003e+00
1.00067568108185889e+00
1.03179457735525038e+00
1.04965133277742195e+00
9.94851326626191912e-01
9.85231170602862916e-01
1.01560864948029561e+00
9.96640841579128578e-01
1.00085287882895457e+00
9.75936971743944781e-01
9.97068164216411645e-01
9.74377600751016870e-01
1.00085626833022090e+00
1.05499334817469337e+00
1.00099028497614007e+00
9.99286580627962384e-01
9.99938027674557528e-01
1.04642884782861634e+00
1.01724936817200007e+00
9.31796180495347293e-01
1.00163373179229498e+00
9.99895260278580666e-01
1.03352622699091734e+00
1.05556486397388882e+00
1.00463463110825435e+00
9.98890473162791670e-01
9.00384200967060955e-01
1.00008119407155993e+00
1.03358132210827103e+00
1.02384603828134813e+00
9.99345918167168334e-01
9.99643472890637153e-01
1.00399290543965036e+00
1.03504654426684262e+00
1.00090671832500200e+00
1.00376014961960824e+00
1.00748235181111156e+00
1.00394977390738060e+00
9.97190399330376565e-01
9.26056813973892057e-01
1.00561569596977463e+00
1.03966942771319748e+00
1.00293289671032504e+00
1.00056280039547896e+00
1.00108422200470737e+00
1.03704746550749904e+00
1.00018670132206200e+00
1.04231444780592364e+00
1.00194382267962911e+00
1.03359897747612806e+00
9.65611880967226610e-01
1.02289715828715821e+00
1.00385849358498636e+00
1.01439524624112654e+00
9.83698922502066697e-01
9.98601509932500186e-01
9.79817912153631121e-01
9.95649954379520863e-01
9.99896373032236774e-01
1.05444329781547697e+00
9.89542108959418965e-01
1.00232957195591443e+00
1.00066028728116763e+00
1.00089601354531976e+00
9.94171923624041831e-01
9.32682214101572038e-01
9.98712401750405876e-01
1.00159377975006247e+00
1.00006095708040244e+00
9.98603134558016081e-01
1.00075150775242427e+00
1.00065877019865579e+00
9.98388735788420467e-01
9.99306735122604928e-01
9.99581924079117057e-01
9.92494593163401606e-01
1.00216979463639122e+00
1.00470572795441426e+00
9.99377162750660575e-01
1.04833870472783253e+00
1.00412604091725099e+00
1.04639034457905500e+00
9.88692248093187787e-01
9.57973325673814657e-01
8.69137978030592895e-01
1.00739520898617996e+00
1.00016755773573496e+00
9.99910311036428689e-01
1.01424904822634443e+00
1.00506033721770072e+00
1.04097799988011719e+00
9.99855447667054698e-01
1.00326211078601335e+00
1.00082168279308403e+00
9.23731952049815286e-01
1.01301912057441879e+00
9.97417032950837168e-01
9.18407031684879027e-01
1.04542867388035154e+00
1.00054135397529365e+00
1.00538297217813333e+00
1.00063393007700641e+00
1.01011113091426052e+00
1.00083067402646453e+00
1.00162560962450753e+00
1.00442299483627995e+00
9.99297711803929789e-01
1.03817691643917431e+00
9.99609832803204257e-01
1.03716761195535057e+00
1.01489376131253350e+00
9.88171967328899892e-01
1.00019407497567747e+00
9.89237805875977205e-01
1.02706883709779140e+00
1.00080995443638887e+00
1.00608043371584244e+00
1.00084304520391520e+00
1.00199630605738199e+00
1.00674434512553801e+00
1.03554860080166011e+00
1.00156268131198356e+00
9.88071742625255767e-01
1.00022761735094146e+00
9.99467104937373119e-01
9.66420673671675612e-01
9.82934761609386864e-01
1.00147877929941131e+00
1.00290346026577248e+00
9.66863122705287847e-01
1.04374844754772589e+00
1.00888197289078652e+00
1.01464235829824356e+00
1.02872028655183212e+00
1.00049777899933257e+00
1.00830130027111009e+00
1.00505914308820388e+00
9.99229959016516567e-01
9.35049989467761633e-01
9.99529436344679056e-01
9.99464960981531814e-01
1.03504933804102062e+00
1.00059862704258729e+00
9.94174656368007059e-01
1.02704630306037248e+00
1.03782431505155204e+00
1.02689230681783017e+00
9.99277432878864613e-01
9.99465628921038185e-01
9.98856005323496610e-01
1.02670607160023986e+00
1.00177602123556397e+00
1.00020499928992668e+00
1.05282497677101383e+00
1.00071982668230164e+00
9.99325427943200673e-01
1.01728559164904886e+00
1.00921495374526438e+00
9.99217245496486051e-01
9.89453117222790501e-01
1.02250851055745762e+00
9.95098153562318344e-01
1.00940156507466283e+00
1.00407396415303518e+00
1.00021430112566345e+00
9.94665608265940970e-01
9.99885692436923712e-01
1.00404225731665098e+00
1.00141780698092764e+00
1.00169705819147814e+00
1.03765431569150524e+00
1.00063020010982484e+00
1.01447035059602353e+00
9.98621778073407462e-01
1.00084431587034461e+00
1.00094299630847572e+00
1.00060803782248042e+00
1.00024310011132123e+00
1.03025667233405316e+00
1.00105736551931535e+00
1.02607719085338989e+00
1.00130976728024446e+00
1.00347058612045714e+00
9.84218215108470851e-01
1.02411770879902186e+00
1.01919653744429906e+00
1.00467704698128157e+00
9.75501960633719634e-01
9.98210363525759869e-01
1.00165687719032359e+00
1.00835247011180207e+00
1.00342359332789943e+00
1.00537027622538244e+00
1.00112541497833130e+00
1.00412943633602825e+00
1.03461875286401850e+00
1.01452888152288012e+00
9.96485527170506646e-01
1.01279501885074819e+00
1.00088206210348596e+00
1.00097282479487637e+00
1.00038632129120630e+00
1.05462028154841581e+00
9.99319858364705826e-01
1.03914740396361394e+00
1.03717736303061425e+00
1.03357067750388198e+00
1.00485900473611101e+00
9.62127758287594337e-01
1.03132166264778546e+00
1.03493703422216887e+00
1.00172207808427638e+00
1.00505888082151462e+00
1.00066177089122776e+00
9.98445102920057503e-01
1.02540967160898799e+00
1.00883599047769579e+00
9.99665814404117836e-01
1.00060161053616858e+00
1.00029264196531309e+00
1.02562960779206036e+00
1.00001170377581605e+00
1.00542868625971149e+00
1.00084222205158890e+00
9.99853569260211184e-01
1.00188308039922003e+00
1.00071687964036848e+00
1.04750227095646342e+00
9.98014776266589632e-01
9.91360710109723708e-01
9.99689977888987613e-01
9.97119494874832979e-01
1.00034459792485197e+00
9.35252987263682556e-01
1.03172260056094989e+00
1.00059105794592540e+00
1.00380005867749000e+00
9.98730358857637945e-01
9.92084644815641070e-01
1.00061017757361559e+00
9.99492329203833463e-01
9.98087150948247515e-01
8.77165662047342032e-01
9.19684118677961848e-01
1.00054745976234161e+00
9.96578294100819884e-01
1.00252028871904009e+00
9.98803078950988854e-01
1.01888041855248179e+00
1.00122608636860799e+00
9.98231267595378946e-01
9.77498264656216032e-01
9.99873572898849372e-01
9.93322771833840990e-01
9.99767009502732784e-01
1.02863483614427942e+00
1.00086823102566536e+00
9.97102183510602535e-01
1.03279118493791433e+00
9.99235395936397097e-01
1.00096465960938530e+00
9.92766479936209589e-01
9.92260017840514652e-01
1.03062851031679403e+00
9.75474596154994433e-01
1.00035362624186663e+00
1.03015077498632901e+00
9.96480605316822365e-01
1.00002789259996683e+00
1.00030525492038724e+00
1.00060471526175632e+00
1.01276050074694068e+00
1.00047301933374011e+00
1.00152418401286702e+00
1.05534924103694761e+00
9.98682347795058267e-01
1.01384757529051539e+00
9.98157184527246999e-01
1.00723654934157913e+00
1.00692735169474257e+00
1.00523076893086749e+00
9.93267228893143450e-01
1.00251770266458240e+00
1.00586389834689216e+00
1.02853589076735696e+00
1.05227770911695728e+00
1.00090816451468756e+00
9.98597964391449211e-01
1.00025325036345669e+00
9.52685686194063130e-01
1.03437023793887972e+00
9.99307885218948311e-01
1.00441748021367361e+00
1.00064136486634392e+00
1.00045586689861854e+00
9.91097921779744762e-01
1.04702156824190395e+00
1.00924079200713135e+00
1.00033220364474129e+00
1.00036662268968990e+00
1.00015879050773004e+00
8.79404161788549299e-01
1.00807194873220030e+00
1.00210684504617298e+00
1.02402592930179281e+00
9.81508810800357345e-01
9.96980196045338496e-01
9.93982191083620958e-01
1.00262336962362153e+00
9.97577940465042223e-01
1.00066460592301598e+00
1.00088410236256919e+00
1.00011579270017936e+00
1.00519060373637137e+00
9.99159943624581492e-01
1.00095276133952438e+00
1.00179610563354604e+00
9.93180073460120272e-01
1.03261085929881791e+00
1.00091956649671832e+00
1.00073344807285869e+00
1.05372799062984690e+00
1.00091394852619420e+00
1.04612885944447309e+00
9.53603590102962362e-01
9.66569005048554586e-01
1.00435230427938516e+00
9.99115758534100507e-01
1.00062765704080858e+00
1.00056300558245970e+00
1.00090201000273260e+00
1.01198888855376157e+00
1.00130722622307866e+00
1.02905174242619224e+00
1.02727223626684405e+00
1.00773360854104932e+00
9.70182846706343138e-01
1.02015823571547704e+00
1.00086188443446789e+00
1.05661546248981120e+00
1.01075009499109592e+00
1.03130326008563311e+00
1.03139871602580002e+00
1.04486761996389466e+00
9.99621278686836701e-01
1.02114245221507249e+00
1.00071481737498291e+00
1.00507104177552242e+00
1.00186819655146064e+00
9.35549440660856657e-01
9.96350660506308938e-01
1.04949689191789131e+00
1.04706920584572827e+00
1.00008282471051757e+00
1.04940789901976816e+00
1.00011043190990079e+00
1.02209630138118679e+00
1.04670193876470963e+00
9.69309951607043918e-01
1.00089276577415398e+00
9.98877882422785301e-01
1.00049618759477421e+00
1.05664560469729496e+00
1.01135599492039430e+00
9.71908999552005270e-01
1.00057532870436083e+00
9.99662969770806376e-01
9.99893571213922416e-01
1.00122353364901073e+00
1.00071491118140177e+00
9.99489849966556987e-01
1.00636312219742985e+00
1.03394466223353287e+00
9.97938491167836950e-01
1.03466372598974621e+00
9.72215150946114548e-01
9.99908931543704860e-01
9.84838585793441412e-01
9.67075974181012765e-01
1.00132572227947891e+00
1.04947029576378115e+00
1.05059019745532312e+00
1.02766544583851349e+00
1.00522438119867918e+00
9.93671789067064659e-01
9.99910546257428479e-01
1.00069060772329799e+00
9.95388337065400419e-01
1.01865739004706479e+00
1.04957827990249775e+00
8.73628095634225832e-01
1.00409587916295617e+00
9.49453285180272721e-01
1.00326574109900069e+00
1.00381649892926994e+00
9.23760666536765251e-01
9.91263038758740334e-01
1.00068888794749178e+00
9.49435669271401550e-01
1.00054325371254804e+00
1.03948267486950763e+00
1.00007574738110483e+00
1.00137249588738952e+00
1.04943217831652458e+00
1.01797991315342684e+00
1.00149027760907772e+00
9.11804336366965229e-01
9.61747612071615632e-01
1.00060190944490413e+00
9.97167242983595825e-01
1.00056482578155692e+00
1.00322513493452448e+00
9.98867781060246429e-01
9.91638411061167346e-01
1.04538504743757876e+00
8.87515523254656880e-01
1.00553024549034697e+00
9.98622429059645378e-01
9.90218058665216727e-01
1.00157377443556794e+00
1.00171959653229115e+00
1.00130574103952896e+00
1.00272380946640882e+00
1.00121492844802096e+00
9.67168946075670166e-01
9.48958767867914554e-01
1.00398228411476809e+00
9.95629449807830302e-01
1.00502509373380899e+00
1.05129520039885338e+00
9.86320990046924972e-01
1.00095582905188274e+00
1.00043687200548437e+00
8.83169163618218955e-01
1.02773038267234629e+00
9.64511397899236123e-01
1.04513993143417649e+00
1.00696125906819844e+00
1.00234889384017500e+00
1.03387763547727940e+00
9.80321500754501418e-01
1.00025078004742496e+00
9.43414734654551945e-01
1.00610229808741902e+00
1.00148658406168667e+00
9.48927141013663489e-01
1.00202859738322192e+00
9.99165656523037682e-01
9.45288099539201454e-01
1.01509787074413715e+00
9.96493423989499472e-01
9.97451673364506464e-01
1.00060335132483824e+00
9.83065038529869706e-01
8.77790954459823358e-01
9.78120160710279074e-01
1.04617779596052185e+00
1.03920372571074804e+00
9.58725413197053511e-01
1.00657087980123516e+00
1.05325088716428805e+00
1.00022766743373492e+00
9.97853222961636255e-01
1.03082987341637766e+00
9.94264476567233491e-01
1.04675599104438399e+00
9.96501050339608119e-01
1.00160922145953513e+00
1.04853734851280245e+00
9.98289888528858027e-01
9.93047162154944596e-01
1.01562103835485451e+00
8.85609404006589829e-01
9.97501212806187199e-01
1.00073639567933048e+00
1.00069431837196698e+00
9.99452843100527399e-01
9.65855959253065999e-01
1.00488903847587174e+00
1.00160111504485783e+00
9.98638334826282392e-01
1.00146470706382562e+00
9.99814351689473191e-01
9.86254140508315724e-01
1.05380469257754217e+00
1.01656608929003234e+00
1.00158272249216052e+00
9.69341597291138113e-01
9.99873391179711524e-01
1.01301689562257136e+00
1.00179370526841693e+00
9.57982536438109711e-01
9.99784709125484561e-01
9.98252180260472466e-01
1.01229077932394662e+00
1.00082715847167814e+00
1.00053709069921659e+00
1.00147245736109891e+00
9.52670321960735200e-01
1.00495550414510038e+00
1.00175295220092231e+00
1.02387291666697444e+00
1.00459218152038288e+00
1.03653058615622373e+00
1.00073436878889277e+00
1.00616494571658088e+00
1.00993072154023689e+00
1.00223394472015004e+00
9.92592429049321101e-01
1.00341892078694750e+00
1.01387643472721889e+00
1.00071388337463429e+00
1.00048404497664367e+00
1.00435667243842230e+00
1.00371217494094744e+00
9.98663208084717202e-01
9.97641553696189343e-01
1.01706470204204424e+00
1.00246153623183276e+00
1.04740013849738411e+00
1.01552714930414822e+00
1.00200978378993821e+00
1.04846384332684051e+00
1.02692119775989998e+00
9.99788955814454372e-01
8.54122092041952219e-01
9.95063065629168575e-01
8.82479414288339981e-01
1.01611347132191931e+00
1.00014904367066459e+00
8.58340412251957674e-01
9.99803619443845326e-01
9.94589522161686279e-01
1.00211039082577069e+00
1.03752288100505874e+00
9.99823552792241776e-01
9.62089484018564312e-01
1.01287258487008858e+00
1.00978276194261118e+00
1.04103454960654207e+00
1.01428545124565117e+00
1.04442926382227541e+00
1.00409423441166989e+00
1.00073686171797438e+00
1.03984114101856773e+00
1.00407696257471746e+00
8.59987171445517395e-01
9.97158414665083703e-01
1.00963086715745232e+00
9.99491893788082009e-01
1.03126686571327708e+00
9.99493746614120271e-01
1.00082650490904412e+00
9.99781547734898357e-01
1.01320329942012632e+00
1.00006784097472878e+00
1.05073475915600678e+00
1.00025715578047225e+00
1.00081369471522175e+00
9.98096704918199129e-01
1.00069997882424477e+00
9.99948646357494586e-01
1.00458322288758040e+00
1.00113901144428863e+00
1.03854417322127235e+00
9.59664790601509998e-01
9.99816564933576180e-01
9.97801021642229613e-01
9.45472173506084035e-01
9.48412725072675600e-01
1.00044515649970744e+00
1.00091758423098076e+00
9.98790783975820884e-01
9.85786546646649553e-01
1.00013864798819863e+00
1.00009117552894300e+00
9.98981563648819737e-01
1.00093025319633733e+00
9.97958222938491235e-01
1.00373262201048608e+00
1.02287164447228007e+00
1.00106129673193345e+00
1.05074272097519206e+00
9.95587101113840078e-01
1.01148565986795025e+00
1.02393274366969123e+00
1.00687792033732726e+00
1.04526543519293225e+00
1.02020452126089900e+00
1.03873946075596302e+00
1.04943074769751976e+00
9.99314537792357793e-01
1.00656283484820919e+00
1.02894975398516619e+00
1.00329088999630112e+00
1.00142154138226402e+00
1.00595723520348534e+00
1.00355108234400170e+00
1.00399731904169598e+00
1.00461520538515692e+00
1.05561432440882874e+00
1.00122997493198307e+00
9.99570208538041904e-01
1.00500500931248071e+00
9.96077586392900338e-01
9.99842290180734228e-01
9.99336109270583139e-01
1.00054672509422082e+00
9.43006161253643005e-01
1.00180256507838505e+00
1.00769116059311736e+00
9.99531930298657834e-01
8.86007393246212915e-01
1.00879006698292906e+00
1.00063671890998651e+00
9.68671066205297082e-01
9.88729801667265984e-01
9.98689371279861238e-01
1.00047811644668760e+00
1.02710736763058375e+00
1.00001511992517589e+00
1.00076660816900431e+00
1.00170567339657302e+00
1.00171507801129045e+00
9.98382606731082034e-01
1.00025432785324875e+00
1.00083361785637837e+00
1.04449602326404878e+00
1.00175487800923824e+00
9.95268828242336423e-01
1.05390613432750446e+00
1.00124311409254085e+00
9.94458960355558030e-01
1.02957930736923431e+00
1.00186338278440301e+00
1.00088151485649801e+00
1.00511116616601126e+00
9.99288965017459452e-01
9.64708813752131689e-01
1.00074242031813743e+00
1.00247572527419515e+00
9.93257549367190684e-01
9.99424839132384890e-01
9.06861392234140307e-01
1.03970183464382648e+00
1.02396163118255634e+00
9.98215683392675412e-01
1.00352898855534289e+00
9.76180020248678004e-01
9.99750893876674929e-01
1.01237782858797654e+00
1.04927378224364243e+00
9.98989041699311242e-01
9.90319332270434005e-01
9.26014882070738565e-01
1.03999787962853740e+00
1.00632846476633930e+00
1.03290634859408326e+00
9.99628530049306407e-01
1.00095647324405590e+00
1.02954513847600926e+00
9.23044181255420870e-01
1.04456129868400049e+00
9.99000194544253928e-01
1.03972698152744258e+00
9.11296098227044493e-01
9.99029040318370698e-01
1.00121827021552079e+00
1.00668217925625192e+00
9.97612932581142808e-01
9.45641839144491292e-01
1.01882261817168751e+00
1.00109829223979596e+00
9.94459171542910969e-01
9.60079121798223301e-01
1.00128774789814079e+00
1.00099630519500615e+00
1.00321854187537851e+00
1.04584697207805344e+00
8.76386011973497747e-01
1.01159343309161054e+00
1.03425516473300760e+00
1.00194300730330288e+00
9.99697436670280326e-01
1.00913484354648797e+00
1.00499699337234594e+00
1.00487134611243789e+00
1.00063714439955365e+00
1.04284472773198567e+00
9.10232119076892054e-01
1.02956532785638455e+00
1.04424714205024460e+00
1.00045777577594741e+00
9.98216529845297296e-01
9.98107521638882944e-01
1.00175384862979566e+00
1.00083022011740197e+00
9.98436715162569599e-01
1.00085555426941930e+00
9.98900924736385365e-01
1.00822529523426518e+00
1.00051057115732256e+00
1.00069579239425699e+00
1.00067109320702685e+00
9.80375380533111240e-01
1.01209633826182399e+00
1.04722616655215250e+00
1.02744515709197337e+00
9.49549770366688639e-01
9.96646029409118728e-01
1.05622873573991916e+00
9.99825959948386633e-01
1.02293727598768402e+00
9.91330335712796717e-01
1.00120888662875984e+00
1.02114680047020268e+00
1.01462357083847587e+00
9.93772930525050002e-01
1.01338941633901847e+00
1.04581008045408241e+00
1.04183406237705056e+00
1.04252870757985261e+00
1.02061624116657179e+00
1.00089528419304141e+00
9.98198352092518282e-01
9.99995500669372039e-01
1.00090727948080249e+00
9.80480950391227513e-01
9.98986325829093746e-01
1.00276615740046848e+00
9.98128009734857602e-01
1.00293718021021450e+00
9.99461119999306868e-01
1.00067809706394772e+00
1.00484358573265387e+00
1.00427218815060049e+00
9.76156510818316558e-01
9.58287084107185216e-01
1.01805247341771565e+00
1.00914485766667483e+00
1.04138175227912266e+00
1.03184093006051536e+00
1.00046303804645720e+00
1.02128047605549144e+00
1.00077797330547735e+00
1.02375121825496951e+00
1.00409354029957498e+00
8.90434762376219657e-01
8.87376271861141208e-01
1.05225552085700702e+00
9.60384638777099120e-01
1.04742679869702293e+00
1.04590984849875168e+00
9.98737207560387641e-01
1.00001140038346747e+00
9.99449305374671249e-01
1.04348091667911991e+00
1.00163809629155254e+00
9.99929590724067618e-01
1.00143082432930108e+00
1.03057241646309405e+00
1.00084946549082043e+00
1.00077937409485251e+00
9.99193924925782295e-01
1.01657055698402510e+00
9.99635622012306491e-01
1.02163574093641474e+00
1.00307485094678417e+00
1.00281792462972841e+00
9.98577926451956088e-01
1.00375288440520150e+00
1.04168398553429831e+00
8.90772581371309213e-01
9.63495825614943624e-01
1.00954729644960639e+00
1.00272706283883140e+00
1.00073743874308185e+00
1.01350793427482921e+00
1.01285199115252889e+00
1.00002642232233430e+00
9.95627999432982635e-01
9.98150104755071932e-01
9.99340178121973732e-01
1.00073549563494568e+00
9.99324947592891921e-01
9.64314967843928561e-01
1.00442841014130146e+00
1.05609540166885507e+00
1.03871514404852872e+00
1.04847993136171924e+00
1.00316264823769274e+00
9.99594636796302449e-01
1.01596962376346434e+00
1.05378720881037591e+00
9.82339910840999031e-01
1.00084066423604590e+00
1.00034994884201978e+00
9.72664828700370743e-01
1.04047701540547832e+00
1.00013489186972371e+00
1.03868192458694408e+00
1.00113566584404445e+00
1.04154215707905373e+00
1.00119546694357453e+00
1.00453506638620760e+00
1.05246291368108769e+00
9.99567984504804219e-01
1.00067460532614838e+00
1.00089646664394838e+00
1.00149180179892205e+00
1.00266503886953018e+00
1.00076037486539859e+00
9.18783502858715684e-01
1.03704034795632216e+00
9.39546709554183845e-01
1.01088638512758577e+00
1.00551738042663019e+00
1.00140380804949136e+00
9.96864981281705198e-01
1.00131241217637856e+00
9.98667293255416921e-01
9.99836301206724953e-01
9.15068085822980049e-01
1.00106134025298554e+00
1.04189770915199253e+00
1.01114057193045781e+00
1.01295162677668937e+00
1.02473511660704375e+00
1.00052482802287401e+00
9.99400872156734343e-01
9.99205251039967046e-01
1.00054732237292354e+00
1.00259596514772209e+00
9.98129976216510451e-01
1.00159976516989246e+00
9.97069763372751439e-01
1.02028520089164543e+00
1.00080519609083707e+00
1.01181006125934769e+00
8.90352325171141490e-01
9.98161729504495776e-01
1.00009275309433598e+00
1.00076298345965320e+00
1.00490965840164859e+00
1.01986773467190184e+00
8.92721924871673234e-01
9.99765975101759241e-01
1.00112176219824112e+00
9.99806797904639000e-01
1.00055135342054502e+00
1.02368841267775368e+00
1.03483149757438864e+00
9.39267511918787545e-01
1.03681205642853791e+00
1.00270177375279923e+00
1.00173256755520845e+00
1.00194299441366219e+00
9.46439548977490830e-01
9.97833510762949238e-01
1.00056101604038883e+00
9.99420700131104733e-01
9.98043458332362410e-01
9.99874801935990876e-01
9.99743629418621826e-01
1.00242565306414244e+00
9.99524852392063901e-01
1.00133717418558943e+00
9.96874127181428205e-01
1.00090092339692727e+00
1.04846500068384718e+00
9.77483439482665029e-01
1.01484948162817479e+00
9.96417800826572608e-01
1.00057756162255962e+00
1.02787351750215161e+00
9.99124457123569565e-01
1.04307613695455492e+00
1.02892839378737389e+00
1.01238902375492223e+00
1.03713289368674877e+00
8.89718224937025903e-01
1.00272316910209369e+00
9.83939299589244309e-01
1.00068057163890711e+00
1.00367662277484060e+00
9.91868656137847027e-01
1.00423378095340499e+00
9.99183832835836117e-01
9.59885746296113895e-01
1.02743488820500795e+00
1.04911846887898585e+00
9.98783843977419816e-01
9.99491270047379921e-01
1.00832763624245092e+00
8.85604354749913392e-01
1.00478404720173264e+00
9.98466690880256968e-01
1.00364478686200420e+00
1.00118593926749821e+00
1.00257052605468822e+00
9.99534917251239885e-01
9.99006864564013775e-01
9.98742918534212598e-01
1.02845471915779463e+00
1.00060821222703944e+00
9.99144268444104422e-01
9.99728453868473310e-01
1.00004254964925310e+00
1.04814229624804489e+00
9.99040015320434294e-01
9.80478988038990695e-01
9.99544722909753824e-01
9.99515339521614976e-01
9.97634412157630046e-01
9.99967908421104057e-01
1.00405177920549238e+00
1.00010250903155518e+00
1.00099255981893998e+00
9.29647982565418030e-01
1.00092488358905030e+00
9.95570646893971567e-01
1.00326380671226434e+00
1.00926810637229103e+00
9.99503924261392118e-01
9.02944961219676712e-01
1.03605674426946259e+00
9.99748148433208805e-01
1.01590651131743126e+00
1.02902947051369398e+00
1.02920902742989151e+00
1.00323084629903625e+00
1.00577001538703947e+00
9.98852311704421347e-01
9.60952126728313982e-01
9.83650721133657036e-01
1.05254129719306944e+00
1.04932207582754833e+00
9.98790421481479784e-01
1.00031839200794548e+00
1.00782229569948889e+00
1.00018946474336934e+00
1.00311713239713063e+00
9.99464836898586451e-01
9.97105406455257581e-01
1.00029202919060189e+00
9.99218180729729677e-01
1.00646507393906948e+00
9.98844119055292912e-01
1.00146879529205357e+00
9.98885087676173122e-01
1.00008293792493275e+00
1.00216448467585484e+00
9.98304340078835506e-01
1.03231597249374829e+00
1.00176701770287324e+00
1.01274741802828450e+00
9.56375435248319916e-01
1.02820162002343518e+00
1.00114300702290859e+00
1.00168787563022055e+00
1.00066144116376243e+00
1.00089953423229394e+00
1.00053414951796138e+00
1.00248002609920484e+00
1.00971051001016110e+00
1.00055872351658848e+00
1.01847937548315381e+00
1.00070135552752482e+00
1.03668855268106563e+00
1.03465907778406341e+00
1.04190159444582564e+00
1.03460053166808597e+00
1.00208323616215234e+00
1.03019680432638094e+00
1.00071713112838401e+00
1.00446980544246012e+00
1.01981801612144607e+00
9.96939644207148756e-01
1.00356343595340047e+00
1.00106872116772849e+00
1.02801958367920920e+00
1.00119216198685579e+00
9.55360600931179471e-01
1.00036952742229901e+00
1.01014492960981239e+00
9.94999180165930919e-01
9.99027364811508556e-01
9.27195833045964535e-01
9.93704136065078347e-01
1.00017746027828092e+00
1.00185685631070132e+00
9.96689799068978699e-01
1.00078362631224138e+00
1.00075374991034560e+00
1.00308738492187177e+00
1.00171352752121701e+00
1.00132035327404245e+00
9.99127849211573049e-01
1.00066889046663876e+00
1.03933252687207545e+00
1.04039731842381222e+00
9.99017120168918082e-01
1.00943008074996965e+00
1.04486760617838792e+00
9.95254392756777961e-01
1.01047262703478147e+00
1.00057988244287555e+00
1.00041949578011713e+00
9.94354965205774044e-01
1.00937982612361110e+00
1.00723087587979787e+00
1.00691427286159474e+00
1.00008202128253032e+00
1.00015261161693947e+00
9.99102084583917804e-01
9.96070519896384177e-01
1.03712358143612748e+00
9.89709924263749929e-01
9.96297827705240890e-01
1.01078085201152357e+00
9.99517062729514238e-01
1.02220784101305529e+00
1.00036387877654676e+00
1.00014069892316804e+00
9.79114826013728123e-01
1.05004133447551129e+00
1.00347022456118040e+00
9.99991367465334569e-01
9.94025555669076688e-01
1.03001278406558860e+00
1.00883106486678042e+00
9.48188439301128394e-01
1.00172831118345051e+00
1.02067446775631465e+00
1.02452443131975679e+00
1.04788334923329729e+00
1.03675689120878567e+00
9.99431227578396753e-01
9.95150264023495712e-01
1.04298576233562512e+00
1.04077751319463796e+00
1.03962257535732028e+00
1.00551257542105632e+00
1.03075640441768823e+00
1.02186186474312368e+00
9.96253499243323626e-01
1.04159693850532742e+00
9.90822330331178946e-01
1.02983937979546925e+00
1.00059980627234157e+00
9.41383904947938666e-01
1.00071181029042533e+00
1.00039137168821046e+00
1.00397928792020008e+00
8.54442002500997444e-01
1.05244198839041503e+00
1.01016820762912540e+00
9.99406031765280534e-01
1.00255095865830879e+00
1.01196636855714273e+00
9.71656343378315634e-01
1.02623823972603612e+00
8.97365533104044877e-01
1.00471701978583616e+00
9.78259218849234058e-01
1.01379321051234972e+00
9.97147184463374248e-01
1.04986618838514123e+00
1.00325168435706935e+00
9.99546134284826304e-01
9.99281506343366877e-01
9.26239063625267756e-01
1.03589523433322594e+00
1.00089848550948290e+00
9.53056030548355859e-01
9.96657485595991655e-01
1.00130931000423518e+00
1.03860281298696289e+00
9.99819336887383225e-01
1.01217269498445561e+00
1.02415218952009357e+00
1.02278489862541289e+00
1.05335461700992550e+00
9.72702128723067827e-01
9.97587990346414877e-01
9.31930176877275307e-01
1.00066075562069612e+00
9.99989801750627239e-01
1.03153556899996990e+00
1.00155249234230270e+00
1.01085699493651049e+00
1.00213853407115838e+00
8.66043975710460878e-01
1.03583037001786238e+00
1.02543709678126516e+00
9.72355654086172194e-01
9.70029352383813381e-01
9.64691458310947936e-01
9.99403000438626732e-01
1.00005188104824505e+00
9.99652379468285557e-01
1.01813025455841077e+00
1.00309970038416263e+00
1.01957801634314382e+00
1.00057867648624965e+00
1.04172341995888518e+00
1.01682258866332575e+00
1.00924310706025944e+00
9.99863904113675095e-01
1.02588753459434678e+00
9.34559697287671076e-01
1.03475166795530082e+00
9.11879145802160895e-01
9.99148594417856417e-01
1.00187484439067376e+00
9.99426843674294130e-01
1.01903889288032090e+00
1.00024653462563462e+00
9.98829771631761787e-01
1.00075397561080104e+00
1.05160601212131644e+00
1.00500062386695532e+00
9.47752285917061288e-01
9.96227353269195537e-01
9.94889557715410655e-01
1.00168363832200513e+00
9.96660125090565119e-01
1.00559929328578845e+00
1.00157570904110127e+00
1.00037967444411335e+00
9.98691342681301886e-01
1.01129358226694333e+00
1.00082905468750938e+00
9.80914889842211313e-01
9.99085340912360897e-01
9.98772980014075773e-01
1.00344428550199694e+00
9.99626313147030543e-01
1.00072224108304675e+00
9.86859257528021172e-01
1.01830599710878000e+00
9.99721284408683242e-01
9.99403288336789597e-01
1.00592351156411253e+00
1.04360832450138208e+00
1.00080927059946601e+00
1.00217231372510973e+00
9.99449535056123217e-01
1.00119278045405147e+00
1.02985859394532930e+00
1.00652116473345998e+00
1.00000528712923331e+00
1.03741379496184272e+00
1.00368311958649148e+00
1.02637440114339196e+00
1.00060901724782370e+00
9.99993243506665852e-01
1.02870895350967939e+00
9.98462277781704266e-01
1.01542851203151052e+00
1.00086393510321581e+00
1.01498522554245341e+00
1.00087655737966696e+00
1.01550854088345677e+00
1.00253674048359742e+00
1.00757195228281193e+00
1.00411664927468913e+00
9.75484942718614523e-01
1.02747884180952731e+00
9.77319947160230629e-01
1.01981217187703344e+00
1.00125097673625962e+00
1.00109688374632810e+00
1.01814245673811588e+00
9.57796332643140458e-01
1.00066929370927693e+00
1.02154208246762268e+00
1.01829292358875345e+00
1.00022500127283842e+00
1.00105887687208450e+00
9.99803614292460674e-01
1.00552120478512874e+00
9.99715744886274127e-01
1.00056856839240260e+00
1.00043057656426360e+00
9.87783027327090335e-01
1.00619936243792307e+00
9.57448362053456736e-01
1.05501724735747637e+00
1.04332691017669332e+00
1.03095915557206097e+00
9.99430375688865724e-01
9.99982112832647707e-01
1.00092967537011757e+00
9.99833581299495178e-01
1.00816683641578386e+00
1.04018157157844748e+00
8.62887456823658749e-01
9.94429224537885292e-01
1.05556850663774071e+00
1.01251132144091716e+00
9.97375144717701501e-01
8.84434022213145044e-01
9.22779964734344871e-01
1.05499312465708273e+00
1.00166413248315123e+00
1.00012627640900642e+00
1.00049752648528867e+00
1.04464170964000624e+00
9.96092403211391253e-01
1.00062830164762295e+00
1.00110386054621037e+00
1.03137055481862538e+00
1.00446778926883828e+00
1.04577535865376303e+00
1.00155458169065903e+00
9.99060693228062124e-01
9.80080736171109468e-01
9.98689457817432680e-01
1.00645627758895095e+00
1.03950029774752495e+00
1.00329241266365843e+00
1.04888287162537952e+00
9.99768742463130300e-01
9.99875893516574910e-01
9.32158041574359886e-01
1.05400162418905241e+00
9.19387118004503678e-01
9.23286846197825972e-01
1.00079874923967327e+00
9.99047393378362236e-01
1.00838380338753453e+00
1.05666456064299474e+00
9.31169930995510264e-01
8.89953078223126859e-01
9.97158266558185957e-01
1.05161502180516453e+00
1.02105757030921263e+00
1.04012387040606979e+00
1.01318577427228407e+00
1.00073788911702710e+00
1.00149109257836155e+00
1.00459010265643212e+00
1.00688572441516611e+00
9.61891907515953770e-01
9.82623335344633753e-01
1.01119822531002623e+00
1.00579504464638370e+00
8.63549189282996399e-01
9.76053679120738260e-01
1.00160559086807122e+00
9.87653289626843289e-01
1.00017353528497832e+00
1.00199840300891818e+00
1.03480431098128145e+00
1.00766842613163488e+00
9.91936446570343189e-01
1.05165232187310598e+00
9.98151000417225709e-01
1.04215544173109986e+00
1.00529665113680333e+00
1.00073022227155373e+00
9.96756210175809509e-01
1.00177881485315456e+00
1.05476700892625108e+00
1.04695882090306558e+00
9.99903864219751748e-01
9.34203075002255856e-01
8.81387173439368676e-01
1.05186982856852906e+00
1.00036814890680814e+00
1.03927675923413343e+00
9.63649027676546255e-01
1.00359126969596724e+00
9.16810825160255360e-01
1.00076452387604875e+00
9.13722696370515952e-01
1.00009052671034593e+00
1.00611742238392288e+00
9.70925293840052217e-01
9.99895007270272473e-01
1.00074197065542414e+00
9.92021747279456689e-01
1.00085519634211173e+00
1.00057822983412592e+00
8.75562096361225950e-01
9.97831234349919716e-01
9.99257499538340865e-01
9.99188085926669411e-01
9.95791898161309641e-01
1.04298723199072985e+00
1.00093298258275820e+00
1.00074425504992681e+00
1.00052902602213245e+00
9.98152362036195062e-01
9.99638863419508805e-01
9.99443714557758267e-01
9.15092079063475561e-01
8.84002851073619644e-01
9.40916428811537142e-01
9.83461958350961507e-01
1.04911630511980913e+00
8.90885072124504074e-01
9.79250585464066847e-01
9.95137363610395842e-01
1.04742593427464348e+00
9.99291207183752195e-01
1.00068774064319244e+00
1.01063350211927050e+00
9.99425741749202068e-01
1.00053261942961580e+00
1.05202779176539307e+00
9.99469423013388591e-01
9.97475747752994191e-01
9.20747858186803048e-01
9.99267378502600834e-01
9.99260175944526208e-01
1.04771181119118872e+00
9.15630885509736148e-01
1.00195097212217377e+00
1.02863518839898260e+00
1.00400142401605819e+00
1.00056940834606123e+00
1.00125319761797882e+00
1.00031412140488274e+00
9.26585047248621785e-01
9.95161528984257582e-01
1.03736038751914061e+00
1.01705616891762229e+00
1.00055649747820441e+00
1.01062522434017210e+00
9.14398992143336975e-01
1.00079859631483470e+00
1.00077438692077969e+00
9.97455402951734182e-01
1.00441300983739135e+00
8.70034524315904445e-01
1.01933123611390952e+00
1.00025476889869314e+00
1.02115855211130424e+00
9.75627071226373488e-01
9.95165864900503516e-01
1.00075121792671640e+00
1.00062976210708987e+00
1.00150073374357018e+00
9.97922595120123379e-01
1.00208321103342679e+00
1.00140476016770719e+00
9.98924892862119385e-01
1.00069230334844383e+00
9.82683415701344765e-01
9.96944057608119549e-01
1.00565178975799530e+00
9.80152857854825088e-01
1.01405763155786199e+00
1.00237006464716494e+00
1.00097454204120129e+00
1.02832866800382661e+00
9.19801938066778235e-01
1.00090627125692122e+00
9.72495256863032842e-01
1.00533293815615443e+00
1.00021270920913974e+00
1.00880776058994925e+00
9.39904112916664425e-01
1.03166576995410875e+00
1.00082997152731124e+00
1.00052206463870696e+00
9.95883840075991400e-01
1.03176097610121875e+00
1.04789586353171260e+00
9.99661125531911776e-01
1.00083151008395377e+00
1.00359943457151468e+00
1.00383065142549333e+00
1.00036891873614353e+00
1.01152414215768527e+00
1.00059193622950415e+00
1.04989699932418690e+00
9.88106966435748024e-01
1.01769057693184495e+00
1.03069072497164105e+00
1.03599721128752820e+00
1.00038421969527214e+00
1.00052035815846274e+00
1.05570870633230496e+00
1.03692473481973857e+00
1.00040958891995269e+00
1.05442659876868672e+00
9.96783962287789982e-01
1.04272576434348219e+00
9.34897262535813400e-01
1.03831519031750719e+00
1.00255292210022784e+00
1.00050984852126867e+00
1.00066850412455888e+00
1.03203495769227338e+00
9.41136579965420439e-01
1.03679982168557738e+00
1.01912644940936414e+00
1.04135833570789460e+00
1.00318705762207916e+00
9.99391876155972025e-01
9.99296504010864561e-01
1.00119045264639772e+00
1.00641586815875095e+00
9.72017371068166325e-01
1.00596617489896434e+00
9.99073992847952619e-01
9.70696731240762056e-01
1.00353622490452654e+00
9.92027427211848334e-01
1.00068141710235592e+00
1.00062217254540409e+00
1.03937060491504041e+00
1.04328727995967752e+00
1.00106566603086899e+00
1.03115119792580701e+00
1.03111831083559591e+00
1.03246001373554086e+00
1.05427723724080802e+00
9.97971284598471287e-01
9.93390724898010280e-01
1.00421955473349267e+00
1.00239209714124033e+00
1.00414764088369268e+00
9.74305950821432232e-01
9.97229494126247951e-01
1.00386735067173549e+00
1.05341417824250771e+00
1.04014530372130176e+00
1.00077667200002707e+00
9.99952062446351042e-01
1.00088571007766891e+00
1.00282431046515152e+00
1.00002428110057218e+00
9.32244968607786495e-01
1.00167242651963750e+00
9.98870619975081975e-01
1.01295487807568385e+00
1.00633143233014777e+00
1.03019422083775414e+00
9.82049805799590891e-01
9.79098030573540612e-01
9.99860020004181282e-01
9.99819090821923773e-01
1.05111180521135172e+00
1.03371953307731013e+00
1.02127879462520155e+00
1.03454307727414196e+00
1.00092236274628199e+00
1.00226621388818904e+00
9.94357363762493729e-01
1.01898660596098245e+00
1.00066005882139542e+00
1.00037140907338840e+00
1.00485109470147527e+00
1.00480546807851767e+00
1.00149036766512989e+00
1.01395475527480428e+00
9.94941482146300737e-01
1.03814115164638543e+00
1.00070231970714341e+00
9.99504534538566247e-01
1.04457452577743193e+00
1.00231038776332615e+00
1.03918078358419930e+00
9.99302107074052759e-01
1.01040999994388669e+00
9.99087358179425955e-01
1.00384723728659342e+00
1.00004695761903872e+00
1.00895280108719154e+00
1.00272304434945370e+00
9.99802041542288356e-01
9.69054232248522163e-01
1.04472837778751582e+00
8.66337848254091214e-01
9.53880799253080669e-01
1.00047969684576432e+00
1.00098283074913397e+00
9.98088191990239459e-01
1.03039863024213729e+00
1.00079195386617603e+00
9.99442353150959639e-01
1.00776040332428352e+00
1.00073555326322094e+00
9.99096304761287857e-01
1.03492544410982434e+00
9.99374457676807770e-01
1.00239954428098499e+00
1.02791481137015506e+00
9.99245736431214504e-01
1.00499542986669521e+00
9.99161491373021238e-01
1.00778288103695290e+00
1.03629257853075196e+00
1.00088640763734560e+00
1.00019341041437859e+00
9.99313594495486512e-01
9.97933893560871255e-01
9.99475718353753595e-01
9.99561270272531610e-01
1.00033980578904425e+00
9.98606679872994230e-01
9.96811156450997493e-01
9.98731296318128181e-01
1.00390857410191958e+00
1.00037943352120617e+00
1.00437654818910516e+00
9.96415786683507165e-01
1.00246137797479795e+00
1.00260427920246697e+00
1.02595047019318186e+00
8.61169591422076608e-01
1.05607211715799210e+00
9.98976923262492433e-01
1.00072413587563935e+00
1.00232000645032926e+00
1.04248848683059925e+00
9.99388998748527491e-01
8.58160640965171084e-01
9.43912326531465395e-01
1.00008551862773998e+00
9.99874348466367135e-01
1.00249075304062929e+00
1.00021905917084442e+00
1.00257411439564925e+00
1.05329090303776129e+00
1.00679836117421462e+00
9.97597788681881537e-01
1.00435678154519903e+00
1.03085376946867968e+00
1.00157525585923590e+00
1.00211865769413055e+00
1.04223704553152841e+00
9.99830617461793358e-01
1.00032077283737530e+00
1.03206145951383621e+00
9.66816554986493548e-01
9.83562496029536493e-01
9.70390839115108150e-01
9.99278326903176861e-01
9.60974963268779847e-01
1.00101241173050437e+00
1.00215644814365179e+00
9.98139184330381957e-01
1.01941346040612801e+00
9.99157138929426591e-01
1.00059034278928238e+00
9.35375344388445829e-01
1.03984784745572023e+00
1.00583348356687696e+00
9.60429388758414548e-01
1.02120685654100574e+00
1.00055007485148906e+00
1.00095513196883323e+00
1.00092600453156488e+00
9.77634507001425956e-01
9.99961540088612710e-01
9.55101608261828994e-01
9.99518223942884254e-01
9.98940714494568782e-01
1.01663589093685292e+00
1.00051102559403815e+00
1.00126379250085984e+00
1.00028193907239649e+00
9.77706355368304525e-01
9.50045238527786995e-01
9.95612165433982010e-01
1.00064434482300135e+00
1.00026437855955352e+00
9.97862295150337641e-01
1.00065268911418026e+00
9.99059566870950433e-01
1.00165718036330142e+00
1.00265142720593703e+00
9.80926511312377847e-01
9.85153617882218113e-01
1.00173425605740429e+00
9.99217671701044141e-01
1.04567149413874483e+00
1.00066929290569684e+00
1.03583202263392615e+00
1.00230526676166987e+00
1.02682013566962982e+00
1.00042337759224331e+00
1.00607857045631399e+00
1.00042772554079940e+00
9.99853182091847370e-01
8.72893040465312797e-01
9.49953838894756930e-01
1.00045030984904315e+00
9.99305716423561918e-01
1.00382165008744884e+00
1.00030840048891601e+00
9.99768767103161649e-01
9.99384866217692625e-01
1.00073824928612010e+00
9.96202409791937193e-01
8.95545173195212985e-01
1.00039644347974721e+00
9.62156357264950080e-01
1.00408448924962701e+00
9.99758372497539960e-01
1.00053227965438829e+00
9.86165729691888981e-01
1.00021534213904761e+00
1.00681741377647627e+00
1.00072635403025045e+00
9.99904850051453020e-01
9.92852943271486876e-01
1.00045177931453888e+00
9.99118016707050804e-01
1.00026305847264951e+00
1.00555230404197493e+00
1.00105866445207448e+00
1.00147092850234820e+00
1.00044982791098858e+00
9.99777810999503580e-01
1.00189770098052100e+00
9.96084152821769320e-01
1.04410538539223752e+00
1.02426879808174398e+00
9.59031184602016862e-01
1.04630877115685350e+00
1.00078994117736286e+00
1.00182327165973950e+00
9.10233083988297942e-01
1.00167646024333901e+00
9.99048041430110167e-01
1.02310280066908099e+00
1.00090970947663727e+00
9.79696582003390826e-01
1.05218247804331488e+00
1.00202823115416351e+00
1.02330788265501216e+00
1.00064998173464659e+00
1.00090194130623766e+00
1.00099419871555173e+00
1.00158120849553223e+00
9.99501512158725514e-01
1.04535376247400014e+00
1.00559526952462064e+00
1.00157585951302641e+00
1.00023605782577074e+00
1.00232113923931854e+00
1.00119507039743771e+00
9.99306342143943760e-01
1.03876256032679382e+00
1.00600866266711453e+00
1.01829624021585841e+00
9.98204164771025915e-01
1.00807405253176618e+00
1.00045613955120571e+00
1.02859146950136826e+00
1.03114849563955646e+00
9.94858982928006563e-01
1.01273666185406164e+00
9.82113808474359806e-01
1.00166622079305290e+00
9.99751996702648360e-01
1.00203959720950864e+00
9.97779679102013262e-01
1.03019812510078013e+00
1.00040899226394253e+00
9.88145466453023369e-01
9.18162398961750670e-01
1.00949820247862254e+00
9.99326337572889689e-01
1.00960841117225608e+00
1.03281314193420259e+00
1.00139742792043163e+00
1.04876762331514883e+00
1.03670670209757532e+00
1.00010727356713258e+00
1.04697620256751289e+00
9.99170506684866955e-01
1.00005667964669187e+00
9.32256310007310240e-01
1.00006700700950013e+00
9.09018443723511926e-01
1.05314591205289032e+00
9.06727786499155086e-01
9.98730816844533686e-01
9.74556514519094752e-01
9.99871032888582922e-01
1.00357274610607861e+00
1.00219097512373012e+00
9.42859715949230237e-01
8.90782164067141169e-01
1.03470678475099498e+00
9.38163982301773891e-01
1.00209891620311220e+00
1.00565073206617916e+00
9.11101658670556813e-01
9.99479701072784721e-01
1.00003076662030610e+00
1.00072763819387234e+00
1.00090841381194551e+00
9.65777379834391936e-01
1.02299900528614596e+00
1.00160152343332198e+00
9.98696119202943877e-01
1.00113349688445918e+00
1.02473451206132227e+00
1.00034136242798621e+00
9.95514232929719967e-01
1.00288106077294881e+00
1.00300375838758282e+00
8.87204555803968842e-01
9.37074522047028236e-01
9.99004047205379830e-01
1.00008798015614064e+00
9.98408080916791563e-01
9.99915303565146130e-01
9.98778345972287096e-01
9.37730979488933469e-01
9.93157150594343618e-01
1.00086467557788916e+00
1.04749835350498910e+00
1.02232199716980232e+00
1.00076029959842816e+00
1.00998181861476133e+00
1.00409800126217719e+00
9.83955549018975639e-01
1.00091710335195017e+00
9.70213080763755120e-01
1.00029210872986418e+00
1.00087894343419914e+00
8.99439583567708922e-01
1.00003029494212847e+00
1.05185706471922602e+00
1.00092134163593527e+00
1.00380940381225492e+00
9.21849549534965118e-01
9.98208230000021124e-01
1.00070775359849184e+00
9.98667641930652272e-01
1.04803995832300423e+00
9.12404967641250897e-01
1.00159177569183955e+00
9.96426192343560668e-01
9.86994700155479743e-01
1.02272937661283936e+00
1.00090600102865102e+00
1.00182065157108946e+00
1.00197982973028332e+00
1.00715874250651805e+00
1.00340062260844465e+00
9.98722588573848657e-01
1.02833558424815319e+00
1.00051851648218637e+00
1.04352526686307945e+00
1.00030919874985336e+00
1.02574348734028020e+00
9.98226309780568921e-01
1.05030689489329809e+00
1.00063749530640989e+00
1.00147562683753266e+00
9.99875646507090488e-01
1.00086972018577991e+00
1.00186954174782339e+00
1.00294695699525249e+00
1.00070904207489786e+00
1.00895984401118777e+00
1.00040297741290285e+00
1.00119760415117609e+00
1.03173507545898735e+00
9.20523420860530961e-01
1.02960166481628224e+00
9.99096866819579765e-01
1.00225189966126860e+00
1.00093715030696817e+00
9.71864811469325351e-01
9.67059079732973670e-01
1.00472670657528762e+00
9.98610218769680147e-01
1.01348574196882635e+00
1.03851460769034376e+00
9.57462714266829162e-01
1.01127954697654943e+00
9.96606438259426075e-01
1.00036782473470032e+00
1.03598581946201240e+00
1.00423290287548328e+00
1.00001333089334987e+00
9.94493314755351188e-01
1.01965057852356344e+00
9.74776108744088488e-01
9.99921603633171174e-01
1.04154383196690481e+00
1.01828526674378894e+00
1.00064035689744357e+00
1.00189516224584585e+00
1.05176128315177109e+00
1.03395615628221083e+00
1.05550829688887338e+00
1.00073245663500643e+00
8.58354820003515706e-01
1.05157720059446902e+00
9.93644971398000121e-01
9.97491350562776713e-01
1.00112015685888345e+00
1.00024604190974875e+00
9.86310181430276378e-01
1.00535941605450896e+00
9.98819326872978031e-01
9.16450105359610134e-01
9.99012095956749113e-01
1.00258092294649015e+00
1.03899456837552084e+00
9.98812970111902731e-01
1.00156102989124274e+00
1.00194052751923079e+00
1.00070577049735587e+00
9.99637491458267080e-01
1.01919739096031670e+00
9.51179260923930125e-01
1.03206109587987038e+00
1.01705877727527216e+00
1.00631365667233386e+00
9.98256808417426811e-01
1.00579709325007549e+00
1.03322387439832553e+00
1.00456810673315955e+00
9.95535135051401898e-01
1.00239846647697028e+00
9.95914021428792484e-01
9.70793255374520880e-01
1.00006273194193018e+00
1.04102502395729513e+00
1.00070283228135271e+00
1.01787278042777807e+00
1.00085609121109909e+00
9.98574915652905015e-01
1.00297870629354513e+00
1.00124535619114652e+00
9.98955778399951200e-01
1.01629203008277624e+00
1.05638341173176342e+00
1.00136218117452369e+00
9.99599035679749393e-01
1.00117500353581690e+00
9.98978239025135828e-01
1.00303195545086221e+00
1.02037531388316549e+00
1.01362903923398950e+00
1.03047810001754359e+00
1.00314193176871935e+00
1.00106711021676364e+00
1.00072680687834992e+00
1.04564749720262817e+00
8.94380249291474305e-01
1.04665195698538982e+00
1.00008187253697489e+00
9.40465075482617707e-01
1.03420649303713486e+00
9.98931112306339797e-01
1.00037763126635881e+00
1.00369260317520359e+00
1.00256145177828793e+00
1.01267159201003065e+00
9.42489286246486202e-01
1.03559550624227903e+00
1.00099034392545283e+00
1.02352657056319907e+00
9.53640708132736159e-01
1.03579262614289447e+00
9.98730591781545773e-01
9.99535298764682834e-01
1.00393333693903242e+00
1.05672355362113635e+00
1.00071597198215634e+00
1.04886453079105491e+00
9.99800263353363028e-01
1.00229372580324072e+00
1.02147623238797691e+00
9.95861374259869425e-01
1.01112308345191582e+00
8.93168130343023559e-01
1.00077016798323437e+00
1.02057399955016104e+00
9.59895360456636260e-01
1.00058363989618981e+00
1.00241589012687737e+00
1.00041879059929939e+00
1.00019931152574615e+00
1.00285801000356378e+00
9.57304776870640639e-01
1.02532032217824520e+00
1.00069756758354944e+00
9.99954388602922184e-01
9.99902102465480835e-01
9.95925034455063973e-01
1.00040006657413971e+00
1.03264383029194495e+00
9.99906083927810108e-01
1.00064358233792627e+00
9.99922288175700169e-01
1.05015218758919948e+00
1.00119268489356639e+00
1.00086188490371142e+00
8.97893779579685303e-01
1.00095133811823755e+00
1.03416810838749362e+00
9.99770306721258106e-01
9.95300159620545299e-01
9.42611447885623566e-01
1.00055733577566919e+00
1.00035044287164032e+00
9.99804025552479936e-01
1.00456838459505859e+00
1.00017079648212603e+00
9.86978727761864794e-01
9.94006276915609166e-01
1.00040296904174197e+00
9.39492768903992914e-01
1.01945440553915234e+00
1.00070983258098067e+00
9.41502141093772615e-01
1.00067728994886984e+00
1.00015022844428647e+00
9.02632085234212012e-01
1.00296026529483728e+00
9.64813279032075699e-01
9.99958776527828386e-01
1.00198235085854703e+00
1.00394378716553967e+00
9.45847709016218507e-01
1.02238966970699519e+00
1.00050527544238488e+00
9.99792824350191456e-01
1.05447248193739962e+00
1.00063109641868753e+00
1.04400831664849769e+00
1.00400361628392565e+00
9.99375439357651385e-01
1.03405931387869332e+00
1.05614557720917857e+00
1.05353293943095361e+00
9.97474764928516389e-01
9.39531408662859779e-01
1.01186634733375391e+00
1.00067192270765615e+00
1.00004241190387133e+00
1.00233644498245034e+00
1.00095001305633535e+00
1.00083267614830129e+00
9.93546371055505473e-01
9.84193033822076235e-01
1.00807895031686079e+00
1.00017155710930128e+00
1.00052348779062372e+00
9.83367486210591779e-01
1.00128836336910298e+00
9.67336461778389389e-01
9.14335113903362307e-01
1.00052802466264268e+00
9.99480048788815911e-01
1.04459944187222087e+00
1.02332022313004090e+00
1.00073944951996441e+00
9.99853871513963322e-01
1.01750955250547714e+00
9.99621628405798157e-01
1.03971213384392192e+00
1.00244339831847817e+00
9.99843002826630745e-01
1.00089670486269755e+00
9.98748192123902423e-01
1.00032688114609858e+00
1.00109861552269974e+00
9.98673095916455256e-01
1.00064524343267691e+00
1.00312481997971936e+00
1.01928991384867729e+00
1.03524295222805440e+00
1.05659092723458259e+00
1.03415940422080443e+00
1.03431933163250234e+00
9.99877173366828353e-01
9.99599510690673987e-01
9.99959564226979847e-01
1.00098436268164881e+00
9.97952174277110471e-01
1.04720972495000120e+00
9.96211978926514030e-01
1.00001439976521578e+00
1.00141843439650668e+00
9.99335123337889208e-01
9.99679249713882778e-01
9.99885323744124754e-01
1.00858573912455451e+00
9.99487602069806691e-01
9.99545057283186877e-01
9.06078035963953643e-01
1.02823053286041599e+00
1.03209946561294230e+00
8.54624944765385086e-01
1.00034777603811431e+00
9.98782740230157007e-01
1.00217652033942461e+00
9.98329348908717829e-01
9.99249293483626566e-01
9.83048423176317465e-01
1.00633197273142039e+00
1.00049219959230551e+00
1.00184759241238242e+00
1.03255493517934083e+00
8.52888622029544630e-01
1.00066781779097846e+00
1.03045661841612435e+00
1.02225898743589916e+00
1.00080892678819522e+00
9.96070287951892785e-01
9.99846423683826702e-01
1.00035603827646580e+00
1.01194547320390638e+00
1.04739603154434247e+00
1.00736239008136641e+00
1.00090320611421379e+00
1.00071064111602981e+00
1.00467333028212535e+00
9.22948926596909858e-01
1.00389195329476921e+00
1.00066859892935955e+00
1.02689227543054962e+00
1.00408258927043148e+00
1.02431337206721529e+00
9.99374804489139512e-01
9.98794171147127319e-01
9.99760534235003662e-01
9.40072099322141863e-01
8.99446067493005375e-01
1.02201332606118300e+00
9.98042143943888571e-01
1.00053144299372665e+00
8.70030821424787937e-01
1.03230684810840412e+00
1.04201351711367574e+00
1.00055569019886326e+00
1.00999877170990482e+00
1.00069241247236351e+00
1.01161218407550657e+00
1.00281599627213325e+00
1.03208399195204126e+00
9.89501656478150027e-01
1.00303255694381011e+00
1.00130672181172198e+00
9.99721645691619476e-01
1.05625008914044183e+00
1.03102048991696704e+00
1.00017092926228335e+00
1.05307436388176123e+00
9.99240223978692721e-01
1.00067584490371231e+00
1.05518177394945090e+00
9.99683773118247854e-01
1.00027886737670024e+00
1.04083519038286676e+00
1.00088600948884299e+00
1.04361149561257815e+00
1.00139641785740419e+00
1.03486610314831839e+00
1.01721172932298054e+00
1.03384138564244399e+00
1.00383106858724558e+00
1.04689039003335704e+00
1.01175530044598005e+00
1.00270969102660668e+00
1.00083875875425643e+00
1.00115607031371279e+00
9.78912405176111777e-01
1.04156227469218199e+00
1.00320112496932556e+00
1.03275594371057999e+00
1.04326146304009293e+00
9.99746029301275430e-01
1.01963387778278580e+00
1.03575109045973912e+00
9.98513215084288586e-01
1.04442650541388082e+00
9.99361349206537297e-01
1.00261913799693203e+00
9.97610820061989090e-01
1.00015093437573910e+00
1.01308076694518645e+00
9.34592704189242895e-01
1.00063036325666288e+00
1.03354281815832105e+00
1.02248198954781677e+00
1.00033254577817865e+00
9.99120456379401278e-01
1.00071962148368510e+00
1.01127903281389742e+00
1.05375945390748149e+00
1.03437639064513931e+00
1.05648632436581180e+00
1.04560996835096121e+00
9.99808798812829913e-01
1.00055033290627504e+00
1.03497690315975088e+00
8.65120188670228663e-01
9.99271622480008115e-01
1.04460088235251747e+00
9.99388037281544350e-01
1.04085908399298921e+00
1.00070061290573165e+00
9.97923658453736984e-01
9.91798363580133402e-01
1.00469270658033616e+00
1.00075838196296174e+00
9.97425893258005347e-01
1.00182471389185790e+00
1.00077154483652930e+00
1.01176803099580059e+00
9.99365595301683451e-01
1.00064395007915352e+00
9.99231343704535258e-01
9.85599561316785056e-01
1.00022838061044506e+00
9.33240861740872063e-01
1.00002266477155133e+00
1.00061445566534557e+00
9.99839641726719908e-01
9.86645878915042074e-01
1.00019561819013392e+00
1.01146294243867585e+00
9.99393904850615078e-01
1.02698410378138316e+00
1.04972464511318253e+00
1.00616722858055407e+00
1.00007116163345300e+00
1.00761436288556294e+00
9.28746942732713854e-01
1.03472134951312733e+00
1.02101728729205510e+00
1.00039507886073853e+00
1.00053519359421106e+00
9.99335631037284622e-01
1.00030881382443870e+00
1.00036504540866833e+00
9.94168166222949790e-01
9.99739772705339536e-01
8.53956523306227511e-01
9.46670338727105487e-01
1.01511718209142199e+00
1.00058024949146085e+00
1.00076471519095578e+00
9.99800011446127734e-01
9.92697846455914301e-01
1.00091126434473399e+00
1.05326554803582662e+00
9.51595043540927832e-01
9.98506323947530694e-01
9.98787734062316024e-01
9.52958538178369396e-01
1.02530377809469919e+00
1.01638840652767493e+00
9.99950304286705616e-01
9.53776813350009522e-01
1.03590138571177026e+00
1.03562452575715236e+00
9.36704539701297967e-01
9.39414522208946612e-01
9.99656279344026788e-01
1.00062871688907884e+00
1.00116661229332005e+00
1.00069513005647104e+00
9.37255976174202532e-01
1.00083775195366997e+00
1.00543856643003071e+00
1.00264289527022221e+00
1.00746092547674038e+00
1.00067808271813163e+00
9.99561469325841778e-01
1.00082676399123449e+00
1.00032795005407671e+00
1.00063416363455171e+00
1.02546513150355745e+00
9.99422902308198857e-01
1.00562195365940577e+00
9.99736544437311858e-01
1.00083499021959210e+00
1.02370878205690174e+00
1.00041568689303140e+00
1.00107373296854085e+00
1.01549816280299265e+00
9.99888075376777929e-01
1.00061144014398029e+00
9.99556967579637301e-01
1.00054211837603524e+00
1.00509944717215460e+00
1.00034519499300645e+00
9.95127546403712815e-01
1.00092710121244477e+00
1.00092189359764383e+00
1.00286435529712592e+00
9.99971921593500679e-01
1.02115519796451193e+00
1.00000489799006487e+00
1.00046099665831001e+00
1.00009143627452657e+00
1.01699807136887377e+00
1.00070536555627010e+00
1.03387527883714192e+00
9.74436113560746775e-01
1.00014209470142457e+00
9.99533935177737920e-01
1.00028360531826643e+00
1.02386691849247335e+00
9.95358787578538906e-01
9.97039832717017016e-01
1.00689994603334476e+00
9.97148539457572980e-01
9.93939879217497824e-01
1.03472016691292357e+00
9.46087784595150971e-01
1.00068453982850869e+00
9.30663420254986495e-01
1.00021604604222980e+00
9.89708811971569236e-01
9.99183538989575126e-01
1.04137526458826613e+00
1.00122929569376207e+00
9.99709953545086183e-01
1.00016346593969252e+00
9.99458436958724605e-01
1.00025920335510299e+00
1.00013288042948378e+00
1.00014755662069188e+00
1.03118483131186611e+00
1.00609610759692991e+00
9.99715840498819786e-01
9.96978148560686561e-01
1.00047652199816017e+00
1.00115869874006536e+00
1.01936672370666082e+00
9.98267356694341412e-01
1.00065746506857445e+00
9.27544087427519370e-01
1.02698782860115001e+00
1.00211275174485004e+00
9.31236823004759628e-01
1.03381070750653170e+00
1.03145629731605082e+00
1.00021696891067369e+00
1.05304678759248271e+00
1.05125396901858781e+00
1.05261813605306553e+00
9.99791482957091193e-01
1.00029284081547165e+00
1.00050515861146017e+00
1.00061847245460012e+00
1.00047792117644940e+00
1.02114619843391941e+00
9.97540597651085381e-01
1.02460738791248773e+00
1.02596700852184508e+00
1.03261829323745169e+00
1.00369197787527464e+00
1.00014568931724979e+00
1.04202892295909866e+00
1.00312637495930401e+00
1.00045330131781229e+00
9.99261665268944221e-01
1.03793103171587586e+00
1.00072899909000013e+00
1.01140480517726039e+00
1.00284000834890774e+00
9.99089776093337156e-01
1.00045817921577029e+00
9.95771952995157861e-01
9.99661604483782273e-01
1.00371820440291670e+00
1.02670335771506194e+00
1.01396537356573124e+00
1.02214928420949547e+00
1.05091070033275846e+00
1.00030940263619494e+00
1.05168926644593186e+00
9.99977320170210682e-01
1.00010884215603557e+00
1.00367125727371920e+00
1.00170162638164317e+00
1.00035795834421082e+00
9.99391416851503678e-01
9.99909978725577520e-01
1.00140959606167645e+00
1.00071529108722124e+00
1.00066297569039953e+00
9.83347176408344126e-01
9.99767113894708515e-01
1.01673554217375428e+00
9.60462687735109344e-01
1.03017576258572019e+00
9.93333266478509391e-01
1.00210378043732407e+00
9.75060229269460010e-01
1.00012042240414334e+00
9.99424893934231506e-01
9.99419883867072034e-01
1.00047992579832967e+00
9.98355608708673792e-01
9.30895061482764352e-01
1.00127491724032924e+00
1.03598051310090211e+00
1.00043244572160095e+00
9.80659205381289811e-01
1.00543876259704823e+00
1.00048017998270700e+00
1.00082676799359338e+00
1.03509742267378901e+00
1.00064507371804479e+00
1.00002546215192534e+00
1.04359630355543898e+00
9.84788913717962400e-01
9.24839082219282460e-01
9.98385653656460037e-01
9.76887292106142002e-01
1.00089440503875893e+00
9.32664503741829853e-01
1.00056298012487588e+00
1.01498522181130624e+00
1.04340577263796064e+00
1.00079666482707408e+00
9.99066085219732170e-01
1.00015372710093509e+00
1.04655058683503777e+00
1.03686903507005956e+00
1.02702312504321580e+00
9.99929316490587805e-01
1.00030277733396078e+00
9.99537915469216109e-01
1.02355355378017143e+00
1.04122658712948946e+00
1.00543061404054135e+00
9.99199200441076019e-01
1.01071582892750422e+00
1.00075931580916855e+00
1.03824153056112300e+00
1.00249268821197601e+00
1.00084467861816262e+00
9.95794459787971986e-01
1.00171304284100948e+00
1.00051256093949070e+00
1.00071332454317852e+00
1.00277765711766320e+00
8.75406693692759030e-01
9.16311153417009860e-01
1.00008460300738533e+00
1.00111229306973226e+00
9.98869405406465516e-01
9.99975696265457570e-01
1.04325872496258598e+00
9.94819217360202401e-01
1.00027765657611978e+00
9.24965278485730957e-01
1.03387541848710596e+00
1.00021687615792554e+00
9.99969727157807076e-01
1.00901936385436253e+00
1.01310993822395301e+00
1.03161425266530737e+00
1.00228640508142441e+00
9.99453992223670817e-01
1.00491233920986267e+00
1.01917358125292568e+00
1.00057433998532219e+00
9.99471230669446431e-01
9.99179469123083530e-01
1.00022726620625413e+00
1.00047873430915191e+00
1.00086361328748574e+00
9.32560318730309645e-01
1.00005963107039464e+00
9.93981825673138641e-01
1.00040029941719877e+00
1.00279979948378917e+00
1.00002494391879848e+00
9.93755061739046708e-01
1.02363139050698027e+00
1.00026498792502361e+00
1.02796828476517677e+00
9.87744002392878184e-01
9.73281530879738899e-01
9.99642647523690586e-01
9.99934299387225001e-01
1.00183811990336369e+00
9.99906061323626361e-01
9.99900898441216990e-01
1.00849663539263812e+00
9.99954088435065502e-01
1.00290625154664825e+00
1.00790665143031744e+00
9.99997093789317226e-01
1.00019408579835933e+00
9.57208843425762401e-01
8.69370638324890366e-01
9.96019089983590455e-01
8.94781315572279246e-01
1.00052862305551882e+00
9.98067547531866994e-01
1.02801441694686480e+00
1.00009102572191000e+00
1.00076098933409585e+00
1.00641321285437235e+00
1.00182418242232640e+00
1.05084308050611863e+00
1.00223584108040575e+00
1.00510020498823671e+00
1.01636890816936809e+00
1.00147571771488830e+00
9.99263128538648071e-01
9.99518297360495023e-01
1.00051260323982993e+00
9.99980132807115618e-01
9.99999003364833050e-01
9.99081771415556985e-01
9.66872906236673546e-01
9.94526067044486650e-01
1.00301216351134870e+00
1.00536498663237128e+00
9.98916482759999003e-01
9.99517006634746519e-01
1.05230859949309985e+00
1.02890256491357079e+00
9.99200457014981724e-01
1.00014136338027648e+00
1.00056485364167513e+00
1.00828395127271109e+00
1.00006273452730809e+00
1.00491507178270445e+00
1.00032940224253464e+00
1.00103881987274423e+00
9.99731136995076097e-01
1.00118658237246105e+00
9.99982973116091078e-01
1.00071685819911815e+00
1.02045197911014429e+00
1.00079634244168836e+00
1.00034323812237025e+00
1.05116138274651494e+00
1.01351122338144251e+00
1.03712523351097263e+00
1.02810502278118876e+00
9.02841810588358218e-01
1.00067296616517898e+00
1.04346134148771941e+00
1.00007871955712346e+00
1.00097541283506763e+00
9.99908890641119208e-01
9.98731827208524159e-01
9.99949724963426712e-01
9.99194727271186744e-01
9.44142023504918937e-01
1.00374738787319062e+00
1.00108158491868249e+00
1.00071243347273531e+00
1.00071714684601587e+00
1.00111311560940575e+00
1.00046317006388419e+00
1.03313245252695585e+00
8.81487465928124547e-01
1.00364251557169171e+00
1.00064168413752652e+00
1.00699059347441811e+00
1.00250603583468689e+00
1.00031830721245174e+00
9.08022477526160277e-01
1.00014687980006745e+00
1.03654831547876247e+00
9.99776897053649694e-01
8.97793435603784995e-01
1.00038544052230138e+00
1.03936090278233095e+00
1.00430442964114519e+00
9.99133885541142797e-01
1.00006763602805848e+00
1.04147292818876513e+00
1.03027946375268886e+00
9.99974088811725226e-01
1.00035703410448096e+00
1.00023108951579109e+00
9.54249305534789927e-01
1.00346495370852895e+00
1.01520124229619246e+00
1.00362011675044660e+00
1.02244073735233409e+00
1.00752682612777011e+00
1.00060572582367380e+00
1.00321174232403165e+00
1.00155519350331557e+00
1.02208013913906037e+00
9.27852235465761788e-01
9.53316713156955320e-01
9.06180441816202387e-01
1.05233145917707405e+00
1.00106758134564688e+00
1.00106164678443044e+00
1.00272768547029822e+00
1.00615244448396646e+00
1.00073911704474461e+00
1.00509813027849004e+00
1.00092810854041248e+00
9.99157138472154260e-01
1.00044636837226020e+00
1.00138396898681714e+00
9.99463213491393998e-01
1.01380873688831352e+00
1.00228834683653822e+00
9.97641242981550436e-01
9.98814379671535857e-01
9.74017729667403631e-01
1.00301643260381734e+00
1.03511427851782289e+00
9.97280822075966467e-01
1.00008233077726083e+00
9.87149948878238814e-01
9.99322494323574784e-01
1.00008320392382388e+00
9.99064672934370401e-01
9.99187347871447140e-01
1.00054311986287470e+00
1.00549771289125212e+00
1.04382656073622626e+00
1.02403878086963629e+00
1.00028603651222769e+00
1.00356089748128330e+00
1.00048213278128695e+00
1.00063418912829283e+00
1.00026470198498285e+00
9.51855588954712339e-01
1.02342065076059607e+00
9.11055275065724146e-01
1.00489610399293783e+00
9.99239774297955075e-01
9.99959736278640432e-01
1.01011535897373395e+00
1.00054380453689884e+00
1.00042025335020446e+00
1.00001939095552950e+00
1.00324825366119108e+00
1.03350332232503694e+00
1.00238919156137540e+00
1.01992824223543410e+00
9.99524013422301905e-01
9.99829070811954268e-01
1.00064853526620268e+00
1.00038838292729149e+00
1.00036486049679896e+00
1.02185922383781480e+00
8.76858737150684520e-01
1.00112509611151412e+00
1.02106183233080938e+00
9.99142641052912173e-01
1.00057656845778231e+00
1.00063319797949934e+00
1.02259672419396841e+00
1.02672239717389147e+00
1.00000312859496643e+00
1.03727817866681171e+00
1.00037229310231734e+00
1.05158885251928469e+00
1.05365182192222662e+00
1.01031382785786805e+00
9.99039781535893123e-01
9.98997026077347194e-01
9.99022901662977469e-01
9.47241486635119312e-01
1.03179591214951616e+00
1.00109082933172400e+00
1.02383003501412739e+00
9.99665592536185033e-01
9.99480377142657472e-01
1.02251710003144103e+00
1.02391416411985769e+00
1.00049638237859728e+00
1.00051605423258239e+00
1.00057033160817066e+00
1.03245990396786524e+00
1.00074093829219279e+00
1.00524926088045286e+00
9.99254781998237362e-01
1.01183321189815079e+00
1.01076346996679711e+00
1.00023974217554668e+00
1.02801292018429957e+00
9.99724787688152983e-01
9.98956905719469157e-01
1.00570887987589752e+00
1.00022784466361458e+00
1.00335580479463604e+00
1.02533214658800609e+00
1.02635115660709153e+00
1.00008061019099692e+00
1.00253353964244929e+00
1.00002163128921429e+00
1.00042707088682836e+00
1.00225419843642061e+00
1.00041275898001270e+00
1.00020807386258315e+00
1.03014759425434366e+00
1.00016478788091301e+00
1.02864400215239460e+00
1.01673605845887272e+00
9.99618689726364695e-01
1.00044995988681995e+00
9.99607816965426110e-01
9.98633610068287325e-01
1.00223139868678346e+00
1.01663464839240669e+00
9.73878199027623959e-01
9.92149992145824777e-01
1.02722060621784905e+00
1.00046771722713612e+00
1.00013029143327681e+00
1.00288659690677706e+00
1.00013553669838484e+00
1.00049898679842797e+00
1.03233311373223824e+00
1.05261324794359457e+00
1.00084624587428461e+00
1.00028002805291005e+00
1.00080715640938989e+00
1.00083605456396985e+00
1.00011218918177391e+00
1.02272714411060361e+00
1.03694942603140516e+00
1.01070870262274703e+00
1.01497767603775046e+00
1.02397075321973885e+00
1.00008749477215364e+00
1.03050310595414540e+00
1.00024352555728968e+00
9.99648673637791418e-01
1.01845153598891724e+00
1.00113639572576085e+00
9.99950227254561952e-01
9.11890290599966735e-01
1.00947187047529630e+00
1.02820622972369025e+00
1.00590980836522692e+00
1.00019340810431756e+00
1.00011558777453669e+00
1.02822935217231914e+00
1.03229805107969730e+00
9.99122679148889858e-01
8.81800737722410077e-01
1.00058312399998517e+00
1.03242174097333117e+00
1.00556897682669111e+00
1.00215401690949801e+00
9.99678827100104583e-01
1.03377840284097688e+00
1.00102490835872326e+00
1.00191921752312929e+00
1.05317702733940322e+00
1.01784795623887714e+00
1.00050630123987672e+00
1.03179157158942147e+00
1.00873456933557160e+00
1.00309130216357678e+00
1.02672757434188577e+00
1.01991944027399128e+00
1.00017757679266572e+00
1.01752921602111623e+00
1.00050853448060306e+00
1.02531491502299610e+00
1.00293596784823569e+00
1.02887902647056606e+00
9.91548605951108053e-01
1.01634089629733837e+00
1.00023980208354279e+00
9.15933198398959814e-01
1.00068630409299586e+00
9.93622434364102247e-01
1.05339980880059647e+00
9.93606593612394784e-01
9.93603376918044789e-01
SCALARS pressure double 1
LOOKUP_TABLE default
7.30253355019681361e-01
7.14685470933156153e-01
7.14917614607363250e-01
7.13674921700543141e-01
7.12645497452781940e-01
7.13489780219670466e-01
7.14572200696728110e-01
6.82499897750543982e-01
7.11491143447104513e-01
6.29237716933795821e-01
7.65114121164508165e-01
7.14291240101394109e-01
7.11782782863458419e-01
7.48792608702137152e-01
7.14925682233563786e-01
7.14350229976180695e-01
7.16967045593250196e-01
7.15113717062084819e-01
6.82545580324746992e-01
7.59686110635315548e-01
7.13098879579876721e-01
7.13993844615315010e-01
6.55448641045456415e-01
7.11980364606722538e-01
7.13775194826907433e-01
7.38071196697949516e-01
7.13707335856316294e-01
7.13971110902361317e-01
6.67490190256231464e-01
7.14218529041271810e-01
7.15188163630340656e-01
7.01156180862198997e-01
7.14732731683567102e-01
7.15258380966890872e-01
7.15483687209096164e-01
7.14592249738231433e-01
7.17719294940380226e-01
7.15635649771074300e-01
7.28872193779227406e-01
7.55877710645453282e-01
7.13569875767093187e-01
7.45349942062978443e-01
7.09438369376977129e-01
7.26444925763228833e-01
7.19041288204391393e-01
7.14740461284550821e-01
7.15178003764746051e-01
7.11615161472922697e-01
7.12486220224204825e-01
7.14804419385035805e-01
6.98685240419906428e-01
7.17313604551107598e-01
7.15024345751918977e-01
7.13797281453869892e-01
7.15691630047732175e-01
7.64412512465343030e-01
7.12992239017462448e-01
7.21245351690563585e-01
7.12793914039549614e-01
7.12047430971600614e-01
7.15641045148837307e-01
7.27722845369170979e-01
7.29886516526757290e-01
7.12805617470837483e-01
7.21240144007379569e-01
7.14769597276439295e-01
7.15171046087581974e-01
7.13895769967111349e-01
7.13602018905810653e-01
7.04782375836843111e-01
7.14880875579044672e-01
7.30926434672672931e-01
7.30342909802866647e-01
7.15093959966062953e-01
7.14453586655476536e-01
7.16507749541316241e-01
6.51389612920406536e-01
7.06247791282455295e-01
7.16585489066355108e-01
7.15019346261336897e-01
7.15309505990294192e-01
7.14075875203352362e-01
5.97488574907014014e-01
7.14516017239965717e-01
7.13950769457573187e-01
7.12919277365709592e-01
7.11660021481192895e-01
7.25001528331353895e-01
7.15206749754709437e-01
7.14601180260273861e-01
6.08060176467861924e-01
7.15264258787367213e-01
7.13992457551038129e-01
7.62657955016090350e-01
7.13813230277449029e-01
7.15087735378146516e-01
7.15988738222318455e-01
7.11671843513850155e-01
7.01872583572993647e-01
7.09337696489967473e-01
7.58479227155458124e-01
7.14573341354594271e-01
7.21241028144143925e-01
7.15082942624259976e-01
7.62831072579259528e-01
7.14859004530905340e-01
7.50575758920067337e-01
7.55601181328795946e-01
7.15047767549659485e-01
5.95450855243158772e-01
7.15218859014191688e-01
7.14022100648035951e-01
7.52748362671189275e-01
7.14609573244201934e-01
7.51767114647517776e-01
7.36256757642093196e-01
7.62676267929550789e-01
7.15458294597795197e-01
7.28204909497863873e-01
7.15752028689268127e-01
7.23182383518561123e-01
7.14470816213325199e-01
7.50576172369106454e-01
7.62976632820116074e-01
7.11580837233460439e-01
7.15047751780074847e-01
7.33889371268517721e-01
7.12638415961669103e-01
7.32464317966398881e-01
7.12003811452180169e-01
7.16378192203997455e-01
7.38635663105763229e-01
7.13843280277852155e-01
7.12728680120469971e-01
7.13521894851258942e-01
7.16386818444032625e-01
7.32301994939891898e-01
7.20905508892987434e-01
6.18081231176551227e-01
7.00195103253582363e-01
7.22218610642960668e-01
6.36060585106590359e-01
6.43456584267873222e-01
7.14914846975049367e-01
7.15026310332406156e-01
7.14672319777582943e-01
7.29981001188158229e-01
6.17584877966174117e-01
7.14014854163973811e-01
6.77511178442089856e-01
7.16412001651433816e-01
7.13386746106680847e-01
7.14450724311490037e-01
7.14045831965965050e-01
7.01352452011910099e-01
7.13332063712051712e-01
7.28268970280420369e-01
7.13236680992353156e-01
6.11799603175859130e-01
7.14827619808809156e-01
7.17305194335019602e-01
7.15129246172518940e-01
7.14887962315343795e-01
7.15123563622918956e-01
7.15349262599204505e-01
7.64089070433285000e-01
7.57836447376688982e-01
7.16007134958923430e-01
7.40461229275478638e-01
7.14207409978344976e-01
7.14759245860101755e-01
7.16384670101214649e-01
7.15548892891937793e-01
7.59443454002549756e-01
7.15170664318985905e-01
7.13213796017542090e-01
7.14022236911626362e-01
7.14160145043122863e-01
7.12191966202019966e-01
7.61431516919050200e-01
7.09977938501764938e-01
7.12411247274287840e-01
7.14026114373051746e-01
7.16252150082777317e-01
7.35853695291120879e-01
7.59695286535236436e-01
6.65498910256680731e-01
7.13697896518206365e-01
7.54323079713248745e-01
7.13427125719060640e-01
6.21042455152693407e-01
7.13269021743600962e-01
6.40699758623082927e-01
7.15807012573459911e-01
7.16147810761134429e-01
7.16975571163929071e-01
7.15564533983659046e-01
7.14866230527460123e-01
7.13931729685369776e-01
7.09294046633473507e-01
7.15909611424255465e-01
7.21813661168092313e-01
7.32689977388618852e-01
7.18843929997217246e-01
6.15251398494640833e-01
6.66442764581376523e-01
7.14354825292595752e-01
7.14100107424042507e-01
7.37607357697047217e-01
7.13689297769843689e-01
7.11558455721906236e-01
7.13611048646939916e-01
6.59394566499595935e-01
7.15495980232058848e-01
7.41969623210638418e-01
7.53980468639571133e-01
6.76170345404811579e-01
7.14608563159526589e-01
7.17474861001658026e-01
7.37913894128899961e-01
7.13957875726861313e-01
7.15143091732216685e-01
7.56904173086622167e-01
7.17157678046895120e-01
7.17990844650637339e-01
7.15371505426336762e-01
7.16171706951963194e-01
7.57777152409064625e-01
7.14949215643147618e-01
7.13170517120458314e-01
7.13843864973126130e-01
6.27001377807067772e-01
7.10766905906944246e-01
7.15173036576812637e-01
7.13644981487940866e-01
6.84645095402267478e-01
7.15927533360482538e-01
7.17391398584739881e-01
7.22105162737949002e-01
6.92287892917516356e-01
7.15139937711518514e-01
6.00372264407160849e-01
7.31101139995393390e-01
7.13699935952246123e-01
6.82950608800060754e-01
7.17288589055231851e-01
7.18153916064894537e-01
7.59433588680092919e-01
7.15618113831938074e-01
7.17661948103789582e-01
7.25667137591996747e-01
7.13422764652082875e-01
7.08225305612447675e-01
7.29112966928492701e-01
6.53516066337390567e-01
7.04959826110652221e-01
6.32708352013719999e-01
7.14396480472681783e-01
7.15088628663679060e-01
7.31849384804597491e-01
6.55794654151001910e-01
7.33101403650820216e-01
7.14658777442873538e-01
6.30381636482001739e-01
7.21039006821207695e-01
7.45142232321811870e-01
7.13888162730461184e-01
7.14872102314947799e-01
7.71086955168261534e-01
7.57190701637664443e-01
7.10860215049246347e-01
6.12043213388703933e-01
7.08355081841042566e-01
7.15158392072099969e-01
6.88985250057878917e-01
7.13343370661720266e-01
7.23060741696894271e-01
7.15733004430841979e-01
7.44208879754593822e-01
7.64142165328871470e-01
7.15424087631845618e-01
7.24117316016756440e-01
6.92030450416266874e-01
7.18668797551413774e-01
7.42567260434690346e-01
7.50476518791721281e-01
7.52632993331319278e-01
7.43478804100818236e-01
6.91536894753011833e-01
7.15331348348327234e-01
7.12797581374258971e-01
7.13141613184053780e-01
7.69081560070581483e-01
7.58322062175699640e-01
7.63673736668298297e-01
7.69510387934081219e-01
6.78813790937410455e-01
7.13957458590604221e-01
7.12986652852034219e-01
7.14477702944084081e-01
7.10624128420722978e-01
7.18074586067538156e-01
7.14006353966296747e-01
7.55733257101111833e-01
7.05315686252882768e-01
7.14289163449765119e-01
6.07174930725198347e-01
7.13851598204596427e-01
7.12378043638261071e-01
7.33860618480962512e-01
7.16372023606644426e-01
7.15825814498698310e-01
7.27660539791923688e-01
7.13207632114384316e-01
7.28600120525111250e-01
5.90175685443323328e-01
7.13481886365138762e-01
7.13993101258111440e-01
7.15158176206759255e-01
7.14811770495761611e-01
7.35086985542817817e-01
7.14468550255346946e-01
7.13042957726813142e-01
6.84869647711885410e-01
7.13837273182194365e-01
7.26050196681234272e-01
7.16917533497836490e-01
7.30787545245963344e-01
7.11684675627352381e-01
5.89875902200617031e-01
7.13948855010067329e-01
7.17822156516221610e-01
7.14076147356593749e-01
6.85688542140429402e-01
7.16517803257002872e-01
7.59997233659545190e-01
7.15081248492092203e-01
7.14839261970535156e-01
7.14062823189869689e-01
7.24382588764704849e-01
7.14670336809197226e-01
7.15350170089094739e-01
7.22256688936851909e-01
7.23295544561565862e-01
6.99362543031569639e-01
7.51910745028164018e-01
7.12725921205105584e-01
7.34235087956508381e-01
7.13864483396484562e-01
7.39082947404514856e-01
7.13879138890372578e-01
7.13049249550164244e-01
7.09346110423514031e-01
7.13727576949914733e-01
7.15038987129042569e-01
7.13154216123346396e-01
7.21479830181283144e-01
7.16649548702846473e-01
7.34019806050038470e-01
7.37338328330803483e-01
7.37729938411790243e-01
7.15673974241751054e-01
7.58189398441661444e-01
7.40010768020826326e-01
7.15138694827023302e-01
7.15120160219747891e-01
7.21330013965951755e-01
7.13812296045404304e-01
7.31477217718780603e-01
7.16142197470411079e-01
7.20466608991578217e-01
7.18742892330391014e-01
7.14277750862551741e-01
7.44138885650457271e-01
6.75007946629454847e-01
7.15135404858900925e-01
7.22419479550163057e-01
6.98904451503066459e-01
7.14653023514701280e-01
6.71819328946025252e-01
6.48373706012066009e-01
7.15545323745112927e-01
7.20150205513646502e-01
7.13649267357287509e-01
7.01134539781210431e-01
7.66986727452896422e-01
6.80312057194134900e-01
7.14335882896663499e-01
7.11761472122320771e-01
7.12832558821427820e-01
7.58671482512750961e-01
7.14078663737657160e-01
7.32370207679106988e-01
7.49222231452790655e-01
7.39822043993284439e-01
7.18845629270185915e-01
7.17843222252568469e-01
6.93863437203107725e-01
7.69780611654460101e-01
7.70602393920612028e-01
7.13897513238777037e-01
7.21506476554849008e-01
7.15590255637386430e-01
7.14482360083386281e-01
7.04074340064764104e-01
6.29675368725980067e-01
7.31540877630921016e-01
7.16883012203082259e-01
7.10692269686727829e-01
7.14736176089308506e-01
7.23602551148503803e-01
7.10557235912981144e-01
7.15176144748898568e-01
7.21804800662461554e-01
7.15049695036043320e-01
7.12854244532287185e-01
7.21746731541617947e-01
7.20964628476359004e-01
7.23687002098934662e-01
7.12871359149954253e-01
7.44875246149638404e-01
7.13890921785098609e-01
7.63008594736801937e-01
7.00806264299428050e-01
7.46896740216180355e-01
7.64303473099756991e-01
7.14001009028036093e-01
6.61520714773684460e-01
6.90019690357729254e-01
7.25150309947480753e-01
7.12847712449267035e-01
7.13645253076657715e-01
7.14789485387595125e-01
6.91920966799083437e-01
7.13785618019529777e-01
7.34777945226314455e-01
7.15137069453602003e-01
7.48116748821984312e-01
7.15630578848509558e-01
7.42563042173300825e-01
6.59674945260604884e-01
7.14112136725185698e-01
7.11961273984252352e-01
7.14600164157718321e-01
7.31225039051926928e-01
7.15339651152849587e-01
7.13458484566541595e-01
7.30207359303320036e-01
7.15155685395832075e-01
5.81746631413224136e-01
7.41194054362923072e-01
7.14596150603132196e-01
7.51386460101019837e-01
7.15538012278475466e-01
7.17100217067116352e-01
7.14639326283194043e-01
7.23746907325434341e-01
7.11508694232954486e-01
7.14151035357544095e-01
7.14214628882305136e-01
7.44840463584480417e-01
7.23312280059586699e-01
7.11771126591175252e-01
7.14524260843503289e-01
7.15695570649090285e-01
7.09919361918659453e-01
7.64962627424185082e-01
7.24157658068606991e-01
7.15861477993462114e-01
7.34948917319127260e-01
7.26170447726297685e-01
7.13282349667100357e-01
7.23403631923316581e-01
7.14990981076769061e-01
7.15128295694390181e-01
6.65275060905483495e-01
7.13176713180980193e-01
7.20593107790301057e-01
7.15676552960918477e-01
6.18947018468436916e-01
7.30916122249018585e-01
7.71550385733518196e-01
7.14008111050108751e-01
7.15026746729361617e-01
7.29581659731714294e-01
7.17127880099032944e-01
6.68575641653890496e-01
7.16433416712520699e-01
7.47374681910178751e-01
7.15177018819985078e-01
7.14013295487630373e-01
7.53765574053446796e-01
7.11055821992004899e-01
7.15316717591090945e-01
7.15034574725447736e-01
7.15089435059716894e-01
7.11782016735060807e-01
5.84563022233671958e-01
7.15101802650554896e-01
7.63999061624594189e-01
7.13751314325092645e-01
7.10927366178970233e-01
7.14368229774781538e-01
6.25200577782391687e-01
7.14228945901849821e-01
7.15270213109984065e-01
6.15675985215631050e-01
7.11980781691665565e-01
7.44984367513377488e-01
7.13546491076862743e-01
7.01663966912192349e-01
7.14816076396885491e-01
7.17112382486846833e-01
6.02162683132299925e-01
6.74463156132297237e-01
7.12577303629416403e-01
7.14985663537172633e-01
7.18286025916135329e-01
7.16080996489314225e-01
7.69459725401601125e-01
5.86281921244529602e-01
7.13490288464156186e-01
7.17185732240538387e-01
6.46750572380868527e-01
7.15068723085637514e-01
7.60440029928763250e-01
7.70913512565044035e-01
7.17706227931005913e-01
7.14506981382378004e-01
7.16214961908756886e-01
7.14994545076715227e-01
7.15618926374472997e-01
7.14385650516409454e-01
7.11800307956598766e-01
7.14435439112703130e-01
7.12541048664576571e-01
7.20880788178984488e-01
7.15336503041769656e-01
7.15025939160908286e-01
7.24705361868634879e-01
7.20545031402442859e-01
7.14045709791233718e-01
7.15734427259040684e-01
7.11922422736457117e-01
7.11146450022283161e-01
7.16013324551636465e-01
7.14667976859305276e-01
7.15380873509344761e-01
7.05634234436743557e-01
7.35792485577314248e-01
6.97271935589042435e-01
7.13102790025272770e-01
7.45585590499857509e-01
7.25972699293337853e-01
7.47436429030981175e-01
7.11781444020130882e-01
6.86534744625031723e-01
7.17118530408933030e-01
7.41000484981133023e-01
7.14749310554082418e-01
7.15430267910300399e-01
7.17016596347486823e-01
7.14176755234456229e-01
7.16440121505565464e-01
6.82486223633784972e-01
7.19289136125524253e-01
7.15023588673444177e-01
7.55999785358605458e-01
7.53197832233322151e-01
7.15069814617250499e-01
7.18152116564140353e-01
7.53964811949954239e-01
7.12505605341467452e-01
6.71711092260554365e-01
7.14600608266922510e-01
7.10079828831597593e-01
7.13271456969518436e-01
6.81266378273818862e-01
7.14305667441198500e-01
7.30011887616686117e-01
7.50879990999521962e-01
7.20063811395616593e-01
7.12768286542849183e-01
7.20159310583173173e-01
7.14154627114737317e-01
7.15096987252811345e-01
7.18980223245161976e-01
7.16765671380194536e-01
7.15112944503867753e-01
7.13844077901955143e-01
6.12659804138649733e-01
7.15057469763350606e-01
7.18207523568201278e-01
6.84937254711142196e-01
7.17324631116715405e-01
7.22407698984924074e-01
7.03640061931469663e-01
7.37576605527497153e-01
7.15733027346218020e-01
7.12767200777450372e-01
7.49624222231667137e-01
7.13988752564994389e-01
7.14143031797844330e-01
7.15176971922919402e-01
7.51733589118003698e-01
7.15216042213914549e-01
7.12640517213034341e-01
7.12768219078562359e-01
7.14843211168549431e-01
7.57673898687092340e-01
7.45941770559414574e-01
7.17662948373282261e-01
7.13482100137841857e-01
7.46425672793571748e-01
7.15005389060466401e-01
7.36160554228945663e-01
7.16187420317654366e-01
7.40989964215913011e-01
7.21908149490754325e-01
7.47933407255590432e-01
6.93707908375049698e-01
7.26668297340075653e-01
7.60116914181291015e-01
7.66434474139343402e-01
7.21883557780456320e-01
6.17174865007073414e-01
7.13033362073943411e-01
7.13781294576709024e-01
7.53845098881987030e-01
7.27114012318253677e-01
7.39135160750377107e-01
7.44960014175638952e-01
7.15071424477240813e-01
7.14822003599911659e-01
7.19044308141890798e-01
6.70186205961559645e-01
7.13243856082803274e-01
6.70911426232866481e-01
7.15832135301505690e-01
7.14033817140805271e-01
7.15192250507010963e-01
7.68967949084568891e-01
7.10612640838227505e-01
7.43042244052552370e-01
7.18429693425332694e-01
7.14813346604355138e-01
7.03332151103606029e-01
7.13570762025504290e-01
7.15115553128578663e-01
7.14277122533661823e-01
7.08621686348137825e-01
7.14500519463864503e-01
7.15037248088596811e-01
7.29568960370393205e-01
6.95972609474374670e-01
6.94756186096275652e-01
7.15216784404307471e-01
6.65260938305316740e-01
6.22589806841861826e-01
6.80228330920928825e-01
7.43147215254482352e-01
7.15541574723992047e-01
6.35265928501736243e-01
7.06942958892314177e-01
6.19595170804861595e-01
7.13443387311023858e-01
7.29821085016537086e-01
7.15065413276985140e-01
7.13890459516116849e-01
7.14612787255930804e-01
7.52125816796646474e-01
7.13879874539275372e-01
7.15330155032683490e-01
6.72294142260881578e-01
7.14704610520262351e-01
7.14443710940230736e-01
7.12110021497388224e-01
7.20148837714488788e-01
7.16513731678076082e-01
7.14033242090355458e-01
6.00302438393574889e-01
7.12051132093981298e-01
7.14436168239966918e-01
7.16531984062722560e-01
7.35735693124524692e-01
7.70934273429921268e-01
7.14750542548704182e-01
7.14580693758501639e-01
7.11347481422104244e-01
7.70093125461434935e-01
7.13850963592303045e-01
7.15646324646494691e-01
7.50690802886094799e-01
7.30772180845582264e-01
7.15012499179681238e-01
7.15568507238546259e-01
7.13337697186523179e-01
7.13221866885143996e-01
7.17628513401181833e-01
7.15075858683049015e-01
7.14407930808465097e-01
7.54900359121225550e-01
7.13193115667600908e-01
7.04979420029186232e-01
6.72510155749614813e-01
7.26532032961134444e-01
7.14629391183891460e-01
7.14038739739879191e-01
7.30353980619608989e-01
7.40687236638436608e-01
7.15645671297928998e-01
7.37878151817773609e-01
7.51236408769508479e-01
7.32368733476792655e-01
7.11131327225772214e-01
7.16971194396710532e-01
7.49802909301880871e-01
7.17651283159630338e-01
7.13895059524192188e-01
7.14008059556162311e-01
7.15425002261114162e-01
7.50353619421465723e-01
7.15599835140712348e-01
7.00986945746080004e-01
7.07811841161271271e-01
7.52041273667655719e-01
7.11908948791467266e-01
7.57395991709111316e-01
7.16945296655417397e-01
7.14099172777598379e-01
7.27736997613400383e-01
7.61892083232828421e-01
7.16306692900377406e-01
7.13595070669794107e-01
7.15173816877216373e-01
7.34853695392192696e-01
7.14101028723439724e-01
7.65214748186112015e-01
7.14981292201479768e-01
7.15185155055331312e-01
7.13924391260840507e-01
7.13476059356197401e-01
7.14921517895081182e-01
7.48924495577578564e-01
7.14947103919146953e-01
7.13058877607394059e-01
7.24439283509245469e-01
7.15320777478359093e-01
7.40511898299842208e-01
7.15153075589942122e-01
6.53394063076929488e-01
7.18906863129033957e-01
7.14454842250314748e-01
7.13557162183494298e-01
7.66974725177226535e-01
6.70522673259369761e-01
7.14281240079031821e-01
6.20225114997924099e-01
7.47224863386802940e-01
7.21694653611123615e-01
7.29215518674333096e-01
7.13248913017607400e-01
7.13760225756463140e-01
7.58453174727451440e-01
7.13810748950392426e-01
7.16353523192567843e-01
7.17660036648344657e-01
7.48741846216321560e-01
7.14067635111830024e-01
7.14980842856105969e-01
7.15257845406680914e-01
7.12487360201159325e-01
7.15494796134440558e-01
7.54202611824740798e-01
6.92640316579048010e-01
7.47585731312487733e-01
7.16486132768115014e-01
7.32763782144550180e-01
7.32254594844360174e-01
6.82680511122186195e-01
7.14083671056791935e-01
6.83820386046017248e-01
7.17967220459703959e-01
7.22505188944123855e-01
7.60757169382592302e-01
7.15216090493765444e-01
7.12295421391475947e-01
7.15842619257953117e-01
7.14292730716871160e-01
6.99638428109508270e-01
7.16177293601450216e-01
7.15528036372334642e-01
7.47957091669399943e-01
7.14326154449568707e-01
6.93744631904710474e-01
7.13844323350725785e-01
7.17142240588502733e-01
7.13457070126392257e-01
7.14899378969757304e-01
7.15147097186031533e-01
7.51798799396412920e-01
7.18440575064032916e-01
7.15032233532457040e-01
7.14243986746695758e-01
7.14973575460845945e-01
7.15109076006614552e-01
6.99314386271424948e-01
7.08607936921590853e-01
7.23926328718977219e-01
7.16709043161740778e-01
7.12736983765201226e-01
7.70940286970941635e-01
7.12032805228500321e-01
7.17625899713916104e-01
7.61806399665759693e-01
7.11583983167704104e-01
6.91835719014194939e-01
7.03327351067585038e-01
7.26282805802352383e-01
7.57193655763717555e-01
7.16364957533074498e-01
7.16357439074810309e-01
7.42818222259767125e-01
7.55658429142277432e-01
7.14065618725598483e-01
7.14534640921086206e-01
7.14973249587216864e-01
7.44725400436190177e-01
7.04725352225780255e-01
7.14619166185232912e-01
7.47680887301211849e-01
7.14981931548150373e-01
7.15053833104525860e-01
7.13316875414481188e-01
7.54729604222076356e-01
7.14141696007638327e-01
7.16085192265242365e-01
7.34335643579857589e-01
7.23915432269489734e-01
7.13811432620646502e-01
7.18116417715575550e-01
7.17312589812813428e-01
7.69907726681340554e-01
7.59706601289204086e-01
7.14898844415472245e-01
7.62092005578804410e-01
7.11234299560799088e-01
7.13599520878565818e-01
7.08087302785896600e-01
7.14959199613249718e-01
7.13516982089726581e-01
7.48310099625841052e-01
7.14711910483440849e-01
7.14025594556693233e-01
7.64224787259825900e-01
7.15071474783182448e-01
7.46546996996196754e-01
7.14406226282573109e-01
7.12225288781907384e-01
7.41854149340491875e-01
7.21611571469873758e-01
7.13103644443115359e-01
7.66000611584878977e-01
7.16495940885013338e-01
7.14883281956950389e-01
7.15192010676310441e-01
7.44982450907844540e-01
7.67391047545107785e-01
6.95815869203859849e-01
7.12821216343159425e-01
7.14890698851141537e-01
6.24844502263676160e-01
7.14174754765199316e-01
7.09880759689238583e-01
7.50544531337725140e-01
7.19075520167450355e-01
7.04622307125024272e-01
7.21633674503099787e-01
7.29985521941479920e-01
7.14170203433006079e-01
7.18630807500287294e-01
7.13637623476522598e-01
7.09592973780272751e-01
5.93060447819401038e-01
7.55345654056901461e-01
6.18446062821471632e-01
7.13232369204277350e-01
7.15028860069114147e-01
7.15318925958780216e-01
7.45185698502540350e-01
7.66744921022926684e-01
6.19570461649971982e-01
7.11227419800264493e-01
6.85401297830262601e-01
6.24965721489323056e-01
7.12000984074453447e-01
7.17066479253684386e-01
7.14172603784749116e-01
7.19618704872835968e-01
7.20318845593055812e-01
7.50522156490678438e-01
6.37381084661756359e-01
7.13979137414565757e-01
7.12105706104055769e-01
7.36841620911370954e-01
7.13652377078833444e-01
7.70655745074410925e-01
7.14261652438930472e-01
7.14992065120196307e-01
7.34066928730883972e-01
7.21108936912880250e-01
7.15081099819266264e-01
7.15009108515417657e-01
7.48960174640520671e-01
7.16094867809962010e-01
7.14915932701243650e-01
7.07876874020421432e-01
7.15381206189578345e-01
6.60142184727459003e-01
7.11172506517760872e-01
7.54094691105378856e-01
7.14747499977052891e-01
7.15550011007632825e-01
7.15261965638576025e-01
7.14344872285260779e-01
7.25228283459503742e-01
7.12711394391700170e-01
7.13944206699824946e-01
7.18777752035354101e-01
7.40106626970114090e-01
7.11511020091452839e-01
7.16232713888120265e-01
7.17226362776633874e-01
7.50882949906409913e-01
7.46690771293931244e-01
7.10448030493440963e-01
7.17120379114298157e-01
7.15283866387439016e-01
7.15428079099126424e-01
7.18012515639082860e-01
7.17351390098934782e-01
6.46735181587045127e-01
7.15246529095308392e-01
7.15207283694822116e-01
7.15097756247961236e-01
7.14231943952982840e-01
6.57526506566191160e-01
7.45403875075184574e-01
7.14212881342931705e-01
7.13362890053461651e-01
7.13313055728879930e-01
7.15206012598260665e-01
6.48915793616173908e-01
7.14343205759361610e-01
7.14959659795253333e-01
7.15168658302357985e-01
7.28523751802716668e-01
7.66157106776257368e-01
7.39742767469583562e-01
7.69552113883850142e-01
7.53904922182580650e-01
7.14193894114392380e-01
7.40298991737369350e-01
7.55563279521434317e-01
7.01551605841764570e-01
7.14523045392994716e-01
7.12898557229281526e-01
7.14550441367391875e-01
7.16324612616253686e-01
7.17710949800230757e-01
7.16624457475344534e-01
7.12745298315859421e-01
6.95190411937210317e-01
7.12627414985617880e-01
7.41763481031114558e-01
7.13678352121630222e-01
7.15111901531535366e-01
7.25716690267621423e-01
7.15331172100872603e-01
7.17550427038265326e-01
7.48885462236373978e-01
7.15618160728883845e-01
6.86588057241965366e-01
7.15185511210562397e-01
7.14695704756913908e-01
7.12969422052911028e-01
7.23029650329173545e-01
7.18317636512621038e-01
7.27156196278544775e-01
7.06634392743078155e-01
7.14912353151169300e-01
7.15205628263971493e-01
7.15157944855934091e-01
7.13903447829881910e-01
7.56385325076950998e-01
7.17713043262196648e-01
7.16211629499722169e-01
6.76189592895471203e-01
7.14244247259078646e-01
7.51531168047366527e-01
7.16096786742701830e-01
7.21458418979812999e-01
7.56738546987826721e-01
7.39437411871915251e-01
6.19502456590468431e-01
7.14984026391719873e-01
6.43917003570935509e-01
7.13430623472545267e-01
7.18468969158245430e-01
7.15005810142163023e-01
7.38733659004454979e-01
7.17061164832429099e-01
7.15210549583993216e-01
7.46703830470533458e-01
6.85219253750181889e-01
7.07405763017839861e-01
7.39470190746907230e-01
7.15766799304445756e-01
6.35456808643291127e-01
7.14760123554071480e-01
7.10701896444200676e-01
7.13290938863071600e-01
7.52906529186124329e-01
7.61951577970829685e-01
7.40643078604674043e-01
6.41197706007116786e-01
7.14682663296377974e-01
7.16476937071481301e-01
7.23340875566576447e-01
7.15245954722400046e-01
7.15752782875894611e-01
7.40311702961924500e-01
7.13783401541199791e-01
7.02668180512177054e-01
7.14211124733844516e-01
7.12386778607897342e-01
7.14344103781715867e-01
7.13921968217229197e-01
7.16098597024014571e-01
7.53590826184728058e-01
7.13827392048833498e-01
7.16746588399618134e-01
7.15406081107554770e-01
7.56776302268223233e-01
7.15730536818880658e-01
7.13879627981054976e-01
7.13116170108213931e-01
7.17266802616663202e-01
7.09783192071172908e-01
7.14694567751090193e-01
7.14760160176275416e-01
7.06298760940561099e-01
7.15979673983642595e-01
7.32402657131173918e-01
7.12420863742888488e-01
7.14159149072589927e-01
7.18063933910328078e-01
7.13631850410079815e-01
7.15243314130663332e-01
7.15160456202185268e-01
7.17716275744988641e-01
7.24946428120961328e-01
7.19520050708926107e-01
7.19992538779003710e-01
7.13175623766479028e-01
7.13933545044347917e-01
7.31479807938057336e-01
7.10537036844566483e-01
7.17291680402540655e-01
7.15514862410435271e-01
7.53948505032616456e-01
7.06157150627393815e-01
7.13325817893424086e-01
7.14848855181840048e-01
7.15295290196072853e-01
7.61837558233057544e-01
7.53563836157791545e-01
7.40220441273908847e-01
7.09867889913262662e-01
7.14978945626671525e-01
7.41544336226466427e-01
7.14370831042231091e-01
7.14711718605843815e-01
7.65093794196371912e-01
7.14106313435933338e-01
7.20782103523918027e-01
7.14781347357947516e-01
7.14963775265043622e-01
7.39309204153134614e-01
7.59372395905075770e-01
7.14492365980144983e-01
7.25752367865872161e-01
7.12508252165195977e-01
7.12728942069877358e-01
7.13587363996242785e-01
7.13151576419632116e-01
7.07503652295486063e-01
7.24741662287230803e-01
7.15298933542000026e-01
7.36977482622368618e-01
7.15473333473843232e-01
7.24732812750896183e-01
7.14725006867523827e-01
6.23913307524050942e-01
7.33053586744363161e-01
7.07276205561468307e-01
6.75926279683302766e-01
7.37990707773567123e-01
6.65343858218448658e-01
7.20076532684092441e-01
7.13919902035817899e-01
6.39200426674042199e-01
7.12813264115734979e-01
7.43445741043351371e-01
7.21532634320464772e-01
7.13315912554492448e-01
7.13226276447217145e-01
6.79692372518469812e-01
7.32938898082417079e-01
6.83383733467479937e-01
7.08793185962611649e-01
7.14995023352099857e-01
7.68924893672526477e-01
7.14366543669261111e-01
7.05391279027462903e-01
7.54313431736911344e-01
7.15271644262201467e-01
7.04926488328207035e-01
7.12283239686336334e-01
7.60104257416523876e-01
7.23329522981612461e-01
7.14695795671384526e-01
7.13490772162265752e-01
7.38602717856140734e-01
7.08577568482790854e-01
7.44031743062721573e-01
7.23299990906860368e-01
6.71461180017220438e-01
5.86573209240915272e-01
7.17119997324465408e-01
7.14961505165105926e-01
7.46362055724238416e-01
7.64782776261247355e-01
7.09165876147945795e-01
7.00083113553843117e-01
7.29975141510688097e-01
7.10930886338804413e-01
7.15138920792898314e-01
6.90607049450469246e-01
7.11359471403783306e-01
6.90084733464531142e-01
7.15143643480700919e-01
7.70176063552267753e-01
7.15276265650520826e-01
7.13572441307629535e-01
7.14223758594847880e-01
7.61771064897427963e-01
7.31641914292639806e-01
6.47883224020267656e-01
7.15922168928170732e-01
7.14181064454651238e-01
7.48139653119253789e-01
7.70723170694280202e-01
7.18969690111933790e-01
7.13176482957320057e-01
6.18139366234366716e-01
7.14366930036358982e-01
7.48202404798168907e-01
7.38302994466493834e-01
7.13631731200609076e-01
7.13929229007012389e-01
7.18309647040457744e-01
7.50485733190171311e-01
7.15192629421088855e-01
7.18049810138226996e-01
7.21785201087670081e-01
7.18364054845334166e-01
7.11479461230192012e-01
6.42485612210969781e-01
7.19912156545947979e-01
7.55037300488353269e-01
7.17221421539344428e-01
7.14848594120680580e-01
7.15421219806194331e-01
7.51730449528885569e-01
7.14472441935688041e-01
7.57183748423190361e-01
7.16230631614269253e-01
7.48205899637414906e-01
6.80414549800924973e-01
7.37478618076387926e-01
7.18148722129714367e-01
7.28739580133678233e-01
6.98147461310610229e-01
7.12888042080820017e-01
6.95463374523316302e-01
7.09952263169587816e-01
7.14182117903939373e-01
7.69669637362846215e-01
7.03898314864459196e-01
7.16628496134863346e-01
7.14946193911942585e-01
7.15181901039092960e-01
7.08476522971017597e-01
6.49235245837600727e-01
7.12998797472221835e-01
7.15880882469286606e-01
7.14346692165420127e-01
7.13022559339716588e-01
7.15037811716024874e-01
7.14944590431926930e-01
7.12675218363743035e-01
7.13596401279172676e-01
7.13867685277355224e-01
7.06815067845438350e-01
7.16457220630483116e-01
7.18999294474117367e-01
7.13662980350990295e-01
7.63506919633739511e-01
7.18416585424641152e-01
7.61712736614063468e-01
7.03059798403647962e-01
6.73000520243093536e-01
5.88755836557472545e-01
7.22386822827458142e-01
7.14453304755188756e-01
7.14196114753264499e-01
7.28594101418143847e-01
7.19354522601949320e-01
7.55756493609250568e-01
7.14143123047506601e-01
7.18047888005040269e-01
7.15107567971964064e-01
6.40448403830390811e-01
7.27354900702425478e-01
7.11705827010281289e-01
6.35269069534739494e-01
7.60648062002061809e-01
7.14827139241847931e-01
7.19701446668944422e-01
7.14919738847414332e-01
7.24429673067306434e-01
7.15116550295694653e-01
7.15912071485565016e-01
7.18769850621057138e-01
7.13583553174901741e-01
7.53075276327200838e-01
7.13897353699366022e-01
7.52259995635831014e-01
7.29270880772609043e-01
7.03829195152666287e-01
7.14479831753029204e-01
7.03587413839002029e-01
7.41565722483675915e-01
7.15095836201940949e-01
7.20379428223026141e-01
7.15128938952139581e-01
7.16283357484637784e-01
7.21043993956462570e-01
7.50195009448974104e-01
7.15849002533643031e-01
7.03081309153917533e-01
7.14513370677571813e-01
7.13752889286708325e-01
6.81775144519990106e-01
6.97397082539443325e-01
7.15765066851588139e-01
7.17191675599636480e-01
6.81630773431866621e-01
7.58845292454288001e-01
7.23794087860596957e-01
7.29156434633473127e-01
7.43311831851360960e-01
7.14783559093630116e-01
7.22610319380898480e-01
7.19354087550073573e-01
7.13515807992414985e-01
6.51048188663554295e-01
7.13815272228724207e-01
7.13751880745692846e-01
7.49846943086798112e-01
7.14884428525909499e-01
7.08484291272275746e-01
7.41537513041798824e-01
7.52515333026209876e-01
7.41404895100068351e-01
7.13563272195960052e-01
7.13751448305466218e-01
7.13142064848776402e-01
7.42021728472120112e-01
7.16062828844656329e-01
7.14490805472408397e-01
7.68010208060087907e-01
7.15005882079978172e-01
7.13611251135698565e-01
7.31688602675797939e-01
7.23535251399162527e-01
7.13503156061342958e-01
7.03821108662397221e-01
7.36936631908640560e-01
7.10087704268609454e-01
7.23717009910673226e-01
7.18427336620822921e-01
7.14500147135810226e-01
7.08964779655557709e-01
7.14171434066531163e-01
7.18334358252427196e-01
7.15704052271722513e-01
7.15985408476646268e-01
7.52500033590686401e-01
7.14916009736918379e-01
7.28820408969255484e-01
7.12907979154730476e-01
7.15130208057510930e-01
7.15234865938294662e-01
7.14894058150709832e-01
7.14528849220395168e-01
7.45624914157355212e-01
7.15343359518065491e-01
7.40556519284737091e-01
7.15595904812622474e-01
7.17759729689556925e-01
6.98647561784185744e-01
7.39153320411977122e-01
7.33579696288867544e-01
7.18970953961029835e-01
6.90414611137767475e-01
7.12505562213314403e-01
7.15943848048148923e-01
7.22669452673224355e-01
7.17712846047667385e-01
7.19665983961453648e-01
7.15411427665513910e-01
7.18420528904414102e-01
7.49292055574840243e-01
7.28999617787050691e-01
7.10774886430245778e-01
7.27186318388475583e-01
7.15167960698405047e-01
7.15258781376731712e-01
7.14672091349818683e-01
7.69785257608111895e-01
7.13605837431480539e-01
7.53858273102973264e-01
7.51867186719793024e-01
7.48203856208812357e-01
7.19798016031477972e-01
6.77086925184400279e-01
7.46297792828242601e-01
7.49578549942088834e-01
7.16008823116302873e-01
7.19352838100228986e-01
7.14947655161682905e-01
7.12731481773051345e-01
7.39872144568325507e-01
7.23144921583860567e-01
7.13951843670653896e-01
7.14887413621595358e-01
7.14578384507250752e-01
7.40272458058263250e-01
7.14297431145932804e-01
7.19725015248946165e-01
7.15128099616892832e-01
7.14175703476456425e-01
7.16169779796762551e-01
7.15002710572974820e-01
7.62783940625533230e-01
7.12302742735471006e-01
7.05722462166711084e-01
7.13975740208120824e-01
7.11408301750508287e-01
7.14630357407755823e-01
6.51336357828142365e-01
7.46384003014170738e-01
7.14876883968025956e-01
7.18090153818116916e-01
7.13016693320238981e-01
7.07677898315559051e-01
7.14895982824592657e-01
7.13778109973796426e-01
7.12374566485328042e-01
5.96457617192467704e-01
6.36550239767747605e-01
7.14833279988295489e-01
7.10903606958501633e-01
7.16807791776987502e-01
7.13295766675906551e-01
7.33611282347787053e-01
7.15512185869596862e-01
7.12618385058745640e-01
6.92048256901612424e-01
7.14160621324788303e-01
7.07701089236882352e-01
7.14053003091872918e-01
7.43141432186368744e-01
7.15154141523223208e-01
7.11392119393650768e-01
7.47390987626979086e-01
7.13522658659137332e-01
7.15250848450825205e-01
7.07086709638088839e-01
7.06591819108396413e-01
7.45177022123795552e-01
6.90456362756675879e-01
7.14639452316622736e-01
7.44749063391081489e-01
7.10771566676312250e-01
7.14313900908409849e-01
7.14591489167758165e-01
7.14891836236020373e-01
7.27092943604872644e-01
7.14854403307416342e-01
7.15825915726976070e-01
7.70460383635719226e-01
7.14063404944766722e-01
7.28700118290561916e-01
7.12443819578138515e-01
7.21618765350717895e-01
7.21229123207693168e-01
7.19525426873410368e-01
7.07587925944178409e-01
7.16805277107931405e-01
7.20172663596028495e-01
7.43048480054947058e-01
7.67440034507195445e-01
7.15194066889097035e-01
7.12884179925622252e-01
7.14538997682262145e-01
6.67990199397313300e-01
7.49730223735989965e-01
7.14057143160678032e-01
7.18709953260567969e-01
7.14927177430225269e-01
7.14741668299613830e-01
7.05430120152858331e-01
7.62068446773962016e-01
7.23569797246663149e-01
7.14617980273182574e-01
7.14652442637314533e-01
7.14444521092493234e-01
5.98515576289488926e-01
7.22418513581283728e-01
7.16394376973774061e-01
7.38467938262175161e-01
6.96039555116614861e-01
7.11269423161329906e-01
7.08300347193636992e-01
7.16910896924520480e-01
7.11865493923009574e-01
7.14950432188514839e-01
7.15170003657727427e-01
7.14404015730376929e-01
7.19486186718852117e-01
7.13445979140483910e-01
7.15238740781586890e-01
7.16082710807798062e-01
7.07490295881905928e-01
7.47254346129796354e-01
7.15205704964351319e-01
7.15019319972667655e-01
7.68920383302801547e-01
7.15199851997639358e-01
7.61055533940992901e-01
6.68818858701415442e-01
6.81534976466016906e-01
7.18645430612923297e-01
7.13401649495302381e-01
7.14913465985647645e-01
7.14848800315678101e-01
7.15187916277595259e-01
7.26319486292968164e-01
7.15593380060686290e-01
7.43574990332066643e-01
7.41836015481692979e-01
7.22041836609580101e-01
6.85849710212799168e-01
7.34595251855835518e-01
7.15147768296479303e-01
7.71682532527293796e-01
7.25072385061260705e-01
7.45880244869747355e-01
7.46227402852828736e-01
7.59979456534754405e-01
7.13907054979276423e-01
7.36251381421730633e-01
7.15000669231054986e-01
7.19706139215378404e-01
7.16155240421455841e-01
6.51474996087137437e-01
7.10640385285540521e-01
7.64780487039650514e-01
7.62161001820873651e-01
7.14368551123594098e-01
7.64675616525794632e-01
7.14396181573638045e-01
7.36517774030168382e-01
7.61749379708377972e-01
6.84375564396125458e-01
7.15178661151488093e-01
7.13163906792233848e-01
7.14781963057527392e-01
7.71744044384959249e-01
7.25680937186505726e-01
6.86524544597535313e-01
7.14861126180175943e-01
7.13948722178903927e-01
7.14179307668652563e-01
7.15510912264895271e-01
7.15000747518324764e-01
7.13775629057861960e-01
7.20678739711497540e-01
7.48688875574933466e-01
7.12225377051542319e-01
7.49282066418711645e-01
6.87323829190496394e-01
7.14194734899552208e-01
6.99574045683700407e-01
6.82263049388756815e-01
7.15611889652301936e-01
7.64515350437618757e-01
7.65897908818183315e-01
7.42614636357020186e-01
7.19518560305934751e-01
7.07992412806721538e-01
7.14196278044109567e-01
7.14976435085043049e-01
7.09681724054140317e-01
7.33045528540234748e-01
7.64624840081455037e-01
5.93054153891480751e-01
7.18387043394820290e-01
6.65843999276426790e-01
7.17554582329296031e-01
7.18106329587587688e-01
6.40470112125103963e-01
7.06560690783664902e-01
7.14974711229086513e-01
6.64777724150922622e-01
7.14829211584392055e-01
7.54415212786471723e-01
7.14361487540972617e-01
7.15658690063392222e-01
7.64716680967569284e-01
7.32369453358181710e-01
7.15778259258282201e-01
6.29055371610358294e-01
6.76958745024521136e-01
7.14887759149932300e-01
7.12006397550519199e-01
7.14850623151619735e-01
7.17513917856391958e-01
7.13155225439147666e-01
7.06012418644259454e-01
7.60737970073541825e-01
6.06133175943698310e-01
7.19837565908714172e-01
7.12909307871230413e-01
7.04557388677310104e-01
7.15860673656875335e-01
7.16006536714868247e-01
7.15591859582721757e-01
7.17063192573130337e-01
7.15504591777015420e-01
6.82334555180318159e-01
6.64312253637916128e-01
7.18355142360766918e-01
7.09928818732198486e-01
7.19326978898007452e-01
7.66453196487356658e-01
7.01464199863412241e-01
7.15241756861524802e-01
7.14723983575963895e-01
6.02019078369098848e-01
7.42240773363101125e-01
6.79556240477477203e-01
7.60042707215855873e-01
7.21271676312988830e-01
7.16636374297620504e-01
7.48488266035732597e-01
6.95204158782626980e-01
7.14536592814325022e-01
6.59368595460974372e-01
7.20400672148648225e-01
7.15772965321814669e-01
6.64770525494404296e-01
7.16315531600055122e-01
7.13451545738063020e-01
6.60897271767529215e-01
7.29508496962429809e-01
7.10783856175986162e-01
7.11739446494959571e-01
7.14994830108389157e-01
6.97547120664271381e-01
5.96971963092639890e-01
6.92690872291664039e-01
7.61130059680626525e-01
7.54178005135007101e-01
6.74521865626171224e-01
7.20886149368719642e-01
7.68413397809769583e-01
7.14513415261975982e-01
7.12140853454682921e-01
7.45374127778523854e-01
7.08562213203136504e-01
7.62134964144709937e-01
7.10795420841893733e-01
7.15895633563914058e-01
7.63644030999618306e-01
7.12576460886183205e-01
7.07529562405043499e-01
7.30268512289499405e-01
6.04241652819111685e-01
7.11791696001184415e-01
7.15022233311305655e-01
7.14989991951880621e-01
7.13738633739560036e-01
6.81329541697392571e-01
7.20499678054577042e-01
7.15887517239779281e-01
7.12926069463933221e-01
7.15752284288676877e-01
7.14100087559732422e-01
7.00696114694497108e-01
7.69023066274761913e-01
7.30937916054905656e-01
7.15869201063780269e-01
6.84114364851604595e-01
7.14159126700234292e-01
7.27368114531772192e-01
7.16080236483475741e-01
6.72961688517300316e-01
7.14070977614709612e-01
7.12538720620893518e-01
7.26688322662283115e-01
7.15113047283742476e-01
7.14822941329991801e-01
7.15759282790261131e-01
6.67915164685136009e-01
7.20510193615926831e-01
7.16039467732037305e-01
7.38436097056289986e-01
7.18885405125828991e-01
7.51751259488186552e-01
7.15020213659406934e-01
7.20494321857377273e-01
7.24256502730986962e-01
7.16521125029199069e-01
7.06903053668752390e-01
7.17719437922624048e-01
7.28213765259482559e-01
7.14999716623501036e-01
7.14769821801723770e-01
7.18656701747529159e-01
7.18001823711873710e-01
7.12949404399839781e-01
7.11928950993918841e-01
7.31691735392879461e-01
7.16748944708115676e-01
7.62608848118072280e-01
7.29885609435636185e-01
7.16297488543345406e-01
7.63507539560795645e-01
7.41400282323008919e-01
7.14076108473192472e-01
5.74704854986141545e-01
7.09361216676456019e-01
6.01447605483552583e-01
7.30557752845742314e-01
7.14434773448228366e-01
5.78604251096174416e-01
7.14089357035253225e-01
7.09285963951500564e-01
7.16398677299726283e-01
7.52240663627361528e-01
7.14109289642261280e-01
6.77576259351733823e-01
7.27240074539706072e-01
7.24097475392493695e-01
7.56185537776635996e-01
7.28630890535468256e-01
7.59435996108201783e-01
7.18385068447192632e-01
7.15022701095414215e-01
7.54582292401959287e-01
7.18367550951678258e-01
5.80259424435549120e-01
7.11447411886387937e-01
7.24010598685059903e-01
7.13777674632219639e-01
7.45831748486962653e-01
7.13779526892291960e-01
7.15112374367982917e-01
7.14067289435355135e-01
7.27539473454923979e-01
7.14353565994728323e-01
7.65971547449472157e-01
7.14542923234914862e-01
7.15099558565825411e-01
7.12391373658487703e-01
7.14985816373867045e-01
7.14234377546326682e-01
7.18875899564581311e-01
7.15425052252434024e-01
7.54022740997098762e-01
6.74994503445799254e-01
7.14102298865472607e-01
7.13278451210427211e-01
6.61705040003206735e-01
6.63816206661234864e-01
7.14730922323536855e-01
7.15203498284667338e-01
7.13077701169446021e-01
7.00236761956175235e-01
7.14424378444941666e-01
7.14376905973139076e-01
7.13267710076398664e-01
7.15216177548772758e-01
7.12245358022662423e-01
7.19140188015954029e-01
7.37309446535676316e-01
7.15347294092708585e-01
7.66043145045860352e-01
7.09879360365850642e-01
7.25857396526360166e-01
7.38373726315151635e-01
7.21329693199437516e-01
7.60150226996722300e-01
7.34611226470429313e-01
7.53606097158212140e-01
7.64508156871628097e-01
7.13601343257231790e-01
7.20901170744295716e-01
7.43485922897165863e-01
7.17579858476064092e-01
7.15707750361671335e-01
7.20254567804681223e-01
7.17840765562797745e-01
7.18287822855208868e-01
7.18907739164168169e-01
7.70762418402235028e-01
7.15517041028378875e-01
7.13855987853915797e-01
7.19299897210265660e-01
7.10372359190486469e-01
7.14128032714556604e-01
7.13621930261682857e-01
7.14832512032503309e-01
6.58818169143916221e-01
7.16089152040029875e-01
7.22299566004751425e-01
7.13817697205583523e-01
6.04659758699582661e-01
7.23098694632908434e-01
7.14922534354408112e-01
6.84408790630063213e-01
7.03718482425377712e-01
7.12976505760397949e-01
7.14763915680820094e-01
7.42402859762045564e-01
7.14300863183715551e-01
7.15052483943059203e-01
7.15992225585422637e-01
7.16001568780193831e-01
7.12669081463280896e-01
7.14540089167439496e-01
7.15119497881672284e-01
7.59354945059323660e-01
7.16041624677299260e-01
7.09606862881222100e-01
7.69085424361326209e-01
7.15529430326460769e-01
7.08758187672214657e-01
7.44122463110018284e-01
7.16152230633529507e-01
7.15167915569851487e-01
7.19405402961966645e-01
7.13574809270364763e-01
6.79571838691990560e-01
7.15028284797111668e-01
7.16763791979450948e-01
7.07565164369220456e-01
7.13710636874691495e-01
6.24332084210810656e-01
7.54463919721605092e-01
7.38398532298810806e-01
7.12502280175786873e-01
7.17818472236973704e-01
6.91807704058226780e-01
7.14036746078870355e-01
7.26725434332141540e-01
7.64462238734725075e-01
7.13276162352999399e-01
7.04703270112267410e-01
6.42694988620444718e-01
7.54859051335689868e-01
7.20683624400267342e-01
7.47747405947512322e-01
7.13914317424246936e-01
7.15245357807242188e-01
7.44126208555498603e-01
6.39552515303943303e-01
7.59422032964567006e-01
7.13286306768039058e-01
7.54727819154392798e-01
6.28580634140780359e-01
7.13315096139570115e-01
7.15505803261469175e-01
7.20985823596882569e-01
7.11904628148561591e-01
6.61128076735556958e-01
7.33378379133398872e-01
7.15385665132663440e-01
7.08756372599859685e-01
6.75028766529568780e-01
7.15573945320112315e-01
7.15282299808533750e-01
7.17507457783421065e-01
7.60932731221154901e-01
5.95622259688654565e-01
7.25917954846188263e-01
7.49118570148964991e-01
7.16229841898356812e-01
7.13983185474680426e-01
7.23446372439029539e-01
7.19556961411311868e-01
7.19176242076026262e-01
7.14922957947813464e-01
7.57812472848783836e-01
6.27655951691893144e-01
7.44091433673734537e-01
7.59123886316383167e-01
7.14743557440020272e-01
7.13903495579043201e-01
7.12394458455657298e-01
7.16040404183977297e-01
7.15116105420138704e-01
7.12723994925484883e-01
7.15141433930978287e-01
7.13186956059264854e-01
7.22533037132416234e-01
7.14796352717898098e-01
7.14981616226588512e-01
7.14956918783462569e-01
6.94889573078309009e-01
7.26467682506020895e-01
7.62253839142453371e-01
7.42412439038309557e-01
6.65092166208891222e-01
7.10972751288935445e-01
7.71369329635167689e-01
7.14111695182977235e-01
7.37486065520872702e-01
7.05895231416340363e-01
7.15494946259825459e-01
7.36209806675274137e-01
7.28973353960095660e-01
7.08297955560460268e-01
7.27729161374000899e-01
7.60695385368246657e-01
7.56662350232388592e-01
7.57630381453468171e-01
7.35194758828457084e-01
7.15181188204103147e-01
7.12484963653354564e-01
7.14281232588508175e-01
7.15193178211139480e-01
6.94996023707508459e-01
7.13273133553519623e-01
7.17054070886658179e-01
7.12419692319827824e-01
7.17794565414504815e-01
7.13746906283619365e-01
7.14963920967213729e-01
7.19141815039279209e-01
7.18564031397191383e-01
6.90695681648915705e-01
6.74283137730569915e-01
7.32437927932257593e-01
7.23962651700594040e-01
7.56148450403978933e-01
7.46414859495663552e-01
7.14748811344809609e-01
7.35924610836506399e-01
7.15063838373780181e-01
7.38856828494297346e-01
7.18387331533192230e-01
6.08854280305874074e-01
6.06046777111385770e-01
7.67462788807280027e-01
6.75841781076830350e-01
7.62368019491619586e-01
7.60934795025253186e-01
7.13023714382642004e-01
7.14297225477239284e-01
7.13740009358057037e-01
7.58553852887622782e-01
7.15924559715198527e-01
7.14215479028183053e-01
7.15718280359116554e-01
7.45133803056640676e-01
7.15135362286127951e-01
7.15065911265951759e-01
7.13480990697738626e-01
7.30995270317142065e-01
7.13921371835828933e-01
7.36041422094974807e-01
7.17372053869098414e-01
7.18510344786290389e-01
7.12864327810677323e-01
7.18042868893947861e-01
7.57090825632789732e-01
6.09226695187508938e-01
6.79240044987045155e-01
7.23886805601488437e-01
7.17027838658655603e-01
7.15023292739810801e-01
7.27849990474562669e-01
7.27295679445204679e-01
7.14312152042119064e-01
7.09922643953659116e-01
7.12436711135466583e-01
7.13626015010791703e-01
7.15021330747489858e-01
7.13611804284356332e-01
6.79644970179805630e-01
7.18720105319236469e-01
7.71222897210731007e-01
7.53558083269153189e-01
7.63845076857030070e-01
7.17451477638707646e-01
7.13880400832585749e-01
7.30541510750143286e-01
7.68978180550948354e-01
6.98216173275174046e-01
7.15126568001611784e-01
7.14635706616546185e-01
6.87334723643692080e-01
7.55393167256569797e-01
7.14420626722211738e-01
7.53398402632861064e-01
7.15421702594961628e-01
7.56332850829460224e-01
7.15481600837868936e-01
7.18832095990754594e-01
7.67628596446803591e-01
7.13855849174354407e-01
7.14960451858245083e-01
7.15182373469592236e-01
7.15778126114445357e-01
7.17051730834503354e-01
7.15046222799297193e-01
6.35678582100599687e-01
7.51896742816825392e-01
6.55837053753033472e-01
7.25207226031561292e-01
7.19816475581718684e-01
7.15690163572905380e-01
7.11154130458042100e-01
7.15598585377509644e-01
7.12953591695122291e-01
7.14122036564062701e-01
6.32517202137676371e-01
7.15349050900737748e-01
7.56706245117710674e-01
7.25480613988534695e-01
7.27283742166224934e-01
7.39297052741484051e-01
7.14810614425760771e-01
7.13686694828706170e-01
7.13497814954984877e-01
7.14833169090892229e-01
7.16883731362680687e-01
7.12417048923779883e-01
7.15886374785941970e-01
7.11363330578294373e-01
7.34686065059571014e-01
7.15091068324939072e-01
7.26139424863963767e-01
6.08783352689969970e-01
7.12451692429719285e-01
7.14404543920249990e-01
7.15048847077568661e-01
7.19210466926130443e-01
7.34977333046991643e-01
6.10818641254182171e-01
7.14054095345351580e-01
7.15425965477054615e-01
7.14092533440037758e-01
7.14837144298213767e-01
7.38453356857551202e-01
7.49453034427224885e-01
6.55071980293824518e-01
7.51833786936327741e-01
7.16989567923739912e-01
7.16019171174495761e-01
7.16229818644219085e-01
6.62277049391893580e-01
7.12125363026307800e-01
7.14846852049965009e-01
7.13706588180706425e-01
7.12330202599291251e-01
7.14160747190281886e-01
7.14029371309441330e-01
7.16712854143734091e-01
7.13810632867378891e-01
7.15623689890620751e-01
7.11163515289860881e-01
7.15186807131141355e-01
7.63517953885892942e-01
6.92043654890006632e-01
7.29203163509335339e-01
7.10707570184064497e-01
7.14863358303420737e-01
7.43418469146966965e-01
7.13410345010136782e-01
7.58486701683491527e-01
7.43461097532845838e-01
7.27233605701955499e-01
7.51823041988876839e-01
6.08320186464610058e-01
7.17018808983191369e-01
6.99650778890892999e-01
7.14966419383213370e-01
7.17966587651622024e-01
7.06275021684227400e-01
7.18525567578473079e-01
7.13469698527716911e-01
6.75598116017165351e-01
7.42289205856400569e-01
7.64228450880783505e-01
7.14046212133115255e-01
7.13777212902313218e-01
7.22771218387208036e-01
6.04325765366159118e-01
7.19078026867081554e-01
7.12753860952597740e-01
7.18248567395079363e-01
7.15472103547582061e-01
7.16858163723854247e-01
7.13821716323252864e-01
7.13292849675112972e-01
7.13031100331779966e-01
7.42972307492584139e-01
7.14894018108606089e-01
7.13430149210791065e-01
7.14014225823760507e-01
7.14328281118559727e-01
7.63165436901047101e-01
7.13325969716846031e-01
6.95667245625130937e-01
7.13830621143047739e-01
7.13801193598583739e-01
7.11926277314391731e-01
7.14253911872153036e-01
7.18343202522372493e-01
7.14389146945468956e-01
7.15278569014388688e-01
6.46014349921975373e-01
7.15210796688312889e-01
7.09865897974315097e-01
7.17553058966234336e-01
7.23893479411701235e-01
7.13789696414431796e-01
6.20725852120558974e-01
7.50804514236706133e-01
7.14033908307844523e-01
7.30288862124806704e-01
7.43546203145327822e-01
7.43901937316779338e-01
7.17519967994432739e-01
7.20066215058101866e-01
7.13138325659298689e-01
6.75847573740431584e-01
6.98246286997680987e-01
7.67714286674192059e-01
7.64347891503312504e-01
7.13076777788582805e-01
7.14604147033284565e-01
7.22133783462582390e-01
7.14475205696503357e-01
7.17405810486099083e-01
7.13750657865861338e-01
7.11454020924867203e-01
7.14577777926432289e-01
7.13504067212242354e-01
7.20766450232476985e-01
7.13135026772380054e-01
7.15767254660410357e-01
7.13171172785394547e-01
7.14368674041586216e-01
7.16451551410264731e-01
7.12606255090327489e-01
7.47570930441979642e-01
7.16054826410643885e-01
7.27090142202592049e-01
6.72671940933402990e-01
7.42986104625248389e-01
7.15429091376236004e-01
7.15974492467820745e-01
7.14947266630326594e-01
7.15185416036583588e-01
7.14819933899840665e-01
7.16769524382885104e-01
7.24030248647599461e-01
7.14844563998490723e-01
7.33077860359932276e-01
7.14987180093140995e-01
7.51369647712634370e-01
7.49728594628033540e-01
7.57183276234637659e-01
7.50163955125658921e-01
7.16370142515249220e-01
7.45721558699410259e-01
7.15002963723728402e-01
7.18761937255161354e-01
7.34210783216530882e-01
7.11231680794312537e-01
7.17853145435365825e-01
7.15354738011902302e-01
7.42518369491913077e-01
7.15478210263020276e-01
6.70452936993112814e-01
7.14655282908386869e-01
7.24473110241176665e-01
7.09302841905677273e-01
7.13313334192786086e-01
6.43624563308007325e-01
7.08063342338908552e-01
7.14463198372769281e-01
7.16143538549221081e-01
7.10992105953635711e-01
7.15069508073340798e-01
7.15039613896947035e-01
7.17480133377605855e-01
7.16000827308271304e-01
7.15606782068663017e-01
7.13418311353144596e-01
7.14954760007631029e-01
7.54196611075413248e-01
7.55360802294309575e-01
7.13303181130854225e-01
7.23747414967039204e-01
7.59756871034074632e-01
7.09564117073511080e-01
7.24816553822822507e-01
7.14865682992515628e-01
7.14705256044981474e-01
7.08691466767382483e-01
7.23697262910519945e-01
7.21543316519982936e-01
7.21723358692251127e-01
7.14367852779831281e-01
7.14438341171368507e-01
7.13388713506005856e-01
7.10365019026721556e-01
7.51909112967425464e-01
7.05030281524767211e-01
7.10712214404099707e-01
7.25101618790523594e-01
7.13802849589570743e-01
7.36775688889894198e-01
7.14649631154930520e-01
7.14426463243398202e-01
6.93616423811051708e-01
7.65169045526967961e-01
7.17759314520042935e-01
7.14277120614303040e-01
7.08357629673591171e-01
7.44550424444719972e-01
7.23148654256590362e-01
6.63570640080637708e-01
7.16018769126694710e-01
7.35224159843709257e-01
7.38979546606353566e-01
7.62896356279880949e-01
7.51416829087172555e-01
7.13717019080257975e-01
7.09443774449929565e-01
7.57928615170972875e-01
7.56144415041165252e-01
7.54746581824855656e-01
7.19808241193510279e-01
7.45472763053089738e-01
7.36282307516119339e-01
7.10543600142707232e-01
7.56586499983749161e-01
7.05632419449076287e-01
7.44499005534946190e-01
7.14885673116021692e-01
6.57292507473208221e-01
7.14997639079041347e-01
7.14677443014325786e-01
7.18269729406973534e-01
5.75080836371146820e-01
7.67661896127371013e-01
7.24512970816781121e-01
7.13691842286211742e-01
7.16838982579993789e-01
7.26294189499699927e-01
6.86272348220507089e-01
7.41206109148279557e-01
6.15528888258170981e-01
7.19010108341253451e-01
6.92965203801915175e-01
7.28137037952406918e-01
7.11440234998528265e-01
7.65037514706248034e-01
7.17540551063965082e-01
7.13831900315628820e-01
7.13567358134047036e-01
6.43200616699205696e-01
7.50740915310276646e-01
7.15184379736942044e-01
6.68251675780419330e-01
7.10949532190146005e-01
7.15595621684483318e-01
7.53342260515603601e-01
7.14105085369651671e-01
7.26528933488350015e-01
7.38679327803433039e-01
7.37880211352795135e-01
7.68515841016766066e-01
6.87331970503030854e-01
7.11875428025918744e-01
6.48305028712580556e-01
7.14946568092025836e-01
7.14275565302338378e-01
7.46086843314247683e-01
7.15838854954771620e-01
7.25177881107875844e-01
7.16425615370302804e-01
5.85806985955954262e-01
7.50473277232308833e-01
7.39915238702015365e-01
6.87014872375522501e-01
6.84810385833896973e-01
6.80362080047484219e-01
7.13688816994546560e-01
7.14337608638061505e-01
7.13938139004661743e-01
7.33679306276168286e-01
7.17388456206924152e-01
7.33976695665266132e-01
7.14864525086983060e-01
7.56655831027606363e-01
7.31884436870193222e-01
7.23575082985162710e-01
7.14149660581871903e-01
7.40903560239655867e-01
6.50836209600112681e-01
7.49375915182422636e-01
6.29067939812600119e-01
7.13434490076329531e-01
7.16161509443844047e-01
7.13712673542698295e-01
7.33511942284538199e-01
7.14532275369850978e-01
7.13115807451663253e-01
7.15039819820601941e-01
7.66765326207347497e-01
7.19294295901584446e-01
6.64247028429692188e-01
7.10540895580807130e-01
7.09188893980855162e-01
7.15970073129877482e-01
7.10952627084468713e-01
7.19894979064830909e-01
7.15872205835681341e-01
7.14665457290253103e-01
7.12977541869100340e-01
7.25638730155652945e-01
7.15114942870427428e-01
6.95378581794009576e-01
7.13371809722915251e-01
7.13062247096534763e-01
7.17733815913348616e-01
7.13912076731375800e-01
7.15008087049910812e-01
7.01230927301714879e-01
7.32696370296391564e-01
7.14007027711032194e-01
7.13689087913445763e-01
7.20340071719943409e-01
7.58455199573061734e-01
7.15095141938811185e-01
7.16674994782636854e-01
7.13735331921046878e-01
7.15478862811312233e-01
7.44409110678398656e-01
7.20829571743666242e-01
7.14291076436109451e-01
7.52234268926352589e-01
7.17972565114432415e-01
7.41170641861835344e-01
7.14894832563937821e-01
7.14279124883362648e-01
7.43213805929762494e-01
7.12750803201728345e-01
7.30134695856691773e-01
7.15149827943209804e-01
7.29353868912893666e-01
7.15162449747747897e-01
7.30808627511801090e-01
7.16824453949155171e-01
7.21882548636349819e-01
7.18407488314710907e-01
6.90084023262485746e-01
7.42140247874448211e-01
6.92379309960488243e-01
7.34209825578539532e-01
7.15537121112033825e-01
7.15385467102250483e-01
7.33459215275951704e-01
6.73043761636882953e-01
7.14955158094670473e-01
7.36054400924049612e-01
7.32680057973991161e-01
7.14510754727333497e-01
7.15344871415463213e-01
7.14089351627852365e-01
7.20905067477338402e-01
7.14001484445817902e-01
7.14854400024982684e-01
7.14716413152363006e-01
7.02500502599440302e-01
7.20505610342638603e-01
6.73643306651122820e-01
7.70251219219240779e-01
7.58522944120647580e-01
7.45637357519014610e-01
7.13716173004857457e-01
7.14267947061016040e-01
7.15215588867391783e-01
7.14119314618833823e-01
7.22495891436816362e-01
7.55660614016768872e-01
5.82936477993239333e-01
7.08736155590605765e-01
7.70704834531585004e-01
7.26871578812333441e-01
7.11664355586473341e-01
6.03213248657020418e-01
6.39432452570547150e-01
7.70087262279664841e-01
7.15950633417840376e-01
7.14421659031152068e-01
7.14783305318765882e-01
7.59648898787797622e-01
7.10394846165594007e-01
7.14914151613929016e-01
7.15389926899211326e-01
7.46655448497021146e-01
7.18760736064068095e-01
7.60908627501457380e-01
7.15841784375755186e-01
7.13346630624971834e-01
6.95413589784925623e-01
7.12975602304148914e-01
7.20755477336717076e-01
7.54779269484909254e-01
7.17581330594323163e-01
7.64217696495431253e-01
7.14055307586234811e-01
7.14161629066378478e-01
6.48976403694270787e-01
7.69239059144406601e-01
6.36148911171693920e-01
6.40357896065353538e-01
7.15084621735028070e-01
7.13333400967604003e-01
7.22689824539360481e-01
7.71856838542090862e-01
6.47774510283578908e-01
6.08444489949583112e-01
7.12739044803182398e-01
7.66926110906198444e-01
7.35467758483254963e-01
7.54886630795285507e-01
7.27523663394529896e-01
7.15023733523455163e-01
7.15781230948155600e-01
7.18893760917856284e-01
7.21191066855391916e-01
6.77275534129763157e-01
6.97653352505809843e-01
7.25628186216870419e-01
7.20097682136919715e-01
5.83601471099374325e-01
6.90662212637033091e-01
7.15893086424804870e-01
7.02039937603742281e-01
7.14459280124732699e-01
7.16285677378645902e-01
7.49798902887588103e-01
7.21972571949815900e-01
7.06288961237061197e-01
7.66890785369121475e-01
7.12473237184685582e-01
7.57173523332787979e-01
7.19591734157680518e-01
7.15016054858674255e-01
7.11045289559276816e-01
7.16068060555605679e-01
7.69998376308239196e-01
7.61934020924758371e-01
7.14189598520768576e-01
6.50244127256197069e-01
6.00517281774216372e-01
7.67127165399785427e-01
7.14653949369121411e-01
7.54327916760695216e-01
6.78465613508409282e-01
7.17881451280209415e-01
6.33810832496632726e-01
7.15050378779874540e-01
6.31071569867387883e-01
7.14376348468531708e-01
7.20414309787287710e-01
6.85824402403240052e-01
7.14184513932630383e-01
7.15027825740257694e-01
7.07578069320094705e-01
7.15141071676054008e-01
7.14864031613414275e-01
5.94750894548768061e-01
7.12118347327173606e-01
7.13543357577105297e-01
7.13474381924615764e-01
7.10084425231288008e-01
7.57915755724239193e-01
7.15218897340006321e-01
7.15030101802949236e-01
7.14815349831228075e-01
7.12448473523598635e-01
7.13925516422525108e-01
7.13729509815214991e-01
6.32165959646216802e-01
6.02981074668297978e-01
6.56544987458737794e-01
6.98010721400115108e-01
7.64390530069855578e-01
6.09296619724056687e-01
6.94996716542728321e-01
7.09464423862553151e-01
7.62461229348972980e-01
7.13577792607764105e-01
7.14973564970304287e-01
7.24956617898287359e-01
7.13711772299478464e-01
7.14818425545669767e-01
7.67182363113961707e-01
7.13755326791129519e-01
7.11765487023035326e-01
6.37523787488945448e-01
7.13556002461636529e-01
7.13546033486672893e-01
7.62725251122513992e-01
6.32713001214250781e-01
7.16239616248557032e-01
7.43260223314388346e-01
7.18292226564987812e-01
7.14855208997050573e-01
7.15539305744533505e-01
7.14599944302897527e-01
6.42918746248575701e-01
7.09456106668218456e-01
7.52059115253767452e-01
7.31424512237285773e-01
7.14842346381012295e-01
7.24945716271034657e-01
6.31842175720614296e-01
7.15084468616661639e-01
7.15060520046588599e-01
7.11790321538868453e-01
7.18705323668926588e-01
5.89759053784524978e-01
7.33986429677834895e-01
7.14540510404657492e-01
7.35757888954004735e-01
6.90201390866595599e-01
7.10906544251031947e-01
7.15037191254728643e-01
7.14915576939898934e-01
7.15787014171738845e-01
7.12209722744842955e-01
7.16370347607860780e-01
7.15693393504075681e-01
7.13210869877709097e-01
7.14978144656399861e-01
6.97733885391285447e-01
7.11232800910604368e-01
7.19948306801530769e-01
6.94754742805130943e-01
7.28396486227209983e-01
7.16657856243768987e-01
7.15260485068100915e-01
7.43050812639727165e-01
6.36670785583530296e-01
7.15192167429784642e-01
6.88452942912100907e-01
7.19636678885245407e-01
7.14498444060805316e-01
7.23117844357239803e-01
6.56332046831051952e-01
7.46232729566602582e-01
7.15115839095089911e-01
7.14807879593325146e-01
7.10317418610839080e-01
7.46983545772420765e-01
7.63242491836420456e-01
7.13946886773323519e-01
7.15118073804604459e-01
7.17889245192403158e-01
7.18121006768117076e-01
7.14654690486492883e-01
7.25882534814079272e-01
7.14877793561491170e-01
7.65091641322795168e-01
7.02474527404311710e-01
7.32063754284483892e-01
7.46104233332156364e-01
7.50633737774959897e-01
7.14670052371238707e-01
7.14806142223066598e-01
7.70844046470286814e-01
7.51807739999146962e-01
7.14695375127022414e-01
7.69592646205326969e-01
7.12095321604233944e-01
7.57809352613883602e-01
6.50904950379175062e-01
7.53063451810253914e-01
7.16840485566483276e-01
7.14795627278513090e-01
7.14954328423474172e-01
7.46610269728363196e-01
6.57269997537018758e-01
7.51466919066977157e-01
7.33510901922407199e-01
7.56265201681356802e-01
7.17476445545125574e-01
7.13677720387547287e-01
7.13582357799832701e-01
7.15476512921726537e-01
7.20714794125500546e-01
6.86667212283438744e-01
7.20262621063519570e-01
7.13359906091884044e-01
6.85340755963432913e-01
7.17825796292428819e-01
7.06708134457228132e-01
7.14967253064285435e-01
7.14908022694254131e-01
7.54299253913028211e-01
7.58103068102413791e-01
7.15351687200868613e-01
7.46519666337834065e-01
7.45683116513898514e-01
7.47267946917754888e-01
7.69543679307395978e-01
7.12293012690842220e-01
7.08427774023909995e-01
7.18510872536448075e-01
7.16679533420453985e-01
7.18439013849649255e-01
6.90219690312148804e-01
7.11519992863620665e-01
7.18157707785421096e-01
7.68620955935641503e-01
7.54946062886718838e-01
7.15062527999133724e-01
7.14237824253839304e-01
7.15171627357589990e-01
7.17116589428214435e-01
7.14310083302750365e-01
6.48383112253759442e-01
7.16040449782265775e-01
7.13156631540339592e-01
7.27649138280907604e-01
7.20629562296756676e-01
7.44749173336823111e-01
6.96528629808568112e-01
6.93588242567337865e-01
7.14150408428442462e-01
7.14104826394422854e-01
7.66315250560361649e-01
7.48387387574911633e-01
7.35700075553463284e-01
7.49391936326859076e-01
7.15208273291866869e-01
7.16553468203335764e-01
7.08687446237942886e-01
7.33367701077741407e-01
7.14945892609956335e-01
7.14657173620421360e-01
7.19353892774686643e-01
7.19098792646364005e-01
7.15776762380558540e-01
7.28328247379522509e-01
7.09246446328377189e-01
7.53039500932284334e-01
7.14988154199759918e-01
7.13790544771193747e-01
7.59457186990277866e-01
7.16600107779838069e-01
7.53906796010372360e-01
7.13587942345537019e-01
7.25109789873309096e-01
7.13373286002137674e-01
7.18137299030343068e-01
7.14335983474564507e-01
7.23264054171593229e-01
7.17010714959554485e-01
7.14087782235698909e-01
6.83732567312013484e-01
7.59603499464349796e-01
5.86150766296662740e-01
6.69118569864786683e-01
7.14765471007390518e-01
7.15269523587763301e-01
7.12374834899261233e-01
7.44949193237546936e-01
7.15077823401814472e-01
7.13728166263853270e-01
7.22065342368215179e-01
7.15021684300587657e-01
7.13382203384716695e-01
7.49596158083484898e-01
7.13660279810382048e-01
7.16687076270667744e-01
7.42461008297017444e-01
7.13531583870359754e-01
7.19290304657787871e-01
7.13447364470257805e-01
7.22085691298246291e-01
7.50933482278740128e-01
7.15172302242844338e-01
7.14479159849888634e-01
7.13599485188811777e-01
7.12220751490641457e-01
7.13761502621248933e-01
7.13847083689226336e-01
7.14625639177524419e-01
7.12892980052294734e-01
7.11100463752227463e-01
7.13017435971151303e-01
7.18199807710070637e-01
7.14665211279499224e-01
7.18668358124297191e-01
7.10713696720104759e-01
7.16749029119861381e-01
7.16892330557476476e-01
7.40423772250704770e-01
5.81450869710564699e-01
7.71188182716915249e-01
7.13262879539593553e-01
7.15009978713110561e-01
7.16607291180161976e-01
7.57270544899278142e-01
7.13675407534719919e-01
5.78553226175453794e-01
6.60361393030048260e-01
7.14371262449806976e-01
7.14160082022427090e-01
7.16778161016084048e-01
7.14504796885801596e-01
7.16866591639483519e-01
7.68538611847603859e-01
7.21097846139025389e-01
7.11885164021975658e-01
7.18648753572922461e-01
7.45397896248839564e-01
7.15861589000234777e-01
7.16411846486396220e-01
7.57134796614733707e-01
7.14116395331921727e-01
7.14606530493468783e-01
7.46809372545101158e-01
6.82222138645038334e-01
6.98907985148754851e-01
6.85103332746971883e-01
7.13564221656532660e-01
6.75973731488925700e-01
7.15298737498219817e-01
7.16443996673018835e-01
7.12427910078140103e-01
7.33845318934464363e-01
7.13443018369610327e-01
7.14876149135509009e-01
6.51698698671999810e-01
7.54658746187839347e-01
7.20130217028617348e-01
6.75482523976845051e-01
7.35622964053853301e-01
7.14835867028457361e-01
7.15241340252921520e-01
7.15211916254547719e-01
6.92190597549300235e-01
7.14247340773851991e-01
6.70259597419507691e-01
7.13804082972908094e-01
7.13227300988022672e-01
7.30995085134027334e-01
7.14799845785027532e-01
7.15686955921722823e-01
7.14567686190231366e-01
6.92520879026373382e-01
6.65326194524832437e-01
7.09908579941827433e-01
7.14930198290706365e-01
7.14550126743667580e-01
7.12149605351850346e-01
7.14938536116782708e-01
7.13345484839486565e-01
7.15943823049360106e-01
7.16939388087734275e-01
6.95383852400806801e-01
6.99555092456999317e-01
7.16020786116836505e-01
7.13503538444547614e-01
7.60632170814210862e-01
7.14955117410856711e-01
7.50524180413409403e-01
7.16592387287825261e-01
7.41981129992557609e-01
7.14709142844085488e-01
7.20381964880448034e-01
7.14713491367307330e-01
7.14139037297350399e-01
5.92295908413098093e-01
6.66247671698816823e-01
7.14736079119981493e-01
7.13591543634714776e-01
7.18118318387265031e-01
7.14594147376755418e-01
7.14055417325039743e-01
7.13670983545264592e-01
7.15024090516783284e-01
7.10492380315333572e-01
6.13764965471056079e-01
7.14682201598266897e-01
6.77053130542634274e-01
7.18375090202270306e-01
7.14044110551896205e-01
7.14818062734792536e-01
7.00543416452535928e-01
7.14501079643347525e-01
7.21118138384453711e-01
7.15012192365452770e-01
7.14190583692397296e-01
7.07184571900799419e-01
7.14737547776088111e-01
7.13403919605450576e-01
7.14548805885925176e-01
7.19948875934726895e-01
7.15344966645039881e-01
7.15757229183457411e-01
7.14735597205359285e-01
7.14063552422716352e-01
7.16248753704358365e-01
7.10380155713701944e-01
7.58952040154950991e-01
7.38730677908633004e-01
6.74154053565585665e-01
7.61243032758685656e-01
7.15075806475609865e-01
7.16109853489257597e-01
6.27561968185144203e-01
7.15964411152151814e-01
7.14086125454092446e-01
7.37634053157398495e-01
7.15195757295024492e-01
6.94418708539337515e-01
7.67354163071552908e-01
7.16319947523833767e-01
7.38675866708451756e-01
7.14935805360640275e-01
7.15187845800967725e-01
7.15280198143336210e-01
7.15867595549449010e-01
7.13807917982823947e-01
7.60450100709672006e-01
7.19934082972603862e-01
7.15862203196950708e-01
7.14521898708080694e-01
7.16608299976790319e-01
7.15481152413354637e-01
7.13592201658651781e-01
7.53466144152420192e-01
7.20305803169174363e-01
7.32673523901367751e-01
7.12492780829939387e-01
7.22382495325715190e-01
7.14741971764992545e-01
7.44073137017603137e-01
7.46337076582922476e-01
7.09168416432990112e-01
7.27145402136793351e-01
6.96539783128892753e-01
7.15954709961829860e-01
7.14037745398157342e-01
7.16326388001965575e-01
7.12066961396188081e-01
7.44731990616449013e-01
7.14694793591236333e-01
7.02525774527011926e-01
6.34977077895617636e-01
7.24916821553303059e-01
7.13612155947378368e-01
7.25193611400865912e-01
7.48256930198220593e-01
7.15683716263375236e-01
7.63787345984341837e-01
7.51359972629157435e-01
7.14414838079073022e-01
7.62105262722566512e-01
7.13456383336010025e-01
7.14342422347446493e-01
6.49169143227035228e-01
7.14354571224423918e-01
6.26470717929686227e-01
7.68308994678743917e-01
6.24381038132806765e-01
7.13016959008790585e-01
6.89155090392951086e-01
7.14159066121691999e-01
7.17865987215425494e-01
7.16480063996018379e-01
6.58506080564689622e-01
6.09235167328978089e-01
7.50035125327769614e-01
6.54857519360960927e-01
7.16385885538069367e-01
7.19946014823180103e-01
6.28541636868611864e-01
7.13765501021009663e-01
7.14316514432634331e-01
7.15013507006506344e-01
7.15194342154246487e-01
6.80601462370260424e-01
7.37436791207869202e-01
7.15888204659703820e-01
7.12982372392026109e-01
7.15419525451157390e-01
7.39289917679431752e-01
7.14627113032864969e-01
7.09812304432411945e-01
7.17201348733482180e-01
7.17292153639317198e-01
6.05754489758266956e-01
6.52935872575465370e-01
7.13289994472357747e-01
7.14373825817153918e-01
7.12723251993335416e-01
7.14201032720096607e-01
7.13064428142239359e-01
6.53658958188249373e-01
7.07464678564692528e-01
7.15150585115189363e-01
7.62695218338302117e-01
7.36743335249491649e-01
7.15046146703518293e-01
7.24663355412452637e-01
7.18404074271724258e-01
6.98908201343231950e-01
7.15203010207205891e-01
6.85591438072631676e-01
7.14577865888457509e-01
7.15164845558306617e-01
6.17269355949985554e-01
7.14316039416927562e-01
7.67022645101127942e-01
7.15207280337448181e-01
7.18099273908265001e-01
6.39080863587067061e-01
7.12495429350943787e-01
7.14993587205079328e-01
7.12953891390420647e-01
7.63183410248031158e-01
6.29610832648775820e-01
7.15878297927023843e-01
7.10722178205288491e-01
7.01385811474560472e-01
7.37173831039779737e-01
7.15191899204349002e-01
7.16115595563024954e-01
7.16266722283673718e-01
7.21460301898031120e-01
7.17690374876649329e-01
7.13008769472427084e-01
7.42939593286963129e-01
7.14804303482619807e-01
7.58676930867019594e-01
7.14594943985102704e-01
7.40315628692862826e-01
7.12512896372601623e-01
7.65591718388316189e-01
7.14923563840704435e-01
7.15762076369485967e-01
7.14161377438622291e-01
7.15155621198354741e-01
7.16156177512183745e-01
7.17235188668835288e-01
7.14994874059693641e-01
7.23271001050293849e-01
7.14688735309403356e-01
7.15483661343980892e-01
7.46517441171963281e-01
6.37166327506277330e-01
7.44126534175518772e-01
7.13382777141688962e-01
7.16539013862813934e-01
7.15223106035351330e-01
6.87235676057242006e-01
6.81841429865822746e-01
7.19021708304259710e-01
7.12896669640727842e-01
7.27909113319297307e-01
7.53301047662779277e-01
6.72646677778119595e-01
7.25600381766579150e-01
7.10900759179530661e-01
7.14653579026326535e-01
7.51151452845093770e-01
7.18532697347468607e-01
7.14301511322338878e-01
7.08789630176665297e-01
7.34046032940213755e-01
6.89483248731115661e-01
7.14207350657385387e-01
7.57008049097306568e-01
7.33724724151821550e-01
7.14926167768232368e-01
7.16183159915633638e-01
7.66899200571960371e-01
7.48732861387520376e-01
7.70756043639654775e-01
7.15018296118720253e-01
5.78659465485918734e-01
7.66705527597466241e-01
7.08060482955773618e-01
7.11786830007789972e-01
7.15406165146922457e-01
7.14531789100635417e-01
7.00689630479573888e-01
7.19654441385039756e-01
7.13105491479899323e-01
6.33638840960232264e-01
7.13298044788726493e-01
7.16868622500314467e-01
7.53720208403541037e-01
7.13099102052753286e-01
7.15847574847518819e-01
7.16227349036427818e-01
7.14991595864654772e-01
7.13923243286392561e-01
7.34542655771345032e-01
6.67060381233315458e-01
7.47107381061524634e-01
7.31616857424016942e-01
7.20611753145990241e-01
7.12544435996535941e-01
7.20093275045134207e-01
7.47947117239253667e-01
7.18862920848986287e-01
7.09832123504411938e-01
7.16686085624770319e-01
7.10205399681505756e-01
6.86439982170575003e-01
7.14348500441549628e-01
7.55861130625469335e-01
7.14988658499586927e-01
7.32275506934068066e-01
7.15141975864268531e-01
7.12861175671977154e-01
7.17266781371473150e-01
7.15531781928153032e-01
7.13241745013511452e-01
7.31824637736993688e-01
7.71495355479402845e-01
7.15648407458300495e-01
7.13884796998231375e-01
7.15461043940415542e-01
7.13264202858392427e-01
7.17320459722744497e-01
7.34775611279233409e-01
7.28014491283918930e-01
7.45172987246936147e-01
7.17430650365522449e-01
7.15353102066491164e-01
7.15012640305486946e-01
7.60562288307913836e-01
6.12618200771327448e-01
7.62025652220410188e-01
7.14367660639001922e-01
6.56198881764285202e-01
7.48943334280359641e-01
7.13217601636968346e-01
7.14663434494041794e-01
7.17997557280368959e-01
7.16849248851041954e-01
7.28062015422309528e-01
6.58596985559820047e-01
7.50348694756247436e-01
7.15276308557535656e-01
7.38247607004723139e-01
6.68792603078829040e-01
7.50477580719757453e-01
7.13016686902541386e-01
7.13821091081138448e-01
7.18223679758591471e-01
7.71807883442413911e-01
7.15001802528298813e-01
7.64167335419863369e-01
7.14085997179030874e-01
7.16581084534725465e-01
7.36956090734753433e-01
7.10152705440775800e-01
7.25450223505522240e-01
6.11566102161381409e-01
7.15056041129848663e-01
7.34980379383786686e-01
6.75858527904156459e-01
7.14869465599036746e-01
7.16703264057559242e-01
7.14704589903319198e-01
7.14485141960514603e-01
7.17149372513267602e-01
6.72356335779381364e-01
7.39784135827977307e-01
7.14983401112218808e-01
7.14240131841037851e-01
7.14187835560542217e-01
7.10221511573090547e-01
7.14685826545719993e-01
7.47242043048494065e-01
7.14191820054999704e-01
7.14929400628343870e-01
7.14208077693782473e-01
7.65264737428280051e-01
7.15479093747949491e-01
7.15147754898679766e-01
6.15965337937013135e-01
7.15238406877180322e-01
7.48765392715690536e-01
7.14056073871100816e-01
7.09596361951227217e-01
6.58677834173499455e-01
7.14844845216373370e-01
7.14636205314034267e-01
7.14089769883596626e-01
7.18860289381855644e-01
7.14456575354964651e-01
7.01378327292087600e-01
7.08388555322336355e-01
7.14688730112464143e-01
6.55304762315804368e-01
7.33844838164315338e-01
7.14995667358584663e-01
6.57232267716722496e-01
7.14963156297875102e-01
7.14435971530375635e-01
6.20407855977643030e-01
7.17273700979459305e-01
6.79764660699817891e-01
7.14244511935105519e-01
7.16269126275125179e-01
7.18234360801184191e-01
6.62218674686758657e-01
7.36812286588116705e-01
7.14791090412573382e-01
7.14078614675356937e-01
7.69697142066550599e-01
7.14916943098230395e-01
7.59457030274385048e-01
7.18302468516409331e-01
7.13661377449589573e-01
7.49142250050383929e-01
7.71317250658343445e-01
7.68750727023078784e-01
7.12521739998352444e-01
6.55380017788547931e-01
7.27369805069969178e-01
7.14957740448049828e-01
7.14328168404094188e-01
7.16624067650563190e-01
7.15235965803404428e-01
7.15121789165150568e-01
7.07853730909539181e-01
6.98590678442190360e-01
7.22385176033422449e-01
7.14457312257550825e-01
7.14809328386678988e-01
6.97774944921376594e-01
7.15574480467760288e-01
6.82233639690471683e-01
6.31462555009389526e-01
7.14813875102273011e-01
7.13766907338971412e-01
7.59461168105264983e-01
7.37982004701871586e-01
7.15025290522191992e-01
7.14139605593314908e-01
7.31882824426373424e-01
7.13907382222880305e-01
7.54448872423637562e-01
7.16730949034879772e-01
7.14128779441534189e-01
7.15182583348939138e-01
7.13034382798051314e-01
7.14614738693169715e-01
7.15385348900389295e-01
7.12966204935535308e-01
7.14931059568295946e-01
7.17413426621909767e-01
7.33838920271887019e-01
7.50076674812131139e-01
7.71666619890919003e-01
7.48881813916051242e-01
7.49115548495837169e-01
7.14162908335784996e-01
7.13885285801332481e-01
7.14245396973599678e-01
7.15270309583293407e-01
7.12239151859239583e-01
7.62533555860498202e-01
7.10521376695181894e-01
7.14300182205578893e-01
7.15704740768545622e-01
7.13621141885134036e-01
7.13964996836978893e-01
7.14171062493683118e-01
7.23512872145594232e-01
7.13780260006245282e-01
7.13830836069297647e-01
6.23842412257741064e-01
7.42824186190737534e-01
7.46664849550575549e-01
5.75288804730879066e-01
7.14633528789169303e-01
7.13068829622842459e-01
7.16463691358342758e-01
7.12615788471482658e-01
7.13535137758293581e-01
6.97463520006265214e-01
7.20630551460967550e-01
7.14778023675894714e-01
7.16135112853364286e-01
7.47729165790780193e-01
5.73581069164817325e-01
7.14953638507786482e-01
7.45472654216253416e-01
7.37074929294152192e-01
7.15094784156150243e-01
7.10368438154360793e-01
7.14132174550256460e-01
7.14641818601837842e-01
7.26275676367941103e-01
7.62375568557803973e-01
7.21876744028647099e-01
7.15189109992034666e-01
7.14996469560229886e-01
7.18965535750500706e-01
6.40090901473075902e-01
7.18948144032886316e-01
7.14954474750615243e-01
7.41457027765770382e-01
7.18374158999099177e-01
7.39768584228540971e-01
7.13660635368738361e-01
7.13080817431082759e-01
7.14046337705716350e-01
6.56665859598874468e-01
6.17246794582894331e-01
7.36431152002470224e-01
7.12329003900177393e-01
7.14817237689225449e-01
5.89541191121911501e-01
7.46899851144818272e-01
7.56813093062674747e-01
7.14841591263036702e-01
7.24515982389852486e-01
7.14978239022493023e-01
7.26230707675063480e-01
7.17103986112607727e-01
7.46664804022829531e-01
7.05226927806244297e-01
7.17320897457672912e-01
7.15621271330923792e-01
7.14007394254048466e-01
7.71377819542271692e-01
7.45586245190121510e-01
7.14456807687162354e-01
7.68370575827303837e-01
7.13528444017023200e-01
7.14961663379735657e-01
7.70335168645281287e-01
7.13969524588895288e-01
7.14564628265606738e-01
7.55636914910902791e-01
7.15171903742222392e-01
7.58441966745999729e-01
7.15682644757878239e-01
7.49802322959021383e-01
7.32618384783805920e-01
7.48700804643718465e-01
7.18198959019972327e-01
7.61871616975800303e-01
7.26091852547267713e-01
7.16997748797437828e-01
7.15124655859946889e-01
7.15442117951352929e-01
6.93398584966597120e-01
7.56348840666294042e-01
7.17489717252738468e-01
7.47352260575002592e-01
7.58134021579384809e-01
7.14031768308475034e-01
7.34038299766038072e-01
7.50575465552381083e-01
7.12799551855817781e-01
7.59470863246664907e-01
7.13647206996203765e-01
7.16909917861090373e-01
7.11905037741596636e-01
7.14436668155750243e-01
7.28280925950900881e-01
6.51327289523966679e-01
7.14916175711567847e-01
7.48148264609843405e-01
7.36908958603970432e-01
7.14618292849294234e-01
7.13406376533109232e-01
7.15005466997659656e-01
7.25768384678418310e-01
7.68962847862256771e-01
7.49008145972652528e-01
7.71577991143053699e-01
7.60921370309685985e-01
7.14094565762424804e-01
7.14836140064670778e-01
7.49634184449700092e-01
5.85064139641874537e-01
7.13557457777461379e-01
7.60003681902204131e-01
7.13673844990381334e-01
7.55906091640488276e-01
7.14986444350856676e-01
7.12210587543926410e-01
7.06442048628503683e-01
7.18985208871224191e-01
7.15044242137599428e-01
7.11722335393545680e-01
7.16111943424394659e-01
7.15057392875858122e-01
7.26094290442266366e-01
7.13651431105553624e-01
7.14929756538462691e-01
7.13517206307288432e-01
6.99989379806817524e-01
7.14514231096569086e-01
6.49548017597671334e-01
7.14308422001748489e-01
7.14900303217624988e-01
7.14125444554366440e-01
7.01462275945777480e-01
7.14481371287730371e-01
7.25798203111125750e-01
7.13679722336179601e-01
7.41487590897328963e-01
7.64841821203961714e-01
7.20465421608884493e-01
7.14357012945041281e-01
7.21917058899575470e-01
6.44975967050527732e-01
7.50163241044232931e-01
7.35423219308154907e-01
7.14680836905782102e-01
7.14820979259045086e-01
7.13621743460986835e-01
7.14594594984858666e-01
7.14650799257691705e-01
7.08481054165597812e-01
7.14025558039733776e-01
5.74515755147104734e-01
6.62150427549406229e-01
7.30396599649854372e-01
7.14866049943251425e-01
7.15050567475932874e-01
7.14085768451400482e-01
7.07767445658329719e-01
7.15197167084975938e-01
7.68413248938238258e-01
6.67722334165577802e-01
7.12797105146438237e-01
7.13074189970357208e-01
6.69047476342716219e-01
7.39791482079660612e-01
7.30747833625463472e-01
7.14236051212102541e-01
6.69448356684600010e-01
7.50788688102645763e-01
7.50303455024891264e-01
6.52621279086676442e-01
6.56057035388000087e-01
7.13942050540385398e-01
7.14914666707664792e-01
7.15452677079532862e-01
7.14980960903226825e-01
6.53405154308052016e-01
7.15123632965577904e-01
7.19734210876573521e-01
7.16930776521502389e-01
7.21762806750643970e-01
7.14963902638715343e-01
7.13847532683837271e-01
7.15112641260003179e-01
7.14613723423215719e-01
7.14919972445690610e-01
7.39934636038891758e-01
7.13708695967423923e-01
7.19920987727834638e-01
7.14022297183871779e-01
7.15120861428465537e-01
7.38548097178451601e-01
7.14701448785929450e-01
7.15381320384750330e-01
7.29851932678690640e-01
7.14173807717751630e-01
7.14897247306283012e-01
7.13842746415493723e-01
7.14827907025393228e-01
7.19393836919465790e-01
7.14630945899983105e-01
7.09427200649654699e-01
7.15213012778688095e-01
7.15207801541180910e-01
7.17152575070048592e-01
7.14257651347299349e-01
7.35567104284688411e-01
7.14290629277478772e-01
7.14746768863485538e-01
7.14377174165852225e-01
7.31366594088179833e-01
7.14991193623215726e-01
7.48807148981727289e-01
6.88995186211502464e-01
7.14427827923480585e-01
7.13819777844478365e-01
7.14569352854073636e-01
7.38310908809234112e-01
7.09652118841661350e-01
7.11334835704632740e-01
7.21200679087399377e-01
7.11439918274740291e-01
7.08243485297405662e-01
7.49349066827233345e-01
6.61649859028319409e-01
7.14970358869035816e-01
6.46914605596595527e-01
7.14501825920345501e-01
7.04632332027823494e-01
7.13469558650754676e-01
7.56135198589766633e-01
7.15517633267105935e-01
7.13995722789557807e-01
7.14467189172593442e-01
7.13744514983014500e-01
7.14544989172598122e-01
7.14418656975112309e-01
7.14433365805932752e-01
7.45734380339962644e-01
7.20393293724253092e-01
7.14001591415089787e-01
7.11276526435153600e-01
7.14762355046414721e-01
7.15444763907636672e-01
7.33759006244049550e-01
7.12553868913284427e-01
7.14943281595086910e-01
6.43998343340294044e-01
7.41481167648807671e-01
7.16399686483050635e-01
6.47894573005411090e-01
7.48440815181742214e-01
7.46345229340136584e-01
7.14502764168893689e-01
7.68221242727765485e-01
7.66406869239118715e-01
7.67770670593443949e-01
7.14077227319662389e-01
7.14578591951182118e-01
7.14790987977974468e-01
7.14904291286760363e-01
7.14763711862613116e-01
7.35556747176210224e-01
7.11832846289121135e-01
7.39063851617121625e-01
7.40835712723101558e-01
7.47203225010713123e-01
7.17982447956169501e-01
7.14431466068373378e-01
7.56865324644032222e-01
7.17414813024011333e-01
7.14739071821061445e-01
7.13547510014846731e-01
7.52640157818790678e-01
7.15014838867711666e-01
7.26040266540075030e-01
7.17128171274324600e-01
7.13375875030516915e-01
7.14743950418124108e-01
7.10064343017192678e-01
7.13947384436666388e-01
7.18008343795983439e-01
7.41185956033542648e-01
7.28319767463580625e-01
7.37545180508144771e-01
7.66072380096847749e-01
7.14595163771917341e-01
7.66848454680636893e-01
7.14263063522946329e-01
7.14394591725486694e-01
7.17960881057414402e-01
7.15988078905986258e-01
7.14643938445022164e-01
7.13677229649866907e-01
7.14195718360572829e-01
7.15696102201425099e-01
7.15001129426487858e-01
7.14948794306928037e-01
6.98037183297012809e-01
7.14052867424137983e-01
7.31980539911747941e-01
6.76464831869979522e-01
7.44704429191931028e-01
7.07675975915681765e-01
7.16390679056396196e-01
6.89640943193540190e-01
7.14406167968564931e-01
7.13710703205113650e-01
7.13705683878240182e-01
7.14765701425787991e-01
7.12647774659676547e-01
6.47011313542345090e-01
7.15562714951055834e-01
7.50758088619111530e-01
7.14718248378673149e-01
6.95309558322817045e-01
7.19734298276344275e-01
7.14765955313339751e-01
7.15112639976656639e-01
7.49730477296481457e-01
7.14930888005611442e-01
7.14311200544813563e-01
7.58441573812822734e-01
7.00072340299619067e-01
6.41262109677047332e-01
7.12672079748494336e-01
6.91423505936760718e-01
7.15180651659549582e-01
6.48817844474505190e-01
7.14848783778998520e-01
7.29342401424043607e-01
7.58251851000905086e-01
7.15082541521599002e-01
7.13352051967626077e-01
7.14439616643113840e-01
7.61965375434903169e-01
7.51549162773535784e-01
7.41643614990960875e-01
7.14215058173500728e-01
7.14588556773950945e-01
7.13843442982722176e-01
7.37985596586208326e-01
7.56213130056513694e-01
7.19727268211078464e-01
7.13485062231087874e-01
7.25178916994929645e-01
7.15045325085891137e-01
7.52932987266208942e-01
7.16780380827638730e-01
7.15130568863102445e-01
7.10085896776602610e-01
7.16005538604131520e-01
7.14798392759476209e-01
7.14999158555755909e-01
7.17065827924608823e-01
5.94760891443175232e-01
6.33228952237671283e-01
7.14370355144890445e-01
7.15398339709064746e-01
7.13155537658479610e-01
7.14261426826247603e-01
7.58108047928324535e-01
7.09115292378201367e-01
7.14566675203309520e-01
6.41498072544401832e-01
7.48480064717399585e-01
7.14502624530767627e-01
7.14255467699976720e-01
7.23420979047222468e-01
7.27452732362154242e-01
7.46298339077362205e-01
7.16573547984807435e-01
7.13739785716231201e-01
7.19205533940157848e-01
7.33558910540048625e-01
7.14860132417749705e-01
7.13757031759546634e-01
7.13465483314040028e-01
7.14513204429821580e-01
7.14764536356684577e-01
7.15149499649059717e-01
6.48605258264663975e-01
7.14345363852583515e-01
7.08281899553502514e-01
7.14686131094606103e-01
7.17087925045860053e-01
7.14310678970788482e-01
7.08181405367127925e-01
7.38064927741361343e-01
7.14550746780716728e-01
7.42468590831928177e-01
7.02487980372742071e-01
6.88112830250595997e-01
7.13928440017633892e-01
7.14220031211220019e-01
7.16131038630603012e-01
7.14191820443879188e-01
7.14187563359780730e-01
7.22804902077410216e-01
7.14239826137214151e-01
7.17200640794037114e-01
7.22212459649367200e-01
7.14282845152022450e-01
7.14479854549858628e-01
6.72243484897710575e-01
5.89048825887564798e-01
7.10309646938473316e-01
6.12803024892252801e-01
7.14814444218607625e-01
7.12354228043690418e-01
7.42872824859737824e-01
7.14376936639197546e-01
7.15046840786284110e-01
7.20711488368269593e-01
7.16110788248206398e-01
7.65950004514846849e-01
7.16522849358564584e-01
7.19395079844571628e-01
7.30725077932312783e-01
7.15762329562525168e-01
7.13548979232170200e-01
7.13804091032428700e-01
7.14798462588355554e-01
7.14265861565458571e-01
7.14284737486692412e-01
7.13367674261287110e-01
6.82815875068505274e-01
7.08873972399282293e-01
7.17300538872095328e-01
7.19659910807874281e-01
7.13202462636843282e-01
7.13802794269218999e-01
7.67455417224423231e-01
7.43418473617058484e-01
7.13486339965354932e-01
7.14427187220266435e-01
7.14850646716113980e-01
7.22590537417147294e-01
7.14348573132312259e-01
7.19208531366673176e-01
7.14615207505496897e-01
7.15330881930025253e-01
7.14016952896084134e-01
7.15472676718564626e-01
7.14268707979190398e-01
7.15002837263639335e-01
7.35146929666406823e-01
7.15082210408212737e-01
7.14628990407604969e-01
7.66281490457632275e-01
7.27858287030805351e-01
7.52596189842521079e-01
7.42600359850733915e-01
6.20467123398964593e-01
7.14959581280095624e-01
7.58306263893026467e-01
7.14364448027432486e-01
7.15262579521894870e-01
7.14194619910149320e-01
7.13018081269976345e-01
7.14235455076837500e-01
7.13480592075656062e-01
6.59823947108014397e-01
7.18049821979807046e-01
7.15367589793518888e-01
7.14998263737828710e-01
7.15003047734454777e-01
7.15399158810427149e-01
7.14749496542096741e-01
7.47905627084495261e-01
6.00515626298322669e-01
7.17932096426702748e-01
7.14927516795738072e-01
7.21291933280968300e-01
7.16799748931791325e-01
7.14604057392129288e-01
6.25382822678039685e-01
7.14432614939866539e-01
7.51220390614260269e-01
7.14062700618373181e-01
6.15666484416919513e-01
7.14671669066174853e-01
7.54142711135119881e-01
7.18596617925503223e-01
7.13419868897525844e-01
7.14353423147239264e-01
7.56598446734163654e-01
7.45317105776916344e-01
7.14259912834109278e-01
7.14642848343714276e-01
7.14516852422853233e-01
6.69433929054442878e-01
7.17754221810161019e-01
7.29560326398652093e-01
7.17909855031074184e-01
7.36866314985076265e-01
7.21939436878910379e-01
7.14892187160657389e-01
7.17511297565369799e-01
7.15877414468464091e-01
7.37365135449037368e-01
6.44461473396999440e-01
6.68629850568637774e-01
6.23707606934169156e-01
7.67486100753572265e-01
7.15353563884075672e-01
7.15347666265207294e-01
7.17040145677552032e-01
7.20451636288050978e-01
7.15024966125613948e-01
7.19392176134692085e-01
7.15214021774970732e-01
7.13443081046091110e-01
7.14732135490363074e-01
7.15670939206572765e-01
7.13749008462356227e-01
7.28153560911459219e-01
7.16584439651161031e-01
7.11938331506709043e-01
7.13100445390312587e-01
6.89253857163057648e-01
7.17314624835688530e-01
7.49820482553010148e-01
7.11572382800103154e-01
7.14368092968274526e-01
7.02226243097286318e-01
7.13608329208787029e-01
7.14369004717983591e-01
7.13353610098626301e-01
7.13473238958105438e-01
7.14828909494435005e-01
7.19795069909609841e-01
7.58716645712498972e-01
7.38485959989427898e-01
7.14571854421076735e-01
7.17850354728414408e-01
7.14767916252282642e-01
7.14919999956777352e-01
7.14550489382960730e-01
6.67240112614127745e-01
7.37850047285374067e-01
6.28292219255942919e-01
7.19189487475305422e-01
7.13525649032666798e-01
7.14245463565923888e-01
7.24430897385055617e-01
7.14829591115879182e-01
7.14706016453626969e-01
7.14305118247989923e-01
7.17537181100415089e-01
7.48103827118717812e-01
7.16676403084693048e-01
7.34325810846096938e-01
7.13812926528209712e-01
7.14114818213403169e-01
7.14934345150508910e-01
7.14674185574044385e-01
7.14650613759750586e-01
7.36272053949417415e-01
5.96033307484381769e-01
7.15411129958915981e-01
7.35469742615275091e-01
7.13428538711749605e-01
7.14862366628016943e-01
7.14919017829685699e-01
7.37019131783446024e-01
7.41206032408443516e-01
7.14288997582679275e-01
7.52706848161589503e-01
7.14658050092442543e-01
7.66751830551761770e-01
7.68825738204228726e-01
7.24631223031010574e-01
7.13325704399059068e-01
7.13282962765607542e-01
7.13308830908053415e-01
6.62733812853238180e-01
7.46568440677784384e-01
7.15376839454561098e-01
7.38271756820756964e-01
7.13951342875251083e-01
7.13793611946900053e-01
7.36939038298361937e-01
7.39169126215035721e-01
7.14782189322838102e-01
7.14801838698751468e-01
7.14856127660251639e-01
7.47207578294604047e-01
7.15026778626462023e-01
7.19545488861378035e-01
7.13540630636568252e-01
7.26161975934953463e-01
7.25177817154572302e-01
7.14525612782144437e-01
7.42863048467969134e-01
7.14010534050067980e-01
7.13242864519873065e-01
7.20004616763794458e-01
7.14513583808653041e-01
7.17645002055348091e-01
7.39792635866690196e-01
7.40822678405477442e-01
7.14366359221438763e-01
7.16830796366385914e-01
7.14307368856563651e-01
7.14713021325956155e-01
7.16541311598185571e-01
7.14698584889631783e-01
7.14493873809952773e-01
7.44890124887538696e-01
7.14450529431587156e-01
7.43692543146374230e-01
7.31106583691946255e-01
7.13904566516019190e-01
7.14735785224750564e-01
7.13893580225536506e-01
7.12919791402102598e-01
7.16518389306556869e-01
7.31005792981354707e-01
6.89167766551271321e-01
7.06609583501379035e-01
7.41707585307083805e-01
7.14753486205008115e-01
7.14416049117068463e-01
7.17174851774778688e-01
7.14421295393863454e-01
7.14784764031562214e-01
7.47387417617214944e-01
7.67837128663268254e-01
7.15132135125156387e-01
7.14565773641616220e-01
7.15093177166640448e-01
7.15121946955475152e-01
7.14397924255012029e-01
7.37157310664627086e-01
7.51684821882460996e-01
7.25104042624199030e-01
7.29326680143957073e-01
7.38415109160511118e-01
7.14373266209068158e-01
7.45404450003552266e-01
7.14529289266483736e-01
7.13934433225082321e-01
7.32832535373812322e-01
7.15422424397768153e-01
7.14235973122493761e-01
6.29061672426970420e-01
7.23784706972787628e-01
7.42709693508393776e-01
7.20206196577214519e-01
7.14479179476175008e-01
7.14401315226847577e-01
7.42731403113806699e-01
7.46868365786376165e-01
7.13408647986667810e-01
6.00737655794475023e-01
7.14869019117239990e-01
7.46997922412309334e-01
7.19864748910639007e-01
7.16440991795465720e-01
7.13964573013634918e-01
7.48372805891500348e-01
7.15310881636057050e-01
7.16229067313859935e-01
7.68448704076529654e-01
7.32227256886967992e-01
7.14792154099711530e-01
7.46375532923321372e-01
7.23042719704769188e-01
7.17379856820462680e-01
7.41208590046382843e-01
7.34314117364246566e-01
7.14463328378714735e-01
7.31899133145649472e-01
7.14794380913145289e-01
7.39776603383646036e-01
7.17224310340030313e-01
7.44053090264507055e-01
7.06278034820305711e-01
7.30703366734128501e-01
7.14525541071702186e-01
6.32852186935565886e-01
7.14972126213451076e-01
7.08262586454362908e-01
7.68607372916640941e-01
7.07911180483811520e-01
7.07905925590200713e-01
SCALARS mach double 1
LOOKUP_TABLE default
2.72303361508838881e-01
3.00111207886025577e-01
2.98706831944609619e-01
3.02162566138312216e-01
3.06922570476424128e-01
3.03497655290482560e-01
2.99383630260885214e-01
4.10327101986902087e-01
3.10331097765584984e-01
5.29329843265669897e-01
1.06486912965426381e-01
3.00504552733078634e-01
3.29805678280939873e-01
2.01173880629158364e-01
2.98465930182850836e-01
3.00454385724173045e-01
3.21432763331361393e-01
2.96795674865306003e-01
4.15364175760646548e-01
1.53142648731467518e-01
3.24874281525493636e-01
3.01764036840140026e-01
4.67067399622428048e-01
3.10042216205557108e-01
3.01954483508786620e-01
2.55605994072925391e-01
3.02118614829781307e-01
3.01577012184649051e-01
4.53090431315903874e-01
3.00443553981133371e-01
2.96761151589954975e-01
3.59533722475780693e-01
3.00387864129781079e-01
2.96345701827606611e-01
2.95344187565918737e-01
3.00679751912893034e-01
2.87315878498271948e-01
2.95342657822707466e-01
2.49701658022267708e-01
1.80158071290147187e-01
3.02568483040182523e-01
2.16764260431476785e-01
3.22617203642726391e-01
2.66170138075909557e-01
2.79402405076840610e-01
2.98393069512467024e-01
2.99028930790702974e-01
3.09507132357665249e-01
3.07762949164281818e-01
2.99809051179477704e-01
3.66100878275289587e-01
2.89564962689914995e-01
2.99464786894733825e-01
3.01926373421746497e-01
2.94906307170597570e-01
1.08196729516047363e-01
3.21033303815855708e-01
2.71456446248102834e-01
3.05823146117205569e-01
3.13958656608998188e-01
2.94523904325423858e-01
2.55484007371184207e-01
2.78492070711382378e-01
3.05958877328123824e-01
2.70741878155749516e-01
2.98439414550264015e-01
2.99091892211025945e-01
3.02947424379591324e-01
3.02429469883221502e-01
3.46594050509895168e-01
2.98142546749756543e-01
2.50238335148221580e-01
2.51200502734173714e-01
2.99204144371595204e-01
3.00290810435485833e-01
2.90158317086916084e-01
4.87857504740558390e-01
3.45057746184155911e-01
2.90746835619378530e-01
2.99385988551412130e-01
2.97337993878068418e-01
3.01342730103705658e-01
5.80795949492034169e-01
3.01670806227949728e-01
3.02494622591608142e-01
3.09992044831457092e-01
3.35975919329268735e-01
2.68737750165456535e-01
2.96404367722179818e-01
2.99086979988180457e-01
5.63164338164760192e-01
2.96208606956136156e-01
3.01737409021653413e-01
1.33313734610399498e-01
3.01978802844267868e-01
2.99282408890533036e-01
2.93179332486927458e-01
3.09360672093668854e-01
3.56742096690214783e-01
3.23491078431986712e-01
1.57848821817914348e-01
2.99650740318817055e-01
2.70918218723654070e-01
2.97026639949213522e-01
1.23589518803584722e-01
2.98176994051383482e-01
2.01180399813300659e-01
1.69260404617620486e-01
2.99164719784194455e-01
5.83281412580995862e-01
2.96398753146134175e-01
3.01584964583089310e-01
1.94936149065441183e-01
3.00656070355298288e-01
1.85789162389873197e-01
2.63236011493281907e-01
1.27152917022356426e-01
2.95666741751166307e-01
2.51345291345988431e-01
2.94598537087323753e-01
2.97774801928637645e-01
3.00613187156304862e-01
1.94256233133269479e-01
1.24553511148131166e-01
3.10005900113807797e-01
2.98612050651766159e-01
2.64489653741035891e-01
3.06590813498343162e-01
2.68863963416206997e-01
3.12369105177976725e-01
2.91068316487282874e-01
2.51499959447560206e-01
3.01982815166619289e-01
3.06193182242636586e-01
3.04168165185638273e-01
2.92557420065528928e-01
2.43076470102306208e-01
3.07212003434959247e-01
5.36352788383177126e-01
3.63857723585579329e-01
2.74547200970089833e-01
5.22308796641994810e-01
4.89726194706280704e-01
2.98250075675887794e-01
2.99119087973088171e-01
2.99060530246874234e-01
2.49638172443988338e-01
5.44366382918967440e-01
3.01535041037337859e-01
4.23066946287942891e-01
3.32090752227248820e-01
3.13489158964913972e-01
2.99699476404293508e-01
3.27229550597937235e-01
3.57675606164584159e-01
3.04479614024611545e-01
2.86303970120812434e-01
3.03925555019973814e-01
5.50289246949571487e-01
2.99929007916074297e-01
2.88162431833642541e-01
2.96954818942459953e-01
2.98579933682304732e-01
2.99017839372166361e-01
2.96000278979821951e-01
1.13653981924865921e-01
1.67127170187625684e-01
2.93325535339145682e-01
2.28124468313173179e-01
3.00654900746244513e-01
2.99850909490338269e-01
2.91782422160391297e-01
2.95282031767817477e-01
1.62135451878456599e-01
2.96647395913797018e-01
3.07101908040140759e-01
3.01582883543941804e-01
3.01552578852925524e-01
3.09290904478706663e-01
1.39172567021179916e-01
3.17011273208261335e-01
3.22232169745547470e-01
3.01621368128241918e-01
2.92425602818468633e-01
2.47741864896327546e-01
1.51551156758271577e-01
4.43446322326790932e-01
3.02729088871645569e-01
1.76908804808776854e-01
3.04120344447903590e-01
5.41766744712765980e-01
3.05016361872464559e-01
4.93602904214550053e-01
2.94081651306849101e-01
2.92552090668253717e-01
2.97580730083313816e-01
2.95308237037722077e-01
3.03520410117659289e-01
3.01950447404756017e-01
3.20708281482736612e-01
2.93472371495538453e-01
2.69480340231689541e-01
2.78405272228231526e-01
2.80783102330518064e-01
5.48644413600115066e-01
4.47562772967036226e-01
3.00856364916019470e-01
3.01246514815029898e-01
2.44152970342460363e-01
3.02276747349889297e-01
3.10421623762238919e-01
3.02902643037520569e-01
4.55203922699714103e-01
2.98702085270238005e-01
2.30180704928078211e-01
1.79362768554236607e-01
4.17995825866155524e-01
2.99862346471056640e-01
2.87043708004009412e-01
2.29210814652260786e-01
3.01614458233662397e-01
2.96635815442244988e-01
1.61291314914914385e-01
2.89442018456431915e-01
2.87634465069719014e-01
2.96010624815290557e-01
2.92426224694669668e-01
1.68548463081858113e-01
2.97649725894204853e-01
3.08856783407037205e-01
3.01703106655100195e-01
5.27572050141809523e-01
3.15348724283516235e-01
2.96569871344113389e-01
3.02370477328725074e-01
4.04490864330317945e-01
2.93442937628109413e-01
2.90768228307365650e-01
2.87490305027882642e-01
3.85182142115799542e-01
2.97038738425837001e-01
5.81961153639632744e-01
2.77344839918905905e-01
3.02270884865898204e-01
3.99867385095169670e-01
2.88596233735152752e-01
2.88909989388240196e-01
1.55988123404121909e-01
2.94909314948834433e-01
2.89102869932706730e-01
2.60363074373935632e-01
3.03406270149885249e-01
3.24079235963845247e-01
2.69256442212037594e-01
4.74713229353103838e-01
3.50053719544924535e-01
5.15822785545958729e-01
2.99740183593328768e-01
2.97050750079142278e-01
2.45389093891291044e-01
4.76935661329447813e-01
2.69125128134228453e-01
2.99264774913856280e-01
5.17023652462248240e-01
2.72731892243612051e-01
2.22692487254472243e-01
3.01835727632776107e-01
2.98428034507241369e-01
2.82102765204695800e-02
1.64171413204437733e-01
3.12112568227555010e-01
5.50890839135636079e-01
3.27080020644958502e-01
2.98723164736894364e-01
3.92488847019075715e-01
3.03140406954859165e-01
2.92904476948211090e-01
2.94405616903695988e-01
2.24444855191714504e-01
1.20467571715326627e-01
2.95618878271274144e-01
2.63262065394192002e-01
3.94495206385745978e-01
2.81748832119321446e-01
2.26960558503747439e-01
1.95841046038513350e-01
1.85467300058847373e-01
2.39391164430922648e-01
3.78430168073970619e-01
2.96019374223169984e-01
3.33309613131368643e-01
3.04025528615625040e-01
7.21639446928074579e-02
1.59704326238052613e-01
1.24435199120057696e-01
7.26699707476277379e-02
4.15779665845550317e-01
3.01580433835280270e-01
3.14629092421532586e-01
3.00599614433984641e-01
3.18765032142663829e-01
2.88835826110750371e-01
3.01632236367838980e-01
1.65026393351873718e-01
3.41909545752728639e-01
3.00171016573351102e-01
5.64342326081919810e-01
3.01867203195164802e-01
3.36725188087568961e-01
2.63396176365888468e-01
3.11395351081043326e-01
3.00742781684796234e-01
2.82854676745792788e-01
3.24622849836196381e-01
2.53569021867968147e-01
5.89402477787885459e-01
3.03341433622959955e-01
3.01693593984562913e-01
2.98840630052323919e-01
2.98489681623445025e-01
2.36246946179062250e-01
3.00738559121499938e-01
3.04408925154991905e-01
4.02950677583854944e-01
3.01928322154658979e-01
2.57101607082932948e-01
2.91076054349512170e-01
2.46422302270868282e-01
3.30138610723294645e-01
5.89466555395522840e-01
3.01745169090241794e-01
2.87324097063458239e-01
3.01459946987151339e-01
4.00809878420933463e-01
2.91035257344311959e-01
1.42404644749693055e-01
2.97161047766890285e-01
2.99402369890270748e-01
3.01673105327355029e-01
2.91462827627165910e-01
2.99825524843746916e-01
2.95723232438269090e-01
2.87811606862369007e-01
2.66896873626174258e-01
3.59465630704525196e-01
1.96318682160114028e-01
3.06793220079361884e-01
2.58802746170674725e-01
3.01771528091420826e-01
2.28597738493044961e-01
3.01620189703499242e-01
3.04536838186564796e-01
3.20145795160787783e-01
3.02405875130093427e-01
2.97098412612037899e-01
3.04693304209961435e-01
3.00694474704689407e-01
2.91521235957126312e-01
2.48068064478703332e-01
2.32373251300551892e-01
2.43984144694208704e-01
2.94478983119314808e-01
1.67383439547018009e-01
2.38441624135590252e-01
2.96858825855934150e-01
2.97084932398284152e-01
2.96179554842125770e-01
3.01813637828677650e-01
2.72850954533331358e-01
2.92430499353775686e-01
2.77093755419780985e-01
2.80349129733132862e-01
3.02273469459839406e-01
2.20594581684604302e-01
4.16830523976194411e-01
2.96978186596160154e-01
2.67747715422641364e-01
3.77323639961870627e-01
3.00327153965253002e-01
4.38319649249209187e-01
4.92661921101776978e-01
2.94960245859597014e-01
2.76184951861356220e-01
3.02325344781837702e-01
3.58543995969582030e-01
1.01458652923051784e-01
4.22119261186617689e-01
3.01096125936210712e-01
3.10242812167388082e-01
3.06663366620357314e-01
1.65753447429956652e-01
3.01186291288792318e-01
2.43955651696293407e-01
2.00494073899907199e-01
2.24845568203651452e-01
2.88276185446571132e-01
2.85752696623692959e-01
3.82213100027652353e-01
5.68145411861486968e-02
5.73689857484463578e-02
3.01785640483471951e-01
2.79057882292746806e-01
2.94722770024784753e-01
2.99433570507663060e-01
3.57020084883221678e-01
5.31700311711958751e-01
2.46556958990864605e-01
2.89248392096575213e-01
3.12722410877981638e-01
3.00387391178782104e-01
2.64990395472531393e-01
3.14406914069082999e-01
3.12523394437440927e-01
2.95528811333547525e-01
2.98219006976073731e-01
3.05235223173811077e-01
2.70828881692684043e-01
2.71896325707351227e-01
2.66560385430757829e-01
3.07492991525490533e-01
2.17273471714046845e-01
3.01769784923564099e-01
1.38273956501728690e-01
3.65553028529947199e-01
2.14864175133836377e-01
1.13151763621967674e-01
3.02102117111712254e-01
4.67492160058074757e-01
3.83890294396346421e-01
2.61784931842440671e-01
3.05305200388294840e-01
3.02533716692286625e-01
2.98219008189977597e-01
3.95615021917083975e-01
3.02861578531412545e-01
2.52830765792994627e-01
2.98748815884049668e-01
2.04783797606729961e-01
2.94669767147190786e-01
2.31774364124449961e-01
4.51292984828849497e-01
3.01365982708481084e-01
3.11547137503458194e-01
3.00838760036947483e-01
2.48965213556987974e-01
2.96135261198076760e-01
3.02878949840727552e-01
2.86878099794016295e-01
2.98549256542719632e-01
5.94912520582597137e-01
2.29023175474070612e-01
3.00766367752231978e-01
1.87922688484333744e-01
2.95020313026982395e-01
2.87808578592602560e-01
3.00213527672214098e-01
2.62260394830326704e-01
3.10776464098632355e-01
3.01337478460642849e-01
3.00569190174178269e-01
2.37501552935339949e-01
2.97922761475946540e-01
3.11330363653368636e-01
2.99358037328094129e-01
2.94599806562850786e-01
3.44805007458127588e-01
1.21861861823706522e-01
2.99232407711842896e-01
2.93533724071123436e-01
2.68104324050347786e-01
2.94568277753013752e-01
3.04299993174845462e-01
2.65782376824659106e-01
2.97604560321055311e-01
2.98374972305232244e-01
4.60015713718543995e-01
3.04336246692755719e-01
2.75334101645879570e-01
2.94290351757271862e-01
5.41260430778691570e-01
2.46812610253142606e-01
2.83861355280427587e-02
3.01607639977052422e-01
2.98319177854102280e-01
2.54880474756674746e-01
2.88534059263308884e-01
4.43933986985312445e-01
3.00161767519704137e-01
2.06013100670306704e-01
3.02038670919293095e-01
3.01293877156655232e-01
1.79508985163413376e-01
3.13812082973958462e-01
2.96735432996524218e-01
2.97144236341249424e-01
2.96903597922391571e-01
3.10717596204269753e-01
5.90413797650848227e-01
2.98812589163322817e-01
1.35531825283722346e-01
3.15916675199682251e-01
3.36546898809251482e-01
2.99966666332450616e-01
5.20226609089209813e-01
3.00527653081426926e-01
2.96658402616320760e-01
5.57635125552463640e-01
3.10710789887718830e-01
2.11180689653206133e-01
3.03362276123996355e-01
3.65747345505753441e-01
2.98358990783375189e-01
2.89295778427371697e-01
5.78447037727182090e-01
4.26392775641514066e-01
3.11000019654863180e-01
2.97789538228603101e-01
2.87185751124180100e-01
2.92767867012852401e-01
7.89601987689602103e-02
5.93374683749376186e-01
3.27123280793712279e-01
2.90107595836000098e-01
4.86582301032347508e-01
2.96854988004732201e-01
1.57579759959931148e-01
5.15465333335839160e-02
2.85314176839628120e-01
2.99623965651032997e-01
2.93486383916548521e-01
2.99223857131731719e-01
2.94914719219668164e-01
3.01152536502109547e-01
3.29102676097886349e-01
3.00791346617177990e-01
3.07377682718927847e-01
2.72746333903079452e-01
2.95668654104226769e-01
2.97270020901227505e-01
2.70036759079273159e-01
3.13858069622388658e-01
3.01466015486893946e-01
2.94390144542459764e-01
3.08796660788061283e-01
3.12214144097409219e-01
2.92771061559620516e-01
3.00279502742074933e-01
2.95747217203286117e-01
3.53043097788810545e-01
2.48425506587087674e-01
3.73052779585762828e-01
3.04838043075369380e-01
2.17643430700039553e-01
2.59005254655643002e-01
2.18033482045844551e-01
3.24789217881109482e-01
3.92496639794645164e-01
3.10441988479070508e-01
2.48892339497007758e-01
3.00047036951092916e-01
2.95584524096091150e-01
2.88364811691465051e-01
3.00689031143172247e-01
2.92194139218740823e-01
4.02453568182679411e-01
2.78713472837240239e-01
2.97345430769102415e-01
1.61336847142278500e-01
1.78640159311552416e-01
2.98417590994358828e-01
3.22332986699349844e-01
1.80057768422776848e-01
3.06578012707272529e-01
4.41581979629324273e-01
3.00297976027589120e-01
3.16479708194191411e-01
3.05928886040757242e-01
3.98738464046056673e-01
3.01161342568298795e-01
2.73480491064369891e-01
1.92801939091231334e-01
2.77700478877665691e-01
3.06323524376531708e-01
2.74461721443120366e-01
3.01522455448000715e-01
2.98433939855489827e-01
2.79911916387845017e-01
2.89442367829486125e-01
2.97025917119867644e-01
3.01929292045171715e-01
5.52297704489475461e-01
2.98501251618026098e-01
3.16842327527499801e-01
3.93052799982378687e-01
2.87282062312737174e-01
2.73392551282921836e-01
3.53963280816145531e-01
2.64858003329584590e-01
2.94163229812748950e-01
3.38306423294660152e-01
1.94706516643270156e-01
3.01603713327667777e-01
3.01580581037068751e-01
2.99053255277118180e-01
1.92247206631313255e-01
2.96476890290321538e-01
3.07182620036732634e-01
3.05149213742072212e-01
3.22272323435201513e-01
1.62519996829484592e-01
2.16765506948023268e-01
3.20953736170807025e-01
3.02895828197618566e-01
2.10765062379545842e-01
2.98245393709841822e-01
2.52376423559611207e-01
2.92180775233472634e-01
2.22020235941266825e-01
3.04340370272805860e-01
2.05464301278582701e-01
3.69378531761879458e-01
2.64931610597493095e-01
1.49707079197551024e-01
1.02973613010181958e-01
2.68596030490650506e-01
5.43750042956910984e-01
3.04547102101380807e-01
3.01920995868677877e-01
1.71583382661147588e-01
2.55056781162893043e-01
2.35637274861278501e-01
2.27743622251109168e-01
2.99365386050638504e-01
3.02990827506745886e-01
3.01019741337666014e-01
4.42564588219085397e-01
3.03999985504488812e-01
4.28346165953050084e-01
2.94002332998056504e-01
3.01077430349505848e-01
2.96714693032143761e-01
6.61070421440431988e-02
3.17589942777403489e-01
2.29772355874076462e-01
2.91970099688198037e-01
3.00045848882230182e-01
3.53109403721312332e-01
3.03307793346387855e-01
2.96822942996552985e-01
3.01386054687015015e-01
3.37618793633245096e-01
2.99681966614286921e-01
3.27206647444568788e-01
2.50099462149417140e-01
3.81627011629547819e-01
3.68779550777655174e-01
2.96958862318733863e-01
4.48027243768857941e-01
5.34095394585632377e-01
3.98781052199761565e-01
2.15681170763845131e-01
2.95171011749116974e-01
5.12577448529465074e-01
3.39409362764668598e-01
5.43554674189749121e-01
3.03434800320217135e-01
2.78453590235377080e-01
2.97095280337450640e-01
3.01634307405201529e-01
3.13761024998979066e-01
1.94271331461765007e-01
3.02513605403548824e-01
2.96009718490286677e-01
4.45865844759570917e-01
2.98668799393467355e-01
3.00747466486105952e-01
3.09797928609054696e-01
2.75811966839252354e-01
2.90890696222348366e-01
3.01666437951852828e-01
5.76578945635451645e-01
3.10752771441377140e-01
3.05789002756131467e-01
2.93898147848717817e-01
2.46068647720855876e-01
3.83554836888098521e-02
3.00278038852021922e-01
3.00452924181661696e-01
3.24946989067596226e-01
4.36367538683806108e-02
3.01961298445120430e-01
2.94639364072487864e-01
1.89702584699085353e-01
2.56959589370954866e-01
2.98347708794856892e-01
2.95222337334833940e-01
3.16938448687188623e-01
3.04665393901146997e-01
2.90707238551245917e-01
2.99305576861070954e-01
3.00470029956055484e-01
1.80143609660584431e-01
3.04045540506586109e-01
3.51788194779471208e-01
4.20945325095108014e-01
2.55262963009018629e-01
2.99625265045554923e-01
3.01629269749875417e-01
2.74464476293179604e-01
2.28982344158882745e-01
2.95510251721409822e-01
2.48343411512658568e-01
1.93502728730929302e-01
2.65684322527004746e-01
3.12067468738268572e-01
2.89172766633959244e-01
2.01222622338615154e-01
2.87785203367137421e-01
3.01671527852805710e-01
3.01398482507969911e-01
2.95668036280986424e-01
1.92983801194283072e-01
2.94921322372446615e-01
3.63017656294842839e-01
3.42410611119524866e-01
1.91514565997286113e-01
3.09679113237310066e-01
1.65544156325237168e-01
2.88774805525784106e-01
3.01536020542471861e-01
2.73146591813034079e-01
1.37517098419831341e-01
2.92108598045725643e-01
3.02353783021401479e-01
2.98598379557139970e-01
2.60772893895802493e-01
3.01235222915590406e-01
1.06133705803541423e-01
2.97625145841928451e-01
2.96723786377522558e-01
3.01784735397463699e-01
3.05985321485652384e-01
2.98472363935559870e-01
2.02191570154927946e-01
2.97881883145627968e-01
3.27983547052842439e-01
2.88705209058077117e-01
2.96747330757940242e-01
2.32563685735998144e-01
2.98483478512052758e-01
4.67428940739386178e-01
2.80590249036749728e-01
3.00047196997936028e-01
3.03114215879442483e-01
9.74291146521163720e-02
4.43202295052992523e-01
3.00410782810840105e-01
5.48036852776630279e-01
2.23839155098992715e-01
2.69853242179497244e-01
2.75883601535769185e-01
3.03848106227816717e-01
3.02117732069309475e-01
1.52962679825900033e-01
3.01935562167871485e-01
2.91346899366394629e-01
2.86750599516628735e-01
1.97273067276509284e-01
3.01564295746224120e-01
2.97587478360130608e-01
2.96085907507398272e-01
3.07301576982944968e-01
2.95301130522375332e-01
1.80954504922003656e-01
3.84239376459769522e-01
2.00116133794752821e-01
2.95383295152167213e-01
2.64465077976771767e-01
2.67869787046517205e-01
4.14375928740236488e-01
3.01426399037489912e-01
3.92398570500709865e-01
3.18191986229398260e-01
2.66754902208103717e-01
1.43218518663107697e-01
2.98905553041355354e-01
3.08498092159058102e-01
2.93898651617947537e-01
3.01258504342050371e-01
3.59499175305070862e-01
2.92016836822993009e-01
2.96050727319239482e-01
2.04870807101487556e-01
3.00036396035471442e-01
3.89659489002783521e-01
3.01952398218933771e-01
2.87871017746380187e-01
3.04083567452845649e-01
2.97769538429864367e-01
2.99048843232349093e-01
1.98145064419611078e-01
2.82776521789883384e-01
2.97393707678774821e-01
3.00520334109120602e-01
2.98759234997661827e-01
2.96975734300771288e-01
3.62525016118399435e-01
3.26306543549559958e-01
2.63501528268353935e-01
2.90345706475962140e-01
3.05802164622879846e-01
4.58114146736047501e-02
3.08386410031499469e-01
2.91000846149069015e-01
1.34727273888990279e-01
3.38074712529052579e-01
3.80076648038366105e-01
3.56758669648157944e-01
2.59763301205439334e-01
1.57537069704504346e-01
2.91218626817202397e-01
2.93103992073260822e-01
2.19994346823571829e-01
1.76088985270340337e-01
3.01644462821892723e-01
3.00533311860370356e-01
2.97895313549686458e-01
2.17644924572783866e-01
3.52110645212939832e-01
3.00081722755331404e-01
2.02109568780534238e-01
2.99573290423316652e-01
2.98779009691245878e-01
3.03849323871595911e-01
1.70443460207505476e-01
3.01550977572744239e-01
2.92972231908736114e-01
2.45074984302282334e-01
2.63981862233617193e-01
3.02168702155117708e-01
2.84613365617422731e-01
2.96938303362200395e-01
6.50099250850535854e-02
1.52124497442629236e-01
2.98052855748682066e-01
1.25358983499254034e-01
3.41251419962556424e-01
3.03732487038049614e-01
3.39276198298439025e-01
2.99273229069839164e-01
3.02885396593285505e-01
2.00925073531034948e-01
2.99658159732954898e-01
3.01927947480661374e-01
1.20697427024830314e-01
2.97032541988593857e-01
2.19384273265825269e-01
3.00682773499266476e-01
3.11156785406617675e-01
2.27132217094036803e-01
2.71015599852360511e-01
3.04066443413373411e-01
1.02182277105638486e-01
2.91178313498138774e-01
2.99905942591722818e-01
2.98997847015693985e-01
2.26384621623625187e-01
9.74189962282201311e-02
3.69872791901515230e-01
3.05006697253311532e-01
2.99863377694222943e-01
5.37369675607312192e-01
3.00719170682718417e-01
3.39069155393796340e-01
2.00149236148999543e-01
2.79688252105272428e-01
3.51888244370490988e-01
2.74409832682610599e-01
2.84285161787776963e-01
3.01226678398003656e-01
3.08325843331233584e-01
3.02947425867194531e-01
3.40059613963016649e-01
5.90351102388344984e-01
1.72559050013088522e-01
5.44735859320979676e-01
3.04710411824670180e-01
2.97145303167757890e-01
2.96161477334116796e-01
2.15092474783926652e-01
1.02557859890496331e-01
5.40406042362449712e-01
3.10340316095676139e-01
4.03784306884889144e-01
5.35040343500030713e-01
3.08522006316967967e-01
2.88220149697164640e-01
3.01095134731042324e-01
3.00104212911352031e-01
2.76619716765265755e-01
1.92791949245238070e-01
5.14585405858030143e-01
3.01454039015542297e-01
3.07696603033451921e-01
2.32919486830277578e-01
3.02812177920521342e-01
5.32628225294986338e-02
3.01024833236931522e-01
2.99654382342074643e-01
2.41681909971676406e-01
3.18664576366981089e-01
2.98301481494592569e-01
2.97425762851876330e-01
2.16687747323171170e-01
2.92510654266217085e-01
2.97931083400966412e-01
3.33292988084914477e-01
2.96026545618882753e-01
4.54053427623256622e-01
3.15155324980818385e-01
1.80927687366777001e-01
3.21304032051077548e-01
2.95480103535384453e-01
2.96386558444522108e-01
3.01064723371581799e-01
2.92055726083768230e-01
3.06853727756732753e-01
3.11888003060488139e-01
3.04702466241612235e-01
2.28321957749861110e-01
3.10947126214631719e-01
2.92425065817001839e-01
2.88078666740310074e-01
2.07152604218851788e-01
2.14976587377627815e-01
3.15056608039610109e-01
2.88506558797651469e-01
2.96136878957123040e-01
2.95826684706560761e-01
3.10717263096564333e-01
2.87244326071106837e-01
4.83945128294320182e-01
3.04533803855224994e-01
2.96453980874085921e-01
2.97372682384859588e-01
3.00638268093464389e-01
4.69361492466716324e-01
2.10321737775554268e-01
3.00842582343888443e-01
3.07109518688135352e-01
3.03505198597867842e-01
2.98751583105465124e-01
4.89936978335517581e-01
3.00157051912176120e-01
2.97960135131965453e-01
2.96533608055564724e-01
2.88216928638948766e-01
1.09424834169923504e-01
2.44461053295688069e-01
8.38768078339116041e-02
1.96806884044421732e-01
3.01357692739501026e-01
2.29381223114571986e-01
1.67452729998227495e-01
3.60390286818869532e-01
3.00775443831965861e-01
3.05054003857343270e-01
2.99362189051093464e-01
2.94616250963790627e-01
2.85476474579537010e-01
2.90351827971148613e-01
3.05698530921599876e-01
3.75026197220621693e-01
3.07786733733022622e-01
2.45110696677169004e-01
3.03337563116148179e-01
2.98584580854379611e-01
2.93213926808406189e-01
2.95777935720642648e-01
2.86080497338333573e-01
2.12413164762332074e-01
2.94684206649844793e-01
3.97422305890587801e-01
2.99200130058689451e-01
2.98780989738217595e-01
3.04496063825301644e-01
2.81546760291198184e-01
2.83557284603481008e-01
2.91930496798153916e-01
3.42707820062660928e-01
2.97912068765930904e-01
2.98879791789026128e-01
2.98959749497452465e-01
3.02332606689937444e-01
1.77490426716465810e-01
2.84878981890893890e-01
2.92639380417697770e-01
4.07439097383391013e-01
3.01241131634140902e-01
1.95044832768061782e-01
3.15832828929655862e-01
2.72466499079735414e-01
1.66696575826724036e-01
2.44558833693248878e-01
5.41064325093575049e-01
2.97978177582728598e-01
4.95393873700590404e-01
3.03657463082600110e-01
2.81654403895867989e-01
2.98635597857932034e-01
2.36346992024997121e-01
2.88729377477974836e-01
2.96495747788735275e-01
2.04049890078124629e-01
4.04367049206311280e-01
3.49014398305979523e-01
2.48477044583904044e-01
2.94594043918097126e-01
5.11051873857633954e-01
2.98466611940926885e-01
3.37829747870009633e-01
3.04107394282059074e-01
1.83510183147942180e-01
1.37234080560516641e-01
2.45692412138624278e-01
5.04687210603066982e-01
2.98861950637447138e-01
2.92821825257839397e-01
3.02633487982220839e-01
2.96292540207546473e-01
2.94045300804421428e-01
2.24769889279314961e-01
3.05422054998288062e-01
3.59343935661577907e-01
3.01490226976669384e-01
3.26775421976442326e-01
3.01008267272468488e-01
3.01550508707394749e-01
2.92926814211111386e-01
1.82682815920900410e-01
3.06121474082803213e-01
2.91246804677491866e-01
2.96076861991005691e-01
1.60524327330215599e-01
2.94126652969754987e-01
3.01789043497378395e-01
3.05200991138721289e-01
2.87436888334867635e-01
3.17009474953688586e-01
2.99001866812681372e-01
3.05632156413142619e-01
3.45941345233468256e-01
2.93559284570818479e-01
2.41170047298602280e-01
3.07493972412651917e-01
3.01304266562502920e-01
2.83179762788037137e-01
3.27945432814282956e-01
2.96631763419225036e-01
2.99111063153283729e-01
2.85987818676098904e-01
2.60368152181730983e-01
2.78097257484185345e-01
2.77544279510945402e-01
3.04205823249536322e-01
3.01855764649292702e-01
2.75188686591567255e-01
3.16056766269492750e-01
2.87955235277087718e-01
2.95033026904796547e-01
1.82608915487340817e-01
3.49246390637254600e-01
3.03601774394340662e-01
2.97948647177382619e-01
2.96184792910526129e-01
1.38079484377416628e-01
1.84702728666929661e-01
2.45991473748588513e-01
3.32984076622051595e-01
2.97816372426619458e-01
2.23063459609509046e-01
3.00286010856742169e-01
3.00422490928063501e-01
1.21151281963491037e-01
3.01683252701941074e-01
2.73030185916302071e-01
3.00630549157526128e-01
2.97837733403115534e-01
2.35902676028787339e-01
1.58233354264588455e-01
2.99447677757208819e-01
3.00317242816304120e-01
3.08655590647411937e-01
3.07957613119758944e-01
3.02794229376757040e-01
3.05143317591648922e-01
3.44458170193647717e-01
2.79394196337429623e-01
2.96573837740428947e-01
2.52161359000143137e-01
3.07534112376836088e-01
2.92578122309521349e-01
2.99590971743253054e-01
5.38520977128881584e-01
2.59200346119030811e-01
3.43227188451255272e-01
4.16181228114967827e-01
2.51867115177975665e-01
4.42543049407028322e-01
2.74422929876847466e-01
3.01892310319583468e-01
5.02558943738490971e-01
3.09108645031158813e-01
2.12535375239238794e-01
2.71133186982779717e-01
3.04842641547268978e-01
3.27976982681566054e-01
4.01709340938885162e-01
2.46320838276704313e-01
4.17014446927979676e-01
3.21409617906641853e-01
2.99506735916900635e-01
7.71628460553651641e-02
3.08603117557909867e-01
3.50540777015859950e-01
1.69156085311469528e-01
2.96676415306686481e-01
3.49521381692956268e-01
3.09338894872574266e-01
1.38749615247355768e-01
3.01284102779179219e-01
3.00458891644942661e-01
3.02635150929920493e-01
2.30700218957001074e-01
3.49254937569661139e-01
2.15293796404096183e-01
2.70070814904278644e-01
4.32422712636250595e-01
5.95894693527292740e-01
2.90456332393261019e-01
2.98392520623590896e-01
2.06756314601529961e-01
1.16982612195078592e-01
3.35618713687644510e-01
3.70341578441325758e-01
2.66397481384702151e-01
3.13655266358186580e-01
2.97062876101568230e-01
3.90588925027942735e-01
3.15894158592851249e-01
3.92446949441766058e-01
2.98800187037721598e-01
6.12679830808791070e-02
2.95969247981485717e-01
3.02965311499044987e-01
3.00692077222976917e-01
1.46334704112454222e-01
2.60099167975064438e-01
4.75371849876170038e-01
2.95091241282902983e-01
3.00831231721665815e-01
2.06042224991408507e-01
4.79462152972458949e-02
3.08643639459464936e-01
3.04094042689075084e-01
5.44871809721418354e-01
3.00870184541386754e-01
2.07595417066232385e-01
2.29817192398802356e-01
3.02375964562474786e-01
3.01776995746497245e-01
3.09820108477000755e-01
2.08275878638272072e-01
2.96572579438534489e-01
2.84583616144665097e-01
2.73883653632598256e-01
3.13181038824127400e-01
3.12896387614164329e-01
4.91152465471622057e-01
2.80734487292385981e-01
1.86188570544702142e-01
2.88254089625434751e-01
2.98605931216720577e-01
3.19175510797407302e-01
1.94444388329958889e-01
3.00761483168894672e-01
1.66884710223832083e-01
2.91909869552446744e-01
2.04369249660396990e-01
4.03009237309832014e-01
2.47866456944424635e-01
2.83334278104466153e-01
2.53041166608173995e-01
3.67218052557651609e-01
3.06186692413337902e-01
3.86963376234183809e-01
3.28581621406311419e-01
3.00647829675515899e-01
5.64205089035952900e-02
3.53966691804396161e-01
3.06416617400798452e-01
2.97703292028669186e-01
2.99064942401419565e-01
3.29479374272023784e-01
4.90274338481111793e-01
3.05472186517903421e-01
2.94033745336150842e-01
3.00591201907857986e-01
3.30084305026633384e-01
2.98032748305881945e-01
2.98732153833048630e-01
3.06014781650402967e-01
3.07994247897232898e-01
3.01829680267598544e-01
3.41294218973732966e-01
2.91494317824815496e-01
2.83549531458666348e-01
3.02348234415748207e-01
1.35115291899226608e-01
2.82898814236289375e-01
1.54381040109843465e-01
3.54064277183503473e-01
4.21732243103718596e-01
5.91136827839733647e-01
3.07316439965379273e-01
3.01060431682481755e-01
3.00940701312585490e-01
2.52740628266650669e-01
2.79047749724791072e-01
1.69557697781342775e-01
3.03246111644994931e-01
3.12843602223128514e-01
2.99157320699703078e-01
5.07475345947566159e-01
2.55401935890296083e-01
3.11788497953032318e-01
5.13896353648501725e-01
1.47785577235670151e-01
2.98647074988983907e-01
3.03542142458773145e-01
2.98662960121569176e-01
2.61574038450665791e-01
2.97001314170854624e-01
2.93662332451429475e-01
3.10602754092077826e-01
3.02663557892803969e-01
1.97754354199594945e-01
3.03705997284826890e-01
1.94800436827892637e-01
2.72573957079198959e-01
3.65653289064999221e-01
3.01009239412370122e-01
3.49949603980377499e-01
2.22889630175771652e-01
2.99284721342198634e-01
2.74939733753357451e-01
2.99129423639067249e-01
2.92267835398244635e-01
2.73417992493176609e-01
1.90897029136469915e-01
2.93917673853908490e-01
3.68026673695950268e-01
2.99401450428914861e-01
3.02052699728624363e-01
4.18758060960616685e-01
3.69405980632033115e-01
2.94040572239857467e-01
2.88314112835584058e-01
4.03750932352001990e-01
1.45654942653747205e-01
2.95453866017821032e-01
2.87915806091810889e-01
2.18760733745594571e-01
2.98412327147747847e-01
2.66228902588752758e-01
2.79036794235580532e-01
3.02632575711586416e-01
4.75857272098879680e-01
3.02294096825372671e-01
3.04183885277876931e-01
1.97109991966379433e-01
2.97928819178701176e-01
3.33093815049253061e-01
2.17534483301161929e-01
1.82879210060665903e-01
2.26779033222738596e-01
3.02642015063967096e-01
3.02258625782587609e-01
3.04369459009308951e-01
2.32333359989235072e-01
2.93305454824594691e-01
3.00747357104779123e-01
9.95473401243810868e-02
2.97383120536234946e-01
3.02351033923389911e-01
2.61745476895764329e-01
2.74272907691960832e-01
3.03224468399989899e-01
3.51152680300485687e-01
2.40334474656487940e-01
3.51437866981075597e-01
2.62692246846137345e-01
3.17233895158839652e-01
3.00643736745344892e-01
3.26344658237949170e-01
3.00687346256758914e-01
2.83949456069464534e-01
2.94330432762391736e-01
2.95051836115808763e-01
1.89100300635022589e-01
2.98157595151138988e-01
2.52809378840004928e-01
3.04908148556450209e-01
2.99214295038878308e-01
3.03678597888000223e-01
2.98389426794856027e-01
3.00608830225927715e-01
2.28193326954108322e-01
2.96042875720387677e-01
2.24861009097231890e-01
2.95108215653780703e-01
2.85594831428444329e-01
3.62430228248895869e-01
2.41632170328091977e-01
2.43898026956721525e-01
2.80484273626932124e-01
3.87049637506405919e-01
3.15695870675521795e-01
2.94204854998269816e-01
2.82441411745867066e-01
2.85974267544867045e-01
2.76966948731191320e-01
2.95740160318407885e-01
2.81693459428530357e-01
1.90125868095085804e-01
2.79184048050960143e-01
3.12811142058663783e-01
2.81874645497339926e-01
2.96724940843424267e-01
2.96294241942679726e-01
3.00422626688787719e-01
6.96061900342402201e-02
3.03203807703714689e-01
1.77773030540189031e-01
1.84932965437428903e-01
2.06776387169810699e-01
3.17022423251278440e-01
4.20370952985581747e-01
2.16854854440304778e-01
1.90782418100373774e-01
2.93762860819598293e-01
2.79154093741980858e-01
2.97714734809499004e-01
3.05814321416720214e-01
2.24930518070918989e-01
2.66924547680459034e-01
3.02173165134082822e-01
2.97911244023135180e-01
2.99373707104525599e-01
2.38462534490238520e-01
3.00293395797049667e-01
2.78455284336219744e-01
2.98536259143110438e-01
3.27506868605971391e-01
2.92287597955999956e-01
2.98149790544539994e-01
1.40636402146134987e-01
3.09517387060913973e-01
3.50465042145888583e-01
3.01489292857515856e-01
3.11590725887375575e-01
3.00386443658478386e-01
4.74468818787276536e-01
2.18403554399072997e-01
2.98009987149833400e-01
2.83342584817895815e-01
3.05496363560430140e-01
3.46419344011163199e-01
2.97932956594191112e-01
3.02146495901169987e-01
3.08743094129729445e-01
5.84508364169333605e-01
5.07469292691295149e-01
3.00064081908566649e-01
3.34816368310865919e-01
2.89712547162203793e-01
3.24362727463508471e-01
2.73545031734862665e-01
2.95265579822567459e-01
3.31134610704555632e-01
3.80421444737218395e-01
3.02195053381622836e-01
3.44851922471516914e-01
3.01602045699029486e-01
2.18489727134729750e-01
2.96773632815306554e-01
3.13965061789979349e-01
2.04574412294624502e-01
3.05384784175716184e-01
2.96412100012838076e-01
3.39394214835539498e-01
3.42406925610352353e-01
2.06153741297811249e-01
3.95927017121382896e-01
3.00254380769518936e-01
2.21400963123488337e-01
3.16260151604097817e-01
3.00659514556767538e-01
2.99858324134281817e-01
2.99358957011388982e-01
2.58308532317879924e-01
3.27306301975609948e-01
3.10426013553675162e-01
4.49113934096908238e-02
3.26663406548838187e-01
2.83015743076947768e-01
3.06659551709370759e-01
3.03085888915040624e-01
2.74150923355242104e-01
2.77565132013598059e-01
3.37683694404281642e-01
2.89861191992946632e-01
2.92216218277399020e-01
2.19471534128107104e-01
9.61662726982995819e-02
2.98618315166815362e-01
3.05156810945687806e-01
2.99321269362728681e-01
4.39404731632000445e-01
1.98013908514381359e-01
3.38568181143455937e-01
2.83878451356363415e-01
2.99038396945525420e-01
2.98434435989005042e-01
3.43667999071591568e-01
1.40056882359584300e-01
2.83004316741431006e-01
3.00637440257938426e-01
3.00555993037310565e-01
2.99691879896593183e-01
5.86167216699940097e-01
3.00731315952208533e-01
2.92638437170742838e-01
2.34982339798610135e-01
3.71389749523582391e-01
3.12481579897591510e-01
3.37327486806041577e-01
2.89375624259868680e-01
3.08842773812954996e-01
2.99478210164828729e-01
2.99048377702439805e-01
3.02799797474478050e-01
2.80541655507838827e-01
3.03907978856370609e-01
2.96719954176733858e-01
2.92549017504940556e-01
3.34637791591415934e-01
2.16709737030626126e-01
2.96976673034205885e-01
2.99485598522741647e-01
6.95064117829702621e-02
2.98696700664959847e-01
1.37594735014353015e-01
4.37368888119552379e-01
4.10969904989346713e-01
2.83432844443981813e-01
3.03103953798173620e-01
2.99187907316647073e-01
2.97932139964340981e-01
2.99015863519249525e-01
2.62162935786013407e-01
2.94849285188935939e-01
2.19557502988035336e-01
2.33356826321732908e-01
2.71944226676334111e-01
4.05927886925649462e-01
2.57198565252362010e-01
2.96706095070629283e-01
1.41767256763295248e-02
2.63302016588416787e-01
2.20578801112732564e-01
2.21927422532290891e-01
1.46277889734385463e-01
3.01791036052643902e-01
2.65618509718201279e-01
2.99472476431975887e-01
3.09874744022106963e-01
2.92021439849935838e-01
4.72176049507339213e-01
3.12568054749707558e-01
1.14926248989853305e-01
1.33147568339763100e-01
3.00018672166736333e-01
1.11267563711549569e-01
3.01197258258900258e-01
2.40923694147254036e-01
1.39506618990156289e-01
4.05040948922671895e-01
2.98705679592709661e-01
3.04024606699895950e-01
2.98472970151376915e-01
2.24069930191012658e-02
2.66971513353690737e-01
3.88278398100104005e-01
2.97893524089745065e-01
3.01356039696501710e-01
3.01545754483625195e-01
2.96101276206806430e-01
2.97369692795931340e-01
3.02034829329846100e-01
2.93426706561333295e-01
2.08685976693987751e-01
3.07863813678096121e-01
1.98661363968349935e-01
4.05116973918056400e-01
3.01237034247215874e-01
3.66268112306394167e-01
4.15653150735905752e-01
2.94598954574011529e-01
1.12170573177921187e-01
1.09665522717352443e-01
2.41988530791056033e-01
2.79131230850559908e-01
3.39862633834685901e-01
3.01146019458350622e-01
2.97597693062617186e-01
3.19964122340900603e-01
2.48378602128528275e-01
1.13001675786526146e-01
5.87893469300777238e-01
2.82279950987978978e-01
4.39842994785537567e-01
2.86876282087864753e-01
2.84590268245873079e-01
5.09641338605518968e-01
3.48536743345055189e-01
2.97700611690259520e-01
4.43294365398667511e-01
2.98486103069822928e-01
1.72884630170328929e-01
3.01199728142396095e-01
2.94761590925647077e-01
1.37263657292793384e-01
2.59090502346215279e-01
2.95799350862238797e-01
5.26004100536519803e-01
4.21684714230500579e-01
2.99749341348642950e-01
3.33946711202399493e-01
2.99479881696729400e-01
2.86213326357175391e-01
3.06486110130427536e-01
3.48170751746092300e-01
1.39930934800426870e-01
5.61818345586277412e-01
2.92188365860177768e-01
3.06609754781437149e-01
3.44682653345402601e-01
2.94091986850215703e-01
2.93492455381999806e-01
2.95054597177997091e-01
3.15920104282824465e-01
3.00090232592817086e-01
4.09913976977307193e-01
4.45930302584393035e-01
3.11244279590710826e-01
3.25255344344876407e-01
2.90145278030728926e-01
9.49978759973276327e-02
3.71097838409642944e-01
2.96449946832019195e-01
3.00363553193839949e-01
5.66873958051712812e-01
2.24482695484048644e-01
4.16913255054457255e-01
1.41949606218457841e-01
2.86476899371709948e-01
2.91409438736214887e-01
1.98439371577992102e-01
3.82339138294616632e-01
3.00773992846099736e-01
4.67327965832942449e-01
2.74025561737509138e-01
2.93926400569552271e-01
4.54223174046373024e-01
2.91641214676097604e-01
3.03158426942511217e-01
4.56723355427457289e-01
2.79710952587297057e-01
3.14866273274902075e-01
3.09202378344133721e-01
3.21646497270974052e-01
3.69746839895945145e-01
5.85956247231900762e-01
3.78372746782516312e-01
1.36635542363269913e-01
1.84253723340413567e-01
4.34259837149911343e-01
2.93584949391024030e-01
8.62165078938199603e-02
2.99278642493285063e-01
3.09096062367573643e-01
2.10301688938364206e-01
3.23304330006700613e-01
1.35438774103833509e-01
3.19052782997969242e-01
2.93843853932139132e-01
1.24669602400875212e-01
3.06666524235017779e-01
3.40514684902710585e-01
2.84625075846626163e-01
5.67240669373759721e-01
3.13253874574407176e-01
2.98501448050090545e-01
3.08539624831413617e-01
3.02037368121014060e-01
4.13476064313588021e-01
3.02254058084203747e-01
2.93479661129435465e-01
3.07308349986414098e-01
2.95492581974600155e-01
3.01588853293389247e-01
3.66715675321937495e-01
8.12544431557779973e-02
2.59688850515525871e-01
2.93544212956882600e-01
3.96385058559819259e-01
3.00850698097213987e-01
2.67860308091736277e-01
2.92952700733823734e-01
4.19888306028936398e-01
3.02080683727388888e-01
3.06253157636388773e-01
2.91999998230863755e-01
2.96783364000436256e-01
2.99857371184784838e-01
2.94849147461483219e-01
4.43475046007370310e-01
3.03955461871422750e-01
2.93225800119864544e-01
2.53355516488964483e-01
2.80474414964291596e-01
1.93518919918146848e-01
2.97205759169773043e-01
3.00940518934698531e-01
2.76056434208599821e-01
2.90643813744477508e-01
3.33866342624683732e-01
3.01809538537793964e-01
2.57076456563424816e-01
2.97390094327059817e-01
2.98395407884304742e-01
2.93862460639084444e-01
2.84519056119523439e-01
3.05055742366523164e-01
3.08886453924005155e-01
2.70145473643075396e-01
2.89620962239644619e-01
1.32482359748211875e-01
2.48285767818333614e-01
2.92968373634763579e-01
1.25078859558621164e-01
2.22958574452569336e-01
3.03786314429799531e-01
6.01760491908845951e-01
3.24666469831817295e-01
5.82825921735935060e-01
2.74631746869322679e-01
3.00199962311895552e-01
6.00858531970335230e-01
3.01093382578562274e-01
3.38905849989920738e-01
2.93197571501774279e-01
1.90451411620071925e-01
3.01405666712931841e-01
4.27831996353983501e-01
2.80572910261245423e-01
2.64775363432182054e-01
1.69889127949895968e-01
2.51700067116909343e-01
1.66140108188247343e-01
2.82738624684667095e-01
2.97246166065590955e-01
1.73448827263829403e-01
2.82704247822275767e-01
6.00626421111636111e-01
3.12007602073548773e-01
2.95517952870902378e-01
3.02021253307628301e-01
2.11259942262729677e-01
3.02017548346671882e-01
2.98681199061218039e-01
3.01721461699994753e-01
2.58959654666319261e-01
2.99945823702828074e-01
1.24519040154460095e-01
3.00819632938722659e-01
2.98324759034525433e-01
3.17295366130832424e-01
2.99496112847758122e-01
3.01122231774366422e-01
2.79451580329039106e-01
2.95466046556520645e-01
1.88761842238187205e-01
4.26870013506684409e-01
3.01576864387954446e-01
3.40401663336626303e-01
4.60192545391125252e-01
4.47181404988556741e-01
2.98969591770250787e-01
2.98949445054276786e-01
3.06131457873172697e-01
3.62256481518641205e-01
2.99906511071108273e-01
2.99959513815525602e-01
3.04183147506195350e-01
2.96565367588355278e-01
3.08296486871514008e-01
3.21765013564203672e-01
2.38406911972811969e-01
2.95808212113030544e-01
1.10960266165012089e-01
3.16965080547853439e-01
2.86517340253585218e-01
2.30269736269162167e-01
3.04618819498019111e-01
1.48090628119314199e-01
2.44383289995063896e-01
1.89541783120887986e-01
1.16508216643796902e-01
3.04404278680463380e-01
3.03128891423280200e-01
2.20151956567865487e-01
2.85950428844895965e-01
2.94466094535330791e-01
2.76358666153959487e-01
2.85292650255028035e-01
2.83856167375657942e-01
2.80029091221619286e-01
4.73784825403719273e-02
2.96117903573253294e-01
3.01811094574510663e-01
2.77465653599002215e-01
3.19406489236661317e-01
3.00973887652742522e-01
3.02411764909143732e-01
2.98373869404587322e-01
4.61947036994264648e-01
2.93118082920577783e-01
3.04765967936154680e-01
3.01849794054974530e-01
5.73416364876933371e-01
2.66290725638760994e-01
2.99453459228795182e-01
4.10895574787257523e-01
3.57815004369470446e-01
3.06948601681952093e-01
3.00305829654072542e-01
2.44201838783723452e-01
3.01301508404413054e-01
2.99440427990801228e-01
2.93206008720941991e-01
2.93050222196366006e-01
3.05905687685866123e-01
3.00890147527740959e-01
2.96777466082021490e-01
1.45890032178408680e-01
2.93494331174345646e-01
3.37258068267162259e-01
7.29332489675901807e-02
2.95787907633378144e-01
3.26715820379517852e-01
2.17581200010756259e-01
2.95854702250508805e-01
2.97317370267364045e-01
2.81208711954649859e-01
3.02604823509678988e-01
4.08082195122325964e-01
2.97407385334255592e-01
2.90938388198098974e-01
3.30516022775702745e-01
3.02241397540666534e-01
5.38352429979388925e-01
1.77024038414217044e-01
2.34313655443746216e-01
3.06792899472837111e-01
2.84843432858957635e-01
3.98838029402827421e-01
3.01546504654330083e-01
2.71657319183637613e-01
1.24979940717956373e-01
3.05499834289105154e-01
3.53013627371022598e-01
5.03170734228843730e-01
1.78606474989049108e-01
3.08399106157405845e-01
2.08302456061702890e-01
3.01811083544286596e-01
2.98717083985729492e-01
2.19279322221298728e-01
4.92095324532648370e-01
1.51505816012335842e-01
3.04414779793572399e-01
1.76926487593247805e-01
5.31293364597275053e-01
3.04131435481892143e-01
2.96047503626717667e-01
2.75560045231468043e-01
3.13369299515435684e-01
4.51161608474465348e-01
2.63474084078629101e-01
2.97095656548153231e-01
3.23157270989161083e-01
4.17585627706001106e-01
2.95498738101880376e-01
2.96171690734947868e-01
2.86858355196129011e-01
1.44358420015831296e-01
5.81849044972944096e-01
2.59950594681413072e-01
2.04348690843396574e-01
2.92162902610642317e-01
3.01303391928117670e-01
2.65351013091846943e-01
3.06603789814938132e-01
2.97395340505618277e-01
2.97669213740168637e-01
1.68604936175841935e-01
5.31238121408282526e-01
2.13297256711949795e-01
1.51428189302879740e-01
3.00237437763280712e-01
3.24548971228823924e-01
3.07547633015462618e-01
2.92999816383241518e-01
2.96840106753053834e-01
3.07438889823482497e-01
2.98432539578743217e-01
3.04218202962830420e-01
2.66816532168394738e-01
2.99394548340256472e-01
2.97772659847275245e-01
2.99091575498746542e-01
3.73631577574504437e-01
2.85312814590051089e-01
1.30990136754759207e-01
2.28701961174713114e-01
4.52113676198664272e-01
3.33413531585455669e-01
3.54036750486971738e-02
3.00986546672041222e-01
2.53416309324341116e-01
3.49993561569778566e-01
2.95363894812869565e-01
2.51478164471532539e-01
2.49367090960665949e-01
3.43329422049998223e-01
2.54322644184387048e-01
1.47645805017274423e-01
1.56685063587034407e-01
1.61498517056323593e-01
2.61765248761334279e-01
2.98877048077731966e-01
3.06300372890591810e-01
3.01344635237068281e-01
2.98993405094098885e-01
3.73078463514306180e-01
3.05488817385169531e-01
2.89119501462127171e-01
3.12774883558747996e-01
3.27893570708023774e-01
3.02121571718444726e-01
2.97617382361330729e-01
2.85237360905181869e-01
2.81667561876477235e-01
3.82596753919368537e-01
4.38845907444120775e-01
2.51614813231884282e-01
2.98872895022172902e-01
1.65994233820851406e-01
2.08960966619380434e-01
2.99214964513649484e-01
2.60406386524878575e-01
2.99340312052103763e-01
2.48532098912760541e-01
2.86993555260662947e-01
5.66382631470359832e-01
5.73227357473204191e-01
9.71702121673667790e-02
4.31711451739256402e-01
1.35616975590515831e-01
1.42731121176941755e-01
3.06093679317626488e-01
3.01037446373203288e-01
3.07863741726385143e-01
1.54143514523282510e-01
2.93322318831449103e-01
3.00858560490317894e-01
2.95342041737867267e-01
2.16543331569424152e-01
2.96682242848090139e-01
2.98758515940289571e-01
3.04845037790136553e-01
2.70721913811368453e-01
3.01757722311808751e-01
2.38934745256114800e-01
2.94048217373613086e-01
3.15134501320543381e-01
3.06034346930336876e-01
2.85215264294907900e-01
1.58896826393679802e-01
5.49454058888378505e-01
4.24389308699082424e-01
2.87645752177901892e-01
3.05508321344855227e-01
2.99469271128517067e-01
2.56457901694732260e-01
2.84228377316264935e-01
3.00876290982223960e-01
3.20601961125356050e-01
3.06464393458557416e-01
3.02521505635714560e-01
2.98145632352908196e-01
3.04025860062064668e-01
4.23295727130310107e-01
2.81065110521209915e-01
3.43657138788821814e-02
1.83493441032505838e-01
1.27487639524814039e-01
2.87234517055476979e-01
3.01626437477860387e-01
2.72682936686585775e-01
7.19547370527339053e-02
3.71308142604272029e-01
2.96724276273905241e-01
2.98827407901982922e-01
3.91684229430443787e-01
1.81620723069483597e-01
3.00047017982337183e-01
1.85021187653530345e-01
2.95583088240476188e-01
1.72405605482046059e-01
2.95294336134321656e-01
2.87576185112564775e-01
9.20233763817742828e-02
3.04491174931334319e-01
2.99619785455965404e-01
2.98939971164104035e-01
2.94223331032617830e-01
3.17453409347541904e-01
2.97225244691135759e-01
5.10081689810613526e-01
1.90144567331650471e-01
4.73624066292913093e-01
2.61224321883449684e-01
2.82960355448873047e-01
2.95004390888532364e-01
3.13203906469288751e-01
2.95107337371289191e-01
3.05740494967049747e-01
3.00820625351865101e-01
5.13750775870559950e-01
2.98160995078923130e-01
1.57209920763838412e-01
2.76987954445557627e-01
2.56560189848295095e-01
2.40700377625637452e-01
2.99623871930994434e-01
3.02464806468371261e-01
3.10669880862258774e-01
3.00025269639875247e-01
2.89459700896736005e-01
3.07823118798737805e-01
2.93937194663574153e-01
3.17732938966822753e-01
2.37695239146136716e-01
2.97135431840141129e-01
2.59969125300332615e-01
5.68767935070581432e-01
3.11637704409049032e-01
3.22620946695810151e-01
2.97139301793435284e-01
2.87899938955129164e-01
2.65319297623677397e-01
5.49282901299715021e-01
3.04689028242815241e-01
3.14634868820384939e-01
3.01661165355618710e-01
2.98048743696103569e-01
2.46906612658780333e-01
1.95671936774794913e-01
4.70861121946588301e-01
1.97452881606827890e-01
2.89426846002162785e-01
2.93494888296967016e-01
2.92121304346770638e-01
4.68558869927454824e-01
3.13954872910099880e-01
3.00018215716707504e-01
3.02655451724117286e-01
3.06680104545582144e-01
3.01433933450555080e-01
3.01119294182680852e-01
2.90264184186954877e-01
3.01865093287196073e-01
2.95452809147312423e-01
3.13271876591813714e-01
2.99047072925577306e-01
1.29336532815533506e-01
3.80363747984284684e-01
2.54092834423921776e-01
3.14124737757323969e-01
2.98146943694719502e-01
2.32666645161948349e-01
3.03166011205969088e-01
1.55351980645630272e-01
2.17319948099366222e-01
2.94846152506929304e-01
1.79907329927804727e-01
5.69922065063106387e-01
2.96142782744476363e-01
3.76634139301369408e-01
2.99738560250575825e-01
2.84980247780086016e-01
3.48597838373375379e-01
2.81610604420913180e-01
3.02883667728391537e-01
4.33618763162156473e-01
2.28757400187741877e-01
1.13670554868249007e-01
3.28237092878399861e-01
3.02728193743091734e-01
3.00411780228046932e-01
5.71076559959480701e-01
2.81407352011898648e-01
3.08073809036678303e-01
3.22716379314008595e-01
2.95616463269885388e-01
2.89627743310499286e-01
3.03322939073720710e-01
3.03896499446030921e-01
3.07997818062232809e-01
2.22329056391478069e-01
2.97799149398346674e-01
3.02858680686141690e-01
3.01443044001584781e-01
3.01031064907448687e-01
1.25428225889889972e-01
3.03780540169641844e-01
3.89260097311618203e-01
3.02284961887404335e-01
3.02353527167919023e-01
3.14848855888635315e-01
3.01160508428009399e-01
2.84627184607346317e-01
3.01650126319833567e-01
2.96220086813327121e-01
4.91440178285524498e-01
2.98875569509257144e-01
3.22084147471803195e-01
2.86573037088112381e-01
3.02444465209238345e-01
3.02019240556869850e-01
5.41484649028496690e-01
1.91946133358952553e-01
3.01153182592896529e-01
2.62224280201688476e-01
2.15066831287541171e-01
2.25670823878074134e-01
2.86547368157406335e-01
2.75984754194354087e-01
3.04098108945888845e-01
4.13994089871857929e-01
3.77576576817182097e-01
8.18324814284252661e-02
1.24666311214962633e-01
3.05224757532371493e-01
2.99114658342942985e-01
2.80083439129861944e-01
2.99541354436572760e-01
2.87261988659804346e-01
3.02401779385642888e-01
3.33630007515110127e-01
2.99261055385709795e-01
3.03061433350433396e-01
2.78520296459871697e-01
3.10712564764946964e-01
3.06090978381501178e-01
3.04343053798277752e-01
3.01029033667360224e-01
2.91186034023228901e-01
3.19744746507951483e-01
2.11154448540393225e-01
2.94216843642592318e-01
2.69097980383553703e-01
4.31841151939783507e-01
2.35347781748340285e-01
2.95689390219927073e-01
2.93433781544421679e-01
2.97529304182443000e-01
2.99046885746837909e-01
2.99225489575156545e-01
2.91636654254022687e-01
2.68094420620409335e-01
2.99819292570004836e-01
2.70186633345017024e-01
2.98031326388369711e-01
1.82796506353499866e-01
2.10051011868466198e-01
1.64022331925867793e-01
2.08620769565784903e-01
2.91713741795864678e-01
2.18056109949208238e-01
2.97858836423318063e-01
2.80635702376449747e-01
2.41074038844872635e-01
3.15988671958295553e-01
2.85381164244030483e-01
2.95739341662258237e-01
2.19911113187002127e-01
2.95376231865441929e-01
4.26891552698733912e-01
2.99195403343507360e-01
2.75904260953833469e-01
3.28859510195971483e-01
3.03811082609442284e-01
4.94767413706451942e-01
3.43116427150723269e-01
2.99457688224521013e-01
2.92306769288677437e-01
3.26985122290022467e-01
2.97032230871417280e-01
2.99424284050111844e-01
3.13074477951090890e-01
2.93977117019279033e-01
2.95392944191262663e-01
3.08395846216907576e-01
2.99702892109327379e-01
1.80181452255881086e-01
1.73441501866084896e-01
3.04229636199332965e-01
2.66406973811202930e-01
1.46246952499671345e-01
3.32384107966958442e-01
2.81326429950775614e-01
2.99328816630900552e-01
2.99176001356243448e-01
3.41319418040939182e-01
2.69952169618500049e-01
2.86657706042325044e-01
3.09095762246688166e-01
3.00944442248874622e-01
2.99849596706400101e-01
3.04745206884679876e-01
3.20376010823901769e-01
1.89387716946487067e-01
3.60549750920489021e-01
3.38813661151742829e-01
2.60259764100968016e-01
3.02026953744416626e-01
2.57475321256499301e-01
2.99011732759682680e-01
3.01080910148884218e-01
3.78830617384088963e-01
1.19504481194846857e-01
2.85774151935709375e-01
3.01351778438788354e-01
3.42979228660322821e-01
2.08880722714261502e-01
2.75507212310327099e-01
4.46279675074011728e-01
2.95615125281973923e-01
2.58401597824076623e-01
2.35245295699357926e-01
1.20707882852770260e-01
1.89161204500483210e-01
3.02201092383498071e-01
3.18187482700639401e-01
1.57499418298968963e-01
1.70133311973056478e-01
1.89713986104642740e-01
2.76899728396202693e-01
2.17733381104729257e-01
2.32190196692474565e-01
3.14163941377450573e-01
1.72203809314467021e-01
3.57344249222969312e-01
2.21450899976649296e-01
2.98229447174553353e-01
4.71676423536773026e-01
2.97565607201932869e-01
2.99426647062851103e-01
2.83417625339358381e-01
5.97819045530442517e-01
9.49860781451090791e-02
2.87284487705227631e-01
3.02264686387545001e-01
2.91054007515448132e-01
2.57904259923099677e-01
3.87238517656516235e-01
2.45371243197439609e-01
5.51461498415082074e-01
2.82038496879640055e-01
3.80426622437920969e-01
2.58664572710440743e-01
3.16601754255463275e-01
1.21102626805247374e-01
2.87098813798346897e-01
3.01812407044780351e-01
3.02845874637532708e-01
5.05819500487295071e-01
1.98890680513724882e-01
2.99004849450390575e-01
4.30460512665441219e-01
3.17268949405948575e-01
2.95209512311040645e-01
1.77958172405173726e-01
3.00868631480520121e-01
2.78274432026136387e-01
2.43597978186369662e-01
2.50352055057890099e-01
8.80145082788633543e-02
3.88522866136799871e-01
3.09186365068928493e-01
4.92874082955420900e-01
2.98571336147456512e-01
3.00360727278590145e-01
2.07317864522830492e-01
2.93727021958511469e-01
2.61594958365637897e-01
2.91412159982356256e-01
5.87272013713965424e-01
1.96995456996313573e-01
2.33232588327825979e-01
3.92104922234976616e-01
3.97117937530021392e-01
4.27437864409444757e-01
3.02408385882392716e-01
3.00680747912427104e-01
3.01546926893205613e-01
2.60867913513158356e-01
2.87803999156629520e-01
2.51331261668136574e-01
2.99787083507228380e-01
1.64935344893394092e-01
2.70752518815753296e-01
2.89031032443669678e-01
3.00809410434592694e-01
2.37643103867609590e-01
4.77536181808196847e-01
1.93742271475773692e-01
5.22457774889653614e-01
3.03216978805928350e-01
2.92558600663896717e-01
3.02402820195193656e-01
2.65916415331701517e-01
2.99876361609108300e-01
3.04068366887101704e-01
2.98089451300383390e-01
1.02248467705501847e-01
2.78895701913778937e-01
4.47277626435514275e-01
3.31839035963431950e-01
3.25474047441789982e-01
2.93418521150291989e-01
3.16365116719262596e-01
2.77517721058754108e-01
3.04785191698447477e-01
2.98681216700648289e-01
3.04900138878111238e-01
2.80825087307843779e-01
2.96964050648225453e-01
3.68136628783838293e-01
3.04705699332965818e-01
3.08451879790106076e-01
2.86300635935392844e-01
3.01565490221782084e-01
2.97463105991862209e-01
3.56549053194353927e-01
2.58338022703129722e-01
3.01711183204002142e-01
3.02222017377399010e-01
3.09829565146928387e-01
1.53540316013709793e-01
2.99005915746578477e-01
3.21099487627473479e-01
3.02202077343202868e-01
2.95508362831875981e-01
2.18214524273096094e-01
2.85444384692557507e-01
3.00483964725340225e-01
1.87546545177963209e-01
2.84701974668837732e-01
2.41664128110861826e-01
2.97723263288942552e-01
3.00771845529887227e-01
2.18819327589010293e-01
3.09137350378195230e-01
2.82694094802215856e-01
2.99135845283369284e-01
2.69933781116963756e-01
2.99109161155125480e-01
2.76375142527029383e-01
2.89797944142812847e-01
2.80801284285840891e-01
2.83152842181577546e-01
3.82524447160993264e-01
2.36081877887330288e-01
3.85669177643232441e-01
2.43354630695453128e-01
2.94900625384652337e-01
2.98420496614995145e-01
2.72482781176158373e-01
4.31652399446763757e-01
2.99636608640646951e-01
2.56049940413890564e-01
2.52206615441470106e-01
3.00917833184096373e-01
2.95884490257632971e-01
3.01572512044555319e-01
3.08672235026578590e-01
3.01704121941223313e-01
2.98117644130978354e-01
3.00090720362983232e-01
3.62380716212716225e-01
2.85908433737351531e-01
4.19980885238740942e-01
4.76010907266006533e-02
1.54609570719903389e-01
2.22036791420496232e-01
3.02226369925496063e-01
3.00740172278557427e-01
2.98768929869991651e-01
3.01114121786351496e-01
2.90162636489338266e-01
1.72791336167246540e-01
5.99807282834583622e-01
3.32229441907877898e-01
5.46659985325463407e-02
2.78574044956708011e-01
3.12078584557362371e-01
5.58826027753395627e-01
5.05846529173418880e-01
5.70353112501968476e-02
2.92898111831500774e-01
3.10144168708511248e-01
2.98575001993656053e-01
1.51268792818038900e-01
3.27353852777667875e-01
2.99823997356351568e-01
2.95603084489401979e-01
2.23016523253915883e-01
2.82267500590584086e-01
1.41302614757991135e-01
2.94777330378097002e-01
3.03370205620872024e-01
3.78317626227506976e-01
3.04551450286982939e-01
2.73091182970535584e-01
1.87679219171312361e-01
2.86102922849430952e-01
1.20061440709948383e-01
3.02574757631528968e-01
3.00783080639967448e-01
4.70295358064926283e-01
7.81257233882338142e-02
5.09078263418437205e-01
5.00529852546856002e-01
2.97075672638735966e-01
3.03842432515194105e-01
2.68791758392360747e-01
2.05051072614852344e-02
4.97992639072690313e-01
5.72503788400744784e-01
3.40857096499168732e-01
9.36703365598956783e-02
2.35195341445397998e-01
1.69316155849600275e-01
2.55789992231058694e-01
2.98908069229546325e-01
2.98476922466377304e-01
2.97523175193855682e-01
2.79926573022901470e-01
4.32632849180006385e-01
3.80678341039588031e-01
2.86108269161647721e-01
2.84849291714769304e-01
5.97132142980257186e-01
3.81382809346166307e-01
2.94555072714597632e-01
3.55135164412885451e-01
3.00988268235728385e-01
2.92347972402365042e-01
2.01343530503974355e-01
2.69469170667851698e-01
3.47028449668457140e-01
1.04252012316718753e-01
3.29558064308055509e-01
1.76485702287491525e-01
2.79176789428515759e-01
2.98027637299411285e-01
3.11603972612235491e-01
2.96725495736324618e-01
7.64606953446064774e-02
1.32155352845720026e-01
3.01504498695172873e-01
4.80261738548213635e-01
5.83961432126476554e-01
9.59750654518496532e-02
3.00545274991233569e-01
1.82441727346298127e-01
4.04047141112541142e-01
2.85219040203829488e-01
5.21119970952575673e-01
2.98952360677268381e-01
5.21517336034745926e-01
3.00881534347172963e-01
2.74947078633165698e-01
4.03103052897472502e-01
3.04934462235624371e-01
2.99409993706624800e-01
3.54837326594487246e-01
2.99157480757072991e-01
2.99668048566816614e-01
5.72250031203733522e-01
3.08254877503345182e-01
3.02729540592468094e-01
3.04270758950385689e-01
3.18998422073161703e-01
1.61721759009439969e-01
2.98919684453317513e-01
2.98234850276415886e-01
2.98917887842528263e-01
3.17620140579547183e-01
3.03342680681630839e-01
3.02144979913591960e-01
5.25016178674412970e-01
5.78161218441125779e-01
4.53805379275720178e-01
3.69139712244929974e-01
1.18874689205841905e-01
5.63222079657421992e-01
3.81305491735165425e-01
3.36136768103981687e-01
1.30292668936802747e-01
3.04206894238938375e-01
2.97628188493923473e-01
2.63199070047942296e-01
3.02669500284350745e-01
3.00130450172558849e-01
8.56837947387256715e-02
3.02590524551709095e-01
3.13072057250920854e-01
5.07957941316259820e-01
3.06367140143266936e-01
3.02713408398888328e-01
1.33436535350002022e-01
5.22622919271759412e-01
2.93997425596521922e-01
2.30311560503631885e-01
2.83393234010091255e-01
2.98076810916122203e-01
2.95113005928685279e-01
3.00364102189696558e-01
4.86515381772840483e-01
3.21688464662673035e-01
1.90172549078734099e-01
2.45870241170909221e-01
2.99848350872348124e-01
2.60684947945221457e-01
5.05602382288622310e-01
2.99215937846118440e-01
2.97489142429254949e-01
3.35231181732386863e-01
2.82168801554700588e-01
5.96300308644558519e-01
2.67488979690579276e-01
3.00115570192718173e-01
2.55276031704577078e-01
3.81848906002155153e-01
3.32164666226364591e-01
2.97123100605733048e-01
2.97811867874849479e-01
2.94241555579496883e-01
3.08249104330056978e-01
2.91321105697093463e-01
2.97015261671884134e-01
3.03720921295482005e-01
2.97385358156507462e-01
3.73505016277376312e-01
3.11673590596458661e-01
2.75643562948328757e-01
3.75537326765159718e-01
2.55282513565651015e-01
2.90869396715694006e-01
2.96339290660985522e-01
2.30640407396639019e-01
5.16105179529097846e-01
2.99002524397973535e-01
3.94175573060540796e-01
2.89281589612650158e-01
2.99940200797302992e-01
2.68176149122898999e-01
4.82116340522256936e-01
2.06678424842216157e-01
2.99205032577553209e-01
2.98369029502692729e-01
3.34651810564685237e-01
2.25683055000961141e-01
1.29515801453215867e-01
3.01531205793321988e-01
2.97638857134431944e-01
2.85861042974584367e-01
2.84964722537054349e-01
3.00546521288832968e-01
2.81187010403661009e-01
2.99930556917954005e-01
1.17916583588431101e-01
3.54400705901408708e-01
2.48103078185810288e-01
2.10096868021432626e-01
1.91851702094938209e-01
3.00176298978990896e-01
2.98176007157999023e-01
4.18932008287741520e-02
1.90284124413812455e-01
2.98583296928853270e-01
6.68721021140906008e-02
3.41323995813046066e-01
1.59423417722558941e-01
4.79083541255656498e-01
1.83676589771191417e-01
2.89257667002582486e-01
2.98581498789089794e-01
2.98877811785630276e-01
2.02110444779197457e-01
4.72144130615535562e-01
1.86915423152130056e-01
2.45487455955889528e-01
1.83064925962964281e-01
2.86604162238352833e-01
3.02707848928857215e-01
3.02702778319472565e-01
2.95328378966688565e-01
2.72854964133619149e-01
3.91006821144344152e-01
2.76046051541005422e-01
3.03412998146585011e-01
3.91524077245074653e-01
2.84879134633737152e-01
3.54127680715501880e-01
2.97437093863131163e-01
2.99647100135546740e-01
1.80853946470164256e-01
1.59198677512387338e-01
2.96120194612844723e-01
2.12507559331838902e-01
2.08917553288819502e-01
2.17764352389396121e-01
8.24830906818449089e-02
3.31501236261091348e-01
3.39643793148257822e-01
2.81588490990370421e-01
2.90496900200842678e-01
2.82864538913004726e-01
3.81719659484206775e-01
3.14621580146168089e-01
2.83454596896803412e-01
7.79474510544279769e-02
1.77201651539449917e-01
2.97137006903451184e-01
3.01337194386411600e-01
2.96568143974169585e-01
2.91162618708250276e-01
3.01026451789078664e-01
4.82593674957990826e-01
3.21539640571494867e-01
3.04112684554379620e-01
2.86644169741658128e-01
2.74043378305364793e-01
2.20613295799263864e-01
3.70459900055012226e-01
3.74940702533969827e-01
3.06172040039445981e-01
3.00893969612170076e-01
1.00319830605735599e-01
2.03510241190564156e-01
2.40662349623119387e-01
2.11132993531721713e-01
2.98934027762164600e-01
2.90794174107220471e-01
3.41467709394594143e-01
2.43085976803209369e-01
2.99661619669704726e-01
2.98838740367213695e-01
3.12628760616935786e-01
2.80012324952189973e-01
2.94232640857555516e-01
2.78807525847077353e-01
3.30770703248996711e-01
1.89449393092146590e-01
2.97522329548515652e-01
3.02443668446276404e-01
1.43851983366687419e-01
2.92999579377599684e-01
1.74072178460856125e-01
3.02545327601385472e-01
2.93761226137558062e-01
3.03475566786323703e-01
2.83986190635482805e-01
3.04276752660970928e-01
2.64478786904730701e-01
2.89077098113091124e-01
3.01052088990438227e-01
3.90048661047874556e-01
1.49211567311216292e-01
5.96315368581289085e-01
4.34436963824390565e-01
2.98972658976121464e-01
2.97566070691836881e-01
3.06701198422317689e-01
2.20212825942091767e-01
2.97019268755952526e-01
3.02322344535026211e-01
2.68864239070127464e-01
2.97794206493428193e-01
3.03175982481549589e-01
1.90534345719040238e-01
3.02451323826192442e-01
2.89969917411151246e-01
2.26866492465172237e-01
3.02669810209749812e-01
2.79524129090662599e-01
3.02818180594063902e-01
2.69936895480071326e-01
1.90960238730786019e-01
2.98704399692695910e-01
3.00965362846490503e-01
3.03124317730305237e-01
3.07352073985590335e-01
3.01972905766172472e-01
3.01989442324332058e-01
3.00272197192674728e-01
3.05703556284777911e-01
3.12707901639390884e-01
3.04850834631891277e-01
2.84443182294850216e-01
2.98942526631594374e-01
2.82224035198251677e-01
3.23602656620465667e-01
2.90108355971433141e-01
2.88832506035595127e-01
2.26042208244978948e-01
5.94587640456295530e-01
2.46909389239209354e-02
3.03766652064842269e-01
2.99267588920169914e-01
2.89996713973859122e-01
1.67890723308759038e-01
3.03548166592703561e-01
6.00553550084224508e-01
4.54381651182300117e-01
3.01226443484528650e-01
3.01550763917717846e-01
2.89862400346115101e-01
3.00413077585629906e-01
2.94041763157503966e-01
9.20760679049775210e-02
2.73474388656954392e-01
3.08429683081017425e-01
2.81670984011734460e-01
2.08822110146710704e-01
2.93723695296015608e-01
2.96458913167436833e-01
1.62204227917136984e-01
3.01370393481566468e-01
3.00549228170607308e-01
2.09598309079771727e-01
4.08036403224772748e-01
3.66673017549156766e-01
3.94026418731583339e-01
3.03035697996111353e-01
4.18784780545526703e-01
2.96914366801116991e-01
2.92515240138917720e-01
3.10120083597006102e-01
2.56266216623778353e-01
3.03010689414482448e-01
2.97794485207157344e-01
4.82692475078611016e-01
1.78236928794719474e-01
2.76473636837552217e-01
4.22362564163459631e-01
2.43204011545773646e-01
2.98128657275881948e-01
2.96611029076769228e-01
2.98946175813441684e-01
3.84087411454895056e-01
3.01099541478358990e-01
4.30560201421837818e-01
3.02156049889009404e-01
3.05189472181347510e-01
2.52086201565117463e-01
3.02011038139003429e-01
3.21572056756330160e-01
2.99052366180513063e-01
3.88206930130372441e-01
4.32012263619037495e-01
3.23260306990947766e-01
2.97598516939470037e-01
3.00456434284557483e-01
3.08671438756824013e-01
2.99618619224622906e-01
3.03324307956301831e-01
2.93271822560530360e-01
2.88942831705355396e-01
3.68705403873204940e-01
3.61645983751402722e-01
2.92940230402239321e-01
3.03004670747052063e-01
1.37408432143667020e-01
2.97505576939618266e-01
1.91074317898473706e-01
2.91029639694449838e-01
2.34355213882217028e-01
2.98622716637466978e-01
2.83137248676808784e-01
2.98620267981848764e-01
3.01292404245535106e-01
5.83096654951030580e-01
4.47885593398505033e-01
2.99411838983158207e-01
3.02353792063028537e-01
2.92679779741439605e-01
2.99088422854060898e-01
3.02705448757141948e-01
3.03159592480535423e-01
2.97282539074477992e-01
3.13924828926189392e-01
5.62929334710611129e-01
2.98586764166339669e-01
4.16735062765715314e-01
2.82724831539033494e-01
3.01716937294514764e-01
2.98973872071857549e-01
3.55920338056817387e-01
2.99860637550663889e-01
2.74502992672596757e-01
2.98816300771030385e-01
3.01545777542291338e-01
3.44463853538518050e-01
2.98574019566296589e-01
3.03328173747676233e-01
2.99294761626582195e-01
3.09077466537287959e-01
2.96657056003659936e-01
2.93881355512131348e-01
2.98588036095926546e-01
3.01034566495442191e-01
3.20915335415757175e-01
3.21472722691917179e-01
1.55855486655277126e-01
2.33436609659558258e-01
4.24432759964879003e-01
1.36687668169594961e-01
2.97071637493161234e-01
2.92783433623651279e-01
5.32711628762744582e-01
2.94789691509580343e-01
3.25183393362069528e-01
2.50270585189867945e-01
2.96796374319891587e-01
3.78065766886485188e-01
8.65310726508505546e-02
2.96163997126353218e-01
2.43904998554594493e-01
2.97720109910838471e-01
2.98813487798754385e-01
2.96098316937233763e-01
2.93929076092511676e-01
3.20688080091490690e-01
1.36863865781210792e-01
3.03611818397936217e-01
2.94033690601752495e-01
3.00503982727764130e-01
2.90473295161387590e-01
2.95131405833338301e-01
3.02718495980844882e-01
1.79881868508197068e-01
2.74530243184640921e-01
2.43847609745778710e-01
3.09622234461539303e-01
2.69223696947655300e-01
2.99976244806858305e-01
2.21945628900533182e-01
2.18984548457381967e-01
3.33415328412858092e-01
2.87267791589294830e-01
3.64924135548844175e-01
2.96081703770171345e-01
3.01233743693536615e-01
2.91846163779775680e-01
3.08372632916192546e-01
2.13165167356699325e-01
2.98817216965429677e-01
3.56340171052405785e-01
5.10188985148297469e-01
3.02589044827597353e-01
3.02369573842260653e-01
2.96413356989065735e-01
2.03155909589075395e-01
2.94291173054285315e-01
1.30409108317505407e-01
1.91875106855484895e-01
3.19814471669634726e-01
1.38513113407938371e-01
3.03108848055081481e-01
2.99923192393449722e-01
4.78911291687882712e-01
3.01804234394735749e-01
5.34752368790789134e-01
8.07136369823761579e-02
5.31129808786846347e-01
3.04735557249162847e-01
3.88062542759055273e-01
3.03038229333746412e-01
2.89068578525701725e-01
2.92491682988886059e-01
4.62753341799258144e-01
5.46721717049765576e-01
2.16495703699505687e-01
4.65787597628051386e-01
2.91830060737534591e-01
2.77107877938493119e-01
5.38162477305247355e-01
3.02153771092315671e-01
3.00221707779952773e-01
2.99534193139413207e-01
2.96409924489658361e-01
4.05370017966439011e-01
2.40446635720542395e-01
2.94287568950272305e-01
3.05363586172990920e-01
2.95491127386350694e-01
2.39003783033142292e-01
2.98814846749601126e-01
3.24812773120062848e-01
3.15039457205362472e-01
2.87117300291033606e-01
5.53779738144490108e-01
4.69079142037078289e-01
3.03449955178850483e-01
3.00812798171816109e-01
3.27069764400639951e-01
3.00801394708045344e-01
3.04496382429576939e-01
4.72312809682690904e-01
3.31252417282329736e-01
2.96607819901730740e-01
1.36478346128335565e-01
2.33282462110763839e-01
2.97211944020478014e-01
3.01588003526034543e-01
3.04635335629127646e-01
3.69153603498320049e-01
2.98758957374933187e-01
4.04791854293366782e-01
2.99244756604338136e-01
2.96761516929664515e-01
5.41435199619103025e-01
3.00107211404676277e-01
8.93718473498432420e-02
2.96543266442371722e-01
2.84472812565258693e-01
4.99214241938166770e-01
3.08358784535253727e-01
2.97365694156236537e-01
3.05306396941215030e-01
1.29575837270481276e-01
5.29795026461451601e-01
2.94138797523454620e-01
3.21224027875129547e-01
3.58333499672451095e-01
2.37839444373601022e-01
2.99002402286466407e-01
3.00465475064138843e-01
2.91906557532638944e-01
2.70526246100531664e-01
2.85985579932739153e-01
3.04986818948910166e-01
2.25819830355075746e-01
2.98095264946249217e-01
1.69261647319186720e-01
2.99041247256579878e-01
2.38542295812856547e-01
3.06118916000071295e-01
1.14841721558600743e-01
2.97486339239759146e-01
2.94002011681990860e-01
3.01455943531263926e-01
2.99094731912850520e-01
2.92502739853651605e-01
2.87457414588998983e-01
2.97488824383894734e-01
2.67713509185792731e-01
2.99418535025681387e-01
2.95493325164038478e-01
2.15501501220363795e-01
4.99382231553282263e-01
2.12619438618249806e-01
3.03220501906288298e-01
2.90679409575861636e-01
2.96457819527471744e-01
3.97230170820873751e-01
4.02412729933910696e-01
2.83283936191300267e-01
3.05797870854490172e-01
2.78018124043745041e-01
1.83433011886366404e-01
4.29738445288608439e-01
2.61989739878382144e-01
3.18414212990415890e-01
2.98856074403776151e-01
1.91273792500706363e-01
2.95040177377854929e-01
3.03391332525440205e-01
3.22995621331197802e-01
2.39842893807961033e-01
3.85254566603804915e-01
3.01389858049053327e-01
1.73254106820355330e-01
2.55779034199793032e-01
2.97781520158975299e-01
2.93743417564592546e-01
9.81836453343797877e-02
2.04931777671192389e-01
5.76972623228593842e-02
2.97397421418204078e-01
6.03417207781046683e-01
9.61558833082356429e-02
3.41604131185923976e-01
3.19894482834691463e-01
2.95741604540775471e-01
2.99251072492826509e-01
3.57814219029359115e-01
2.77614473298300635e-01
3.04848619586304936e-01
5.28681242676029894e-01
3.03703402390917698e-01
2.89775983581043117e-01
1.79847795181658499e-01
3.04638004519880434e-01
2.94313376149714978e-01
2.91886826370068519e-01
2.97566438904240615e-01
3.01824376655677906e-01
2.59694305289924154e-01
4.53869725248691791e-01
2.06852048737416305e-01
2.76116326227843545e-01
2.73538080075703682e-01
3.08633822938434998e-01
2.75544163120129637e-01
2.07993937353639413e-01
2.85388143389925408e-01
3.22544972646999828e-01
2.89805133064402087e-01
3.16632427086579515e-01
4.16816413514014050e-01
3.01181438488197672e-01
1.70642959557713608e-01
2.97479959294084773e-01
2.62620553990467298e-01
2.99082266373627947e-01
3.05312336461271983e-01
2.87995035595869309e-01
2.95699395266976583e-01
3.03688070554281597e-01
2.71732402140798524e-01
2.58777846936930553e-02
2.94835697769485483e-01
3.01792063963940260e-01
2.95516089522884107e-01
3.03625291663446928e-01
2.87618285915482497e-01
2.37943500230028693e-01
2.82020199697019691e-01
2.25046477592373700e-01
2.87178395658420904e-01
2.95808175597314482e-01
2.97977197381082914e-01
1.41557416755391602e-01
5.44521843707705400e-01
1.42524338352971791e-01
3.01130835551011389e-01
4.64211602856614447e-01
2.10070473236607796e-01
3.05378318307805707e-01
2.99008307130021134e-01
3.05102723713978397e-01
2.89331235940567144e-01
2.89868589294212775e-01
4.63179382602427858e-01
1.98200196580061855e-01
2.96078677912848198e-01
2.58704570473391904e-01
4.27171422718794658e-01
1.90799058643202846e-01
3.04460257143561897e-01
3.02075988418956609e-01
2.84090305451966119e-01
1.32073626514467302e-02
2.97446815089869365e-01
1.22260725846775081e-01
3.01461703286037497e-01
2.90727931681265761e-01
2.49070764606190098e-01
3.17141424116399895e-01
2.57111370628873681e-01
5.52495878293868259e-01
2.99327201059780779e-01
2.41893917205829784e-01
4.27145472831604089e-01
2.97991420640741689e-01
2.90044783372691628e-01
2.98690513543991121e-01
3.00651959779654643e-01
2.91486523044883539e-01
4.24283032619895251e-01
2.24962362085273426e-01
2.97408816251934605e-01
3.01384653139350589e-01
3.00896103623110867e-01
3.22382616155136026e-01
2.98585134708810984e-01
2.03143527522358563e-01
3.00590289705435942e-01
2.97618492126019873e-01
3.01197314743852251e-01
1.01507201490476706e-01
2.95403167438240910e-01
2.99128309275850102e-01
5.47506574245010591e-01
2.98209636934482658e-01
2.00113213652361149e-01
3.01140075291852716e-01
3.23660583202336705e-01
4.62918744568728058e-01
2.99738751361061095e-01
2.98815285953873910e-01
3.01021568853707955e-01
2.81210357533627830e-01
3.00982891154355225e-01
3.57209705173501813e-01
3.42090131223322880e-01
2.98809569492434535e-01
4.68997400634695305e-01
2.40978790378266139e-01
2.97399602419565645e-01
4.66582466886524050e-01
2.97423301886418134e-01
2.99571179828166390e-01
5.42499313510854786e-01
3.11269890976581809e-01
4.15147235840588769e-01
3.01408828427882969e-01
2.92134056520225782e-01
2.83470651601399670e-01
4.60443839477458206e-01
2.34342831456441969e-01
3.00229191681626206e-01
3.01085050179007274e-01
7.02152124349472856e-02
2.98010558165602013e-01
1.61956161696081707e-01
2.95231511400715074e-01
3.02881007502580846e-01
2.04450227035306215e-01
4.53249291751122302e-02
8.64874209641843528e-02
3.35504883916745489e-01
4.69697445803281155e-01
2.80895446838366480e-01
2.97627197292494261e-01
3.00274674975434808e-01
2.91124624564222445e-01
2.96345794138799079e-01
3.00539211672889550e-01
3.29785837409999949e-01
3.60868445979098507e-01
2.68435226979164998e-01
2.99705658263355268e-01
3.00153496566900935e-01
3.60169380815277274e-01
2.95026956550989206e-01
4.08400716344623715e-01
5.24529979910656419e-01
2.98417014782978107e-01
3.03953680196052289e-01
1.47745348837837659e-01
2.48647420777879685e-01
2.98049291674559347e-01
3.00704604399208597e-01
2.43359234697390125e-01
3.01548106295061902e-01
1.82358201996622171e-01
2.90132674726943096e-01
3.01057842915739893e-01
2.99055763252768503e-01
3.05094620108196213e-01
3.01470687490910938e-01
2.95965952540910349e-01
3.12173760137779532e-01
2.99397137045297135e-01
2.86570539353671883e-01
2.70731779469289724e-01
1.99316446414513543e-01
2.38012629484603937e-02
2.07888641651793021e-01
2.02033551825524293e-01
3.01424794964993414e-01
3.01786499733000868e-01
3.01039236706978408e-01
2.96323303530215076e-01
3.07568643829775445e-01
1.32402398229161972e-01
3.31973252115273398e-01
3.00459827488001097e-01
2.94303361544127007e-01
3.03357821247865533e-01
3.01666783649506609e-01
3.00664954598731771e-01
3.08826107453147758e-01
3.09698505015551850e-01
3.01851619071586752e-01
5.39036024422234861e-01
2.24538189168093844e-01
2.05264842712983647e-01
5.94225757691762335e-01
2.99056690017981297e-01
3.04369031559426018e-01
2.90866223384112998e-01
3.05894164520582157e-01
3.02667651748254440e-01
3.61285664900193093e-01
2.73918073135970830e-01
2.99896718738173529e-01
2.93520177738373023e-01
2.10394159267605935e-01
6.01479874976799778e-01
2.97504579325620411e-01
2.25711504948984343e-01
2.58465417940117514e-01
2.99243040535657645e-01
3.24739297335871591e-01
3.00816932443110863e-01
2.98838356307411679e-01
2.57168463022982685e-01
1.27652440319414140e-01
3.09099240155306265e-01
2.98900043112020064e-01
2.97544450817072648e-01
2.81734351361292212e-01
4.87819531444264320e-01
3.18971643723996778e-01
2.97452211338680494e-01
2.35502860663530961e-01
2.82353371595813973e-01
2.33772279055255217e-01
3.02520598853945111e-01
3.05717812290744240e-01
3.01453540903150297e-01
4.72638530271593804e-01
5.43592496054089547e-01
2.35480735501335553e-01
3.07704089525497271e-01
2.98055710486396730e-01
5.77856700599474249e-01
2.06455169053326448e-01
1.62311232762743285e-01
2.98406032195256354e-01
3.00685670206098765e-01
2.97477621859156272e-01
2.89187066132877868e-01
2.88696063387589685e-01
2.01502316324383784e-01
3.39214355786957300e-01
2.87469824502093185e-01
3.21271971790487942e-01
3.01303200222202805e-01
2.88433596253162665e-02
2.19092939276044452e-01
3.00087859183209071e-01
8.86100021719339187e-02
3.05893162918577211e-01
2.98129670002628244e-01
4.98847867506710813e-02
3.01499956435542449e-01
2.99126352485307390e-01
1.72354702783689751e-01
2.98638826948227298e-01
1.56641828152947499e-01
2.94522769139951679e-01
1.97382806485877221e-01
2.73089172119907408e-01
2.07475555726179262e-01
3.17275853193795698e-01
1.27753770067140560e-01
2.69685944427070723e-01
2.89040236953057805e-01
2.99221017387179822e-01
2.95573590896643423e-01
3.72521923046544412e-01
1.64061089321776710e-01
2.86764735436493723e-01
2.05745612945468476e-01
1.61709195229199992e-01
3.01160907330754013e-01
2.43791912598836924e-01
2.01863729181052443e-01
3.05362702961400556e-01
1.55128961462513509e-01
3.02661877279190250e-01
2.91193134007209753e-01
3.17971797295222181e-01
2.99553987655536980e-01
2.88714949183757230e-01
4.81376000192152376e-01
2.97695817453507539e-01
2.04552515449200389e-01
2.31005758980865561e-01
2.99221284908246898e-01
3.03342528864104455e-01
2.97276773474031142e-01
2.92592031355782989e-01
7.44555082180718558e-02
1.98744989745571088e-01
3.11944005020094173e-02
1.41159614893399954e-01
3.01086610522920350e-01
2.98001501286612902e-01
1.94772138782842219e-01
5.96475997046308160e-01
3.02472961068124657e-01
1.44312083796382412e-01
3.02221472750350550e-01
1.77578165467025567e-01
2.97366714531721588e-01
3.07722537811731423e-01
3.53030677642148238e-01
2.80168899812151206e-01
2.99328191361589224e-01
3.20486671738689610e-01
2.93615369324874531e-01
2.98226010924632023e-01
2.59066231366446575e-01
3.02480434970566370e-01
2.98098043346521402e-01
3.02875004417532234e-01
3.57722830712890905e-01
2.99740748076136321e-01
4.82443529045389063e-01
3.00260663933162364e-01
2.98102040683626390e-01
3.00922455437501846e-01
3.61374533069033721e-01
2.99561673971267428e-01
2.69163596883460920e-01
3.02379887274784265e-01
2.26843049199476093e-01
1.05153135384282045e-01
2.76171413173604829e-01
3.00172408772822030e-01
2.70573358817778775e-01
4.83946026074363989e-01
1.88707578429944539e-01
2.37514164391657151e-01
2.98576163582208787e-01
2.98217210566388446e-01
3.03301369686372446e-01
2.99040883508576882e-01
2.98851974993016523e-01
3.33757659790005601e-01
3.01441860298114317e-01
6.03378187998255822e-01
4.49625440150064781e-01
2.86080924987569984e-01
2.97859977885329585e-01
2.97236588833815429e-01
3.01126105090120388e-01
3.52280908726976261e-01
2.98755860422052599e-01
8.45154392367782614e-02
4.46042308794035613e-01
3.11474112306091122e-01
3.05641822846509981e-01
4.53626060527071107e-01
2.33463131814318769e-01
2.47365439854139640e-01
3.00513060198572990e-01
4.46595193856098915e-01
2.05934275001700112e-01
1.94492531163972221e-01
4.75439257296080942e-01
4.54655556512400916e-01
3.01521748804893519e-01
2.98254210449930279e-01
2.95586346531074906e-01
2.97566694833155510e-01
4.79236936837585226e-01
2.99179695448433480e-01
2.78684511996247997e-01
2.89568403151971909e-01
2.71197393182133817e-01
2.97610223366490068e-01
3.02424418846143406e-01
2.99204587195066429e-01
2.99113150922641513e-01
2.97973414309580409e-01
2.25553308053570933e-01
3.02189661459943471e-01
2.81917286182482962e-01
3.01190907997466339e-01
2.98661373139940234e-01
2.51487717179076864e-01
2.98619094610899305e-01
3.16927320435021476e-01
2.50126051300875285e-01
3.01397584457745560e-01
2.97875893198305264e-01
3.01857349708525013e-01
2.98192100826333517e-01
2.78075742149112404e-01
2.99456271728693879e-01
3.25952472846666619e-01
2.98818499447755237e-01
2.98980189820349629e-01
2.88492369174791596e-01
3.00775990056365516e-01
2.34400329790140111e-01
3.00292469950430796e-01
2.98379077437973927e-01
3.01090501135853617e-01
2.45932414082502188e-01
2.98069311635153544e-01
2.13849896324497857e-01
3.82338611511309989e-01
2.99713060195599568e-01
3.02166491354510292e-01
2.99126532160593872e-01
2.28935340865284692e-01
3.19832476708612978e-01
3.20497309451947598e-01
2.71782788646665829e-01
3.14359642600051836e-01
3.29245519263717701e-01
2.00412908404043522e-01
4.56437386386169042e-01
2.98317325936129030e-01
4.85935549465313033e-01
3.00874969802583936e-01
3.62147580278444348e-01
3.03555538829254734e-01
1.71968868941396014e-01
2.96638557117514079e-01
3.01473227914759612e-01
3.16702910821844152e-01
3.02868918598964532e-01
2.99500752158725514e-01
2.99812705779099076e-01
3.00048229262820487e-01
2.12810365484965153e-01
2.74276919043406675e-01
3.01220998310661403e-01
3.23122441587351594e-01
2.98392324578914792e-01
2.95560243283596980e-01
2.38813228181173148e-01
3.06159398648438164e-01
2.97797080302115880e-01
4.94895084402822316e-01
2.19827815161719842e-01
2.91254646610344392e-01
4.89747934761278314e-01
2.01403928417995204e-01
2.16102444861679899e-01
2.99494095356614809e-01
8.78799631861602731e-02
9.99129838040654084e-02
8.47586385831824579e-02
3.00912166569032913e-01
2.99050863040424109e-01
2.98560294945824645e-01
2.99789380797956695e-01
3.00193431917780307e-01
2.36491439409421134e-01
3.15351859336886198e-01
2.26963954767343268e-01
2.47434403183040108e-01
2.10399079555904839e-01
2.84048943486709837e-01
2.99934507168401088e-01
1.68659432412946397e-01
2.87148003985159439e-01
2.98354809170419899e-01
3.02456333290400836e-01
1.89809419982711558e-01
2.97369390944286049e-01
3.00935967141588046e-01
2.88500484946768443e-01
3.03986265899599428e-01
2.98341294835237247e-01
3.19711774759351530e-01
3.01542655336118348e-01
2.84118199182345432e-01
2.21804085717011379e-01
2.65015638083892557e-01
2.57240229241921581e-01
1.13699420427454956e-01
2.98983347341510663e-01
8.58046132396887845e-02
3.00257530090953684e-01
2.99905082657153155e-01
2.85051585914420702e-01
2.93350511006329195e-01
2.99074105782067667e-01
3.02282402191726085e-01
3.00550915343353098e-01
2.94897567346629863e-01
2.97245786151837998e-01
2.97690851632258002e-01
3.71158511174338512e-01
3.01169130952672170e-01
2.85082262241265760e-01
4.21202525846634590e-01
2.15090715709370328e-01
3.43087242478991139e-01
2.91720349684567282e-01
3.86445119473659449e-01
2.99733617509841843e-01
3.02262270116290699e-01
3.02236217740995405e-01
2.98394539307830220e-01
3.13247243146464294e-01
4.77801651627624835e-01
2.96495560414430814e-01
1.93312827136462917e-01
2.98618037075350895e-01
3.74225644483814457e-01
2.76509106255993065e-01
2.98405554973928733e-01
2.98885838093013612e-01
1.92113881092958683e-01
2.97627707605454928e-01
3.00081638934708184e-01
1.57919813309173346e-01
3.73241039769198757e-01
4.94033092766357207e-01
3.05660434827002225e-01
3.81514486558386157e-01
2.97753544764717604e-01
4.83978284763535549e-01
2.99845216715652840e-01
2.59677378751624721e-01
1.49260768165936863e-01
2.96915079705941554e-01
3.03615617806448135e-01
2.99722958846781962e-01
1.37669295235867822e-01
1.84078839951613310e-01
2.32583599209927550e-01
3.00417280482106475e-01
2.99285735569172595e-01
3.19692682104812609e-01
2.31803338848946050e-01
1.67896411142291063e-01
2.77082022373992209e-01
3.02781719074229738e-01
2.93989184512989055e-01
2.97360839193346160e-01
1.90529631808875388e-01
2.89686018337223239e-01
2.99213774119782228e-01
3.16300972213946485e-01
2.97987489313877529e-01
2.98273239734317019e-01
2.97419039564933374e-01
2.88466974483007232e-01
5.88826426894642374e-01
5.10560406725692806e-01
3.00060501839499505e-01
2.95868279351253871e-01
3.04571952970223381e-01
3.00260886405370908e-01
1.51765601290976465e-01
3.22300712782560284e-01
3.02478803663371099e-01
4.99530623471919955e-01
2.02283199918876722e-01
2.99383504439846904e-01
3.00371794487902910e-01
2.94893902703920741e-01
2.66993993353301429e-01
2.13413011806576347e-01
2.90518213043872375e-01
3.02085213886001291e-01
2.79212450815806035e-01
2.40579492923952781e-01
2.98031919780403276e-01
3.02183344918565189e-01
3.03404427707095137e-01
2.99670532845029536e-01
2.98429652733082085e-01
2.98950938956041079e-01
4.78270440231425120e-01
3.00055596277375880e-01
3.26380943768630583e-01
3.00153951707603339e-01
2.88766740086848939e-01
3.01310515038701765e-01
3.46603800203693801e-01
2.32033473503702625e-01
2.99368434799060945e-01
2.19763645670830010e-01
3.54671177913891411e-01
3.94148076667293956e-01
3.01787522523072782e-01
3.01462802472345970e-01
2.97895640524682870e-01
3.00752600242062185e-01
3.02356108492827513e-01
2.67016633482839050e-01
3.00494531774285034e-01
2.93532733193435258e-01
2.68015028979143366e-01
3.00400117142422762e-01
2.99533442156487251e-01
4.21925541538987647e-01
5.92142010025044407e-01
3.14272451537627562e-01
5.47145601299957818e-01
2.98439971487361067e-01
3.06789960903112946e-01
2.34126242877272323e-01
3.00511540236094721e-01
2.97112258647204641e-01
2.73446343186182772e-01
2.92553219311868951e-01
1.13324838061490282e-01
2.91156352092715287e-01
2.78361276537522795e-01
2.49849376548933189e-01
2.94753379505949653e-01
3.02741401998387949e-01
3.02060178718633721e-01
2.98508128166050490e-01
3.00629066949601176e-01
3.01262393488306301e-01
3.03126448139935889e-01
4.15802118627889961e-01
3.36459612487825244e-01
2.87949685249640153e-01
2.76827271130207109e-01
3.03712951708868084e-01
3.01978500620885049e-01
9.33724527984511748e-02
2.17214896738721186e-01
3.03138757720092966e-01
2.99813523478534572e-01
2.99193833144650589e-01
2.69455303455426398e-01
3.00414110530045964e-01
2.79624887920028098e-01
2.99241834244929950e-01
3.01739539846444860e-01
3.01368592127557011e-01
2.95353683201050266e-01
3.01314162689862108e-01
2.97267892070427475e-01
2.63945996293026230e-01
2.97066196453181386e-01
2.98815923335470524e-01
1.03962220182493195e-01
2.64896751845365541e-01
1.79865687982247169e-01
2.22427027434104085e-01
5.40264625663063547e-01
2.99296669976463758e-01
1.54473351488222471e-01
2.99827649220215153e-01
2.97145551451963030e-01
3.01000316596990614e-01
3.05329733591592767e-01
3.00972616913344038e-01
3.02840136383747571e-01
4.61284952072697096e-01
3.01241265584903439e-01
2.95939437240872738e-01
2.97842834537353662e-01
2.97441186487917564e-01
2.95818374764684366e-01
2.99264839294766882e-01
2.16034554669723849e-01
5.86007536422718078e-01
2.85019813830695523e-01
2.99758667765004150e-01
2.71370202560239193e-01
2.94359539860579889e-01
2.99071396022763558e-01
5.27688857612079953e-01
3.00380502579497721e-01
1.93247003035047021e-01
3.01270175331446455e-01
5.46407002638947481e-01
2.99303380062826530e-01
1.75724751421121955e-01
2.82882372583831143e-01
3.03698292986572860e-01
3.00140875435060794e-01
1.72377337654952473e-01
2.24220059625255541e-01
3.00491739557732729e-01
2.98903239941300025e-01
2.99522687234155371e-01
4.32066102704876220e-01
2.84948440004853865e-01
2.58935121725095196e-01
2.84713759714064873e-01
2.32412593546458324e-01
3.04703055969572090e-01
2.98873294161279779e-01
2.98786918868418905e-01
3.20077197473523034e-01
2.61911085745203609e-01
4.96031235157842476e-01
4.37128240357119946e-01
5.41583534392751864e-01
9.49748335367456703e-02
2.96059986750084381e-01
2.95896540468069291e-01
3.14925207162862486e-01
2.79726463339162124e-01
2.97217509379048894e-01
2.77644248220600076e-01
2.98835242678288093e-01
3.03261619890247802e-01
2.98780425271069350e-01
2.95092490637909766e-01
3.02080453730255827e-01
2.59786793462066068e-01
3.02818475285707045e-01
3.19709392277073234e-01
3.04401847037417406e-01
3.95478321736406069e-01
2.98976329521860540e-01
1.93662070678624620e-01
3.15215870454634672e-01
2.99992066069543761e-01
3.57905909748994167e-01
3.02566791068512586e-01
3.00259614682181708e-01
3.07105013096784507e-01
3.03034558767519224e-01
2.98159831311199774e-01
2.80291494580459100e-01
1.47111106581639839e-01
2.28658408184685330e-01
2.99448281530695248e-01
2.85820643211517733e-01
2.98428529580436697e-01
2.98861082803523193e-01
2.99257589128856472e-01
4.44518329324229744e-01
2.37187666231507804e-01
5.21966051080632099e-01
2.78672185994099375e-01
3.02998670828692529e-01
3.00328344571892281e-01
2.63441042688171589e-01
2.98823871641356931e-01
2.98588218101726144e-01
3.00083640026056864e-01
2.86423953980721235e-01
1.96423264955395332e-01
2.90356487414322906e-01
2.37902764569144026e-01
3.05817049823782605e-01
3.00872198065650964e-01
2.97729879330393410e-01
2.98782681123340554e-01
2.98810351406316010e-01
2.41381880888471512e-01
5.75199081349933472e-01
2.95705976843850582e-01
2.36324617369997159e-01
3.03163756665352113e-01
2.98829629498265859e-01
2.99701245213129408e-01
2.34886837114026137e-01
2.21581035608834853e-01
3.00748336614843070e-01
1.95043743469723974e-01
2.98873062373516074e-01
9.28175917530616457e-02
8.29065313898844219e-02
2.62707322043675195e-01
3.03462361314467355e-01
3.03432824851150751e-01
3.03387409958538412e-01
4.51487948685244667e-01
2.17239745347132751e-01
2.95927542759198803e-01
2.30009175812557809e-01
3.01362840450466241e-01
3.25187778645687930e-01
2.39197392434200323e-01
2.49021551379382367e-01
2.98329720563609624e-01
2.98140833691241391e-01
2.99030339884520269e-01
2.13098779427759122e-01
2.97339024544932329e-01
2.82029138603859308e-01
3.02567999868067206e-01
2.59459596961678252e-01
2.93258230669689202e-01
2.99406397032410843e-01
2.38792987969244280e-01
3.01326470396633073e-01
3.03752630682192104e-01
2.77109252090220581e-01
3.00196508047110844e-01
2.85960131867328826e-01
2.27208356897812380e-01
2.24878195853833895e-01
2.99926687278871007e-01
3.02110832686627861e-01
3.00220149251284929e-01
2.99015372373567234e-01
2.90545123156959129e-01
2.98915852695691930e-01
2.99754753898590742e-01
2.28546467664297842e-01
3.00955078363681905e-01
2.32309283782729220e-01
2.52473389937592274e-01
3.02036268558075749e-01
2.98774884357224657e-01
3.01597028819578949e-01
3.04898822986478579e-01
2.91119165229856813e-01
2.52702703946065310e-01
4.06187076604271780e-01
3.50289264305993830e-01
2.22371796737558053e-01
2.98771525283949957e-01
2.99754515920727493e-01
2.88037339145319871e-01
2.99890762808884326e-01
2.98817544984383288e-01
2.16270777522036772e-01
8.79909486186402773e-02
2.96896344705941007e-01
3.00273904852152662e-01
2.97292139900790786e-01
2.96783648369564668e-01
2.99810677519855240e-01
2.32677637423632538e-01
1.88745549495377252e-01
2.89182275049949478e-01
2.54285892235333377e-01
2.27875507807096006e-01
3.00140063832438464e-01
2.31814994463237473e-01
2.99313155674603149e-01
3.01542185665877427e-01
2.42440582778146646e-01
2.95553904299013792e-01
3.00428712056442726e-01
5.22506258548689817e-01
2.65782164602664406e-01
2.17917905967541820e-01
2.75463087337808665e-01
2.99720658825924413e-01
2.99722639703495775e-01
2.16984672582889171e-01
2.03895474134792004e-01
3.03493605846544501e-01
5.76074408488149947e-01
2.98034509759344812e-01
2.04797019980402673e-01
2.75885577848702102e-01
2.91287236642359171e-01
3.01350897247989913e-01
2.03473564166127219e-01
2.96122561495271663e-01
3.15968125484869300e-01
9.17750964287303989e-02
2.42088192091595211e-01
3.00165906348742850e-01
2.06310919620678546e-01
2.67247276670967482e-01
2.87540192171118147e-01
2.21102509064204172e-01
2.39431574136327929e-01
2.99547516465099140e-01
2.46239464245679524e-01
2.99962865093638453e-01
2.24174722686882183e-01
2.88180252968105399e-01
2.27736589598393574e-01
3.51050572497566993e-01
2.45732029136986135e-01
3.00301565717583430e-01
5.09576712262472031e-01
2.97707073595732952e-01
3.43228021662753124e-01
8.34035426927445950e-02
3.28692859298029938e-01
3.28364422026043712e-01
VECTORS velocity double
2.67096080641184230e-01 -5.72892714212815540e-02 0
3.00130884758665839e-01 -1.60939159354147481e-03 0
2.98579260759126275e-01 -9.93948621772241907e-03 0
3.02125641047031046e-01 3.55912170543778471e-05 0
3.06800810965417503e-01 -3.59398345805438894e-03 0
3.03390135138379036e-01 -5.99480568391244206e-03 0
2.99290891780891188e-01 -8.11265084154884526e-03 0
3.11445384570035400e-01 -2.63573782743751872e-01 0
3.10156934900634451e-01 -6.01892357331076651e-04 0
4.94930887442563638e-01 -1.60411455616407295e-01 0
1.01731285438059468e-01 -3.49057321732933468e-02 0
3.00497686616144122e-01 -2.08033567326975722e-03 0
3.25332726425942076e-01 -5.31707583121759295e-02 0
1.97364166209251790e-01 -4.55215831032563731e-02 0
2.98362599678430929e-01 -9.19266656837604626e-03 0
3.00452024292331921e-01 -1.93640940247334355e-03 0
2.52669677874708731e-01 -1.99135645471115397e-01 0
2.96826726588893031e-01 -3.27640591158010050e-03 0
3.92611112671762630e-01 -1.27527376367625456e-01 0
1.43893195512675182e-01 5.63026478530115268e-02 0
3.23079459695200022e-01 -3.33971255973628672e-02 0
3.01746270951630313e-01 -3.01028280039339867e-04 0
4.61196087007463118e-01 -1.81558253447104655e-02 0
3.09832655783471911e-01 -6.42326032688001532e-03 0
3.01923641414660993e-01 4.82583877802672859e-05 0
1.52609731184023323e-01 2.06681204923593931e-01 0
3.02083651642210960e-01 5.32999160732187594e-05 0
3.01555385817207589e-01 -1.26412524784685659e-03 0
4.06622374417703492e-01 -1.90443770580816490e-01 0
3.00429677204926748e-01 -2.43172854975926781e-03 0
2.96794978403305376e-01 -3.42088844434467691e-03 0
3.53865025400995459e-01 -5.81321149070519599e-02 0
3.00412492460127356e-01 -1.15708423193894359e-03 0
2.96403212683569117e-01 2.56080171739262407e-04 0
2.95407821202075815e-01 -2.04743230379002663e-03 0
3.00695860957918226e-01 -1.18259792795446530e-03 0
2.87130234593337696e-01 -1.48341758283408471e-02 0
2.95371281593963697e-01 -5.49320801257650350e-03 0
2.50408354628551377e-01 -3.03531155035627461e-03 0
1.65514487274296129e-01 -7.48245005884299319e-02 0
3.02524344192013295e-01 -6.98066906962180171e-04 0
2.01713911492444498e-01 -8.29510835472343916e-02 0
3.22214943289157285e-01 -7.59151836043161620e-03 0
2.65167079772809233e-01 -2.96098128792306285e-02 0
2.79640156648487237e-01 -3.93792658017688441e-03 0
2.98404687933051471e-01 -3.04314418586168305e-03 0
2.99082153816718266e-01 -2.64101460522873184e-04 0
3.09341262820621299e-01 5.06311531003862149e-04 0
3.07609240590297539e-01 -5.13967060676302247e-03 0
2.99836674345900389e-01 -1.44305970850516036e-03 0
3.59717031855119274e-01 -6.17331446847670384e-02 0
2.89329481128276278e-01 -1.54266800453346127e-02 0
2.99508152257425553e-01 -7.18197870361520548e-04 0
3.01896493320726877e-01 -4.78483895399444943e-04 0
2.94961891519867236e-01 -4.01245715238966651e-03 0
1.03081962294220786e-01 -3.62378306186721261e-02 0
3.19489038210175269e-01 -3.06228593936695576e-02 0
2.71831201523470511e-01 -1.11946735358427500e-03 0
3.05720158129662301e-01 -2.67429567917947279e-03 0
3.13572244330508787e-01 -1.24300470239386701e-02 0
2.94603298488506915e-01 4.80971087369823629e-04 0
2.56075058867029914e-01 -6.86330408885707857e-03 0
2.52832380713020721e-01 -1.18866502304462204e-01 0
3.05858595884207773e-01 -2.43115911033498422e-03 0
2.71113558668992949e-01 -1.51426457826317907e-03 0
2.98451425068175902e-01 -3.17307208392297998e-03 0
2.99144694542844203e-01 -2.80314207688424225e-04 0
3.02793689621411455e-01 -8.88038263639848169e-03 0
3.02387444462591082e-01 -6.30823808943479017e-04 0
3.45922069667256193e-01 -3.32467499992782816e-03 0
2.98175491462736031e-01 -1.22931505195855132e-03 0
2.50058429648577385e-01 -2.24773154515716320e-02 0
2.51519232147152882e-01 -1.55917778486950025e-02 0
2.99251120841728835e-01 -9.05724254046278376e-04 0
3.00195179246773580e-01 -7.96933660376933015e-03 0
2.90217755810369626e-01 -6.34925059247580005e-03 0
4.67385859488817224e-01 -1.16810592172732625e-01 0
3.44287238449031918e-01 -1.23011295023865239e-02 0
2.90825566828551596e-01 -5.65130265682273637e-03 0
2.99428973701066359e-01 -7.46663256798179458e-04 0
2.97227108860683431e-01 -1.01074261477274753e-02 0
3.01326469763095017e-01 -1.47593163613881305e-03 0
5.62538372913207740e-01 6.97463004017893351e-02 0
3.01370580964582357e-01 -1.37683959443717467e-02 0
3.02338055265570449e-01 -9.08304506771042373e-03 0
3.09424859441185029e-01 -1.72956696932738650e-02 0
3.20946223409851239e-01 -9.88731372715501294e-02 0
2.67661324968764547e-01 -2.97779924297362913e-02 0
2.96458795912741713e-01 2.97195166060488158e-04 0
2.99043991201336845e-01 -6.08353078251119925e-03 0
5.50646643864626251e-01 1.78346835356718685e-02 0
2.96263325806313205e-01 -1.38270204667998321e-03 0
3.01719395798421441e-01 -4.35681175788737995e-04 0
1.33426018806096086e-01 1.76012379608150339e-02 0
3.01950245666928296e-01 -9.35480458617856753e-05 0
2.99329090980417323e-01 -8.84493349860821930e-04 0
2.93276706804136422e-01 -1.18963124227153944e-03 0
3.09198274260473638e-01 -5.68975336498657165e-04 0
3.43795025027820889e-01 -9.19844824009639628e-02 0
3.23123428044619687e-01 -5.53955632439420871e-03 0
1.47669478416442207e-01 5.95603918759187514e-02 0
2.99661406405832942e-01 -1.98444735466950586e-03 0
2.71273844321951896e-01 3.33529286052050523e-03 0
2.97073970394716780e-01 7.65373832113787697e-05 0
1.24471245877377651e-01 -8.63383900833867082e-03 0
2.98208495567929055e-01 -1.26372145732664551e-03 0
1.93318709281088158e-01 -6.07082155067215773e-02 0
9.87994874926499400e-02 -1.39174249880382128e-01 0
2.99208338870044666e-01 -1.08304317450764044e-03 0
5.67665830170003494e-01 3.85387305520476162e-02 0
2.96450080015594919e-01 -1.53367019177984699e-03 0
3.01514868704253702e-01 -5.71838898346145250e-03 0
1.43795324941779906e-01 -1.33836140403240683e-01 0
3.00673471069644704e-01 -1.11754504913426128e-03 0
1.78059620322510909e-01 -5.76763492599454280e-02 0
1.95236622040256852e-01 -1.78368234628158012e-01 0
1.28014032747462703e-01 -9.44938058973564601e-03 0
2.95561835654296778e-01 -1.01511793857546849e-02 0
2.51867109729169369e-01 -9.38099996395166426e-03 0
2.94644944861160607e-01 -4.85163878636094351e-03 0
2.87079527634503562e-01 -8.10945447621254367e-02 0
3.00377643329741539e-01 -1.21787690742876913e-02 0
1.91166271874551680e-01 -4.16359768977706060e-02 0
1.22619294840490251e-01 2.78768113849979446e-02 0
3.09832297410552848e-01 -1.88661768284524730e-03 0
2.98656500922189483e-01 -7.88856522077558591e-04 0
2.47452322310451306e-01 -9.63119675748577431e-02 0
3.06475566784818743e-01 -2.94812153782467515e-03 0
2.53919652516846894e-01 -9.13438111855600504e-02 0
3.11919936001541942e-01 -1.38418531397258137e-02 0
2.91188101786433118e-01 1.06137087770695796e-03 0
1.32039431881726121e-01 -2.15640594577563793e-01 0
3.01955923996700237e-01 -3.15055582087783422e-04 0
3.06078537547896878e-01 -3.43150523173009437e-03 0
3.04056128850508922e-01 -6.31660353013265008e-03 0
2.92539636647484891e-01 -9.07383063552761118e-03 0
2.43608203518181327e-01 -1.28376681772447345e-02 0
2.98047596021029704e-01 -7.61831365117947024e-02 0
4.87288061160048469e-01 -1.97782515240469886e-01 0
3.52892782759563928e-01 -8.45085676243217121e-02 0
2.73748546844414797e-01 -2.60209557766818388e-02 0
4.87681940744955467e-01 -1.62906949844707438e-01 0
4.82136408706237141e-01 2.41624396257624600e-02 0
2.98285902726868224e-01 -1.00362087289839071e-03 0
2.99161380049283832e-01 -1.09307142685898537e-03 0
2.99025341500397335e-01 -5.90643173199622163e-03 0
2.50226691403184376e-01 -9.75648480790198072e-03 0
5.33592344520951722e-01 6.13516781539933786e-03 0
3.01515684641817105e-01 -1.34977324041038655e-03 0
4.08012338105353534e-01 -9.96952806026619870e-02 0
2.66454703607494736e-01 -1.98626297236499716e-01 0
3.12402065806233531e-01 -2.54157966487348445e-02 0
2.99694686683659284e-01 -2.96669969566484273e-03 0
3.22905431662070919e-01 -5.29827554948523460e-02 0
3.41054755003457444e-01 -1.04774077859574502e-01 0
3.04349436212598357e-01 -6.62595902369214184e-03 0
2.61440956873056463e-01 -1.18711500286391838e-01 0
3.03850527925183522e-01 -2.61299171164610907e-03 0
5.38511701809430199e-01 1.64287620246206037e-02 0
2.99958206052556242e-01 -1.40761264137016740e-03 0
2.88042886959296029e-01 -1.30070295456432544e-02 0
2.96989825913374805e-01 -2.99207992958006172e-03 0
2.98510677673137992e-01 -7.92766961270151282e-03 0
2.99066680736391477e-01 -8.62575199719953331e-04 0
2.96062330172021215e-01 -7.20401549691194977e-04 0
1.12906175836466352e-01 -2.05840176415409241e-02 0
9.79808522093796735e-02 -1.37206372465696169e-01 0
2.93425120698525721e-01 8.80910240390393512e-04 0
2.27454237221362349e-01 2.90761488065449311e-02 0
3.00640777156481187e-01 -2.37966482690454275e-03 0
2.99875092949025257e-01 -1.58887077959357485e-03 0
2.91901997659944512e-01 1.28005974467452393e-03 0
2.95345937716170237e-01 -2.50783149612848495e-03 0
8.25147552243527815e-02 1.41284865942933435e-01 0
2.96676260483978327e-01 -3.74395291918524793e-03 0
3.06764163743768470e-01 -1.29248196286357152e-02 0
3.01566958093655302e-01 1.39819910275811444e-04 0
3.01390108803887002e-01 -9.66696700800701199e-03 0
3.09105094199684016e-01 -5.90047166746474495e-03 0
9.06068762036980474e-02 -1.07363175840919561e-01 0
3.16729001977533398e-01 -2.35864269781847161e-03 0
3.20790783128154677e-01 -2.91673099036276993e-02 0
3.01603480041947369e-01 -1.15915674551317458e-03 0
2.92419967172848128e-01 -8.40020352653612044e-03 0
2.39264713054510636e-01 -6.82505399418503189e-02 0
1.36039283139513800e-01 -6.98290647144627075e-02 0
4.22534420612011408e-01 -1.19681968414846865e-01 0
3.02674972152487010e-01 -3.34903014043193194e-03 0
1.75336373409020113e-01 3.23975407168063875e-02 0
3.04018495571875380e-01 -5.49430421256155450e-03 0
5.31466550983784258e-01 -4.71391600187497616e-03 0
3.04892023302073989e-01 -6.16560458847744807e-03 0
4.85515148886286219e-01 2.72982749463910879e-02 0
2.94135456062583400e-01 -4.57817626535403800e-03 0
2.92648683376394714e-01 -2.67999896225629185e-03 0
2.96132283639858440e-01 -3.09195795385172403e-02 0
2.95335767829549733e-01 -5.32340549695236448e-03 0
3.02615035880203054e-01 -2.38871044573029725e-02 0
3.01896396458201433e-01 -4.44244627650094634e-03 0
3.20387346606121948e-01 -5.64534991723940165e-04 0
2.93565879922742745e-01 1.01084281920037645e-03 0
2.69878300938594662e-01 1.91464569550269252e-03 0
2.17881784989942373e-01 -1.75052702101271163e-01 0
2.80992399209389343e-01 -5.10645771370846473e-03 0
5.37074785179074587e-01 2.31126762443770450e-02 0
4.30574397105652762e-01 -1.05626050380807315e-01 0
3.00666681959266491e-01 -1.08007311534154462e-02 0
3.01230982922506385e-01 -1.61888064738739635e-03 0
2.35693920763600739e-01 -6.79310665772841910e-02 0
3.02237943573471168e-01 -1.28639533388020286e-03 0
3.10234991519952985e-01 -3.26426179318969022e-03 0
3.02840664444028462e-01 -3.57520183257356832e-03 0
4.49878649365629935e-01 -1.68652570827452671e-02 0
2.97900657847948169e-01 -2.28389922155721320e-02 0
2.21886890173527251e-01 -6.58317330138923212e-02 0
1.66536741460814292e-01 -7.03193439660727698e-02 0
4.14483468956548584e-01 1.64167838653789810e-02 0
2.99876482365415808e-01 -1.77012721403892138e-03 0
2.87226541446840067e-01 5.25636134251414097e-05 0
2.29652375277593968e-01 -1.70495012074993076e-02 0
3.01560579045185850e-01 -4.53591795496739725e-03 0
2.96684603308735029e-01 -1.10514555667043488e-03 0
1.46489545038126029e-01 -7.06823022089821951e-02 0
2.89314968761633762e-01 -1.30309439887433490e-02 0
2.87405889600418907e-01 -1.59390213408507168e-02 0
2.96054003064288473e-01 -3.51573407784123255e-03 0
2.92480239727225866e-01 -5.73513558486837046e-03 0
9.34496486022527856e-02 1.42052391964912317e-01 0
2.97688547111475965e-01 -6.28794721127335266e-04 0
3.08254061410635771e-01 -1.81579361271708463e-02 0
3.01672450878304133e-01 -1.55139611097739548e-03 0
4.77540931420506076e-01 -2.01601993485141073e-01 0
3.15025806645753581e-01 -7.97305792617577364e-03 0
2.96622468740031453e-01 8.14554326712655134e-05 0
3.02331424554133976e-01 -4.21007133912544020e-04 0
3.98093798210177319e-01 -5.67190664898337693e-02 0
2.93535675815783992e-01 -1.44437451002675044e-03 0
2.90356112832682700e-01 -1.85656566947718232e-02 0
2.84546877952444099e-01 -4.40804349582672519e-02 0
3.58914291493664106e-01 -1.35252825513068581e-01 0
2.97059991920822164e-01 -4.18569528255145155e-03 0
5.67939809987898170e-01 2.10202118459395099e-02 0
2.63780066381981260e-01 -8.86824936848997353e-02 0
3.02232984183023357e-01 -1.22396710528090581e-03 0
2.93274812017889741e-01 -2.68501374303269036e-01 0
2.88551198804353815e-01 -1.12239650677739555e-02 0
2.88127187705116528e-01 -2.41079253001518362e-02 0
1.48327558481029659e-01 -5.25966459801408201e-02 0
2.94964167603847804e-01 -3.73899327106545125e-03 0
2.88731485874581473e-01 -1.80998198750988888e-02 0
2.60936001955549113e-01 -2.99776783354654529e-03 0
3.03342841680054598e-01 -2.58879132743295229e-03 0
3.23685846107187980e-01 -2.16077498753730764e-04 0
2.65211045539947288e-01 -5.09087381508899275e-02 0
4.19203590637767187e-01 -2.10461075963429639e-01 0
3.00322759914325832e-01 -1.78749118638371007e-01 0
5.05337462066400289e-01 4.51945539797272769e-02 0
2.99731639123231530e-01 -3.01731632516091721e-03 0
2.97061411027591593e-01 -4.69097534202333154e-03 0
2.45764713626034526e-01 1.53712227053880747e-02 0
4.57500759932070733e-01 -1.13705413146731688e-01 0
2.04366480495660890e-01 -1.76755252467999946e-01 0
2.99215068550085894e-01 -6.56702751818324416e-03 0
5.07119355696422414e-01 3.40401847211314820e-02 0
2.73069838121218655e-01 4.01311411128429767e-03 0
1.22982340407089066e-01 1.87385367334717973e-01 0
3.01810858275572691e-01 -7.23355533992916578e-04 0
2.98459958637103839e-01 -1.35256388126269778e-03 0
2.60924137518010156e-02 1.15242128541214149e-02 0
1.63086949443914386e-01 2.85004597637211615e-02 0
3.11898198322924980e-01 4.09413395628340925e-04 0
5.38300361818023543e-01 3.41795682908403176e-02 0
3.26691951482387610e-01 1.11372282503139172e-04 0
2.98774708204834594e-01 -5.83985941793952043e-04 0
3.83178316228695970e-01 -7.54373298262962927e-02 0
3.03083223364591370e-01 1.20034800581521767e-04 0
2.87152439447671604e-01 -6.03355404807834755e-02 0
2.94484845336072387e-01 -1.86878459985136960e-03 0
2.09283665003911629e-01 -8.47206155219728807e-02 0
1.20219705103341873e-01 -1.85819901512343094e-02 0
2.95678280284886186e-01 -2.15668975878365119e-03 0
2.63519966829810159e-01 -1.16678534429412572e-02 0
3.51370898356494488e-01 -1.75704390999685933e-01 0
2.81943994284558686e-01 -5.38703003613681761e-03 0
2.23575944229818663e-01 -4.58689171006049501e-02 0
1.48823095791237370e-01 1.29484425123343544e-01 0
1.44290028343210058e-01 -1.18779242223211859e-01 0
1.23673027470384361e-01 2.06709311253576888e-01 0
3.70367188271702230e-01 -6.89534058636275954e-02 0
2.96063330379857048e-01 -3.25777390529202477e-03 0
3.26421454156711699e-01 -6.69902269250920307e-02 0
3.03954456338480616e-01 -9.43725060457661523e-04 0
5.52510200280851016e-02 4.76178091691011537e-02 0
1.44414861339799416e-01 -7.13866760085714730e-02 0
6.31904178833768565e-02 -1.08618366241962694e-01 0
5.63968706850087945e-02 4.70691208221553498e-02 0
3.97943079883627426e-01 -1.10053334062315697e-01 0
3.01532954799643982e-01 -4.08614509793698774e-03 0
3.13614926931444549e-01 -2.42190216269508631e-02 0
3.00607403856418154e-01 -1.50235691501752165e-03 0
3.18416321556947879e-01 -8.57222911544682116e-03 0
2.88300134790073381e-01 -2.08747062566197530e-02 0
3.01613706780663682e-01 -1.00535430972747367e-03 0
1.64707421205938287e-01 2.34970203242664891e-02 0
3.41278690893417502e-01 -3.64179960473624657e-03 0
3.00161099333869030e-01 -2.46557512026829555e-03 0
5.43241645977443621e-01 -9.76013266983555700e-02 0
3.01837886052971960e-01 -1.36888623265155615e-03 0
3.18637779255590448e-01 -1.08596818097377396e-01 0
2.12708440227258100e-01 -1.57161762557612938e-01 0
3.08666740037719212e-01 -4.21261600122026583e-02 0
2.99787083565240420e-01 -2.51022320919707595e-02 0
1.52763181434075662e-01 -2.39150659762198098e-01 0
3.12464561162561605e-01 -8.78338754180680303e-02 0
2.54229179173320718e-01 5.59516354930364619e-03 0
5.70267208536707870e-01 6.77160912405859045e-02 0
3.03280076865678705e-01 -2.76216703628474761e-03 0
3.01674810514069580e-01 -8.24705592359502391e-04 0
2.98892180149110176e-01 -5.84623366890077716e-04 0
2.98420994829457220e-01 -7.73115631683128808e-03 0
2.36327727288752398e-01 -2.05894799729545129e-02 0
3.00558790501389062e-01 -1.07133621960627916e-02 0
3.04330480672225956e-01 -1.29024380630041982e-03 0
3.82774250240784264e-01 -1.18335530824844395e-01 0
3.01900698017983582e-01 -5.70659377878351059e-04 0
2.57662702079445638e-01 -4.62729741680301381e-03 0
2.90917456173206856e-01 -1.34732250149734705e-02 0
2.46799731114062670e-01 -1.45912152941551805e-02 0
3.28773391535283399e-01 -2.80819693632041074e-02 0
5.72502198914113358e-01 4.48199797281350343e-02 0
3.01724108945117808e-01 -6.63087091338984040e-04 0
2.86965230406597938e-01 -1.79709480279851459e-02 0
3.01447282480301004e-01 1.39467569807076385e-04 0
3.59824731772852902e-01 -1.71530901685039816e-01 0
2.91144046682027147e-01 -3.49946754594297445e-03 0
1.33830179108859304e-01 -5.23033219493228771e-02 0
2.97178545921142068e-01 -4.20689374072080215e-03 0
2.99166555835588210e-01 -1.26918325154469751e-02 0
3.01659563022007193e-01 -2.38216340308191292e-04 0
2.85881495050533119e-01 -5.97335971001173444e-02 0
2.99843945149550650e-01 -1.66816849589507981e-03 0
2.95784776245621772e-01 -9.04302577956063382e-04 0
2.85194415866437845e-01 -4.20061927505297542e-02 0
2.67231516361564003e-01 8.79470866440861497e-03 0
2.42382104726511699e-01 -2.64335386254155036e-01 0
1.28264017735331859e-01 1.50610646680326504e-01 0
3.06662300821337608e-01 -4.64731706495323266e-03 0
2.44009372433950794e-01 -8.93076563007949159e-02 0
3.01740401834584671e-01 -1.85470358824074851e-03 0
2.28212147687950478e-01 2.62755370110492048e-02 0
3.01588837414973998e-01 -2.02858349637592174e-03 0
3.04459643562542015e-01 -1.05802535784352498e-03 0
3.19814835827545052e-01 -3.02303001660286135e-03 0
3.02349383029914487e-01 -3.70773195832682298e-03 0
2.97143117267616996e-01 1.51094466113505622e-04 0
3.04610768550970468e-01 -2.87458601500524243e-03 0
2.93569027087061896e-01 -6.70755302571668655e-02 0
2.91336075575760300e-01 -1.37233144801532404e-02 0
2.44784294965932153e-01 -4.58492567026788644e-02 0
2.32696821244320173e-01 -1.85516290738734838e-02 0
2.37790877250656729e-01 -5.94994588047691592e-02 0
2.94554694063386469e-01 -1.88035113111097640e-03 0
1.57968533545754991e-01 -5.95807296601212899e-02 0
1.10011673153980652e-01 -2.13049332257176177e-01 0
2.96908159822713402e-01 -8.74220983618042365e-04 0
2.97111408761735030e-01 -3.70433185491354918e-03 0
2.91938509688892511e-01 -5.23759853016596277e-02 0
3.01779624015357129e-01 -1.81055601433447594e-03 0
1.71210720681587436e-01 2.13790149287309106e-01 0
2.92537366423483047e-01 -9.74438693661682561e-04 0
2.76914874534362032e-01 -1.69945251293981345e-02 0
2.80505072967974112e-01 -7.25245995243393830e-03 0
3.02098398721648842e-01 -1.02757358384329995e-02 0
1.57742018418740110e-01 1.56129217159805017e-01 0
4.13407153766724988e-01 1.09107299330237599e-02 0
2.96991205914873269e-01 -4.71581853748549717e-03 0
2.68078952830304029e-01 7.43888361412350409e-03 0
3.51954864636191689e-01 -1.32978470878077570e-01 0
3.00099762004073567e-01 -1.22422519779799288e-02 0
4.16394971229920585e-01 -1.24710629947369311e-01 0
4.33538421472400737e-01 -2.20335280140975198e-01 0
2.95020888206527332e-01 -2.83546937059312104e-03 0
2.76504834638148622e-01 -1.38322983504860397e-03 0
3.02286258114392692e-01 -5.97915614338337766e-04 0
3.37012784529821030e-01 -1.19745437272504654e-01 0
1.02099223279785892e-01 -9.15820881897634435e-03 0
3.74715631073093414e-01 -1.88373169445231664e-01 0
3.01096898388209466e-01 -1.16439136285850244e-03 0
3.10066914468500821e-01 -3.45071576572529700e-03 0
3.06519466812980590e-01 -5.79566014461561051e-03 0
7.12606687623592305e-02 -1.51306106359215681e-01 0
3.01169136144335658e-01 -1.67957896769674818e-03 0
2.44801283874970299e-01 -3.86315636982669094e-03 0
1.78764215754924488e-01 9.38198528888989358e-02 0
2.25612373538987859e-01 -1.29284547712752006e-02 0
2.87121757831196422e-01 -2.85699810787073301e-02 0
2.85644884221804174e-01 -1.33340052388657721e-02 0
3.70178584051626791e-01 -8.88463536640794749e-02 0
2.12861745969934804e-02 5.33416324960709551e-02 0
2.58034901439889788e-02 5.19463738486134821e-02 0
3.01762080809416855e-01 -2.74571169954755819e-04 0
2.78115282455354162e-01 -2.73877359153259087e-02 0
2.94789614048163728e-01 -2.42934276597392765e-03 0
2.99430295991993056e-01 -3.00241317457415786e-03 0
3.48710842875073590e-01 -7.32420885625603146e-02 0
5.00802318844611349e-01 -1.49638601126959869e-01 0
2.46476222864784267e-01 -2.13998191934008722e-02 0
2.89260725884622927e-01 -8.93007366344365089e-03 0
3.12494431092945557e-01 -1.36062959140880097e-03 0
3.00411951957644363e-01 -1.22541470822363661e-03 0
2.65482196951707494e-01 4.70457443926284376e-04 0
3.14168210315740604e-01 -1.57278353741164504e-03 0
3.10778939610076133e-01 -3.35193311028137084e-02 0
2.91801489549266324e-01 -4.95318281149108586e-02 0
2.98264384917903413e-01 -3.18853433025508102e-04 0
3.05146773915210057e-01 -7.85201826688862025e-04 0
2.71081319847277014e-01 9.04088295125593522e-03 0
2.72161271102485336e-01 7.28865439847902613e-03 0
2.66751377271031709e-01 -1.28301201735514115e-02 0
3.07137636452116780e-01 -1.28468493055881941e-02 0
2.14592346193923145e-01 -4.16062869454055795e-02 0
3.01744689888268969e-01 -8.73266866822013945e-04 0
9.68727665969807278e-02 -1.00546304495980926e-01 0
3.51675787254430383e-01 -9.62602524683463662e-02 0
1.69642971646603163e-01 1.34158026996871904e-01 0
8.81657566291314532e-02 -7.26965661979946526e-02 0
3.02034729478064201e-01 -5.50753485314233512e-03 0
4.08299466262567134e-01 -2.17748482618225520e-01 0
3.82028601334462647e-01 -1.19814312877981476e-03 0
2.62112476122369209e-01 -1.11957724147984019e-02 0
3.05209686070367081e-01 -2.16201056557915623e-03 0
3.02491807455445405e-01 -1.37980537867954303e-03 0
2.98244016407946011e-01 -1.73248754545216347e-03 0
3.72692583136169320e-01 -1.27590503390373922e-01 0
3.02729489024731069e-01 -7.85375284892557077e-03 0
2.40467380044782686e-01 -8.13942981069138288e-02 0
2.98798991810428183e-01 -6.32465809903907418e-04 0
2.03355566721933778e-01 3.38360490163038818e-02 0
2.94744662799709012e-01 -1.59482179136376354e-03 0
1.74110468604914526e-01 1.55029387726869888e-01 0
4.46323412676850384e-01 3.16703041696732995e-03 0
3.01355526131687701e-01 -1.73982135113105690e-05 0
3.11194660267713807e-01 -1.13729502874003637e-02 0
3.00320807095302011e-01 -1.79712304906707761e-02 0
2.49479590471099633e-01 1.26959668365941077e-02 0
2.96197318699378209e-01 4.42788073392424248e-04 0
3.02828817472756084e-01 2.82072122659259407e-07 0
1.75853873250769815e-01 2.27999809435167650e-01 0
2.98601177972737830e-01 -2.74505427563525992e-06 0
5.74247735975413565e-01 -6.88891359466233671e-02 0
2.22737473181568418e-01 -5.83240238816160883e-02 0
3.00783366797154228e-01 -1.00515925537377317e-03 0
1.85149999543369387e-01 3.94144385980273043e-02 0
2.95093221832571084e-01 7.44628943219060473e-04 0
2.87963196658033993e-01 -2.04090513326677823e-03 0
3.00230616299681841e-01 -1.57689991737572713e-03 0
2.62749994737933423e-01 1.67246712022351405e-03 0
3.10597934117814667e-01 -1.89957013544846294e-03 0
3.01329363753209345e-01 -6.69468294639734236e-05 0
3.00554208234405873e-01 -2.53745676656782874e-03 0
1.35102038468287777e-01 1.97186159596340199e-01 0
2.90522745912950187e-01 -6.84051206421569663e-02 0
3.11035595419340616e-01 -9.27397517790471901e-03 0
2.99362964555178857e-01 -2.36677635783882770e-03 0
2.94681570706027407e-01 -8.57383457763810663e-04 0
2.95709771355144146e-01 -1.76931162333635317e-01 0
1.15157829838019393e-01 4.34331105781480126e-02 0
2.87869523422769724e-01 -8.38548976967130877e-02 0
2.93625941731616380e-01 -3.65667007652042378e-04 0
1.70833876544393942e-01 2.08199889023345519e-01 0
1.76633832966734156e-01 2.36802287728876459e-01 0
3.04186409796393553e-01 -5.65279814434642945e-03 0
2.66233561022846343e-01 4.12076325838415906e-03 0
2.97608819439261596e-01 -4.73818464375244403e-03 0
2.98425213756246865e-01 1.00960596371811386e-04 0
4.30486852233198602e-01 -1.49195875805424122e-01 0
3.04255642869770970e-01 -2.82055076242418478e-03 0
2.75535984908045484e-01 8.93082979036061153e-03 0
2.94322968549148523e-01 -5.38256624616850147e-03 0
5.28169813135800803e-01 5.26325098156580073e-02 0
2.47556212634966105e-01 -5.98328465200796775e-03 0
2.54661310041917645e-02 1.32425145124765373e-02 0
3.01590868513682664e-01 1.22498795144154016e-04 0
2.98362852986525928e-01 -5.57499815451114439e-04 0
2.54442149390086747e-01 -2.48854877083334765e-02 0
2.88694091162741195e-01 -1.47848000933557626e-03 0
4.27997724978503746e-01 -1.01738533527487934e-01 0
2.98798117568217114e-01 -2.99149231118816354e-02 0
1.90101624110657952e-01 8.28284104419034495e-02 0
3.01264396976541393e-01 -2.23616729834286605e-02 0
3.01269097346392345e-01 -2.24507106852402149e-03 0
1.06521883247652605e-01 1.46274578613300982e-01 0
3.13590752481678281e-01 -3.40672283921455684e-03 0
2.96754984274481215e-01 -4.97013043976067808e-03 0
2.97188554887126199e-01 -3.17419011766662505e-04 0
2.96950332184613863e-01 -7.60281724479031367e-04 0
3.10521509220860970e-01 -5.01385106386944158e-03 0
5.69504286788562131e-01 7.53084836253486573e-02 0
2.98860258326690220e-01 -8.04106890206601646e-04 0
6.26322733670166554e-02 -1.21710615105937031e-01 0
3.14446793428746485e-01 -3.01120165158603355e-02 0
3.30312499620149636e-01 -6.33646982125274233e-02 0
2.99956988451701878e-01 -2.96277096057962191e-03 0
4.64255462706187783e-01 -2.13288555205219027e-01 0
3.00516479841236528e-01 -2.16006518312358061e-03 0
2.96670239608085251e-01 -5.25641214126410395e-03 0
5.35007215275708825e-01 -1.11258570085000758e-01 0
3.10494040166422403e-01 -6.75947306453275002e-03 0
2.09242062267269463e-01 3.68488229669986095e-02 0
3.03241809551928421e-01 -6.77341252612133262e-03 0
3.56142178360045469e-01 -7.92631893004312055e-02 0
2.98386522803850862e-01 -1.56563281410602886e-03 0
2.89298738818491219e-01 -9.63603132248573753e-03 0
5.56280092462329123e-01 -9.94644096847347309e-02 0
4.21845673086408302e-01 -3.12301793701798176e-02 0
3.10492590452281503e-01 -1.57986280415052700e-02 0
2.97831135624315291e-01 -2.10628445766615084e-04 0
2.86814788673114829e-01 -1.85714475573003322e-02 0
2.92835742240574848e-01 -4.66649022560042693e-03 0
4.04906316734293462e-02 6.87836223344323594e-02 0
5.76059899537277209e-01 4.18784458962868575e-02 0
3.10891620151788117e-01 -1.01688051772658564e-01 0
2.89797567494885611e-01 -1.66592831089655453e-02 0
4.24136431251265988e-01 -2.25075463170941958e-01 0
2.96901454164159639e-01 -5.21344368178592067e-05 0
7.71375166504466442e-02 -1.39092688758093053e-01 0
3.71189899320744435e-02 3.65838745517150926e-02 0
2.85477065616313530e-01 -4.28032726403164854e-03 0
2.99629673163926080e-01 -2.12734489853675735e-03 0
2.93464272555816252e-01 -8.91337259174958089e-03 0
2.98960215938343932e-01 -1.35345221356186849e-02 0
2.94992480139402991e-01 6.97028500494366256e-04 0
3.01156668229671687e-01 -1.06707898629605476e-03 0
3.27584021707265138e-01 -2.98761224453523155e-02 0
3.00799861286241310e-01 -5.53496545914093879e-04 0
3.07230799861596737e-01 -4.93272069136184259e-03 0
2.73023721297184330e-01 6.67487748946449418e-03 0
2.95692656876813842e-01 -4.74847605107280545e-03 0
2.97313985711328554e-01 -1.28819532509433129e-04 0
2.68916006382203032e-01 -3.01290708765876609e-02 0
2.71865274210355501e-01 -1.57738259412277898e-01 0
3.01451489378185389e-01 1.85096155233163635e-04 0
2.94475166630642382e-01 3.56020634025459870e-04 0
3.08647026571663541e-01 -1.48130235894861550e-03 0
3.11999096728696412e-01 -3.43047757761011981e-03 0
2.92858675059384288e-01 -2.80995638405622970e-03 0
3.00298546136438416e-01 -1.53284980320428019e-03 0
2.95811300332845806e-01 -6.25822238839591496e-04 0
3.36788136744219757e-01 -1.03973237285004058e-01 0
2.44404347247299619e-01 -5.00999782335143293e-02 0
3.71048189690759256e-01 -2.35420108699601338e-02 0
3.04733560635956469e-01 -4.44044230484381963e-03 0
2.10775011839069798e-01 -5.94331554759017430e-02 0
2.59598010264384615e-01 2.26433292904142840e-03 0
2.06175817362456576e-01 -7.52185227511334015e-02 0
3.23606697290489853e-01 -2.57466817234991881e-02 0
3.86855991616558370e-01 -5.19865818761798271e-02 0
3.07865079756970972e-01 -4.12834493730959776e-02 0
1.53571629761172501e-01 1.97665732312306192e-01 0
3.00071512711901134e-01 -1.41580734817983267e-03 0
2.95617129696215342e-01 -4.55154777948434380e-03 0
2.88522138423368379e-01 -7.64188847309800050e-05 0
3.00655682705258998e-01 -4.01458942811194850e-03 0
2.92244087450455714e-01 -6.65901039123536001e-03 0
3.98781326450749429e-01 -2.98622571944620920e-02 0
2.78991946105744681e-01 5.90116060743077329e-05 0
2.97388707078202419e-01 -5.91043891826321098e-04 0
1.36303180315744482e-01 8.87935274246203776e-02 0
1.78576705655422774e-01 2.26670753404639679e-02 0
2.98464172155720353e-01 -3.43122771282359227e-04 0
3.05926063266893089e-01 -1.02407060951342666e-01 0
1.63161200080163687e-01 7.94434866241437998e-02 0
3.06460353401677210e-01 -2.27475691781245772e-03 0
3.89788443539438867e-01 -1.99717536265545559e-01 0
3.00156798395672608e-01 -9.80718769026752216e-03 0
3.16206507910659351e-01 -2.06024899759342430e-03 0
3.05645769223876429e-01 -1.16311101683724116e-02 0
3.96083411938694896e-01 3.46351108965736124e-03 0
3.01032201144311007e-01 -8.86232279485786242e-03 0
2.54707105497708142e-01 -1.01954139900924071e-01 0
1.91955203011887926e-01 2.93879420770313711e-02 0
2.77648859822481942e-01 -1.43784409005010220e-02 0
3.06197390641781531e-01 -4.50484344934335128e-03 0
2.74782899020252880e-01 -6.51362116536707207e-04 0
3.01513919439512557e-01 -6.17865066662330381e-04 0
2.98482292547099293e-01 -1.69615116523928359e-04 0
2.80171351892247178e-01 1.29732402660220837e-03 0
2.89585309444734262e-01 5.28094749121630507e-04 0
2.97068652887522044e-01 -1.94783924518032400e-03 0
3.01901196539934913e-01 -9.26713119201372530e-04 0
5.26317915469577735e-01 -1.24469655796969961e-01 0
2.98546557574761395e-01 -6.68993040725423898e-04 0
1.93209510655903194e-01 2.51681955674317726e-01 0
3.89774685958367395e-01 -2.76087810657500328e-02 0
2.87456127634950875e-01 4.36288808332534000e-04 0
2.72634162582627460e-01 -2.56304062961268744e-02 0
2.39507863385220343e-01 -2.59944327877796644e-01 0
1.54205338447137685e-01 2.17002918603427047e-01 0
2.94240063926332174e-01 -2.20502653127082563e-03 0
3.08004919967112767e-01 -1.39841243476949401e-01 0
1.93713259997923160e-01 3.02671258094923158e-02 0
3.01543451870852186e-01 -5.05452407783121404e-03 0
3.01571882970337934e-01 -2.38051038088632564e-04 0
2.99106104537289641e-01 -5.09322644195953946e-04 0
1.54163055289234546e-01 1.17259677266858042e-01 0
2.96525649440626538e-01 -1.94548607033631334e-03 0
3.07019884480446648e-01 -6.15259030660299158e-03 0
3.05056528340319988e-01 -6.60789179350888611e-05 0
2.87519057720110993e-01 -1.45780316465786208e-01 0
1.39741971172099050e-01 8.56844988860909623e-02 0
2.12107608324388797e-01 -5.08788091479712434e-02 0
2.73994903435328674e-01 -1.67691495297842719e-01 0
3.02844762320286287e-01 -1.19678329039973582e-03 0
2.08429865370178269e-01 3.92973870775698703e-02 0
2.98287507261307816e-01 -6.90170550334205440e-04 0
2.41218036561146876e-01 -7.78885781709528630e-02 0
2.92273540121740338e-01 -3.26940348113345354e-03 0
2.22501966568500908e-01 -1.75596522002804435e-02 0
2.10453812103084531e-01 -2.20667118996160594e-01 0
1.83586942738536013e-01 9.52796233608626808e-02 0
3.67851837943672544e-01 -2.07967710267014348e-03 0
2.63931108672642911e-01 -2.95965633596474431e-02 0
7.78294881343459255e-02 -1.29501628803057545e-01 0
9.17054554206304662e-02 -4.91200697952607207e-02 0
2.68999631132017303e-01 1.41772792588005050e-03 0
5.32851740656580253e-01 -1.10612292686941109e-02 0
3.04470735303020046e-01 -1.52270372958123807e-04 0
3.01887457504382117e-01 -1.36187504043627414e-03 0
1.72489416702518245e-01 1.22288099719038423e-02 0
2.55674742150584777e-01 4.13854620546067007e-03 0
2.28844789236515439e-01 -6.08682562584184975e-02 0
1.75949114987211247e-01 -1.46817821821904781e-01 0
2.99411150174808349e-01 -8.69954434483804660e-04 0
3.02241909645337870e-01 -2.17560086485632659e-02 0
2.98235056179902147e-01 -4.29254363926490357e-02 0
3.88853352145379916e-01 -2.03384127312767921e-01 0
3.03932741281969843e-01 -1.53360441441084336e-03 0
4.14199224601573213e-01 -9.36807295407308255e-02 0
2.94092324759257007e-01 -7.16145191161417704e-04 0
3.01052836353975117e-01 -2.38235031629816961e-03 0
2.96763823029469909e-01 -1.65992569167332368e-03 0
6.60538659504453368e-02 -1.00823642262183842e-02 0
3.17196639329032526e-01 -1.00785279871862463e-02 0
1.45528820543491283e-01 -1.79588642636019175e-01 0
2.90786414734208631e-01 -2.88364174171395447e-02 0
3.00074524937725684e-01 -1.33767628398632826e-03 0
3.51920678832171430e-01 -1.71836098349996136e-02 0
3.03240589153676743e-01 -3.80253195904734116e-03 0
2.96871839684875738e-01 -4.53779240669021245e-04 0
3.01384891382422526e-01 -6.25481126435549852e-04 0
3.36484474831919955e-01 -2.25521604373913054e-02 0
2.99686108027818865e-01 -2.28798189569594983e-03 0
3.21470398071083796e-01 -6.13285145698996004e-02 0
2.50846797872842475e-01 2.52728449016456939e-03 0
3.11594982663979003e-01 -2.18174169519751909e-01 0
3.58165217500806710e-01 -8.17094297928009222e-02 0
2.96868139426492761e-01 -9.31314808698418227e-03 0
4.43623409548423886e-01 -3.41300727767384010e-03 0
5.23674667279967920e-01 2.23017259974351394e-02 0
3.95884781358156301e-01 1.16615819724818319e-02 0
2.16675314449734396e-01 1.01166948795502927e-02 0
2.95238813067175754e-01 -1.92817388000206128e-03 0
4.65920190148058078e-01 -1.93517402002746086e-01 0
3.38693652822039171e-01 -1.22054799870102617e-02 0
5.12698153020503589e-01 -1.46124716710883035e-01 0
3.03359787228509592e-01 -3.80696947160792188e-03 0
2.03031751287071238e-01 -1.91931974466418132e-01 0
2.97140214080679921e-01 -9.04798618751019557e-04 0
3.01607689875727947e-01 -1.29233677340591488e-03 0
3.12107460497610789e-01 -3.23922544699657214e-02 0
1.82237860473092012e-01 -7.14166562089643547e-02 0
3.02401894355195322e-01 -7.26322075614867398e-03 0
2.96071517454117139e-01 3.05747110533037433e-05 0
4.18596385155891426e-01 -1.42674385547843730e-01 0
2.98677907886466698e-01 -3.08308125547542694e-03 0
3.00756321548780792e-01 -6.30791391841453502e-04 0
3.09549750923973577e-01 -8.37888862158854900e-03 0
2.76027364321880742e-01 7.70300933577537390e-03 0
2.90978949518663987e-01 -4.90109028826539103e-03 0
3.01650587593168762e-01 -6.10687065158338526e-04 0
5.52959443411238150e-01 -1.06138287965827818e-01 0
3.10485156985262301e-01 -8.94630782641036605e-03 0
3.04968451889244041e-01 -2.25227120080635397e-02 0
2.93384763854641128e-01 -1.94760807105485365e-02 0
2.40229886601264986e-01 -5.79438435768136959e-02 0
3.84653508404838237e-02 -4.93455069288648799e-03 0
3.00304460771677106e-01 -9.48044002887744723e-04 0
3.00469917681993881e-01 -6.69229217795915118e-04 0
3.23839513475021767e-01 -2.44124879680366370e-02 0
3.73932052759862396e-02 -2.34054427274087463e-02 0
3.01916336202765645e-01 -3.36098782204048187e-03 0
2.94685549952471038e-01 -4.47361989001842601e-03 0
1.85413216161658762e-01 4.61359984111997454e-02 0
2.54236796281030242e-01 -4.27329531091286338e-02 0
2.98390152935430031e-01 -7.35400931137061213e-04 0
2.95294698409136802e-01 -1.40312871203509605e-03 0
3.15545832062260667e-01 -2.90523622575965083e-02 0
3.04561933006340269e-01 -4.85145764188949728e-03 0
2.89786989943525308e-01 -2.54476071998516878e-02 0
2.99351522438900730e-01 -8.94306117804114214e-04 0
3.00472095299369635e-01 -1.78146780225946341e-03 0
1.63898715801189115e-01 7.81890063683565867e-02 0
3.03976886503603938e-01 -1.15095958645674711e-03 0
3.48822680638807447e-01 -4.03268725180268364e-02 0
4.17344374629745440e-01 -7.87966460058275864e-03 0
2.55884775222056771e-01 7.87231035126366007e-04 0
2.99640199018039344e-01 -1.84155722736510652e-03 0
3.01614369448831965e-01 2.09094500748882329e-05 0
2.67190149993927928e-01 -6.65214490928553309e-02 0
2.18986591121695107e-01 -7.09229931625136589e-02 0
2.95424386706712061e-01 -9.91287340233561534e-03 0
1.77945404551724695e-01 -1.74976557826895779e-01 0
1.80220383896850078e-01 -7.42691528549648261e-02 0
2.55423324046363254e-01 -7.65430004963905536e-02 0
3.11870404637073384e-01 -4.69620158462956183e-05 0
2.89327652238200228e-01 3.74711831931755213e-04 0
1.25348931817264808e-01 1.59279809461796068e-01 0
2.87670287903108668e-01 -1.33266728630027833e-02 0
3.01643761919704545e-01 -1.59052890122636644e-03 0
3.01377553889322691e-01 -1.58935766674839609e-03 0
2.95707875306373269e-01 -4.03314037412134258e-03 0
1.90224745641808302e-01 3.98681545921009683e-02 0
2.94998751049937946e-01 1.38105510497121240e-04 0
3.42467849025368920e-01 -1.17618222979155404e-01 0
3.40179820923452114e-01 -3.49910993859216812e-02 0
1.06996829719939457e-01 -1.60626298869093909e-01 0
3.09496274155969531e-01 -4.69157575664096247e-03 0
1.59578535291136858e-01 -4.90578318503958263e-02 0
2.88925484062248050e-01 -1.26660075942638039e-03 0
3.01524759935481779e-01 -8.69110706225736343e-05 0
2.69027061531851297e-01 -5.13375513064421862e-02 0
1.35033245097905541e-01 3.21371373323144291e-02 0
2.92204575519471099e-01 -3.58520958266386703e-03 0
3.02311839217470513e-01 -3.15810179028341604e-04 0
2.98651342036443279e-01 -1.71810514904507727e-04 0
2.51823065345066266e-01 -7.17477967613299183e-02 0
3.01163386000370958e-01 -6.04861268629545284e-03 0
9.40474276802203274e-02 -5.14513987516553584e-02 0
2.97666303696327794e-01 -3.71652369550170831e-04 0
2.96770360616608442e-01 -2.00608353198227993e-03 0
3.01762905548714322e-01 1.05064019051102176e-04 0
3.05585679787856557e-01 -1.46365984418344672e-02 0
2.98508079071385768e-01 -1.15287017726655480e-03 0
1.94788187179104760e-01 -5.91852698501265512e-02 0
2.97920395926316972e-01 -7.22750074428102330e-04 0
2.96127693365027811e-01 -1.40956149288466254e-01 0
2.80815379894358785e-01 -6.95324683060553755e-02 0
2.96754829451571611e-01 -5.65733077862161631e-03 0
2.18004686646938201e-01 -8.44196190349945363e-02 0
2.98535174197677611e-01 -1.87501322545758324e-04 0
4.61643831794192161e-01 -7.81278435467934289e-03 0
2.80842743857875166e-01 -1.91111427964120928e-03 0
2.99909576548535783e-01 -9.41826496861784303e-03 0
3.03052205069762826e-01 -3.28834601542183236e-03 0
6.42102216513085328e-02 7.46171348259176415e-02 0
3.99282440389484572e-01 -1.83556508872070923e-01 0
3.00401177605189806e-01 -2.36878648273338181e-03 0
5.19889998314010948e-01 -1.36857841259103385e-01 0
1.77980760688305012e-01 -1.38183662433364163e-01 0
2.70075978937685368e-01 9.75800763109556553e-03 0
2.68535461013690469e-01 -6.67527412384824603e-02 0
3.03779781923681713e-01 -1.79228418990918462e-03 0
3.02082615612202343e-01 -1.42427534086278962e-03 0
1.01971149003001693e-01 -1.15824463121443844e-01 0
3.01902257629535264e-01 -1.66977035835932908e-03 0
2.91464860454391572e-01 -1.19071908772158176e-03 0
2.86900565525143314e-01 -4.98506033715814638e-03 0
1.98611653047272629e-01 1.20960483899321927e-03 0
3.01551139458321626e-01 4.94328382445854622e-05 0
2.97628174161561843e-01 -6.27405664791487851e-04 0
2.96143448317979563e-01 1.74960252459473816e-05 0
3.07167955063668840e-01 -3.76214777815167935e-03 0
2.95234244207613128e-01 -9.03819544109229003e-03 0
9.05803118852829686e-02 1.58356148209300551e-01 0
3.76825529808909876e-01 -6.62337028338897404e-02 0
2.00887185512835215e-01 1.48109746217950644e-02 0
2.94737269072338381e-01 -2.14085515383120699e-02 0
2.55764795781021959e-01 -7.10185021233771530e-02 0
2.47820500157956425e-01 -1.04221190094628630e-01 0
3.61495377366127968e-01 -1.97427884996128483e-01 0
3.01414218118045252e-01 4.99135827308659226e-05 0
3.89994925213988652e-01 2.63592804534040250e-03 0
2.84935732917217077e-01 -1.42277145650251846e-01 0
2.67157892883364501e-01 4.29295161607702678e-03 0
1.39515150832504292e-01 3.77374407430990585e-02 0
2.98961100558363890e-01 -1.63009679846726153e-04 0
3.08324045476142339e-01 -5.62002201556630488e-03 0
2.93990081801708214e-01 -9.96950659806174270e-05 0
3.01258361991254664e-01 -5.86761278096653116e-04 0
3.58099253306804810e-01 -1.58317712195078682e-02 0
2.92126657483939234e-01 -5.76715942253585266e-04 0
2.95919936957335150e-01 -1.10004767930078629e-02 0
1.60656296969610951e-01 1.29362764064819252e-01 0
3.00024396816764904e-01 -2.94248635829981193e-03 0
3.25835168341209125e-01 -2.11073740088353223e-01 0
3.01907698194344598e-01 -3.30074808101152653e-03 0
2.87930501591335763e-01 -7.77143173876926590e-03 0
3.03937379133196239e-01 -7.63346198747890271e-03 0
2.97803737830120152e-01 -1.17946736453267988e-03 0
2.99099506268426907e-01 -7.06294129518043857e-04 0
1.78781466251926202e-01 -8.88118601893311682e-02 0
2.82986362301113903e-01 3.74966864885037257e-03 0
2.97414419164162724e-01 -3.75324586079574946e-03 0
3.00480179549681370e-01 -4.75732452179169520e-03 0
2.98525166811760168e-01 -1.28236773940638583e-02 0
2.97024384510898576e-01 -3.71875521017861856e-04 0
3.59413353163660076e-01 -3.83156299448623103e-02 0
3.25884608193326708e-01 -5.79496356872585047e-03 0
2.63918583234484860e-01 6.86955148024727489e-03 0
2.90486253309325537e-01 -9.94001583888376260e-05 0
3.05707384111678138e-01 2.51787177337879692e-05 0
4.62593633074842095e-02 -2.35517747998485088e-03 0
3.08244289755465029e-01 -1.37501201797710841e-03 0
2.90236401455234660e-01 -2.36174195866123530e-02 0
1.32156557052595908e-01 -3.20466593188026214e-02 0
3.14052705909719176e-01 -1.24806958536938989e-01 0
3.78370155728898816e-01 -1.56958503218420481e-03 0
3.49732186760827179e-01 -6.64795070353264989e-02 0
2.59283091051565939e-01 -2.39249346241752654e-02 0
1.57956484764902788e-01 -1.70048261363428543e-02 0
2.91324262420066760e-01 -2.99401050965778610e-03 0
2.92695583106009571e-01 -1.76235624213331860e-02 0
2.21105102356435823e-01 7.56390860584649823e-03 0
1.11363409229928739e-01 1.38304037529539625e-01 0
3.01630295678316895e-01 -7.32515870649669970e-04 0
3.00547575612473805e-01 -6.53832593192689763e-04 0
2.97935922770475647e-01 -4.49301706210250963e-04 0
2.12480285461584067e-01 -5.28657919466363896e-02 0
3.47894485357555683e-01 -4.98680364107180543e-02 0
3.00096937779867512e-01 -1.69661099635333586e-03 0
2.00325634411832265e-01 3.54730617031928167e-02 0
2.99614170867262830e-01 -7.02748077983281726e-04 0
2.98823541071684351e-01 -8.98124807320383974e-04 0
3.03776880720795062e-01 -2.86896734843260616e-03 0
1.16930710921073308e-01 -1.25911633700659636e-01 0
3.01542104070727290e-01 -3.37740683011111863e-04 0
2.93073445565155855e-01 -1.55813350341982662e-03 0
2.44915051330188815e-01 -2.36039219418362686e-02 0
2.64411495877903802e-01 6.38597511222837276e-03 0
3.02123964328092798e-01 -3.11660986688569756e-03 0
2.84537187106976786e-01 -1.29399749531445458e-02 0
2.95490452035898910e-01 -3.10701549096913041e-02 0
6.50450694130275259e-02 -9.39617262136374296e-03 0
1.05213390294038575e-01 -1.11779376362546964e-01 0
2.98086868128783766e-01 -1.22693741181719015e-03 0
1.22861456150944778e-01 -3.02911242420521726e-02 0
3.35796718854945220e-01 -5.96781136457739531e-02 0
3.03585457221448196e-01 -8.00092283903574425e-03 0
3.38421610207423562e-01 -1.72216832758682846e-02 0
2.99310820502283248e-01 -1.27287892028407667e-03 0
3.02835606505117705e-01 -1.39339360262054715e-03 0
2.02272907053406586e-01 -2.04712589602829085e-04 0
2.99679118707880165e-01 -1.65680278455278729e-03 0
3.01811663978667322e-01 -7.79441581401599942e-03 0
1.15862626791553680e-01 3.78360527810543065e-02 0
2.97073528233360973e-01 -1.83641054824804518e-03 0
2.04495922252156320e-01 8.32384348101586347e-02 0
3.00685390936713648e-01 -1.66900044764443011e-03 0
3.10828244403182630e-01 -1.11672113435326292e-02 0
2.25276795782396982e-01 -3.74715039666926111e-02 0
2.71104258648893426e-01 -1.29197551254046743e-02 0
3.03994494125287396e-01 -1.06947173795603049e-04 0
1.02903920142237898e-01 -8.10325304323744958e-03 0
2.91304659727400772e-01 -1.14346650120003860e-03 0
2.99939503789766193e-01 -1.16800108900845783e-03 0
2.99051958594423739e-01 -1.87939117779649807e-04 0
1.83938710189644611e-01 1.34378609130770182e-01 0
6.29582322780235515e-02 7.56745632765001564e-02 0
3.68438005387250134e-01 -7.26402527321341057e-03 0
3.04917289344662168e-01 -8.75048009422978580e-05 0
2.99897283315018082e-01 -1.19249574525642733e-03 0
5.18384912427913846e-01 -9.83422613443938887e-02 0
3.00704692112598759e-01 -2.16682135289397943e-03 0
3.37735788133061932e-01 -2.65271526794083716e-02 0
1.09579303790385760e-01 1.69270751886845122e-01 0
2.79938545337213796e-01 -3.11539336413899472e-03 0
3.50745886563826326e-01 -1.81189071016418686e-02 0
2.73994574005417157e-01 -2.11868127710559059e-02 0
2.05144816662936907e-01 -1.98244220490022438e-01 0
3.01216551683526068e-01 -1.38171812022692378e-03 0
2.90381564269245829e-01 -1.04511240530662991e-01 0
3.02878600511320595e-01 -4.23170350848271065e-03 0
3.37376965396435469e-01 -4.00677729023054471e-02 0
5.74558961701519655e-01 -3.33205011392802841e-02 0
1.70709369051220167e-01 -3.34340971050736263e-02 0
5.31279724107157514e-01 -5.47619122172555220e-02 0
3.04603576312326485e-01 -5.09759328445794861e-03 0
2.97189150772588784e-01 -4.23364513768105500e-04 0
2.96218570213374943e-01 -1.55418611199137358e-03 0
2.14111834493118630e-01 3.14154626501101722e-02 0
5.00561519868637089e-02 9.07306740011702417e-02 0
4.96148664875662448e-01 -1.86592068195455069e-01 0
3.10150244270731124e-01 -1.51491890014176578e-04 0
3.09027118351515584e-01 -2.56632619495658465e-01 0
5.25196718341164326e-01 1.29352214343708537e-02 0
3.08380730794853564e-01 -3.28361950110581731e-04 0
2.88378551750204992e-01 9.96428091237455248e-04 0
3.01035994363123172e-01 -5.61433470250760798e-03 0
2.97271167632040256e-01 -4.34276848241728769e-02 0
2.76381719863407538e-01 -1.77821213789692741e-02 0
1.93980289854198296e-01 8.59170094778231516e-03 0
4.71385069059510498e-01 -1.85887631885996940e-01 0
3.01432089872771480e-01 -1.44514771569138043e-03 0
3.07562288911004789e-01 -1.53296638910138422e-04 0
2.33715141693818296e-01 -1.07073083858101794e-02 0
3.02742010363757752e-01 -4.38913788363922558e-03 0
4.85661470096911685e-02 2.32656609564380924e-02 0
3.00900583284301526e-01 -8.59967572464533786e-03 0
2.99695027808897896e-01 -1.00246417998802991e-03 0
2.42163165288844878e-01 -1.50432291547711178e-02 0
2.32331397059785366e-01 -2.18966214944296217e-01 0
2.98348881688074385e-01 1.38627178117097460e-04 0
2.97449240167948992e-01 -3.40961103235614890e-03 0
1.09276502542168585e-01 1.88925555830486480e-01 0
2.92610796740858381e-01 -1.81401472820166875e-03 0
2.97966818403558320e-01 -1.03706052426400701e-03 0
3.32785843361349531e-01 -7.32934019760956863e-03 0
2.96041269946022756e-01 -5.44799488198986857e-03 0
4.48049758534221909e-01 -3.09734211222970901e-02 0
3.14840804248839201e-01 -8.63442932289744045e-03 0
1.82319499506484267e-01 -3.05318470527158898e-03 0
3.17644536646916664e-01 -4.85865627097625263e-02 0
2.95435380850426588e-01 -8.40202866031378517e-03 0
2.96438201314901228e-01 -1.91705942808143600e-03 0
3.01067974895774026e-01 -4.40250778206154080e-04 0
2.58475703254456679e-01 -1.37406756769667876e-01 0
3.06663267615388313e-01 -7.58752080630995234e-03 0
3.10671547911903934e-01 -2.72928919695473206e-02 0
3.00836183679720426e-01 -5.01001632198398508e-02 0
2.27984003361537790e-01 -2.62410549446360601e-02 0
3.10736214999975835e-01 -4.87435038377898814e-03 0
2.92372139670718179e-01 -9.87735098883583615e-03 0
2.88247742440715160e-01 -2.85091574086762244e-04 0
1.22430890638692641e-01 -1.69033440833233906e-01 0
2.06178429282205811e-01 -6.55842822613916104e-02 0
3.14778099452711790e-01 -4.79296843611678580e-03 0
2.88591943155654174e-01 -6.71131190435562790e-03 0
2.96193480382614394e-01 -1.21461547149840266e-03 0
2.95844945842087925e-01 -5.40217820422702298e-03 0
3.05603238663319343e-01 -5.74456394401809678e-02 0
2.87357133091380668e-01 -6.02495669230405668e-03 0
4.76858392580057799e-01 -2.18517302550191445e-02 0
3.03391202299329810e-01 -2.70350783762176548e-02 0
2.96508454980170755e-01 -2.90312865422961573e-04 0
2.97331610125615819e-01 -7.29103021549544223e-03 0
3.00608905229896695e-01 -3.96425449076100427e-03 0
4.64017139244830956e-01 4.58026650545173986e-03 0
2.11100819624787245e-01 -1.47293705701916355e-02 0
3.00804008516083798e-01 -4.53646831612888619e-03 0
3.06755354810132830e-01 -1.35192171032526391e-02 0
3.03442929464774525e-01 -1.39339517061335132e-03 0
2.98806431051392707e-01 -2.61014898105142289e-04 0
4.75252079488386270e-01 -8.91615305226806654e-02 0
3.00151086403154410e-01 -2.37792178620390825e-03 0
2.97999252946901050e-01 -7.83603447663768263e-04 0
2.96585095689071931e-01 -7.12212763192424884e-04 0
2.57746513127538490e-01 -1.30871804404217501e-01 0
5.34832648743696418e-02 -9.67543500776869431e-02 0
2.34913705074492024e-01 -7.20036641850315545e-02 0
7.26152859671887890e-02 -4.37709314697806925e-02 0
1.06977651033297275e-01 1.67093936909457647e-01 0
3.01349681913184675e-01 -1.22251086679750010e-03 0
2.27700023182611871e-01 3.62176807499455591e-02 0
1.63728082751186499e-01 -4.11240971429055885e-02 0
3.56835519703071979e-01 -4.35615907710155334e-02 0
3.00786603841653344e-01 -1.36969368761490182e-03 0
3.04968948639456117e-01 -4.75404850238924639e-04 0
2.99370374641638071e-01 -2.14208564831003387e-03 0
2.94098799479919959e-01 -1.93812211802834658e-02 0
2.85664846239521042e-01 -1.99308102018629085e-03 0
2.90471640157557720e-01 -3.03831535076815214e-03 0
3.05602955088273898e-01 -9.02981557716463473e-04 0
3.38434397082626515e-01 -1.58414407652518546e-01 0
3.07617841726220531e-01 -6.41388439710245152e-03 0
1.64415329234848889e-01 -1.83685997858034550e-01 0
3.03213429135344270e-01 -7.27851975733233986e-03 0
2.98633467986764378e-01 -5.05932455706250357e-04 0
1.72952986688929750e-01 -2.37836196281670575e-01 0
2.95812815015875197e-01 -3.99290699335711277e-03 0
2.86265367785891289e-01 9.88614220567611557e-04 0
1.90683175881513234e-01 -9.68712727572405979e-02 0
2.94761861096932254e-01 -6.98670533617230674e-04 0
3.78561263696421624e-01 -1.13723658341837494e-01 0
2.98806675455027648e-01 -1.63606584947061928e-02 0
2.98799546812834105e-01 -1.88379617087667899e-03 0
3.04415837132236466e-01 8.29184759256333702e-05 0
2.79552485026394848e-01 -3.73699378429059384e-02 0
2.83747077498564482e-01 4.67842233798911305e-03 0
2.20361030101369787e-01 -1.92750476218032568e-01 0
3.41732191897932802e-01 -1.76317392727112950e-02 0
2.97945891420521469e-01 -1.44455491953776019e-03 0
2.98934638031285560e-01 -2.63861919273462528e-04 0
2.99011263785841030e-01 -6.06459885605284909e-04 0
3.02202962028659539e-01 -8.02730324323850004e-03 0
8.45928080906244440e-02 1.57766776790754792e-01 0
2.85069645472530830e-01 -1.58352576691572701e-03 0
2.92701935894991883e-01 -5.41531998800050176e-03 0
4.03293004509880593e-01 -2.88169618317099391e-02 0
3.01235737175855667e-01 -1.32159064090454199e-03 0
7.43964319148294334e-02 -1.81926489767438720e-01 0
3.13521814798932541e-01 -3.91017419773672451e-02 0
2.72655260896424223e-01 -1.04760481856403503e-02 0
1.67910535884933043e-01 -7.74517068770438043e-03 0
2.19916393542667093e-01 -1.09776401364071741e-01 0
5.26446526608891352e-01 -6.63122948938360268e-02 0
2.97968459170141364e-01 -5.53132894961420787e-03 0
4.55719295718283512e-01 -1.75879706316666995e-01 0
3.03597080972251077e-01 -2.26326297004649348e-03 0
2.81871522548917397e-01 3.20651788360761620e-03 0
2.98676769188438662e-01 -1.04320753880095068e-03 0
2.31997592769961097e-01 -5.07941489552320088e-02 0
2.88682306518281973e-01 -1.09410659730561442e-02 0
2.96458462609582252e-01 -7.39213726422809515e-03 0
2.05209930358133452e-01 7.76233968527040991e-03 0
3.88312046136316869e-01 -1.04312568979932394e-01 0
3.44061989864267281e-01 -5.57411911706838514e-02 0
2.34126672261414231e-01 -8.68837233362663441e-02 0
2.94519510892547132e-01 -9.76459919374045304e-03 0
4.91007212325912157e-01 -1.08910506199069279e-01 0
2.98431964061190602e-01 -6.13136727159332550e-03 0
2.73173146754559226e-01 -1.98532909440569727e-01 0
3.04037669792856569e-01 -2.36513729424723792e-03 0
1.83880829062673362e-01 1.94445537843192448e-02 0
1.37351154694313221e-01 -1.79566735887738589e-02 0
2.09877401242691636e-01 -1.30232501047952337e-01 0
4.73035533232532002e-01 -1.53610500649806331e-01 0
2.98710498497145815e-01 -1.02336597288403743e-02 0
2.92697779753198772e-01 -1.21577587417991545e-02 0
2.74537101424735031e-01 -1.28733408030641927e-01 0
2.96347991299142632e-01 -9.18908906986488591e-04 0
2.94131496635966883e-01 1.21038384225720104e-04 0
2.23612818394037766e-01 -3.22713405201050033e-02 0
3.05074847523346848e-01 -1.39064326384682798e-02 0
3.54398135503516842e-01 -5.42306863279703455e-02 0
3.01485225080901642e-01 -5.52677095544732290e-04 0
3.24747576686264972e-01 -3.52506206592679214e-02 0
3.01011211017502112e-01 -5.94052475696716905e-04 0
3.01513944332833683e-01 -2.96986039756534084e-03 0
2.92999304764964830e-01 -4.44059670115133209e-03 0
1.83973995963986697e-01 6.73187311314650885e-03 0
3.05443551710598282e-01 -1.99441973390634929e-02 0
2.91240951939508219e-01 -9.32024198762962039e-03 0
2.96077733348403649e-01 -6.22725138028494812e-03 0
1.61458785801922133e-01 1.15134115437463009e-02 0
2.94211159489359164e-01 -5.04528510832106831e-04 0
3.01764505419828299e-01 1.17320276513204838e-04 0
3.05073542607357306e-01 -5.84869349556108292e-03 0
2.87455897573326624e-01 -9.35654871511119868e-03 0
3.16723124395699773e-01 -5.76029295589513299e-04 0
2.99020234846703148e-01 -1.90653252756629345e-03 0
3.04534173537623687e-01 -2.62348331516645307e-02 0
3.44956490977202601e-01 -1.73630215406505375e-02 0
2.93642701214588631e-01 -3.06194188800017414e-03 0
2.42022103807508771e-01 -2.79062230548080166e-03 0
3.07367775798254861e-01 -2.65276887952298679e-03 0
3.01296595803539180e-01 -1.76413999051804629e-04 0
2.83392781766950264e-01 -6.34326578493155124e-04 0
2.84653957303733440e-01 -1.62910061813286849e-01 0
2.96651989737214461e-01 -4.65832057018145292e-03 0
2.99162732079895466e-01 -6.17524915008236109e-04 0
2.86183158775936863e-01 -5.87864758416397509e-04 0
2.60898364372670777e-01 3.45916363758622765e-03 0
2.78313625449888746e-01 6.43419768305015204e-03 0
2.77786010403834716e-01 6.43025256153157733e-03 0
3.04130717184313948e-01 -2.14047597295423950e-03 0
3.01808576873215995e-01 -3.95652709782520588e-03 0
1.54833837792210521e-01 -2.28832077202006656e-01 0
3.15800246057212020e-01 -3.50331036464922134e-03 0
2.88118838846269543e-01 2.31703855854023489e-03 0
2.95105426249234026e-01 2.26695226907535334e-04 0
1.74946378691067717e-01 -5.71350810226158717e-02 0
3.46518612973823470e-01 -3.88341988033719457e-02 0
3.03540991162575657e-01 -1.22465222144681326e-03 0
2.97960603443182315e-01 -3.58753793320261459e-03 0
2.96244216846731578e-01 4.56799287896425316e-04 0
1.15191024071524636e-01 -7.84746067807476494e-02 0
1.34690994067027614e-01 -1.28522173425878988e-01 0
1.32052635479286612e-01 -2.09168133858673777e-01 0
3.31762389356949128e-01 -2.48641079189961915e-02 0
2.97857583158650407e-01 1.97338437501716387e-04 0
2.23814698823402908e-01 1.42091636095258295e-02 0
3.00283953345105437e-01 -2.07535181570167506e-03 0
3.00445883836132299e-01 -1.15022966974803525e-03 0
7.08772606209256001e-02 -9.97633413375190320e-02 0
3.01586090361514736e-01 -7.21884456187336845e-03 0
2.73207980616338109e-01 -9.81890418783548484e-03 0
3.00142285318358237e-01 -1.76490887487984471e-02 0
2.97877774018913799e-01 -4.46632397940116598e-04 0
2.33758898553960481e-01 3.94897532767132936e-02 0
1.23198743850464310e-01 1.01547162733655577e-01 0
2.99451042472495321e-01 -2.32327606889322488e-03 0
2.08000624438739790e-01 -2.17756002978043595e-01 0
3.08385537139662935e-01 -9.94932821668391421e-03 0
3.07672567113674911e-01 -1.07948120289650847e-02 0
3.02741787072322133e-01 -2.47768558642249507e-03 0
3.05046103646228972e-01 -4.13223205448765701e-03 0
3.31863780148214771e-01 -9.06451989815409004e-02 0
2.76556988253291447e-01 -4.36372409002386691e-02 0
2.96553627337968695e-01 -6.90262088399101314e-03 0
1.86567111075566283e-01 1.71432288862630899e-01 0
3.06082958357222767e-01 -3.06007024081591875e-02 0
2.69305292551932640e-01 -1.15981958573589269e-01 0
2.99612327447802140e-01 -1.72430462911951372e-03 0
5.21245177396397419e-01 -8.82402977506592662e-02 0
2.54242714367571454e-01 -5.52147411603713320e-02 0
3.17836075682873642e-01 -1.28407219813033185e-01 0
4.12941235253706740e-01 -6.04005911585881686e-03 0
2.21426265830167640e-01 -1.22539307460729649e-01 0
4.36413776789133345e-01 -3.95172348679464283e-02 0
2.74681995824220371e-01 5.65937048712770140e-03 0
3.01806186558977230e-01 -6.21899796656109026e-03 0
4.93621249767270176e-01 -3.65981747910747376e-02 0
3.08808118051832170e-01 -1.13846187980900012e-02 0
2.13439231823143338e-01 -1.17262899624081887e-02 0
2.71199081418864119e-01 -1.33099345400971240e-02 0
3.04707113844984168e-01 -6.82568903011664639e-03 0
3.01263514133551014e-01 -1.29599650293801910e-01 0
3.98450940837202838e-01 -1.94869084131563015e-02 0
2.45592023103027302e-01 -2.84450799557335703e-02 0
3.87250388641075916e-01 -1.47944011694567418e-01 0
3.21055932541629507e-01 -2.74298245359600118e-04 0
2.99548289975176518e-01 -7.44130956270248824e-04 0
4.10696832910070961e-02 6.63034358997131174e-02 0
3.07565506973535074e-01 -2.53596073993138486e-02 0
3.42793559601222209e-01 -7.03391400718876431e-02 0
1.68807624210875251e-01 -2.38991300808172429e-02 0
2.96706507683249243e-01 -4.10427840117588618e-03 0
3.38230466596573631e-01 -8.56147595133152778e-02 0
3.09032692305706513e-01 -1.06189423869594776e-02 0
1.14732397249832613e-01 -8.02460179870127521e-02 0
1.91112584738088565e-01 2.33830629014064262e-01 0
3.00481567276827288e-01 -1.08874552674389298e-03 0
3.02587012392540877e-01 4.02895962840038897e-05 0
2.30705535843058196e-01 -2.26189595920424265e-02 0
3.10311183533630242e-01 -1.59583311060962685e-01 0
2.14825812052697990e-01 2.73419985590700430e-02 0
2.69781255726432356e-01 -2.04672956782803589e-02 0
3.54236940881506479e-01 -2.41869181052746351e-01 0
5.77423471714115566e-01 -5.47996830786049369e-02 0
2.90212970456378561e-01 -1.53967098185292112e-02 0
2.98430971123848421e-01 -1.05537173444246782e-03 0
2.07884655523825845e-01 8.68320146685656533e-03 0
9.95066787130959307e-02 -6.37002580152996045e-02 0
3.34608712782735129e-01 -2.11736159214756352e-02 0
3.32915982789427967e-01 -1.60024392363568801e-01 0
2.63681841461735733e-01 -4.34013905060651045e-02 0
3.13398648754216469e-01 -5.37372176018174191e-03 0
2.97065766560563327e-01 -5.32943410677429261e-03 0
3.84281058814420040e-01 -5.88835186751523673e-02 0
3.15538550834585041e-01 -1.03901774835371639e-02 0
3.02555176986728347e-01 -2.47324729006607208e-01 0
2.98476702006850669e-01 -1.49656599544897712e-02 0
5.91848026096794891e-02 -1.82664106240992621e-02 0
2.96021987881335602e-01 -1.86425939272404128e-03 0
3.02913259347102559e-01 -2.31172653308665344e-03 0
3.00681578566863172e-01 -2.01848283803416012e-03 0
8.82108827876186691e-02 -1.18503151385470934e-01 0
2.54774070448945456e-01 -5.66618089121316906e-02 0
4.68300963986416408e-01 2.58439549243855218e-02 0
2.94731602623678979e-01 -1.64093592412409769e-02 0
3.00778373636366059e-01 -5.29333268034495701e-03 0
1.96856217022966379e-01 6.53507983104679585e-02 0
3.72919913154867791e-02 3.09711438145767563e-02 0
3.04277193568101123e-01 -5.34660743979394476e-02 0
3.04025693985106538e-01 -7.18551629160521532e-04 0
5.33783788909292567e-01 -2.05703970549984232e-02 0
3.00871178683522533e-01 -1.53109769954325008e-03 0
1.94792202811310350e-01 7.57067358980140631e-02 0
2.29483884147766465e-01 -2.56418207633791889e-02 0
3.02336399917149445e-01 2.86489820725113096e-05 0
3.01755098948613187e-01 -4.78169285760092478e-04 0
3.06332878168388945e-01 -4.80158291104787471e-02 0
1.02651626943536106e-01 -1.83020995970176625e-01 0
2.96626336232197307e-01 -8.43430799716324135e-05 0
2.84792435200671712e-01 1.70394541480549887e-03 0
2.73769168982959388e-01 -1.69506287201433362e-02 0
2.98870372783033578e-01 -9.45029082873262705e-02 0
3.12676405497598009e-01 -5.26652925250241290e-03 0
4.82723544221359213e-01 -3.58556748414532514e-02 0
2.80403589178151891e-01 -1.90500227268175330e-02 0
9.47114901506018875e-02 -1.62097254843712457e-01 0
2.88348984099025707e-01 -6.54237954436351528e-03 0
2.98635986046229207e-01 -1.45656041066890055e-03 0
3.13954119149440380e-01 -5.79418444692809884e-02 0
1.90173333209241846e-01 -4.69390069852615791e-02 0
3.00769604003662649e-01 -1.36841136303862123e-03 0
1.56376716427648110e-01 6.22166727994100319e-02 0
2.92023331904156247e-01 4.10081632535927302e-05 0
2.02490690644548027e-01 -3.64082903154963541e-02 0
4.00256073775137777e-01 4.42870858256707613e-03 0
2.19629165073539412e-01 -1.17370282616490212e-01 0
2.83542210543242523e-01 2.46140256712807813e-03 0
2.53566744345983530e-01 1.01181207154813768e-02 0
3.65687959977842314e-01 -1.60878215709739994e-02 0
3.06049825245846618e-01 -5.60228422682447404e-03 0
2.92682697114574730e-01 -2.51266168315833149e-01 0
3.27816839903834256e-01 -1.77718111256547247e-02 0
3.00626632839799235e-01 -3.00031640586549860e-03 0
4.98344386109084228e-02 2.77402585519814643e-02 0
3.53089584213137575e-01 -1.01490450852531125e-02 0
3.04351274466407529e-01 -3.67486687011487415e-02 0
2.97697921591884851e-01 -5.15885136333871838e-03 0
2.99118439538257452e-01 -2.18167939346771984e-04 0
3.29014442785783623e-01 -7.38155230724659925e-03 0
4.46786013099906731e-01 -1.86090421751831742e-01 0
3.05351594185578168e-01 -5.06239516396340700e-03 0
2.93965763724784779e-01 -9.75550435221452655e-03 0
3.00589607852549345e-01 -1.77874241759527416e-03 0
3.18869412903700133e-01 -8.50729491600206028e-02 0
2.97930445400949040e-01 -9.36603510913831296e-03 0
2.98769064091888803e-01 -1.20810609138383976e-03 0
3.05911323204850982e-01 -1.71977963691159383e-03 0
3.07350663111064903e-01 -1.92413148055670565e-02 0
3.01804440114998462e-01 -2.34788718571723014e-05 0
3.40780794051503355e-01 -1.88788005366199779e-03 0
2.91518280921410522e-01 -7.73426022417179372e-03 0
2.83193296569914876e-01 -1.87989709875007668e-02 0
3.02308782696563527e-01 -1.03887660497886756e-03 0
1.11603331048613211e-01 -7.84797362078183403e-02 0
2.83125113136858952e-01 1.99782974306158233e-03 0
9.33965749550925706e-02 1.24764952697101333e-01 0
3.53085663008076200e-01 -1.15345615264052653e-02 0
4.16463921523111458e-01 -3.85685630342025298e-02 0
5.69872520495851353e-01 -8.15097078470893716e-02 0
2.26319952780902389e-01 -2.08788513251798619e-01 0
3.01069116674550497e-01 -9.21109551945260147e-04 0
3.00903293732534660e-01 -4.39038640037943233e-03 0
2.53455121373005410e-01 -1.58841891596071252e-03 0
2.79291671900673111e-01 -4.64203735932626049e-03 0
1.69804434536071969e-01 1.96980663551665110e-02 0
3.02861131435874786e-01 -1.51087367456247505e-02 0
2.56500350130513421e-01 -1.79650429415092960e-01 0
2.99205078835768967e-01 -9.13896021743654274e-04 0
4.85995926257444255e-01 -1.17399714451598497e-01 0
2.55796712051664710e-01 -1.17487995670601617e-02 0
3.11539908493173867e-01 -7.39423949384394961e-03 0
4.97387752553146156e-01 -9.13628218046848295e-02 0
9.28601240599284256e-02 1.16724083672725118e-01 0
2.98675891643917391e-01 -1.44876483058994270e-03 0
3.00097475216846654e-01 -4.77584418857239582e-02 0
2.98698295710909278e-01 -1.22795144268357612e-03 0
2.62098863639607660e-01 -1.49390093874970779e-03 0
2.97047916297921488e-01 -1.27323709459504662e-03 0
2.93741527292936899e-01 -3.09114742439696227e-03 0
3.03982882795496900e-01 -6.51661689569719704e-02 0
3.02619257007972098e-01 -1.03898059866688441e-03 0
1.63617592534447909e-01 -1.13769972681420029e-01 0
3.03324930407552207e-01 -1.47360765277031788e-02 0
1.29393116747442694e-01 1.47614012498561292e-01 0
2.66640805230212330e-01 -6.03716622737358946e-02 0
2.68274337686316477e-01 -2.47691055430849905e-01 0
3.01019252811666138e-01 -1.00471838317644168e-03 0
3.49185516639831606e-01 -3.51324863279091609e-03 0
2.22627521789492105e-01 -2.55891928456808034e-02 0
2.99332463814601324e-01 -6.61451580523125414e-04 0
2.74928754275837239e-01 -1.37904157331937387e-02 0
2.99178998919814865e-01 -7.13776111230246101e-04 0
2.92313190070311202e-01 -6.45913193422518496e-03 0
2.73765560458441803e-01 -3.40440441405034109e-03 0
1.92006260967322290e-01 9.66611608250983294e-03 0
2.94008996435371928e-01 5.44584677935797969e-04 0
3.11733130947603743e-01 -1.94296057777760878e-01 0
2.99400180095279023e-01 -2.98752047388173465e-03 0
3.02019178749211581e-01 -8.94436059903738951e-04 0
3.72929659820970649e-01 -1.84705374400285893e-01 0
3.66973704694012248e-01 -2.96266393040608249e-02 0
2.94126704169696218e-01 6.89788798275058242e-04 0
2.88468670990609410e-01 2.72109006932839872e-03 0
4.00908254561292199e-01 -1.28984513024130304e-02 0
1.06688522621396512e-01 -1.01052946722092779e-01 0
2.24854155755198820e-01 -1.92657409420536135e-01 0
2.69168026285114603e-01 -1.04636096356408442e-01 0
2.06474908198323370e-01 -7.60178819694418834e-02 0
2.98435254993737464e-01 -2.01142252856572994e-03 0
2.66670398481661963e-01 -6.58969168191177591e-04 0
2.79166731100022603e-01 -9.23264791879105373e-03 0
3.02585850118278543e-01 -2.54160912981920715e-04 0
4.69271525681122459e-01 -2.26588050835761154e-02 0
3.02244277280443396e-01 -3.59512535054302930e-03 0
3.03876550671893841e-01 -1.29314056762502815e-02 0
1.75357593392358707e-01 -9.30334279201262687e-02 0
2.97958267337914751e-01 -1.92467373149556205e-03 0
3.32609833121705112e-01 -8.11657939286778221e-03 0
2.18006476010423306e-01 1.74970772896029074e-02 0
1.84138970749906344e-01 -6.59541423901774913e-03 0
2.22887572763787456e-01 -4.80051483565503007e-02 0
3.02598050863801038e-01 -3.64959974260308428e-04 0
3.02211766931736736e-01 -2.96642563064456388e-03 0
3.04294129436260219e-01 -1.85860864710041458e-03 0
1.34580508977526964e-01 -1.91061013951621700e-01 0
2.93318563989277858e-01 -7.31081604939127789e-03 0
3.00759042450202407e-01 -6.30947123090382154e-04 0
7.64152283969386920e-02 6.54303012448738119e-02 0
2.97340485744631844e-01 -7.13045919787082521e-03 0
3.02308766665278394e-01 -9.42282984065616661e-04 0
2.54028060777435616e-01 -6.67618789302077686e-02 0
2.73018441133217382e-01 -3.10630986034430255e-02 0
3.03162695879776456e-01 -2.94493250659964585e-03 0
3.49747452077391330e-01 -2.17606929810664797e-02 0
2.39467859895857532e-01 -3.05885743440865027e-02 0
2.91404853631236693e-01 -1.96139557337063397e-01 0
2.63137189359837376e-01 -5.09655804613449222e-03 0
3.11409946180362440e-01 -6.19194255552822162e-02 0
3.00656079334433335e-01 -5.84288717612157821e-04 0
3.25881225906517358e-01 -8.70713478429511502e-03 0
3.00665953180544177e-01 -2.95530632936730295e-03 0
2.83764409187602651e-01 -1.53497018023982159e-02 0
2.94411685746930774e-01 -1.13480143767636971e-03 0
2.94752226107686366e-01 -1.53631756231387504e-02 0
1.62864898780093498e-01 -9.88939485218561370e-02 0
2.98193442359374394e-01 -1.01470421195274329e-03 0
2.53030299914425216e-01 -1.60805112650081149e-02 0
3.04823003394093406e-01 -8.09700987071859473e-04 0
2.99263981481549479e-01 -7.04899488255268832e-04 0
3.02714525136815293e-01 -2.49028870721906270e-02 0
2.98345131107845274e-01 -6.93633162786711464e-03 0
3.00619642278312449e-01 -1.51291664611962568e-03 0
1.27791135884667728e-01 -1.90866246913663828e-01 0
2.96103232928616067e-01 -1.14997239151377949e-03 0
2.23152268750471672e-01 3.59569541123362438e-02 0
2.95178260557503236e-01 -2.06682135190264325e-03 0
2.85786129955899526e-01 1.98111156049388592e-03 0
3.60509236356082730e-01 -2.39393202103213888e-02 0
1.70689630626374295e-01 1.72803357422514958e-01 0
2.44119110613677720e-01 1.86611493669474326e-02 0
2.80570147555760374e-01 -9.96057315260919125e-03 0
3.55043217961926505e-01 -1.49605025089573435e-01 0
3.14773881490553964e-01 -2.26083891640975511e-02 0
2.94171314976668152e-01 -8.78388704850585622e-03 0
2.80464591391022089e-01 -3.71556282241267896e-02 0
2.86145549003777255e-01 -3.74465684738005140e-03 0
2.77257284515059821e-01 -2.01475112721793102e-03 0
2.95806618566432200e-01 2.27159036330386261e-04 0
2.81923722879033334e-01 -1.16011527097865355e-03 0
1.81691599265606490e-01 6.03222623080241563e-02 0
2.64539306382202910e-01 -9.18099989080316675e-02 0
3.12589741775849972e-01 -9.60348462109591235e-04 0
2.71780627597945912e-01 -7.74706912247175167e-02 0
2.96776675834261594e-01 -5.96009984341884578e-04 0
2.96341915247919196e-01 -2.43011292207842913e-03 0
3.00442631995088194e-01 -1.38850418963167564e-03 0
6.88770703754438968e-02 1.43874341143719418e-02 0
3.03125267085761874e-01 -4.75685589593202122e-03 0
1.78479633856541392e-01 -1.55757407801636345e-02 0
1.86290808550428372e-01 2.22502599363731375e-03 0
2.03055620187112040e-01 -4.58313195499215828e-02 0
2.45274663133027149e-01 -2.01567426670374750e-01 0
4.14450391929493789e-01 -4.83054512805395422e-02 0
1.62618904811389825e-01 1.45590087778753291e-01 0
1.91917039456527050e-01 -8.64771191576006043e-03 0
2.93774335935479247e-01 -7.26112068563032273e-03 0
2.79389942297858518e-01 5.10476481697589440e-03 0
2.97716268101786474e-01 -4.74918626853129428e-03 0
3.05714899349390890e-01 -1.62141318865962193e-03 0
2.25786794001489127e-01 1.13029609667987911e-02 0
2.67287196399421001e-01 -7.62757700267830199e-03 0
3.02083039459171421e-01 -6.50304433339716527e-03 0
2.97939168000013632e-01 -2.17189170726727991e-03 0
2.99384048126322022e-01 -2.07361464769717290e-03 0
2.07067602942807238e-01 -1.20762188799286116e-01 0
3.00285832919131523e-01 -2.22843324813934863e-03 0
2.78366812308140088e-01 -1.47604364064314736e-02 0
2.98586228342652027e-01 -4.26850882245688879e-04 0
3.24218252434156640e-01 -4.62867167316743516e-02 0
2.92397431841785405e-01 -3.58587626252933626e-04 0
2.98192013536952849e-01 -5.54282054455366990e-04 0
7.39647464471355764e-02 1.21214315573112116e-01 0
3.09283695302770389e-01 -8.28767014763449189e-03 0
3.48920000442476508e-01 -2.57995805515485489e-02 0
3.01459126621507145e-01 -2.63047917939587166e-03 0
3.11393351770543336e-01 -3.34566160080833732e-03 0
3.00403661771405039e-01 -1.44722401184973841e-03 0
4.61136109681728801e-01 -8.27402472928929766e-02 0
2.02299985968483947e-01 -8.59406986467765310e-02 0
2.98026186196405973e-01 -3.36793630581004371e-03 0
2.83555803911860138e-01 1.08952672676579767e-03 0
3.05380108898078595e-01 -4.86218851941697984e-03 0
2.36707375768038686e-01 -2.52615166641790123e-01 0
2.97966163343810320e-01 -1.36928646394897033e-03 0
3.02114891162727994e-01 -7.46989259480495345e-04 0
3.08541154342705015e-01 -7.19771290141302082e-03 0
5.70143820996570017e-01 1.33660943759320531e-02 0
4.82644904937088393e-01 -1.28820417813963722e-01 0
3.00094363025080912e-01 -1.24340774219709694e-03 0
3.32930463422142053e-01 -3.33404293720003589e-02 0
2.89851734311119602e-01 -1.98584178049631592e-03 0
3.03993676386887846e-01 -1.13044744910797551e-01 0
2.22496557284538182e-01 -1.61004871074251932e-01 0
2.95335187526409304e-01 -1.28108748795194315e-03 0
3.23654997217401375e-01 -6.95374218211094325e-02 0
3.77410597679734450e-01 -3.16847613175474524e-02 0
3.01881449372508048e-01 -1.36011984249481827e-02 0
3.39263916511263752e-01 -5.93177845179458998e-02 0
3.01508498293163840e-01 -6.92643838925899400e-03 0
2.19609587529584954e-01 -7.43673868411897244e-03 0
2.96820461110204770e-01 -1.66981309351129184e-03 0
3.13620014808012826e-01 -1.01261416584043085e-02 0
1.94316962528951254e-01 6.81243826371706745e-02 0
3.05088832964055090e-01 -1.23421293459594801e-02 0
2.96400546694338962e-01 -6.38565937311188960e-03 0
3.38855930250853032e-01 -5.91461740375336109e-03 0
3.41824197488201920e-01 -6.36640233881495977e-03 0
2.06683971165505187e-01 -1.73630620681298545e-02 0
3.68410085407059829e-01 -1.40043999739324021e-01 0
3.00274806156594631e-01 -7.04058640540563109e-04 0
2.11840966470252301e-01 -6.88221504213339941e-02 0
3.15971527139234321e-01 -6.47402080384688276e-03 0
3.00561494100926918e-01 -7.74452654978724422e-03 0
2.99751473976307470e-01 -8.66656130853637671e-03 0
2.99035037725768948e-01 -1.46857566214316851e-02 0
2.58325221909049330e-01 1.82199241227362987e-02 0
3.18760390317051112e-01 -7.45374461404885169e-02 0
3.08493077135672811e-01 -3.54563145135755181e-02 0
2.81405013950213022e-02 -3.56324081148419736e-02 0
2.21341572376360818e-01 -2.40467097895719961e-01 0
2.19530496421325494e-01 -1.80012697586438813e-01 0
3.06542649655757116e-01 -1.53579288948451145e-03 0
2.93437295439667067e-01 -7.76654596419361354e-02 0
2.74053788042202040e-01 -1.61788627796502667e-02 0
2.77853258710721807e-01 1.13418676418296357e-03 0
3.37005381190607634e-01 -1.24135240132556713e-02 0
2.89999093372498407e-01 -2.15793461835326640e-03 0
2.90151048563029978e-01 -3.74772901168403186e-02 0
2.19500493783787581e-01 -2.31670538991397591e-02 0
9.07502164391053162e-02 3.47406564678690924e-02 0
2.98672537840161623e-01 2.87413656572204294e-05 0
3.05068196965803062e-01 -1.35763780118952886e-03 0
2.99323765149502596e-01 -2.75382652381703794e-03 0
4.31851517231847948e-01 -5.50841104014405739e-02 0
9.15709193629257456e-02 1.77207307223666177e-01 0
2.96728702481328599e-01 -1.63166096125216570e-01 0
2.83679327339198928e-01 -1.59857388452840088e-02 0
2.99073978383718686e-01 -1.28734153759520469e-03 0
2.98441695730734202e-01 -3.45118249931472554e-03 0
3.43060900293129800e-01 5.73081930571129185e-04 0
1.25346981051492834e-01 -6.53942542615108952e-02 0
2.80122868832086258e-01 -4.38265222917774075e-02 0
3.00654845568579077e-01 -1.24435768540638396e-03 0
3.00576565111126959e-01 -9.43049949327914080e-04 0
2.99692096131699781e-01 -2.36141006721049323e-03 0
5.71573009714212654e-01 -2.62436527002374020e-02 0
2.95381392149313360e-01 -5.90463453704889382e-02 0
2.92561752801697939e-01 -1.08217932820008737e-02 0
2.33504997484183213e-01 3.49587973377921690e-02 0
3.66262730373557555e-01 -5.28275228828680860e-02 0
3.12195034246971426e-01 -7.82148273537950668e-03 0
3.36559186254420939e-01 -1.57283971775819265e-02 0
2.89526179731894651e-01 -8.34144169665270753e-04 0
3.08692747019564673e-01 -5.08476398669366293e-04 0
2.99515218514428472e-01 -1.29348935557095516e-03 0
2.99100985770680061e-01 -3.92505370123254497e-04 0
3.02317102029158236e-01 -1.72236865721180285e-02 0
2.80265987784452386e-01 -1.78393456160456376e-02 0
3.03829641723392774e-01 -4.07293975030932013e-03 0
2.96747313020650882e-01 -4.16144444354275226e-03 0
2.92653283021712118e-01 -6.83901502200587536e-04 0
3.34163160383664504e-01 -3.70404286720087041e-03 0
2.09228817626415070e-01 -6.16639962038651526e-02 0
2.96959247216579514e-01 -6.54315383888064758e-03 0
2.99528773770414147e-01 -6.71979770356054946e-04 0
6.94777064068548000e-02 1.04087627079604058e-02 0
2.98751274379466580e-01 -7.59161820103821175e-05 0
1.38120235363582061e-01 -1.43275287121150448e-02 0
4.31507014663218613e-01 -4.03914950155355931e-02 0
3.97765421462750179e-01 -9.22425098383703734e-02 0
2.83108959887131639e-01 -1.79881517487057684e-02 0
3.03049775618359385e-01 -5.82645793238523928e-04 0
2.99222300850460643e-01 -1.37470137778299031e-03 0
2.97960211581349832e-01 -1.80577782379905995e-03 0
2.99069644730719064e-01 -2.98054241683774572e-04 0
2.61879650123240049e-01 -2.18726386902926076e-02 0
2.94924125277608806e-01 -1.14605754736605485e-03 0
2.16923584075240455e-01 4.13473154159454681e-02 0
2.20854516065156103e-01 -7.92313366803611280e-02 0
2.71569700906809763e-01 -2.08059815814442689e-02 0
3.22468861917278415e-01 -2.43092599769391710e-01 0
2.51848200305757497e-01 -5.70979626265199353e-02 0
2.96757226866738333e-01 -1.13585181664606349e-05 0
1.43345549538211586e-02 1.25310160713101008e-04 0
2.63274996348405177e-01 -1.76828353296283498e-02 0
2.09532098394720590e-01 7.32207470130347288e-02 0
1.78663395052449797e-01 -1.34041849864397045e-01 0
1.13321383223934674e-01 -9.45869798482317919e-02 0
3.01754955961139992e-01 -2.82514259285302155e-03 0
1.83599466414512552e-01 -1.93670779647771046e-01 0
2.99513421643692823e-01 -1.05657199487722538e-03 0
2.73126464097117938e-01 -1.47189718669564207e-01 0
2.92045845189112141e-01 -7.03637483815243350e-03 0
4.65407256121063484e-01 2.73814446953735587e-02 0
3.12339598735314861e-01 4.21539341335458505e-04 0
4.61880464106317265e-02 1.06496284455556617e-01 0
1.12976672665998298e-01 7.28177955814551664e-02 0
3.00015601043679858e-01 -2.19684341471016592e-03 0
3.96390466344108960e-02 -1.05159847281950644e-01 0
3.01202670335305234e-01 -8.66694671963215749e-04 0
2.39996015268926416e-01 -3.09655735282964827e-02 0
1.26684900479905549e-01 -6.14833861316814098e-02 0
3.76421476068293792e-01 -1.43080728741819513e-01 0
2.98758884307367523e-01 -2.62847312407020635e-04 0
3.03953406869847953e-01 -1.33945271300815022e-03 0
2.98497655123565353e-01 -1.71581580556849568e-03 0
2.26519120301654567e-02 5.20671086349386953e-04 0
2.66381050256069396e-01 -2.52767482293324748e-02 0
3.86021638363466479e-01 8.72204963002316119e-03 0
2.97920799382109802e-01 -2.04195286613514243e-03 0
3.01327056221945055e-01 -2.28594589067794432e-03 0
3.01539128015070490e-01 -3.57368647753446744e-04 0
2.95857658715503513e-01 -1.36847707980880789e-02 0
2.97412090864861978e-01 -2.58671720488693694e-04 0
3.02002340118772028e-01 -1.00403584734424026e-03 0
2.90289072288364036e-01 -4.53081305790032710e-02 0
1.88813462106423441e-01 -9.21859590382666932e-02 0
3.07735531624092173e-01 -8.99250306145925001e-04 0
1.99369469501548296e-01 1.62727355105791345e-02 0
3.68245640134499508e-01 -1.63808607941085954e-01 0
3.01231525600940409e-01 -1.55706194451407561e-04 0
3.38145476517665577e-01 -1.38092848823661130e-01 0
3.91378673126364041e-01 -1.32147537201794452e-01 0
2.94677037024471955e-01 -7.02510035125340564e-05 0
1.13198820063877950e-01 4.27227600779460804e-03 0
3.70889224575569609e-02 -1.04398123071050994e-01 0
1.85047074741296169e-01 1.58112399942382936e-01 0
2.79407732568117906e-01 -2.90806204311912578e-03 0
3.39341832272477717e-01 -8.07278003501724940e-03 0
3.01137105866369770e-01 -1.45789314853364484e-03 0
2.97638770500504080e-01 -1.07876586507063641e-04 0
3.19648683632694941e-01 -3.62451803760628763e-03 0
2.47864978976080341e-01 -2.67495413833763705e-02 0
1.14072642966211210e-01 3.32292021516246991e-03 0
5.70556943235358438e-01 -5.41551033254560679e-02 0
2.82453936092230296e-01 -5.68900419130736069e-03 0
3.47044593901022713e-01 -2.63633473273921060e-01 0
2.87049618112947491e-01 2.83420433715746893e-03 0
2.84790072132028671e-01 3.14201496819365442e-03 0
4.92791111549283178e-01 -9.62849255765142048e-02 0
2.58447572142472326e-01 -2.33298198060411466e-01 0
2.97741605604544990e-01 9.19419066637716274e-05 0
4.37840397739313880e-01 -3.04227098020379942e-02 0
2.98440556915631261e-01 -6.82406159898097005e-03 0
1.42064854506246036e-01 -1.00929785623272344e-01 0
3.01202742227688780e-01 -9.67545882146796142e-04 0
2.94838878301294516e-01 -1.45726892535639639e-03 0
8.44975710247461986e-02 1.09916220244917415e-01 0
2.55487559685304955e-01 -4.83511609144203075e-02 0
2.95499335870151980e-01 -1.51577131209874247e-02 0
5.14902677130718134e-01 -4.59384767942776426e-02 0
4.02600510809861645e-01 -1.14635802468989079e-01 0
2.99784595904836582e-01 -7.07286104202932637e-04 0
2.81608496428490340e-01 -1.79379460663998291e-01 0
2.99510158586859365e-01 -1.45832610526244483e-03 0
2.86397321433653596e-01 -5.76413962297484873e-04 0
3.06215616101727317e-01 -1.11072180729035602e-02 0
3.44263754573738090e-01 -4.80789491255863982e-02 0
6.34691766484269254e-02 1.26175871724789113e-01 0
5.28079483894753232e-01 -1.51416667148696171e-01 0
2.89933626119873888e-01 -3.87674982147331176e-02 0
3.06433255709005703e-01 -7.51542526501057084e-03 0
3.43899685733284888e-01 -8.87071462298586431e-03 0
2.94069346159991862e-01 -8.23531675027789137e-03 0
2.93483425678746468e-01 -8.03710202703959188e-03 0
2.95131375130185836e-01 -3.82509690922686746e-04 0
3.11426636527977307e-01 -5.41745890455677045e-02 0
2.99505979493254637e-01 -1.98626245277419532e-02 0
3.74355914373773968e-01 -1.60684761586206620e-01 0
4.41157785941879099e-01 -1.63898804437441169e-02 0
3.02560042782958782e-01 -7.41342843923534917e-02 0
3.24597296877019492e-01 -1.56175296985350508e-02 0
2.88583675949454554e-01 -3.27720639953131276e-02 0
9.14184230744876786e-02 2.92212946030413305e-02 0
3.06574054665530060e-01 -2.07676689218234456e-01 0
2.96505581659492035e-01 -7.78118093518313379e-04 0
3.00060698718385588e-01 -1.40632936652951394e-02 0
5.34870853952149283e-01 -1.43458789854132657e-01 0
2.22572418741879247e-01 -3.75938988647269365e-02 0
4.06224911617139584e-01 -8.01955014246781700e-02 0
1.37879744258878306e-01 3.87766774277722576e-02 0
2.84339211943232306e-01 -3.80786916429774192e-02 0
2.91437261251457358e-01 -7.97452006158111924e-03 0
1.99245421055152583e-01 -1.45911793316651130e-02 0
3.49674171403504097e-01 -1.51202006744003581e-01 0
3.00787651110776766e-01 -9.32004582676064248e-04 0
4.41130655502327218e-01 -1.38203229043196013e-01 0
2.74344438451897987e-01 -2.93893240628289188e-03 0
2.93990198853164186e-01 -3.72400951045477862e-03 0
4.22723441334857952e-01 -1.53804937882254050e-01 0
2.91752830649361472e-01 -1.97630143734246018e-03 0
3.03100214170276827e-01 -2.14866577824387832e-03 0
4.43011857115045982e-01 -8.89735067114769268e-02 0
2.70109373980658762e-01 -7.58820551841118685e-02 0
3.14586877116442898e-01 -6.08084994800228359e-03 0
3.09040380496640843e-01 -1.65137955748784291e-03 0
3.12453778883416633e-01 -7.66118009498711061e-02 0
3.65134608981277586e-01 -4.98561069950263294e-02 0
5.69757725947878324e-01 -4.77587256716730524e-02 0
3.72712857783297158e-01 -5.50313938726035914e-02 0
1.36112724318035977e-01 2.21104380101125667e-02 0
1.44601267839453429e-01 -1.16549106138849251e-01 0
3.72386945145476211e-01 -2.16974899611844185e-01 0
2.90879838282094683e-01 -4.25399773600793688e-02 0
8.43133782682978783e-02 2.19893209746202453e-02 0
2.99280331476783401e-01 -2.67358414539481219e-03 0
3.08932180349193286e-01 -4.39573823912933065e-03 0
2.11592530608704005e-01 1.47006348443192548e-04 0
3.22933716840039853e-01 -2.94326481897887724e-04 0
5.50003384582667398e-02 1.25192622197703413e-01 0
3.18505562508129558e-01 -1.43928077227108847e-02 0
2.93912520180884984e-01 -3.90060000881297872e-03 0
1.03430320892144781e-01 7.17600433612271271e-02 0
3.06555607596368074e-01 -1.92066974550550115e-03 0
3.26716258900673240e-01 -9.44148152146910696e-02 0
2.44468910649455556e-01 -1.47598073302581428e-01 0
5.54374119245746866e-01 -4.23159210296445310e-03 0
3.12753424296092375e-01 -1.46838767089561423e-02 0
2.98544214839541577e-01 -8.41662294244415257e-04 0
3.07145316774386279e-01 -2.97691327622183165e-02 0
3.02002376757976199e-01 -1.08115731782380559e-03 0
3.59247950213633149e-01 -1.99449862796382965e-01 0
1.73720254399144097e-01 -2.48042766381455032e-01 0
2.93573479609782251e-01 2.82877034418100269e-04 0
3.07062457348622808e-01 -9.99145639435164781e-03 0
2.95254177387864081e-01 -1.38616802667202096e-02 0
3.01577594752265421e-01 -1.94808109545817359e-04 0
3.64314933538903152e-01 -3.21732838551489694e-02 0
7.19195304035355198e-02 -3.96596127864712877e-02 0
2.57562605851644699e-01 -3.93369300071470390e-02 0
2.93603394287108910e-01 -4.45082192914757896e-03 0
3.87517839185533675e-01 -7.12305371455811825e-02 0
3.00836200484571770e-01 -2.03502596887896597e-03 0
2.65067288878813312e-01 -4.31711988320873860e-02 0
2.93057642352075820e-01 -2.57081096883516062e-04 0
4.15988540843153565e-01 -1.85808876928434119e-02 0
3.01956861690095779e-01 -8.18559291166252694e-03 0
3.06144070448113870e-01 -1.10753814946386439e-03 0
2.82276600240422282e-01 -7.75319397735080018e-02 0
2.96832279977704283e-01 3.20463160905674199e-04 0
2.99888250195353423e-01 -8.96726066386862837e-04 0
2.94814185492532133e-01 -8.47817069488734747e-03 0
4.38826779440327996e-01 -2.16810114954275809e-02 0
1.74190806775644247e-01 2.49783989996479189e-01 0
2.93319923722380027e-01 -2.25199431684790967e-03 0
2.34372605826238173e-01 -9.94057958815696141e-02 0
2.80538595341038810e-01 -1.04238145759330599e-02 0
1.26880808442190268e-01 -1.48074510565735701e-01 0
2.97248608996877939e-01 -6.86963060548753798e-04 0
2.97225844139196338e-01 -4.94920089439312705e-02 0
2.74107393574528568e-01 -3.70980395467595050e-02 0
2.90767666960431825e-01 -1.86520805014931757e-03 0
3.33368802879191017e-01 -1.77438311275419274e-03 0
2.99602376976949303e-01 -3.81240152558464038e-02 0
2.57149924635736493e-01 1.81311488565654502e-02 0
2.97432424868300072e-01 2.68570681135528390e-04 0
2.98418410898235287e-01 -1.87367171717485871e-03 0
2.92288521812339386e-01 -3.27738398319177629e-02 0
2.84726802288369107e-01 -1.39387727573453781e-03 0
3.04971137310370788e-01 -1.35919965893636289e-03 0
3.08723221642492607e-01 -3.28905090484206495e-03 0
2.28414457595988191e-01 -1.46046174170185727e-01 0
2.89763045026209587e-01 -5.14715858881318071e-04 0
9.86364632427714078e-02 -9.03426606566084672e-02 0
2.49052162662900090e-01 1.42988359442420133e-03 0
2.92822132977810401e-01 -1.24405371450406650e-02 0
1.12603685313548529e-01 5.71859082278894024e-02 0
2.22567794867822993e-01 2.66173030411176875e-02 0
3.03497957382419248e-01 -1.29425018008587616e-02 0
5.83979529646076245e-01 9.08261074306955171e-03 0
3.24251001166281971e-01 -7.89043467348563184e-03 0
5.64928245215563063e-01 -7.05050252423131824e-02 0
2.62560748585732640e-01 -8.35424831842896676e-02 0
3.00202745728250731e-01 -1.92424275797502872e-03 0
5.82154140229014461e-01 -4.25928508533666497e-02 0
3.01075939704312512e-01 -1.83950999852242579e-03 0
3.02177472448565076e-01 -1.52847733014319503e-01 0
2.92987365144794509e-01 -1.39979867359148972e-02 0
1.81760654575665370e-01 6.14871601069575391e-02 0
3.01392763876200898e-01 -1.16952269759031222e-03 0
3.86718503446225825e-01 -1.75851900199790939e-01 0
2.75214635382197093e-01 -5.81991994745188895e-02 0
2.64936815599676412e-01 -1.37466300745081420e-02 0
1.22172383886991504e-01 -1.20103609258257485e-01 0
2.51871282410553454e-01 1.66106872802679537e-02 0
1.37486909932115958e-01 -9.58970245836753693e-02 0
2.82965616731410574e-01 -1.59547865859052912e-03 0
2.97289856986149292e-01 2.50421420362039306e-04 0
1.74823492214158882e-01 8.71891419263308605e-04 0
2.82934693442686569e-01 -4.17499129049185700e-06 0
5.83325003467107472e-01 2.25049546056555680e-02 0
3.11761896641901959e-01 -6.53812146366017800e-03 0
2.86256963869967129e-01 -7.57127193926089570e-02 0
3.01990528565624694e-01 -1.34346192672172465e-04 0
2.10661415233032112e-01 -2.84729317544244569e-02 0
3.01984440858632130e-01 -1.23490260645690787e-03 0
2.98729666322024412e-01 -7.30268981852295277e-04 0
3.01708026746737468e-01 -3.92440320677038068e-04 0
2.59008975717534951e-01 -1.81295202329965072e-02 0
2.99939796801979630e-01 -2.46130667738117840e-03 0
9.05218203326513676e-02 8.73493165540994571e-02 0
3.00833084015015628e-01 -1.10441266368213218e-03 0
2.98373257019511062e-01 -1.52278109469570745e-04 0
3.16472303268267086e-01 -2.11211330584900048e-02 0
2.99535867428210256e-01 -1.13942708961669572e-03 0
3.01115248513841860e-01 -1.53135334532339298e-03 0
2.79702208165604427e-01 1.76987015994490605e-03 0
2.95532896276381851e-01 5.10744890011855489e-04 0
8.00542360567616240e-02 -1.72651692171207655e-01 0
4.01579831505713025e-01 -1.34780131318944535e-01 0
3.01565785810953502e-01 -9.98727025062670073e-05 0
2.43536165734912796e-01 -2.38023174992131936e-01 0
3.96795392081407905e-01 -2.23731318086020148e-01 0
4.39157958372519919e-01 -5.55932728293560066e-02 0
2.98991271468486197e-01 -1.71799017258738099e-03 0
2.99004148659375912e-01 -2.94563222161069833e-04 0
3.05935710028206354e-01 -8.63623664141111892e-03 0
3.58235856388743001e-01 -4.65901181217421509e-02 0
2.99906245174764663e-01 -2.26915175194151650e-03 0
2.99955207457637985e-01 -2.42210997774183973e-03 0
3.04089370295018757e-01 -4.40072802469685179e-03 0
2.96618329063614905e-01 -1.14290343374906641e-03 0
3.08142194311914919e-01 -4.18531254382865057e-03 0
2.16313793195279797e-01 -2.38866227019355809e-01 0
2.36698435579375643e-01 -3.64952152919824635e-02 0
2.95870900804154568e-01 2.23866870242140124e-04 0
3.56396352380176987e-02 1.06284881958167404e-01 0
3.16671375788180998e-01 -2.98338772763048375e-03 0
2.78568983327852515e-01 -6.98151309447536117e-02 0
2.30880639749115185e-01 1.50093076778382972e-02 0
2.86005563001073715e-01 -1.06152779689160121e-01 0
1.46979008083864660e-01 2.69349230000433468e-02 0
2.43202635195180650e-01 -3.25376560282232205e-02 0
1.66425719038268471e-01 -9.37690626387722298e-02 0
1.04139848763898396e-01 5.47644365953390000e-02 0
3.04162882061549122e-01 -1.10283167372585596e-02 0
2.97945382741872600e-01 -5.79831199613683249e-02 0
2.16049334847877222e-01 4.84926394928653567e-02 0
2.86128886433171192e-01 2.35832260758992536e-03 0
2.94549681277550324e-01 -2.46920030014511466e-04 0
2.76439462783437007e-01 -1.17253727723139346e-02 0
2.85474891041311074e-01 3.41118235517435609e-03 0
2.84010626590133819e-01 -6.41447155436353656e-03 0
2.80283387628357861e-01 -1.53546396016665835e-03 0
3.55086218016185604e-02 -3.21516773990997637e-02 0
2.95933783194726407e-01 -1.23394517439847657e-02 0
3.01777053137653906e-01 -2.21104052361313598e-03 0
2.77674379327451759e-01 -6.20265140642399342e-03 0
3.18892709667570717e-01 -1.29825664033706347e-02 0
3.00953588317745990e-01 -2.55086921643873227e-03 0
3.02370445275374489e-01 -8.37275367565502729e-04 0
2.98403151520271415e-01 -1.41167578911904142e-03 0
4.43824563388032056e-01 -1.08348781107976855e-01 0
2.93199802734800397e-01 -3.74550295614442834e-03 0
2.66992327837517085e-01 -1.48062828292383125e-01 0
3.01820748412660045e-01 -6.88313782083525838e-04 0
5.56273629046101004e-01 -6.86524885443293292e-02 0
2.66640247264494035e-01 -7.94579286110054690e-03 0
2.99488755616521052e-01 -1.30234443128885964e-03 0
3.33642295029927261e-01 -2.35983270692870978e-01 0
2.97966649865086808e-01 -1.96954655447067445e-01 0
3.06721386740957724e-01 -9.49547835012101715e-03 0
3.00331836940631147e-01 -1.27625440686217166e-03 0
1.49676786669504902e-01 -1.94789696985695870e-01 0
3.01301479902183589e-01 -7.54917169418404133e-04 0
2.99485084717939554e-01 -8.64972775974193957e-04 0
2.93282954216440128e-01 -3.67799575886826801e-03 0
2.93150682227402759e-01 -1.33599669539017876e-04 0
3.05804993807571313e-01 -1.02765374627147442e-03 0
3.00903762686394904e-01 -1.01010626399890518e-03 0
2.96826912311664248e-01 -1.15923057984778852e-04 0
1.44920792455606490e-01 -2.57079677848420750e-02 0
2.93534670484948523e-01 -6.06657508004160816e-03 0
3.34248150647960818e-01 -4.25825220293775120e-02 0
6.55327833032612606e-02 3.37617662486909900e-02 0
2.95796524833839891e-01 -6.19887783624357459e-03 0
3.26327437655581476e-01 -4.21375598106457205e-03 0
2.16517415909034783e-01 -3.19749882335074800e-02 0
2.95436408638517944e-01 -1.76871702857856090e-02 0
2.97176141420165019e-01 -1.07325011973926319e-02 0
2.81063684220956067e-01 -1.55991889475124487e-02 0
3.02557878763771770e-01 -1.53741775754821937e-03 0
4.02785830604551476e-01 -4.46916362533537267e-02 0
2.97432683975166867e-01 -3.34927245279186339e-03 0
2.90844351929825551e-01 -1.17729774669146671e-02 0
3.30050314101250464e-01 -3.79253262656980812e-03 0
3.02206059561521079e-01 -5.84969951478969143e-04 0
5.26520681605088026e-01 -4.60206836043810380e-02 0
1.73103938271383373e-01 4.32584935748113325e-02 0
2.33470981133881123e-01 3.03224332155136583e-02 0
3.06681317909568429e-01 -1.12762218168174127e-03 0
2.85040051026394181e-01 1.58283118950439117e-03 0
3.17069117229782149e-01 -2.39358476851738916e-01 0
3.01490408520465825e-01 -4.97823523249113324e-03 0
2.68942999427574936e-01 -4.28321507309226412e-02 0
8.83550373883796175e-02 9.01420666673795473e-02 0
3.05280687789249605e-01 -9.81096376099104515e-03 0
3.50866539081675644e-01 -3.22695419224701269e-02 0
4.76932513585100470e-01 -1.36166789662753696e-01 0
1.60751733464053914e-01 -8.10839888147756177e-02 0
3.01852452098197888e-01 -6.51424645839393107e-02 0
1.74062632691142111e-01 1.16951698693377903e-01 0
3.01772610487032744e-01 -3.11305892027712245e-03 0
2.98215012561932780e-01 -1.82812680499856092e-02 0
2.11849105693631412e-01 -6.14380553062509674e-02 0
4.84626482929869706e-01 5.97225048794829648e-03 0
1.50923694811841869e-01 -2.41956808468054424e-02 0
3.04330804441188874e-01 -3.75154386381509148e-03 0
1.36936856832611614e-01 1.14279676150306389e-01 0
5.12732981043330760e-01 -9.84256091876249267e-02 0
3.04042918950670926e-01 -4.23307358937223890e-03 0
2.95715673098023157e-01 -1.54675694036228023e-02 0
2.75099798457063061e-01 -2.13762884445947189e-02 0
3.12758119693353043e-01 -1.70150537033127887e-02 0
4.46152946226747005e-01 1.32642728045392171e-02 0
2.36476129703175192e-01 -1.18475283602344231e-01 0
2.96863963640137174e-01 -1.32874035514576969e-02 0
3.22780906046025773e-01 -3.47200099395531371e-03 0
4.14302034082600801e-01 3.11602161239017542e-04 0
2.95537577021107389e-01 -4.69298748752756782e-03 0
2.96221156860704216e-01 -2.37773987293757013e-03 0
2.87004617720285016e-01 -4.69379543556561283e-03 0
1.21182887346812054e-01 8.08813620322240273e-02 0
5.61514877122080036e-01 -8.26186953294172355e-02 0
2.60119586704060324e-01 1.50172398759670887e-02 0
1.68466849156671983e-01 1.18165933283521027e-01 0
2.92265800037589007e-01 -2.49201700279201490e-03 0
3.01274594280366459e-01 -2.52324400355957278e-03 0
2.65811275200148078e-01 -3.60511226339481957e-03 0
2.76979148138135123e-01 -1.32330323301755287e-01 0
2.95289632845371186e-01 -3.77079030338825991e-02 0
2.97705565140923778e-01 -9.68189578533394744e-04 0
1.39601275640615113e-01 -9.71200838047620307e-02 0
5.20625507812906396e-01 3.73134666004262400e-02 0
2.14491875538168036e-01 5.13952578652782446e-03 0
1.49709583562952581e-01 3.04031882585285573e-02 0
3.00261969381442839e-01 -1.33257236257317501e-03 0
1.98300500248728306e-01 -2.57178292193708136e-01 0
3.07417252844588207e-01 -2.93346584341803518e-03 0
2.93099296959723643e-01 1.38434025804533810e-03 0
2.96885976511552685e-01 -1.42279866755914150e-03 0
3.07217302172710816e-01 -8.78699702025487542e-03 0
2.98483587037284670e-01 -4.93999361791854353e-05 0
3.04143407173275149e-01 -2.19363653734043311e-03 0
2.67251457903743550e-01 -1.48786577232898863e-03 0
2.99420901463122280e-01 -1.58898876607519194e-03 0
2.97814086367738984e-01 3.61511582882327950e-05 0
2.99129021294692099e-01 -1.26895300700422095e-03 0
3.70956877285709752e-01 -3.03202849527944122e-02 0
2.78331108288274953e-01 -6.58331546114200583e-02 0
1.16617144794095573e-01 6.23328983850629861e-02 0
1.59189371534948415e-01 -1.66044486628388194e-01 0
4.38558227149586310e-01 -9.00448764788605305e-02 0
3.31248587062677846e-01 -3.59961267044310446e-02 0
3.29656924279665697e-02 -1.39568664668595615e-02 0
3.00969769310832969e-01 -1.94784004899417910e-03 0
2.34958457075936628e-01 -9.80483080887356584e-02 0
3.32520302821395219e-01 -1.07450104392274842e-01 0
2.95434986480091033e-01 4.18975909270985470e-04 0
1.66931510971298408e-01 1.89648080779888956e-01 0
2.49953313906633945e-01 8.44287987234523980e-03 0
3.23206168450908327e-01 -1.14704656183543016e-01 0
2.54774938103223492e-01 1.07888956470253913e-02 0
1.48725897416834812e-01 8.90741177986011448e-03 0
1.53646719551509769e-01 3.68118511850407948e-02 0
1.25062896537056406e-01 -1.04380130563244078e-01 0
2.35496899618019728e-01 -1.16805056867066256e-01 0
2.98930209790142398e-01 -4.51696703600275014e-04 0
3.06189414024784778e-01 -5.87386483632670875e-04 0
3.01343303806167473e-01 -8.00779149530428673e-04 0
2.99047636559688024e-01 -6.52590928340403883e-05 0
3.69276603895162314e-01 -4.19470558986737505e-02 0
3.05280827051058079e-01 -9.44981358849166127e-03 0
2.89267981099159299e-01 -2.57139851106480541e-03 0
3.12164024020768816e-01 -1.75834618926804312e-02 0
2.76415573287205785e-01 -1.76975608181943245e-01 0
3.02088487603685230e-01 -5.59746937614527648e-04 0
2.97649441021717864e-01 -2.22241439961558956e-03 0
2.84444536955010208e-01 -2.46970973747013753e-02 0
2.81892246419218340e-01 -3.00903857146868044e-03 0
3.80658054695685755e-01 -1.01362916860812183e-02 0
3.64967908345350700e-01 -2.37722894135941581e-01 0
2.49641947603808173e-01 -3.80348556989342362e-02 0
2.38845075843828858e-01 -1.80742242461633618e-01 0
1.66172101608013684e-01 -1.99174762008898637e-02 0
2.05274174227063566e-01 4.56425509493121120e-02 0
2.99237662530433601e-01 -1.73155259280224644e-03 0
2.24208719271246831e-01 -1.34686491486883775e-01 0
2.99386420937995057e-01 -5.24026142926030847e-04 0
1.66435899503837248e-01 1.86305569034768109e-01 0
2.86441680527213360e-01 -2.12534332902377041e-02 0
5.54000976000135203e-01 -1.29731580974849579e-02 0
5.58150559982823147e-01 -5.14698757782046448e-02 0
4.49302993227401123e-02 -8.73066663841780000e-02 0
3.97016963107854892e-01 -1.61230972597795091e-01 0
1.36879224180932402e-01 2.29493191279407432e-03 0
1.28906880336329355e-01 6.42887170669207836e-02 0
3.05944033301385088e-01 -6.65636229930906872e-03 0
3.01037992098818596e-01 -3.14233905669201552e-04 0
3.07064445490483950e-01 -2.17090485055696190e-02 0
1.23186629754252416e-01 9.49020518786827805e-02 0
2.93411265368527852e-01 -2.04581788893873654e-03 0
3.00778323614582177e-01 -6.76358448692436498e-03 0
2.95159628464611801e-01 -1.25610098592893252e-02 0
2.13998555448907418e-01 -4.08608693647095483e-02 0
2.96732549406444779e-01 -2.29198827901265159e-04 0
2.98626389801825043e-01 -1.03361969170153202e-02 0
3.04610659086588464e-01 -1.06316346177803677e-02 0
2.61208501273841542e-01 -7.45142234297475892e-02 0
3.01735730212719599e-01 3.19353850185733140e-06 0
2.38887600481991008e-01 2.27050903461842105e-02 0
2.92859907724757285e-01 -2.83696145600103936e-02 0
1.97221931174449083e-01 -2.46414119071399040e-01 0
3.05928094399257444e-01 -3.42958272812976658e-03 0
2.85323730240019446e-01 -7.76268993521259283e-03 0
6.87532891802638546e-02 1.44787300076786501e-01 0
5.06831844342043092e-01 -1.79419605043676378e-01 0
3.54494598600868516e-01 -2.28236868916891822e-01 0
2.83401814784782990e-01 -5.23703351304632206e-02 0
3.03423195823969205e-01 -3.70566729731178768e-02 0
2.99511270891431536e-01 -1.13795453203778952e-03 0
2.56382952259178176e-01 -1.98542143334679844e-02 0
2.69835917561866312e-01 -9.16625424226463342e-02 0
3.00874012934996327e-01 -1.52627485885135309e-03 0
3.20160479148160482e-01 -1.01801245475759781e-02 0
3.06350963053768355e-01 5.85850682456629819e-05 0
3.02477838197818594e-01 -1.50465205639050271e-03 0
2.98189354567695186e-01 -2.72474589331265138e-04 0
3.03835033357677753e-01 -9.54822813645098134e-03 0
3.83935468599426566e-01 -1.71441623511846719e-01 0
2.81313873182877983e-01 -2.76060263521936324e-04 0
2.63958266121783972e-03 -3.46474349051714495e-02 0
1.65675885443779120e-01 -8.21499249415011540e-02 0
3.28914348882725430e-02 1.24480054848486330e-01 0
2.87260978770252584e-01 -9.44454985462496108e-03 0
3.01594880268488519e-01 -2.06992819383842704e-03 0
2.39400721058291022e-01 -1.32439078318610542e-01 0
1.19854962059673699e-02 -7.17339957814495111e-02 0
2.63354478239477996e-01 -2.60452017035478323e-01 0
2.96768597202219875e-01 -1.81684494218234968e-03 0
2.98833704813553702e-01 -2.95592801300649218e-03 0
3.86419766674873599e-01 -4.95633392642441314e-02 0
1.56724726584383772e-01 9.46822220060263009e-02 0
3.00047750631099730e-01 -2.10235763180502758e-03 0
1.80923611797289552e-01 -4.50479020213163522e-02 0
2.95648257140742610e-01 -1.07398302590178086e-03 0
1.69052178171068046e-01 4.04900498991385138e-02 0
2.95345813575212390e-01 -3.36065754817889938e-03 0
2.86810026001850848e-01 -2.43046956804799340e-02 0
7.79598196092669143e-02 5.06885706543175885e-02 0
3.04038208972762403e-01 -1.61212191895650434e-02 0
2.99658095017980297e-01 -1.12537891657330164e-03 0
2.98993266510721944e-01 -4.16462830658697030e-04 0
2.94293051228316282e-01 -3.25913187481110525e-03 0
3.07088004152524741e-01 -8.12094672297082459e-02 0
2.97268922189122098e-01 -9.48449155708786223e-04 0
5.01228531590070747e-01 2.80740571983819041e-02 0
1.60302661265808805e-01 1.04892380785319983e-01 0
4.33439300435658870e-01 -1.77050330532899813e-01 0
2.61706605419902594e-01 -6.71307154740017828e-03 0
2.82224505573264728e-01 -2.43539805745193148e-02 0
2.95023212393898837e-01 -6.14591881369142001e-03 0
3.12966579865428862e-01 -5.06747338183939199e-03 0
2.95165857454479819e-01 -3.34237036397535235e-03 0
3.05632644918503726e-01 -4.01442005243134604e-03 0
3.00801127111170297e-01 -2.40973534904061031e-03 0
4.56054066228849253e-01 -2.17791076527516586e-01 0
2.97833540449188305e-01 -1.52679602541510428e-02 0
1.55943601794696185e-01 -2.84861159752626235e-02 0
2.74132057219785841e-01 -4.37931337565150638e-02 0
2.56931967851469489e-01 1.22459275203741398e-02 0
2.17818951427100865e-01 -1.05227523133265929e-01 0
2.99651614495209384e-01 -1.49003238938005128e-03 0
3.02415958475789393e-01 -2.76106564452335270e-03 0
3.09730907679886147e-01 -2.35108325306734936e-02 0
3.00057095529219497e-01 -7.84008910865982892e-04 0
2.89596067425335613e-01 -2.83798206535851002e-03 0
3.07682665093580276e-01 -3.95223010842856055e-03 0
2.93980714250778041e-01 -5.45171228875716840e-03 0
3.17059422325943252e-01 -1.76062696402710939e-02 0
2.38210327167018676e-01 1.45985235234157400e-02 0
2.97172458960687780e-01 -2.53520258992671714e-03 0
2.60099187105025498e-01 -1.58739538979254212e-02 0
5.54439030971912272e-01 -4.76166755230058025e-02 0
3.11166604412856873e-01 -1.49143762263808065e-02 0
3.19833372118463743e-01 -4.24093160993711527e-02 0
2.97174664090609664e-01 -2.43467785897670671e-03 0
2.86812424579640068e-01 -2.80843939984587142e-02 0
1.86392555719664788e-01 1.90473858698412823e-01 0
5.35806004102141076e-01 -4.38656295429170548e-02 0
3.04226922945758760e-01 -1.65228238625628882e-02 0
3.12505251377716120e-01 -3.71819570179423645e-02 0
3.01649051104580512e-01 -5.26769148731415161e-04 0
2.98077610497028300e-01 -1.54331681448253858e-03 0
2.01797276153150545e-01 -1.44377866048298886e-01 0
1.96934771915949436e-01 -6.08988571055656385e-03 0
4.64703611699413932e-01 2.29865746546003315e-02 0
1.47639311385539374e-01 1.33351883019866446e-01 0
2.89571593390936521e-01 2.59221614846109937e-03 0
2.93554004081562014e-01 -4.99967853063717441e-03 0
2.92230528316823279e-01 1.58131774573326469e-03 0
4.44682841731924072e-01 -1.31676631995361948e-01 0
3.13236272532932347e-01 -1.91296855661434936e-02 0
3.00050031420216190e-01 -1.05424929179667574e-03 0
3.02596074240821300e-01 -3.83701496022800792e-03 0
3.06560060843508231e-01 3.02483264978452190e-06 0
3.01359018610663498e-01 -6.37468688442131056e-03 0
3.01096241931837150e-01 -2.14130939508112156e-03 0
2.90403557467191820e-01 8.91783069446969168e-04 0
3.01828123427219264e-01 -2.23606955502864396e-03 0
2.95436024266964969e-01 -7.52618738771329392e-03 0
3.12996005496734453e-01 -7.08395593029823110e-03 0
2.99100935656910316e-01 4.27575846490866617e-05 0
1.12606708855354565e-01 -6.61370020474374015e-02 0
3.76140390625330279e-01 -4.38041539381876233e-02 0
2.53527387388255920e-01 -2.59030200138359798e-02 0
3.13883353909962248e-01 -3.20256673542006556e-03 0
2.98178021255829040e-01 -1.41499792431219219e-03 0
1.13096020630880451e-01 -2.04995357021209051e-01 0
3.03112572152693827e-01 -4.52520835990304364e-04 0
5.65437259128895586e-02 1.46192176485687858e-01 0
2.15970382833081315e-01 -3.36415239104433939e-02 0
2.37256328782509962e-01 -1.76455134679336295e-01 0
1.80483772485162008e-01 -1.65366218885700557e-02 0
5.42852505202255586e-01 -1.27373632247737872e-01 0
2.95034573602113659e-01 -2.74159341673903580e-02 0
2.72576938060262508e-01 -2.58682582437035624e-01 0
2.99777421371808350e-01 -1.07711307261077588e-03 0
2.85159270359489903e-01 4.17289735966208056e-03 0
3.42767927226759306e-01 -6.04384430310971055e-02 0
2.81826837840090383e-01 -3.54603119860241517e-03 0
3.02834088736448515e-01 -2.76202221522132150e-04 0
3.73570839049079839e-01 -2.13818197059602533e-01 0
1.82680323016360779e-01 1.39847504913948373e-01 0
1.01502814580643988e-01 -5.36130980794303699e-02 0
2.36876871953871471e-01 -2.27429010842868207e-01 0
3.02651728961686961e-01 -5.25939159906906734e-03 0
2.84198064534877837e-01 -9.89778499364657310e-02 0
5.57442531916842898e-01 -2.86774949546658685e-02 0
2.81262303333391028e-01 -1.52756218461382910e-02 0
3.07868891906989461e-01 -8.25295872356973659e-03 0
2.96568376426172842e-01 -1.28025587095973947e-01 0
2.95660099497752293e-01 -3.95728039911763356e-03 0
2.89768521140639668e-01 2.16532867116617190e-03 0
3.03121050203404518e-01 -1.02688938815101698e-02 0
3.03829632023975171e-01 -1.98696029252515326e-03 0
3.07564044047646479e-01 -1.48183259619166924e-02 0
2.19668899052429978e-01 4.16944779794789222e-02 0
2.97831016125803982e-01 -1.61028727972195042e-03 0
3.02806818377286124e-01 -9.73733517261006281e-05 0
3.01408340797251650e-01 -3.32499634702496409e-03 0
3.01030580289133931e-01 -1.35507159951385133e-03 0
1.14866707091635031e-01 -5.33143019972653689e-02 0
3.03713651943571750e-01 -2.27930910948611828e-03 0
3.30412640440562400e-01 -2.03321097873257250e-01 0
3.02205161894856356e-01 -5.62260389060961069e-03 0
3.02295624326841483e-01 -4.15903836178780923e-03 0
3.14320045113750390e-01 -1.54772228232814644e-02 0
3.01062289855289100e-01 -7.61721027970282960e-03 0
2.84523986407734408e-01 -1.37894360581021832e-02 0
3.01417562069182632e-01 -1.20041778121996075e-02 0
2.96259634979978870e-01 -3.37750766229289335e-03 0
4.72158108067694982e-01 -1.09664078754223501e-01 0
2.98930831055503388e-01 7.26825714445402532e-05 0
3.21701645358317245e-01 -7.93887156148452913e-03 0
2.86660182381718143e-01 -7.57079688629981942e-03 0
2.71908167719932259e-01 -1.33857005677890939e-01 0
3.01989094797282420e-01 -3.26737424430861780e-04 0
5.29589648334098384e-01 4.15093921120290796e-02 0
1.74419860926292608e-01 8.34081586059525482e-02 0
3.01117966364462530e-01 -3.47515652513798699e-03 0
2.58531867044161701e-01 -4.86071655166305655e-02 0
2.15097946986750832e-01 2.28711575555995451e-02 0
1.96094552300951352e-01 -1.14370381373551031e-01 0
2.86625311092675528e-01 -7.84136925703863424e-03 0
2.76269469503000908e-01 4.32009150867304278e-03 0
3.04028280122016548e-01 3.89862242579515938e-05 0
4.10359221621774517e-01 -1.90500186110698737e-02 0
3.70758792623318734e-01 -6.49387094803583614e-02 0
6.34180409898499886e-02 -5.30690403617083278e-02 0
1.21445021135602099e-01 3.31715172623369692e-02 0
3.05099575377836496e-01 -5.59965984481151924e-03 0
2.99119463851385992e-01 -2.91911201409681244e-03 0
2.78700854343549187e-01 -3.19205824806458455e-02 0
2.99541180459577228e-01 -2.62796100847525072e-03 0
2.87422346906891113e-01 3.27961276980072349e-03 0
3.02356677816160768e-01 -2.77545494126445452e-03 0
3.29818319390425774e-01 -4.90860125264683464e-02 0
2.99270508394577195e-01 -2.19195438508737678e-03 0
3.03006839349271473e-01 -2.08914235450747329e-03 0
2.77895607768733011e-01 -2.34221185004377247e-02 0
3.10022926503010277e-01 -1.95984051003821082e-02 0
3.04521193790307065e-01 -3.18616338293107731e-02 0
3.04256239714509880e-01 -3.39553520032629015e-03 0
3.01030880293417902e-01 -1.37732493586905508e-03 0
2.91306750314116458e-01 1.75935707462954280e-03 0
3.18579322690789202e-01 -2.60149877904094287e-02 0
1.28552069282512421e-01 -1.69344235839318596e-01 0
2.94055786735372193e-01 -1.24929801260734719e-02 0
2.67015494812386123e-01 -3.85583077254323670e-02 0
3.40151308073305791e-01 -2.60634219760162988e-01 0
1.95397879175017442e-01 -1.33617156330130216e-01 0
2.95737556191131123e-01 -3.38927853991620844e-03 0
2.93485790497109822e-01 -5.25531239287668935e-03 0
2.97559005876358473e-01 -2.39675648876122279e-03 0
2.99100668057411256e-01 -8.43548842732525346e-06 0
2.99253637910998682e-01 -1.51082733217133597e-03 0
2.91370499597029264e-01 -1.54849348621720808e-02 0
2.67516392456589147e-01 -2.42792031312283607e-02 0
2.99852051817737830e-01 -6.70592544953369342e-04 0
2.38422561355404850e-01 -1.29293069370994856e-01 0
2.98072850937803335e-01 -4.02232116292376913e-04 0
1.81818887241487065e-01 -2.91086736319325842e-02 0
1.47690976380979860e-01 1.51481978244534493e-01 0
9.30715996942924895e-02 1.36783732413083919e-01 0
9.79038917523654822e-02 -1.85997097105350478e-01 0
2.91834879604451314e-01 4.63989451339242827e-04 0
9.20740113037751412e-02 -1.99269657527567923e-01 0
2.97901401778658537e-01 -2.95326195972354932e-04 0
2.80886456658373584e-01 2.89949965832893438e-04 0
2.40886222396686445e-01 2.34693673053213842e-02 0
3.15475105821840573e-01 -1.42330778637221756e-02 0
2.85497389466331519e-01 -7.05529253549227933e-03 0
2.95794371153302094e-01 -2.19867819670992431e-03 0
2.20535316309906110e-01 -1.63203081932527076e-02 0
2.95446623032028621e-01 -8.70359580439822365e-05 0
4.22720395781831848e-01 -1.87952942543084325e-02 0
2.99211130964842253e-01 -1.95460697868665842e-03 0
2.74023298948499749e-01 -3.66698299301835909e-02 0
3.28183224453831301e-01 -1.51545300478859793e-02 0
3.03745922277702807e-01 -1.91742081864975300e-03 0
4.87063295645048355e-01 -2.58389850207339476e-02 0
3.39799676624235381e-01 -4.44847347518484565e-02 0
2.99457930928660854e-01 -2.49439239096186597e-03 0
2.92412977457411294e-01 -1.16544846585831907e-03 0
3.26014674119212033e-01 -2.22295864812960264e-02 0
2.97065097691723679e-01 -2.85097956993737812e-03 0
2.99467893072656921e-01 -9.55125044347455640e-04 0
3.02154128160814106e-01 -8.27878374624265861e-02 0
2.93874201933736590e-01 -1.09464108159626448e-02 0
2.95389936885266324e-01 -6.92004977297911751e-03 0
3.07626883652687921e-01 -2.10029232165491117e-02 0
2.99741330336018352e-01 -9.97124752744426961e-04 0
1.57373379925099061e-01 9.06405862442297844e-02 0
1.43239973430919848e-01 1.00294157912241458e-01 0
3.04149385884582957e-01 -3.52751073978068872e-03 0
2.66137014550932027e-01 -2.02999485925215127e-02 0
1.47414718579845422e-01 -6.46061444510993670e-03 0
3.31471555906922288e-01 -1.99704253613288349e-02 0
2.76939956441056401e-01 -5.27570698450649939e-02 0
2.99359730543564684e-01 -1.50778884083859204e-03 0
2.99195889392554648e-01 -1.76579222576342615e-03 0
3.39306438413889411e-01 -3.33746416631982776e-02 0
2.69330550420721238e-01 -2.46842644425767956e-02 0
2.84688862578665769e-01 -3.69311569732250281e-02 0
2.52835685877652816e-01 -1.78735143790666712e-01 0
3.00949132779500639e-01 -4.03489174091227097e-04 0
2.99850844928329974e-01 -2.17739195187202032e-03 0
3.04569208105014810e-01 -8.60069814869008839e-03 0
3.19927289169927132e-01 -1.12525052547646134e-02 0
1.71815562361902291e-01 8.29751165725622353e-02 0
2.74743136134773247e-01 -2.32727218190560109e-01 0
3.29994377451142851e-01 -7.58191028693173813e-02 0
2.60621318145192460e-01 1.01952658735918588e-02 0
3.01991378479182782e-01 -1.96657104192559913e-03 0
2.35730846893132423e-01 -1.06424741974377193e-01 0
2.99027139682828680e-01 -1.94924745985856256e-03 0
3.01088516081895241e-01 -7.26152757476057663e-04 0
3.77088438986873498e-01 -1.16943438063277696e-02 0
9.96337660922816531e-02 6.81374014472917594e-02 0
2.85971601811789877e-01 6.80005900613289151e-04 0
3.01350884409292974e-01 -4.79785481386765399e-04 0
3.41768847974775691e-01 -2.35303231920803366e-02 0
2.09280231472921657e-01 1.88789738176786646e-02 0
2.74222966699054382e-01 -3.12269930535890236e-02 0
4.41489911759586684e-01 1.48819239042702438e-02 0
2.94853142438722127e-01 -2.26012274670750989e-02 0
2.35275196788194779e-01 -1.09462982663881853e-01 0
2.33857083231972657e-01 -3.45529361830107934e-02 0
1.21013101915119714e-01 1.43770429278383023e-02 0
1.90305764789301501e-01 -9.54990394594713507e-03 0
3.02165773432159834e-01 -7.52520681959460811e-04 0
3.17878054657665610e-01 -7.54011582574903752e-04 0
1.37327076090494660e-01 -7.98634215208001430e-02 0
8.00922926757877129e-02 -1.51744176617791188e-01 0
1.32314405524900841e-01 1.38107251311266527e-01 0
2.77136749474342192e-01 -6.15503420348481860e-03 0
1.90418981362571071e-01 1.08360513391851127e-01 0
2.32247704199318783e-01 2.10856753953573874e-02 0
3.13921732030562728e-01 -2.06641761278793809e-03 0
1.42982077216848802e-01 -9.85496600908526421e-02 0
3.15386961137984700e-01 -1.66875614446514747e-01 0
1.99623456383882347e-01 -9.89155182504835861e-02 0
2.98226809846963203e-01 -4.78728987449958919e-03 0
4.56131200888100441e-01 -9.70505032294612102e-02 0
2.97607751861768299e-01 -3.51926479058525072e-04 0
2.99353188815905447e-01 -7.61972450222554113e-03 0
2.83630845342584204e-01 -2.64046534851706703e-03 0
5.77090942388553185e-01 6.09989843258371758e-02 0
4.56322496909963224e-02 8.44458074745632198e-02 0
2.83386293695874036e-01 -5.06324320386019114e-02 0
3.02224682389246935e-01 -1.57305311485157967e-03 0
2.90984775587472155e-01 -1.12600227978299997e-02 0
2.58205616172826335e-01 1.27652757479548590e-02 0
3.85057640934494516e-01 2.44096916118441724e-03 0
1.78221508593494615e-01 -1.70633831654695423e-01 0
5.19010908546731597e-01 -1.50547041731048131e-01 0
2.81989488220899975e-01 -1.33357589972516229e-02 0
3.67406832644222581e-01 -9.23966477484877841e-02 0
2.57890054785755996e-01 -2.77412096872068602e-02 0
3.16008934866464253e-01 -1.61662115007612170e-02 0
9.16663641188746048e-02 8.09881543151029504e-02 0
2.87217438117972790e-01 -6.25269738534323105e-03 0
3.01782903084302001e-01 -1.12710312120081345e-03 0
3.02797898512508767e-01 -1.64204754329100289e-03 0
4.55600622036283098e-01 -2.02894796607064942e-01 0
1.62746242650193773e-01 -1.16830600917638347e-01 0
2.99058512688736677e-01 -1.75742534125428347e-04 0
4.26455922073174953e-01 -5.33631295721087757e-03 0
3.16857075412061207e-01 -1.12712724479496779e-02 0
2.95222546283158693e-01 -6.16111016395170814e-03 0
1.73662211453836590e-01 4.47297226068785747e-02 0
3.00840629043217289e-01 -3.21105724668563092e-03 0
2.74002600571756849e-01 -5.23383105436114535e-02 0
2.31817916579671490e-01 -7.86115058508536080e-02 0
1.63404025317730045e-01 -1.91319720397760684e-01 0
8.60706175556888858e-02 -2.24581441475514357e-02 0
3.85532582104665122e-01 -2.63611285796410931e-02 0
3.09024384355108706e-01 -2.81333142655641830e-03 0
4.77466274492264531e-01 -9.28210948958630988e-02 0
2.98608860458606074e-01 -1.07195834762049079e-03 0
3.00331654765350786e-01 -4.13543656410086686e-03 0
2.07835711901194237e-01 1.80581902327322796e-02 0
2.93816782670044685e-01 -9.13043920058714755e-04 0
2.61986880499541441e-01 9.59813781766780984e-03 0
2.91525318701181091e-01 -2.58559899400299508e-03 0
5.63988574345258842e-01 -9.23076300086570906e-02 0
1.95751378115612357e-01 -3.23155472234652116e-02 0
2.30852771183774230e-01 -4.07244980554460623e-02 0
3.88196978391457004e-01 -3.71972645051977385e-02 0
3.89999156079956832e-01 -6.13763708984907744e-02 0
3.59926493290589400e-01 -2.25495927811205643e-01 0
3.02363130628269194e-01 -2.35174452942491256e-03 0
3.00679244651251010e-01 -1.66787028712132943e-03 0
3.01518078864347394e-01 -2.18056693202062918e-03 0
1.30555048578321287e-01 -2.27179220629332351e-01 0
2.87857633540816560e-01 -8.47700960456728402e-03 0
2.48879605083720229e-01 -4.14888127314868363e-02 0
2.99820836765935905e-01 -7.54275266393984235e-04 0
1.45039589649646444e-01 -8.14042768754773272e-02 0
1.84307683058069965e-01 -1.99752508982522337e-01 0
2.85350985600018148e-01 -4.92457989239017818e-02 0
3.00783851544556946e-01 -3.23338903050510206e-03 0
1.65391684830987928e-01 1.72470734999284170e-01 0
4.44584287222170305e-01 -1.57093899823881167e-01 0
1.93830468167108916e-01 2.20740283912388459e-02 0
5.12775002830905269e-01 -2.62542916023079768e-02 0
3.03162536970632113e-01 -1.30292883120682393e-03 0
2.92666588454185583e-01 9.91965882702133426e-04 0
3.02351636915957289e-01 -3.16079446070424101e-03 0
2.54802635192700688e-01 -7.95851917326052399e-02 0
2.99884801781176658e-01 -1.95115084656807521e-03 0
3.03996774939598313e-01 -4.94915708324385000e-04 0
2.98134391571508950e-01 4.59524918323812147e-07 0
8.31809130291648602e-02 -6.12622599756235606e-02 0
2.79174515278114432e-01 -2.75144444231574059e-04 0
3.60865424328678464e-01 -2.57050050517741047e-01 0
3.30686350616760438e-01 -2.45191171952594579e-02 0
3.24971994187196855e-01 -1.05323457705984377e-02 0
2.93516870006635733e-01 -4.95553058473682307e-04 0
3.15903589885105640e-01 -1.25938127106670610e-02 0
2.77706216321845778e-01 -8.24292878680463019e-03 0
3.03553821181797745e-01 -2.84420158174347945e-02 0
2.98679549463033600e-01 -3.81414918733467443e-03 0
3.04814552214507650e-01 -1.87606359224838930e-03 0
2.77214058794509777e-01 -4.87223000824214408e-02 0
2.96999654861520468e-01 -2.84509559917472217e-03 0
3.66544133670516303e-01 -1.22340012686904826e-02 0
3.04535910310370361e-01 -8.33911204073889238e-03 0
3.07994649569349077e-01 -1.53485405436855349e-02 0
2.86283965803253049e-01 -1.10689840311526590e-02 0
3.01531013693956240e-01 -2.68335181822543017e-03 0
2.97491961486070433e-01 -2.89705496062136894e-03 0
3.55607040503796712e-01 -3.04067552412934155e-03 0
2.54757141307697554e-01 -4.82372980838921064e-02 0
3.01694365853545698e-01 -6.56521256199785540e-07 0
3.02185688381370166e-01 -3.92945515139646556e-04 0
2.97153094205880597e-01 -8.90953941491711976e-02 0
1.54844092047228182e-01 3.11760277338492481e-03 0
2.99052980385201894e-01 -8.88706630213275512e-04 0
2.99956558605144641e-01 -1.15115553889348854e-01 0
3.02163654843071672e-01 -1.76408777023921931e-03 0
2.95564367508092951e-01 -2.92512984386110800e-03 0
2.11878553428080540e-01 5.73971004892579670e-02 0
2.83977947434342348e-01 -3.23844221828272910e-02 0
3.00444908910647901e-01 -4.86520298831711554e-03 0
1.65118842512029240e-01 9.18818082498878003e-02 0
2.84911467360137505e-01 2.61189605967023842e-04 0
1.94374319480462604e-01 -1.45811981496335258e-01 0
2.97744693922770698e-01 -2.97173986106077275e-03 0
3.00692430286412793e-01 -6.89507834402036408e-03 0
2.18856125487394998e-01 2.30799651599445411e-02 0
3.08722518129055101e-01 -1.40645950295053019e-02 0
2.34847624724205145e-01 -1.59042676000982541e-01 0
2.99187268904349490e-01 -3.87891725441794706e-04 0
2.66335059682444475e-01 -4.86674787672651404e-02 0
2.99161442873058070e-01 -2.91775628364757177e-04 0
1.75935864157515665e-01 -2.14483585827088846e-01 0
2.89904289411268390e-01 -4.85667799254202795e-03 0
2.79394989756852064e-01 -3.20554166811468852e-02 0
2.83344238584611718e-01 -4.86085681026712010e-03 0
3.79128042980068747e-01 -3.43767646102076316e-02 0
2.08131953053987656e-01 -1.14195007575247517e-01 0
3.38637828112934913e-01 -1.81243713549381180e-01 0
2.42714406929205734e-01 2.79374000654578729e-02 0
2.94968863835032735e-01 -1.80646483354273552e-03 0
2.98017523503440573e-01 -1.67253128320334135e-02 0
1.67805546835450570e-01 -2.16154191248287136e-01 0
4.19895745273326515e-01 -8.36018002901858931e-02 0
2.99675877580794947e-01 -7.10386241145181323e-04 0
2.41053234446520631e-01 -8.96007287476787984e-02 0
2.50415439524886929e-01 -3.69624746107558230e-02 0
3.00928822861722234e-01 -1.24044963595271868e-03 0
2.95941232582499270e-01 -1.86932845230942902e-03 0
3.01559374277677206e-01 -8.83822343075513130e-04 0
1.96816091925764020e-01 -2.38530748235293022e-01 0
3.01686944695501058e-01 -1.22898035298624539e-04 0
2.98118553962174682e-01 -4.43543019039415766e-03 0
3.00115807824932579e-01 -6.79125576414904238e-04 0
3.32236668962252790e-01 -1.42720952305798843e-01 0
2.84388816114274912e-01 -3.27173292837337273e-02 0
3.20129804555358111e-01 -2.66941324668824975e-01 0
4.80209620286619066e-02 3.15698208461713580e-03 0
1.03589603860850643e-01 1.16617260617150817e-01 0
2.02229983809497443e-01 -9.49833235504193296e-02 0
3.02188204885970035e-01 -1.50143159844891793e-03 0
3.00693138530451931e-01 -5.25887055690586833e-03 0
2.98824435892564133e-01 -1.34936668388820470e-04 0
3.01098856154074446e-01 -1.77733489565206054e-03 0
2.85851663538716050e-01 -5.25458080371169478e-02 0
5.94256249945054188e-02 1.63813110941963075e-01 0
5.82553249852010624e-01 -2.99621656224274210e-02 0
3.31629938464386487e-01 -1.24077487457440808e-02 0
2.20733395910371541e-02 -5.06698868884075740e-02 0
2.74752631250975432e-01 -5.00605508896159249e-02 0
3.11812269861488023e-01 -8.00644391889172684e-03 0
5.22210499400410311e-01 -1.59630289672592379e-01 0
4.92516686381278046e-01 -7.52448781973219932e-02 0
2.75912055876387265e-02 -5.06267669236924039e-02 0
2.92993811422184613e-01 -1.01771278678801542e-03 0
3.08867969420303701e-01 -2.82159997423332108e-02 0
2.98599761626061166e-01 -1.71889666325882907e-03 0
1.35065444460149980e-01 7.10833184606376317e-02 0
3.26500773408002820e-01 -1.98029365773512676e-02 0
2.99860148531847059e-01 -9.57036851567765823e-04 0
2.95654221612064116e-01 -2.88927989220556141e-03 0
1.37808358964656957e-01 1.77250679806251421e-01 0
2.82211353988640445e-01 -1.32004446714930248e-02 0
1.03087403379290024e-01 9.85477378433457646e-02 0
2.94665248677207836e-01 -1.09633922036004462e-02 0
3.03308135204601204e-01 -1.75327449287957155e-03 0
3.05571459117632560e-01 -2.20909132368438038e-01 0
3.04470771285664188e-01 -7.10977801656523397e-04 0
2.73443213519035722e-01 6.06002348656308810e-04 0
1.17293108487058234e-01 -1.48486775657978270e-01 0
2.86279397026945548e-01 -2.60796604348434912e-03 0
5.16999810196265147e-02 1.09684842025139687e-01 0
3.02324273899999219e-01 -1.19647690426227214e-02 0
3.00766976522850782e-01 -2.27999570069608746e-03 0
3.92691901871115689e-01 -2.47736196950650717e-01 0
5.59996098148052221e-02 -5.56819148050609128e-02 0
5.01008642919835379e-01 6.22689127686872328e-03 0
4.45739563597716104e-01 -2.11135404462818671e-01 0
2.97122484881239435e-01 -6.15135150975282567e-04 0
3.03767307898999583e-01 -3.23618732209249521e-03 0
2.69072267445641722e-01 -9.56218540504843659e-03 0
7.61941188199383623e-04 -2.07220389085471315e-02 0
4.61970068671659462e-01 -1.67667478654190127e-01 0
5.55072483176895393e-01 -7.49129266259929011e-02 0
2.25055065432918172e-01 -2.56149541925749347e-01 0
1.96754544759216339e-02 -9.25810204051385893e-02 0
2.35832665928667029e-01 -1.28673800897087746e-02 0
1.70259905421914937e-01 -1.18444770048645141e-02 0
2.56181448366961051e-01 -1.20375191193282782e-02 0
2.98950320602499042e-01 -1.05236313595837602e-03 0
2.97758521167294232e-01 -2.19532192822625670e-02 0
2.95234467929830713e-01 -3.89954631786934847e-02 0
2.78940751052759839e-01 -2.77025154238085373e-02 0
3.99600629899952653e-01 -1.57554705058329803e-01 0
3.31970283809371713e-01 -1.83957416985645605e-01 0
2.71650871512916781e-01 -9.18841574218568352e-02 0
2.83808714592214684e-01 -2.79399729213976565e-02 0
5.80371592588200480e-01 2.30742658276518534e-02 0
3.76767579020986232e-01 -4.62491414129238693e-02 0
2.94381422038917706e-01 -1.25745008056343099e-02 0
3.52948543386840230e-01 -3.05891655610842465e-02 0
3.00996768810104565e-01 -1.08354177935862900e-03 0
2.92356878086699412e-01 -7.94745983251612248e-03 0
1.45091049756498558e-01 1.41675959262350715e-01 0
2.69727407632345040e-01 -9.14641395701876886e-03 0
3.45101391402598712e-01 -3.08794038685207620e-02 0
6.90583573754955798e-02 -7.95407704698552626e-02 0
3.26637850119865902e-01 -4.29106114994928303e-02 0
1.35905586260420153e-01 -1.14941217083581210e-01 0
2.79191749937023781e-01 -1.25268157537182009e-02 0
2.98071149666620572e-01 3.96837445959278019e-05 0
3.11400255080146016e-01 -9.90384053204833520e-04 0
2.96180700162819721e-01 -1.96464496459784164e-02 0
5.47702565887000642e-02 -5.45455534737816009e-02 0
1.24285893857594310e-01 4.84509780605950763e-02 0
3.01497810518975284e-01 -7.34512982626944863e-04 0
4.71263206263086709e-01 -5.16823048172168273e-02 0
5.67123054535299098e-01 6.04134467615289397e-02 0
1.99498769966013484e-02 9.49042512261632221e-02 0
3.00565609614133866e-01 -1.04125790791015295e-03 0
1.30786309178880927e-01 1.29295838255883311e-01 0
4.01101029606972970e-01 -5.88598748380714416e-03 0
2.85222450427748020e-01 -1.07239557308329136e-02 0
5.11290199399728196e-01 -3.76490595336223949e-02 0
2.98996270880981463e-01 -1.03519263241765090e-03 0
4.80354460072090761e-01 -1.79565702480741579e-01 0
3.00886615025632187e-01 -4.83813063031697846e-04 0
2.75268881456440573e-01 2.82317988555723723e-03 0
3.90892115366736348e-01 -8.88413813162028387e-02 0
3.04195460633030268e-01 -2.11361353663121129e-02 0
2.99453921322013983e-01 -5.45206994797182141e-04 0
2.47573584349571330e-01 -2.53845577986982818e-01 0
2.99208405632510610e-01 -3.69703035638275460e-04 0
2.99699230363714486e-01 -1.44217702293773721e-03 0
5.40983585677988321e-01 -1.36958821030899847e-01 0
3.08112297570994009e-01 -2.33613489535115359e-03 0
3.02679106005114773e-01 -1.82020171141057305e-03 0
3.04130542409543569e-01 -7.43585404399819093e-03 0
3.18644199662644734e-01 -7.40483499233207318e-03 0
1.45859924541196617e-01 7.30243469794844002e-02 0
2.98975440432533268e-01 -6.04393903716190313e-05 0
2.98278751977887280e-01 -5.36325025263687883e-04 0
2.98811209192630933e-01 -9.09609449749457059e-03 0
3.16530926092518095e-01 -2.48495858422140697e-02 0
3.03134772223545512e-01 -1.06261805079408307e-02 0
3.02111144914693819e-01 -3.61082654899716742e-04 0
5.12498793897120830e-01 -6.27092326490902296e-02 0
5.63041279497035307e-01 4.68415767491858065e-02 0
4.48067378702043273e-01 2.03407911096466151e-02 0
3.60256353822076991e-01 -7.49262118631540130e-02 0
7.24200907150275575e-02 -9.57590416838780684e-02 0
5.50544705448700156e-01 -2.52044900106605553e-02 0
2.81850566756657261e-01 -2.55000784521050294e-01 0
3.34433772142568919e-01 -3.04583249541225953e-02 0
1.18355543767287519e-01 -5.73813208887024792e-02 0
3.04024679043761403e-01 -9.20250908163817646e-03 0
2.97669050807138846e-01 2.00978103490730511e-04 0
2.63092098087715387e-01 -1.87466368925460480e-02 0
3.02569451929910860e-01 -6.28798898355369638e-03 0
3.00160074986743408e-01 -1.18694632325914377e-03 0
8.65539148182984802e-02 1.96326208284949670e-03 0
3.02522187636222517e-01 -4.68331660179471376e-03 0
3.12764101964325192e-01 -9.69885952908318937e-03 0
4.96501055684764270e-01 -6.00116980879307690e-02 0
3.05832865227591899e-01 -1.73187696849861003e-02 0
3.02665878648605613e-01 -1.28616078524650275e-03 0
1.26149499595236469e-01 4.72573991114053210e-02 0
5.13761790757137016e-01 -1.68636480695008202e-02 0
2.93692308875688868e-01 -1.57158829469629079e-02 0
2.08991161730695679e-01 -9.99062353734530423e-02 0
2.83484937487318345e-01 -8.75313210090065269e-03 0
2.98095951843862783e-01 -2.97063029659354848e-03 0
2.95186721550875386e-01 -3.69111659873932877e-04 0
3.00381990087152828e-01 -7.74536285184560251e-04 0
4.79448423302562599e-01 7.56812385701702804e-03 0
3.21333179022974202e-01 -5.33781152540893644e-03 0
1.84224578278698287e-01 5.26123677940749657e-02 0
2.45845340975242965e-01 2.06067012061084791e-02 0
2.99880904582144503e-01 -7.04309490942620943e-04 0
2.61205402873222858e-01 4.17598176356765664e-03 0
4.42670699373756249e-01 -2.26582906885076707e-01 0
2.99263220607161484e-01 -5.46452217378163110e-04 0
2.97434145948677897e-01 -7.75645285980350666e-03 0
3.31777310303878137e-01 -4.68705264899407503e-02 0
2.82185948157903210e-01 -1.14447506235780538e-02 0
5.80748008753134148e-01 1.30956243920306338e-02 0
2.25655608646070205e-01 -1.45633031496344434e-01 0
3.00125131408889079e-01 -1.85494225074018496e-03 0
2.21400318552177511e-01 -1.29289865269812010e-01 0
3.79132474229267269e-01 -2.58942942821898392e-02 0
2.12898386304171738e-01 -2.54988421447786995e-01 0
2.97116995592361766e-01 -5.49250147810841430e-03 0
2.97836509404353245e-01 -2.76814919169950709e-03 0
2.94326945989497490e-01 -1.30567984785734501e-03 0
3.08104079201410974e-01 -3.23338817762058557e-03 0
2.91396468579476320e-01 -5.17933547180977807e-03 0
2.96402657261246261e-01 -2.03320190941309355e-02 0
3.03655466270469132e-01 -2.77855555970554075e-04 0
2.97410633104319366e-01 -3.07501529739676819e-03 0
3.21458020565735803e-01 -1.87987761411580773e-01 0
3.11475971453165357e-01 -2.11027959459925878e-03 0
2.75843453504034219e-01 -7.85544629522250647e-03 0
3.65986728767341341e-01 -7.74816918328813942e-02 0
2.55592303351500127e-01 1.44182860629698106e-02 0
2.90825907601566402e-01 -1.02742867562375939e-02 0
2.96396995032972121e-01 -1.54353300646961920e-04 0
1.93832750860105707e-01 -1.27442696979412795e-01 0
5.01904284877727647e-01 -7.88296852354481020e-02 0
2.99056703616769781e-01 1.37202963733487658e-05 0
2.88015445437223794e-01 -2.66528997136814827e-01 0
2.87735181412766716e-01 -3.27409459568197836e-02 0
2.99947010827108285e-01 -1.88949495224293427e-03 0
2.68183472622388785e-01 -1.58008924491274405e-02 0
4.31549943824809212e-01 -2.02479266587140244e-01 0
2.06365711983464706e-01 2.58826919952240692e-02 0
2.99254434334793706e-01 -3.87855395909288960e-04 0
2.98379231524870614e-01 -3.53628760183692312e-03 0
3.24676887559250171e-01 -8.00929435473864137e-02 0
1.44553837593453582e-01 -1.75296685835014621e-01 0
6.59527343299630697e-02 1.12938193004721923e-01 0
3.01501321797362165e-01 -2.38715130701183404e-03 0
2.97455088633689801e-01 -1.17858104167721089e-02 0
2.85913037199194420e-01 -9.37919858247401872e-03 0
2.84978314934740629e-01 -1.08042102556488492e-02 0
3.00565838185007372e-01 -1.31157591615847194e-03 0
2.75142786270104578e-01 -6.10806901575022751e-02 0
2.99964092078518652e-01 -1.08980767062669039e-03 0
8.81942678764416760e-02 -8.00454164747912839e-02 0
3.53550048278959361e-01 -3.47732795952158773e-03 0
2.47762903510733795e-01 2.45783242225894281e-02 0
8.83168643008802323e-02 1.92182706756150623e-01 0
1.92132066850070143e-01 2.05270447825787912e-02 0
3.00198705911325248e-01 -6.36568129452595895e-04 0
2.98200617931735967e-01 -1.95641542467278043e-03 0
1.59528716238502323e-02 -3.92373327198383345e-02 0
1.54463411645683113e-01 1.13551957249310317e-01 0
2.98588005001721113e-01 -3.43478282315708714e-03 0
2.51729691902673573e-02 -6.27356121496260993e-02 0
2.55092548584031409e-01 -2.26820046780231627e-01 0
1.17176290318736845e-01 1.10133264863812488e-01 0
4.72753803176393761e-01 1.49512374303403476e-02 0
1.76293765918288381e-01 5.63614731603189895e-02 0
2.89401494045557262e-01 1.48756416727836502e-03 0
2.98607817286447808e-01 -1.56940636887766276e-03 0
2.98915182445140093e-01 -1.24270400307513029e-03 0
2.01907037681663182e-01 2.46051514974031972e-02 0
4.38044216486768945e-01 -1.61471481723658938e-01 0
1.86046290962458338e-01 2.89511209166398685e-02 0
2.45315706012213364e-01 2.33424928796426116e-02 0
1.59191256272951193e-01 -9.34413757385734178e-02 0
2.86575464947670278e-01 -1.10115209010461582e-02 0
3.02660744814612914e-01 -2.49579983883435478e-03 0
3.02654000341525509e-01 -1.93483595000920020e-03 0
2.95398635219317862e-01 -1.50043038859459148e-04 0
2.73203157709534905e-01 1.03943992196182488e-03 0
3.88377894839212756e-01 -1.91989029060338837e-02 0
2.76353052587473835e-01 -3.51068117269341977e-03 0
3.03356177731446464e-01 -6.09798860835079589e-04 0
3.89172231957796155e-01 -8.01757471275104522e-03 0
2.85064985355543477e-01 2.98365183661677838e-03 0
3.26527064045757320e-01 -1.35842768580559492e-01 0
2.97465186848241414e-01 -2.72024392630715013e-03 0
2.99683383843588003e-01 -7.76394593749189809e-04 0
1.49035751291653640e-01 1.04978116197250809e-01 0
1.60489824600837327e-01 5.08802348774321008e-03 0
2.96167616207870077e-01 -3.04773784757950226e-03 0
1.10160000147297613e-01 -1.83402108458850521e-01 0
2.04988255688181076e-01 4.65809533418826624e-02 0
1.82375494166669178e-01 -1.21615924257837599e-01 0
4.32483108311685766e-02 -7.12882103555661645e-02 0
3.28843496907882338e-01 -4.08805356524760063e-02 0
2.64139835662488165e-01 -2.13080267080789060e-01 0
2.81821785871296082e-01 1.56437361468049333e-03 0
2.90623331530463436e-01 -2.69900152300696665e-03 0
2.82972004194262716e-01 -8.48646907876434917e-03 0
2.69440596847572877e-01 -2.68170626212270780e-01 0
3.14200823034482490e-01 -1.24597061963387032e-02 0
2.83646614518671347e-01 -3.92927913262472450e-03 0
6.81122593278390559e-02 3.95878015011782922e-02 0
1.69462019560083554e-01 -5.64764342139948000e-02 0
2.97178817285034147e-01 -1.60521579609214783e-03 0
3.01334076410454288e-01 -3.79344085225352483e-04 0
2.96612824436990385e-01 -2.15731846514744191e-03 0
2.90452789510737830e-01 -2.25638634370171585e-02 0
3.01027683321368866e-01 -3.87032458382886055e-04 0
4.74461206474050379e-01 -4.07479173904625111e-02 0
3.14344251321610146e-01 -6.82376270496030946e-02 0
3.04043813005498542e-01 -3.09686591513132789e-04 0
2.35327188612620336e-01 -1.65083971904288446e-01 0
2.74256942290240335e-01 -8.55564052186095006e-03 0
2.15148442563648068e-01 5.44956589261358856e-02 0
3.66940523878156288e-01 -4.03678342157588604e-02 0
3.72883059475510592e-01 -1.94783334214675696e-02 0
3.05331012358662612e-01 -2.25755399747153869e-02 0
3.00875309877311203e-01 -2.16304544046766771e-03 0
6.91508668010223926e-02 -7.40964214367025031e-02 0
1.87433373224716676e-01 8.27464728780842040e-02 0
2.38286153037522985e-01 -4.03923405690638712e-02 0
1.73813435771565050e-01 -1.22455578129140139e-01 0
2.98989123820437852e-01 -1.42993107441490252e-04 0
2.90918520359604749e-01 -2.08046735550413298e-03 0
3.39982649895527733e-01 -2.74701964015666086e-02 0
2.43232539602635495e-01 1.94133682763381749e-02 0
2.99698370617228815e-01 -1.29648402175211517e-03 0
2.98845472079971142e-01 -3.04061372586044701e-03 0
2.90147671967953713e-01 -1.17342947809070161e-01 0
2.80214412104284161e-01 6.13259501544917082e-03 0
2.94268529336037088e-01 -5.52225318128879688e-03 0
2.73280505241967675e-01 -5.90656664334220025e-02 0
3.30223106604430161e-01 -1.19338395886108631e-02 0
1.58527564299009882e-01 1.06382279401029747e-01 0
2.97553476518040760e-01 -2.51599517523597247e-03 0
3.02357886937828502e-01 -5.81215970205155221e-03 0
1.44930610732587728e-01 -7.63427158209567958e-03 0
2.92638357882643918e-01 -1.70639980388811348e-02 0
1.72119088629314049e-01 -3.39278686768270527e-02 0
3.02500448244858611e-01 -1.26469478892936608e-03 0
2.45993809098077831e-01 -1.61826597139377470e-01 0
3.03416181719907141e-01 -1.55446781252835679e-03 0
2.84199343656273473e-01 -1.73548463601307166e-03 0
3.03644495892075816e-01 -1.96603783780319591e-02 0
2.64737822068952910e-01 1.06614366995014427e-02 0
2.89230159193592351e-01 1.57665376798603817e-03 0
3.01033356325413115e-01 -2.02583773433516771e-03 0
3.87485936403570264e-01 -1.16427796744221160e-02 0
1.50072383244683666e-01 1.18843317787864881e-02 0
5.79754703867679244e-01 -2.66036570948750516e-02 0
4.25013035774436221e-01 -6.86516511850929489e-02 0
2.98996529018259960e-01 -1.69609261381526767e-03 0
2.97406172053143569e-01 -1.14031741628390429e-02 0
3.06583173162250089e-01 -6.58498208239050552e-04 0
2.15669844620366979e-01 5.06943585757503243e-02 0
2.97064041137619417e-01 -1.15979707079098176e-03 0
3.02280198563309177e-01 -2.25732986245611366e-03 0
2.69259292768274316e-01 -3.46532931491865068e-03 0
2.97719291576903966e-01 -8.41054835090188947e-03 0
3.03121134583236196e-01 -1.49360285033264318e-04 0
1.78356515963582540e-01 7.07194891434207162e-02 0
3.02408631823647189e-01 -1.71263871659489524e-03 0
2.90079208768628305e-01 -4.16291220897714413e-03 0
2.20839643942863345e-01 -5.72328768654400688e-02 0
3.02622642640391015e-01 -9.52609260475876965e-04 0
2.79525413208809970e-01 -1.24750866804990510e-02 0
3.02767087860476125e-01 -4.23662679036277399e-04 0
2.70292442232153651e-01 5.89445735933772676e-03 0
1.91245232766112855e-01 -2.04794445883744076e-02 0
2.98757061471775054e-01 -4.08351209547020246e-04 0
3.00974817407095030e-01 -1.14877293880996526e-03 0
3.03066344302878987e-01 -3.14966032602089635e-03 0
3.07225000715576513e-01 -1.26891234653717127e-04 0
3.01936871680369923e-01 -1.62389739646344000e-03 0
3.01938980509723509e-01 -3.80480200664316034e-03 0
3.00291983028094012e-01 -6.19208493516407426e-04 0
3.05600731542378545e-01 -3.28274139294262206e-03 0
3.12500162084565103e-01 -2.29017253899170461e-03 0
3.04768205750094945e-01 -1.79034727573867654e-03 0
2.84392702867214131e-01 -1.24634913394801386e-02 0
2.98945341443644985e-01 -3.44722068775177347e-03 0
2.82432629295257864e-01 4.66075751286625962e-03 0
3.22756511192325068e-01 -1.99508039375691192e-02 0
2.90164382404095589e-01 -7.09762151056338858e-03 0
2.88904084595059063e-01 -6.75255063123558416e-03 0
2.26422817220409606e-01 -1.89163481408037223e-02 0
5.73274718823478469e-01 7.44239471071527908e-02 0
1.58104254410966170e-02 -1.93207548335882287e-02 0
3.03704106990454192e-01 -4.74866762191599172e-04 0
2.99308767957120414e-01 -1.13591216700200575e-03 0
2.90127665087198727e-01 1.44192412582370066e-03 0
1.63057519565765308e-01 -4.55835310818112280e-02 0
3.03397202124876086e-01 -8.31767002464992543e-03 0
5.81484512242491425e-01 4.78418561597953318e-02 0
3.77557191856216889e-01 -2.44271324295394360e-01 0
3.01230526262698306e-01 -8.04787129465579158e-04 0
3.01542870739440916e-01 -4.38022013229255732e-04 0
2.90000969883615456e-01 1.82996963273549060e-03 0
3.00421708951317146e-01 -1.65017127195321253e-03 0
2.93394340288493816e-01 -2.16778980710762327e-02 0
3.69754397698982204e-02 -8.54004463125505181e-02 0
2.73783252651239650e-01 -5.86563138397408999e-03 0
3.08281354181563605e-01 2.64298318114283338e-04 0
2.81812809834071143e-01 -7.64460664953052222e-03 0
2.10102262287797714e-01 -1.03983152618913931e-03 0
2.93811821411228913e-01 -1.60409234524627698e-03 0
2.95402124172499780e-01 -2.64710076143380504e-02 0
1.46878599455391667e-01 7.20070231227819546e-02 0
3.01360190225938462e-01 5.70132327198305731e-05 0
3.00565553045906875e-01 -1.33371133542512692e-03 0
1.82653892669939033e-01 1.05557808176048581e-01 0
3.47434657465426955e-01 -2.09205812466872726e-01 0
2.83928454850797318e-01 -2.30516314951192014e-01 0
3.89556318607667706e-01 -4.12719251806763984e-02 0
3.02981358599081152e-01 -2.53495482049977735e-03 0
4.10474097124221116e-01 -6.50001816514863273e-02 0
2.96837612259628458e-01 -9.01739328058276217e-03 0
2.92448434113577960e-01 -1.06276182999851532e-02 0
3.09754894914399281e-01 -1.24522657405696340e-02 0
2.49965627745325825e-01 -6.08522717969021479e-02 0
3.02958289739855835e-01 -8.90300423108614128e-04 0
2.97818082106825421e-01 -2.62401688199065831e-03 0
4.54057097188614034e-01 -1.45244032817811203e-01 0
1.67320859668088018e-01 6.54335723826709598e-02 0
2.76643689757505973e-01 -9.18900848778636710e-03 0
4.15805234886212072e-01 -5.24953471997598731e-02 0
2.41441323922219370e-01 -3.68262295172396698e-02 0
2.98149619253441689e-01 -2.65634670308723857e-03 0
2.96548738891895647e-01 -8.40172748918186982e-03 0
2.99001523839486638e-01 -3.46667705863952540e-05 0
3.81908198286216194e-01 -1.94016228207797431e-02 0
3.01097145159466617e-01 -2.43400428859763871e-04 0
4.23556928299840929e-01 -5.22761065853236048e-02 0
3.02086942828975413e-01 -4.91664074253083533e-03 0
3.05027008120524079e-01 -7.72950523449176218e-03 0
2.52035878085008602e-01 2.11600375175315415e-02 0
3.01415829850700812e-01 -1.94472607391947098e-02 0
3.08315817630523070e-01 -9.17716011431975176e-02 0
2.99058656863991190e-01 -2.51486094417790063e-03 0
3.71019198245771786e-01 -1.08576908568155980e-01 0
4.27494352040759140e-01 1.52146675381048570e-02 0
3.22782914203744997e-01 -1.12148897946576474e-02 0
2.97617021551969951e-01 -3.43727256282342405e-03 0
3.00468080281000804e-01 -1.59687394046508164e-03 0
3.08520303469405455e-01 -3.44204975004232857e-03 0
2.99657040482576575e-01 -6.43087576399915296e-04 0
3.03266217333553412e-01 -7.87936386026862642e-04 0
2.93298384224885800e-01 -6.43813233610814224e-03 0
2.89063291978468473e-01 -4.35268528290831853e-03 0
3.67304588425214629e-01 2.64166311334287224e-03 0
3.60399737244120832e-01 -1.15311427089510830e-02 0
2.93041181978412058e-01 6.06954927145606968e-04 0
3.02955527983574779e-01 -1.02219307475974182e-03 0
1.28289283095113227e-01 5.26295049067265278e-02 0
2.97540948715888154e-01 -1.62649247607647989e-03 0
1.79590858186272767e-01 6.91502358991531729e-02 0
2.91157869036415107e-01 1.85311630278741420e-03 0
1.48646544848339085e-01 1.82936969236227098e-01 0
2.98636010065404356e-01 -2.67625133044774657e-03 0
2.82072225267515964e-01 -2.82431502762112811e-02 0
2.98638060295703722e-01 -2.15176931899183944e-03 0
3.01239323329643982e-01 -5.16420203426824591e-03 0
5.58791587981649851e-01 -1.03635399063268657e-01 0
3.64852342728200496e-01 -2.52686869993296370e-01 0
2.99433706230634755e-01 -1.74704829084163654e-03 0
3.02311788576245466e-01 -8.32565670568370778e-05 0
2.91480577765877769e-01 -2.88493264409050952e-02 0
2.99097759181410516e-01 -2.33470902146706632e-03 0
3.02484279820627144e-01 -1.12023255700610599e-02 0
3.03042752878170785e-01 -6.94641509392716038e-03 0
2.97326417431338419e-01 -6.04513050656788555e-05 0
3.13686241583604086e-01 2.44291322576440815e-04 0
5.44469248017913410e-01 -8.72181695761833631e-02 0
2.98601921793966885e-01 -2.25515412765057164e-03 0
4.13602658890124986e-01 4.80345447724252628e-03 0
2.82955541581347725e-01 3.16183110335671255e-04 0
3.01702322092145869e-01 -1.46822547798458326e-04 0
2.99001853153718133e-01 -1.51580967085489194e-03 0
3.54935497773989528e-01 2.40406747679138954e-03 0
2.99866615920600821e-01 -2.03984789985004822e-03 0
2.74463148307246163e-01 -1.50843165904137842e-02 0
2.98858031617150632e-01 -9.99006582810557826e-04 0
3.01539650838248796e-01 -4.86078543811549642e-04 0
3.43175375106866187e-01 -2.34954029494666844e-02 0
2.98595609939918960e-01 -1.79337004264365496e-03 0
3.03273215149162778e-01 -9.34785517508865448e-04 0
2.99300607614429615e-01 -2.43473326879704638e-03 0
2.97374207133434654e-01 -8.55756753022111627e-02 0
2.96611427076065415e-01 -8.02311847402921094e-03 0
2.93962878802064509e-01 -1.69958779483445630e-03 0
2.98608667912228176e-01 -1.92876312079968775e-03 0
3.01009882566339704e-01 -2.60929272283999232e-03 0
3.14115813366590335e-01 -6.63727211496931008e-02 0
3.20795682655443559e-01 -1.65477085712955781e-02 0
1.56301592516741167e-01 -1.70134313292172150e-02 0
2.30707878444220443e-01 -4.23804371814536646e-02 0
4.13310155498003706e-01 -8.03730153724903223e-02 0
1.37932552524010515e-01 2.26046047725483434e-03 0
2.97118467516033213e-01 -2.36880416269465968e-04 0
2.92889859844470690e-01 4.20771973927830921e-04 0
5.18690183188933340e-01 -6.98273310747649506e-02 0
2.94554638926698586e-01 -1.40347937046035286e-02 0
2.46205497186984146e-01 -2.12598863722156861e-01 0
2.35446969145400337e-01 -8.82433339508107289e-02 0
2.96792017472193470e-01 -5.88659182611845581e-03 0
3.57757496437692557e-01 -1.17675667177070217e-01 0
8.61583893554759839e-02 1.48903760718362317e-02 0
2.95333884898886678e-01 -2.37226079364915264e-02 0
1.27540018810769179e-01 2.09411734423929657e-01 0
2.97742982592173688e-01 -3.06981982773099670e-03 0
2.98867149101340990e-01 -3.68729074108512878e-04 0
2.96143881719607482e-01 -2.80734471554423002e-03 0
2.94010616609388375e-01 -2.58786279302701105e-03 0
3.18549495152395945e-01 -3.67359259413511940e-02 0
1.02565869498556686e-01 9.25060756602500978e-02 0
2.98661885491625034e-01 -5.65083180697760964e-02 0
2.94116051804703404e-01 -2.45895948124224672e-03 0
3.00517683348792031e-01 -5.53422925318543821e-04 0
2.90606165016766671e-01 1.05797577711460558e-03 0
2.95200743023574130e-01 -8.37010174110639112e-04 0
3.02662627132703477e-01 -2.89769542360368820e-03 0
1.79254199445751300e-01 -2.69559622424935981e-02 0
2.74769883032726869e-01 -7.04442370796116296e-03 0
2.44689370402842443e-01 4.85856246934033859e-03 0
3.09237929552915403e-01 -1.30089776028292671e-02 0
2.69178712409153198e-01 -1.60847821260970726e-02 0
3.00002623844648375e-01 -7.73900682075204910e-04 0
1.09160077178155832e-01 1.94863618126891430e-01 0
1.37472854975649844e-01 1.72318492340495427e-01 0
3.32602593204782970e-01 -1.77545309676500167e-02 0
2.75566078101854517e-01 -8.37573507025044656e-02 0
3.63621756393907924e-01 2.31483520512123587e-03 0
2.95632828918991564e-01 -1.80076611254507551e-02 0
3.01208674453439240e-01 -2.47046756090768321e-03 0
2.91964203937074784e-01 -7.49672360938946538e-04 0
3.08225625374347278e-01 -2.49208337828803585e-03 0
2.13893607614048076e-01 1.53954951949360416e-02 0
2.98813508245997950e-01 -4.10234075786095227e-03 0
3.54752775420953403e-01 -2.31618793401974499e-02 0
5.01786725263712596e-01 -1.50480371919837486e-02 0
1.95933320927724614e-01 -2.31643492456043876e-01 0
3.02328732047513093e-01 -2.39202280846367420e-04 0
1.73895668407940712e-01 2.41068381845272267e-01 0
9.19039282888453463e-02 1.82798468189465324e-01 0
2.94358399397970205e-01 -2.97324286109257666e-03 0
1.21060678285132312e-01 -5.18057166914674266e-02 0
1.93276029132753602e-01 -3.54991763718899946e-04 0
3.17515140465614687e-01 -3.83790138893544339e-02 0
1.09735717715211401e-01 8.66598366007539922e-02 0
3.03057699915648460e-01 -7.18341780333173132e-04 0
2.99907469973838547e-01 -3.38728130413351158e-03 0
4.08288810131674229e-01 -2.38525777689629848e-01 0
3.01397690007653152e-01 -1.57450130251068354e-02 0
5.08398855137890737e-01 -1.32048710950713688e-01 0
7.81137091853515986e-02 2.34955475696815852e-02 0
4.89652600900375656e-01 -1.79439508137663545e-01 0
3.04648844799677632e-01 -2.38590740935314041e-03 0
3.86008661113861284e-01 -9.21302283806371518e-03 0
3.02529426879404428e-01 -1.74262600956902221e-02 0
2.88549251937358198e-01 -2.04900206591578232e-02 0
2.92209751790674765e-01 -1.54939131017098591e-02 0
4.55319268506845620e-01 -4.54600739978554200e-02 0
5.32114095277424037e-01 5.52952166902929351e-02 0
1.25833545378714801e-01 1.78132792537420676e-01 0
3.86175853726051732e-01 -2.50770457870182872e-01 0
2.91919383103997065e-01 -4.39990707099134886e-03 0
2.77418711281100794e-01 1.11686119743352940e-03 0
5.15099007741652515e-01 -1.19967011904822854e-01 0
3.02111491643272556e-01 -2.55898299709527008e-03 0
3.00205711022238808e-01 -3.27388520110724959e-03 0
2.99576358275076338e-01 -9.23321983511346425e-04 0
2.96463503755340363e-01 -3.95578923522019220e-04 0
4.01243964999723590e-01 -3.35740115311053966e-02 0
2.37405110562399435e-01 -4.45571969853446673e-02 0
2.94288912264540792e-01 -7.39714697797760196e-03 0
3.05268385538242093e-01 -3.08323739355833562e-03 0
2.95558086941932086e-01 7.53274777422242452e-05 0
2.19187182384428914e-01 -9.82463987053521087e-02 0
2.98825798906006468e-01 -2.37635590819473830e-03 0
3.24186913587022785e-01 -1.47600040246593980e-02 0
3.10790318275736555e-01 -5.27074684887031825e-02 0
2.87283795258062136e-01 1.85054443614455643e-03 0
5.39731306608044470e-01 4.27794989279881299e-02 0
4.63084944760784767e-01 1.39753032436187082e-02 0
3.03389477191823131e-01 1.01192398057115105e-04 0
3.00817855904618736e-01 -3.97423827384873389e-04 0
3.24867703305241284e-01 -3.70377936129447985e-02 0
3.00790109569648356e-01 -1.93009946966179709e-03 0
3.04421452140403836e-01 -5.57703209012424010e-04 0
4.61850085665995669e-01 -6.62986073577400969e-02 0
3.30798453631499956e-01 -1.22900501165877532e-03 0
2.96646226749501252e-01 -2.76424857049761656e-03 0
9.64909054819665379e-02 9.83685313695526753e-02 0
2.34087414309371911e-01 1.04498264981665312e-02 0
2.97254499624221125e-01 -1.25001316661984586e-03 0
2.54291127802903638e-01 -1.63403860816228874e-01 0
3.01991149512194634e-01 -4.19305255948553696e-02 0
3.26149002663357113e-01 -1.70709364201951680e-01 0
2.98813734307354195e-01 -6.29868601429560703e-05 0
3.43871425694844024e-01 -2.09415816663158338e-01 0
2.99245116589919369e-01 -3.20154709932826296e-03 0
2.96802696168572522e-01 -2.55263209600226776e-03 0
5.26087288152327082e-01 -6.99373129149448158e-02 0
3.00086392860566042e-01 -3.68650619936314186e-03 0
8.74758528339196623e-02 -2.24090995157670593e-02 0
2.96582354904349199e-01 -3.03673275854313314e-03 0
2.84673889821878745e-01 -2.97803619281139997e-03 0
4.34729952804559117e-01 -2.29975278640628750e-01 0
3.08153034775076384e-01 -7.66645933704462705e-03 0
2.97407772428116890e-01 6.03742013433546966e-05 0
3.05214444583440547e-01 -2.54279079840477248e-03 0
1.02697637549086798e-01 8.10566223940333147e-02 0
5.14498740710251590e-01 -8.03289540422217341e-02 0
2.94157631948291531e-01 -6.63450084780411401e-03 0
3.20500194683172535e-01 -1.78313271588004529e-02 0
3.56990774633175245e-01 -1.74043446632955109e-02 0
2.33605358405519187e-01 -5.01128570207877155e-02 0
2.99056557333861994e-01 -7.23641376454165359e-05 0
2.99009128103831845e-01 -3.06567280129749174e-02 0
2.91994137733499082e-01 -4.04337459082722978e-03 0
2.70853358279184608e-01 5.70911249685248420e-03 0
2.86033347332967092e-01 -9.16578446782984058e-03 0
3.04894220338937649e-01 -2.99095577805348492e-03 0
2.06337877963477884e-01 -9.48864162983449472e-02 0
2.98115470997740217e-01 -2.52640815464259989e-03 0
1.17857603050317006e-01 1.23573302390065531e-01 0
2.99051671453328449e-01 -2.19680186333586934e-03 0
2.19336988523032184e-01 -9.68875558104107526e-02 0
3.06010281686473540e-01 1.02958221695552161e-04 0
6.73433039955474017e-02 9.44655722224616162e-02 0
2.97413207589495354e-01 -8.13033369406133792e-03 0
2.94024928713278788e-01 -6.12841305037957473e-03 0
3.01447339479173571e-01 -8.17730718874884986e-04 0
2.99146296389273036e-01 -5.19220018900143419e-04 0
2.92610812870614578e-01 8.58708791749971485e-04 0
2.87625743613486973e-01 -7.78382126088266227e-04 0
2.97526019451971824e-01 -1.72196014745693233e-03 0
2.67743694973206214e-01 -1.55225222286419547e-02 0
2.99437544861715310e-01 -1.75114240643510000e-03 0
2.95563478059594154e-01 -5.96352078272787203e-04 0
1.81668010145020709e-01 1.18491847272990072e-01 0
4.91410842023779437e-01 -1.33980392044863762e-02 0
2.13791212331604447e-01 -5.91064740625794199e-03 0
3.03163633571450930e-01 -1.12458744114154628e-03 0
2.90809350662644850e-01 7.37707282466918118e-04 0
2.96502685083726791e-01 -2.51808501416145043e-03 0
3.32092452224988954e-01 -2.14303198133937250e-01 0
3.97494753018828639e-01 -4.29411773417433529e-02 0
2.82747234775678202e-01 -2.13504414486082109e-02 0
3.05684237707312845e-01 -4.18618892905004390e-03 0
2.65889323606050332e-01 -8.38035915283171506e-02 0
1.71780709772596213e-01 6.82709065217080024e-02 0
4.20573975802683409e-01 -6.89448051761669956e-02 0
2.62214096086000437e-01 1.38549533443712760e-02 0
3.17802479802494098e-01 -1.58847723986048038e-02 0
2.98869671337937404e-01 -2.23915848985162215e-03 0
1.27398193722075809e-01 -1.44593226163524213e-01 0
2.93268166615330284e-01 -3.45103412281971764e-02 0
3.02806958259848380e-01 -1.88429109502615787e-02 0
3.22626645707716486e-01 -2.95073528580158326e-03 0
2.40640530741494801e-01 -8.29813721144277705e-03 0
3.74378412472077260e-01 -8.25558356315130443e-02 0
3.01385018192373344e-01 -2.69822594155390977e-04 0
5.87121100356752315e-02 -1.64609646728717002e-01 0
1.27382154217228621e-01 2.23092794343509315e-01 0
2.97814761396460348e-01 -1.70653171284079167e-03 0
2.93521273329557575e-01 -1.40006723087168806e-02 0
9.90327405964788188e-02 5.76621419044118493e-03 0
1.76891759173926882e-01 1.06235347514060274e-01 0
6.83134728753082184e-03 5.79360145406921934e-02 0
2.97434504993460136e-01 -1.96238311915990183e-03 0
5.86195103595598677e-01 -5.28169982627051636e-03 0
9.39806383391070116e-02 -2.46041026343431814e-02 0
3.32948064489760220e-01 -7.45773182188651101e-02 0
3.19174088682696810e-01 -1.89430464920012052e-02 0
2.95807814080243980e-01 -1.21867234885024344e-04 0
2.99247512775617064e-01 -3.30844100712524274e-03 0
3.56678394825232226e-01 -1.08514056662225491e-02 0
2.77886079317814116e-01 -3.80274517180727561e-03 0
3.04757179173522685e-01 -3.44385493797036727e-03 0
5.01328577640129058e-01 -1.38637825316917512e-01 0
3.03642246070388477e-01 -8.30221987347091474e-04 0
2.89811996656188287e-01 -8.11326341115944753e-03 0
1.78149764760503759e-01 3.33563290605062568e-02 0
3.04556386887245234e-01 -2.37873221755345761e-03 0
2.94328345704128747e-01 -6.72988588008869952e-03 0
2.91999924756505935e-01 3.14075552922841658e-04 0
2.97608383687669120e-01 1.69861068787135593e-04 0
3.01802448743518026e-01 -1.63587470918995562e-04 0
1.52445627133407591e-01 -2.11678392171616880e-01 0
4.15207970048395436e-01 -1.72784648782619538e-01 0
1.40280949594204979e-01 -1.53898840416451715e-01 0
2.50229008253112672e-01 -1.19019969764623090e-01 0
2.73835859357644873e-01 5.10584402504412564e-03 0
3.08376288138983767e-01 -9.62404366355333087e-03 0
2.75856926052203522e-01 1.92104924678764910e-03 0
1.91974465193951560e-01 -8.36024431024983417e-02 0
2.84873600899926527e-01 -2.10381170197273641e-02 0
3.21990066607340419e-01 -1.31404404090115102e-02 0
2.89844045123806515e-01 -7.61914153034889356e-03 0
3.16321300597118826e-01 -5.76167966709472627e-03 0
3.43375058071744177e-01 -2.32550472299738714e-01 0
3.01184564718581960e-01 -6.32280811228507801e-04 0
1.59563689778637025e-01 6.43351720266943788e-02 0
2.97519127097342628e-01 -1.25309419789927244e-03 0
2.56307458706482250e-01 -6.14129894286638556e-02 0
2.99133206617245739e-01 -3.91007928442526926e-04 0
3.05218691030293698e-01 -2.00820334095053480e-03 0
2.88164835523807839e-01 9.85311868969714760e-04 0
2.95690258577352594e-01 -6.99948557176888371e-03 0
3.03623920245317314e-01 -6.55484694821165462e-04 0
1.51045804732751227e-01 2.27209090615699605e-01 0
1.30776219087198713e-02 2.26641959925300528e-02 0
2.94897666798877911e-01 -3.28896817596610559e-03 0
3.01765680705612549e-01 -1.14729091030317640e-03 0
2.95583748711204075e-01 -1.02148350196162776e-03 0
3.03561489181537636e-01 -1.02759760892817838e-03 0
2.87779343979659652e-01 -2.77001424879101546e-03 0
2.38526942906492290e-01 1.35325583842055355e-02 0
2.74672097281299543e-01 -6.73004813823483705e-02 0
2.00125333872476580e-01 -1.05939117764157043e-01 0
2.87336557383123248e-01 -3.57808951063951159e-03 0
2.95871249869273045e-01 -1.55942608891485333e-04 0
2.98020457988233234e-01 -1.61936664590577940e-04 0
1.37664591588621099e-01 -3.81280808973785482e-02 0
5.29977448146517593e-01 5.87903036203381996e-02 0
5.30622417075841263e-02 -1.33750929838930138e-01 0
3.01134859603510496e-01 -7.45152271973788119e-04 0
4.57562542453246457e-01 -3.37175677057587816e-02 0
1.95814914348979685e-01 -7.99806793234059676e-02 0
3.05223416944649772e-01 -7.40065082717930676e-03 0
2.98996700115435221e-01 -4.52239747275087929e-03 0
3.02203323697407267e-01 -4.35925431053262105e-02 0
2.89461797185051273e-01 -3.19791785456386606e-03 0
1.75127882683165675e-01 -2.32169992214171006e-01 0
4.16425330862776166e-01 -1.90969455179403280e-01 0
1.86551379024457620e-01 -7.10410126747160059e-02 0
2.96136597860080564e-01 -6.49386037362654372e-04 0
2.13574858702598180e-01 -1.48219580663805695e-01 0
4.22960907929294139e-01 1.62253932913017478e-02 0
1.81674291297426710e-01 6.26224288283830227e-02 0
3.04382693779557068e-01 -3.81993171676335759e-04 0
3.02035711554132114e-01 -2.71518610445879802e-03 0
2.84292198137147956e-01 3.50010968447702448e-03 0
3.84479339000312159e-04 1.33497763737867592e-02 0
2.97488213356209841e-01 -8.39713749410675187e-04 0
3.08460649485637062e-02 -1.19561914672722772e-01 0
3.01447866085083338e-01 -1.04060442488708134e-03 0
2.90824201933355564e-01 -4.64535174087871757e-03 0
1.28354794533461603e-01 2.14905890310142039e-01 0
3.16839365806362128e-01 -5.00983043945947039e-03 0
2.57523050693241939e-01 -9.10019807024779921e-03 0
5.13678801859783096e-01 -1.69555010380017745e-01 0
2.99372713996259254e-01 -5.93215853180933256e-04 0
2.41605362053412154e-01 -2.49204740465454010e-02 0
3.43608393960153136e-01 -2.48563338337408041e-01 0
2.97999216394381761e-01 -4.01075853245732184e-03 0
2.90181646641400615e-01 -1.37223479652103897e-03 0
2.98692706929295115e-01 -3.69312867173721181e-03 0
3.00662988660574559e-01 -7.66722691730805945e-04 0
2.90938770628039411e-01 -2.04095474415909930e-02 0
4.20536743782859990e-01 1.24544338442987047e-02 0
2.26097586022442898e-01 4.00112698917169305e-04 0
2.97444371452582845e-01 -1.87827777694620640e-03 0
3.01381535817822788e-01 -4.74783785977368961e-04 0
3.00884869355328877e-01 -1.79365795502594021e-03 0
3.21786897465628052e-01 -1.46703011676201592e-02 0
2.98596098293110679e-01 -2.77841953424844959e-03 0
1.96033030196697849e-01 5.81174881405457089e-02 0
3.00571978012787733e-01 -2.75979098137231742e-03 0
2.97649277595073702e-01 -2.11546750014595048e-03 0
3.01192513822600594e-01 -2.85239621944072968e-04 0
1.01228001528679362e-01 1.62724103009187528e-02 0
2.95366604794097209e-01 -7.95400429839273823e-03 0
2.99179732597440962e-01 -2.71559762251810221e-04 0
5.10794193499282012e-01 -1.64276833312895720e-01 0
2.97981124646414408e-01 -1.30466025650623259e-02 0
1.99940920461284477e-01 2.48000674499983288e-02 0
3.01101359027249327e-01 -3.87161619452245070e-03 0
3.23163866809278943e-01 -1.11789482179841509e-02 0
4.24694006627379828e-01 -1.71104687922384063e-01 0
2.99330417323115106e-01 -1.62746429840828176e-02 0
2.98818873079327363e-01 -3.22092262267257732e-03 0
3.01001169422565829e-01 -2.27599013982583047e-03 0
2.81450322725534996e-01 3.08413753841690983e-03 0
3.00991960542051740e-01 -8.58265107898925996e-04 0
3.55464951567151632e-01 -2.43040510551032728e-02 0
3.35083908056156288e-01 -6.69185248645663006e-02 0
2.98826754005495576e-01 -2.03025707776154606e-03 0
4.60707452138727602e-01 -5.04081698327862385e-02 0
2.41764177777720662e-01 8.51353244656781125e-03 0
2.97441393160781331e-01 -5.01138259290038264e-04 0
4.57181846792808766e-01 -6.11642054822563869e-02 0
2.97438654134992597e-01 -3.85169131884423917e-03 0
2.99561525215193358e-01 -3.34364715612083755e-03 0
5.21864750454120396e-01 -1.04196845969296764e-01 0
3.07838408864625490e-01 -4.73560596643160456e-02 0
4.06852913271517513e-01 -6.68596170134008461e-02 0
3.01406089784801379e-01 -3.94339286710050890e-04 0
2.92245571681450989e-01 -1.58013260309059433e-03 0
2.83610006188269204e-01 -6.91255660919064523e-03 0
3.86476760240279493e-01 -2.41750668102167526e-01 0
2.35197220724635808e-01 9.49630695284288916e-03 0
3.00257638328987997e-01 -1.06741815951504103e-03 0
3.01041132663691480e-01 -4.35196617199468290e-03 0
1.98191091363977452e-02 6.81571657571629491e-02 0
2.98023076445423307e-01 -3.86783379608786294e-03 0
6.76959992464978982e-02 -1.48762311445486489e-01 0
2.93719231742842757e-01 -3.21135969393882975e-02 0
3.02794570924354467e-01 -5.42668034262819895e-03 0
1.43295613740176880e-01 -1.47858352706501800e-01 0
2.14854003611051753e-02 4.04823885073347586e-02 0
4.81642136434329432e-02 -7.29491648522434394e-02 0
2.59882277042244925e-01 -2.12205116827470230e-01 0
4.57725573226856475e-01 -7.70533175246436719e-02 0
1.50788061734711348e-01 2.38050984902794610e-01 0
2.97665388874935599e-01 -1.03429108389108408e-03 0
3.00252535272570731e-01 -3.85102367796371931e-03 0
2.91127992587127515e-01 -8.79141827778519812e-03 0
2.96387784352375117e-01 -2.91221240245664089e-03 0
2.99920454801662351e-01 -2.00506142996091756e-02 0
3.29336996807279625e-01 -4.07177182066643419e-03 0
3.59714656394438947e-01 -3.93954280708064264e-03 0
2.68602630383886432e-01 1.19642785761565479e-02 0
2.99694746724686933e-01 -3.56488482981371637e-03 0
3.00182919999269937e-01 -1.09861049030537646e-03 0
3.58971912080248201e-01 2.44844439826321508e-03 0
2.95101320503954656e-01 -9.81407128369298810e-04 0
3.98445111840062149e-01 -7.69900076031064529e-02 0
5.03134096181625079e-01 -1.13463595421243055e-01 0
2.98403357109563006e-01 -5.19297883460469612e-03 0
3.03701961186391867e-01 -1.15707256545464106e-02 0
1.43738140544588361e-01 -3.94674434335659657e-02 0
2.10167891952912772e-01 -1.35093958364838007e-01 0
2.98093281072494942e-01 -2.17945416899565774e-04 0
3.00683924496185417e-01 -2.67451388342238331e-03 0
2.43949320577628304e-01 1.12798637544515717e-02 0
3.01520409954617985e-01 -1.71472846401452494e-03 0
1.78635587742868140e-01 -4.32678090729096965e-02 0
2.90249724685834098e-01 -3.78850501942851886e-03 0
3.01023489354358686e-01 -3.87283192859827659e-03 0
2.99109361216536529e-01 -9.92745202557577844e-05 0
3.04996403644907765e-01 -3.64911588405938091e-03 0
3.01083083113215078e-01 -1.56749671072664125e-02 0
2.95793531347670391e-01 -1.18578300461944734e-02 0
3.11353779654518992e-01 -2.14592146588499996e-02 0
2.99432895013240163e-01 -1.31164354969869122e-03 0
2.86744152493409954e-01 -1.76754438243571441e-03 0
2.49024682992575047e-01 -1.08920861169691838e-01 0
1.71269831412102308e-01 1.04709626792144558e-01 0
1.27513886605630511e-02 2.04115619418225661e-02 0
1.97009961961871261e-01 -7.07200283313346584e-02 0
1.73486926269657532e-01 -1.06253410783079413e-01 0
3.01415738241848807e-01 -9.98991236388016221e-04 0
3.01751764379784959e-01 -2.52511143966240937e-03 0
3.01036767260283666e-01 -1.89670606532350730e-04 0
2.96381276311406705e-01 -4.55637404367752554e-04 0
3.07435335025368073e-01 -2.12264353577942041e-03 0
4.74524662850493925e-02 -1.24976422354695499e-01 0
3.30963830552054250e-01 -2.24773352928234922e-02 0
3.00427662834350295e-01 -4.45599889276332775e-03 0
2.94373744627874634e-01 -2.77704056819318840e-03 0
3.03276776234951251e-01 -4.97124574489831231e-03 0
3.01645595148523959e-01 -1.05263851796069067e-03 0
3.00646012978661614e-01 -2.69179460910085521e-03 0
2.43541653345957121e-01 -1.90973023211764126e-01 0
3.08714780257610344e-01 -2.42819471863368018e-02 0
3.01813275268409176e-01 -2.56256893435184967e-03 0
5.02183325923122537e-01 -1.66990965859508428e-01 0
2.08386697399710025e-01 -8.69897385904714188e-02 0
2.06502143477488326e-01 -5.53769315310617596e-03 0
5.70048132768571914e-01 8.83909505312223398e-02 0
2.99070061302812273e-01 -2.10810167937064809e-03 0
3.04290579648807513e-01 -1.62395193600767870e-03 0
2.90966842698985040e-01 -3.88905592652208669e-03 0
3.05791895281945780e-01 1.31299452841729505e-04 0
3.02622178978536382e-01 -1.09642752655484627e-04 0
3.60031490262806120e-01 -5.32813775979133156e-03 0
2.74213822263928819e-01 -5.29863465886802262e-03 0
2.99925632269099018e-01 -6.07545925323354640e-04 0
2.93424091575544332e-01 -1.09621307732102116e-02 0
1.40280188796411631e-01 1.58741144268724960e-01 0
5.82443826756044336e-01 3.71646743734985741e-02 0
2.97541961598306925e-01 -1.18167495912383891e-03 0
1.60963720085608830e-01 -1.60278579749577488e-01 0
2.04232923138703892e-01 -1.60385920349197186e-01 0
2.99291164262019016e-01 -4.06692955120342085e-04 0
3.23958073142503244e-01 -1.84987374196831748e-02 0
3.00786176177357756e-01 -3.59832560022097046e-03 0
2.98829945735347491e-01 -4.21292868399460434e-03 0
2.57681975225189541e-01 7.20880044195235277e-03 0
1.22435480917035350e-01 -4.01840914245927688e-02 0
2.88387901182891537e-01 -1.12625172435213805e-01 0
2.98953688609801427e-01 -4.47017468664761587e-04 0
2.97586717837238612e-01 -8.85312006438871487e-05 0
2.81962426704136071e-01 4.45412963102507359e-03 0
4.18034863192714379e-01 -2.37274531236216696e-01 0
2.43122008571174913e-01 -2.07127248559767191e-01 0
2.97460871891955803e-01 -4.30283383921993036e-03 0
2.19478951294079905e-01 -8.88406322907333290e-02 0
2.82404270831005999e-01 -1.00780454013955859e-02 0
1.07480971332972117e-01 2.09053922690290689e-01 0
3.02475071784763905e-01 -2.15811834392133249e-03 0
3.05529586163886480e-01 -8.36899439030254835e-03 0
3.01410045119185233e-01 -4.18649985638619871e-03 0
4.06046600463478735e-01 -2.31484264222519581e-01 0
5.26416340374328717e-01 -8.23494621568528207e-02 0
2.35858132974357315e-01 1.76040372766422017e-02 0
3.07579136934823971e-01 -1.65487065646890996e-03 0
2.98073724940192908e-01 -2.85408178001048465e-03 0
5.51106384037024166e-01 -1.14256447829127722e-01 0
2.04329371727888592e-01 -3.77436744468554949e-02 0
1.63536537521165121e-01 -6.61907289473462421e-03 0
2.98373826243554019e-01 -6.24699718368920687e-03 0
2.77926200843441218e-01 -1.16429954800504776e-01 0
2.97517871865230099e-01 -7.46868524116090730e-04 0
2.49663759545258768e-01 -1.47375956765990329e-01 0
2.88852352217663200e-01 1.90182484550704902e-03 0
2.02634592195876539e-01 -7.97150286100021394e-03 0
2.17434886723962745e-01 -2.59873975022941961e-01 0
2.87632749854885128e-01 -2.55810994525878339e-03 0
3.18398005862518541e-01 -4.35480228899625676e-02 0
3.01279706380457035e-01 -2.01259191275942858e-03 0
1.47887032845557993e-02 -2.51373018418996202e-02 0
2.11392800091718347e-01 6.25359708632088201e-02 0
3.00029167146194153e-01 -6.43418890102180445e-03 0
3.39879946100196742e-02 -8.28576241787225276e-02 0
3.05476987150741619e-01 -1.50435113004110006e-02 0
2.98168953134042236e-01 -7.74751659332206083e-04 0
5.85672137268396058e-03 -5.00910255320176495e-02 0
3.01476179735835348e-01 -1.68510782056834930e-03 0
2.99117483845170729e-01 -3.91017928474189733e-03 0
1.65292884037608306e-01 5.35836718279767629e-02 0
2.98691594926260517e-01 -2.86544311402376934e-04 0
1.54599639751625051e-01 -3.26142607740943433e-02 0
2.94596070681986344e-01 -2.29421890630486514e-03 0
1.42326697193540574e-01 -1.38789105967390247e-01 0
1.54268095334935768e-01 2.26713173826455283e-01 0
1.59560101404758931e-01 -1.34847116325209404e-01 0
3.09172271637415008e-01 -7.23994600698082830e-02 0
1.21861076815806227e-01 -4.21721773397763511e-02 0
2.68089292689345005e-01 -3.46665573993540921e-02 0
2.89169412735862996e-01 -3.98617874290557294e-03 0
2.99270486493200538e-01 -6.55431745310323922e-04 0
2.95641544053264038e-01 -4.67540005422673825e-04 0
3.70952195584289879e-01 3.32710365148978105e-03 0
1.65109852705315197e-01 1.01251427473276357e-02 0
2.86944513448137262e-01 1.46646563448204928e-03 0
2.00035367139230008e-01 5.35908701641781907e-02 0
1.56538044078988831e-01 4.58262578657015404e-02 0
3.01139450126688801e-01 -1.92630165976614065e-03 0
2.42287078026301367e-01 -3.46257061013848372e-02 0
1.75521107741320348e-01 -1.02633273972910444e-01 0
3.05268527259069944e-01 -1.43196065621599357e-03 0
1.33303617499958255e-01 8.20309156021602204e-02 0
3.02609305329976985e-01 -2.90215533592281388e-03 0
2.90708451245384414e-01 -1.92675806386070902e-02 0
3.17109164693763490e-01 -2.12648167222166881e-02 0
2.99550667382510516e-01 -2.72182202782095045e-03 0
1.91621047278943524e-01 -2.17194722020678938e-01 0
4.13168102326254560e-01 -2.35325694796044510e-01 0
2.97727583052207034e-01 -1.85200894141978960e-03 0
2.01183452641937238e-01 4.39118172670526635e-02 0
2.32040918575784461e-01 -5.75022404770140268e-04 0
2.99234809537958113e-01 -1.95341511046515396e-03 0
3.03282988080317728e-01 -1.93492301968487186e-03 0
2.97311600406363952e-01 -2.17449406355896485e-03 0
2.74060464554674033e-01 -1.04436703256532065e-01 0
1.20431981901969656e-02 7.42864059148831413e-02 0
1.95312853897269129e-01 4.35436598656552265e-02 0
2.28868973129501543e-03 3.14595419094106446e-02 0
4.14356715594166244e-02 -1.36323732129334241e-01 0
3.01055092208768915e-01 -3.47140530784418927e-03 0
2.98017019408209627e-01 -3.20945512264639212e-03 0
1.90307693877214246e-01 4.74452763103774336e-02 0
5.80319303490168026e-01 -9.10854345744987678e-03 0
3.02428867891535558e-01 -1.11590773837456659e-04 0
4.26935299425501499e-02 1.39248334749334207e-01 0
3.02184407815807132e-01 -2.05891662899082751e-04 0
1.35753946321415436e-01 1.16757482596689152e-01 0
2.97405131576624293e-01 -1.38888296012813425e-03 0
3.07591659994973232e-01 -1.37207431293352353e-03 0
3.30307030300099946e-01 -1.23201664386110785e-01 0
2.80403163858332305e-01 4.00914732803463181e-03 0
2.99371636496553850e-01 -1.08014107186846686e-03 0
3.19454894529465849e-01 -2.35752930217653991e-02 0
2.93558971524581047e-01 -9.80340268173960326e-03 0
2.98272014284684028e-01 -5.15877873028664546e-05 0
2.59593203667832284e-01 6.53434462217061893e-03 0
3.02436720290175043e-01 -1.79633024690866003e-03 0
2.98135230981523836e-01 -8.44639155693408471e-04 0
3.02824809762037572e-01 -1.48179555239813109e-03 0
3.56679462768004163e-01 -4.05379480768718655e-03 0
2.99696602031800707e-01 -5.88944307129249042e-03 0
4.59501544022133224e-01 -1.25123805110102237e-01 0
3.00232851894015884e-01 -4.18613201164437770e-03 0
2.98107331213199045e-01 -4.32322708704019083e-03 0
3.00876539992111391e-01 -4.67265557245989671e-03 0
3.19904661318524020e-01 -1.66264494223881371e-01 0
2.99555845753643246e-01 -3.24298939821579708e-03 0
2.67336972702637787e-01 -3.62405894452840910e-02 0
3.02336154593048800e-01 -2.06848867593922327e-03 0
2.23728123111573418e-01 4.42673165180069300e-02 0
1.04542010999313650e-01 1.87061290108259150e-02 0
2.76276437931772367e-01 -1.14149791340936845e-02 0
3.00104729306823137e-01 -6.57330219305123347e-03 0
2.70955224819972751e-01 -4.02862655890384291e-03 0
4.77086942593323404e-01 -9.52201417260699345e-03 0
7.13183176777724692e-02 1.76232621297430392e-01 0
2.38446593509139049e-01 5.47687076971382653e-03 0
2.98589212310429675e-01 -2.50914320123231741e-03 0
2.98243303372967672e-01 -1.86387405855394745e-03 0
3.03206525745798039e-01 -5.75430955277347195e-03 0
2.99023230392507111e-01 -4.64854611021676880e-03 0
2.98863368958688869e-01 -2.49621427916081259e-03 0
3.33094606775585889e-01 -1.36030809698992096e-02 0
3.01403032004026461e-01 -3.73571516298128832e-03 0
5.85388027296709024e-01 -1.50183982142909137e-02 0
4.42938114115978943e-01 -4.20772272653996207e-02 0
1.89517843967639960e-01 2.15696464155029438e-01 0
2.97885594368162310e-01 -2.30865198558113200e-03 0
2.97273856433628691e-01 -2.20575099153814177e-03 0
3.01098209743510981e-01 -3.09022490201955533e-03 0
2.80943760647158314e-01 -2.12001149426000512e-01 0
2.98810277139491098e-01 1.01501616081860823e-04 0
8.53449884487485350e-02 3.43035030013277538e-03 0
3.76237721784282109e-01 -2.32141912501027919e-01 0
3.10701345079546665e-01 -2.05775377611876059e-02 0
3.05487485288310268e-01 -7.00456084509986678e-03 0
3.87901109483853090e-01 -2.27577046664002081e-01 0
2.29074765456863699e-01 -5.08220129470581608e-02 0
2.48063899784098846e-01 7.40459132536882246e-03 0
3.00491901041723242e-01 -3.30539343258513113e-03 0
4.09836822912601206e-01 -1.67392976314316294e-01 0
1.63377138990211612e-01 -1.27824977683235835e-01 0
1.88145006454831953e-01 5.44921935309053002e-02 0
4.68196752909385561e-01 -3.57157860834299498e-02 0
3.69502050803916793e-01 -2.56072996311097811e-01 0
3.01482884939965778e-01 -3.30730151728168050e-03 0
2.98225784913907610e-01 -6.27229386612450715e-03 0
2.95651560920560996e-01 -1.48642613314664226e-03 0
2.97606320354507570e-01 -1.01669709984992585e-03 0
4.52121674769543680e-01 -1.40510921178609055e-01 0
2.99229537338620011e-01 -4.05322362140416782e-04 0
2.78806171616862386e-01 -1.00643181706712784e-02 0
2.89661386530734810e-01 -5.89948050328965769e-03 0
2.71502534894858816e-01 -7.34309121003825192e-03 0
2.97646981186916793e-01 -1.46289729448272673e-03 0
3.02317540107732263e-01 -6.97340924904500409e-03 0
2.99253744839566238e-01 -4.27826928815640793e-04 0
2.99108812231938970e-01 -3.78623209430188059e-03 0
2.98009717186161427e-01 -9.40241576446150659e-04 0
2.26409686399744070e-01 -1.14478640042472730e-02 0
3.02154735748351999e-01 -1.58871120491647114e-04 0
2.81180783415259650e-01 -2.43705785176216473e-02 0
3.01158799008005740e-01 -3.12783583364895481e-03 0
2.98710870741239976e-01 -4.67140460776619987e-04 0
1.96137711067464887e-01 -1.59404696029870535e-01 0
2.98634329328505255e-01 -2.39333911848695763e-03 0
3.14448529494588513e-01 -4.01399367394898940e-02 0
2.50573208967262706e-01 1.28025044132929026e-02 0
3.01388881102078399e-01 -1.08682590966227154e-03 0
2.97902262801644280e-01 -2.44725989302251772e-03 0
3.01816990125675255e-01 -2.86668087557927654e-03 0
2.98217121008869879e-01 -2.08765052273850692e-03 0
2.78319011393368732e-01 4.74432461385857623e-03 0
2.99470793061965945e-01 -1.91966615766493427e-03 0
3.25409089102511428e-01 -1.21630370500931187e-02 0
2.98873889988564012e-01 2.71268463117659109e-05 0
2.99035299824507383e-01 -1.14887683636916970e-05 0
2.88637255435737483e-01 -3.42902922236185776e-03 0
3.00769088991568678e-01 -1.77120679634158295e-03 0
2.35354316728653395e-01 -4.08291972571396978e-03 0
3.00281474655995084e-01 -2.60428579116722290e-03 0
2.98398971468423535e-01 -2.13174977596857808e-03 0
3.01093465147631301e-01 -1.23834255573821730e-03 0
2.46681458346151100e-01 6.50136552652732288e-03 0
2.98110746619244305e-01 -6.00942580379842418e-04 0
1.60481739390921252e-01 -1.43585412750660835e-01 0
3.80312925862254070e-01 8.26369277106900162e-03 0
2.99711599177770405e-01 -2.44602827342344778e-03 0
3.02108255285064742e-01 -4.26351084009551993e-03 0
2.99128364531070112e-01 -3.00923356352856284e-03 0
2.29978634649665697e-01 4.61048005912917825e-03 0
3.19502044713038669e-01 -4.64348203419426980e-03 0
3.19741271793523352e-01 -1.90629878504704614e-02 0
2.72056817531338702e-01 -7.41524956960228857e-03 0
3.13915950338396921e-01 -1.29038689945626655e-02 0
3.28833239711930070e-01 -3.10949842398062278e-03 0
1.98718120528011272e-01 -3.51310955590083684e-02 0
4.47768286562166995e-01 -5.90203399556237032e-02 0
2.98357113821204833e-01 -7.89761055452603165e-04 0
4.76100700106286023e-01 -5.58807294594992204e-02 0
3.00886811770935680e-01 -8.38849899155089378e-04 0
3.16581553825213580e-01 -1.74641984104413339e-01 0
3.03462475192562364e-01 -5.13932929059452911e-03 0
1.73374619189641338e-01 1.83904906496339419e-03 0
2.96180478160183003e-01 -1.77509448830574235e-02 0
3.01441097735228702e-01 -2.97173417196911057e-03 0
3.14763817624002296e-01 -3.51220513201775525e-02 0
3.02765890149071237e-01 -6.52400528454493214e-03 0
2.99481319536627377e-01 -4.57675124068594123e-03 0
2.99777313996094641e-01 -5.09955716460784060e-03 0
3.00008168063180036e-01 -5.41884683674323606e-03 0
2.12430816471293638e-01 -2.69343719837995960e-02 0
2.74591060107256757e-01 3.33259633945523102e-03 0
3.01190937268224435e-01 -2.79243124813362276e-03 0
3.22260450727142711e-01 -2.07746474511800935e-02 0
2.98372025337470648e-01 -5.39369999465211854e-03 0
2.95624462443383806e-01 -1.58690502205686848e-03 0
2.39570032042279918e-01 -8.92851876945769361e-03 0
3.06052845551609498e-01 -5.12355248808293016e-04 0
2.97834970000762089e-01 -8.66867611304137200e-04 0
4.82265566736111262e-01 -7.40933971148278053e-02 0
2.20899904767421357e-01 -7.00971095823396066e-03 0
2.91377378653270735e-01 -4.18509358043167394e-04 0
4.43017389164455933e-01 -1.93286309447459309e-01 0
1.95830290769534593e-01 5.25700375053503310e-02 0
1.59377040787999524e-01 -1.48010635229950810e-01 0
2.99456113372220056e-01 -5.52651373351706852e-03 0
6.48498434862263412e-02 -6.06805213187924034e-02 0
8.32994861415686100e-02 -5.70088554415487184e-02 0
7.47747919214396262e-02 -4.17694307080980695e-02 0
3.00885701162587949e-01 -2.89425847486175607e-03 0
2.99055258805838275e-01 -2.80144234937858240e-03 0
2.98557130758933587e-01 -4.46164015714646013e-03 0
2.99823916782726019e-01 -1.23487832207958914e-03 0
3.00218946933096142e-01 -1.38174896330883821e-03 0
2.37430485955821280e-01 -5.27336934198519534e-03 0
3.14656293448343949e-01 -1.84675688240882249e-02 0
2.27063163433356863e-01 2.14903296225295512e-02 0
1.90087647463350939e-01 -1.60496105372165521e-01 0
2.09191699988346830e-01 -3.29225573420394851e-02 0
2.84113551948536047e-01 -9.08526023876793723e-03 0
2.99907949082780512e-01 -4.60220549174508633e-03 0
1.61946319109270820e-01 5.19554963660636346e-02 0
2.87324336178343465e-01 -1.34421997105034453e-03 0
2.98372205796520518e-01 -2.39979310718946163e-03 0
3.02411646790022637e-01 9.53735518457264739e-05 0
1.84141228344163299e-01 5.16415462394501021e-02 0
2.97410900616227880e-01 -1.04562903528411955e-03 0
2.63700835562520053e-01 -1.46549136412895437e-01 0
2.88641540292773724e-01 -3.62770114012242462e-03 0
3.03892193702487601e-01 -4.85375703383693520e-03 0
2.98356633270604132e-01 -2.67577384999677457e-03 0
3.19379471156728934e-01 -6.30307162236704976e-03 0
3.01499845265785604e-01 -3.67595435180596798e-03 0
2.84274314001907114e-01 -5.60152375871585811e-03 0
2.22942767740221731e-01 4.31344600660834524e-03 0
2.62836248375479420e-01 -3.92935747137321337e-02 0
1.48621815550826347e-01 -2.11561521659986956e-01 0
9.28768057164094246e-02 6.75799512235504135e-02 0
2.98980698568566183e-01 -3.55660512947844317e-03 0
7.57753390283634615e-02 -4.21168882256322819e-02 0
3.00236864073998300e-01 -3.40523146773438453e-03 0
2.99894060022140307e-01 -3.24518441554791804e-03 0
2.85222504181554315e-01 -4.67533051512728816e-03 0
2.93450275609140387e-01 1.42827896415594362e-04 0
2.99009119160324799e-01 -7.19049229796300815e-03 0
3.02244606533558169e-01 -7.77130394588371859e-04 0
3.00526936308842807e-01 -3.34118247910702125e-03 0
2.94899471384321321e-01 -6.92374359371950281e-03 0
2.97286009785508065e-01 -1.16741999181321342e-03 0
2.97723894475486028e-01 -1.95557912991715455e-03 0
3.52922738226490673e-01 -1.11131932480906775e-01 0
3.01142646677019066e-01 -2.73960480120914469e-03 0
1.88276388307543813e-01 -2.15560538445561972e-01 0
3.34288108150232466e-01 -2.51367558180905004e-01 0
2.15391745245368582e-01 -2.06821338940319649e-02 0
3.41419660621312848e-01 -2.88950960985319312e-02 0
2.91843043804232483e-01 -6.32054067102055144e-05 0
3.84139468047446642e-01 -1.76648863354879025e-02 0
2.99718444865802014e-01 -3.66417746415178061e-03 0
3.02221218809372694e-01 -1.94875675118837371e-03 0
3.02199542089572004e-01 -9.84914183118928152e-04 0
2.98412328909831159e-01 -2.54467874287612897e-03 0
3.12585558385316320e-01 -1.87174751513160161e-02 0
4.71299284497052218e-01 4.57471723539449454e-03 0
2.96132415367543089e-01 -1.61319531849443698e-02 0
1.70233836904291780e-01 9.45213433050320351e-02 0
2.98609312058434662e-01 -4.54314047925547145e-03 0
3.58993260368631661e-01 -1.00681552501857077e-01 0
2.76788371986101345e-01 3.45861681264539008e-03 0
2.98425653889762776e-01 -2.25985758008899430e-03 0
2.98934223888305706e-01 -7.82485515747579166e-04 0
1.92333571903428258e-01 -2.08196284093392324e-02 0
2.97662917631495882e-01 -1.37633340540540780e-03 0
3.00066750219983303e-01 -3.13936144986447230e-03 0
1.58220146414245616e-01 1.84526086058740060e-02 0
2.94506141818430822e-01 -2.27841809176769439e-01 0
4.86668163320055303e-01 -8.85175574402634682e-03 0
3.05561359825990198e-01 -4.71432229854083231e-04 0
3.79743262949173488e-01 4.80842439354392873e-03 0
2.97691894946453650e-01 -8.27435454069296375e-03 0
4.72710485529806046e-01 -6.83522195174736252e-02 0
2.99875693181732683e-01 -1.40315819612733535e-03 0
2.58229301904204178e-01 -3.39829909047604170e-02 0
1.45201173699072539e-01 -3.97852553292695615e-02 0
2.96954549761021869e-01 -2.15655510439961362e-03 0
3.03542493325253959e-01 -3.15631507494030551e-03 0
2.99646441413798759e-01 -7.16989233412342400e-03 0
5.22293640149900373e-02 1.28805138088159965e-01 0
1.84683969449179253e-01 1.66388109646875490e-02 0
2.06864334613047762e-01 -1.09070191103336239e-01 0
3.00396433137361973e-01 -3.15863295047104971e-03 0
2.99274678262892113e-01 -4.17989148631775238e-03 0
3.17908497411725555e-01 -3.34893291578406901e-02 0
2.31743024409142379e-01 2.30933502192628391e-02 0
1.35588121076066437e-01 1.01380873454160025e-01 0
2.77128112644841385e-01 -1.18952926452694039e-02 0
3.02732452259632356e-01 -6.79175790982757010e-04 0
2.75978607090224926e-01 -1.03214448200575126e-01 0
2.97335077962763872e-01 -6.49559440474904194e-03 0
1.88139720731790222e-01 -3.82058221343625146e-02 0
2.89783337710687539e-01 -5.22520371723797679e-03 0
2.99263857038728542e-01 -5.21778986324058537e-04 0
3.16034776873642231e-01 -3.45660839007159233e-04 0
2.96882730125617000e-01 -2.68099011797825297e-02 0
2.98263396082844079e-01 -4.91098507599968277e-03 0
2.97460084273044101e-01 -9.05491323167865211e-04 0
2.88576811459764437e-01 -5.39477858013589443e-03 0
5.74128416344416803e-01 -1.28374373036133638e-02 0
5.02044416105324909e-01 1.21863131519712141e-02 0
3.00044406350517046e-01 -3.56516926505776001e-03 0
2.95922756372013096e-01 -2.58951389293532843e-03 0
3.04479274253771581e-01 -3.80808618537863608e-03 0
3.00245390053588912e-01 -2.90365849484634222e-03 0
1.49677438984325367e-01 3.20765410388945127e-02 0
3.21953842386378197e-01 -2.93243105726989943e-03 0
3.01772568455609402e-01 -2.09123267855522467e-02 0
4.88994362257933912e-01 -5.62769698285420852e-02 0
2.01760356798702578e-01 -2.76624039376300139e-02 0
2.99374541201811395e-01 -3.62558784812719737e-03 0
3.00354749038348412e-01 -3.02496483926849909e-03 0
2.80282771248325846e-01 -9.34285841121531846e-02 0
2.65432648534326299e-01 -3.47261863915706362e-02 0
1.92747187126369068e-01 9.47446998777970867e-02 0
2.90651014099397920e-01 4.74053388442239443e-05 0
3.02046332494987635e-01 -1.88632755299217129e-03 0
2.79470977630566719e-01 2.96893375111427840e-03 0
2.41319725588753947e-01 9.31378784878785643e-03 0
2.98061623909401663e-01 -1.64237798794089683e-03 0
3.02141193044098533e-01 -2.48203875287499607e-03 0
3.03322050288816536e-01 -4.44759385602879701e-03 0
2.99601772134017508e-01 -7.02825053552619608e-03 0
2.98429701082680909e-01 -4.12654808351817660e-03 0
2.99001856926552623e-01 -6.49116341268390646e-04 0
4.71901054347419746e-01 -6.27374474147456441e-03 0
3.00047520767092180e-01 -2.64496812728409313e-03 0
3.25978937082957831e-01 -2.53409757884256320e-03 0
3.00177112079842545e-01 -7.28498944835493430e-04 0
2.88885182758631398e-01 -4.99872273998333127e-03 0
3.01310685507421294e-01 -8.97625979981460332e-04 0
3.39290375564630597e-01 -6.88335533298389812e-02 0
2.32627465922027876e-01 1.52332609754109033e-02 0
2.99363605600378890e-01 -3.52049882669294104e-03 0
2.18407222612014368e-01 3.36758487102573681e-02 0
3.22860280339664962e-01 -1.44949151731103371e-01 0
3.79293236461086924e-01 -9.95257379341343423e-02 0
3.01744806360313922e-01 -3.57315755500167784e-03 0
3.01457540863800832e-01 -8.86601093333834684e-04 0
2.96893931659347243e-01 -2.57259973402960591e-02 0
3.00725631951753558e-01 -3.58153837340696810e-03 0
3.02129423223785831e-01 -1.15553179140083073e-02 0
2.67205452838654600e-01 -1.19010920037017336e-02 0
3.00478405552547345e-01 -2.83479048376994230e-03 0
2.92665690745173956e-01 -2.46814669934970199e-02 0
2.68378125537181211e-01 -5.71319952932174135e-03 0
3.00378514838436250e-01 -3.58859076344171350e-03 0
2.99508262135924297e-01 -4.69624785829503375e-03 0
4.18363345564019107e-01 2.22770589601972106e-03 0
5.76688092789298112e-01 -5.81403189748249619e-03 0
3.14022203099440012e-01 -1.27296235649354365e-05 0
5.35126350962698560e-01 -2.60147935115581652e-02 0
2.98445041354684248e-01 -3.97621254401015443e-03 0
3.06670506773423057e-01 -7.16975685178195010e-04 0
1.76287183998974945e-01 -1.56135147449771194e-01 0
3.00433935987192258e-01 -7.06743175631278746e-03 0
2.97154394836518565e-01 -1.35170953116236885e-03 0
2.73757322851168272e-01 4.66142204026259287e-03 0
2.92659864170960016e-01 1.83719915295292569e-04 0
1.01856865083271242e-01 5.22522063097836872e-02 0
2.91286087355594414e-01 4.85265035665309596e-04 0
2.78508727840288295e-01 -8.72646008730957462e-03 0
2.50099045513298868e-01 1.68340040577567088e-02 0
2.94747938784658603e-01 -7.38407972443793671e-03 0
3.02695889606643120e-01 -7.33547456224902775e-04 0
3.02021983393771176e-01 -2.34403498395537339e-03 0
2.98485340985448822e-01 -5.64651753798566750e-03 0
3.00621915944352114e-01 -1.89291953058086447e-03 0
3.01260412282779610e-01 -1.07706102700775718e-03 0
3.03070635229250818e-01 -2.79418926124692479e-04 0
3.27242063221160839e-01 -2.52684514572146746e-01 0
3.32476799283354052e-01 -4.92435216373333165e-02 0
2.88076546089229446e-01 -5.18017626711903770e-03 0
2.77109325289403463e-01 2.88441486615376727e-03 0
3.03647109735975640e-01 5.12734534364285230e-05 0
3.01942344176300392e-01 -2.05392888216120563e-03 0
8.17568414523210107e-02 4.70911165520923256e-02 0
2.17370831682282328e-01 -2.18440942301028167e-02 0
3.03085998446342209e-01 -1.61033598354792286e-03 0
2.99761627840881117e-01 -6.01757078457982198e-03 0
2.99223767849709665e-01 -1.52006122198169525e-03 0
2.69610565003029323e-01 -1.25306700163423726e-02 0
3.00362107661155064e-01 -5.78984746047138833e-03 0
2.79813262053001444e-01 -6.95931706233683233e-03 0
2.99220615773455267e-01 -4.95021143319026614e-03 0
3.00614988837066888e-01 -2.67578004338517965e-02 0
3.01314728935384912e-01 -4.76499358411196575e-03 0
2.95413615407589147e-01 -2.44853768578969953e-03 0
3.01311596848596430e-01 -9.64622841801284327e-04 0
2.97244057191972721e-01 -6.28678691854363605e-03 0
2.20946704208769718e-01 -1.46450230657412084e-01 0
2.97109381520923643e-01 -1.56443159645982773e-03 0
2.98824737537409679e-01 -2.64424672939996604e-03 0
1.03238592909864146e-01 1.92967799784759288e-02 0
2.63277477817821459e-01 -3.51480340264095081e-02 0
7.45004514601554230e-02 1.65276547062082668e-01 0
2.21420039168129190e-01 3.16551969301989145e-02 0
5.28550304991205366e-01 -3.83095596807337818e-02 0
2.99116727611938527e-01 -1.14843337230700615e-02 0
1.54441644143177598e-01 2.06215929463464780e-02 0
2.99820124634409824e-01 -2.71003915177757144e-03 0
2.96883860730110472e-01 -1.37857750818150132e-02 0
3.00990359528547802e-01 -1.64128475105962922e-03 0
3.05229487722580406e-01 -3.73172002418476053e-03 0
3.00964791906965901e-01 -1.70012466398129043e-03 0
3.02790832329758342e-01 -5.60605907259605161e-04 0
4.49935764857876452e-01 -7.58063613158559552e-02 0
2.99054360990508750e-01 -3.80844101939499524e-02 0
2.95999975208878330e-01 -1.43177963417804904e-03 0
2.97885253444018783e-01 -7.97011609561112201e-05 0
2.97454448989244002e-01 -4.18256601422668187e-03 0
2.95878786661162518e-01 -1.79282386517197858e-03 0
2.99097606629604607e-01 -1.08040404234419456e-02 0
1.88007506189505513e-01 -1.09332648728336312e-01 0
5.72285714094647679e-01 -3.55945523829502694e-03 0
2.85214849486129851e-01 -2.67474813716208184e-03 0
2.99794536608944784e-01 -1.24831439291374878e-03 0
2.71708796744004888e-01 -4.71240939882617248e-03 0
2.93504278838307764e-01 -2.42978292457613106e-02 0
2.99079045539715205e-01 -2.61027535456526084e-03 0
5.18150692529074419e-01 -3.60883881852098413e-03 0
3.00383499284867017e-01 -1.87153336625833669e-03 0
1.90537496324911820e-01 -3.98252965933043115e-02 0
3.01223118529712064e-01 -4.50123159837300356e-03 0
5.34098798432059096e-01 -3.70641056997324456e-02 0
2.99122207966793174e-01 -1.10584203229191214e-02 0
1.68236023229581505e-01 5.53554397490900393e-02 0
2.82885880646535137e-01 -1.16587858484713622e-02 0
3.03624514097236842e-01 -3.58623241921291434e-03 0
3.00095724980480094e-01 -5.43572993064986385e-03 0
1.12219838460806492e-01 1.32768592893439591e-01 0
1.57783049414326249e-01 1.61311911910597239e-01 0
3.00430900789828093e-01 -5.96970502471614282e-03 0
2.98873786187149437e-01 -5.51127404301889230e-03 0
2.99511796948067344e-01 -3.84975551604737915e-03 0
4.28184574240947080e-01 2.27497975966305414e-03 0
2.85145802976829399e-01 1.84714532598274233e-04 0
2.57552397074135908e-01 -3.35040427652671183e-02 0
2.84902976988579026e-01 -3.10350565895728143e-03 0
2.33452251686473572e-01 4.71889225958369062e-04 0
2.90750811429708433e-01 -9.27455056516150872e-02 0
2.98711992269013848e-01 -1.08680515913926988e-02 0
2.97059265601716971e-01 -3.38446794822239300e-02 0
3.16352141843198820e-01 -4.93922583966703924e-02 0
1.68243366381856385e-01 -2.02430848801305435e-01 0
4.66085173147815224e-01 -1.48396013227817175e-01 0
4.25046267414743162e-01 -8.34399906119484280e-02 0
5.31046626086371210e-01 -2.49812134519473011e-02 0
8.94572498048301912e-02 -3.47487220424624252e-02 0
2.96123030260655784e-01 -2.99530814523389383e-04 0
2.95950643593361540e-01 -2.27113397877759396e-03 0
3.11782914142077150e-01 -4.56171039145893062e-02 0
2.79228552180448564e-01 -2.17063053110927648e-02 0
2.97256864436235779e-01 -1.64885353642208452e-03 0
2.77922565252631648e-01 1.63462166382145739e-03 0
2.98890697460739263e-01 1.76984615131883756e-05 0
3.03191978219011893e-01 -3.35131612765654247e-03 0
2.98801485891824314e-01 -1.83109758059331090e-03 0
2.94968366411201943e-01 -1.10242142204010369e-02 0
3.02040470212112055e-01 -2.13574443913708625e-03 0
2.59008010056941740e-01 -2.78789589865213669e-02 0
3.01162371445273469e-01 -3.29443223789034900e-02 0
3.18767516988458233e-01 -2.25017737387968701e-02 0
3.04326186931727805e-01 -1.45115354371587652e-03 0
3.38251577206889920e-01 -2.01330047389477740e-01 0
2.97183157721518265e-01 -3.43234701619106047e-02 0
1.76313921043276756e-01 8.33585194256187545e-02 0
3.14678220930183272e-01 -1.52023332094730554e-02 0
2.99960990389427862e-01 -4.64903126948544663e-03 0
2.86752850559378936e-01 -2.12946183786455051e-01 0
3.02518275982710416e-01 -2.13191174156305424e-03 0
3.00222437604376835e-01 -5.03342468941105244e-03 0
3.06588035996314068e-01 -1.68039453323405863e-02 0
3.02980108147586913e-01 -1.77370383153736908e-03 0
2.98182921933019540e-01 -2.35417728723078239e-03 0
2.79794387910091813e-01 -2.12489716830669764e-02 0
1.41959347493382543e-01 4.32461181745093792e-02 0
2.29682015071814599e-01 -5.77263766500406023e-03 0
2.99416739480593164e-01 -5.39990518848491689e-03 0
2.85950578688878410e-01 -6.48699524722301784e-03 0
2.98443349355282606e-01 -2.88621846106742802e-03 0
2.98896351223246703e-01 -1.25440527424138686e-03 0
2.99229721549421512e-01 -5.11538983413243383e-03 0
4.34441418245025690e-01 -7.19639269050268149e-02 0
2.36300059739487672e-01 3.07620991397004329e-02 0
5.12705877088250106e-01 1.33173774038991451e-02 0
2.78932260050126501e-01 2.67568729413692830e-03 0
3.02946089950045183e-01 -1.98557966399630749e-03 0
3.00314292009688288e-01 -2.64376299567947682e-03 0
2.63694204261047838e-01 1.21413955491103467e-02 0
2.98852794320723203e-01 -1.46144766227843679e-03 0
2.98606636428852767e-01 -1.99687931687091060e-03 0
3.00072884744872370e-01 -2.67487234590886276e-03 0
2.86595349575994696e-01 -2.89874514789112414e-03 0
1.97106335495986551e-01 -1.57459115958434245e-02 0
2.90493080703236484e-01 -1.10192084769125719e-03 0
2.38848768340033296e-01 1.52416189351905438e-04 0
3.05262169940057171e-01 -1.79354297164279197e-02 0
3.00848649855778194e-01 -2.82547435511194605e-03 0
2.97765897760353893e-01 -1.24233460759786470e-03 0
2.98763970557799352e-01 -5.00546077741991294e-03 0
2.98824769264698920e-01 -2.10107358943408418e-03 0
2.40765950509042398e-01 2.83843547514202703e-02 0
5.46996450845674054e-01 -1.25084146839219562e-01 0
2.95770209378260096e-01 -1.16409166180536151e-03 0
2.37271403585849000e-01 4.66618289849546775e-03 0
3.03108370368825153e-01 -1.43401102299948189e-03 0
2.98860567436960489e-01 -1.44987573139999243e-03 0
2.99736418268947036e-01 -1.29018010914506011e-03 0
2.34520694138779462e-01 2.58815898193764937e-02 0
2.22689992608202714e-01 5.63223393939961056e-03 0
3.00682422257022131e-01 -6.30679821036957654e-03 0
8.77390416095248510e-02 1.75924633080356940e-01 0
2.98882471740682054e-01 -2.77090874020739005e-03 0
8.22151379188664488e-02 4.51098007822552938e-02 0
8.02306055995112427e-02 -2.41796132064302192e-02 0
2.62932805004668702e-01 1.28966811363639359e-02 0
3.03403939382552446e-01 -2.77207116270559387e-04 0
3.03371892666547738e-01 -1.65624050100502020e-04 0
3.03327762380025734e-01 -4.55245419531897458e-04 0
4.41011452912080049e-01 -7.19197045363777210e-02 0
1.83485949782708130e-01 -1.18907143425681483e-01 0
2.95988965843251406e-01 -1.35947939791706781e-03 0
2.31032851065765293e-01 5.64579132732980285e-03 0
3.01335471693470802e-01 -2.08502511386265011e-03 0
3.22586813044468179e-01 -4.08279926026684087e-02 0
2.38127524977448962e-01 3.20207360635980376e-02 0
1.48025680562887424e-01 -2.01895125266512265e-01 0
2.98336215897649581e-01 -3.71464182144527451e-03 0
2.98163283811767321e-01 -2.22723332673088314e-03 0
2.99060823403040521e-01 -1.47176937577205859e-03 0
1.87512829594041003e-01 -1.04161188623855427e-01 0
2.97379506691227591e-01 -1.45718767054961234e-03 0
2.81524234378978999e-01 -2.12566324695940591e-02 0
3.02522448352236961e-01 -5.20155155854629559e-04 0
2.59648135512565381e-01 -1.48678485225821159e-02 0
2.79482227481562151e-01 -9.09489916007496790e-02 0
2.99347428715433683e-01 -6.62734155493282205e-03 0
1.90326568587556533e-01 -1.46503411200122835e-01 0
3.01304519463094778e-01 -1.79838487574639455e-03 0
3.03689198043940012e-01 -1.62309576942796103e-04 0
2.77388096275203944e-01 -4.56185468232757265e-03 0
3.00204864461316778e-01 -1.78807695941960820e-03 0
2.86093547050843167e-01 -5.78580961930236833e-03 0
2.28147404224101680e-01 9.74115638547512486e-03 0
2.25087076660644814e-01 2.09326518929765885e-02 0
2.99905176974921805e-01 -3.97583399751270765e-03 0
3.00397982908452432e-01 -3.35520481294928619e-02 0
3.00207736471641617e-01 -2.86980306559961101e-03 0
2.98966691784949279e-01 -6.66385342886090942e-03 0
2.90675031231961201e-01 -7.77915689773297624e-04 0
2.98893758686658573e-01 -5.28847815045626821e-03 0
2.99725349465792879e-01 -5.01148752236981083e-03 0
1.96353518951764755e-01 -1.19677329546980682e-01 0
3.00962531121978794e-01 -1.21931248346388910e-03 0
1.56470347892369688e-01 1.73613894860998597e-01 0
2.51420967098755277e-01 -3.09427078325242369e-02 0
3.01973660718998449e-01 -4.89050721609744516e-03 0
2.98762261783345751e-01 -4.85959138087340998e-03 0
3.01563669457102279e-01 -2.41917116144300297e-03 0
3.04815474555493460e-01 2.08681490198410539e-05 0
2.91248814523513755e-01 -3.51894584202213951e-04 0
2.51566041948857178e-01 -3.16014208694548535e-02 0
3.54754549625131699e-01 -1.93920320860992701e-01 0
3.39971190473677576e-01 -8.22431091952351007e-02 0
2.22104593805577510e-01 2.56218062586119587e-02 0
2.98794765594808998e-01 -1.67678311778301581e-03 0
2.99731014171555343e-01 -4.33320037332941572e-03 0
2.88166531971805473e-01 -4.62301882370380786e-03 0
2.99873744889557425e-01 -3.88425571797557144e-03 0
2.98842994561274222e-01 -1.61584817953559215e-03 0
1.45435600920708952e-01 1.62037861643318515e-01 0
4.98296384166885681e-02 -7.36469410307552391e-02 0
2.96937801819492309e-01 -2.28373772386327237e-03 0
3.00285820594884900e-01 -1.71593540669348686e-03 0
2.97281363986261760e-01 -5.91247733911725790e-03 0
2.96823078055065748e-01 -2.45919997092752937e-03 0
2.99805530739760739e-01 -2.66870202055622665e-03 0
2.33525228025071419e-01 -9.83809233619591106e-03 0
1.77168447318834743e-01 6.90334576983695630e-02 0
2.76686176221536739e-01 -8.62453677278450653e-02 0
2.54113434132647809e-01 2.17944099339032783e-02 0
2.28918457411123322e-01 -4.59221861777951018e-03 0
3.00115245260319796e-01 -4.24937226518480506e-03 0
1.76082318020481632e-01 -1.53017706792965363e-01 0
2.99296915378949924e-01 -4.29563730265018848e-03 0
3.01514817023398773e-01 -1.93080597455607783e-03 0
2.43297832401281416e-01 4.15377126410949263e-03 0
2.95620816369465078e-01 -3.78462337388604721e-04 0
3.00402795260970301e-01 -3.71195166018426469e-03 0
5.13487732260879626e-01 -9.60079199279018059e-04 0
2.65901838508982857e-01 1.42882799992071659e-02 0
2.19142355853776311e-01 9.32808085328668397e-05 0
2.75715362235879113e-01 -6.35603800426727018e-03 0
2.99702521305388825e-01 -4.22227613859491382e-03 0
2.99719367076993981e-01 -2.47313458314631735e-03 0
2.18203366756265171e-01 -7.43690527773409045e-04 0
2.04087253802616830e-01 -2.14031430378877133e-02 0
3.03425183400800158e-01 -3.03445246308338499e-03 0
5.49359058295767144e-01 -1.21340385578098175e-01 0
2.98013783252969955e-01 -5.75175570874480752e-03 0
2.04927680328881978e-01 -2.21322111912546256e-02 0
2.76138097645905245e-01 -5.50256296813561498e-03 0
2.91412615482275150e-01 1.99718057165750663e-04 0
3.01325927931285154e-01 -1.83905265468343950e-03 0
2.03144041468522218e-01 -2.63136833938511644e-02 0
2.96183036888459705e-01 -3.52337143114957532e-04 0
3.12712219037384664e-01 -4.61171034136618960e-02 0
3.08835270732228662e-02 8.74644284652272425e-02 0
2.42675297257973877e-01 -1.15760128376913331e-02 0
3.00194650532779550e-01 -9.99185937882029942e-04 0
2.00796572652414740e-01 5.27896980514804548e-02 0
2.67466327646347646e-01 1.15094207134802499e-02 0
2.87693134228642455e-01 -3.77757676657328265e-03 0
2.22222747691111028e-01 -5.04264417887679076e-03 0
2.40380912146245712e-01 9.60063940879733323e-04 0
2.99532025506267230e-01 -3.95693880700420664e-03 0
2.47098810199637142e-01 9.47627958551500258e-04 0
2.99992613340886893e-01 -6.80015080688723349e-04 0
2.25304329430534633e-01 -8.06197866804594498e-04 0
2.88317348016318586e-01 -4.30285273233940550e-03 0
1.51286934221038644e-01 1.72108122971096233e-01 0
3.16747779644343030e-01 -1.50214501906170556e-01 0
2.46440672923892101e-01 -6.77911413618773225e-03 0
3.00311310444844937e-01 -1.67286433898285137e-03 0
5.01171217338639230e-01 -2.78626196035298805e-03 0
2.97746786489925752e-01 -8.24744833708276328e-04 0
3.11948882029772667e-01 -1.42301608845173594e-01 0
3.08465803759149781e-02 7.84487898007559942e-02 0
3.28273331042730487e-01 -6.45057091752741785e-04 0
3.27945258165725728e-01 3.23575145347957741e-05 0
