# vtk DataFile Version 3.0
CFD
ASCII
DATASET UNSTRUCTURED_GRID
POINTS 7774 double
1.00000000000000000e+00 0.00000000000000000e+00 0
0.00000000000000000e+00 1.00000000000000000e+00 0
-1.00000000000000000e+00 0.00000000000000000e+00 0
0.00000000000000000e+00 -1.00000000000000000e+00 0
1.50000000000000000e+01 0.00000000000000000e+00 0
0.00000000000000000e+00 1.50000000000000000e+01 0
-1.50000000000000000e+01 0.00000000000000000e+00 0
0.00000000000000000e+00 -1.50000000000000000e+01 0
9.98993066541314700e-01 4.48648303505147991e-02 0
9.95974293995239068e-01 8.96393089034333707e-02 0
9.90949761767934811e-01 1.34233265817655406e-01 0
9.83929588598629667e-01 1.78556894798636512e-01 0
9.74927912181823619e-01 2.22520933956314310e-01 0
9.63962860695853352e-01 2.66036845566675006e-01 0
9.51056516295153642e-01 3.09016994374947285e-01 0
9.36234870639737204e-01 3.51374824081342574e-01 0
9.19527772551450684e-01 3.93025031653923496e-01 0
9.00968867902419035e-01 4.33883739117558398e-01 0
8.80595531856738112e-01 4.73868662472998525e-01 0
8.58448793601866211e-01 5.12899277405906018e-01 0
8.34573253721302755e-01 5.50896981452102419e-01 0
8.09016994374947451e-01 5.87785252292473026e-01 0
7.81831482468029582e-01 6.23489801858733816e-01 0
7.53071466003610746e-01 6.57938725939712810e-01 0
7.22794863827391332e-01 6.91062648986864869e-01 0
6.91062648986864758e-01 7.22794863827391443e-01 0
6.57938725939712366e-01 7.53071466003611079e-01 0
6.23489801858733594e-01 7.81831482468029693e-01 0
5.87785252292473248e-01 8.09016994374947340e-01 0
5.50896981452102641e-01 8.34573253721302533e-01 0
5.12899277405906240e-01 8.58448793601866100e-01 0
4.73868662472998803e-01 8.80595531856737890e-01 0
4.33883739117558287e-01 9.00968867902419035e-01 0
3.93025031653923773e-01 9.19527772551450573e-01 0
3.51374824081342907e-01 9.36234870639737204e-01 0
3.09016994374947618e-01 9.51056516295153531e-01 0
2.66036845566675284e-01 9.63962860695853241e-01 0
2.22520933956314587e-01 9.74927912181823619e-01 0
1.78556894798636789e-01 9.83929588598629667e-01 0
1.34233265817655711e-01 9.90949761767934700e-01 0
8.96393089034336760e-02 9.95974293995239068e-01 0
4.48648303505150975e-02 9.98993066541314589e-01 0
-4.48648303505147367e-02 9.98993066541314700e-01 0
-8.96393089034333151e-02 9.95974293995239068e-01 0
-1.34233265817655295e-01 9.90949761767934811e-01 0
-1.78556894798636512e-01 9.83929588598629667e-01 0
-2.22520933956314199e-01 9.74927912181823619e-01 0
-2.66036845566674895e-01 9.63962860695853352e-01 0
-3.09016994374947174e-01 9.51056516295153642e-01 0
-3.51374824081342518e-01 9.36234870639737315e-01 0
-3.93025031653923385e-01 9.19527772551450684e-01 0
-4.33883739117558676e-01 9.00968867902418813e-01 0
-4.73868662472999302e-01 8.80595531856737668e-01 0
-5.12899277405906684e-01 8.58448793601865767e-01 0
-5.50896981452103085e-01 8.34573253721302311e-01 0
-5.87785252292473692e-01 8.09016994374947007e-01 0
-6.23489801858734038e-01 7.81831482468029360e-01 0
-6.57938725939713143e-01 7.53071466003610523e-01 0
-6.91062648986865202e-01 7.22794863827391110e-01 0
-7.22794863827391998e-01 6.91062648986864203e-01 0
-7.53071466003611301e-01 6.57938725939712143e-01 0
-7.81831482468030248e-01 6.23489801858733039e-01 0
-8.09016994374947784e-01 5.87785252292472582e-01 0
-8.34573253721302977e-01 5.50896981452101975e-01 0
-8.58448793601866433e-01 5.12899277405905574e-01 0
-8.80595531856738334e-01 4.73868662472998081e-01 0
-9.00968867902419368e-01 4.33883739117557510e-01 0
-9.19527772551450906e-01 3.93025031653922996e-01 0
-9.36234870639737427e-01 3.51374824081342074e-01 0
-9.51056516295153753e-01 3.09016994374946785e-01 0
-9.63962860695853241e-01 2.66036845566675284e-01 0
-9.74927912181823508e-01 2.22520933956314587e-01 0
-9.83929588598629667e-01 1.78556894798636900e-01 0
-9.90949761767934700e-01 1.34233265817655711e-01 0
-9.95974293995238957e-01 8.96393089034337454e-02 0
-9.98993066541314589e-01 4.48648303505151669e-02 0
-9.98993066541314700e-01 -4.48648303505149726e-02 0
-9.95974293995239068e-01 -8.96393089034335927e-02 0
-9.90949761767934700e-01 -1.34233265817655600e-01 0
-9.83929588598629667e-01 -1.78556894798636789e-01 0
-9.74927912181823508e-01 -2.22520933956314587e-01 0
-9.63962860695853241e-01 -2.66036845566675284e-01 0
-9.51056516295153531e-01 -3.09016994374947673e-01 0
-9.36234870639737093e-01 -3.51374824081343018e-01 0
-9.19527772551450462e-01 -3.93025031653924106e-01 0
-9.00968867902418924e-01 -4.33883739117558620e-01 0
-8.80595531856737668e-01 -4.73868662472999191e-01 0
-8.58448793601865767e-01 -5.12899277405906795e-01 0
-8.34573253721302200e-01 -5.50896981452103196e-01 0
-8.09016994374947007e-01 -5.87785252292473692e-01 0
-7.81831482468029360e-01 -6.23489801858734149e-01 0
-7.53071466003610412e-01 -6.57938725939713143e-01 0
-7.22794863827390999e-01 -6.91062648986865202e-01 0
-6.91062648986864203e-01 -7.22794863827391998e-01 0
-6.57938725939712254e-01 -7.53071466003611301e-01 0
-6.23489801858733150e-01 -7.81831482468030026e-01 0
-5.87785252292472915e-01 -8.09016994374947562e-01 0
-5.50896981452102308e-01 -8.34573253721302755e-01 0
-5.12899277405906018e-01 -8.58448793601866211e-01 0
-4.73868662472998525e-01 -8.80595531856738112e-01 0
-4.33883739117558009e-01 -9.00968867902419257e-01 0
-3.93025031653923385e-01 -9.19527772551450684e-01 0
-3.51374824081342518e-01 -9.36234870639737315e-01 0
-3.09016994374947285e-01 -9.51056516295153642e-01 0
-2.66036845566674673e-01 -9.63962860695853352e-01 0
-2.22520933956314199e-01 -9.74927912181823619e-01 0
-1.78556894798636290e-01 -9.83929588598629778e-01 0
-1.34233265817655101e-01 -9.90949761767934811e-01 0
-8.96393089034333429e-02 -9.95974293995239068e-01 0
-4.48648303505147575e-02 -9.98993066541314700e-01 0
4.48648303505148616e-02 -9.98993066541314700e-01 0
8.96393089034334400e-02 -9.95974293995239068e-01 0
1.34233265817655600e-01 -9.90949761767934700e-01 0
1.78556894798636789e-01 -9.83929588598629667e-01 0
2.22520933956314587e-01 -9.74927912181823619e-01 0
2.66036845566675173e-01 -9.63962860695853241e-01 0
3.09016994374947618e-01 -9.51056516295153531e-01 0
3.51374824081342907e-01 -9.36234870639737204e-01 0
3.93025031653923773e-01 -9.19527772551450573e-01 0
4.33883739117558120e-01 -9.00968867902419146e-01 0
4.73868662472998581e-01 -8.80595531856738001e-01 0
5.12899277405906129e-01 -8.58448793601866211e-01 0
5.50896981452102419e-01 -8.34573253721302755e-01 0
5.87785252292473026e-01 -8.09016994374947451e-01 0
6.23489801858733483e-01 -7.81831482468029915e-01 0
6.57938725939712588e-01 -7.53071466003610968e-01 0
6.91062648986864647e-01 -7.22794863827391554e-01 0
7.22794863827391443e-01 -6.91062648986864758e-01 0
7.53071466003610857e-01 -6.57938725939712699e-01 0
7.81831482468029693e-01 -6.23489801858733594e-01 0
8.09016994374947340e-01 -5.87785252292473248e-01 0
8.34573253721302644e-01 -5.50896981452102641e-01 0
8.58448793601866100e-01 -5.12899277405906240e-01 0
8.80595531856738001e-01 -4.73868662472998692e-01 0
9.00968867902419035e-01 -4.33883739117558176e-01 0
9.19527772551450573e-01 -3.93025031653923718e-01 0
9.36234870639737204e-01 -3.51374824081342796e-01 0
9.51056516295153420e-01 -3.09016994374948006e-01 0
9.63962860695853130e-01 -2.66036845566675617e-01 0
9.74927912181823619e-01 -2.22520933956314504e-01 0
9.83929588598629667e-01 -1.78556894798636789e-01 0
9.90949761767934700e-01 -1.34233265817655989e-01 0
9.95974293995239068e-01 -8.96393089034336205e-02 0
9.98993066541314589e-01 -4.48648303505150489e-02 0
1.49819318430775894e+01 7.36015114911265811e-01 0
1.49277709000829493e+01 1.47025710494340900e+00 0
1.48376476494717195e+01 2.20095711683042383e+00 0
1.47117792060484600e+01 2.92635483024192489e+00 0
1.45504687979181604e+01 3.64470269854895701e+00 0
1.43541050359831299e+01 4.35427015881693169e+00 0
1.41231609777453109e+01 5.05334780088330060e+00 0
1.38581929876693000e+01 5.74025148547634512e+00 0
1.35598393968516504e+01 6.41332640145422683e+00 0
1.32288189652253294e+01 7.07095105238996435e+00 0
1.28659291500040798e+01 7.71154116289832281e+00 0
1.24720441845381806e+01 8.33355349529403000e+00 0
1.20481129722096707e+01 8.93548956738649913e+00 0
1.15951568004410603e+01 9.51589926245467943e+00 0
1.11142668803243900e+01 1.00733843227052802e+01 0
1.06066017177982204e+01 1.06066017177982097e+01 0
1.00733843227052802e+01 1.11142668803243794e+01 0
9.51589926245468654e+00 1.15951568004410497e+01 0
8.93548956738649736e+00 1.20481129722096796e+01 0
8.33355349529403355e+00 1.24720441845381806e+01 0
7.71154116289832636e+00 1.28659291500040798e+01 0
7.07095105238996879e+00 1.32288189652253205e+01 0
6.41332640145423660e+00 1.35598393968516504e+01 0
5.74025148547635489e+00 1.38581929876693000e+01 0
5.05334780088329882e+00 1.41231609777453109e+01 0
4.35427015881693702e+00 1.43541050359831299e+01 0
3.64470269854896189e+00 1.45504687979181604e+01 0
2.92635483024193022e+00 1.47117792060484494e+01 0
2.20095711683043405e+00 1.48376476494717107e+01 0
1.47025710494340700e+00 1.49277709000829493e+01 0
7.36015114911270474e-01 1.49819318430775894e+01 0
-7.36015114911264923e-01 1.49819318430775894e+01 0
-1.47025710494340101e+00 1.49277709000829493e+01 0
-2.20095711683042916e+00 1.48376476494717107e+01 0
-2.92635483024192400e+00 1.47117792060484600e+01 0
-3.64470269854895701e+00 1.45504687979181604e+01 0
-4.35427015881693080e+00 1.43541050359831299e+01 0
-5.05334780088329438e+00 1.41231609777453109e+01 0
-5.74025148547634956e+00 1.38581929876693000e+01 0
-6.41332640145423216e+00 1.35598393968516504e+01 0
-7.07095105238996258e+00 1.32288189652253294e+01 0
-7.71154116289832281e+00 1.28659291500040798e+01 0
-8.33355349529402822e+00 1.24720441845381806e+01 0
-8.93548956738649380e+00 1.20481129722096796e+01 0
-9.51589926245468476e+00 1.15951568004410497e+01 0
-1.00733843227052802e+01 1.11142668803243900e+01 0
-1.06066017177982097e+01 1.06066017177982204e+01 0
-1.11142668803243794e+01 1.00733843227052802e+01 0
-1.15951568004410497e+01 9.51589926245468831e+00 0
-1.20481129722096796e+01 8.93548956738649913e+00 0
-1.24720441845381806e+01 8.33355349529403355e+00 0
-1.28659291500040798e+01 7.71154116289832814e+00 0
-1.32288189652253205e+01 7.07095105238996968e+00 0
-1.35598393968516504e+01 6.41332640145423838e+00 0
-1.38581929876693000e+01 5.74025148547635578e+00 0
-1.41231609777453109e+01 5.05334780088329971e+00 0
-1.43541050359831299e+01 4.35427015881693791e+00 0
-1.45504687979181604e+01 3.64470269854896278e+00 0
-1.47117792060484494e+01 2.92635483024193110e+00 0
-1.48376476494717107e+01 2.20095711683043582e+00 0
-1.49277709000829493e+01 1.47025710494340811e+00 0
-1.49819318430775894e+01 7.36015114911271362e-01 0
-1.49819318430775894e+01 -7.36015114911268364e-01 0
-1.49277709000829493e+01 -1.47025710494340500e+00 0
-1.48376476494717195e+01 -2.20095711683042117e+00 0
-1.47117792060484600e+01 -2.92635483024191601e+00 0
-1.45504687979181604e+01 -3.64470269854894902e+00 0
-1.43541050359831406e+01 -4.35427015881692459e+00 0
-1.41231609777453198e+01 -5.05334780088328994e+00 0
-1.38581929876693106e+01 -5.74025148547633357e+00 0
-1.35598393968516593e+01 -6.41332640145421529e+00 0
-1.32288189652253294e+01 -7.07095105238994659e+00 0
-1.28659291500040904e+01 -7.71154116289830860e+00 0
-1.24720441845381895e+01 -8.33355349529401401e+00 0
-1.20481129722096902e+01 -8.93548956738647959e+00 0
-1.15951568004410692e+01 -9.51589926245466167e+00 0
-1.11142668803244007e+01 -1.00733843227052606e+01 0
-1.06066017177982292e+01 -1.06066017177981902e+01 0
-1.00733843227052997e+01 -1.11142668803243705e+01 0
-9.51589926245470608e+00 -1.15951568004410408e+01 0
-8.93548956738652045e+00 -1.20481129722096600e+01 0
-8.33355349529405309e+00 -1.24720441845381593e+01 0
-7.71154116289834501e+00 -1.28659291500040691e+01 0
-7.07095105238998123e+00 -1.32288189652253205e+01 0
-6.41332640145424815e+00 -1.35598393968516397e+01 0
-5.74025148547636288e+00 -1.38581929876692893e+01 0
-5.05334780088331659e+00 -1.41231609777453109e+01 0
-4.35427015881695034e+00 -1.43541050359831299e+01 0
-3.64470269854896589e+00 -1.45504687979181604e+01 0
-2.92635483024193110e+00 -1.47117792060484494e+01 0
-2.20095711683043316e+00 -1.48376476494717107e+01 0
-1.47025710494341100e+00 -1.49277709000829493e+01 0
-7.36015114911271917e-01 -1.49819318430775894e+01 0
7.36015114911266810e-01 -1.49819318430775894e+01 0
1.47025710494340589e+00 -1.49277709000829493e+01 0
2.20095711683042117e+00 -1.48376476494717195e+01 0
2.92635483024191601e+00 -1.47117792060484600e+01 0
3.64470269854894902e+00 -1.45504687979181604e+01 0
4.35427015881692636e+00 -1.43541050359831406e+01 0
5.05334780088328905e+00 -1.41231609777453198e+01 0
5.74025148547633357e+00 -1.38581929876693106e+01 0
6.41332640145421617e+00 -1.35598393968516593e+01 0
7.07095105238994659e+00 -1.32288189652253294e+01 0
7.71154116289831304e+00 -1.28659291500040904e+01 0
8.33355349529401934e+00 -1.24720441845381895e+01 0
8.93548956738648315e+00 -1.20481129722096902e+01 0
9.51589926245466522e+00 -1.15951568004410692e+01 0
1.00733843227052606e+01 -1.11142668803244007e+01 0
1.06066017177981902e+01 -1.06066017177982292e+01 0
1.11142668803243705e+01 -1.00733843227052997e+01 0
1.15951568004410408e+01 -9.51589926245470252e+00 0
1.20481129722096600e+01 -8.93548956738652400e+00 0
1.24720441845381593e+01 -8.33355349529405487e+00 0
1.28659291500040691e+01 -7.71154116289834324e+00 0
1.32288189652253205e+01 -7.07095105238997856e+00 0
1.35598393968516504e+01 -6.41332640145424282e+00 0
1.38581929876693000e+01 -5.74025148547636022e+00 0
1.41231609777453109e+01 -5.05334780088331037e+00 0
1.43541050359831299e+01 -4.35427015881694857e+00 0
1.45504687979181604e+01 -3.64470269854896678e+00 0
1.47117792060484600e+01 -2.92635483024192888e+00 0
1.48376476494717107e+01 -2.20095711683043405e+00 0
1.49277709000829493e+01 -1.47025710494341211e+00 0
1.49819318430775894e+01 -7.36015114911276136e-01 0
6.95992333139394059e+00 3.94919733033464082e+00 0
7.31273194779731206e+00 -2.91298718059892403e+00 0
1.25274946758735695e+00 7.80420468976953075e+00 0
-5.27686250691802261e+00 5.77311768976647599e+00 0
-7.75249218821901831e+00 -5.07551559721533319e-01 0
2.23453371432918102e+00 -7.48521029206355593e+00 0
-4.41975825685555357e+00 -6.26256145012739918e+00 0
3.39947763043111806e+00 -3.70242270506230398e+00 0
4.55556122379384920e+00 -3.00136783444877986e-01 0
3.39050360925718097e+00 3.14411873854530199e+00 0
2.92023464491997398e-01 4.33129629618630307e+00 0
-2.67177104416772515e+00 3.19077782822566292e+00 0
-4.34638264702773025e+00 2.93040612278255008e-01 0
-3.29652243979482495e+00 -3.05532492056486404e+00 0
-1.19187233649830998e-01 -4.51575709288610661e+00 0
1.35595235245471901e+00 2.65697526503727399e+00 0
2.69925641421259899e+00 1.21341613948292304e+00 0
2.72719327164748604e+00 -5.58395266399768775e-01 0
1.84593520794332111e+00 -2.21450038230312218e+00 0
1.53882769823752791e-01 -2.70512455814064889e+00 0
-2.82636437458602119e-01 2.63180863657929009e+00 0
-1.58022609359794997e+00 1.90759824424371294e+00 0
-2.48513842216468417e+00 6.39667135845249812e-01 0
-2.51662921616573909e+00 -1.15057846000562503e+00 0
-1.22711079109196097e+00 -2.20180316109243090e+00 0
1.51960531745764205e+00 1.51960531745764094e+00 0
5.80946458547871969e-01 1.94169659963571006e+00 0
1.76233665534452100e+00 -1.09928569934196996e+00 0
1.01849270714471896e+00 -1.61690740386233900e+00 0
1.82351128042998889e+00 6.38074193945476376e-01 0
-1.96743538298863796e+00 -2.21277530487949486e-01 0
1.82988181028837005e+00 -2.01099367245877791e-01 0
2.08361089687929213e-01 -1.83484571707498501e+00 0
-1.59684558220614803e+00 1.01680344935525402e+00 0
-6.99347105127144042e-01 1.76603642267561400e+00 0
-1.58278673955533100e+00 -9.97263936753512104e-01 0
-2.19485698885546299e+00 6.36555764466619234e+00 0
5.89341372071392744e+00 -6.51181486129720444e+00 0
-5.04867010930657778e-01 -1.64938625476470890e+00 0
-3.75609782578257834e-02 1.67356333509558697e+00 0
-5.54804424832515242e+00 2.88467532565326490e+00 0
8.01791939560837896e+00 5.51122906982477123e-01 0
4.50917026407881227e+00 6.46860121983162362e+00 0
-1.04166124546532002e+00 1.24035973282116907e+00 0
-1.56652928986423201e+00 3.94730885370034090e-01 0
8.85948540300502740e-01 1.36745584631642791e+00 0
1.25493306086055290e+00 9.50995558209609237e-01 0
-1.00146640954130692e+01 3.34836871922019519e+00 0
1.16264014607350807e+00 -1.06503192727080309e+00 0
-3.68542480442213094e+00 1.80978199533377704e+00 0
-1.23464182868181394e+00 -7.85648005069664457e+00 0
-6.61079447905826356e+00 -3.80900221793217097e+00 0
4.56881763602599733e+00 1.60013275166075308e+00 0
-9.71834899664863139e-01 -1.27637572042468395e+00 0
3.49139416741803599e+00 -2.04087686322754713e+00 0
2.03478031991718789e+00 4.27444187344694715e+00 0
-1.25330688689353598e+00 3.88853352105407390e+00 0
-2.01074570684669096e+00 1.06057451669028193e+01 0
1.35220206167112300e+00 -6.14199290349893179e-01 0
1.51102591055074198e+00 2.35901356966324000e-01 0
1.45414091703088411e+00 -3.84174335525250799e+00 0
5.60040801306577185e-01 -1.39123705687437793e+00 0
3.58648448698915823e-01 1.42333250443410009e+00 0
-1.47822325155389911e+00 -4.43890003051939874e-01 0
-4.26924915043088671e+00 -1.51877213459384408e+00 0
-1.18673570901608105e+00 8.22172600240292040e-01 0
-6.03356234732732255e-01 1.31572671821803810e+00 0
4.17914794894726782e+00 1.03164401716193908e+01 0
-1.07281574642313799e+01 -3.34412320399622320e+00 0
8.16330652115769340e+00 7.60402549881292256e+00 0
1.10138806367764204e+01 -1.85057957838905396e+00 0
1.06943499171671004e+01 3.23290896045176801e+00 0
8.21043464312247506e-01 -1.12731325520742196e+01 0
-2.32316462780100297e+00 1.46862741674631891e+00 0
2.31495501928639902e+00 2.21029274699072698e+00 0
1.39737599388322198e+00 -1.57446461376662600e-01 0
4.89506539669411289e+00 -1.00874483969989193e+01 0
1.52400703007454702e-01 -1.39306031223424198e+00 0
-8.20483942581183534e+00 -7.48499907849065060e+00 0
9.61073549649703018e+00 -5.89283838733303966e+00 0
5.45430891553795494e+00 -2.05399769631423101e+00 0
-1.19895125514364609e+00 -7.53351004372046607e-01 0
-1.40617262938312892e+00 -3.56786891019242672e-02 0
-5.70319216479942082e+00 9.65288762496183494e+00 0
-4.23427901272874507e+00 -1.02997322922058192e+01 0
-1.11254494313399306e+01 1.03582143772076696e-01 0
-2.98300592130690712e+00 -2.28704218228602096e-01 0
-8.94454568515972781e+00 6.88762645166221965e+00 0
-2.14732233773300807e-01 -1.35576596623573797e+00 0
2.51320959448245196e+00 2.26670562695719002e-01 0
-1.68343770928637504e+00 -3.92550392993328900e+00 0
3.63841909060339219e+00 5.52952999252926847e-01 0
-1.05817008218306796e+00 2.46772345372974300e+00 0
-6.29710761580818712e+00 9.75126896721478342e-01 0
2.52145017275435013e+00 -5.52437541533432963e+00 0
1.25206962810058098e+00 5.80609377024975504e-01 0
1.23043661084461098e+00 5.91083645047498063e+00 0
-5.66788571105371397e-01 -1.24812695748856206e+00 0
5.49855446758220356e+00 -4.33206626010681717e+00 0
-7.60309654693641956e+00 4.55694487197515663e+00 0
1.12398818686879398e+00 1.09159994599758807e+01 0
5.26727395608414972e-01 2.77460586383703811e+00 0
7.70207142082407148e-01 -1.11172802229273193e+00 0
-2.74774454342135821e-01 1.30083333575308902e+00 0
5.23839523162257859e+00 3.29507137306491815e+00 0
-1.23398884724169799e+00 4.94988474542221113e-01 0
-3.52463979475007205e+00 4.90640595825712023e+00 0
1.01655621165334309e+00 -2.48294195857571820e+00 0
-5.74691877152814978e+00 -5.90907426495177912e-01 0
-8.50424720547435120e-01 5.44782378683590807e+00 0
6.16157239891340591e+00 6.42287550367062199e-01 0
2.62766891960647397e+00 -1.51180042858252395e+00 0
8.62238137641811342e-01 1.03279412861586994e+00 0
1.07342690194039903e+00 3.65307085185420899e+00 0
-1.89490158317123392e+00 2.75490212447809979e+00 0
3.74901744673781989e+00 4.84808243436377229e+00 0
3.44250157184326430e-02 1.28732706646135497e+00 0
7.79656835215031374e-01 -6.28426647581020603e+00 0
-9.28996022756592210e-01 -9.24046354060178654e-01 0
5.89540509955516434e-01 1.15703839825955890e+00 0
-4.11925629129201010e+00 3.20379019042280300e+00 0
-4.02223312493473362e+00 7.84351433808119758e+00 0
-1.57773709944111507e+00 -5.88822072175422129e+00 0
-1.04680588670796193e+00 8.40406108851420619e+00 0
3.35932309022344322e+00 2.03214208903340898e+00 0
-8.45230132608197593e+00 1.63358636026045789e+00 0
-7.35493553664886668e-01 1.06494382607142102e+00 0
-6.30686445901183258e-03 3.46538241692070592e+00 0
7.82286881330804373e+00 -8.93532090282245406e+00 0
-3.44991514476387806e+00 5.83950920056500511e-01 0
1.07064989758852103e+00 -7.44563076425913239e-01 0
-5.04139308445209888e+00 1.53740856584921293e+00 0
7.01060293950771474e+00 -1.01484927842609807e+00 0
2.19496659724350396e+00 3.24861059606495894e+00 0
3.74133461689160596e+00 -9.58901328455800006e-01 0
-2.33781530295763496e+00 -2.28353463873509499e+00 0
-2.67562917904654807e+00 2.30081998106356922e+00 0
7.44117362539115490e+00 -5.03372767895333428e+00 0
1.06514554499474196e-01 2.23635620845117788e+00 0
-2.40226130550971018e+00 4.48514479910221731e+00 0
-3.32576606203248915e+00 -4.84973633578532759e+00 0
1.10632929083892195e+00 1.85277752507859206e+00 0
-5.05743039516691439e+00 -3.07371279583636614e+00 0
9.14132717194200772e+00 5.25647775206834744e+00 0
-8.24612872644902128e-01 -3.25139521043449298e+00 0
2.73106034763128314e+00 -2.79901781053006804e+00 0
1.06177925465523995e+01 7.57125850881880780e-01 0
1.22113777106527710e+00 -3.69088202550092725e-01 0
4.46169345112541738e+00 -2.97784727031261420e+00 0
4.03050491059837235e+00 -6.77267703638685603e+00 0
4.13256032802871243e+00 -5.05361798216188074e+00 0
-1.18688769207684497e+00 -4.71826321904127599e-01 0
6.58650014828214658e+00 2.28952534928484797e+00 0
2.04227747964197093e+00 1.23965125390984898e+00 0
5.47010626648201992e+00 5.03179288169090189e+00 0
-9.03066362813272766e-02 6.88117856086343505e+00 0
1.02290153497667102e+00 7.77330491035815307e-01 0
-1.26332765337158204e+00 1.93068960956879088e-01 0
-2.70386253909233487e-01 -2.27747290299865890e+00 0
-8.35739345068965411e-01 3.21908481688727122e+00 0
1.22504936812503895e+00 3.08685464632395823e-01 0
8.70971081685833504e+00 2.73118861100234378e+00 0
-1.67379854284730789e+00 -1.05035265901571595e+01 0
1.59605829780748110e+00 -1.66989904289226510e+00 0
-9.20890218874720334e-01 8.50052378125292885e-01 0
5.74747840091631002e+00 8.59631393370390207e+00 0
2.76759984548007010e+00 6.87502009458786656e+00 0
5.17806626318286778e-01 -1.14221808745657194e+00 0
-1.18397190876124703e+00 1.70171271799639201e+00 0
2.16193671687444411e+00 -6.52999435617022894e-01 0
9.04716736576506442e+00 -1.66896219257791589e+00 0
1.68009410666150005e+00 2.12554068117992401e+00 0
-1.98276606619019491e+00 6.76252765421230029e-01 0
-2.97991369680949214e+00 1.15097933861046098e+00 0
-8.48969460817499133e+00 -2.58638949738945678e+00 0
-8.73538660425455760e+00 -5.00939953844588182e+00 0
-3.42394680395495421e-01 2.04607847562518286e+00 0
6.41022015232796560e-01 -8.94738782633606355e+00 0
2.70803465307545421e+00 -9.63710312586664486e+00 0
8.75526851571739262e-01 -8.74799359895705231e-01 0
-6.63053804578579875e+00 7.57888419284980497e+00 0
9.28962146976211045e+00 -3.78544859701925906e+00 0
-1.52132865522003602e+00 -1.64430005537655211e+00 0
2.48110413823608211e-01 1.21192967617870595e+00 0
-1.03616754072173389e+00 6.51067217413193511e-01 0
1.91867506880453509e+00 2.09782838865786303e-01 0
6.31842671476694706e-01 -1.81252243059726004e+00 0
-5.91569123060308844e+00 -8.33516011097937515e+00 0
-3.30683929543560895e+00 -1.84094134360242290e+00 0
-5.12594589850937599e+00 4.35897882285490290e+00 0
2.92573093889079106e+00 8.82908883420411428e+00 0
1.21626679343505706e+00 8.16523075001841375e-02 0
2.97812970698060286e-01 -1.18383917411240303e+00 0
3.21349803757514296e+00 -2.43246117303551404e-02 0
7.24306856964388235e+00 5.90862850569226072e+00 0
1.67587798771639296e+00 -2.97933346374880292e+00 0
-6.86375392965912656e+00 -2.03822253080364213e+00 0
2.34801828508477284e+00 7.39467382685312979e-01 0
-1.20344487539517297e+00 -2.46406416728863903e-01 0
3.00254241500508012e+00 6.53438161667027284e-01 0
-7.01787342892898125e-01 -1.02721368586977091e+00 0
-7.11959872176906039e+00 2.42092723161015400e+00 0
-3.91041400288430907e+00 -5.89014863411244538e-01 0
4.50024801711809541e+00 -1.70924325620632711e+00 0
-6.57421232499754638e+00 -5.98637097900073556e+00 0
3.50080881344118700e+00 1.28226196696216199e+00 0
-1.42340586866416996e+00 1.36059109948626711e+00 0
-4.07989222480974523e-01 1.59415967281520699e+00 0
-4.53728433601157000e-01 1.13305266238328906e+00 0
-3.37511225621717692e+00 -8.26852473266312948e+00 0
-1.10412999774530292e+01 5.74760587960779912e+00 0
2.50156206113847190e+00 5.54912801369728115e+00 0
4.18372584902100542e+00 2.56262415960386081e+00 0
-1.98342660458341302e+00 2.26807231009063193e-01 0
5.73703144762086659e+00 -8.35433493662940063e-01 0
8.06917825308342662e-01 -3.33821196245619678e+00 0
-4.25512379627159021e+00 1.17528483895413292e+01 0
1.17523082895695001e+01 -4.24435119913072256e+00 0
9.19276390341333571e-01 2.35895943475248293e+00 0
-8.17548195814620904e+00 9.51688404959654299e+00 0
-5.00935204781770960e+00 -4.72628904759022905e+00 0
1.18730743093103208e+00 4.57352758895631428e+00 0
3.45259486223216694e+00 -1.21720282315521402e+01 0
-1.47640056097378602e+00 7.01104524423330822e-01 0
-1.86173269846416090e+00 -6.48716181383810264e-01 0
-2.43421788095114922e+00 -5.67740883834367716e-01 0
-1.94905295513474602e-02 -3.59480975145892279e+00 0
-1.22825802246473899e+01 2.31303879461076178e+00 0
-4.13034206540051940e+00 1.18340538429055808e+00 0
-1.93702338365422100e+00 3.55694109073732001e+00 0
-1.12144326283413207e+01 -5.80016986491624742e+00 0
2.35139678910482797e+00 -3.64631848337379694e+00 0
4.62831243889047439e+00 6.30878783810236432e-01 0
1.67262016487403797e+00 1.04876377367766604e+00 0
2.57852561932596924e-01 5.42584273779498361e+00 0
-2.47539203269073083e+00 -5.37897751373460631e-02 0
-2.75177370669758385e-02 -1.22607764643340511e+00 0
-1.87542390198352193e+00 1.37775120277511798e+00 0
1.35441597896304700e+00 -5.12517572515746789e+00 0
5.23775591322335643e+00 -8.30722993073079152e+00 0
-9.58485612057245362e+00 -1.02300341747756596e+00 0
2.11945492196257401e+00 -1.51134539180411198e+00 0
-3.63914367867040101e+00 6.41992554893987766e+00 0
-5.50259654637433293e+00 -1.89539396116669989e+00 0
7.69865691766855598e+00 1.01448624554444802e+01 0
-4.81653850630825719e-01 4.13799876171191361e+00 0
-6.17122909713366807e-01 1.25936922743256599e+01 0
7.85322876975529471e+00 -6.89093542153398975e+00 0
2.32004142315325090e+00 -2.22807876331903493e-01 0
-3.40078495002808978e+00 3.95951392215328601e+00 0
1.23501725799438300e+00 -2.05251909008990019e+00 0
-2.16261379639263485e+00 2.02913041640832903e+00 0
-7.83866804343177481e+00 -9.81201887936116890e+00 0
1.78417494207120697e+00 -5.94587899404659947e-01 0
1.97752025420529809e+00 1.73300070849406396e+00 0
2.86929118121106308e+00 3.84331786321832203e+00 0
4.21168442603793880e-01 -2.28859709027588210e+00 0
-3.51978482807660198e-01 -1.17214348995390405e+00 0
-3.39697434244453600e+00 2.75284576502223999e+00 0
1.07082669135488007e+00 -5.47421409710426854e-01 0
4.26646896224623617e+00 3.79095666082805494e+00 0
-1.71968295918413694e+00 -2.93896236183199422e+00 0
1.04483311735275297e+01 7.15149228902847600e+00 0
-1.24736841146097905e+01 -1.86676572399850205e+00 0
1.26989837108471999e+01 -2.61956090559175514e-01 0
-3.23352279845772106e+00 -9.51727427894807465e-01 0
-9.95078521256742565e-01 -6.92625219545827675e-01 0
2.48729629739537383e+00 -2.19807630604650095e+00 0
-3.76504209733355122e+00 9.77210415330561588e+00 0
3.07854204648565899e+00 1.21967504372847397e+01 0
1.24452215398625707e+01 1.91710847380295801e+00 0
4.01263986225607217e-01 9.34672712518722193e+00 0
2.71866863733399022e-01 1.76350049247917395e+00 0
-9.31153778944182831e-01 -1.25748854818812994e+01 0
-2.98223919433677809e+00 -1.22843539960098393e+01 0
1.22226299858697307e+00 1.31375093227347906e+00 0
1.31986155400708105e+00 -1.38453041770348695e+00 0
1.03312341819246600e+00 5.90468461675467959e-01 0
1.18777466548149802e+00 -1.38002583577286508e-01 0
-2.42462902178036588e+00 7.87167185490076626e+00 0
-8.43363161232768554e-01 1.48986205526475302e+00 0
-5.36487862994376741e+00 5.29409203649278792e-01 0
9.67676678747909058e+00 -7.97935265334707644e+00 0
1.46845687895870491e+00 -9.38683639946479742e-01 0
-7.24950657598725012e-01 2.18213562865012589e+00 0
-1.20695936127130610e+00 -2.70886517265878785e-02 0
-4.48972915805112383e+00 2.31766659783190621e+00 0
-2.00285718963418002e+00 -1.37359018329030902e+00 0
6.22695444233758222e-01 1.59991964520868790e+00 0
-2.93210771130621284e+00 3.05407912188724207e-01 0
3.59966977630085294e+00 -8.27776845882758572e+00 0
-6.10565407851756392e-02 -1.62971679099340094e+00 0
-1.53241296495179791e+00 4.81269575759809598e+00 0
8.40531334890538218e-01 8.43088943214761910e-01 0
6.68607251772676547e-01 9.78127010355346993e-01 0
-1.33659136874968310e+00 2.94471845969207502e+00 0
4.40295561478859021e+00 -3.99984190325730804e+00 0
-4.88669149238096434e+00 -5.40943900193386562e-01 0
-1.23871031999522896e+00 -1.06916846000269605e+00 0
9.99395515983156679e-01 -1.31389805571983098e+00 0
-6.83555046345888773e+00 5.90137187848221867e+00 0
-6.39615631728745360e+00 3.95766529808693690e+00 0
2.82099032414534712e+00 -4.50803031605109528e+00 0
1.10258761768648696e+01 5.26999211523788613e+00 0
-9.94726052162717367e-01 -1.77524230904522407e+00 0
3.07163685419019084e+00 -1.07711662055588309e+00 0
6.10037098525390320e+00 -3.21890864488616302e+00 0
3.56719193444620108e+00 -2.86089757868850914e+00 0
1.51326299649531992e+00 7.69770341011180137e-01 0
-2.87741069082008316e+00 1.74208766895334199e+00 0
-1.28534267380277401e-01 1.17518016732044894e+00 0
6.24671557866328886e-01 -9.96969051850285282e-01 0
5.46827777730632558e+00 2.25052174426883500e+00 0
1.90967801110718494e+00 2.62768701382201719e+00 0
-3.05173145307237825e-01 -5.70264221435753882e+00 0
-1.13310832250561000e+00 3.40256761762114002e-01 0
-1.56267399933004603e+00 2.39693802266286804e+00 0
-1.29506925221680902e+00 1.10186674520037609e+00 0
-4.01048029998337086e+00 -2.38084057813799621e+00 0
2.54458817833671214e+00 -1.01876106235613206e+00 0
-2.27047785082717990e+00 1.02333424371496995e+00 0
-8.42714129846823390e+00 3.19513059012890288e+00 0
-2.88241543303892822e+00 -6.16802794325885184e+00 0
3.85040623896989176e-01 1.10145953745577696e+00 0
2.74642315488295896e+00 2.79261415374522803e+00 0
-9.42441465845860904e+00 5.04095468920986889e+00 0
4.35674672774097616e+00 8.07041316212091075e+00 0
-4.08247151980368717e+00 -3.84820934650390578e+00 0
6.89857877803692343e+00 -1.07999080499284794e+01 0
9.16154214564757097e-01 -7.54248612025093212e+00 0
5.00215494768759150e-01 2.34549584470936878e+00 0
6.01341083578702662e+00 6.96051795609470059e+00 0
-1.01917622069789804e+01 1.58551490740519108e+00 0
-1.23098652273230802e+00 2.07642939603121413e+00 0
6.07042902768388704e+00 1.13828123008168500e+01 0
1.30775363657795213e-01 -1.16066345454137010e+00 0
5.33972350078987734e+00 1.26327117707264291e-01 0
3.85011859451960303e+00 -3.17755860593449402e-01 0
5.58235357607798743e-01 3.36434496840463604e+00 0
-1.16398020331440599e+00 -4.80547704399554743e+00 0
2.79501936558561281e+00 1.83052761767866401e+00 0
1.55311280655686001e+00 -4.03459518229582703e-01 0
1.54144995698400500e+00 3.24170843818886212e+00 0
-7.57553596276320107e+00 7.89486297382009039e-01 0
-8.79860186220538765e+00 2.64373566539195304e-01 0
6.94006632998462464e-02 2.98581388959387395e+00 0
-2.66343829155938305e+00 5.43147720046188187e+00 0
-6.18695812716157878e+00 -1.12406524590173298e+01 0
-5.74525004017813368e-01 1.01252220273174909e+00 0
-7.38953879201525443e-01 8.99111760337718002e-01 0
5.40555654023625287e+00 1.14355872064608999e+00 0
9.78886679576044805e-01 3.02329088159639792e+00 0
-1.16172610152670594e-01 -6.95806699374464444e+00 0
3.29772652408895217e+00 -5.69271036172514955e-01 0
-1.03175756991890797e+01 -7.69013156978671741e+00 0
-1.70019390845984697e+00 9.39571963176154407e-02 0
-5.38430810063169396e-01 -1.04591197719865292e+00 0
-2.82861707980704924e-01 1.12256518796954907e+00 0
-6.00280949368699890e+00 1.97887552753520990e+00 0
1.07498587169221094e+00 4.30095127845265601e-01 0
-3.57557477025637915e+00 -1.05644173003170798e-02 0
-1.05548800978704804e+00 4.68082038842356107e-01 0
-1.81286424926272699e-01 -1.15578323956448603e+00 0
-2.80513748150753583e+00 -3.94010046522123103e+00 0
-2.21518582522033514e+00 -4.85128556703551972e+00 0
-1.28771996603298211e+00 7.16084174373169091e+00 0
-6.73941878654482540e+00 -5.65871013313018478e-02 0
1.50452195538898703e+00 5.03375620177367700e-01 0
9.30179228237549616e+00 -1.65691094620109891e-01 0
-7.70230439130782818e-01 -2.63387797274660418e+00 0
3.57203915774278791e-01 -1.58854176245781198e+00 0
-5.30130084576051264e+00 7.19398427103677918e+00 0
1.92656332760649707e+00 -6.37214889050504762e+00 0
-2.54046990353925695e-01 4.86503849212924688e+00 0
1.63455699918014896e+00 -7.58206382927643138e-03 0
6.33841366634026238e-01 -4.11366036359592702e+00 0
-1.65611887826652993e+00 -1.89068213772572991e-01 0
6.61243456046441214e+00 -2.07537776336587410e+00 0
-2.55336638888332601e+00 1.24059608742749905e+01 0
2.17514025022738400e+00 -2.63486296745713400e+00 0
-1.07721588694019310e+00 1.02049914618640902e+00 0
2.80778407637960292e+00 4.70355297000913009e+00 0
9.18664316948694193e+00 1.32146221460147695e+00 0
1.62523253567427695e+00 -1.29389864572280597e+01 0
3.54416360638655803e+00 5.97078738837955036e+00 0
-1.23210761994254394e+01 -4.03325396296871030e+00 0
7.11809955987065379e+00 1.28779726437700992e+00 0
5.28435764366862237e+00 -5.46848956481476023e+00 0
-6.21149303289339727e+00 1.14759340043878808e+01 0
-8.15311059519318926e-01 1.26837955558589899e+00 0
-7.16293613553033337e-01 2.77857090016610986e+00 0
-3.83372640241823104e-01 3.08571484441498400e+00 0
-1.02422803005363394e+00 -5.29875590742785785e-01 0
-1.83542580400128696e+00 -2.07606244184447997e+00 0
-6.51550567032234240e-01 -2.05163792914230481e+00 0
8.34589062802304227e+00 4.03547092140996444e+00 0
9.22574011746131073e-01 -6.98697042458366169e-01 0
7.76138940984246783e+00 -1.88654084918299203e+00 0
1.28564929163141706e+01 -2.46445470372848696e+00 0
-9.90365792342403850e+00 8.51394247438172691e+00 0
1.34659628917466107e-01 1.51654151472790599e+00 0
4.95262860839625141e+00 -1.02766662165494993e+00 0
1.14228299323379705e+01 -6.25541611278326570e+00 0
9.41150630968554935e+00 9.03407476322042058e+00 0
1.21085761527644209e+00 1.28563002863498692e+01 0
4.08089392679219376e+00 1.05586076176281396e+00 0
-1.30185336376722596e+01 4.11387810241108820e-01 0
8.21175725489037139e-02 8.07706291181433400e+00 0
-2.52838080967349521e+00 -3.05566149491153283e+00 0
5.38524013517562761e+00 -1.18669457535174701e+01 0
1.24834499266943109e+01 3.77189716735981184e+00 0
-1.14264255655291400e-01 1.46466815427606600e+00 0
2.98034230694997682e+00 -6.50748170940449100e+00 0
2.73138900651315497e+00 -1.38522328890790303e-01 0
-1.16174918550943094e+01 3.96829893479854112e+00 0
2.59358829945655911e+00 1.04144005407493196e+01 0
-2.46046358258369802e+00 -1.70730278805025693e+00 0
-7.82497031011593958e-01 -8.54353973854564019e-01 0
1.46469378909378189e+00 -2.45148652330015215e+00 0
2.15231510183084307e+00 -1.06847774373425408e+00 0
1.81175659588136795e+00 5.08083158412944602e+00 0
-1.48077059867626204e+00 -7.26933365547603905e-01 0
6.60967684138568412e+00 -7.80951751905572511e+00 0
2.37941991300762279e+00 1.52411191990102601e+00 0
-2.18868304397636892e+00 9.19440058826529771e+00 0
-4.33012526189723912e-01 1.06213806792819003e+01 0
-4.22486852549962943e+00 4.07802231528679560e+00 0
6.96113093457682713e-02 1.15469077493212602e+00 0
-7.40692342961164041e-01 -1.50593459000249208e+00 0
-8.34447993101348651e-01 -9.21650233753088344e+00 0
2.05453203417499708e+00 -4.38533827440406210e+00 0
-4.50365810107651665e+00 5.09351754729697426e+00 0
2.15618198292757590e+00 4.84263003337672193e-01 0
1.28122520936162299e+00 2.20196844858176810e+00 0
6.61636655829128184e+00 -4.18092892545715866e+00 0
-1.93060061460061405e+00 1.01211664984592198e+00 0
1.69529359504579102e+00 6.91316860056600824e+00 0
-3.58730700630542820e+00 1.11408539432461295e+00 0
-7.03183646542788310e-01 -4.03003422118286370e+00 0
-5.96060291816325094e+00 4.94189974822032330e+00 0
-9.60686256911282621e-01 1.91477700603466805e+00 0
8.22879348463644611e+00 -6.18412590184278410e-01 0
5.86504186981632980e-01 1.38644383339620103e+00 0
1.62635124682183996e+00 9.02007297157027033e+00 0
5.90424005392861773e+00 4.08758179577078096e+00 0
7.52731907553766622e+00 2.95796988254548987e+00 0
5.21325910626111999e-01 1.02315970898684605e+00 0
1.97027085513281103e-01 2.58811861579527713e+00 0
9.57608945102493836e-01 -1.96156356470996096e+00 0
7.97097625312848002e-01 -1.48358227787987396e+00 0
8.52532025941239979e+00 -2.79179071717784710e+00 0
6.02787558740284571e-02 1.95158852952216599e+00 0
-3.19884051524726720e+00 2.17778149901542184e+00 0
3.92921513983861814e+00 1.71597548642047992e+00 0
6.35689081976999137e+00 -9.35737303436230583e+00 0
7.08877290223832990e+00 6.27640086199706959e-02 0
4.75671575800504176e-01 -5.29528513285371805e+00 0
1.09628290166093589e+00 1.55758670276524192e+00 0
7.34919378055688854e-01 -8.80308007303240214e-01 0
-2.76442087755168209e-01 -1.91585817355318699e+00 0
1.42713703724661189e+00 3.97352005481421619e-02 0
1.08319508909813500e+00 1.12080522841911989e+00 0
-1.92364602092425896e+00 1.74578780047552895e+00 0
-4.75324302936902043e+00 8.52406064820919518e-01 0
-2.41262723956744995e+00 2.76631971508672114e+00 0
-6.09687875248964595e+00 -2.81187574859809697e+00 0
9.08714431109197474e-01 6.91896895129893608e-01 0
-9.11800135886995600e-01 6.75353737771710372e-01 0
-2.92765812434314987e-01 -2.77010979269491608e+00 0
3.59810392958932024e-01 -1.38075171491371296e+00 0
6.16587666406724644e+00 3.13298601280095301e+00 0
-2.14227074568081699e+00 -8.90720197111217260e+00 0
9.63632656556811407e-01 -1.05540597457675189e+00 0
1.88064255050214402e+00 -8.72578884692908296e+00 0
-8.00058980031269229e+00 -3.85879948585157617e+00 0
-2.52453096069069405e+00 3.81049164820673214e+00 0
1.26573665323126194e+00 -8.55345643649441434e-01 0
-2.07699028470724212e+00 -6.93380495039405975e+00 0
1.64256434801647400e+00 3.85573353249376982e+00 0
-4.97689507549439192e-01 3.56546619100095397e+00 0
-1.07867510625738405e+00 -3.77444744291318579e-01 0
8.04978809565498210e+00 -3.94116909145139305e+00 0
1.07564654898184808e+00 -3.75010425115738288e-01 0
1.95391674796343007e+00 9.26086843548502459e-01 0
-1.72626149035401300e+00 6.07031951414019999e-01 0
-1.13561982628262492e+00 1.27953624436116409e-01 0
-1.68066086946338999e+00 5.65600609237669438e+00 0
-8.19605368195123241e+00 5.79669932351561101e+00 0
1.29232980582912504e+00 -1.71012215998970896e+00 0
3.19963015101491610e+00 -1.58961471888131101e+00 0
4.13238745422984177e+00 -2.31401887760252700e+00 0
-6.34744772930316392e-01 1.53302691009447600e+00 0
1.71068108476436498e+00 3.60629411524476418e-01 0
1.12565482993961608e+00 1.72056043255539498e-01 0
-6.72314578077413305e+00 -1.08256807289805601e+00 0
6.22680160653728332e-01 -2.70900713138028193e+00 0
4.20247698822545157e+00 1.97924538148012391e-01 0
3.75920249324743105e-01 -1.07745325807724690e+00 0
6.57408979688560002e+00 4.96199293487989923e+00 0
1.43100395342649400e+00 1.14957814259829405e+00 0
-1.82167378907295507e+00 4.16031540730197502e+00 0
-2.89803946450646999e+00 7.39562805251497979e-01 0
-1.06039798649697503e+00 6.32101134079907201e+00 0
-2.76362131378087794e-01 6.05737388599037363e+00 0
-4.39713583097247396e-01 2.34501251519134390e+00 0
5.19834941641425008e+00 -3.44704834168500085e+00 0
-1.09186884133765094e+01 -1.73557306780315201e+00 0
-2.56349077929841518e-01 1.80215013488097209e+00 0
-1.64889056059292693e+00 1.57381470829325898e+00 0
6.35325267887679956e+00 -5.34155088582377857e+00 0
-1.47569002198864996e+00 1.82300156678440600e-01 0
-1.40255832171817096e+00 8.94264620009575406e-01 0
5.05562630838203031e+00 4.17493659407447026e+00 0
5.98247391410017482e-01 3.89183252883920616e+00 0
8.70866279846835151e-02 -2.17798165449483605e+00 0
-1.41038888245909599e+00 -2.49150421885388995e-01 0
4.45719898522153368e+00 1.18663246377572804e+01 0
-9.08781051877237678e-01 4.63878952956531965e+00 0
4.52512431717546981e+00 5.47609936474054759e+00 0
3.31073862524365714e-01 2.04071398279702887e+00 0
7.72300900345795127e-01 6.81199821278139606e+00 0
-2.33886333874764185e+00 3.40367954666663808e-01 0
2.33424213704719019e+00 7.88128316224592496e+00 0
1.92318024486419192e+00 -1.81969440817470707e+00 0
1.42955158299420693e+00 1.84036932652841401e+00 0
-4.87123680535985137e+00 3.51856875046301587e+00 0
-4.62554880942526658e+00 -7.67918226330882803e+00 0
3.89677836687840085e+00 -1.57054257045925505e+00 0
3.05862019652060502e+00 -2.33461670340732219e+00 0
-7.78836710699060575e+00 -1.67435785629296596e+00 0
1.39857472329240506e+00 -1.15362676906568695e+00 0
1.60378948057263804e+00 -1.34020001098721497e+00 0
8.29878145763730091e-01 1.80961507592062198e+00 0
-1.83860185821433997e+00 2.18480857334387313e+00 0
-2.16555395592379707e+00 2.44322830214359410e+00 0
3.63397123900200603e+00 -4.39910143537865839e+00 0
-2.18210272103528302e+00 -8.87830535447582281e-01 0
1.83041589573624508e+00 1.33601023793659701e+00 0
4.31752829661615767e+00 -1.12207280905455908e+00 0
8.16788512039600789e+00 1.69838170738641203e+00 0
-7.41015830490033789e+00 3.47908840440430200e+00 0
4.82084084958437664e+00 -2.32590332992332804e+00 0
3.47626351428599012e+00 -5.73593414200052720e+00 0
6.16105793188755069e+00 1.50081350639741595e+00 0
9.89060513487412152e+00 -2.51340465243165312e+00 0
-8.72598885369656130e-01 -7.30215199063145359e-01 0
-1.13834031940781802e-01 -8.11567767774146809e+00 0
6.16725258539355670e-01 4.89754495991000383e+00 0
-9.49640863990440920e+00 -6.33260767487560727e+00 0
-7.24210295120231340e+00 -4.88176837137509967e+00 0
-9.01513656594720270e-01 1.01657555699336410e+00 0
7.81684900803948257e-01 1.21137984464191595e+00 0
-4.29876176914859442e+00 1.68653608849952596e+00 0
-5.05539418782161132e+00 -1.27037067580722596e+00 0
-1.04677201623335403e+01 6.99349902541181656e+00 0
-3.66717140274597092e-02 -1.41760309632492110e+00 0
-5.16801355008293939e+00 8.39453628597758161e+00 0
1.92070589828930105e+00 -8.57124282496163237e-01 0
1.10583071519054199e+00 -2.24075617208356698e-01 0
1.13046153321494192e+00 -3.25911718186906868e-02 0
-1.18078715336330298e+00 1.43688258125006407e+00 0
1.48122960386381508e+00 -9.93702863799674319e+00 0
-3.25315754135626589e+00 3.36828382162420414e+00 0
-1.27956354111643300e+00 3.41355571445961603e+00 0
-1.12633544022008691e+00 -1.23428601420336403e-01 0
1.22022991499666400e+00 7.57907158906058420e-01 0
-9.41398829082387323e+00 -9.13928851361535877e+00 0
-1.30574318179162696e+00 -1.39288085150157492e+00 0
-4.28445189217643019e-01 1.40359793188381898e+00 0
-7.90839195142286666e+00 -6.06366656463382192e+00 0
6.17954805684268660e+00 -1.86415045740369295e-01 0
1.99905193602518594e+00 -4.43731322850238419e-01 0
3.63757430224272005e+00 3.73132736766899997e+00 0
2.39184075359695214e+00 -1.10484143007994593e+01 0
4.53051851205718004e-01 1.27357018953299406e+00 0
-3.04622921252508005e+00 -2.39853349491029100e+00 0
-1.37359673189560505e+00 3.59051168967724821e-01 0
-8.02424729787973590e+00 8.07709268594038221e+00 0
2.08203827950046483e+00 -4.16959980887170525e-02 0
-5.59049726933022928e+00 -6.81534334834339273e+00 0
-9.30252857757833596e+00 -3.69126701072341312e+00 0
8.75585272210366483e+00 -5.08731782057628212e+00 0
1.20170559339540706e+00 5.25914402109390178e+00 0
-8.13072920513947084e-01 7.81330204555560681e-01 0
-4.88434486938852608e+00 -1.23066391738274206e+01 0
-6.80689141105732798e+00 9.01456721676991890e+00 0
1.04468438432525303e+01 -4.77121382550609319e+00 0
5.69691236716446969e+00 1.00038856344114997e+01 0
-4.75928549326645900e+00 -2.13291745938121879e+00 0
-2.60309403529286598e+00 1.18415811852296304e+00 0
3.96534204657417622e+00 -3.42459700154536417e+00 0
1.14946551831584309e+00 -2.91690561685711991e+00 0
7.23425123835197748e-01 8.68614566357619355e-01 0
9.34002004472199232e+00 -9.57670185903189441e+00 0
4.10193296174009170e+00 3.18658502718598191e+00 0
2.79215442391967317e+00 2.31584331381908681e+00 0
3.27237821033572196e+00 2.57356503590335084e+00 0
9.73848955464417898e+00 4.06544713159414339e+00 0
-3.88723675314456818e+00 2.39497859925561984e+00 0
-1.20522079325255405e+00 6.58192199623561680e-01 0
-6.10521222138074582e-01 1.16960253881717202e+00 0
-5.24101044161918139e+00 2.20362842433717887e+00 0
5.46239475761469517e+00 6.01647654716685576e+00 0
6.58979238415185242e-01 -1.26180036991774491e+00 0
-3.26552685138877585e+00 1.51127533937394198e+00 0
-5.62999727346133660e+00 -3.90333008460931197e+00 0
-6.83553776482227082e+00 -7.32265412201687926e+00 0
-9.73364525559907889e+00 -2.29840874587041499e+00 0
8.43876166413314444e+00 6.34128160181696732e+00 0
-3.26035067068711903e+00 8.69559175368020476e+00 0
-5.80920466203799357e+00 -9.84792798143333847e+00 0
1.08594099539182998e+00 3.01235477572237786e-01 0
1.03722703215278607e+01 2.07596775843089398e+00 0
-1.05289050015198193e+00 9.61532802225350736e+00 0
1.05798600770991005e+01 -6.20400596579520514e-01 0
-2.92587698618809622e+00 2.73649372632678212e+00 0
-2.88678368222620918e+00 -6.97009950608943885e-01 0
-3.39678150112076205e+00 -4.85409901419417422e-01 0
-4.90985732664672381e-01 1.81476599178448295e+00 0
3.69120214772560296e+00 -1.06481570133489001e+01 0
-4.21461907017391890e-01 -1.37402474571188593e+00 0
-3.70344793788455817e+00 -1.35357438614099701e+00 0
-2.13964055617191917e+00 3.17815911085877589e+00 0
3.67623413092112505e+00 7.20815099274998783e+00 0
2.91535518484243106e+00 2.56165090740026025e-01 0
-1.01123332522724692e+01 -4.77541186499319892e+00 0
7.62105440649818089e+00 4.79106888930323294e+00 0
6.93600074576152359e-01 -2.12843148163376394e+00 0
5.07188223635717583e-01 -9.95412935975954816e-01 0
-2.98164089993223014e+00 -1.40249432240711003e+00 0
-6.11028136519281428e+00 -4.91955274293625688e+00 0
1.02463979503697300e+00 -9.08193600617373087e-01 0
1.53235046856064505e+00 -7.07355196634401606e-01 0
3.12726570823591787e+00 1.47588693459713793e+00 0
7.25329642368611083e+00 8.66323361407337345e+00 0
-2.57374188097066081e-01 -1.05292021518620604e+01 0
-7.07590368950887960e+00 1.45905662214038290e+00 0
-1.30410606635878690e+00 -2.71643246645932290e+00 0
-2.85803525160116001e+00 7.07925920049339119e+00 0
2.29882812745720289e+00 -1.90606868329074808e+00 0
-6.44289889640683544e+00 3.07543371660847820e+00 0
1.02289887017760495e+00 9.57228225263200394e-01 0
-4.61543417734606543e+00 6.49513744886939559e+00 0
-2.91866688982070421e+00 -1.00309263000536504e+01 0
-2.50565035666475122e+00 1.79272267473869307e+00 0
-3.97275614619844086e+00 6.26929211573280853e-01 0
-7.38125282795217075e+00 -2.96056743819928014e+00 0
6.04507029427294018e+00 -1.54860679756517294e+00 0
2.86123747510899484e+00 -1.91401293268675898e+00 0
-1.72931791151594494e+00 3.15693264827438602e+00 0
5.05300155997745026e+00 -7.18265107185674534e+00 0
8.37950153261504127e-01 2.11394103314013915e+00 0
4.33948055629452156e+00 -5.95551755383647841e+00 0
-1.72852492452197892e+00 -4.44742940151563182e-01 0
2.77125695758686996e+00 3.35189885919733888e+00 0
-1.63521458811017895e+00 1.25180679296253694e+00 0
-1.89676339999660204e+00 -9.68035821586868739e-01 0
-3.52723905410767813e-02 4.00201294622940740e+00 0
-4.66681881150829481e-01 1.00726795382902101e+00 0
-2.18209345003968380e+00 5.60285968203182161e-03 0
2.72092202493776303e-01 1.07938391318626392e+00 0
-9.27595422655593893e+00 2.56467204307326613e+00 0
3.30068308027684498e+00 3.59182163354793305e-01 0
-6.27251301567225195e-01 9.12573241779373712e-01 0
1.96325287354279610e+00 6.13326139843972573e+00 0
4.86928123135595392e+00 2.63738351634725898e+00 0
3.09420422827706387e+00 1.07097203503594396e+00 0
-4.06095170590153742e+00 -3.10930630719348411e+00 0
-5.97869013928253512e+00 8.67119310664591358e-02 0
2.18605309809847093e+00 -3.14060631755452091e+00 0
-7.71886985036860818e+00 1.10231159258758602e+01 0
2.85927359448823992e+00 -3.34325571600773497e+00 0
2.23633386943039092e+00 2.48526065910486510e-01 0
-3.00618826302327280e+00 4.51907739088402760e+00 0
-3.63609440960589492e+00 -7.23272236816791558e+00 0
2.64037849627835319e+00 5.39022124389995749e-01 0
-1.72995291336430490e-01 2.26035406611682310e+00 0
1.57236982085949095e+00 -1.99394793332232001e+00 0
1.59366718908349703e+00 -2.05486287135207391e-01 0
-7.60475613391299365e+00 6.97188678889099300e+00 0
-2.14088503060813995e+00 -4.91931932607737821e-01 0
1.34050874992755698e+00 1.94051250577608386e-01 0
-1.33400812662403001e+00 -6.07211724018190790e-01 0
-4.98318648779494744e+00 8.92567947680463492e-02 0
8.77652717925820669e-01 2.70515762972759788e+00 0
7.07791874526701914e+00 -6.28387617226297834e+00 0
-3.89983450706406121e+00 5.65789442167905321e+00 0
2.37964887274026804e+00 1.09259122138949993e+00 0
2.49847591802659294e-02 -1.11321852730430404e+00 0
2.23356087289243110e-01 -1.09086744657437507e+00 0
3.20888886947011187e+00 -7.44965543108661699e+00 0
-6.00495228988032625e+00 6.45177220685079433e+00 0
-1.57809678713810397e+00 -1.31313705093598010e+00 0
-1.80383959539554595e+00 3.82422713339859888e-01 0
-4.15634600118362307e+00 -5.38084917040257160e+00 0
2.36573018171184080e+00 -1.31627293834316705e+00 0
-7.65165195769460516e-01 -1.20909116252489102e+00 0
-4.44144776117634343e+00 -8.96574313310892457e+00 0
1.58044245620124896e-01 -1.60654908616015502e+00 0
1.34085762019417398e+00 4.25159475641850193e-01 0
-9.26061988467630881e-01 1.68975690386653610e+00 0
-5.63383319179757436e+00 1.17782309809420105e+00 0
4.01709503345289320e+00 9.17021517380280038e+00 0
-2.75578419509755812e-01 -1.58433400305844407e+00 0
-1.17819836753451890e+00 -6.67693273890065431e+00 0
6.18959025396334517e-01 -1.59433726424676103e+00 0
-9.65293593225158286e-01 5.47726562469248002e-01 0
8.13826962247558461e-01 -7.39654130737611104e-01 0
9.35681866573892740e-01 -5.96119691149419872e-01 0
4.18558252148532484e-01 -1.99162071728633405e+00 0
-7.23513025193359827e+00 -8.62253519775028821e+00 0
3.64534627758318086e+00 8.25812465295622661e-02 0
-5.93596910879120143e-01 -9.44704071830559489e-01 0
-4.14342234399213027e-01 -1.04349330332331203e+00 0
2.99512401945989826e-01 -3.18736663814820487e+00 0
-7.03750131651666999e-01 2.49408896390704582e+00 0
3.93087119844791211e+00 -9.47002251713064602e+00 0
-2.72109561824486090e-01 -1.07989421261166796e+00 0
7.15878760286972327e+00 7.09119677379007474e+00 0
2.40625205279715715e+00 -5.15392782525449400e-01 0
5.15703156389890793e+00 -4.54349855981329598e-01 0
4.42699270627584163e+00 4.55939679435216227e+00 0
-9.41175850738970698e-01 -5.88151876473581470e-01 0
5.27245707349414006e-01 6.08355047470482813e+00 0
-4.43989180328137056e+00 -9.18943686761057754e-01 0
1.81760654024667512e-01 1.35019258362648298e+00 0
-3.20401789417578309e+00 1.09190842177202203e+01 0
1.39027830584103196e+00 -3.29677463261023374e-01 0
-5.70908011983522456e+00 3.74578692416880221e+00 0
1.24452185798734405e+00 -4.48896363770221907e+00 0
-1.42381525076868609e+00 5.38437865018082218e-01 0
1.10976602898330903e+01 -3.21543958073204683e+00 0
-1.76686860634476606e+00 8.43103459883892126e-01 0
-2.29611506070084084e-02 1.10935738758960589e+00 0
5.08673749347439585e+00 7.35963133859656615e+00 0
2.32452480495184188e+00 3.77242114059847111e+00 0
1.89840852110314096e+00 -1.39263592201101005e+00 0
-5.41719856085291518e+00 -5.76981638177341694e+00 0
-1.40493821794253204e+00 1.61587715212796201e+00 0
-1.31350959890635899e+00 -3.72166273170071615e-01 0
-4.37950020421418440e+00 -2.79945887637098823e-01 0
-1.34387886832306491e+00 -8.99442230284473676e-01 0
-4.83880058570215166e+00 1.05311886921625604e+01 0
3.29960160377619305e+00 4.34240125265652299e+00 0
2.36215172022573183e+00 2.66524245231348988e+00 0
8.64324788638072383e-01 1.60924852249023598e+00 0
1.19489627950370703e+00 -6.40264308686636419e-01 0
1.11639844015587908e+01 -7.56963781292221594e+00 0
4.24558153241445690e-01 1.60539466031154499e+00 0
4.75267163125578929e+00 -4.69196281368820589e+00 0
-2.72272455495732923e-01 1.46561282728497710e+00 0
-1.10282301331463692e+01 2.64172373061259291e+00 0
-1.24530936347242900e+01 5.17256900714177714e+00 0
1.18459398163526100e+01 6.68725550046926376e+00 0
1.86659940902622501e+00 -5.68201959399474443e+00 0
-1.30592555564688997e+01 3.55883627892568200e+00 0
1.80311010324495791e+00 -2.59903705816367303e+00 0
5.35379123011789382e+00 -2.77063785895102122e+00 0
-9.87277872219078478e-01 2.18784309317503078e+00 0
-1.39272851209275395e+00 -3.44390447985852921e+00 0
-1.04560872329628296e+01 4.45525699708267275e+00 0
-9.05806549366690250e-01 3.65147287981857582e+00 0
-2.14466618462300795e+00 4.99808685315383006e+00 0
8.33388486981698096e-01 -1.27302225590479501e+00 0
-8.65831864370822224e+00 4.24783038235134391e+00 0
2.66373052828595780e+00 8.43941002507682891e-01 0
5.11026431063785935e+00 -1.57767620201820891e+00 0
1.18479486177768889e+00 -1.26984234879498592e+00 0
-8.61380598642359097e+00 -9.57175874627257506e-01 0
1.36023076562803507e+01 9.28074611729994614e-01 0
3.74212446054991599e+00 2.41285515095801406e+00 0
7.97924346220087011e-01 -1.65855368387516799e+00 0
2.83635564931375583e+00 -3.95686303578911192e+00 0
1.00361165714138401e+00 -4.53733377668086690e-01 0
-1.07156008679893899e+00 -2.70009545640857385e-01 0
-1.08583116716771810e+00 2.19554457057030111e-01 0
-1.10816510979638805e+00 3.25231503404318431e-02 0
-2.91667508968439115e+00 6.13221882084983605e+00 0
1.30933369335657890e+00 -3.53706884377816069e-02 0
-1.37769092962826489e+00 1.83938054945380891e+00 0
1.02919254954518991e+00 4.16637073900782884e+00 0
3.33952666589665403e+00 -5.02187761729241977e+00 0
1.70658982318407193e+00 -8.90939916543399990e-01 0
7.35654530987563593e+00 2.13387281416976204e+00 0
-2.18949175644880611e+00 -1.33557174840022093e+01 0
2.00713986564055213e+00 2.06734365154297794e+00 0
-1.15187818226529703e+01 1.30896379803395191e+00 0
-1.87268372365777691e+00 -1.73395796602242203e+00 0
-4.61373550003906630e+00 2.91186796006717685e+00 0
-1.00313601177471003e+01 4.79325819633585393e-01 0
2.21633709485481306e-01 -1.35654198470089806e+01 0
-1.06084971838815001e+00 -8.36819446714659021e-01 0
-2.64291046525863482e+00 3.60695152497380878e-01 0
-1.07034807583221392e+00 2.78563210287730989e+00 0
8.19706022802203371e+00 -1.02529078426989599e+01 0
8.05625318260883461e+00 -5.79757602075229528e+00 0
2.32270356657928678e+00 1.85975043775001403e+00 0
3.38223763377126518e+00 7.93199826361630000e-01 0
-3.46927656372478399e+00 -3.73234822371146979e+00 0
-1.05882382736144898e+00 7.94932007159861120e-01 0
-1.34079147723757401e+01 -8.36458434609382184e-01 0
-1.26398186693575887e-01 1.32755393809107103e+00 0
-2.32531705666870181e+00 -2.86928572001254878e-01 0
4.09819426795744324e+00 -6.83767159638967725e-01 0
-3.73359768789643098e+00 1.30616062602776495e+01 0
-6.40600366862339232e-01 1.96926277177931208e+00 0
1.71952747850501697e+00 8.25387321868719881e-01 0
-2.11545968388745287e+00 4.55431440086571881e-01 0
1.71762763313895706e+00 1.73244824882460402e+00 0
1.09807705827200497e+00 7.40342486193163035e-02 0
-2.09948660082278815e+00 1.21497354362215204e+00 0
2.09892694331088503e+00 -5.02738794287337143e+00 0
-1.86508974322777910e+00 -1.17985962797325392e+01 0
6.32815974915704960e+00 5.81887717342401256e+00 0
-2.24310527199612419e+00 7.53235133984184624e-01 0
4.26171481860795620e-01 -1.25698455560842892e+00 0
-1.88400150146857004e+00 1.01662603569383399e-02 0
-2.13864074061312602e-02 -1.87558677457731804e+00 0
-3.60023147985939707e-01 1.02319617274670294e+00 0
1.23034853103327491e+00 -6.88843229717169958e+00 0
1.18675103987299497e+01 7.14797809400744777e-01 0
3.00213051010099985e+00 -3.35550031938848914e-01 0
-6.01955433393037964e+00 -1.32751830874316790e+00 0
-1.30547365905335999e+00 -1.39302757427827495e-01 0
1.84911875783173607e+00 -3.48029861479555880e+00 0
1.41038857943496598e+00 -3.32580874871114807e+00 0
-1.67988677518242202e+00 1.35063893638271999e+01 0
-1.14417707782750599e+00 -6.03485777550751279e-01 0
-5.37233816366277983e-01 7.51500473198282126e+00 0
1.85743764754833807e+00 6.97402433152246193e-03 0
1.70869310712083694e-01 1.07201739198721802e+00 0
-4.04415621158887573e-01 1.26498285729351689e+00 0
1.43053927303160200e+00 9.46643723348792099e-01 0
3.21971174490779788e+00 5.30092380940193841e+00 0
7.49504859168564241e+00 1.13234126153180004e+01 0
-1.30883802683864992e+00 2.60609251488375504e+00 0
-1.32588689892881000e+01 -3.02448646846643499e+00 0
-1.15971006925370705e+01 -7.06423963183349368e+00 0
1.13178171113378689e+00 -1.44117363814297605e+00 0
-7.97712530500766537e+00 2.39160695758284980e+00 0
3.24885536257587981e+00 7.96192139606689242e+00 0
-2.56447610677155202e+00 9.09420855265281824e-01 0
-1.25602033381368106e+00 1.15292916149968292e+01 0
-6.76477405503623785e+00 1.01547487597605404e+01 0
9.54656646076528559e-01 1.21873879058843193e+00 0
1.67891128079135199e+00 2.92089659867297202e+00 0
1.34281204587087508e+01 -1.41621011955890697e+00 0
8.12329494721117928e-01 7.36274558213669050e-01 0
4.64337895624814312e+00 2.15057024770491001e+00 0
-3.84284407179711796e+00 -1.83015861000158409e+00 0
1.22499805016491408e+01 -1.39460635606921390e+00 0
-2.65120221850885995e+00 -2.64639242896281324e-01 0
9.14287115932093108e+00 -6.93921862493994723e+00 0
1.01853328935405791e+01 5.91872695101618795e+00 0
-2.09841883654036199e+00 7.10716473949585481e+00 0
5.82250646905758895e-01 9.29705316200659104e-01 0
-7.73139588316493676e+00 -1.12283980997713204e+01 0
-7.38389499804752436e-02 -1.09518038600447509e+00 0
-3.22248171120033700e+00 8.77226741794641884e-01 0
-1.17791741354725197e+01 6.91111006519731941e+00 0
-2.00034170656073318e+00 -2.55793768929162679e+00 0
3.44811854844690213e+00 -1.28947161065852600e+00 0
-3.45903761027794576e-01 -3.24431257145176222e+00 0
1.65341685858010501e+00 2.44346259069911698e+00 0
-1.90939557198676196e-01 1.61037005492357110e+00 0
9.81132019811925549e-01 4.96785492794490413e-01 0
9.29876044291293224e-01 5.79873119502318790e-01 0
2.64671918990421018e+00 -8.25967397371227818e+00 0
-1.18090069144494993e+01 -2.97466863977110618e+00 0
4.30337619976532704e+00 -7.60873526698131997e+00 0
-6.83254925359604659e+00 5.05469293972080091e+00 0
6.08783549861228224e+00 -2.51509730135450082e+00 0
-2.34384325858581599e+00 -5.67086717671559803e+00 0
-6.27357978686229889e-02 2.51315991154278118e+00 0
8.02690377699931790e-01 -9.79686758786509793e-01 0
1.21468419321974297e+00 4.48152492913503286e-01 0
-3.21383976092250911e+00 5.56680482431702525e-02 0
1.31296849217600009e+00 1.64534815687660796e+00 0
-1.31866033027241292e+00 7.49975688457420353e-01 0
2.82886984051728696e+00 -8.74712148812989199e-01 0
1.58258035271438197e-01 1.16382986893188107e+01 0
-2.08585000739692594e+00 -3.40814663565880682e+00 0
-2.72061838524975189e-02 -2.47842654227409920e+00 0
4.86172122148698538e+00 1.46000182479524288e-01 0
-1.22804968439987796e+01 -6.25662403945913659e-01 0
1.66297799780458999e+00 1.68033868299531791e-01 0
1.09379177572706499e+00 -1.23240735009731706e-01 0
-1.21516378922984392e+00 1.27116121812787797e+00 0
1.05062173005775805e+00 1.38017416123977910e+00 0
1.26798555074857902e+01 5.22216789269878578e+00 0
1.20514755583601607e+00 -5.04657798442931349e-01 0
8.43106458580440155e+00 -7.92376677843279609e+00 0
1.28512183540651703e+00 -2.42112927957503110e-01 0
-5.39709774377890561e+00 1.25736871887917800e+01 0
9.72978324357773872e+00 2.81023139015533285e+00 0
1.76037860038111593e+00 -4.00818901657389981e-01 0
3.87319438300379293e-01 3.07862398443478114e+00 0
4.58807067278829583e-01 -3.63318734259258402e+00 0
9.14203625706913492e+00 7.17812212897097357e+00 0
-5.32710486247645720e-01 -5.09294427253035042e+00 0
-6.65212978998047877e-01 -8.73668660795452912e-01 0
5.12405180454431974e+00 1.72062128980708895e+00 0
-1.24639677661703008e+01 -5.45111320449926762e+00 0
-2.41696465128405613e+00 -7.92822649594641327e+00 0
-4.21563766825443320e+00 8.78344602139979713e+00 0
-1.40739940302115091e-01 1.94811092490465709e+00 0
7.91606468798467300e-01 8.54955966850370785e+00 0
1.00042271324615495e+01 -1.56239866536042205e+00 0
2.80130972656271515e+00 -1.35071786020296400e+01 0
-1.72793250578370999e-01 1.07491989519158304e+00 0
-3.76393518683417483e+00 4.39914767519226135e+00 0
-5.23389289401170910e+00 5.03040918631676259e+00 0
3.34416989961003308e+00 1.11364710980030104e+01 0
2.16914011479771807e+00 -2.15992583774712221e+00 0
4.56971916586746474e+00 3.40096979857813686e+00 0
1.30488696999026494e+01 -3.88187258994718087e+00 0
-1.35660542829776691e+01 1.81839165612920906e+00 0
-1.45917026467818101e+00 2.15546259201652912e+00 0
3.37378087368963409e-01 -1.22715165282761198e+01 0
1.26153150474371891e+01 -5.46974276707845242e+00 0
-9.52219900149350629e+00 9.95279597410088002e+00 0
-9.71288965288921169e+00 6.19815553498694172e+00 0
-9.27008693329538364e-02 4.39580148410292093e+00 0
1.85366236781739691e-01 1.36742886267304193e+01 0
-9.24021036379679117e+00 1.07090800711889300e+00 0
2.31296547310862222e+00 1.14265947970107096e+01 0
1.33684068208647897e+01 2.81897952595233692e+00 0
5.18183619862007117e+00 6.33521374578189134e-01 0
-1.01226970449442599e+00 -1.51891663626989204e+00 0
-1.03429842590371002e+00 3.67247635474934719e-01 0
-1.48626443768846905e+00 1.15833805234277198e+00 0
1.91451028116059896e+00 4.44319311541670481e-01 0
1.07225554894079291e+01 8.51021026784301959e+00 0
3.31087944971473591e-01 3.60777024745760810e+00 0
-8.64163830935216870e-01 -1.07450245986856308e+00 0
-1.01044748008607099e+00 -1.08316726061481794e+00 0
2.32939399608301301e+00 1.34953705049042600e+01 0
4.45078619729976699e-01 7.39998851446909178e+00 0
-1.31346703909459706e+00 6.73288775372630766e-02 0
1.35871532411721607e+00 7.02333560803952262e-01 0
1.32486213392209096e+00 2.99891928534908381e+00 0
-1.23673049450542805e+00 -4.23787641287844341e+00 0
5.05123961965989388e+00 -6.25523033287316910e+00 0
4.39718684004460325e+00 -1.29568915017221400e+01 0
-2.86452184169158297e+00 -1.96362167738428495e+00 0
2.03600456740618396e+00 7.05060978316528586e-01 0
-3.26422496434055498e+00 5.50925162925692380e+00 0
6.26921911944571697e-01 -9.01916509496233587e-01 0
6.82128611886363778e+00 -3.49253599491555589e+00 0
1.22166921090527603e+00 9.88159854356299938e+00 0
-7.46720202008851364e-01 -1.74776930974472511e+00 0
1.96337904375200711e-01 -1.27293731239013508e+00 0
2.76808924819204405e+00 -1.20145284328023005e+00 0
4.88382735819702063e+00 1.14408972807002796e+00 0
-5.33575482604080431e+00 -2.98400975248571398e-01 0
-3.47090379239499391e+00 -1.10807442716769007e+01 0
2.86387209363048800e+00 6.07984232240848943e+00 0
2.39629575515624582e+00 -7.62388692856866834e-01 0
-2.90169035070202419e-01 5.40905142468718836e+00 0
-1.02340453883359905e+00 1.55259502621665790e+00 0
9.07829948837376399e+00 1.02686344302927104e+01 0
-1.68027400471392507e+00 -7.90811185503332847e-01 0
-2.79278198199349381e+00 2.12296046112181898e-02 0
-3.92066914326706195e+00 2.20228813750838692e-01 0
1.36838605220482606e-01 1.68380978471482989e+00 0
-7.37475346434965595e-01 1.40695200167973811e+00 0
-1.27294197936173603e+00 -1.88373190902468202e+00 0
-3.72297328487828194e+00 3.51436540332585112e+00 0
-2.53782937656962304e-01 8.86007073200422290e+00 0
-4.85823277714695401e+00 -3.78659339429057784e+00 0
-2.24534085761071500e+00 1.73980049500316802e+00 0
-8.44360188957659119e+00 -8.59665526584503326e+00 0
1.64401395261138994e+00 6.42599002243759210e-01 0
-3.83628144547158278e+00 1.46064222988240600e+00 0
6.38185404538329326e+00 -7.31692739121045599e-01 0
-2.64094233718212390e+00 1.51737867754477507e+00 0
7.01401023092153353e-01 -4.73586686199173901e+00 0
-1.26375816140282504e+00 4.35472686837931544e+00 0
1.01608797307319794e+01 -6.91864243972304038e+00 0
-1.56566962900642492e+00 -2.36439954468715197e+00 0
3.84466117780324401e+00 4.23689241461356492e+00 0
4.13348787073237689e-01 -1.79128346952573692e+00 0
1.60612843204593592e+00 4.27105659500018042e+00 0
-1.12467703819728602e+01 -4.18186863466908942e+00 0
3.46472323325975218e+00 -2.37663019811404114e-01 0
4.10355671260570087e+00 1.30804386448586296e+01 0
-1.57760447444115792e+00 2.67783741465462022e+00 0
6.52844593103897641e-01 -1.12246306205388091e+00 0
1.88831205713422290e+00 3.48242935333952586e+00 0
4.92171981135942005e+00 8.82106193296887220e+00 0
-4.56889825889684165e+00 1.29934790833000102e+00 0
4.30553906490145077e-01 -9.84726036471526101e+00 0
-3.54707988455862422e+00 -2.25835370369813981e+00 0
-1.59512509699179006e+00 -4.03708366693807108e-02 0
6.53088976887037287e+00 7.81336642442822615e+00 0
3.40697567870951179e+00 1.67171370797034102e+00 0
-1.20738400488248110e+00 9.70155931410053074e-01 0
-1.74216274739984689e+00 7.80837213339393266e+00 0
2.56432751477779508e+00 4.22364542196314563e+00 0
-1.59442713404658409e+00 3.72048079949527288e+00 0
-1.27946970649616798e+00 2.33999982214822300e+00 0
1.57387469385262890e+00 -1.10471240877056709e+00 0
-2.88397578265892385e+00 3.57157828015704881e+00 0
-9.10704445916126537e-01 -2.29707371147247796e+00 0
1.05063399092000997e+00 -2.20915332196946812e+00 0
1.49322014545876403e-01 -4.04795630457384004e+00 0
2.40268311688911407e+00 4.77492292417827591e-01 0
1.23516665546792992e+00 -5.75126600946573685e+00 0
1.05811572970839007e+00 2.09027885195802821e+00 0
1.24620541866448398e+00 1.12321168730882093e+00 0
1.64187573334745607e+00 -7.87042756812106870e+00 0
1.13018896563617210e+00 8.53403897975369974e-01 0
4.06404095220340322e-01 1.00646372979239596e+00 0
3.15167956537884786e+00 -3.00523026367669521e+00 0
1.18294123223081797e+01 2.85654188227942285e+00 0
7.00739738520182232e-01 4.45500571302376613e+00 0
5.64302656502102984e+00 2.84256253816151183e+00 0
2.00557792874606600e+00 1.46655797725433490e+00 0
-6.96907365459746675e+00 5.73557573251119668e-01 0
4.10657781504376107e+00 6.29253357655646162e-01 0
-2.79854991421768906e+00 9.91868229216139596e+00 0
8.37116779313459780e+00 8.66963242786797039e+00 0
1.20285290946560397e+00 3.32153425708265804e+00 0
5.25575279327922695e-01 1.76630622210898092e+00 0
-6.02107419684136169e-01 -2.36424811940301582e+00 0
-1.82372212303162695e+00 2.45717193380026222e+00 0
-8.13354670825545512e+00 2.00320488141089603e-01 0
7.36576626655832567e-01 1.47963025752052801e+00 0
6.75076689599992097e+00 9.58325645472272925e+00 0
1.32134056851679493e+00 -4.60146734410162017e-01 0
-8.40073864822489580e-01 1.12140329639295100e+00 0
9.50056356362006693e-01 -3.73546911676404392e+00 0
-9.15663917625065160e-01 4.16379930812449928e+00 0
2.26207743527228500e+00 4.72456985374310801e+00 0
5.70330534590272542e+00 1.25097789792461302e+01 0
3.84384898003339703e+00 -3.92586740217881713e+00 0
1.25636866296662403e-01 -6.29637806573846692e+00 0
-3.58073527979791484e+00 7.23878355255564276e+00 0
1.40232677419121310e+00 -7.70907346349781419e-01 0
-8.96512261729360915e+00 -1.84375399055998002e+00 0
7.20880479642804772e-01 2.51488762893736517e+00 0
1.11185445489383006e+00 -1.80223405069000409e+00 0
1.06087878607844011e+00 -1.17162979929191802e+00 0
-5.69402062670690157e-01 -1.42267580460815801e+00 0
5.35779967491961329e-01 -6.90979101144878616e+00 0
3.62156625375653096e+00 -6.00507268821426354e-01 0
3.17083781428144595e+00 3.48488293151006001e+00 0
-1.11894260124941591e+00 5.67617867505976648e-01 0
6.09489588949963412e-01 2.16254046518588705e+00 0
1.17406997942325408e+00 2.45195366565460482e+00 0
1.11149707210517801e+00 6.89289953392572374e-01 0
-6.04109486722507505e+00 5.70493393553912043e+00 0
8.90528420127257903e+00 5.62270769226424605e-01 0
-9.05637267400887680e+00 -1.03484386632174399e+01 0
5.73829471746219522e+00 -1.09146205622124501e+01 0
1.85221222154259690e+00 -1.60914363703630192e+00 0
-3.34398866895704394e+00 -5.58348474171489606e+00 0
-2.16822812388548014e+00 -1.95209679376727796e+00 0
1.04955762257602796e+01 -9.06857535397766057e+00 0
6.99611562300360368e-01 1.11001538111288101e+00 0
1.62680931438931009e+00 5.57339350616514739e+00 0
-3.92966677138218490e+00 -4.70498479575894013e+00 0
-1.05284068119220500e+01 -7.18215264329571945e-01 0
1.12906119013646600e+00 5.30490597029877331e-01 0
1.40239773573598003e+00 1.33652818379803295e+00 0
-1.55401944909455003e+00 8.48054511865268035e-01 0
-2.67424305570213816e+00 4.87793513606131413e+00 0
-1.60154056809089207e+00 -5.84313310114289775e-01 0
-2.89091316873568216e+00 -1.04271133430552809e+00 0
7.64393671240305328e-01 5.60656429596916706e+00 0
2.72966283464110226e-01 1.57616269787797392e+00 0
-4.57146149634234256e+00 5.80570336388112818e+00 0
-9.44207617786509967e-02 2.77135465342305487e+00 0
-5.12360586067990731e-01 2.14602586794885797e+00 0
-1.11122987878010200e+01 8.32398075790276160e+00 0
1.06945349312463502e+01 4.30228609297842102e+00 0
6.53359380865810557e+00 -1.21963477884173308e+01 0
4.55599024330921587e+00 -3.46907898604004394e+00 0
1.31472411607802697e+00 -1.02207320460918893e+00 0
-9.37614850690695834e-01 1.35996204909889995e+00 0
-1.04520447195564103e+00 -5.49683099604699699e+00 0
2.35949603288184084e+00 1.68437031011834486e-02 0
6.68717731341453536e+00 -2.82311484913887201e+00 0
-4.22885651681956173e-02 -3.00424208705963913e+00 0
9.72513167494703734e-01 -8.07630229981885939e-01 0
6.72484191009685039e-01 3.04043639934522281e+00 0
-6.13123083976027061e+00 8.46260323862590269e+00 0
1.84696218552658609e-01 4.70852857249267309e+00 0
-2.25178213236872793e+00 -4.17140305732820416e+00 0
-6.07877597006845960e+00 -2.08407339972041106e+00 0
3.42357776928104007e+00 -2.48592444308082605e+00 0
4.53642976500640493e+00 -7.79571288265945461e-01 0
2.71640880104749982e+00 1.53131406479824594e+00 0
-2.85999838273768292e+00 4.02578363304124931e+00 0
7.90563437379689704e-01 9.35262879362675492e-01 0
6.84198825478147032e+00 2.96039087349576313e+00 0
4.84669149801985277e+00 -9.13902639665156968e+00 0
-5.28395516395720310e+00 -2.49300140543127879e+00 0
8.33248470830918048e-02 -1.25872481898768007e+00 0
-5.03083800803845183e+00 -1.12240228196275407e+01 0
-7.27070881310658668e-01 1.18048787291922608e+00 0
3.70856359386197099e+00 9.74817725514357192e-01 0
3.31442641481975286e+00 9.71720405919858443e+00 0
-7.39073761631507420e+00 8.93578901440310880e-02 0
1.75458712110118584e-02 1.42362788383783601e+00 0
-4.55458098929332422e+00 -2.68980309588919297e+00 0
3.08352578268113797e-01 2.22790806438944200e+00 0
-1.56669984312435306e+00 5.65736582441741298e-01 0
-2.34200944206206785e+00 3.45980637438746097e+00 0
1.50760249088158305e+00 -5.64778202130687745e-01 0
8.00555140032632551e+00 5.53345079763017900e+00 0
5.09539314546395961e+00 1.09300053360066691e+01 0
-4.67852697203195000e-01 -1.13067118956850710e+00 0
-2.94178881761232303e+00 -3.41145650608779283e+00 0
6.75548868808633074e-01 -2.40328486506701600e+00 0
1.16340368570561203e+01 -2.25939999534325309e-01 0
-1.71052144549637197e+00 -5.24723575175154622e+00 0
-1.77510758556857495e+00 1.10406628597641698e+00 0
7.67595225847102736e+00 3.68512023348687912e+00 0
6.03732185631653273e+00 -3.87790908906685194e+00 0
6.82988480391566899e+00 6.83417970506748795e-01 0
-1.15811310479624896e+00 1.87625790768690592e+00 0
-8.05553575126897181e-01 -1.14207002892483800e+01 0
4.71932147489151443e+00 -1.11235997468093792e+01 0
-2.06882519433301004e+00 1.55331492561567508e+00 0
2.01228876058220507e+00 2.91288417153179013e+00 0
1.66389153682311997e+00 -1.18246040488450603e+01 0
-3.94648767227991293e+00 -1.87622905235582393e-01 0
-2.35540869157522792e+00 2.23003515262150920e+00 0
6.58933865411850728e-01 1.27320999589918205e+00 0
1.38641398791615800e-01 1.24957245824561003e+00 0
-7.42749274439910057e+00 -1.07851238825247608e+00 0
-3.66948322967136598e+00 -9.50433152236768608e-01 0
7.49595260427813859e+00 -5.22722296828359245e-01 0
-7.81168560605880469e+00 1.45756889062953610e+00 0
-8.29755060957904789e+00 8.99269988912042573e-01 0
3.76827152065261783e+00 2.86477364461397510e+00 0
-4.35750344878989360e+00 7.51513298594689960e-01 0
-7.71949767895258709e-01 -7.66619648858649083e-01 0
2.47502788791088291e+00 -6.13994332761213979e+00 0
-3.83257237611838120e+00 2.82882864302903103e+00 0
-1.41566562975011889e+00 -1.14285931017101894e+00 0
-7.29110650806812699e-01 7.94097079264116990e-01 0
2.50000042449618087e+00 -2.51208363121996303e+00 0
-1.26198486739312798e+00 3.17739486857749720e-01 0
-3.97069758120564620e+00 -1.31768904645327698e+01 0
-1.18727938985261305e+00 -3.58609907310622589e-01 0
-9.86518693986414674e-01 -4.42038987265887584e-01 0
-2.59671064612894886e+00 -8.39255990743985492e-01 0
1.88282393445347895e+00 1.12095360412844691e+00 0
2.35790329436486878e+00 -1.59763477184069802e+00 0
3.36245831130277795e+00 -8.94477288384096347e-01 0
4.11601670152563059e+00 2.16618188488700003e+00 0
1.58491760710678498e+00 1.26602541265032809e+00 0
1.01499114051037704e+01 -3.65829810633696795e+00 0
7.67129910332936582e+00 -1.19431119735392111e+00 0
2.41114743685139299e+00 -6.84947168408329521e+00 0
-1.19647521470066009e+00 -9.04861699922412277e-01 0
3.35917676792415021e+00 6.59793431565071842e+00 0
2.03476923695207290e+00 -2.41521430907922691e-01 0
-3.26310633666788386e+00 7.89398356306299309e+00 0
-1.75091870394914007e+00 -4.46268598584713061e+00 0
9.00316089405260378e+00 3.47872162778005611e+00 0
-1.03337897695754699e+00 9.09541541937696318e-01 0
1.02199885389181411e+00 3.57612865853206507e-01 0
-3.11772390463692117e+00 5.67587707312675271e-01 0
2.37528484844507881e+00 9.51454577344559915e+00 0
5.71982496157747367e+00 -4.97926629985646230e+00 0
8.69313979507899126e-01 3.33202996180971178e+00 0
5.88330923803207906e+00 -7.35587942748664858e+00 0
-4.26404806669965541e+00 4.58104633114566440e+00 0
2.19410048486207510e+00 9.21073514677372640e-01 0
-2.32703746075108420e+00 -1.40826426137843108e+00 0
-7.31037869485334002e-01 6.87070946566353857e+00 0
-4.75148898599101077e+00 1.92175510286393902e+00 0
-5.73303104116957662e+00 4.33681726138507706e+00 0
-1.02391535156026295e-01 3.21238481951285282e+00 0
1.48968021237748105e-01 3.23968072107382188e+00 0
-4.42078443635532614e-01 2.82665384497697403e+00 0
-6.34513951851397362e-01 -1.13141211089990090e+00 0
1.86951374155173000e+00 2.31847772165711197e+00 0
-5.17656876029172430e-01 1.22897142323544895e+00 0
1.34222102228507190e+00 8.38041845342169633e-01 0
3.30777866017283206e-01 1.30322317751597794e+00 0
1.03182488647867010e+00 -6.45091564587910282e-01 0
1.95525899673787507e+00 -6.58653303837580140e-01 0
-9.84305866871193813e-01 -3.67389871505199483e+00 0
-6.80046950819512031e+00 -1.02674430316849001e+01 0
3.84662809967828201e+00 1.34377368384669693e+00 0
-8.55225320503805397e-01 9.20187076179299290e-01 0
-9.05948738247893282e+00 8.05399681444968962e+00 0
-6.37705389514927168e-01 -4.53038294599084157e+00 0
2.55156519280921090e+00 -3.06823457076171480e-01 0
-1.67584045387167091e+00 6.66612642533487598e+00 0
-5.85531394337355904e-01 1.67285045897616502e+00 0
-9.57354703503387228e+00 4.18163430380557610e+00 0
1.13578137501988703e+01 1.68139255669226495e+00 0
4.22193162485397400e-01 1.02613866141932508e+01 0
-2.15007618549223389e+00 3.89976208420400594e+00 0
7.30845293865558165e+00 -3.99874543198013388e+00 0
-4.48053768802655483e+00 7.26313178533940462e+00 0
-2.79359353473174599e+00 -4.55051601118839422e+00 0
-3.43952721131443734e-02 1.21150167504207595e+00 0
-1.75188869296786609e+00 -1.15796924854877492e+00 0
5.41080152287195304e+00 -1.21813083053049898e+00 0
-6.00871248923753498e+00 2.49668978835106792e+00 0
-1.13330945585909704e+00 5.07052939247721035e+00 0
-6.44503597801125228e+00 1.58227072652464096e+00 0
4.00113598891965161e+00 -2.71223433988087903e+00 0
2.55584012376222081e-01 2.83434446790676597e+00 0
-9.21271976489843780e+00 -7.78919475997719690e+00 0
-1.08439188406853093e+00 3.07508247784701716e+00 0
3.88571525111558991e+00 5.44603493841439512e+00 0
2.99468097379483300e+00 -6.28960033938552820e-01 0
5.69463153221823060e+00 1.70276183383773594e+00 0
-1.79469381272818396e+00 1.95135789818243599e+00 0
2.47551926630665298e+00 2.99103953122327715e+00 0
5.65075685586296039e+00 -3.34826724015412303e-01 0
1.23087718314680195e+00 1.91709969495571009e-01 0
9.81112485349675434e-01 1.71277789932344793e+00 0
-5.25426491836799792e-01 9.46416063560403864e-01 0
-1.59791312664050600e+00 -1.91255220805749904e+00 0
2.56721636597271496e+00 2.03597052888187813e+00 0
7.96216191407864038e-01 -2.96983618331411714e+00 0
1.99639808145655495e+00 -3.92997499551209595e+00 0
2.46468410212849598e+00 -4.13714435198234565e+00 0
1.51238861119716006e+00 -7.26606595826446988e-02 0
-5.88904548746227974e+00 6.31522492928578427e-01 0
-2.93720965551193292e+00 1.44597581432986999e+00 0
-2.81337674018137385e+00 -6.96179809755848744e+00 0
1.49448994980221195e+00 -1.49766665491843209e+00 0
-5.25643950044734609e+00 -7.76569505494097312e-01 0
-3.52045860924979204e+00 -9.21027336745751413e+00 0
-2.89508249451753308e+00 2.07277520735985021e+00 0
-6.42443971962752047e-01 3.03295216755822405e+00 0
-1.93922737149881796e+00 -4.30314281937972276e-01 0
-1.05633217090859794e+01 -6.56796013447213767e+00 0
2.21130006672803603e+00 -4.27965715918794509e-01 0
1.42576819634641794e+00 -2.79611482704496517e+00 0
9.03487275718387828e-01 9.31799807942043756e-01 0
-4.94211804009558386e-01 4.50961877171705883e+00 0
3.52034370329617285e+00 -1.66257212602590809e+00 0
-7.65096084743395521e-01 1.61739816437721706e+00 0
-1.06175988020255492e+01 -8.84006796708505860e+00 0
-4.73797831138421444e+00 9.51458462782112413e+00 0
1.21456707923390306e-01 -1.07795809740179305e+00 0
-2.64378309228062003e+00 -2.65125171777104418e+00 0
4.98555925310010917e+00 -3.98971331879499802e+00 0
-4.92791109264604399e-01 -9.67157008062250134e-01 0
2.69679273373282402e-01 -1.48173832598392896e+00 0
2.11101184932175778e+00 -1.29842938938633101e+00 0
1.05868249538712504e+01 -5.71119742881049230e+00 0
-6.23968346388582340e-01 -2.96135022605326714e+00 0
-7.10430110198101517e+00 -5.62041034360491132e-01 0
-3.65032932073233907e+00 8.12846467409803486e-01 0
-6.07605435682045680e+00 -1.24217196986790697e+01 0
1.38401767225333892e+01 -2.27948196514399293e-01 0
-3.17551321668526310e+00 1.82874689153315706e+00 0
7.14160090464131603e+00 -1.65950522238693199e+00 0
7.20246511269739909e+00 -2.29961574341964203e+00 0
6.04505523160748304e+00 2.42959169821864096e+00 0
-4.93815729274725002e-01 -1.87875275864765290e+00 0
-1.21827091410689703e+00 -1.63958841937880995e+00 0
-1.62552724859226605e+00 2.49477485120371795e-01 0
1.98735691498287803e+00 -2.84088130045573983e+00 0
-3.29393716777388601e+00 -4.25466138943692140e+00 0
9.76781213178428920e-01 -1.46278108998346101e+00 0
-9.83892102055243356e-01 1.11885082233463296e+00 0
6.98705558065371823e-01 -1.38202133379731307e+00 0
6.59438754658016801e+00 -6.94500944195176384e+00 0
-1.54795273349272211e+00 -2.92258088106849778e-01 0
-1.10148543762406304e+00 -1.38084968620004407e+01 0
4.90270551231055174e-01 1.12330108677087792e+00 0
8.92297300318093534e+00 -8.38414150567182714e-01 0
8.92028624901637368e-01 -1.16079700514337292e+00 0
-3.45771658152997396e+00 2.43949116182204107e-01 0
-9.37663549773245508e-01 -8.03599293655889557e-01 0
-6.36078137836716895e+00 -5.17849655897622663e-01 0
9.71307604220418774e+00 5.84244808347372468e-01 0
7.24855768752410157e+00 -9.80803939244941780e+00 0
-9.14497546694284735e-01 -6.06911248251047208e+00 0
1.14901844358055705e+01 7.69399673759448088e+00 0
-1.42213780733166706e-01 -1.25792638030557491e+00 0
-7.54287879832684727e+00 -2.26876683367835597e+00 0
-2.77819490560756099e+00 -5.15127494270979103e+00 0
-1.97096882693139897e+00 4.58452091591535105e+00 0
-2.07205917782632287e+00 8.46810717288454362e-01 0
-1.66007052963048990e-01 -1.07249074720003890e+00 0
3.86241794925778104e+00 -1.97387068527179199e+00 0
-6.80231626005471757e+00 6.69859979479852807e+00 0
2.55261846046257812e+00 -3.13967799942630199e+00 0
3.03046446115492296e+00 2.07274884773432122e+00 0
1.04706625280724297e+00 -2.84141135560189606e-01 0
-1.35771219934195209e+01 -1.99815230647821496e+00 0
1.39170577700636300e+00 5.65633154051870091e-01 0
-8.93161527904638097e-01 5.98172636472702024e-01 0
1.44224395293612595e+00 3.56667894663298490e+00 0
-1.13974790381301405e+00 1.13377970188596100e+00 0
-2.28593829141367194e-01 1.20840519686012104e+00 0
7.55698830077338979e+00 -7.86471448865333667e+00 0
1.76561098171505804e+00 8.24015267149164288e+00 0
4.58355042177424121e-01 -1.48651992369296493e+00 0
-5.32834613081169195e+00 6.49185137981990401e+00 0
7.89510104622588127e+00 -1.15071314362421795e+01 0
1.00107336080758103e+01 4.92832130582281014e+00 0
2.62029198791336393e+00 -4.99869947686272020e+00 0
-5.80467142377581569e-01 -3.58161199197764812e+00 0
-1.01643468421332006e+01 2.49019785064499510e+00 0
2.01288658379840291e+00 -2.38068243753804909e+00 0
5.41278523273008516e-01 -1.25541393312679395e+00 0
-2.30821579252220993e-01 3.69966233945718503e+00 0
-5.50277736177427723e+00 1.68662265064770400e+00 0
6.07741408156730678e+00 -8.49882140861483393e+00 0
1.18316899364550494e+01 -2.41869838183148289e+00 0
7.43935137762637977e-01 -7.90812684329126880e-01 0
3.04398830073253679e+00 3.06484086212591800e+00 0
1.66882277418662994e+00 -4.72023626113087058e+00 0
-2.66919150009890593e+00 -1.42791465613960611e+00 0
2.56873109955696721e+00 -1.78876927013937803e+00 0
4.84671391844110011e-01 1.48304160615334291e+00 0
4.16850556357979141e+00 -4.52249738324524397e+00 0
4.25863583186254724e-01 -9.98629781587707099e-01 0
1.55584735789144402e+00 1.03923547740584807e-01 0
-2.56257145573332012e-01 -1.23548974067895290e+00 0
7.85545327652716008e+00 -2.53182117000333617e+00 0
1.58358524038350890e+00 3.45011643989769412e-01 0
-9.98919467578987863e-01 -2.94639033519409299e+00 0
9.51097996178465266e+00 -4.64916677571260717e+00 0
-4.06302014826499125e+00 -1.11632233667017999e+00 0
-5.06131090747032553e-01 2.57060056356997002e+00 0
4.47378887477180687e+00 2.97269041160700009e+00 0
-2.63985443088147809e-01 1.04577801528539305e+00 0
1.78331096276730894e+00 7.55186002100032105e+00 0
-2.97225976589122709e+00 2.40848003982883219e+00 0
-2.16252915465930906e+00 5.76008937178504965e+00 0
1.13424328308292011e+00 2.80143862285956491e+00 0
1.45440493146558092e+00 -2.20331359839636098e+00 0
-5.87023342908394685e+00 1.05906351545861295e+01 0
1.14375046234365807e+00 -8.44423728035578081e-01 0
-5.52719079368503396e-01 1.43464227428233393e+00 0
4.10811913600205025e-01 1.87221914016546997e+00 0
-5.17356686544508104e+00 1.06915748702788704e+00 0
1.27683447731190003e+00 1.98540223378137992e+00 0
-4.22859845043373372e+00 2.66042463011998898e+00 0
-1.29645053603773791e-01 -2.05993412327728409e+00 0
-7.91493560704307653e-01 1.91051093407249994e+00 0
-2.19347848047351102e+00 -6.33042770692950629e+00 0
9.24486565770559743e+00 2.13332179552517598e+00 0
3.45230634223930499e+00 -3.26398876566694796e+00 0
4.21086730597086767e+00 -1.69331811074733107e-01 0
5.75604801587165404e+00 3.54731243430741294e+00 0
3.17146189559170510e+00 -8.98019474470209289e+00 0
-9.83521641073101804e-01 4.46538955421243000e-01 0
2.90589286147036774e-01 -1.04568925357895592e+00 0
-2.99920807157014080e+00 3.09285640321786381e+00 0
1.25040868346533807e+00 1.47510215795601707e+00 0
-4.01540393959146602e+00 2.02803250850703698e+00 0
1.34134774388001610e+00 3.10358635524689119e-01 0
-2.09758365986051709e+00 -1.12576543807586904e+00 0
-1.13581862335294703e+00 -1.21713968687380403e+00 0
-6.51250020892104331e+00 2.19224343367872621e+00 0
7.96611418276873184e+00 -3.19026836240973610e+00 0
-2.32681662345798879e+00 1.24666840370114596e+00 0
-6.57811354168630458e-01 5.04115826957848334e+00 0
-7.99523711526081993e+00 3.88254244356669709e+00 0
1.46717303423155099e+00 -1.81288062748514700e+00 0
6.97388936118080416e+00 -8.64801979149127398e+00 0
9.23308332679859900e-01 7.86151909527838311e-01 0
4.41043001224747400e+00 -8.46248783324231368e+00 0
8.59730226419630705e-01 -6.55135534366288352e-01 0
-6.54569549251048044e-01 3.86612708331366317e+00 0
-1.95271013058536808e-01 -1.74649504389254706e+00 0
-1.14916994995401489e+00 4.53618278419875176e-01 0
1.23223975373740990e+00 7.18618566253361291e+00 0
-8.30027230500830449e+00 4.96302622276074690e+00 0
-7.08115506239418124e+00 4.09675111205453213e+00 0
-8.26725763926094981e-01 6.93381501388256494e-01 0
-3.70919713299019893e+00 -2.72867537043997199e+00 0
-1.59479510452442214e-01 -1.49063723583769692e+00 0
-9.53996923432896793e+00 -2.00535100137177208e-01 0
1.00356281082595000e+00 6.83484177783724833e-01 0
-7.56007098745160189e+00 5.36931404491530984e+00 0
1.13538381748292805e+00 -3.09466329334300627e-01 0
6.15810937469549402e-01 1.05541922661142196e+00 0
-3.67556390670674804e-01 1.17223825393964809e+00 0
-3.51357833263046082e+00 2.39698292801058610e+00 0
1.28269087751257893e+00 6.53781989985265177e+00 0
3.26693511405864312e+00 -4.12621052568636770e+00 0
-1.30770660562729502e+00 5.77778239404857397e-01 0
4.43562139837703706e-01 2.57430296912068313e+00 0
8.00793112152194020e+00 2.41891553531764192e+00 0
2.02099648157696987e-01 -2.36858605958000412e+00 0
2.13272762452818210e+00 2.41895294138629291e+00 0
-1.35776989525573111e+00 -8.66749273848141399e+00 0
-5.63198066103422335e+00 -3.29358734884498094e+00 0
-1.88315250134069889e+00 5.35518736230306103e-01 0
1.95670867633499301e+00 -1.05025090263136400e+00 0
-2.79157839530092611e+00 1.34919234264531394e+01 0
9.71556624721290563e-01 -8.29155336795096254e+00 0
-2.49069197951715011e-02 2.09812740806639386e+00 0
5.64196776387433108e+00 5.49009882058064225e-01 0
4.28350247053029598e-01 -2.91413417556507781e+00 0
-2.38956623720317918e+00 1.13975490690251000e+01 0
1.05544811211910705e+00 2.14396720506713212e-01 0
-1.17697049922314401e+00 2.51519544912776227e-01 0
-3.34785811684476320e+00 -1.31808155981702901e+00 0
-6.42047865607366486e+00 -9.20821614662194321e+00 0
2.31290201840650411e-01 -7.49775441388024078e+00 0
-1.58174448038822302e+00 1.42905466239073897e+00 0
7.26400558201908075e-01 3.62188388941253603e+00 0
8.44084774458625375e+00 -2.11122556147820184e+00 0
-1.20269103447865309e+01 4.79924963044913999e-01 0
2.03771848863360111e-01 -2.02385806438775084e+00 0
4.02941680799747015e-01 -2.53881945445837109e+00 0
4.85296915860956624e+00 4.95157062311063001e+00 0
4.68204346377079172e+00 -5.31941383210567942e+00 0
-2.12462773824446582e+00 8.45105021440343407e+00 0
6.39507286598595570e+00 3.66306095692246014e+00 0
-6.74707836071569123e+00 -2.64276322357365689e+00 0
-8.92705845568176670e-01 2.63216433467451694e+00 0
2.28632332260701299e+00 1.30106560354142609e+00 0
-2.29025814244019221e+00 5.53047466466268012e-01 0
4.72387788993426305e+00 9.65485843761562812e+00 0
3.58537188338469992e+00 -6.32845127963559673e+00 0
-4.70333459153868905e+00 4.52460792300447001e-01 0
6.75083601780299158e+00 1.72631237118956493e+00 0
8.21274988459593480e+00 3.20246126737090409e+00 0
-8.64858861390790379e-01 2.33512569540543691e+00 0
-9.23244765695559688e-01 -2.03007699307092704e+00 0
-1.62143532512337507e+00 -9.54141441632049236e+00 0
-2.52103158463095189e+00 -1.10141816561510204e+01 0
-1.75400016720034402e+00 -6.49311280221685494e-02 0
-4.39515778144500757e+00 3.59979208728817390e+00 0
-9.48463292922571632e+00 -5.44929385216360807e+00 0
6.77355499704965069e+00 1.21712798272024898e+01 0
1.30172302972082510e+00 3.90262664579441898e+00 0
2.75069825601011175e-01 3.98367165637385812e+00 0
-8.73609676894180787e+00 1.06642533494984892e+01 0
8.48817790871439470e+00 -3.76270199190468432e-02 0
6.00401230560830523e+00 4.71022507885447439e+00 0
1.56350393977900692e+00 4.73833798520992744e+00 0
6.48674705420856501e+00 4.32359000990498377e+00 0
-6.39450866292455888e+00 4.14220933949462689e-01 0
1.36070077357191810e+00 -6.28560622375612343e+00 0
8.36531505342708037e+00 4.84782829121229231e+00 0
-5.21804286822718577e+00 1.14178790972965096e+01 0
-1.34280571353854294e+00 -7.50395853793908718e-01 0
1.84054030694677695e+00 -7.00789991986559535e+00 0
7.43335449288605954e-01 7.84307478621926402e-01 0
-1.19400077603720400e+00 5.82168899804144679e+00 0
1.14803142035516395e+01 3.74108336118116203e+00 0
6.37456630245321065e-01 8.72663998089853177e-01 0
-7.42985669252677838e-01 -7.35664256822305784e+00 0
9.82771360803825544e+00 8.04970096718888506e+00 0
-6.64731497737384935e-01 9.99703497233930705e-01 0
-1.30534865742413714e-01 -8.88701666230477194e+00 0
-8.79515232254548862e-01 -6.39328553005110933e-01 0
2.71690560589562402e+00 9.38862960116779444e-02 0
4.67068109404775988e+00 -1.33419151376345591e+00 0
-3.64024146991108211e+00 -6.35543330952048091e+00 0
3.46979060936209394e-01 1.19712671784509794e+00 0
-1.63662814219628094e+00 7.19943081709248478e-01 0
3.73461304411309891e+00 2.03507161553243199e+00 0
-1.81943512366500992e+00 -2.99021162732789392e-01 0
1.25218906785363004e+00 -2.32474010407087706e+00 0
-2.76918290653721710e+00 9.89051850705167657e-01 0
-2.70688919404710182e+00 5.86270206533011873e-01 0
-1.08140564506333292e+00 -4.82154704007255186e-02 0
-4.30616160846248519e+00 -2.02729590773424206e+00 0
7.27596496718200675e-02 1.07450860528078396e+00 0
1.73055409716558906e+00 1.53623936251864390e+00 0
9.30395439710463279e+00 6.13797531382158024e+00 0
-2.62237638031473597e-01 9.76210157497079578e+00 0
-1.05861385144720699e+00 -1.89940595774140408e-01 0
5.79321147461903063e+00 -5.74518017480712739e+00 0
-4.35570795985106424e-02 1.83058816844686789e+00 0
4.22402589179210164e+00 1.42602594316710096e+00 0
6.76304770174580572e-02 -1.73968177051373196e+00 0
7.20483162064359042e-03 -5.04608471394990499e+00 0
6.59108402096411083e+00 -1.39641939089020495e+00 0
9.18011785597692054e+00 -2.41013856322829279e+00 0
1.23781719488668496e+00 1.38616027464139808e+01 0
-2.08536743201555108e+00 -7.05997923744409173e-01 0
-1.49409025970078591e+00 -1.41070910503072411e-01 0
-1.77568486809626802e+00 -1.48710516736795095e+00 0
-4.16606677965153493e-01 -2.08661441624680188e+00 0
5.51649478691715434e-01 -9.25652196653328208e-01 0
1.24929761667547390e+00 -2.59077079723927994e+00 0
-1.72874550131686000e+00 1.76772046984820808e+00 0
2.48898931399846601e+00 -1.24128739866661704e+01 0
8.34281452828236425e+00 -1.39449328179433407e+00 0
-9.17968912616485611e+00 3.45177615061075604e+00 0
5.90786438607454567e+00 1.08985327649773800e+00 0
-4.74660408700017644e+00 -1.68097331519015003e+00 0
3.86851524231777710e-01 -5.80565162657813882e+00 0
-8.14811133714832492e-01 -9.74000427366774724e-01 0
2.95415177467240397e+00 -1.59900821105235097e-02 0
9.76771527878928403e-01 1.06661958134432400e+00 0
7.78173148222991085e+00 1.20712506456044411e+00 0
1.14043748940344400e+01 -5.13989815530860472e+00 0
-6.68135216561859369e-01 8.45044596008896143e-01 0
2.11522002342660720e+00 -8.81121243271114518e-01 0
-1.24700809991709107e+01 1.41849500731119504e+00 0
1.27140672681338507e+00 -7.31869030413850541e-01 0
-2.75080749549633186e-01 2.43480848219971113e+00 0
1.72851615892308397e+00 5.06928222871942946e-01 0
-8.92943474811783133e+00 8.93514450788766368e+00 0
-1.37242415313656596e+00 2.46054370767488206e-01 0
-1.53304620162880201e+00 1.73668849029486494e+00 0
-9.62695003066901811e-01 7.61106190000540028e-01 0
4.91236278152264561e+00 -3.02303858270779813e+00 0
-1.02131964946478995e+01 5.39534541489287101e+00 0
-3.55514781778818501e+00 3.09862307629126921e+00 0
-1.35608565755789501e+00 1.22905856021899895e+00 0
-7.17331229083566857e+00 1.19423674817634407e+01 0
2.22792797316707203e+00 6.64702659269731733e+00 0
1.21456984645176806e+01 -3.34718472581049209e+00 0
3.09214792490060697e+00 1.77725110107164896e+00 0
-1.30585480604430093e+00 -4.86768693131291175e-01 0
-1.83826313088140103e+00 1.57794575423804306e+00 0
1.39504628865157199e+00 2.41159477766679986e+00 0
1.09517425198312701e-01 6.40313592344974669e+00 0
5.73888448136437557e+00 7.64076004599882896e+00 0
1.81740180345296909e+00 1.94215075824977390e+00 0
-2.13427497421250978e+00 -1.61714671878963201e+00 0
-5.36592079252251608e-01 1.10389368126086707e+00 0
-2.14032331261954978e+00 -2.98660297893743198e+00 0
6.80657585986283120e+00 1.06257199521524299e+01 0
4.87749202404467397e-01 9.57853772954201821e-01 0
-1.08691046731401499e+01 3.52615549966044517e+00 0
3.31862882951681815e-01 1.02462070097041091e+00 0
-5.61439844491362861e-01 3.29107371036490504e+00 0
1.67099221766214101e+00 -1.49720828662028804e+00 0
-1.11881888190684808e+00 7.07784476718699151e-01 0
2.94607770044375306e+00 -5.91295612603050369e+00 0
9.45138617970219030e-01 -5.08921671557912902e-01 0
6.51640653846199580e+00 2.39494347369818394e-01 0
-4.56653339106540113e+00 -4.34811788376777741e+00 0
-9.33076931032976037e-02 1.07174361032537790e+00 0
-3.33827263720817013e+00 1.18907523134987798e+01 0
3.68195764328494102e+00 3.36376791272197684e+00 0
-6.03298376460945640e+00 7.20239430754364296e+00 0
7.35310187532002141e-02 -1.49872466441531094e+00 0
1.13537706524233806e+00 1.00928026638879609e+00 0
2.40614628681024789e-01 1.91180028208698705e+00 0
-1.50564926456071491e+00 9.04304159181062772e+00 0
1.14817035210386109e+00 3.64991151827701310e-01 0
5.65818436288792359e-01 -1.06395580594939210e+00 0
2.01622964507401387e-01 2.39901533278942303e+00 0
5.09599989583245527e+00 8.06368166820860743e+00 0
-3.82141448596839917e+00 3.96289860596680921e+00 0
-1.81604017759531500e+00 2.20123532311435388e-01 0
5.20028364291724632e+00 6.63416352783028440e+00 0
6.76581072863411848e-01 1.76019572482435005e+00 0
-7.29440356845903271e+00 -4.09588116705523841e+00 0
9.73479477523893166e+00 -8.34875909233178448e-01 0
5.56491914918372110e+00 -1.64768853539388993e+00 0
1.23309386762386808e+00 1.18369291753708605e+01 0
1.58432020345318803e+00 -4.25922166227474541e+00 0
-7.98516718814063964e+00 -4.67990967906373090e+00 0
9.44139428076785303e-01 1.96249365854770796e+00 0
-2.27456368450221595e-02 1.54959360153306491e+00 0
3.97592638850423619e+00 -1.21901677168044298e+00 0
4.22664516689185699e-01 -1.15520188661626100e+00 0
-3.70483614511116599e+00 4.47673598872907919e-01 0
3.26905398988460094e+00 4.76337892223364978e+00 0
-1.14732031430106396e+01 -1.05940726500070292e+00 0
-4.55669837514035692e+00 -3.35983842785922882e+00 0
-5.33907540548692872e+00 -9.02006224920502042e+00 0
8.63128630885712766e+00 -3.53172620045521279e+00 0
-5.52993581233133558e+00 -1.22741421849440502e+00 0
-1.42848614114915295e+00 1.04070924409422694e+00 0
7.08034976152040585e-01 -9.63842629624530933e-01 0
-4.01495498299762232e+00 5.04724755226671462e+00 0
7.41447879292720025e+00 5.48951901027604827e-01 0
1.64710446543766897e+00 -5.14013482663067678e-01 0
9.96884131964506182e+00 1.35245306400959908e+00 0
4.41531812295452042e+00 7.12842632289659495e+00 0
6.07911167237126993e+00 -4.51744753899781593e+00 0
4.16577846468175039e+00 5.96583627991938759e+00 0
-4.71294415946161394e-01 1.96786171367518703e+00 0
-1.74257073012107189e-01 2.97074871705016097e+00 0
7.33278230046775459e+00 7.84235295320507930e+00 0
2.54102944738858794e+00 1.74109654235694400e+00 0
9.57572866413657353e-01 1.49689206133570996e+00 0
3.16258880155910793e+00 -1.92773439521233692e+00 0
-3.12735033451284306e+00 -5.19380476069739250e-01 0
6.86809490555169067e+00 -4.57050302473898717e-01 0
-2.59580606746729392e-01 -3.91484442249960596e+00 0
1.35847764255971004e+00 -9.21176297801795485e+00 0
-3.25698632050783887e+00 1.18827721681342702e+00 0
-1.46488459409020799e+00 3.20739806326264398e+00 0
2.94086185968388580e+00 -1.46889221653658408e+00 0
9.02597422806184113e+00 4.46591512278357516e+00 0
-1.03726478739067196e+00 2.89942993788547321e-01 0
-2.17134032791364318e+00 1.99605520654217994e-01 0
6.66746939800852623e+00 6.45472900787469062e+00 0
1.20347410979900502e+01 -7.07584369801276658e+00 0
-2.15467903994222487e+00 2.70188663128605722e+00 0
1.49763223021882297e+00 6.33661394337416084e-01 0
-8.70500264755721176e+00 -4.22193984487454799e+00 0
9.15953637831744238e+00 -1.06064631577323798e+01 0
3.04605541734338114e+00 -2.67492500829464808e+00 0
3.68216971865764409e+00 8.50864325135702337e+00 0
1.58923512928406208e+00 9.05559710918377392e-01 0
-7.24774783685226698e+00 -6.51501795182110133e+00 0
-9.46628088934545864e-01 -5.13821468073157317e-01 0
-1.13329686507694092e+01 -8.05116670000889556e+00 0
-1.74052278512497804e+00 5.20839755603227417e+00 0
4.48375732877016198e+00 1.01865820567091503e+00 0
4.68452739249678174e-01 -1.07122363061431991e+00 0
-1.21450129561766795e+00 7.48265243379786782e-02 0
-7.57390113500409878e+00 2.83487751381219288e+00 0
-1.57518602797010399e+00 1.24158360791261604e+01 0
-8.56998408892647134e+00 -3.34444523011256800e+00 0
-8.73434051610593087e+00 -5.84565765563413109e+00 0
-5.10370904418117632e+00 2.68569206067615784e+00 0
1.45284742067396100e+00 3.57494684688917375e-01 0
-6.40287288629698459e+00 4.52914661117252226e+00 0
-3.32208109416470776e-01 -1.03058216167947791e+00 0
8.07939580253186307e+00 -4.72453976312416568e+00 0
3.05427789874596622e-01 -1.28722308200363300e+00 0
6.81475401812947901e+00 -4.86877046945526892e+00 0
3.89391869480698505e+00 2.79728622009313976e-01 0
1.38363228218771095e+01 -2.39109086327199005e+00 0
-1.19652100652058091e+00 1.04101040103041598e+01 0
-1.07402892259633305e+01 9.35647017350198951e-01 0
2.85493127883936415e+00 7.39995314788356318e+00 0
-7.47359347278463915e+00 1.95723502918868508e+00 0
1.66577950216697690e-01 2.07455119537070409e+00 0
8.69763643905610628e+00 -4.29696230210430663e+00 0
1.73070243075211594e+00 -1.82269066650471001e+00 0
-4.19174653910925288e-01 -1.51262979220326499e+00 0
9.90737064829866343e-01 4.27840185308176191e-01 0
8.57652916609127458e-01 6.53177030964957051e-01 0
8.44027001887752171e+00 1.09898310155241608e+00 0
-8.68158782964061904e-01 2.06437094353637018e+00 0
-7.76121067336055681e-01 9.76826720497353307e-01 0
2.08975728698921781e+00 1.24200757078110993e+01 0
1.99163435799566990e+00 3.85633652269325111e+00 0
3.32289927778679717e-01 -4.43976335880791328e+00 0
-6.80947612220116905e-01 -1.32858223432458700e+00 0
-2.45982723615173882e+00 2.48648496347046111e+00 0
1.17386797739003201e+00 -1.60916355641884490e+00 0
4.47371610891530214e+00 -2.09851201023198586e+00 0
-1.33745223717086592e+00 -3.06060359962503181e+00 0
1.25721443977244607e+00 -1.39107391859614697e+01 0
8.75521546777877013e+00 -8.85384415938444036e+00 0
1.09426284640505700e+00 -4.66134123346847118e-01 0
5.99020537733144209e+00 5.32842251399683509e+00 0
1.00258194451055904e+00 -3.63268682306634116e-01 0
2.03695198670489219e+00 -9.44112521828137830e+00 0
-5.41733123620099022e+00 -7.60716720037353333e+00 0
2.05662161923719911e+00 3.29390089955361287e-01 0
6.69220837271563340e-01 7.94401518860395761e+00 0
-4.16601913710772109e+00 6.17965768883920230e+00 0
-3.27639507772656779e+00 -2.49256219762624409e-01 0
4.88537211161927221e-01 -1.66599128916100092e+00 0
-2.04271589001194104e-01 1.38841089929207295e+00 0
-7.18201966995996033e-01 5.90215639258597502e+00 0
1.32318852562207390e+00 9.02184566949189026e-02 0
5.52218311072860057e+00 4.46759677095443841e+00 0
1.29791613053177901e+00 -1.39946960286434413e-01 0
-1.47898890299844110e+00 3.00231550687303284e-01 0
2.28072642025465289e+00 7.19272552434322598e+00 0
-1.57032827247080697e+00 6.14275302582810756e+00 0
-4.81467435954161260e+00 -7.00160768327869842e+00 0
-4.09878590833439471e+00 6.82751586729861959e+00 0
-7.03957437540143505e-01 1.28812896220976403e+00 0
6.01742688766258293e+00 -2.03167854772379286e+00 0
1.45149535956138709e+00 -1.29829854786173593e+00 0
1.08383905096355204e+00 1.25305002293739398e+00 0
7.69242948318261988e+00 6.48975043562917708e+00 0
2.39041517643254209e-02 -1.13226319773047202e+01 0
-1.07045039546473797e+00 1.36852164724729697e+00 0
4.26324889755205572e+00 -1.46451060192592908e+00 0
1.46837143365465805e+00 2.05905151378498896e+00 0
-4.69883646514406372e+00 4.03730776825678372e+00 0
-2.58110640101463984e+00 2.07887953887134591e+00 0
4.73710932354663594e+00 3.80854803812050990e+00 0
2.50806788880025788e+00 2.41665613788228395e+00 0
-1.01583835324407001e+00 -3.46879211851561120e-01 0
2.39421731080356492e+00 -2.83491306198265702e+00 0
1.47926803021632502e+00 -2.47878583646588907e-01 0
6.47140839495957110e+00 1.06114582646530109e+00 0
-1.39695122954937894e+01 8.22337494629630655e-02 0
-3.07500371145598184e+00 5.08519745261161660e+00 0
-1.01361341333902502e+01 -1.62316457992520591e+00 0
-1.06187064965565003e+00 1.19659963169269204e-01 0
-9.01337257114535717e+00 5.79097722257141001e+00 0
4.22610210484271587e+00 5.02805906656101520e+00 0
1.19149291869863605e+00 -2.44774686091866311e-01 0
-9.19264274160173223e+00 -2.83055344803055720e+00 0
-9.21697781207608924e-01 1.22428007111986692e+00 0
-4.05100586281465169e+00 -1.19028691517954996e+01 0
-1.09763205972987898e+00 -7.16734328064456139e-01 0
-4.76364279406802105e+00 4.64008543312419874e+00 0
9.57813345138948113e-01 -1.76569901521819195e+00 0
1.10884860556990308e+01 2.49032973715858708e+00 0
-6.69099566755654340e+00 -4.49881308142908143e+00 0
-1.81417817898896794e+00 9.85881406298705087e+00 0
4.86136866810835322e+00 -1.93003617224304591e+00 0
4.44319423067270058e+00 -2.53814892473836995e+00 0
2.62750538528651090e+00 -7.64627956943462084e-01 0
-8.37120357982979435e+00 -3.31597801091595090e-01 0
2.20996940400713182e+00 -1.02232917401222991e+01 0
-5.95480524970277258e+00 3.28591559974470604e+00 0
8.03059299522110637e-01 -1.86191584375325592e+00 0
-4.84769514933143331e+00 -5.43374511740592592e+00 0
-1.46324512418051600e+00 -5.81402754606545225e-01 0
9.12417250053103923e-01 -9.66389913530981026e-01 0
-1.50974375281106599e+00 5.50547230745846092e-02 0
-1.34190408129352701e+01 -4.05359007424344142e+00 0
1.21706940982093492e+00 -9.45317317219518047e-03 0
-2.43196934978495305e+00 3.04362908441670399e+00 0
5.73094991836311340e+00 -9.95307322565741259e+00 0
-2.05607144708671186e+00 2.22970730710962606e+00 0
-3.29981050451206681e-01 1.67215267320019501e+00 0
6.97983760549553001e+00 -5.52857585674234642e+00 0
-3.99774350936621881e+00 1.05892208591631096e+01 0
-1.30952157326605101e+00 -3.55021889624580131e-02 0
8.74975267937450729e-01 1.14721206743075399e+00 0
-1.67853878762916708e+00 4.76697198723385618e-01 0
2.79028190667061804e-01 1.26155392103563102e+01 0
1.85810308659325107e+00 1.04854031412559205e+01 0
7.14351319431892762e+00 3.39757385543643586e+00 0
-1.17994707330782092e+01 3.09642665563385799e+00 0
1.24234816662706193e-01 5.86677911733287782e+00 0
9.35216279918189008e-01 -5.34057646960339127e+00 0
2.45042884781950410e-01 1.44936390364829792e+00 0
2.16946900272213217e+00 1.62891677155010006e+00 0
2.06136364855578602e+00 5.45952836970703537e+00 0
-4.99095636937393383e+00 7.77309684849052296e+00 0
-5.66550161141066688e+00 7.80169941738605832e+00 0
-2.51967668604558481e+00 -3.59190159066722492e+00 0
-7.11172662605673267e+00 8.21441929600584331e+00 0
1.38389978440544894e+01 1.87876662912413206e+00 0
-6.33166028783108992e+00 1.24530273714288509e+01 0
3.51833865500500276e-01 -1.00548341974205102e+00 0
-1.10866216971412390e+00 -2.47468031348883688e+00 0
2.58539285859744306e+00 5.10379272220182401e+00 0
-3.66989084208799776e-01 -2.50804269914100386e+00 0
-7.55727216943525981e+00 6.19545839864953862e+00 0
-1.07151055469953294e+00 7.75853506354644917e+00 0
1.71337942650969310e+00 -1.27044209588272505e-01 0
-6.75779668423523905e+00 3.54072068077912983e+00 0
-7.03815361301565101e+00 -1.20509653374495596e+01 0
5.11060683784995806e+00 5.45568624079752329e+00 0
3.42784425457307185e+00 -6.90422144419552186e+00 0
-3.21991209446961202e+00 3.21066022635680626e-01 0
1.18285029188531006e+01 4.59263127675481542e+00 0
2.28451404236047884e+00 -2.38220529771689993e+00 0
7.29673210232100078e-01 2.30398177393314008e+00 0
1.87440945839743200e+00 7.85680618720443591e-01 0
7.52587777014067427e-01 1.33283454386216493e+00 0
4.49878540100627511e+00 2.86335208424767299e-02 0
-4.59621518580193733e+00 2.31399256479464209e-02 0
8.85524761081048517e+00 -6.17260209553032535e+00 0
-6.29943904160185197e-01 1.07870511861770990e+00 0
7.56298147441357149e-01 1.02685969570265190e+00 0
1.32769604527857901e+01 4.51406855400247320e+00 0
4.33671332482128769e+00 -1.20254684496356496e+01 0
2.73836565309101410e+00 -2.33944196229292301e+00 0
-1.25656955079252892e+01 6.21000472569322515e+00 0
-1.21893048329122800e+00 -1.32809009505154590e-01 0
1.57781338062504095e+00 -1.08107445954120092e+01 0
-1.32445051666830493e+00 1.48427796002641799e+00 0
-8.74811818714341216e-01 2.96342484940621720e+00 0
-8.67366213261627217e-01 -8.13523632238343897e-01 0
8.46913057674421665e+00 1.11319140873791493e+01 0
1.00394422689543794e+00 4.90984449808180479e+00 0
-3.67820951703965182e+00 -3.33711440091389311e-01 0
-9.39419162555740317e-01 -1.00112974009703901e+01 0
-2.70042116927892195e+00 -5.29031124202966940e-01 0
-8.65626653616254949e+00 2.35772707628075917e+00 0
1.15747864659439004e+00 2.58552850518655508e-01 0
-8.51974028925708060e-01 -1.38196960948252290e+00 0
-3.39364157166601510e-01 2.20769614456638408e+00 0
-7.06418998725374392e-01 -8.10665187930705855e-01 0
-1.13391024476041995e+01 4.82658743318635697e+00 0
2.25290545049430690e+00 8.76358177140617478e+00 0
-6.52481476610934585e+00 -1.56449699287192390e+00 0
1.79264709150740198e+00 -7.63429871681100880e-01 0
-1.37065760150897393e+01 2.79645652400196498e+00 0
-1.01148559222628496e+01 -3.97365738579492600e+00 0
2.42034731297474304e+00 -4.60254024226295400e+00 0
8.98447978436596406e-01 -2.72162359394916420e+00 0
-7.26589950367870241e+00 -5.65833196741651356e+00 0
-4.33276681052274293e-01 -1.24853049023554208e+00 0
1.12622176383011308e+01 -1.07131049208543905e+00 0
7.05089182349690624e+00 4.57081671650464383e+00 0
-1.66457639892970710e+00 2.08501641589180586e+00 0
-5.53926820083107430e+00 1.35951404554521205e-01 0
3.24264349287378267e-02 5.11751362280655542e+00 0
9.88118985087428570e-01 8.68834795388493064e-01 0
5.57623604007424278e-01 1.26062041059430596e+00 0
3.76819364164569581e+00 -2.31630242273754705e+00 0
1.18125259580560793e+00 -9.50537754506654564e-01 0
-1.91651183277891590e+00 1.20684134553866307e+00 0
2.33354348796866384e+00 -9.74212127109943427e-01 0
-1.05101649817920495e+00 -6.16266800824638028e-01 0
-8.19078791226649172e-01 1.39564809462378605e+01 0
1.65364389234518305e+00 -2.34299594828305091e+00 0
4.29564382252996424e+00 1.83949176447676899e+00 0
2.18518416512202412e-01 -1.17558986390680409e+00 0
-2.92512500230837302e+00 -2.94749273484403895e+00 0
-1.09569330133093090e+00 -4.63797497169890993e-01 0
-2.78219732952358079e-01 3.41534905794916721e+00 0
-1.05371874350490602e+00 1.78427816897440294e+00 0
7.44287607219295211e-01 1.94658248506075204e+00 0
8.96953794374476132e+00 8.08033240790659413e+00 0
-1.05832283108811698e+01 -2.48191641466276192e+00 0
2.11514733903150187e+00 -1.74212948831390602e+00 0
-4.82420741132132314e+00 -9.11088401907457657e-01 0
5.34972149797730889e+00 3.80231432472005615e+00 0
-1.09888564845495806e+00 -1.38896741645729693e+00 0
-5.27415571336354749e-01 8.14741963089616661e+00 0
-1.05819068299871799e+00 -9.58265674592795880e-01 0
-2.50215653888666800e+00 1.92760605237958710e-01 0
6.65003030110739801e-01 -8.36821481460365946e-01 0
2.75607223934561008e+00 -3.28458427911234974e-01 0
2.71242015708992179e+00 3.29250775179101896e-01 0
2.59269847908388085e-01 -1.69178545090501409e+00 0
1.43533897095838792e+00 -4.58810277146583012e-01 0
7.79770298348036839e+00 1.12191800645278002e-02 0
-1.65631238908796896e+00 3.41645928023323808e+00 0
-1.04135270519153593e+01 9.48112050804137851e+00 0
-6.35066190476125758e+00 -6.69252717238194172e+00 0
1.25621716653563209e+00 -1.14854985011668509e+00 0
-1.32202270194446108e+01 4.64329778886251621e+00 0
-2.70021957748523489e+00 2.89142308561638206e+00 0
-4.98027566161024282e-01 1.33117641838439793e+00 0
1.82035554226404894e+00 9.55071122380932613e-01 0
-1.46758547873364797e+00 -7.26206529114222832e+00 0
5.61465103697537327e+00 -3.21092874930835581e+00 0
-4.91913524019656712e-01 -6.51249080043772821e+00 0
1.03718359724252203e+01 9.42796215636088064e+00 0
2.45048569109329284e+00 3.48179677638206719e+00 0
1.55844933122480911e+00 -7.45141267345221525e+00 0
1.06222987426011106e+00 -1.01298446239042694e+00 0
-5.27950198669282056e+00 3.31779212240182186e+00 0
2.95790149822765081e+00 2.56080605512937387e+00 0
4.78050512629813018e-01 2.06255288369210188e+00 0
2.07749563437699702e+00 1.46475431193957312e-01 0
-4.20304590542303558e+00 1.44879692717307593e-02 0
7.21839458740255413e+00 5.25683290211822740e+00 0
2.89526855246490289e+00 9.37329945641680817e-01 0
-1.95527578664571200e+00 3.88139349917517473e-01 0
-1.30891706031313793e+00 -2.43867446478539890e-01 0
5.32029339060682460e+00 -8.37246078016247730e-01 0
-7.98438550986067241e+00 -1.06300550297159191e+00 0
1.57571328175220904e-01 1.16932323616547906e+00 0
-7.45051902310793102e-01 -8.37284925728310192e+00 0
8.45025061650111153e-01 -2.27069755090266190e+00 0
2.50576287062789094e+00 1.33370164669030600e+00 0
1.10401200785502507e+01 6.24192768366372785e+00 0
6.95085783846573046e-01 -1.05220237295588093e+00 0
-1.62994444966880603e+00 2.93960372288187921e+00 0
-9.60732305466062897e+00 7.33206225329440908e+00 0
-2.16565199610936787e+00 -2.05187692577389197e-01 0
-3.56679886618802300e+00 1.44700614261430105e+00 0
-9.95134702277470501e-02 -1.17791052611687208e+00 0
-1.17952569569178802e+01 -5.04574121716153723e+00 0
-1.95359016543458913e-01 2.10461741492054211e+00 0
1.00605949240401795e+01 -1.38554946596800510e-01 0
-5.57114636769844385e+00 -4.50863456519510386e+00 0
-3.04198503806910825e-01 -1.44582929067405308e+00 0
-4.28107987034798665e+00 -5.75910605264943976e-01 0
-6.20639933083196316e-01 2.32126786162345811e+00 0
4.62185982884541713e-01 -1.35238408335509597e+00 0
8.79872802741701210e-01 3.85979461759339904e+00 0
-1.68325628000114702e+00 4.46437192288228157e+00 0
-3.12377296110348279e+00 -1.37013614328591693e+01 0
-4.13444146621890329e+00 -8.28386012764399204e+00 0
5.39157386602949362e+00 -1.29365910258091308e+01 0
8.98785653243347360e-01 -7.81742105579257385e-01 0
-1.25247769208313393e+01 -6.62312879793789566e+00 0
-3.72598338078168112e-01 1.87135684038867911e+00 0
3.95511207515191598e+00 -5.58602143071472312e+00 0
1.35602519115788600e+00 1.02986486952614098e+00 0
-4.61911481634414756e+00 -1.26829011262739200e+00 0
-9.15555334661448583e+00 1.68345228006631209e+00 0
9.19070010870234810e+00 -3.10131040591704910e+00 0
-1.83611080206190591e+00 7.03402365070271096e-01 0
-6.98700957442234483e+00 2.97434532088683579e+00 0
3.04187929606311203e+00 -5.43617500620003025e+00 0
1.87453208558883300e+00 3.23049315209466403e+00 0
-9.44522616347725052e-01 9.37628588718250833e-01 0
1.06288406277809111e+00 1.36825293668467490e-01 0
-5.77349839845812784e+00 -2.29937821505598183e+00 0
1.28340255724611607e+00 -1.86980234137991697e+00 0
5.06727398723710287e+00 2.27300168351419885e+00 0
-1.28311839957563789e+00 8.78147300731728087e-01 0
4.81049435614195620e+00 5.96615254225277614e+00 0
-1.50272173346043392e+00 4.14180403448346723e+00 0
1.99679034535525801e+00 -2.04913960828332486e+00 0
1.12126397386403509e+00 -4.11662848964625461e+00 0
-1.50180215023799191e-01 1.73109434548352303e+00 0
4.52447128673469656e+00 -6.47740402587737929e+00 0
-1.43796893552117999e+00 -3.81249926530742611e+00 0
3.24259761844850214e+00 -2.59634041544879623e-01 0
1.18406756662468893e+00 -7.44278098209534389e-01 0
-5.94841894944294225e+00 1.49478763648571711e+00 0
-1.05306204370809203e-01 -9.61823747283436781e+00 0
-2.11697079969619395e+00 -2.25838302541421410e+00 0
1.48997760158161596e+00 1.69950479531562393e+00 0
2.52837079447325985e+00 -1.03402313732039106e-01 0
-8.46046853710863545e+00 -6.62932290579802785e+00 0
1.15937260720195590e+00 1.70714129730349895e+00 0
-2.54646431391119821e+00 -2.02096112090218183e+00 0
2.95455423880661705e+00 5.69282742087010174e+00 0
3.12100732533029790e+00 -1.32950790466191404e+00 0
2.96848640352733506e+00 -1.03977675330297394e+01 0
-1.43184427484495109e-03 -1.32279807329623700e+00 0
1.95184985389842791e+00 4.64778904324218889e+00 0
-2.36617113304930715e+00 -2.63223104982876599e+00 0
-7.49666107657082126e+00 -7.83487347074108609e+00 0
-2.72257215192584878e+00 -2.28911661746744910e+00 0
-2.87888395774769412e+00 -8.84466964643124598e+00 0
-5.72861274263389730e-01 6.47370507546307206e+00 0
-1.33330391213900690e+00 4.57142888613257581e-01 0
5.60528987293040792e+00 -9.09428119648771727e+00 0
2.60509942080983903e+00 -1.26211207869952591e+00 0
-7.33231250053860362e-01 -9.32202610044440050e-01 0
-1.23757506520490002e+00 -5.64006644206572982e-01 0
-1.13576453028689195e+00 9.10549780196614478e-01 0
1.25435856188925197e+01 -6.10409011581350480e+00 0
-7.13680717900919692e-02 -2.73142097073089385e+00 0
-3.66178329434039218e-01 -1.71529873424352308e+00 0
7.84316691683563549e-01 5.27630197251962940e+00 0
-7.34289447946698193e+00 -1.70700568550866194e+00 0
9.73331603070783036e-01 2.54670021007445602e+00 0
-7.70822938720651596e+00 8.85063922894173238e+00 0
5.72785131686338156e-01 4.19661078318118630e+00 0
-3.05729585214513921e+00 -7.64739548253688373e+00 0
4.57171536144629576e-01 1.37823569579722705e+00 0
6.45081470677589230e+00 -5.96120182606379778e+00 0
-5.21040694868057663e+00 3.85237060025009104e+00 0
-3.53929219292668518e-01 1.34778917137004495e+00 0
-2.89455335898772903e+00 9.32746222842336792e+00 0
8.20284020906158040e-01 -8.18696705833434790e-01 0
-1.04406600411492900e+00 5.57508888328055563e-01 0
1.65571626697532692e+00 -3.21337258498850475e-01 0
1.43180399198731889e+00 1.44071801518104892e-01 0
4.29104811587815860e+00 1.12358177404029007e+01 0
-6.65241012704336310e+00 -8.03426387710840473e+00 0
1.10752676718109111e+00 2.31654970970235397e+00 0
-8.22561357084880029e+00 7.31143712120632205e+00 0
3.41554293798711095e+00 1.05706721453653198e+01 0
5.93769126200954900e-01 -1.98627868428750598e+00 0
1.02821220826384696e+00 9.14297001091476602e+00 0
1.33965961899969410e+00 -1.55605278926127899e+00 0
8.65237943249112407e-01 -1.05691394241237502e+00 0
6.11165449370220770e+00 1.96892273337013490e+00 0
-8.28766260146821665e+00 6.48899279037309640e+00 0
2.15605222721730794e+00 -8.08075588645575671e+00 0
-2.13507308404453511e+00 6.12962953124111753e-01 0
3.94220424051575202e+00 6.52749829157728190e+00 0
-1.95127628541892006e+00 3.00707878799935813e+00 0
6.27282677066271499e-01 -1.49745400685953700e+00 0
-4.91843229634212431e+00 5.42125751077468543e+00 0
5.50791971467194319e+00 -3.82876121319397589e+00 0
2.93378058281431198e+00 1.28391767404188295e+00 0
2.95712943929369798e+00 4.25739439859375590e+00 0
1.28749257813941997e+00 1.81526784736722901e+00 0
3.22399707829778492e+00 -4.57471330159126843e+00 0
-5.03036101807543279e+00 -6.31493624824822763e+00 0
7.87082667569759115e-02 3.75748572544121817e+00 0
-1.92185235608936189e+00 8.31575116258987945e-01 0
-2.33773661571638902e+00 1.07987350751482497e-01 0
1.75085854219260906e+00 -1.27292485823441104e+00 0
-1.01331219188451693e+00 3.39182532356969579e+00 0
-2.84965319769868808e+00 -1.69740787234639701e+00 0
-2.29393800820756688e+00 -6.98966427662510603e-01 0
6.09605916566038264e+00 -1.10347151611248595e+00 0
-7.79737681181206788e-01 3.48866188755764295e+00 0
3.12242798283280099e+00 -1.13089663741571194e+01 0
1.21408594925198199e+00 6.63453479392567269e-01 0
2.21826613366322389e+00 6.44274645057457573e-01 0
-8.16134004198670882e-01 -6.81357343490619272e-01 0
-1.38782544201335201e+00 2.01581429192822004e+00 0
-2.44275488647925787e+00 4.39811308462354222e-01 0
8.86264093490171101e-01 -1.57613601952747007e+00 0
8.73206420015887469e-02 1.80652305030396798e+00 0
-2.75626593995083810e-02 2.35514834940085604e+00 0
-3.51461039339356995e+00 2.10973842121031296e+00 0
1.26929691453903501e+01 9.44544616913689183e-01 0
1.09240799109821900e+01 -4.27684842437953883e+00 0
1.72844951034647210e+00 1.16862881759610393e+00 0
3.07928353717625214e+00 1.36464529120174891e+01 0
-1.82089341271736993e+00 3.80041559862397982e+00 0
2.57337641761308689e-01 -1.38015696625505191e+00 0
-5.01750948272453723e+00 -8.31960353225200322e+00 0
-4.85076360222211633e+00 -9.64560991996456707e+00 0
4.14791375200388757e+00 -1.78285751942828297e+00 0
4.98204570253445223e+00 1.31705643772576995e+01 0
5.60953082127337144e+00 9.15525822798203137e+00 0
-1.16226509602170403e+01 -2.15971196631645812e+00 0
8.59985947215155022e+00 9.62693489119729051e+00 0
-4.70867275494415694e+00 1.32402020336449109e+01 0
9.41237464532720169e-01 6.24652052365614363e+00 0
-1.05560693200512601e+00 -1.18938336407954301e-01 0
7.05783100655801032e+00 2.42685156737116614e+00 0
5.48730302279153773e-02 -5.58513898861812663e+00 0
-2.61448667983456984e+00 4.14214679794633156e+00 0
-1.05444455502397205e+00 2.06403169063203107e+00 0
5.85992727991805840e+00 1.29692280645356289e-01 0
-3.44079120362790780e+00 4.31246919713456389e+00 0
1.06556166315074807e+00 -5.89152261058789387e-02 0
1.06854932263824698e+00 9.34380164040265852e-03 0
-6.30345852467990575e-01 -1.57501839752359896e+00 0
-1.76814649938148594e+00 -3.34614140430646101e+00 0
-6.18794098044690166e+00 -3.38092265303499717e+00 0
-8.98230796032418866e+00 -4.77645985216631208e-01 0
4.92429120945770471e+00 -1.35594480871333189e-01 0
1.05214171748393803e+00 -1.77919916816704993e-01 0
1.91879945340799796e+00 -1.18113901421880807e+00 0
-3.62251532156181888e+00 -3.29058963432910900e+00 0
6.37356635184015641e+00 2.75070504971354080e+00 0
1.79077282005033700e+00 -2.01083315701251486e+00 0
1.06567506026755900e+01 -2.52815329177949222e+00 0
3.97086443376375886e+00 -1.28365474512073998e-02 0
-9.39552945918154059e+00 -4.55386765348560996e+00 0
3.82599529442585107e+00 -7.42960347062090865e+00 0
8.65117133985132680e-01 -1.38908211702866091e+00 0
-8.87177770874440941e-01 7.61664816256559796e-01 0
2.86020526496127303e+00 4.65212234614112374e-01 0
-9.62739972996164872e-01 6.43959282528145271e-01 0
5.60876366676395718e-02 -1.19248239098989495e+00 0
-2.00635547330904718e+00 1.91722767715879594e+00 0
2.43913641230264888e+00 6.03063688002819109e+00 0
1.33189108389125899e+00 1.23834943383168405e+00 0
-7.05639561062210985e-02 7.39721904341556691e+00 0
-5.11290483631730908e-01 1.53508550569064095e+00 0
1.80610971452028091e+00 2.28566596299804803e-01 0
-1.82605132345078602e+00 -8.15294049611088667e+00 0
-3.82633279277278504e+00 1.08062535110519597e+00 0
3.21539133450720005e+00 2.29493389230399814e+00 0
-6.78481440668397440e+00 1.09093331690650297e+00 0
-3.50355344606913688e+00 5.99184888434370944e+00 0
-1.46240402940673708e+00 4.32450710585685627e-01 0
-1.51161953802966798e+00 -2.16507062237382897e+00 0
-7.40470286233681829e+00 9.52149600605093838e+00 0
-1.50082290461571599e+00 -8.78011080662210008e-01 0
4.77688243209753072e+00 -5.88210674466245975e-01 0
1.40201042208422400e+00 -5.14318201839090994e-02 0
1.87242778382689901e+00 -5.16167698725345625e-01 0
5.88294724344509934e+00 6.32943753469689430e+00 0
1.26763141620999704e+01 6.21542276061015730e+00 0
1.06207750169009896e+00 5.09663022752079198e-01 0
-5.67475826960218743e+00 2.31295685363598880e+00 0
1.54222180053850000e+00 1.07026357098276192e+00 0
3.24728134768156806e+00 3.97201953631501103e+00 0
-1.55475983251307004e+00 -6.51579763147688862e+00 0
-2.09297025488400390e+00 1.04327220371425300e+00 0
1.10382640964249408e+01 1.64194305026410491e-02 0
1.62907822801638691e+00 1.90401701315422911e+00 0
2.50732777644580995e+00 -8.88879729209324054e+00 0
-1.40869238930175609e+01 1.02775038215263104e+00 0
-8.64282771127529159e+00 -9.45065448745778980e+00 0
-8.41713840481161824e-01 -1.61717527945213302e+00 0
5.95681182679912546e-01 1.51360863090806497e+00 0
1.92827148324817510e+00 -1.10455970077963705e-01 0
1.09800481782356907e+00 -3.24756595311034513e+00 0
-1.05969299991180694e+01 6.27622130409919077e+00 0
-3.78590262269851485e-01 1.49722123908082305e+00 0
-2.41840505956273910e+00 -9.55002374576325508e+00 0
-5.63939657515849202e+00 5.35740645196599097e+00 0
-4.18452097531435285e+00 1.39953112183045292e+00 0
1.82192222072450694e+00 -9.84992307440545001e-01 0
-6.12006079225582478e-01 -1.03233526856188096e+00 0
-2.71903287992826304e+00 2.56052871512351699e+00 0
-5.48232300847670562e+00 -5.15564969632499182e+00 0
6.49897427532940331e+00 8.82452852413836908e+00 0
-9.92030570316300420e+00 -8.44501563359497354e+00 0
-6.67760575939321299e+00 -5.24919490766070407e+00 0
4.86941740001526657e+00 3.05564080610470290e+00 0
-8.01818847023560366e+00 -3.02068233998822722e+00 0
-2.70301478126049322e+00 8.53414160817115430e+00 0
1.91510255820708308e+00 -3.49824691526644027e-01 0
-2.55814444898021698e+00 6.54854452595582170e+00 0
-1.28562248315315397e+00 -1.22325134769844190e+00 0
-1.16970470004057203e+00 2.25944649450469903e+00 0
-2.19267209427597898e+00 1.39203018876707008e+00 0
8.76272877337927092e+00 2.03486813037452396e+00 0
-1.02502220307966105e+01 -5.64632099401855658e+00 0
7.45906220881114912e+00 -3.56401044236240105e+00 0
1.31686675172675804e+00 -1.27158731036646211e+00 0
-2.04525162438164898e+00 7.98951729775846942e-02 0
-2.04252320129588094e+00 -7.28831470077689336e-02 0
-2.46170334136761992e+00 1.10879010514273402e+00 0
5.54816700902953985e-01 -8.07357162396488981e+00 0
-2.17950018185862282e+00 -3.85335143672638702e+00 0
-6.13741230632504564e+00 -7.35847179017158570e+00 0
-1.74105244806041792e+00 9.74795191253542526e-01 0
-4.42906057473243830e+00 1.02885881716505501e+00 0
7.50496568269256370e-01 -1.20995199710131307e+00 0
-1.30835536697270305e+00 5.44006072902276827e+00 0
1.57677774063681508e+00 2.67690466061787902e+00 0
3.77392461480201380e+00 -4.83681144114806472e+00 0
2.88727226930638903e+00 -7.05630618013573141e+00 0
3.16470382129425998e+00 -8.35204498191203459e-01 0
-8.08790051785218367e+00 -5.40954003071572398e+00 0
-8.22491174877893472e-01 8.58074800966439399e-01 0
-3.93343772331123609e-01 9.86798748700166817e-01 0
-7.74372654389582693e-01 7.39325575213924946e-01 0
2.46652339729547210e+00 9.17559660132886479e-01 0
3.13644381161333019e+00 1.97190990179517994e-01 0
2.18886558103829598e+00 -1.39060632420044996e+01 0
-9.91845906013793588e+00 -3.06915393686263815e+00 0
-3.66808798519616119e-02 1.36402949016095398e+00 0
3.73897361660697580e+00 1.20107062086243808e+01 0
-4.26006978741976794e-01 1.07693389971657894e+00 0
4.46123368123612918e-01 1.16861802257581804e+00 0
1.38471359115509696e+00 4.26440675350388609e+00 0
-5.02820571076456435e+00 6.26243021467138949e-01 0
-4.51735781400734560e+00 8.26263474328886005e+00 0
4.51804781539758160e+00 3.78437975759601808e-01 0
-2.93848681607298001e+00 4.92006395362979021e-01 0
-5.71772107803374130e+00 8.87033391484033196e+00 0
-3.16489891017370306e+00 -2.14206993811339519e+00 0
2.06231902724079497e+00 1.05776151961514797e+00 0
6.19737729333001752e-01 -3.08468929011982107e+00 0
-7.42815267017719982e+00 7.40949792947299724e+00 0
4.45084050115537477e-01 4.59865413283356617e+00 0
5.21113265343403409e+00 -2.38953769922872983e+00 0
-2.37000918920196790e+00 8.74503308634715704e-01 0
3.35734354486094722e+00 1.02408508865179293e+00 0
-1.02155671521181901e+01 -1.30171572338539293e-01 0
-2.35065296863772222e+00 -1.08948230532030799e+00 0
-1.09616960950509892e+01 1.80383900849482903e+00 0
-1.22202775267119201e+00 1.56829536186061902e+00 0
2.05863058661832798e-01 1.03805333631335595e+00 0
6.78567256450688272e-01 8.12792020833092876e-01 0
2.23839672925396110e-01 1.13487820324069610e+00 0
2.56021352735679697e+00 7.26017045429002250e-01 0
1.57636127124961400e+00 -8.46386440066923873e-01 0
3.37209576775054298e+00 1.55764800795085007e-01 0
-1.22940092645159305e+00 4.07270390523176096e-01 0
-2.69712215784152587e+00 7.79362347117779186e-01 0
-6.13072128092050672e+00 -1.01780954286049807e+00 0
-1.14988583694340507e+00 -2.09034134684308287e-01 0
1.00287719708207295e+01 3.44955044525856991e+00 0
3.14092186760923298e+00 8.38558447000814167e-01 0
-1.37564260086761903e+00 1.30297704841499495e-01 0
-3.87432956444395293e-01 -4.29290068331898222e+00 0
1.11101890578051199e+00 -4.87682509461804692e+00 0
-6.11095039353477265e+00 -4.25865196648995870e+00 0
-1.77234784554991309e+00 -1.25394529116015807e+01 0
-1.41892126049625911e+00 -3.52021851862856727e-01 0
3.83220926441476095e+00 -3.07826957737526419e+00 0
4.21240574503056209e+00 -1.01407406673828309e+01 0
2.16728254619637095e+00 2.76038807758960392e+00 0
4.27133049767049311e+00 -4.77309095199791700e-01 0
-3.18287027681618984e+00 6.57017281662417929e+00 0
-7.91737490170723923e-01 8.99931160289090926e+00 0
5.20475123500094305e+00 -4.98144329660796981e+00 0
-9.67138169058199360e+00 -1.02283684312891694e+01 0
3.75954289410922682e+00 7.75546610164552064e+00 0
2.74975228151760920e+00 -7.68817996698279238e+00 0
-5.26543029104553995e+00 -1.05442852415131405e+01 0
1.95181637075384296e+00 5.84022458406597167e-01 0
-8.21437660178696238e-01 1.05663783886079510e+00 0
-8.32118867180032584e-01 1.37116868764447997e+00 0
1.10932432168703010e+00 -6.15937602604783585e-01 0
-1.96932980303269001e+00 3.31493951241616180e+00 0
4.02284480727446214e-01 6.77876537773431043e+00 0
2.27601453845231810e-01 8.58058396175068339e+00 0
1.51733474255503409e+00 2.24942237925417698e+00 0
3.07767817244293196e-01 1.11035173290914297e+01 0
1.16165038948095489e+00 -3.98847782690951280e-01 0
1.41998805532277905e+00 -1.04772278907454908e+00 0
1.09448203011590506e+00 -1.98392984943466599e+00 0
-1.65787756760069094e+00 2.28837086584660909e+00 0
-6.02532291583322888e+00 -5.56127207790071143e+00 0
-7.42322550968556372e-01 1.50557872991202402e+00 0
3.20889356943220116e+00 7.23002100481660559e+00 0
-3.20305173808794619e+00 3.64700348408968988e+00 0
9.19649320893249023e-01 5.26022255670009709e-01 0
-3.07255995334474785e-01 1.23769550067330791e+00 0
-5.92327669114740818e+00 -6.17877741408547188e+00 0
1.12389416307892809e+01 -8.52438999334719405e+00 0
3.82957607289584478e+00 -1.37847457300743308e+01 0
-1.73832485506202095e+00 1.38761584636465796e+00 0
-1.41868558656480004e+00 -1.31982833470868810e+00 0
5.30064585247782372e+00 1.16152367150171703e+01 0
-2.90280755624331421e+00 -5.70497812591085474e+00 0
9.99446453627984965e+00 6.81154587426151714e+00 0
-8.39138141256621850e+00 -1.98585329867175897e+00 0
4.63032797588881273e+00 2.55205396670167195e+00 0
-5.36391893856524082e-01 1.15075233069796106e+01 0
-3.69224109627577901e+00 -4.06909928771985197e+00 0
1.18662518737867000e+01 5.79744236919421319e+00 0
-6.89989665264698981e+00 1.09589785605126107e+01 0
7.56614963897802628e+00 4.08959794212722372e+00 0
-5.62334798902109023e-01 -2.66920438351895495e+00 0
5.22420851899879302e-01 -2.14400537890832421e+00 0
-1.60395636173933198e+00 -4.26012890056453708e-01 0
-2.36774126194109780e+00 1.97910866831919496e+00 0
5.32689517266481527e+00 2.61092389155265403e+00 0
2.24198882219437801e+00 3.54818881533142186e-02 0
4.51951465720453793e+00 -7.13294272581090727e+00 0
3.46909753919381902e+00 2.80790819860539420e+00 0
-2.70763557841567186e-02 -1.06421405960734194e+00 0
-2.07041616027420483e+00 4.21159190394666361e+00 0
2.59606527365196627e-01 -2.19520350639910289e+00 0
3.15520016865605213e-01 -1.11419825837393005e+00 0
3.20656955304075586e+00 1.31018548210027297e+00 0
3.90924321467675506e+00 3.68854257969866195e+00 0
7.96646038513388555e-01 -9.03228818211994189e-01 0
-7.24233667467267139e+00 -3.47017282462480114e+00 0
-3.01252611662902892e+00 8.79380388986013672e-01 0
-2.79668003350543981e-01 2.85556770145766192e+00 0
-1.42885229440789496e+00 7.96391839371676791e-01 0
-4.23323204027036715e-01 1.71134123293539409e+00 0
-4.85449549986197137e+00 2.37503623690138799e+00 0
1.27654695276783503e+00 3.82214670075779306e-01 0
-6.41895767739877066e+00 9.49825327553127430e+00 0
1.37734650315033207e+01 3.67412705876664614e+00 0
3.08100066418359919e+00 4.40443383098569785e-01 0
-6.15480194877788378e-01 1.84539614854340495e+00 0
2.29181062700422178e+00 3.84814118529043681e-01 0
3.06987122142463376e-01 3.42141631372490185e+00 0
1.03113520987533502e+00 2.80258997765748197e-01 0
8.02298196401528152e+00 -5.29730546006057601e+00 0
-1.24235008738357706e+01 4.34103443902363040e+00 0
2.87221668397770413e+00 8.31381703977264053e+00 0
9.89086216473404356e+00 -5.15883062512969026e+00 0
8.44010410687064255e-02 1.37551809239185707e+00 0
-1.30895720261947908e+01 -5.04167713667084705e+00 0
2.76470188061804389e+00 7.39950340808114615e-01 0
1.38174929089418104e+01 -3.36754908527937102e+00 0
5.68292641003116294e+00 -2.55213655806752415e+00 0
-1.23549659085546693e+00 4.72272697768995275e+00 0
1.11671798116089005e+00 7.69108582629519533e-01 0
1.16838285741531700e+00 4.35844930369146469e-02 0
8.56087696516337093e-01 1.26154515762700004e+00 0
7.17844782204687437e+00 -7.22492456242900527e+00 0
-2.67363337791648004e-01 -1.16674892518907591e+00 0
-6.07865681442060213e-01 -8.73059455237182647e-01 0
-1.30275805621476204e+00 1.72873514015571006e+00 0
-1.58426645417338197e+00 -2.73623308411779487e+00 0
-3.31243253369986812e+00 -2.65417982647020700e+00 0
2.10233051004487814e+00 1.88828484065649405e+00 0
-1.23614457783078602e+00 -6.70615255046764780e-01 0
-6.38695588644228085e+00 5.30018933844744744e+00 0
-2.46936211546343198e+00 1.34580275288707596e+00 0
1.40518497952613197e+00 -3.10515597654647690e+00 0
-1.01212781884995703e-01 -2.27007874548011701e+00 0
4.33595410076033416e-01 1.73716407876572410e+00 0
-3.58310303334515590e+00 -1.74027458004170499e+00 0
6.00440008543547243e+00 -5.31617503153319682e-01 0
-1.26810693313574108e+00 1.37679237218187400e+00 0
1.73337675235815092e+00 7.00036295748754783e-02 0
-1.13878216660660603e+00 -1.09407896160721592e+01 0
1.45377836783314196e+00 -6.68079530335928262e-01 0
-1.69082279510374600e+00 3.44747352216058123e-01 0
-8.50736958317662229e+00 -1.12004073054745508e+01 0
1.00985276169157689e+00 -7.07095924267876819e-01 0
1.39729508342320696e+00 -8.69351656025802666e-01 0
-2.08158260119496896e+00 5.44060763159241656e+00 0
-5.11919162816486040e+00 -1.64122302252600805e+00 0
-1.52501001276309300e+00 1.29078787286330710e+00 0
1.63768349120507906e+00 -5.21699693450242474e+00 0
-1.08086910794413504e+00 -1.93805487376404195e+00 0
-1.72529178618754409e+00 -9.41637872074062798e-01 0
1.86628032740060501e+00 -3.24720402712081713e+00 0
2.82139487008782996e+00 -3.07129132285528694e+00 0
-1.68206041602192297e-01 1.23552685736548007e+00 0
9.57160976168442623e+00 -8.79135427221617327e+00 0
-4.76856809061563192e-01 9.56615131469959024e-01 0
2.42422243356986311e-01 1.30259708117663298e+00 0
7.54630323536514602e-01 2.79774716862909001e+00 0
-4.25394156990176775e+00 -1.09841702670194401e+01 0
-4.44720928002383342e+00 3.25156983815242606e+00 0
-2.68338674670984512e+00 1.87590881213316196e+00 0
-4.32600181057149058e+00 -6.90247800678965806e+00 0
-5.05534083472773244e+00 1.85460136590724400e+00 0
4.08496244872892067e+00 2.85764513615706983e+00 0
-1.60365155538725901e+00 1.13734400742189901e+00 0
4.87940900517855969e+00 -7.71883035410253715e+00 0
-4.49455646265850195e+00 -4.90837201058300376e+00 0
9.64328442306731648e-01 -1.04199485573457693e+01 0
-2.49201079651076407e+00 1.63830402749693693e+00 0
1.60646670237883793e+00 -9.97963755264641428e-01 0
-3.25409057093250320e+00 2.50899270279617115e+00 0
1.44388040811205398e+00 -1.69458777697742602e+00 0
3.92439468474513609e+00 -1.13669943054443099e+01 0
2.68372683465483014e-02 -3.30267923653077800e+00 0
1.26267821198138797e+00 -5.76328239301870493e-01 0
1.01910664098240193e+01 -9.82385375024419183e+00 0
8.69735539478860176e-01 -2.10967413065981679e+00 0
-4.81406597355320720e+00 -1.32811373455772692e+01 0
-5.74519315752207493e-01 8.92598950214321230e-01 0
4.81129454545494994e-01 -9.45335213697597543e-01 0
-1.16608946676589609e+00 3.67750906404176803e+00 0
1.63446550256684708e+00 4.71147696098217883e-01 0
-3.91012701954040098e+00 1.74175881902203300e+00 0
1.61016952127951107e+00 1.40496475657103992e+00 0
3.58203254432385609e+00 3.51386264964538397e-01 0
1.69494923305711698e+00 -2.78977165999633803e+00 0
-1.10770431916471901e-01 -1.36309785902632807e+00 0
-7.75979138132999413e+00 1.03114181430891598e+01 0
1.08304266731370599e-01 2.75173154907806294e+00 0
-9.72739485088725098e-01 3.91752934936846620e+00 0
1.83358381700028805e+00 4.14413945457783939e+00 0
2.68440243093582520e+00 -3.63363617733253008e+00 0
-1.49594358357314205e+00 9.50904314227323577e-01 0
-1.37561811378312004e+00 6.62382102137736517e-01 0
-3.39026935814906816e+00 1.73994870469127805e+00 0
2.84761127935340497e+00 -1.72196728915661690e+00 0
-3.77979276323227120e+00 8.39751803985640422e+00 0
-2.97997898543242190e+00 9.06779555940636917e-02 0
7.46279941012223724e-01 -1.58323816374713799e+00 0
1.57158194302156606e+00 6.16560762234925175e+00 0
-5.78362977180205196e+00 -2.84004465797589978e-01 0
-1.12686979647745300e+00 -3.13658456465357505e-01 0
-3.50008028150088912e-01 1.10881397580639995e+00 0
-3.66651809074253321e-01 -1.08600297630938591e+00 0
6.52627258181314129e+00 -1.03025676168932794e+01 0
-9.70186368508544561e+00 -7.25963584376229498e+00 0
-3.06481901053815287e-01 1.57250320658602694e+00 0
-1.18065810311522892e+01 7.72091990041878073e+00 0
1.33354580200452109e+01 -4.81459314109657743e+00 0
4.83478889086122621e+00 1.90650774561736891e+00 0
-3.41585783717448921e+00 -7.46526612306729898e-01 0
1.11087859277553207e+01 -6.85102940071126820e+00 0
-4.94030780836958616e+00 6.12877716935781258e+00 0
-7.32988749539772844e+00 -9.33860725524771240e+00 0
1.07407411635016494e+01 1.36765414285916198e+00 0
-1.94350575987928509e+00 -8.28131916446385952e-01 0
-1.11773107404986005e+00 -5.51416263506680604e-01 0
-1.48422546681489109e+00 1.50448131644524308e+00 0
-7.37384469333505210e-01 -1.11236660686463695e+00 0
1.30098937783602797e+00 -3.29590730239846585e-01 0
3.28921552942858897e+00 6.54788338949660931e-01 0
3.10943616261338196e+00 -3.63023556640909995e+00 0
2.17666668590903400e+00 -1.57308764877445689e-01 0
1.04933882649958807e+01 -8.14480751467183595e+00 0
-1.13150982190691298e+01 -3.52998057849959279e+00 0
1.16497104667349993e+00 1.25660510922815105e-01 0
-1.67628326681738105e+00 -3.51692704024949121e-01 0
-2.80573940751101381e+00 1.27344807137384497e+00 0
-2.10864827005486388e+00 -3.25606407533847619e-01 0
-1.01795747684614692e+01 7.99204497747445242e+00 0
-5.19386280399058542e+00 -4.35223938689338219e+00 0
4.85866838075326335e+00 -5.88989824969575260e+00 0
7.72101454299888967e+00 9.19234105382176914e+00 0
2.14072911495040208e-01 -2.99434838309852580e+00 0
7.92044129564482002e-01 1.10698072264490799e+00 0
2.58567409013676786e+00 1.11035534511014311e+00 0
4.84845090683378110e+00 -2.72808127143001000e+00 0
3.25144175679641112e+00 -2.18069429403776205e+00 0
6.62590816616631662e-02 1.58345606807139205e+00 0
-1.32615213038633106e+00 9.86060961628209887e-01 0
-1.23890689664054698e+00 7.29599911510497967e-01 0
-8.50025898407320124e-01 1.76691074326740605e+00 0
3.79502637862974090e+00 -1.37498209361367296e+00 0
1.38344404315358704e+00 1.47808510200782295e+00 0
4.91597418825449406e+00 1.47904330284336805e+00 0
-6.84461570399547536e+00 -3.32343471167339599e+00 0
-1.99986261528938702e+00 -7.57903358211734623e+00 0
3.42424144544486309e+00 -9.78932078798558436e+00 0
-2.43448612995434699e+00 -8.65604701269821142e-01 0
2.70006463662619600e+00 3.09588506438459188e+00 0
3.03510113532151016e-01 1.15166571407919993e+00 0
2.18139442640672110e+00 3.49926247022110415e+00 0
1.76404427140449599e-01 -1.05128611279978190e+00 0
-9.93238007228693220e+00 2.05373144187286094e+00 0
-2.93073818621072313e+00 7.50450254458026311e+00 0
-2.28864638129121611e-01 1.15130113856098704e+00 0
3.70613255175729384e+00 1.59511250035804797e+00 0
-9.43626190837686729e-01 4.91770618042464525e-01 0
1.03880211002670393e+01 2.65525167233817205e+00 0
1.11349571929996194e+00 6.07931942658270441e-01 0
-1.08448531063671894e+01 -4.95313967034619562e+00 0
5.42518926769585574e-01 -3.42091244243186487e+00 0
4.09619010044051171e-02 1.21569607411053004e+00 0
2.18255007369518506e+00 -5.44586930498581356e+00 0
-2.29935807155603689e-01 3.98015493857596692e+00 0
8.59210407291886114e+00 6.93282383206260899e+00 0
-1.75325463705384510e+00 -5.76086496880445997e-01 0
8.61236277059965261e+00 5.69054688433439360e+00 0
2.13241514950550615e+00 -3.53038303834841294e+00 0
-7.84005032631379439e+00 3.24894961714438280e+00 0
-2.61511430925214183e+00 5.83608376516058414e+00 0
3.43405327574535013e-01 2.39667828686526319e+00 0
2.25240356488733307e+00 1.15837699089638102e+00 0
8.27566567785090612e+00 -9.70759547575405080e+00 0
2.31386722551305812e+00 -1.16615276082072605e+00 0
6.75387136626763446e-02 -1.39778537196860397e+00 0
3.63397222472826886e+00 -3.50636546451980591e+00 0
-1.60784168532041805e+00 -1.15625853887271890e+00 0
6.66485648846158907e-01 1.18553527073105403e+00 0
7.52308076854997676e+00 -6.34760857046232729e+00 0
1.93419252393601404e+00 1.25215205690506304e+00 0
-8.50995044696439829e-01 6.28219436272775211e-01 0
-3.10024856348337696e+00 -1.16745301349703290e+00 0
9.60126631285842080e-01 -8.83102025887516962e-01 0
-4.20082455385802511e+00 -2.82593668678518206e+00 0
1.26739256613441196e+01 2.63155073396727879e+00 0
2.87396403076221096e+00 1.64240858069128892e+00 0
-3.84189156591062897e+00 -5.09780236145905086e+00 0
6.33167284548658837e-02 -1.07014631236459690e+00 0
7.49221370144719234e+00 1.45874365944200890e+00 0
-4.01482777226255738e+00 -1.55939377219991093e+00 0
-2.50802559579696505e+00 -3.77878945770972974e-01 0
-2.72180901345710780e+00 1.55738922852734690e-01 0
8.64702217919085414e-01 -1.29601136192614703e+01 0
1.17312604882405302e-01 -1.93508988757606493e+00 0
-6.92997582476082297e+00 1.94014515069168092e+00 0
1.06689993528497808e+01 -1.32710479103753598e+00 0
3.84982496064242019e+00 7.44566996814501558e-01 0
-1.20247029488080304e+00 5.77376240224567350e-01 0
-2.33253964532043101e+00 -4.16819958638132593e-01 0
-3.62614259920677506e+00 5.36360360488139598e+00 0
-4.54520435371166442e+00 4.35742657341116058e+00 0
-3.09296820566274988e+00 1.63356553847249608e+00 0
1.01182812480811091e+00 -5.50221943430620142e-01 0
3.09029975910464216e+00 2.81223181120711896e+00 0
3.23830298493668789e-01 -1.90041625532033298e+00 0
2.65926079850134611e+00 -1.97580678159672307e+00 0
-4.34006764628235120e-01 -1.42558147229915502e+01 0
8.09747761338269978e-01 -6.88532622278667961e-01 0
1.89433934263133197e+00 1.58743844912489207e+00 0
-9.89755641831158717e-01 1.00983765620867594e+00 0
-1.60406425140753695e+00 1.52678632417662302e-01 0
-4.43504767828682578e+00 -2.32629961154878995e+00 0
-7.50321080853367040e+00 -6.97572279208770940e+00 0
4.28676056136833683e+00 3.48610377757034895e+00 0
4.04688900582557576e-01 5.12496494134889424e+00 0
5.38097903968255409e+00 -6.73108551439546776e+00 0
-4.13232348355962298e+00 3.65255936127301117e+00 0
-3.78327004011168810e+00 -9.96494440946958981e+00 0
1.60089490223728492e+00 2.62052596866728493e-01 0
-1.25896191517262608e+01 -2.68064885106793716e+00 0
8.78304023574299153e-01 -5.99094798118298577e-01 0
-4.31350247933451314e+00 2.01921393803295590e+00 0
4.45367484780079970e+00 4.23348449440657593e+00 0
1.10793981157180399e+00 -1.32597146556740109e+00 0
-9.21454956230251865e-01 1.59108099968421102e+00 0
2.80359446688422498e+00 1.04941659723601899e+00 0
1.76708709268187403e+00 9.61485021979059873e+00 0
9.64950891549474887e-01 2.16400147333464599e+00 0
4.12410752611668663e+00 -3.72779620171147696e+00 0
-2.75724481350592798e+00 4.48107963827095634e+00 0
6.66456001684060695e+00 5.60357912354056342e+00 0
2.17577476606230613e-01 -3.52639240078507799e+00 0
4.00476036280443193e+00 -8.77775269634760669e+00 0
2.11001214228703882e+00 -5.30746519420085217e-01 0
3.93598394638903581e+00 -9.75208942870979367e-01 0
8.75291215394364741e+00 1.49238945776329901e+00 0
1.39422995824354290e+00 5.11299465904432093e+00 0
-2.96232073878367086e-01 -7.61678339857946973e+00 0
4.93831852040448194e+00 4.59286084028445674e-01 0
3.52985138240595697e+00 2.32586762226189681e+00 0
1.28075662097289600e+00 4.98131612754273201e-01 0
9.82350401565101983e+00 -3.11669220421619197e+00 0
-1.17004439771823310e+00 6.72130404528577774e+00 0
-2.61978728387253712e+00 3.48853840496119405e+00 0
4.63686989098776092e-01 1.06035692837841711e+00 0
-3.73047090506128898e+00 9.25456302389087959e+00 0
-1.56596958210294690e+00 8.51309422701290863e+00 0
6.04780461972750860e+00 1.05512645918050296e+01 0
-3.22254765361031426e-01 -1.32502425492607001e+00 0
8.07092919577596213e-01 -5.71301226078288860e+00 0
9.51502713211874962e+00 -1.91127366748971306e+00 0
5.95664788116523125e-01 -1.17899549433645889e+00 0
1.15148024300677498e+00 1.17904987596814093e+00 0
-1.07564233052470093e+00 4.13872082912151773e-01 0
2.88853410495311991e+00 -4.94812463921573009e+00 0
-4.00690909285249663e+00 -5.77515921089364692e+00 0
-2.33697084971057079e+00 -8.31050549137431621e-02 0
2.23260071771608698e-01 -1.06199506092353602e+01 0
-3.43164860265528704e+00 8.42067495328829518e-01 0
2.32807526651355001e+00 -6.43660375158594533e-01 0
-4.85745816184961487e+00 1.15146914050057791e+00 0
1.72048727360639003e-02 1.06272778933560796e+00 0
2.50433983822178019e-01 -4.88062282764290600e+00 0
2.19553793629617200e+00 5.12399767311769327e+00 0
4.32402046481105540e+00 8.65470798005532416e+00 0
1.67394323380395793e+00 -3.31437784084902320e+00 0
4.47421087990303501e-01 2.22095829884247520e+00 0
-1.12622125070606294e+00 2.62287263204308907e+00 0
-9.52147248319757056e-01 -1.16786534777828610e+00 0
-5.07861283579598766e+00 3.10457668961494404e+00 0
-3.33517770478271580e-02 -1.15309419191822093e+00 0
-6.92659268662759731e-01 9.40998060326675434e-01 0
7.43013969375303507e-01 1.65436286534536503e+00 0
3.41415177440270501e+00 5.63889556551994686e-01 0
-8.51467683856234103e+00 1.13130648273880698e+01 0
-1.86568819030585997e+00 -1.70237715196579709e-01 0
-1.18910806636805795e+01 5.75571070493686499e+00 0
5.72321409821394056e+00 -8.01467444249172978e+00 0
-1.17643310405512391e+00 1.04916412551856597e+00 0
-4.10596184281911913e+00 4.06820240486170992e-01 0
1.05401834330607991e+00 -8.24774730702812708e-01 0
2.71178383040226478e+00 3.63484320734596622e+00 0
1.62877908197647292e+00 7.55132090394170397e-01 0
-5.22429919875466364e+00 -3.47821040162937400e+00 0
2.83000502267862419e+00 2.03473408437298797e+00 0
1.11835982218170393e+00 8.36592719859930334e+00 0
9.88939282139465270e+00 1.01367574817323298e+01 0
-2.24877895336095479e+00 2.90890192981296991e+00 0
-2.39154141780067893e-02 -1.51113223415014408e+00 0
-2.89103290917207678e+00 -4.61537169542085679e-01 0
1.24332232578087893e+01 -4.48960124822753315e+00 0
5.54104627432114505e+00 8.40135957714246318e-01 0
3.73191070704872496e+00 -5.31535150587286598e+00 0
-1.36731114428344602e+00 -1.02716148912552807e+00 0
-4.01941906735053234e+00 -7.64803295149274476e+00 0
-3.96469550355996514e-01 -9.79781677954345231e-01 0
-6.62045916448637861e+00 2.56235395457339088e+00 0
1.44274115180366702e+00 -1.98825569198031604e+00 0
-2.22648574209149991e-01 -1.04168562766323203e+00 0
8.31304334793022548e+00 -6.52822768641865459e+00 0
7.22843036599453637e+00 -4.61198662986291641e+00 0
-5.71229626838604432e+00 -1.17310627509166903e+01 0
-5.35602378266226808e-01 -9.28761623411984316e-01 0
-3.10762935390483186e+00 1.32599067759879108e+00 0
1.03317485005051490e+00 -2.35775847379144310e-01 0
-7.27994121870735622e+00 1.12960429400049911e+00 0
-2.01403295321080611e+00 2.56841272844257196e+00 0
-4.40881429166548422e+00 1.23676929626844192e+01 0
-9.46963646507996515e+00 5.29221662833877837e-01 0
4.98174240934223800e+00 8.50662765262519827e-01 0
9.42792085067227115e-01 -1.19075609427028599e+01 0
6.37869231086020871e+00 -3.60119132882909598e+00 0
-3.09575481260697005e+00 -7.42713648063936582e-01 0
1.37737803509237100e+00 -2.44122493757072401e-01 0
-6.97281342920583125e+00 -1.41210596993438497e+00 0
-2.51967639097788298e+00 -2.06182757368824410e-01 0
3.21681289670357407e+00 -3.29515128086041820e+00 0
-1.30690534329784693e+01 -2.34563056881628790e-01 0
-5.40679582846072559e+00 4.58954296980628307e+00 0
-3.30424786157876804e+00 -6.73946934791595442e+00 0
2.72961419254555615e+00 -1.03855983502576010e+00 0
-5.68865295451675834e+00 6.07162755491559203e+00 0
-3.15027229492080396e+00 2.85011902103346992e+00 0
1.21490829971213898e+00 8.75181123201381861e-01 0
-5.68390226096583717e+00 -2.87166946566214198e+00 0
3.46474959321627285e+00 -1.27784859558479198e+01 0
-8.62221984066715574e-01 -9.20983661723475122e-01 0
-1.27823330989787394e+01 -1.16069055034721402e+00 0
-2.36662607059884378e+00 -1.03317753830596395e+01 0
6.62177142864267765e+00 3.31749252968535613e+00 0
-8.75775563007670677e+00 8.28259589534052210e-01 0
4.22353793460893900e+00 -3.10623277785155283e+00 0
-1.28513563620328997e+00 -8.25219719952067221e-01 0
1.28335055913756091e+00 2.52048796107115114e-01 0
1.66819195815901899e+00 -7.79101407407117530e-01 0
-3.69250407652765711e+00 -5.65971997772943491e-01 0
1.15106621506356310e+00 5.58443233513875281e+00 0
-2.21652265828050821e+00 3.67204617569097991e+00 0
6.56765499847622358e+00 7.14863642434653368e+00 0
2.73270498698781417e+00 1.10423030173874395e+01 0
-1.42766206590366695e+00 2.79086161818049305e+00 0
7.36486694201281100e+00 -1.21212133919041491e+01 0
1.38922241733331697e+00 -5.20240646561515807e-01 0
-2.31310442449658704e-01 1.90269619475827589e+00 0
-4.11491521666579629e+00 8.31459249083014162e-01 0
-3.91843611399495995e+00 -3.58988202978011817e+00 0
5.89527584214014500e+00 -2.78649085565398780e+00 0
8.27487633464682348e-01 1.48318707917071690e+00 0
-5.05716469852294637e+00 -1.90252922670591601e-01 0
-6.38312896748314706e-01 1.38995306151547293e+00 0
-1.40377115647560902e+00 -1.28248082161573490e-01 0
4.09469336086770580e-02 4.19743719106861413e+00 0
-8.81941793241316141e+00 2.75280387224174916e+00 0
-1.84730133656996309e-01 1.51871047673036208e+00 0
3.95815630432279519e+00 -5.63414012892093030e-01 0
6.94062775843472979e-01 -1.71289144259459003e+00 0
2.34600874955487004e+00 -3.34173944234583420e+00 0
-2.64389875938461705e+00 -1.06402260612496705e-01 0
6.72916800238639645e-01 1.35969795671255489e+00 0
-1.81764084424341399e+00 1.27705814463722800e+00 0
-3.36100837299488120e+00 1.02803628167247698e+01 0
8.60201837209025477e+00 -7.25969895717728431e+00 0
-5.46394794454398625e+00 8.68302964573782310e-01 0
-4.48781796681867462e+00 -5.80268864641111737e+00 0
2.38318927426229205e-01 1.66070689288841300e+00 0
-1.68061116092780599e-01 -1.28815144577331200e+01 0
4.70401456605216595e+00 -4.29502155597995205e+00 0
2.08702925809184014e+00 -5.98855462961162122e+00 0
-6.37771363192524809e-01 1.25131913901268810e+00 0
8.48163960421298824e-01 -4.45892850862929979e+00 0
3.23408327325247003e+00 -8.03783871781989312e+00 0
-9.26201192205893920e-01 -6.86532359794963631e-01 0
4.96264582274018462e+00 3.57422375101026590e+00 0
-7.68763759208735187e-01 -1.91326794767947295e+00 0
1.50525819897049895e+00 2.84743991840671384e+00 0
-6.54185050956316294e-01 2.63273608151066796e+00 0
-2.02582781174646387e+00 -5.65802362921230317e-01 0
4.58504712326586716e+00 -1.05966925232136999e+00 0
-6.33707663192868242e+00 3.44627174438660688e+00 0
-7.85356007226151576e+00 -9.01260587450217621e+00 0
9.80974836734083144e-01 -4.14280747034907804e-01 0
2.13036492773777919e+00 -1.92798640167501190e+00 0
-8.41207145815257640e+00 -1.45194152080344407e+00 0
-3.05603358668932401e-01 1.01672898482807406e+00 0
1.63694500731357295e+00 -6.32919564358433551e-01 0
-2.61722596227858517e+00 1.06589218686968792e+01 0
3.80026439414155981e-01 1.52056240291733102e+00 0
7.95462893110912272e+00 8.18927356667157014e+00 0
1.20703155532649098e+00 -1.36882854698043110e+00 0
-9.62367478071461502e-01 1.46291980470153105e+00 0
4.84376274154230391e+00 4.53468870461766915e+00 0
9.25510098944656856e-01 7.52480185169475657e+00 0
-1.11678233780969904e+00 -3.27522409672114412e+00 0
-8.91395707041373608e-01 -5.60101045235648853e-01 0
-1.04983428608547902e+00 1.80921747648607995e-01 0
-5.34529118769294609e+00 1.37319908369931998e+00 0
1.28609175316267805e+01 -1.01269459620154700e+00 0
9.69068852041725659e-01 -1.21812967137718009e+00 0
6.55701773766652529e+00 -1.75176278018113613e-01 0
-5.91567611791062564e+00 -1.06157053360020495e+01 0
8.16562237860906093e-01 6.77397462859750776e-01 0
9.91563299702707823e+00 1.85627882248724707e+00 0
-1.06374237253863790e+00 5.43518686726872785e-02 0
-2.15348143773970602e-01 1.03917879642982802e+00 0
4.02273551054866818e+00 4.64932283135203761e+00 0
-1.14695714551420402e+00 -6.27513146480872114e-02 0
-1.58797646967919892e+00 -4.84324887408636240e+00 0
-3.70879885374278917e+00 1.61116262164115204e-01 0
-1.02700954160971603e+00 -2.86576504210875216e-01 0
1.40933431980897494e+00 2.51197770021581890e-01 0
1.09304311219641703e+00 -2.74318954656996494e+00 0
-6.31484961629256514e+00 -1.47924384046456386e-01 0
9.03234188529330595e+00 -5.67853254846439004e+00 0
4.04911539469485859e+00 -6.30067422515001940e+00 0
2.25029850099376816e+00 -8.15062820648897568e-01 0
5.21564319570463120e-01 9.24333699051139712e-01 0
-1.35024636907593099e+00 2.21231395849986301e+00 0
-4.88528615739875871e+00 9.03041877366448631e+00 0
2.34559527577782179e+00 -2.05864460749557088e+00 0
-1.70892890747330295e+00 7.40671039389727337e+00 0
-6.94726624134096138e-01 4.32345977477864896e+00 0
-1.21062616892638600e-01 -1.03784218136889095e+00 0
3.52639956827448309e+00 8.92631305533780228e+00 0
2.37468838818863409e-01 -1.04369233057710309e+00 0
1.12134504907739596e+00 -3.59346806136573482e+00 0
-8.04308599408968483e+00 1.87158444281853997e+00 0
5.27609116235835174e-01 1.57715700323578289e+00 0
1.29487786554404902e+01 -1.87250575971025501e+00 0
-1.29705871713164598e+01 2.80426756449600800e+00 0
-1.91680525591699702e+00 -1.13172152701267303e+00 0
5.16657040311994908e+00 -1.98319827270315097e+00 0
5.23496789203565793e+00 2.98672371974050499e+00 0
-6.60100182161038274e-01 1.63673374413314510e+00 0
3.75221498175753698e+00 -2.61979584416964117e+00 0
-1.03548702931011993e+00 1.66188074500127292e+00 0
2.69099309585624114e-01 1.02246997845287302e+00 0
-9.19833003804712113e-01 5.48001174253374246e-01 0
-3.21728113348159583e+00 -1.56356995986782299e+00 0
-9.85526225918424759e-01 3.98376159717041878e-01 0
-1.17181131295643404e+01 2.22491498206449112e+00 0
-7.78689537150351330e-02 1.12855980638830200e+00 0
1.15207254317452001e+00 2.62771271414818308e+00 0
2.53845913671042300e+00 5.85211348092616532e-02 0
3.33232239961565480e+00 -2.71590615940474800e+00 0
2.87983436808866622e-01 1.36163402358493002e+00 0
-4.26513993183292772e+00 5.52087056507359808e+00 0
1.66517218665351696e+00 -2.14989929545507286e+00 0
-1.02354058594766895e+00 7.22184386582004123e-01 0
7.29474522576761042e-01 9.18569445529413886e-01 0
1.41990888366578307e+01 4.69896784685170321e-01 0
-4.58903795338454401e+00 1.62661274080855600e+00 0
-2.36281285476173686e+00 4.75473056171509256e+00 0
1.15090211653202501e+00 -8.64689939952332370e-02 0
7.67562406337619496e+00 -5.61323759859370597e+00 0
-1.82093755818550007e+00 1.05353318277915498e-01 0
5.58385478554590442e+00 5.57380285983148926e+00 0
1.14066176399402908e+00 -1.72433619429644608e-01 0
-1.21143406512338991e+00 1.43298180546292703e-01 0
1.12138695785909395e+01 8.83650576316698744e-01 0
9.76762457350424551e-01 1.33848941957436196e+00 0
7.75992732486413406e+00 7.11314598330047243e+00 0
2.58304600853120281e+00 -4.71936883686069009e-01 0
-4.60696403205707483e+00 -2.49050724291008913e-01 0
-5.49091733787218095e-01 -1.13375300062794393e+00 0
1.18885016783139896e-01 1.05483246829912503e+00 0
-1.10854716229419594e+01 -2.86650773087847188e+00 0
2.61836961215296693e+00 -1.17234108756798800e+01 0
-4.51852199395318976e+00 -6.72538966859436704e-01 0
-2.93777829056404283e+00 3.31957829709301411e+00 0
5.83883514985230168e+00 -3.51041936295520118e+00 0
-2.01668872533912813e+00 5.46620850886771925e-01 0
-9.11958235037571230e-01 -4.30198197965839135e+00 0
3.91621667810131013e+00 9.76696913168649061e+00 0
4.37531524686035933e+00 2.27089192153948494e+00 0
-1.82548608772618803e+00 -2.38448385631990911e+00 0
-9.98124049753264586e+00 1.08560032190197098e+00 0
1.17200641935335503e+00 -1.16274864977346892e+00 0
-4.18452013398164091e+00 2.25579955461076720e+00 0
-9.54855044766362759e+00 -1.60610923044641507e+00 0
-1.09731622886704594e+00 2.81197155127378584e-01 0
3.53437689379042608e+00 4.11663734267707060e+00 0
7.66359326373252880e-01 -7.34950321974850773e-01 0
-5.13796834225121124e+00 -2.03171676026740489e+00 0
1.31449148177354704e+01 1.70611740478331408e+00 0
-2.57478946222559513e+00 -6.52751846769050115e+00 0
-2.14012910479414797e+00 -5.25123130195349042e+00 0
5.77542163907270290e+00 -1.29223142752703102e+00 0
7.16826351433211828e-01 -3.53336112680065906e+00 0
3.95057219602219778e+00 2.61525305816262899e+00 0
4.67017098564728284e-01 5.64863137522498526e+00 0
5.43578551754342443e-01 -1.53438695390634194e+00 0
8.95180613356085925e-02 -8.51284480512300235e+00 0
-3.61308783017593216e+00 2.61519778091355803e+00 0
2.36505447881354902e+00 4.47542485812707724e+00 0
-1.25618684494770494e+00 -3.09238586843794128e-01 0
4.47940845133698229e+00 1.32587294159493796e+00 0
5.48427367261150600e-01 1.10200820405229294e+00 0
-3.28569795599520198e+00 4.62542336086343120e+00 0
-8.08336400249241116e+00 -1.05888535490825504e+01 0
2.15577776787113207e+00 1.42996277527463400e+00 0
3.01941303692826901e+00 -2.09595816685827607e+00 0
6.52311088553566698e+00 -2.45497497873785608e+00 0
-8.99691571848901006e+00 -7.11084635834746592e+00 0
5.98719496530303874e-01 -1.31453867877767006e+00 0
2.35724004124031916e+00 -3.69401703530548020e-01 0
-4.93268609984318984e-01 -1.31995384058000997e+00 0
1.97015284119105893e+00 -1.52690177353065293e+00 0
2.08707825239766986e+00 8.38670107958756517e-01 0
9.53408722553705901e-01 6.43635122425187056e-01 0
-2.63758871726669319e+00 -1.17242986274353793e+01 0
1.58772462009523913e-01 -1.48024845057375498e+00 0
8.62451784581922398e-01 5.97697116293841813e-01 0
-2.09351750645945112e+00 2.83974318833406014e-01 0
2.37543534860547378e+00 2.55256119794854908e-01 0
-6.63908128917884310e-01 -9.43971585940443836e-01 0
9.65940977933931499e+00 -6.58067722899387864e+00 0
5.82018748649328788e-01 9.98897617838828245e-01 0
-1.56307905010936304e-01 1.84453968400862389e+00 0
1.17168084099748793e+01 2.38317366844701795e+00 0
2.18893750654421915e+00 2.06381516306649893e+00 0
-2.72069297715288894e+00 -1.22554285389785900e+00 0
-4.06744046926647940e+00 -8.91408552665482468e-01 0
4.78814113378073181e+00 -1.64069409194778393e+00 0
7.74129894824060472e-01 8.30276390692638699e-01 0
2.18940360356982699e+00 -2.87666546203464701e+00 0
-2.55755476993054121e-01 -1.21824996170451101e+01 0
9.40823348662731007e+00 -1.44645667717792503e+00 0
-1.70897563253508800e-01 -1.59734498136023295e+00 0
-9.41001624935645431e+00 1.07458478012210001e+01 0
-1.24013519758941602e+01 -3.30839644983509817e+00 0
7.19236147996969666e-01 -1.28713131133707104e+00 0
2.76292727846219410e+00 -4.21386001731944138e+00 0
3.60677968134342697e+00 5.21758855163319879e+00 0
-1.42441317498613507e+00 -1.48786055664085692e+00 0
1.23676362296483711e+00 -7.16817932983409012e-02 0
-9.46104659188661268e-01 -1.03622545988540393e+00 0
-3.25412821366834915e-01 -3.53564749306176695e+00 0
4.36940172578061059e+00 7.47891171457774284e-01 0
9.17598791497141875e+00 2.94505926892983316e+00 0
5.14135351620496173e-01 -1.88442998905958992e+00 0
5.81433493557754200e-01 2.63020775877029012e+00 0
1.55070793527144102e+00 -1.24040366467788998e+00 0
1.67297026951545091e+00 -6.03649687743507712e+00 0
-6.36539536344848944e+00 6.09616124244817659e+00 0
1.97604187836765310e-01 -3.77244893615665111e+00 0
-1.59172031390230106e+00 -7.01238011070151379e-01 0
9.65532093574662853e-01 -6.51749126040454763e-01 0
3.33144688170881809e+00 -1.11435658613144195e+00 0
3.64144404072262295e+00 7.84243445001427730e-01 0
2.94337197689987784e+00 5.10611005675525487e+00 0
2.79461933535832108e+00 -2.59838537029797889e+00 0
2.22393150760538605e+00 -1.39728011967315902e+00 0
4.98465063004879694e-01 1.18708529031348298e+00 0
-2.52332739589988586e+00 -1.27364690615069200e+01 0
-4.47486853907241022e-01 1.22180764180815693e+00 0
1.60791831298642007e+00 -2.59031895092220221e+00 0
2.72877314432856100e+00 2.52000246636518721e+00 0
-1.24033861920902111e+00 3.22025658892592981e+00 0
7.65851548937934279e-01 -9.46626931629001511e+00 0
1.82729855929507989e+00 -2.38550816987217784e+00 0
2.29522605246211597e+00 4.09045210732036502e+00 0
2.51368318568948901e+00 -6.64624551567281618e-01 0
-1.25213957469085990e+00 -4.28880553908032314e-01 0
3.61924028833113098e+00 4.52369729663639486e+00 0
-1.15841919772286097e+01 -6.29038256336172630e+00 0
-5.23087747236673462e+00 2.28910950565021004e-01 0
6.12865410502334562e+00 -1.28382744981033792e+01 0
7.70168489398483508e-02 4.52370757678764868e+00 0
-7.11160278916261213e+00 4.59230634921922576e+00 0
2.22490141526818785e+00 2.99901092545803882e+00 0
-1.11740859478640697e+01 7.29572152245389827e+00 0
9.87920456947790182e-01 -9.73885666788340765e-01 0
1.85971534824039009e+00 3.57409916376246417e-01 0
2.64190758216928279e+00 3.90200877272982405e+00 0
-3.33833282895776096e+00 -3.37675067416010188e+00 0
-1.86070881070638294e+00 -1.40992706388971598e+01 0
4.88445399710932815e+00 -3.68719162507186304e+00 0
9.07337961713091445e+00 -7.64453583182640184e+00 0
-3.56891837635620002e+00 -1.97629750479614197e+00 0
-1.01303666218420592e+01 3.93995301117032604e+00 0
-1.05469101951605704e+00 -2.69176000560776307e+00 0
-1.66411833719552704e+00 8.86953987995950266e-01 0
-4.30041056097697005e+00 1.00327950709628109e+01 0
7.94486663549422101e+00 4.39516283554212883e+00 0
-1.64879513980005799e+00 -1.11406174079430702e+01 0
1.42242823791825792e+01 -1.00955109102352392e+00 0
-2.64546621823700301e+00 1.69366508641108493e+00 0
6.30819681541719923e+00 -1.85016620122802000e+00 0
1.82177019467867995e+00 6.50907445833198839e+00 0
1.31594553683218294e+01 8.14276027922247181e-02 0
-9.08233729341834284e+00 -1.27156341439849396e+00 0
6.31649504600684786e+00 -1.13549460565993297e+01 0
-5.24086160766074993e+00 1.00395486733788104e+01 0
-1.85751633194353594e+00 4.89460619531550112e+00 0
1.05319080332904207e+01 5.37468480884785382e+00 0
9.07955652843999816e-01 -5.47550017036984249e-01 0
-9.55802753549622608e+00 3.05071846282793313e+00 0
-4.89153759568936319e+00 6.91014949867917139e+00 0
-9.89541206287095143e+00 4.71230450094384157e+00 0
1.21371748841284095e+01 -6.96370113495316967e-01 0
2.53017537355156086e-01 -1.58645499345078900e+00 0
4.34946721104009393e-01 9.52718655490313870e-01 0
-1.94696310754321300e+00 2.09077702219485095e+00 0
-3.22011249486018114e+00 3.12202301330566101e+00 0
9.11332893705407932e-01 8.59543380292448922e-01 0
8.27907397781439736e-01 -2.52079170184814316e+00 0
9.78319241150818186e+00 -4.11117328730456144e+00 0
1.04621988381350004e+01 -3.09497876904349090e+00 0
-1.26355930784760595e+00 2.76156779712677114e+00 0
5.33215707540121153e-01 3.57644385789196306e+00 0
-8.65659563803047982e-01 8.21930259768021032e-01 0
-4.89492631761821961e+00 -2.49756223337996008e+00 0
9.77503162394956382e-01 4.40357973656869284e+00 0
1.36914334141153704e+00 -8.68932227779053434e+00 0
-1.27870464560131203e+00 6.82441562058577089e-01 0
-1.46160115016192993e+00 2.54523968851587501e+00 0
1.26944370603047108e+00 2.90903959292570513e-02 0
-1.14093494351960700e+00 1.94259191520235908e-01 0
9.65118670419429669e+00 -7.27752086262675313e+00 0
-5.69461699233240123e-02 1.26833183557390505e+00 0
2.56384031819784619e+00 3.88292675102754781e-01 0
7.23047369993702005e-01 -1.99470612088089605e+00 0
4.83268609715306230e+00 1.02994978163417805e+01 0
-2.87116624253596020e-01 -3.00107731521583609e+00 0
1.83807672012929291e+00 1.24962055870418295e-01 0
1.94425335357237405e+00 8.91410540656344813e-02 0
-6.65321793604104483e-01 -1.23467255991372804e+00 0
-4.21527257065944724e-02 1.05738341472907593e+00 0
1.11285786878938406e+01 6.78315196085081240e+00 0
1.24394087887120697e+00 -1.49591280892398104e+00 0
-1.37841315976774093e+00 -4.37101874414753122e-01 0
-6.36850057523716018e+00 -2.43966391758852907e+00 0
-3.81869076365793303e+00 3.25049980240855696e+00 0
8.91790686891079543e-01 -6.66000310550965224e+00 0
-1.70370968397620004e+00 -1.65905327767101407e+00 0
-1.83324989865613808e+00 -1.31251067554344703e+00 0
-1.41064696324004704e+01 -1.36888542046792105e+00 0
-8.13630322152997643e+00 4.40969869699933970e+00 0
-5.97897607558891941e+00 3.96160230713925410e+00 0
8.76351747080938770e-01 7.45436143709365173e-01 0
-1.12240035153850592e+00 5.04153519971832664e-01 0
-1.03341746920318189e+00 -7.58715218936181102e-01 0
3.39009727317146181e+00 -1.21483716757350407e-02 0
2.11739890170756917e+00 2.22779134156469683e+00 0
9.67689221151577961e-01 7.38732578086385927e-01 0
3.68471941366093514e+00 -1.32364785521747297e-01 0
-5.80104375298555519e-01 -1.76802753462972095e+00 0
-5.18350590790114030e-01 1.03767928845010404e+00 0
4.56391442830555061e+00 7.58371797562656624e+00 0
7.04326454523307333e-01 3.23774917611631396e+00 0
-3.77517293682283883e+00 2.14829792237311601e+00 0
1.43869922185720389e+00 8.45019992533583730e-01 0
3.60063953489096422e-01 -1.46808579069814105e+00 0
1.60231291916807406e+00 -1.04096299142336202e-01 0
-8.68216011423685963e+00 3.68202839538130000e+00 0
1.73502356179985795e+00 7.03972379339537935e-01 0
4.95002422996468461e+00 -1.32224498444981498e+00 0
1.65200837805026191e+00 3.50721010260838506e+00 0
1.16093226873834898e+00 1.41024580361623397e+00 0
6.60143624345075786e-01 2.04410949147929699e+00 0
1.21738547911796999e+01 7.31983252052156175e+00 0
-6.68131439536909233e-01 -5.47423733739047336e+00 0
-1.65677953116183696e+00 2.52556626429840980e+00 0
1.99161036063413710e+00 -4.72285286681577432e+00 0
-3.09007476455080310e+00 7.41640602669982663e-01 0
-1.04037588645074106e-01 1.55202439496678091e+00 0
2.89975233364306817e+00 -1.82857548165332090e-01 0
1.08186405195101099e+00 3.66236327354508173e-01 0
-3.82209539539177312e+00 4.77313644520173597e+00 0
-1.13627404229012496e+00 -4.19191459836495806e-01 0
9.06909987518138339e-01 2.84529450357628289e+00 0
5.50125397111198566e+00 7.03408827484488697e+00 0
7.39278771707750360e-01 4.08357713951385115e+00 0
3.64187078280800991e-01 -1.19352213186337508e+00 0
1.83470025247150503e+00 2.09479494598782390e+00 0
8.86726650687458928e+00 -3.77370321054852520e-01 0
1.33876227629279292e-02 1.16014935653378504e+00 0
5.46133807065275878e+00 -5.98541630498531685e+00 0
1.30416113405324108e+00 4.82821962456515230e+00 0
-1.09689448627713393e+01 8.99872168921321602e+00 0
-4.31356997193984970e+00 2.95858145989845900e+00 0
-5.98755408150205337e+00 9.76434199221861587e-01 0
-3.48088088023196507e+00 1.37594620530367209e+01 0
3.52958175056717094e+00 1.88046263602095509e+00 0
-8.85320831979755063e+00 4.79261916376934494e+00 0
-5.66777648890404340e+00 6.83959744764229161e+00 0
1.02151303413085994e+01 -6.25316322699063232e+00 0
8.75456329615108686e+00 -1.12662983803117704e+01 0
5.59799900143216522e+00 3.21655603081019104e+00 0
-6.17076107905631166e-01 8.59121163395049403e-01 0
-2.80379672289850390e-01 -1.02682008272609093e+00 0
-2.28164706335380796e+00 1.40495927380117696e+01 0
-5.19488631642159748e-01 1.16393269905477204e+00 0
-4.53104052410525338e+00 2.62127417743023683e+00 0
-2.22051199937976396e+00 9.31885828596167753e-01 0
-3.57789779184675805e+00 -4.50134800924979217e+00 0
3.48237841173108320e+00 2.56208101659258780e+00 0
4.37489352988217917e+00 -4.81865214512525686e+00 0
-4.27208799078656498e-01 7.15392297424137258e+00 0
2.01574119176192701e+00 -7.85346853152685598e-01 0
-3.10475630929108792e+00 -3.73474285296813591e+00 0
-1.23563709163657194e+01 3.60807461972306509e+00 0
-7.38144178199572787e-01 -2.22857510644470791e+00 0
-4.11628964488049809e-01 5.73594632715873143e+00 0
-2.18168491375421691e+00 3.34200091128079002e+00 0
-1.39581307593224402e+01 -2.68153947453948982e+00 0
1.91059047713479302e+00 5.78606434497279842e+00 0
1.63644517695100400e+00 2.27234142185923016e+00 0
-5.92560499314173539e-01 9.59605016692935409e-01 0
-9.66230603508155816e-01 1.32529652505936202e+01 0
5.69964479682343761e+00 1.34176819562094307e+00 0
-1.13942415359488591e+00 4.19417044675084139e+00 0
5.21072068896776042e+00 -1.55089455244843494e-01 0
-1.00798608752545893e+00 8.42019337675020352e-01 0
1.48432870926883309e+00 -1.60284521496336291e-01 0
-2.00002412136904795e+00 1.35854285307685707e+00 0
-1.12929463602658799e+01 6.40367112426286500e+00 0
-2.51326205837314420e+00 7.26003797247144611e+00 0
1.20369358636774101e-01 1.10263032982828091e+00 0
1.14154425615306110e+00 -5.48848441373163354e-01 0
-1.05198612186030207e+01 3.00949849532184821e+00 0
-7.77959450486111481e-02 -1.75833009577031008e+00 0
6.34004006809937604e+00 -4.90334904254151294e+00 0
-8.29981527180724932e+00 8.64144137027943771e+00 0
5.49486502661607271e-02 -1.58732577525309804e+00 0
-1.80311907892449907e+00 1.11868504545259206e+01 0
-6.92596126227783437e-01 1.11591068558523099e+00 0
-6.98977246810421082e+00 -1.09751273229249993e+01 0
-2.28307021568522694e+00 2.56939047175651281e+00 0
1.15220902858213603e+00 4.64907691442216886e-01 0
-5.84247886342105982e+00 -1.71871062789089990e+00 0
1.61973642744347401e+00 1.63399236480123911e+00 0
-3.46753797791705187e+00 -1.09524043802218096e+00 0
-1.15911526541134595e+01 -3.90651488844780903e-01 0
-1.10584794292937505e+00 6.41361307958139282e-01 0
2.55177029691532598e+00 6.38307480255549908e+00 0
-7.10286879680925942e+00 5.48280105646398841e+00 0
-3.20444674991687117e+00 1.26035446994484595e+01 0
-1.47893747039848300e+00 5.99537154188573118e-01 0
1.77177401804445495e-01 1.78985052209034690e+00 0
5.11220197494961059e+00 -4.40042849011478676e+00 0
-7.20096464919038226e-01 2.05631301698942703e+00 0
9.69794422113010235e+00 5.51483133597899222e+00 0
5.13898131023327043e-01 2.95806982522989204e+00 0
7.91321305390392471e+00 1.07141830138758607e+01 0
-9.72001432367655349e-01 -3.86287077296897985e-01 0
3.79478261291976482e+00 -7.44114976547906815e-01 0
-7.02159716630788644e+00 2.25918575449073011e-01 0
-1.91473899681022797e+00 2.31466952061794995e+00 0
3.01883078844922714e+00 -1.77998376085472709e+00 0
5.62979711239465885e-01 -9.81242585306257964e-01 0
1.02352331641397001e+01 -2.10848814125303186e+00 0
-1.44033222997279192e-01 2.63140692577848601e+00 0
5.39649451321493601e+00 -7.57247797158137903e+00 0
1.34071510459182108e+00 9.47096966946472496e-01 0
4.78605317244761519e-01 -1.20122708473634998e+00 0
1.31442371182774198e+00 1.39819633701127599e+00 0
2.04866172653696488e+00 -1.15612210976842400e+00 0
1.51284878100242404e+00 2.32504498589129714e-02 0
-9.91845889157867200e-01 4.99230085814307389e-01 0
-1.05622195204080693e+00 -3.80205609672312718e-03 0
-6.29317315411970934e+00 8.91250764614573043e+00 0
7.75906779568370730e+00 -4.30533896038014863e+00 0
5.25387044745844101e+00 -9.58931996089525462e+00 0
8.90966612889001475e-01 -7.08272056408195638e+00 0
-4.03786460606820796e+00 7.25969669818187224e+00 0
1.16809866378222207e+01 -1.82592526446505810e+00 0
9.13034411702904114e-01 4.64958185211199027e+00 0
5.24513468178568942e+00 4.75650498086592144e+00 0
1.66963672885239811e+00 -1.18521896949254302e+00 0
-1.04830283764504504e+01 -9.57053951998226538e+00 0
2.52888248972987917e+00 3.25597556016575895e+00 0
-9.17315442586431828e-01 -5.15481086235017028e+00 0
-1.03058629957735204e+00 -2.31324764620905704e-01 0
-1.37261083533600403e+00 -2.41067828342107981e+00 0
1.74673317908926395e+00 -3.75769841986962305e+00 0
1.57826811802402500e+00 -3.55317089093171079e+00 0
1.49306203212263711e+00 -3.41297031865730627e-01 0
1.04528920885596910e+00 7.04752007926583990e-02 0
1.17032864834761807e+00 3.12510423874364385e+00 0
1.35746742194671710e+00 3.18895732918232211e+00 0
-3.81169920452961097e+00 1.11766767824613602e+01 0
2.89909177238950910e+00 -4.98482256027574011e-01 0
3.93584738514899080e+00 -4.26027548906776410e+00 0
-8.98103130924192961e+00 -2.35098608605414405e+00 0
-2.22833796555385621e+00 6.72423676207291177e+00 0
-2.39641609168816805e+00 -7.32270992680007726e+00 0
1.46507357631822499e+00 4.02455482674048692e+00 0
1.97818336490157098e+00 -1.70148094160814800e+00 0
6.23642284348536258e+00 -2.87258827447463716e+00 0
1.02802691869713403e+00 -1.15830815226058995e-01 0
-9.11994577970551501e-01 1.10188160134681601e+00 0
-1.01991446905174099e+00 4.43127739447206537e+00 0
3.29862339272607086e+00 1.48544851696648195e+00 0
-2.45923643636232292e+00 5.13681398436227443e+00 0
-1.32432840721034406e+00 -1.20868953405071409e+01 0
-1.24859573230259691e+00 -1.89618153310244703e-01 0
1.52633749948666608e+00 3.05358783387259214e+00 0
1.83650976413822198e+00 2.80177922970720283e+00 0
5.99537130314389710e-01 6.53820159778829968e+00 0
-5.12328701481467785e+00 -4.84143129033637598e-01 0
-5.63575489390138884e+00 -1.30762781387835396e+01 0
1.24944885951787010e+00 -4.43644905906141473e-01 0
-1.45608295635278906e+00 5.09722543931861516e+00 0
-5.34656887169698614e-01 -2.17934493474711788e+00 0
8.55887932037694754e-01 -7.11066330709945515e-01 0
4.90886808565953514e-01 -6.50763079286260737e+00 0
2.09976231739134489e+00 -3.54490464635796698e-01 0
-7.51068850049403469e+00 2.39504551842457403e+00 0
-1.99314976443896796e+00 -3.16455311742508094e+00 0
-8.10838446054302686e+00 -2.35058015046968594e+00 0
-2.04834208482673308e+00 -9.30224065813636480e-01 0
-7.08862882725623145e-01 -6.88551184653173642e+00 0
1.24599902549558195e+01 4.11916998529668621e-01 0
7.58661663646428730e-01 7.33155184563608286e-01 0
1.18629762731724604e+01 -7.80125682637377160e+00 0
-1.12004389511873192e+00 1.29365409967384104e+00 0
1.43189647000222009e+00 4.40979480378024813e-01 0
4.50418169336543261e+00 -9.62382118609783710e+00 0
1.05595252271822604e+00 1.03388430424965594e+00 0
-2.88065723062184975e-01 1.38428224317518800e+00 0
9.99461552518530749e-01 1.15365879549153205e+00 0
-2.79895920233462281e+00 -1.66140268017640313e-01 0
-1.08854294074578792e+01 -7.23018084419557194e+00 0
8.81684873356560206e-02 2.59272487780229222e+00 0
-9.14021498295486445e+00 6.37977866630750512e+00 0
1.24435827400000210e+00 -1.85756231791668808e-01 0
1.58863015136809205e+00 -6.65135400726253767e+00 0
2.33533566763106215e+00 -5.76769345946495005e+00 0
-1.59908515388640193e+00 -1.48358999258919999e+00 0
3.51615865022793805e+00 -3.94795490029127105e+00 0
5.13892218509015741e+00 2.61402910948905387e-01 0
-1.82631733502592009e+00 5.92680801183374140e+00 0
7.54304340638261639e+00 1.21128451366230703e+01 0
2.32472684518485018e+00 1.68660988172547799e+00 0
-1.88313636677125595e+00 -5.59846841127755557e+00 0
2.48353246282019580e+00 -1.45449536774610899e+00 0
-8.30352538577206367e-01 -7.86802601278108593e+00 0
-7.87299633460967563e+00 1.17525080509835700e+01 0
5.85616814406459296e-01 8.77377954339276789e-01 0
6.15037174055020763e+00 2.74731220329689774e-01 0
9.49621940324324898e-01 1.61060155465195609e+00 0
-8.92556655483820904e-01 2.78979045156362782e+00 0
-4.29842793097118658e+00 -9.59430584510054452e+00 0
-9.55750586563981486e-01 1.80240800209715490e+00 0
-1.23282025170547205e+00 1.17412557018203190e+00 0
7.15548764498542322e+00 6.40477861754783895e+00 0
-8.65607501258671475e-01 7.26109635510208395e+00 0
3.45223636533713707e+00 -6.81725760449277685e-01 0
2.83114237050236595e+00 -6.84819995504518220e-01 0
1.44737294022570295e+00 -5.46905443004695080e+00 0
-7.32398792995284542e-01 1.00982556452619505e+01 0
9.59319962274992832e-01 -4.58941340676252696e-01 0
-1.88500992258186395e-01 1.31289543300632494e+00 0
-4.40127508133430490e-01 3.75542712200180917e+00 0
-2.16898365385109804e+00 -1.28988490029342606e+00 0
3.41232649056123716e+00 3.38229380035284821e+00 0
1.05265767157832890e+00 -1.51517221306477090e+00 0
-9.68348084582025814e-01 -1.38068828083136297e+00 0
3.75837519187705205e+00 -5.91333236219564373e+00 0
-1.11153765784895198e+00 8.37689730268528221e-01 0
7.48719832419915132e+00 -1.04656130296952306e+01 0
-9.49343781408261145e-01 1.09716564330585893e+01 0
-3.76629221398308289e-01 -4.75751696851439565e+00 0
-5.73228260193704570e-02 2.20884207967713397e+00 0
-7.72074493692321839e-01 -7.01360100856163293e-01 0
-1.02507775195798900e+00 -4.06828719833785712e-01 0
3.46966922707563308e+00 -4.64586787627014497e-01 0
6.00914350109179374e+00 2.74445196861061591e+00 0
-1.39697122311957900e+00 5.12026643475528981e-02 0
-2.20080180125192015e+00 1.59111319213402091e+00 0
-1.13368968540823296e+01 7.06637647649041467e-01 0
1.30371491613522489e-01 -2.55526035273053997e+00 0
-1.30463472780308010e+00 -5.18597516424536309e+00 0
-1.85959505355059096e+00 1.18170959527206900e+01 0
1.29434131016016196e+00 6.47874019003494728e-01 0
-1.19897666753888199e+01 -7.72978136833876306e+00 0
-1.95204747830615011e+00 -1.92564890600841609e+00 0
-4.21944426801319405e+00 9.38966861580154699e+00 0
-6.26502597135883521e-01 2.09871578484064880e+00 0
3.70386913977770593e+00 3.12077648905188720e+00 0
2.00916508143522510e+00 -2.19691855585065099e+00 0
-1.20148300264745300e+00 2.47998773948316797e+00 0
-3.81538622285454698e+00 4.21372819269060558e-03 0
5.09674097294988915e+00 -1.07247574214880892e+01 0
3.81850635774425884e+00 -7.85808759738767026e+00 0
6.91463341569232703e+00 -2.52994279677078682e+00 0
8.78957280072703684e-01 5.95022934643092416e+00 0
1.14685657697157506e+01 8.43618064425580805e+00 0
-8.55887645285897336e-01 2.19540528101540300e+00 0
-2.16936771924459215e+00 7.57734522501846541e+00 0
4.18183592185595088e-01 -3.95165726690007491e+00 0
-1.31164737949148602e+01 5.79734324429121806e+00 0
-1.02881255533719496e+00 2.28497297303434987e-01 0
6.46943102582716101e+00 -3.22985095765414787e+00 0
6.78234832430029133e+00 8.35709486433204773e+00 0
-1.15688420663941405e+00 -9.92470812558374993e-01 0
1.23802638002387511e+00 -2.96599068419405310e-01 0
-3.40961052258169584e-01 -1.24994793873224697e+00 0
-1.27403620807221496e+00 1.97138829015175010e+00 0
-9.83619114897890556e-01 -8.73634171477962185e-01 0
-1.30840123908302103e-01 -1.12138986547354591e+00 0
7.53876906558285675e+00 2.55298767768209700e+00 0
-1.95527851893487892e+00 -1.54945070874880608e+00 0
-1.52815579349923802e+00 1.60958388373088201e+00 0
-2.37473443460793510e+00 7.48738874242229513e-01 0
4.30729506942881102e+00 -8.80646866495909619e-01 0
1.42690506047666310e-01 -1.30434799251768307e+00 0
-1.62485861557914202e+00 3.90829753698660820e+00 0
-1.00607901756703804e+01 -6.15493737280108011e+00 0
-4.35403276831159580e+00 -1.20880987378772309e+00 0
1.97982238264759192e-01 1.57661034593236593e+00 0
-2.24233532265192981e+00 4.24748344583825099e-01 0
-1.85952226903682005e+00 9.12985847069625822e-01 0
3.18809503398565286e-01 2.68536528453957901e+00 0
6.83071470541168124e-01 -9.13620721825111670e-01 0
1.19873954137654692e+01 1.36381118195892492e+00 0
-2.06649510573098505e+00 1.69517492758401800e+00 0
-2.01161267139597300e+00 1.11588156715624898e+00 0
-7.50793726517218563e+00 3.89941791640521096e+00 0
6.89452591133831838e+00 2.04564864774792099e+00 0
-1.79146369036534386e-01 6.53336707460750610e+00 0
-2.50213301388365394e+00 -6.08715788405680591e+00 0
9.26102318424843585e-01 1.00280936735701798e+00 0
-2.11783269107468711e-02 5.58128881944398714e+00 0
-2.04423032930967796e+00 1.28463699101832294e+01 0
2.78931080086196692e+00 1.34608511636405503e+00 0
-3.17660555781263998e+00 -1.29707814236987495e+01 0
-9.73128773932208507e-02 1.22674760469493194e+00 0
-4.41059785548648087e+00 1.09917156349163303e+01 0
2.53748056021368118e+00 2.78099549089934195e+00 0
1.45690160567337801e-01 -1.22482399744197301e+00 0
1.72395234595045710e+00 -2.40490087245690709e-01 0
9.82733391050510274e-01 5.59413504822776186e-01 0
1.26710059800841601e+00 1.30619780225639109e-01 0
-3.45809714632423804e+00 3.51469811347063121e+00 0
1.69846652731124204e+00 -9.94372835111368869e-01 0
1.17829335522565803e+00 5.91253358495564041e-01 0
-3.19493736484318003e+00 -5.24841842171279893e+00 0
3.37165873339196176e-01 1.63582500066758807e+00 0
1.05625063558446097e+00 8.47756922034563210e-01 0
-2.00056939464486994e-01 -2.57102429043354697e+00 0
1.44118197237612100e-01 1.42162281905603693e+00 0
2.90689454587066498e+00 1.29764994622249095e+01 0
1.83767832175670298e+00 5.29978441532718558e-01 0
6.94084018235336586e+00 -9.25507297316093158e+00 0
-1.83853321307313800e+00 -5.09352789530682082e-01 0
-1.00425954011745810e+00 5.91650208551371737e-01 0
2.45735660931058586e+00 6.42389193228222299e-01 0
-1.20905376274390992e+01 -1.27416955395318898e+00 0
3.09665150830208402e+00 -1.56083634140557787e-01 0
6.44512215257320054e-01 9.30095708996767856e-01 0
3.40902401627555696e+00 7.54228714146594381e+00 0
7.95410134593149643e+00 -8.29529584525123198e+00 0
-1.05354005412390506e+00 -2.16245929743481513e+00 0
-8.14081723119043943e+00 -8.00036714398518356e+00 0
2.90212936577383296e+00 -1.06147398136391091e+00 0
-2.53375935191201407e+00 7.64186205124067097e-01 0
-3.79411363605096019e+00 -2.16094094917769386e+00 0
1.15552407893863798e+01 -3.61158828120976905e+00 0
6.10583168903502838e-01 -2.89022412432768006e+00 0
1.66909907530719187e-01 -1.11296553131564901e+00 0
2.17374677076866396e+00 1.00559527848443508e+01 0
2.32017563023331014e-01 2.99777243440268304e+00 0
-1.14502551908915295e+00 -8.19853245723844659e-01 0
-2.90942571094174385e+00 5.62802650459612064e+00 0
-6.52259812902100444e-01 4.09994096829190724e+00 0
3.70728010708088584e-01 -2.72638543749063711e+00 0
6.79155136572107843e+00 1.13289497683990898e+01 0
-4.91906601236291685e+00 1.20304405161966397e+01 0
-6.72910356309047231e+00 -4.54047281847596684e-01 0
3.22207934753716507e-01 1.09127234639900794e+00 0
-6.13248630358685620e+00 1.00454351434361104e+01 0
3.08211788398393605e+00 4.56469150559038361e+00 0
-6.52083549798111495e+00 8.04261694894040602e+00 0
6.50206077085327318e-03 -5.93767681492848798e+00 0
1.35261405379360800e+00 2.44914252772884117e-02 0
-1.38468716322050400e+00 -5.30334938777263787e-01 0
-2.57376223243229507e+00 5.09823586862183542e-01 0
-2.65651654127273007e+00 1.02321833479265800e+00 0
-2.27245278302299303e+00 -3.17750206425138204e+00 0
-4.09022331910947035e+00 -4.14000316486210496e-01 0
1.20117900270624700e+00 5.18924188276735032e-01 0
-1.58508496055699699e+00 -3.59289411924663282e+00 0
3.66097064260120098e+00 -1.85519673131881091e+00 0
-1.45535569136516596e+00 1.92464979060768204e+00 0
-2.98445948439760000e+00 4.81036400433533995e+00 0
4.11182031015353378e+00 -3.63054313747644186e-01 0
7.93173071282764486e+00 1.98226735033674606e+00 0
-7.81514771514191064e+00 -8.64812368662235820e-02 0
-7.70564922559579824e+00 -3.43336302357683820e+00 0
2.29097215278633204e+00 -6.48101220068135486e+00 0
-1.66052291230149307e-01 -1.86055830645819897e+00 0
-2.39791686239365687e+00 3.98841076653466109e+00 0
-4.56677458107301815e-01 1.47617217387067390e+00 0
-1.15676064731246497e+00 6.59326472648072842e-02 0
3.64148808355899201e+00 -3.73572917125579107e-01 0
-1.14501279304499204e+00 -1.78406516269181004e+00 0
2.32109970729419013e+00 2.42125187709884582e+00 0
1.03717916476275107e+00 -1.40702760091190204e+00 0
-3.80085947550835079e-01 3.25338445300593015e+00 0
-3.30426936305443997e+00 6.82554208352888492e-01 0
1.41585398744297102e+01 -1.81285679490045992e+00 0
2.80753945241188596e+00 -2.13682524067449409e+00 0
7.86957768346823738e-01 1.13953639298590605e+01 0
-1.51353295014639211e+00 1.06693874562362101e+00 0
-2.78700810180183778e+00 3.81926472223268387e+00 0
8.26584585834535535e-02 -1.12790246882195500e+00 0
1.80720680299551195e+00 2.48757358186141708e+00 0
-1.06752900390627392e+01 -3.90733925148310801e+00 0
6.93845177524594536e+00 -3.09250573651680316e+00 0
-4.12995824278839074e-01 5.08410814130450195e+00 0
3.33625874190491212e+00 -1.75250890616897603e+00 0
6.77919879507255074e-01 -3.83215676272832084e+00 0
-5.40506915760260132e+00 2.52475282013024893e+00 0
6.92646258090743316e-01 -7.95484382024736258e-01 0
6.18991418721990483e-01 -2.25989018975061207e+00 0
-4.28163909444214619e-01 2.68373636524488113e+00 0
-1.37548051557253093e+01 3.80654844108037782e+00 0
-3.09520065147117185e+00 -7.38433179431453451e-02 0
-1.10549778040775699e+01 4.09164538735712213e+00 0
7.22502089154921867e-01 7.16513147906124459e+00 0
-1.77807388944552192e+00 2.90338298680566398e+00 0
5.12866143272778241e-01 1.32194201512897291e+00 0
5.37152472113808344e+00 1.52430720922233509e+00 0
8.52600621786336532e+00 3.57453392050149610e+00 0
2.22108218281873393e+00 7.92754821159959877e-01 0
1.84490938192360598e+00 1.80784360217696993e+00 0
2.27300987544349109e+00 5.23948507332864577e-01 0
-7.06455317423618467e+00 -2.41211591904073819e+00 0
6.42154942460289124e+00 -6.46852131906861594e+00 0
9.61683654487276107e-01 1.83244327260389905e+00 0
1.17013635834495600e+00 1.08637551535858301e+00 0
-2.64813566734872596e+00 -1.84953063622821290e+00 0
2.88776509409247195e+00 1.15738395030305696e+01 0
-1.66783374988595690e-01 4.17616183169319033e+00 0
6.49738874703862379e-01 -1.41978572873216002e+01 0
2.28050365131875310e+00 -8.24837747036753083e-02 0
8.46126350390471238e+00 -5.49746261912835177e+00 0
-3.17279529332508581e-01 1.06768064054076306e+00 0
-6.86015092619152861e-02 -1.28903605617300299e+00 0
-4.09063725352111440e+00 4.34837947489073873e+00 0
-1.73652061699147198e+00 7.38773564378163661e-01 0
-7.09967909863664559e+00 6.31782304236463599e+00 0
5.96397497339585914e-01 -1.68414236832804409e+00 0
-2.80155213491115607e+00 4.00089572536388494e-01 0
8.73735875978933096e-01 1.70649822965208098e+00 0
1.62278259412154502e+00 1.16072532494522895e+00 0
3.00662527279633984e+00 3.32141484692980882e+00 0
-7.70557603756622100e+00 3.48313836633206975e-01 0
6.43478203254839443e+00 1.27545040375041996e+01 0
-8.35875053891090936e+00 2.64433886377377680e+00 0
3.26803995447166518e+00 6.23003326399711366e+00 0
-4.40493757113711082e-01 -9.53016968928931174e-01 0
1.02797931577963597e+00 -1.08494955442065599e+00 0
-1.36977155801310091e-01 1.04524456435702806e+00 0
5.75860121206752229e-01 -8.82196606589433108e-01 0
-5.75804098583517288e+00 1.19311317806283004e+01 0
-9.14970380302887243e+00 -8.47959881028782370e+00 0
-1.12836146127606701e-01 4.65591407676464542e+00 0
5.27926082421056098e+00 -3.13244751530777421e+00 0
7.10874954162209916e-01 1.20806038880327797e+01 0
-1.56592247633443993e+00 -2.05626531973863713e-01 0
-1.29641048979972595e+00 2.57916189134264173e-01 0
-3.05321999968115598e+00 -1.06477976259737499e+01 0
1.42087635904577407e+01 1.26267503470305598e+00 0
-1.39013469898011399e+00 1.12959538079852795e+00 0
-1.42015759623308409e+01 -6.22703345993146695e-01 0
1.86987757747789796e+00 1.41642673631348703e+01 0
7.87209180214786697e-01 -1.34951458527007007e+00 0
-1.29973457278582893e+00 3.87186247833148312e-01 0
1.04602756639827206e+01 6.42392344808249582e+00 0
-1.28683591017188501e+01 1.96356460825078494e+00 0
-1.40692682124219193e+00 -4.54056624370692319e+00 0
3.55226938499527078e-01 -1.71076148868956102e+00 0
1.49905539872658505e-01 3.52997797191744178e+00 0
1.12915355673490403e+00 1.98259064697921694e+00 0
6.77128222972571425e+00 6.00942248512461585e+00 0
-2.31410781133099208e+00 9.72469304360646625e+00 0
2.37179264023275804e+00 2.03277870830262808e+00 0
-8.71510893537590903e+00 5.32680054319329077e+00 0
6.62431992802309910e-01 9.84837154918284341e+00 0
-6.14587789628895642e+00 7.66596564273739123e+00 0
-1.02145294473906789e+00 -3.99987334980533005e+00 0
5.14151369797501356e+00 1.06368910547943396e+00 0
3.27419323690552799e+00 8.45163828982247445e+00 0
1.09596248223148707e+00 -9.45337449455387446e-01 0
1.13541919303317407e+00 -6.98473386774900451e-01 0
9.31064876208455461e-01 4.82069567015973310e-01 0
6.07143005068650066e+00 9.56419813930212115e+00 0
1.48238586865165201e+00 1.25259426182817202e+00 0
-7.09991566774277771e+00 -1.72672812923686692e-01 0
-1.43571875479727007e+00 -1.80515234861667406e+00 0
-2.18642703098823998e-01 -5.31192507549724890e+00 0
-2.10256950019586020e+00 7.25184446642717417e-01 0
-1.56559730990418000e+00 -4.23422068586651967e+00 0
3.37079963826242990e+00 -1.49828816607735904e+00 0
-4.48721848406198998e+00 -3.72197818067977781e+00 0
-2.68028438067655284e+00 -1.02444886355201503e+00 0
-2.78887347457935997e+00 -8.59770271666214447e-01 0
-1.26472774173128300e+00 1.42416810669553206e-02 0
1.30547305968743999e+00 7.57837282480268604e-01 0
-6.05617645866345145e-01 -3.19138068343766701e+00 0
1.76541835404565006e+00 -1.40897095081917789e+00 0
1.83901479722895100e+00 -7.61256996735296365e+00 0
1.81604342612630099e+00 -9.38052536589652763e-02 0
9.01738670872160419e+00 -8.38543702080242248e+00 0
-1.89083260366348704e+00 3.07346185853458909e-01 0
3.18422518730368309e-01 -9.35554725631159201e+00 0
-2.18287368536633908e+00 2.16419476094081009e+00 0
1.69732748526952704e+00 3.12453813124635404e+00 0
-1.54281870005065791e+00 2.03269931826855688e+00 0
-7.61710160310732798e-01 1.12578646495821699e+00 0
-4.85343454948551078e-01 9.30534426941547643e+00 0
-3.05121121412281182e+00 -1.78706032028909800e+00 0
5.76171480262728064e+00 2.04326325240435613e+00 0
-2.30381551397026402e-01 1.09210105776653199e+00 0
-1.31058524227986304e+01 1.18719006949981698e+00 0
7.74099605166352056e+00 5.99471120806423485e+00 0
-5.49768281578638973e+00 2.02459597252509482e+00 0
4.65787734359420380e+00 -3.16564500653110814e+00 0
-1.59576271817832599e-01 -2.39259829165522397e+00 0
1.04427460248824495e+01 7.86756482429713522e+00 0
5.94574790141815870e-02 2.44063820507289719e+00 0
-2.04110104432961315e+00 2.85327906006617482e+00 0
5.48879733692940186e-01 3.15213348954247508e+00 0
-2.34492210719783190e+00 3.22399455795046119e+00 0
1.27664265896826890e+00 -6.58286889191101232e-01 0
5.40206443824522520e+00 1.91197882272831299e+00 0
-8.85523227746443276e+00 9.58204992790742693e+00 0
9.08086402103094659e-01 -6.46674389782421311e-01 0
1.19399745177950201e+00 -2.18715810078370687e+00 0
3.19428662270198682e+00 -6.18378257438731094e+00 0
4.35389251583367387e-01 -9.46036850278378361e-01 0
-1.00233523015837389e+00 -5.81286859250854770e-01 0
-6.13453814179952417e+00 -3.84981341933239518e+00 0
-3.48792642886721094e+00 -2.27402228686063301e-01 0
3.91998813997646189e-01 -2.14299950916702020e+00 0
-3.43055293346891277e-01 1.42424708233124098e+00 0
-2.82115952230255207e+00 -8.30202719777073384e+00 0
-1.13540041159092397e+00 1.62253237463377098e+00 0
-1.43576642635505691e+00 2.30417840416908914e+00 0
-1.36605736166329894e+00 3.60771665066351721e+00 0
-3.75055637222985983e+00 -8.64525605541806819e+00 0
-5.18073694047615829e-01 4.79417242714258673e+00 0
-9.91100055181887596e-01 2.35063990743795781e+00 0
-2.82514913838945292e+00 -9.46355872006497378e+00 0
-2.74045843947681722e-01 -2.05856240105861721e+00 0
1.18742282627603100e+01 -5.69814470172647614e+00 0
9.66550938450476460e-01 -1.13551453729273510e+00 0
-1.47812275585195207e+00 -9.79209604539159173e-01 0
1.19839180922340804e+00 1.59773030602733290e+00 0
3.19460688780662183e+00 -2.50712277546871709e+00 0
-1.00353562206207592e+00 3.22424825461530118e-01 0
2.91779327506050512e+00 6.52472290472916860e+00 0
4.21227808957004957e+00 -2.06587826993587509e+00 0
-1.07764726099199892e+00 1.45345653354940096e+00 0
-7.65863092805228440e+00 -1.20738120559479007e+01 0
5.42266891981478771e+00 -5.62715942278797621e-01 0
-1.21550954416877510e+00 1.78958705134665408e+00 0
5.93098908734981944e-01 1.42596342178370907e+01 0
3.12494747559759700e+00 -8.42491440097786182e+00 0
-1.40379820306318903e+00 -6.69837095461834453e-01 0
-1.08029557131404204e+01 5.11854795956840114e+00 0
3.07184142656441495e+00 -4.36303141599142563e+00 0
-2.93412920497882102e+00 -2.67729416936435616e+00 0
-1.81027361142595500e+00 -8.31133130640144380e-01 0
-7.25417852645235395e-01 -8.68067642309310106e-01 0
1.30809936132591496e+01 -5.85250811110004410e+00 0
5.00530396078480244e+00 -7.23241766625573157e-01 0
3.49547486399931495e+00 5.58779136510802399e+00 0
6.11976891946296120e-01 1.82960011463303895e+00 0
1.56667089289459693e+00 -2.79193848130417699e-01 0
1.09250119149726199e+00 -1.69191758561886108e+00 0
3.55051898970892799e+00 -1.07067569395672502e+00 0
1.97986058704002299e+00 -2.68350557823147806e+00 0
-8.42964594406867462e+00 4.63781368902943691e-01 0
-9.58594198702565237e+00 5.61241032109818416e+00 0
-3.37164414910343879e+00 1.02573893149146489e+00 0
-2.23467796456014378e+00 1.92003609944767795e+00 0
7.82963881620067159e+00 -3.75204328679857591e-01 0
9.27480806720741668e+00 8.19229585746821809e-01 0
1.25686921238212204e+01 4.54992426595177779e+00 0
5.53552823452741727e+00 4.14616637433248858e+00 0
-5.89170639412915342e+00 1.30419082442133991e+01 0
8.55359450680520883e-01 2.48252092129700985e+00 0
1.84525383199499710e-01 -6.72298269241782620e+00 0
6.71573022683586363e+00 1.35135986850909706e+00 0
-1.77896015127826090e+00 5.09286494203626039e-01 0
6.90866532334763495e+00 -3.90986493498104881e+00 0
1.29554876042054801e+00 -1.24130302588381305e+01 0
-1.02717699516739502e+00 4.20479925807050514e-01 0
2.51345640617593702e+00 2.22234060317873405e+00 0
4.62465950636946843e+00 1.25945256102719796e+01 0
1.71628197361213997e+00 1.10510086358288806e+01 0
-7.87831385213457080e-01 -1.04957674389386590e+00 0
-4.82057587056171588e+00 5.01790702162422431e+00 0
1.72170664519992389e+00 -1.68666656952476002e+00 0
-6.29127309350251296e-01 -8.30188167505873542e-01 0
7.27634874854111136e+00 -6.78023228551927559e+00 0
3.30043625411034203e+00 1.84161321305450598e+00 0
7.20096428146949386e+00 8.49883678077938631e-01 0
-5.82175451478718120e+00 -1.01649663083754804e+00 0
1.48821867961454091e+00 -8.39339399632306304e-01 0
5.75038571603120818e+00 2.44219458417176094e+00 0
4.83272479316624523e-02 1.50765437314651995e+00 0
1.33640008001064405e+01 5.26059587139871621e+00 0
-1.57518162931112898e-01 2.38361634960791013e+00 0
-1.05807263381803391e+01 3.54213448370442385e-01 0
1.28107960757375903e+01 -3.27624337897029605e+00 0
-3.29078109002568420e+00 4.74045762997542586e-01 0
-1.16728388723610399e+00 2.92447928373768118e+00 0
-3.69364515129023507e+00 -1.05401115917352204e+01 0
-5.43099058944222080e+00 -5.54982049846165393e-01 0
-9.60284121804919177e-01 7.02531802152555507e-01 0
5.64246516473561321e+00 -5.40737527708597110e+00 0
-9.56888968341503876e+00 9.18720710789970418e+00 0
4.95491029350457191e-01 1.66981613277109897e+00 0
-2.58222765405783905e+00 9.03137142228572642e+00 0
-8.87935938978034045e+00 1.33298666480323003e+00 0
-8.42371681658548699e-01 1.20729434262570603e+01 0
7.33416341351324386e-01 2.65511426672015416e+00 0
3.63898378600230721e-01 9.93293935719335552e-01 0
1.16456309946908010e+00 6.83613435127548996e+00 0
2.20675280377916483e+00 -1.30864199909604597e+01 0
1.69965680135612995e+00 9.28967139062666147e-01 0
1.64587484419696195e+00 7.89334426857788873e+00 0
7.34372735260851561e-01 -5.08587452563763165e+00 0
-8.37788167956217911e-01 9.93267008300405263e-01 0
2.54929184845751688e+00 -7.18530731316540461e+00 0
5.45651094710655982e-01 5.36636636632759778e+00 0
4.03769635526023518e-01 3.26498331377586704e+00 0
-9.11883694305428705e-01 2.48499783027037013e+00 0
-1.00479920657545900e+01 -7.03845405409179392e-01 0
-1.23962614840099903e+01 -4.81567652948970260e+00 0
7.27644503737915294e+00 -1.28843576063207510e+00 0
7.40316235482690121e+00 -9.07236762514784356e-01 0
1.81232832593392890e+00 1.29978388073402602e+01 0
3.00027870297421817e+00 2.35074250671242790e+00 0
7.18181438760074986e+00 9.27786489912859480e+00 0
3.91557701110413880e+00 5.06006978213334069e-01 0
-4.72961536042999120e-01 -1.06366598274091495e+00 0
1.05957973637661707e+00 6.48806073303813347e-01 0
-8.64869295468224664e-01 -1.22285460386830702e+00 0
5.12507507773080517e-01 -2.38126100914215799e+00 0
7.59577190934348834e-01 -1.03996470532610408e+00 0
2.85344163736321788e+00 9.38577646261008347e+00 0
-1.31047997332550903e+00 1.42776875758916511e-01 0
-1.25096845414523692e+01 6.93899655109465829e+00 0
-2.98001226803048702e+00 1.89417028189402203e+00 0
5.22440648634775184e-02 -2.31052067902576397e+00 0
4.24359090489723270e-02 1.71597170157753509e+00 0
-2.06787872075103102e-01 1.30891192160534295e+01 0
-4.38997621997825238e+00 -3.08717935272293786e+00 0
-1.95792607635952898e+00 1.14358590774288296e-01 0
1.85378364461661893e+00 1.45477730260516802e+00 0
2.61293092362899992e+00 4.52740158642748458e+00 0
2.69929198347364008e-01 2.11787258874630391e+00 0
1.10552340924989201e+00 2.46741797007054287e-01 0
-3.77657437231249604e+00 -1.24232813775839102e+01 0
9.24941721142385598e-01 1.03947575866479998e+01 0
8.95424869395503542e+00 6.57979787401340044e+00 0
-7.91921639072542316e+00 1.03602350215157402e+00 0
-3.37831692773075520e+00 1.34479693462711203e+00 0
-7.68053805142204560e-01 -2.42159011157789417e+00 0
-6.68536686105385414e-01 3.65077036789967702e+00 0
1.00686607849657399e+01 8.73531618397499443e+00 0
4.27645794585121397e+00 4.50657777526683290e-01 0
-1.37597920360367905e+01 -3.45470949991122112e+00 0
1.28638692111155706e+01 3.28167619597902016e+00 0
4.84007362252259998e+00 -6.75442987232163272e+00 0
1.02444843974766098e+01 3.98095321059316420e+00 0
-1.68116596494926007e+00 -8.18039478817248616e-03 0
-4.81661365462100699e-01 1.08806243035062700e+00 0
-1.07091583352224307e+00 1.10027819335719790e+00 0
-4.51630345007803058e+00 7.78859446912769737e+00 0
4.54100533496409486e+00 1.85327097030537491e+00 0
7.62966335207989932e+00 5.22062765267280238e+00 0
-5.65839986250970117e+00 4.23682033027113214e-01 0
-1.18875452629745704e+00 -5.83644100974113389e+00 0
-8.56838911665147585e-01 -5.95104502011021053e-01 0
-6.14101906139918885e+00 4.27346349958137672e+00 0
-1.72738653851944801e+00 2.53187599192392920e-01 0
2.75534504373226108e+00 5.38910855887189921e+00 0
8.79479035797115927e+00 3.97729279508829503e+00 0
-2.13609343020470493e-01 -1.10925817313662800e+00 0
4.64009599118500426e-01 1.00484568260171292e+00 0
-2.62424709023600000e+00 -4.22484342640311983e+00 0
-1.15700941858242600e-02 -2.00534441317475087e+00 0
-5.37065219208328060e+00 4.15035027992884142e+00 0
9.16510469189470434e-01 -1.28962788439340903e+00 0
1.10056181838560097e+01 -4.76200097586817606e+00 0
-3.38869767783831211e-01 4.31276913430410858e+00 0
-1.14575625772931700e+00 -1.52713574798460394e+00 0
-1.08012004714602905e+00 -1.64579318459929391e+00 0
5.56693417204502605e-01 2.48619395444262903e+00 0
-1.13487396184080191e+00 -2.60673795288835386e-01 0
6.66771770429830291e+00 -1.04781717879509895e+00 0
2.55955325996089611e-01 -1.13086907773339207e+00 0
-1.50483962143318895e+00 -4.73153300806173627e-02 0
-1.88817164762397294e+00 -4.21427808896822231e+00 0
1.04769557843476502e+00 3.43095693938731383e+00 0
1.23561166614398910e+00 3.51829906717905816e+00 0
3.82742130729622973e-02 1.11188560161056493e+00 0
-3.46101516857849090e+00 6.84062794267916896e+00 0
-9.89176872068705926e+00 6.82058633068711284e+00 0
7.92988335522163101e+00 -1.50259861249178295e+00 0
3.74523930269958116e-01 -1.30865362892930603e+00 0
-3.87375259022673379e+00 8.66648060801611941e-01 0
9.80262150314996639e+00 7.35957388601253903e+00 0
9.97877355402341126e-01 -3.08421810819327624e-01 0
-6.39044689259007104e+00 -1.25645017358580890e+00 0
1.65634855882563392e+00 -4.14696176881059697e-01 0
1.02429754049662698e+01 -7.54541318509399339e+00 0
6.51993543889909266e-01 1.31822773455737394e+01 0
6.26325338472473958e-01 -1.05559312808196903e+00 0
5.35272159019714344e+00 4.17453770503350807e-01 0
-2.21872459770603614e+00 1.15267914744300892e+00 0
3.67919499123734095e+00 1.19530391623321197e+00 0
4.04474348789516380e-01 1.32580058767943099e+00 0
1.00379860821742906e+00 -2.09269318316552688e+00 0
7.18173283842049370e-01 2.17173457234996414e+00 0
2.19573631441661110e+00 -1.62592544162935493e+00 0
-6.37883672222721199e+00 -9.77210324128968288e+00 0
-4.30709906705961723e-02 1.93500165662504897e+00 0
7.17044335047363468e+00 1.72025573033513401e+00 0
-4.00719809787500325e-01 2.46696390911827912e+00 0
5.24628608355225801e+00 -1.12900255535634706e+01 0
-3.41010247005913181e+00 8.34417230955035449e-02 0
2.63020394512932620e+00 -3.38426661722822297e+00 0
2.97923486085428912e+00 -1.22761983623574911e+00 0
9.53990559622377887e+00 3.33301393106672794e+00 0
1.40896464750356607e+01 2.53566639018291795e+00 0
3.10666638969513498e+00 -4.97489649437795778e-01 0
1.63585304096923490e+00 8.62359864137959564e-02 0
1.03530272369791310e+00 -4.07074054673926322e-01 0
-7.01281741135064002e-02 -1.04064552788598408e+00 0
4.33577629682358801e+00 -5.54774952529143306e+00 0
-3.14754628311063689e+00 4.08449982164245284e+00 0
2.53505418923668202e+00 -8.77196251465451327e-01 0
2.46879025274061403e+00 -1.91940956783271499e+00 0
1.83959192374832692e+00 -1.12806890584526993e+01 0
6.84616462531765002e-01 1.04409944795681797e+00 0
3.73208327170109921e+00 3.93352467961236218e+00 0
1.75945930867714512e-01 7.08437411903582959e+00 0
-5.07663324137725414e-01 9.85141651579961253e-01 0
9.44661504117395623e+00 4.83142023804150700e+00 0
5.32463599106838270e-01 9.70900619584507019e-01 0
3.51104503155290315e+00 8.97240178305425795e-01 0
-1.49148014035720400e+00 5.13923894285202243e-01 0
-1.04502673624072007e-01 1.39155147202356111e+00 0
7.09496046234716804e+00 1.00991635690344204e+01 0
-2.49271885908975088e-01 7.80710040751597756e+00 0
-3.63578313507064399e+00 6.20401401951894527e-01 0
-1.80443173431651394e-01 8.40242083646379534e+00 0
6.20711693284286992e-01 -8.57151342437708186e-01 0
-1.40658991384937004e+00 2.42511929396298109e+00 0
-4.48026248522799264e+00 4.97607051545676082e-01 0
-1.47326780666205304e+00 1.42070817764016102e+01 0
-5.55479550374953890e-01 -9.87395816497127821e-01 0
-1.41906123008120399e+00 -1.31681377909453001e+01 0
-5.89350554989818587e+00 2.89605017280401800e+00 0
1.12007357031423993e+01 4.69720888485393040e+00 0
8.34887695234571225e+00 1.01808132550188297e+01 0
1.01697484922059611e+00 3.22450029694342311e+00 0
-1.13031617138740597e+01 -8.74481093535016107e+00 0
4.18595901271254434e+00 4.11427881557403285e+00 0
-8.76911539969871812e-01 -1.49004774549955998e+00 0
-6.76975977394810080e-01 7.99600346113143234e-01 0
-1.42622782350105606e+01 1.64243092401172897e+00 0
-2.86020180841247917e+00 2.25997594130309398e+00 0
-8.46850104862543773e+00 3.03807087799248289e-02 0
-2.58288914507364398e+00 -6.57757139142064129e-01 0
-1.07398875587359899e+00 -3.26858978540332079e-01 0
-3.59956304244043401e-01 1.78627986927705407e+00 0
-7.44487084367211338e+00 -1.04869940862801698e+01 0
-4.76891637054332906e-01 -1.43042508948322000e+00 0
-5.27595526923657299e-01 -1.52238184312399794e+00 0
2.53254151856779020e-01 -1.23675668083599710e+00 0
1.55753392220474596e+00 5.85303000775989846e-01 0
-3.26223376648590380e+00 9.66188950798042967e+00 0
-3.16696627916560614e+00 5.86995660667746311e+00 0
3.59297108413136612e-02 3.14846061372252795e+00 0
-2.44241111171014591e+00 -4.54387458269473488e+00 0
3.83678534051053122e-01 -9.71553078594388331e-01 0
-4.62214062264487913e-01 -1.35323747173759195e+01 0
1.75080401924555606e+00 -4.97326424139687195e-01 0
8.86774019727475249e+00 1.01488529827570595e+00 0
-1.17410344875253294e+01 -3.96176172109787395e+00 0
1.12273966506451792e+01 -2.35801311195765306e+00 0
4.86132418227524532e+00 -1.24484178809575496e+01 0
-3.07606502138675408e-01 1.42818586111108008e+01 0
2.23478229520416205e+00 5.73366736469644511e+00 0
1.60989619250439397e+00 -1.79547261248680190e+00 0
1.92151735372413790e+00 6.92804659229986686e-01 0
-1.42199045303252403e+00 1.74939152070708803e+00 0
-6.60970756364112333e+00 7.59088125981072226e-01 0
-1.73903566530299392e+00 1.51401209518420199e+00 0
8.48456428846306787e-01 9.03372448293763175e-01 0
-2.51526572451657104e+00 6.18564002197346863e+00 0
-2.84664545289632920e-01 2.31429627630943813e+00 0
-1.55662498539194805e+00 6.60567117387154012e-01 0
-1.43120365226145907e+00 -1.99658611013922105e+00 0
7.99253943040831638e-01 1.40695029771661395e+00 0
4.00546829375602442e+00 2.38822570868479689e+00 0
9.29629306374021880e+00 3.24437456959779380e-01 0
1.15059873797437806e+00 3.11841328203830481e-01 0
-3.72107696480384709e+00 7.62807217307279561e+00 0
1.02441333130447210e+00 4.66020432674384699e-01 0
-6.04138512365373614e+00 -4.43139456777830121e-01 0
7.09706167838569990e-01 -1.15067695571224693e+00 0
8.84012580410353976e+00 -1.00201204202262808e+01 0
-1.76165224020543798e+00 2.62502585063510896e+00 0
-2.09122495055758817e+00 -4.53859804576228143e+00 0
-7.29141712026841660e+00 4.96352404507277578e-01 0
1.48156148141718291e+00 2.54785482159268684e+00 0
-3.70967778745984589e+00 1.62045355275184999e+00 0
1.35384595591405299e+00 -4.74980890952196777e+00 0
6.19399061461360656e+00 1.21018477605543797e+01 0
-8.35912099251793439e-01 -7.70194418115079160e-01 0
-1.64340982874603392e+00 7.03409573025834689e+00 0
-5.41848344835403783e-01 2.41205878392979001e+00 0
5.13731586312740340e+00 1.31366955159717103e+00 0
3.56464788115965403e+00 1.26248576897961104e+01 0
2.95692524615030816e-01 -1.77988231932730101e+00 0
-9.33491568710554720e-01 -4.58998971303307890e+00 0
1.42610189435856105e+00 -1.39742648507436495e+00 0
4.73877632022249173e+00 6.78898746303866041e+00 0
-3.71426961271186196e+00 1.27553512800860092e+00 0
-1.19204192695014299e+00 3.14178234513901589e-01 0
1.06645140075995393e+00 3.88611181704506503e+00 0
-6.15593135701229421e-01 5.29144649918375265e+00 0
-2.84312842045511394e+00 1.74757163819988209e-01 0
-2.22212836378599699e+00 -8.36619369016631964e+00 0
2.21544934707949093e+00 -2.97032400679927588e-01 0
1.13047823341948508e+01 3.20688790905490784e+00 0
-3.78181813026180813e-01 -1.83673402593282598e+00 0
-2.25704030591550397e+00 -1.76438380972746800e+00 0
-4.96553911905529421e+00 3.79749003350399406e-01 0
-4.27013267598108814e-01 1.33258411760826201e+00 0
8.54322165476257611e-01 7.00836418175527109e-01 0
2.00425321580294380e+00 -9.33009130083994775e-01 0
6.10526214942984535e-01 2.28474320765502892e+00 0
3.87917901025771616e+00 1.13120864871830595e+00 0
1.35694791074398791e+00 -6.99051765897233612e-01 0
7.05971396347363900e+00 -1.15152998361513497e+01 0
2.57847205793660494e+00 -3.82328432769792004e+00 0
-2.64387093520630412e+00 -3.34062300946119306e+00 0
1.14494054782124408e+01 3.61987712052192878e-01 0
-9.11424951096683955e+00 3.94708594772856802e+00 0
8.45590946044391600e+00 4.42000725195763389e-01 0
2.18392460636852581e+00 8.33188032965390590e+00 0
9.20410205287631911e+00 9.64369324826425611e+00 0
-3.62929318272354218e+00 4.11463002183643223e+00 0
2.95046322577131104e+00 -2.87885709233297105e+00 0
-2.32115137859959519e+00 2.39821291907188794e+00 0
1.75035377401030190e+00 2.65093543708735702e+00 0
6.34408613819971201e+00 -4.23333263492357781e-01 0
1.17040145463201295e+00 -7.92688512329270090e+00 0
-1.60844397052618904e+00 -8.79937753420547142e-01 0
3.18632789233556712e+00 -1.40074110030432806e+01 0
4.51033393063725718e+00 -1.35495687223376606e+01 0
-7.10728368655161002e+00 -1.00838039801406909e+00 0
5.09638091208966637e-01 1.86407235201817989e+00 0
-1.85650817237665611e+00 -2.73588912869924084e+00 0
9.02420779829049224e-01 6.33255856863239708e-01 0
6.48760805735645540e+00 1.93649630283052909e+00 0
-8.19411212243576159e+00 1.32471336573188392e+00 0
-3.36120125956745985e+00 1.93419007912182006e+00 0
8.17001833666350818e-01 -1.18776184931350604e+00 0
1.58227528448440502e+00 1.78460338213857495e+00 0
-1.94844100529587094e+00 1.48544508081953208e+00 0
-1.18740907801050399e+00 1.35024985812052800e+00 0
-1.20939281355227690e+00 8.94127292922053729e-01 0
1.05266900552966991e+00 -1.25081565000441497e+00 0
-2.79649465783430218e+00 1.59646909264191206e+00 0
2.70327046014499395e+00 -1.37972825869199700e+00 0
-3.15760485778755595e-01 -6.13294322077372289e+00 0
-9.37969730622974507e-01 -4.69016601702332503e-01 0
6.25763704752630634e+00 -2.20037178899309804e+00 0
4.56331785570743964e+00 1.36959412381243109e+01 0
4.10248920343832602e+00 7.39595479192547511e+00 0
-1.09486446185206510e+00 1.64451928499077887e-01 0
-6.10506780782006042e-01 1.75199466679848403e+00 0
6.98566840754287277e+00 -1.99340136774315901e+00 0
1.05655828235312410e+00 7.26812909993053813e-01 0
7.78418201000306631e+00 -7.80381942835926878e-01 0
8.17280201762208414e+00 1.17763591183046596e+01 0
1.21219834025298590e+00 -3.77056297606689306e+00 0
4.87166031473821892e+00 -8.64093881526422436e+00 0
-7.30610170357154254e-01 7.50702224036030930e-01 0
-4.70919722985719380e-01 1.27633503159313610e+00 0
-2.80680216316747799e+00 3.03989373402586605e+00 0
9.56861993093477831e-02 1.30495219190193801e+00 0
-7.72665320495108165e+00 -2.67661216541342517e+00 0
-9.01832647942109933e-01 4.93395540928323939e+00 0
-5.30472388523415539e+00 9.25088948772440745e+00 0
4.55113433012682700e-01 -1.57849130747321609e+00 0
-2.66565921452536791e+00 1.35644422511858909e+00 0
9.09122194943504702e+00 1.09716460977370200e+01 0
7.04309265936783113e-01 1.57682294755957408e+00 0
3.61606548357608615e+00 6.34728512321416805e+00 0
1.23602898814726991e+01 -2.03044281794188519e+00 0
-6.70209425405383641e+00 4.27318990409591759e+00 0
-7.84222072124835190e+00 -6.50220202122300694e+00 0
4.59535834854471581e+00 -1.05655798714930604e+01 0
3.05557323528857394e-01 -9.97907723103534261e-01 0
9.95395757125159086e+00 2.34279878874038205e+00 0
1.95704680737052805e+00 1.89945770989657192e+00 0
1.08667635067424095e+00 9.33342953409462939e-01 0
1.50989263764831994e+00 1.33873213725111406e+00 0
-1.31234839895629793e+01 -5.75584039329590436e+00 0
1.32539976995266207e+00 -8.02571741258813809e-01 0
-7.43776393595532959e+00 -7.46587088739338101e-01 0
1.41315812053476608e+00 4.51369074199604370e+00 0
3.85549298116525496e-01 1.25850739960895397e+00 0
-8.18082106356453842e-01 -2.84559122422119692e+00 0
-6.64277818170680767e-01 8.59531907671517814e+00 0
5.83833172894993879e+00 7.90584846751871573e-01 0
-4.09031121200608361e+00 -4.30483895190063492e+00 0
1.73302527012756902e+00 -3.42041716807590171e-02 0
-6.31383268851959722e-01 -1.89526533602605496e+00 0
4.19095574071980170e+00 -2.52492930367760993e+00 0
9.82625822868021714e+00 -1.05509757576357703e+01 0
1.10002350981146293e+01 9.06146217471494531e+00 0
-3.12539184420624405e+00 1.04795492778948995e+00 0
-8.89635621467687709e-01 1.28732873677832105e+00 0
1.57082241583495907e+00 7.21882346805277386e+00 0
-2.10726835587660988e+00 8.02584088355631664e+00 0
-4.99012333819140164e+00 -5.87897307558225091e+00 0
-7.92801157497124764e-01 1.18918375311874902e+00 0
-6.40855524595996418e+00 1.05702993533266891e+01 0
1.84226472095568705e+00 -6.74698389300823931e-01 0
-1.93868349615214597e-01 -1.22196557549767504e+00 0
-4.32510325411239815e+00 1.22791761221565210e+00 0
-1.15942983529113497e+00 5.10419800709848229e-03 0
1.42594580648618607e+00 7.58292891833504679e-01 0
1.58186001126735587e-01 -1.70248591908874092e+00 0
-5.71259974173853768e-01 -8.84979417816234815e+00 0
1.20233048003875109e+00 2.08841669338051616e+00 0
-1.94474179573744799e+00 1.63027867729697507e+00 0
-2.59679304265641520e+00 2.70704458980226592e+00 0
4.53225984590231956e+00 9.14114554315529837e+00 0
-8.17488833284331751e-01 1.68750515443331395e+00 0
-2.48623785037315681e+00 -3.86513595441149915e+00 0
-3.76019583240730082e+00 -3.01845178794882996e+00 0
-7.64979669020406394e+00 -5.15292753196753761e+00 0
-5.48192725296358230e+00 -1.56210758561523000e+00 0
9.42441106527971195e-01 2.06745973799038119e+00 0
8.92908679541707428e+00 8.59182453087607811e+00 0
2.30613834317278998e+00 1.36647135549189003e-01 0
-3.07285234106769201e+00 2.60178593603721220e+00 0
2.25520349484920191e+00 -5.63989759508781274e-01 0
6.11217828288680298e+00 3.51538175912732509e+00 0
-3.25758606698528785e+00 6.22478102350692541e+00 0
-6.00846909348691338e-01 2.87979530357802682e+00 0
-3.21745752994861389e+00 7.18266576529979606e+00 0
-1.42619086066588796e+00 -8.15513798977839710e-01 0
6.15436733104386402e+00 -6.92970950089044990e+00 0
8.64163820578990638e+00 3.15081495807151502e+00 0
2.32344018637619998e+00 -2.23361792031135797e+00 0
-3.81056811598840595e+00 -1.38643602953805996e+01 0
-1.01332036785996298e+01 1.00978475065465396e+01 0
-1.34686008513443189e+00 8.26795446300815140e-01 0
-1.01302332420193708e+00 3.23765063488896310e+00 0
-7.98357592874927025e-01 -3.50587696745418809e+00 0
-7.07736667286699928e-01 1.86950543452964602e+00 0
-1.19968682269688802e+01 4.84306945685785362e+00 0
-6.30842765307403308e+00 1.92970744503193803e+00 0
-4.57164737226572626e+00 -1.17109520980884696e+01 0
5.26040090011476558e+00 8.48646496075514101e+00 0
1.57954789650663097e+00 5.84680421515024396e+00 0
-1.35576503187894004e+00 -3.06238240018700314e-01 0
5.42237972366144305e+00 -4.72042914272570879e+00 0
-2.50276320812634978e+00 -1.33508878054372992e+00 0
-3.05142973476554102e+00 -9.45221066333590820e-01 0
8.88578723723686537e+00 1.24670085964659699e-01 0
9.99224062135180557e-01 3.14780214325523777e-01 0
-2.60315264694234783e+00 -4.83815144221534066e+00 0
3.36048712588691201e+00 -2.98458011260365597e+00 0
4.39023582649608635e+00 3.19981232515997194e+00 0
-1.67113842522859302e+00 -9.84279377945784656e-02 0
4.19841164343322770e+00 5.63080604100194204e+00 0
9.93247600762535265e-01 -3.06738275476121114e+00 0
2.36179969157262004e+00 -5.20607482393638943e+00 0
1.09978720827637511e+00 -2.34496499471117081e+00 0
3.72374965895432120e-01 -1.13280212123213309e+00 0
-1.56585431154953203e+00 -3.14211685547040709e+00 0
-9.02389913112281450e-01 -8.64983283674976566e-01 0
2.28818001967503504e+00 -3.89963928794542580e+00 0
1.27355011887835690e+00 8.76341978541749000e+00 0
-7.21927459574834174e-01 8.44226266127979352e-01 0
1.24323866778586800e+00 1.04099131232065489e+00 0
1.36921445071183605e+01 -3.96135296321808905e+00 0
9.52890075243554402e-01 -7.45600703329262982e-01 0
4.32774087515541195e-01 3.79816514015718498e+00 0
9.75018292128383424e-01 3.83755436623462287e-01 0
-1.10410437665440608e+00 8.27926296963621966e-02 0
-1.28593504868055791e-01 1.11291729870465894e+00 0
1.94863022928054996e+00 3.23603139632252013e-01 0
2.73860550345486997e+00 9.86747042340044267e+00 0
3.58282629090254190e+00 -8.30643913349300433e-01 0
1.27336321395484209e+00 -9.44148435278367670e-01 0
-3.49128922423228616e+00 -7.76817363377889336e+00 0
-5.93557732399149085e+00 -8.84616341410280782e+00 0
6.04283625977421668e+00 8.01727024638368668e+00 0
6.15021654172524190e+00 7.41588722654328958e+00 0
3.14583022894479214e+00 -3.88180134132843779e+00 0
2.93909835489985616e+00 3.55864523147898915e+00 0
-1.42732905159124207e-01 -4.13950972410475337e+00 0
1.10679469576708094e-02 3.30651636197884802e+00 0
1.18955543311432397e+01 3.45238067171205198e+00 0
1.21341844605447591e+00 -1.01301042814891296e+00 0
-4.23707550019073620e-01 -2.34394292652045921e+00 0
2.33632777692603399e+00 8.87412883756465098e-01 0
7.36149250282258105e+00 -1.94880572291115994e+00 0
1.48036901012260302e+00 -1.13513869735417905e+00 0
6.94258009881090121e+00 7.49566789958696678e+00 0
-1.28655145901841195e+00 -9.18060772654744639e+00 0
6.40801063449251473e-01 1.11685247863828407e+00 0
-6.18603713758057694e+00 2.20952658648847722e+00 0
-5.61153264583061340e+00 8.31120940873644543e+00 0
5.06376636929308699e+00 2.00101148232576609e+00 0
-7.44703270276107610e+00 -3.01876784927663011e-01 0
2.48151806869907299e+00 -1.18097482785225694e+00 0
-2.31872772602314592e-01 1.70132282068564500e+00 0
-2.35044055568804211e+00 -2.08237094987008309e+00 0
-2.95484414532882411e+00 -4.24622153590881002e+00 0
5.95168099785429949e-01 1.69913214070853402e+00 0
-7.18063575384977515e+00 7.02053763175877510e+00 0
3.49788044846115120e+00 1.48835747853272893e+00 0
1.70083301211261095e+00 2.63982480974110978e-01 0
-4.14330820669980682e+00 1.36194274362411605e+01 0
5.98636429987147167e-01 -9.43441281050485192e-01 0
-2.41578822795075587e-01 1.21293374834918204e+01 0
-1.59534149368368205e+00 5.30241446364085323e-02 0
2.76480562115895490e+00 -5.27041007757656121e+00 0
1.81567375014676102e+00 -4.98293893173861235e+00 0
3.12703938644657620e-01 1.85584333313521110e+00 0
2.38231337409756483e+00 -2.66365554765151202e+00 0
-9.78571897923274481e-01 -6.34347884365399795e-01 0
1.17192120207860806e+00 9.34963313178072464e-01 0
-1.12731439622716298e-01 1.65158489518431395e+00 0
2.19741562843004878e+00 1.77201286644090206e+00 0
5.86358244395216577e+00 5.90009227642604106e+00 0
-3.29404885209396392e+00 -6.19747801927009401e-01 0
1.29145310382004896e+00 2.35365689678611290e+00 0
-1.55850721535124692e+00 7.56787844754905126e-01 0
1.15900757568939294e+01 -2.92633422286053779e+00 0
-4.42858220816940207e-01 2.05621799056755217e+00 0
-8.27354815246977848e-01 -6.38224560036687039e-01 0
6.71303918118050991e+00 -1.70288317630979691e+00 0
-2.79304753703497521e+00 5.14418834681652992e+00 0
3.04647664692342224e-01 1.24457151523672893e+00 0
2.01067248198620696e+00 -1.38921425872910898e+00 0
-7.69066641066351697e-01 1.32806148125187207e+00 0
-3.61520638555571505e+00 3.78998861634494988e+00 0
-1.45166477296082008e+00 -5.54219534246946921e+00 0
-4.64629451592831699e-01 -1.76963986164368592e+00 0
-3.98310346966431084e+00 2.64009349620306688e+00 0
5.94060447430833616e+00 -1.18484858447067705e+01 0
8.32771299991643899e-01 3.11408550304080922e+00 0
1.02935852758665791e+00 1.65563975418731302e-01 0
-1.13170172091550403e+00 7.69882288869243037e-01 0
1.19793499586936991e+00 -8.16936693634559674e-01 0
2.29010564143992079e+00 -8.54262907702217689e+00 0
1.92413858683726602e+00 7.19809739133967685e+00 0
1.86787627927121092e+00 4.39766476603981271e+00 0
-7.22694528490153809e-01 9.96204991269671436e-01 0
1.21904259689403194e+00 3.75535221325184077e-01 0
-1.29086916546920594e+00 -6.23475409578574791e+00 0
1.20141158629911793e+01 -4.88805069676569737e+00 0
-1.19664122309348198e+01 1.71064814108054808e+00 0
8.84456348130798431e-01 -3.98988493240961084e+00 0
-6.26843815141860361e+00 6.86710097223950822e+00 0
-1.18099128620238307e+01 -5.64818094672093007e+00 0
-4.94294029364128973e-01 2.98246742764191497e+00 0
7.89205133866477393e+00 2.85434832164273589e+00 0
-6.25674899077562907e-01 2.22152656730605580e+00 0
1.35346942609112109e+00 -9.42959250722939374e-02 0
-4.54976384363158726e+00 2.68396563071837624e-01 0
-5.59139975605656492e+00 4.93813801454202483e+00 0
6.03840685238701130e-02 -1.01525894956743699e+01 0
4.60447884609864921e+00 -3.78346219700635800e+00 0
4.53300993375178241e+00 4.87148726424180989e+00 0
1.98096408119889089e+00 -3.68374574749171213e+00 0
-1.06830112498574703e+00 3.27340727979194890e-01 0
1.38310318521036590e+00 3.37855820580238797e+00 0
-1.73620102911683105e+00 1.64375435466897502e+00 0
9.21995175576314452e+00 -5.07262544495832568e+00 0
7.03807231408779543e+00 -8.11861728443720843e+00 0
-9.66994025779294830e-01 1.26752551678636904e+00 0
1.85001818636032406e-01 7.68152871640780077e+00 0
-1.29282901524491289e+00 5.05659526469668719e-01 0
-1.72860174817818191e+00 3.57547079822347680e+00 0
-4.93480884192749070e+00 2.12118416088880890e+00 0
-2.60541389722328720e+00 -1.40360592692002299e+01 0
-1.27326281982846190e+00 -9.68471579606786648e-01 0
2.03341885145745094e+00 3.33508208353127689e+00 0
-9.63904684007524359e+00 1.49357515887765802e+00 0
7.81158069296729085e+00 3.26237323442708504e+00 0
-1.93116011666731402e+00 -3.67070639913487007e+00 0
-3.77082868989707221e-01 -1.60881773249951898e+00 0
-1.04079554148631503e+00 -4.70331918533508420e-01 0
8.05047853775244704e+00 -7.44227929229081475e+00 0
3.94962630133873782e-01 2.11991785631323681e+00 0
1.04190997367980409e+00 2.40922653432416478e+00 0
-3.59682110295920499e+00 2.88132759074153810e+00 0
-7.16017784108205602e-01 -7.66933922966348325e-01 0
1.04217699165375510e+00 -6.05132034051052425e+00 0
-3.42179140045506092e-01 9.77930245992919445e-01 0
-3.81288385658641893e+00 -1.13780780812754001e+00 0
-1.60006713607754691e+00 -6.89852350178051132e+00 0
9.28306173436247661e-01 -1.66332817939197208e+00 0
-3.13320399634902033e-02 9.33281601824191398e+00 0
1.30780691637863411e+00 2.81289406513331519e+00 0
8.52375991940965250e-01 9.66829959612550693e-01 0
2.99151670740456499e+00 -7.89009666364486217e-01 0
-1.36116905387265508e+00 -1.89135709871757901e-01 0
7.17181587136177789e+00 -3.19787052174568376e-01 0
-5.91046537540123040e-01 -1.33062889342362101e+00 0
3.50826324798357003e+00 -2.27391131738956798e+00 0
-1.25204389127829003e+01 -1.23699492977063803e-03 0
1.08645236830068903e+01 3.74530352725457716e+00 0
7.65127706228061144e-01 8.90678713360638419e-01 0
4.77208987725721201e+00 -8.77004591802999611e-01 0
-1.11062980329936489e+00 -9.01165095835259722e-01 0
-8.42533605443634315e-01 7.40825347325055672e-01 0
-6.48622264871934018e+00 5.68377064762483197e+00 0
-3.45040252066255382e-01 -9.84482188741580777e-01 0
-4.01410812505398507e-01 1.12403630645673092e+00 0
2.52986069856695783e+00 1.48693374915693810e+00 0
-1.03915006538160792e+00 -7.56776181092846528e-02 0
1.36502375010138399e+00 -9.53367290972844450e-01 0
1.08551843468984295e+01 -6.24027926399382693e+00 0
-1.53576836878897094e+00 -5.21864754801328767e-01 0
6.00798354929521161e-01 8.95654844981407905e+00 0
3.73198887273033297e-01 1.05223685221897600e+00 0
-1.02824435376224499e+00 -1.57234454311526189e-01 0
1.32504128112474806e+01 -4.61244637499525711e-01 0
2.40111874816814286e+00 -1.08880161323897398e-01 0
-4.16677432080990862e+00 6.16981057244395781e-01 0
1.05287069814934697e+00 1.47269305571375209e+00 0
-7.25955769840164522e-01 -1.61791587625756694e+00 0
1.02557433312519795e+01 -1.01133124316940903e+00 0
5.12862485900543419e+00 1.22452776026439096e+01 0
2.23531423646852101e+00 1.08081910410368600e+01 0
-3.85779596705132910e+00 1.23384135281874006e+01 0
-4.16164090750816396e+00 -1.78917942525848006e+00 0
5.27751832452641234e-01 -1.32918362381847510e+00 0
-2.39075480013156794e+00 1.72519834077869305e+00 0
1.39627759981364497e+00 5.40521296621812919e+00 0
4.71358215835224914e-01 1.96199328379019211e+00 0
4.00859888703721623e+00 1.50753631362662799e+00 0
6.49771908214934157e+00 5.80721227518719574e-01 0
-4.46173453213258764e+00 -1.73573349964595303e+00 0
-9.46370549750998880e-01 -2.47409942405534888e+00 0
-7.75570165767746955e-01 8.19886705256461457e-01 0
-1.05684505314733101e+01 -1.34654659859748693e+00 0
1.02669342966060606e+00 -5.06034485512394161e-01 0
6.97419311630395944e-01 7.72024464667360966e-01 0
-2.70911800465670183e+00 2.15445102714076198e+00 0
-1.77128783530012202e+00 -7.07629966293204848e-01 0
3.43442734185401699e+00 -9.37022314920050547e+00 0
8.71657235962232058e+00 -2.43677018521514022e+00 0
2.67743730671244107e+00 -9.00193758797142807e-01 0
1.17943102583520698e+00 1.66593365741893512e-01 0
1.29915297477554792e+00 2.53550362102534610e+00 0
2.36315343121114596e+00 -3.05355430769582981e+00 0
-6.51168348053851442e+00 -8.53626509113978749e+00 0
6.48948757024068357e+00 -8.84861222086147414e+00 0
2.60569911562452106e+00 1.41773371724686807e+01 0
2.47501107076318405e+00 1.88735717289626193e+00 0
6.34933683688534201e-01 8.24187373955110436e-01 0
-3.95138843424511199e+00 1.25833333062781993e+00 0
4.71629989758918011e+00 8.35378442792053733e+00 0
-2.79935510610064886e-01 1.18541383024257008e+00 0
1.80913637472391997e+00 -8.73467103787446075e-01 0
-2.48483222712405682e+00 -1.51803219263300004e+00 0
-7.97698842974667688e+00 2.83565213692985685e+00 0
1.41327279831943997e+00 1.59473689933411800e+00 0
3.38289307586085197e+00 -5.37194380225333123e+00 0
-3.29832672010359884e+00 -6.01799594309148933e+00 0
8.12866788585036915e-01 7.96442239163402510e-01 0
-8.01017860882633670e+00 6.22865913687144279e-01 0
-5.98953921421396718e+00 3.60443339984058797e+00 0
4.03532703695423489e+00 6.97637969411632142e+00 0
-7.41128486709427436e-01 2.29714696798068196e+00 0
-1.90621790003087299e+00 -4.97799458614505941e+00 0
-3.11200396445736216e-01 -1.12612412691913311e+00 0
2.49077264459736503e+00 1.19505408301881300e+00 0
-1.74467569470503903e+00 -1.87845148806177109e+00 0
-1.30051856524119192e+01 -2.19084065060780286e+00 0
-8.75821209287205349e+00 7.49207820378035816e+00 0
2.05352657745609096e-01 9.78415803944973028e+00 0
2.16516471907481511e+00 -4.14517722413738188e+00 0
-7.77138510509877922e-01 -4.84548948782109878e+00 0
2.03707135808940709e+00 1.34511711478028206e+00 0
-6.16915242825489862e+00 1.31195632045695909e+00 0
7.22729850017710729e-01 3.43818387343494791e+00 0
-8.58028510331850391e+00 6.09788870526861704e+00 0
1.73045726705599590e+00 6.05694323568044202e-01 0
1.87400786972692801e+00 -4.20193220652960520e+00 0
-3.74899510614392106e+00 -2.45090466170568888e+00 0
-3.01686594658764395e+00 3.83377995960898721e+00 0
5.15777089690384027e+00 -2.62917182617624201e+00 0
2.44151332995147596e+00 -2.35758927542449293e+00 0
6.31160846840376966e+00 -1.07571775680577506e+01 0
3.95841788226268587e+00 -2.46159092641501998e+00 0
6.56794290109014156e+00 -8.34473548486020178e+00 0
-9.57130583482776665e+00 -4.07185606147251900e+00 0
-1.70568793490053094e+00 1.87856548293783199e+00 0
-2.94129396468274518e+00 -2.19486771074622800e+00 0
2.17900276883001887e+00 -7.12320285559721977e+00 0
-1.45916452417919196e+00 3.39846481849665993e+00 0
4.34153266904195156e+00 -9.14551909276790731e+00 0
-4.19369389791614644e+00 -3.43574829204328314e+00 0
-9.23266847887575515e-01 -7.45974094433949908e-01 0
-1.36032289293740205e+00 8.05766499525411106e+00 0
-1.16433560539345504e+00 -6.83205578445509443e-01 0
-1.25507356423567096e+00 -6.99004174025106284e-02 0
1.27291984805145209e+00 -2.76576369078370421e+00 0
2.63937283482494900e+00 -6.44882778832152859e+00 0
4.05481532177140203e+00 8.43641783402079182e-01 0
-2.10982024197918205e+00 1.82607921638495707e+00 0
-4.83033333748916716e-01 -1.10276157750678507e+01 0
1.41672585214139302e+00 -2.62547155018360678e+00 0
-3.29662411997927185e+00 -2.37864766854484122e+00 0
-1.88288671893610093e+00 1.10594973922915996e+00 0
-1.82505606193920000e+00 6.35576378165098443e+00 0
3.10031875089497388e+00 3.76433269371481583e+00 0
-3.89820125224858804e+00 4.10293261073217508e-01 0
8.51180829175532416e+00 -9.66254188415477056e-01 0
9.16106011689133748e-01 -8.41208049835630800e-01 0
-8.64305722231051909e+00 -7.61674669502514856e+00 0
1.11323083620744195e-01 1.19803377825657797e+00 0
-3.39600342209289918e+00 -1.17250435628863396e+01 0
-2.97221825423800778e+00 -4.86658119146987289e+00 0
-2.26988712514737800e+00 -5.56686197056855070e-01 0
1.56412274272941509e+00 1.88383130962937406e-01 0
2.08426882845353001e+00 6.02125417150480735e-01 0
-1.04530916543986097e+00 -1.19362380181491701e+00 0
2.05530745125918379e+00 4.94657090478341033e+00 0
-1.23875688391015402e+01 -7.17129084982958442e+00 0
4.70683464593371337e+00 2.85030304968935910e+00 0
-4.80256531750898663e+00 3.20460999367114718e+00 0
2.01254523499488608e-01 1.25051042776225296e+00 0
-1.45162409554231497e+00 -2.89445264016424408e+00 0
2.08145691648261888e+00 9.14606215466763217e+00 0
1.94966940718912102e-01 2.27991102267367785e+00 0
3.92603822907971400e+00 1.97075109703926499e+00 0
-6.21467297864365076e+00 6.76884234728727052e-01 0
6.12223830416837811e-01 1.22352683343622193e+00 0
2.23390958044964494e+00 -1.27237593129901305e+00 0
1.09029999170082004e+01 1.89557799921686598e+00 0
1.53842406336828691e-01 1.02621697495517994e+00 0
5.77183679161709984e-01 -1.12424165711214608e+00 0
4.05512046208298216e+00 1.27772285482635395e+00 0
-1.12587893427816610e+00 -1.10587275122736406e+00 0
-5.31676629691682034e+00 1.08466328782609498e+01 0
-1.05210403023785393e+01 8.45335438647734350e+00 0
5.07855385148279104e-01 -9.06940479277124623e-01 0
-1.13207840868503307e+00 9.93971774282733755e-01 0
1.10676335746832297e+01 -5.37457357003594871e-01 0
7.27206198748351706e+00 3.75047469873629291e+00 0
6.37392549401445141e+00 -7.36955063827326118e+00 0
1.26245972357649405e+00 3.71744444871610913e+00 0
5.68072918122149684e+00 1.31746392177146205e+01 0
3.28804085942650604e+00 2.96944178475243881e+00 0
7.22782699597532274e-01 -1.45489665762389397e+00 0
1.56173979895505699e+00 -4.91370751322367794e-01 0
-2.31215949139322807e-01 2.01860360669863992e+00 0
1.55361594697523109e+00 6.83897985465140801e-01 0
1.80421018067463801e+00 -3.08468481215129875e-01 0
9.19003549289683974e+00 -4.26851066066690610e+00 0
1.37291773724896404e+00 1.73293640400820492e+00 0
1.78316619385161901e+00 3.69704353363926508e+00 0
5.53283222645715878e+00 8.08320387801749796e+00 0
2.33369796760204506e+00 -4.83848582660617321e+00 0
-2.04906598880384117e+00 -1.77554889798051496e+00 0
7.78170950054661059e+00 -9.48492999596973085e+00 0
-1.10714441386125895e+01 -5.42513798531213287e-01 0
-5.70601794293313258e+00 2.62302499211491780e+00 0
2.41012060000689710e+00 -1.76633714356597404e+00 0
2.52692477334434384e+00 -1.63363014355696690e+00 0
-3.07483407324158620e+00 -3.16438640355831691e+00 0
-1.53241036541060693e+00 2.23964333039221808e-01 0
2.17458968477145492e-01 -7.11577300978596661e+00 0
-7.84717569909915635e+00 4.93435527816415664e+00 0
2.02250446158460084e+00 4.91447003086642520e-01 0
-3.44377293795070816e-01 1.28322518237400507e+00 0
-9.18907905863196461e+00 -9.79452970307911386e+00 0
-3.47739120432855620e+00 -1.51785764382107091e+00 0
-1.17431860088868190e+00 3.86658235654376126e-01 0
5.99285792725609889e-01 1.31230220447410595e+00 0
2.65008021103061608e+00 -5.16757008159579034e-02 0
-1.11405866316080697e+01 -6.66556100577205335e+00 0
8.83390068901704906e-01 5.47964388322271900e-01 0
-4.25191540768340204e-01 9.45458569636668300e-01 0
5.60698693794523972e+00 -8.60572412367087480e+00 0
1.44109504146288692e+00 1.04798957390103098e+00 0
4.23884437541704262e+00 -3.40383055703595705e+00 0
6.46138081151296562e-01 1.43856319572151592e+00 0
-1.63610172622514205e+00 6.28697735025121940e-01 0
8.12045591363722608e+00 6.73169272190876544e+00 0
-3.96065825342509087e-02 1.47911666888935800e+00 0
-6.02315559674953516e+00 3.69600617316699076e-01 0
-7.92522251028951019e-01 9.21627409226529304e-01 0
-2.96405294000023911e+00 1.14433616112514809e+01 0
-2.19519541397854301e+00 -2.47145381153663379e+00 0
-6.40832591129726392e+00 -1.19059608785006397e+01 0
7.48155701336464496e+00 -2.57632257368790718e+00 0
7.61110324950651940e+00 -2.23594603909093603e+00 0
1.96949742073876499e+00 -5.51202619858520149e-01 0
6.85935078324406344e+00 3.59252660509854982e+00 0
-6.24642778992400727e-01 -5.89189072337464381e+00 0
6.07130719508615982e-02 -2.85850629717942084e+00 0
2.31583117973907715e+00 -4.38268634776265387e+00 0
-7.28539151318742384e+00 1.05261642601690202e+01 0
7.71398145261617163e+00 -2.86684180950863299e+00 0
4.43192893702098889e+00 -1.33164751621981603e+00 0
-1.68075491563919299e+00 1.06202300228164392e+00 0
9.05452884715340245e-01 1.08210405512321195e+00 0
1.78954678356261199e+00 1.07305190885683399e+00 0
1.41694800822543199e+00 6.31030829274352612e-01 0
-2.26460534737398606e-01 -1.43932402868047005e+00 0
-4.52481487847746333e+00 -8.53010817022711976e+00 0
-6.67805948134326410e+00 -1.25299520533775599e+01 0
2.05403836005496387e+00 -6.73443855267866542e+00 0
-1.16246848442503006e-01 1.02143394596999695e+01 0
8.47371321801122956e-01 1.91186873997850904e+00 0
-1.25329034994488797e+00 8.09715129999120320e-01 0
-7.31682472500625192e+00 4.99712093175518657e+00 0
3.74807688246731585e+00 -3.26019637686998509e+00 0
-1.89574024244178307e+00 8.85362120183789969e+00 0
-8.15539748574720669e+00 -7.10220337446862859e-01 0
1.21205080234772611e+00 2.50722342105966778e-01 0
3.21294056009840912e+00 3.22117186160049096e+00 0
2.64788030379523898e+00 -5.83827866218757219e+00 0
8.82918460343797307e+00 -1.28956019218345808e+00 0
-5.01240418635639506e-01 -1.20772767693728289e+00 0
5.84230739619382966e+00 -4.18557105759060288e+00 0
6.82881484639694558e-01 8.96881927345900221e-01 0
-2.78950679721709704e+00 1.10784644995840398e+00 0
-1.14566353178013394e+01 -1.61779292549253895e+00 0
-5.23917738515275566e-01 3.13919459090548392e+00 0
2.99601139818487017e-01 2.51336844890781697e+00 0
-4.20383649755673439e+00 5.85625134218711718e+00 0
6.39126092847579397e+00 -3.95291545659306598e+00 0
1.96747312265157803e+00 1.03684293854414000e+00 0
1.23897698422674694e+01 -3.89458548228282320e+00 0
8.54886479021462753e-01 -9.30993023428792754e-01 0
-4.05250633932595505e+00 -2.07418006513758613e+00 0
8.07813012887136495e+00 -1.07607530217928704e+00 0
-2.51983220469025282e+00 -2.83111897266555212e+00 0
7.00124218871135406e-02 2.04100528418765714e+00 0
-1.43034028176350603e+00 3.81004297152849691e+00 0
-7.44881252556067697e+00 1.53252639196103790e+00 0
-2.46960765860941711e+00 3.06284528541457102e-01 0
-3.83351352902255904e+00 -6.84203870251150992e+00 0
-2.30035760739048500e+00 -1.57783167646158096e+00 0
1.12403399922310299e+00 1.32823859921650489e+00 0
-4.53085317525397491e-01 -1.00326338517139702e+00 0
1.08388921047835893e+01 -3.72513183078165300e+00 0
6.79666664209889060e+00 3.58278269555118212e-01 0
1.27339629544033395e+00 -5.06814349236167083e-01 0
-9.63178004842304603e+00 7.91849985880023421e+00 0
3.88610706798326300e+00 1.07813118590227504e+01 0
4.26872947153893723e+00 1.17503815485904894e+00 0
-1.11469182506128792e+01 -2.30436943759623913e+00 0
-3.14864916464303013e+00 -4.54957148351634721e+00 0
-6.86327903586522625e-01 8.88268574336493200e-01 0
-7.78665717785618394e+00 -4.22899083513494212e+00 0
-4.82747691482811891e+00 2.62383474643985304e+00 0
2.21187317217377100e+00 -9.57455753662130982e-01 0
1.19830124919705394e+00 -1.72659546992474411e+00 0
-2.22342800494140791e+00 -3.31796084851449291e-01 0
-1.76008570317537205e+00 9.37285867914190618e+00 0
3.00160419522532607e+00 1.42883129455778912e-01 0
4.21372805306383713e-01 -1.10171549931495205e+00 0
-8.86416821015058365e-01 -9.92803056054903044e-01 0
-3.97912482616406882e+00 3.46132905880966391e+00 0
5.40157546691218027e+00 1.04555305573431294e+01 0
2.01654384307431989e-01 -1.34766411141347509e+00 0
-5.75629868022058733e-01 1.21087245244099506e+00 0
-1.52629509335923497e+00 -6.42860842241054331e-01 0
-5.27171230741328500e+00 5.38366498101275859e+00 0
8.64843491801634379e+00 5.23634905570517617e+00 0
8.54422888011657333e-01 2.25322125683185304e+00 0
1.40837181662481892e+00 -4.10643043227371862e+00 0
4.91045006125853867e+00 -3.32934940993319506e+00 0
-2.34175492571510002e+00 -1.24802675865813595e+00 0
1.82805050086194698e+00 5.36073318194684934e+00 0
1.78689901844929810e+00 4.24892977055000121e-01 0
7.35339107763353539e-01 1.84350492156852508e+00 0
-1.44363565111984893e+00 4.55507340006079708e+00 0
4.39388302667272801e-01 8.24317793853097314e+00 0
4.49664885065741160e+00 -8.05559698458644036e+00 0
1.21736214475817306e+01 -9.59723251630883178e-02 0
-4.07233896474187862e+00 2.92498656250227995e+00 0
7.53379822276942890e-01 -9.27344071386927538e-01 0
2.45366577663176288e+00 1.19681010344431904e+01 0
1.03926127854105199e+00 -2.36263543956845810e-02 0
-1.42789488111234597e+00 6.45297639825670544e+00 0
6.27238758765486271e+00 -1.34219867905918711e+00 0
5.11214087269342143e-01 -1.75908828545255091e+00 0
3.44068286954992197e-01 -2.40440424502505978e+00 0
-3.85216844655417079e+00 -7.70811455924887978e-01 0
-1.23397606521056602e+00 2.57426493723641681e-01 0
6.70096905929412490e+00 2.64778805815277885e+00 0
-1.05337669701890597e+01 2.01356600457795709e+00 0
-4.90368083528784471e+00 -3.40268134537614886e+00 0
-1.24115259015871104e+00 -2.03052568890828100e+00 0
8.11738607317918692e+00 -2.82424692543244715e+00 0
1.83785234872579206e+00 -8.30813609247657681e+00 0
1.01972277505042701e+01 3.39675810649566201e-01 0
-4.47315150873367440e+00 6.85590893489289943e+00 0
1.96907627276457498e+00 2.45530602602406889e+00 0
3.06801938406672525e-01 1.49125489139254697e+00 0
-1.27500685615799608e-01 -3.19216142067622988e+00 0
-1.47299892784618902e+00 8.64176369494075614e-01 0
4.66838450552987272e+00 -8.75455735306673588e-02 0
-1.25846003611857893e+00 1.03303775198129300e+00 0
6.92330614965762070e+00 -1.35471476283654590e+00 0
-4.91855679891256869e+00 5.77535167064333343e+00 0
-1.35887560102592997e+00 -1.64182592638873004e+00 0
-2.44342098295879318e+00 -7.33214156640009773e-01 0
4.07153404368374527e+00 3.70871513889076188e-01 0
2.58261510188190613e+00 -2.69240096072320778e+00 0
5.46747893239211713e+00 6.37556276569702796e+00 0
1.45184925767661710e+00 3.78346693710128790e+00 0
5.05318428151243815e+00 3.87387662842184000e+00 0
1.16429642779670606e-01 -1.03246284933440702e+00 0
-4.61631713285102996e-01 3.95413666430557509e+00 0
-6.70333592727740690e+00 3.16725700465010696e-01 0
2.69280083606085396e+00 1.70279577143857996e+00 0
-7.56814883356120793e-01 -3.77055294532122121e+00 0
1.88166929297012198e+00 -1.24027513107233798e+01 0
-8.53604810438224559e-01 5.84368553447612515e-01 0
-3.59326858166739616e+00 3.33706812736121394e+00 0
5.71075353560460108e+00 -1.87964842440690494e+00 0
-1.15443955885545790e+00 2.01184519001831497e+00 0
-7.00942207094605507e+00 1.25275337843924692e+01 0
-4.82887081153949982e+00 1.43123700182031310e+00 0
-1.17066154970635399e+01 8.34601659501385207e+00 0
1.96151552869651291e+00 8.03024444587873143e-01 0
-4.16326347038859901e-01 1.02980940857204906e+00 0
3.92363045562395296e+00 5.12367518746855044e+00 0
7.51300384108019603e+00 -1.58802606250433209e+00 0
-3.35360356158744999e+00 5.17611772626234057e+00 0
-3.91895192777851120e+00 -1.34171621585453793e+00 0
-9.62529920694346508e+00 3.68021420782613795e+00 0
2.06660880253212698e+00 2.59431655211576784e+00 0
-1.46754804191173793e+00 -2.56115904607070499e+00 0
-5.60691272893337000e+00 3.21930851827339604e+00 0
4.51727169237653303e+00 3.65270301037943890e+00 0
-1.91285862254027195e+00 -3.17880571281640711e-01 0
6.41140837596473379e+00 1.00712480569047091e+01 0
3.69902381553510906e-01 4.14834931069494139e+00 0
-9.43372527128400407e+00 -1.08439717394004091e+01 0
-6.54264968405724595e-02 2.91028494783007519e+00 0
-1.70573799478323906e-01 3.54664127819423181e+00 0
8.62906792069735218e+00 -1.72931605064651195e+00 0
-8.42048351633534864e+00 -1.00313101035407808e+01 0
-9.04924396924332020e-01 -5.12538172205519449e-01 0
2.54874198366855786e+00 4.81280392638597121e+00 0
-2.31284296052844995e+00 1.01987298673507691e+01 0
-6.75570643963229189e-01 1.46857165535594403e+00 0
-5.24565299687475228e+00 -3.90821931706890879e+00 0
5.53875643816933128e+00 -6.34283351777952387e+00 0
-1.82514203908459294e+00 -4.02694752036356685e-01 0
-6.01955258260692538e+00 5.29967629717292965e+00 0
-1.73190332437005989e+00 -2.55753550753363479e+00 0
-5.64022458380074809e+00 -1.10878859072852194e+01 0
-6.46834541714637812e+00 -3.01875568036019581e+00 0
4.74759387678550693e-01 4.38673561243296728e+00 0
-1.63106651215784892e+00 1.68946399780626710e+00 0
-5.18002184709158708e-01 9.06028540936611670e-01 0
-8.77325476937760529e-01 8.69052281406466842e-01 0
-2.07477571903050295e+00 -5.94222287704354191e+00 0
2.35346710164212514e+00 2.83933529549674990e+00 0
1.94107810629481313e-02 -1.03740149770922496e+00 0
3.85175218191224111e+00 -4.57916579275842039e+00 0
-1.06586758399534194e+01 -5.95892773074428561e+00 0
-8.43754340238517808e-01 -6.46401936792875897e+00 0
5.48335173391766628e-01 -7.28911805930992962e+00 0
-9.49865658728224260e-01 5.94631351583287726e-01 0
5.23115393441467980e+00 -3.74968110027079415e+00 0
7.15482542170330138e+00 2.78969664029027786e+00 0
-1.05518486139850909e+00 1.96126990626817910e+00 0
1.83732801470968399e+00 -1.75721289652964408e+00 0
-4.99762222519135690e+00 8.72477822556698368e-01 0
2.96624772274906201e+00 1.90440140266513791e+00 0
-5.00602628809392058e+00 -7.19638474771357117e-01 0
-5.33816558611480385e+00 -2.80074317624213398e+00 0
-5.28452984381827395e+00 -2.47037467596700616e-02 0
2.23381984209428897e-01 1.08962065246469209e+00 0
8.09673819738213041e+00 3.62010767018667190e+00 0
-8.46477920274468665e-01 -1.80343783733564611e+00 0
-1.58710043560964098e+00 4.80516590202289595e-01 0
-3.50574172131983985e+00 4.30752235930760119e-01 0
-2.59933427167952402e+00 6.55861896296458302e-01 0
5.08678234820340425e+00 9.30512300376603818e+00 0
-1.71452168771218993e-01 -1.02233296848931898e+00 0
-9.33516562634711988e+00 4.60252952930855397e+00 0
-1.05891815916640493e+01 -4.45794707016393499e+00 0
4.23354232931879682e-01 -1.41139113195588695e+00 0
4.79843767876711258e+00 6.34636084452885907e+00 0
-1.86369897779235294e+00 1.84780665753950291e+00 0
5.86640218232090493e+00 3.05309902242770903e+00 0
9.45880654893626049e-01 4.29443848937755890e-01 0
-3.75353084326287600e+00 -5.50483321678017656e+00 0
1.33379288111500793e+00 -1.13155951189658293e+01 0
-9.77574378342829320e+00 -3.52827308642595083e+00 0
-8.71332832742217622e-01 5.18897808415825335e+00 0
-2.51985286229902483e+00 3.32046481384973990e+00 0
2.11373979552046887e+00 2.36076069114810189e-01 0
8.83768348711864715e-01 3.52552097206727089e+00 0
3.85082495975735695e+00 5.78059182338891109e+00 0
1.34252083285426704e+00 -2.93298495598628817e+00 0
3.96139402577225308e+00 3.45710419251162193e+00 0
1.60931057381778791e-01 1.97668634532817000e+00 0
1.12937869245900102e+00 2.97146291806631879e+00 0
1.30619937203420609e+01 2.28356364717562510e+00 0
6.99637023545852088e+00 -1.25775146018873301e+01 0
3.02769261297867986e+00 -1.24951749367206499e+01 0
8.01129310684764562e+00 -2.17775632628563720e+00 0
-4.42365645091956583e-01 2.23221159905112820e+00 0
1.05137886146452892e+01 4.90491451695442304e+00 0
8.20863101058283107e+00 -3.55790925954604420e+00 0
-5.29264813802991263e+00 -1.07080942412343605e+00 0
1.14399952449310005e+00 -4.68913489105571291e-01 0
1.33149502199569492e+00 -1.95694932538813510e-01 0
-2.03123202753012988e+00 -9.88790924359722645e+00 0
-3.07768816883966378e+00 3.45830550216551114e+00 0
3.70141443894118716e+00 -2.10077058577825193e+00 0
6.14529578410335997e+00 4.37250371572907692e+00 0
-1.71164052200360195e+00 -2.22289061342922301e+00 0
-2.33894308877375612e-01 3.11906419124775702e+00 0
1.02439801736322611e+00 2.70722205024821294e+00 0
5.14188535898666088e-01 -1.04505308613327497e+00 0
3.28509780726880685e+00 -7.29255146258740328e-01 0
-4.49136164898727941e+00 1.85426917633798305e+00 0
1.58894660195331405e+00 -1.44547872794216903e+00 0
2.76942308047576713e+00 7.83686170898264667e+00 0
1.18876740725283106e-01 -4.32049989477490737e+00 0
-9.59459640106097966e-01 2.01410279084236521e+00 0
-8.14798750005948369e-01 -1.14834855633622102e+00 0
-4.60392153666826598e+00 6.86139136709863373e-01 0
-6.64844222389487816e-01 1.18528744906347305e+00 0
1.03084789832678103e+00 4.05518930224716190e-01 0
1.25912357704424807e+01 6.82522737862592077e+00 0
1.09375199152816993e+01 -9.45251380576944733e+00 0
-3.70180259784988974e-01 2.93806525472457114e+00 0
-1.94193195584762401e+00 -9.93477239385737176e-02 0
5.36080439732873071e+00 -1.49139455368577001e+00 0
8.10247904910534622e+00 1.82063885161110689e-01 0
-5.53700915540631389e-01 -8.77196588353090223e-01 0
1.01884949067758401e+00 -7.71043938017628716e-01 0
4.75240748690836678e+00 1.13338451477367101e+01 0
-7.97485565828233822e-01 1.43844751774248492e+00 0
-1.47405399373637502e+00 -2.95799581427236113e-01 0
-8.43005939316470254e+00 -3.82119027328312511e+00 0
-8.07899768682092123e-01 -3.05029948566779208e+00 0
2.80719933155285295e+00 -2.04175157041738484e-02 0
-3.85122378748347893e+00 -3.78930432253867910e-01 0
6.25069906020699584e+00 4.03834845794422304e+00 0
1.51636324118972010e+00 3.12090505340198276e-01 0
-1.06867767201939294e+01 -8.22101592336079179e+00 0
4.50581822460389958e+00 -5.01250445948989154e-01 0
2.04092060073518500e+00 1.60183275692653204e+00 0
1.11609249629506202e+00 2.33395715058822908e-02 0
1.34262732520933703e+00 2.07746757071694210e+00 0
-4.39573122109062009e+00 1.47750629592802096e+00 0
-3.89996489843953908e-01 -1.96425641484243907e+00 0
-1.48847327064173607e+00 -2.24617790982757803e-01 0
1.09760219544844206e+00 -2.76022236021898182e-01 0
1.08782799752066595e+00 -3.23383634670011799e-01 0
1.48722908111528995e+00 -4.49339381010524441e+00 0
-8.13715142553659909e+00 5.40064583024951794e+00 0
2.03012561993884111e+00 3.11677662919112297e+00 0
-6.79686390600807377e-01 3.18120265222052501e+00 0
6.35412564161800031e+00 4.66238687057476042e+00 0
1.06704662616074697e+00 1.64939179017455695e+00 0
1.93046785054435999e+00 -2.42108533217834293e-01 0
-8.88256806643874852e-01 6.60448234780208576e+00 0
1.77675372054852798e+00 -4.46382918021004915e+00 0
-1.27294449301066592e+00 -1.52098523546709297e+00 0
-1.82270036675311098e+00 6.10750539353648869e-01 0
-3.08773044408764097e+00 2.03374974946626308e+00 0
-4.47008186385075401e+00 3.87455869787354290e+00 0
-3.95751336361218309e+00 5.32678554293661843e+00 0
8.68821057781849504e+00 7.53971729943250590e+00 0
-4.48421986016547613e+00 6.15817025600340440e+00 0
-2.78748226259196397e+00 7.98070730688990970e+00 0
-3.21622093816390509e+00 8.27038741584154202e+00 0
-4.69509775508519023e-01 -3.79860928800241604e+00 0
1.34547718448738896e+00 -3.84912884116707377e-01 0
-1.18286979974993600e+00 5.13805690092754563e-01 0
4.82285470561116014e+00 2.37253164290286511e+00 0
-4.71356288841524496e+00 -1.06344163222838599e+01 0
-6.67347131765767765e-01 -7.96284668459172784e-01 0
1.32058345969878910e+00 -2.19816249662990115e+00 0
-3.07876091211735403e+00 4.01096485517076107e-01 0
-5.54970816452367344e-01 1.36190035273764098e+00 0
-4.92383167578595016e-01 1.40178260413579991e+00 0
-4.74263807679328075e-01 -9.22561407684817758e-01 0
1.32171602782274911e+00 -1.10790377719693200e+00 0
-1.72357453811935990e+00 1.18851012804687794e+00 0
1.90532357985043799e+00 -7.47850540093670690e-01 0
9.45297962716325380e-01 -2.86535919329242494e+00 0
1.07956795594757504e+00 5.57203793418904803e-01 0
7.66012410006314237e+00 7.97315739348083086e-01 0
-1.62584153730831105e+00 8.03793745861629216e-01 0
-1.30903897505095990e+00 1.60742124584769908e+00 0
3.86335117582296705e+00 -3.66548734509302720e+00 0
1.11506641061250509e+01 -5.69861592886389801e+00 0
-5.27287514769578092e+00 -7.13378901292700540e+00 0
-2.59827440113551100e+00 7.90817134502421887e-02 0
-3.73030124526612883e-01 6.83470258652808482e+00 0
7.28631829968672040e-01 1.25755597967834798e+00 0
-1.02325256957628294e+01 -2.12164092022458606e+00 0
2.59772563629545505e+00 -2.94624058506152497e+00 0
1.69394460801976909e+00 -2.46925736262729512e+00 0
4.10965434674102159e+00 -4.02134141321046368e+00 0
7.67906078152467320e+00 -3.83837663937157814e+00 0
-4.80549914599157579e-01 1.62803226165724402e+00 0
-3.84993676671335683e+00 6.03426147917081757e+00 0
1.51737391615442707e+00 -1.02097698692508310e+00 0
-3.54933217563234482e+00 9.55877693825541219e-01 0
-1.12548930895377701e+01 3.11695511676441495e+00 0
-1.26173552694171898e+00 1.13450782093480598e-01 0
-1.15974192529381903e+00 -1.56743138986717712e-01 0
6.82306539993681760e+00 1.01016438328775404e+00 0
2.45236690519925693e+00 -2.42837119963116299e-01 0
2.52897626403758391e+00 2.59761586024949320e+00 0
1.84853430335993196e+00 -1.49933505590501404e+00 0
3.69554654766860891e+00 2.64450544174680191e+00 0
5.31288840452120681e+00 7.69937559100636992e+00 0
7.75596310174793913e-01 -8.40079234692354238e-01 0
2.66694726614248001e+00 5.81069466007478219e+00 0
2.62968890293125890e+00 1.85735924403824093e+00 0
2.33234360697960691e-01 6.13699151671561793e+00 0
1.54172839312114407e+00 4.17603378307520923e-01 0
-1.70061465851957405e+00 2.39654407262364799e+00 0
-2.49614896273223996e+00 2.34199845044517296e+00 0
-5.28795700473814412e-01 1.89264182829631511e+00 0
1.42932827952856889e+00 -5.88840558127654679e-01 0
3.70006275329506495e+00 6.81341001577476924e+00 0
-1.41347588132597100e+01 2.40393648759571210e+00 0
-8.24855725420174224e+00 -4.25168922854874776e+00 0
-4.86387832962656308e+00 -2.81391970170048689e+00 0
1.14431598654569711e+00 -2.58767066353048025e-01 0
-1.17989970732149896e+00 -5.42160167419299177e-01 0
4.04752135555806414e-01 2.83032964373489815e+00 0
4.44871273306991100e+00 -4.51633483558132376e+00 0
-1.75872556120465595e+00 -1.57932229629944992e-01 0
3.73319501843936008e+00 1.80749086078511989e+00 0
-5.44696302282431688e+00 -2.22785038720423501e+00 0
-2.03190055291167709e-01 -1.28434530487688803e+00 0
-6.74303903681801597e-01 -1.42539334762564507e+00 0
-6.20579962978967359e+00 -1.64000487320308297e+00 0
9.68114312800974375e-01 1.41609768769805600e+00 0
-8.36757341672349608e-01 1.56776239346925905e+00 0
8.46169373613762765e+00 -3.92882740772912298e+00 0
-2.44669166598184207e+00 1.21401253017034505e+00 0
1.02210784787695808e+00 -1.85927783078391995e+00 0
-1.58492532144862608e+00 -1.26260393336158988e-01 0
-7.50908629066577404e-01 1.24190856439718189e+00 0
6.63037101650261285e+00 3.97270163290725220e+00 0
1.34562247707680993e+00 1.13442760191199499e+00 0
-5.77160292541065267e-01 1.58717301059370608e+00 0
6.18325715310684476e+00 9.50271395733793156e-01 0
-1.47388320671989792e+00 3.05199377752789180e+00 0
-1.54946776848101408e+00 -7.96804816219615297e-01 0
2.17058345090989580e+00 7.55520191574248656e+00 0
-1.66063331357587489e-02 4.88642473591528859e+00 0
-4.38914422119565106e+00 -1.27163959306424204e+01 0
8.17456246678818887e-01 4.25209317795108177e+00 0
-1.68996764198353699e+00 -1.05929711938104609e+00 0
-1.18311277951317195e+00 -2.99958694542115378e-01 0
2.52461914182763403e+00 5.14968982225665006e-01 0
-1.19858113019500401e+01 1.06219014850665006e+00 0
9.31133248320209539e+00 -6.06641491320121795e-01 0
9.68878179562237651e-01 -9.99282872328002725e+00 0
4.16917040247108606e+00 -1.08903457226574396e+01 0
-7.77874475487788342e+00 5.77540504554957312e+00 0
3.22589245418407611e+00 1.65276956245792706e+00 0
9.08243440028660132e+00 1.72973252817311107e+00 0
3.57410365328656621e+00 -1.43833061487338409e+00 0
1.54626781595930107e+00 -5.74340984887672690e+00 0
-2.87559695531556692e+00 4.27380574392632884e+00 0
-4.28995788994342142e+00 4.92263824483291668e+00 0
6.52071463667047713e-01 -9.53281649373075135e-01 0
-1.01275013051191709e+00 2.92426527534351122e+00 0
-3.13127255917535186e+00 -3.35516597184225607e-01 0
-8.53814894681130276e+00 8.16088429530151238e+00 0
-6.78452748534325467e-01 1.05014329280592711e+00 0
4.24325180140313674e-01 -1.04918710342506105e+00 0
5.12837053809868548e-01 1.41379275873915899e+00 0
1.17924661980617596e+00 -4.55054382469586780e-02 0
-1.08316150210905304e+00 9.51243941071548638e-01 0
-6.34246787585811211e-01 -2.53371414970641196e+00 0
-1.13556129746296697e+00 2.36608945833479600e+00 0
-1.44118044751057695e+00 1.24174349832146591e+00 0
-9.38420195173309324e+00 -2.07142439231363307e+00 0
3.82051095311972810e+00 1.38650914879980807e+01 0
-4.14273408824514799e+00 2.00550537361003589e-01 0
-2.56186864220011090e+00 -2.44431895201470395e+00 0
-1.89292095998843402e+00 4.35686666662627697e+00 0
-6.50920194581730271e+00 -1.96879305279011696e+00 0
1.31540666091711400e+00 9.45789119508594212e+00 0
4.66393951872152213e-01 -1.02265631455405193e+00 0
2.64577911023367585e-01 -1.08506327336755093e+00 0
9.99142851278617961e-02 -2.05861006764614318e+00 0
6.08649540092428243e+00 8.98048868259747124e+00 0
-5.69534737395608737e+00 1.46124676685589594e+00 0
-2.14100502631185119e+00 -1.45641597331399608e+00 0
9.48335944528473007e+00 -2.75116268546019915e+00 0
4.69233988882673980e+00 8.80555282379383297e-01 0
-1.92371229474178995e+00 6.81627718094254842e+00 0
6.55924019682583515e-01 4.66961532271688196e+00 0
2.65278240368143001e-02 -1.23702981658616906e+00 0
4.10556525991995880e+00 -8.17340480622882026e+00 0
-7.86595213872842924e-01 2.57298314640810188e+00 0
-3.98860825670062491e+00 6.48879800335384527e+00 0
9.34168043369125289e-01 -1.37820900799276491e+00 0
2.98726429801005611e-01 9.94124273554786275e-01 0
-5.58010130918236702e-01 2.73833216070001617e+00 0
4.80043563416019925e+00 -1.16968422404482801e+01 0
-5.20144202346996543e-01 -2.00985661164372686e+00 0
-4.93158025733402372e+00 7.37947120708674564e+00 0
-1.05304520445356009e+00 1.16469021508085091e+00 0
-9.00819961255743351e+00 -5.44357908352459141e+00 0
7.14949104472352293e+00 -3.64354166618543385e+00 0
-1.11991267496420699e+00 -2.28646427403440683e-02 0
5.50267379760407938e+00 -3.51013404128779882e+00 0
-4.97472002721501411e-02 -3.86350268652131712e+00 0
1.19482682539200091e+01 4.05393511336529766e+00 0
6.03905744131364219e+00 -8.37491227222117551e-01 0
-2.21292745386279410e+00 3.01195520884445289e-01 0
4.39358416467390356e+00 2.75384708907453479e+00 0
3.35564328081259688e+00 3.68768796497200491e+00 0
1.22611928714372205e+01 -2.79810078675466389e+00 0
-4.68136727016863874e-01 -2.84572395700139813e+00 0
-2.03699116497497806e-01 2.52131879472984100e+00 0
-2.35518478327072200e+00 5.52689597405652489e+00 0
-7.20690239807956323e-01 7.82505921331798060e+00 0
1.08175373320127992e+01 -5.24211944497553262e+00 0
1.17021807517207499e+01 5.25555744051988505e+00 0
1.46900322723044208e+00 9.13923436499120556e-02 0
-2.65685143120239209e+00 -1.61605366348308799e+00 0
6.25889771780160675e+00 2.21749012053323913e+00 0
8.29159298330612238e+00 2.07360577573171900e+00 0
5.02147903260955530e+00 -2.19253918330594910e+00 0
-1.21039797504880209e+00 -2.90444480377721481e+00 0
4.75981751468085079e-01 -6.16544515829552431e+00 0
-5.06208855262019863e+00 4.64725413806356258e+00 0
1.64521831920702999e+00 5.53785147346548823e-01 0
1.10517135026322211e+00 1.23124156160727305e-01 0
1.67732867789694007e+00 -4.01616684528538226e+00 0
-2.02507869973256982e+00 3.73815424882282121e+00 0
1.00115770619428304e+01 4.48675354362758672e+00 0
1.55801286313584608e+00 -6.34232418468658077e-01 0
-2.40336922364789185e+00 -1.89779702037253806e+00 0
-1.29152326755266191e+01 -4.42349078650419436e+00 0
1.04281290358489809e+00 -5.92089006059974166e-01 0
5.20754461252701617e+00 -1.09549840054241998e+00 0
-1.23691154233215594e+00 3.05654686734006198e+00 0
8.37067127319627247e+00 -3.17111353390326212e+00 0
-9.30511845496693901e+00 8.50593107057387066e+00 0
-6.77990922799029239e+00 1.36938966966859899e+00 0
4.88536809885075662e+00 -5.01837184507139078e+00 0
-9.37085888544974210e+00 6.86812053449106763e+00 0
8.45490641506214047e+00 8.09413071582628341e+00 0
-1.20897187822534602e+00 -1.30021677983092410e+00 0
1.37779335080613907e+00 7.49383501888017278e+00 0
-1.23444939148919897e+01 2.93084821203079082e+00 0
-2.49433714305444409e+00 -9.85739956735391831e-01 0
-9.44300718594825028e+00 -5.48962876952484691e-01 0
-7.64547312367048759e-01 7.77068357665218978e-01 0
7.44144899925391484e-02 -1.33402945404391593e+00 0
-2.78208421187112886e+00 -3.65574038055588302e+00 0
-1.33313297051715995e+01 -1.42832988849445708e+00 0
1.25692088051525204e+01 -6.90068759465265558e+00 0
1.17516068166776098e+01 -1.17250076552091098e+00 0
6.03006185456680166e-01 -4.40711248676383160e+00 0
1.20941604645169898e+00 1.89441955789494099e+00 0
6.51365038376951144e-01 -1.18564759843311807e+00 0
-1.10442725952436094e+00 1.21121611495245296e+00 0
4.07255690261170589e-01 4.82045184337997856e+00 0
2.51603424178938795e+00 9.04061641461720100e+00 0
-5.08746420743917516e-01 -3.38532854927255089e+00 0
2.66444214206661778e+00 -4.72677268644339765e+00 0
-3.95913395859861031e-02 1.15895106522393299e+00 0
-3.02774732713330597e+00 2.22112725372725084e+00 0
-1.25300863647024805e+01 8.03987734954993760e-01 0
-5.77358776883180624e+00 1.11317653101387108e+01 0
-8.83877329940395029e-01 1.43483533946937603e+00 0
-2.93987551952041715e+00 1.40576457532783703e+01 0
-1.65308147149566609e+00 -5.12999141206155751e-01 0
-1.58726471855451301e-01 -2.86914628946594696e+00 0
1.39050849677274502e+00 -2.33016193254481818e+00 0
7.10996831373821703e+00 -6.60596585997094365e-01 0
-8.76119677386177997e+00 -2.93674768269016395e+00 0
6.18708823967017985e+00 5.00676117316853642e+00 0
5.56315774925332285e+00 -6.50409552769456722e-02 0
5.88511810835629401e+00 -1.54784142772087407e-01 0
1.12306099841588192e+00 -3.60915208034389479e-01 0
9.66471984096198389e-01 9.28958720732025900e-01 0
-9.93389069009841696e-01 6.01788525881589997e+00 0
7.44732784069834342e+00 -8.47086568906636828e+00 0
-8.18504812605487508e+00 -3.40381573023061890e+00 0
5.45875202519046265e+00 3.51192655764292816e+00 0
-6.75042490186996069e+00 3.87943798151104113e+00 0
-3.26932778378492606e-01 -8.47251601602337701e+00 0
-7.27361043452809675e+00 -9.93496294451416162e+00 0
-2.81269829756516021e+00 -3.48486578585350815e-01 0
2.05643732272012292e+00 -6.59286893804432284e-01 0
-2.52934722540791190e-01 1.00379693094548306e+00 0
1.37103437002708195e+00 1.38170684789453713e-01 0
5.85590584895617461e+00 -9.50431643378998103e+00 0
1.32395365674740395e+00 5.77823697423883842e-01 0
1.39539729585251893e+00 1.96294647652809595e+00 0
2.15611012358754195e+00 1.30478745749736902e+00 0
6.29723853728252525e+00 6.24397272817699278e+00 0
-6.65098274339106288e-01 -1.08043310105771706e+00 0
1.99880654140805802e+00 -3.39428572756218405e-01 0
-4.81357675150621844e+00 -6.31665373203436492e-02 0
1.59025888361478795e+00 -1.55551482294202392e+00 0
1.60532482433554491e+00 9.85454948755690952e-01 0
2.31157728901630194e-01 3.80186495790169099e+00 0
-9.69736789959538381e-01 8.86652506091276882e-01 0
-1.09353228141072489e+00 -7.78425445836839036e-01 0
3.90553086112980119e-01 -1.17277276392151197e+01 0
-1.17436144809849297e+00 7.16801506353318185e-01 0
1.72522392735166408e+00 -1.43435323306443401e+01 0
7.40880737444735882e+00 2.04945240085558505e-01 0
-5.18607334059089808e+00 1.33342443171246305e+01 0
1.48323209974091408e+00 -7.54274458879656162e-01 0
5.72034856654487012e+00 -2.18854713708971715e+00 0
-5.19840279909012626e+00 7.38194400945556994e-01 0
8.71589202088738135e-01 7.99980003651514116e-01 0
-9.24448918887800453e-01 5.71416411881531605e+00 0
1.25023327902645809e+00 1.21305523165730711e+00 0
-6.33065287360624840e+00 4.92036080266329723e+00 0
2.64709269163319005e+00 2.16333420188762393e-01 0
-8.77360643937262652e-01 1.96391652798235006e+00 0
-3.54856184382482009e+00 5.64545446485291791e+00 0
9.85804433700576688e+00 -9.26018866969686449e+00 0
5.47564914646785184e+00 -7.16298504740295616e+00 0
-9.88207032683987574e-01 -4.97141105108096615e-01 0
-1.33370359907234608e+01 2.35010617372180119e+00 0
1.13097340979424898e+00 -7.78908285630549813e-01 0
6.96024914113426973e+00 4.92016767055660331e+00 0
-1.35130619937604699e+01 5.13433133422916566e+00 0
-7.09181182467008941e+00 3.70122285504444282e+00 0
-9.42637864122588875e-01 4.30144247777143773e-01 0
-6.90126640734174124e-02 1.75098923012875507e+00 0
3.70678445056397399e+00 2.33916017290406814e-01 0
1.35783409923862508e+00 -1.77097071564569197e+00 0
3.49855135835944298e-01 1.14584606979394299e+00 0
-1.42319292584594503e+01 -2.00582114219468810e+00 0
3.21501907863435710e+00 5.87627905953898289e+00 0
1.38301182024132197e+00 3.66640707976593982e-01 0
-8.18438772082134336e-01 3.81489988962437021e+00 0
-5.25490375203825888e+00 1.66418709718700808e+00 0
-1.00957659045125103e-01 -1.45640668728361300e+00 0
-2.43244558402267019e+00 3.65218194962315712e+00 0
-1.58395446520226790e+00 9.30036394329688099e-01 0
-4.60285091739779340e+00 5.42437827810160744e+00 0
-1.19839454371755894e+00 2.00300922012716903e-01 0
1.04412095597761700e+00 3.19836428600516698e-01 0
5.83051717886479270e+00 5.02188160780048243e+00 0
-1.13627777309949196e+00 -7.09617324801177940e+00 0
-1.49377744309136196e+00 1.07604054211006108e+01 0
-4.64667888254712391e+00 1.05630423040377508e+00 0
-1.27980012590206793e+00 6.10547303901040728e+00 0
-5.79743353532193972e-01 1.06444679969805800e+00 0
-1.29943698682240392e+01 -3.59673733848662280e+00 0
7.42866042985313890e-01 1.15920948215243791e+00 0
1.38239514924087398e-01 2.87849094671825378e+00 0
1.18094483487665691e+00 8.03906111904274190e-01 0
1.06408256373799900e-01 -1.80449901168796889e+00 0
1.19560440064990603e+00 -5.76260892346713294e-01 0
1.00686596931582208e+01 -5.69161841290399373e+00 0
1.30850557702433896e+01 5.87100713513026662e+00 0
1.46706175186527599e+00 5.71223160078780157e-01 0
-4.56238402396962783e+00 2.07193836507634588e+00 0
-3.19296884903252209e+00 -7.25894861863927066e+00 0
8.24450712516637818e-01 -6.28149323698536821e-01 0
-1.35045669706207994e+00 1.31622240192685092e+00 0
8.54613072178068123e+00 4.42575746061967834e+00 0
-4.15759367384565959e+00 -4.99183327316922298e+00 0
2.67074256093104478e-01 3.16131313918225487e+00 0
-3.34530795362292199e+00 2.31771694771672587e+00 0
1.42672221121616399e-01 1.87604212005260695e+00 0
7.22385433224092766e-01 -7.53005305949894121e-01 0
6.00830390048269969e+00 -5.26855041830581605e+00 0
9.50427179012603207e-01 -2.35429684557442309e+00 0
-1.48255141555450209e+00 5.87606394313164326e+00 0
-1.06928021667025697e-01 2.03629066271888393e+00 0
9.36380776573144047e+00 7.71949528192236567e+00 0
-1.17185570698683406e+00 -3.52547781265925986e+00 0
3.36530690508555708e+00 -4.38815359226186708e+00 0
1.98391358960703790e+00 -3.05899192152923005e+00 0
1.71999202284024300e+00 -6.79306280294511455e-01 0
-2.92998534850772296e+00 -7.13560487968211699e-02 0
1.80573462966669807e+00 8.59784333645298493e-01 0
4.35198859827824958e+00 2.03832826499211217e+00 0
1.03502030504080107e+01 -4.18158980107910860e+00 0
2.73206696788121199e-02 1.35097420042256910e+00 0
4.76551552638236942e+00 4.14035385773740039e+00 0
-4.31938022531603516e-01 -1.00571514015338508e+01 0
-1.44950116443733901e+00 1.08377108610150097e-01 0
-2.47235045488709604e+00 1.49877241820108509e+00 0
-1.99091847210656803e+00 8.99544919904203932e-01 0
3.69073558238756005e+00 -4.14958598569320181e+00 0
9.91085845371630025e-01 -5.98059788420851834e-01 0
-1.83467754951727602e+00 1.02238352139435906e+00 0
-5.51311455442769027e+00 -8.72863209215138158e-01 0
-9.24803440087301420e-01 -6.30090174984780926e-01 0
9.01580299504873395e+00 2.49387755497690700e+00 0
-1.92053233039204896e+00 5.64347593604303288e+00 0
-1.06707355883331392e+01 1.44828539574701498e+00 0
8.93786013143474989e+00 -2.76565178850503779e+00 0
9.70582753608690751e+00 -3.72874572644265212e-01 0
-1.84095301554519308e-01 1.18156231839578907e+00 0
9.15320469619851501e-02 2.32894080144957893e+00 0
4.50902098533180506e+00 1.07847770571182302e+01 0
-1.26624872535386901e+00 -7.48884859523620050e-01 0
1.53037427532241899e+00 1.17622377288849811e+00 0
-4.40058992608950472e+00 -1.37599308238438098e+01 0
6.11579305959956465e-01 -2.54809735775326018e+00 0
-6.85539121004285068e+00 -4.13403753810247121e+00 0
8.07562779928629482e+00 -1.08413231650369095e+01 0
5.61099036411845109e+00 1.10175666077688508e+01 0
-2.91777502955835599e+00 -1.23134306402281690e+00 0
-6.30768363394840925e+00 2.77680906040124897e+00 0
-7.77328670292060431e-01 6.96005125663015312e-01 0
-3.31379028917968510e+00 -8.90868888829406541e-02 0
3.82615459250579715e+00 7.01952101139757673e-02 0
3.75919971221023386e-01 -4.21344161256941518e+00 0
-1.91148129725347493e+00 -6.57439429706622303e+00 0
1.39816590056761791e+00 -8.21726488592636883e+00 0
-1.36560964059174008e+01 6.41544794383822392e-01 0
-3.30868019122002721e+00 -3.95491935719338494e+00 0
9.78827539677302738e+00 9.53748613331949890e+00 0
2.83848108956944900e+00 -6.19170096122500624e+00 0
1.36719979384505996e+00 5.02677063684264569e-01 0
-1.06546585449909093e+00 6.06428095332090078e-01 0
-1.70508680921068789e+00 -1.27393698117608789e+00 0
-5.46679567659546839e-01 2.02462887134084379e+00 0
3.76694858324182302e+00 -1.13964632208208605e+00 0
-1.05339798426600906e+00 -6.76220871444328075e-01 0
4.82355492856025414e-01 -1.28174880257973500e+00 0
-9.18567862430174031e+00 -2.02128074960650495e-02 0
-3.14978490554486390e+00 -2.83848620993073286e+00 0
6.71056024232535631e+00 -5.23822710276253378e+00 0
1.00361242565970299e+00 6.33605661736926340e-01 0
3.53487294554267084e+00 -2.64266332021063688e+00 0
-1.15774102209970997e+00 6.20365220034327036e-01 0
1.15207903377876408e+00 1.50246241670983793e+00 0
-2.20467128781942012e+00 1.27898886068272000e+00 0
1.33688172498733806e+01 -2.80526523011752094e+00 0
-8.17998166032825402e+00 3.57529417915386594e+00 0
4.73635720644596425e+00 3.73975759690470311e-01 0
9.78879224384616387e-01 5.41935881095462957e+00 0
-1.34158761969288398e+00 9.97352151021006428e+00 0
-4.16202285150073625e-01 -1.18524658349569689e+00 0
-7.53730772020248185e-01 -8.15615611408433971e-01 0
-6.71962471169035958e+00 -6.39511293119147073e+00 0
-7.66232950710319116e+00 -1.30332000250074498e+00 0
2.24456180935447891e-01 1.51148497683119598e+00 0
3.79766050498218899e+00 -2.85665941041869598e+00 0
4.11307610464235918e+00 -7.14078599515332879e+00 0
-1.00179314675366204e+00 2.57801297106573202e+00 0
2.85872395131287282e+00 2.94144890611456500e+00 0
8.97784932979532968e+00 -4.67344411154661632e+00 0
8.78913478281642013e-01 -1.46267919781052003e+00 0
1.32611735135337505e+00 -2.46342299179868585e+00 0
2.15941785122643903e+00 -2.31095413016928708e+00 0
2.64093663386886490e+00 1.37091649891215095e+00 0
-9.76863478043122235e-01 -3.16307006369547983e+00 0
-3.98161424895338190e+00 -2.64023136333837005e+00 0
-4.44232189326483962e+00 -4.66802254479930789e-01 0
-5.39480700896441623e-01 1.29648525823008010e+00 0
-1.35067899001429903e+00 -8.79392595214002759e-02 0
2.17243444033649202e-01 -1.43425379304729095e+00 0
2.21924316472073979e+00 6.31931801454624864e+00 0
-5.92833455818576205e+00 -7.75848766932704859e+00 0
1.00938696985846494e+01 8.76541518208265424e-01 0
-1.82441508833261490e+00 3.42149619173794894e+00 0
2.06331063085059796e+00 4.06562433079160979e+00 0
-7.93186208009969640e+00 -1.98913982982293391e+00 0
6.77264144569163395e+00 -7.33961806040362763e-01 0
-6.71254897735538414e+00 6.33979014123601559e+00 0
-6.59424051504817532e-01 1.31750009471416796e+00 0
-1.57711445643943593e+00 3.23129087010148974e-01 0
1.91479597380342792e+00 -9.87507622275731833e+00 0
-2.99070941098434906e+00 -1.12619538553963103e+01 0
-2.16623685065798011e+00 4.48289154109851395e+00 0
-1.09373827351539994e+01 6.76402478939658991e+00 0
8.61828774300235856e-01 -1.76135160234061705e+00 0
1.16627327179210494e+00 7.22032684722210827e-01 0
4.93564732112664772e-01 -1.41270970869784307e+00 0
4.37895096867064293e-01 1.10829851785065392e+00 0
3.88249615865546183e+00 -1.23702246044379098e+01 0
6.08622324438703366e+00 -6.10673703745000562e+00 0
8.27781213669582527e+00 -2.47893514759876821e+00 0
5.54801333650398210e+00 -1.01358048352725905e+00 0
-1.72172201786161194e+00 2.77066078807535421e+00 0
4.50279128196392797e+00 6.14038394282570543e+00 0
7.48324398224437903e+00 -1.10258551034108301e+01 0
-9.34641657468343934e-01 3.09059583797829118e+00 0
1.75854136775393011e+00 -9.12428479240776191e+00 0
2.04472774806880420e+00 -1.38373631271400788e-01 0
3.61046827688525607e+00 -3.07664000884052191e+00 0
7.99213769645345629e-01 9.99563631508130657e-01 0
2.68752498685676988e+00 2.16075941074426181e+00 0
-4.38272684609619301e+00 9.74976381827872829e-02 0
-1.03262891965544501e-01 -1.95503720211901610e+00 0
-4.44760820792704425e+00 -7.31398332057203238e+00 0
2.78234647606197916e+00 2.27433677174228299e-01 0
-1.14592034655416808e+00 -8.28603672700147875e+00 0
-8.95413440115149406e+00 -6.40904703620627902e+00 0
-5.85578606501034771e-01 -1.08416704698319299e+00 0
6.33451964422383385e-01 1.00853816468459501e+00 0
-4.90800187005820998e+00 -1.88938595840065604e+00 0
1.66652784604350090e+00 -1.08705303591594205e+00 0
-9.24570914629609142e+00 -5.91072244093191212e+00 0
1.53984158724324405e+00 -2.09866405108258780e+00 0
5.32113136525979602e+00 -4.06324260327052578e+00 0
2.72594155518754011e+00 -1.82055933213637711e+00 0
-1.61116089863519907e+00 1.80062399734297007e+00 0
4.28856056526183915e-01 1.44396094064929592e+00 0
6.96968324260132466e+00 -4.24685603034523673e+00 0
3.51051017309307190e+00 -8.72740714728268152e+00 0
3.69674517447253104e+00 -6.65895249011689216e+00 0
1.69033709040368496e+00 4.56031173780489762e+00 0
1.31571878356019401e+01 3.90545929811595904e+00 0
-1.50732051155010399e-01 5.82237968806248674e+00 0
3.32122006363804401e+00 -6.57505912286407757e+00 0
-1.18442948768137999e+01 -8.34048191042466414e+00 0
8.25670357937197430e+00 -4.31048653167506757e+00 0
-6.64195249951537736e+00 1.92706006346999104e+00 0
-9.91153241724636658e+00 -6.69855000489044361e+00 0
8.05101518898707269e+00 9.43984130815026856e-01 0
-7.87029260852207457e+00 7.62304994166665839e+00 0
2.00209719528778196e+00 1.14014167305746206e+00 0
1.72114520459705300e+00 -1.35308735938821805e+01 0
-4.18864246424030817e+00 -1.92686521215010786e-01 0
1.98369094637914900e+00 -1.67256437742305600e-02 0
-9.23916202056948577e-01 7.95479758787318247e-01 0
3.15560645714649590e+00 1.94779142855584597e+00 0
-6.50462114498601718e+00 -4.88567918932945577e+00 0
4.62059136507469859e+00 -6.10531702403551169e+00 0
7.67757019047472844e-01 1.73495606234102806e+00 0
7.16089983581315481e-01 -8.34906589756194140e-01 0
4.02176080127112190e+00 -1.73598783149291308e-01 0
-5.78346781504449670e+00 1.77563302660457389e+00 0
-1.80076137052763013e-01 1.45109970691953594e+00 0
9.30281689634133002e+00 3.88169821673632987e+00 0
-1.15282433513770499e+01 5.33225192527204594e+00 0
7.96393053388909600e+00 4.98011442321557496e+00 0
-1.11441281961078809e+00 -9.59489503687717082e+00 0
-1.12049464656267306e+00 -1.44146569934099400e+01 0
-7.88078723006255699e-01 -2.09132049822225996e+00 0
3.85039693609212019e+00 2.21265506808894186e+00 0
-1.09354489081648198e+00 -2.24376460310989095e-01 0
1.47524456756218103e+00 1.42700106995359999e+00 0
-1.98240849772296701e+00 3.98088563181173516e+00 0
3.89874706785845282e+00 -1.76145044467794110e+00 0
1.02936144926037709e+00 1.15876537933134405e-01 0
-1.16165747264042807e+01 1.45249863680315811e-01 0
4.68533532466066716e-01 -1.12351855631134590e+00 0
-6.45351930883990388e+00 -8.24980167937439224e-01 0
-1.00568704005200793e+01 -9.05297830118272273e+00 0
1.77594649204578903e+00 1.63793816244196999e+00 0
1.40791884479901608e+00 2.29319020719864985e+00 0
-7.70857443371338658e+00 -8.37125236478423496e+00 0
-1.79373962948702004e+00 2.06487881513171478e+00 0
8.65336664071627459e-01 -8.27383683443218776e-01 0
-9.02430810136000083e+00 -8.42630494004724340e-01 0
-9.71916341149031737e+00 2.54891199804495594e+00 0
-7.79013653502058312e-01 -1.29993344932690902e+00 0
-3.41583789538304594e-01 3.57354043725378379e+00 0
-1.01375186953429299e+01 5.92487998407741134e+00 0
-6.22878500315433903e-01 1.03265866844397802e+00 0
-7.01869134406942763e-01 1.57156859815439298e+00 0
1.17434162545964993e+00 -2.46837168642684901e+00 0
2.67615788783160280e+00 -2.64850622751245990e-01 0
6.31425459385622445e-01 -1.40511216817357609e+00 0
-7.85746773056144376e-01 3.06737686368958196e+00 0
2.28577209348972499e+00 1.01243883265244006e+00 0
6.53333818214391959e-01 2.39212146699094008e+00 0
8.16905069838005282e+00 5.97699055922148936e+00 0
1.10403186257932906e+00 -1.09625791286624397e+00 0
2.34498367413767284e+00 -1.45381046551128601e+00 0
-5.47756012662174285e+00 -6.26547009422318091e+00 0
6.44920712002541219e+00 -4.52683392116240935e+00 0
-1.79777250017530510e+00 -8.55924079773198443e+00 0
-6.04276687314878533e-02 -4.79795056070627890e+00 0
-5.62289010210378226e+00 5.72906185216782493e+00 0
-1.08580571611247789e+00 5.32154297153351941e+00 0
1.01332690785026003e+00 2.45689010725018198e-01 0
3.90293128746959184e+00 3.05573088843357699e+00 0
1.79365267538671713e-01 2.17360997116796195e+00 0
7.54194588105087771e-01 -1.77820408519900397e+00 0
-2.28223684803512891e-02 -1.10837721822474600e+00 0
-1.52222395039566005e+00 -3.60749966569087088e-01 0
-2.59606318399561387e+00 -5.44030062453064378e+00 0
1.80470871115154496e+00 1.17707192162278993e+01 0
1.79090627208854092e+00 4.82949426993002895e+00 0
2.14965159936780603e+00 -2.46329952090942017e+00 0
4.31067149998534127e+00 1.15706126673316406e-02 0
-1.37107057462088804e+01 -4.58933902425256779e+00 0
1.28466799013199906e+00 -3.94344153535067021e-01 0
1.39733992380966594e+01 3.15047228159086101e+00 0
-7.86943162539285090e-01 -9.12959531808228975e-01 0
-1.50398772255772806e+00 -1.08263598589997101e+00 0
1.00760245821026295e+01 -8.53789393928811080e+00 0
-7.12125814046406180e-01 4.54589754145432234e+00 0
-7.00457193473135842e+00 -6.03382424078607116e+00 0
1.21011040324218810e+00 -6.56937785560723864e+00 0
-2.24109283415864807e-01 1.26499988452259804e+00 0
-1.02764958374290796e+01 -7.10066682705616703e+00 0
-5.50981064639946005e-01 6.13262396750502781e+00 0
1.58977807970108498e+00 2.02875461246159716e+00 0
1.20627573696157908e+00 6.22467657322083490e+00 0
2.78135768631465607e+00 -9.15661553477470136e+00 0
5.89490015525883315e+00 1.53788735843668900e+00 0
-1.14731268809760301e+00 1.52085775437126891e+00 0
-5.08478937083501670e-01 1.73487959065629105e+00 0
-5.46805727284039200e+00 -1.23585214146652405e+01 0
5.33242574241626244e-01 -5.55719807306659686e+00 0
-1.37899846214770005e+00 7.58159737213497387e+00 0
-7.47157454521656939e-01 2.91700085808696796e+00 0
-3.24468090163726108e+00 4.92070170046596989e+00 0
4.32218923286258505e+00 9.53882459929304360e+00 0
7.93654040641571168e+00 3.97014531685749317e+00 0
3.97969008575564887e-01 2.30366152462358809e+00 0
1.10317375608432098e+01 7.44968991241333089e+00 0
2.86292709470843620e+00 1.13993432594502300e-01 0
1.00471064653713404e+00 8.03509216349002742e+00 0
2.62380751101610388e+00 7.15972914723321630e+00 0
1.06479438439445295e+00 1.76392940547904509e+00 0
3.52775146228104486e+00 2.12215260364913583e+00 0
2.47900297825646909e+00 -4.10274123105110800e-01 0
-7.99227378304162156e-02 3.80888290004128915e+00 0
1.26898521290465904e+00 -1.61408386940419590e+00 0
-1.38709044565096895e+00 5.96648785475052401e-01 0
-2.86765540119887974e-01 2.12114847625171299e+00 0
2.86480878303969488e+00 -7.37990391789231293e+00 0
4.64842738556130008e+00 3.13562327745725922e+00 0
-2.00195577629470689e+00 7.77272284045133710e-01 0
1.93664147210234705e+00 2.20236750962956807e+00 0
6.00810798857082329e+00 3.77725233946205119e+00 0
-6.35077790281785570e-01 5.58343142487781119e+00 0
7.45062662501607864e+00 1.12017308116109704e+00 0
4.25650623324368826e+00 9.37820171226118049e-01 0
1.31976791098859203e+00 -5.35545851971921727e-01 0
4.42111912298726872e-01 2.45663990930711318e+00 0
-1.50138334367505899e+00 1.29821355137057299e+01 0
1.67807073486976210e+00 1.00854431898638808e+01 0
3.95705015001466398e+00 -2.16842525842834721e+00 0
-2.34520727696909415e+00 1.12385561602825090e+00 0
1.86570112177074798e+00 8.67717308687822353e+00 0
-3.58741967456036426e-01 1.22757204881867299e+00 0
-9.67374153469326181e+00 -4.94053689334545520e+00 0
2.71513576851884986e-01 -2.61012587809393404e+00 0
-1.78108200280370510e+00 2.30314447116947996e+00 0
5.71915508840199571e+00 -1.23927002313437509e+01 0
-1.33052837586809392e+00 3.14879864475975824e-01 0
9.78266933864234245e-01 8.13058346060924086e-01 0
9.61704342400763323e+00 1.10342537225243609e+00 0
-6.58741774926303059e+00 1.19256371567474897e+01 0
2.29792764934311111e-01 -1.93159762017038195e+00 0
-1.87798971510585311e+00 4.41100940227513394e-01 0
-1.40773664624666295e+00 3.03973382366469924e-01 0
1.00282448428089999e+00 -8.55925146797397174e-01 0
-4.85120473721553669e+00 1.68626602452900709e+00 0
-6.70751350550905023e+00 -2.31678598989059603e+00 0
4.60767168817738604e+00 -1.91671062551955296e+00 0
1.44490959562902805e+01 -3.00723523552806182e-01 0
-6.37356268190989339e-01 9.61223047176597900e-01 0
-1.80361168519354598e+00 -1.04912227477638997e+00 0
4.35899653294230927e+00 -2.31229991367486587e+00 0
-1.18536468896050096e+01 -4.47873637223350674e+00 0
6.07891386126101052e-01 3.73211363766153115e+00 0
-1.39490672583539110e+00 7.30364574340335748e-01 0
-1.10226425146231097e+01 -9.34894040151548111e+00 0
1.20236621423788606e+01 7.91472937512275099e+00 0
5.34157585166748117e+00 -1.77848801857615890e+00 0
1.26904138532158894e+00 7.06964598716312231e-01 0
8.38408570184772439e-01 1.20722747015275700e+00 0
-4.66836164584490021e+00 3.70962320795908918e+00 0
3.30343391769174310e+00 -3.99389686757706586e-01 0
-1.73299277282103703e+00 4.66330093285370317e+00 0
-5.29515722212296502e+00 6.15901533781277344e+00 0
2.95257466267740121e+00 1.09429241959808410e+00 0
-3.28425340810744792e+00 9.13761780673896951e+00 0
1.64596368847631203e+00 3.26272978124283575e-01 0
-1.62395381511810899e+00 -7.70115180945674727e+00 0
-1.43785051399501396e+00 3.62993707498427187e-01 0
4.27056922381214932e+00 -2.79420186546591420e+00 0
-8.03864280026838429e+00 6.88179168557495213e+00 0
-4.73212318064108040e+00 -3.10775340172720993e+00 0
6.87190108303036146e-02 1.03296995055586094e+00 0
-6.03894604783781475e+00 4.61306423880191208e+00 0
-9.46539748737394104e-01 -4.23730860796923181e-01 0
1.31617355163712091e+00 1.55399146276885491e+00 0
2.83974148605692189e+00 -1.08892866555822891e+01 0
3.60658815261621202e+00 8.13471653802646344e+00 0
1.66460245997527206e-01 1.29691440375973910e+00 0
-1.12830111358314511e+00 2.42563329552361207e-01 0
-2.97661199823786005e+00 5.35990096702171304e+00 0
-1.00341280650388001e+01 -1.16374902467128205e+00 0
-2.69431306898642298e+00 9.08863542606059727e-01 0
5.61865901332694495e+00 2.70348722813942288e-01 0
6.82751047047322857e+00 4.26701006455555376e+00 0
1.22093890283362794e+00 -6.96876502957653021e-01 0
1.05285930413753999e+01 -1.79411438027650405e+00 0
4.30398897816842574e+00 -6.59160192140403889e-01 0
3.08692592720137104e-01 -1.42501429637032806e+00 0
-1.50245142617143990e+00 1.39525394096952904e+00 0
4.82605546436097033e+00 5.30401197004758185e+00 0
3.67875141461188315e+00 1.40254603411509104e+00 0
-3.56743190731982596e+00 4.60331652732982288e+00 0
3.30841837706231878e+00 -3.47567540466787683e+00 0
8.11714725159211525e+00 1.31500025338537507e+00 0
1.05314201936119005e+01 -1.54231408859674207e-01 0
4.36754980095325074e+00 -1.87131022751466491e+00 0
4.34742198007612224e+00 1.61011587964956404e+00 0
-6.70406048237096996e+00 7.15229260461832261e+00 0
2.58847299226121219e+00 -4.43960381761921496e+00 0
6.50794558976707371e+00 3.03150077434426901e+00 0
-1.00910468632759009e+00 1.39674060078824991e+00 0
4.03151084138443760e+00 -1.41736278678904704e+00 0
-8.77203018233650295e-02 -1.22813180539613809e+00 0
-2.95363605922316719e+00 1.29906022634290208e+00 0
-2.28524209545117385e+00 1.09547406215909700e+01 0
-1.44029653102896908e+01 4.99094018675550921e-01 0
-7.21249587009065873e+00 -2.04019401945975387e+00 0
1.22629555636090196e-01 4.05003712924000325e+00 0
1.19031653056453601e+00 -1.92412057134962289e-01 0
-1.65259416938528991e+00 -2.07224230439637580e+00 0
8.41255521172914356e-01 -1.97602333172639111e+00 0
1.52489017018065498e+00 -2.92691484948385305e+00 0
-5.12656909445649944e+00 3.56718851061268483e+00 0
1.28197837635349110e+00 3.25316288242158191e-01 0
5.19939582707953907e+00 -1.34668672584606597e+01 0
-1.73364120026172208e+00 -9.06390244180005666e+00 0
2.41131381258467314e+00 6.90014700346543375e+00 0
6.16889008740912193e+00 -7.75213856925287370e+00 0
2.78200246865220091e+00 4.07340588176542973e+00 0
-1.43485196828418204e+00 -9.99444152933380892e+00 0
2.33374833686334204e+00 1.28636922937254194e+01 0
4.42402375094875300e+00 -1.47752458048858004e-01 0
-2.02005757386002083e+00 2.43220461219755579e+00 0
-8.85000793044028100e+00 3.22285510431819722e+00 0
-5.66506112663312944e+00 7.37925423427877725e+00 0
-1.30885756699149813e-01 3.36372279110854100e+00 0
9.21980862138982671e-01 -8.70348672713330096e+00 0
1.62947993397037005e+00 -9.53277186151931133e+00 0
7.92804417797872141e-01 -7.84858518659557025e-01 0
-2.60031924230097911e-01 -1.67387029309792590e+00 0
-9.78402549660268051e+00 -7.86919214396127220e+00 0
-2.79909954511429526e-01 4.51744937914028188e+00 0
-1.33844808415595695e+00 1.93499922575615296e-01 0
1.29675928083337810e+00 8.87641054255408624e-01 0
-1.07364211262201503e+00 -2.32551309227865488e+00 0
7.03140416665001933e+00 -2.79260253806195813e+00 0
-3.98648726297445499e+00 -9.10885158525049121e+00 0
-1.07433407180860705e+01 7.70407649631795088e+00 0
-3.62798379273997806e+00 8.03643396269149690e+00 0
1.37338981449586806e+00 1.23654657465001492e+01 0
-7.09421913448008379e+00 -4.51038889170766311e+00 0
-8.87488807880913111e-01 6.40489677886305953e-01 0
1.99197012273300000e+00 7.99641689259167876e+00 0
4.21213601838585294e+00 5.32052388488327832e+00 0
1.20028162806384198e+00 -8.82242078661976237e-01 0
-2.89877800054071599e+00 2.56263156896772504e+00 0
1.81600272922096195e+00 -1.89060909262904997e+00 0
-2.18845154511741313e+00 5.27307817217314012e-01 0
-9.22816321057123079e-01 -1.89201599217906202e+00 0
2.33986680407823799e+00 6.05514404144337104e-01 0
9.68165985641715965e-01 6.50796902945838607e+00 0
-5.36663274914403221e+00 -3.13627475520604415e+00 0
-3.23744620076799217e-01 1.15040791879795501e+00 0
-1.77639413605858199e+00 -6.22313953580045887e+00 0
-2.42961158762939311e+00 -6.93529513567360656e+00 0
1.70023927714586409e+00 1.28179533815217894e+00 0
2.39012606546322592e+00 5.30663489372750163e+00 0
-2.78997518822585988e+00 2.42151626086692806e+00 0
-1.12737474159949791e+00 2.14999259027914791e+00 0
-3.24051032541100215e+00 1.66952875929398203e+00 0
-6.47344076225035181e+00 -1.07706698774656502e+01 0
6.37547774099461595e+00 5.36917261341443997e+00 0
-5.72762671749076535e+00 8.22393342857798304e-01 0
6.71639060094329210e+00 -9.77136944830240672e+00 0
5.40086715555954733e+00 -3.14404586559465682e-01 0
3.19130857396311807e-01 -1.23299346763630191e+00 0
-1.55690575985821700e+00 1.20761112061354092e+00 0
8.60258971778451009e-01 -9.99360519318302387e-01 0
1.17660916457913101e+00 -2.90533604508876608e-01 0
2.15654733024044498e+00 3.50598677199401521e-01 0
5.08046488109682581e+00 4.33342857489803571e-02 0
3.60254339272196500e+00 9.37639526962775349e+00 0
-4.85134296756003458e+00 4.36960436870350843e+00 0
-6.24013478453136905e+00 1.33065137703961806e-01 0
-2.60469897894633196e+00 3.03812940149097299e+00 0
-1.58129462661249010e+00 1.51615300035819200e+00 0
1.85934793280337107e+00 -1.10457395643692791e+00 0
-2.72980834408248185e+00 -6.91591904042618277e-01 0
-9.00764439290302699e-01 9.58633694435933825e-01 0
8.50963038893406321e+00 -4.68310842413426442e+00 0
4.29494836823007820e+00 -4.26921876339034156e+00 0
1.76510972938851807e+00 -1.03148256881810294e+01 0
3.20049577176998090e+00 2.12514181548961378e+00 0
9.14221992358806745e-01 -1.09817734971859404e+00 0
8.18588267757961674e+00 -1.80032178031324297e+00 0
1.16141544666515593e+01 -6.76652147238414070e+00 0
5.15530774678562764e+00 5.12920611237395097e+00 0
-3.80895340268023919e+00 1.94721062770150000e+00 0
2.01690223898836019e+00 3.65589483277301985e+00 0
-9.79612175657495921e-01 1.19612572179464993e+00 0
-2.24393065645130596e+00 6.49243874259670006e-01 0
3.10250470839138082e+00 -5.15056772014470976e+00 0
-7.32236437844492283e+00 5.84036224440420959e+00 0
1.07947854942514510e+00 1.70028519548000495e-01 0
4.15757954146922071e+00 1.67478469806327990e+00 0
8.36898423779894074e+00 -1.18893107440630192e+01 0
-5.42789427295352414e-02 3.05032000441333295e+00 0
-3.76048732233944705e+00 -3.76648210494089408e+00 0
-4.00476668018021975e+00 2.93068154099458585e-02 0
4.58243033354857587e+00 -2.31851680856588382e+00 0
1.52076798268616797e+00 -7.09679312748787261e+00 0
4.17388078158692633e+00 -1.27159318727160908e+00 0
6.63578575524069070e-01 -1.32541377358792389e+00 0
-2.58891118548649901e+00 4.62620778037319269e+00 0
-1.52672980989831997e+00 5.38743974287167582e+00 0
4.72033530778694743e+00 -2.12554460953905000e+00 0
-1.39147721904789901e+00 4.21348978952805375e-01 0
8.46557896819157030e+00 -3.85142209247397227e-01 0
-1.98911316704813212e-01 -2.17063077732728704e+00 0
7.31156609467228868e+00 -5.86572525884379026e+00 0
7.38726537697460373e+00 7.44907178302361039e+00 0
1.45193176194989104e+00 -1.21703088051005093e+00 0
-8.61650363249696349e-01 1.20860389760346698e+00 0
-7.58238410841308857e-02 1.18263657157000002e+00 0
-3.88995534041060020e-01 -1.43954483861475202e+00 0
-1.27027714916205503e+00 4.49638128199076614e-01 0
7.30528005535283742e-01 9.77213027391378497e-01 0
-6.45728195056070486e+00 -4.17073352502457428e+00 0
-2.28183155207548083e+00 2.09143556058338398e-01 0
-3.79001609105188386e+00 6.95495102387014952e-01 0
2.17759611818228205e+00 -1.17349017607133499e+00 0
5.66117690688754838e+00 1.05622508089845302e+00 0
-4.42172585892536940e+00 -4.06004799913394798e+00 0
2.50702545051019188e+00 3.68036623268982011e+00 0
-2.62782503495362407e+00 1.18987259592912995e+01 0
1.79002600050383198e+00 7.72762531522973251e-01 0
-2.34426792966025621e+00 1.60084447259716800e+00 0
3.44934727899582516e-01 1.94738185272862996e+00 0
2.90918291651232108e+00 2.19030210161511896e+00 0
-5.28871218264198095e+00 -1.36874901859390308e+00 0
-1.19908376006526307e+01 6.28327878000341311e+00 0
-1.44520085827451905e+00 2.40244211567523902e-01 0
-7.60703834076309260e+00 1.18904187522493099e+00 0
-2.34022678748994384e+00 -1.21987733037072097e+01 0
1.06609255731018493e+01 -7.21273058888896568e+00 0
8.78120172721200554e+00 -3.13919357219563189e+00 0
4.18040654646465226e-01 -1.89069462432249003e+00 0
-1.99642516178606999e+00 -1.04307102866117396e+00 0
-1.17737236383857496e-01 -3.39153427717932798e+00 0
-6.35303877026820674e-01 8.20859952438333873e-01 0
6.60718553108433237e+00 -5.61436490457873472e+00 0
4.72066332897415020e+00 1.36208458276977207e+00 0
-1.53836093910760998e-02 5.31478890317698216e+00 0
-7.60592728937927465e+00 -3.81744146724867894e+00 0
2.73233020778287594e+00 -6.77326298681324968e+00 0
9.05213236948924749e-01 -5.02952104794473054e-01 0
9.71246859982520760e+00 9.52062436825903829e-02 0
6.31667901261127152e-01 5.13439564529115078e+00 0
-3.29849541834745086e+00 1.91711781772163303e-01 0
-2.51902617346378310e+00 6.90846095553551809e+00 0
4.74137846543366881e-01 9.18539150423303474e-01 0
-2.91308143148993315e+00 2.90410747064661390e+00 0
-5.33877081091740902e+00 -9.52317391357387244e+00 0
-5.06161567676014013e+00 1.29002274226327796e+00 0
-1.25817217329138997e+00 6.15058383556292387e-01 0
7.34898544734591042e+00 1.05840915526716906e+01 0
-7.27950112583579401e+00 1.14062826299404296e+01 0
-3.10694157734427412e+00 2.29465772723664613e-01 0
-7.00822558111855365e+00 -2.95866724603197184e+00 0
2.05377940721070207e+00 -1.07117284610127808e+01 0
6.47844422371491202e+00 1.58054041476938600e+00 0
-1.07152804995333306e+00 -1.29283528103883105e+00 0
-4.99536759378573070e+00 6.48515606867957484e+00 0
-1.60200062426184009e+00 2.16882054098654509e+00 0
-3.02158872274262880e+00 -1.57870356745575990e+00 0
1.00594118720586190e+00 1.27365823522114896e+00 0
-4.46237724796513580e-01 3.41495812075399696e+00 0
2.34815741619306895e+00 3.14537923118741203e+00 0
-3.51272697224719588e+00 -2.55189476657125391e+00 0
4.50719008382035380e-01 1.80856704998407691e+00 0
6.90818472804913930e-01 -1.88953729143838101e+00 0
1.45525705097818192e+00 6.94704018031251036e-01 0
-7.84903360867494487e-02 1.03374129700915995e+00 0
-3.72233020869275899e+00 -1.58709161533087811e-01 0
9.59324372619297172e+00 -2.30311916850362497e+00 0
1.98498132892947510e+00 -1.28044740375073607e+00 0
-4.93369623855987260e+00 3.79493987319313009e+00 0
-2.02515274168696990e+00 -2.09437915271018094e+00 0
-2.12544309912869211e+00 4.76504365701189503e+00 0
4.82306071767130096e+00 5.62680143368027874e+00 0
1.32796401864887303e+00 -3.57836734716369298e+00 0
3.71950092199604088e+00 -1.59767361895819393e+00 0
-4.21461433249690920e+00 3.43380810718921481e+00 0
1.06819990772691908e+00 -6.87915007854642657e-01 0
1.05210588932632598e+00 -5.12892000899642930e+00 0
-6.70707135884112393e+00 3.21073168166042899e+00 0
3.19645242556927389e+00 -1.00180983782230104e+00 0
-7.27429720245084233e-01 1.68921953928966007e+00 0
-1.61155388950891609e+00 3.25898024802425379e+00 0
1.04788046130778092e+01 1.00193562819648800e+01 0
-8.17345439106215044e-01 -7.25314079926649757e-01 0
8.32247040801673776e+00 2.79331082464523295e+00 0
9.64253600476038697e-01 -1.54926685931951202e+00 0
-6.73055846836471883e+00 5.43938417125886442e+00 0
-2.12351162738531807e+00 -2.75034942746780420e+00 0
8.57450160372847714e-01 -1.35861024116480706e+01 0
2.38828750175880522e+00 1.38912056864226097e+00 0
-2.33246278877463187e+00 3.80768663702349786e+00 0
-7.44711272445150785e-01 9.45695421096188538e-01 0
2.98423236417917703e+00 1.06488060573270999e+01 0
1.09289919179934802e+00 -8.84952946774102744e-01 0
-8.12097985969202241e-01 6.50461567273711849e-01 0
1.70049125197326290e+00 4.36317908866049708e-01 0
9.75093993184823371e-01 -3.43617131624450689e+00 0
-1.40688282638618407e+01 3.24447371604006918e+00 0
-2.34949541289096997e+00 -3.41560255673716684e+00 0
-8.01143712379761119e+00 6.14546559354311217e+00 0
-5.71814324871627733e+00 -7.26084407119329889e+00 0
1.75339439549917708e+00 1.54962874488093899e-01 0
1.45645609133214604e+00 -1.23708361093347909e-02 0
-1.40792964835308593e-01 -1.68320297584811907e+00 0
3.14006537059109103e+00 -6.74865005060548917e-01 0
-1.49657837798131710e+00 1.82638876544168705e+00 0
9.51862080419005352e+00 -5.45307150509068794e+00 0
-1.68295506897928893e+00 1.89122982242795806e-01 0
-8.37680141995736349e+00 -1.17849848911047896e+01 0
-1.61780313726502500e+00 1.35226457286552892e+00 0
-3.90746846280442484e-01 -7.15216136792364399e+00 0
6.21649858937096322e+00 -5.67293087450487565e+00 0
-1.06862155532481395e+00 6.93245072721170308e-01 0
-8.76866485162159393e+00 1.90699069487593098e+00 0
-2.17390122266005403e-01 2.74736795697630498e+00 0
8.86229952240031693e+00 4.84395798673842926e+00 0
-1.00560259965234700e+00 2.61176763446854310e-01 0
-9.94017067795398779e-01 9.51896939681790344e-01 0
5.66873296934438020e+00 3.81209230437261803e+00 0
-4.24883613388947423e-01 -1.09191896193404991e+00 0
7.30633504278544876e+00 -8.94011469110908763e+00 0
-2.82658802984511803e+00 -2.49301959334533896e+00 0
-1.30164142277145589e+00 -1.15601571342507601e+01 0
6.71897069082038501e-01 -1.00590935404049198e+00 0
-9.22733026563490211e-01 7.30864577515685898e-01 0
-2.57678876044944616e+00 -5.08789117075812536e-01 0
-5.31153327907433326e+00 7.58733981431313875e+00 0
-5.27437298397989096e+00 8.00561275068672806e+00 0
8.79813126522783939e+00 9.12420100446223614e+00 0
-5.96576305281127173e+00 -3.13352731183993516e+00 0
-1.50102758362091393e+00 -1.39888302633526407e+00 0
-6.82347068824742742e+00 -7.86403391011530450e-01 0
-2.50075252501068013e+00 2.89394785945108390e+00 0
-6.32650754966455842e-01 -9.08013383952178788e-01 0
1.09459177871099000e+00 -2.57486124951306206e+00 0
-2.48127739834971495e+00 -9.13180180580426537e+00 0
7.70981511398667330e-01 -2.79868218741112207e+00 0
-7.30733188645158371e+00 3.11184632366738301e+00 0
-8.87510825621981247e+00 -8.95408275959234956e+00 0
3.49274485966217518e-01 1.36448142399250405e+00 0
6.17423323082497344e+00 1.20511153724500408e+00 0
-3.72538992748484787e+00 5.10001203390839120e+00 0
4.63192892964597425e-01 -9.81614219218738038e-01 0
-1.73387697930399809e+00 -2.62135059815329696e-01 0
1.34443602759905794e+01 -2.02491926159072921e+00 0
1.11558586780544600e+00 -2.10509070908865414e+00 0
1.44060953607884801e+00 -1.04911940733970505e-01 0
-5.90967230900015350e-01 1.11529271885200898e+00 0
7.81170693363408564e+00 8.69747345875370392e+00 0
8.94296461425738975e+00 -2.06010085465527082e+00 0
-3.18865499075610903e-01 -1.07396479407455492e+00 0
-8.33217635130226242e+00 2.15171092019752486e+00 0
-8.46972080628669133e+00 -4.63506770609621288e+00 0
-1.05938243263959309e+00 8.56488289861471630e-01 0
1.39299391976102904e+00 5.66108414098450741e+00 0
-1.11996710427294111e+00 -7.49736354149249440e+00 0
-5.26163959909442802e+00 2.91737341577748088e+00 0
2.47502558095441394e+00 -7.83003886218153156e+00 0
3.18901444746927698e+00 -5.74269392836821613e+00 0
3.49341981307655702e+00 -4.71340643992422237e+00 0
-1.24285410586235989e+00 -5.04829499551353700e-01 0
-9.71076745861667234e+00 1.29869052962488102e-01 0
1.73562743138812303e+00 1.85008360900070290e+00 0
1.84728983146824710e+00 -2.75090270795112302e+00 0
-4.84864247517273572e+00 -4.14896360853867741e+00 0
-8.51621581559076724e+00 1.20376319384833308e+00 0
-7.08804719987368714e-02 -7.26810783678279293e+00 0
8.81714706546571914e-01 3.69265656105595719e+00 0
1.52290916058850301e+00 2.37250199067870415e+00 0
4.63810945791159890e-01 4.00260065111789398e+00 0
3.72909627162753221e+00 -1.00986317486334602e+01 0
-6.35981329742416501e-01 -4.25369689239463433e+00 0
-3.38251164745417388e+00 -2.09883803007824898e+00 0
-2.04888898443489298e+00 -1.08414893958333298e+01 0
-1.04139465835886291e+01 3.55312893534002505e+00 0
-7.74896781815066138e+00 3.60641279049382613e+00 0
6.70893565463609498e+00 4.61766071116274013e+00 0
2.12384603165594799e+00 4.46672341821392305e+00 0
8.77411566795945452e-01 -1.22718107026410506e+00 0
4.37967614945505179e+00 -5.18271564017106900e+00 0
-2.40577390324667117e+00 9.83838104901268440e-01 0
3.45829995353540509e+00 -7.71518521805679214e+00 0
-3.09370042539262213e+00 1.47785622636986291e+00 0
2.83584041986197111e+00 -5.62623079187621222e+00 0
-1.78141931596868108e+00 1.05622508565714601e-02 0
3.85645259603675594e+00 1.14808238820205197e+01 0
4.68898825539478281e+00 -2.92403760446589400e+00 0
6.28923135908926767e+00 8.43101573835095053e+00 0
-7.19258862918461528e+00 8.67735880063845499e+00 0
7.69794679412825733e+00 -4.83675707312853032e+00 0
4.92354402187909557e+00 -5.56209147231809276e+00 0
-5.75900148256289057e+00 -2.03389148157779998e+00 0
-5.25044993700636109e+00 6.82969762970998140e+00 0
6.83612519620781356e+00 -6.61286511462751303e+00 0
6.49190643941235795e-02 2.15643826246149617e+00 0
-7.76317698534172695e+00 4.19465990724641280e+00 0
5.69750428409668341e+00 -5.84507938477161537e-01 0
8.22926592170794557e-02 1.45253259770876997e+00 0
1.51659821442000609e+00 -1.36758066301279801e+00 0
6.04327851083425838e+00 -8.95665347370267995e+00 0
2.63328968834133903e+00 -6.38852894371110258e-01 0
4.50427679684460358e+00 5.80101326740343914e+00 0
3.02998355752758197e+00 -4.08721348381066019e+00 0
-4.30562842494609921e+00 2.44825960705178103e+00 0
3.38183336321156491e-01 -1.04723961234443497e+00 0
-2.29311090520248095e+00 1.35457083446030091e+00 0
3.34644209543185989e+00 2.41691468976902613e+00 0
7.66163377097327514e-01 -6.88937858157891991e-01 0
-5.73754033305037137e+00 -1.43225484277665194e+00 0
1.46695694998510595e-01 -7.85922417513368288e+00 0
9.72681501718705294e-02 -3.14658965439415494e+00 0
-7.75985995626958758e+00 2.09312934003110485e+00 0
2.05543898336441211e-01 1.18125170743412000e+00 0
-2.06653876911599310e+00 1.71384786670134098e-01 0
-4.81977624471378796e+00 -1.41630606067065101e+00 0
-9.02963031840043229e+00 -3.30345578493726721e+00 0
-1.82660320481643601e+00 1.46817608419708501e+00 0
-4.02515613813068729e+00 1.55574265052902994e+00 0
-4.28273494957629097e+00 4.68183286484822991e-01 0
-8.05795270835674149e-01 -8.13750006738757303e-01 0
2.16265933046078818e+00 -1.19683447481887502e+01 0
1.57707677832865900e+00 8.35462374423757037e-01 0
-7.23949696496588313e+00 2.73321976078158091e+00 0
1.82957424345193509e+00 1.21031725733362094e+00 0
5.90018152330504009e+00 4.49025604994969074e-01 0
-1.05982038723504701e-01 -1.54595185664128798e+00 0
-5.11455275661262565e+00 -5.11732753804158680e+00 0
1.23521220182851299e+00 1.33710491869526997e+01 0
-2.66064286771736080e+00 3.66907530919002900e+00 0
-9.46241826710678913e-01 1.05201568568898596e+00 0
-1.09408708081438810e+00 3.68010043546074084e-01 0
5.82363641273043964e+00 4.38830435423547627e+00 0
1.16037940753272597e+01 7.14886911144840376e+00 0
5.38418471228188089e+00 -1.03032807932330694e+01 0
-4.61621722844102056e+00 -1.04946418057363910e+00 0
-4.11299461323867277e+00 1.82969287892029397e+00 0
6.79863858718096203e+00 -7.32748040249999111e+00 0
1.01253179076476894e+01 3.01482587202379193e+00 0
-1.67182136088857702e+00 -6.45208272125339044e-01 0
-3.94259804582119511e-01 1.96615765863299896e+00 0
3.28227429196355081e+00 2.75907818254448589e+00 0
8.89659439506626271e+00 -3.91686645632951791e+00 0
1.04011246278724090e+00 1.93332101465264405e+00 0
-1.69494215261148895e+00 1.03012200064759103e+01 0
7.95619919222910532e-01 -3.15234552973914006e+00 0
-8.35931598157716671e+00 -6.16304688115471766e+00 0
-1.30842759941935394e+00 1.17479362861952308e+00 0
5.42777023784044910e-01 -1.19212687405167195e+00 0
-2.70819923467661683e+00 -2.85840948789250504e+00 0
-9.76224503418239742e-01 -7.44239710918126685e-01 0
6.22723870338684726e+00 -9.83247724873382900e+00 0
3.90555528351182291e-01 9.59939917586667191e-01 0
3.37303422865982894e+00 5.07248557789487808e+00 0
-1.78877085651228590e-01 1.13133031265666695e+00 0
8.38152852689135486e+00 -8.57338356340491003e+00 0
-3.78335605749563375e-01 -9.23320137071540437e+00 0
9.71129061952816208e+00 -3.66307076103570584e+00 0
-1.00130151932023796e+01 2.90673648838430498e+00 0
5.20366792422953806e-01 -8.51431255070784054e+00 0
1.03452660497903604e+00 2.38147618301045513e-02 0
3.45457484607799303e+00 -6.00046057085019591e+00 0
7.13141380468916442e+00 1.26302691262966196e+01 0
-1.49076314765672291e+00 -1.21312817975071008e+00 0
-2.83431437493461402e+00 -1.51179099141751205e+00 0
-3.08996327551004679e+00 3.25635999620036509e+00 0
4.45214365804429058e+00 5.58869791498179835e-01 0
9.98552552647471181e+00 -4.56653156843767594e+00 0
-2.78882032372037081e+00 1.42923968097730891e+00 0
-3.04675492899531886e-01 -1.20244124612246694e+00 0
-3.31064379034602085e+00 -8.70815928533482264e+00 0
-1.31643662997309296e+00 -1.14264253083575507e+00 0
-1.07178950174636900e+00 -4.25780641405773486e-01 0
1.70525393370795597e+00 1.99683656762714801e+00 0
6.21694900048946320e+00 -4.20218416198007283e+00 0
-2.04695571638014595e+00 -4.30847608301778484e-01 0
-5.98330485933544653e-01 -1.18573640642072009e+00 0
1.06749519717455003e-02 1.63122759420801611e+00 0
1.21541421325279497e+00 1.37101095637779807e-01 0
-4.53166834217373893e+00 -1.49764328429577898e+00 0
1.01718571380963296e+00 5.29990466031324381e-01 0
7.08717676341776137e+00 -5.11671047691255687e+00 0
-3.43336593318406091e+00 2.56773506194808920e+00 0
5.15408567821931118e+00 9.90066937765274702e+00 0
2.68144770442505198e+00 -1.67001768707902798e+00 0
1.82268935367521001e+00 -2.91986953929911897e+00 0
-7.55653105341135278e-01 -9.84631741965562135e-01 0
-4.12318288010485912e+00 8.20514770476605726e+00 0
-2.75757108178514221e+00 2.73591620093582621e-01 0
-3.15895693774085906e+00 -1.35741546284485803e+00 0
-4.92085360538745231e+00 -8.79725928452662487e+00 0
3.03379804495436289e+00 -3.16823507614788413e+00 0
-6.98099412182441981e+00 -7.72151860310430660e+00 0
2.64358323285149988e+00 -2.17740129998483312e+00 0
1.51928913850291791e+00 -2.32763434618109200e+00 0
-2.69266811306916098e+00 1.29580532062596703e+01 0
-1.96266414945387990e+00 -6.98574626437282964e-01 0
1.81873860467289289e-01 -5.26533549850786642e+00 0
-3.70071860048893209e+00 2.33190823584986884e+00 0
9.35349771550642806e-01 1.14379229788400494e+00 0
1.51276968039386409e-02 -1.16419795106856605e+00 0
7.11669227457883924e+00 4.72407087470403719e-01 0
3.14358115633157909e-01 -2.00931681408165996e+00 0
-3.46203305611129508e+00 -2.84060736856867990e+00 0
-6.33182558862366118e+00 -1.29728918025357203e+01 0
-1.34522053660154803e+01 1.08224565553981106e-01 0
1.02901023396219493e+00 -6.93776442364275603e-02 0
-6.43443989962304452e-01 -1.67532019238798302e+00 0
6.32252688878599201e-01 1.07763152760204299e+01 0
1.02145300444076192e+00 -1.59417246907644611e-01 0
-2.17195265348530286e+00 -1.02949069656389902e+00 0
7.97828749721896990e-01 1.57100573929876708e+00 0
3.06842694844839392e-02 1.86642778702451206e+00 0
-3.30747023638974991e+00 -9.62699581516964820e+00 0
-8.33018764900965358e+00 1.00740860261520009e+01 0
-5.80245787987150941e+00 -3.57690977289496193e+00 0
1.48586603320259303e+00 6.70711673305525213e+00 0
-3.75361515458611184e+00 3.03615035163237401e+00 0
-1.65737297886011603e-01 -1.40470212703351804e+00 0
-9.07341832949279237e+00 1.12073242841255105e+01 0
2.93519872769637313e+00 1.46441379832716301e+00 0
-2.82390729584298805e+00 8.63857004068717682e-01 0
-1.31615940337258697e+00 4.91100904363317525e+00 0
-1.14909905317242806e+01 2.66021779838166816e+00 0
-3.83568315123417214e-01 2.57724438743665818e+00 0
7.71678001990345397e+00 3.88566582191068322e-01 0
-1.84192828235033601e+00 -7.50428769563899895e-02 0
-2.36461114437082998e+00 6.27331748310117843e-01 0
1.10463349521036291e+00 -7.86089143395860140e-02 0
-5.50243173261633078e+00 -8.57515161073772170e+00 0
-2.42940443195077993e+00 8.17268237358431726e+00 0
-1.34658694566372494e+00 1.45668950612281994e-02 0
4.43634041416457181e-01 2.69287845121267910e+00 0
5.23381956146772165e+00 4.40109032672894518e+00 0
-1.20210729942509200e+01 -2.42536376533474307e+00 0
-5.04383555647276260e+00 -9.83284583729001738e-01 0
1.09399975844778408e+00 -1.69469657806115392e-01 0
-4.33335488762597726e-02 6.17110017414091683e+00 0
2.63020318371959583e+00 -1.00907623880067092e+01 0
5.45506698194555772e-01 -1.46108033030018092e+00 0
-3.28645852111515513e+00 -1.13172439827271099e+00 0
1.56511526297844794e+00 -2.60645933393666186e-02 0
-4.18945487043111409e-01 1.17314315844897110e+00 0
-6.67607435969329543e+00 8.55401219118770939e+00 0
-7.62016507091675077e+00 1.23120765303363502e+01 0
2.50135312444843827e-01 2.00028847263097598e+00 0
-3.37161383659109082e-01 -1.52026542729294389e+00 0
2.23513569694660097e+00 2.53807457642824286e+00 0
8.87747906521085817e+00 6.10831535073792242e+00 0
2.80258007071138682e+00 -8.67048337288081328e+00 0
-2.99118089865722991e+00 6.37234887863790345e-01 0
5.60662955469273028e-01 2.04320545281416299e+00 0
2.87219498345242785e+00 3.18535613722274480e+00 0
-4.54850429427842207e-01 -3.06827528402437988e+00 0
-1.91207816134039810e+00 6.20665708841437569e-01 0
2.50561897975716219e+00 7.50429243440517713e+00 0
-4.68047065270337992e+00 -6.56543677727722219e+00 0
-8.80739832921298205e-01 3.36131024135766010e+00 0
9.47755289673809997e+00 8.45963055460959978e+00 0
-1.03178112163732294e+01 8.23267494475619865e-01 0
-8.38609154885060804e+00 3.95751847661285305e+00 0
3.02480293118964516e+00 4.01317883390928998e+00 0
5.64302827748275160e+00 4.76325258334152579e+00 0
9.13425669871687873e+00 5.70962871919942572e+00 0
6.64846130138223468e-01 1.90684275084962795e+00 0
1.01509111682005297e+01 -5.53778562814148612e-01 0
2.06913635157634301e+00 9.56320809056001475e-01 0
1.62228184532618203e+00 1.52231682040486294e+00 0
-7.47887790731516411e+00 -6.08998943692687078e+00 0
-3.39734129195360879e+00 2.97568757579387899e+00 0
-5.91238898694304638e+00 -9.37402260695870027e+00 0
1.98307899157456102e+00 -2.52690717618092719e+00 0
-1.31523111734724596e+00 -6.78070246601755300e-01 0
1.01639858062368993e+00 -2.00413431788274504e-01 0
-8.98745828357468302e-01 -6.02555230342028625e-01 0
4.02126561977368979e+00 1.51838486673946588e-01 0
-1.12274094028292604e+00 8.79937015165516279e+00 0
-2.23195809871474315e+00 1.06936775275491502e-01 0
1.46471739733557293e+00 -5.09441805743929943e-01 0
-5.64958101900347121e+00 4.01105657694154871e+00 0
-1.43025644004853097e-01 -6.55796482709931805e+00 0
-8.97558620953825326e-01 5.07206308411150331e-01 0
-7.67307180210120121e-01 -1.40531016271028597e+00 0
4.37899411280329787e+00 -6.79485137118372240e+00 0
3.76787367659825900e+00 -7.02104692555431686e+00 0
-5.71289065060160528e-01 1.50169874534862591e+00 0
-8.03745657923234802e+00 -3.42163180264206390e-01 0
2.01061821913001104e+00 6.85981241092255001e+00 0
1.72585934766589810e+00 1.42491793724741900e+00 0
-2.80369981211978203e+00 -3.12967160612589579e+00 0
-1.65432651256661689e+00 4.26159392184611274e+00 0
5.81481840488661827e+00 -1.33086053872466294e+01 0
-5.88686120499071119e+00 1.28444960422292698e+00 0
-1.10018279182157706e+01 -1.13767043203036500e+00 0
4.03940726071454570e+00 -4.80716328228784384e+00 0
2.54785416486556116e-01 -1.00581907880485910e+00 0
-7.32621313883362713e-01 1.96122168248702300e+00 0
8.04466156118320952e-01 5.02021320022631556e+00 0
1.15483161971218506e+00 6.50160731943749459e-01 0
-4.32365834684722561e+00 -4.65123957922244990e+00 0
2.62584107075571982e+00 -1.12948794351075299e+00 0
8.42075196889090910e-02 1.25111631379520194e+00 0
1.49935635637088205e+00 1.59409999350015208e-01 0
-4.99720657617862596e+00 -7.86010742694121500e+00 0
8.19341484451473479e-01 6.30351544273079378e-01 0
1.49301528996804694e-02 -1.68761673066856410e+00 0
4.87967503432904071e+00 3.32846760461981184e+00 0
1.67284618623425807e+00 -1.60383258964952802e+00 0
-1.10274389046966692e+00 -6.47994733009595758e-01 0
1.00340184622755491e+00 -2.63379314656330188e-01 0
5.36703121745458644e-01 1.15475435785410396e+00 0
1.34071399106219697e+01 -5.36398896838822026e+00 0
-4.71544538976544914e+00 1.14497547206120007e+01 0
1.15835260778837006e-03 1.25003540404105706e+00 0
1.28582294418369703e+00 1.86794346775177506e-01 0
5.75248721880338465e+00 -4.57017967706406214e+00 0
-5.98732812067782660e+00 -2.49952993855305605e+00 0
-1.14233823864115802e+00 1.77216522977735491e+00 0
1.41296854623022092e+01 -2.89180752942568908e+00 0
7.50705318452176229e+00 5.60756068687432840e+00 0
-4.81043291028963260e+00 6.44606194059296644e-01 0
-5.98093537292842825e+00 9.23657048581408624e+00 0
1.22717934811289897e+00 -3.14017915094667899e+00 0
1.10441710781911095e+00 -5.06997319155702120e-01 0
6.20464810054951688e-01 9.68236979913902451e-01 0
2.37954142562293480e+00 1.23549672861195603e+00 0
1.09858575385942405e+01 4.55354434162132893e-01 0
-1.10065223181875305e+00 4.60261858205080476e-01 0
1.51195060410363991e+00 8.79362781895445589e-01 0
1.35632670889869100e+00 2.51863464411797300e-01 0
-4.24043591863442781e+00 5.21557282328284799e+00 0
7.85179160860364700e+00 1.58725824382737302e+00 0
-9.81424721305828029e+00 5.16551138351887928e+00 0
3.02705546694551897e+00 -9.47423362665260838e-01 0
-4.57148754544048597e+00 -1.96422244931466206e+00 0
2.14697112185447292e+00 -9.00501222498472309e+00 0
-7.55023700608903336e+00 -4.62132725758950702e+00 0
1.36974751339974610e+00 1.03894112598655592e+01 0
3.13143030411530310e+00 1.02017596057181201e+01 0
-9.72324629295840070e-01 -3.39091628653393873e-01 0
-1.00752589975744105e+01 -2.59384336739002519e+00 0
-8.54110976948081557e+00 -5.42051152082785759e+00 0
-5.15649508713907956e+00 -6.69656549365509601e+00 0
1.58075883015932206e+00 3.92945478043622981e-02 0
-7.19409923243868565e+00 -1.15345411393867394e+01 0
2.42764241950701409e+00 1.11911927801384800e-01 0
1.85032917972674604e+00 -4.19389586685739113e-01 0
-3.97105699633329401e+00 2.22358639374793121e+00 0
9.11944669178350598e-01 -9.05900365172688349e-01 0
1.19128932593092607e+00 -1.87923436793791310e+00 0
1.23761232619778694e+00 4.10345736657054072e+00 0
-1.01708338777721097e+00 1.14600950480208602e-01 0
1.17382672014451894e+00 -3.43060872345762824e-01 0
4.41806144014604296e+00 -3.22199480293858098e+00 0
1.10333047038232698e-01 -1.43975092234002311e+00 0
-2.17392912032618879e+00 2.31094129227791401e+00 0
2.32338771201119787e+00 -9.76043107526916920e+00 0
-1.75677936189115802e+00 1.63454624091092210e-01 0
-4.24756046256182263e+00 -2.54254492844524815e+00 0
-2.71833072359923200e+00 -2.09984507198632819e+00 0
-1.63173173926174098e+00 -2.75882997100458716e-01 0
3.56879173978147479e+00 3.54802433265476580e+00 0
-6.01559878350101496e-01 2.51510026235478890e+00 0
-3.52616434091365694e+00 -1.27812131387400107e+00 0
3.70741454355521582e-01 1.79117464608234300e+00 0
1.55267205579248402e+00 -4.93759674514366420e+00 0
9.67933429518608257e+00 1.06823662838712892e+01 0
2.71049886304036480e-01 -2.84594054217150783e+00 0
4.70909192721361336e+00 -7.40256126628182987e+00 0
1.18813887690282605e+00 4.36239939052239656e+00 0
8.46908002918086877e-01 1.09216001239554106e+00 0
5.36987139883595921e-01 -7.70062281133754212e+00 0
-1.06496633406839702e+00 -5.66499148084869120e-01 0
-7.00138313559534442e+00 9.55380197690269028e+00 0
4.50864038980651693e-01 1.53773613099903206e+00 0
-2.11426740838499905e+00 -1.13238938165055494e+01 0
-6.51344595148633587e+00 1.17899694847943493e+00 0
1.25437792139149296e+00 -1.22465234806160095e+00 0
1.10445634921061107e+01 8.03911942587573947e+00 0
-3.42781166035310392e+00 1.55470223227643300e+00 0
-2.18322633314719505e+00 -7.63894920679471290e-01 0
9.46079201882262311e+00 2.48840113089797921e+00 0
5.46374644944645937e-01 -1.61104068280999591e+00 0
6.75636610386098635e+00 5.90518708102060266e-02 0
6.91643247766999725e+00 3.25359729681217003e+00 0
-8.48409883313799362e+00 4.60783299358942777e+00 0
1.18798426311841210e+00 1.79905591302649404e+00 0
3.37731768753998285e+00 4.56521766583712107e+00 0
9.03423089337740137e+00 -3.48208372844550684e+00 0
1.15817019121535703e+00 1.44373886223095003e+01 0
-5.02070018198125823e+00 4.08401368695517863e+00 0
-2.43996442279100512e+00 2.09469920364712214e+00 0
-1.21339851090081496e+00 1.10292636320599802e+00 0
-3.21168059950823404e+00 1.31629177167278506e+01 0
-7.04352993892011892e+00 3.33632587774041989e+00 0
8.78320785119225178e+00 -9.37334975426290384e+00 0
4.39887709483649192e-01 -3.08843327019916014e+00 0
5.43895292953191833e-01 8.84091610832620334e-01 0
2.53674478221329602e+00 8.57314927020801676e+00 0
-8.69894383790869874e+00 6.52447692590592343e+00 0
7.72852875420690810e-01 6.92647736394162661e-01 0
-1.59953613518221793e+00 -1.77487727321000310e+00 0
-6.01749444413187362e+00 -1.62893497357214007e-01 0
-2.15271420688097992e+00 -6.13848199894672208e-01 0
1.09533616285365309e+00 4.74464580133336922e-01 0
-2.14330806811116581e+00 6.06855260852553613e+00 0
3.27710005240196400e+00 -1.31440003157151097e+00 0
1.31235546432673100e+01 6.75940233336074114e-01 0
9.80550800349535456e-01 6.01399174032535289e-01 0
-8.86404742688406166e+00 -3.77205009775895306e+00 0
5.07863529314305784e-01 -2.77940933334223184e+00 0
-4.51362561748342195e+00 -5.26148369111502312e+00 0
-7.01007897025298199e+00 8.89853637425871979e-01 0
-7.40781243260979938e+00 4.25626788707917303e+00 0
-2.91841127706575110e+00 1.01214346736988703e+00 0
5.70760646216766521e+00 6.70098781891319906e+00 0
-3.35554075759137893e+00 -1.01910481586476394e+01 0
-1.01893384271634302e+00 1.05170631952162208e+00 0
1.37872490060838206e+01 4.24351865889960411e+00 0
1.67687444986869294e+00 -1.92268240409292090e+00 0
-3.54005257132774420e-01 1.61230816681699207e+00 0
-8.94040113859820451e+00 -4.61480509996447097e+00 0
1.17662882613048794e+01 -8.42923530138928712e+00 0
-4.50827880080161858e+00 4.76271276150988943e+00 0
7.16977121578959986e-01 8.20132334566599286e-01 0
5.11036502749401489e-01 1.06942314018232199e+00 0
-2.01623265351134506e+00 -1.23601332090476190e+00 0
3.11807813845733417e-01 -1.53058038685129594e+00 0
-9.46967537021560446e+00 -3.18704410281442518e+00 0
-8.68410390961490863e-01 1.86138366812068989e+00 0
6.85961128711917612e-01 -1.54867845540169591e+00 0
2.67948024871114487e+00 -2.48176025263168221e+00 0
9.17405093313935160e-01 -1.85265693443416501e+00 0
5.21414354359111520e+00 -8.91580046375087498e+00 0
6.77939914257358112e-01 8.53340066415598120e-01 0
-1.30518222264198798e+01 4.15581683756853160e+00 0
-3.22963852395352102e+00 2.68710752471522918e+00 0
-1.35215768675964410e+00 1.05283441404342804e+00 0
2.31014979659424879e+00 -4.67905986177412581e-01 0
7.20527821958359205e+00 -3.31183094424976199e+00 0
-7.39724912416399927e-01 4.79079463540479011e+00 0
-5.87345804888370715e+00 -5.21591063778234787e+00 0
1.75624329755144593e+00 5.98293439522800430e+00 0
-4.23904534251174159e+00 -9.85992505971936439e-01 0
-3.92294433229348893e+00 4.15579380895805528e+00 0
-6.89170771613248867e+00 -9.01640028938394167e+00 0
2.82285323529558285e+00 6.00574140458058126e-01 0
-9.71791912059448260e-01 -5.43029422923116178e-01 0
-3.06536374742839790e-01 -9.91380762027631257e-01 0
3.13835991984872908e+00 2.47597761537513605e+00 0
1.87968997691708295e+00 -7.30025730540843742e+00 0
1.43805652918205098e+01 1.86966445515678803e+00 0
-6.14253020130013261e-01 3.45523130533941680e+00 0
9.92079030289918729e-01 5.15185757631946828e+00 0
1.16768989233652909e+00 -1.44723663094175894e+01 0
5.99804220878844330e-01 -1.24204685500188705e+00 0
-5.30433831875559592e-01 2.27968386584177196e+00 0
1.13398338183981795e+00 -1.53109628046974411e+00 0
-1.73878950103141194e-01 1.02287030495710707e+00 0
1.33300610152063403e+00 1.13940040834525096e+01 0
-4.02390189308083102e+00 4.59469229844146643e+00 0
8.75562496029863979e+00 -6.61186093967858302e+00 0
-7.97348028008337262e-01 6.24197739716185485e+00 0
7.08947495035849862e+00 -7.64651701028700703e+00 0
2.97623074744883009e+00 -2.53417647724195305e+00 0
4.09780734039266559e+00 1.24353705582616705e+01 0
3.49497872598640003e+00 1.32386680393790392e+01 0
-4.35241842012304092e-01 -4.05912300429827777e+00 0
-2.82171833222212687e+00 1.90297643636313807e+00 0
-6.91223555311344118e+00 -6.91309756302688694e+00 0
2.07453381768014689e+00 -1.01453818583868993e+00 0
-2.90286114108105897e-01 -1.78491667561470102e+00 0
-1.83116590843383498e+00 1.71288727094811111e+00 0
-5.47747482391929541e+00 -8.07706014936399441e+00 0
4.53482718571140797e+00 -1.50984293910080702e+00 0
9.93069799103334816e-01 1.00883699242039104e+00 0
-4.48138913845593179e-01 1.88185394667770911e+00 0
-6.70667280743602756e+00 4.68375914579202668e+00 0
-1.17334544037362809e+00 1.20525394310726397e+00 0
8.36582487629791594e+00 -5.05794681740472818e+00 0
-1.13730710139306090e+00 3.35490698977880708e+00 0
-8.21192449764247989e+00 1.06771876544007203e+01 0
-4.04460638134454076e+00 -6.16987869989999727e+00 0
1.99718019121432500e-01 4.98147522172505042e+00 0
-5.55362226650274682e+00 -1.27687711326581993e-01 0
5.99963120539368777e+00 -4.82992313019252162e+00 0
-3.14518307898248617e+00 2.37264739652026879e+00 0
3.00697708240151895e+00 -1.61797596829749391e+00 0
-2.54611049785473309e+00 -2.20422869762793594e+00 0
-5.65647477969221057e+00 6.42059829317353792e+00 0
8.01034371775066534e-01 1.05604727002979404e+00 0
1.02586618770022997e+00 9.04876315887434779e-01 0
-2.34559697474345219e+00 4.24528110349530685e+00 0
4.14137701982175788e+00 -1.05447237741126099e+00 0
-1.21260155868503805e+00 -1.16371555936575399e+00 0
3.04369755378961315e+00 2.96102833501901974e-01 0
-8.48703662831366934e+00 9.14327510183184700e+00 0
-6.95863445826980342e-01 7.61994768130970113e-01 0
1.17784289613957305e+00 -5.47400144107444042e+00 0
1.21975780536096501e+00 -7.27893174700953693e+00 0
-1.02912995088601411e+00 2.80978366682986813e-02 0
-2.17504562481426511e+00 8.37273638062874803e-01 0
-1.20370850105415306e+00 4.51857628097172892e-01 0
-5.31594488009277527e-02 1.42126864287048105e+00 0
1.51574198411720995e+00 1.92995705409931695e+00 0
2.27055363458017800e-01 1.39607996612130703e+00 0
-4.30436980806465908e+00 6.50086469987622717e+00 0
9.27407533993970645e+00 -6.25656069949443161e+00 0
1.37547589481350108e+00 -1.32655305236340593e+00 0
-3.96162333344403983e-01 1.36247678643305292e+01 0
-1.86990207409782294e+00 3.15461678223405695e+00 0
-2.61394949553593081e+00 2.43666131891483495e+00 0
-1.29812165143885103e+01 -6.38260299720473601e+00 0
5.14369394413617709e+00 5.79290746062883777e+00 0
-9.96659400546496266e-01 -2.57835186557938578e-01 0
-3.26088344939244479e+00 -4.32348634817693422e-01 0
2.02853501472211795e+00 -1.83530930143443993e+00 0
-1.07700686409426605e+00 5.16372799870756682e-01 0
-9.64684561337827540e-01 -1.62981083222542300e+00 0
-1.67583686489258699e+00 1.98499235948704600e+00 0
-1.19154121868170808e+01 -3.52052804463473379e+00 0
1.13046063908666401e+01 5.77066268030182261e+00 0
-9.18968777863199016e+00 -5.01855341426178558e+00 0
2.36674127782504906e-01 -8.90765382651621174e+00 0
-4.77740295477377241e+00 8.65194479759702340e+00 0
-1.13680570810726191e+01 3.58462043959823307e+00 0
1.70933350574780207e+00 3.32854646464534021e+00 0
5.20282264622555668e-01 -9.53203912337384551e-01 0
-1.11059114503513801e+00 -1.75757363024639290e-01 0
-9.96724994868787517e-01 2.68169449844485497e+00 0
-3.33027091999209679e+00 7.50530990524434660e+00 0
-2.19615923624569803e-01 1.10681146122526197e+01 0
1.37837594511631991e+01 -4.55440448776775320e+00 0
-1.12379577685721599e+00 9.22872386825492441e+00 0
3.90974017864509493e+00 9.47682039249111097e-01 0
-4.82975757418577523e+00 -1.14980066921922797e+00 0
9.76706519018053720e-01 3.43308067051696475e-01 0
-5.04457653147046958e+00 3.33789682781858899e+00 0
-1.07836807753637198e-02 3.63798999161618397e+00 0
5.78171255675827478e+00 -1.59276140766655994e+00 0
1.02593120261952397e+00 -4.64445619867873205e+00 0
1.80732673221954104e-01 -2.13644810288939802e+00 0
1.13115386939314200e+00 -1.01083730752405110e+00 0
-4.77409895853051403e+00 2.09425484761988412e-01 0
-2.22473166265134381e+00 -1.01058689524777201e-01 0
-1.49288912988514710e-01 -1.19437377907262010e+00 0
-1.13762962251268096e+00 -4.98214670210133104e-01 0
1.12190917219252495e+00 4.14279690931476596e-01 0
-1.17948699896408304e+00 1.07015144445994706e-01 0
-3.91950152881720015e+00 -1.14281156518448892e+01 0
-6.54219935527100782e-01 9.67070032171739413e+00 0
-1.23360649079263407e+01 7.48746812294036435e+00 0
-1.91942746399417596e+00 7.41873694152751617e-01 0
-2.94072528994344395e+00 -6.58434907933547020e+00 0
1.07074893299749991e+01 5.84226946424067872e+00 0
1.53847140462998500e+00 -1.89842584239374390e+00 0
-1.84305403385574995e+00 7.93432914761584174e-01 0
-6.87432640190232558e+00 -1.72269855834841001e+00 0
6.38421331505733325e-01 2.73580668059055787e+00 0
6.69943166091047315e-01 1.67956157859952904e+00 0
-2.11606616502557499e+00 1.12051522639166401e+00 0
4.52923283285439293e+00 5.15862536226414381e+00 0
1.24267329248576197e+00 -1.18293239086472199e-01 0
1.64275184579936906e+00 -6.31889318796118893e+00 0
-3.11087731251452793e+00 6.87352585828718787e+00 0
2.43402205278345196e+00 3.53188782315480509e-01 0
2.20875513520435707e+00 -2.02413836691568783e+00 0
-1.07043187744346202e+01 -1.86621008611361106e-01 0
6.62395707768229780e+00 -3.80463468679264016e+00 0
9.80594019616748369e+00 6.23385162951851424e+00 0
-2.70146152079929713e+00 4.69945231397199403e-01 0
-1.55941824293165210e+00 2.81967230528042379e+00 0
1.91756482240838300e+00 -9.51868639563548391e-01 0
8.29983226940922192e-01 -7.90702380935940496e+00 0
-8.71520998355706844e-01 7.09444900138389012e-01 0
2.50742362042416123e-01 -1.30678669344874798e+00 0
-4.78154287920674559e+00 1.00331408861913793e+01 0
-6.29800363499992066e+00 -4.56991859843891923e+00 0
4.31633198141566066e+00 -1.65688267332656403e+00 0
8.05133641184663129e-01 -2.36812887957744600e+00 0
-9.92444541926491008e-01 -9.73281654580353428e-01 0
-1.03372777350327905e+00 1.30956578576626503e+00 0
-7.03223702362458614e+00 7.74703897262184160e+00 0
-1.47203266652577391e+00 1.67788526171520003e+00 0
-1.65576872460063501e-01 2.85577429798060711e+00 0
5.63171425615966448e-01 1.05354157720413011e+00 0
-9.96007758247131836e-01 6.78447173685509330e-01 0
-1.30364675095930194e+00 1.20472596186766996e+01 0
2.52553930970579987e+00 -1.05612522807548803e+01 0
4.22119843525895000e+00 6.32683367404187269e+00 0
-1.02870662079337691e+01 4.94560516707269393e+00 0
-6.54064326211050595e+00 1.29940264442532296e+01 0
4.32899565112217388e+00 6.72623062678089489e+00 0
2.01925313535824413e+00 2.38869059438847509e-01 0
-7.16824738137477890e+00 1.78143438107257501e+00 0
-4.60961080600384571e-02 -1.35246010651172099e+00 0
1.23255776391886904e+01 3.05611116586734699e+00 0
1.80330708297698306e+00 -1.19107672565126310e+00 0
1.21254354189937397e+00 -9.57173651875801212e+00 0
-2.25357576181298880e+00 1.34147606421162298e+01 0
-5.09280977916241806e+00 2.43788634159652817e+00 0
2.06162190534052187e-01 -1.00971261611237395e+00 0
1.37169796004117694e+00 -5.98909586327681165e+00 0
1.43160505503657198e+00 2.16702005824490307e+00 0
-7.78096679446759865e+00 -5.68747849431721075e+00 0
8.12648713962719871e-01 -1.55111737653799908e+00 0
-2.36728132970250610e-01 -1.51453304460443405e+00 0
3.03197043240938102e+00 4.85133980269393028e+00 0
-6.27554830635353866e+00 -5.25131993014906762e+00 0
-9.76810489862284914e-01 3.54932925983285907e-01 0
-2.06111287624614992e+00 -8.17162866344557925e-01 0
-9.97993528257175022e-01 -8.79893267570215265e+00 0
3.07520522426824705e+00 1.20445913941667992e+00 0
2.80247813798252210e+00 -1.53636586062517311e+00 0
-1.11126942724641298e+00 3.51530969330214793e+00 0
-8.57933838241816682e-01 -6.82770071294307002e-01 0
-1.03192696880438595e+00 3.77856308603315005e+00 0
5.61479771933773097e+00 -2.92552104518642819e+00 0
8.06344527105947728e-01 8.75797392969015154e-01 0
-1.08748002561236401e+00 -9.66720979929553137e-02 0
3.17911584880118880e+00 5.57681607427500392e+00 0
-1.23640900993696201e+00 1.48426044321758610e+00 0
-7.89207910045391703e-01 2.43108659878122380e+00 0
2.65257446395834506e+00 2.91680156940859892e+00 0
1.35698530498736307e+01 -8.42536064975337839e-01 0
9.67933366567216291e-01 -3.42784659978542516e-01 0
7.54958783435256464e-01 -2.23081864193022295e+00 0
-2.56702874903906975e-01 -5.01133150280328810e+00 0
-7.63326762860613961e+00 8.37223092797706059e+00 0
-4.03235712862525464e+00 3.89793109909242697e+00 0
-1.64245764583746001e+00 5.43489236355994332e-01 0
8.02341232636259227e-01 2.38253597885304513e+00 0
1.49431750879278902e-01 3.37696966385271802e+00 0
1.55486409624238597e-01 2.49692457904155107e+00 0
-1.24656172216900396e+00 -3.68628427985743912e-01 0
-8.28230008568397835e+00 -1.11421474535892595e+00 0
2.85175448182304381e+00 -1.36367797275529590e+00 0
-1.09314862385893008e+01 9.57214471752238438e+00 0
2.74184158940715017e+00 4.54673295879429007e-01 0
-6.01937806151892385e+00 -6.96200360049905242e+00 0
3.21072695135899089e+00 9.34228985263165890e-01 0
1.39053402415770511e+00 -1.88889496096454002e+00 0
1.76129342127661899e-03 -2.60895784928571084e+00 0
5.98503479317777476e-01 5.84379077236927369e+00 0
1.33116075643438303e+00 -2.76592303057015376e-01 0
1.87840582524275601e+00 -2.08917856186593598e+00 0
6.36508565678119442e+00 -1.04410235404658702e+00 0
-2.39376234971014590e+00 2.21842214574350494e-01 0
-1.39533128976300702e+00 9.71035444948228799e-01 0
-1.94244888300560103e+00 -2.94243868248326113e+00 0
-2.51369759001305493e+00 1.95589969022138299e+00 0
-1.78578434205550796e+00 3.01565476582641101e-01 0
7.10713542162065615e+00 1.17477464966903202e+01 0
-6.46323939742174680e+00 -7.62573577439677930e+00 0
2.42649314730249310e+00 -9.26925549064234855e-01 0
1.06259348363339989e+00 1.18463680798305404e+00 0
-1.05709500807101300e+01 5.68802664685211035e+00 0
-3.58167007593062581e-01 -4.52302790638927910e+00 0
4.75122376889662912e-01 7.05048967489033096e+00 0
2.81452145619695981e+00 4.45454561615763023e+00 0
4.14650992464339385e+00 4.43301212346135465e+00 0
-1.86989281090468107e+00 -7.42837164240165548e-01 0
-4.64116072070985197e+00 3.43257207067989079e+00 0
-6.85096138161647428e+00 2.26047215516163602e+00 0
-8.64076619800980694e+00 -5.98154260993468578e-01 0
3.59742451724210310e+00 -2.46771946951764409e+00 0
1.43073282940709201e+00 -1.57721803059078702e+00 0
3.02945308366565014e+00 1.63011428883814191e+00 0
2.26320600570885322e+00 -1.05849388960687407e+00 0
-1.34950276968269600e+00 -8.22642900752072248e-01 0
2.71997834345390599e+00 -3.22538693408224697e+00 0
1.42946157158664211e+00 -2.13427755915526207e-01 0
-1.29194540430525295e+00 1.26868011922040402e+00 0
-5.49277077970728000e-01 9.77971546505266631e-01 0
-2.73884236337368980e+00 -1.33063244814752100e+01 0
-1.89099331033639895e+00 -1.42852602539446605e+00 0
1.59530021128240690e-01 -2.25450903219094778e+00 0
-7.34779911702008293e-01 -7.29754237099083602e-01 0
8.80290927182798555e-01 1.53530275649261605e+00 0
-5.40932476771429283e+00 1.09966603046371403e+00 0
-1.41258619539957797e+00 1.44518875937611591e+00 0
1.25590019858345991e+00 1.72606359026742395e+00 0
-9.61519549630550507e+00 -2.72550110274118085e+00 0
3.97807492168916810e-01 -1.52961800144933502e+00 0
-1.59462559550177296e-01 5.11282088666996071e+00 0
3.16888158784473095e+00 -2.83448923220786186e+00 0
-3.43778458091679118e-01 -1.16398730876436094e+01 0
-7.09786958503268028e+00 -5.24891916646400158e+00 0
-1.19482441430936803e+00 -1.90087647985889313e-01 0
1.02213283165180302e-01 -1.20116296074166495e+00 0
2.61223047805033484e-02 -1.44824684390885206e+00 0
3.91349645519253997e+00 -1.18363677763723700e+01 0
-2.89737905335872004e+00 6.42972355170076781e+00 0
3.09526388252309914e+00 -6.81570899635027505e+00 0
-9.12607226996788867e-01 1.16134301482874891e+00 0
-1.27982973570588010e+00 -1.75082700965084204e+00 0
7.80147065323419486e-01 7.73409554654686970e-01 0
6.41940707389724796e+00 1.09557080072070701e+01 0
-1.97810683462565606e+00 5.18084501018386057e+00 0
4.03456746153478640e+00 4.88011062185215483e+00 0
-6.83777728795470541e+00 -5.64452893977912407e+00 0
3.48024483340356605e+00 -7.27240562331568086e+00 0
-2.83691181301570383e+00 6.19053457197583534e-01 0
-1.72683902290641189e+00 4.20330773843169581e-01 0
6.91328813164625888e+00 7.90650512005186012e+00 0
3.51628627177354902e+00 1.09469134425630310e+00 0
-6.02708408077376934e+00 6.07198463892911811e+00 0
2.18234256513598801e+00 -4.68858115050079169e-02 0
-2.71646771215981520e-01 1.62261360213759209e+00 0
-1.24582094852852010e+00 2.19151310918100384e+00 0
6.79409870328225374e+00 -4.52086360205312943e+00 0
3.66653644199293005e+00 -3.76075979426493801e+00 0
1.22926372429895903e+00 -1.08784291857571702e+00 0
9.11594390973298307e-01 -1.02708124586483907e+00 0
-2.74373683485711295e+00 -7.72611918271966758e+00 0
-8.98030154354128562e+00 1.01783389315591908e+01 0
1.29964892798762293e+01 -6.46831265508208642e+00 0
-2.64083455985361093e+00 3.95774461122191479e+00 0
-2.10528927402687316e+00 3.01496756496305807e+00 0
-2.80830855632076704e+00 4.66085503756576269e+00 0
2.82747674998611087e+00 3.54651927056759020e-01 0
3.14294072779938105e+00 -3.53748853563409793e-01 0
-2.98357630412869002e+00 -5.79659987418731260e-01 0
3.97774955001855712e+00 8.24235386821907667e+00 0
-7.31245458427771844e+00 9.13617060260702729e+00 0
5.25797019193931847e-01 -1.09404317804004592e+00 0
6.53529809882440249e-01 -8.01710348671890394e-01 0
-4.69006281830135130e+00 -4.67679945013183840e+00 0
3.07426952989725610e-01 -1.34880679396152692e+00 0
2.68035279630202705e+00 -3.98489121635683619e-01 0
-1.32468095918341811e+00 2.10382027296809593e+00 0
-3.64969066228184680e+00 8.79686036887349587e+00 0
7.46544842533444086e+00 -1.56464208152121392e-01 0
1.92382135811800703e+00 -2.29440238639099903e+00 0
-1.46702612437782598e+00 4.32730444093533606e+00 0
-1.19363866966968608e+01 -1.83039857898588210e+00 0
6.30262677371833391e+00 5.13455193307950780e-02 0
5.25739028215759241e+00 2.14243973638064800e+00 0
5.08290443613174059e+00 -4.73290051900633824e+00 0
3.01869431503318308e+00 -1.92562274475460504e+00 0
-1.27196751567836497e+00 9.45055113894997412e-01 0
-6.34005310810423595e+00 2.44710266140663579e+00 0
1.22649449096558005e-01 6.70345856145860974e+00 0
-3.78373933072469332e-02 -2.15467000758833116e+00 0
-2.24421665508894808e-01 -3.73290108603032689e+00 0
-1.12782922079903791e+01 -5.25021698852948138e+00 0
-9.94680287082135073e-01 6.98031649810177601e+00 0
2.72094923466637717e-01 4.49298328987450013e+00 0
6.85526358572825156e+00 -5.90538340445831000e+00 0
1.19438097883725902e+00 -4.37588443821870676e-01 0
2.14195082853339702e+00 -7.51046418120327464e-01 0
-5.36453556256051201e+00 -4.82101839600343940e+00 0
1.46035808238980713e-01 3.09282476066788004e+00 0
-4.22251026866008239e+00 1.00653126263128390e+00 0
-7.18903274216654165e+00 2.12027120667724001e+00 0
-4.12401635340970874e+00 -1.34900286662123903e+00 0
1.72517083487971989e+00 1.35866526474309008e+01 0
1.12075375324310511e+00 -1.23044534205589295e+00 0
-7.72154158069467744e+00 1.77644667705070392e+00 0
1.14784538167596999e+01 -4.64089822507322403e+00 0
-1.64268680871511408e+00 -1.36079056939612801e+01 0
8.44179315627628268e-01 2.00632632999965521e+00 0
1.06876691792589096e+01 2.34132109654857912e+00 0
-1.15239801765739602e+00 6.68900942137609089e-01 0
-1.65649677550607999e+00 5.00001293952834658e+00 0
-3.51525477786421892e+00 -5.18095354041384581e+00 0
4.78087810508369504e+00 -1.15636976668765801e+00 0
1.01134613869568102e+00 -1.70150772090433211e+00 0
-9.00600387837754468e+00 2.22543802815703184e+00 0
1.19588777844083904e+00 -8.58032905787468880e-02 0
1.26223941593636102e+00 8.11442391738402491e-01 0
-4.75724657723789779e+00 -1.01088075550640095e+01 0
9.47140137312944219e+00 -1.01156229889740992e+01 0
-8.34535595804529517e-01 -8.63425681673057555e-01 0
3.48582940584065204e+00 -1.84921408963143197e+00 0
1.99483903026511511e+00 2.74686234280787911e+00 0
-1.00291030242395807e+00 7.90779676418248201e-01 0
1.05896405663620596e+00 -4.36743083970756718e+00 0
-3.63315334159084280e+00 -4.81850125757105996e+00 0
4.08420423515527098e+00 -1.60353149578337306e+00 0
-2.02012880984362297e+00 2.69484246472634981e+00 0
-6.15337391311572990e+00 3.05858942142910406e+00 0
-1.06065565310709307e+01 2.50285629271166910e+00 0
4.63419284579354862e+00 1.64600684609407688e-01 0
-3.52965415829857498e+00 -3.06610077405207404e+00 0
4.56579046452456883e+00 -2.74596261221683191e+00 0
-1.37038322696548693e+01 4.48457994202056831e+00 0
-7.74942133738610095e-01 1.02972823841976902e+00 0
3.07787714974330884e+00 -1.47009704621338511e+00 0
-7.32804961154995382e+00 9.97339111343031171e+00 0
1.37611679596279002e+00 -1.47134248020227298e+00 0
1.59673643534893106e+00 -5.66919612473107515e-01 0
1.42896673544877295e+00 -2.78785213171714785e-01 0
1.15694140694628489e+00 2.09933803875784197e-01 0
-6.93808817036689174e-01 1.23184232403885696e+00 0
-1.07944961339497691e+00 7.39254883953275654e-01 0
4.71713550710995921e+00 -3.97263160453205710e+00 0
2.30348593265552104e+00 -2.53812373101354405e+00 0
-1.82314430392927296e+00 1.17648512868566901e+00 0
5.87276301841030191e-01 -1.02472523554963391e+00 0
1.15445220758890006e+01 -7.23398747331254732e+00 0
-6.41234690263807661e+00 6.48434339532890203e+00 0
2.87693888264874698e+00 2.70567214936457079e+00 0
9.87283747540357443e-02 3.90065921920457592e+00 0
1.09755894475283311e+00 -4.18095720958143124e-01 0
-1.52457742585953793e+00 4.41013071705973703e-01 0
-5.76309628312550082e+00 -4.25057294490399773e+00 0
-1.95556377749259491e+00 4.67376173379767390e-01 0
-2.72332816551609813e+00 1.10744495865276296e+01 0
3.29091878864387022e+00 -1.27805449444646002e-01 0
-2.13563693763126716e+00 2.56940359768343596e+00 0
-1.34238650992447806e-01 2.15189961109477013e+00 0
7.81884185774776874e+00 -3.51407264748807879e+00 0
8.60856630530390987e+00 7.67230371621698048e-01 0
8.83690867472850528e+00 1.15046378152143092e+01 0
2.64005725825072313e+00 2.32000887064491979e+00 0
-2.94592562691850013e+00 -8.34790020752912976e-01 0
2.46183844154935993e+00 7.95275091317281579e-01 0
4.40677208270990128e+00 2.05304184925585609e-01 0
-4.92096365830508820e+00 -7.41162056774562927e+00 0
9.47160337611628123e+00 6.72317818023842317e+00 0
-1.20907987651214510e+00 2.48949477673409587e-02 0
-7.80631238907619363e+00 6.56352855924813205e+00 0
-3.78509140625795382e-01 1.07174506730653807e+00 0
7.02493257010108896e-01 1.37200559744032304e+01 0
5.73734386733143609e+00 -1.14318156108237208e+01 0
-1.19664133891916191e+00 -7.50204460305649024e-02 0
1.52177881020028005e+00 -1.72857239183697109e+00 0
-7.34471271731696707e+00 -2.65534592047275408e+00 0
-7.46560134262947539e-01 -1.04989438055977793e+01 0
-3.87112564504383494e+00 3.71929708116037583e+00 0
-3.79692091266994902e+00 6.88857920349562658e+00 0
1.04453487550402402e+00 -3.36070559758960608e-01 0
2.66147221254726096e+00 -1.42138540826106698e+01 0
-2.25095456247148912e-01 3.27278106256484902e+00 0
5.12452041600519070e+00 -2.87399966303541410e+00 0
8.45570820988685301e-01 -1.10841273346114910e+00 0
4.76236713760966257e+00 -3.47664825803649213e-01 0
4.17214334559187994e-01 1.05507483812922609e+00 0
-5.60683576943016071e+00 6.51916574701665752e-01 0
6.62760164871791457e-01 1.51655880652516695e+00 0
1.88472477286608697e+00 -5.99061982225385981e-01 0
-1.69457569140116493e+00 -1.38459463173866704e+00 0
-1.03374139815125399e+00 1.86824082943625802e+00 0
-3.77366451913481615e+00 1.17080493275845399e+01 0
7.72479926104896464e+00 7.71376406147561777e+00 0
-6.38504241673072848e-01 -9.84525220470797380e-01 0
3.87159450353956214e-01 -1.02425623095023210e+00 0
-1.45823889124105399e+00 2.09969123126960804e-02 0
1.26632561144846600e+00 4.33989205133411216e-01 0
1.82666836841452196e+00 3.93519129434008885e+00 0
-5.67448310048323368e+00 1.00979843774903504e+01 0
-2.05525678676434120e+00 -1.83380911328755891e-01 0
-3.33546059572877085e-01 6.28265710526801691e+00 0
-4.90433957438721591e-01 -8.09691351552557492e+00 0
1.21882382240301794e+01 2.36750384682853410e+00 0
7.95481231711800740e-01 1.26691846652413598e+00 0
-1.33555706944330197e+01 -2.52904084645647220e+00 0
2.24206031118872806e+00 1.52843499247168602e+00 0
2.22242277262819821e+00 2.31945818796234882e+00 0
-4.09335737141727396e+00 2.43719038016485889e+00 0
6.28706117265809006e+00 6.66622271837124103e+00 0
-2.00132807917925293e+00 3.17501935366839683e-01 0
1.12958269223010195e+01 4.18057503801976704e+00 0
9.26056363004242739e-02 -1.65979272841293790e+00 0
2.13922388122385199e+00 7.23273770871105004e-01 0
-8.73517262804698991e-01 5.48717596760995519e-01 0
-6.39040228237163110e-01 1.13121825438028001e+00 0
2.67119969119910294e+00 6.73902381020039853e-01 0
-6.87453581561563998e-01 -1.16466149671958097e+00 0
7.91704099390610927e-01 2.94806388572308720e+00 0
-9.90070001205120498e+00 -4.38378458892420486e+00 0
-2.37631047182022215e+00 1.85212766141813501e+00 0
8.32765410375657322e-01 2.58549960624889819e+00 0
-1.29635721483361399e+00 -5.52062993315559636e-01 0
2.21303599084094893e+00 -4.58305867844535086e+00 0
-6.29730587966723387e+00 -6.28793479694849911e+00 0
2.46359565973739780e+00 1.64109671065238105e+00 0
5.03158537487165214e-01 -2.66034374288495590e+00 0
-4.66096011961620693e+00 -2.41164560004979078e+00 0
4.62248645550032844e+00 4.36698096277845060e+00 0
5.75961856231967229e+00 -6.92748131726521166e+00 0
-5.79400235130486863e+00 1.99438812607872301e-01 0
-1.54995415786335089e+00 3.54044337999745906e+00 0
3.39888071173377326e-01 -9.71330654904202784e-01 0
1.16636991416137192e+00 1.25742893241056497e+00 0
-1.80961150178967189e+00 5.43561218199443896e+00 0
4.42149671692214064e+00 9.96093471020500054e+00 0
-1.30964409479187394e+00 -4.30641528675448915e-01 0
-3.41285414565831102e+00 3.23606395464114183e+00 0
-1.11018973313116498e+00 5.55963964623376761e+00 0
1.13206350367888096e+01 -1.51913139927681695e+00 0
-7.25266019065608947e-01 3.33276076895457019e+00 0
1.08642090767640003e+01 2.80243712483573981e+00 0
-7.73988183699434540e+00 -8.49842008871974475e-01 0
1.17922398857550892e+00 5.05241207582092944e+00 0
7.45541653942482840e-01 3.77739972828830783e+00 0
1.03476333199986592e+00 2.86974179526935602e+00 0
5.40170764865551334e+00 5.29626470208889799e+00 0
1.05253937840282208e+00 -4.55595736388209993e-01 0
-8.78257429786728494e+00 -1.47997452766581694e+00 0
-1.14707442369950496e+00 2.90762266849903694e-01 0
5.78981488263397193e+00 7.27558930308155194e+00 0
1.04381723084083102e+01 3.59284596361518815e+00 0
8.30246166822584541e+00 -9.12385141292442370e+00 0
1.74483176346094393e-01 1.12821134084952890e+00 0
8.60538270117608128e+00 -1.05974225932012605e+01 0
-8.04037946474887577e-01 2.69566201355142221e+00 0
-2.44895426893005119e+00 9.38056139609341755e-02 0
-3.91224334771678117e-01 -1.30663292307145396e+00 0
9.53617497642857082e-01 6.88654609465966239e-01 0
-1.15370241484944600e+01 -2.54612430797940403e+00 0
1.94653069940519896e-01 -1.21678963488290903e+00 0
3.67533080990733918e+00 -5.56225318622453635e+00 0
5.85209976912740260e+00 -1.05577508725774694e+00 0
2.37618968003092013e+00 4.98176154824905826e+00 0
-1.16972126664769993e+00 -1.10150502118172205e-01 0
2.66060977196026283e+00 -4.03278793319720386e+00 0
2.78859305607903796e+00 8.67369423863361688e-01 0
-6.10116686859388224e+00 1.73333473241105107e+00 0
-1.19780533953489310e+00 -4.15803373158836420e-01 0
-4.88110573782766544e+00 8.15170562443908686e+00 0
7.57933497822078639e+00 -3.22666856443625516e+00 0
1.29962834607180699e+00 1.31308562442101606e+00 0
4.01955336792117635e+00 3.88878127677272900e+00 0
-5.26909550675235927e+00 8.80746513405442855e+00 0
-1.26929863506694995e+00 -2.53983639971188113e+00 0
9.30123179090344809e-01 -2.20165993697324014e+00 0
-2.55092779548440296e+00 2.19977636752877892e+00 0
1.66455206839527103e+00 -1.87470667921595502e-01 0
7.52663606273987207e-01 -2.63604289820306414e+00 0
-2.28545728089860312e+00 1.11482118624342194e-02 0
1.45693920509569708e+00 2.78075294693543418e-01 0
-5.02549664654224792e-01 -1.01347883393406790e+00 0
-1.58717774714378812e-01 1.37197724044105795e+00 0
4.48766656084418614e+00 3.95672081284100097e+00 0
-2.53619009251015992e+00 3.98064091641136486e-01 0
7.05042885426814880e+00 -1.02520319665303905e+01 0
-2.29054663710440787e+00 2.06953405023077286e+00 0
-2.75665951054526015e-01 -1.38342376524415700e+00 0
1.12281605589030198e+00 2.17842608927890780e+00 0
-4.82793700419020144e+00 1.27490653362353008e+01 0
8.45511671139446896e+00 -5.99454046914668037e+00 0
5.21253977180859440e+00 3.61148252697200078e+00 0
2.20315780994964783e+00 3.90623658718736388e+00 0
-8.87361519108779584e-01 -7.72701327501281621e-01 0
4.02080920226314564e+00 -2.95830162208713388e+00 0
-3.06788787536739910e-02 -1.09124233241624395e+01 0
7.43846369328798840e+00 8.24940709568817354e+00 0
9.88748896016634071e-01 -9.08460482227901345e+00 0
5.45488105373353616e+00 -2.31612420500458605e+00 0
-1.39532787733596297e+00 -5.94471166235770565e-01 0
1.86942307708785993e+00 2.77905837575112891e-01 0
1.03876176047550892e+01 1.60761296355776095e+00 0
5.57873185304307739e+00 -1.44844135096075011e+00 0
-1.45221841674817798e+00 -8.80782529617968879e-02 0
7.67343671206849187e+00 -9.99518628384963037e+00 0
2.12756229317464918e+00 4.56721655393803397e-02 0
5.28065759393495870e+00 8.60572681356814750e-01 0
-2.77143961707546982e+00 2.73924694662869994e+00 0
-2.35564533574743190e-01 2.19333533154327798e+00 0
-1.30048156908695507e+01 6.51772521644387037e+00 0
4.25135178992077378e+00 4.75141358951539772e+00 0
-3.76161752242710423e-01 -1.01883535651030610e+00 0
-9.61245063976408853e-01 1.44710248153821599e+01 0
2.83132796300423095e+00 1.19162349030383297e+00 0
-1.27590091230896192e+01 4.74840164889281180e+00 0
1.15452358299868796e+00 -2.18492609243575608e-01 0
8.48709879817333812e-01 -7.71282152214461725e-01 0
3.70238501889236415e+00 1.02109530811017706e+01 0
1.85494916605149696e+00 3.01789465207401797e+00 0
2.85666965697435415e+00 -3.40475168342910695e-01 0
-2.84143219883885301e-01 -2.41861622214977912e+00 0
-6.45307749799378083e+00 -7.14574833708218637e+00 0
-1.31775134045647202e+00 4.11206343564427357e+00 0
-3.59013948975132413e+00 -7.62657778189212210e-01 0
-1.08017398391696995e+00 -5.13355848041311291e-01 0
6.10717852362446356e-01 7.65230509843970097e+00 0
-2.05685469722737091e+00 2.12035080404646603e+00 0
7.04595540974036361e+00 5.58190349427837784e+00 0
2.11864487678724922e+00 -1.40121359127413592e+00 0
-1.00494488485969602e+00 -8.11327377033332575e-01 0
2.25400383854849817e+00 -1.51777897916250692e+00 0
6.88841350413586184e+00 -1.66039550647280792e-01 0
-1.92157858506321899e+00 -2.23759294958058508e+00 0
1.24863555700847395e+00 -1.30143243141788001e+00 0
2.94731839204658908e+00 7.84447156424435077e-01 0
2.52273231792672803e+00 -7.65620406696836397e-01 0
4.72522347891126415e+00 7.96789237336386069e+00 0
-1.13276934903707502e+01 -7.53221429987681379e+00 0
-1.05848965831222497e+01 3.91322796612211787e+00 0
-1.44806741350232593e+00 -5.02918865130366100e-01 0
2.40825740828014290e+00 -9.30744812317470149e+00 0
9.63031798271457684e-01 -5.49066392104233469e-01 0
9.20706947844684320e-01 -4.66564707798143574e-01 0
1.23453996931550893e+01 -7.53089775400436601e+00 0
9.46948577108005551e+00 4.36960299366781957e+00 0
-1.12447067525672995e+00 4.01664021541088712e-01 0
1.93772170102762797e+00 -1.94610721872499703e+00 0
-5.21290057758558856e+00 -5.47643211472192082e+00 0
3.97714982336747513e-01 -1.11096972090167707e+01 0
1.55107928604037304e+00 2.13736288320360579e+00 0
-7.74676736816956613e+00 9.31435356579250673e+00 0
-7.98956848129888431e-01 2.12398205684891694e+00 0
8.49504300363840592e+00 2.41344143348418205e+00 0
1.13917575499738206e-02 1.79184784198211999e+00 0
-1.23246778852691108e+01 -6.08668271861880594e+00 0
-1.93069374533161309e+00 1.29764211468150203e+00 0
-2.34112587918533999e+00 4.63160042476291389e-01 0
6.94416200288192398e-01 -5.99771639333704698e+00 0
1.39372231581061601e+00 1.97151236367794191e-01 0
3.08891467140001597e+00 3.06837705471489017e-02 0
3.09934602359286115e+00 6.86828796029544986e+00 0
4.65199927122101098e+00 1.14625214809700693e+00 0
9.49978554001815390e+00 -1.10322029613741499e+01 0
-1.35263747770049694e+01 3.28990565700606608e+00 0
-9.20270068681075770e+00 7.24724845741762724e+00 0
2.09088806501581098e-01 2.69789132611999705e+00 0
3.86401771084326784e+00 -1.15570364325950095e-01 0
2.35370480669683690e+00 3.32667864590414286e+00 0
-1.23149617889387497e+00 3.62606519076470291e-01 0
8.28363919525257941e+00 5.22933639822190344e+00 0
4.89247218202645140e+00 2.14585782269088288e+00 0
-4.66521778724720892e-01 9.15600543972085124e-01 0
-1.69727925570930793e+00 6.73632937156146028e-01 0
1.03617724666077695e+01 1.19227750790333409e+00 0
9.40515045669366057e-01 -4.23557162303433210e-01 0
4.06186308068549007e+00 -5.29356310862519841e+00 0
-1.18668239491135696e+00 -1.03897997884262594e+01 0
2.25135010050247697e+00 -1.76101365505261609e+00 0
3.05721250710107117e+00 -3.42413462505704791e+00 0
3.53086197188070594e+00 3.01218382979139720e+00 0
-1.12680001890862300e+01 -4.72794165885062156e+00 0
-3.29085082903367798e+00 -7.97470765118438507e-01 0
-9.45349029097841576e-01 8.03854799830578060e+00 0
1.65526429507150996e+00 -1.28158751867447895e+00 0
1.93220827022486996e+00 1.37092293789628905e+00 0
1.15568672757889104e+01 1.20965996271940401e+00 0
2.17641624534976419e+00 1.34999749267403102e-01 0
-8.73717350962618378e-01 1.06182997352009800e+00 0
-3.75416367724975197e+00 -8.12276950019936628e+00 0
1.09317693665299998e+00 -1.59764950872269096e+00 0
9.28577015291253277e-02 -2.43152768074053105e+00 0
-5.47130649672586289e-01 8.69515195752517567e-01 0
1.20823047969420805e+00 3.38708807524260372e-02 0
-1.38816278991564301e+00 1.53133464747863290e+00 0
1.28591188026192205e+00 -8.40391195771820892e-02 0
-5.16219541865200604e+00 4.63575906398557613e-01 0
-8.38581777809398865e+00 -2.94441402857138179e+00 0
1.94954021440641800e+00 -5.29681328776213256e+00 0
5.90766704189201697e+00 3.31063677101009413e+00 0
-3.39264956859830491e+00 3.73775162294055985e+00 0
7.35565643586228024e+00 -5.40264739214785461e+00 0
-1.63774375443551490e+00 4.09124012165532014e-01 0
-1.13573828675040600e+00 1.26242588345914299e+01 0
9.40986942140420801e+00 -3.42972113932674283e+00 0
-4.05252740489550511e+00 -7.18785106990677303e+00 0
1.62357284214093012e-01 -1.01366818572262596e+00 0
-2.25412004810850597e+00 3.07393044960039408e+00 0
-4.55808149442134880e+00 8.75044309538860698e-01 0
5.26729620508671470e+00 4.06421629568919673e+00 0
-3.22935442375125614e+00 1.98764801676606306e+00 0
-5.72460052434441202e+00 -4.89577959860059320e+00 0
-1.31682849428032389e+00 -1.29929979161787501e+00 0
-9.85054610577322132e-01 1.61455946092152391e+00 0
8.94099157639431819e-01 -7.34454132396798021e-01 0
3.16147002364651808e+00 -1.74397555768692691e+00 0
-9.89564732742910991e+00 -9.61227287012686915e+00 0
-4.72170624652888815e+00 -6.16491923952924292e+00 0
-3.75676099123274199e+00 -1.55716253467663401e+00 0
1.99607973819338302e+00 5.23363891550206972e+00 0
-1.03515414580541298e+00 -3.45119949914496002e-02 0
5.52891934315859257e-01 1.20496736254438108e+00 0
1.11155542179533007e+00 1.06418697989263511e+00 0
-1.99327764741685409e+00 5.28423297746688503e-03 0
3.41284562554145188e-01 -1.27693300756554695e+01 0
3.74734635828047002e+00 3.84798176346104026e-01 0
-6.47202303095276710e-01 8.77827968660987779e-01 0
-9.11943809049905241e+00 5.33575323823442638e+00 0
8.25577725709051968e+00 9.16859634876614216e+00 0
6.91494986487734553e-02 -1.02562637526948208e+00 0
-3.78950859842368892e+00 1.02180315751985091e+01 0
-2.36969215191326688e-01 1.34655597571147689e+00 0
-5.32801382797785800e-02 1.61159876419755310e+00 0
2.50469046775840409e+00 -1.32178784289449003e+00 0
8.06604674897989815e-01 9.43279425436936592e+00 0
-1.43864328224886795e+00 9.56742333607058271e+00 0
7.18808107718144629e-01 -1.00701611560061499e+00 0
5.14138642942797208e-01 2.14561742399183508e+00 0
-1.01526040111345095e+00 -1.95915528692304802e-01 0
-5.08231023163513762e-01 -8.94279557913710943e-01 0
-3.17232220680927990e-01 4.13604661278913799e+00 0
6.94508136906174389e+00 1.52313205687804998e+00 0
-9.82800657026887947e+00 -1.91831363443280489e+00 0
6.36757922307406909e-01 2.87342846225197901e+00 0
-8.60231145832785593e-01 7.57406271671159725e+00 0
-6.38113735144723138e-01 -6.21409131900506573e+00 0
2.06063161199970413e+00 -3.29987056028239500e+00 0
7.43449163113641642e+00 3.36153922417984008e+00 0
2.00537253571715191e+00 4.01856452112992313e-01 0
-5.08729817526837191e+00 -2.31252557392253300e+00 0
1.26899990577400401e+00 8.28952350874997829e-02 0
1.31907342275317507e+00 -1.18806823128566408e+00 0
5.10418007650958572e-01 -2.04110282989204306e+00 0
3.37473757934974583e-01 -1.15609042139545992e+00 0
-1.24190724962416095e+01 5.69144932214273158e+00 0
1.06426888666328594e+01 2.70486673715444104e-01 0
6.13194414088655826e-01 9.02696381864988795e-01 0
-4.20364363663266616e+00 -2.26160927098390596e+00 0
3.11057555771798100e+00 7.64178223022350878e+00 0
-1.89412773400671797e+00 -4.71625264808046563e+00 0
5.44993933026992217e+00 -5.15617246322293621e+00 0
-1.94637077127839708e+00 2.19553162096921994e+00 0
1.13345760725092704e+00 -1.27936902577823891e-01 0
1.78757908283864109e+00 2.23166199424303002e+00 0
-4.75059409113423303e+00 -6.91731498129572020e-01 0
1.06246269886288802e+00 2.54715771760372911e-01 0
2.27744075139095087e-01 5.65302177376642323e+00 0
-1.24935385923345610e+00 5.46801040579216635e-01 0
1.52006111212603900e+00 9.72545718300349749e-01 0
-5.58563542549968517e+00 -2.53202876469147098e+00 0
-2.07346688262141798e+00 1.44115862198161904e+00 0
-2.73627057949596908e-01 1.08203122539055907e+00 0
7.60946796859110597e-01 2.05653878240596200e+00 0
-2.57564620563454028e-01 1.54977932105265492e+00 0
3.48890537363382913e+00 4.76057938207904741e+00 0
-1.04193359837435402e+01 -2.95648650023650905e+00 0
7.43619704935233461e+00 4.49813423589009265e+00 0
2.07461042317129307e-01 -1.13311313962792393e+00 0
9.47959297601357420e+00 1.66670401813089697e+00 0
-6.20391157804228399e+00 -1.02491639349339199e+01 0
-2.10614598754540694e+00 1.22820684950880405e+01 0
6.57876040681369179e-01 -8.75251705158055282e-01 0
9.74645589409669055e-01 4.60431905346156078e-01 0
5.26642223142052135e+00 -2.18042662259869102e+00 0
-3.05581751110521393e+00 -3.98459290492295892e+00 0
-4.05513777524825925e-01 -1.13319664025230904e+00 0
-5.02323077054957490e-01 -2.49346765896940603e+00 0
9.85703020305911060e-01 -4.99117738034019376e-01 0
7.95004894069459733e-01 -1.24441651742679600e+01 0
1.49621745804737905e+00 6.43026765356227870e+00 0
3.86316967520387600e+00 3.24271024557837784e+00 0
1.35938096621796891e+01 1.42950357625237290e+00 0
9.39720327570067515e-01 -2.58903225875349996e+00 0
-8.20922415520762705e+00 -9.45548473945375534e+00 0
8.58014840416053204e+00 1.06534381768607105e+01 0
-1.90008256601561309e+00 1.97496009216030388e-01 0
9.77396401842320550e+00 -1.21564498232026308e+00 0
-2.22618557230994796e+00 -1.15653001978232806e+00 0
6.58473885449857210e+00 -5.04242877829155667e-01 0
1.08346481711762799e+01 -9.33481282516830047e-01 0
-1.04207637127875397e+00 -9.05105886913170621e-01 0
-4.25095775659605302e+00 3.82057271216279082e+00 0
-2.20375536801533611e+00 5.25664989066978183e+00 0
-5.17238099806413842e+00 -1.28058618153297097e+01 0
1.25450109423839606e-01 -1.11987238802019196e+00 0
4.61236176015170241e+00 -5.73298258176598274e+00 0
2.93605811305151787e-01 1.04713181842318992e+00 0
7.19190873224716420e-01 -1.09894614933800994e+00 0
-5.82510653867953088e-01 -9.05404915624339668e-01 0
3.62694323066279178e+00 -1.26262126703687905e+00 0
-1.12397965085403095e+00 -3.66585408782023114e-01 0
3.21413519291549221e+00 1.12306165338978703e+00 0
1.43323705257295697e+00 5.12642479109958971e-01 0
5.07318715784432239e+00 2.52284637453301297e+00 0
-1.36428368102270507e+01 -3.22848536394911678e-01 0
2.40642064317828197e-01 -2.48478727843807290e+00 0
-8.54487777052945652e-01 4.37316493692476715e+00 0
-1.90861439609279193e+00 1.98080196114387697e+00 0
-1.72297968021621695e+00 2.18250661372833710e+00 0
-9.12980251410451871e+00 -4.15429762804658420e+00 0
1.17097107221829000e+00 4.14624483261243126e-01 0
-4.04558517717516608e-01 -2.64873595524416494e+00 0
-1.75610431403089007e+00 -3.53992939229889281e-01 0
1.63615252688090607e+00 3.92830502818386218e-01 0
-8.45498209123517164e+00 -7.17718914992432477e+00 0
4.05883995039042322e-01 2.02491116756402079e+00 0
-8.99970022324631080e-01 -2.16032525114233609e+00 0
-4.31280443699265381e-01 9.87809323738842227e-01 0
9.18543480881750862e-01 7.34719379816197948e-01 0
-4.41822984783820960e+00 -9.26827052387677874e-02 0
-1.50897027143570295e+00 3.70627529732687311e-01 0
-3.32473380021643117e-01 2.74455915638478709e+00 0
1.50744294503281395e+00 8.52038375821463134e+00 0
-3.65844740917677580e+00 1.99026260808221811e+00 0
-2.07744156454241102e-01 -1.00573772604873191e+00 0
-2.41666611535559406e-01 -1.00418718053131406e+00 0
1.05666098098940497e+00 -6.36085779104293891e+00 0
1.85776186991143989e-02 2.82695862995216007e+00 0
4.77195485813839526e-01 -5.01979245658187967e+00 0
4.19476845182840297e+00 2.35663367012562919e+00 0
2.00507160253088079e+00 2.32457910805234702e+00 0
1.19659256273226000e+00 1.00113519668829398e+00 0
-2.32116340456833292e+00 -9.46708244985704717e-01 0
9.47332465141666191e-03 -1.78316341634636499e+00 0
-1.00768127043916600e+00 5.41560979722914726e-01 0
-1.61131217796374004e+00 3.08767110473900797e+00 0
2.39386935225480890e+00 -1.05425336946836090e+00 0
3.31937565596839201e+00 -2.00392080539095918e+00 0
1.74090628112486900e+00 -8.24228506950515971e-01 0
1.54991566589091301e+00 -9.21448615297737028e-01 0
-2.28357930256988917e+00 2.75628685932689299e+00 0
1.62866846484702094e-01 1.20973832157280792e+00 0
7.22654787475937366e-01 7.40668928133430438e-01 0
-4.92640064485255103e+00 2.88885668345735880e+00 0
3.89003919836274203e+00 6.15313876342019572e+00 0
1.67077164208368600e+00 -1.38293810002092710e+00 0
2.74557418219627591e-01 2.33174177052855081e+00 0
2.89666659439522922e+00 -2.26661213427270614e+00 0
-3.11159671931430504e+00 1.18785889108509002e+00 0
-1.54349777644516295e+00 2.26275408513632792e+00 0
-1.14017286678450596e+01 1.74679812270453194e+00 0
4.27031517054340259e+00 3.00937610230286712e+00 0
5.99337872416978112e-01 8.43563914896097944e-01 0
-3.70395911784157594e-01 -2.19688144089396520e+00 0
-9.13077415134651682e-01 4.67374715164262822e-01 0
3.28730197167764882e+00 -2.35645390667683907e+00 0
3.57917278901857605e+00 1.70953048480150005e+00 0
1.01143665189027998e+00 7.30642358881156473e-01 0
1.39918657452655704e+00 3.06170575914243903e-01 0
8.11555513111348770e-01 1.15920436270510607e+00 0
1.67081865374637095e+00 -6.82316860601610425e-02 0
-1.44713266430134109e+01 -1.27170958376380899e-01 0
2.10503161560790097e+00 -4.39233505706228711e-01 0
5.04288129875588176e+00 6.97971349878969072e+00 0
1.59436642610622004e+00 3.68202661049513802e+00 0
-3.04756939150957695e-01 2.52970245213101697e+00 0
-3.66695474578344216e+00 -3.53940578144520002e+00 0
-1.81510109716282808e+00 -7.24692398141594740e+00 0
-9.42961806374041228e-02 1.88820620472375600e+00 0
8.67444070449309712e-01 -5.58914253983969322e-01 0
-7.73520589562767036e-01 1.73768349970632197e+00 0
-9.13661935021409199e+00 3.00856512661437980e+00 0
-2.94487997462012618e+00 8.94523696385988210e+00 0
3.25879968716030310e+00 -1.07671456152695200e+01 0
4.39059200125477300e+00 -3.67635426936335907e+00 0
4.53959061131908559e+00 -8.82496699842273813e+00 0
-3.42197866901725378e+00 -9.19397224577263916e-01 0
9.98240588457454781e-01 2.27964741573605290e+00 0
-4.67346269405938042e+00 2.44177493344866114e+00 0
-3.61768340110539999e+00 2.90025594179127211e-01 0
2.70093595816263021e-01 -2.10156519938498709e+00 0
4.30752581088481690e-01 -1.30987163815798691e+00 0
-1.39126398811069407e+01 -4.03955129913553179e+00 0
-5.77931032910700138e-01 8.54847238831904943e-01 0
3.00603731206678315e+00 -1.19884469194225094e+01 0
1.30132770782599994e+00 -7.61402864642529043e+00 0
2.09059970872172896e+00 -1.63399912421680504e+00 0
1.08742663150840202e+00 -2.68430489189258707e-02 0
6.28194131842444392e+00 1.76186308021882598e+00 0
8.17257074455489341e-01 -1.04934444693286211e+00 0
7.18545571686299223e+00 4.18753849802474143e+00 0
-5.77268256695540227e+00 -5.86219584480647793e+00 0
-6.17042997720796293e+00 -5.92552871719447616e+00 0
-7.88745628756771899e-01 -6.58491894143316436e-01 0
-1.25643000619687006e+00 -2.55482314000799127e-01 0
5.97538930210168040e+00 -1.03867137557741600e+01 0
-5.90726307829838870e-02 1.09176105475809004e+00 0
3.55194808337236312e+00 -3.26363833588892219e-02 0
7.44780698051839529e+00 6.18555367869308892e+00 0
1.89594148962384607e-01 8.99596292014141419e+00 0
7.87052959884775194e-01 -6.57409666386708613e-01 0
3.92497505985435291e+00 8.72753410485848846e+00 0
4.75578970938318868e+00 7.16699215686888813e+00 0
4.13487874416320711e+00 1.92474446682519895e+00 0
-7.24359913170743841e+00 -1.25661245926905991e+01 0
-7.83349155674588982e+00 7.23953269336238492e+00 0
-2.59271921303296293e-01 -1.30403475549415804e+00 0
-5.43902378334879444e+00 3.57659245884227106e+00 0
8.42757810927299511e-01 -5.84968121909076211e-01 0
2.23647653454839990e+00 -1.15243671235627900e+01 0
1.85362888044264307e+00 -1.28786581244756793e+00 0
-8.05810087244368844e+00 -1.38644365529974700e+00 0
-1.05083434753960603e+01 -1.81644943472280196e+00 0
-7.08167608074736687e+00 -8.16047723588164686e+00 0
-1.26826768897607600e+01 3.22550666879388581e+00 0
4.18062301015957427e-01 -4.67563120831769030e+00 0
2.35223393732670594e-01 1.83451476582677708e+00 0
3.67694745708842685e+00 2.22172041209808402e+00 0
1.18050901608335703e+01 1.82686620924344290e+00 0
2.68113330346319279e+00 1.01025617092662201e+00 0
4.08868402639695105e+00 3.66229769747628398e+00 0
-8.41417905896313378e+00 1.18964325087798706e+01 0
1.38202339830138810e+00 -4.32457575721224396e-01 0
-5.42038530175796573e+00 3.29405207245972109e-01 0
-6.69503901155025893e+00 -1.34879018488622804e+00 0
3.04030755320646007e+00 9.39700906799527003e-01 0
3.01352469572819315e+00 -4.66882534333623678e+00 0
2.52278447778740311e+00 -3.54502494547342284e+00 0
-1.88554467780731105e+00 -2.43947621015617788e-01 0
3.52168164014996021e+00 1.52524415596568291e-01 0
4.95441160233982902e+00 -3.95158729151899812e-01 0
2.33093702231629596e+00 3.62482156289972179e+00 0
1.10211180089565408e+00 4.74029339092881496e+00 0
2.78711699167822591e+00 -2.47032777730177094e-01 0
-2.32511197840681882e+00 -2.90557766467707701e+00 0
-2.01332563860175995e+00 -2.38558904585891796e+00 0
-8.28330290338679553e+00 7.73290844957904788e+00 0
-1.22721468126829691e+00 -2.35519534217195003e+00 0
-1.01914132285720793e+00 4.60491299429512613e-01 0
-3.55073338234702796e+00 1.46120883872410789e-01 0
3.99707535832063476e-01 -1.64994101794495895e+00 0
7.30431526188929592e+00 4.92028418262141543e+00 0
6.97119216959753429e-01 -5.39838929238884457e+00 0
1.49049797336829704e+00 -4.30341196354027122e-01 0
-2.50945303415043108e+00 9.39851103288269663e+00 0
7.36466146579318970e+00 6.74918867564664104e+00 0
3.57762158068619396e+00 -1.10822455754333298e+01 0
-5.73987221920682611e+00 3.48640738017395213e+00 0
-1.81985288832637093e+00 -1.60913212831672503e+00 0
1.64467366011836291e+00 8.48990065647867276e-01 0
-9.40838946482400829e+00 2.09105428877042110e+00 0
7.46078452766390732e-01 1.08386866659991510e+00 0
1.32900912081235800e+00 3.64378643771969879e-01 0
1.01754307874776506e+00 1.55350965417560305e+00 0
1.14482693372569400e+00 7.85658812909732912e-02 0
6.80645444883300232e+00 5.28227478979801734e+00 0
-1.02538931613434894e+01 -3.48433237386048722e+00 0
1.20097913639641494e+01 -6.46678394922880173e+00 0
-1.43157852462997703e+00 -1.86444583080910109e-01 0
-1.54240889490355498e-01 -1.31939963356762791e+00 0
-9.61201501641933298e+00 8.88836951374204043e-01 0
2.35491470716186896e-01 1.00880843450272106e+00 0
-2.60397539017811708e+00 2.47578075885903109e-01 0
1.21412692015101804e+01 6.20916031764295440e+00 0
1.88282322617903008e+00 1.02240128349177106e+00 0
-1.09340798544415296e+01 5.48868041547301400e-01 0
-9.97609429543987347e-01 1.73150869498012705e+00 0
1.35571092781547407e+01 2.32475490113084193e+00 0
6.84422338096724214e+00 6.82190168720713874e+00 0
-7.13714315392506293e-02 -1.14086292496449704e+00 0
9.30154400470762965e+00 -1.00856701349969602e+00 0
-3.52098000492684315e+00 -4.28599275973378713e-01 0
1.15001132874020096e+00 -1.08013719917912496e+01 0
-2.93544444444438479e+00 1.03702451829291107e+01 0
6.03558314978618338e-01 -2.08627033364958203e+00 0
3.86566891847782479e-01 7.92264917450396222e+00 0
-2.43400160762774398e+00 2.63503327939659782e+00 0
-4.97460288399463380e-01 1.12677752646429297e+00 0
-4.12529439532340536e+00 -6.54360313477533406e+00 0
-1.38344786686884302e+00 -2.25685099645236908e+00 0
-1.20506816122752092e+00 -6.12838161946205884e-01 0
-2.30972292997858597e+00 -8.16036497780849968e-01 0
-1.10675693732167606e-02 1.03139278118171096e+00 0
1.23353895312719395e+01 5.64843531904752361e+00 0
3.41382716673620079e-01 1.70939363793971011e+00 0
1.54923422885154993e+00 -1.50487194562320292e-01 0
-6.48404519840215432e+00 5.75189918860264868e-02 0
-1.77680519259599290e+00 3.28723744382000804e+00 0
-1.49815568953473299e+00 7.93303017981851322e-01 0
-4.28563984303753476e-01 1.53308483734858703e+00 0
-1.02185419620364506e+01 8.95539727854595391e+00 0
2.44610225979730300e+00 4.63794960672648759e+00 0
-3.98415469359736707e-01 2.13976735446372812e+00 0
-8.29150702462842171e-01 -1.31506276971455307e+01 0
-9.93503755353614260e+00 1.05620770535428203e+01 0
-1.19961399075728892e+01 -1.78930608172264999e-01 0
-2.50914399757335405e+00 -8.71037886225694713e+00 0
-6.06191575346890676e+00 -7.16271484706949457e-01 0
-1.02053451200287593e+00 -1.14986623736889199e-01 0
-6.55338556433696318e-01 -2.79445018236511000e+00 0
5.41561546407141226e+00 6.46291924042921573e-01 0
-8.18970288518238498e-01 1.05138663788232307e+01 0
-1.35316413239117095e+00 3.12503377122368997e+00 0
4.36485739236871506e+00 -1.15140858555378003e+01 0
5.02624224611617887e+00 2.84560659483122791e+00 0
3.22493909756938812e+00 1.42037470995827704e+01 0
1.42277964417985503e+00 -3.96249404744215883e-01 0
-2.83832448177767604e+00 -5.91766027163069142e-01 0
5.60240922401370023e-01 1.63650623048102606e+00 0
5.60972365967743136e-01 -1.03078138866459792e+01 0
-3.19316904759522013e-01 1.50886575865340000e+00 0
-6.74975213308557365e-01 -8.35404049961914308e-01 0
1.40909237275717003e+00 1.22482918151383191e+00 0
-2.08821206401451587e+00 3.56179141356819913e-03 0
-6.76173701577318909e+00 1.14602131348731504e+01 0
-2.23727022245784291e+00 -6.66028811155077971e+00 0
-2.35828040796198213e+00 5.87545234830023322e+00 0
2.74020210443550694e+00 -7.79901643459175786e-01 0
-8.63350174793469449e+00 -2.25353193280160591e+00 0
-2.25047594805519902e+00 -3.62885781273064190e+00 0
-3.94942212908385581e+00 -2.87595420113334699e+00 0
8.32388985750532440e-01 1.32276717383282993e+00 0
-5.92967976148264242e+00 -4.56718506942747116e+00 0
5.07166729890668844e+00 -5.25099707902347124e+00 0
8.00228782983604248e+00 9.66758390008782698e+00 0
2.97115749297262388e+00 5.21882311321576808e-01 0
1.26419138315020108e-01 -1.53909339027002989e+00 0
3.54651426387401492e-01 2.95139566075565796e+00 0
-6.51556784633273889e+00 -2.90800212669122315e-01 0
1.15442252460901500e+01 6.22233396573871911e+00 0
2.95269182755391801e+00 3.95176488753656907e-01 0
1.90800540247827599e+00 2.00442716938491516e+00 0
-8.24264545678500937e+00 -5.02237450735527080e+00 0
2.12768554805496191e+00 -2.50219878785078009e-01 0
6.38595557989792528e+00 -1.56805484901047709e+00 0
1.72650403704083710e+00 -2.24101045060704607e+00 0
4.35073564374860311e+00 -6.27653877895715606e+00 0
1.35810275515170709e+00 -1.64940472812603400e+00 0
8.24398101049862930e+00 7.18539852632580978e+00 0
-3.16505206524879501e+00 4.34534123492385760e+00 0
1.99837092462787891e+00 1.56440203008114509e-01 0
-2.11194148341937904e+00 3.51398138555592210e+00 0
4.85151369429678603e+00 -8.17770245428613229e+00 0
3.59032695616945674e-01 5.90046262232387964e+00 0
6.27828319538599544e+00 2.48906362454639485e+00 0
3.24287859240053811e+00 1.12118441774194000e-01 0
1.38925408751584700e+00 8.52876080433997708e-02 0
-1.15317650486274603e+00 -4.48118913369694738e+00 0
1.58263339588735397e+00 -2.22191919738521504e+00 0
2.10407511837689798e+00 -7.75372822432885567e+00 0
-3.58108875502535318e+00 1.06716104454420808e+01 0
2.88475626007790797e+00 -2.71466541408319495e+00 0
2.61677698115857016e+00 3.47400576109584014e+00 0
-8.14426963469825793e+00 -2.70736805471212216e+00 0
-4.51163428719979809e+00 -8.07688508746386091e+00 0
6.12512849006051141e+00 -3.48766946304248293e+00 0
2.17101690724171181e+00 1.03496983806336496e+00 0
2.39442289087332186e-02 1.02521671752289900e+00 0
-2.04364880969474516e+00 -7.92227317875525561e+00 0
3.25759640350534996e+00 4.80482902622506203e-01 0
9.88897283919155240e-02 1.06741756617565997e+01 0
-9.78796309205112958e-01 -3.39915714433609306e+00 0
4.07300196467045428e+00 -5.83831225028938583e+00 0
-1.16403531632394692e+01 4.41921940064009267e+00 0
8.01254855998896431e+00 1.12364672087194197e+01 0
-6.13319795113106636e-01 1.46144128006045793e+00 0
-7.51665397581107797e+00 7.90722162561413011e+00 0
-2.13158200139611997e+00 9.83936277404398180e-02 0
-2.01044850412897791e+00 6.56830908031899874e+00 0
1.13030737643454700e+01 -9.02265970789804683e+00 0
1.19806681427316195e-01 1.14775786482622100e+00 0
3.17998744752841489e+00 3.39441181681198023e-01 0
1.83644914359700206e+00 7.16810560222134074e-01 0
2.86269874959087511e+00 -3.54099302819343897e+00 0
7.68660880018315495e+00 2.21995559070615922e+00 0
-1.43565683130686995e-02 2.68122275792947296e+00 0
-1.09384378530026307e+01 4.57730923626938857e+00 0
5.03796224866206233e-01 1.25084174170698104e+00 0
1.69048267354513104e+00 -5.78700684039204716e-01 0
-3.55683834876677374e-01 2.38179106153723197e+00 0
-2.46654513331200098e+00 -5.10644877568895694e+00 0
3.24281435571328291e+00 9.26247536245778846e+00 0
-1.36689791635814899e+01 1.28845565545736696e+00 0
-1.09100887935962092e+01 -7.74494186744575686e+00 0
5.97263201794311982e+00 -1.78057227571809107e+00 0
-3.19776944185828516e+00 -1.42403139916476995e+01 0
2.95136642553262885e+00 1.75694059818897608e+00 0
-8.92295087433027552e-03 2.01240270822402989e+00 0
7.38954183676103860e+00 9.69195539627845726e+00 0
-2.00251164681150584e+00 1.81052141459979210e+00 0
-1.35363593713358998e+00 3.29564674482873388e+00 0
2.93246714760649396e-01 1.19757007816289596e+00 0
-4.77830747536750611e+00 -5.02066947581126666e+00 0
2.78593614177191995e+00 -4.42301692435439708e-01 0
-5.31983198013859226e+00 1.87809529038731804e+00 0
1.06508885154010691e+00 -2.14318489953572694e-01 0
-5.92167784643563877e+00 2.20960333115641783e+00 0
-2.64982720831987084e+00 -4.05765001706276884e-01 0
-8.25236519072676700e+00 -5.76082121303168559e+00 0
-1.42866804400170810e+00 6.85550431771258761e+00 0
-6.84017076686023273e+00 1.67655943559464493e+00 0
8.87399943413240022e-01 -6.84329401347957389e-01 0
-1.52779184162314707e+00 1.29233183076078006e-01 0
-2.56207853051450485e+00 1.42959951843788091e+00 0
1.14282927204878892e+00 -9.01498791486739726e-01 0
-1.65703359508011205e+00 9.70857190618003130e-01 0
4.88042288206546326e-01 -3.23947721482453588e+00 0
-7.99561718771970131e-01 2.00970883024651581e+00 0
4.71206241622324917e+00 -2.51710163780287699e+00 0
2.10592223853410310e-01 4.18070916652330471e+00 0
3.54029381638458807e+00 3.22905157354935302e+00 0
-3.34332857493710289e+00 3.29141885538620227e-01 0
-1.66066742820867508e+00 1.45599010470358103e+00 0
-1.18486867602672596e+01 3.65340905494358514e+00 0
2.16475980458957190e-01 -1.52636538005242106e+00 0
-3.69978821205715613e+00 9.71340475516108137e-01 0
-1.00869179121086407e+01 7.46012815699766296e+00 0
1.58789794818961405e+00 -2.43633862626275821e+00 0
-2.95986327957236695e+00 1.59992600386638295e+00 0
-4.68913445238701687e+00 1.37342279601478303e+01 0
-1.80552935697325490e+00 8.19102126252393781e+00 0
3.04471210787237823e-01 -1.63851994958224600e+00 0
2.77214854993690185e+00 4.92614928357835602e+00 0
5.87035593256931332e+00 -3.09574399825442903e+00 0
-7.29400283088870705e+00 -1.33434715908045498e+00 0
6.60230513256966578e+00 8.27381691790432194e-01 0
2.17119184477407012e+00 5.98384350777579765e+00 0
1.03238194133284900e+00 1.08900135937187703e+00 0
2.40784106419632604e-01 1.21540177887798606e+01 0
-2.29885869199619020e+00 8.81291700699270386e+00 0
1.41634092717484311e-01 1.61365959902554601e+00 0
1.04024284716035509e+00 -9.64637137692655355e-01 0
-3.77941457034051798e+00 3.13171244161499274e-01 0
-3.22288598310970498e+00 3.85401877359102008e+00 0
-6.70066162952819289e-01 -3.38042477363491001e+00 0
-3.11838178063978011e-01 1.94730288598128198e+00 0
-1.10817934346821705e+01 1.23810847180040495e+00 0
-1.18334367889748595e+01 -7.78162882615676454e-01 0
-1.05917708661336007e+00 2.52410084581754013e-01 0
5.03880505801635259e+00 -1.79857066285111911e+00 0
-4.27138561955897433e+00 -7.87929103079396120e-01 0
-1.00138532381774308e+01 4.32228720325060412e+00 0
-4.01987356132850415e+00 1.03783377308991409e+00 0
1.75647957891721296e+00 -1.55902299612792805e+00 0
7.02713457803829322e-01 1.31017387138407093e+00 0
-1.93823647856455589e-01 -1.97865655805426610e+00 0
-1.41031852446476491e+00 1.85583156741412403e-01 0
1.15280176601202804e+01 8.98725791220298298e+00 0
-1.20646029184238301e+00 -1.42603720624829911e+00 0
-1.20300901715011599e+00 -3.79663410213587804e+00 0
-4.40719973675183940e+00 -1.22143057150601404e+01 0
8.03233876219931098e+00 6.30688530532812663e+00 0
-1.76542930835415990e+00 6.67698007019269957e-01 0
-3.04088956087107010e-01 1.86003314650379203e+00 0
4.78421686393738010e+00 1.65361010716728796e+00 0
-3.41834143900972398e+00 1.14275848505032798e+01 0
1.06898514939017408e+00 1.01815729344688799e-01 0
7.71816177315513929e+00 -5.98966382112273177e+00 0
-5.32848650878452101e+00 -1.35152820580875694e+01 0
-3.40728610391722198e+00 1.19378051912869210e+00 0
-1.98681035756100299e+00 -3.96704858241819514e+00 0
2.86977694236252612e+00 2.43684858550651917e+00 0
-1.23461599414482004e+00 1.37307293342650691e+01 0
-2.51667921406192718e+00 3.16910481721013992e+00 0
7.16976167585796187e+00 3.12012796212666199e+00 0
1.56674675160129895e-01 -4.60503749052263256e+00 0
2.11787860211107803e+00 -5.72103424701428143e+00 0
3.27259263064233519e+00 2.42084152069299813e-01 0
5.14713055199488334e+00 6.18860394801743929e+00 0
8.26812778320360664e+00 -6.93607829971649803e+00 0
-1.27894649020120310e+00 1.85833432397564002e+00 0
-9.13170357684025769e-01 1.51774187975001396e+00 0
1.02741919154689807e+01 -2.69805089914017904e+00 0
-1.08138118574860598e+00 -1.02182367736118596e+00 0
1.43347950028258406e+01 -2.44461342693410000e+00 0
2.42060637129253609e+00 1.77042667374054608e+00 0
-7.71159535496882986e-01 8.65053767279570285e-01 0
-1.80453871878609196e+00 3.03698856589353783e+00 0
5.65527825137593432e+00 5.25043291308172133e+00 0
-1.10513545874384489e+00 4.00910985782921703e+00 0
3.16072048205265510e+00 -7.14636693216268970e+00 0
2.48959384772725695e-01 1.04914828644365499e+00 0
-8.52839434346551961e+00 5.68260232495969042e+00 0
-6.33976634653308668e-01 -9.62188083674367434e+00 0
-3.48128344848838422e-01 -1.38605216321977909e+00 0
6.06733293029133058e+00 5.65025889202468168e+00 0
5.23860487544203135e+00 2.35994668604987012e+00 0
6.84236046610350357e+00 -2.24857023479455087e+00 0
1.23372744407192991e+00 1.38877545966827709e+00 0
9.89710906271034041e+00 -1.92961627390826607e+00 0
3.21780157640090092e+00 -1.44928989073255599e+00 0
-8.83883090167149166e-01 -1.14128954834690499e+00 0
-3.08882891233132006e-01 1.73900220971052799e+00 0
4.95624714734426508e+00 7.73907441195947676e+00 0
2.47916654737222597e+00 1.04350711744800195e+00 0
-4.41013327440330194e+00 1.04661688914121598e+01 0
1.88318638139762395e+00 8.65929472576610126e-01 0
8.61077388583601257e-03 -1.07849007950179310e+00 0
-7.75967584256311760e+00 2.61429553168736906e+00 0
-1.45544370844729691e+01 -1.04946524657893492e+00 0
4.47064839984990803e-01 1.22507943670819297e+00 0
-1.91539499371078703e+00 -5.70378735204791987e-01 0
7.51625930276121901e-01 -9.80596758976688521e-01 0
7.86044122317989258e-01 1.26046284763633007e+01 0
1.83637745140590086e-01 5.20331675260598470e+00 0
-9.32055003901278711e-01 2.26046874631260319e+00 0
3.11164308333095219e-01 -2.29227290464113720e+00 0
-4.08372860658860404e+00 -6.51944462455972484e-01 0
-1.42302358776277291e+01 -3.15133131376636300e+00 0
1.56366297622474004e+00 -3.14729329985388695e+00 0
-3.93385464941265317e+00 3.07565379845335496e+00 0
4.16431567776117284e-01 -1.20599769471826690e+00 0
8.04657215491228150e-01 8.22755443154559529e+00 0
-1.13989534415337102e+00 -7.50313920488539177e-01 0
-4.31442904439785124e+00 4.28638001091848242e+00 0
-1.45460455699103197e+00 1.09889535571478691e+00 0
-4.67586398514125268e+00 -4.87841713150962697e-01 0
-1.08464501996840701e+00 8.93102656667171924e-01 0
9.16080894768180554e-01 1.28243930292656794e+00 0
3.68217051857872291e-01 -1.25173314152082704e+00 0
7.98818814587720527e-01 4.82935996660939892e+00 0
-7.77691944664836843e+00 -7.46495932125666517e+00 0
-2.04273789459744615e+00 4.04954272815893690e-01 0
1.34391413658118597e+00 -1.03436765064969993e+01 0
2.55079361891641110e+00 -7.51819378752717959e+00 0
1.30427010015763689e+00 -4.29522483331740279e+00 0
3.38118065056637906e+00 1.16797182257926409e+01 0
2.69123695796876694e+00 1.97648428329062997e+00 0
-3.32986290911649485e+00 2.10541499276606903e+00 0
-4.89993059921961827e+00 1.10474342046496705e+01 0
-3.38462520950790591e+00 -3.58583743630231988e-01 0
-3.53079570337065807e+00 1.27504082374066408e+00 0
1.42074347733628992e+00 6.98383667199541769e+00 0
1.66956215170943789e+00 2.77959116889842495e+00 0
-6.66355780779197882e-01 2.41179157309616521e+00 0
-1.05717894506754706e+00 2.26241338167403905e+00 0
-6.32091719086488180e+00 1.10313042529708607e+01 0
-1.27647723128366692e+01 -6.20098341967800892e-01 0
6.02105235593804244e-01 -1.89760802110083304e+00 0
-1.31579747138737901e+00 2.49263982642643578e+00 0
-1.29777150211984402e+01 -1.73064386449527596e+00 0
2.45101742634813702e+00 -5.00114186882131499e-03 0
-9.31183191139734245e-01 -5.43528396982204676e-01 0
4.12721043724270142e+00 -8.54810772258017895e-03 0
-1.27073071051134900e+00 -6.14134170855841433e-01 0
1.29842892258015201e+01 4.88555803638742159e+00 0
-4.45995373297960285e+00 4.12085420860272844e+00 0
1.76439457807132394e+00 -3.11117834873348009e+00 0
-6.86234844932289700e+00 -9.67177382670971753e+00 0
2.64098691528886320e-01 1.12231735248475295e+00 0
3.34872395084244001e+00 1.19539174252022695e+00 0
3.49942881295926922e+00 -1.16258415303969596e+01 0
2.52232981309186810e+00 -2.05444810084680318e+00 0
-6.92805104103543679e-01 -9.10199107674206531e-01 0
1.59353325967949111e+00 -3.48803332815109390e-01 0
2.09887691442448920e+00 1.69307345159032807e+00 0
3.12075416180906196e+00 5.76450132425411987e-01 0
3.12301246575912606e+00 7.07665696893131302e-01 0
2.12954728793460502e-01 -1.64279930722890999e+00 0
1.20061239483232196e+00 2.26736798664655703e+00 0
2.21518809832174801e+00 1.04409868769716105e+01 0
-2.90204534726096997e+00 5.86657142432100098e+00 0
5.52374825310941109e+00 9.58582687662288890e+00 0
2.69111075628853191e+00 -1.12997955035667204e+01 0
-4.16369615970274776e+00 -8.69085924333719184e+00 0
-2.74924059057550307e+00 3.34727631649749613e+00 0
3.85341083083930380e+00 -5.07006281750844856e+00 0
1.01040948772736305e+00 -1.02350807274725697e+00 0
6.21660440462714847e-01 -8.17967753492592986e-01 0
-1.35734330867249309e+00 -2.12445821539213497e+00 0
1.56301483860047008e+00 -7.72137416084062944e-01 0
-2.05747909128490081e+00 6.23033047249297089e-01 0
-9.30337891381443960e-01 3.48984892673883396e+00 0
1.38520875021585099e+00 8.86340771507553971e-01 0
-1.33766462370932393e+00 9.16893147918925622e-01 0
8.15206186838813096e+00 -2.03850513800823613e-01 0
3.36320918943658098e+00 2.21952545208451291e+00 0
2.57633806183261305e+00 9.61076007977974656e-01 0
5.87756084488908925e-01 -8.41523839766755821e-01 0
-5.83402239513450027e+00 1.24170976137293607e+01 0
1.53325787972065508e+00 3.40101553864773010e+00 0
-1.78505587507476893e+00 3.98634190051759596e+00 0
-6.28467937741060689e-01 -1.49028079657677792e+00 0
1.07347498096277305e+00 4.56780178814487972e-02 0
-9.14539466407649826e-01 9.01219888778618694e-01 0
5.25725896781519619e+00 1.36289313845651900e+01 0
-1.05304592734618496e+00 4.79398888149013214e+00 0
-7.75225472181390263e+00 9.77271753460952297e+00 0
6.48746516973439213e-01 -3.28149946551098681e+00 0
5.95323488207544038e+00 -2.29756626664572705e+00 0
-2.16133170317853418e+00 3.75635841240382018e-01 0
-1.17018856604840304e+00 4.53978638718592187e+00 0
-7.00818353632583069e+00 7.36039178404589034e+00 0
-1.36797902130620708e+00 -4.02793369733913398e+00 0
-1.48100146165855207e+00 2.91250432721603403e+00 0
-5.77778452897585737e+00 -2.54139210420888904e-02 0
1.12011699974278507e+01 -8.03059423664751648e+00 0
1.32277839662926300e+00 -8.88747544141518131e-01 0
8.42656543288706206e-01 7.69309939032648882e-01 0
1.30362727851850000e+01 6.50157036614300843e+00 0
-1.04228389462502395e+01 -5.09740725224438496e+00 0
-1.20436707654567208e+01 5.33784578210447958e+00 0
3.02625841298645382e+00 -9.94342609432595559e+00 0
2.66714618627579014e+00 2.67345772829461215e+00 0
1.38412097517956090e+00 -1.24027789028532509e+00 0
1.53463381006296107e+00 -2.08666086994174105e-01 0
-1.72935736204523599e-01 -1.11473050634367499e+00 0
-1.35580124218597509e+00 1.39661451859950492e+00 0
-9.43175767710011770e-01 9.89127044431002744e-01 0
-1.23925260367935604e+01 1.86921062234028001e+00 0
2.55246157175723687e-01 3.29287263032191291e+00 0
6.89963398093633939e-01 -1.63152027823301005e+00 0
-7.25640781600976137e+00 7.91720622863216095e-01 0
1.15705339541692993e+01 -7.40715745527917302e-01 0
-3.66819643149238317e+00 -5.89903081077231928e+00 0
6.45329032359505739e+00 9.21459296173253151e+00 0
-1.01968495054687103e+00 1.53862495514090092e-01 0
1.68949277416454491e+00 -5.48165881903659535e+00 0
-3.81299739581574881e+00 5.53125418348519804e-01 0
4.14832209040269717e+00 -5.44065403187751984e-01 0
5.48591584662118681e+00 7.40188891070564114e+00 0
5.96859260132509672e-01 1.09999599020682504e+00 0
1.01118697720805906e+00 2.04092878296636387e-01 0
-8.21405772782403965e+00 -1.08832975958199296e-01 0
-1.02779895356567796e+00 7.52024597074020945e-02 0
-1.19325668965766107e+00 7.68435944098106338e-01 0
-1.03803677470362707e+01 1.17566302737599893e+00 0
9.51916145988290441e-01 -3.81840988310459872e-01 0
-3.23025272453715884e+00 -6.36906177838697207e+00 0
3.41407804153897798e+00 2.80801882510151590e-01 0
-9.82448775663979923e-01 -2.95015783014801303e-01 0
4.34870616469091975e-01 -1.71660613147214591e+00 0
7.61462726746708185e+00 -7.30269302795680897e+00 0
-2.10872873979910880e+00 9.44250707565854275e-01 0
2.96651071076737216e-01 1.41830494519173000e+00 0
-1.20455584898533807e+01 -6.66325409225195742e+00 0
-1.03437689844967604e+01 -1.01275686652776002e+01 0
-1.00535621934369299e+01 -1.05819837864902198e+01 0
1.35947131217455408e+00 -3.27072777918274576e-02 0
-1.42524907331130590e+00 5.64108228067643225e+00 0
-1.01137791957424898e+01 6.39035433652773577e+00 0
-8.21439784823940977e-01 -1.19764053958252195e+01 0
1.38606562100488806e+00 8.11814775654012877e+00 0
1.41930024314499605e-02 2.26257569030944516e+00 0
-4.28002098540790143e+00 1.28960679262117992e+01 0
5.21481778368971316e+00 -7.90921106393044138e+00 0
2.12276112225264901e+00 1.53114105469545692e+00 0
-4.86169070726955610e+00 -4.45048187538438089e+00 0
-4.72732943426388807e+00 2.21114993576195484e+00 0
5.39241171503408778e-01 -8.81083868710535456e-01 0
1.13965777033066402e+01 2.74839685580906501e+00 0
2.91808881023374589e+00 7.10122742488780379e+00 0
-3.00217088225825890e+00 1.75078732082235100e+00 0
-1.23256870822441300e+00 1.64375204021763399e+00 0
-3.12445224710978620e+00 -2.59295761303827010e+00 0
2.38948773756474520e+00 9.90701943075858904e-01 0
-9.94775729905443029e+00 9.55285991470650941e+00 0
5.66618332481453768e-01 1.45271670275367493e+00 0
2.56391584151188623e-01 1.16660212193006196e+00 0
8.48963589879452663e+00 1.76679084324510005e+00 0
-1.07782191266165306e+01 -5.45103041679985800e+00 0
9.57252378670383375e-01 5.30378554081167963e-01 0
9.61096824416409312e+00 2.09750091115633586e+00 0
3.07116263738372819e+00 2.20677383277109618e+00 0
-1.31524881334928900e+00 -3.26391568834271517e+00 0
-3.40134422808075709e-01 4.68121142921702393e+00 0
1.24890914249827389e+00 -7.90200241433239969e-01 0
3.22922288958544090e+00 7.85688258893680547e-01 0
4.02955574244223680e+00 -1.94936746575100894e+00 0
-1.30270252219817406e+00 -1.91215382132462086e-01 0
6.39958035532590941e+00 1.33050445389933203e+00 0
-3.90274793875696080e+00 -9.80490960556333557e-01 0
-9.41217097237534439e+00 -6.76213738361641781e+00 0
2.16911864411604594e+00 -3.72680174531822495e+00 0
3.48616185108832211e+00 -4.20039623677672758e+00 0
7.99815819256543303e+00 -7.88151410115704376e+00 0
1.31876667478321297e+00 1.47388048751544709e-01 0
-9.43518876206965507e-01 2.10783511698236081e+00 0
-1.83904604621432211e-01 1.26029749913095994e+01 0
8.66007948664209604e-01 -1.32729570340199610e+00 0
-1.15927738483346099e+00 -3.10227476455927897e+00 0
-1.15252333373232396e+01 8.88629334656138781e+00 0
-9.08283106904100812e+00 5.77841256138788006e-01 0
-1.37630644223252196e+00 -1.22653706141265095e+00 0
2.07944558594139517e+00 4.11511045138414022e-01 0
-3.90406531988752015e+00 1.40820069618630299e+01 0
4.00791953049446203e-01 1.38431964538904206e+00 0
-6.88456904044180806e+00 -4.87912726799433383e+00 0
-1.01334721494795410e+00 1.94352924739424393e-01 0
-2.18495988211805114e+00 -2.10952519152507589e+00 0
2.88002035325534100e+00 -7.99265511321167743e+00 0
2.03556857193858498e+00 6.32178686573564991e-02 0
-1.13165210401800698e+00 1.38840320232089010e+00 0
1.08108560567712808e+00 -3.91571154486607709e+00 0
-5.27160691873109410e+00 -9.98390136893636715e+00 0
-8.95194611264863882e-01 -1.30913570758765307e+00 0
2.26143782276302696e+00 4.28045011468440695e+00 0
3.97762047082298009e+00 -7.75148010578230573e-01 0
1.46316988781708707e-01 -1.44647793204759694e+01 0
-2.39164179991613102e+00 -1.83903887465421301e-01 0
4.73408628651866525e+00 3.56374676965529202e+00 0
-5.16213723663976243e+00 9.63338881497962696e+00 0
3.16409984795476307e+00 -1.19132886208795008e+00 0
1.51286652982398406e+00 -1.62057645335965095e+00 0
2.11884077385982783e+00 1.14494757183964291e+00 0
4.56890969853160522e-01 1.32488712203465608e+00 0
-4.59208711765960120e-01 1.05004548600529790e+00 0
-1.08884437791820499e-01 1.02498667213706507e+00 0
-7.75885548420198523e-01 1.81604803943628390e+00 0
2.58247436811129605e+00 -1.98910327898142308e-01 0
-9.92284477219220418e-01 2.89719684527710686e-01 0
-9.93721962977776130e+00 -5.29904761566968219e+00 0
-5.62826461794684807e+00 -5.49700258024972843e+00 0
4.43482375679315810e-01 3.45167893162213701e+00 0
-1.18089318511761104e-02 -1.27371886689067693e+00 0
1.05408218362283801e+01 8.93373769572345822e+00 0
3.34968072807868111e+00 -1.02740747987655201e+01 0
2.54572879126404006e+00 8.48773761472965571e-01 0
5.32518245637345533e+00 8.87284441183519768e+00 0
-5.57405950768455671e-01 1.80012369311825005e+00 0
-1.19641745633771598e-01 1.27311795643739001e+00 0
1.85361818524674193e+00 5.56032226916359296e+00 0
9.72877828519716026e+00 3.69283957075169722e+00 0
-4.85391727431570796e+00 -3.16885590257670213e-01 0
2.22456496306848894e+00 1.93655854786084691e+00 0
-2.23320034031415010e-01 -1.17885532575791308e+00 0
6.34350177997677012e+00 3.37964212221722882e+00 0
-3.27446896829609979e-01 1.19466551049443104e+00 0
1.62866621663503897e+00 -9.03247278563303335e-01 0
-2.12641152681252299e+00 -9.22242982238485193e-02 0
-1.36081438008328992e+00 5.25331426284311731e-01 0
6.09723351191527985e-01 4.04103097597190075e+00 0
1.84840111827378606e+00 1.69693004689353000e+00 0
7.98648075889898923e+00 -6.25809199823944606e+00 0
-2.58787706681017005e+00 4.36462602272513323e+00 0
2.40405507641910887e+00 2.31444130138966608e+00 0
7.21633920781975302e-01 1.40607048375002308e+00 0
-6.68208844948527059e+00 -1.14281417966959005e+01 0
4.43627468581541518e+00 -9.67752432869868007e-01 0
-8.82640096083644998e+00 8.45947961169843232e+00 0
3.84962759127231191e+00 4.49980735081870442e+00 0
9.72301834482985683e-01 7.08585854861254472e+00 0
1.64091175265983003e+00 -2.46795629786352388e-01 0
3.09513648572720301e+00 2.64122806596496806e+00 0
3.59584761792068397e+00 -5.05490893733322544e+00 0
7.03630730000641913e-01 6.26794771200532619e+00 0
1.16606603225831607e+00 -4.80020928085321595e-04 0
8.30731148400691621e-01 -8.67315783071989532e-01 0
2.50547796580533522e+00 -5.52831643914339921e-01 0
2.55720290646012893e+00 6.66656825100842720e+00 0
-3.65824588666781914e-01 1.55302381355017305e+00 0
1.62540041541846803e+00 -7.04929248747542037e-01 0
-3.52041105402754395e+00 -1.34283484041178198e+01 0
6.91200695956347144e-01 9.40177423923761468e-01 0
-5.13525896860231157e+00 -1.18839757807550299e+01 0
1.32950407816627092e-01 4.35734815494328487e+00 0
1.07278907658412397e+01 -8.63528125494081067e+00 0
2.57252159856812890e+00 1.24850237870978695e+01 0
-3.71742518811810807e-01 2.29119814807285405e+00 0
-4.70255019560421772e+00 -3.57212006767735302e+00 0
5.47238618213448280e+00 3.00682979737821787e+00 0
-5.39386574565668742e+00 1.04312790404324804e+01 0
1.25748934838058890e+00 -3.37754182997529670e-02 0
-2.54121230824665201e+00 1.03001336521420406e+00 0
5.23413433281912877e+00 1.27406633609081599e+01 0
2.26801025054657712e+00 -2.75826893849857901e+00 0
4.97615943628690793e+00 -2.45865803092023283e+00 0
-9.21011220679387232e-01 6.30521337248430291e-01 0
-1.69533393102285790e+00 8.01948909246288921e-01 0
3.17691784439061520e+00 -4.84625251025076409e+00 0
9.33776831260436202e-01 -3.24833550326227982e+00 0
3.20316198474377312e-01 6.54068667261751191e+00 0
2.42209933456037918e+00 -6.20234787477916494e-01 0
-6.01499569825432356e+00 8.05681893128524074e+00 0
-8.97977322444598869e+00 -1.13411587726247607e+01 0
-5.08760899462534599e+00 -2.66524414775212604e+00 0
6.56909342883742919e-01 7.86850039153661251e-01 0
-2.85377092055359993e-01 3.00215399157021201e+00 0
1.77334660087617307e-01 -1.17065760361943805e+00 0
-9.36310479850377142e+00 5.99533043624100959e+00 0
3.43538258609033598e+00 4.23869498280624923e-01 0
1.24815117412020204e+00 2.69029695725531415e+00 0
-4.27290451592084697e+00 -4.02652529598735820e-01 0
7.63867657655463539e+00 -5.23673504057680006e+00 0
-2.18753264532019404e-01 8.10850094667256727e+00 0
-2.43362112969765398e-01 1.41574882165727800e+00 0
-1.41250942705840199e+00 2.66460439762975287e+00 0
1.08495529469368801e+01 9.62816424506920754e+00 0
-2.11194057038758798e+00 1.94104742121114304e+00 0
1.32261064986215304e+00 1.90286885819342100e+00 0
-5.83190754097711483e-01 1.26269619348509798e+00 0
-2.00609477056755114e+00 1.24292288653263605e+00 0
-1.21755105299013411e+00 -8.18378940681469103e-01 0
-1.14934644363779199e+01 5.92818038464721209e+00 0
-3.63590346859461100e+00 -1.16303541968029700e+00 0
-4.41055486747314696e+00 2.78018437257933515e+00 0
-1.34942045896052698e+00 -3.63115168463154880e+00 0
3.01081931765785882e+00 5.42625871645597169e+00 0
-9.02081749357354856e-01 -1.70925215491062299e+00 0
-2.69813504855344810e+00 2.00900483526341489e+00 0
-3.79024082959030117e-01 -6.80346755154774741e+00 0
3.12179542619656025e-01 -5.48396424205631927e+00 0
2.57075349319449487e+00 6.19259945258584965e-01 0
3.05560395921112082e+00 1.34777260569662705e+00 0
1.72584838052811795e+00 -3.34715929223649178e-01 0
-2.61939167442725274e-01 1.23952249210585697e+00 0
1.08671070895203892e+00 2.54078218547796020e+00 0
-2.95970752368667922e+00 -5.41840977241087973e+00 0
-1.60037432205965491e+00 -3.45090202239453081e-01 0
5.46453423007212269e+00 -5.67876007747933009e+00 0
2.58738402986254279e+00 1.25824600271304310e+00 0
4.39734225643121057e+00 2.46912098186808393e+00 0
-3.15993289977193603e+00 -1.95281448400307589e-01 0
-8.02734307389814550e-01 3.97245931974457989e+00 0
4.13498268491625698e+00 -8.53030061077623802e-01 0
1.74554482301420699e+00 1.00146348599452395e+00 0
2.25299675297642210e+00 -7.08746661043567094e-01 0
1.39253787245853711e+00 -2.08847232316053688e+00 0
-2.97165141233524022e+00 1.21968931349696703e+01 0
-3.87045793626086798e+00 -3.33056397212333710e+00 0
8.19497438663276401e-02 1.11417303237113297e+00 0
1.27338109690034806e+00 -1.33599399293364094e+01 0
3.84186358309604614e+00 1.51046665875769692e+00 0
4.14148335031186132e+00 7.77727734170960261e+00 0
-1.26737292904727306e+00 -8.96367330155634634e-01 0
-6.42681609529003239e+00 -5.60303592528080241e+00 0
-6.92663748304364280e+00 2.65320829552921289e+00 0
-4.54273892772318333e-02 -2.36906023095578888e+00 0
1.29587353676145800e+00 1.00202574303896896e+00 0
7.52954021719448363e-01 -1.52430258623812009e+00 0
-7.99543517173737595e+00 -7.04222137018545169e+00 0
-7.04247437747998695e-01 -9.71530894125001154e-01 0
8.95926474505651882e-01 1.21015918110158593e+00 0
-3.77922281593937504e+00 -9.50107420448955686e+00 0
2.10859386464121590e+00 -2.76009677786365692e+00 0
2.85733046258752399e+00 -2.42583215002409380e+00 0
-8.11635658605055710e+00 -1.69754723217816994e+00 0
-1.43079819078966008e+00 6.52720980511329540e-01 0
-1.09281352599433501e+00 7.46722665024535903e+00 0
-9.29088422987150442e-01 -1.09840051775146796e+00 0
6.53550128276493680e+00 1.17448365378098405e+01 0
-1.77032201276884002e-02 1.30823532985308399e+00 0
-2.28298255902318115e+00 8.41893328841920918e-01 0
-6.53012900968139576e+00 -3.47716565554000478e+00 0
1.60470028484867111e+00 1.36644133354212494e-01 0
-9.85166237297057812e+00 -3.17136920561661317e-01 0
-6.26777297575109937e+00 -8.06869704113268149e+00 0
-2.58261022469351609e+00 7.59704294966562799e+00 0
-5.66639806390911938e-01 1.15271881808516308e+00 0
1.35849166454121395e+01 3.85478207205812884e-01 0
-2.17178612005666594e+00 1.48924886904894094e+00 0
3.19279439940436705e+00 4.16860262984840713e+00 0
-6.18410353915159083e-01 9.93142486455838136e-01 0
1.31193365240305893e+00 -1.96260974199190397e+00 0
-1.92803797753492295e-01 1.78568021642565800e+00 0
-8.38046240312650514e-01 -1.02357694614695194e+00 0
-4.75794428437050776e-01 1.17461418523248895e+00 0
-6.40938552342303058e+00 4.25510096091916967e+00 0
7.86572173971585520e-01 6.56677364456997981e-01 0
-1.12227898461087605e-01 -1.07662851901879608e+00 0
5.49006595772491224e-01 -1.02346468283247294e+00 0
-3.81281124414796779e-01 9.51727952759669038e-01 0
-2.18427094406002303e-01 5.63716656483809775e+00 0
1.26360835413756201e+00 -3.95085859901102721e+00 0
3.51521775386904700e+00 4.32368457286278929e+00 0
3.42052769972848378e-02 -1.28526020596093593e+00 0
1.05505478643851802e+00 1.31469056943555707e+00 0
-6.50206645999919619e+00 3.71094029471829012e+00 0
1.46103867927367292e+00 2.71524523992248801e+00 0
5.12564487540298774e+00 -9.03967748946014171e-01 0
1.22660957423866606e+01 9.87252254003158414e-01 0
3.36267606524975404e+00 1.34982120473208900e+00 0
5.20196179617182697e+00 -6.64281054041863439e-01 0
1.54532450169915392e+00 -2.74095482657514600e+00 0
-7.13722325310372052e-01 1.34237259261487507e+00 0
3.07326627001851405e+00 -9.46915219100133676e+00 0
-1.90393861581615109e+00 2.88221424831079398e+00 0
-6.89627844098494780e+00 -3.71828235248801420e+00 0
1.90472873651761909e-01 -3.33017060418483579e+00 0
1.26094765591898401e+01 1.35263462463081607e+00 0
1.07206249206495503e+01 -2.12200072534247486e+00 0
9.62712235563981222e-01 -7.00785699023990127e-01 0
-8.74117654554939172e+00 -1.88809429913106702e-01 0
3.24543055558837601e+00 -3.14393903034742017e+00 0
5.93690549066867490e+00 1.79196483989979205e+00 0
8.98932321111170496e-01 4.01854377472108926e+00 0
2.19489815659888787e+00 -6.24541476210254043e+00 0
-4.78198061824153609e+00 -9.24566965881577829e+00 0
4.26676426971596623e+00 -6.52442908751102557e+00 0
-1.28110524962831391e+01 -3.15256727696402317e+00 0
3.43780491908525387e-01 1.57355564309729901e+00 0
2.39512643543849102e-01 -8.21512616653417638e+00 0
-1.28216493536698795e+00 5.24089280511047484e+00 0
-3.12225370920560075e-01 3.83660187604951508e+00 0
6.07551839187711540e+00 2.29139663586769293e-02 0
1.67195618704045801e+00 4.03524720274095827e+00 0
8.39357008872076271e+00 1.47430907266652089e+00 0
-6.58554241825848652e-01 1.70436832710526898e+00 0
-1.46576264955752711e+00 3.98384617448966116e+00 0
4.83281886560871499e+00 6.45551353003086192e-01 0
1.01147465049335992e+01 5.33431936839368603e+00 0
7.45140601507727762e-01 3.93813924126204817e+00 0
-2.46250966140045113e+00 8.50840580583655526e-01 0
5.05674100051445974e-01 8.91181845990831500e-01 0
-1.09612697491892708e+00 -5.97132544595306958e-01 0
7.10686824061704669e+00 1.09839111013860204e+01 0
-1.54286476049718502e+00 3.62935596516993390e-03 0
1.39793070122292903e-02 -1.37882049100904203e+00 0
-6.99563917551561776e+00 1.19951562434598102e+00 0
-1.70651159256000007e+00 1.29145109697536609e+00 0
1.36910895321954595e+00 7.79977652813647837e-01 0
6.97956632179386416e-01 -1.21904164650029889e+00 0
-6.34554120868072058e+00 7.33981589078288987e+00 0
-5.91545279546823810e+00 -6.55866204576222778e+00 0
-1.10037789197461411e+00 1.70899030288242004e+00 0
3.99737430448611708e-01 1.20565955316533691e+00 0
-2.10263042593468485e+00 5.53071221712813199e-01 0
4.57047547288682843e+00 2.35422332881769192e+00 0
-8.66272180097811262e-01 1.63132764858208201e+00 0
-2.07137695941808309e+00 -9.34704227073291172e+00 0
1.29441478782310604e-01 1.33951931157383108e+00 0
5.53607707272951632e+00 -7.62296567788703139e-01 0
-7.25092646191883095e+00 -7.37213764537225558e+00 0
8.30760813744413618e+00 7.45841532384393102e-01 0
-2.00708759854964480e+00 3.13395235169428199e+00 0
-9.38134335089626781e+00 -2.45537475500198621e+00 0
5.75761191290104257e+00 -6.13195393268257316e+00 0
7.92621378393722598e+00 -1.21529667470132594e+01 0
1.31202626959985107e+01 1.19697381632285205e+00 0
9.17968587289449722e+00 -9.03519993744464678e+00 0
-1.41339134398597110e+00 -7.40670028445296613e-01 0
5.15294962357796305e+00 4.42916035014722820e-01 0
1.01548243966114904e+00 2.01064834876935095e+00 0
-1.35338645726282292e+00 1.11185414999369598e+01 0
3.97069287654685210e+00 -1.30749046285346999e+01 0
2.58873908856025903e+00 1.62064736768061701e+00 0
-4.08176199229358883e+00 4.79472054457195540e+00 0
-5.56812233852179705e+00 -3.64172810116066781e-01 0
-7.42897913807755050e-01 7.18760154627341996e-01 0
2.26799649000347303e+00 1.41291388622139991e+00 0
1.39953660373562294e+00 -4.99264514464280683e-03 0
7.95685281240695735e-02 1.64562494951946392e+00 0
-8.66386247745449545e+00 -1.07258463537506401e+01 0
-8.73067168726470655e+00 -8.13622261107919087e+00 0
-2.27178285305922012e+00 -1.97432586433457902e-01 0
3.66155172409823981e-01 -3.38958444049451701e+00 0
-6.66529335185812144e+00 2.87548033827660010e+00 0
-4.01727613675595008e-01 1.21395947762779199e+00 0
8.64019379425454659e+00 -6.42957069414486493e-01 0
6.72833433171637374e+00 -6.24636956729624160e+00 0
6.00783760865415761e+00 -1.28282563803138405e+00 0
-2.56472085238001801e+00 2.56515057334153607e+00 0
-2.02333034952287516e+00 9.90175927767259489e-01 0
4.08749751185569277e-01 -1.35470640023351496e+00 0
5.12815436675106895e+00 1.51453002549728599e+00 0
-3.81326246753123099e+00 2.55956717365675912e+00 0
-5.16837786962376033e-01 -1.09265454801459505e+00 0
-3.09671230237601414e+00 -7.98570553055649412e+00 0
1.65175133357357695e+00 2.57513368905930218e+00 0
1.35283598554326301e+00 6.34320618081583576e-01 0
-5.37771449719968331e+00 3.10155866502176814e+00 0
-1.36127927718500104e+01 -5.24966241762033459e+00 0
-2.43614672124059695e+00 -2.79061438410104279e-01 0
2.48743050691844603e-01 -6.05128791638515384e+00 0
1.66871567554205402e+00 -2.04988607175130388e+00 0
5.16461893794390026e+00 -5.80113092379223261e+00 0
-7.56369966699495766e+00 -1.93589284495253411e+00 0
-1.71430996111876510e-01 1.67359302906926311e+00 0
6.89632096954884499e+00 8.95594424143107659e+00 0
1.25426451042889187e-01 1.75008286099224808e+00 0
-1.17144275234001105e+00 1.55503972846370991e-01 0
-1.03631617923481700e+00 9.81806335584210044e-01 0
9.56076714434327180e-01 -9.33085581693154809e-01 0
1.13449348043557503e+01 -4.05714702354370260e+00 0
-1.71032052844567395e+00 5.36698739441773709e-01 0
1.18478279440229595e+00 2.90538276992050815e-01 0
1.18610742225316002e+00 3.33645582083703707e-01 0
1.63875231093279894e-01 3.66441193043094104e+00 0
-6.38949435410331446e-02 -1.18521541896582594e+00 0
1.52455310897607199e+00 1.60859626495985397e+00 0
7.36583305140252076e+00 -9.36354563276584528e+00 0
-1.35707652910400900e+00 1.92812538815333490e+00 0
9.68956014900411722e-01 5.71542830846067673e+00 0
-7.70793593218366269e+00 -3.02280624179444191e+00 0
6.93678958011138569e+00 -6.97810236140550977e+00 0
1.27128758297071194e+01 -1.46652699054297098e+00 0
2.85561330050360196e+00 -1.29253205366978001e+01 0
3.50139181924568188e+00 3.88823937824908983e+00 0
-1.15947923957309196e+00 8.65339842343035404e-01 0
-2.37690220958926801e+00 1.52092693047523406e-02 0
3.37141832886149606e+00 -1.33381431828791897e+01 0
1.06417094859909400e+00 -9.84854008300166950e-02 0
3.29036882706810585e-01 9.78449977104176805e-01 0
3.77322236981553694e+00 -5.19873007196090975e-01 0
-2.45858409399707911e+00 -3.24732307135300502e+00 0
-2.62719544062564880e+00 -5.81484893873973085e+00 0
5.38068888061499107e-01 2.23426147386030616e+00 0
1.06268160338557904e+00 -1.43842710569053511e-01 0
3.04959431830575101e+00 -7.71528475759571020e+00 0
6.22437762780034731e+00 -8.11378019498354064e+00 0
-5.72311008635303065e+00 4.68183675033333824e+00 0
1.10091845264184407e+01 -2.78086015272101994e+00 0
-4.59573150496883909e-01 -1.57406356420754401e+00 0
1.58083375283016991e+00 4.97295610697889767e+00 0
1.92090805224437888e-01 1.72382843247748108e+00 0
-2.20366536169666594e+00 4.06961827926510544e+00 0
1.36487670739426097e+01 4.75963985659737165e+00 0
5.37210044884409221e+00 -2.53152162948562021e+00 0
3.49052348570491011e+00 6.99845529481795681e-01 0
-1.11251142383645107e+00 1.06221772131321202e+00 0
2.99105997344421093e+00 -1.36759071787064701e+00 0
-3.24288449026140402e+00 1.37447608300990298e+00 0
-5.77607924811114160e+00 2.06033294229145714e+00 0
-2.75404355152416302e+00 1.76440100123027399e+00 0
-4.50756853478958686e+00 9.08243195621211186e+00 0
5.33169401547028077e-01 1.51463293143370192e+00 0
1.22101283880638203e+01 5.01188825705587160e+00 0
-2.36526262304639889e+00 -2.45788461302880012e+00 0
1.06757315952106602e+00 -4.96459429001847474e-01 0
-1.87497552842839088e-02 -9.22881385831401424e+00 0
8.46660802040084759e-01 -4.23000207812015727e+00 0
3.94271786018072001e-01 1.15450140311443805e+00 0
1.75083233258339899e+00 2.35070346206398106e+00 0
3.63624961023967819e+00 -9.07286280910615339e+00 0
-8.49227009808764599e+00 6.93106719641714530e+00 0
1.76487599648610405e+00 -2.12461360159517598e+00 0
7.76676879626384986e-01 -2.07562339592024880e+00 0
4.87941449546567263e+00 -1.29913213288395806e+01 0
1.06879666897589609e+00 -2.48729753936716591e-01 0
7.62004138312901702e+00 1.86203142785324793e+00 0
2.10284312090606695e+00 -2.07162175409435978e+00 0
-4.27207103390542198e+00 7.05846771170854570e+00 0
-2.42899406619003821e+00 5.45961390737171315e-01 0
-1.54587465171738603e+00 -3.34070537445665705e+00 0
-2.40912279165175595e-02 -1.02713361901485190e+00 0
1.11544583370177097e+01 1.40758704756087893e+00 0
1.07524887284101300e+01 -7.70063666764490495e+00 0
8.85309188692082083e-01 1.44351053160744702e+00 0
-3.49438911325531798e+00 7.08364098619983285e-01 0
2.42269486913681220e+00 3.92918837708149704e+00 0
-1.13085843963933996e+01 7.87814305442145013e+00 0
-1.20129271428933393e+01 4.00132652843676784e+00 0
5.99193116111107393e+00 2.19764162953363096e+00 0
1.78434527234134710e+00 3.15785447169660893e-01 0
2.51940926194294512e+00 8.17954485343589965e+00 0
-5.63918050501449475e+00 -1.02389218128908901e+01 0
2.86953254655587298e+00 -3.74446891279175587e+00 0
5.95501929423621501e+00 1.33114918386288905e+00 0
-2.52823356501254315e+00 -9.88133304089943820e+00 0
-1.41664546223199195e+00 4.78186428100901673e-01 0
-2.00506369170451304e+00 -3.18217885145324009e-01 0
-5.19354979521539972e-01 1.47887199078522102e+00 0
-5.50687760199929688e+00 -3.63205138500950797e+00 0
-1.64687763152416999e+00 4.07997666407152426e+00 0
8.92730302089919103e-01 5.07029428360686096e-01 0
-9.04441660839434114e-01 -5.75116766957207215e+00 0
-3.82433850461183888e-01 1.30714533216145701e+00 0
-1.53405842914542206e-01 7.10449024961633935e+00 0
9.48196744755196885e-01 2.44866278705001905e+00 0
-9.04605077624115239e+00 4.34694179309217166e+00 0
8.14387994906967672e-01 1.65820413813858392e+00 0
-8.56351834162609071e-01 6.68101044000223521e-01 0
-8.23396803006730571e-01 9.35078054967356209e+00 0
9.05369276522802968e-01 -4.89333967187671437e+00 0
1.34587617787890501e+00 -1.46008472264196498e-01 0
1.11251513963327398e+00 3.35798850634161816e-01 0
-2.82472295633539883e+00 -1.35981717757698095e+00 0
6.38325243233976458e+00 8.12361538375061643e-01 0
8.18493123518982624e-01 -1.42248775428189100e+00 0
5.24639713693295762e-01 -2.99437021505293499e+00 0
1.95066451066098906e-01 1.45901863607694904e+00 0
6.92841151122280841e-01 -8.67270784903851344e-01 0
5.20106789985583617e+00 -1.34664010374746801e+00 0
5.12167936999422757e-01 -2.24273232870831496e+00 0
-6.22187626762908241e+00 3.74763366538890885e+00 0
4.61444671537743467e+00 -5.00614047668106732e+00 0
4.06438636536150588e-01 1.67151870209113396e+00 0
-2.94642685661973214e-01 9.81150425550918359e-01 0
5.01387077813979398e-01 9.89189946031816980e-01 0
-7.77008535845168602e-01 1.07612370992700201e+00 0
2.59453218503742189e+00 -2.33018009230233680e+00 0
-1.88676498923012503e+00 2.56964653849424618e+00 0
-1.45773390535905492e+01 1.07610576716319795e+00 0
1.60632628700332991e+00 5.25102033408046420e+00 0
-3.52661833773101607e+00 1.87116673089102292e+00 0
-1.11058688655129991e+01 2.22770227707824819e+00 0
-2.17124660127027802e+00 1.03598955957098604e+00 0
1.07077849971093708e+00 7.98389137921823533e-01 0
-5.48075114503012539e+00 -4.18459925973414126e+00 0
2.05583543942376795e-01 -1.76269968361680207e+00 0
1.19279038876877097e+00 -3.38650484513239380e+00 0
-1.13007515073292097e+01 6.85265101194489556e+00 0
1.30144164882956392e+01 -4.39096242597943931e+00 0
4.31777186031104687e+00 -1.25231574581719407e+01 0
-5.19923810575089851e-01 4.29494007244525733e+00 0
1.28103508191386606e+01 -4.89257148730961422e+00 0
-5.46615706748827090e+00 3.86404512021869584e+00 0
-4.63080352732696010e+00 -8.43693089495146098e-01 0
1.19229153569111705e+01 2.50252193396086786e-01 0
-1.48690355506410699e+00 -8.15315787168863082e+00 0
-2.06561396257674612e-01 1.00370676101605594e+00 0
-1.10521507929107408e+01 -6.21665328604629241e+00 0
-9.31156645881497091e+00 7.64396997132998468e+00 0
1.01708239781638299e+00 1.21580640995085698e+00 0
-3.03166017360374695e+00 -1.99042921616012602e+00 0
-1.03253822674174689e+00 5.07207682001317051e-01 0
1.33877701840600203e+01 3.33521731147921319e+00 0
1.14646891247623603e-01 1.01751930276482194e+00 0
4.31978128963630059e+00 -2.92894324782632887e-01 0
-1.06779408292058893e+01 -2.09198985500190782e+00 0
-1.30394849927155998e+00 3.74595055182196379e+00 0
-5.84398231904003862e-01 -8.43217626123749953e-01 0
-1.42574532271408305e+00 -9.17903138273745811e-01 0
-2.82659385422998222e+00 3.19109328431980011e+00 0
-4.01692050735421913e-01 1.45030960679163901e+00 0
9.23541787717548024e-01 8.85312447866250984e+00 0
-2.30592348226771104e+00 9.31453417823949414e-01 0
3.75407698361085185e+00 3.56622250505453398e+00 0
-4.00425486075134396e-01 1.64963012053425406e+00 0
2.32370081271898821e+00 -8.87208988668414578e-01 0
5.06845929494221714e+00 3.11039011427386791e+00 0
-2.79706029576924786e+00 5.13472972605432454e-01 0
-9.62450356035342791e-01 8.20560672472965713e-01 0
6.64701836622223130e+00 -1.29474411636379401e+01 0
2.41431632493332193e+00 2.52118044342857406e+00 0
9.94692665156845068e-01 2.80932499183782991e-01 0
-1.19271297067812405e+01 2.64508928854431380e+00 0
2.29695851759041192e+00 5.51223966045706604e+00 0
-8.40486441690816832e+00 -9.09389662537022048e+00 0
1.45036368327070497e+00 2.10967909819560595e-01 0
-2.03222367349210797e+00 2.01322255036057696e+00 0
3.40874264903308122e+00 6.94356085785750565e+00 0
1.10460926153600902e+00 2.02631376838618288e-01 0
-2.57621706807006079e-01 -1.12640011329700207e+00 0
6.86221775905879960e-01 -1.07553191343515593e+01 0
-2.84885149074312505e+00 6.72350660331088523e+00 0
-3.00126383443964517e+00 -3.86770521763244279e-01 0
2.18614794343399588e+00 3.71117438344622119e+00 0
4.87505321498030142e+00 -9.56710766851503536e+00 0
1.13618663926894907e+01 2.16444288336196999e+00 0
-2.86653926033907291e+00 -7.35623520164681111e+00 0
6.94786567730314442e-02 -3.43548444384513196e+00 0
4.00480328429089560e+00 -3.20523798546087590e+00 0
-2.09606929291269983e+00 1.32143615911050905e+00 0
1.03951652317358589e+00 -3.70355930463814875e-01 0
4.12888123046438515e-01 6.31761877612526757e+00 0
-7.34076431170772015e+00 6.64785914904852859e+00 0
-5.65278001773239502e-01 9.31196561092456299e-01 0
-9.51594254257672301e-01 3.84309631827510878e-01 0
1.57632311188011909e+00 5.11038638521339017e-01 0
-1.79785648351194505e+00 -3.10684248430344079e+00 0
5.77328983064883428e+00 -3.79933532543088415e+00 0
-1.29707302427794993e+01 5.18722303938995744e+00 0
1.03621455974057692e+01 -5.31499594746516024e+00 0
1.03879502335867491e+00 -1.76808293862082899e+00 0
-4.21622454216036502e+00 7.57951222786689538e+00 0
-3.16135544898002818e+00 -9.15478429520629788e+00 0
1.26463140748836911e+00 -1.79134501097559506e+00 0
-1.07629483530173298e+00 -1.48339272184140808e-01 0
-1.32353111671486690e+00 6.38553287819404347e-01 0
7.73838666041010925e-01 -1.26049423792584303e+00 0
-1.80551152885786492e+00 -2.23985939682574187e-01 0
1.33031702779258296e+01 -3.48673066035670809e+00 0
-4.30463876391061095e-01 1.78955948440480106e+00 0
1.12253578465255610e+00 2.83864720661438308e-01 0
-9.72689289960700165e+00 -5.82353399522230841e+00 0
1.29827263058804299e+00 1.07648790314022791e+00 0
-3.54975680167709218e+00 1.64307857690673398e+00 0
-1.06203645310010000e+01 9.95043656516641128e+00 0
-5.45463017115258886e+00 2.26648351765712786e+00 0
-8.08346612272864284e+00 9.09331866328841265e+00 0
1.23717664013121298e+00 -2.33288700672355798e-01 0
-1.33503733141901404e+00 6.95899864164893689e-01 0
-9.12650484300210757e-02 2.29040560276297311e+00 0
5.58864055487132116e+00 -4.04179529191856179e+00 0
4.19682527395986593e+00 7.89651620935404419e-01 0
1.06074868208529001e+01 -6.67742272370246681e+00 0
-8.53800863483176298e-01 7.81982663573599690e-01 0
7.19377992528653909e+00 -2.58975534021037479e+00 0
4.65578985582244587e-01 -9.14038064158718910e-01 0
-3.48810954411703511e+00 -6.05508291044625557e-01 0
-1.26256366293057098e+00 6.49694490514407946e-02 0
2.58618452183112790e+00 -1.39044154953115595e+00 0
-7.54963089958779476e-02 1.32871398245866490e+00 0
5.64637100173205564e+00 1.20478748807467806e+01 0
-8.09340044120785307e-01 7.21105706211296216e-01 0
CELLS 3820 15280
3 1888 5617 2492
3 1595 4173 2495
3 1176 3708 2376
3 2050 4261 825
3 5048 5572 666
3 2432 4968 3203
3 4524 5277 348
3 5313 6557 2604
3 825 3925 3183
3 1571 3929 2825
3 984 5598 2419
3 1491 3444 2390
3 1769 5997 4458
3 1422 4994 4447
3 285 3333 3266
3 3034 5958 4512
3 937 6624 2840
3 2625 5322 1830
3 1187 3632 2194
3 275 5313 2604
3 3030 7469 2526
3 6043 6525 2865
3 1664 5397 2284
3 1452 3030 2526
3 1259 3592 2171
3 2312 4653 1359
3 3444 7657 2390
3 6772 7139 2244
3 1097 3589 2330
3 2500 2830 1139
3 3571 5305 1014
3 2012 3416 299
3 125 4981 126
3 1024 3039 2568
3 2404 7316 2818
3 795 5322 2625
3 2851 3026 640
3 1573 4120 2738
3 2691 2965 975
3 2330 3589 299
3 3034 4512 413
3 3616 5688 5586
3 839 5873 2314
3 2477 4723 726
3 2865 6525 2163
3 2474 5632 1621
3 666 5572 2911
3 564 5401 2850
3 825 4693 2050
3 1571 5097 3929
3 918 3754 2469
3 2432 3203 527
3 3806 6556 1418
3 4201 5532 1481
3 3196 4890 604
3 3499 4981 125
3 460 3782 2072
3 2250 6132 1039
3 1346 4691 2439
3 806 4404 2861
3 3196 5385 4890
3 1014 4968 2432
3 1220 3440 2804
3 2347 5873 839
3 1359 4209 2312
3 2106 6773 1278
3 1278 3588 2106
3 253 2558 252
3 2227 2974 973
3 7184 7624 2606
3 1715 4412 3311
3 2500 7595 1025
3 2644 7533 1165
3 2707 2872 1035
3 402 5037 2718
3 2950 6772 2244
3 2169 5305 3571
3 2284 3241 1664
3 1050 3420 2337
3 2630 5598 984
3 2223 6937 1278
3 4851 5094 2117
3 2527 3687 1306
3 2255 4994 854
3 1139 3273 2985
3 2850 3224 1515
3 1135 5585 2223
3 370 3894 2364
3 2733 6025 1996
3 459 6842 2503
3 2314 3870 521
3 1452 5504 2432
3 2376 6360 1176
3 454 4489 3023
3 4217 7185 4086
3 4096 6239 1346
3 791 6043 3272
3 2519 4823 1242
3 2988 3918 1505
3 1106 3113 2872
3 344 3302 2419
3 285 5628 3333
3 2534 2749 1092
3 839 4397 2717
3 299 3589 2012
3 4447 4994 2255
3 1853 2984 2620
3 2419 3302 984
3 1151 4505 2282
3 2734 3010 438
3 3616 5586 1802
3 299 4668 2330
3 3693 4434 1183
3 2845 3061 1120
3 1771 5305 2169
3 242 2450 241
3 518 5876 2440
3 3010 4423 438
3 887 4769 2419
3 3073 3297 532
3 2169 7254 1771
3 2872 3113 544
3 987 4036 2743
3 2492 2937 1063
3 2620 4205 322
3 1493 5319 3015
3 1093 7097 2515
3 2608 6842 459
3 3008 4989 937
3 2718 3230 402
3 1210 5140 2166
3 3311 4412 640
3 2194 3652 1187
3 1039 6132 2581
3 1175 3010 2734
3 1252 6336 2168
3 2531 5892 506
3 2733 4193 1275
3 1382 5017 3089
3 1025 6144 2500
3 285 6256 2945
3 2581 7199 1039
3 413 4706 2535
3 3117 3248 1087
3 2620 2984 796
3 2548 3237 918
3 2818 7316 1050
3 2970 5094 1472
3 2559 7614 6153
3 4459 5234 1911
3 5617 7371 2492
3 2616 5923 1669
3 5181 6069 2107
3 854 3775 2255
3 326 3928 2523
3 2554 4944 1633
3 1275 6025 2733
3 1159 3061 2845
3 1165 7533 2715
3 1890 5708 2784
3 527 4850 2432
3 1093 3260 2749
3 1472 5094 4851
3 2725 7060 812
3 3183 3925 1769
3 977 6630 3023
3 1022 3026 2851
3 2449 7184 2606
3 2635 3445 957
3 1031 7748 3553
3 2330 5136 1097
3 2233 4988 3648
3 1220 5827 2190
3 3658 4085 1419
3 1089 3434 3150
3 2662 3683 515
3 2477 4484 1142
3 507 4383 2761
3 2168 5281 1252
3 3528 4489 454
3 765 5632 2474
3 4353 7656 3553
3 4148 7254 2169
3 437 4036 2717
3 5198 5798 647
3 918 5895 2548
3 340 4918 2794
3 3648 6814 2233
3 2840 6624 2651
3 1313 4085 3230
3 2716 4807 558
3 1220 3814 3440
3 2166 3754 1210
3 2432 4850 1452
3 4401 5319 1493
3 1210 3754 2699
3 431 3877 3681
3 1346 4217 4086
3 2337 3420 295
3 2369 5532 4201
3 5628 6905 3333
3 987 5965 4036
3 3553 7748 3014
3 3006 3140 1726
3 558 5609 2854
3 253 4636 2558
3 1089 6248 3434
3 2124 3799 1255
3 1242 3941 2519
3 982 5923 2616
3 1418 6556 4367
3 362 4120 4068
3 2840 4252 937
3 2364 3953 370
3 295 5397 2337
3 516 3918 2988
3 1092 6624 2534
3 2072 3862 460
3 2715 3028 1165
3 2432 3571 1014
3 2515 5849 1093
3 1824 5277 4524
3 1137 5059 2291
3 2291 3369 1137
3 4668 5100 2330
3 1691 5122 2897
3 1616 5313 2659
3 127 4981 2965
3 1536 4353 3553
3 3126 6817 2405
3 506 3901 2414
3 1106 2872 2707
3 3259 4844 1492
3 483 7176 2971
3 1312 3248 3117
3 2337 4261 1050
3 2861 4404 1726
3 2717 6750 839
3 957 2907 2635
3 1058 7286 3520
3 2521 4004 1097
3 2523 4847 1377
3 7097 7135 463
3 2927 6212 4063
3 2850 5401 4739
3 2718 5037 1830
3 1558 4252 2840
3 521 6368 2314
3 1120 6034 5988
3 2355 6512 544
3 2985 3273 1350
3 499 2840 2651
3 3272 4574 791
3 3345 5097 5019
3 506 3334 2531
3 5587 7357 1049
3 2830 3273 1139
3 2495 5694 1595
3 2662 5430 953
3 3261 6894 6831
3 2749 3260 1092
3 515 7321 2662
3 2439 4691 798
3 1784 4434 3693
3 937 4252 3008
3 4933 5205 2537
3 2440 4750 716
3 716 5331 2559
3 3010 6858 4423
3 551 3687 2527
3 2019 6324 4290
3 3031 3658 1419
3 1346 6239 4691
3 1636 4807 2716
3 2830 7011 3273
3 1938 5626 3025
3 2523 3928 1306
3 2559 6153 2121
3 518 7441 5876
3 2065 6069 4096
3 6785 6817 3126
3 2559 3804 716
3 741 4498 3097
3 2554 6925 4944
3 2659 5313 275
3 2880 3083 1118
3 3310 4616 1930
3 2606 7344 2449
3 5176 5423 2987
3 4498 5028 3097
3 1120 3102 2999
3 4144 5256 1344
3 2499 4077 263
3 3369 5609 558
3 3266 3333 1481
3 2971 7176 2644
3 2927 4063 575
3 2519 4891 1485
3 1637 4974 2691
3 647 5798 3659
3 2704 4974 1637
3 2689 3487 916
3 5724 6716 2746
3 2784 5708 405
3 916 3233 2578
3 4364 6483 2656
3 385 3290 3117
3 2749 7097 1093
3 1778 4474 3544
3 2651 6624 1092
3 1843 3870 3796
3 471 5267 3006
3 1039 7199 2839
3 3653 6818 2312
3 126 4981 127
3 1754 4117 3540
3 2469 5059 1137
3 2881 3958 1310
3 4887 5079 400
3 2784 3246 1467
3 3796 3870 1163
3 2602 3381 415
3 285 6981 6256
3 1767 4832 4700
3 2926 4379 1725
3 4974 6788 2691
3 1377 4731 2523
3 1492 4844 4286
3 1344 5256 3050
3 3060 4474 1345
3 1621 4797 2474
3 2933 5268 4
3 7158 7339 900
3 1762 7389 2271
3 2337 5397 1664
3 2704 6796 4974
3 3091 7060 2725
3 2558 4636 1326
3 2999 6034 1120
3 2818 7158 2404
3 1437 3237 2761
3 1422 3091 2725
3 4121 5892 2531
3 2804 4249 587
3 2646 6576 1022
3 4357 4668 299
3 2761 4383 1580
3 340 6527 4918
3 3683 7220 515
3 1165 2971 2644
3 2606 3797 550
3 2749 7135 7097
3 2535 4706 1558
3 1097 3108 2521
3 2656 6483 1062
3 1106 3483 3341
3 2679 4228 1175
3 2707 3483 1106
3 3873 7589 4132
3 1678 5577 4546
3 1352 4078 2143
3 2521 3818 642
3 2699 3754 918
3 2907 4797 1621
3 1255 6685 2124
3 3126 6933 461
3 437 7404 4036
3 362 4068 2646
3 2568 5591 1024
3 2865 6556 2080
3 1160 4616 3310
3 6562 6733 2238
3 2604 7634 4091
3 2646 3312 362
3 1142 4435 2477
3 3129 5025 979
3 338 3873 3250
3 1586 3824 2689
3 2691 5635 2965
3 338 6418 2679
3 1049 7332 5587
3 532 3083 2880
3 4944 6925 756
3 3345 5019 1062
3 3023 6630 2217
3 3150 4648 681
3 4173 5534 2495
3 1771 3996 3928
3 3247 5661 1983
3 6554 7154 2776
3 2282 5391 1151
3 4290 6324 1411
3 3953 7748 1031
3 3540 4117 1215
3 1035 6284 2707
3 2500 6144 2830
3 550 3590 2537
3 2897 3343 1691
3 2390 5672 1491
3 1269 5113 2552
3 2783 7321 515
3 1160 3381 2602
3 3925 5997 1769
3 2818 7339 7158
3 773 4820 3544
3 1326 5205 4933
3 3754 5810 2469
3 861 6299 2558
3 2897 5122 417
3 2190 3960 1220
3 1278 6937 3588
3 1187 4155 3632
3 3378 3494 1350
3 1633 6354 2554
3 2999 3170 347
3 2174 7297 4379
3 2620 6725 1853
3 3061 3102 1120
3 1742 4982 3699
3 1278 4498 2223
3 1135 7278 5585
3 1120 5988 2845
3 2620 6743 4205
3 1034 3140 3006
3 398 4937 3571
3 1345 4474 3604
3 3538 5181 2107
3 2025 6034 2896
3 5988 7057 2845
3 1815 4340 3799
3 1310 3633 2881
3 2534 7135 2749
3 670 4218 2594
3 1158 4968 2557
3 3468 5502 1509
3 2347 4668 4357
3 3113 5984 1911
3 567 3483 2707
3 4068 4120 1573
3 2439 4217 1346
3 3544 4820 2102
3 1252 3480 3129
3 1137 4807 4481
3 2323 4347 1383
3 516 3521 2605
3 716 3804 2440
3 1978 6240 3055
3 2354 4818 1467
3 988 6818 3653
3 490 7139 6772
3 3544 4474 773
3 4091 7634 1040
3 1778 6362 2619
3 2535 3938 413
3 1014 3611 2557
3 916 3487 2984
3 2548 5895 1137
3 2557 4449 1158
3 348 5277 2914
3 812 7077 5495
3 2679 6418 2057
3 1118 7573 2880
3 1532 4989 3008
3 1427 5100 4668
3 567 3958 2881
3 3681 3877 1899
3 645 4135 3071
3 854 5694 2495
3 2861 7326 806
3 976 3079 2704
3 6576 7205 1022
3 5586 5688 810
3 2282 6818 3196
3 2492 6006 1888
3 1383 3932 2323
3 963 4108 2657
3 4379 7297 681
3 953 3683 2662
3 3874 5256 677
3 1210 7553 2614
3 4120 5412 2738
3 2523 4731 326
3 2505 7220 3683
3 2743 7404 1225
3 574 6943 3378
3 4096 6069 316
3 3015 5630 1040
3 1423 4532 3790
3 3273 7011 574
3 2143 4317 1352
3 2419 5598 887
3 2864 3819 1918
3 1137 5895 2469
3 1306 3996 2527
3 1159 3590 3061
3 2477 7335 4723
3 4484 7090 1142
3 3877 6082 5946
3 5585 7278 2427
3 2970 6441 5094
3 3026 6090 640
3 275 4091 3314
3 3369 4807 1137
3 2526 5504 1452
3 651 3674 2676
3 1097 3109 3108
3 2999 3102 1246
3 2725 4802 2150
3 3025 3253 1269
3 2142 5256 3874
3 544 6035 2355
3 3025 5626 799
3 1216 3494 3378
3 2250 5513 5063
3 2146 6554 2776
3 3311 5421 1715
3 3183 6277 4902
3 2733 6536 4193
3 2712 4385 858
3 454 5192 2839
3 1035 5904 2960
3 4458 5997 687
3 975 6495 3289
3 2960 5904 2096
3 1063 3522 2492
3 375 4983 3089
3 2864 3336 1041
3 1097 4004 3589
3 4750 5876 1309
3 1039 4197 2250
3 454 5491 5192
3 3496 3580 757
3 2666 7560 899
3 1407 3312 2851
3 1407 5032 4422
3 2896 6034 347
3 2217 6862 3105
3 1323 3272 2990
3 1666 6100 2359
3 2557 4968 1014
3 1742 5539 4982
3 1017 3224 2850
3 1349 4034 2468
3 3973 5960 507
3 5017 6457 3089
3 2691 3289 1637
3 849 3522 2896
3 2405 6933 3126
3 642 4004 2521
3 2896 6469 2025
3 3224 4057 366
3 3006 5267 1969
3 3522 6469 2896
3 3332 4085 1313
3 3206 5042 1890
3 3266 3817 1089
3 4397 4902 2717
3 263 5845 2499
3 777 5042 3206
3 1606 4937 2764
3 973 5957 2227
3 3873 4132 1581
3 544 6512 2872
3 1664 6099 2337
3 957 4797 2907
3 2619 6362 4289
3 1481 3817 3266
3 4077 7680 6059
3 3420 7316 2552
3 838 4891 2519
3 1225 7404 2898
3 485 4434 3443
3 4167 6323 3060
3 438 5577 2734
3 3272 6774 2990
3 756 5234 4459
3 3774 7267 4810
3 2804 3440 1147
3 5281 6248 3817
3 3023 5457 977
3 5156 5502 3468
3 2558 4933 861
3 5063 5513 1534
3 1272 4069 3615
3 3230 7581 1313
3 2450 3944 241
3 5524 7678 2331
3 6152 7215 1918
3 1569 3981 2974
3 2707 6284 3958
3 2223 4149 1135
3 2419 4769 3989
3 1831 4070 3157
3 2838 3471 605
3 1040 7634 3930
3 1031 5606 3953
3 2419 3989 344
3 1890 5184 3206
3 1524 5268 2933
3 550 3102 3061
3 3443 4434 1784
3 3117 3290 1312
3 2238 6733 3587
3 5876 7745 4459
3 1297 5245 2826
3 507 5960 4383
3 2440 5876 4750
3 3261 6831 609
3 4609 7574 2809
3 3250 3873 1581
3 3097 5099 741
3 2990 6774 509
3 3713 5465 1424
3 900 4847 2523
3 449 4358 3090
3 551 4217 2439
3 907 6556 2865
3 3235 7077 812
3 2468 3521 1349
3 2839 3528 454
3 3196 6818 988
3 2845 4188 1159
3 717 7656 4353
3 574 3378 3273
3 5849 7678 1093
3 3341 3483 1534
3 2894 6670 2054
3 239 6360 2376
3 1637 3614 2704
3 396 5682 3437
3 999 4447 3443
3 1911 5234 3113
3 1764 4648 3150
3 796 6743 2620
3 1918 7215 2864
3 343 5574 4163
3 3129 6545 5025
3 1022 7054 2646
3 1769 4458 2898
3 2707 3958 567
3 2376 4920 239
3 2359 5686 1666
3 1015 7624 7184
3 1249 3908 2688
3 1899 5367 4574
3 3877 5946 1899
3 2988 5232 4718
3 2474 4070 765
3 3799 4340 1255
3 6495 6592 3289
3 846 5100 2605
3 2688 3908 300
3 2716 6763 1636
3 1485 5624 2519
3 1176 6360 3944
3 3378 6943 2795
3 1981 4784 3018
3 812 4802 2725
3 1467 4709 2354
3 3224 5116 1515
3 1216 3378 2795
3 447 5875 4317
3 3775 4832 1767
3 2117 7457 4851
3 2743 7360 987
3 3253 6124 295
3 3272 6043 2080
3 2927 3636 1870
3 1050 7316 3420
3 3246 5128 749
3 2764 4937 398
3 2150 6582 2725
3 3930 7634 2574
3 1216 5966 3494
3 322 6725 2620
3 2033 6860 4596
3 2985 3963 1139
3 2558 4007 252
3 2616 5638 982
3 2602 6171 1160
3 3928 3996 1306
3 1890 6237 5184
3 3632 4155 1767
3 4983 6106 3089
3 3055 6240 740
3 3500 7661 3728
3 3129 3480 605
3 1246 3170 2999
3 3060 6323 1515
3 726 4484 2477
3 3500 3728 1382
3 6439 7366 3415
3 3273 3378 1350
3 4135 6922 3071
3 509 4138 2990
3 1558 6197 2535
3 2734 5577 1748
3 2519 5624 482
3 3028 3375 1165
3 242 3945 2450
3 2469 5895 918
3 1326 4933 2558
3 344 5661 3247
3 5505 6025 506
3 2738 4877 1573
3 3571 4937 2169
3 370 6777 3729
3 2614 5140 1210
3 1183 7680 4077
3 2033 4596 3825
3 907 6093 2902
3 3332 3351 621
3 1114 6151 2880
3 1419 4625 2369
3 2881 3633 1542
3 597 6026 3248
3 899 7560 3055
3 975 3289 2691
3 1062 3895 2656
3 1175 5306 2679
3 2331 7358 5524
3 550 5205 2606
3 3183 4902 1453
3 4784 6296 3018
3 2531 7205 6576
3 1826 7113 4662
3 2314 4397 839
3 3399 4484 726
3 416 5289 2815
3 2804 5827 1220
3 2865 6093 907
3 2557 3611 326
3 3434 6248 2168
3 1352 4317 2666
3 6831 6894 2091
3 1350 3370 2985
3 1536 5423 5176
3 3069 3486 266
3 2312 6364 4653
3 1424 4306 3475
3 2880 7573 1114
3 3239 5159 1831
3 4163 5574 2313
3 1747 6173 4488
3 2369 5507 1419
3 1139 7177 2500
3 3314 4091 1655
3 2414 5505 506
3 4653 7696 2421
3 587 4249 3823
3 3090 4358 1595
3 6363 6777 370
3 621 5281 3817
3 4723 7335 2208
3 2838 7581 3230
3 2364 7748 3953
3 1092 3260 3259
3 1137 4481 2548
3 4155 7683 2774
3 275 6238 2659
3 2704 3614 976
3 7574 7578 2809
3 1114 7573 2911
3 415 5201 2602
3 2699 4553 1210
3 4100 4712 2439
3 1855 5079 4887
3 1969 4838 2914
3 2774 7680 4434
3 2552 4712 1269
3 1943 6105 6001
3 1857 5099 3097
3 300 7677 4967
3 2911 3986 666
3 4347 5315 882
3 1225 7360 2743
3 984 4247 2630
3 2794 3674 1394
3 3500 6862 2464
3 4834 6934 728
3 3161 7553 1210
3 3819 6426 6331
3 4902 6277 437
3 1175 6674 3010
3 1187 7683 4155
3 398 5504 2526
3 1542 5606 2881
3 1269 4712 4100
3 2689 5117 1586
3 4434 7680 1183
3 3615 4069 1732
3 3042 3592 1259
3 1983 4905 3247
3 686 4310 3039
3 532 4223 3073
3 2495 7741 854
3 506 6025 3334
3 895 6862 3500
3 1079 4362 3147
3 3247 5960 1364
3 2323 5315 4347
3 2535 5718 3938
3 3105 6862 895
3 2677 5261 300
3 1509 3580 3496
3 6520 6665 1803
3 316 6069 5181
3 4203 6259 723
3 1309 5876 4459
3 3648 5630 3015
3 858 4699 2712
3 4036 7404 2743
3 798 4100 2439
3 2106 5977 5421
3 445 3592 3042
3 2368 5465 3713
3 2474 3782 460
3 3538 3633 1310
3 550 3797 3102
3 3030 3614 664
3 723 6259 4921
3 396 6431 5682
3 4877 6814 570
3 2953 7011 2102
3 345 5072 4467
3 3206 4982 777
3 250 3171 249
3 1358 3636 2927
3 4362 6402 3147
3 5115 7552 945
3 5562 6670 2894
3 839 4911 2347
3 4473 7113 1826
3 2262 6306 5156
3 4818 5966 1216
3 1306 4923 2523
3 2676 6602 1058
3 2537 5205 550
3 838 3941 2882
3 2686 6665 6520
3 1114 3486 3069
3 1969 5426 4838
3 2864 6553 3336
3 6014 6140 2578
3 3990 5632 2006
3 2604 4091 275
3 4016 4990 2050
3 1273 3375 3028
3 2825 3929 1344
3 2552 5113 3420
3 276 7696 4653
3 2054 5564 4694
3 402 4085 3658
3 2568 5332 463
3 3496 6725 6301
3 2432 5504 3571
3 2764 5521 1606
3 4317 5875 2666
3 1633 6168 6082
3 267 3069 266
3 4447 7561 3443
3 435 5159 3239
3 4467 5072 2259
3 3150 3434 1764
3 2880 6151 4223
3 3553 7267 1031
3 609 4354 3796
3 1853 6725 3496
3 482 4823 2519
3 1757 4521 3708
3 1278 6773 3942
3 485 4155 2774
3 3050 7711 1344
3 329 5176 2987
3 597 6773 6026
3 3781 6173 1747
3 2718 7285 3230
3 976 3614 3030
3 3775 6286 2255
3 3657 4459 1911
3 6286 7561 2255
3 2970 6481 6066
3 2894 4694 859
3 2238 6124 3253
3 2439 4712 551
3 1097 5136 3109
3 2738 6814 4877
3 2930 7552 5115
3 2902 3824 907
3 3206 6012 4982
3 1269 4100 3025
3 1106 5984 3113
3 2519 3941 838
3 3621 6630 977
3 2189 5960 3247
3 570 6814 3648
3 2527 4217 551
3 2659 4417 1616
3 8 3262 9
3 1158 4615 3203
3 3621 7661 2464
3 2605 6234 846
3 1732 4886 4686
3 2914 7027 1969
3 3819 6331 750
3 2312 4209 3653
3 4449 5245 1297
3 4006 5289 1970
3 3819 7732 1918
3 4615 5850 3203
3 3008 4252 1950
3 1888 5128 3246
3 521 4990 4016
3 1581 3986 3250
3 1767 4700 3632
3 5289 6312 1970
3 1541 4767 3159
3 3790 5405 1758
3 3938 5718 1281
3 141 3274 142
3 2313 5574 5530
3 1669 5894 2616
3 3014 7499 871
3 4188 7263 1159
3 1971 6905 5628
3 2761 7233 507
3 1472 6481 2970
3 3799 5551 579
3 2587 4291 596
3 1860 6140 6014
3 3105 5491 2217
3 2503 6571 459
3 460 6631 2474
3 4694 5564 1491
3 1092 4169 2651
3 3043 5798 1576
3 2438 6276 415
3 2364 7499 3014
3 3224 6265 4057
3 3440 5860 1147
3 1176 7578 7574
3 6059 7680 2591
3 2851 7474 1407
3 3126 6336 1252
3 3708 4521 651
3 2057 6677 2679
3 139 5836 2788
3 5176 5766 2227
3 920 6950 2897
3 1800 7031 3587
3 5063 6132 2250
3 1840 4484 3399
3 2244 7151 2950
3 3113 6317 544
3 2788 5800 139
3 2774 4434 485
3 1899 4574 3681
3 435 5675 4340
3 2826 6810 1297
3 1255 4340 2735
3 1943 6001 4404
3 3246 4709 1467
3 2712 4699 1303
3 2662 7045 5430
3 1087 5421 3311
3 305 4042 3514
3 6957 7344 1326
3 2840 3813 1558
3 859 4305 2894
3 2605 3918 516
3 4248 5577 1678
3 3083 4482 1383
3 558 5121 2716
3 2945 5628 285
3 3239 5039 1577
3 4810 7267 2292
3 3023 4489 1249
3 749 4709 3246
3 490 4609 2809
3 1830 5037 2625
3 2591 5838 261
3 1681 5017 3728
3 2853 4870 1244
3 2965 5635 127
3 4252 4706 1950
3 1050 6726 2818
3 3528 7199 973
3 5678 6783 2587
3 3774 4810 567
3 587 5827 2804
3 3091 4447 999
3 574 7011 2953
3 2717 4036 1505
3 1536 3553 3014
3 405 7371 5617
3 3658 5037 402
3 2896 4173 849
3 2849 6602 1186
3 2741 6897 4166
3 1476 4292 2917
3 3045 7360 1225
3 4422 5032 1802
3 3375 3497 1165
3 3250 3986 1118
3 2761 5338 1437
3 3259 3260 328
3 1313 3351 3332
3 1584 4121 3147
3 1996 6830 2733
3 3061 3590 550
3 2809 5091 490
3 1165 3497 2971
3 2440 5573 518
3 670 4700 4218
3 1244 6067 2853
3 415 5879 2438
3 1467 5120 2784
3 2794 4596 340
3 3708 5134 2376
3 1159 5682 3590
3 1046 3460 3100
3 2764 4642 1352
3 570 3648 3015
3 859 4694 4067
3 2121 6454 2559
3 2594 5406 670
3 2594 5455 1015
3 4718 5232 1460
3 1755 5562 2894
3 6082 6168 2781
3 3632 4700 670
3 3290 3670 1312
3 3351 3480 1252
3 3230 4085 402
3 2688 5457 1249
3 7522 7681 5091
3 4063 6212 1281
3 604 5391 3196
3 2784 6237 1890
3 2970 6066 915
3 858 4417 2659
3 1129 3658 3031
3 3440 3814 573
3 3073 4223 1524
3 3870 5873 1163
3 1747 4507 3781
3 2988 4718 516
3 2881 3774 567
3 2492 7371 2937
3 2137 5089 4233
3 596 6464 2587
3 261 6059 2591
3 1732 4686 3615
3 3930 6444 1040
3 999 7589 3091
3 2908 5524 1299
3 1344 7711 4608
3 698 4670 3147
3 1758 5405 4546
3 3159 4767 636
3 939 5718 2535
3 1422 4447 3091
3 4423 6858 1541
3 5389 5879 3381
3 4197 5513 2250
3 1147 5860 4201
3 3091 7589 2288
3 3790 4532 665
3 2851 7054 1022
3 1418 4368 3320
3 984 4299 2716
3 2064 6192 2917
3 1041 3819 2864
3 2825 4608 247
3 4653 6364 276
3 1181 4044 2902
3 250 6541 3171
3 2666 5264 1352
3 258 4868 257
3 2535 6197 939
3 524 7661 3621
3 2314 5873 3870
3 1621 5632 3990
3 2625 5502 795
3 1147 4201 3333
3 4070 6631 3157
3 995 6171 2602
3 3611 3928 326
3 4868 6522 257
3 1129 5933 3580
3 2676 7409 651
3 1576 6260 3043
3 1244 6803 6716
3 3693 4827 1784
3 3147 4121 1079
3 945 6082 2781
3 4261 6099 825
3 2337 6099 4261
3 3986 4827 666
3 2080 6043 2865
3 266 3486 265
3 2960 6239 316
3 2854 3645 558
3 2894 4305 1755
3 2908 7678 5524
3 4571 4820 773
3 643 3497 3375
3 5990 7220 2505
3 2578 5117 916
3 5289 6473 2815
3 343 4616 2797
3 2679 5306 338
3 2657 4337 963
3 1322 5661 3368
3 3365 6172 286
3 2166 5810 3754
3 2717 4902 437
3 916 5117 2689
3 515 7057 2783
3 1892 5572 5048
3 636 4060 3159
3 1039 5087 4197
3 609 7142 3261
3 1304 3670 3290
3 2795 6943 1387
3 1498 5626 3910
3 5156 7256 2262
3 1771 3928 3611
3 300 5261 2688
3 4636 6957 1326
3 2523 4923 900
3 4823 6173 1242
3 4132 7589 999
3 2227 5766 2974
3 2974 5766 1569
3 305 4553 2699
3 3368 3811 1322
3 3796 4354 1843
3 4700 4832 1519
3 263 4077 262
3 1303 4708 2712
3 5491 7126 2217
3 296 5513 4197
3 3261 7142 3656
3 1505 6750 2717
3 2500 7177 4924
3 5933 7078 3580
3 1299 5524 2971
3 3060 4571 773
3 963 6611 4108
3 2902 6093 1181
3 2990 4138 1004
3 1147 4249 2804
3 2292 5063 4810
3 3639 5249 758
3 329 5766 5176
3 3261 3656 1951
3 3588 5977 2106
3 3587 7031 4720
3 3636 6743 796
3 1015 6327 2594
3 2971 3497 1299
3 2861 4209 1359
3 2880 4223 532
3 3259 4169 1092
3 6106 6153 1382
3 2917 4292 2064
3 5530 5574 1494
3 3075 3929 596
3 1424 5465 4306
3 849 6006 3522
3 3102 3797 1246
3 3171 6541 1869
3 3136 4590 737
3 2657 6195 5441
3 1004 4720 2990
3 1252 5281 3351
3 1937 3963 3071
3 1344 4608 2825
3 1567 7220 5990
3 3658 6687 5037
3 3381 5879 415
3 2850 6323 564
3 1582 5349 2965
3 1515 6323 2850
3 677 4813 3874
3 3039 7005 686
3 2882 6263 838
3 5441 6195 687
3 2788 5836 1560
3 3648 4988 1655
3 398 4642 2764
3 1352 5264 2764
3 4233 5089 329
3 2163 6172 3365
3 3100 3460 1928
3 1621 5822 2907
3 1345 4167 3060
3 666 4827 3693
3 3673 6095 702
3 286 6923 3043
3 827 5755 2936
3 2526 4642 398
3 2464 6630 3621
3 2229 4820 4571
3 2985 7075 645
3 2359 7479 5686
3 3079 5466 132
3 3621 7094 524
3 3719 4532 1423
3 2124 5551 3799
3 1983 6783 5678
3 3314 6238 275
3 2025 6469 2783
3 3137 6456 2012
3 2473 7094 3621
3 1889 5386 3862
3 3147 4670 1584
3 4078 4642 2526
3 1394 4596 2794
3 2940 5763 826
3 3159 4060 1706
3 997 6067 3901
3 3639 7256 5249
3 4627 5626 1498
3 1323 4574 3272
3 2219 6317 3113
3 3390 6020 806
3 605 7581 2838
3 3075 4291 1322
3 3874 4813 2029
3 2898 6277 1769
3 1313 3480 3351
3 3333 4201 1481
3 532 4482 3083
3 645 3963 2985
3 702 6095 4432
3 1387 4432 2795
3 3587 6798 2238
3 2725 5684 1422
3 3514 4042 1537
3 3652 5838 1187
3 5838 7683 1187
3 2091 6810 2826
3 3014 7748 2364
3 740 3633 3538
3 709 7163 3664
3 2012 6748 3137
3 3781 4507 400
3 2797 6171 995
3 3522 6006 2492
3 2838 7285 1071
3 1022 4774 3026
3 4299 6763 2716
3 405 5617 2784
3 1870 6212 2927
3 1158 4449 3286
3 4340 5675 2735
3 1577 4233 2987
3 2809 7522 5091
3 1401 3970 3664
3 1515 4571 3060
3 2839 7199 3528
3 2619 5614 1778
3 1344 3929 3075
3 1118 4869 3250
3 2825 7515 1571
3 5505 7651 3711
3 2168 6336 3434
3 6153 7614 895
3 1142 5388 4435
3 2902 4044 535
3 3055 7560 1978
3 1996 5505 3711
3 2568 7461 5332
3 1524 7437 3073
3 2965 5349 975
3 4135 4507 1747
3 2242 6173 4823
3 2169 4937 4148
3 2734 7077 1175
3 2897 6924 920
3 564 6762 2712
3 2735 4872 1255
3 1151 6310 4505
3 1391 3811 3368
3 3589 4004 2012
3 5072 5308 2259
3 2699 6408 305
3 2090 3908 3558
3 1083 5039 3239
3 1558 4706 4252
3 3343 6440 810
3 3248 4569 597
3 463 5712 2568
3 2897 6950 3343
3 3320 4368 379
3 4362 4877 2053
3 1748 5495 2734
3 1435 5842 4057
3 2926 7129 2174
3 918 4934 2699
3 3035 4337 1518
3 1581 4827 3986
3 3129 6785 1252
3 5404 6363 1542
3 1211 7681 7522
3 803 4566 3267
3 527 4243 2686
3 3290 4840 1304
3 3719 3720 400
3 2574 6961 3813
3 1299 3972 2908
3 1435 6012 5842
3 1058 5516 2676
3 1210 4553 3161
3 1359 7326 2861
3 1215 3839 3540
3 1680 5261 2677
3 4148 4937 1606
3 509 6507 4138
3 1536 5176 4353
3 524 4490 3728
3 3235 5306 1175
3 3233 6014 2578
3 2945 7336 5628
3 741 5862 4149
3 3089 6106 1382
3 2659 4699 858
3 3390 7402 6020
3 979 6817 6785
3 2220 6363 5404
3 4810 5063 1534
3 5156 6306 795
3 1681 6405 5017
3 3813 6961 939
3 3399 4777 1840
3 2558 6299 4007
3 2987 5982 1577
3 596 4291 3075
3 2602 4681 995
3 3043 6923 2070
3 1634 4254 3429
3 6066 6481 1824
3 1526 4507 4135
3 3230 7285 2838
3 2917 5044 575
3 2054 4694 2894
3 3653 7460 988
3 2146 6440 3343
3 3100 6571 1981
3 3520 5516 1058
3 1804 6263 2882
3 1322 6783 5661
3 2907 6128 2635
3 3097 6476 1857
3 3664 3970 709
3 2850 4739 1017
3 2733 5219 1762
3 4305 4310 1755
3 2574 6815 3930
3 3434 6336 461
3 1869 6433 3171
3 1407 4422 3312
3 640 7474 2851
3 3901 6067 2414
3 573 7290 5507
3 1950 4706 4512
3 1352 4642 4078
3 717 6132 5063
3 5988 6034 2025
3 417 7476 2897
3 1754 6054 3234
3 4512 5958 1411
3 4574 5367 791
3 366 5116 3224
3 3632 6845 2194
3 2158 7745 5876
3 2619 7354 6996
3 5100 5136 2330
3 3930 6815 499
3 1079 6576 4068
3 326 5245 2557
3 3728 7661 524
3 4868 6845 1865
3 946 6456 3137
3 3862 6102 1889
3 2716 7611 984
3 2651 7261 499
3 3429 4254 722
3 2960 5181 1310
3 939 6557 5718
3 516 4224 3521
3 1215 4777 3399
3 5876 7441 2158
3 1518 6507 3035
3 347 6034 2999
3 1040 5630 4091
3 3981 5909 2974
3 4546 5577 438
3 6716 6803 2746
3 1163 7392 3796
3 3196 5391 2282
3 643 5026 4870
3 977 5729 3621
3 1071 7207 2838
3 1494 6873 3137
3 3071 3963 645
3 915 7538 2970
3 2815 5880 416
3 264 5845 263
3 2794 4918 1186
3 1382 6153 3500
3 1492 4169 3259
3 1024 5798 3043
3 3170 4218 1519
3 758 5271 3639
3 4086 5365 2065
3 2984 6266 916
3 1424 4412 4297
3 1252 6785 3126
3 1505 3918 3291
3 459 6571 3100
3 2006 6374 3868
3 3006 6001 471
3 2712 4708 564
3 681 6821 3150
3 1830 6020 2718
3 415 6276 3286
3 344 7726 3302
3 2096 6239 2960
3 812 7060 3235
3 1573 4877 4362
3 1914 5516 3520
3 344 3989 3368
3 260 3652 259
3 3443 4132 999
3 3471 7696 1617
3 5428 7163 709
3 5192 5491 1975
3 773 4474 3060
3 5496 6798 1004
3 3824 4367 907
3 1387 6943 2953
3 2990 4720 1323
3 3790 4437 1423
3 3370 7075 2985
3 2174 4379 2926
3 4157 7608 2164
3 4838 5426 809
3 3234 4117 1754
3 4006 4292 1476
3 977 5457 2688
3 2102 4820 2953
3 118 3617 119
3 3821 6683 1683
3 3266 6981 285
3 5159 6252 1878
3 2050 4990 2818
3 4228 6674 1175
3 3437 4895 396
3 1975 5491 3105
3 316 5181 2960
3 1577 5675 3239
3 1532 5712 4989
3 899 5264 2666
3 1024 4707 3039
3 2984 6735 796
3 4364 6431 396
3 1726 6001 3006
3 871 5982 2987
3 506 5892 3901
3 4016 6368 521
3 4243 6665 2686
3 744 5365 4086
3 1040 6444 3015
3 2679 6677 4228
3 2562 5570 896
3 1383 7201 3083
3 3796 7392 2210
3 137 3794 138
3 3025 5432 1938
3 1918 6359 3794
3 4228 6677 882
3 2861 6293 4209
3 3343 5688 1691
3 3097 5028 1666
3 1762 6536 2733
3 2872 6512 1035
3 3336 6521 1803
3 2826 5245 326
3 2163 7618 2865
3 3075 4144 1344
3 575 5058 2917
3 2053 6402 4362
3 551 6727 3687
3 1981 7350 3100
3 2994 5072 345
3 1004 6798 3587
3 579 4117 3234
3 575 5101 5058
3 3069 5268 1524
3 247 7515 2825
3 2223 4498 4149
3 132 6757 3079
3 3247 4905 2189
3 3113 5234 2219
3 3018 7350 1981
3 3894 6685 1255
3 3260 5501 328
3 1580 7587 2761
3 5115 6936 2930
3 1272 6454 4983
3 5587 7332 2367
3 1186 6666 2794
3 1419 4085 3332
3 963 4337 3035
3 896 6054 2562
3 1915 7517 3590
3 4869 6418 3250
3 2936 4784 827
3 3050 5256 2142
3 3030 5002 976
3 3043 6260 286
3 4068 6576 2646
3 4499 5467 2132
3 3071 6922 915
3 6140 6163 3960
3 3889 4060 636
3 1683 6683 5618
3 1616 7471 2800
3 1460 5232 2945
3 2987 4233 329
3 1453 4693 3183
3 2781 5115 945
3 326 4731 2826
3 4218 4700 1519
3 3639 5271 1912
3 125 6253 3499
3 1272 4983 4069
3 1569 4590 3136
3 2233 7357 5587
3 3302 4299 984
3 3117 6714 385
3 2424 6638 4057
3 3986 7573 1118
3 4149 5862 2325
3 2331 7678 5849
3 1419 5507 3031
3 799 6562 3025
3 4193 6536 385
3 2839 5192 1039
3 4149 5776 1135
3 114 6128 5822
3 2971 5524 483
3 3234 6054 896
3 2927 5044 1358
3 5686 7479 2975
3 1259 4768 3042
3 3237 7233 2761
3 4353 5176 2227
3 1160 6171 4616
3 3183 4693 825
3 1310 6284 2960
3 1576 5065 3365
3 2764 5264 899
3 2783 5988 2025
3 1114 5572 3486
3 3558 3908 1249
3 2784 5617 3246
3 4166 6897 1259
3 3590 7517 2537
3 1244 6716 3711
3 5718 6557 2800
3 1517 5308 5072
3 1322 6352 3075
3 5421 5977 1715
3 6498 6981 3266
3 2070 4707 3043
3 2291 5609 3369
3 3137 5768 1494
3 3664 7163 2092
3 3267 4708 1303
3 3262 5157 9
3 2657 6724 6195
3 846 5136 5100
3 1423 3720 3719
3 4292 5249 2064
3 1220 6163 3814
3 5100 6921 2605
3 2965 4981 1582
3 3241 5997 1664
3 2164 7608 6304
3 1249 5457 3023
3 4188 7057 515
3 3025 6562 3253
3 2795 6095 1216
3 702 5701 5184
3 256 6522 3299
3 379 6140 3960
3 2255 7561 4447
3 3267 4566 1588
3 1089 6498 3266
3 3203 4968 1158
3 3521 4224 1349
3 1394 6797 3825
3 3590 5682 1915
3 4149 4498 741
3 2953 7739 1387
3 664 7469 3030
3 3198 6873 1494
3 3261 6319 995
3 2881 5606 3774
3 8 5687 3262
3 5058 5101 2418
3 3042 6476 445
3 5019 5097 1571
3 1297 5201 3286
3 2132 5315 4499
3 5507 7290 3031
3 4920 5134 1914
3 3945 7615 1211
3 2050 4693 4016
3 252 4007 251
3 2204 5092 3514
3 2917 5058 1476
3 1505 5965 2988
3 3140 6293 1726
3 3687 6727 2404
3 3514 5092 305
3 3963 7177 1139
3 4512 4706 413
3 3274 5733 142
3 3069 6151 1114
3 141 5736 3274
3 3235 7060 2288
3 6203 7094 2473
3 2367 7154 5821
3 1364 4299 3302
3 2800 5313 1616
3 2527 7185 4217
3 1571 5416 3171
3 670 6845 3632
3 343 6198 3198
3 3105 5331 1975
3 4197 5087 1965
3 2882 5910 1804
3 2686 4850 527
3 2376 5134 4920
3 1422 5684 3090
3 3023 7126 454
3 295 5113 3253
3 3368 3989 1391
3 2797 6198 343
3 2284 6798 5496
3 4224 4718 2174
3 6521 6553 134
3 3375 5026 643
3 4458 7707 2898
3 1498 6317 6193
3 2937 7045 1063
3 3544 6144 1025
3 3242 4834 728
3 5675 5982 2735
3 1244 7651 6067
3 1181 5065 4044
3 3486 5572 1892
3 3720 4887 400
3 651 5134 3708
3 3823 6181 587
3 1706 5428 3159
3 3181 4739 1588
3 915 6972 3071
3 3015 6444 1493
3 3157 6631 460
3 1506 4310 4305
3 3670 4371 1312
3 3365 5065 1181
3 2656 6431 4364
3 826 6494 2940
3 3083 4869 1118
3 1666 5347 3097
3 1586 4367 3824
3 4297 4412 1715
3 3693 5048 666
3 1969 7027 3006
3 4057 6638 1435
3 2936 6640 546
3 2776 6440 2146
3 4379 4648 1725
3 546 6640 2940
3 4969 5534 347
3 1588 5821 3181
3 5712 7135 4989
3 4482 7686 1383
3 3071 6972 1937
3 1758 4437 3790
3 4121 6576 1079
3 6181 6724 587
3 4209 6293 669
3 2064 5249 4619
3 1452 5002 3030
3 737 5308 3136
3 2818 6726 2050
3 2838 7207 3471
3 687 5997 3241
3 3206 5184 1846
3 6469 7321 2783
3 347 5534 2896
3 1853 6266 2984
3 3171 5019 1571
3 3100 7350 1046
3 827 6775 5755
3 400 5079 3781
3 132 5466 133
3 3862 5386 460
3 1567 4895 3437
3 3475 4306 1407
3 1524 6151 3069
3 2495 5534 4969
3 2291 6228 5609
3 4777 5551 1840
3 4163 7652 343
3 118 3868 3617
3 1619 5776 5214
3 2911 7573 3986
3 4067 5849 859
3 1017 4739 3181
3 535 7140 2902
3 1784 4132 3443
3 1889 6255 3791
3 3312 4422 362
3 5214 5776 2325
3 4432 5701 702
3 2689 5720 3487
3 1711 5208 3311
3 115 3990 116
3 2945 6256 1460
3 5949 6957 255
3 5347 6476 3097
3 1659 7094 6203
3 6996 7354 809
3 1857 6476 6125
3 1758 4546 4423
3 2882 6676 1855
3 4686 4886 1604
3 979 6785 3129
3 1350 5356 3370
3 643 4157 3497
3 3475 4412 1424
3 267 5268 3069
3 1175 7077 3235
3 669 6293 3140
3 3487 6735 2984
3 871 5423 3014
3 2121 6153 6106
3 4243 6426 1041
3 241 3944 240
3 3147 6402 698
3 1846 6012 3206
3 3391 4467 1219
3 461 6336 3126
3 2826 5805 2091
3 4006 5271 758
3 3653 4209 669
3 2065 4096 4086
3 1576 5798 5198
3 3006 7027 1034
3 621 4625 3332
3 413 6939 3034
3 709 4437 4316
3 3079 6520 1803
3 3494 5356 1350
3 3055 7019 899
3 3824 7140 2689
3 499 6815 2840
3 1617 5143 3471
3 2288 7060 3091
3 3090 5684 449
3 3203 5850 527
3 3084 7002 966
3 3868 6374 1589
3 3416 4357 299
3 1312 4569 3248
3 499 4073 3930
3 2559 6454 3804
3 117 3868 118
3 2194 6845 4868
3 1437 4934 3237
3 3365 7618 2163
3 4044 4290 535
3 1424 4297 3713
3 4248 5093 718
3 899 5521 2764
3 3035 6507 509
3 3170 4969 347
3 2688 5729 977
3 758 5249 4292
3 1519 4969 3170
3 976 6520 3079
3 4354 5805 1377
3 4265 5586 810
3 1049 5412 4265
3 1534 5513 3341
3 2914 6661 348
3 3587 4720 1004
3 2854 7278 3645
3 124 6253 125
3 854 7741 4832
3 2845 7057 4188
3 5335 7615 3945
3 1453 4902 4397
3 3332 4625 1419
3 2284 5496 3241
3 803 5587 4566
3 3140 4851 669
3 3664 6259 1401
3 4205 6743 1358
3 995 6319 2797
3 3570 6069 2065
3 575 5044 2927
3 2689 7140 5720
3 2325 5776 4149
3 3079 6757 2704
3 2229 7739 4820
3 3720 3970 1401
3 1087 5208 3117
3 988 5385 3196
3 3728 4490 1681
3 3237 4934 918
3 1560 7616 2788
3 3794 6359 1560
3 1427 6921 5100
3 4691 6239 2096
3 418 7154 6554
3 2531 6576 4121
3 2953 6943 574
3 740 7155 3055
3 2987 5423 871
3 385 4840 3290
3 2421 7696 3471
3 640 4412 3475
3 3645 7278 1135
3 518 5573 3615
3 2142 5818 3050
3 1577 5982 5675
3 1303 5001 3267
3 2092 7163 4640
3 859 4603 4305
3 2911 5572 1114
3 2102 6144 3544
3 2208 6495 5349
3 1364 7726 3247
3 5686 6050 445
3 509 6509 3035
3 1359 5307 3390
3 3297 4482 532
3 2960 6284 1035
3 4354 6831 5805
3 3159 7536 1541
3 4306 5032 1407
3 1803 6521 5466
3 1225 6514 3045
3 1726 6293 2861
3 3008 7422 1532
3 3497 4157 1299
3 1951 6319 3261
3 1855 6510 2882
3 791 6525 6043
3 6125 6476 3042
3 3299 6327 1015
3 3499 5142 1582
3 2220 6777 6363
3 3399 6659 1215
3 3713 4297 273
3 6195 6724 2067
3 4933 7517 861
3 5763 6983 826
3 2975 6050 5686
3 4820 7739 2953
3 3825 5480 2033
3 1163 5873 4357
3 1582 4981 3499
3 247 4608 246
3 1423 3970 3720
3 4265 5412 2153
3 3157 7099 1831
3 4505 5342 276
3 5648 6797 1394
3 680 5126 3616
3 1278 5028 4498
3 2950 5648 1757
3 2124 6685 3729
3 4067 4694 1491
3 3043 4707 1024
3 2988 5965 987
3 3171 5416 249
3 3267 5001 803
3 1437 4349 4042
3 995 6894 3261
3 3181 5821 418
3 1569 5766 5089
3 2616 5894 4400
3 686 5064 4310
3 1491 5564 3444
3 4310 5064 1755
3 345 4467 3391
3 4316 4437 1758
3 362 5611 4120
3 4481 4807 1636
3 460 5386 3157
3 1826 4670 4286
3 638 5954 3084
3 3089 6670 375
3 1912 5316 3639
3 2023 5342 4505
3 4616 6171 2797
3 3250 6418 338
3 4117 4777 1215
3 322 4619 3468
3 1326 7344 5205
3 1748 5009 4802
3 2092 6259 3664
3 1678 5093 4248
3 987 5232 2988
3 3100 6628 459
3 2259 6255 6102
3 3570 5521 899
3 3198 5574 343
3 728 5530 3242
3 4108 5827 587
3 1560 5836 3794
3 2587 6783 4291
3 3253 5113 1269
3 3968 4135 645
3 1526 4135 3968
3 4613 6339 749
3 1802 5032 3616
3 4653 5307 1359
3 122 7237 3540
3 243 3945 242
3 2449 6957 5949
3 3015 5319 570
3 1681 5254 3451
3 4615 6331 1916
3 257 6522 256
3 3996 7185 2527
3 677 6352 3811
3 6930 7233 2548
3 244 5818 5335
3 963 5182 3320
3 3312 7054 2851
3 2367 5821 4566
3 3617 3868 1589
3 3520 7286 237
3 2537 7517 4933
3 4619 5249 1556
3 4895 5548 396
3 4286 4670 698
3 3291 4911 839
3 2019 4290 4044
3 4100 5432 3025
3 3616 5126 1691
3 1093 5501 3260
3 3291 6750 1505
3 3137 6873 946
3 3286 6276 1158
3 3687 4923 1306
3 3014 5423 1536
3 3286 4449 1297
3 4042 4349 1537
3 3136 5308 1517
3 3026 6129 1711
3 6810 6894 4681
3 3910 6317 1498
3 3674 4521 1394
3 1865 6327 3299
3 4681 6894 995
3 1683 5607 3821
3 3247 7726 344
3 4423 4546 438
3 3090 4994 1422
3 3475 7474 640
3 5331 7614 2559
3 758 4292 4006
3 642 5768 3137
3 2800 6557 5313
3 2277 6775 4655
3 5958 7668 1411
3 1411 7668 4290
3 4990 6966 2868
3 4265 7332 1049
3 744 7185 3996
3 3286 5201 415
3 3823 4249 1971
3 690 4293 4174
3 1427 4911 3291
3 841 5480 3825
3 4310 7461 3039
3 6803 7053 2746
3 4905 5627 2189
3 4435 5388 1978
3 2712 6762 4385
3 546 5329 3310
3 2657 5441 4337
3 1491 5672 4067
3 328 5501 3972
3 5638 7466 982
3 3198 6198 1951
3 1349 7129 5872
3 4385 7730 858
3 2815 7730 4385
3 400 4507 3719
3 1757 6772 2950
3 3390 7326 1359
3 4070 4463 765
3 1950 7353 3008
3 3311 5208 1087
3 4435 7335 2477
3 3929 5097 596
3 3930 4073 1493
3 5072 7002 1517
3 2898 7707 1225
3 4044 5065 2019
3 1970 5271 4006
3 3050 5818 245
3 3615 4686 518
3 2940 5329 546
3 1323 7031 3681
3 3351 5281 621
3 973 5909 3528
3 4138 5496 1004
3 1259 6897 4768
3 4596 6860 340
3 3480 7581 605
3 859 5849 4603
3 2562 6054 4345
3 2146 6950 3821
3 1411 6324 4123
3 2153 5586 4265
3 3320 5182 1418
3 4367 6556 907
3 4625 5532 2369
3 416 5880 3604
3 3035 5182 963
3 4108 6611 2190
3 1595 5694 3090
3 1273 5026 3375
3 4870 6803 1244
3 3719 4507 1526
3 1492 4286 4279
3 966 7002 6914
3 4254 4293 1580
3 3614 6989 664
3 3345 6464 596
3 681 4648 4379
3 5524 7358 483
3 2217 7126 3023
3 328 4844 3259
3 4802 5009 2150
3 3953 5606 1542
3 4120 5611 2153
3 4718 7297 2174
3 1711 6090 3026
3 1255 4872 3894
3 4681 5201 1297
3 681 7297 5175
3 1527 7075 3370
3 4566 5587 2367
3 245 7711 3050
3 3674 6666 2676
3 722 5627 4905
3 269 4403 4395
3 3336 6553 6521
3 3039 7461 2568
3 3310 6089 546
3 724 6716 5724
3 261 5838 260
3 1015 7184 3299
3 1467 4818 3673
3 1181 7618 3365
3 799 6733 6562
3 4289 7354 2619
3 806 5422 4404
3 3420 5113 295
3 3968 4099 1526
3 1925 4489 3528
3 3242 5530 1494
3 810 5688 3343
3 2898 7404 6277
3 3604 4474 1778
3 4383 5627 1580
3 4662 4670 1826
3 1959 5389 3381
3 567 4810 3483
3 3416 7330 2210
3 1494 5574 3198
3 3791 6255 737
3 2994 7002 5072
3 3341 5513 296
3 120 4345 121
3 3045 6514 1971
3 3617 7767 119
3 1971 5628 3045
3 4144 6352 677
3 1517 7002 5954
3 1142 7090 3729
3 3868 6411 2006
3 1590 4834 3242
3 2292 7267 3553
3 3248 6026 1087
3 2331 5849 4067
3 749 6339 4709
3 3320 6611 963
3 5332 7461 1506
3 1595 5062 4173
3 4132 4827 1581
3 3615 5573 1272
3 1573 4362 4068
3 1803 5466 3079
3 1527 4099 3968
3 3031 5933 1129
3 2438 6331 4615
3 1556 7256 5156
3 3471 5143 605
3 3642 5385 988
3 1582 5142 4723
3 4840 7551 1304
3 810 6440 4265
3 5335 5818 2142
3 3171 6433 5019
3 640 6090 3311
3 2190 5827 4108
3 4655 6775 827
3 796 5991 3636
3 445 6050 3592
3 273 5977 3588
3 1492 4279 4073
3 3034 6939 5991
3 1275 4774 3334
3 5946 6082 945
3 4723 5349 1582
3 5267 5316 1912
3 6457 6670 3089
3 2006 6411 3990
3 3804 6454 1272
3 3381 7759 1959
3 3794 6152 1918
3 3368 5661 344
3 1742 7397 3161
3 2210 7392 3416
3 1831 7099 3239
3 3528 5909 1925
3 4603 5849 2515
3 5720 7140 535
3 3311 6090 1711
3 3468 4619 1556
3 4870 5026 1908
3 4357 5873 2347
3 447 7335 4435
3 558 4807 3369
3 3241 5441 687
3 3681 4574 1323
3 4068 4362 1079
3 3673 4818 1216
3 4404 5422 1943
3 2189 5627 4383
3 1509 6301 3468
3 5094 6441 482
3 1310 5181 3538
3 137 6152 3794
3 5822 6128 2907
3 3451 5254 287
3 3302 7726 1364
3 2974 5909 973
3 4086 4096 1346
3 3540 7166 122
3 3150 6498 1089
3 5331 5959 1975
3 3580 4773 1129
3 1930 6089 3310
3 3791 7107 1889
3 3434 6538 1764
3 3365 6260 1576
3 5205 7344 2606
3 3699 6638 655
3 1526 4532 3719
3 3839 7166 3540
3 3241 5496 1518
3 1950 4512 4123
3 1063 7321 6469
3 237 7286 7
3 3444 5564 763
3 4890 5385 1485
3 3521 6234 2605
3 3616 5032 680
3 3693 7750 5048
3 1803 6665 3336
3 418 5607 3181
3 521 6966 4990
3 7739 7762 4425
3 3486 7062 265
3 3970 4437 709
3 240 6360 239
3 546 6296 2936
3 5048 5845 1892
3 3673 5120 1467
3 2776 7332 4265
3 1246 7764 3170
3 4569 5898 597
3 5755 6775 2276
3 2548 7233 3237
3 596 5097 3345
3 4174 4895 1567
3 665 5405 3790
3 1071 7402 5307
3 3161 7514 1742
3 1747 6922 4135
3 638 7009 6828
3 2499 5845 5048
3 4073 4279 1493
3 5669 5915 1837
3 2064 4619 4205
3 3451 6405 1681
3 7405 7441 518
3 1588 5401 3267
3 3729 6685 370
3 1034 7660 3140
3 4739 5401 1588
3 3990 5822 1621
3 3483 4810 1534
3 1878 6252 4624
3 3233 6593 6014
3 651 4521 3674
3 2087 7156 3839
3 1387 7739 4425
3 763 5937 3444
3 3291 6921 1427
3 1925 5909 3981
3 4174 4293 1634
3 3314 5001 1303
3 1634 4293 4254
3 4367 4368 1418
3 5729 6768 3621
3 2438 5879 4892
3 6001 6105 471
3 4982 5539 777
3 1219 6102 3862
3 4228 5792 1823
3 3821 6950 920
3 2012 6456 3416
3 138 5836 139
3 143 4486 0
3 839 6750 3291
3 579 4777 4117
3 3895 5922 2656
3 3181 7663 1017
3 3656 7193 1951
3 1784 4827 4132
3 4286 4844 1826
3 1211 7522 3945
3 3782 4797 957
3 854 4832 3775
3 2369 5860 5507
3 114 5822 115
3 3901 4662 997
3 2347 4911 4668
3 5349 6495 975
3 916 6266 3233
3 375 5562 5174
3 2259 6102 4467
3 1584 4670 4662
3 2227 5957 4353
3 896 4796 4624
3 2646 7054 3312
3 3429 5384 1547
3 3239 5675 435
3 1509 4773 3580
3 6014 6593 757
3 3429 5548 1634
3 896 7448 3234
3 3538 7155 740
3 2210 7330 3656
3 3084 7009 638
3 3681 7031 5834
3 5002 6520 976
3 3333 6905 1147
3 4662 7113 997
3 4108 6724 2657
3 244 5335 243
3 2781 7441 7405
3 5609 6228 958
3 4279 4286 698
3 1423 4437 3970
3 6277 7404 437
3 722 5384 3429
3 3299 5949 256
3 3636 5991 1870
3 2794 6666 3674
3 1517 5954 3136
3 4396 4610 665
3 4505 6310 2023
3 899 7019 3570
3 139 5800 140
3 375 5174 4069
3 4123 4512 1411
3 4731 5805 2826
3 3699 4982 1435
3 858 7730 4417
3 726 7659 3399
3 3944 7578 1176
3 1959 7759 5329
3 416 6312 5289
3 5430 6579 1986
3 1309 4459 3657
3 1683 6911 4856
3 795 5502 5156
3 1407 7474 3475
3 5954 7002 3084
3 4395 4403 1592
3 6163 7598 3814
3 4748 5669 1837
3 1518 5441 3241
3 1437 5338 4349
3 3336 6665 1041
3 5384 6464 1547
3 396 7568 4364
3 3334 7205 2531
3 2053 5319 4401
3 1996 6025 5505
3 2072 7366 6439
3 605 6545 3129
3 2902 7140 3824
3 3437 7263 1567
3 5618 6911 1683
3 4243 7606 6426
3 3571 5504 398
3 3657 6568 296
3 4481 6930 2548
3 5872 7129 2926
3 3990 6411 116
3 3540 7237 1754
3 4768 6897 2550
3 1017 6265 3224
3 348 4924 4524
3 1908 7053 6803
3 6674 6858 3010
3 1377 5805 4731
3 1629 4853 4497
3 3639 5316 2262
3 4358 5062 1595
3 5991 6939 1870
3 895 7614 3105
3 1584 4662 3901
3 6638 6911 655
3 2735 5982 4872
3 1391 4813 3811
3 1758 4423 4316
3 3873 7468 2288
3 1928 6628 3100
3 4167 6762 564
3 3580 7078 757
3 6256 6981 2088
3 4782 4796 1589
3 117 6411 3868
3 1823 6858 6674
3 3781 5079 1242
3 6301 6725 322
3 3958 6284 1310
3 3604 5614 416
3 2868 6966 6318
3 4279 4401 1493
3 3459 7551 1762
3 2088 6981 6498
3 3659 5798 1024
3 1592 4610 4396
3 3945 7522 2450
3 6172 6525 2287
3 3825 4596 1394
3 3839 6659 2087
3 2087 5142 3499
3 915 6922 4488
3 1272 5573 3804
3 5307 7402 3390
3 3299 6522 1865
3 260 5838 3652
3 2107 7155 3538
3 3968 7075 1527
3 1014 5305 3611
3 1527 4396 4099
3 4205 4619 322
3 2421 5307 4653
3 131 6757 132
3 2464 7661 3500
3 1629 6449 6339
3 338 7468 3873
3 3645 5121 558
3 1494 5768 3242
3 6331 6426 1916
3 121 7237 122
3 4395 4396 1527
3 1619 5121 3645
3 4850 5002 1452
3 2054 6670 6457
3 4629 5026 1273
3 2562 7767 3617
3 861 5922 3895
3 1401 4887 3720
3 3728 5017 1382
3 254 4636 253
3 2450 7578 3944
3 3343 6950 2146
3 4345 7767 2562
3 3811 4813 677
3 1034 7027 5277
3 1498 4913 4627
3 4417 7730 2418
3 702 5120 3673
3 4982 6012 1435
3 4073 7261 1492
3 269 5356 3494
3 757 6593 3496
3 1831 4463 4070
3 3656 7142 2210
3 6089 6296 546
3 3246 5617 1888
3 5548 7568 396
3 2515 7097 5332
3 4403 4497 1592
3 3910 6035 544
3 3806 6509 509
3 4769 6891 1391
3 3938 6212 1870
3 1024 5591 3659
3 6193 6317 2219
3 239 4920 238
3 2057 6418 4869
3 4371 4569 1312
3 305 6408 4042
3 4233 5039 2137
3 461 6538 3434
3 2233 5587 4988
3 296 6568 3341
3 3443 7561 485
3 287 5254 3356
3 2288 7468 3235
3 3136 6210 1569
3 953 5621 3683
3 2414 7651 5505
3 3496 6301 1509
3 4099 4396 665
3 2262 7256 3639
3 966 7146 3084
3 5329 7759 3310
3 2283 6983 5763
3 1892 7062 3486
3 2591 7683 5838
3 435 6252 5159
3 2474 4797 3782
3 5249 7256 1556
3 1556 5156 3468
3 3468 6301 322
3 2555 6891 4769
3 5059 5810 417
3 749 4748 4613
3 3604 5880 1345
3 1492 7261 4169
3 3137 6748 642
3 5607 6554 3821
3 459 6628 3418
3 4988 5587 803
3 4983 6454 2121
3 3487 5720 2030
3 1215 6659 3839
3 946 7193 3656
3 1629 4497 4403
3 4057 6265 2424
3 1655 7262 3314
3 4668 4911 1427
3 3813 6815 2574
3 4078 7469 664
3 1062 6483 3345
3 740 5404 3633
3 1160 7759 3381
3 2783 7057 5988
3 2587 6464 5384
3 3681 5834 431
3 2686 6520 5002
3 1769 6277 3183
3 2208 5349 4723
3 2515 5332 4603
3 5711 6140 379
3 6828 7009 3558
3 2132 5792 5315
3 3341 5984 1106
3 4169 7261 2651
3 255 6957 254
3 3239 7099 1083
3 3437 5682 1159
3 4345 6054 1754
3 3460 6934 1928
3 887 6834 4769
3 1159 7263 3437
3 5507 5860 573
3 6464 6483 1547
3 3444 5937 1669
3 3659 5591 1532
3 286 6260 3365
3 516 4718 4224
3 5219 7389 1762
3 5277 7027 2914
3 900 7339 4847
3 6914 7002 2994
3 1823 5792 5010
3 3796 7142 609
3 3972 5501 2908
3 2468 6234 3521
3 728 6934 3460
3 1938 6035 3910
3 3633 5404 1542
3 2937 6579 5430
3 3570 7019 2107
3 765 6374 5632
3 4099 4532 1526
3 3500 6153 895
3 4624 4796 1878
3 5501 7678 2908
3 2143 6592 6495
3 1216 6095 3673
3 698 4401 4279
3 4265 6440 2776
3 957 6655 3782
3 1281 6212 3938
3 3811 6352 1322
3 5632 6374 2006
3 248 7515 247
3 485 7561 6286
3 664 6592 4078
3 1911 6568 3657
3 3558 7009 2090
3 3711 7651 1244
3 1542 6363 3953
3 1606 5365 4148
3 988 7460 3642
3 3514 7537 2204
3 129 4974 130
3 134 6553 135
3 3544 6362 1778
3 296 6294 3657
3 3157 7107 7099
3 287 5894 3451
3 1349 5872 4034
3 4316 7536 709
3 1889 7107 5386
3 1586 4368 4367
3 4316 4423 1541
3 4016 4693 1453
3 4173 5062 849
3 1951 7193 3198
3 5821 7154 418
3 6318 6966 1843
3 579 6326 3799
3 1303 6238 3314
3 120 7767 4345
3 3334 6025 1275
3 3520 5981 1914
3 3233 6266 1853
3 1855 4887 4203
3 3989 4769 1391
3 3587 6733 1800
3 509 6774 3806
3 1062 6433 3895
3 1878 4796 4782
3 665 4532 4099
3 6569 6693 1659
3 1093 7678 5501
3 3942 5028 1278
3 3774 5606 1031
3 5025 6545 2289
3 4613 4748 1837
3 1560 4661 4660
3 3496 6593 1853
3 5120 6237 2784
3 3711 6830 1996
3 2287 6525 5367
3 3814 7290 573
3 4247 7611 1619
3 1219 6439 3415
3 3588 6937 273
3 1865 6522 4868
3 6102 6255 1889
3 4497 4853 718
3 4486 5687 0
3 827 7334 4655
3 143 5733 4486
3 3729 7090 6614
3 237 5981 3520
3 3274 7579 5733
3 3242 5870 1590
3 2072 6439 3862
3 3645 5776 1619
3 4613 4853 1629
3 1637 6989 3614
3 5736 7585 3274
3 6253 7156 2087
3 4610 5405 665
3 4524 4924 1937
3 4847 7339 2868
3 5092 5539 1742
3 806 7326 3390
3 3267 5401 4708
3 1592 4396 4395
3 1853 6593 3233
3 1592 5093 4610
3 3713 5237 2368
3 4497 5093 1592
3 1778 5614 3604
3 2289 5802 5025
3 579 5551 4777
3 3289 6989 1637
3 2449 7344 6957
3 1532 7422 3659
3 3445 6655 957
3 3310 7759 1160
3 1908 5026 4629
3 4571 5116 2229
3 3656 7330 946
3 5261 5729 2688
3 3499 6253 2087
3 461 6933 6538
3 3729 6614 2124
3 724 6830 3711
3 2840 6815 3813
3 5687 7171 3262
3 3642 7460 2117
3 1655 5630 3648
3 1025 6362 3544
3 4872 5982 871
3 1481 5532 3817
3 5404 6240 2220
3 764 7131 5199
3 379 7770 3320
3 1869 6541 4007
3 3973 6930 1636
3 4077 7750 1183
3 3018 6296 6089
3 2526 7469 4078
3 259 6243 258
3 5058 6473 1476
3 3494 5966 269
3 2686 5002 4850
3 2930 6936 6923
3 1242 6173 3781
3 2121 6106 4983
3 1242 6676 3941
3 4289 7595 2393
3 4712 6727 551
3 1589 5570 3617
3 4078 6592 2143
3 4627 4913 1800
3 348 6477 4924
3 1571 7515 5416
3 3345 6483 6464
3 5591 5712 1532
3 4918 6527 1941
3 1878 4782 4463
3 1485 5385 3642
3 3253 6562 2238
3 2090 7677 3908
3 564 6323 4167
3 1590 5870 3818
3 3799 6326 1815
3 3804 5573 2440
3 3797 5455 1246
3 4305 4603 1506
3 5465 6220 680
3 570 5319 4877
3 1619 7463 4247
3 1823 6674 4228
3 1675 4569 4371
3 1916 5850 4615
3 1691 5688 3616
3 4707 7005 3039
3 1843 6966 3870
3 3874 7615 2142
3 1506 7461 4310
3 3611 5305 1771
3 6571 7334 1981
3 4463 4782 765
3 4767 5010 636
3 2469 5810 5059
3 4769 6834 2555
3 4188 7220 1567
3 1634 4895 4174
3 2107 6069 3570
3 1669 5937 3451
3 690 7587 4293
3 3234 6326 579
3 276 6364 4505
3 3794 5836 138
3 718 5009 4248
3 4063 5101 575
3 1537 5621 3514
3 1063 6469 3522
3 763 6457 5017
3 1083 7107 3791
3 4877 5319 2053
3 3806 6774 2080
3 749 5128 4748
3 3451 5894 1669
3 4989 6624 937
3 1358 6192 4205
3 7099 7107 1083
3 3941 6676 2882
3 1435 6638 3699
3 4297 5977 273
3 3075 6352 4144
3 3370 7766 1527
3 256 5949 255
3 4655 6842 1077
3 5412 7357 2738
3 5315 5792 882
3 1577 5039 4233
3 1135 5776 3645
3 4203 4887 1401
3 4473 4844 328
3 1022 7205 4774
3 2194 6243 3652
3 1691 5126 5122
3 2534 6624 4989
3 2499 7750 4077
3 2143 5166 4317
3 507 7233 6930
3 2153 5412 4120
3 1476 5289 4006
3 636 5467 3889
3 4 5268 267
3 2080 6774 3272
3 1616 5101 4063
3 4395 7766 269
3 1225 6181 3823
3 2210 7142 3796
3 5842 6012 1846
3 1576 5198 5065
3 6923 6936 2070
3 1666 5028 3942
3 3083 7201 4869
3 3877 6354 1633
3 2179 7290 3814
3 5800 6983 2283
3 2030 6735 3487
3 987 7336 5232
3 3170 7764 4218
3 5957 7417 4353
3 471 5316 5267
3 5237 7068 2368
3 1547 7568 3429
3 2418 6473 5058
3 4856 6265 1017
3 3105 7614 5331
3 2733 6830 5219
3 1937 6972 4524
3 2276 6775 4486
3 6128 6584 2635
3 997 6304 6067
3 4486 5733 2276
3 677 5256 4144
3 4306 5465 680
3 3918 6921 3291
3 1937 7177 3963
3 709 7536 5428
3 4660 4736 826
3 1077 6842 4843
3 5166 6495 2208
3 1823 5010 4767
3 750 6331 4892
3 3642 5624 1485
3 2204 5539 5092
3 1898 5062 4358
3 3708 7574 1757
3 1815 6252 4340
3 4069 4983 375
3 573 5860 3440
3 2418 5101 4417
3 6067 6304 2853
3 5672 7358 4067
3 243 5335 3945
3 1938 7192 6035
3 2168 6248 5281
3 1418 6509 3806
3 4403 6449 1629
3 249 5416 248
3 3821 6554 2146
3 3699 7397 1742
3 1569 5089 4590
3 4870 7608 643
3 4773 5502 2625
3 4148 5365 744
3 1617 5342 5199
3 4773 6687 1129
3 5637 5898 1675
3 2788 6983 5800
3 3910 5626 1938
3 716 5959 5331
3 1154 6640 5755
3 4224 7129 1349
3 2179 7078 5933
3 2153 5611 5586
3 1025 7595 4289
3 5763 6640 1154
3 1619 7611 5121
3 3817 6248 1089
3 4462 5227 1764
3 4007 6541 251
3 4069 5174 1732
3 3925 6099 1664
3 2065 6992 3570
3 3895 6299 861
3 4546 5405 1678
3 4248 5009 1748
3 3617 5570 2562
3 718 5093 4497
3 3818 5870 642
3 2117 7509 3642
3 1476 6473 5289
3 3823 6514 1225
3 3942 6100 1666
3 5184 5701 1846
3 4205 6192 2064
3 690 5664 4349
3 4924 6477 2500
3 6339 6449 2354
3 4063 7471 1616
3 3944 6360 240
3 958 7068 5237
3 1669 7657 3444
3 5010 5467 636
3 3813 6197 1558
3 1567 5990 4174
3 2602 5201 4681
3 655 7397 3699
3 1569 6210 3981
3 129 6788 4974
3 4974 6796 130
3 2503 7334 6571
3 5332 7097 463
3 669 7457 3653
3 2568 5712 5591
3 3460 7528 728
3 4337 5441 1518
3 5586 5611 1802
3 238 5981 237
3 5065 5198 2019
3 3262 7044 5157
3 431 6354 3877
3 1034 5277 4639
3 4193 6129 1275
3 799 5626 4627
3 6067 7651 2414
3 3791 6769 1083
3 4174 5990 690
3 825 6099 3925
3 1634 5548 4895
3 4417 5101 1616
3 5140 6683 920
3 2594 6327 5406
3 4385 6762 1345
3 798 5432 4100
3 2578 6140 5711
3 5174 5562 1755
3 245 5818 244
3 115 5822 3990
3 2067 6724 6181
3 3659 7422 647
3 2190 7770 3960
3 4524 6972 6066
3 1049 7357 5412
3 2552 6727 4712
3 1826 4844 4473
3 5122 5126 2016
3 1837 4853 4613
3 343 7652 4616
3 4247 7463 2630
3 4463 5159 1878
3 1031 7267 3774
3 680 5032 4306
3 4057 5842 366
3 2067 7707 4458
3 5048 7750 2499
3 3782 6655 2072
3 4723 5142 726
3 1046 7226 3460
3 5232 7336 2945
3 4042 6408 1437
3 2853 7608 4870
3 0 5687 8
3 3729 6777 1142
3 127 5635 128
3 4488 6173 2242
3 1515 5116 4571
3 3862 6439 1219
3 3471 7207 2421
3 1129 6687 3658
3 1493 6444 3930
3 2691 6788 5635
3 5430 7045 2937
3 3908 7677 300
3 3901 5892 1584
3 142 5733 143
3 140 5736 141
3 4768 7111 829
3 4368 5711 379
3 4660 4661 1650
3 6592 6989 3289
3 5342 7696 276
3 1633 6082 3877
3 1764 5227 4648
3 3870 6966 521
3 3652 6243 259
3 597 6100 3942
3 4486 6775 2277
3 1860 6163 6140
3 4425 5701 1387
3 2359 5898 5637
3 5338 7587 690
3 3416 7392 4357
3 1636 6930 4481
3 3817 5532 621
3 5308 6255 2259
3 4590 5089 2137
3 3711 6716 724
3 1485 4891 4890
3 1680 5729 5261
3 4201 5860 2369
3 544 6317 3910
3 269 7766 5356
3 1754 7237 4345
3 4340 6252 435
3 1077 7044 3262
3 1831 5159 4463
3 1584 5892 4121
3 1975 5959 5087
3 4358 5669 1898
3 3262 7171 1077
3 4748 5128 1898
3 939 6197 3813
3 2630 7463 7190
3 1869 6299 3895
3 1898 5400 5062
3 2424 6265 4856
3 3953 6363 370
3 1313 7581 3480
3 4648 5227 1725
3 2277 5687 4486
3 1915 6431 5922
3 4317 5166 447
3 4655 7334 2503
3 4505 6364 2282
3 246 7711 245
3 737 6255 5308
3 1580 5627 4254
3 1767 6286 3775
3 4383 5960 2189
3 3621 6768 2473
3 1973 5883 5083
3 4290 7668 535
3 370 6685 3894
3 1358 6743 3636
3 2614 6683 5140
3 4223 6151 1524
3 265 7062 264
3 3942 6773 597
3 2503 6842 4655
3 1664 5997 3925
3 3683 7572 2505
3 5083 5348 829
3 2404 7158 3687
3 2424 6911 6638
3 5214 7463 1619
3 2557 5245 4449
3 750 4892 4661
3 4853 5456 718
3 273 7112 3713
3 1986 5708 5042
3 2625 6687 4773
3 1345 5880 4385
3 2080 6556 3806
3 2016 6228 5811
3 4007 6299 1869
3 1865 6845 5406
3 1899 5946 5367
3 5661 6783 1983
3 5199 5342 2023
3 1650 4736 4660
3 5922 6431 2656
3 3657 7742 1309
3 5765 5883 1973
3 984 7611 4247
3 5079 6676 1242
3 2896 5534 4173
3 4197 6294 296
3 4123 6324 647
3 1518 5496 4138
3 1971 6514 3823
3 262 6059 261
3 2354 5966 4818
3 5628 7336 3045
3 4892 6331 2438
3 1498 7291 4913
3 4254 5627 722
3 4921 6259 2092
3 1919 5348 5083
3 1249 7219 3558
3 1176 7574 3708
3 3553 7656 2292
3 645 7075 3968
3 1158 6276 4615
3 446 6519 5883
3 4553 7514 3161
3 3825 6797 841
3 2288 7589 3873
3 4890 4891 2274
3 2132 5467 5010
3 2868 6318 4847
3 3996 7254 744
3 258 6243 4868
3 1041 6426 3819
3 3981 6210 638
3 777 5539 5461
3 5755 6640 2936
3 2550 7111 4768
3 5635 6788 128
3 4249 6905 1971
3 2368 6220 5465
3 366 5842 4425
3 4610 5093 1678
3 4349 5338 690
3 2940 6640 5763
3 690 5990 5664
3 136 6152 137
3 2029 7681 3874
3 5062 5400 849
3 1732 5064 4886
3 2605 6921 3918
3 449 5669 4358
3 3814 7598 2179
3 113 6128 114
3 896 5570 4796
3 4401 6402 2053
3 3938 6939 413
3 841 6115 5480
3 4603 5332 1506
3 2016 5811 5122
3 2096 6629 4691
3 4490 7094 1659
3 4490 6693 1681
3 1364 5960 3973
3 4639 5277 1824
3 4036 5965 1505
3 1437 6408 4934
3 718 5456 5009
3 4686 7405 518
3 1846 5701 4425
3 4349 5664 1537
3 664 6989 6592
3 1908 6803 4870
3 1453 6368 4016
3 4802 5495 1748
3 4203 6510 1855
3 4661 4892 1650
3 1757 5648 4521
3 1041 6665 4243
3 1771 7254 3996
3 2659 6238 4699
3 1377 6318 4354
3 1604 6936 5115
3 920 6683 3821
3 4521 5648 1394
3 5495 7077 2734
3 4021 7146 966
3 4422 5611 362
3 6026 6773 2106
3 5039 6769 2137
3 1629 6339 4613
3 4661 6359 750
3 251 6541 250
3 482 6441 4823
3 642 6748 4004
3 5208 6714 3117
3 1636 6763 3973
3 7457 7460 3653
3 507 6930 3973
3 882 6677 4347
3 1387 5701 4432
3 295 6124 5397
3 4155 6286 1767
3 621 5532 4625
3 1567 7263 4188
3 3960 6163 1220
3 1748 5577 4248
3 4639 7660 1034
3 113 6584 6128
3 316 6239 4096
3 4091 5630 1655
3 5017 6405 763
3 116 6411 117
3 5064 5174 1755
3 1183 7750 3693
3 882 5792 4228
3 3960 7770 379
3 1460 7297 4718
3 5367 5946 2287
3 4385 5880 2815
3 4193 6714 1711
3 2244 6761 5296
3 3973 6763 1364
3 485 6286 4155
3 3894 7499 2364
3 740 6240 5404
3 4624 7448 896
3 4163 7226 1046
3 136 7215 6152
3 698 6402 4401
3 4699 6238 1303
3 4163 6573 1930
3 723 6510 4203
3 1275 6129 4774
3 1039 5192 5087
3 1675 5898 4569
3 5347 5686 445
3 3895 6433 1869
3 4796 5570 1589
3 2102 7011 6144
3 6144 7011 2830
3 1046 6573 4163
3 3570 6992 5521
3 1509 5502 4773
3 5214 6519 446
3 499 7261 4073
3 5402 5480 1973
3 1017 7663 4856
3 2208 7335 5166
3 6573 7350 3018
3 133 6521 134
3 375 6670 5562
3 1870 6939 3938
3 2029 6891 6218
3 3084 7146 7009
3 1715 5977 4297
3 1711 6129 4193
3 5461 5539 2204
3 958 7586 5609
3 4782 6374 765
3 1281 7471 4063
3 5329 6494 1959
3 6218 6891 2555
3 1586 5711 4368
3 4157 7281 1299
3 6050 7607 3592
3 5480 6115 1973
3 2164 7281 4157
3 449 5915 5669
3 4435 5875 447
3 1650 5389 4736
3 5184 6237 702
3 5182 6509 1418
3 4840 6536 1762
3 4077 6059 262
3 1678 5405 4610
3 4886 5064 686
3 1345 6762 4167
3 2090 7146 4021
3 1802 5611 4422
3 3874 7681 1211
3 587 6724 4108
3 6020 7402 2718
3 128 6788 129
3 4425 5842 1846
3 4708 5401 564
3 4397 6368 1453
3 130 6796 131
3 3090 5694 4994
3 1914 5981 4920
3 2244 6834 6761
3 4872 7499 3894
3 4261 6726 1050
3 829 5402 5083
3 6193 7291 1498
3 2220 6240 5388
3 737 7541 3791
3 750 7732 3819
3 4467 6102 1219
3 638 6828 3981
3 1888 5400 5128
3 2057 7201 4347
3 5682 6431 1915
3 123 7166 7156
3 777 5461 5042
3 1147 6905 4249
3 686 5721 4886
3 4774 6129 3026
3 1364 6763 4299
3 4347 6677 2057
3 2117 7460 7457
3 3274 7585 7579
3 1472 7660 4639
3 1965 5959 4750
3 4847 6318 1377
3 1732 5174 5064
3 3981 6828 1925
3 5037 6687 2625
3 4488 7538 915
3 4123 7353 1950
3 4736 5389 1959
3 4774 7205 3334
3 1857 5348 5099
3 6089 6573 3018
3 4524 6066 1824
3 2606 7624 3797
3 5010 5792 2132
3 6035 7192 2355
3 4609 6772 1757
3 305 7514 4553
3 2242 7538 4488
3 4823 6441 2242
3 5322 5422 1830
3 2314 6368 4397
3 2474 6631 4070
3 4655 7171 2277
3 4691 6629 798
3 4886 5721 1604
3 4432 6095 2795
3 5116 7762 2229
3 647 7353 4123
3 1681 6693 5254
3 5618 6683 2614
3 123 7156 124
3 2174 7129 4224
3 122 7166 123
3 4004 6748 2012
3 135 7215 136
3 5083 5402 1973
3 812 5495 4802
3 5898 6100 597
3 1837 5456 4853
3 269 6449 4403
3 5117 5711 1586
3 2033 5480 5402
3 2050 6726 4261
3 515 7220 4188
3 5432 7192 1938
3 1986 6579 5708
3 4566 5821 1588
3 4086 7185 744
3 1898 5669 4748
3 2427 7586 5237
3 5044 6192 1358
3 1943 6306 6105
3 431 7291 6354
3 1401 6259 4203
3 5128 5400 1898
3 744 7254 4148
3 609 6831 4354
3 5733 7579 2276
3 809 7354 4838
3 4347 7201 1383
3 5609 7586 2854
3 2283 7585 5736
3 5143 6545 605
3 1299 7281 3972
3 1211 7615 3874
3 119 7767 120
3 5042 5461 1986
3 5042 5708 1890
3 4138 6507 1518
3 6068 6203 2473
3 5271 5420 1912
3 1965 6294 4197
3 4291 6783 1322
3 1912 5426 5267
3 2761 7587 5338
3 687 6195 4458
3 5143 7131 2289
3 4404 6001 1726
3 2277 7171 5687
3 5001 7262 803
3 535 7668 5720
3 5954 6210 3136
3 1046 7350 6573
3 5397 6124 2284
3 5296 6115 841
3 1981 7334 4784
3 7009 7146 2090
3 6354 7291 2554
3 1837 5915 5456
3 5099 5348 1919
3 5422 6020 1830
3 4767 6858 1823
3 454 7126 5491
3 1930 7652 4163
3 3314 7262 5001
3 524 7094 4490
3 4920 5981 238
3 4905 5678 722
3 4851 7660 1472
3 385 6714 4193
3 4660 7616 1560
3 1764 6538 4462
3 5009 5456 2150
3 4768 6125 3042
3 1959 6494 4736
3 6474 6527 2741
3 4994 5694 854
3 1547 6483 4364
3 4615 6276 2438
3 4021 7677 2090
3 3687 7158 4923
3 3055 7155 7019
3 5456 5915 2150
3 5087 5192 1975
3 4289 6362 1025
3 5316 6105 2262
3 1589 6374 4782
3 1800 6733 4627
3 417 5811 5059
3 5234 6925 2219
3 1666 5686 5347
3 5455 7624 1015
3 2393 7354 4289
3 4354 6318 1843
3 1560 6359 4661
3 2289 6545 5143
3 829 6125 4768
3 2917 6192 5044
3 5099 5862 741
3 1978 5875 4435
3 2868 7339 4990
3 1077 7171 4655
3 418 6554 5607
3 5958 7423 2030
3 4293 7587 1580
3 2970 7538 6441
3 5089 5766 329
3 5083 5883 1919
3 3341 6568 5984
3 2882 6510 5910
3 2204 6275 5461
3 1460 6256 5175
3 5718 7471 1281
3 2313 7226 4163
3 1983 5678 4905
3 1757 7574 4609
3 5420 5426 1912
3 5237 7112 2427
3 1970 5420 5271
3 1919 5862 5099
3 1541 7536 4316
3 1930 6573 6089
3 4891 7482 2274
3 2578 5711 5117
3 5166 7335 447
3 4709 6339 2354
3 826 7616 4660
3 1943 5422 5322
3 5267 5426 1969
3 1824 6481 4639
3 4843 7044 1077
3 4357 7392 1163
3 2033 7111 6860
3 2390 7176 5672
3 2289 7131 5802
3 2359 6100 5898
3 5122 5811 417
3 2325 6519 5214
3 4345 7237 121
3 5134 7409 1914
3 7579 7585 1154
3 2936 6296 4784
3 1650 5879 5389
3 7156 7166 3839
3 3972 7451 328
3 2940 6494 5329
3 4868 6243 2194
3 2030 7668 5958
3 4838 7354 2393
3 1527 7766 4395
3 1604 7405 4686
3 3235 7468 5306
3 2229 7762 7739
3 2137 7541 4590
3 4913 5834 1800
3 803 7262 4988
3 4425 7762 366
3 1617 7131 5143
3 5092 7514 305
3 4892 5879 1650
3 6105 6306 2262
3 2163 6525 6172
3 5087 5959 1965
3 3713 7112 5237
3 1711 6714 5208
3 5516 7409 2676
3 4851 7457 669
3 4590 7541 737
3 5811 6228 2291
3 1659 6693 4490
3 527 7606 4243
3 722 5678 5384
3 4639 6481 1472
3 328 7451 4473
3 4458 6195 2067
3 846 7279 5136
3 4990 7339 2818
3 3031 7290 5933
3 4627 6733 799
3 5019 6433 1062
3 4624 6252 1815
3 4364 7568 1547
3 471 6105 5316
3 431 5834 4913
3 1083 6769 5039
3 5614 6312 416
3 2158 6168 4944
3 4944 6168 1633
3 756 6925 5234
3 490 6772 4609
3 140 5800 5736
3 1973 6115 5765
3 446 5883 5765
3 5307 7207 1071
3 5237 7586 958
3 7019 7155 2107
3 809 5426 5420
3 6294 7742 3657
3 5348 6125 829
3 6234 6484 846
3 6441 7538 2242
3 1925 7219 4489
3 4750 5959 716
3 4067 7358 2331
3 5059 5811 2291
3 2800 7471 5718
3 838 7482 4891
3 702 6237 5120
3 3034 7423 5958
3 680 6220 5126
3 2797 6319 6198
3 4934 6408 2699
3 4720 7031 1323
3 4473 7451 2164
3 638 6210 5954
3 7190 7463 446
3 5091 6218 490
3 1914 7409 5516
3 2619 6312 5614
3 2180 6115 5296
3 5175 6256 2088
3 5883 6519 1919
3 1541 6858 4767
3 5765 6115 2180
3 4616 7652 1930
3 5384 5678 2587
3 385 6536 4840
3 2421 7207 5307
3 2029 6218 5091
3 1087 6026 5421
3 2070 7005 4707
3 5672 7176 483
3 5736 5800 2283
3 5466 6521 133
3 5322 6306 1943
3 6359 7732 750
3 2164 7113 4473
3 2142 7615 5335
3 2091 6894 6810
3 1888 6006 5400
3 4736 6494 826
3 1857 6125 5348
3 2023 6345 5199
3 647 6324 5198
3 5198 6324 2019
3 5598 7304 887
3 4838 6661 2914
3 5094 7509 2117
3 5115 7405 1604
3 806 6020 5422
3 4218 7764 2594
3 5126 6220 2016
3 4813 6891 2029
3 2865 7618 6093
3 5862 6519 2325
3 5618 7553 655
3 2614 7553 5618
3 5400 6006 849
3 3035 6509 5182
3 1706 7163 5428
3 5175 6821 681
3 4869 7201 2057
3 254 6957 4636
3 643 7608 4157
3 4629 7053 1908
3 795 6306 5322
3 4989 7135 2534
3 6611 7770 2190
3 2088 6821 5175
3 5388 6240 1978
3 6860 7111 2550
3 1840 7090 4484
3 2393 6661 4838
3 1297 6810 4681
3 4353 7417 717
3 4488 6922 1747
3 2355 6629 5904
3 1391 6891 4813
3 887 7304 6761
3 5461 6275 1986
3 973 7199 5957
3 2468 6484 6234
3 5768 5870 3242
3 5957 7199 2581
3 796 7423 5991
3 2143 6495 5166
3 1986 6275 5430
3 5356 7766 3370
3 5664 5990 2505
3 4750 7742 1965
3 2725 6582 5684
3 264 7062 5845
3 4784 7334 827
3 1225 7707 6181
3 5805 6831 2091
3 6602 6666 1186
3 2054 6457 5564
3 1680 6768 5729
3 5254 6693 3356
3 6828 7219 1925
3 5421 6026 2106
3 2292 7656 5063
3 4988 7262 1655
3 2219 6925 6193
3 2204 7537 6275
3 2355 7192 6629
3 5365 6992 2065
3 4459 7745 756
3 4913 7291 431
3 5455 7764 1246
3 4489 7219 1249
3 5402 7111 2033
3 4856 6911 2424
3 655 6911 5618
3 5219 6830 724
3 2950 6797 5648
3 1035 6512 5904
3 4856 7663 1683
3 4640 7163 1706
3 6484 7279 846
3 5621 7537 3514
3 2070 6936 5721
3 920 6924 5140
3 757 6315 6014
3 5296 6761 2180
3 756 7745 4944
3 6797 7151 841
3 1815 7448 4624
3 1919 6519 5862
3 5564 6457 763
3 5585 7112 273
3 5406 6327 1865
3 6014 6315 1860
3 5367 6525 791
3 6198 6319 1951
3 1762 7551 4840
3 5063 7656 717
3 5521 6992 1606
3 6735 7423 796
3 5430 6275 953
3 6312 6996 1970
3 5910 6510 723
3 366 7762 5116
3 5551 6614 1840
3 2676 6666 6602
3 642 5870 5768
3 953 7537 5621
3 445 6476 5347
3 1606 6992 5365
3 1855 6676 5079
3 4832 7741 1519
3 5420 6996 809
3 651 7409 5134
3 5175 7297 1460
3 861 7517 5922
3 5199 7131 1617
3 5621 7572 3683
3 1309 7742 4750
3 3140 7660 4851
3 1142 6777 5388
3 4608 7711 246
3 763 6405 5937
3 1742 7514 5092
3 6477 7595 2500
3 6477 6661 2393
3 686 7005 5721
3 6553 7215 135
3 2594 7764 5455
3 5406 6845 670
3 5136 7279 3109
3 4944 7745 2158
3 2781 7405 5115
3 2950 7151 6797
3 3642 7509 5624
3 4924 7177 1937
3 2323 6633 5315
3 4923 7158 900
3 1978 7560 5875
3 6614 7090 1840
3 6193 6925 2554
3 757 7078 6315
3 5937 6405 3451
3 3399 7659 6659
3 5904 6629 2096
3 483 7358 5672
3 5684 6582 449
3 5140 6924 2166
3 5708 6579 405
3 5966 6449 269
3 6124 6798 2284
3 4969 7741 2495
3 1537 7572 5621
3 724 7389 5219
3 273 6937 5585
3 6456 7330 3416
3 5904 6512 2355
3 348 6661 6477
3 6220 7068 2016
3 5386 7107 3157
3 2180 7304 7190
3 1519 7741 4969
3 6527 7722 2741
3 2418 7730 6473
3 2124 6614 5551
3 5388 6777 2220
3 2619 6996 6312
3 829 7111 5402
3 6761 6834 887
3 3797 7624 5455
3 3558 7219 6828
3 2468 6565 6484
3 841 7151 5296
3 798 7192 5432
3 982 6994 5923
3 5091 7681 2029
3 5530 7528 2313
3 5915 6582 2150
3 2581 7417 5957
3 655 7553 7397
3 2368 7068 6220
3 1617 7696 5342
3 340 7722 6527
3 939 6961 6557
3 5721 6936 1604
3 5624 7509 482
3 871 7499 4872
3 987 7360 7336
3 1970 6996 5420
3 2180 7190 5765
3 6068 6768 1680
3 5664 7572 1537
3 6426 7606 1916
3 6168 7441 2781
3 5850 7606 527
3 482 7509 5094
3 2427 7112 5585
3 6218 7139 490
3 6983 7616 826
3 2179 7598 6315
3 131 6796 6757
3 2630 7304 5598
3 5121 7611 2716
3 7190 7304 2630
3 6315 7078 2179
3 728 7528 5530
3 5845 7062 1892
3 2087 7659 5142
3 6228 7068 958
3 5296 7151 2244
3 2276 7579 5755
3 5763 7585 2283
3 2238 6798 6124
3 6304 7608 2853
3 2354 6449 5966
3 5306 7468 338
3 5765 7190 446
3 449 6582 5915
3 647 7422 7353
3 6473 7730 2815
3 6923 7613 2930
3 2244 7139 6834
3 1860 7598 6163
3 2897 7476 6924
3 5984 6568 1911
3 5923 6994 2390
3 124 7156 6253
3 5834 7031 1800
3 982 7533 6994
3 286 7613 6923
3 446 7463 5214
3 717 7417 6132
3 6924 7476 2166
3 1683 7663 5607
3 5949 7184 2449
3 5416 7515 248
3 7397 7553 3161
3 2287 7613 6172
3 5721 7005 2070
3 2166 7476 5810
3 6498 6821 2088
3 463 7135 5712
3 2864 7215 6553
3 7336 7360 3045
3 3299 7184 5949
3 6263 7482 838
3 6834 7139 2555
3 6814 7357 2233
3 5585 6937 2223
3 5933 7290 2179
3 2367 7332 7154
3 5637 7479 2359
3 7552 7613 2287
3 6629 7192 798
3 5755 7579 1154
3 6557 6961 2604
3 5724 7389 724
3 1154 7585 5763
3 5607 7663 3181
3 2016 7068 6228
3 2738 7357 6814
3 3429 7568 5548
3 2505 7572 5664
3 5428 7536 3159
3 3791 7541 6769
3 5810 7476 417
3 5875 7560 2666
3 6761 7304 2180
3 6630 6862 2217
3 1916 7606 5850
3 2271 7389 5724
3 2555 7139 6218
3 6304 7113 2164
3 6066 6972 915
3 946 7330 6456
3 5922 7517 1915
3 5946 7552 2287
3 5923 7657 1669
3 6275 7537 953
3 2312 6818 6364
3 6172 7613 286
3 5142 7659 726
3 2473 6768 6068
3 2550 7722 6860
3 2662 7321 7045
3 7278 7586 2427
3 3150 6821 6498
3 2809 7578 7522
3 7045 7321 1063
3 5991 7423 3034
3 2158 7441 6168
3 2718 7402 7285
3 945 7552 5946
3 6364 6818 2282
3 7154 7332 2776
3 7285 7402 1071
3 3234 7448 6326
3 7353 7422 3008
3 5720 7668 2030
3 6132 7417 2581
3 6757 6796 2704
3 2552 7316 6727
3 2937 7371 6579
3 997 7113 6304
3 2930 7613 7552
3 2554 7291 6193
3 6897 7722 2550
3 6093 7618 1181
3 6181 7707 2067
3 6315 7598 1860
3 3198 7193 6873
3 6860 7722 340
3 6579 7371 405
3 2111 7279 6484
3 7522 7578 2450
3 6727 7316 2404
3 7281 7451 3972
3 1918 7732 6359
3 6655 7366 2072
3 2393 7595 6477
3 6326 7448 1815
3 6961 7634 2604
3 2854 7586 7278
3 2464 6862 6630
3 6994 7176 2390
3 2390 7657 5923
3 6873 7193 946
3 3445 7366 6655
3 2741 7722 6897
3 6994 7533 2644
3 2030 7423 6735
3 2788 7616 6983
3 6659 7659 2087
3 1965 7742 6294
3 7466 7533 982
3 2774 7683 7680
3 2164 7451 7281
3 2644 7176 6994
3 3320 7770 6611
3 2574 7634 6961
3 6769 7541 2137
3 7226 7528 3460
3 7680 7683 2591
3 2313 7528 7226
3 2715 7533 7466
CELL_TYPES 3820
5
5
5
5
5
5
5
5
5
5
5
5
5
5
5
5
5
5
5
5
5
5
5
5
5
5
5
5
5
5
5
5
5
5
5
5
5
5
5
5
5
5
5
5
5
5
5
5
5
5
5
5
5
5
5
5
5
5
5
5
5
5
5
5
5
5
5
5
5
5
5
5
5
5
5
5
5
5
5
5
5
5
5
5
5
5
5
5
5
5
5
5
5
5
5
5
5
5
5
5
5
5
5
5
5
5
5
5
5
5
5
5
5
5
5
5
5
5
5
5
5
5
5
5
5
5
5
5
5
5
5
5
5
5
5
5
5
5
5
5
5
5
5
5
5
5
5
5
5
5
5
5
5
5
5
5
5
5
5
5
5
5
5
5
5
5
5
5
5
5
5
5
5
5
5
5
5
5
5
5
5
5
5
5
5
5
5
5
5
5
5
5
5
5
5
5
5
5
5
5
5
5
5
5
5
5
5
5
5
5
5
5
5
5
5
5
5
5
5
5
5
5
5
5
5
5
5
5
5
5
5
5
5
5
5
5
5
5
5
5
5
5
5
5
5
5
5
5
5
5
5
5
5
5
5
5
5
5
5
5
5
5
5
5
5
5
5
5
5
5
5
5
5
5
5
5
5
5
5
5
5
5
5
5
5
5
5
5
5
5
5
5
5
5
5
5
5
5
5
5
5
5
5
5
5
5
5
5
5
5
5
5
5
5
5
5
5
5
5
5
5
5
5
5
5
5
5
5
5
5
5
5
5
5
5
5
5
5
5
5
5
5
5
5
5
5
5
5
5
5
5
5
5
5
5
5
5
5
5
5
5
5
5
5
5
5
5
5
5
5
5
5
5
5
5
5
5
5
5
5
5
5
5
5
5
5
5
5
5
5
5
5
5
5
5
5
5
5
5
5
5
5
5
5
5
5
5
5
5
5
5
5
5
5
5
5
5
5
5
5
5
5
5
5
5
5
5
5
5
5
5
5
5
5
5
5
5
5
5
5
5
5
5
5
5
5
5
5
5
5
5
5
5
5
5
5
5
5
5
5
5
5
5
5
5
5
5
5
5
5
5
5
5
5
5
5
5
5
5
5
5
5
5
5
5
5
5
5
5
5
5
5
5
5
5
5
5
5
5
5
5
5
5
5
5
5
5
5
5
5
5
5
5
5
5
5
5
5
5
5
5
5
5
5
5
5
5
5
5
5
5
5
5
5
5
5
5
5
5
5
5
5
5
5
5
5
5
5
5
5
5
5
5
5
5
5
5
5
5
5
5
5
5
5
5
5
5
5
5
5
5
5
5
5
5
5
5
5
5
5
5
5
5
5
5
5
5
5
5
5
5
5
5
5
5
5
5
5
5
5
5
5
5
5
5
5
5
5
5
5
5
5
5
5
5
5
5
5
5
5
5
5
5
5
5
5
5
5
5
5
5
5
5
5
5
5
5
5
5
5
5
5
5
5
5
5
5
5
5
5
5
5
5
5
5
5
5
5
5
5
5
5
5
5
5
5
5
5
5
5
5
5
5
5
5
5
5
5
5
5
5
5
5
5
5
5
5
5
5
5
5
5
5
5
5
5
5
5
5
5
5
5
5
5
5
5
5
5
5
5
5
5
5
5
5
5
5
5
5
5
5
5
5
5
5
5
5
5
5
5
5
5
5
5
5
5
5
5
5
5
5
5
5
5
5
5
5
5
5
5
5
5
5
5
5
5
5
5
5
5
5
5
5
5
5
5
5
5
5
5
5
5
5
5
5
5
5
5
5
5
5
5
5
5
5
5
5
5
5
5
5
5
5
5
5
5
5
5
5
5
5
5
5
5
5
5
5
5
5
5
5
5
5
5
5
5
5
5
5
5
5
5
5
5
5
5
5
5
5
5
5
5
5
5
5
5
5
5
5
5
5
5
5
5
5
5
5
5
5
5
5
5
5
5
5
5
5
5
5
5
5
5
5
5
5
5
5
5
5
5
5
5
5
5
5
5
5
5
5
5
5
5
5
5
5
5
5
5
5
5
5
5
5
5
5
5
5
5
5
5
5
5
5
5
5
5
5
5
5
5
5
5
5
5
5
5
5
5
5
5
5
5
5
5
5
5
5
5
5
5
5
5
5
5
5
5
5
5
5
5
5
5
5
5
5
5
5
5
5
5
5
5
5
5
5
5
5
5
5
5
5
5
5
5
5
5
5
5
5
5
5
5
5
5
5
5
5
5
5
5
5
5
5
5
5
5
5
5
5
5
5
5
5
5
5
5
5
5
5
5
5
5
5
5
5
5
5
5
5
5
5
5
5
5
5
5
5
5
5
5
5
5
5
5
5
5
5
5
5
5
5
5
5
5
5
5
5
5
5
5
5
5
5
5
5
5
5
5
5
5
5
5
5
5
5
5
5
5
5
5
5
5
5
5
5
5
5
5
5
5
5
5
5
5
5
5
5
5
5
5
5
5
5
5
5
5
5
5
5
5
5
5
5
5
5
5
5
5
5
5
5
5
5
5
5
5
5
5
5
5
5
5
5
5
5
5
5
5
5
5
5
5
5
5
5
5
5
5
5
5
5
5
5
5
5
5
5
5
5
5
5
5
5
5
5
5
5
5
5
5
5
5
5
5
5
5
5
5
5
5
5
5
5
5
5
5
5
5
5
5
5
5
5
5
5
5
5
5
5
5
5
5
5
5
5
5
5
5
5
5
5
5
5
5
5
5
5
5
5
5
5
5
5
5
5
5
5
5
5
5
5
5
5
5
5
5
5
5
5
5
5
5
5
5
5
5
5
5
5
5
5
5
5
5
5
5
5
5
5
5
5
5
5
5
5
5
5
5
5
5
5
5
5
5
5
5
5
5
5
5
5
5
5
5
5
5
5
5
5
5
5
5
5
5
5
5
5
5
5
5
5
5
5
5
5
5
5
5
5
5
5
5
5
5
5
5
5
5
5
5
5
5
5
5
5
5
5
5
5
5
5
5
5
5
5
5
5
5
5
5
5
5
5
5
5
5
5
5
5
5
5
5
5
5
5
5
5
5
5
5
5
5
5
5
5
5
5
5
5
5
5
5
5
5
5
5
5
5
5
5
5
5
5
5
5
5
5
5
5
5
5
5
5
5
5
5
5
5
5
5
5
5
5
5
5
5
5
5
5
5
5
5
5
5
5
5
5
5
5
5
5
5
5
5
5
5
5
5
5
5
5
5
5
5
5
5
5
5
5
5
5
5
5
5
5
5
5
5
5
5
5
5
5
5
5
5
5
5
5
5
5
5
5
5
5
5
5
5
5
5
5
5
5
5
5
5
5
5
5
5
5
5
5
5
5
5
5
5
5
5
5
5
5
5
5
5
5
5
5
5
5
5
5
5
5
5
5
5
5
5
5
5
5
5
5
5
5
5
5
5
5
5
5
5
5
5
5
5
5
5
5
5
5
5
5
5
5
5
5
5
5
5
5
5
5
5
5
5
5
5
5
5
5
5
5
5
5
5
5
5
5
5
5
5
5
5
5
5
5
5
5
5
5
5
5
5
5
5
5
5
5
5
5
5
5
5
5
5
5
5
5
5
5
5
5
5
5
5
5
5
5
5
5
5
5
5
5
5
5
5
5
5
5
5
5
5
5
5
5
5
5
5
5
5
5
5
5
5
5
5
5
5
5
5
5
5
5
5
5
5
5
5
5
5
5
5
5
5
5
5
5
5
5
5
5
5
5
5
5
5
5
5
5
5
5
5
5
5
5
5
5
5
5
5
5
5
5
5
5
5
5
5
5
5
5
5
5
5
5
5
5
5
5
5
5
5
5
5
5
5
5
5
5
5
5
5
5
5
5
5
5
5
5
5
5
5
5
5
5
5
5
5
5
5
5
5
5
5
5
5
5
5
5
5
5
5
5
5
5
5
5
5
5
5
5
5
5
5
5
5
5
5
5
5
5
5
5
5
5
5
5
5
5
5
5
5
5
5
5
5
5
5
5
5
5
5
5
5
5
5
5
5
5
5
5
5
5
5
5
5
5
5
5
5
5
5
5
5
5
5
5
5
5
5
5
5
5
5
5
5
5
5
5
5
5
5
5
5
5
5
5
5
5
5
5
5
5
5
5
5
5
5
5
5
5
5
5
5
5
5
5
5
5
5
5
5
5
5
5
5
5
5
5
5
5
5
5
5
5
5
5
5
5
5
5
5
5
5
5
5
5
5
5
5
5
5
5
5
5
5
5
5
5
5
5
5
5
5
5
5
5
5
5
5
5
5
5
5
5
5
5
5
5
5
5
5
5
5
5
5
5
5
5
5
5
5
5
5
5
5
5
5
5
5
5
5
5
5
5
5
5
5
5
5
5
5
5
5
5
5
5
5
5
5
5
5
5
5
5
5
5
5
5
5
5
5
5
5
5
5
5
5
5
5
5
5
5
5
5
5
5
5
5
5
5
5
5
5
5
5
5
5
5
5
5
5
5
5
5
5
5
5
5
5
5
5
5
5
5
5
5
5
5
5
5
5
5
5
5
5
5
5
5
5
5
5
5
5
5
5
5
5
5
5
5
5
5
5
5
5
5
5
5
5
5
5
5
5
5
5
5
5
5
5
5
5
5
5
5
5
5
5
5
5
5
5
5
5
5
5
5
5
5
5
5
5
5
5
5
5
5
5
5
5
5
5
5
5
5
5
5
5
5
5
5
5
5
5
5
5
5
5
5
5
5
5
5
5
5
5
5
5
5
5
5
5
5
5
5
5
5
5
5
5
5
5
5
5
5
5
5
5
5
5
5
5
5
5
5
5
5
5
5
5
5
5
5
5
5
5
5
5
5
5
5
5
5
5
5
5
5
5
5
5
5
5
5
5
5
5
5
5
5
5
5
5
5
5
5
5
5
5
5
5
5
5
5
5
5
5
5
5
5
5
5
5
5
5
5
5
5
5
5
5
5
5
5
5
5
5
5
5
5
5
5
5
5
5
5
5
5
5
5
5
5
5
5
5
5
5
5
5
5
5
5
5
5
5
5
5
5
5
5
5
5
5
5
5
5
5
5
5
5
5
5
5
5
5
5
5
5
5
5
5
5
5
5
5
5
5
5
5
5
5
5
5
5
5
5
5
5
5
5
5
5
5
5
5
5
5
5
5
5
5
5
5
5
5
5
5
5
5
5
5
5
5
5
5
5
5
5
5
5
5
5
5
5
5
5
5
5
5
5
5
5
5
5
5
5
5
5
5
5
5
5
5
5
5
5
5
5
5
5
5
5
5
5
5
5
5
5
5
5
5
5
5
5
5
5
5
5
5
5
5
5
5
5
5
5
5
5
5
5
5
5
5
5
5
5
5
5
5
5
5
5
5
5
5
5
5
5
5
5
5
5
5
5
5
5
5
5
5
5
5
5
5
5
5
5
5
5
5
5
5
5
5
5
5
5
5
5
5
5
5
5
5
5
5
5
5
5
5
5
5
5
5
5
5
5
5
5
5
5
5
5
5
5
5
5
5
5
5
5
5
5
5
5
5
5
5
5
5
5
5
5
5
5
5
5
5
5
5
5
5
5
5
5
5
5
5
5
5
5
5
5
5
5
5
5
5
5
5
5
5
5
5
5
5
5
5
5
5
5
5
5
5
5
5
5
5
5
5
5
5
5
5
5
5
5
5
5
5
5
5
5
5
5
5
5
5
5
5
5
5
5
5
5
5
5
5
5
5
5
5
5
5
5
5
5
5
5
5
5
5
5
5
5
5
5
5
5
5
5
5
5
5
5
5
5
5
5
5
5
5
5
5
5
5
5
5
5
5
5
5
5
5
5
5
5
5
5
5
5
5
5
5
5
5
5
5
5
5
5
5
5
5
5
5
5
5
5
5
5
5
5
5
5
5
5
5
5
5
5
5
5
5
5
5
5
5
5
5
5
5
5
5
5
5
5
5
5
5
5
5
5
5
5
5
5
5
5
5
5
5
5
5
5
5
5
5
5
5
5
5
5
5
5
5
5
5
5
5
5
5
5
5
5
5
5
5
5
5
5
5
5
5
5
5
5
5
5
5
5
5
5
5
5
5
5
5
5
5
5
5
5
5
5
5
5
5
5
5
5
5
5
5
5
5
5
5
5
5
5
5
5
5
5
5
5
5
5
5
5
5
5
5
5
5
5
5
5
5
5
5
5
5
5
5
5
5
5
5
5
5
5
5
5
5
5
5
5
5
5
5
5
5
5
5
5
5
5
5
5
5
5
5
5
5
5
5
5
5
5
5
5
5
5
5
5
5
5
5
5
5
5
5
5
5
5
5
5
5
5
5
5
5
5
5
5
5
5
5
5
5
5
5
5
5
5
5
5
5
5
5
5
5
5
5
5
5
5
5
5
5
5
5
5
5
5
5
5
5
5
5
5
5
5
5
5
5
5
5
5
5
5
5
5
5
5
5
5
5
5
5
5
5
5
5
5
5
5
5
5
5
5
5
5
5
5
5
5
5
5
5
5
5
5
5
5
5
5
5
5
5
5
5
5
5
5
5
5
5
5
5
5
5
5
5
5
5
5
5
5
5
5
5
5
5
5
5
5
5
5
5
5
5
5
5
5
5
5
5
5
5
5
5
5
5
5
5
5
5
5
5
5
5
5
5
5
5
5
5
5
5
5
5
5
5
5
5
5
5
5
5
5
5
5
5
5
5
5
5
5
5
5
5
5
5
5
5
5
5
5
5
5
5
5
5
5
5
5
5
5
5
5
5
5
5
5
5
5
5
5
5
5
5
5
5
5
5
5
5
5
5
5
5
5
5
5
5
5
5
5
5
5
5
5
5
5
5
5
5
5
5
5
5
5
5
5
5
5
5
5
5
5
5
5
5
5
5
5
5
5
5
5
5
5
5
5
5
5
5
5
5
5
5
5
5
5
5
5
5
5
5
5
5
5
5
5
5
5
5
5
5
5
5
5
5
5
5
5
5
5
5
5
5
5
5
5
5
5
5
5
5
5
5
5
5
5
5
5
5
5
5
5
5
5
5
5
5
5
5
5
5
5
5
5
5
5
5
5
5
5
5
5
5
5
5
5
5
5
5
5
5
5
5
5
5
5
5
5
5
5
5
5
5
5
5
5
5
5
5
5
5
5
5
5
5
5
5
5
5
5
5
5
5
5
5
5
5
5
5
5
5
5
5
5
5
5
5
5
5
5
5
5
5
5
5
5
5
5
5
5
5
5
5
5
5
5
5
5
5
5
5
5
5
5
5
5
5
5
5
5
5
5
5
5
5
5
5
5
5
5
5
5
5
5
5
5
5
5
5
5
5
5
5
5
5
5
5
5
5
5
5
5
5
5
5
5
5
5
5
5
5
5
5
5
5
5
5
5
5
5
5
5
5
5
5
5
5
5
5
5
5
5
5
5
5
5
5
5
5
5
5
5
5
5
5
5
5
5
5
5
5
5
5
5
5
5
5
5
5
5
5
5
5
5
5
5
5
5
5
5
5
5
5
5
5
5
5
5
5
5
5
5
5
5
5
5
5
5
5
5
5
5
5
5
5
5
5
5
5
5
5
5
5
5
5
5
5
5
5
5
5
5
5
5
5
5
5
5
5
5
5
5
5
5
5
5
5
5
5
5
5
5
5
5
5
5
5
5
5
5
5
5
5
5
5
5
5
5
5
5
5
5
5
5
5
5
5
5
5
5
5
5
5
5
5
5
5
5
5
5
5
5
5
5
5
5
5
5
5
5
5
5
5
5
5
5
5
5
5
5
5
5
5
5
5
5
5
5
5
5
5
5
5
5
5
5
5
5
5
5
5
5
5
5
5
5
5
5
5
5
5
5
5
5
5
5
5
5
5
5
5
5
5
5
5
5
5
5
5
5
5
5
5
5
5
5
5
5
5
5
5
5
5
5
5
5
5
5
5
5
5
5
5
5
5
5
5
5
5
5
5
5
5
5
5
5
5
5
5
5
5
5
5
5
5
5
5
5
5
5
5
5
5
5
5
5
5
5
5
5
5
5
5
5
5
5
5
5
5
5
5
5
5
5
5
5
5
5
5
5
5
5
5
5
5
5
5
5
5
5
5
5
5
5
5
5
5
5
5
5
5
5
5
5
5
5
5
5
5
5
5
5
5
5
5
5
5
5
5
5
5
5
5
5
5
5
5
5
5
5
5
5
5
5
5
5
5
5
5
5
5
5
5
5
5
5
5
5
5
5
5
5
5
5
5
5
5
5
5
5
5
5
5
5
5
5
5
5
5
5
5
5
5
5
5
5
5
5
5
5
5
5
5
5
5
5
5
5
5
5
5
5
5
5
5
5
5
5
5
5
5
5
5
5
5
5
5
5
5
5
5
5
5
5
5
5
5
5
5
5
5
5
5
5
5
5
5
5
5
5
5
5
5
5
5
5
5
5
5
5
5
5
5
5
5
5
5
5
5
5
5
5
5
5
5
5
5
5
5
5
5
5
5
5
5
5
5
5
5
5
5
5
5
5
5
5
5
5
5
5
5
5
5
5
5
5
5
5
5
5
5
5
5
5
5
5
5
5
5
5
5
5
5
5
5
5
5
5
5
5
5
5
5
5
5
5
5
5
5
5
5
5
5
5
5
5
5
5
5
5
5
5
5
5
5
5
5
5
5
5
5
5
5
5
5
5
5
5
5
5
5
5
5
5
5
5
5
CELL_DATA 3820
SCALARS density double 1
LOOKUP_TABLE default
1.00040114787813139e+00
1.00045107786074139e+00
9.99603253085161847e-01
1.00585213449343880e+00
1.00012963507988495e+00
1.00367729990172916e+00
1.00225045256745782e+00
9.98343317278742481e-01
1.00504873845622500e+00
9.99566986625142762e-01
9.99356359202101752e-01
9.91191672275185232e-01
1.00364832080850008e+00
1.00059412686976668e+00
1.00184724347234333e+00
9.97105800955826571e-01
9.95447703715950927e-01
1.00357878082782093e+00
9.99925508846999489e-01
9.98501009849234289e-01
9.89643919871771027e-01
9.96488986362238149e-01
1.00299001075853456e+00
9.92321413257093776e-01
9.99018797143140014e-01
1.00445494542001268e+00
9.91363230472292911e-01
9.99441096760933734e-01
1.01256289922007836e+00
1.00151586971019602e+00
1.00134690695337047e+00
1.01449688218926437e+00
9.42135441479632907e-01
9.92779641159259763e-01
1.00529885483340053e+00
1.00339311217891192e+00
9.97848951281758101e-01
9.97903309672928285e-01
9.63180043351494986e-01
1.01254844199673744e+00
9.97180275469195521e-01
9.98619893610590670e-01
1.00927352789518721e+00
9.57205637503085960e-01
9.96164783499126516e-01
8.95015067999770375e-01
1.00022500953136828e+00
9.99722177001141854e-01
1.00613844603780245e+00
9.99587188881815636e-01
9.99365368774055574e-01
1.00376470468454637e+00
9.98785803784412840e-01
1.00234188802806767e+00
1.00366371048987824e+00
9.43270780941515286e-01
9.03829786711066840e-01
9.74402504382145374e-01
9.97010213658120925e-01
1.00386298618828484e+00
1.00366227117090223e+00
1.00399597446930122e+00
1.00130664144004422e+00
1.00965589204315798e+00
1.00426560262146047e+00
9.98535761339011230e-01
9.98556847829302985e-01
9.99524596263182352e-01
9.60900211899427203e-01
9.99825831081324057e-01
9.98171131738787132e-01
1.00149901344250969e+00
9.93020107313104416e-01
9.87612427716257124e-01
1.00406461837632088e+00
9.99423231596917594e-01
1.00051037464842008e+00
1.00275992785741108e+00
1.00460663306398645e+00
9.99312181195563420e-01
9.98659870325151244e-01
1.00321656160293959e+00
1.00364962525095613e+00
1.00051034635402791e+00
1.00142967399855132e+00
1.00000860734441899e+00
9.98801948497992975e-01
9.61058227604298043e-01
9.97124142973074501e-01
1.02915533513587043e+00
1.01012445610745938e+00
9.97528718411915816e-01
9.99634613984054177e-01
9.69566935219587811e-01
9.98312337429227981e-01
9.94404819903983772e-01
9.97410342091905822e-01
1.00267160168772729e+00
1.00488011273529843e+00
9.88381158973234419e-01
9.99432918839790796e-01
1.00183317461269006e+00
9.94274898993459222e-01
1.00725884186274928e+00
1.01445527355618825e+00
1.00054682638920478e+00
1.00004996495967058e+00
9.99368390108819837e-01
1.00446919163794313e+00
1.00103857035542965e+00
9.98513888992029197e-01
1.01177252500195891e+00
1.00017729897730567e+00
1.00008946787006026e+00
1.00146146082375287e+00
9.99632405205614472e-01
9.87378670974281669e-01
1.00113526324059809e+00
9.99411231234527797e-01
1.00047702211727629e+00
1.00129337799516671e+00
9.90815678309595604e-01
1.00393355096864711e+00
1.00026176012486534e+00
1.00061436362168976e+00
9.97323084640532098e-01
9.92996867347025747e-01
1.02864423812921557e+00
9.94786270001669526e-01
1.00439167283119168e+00
9.99361699763997136e-01
9.98115681526151488e-01
9.99738150560446015e-01
9.72488428171093489e-01
1.00097036056176147e+00
1.00386518591550145e+00
9.96835086292110373e-01
9.97322333500338942e-01
9.87098155366833652e-01
1.00140887136667645e+00
1.00186498015254388e+00
9.70654431481890234e-01
9.97225201356433555e-01
9.98128295158971279e-01
9.99707914675938669e-01
9.99448062188577180e-01
1.00523932584951825e+00
1.00288048327495249e+00
9.82841199172059365e-01
9.88247441100985169e-01
1.00037729070119252e+00
9.91579547377838488e-01
9.87688068274962694e-01
1.00046577264417791e+00
1.00762767267399456e+00
9.92379074246402149e-01
9.97217597881841944e-01
1.00003479278231455e+00
9.93295165626162602e-01
1.00037999617671725e+00
1.00164651468835508e+00
9.93552217052065534e-01
1.00313235199805595e+00
1.00076782192784575e+00
1.00447275730110608e+00
9.72900439809604722e-01
9.97723648366748650e-01
9.99754968143038547e-01
8.83586748530410082e-01
9.68074282746089199e-01
1.01175495639015689e+00
9.98279019707233206e-01
1.00098924657583255e+00
1.00369969326315633e+00
1.00235918978920147e+00
1.00003683479561989e+00
9.61160722802951173e-01
9.99533440625268055e-01
1.00373583139235723e+00
9.68024185745128052e-01
9.02575342936456027e-01
9.67817701633356897e-01
9.99441048038119617e-01
1.00525537520075647e+00
9.94524738958407983e-01
9.99397658765433849e-01
9.99349818302362580e-01
9.98173143064327917e-01
9.95556736074278192e-01
1.00430749804057995e+00
9.99180199338776776e-01
1.00127982520485004e+00
9.99380694872847863e-01
9.98413737394071910e-01
9.97101345801504224e-01
9.99474875812020547e-01
9.95849008248695933e-01
9.97857701695460952e-01
1.00382647119078672e+00
1.00256594477680050e+00
1.00191692012681210e+00
1.00389082093557325e+00
9.64670806834490802e-01
1.00317689671858923e+00
9.99033307854427344e-01
9.99523111156435662e-01
1.00258003837471210e+00
9.47690685212622896e-01
1.00268949459314438e+00
9.91771573665221173e-01
9.98400724091676683e-01
9.97802039618205461e-01
9.95757537984109931e-01
9.64125159039788460e-01
1.00340717310228511e+00
1.00451395672940258e+00
9.94719603807689423e-01
9.08200652812147791e-01
9.93707404284234319e-01
1.00156603841614444e+00
9.92536997458098647e-01
1.00236792927634011e+00
9.99137587900755242e-01
9.99130114171665085e-01
1.01027450119851281e+00
9.98926687297268634e-01
9.98988652769473240e-01
9.52704688347119633e-01
9.66126450733082787e-01
1.00410837940135522e+00
9.96504955418987870e-01
9.87279775316292185e-01
9.95365556516372374e-01
9.92611448611336211e-01
9.98118847982815138e-01
1.00523111935700160e+00
1.00367858552498035e+00
1.00730591521996748e+00
8.76856031098904531e-01
9.99718597132676856e-01
1.01485483816333377e+00
1.00933817690742345e+00
9.93296453403889834e-01
9.99201301900025207e-01
9.99641174786253361e-01
1.00405883122047523e+00
9.96217895515391194e-01
1.00891763943155577e+00
1.00018039500039735e+00
9.92548377975483120e-01
1.00131683837900431e+00
9.95966816540692634e-01
9.97234293793532456e-01
9.99648795705206705e-01
9.96980280670998087e-01
9.98476122948549816e-01
1.00139189959064479e+00
1.00048042241800639e+00
1.00008491500553953e+00
1.01650091821549160e+00
9.94223660356158723e-01
1.00009410149712452e+00
9.97243792969533915e-01
1.00032776141546687e+00
9.95415544456739076e-01
9.99806517147124985e-01
9.83986730857376535e-01
9.82105131937377029e-01
1.00113967599584419e+00
1.00272947068469342e+00
9.95795165152187023e-01
1.00320671342013812e+00
9.94661821517163425e-01
9.99260619726150545e-01
1.00122062102876708e+00
9.97393040562273847e-01
1.00611709827519547e+00
9.83549223228440628e-01
9.89032865359435687e-01
9.91678512994442540e-01
1.00453621091917578e+00
9.83208227493487796e-01
9.98828434492970874e-01
9.92248288217379315e-01
9.98895183507154005e-01
1.00056180904932090e+00
1.02525809758421271e+00
9.99742902269124767e-01
9.56611859971136180e-01
9.98782841680404099e-01
1.00015963196670632e+00
9.99564566829777124e-01
9.99616814883207194e-01
9.99066989060225730e-01
1.00181578817981998e+00
9.92769291863285441e-01
9.99551494202368773e-01
1.00305311896837424e+00
9.70502094573700069e-01
9.94371262640402986e-01
9.76648939662283944e-01
9.98599144557986484e-01
9.96548752384133096e-01
1.00038286961047596e+00
9.99553130889298092e-01
9.99779205318785058e-01
9.97860504324408426e-01
9.93200539250429282e-01
1.00091273885993770e+00
9.95022617553074307e-01
1.01201182157264657e+00
1.00277214286066507e+00
9.71110221909993632e-01
1.00410904010093782e+00
9.49185390684007535e-01
9.23890792137726846e-01
9.99211675921995668e-01
9.81239621684744878e-01
1.00204713085791175e+00
1.00055118232217044e+00
1.01255656620768741e+00
1.01990583740095464e+00
1.00175688507564487e+00
1.00033155762764170e+00
1.00215100393345558e+00
9.68361866409639838e-01
1.00970538942176336e+00
9.95639194298421515e-01
9.99555197000651763e-01
1.00044961891128081e+00
8.92976231154424038e-01
9.99646642384373063e-01
1.00734798924243441e+00
9.97146418030153248e-01
1.00375239959656049e+00
9.75717054651914939e-01
1.00072658155917660e+00
9.99566891828814197e-01
1.00019578798059694e+00
1.00582030394855537e+00
9.99578978217990577e-01
1.00069010182548057e+00
9.96892673218514269e-01
1.00141973934588258e+00
9.97555262795005837e-01
1.01221207554759518e+00
9.99585508713296100e-01
9.99316822038769148e-01
1.00000575941293346e+00
9.93246217885288774e-01
9.99981095906077866e-01
9.93539153675967457e-01
9.96958133568137006e-01
1.01428711033833618e+00
9.99747041421149563e-01
9.84421475617793140e-01
1.00088772416371086e+00
9.84794587200973015e-01
1.00064120445723637e+00
1.00113866317504319e+00
9.81060731449295731e-01
1.01735294365629825e+00
9.99452509336183903e-01
8.84293957694199162e-01
9.51349161652096931e-01
1.00343564050727130e+00
1.00435391709366773e+00
9.97703255167157299e-01
9.93034589149654368e-01
9.97644272513433794e-01
1.02443424339773315e+00
9.99784557378609939e-01
9.97996608862727674e-01
9.97795861014438734e-01
9.64865650150855569e-01
1.00500003104883961e+00
1.00068974051400450e+00
9.98059427946086042e-01
9.61423406594094976e-01
1.00078380369974340e+00
9.98620646536785173e-01
1.00054255753506660e+00
9.91328763167737104e-01
9.99671938349527722e-01
9.74078625415670696e-01
1.00176622616488631e+00
1.00041823860443113e+00
1.00388954936511876e+00
9.99551933805502890e-01
9.98928796696629262e-01
1.00423118338142747e+00
9.95907271213007372e-01
9.67513951269427297e-01
9.29332730838336118e-01
9.86856353424177990e-01
1.00136754257934246e+00
9.99955521415402115e-01
9.98923006925981793e-01
9.91447890438727386e-01
1.00182482573121168e+00
1.00010382563212308e+00
1.02141596911232790e+00
1.00395269232769535e+00
1.00673869387813353e+00
1.00084325586697931e+00
9.99737661328728211e-01
9.99299152861801931e-01
9.99637044957551346e-01
9.99000861398815498e-01
1.00077929327232651e+00
9.98629744479883508e-01
1.00006679724844405e+00
1.00108303963327483e+00
9.93699628609613472e-01
1.00026586433917486e+00
1.00206066345680433e+00
1.00054179785603115e+00
1.00010708787386893e+00
9.99914827190660160e-01
9.98704459601109984e-01
9.98842990585132706e-01
1.00011798786827932e+00
1.00034613226086799e+00
1.00297990137468540e+00
9.96349941607947098e-01
1.00051494642811267e+00
9.85127501157820884e-01
1.00026287990555840e+00
1.00010139602714920e+00
9.39247937409491196e-01
9.80581995546799257e-01
9.93995297669186817e-01
1.00014692660839422e+00
1.00930398682721401e+00
1.00234168072969165e+00
1.01162472683175353e+00
9.87915459891691827e-01
9.82894958455808432e-01
9.97727216852338783e-01
9.98280929614914436e-01
1.00096853919052564e+00
1.00480574831090497e+00
9.99261247801863983e-01
1.00078136311260102e+00
1.00533368922244049e+00
9.84429411655571629e-01
9.76332144626890441e-01
1.00074340925697647e+00
1.00394876802363697e+00
9.99468885263125606e-01
1.00082207133176793e+00
9.97854162017692281e-01
1.00123275060990657e+00
9.97706952967904348e-01
1.00651668798021521e+00
9.98946381857983456e-01
9.99281761332649343e-01
1.01130476844749762e+00
1.00225029776969277e+00
1.00086420989644131e+00
1.00078994446081038e+00
1.00049778157258529e+00
9.94549782816357419e-01
1.00972996309453866e+00
9.81291906484685006e-01
9.95720265221408551e-01
1.00184860584441604e+00
1.00046401590911826e+00
1.00408367625068662e+00
9.86251959298639735e-01
9.97448537414795666e-01
9.98574638854231700e-01
1.00405840110607802e+00
1.00039721795015035e+00
1.00076941733638280e+00
1.00145069078537063e+00
1.00183595848375484e+00
1.00002977870587517e+00
9.99553135411621718e-01
9.99513581810069218e-01
9.98088554494470870e-01
1.00927723336434383e+00
9.99970304495569784e-01
1.00344675057312105e+00
1.00092036436752752e+00
9.91431985299044860e-01
9.97697000633108622e-01
1.00153183676735780e+00
1.00113740858244915e+00
9.79625265883464325e-01
9.99383872345736446e-01
1.00972733923148428e+00
9.99274427266619747e-01
1.00317228361129751e+00
1.00000871555675985e+00
9.62505308175730101e-01
9.59505490989707166e-01
9.94257785530940796e-01
9.98790740262591181e-01
1.00285614663622535e+00
9.97894416215981961e-01
9.98506524779370519e-01
9.99189789675306694e-01
9.93542780291640781e-01
9.99529987350395221e-01
1.01236261531260707e+00
1.00016923829645954e+00
1.00080526951617976e+00
9.99994322887370113e-01
9.99548375793107735e-01
9.93604799389364191e-01
9.97979656562795081e-01
1.00100512184867196e+00
9.76857288852811534e-01
9.98958069109003310e-01
9.98228649445311866e-01
1.00527711922113294e+00
9.97407443448768305e-01
9.99892297519901163e-01
9.72502068940633291e-01
9.90729567960865087e-01
1.00328649248016522e+00
9.70052304592616377e-01
9.91520304194730251e-01
1.00029011423946890e+00
9.87870880896338455e-01
1.00484422402310614e+00
1.01438442212798585e+00
9.84881800494311732e-01
9.75714200856129255e-01
9.73486739050294259e-01
1.00163196367265672e+00
9.81989580879962132e-01
9.97996162337348669e-01
9.98239224463075892e-01
1.00029564395789516e+00
9.77188536849979972e-01
9.98707522468445297e-01
9.98638924102775105e-01
1.00663323911791602e+00
9.99929522291192030e-01
9.99883196926102946e-01
1.00497131060384559e+00
9.99463044310231141e-01
9.87689697774679520e-01
9.71473918989939622e-01
1.00034666032145503e+00
1.00373533347186572e+00
1.01678232987972494e+00
1.00025891995503136e+00
1.00008023701496684e+00
1.00261671317847867e+00
1.00028888852480335e+00
1.00410205477157377e+00
1.00025637660138011e+00
1.00235610631689309e+00
1.00653219833933805e+00
9.99600871857084905e-01
1.00019035483868679e+00
9.92502988406151698e-01
9.64576686519984960e-01
1.00063009670303815e+00
9.90899852903020850e-01
1.00396352201744099e+00
8.85726895912120504e-01
1.00137484863353876e+00
1.00240618307345430e+00
9.99745584111256025e-01
1.00366397809596819e+00
1.00285767724182784e+00
1.00357835808446816e+00
1.00041750256928386e+00
1.00015719040761009e+00
1.00104199917213332e+00
9.98996457149786798e-01
9.88760834606629890e-01
9.75575221117534253e-01
1.00155817562781446e+00
1.00287780426961382e+00
9.71827536554784155e-01
1.00240247152541939e+00
9.99665736031132401e-01
9.77380724161382664e-01
9.88131877658616653e-01
1.00466186428243209e+00
9.99632724416945617e-01
9.92763956840021944e-01
1.01051274778974309e+00
9.56350393186596315e-01
9.85000929934547576e-01
9.98854491208787110e-01
9.99450870394285262e-01
9.19076519938849534e-01
1.00520232391879660e+00
9.97376163038176111e-01
9.70811173816155670e-01
9.99441421912109940e-01
1.00031709552109138e+00
9.99781844212048521e-01
1.00006588115184725e+00
1.00043138756335415e+00
9.97995762170536982e-01
9.99843790732402704e-01
9.88413814108944133e-01
1.01289855884055102e+00
9.99512209553690356e-01
9.85463413346879591e-01
1.01594186649114060e+00
9.99531761899611237e-01
1.00064753168650911e+00
9.98857085516286047e-01
9.99650342442610640e-01
9.98518200853029669e-01
1.00867502911706874e+00
1.00060782976323259e+00
1.00011066095863055e+00
9.97216212825003057e-01
1.00083639204184416e+00
1.00500016750482257e+00
9.69864668607993696e-01
1.00396814358813224e+00
1.00002310247785320e+00
9.67634921780529900e-01
1.00108565970394836e+00
9.92851769826139319e-01
9.82222131495754658e-01
9.89914267340413101e-01
9.99677723349853609e-01
9.80228369344555484e-01
9.99898007801917288e-01
1.00055754972043576e+00
9.88730917262402809e-01
1.00187187689534163e+00
9.99690196795496422e-01
1.00893216228142979e+00
1.02408879327180125e+00
1.00521377749621665e+00
9.97632643604726366e-01
1.00389016594767133e+00
9.82590007975999380e-01
9.99688373247735407e-01
9.98711643777604352e-01
9.99830122729567505e-01
9.65211720267285189e-01
9.96201010100877915e-01
9.95274498765979287e-01
1.00312246828441487e+00
9.05222048213918939e-01
9.42435787112662626e-01
9.72907114874038914e-01
1.00791892643856973e+00
9.65239304248906138e-01
9.99274837266253657e-01
1.00308399298362794e+00
9.99634474939815498e-01
1.00088396232431553e+00
1.02895986540273054e+00
1.00080536184759250e+00
1.00071143260795803e+00
1.00018111749780481e+00
1.00088873152185776e+00
9.75896394293736757e-01
1.00037938074133437e+00
1.00337193345109732e+00
1.00345571543552570e+00
1.00186276688914444e+00
9.97790400746419115e-01
9.99116227430719039e-01
1.00449476897248036e+00
1.00061568882133556e+00
9.92141981193527589e-01
1.00077309771416290e+00
9.97241471047685013e-01
1.00095933853214425e+00
1.00045638154058492e+00
9.99263138116179950e-01
1.00156279145152460e+00
9.99533574331980867e-01
9.92394574080657677e-01
1.02089109145619505e+00
1.00383297405292615e+00
1.00039626593641273e+00
1.00022030941185713e+00
9.87301376375659734e-01
9.77341427799593099e-01
9.82775708667178560e-01
1.00497226298645215e+00
1.00021566771467896e+00
1.00019113752477895e+00
9.56523980788443917e-01
9.83904779086026249e-01
9.06799500256848634e-01
1.00117786137872367e+00
1.00194106025541640e+00
1.00021410619754714e+00
9.96950233551524678e-01
1.00099522291135967e+00
1.00294995035703693e+00
9.93945172861822823e-01
9.99608519780352256e-01
9.99342506537201358e-01
9.99631843367745354e-01
9.99514477766017095e-01
9.96847489257469022e-01
9.97776924191198678e-01
9.97963988128670598e-01
9.62776524654448518e-01
9.99422588419721203e-01
9.99838264279647837e-01
9.99293327735755077e-01
9.96898815986507425e-01
1.00390423310853150e+00
1.00023506466279000e+00
1.00300750524126570e+00
9.77206049316511116e-01
9.98320095937579977e-01
9.82028973200546385e-01
9.68488012821444921e-01
9.99736745750850808e-01
1.00087489531325713e+00
9.92602115930903972e-01
9.99938339520650032e-01
1.00605679831550376e+00
1.02917167068433368e+00
9.97224681183613071e-01
9.95601963654203392e-01
1.00833029744232849e+00
9.49319731590492877e-01
1.00069988490438888e+00
1.00121192226658096e+00
9.96830514839909920e-01
1.00779687325000133e+00
1.00277817111391676e+00
9.80746209263661628e-01
1.01583533669050285e+00
1.00138503362976827e+00
9.60065699697472574e-01
9.99648757979535896e-01
1.00456047962090911e+00
9.98356367268724787e-01
1.00032829407931501e+00
9.26435773983786293e-01
1.02453912361143806e+00
1.00220464707949586e+00
1.00276891141674729e+00
1.00159421988021480e+00
9.98467889179744494e-01
9.96575812220476198e-01
1.00490714550274141e+00
1.00156666372330561e+00
1.00056084920479194e+00
9.64377856529929245e-01
1.00332387114883637e+00
9.62981790039729391e-01
1.00483024023504108e+00
9.64912457541359014e-01
9.94539263001785523e-01
9.99306471392208628e-01
1.00009740428931848e+00
9.98986027695609957e-01
9.84892999648963929e-01
9.99551321419290484e-01
1.00029544892043343e+00
1.01894405283270251e+00
9.99560401731257264e-01
9.99699340597897002e-01
1.00212306911225779e+00
1.00228393999168919e+00
1.00012824297106651e+00
1.00163992777138433e+00
1.00324944440478347e+00
9.98903082657397023e-01
9.62579324462346175e-01
1.00039465135188377e+00
1.00085915459466657e+00
1.00317237984954555e+00
9.99272731044643869e-01
9.99405690722214413e-01
9.79755439534150563e-01
1.02367404926898709e+00
9.99572983831943707e-01
1.01066839959325283e+00
1.00543505531458877e+00
1.00099551097868389e+00
1.00003128017563570e+00
9.93676803648891105e-01
9.75369144533459687e-01
1.00005229030541676e+00
9.98573133543784408e-01
1.00009431324844167e+00
9.88932631421647446e-01
9.98997186633627576e-01
9.99542755723029641e-01
9.91757746170942367e-01
1.00037636238086880e+00
1.00043135458876575e+00
9.97001925697760027e-01
9.80318315822698905e-01
9.97058980098300518e-01
9.99482841393530941e-01
1.00084778152726805e+00
9.97966836445843053e-01
9.78375322172989281e-01
9.67726386845365716e-01
1.00186967400688132e+00
9.97448858494238366e-01
9.88275463314818525e-01
1.00197692952701489e+00
9.86928086652251735e-01
9.97839859577438149e-01
9.99673608393242152e-01
1.00378452432737264e+00
9.98263655669712535e-01
9.98399207616412987e-01
9.98937639288604462e-01
9.98605134450158527e-01
9.02392592547508809e-01
9.81581049704204900e-01
1.00006372409138611e+00
9.85670141940101385e-01
1.00196169229111365e+00
9.99873078650852842e-01
9.97769006264911829e-01
1.00094593899413598e+00
9.32054056458956670e-01
1.00011256359270218e+00
9.99524502617895716e-01
9.99708165076757416e-01
9.96932747658758500e-01
9.93329322609672771e-01
9.89681161679476840e-01
1.00923409924568608e+00
9.95344075258070338e-01
1.00285188423965099e+00
1.00088844864570325e+00
1.00599893032228405e+00
9.99594337213105200e-01
9.99922552510166374e-01
1.00258742056532002e+00
9.98651533011940429e-01
9.99879989490796595e-01
1.00219615568049858e+00
1.00389306299820480e+00
1.00005879369658146e+00
8.85341553509889745e-01
9.98395172484133897e-01
1.00763814953791164e+00
9.94354068633891641e-01
9.99558087311055554e-01
1.00304428122937628e+00
1.00489342941651971e+00
9.90299928927338868e-01
1.00380936107302787e+00
9.92666227842402660e-01
1.00114949993356994e+00
9.98913295096256038e-01
9.91906055548074650e-01
9.78386908147806822e-01
9.92391773742297034e-01
9.99605232443239289e-01
1.00053192713393369e+00
9.31555077071052895e-01
9.32084873325240149e-01
1.00225091793216348e+00
1.00027181018486910e+00
9.69512345531516329e-01
1.01341885140590371e+00
1.00082111463377843e+00
1.00285205757459406e+00
9.99500377994220535e-01
9.98570857635820652e-01
1.00027759306495745e+00
9.99549256045474510e-01
9.54745716963674829e-01
9.98414588523967694e-01
1.00218975914894526e+00
1.00464492967707431e+00
9.87111689360990141e-01
1.00044259210497444e+00
9.86290113873367624e-01
1.00045319252302045e+00
1.00255137547267803e+00
9.90770643864533285e-01
1.00154344779928617e+00
1.00017133226282118e+00
1.01181365300940596e+00
9.97853095058584438e-01
9.93189787754800935e-01
9.97385965028778076e-01
1.00014155428350060e+00
9.99623314583798606e-01
9.87528796300610523e-01
1.00273015789501874e+00
9.75436005734813372e-01
9.99524358297922522e-01
9.97964610709106803e-01
1.00079954567956997e+00
9.99330207990757002e-01
1.03014453734702527e+00
1.00918705164196632e+00
9.77935599683118606e-01
1.00729122766170676e+00
9.90359854839770737e-01
1.00242362713184652e+00
1.01282984361773454e+00
1.00403645438052269e+00
1.01219550244076939e+00
1.00118373110917069e+00
1.01209384621411180e+00
1.00881316075394745e+00
9.95530348159496148e-01
1.00056454418420260e+00
1.00821747827006591e+00
1.00059569670279003e+00
1.00024560779503968e+00
1.00110964676077652e+00
1.00121524246389426e+00
1.00136443273019249e+00
9.98382525377637942e-01
1.02857794841612105e+00
1.02328644415559844e+00
9.91647869520805636e-01
9.57941498520838652e-01
1.00000467557712325e+00
1.00193016078506369e+00
9.99505333725405065e-01
1.00278983377906239e+00
9.42451378108888682e-01
9.99650142800271868e-01
1.00034646880008160e+00
9.76201962170635262e-01
1.02899791825528375e+00
9.09801934588713390e-01
9.90857750648688640e-01
9.95140700024456870e-01
9.93860713867847689e-01
1.01566909890203916e+00
9.60627245394697460e-01
9.99998640721955101e-01
1.00185067317811471e+00
9.99573809268204050e-01
9.99741302257928344e-01
9.98007113687464309e-01
1.00395241827121207e+00
9.99523858420548694e-01
1.00080734317809483e+00
1.02209055533508453e+00
9.57935859826883562e-01
9.99110035939376639e-01
9.98631504516996893e-01
9.74422677740816923e-01
9.50223433683655916e-01
9.99405883377594284e-01
9.91294596055729227e-01
1.02347565817439912e+00
1.00030064226539217e+00
9.96690533486298769e-01
9.37756365159017613e-01
1.01423949916780809e+00
9.44146607828490581e-01
1.00341501075915263e+00
1.00066545719106781e+00
9.99444669495197169e-01
1.00013944489895534e+00
9.98157791258663107e-01
9.99777600788277709e-01
9.99622012557069950e-01
9.96408252738803513e-01
9.90816302289425077e-01
1.00542322983897314e+00
1.00109533136063056e+00
1.00067387213087522e+00
9.99175546588666030e-01
1.00181843074532262e+00
9.39122969567672272e-01
9.74465759404194665e-01
9.67263634832909003e-01
1.00068094422051201e+00
9.99522775377858497e-01
1.00369847859560934e+00
9.99603428278778683e-01
9.86299721038540245e-01
9.95620776603031055e-01
9.57268622621186838e-01
9.96195363260694466e-01
1.00610338007922628e+00
9.66740589551787544e-01
9.99639122133559876e-01
9.77902827307042477e-01
1.00152960385983669e+00
1.00062661141497333e+00
1.00096290530041521e+00
1.00538028258898882e+00
9.64245074875066388e-01
1.00038006003110569e+00
1.00384429229117411e+00
1.00038805118845819e+00
9.99531651707837754e-01
9.99142361310151439e-01
1.00076224197663510e+00
1.00262394241475028e+00
9.98297837085355022e-01
9.93904288041675521e-01
1.00059967940022321e+00
9.99629708028017872e-01
9.94621165520668482e-01
1.00411950954924989e+00
9.96686449177253020e-01
9.97098427067462989e-01
1.00001629745987897e+00
9.99529726971890575e-01
9.93391948498182686e-01
9.87082189982535607e-01
1.00020937140144794e+00
9.95919174629387838e-01
1.01725390749032574e+00
1.00055321059342872e+00
9.99333669218624432e-01
9.99608670851073189e-01
9.99981086365085092e-01
1.02725258981656609e+00
9.86936202482706304e-01
9.97834768365125746e-01
9.91316947285287742e-01
9.84631514727323243e-01
1.00003633075710718e+00
9.99992796117038507e-01
1.00243282233776010e+00
9.90390784754848097e-01
9.92204721105062526e-01
1.00017149533042060e+00
9.98028034983621803e-01
1.00438045956629107e+00
1.00428946353622650e+00
9.67725976832790047e-01
9.99549789510585041e-01
9.98947529792890920e-01
1.00386609406151583e+00
1.00042622957032457e+00
1.00242233049451102e+00
9.99524265058331918e-01
1.00305442697386815e+00
1.00164523796353966e+00
1.00017438929448121e+00
1.01107616535936851e+00
1.00202972250589006e+00
1.00355876403910660e+00
9.78136688032357315e-01
1.00028887269048483e+00
9.47221656459763639e-01
9.99667742134995208e-01
9.99608227768052693e-01
9.89637557316150773e-01
9.97373532870682089e-01
1.00065468539095304e+00
9.93500146023605479e-01
9.99548496224654026e-01
9.96506585448037052e-01
1.00127354274359948e+00
1.00121124614069923e+00
9.97809998429407763e-01
1.00063035697310188e+00
1.00117766962637256e+00
1.02036718798293213e+00
9.78559118088609292e-01
1.00196303012242516e+00
1.00067448120632352e+00
1.00147720606025348e+00
9.97698167684951009e-01
9.99322784434628075e-01
9.99310059747719026e-01
1.00077823615416972e+00
1.00792618840189063e+00
9.99535520262323396e-01
1.00463523349071959e+00
9.96247303784040916e-01
9.99512947108742167e-01
9.82914941410080623e-01
9.99540332794415121e-01
9.97478060856381021e-01
9.79534167975112058e-01
1.01055971911719955e+00
8.85600369894417150e-01
1.00306103705973793e+00
1.00175680860154137e+00
9.14843411519451255e-01
1.01991657930833934e+00
1.00680935657519655e+00
9.99553016735100996e-01
1.00234046510006913e+00
9.99570505028447909e-01
9.93739887934156574e-01
9.96130379023222212e-01
1.00039679917971824e+00
9.96947443004525535e-01
9.92552757091975435e-01
1.00542330168106453e+00
1.00475277254963369e+00
1.00043247210107289e+00
9.97402195286155702e-01
9.99605059944018715e-01
9.91221717898966403e-01
9.99042154389663928e-01
9.90537372791558957e-01
9.92947072476473069e-01
1.00061328786210901e+00
9.94319647823150188e-01
9.99906960398243894e-01
9.99107869708985685e-01
1.00057187086023003e+00
1.02306016955548840e+00
1.00079575490405293e+00
1.00144463729380440e+00
9.99557168312455446e-01
9.94785909550104264e-01
9.99288206681916535e-01
1.00557247223700097e+00
9.98540889361984707e-01
1.00006672406242325e+00
9.99936962548954478e-01
1.00123774362849094e+00
9.76562501337658873e-01
1.01641435790076118e+00
9.97888480713967185e-01
1.00073987403017717e+00
9.95829181964985266e-01
1.00264159236751893e+00
1.00488990029599035e+00
9.66708048931376407e-01
9.99586156973351292e-01
1.00758650593316035e+00
1.00252291591594322e+00
1.00061573894631461e+00
9.58106999798299719e-01
9.54438981541345211e-01
9.99648446735931673e-01
9.99555364323361228e-01
1.01270471936667827e+00
1.00032832350446665e+00
9.99581189437924622e-01
9.99477405956748943e-01
9.75508715250556491e-01
9.80252239593099928e-01
1.01699998060019259e+00
1.00558398622473355e+00
1.00170727809473781e+00
1.00196181678671703e+00
9.93127633914064889e-01
1.00046468681034817e+00
1.00092416801993966e+00
9.96205617880496441e-01
1.00060228801391493e+00
1.00150375697455685e+00
9.75342762312312428e-01
1.00190822437079019e+00
9.56101660222319238e-01
1.01785536184364167e+00
9.98487274454900375e-01
9.99086079169305363e-01
9.99587191247218065e-01
9.99916822461976329e-01
9.93547917951853821e-01
1.00413674522493479e+00
1.00040500990961911e+00
9.95011311410891053e-01
9.84890465241947344e-01
1.00094510891036870e+00
1.02245822326666835e+00
9.99611172213360488e-01
9.98450802418629602e-01
1.00036949946622222e+00
1.00011465284522050e+00
9.99527906955692602e-01
9.44563156295912254e-01
1.00189598460348761e+00
1.00002223916012545e+00
1.00407661904011181e+00
1.00188052803179861e+00
9.99532693802965055e-01
9.99907941736763117e-01
1.00357724408338389e+00
1.01951247926750366e+00
9.99880828520822384e-01
9.56922230006875596e-01
9.99995589117025685e-01
9.99549990878254913e-01
9.92017019498705466e-01
1.00262383138094324e+00
1.00226088226246901e+00
1.02089006036837282e+00
9.98281454210499630e-01
9.90923297166250605e-01
9.86801979128482110e-01
9.50525348146049276e-01
9.95062609417891486e-01
1.02683041476943426e+00
8.78791307636812569e-01
1.00033053902800706e+00
1.00034539693427549e+00
1.00061691280786835e+00
9.93808953710278886e-01
1.02979416550233949e+00
9.91515823140884711e-01
9.77006377836976192e-01
1.00056247014638222e+00
1.00152765800695143e+00
9.98703734289262735e-01
9.89864210615868045e-01
9.80092948846491563e-01
1.00164319109553701e+00
9.44612670688286582e-01
9.99611316755737334e-01
9.98882061143734568e-01
1.00018715908456390e+00
1.01768315758524697e+00
9.78854765566706808e-01
9.18259830342481931e-01
9.96513834576192692e-01
9.88013762771355997e-01
9.99366422841880264e-01
1.02593089336452059e+00
1.00133483857946604e+00
9.96024727894178064e-01
1.00201375901348078e+00
9.96410608478645043e-01
9.97939495633333618e-01
9.91096556551136487e-01
1.00428625199589661e+00
1.00500664725794153e+00
9.99604472805051492e-01
9.99537118573379124e-01
1.00418960384495892e+00
1.00448501058877548e+00
1.00206256271167504e+00
1.00059677526933544e+00
1.00162953375497166e+00
1.00060339267562082e+00
1.00067537349597968e+00
1.00070799471380556e+00
1.00068217049090924e+00
9.99806006057952223e-01
9.99712708413347695e-01
9.99779719421480251e-01
1.01382679787608820e+00
9.62455260841663107e-01
9.79754493492489109e-01
1.00157802857134981e+00
1.01833307542711360e+00
1.00201758372893801e+00
1.02056181796807910e+00
1.00033419266457768e+00
1.00477340787156288e+00
9.97590231718220588e-01
9.99288384922405903e-01
1.00044974735995051e+00
9.98973248555794169e-01
1.01315660149584796e+00
9.41255922068521711e-01
9.47834410552533702e-01
9.99549429592613725e-01
1.00170662929371823e+00
1.00033772479334049e+00
9.67914287088848857e-01
1.00113972672802931e+00
9.99587026983203564e-01
1.00063826122967892e+00
9.99541646377483883e-01
9.96538378927047774e-01
1.00328523705155770e+00
9.82042146396705173e-01
9.66397639618359894e-01
9.96684827752691072e-01
9.77549742570611446e-01
9.96663756757870445e-01
9.92576266931257778e-01
1.00011766677565661e+00
9.62834608012445248e-01
1.00192356295978313e+00
1.00252962237528287e+00
9.97971626774694309e-01
1.00092868361975929e+00
9.99123416146056265e-01
9.99821012775855111e-01
9.47736360315661219e-01
1.00452978692886408e+00
9.99527999212478813e-01
1.01550486939892903e+00
9.37105204586461960e-01
9.99644465897259971e-01
9.59413802861565523e-01
9.35147911908649543e-01
9.96308094490619411e-01
9.98795965780106210e-01
9.98309555972769158e-01
9.93182992433039868e-01
9.98989790936267941e-01
9.99637641413765432e-01
9.97356382002288155e-01
1.00093063909588431e+00
1.00007909665144790e+00
1.00252011109839856e+00
9.99500532612035752e-01
1.00124930792495581e+00
1.00052190435044164e+00
1.00460335584163540e+00
9.72654655481074659e-01
9.99564539420444431e-01
9.99021797536087774e-01
1.00171222339508592e+00
9.97761044813501474e-01
1.00184009499913951e+00
9.97353610159640858e-01
9.93823215821298511e-01
1.00012940747049028e+00
9.99631625335299923e-01
9.99558370250292927e-01
1.00414846833739957e+00
9.26987404430748674e-01
9.69508650740979028e-01
9.96356246723236194e-01
1.00078478065795440e+00
9.61954406830809572e-01
9.83353218926835027e-01
1.00086762609954172e+00
9.99991222308841188e-01
1.00213159457920709e+00
9.98933270449495758e-01
9.86389897787462777e-01
9.99474448450796693e-01
1.00441853735434194e+00
1.00459983575442235e+00
9.71471730343075213e-01
9.76515680899126881e-01
1.00291703660384135e+00
9.87270983303485505e-01
9.97361707186444457e-01
9.44500286285281709e-01
9.99570763249600591e-01
9.47712104507967612e-01
9.99627768153889429e-01
1.01924895188165565e+00
9.93416122332411611e-01
9.99733870870181507e-01
1.00254934535425910e+00
1.00180874488062344e+00
1.00485947001372433e+00
1.00020208461964044e+00
9.90416282917710777e-01
1.00377521977368334e+00
9.98883881476519964e-01
1.02858150490476441e+00
9.99674455951004348e-01
1.00251489046032183e+00
9.99582411424079220e-01
8.72875622536327778e-01
9.98894089496766835e-01
1.00159218394765004e+00
9.99711492479824937e-01
9.97247159927818316e-01
9.91081416582772934e-01
9.97034185465608291e-01
1.00312854571145404e+00
9.99563049404563753e-01
9.98079697175385250e-01
9.98011478025015220e-01
9.96114688667384063e-01
1.00202244802864082e+00
9.96422083591152363e-01
9.85740339112187169e-01
9.73088534824861351e-01
1.00018421506053445e+00
9.99110134219722279e-01
9.20468477281429109e-01
9.96771412024671122e-01
9.96551129011094772e-01
1.00012771185516769e+00
9.99915597582456739e-01
9.88567447495751872e-01
1.00152655831382331e+00
1.01020246152681170e+00
9.96653091342548536e-01
9.97385759722831611e-01
1.00943457137021864e+00
9.82433515842540905e-01
9.99723716386454075e-01
1.01790269369655140e+00
9.21417291760462498e-01
9.99268899858336446e-01
9.95944776167699941e-01
9.99701627032364648e-01
9.86552101916691515e-01
9.97964322887623045e-01
1.00430857097266291e+00
9.39752981440894586e-01
9.88757532573037556e-01
1.00123834359289088e+00
1.00025876802962377e+00
9.97886487973551617e-01
9.58453223882842265e-01
1.00113076472280715e+00
9.96237409997782097e-01
1.01326159894491208e+00
1.00407211839711108e+00
9.95023761892749992e-01
9.74300279125589141e-01
1.00507210511416267e+00
1.02018100875563800e+00
1.00178746169793143e+00
1.00248598142754819e+00
1.00056224957115236e+00
9.99553299225395375e-01
9.99399413074921861e-01
9.83649993902114272e-01
9.95268884053636116e-01
9.93659999170781294e-01
1.00027281079489305e+00
1.00188136192390798e+00
9.95298840749835323e-01
9.99459765642173092e-01
9.98379482838343324e-01
1.00434727936446944e+00
1.00610327519438458e+00
1.02834449943148343e+00
8.91263976167311789e-01
1.00303834623496391e+00
9.99689545323078410e-01
1.00197157683163307e+00
1.00415732002023206e+00
1.01592799934034628e+00
9.99452167693765103e-01
9.90985601471633615e-01
1.00079895706297206e+00
9.97487539284179658e-01
9.99686132202076472e-01
9.99488838896367304e-01
9.99572332551335485e-01
1.00055861186714901e+00
1.00514100919723037e+00
1.00147501305110254e+00
9.75597353683223978e-01
1.00058057361474639e+00
1.00116551308327617e+00
9.97665600112172868e-01
1.00076002392772634e+00
9.98865717721751478e-01
1.00151183283611322e+00
1.00145945275150061e+00
1.00212364691301015e+00
9.94859344188018357e-01
1.00205806191092028e+00
9.26409592396070125e-01
1.00100819003595087e+00
9.69752703481593370e-01
1.00084382211688872e+00
8.87484438358091654e-01
9.99344941120505981e-01
1.00176962323366125e+00
9.24312996865063741e-01
1.00706992163347020e+00
1.00094134775349430e+00
9.99866610038890324e-01
9.77175656265559578e-01
9.89211977530981001e-01
9.37504317951452171e-01
9.94005169124713706e-01
9.83458240379100013e-01
9.92679187509909799e-01
9.99104567523463105e-01
9.99836904028523876e-01
1.00317194011193278e+00
9.52344289118633336e-01
9.96666946123893172e-01
1.00850409614926928e+00
1.00131030621717976e+00
9.97404798505491352e-01
9.97513913318545553e-01
1.00087406222260467e+00
9.10867322861122264e-01
1.00069422939630104e+00
1.01408286801298919e+00
1.01629872260456100e+00
9.97336217894101429e-01
1.01504945989319340e+00
1.00088415343677140e+00
1.00388603551232714e+00
9.98827145572710573e-01
9.98740566014296172e-01
9.97315739347635843e-01
9.90185964656590034e-01
9.98081278473890610e-01
1.01065335156466451e+00
9.96076459036194573e-01
9.99586270557493606e-01
1.00020131835130588e+00
9.97113315204071426e-01
1.00315482927997479e+00
1.02816602040766658e+00
9.35990198323031319e-01
1.00028208431980348e+00
9.30756800806625706e-01
9.99898598293009311e-01
9.99770970500507450e-01
9.99532434477286791e-01
9.98820151837904735e-01
9.86464730731886563e-01
9.99546201557986902e-01
9.90601917662337406e-01
1.02818621911391306e+00
9.51849227365358819e-01
9.94181416575512178e-01
9.99616191563548862e-01
9.93099247474148128e-01
9.86521368580289049e-01
9.98775394050663512e-01
9.99434894432180032e-01
1.00369202280898073e+00
1.00093799798339567e+00
9.14553272537310669e-01
9.99922148425248625e-01
1.00068300630841578e+00
1.02974690497335564e+00
9.99555238055734985e-01
9.91095008612680517e-01
9.94107579605609248e-01
9.97448613882121249e-01
1.00100694792306566e+00
1.00213541505649273e+00
1.00034996296397205e+00
1.00121165556575731e+00
9.99459106032170919e-01
9.98861307988410552e-01
1.00217831575957517e+00
9.51061566431856131e-01
1.00606380156533026e+00
9.92525737921844731e-01
1.01008375224575553e+00
1.00027967778611959e+00
1.00213814996273176e+00
9.38614303637905434e-01
9.87445017024478289e-01
9.47703244209335272e-01
9.98415089428960179e-01
9.99338434199045333e-01
9.97820032353085695e-01
9.99930778088101158e-01
1.00051580249990790e+00
9.98976208195590631e-01
9.92692174692623497e-01
1.00279908510906890e+00
9.99114754282483863e-01
9.97579151105861706e-01
9.73256880795792756e-01
9.98940827835691270e-01
8.65056077127565604e-01
9.92968059953598714e-01
9.20138566424210880e-01
9.99822282587643163e-01
9.98737313545383310e-01
9.99044075685206923e-01
9.99524214800153410e-01
9.62633612708375108e-01
1.02300974500657915e+00
1.00553268933087092e+00
9.86447696205171476e-01
9.95025490542195357e-01
9.87355234066112586e-01
1.00015486309018575e+00
9.99953757924665454e-01
9.62258617643796166e-01
1.00047741087336006e+00
9.99108629740574461e-01
9.99919039916692620e-01
9.96342103779486066e-01
9.98318994043846275e-01
9.39037836311787721e-01
9.99596422244856231e-01
9.98331886101253341e-01
1.00167061335674767e+00
9.93134896410739709e-01
9.99043823375846851e-01
1.02035741885682962e+00
1.00163537377513423e+00
9.99361980159537477e-01
1.02953262429674508e+00
1.00205247609618775e+00
1.00912529949630025e+00
1.00170798333831268e+00
1.00136486626758914e+00
1.00116685277837325e+00
1.00774551501865983e+00
9.53509973850038994e-01
1.00320023050800411e+00
9.95110862218517744e-01
9.68236662130542491e-01
1.00004850532142386e+00
9.99424264743497215e-01
1.00078889260056036e+00
1.00048843858316538e+00
9.99542023235575061e-01
9.99982973387319674e-01
1.00051892635431039e+00
9.99187333153786050e-01
1.00185110243242459e+00
1.00748780633543178e+00
1.00443136913549491e+00
9.99363663851786099e-01
9.99935318979173871e-01
9.98860466082212017e-01
1.00069429693704204e+00
9.85919859615285943e-01
1.02090664370754625e+00
1.01849060430641347e+00
9.75689605216667699e-01
1.03077763501084463e+00
9.99891048328800380e-01
9.98917437763428451e-01
9.99600025873676801e-01
1.01559966225152754e+00
1.00094983893555844e+00
1.00231813486967791e+00
9.99667062489856706e-01
9.99570706741680359e-01
1.00644056806934734e+00
9.99517184219242627e-01
9.99886677003071545e-01
1.00054471219493157e+00
1.00480538131701858e+00
1.00344379459670519e+00
1.00471310494009636e+00
9.99807454372765969e-01
1.00164269529661420e+00
9.97014509457795350e-01
1.02951881688531577e+00
9.99968560035465082e-01
1.02765862042592104e+00
1.00076289986860001e+00
9.80024210427847042e-01
9.98974828533885417e-01
9.99389841586887595e-01
9.98789045051764246e-01
1.00034644129141670e+00
9.99537141926323480e-01
1.00002975593152632e+00
1.02217858537184325e+00
9.78640009843638525e-01
9.78995726289570767e-01
1.00237539291706579e+00
1.00031002352724641e+00
9.99657784508289460e-01
1.00062095019502184e+00
9.71305540805239342e-01
1.00212608810045367e+00
9.99496512855886365e-01
1.02214087830737732e+00
1.00155769288813890e+00
1.00298260862950994e+00
9.99438901627945908e-01
9.94669004034796966e-01
1.00325432073971244e+00
9.94477257557991656e-01
1.00020805619010611e+00
1.00119459330714089e+00
1.02270031441069831e+00
9.43745081272189257e-01
9.96011919974794657e-01
9.95837188598686307e-01
9.99858114211481519e-01
1.00190987217496974e+00
9.99575973235081849e-01
1.00183702932960328e+00
1.00136829050205689e+00
9.99416592430517836e-01
1.00212079241550245e+00
9.97151554880597701e-01
9.12979093553489274e-01
9.91375649263388836e-01
9.98121115628505362e-01
9.95232752666984966e-01
9.99816948573355790e-01
1.02552248894898002e+00
1.00063120591403742e+00
9.98776619071967353e-01
9.98122043097306899e-01
9.98347235833624946e-01
1.00017639330422758e+00
1.00268201687060454e+00
1.00000369020426527e+00
1.02839539643019462e+00
9.98879993682350587e-01
1.00175139044046158e+00
1.02794267116302129e+00
1.00034537479961605e+00
9.99269271527387537e-01
9.93960286130895709e-01
1.00068767019511662e+00
1.00201281035428402e+00
1.00141008125055353e+00
9.97131793747451312e-01
1.00188226716967699e+00
1.00373107289404850e+00
1.00142309120941575e+00
9.92430339887660051e-01
9.41943663804903908e-01
1.00675979082726608e+00
1.00506691645234136e+00
1.00283555483761488e+00
1.00033735984937544e+00
1.00016915162444975e+00
1.00032971269598270e+00
9.99630324307745566e-01
9.99568416257618275e-01
1.02747534775735749e+00
1.03010869289613072e+00
1.00209549708913581e+00
9.89379518493560095e-01
9.15574738867390603e-01
9.99883662694721953e-01
9.98247319381299403e-01
9.99903478960379011e-01
1.00038600488984075e+00
9.99005938503812363e-01
9.46020643730647759e-01
1.02433304002094738e+00
8.89232469056327357e-01
9.99085151554468642e-01
1.00042993488889187e+00
9.91754136794343211e-01
9.99539366354647574e-01
9.97163963520009577e-01
1.00050560887650208e+00
9.30069289622557527e-01
9.97976019485524057e-01
9.99046305673977897e-01
1.00054153508628541e+00
9.98193018015464339e-01
9.97962430619192875e-01
8.68325293858284053e-01
1.00190304812985720e+00
9.99524227379961938e-01
9.98867067026260269e-01
9.81500355088539944e-01
1.00168399185473822e+00
9.98941767885474285e-01
1.00125781634866451e+00
1.00232420172919734e+00
9.90974352144784909e-01
1.00467502970689249e+00
1.00125775810669526e+00
9.94402917980941270e-01
9.98325966720538860e-01
9.99626999760719337e-01
1.00087742491331855e+00
1.00342526242843033e+00
9.98769059585715158e-01
9.58367886658927692e-01
9.84206677685268927e-01
1.00572732103555396e+00
9.99660030705965319e-01
9.96802804307085122e-01
1.00027281807920487e+00
9.20772217874523458e-01
1.00349103824921748e+00
1.01280137162836792e+00
1.00151032089684122e+00
1.00382433356642231e+00
9.94369692198200372e-01
9.94471174354269238e-01
1.00284016079841876e+00
1.00357446452064702e+00
9.97601184458492218e-01
1.00142945850606679e+00
9.93223695486412761e-01
1.00118502498165141e+00
9.83309780591058447e-01
9.97893302351515188e-01
9.96394183519229593e-01
1.00525557646905495e+00
1.00070156974040381e+00
1.00064624152128201e+00
1.00585697328619683e+00
9.49683402701001822e-01
8.96556288330453310e-01
1.01357016224740715e+00
9.98211858128388974e-01
9.96588614467394440e-01
9.83599105838130927e-01
8.81621367636788555e-01
9.99725437241722359e-01
9.99569470574361851e-01
9.95431507134228122e-01
9.96421057272336430e-01
9.98490850897732485e-01
1.00104648840482935e+00
9.87888558446688769e-01
1.00047645412016917e+00
1.00030662655148705e+00
9.71055278506044561e-01
1.00152422270286179e+00
1.00031573792272965e+00
9.91087200186988482e-01
1.01220370886519206e+00
9.98561153301310789e-01
9.98408350542507095e-01
9.81011522343991027e-01
1.00214469771659043e+00
9.99972814195399629e-01
9.98963230444211092e-01
9.33047370250148944e-01
1.00041451606407539e+00
1.00004863623895890e+00
9.99573194596229841e-01
1.00667034775314357e+00
1.00337811654423836e+00
1.00207184005738048e+00
9.98824799134447994e-01
1.00330800360962002e+00
1.00177724977750215e+00
1.00024747367136224e+00
1.01963497760506261e+00
9.90827530703640713e-01
9.99821537923176962e-01
9.97899658620390650e-01
9.98956090326128865e-01
9.83879413546920212e-01
1.00061970453838311e+00
1.00173978047045731e+00
9.98017740917212959e-01
1.00371521136572728e+00
9.85179902828156373e-01
9.99482281290640651e-01
1.02114023858228475e+00
1.01756083267983577e+00
1.00811714801969465e+00
9.93905523151442982e-01
9.99020797647917624e-01
9.97112222630808120e-01
1.00085231264469265e+00
9.79906209418259788e-01
9.54076337021380505e-01
9.97753673003843655e-01
1.00508026710914833e+00
9.98172482589516297e-01
9.98944127235762869e-01
9.88157652485767368e-01
9.99553281864182686e-01
9.43843056864912211e-01
9.99164965945734118e-01
1.00161089525043101e+00
9.91297403728569781e-01
1.00016788462603334e+00
1.00107629096481898e+00
9.66199111113915432e-01
9.99480440085161348e-01
9.98830436663161403e-01
1.00022634113531050e+00
1.00453986192097733e+00
1.00056635897741386e+00
9.88878358517784273e-01
1.01317204400667604e+00
1.00127300554104437e+00
9.98287150849127225e-01
9.95369953055171619e-01
1.00249257987450169e+00
1.00372555142171693e+00
9.94396366968885115e-01
9.93965219284467683e-01
1.01886483011995010e+00
1.00230374672771672e+00
9.96702305521397269e-01
9.98964450301957463e-01
9.99750246746764493e-01
9.48334284211836298e-01
9.68777400568439306e-01
9.37623405363153695e-01
9.98543003823551656e-01
1.00234854731003509e+00
9.99777123815038693e-01
1.02549448459249093e+00
9.98801424756254219e-01
1.00071831894801355e+00
9.99278090903723437e-01
1.01174411434520994e+00
9.47449760739681679e-01
9.99544771129068699e-01
1.00168151453808041e+00
9.98354051710310331e-01
9.21806851733839694e-01
1.00482452674230149e+00
9.99387131557307185e-01
9.98642975954375789e-01
9.98697334393803815e-01
9.99445850743855613e-01
9.55900759734354732e-01
9.91255917152293331e-01
9.93319084781080552e-01
1.00370866978316342e+00
9.99528795451168239e-01
9.98965574277760893e-01
9.99705304588332178e-01
1.01778292939037351e+00
9.99204985783541777e-01
9.52893558385084605e-01
9.91674960295940600e-01
9.91260960610731323e-01
9.90773705270419192e-01
9.90852372346151533e-01
9.26058226120180183e-01
1.00139027612687270e+00
9.98013785630216366e-01
9.99258516932445051e-01
9.16610911296838693e-01
9.95912377836678187e-01
9.50715072749563683e-01
9.87967780981483967e-01
1.00234207370252126e+00
1.00486250938281785e+00
1.02259674372721165e+00
1.00071635027187011e+00
9.33961157357617533e-01
1.00151007203385345e+00
9.99751307741055473e-01
1.00090591488753589e+00
1.00175964003932627e+00
1.00109778147827000e+00
1.00346999039978502e+00
1.02810547569609256e+00
9.29889256630858418e-01
9.87288810798260141e-01
1.02262890840546250e+00
1.02346219138311056e+00
1.00121733208587460e+00
1.01846350684135767e+00
9.99631471397844140e-01
1.00144841079996616e+00
1.00170371448427398e+00
1.00174141421628837e+00
1.00080186372095503e+00
9.98468590784335364e-01
1.00464135416956890e+00
9.15961009744743038e-01
9.99608470108077074e-01
9.99553005563688757e-01
9.97584577178373233e-01
9.88273184160981089e-01
1.01167156647090573e+00
9.99516526688731033e-01
1.00179744861030184e+00
9.99563556781325357e-01
9.99429289705410673e-01
9.99572667355048017e-01
1.00046618113387087e+00
9.97920367075526671e-01
9.99008290730016735e-01
8.93740383589855303e-01
9.99751451369637278e-01
9.99815695283959749e-01
1.00167140095136409e+00
9.99834451989296991e-01
9.96240593571231181e-01
1.00807589505233519e+00
9.96066038359520345e-01
9.98622894223574198e-01
9.98728042856022347e-01
9.93658442684647314e-01
1.00638622422541246e+00
1.01873167336029846e+00
1.01348098656594376e+00
1.00520344915938376e+00
9.61899081560447344e-01
1.01399288717470082e+00
9.99769982924867184e-01
9.42298779547980359e-01
9.97711945646453158e-01
1.01689456676334422e+00
9.94768664503665634e-01
9.99439634870317506e-01
9.99701839154722327e-01
1.01766455522425470e+00
9.99325625944425755e-01
9.99505045592382624e-01
1.00117199200751839e+00
1.00059188228266116e+00
9.98057744832141713e-01
9.81429986803062149e-01
1.00128171587361114e+00
1.01936375906242560e+00
9.98398914653865988e-01
1.03072726806508874e+00
9.96814117805892907e-01
9.96581588573616672e-01
1.00917157253099177e+00
9.98571414361837162e-01
1.00086484135408638e+00
1.01662996283694107e+00
1.00194715834493042e+00
9.99766208348382146e-01
1.00818837327822841e+00
9.99308366124644132e-01
9.91782943816353013e-01
9.96060071250144397e-01
9.99595048305718437e-01
9.70964557749582458e-01
9.99919000790839729e-01
1.02634464279299764e+00
1.00168957954703997e+00
9.91526412743213847e-01
9.94224246084124741e-01
9.92707308260650900e-01
1.02085671851731141e+00
1.00375687976909744e+00
1.00004120493157433e+00
1.00021064597059994e+00
1.00186979821866173e+00
9.99458811362632371e-01
1.00438460162333665e+00
9.11778650510859490e-01
9.95089874492357196e-01
9.98066644953484072e-01
9.66098488148395607e-01
9.99626791801638936e-01
9.96814716770939024e-01
9.42714278645064185e-01
1.00326220577535574e+00
9.95663945988774279e-01
1.00145101620756516e+00
9.99558345545275784e-01
9.89259662936883055e-01
1.02671497939507850e+00
9.97436135544749747e-01
1.00379381426296099e+00
9.64595360845669991e-01
1.00087622745397420e+00
9.99084838078577731e-01
9.99275655015994801e-01
1.00496306047412021e+00
9.91791741499307711e-01
9.09405372331952622e-01
9.99096173872703552e-01
9.95763374652925637e-01
9.98447005227763640e-01
9.99552296033523024e-01
9.97831281363852018e-01
1.00282771612118959e+00
1.00064021483664756e+00
1.00060535574103837e+00
1.00097657829879383e+00
1.00052517380812245e+00
9.94652118599910429e-01
9.95809104491004571e-01
1.00178249924997176e+00
9.96104571318347842e-01
9.46597993103421076e-01
9.99679650320850710e-01
9.82881659183223566e-01
9.99675928893447030e-01
1.00179152804803140e+00
9.92639568799823513e-01
9.72393285667829899e-01
9.94865702269540519e-01
1.00086852007528626e+00
9.70981181682336270e-01
9.98174121991482255e-01
1.00252828011523554e+00
9.97786806500499446e-01
9.52518161410229602e-01
1.01676768614251034e+00
1.00205284880059486e+00
1.00142346547903283e+00
9.98796041504878884e-01
9.99551752249460135e-01
9.99507145622716142e-01
9.99631765686405438e-01
1.00113423485645114e+00
1.00035235591599814e+00
9.92555208486694540e-01
1.02679623917947227e+00
9.96705959156459542e-01
9.99553531343277069e-01
9.99723142479517879e-01
1.00070042849568641e+00
9.95197960750564992e-01
9.99309615808634422e-01
1.00146141344249773e+00
1.00381061344251443e+00
1.00324377291598621e+00
1.00160189205254713e+00
9.65359158751735169e-01
1.02202693865408167e+00
9.98751894982240263e-01
1.00439972859285254e+00
1.00080137147740045e+00
9.99586678321289002e-01
9.95960464818709812e-01
1.02199887627991393e+00
9.79569957494070720e-01
1.01541617394663874e+00
1.02185091517481919e+00
9.34019543995716073e-01
9.40638687825800512e-01
9.81632983311995555e-01
9.02437980903296633e-01
1.00211566294606724e+00
8.96473061277644034e-01
1.00210232131227506e+00
9.99569462319042090e-01
9.45832040715973599e-01
9.59980242391260452e-01
8.84982570662805834e-01
1.02147938704160057e+00
9.70241936463190568e-01
9.98224520724373288e-01
9.91779078366792133e-01
1.00077500860286017e+00
1.00073547623209169e+00
9.92351951108350172e-01
1.00048453548014993e+00
1.00055308725185510e+00
9.87206694751563085e-01
9.97576267082921242e-01
9.92215462184251273e-01
1.00151748930445006e+00
1.00251093346090059e+00
1.01342721722401086e+00
1.00235453940496755e+00
1.00535085536776059e+00
1.00360460537066665e+00
9.52780198294147951e-01
9.97742372539182631e-01
9.98679984503817120e-01
9.99566411962626300e-01
9.99582232124136882e-01
9.98068004296617239e-01
1.00105605484132609e+00
1.03055940747314811e+00
9.99014499297741665e-01
9.98905917002275490e-01
9.98538196643947051e-01
9.96187774164772222e-01
9.98149508787972373e-01
9.97353565703111844e-01
9.93765086826080113e-01
9.58381544357471249e-01
1.00246412639962368e+00
9.88560417606226371e-01
8.80197978103637868e-01
9.85217141171705224e-01
1.02273971554544740e+00
1.01375497813116611e+00
9.99513398189129654e-01
9.99755661207683222e-01
1.01482576206535446e+00
9.27234188484601596e-01
9.63544004524890862e-01
9.92339110325947793e-01
9.97489140585309020e-01
9.97914219130817903e-01
1.00185506909294664e+00
9.95251135700919831e-01
1.01130205474260859e+00
9.70424559357552341e-01
9.99132501171458798e-01
1.00239906171186832e+00
9.97342069440865453e-01
9.97391946738941493e-01
1.00079698227481217e+00
1.00364226435429282e+00
9.99572149726964843e-01
1.00197191363832139e+00
1.00295067674868998e+00
9.85025660045096285e-01
1.01458831891836954e+00
8.69744809177352640e-01
9.89400464700403104e-01
9.99428962258595122e-01
9.61295398191456707e-01
9.95318776296061469e-01
9.19942412838231527e-01
1.00191484514695817e+00
9.79393268583988674e-01
1.00254658737617475e+00
1.02594197291957467e+00
9.26999022044936227e-01
1.00244727197668348e+00
9.94726831350247198e-01
9.99811973683047084e-01
9.99834759865342093e-01
1.00165841355680607e+00
9.24050575750891778e-01
1.00189573684884436e+00
9.96029879461742707e-01
1.00019430017115463e+00
9.99765202937520803e-01
9.90379423577445572e-01
1.00343311244920419e+00
1.00586124457166992e+00
9.98533842177347086e-01
1.00004512780065324e+00
9.99224036001951310e-01
9.99291808518772418e-01
1.00911962531190036e+00
1.00047065980765959e+00
9.99622888696225065e-01
1.00153738686233451e+00
9.99688871637198884e-01
1.02841323345627211e+00
9.99812461237488348e-01
1.00061375857485513e+00
9.98657573124320130e-01
1.00020191876897657e+00
9.98390587993301715e-01
1.03017474807329457e+00
9.99440620666022461e-01
9.99648604294949283e-01
9.99850088487153066e-01
1.00137431300103197e+00
1.00467964036265101e+00
9.99751505256175621e-01
1.00198248463296502e+00
9.55098547582241109e-01
9.99787118730041779e-01
9.96629966617711416e-01
1.00073751189048443e+00
1.00102879922462495e+00
9.88586870395489314e-01
9.89724200060571824e-01
9.99359008726467990e-01
9.59131108931445486e-01
1.00308301264698074e+00
9.99466262632599522e-01
8.77067506810366271e-01
9.79471141994441075e-01
9.22487837789093712e-01
1.00044537245335730e+00
9.99492231949554055e-01
9.32413533491740276e-01
1.00055384230950417e+00
9.90215266390775950e-01
1.00761752156282669e+00
9.59855470888022921e-01
9.99763515196123165e-01
9.98993026105521320e-01
9.99727676452689673e-01
9.98876121665516870e-01
9.75007418595787212e-01
1.01726997464825897e+00
1.00308254769642224e+00
1.00005112166430110e+00
9.17420570378230438e-01
1.00098425291737025e+00
9.99173654509103337e-01
1.01552562669434310e+00
1.02043667844925845e+00
1.03146050869691219e+00
1.00764343448908367e+00
9.36630684220634890e-01
9.99774359524014944e-01
9.99528457884584776e-01
1.01893553932483139e+00
1.00051545303444600e+00
9.95674913103311354e-01
9.99569952834600484e-01
8.90125997460549878e-01
1.00043631303521208e+00
1.00232915288970692e+00
8.62819518041936573e-01
9.96043499620365536e-01
1.01015805783240964e+00
9.65336958882471619e-01
9.99478462732623973e-01
9.89053897783831792e-01
9.27849434515047644e-01
9.96211236475083473e-01
9.64305017305586709e-01
9.16473219033774988e-01
9.97820550250311800e-01
9.99722478238595058e-01
9.35079963889147048e-01
1.00243936642474774e+00
1.00087037178429816e+00
9.99777039964662384e-01
9.22407953444015272e-01
9.80548512873794298e-01
1.01666214087059825e+00
9.51854314394765644e-01
9.97252033714340902e-01
9.92719671010723781e-01
1.00159522334948403e+00
9.95684394245562987e-01
1.00170225986270589e+00
9.99588220187609289e-01
9.90920394717417885e-01
9.98939849295540139e-01
9.96257304752229733e-01
1.00156938371053239e+00
1.00471767702920167e+00
9.99693318082440885e-01
9.99545552453090069e-01
9.98794486632409328e-01
9.99437401846801632e-01
9.44669278838485504e-01
1.00131975019684760e+00
1.00469099289791330e+00
9.86453702083996409e-01
1.02383150501641640e+00
9.88905103134535723e-01
9.96186132108504263e-01
1.01190034519685468e+00
9.99978632957625124e-01
9.99868392489129509e-01
9.46370033995923121e-01
9.99605162221457566e-01
1.02459084959677038e+00
1.00097437289303737e+00
1.00018633949295088e+00
9.86077518729682079e-01
9.99567000820290819e-01
1.00285428527374187e+00
9.98159385396828247e-01
9.47769024316935549e-01
1.00116676859056475e+00
1.00099870987246264e+00
1.00071196647545313e+00
1.00227527095871616e+00
9.99686855175589084e-01
1.00251058639675650e+00
9.99705698031366219e-01
9.99806790386431499e-01
9.97184395858053851e-01
9.97110255269267665e-01
9.96891360147848071e-01
9.05035056426959472e-01
1.00522848842584511e+00
9.97258330330822229e-01
9.99926891289162123e-01
9.99550264197550997e-01
1.00533160498441432e+00
9.96099365393806502e-01
9.83639791267255870e-01
9.99360838002409380e-01
1.00311489034593371e+00
8.76792840021319853e-01
9.18655398004576185e-01
9.99127268048168649e-01
9.99849165063352197e-01
1.00205430890980840e+00
9.95866138614226237e-01
1.00105421216398227e+00
1.01140080832197965e+00
1.00096426389903037e+00
1.00251266451716670e+00
1.00053410336288362e+00
9.98342806337040534e-01
9.80061394344202808e-01
9.96293853681032515e-01
9.99774984505677700e-01
9.48869390648843680e-01
9.99529891753712874e-01
1.00129443986963351e+00
1.00071640500568249e+00
1.02685391295890005e+00
9.99982689085766263e-01
1.00160466937897308e+00
1.00188928922509390e+00
9.08078314241597573e-01
8.80983881132215374e-01
1.00106532054362152e+00
1.00230309962238673e+00
1.00095035759105122e+00
9.84413125787444665e-01
1.00083249964058441e+00
1.01020490593297008e+00
9.96754400813739005e-01
9.97471877178287669e-01
1.00175502481525536e+00
9.93641866725060829e-01
1.00125285038113043e+00
9.99590189816508268e-01
9.95276562636178030e-01
9.99338045710066680e-01
9.34711682661356624e-01
9.42355522878114304e-01
1.00223824415697216e+00
9.86052267842342567e-01
1.00462830970518180e+00
9.99605053902263396e-01
9.99592750327288782e-01
9.83965095558919756e-01
1.00151112656771391e+00
1.00495672984693396e+00
1.00140688749925899e+00
1.00106959209086122e+00
1.00481261801585253e+00
9.82460710833877759e-01
9.80023151736406972e-01
1.00092573202500912e+00
1.00071692265285339e+00
9.99089899706026130e-01
1.02092333642874999e+00
1.00968316652415013e+00
9.10005855053631962e-01
1.00133292318568734e+00
9.99115533218448815e-01
9.96499103678855858e-01
9.89108040541954114e-01
9.94998846845853491e-01
8.99419714804591264e-01
9.99757298186265242e-01
1.00187359380574259e+00
9.85335081155758186e-01
9.99510150940191133e-01
9.99609816440045984e-01
9.98941199467979435e-01
9.04567410947515915e-01
9.99543481370556153e-01
1.00262933869683013e+00
9.96198798808676012e-01
9.99886937442352020e-01
1.00056955599916630e+00
1.00007051839781802e+00
9.95965400470312012e-01
1.00112203565502167e+00
1.00123554169299811e+00
9.15832947727710289e-01
1.01638822019390163e+00
1.02783258728794502e+00
1.00048590723755115e+00
9.99802531682181805e-01
9.92789559344909756e-01
1.00109277112427630e+00
9.93509122325469618e-01
9.99826211098588491e-01
9.99480349452948169e-01
9.98451380580728798e-01
9.93627465666694354e-01
9.93177529904032297e-01
9.99710192278377208e-01
1.00072319655303699e+00
9.98227551851195494e-01
9.99722598659638528e-01
9.43799874755359536e-01
1.00265997751116842e+00
9.98527544475236173e-01
9.83217470802214555e-01
1.00046188651029988e+00
9.88657875846945644e-01
1.00077927073638806e+00
9.48841650514291923e-01
9.99972488931335501e-01
9.96440119264907942e-01
1.00180075848610706e+00
1.00141875589832230e+00
1.00240283239106387e+00
9.50956624447604870e-01
1.02527554071011973e+00
1.02592490703449402e+00
9.99708182375289134e-01
9.99737254834827005e-01
9.27405978778859330e-01
8.95381832530148136e-01
1.00196940291819137e+00
1.00227018211208185e+00
1.00139515347484664e+00
9.99468989653762296e-01
9.99150594114225021e-01
1.00073114900432669e+00
1.00046178469008740e+00
9.95739203557434838e-01
1.01853111127713136e+00
9.99192134972553547e-01
1.02783051585663165e+00
9.98692220022254218e-01
9.86020296266579055e-01
9.97911871185875432e-01
9.34131049656011014e-01
1.01848322758164200e+00
1.00103117852227119e+00
9.99897679759218616e-01
9.98576123165142993e-01
1.00982207810599567e+00
9.97064406803466419e-01
9.85117188403186739e-01
9.99708318439200272e-01
9.77147971444509156e-01
1.02229524584408638e+00
1.00010546802054723e+00
9.99681315638553114e-01
9.96302551879329923e-01
9.96676133743037873e-01
1.00490049425673145e+00
9.61096754786715968e-01
9.92488743339348445e-01
9.99598891871053108e-01
9.56650307172371095e-01
1.00095086762270280e+00
9.85000380265360742e-01
9.95614748781492365e-01
9.99519180495085036e-01
9.31787453448299940e-01
9.99959208607221206e-01
9.14247111989760053e-01
1.02558567977650883e+00
9.99404732923104833e-01
9.99960800004603967e-01
1.00217279094794631e+00
9.99724319812344886e-01
9.90547989186598032e-01
9.93850038796384783e-01
9.94486674184689945e-01
1.00365103081057216e+00
9.97109440702317884e-01
1.00243502454616751e+00
1.00873315039958777e+00
9.42760092990205134e-01
1.00101421690360937e+00
1.01461689785440945e+00
9.93834212894171731e-01
1.00564481830370434e+00
1.02472729994540912e+00
9.95338658936538945e-01
9.75373307967551950e-01
1.00020493179519487e+00
9.86749610178642600e-01
8.98219821046623901e-01
1.00159126496667272e+00
9.82090650547876587e-01
9.18231401015161985e-01
9.93364800992164731e-01
9.73902621128030166e-01
1.00074954336150412e+00
9.96639988156427847e-01
9.98665334528244131e-01
8.94319970681635268e-01
9.98481771296406473e-01
9.99569434716717220e-01
8.94118969479740788e-01
9.99530380922628914e-01
1.00041684946065512e+00
9.80968229943772752e-01
9.85615459914455538e-01
9.57146135269474563e-01
9.96276210764553305e-01
9.70025905796665588e-01
9.95831087212866506e-01
1.00360716065123712e+00
9.99937715193694343e-01
9.69178013881109024e-01
1.00126386372593368e+00
1.00109586541251461e+00
9.83028358289265602e-01
9.25167965822333294e-01
9.89952108430405153e-01
1.00426519998243191e+00
1.00140297892585517e+00
9.24539625745180449e-01
9.98526792922532436e-01
1.00126348165534274e+00
1.00670167594890692e+00
1.00045576715247830e+00
1.01995536941477294e+00
9.99039612605835625e-01
1.01077855799979699e+00
9.37774256515653160e-01
9.99008183237608316e-01
9.01196346916990687e-01
9.97212593316576856e-01
9.99700467850594854e-01
9.99967972947595984e-01
1.00206813811216477e+00
9.99468640225868565e-01
9.98742575335160310e-01
9.99544993007358773e-01
9.99678412987885956e-01
9.11928797124125112e-01
1.00148321332596435e+00
9.84972354673596562e-01
9.93250527491254531e-01
9.98633354360519920e-01
9.72487673253823792e-01
1.00513402304703359e+00
1.00076388718631604e+00
1.01974257436677807e+00
1.00062440257759100e+00
1.00051245686307633e+00
9.96818086453308605e-01
9.95610871195039993e-01
1.00166607057117174e+00
9.99182320792596390e-01
9.09705956083647127e-01
9.98604579349489541e-01
9.99613413984223764e-01
9.26479869628358932e-01
1.00098111742252827e+00
1.03141737088774943e+00
1.03042678382501585e+00
1.03088577502501577e+00
9.57066725045616185e-01
9.99734983068846450e-01
1.02955637480592777e+00
1.02065032934286304e+00
9.08981119122093228e-01
9.99070337553764620e-01
1.00089474630429454e+00
9.79678708392277442e-01
1.02776739418370022e+00
9.33523611973214984e-01
1.00132133056180117e+00
1.00199253819249812e+00
1.00970570443643659e+00
9.99868514001100661e-01
1.00422242456946109e+00
9.99385051933706636e-01
1.00123454124858013e+00
1.00021945159693937e+00
1.00116954026270966e+00
9.98634675700212804e-01
1.00111372638321838e+00
1.00088681659389445e+00
1.00535530248310900e+00
9.41294301753726081e-01
9.75244586162568372e-01
9.99616121285125114e-01
9.94259264309351076e-01
8.88736520625271864e-01
1.02436838904433669e+00
9.95291274695759065e-01
1.00043266056921509e+00
1.01746963485994391e+00
9.69758080077809170e-01
9.39278207606483839e-01
1.00295999389769785e+00
9.54192285667168294e-01
9.96757266750667448e-01
9.96511597500654878e-01
1.03067277501881382e+00
1.00346721603344791e+00
9.98173352527863544e-01
1.00119939882073172e+00
9.51489719398686651e-01
1.00255534399427049e+00
9.73155772314174716e-01
1.00526455989955332e+00
9.99960019728130201e-01
9.99540674290784747e-01
9.99349327693716760e-01
9.99844198031820897e-01
1.02789567710185992e+00
9.86108712373902629e-01
9.99529328431789987e-01
1.00043853201325650e+00
1.00106304281915626e+00
9.97243936635108907e-01
9.93172982713239616e-01
1.00232774534075064e+00
9.85984378966254904e-01
1.00248227628797415e+00
1.00161477984760827e+00
1.00204081880991680e+00
9.01964840426276004e-01
9.78864710758132306e-01
9.97351274808384480e-01
1.00194225395157743e+00
9.99545199481138402e-01
9.99706410260253753e-01
9.93640213053915256e-01
9.99314583514722687e-01
9.14645112635654178e-01
1.00340862161631095e+00
1.00085026465079152e+00
9.60173903184351141e-01
9.99908627943710715e-01
1.01928881980287889e+00
9.35455375848175286e-01
9.85725764968521934e-01
1.00010237983612282e+00
9.91598561942853896e-01
9.98596585803161907e-01
9.97588808784194758e-01
9.99187828791777699e-01
1.00098971088691102e+00
9.98318376073739411e-01
1.00959190571706392e+00
9.98705388794029925e-01
9.92649843405278065e-01
1.01076999900401843e+00
9.99558652938134173e-01
9.91910601005885240e-01
1.00395797653330665e+00
1.02950291763424895e+00
9.08233860240879376e-01
1.00112360829270108e+00
9.99197529605477253e-01
9.99428331504677026e-01
9.99960748123979282e-01
9.99814900714485422e-01
9.87938752918196217e-01
9.90028108235378013e-01
9.99717245928767650e-01
9.31746270638737495e-01
1.00459368225238954e+00
1.01803387598818396e+00
1.00097430614378302e+00
9.99500602796780768e-01
9.99883273005304885e-01
1.00025643782339446e+00
9.88538982516573350e-01
9.30969925973980206e-01
9.97405431464155057e-01
9.98602819711230105e-01
1.00066161931109932e+00
9.90537470644428431e-01
9.94909974125627539e-01
1.00041069196209587e+00
9.28611492489832768e-01
1.00245346139128455e+00
9.99938303562186381e-01
9.98489564154201092e-01
9.99588739292919692e-01
1.00133812013735812e+00
9.99514359530436991e-01
1.03006014575209215e+00
9.98157565760459997e-01
1.00092241615907418e+00
9.43768630519918217e-01
9.98978792273658600e-01
1.00193404859494661e+00
9.95060721883937016e-01
9.97442221432316978e-01
9.99648946811178218e-01
9.98828981881091482e-01
9.94612892633116252e-01
9.99757864594367995e-01
9.75671038991909101e-01
9.99442269577304976e-01
9.98130838552311439e-01
1.00092417433172831e+00
1.00112438271738280e+00
9.99567960010337431e-01
9.98116633839046030e-01
9.99362546886242931e-01
1.00119216243034748e+00
1.00247477341909197e+00
1.01455480083497829e+00
1.00024418796991488e+00
9.94843113285658442e-01
9.93204946391964105e-01
9.98672950369260737e-01
1.00067664708259429e+00
9.93884147351314917e-01
1.00169869491282726e+00
1.02532921624511664e+00
9.98135841405796476e-01
1.00285518832224718e+00
1.00023324858591489e+00
9.67181732213178713e-01
1.00269355519462056e+00
9.98724547295425924e-01
9.99752169448825945e-01
1.00023655705200687e+00
9.99748258926057010e-01
9.79369038776565337e-01
9.97083048832213326e-01
1.00210196713916821e+00
1.03089020798161335e+00
8.66736798253205709e-01
9.95845278583248228e-01
1.03079082741427674e+00
9.99565220154371215e-01
9.98500832379961012e-01
1.00665318217824673e+00
1.00179732169700730e+00
1.00143081208284679e+00
1.02320868153942279e+00
1.02940361783789225e+00
9.69733260176982581e-01
1.00108766400687776e+00
1.01482066810786176e+00
1.00329479120159215e+00
9.99914141636052300e-01
1.00057015490389900e+00
9.99530192338748180e-01
9.34325776386869422e-01
9.87863205584761150e-01
1.00181512962517849e+00
9.99739820483521613e-01
9.95726347472625006e-01
9.91819441611949015e-01
9.99585180353420366e-01
9.95464033205534116e-01
1.00303383019527592e+00
9.99341479157327739e-01
1.00099550881715005e+00
9.99528812583667992e-01
9.99090769692840053e-01
9.99842000987739121e-01
9.48701004846472795e-01
9.95069452344770844e-01
1.00308079976312370e+00
9.97298482964945832e-01
1.00512485984995248e+00
1.00306208539782160e+00
9.98485164395569558e-01
1.02411145538133352e+00
9.95902818981897031e-01
9.80998071122499371e-01
1.02890756632753488e+00
1.00371469459483564e+00
1.00178349092786623e+00
9.98325143158230288e-01
1.00149269572013488e+00
1.02801599638863750e+00
9.99161766028022869e-01
1.00264167377906799e+00
1.00206114343759523e+00
9.99521374275485930e-01
9.89212847547294771e-01
1.00421722444059980e+00
9.90922165437034819e-01
9.99673321907416312e-01
1.00122573182294672e+00
1.00097310128618000e+00
9.02894160820528202e-01
1.00103892509939096e+00
1.01835620638072322e+00
1.00332760086196227e+00
1.00066686509434066e+00
1.00262578509230882e+00
9.98625162038774605e-01
1.00041232106823830e+00
1.00081224595518159e+00
9.99780023592371281e-01
1.00176820870091943e+00
1.00087518179548240e+00
9.99064961877100255e-01
9.99663941239816278e-01
9.98766112462160294e-01
9.90701398191286664e-01
1.00110490423734300e+00
9.96959839947349158e-01
9.99854444079436688e-01
1.01885558514594465e+00
9.99791701992689630e-01
9.53548754884952499e-01
9.67012604090522365e-01
9.73754500674475998e-01
1.02990009777965863e+00
9.92941315541161273e-01
1.00362145534444203e+00
9.93052016721880815e-01
1.02515048966756472e+00
1.00149958473640543e+00
9.98341403115779347e-01
9.99744956550644548e-01
9.95339927224536014e-01
1.02941336218511714e+00
9.95019146132795296e-01
1.00269592813886299e+00
9.97534045462525110e-01
9.97601484672386074e-01
9.96191565140744917e-01
9.33745969144459398e-01
9.99802306421403331e-01
1.00537331737296887e+00
9.99805416740073172e-01
9.99375048839647784e-01
9.99292073670540293e-01
9.99951379009604846e-01
1.00019526799822778e+00
9.97398886792034700e-01
9.99564300236843284e-01
9.89883676750088815e-01
9.99568900449179343e-01
8.71100725827002598e-01
1.00221623351031242e+00
9.94324339703236526e-01
1.00067989155791648e+00
1.00220897420844723e+00
9.98346160827212947e-01
1.00223066827389284e+00
9.95330673110794595e-01
9.98838415626545295e-01
1.00082773234147493e+00
1.02403188314502303e+00
9.99228011016906947e-01
9.18418850108086549e-01
9.72806225662183888e-01
9.98457040406985685e-01
1.00014250625746159e+00
1.00300148669276434e+00
9.99864220213692700e-01
9.00531057831510551e-01
9.52994514563218043e-01
1.02648407108523210e+00
1.00239979676386226e+00
9.99686220762985189e-01
9.95274681952816986e-01
1.03139473144153193e+00
9.62081980304978379e-01
9.54267823314797425e-01
1.00234969267696505e+00
1.00030516398457014e+00
9.13112572701719527e-01
1.00496600998909646e+00
1.00314857277066305e+00
9.97135693948690949e-01
9.63333927006126078e-01
1.00016950754758915e+00
9.62969039787354153e-01
9.96431163565482114e-01
1.03032973473387424e+00
1.02647015614125636e+00
9.99108653834271387e-01
9.99265596946035006e-01
1.02000220640303563e+00
9.76064873630652752e-01
1.00499630523777572e+00
9.93718484410346048e-01
1.00191097292766740e+00
1.01018997429408919e+00
9.99578956734878621e-01
9.98516515500274426e-01
1.03108465126001603e+00
1.00031570712465845e+00
1.00050138081705686e+00
9.98556363685239146e-01
9.99687972625163068e-01
1.01377586447634349e+00
9.99322727341331873e-01
1.00299344958917191e+00
9.35466888670706820e-01
9.45713663623255818e-01
9.96630117856053488e-01
1.00326945578415194e+00
9.71089495688499671e-01
1.00231116659173214e+00
9.93646559300383148e-01
1.00118879657388637e+00
9.12357576804164072e-01
9.33716273913259509e-01
1.02997877363736201e+00
9.20944849489197082e-01
9.96677945685186528e-01
9.78147089937146719e-01
1.00061294513619092e+00
1.03034888639002120e+00
1.00061909865269971e+00
9.97153222575614007e-01
9.99240638403448678e-01
9.99629421455433875e-01
1.00053812194111713e+00
9.99758874978231460e-01
9.66472275418659321e-01
1.00459431670096233e+00
1.00173118856664178e+00
1.03123794774780353e+00
9.99861482007281421e-01
9.73948892214272610e-01
1.03033267138752471e+00
1.00447226893980401e+00
9.99554641922700937e-01
9.38116117346006861e-01
9.99651059477116966e-01
1.00038132478521202e+00
9.99521108204451392e-01
9.76813367701651947e-01
9.99152494617357778e-01
9.96775056076899313e-01
9.57406443831743892e-01
9.99810027042627558e-01
9.99386997622673690e-01
1.00008274576434886e+00
9.99559138159304306e-01
9.98474012304534142e-01
1.02992601209154078e+00
1.00372512317548024e+00
9.99942546161806889e-01
9.99091562086928286e-01
1.00499137467951738e+00
9.99789609758992115e-01
9.99139823147974893e-01
1.00966231090731950e+00
1.01669153962034198e+00
1.00091144533627197e+00
9.98603740265848305e-01
1.00022560899524038e+00
1.00323449478571369e+00
1.00026519480068066e+00
9.98344537952093325e-01
9.98923519284884431e-01
9.99565870351555641e-01
9.99834498597723220e-01
9.95391416091194192e-01
9.99576316451584401e-01
1.00504234070213561e+00
1.02166693188077029e+00
9.99826935882203727e-01
9.84772234946941993e-01
9.99190023005449679e-01
9.99248223854167228e-01
1.00237838848223659e+00
1.00036179476744946e+00
9.80467785498328248e-01
9.95188288694898282e-01
1.00133519228863732e+00
1.00188286851497832e+00
9.99545050007037306e-01
1.00086186806990241e+00
1.00242145569499819e+00
1.01503036233931798e+00
9.95776524520234796e-01
9.99661111073396835e-01
1.00181719711213812e+00
9.99073589415005348e-01
9.61788516330355447e-01
9.99561529448122488e-01
9.70844590338686420e-01
1.00161576756029436e+00
1.01236525378876419e+00
9.99128611553259716e-01
9.99690625850039982e-01
9.99335396779547525e-01
1.00069159122143669e+00
1.00322934882859638e+00
1.00103311607545842e+00
1.01008126939674292e+00
1.00086739038940387e+00
9.99549354510239629e-01
1.00832618841587163e+00
9.53575134500394883e-01
1.00006074217735730e+00
1.02902299677214160e+00
9.99133145648326781e-01
9.60254426409580808e-01
1.00195833437030823e+00
9.98623528812531580e-01
1.00029696603250251e+00
1.00117877865754612e+00
9.99731231151024802e-01
1.02765908597329547e+00
9.99814609463694159e-01
1.01178858526032878e+00
9.99539102269846103e-01
1.00048884055159037e+00
9.90387065428998015e-01
1.00614645186451623e+00
1.00063887242607352e+00
1.00135822603874924e+00
8.57649517691664642e-01
9.12504696834966600e-01
9.96975991361211955e-01
9.97680045000595705e-01
9.99279351737654253e-01
9.92164264651639538e-01
9.98908313070568377e-01
9.94739666821291446e-01
9.83160063584486266e-01
9.85748567908039441e-01
9.99445601308000864e-01
1.00252580208401376e+00
1.00480902057270005e+00
9.99627356148152013e-01
1.00092752197545232e+00
9.89894525622644683e-01
1.00042629647191617e+00
9.99798475109285434e-01
9.79258889001409116e-01
9.95700715566730565e-01
1.00724085102370653e+00
1.00090767918505597e+00
1.00212227194413273e+00
1.01856592310432870e+00
9.99455607653911504e-01
1.00354074711172636e+00
1.00236645558158699e+00
9.99319868079800666e-01
1.01171298953543443e+00
9.92230529302346120e-01
9.99288698174950918e-01
9.99414781685359577e-01
1.00091163058617383e+00
9.53817465320703550e-01
9.98057082627033187e-01
9.98420235229232844e-01
9.40589607640085479e-01
1.00087512859778172e+00
1.01619355382867460e+00
9.99509947210821870e-01
1.00282978260058342e+00
1.01779887065772678e+00
9.97960315459221259e-01
9.99337657693570969e-01
1.00372185572850059e+00
9.99428946265566887e-01
1.00083610735091266e+00
1.00060233758527639e+00
1.00277497237598245e+00
1.00031364396948952e+00
1.00317746310610634e+00
9.99947976927388682e-01
1.00070109340739588e+00
1.00101483226810295e+00
1.00284637628965800e+00
8.60228489923460682e-01
9.92597555569294299e-01
9.98225864341140690e-01
9.88436039952061973e-01
8.73197427430447926e-01
9.90144471298533557e-01
1.00004657888064719e+00
1.00092657237601368e+00
1.00001543521655756e+00
1.00283711882449356e+00
9.95189676028419790e-01
1.00033478424161437e+00
9.97724484173080906e-01
9.99362777292250426e-01
9.99396833885305980e-01
1.00033528004815930e+00
9.59433509621392955e-01
9.75707999177353513e-01
9.23126968549604188e-01
1.02609257087259809e+00
1.00929206759715995e+00
9.96721950161220560e-01
9.99260070858549398e-01
1.02623109814051428e+00
1.00207838685046768e+00
9.97458760464796312e-01
9.75399738104600234e-01
9.98387334453804010e-01
9.98799767224968216e-01
9.99631131901925651e-01
9.05378701628120286e-01
1.00108718041238109e+00
1.00121334418016916e+00
1.02644019453582636e+00
9.90177459386136327e-01
1.00259518899146638e+00
9.99112434864238841e-01
9.96276764115548663e-01
9.99213218561435745e-01
9.99620730991146011e-01
9.68630979499435663e-01
1.02737347502832743e+00
9.95619660936208906e-01
9.88893326595188471e-01
9.98244037488272395e-01
9.99498591750472509e-01
9.53199384217542134e-01
9.98392470828776801e-01
9.97626864769284083e-01
1.00002439278162236e+00
9.98905066569756972e-01
9.04894278306193067e-01
9.98777264749705296e-01
1.02447525128762362e+00
9.99481056474376794e-01
9.98928345813542617e-01
9.94256465107207110e-01
9.98937400900141714e-01
9.99247790854817741e-01
9.94500020895085601e-01
1.00069237218783180e+00
9.71815970422403197e-01
1.02126149547098688e+00
1.00045298603973198e+00
9.99661871578770067e-01
9.97431442733208606e-01
9.99601741142792655e-01
1.00123151870521720e+00
9.90961490214218976e-01
1.00021780525848913e+00
9.56364128978369199e-01
9.98224520907973312e-01
9.99559529807882208e-01
1.00162456581917714e+00
1.00445300583399866e+00
9.61785171618375845e-01
1.00032273175483577e+00
9.99587860375356518e-01
1.00722324143633535e+00
9.75884685493849879e-01
1.00055455925729753e+00
9.99692133341977485e-01
9.99391826165866637e-01
9.55534494732406592e-01
1.00516656636839219e+00
9.99131249635811902e-01
9.94832624761249007e-01
9.71154805325759041e-01
9.37660863373573683e-01
1.01210494796745532e+00
9.22353560242062165e-01
9.55634011039255382e-01
1.00052644445523531e+00
1.00076336305563940e+00
9.99896839215807742e-01
9.23099552190382755e-01
1.00012948217922948e+00
1.00183422871948724e+00
9.91443364724485132e-01
9.97589571183318369e-01
9.99360776768118408e-01
1.00079249001107273e+00
1.00353624299623778e+00
1.02870151529719966e+00
1.00287770068108295e+00
9.81606505372399907e-01
1.01085356940891202e+00
9.89992175979161781e-01
9.58792198349315394e-01
1.00349349967759527e+00
1.00232995256825830e+00
9.95549612752564927e-01
1.02234166727106257e+00
9.97311400808288617e-01
9.98994736894071256e-01
1.02721885953451286e+00
1.00234333018364952e+00
9.99957387954487409e-01
1.00100980852476140e+00
9.94652098664151274e-01
9.99485255896433111e-01
9.99718488967516694e-01
1.00239098008154004e+00
1.00265641296163310e+00
1.00372208128547835e+00
1.00835409080241600e+00
9.06374799609243942e-01
1.03094038022356793e+00
9.96011128306041327e-01
9.91576065641318727e-01
1.00071072841291953e+00
1.00034935684464399e+00
9.95199102503965594e-01
9.86802518115927785e-01
9.99430203129237582e-01
9.24395474476761292e-01
1.00313286180804240e+00
9.16476993463789746e-01
1.01656293654384466e+00
1.00651178849939482e+00
9.99170106153020821e-01
1.00085549374757288e+00
9.98487570285997661e-01
1.00085402679372137e+00
1.00106704777272060e+00
9.98803685551669873e-01
9.99234304415469232e-01
1.00602423223528925e+00
1.00001044497118152e+00
9.96293271166402317e-01
1.00022961847554859e+00
9.99131041675540010e-01
9.98695817269442676e-01
1.00065330274909980e+00
9.98796455863220967e-01
1.00029902298154583e+00
1.00318557634549199e+00
9.94952301120400784e-01
1.00190334158166339e+00
1.00057145538409564e+00
9.98943323863734189e-01
1.01400128190033278e+00
1.03007010235776031e+00
1.00185241407609293e+00
1.00076073673376831e+00
9.98938541933639734e-01
1.02699463307414773e+00
1.00517453005541846e+00
9.93936090828385965e-01
9.99560903237974530e-01
8.94158036557598290e-01
1.00015677141730408e+00
1.00028454778871412e+00
1.00095039491737303e+00
9.78938455205889846e-01
1.00194112557142256e+00
9.80968022108077431e-01
9.99607774796988702e-01
1.00226185632099640e+00
9.99604602317513580e-01
1.00287494065152627e+00
1.00528972256278637e+00
1.00343813250960179e+00
1.03099632694326182e+00
9.98806315434481506e-01
9.97291249365109489e-01
9.48198673484056176e-01
1.02707047090339598e+00
1.00257412448783700e+00
9.99311739727339443e-01
1.02983058457534637e+00
9.55028821904668201e-01
9.94039995073983218e-01
1.00079709052425070e+00
9.99028708035437973e-01
1.00398114186400145e+00
1.00109784966341220e+00
9.73816117203339382e-01
1.02553629089160658e+00
9.98833713806958068e-01
9.82376673041225335e-01
9.99716916377870302e-01
9.99625831458803460e-01
1.00304607615409447e+00
9.97688055369167714e-01
1.02106561142960173e+00
1.00223502822305366e+00
1.00086490117189086e+00
9.99022442191574100e-01
1.02349634697882719e+00
9.99227871773615606e-01
1.00051236921138309e+00
9.99762472320483764e-01
1.01292187807338174e+00
9.58095951718194505e-01
1.00550736957031206e+00
9.83235019802872534e-01
1.00081834690848503e+00
9.76253300088857245e-01
1.00136689953052738e+00
1.00281176427125196e+00
9.01968526645291258e-01
9.98131506854363137e-01
9.99065563640492149e-01
9.90909197054380408e-01
9.98758604906798020e-01
9.99962993803063749e-01
1.00166094044408616e+00
1.01217591239377014e+00
1.01799651901105115e+00
1.00519065696374410e+00
9.99079699761450390e-01
1.00052486720601919e+00
9.98942876416071601e-01
9.72800609073534828e-01
1.00881056892905563e+00
1.03035241893411755e+00
9.99156533976009564e-01
9.97704587865804848e-01
9.99675941820429848e-01
1.00262801627547993e+00
9.52500331931118716e-01
9.99111757531845446e-01
9.84876447511993214e-01
1.00234776527462444e+00
1.00004757711887815e+00
1.00215156666499583e+00
9.98408128003407058e-01
1.02473072658019038e+00
9.99599574813467062e-01
9.99503054501146071e-01
1.00209056334508428e+00
9.98748621470555542e-01
1.00168267337407424e+00
9.98998567757104161e-01
1.00130706512458589e+00
1.02671696947540614e+00
1.00299363773947059e+00
9.99219330026008934e-01
9.69916384517365837e-01
1.00080229069266369e+00
1.02307388534186416e+00
1.00355458278014020e+00
1.00236589356243444e+00
1.00265617112930161e+00
1.02922722271834011e+00
1.01241747585909536e+00
9.99217370429699714e-01
9.91785082039855825e-01
1.00529352042027575e+00
9.98555186062424438e-01
9.98985606012720684e-01
9.99064276135947948e-01
9.08845933043023191e-01
9.99645436040358382e-01
1.02863055578811724e+00
1.02943880910928653e+00
1.02019161842042405e+00
9.26201452623081178e-01
9.94333720085377792e-01
1.02592035072380772e+00
9.99627912133474350e-01
9.97403678643064118e-01
1.00181649173292531e+00
1.00131024205358443e+00
9.90788650767616907e-01
1.00080223942736968e+00
1.00045582888447693e+00
9.42978394050449142e-01
9.97083922716724413e-01
9.98649689063754287e-01
1.00033216455525320e+00
1.00531102650548188e+00
9.99782943188612383e-01
1.01848958860958905e+00
1.00299449758275006e+00
9.95462616983697979e-01
9.79396856609551003e-01
9.98674924600408853e-01
9.97903118306163406e-01
9.99611917255794014e-01
1.00348009492871992e+00
9.40392085306017700e-01
9.98995064913718145e-01
9.84445873287833506e-01
1.00436460128234351e+00
9.99665091619179158e-01
1.00277199912014714e+00
9.94815121258034507e-01
1.00296662564290928e+00
1.00947198636469793e+00
1.00753136861144177e+00
1.00227674573535652e+00
9.98388783651731448e-01
9.99644047697702542e-01
9.29125670675801207e-01
9.99770809712504538e-01
1.00287035335721986e+00
9.96500092480150701e-01
9.36170374205969491e-01
1.00096525615715870e+00
9.90785160396130626e-01
9.92024949176981585e-01
9.90714268470798243e-01
9.99492888805116997e-01
1.02552535397547073e+00
9.99228944990320445e-01
9.99171017568803443e-01
1.00487797968929304e+00
9.98804737605504478e-01
9.84479926496198199e-01
1.00195227619793514e+00
9.83437026396653202e-01
9.99054800535332244e-01
1.00774327050334467e+00
1.00259774707063465e+00
9.63932740072588445e-01
9.82361098060442250e-01
9.92004242598865882e-01
9.99069571075508533e-01
9.98468851456629558e-01
1.00291419177645169e+00
1.00053030115650055e+00
9.97794822532772629e-01
9.98661552973599376e-01
1.02162927930844449e+00
9.99607081633710148e-01
9.98342247708542629e-01
9.94833468229223139e-01
9.49985686654759132e-01
9.99198993988593465e-01
9.99503117460691204e-01
9.99653630788197245e-01
1.00119470471168404e+00
9.99296495753604685e-01
1.00172767779887883e+00
9.99088127297261153e-01
1.00117582858121867e+00
9.99263387178717322e-01
1.02510501159878875e+00
9.99663761426631048e-01
9.97607422512056363e-01
1.00484607389800229e+00
9.99512737298203113e-01
9.98250523225658659e-01
9.92884325541464885e-01
9.92144861582608617e-01
1.02577506076148728e+00
9.93854902442438237e-01
1.00334846788269938e+00
1.01510390373151949e+00
9.95018548900311273e-01
9.99567132780879830e-01
1.01593997841567929e+00
1.00048056105954308e+00
1.02423688709287442e+00
9.99013094662313250e-01
1.00504558708029568e+00
9.95135697176620204e-01
9.95318292818586969e-01
9.99356239885146214e-01
1.00209173366218152e+00
1.00322522298258954e+00
9.91726841462321818e-01
1.00401366380023194e+00
1.00016499664554637e+00
9.98760386281937085e-01
9.99516459025179826e-01
9.96406103553701739e-01
9.99026168070601961e-01
9.99607497852999183e-01
9.99521564570205245e-01
1.00045552688936645e+00
1.00043091454044974e+00
1.00146579270259339e+00
1.00175877533809721e+00
1.00072095894204871e+00
9.99532349983756507e-01
9.94727287781921765e-01
9.95607317391693836e-01
1.00321490095578914e+00
9.94155107561106921e-01
1.00067994736321619e+00
1.00186808352369838e+00
9.72134804674627317e-01
9.99193282212692657e-01
9.53953342485811984e-01
1.00196432310463179e+00
1.01587550100673463e+00
9.68230077607966422e-01
1.00214922451213884e+00
9.93472370093002821e-01
9.99512261287901826e-01
9.99357317595283567e-01
1.00011237428283795e+00
9.66220863535654395e-01
1.00674630425890799e+00
1.02102560408980736e+00
9.68727823345448491e-01
9.98634023909496182e-01
9.73357864942971274e-01
1.00013022292214182e+00
1.00127916075050205e+00
9.99874241287699972e-01
9.82593228030874122e-01
1.00071468301377253e+00
9.99586726165374029e-01
1.03008173293821281e+00
1.00273474930151285e+00
1.01346120868783274e+00
9.99484376714861789e-01
9.89730892487043601e-01
9.73328353949977410e-01
9.87266888032344192e-01
9.60271023050609185e-01
9.98364898524574773e-01
9.73488036985416749e-01
9.98523813413319750e-01
9.92358309934190830e-01
1.00001606492738926e+00
9.94673144956039423e-01
9.93918056910732872e-01
9.88389640516765255e-01
9.95599303461995766e-01
1.00013446394107741e+00
9.64876393257918741e-01
9.99200072393744532e-01
9.99718883543957548e-01
9.99636905195647851e-01
9.96832997681037836e-01
9.99408517118022699e-01
9.90546573125339780e-01
9.99522922529927915e-01
1.00150534893432686e+00
1.00862258405698069e+00
9.99896776329170733e-01
9.92680923682050853e-01
9.99254326665394044e-01
1.00084519739634237e+00
9.99329968729496754e-01
9.90078331856134697e-01
9.99363668959028284e-01
9.27039049834763484e-01
9.99046054113754689e-01
9.89480482486520763e-01
9.98649064249169438e-01
9.99827993619952227e-01
1.00077496053641579e+00
9.96198309948730487e-01
1.02104566128697494e+00
9.97517847049824158e-01
9.71805715831790762e-01
9.92436407818002575e-01
9.98545892565784632e-01
1.00008291744971967e+00
1.00140302779467816e+00
1.00219657709800947e+00
1.00029940659548844e+00
9.48645633098688434e-01
9.99520639802576549e-01
1.01987044193439846e+00
9.99964632703976175e-01
9.98869072580532258e-01
9.94426071702891323e-01
1.00225980292445871e+00
1.00036286182069878e+00
1.00177240982404570e+00
9.99594682944223378e-01
1.00226847437213551e+00
9.99803957237633378e-01
1.00523604018460055e+00
9.99940601853754552e-01
9.84153953841304219e-01
1.00318830945042303e+00
9.66448649322015907e-01
9.99549896333251309e-01
9.89287987587302742e-01
9.99826362406966984e-01
1.00170462173561448e+00
1.00188123625728309e+00
9.91925599083608223e-01
1.00465098673210984e+00
1.00009723347618062e+00
9.99985760162283799e-01
1.01024338418847615e+00
9.90149266590437671e-01
9.91782901090455193e-01
9.99389222624952556e-01
1.00328136008454116e+00
1.00187375521161015e+00
1.00086455407610408e+00
1.00671811479747686e+00
9.76336012667688657e-01
9.53445243290719668e-01
9.92899244712139306e-01
1.00125801755148158e+00
9.89381289300716893e-01
9.42918237248411062e-01
9.93553341803976142e-01
9.92166139753048570e-01
1.00069239180034342e+00
9.99283982685233330e-01
1.00030094078282139e+00
1.00100825621421374e+00
1.00198550568829114e+00
1.00040466798152039e+00
9.99884567078992204e-01
9.96868798956100144e-01
9.98666837310851707e-01
1.01632023065589538e+00
9.92105925422585133e-01
1.00197721078232993e+00
9.98777592360490574e-01
9.22246823760063505e-01
9.99283533984260064e-01
1.00035987940911153e+00
9.99214844377867006e-01
1.00015792606683473e+00
9.50342410336393995e-01
9.67512802561161345e-01
1.00134362848504144e+00
9.99147179732349344e-01
9.99378158024913144e-01
1.00001611823690828e+00
9.59845604874229430e-01
1.00673515766823285e+00
9.99337636309133748e-01
9.96367570550878323e-01
9.92374740287597867e-01
9.99525656708263321e-01
1.02418444955027343e+00
1.00076802010693999e+00
9.67700700766617405e-01
9.99681296221371585e-01
9.98717661724926486e-01
1.00514486566243155e+00
9.99256917969651104e-01
9.97816928984172402e-01
9.92240770494392077e-01
1.00308151366893417e+00
9.56001409841853778e-01
1.00312708843327814e+00
1.00157937621858895e+00
9.99246742529957710e-01
9.75131191003839271e-01
9.99863252162397131e-01
1.00769341965428505e+00
9.90815456952501283e-01
1.00468770756886738e+00
1.00306604331656191e+00
9.98758889467123545e-01
9.99483529329443510e-01
1.02424798560602559e+00
1.00121209951118884e+00
9.80029758202138446e-01
9.99312076063937904e-01
9.99197941363363040e-01
9.99275409951057791e-01
1.00134731082066408e+00
1.02403851585124461e+00
9.99687036797772155e-01
9.43174905768291993e-01
9.98843528076602816e-01
9.99366496468728882e-01
1.02988004442549586e+00
1.02695655042945999e+00
1.00137551875027464e+00
9.95343437556623689e-01
1.00092567992344539e+00
1.00077047009964715e+00
9.99210821207236255e-01
1.00072735997043316e+00
9.94824017895186818e-01
1.00030606060371507e+00
9.93782253647397140e-01
9.99411999320528377e-01
1.00098736974250979e+00
9.99098196664596205e-01
9.86472146434567376e-01
9.92121222598540742e-01
9.30726021106910717e-01
9.97838901960164892e-01
9.92509437414011209e-01
9.93928702085956850e-01
9.99155498019077326e-01
9.71209504892168840e-01
9.99206611981410253e-01
9.99407073973593629e-01
9.99633971880870775e-01
9.99533793278539529e-01
9.99663620475996773e-01
9.94710374420910370e-01
9.92520639606026878e-01
9.99220953221441222e-01
1.00188653774247527e+00
9.93593620988894810e-01
1.00590360326216288e+00
1.00279140517386622e+00
9.99637142514164578e-01
1.00275525610170102e+00
9.99437788652976500e-01
9.98227129455700246e-01
9.98727679077800912e-01
1.00194317844081771e+00
9.98836740411661150e-01
9.98605349454357527e-01
9.94287822291686108e-01
9.95587625237881024e-01
1.02920835485090190e+00
9.97934054400935078e-01
9.96752260649879207e-01
1.02782934176472329e+00
9.99431868203893070e-01
9.98846681943016401e-01
9.98095260489936131e-01
9.99758545185955305e-01
9.99887312595735378e-01
1.00135524876353110e+00
9.35495774749422360e-01
9.99137837553547792e-01
9.78655884254888586e-01
9.99322451771037179e-01
9.76321298435834373e-01
1.00768781789295248e+00
9.97015509429280966e-01
9.99462070044853990e-01
9.95298354249691819e-01
1.00226069463421807e+00
1.01725876845726648e+00
9.99861851519824985e-01
9.94689808831158095e-01
9.91351247063562480e-01
1.00003382179828249e+00
1.00428059150127291e+00
9.94531671453241728e-01
9.48274050097623999e-01
9.76660471775796957e-01
9.99202284643460947e-01
1.00012153729325548e+00
9.98839012975407559e-01
1.00175247600552630e+00
9.99563524990672692e-01
1.00017400026306147e+00
9.98171709085663994e-01
9.90315613931271876e-01
1.00442787444004722e+00
9.94078697272424039e-01
1.00426996273541658e+00
9.98826511545386264e-01
1.00457525743465070e+00
9.28983102146391793e-01
9.94760903912089489e-01
9.97563359469427868e-01
9.70315128320593856e-01
9.80989294392777267e-01
1.00363397645085239e+00
1.00026691313693306e+00
9.95519028755351254e-01
9.93948388183861553e-01
9.94155241909387311e-01
9.99161656255313280e-01
9.96018853060857245e-01
1.00265885781270048e+00
1.00106182548277034e+00
1.02075790716105796e+00
9.99243500843486898e-01
1.00030691442924158e+00
1.00852747989739444e+00
9.99585911219112777e-01
1.00435112120414693e+00
9.94292690765016696e-01
1.01434474979804534e+00
9.00557052467220731e-01
1.00176832180782016e+00
9.31759915758014312e-01
9.97831538877028024e-01
9.98906988099472759e-01
9.77650237450826021e-01
9.92125794562654484e-01
9.91820306440803545e-01
1.01963537580255492e+00
8.93611329094662010e-01
9.99178573475948850e-01
9.92676156398353493e-01
9.98064020092199411e-01
1.02325525535271966e+00
9.40206288611776131e-01
9.82032592764396250e-01
9.92877124910342412e-01
9.99997740762005205e-01
9.94595370993527572e-01
9.92499188109316255e-01
1.00027335696560771e+00
9.97473815536497721e-01
9.39914638949124415e-01
1.02520247160649847e+00
9.99823855181679044e-01
1.02459193523841363e+00
9.93307595110355823e-01
SCALARS pressure double 1
LOOKUP_TABLE default
7.14686937750049434e-01
7.14736849784809003e-01
7.13889006730468956e-01
7.20284235526811645e-01
7.14415384745237914e-01
7.19227757148645508e-01
7.16537800450323004e-01
7.12631208335800848e-01
7.19433213758664425e-01
7.13852747127875498e-01
7.13642176442840781e-01
7.05509820194930803e-01
7.18009909184666451e-01
7.14879933563984271e-01
7.16161728857303781e-01
7.11400267271896536e-01
7.09743554919894382e-01
7.17870403469573759e-01
7.14211258125858173e-01
7.12788764957672849e-01
7.05668592713051046e-01
7.10812288562063244e-01
7.17374799845069133e-01
7.08244617422945644e-01
7.13304732356773163e-01
7.18746692071881244e-01
7.05680076862643668e-01
7.13726885361413377e-01
7.27038810543046310e-01
7.15802393785239244e-01
7.16721160172987704e-01
7.29006200171314234e-01
6.59620200261493372e-01
7.07092366397829797e-01
7.19840411915177003e-01
7.17684301043159056e-01
7.12135924896715844e-01
7.12190672819232762e-01
6.79985411382331484e-01
7.27022491816644578e-01
7.11473488420116373e-01
7.12906241987689371e-01
7.23748475939884339e-01
6.73789380331849874e-01
7.10479867046584945e-01
6.13610874398789807e-01
7.14510749274084644e-01
7.14008409383370624e-01
7.20548105924508131e-01
7.13872947585229567e-01
7.13651252187049168e-01
7.19470043283925165e-01
7.13100256253012321e-01
7.16646085477622874e-01
7.17953099654211058e-01
6.60665746928187692e-01
6.21623403372809524e-01
6.89105401213251922e-01
7.11709357880550453e-01
7.18154071288644613e-01
7.17951706301667048e-01
7.19430215172289667e-01
7.15613784285264898e-01
7.24117323453943307e-01
7.18556873642202887e-01
7.12822007917913836e-01
7.12843092154868407e-01
7.13810387971985039e-01
6.75951979232832456e-01
7.14111567412177517e-01
7.12457750554066016e-01
7.15785691559182813e-01
7.07324340721642075e-01
7.02266077779806430e-01
7.18358753369071512e-01
7.13709024661154712e-01
7.15870255972942515e-01
7.17136119924421833e-01
7.19066367901782244e-01
7.13598016674367175e-01
7.12946035023617530e-01
7.17505133811404572e-01
7.18386970645333300e-01
7.14796133688377799e-01
7.15716055133737705e-01
7.14294631599193930e-01
7.13088027554709236e-01
6.76772132683551297e-01
7.11412172277334665e-01
7.44022310585761071e-01
7.24636126980878981e-01
7.13210775844424938e-01
7.13920361161817452e-01
6.84272246271769302e-01
7.13104140587392354e-01
7.09206077620804343e-01
7.11738230786131187e-01
7.16959143298505519e-01
7.19248615117811019e-01
7.02963030596112093e-01
7.13718718056971180e-01
7.16149470220145745e-01
7.08574045881855574e-01
7.21675144889268649e-01
7.28963568284921704e-01
7.14832616004755561e-01
7.14341410757786788e-01
7.13654210104632813e-01
7.18760594511162032e-01
7.15324547877837946e-01
7.12800367026411363e-01
7.26243149042804736e-01
7.14463036478855673e-01
7.14375201924771885e-01
7.16642224057007060e-01
7.13918149076584907e-01
7.01793134228616777e-01
7.15421286559935865e-01
7.13697034418610321e-01
7.14762793034300348e-01
7.16424461959287107e-01
7.05359252157219063e-01
7.18279748919745553e-01
7.14547523041240695e-01
7.14904138513623333e-01
7.11611634207384602e-01
7.07301940356017789e-01
7.43629544467546921e-01
7.09085729494636996e-01
7.18685859096872881e-01
7.13647590393621023e-01
7.12402346052603663e-01
7.14023912943307137e-01
6.87228798963681276e-01
7.15256305017797245e-01
7.18165408665983884e-01
7.11123718415004435e-01
7.11610010407099924e-01
7.01459770950063732e-01
7.15695386351060447e-01
7.16187934538894067e-01
6.85406314244786929e-01
7.11517648272334990e-01
7.12414967146793532e-01
7.13999594881824073e-01
7.13733888768300240e-01
7.19754814255351039e-01
7.17168485979814530e-01
6.97275936501935090e-01
7.02726711393272696e-01
7.14663082764088964e-01
7.05897063925416735e-01
7.02714983740883370e-01
7.14751543206915918e-01
7.22527220087803679e-01
7.06777845543767880e-01
7.11505390577550356e-01
7.14320527240529524e-01
7.07598142141018793e-01
7.14665804948072636e-01
7.17427815062594787e-01
7.07853381069758703e-01
7.17420956266967891e-01
7.15053683424097364e-01
7.18847946760411749e-01
6.87480875662322188e-01
7.12010722669403573e-01
7.14040714700970414e-01
6.02699199863379165e-01
6.83296849344556256e-01
7.26215552788679886e-01
7.12566053419261602e-01
7.15296703589213489e-01
7.17996034139362749e-01
7.16667795291769494e-01
7.14322582191011191e-01
6.77465055047929421e-01
7.13819229711426972e-01
7.18036604288955216e-01
6.82776712630693061e-01
6.20859353455948781e-01
6.82879108569773074e-01
7.14645316748732662e-01
7.19631073509109931e-01
7.08829849789806232e-01
7.13683512179749902e-01
7.13635630025556078e-01
7.12460337177243996e-01
7.09850713059133387e-01
7.18603454235856698e-01
7.13466102727673412e-01
7.15582209500013167e-01
7.13666584307393825e-01
7.14215384455368030e-01
7.11390370918230319e-01
7.13760744952955828e-01
7.10210378742381354e-01
7.12625848768576264e-01
7.18267359242831138e-01
7.16868716039644638e-01
7.16231844676669227e-01
7.18243825798037694e-01
6.79964099613898365e-01
7.17466153847929999e-01
7.13319273490347849e-01
7.13808898907307254e-01
7.16886306922847050e-01
6.64128009279741693e-01
7.16977071938231569e-01
7.06086428002191013e-01
7.12711887030379687e-01
7.12089297952731015e-01
7.10053199385494938e-01
6.79744876522593411e-01
7.17826586375952758e-01
7.18881511290704656e-01
7.09016650687451899e-01
6.25776258132940910e-01
7.08008613785886864e-01
7.17107035140181037e-01
7.06843977572486848e-01
7.16655251707892127e-01
7.13423538100328214e-01
7.13416038520336415e-01
7.24719329667287915e-01
7.13212793069174955e-01
7.13276114295250063e-01
6.69944477833094854e-01
6.81243980347215783e-01
7.18408021504885141e-01
7.10794205793795153e-01
7.01908338835322887e-01
7.09658430116694161e-01
7.06917522665476583e-01
7.12405519931532116e-01
7.19666372870722659e-01
7.17968858052580594e-01
7.21719744311339229e-01
5.96312574792473571e-01
7.14004339273881738e-01
7.29367298876440362e-01
7.24048744379196973e-01
7.07602809504608632e-01
7.13490036102436997e-01
7.13927268185019837e-01
7.18351936077296416e-01
7.10511633455882641e-01
7.23388171995616336e-01
7.14466133682349569e-01
7.07111787735534736e-01
7.15603083690132924e-01
7.10259729405825047e-01
7.11566500655190115e-01
7.13934544033223983e-01
7.11268564685831883e-01
7.12762860178272617e-01
7.15678264017176491e-01
7.14766197101353695e-01
7.14370670517622375e-01
7.31302646240910903e-01
7.08521945825794308e-01
7.14379840872397920e-01
7.11883378639450393e-01
7.14613519476625547e-01
7.09712690741037711e-01
7.14092250487176283e-01
6.98441234076810136e-01
6.96564937051156963e-01
7.15425700963472577e-01
7.17383951926247820e-01
7.10095277307260409e-01
7.17503045644893533e-01
7.09406460149712204e-01
7.13546483640209561e-01
7.15506983491116744e-01
7.11866079765880566e-01
7.20916155837326600e-01
6.97972125308514380e-01
7.03431141209983291e-01
7.06639557250652417e-01
7.18835829937767623e-01
6.97653335844876210e-01
7.13114482709137798e-01
7.06664871138027673e-01
7.13182296224970425e-01
7.14847597807745649e-01
7.40111888506473137e-01
7.14028657974857150e-01
6.72068599732065119e-01
7.13068932491252028e-01
7.14445369478213022e-01
7.13850325542626174e-01
7.13902606306828669e-01
7.13352937650852059e-01
7.16125562122780335e-01
7.07074141544495105e-01
7.13839979473739450e-01
7.17341313476143494e-01
6.87284946544252429e-01
7.08676771936438632e-01
6.93303683980411423e-01
7.12895216901312523e-01
7.10838033007430536e-01
7.14668685203135534e-01
7.13849584124211289e-01
7.14064938473036426e-01
7.12147460994062231e-01
7.07504940658233439e-01
7.15199226399330756e-01
7.09318722728390028e-01
7.26575576703880621e-01
7.17060754657886434e-01
6.85831434560690623e-01
7.18399698148878718e-01
6.66560391782476169e-01
6.41651205917192380e-01
7.13497597875979550e-01
6.96146150992801083e-01
7.16333920536865620e-01
7.14837052117664906e-01
7.27104140636735896e-01
7.35041410473990076e-01
7.16076818082213129e-01
7.14617304301114364e-01
7.16483036891148561e-01
6.85268112722263179e-01
7.24489928792381277e-01
7.09931464064864182e-01
7.13840956620162337e-01
7.14735918499566192e-01
6.11579611866189365e-01
7.13932435080774641e-01
7.21984179483484922e-01
7.11434435274752697e-01
7.18159716463917852e-01
6.92414609326314046e-01
7.15012421774653073e-01
7.13852667762333137e-01
7.14481533958629011e-01
7.20392274684344969e-01
7.13864775819516906e-01
7.14975935561360521e-01
7.11181427219329310e-01
7.15731211559041958e-01
7.11842751105553506e-01
7.26690098728390410e-01
7.13871285184036419e-01
7.13602647959818981e-01
7.14291494529116111e-01
7.07549856566383917e-01
7.14266822169948745e-01
7.07843182936655935e-01
7.11250448898728793e-01
7.28794132726703014e-01
7.14032777777955152e-01
6.99048870915620513e-01
7.15173620742217908e-01
6.99466427194430640e-01
7.14927014983246845e-01
7.15424681908479299e-01
6.97044456353407949e-01
7.31933081066679980e-01
7.13738353186018748e-01
6.03448819781487011e-01
6.67655796024418158e-01
7.17737934008920719e-01
7.18711720315999392e-01
7.11990638292479994e-01
7.07346147608840847e-01
7.11960133139603379e-01
7.39403498637187462e-01
7.14195299241162984e-01
7.12284856178100889e-01
7.12083072343213552e-01
6.81048981912725337e-01
7.19297098909327470e-01
7.14975569144538414e-01
7.12360275480926397e-01
6.78418030551669937e-01
7.15069660165578269e-01
7.12907294464718566e-01
7.14828347622751159e-01
7.05759689627290854e-01
7.13957682047136832e-01
6.88641587650315690e-01
7.16087408195195785e-01
7.14704009415067509e-01
7.18815730891183891e-01
7.13837705582216042e-01
7.13215034177266394e-01
7.18521916558734652e-01
7.10207018903809995e-01
6.82842680051789608e-01
6.46914433477717821e-01
7.01597803385931473e-01
7.15654037017482536e-01
7.14241248142956198e-01
7.13209167359209251e-01
7.05762910064380189e-01
7.16338442275844312e-01
7.14389570099871474e-01
7.36465558567133360e-01
7.18319641454808089e-01
7.21308259773927207e-01
7.15129560045403068e-01
7.14023408951676708e-01
7.13585060050126563e-01
7.13922802671297485e-01
7.13286938409989579e-01
7.15083860044636532e-01
7.12915923410608166e-01
7.14352530954549869e-01
7.15369157968533731e-01
7.08086905047836779e-01
7.14551615077755220e-01
7.16399314273204690e-01
7.14833265611284685e-01
7.14392826002275161e-01
7.14200644687931985e-01
7.12990595944821393e-01
7.13129058025618656e-01
7.14403729763444129e-01
7.14636643075086453e-01
7.17268509143384025e-01
7.11842672266222332e-01
7.14801464365823924e-01
7.00213331724911292e-01
7.14548632855449672e-01
7.14387131877820880e-01
6.55959374493414571e-01
6.95612204921322808e-01
7.08297036781775358e-01
7.14432656454104253e-01
7.24700419547966268e-01
7.16632797144721612e-01
7.26097181267671532e-01
7.02437949116287208e-01
6.97640728386588527e-01
7.12014699385933869e-01
7.12989523296662653e-01
7.15254831801089952e-01
7.19104505673034633e-01
7.13547134172612174e-01
7.15067214688175024e-01
7.19714565224913616e-01
6.98863581849318960e-01
6.91895674725017784e-01
7.15029322098370557e-01
7.18239029868975254e-01
7.13754666609322963e-01
7.15108406637770644e-01
7.12142422467263558e-01
7.15519393113221103e-01
7.11997969838280231e-01
7.21745215112187255e-01
7.13241528904016042e-01
7.13567648697205348e-01
7.26645488247419147e-01
7.16537652187236085e-01
7.15150110441187370e-01
7.15075803837281643e-01
7.14783568396668789e-01
7.08850456291631903e-01
7.24172893960680186e-01
6.96192473158181446e-01
7.10072719927407281e-01
7.16135261002556200e-01
7.14749793522981847e-01
7.18374887186385869e-01
7.02685423893216754e-01
7.11736211597137181e-01
7.12861059198626079e-01
7.18348818810855549e-01
7.14683016475025190e-01
7.15055268155961321e-01
7.15768659201336255e-01
7.16166384885950635e-01
7.14315519842906865e-01
7.13838897254768345e-01
7.13799459210672338e-01
7.12375613211047254e-01
7.24112832387492911e-01
7.14256051797686586e-01
7.17789072803950545e-01
7.15206466843197775e-01
7.06377704442755383e-01
7.11985103611950443e-01
7.15818124273127188e-01
7.15423665267143627e-01
6.95619473314687542e-01
7.13669682128050709e-01
7.25771567775709170e-01
7.13560317599519212e-01
7.17942320076123797e-01
7.14294444553338237e-01
6.78954560386678674e-01
6.75825985658542239e-01
7.08614085642131797e-01
7.13076833421372736e-01
7.17144083688058265e-01
7.12181293017967287e-01
7.12793921909672834e-01
7.13475707131089543e-01
7.09355044995201633e-01
7.13815752919933266e-01
7.26831251662236055e-01
7.14454979241061383e-01
7.15091135708917136e-01
7.14470228995464196e-01
7.13834137699987603e-01
7.08152176026061064e-01
7.12442963651360728e-01
7.15291184714677564e-01
6.91560142059227334e-01
7.13244286827510732e-01
7.12515176916856841e-01
7.19649377111178601e-01
7.11694935363602177e-01
7.14178748015238951e-01
6.87178925487438974e-01
7.05449860530896533e-01
7.17638338501994544e-01
6.86598787919742715e-01
7.06217020451010424e-01
7.14575879765453004e-01
7.02227163865422166e-01
7.21027696244712968e-01
7.28896249075840275e-01
6.99337476904736799e-01
6.90381540181475239e-01
6.88127392824651074e-01
7.15924278356556698e-01
6.97576449357401818e-01
7.12282994404237146e-01
7.12525881961724838e-01
7.14581399798753569e-01
6.91700710076357583e-01
7.13047363000908541e-01
7.12925091506034225e-01
7.22016899675807511e-01
7.14215357584626065e-01
7.14169187012264728e-01
7.19346217953262479e-01
7.13748849832638865e-01
7.02042373041748102e-01
6.88083557984055960e-01
7.14632428377349749e-01
7.18036685076668513e-01
7.31352311219999551e-01
7.14544672901638589e-01
7.14366148854417182e-01
7.16904855546557362e-01
7.14574651261773552e-01
7.18399485048180186e-01
7.14542172873030457e-01
7.16662925485848645e-01
7.20930188599822386e-01
7.13886677900777200e-01
7.14476182605016774e-01
7.07823620955802535e-01
6.79553666561776071e-01
7.14915908701900693e-01
7.05479162344061050e-01
7.18358319608409679e-01
6.04742710444662990e-01
7.15661449405576633e-01
7.16716136366912671e-01
7.14031359001606969e-01
7.18170767426794421e-01
7.17145552831992106e-01
7.17920540998291168e-01
7.14703268238585876e-01
7.14443380438716136e-01
7.15327967862313563e-01
7.13333936175698735e-01
7.03233234768207427e-01
6.90525407385204071e-01
7.15865034528112676e-01
7.17180519822089413e-01
6.86441711494049533e-01
7.16693218878532878e-01
7.13951486445301264e-01
6.92079618372687833e-01
7.02512920903784255e-01
7.18957797613705485e-01
7.13918469568881164e-01
7.07068103676947390e-01
7.26605687230074238e-01
6.71571800778690720e-01
6.99779668188209136e-01
7.13140550101235338e-01
7.13736659533829587e-01
6.36350896573611435e-01
7.19498079215829311e-01
7.11665170892301635e-01
6.86065261411348160e-01
7.13727218477228087e-01
7.14602946329334854e-01
7.14067621843324285e-01
7.14351611857001134e-01
7.14717152072261164e-01
7.12282631780869813e-01
7.14239702812440758e-01
7.02854701200905985e-01
7.27991792663316928e-01
7.13797995200936786e-01
6.99902827170329034e-01
7.30687832172914997e-01
7.13817525392966834e-01
7.14933345617565164e-01
7.13143117259958603e-01
7.13979912232398761e-01
7.12804545981055249e-01
7.23326836846136412e-01
7.14893642122718775e-01
7.14765793365406021e-01
7.11529800153803293e-01
7.15122280670747679e-01
7.19377194093277939e-01
6.84594375253902099e-01
7.18258427395931043e-01
7.14308830666181449e-01
6.82584442990916807e-01
7.15371848122678844e-01
7.07155904166753224e-01
6.96890548105932539e-01
7.04244842998342668e-01
7.13963465366981076e-01
6.96753235143279137e-01
7.14183741554515694e-01
7.14843339571992309e-01
7.03236290021295729e-01
7.16189382245665751e-01
7.13980846132924007e-01
7.25043152372184196e-01
7.38830966650031895e-01
7.19510767543996677e-01
7.11920119049516797e-01
7.18241878460441074e-01
6.97397603986746328e-01
7.13974112962182605e-01
7.12997769477712540e-01
7.14115858001521553e-01
6.80001215817973459e-01
7.10540223530772508e-01
7.09621667913825749e-01
7.17476035300887216e-01
6.23194729486049481e-01
6.58983583446972165e-01
6.89350694273299536e-01
7.22336845633448910e-01
6.80015353807796874e-01
7.13560694599000067e-01
7.17372146206553318e-01
7.13920221281889589e-01
7.15170008670318214e-01
7.43759107415367438e-01
7.15091233851084751e-01
7.14997332233803351e-01
7.14467104687323107e-01
7.15174807098810095e-01
6.91899830628919688e-01
7.14665134252156498e-01
7.17661028632985420e-01
7.17794538092845436e-01
7.16282360281715991e-01
7.12113506727283907e-01
7.13406091663837949e-01
7.18977521384943974e-01
7.14901537316031788e-01
7.07725752549957843e-01
7.15058962411041055e-01
7.11530954096467161e-01
7.15245384836346032e-01
7.14747585990528234e-01
7.13548975218955550e-01
7.15849218042959423e-01
7.13819352254546402e-01
7.06705418593248313e-01
7.35918692189972967e-01
7.18709167075999078e-01
7.14682094968430270e-01
7.14506048493331547e-01
7.01667004766674762e-01
6.92767635378250812e-01
6.97199689776419107e-01
7.19269642678666887e-01
7.14501406505620440e-01
7.14477257863649795e-01
6.73077251338691007e-01
6.98309238640272389e-01
6.24444688971373729e-01
7.15464067751263144e-01
7.16227782846561079e-01
7.14555368750146136e-01
7.11241340794183996e-01
7.15281182230807389e-01
7.17237996065008709e-01
7.08243690883561761e-01
7.13894268141687771e-01
7.13628359901418707e-01
7.13917601090283016e-01
7.13800263591514050e-01
7.11136040498684840e-01
7.12064357571222550e-01
7.13408508030902944e-01
6.78693928231594579e-01
7.13708498740661557e-01
7.14124018969387597e-01
7.13579152269103623e-01
7.11204444679179981e-01
7.18204125248695147e-01
7.14520827966814487e-01
7.17307588219787573e-01
6.92320524634448264e-01
7.12606561071963074e-01
6.97503713121414237e-01
6.85147708515179810e-01
7.14022484403430191e-01
7.15160794317500126e-01
7.06908166886664246e-01
7.14224069021250130e-01
7.20446379828402761e-01
7.43972872116434369e-01
7.11512656873669380e-01
7.09893650655047614e-01
7.22777261748459687e-01
6.66059626092725399e-01
7.14986726808684026e-01
7.15518617619068875e-01
7.11136457368770958e-01
7.22961423225002453e-01
7.17081916862172375e-01
6.96606733679630219e-01
7.30717577436869381e-01
7.15671321981402486e-01
6.75438646058839409e-01
7.13934556307319945e-01
7.18852234216682429e-01
7.12642875897268602e-01
7.14614044419883743e-01
6.43386031445484452e-01
7.39284664521317358e-01
7.16491631649833649e-01
7.17069642676227414e-01
7.15880719707378987e-01
7.12754964039677197e-01
7.10864776439187218e-01
7.19200264138368017e-01
7.15884240759318891e-01
7.14846647472871743e-01
6.80131316952484744e-01
7.17625994348141893e-01
6.79434933075515390e-01
7.19125756945335093e-01
6.80346696086057579e-01
7.08836211241925418e-01
7.13592334612892509e-01
7.14383135384073276e-01
7.13273086055836281e-01
7.01292876184628322e-01
7.13837081545847130e-01
7.14581201345419803e-01
7.34075568092111719e-01
7.13846235512496374e-01
7.14278741299291475e-01
7.16409898069835349e-01
7.16571489889085700e-01
7.14413978917928683e-01
7.16173203576529915e-01
7.17539157360497115e-01
7.13189086630855451e-01
6.77436428692301695e-01
7.14680416375608085e-01
7.15145036574503568e-01
7.17512365988567491e-01
7.13558574450203542e-01
7.13691486758801785e-01
6.94214871129281819e-01
7.38434253459854584e-01
7.13858839224148944e-01
7.26557900731483630e-01
7.19798175860388523e-01
7.15281458461978548e-01
7.14317030659024077e-01
7.09382702595987347e-01
6.90512728031801970e-01
7.14616742575282515e-01
7.12872001477396378e-01
7.14380070010480650e-01
7.03305330185802768e-01
7.13283145062377777e-01
7.13828531547427314e-01
7.06080755750066347e-01
7.14662129400377322e-01
7.14717121890239393e-01
7.11290108911460495e-01
6.94776497042617347e-01
7.11347353944038363e-01
7.13768637199704847e-01
7.15133664351962017e-01
7.12257106420864594e-01
6.92867298292567990e-01
6.82442311335208385e-01
7.16161576791897736e-01
7.13649011313486459e-01
7.03284487135199643e-01
7.16263587917953970e-01
7.01385629359758012e-01
7.12127693132508899e-01
7.13960285519025128e-01
7.18137328940452568e-01
7.12881561363114646e-01
7.12685603041982363e-01
7.13223612255294070e-01
7.12891391628923343e-01
6.20309864504686281e-01
6.96645465143869824e-01
7.14349457270693877e-01
7.01911805104206254e-01
7.16248355308825579e-01
7.14158809092611979e-01
7.12056550522835563e-01
7.15232122032653739e-01
6.48212492714458910e-01
7.14398390955609197e-01
7.13810279011434901e-01
7.13997048397895684e-01
7.11221431835463935e-01
7.07676897364516555e-01
7.04014206940545062e-01
7.23686572410411233e-01
7.09636247506984619e-01
7.17141606745033466e-01
7.15174439590648969e-01
7.20737992415991235e-01
7.13880095351658528e-01
7.14208285679281185e-01
7.16874885682173058e-01
7.14763628735210932e-01
7.14165780293898544e-01
7.16483699484228409e-01
7.20108754827333497e-01
7.14357286147783266e-01
6.04506145523025396e-01
7.12682736396453076e-01
7.22120069535655440e-01
7.08651206040665338e-01
7.13843852312442184e-01
7.17534116268660482e-01
7.19186342097427378e-01
7.04627292875494415e-01
7.18104577344152895e-01
7.06977039161876486e-01
7.15441749606647859e-01
7.14533135733518399e-01
7.07252255117283957e-01
6.94301659200410870e-01
7.06770088753558290e-01
7.13891075133386011e-01
7.14817714552606343e-01
6.48364997105170815e-01
6.48260948476277132e-01
7.16563421493631392e-01
7.14557558997999664e-01
6.84679725518790527e-01
7.28070725410479791e-01
7.15112950636070499e-01
7.17139922801020124e-01
7.13786150703675792e-01
7.12857070185247021e-01
7.14563344204060313e-01
7.13835018116420472e-01
6.70236187458756461e-01
7.12700946878327080e-01
7.16476739434055765e-01
7.18939624174670167e-01
7.03382091070222759e-01
7.14728358463227575e-01
7.00792299322899437e-01
7.14738959443541044e-01
7.16838932771727388e-01
7.05093917472452758e-01
7.15959413446060733e-01
7.14796176517442206e-01
7.26277175496695682e-01
7.12140481241001155e-01
7.07529576028961604e-01
7.11688182041745221e-01
7.14427400342790508e-01
7.14108347400870702e-01
7.02089494233295253e-01
7.17017795611597508e-01
6.89971309635331376e-01
7.13810139066106575e-01
7.12252083089834342e-01
7.15502433323569775e-01
7.13617137982598293e-01
7.45237916125417010e-01
7.24730235764141972e-01
6.92415212301607186e-01
7.21703857211966615e-01
7.04720620095314110e-01
7.16711307681049070e-01
7.28642905131486551e-01
7.18327051341830058e-01
7.27384860699961777e-01
7.15470990078312497e-01
7.28098872740492564e-01
7.24411731605365317e-01
7.09827153549115519e-01
7.14850378352612559e-01
7.22700816784015432e-01
7.14881498491549361e-01
7.14531342362980104e-01
7.15396697365815570e-01
7.15501301903469167e-01
7.15650607020536955e-01
7.12671920236769729e-01
7.43830573095126901e-01
7.38009478163181742e-01
7.05970266865466711e-01
6.73511681740561197e-01
7.14290408710256397e-01
7.16246675232991792e-01
7.13791124442298863e-01
7.17077761815086312e-01
6.59198241970401888e-01
7.13935894487849776e-01
7.14643363340836002e-01
6.90734869340298707e-01
7.43873714771128625e-01
6.27441532205032515e-01
7.05181714618506761e-01
7.09435229733958117e-01
7.08170697099414048e-01
7.31045651198896751e-01
6.76140893477255811e-01
7.14284615929328015e-01
7.16156279725859490e-01
7.13859565368943905e-01
7.14027080891152965e-01
7.12293863614483658e-01
7.18253125937179937e-01
7.13809624570935664e-01
7.15093206921378455e-01
7.37883526921234489e-01
6.73194706445426561e-01
7.13396087556861125e-01
7.13006208528970453e-01
6.89172899937004924e-01
6.66925471914058376e-01
7.13691683398186671e-01
7.05818354364940781e-01
7.39170268618005610e-01
7.14586391159842238e-01
7.11035872841222050e-01
6.54351893432440601e-01
7.29253950509227589e-01
6.60555297770657801e-01
7.17705068001461277e-01
7.14951335073194083e-01
7.13731195698155463e-01
7.14425194405390651e-01
7.12444407582944028e-01
7.14063374139661033e-01
7.13907776187893917e-01
7.10701103067284179e-01
7.05141048934319836e-01
7.19805406992112484e-01
7.15381339928751969e-01
7.14959692984838191e-01
7.13461438518065094e-01
7.16140637130838864e-01
6.55400327780218173e-01
6.89400702312611302e-01
6.82001780598047613e-01
7.14966835162723968e-01
7.13808543417088881e-01
7.17991054446864174e-01
7.13889230669139674e-01
7.00667991252179934e-01
7.09912726462023413e-01
6.74414246306641707e-01
7.10489972680121040e-01
7.20606556874894943e-01
6.81572491234029409e-01
7.13924877041074879e-01
6.92796323396109637e-01
7.15841701896677729e-01
7.14912425229122461e-01
7.15249114919765505e-01
7.19754053095924995e-01
6.79525339615056234e-01
7.14665857417802086e-01
7.18138227001683283e-01
7.14673819723107617e-01
7.13817420929388713e-01
7.13428245273692085e-01
7.15049912702661272e-01
7.16959193006243223e-01
7.12584475326519917e-01
7.08203607629688592e-01
7.14885480932301642e-01
7.13915491117208312e-01
7.08917322269974060e-01
7.18417649182778728e-01
7.10975536083714554e-01
7.11386475678969510e-01
7.14302030214049033e-01
7.13815494605436474e-01
7.07693203899956380e-01
7.01483842310368866e-01
7.14495101571849367e-01
7.10210186975708591e-01
7.32644705941588148e-01
7.14839056696386366e-01
7.13619489913178251e-01
7.13894422445937038e-01
7.14266816870479437e-01
7.42001605084014026e-01
7.02650659257663679e-01
7.12122427370407429e-01
7.05636856816315716e-01
6.99043334063204846e-01
7.14322056145262785e-01
7.14278523763394180e-01
7.16780671560468763e-01
7.04719472337148600e-01
7.06569417715936066e-01
7.14457231148816430e-01
7.12314795470575635e-01
7.18679219247337575e-01
7.18584705285965186e-01
6.82464879432135518e-01
7.13835552251567917e-01
7.13236681263339167e-01
7.18156055284946526e-01
7.14712066933927526e-01
7.16709648939723443e-01
7.13811298654139614e-01
7.17348759463824481e-01
7.15947009892411557e-01
7.14460128721010057e-01
7.25593357406487227e-01
7.16316485701370631e-01
7.17919517553092135e-01
6.93100359144205647e-01
7.14574650507122211e-01
6.62944361883378686e-01
7.13953490479046438e-01
7.13894035225250523e-01
7.04006121839495291e-01
7.11662313227722221e-01
7.14940503949019646e-01
7.07801303803050952e-01
7.13834257632126046e-01
7.10796294386370930e-01
7.15559640968970956e-01
7.15497307809361494e-01
7.12099536220238249e-01
7.14916165563668549e-01
7.15463713751537278e-01
7.35693888076569213e-01
6.93205319160768885e-01
7.16266872867751370e-01
7.14960306188938577e-01
7.15763469229988680e-01
7.11985382261599464e-01
7.13630347698554046e-01
7.13595898879855972e-01
7.15066237226600898e-01
7.24020601363528304e-01
7.13821286258543686e-01
7.18927134829080661e-01
7.10553037693751999e-01
7.13798726655902716e-01
6.98744302522898542e-01
7.13826144221347270e-01
7.11768593049117326e-01
6.94000634016110007e-01
7.25050986731548885e-01
6.04714156725274066e-01
7.17351800718207477e-01
7.16062927248991898e-01
6.32262153886628431e-01
7.34896131119527452e-01
7.21768744285931851e-01
7.13838809773721827e-01
7.16632949537128527e-01
7.13856263161356197e-01
7.08057032266703690e-01
7.10420665958988673e-01
7.14682553517303365e-01
7.11236019863056068e-01
7.06912621114742290e-01
7.19830379395748010e-01
7.19180670873896921e-01
7.14718234911308259e-01
7.11722575484139308e-01
7.13890899099585585e-01
7.06076301517011840e-01
7.13328104443569311e-01
7.04864618290045430e-01
7.07250477678437517e-01
7.14899465713286331e-01
7.08616806723172066e-01
7.14192700497660038e-01
7.13405055040070346e-01
7.14858692408464336e-01
7.37901878915817266e-01
7.15081616055381342e-01
7.15765972862260513e-01
7.13842936923783311e-01
7.09107017326515043e-01
7.13574132312386422e-01
7.19951541910783477e-01
7.12839493018105785e-01
7.14352460736168537e-01
7.14222705066586250e-01
7.15523813232081918e-01
6.91191201523321697e-01
7.31139487445819802e-01
7.12175459440501313e-01
7.15025879813497522e-01
7.10273059160485998e-01
7.16931473661375551e-01
7.19933675866407108e-01
6.81444248297701338e-01
7.13871931652492964e-01
7.22302842199521233e-01
7.16810291411753675e-01
7.14901551606653363e-01
6.73283999914212949e-01
6.69700742788913894e-01
7.13934260234632134e-01
7.13841129054755719e-01
7.27316098903690977e-01
7.14614068070378416e-01
7.13867028854686114e-01
7.13763838052609345e-01
6.90064487814939564e-01
6.94869109813908592e-01
7.31681123606368500e-01
7.19979779360547467e-01
7.15993962671931272e-01
7.16254676692956838e-01
7.07430161788735079e-01
7.14750880303579139e-01
7.15236615158468259e-01
7.10512893319558581e-01
7.14948238065157726e-01
7.15814662451843664e-01
6.90192589906202358e-01
7.16196842622209062e-01
6.71496041609661365e-01
7.32594553009496940e-01
7.12773582587840182e-01
7.13457251487602417e-01
7.13877403894646601e-01
7.14202561315106732e-01
7.07848537296785651e-01
7.18427849541449226e-01
7.14690772210212599e-01
7.09306454520292395e-01
6.99288042953809641e-01
7.15233332935949928e-01
7.37135682475243526e-01
7.13896927938531434e-01
7.12737211122894898e-01
7.14655281092749783e-01
7.14400384219901485e-01
7.13813680784638360e-01
6.60304109583715770e-01
7.16227910596071604e-01
7.14376598263507301e-01
7.18376959436691442e-01
7.16167273215024047e-01
7.13818458026856506e-01
7.14193681157620164e-01
7.17870894192388254e-01
7.34753836843056840e-01
7.14166938199034096e-01
6.73832788772360525e-01
7.14281641682664947e-01
7.13835753699739728e-01
7.06339240921328826e-01
7.16911259938648349e-01
7.16601259686941550e-01
7.36617970257734789e-01
7.12568643687945480e-01
7.06549091061510093e-01
7.02521652647235650e-01
6.66149536554027089e-01
7.09381144991353407e-01
7.41658281640674932e-01
5.98231857362824249e-01
7.14616862129007102e-01
7.14631154095920151e-01
7.14902812904435137e-01
7.08130961301269957e-01
7.44634312317705604e-01
7.07288895003087670e-01
6.91512660393670653e-01
7.14848539194278154e-01
7.15814055733478116e-01
7.12989847813676580e-01
7.06375656282696940e-01
6.94552455581649797e-01
7.15929595689235643e-01
6.61199087409628738e-01
7.13897078711641653e-01
7.13168992326243978e-01
7.14472914516621316e-01
7.32269790301955825e-01
6.93333801092616331e-01
6.35206938669967691e-01
7.10803302188117159e-01
7.03879907292948581e-01
7.13652228662295607e-01
7.41200628003374384e-01
7.15620981550239232e-01
7.10315235184363347e-01
7.16302731097740231e-01
7.10845518126217657e-01
7.12281431634183559e-01
7.05568033382654725e-01
7.18578673289474223e-01
7.19302771958646558e-01
7.13890229769797546e-01
7.13822884722105644e-01
7.18545385379823709e-01
7.18783105912525366e-01
7.16367740014854482e-01
7.14882570783828997e-01
7.15916021239227485e-01
7.14889282588298647e-01
7.14961308954887187e-01
7.15093373677432642e-01
7.14967993768950705e-01
7.14091785127978773e-01
7.13998490912615358e-01
7.14065473477933144e-01
7.28796412878352617e-01
6.77918287986009171e-01
6.95001306413591369e-01
7.15864344030606836e-01
7.32907491398339328e-01
7.16304347568687994e-01
7.35497119737675620e-01
7.14619967509775633e-01
7.19067929618092183e-01
7.11877563000948399e-01
7.13574234743518443e-01
7.14735569879412891e-01
7.13262533063386051e-01
7.28434342962347103e-01
6.57717291045726515e-01
6.63660152718704488e-01
7.13835191500701738e-01
7.15993064346495567e-01
7.14623794599936191e-01
6.82692878480757548e-01
7.15426316772024284e-01
7.13872782731091227e-01
7.14924069814030227e-01
7.13827413613292050e-01
7.10827661025865143e-01
7.17587899731663259e-01
6.96485158173213104e-01
6.82378701279615640e-01
7.10989731862756602e-01
6.93125011876198460e-01
7.10952769160263509e-01
7.06888507015031808e-01
7.14403421188338217e-01
6.79602727665283957e-01
7.16210269814819611e-01
7.16817006538180035e-01
7.13202840201652033e-01
7.15214612704252795e-01
7.13409466924312952e-01
7.14107336577338381e-01
6.63936460355617264e-01
7.18821384821169418e-01
7.13813771846749212e-01
7.30021572032287014e-01
6.53114102634760552e-01
7.13930276667767538e-01
6.74365856047248302e-01
6.51552482654982557e-01
7.10601769478974687e-01
7.13082234408476179e-01
7.12596008579088891e-01
7.07490288035579340e-01
7.13275939749505761e-01
7.13943854736580619e-01
7.11644337424017337e-01
7.15216562964818947e-01
7.14364981167107227e-01
7.16866552294537107e-01
7.13786385557998893e-01
7.15574416570667782e-01
7.14807689304299942e-01
7.18901908813350810e-01
6.88067426698751539e-01
7.13850298357111446e-01
7.13308301401496259e-01
7.17634456853024516e-01
7.12048132705225045e-01
7.16126669808538341e-01
7.11643333721103333e-01
7.08122186234584450e-01
7.14415315588916244e-01
7.13917373992855930e-01
7.13844228423249239e-01
7.18439763009769750e-01
6.44654874786804832e-01
6.84144397844414054e-01
7.11630817913275759e-01
7.15120043264406369e-01
6.77130700389491635e-01
6.97756613176634399e-01
7.15153523375404498e-01
7.14287213773101115e-01
7.16457473359845221e-01
7.13219264856201129e-01
7.00760176125817202e-01
7.13761160101090808e-01
7.18711655267667227e-01
7.18898187910524733e-01
6.87008491055343673e-01
6.91309381950117152e-01
7.17207616455261987e-01
7.01629060005837468e-01
7.11651475658532706e-01
6.61368863986287692e-01
7.13856528134346302e-01
6.63549073349587237e-01
7.13913517661961317e-01
7.34253797102755290e-01
7.07741087475162067e-01
7.14019621309066932e-01
7.16836820259052376e-01
7.16095289395040968e-01
7.19154617024558740e-01
7.14489959226374038e-01
7.04744565055265282e-01
7.18065047341359786e-01
7.13170060509051296e-01
7.43325143617210915e-01
7.13960200767192243e-01
7.16802220679548685e-01
7.13868174351535489e-01
5.92587785888810781e-01
7.13180092481909722e-01
7.15878497891726084e-01
7.13997568903046331e-01
7.11535082646752026e-01
7.05405498379787499e-01
7.11324246094302226e-01
7.17432887295036070e-01
7.13848812662199461e-01
7.12366512514657102e-01
7.12298260298857788e-01
7.10404827472864375e-01
7.16321471702700108e-01
7.10716405087318814e-01
7.01647546591157245e-01
6.87886676449803613e-01
7.14469956954802865e-01
7.13396140535514034e-01
6.38280116462546232e-01
7.11066156162156404e-01
7.10886325643962813e-01
7.14413708146012794e-01
7.14201347017686117e-01
7.03003183498181916e-01
7.15813382858434433e-01
7.24647617990475834e-01
7.10944026628124504e-01
7.11673578166120424e-01
7.24529217195568620e-01
6.96852646761769612e-01
7.14009479940823755e-01
7.32502364706406062e-01
6.38245645523123128e-01
7.13554760024606605e-01
7.10236909013417517e-01
7.13987380739541933e-01
7.01467462038335099e-01
7.12253415905633180e-01
7.18680089399721944e-01
6.56888565195112184e-01
7.03155451502221029e-01
7.15570857132546423e-01
7.14544515496849053e-01
7.12174438163026835e-01
6.73535409544657848e-01
7.15416792254685352e-01
7.10527221949669441e-01
7.27806990488071515e-01
7.18362491571252870e-01
7.09317584047496008e-01
6.88842394945017533e-01
7.19367099533111398e-01
7.34822319998367113e-01
7.16074095441867731e-01
7.16773358366567859e-01
7.14848901689405625e-01
7.13839135582507334e-01
7.13685215403174311e-01
6.98062554128065504e-01
7.09562716297579166e-01
7.07971722415514870e-01
7.14558551057990599e-01
7.16169707872356343e-01
7.10242843725841899e-01
7.13753453444101682e-01
7.12665902384570393e-01
7.18647407656994086e-01
7.20493118705745728e-01
7.43159594162726034e-01
6.10186414899465124e-01
7.17327377882736039e-01
7.13975962188741264e-01
7.16288441047712277e-01
7.18450372613341104e-01
7.31232390545095590e-01
7.13737974462972491e-01
7.05789661294505155e-01
7.15084829789522591e-01
7.11775371300093718e-01
7.13971874284133112e-01
7.13774622631835998e-01
7.13858150852641149e-01
7.14844404605191275e-01
7.19435459721729731e-01
7.15761243581423456e-01
6.90199871817563593e-01
7.14866975977031638e-01
7.15528540087631448e-01
7.11971020481609762e-01
7.15046012453233071e-01
7.13216711579021001e-01
7.15798119253801990e-01
7.15745768914669678e-01
7.16460055300393250e-01
7.09154233767526399e-01
7.16345477390122998e-01
6.44021213154301053e-01
7.15295928088831023e-01
6.84389665763683541e-01
7.15130019240562187e-01
6.06711119639488761e-01
7.13630935791083720e-01
7.16083571959569731e-01
6.41532097172116456e-01
7.21568590867566528e-01
7.15227278978183612e-01
7.14152345346922734e-01
6.91711402574332612e-01
7.04109808686194216e-01
6.53833708785687140e-01
7.08309331410540310e-01
6.99042781635685118e-01
7.06995828364950341e-01
7.13396749606989178e-01
7.14122632290171921e-01
7.17461269074903929e-01
6.68063653341886554e-01
7.10955914123499566e-01
7.22977831481093514e-01
7.17381664008825637e-01
7.12302753674243450e-01
7.11802477486495166e-01
7.15159958754485681e-01
6.29006547961842521e-01
7.14980052790471943e-01
7.28670150014672724e-01
7.32272802927357747e-01
7.11825222054280449e-01
7.30966872927637623e-01
7.15170047436838097e-01
7.18176522695545105e-01
7.13113386567201024e-01
7.13026660649632382e-01
7.11603428705962382e-01
7.04808867028117625e-01
7.14384868721848920e-01
7.25685711592043536e-01
7.10388956566125551e-01
7.13872028792846502e-01
7.14488894390594154e-01
7.11401819159720783e-01
7.17788258736298146e-01
7.42956199611564339e-01
6.51925926126486588e-01
7.14657479718056154e-01
6.48047561255427396e-01
7.14186036201189700e-01
7.14056752408422035e-01
7.13818200835304117e-01
7.13106211648466437e-01
7.03064169342708989e-01
7.13831979905970249e-01
7.05084445906517865e-01
7.42971029102860281e-01
6.67926193898743970e-01
7.08479785379108828e-01
7.13901962378425292e-01
7.07439433725755129e-01
7.00911841922656875e-01
7.13061847734616006e-01
7.13720683326147354e-01
7.17989537959766611e-01
7.15261416304238229e-01
6.32587282116870209e-01
7.14207875247287460e-01
7.14968830989074600e-01
7.44550009218973741e-01
7.13840997433499824e-01
7.07267160932794070e-01
7.08426426640400564e-01
7.11736387803518555e-01
7.15292897780080428e-01
7.16422375412633428e-01
7.14649615026790586e-01
7.15497720003097193e-01
7.13745057086705770e-01
7.13149308976089191e-01
7.16516965332302358e-01
6.66690387483633295e-01
7.20464154464341977e-01
7.06880482622858852e-01
7.25016623072005983e-01
7.14565417444683826e-01
7.16426555756975558e-01
6.56167167880010616e-01
7.01827032140103557e-01
6.63273779470487490e-01
7.12701878521010745e-01
7.13624269916040554e-01
7.12107067548103934e-01
7.14216645473963463e-01
7.14801586696989455e-01
7.13262173596061255e-01
7.06998427214197367e-01
7.17097192855072230e-01
7.13562937296658872e-01
7.11866556592105959e-01
6.87939260616723058e-01
7.13226828196694695e-01
5.85173147302122332e-01
7.07272019923985029e-01
6.37903644924891378e-01
7.14111040756276405e-01
7.13023399410920078e-01
7.13330003046050432e-01
7.13810026072896231e-01
6.77777280269376114e-01
7.37973784327402793e-01
7.19931765924436529e-01
7.01261204590695963e-01
7.09336652598383854e-01
7.02849493589955077e-01
7.14440604586665473e-01
7.14239501542560107e-01
6.77129219520095860e-01
7.14763237854423639e-01
7.13394527415395330e-01
7.14204770138878731e-01
7.10631775237236196e-01
7.12607467442281428e-01
6.54792081254901293e-01
7.13882177573657351e-01
7.12618306365435994e-01
7.15984609787283510e-01
7.07453910317282109e-01
7.13329804467247697e-01
7.34995242933234705e-01
7.15921720072816958e-01
7.13648336890840063e-01
7.44730811386770664e-01
7.16380775358410715e-01
7.23559271762815426e-01
7.15994410626275113e-01
7.15653233764521945e-01
7.15468531950512077e-01
7.22162652169278552e-01
6.70559525932369227e-01
7.17563585355665223e-01
7.09404433558455949e-01
6.82958115654025089e-01
7.14334236368755371e-01
7.13866475984131332e-01
7.15074870886966862e-01
7.14774293029226349e-01
7.13827816171920371e-01
7.14284657954887492e-01
7.14804712907126105e-01
7.13473797736018489e-01
7.16162404455772283e-01
7.22914831388443591e-01
7.18800169902996999e-01
7.13649471912841116e-01
7.14221044210602396e-01
7.13146506558103743e-01
7.14980293993004667e-01
7.01991453904424634e-01
7.35573264521614534e-01
7.33303399217664853e-01
6.90759002078581430e-01
7.45766463019227888e-01
7.14178305598569985e-01
7.13203427995486861e-01
7.13885780838526274e-01
7.30788924597664757e-01
7.15235760280023558e-01
7.16615913006837135e-01
7.13952804973578381e-01
7.13856462300524686e-01
7.20886148539086946e-01
7.13802969045131408e-01
7.14172466896977443e-01
7.14832310347015221e-01
7.19170163206621638e-01
7.17733191975516660e-01
7.19315694221674407e-01
7.14093254166728419e-01
7.15929250508428594e-01
7.11307469214785271e-01
7.44682602689175410e-01
7.14254303200608121e-01
7.43000888118131808e-01
7.15048754636814943e-01
6.94485430593663300e-01
7.13261111573724182e-01
7.13675664310698066e-01
7.13076631453773646e-01
7.15089936470712284e-01
7.13822909322318622e-01
7.14315483892222880e-01
7.36940927652686706e-01
6.93151321559594469e-01
6.93590363322794334e-01
7.16662518711638663e-01
7.16202963130807557e-01
7.13943530709915675e-01
7.14906764996048882e-01
6.85978680800727880e-01
7.16572779796450843e-01
7.13782292319589895e-01
7.36920678236359206e-01
7.15931188177591937e-01
7.17337369576698247e-01
7.15761853142993010e-01
7.08965001143533335e-01
7.17599906284128175e-01
7.08910298975247044e-01
7.14493821715372124e-01
7.15481073640482079e-01
7.37443030744378558e-01
6.59892287142146761e-01
7.10302412065618838e-01
7.10145052061171400e-01
7.14143883633874488e-01
7.16196481315771072e-01
7.13861732107942792e-01
7.16155135417647637e-01
7.15654441817806020e-01
7.13702720977156813e-01
7.16407705228036762e-01
7.11440659729889679e-01
6.30402598842350947e-01
7.05697704594872799e-01
7.12407787162918749e-01
7.09543319224324120e-01
7.14102679027016740e-01
7.40772765192824312e-01
7.14917015896544661e-01
7.13062689343833211e-01
7.12425277821434721e-01
7.12633673204838614e-01
7.14462133951500600e-01
7.16970220991726026e-01
7.14289559406697139e-01
7.43363624617512264e-01
7.13166293028796416e-01
7.16077132598871180e-01
7.43004078706879012e-01
7.14631139232829393e-01
7.13555522682119303e-01
7.08263468226355108e-01
7.14973493256898407e-01
7.16299693060480025e-01
7.15696274088834072e-01
7.11420169255228774e-01
7.16203051845318517e-01
7.18021128791898167e-01
7.15712085224999406e-01
7.08421819279451581e-01
6.57733216342794580e-01
7.21232709244932768e-01
7.19361750793697463e-01
7.17194674169040702e-01
7.14623204687017455e-01
7.14454897682474277e-01
7.14615468832897172e-01
7.13923004389111493e-01
7.13854180425954277e-01
7.42232569362833661e-01
7.44922446211352396e-01
7.16382331432708686e-01
7.05892996750152490e-01
6.32829567681806648e-01
7.14169401387168223e-01
7.12533860798969854e-01
7.14189237185793635e-01
7.14671765621490040e-01
7.13291922863551142e-01
6.62774264722293727e-01
7.39084492589657360e-01
6.08312337118973367e-01
7.13371066922089070e-01
7.14715700589597325e-01
7.06068670662341802e-01
7.13825450682994411e-01
7.11465414858554190e-01
7.14791387679055257e-01
6.46480039067161560e-01
7.12263009771964106e-01
7.13332243142759448e-01
7.14827420100532129e-01
7.12491218376284485e-01
7.12249213335166553e-01
5.88347325635329543e-01
7.16235544284798187e-01
7.13810012677441930e-01
7.13153096498496342e-01
6.95936427229060572e-01
7.15970993122838517e-01
7.13227751445617897e-01
7.15543916615779096e-01
7.16611301041301663e-01
7.05330591442729360e-01
7.18972846470469662e-01
7.15543929974250648e-01
7.08700058676364208e-01
7.12612471251402035e-01
7.13912796178484133e-01
7.15163326096470042e-01
7.17714702193624654e-01
7.13062032755844122e-01
6.73858190946190483e-01
6.98610822602606985e-01
7.21756756697898738e-01
7.13945771432247800e-01
7.11091853678810337e-01
7.14558697645702234e-01
6.37515301787989541e-01
7.17793617485815938e-01
7.27663184492577830e-01
7.15798218645897544e-01
7.18114510069348344e-01
7.09261085960619098e-01
7.08778449491205165e-01
7.17128443220848344e-01
7.17874711618875061e-01
7.11894150705299711e-01
7.15715662012228693e-01
7.09513288269874698e-01
7.15471164083000932e-01
6.98709593641825832e-01
7.12192993744881653e-01
7.10685911880254428e-01
7.19551012957380109e-01
7.14987406792248925e-01
7.14932060447427298e-01
7.21550759030465061e-01
6.65044721473481371e-01
6.15248779824232539e-01
7.28083615783023386e-01
7.12498441383860870e-01
7.10879082220122083e-01
6.98026972910784749e-01
6.01076485393151283e-01
7.14011201001260032e-01
7.13855277658412946e-01
7.09746072158837116e-01
7.10722544040396143e-01
7.12777171153180400e-01
7.15332473833078408e-01
7.03321539668758766e-01
7.14805743446622843e-01
7.14592377059191985e-01
6.85670240720541391e-01
7.15812807298529474e-01
7.14601488387986650e-01
7.07416097700300894e-01
7.26947348628810386e-01
7.12847647885076152e-01
7.12695046650472563e-01
6.95660825186363407e-01
7.16431931817290923e-01
7.14332099933672526e-01
7.13249234433089518e-01
6.50784091952221977e-01
7.14700279965152174e-01
7.14334375176354230e-01
7.13858948939618321e-01
7.21080530973249423e-01
7.17677702887748015e-01
7.16431815591277443e-01
7.13111399475755636e-01
7.17597107932446465e-01
7.16063716553791640e-01
7.14536813603836474e-01
7.34545292626800128e-01
7.05863929376941091e-01
7.14109707469178345e-01
7.12198215796896683e-01
7.13242074133528803e-01
7.00386359302431982e-01
7.14905793912182452e-01
7.16026224573618642e-01
7.12304479135757229e-01
7.18004837184475497e-01
6.99563969196681956e-01
7.13768109017746011e-01
7.36816077501491029e-01
7.33370629425341369e-01
7.22537366977765272e-01
7.08663059777242754e-01
7.13306983453814492e-01
7.11400466021515632e-01
7.15138409023545640e-01
6.95291468301467153e-01
6.69672002404659739e-01
7.12040853596855761e-01
7.19374389400588843e-01
7.12459146885612515e-01
7.13230130010517493e-01
7.02548836056492543e-01
7.13839040340320086e-01
6.59973022364331974e-01
7.13451505567189392e-01
7.15897233346831419e-01
7.05618338655220612e-01
7.14453636142474258e-01
7.15362609578779951e-01
6.82732144214568404e-01
7.13766231840271326e-01
7.13116458202543990e-01
7.14548592999904586e-01
7.18832236797974589e-01
7.14852152591275991e-01
7.03636875882596491e-01
7.27907492192134464e-01
7.15559114408361063e-01
7.12573718002892487e-01
7.11765487062226643e-01
7.16822144113705817e-01
7.18015811124812164e-01
7.08697195161292814e-01
7.08263710205464636e-01
7.33653380031056179e-01
7.16590830262023748e-01
7.11026325813203797e-01
7.13250414287839862e-01
7.14035993112740908e-01
6.65404607659178526e-01
6.84454813037318144e-01
6.54832374075452139e-01
7.12829273812450759e-01
7.16678656734656805e-01
7.14062863235652157e-01
7.40835229936552042e-01
7.13087466931251357e-01
7.15004357977199301e-01
7.13563923800613398e-01
7.26243270967431243e-01
6.64634673664428965e-01
7.13830534273047879e-01
7.15967934566066777e-01
7.12640706892665676e-01
6.38893964307157280e-01
7.19117301068443182e-01
7.13672933074846694e-01
7.12929278393573007e-01
7.12983452009709362e-01
7.13731635725199487e-01
6.72104493442169715e-01
7.05573986978780821e-01
7.07634749538886609e-01
7.18060183122194995e-01
7.13814566590712074e-01
7.13252100191185678e-01
7.13991086368373495e-01
7.32631179073531369e-01
7.13491101281533813e-01
6.68345357639513526e-01
7.05995751292796458e-01
7.05588747018421447e-01
7.05096671182931845e-01
7.05181227903380115e-01
6.42553149877923446e-01
7.15676469122284220e-01
7.12300822323172156e-01
7.13544392586498821e-01
6.33886108140839788e-01
7.10203277265138433e-01
6.66022075683333159e-01
7.02317915903801326e-01
7.16630483252626349e-01
7.19155361336331067e-01
7.37488230991161786e-01
7.15002180170981272e-01
6.51264598250277715e-01
7.15800083723974079e-01
7.14037054307594565e-01
7.15191821434887909e-01
7.16046108627665712e-01
7.15383780589171403e-01
7.17817655069338700e-01
7.42968849235363993e-01
6.46253078134099379e-01
7.02550768359958000e-01
7.37342727339162507e-01
7.38119479941644174e-01
7.15530708310542662e-01
7.34297305301440439e-01
7.13917226439571451e-01
7.15905869732866296e-01
7.15990200739165528e-01
7.16027928298441974e-01
7.15087765979196210e-01
7.12755054097921836e-01
7.18933806349856597e-01
6.34132557851817991e-01
7.13894217476937487e-01
7.13838785546073828e-01
7.11872774271612996e-01
7.02625146327236716e-01
7.27371316975527926e-01
7.13802337052587998e-01
7.16620325310609596e-01
7.13849318605141114e-01
7.13715111675355840e-01
7.13858421569871116e-01
7.14781507089829571e-01
7.12207338573865756e-01
7.13294687158314233e-01
6.12621383915105899e-01
7.14037189118199023e-01
7.14101428757683787e-01
7.15960639558204326e-01
7.14120191800770465e-01
7.10530594584825481e-01
7.22509499622511320e-01
7.10369613986580051e-01
7.13132231604276745e-01
7.13014260589104221e-01
7.07958151071348740e-01
7.20785476982233386e-01
7.33377092809080144e-01
7.28875714684811715e-01
7.19897991691964445e-01
6.77266350430657194e-01
7.29241163872328513e-01
7.14055744950405913e-01
6.57952247590122163e-01
7.11999082133704664e-01
7.31880460035327807e-01
7.09226248842150797e-01
7.13725419380257797e-01
7.13987599673300499e-01
7.32569335492084028e-01
7.13611633123050093e-01
7.13790834495442783e-01
7.15458031003512573e-01
7.14877682008612569e-01
7.12344467527072256e-01
6.95891680342524022e-01
7.15569666099692858e-01
7.33985190837235457e-01
7.12687165998693195e-01
7.45442834067164495e-01
7.11110870063431100e-01
7.10878949489752610e-01
7.23713824875462874e-01
7.12857924595018289e-01
7.15730288676016513e-01
7.31894891127666036e-01
7.16261141034894688e-01
7.14051959417254856e-01
7.22614832161874054e-01
7.13594189073270990e-01
7.06102946635414619e-01
7.10350460573416220e-01
7.13880819670812072e-01
6.86837557893636874e-01
7.14205533784394775e-01
7.41355690010777724e-01
7.16018000460553417e-01
7.05841237579228120e-01
7.08521749682525459e-01
7.07016190100344888e-01
7.35621128658491830e-01
7.18114469740025574e-01
7.14328033737022028e-01
7.14497342700745497e-01
7.16156381809705755e-01
7.13744595076182820e-01
7.18676723715983456e-01
6.29522289330723406e-01
7.09387570080011298e-01
7.12353371987384354e-01
6.82319807360890151e-01
7.13912541902218201e-01
7.11104765122306137e-01
6.58385448570319221e-01
7.17602321827794709e-01
7.09968855474555460e-01
7.15738510434520747e-01
7.13844103433013744e-01
7.03638337421756632e-01
7.41816207761547108e-01
7.11790375640981132e-01
7.18094591401772564e-01
6.79476686933988328e-01
7.15229545227325403e-01
7.13370753266397428e-01
7.13561486602163675e-01
7.19260232531530597e-01
7.06107843468496865e-01
6.27667296367874772e-01
7.13382278365483735e-01
7.10061152414951158e-01
7.12733596133228842e-01
7.13864549775675594e-01
7.12140092235790889e-01
7.17130173435273965e-01
7.14926905084207420e-01
7.14922869213058365e-01
7.15287687148241424e-01
7.14810960203160817e-01
7.08947608891277059e-01
7.10100315200990373e-01
7.16069042646790610e-01
7.10395605319085743e-01
6.62042433838143207e-01
7.13965409209497026e-01
6.99240174158619943e-01
7.13961673717003920e-01
7.16118955965349469e-01
7.06945138345077440e-01
6.86986922618992857e-01
7.09160493681734172e-01
7.15154422361573228e-01
6.86240055792877723e-01
7.12460943568685279e-01
7.16874624131541016e-01
7.12073839326958336e-01
6.68579495408223257e-01
7.31897742151996544e-01
7.16381323945229465e-01
7.15709783478719053e-01
7.13082553426252264e-01
7.13837511689718873e-01
7.13792918585512970e-01
7.13917528336198814e-01
7.15420290982527463e-01
7.16653698584163723e-01
7.06870738925102771e-01
7.41767026505088078e-01
7.10994791865242615e-01
7.13839355283724664e-01
7.14008898199636977e-01
7.14986336539821909e-01
7.09512378415658507e-01
7.13735495485217308e-01
7.15748127166752957e-01
7.18101794983423747e-01
7.17708895322076268e-01
7.15888255286950104e-01
6.80202777951107729e-01
7.36703285011647169e-01
7.13038166718815258e-01
7.18749371094473788e-01
7.15087824120694160e-01
7.13872454552648361e-01
7.10251036601774133e-01
7.37244114783375148e-01
6.94373993815937118e-01
7.30005964764108728e-01
7.36553447102954895e-01
6.50218111155747014e-01
6.56352014512130100e-01
6.96240115033629925e-01
6.21104353185489177e-01
7.16440133617302410e-01
6.15312526336158516e-01
7.16423627817935560e-01
7.13855223432866670e-01
6.61377793376483281e-01
6.76155912739326737e-01
6.04199034968487925e-01
7.36187311433014080e-01
6.85259015075781908e-01
7.12511063721226523e-01
7.06089781043466980e-01
7.15060901512345359e-01
7.15047289139084219e-01
7.06667358005679369e-01
7.14770316748122858e-01
7.14838873296448241e-01
7.01599217612938975e-01
7.11863872581976476e-01
7.08626859404905329e-01
7.15803820491130560e-01
7.16804850854920961e-01
7.29017524210282097e-01
7.16644203012499093e-01
7.19646924205290306e-01
7.17893884405912730e-01
6.69659028745790419e-01
7.12029608602047115e-01
7.12966339725096598e-01
7.13852167097501322e-01
7.13867992965854792e-01
7.12354766263818551e-01
7.15364616160276356e-01
7.45269460290009511e-01
7.13305853691665992e-01
7.13191910479532010e-01
7.12824464887867548e-01
7.10479007928170758e-01
7.12441183755645024e-01
7.11641275085909131e-01
7.08114021238995917e-01
6.75136519054158057e-01
7.16752623431387015e-01
7.02905832776933193e-01
5.99595436800941517e-01
6.99627481603394052e-01
7.37916983793967529e-01
7.29736208338481296e-01
7.13799176669528190e-01
7.14041484006779137e-01
7.29392592822772912e-01
6.44099541809087794e-01
6.78438560906931221e-01
7.06652116356948135e-01
7.11790058495307965e-01
7.12201127210945972e-01
7.16145393444470812e-01
7.09544346461018827e-01
7.25794948364005155e-01
6.86549060726418636e-01
7.13418417447873265e-01
7.16744373650205935e-01
7.11686618508990398e-01
7.11679902560595545e-01
7.15082952828972718e-01
7.17933300198925317e-01
7.13857919089837423e-01
7.16263351371967949e-01
7.17238640847960962e-01
7.00023896482867669e-01
7.30619562869431638e-01
5.89677096446861504e-01
7.03747238406728814e-01
7.13714774932779572e-01
6.76314471336683432e-01
7.10135154682517755e-01
6.37984839270519188e-01
7.16224792940803323e-01
6.93902974184579358e-01
7.16838350839567151e-01
7.40848012293558900e-01
6.43556038881611725e-01
7.16757334078004904e-01
7.09041593020693472e-01
7.14097708953330801e-01
7.14120644165602392e-01
7.15944817597082617e-01
6.41906531813359438e-01
7.16245617786456013e-01
7.10324768489350555e-01
7.14480056424555698e-01
7.14050944406901533e-01
7.04707987877043696e-01
7.17722056607291825e-01
7.20255842538417679e-01
7.12820237115896038e-01
7.14330875794752518e-01
7.15482021499905363e-01
7.13577920044090264e-01
7.23647815442683195e-01
7.14756601362907973e-01
7.13908682891018720e-01
7.15823686746037136e-01
7.13974610257254283e-01
7.43370109165620407e-01
7.14098225075795567e-01
7.14899652423284127e-01
7.12944021708897591e-01
7.14487658564604611e-01
7.12676995320266182e-01
7.45005771426072383e-01
7.13726449362815263e-01
7.13934353243328323e-01
7.14135827189513850e-01
7.15660482934213249e-01
7.18973081379765677e-01
7.14037318853663949e-01
7.16269225880780791e-01
6.70203812245491526e-01
7.14072903008049376e-01
7.10920333950917582e-01
7.15023364048392396e-01
7.15317705389689973e-01
7.02936471750448377e-01
7.04106745073407536e-01
7.13645278535362193e-01
6.75152173956443002e-01
7.17371707095336819e-01
7.13752545326603149e-01
5.96647588520753391e-01
6.94215251049389193e-01
6.39803179257769639e-01
7.14741074631904727e-01
7.13778006434112711e-01
6.50014065915449746e-01
7.14839786680692368e-01
7.04543763013976032e-01
7.22032879889428436e-01
6.74860128290867833e-01
7.14049265495066532e-01
7.13279604078094986e-01
7.14013426507621563e-01
7.13184399455461637e-01
6.89540929970182015e-01
7.32756276931407435e-01
7.17371789041011176e-01
7.14336927989842496e-01
6.34375795738568837e-01
7.15270191411943368e-01
7.13459730835541484e-01
7.30083308359352090e-01
7.36326171546585750e-01
7.46228133824021200e-01
7.22061839966512409e-01
6.53764201790077548e-01
7.14060093263955586e-01
7.13814479823172365e-01
7.33632390051589089e-01
7.14801234734124935e-01
7.09966342863646349e-01
7.13855708329844352e-01
6.08724646199804931e-01
7.14722080287729322e-01
7.16630539910232622e-01
5.83106689243689247e-01
7.10334229946613882e-01
7.24603658727914102e-01
6.81956866005972273e-01
7.13773090304227309e-01
7.03396132812751596e-01
6.44262143900293793e-01
7.10501516392880172e-01
6.79314279269968901e-01
6.34215831432989763e-01
7.12107723876358678e-01
7.14008224178810602e-01
6.51713532009404628e-01
7.16730872340065939e-01
7.15164253853761589e-01
7.14062782054323386e-01
6.39972621148122922e-01
6.95810997736570069e-01
7.31283658495247346e-01
6.67068747629579351e-01
7.11611830187607097e-01
7.08925593030707901e-01
7.15904189772784583e-01
7.09975521986685676e-01
7.16022390347475612e-01
7.13873971149033060e-01
7.05292985133941674e-01
7.13225881254893945e-01
7.10547775022907557e-01
7.15855688535667278e-01
7.19071436663753394e-01
7.13979066882123536e-01
7.13831345662921057e-01
7.13084576925115177e-01
7.13723189423439153e-01
6.60261239993761295e-01
7.15605889606105827e-01
7.18983299144256294e-01
7.01762316395203034e-01
7.39452140642698375e-01
7.03257002372823847e-01
7.10483044296207011e-01
7.26777736541344477e-01
7.14264496642890045e-01
7.14155179699780596e-01
6.63319552216827035e-01
7.13890912936893218e-01
7.39708766500023263e-01
7.15261118098843074e-01
7.14472110692171314e-01
7.00558540137478203e-01
7.13852955229843489e-01
7.17144941303443861e-01
7.12446050118889729e-01
6.63182742804245051e-01
7.15452839499688520e-01
7.15297918446525238e-01
7.14997811092314861e-01
7.16618376173910221e-01
7.13972623573475462e-01
7.18702035864103750e-01
7.13991441787629189e-01
7.14092522852221245e-01
7.11472339028479395e-01
7.11398806504132453e-01
7.11179792000807276e-01
6.22770874468258184e-01
7.19526038694938030e-01
7.11560091233126912e-01
7.14212624133549245e-01
7.13836176667768996e-01
7.21199845613245238e-01
7.11743209277581168e-01
6.98194648838527554e-01
7.13646691041206704e-01
7.17461377238993059e-01
5.96386880275665554e-01
6.36637742400973150e-01
7.13413159596078095e-01
7.14135145737529009e-01
7.16341326962238401e-01
7.10157447877594827e-01
7.15340190402113829e-01
7.26197211808380927e-01
7.15250207460292109e-01
7.16801715512619397e-01
7.14819894917413268e-01
7.12634020931224632e-01
6.94532917809106976e-01
7.10583735532825167e-01
7.14060862854983713e-01
6.64893613729473976e-01
7.13815660015993059e-01
7.15580551596743830e-01
7.15002238513043453e-01
7.41652666529062699e-01
7.14268992728812058e-01
7.15898062752314601e-01
7.16209380477722091e-01
6.26230567543337169e-01
6.00389183788120007e-01
7.15351302715866444e-01
7.16590195001560737e-01
7.15241386957168213e-01
6.99278184339743536e-01
7.15119078873731051e-01
7.24805532857011658e-01
7.11043998022054313e-01
7.11759455082957349e-01
7.16072490016730234e-01
7.07951242378148549e-01
7.15538964669429012e-01
7.13875940907089279e-01
7.09600945952687967e-01
7.13623860134685595e-01
6.52158861247656096e-01
6.59592455770984798e-01
7.16525243003584777e-01
7.00456778480025632e-01
7.18921386505779192e-01
7.13890830329828474e-01
7.13878541900906494e-01
6.99160242901900930e-01
7.15797445622475048e-01
7.20279343969200125e-01
7.15693106226069076e-01
7.15359496081071633e-01
7.19105665423097062e-01
6.99135077274422811e-01
6.94474973348221059e-01
7.15211685194147351e-01
7.15002758849447306e-01
7.13375841141608347e-01
7.35562323535279061e-01
7.25406113631808180e-01
6.28439838464754708e-01
7.15619113020558362e-01
7.13401447297760227e-01
7.12410489473496833e-01
7.03446989188764582e-01
7.09293383304030800e-01
6.18094797332035983e-01
7.14043034767435247e-01
7.16160184552018686e-01
6.99714572180090477e-01
7.13795950358441567e-01
7.13895565067693361e-01
7.13227389234702747e-01
6.23073021010164263e-01
7.13829247814554257e-01
7.16917171400716646e-01
7.10604227335574934e-01
7.14173968100942358e-01
7.14855418929792319e-01
7.14356381577754718e-01
7.10257314712206211e-01
7.15408131025348726e-01
7.15528681919241683e-01
6.33276605826104344e-01
7.31033034688837069e-01
7.42734399194039940e-01
7.14771745366426625e-01
7.14088264334789891e-01
7.07099052472631717e-01
7.15378783622491077e-01
7.08028184593951893e-01
7.14147403617242049e-01
7.13766128876326844e-01
7.12741867544531726e-01
7.07934972890699732e-01
7.07630776954924157e-01
7.13995929490577108e-01
7.15009031622699909e-01
7.12514074333696845e-01
7.14008398981033299e-01
6.59718574689036830e-01
7.16966574795744438e-01
7.12814434877944936e-01
6.97805303553278078e-01
7.14747655233024415e-01
7.03013738863767723e-01
7.15065132197669651e-01
6.64311100949115718e-01
7.14258242990481684e-01
7.10729549368136149e-01
7.16092556178448691e-01
7.15704982918954458e-01
7.16691908032972558e-01
6.66196722894800031e-01
7.40343741610365536e-01
7.41307977873425616e-01
7.13993963999032033e-01
7.14023026358894364e-01
6.44389096494294100e-01
6.13761001893253000e-01
7.16258516497746967e-01
7.16560113148899780e-01
7.15686092982608435e-01
7.13754771509826358e-01
7.13436550491536758e-01
7.15017014958343133e-01
7.14748196106546385e-01
7.10031709505266950e-01
7.33121554039564804e-01
7.13478226413408523e-01
7.42724790751116637e-01
7.12978897021307900e-01
7.00410851821074987e-01
7.12207266456879484e-01
6.51574573261244017e-01
7.33163618974381426e-01
7.15317168353162836e-01
7.14183543721908731e-01
7.12863097716737615e-01
7.24270672161928641e-01
7.11354961932952778e-01
7.01218069610197281e-01
7.13994059430631656e-01
6.92470571404220969e-01
7.37408256381976934e-01
7.14391207766602143e-01
7.13967063699223914e-01
7.10667533723046585e-01
7.12806322324321062e-01
7.19264765520090443e-01
6.77746137711361052e-01
7.06801469120397097e-01
7.13900487434583120e-01
6.71695607262466243e-01
7.15236789590622535e-01
6.99600280554419363e-01
7.09908130849635555e-01
7.13804978094083609e-01
6.48426668106057758e-01
7.14244938032042032e-01
6.32319363971592607e-01
7.40389721628835207e-01
7.13690528183691941e-01
7.14246528161938676e-01
7.16474965255507246e-01
7.14010059606699832e-01
7.04871441760374196e-01
7.08155127812714835e-01
7.08801004889181963e-01
7.18013812906696636e-01
7.11397597564962125e-01
7.16722794318721212e-01
7.23351872296667531e-01
6.58348440255688505e-01
7.15300166696537398e-01
7.29252367718371430e-01
7.08134186424393852e-01
7.20033705714371974e-01
7.39505945884693316e-01
7.09837677693500591e-01
6.90691736036236348e-01
7.14490706361579075e-01
7.01943146819839270e-01
6.16727529294098797e-01
7.15877630535047049e-01
6.96525553391927565e-01
6.35867063643459129e-01
7.07665702513724182e-01
6.90159843415997232e-01
7.15035480224600617e-01
7.10929674462156824e-01
7.12951763597814092e-01
6.12736993777311278e-01
7.12771078560224924e-01
7.13855199418823472e-01
6.12890185580881708e-01
7.13816149200053651e-01
7.14702614257039293e-01
6.97143955452246500e-01
7.00142713918477155e-01
6.72178965506926018e-01
7.10566133968789204e-01
6.85495746005203355e-01
7.10913552006355975e-01
7.17896472067293789e-01
7.14223504016738064e-01
6.86095809339146046e-01
7.17567411063544713e-01
7.15382315247450218e-01
6.97586791273406059e-01
6.42061326196709858e-01
7.04286944408384574e-01
7.18628138967984831e-01
7.15689169225652289e-01
6.41293188577549356e-01
7.12831309667218416e-01
7.15549587574811463e-01
7.21132260177271167e-01
7.14741543375694954e-01
7.34676659196013992e-01
7.13325876209657150e-01
7.25371694249501875e-01
6.54664399881245807e-01
7.13295110216768058e-01
6.19845853745554121e-01
7.11500599218229501e-01
7.13986206810161339e-01
7.14261656747958273e-01
7.16354935010517280e-01
7.13754424760803530e-01
7.13131183132455493e-01
7.13871404132247034e-01
7.13964157343160433e-01
6.29792293139410320e-01
7.15769468180696311e-01
6.99357488152494655e-01
7.07552847607675561e-01
7.12919531187192757e-01
6.87627135959944513e-01
7.19430067867960821e-01
7.15049758813695036e-01
7.35399105696722288e-01
7.14917174065433980e-01
7.14798298129946219e-01
7.11106848203222897e-01
7.09940483229097308e-01
7.15965102877289428e-01
7.13468200247501350e-01
6.27006273691079530e-01
7.12890797075209748e-01
7.13899193932268750e-01
6.42969974273207345e-01
7.15267072660884962e-01
7.46217558520337776e-01
7.45102138634143651e-01
7.45855496017747810e-01
6.73339291064317003e-01
7.14020722331044633e-01
7.44604625222823890e-01
7.35338243531083569e-01
6.26464360388306885e-01
7.13356276537736256e-01
7.15180671597967055e-01
6.96119505299413688e-01
7.43023510016464828e-01
6.51111766442742379e-01
7.15607478544365350e-01
7.16279465884182898e-01
7.24297959866173291e-01
7.14154298967219825e-01
7.18514499685585117e-01
7.13671418211401343e-01
7.15520644663080074e-01
7.14512192020995140e-01
7.15455586411138600e-01
7.12920893270930778e-01
7.15399752282825374e-01
7.15173459409224277e-01
7.19651437368831082e-01
6.58183376299641298e-01
6.91787988357468242e-01
7.13901887007838964e-01
7.08561815042657694e-01
6.07414272428170587e-01
7.39392017701444915e-01
7.09584301473243584e-01
7.14718670859607941e-01
7.32098830515356735e-01
6.84396573470891556e-01
6.56692238458606803e-01
7.17264873549361970e-01
6.70493395120000168e-01
7.11046172055089687e-01
7.10802914100869931e-01
7.45511685057318352e-01
7.17756289071130982e-01
7.12460667186472607e-01
7.15485822787227388e-01
6.67340968787452415e-01
7.16861730504170902e-01
6.88671716107515652e-01
7.19559062356964096e-01
7.14266268138809224e-01
7.13826445248411656e-01
7.13635169871602248e-01
7.14129947106358354e-01
7.42779651263112073e-01
7.02104484603612300e-01
7.13815147441146047e-01
7.14725663025733371e-01
7.15349101010203881e-01
7.13207117325313278e-01
7.07507732602762229e-01
7.16614830587022245e-01
7.00369456580511196e-01
7.16769579428157555e-01
7.15901491899813447e-01
7.16628452231444668e-01
6.20492885541004568e-01
6.95014493750458318e-01
7.11748808496598162e-01
7.16229173988322421e-01
7.13830965808581852e-01
7.13992151189233093e-01
7.07945933030556307e-01
7.13600404423550660e-01
6.32358315486004297e-01
7.17697494295239435e-01
7.15283493923349889e-01
6.75103459587162780e-01
7.14194932189640697e-01
7.33927966515087959e-01
6.52339811797114200e-01
7.00144624825544404e-01
7.14388112070265424e-01
7.05918890053429671e-01
7.12882873046853049e-01
7.11876585484662594e-01
7.13473699810970419e-01
7.15275649423945725e-01
7.12604840189071664e-01
7.25315112107969173e-01
7.12991689581973342e-01
7.06968108785778315e-01
7.25335031073250258e-01
7.13844410721460654e-01
7.06228343009033810e-01
7.19076297960988264e-01
7.44282640447646360e-01
6.26177633598588024e-01
7.15409612431953223e-01
7.13483485014724361e-01
7.13714126232196544e-01
7.14246480770619363e-01
7.14100643585783068e-01
7.03047605118676922e-01
7.04356728475701410e-01
7.14003006216998193e-01
6.48929029693702586e-01
7.18885637140183831e-01
7.33965311426773015e-01
7.15260246210174144e-01
7.13788403028232321e-01
7.14169031610181415e-01
7.14542192375034357e-01
7.02885631756013374e-01
6.47429641720084881e-01
7.11693535008553702e-01
7.12925728393021263e-01
7.14947471446672478e-01
7.04864560357396308e-01
7.09207349669964460e-01
7.14699637166159252e-01
6.45307155639154639e-01
7.16740778694966330e-01
7.14224158266234976e-01
7.12775866003162784e-01
7.13874496256379665e-01
7.15624344409802382e-01
7.13800161824376111e-01
7.44840347505979383e-01
7.12444595606735454e-01
7.15208331725550206e-01
6.59733014169129661e-01
7.13264782547136877e-01
7.16220668021791407e-01
7.09354036059733573e-01
7.11729747828038994e-01
7.13934726569114608e-01
7.13115146191635074e-01
7.08911956487312089e-01
7.14043639694893151e-01
6.91784527961310292e-01
7.13728089197839477e-01
7.12417769531273670e-01
7.15211483969263706e-01
7.15410388461917957e-01
7.13853793171403184e-01
7.12443586513035965e-01
7.13650115623548076e-01
7.15478278492850506e-01
7.16802130885911937e-01
7.29161454716721003e-01
7.14530070327418776e-01
7.09150759967149047e-01
7.07537579336679268e-01
7.12959088345377245e-01
7.14962470331153677e-01
7.08263205152588227e-01
7.15995456995301982e-01
7.40835551093846245e-01
7.12430705576796774e-01
7.17194442462849469e-01
7.14518985296097919e-01
6.82127397936040603e-01
7.16982113127187737e-01
7.13010694811957113e-01
7.14037909101978507e-01
7.14523728584304907e-01
7.14034190512524369e-01
6.93857913003326998e-01
7.11371093169661850e-01
7.16388913012502515e-01
7.45725847226205274e-01
5.86793656846236966e-01
7.10136562716227160e-01
7.45664838154249110e-01
7.13850980939442992e-01
7.12787207634125508e-01
7.21048909604298238e-01
7.16084044982594370e-01
7.15717010986585800e-01
7.38643802716044129e-01
7.44309126597902049e-01
6.86096148833999608e-01
7.15373657799471818e-01
7.30571922613169944e-01
7.17583422449220465e-01
7.14199945403535152e-01
7.14855956628916323e-01
7.13815956988882783e-01
6.51147768672947214e-01
7.02223973940472090e-01
7.16117517981932683e-01
7.14026851273989238e-01
7.10017870585632482e-01
7.06131045540753899e-01
7.13870932606640696e-01
7.09984754042068511e-01
7.17335347591523398e-01
7.13659288762550137e-01
7.15281489616940824e-01
7.13814583736410824e-01
7.13376914746465474e-01
7.14127840015132964e-01
6.64270442407778550e-01
7.09363326318978138e-01
7.17372149988676489e-01
7.12334997892653754e-01
7.19418981173897132e-01
7.17354012832376653e-01
7.12771504525372079e-01
7.39721949425422354e-01
7.10395245374432327e-01
6.95486900104102745e-01
7.43854872482935581e-01
7.18076211948963539e-01
7.16077475266055807e-01
7.12611827192818681e-01
7.15779310229453514e-01
7.43078058760144766e-01
7.13447659059765815e-01
7.16947994196897587e-01
7.16375184103907103e-01
7.13807151202529577e-01
7.03566514998546055e-01
7.18602078758451279e-01
7.05987385615276186e-01
7.13959068242376649e-01
7.15511815708159360e-01
7.15259050374202787e-01
6.21419062604956385e-01
7.15324899070871267e-01
7.32983436179780012e-01
7.17616290419801128e-01
7.14954025736170173e-01
7.16949877872217645e-01
7.12911344284378190e-01
7.14698196844506306e-01
7.15100909494929105e-01
7.14065782467006915e-01
7.16054911713440045e-01
7.15161130692030911e-01
7.13352944354972873e-01
7.13949683034364679e-01
7.13052231769932376e-01
7.05023104922906318e-01
7.15390904521201021e-01
7.11251290754583820e-01
7.14140187934932724e-01
7.33905222518803746e-01
7.14077542073059623e-01
6.68833413782238817e-01
6.83938217702899198e-01
6.90555505997746732e-01
7.44620501572976989e-01
7.07249530588479280e-01
7.17911120895867838e-01
7.07360937047011418e-01
7.39893119599485227e-01
7.15835123931180095e-01
7.12628018265560215e-01
7.14030692479402540e-01
7.09645210696938089e-01
7.44431121582590283e-01
7.09394306966762311e-01
7.16983810413542977e-01
7.11821390858335845e-01
7.12026370115003249e-01
7.10481518270061563e-01
6.50059546493934381e-01
7.14088056436426921e-01
7.19768840659373743e-01
7.14091156621723289e-01
7.13662497626151082e-01
7.13578046413477329e-01
7.14237111526341728e-01
7.14481631915655946e-01
7.11932829540910972e-01
7.13863331697395243e-01
7.04217677830200173e-01
7.13854655195390819e-01
5.90939072097051099e-01
7.16543326644318634e-01
7.08626723957788029e-01
7.14987239735830671e-01
7.16496060422702419e-01
7.12632984214268017e-01
7.16794616346231428e-01
7.09623328939135489e-01
7.13124538790039120e-01
7.15113621599659965e-01
7.38787275293784851e-01
7.13513869747201546e-01
6.35844438450043126e-01
6.87903585487373181e-01
7.12743475392925041e-01
7.14428461333382780e-01
7.17337583690606517e-01
7.14149966139587256e-01
6.18541566012989930e-01
6.69802083354311018e-01
7.41247047462076813e-01
7.16734458046531575e-01
7.13971999995160700e-01
7.09567661322252796e-01
7.46205780941090024e-01
6.78105115594849095e-01
6.71482326413868624e-01
7.16636906124467399e-01
7.14591169886715338e-01
6.30330552222160834e-01
7.19260058598244600e-01
7.17441707922488070e-01
7.11425140647907073e-01
6.80357376953827475e-01
7.14455266147541734e-01
6.77847357807081941e-01
7.10720630112683049e-01
7.45377959995065620e-01
7.41901269840707478e-01
7.13394550538614225e-01
7.13568386775397134e-01
7.35622876968338280e-01
6.92476220618366223e-01
7.19289577040656769e-01
7.08083692758827210e-01
7.16228141589543399e-01
7.24710808840448140e-01
7.13864747673901068e-01
7.12802772832839326e-01
7.45838430405971198e-01
7.14614776514727712e-01
7.14787298566693541e-01
7.12842599073782779e-01
7.13973732242144443e-01
7.28304909394389077e-01
7.13608569587208197e-01
7.17297799538693326e-01
6.51558830359578511e-01
6.61432799377849601e-01
7.10919347754868425e-01
7.17557985518279207e-01
6.85701987670101598e-01
7.16615472721499724e-01
7.08143188659569822e-01
7.15474914845493859e-01
6.30552033102365961e-01
6.50476179165486723e-01
7.44883493018237974e-01
6.38219009524938485e-01
7.10966869601004858e-01
6.92712566189164547e-01
7.14898757590715195e-01
7.45155857656793597e-01
7.14904924190507995e-01
7.11444024028669908e-01
7.13526485869253602e-01
7.13915175214740905e-01
7.14823919283445353e-01
7.14044805697849339e-01
6.82046296404514751e-01
7.18891159530160695e-01
7.16051440342210244e-01
7.45935066663177326e-01
7.14147210283808120e-01
6.90017149164732446e-01
7.45076191932082410e-01
7.18763770397975232e-01
7.13840401048369544e-01
6.54157165109752192e-01
7.13936821945676536e-01
7.14667078274642487e-01
7.13806894194603525e-01
6.91326551156912661e-01
7.13438372937721832e-01
7.11076061708646900e-01
6.73332224187879302e-01
7.14100011350122243e-01
7.13672913313602719e-01
7.14368497984037454e-01
7.13844963764916129e-01
7.12760309971756434e-01
7.44695019719176621e-01
7.18101359074120649e-01
7.14228292356689054e-01
7.13377463068870621e-01
7.19586527033932444e-01
7.14075504973450403e-01
7.13425718586392366e-01
7.24944684203505219e-01
7.32426043034766217e-01
7.15197360563935791e-01
7.12889968781894590e-01
7.14511397128787862e-01
7.17526085686509218e-01
7.14551710913201243e-01
7.12663806291107482e-01
7.13209565176637028e-01
7.13851637248407056e-01
7.14120238759137771e-01
7.09734852121721604e-01
7.13862083795759772e-01
7.19336070119421245e-01
7.37213275336682350e-01
7.14112665540936109e-01
6.99275869280992501e-01
7.13475885338611615e-01
7.13534075176551652e-01
7.16665529919421229e-01
7.14647560925828595e-01
6.95058645696839728e-01
7.09488893518181896e-01
7.15681128809401712e-01
7.16202425264173437e-01
7.13830882077538198e-01
7.15147850982731259e-01
7.16746925462323881e-01
7.30596871728095842e-01
7.10177722863053695e-01
7.13946872230896257e-01
7.16103697495715674e-01
7.13359501450520073e-01
6.76670452521823451e-01
7.13847288447472361e-01
6.85848148048789130e-01
7.15902206724806200e-01
7.27814830287171755e-01
7.13414498743402903e-01
7.13976442600632200e-01
7.13621213181946601e-01
7.14977422303489707e-01
7.17517782714449992e-01
7.15319073931781957e-01
7.24698329529751883e-01
7.15828912980623233e-01
7.13835156752345767e-01
7.24304600135634358e-01
6.68806910300880353e-01
7.14346546729328957e-01
7.43964946663509430e-01
7.13419035603345519e-01
6.77324050770463870e-01
7.16270311729763964e-01
7.12909776475893930e-01
7.14582881669848180e-01
7.15464835485084438e-01
7.14017001523858941e-01
7.42787301042011960e-01
7.14100368741827030e-01
7.27902277867036651e-01
7.13824865120154417e-01
7.14774628034196446e-01
7.04731373189308008e-01
7.20544437418480399e-01
7.14924691514850053e-01
7.15656547884984118e-01
5.78183982038615651e-01
6.30516381614187438e-01
7.11264794989743154e-01
7.11972039167235837e-01
7.13565184627885096e-01
7.06480431898395933e-01
7.13194392922744336e-01
7.09414418057461638e-01
6.97569004699544637e-01
7.00122510774548679e-01
7.13731403062774383e-01
7.16813426543113308e-01
7.19177254074466754e-01
7.13913161158309606e-01
7.15213447358814647e-01
7.04264869058574328e-01
7.14712184997354671e-01
7.14084241941936759e-01
6.95620172379939228e-01
7.09992603596229621e-01
7.21682712929405557e-01
7.15193591368837533e-01
7.16409113293229094e-01
7.34232868670288474e-01
7.13741388208729011e-01
7.19640440890489841e-01
7.17376468602437867e-01
7.13606747314299183e-01
7.26380159795012026e-01
7.06578868489918355e-01
7.13574693850857478e-01
7.13700575215258648e-01
7.15197556135851120e-01
6.68972312250764367e-01
7.12344001121440029e-01
7.12706613825618285e-01
6.56617502762075866e-01
7.15161044466883555e-01
7.31968719071827478e-01
7.13795730155267094e-01
7.17117663162404884e-01
7.32357435967577075e-01
7.12247164141297406e-01
7.13623488610049095e-01
7.18011631804007289e-01
7.13714757087943963e-01
7.15121985831220774e-01
7.14888263351965647e-01
7.17182023806783975e-01
7.14599391205616885e-01
7.17479802572540293e-01
7.14233712771174978e-01
7.15003166634366916e-01
7.15300788900158913e-01
7.17134563407833214e-01
5.80570631702990392e-01
7.07458596080822510e-01
7.12513460963034473e-01
7.02782859773878998e-01
5.93018293236720728e-01
7.04478556299660719e-01
7.14332324870640356e-01
7.15212486658371671e-01
7.14320080772945509e-01
7.17180237907173446e-01
7.09524067312681472e-01
7.14621481762878874e-01
7.12011645051198849e-01
7.13648585263634505e-01
7.13682656341373067e-01
7.14621027710014567e-01
6.75125531895928943e-01
6.91151732397545238e-01
6.40641281232791626e-01
7.40909900144676281e-01
7.25416771412211392e-01
7.11011143017199809e-01
7.13546812069725478e-01
7.41051805100970018e-01
7.16365191495942355e-01
7.11746231266756291e-01
6.90039680422740331e-01
7.12673719141189710e-01
7.13085822547745329e-01
7.13916887035208059e-01
6.23661277948190373e-01
7.15373544231757585e-01
7.15499686769632937e-01
7.41225360895196750e-01
7.05392157077296189e-01
7.16886398360622734e-01
7.13398334489172781e-01
7.10568242485855150e-01
7.13499073470049150e-01
7.13906748964130311e-01
6.84954218184942065e-01
7.42155977009365420e-01
7.12042545316089681e-01
7.03234402403482783e-01
7.12534741651473236e-01
7.13784366488607880e-01
6.68382260171011433e-01
7.12678856931471705e-01
7.11914077787040744e-01
7.14310175390111435e-01
7.13191096717439854e-01
6.23129159578103664e-01
7.13065546929671168e-01
7.39668008703754931e-01
7.13766834576029408e-01
7.13231062794100867e-01
7.08553614266011600e-01
7.13223368863931451e-01
7.13533631893138121e-01
7.08795512337223044e-01
7.14978207870709981e-01
6.87859985633093474e-01
7.36677016623540348e-01
7.14738832943332958e-01
7.13976972390093723e-01
7.11719045635553438e-01
7.13887536519132726e-01
7.15517594492657505e-01
7.05301471173654493e-01
7.14504099026953110e-01
6.71455857671972800e-01
7.12511293668913637e-01
7.13845289930841509e-01
7.15940983657165742e-01
7.18746243796145712e-01
6.78854527139833741e-01
7.14608655369931345e-01
7.13874073865340519e-01
7.21655562747328005e-01
6.92676701141523354e-01
7.14840357415941208e-01
7.13977873555595943e-01
7.13677624214390738e-01
6.71340580270186060e-01
7.19635565617419704e-01
7.13417135356317789e-01
7.09246672365309028e-01
6.86835770630172537e-01
6.53752485124442950e-01
7.28002070711035731e-01
6.39086359425488748e-01
6.70746218093422497e-01
7.14812258377642396e-01
7.15049211876916391e-01
7.14182568865953882e-01
6.41038429090835304e-01
7.14415274762202235e-01
7.16141697309657266e-01
7.05780276749512603e-01
7.11876812119862978e-01
7.13646603320031381e-01
7.15078350566791920e-01
7.17825528437113780e-01
7.43864068731377448e-01
7.17165882622127326e-01
6.96128386737569937e-01
7.25533727053211841e-01
7.04339048880691876e-01
6.73808340975998621e-01
7.17785767424264476e-01
7.16617113952320195e-01
7.09846833509883535e-01
7.37696582740002160e-01
7.11599210712524299e-01
7.13280690613020796e-01
7.42047051142636138e-01
7.16630628077418064e-01
7.14243118772930341e-01
7.15295759040552093e-01
7.09188403374019560e-01
7.13771032428409113e-01
7.14004302420683912e-01
7.16678219385878501e-01
7.16944030977789026e-01
7.18013993458002431e-01
7.22814743636686630e-01
6.24159060063422477e-01
7.45591713692422609e-01
7.10669459490543720e-01
7.05926634051951329e-01
7.14996689037742494e-01
7.14635319588063256e-01
7.09497359191059718e-01
7.01170897985528341e-01
7.13716131829423062e-01
6.42356754704539124e-01
7.17485643813669083e-01
6.34659804175634612e-01
7.31120543588531402e-01
7.22689441082594475e-01
7.13455974598935838e-01
7.15141382636169332e-01
7.12773870264751475e-01
7.15139925169352320e-01
7.15353078875953119e-01
7.13103522075529184e-01
7.13520149698227080e-01
7.20478232550061271e-01
7.14296181843583788e-01
7.10799935199791011e-01
7.14515412365500757e-01
7.13417341233541169e-01
7.13573422418711134e-01
7.14939134423606570e-01
7.13082539560238593e-01
7.14587285562154007e-01
7.17475342902440860e-01
7.09335129139550546e-01
7.16189949304832929e-01
7.14857267772533334e-01
7.13948083146341839e-01
7.28695664143321875e-01
7.45068515636644113e-01
7.16139466642351397e-01
7.15046586931697647e-01
7.13224561358981823e-01
7.42360993203232344e-01
7.19470841556507312e-01
7.08233942729226240e-01
7.13846662578727975e-01
6.13136502052753274e-01
7.14442570899280982e-01
7.14570365234892479e-01
7.15287471534940988e-01
6.93427335143871115e-01
7.16228981122541630e-01
6.95536568039598735e-01
7.13893531421940231e-01
7.16549785420220853e-01
7.13890387406983962e-01
7.17218066310450264e-01
7.19585169113228229e-01
7.17728401290040452e-01
7.45746255796155721e-01
7.13092993021210986e-01
7.11589528460978227e-01
6.63666886981165050e-01
7.41860327213998416e-01
7.16968099064286268e-01
7.13597560972002221e-01
7.44556896876899410e-01
6.70145404220939933e-01
7.08433246650049031e-01
7.15082960674670920e-01
7.13314640774642905e-01
7.18273275073604944e-01
7.15383842376376644e-01
6.88445727312382960e-01
7.40349914374362816e-01
7.13120532625229120e-01
6.96794091154957052e-01
7.14002653963545786e-01
7.13911591379299493e-01
7.17334621897728897e-01
7.11975249952834566e-01
7.36656045623353073e-01
7.16546242852897808e-01
7.15150792805890334e-01
7.13308386341477862e-01
7.38784097070492973e-01
7.13513720715013289e-01
7.14798152496043615e-01
7.14048208166309761e-01
7.28405885122345609e-01
6.73081274295777798e-01
7.20174319628188120e-01
6.98557530966166906e-01
7.15104224987216930e-01
6.90853274799596018e-01
7.15653494381429556e-01
7.17100868204313735e-01
6.20363041946494387e-01
7.12528602317736737e-01
7.13351571006177632e-01
7.05367612787548892e-01
7.13044688642115454e-01
7.14248728631600938e-01
7.15947691436639722e-01
7.26833646018365864e-01
7.33740931156140364e-01
7.19486367686320238e-01
7.13365611438015690e-01
7.14813044693990207e-01
7.13228858121841114e-01
6.88626437465802321e-01
7.23366486901769412e-01
7.45129890348632418e-01
7.13442653806537597e-01
7.11998583179321964e-01
7.13961703471097109e-01
7.16915573168955822e-01
6.67982598438136232e-01
7.13397650935601035e-01
6.99444599021296187e-01
7.16634851344344459e-01
7.14333362579456010e-01
7.16480382258154136e-01
7.12697193898856884e-01
7.39496667554581988e-01
7.13885336472127041e-01
7.13788825787346703e-01
7.16378358594497944e-01
7.13034747544800673e-01
7.15970204839917357e-01
7.13284519874949230e-01
7.15593180409444640e-01
7.41572925148952899e-01
7.17281658749604811e-01
7.13518810764370182e-01
6.86087500985677834e-01
7.15088202764617042e-01
7.38582902247939099e-01
7.17845544270677149e-01
7.16653938262453827e-01
7.16943850268734861e-01
7.44190613520652633e-01
7.26946933318251887e-01
7.13503220923237480e-01
7.06097114189445763e-01
7.19589062909050781e-01
7.12841443530213281e-01
7.13271639185666273e-01
7.13350193103510555e-01
6.27251702092058050e-01
7.13931184378304495e-01
7.43697748271576531e-01
7.44291651878687399e-01
7.35622258674609730e-01
6.44051087873855899e-01
7.08629767732751437e-01
7.41099777813425731e-01
7.13913694506691843e-01
7.11698405294571845e-01
7.16103427836591200e-01
7.15596421130247129e-01
7.05151311150321258e-01
7.15088107157231367e-01
7.14741774198321744e-01
6.58812563994191192e-01
7.11463388865379298e-01
7.12936493829884554e-01
7.14618121733851308e-01
7.19606208917959456e-01
7.14068728988938140e-01
7.33998801429768366e-01
7.17284303766918208e-01
7.09785776628695464e-01
6.93955676611749617e-01
7.12961100950922577e-01
7.12190034853694143e-01
7.13897670113862737e-01
7.17769337522346840e-01
6.56272007012279501e-01
7.13281077250840112e-01
6.98837750426558713e-01
7.20222254441485243e-01
7.13950844117720029e-01
7.17059897013259451e-01
7.09109625610071070e-01
7.17305754689860575e-01
7.23904303210848532e-01
7.22074910542192416e-01
7.16572035564078447e-01
7.12807704633068417e-01
7.13929799285609623e-01
6.46234253788191326e-01
7.14056543663311838e-01
7.17159497689522474e-01
7.10875593531930194e-01
6.52415311862000857e-01
7.15251978478615658e-01
7.05189587372698878e-01
7.06415640372933917e-01
7.05166085189456893e-01
7.13778666030192022e-01
7.41049766933293053e-01
7.13514795104308597e-01
7.13456890566688595e-01
7.19171840862540157e-01
7.13090831404216696e-01
6.99734490712679347e-01
7.16239655302743805e-01
6.97970316796500567e-01
7.13340722674534300e-01
7.22154383378824760e-01
7.16885292378856787e-01
6.78794010467633990e-01
6.96840533592063660e-01
7.06313584541435335e-01
7.13355538388510291e-01
7.12757042997228418e-01
7.17202088314987440e-01
7.14816144486716487e-01
7.12087554867563810e-01
7.12947802499355521e-01
7.36482421310468038e-01
7.13892895013465534e-01
7.12698116516606528e-01
7.09127391756159575e-01
6.65320381452150111e-01
7.13484860027325141e-01
7.13788890535901666e-01
7.13939375963483891e-01
7.15481400788958055e-01
7.13582324361358156e-01
7.16051698981468476e-01
7.13374034378642219e-01
7.15461874281849708e-01
7.13549224073428245e-01
7.39941440907672665e-01
7.13949512002161391e-01
7.11894752159708655e-01
7.19139638754774935e-01
7.13798507997306486e-01
7.12537080967916792e-01
7.07208600443171465e-01
7.06454028714520121e-01
7.41215543249896025e-01
7.10282744659580856e-01
7.17639019351855034e-01
7.30967515010168767e-01
7.09312008368317204e-01
7.13852888612314440e-01
7.30867433901887242e-01
7.14766360120767441e-01
7.39626311608705400e-01
7.13299039128737822e-01
7.19338991003582784e-01
7.09437977855688184e-01
7.09621127486220082e-01
7.13642054753883315e-01
7.16378935477127277e-01
7.17513712474418197e-01
7.06080402149491637e-01
7.18305845685443423e-01
7.14450727116646145e-01
7.13046572571661152e-01
7.13802228986260001e-01
7.10716828915260113e-01
7.13312105420191522e-01
7.13893381271059280e-01
7.13807476299868404e-01
7.14741316596902543e-01
7.14751887829540133e-01
7.15752023849746788e-01
7.16080979541063867e-01
7.15006795666898620e-01
7.13818134325214126e-01
7.09022597631697615e-01
7.09899498778875482e-01
7.17505352447699751e-01
7.08456495571400668e-01
7.14989273068525888e-01
7.16188148615513831e-01
6.87821629276258673e-01
7.13479145710650964e-01
6.70467386909929575e-01
7.16251288199282410e-01
7.30908532826872293e-01
6.83152152336296781e-01
7.16436168278128505e-01
7.08083253338022134e-01
7.13798034012457894e-01
7.13643125645706977e-01
7.14398148790497456e-01
6.81096355692256128e-01
7.21147203881108312e-01
7.35678725543262191e-01
6.83557336279655314e-01
7.12925483270511307e-01
6.89612286242458516e-01
7.14416004279031513e-01
7.15565354233641759e-01
7.14159990257550947e-01
6.97103645233743463e-01
7.15000522970540953e-01
7.13872532329553056e-01
7.44816851844889327e-01
7.17066340183103779e-01
7.28286718834033175e-01
7.13770156749971796e-01
7.04064095333078788e-01
6.87896931877125639e-01
7.01630594496279847e-01
6.75236406233810871e-01
7.12651320361745610e-01
6.88372337542300095e-01
7.12810695729193866e-01
7.06797123486436751e-01
7.14301833879601666e-01
7.09264886254276750e-01
7.08926212299253344e-01
7.02831059985653428e-01
7.09984186148678087e-01
7.14420193959387273e-01
6.79700736246572457e-01
7.13485932222503560e-01
7.14004775110531287e-01
7.13922837054273063e-01
7.11121540234496030e-01
7.13694314080383307e-01
7.05181959716359441e-01
7.13808862606056027e-01
7.15791590560922120e-01
7.23042125543536307e-01
7.14182550064632049e-01
7.07019688371622546e-01
7.13540293140587867e-01
7.15139937993888530e-01
7.13615784169209344e-01
7.04508306337030654e-01
7.13649477558078171e-01
6.44231636352345483e-01
7.13331979076268996e-01
7.03814907591225225e-01
7.12935259891002149e-01
7.14113736141928523e-01
7.15071377217264437e-01
7.10527777756421397e-01
7.35848355203536086e-01
7.11805304102093417e-01
6.86677438892028924e-01
7.07635699657355732e-01
7.12838705271123807e-01
7.14368671892713580e-01
7.15690034158205091e-01
7.16483504083426315e-01
7.14585355520818921e-01
6.65234933708968135e-01
7.13806409070898540e-01
7.34499811308695350e-01
7.14250390593419993e-01
7.13155090509899225e-01
7.09553647352514472e-01
7.16546829881473668e-01
7.14648613243277331e-01
7.16059607515145635e-01
7.13880435688156845e-01
7.16602547908415155e-01
7.14089688540666900e-01
7.19530896122347552e-01
7.14226347889498903e-01
6.98641530398512733e-01
7.17477119977153577e-01
6.82355755227036509e-01
7.13835657626831321e-01
7.03629842352949786e-01
7.14112160732266466e-01
7.15991277236359691e-01
7.16168085989562608e-01
7.06259616817189295e-01
7.20870890559312527e-01
7.14382968293705622e-01
7.14271495764389530e-01
7.24686255601263762e-01
7.04572139937553188e-01
7.06144383916123330e-01
7.13675024970421901e-01
7.17569974752373385e-01
7.16160545708175889e-01
7.15150439089139667e-01
7.21376355991466434e-01
6.92085696573382925e-01
6.69905538254848776e-01
7.07320765743915669e-01
7.15551635839846711e-01
7.03719830524840551e-01
6.60009381665700778e-01
7.08228441087224048e-01
7.06475673471207877e-01
7.14978224637402016e-01
7.13569933427799841e-01
7.14586729310894841e-01
7.15294275643362454e-01
7.16372308883562292e-01
7.14690432308906387e-01
7.14170326001699052e-01
7.11157176196941854e-01
7.12952997299598379e-01
7.30879043431718722e-01
7.06725130406950064e-01
7.16264153779065049e-01
7.13063728744877667e-01
6.39204694154454578e-01
7.13569364721131194e-01
7.14645631233103318e-01
7.13500701670942816e-01
7.14444802339411100e-01
6.66808306295970321e-01
6.83285773442123712e-01
7.15630429406207802e-01
7.13433057132531689e-01
7.13663961774989475e-01
7.14301844090487581e-01
6.74805847171075945e-01
7.21131986706209149e-01
7.13623452009972903e-01
7.10925632929036877e-01
7.06684756701209782e-01
7.13811425089803109e-01
7.38867600438009253e-01
7.15053874929307054e-01
6.82550440706749639e-01
7.13967172108170067e-01
7.13003843839163487e-01
7.19438892043000933e-01
7.13542757908745551e-01
7.12105856945517091e-01
7.06585955396943466e-01
7.17369803462744593e-01
6.71742153786394569e-01
7.17462980746729762e-01
7.15866569908658046e-01
7.13532587902973137e-01
6.89680054420220401e-01
7.14149004720863845e-01
7.23515662055652098e-01
7.05193482272469807e-01
7.20506971661268092e-01
7.17354223950302572e-01
7.13045006886217192e-01
7.13769307415845100e-01
7.39743493744204450e-01
7.15507838420439857e-01
6.96729625697485200e-01
7.13597899912380429e-01
7.13483825615254474e-01
7.13561247459849946e-01
7.15641862207896384e-01
7.38744643271385337e-01
7.13972828077173549e-01
6.60325582515584042e-01
7.13129595075898459e-01
7.13652300487739644e-01
7.44777430883080460e-01
7.42242080213407651e-01
7.15774153628921606e-01
7.09636411165055381e-01
7.15211661862934611e-01
7.15056330986456934e-01
7.13496677256542644e-01
7.15013204119213652e-01
7.09124828624281722e-01
7.14593002781503173e-01
7.08112622108290957e-01
7.13697794638707417e-01
7.15285168203142141e-01
7.13384222421445724e-01
7.01015307589306857e-01
7.06432230790199456e-01
6.48469104807425256e-01
7.12214149500557059e-01
7.06817141735147092e-01
7.08257333859333538e-01
7.13441377870699167e-01
6.86037373010646934e-01
7.13492599912262881e-01
7.13693093463818040e-01
7.13919743836908594e-01
7.13819561803035074e-01
7.13949475213393026e-01
7.09039116398865743e-01
7.06850687245278553e-01
7.13506913435250190e-01
7.16202706432975567e-01
7.07899642289353204e-01
7.22112664597004406e-01
7.17123283307924297e-01
7.13922913503129308e-01
7.17042941900349784e-01
7.13723576705001306e-01
7.12514202734853219e-01
7.13013823023745275e-01
7.16238418752958350e-01
7.13123146863090085e-01
7.12891568346886495e-01
7.08619741519788127e-01
7.10160854141016595e-01
7.44215585133661039e-01
7.12222704643370008e-01
7.11040942201007886e-01
7.43019206122261688e-01
7.13717918828934539e-01
7.13132777986010491e-01
7.12382366647704379e-01
7.14044288576463404e-01
7.14173067084843960e-01
7.15641406134013058e-01
6.51650943842488672e-01
7.13423832176322770e-01
6.94368782017576347e-01
7.13608273431652340e-01
6.90841158693359381e-01
7.23474869918371066e-01
7.11303912534746119e-01
7.13747852634911917e-01
7.09591165559104065e-01
7.16547827228031231e-01
7.31861395492272027e-01
7.14147579565199364e-01
7.09029633153231309e-01
7.05670034193794593e-01
7.14319592111886448e-01
7.18571665590410302e-01
7.08857544985492694e-01
6.65234138243397277e-01
6.91172385860110206e-01
7.13488143592002189e-01
7.14407290253901039e-01
7.13125086716245637e-01
7.16067378696532697e-01
7.13849282341982749e-01
7.14459752040348284e-01
7.12464074098158928e-01
7.04698992861627405e-01
7.18721358395634113e-01
7.08424009589447623e-01
7.18561080991292456e-01
7.13112818413630722e-01
7.18868790832430271e-01
6.46264691575171746e-01
7.09059529748889417e-01
7.11860468347578101e-01
6.85111245537154412e-01
6.97619699941606886e-01
7.18167353126803354e-01
7.14552689232486604e-01
7.09810899537494211e-01
7.08282742403694154e-01
7.08562755457882720e-01
7.13447535104028918e-01
7.10329193053351293e-01
7.16992616934724603e-01
7.15357877204496284e-01
7.35470441156301891e-01
7.13529347479655018e-01
7.14592709512481217e-01
7.22946390939485206e-01
7.13871664490083768e-01
7.18928521520637798e-01
7.08588928445876287e-01
7.30264513511661328e-01
6.18535932422645263e-01
7.16055075257894913e-01
6.48835601054178035e-01
7.12120067788868716e-01
7.13193014431090400e-01
6.92151087653836372e-01
7.06435055282467084e-01
7.06135012846249466e-01
7.34303803826838131e-01
6.11921822692526152e-01
7.13464441079788014e-01
7.06981961958395688e-01
7.12357348898158049e-01
7.38841338630653266e-01
6.57450416582926689e-01
6.96578476954934467e-01
7.07183723547271992e-01
7.14283487798742511e-01
7.08890759717393792e-01
7.06806575639079671e-01
7.14584610837252110e-01
7.11763141151073975e-01
6.55916014051601493e-01
7.39926391120190541e-01
7.14109599856649346e-01
7.39312765338412170e-01
7.07611990097914867e-01
SCALARS mach double 1
LOOKUP_TABLE default
2.98515320194875255e-01
2.98452736510659067e-01
3.01562253666429692e-01
2.46454438838038581e-01
2.98847776623092254e-01
2.25439797945554632e-01
2.92928827907323164e-01
3.01635691454731014e-01
2.54001767723609551e-01
3.00857426956818164e-01
3.01953010291216739e-01
3.33905726545432491e-01
2.58362376362572810e-01
2.98170032571881016e-01
2.59536202436042696e-01
2.97517547789215575e-01
3.07327803803467914e-01
2.84970526051920581e-01
2.99356982464519528e-01
3.00756499159796520e-01
2.92349020511252833e-01
2.96075298509399065e-01
2.70602497931331065e-01
2.89774758854250469e-01
3.03339082175665020e-01
2.86384070276065494e-01
3.34308424420237671e-01
3.01825966789525835e-01
2.03391471374567673e-01
2.95499019392780171e-01
2.46371414517575077e-01
1.90988974864659655e-01
3.85594632396064341e-01
3.14491452653432257e-01
2.52998319064454802e-01
2.86346978518239370e-01
3.06048157839050372e-01
3.04963081631729860e-01
3.53093357789860063e-01
2.01659878554571598e-01
2.99006465052065462e-01
3.03821439768840462e-01
2.23585236257121206e-01
3.91370804889160762e-01
3.01353057171006911e-01
5.42938301258873102e-01
2.98609678573502013e-01
2.99165163493608610e-01
2.47309741917863951e-01
3.00744456155185635e-01
3.01453522842547783e-01
2.38472075942626038e-01
2.86635242560334347e-01
2.65753463368553211e-01
2.89571647501911944e-01
3.98923555355964410e-01
5.31707932268824401e-01
3.73359637524350030e-01
2.91032358467991359e-01
2.87487315227994200e-01
2.90123406587318389e-01
2.50338375102928168e-01
2.70838279855466546e-01
2.18508187087368660e-01
2.87637462156615731e-01
3.04795522384171680e-01
3.04707737920332788e-01
3.00363145816197219e-01
4.02535136542081284e-01
2.99661618244834560e-01
3.05305286650945806e-01
2.94988225235169821e-01
3.25761792153152763e-01
3.27855168772240246e-01
2.82099243847121595e-01
3.01832796577835683e-01
2.63965151766750117e-01
2.67591862377353606e-01
2.59589359986542367e-01
3.02030873444206815e-01
3.04007028135008517e-01
2.90482065226002339e-01
2.59068775233597448e-01
2.98409000572167016e-01
2.95679412122170693e-01
2.98689534977945814e-01
3.03576650224011646e-01
3.99587333699865432e-01
3.09551200994329589e-01
7.71360413151791213e-02
2.25267423198339728e-01
2.71255827917052383e-01
3.01459395225353477e-01
3.92269752160614438e-01
2.80237365978826258e-01
3.06023598598016811e-01
2.95082186079161424e-01
2.92096974862191106e-01
2.32671887133538369e-01
3.27470857476966859e-01
3.01741906877455168e-01
2.56816499944914955e-01
3.11936409702153694e-01
2.29574217364485689e-01
1.99637499116009226e-01
2.98271184615524432e-01
2.89656366154703582e-01
3.01866687504551423e-01
2.87239910665345322e-01
2.96878673101798052e-01
3.03920676943816859e-01
2.09894671085614104e-01
2.98779484069498946e-01
2.99518337108145849e-01
2.54529276104950519e-01
3.01317511772552227e-01
3.35634048503522353e-01
2.96554069834396361e-01
3.01751230943781035e-01
2.98203082676544162e-01
2.66967181375166063e-01
3.24804656809216830e-01
2.45585415795099987e-01
2.98889809952281205e-01
2.90706840586389237e-01
3.05720807443014109e-01
3.19129539942035356e-01
8.15256228035081687e-02
3.07125601478378529e-01
2.80861339579308644e-01
3.01477190844130660e-01
3.05662517377492504e-01
2.99505981123845966e-01
3.74326695081445615e-01
2.96986911942089815e-01
2.69616482382012690e-01
3.09474786295752591e-01
3.08072341389987125e-01
3.48766695081451528e-01
2.95368667175413990e-01
2.52522353713896530e-01
3.79844289455115003e-01
3.00264987427415031e-01
3.06300988307411037e-01
2.91635409037137583e-01
3.01395637180317255e-01
2.49949999372983428e-01
2.91522982691017452e-01
3.57624419445513042e-01
3.35160865209099434e-01
2.98580411084550745e-01
3.36031983263039680e-01
3.26942578452705579e-01
2.98450235166460187e-01
2.31645493881632275e-01
3.18805281403695240e-01
3.08960005538084115e-01
2.99690296038299608e-01
3.26537544363165622e-01
2.98554175008931222e-01
2.42920351713907356e-01
3.14967024317678534e-01
2.91184363945980462e-01
2.97556475085783312e-01
2.52703681286732040e-01
3.76618962460162576e-01
3.06789203059816162e-01
2.99817295900007996e-01
5.78433693760792011e-01
3.94073440380716122e-01
2.07280598936269600e-01
3.03499909617246322e-01
2.70421343685272264e-01
2.78299752621068097e-01
2.61735615907796204e-01
2.99509327854330876e-01
3.86405584054158702e-01
3.01157066776699844e-01
2.69577587659949380e-01
3.91276169550691333e-01
5.38427204566661377e-01
3.90076941143245481e-01
2.68469431954134030e-01
2.40074382580111267e-01
3.04722470184971950e-01
3.01483291882369830e-01
3.02268446491771037e-01
3.03882577846837754e-01
3.08469087991151636e-01
2.77709933510087714e-01
3.02226928926756955e-01
2.72235220046867565e-01
3.01269602950654747e-01
2.53192765383027152e-01
3.06114689794153461e-01
3.01040521961457530e-01
3.07578344508762980e-01
2.92365142869729699e-01
2.71036155382622490e-01
2.69221698166108914e-01
2.59958748756364599e-01
2.39872854445834366e-01
3.97374667409135240e-01
2.90293910074309047e-01
3.02747801329510458e-01
3.00210493135721290e-01
2.64031665668378546e-01
4.31169433088948895e-01
2.92644107848252566e-01
3.33691173713602962e-01
2.84881097160314567e-01
3.05575384084646962e-01
3.05659644361217619e-01
3.92539611810436340e-01
2.68652074509363459e-01
2.35426423291719061e-01
3.11399455463887753e-01
5.23142412999874962e-01
3.24182845541739539e-01
2.56323309269624988e-01
3.19960790300125253e-01
2.92704068906025572e-01
3.02218664422512273e-01
3.02444980337594482e-01
2.10860787314911452e-01
3.02745306024366612e-01
2.99007497032156122e-01
3.64872611153712612e-01
3.95548000862165128e-01
2.70834895071008719e-01
3.10661510631556836e-01
3.36297892869776516e-01
3.11756511500785205e-01
3.25870556840295089e-01
3.06325204251072625e-01
2.59020003726431691e-01
2.87856009728639839e-01
2.34112226310832422e-01
5.77182315569778392e-01
3.01599940985405435e-01
1.88443735651198763e-01
2.23412097093780265e-01
3.15903759998151068e-01
2.96610996229717927e-01
3.00069140174978322e-01
2.83602323321065608e-01
3.05217681250568806e-01
2.29067344743866391e-01
2.99264759415305281e-01
3.13768716216320631e-01
2.95643533817835313e-01
3.07041978696869999e-01
2.96992012082943457e-01
3.00663590399388170e-01
3.08995341319872163e-01
3.03061699284977837e-01
2.95520617617923365e-01
2.98466210131926868e-01
2.99379354539089426e-01
1.89598474841998099e-01
3.13753200204083760e-01
2.99460188363973479e-01
2.94400864569497156e-01
2.98649623742902770e-01
3.06344108585538288e-01
2.99967964267782161e-01
3.45300182570449976e-01
3.51597436023276200e-01
2.96651047704286464e-01
2.66565638803162919e-01
3.00841456382615058e-01
2.76212911215828361e-01
2.95613400390126846e-01
3.02148741637973839e-01
2.95744773555597806e-01
2.95165003768362355e-01
2.50477917148623219e-01
3.52617130695685899e-01
3.33777446140356537e-01
3.06344869164106859e-01
2.73111654966247952e-01
3.48060806532434319e-01
3.03764883932495566e-01
3.23158257159666118e-01
3.00555674554698005e-01
2.98080738313532656e-01
1.25879112258371700e-01
2.99891371044702149e-01
4.19977732485239341e-01
3.03950680562426356e-01
2.99307789497600674e-01
3.01115968579738214e-01
2.99417669631765804e-01
3.02672670446786529e-01
2.60187296601103346e-01
3.26546197806675320e-01
2.96535201806777782e-01
2.91550735138266293e-01
3.17214126055581302e-01
3.07026787661765888e-01
3.10379599566038389e-01
2.89826241976634813e-01
3.12187193732491264e-01
2.98472699068444647e-01
2.85150275348476923e-01
3.00476149435924045e-01
3.07192485680942096e-01
3.16713855351725082e-01
2.96081039392463385e-01
3.09206491345822954e-01
2.09314173068129883e-01
2.91001240289415708e-01
3.81822469452054836e-01
2.88387961266710013e-01
3.74214161481239871e-01
4.65828462486389594e-01
3.02039143615861372e-01
3.45813186367451120e-01
2.94153507348907717e-01
2.97921528231864796e-01
2.13942642818087808e-01
1.51246707737289904e-01
2.53561422378907331e-01
2.98839239716033878e-01
2.47549285626434606e-01
3.32566091743495496e-01
2.29622897018350036e-01
3.10214240751582437e-01
3.01055563781961966e-01
2.97232092596075193e-01
5.48929348649504711e-01
2.99354383744665553e-01
2.45867291944937560e-01
3.09797257577124674e-01
2.68015792429511790e-01
2.91944142075381274e-01
2.97656823317901498e-01
3.00186614272218655e-01
2.99221935686175444e-01
2.50674185440386221e-01
3.00921828394303204e-01
2.97926707015369219e-01
3.09040041841156798e-01
2.64720791097654229e-01
3.07456189839491412e-01
2.03959620911021766e-01
3.01075506358020273e-01
3.02339639672859595e-01
2.99826680437010440e-01
3.25918884039521684e-01
2.99572225325275165e-01
3.14687306181949789e-01
3.02195748861619373e-01
1.98859021070245584e-01
3.00417655758552726e-01
3.46827161156964436e-01
2.97215791108272342e-01
3.39086254714307034e-01
2.97963434277968620e-01
2.96482246876583089e-01
3.22479839272557300e-01
1.77203005808696662e-01
3.01278264019888387e-01
5.64479357692688199e-01
4.20421040121495115e-01
2.67438586724859428e-01
2.44569276265821645e-01
3.05986001861941082e-01
3.12650786778936374e-01
2.92452564515621072e-01
1.26186940188363489e-01
2.91633393100499461e-01
3.02390243953262083e-01
3.06149580370078556e-01
3.81110570313472952e-01
2.76147395118519101e-01
2.97855608402487482e-01
2.87487803141661280e-01
3.53039456538029484e-01
2.97635221132140970e-01
3.02599521634628554e-01
2.98224112975546296e-01
3.24424826870368221e-01
3.00547200470884956e-01
3.76018907540381642e-01
2.53839863196945681e-01
2.98702494540473706e-01
2.60188110539807282e-01
3.01311888159492725e-01
3.02146628669257344e-01
2.87587651020488222e-01
2.98947235920256738e-01
3.86461542858688001e-01
4.60787562778668891e-01
3.33215265149906625e-01
2.95318333758818663e-01
2.99812800452002592e-01
3.02582835293461860e-01
3.30450211836129104e-01
2.73755013446054130e-01
2.99432118168046102e-01
1.51058419567748264e-01
2.61027208961045309e-01
2.43915639107513821e-01
2.96384957395923410e-01
2.99968584992095499e-01
3.01717736728027708e-01
3.00290211540259144e-01
3.02381708664720195e-01
2.73718998456889628e-01
3.04697475070242974e-01
2.99039688026514039e-01
2.96227458046503633e-01
3.17260097487263359e-01
2.99061080254457878e-01
2.44313995353227509e-01
2.89906508045845279e-01
2.99490773667523080e-01
2.99700586492889387e-01
3.04043140254344701e-01
3.03436777719990447e-01
2.99436770976883038e-01
2.91417859428675097e-01
2.90434456299724864e-01
2.74990880540693261e-01
2.96514844628561536e-01
3.29911596677499142e-01
2.98946888094910435e-01
2.99488233279116445e-01
4.49781177670357912e-01
3.52303785156090787e-01
3.13548298450253005e-01
2.99263267716092629e-01
2.16952190205615958e-01
2.87219419395468023e-01
2.14475648550753101e-01
3.34796823039218538e-01
3.46895587939234140e-01
3.05563171840680936e-01
2.83236292668980427e-01
2.96504196771565975e-01
2.75930449869270067e-01
3.02089199184506108e-01
2.97564154868033448e-01
2.31331421122292880e-01
3.45790163778552095e-01
3.52706641372845520e-01
2.97388753252756988e-01
2.88696702264543803e-01
3.01709059100425114e-01
2.96549651763475752e-01
3.03571646271281748e-01
2.95438011232089237e-01
3.00075768461316450e-01
2.33142163982581196e-01
2.89127757260179863e-01
3.01652285029564815e-01
2.15408431974626030e-01
2.92665718710465983e-01
2.97344211612078080e-01
2.97708803514266929e-01
2.98305746186290410e-01
3.09358500206663722e-01
2.17744740488386823e-01
3.55224430204244934e-01
3.03968023357705452e-01
2.94640203045466620e-01
2.98466259307813120e-01
2.86349257537381441e-01
2.76040250618036054e-01
3.07528613288100272e-01
3.03435615261270331e-01
2.88306526986929046e-01
2.98497051481403319e-01
2.97681680824936123e-01
2.72276205283043138e-01
2.45541910808045383e-01
2.99618778484530501e-01
3.01225720784709328e-01
3.00819978915952191e-01
3.04678784112840717e-01
2.30395073847914050e-01
2.99841543874446670e-01
2.49556929906735198e-01
2.96482924750552101e-01
3.16373294515805592e-01
3.04048947311043039e-01
2.95322970582770794e-01
2.96165494743755753e-01
3.33370607669585040e-01
3.01909099456595498e-01
1.84968493064534889e-01
3.01932436944498894e-01
2.65428775938048089e-01
2.99784467308243152e-01
3.85431936197147496e-01
3.92874956161243849e-01
3.10907285916358023e-01
3.03448742418367001e-01
2.91915121814641798e-01
3.06456656210619460e-01
3.01151843174688960e-01
3.02210126217902886e-01
2.75289486706104702e-01
3.01863190694012629e-01
2.00704015994210283e-01
2.99298845625487031e-01
2.97426749734041762e-01
2.85022136877861043e-01
3.01186826631263116e-01
3.11727697352417565e-01
2.91496418842975447e-01
2.96704430479907577e-01
3.65410310964255525e-01
3.01962617994443683e-01
3.05602124128641350e-01
2.44287798037393422e-01
3.08546526923591469e-01
2.98353030423279375e-01
3.85113198141782132e-01
3.22463673586658561e-01
2.64369609582604526e-01
3.48758139210610663e-01
3.18345408928880136e-01
2.98881641868491144e-01
3.42244828380273425e-01
2.06926738831578388e-01
1.99602519649078547e-01
3.41468306527386800e-01
3.64594638218575517e-01
3.75474699639932630e-01
2.83899461059501035e-01
3.34940091875169210e-01
3.05611166955937485e-01
3.04874649873797088e-01
2.98979443465351602e-01
3.69362341650939785e-01
2.90304527295831560e-01
3.04633661257145916e-01
2.39352918381225105e-01
2.99528772632002505e-01
2.99553734127258886e-01
2.32382431001193601e-01
3.01398328837586604e-01
3.40616028633331014e-01
3.34652620484372998e-01
2.98639000426220824e-01
2.69815167614382623e-01
1.86949458255912526e-01
2.99009381450251910e-01
2.98846316466370998e-01
2.91141447507463458e-01
2.98896995427522572e-01
2.77034927607011816e-01
2.98807914008682951e-01
2.61588045486138343e-01
2.38015729206311560e-01
2.99488469240127120e-01
2.98888463222215850e-01
2.90485177516564053e-01
3.99390131584444308e-01
2.98073456780480861e-01
3.17991916421016818e-01
2.65214437439275696e-01
5.68411218517533179e-01
2.95110089795904029e-01
2.63297492783014453e-01
2.99378831843734206e-01
2.62957136615651066e-01
2.91860400064950232e-01
2.52539654729598551e-01
2.98520069487078266e-01
2.97961469425799652e-01
2.96750039843546365e-01
2.88882456643030083e-01
3.30324208224751503e-01
3.68010932612638175e-01
2.67156813399433535e-01
2.65191620131431161e-01
3.81107721740234717e-01
2.87283589663431149e-01
3.00133668473258675e-01
3.61054863991177588e-01
3.39704895173194243e-01
2.78911587470944522e-01
3.01331300607114494e-01
3.23671396258775779e-01
1.64780841189426847e-01
4.25786733669959727e-01
3.37228801926598265e-01
3.03576830810163845e-01
3.01714432158393109e-01
5.03240286881184384e-01
2.80982459696428932e-01
3.04141474017003977e-01
3.82929856700508886e-01
3.01578937177593487e-01
2.98545947744563611e-01
2.99240095272215956e-01
2.99561612951212031e-01
2.98463876982905052e-01
3.06770058043194960e-01
2.89342452655253934e-01
3.35824305003814827e-01
1.99316621017028905e-01
3.01354122919516298e-01
3.42282359491618171e-01
1.87242839765244334e-01
3.01634804693113989e-01
2.97982838721907395e-01
3.03440040434467873e-01
2.87217467019000972e-01
3.04213438161118011e-01
2.41701221308559866e-01
2.97940778212986257e-01
2.81295507656964039e-01
2.90079561791840301e-01
2.97371503976812168e-01
2.29873809459503198e-01
3.88332348808312744e-01
2.89126251395239287e-01
2.99740937145384689e-01
3.81243303505542253e-01
2.96060972215574925e-01
3.21936442327228789e-01
3.49029888280090461e-01
3.34220185829805450e-01
3.01455928747525859e-01
2.99709208601375288e-01
3.00151912811739696e-01
2.98110424302761357e-01
3.29324667040515828e-01
2.56398698892387922e-01
2.91411353397510120e-01
1.80324831275870762e-01
1.38031034638772920e-01
2.77595596348515106e-01
3.06635473275229831e-01
2.58247328813053345e-01
3.42627392416505028e-01
3.01463090263001721e-01
3.04495732755072412e-01
2.99664916601035891e-01
3.98875729816625779e-01
3.02419151413589715e-01
3.09317319071296559e-01
2.42215400084222765e-01
5.19313745522486214e-01
4.37606634196019029e-01
3.39041299734085921e-01
2.20111812635711862e-01
4.01056495206271957e-01
3.01949719412369200e-01
2.90936983722722087e-01
3.01457642545564120e-01
2.96787958677950603e-01
8.72910372822895686e-02
2.97528540073811631e-01
2.97349678944229756e-01
2.98664561408373441e-01
2.96660346513480333e-01
3.44219091908094410e-01
2.98663630836858318e-01
2.90355046998693522e-01
2.46278418369638652e-01
2.75645392132759792e-01
2.94500323665985553e-01
2.95295453375467087e-01
2.62041865608771185e-01
2.97745410801411758e-01
2.83823062708939422e-01
2.97659630358429239e-01
3.04657785204336229e-01
2.96666611253013413e-01
2.90026033566081753e-01
3.02374978723370269e-01
2.94614151690022197e-01
3.00342608558584523e-01
3.34735067178138335e-01
1.47243079022606277e-01
2.52464950274052524e-01
2.98456267106180007e-01
2.98959494921250013e-01
3.43832215567249022e-01
3.50744579938703671e-01
3.59628730744470937e-01
2.76896401777401657e-01
2.99173421102203407e-01
2.97804008976520374e-01
4.01502870241814136e-01
3.55981802910650846e-01
5.36907438901465639e-01
2.96259322831749883e-01
2.94019100135356648e-01
2.84210933897548368e-01
3.02215190544623646e-01
2.97019662253631744e-01
2.91547740659511334e-01
3.22119668425876582e-01
3.01264326336470045e-01
3.01794855122210548e-01
3.00181084667990539e-01
3.01351828531074561e-01
3.09463037142645447e-01
3.05303488176526638e-01
2.65900666075993442e-01
4.01881641491904862e-01
3.01026485211989159e-01
2.99239630393401346e-01
3.02374511313865113e-01
2.94126816902085086e-01
2.73587913220600665e-01
2.98697007702037665e-01
2.73043702991347947e-01
3.57808532527656487e-01
3.05558869370165187e-01
3.35137209569837280e-01
3.42727269085015829e-01
3.00400866561204571e-01
2.97486627907862955e-01
3.24256570017417589e-01
2.99840581941640927e-01
2.45384392242898458e-01
7.67711650461755102e-02
3.08319552528950991e-01
3.11855363830489840e-01
2.30305550428487771e-01
4.10587677879917734e-01
2.95609167504356174e-01
2.69903346831654289e-01
2.96672022035529670e-01
2.26097406374613757e-01
2.65156677977858191e-01
3.29534947069458684e-01
1.89347583065478720e-01
2.95755203902878905e-01
4.13769223573637546e-01
2.99367296780893299e-01
2.87104794201761993e-01
3.04672234154197030e-01
2.98420950833062415e-01
4.78929573354840876e-01
1.37681283711202945e-01
2.93439068961287686e-01
2.72912497278832766e-01
2.94415954946883718e-01
3.02178727795235247e-01
3.11288364625590619e-01
2.84539653132661774e-01
2.62931728502073192e-01
2.98214056158610685e-01
3.85943043532429031e-01
2.69380263252746499e-01
3.78145345989155501e-01
2.79621372104515542e-01
3.95748567489952019e-01
3.12480695652478324e-01
3.01969800640016661e-01
2.98872842708692132e-01
2.99795217048091478e-01
2.94211341098084667e-01
3.01485470435315150e-01
2.98503551546850265e-01
1.78399730721474803e-01
3.00886869147671876e-01
2.86258306128454210e-01
2.93745995051006459e-01
2.92552121727629844e-01
2.98846141287216815e-01
2.78403981357229713e-01
2.88909804038499973e-01
3.03601275319091091e-01
4.07146727125904662e-01
2.98483068140420804e-01
2.97340174443305461e-01
2.51422250141149550e-01
3.02237711166005285e-01
3.02008713650541494e-01
3.64411143479972222e-01
1.42238466765635480e-01
3.00730560899337418e-01
1.99761603157085965e-01
2.45724971898139771e-01
2.96982489096625613e-01
2.99208052417281101e-01
2.89635600245682634e-01
3.65341477499256495e-01
2.80573784347633193e-01
2.87588326117560578e-01
2.99041978193257396e-01
3.36534256919995334e-01
3.03284026565036391e-01
3.01158585850194505e-01
3.19704905638837911e-01
2.98469323122294350e-01
2.98583190463042270e-01
3.09218470681888902e-01
3.63506470432303774e-01
3.07603156408546019e-01
3.01416627349391175e-01
2.97504924293392203e-01
2.99362390206723283e-01
3.62403327136165854e-01
3.98717464617749151e-01
2.83982910001288780e-01
2.51818278325574685e-01
3.19835167476818227e-01
2.94135305019715299e-01
3.37342661098755214e-01
3.03502884423505759e-01
2.98437163849010534e-01
2.44501244346545049e-01
2.88640613806432300e-01
3.05191257386110859e-01
3.03581686809256901e-01
3.04097071244106121e-01
5.25099379197058402e-01
3.42332193895767967e-01
2.99573191494199143e-01
3.05330722491724715e-01
2.94542179258692360e-01
3.00131630406179684e-01
3.05042106027375415e-01
2.96355930045361149e-01
4.79988410416574474e-01
2.98970192922805356e-01
3.00658635163998711e-01
2.95227458092178485e-01
3.07317098621791074e-01
3.17747060508744683e-01
3.31364100026251829e-01
2.22290890578289962e-01
3.13436991366638107e-01
2.88575340557595483e-01
2.97049435905553327e-01
2.44159511932828671e-01
3.01761030476771330e-01
2.99817155020173753e-01
2.92539596882238184e-01
2.49446587242525858e-01
2.99159106986042866e-01
2.92232644564055677e-01
2.02124263824443956e-01
2.81784885612768932e-01
5.51358021847232371e-01
3.02127148726303751e-01
2.43271540979796475e-01
3.21769512870444307e-01
3.00901846774425274e-01
2.72772146644253255e-01
2.85454359201335051e-01
3.34809880531875992e-01
2.78880291263614466e-01
3.15688272800738745e-01
2.87661502905248723e-01
2.63464817161340625e-01
3.02472168789209406e-01
3.35773109982441198e-01
3.17936438249191211e-01
2.99499143942937751e-01
2.98386610033888944e-01
4.73911954227152710e-01
4.79091472436725729e-01
2.58414555928554945e-01
2.98515739967278926e-01
3.86675279449519071e-01
2.00135434731741196e-01
2.87735068530917015e-01
2.91946710303085666e-01
3.01726538830617619e-01
3.04800218226921826e-01
2.98751772895869960e-01
3.01003420130922905e-01
4.23232901843944909e-01
3.05297368487449206e-01
2.93723195093944900e-01
2.81929303923748820e-01
2.90092394254429398e-01
2.98473131919070822e-01
3.37508412583706618e-01
2.98469225265827531e-01
2.92390475136597550e-01
3.29539537113837988e-01
2.80356214262531045e-01
2.74586954386438153e-01
2.08752036067737790e-01
3.04603897684412206e-01
3.14755192124875960e-01
2.93554369270206839e-01
2.99092892887334261e-01
2.89255570274258522e-01
3.34843363107825975e-01
2.92079893610483088e-01
3.76694221966978715e-01
3.01372212187467126e-01
3.04152236720326763e-01
2.69760760125769272e-01
2.98823239319864431e-01
3.33783708011456057e-02
2.06758158523933006e-01
3.67089855980302970e-01
2.24027864303270235e-01
3.30402141702716590e-01
2.91805430304776958e-01
1.94630084349152299e-01
2.87909715321766346e-01
2.02673147994603259e-01
2.94366379187103622e-01
1.80147363654201503e-01
2.21503046889423127e-01
3.04752631262719509e-01
2.98154476962555592e-01
2.32033695629054654e-01
2.98062586794614559e-01
2.98851414682404226e-01
2.94137794211374148e-01
2.96250912088983964e-01
2.96018089663488082e-01
2.99220891573526215e-01
5.76982235897180520e-02
1.44183402505609348e-01
3.40554458347123334e-01
4.10577605026226089e-01
2.99792390377117968e-01
2.57501022066360274e-01
3.01342144350501218e-01
2.91575961629778002e-01
4.43721615363468325e-01
3.00894871585332291e-01
2.80684200932993400e-01
3.66877739110934575e-01
8.67187106469566454e-02
5.19059147401391030e-01
3.34319796790680912e-01
3.10833020694339934e-01
3.08386926631140756e-01
1.80178886534748811e-01
4.06632054588159264e-01
2.99036389818536141e-01
2.68350610954173674e-01
3.01530125412036720e-01
2.99380985579334014e-01
3.05795161064086607e-01
2.70670591162096352e-01
3.01778484411063253e-01
2.97474091806179730e-01
1.08185823637688319e-01
4.13851219608513232e-01
3.02117814561033260e-01
2.94918560155439713e-01
3.68402920469445616e-01
4.21963435000139497e-01
3.01936392990698188e-01
3.17719294053976808e-01
1.07128422185602840e-01
2.98730829518058572e-01
3.02111007961999356e-01
4.56911663674700597e-01
1.99951842226838067e-01
4.45773202365106425e-01
2.88134422192115602e-01
2.97708221330569456e-01
2.99492224724857758e-01
2.99369591229848742e-01
3.05632560706178114e-01
3.00310012250294744e-01
3.00017600910360560e-01
3.03775949679988777e-01
3.27901701752904395e-01
2.28481747853653744e-01
2.96766809282336785e-01
2.97963612403208566e-01
3.02430992794029185e-01
2.52562050451118680e-01
4.60292858383144321e-01
3.72325968077556579e-01
3.93989611574508403e-01
2.97764102143647957e-01
3.01607404846682192e-01
2.83517599407878351e-01
2.99594015753146259e-01
3.51896186908390418e-01
3.14269942275960612e-01
3.59811093203240173e-01
3.03917235978539479e-01
2.49067984431923461e-01
3.94633459578177082e-01
3.00968104471475928e-01
3.65763910439964868e-01
2.68113635941110706e-01
2.98081502060935033e-01
2.96351690357371744e-01
2.38524640522231907e-01
4.04200026676418966e-01
2.98613763472571292e-01
2.81364895039144580e-01
2.98672701478324198e-01
3.01948580407608191e-01
3.02842216880620740e-01
2.94031682438430586e-01
2.51165334375774429e-01
3.04597475596194045e-01
3.22258023183354225e-01
2.98111120973175714e-01
3.00845791229636006e-01
3.14095106245671329e-01
2.74407193634643498e-01
3.08585290194355433e-01
3.09452010083657914e-01
2.99766480114851075e-01
3.01584859480443224e-01
3.22095559972588652e-01
3.39690277678791397e-01
2.99019866209029817e-01
3.14119122537552808e-01
1.63270532614353037e-01
2.97953505143989827e-01
3.02226232668204031e-01
3.01572533345600302e-01
2.99946102773488377e-01
1.13005345878652727e-01
3.03612990442729269e-01
3.04671602946662123e-01
3.28821243894659720e-01
3.51887896987411408e-01
2.99303090125783211e-01
2.99435948885655168e-01
2.43273623393853694e-01
3.30115589485276917e-01
3.21286020585920262e-01
2.99135659608347371e-01
3.06853663467554272e-01
2.73253524688076677e-01
2.80209160936229551e-01
3.96322009876937886e-01
3.01449117240695841e-01
2.97456908101503936e-01
2.89206279826882795e-01
2.98471199766340956e-01
2.92484782010711486e-01
2.98253302317083080e-01
2.79506489662196489e-01
2.73506888494957856e-01
2.98606397943292690e-01
2.13315996032686306e-01
2.93872016569009631e-01
2.37456383544109945e-01
3.58604770472142231e-01
2.98900214259250341e-01
4.37492780168577178e-01
3.00807655459854273e-01
2.99586293676290694e-01
3.34296943095137633e-01
3.05507177575503552e-01
2.97946365433756466e-01
3.20715272814520724e-01
3.00997281190884591e-01
3.08823597371612524e-01
2.96097194655224716e-01
2.96491382404367732e-01
3.01155321297907841e-01
2.97984576390759093e-01
2.96348408192683210e-01
1.44346602502675170e-01
3.58915989552188119e-01
2.67996912017885391e-01
2.97752275532699007e-01
2.95710545522651358e-01
3.06404151632611366e-01
2.81110633276467292e-01
3.02119619142745710e-01
2.93456210014649888e-01
1.98736525386473933e-01
3.00863876721418899e-01
2.85792872321900426e-01
2.96128046632841091e-01
3.00554609938931572e-01
3.18860987737721535e-01
2.99944099112671836e-01
3.01284079911083913e-01
3.69685614141945784e-01
2.22522730662377377e-01
5.54339105368839347e-01
2.85627380794293784e-01
2.63397380049541330e-01
5.05082314134812749e-01
1.61147465667504736e-01
2.38150031594079464e-01
2.99908029717346758e-01
2.82036405202523266e-01
3.01700120398060212e-01
3.07475155546573842e-01
3.12776285245495389e-01
2.98418981070735834e-01
3.07932487242008945e-01
3.16758120047721359e-01
2.56495654207107682e-01
2.57742593346671267e-01
2.98317696039490377e-01
2.93202052975881478e-01
2.99524638440746616e-01
3.15630226704223360e-01
3.02957667406134890e-01
3.26571000391575883e-01
3.19619468130280082e-01
2.97109456896427371e-01
3.19311141596233528e-01
3.00138834439622970e-01
2.85147066351329526e-01
2.95787339310673913e-01
1.48315004902938669e-01
2.97557240019839908e-01
2.72003481487281873e-01
3.01255144404710795e-01
3.05738992856192104e-01
3.01615786234266325e-01
2.38515961748078570e-01
2.86567020672596540e-01
2.99440071718304279e-01
2.99020456646904520e-01
2.96243120275026639e-01
3.70491524990989141e-01
1.91536757454207923e-01
3.07287036961371718e-01
2.97220606179519065e-01
3.06673917612041769e-01
2.89575803154201949e-01
2.42195119396854730e-01
3.99548187591386994e-01
3.00200341025721795e-01
2.41524629687478676e-01
2.92962279654831348e-01
2.98022937765898555e-01
4.19709888373272499e-01
4.22254364411212668e-01
3.00744599465916640e-01
3.01301854579378692e-01
2.10923168330867772e-01
2.98763614377934195e-01
2.99602078292891316e-01
2.99230330726895088e-01
3.70703231216966467e-01
3.55718808985301282e-01
1.84510811482943626e-01
2.35616066051479250e-01
2.94375819819202245e-01
2.81274070089945483e-01
3.21156051422104794e-01
2.97144416642276199e-01
2.71927837455195387e-01
2.96649991559967241e-01
2.86849212934453202e-01
2.66098606466781462e-01
3.68800860224443916e-01
2.91947212847768034e-01
4.29240268436347272e-01
1.74335718584136184e-01
3.04683008026668201e-01
2.93015420600479692e-01
2.93807581849168553e-01
2.99519222180614719e-01
3.21973628894839436e-01
2.87241564034220465e-01
2.98365187700854462e-01
3.11656035848437873e-01
3.52981113707826533e-01
2.93384534525293339e-01
1.45780456374698358e-01
3.00842248047869298e-01
3.04477227793937433e-01
2.98649897485952276e-01
2.99369538004976343e-01
3.00549581762127760e-01
4.54552474031519937e-01
2.66636779822188974e-01
2.87789323560387722e-01
2.72316141127121658e-01
2.94345609512036088e-01
3.00922034328637900e-01
3.00035084741303859e-01
2.80991209628904615e-01
1.63556697652344513e-01
2.98949514889216728e-01
3.73212844132298605e-01
2.98912788231219584e-01
3.01313463020393357e-01
3.17371107091539262e-01
2.92590676162017727e-01
2.68242873379906932e-01
1.26646591736015640e-01
3.02587537658287609e-01
2.99074578593780172e-01
3.14535641768107777e-01
4.33426661795156709e-01
3.03197994207322852e-01
1.17855191671681153e-01
5.69945664337642932e-01
2.97800626317728689e-01
2.98568768864869716e-01
2.97538349541249414e-01
3.11677277179729539e-01
6.12039763527481087e-02
2.94044395148551851e-01
3.72873628748360386e-01
2.97168949422805084e-01
2.94968917698520294e-01
3.04503406031505663e-01
2.54995476331695281e-01
3.69152540881393099e-01
2.95213579674617865e-01
4.27095511044682907e-01
3.01038516050926186e-01
3.00878890681980871e-01
2.99222450721154887e-01
1.81413961960307041e-01
3.69626488189739921e-01
4.94330127826677235e-01
3.09760470167143809e-01
3.03448552628926782e-01
3.02228079829640783e-01
9.41095070613513079e-02
2.96163449390938471e-01
3.12270007951500062e-01
2.90035076446649442e-01
3.03885378162832953e-01
2.94214394713288918e-01
3.22194498738726354e-01
2.85866164004597634e-01
2.79918082691147763e-01
3.00989901830610862e-01
3.01340616897468161e-01
2.52359163391720820e-01
2.76119957174661146e-01
2.65111510153262508e-01
2.98024212200900196e-01
2.94912745648690577e-01
2.97522630639048602e-01
2.97295203376087835e-01
2.88020954817813424e-01
2.97810872654289904e-01
3.00132881765031112e-01
2.99606957516324934e-01
2.99356703675242697e-01
1.96669259928730855e-01
4.01154019597311895e-01
3.52567935770777940e-01
2.95463272239608943e-01
1.85223512845597849e-01
2.94194992142590594e-01
1.64231904175227705e-01
2.98618305677119333e-01
2.81812700966268981e-01
3.06967054860296629e-01
3.01983275335655332e-01
2.98492755439658142e-01
2.96909111764952327e-01
2.02856226885134300e-01
4.49125906940737230e-01
4.41560366816610983e-01
3.01472892873464682e-01
2.95077537872270423e-01
2.97861853576941282e-01
3.84659992744395440e-01
2.95382464254325405e-01
3.00984649316985431e-01
2.97927263789055929e-01
3.00796364199559851e-01
3.11842143479065970e-01
2.68292187616246791e-01
3.57990202136983571e-01
3.73738361170667444e-01
2.94596275385246409e-01
3.40956268433841192e-01
3.10327590443155721e-01
3.18460395325597001e-01
2.98808650700763567e-01
3.67455077436453004e-01
2.94359368449223613e-01
2.92614112440731045e-01
2.74993890250649131e-01
2.97171159780159178e-01
3.01869800522969967e-01
2.98562181076446942e-01
4.32281669605901697e-01
2.86375513486188615e-01
3.01350575693059231e-01
1.90728494030817347e-01
4.77198160994302567e-01
3.00593324907925674e-01
4.12040689078448541e-01
4.63209556240583020e-01
3.03147742533875830e-01
3.02838728678394731e-01
3.05613564561293294e-01
3.14803617659090484e-01
3.02225832941634465e-01
2.80928761776328084e-01
3.06515859441175209e-01
2.97107840466927231e-01
2.99043814536484209e-01
2.41499376408491478e-01
3.01026800869016120e-01
2.76648568142597029e-01
2.98252473213755753e-01
2.73380238468532322e-01
3.73959533434702951e-01
3.01407411207802067e-01
3.01254170513761077e-01
2.36494831348297019e-01
3.07608774546599795e-01
2.94693818233118243e-01
3.04264939298467096e-01
3.18898805475562486e-01
2.98962572477827149e-01
3.01738569098340792e-01
3.00455523359097088e-01
2.86968209269839736e-01
4.53978725386207205e-01
3.87120456390677270e-01
2.81743157729707372e-01
2.83475359774039926e-01
4.02217615748913015e-01
3.60123532822531456e-01
2.97325944268456599e-01
2.83108840421935626e-01
2.51368045961017195e-01
3.03334421420829503e-01
3.45964164198674762e-01
2.98914231754884963e-01
2.84883766656310433e-01
2.73972604681925802e-01
3.72155500932151273e-01
3.59599068845920689e-01
2.88031196944437518e-01
3.47120256438275210e-01
3.03126800169490840e-01
4.27298217080867071e-01
3.00366021741395262e-01
4.36027304570384633e-01
3.00966270090029353e-01
1.78167627299045978e-01
3.13780960376679685e-01
3.00607300849864256e-01
2.92288347358233780e-01
2.94500364780707902e-01
2.81338382375858509e-01
2.95625042539318927e-01
3.33048741987165497e-01
2.89058425882275039e-01
3.02704940983320070e-01
8.93100873125131367e-02
3.01588768496826753e-01
2.93026577235673047e-01
3.01178547168796718e-01
5.80918529965312680e-01
3.03586061461165568e-01
2.95170061043603937e-01
2.99631589079427829e-01
3.09712450583011556e-01
3.25245943207571608e-01
3.05232736708279884e-01
2.65098260167228761e-01
3.00582177378592497e-01
3.05312705064324397e-01
3.05888981463676601e-01
3.11752578290073745e-01
2.74290517108270349e-01
3.01594456008197509e-01
3.13480184632306424e-01
3.75807530322661121e-01
2.99199122583817645e-01
3.02279802187731927e-01
4.80445033508622665e-01
2.98622922828273463e-01
3.00821647616750010e-01
2.98460130268550894e-01
2.99366809986394422e-01
3.31084796202742893e-01
2.94263423938789792e-01
2.13144516421343244e-01
3.05602370223045150e-01
3.07663719655071000e-01
2.21148353222669486e-01
3.60455579533978443e-01
2.99630684809429115e-01
1.76444750276721601e-01
4.98071370616200160e-01
3.02155315257251422e-01
3.08841087265239400e-01
3.00783305112778898e-01
3.25935454471816655e-01
3.00821107666991661e-01
2.33359942161961847e-01
4.41551528850589070e-01
3.31171902699045340e-01
2.77119706018878920e-01
2.99057184337062243e-01
3.03061069016757723e-01
4.09023842229499501e-01
2.96693801068676599e-01
3.13032768427136621e-01
2.03638487304576815e-01
2.88389735954745874e-01
3.16989357965292040e-01
3.76958888485506516e-01
2.83118771723672502e-01
1.62757723290792744e-01
2.94365504481500284e-01
2.92812584079951366e-01
2.96237898583455284e-01
2.99581644016951143e-01
3.02130722864455969e-01
3.53781881077187055e-01
3.10134216944711161e-01
3.10430071881023395e-01
2.98954006354440860e-01
2.91790429913715066e-01
2.91539005800573625e-01
2.89424176994375670e-01
3.04802574033666895e-01
2.72108043788037435e-01
2.31996711741012829e-01
8.78756028267112660e-02
5.37993007407185253e-01
2.89780095256470693e-01
2.98942353477790468e-01
2.52863335770352138e-01
2.84124944528646228e-01
1.82319831565963153e-01
3.01565480116371298e-01
3.06691272457952857e-01
2.97532629491295775e-01
3.05696494355609028e-01
3.01577311820232008e-01
3.01452212620502591e-01
2.99798074751288834e-01
2.98192281327175401e-01
2.82999218981151102e-01
2.95566527793890421e-01
3.72485867573264684e-01
2.97127101959616169e-01
2.83203633523924581e-01
2.88191891139858214e-01
2.97235108680548477e-01
2.91650570059660830e-01
2.95595606205161898e-01
2.95361230795649687e-01
2.42285090487343091e-01
3.16872828731694312e-01
2.92918728229437431e-01
4.75415917645752084e-01
2.94121663830392399e-01
3.84086296807246708e-01
2.96460245587150006e-01
5.19940349537152735e-01
3.01059817560151655e-01
2.54301270784862921e-01
4.88661276275370648e-01
2.41063345909575039e-01
2.97170131997016806e-01
3.00197231680438381e-01
3.63738655987414450e-01
3.18684733506838014e-01
4.55649650980455512e-01
3.10106112530696421e-01
3.24625728599204133e-01
3.13550116954296687e-01
2.91574413913196884e-01
3.00336466935662405e-01
2.89794036206677375e-01
4.32494904062659113e-01
3.10465162309500053e-01
2.34206086073312697e-01
2.43316079605661262e-01
2.86831356226779133e-01
3.04303181840442527e-01
2.97422325106818097e-01
5.03187364720353969e-01
2.97824316424104674e-01
1.97505002321190476e-01
1.37459482935299304e-01
2.98820837541756756e-01
1.53678824851197104e-01
2.97295589317752129e-01
2.88295831441926276e-01
3.02843384925456205e-01
3.04020301836497309e-01
3.08565908682777779e-01
3.25033692718270595e-01
2.25999353896366439e-01
2.19506366440092804e-01
2.99439791625785712e-01
3.00999836010306943e-01
2.95319232717333346e-01
3.06784303784265189e-01
2.60576571330561557e-01
1.02313172641794348e-01
4.71694989273041432e-01
2.84160472258672359e-01
4.60165393733627526e-01
2.96760077916836007e-01
2.99219785457845777e-01
3.00841198813380617e-01
3.03705947837064394e-01
2.58069161997830476e-01
3.01247955433050885e-01
3.27218290825924463e-01
8.92612025917597224e-02
4.20823025207912982e-01
3.14839094694419619e-01
3.00967615456404214e-01
3.18593976224504194e-01
3.46525339625161188e-01
3.02462617205934425e-01
3.02054285221482921e-01
2.75381118827238702e-01
2.75543644607129656e-01
4.98137697996462236e-01
2.99948978076602590e-01
2.97896008850411065e-01
6.14328058728606033e-02
3.01134471527485736e-01
2.84599360002735779e-01
3.10813632664151407e-01
3.06637161599674968e-01
2.97024805979084427e-01
2.93898044020312055e-01
2.79189197151844926e-01
2.96490487544694981e-01
3.00910054935489335e-01
2.99290793700590918e-01
2.46829293934618776e-01
4.28776004081479034e-01
2.44380927884109950e-01
3.19954993519933506e-01
2.13906890298616703e-01
2.98998736608786841e-01
2.92171839073196604e-01
4.03351795313421913e-01
3.42549497481603737e-01
4.45501898449113864e-01
3.03329584166141863e-01
3.01846982122387475e-01
3.07031836185900298e-01
2.99460253728975889e-01
2.98220493813756038e-01
3.03318104331093130e-01
3.22405283940981058e-01
2.75625692964093782e-01
2.90601367755831563e-01
3.07895481805354865e-01
3.78342119591660975e-01
3.03285283054329557e-01
5.81459855583819074e-01
3.25616074357582108e-01
4.89767488703732101e-01
2.94828769782057354e-01
3.04519818247190710e-01
3.03226390105332089e-01
3.01099059430407157e-01
4.09679609628690544e-01
1.45417793885159297e-01
2.47215859495052148e-01
3.34168361023895910e-01
3.04357061806260654e-01
3.20458615452222206e-01
2.99237309149135655e-01
2.98887461680939437e-01
4.08164178011892587e-01
2.98169244916338338e-01
3.03070818026215105e-01
2.99971880295530291e-01
3.12417586507230005e-01
3.00601599724066748e-01
4.54433126301525214e-01
3.01117558642629346e-01
3.05075097726068833e-01
2.57849669314949570e-01
3.15425856652480185e-01
3.02527291767285655e-01
1.67711517170442748e-01
2.95129556453843811e-01
3.00301789241294970e-01
4.74666683860123714e-02
2.67204611472216302e-01
2.16189947390884957e-01
2.94823890874070516e-01
2.92372682357676050e-01
2.74446602923573146e-01
2.23684330196679437e-01
3.85447322511670132e-01
2.67315955225992441e-01
3.14969572074362436e-01
3.96753616778199925e-01
2.99731119090577203e-01
2.83868623021206190e-01
2.97250126830671091e-01
2.98200309285256926e-01
2.99947309074390156e-01
2.78654077482624496e-01
2.98308030300815819e-01
3.00894416997936676e-01
2.59476158224872133e-01
2.21282692262625008e-01
2.33922807197877503e-01
3.02167173640393805e-01
2.99997274221701415e-01
3.03706264027373940e-01
2.97159420494486515e-01
3.04872720862032098e-01
1.59865197312335894e-01
1.70731562561773048e-01
3.70073598942274207e-01
3.00479420473262933e-02
2.96334454753713228e-01
3.03542667862586213e-01
3.00678235854409948e-01
1.87176412926743557e-01
2.97118831737029465e-01
2.74506296726785670e-01
3.01550679284829981e-01
3.01283900328062182e-01
2.41419771447228121e-01
3.00485895704900197e-01
2.99825098271935431e-01
2.95309724063308521e-01
2.40935632460832327e-01
2.88576944730658425e-01
2.59505260079280375e-01
3.00067499610208843e-01
2.94648701045828854e-01
3.01099048055148422e-01
5.06281467491123335e-02
2.98867546609055401e-01
7.01771517200894673e-02
2.97560911676932938e-01
3.71029651008321137e-01
3.01826656011863426e-01
3.01716006588479912e-01
2.99716110807360991e-01
2.78122383543184637e-01
3.00690711303330915e-01
2.99251500190428343e-01
1.52129428047637766e-01
3.60630530299277940e-01
3.62744936601082257e-01
2.93140326714240285e-01
2.50051763031291785e-01
3.01544746996297797e-01
2.98061649432190046e-01
3.80748690228823405e-01
2.80400036118710061e-01
3.01487548706521613e-01
1.48761041000981781e-01
2.76633229669006442e-01
2.39732277706477842e-01
2.14348287513989127e-01
3.19074092782256957e-01
2.57313658934118394e-01
3.14893647339727523e-01
2.99056254205553096e-01
2.95482535554060399e-01
1.52218806115969024e-01
4.42040465989960440e-01
3.12194705748220391e-01
2.99881869022376013e-01
2.99163770858058231e-01
2.94269369979714479e-01
3.01647617381072042e-01
2.62605919408289090e-01
2.95916945815447918e-01
3.00338623223414758e-01
2.93517048375384948e-01
3.04729264275534428e-01
5.11762837352806699e-01
3.21976253432272708e-01
3.06434069096634509e-01
3.01288525980449862e-01
3.00292242045257562e-01
1.14813190211079330e-01
2.98020818104074048e-01
3.04174353090316818e-01
2.88145688579335035e-01
3.04956263638607838e-01
2.98710787675684819e-01
2.91245505701066998e-01
2.99411959268182037e-01
8.08403873773035769e-02
3.02239654894264076e-01
2.49771057212471753e-01
8.43689619790457673e-02
2.98793490495376568e-01
3.00567965103006263e-01
3.12706070051100460e-01
2.97838701058550925e-01
2.93876510353946518e-01
2.95693517326561128e-01
3.07992438654054845e-01
2.62063923080872896e-01
2.88499920609409044e-01
2.91334375602791462e-01
2.73807369345379636e-01
4.56533826221651395e-01
2.50345370917651910e-01
2.82059888565121764e-01
2.65952318566266332e-01
2.98656667179053481e-01
2.99272874408305523e-01
2.98770832088663063e-01
2.89658232051043685e-01
3.00662680728490339e-01
1.04853309232108255e-01
4.78389586893319674e-02
2.93813388351611193e-01
2.41598978715047069e-01
5.13656153395575799e-01
3.00172894190616824e-01
3.04916949315630237e-01
2.99017971779636738e-01
2.98694255760079741e-01
3.02884032541888115e-01
4.34938653120193086e-01
1.32534337407578584e-01
5.28376833528050538e-01
3.02894838531277188e-01
2.98325194930643078e-01
3.25290459354245554e-01
3.00148699784096251e-01
2.93707771784649463e-01
2.98226678361295294e-01
4.79836140913800169e-01
3.05550592548251287e-01
3.02927221916650169e-01
2.97591214473684862e-01
2.90433373073990808e-01
3.06605901474138354e-01
5.64960488156470708e-01
2.47621793719159683e-01
3.00073635752076795e-01
3.03680962658295639e-01
3.63466990042258020e-01
2.93278168864903210e-01
3.03407601690119100e-01
2.96324946947798762e-01
2.93127790650934916e-01
3.28043761522224919e-01
2.75273862358180854e-01
2.95818997665859340e-01
3.19333480701986472e-01
3.04922476050531688e-01
2.99355279573941480e-01
2.97261802051105695e-01
2.89281865724414888e-01
2.92252357586187006e-01
4.14796576303397169e-01
3.52685308413424214e-01
2.22894972710138556e-01
3.01381968385416754e-01
3.08514913582029704e-01
2.98646861414720632e-01
4.99143821674648991e-01
2.67705830321308957e-01
2.00980852809150040e-01
2.93059265939757285e-01
2.88984905780378165e-01
3.03471327534919066e-01
3.06848934457236155e-01
2.91684459794517403e-01
2.71471328659144917e-01
2.98125788911517864e-01
2.95661751713443333e-01
2.58203122146142161e-01
2.96343011590452010e-01
3.26457181304482869e-01
2.91036122233772176e-01
3.06606193911635017e-01
2.82482706621445534e-01
2.97752873787996086e-01
2.97987845609184010e-01
2.24502228037500057e-01
4.42365303944275035e-01
5.33970194350709249e-01
2.04702132414179533e-01
3.06080473245361750e-01
3.06939753521589809e-01
3.49170123452037962e-01
5.33936200477546752e-01
2.99606327307667675e-01
3.01068954342170458e-01
3.02446465931390407e-01
2.96814947165734144e-01
3.04474287609737271e-01
2.96868024058626834e-01
3.06933178435467691e-01
2.83217829367750584e-01
2.98936684835461652e-01
3.87739705306648474e-01
2.92331577955967203e-01
2.98976783755843911e-01
2.68856574884034194e-01
2.12613616207476458e-01
3.03305787359791357e-01
3.03230309774180584e-01
3.55769819957069966e-01
2.92906765206883246e-01
2.91321973878949647e-01
3.03026285550057228e-01
4.11073844529250776e-01
2.98570753232399788e-01
2.99655187205621898e-01
3.01242800386852694e-01
2.35106785468886165e-01
2.74548574914323107e-01
2.76279600471891706e-01
3.02106996086439095e-01
2.89487210282142526e-01
2.94672877277816936e-01
2.92742208892823430e-01
1.62226896052558966e-01
3.15134104338230081e-01
2.95644119965883356e-01
2.91144797937945121e-01
3.03197356524022021e-01
2.77611006664319981e-01
2.97073496461877806e-01
2.94769924276675366e-01
3.06234007788607210e-01
2.89346914421115486e-01
3.52385828503769760e-01
3.01183088537928578e-01
1.12698414498967642e-01
1.51492863995493943e-01
2.19698268331729674e-01
3.03407561683936122e-01
3.01827203295690571e-01
3.08446585005233254e-01
2.96439194994779054e-01
3.42980283255689633e-01
4.18575938671458203e-01
3.07530612314265483e-01
2.83921894226394855e-01
3.05410193074832859e-01
3.03183285300015759e-01
3.35142513665157793e-01
3.01109520811725317e-01
4.48281916008335501e-01
3.00387626907632044e-01
2.95409927589885934e-01
3.24795629949833242e-01
2.98754548357795913e-01
2.95874919908527712e-01
3.70644887036564730e-01
3.01546217583916587e-01
3.04043555587828029e-01
2.81256860438512224e-01
2.85051768621900292e-01
2.98124716076581753e-01
3.25539828249898799e-01
1.99691814085975583e-01
2.96199462405947078e-01
3.04602612464818845e-01
2.30700582315160996e-01
2.54083740766630928e-01
2.88097550687239357e-01
3.07543264929573956e-01
3.18754909323013425e-01
1.74907023453603816e-01
2.93532735247329646e-01
3.00151763347510536e-01
3.03482619875141357e-01
2.99617382995660542e-01
4.07178420814218567e-01
3.80854373693737092e-01
4.34752248068721370e-01
3.04372434530011393e-01
2.62639367184878902e-01
3.00160258934305813e-01
1.06271770437932955e-01
3.04041919256779647e-01
2.97148863385737094e-01
3.02316310372779506e-01
2.09520894927942264e-01
3.90912955563225750e-01
3.00948040292450703e-01
2.95133785751848843e-01
3.03784929657318792e-01
4.88983516151773545e-01
2.85968994561643042e-01
3.02005858273661776e-01
3.03552062590457583e-01
3.04186295972267928e-01
3.01869605523539197e-01
4.14281596961141030e-01
3.30195654009650785e-01
3.11544219668714595e-01
2.41885065206974587e-01
3.00658411871849773e-01
3.01221469513400120e-01
3.00530892236806624e-01
1.78453152212834004e-01
3.01276770837296315e-01
4.37753170776249034e-01
3.39814431239703618e-01
3.21515537134493046e-01
3.35244370458297747e-01
3.23812203280103461e-01
4.91108692815077408e-01
2.95948959789643640e-01
3.04867690531327729e-01
3.01947060867234052e-01
5.09708010851007254e-01
3.10368282257564299e-01
4.36776529103632793e-01
3.37422048620357518e-01
2.90762465149882687e-01
2.84946793046002234e-01
1.43852354263035498e-01
2.97734381455429964e-01
4.47249569341378272e-01
2.89001757062073816e-01
3.00010338254401543e-01
2.97131882334432329e-01
2.95024331885673341e-01
2.96567522936459882e-01
2.43162158202369805e-01
1.06038624349657037e-01
4.83397322645867045e-01
3.16580428981270923e-01
1.48815200807529247e-01
1.43632929793834740e-01
2.66746076231355211e-01
1.28605199007591098e-01
3.00983080697572403e-01
2.82277136342845070e-01
2.94710439453108708e-01
2.95007122582936099e-01
2.97520640560710758e-01
3.04306480621925612e-01
2.85948596689156342e-01
4.62506947950467984e-01
3.01251099021416946e-01
3.00098121424958952e-01
3.04853798103951412e-01
3.49373635002963090e-01
1.95727274081046204e-01
2.99993122191672734e-01
2.68441242968612492e-01
3.01230992308791412e-01
3.01635671783216264e-01
3.01117349868149031e-01
2.76307158741716685e-01
3.06162642221705472e-01
3.01353594062867269e-01
5.25331908811994430e-01
3.01504559272593897e-01
2.99963500046811826e-01
2.89921066475360034e-01
3.00315284073841615e-01
3.09896237310355871e-01
2.22724809983328192e-01
2.98277058733754707e-01
2.91365368224401122e-01
3.03414205498562517e-01
3.16782616646148485e-01
2.27672090589182113e-01
1.76040898789030315e-01
1.94347596551353363e-01
2.57205630302621058e-01
4.07586455329775277e-01
1.97672659008226115e-01
3.00423688751398132e-01
4.54984755202974267e-01
3.06990630912361506e-01
1.80779327637624276e-01
3.09559689561750007e-01
3.01999718226140357e-01
2.99754665919999330e-01
1.78362423654448099e-01
3.01202828415670032e-01
3.01500083675780739e-01
2.96422183473849299e-01
2.98091713235313693e-01
3.05346787499466477e-01
3.53670391179206789e-01
2.92874361908907921e-01
1.72717278245088618e-01
2.99969401446170070e-01
4.48726145058904388e-02
2.96689664937872133e-01
2.98007384420614363e-01
2.32288371953175837e-01
3.03038103998014063e-01
2.74335405061716553e-01
1.77372209779253331e-01
2.61797141780734766e-01
3.00510431987956239e-01
2.23761462198658140e-01
3.02319058853509348e-01
3.17878035031508632e-01
3.13603475890199102e-01
3.01091236848048283e-01
3.66172247254314298e-01
2.98051518548756944e-01
1.14496700072659149e-01
2.72677698296446169e-01
3.29989823882552213e-01
3.16099214383124993e-01
3.30288914080073492e-01
1.65674728226541390e-01
2.37389043007488504e-01
2.97359289623076062e-01
2.96934555396157762e-01
2.94337693488073981e-01
3.01862206397966959e-01
2.86570407491273826e-01
5.14883489114047244e-01
3.05287805195677220e-01
3.06094952989903690e-01
3.71170210738133222e-01
3.00828694012438891e-01
3.06183300494464183e-01
4.57488286206235217e-01
2.58372962478394308e-01
2.99800835055445969e-01
2.93008521947594136e-01
3.01060411678405915e-01
3.32211424081362117e-01
1.14346261601833143e-01
2.97994218188824656e-01
2.70216019361547155e-01
3.95630101192744055e-01
2.80742977392291593e-01
3.03018392557890981e-01
3.02419846824958316e-01
2.78771487376686444e-01
3.23655569342171046e-01
4.92376056562048692e-01
3.02061954228212970e-01
3.01094383013098099e-01
3.03636743776410090e-01
2.82052893486085920e-01
2.89333734427096478e-01
2.70232713742929620e-01
2.96038686574390364e-01
2.77548027429638577e-01
2.71689325857534414e-01
2.98205995677952251e-01
3.18921636209360149e-01
3.14664588441495807e-01
2.94804668653125101e-01
3.09408376762318915e-01
4.42682202344924225e-01
3.00732674848942894e-01
3.10629884715931726e-01
3.00783211848718868e-01
2.50206792147930457e-01
3.25108144254592224e-01
3.74051252819053937e-01
3.12391737666129210e-01
2.97398773527330296e-01
3.74845798248932827e-01
3.04680553385280495e-01
2.41393514826523298e-01
3.06536883436096419e-01
4.28821590858331214e-01
1.85892320162090841e-01
2.50046015821587919e-01
2.95537349162594276e-01
3.01733532902750123e-01
3.01037428506619020e-01
3.01842460814319036e-01
3.01018216800103544e-01
2.96266326645328870e-01
2.09968511312371264e-01
3.15737584999303378e-01
1.19303615279012468e-01
3.11761493900896136e-01
2.99731918103905648e-01
2.99746028808078491e-01
2.97345630282862428e-01
2.99825773230723236e-01
2.92330672791278945e-01
2.94164778166101482e-01
2.86688091420697067e-01
2.70997339782416580e-01
2.95134382170072818e-01
3.99741261442835005e-01
1.54547537266064322e-01
3.03227128302539894e-01
2.52733970287377430e-01
2.96106619829156981e-01
3.00957394541443768e-01
3.11386537163980293e-01
1.37964202984865114e-01
3.50833046702735130e-01
1.93105404227540411e-01
1.56293559254268438e-01
4.70745836225152148e-01
4.59153755735847713e-01
3.50839086132793965e-01
4.86604825390368367e-01
2.54640029150661085e-01
5.11665925361072471e-01
2.56600614753828393e-01
3.01147564494168074e-01
4.54573360687138994e-01
3.99933148758474355e-01
5.42960001730195430e-01
1.60175422418939783e-01
3.79215982123131845e-01
3.05745391227755958e-01
3.24815528293359856e-01
2.97418306657500575e-01
2.76636295644827224e-01
3.19006970470868512e-01
2.98489967212984264e-01
2.98130859086141897e-01
3.39549439648016260e-01
3.06613004207046902e-01
2.41923920713609658e-01
2.95584991073990722e-01
2.78066715465473235e-01
1.93783669431017658e-01
2.88813396453304283e-01
2.81404681483760910e-01
2.89945224343766073e-01
3.95612282701718887e-01
3.08449434217772933e-01
3.03193749229639486e-01
3.01188036798977210e-01
3.00546136429704958e-01
3.06119366042205521e-01
2.71105973291788704e-01
5.11726989411204966e-02
2.93611481671386676e-01
3.03640028668990314e-01
3.04656922491619020e-01
3.08205030736034391e-01
2.97278324112773606e-01
3.08407096472814168e-01
3.15048812147772694e-01
3.89877493248612095e-01
2.91187422823263986e-01
3.40793823799885987e-01
5.49661819453687861e-01
3.45083037760853750e-01
1.38384714243547258e-01
1.62231277474171320e-01
3.01395939949435310e-01
3.00256129598179600e-01
1.99311507600250848e-01
4.83740638283949920e-01
4.00076379533438387e-01
3.21873498254726997e-01
2.92336043617365482e-01
3.06287768494221235e-01
2.89132746053064160e-01
3.17185829648227391e-01
2.11342727919160533e-01
3.67040017223975612e-01
3.02527660982250757e-01
2.67979818253263780e-01
2.96790821106081348e-01
3.06820392357971039e-01
2.97273214708117461e-01
2.87154391342366311e-01
3.01155231498230480e-01
2.86667687839306462e-01
2.91607710481533333e-01
3.38621581565001661e-01
1.45688105994561473e-01
5.76751161808541912e-01
3.49852928900490745e-01
3.01595822762601773e-01
4.07056587565549355e-01
2.94890043443636785e-01
4.58332069481709015e-01
2.58571838091933126e-01
3.57972506451678385e-01
2.82143154879610503e-01
1.15549727643937172e-01
4.78017936013804878e-01
2.61609245883935249e-01
3.05353965908783942e-01
2.99820349438460698e-01
2.99787728479670501e-01
2.94924894542847371e-01
4.52272649042717856e-01
2.74139245522661890e-01
3.02829330734086521e-01
2.99122678738909742e-01
3.01468775716636161e-01
3.40270401886270668e-01
2.90602253873038618e-01
2.25054948714991598e-01
3.03875463205246166e-01
2.98962302402909497e-01
2.29101893484381119e-01
3.00948460191042488e-01
2.32291644351524829e-01
2.97703359504909781e-01
2.99428665113032511e-01
2.95545073464746955e-01
3.01421332542669895e-01
8.28514187751898806e-02
2.99169175294244416e-01
2.97673589131761007e-01
3.02678464455244989e-01
2.99169404854959076e-01
3.05484693994974077e-01
4.92295368087405025e-02
3.01310589874767942e-01
3.00677010648380927e-01
3.00234180755543201e-01
2.95792673852465882e-01
2.83721744449340341e-01
3.00074796065231297e-01
2.94097672878591898e-01
4.19481291527172673e-01
2.99287563411766266e-01
3.07165319431247974e-01
2.97702704569178911e-01
2.91056739250449170e-01
3.49584353766711042e-01
3.28317059201475414e-01
3.00619144745234712e-01
4.04703855150848668e-01
2.90819763318951097e-01
3.00185774220645740e-01
5.64509802397842653e-01
3.56035319387843052e-01
4.82631067786780110e-01
2.82946275690045712e-01
3.01812122147668394e-01
4.34182211629969728e-01
2.97704143420438161e-01
3.40493219103136624e-01
2.25971366315581929e-01
4.06604221323124626e-01
3.00452631855509800e-01
3.00881763007562086e-01
3.00669985789374150e-01
2.84527621780868767e-01
3.78767430366954261e-01
1.77262431489835420e-01
2.89805929461509293e-01
2.99439903395227247e-01
5.00511255544693889e-01
2.97089386056217319e-01
3.01701534986630215e-01
1.90495281321583748e-01
1.18044461904976389e-01
1.15765038454174948e-02
2.27140214817212721e-01
4.53856929095444062e-01
3.00252940337280672e-01
3.00322848479959770e-01
1.75503069701248876e-01
2.98337940796235601e-01
3.11787998245187159e-01
3.01312543983740910e-01
5.47943174152007773e-01
2.98647857290766316e-01
2.71840953300131916e-01
5.75567641661724583e-01
3.11591899129512462e-01
2.16015381665483897e-01
3.56412180464667827e-01
2.85780160932613270e-01
3.32372218168356492e-01
4.84967865890852112e-01
3.10342539437441223e-01
3.95261056322718407e-01
4.92617321531665486e-01
3.06415938582376479e-01
3.00647752571194082e-01
4.63970261234907588e-01
2.84589440306193597e-01
2.83631690999811725e-01
3.00564511813830981e-01
4.80179574966179246e-01
3.42466786815962487e-01
1.91428183230069687e-01
4.23719280849377655e-01
3.00083323798661983e-01
2.68490991590144612e-01
2.62994818663016827e-01
3.13020524238002529e-01
2.66960480885832907e-01
3.01172631145467162e-01
3.25977282963669124e-01
3.02948404269071381e-01
3.08633763318534760e-01
2.95237826025505357e-01
2.44914502843706472e-01
3.00742600519902259e-01
2.99977418891456460e-01
2.96563454282417038e-01
3.02076846100392982e-01
4.48472033956385296e-01
2.95928054524651818e-01
2.86036784798923915e-01
3.21847781339245909e-01
9.34066016956643513e-02
3.36861301526458656e-01
2.99364726332197684e-01
2.12837441353000645e-01
2.99430160948227775e-01
2.97691004119099045e-01
4.22263109435871142e-01
3.01425143776491211e-01
1.22197165374435188e-01
2.95527715360437426e-01
2.99077348291762635e-01
3.45104550612625460e-01
3.00282307170996687e-01
2.87706511625149819e-01
3.05098073933092573e-01
4.39712283765329559e-01
2.96431261165054694e-01
2.75300819930777596e-01
2.97623482284274432e-01
2.74091681108149077e-01
3.00709544462230860e-01
2.22571604760697123e-01
3.00733648979112089e-01
3.00362496879174268e-01
3.08553074932482796e-01
3.06802264661884871e-01
3.09835660421871495e-01
5.35823850441833560e-01
2.78684280735857659e-01
2.91296684566706321e-01
3.00087369581800656e-01
3.00598227637668192e-01
2.18733924241798605e-01
2.78975123106801504e-01
3.44326621530075538e-01
3.01702044057719776e-01
2.38192445845828743e-01
5.57134508043949039e-01
4.72958169330568057e-01
3.02903480243695067e-01
2.99264002913932237e-01
2.93505905414145341e-01
3.15497491564961319e-01
2.96756128166924926e-01
2.10934047633138250e-01
2.96914738452649041e-01
2.90271666697956732e-01
2.98162504928318250e-01
2.96640355363870123e-01
3.61032581708507827e-01
3.11272613219365224e-01
3.00024413104159060e-01
4.37726081328849548e-01
3.01402886563970629e-01
2.96051636175690913e-01
2.97721492718362291e-01
1.06801175795804823e-01
2.98477302836850311e-01
2.82019800513129304e-01
2.54712320263667635e-01
5.20412987964365192e-01
5.42965710490890929e-01
2.96886548469141476e-01
2.93575858172361759e-01
2.88468668310456755e-01
3.38193044243752794e-01
2.95923769432483552e-01
2.27181768049363603e-01
3.07064770382328434e-01
3.08684117410507219e-01
2.56045453114310095e-01
3.08320377861010408e-01
2.96262994448209027e-01
3.01354992919581233e-01
3.05253435080233337e-01
3.02169471442852555e-01
4.39522096032215870e-01
4.12960011278395267e-01
2.93372471340873131e-01
3.42960845269100756e-01
2.84744065985455319e-01
2.99827157903397146e-01
2.99664004982874599e-01
3.38870415618197696e-01
2.95327609958664306e-01
2.39979352708092730e-01
2.95647686661398401e-01
2.90741789740528278e-01
2.84674832981975934e-01
2.69731874247697734e-01
3.64821913357287753e-01
2.97123595899226711e-01
2.97750971668760411e-01
3.02544205827679047e-01
1.55553584191450017e-01
2.06602040208625215e-01
4.70619811892182882e-01
2.95996738123233627e-01
3.02760486493042713e-01
2.69617601039077059e-01
3.35844243192709058e-01
3.18441970034195554e-01
5.05729506525565475e-01
3.00284062999457368e-01
2.94644854087189489e-01
3.49944371875537008e-01
3.00255242731945982e-01
3.01415797008548536e-01
3.02394553000201516e-01
4.98763513141206982e-01
3.01271523964205035e-01
2.91765713804554128e-01
3.04443598456763165e-01
2.96972627543605594e-01
2.97622236948891838e-01
2.99119696967189930e-01
3.08392069582727468e-01
2.96346000909080642e-01
2.83447552983490891e-01
5.01003654403487930e-01
1.85150584880905023e-01
8.86421336548468830e-02
2.98112000311801795e-01
3.00421302281463742e-01
3.18422525915021848e-01
2.96461464443685541e-01
3.06462365227204991e-01
2.85537005381165498e-01
3.01551853342050202e-01
2.96675602866405319e-01
3.11777363883293412e-01
3.16285182007055243e-01
3.01468814374660776e-01
2.97785838539031678e-01
3.06107597104042450e-01
3.00421646299486478e-01
4.51988006374548612e-01
2.62598711234487692e-01
3.02726241553969155e-01
3.46515977775275208e-01
2.98456703300139015e-01
3.49581026124347660e-01
2.97676117347765279e-01
4.40148902614607762e-01
2.99637637787488476e-01
3.11436525884458637e-01
2.86781724802879390e-01
2.95866473640892857e-01
2.90006688180796390e-01
4.26103289937678820e-01
1.24580833405997779e-01
8.58190594032415960e-02
2.99352185972500850e-01
2.99466973043108042e-01
4.68640694287277948e-01
5.46105037144137495e-01
2.90173623996286600e-01
2.88908927681418182e-01
2.88560234342834510e-01
3.01592377482737484e-01
3.02214218954818148e-01
2.97530949328486616e-01
2.96767094299656253e-01
3.09545972504678135e-01
1.74237165871168775e-01
3.01327841309950273e-01
1.03535243179254388e-01
3.02466053410826941e-01
3.47904943311765524e-01
2.93336482278058142e-01
4.46745003436864518e-01
1.78218318994739222e-01
2.96887065759651625e-01
2.99628285502674785e-01
3.01531566589259226e-01
2.20633100446039621e-01
3.04423014429891226e-01
3.15836388204604135e-01
3.00577509272161369e-01
3.56562197257941915e-01
1.30838191326657971e-01
2.99407857320963589e-01
3.00812820055101904e-01
3.02268830310055359e-01
2.62529937027465632e-01
2.53588131306750397e-01
3.76103445477769138e-01
3.20338339760512791e-01
2.81310409175553167e-01
4.17156706476699168e-01
2.97119502050481821e-01
3.38428801010783653e-01
3.09158923637452177e-01
3.00207807137054972e-01
4.73972945369288967e-01
2.99987299804575502e-01
4.88064508442524081e-01
1.25804989241831755e-01
3.01878426903647801e-01
3.00060458302406019e-01
2.71424236617353376e-01
3.00684513938106635e-01
3.41157465773045010e-01
3.09689961774385736e-01
3.08837159522040050e-01
2.37411392142524769e-01
3.09597753016892741e-01
2.92404295460236496e-01
2.37276656481266779e-01
4.56599815571608059e-01
2.96873156299944041e-01
1.96158564606352059e-01
3.17434953246773843e-01
2.28266714780890417e-01
1.30920375658063137e-01
3.03172401416184789e-01
3.65381744997266666e-01
2.99052427384348674e-01
3.28734484228997481e-01
5.34447431299783116e-01
2.95381732009604436e-01
3.60996460846555123e-01
4.98485347713938876e-01
3.18959883365784125e-01
3.46506047015110008e-01
2.97237163507185043e-01
3.07860437356612282e-01
3.02573779180967617e-01
5.47932683769880025e-01
2.98076971413699598e-01
3.01151413204778562e-01
5.45609669745824366e-01
3.00824316604081987e-01
2.98536735740313974e-01
3.20095412964308601e-01
3.42211223824452460e-01
4.20395805389215560e-01
3.12363989314151103e-01
3.79302613760256313e-01
2.89347982613745169e-01
2.89258586180535626e-01
2.99768554921158392e-01
3.08966561370754567e-01
2.00515319266756142e-01
2.95533144287577598e-01
3.48654713168850050e-01
4.91809824616701807e-01
3.42091570905682929e-01
2.34183257884853946e-01
2.95862128211324404e-01
4.90414574098532619e-01
2.84031025561896355e-01
2.96289890172627524e-01
2.43723756599370150e-01
2.98430451931484209e-01
1.64933758566667504e-01
3.01466005540402870e-01
2.19787479827299848e-01
4.46615927311525385e-01
3.00184801544473301e-01
4.96314842390885191e-01
3.08632705221993098e-01
3.01520485473784183e-01
2.85593475918607564e-01
2.94126066840559530e-01
3.01544152085604034e-01
2.96455052510074313e-01
2.85622022317084556e-01
3.00435247273899642e-01
5.03314620404679780e-01
2.95462254437537652e-01
3.58113079743330120e-01
3.17656972277988003e-01
3.04315310964678898e-01
3.74983223128654231e-01
2.78324545946359914e-01
2.97620896575290173e-01
1.41923117422696421e-01
2.86142155506259876e-01
2.98020369474961577e-01
3.10811779318153458e-01
3.06180206510450914e-01
2.73736695363853366e-01
3.02439684374709472e-01
5.17952941684681867e-01
3.04344474802319687e-01
2.99851571095729574e-01
4.82722705459250112e-01
2.97051925198039635e-01
2.13620702183709987e-02
5.22146681108069249e-02
2.99682158908663038e-02
4.01756588668685077e-01
3.01498775111451012e-01
4.76611640964369060e-02
1.64343425033141033e-01
5.27697139449765262e-01
3.02813932988170886e-01
2.97291110238961043e-01
3.18213913900766143e-01
6.36506547687763491e-02
4.26902741923901652e-01
2.96137147870075890e-01
2.93585745242543272e-01
2.37820409088708440e-01
2.99829389560006987e-01
2.86096279672360676e-01
2.99864045519818101e-01
2.96062293091597373e-01
2.85884928250998760e-01
2.96315873393418638e-01
3.03735140864117847e-01
2.96642748344645990e-01
2.95849428499058431e-01
2.80654736710721775e-01
4.39185838779410365e-01
3.22429899343239013e-01
3.00020122405221357e-01
3.09103266582929914e-01
5.49849735512534799e-01
1.24016118743524376e-01
3.16916410221133149e-01
2.97855084858899777e-01
1.79064273104457272e-01
3.87995072226573923e-01
4.22226914658287766e-01
2.66062168404932575e-01
4.09990130235554417e-01
3.10791036326259373e-01
3.05844993117439179e-01
2.32229755188696242e-02
2.90120508323950699e-01
3.03186694313226202e-01
2.95557169255209695e-01
4.25894695308083882e-01
2.66075365773829564e-01
3.65210311822338540e-01
2.83119787886069563e-01
2.78754699586487520e-01
3.00518420074955883e-01
3.01629660993743831e-01
2.99138356500169345e-01
9.61299133638544856e-02
3.04478996635012267e-01
2.99868550143970791e-01
2.95504071267240209e-01
2.96686059016311732e-01
2.54830837415835176e-01
3.14985954297885506e-01
2.93144789452129628e-01
3.50528562330035098e-01
2.92878548477121914e-01
2.94126038090553654e-01
2.72342087895168339e-01
5.16600898660872110e-01
3.33626616241554430e-01
3.02227284864461709e-01
2.93536089778945908e-01
3.00786406074067647e-01
3.00630459301532371e-01
3.11412236442109192e-01
3.02360802166070641e-01
5.07281194349710418e-01
2.90222164891520140e-01
2.80082864812143062e-01
4.13945057344259126e-01
2.98126001536477225e-01
1.67360488192860729e-01
4.55469236187738657e-01
3.41122599941060922e-01
2.99397113631403200e-01
3.23121610335808274e-01
3.03964302778942097e-01
3.05622090789198497e-01
3.02551348699537925e-01
2.96961713984713160e-01
3.05863782352266189e-01
2.06338834012032762e-01
3.03156458203345858e-01
3.16361972388259416e-01
2.22272051897676237e-01
3.01303123953409580e-01
3.21072622529212925e-01
2.50120036067578877e-01
8.59231871008925563e-02
5.11704269047741467e-01
2.96568546337699801e-01
3.01927648666833581e-01
3.01668802569919403e-01
2.99985772008415974e-01
3.00389283035591648e-01
3.18240457779345343e-01
3.41334057923487644e-01
3.00563889933122219e-01
4.66636062425317466e-01
2.86602488556284341e-01
1.28006870718045423e-01
2.96927554355364220e-01
2.96797405653703883e-01
3.00075385998960165e-01
2.98916964268911789e-01
3.44212655424056269e-01
4.73289269524920397e-01
3.05887284935018100e-01
2.88768884428162120e-01
2.97820637288621959e-01
3.41803862345545884e-01
3.09527456994356798e-01
2.92392089637036778e-01
4.78639799350343398e-01
2.93026083496809753e-01
2.99530205077267908e-01
3.04511945539288620e-01
3.01080292060063814e-01
2.95729530830729948e-01
3.00099142822358722e-01
5.59941471305869104e-02
3.03979027675915725e-01
2.97288068494785562e-01
4.46204536133571528e-01
3.03152680726629153e-01
2.94234483009441328e-01
3.14177575044860602e-01
3.07990277321123274e-01
2.99688377392673566e-01
3.02985158935271004e-01
3.10062469243306771e-01
2.99334049045675676e-01
3.41006584249888556e-01
3.01405683668979407e-01
3.04066052896832140e-01
2.94259665280449667e-01
2.96562518016605992e-01
2.99499789445783760e-01
2.89426647421300254e-01
2.98179658973913686e-01
2.96268294963893897e-01
2.58848186306586292e-01
1.98661310476156761e-01
2.98762374602471348e-01
3.03727557457552699e-01
3.17416150812165954e-01
3.04522672213917045e-01
2.97888755446875209e-01
3.12997854982812296e-01
2.76831490590019103e-01
9.55110718072009202e-02
2.92618575091069699e-01
2.46472205114542514e-01
2.99192976222106222e-01
3.91787374900541774e-01
2.90541137033392960e-01
3.03641046770101175e-01
3.00597560004188025e-01
2.96204389526047829e-01
2.99962356559200560e-01
3.57690292175095015e-01
3.09621607693432166e-01
2.93678726239840704e-01
3.59509393031807456e-02
5.81923959011238834e-01
3.13681382989696556e-01
3.70054231487871518e-02
3.01148494275080392e-01
3.04301488725834957e-01
2.26008736945426281e-01
2.94187295176838559e-01
2.95792840574237159e-01
1.24824781633275900e-01
5.32623023094161568e-02
3.61338438844120535e-01
2.96804067176041853e-01
1.88246270167658714e-01
2.90766599329601749e-01
2.99700474037769338e-01
2.98203893991982494e-01
3.01706976677470484e-01
4.54681148869399199e-01
3.39656947890937810e-01
2.70301077767479025e-01
2.97417400003986643e-01
3.13783678480709816e-01
3.26429869282393148e-01
3.01191302416231710e-01
3.04821114197393217e-01
2.67393059711951597e-01
2.83448253027584030e-01
2.96774397576458737e-01
3.00768736912098211e-01
3.01685874214633443e-01
2.99827149849761665e-01
4.40888924432335516e-01
3.16909561835065412e-01
2.85428085172573842e-01
2.82028442227085618e-01
2.83409593299855156e-01
2.82969222463359871e-01
3.05233969612938083e-01
9.62133291958638809e-02
2.98773668452208430e-01
3.53751809761009117e-01
6.46532236204657995e-02
2.35663294231107906e-01
2.80849483906015385e-01
3.04046764686244475e-01
2.94935336590592290e-01
6.51224843325850927e-02
3.02520051236551402e-01
2.63916840092337734e-01
2.57519426949341990e-01
3.00488159896267315e-01
3.33778474335969577e-01
2.65481938392983119e-01
3.04014861964984839e-01
3.00251004790295262e-01
2.96409340355522410e-01
2.97088523444135444e-01
5.12719084550418147e-01
2.96694092779420937e-01
1.76042534526955896e-01
2.90275064889380430e-01
2.95496662983572800e-01
2.60575616098045859e-01
3.04513255094026825e-01
2.98170847512506054e-01
2.92803251430648448e-01
3.00418606274728772e-01
2.94316461427035103e-01
2.97030964138553344e-01
2.98119712338948795e-01
3.01390282989223934e-01
3.03336762308880958e-01
3.34538756412155469e-01
2.96770423179193110e-01
3.03323708794633384e-01
3.00256307978914005e-01
1.76425670785785027e-01
3.00040014663037091e-01
4.27283072608482140e-01
3.21482634704314263e-01
3.03421427811123134e-01
7.10209750216793945e-02
3.17775698718976984e-01
2.89175941001819481e-01
3.12508150151384723e-01
1.36874914639827594e-01
2.72501885646629138e-01
3.04429396195497248e-01
3.01488622543041374e-01
3.02733915024131772e-01
4.32528128984735194e-02
3.08824694808904510e-01
2.92075688577544901e-01
3.07924211297419703e-01
3.00352975125009913e-01
3.12071793051976520e-01
4.67238211657979130e-01
3.00313839005524275e-01
2.54948743129187860e-01
3.00403609399375937e-01
2.97577574456812821e-01
3.01385562218781100e-01
2.99497202875927515e-01
2.97961723897997022e-01
2.96411861435152302e-01
2.81505763225221028e-01
3.29680671565517114e-01
3.01105309171809554e-01
5.69964001876531512e-01
2.62877388712433657e-01
3.06894742334586412e-01
2.73314639539638526e-01
2.93103906334285624e-01
3.03715033371481702e-01
2.67078962472800552e-01
3.12238174544000380e-01
3.03219496755534113e-01
2.97301503223856234e-01
1.28630877280330125e-01
3.02291026839495158e-01
4.92672615908805955e-01
3.82736032190738429e-01
3.04166277630053994e-01
2.98699626884630587e-01
2.59587424239587417e-01
2.99107892879791004e-01
5.34880085854594234e-01
4.08222043293140879e-01
1.22436458643175941e-01
2.47303443115900662e-01
3.00706579448371369e-01
3.15593313064062742e-01
1.62189165355093624e-02
3.90571469302155860e-01
3.49191970276875985e-01
2.93235747605022246e-01
2.97834866592668557e-01
5.14558592311813112e-01
2.82482979008541579e-01
2.80080857052037113e-01
3.05669032289668796e-01
3.36838945271036305e-01
2.99067943530179736e-01
4.05997346518523206e-01
3.09767720154820625e-01
3.70190219028420295e-02
7.71532346280987963e-02
3.02821542499903451e-01
2.80925023529933149e-01
1.42835131705290386e-01
3.30873364041620766e-01
2.84882491055687692e-01
3.15086724729788603e-01
2.54726233184883688e-01
2.24738451093822761e-01
2.99730851990795633e-01
3.05014146723704693e-01
4.03439000745670559e-02
2.78714508329551025e-01
2.97590320547491571e-01
3.04948094949436921e-01
3.00612985396574439e-01
1.99540327291345632e-01
3.01888701960721373e-01
2.67357256672226318e-01
4.74888918161891327e-01
4.43639945466747176e-01
3.11700745921895062e-01
2.90832428024712875e-01
3.87389608663715579e-01
2.69179036755110346e-01
3.14868602489548566e-01
2.96156575717844761e-01
4.78936167539565361e-01
4.62131475813900294e-01
3.97760485279004469e-02
4.97307538044807818e-01
3.09251574115254835e-01
3.63655433359540980e-01
2.97887542427718477e-01
4.30316553387196654e-02
2.97810634356622805e-01
3.02632696625888098e-01
3.02412346139963761e-01
3.00422054580003040e-01
2.98136309834059088e-01
2.99730769605229097e-01
3.87948292034084430e-01
2.76801665585451051e-01
2.52575492876071117e-01
2.20443631301212133e-02
3.00109924933575301e-01
3.52452874972508656e-01
6.94694991722409755e-02
2.87087525951458034e-01
3.01014562417267151e-01
4.72824607165589494e-01
3.00881581623742900e-01
2.98697170769636033e-01
3.01204250034224574e-01
3.76199340357849521e-01
3.02652189070483579e-01
2.95377688979236164e-01
4.15124357701961488e-01
2.93031969690324134e-01
3.01305494221794035e-01
2.98805042047182057e-01
2.99572331871857278e-01
3.04836371636425296e-01
5.84628399284336589e-02
2.62567990576313026e-01
2.99916170877560784e-01
3.03033701614064621e-01
2.53061175366053770e-01
2.99835057360327062e-01
3.02596286153245131e-01
2.06536712457756511e-01
1.66184818038531745e-01
2.97083069302436276e-01
3.04078151512702344e-01
2.98950755975569860e-01
2.83093998337402786e-01
2.96842340496268065e-01
2.87029058635934975e-01
3.02987490537527215e-01
3.00392522167216236e-01
2.99554817363567316e-01
3.06240169823523312e-01
3.01159406269654040e-01
2.84398650429680711e-01
1.41105868285945152e-01
3.00280725152979877e-01
3.46469525804526945e-01
3.02635784916871375e-01
3.02298471598667295e-01
2.93236432847059691e-01
2.98654832483684352e-01
3.52671930616129115e-01
3.02079258603632161e-01
2.79958245439157427e-01
2.61462962308374791e-01
2.99686594241631077e-01
2.97012538667955572e-01
2.50840770916413436e-01
1.79257891178149997e-01
3.10290819318287114e-01
3.00864745117429500e-01
2.94660163619729687e-01
3.02947502428587478e-01
4.05102015268554716e-01
3.01547230600642813e-01
3.86763453261844636e-01
2.95216268395502357e-01
2.02289360226673709e-01
3.02819734887102010e-01
3.00353348949456811e-01
3.02128642974188066e-01
2.97894408591831472e-01
2.91251965503962762e-01
2.96832765097230000e-01
2.25782414720117175e-01
2.71414592079266048e-01
2.99808029651523977e-01
2.11598632044361051e-01
4.29860516521946234e-01
2.99325591040364825e-01
6.33340330456024503e-02
3.02907783124759689e-01
3.42604962510683397e-01
2.62639863727867517e-01
3.03900410126177412e-01
2.98425028466987985e-01
2.96508632186520238e-01
3.00530741347551755e-01
9.35970951281488439e-02
3.00316068211762321e-01
1.57657057754581276e-01
3.01422824423111635e-01
2.98469235669743982e-01
3.28679102921151767e-01
2.27511881896248519e-01
2.97946292419847492e-01
2.75388798526098599e-01
5.85998870212031453e-01
5.08546390931029935e-01
3.07211207102294825e-01
2.97871926711406554e-01
3.02266909912048687e-01
3.20912407281360612e-01
3.02853534355244092e-01
3.06682955502650456e-01
3.60724304728048450e-01
3.54702772935122979e-01
3.01599592984745424e-01
2.92216247586175815e-01
2.39743733563666683e-01
3.00784619470359615e-01
2.97206265286869387e-01
3.30300406595317064e-01
2.98289288771852956e-01
3.00275940410494768e-01
3.21775397808663211e-01
3.15032402433491843e-01
2.32995371263955225e-01
2.97275412634814662e-01
2.93695025523663111e-01
1.63252456664759488e-01
3.01923218062496834e-01
2.29813704809319036e-01
2.61630832411560876e-01
2.99558076136013651e-01
2.13275768464482041e-01
3.19934096411745639e-01
3.01601769811272014e-01
3.01966010467167478e-01
2.97190445643917833e-01
4.26982472673351432e-01
3.05281409051381736e-01
3.05197633297555171e-01
4.54865811954341726e-01
2.97161990996443692e-01
1.62819881711127518e-01
3.00556367924106060e-01
2.92082205065470335e-01
1.77102717051252440e-01
3.06960020233123798e-01
3.01869566495991726e-01
2.89622509259245986e-01
3.01549901904762274e-01
2.97454572107385629e-01
2.97659334755983496e-01
2.74964918516578727e-01
2.98721929878206505e-01
2.70787706632779124e-01
2.99867102921782813e-01
2.73215084147396259e-01
2.96841047996153851e-01
2.90995961629430533e-01
5.91769891648524116e-01
3.08915702528411829e-01
3.02316773269339090e-01
3.44511016897291467e-01
5.51415410676008522e-01
3.27187734967646915e-01
2.98956498613933419e-01
2.97182792879929936e-01
2.79256224477439197e-01
2.46200905500877254e-01
3.08152758756422895e-01
2.96912068492597103e-01
3.07440878103170445e-01
3.01980096630983907e-01
3.01647501983398292e-01
2.98639356900640751e-01
4.06307851216492155e-01
3.61114363075419054e-01
4.86347694618483650e-01
1.22448953006623631e-01
1.72088221062320856e-01
3.07918283608925425e-01
2.99603036626542085e-01
1.16562881076141184e-01
2.94054605053295448e-01
3.07590091949034472e-01
3.74499502030355202e-01
3.05481353312903658e-01
3.03994654428070110e-01
3.00410736709963655e-01
5.14767280493250490e-01
2.95855641050680740e-01
2.95744462569544175e-01
1.13507134089777917e-01
3.10369688042001102e-01
2.84644808732411714e-01
3.02728362742838375e-01
3.07434677482422203e-01
3.02489015338987033e-01
3.00024820881369836e-01
3.71994552498919384e-01
9.79324577346241676e-02
2.21029695768718532e-01
3.35593708594392304e-01
2.97443044951671565e-01
3.01499698880488443e-01
4.27909598114917133e-01
3.04947858914497216e-01
3.07139233455464011e-01
2.99563925341795378e-01
3.03216743245339870e-01
5.30056419547856872e-01
2.98527781130137948e-01
1.25221018585122607e-01
3.01621076082286999e-01
2.83948410692165421e-01
3.18542432432418754e-01
3.03681175772244627e-01
3.02477890536269889e-01
3.16584545904085912e-01
2.97709093527706525e-01
3.53799513282767319e-01
1.39658586123960204e-01
2.98091900431863510e-01
2.82221930978279245e-01
3.08735789995651266e-01
2.99511722398166425e-01
2.96204506454037952e-01
3.25963537971996120e-01
2.97814938690611264e-01
4.27679153205558438e-01
3.04634164952433173e-01
3.01373840032788942e-01
2.67742930088812670e-01
2.84432164734013615e-01
3.29253740713626120e-01
2.98299554243412701e-01
2.99563159886184094e-01
2.34637866427749281e-01
2.89425601731028326e-01
2.98265662798954279e-01
3.01531595089559346e-01
3.01961889214300561e-01
4.14550343889971695e-01
2.47005444709812561e-01
3.02728161201766044e-01
3.11663433013266600e-01
3.69152569833897604e-01
4.68400529896049189e-01
1.70211622653034106e-01
4.97625837799292536e-01
4.13481825226217015e-01
2.98124652257818645e-01
2.97618878717592961e-01
3.00096610848208878e-01
4.43338265439353896e-01
2.99149728755629674e-01
2.62685692540179538e-01
3.23766363164987303e-01
3.07288955066185254e-01
3.01818165841900021e-01
2.97560089590576060e-01
2.89842772768227175e-01
6.05286267661795108e-02
2.91096669529205987e-01
3.54044824251189494e-01
2.23641878117862652e-01
3.30732300113075917e-01
4.09099801127972229e-01
2.82996269472675532e-01
2.93033424165956791e-01
3.03256253330261627e-01
1.39147845604707499e-01
3.08145928596397223e-01
3.03277945834459828e-01
9.53760130022947433e-02
2.93025704586558577e-01
2.99652183684309181e-01
2.97029750400814974e-01
3.07879738492211952e-01
3.01756193029025344e-01
3.00315702775628468e-01
2.92870216899389468e-01
2.92507472462588625e-01
2.85528374469401547e-01
2.28732473503894085e-01
5.22076665299228804e-01
3.09886693603085954e-02
3.01846124978048191e-01
3.24667955951950860e-01
2.97267894189034321e-01
2.97770297130274086e-01
3.04699084344719429e-01
3.52646437440797600e-01
3.00856246737919164e-01
4.30593235892646697e-01
2.38172670121386459e-01
4.50163902897047274e-01
1.89515075164999491e-01
1.82542084098069629e-01
3.02719075686557371e-01
2.97300540768225763e-01
3.05010200036342050e-01
2.97399783583833510e-01
2.96772723355942236e-01
2.84015695720933437e-01
3.02559511938922998e-01
2.47373880094538923e-01
2.99750415315757468e-01
3.01530103674425287e-01
2.98886431903434613e-01
3.00962577931160657e-01
2.82417911749435147e-01
2.97897455951783741e-01
3.03590816292474641e-01
2.94405462187441791e-01
2.88501586954759803e-01
3.11970061571525292e-01
2.94565363216088283e-01
2.98171175989123405e-01
2.75663178524237162e-01
2.01857857193435741e-01
4.55119363371113070e-02
2.93366564641084071e-01
2.97758221707095649e-01
3.02908860293285509e-01
7.59225068998110320e-02
2.79368225800812331e-01
3.17692193136684398e-01
3.01312482954397665e-01
5.03745920635115030e-01
2.99046602049868271e-01
2.98694585497982723e-01
2.78241578023523395e-01
3.73374824295327812e-01
2.92313682326953872e-01
3.60468784988677959e-01
3.01118025019612434e-01
2.91521802655594853e-01
3.00684759358327391e-01
2.62834508849275561e-01
2.80450379848320774e-01
2.88979634596808255e-01
3.09060760155601862e-02
3.01419625021591642e-01
2.94700980006463775e-01
4.44006361390765492e-01
1.03676815657915575e-01
2.71827842118626539e-01
3.02253709582438745e-01
6.84328131962000652e-02
4.23714822548970471e-01
3.13366515863930217e-01
2.97414673777822158e-01
3.03271988678312898e-01
2.85298127805990953e-01
2.96592510145868793e-01
3.79085168246610593e-01
1.31766798232040572e-01
3.01186983638760342e-01
3.59594226112627535e-01
3.01465686515173248e-01
3.00935181203563162e-01
2.90332815768747754e-01
3.07482865936521577e-01
1.30963919360295639e-01
2.59002833317833636e-01
2.97239427765587372e-01
3.03152899263203879e-01
1.24297466168271614e-01
3.02595133170986297e-01
2.98364715370707245e-01
3.00510892952807918e-01
1.82519195834426412e-01
4.16206211382273761e-01
2.54287631957232307e-01
3.39249012575041420e-01
2.97505852080227617e-01
3.68541190693561171e-01
2.95060777086141146e-01
2.89862699603446294e-01
5.24953154467732608e-01
2.97919823653271298e-01
3.02347955634012233e-01
3.23199476222208348e-01
3.04158635092731500e-01
2.99494831632509784e-01
2.94156978784141321e-01
2.13430431068271892e-01
1.44910778310785998e-01
2.79733798943048451e-01
3.03133580288800109e-01
2.93910231936360899e-01
3.03383999179413166e-01
3.59009729640041519e-01
2.34975009809594987e-01
4.81597192291634627e-02
3.01618409925954123e-01
2.95417490058126009e-01
3.00861521752403049e-01
2.92178199240415104e-01
4.30955623536487142e-01
3.02931889593477444e-01
3.43976561330724462e-01
2.93433092640496662e-01
2.99437438921576426e-01
2.50666412363222624e-01
2.98695468465253466e-01
1.23783526131321361e-01
3.01080397113174469e-01
3.01662002382365790e-01
2.92599234560238952e-01
3.03705820310376351e-01
2.93196797836398182e-01
3.03142307280320877e-01
2.95958565327175016e-01
1.16695743583263636e-01
2.91485043254348875e-01
2.84280178459606681e-01
3.58331672230776277e-01
2.97376423965697079e-01
1.27902892065082152e-01
2.86514313703867651e-01
2.91998807826390594e-01
2.92226438949440170e-01
6.14653829635641927e-02
2.07048772434246159e-01
3.02635259806154300e-01
3.29604752809870782e-01
2.81466417542496017e-01
3.04928044390613273e-01
3.02732476421112728e-01
3.03008522863778773e-01
4.79327344080121398e-01
3.01613417181360477e-01
6.08874724482735552e-02
7.64844201632421811e-02
1.58232755859915725e-01
4.40631716073730972e-01
3.16098401634262949e-01
1.08296948082864261e-01
2.99708274472744118e-01
2.96251443944173631e-01
2.93346407110954166e-01
2.95727880285944211e-01
3.26141179054889541e-01
2.97456930913681639e-01
2.97735464544972739e-01
4.50370002213435427e-01
3.01097338266319514e-01
3.01842336265609468e-01
2.98200606229932885e-01
2.81532255240532769e-01
3.00246512250689213e-01
1.59237541525507703e-01
2.89016382031709040e-01
3.02997522799860863e-01
3.59785898744274524e-01
3.04008151314557162e-01
3.06748894574083941e-01
3.01748870641557421e-01
2.89827097875306472e-01
4.55209194730589739e-01
3.02666083087515136e-01
3.57010419710493743e-01
2.33906252585981300e-01
3.00863528755563214e-01
2.91158346700849668e-01
3.14434733997817462e-01
2.63535207558612705e-01
2.15861831752568206e-01
2.44589965868883819e-01
2.77732059101294337e-01
2.97838162238636572e-01
3.00547074544975812e-01
4.76347268306988869e-01
3.00576673400933747e-01
2.90143092019188753e-01
3.06127707841217789e-01
4.65983604687263797e-01
2.95312232579301615e-01
3.24789278271591764e-01
3.23320639141396748e-01
3.28164903427143717e-01
3.01729946151569062e-01
8.87421060132306122e-02
3.02410215015681882e-01
3.02560298986301546e-01
2.83758569065551469e-01
3.03423007886592155e-01
3.31465896917531200e-01
2.92618533478018916e-01
3.51213923905364767e-01
3.03046543557851100e-01
2.21819410128781785e-01
2.92515142415442686e-01
4.02293898192602639e-01
3.51004550552063643e-01
3.26097454077972082e-01
3.02570366433614402e-01
2.99856257322932196e-01
2.91985386841790040e-01
2.98094900131260998e-01
2.96467236124945632e-01
3.03770602527517253e-01
1.63160061328269823e-01
3.00939548474355612e-01
2.93147567509320972e-01
3.15525940859243903e-01
4.32217681579458501e-01
3.02447547600613487e-01
3.01575899008448278e-01
3.01626143583190898e-01
2.95438613004987027e-01
3.02186633899689749e-01
2.51431023276313892e-01
3.02846721000378405e-01
2.96525845580728975e-01
3.02392452459098460e-01
1.28475947623521769e-01
3.00876930228391404e-01
3.08140413786725909e-01
2.84176284078032859e-01
3.01560831067416435e-01
3.05720455388498236e-01
3.16273090439905369e-01
3.27381010403862138e-01
7.84483856949254738e-02
2.35214075259721767e-01
2.87657461583369078e-01
1.65855226901718972e-01
3.13840219518100649e-01
3.01202437637444476e-01
1.92067884099315522e-01
2.98469694018633436e-01
1.23817870866337665e-01
3.03365657151398405e-01
2.84715831271867170e-01
3.04008692549705695e-01
3.01519798645929260e-01
3.01949291318059365e-01
2.92663828020039984e-01
2.90894855857523060e-01
3.23906367087983926e-01
2.85685222868424071e-01
2.99201090081630372e-01
3.03370154277789905e-01
3.01478515476266529e-01
2.97986812142407409e-01
3.03027306586044209e-01
3.00415286589262642e-01
3.00696463004822945e-01
2.98428222172165025e-01
2.80805087217521732e-01
2.95818293157454171e-01
2.51173664645165773e-01
2.97782331220412033e-01
3.00196652236114248e-01
3.16946954072063247e-01
3.16218273951720197e-01
2.87172768750782126e-01
3.11728979295849140e-01
2.74064289148113538e-01
2.53788216521180721e-01
3.59299310186706411e-01
3.02642613244322067e-01
4.02652301502716636e-01
2.93545025492868206e-01
1.80629660387868929e-01
3.90152870401858642e-01
2.93687237184482142e-01
3.09555933761987923e-01
3.01435258215616786e-01
3.02049798337508335e-01
2.99307216149821420e-01
3.91119297927463472e-01
2.25221184864410257e-01
1.65191145994242922e-01
3.88960798900096216e-01
2.94570672324167115e-01
3.57896137561327266e-01
2.99193613396857905e-01
2.95941056577762818e-01
3.00175023648634798e-01
3.51338384471420517e-01
2.97798244785606236e-01
2.99484032915480647e-01
6.62626082858435300e-02
2.58734719467115293e-01
2.01761349967534698e-01
3.01971915388143053e-01
3.39399398289024656e-01
3.80419353437268126e-01
3.53291505056214261e-01
4.09337688626931151e-01
3.05266708790302932e-01
3.71136949056725340e-01
3.02349505339206626e-01
3.21566966543774702e-01
2.99646936687009813e-01
3.06279765588805264e-01
3.00284712498891326e-01
3.32262763687535212e-01
3.07615464754799839e-01
2.99288439051415389e-01
4.03605358829393690e-01
3.02566116340579727e-01
3.00055614604111343e-01
3.00325661462248594e-01
3.09959901716503117e-01
3.01992461048882221e-01
3.19088506425793728e-01
3.00574171013307745e-01
2.95496798653554771e-01
2.18128557058968581e-01
2.99741158355369464e-01
3.19067434946841644e-01
3.01753941404574455e-01
2.81374787391274306e-01
3.02160562281715450e-01
3.28095567765272045e-01
3.02125122342907892e-01
4.72344003695397086e-01
3.03107921770891575e-01
3.40077913352971051e-01
3.03981053042382543e-01
2.99566904674272549e-01
2.81416015141591647e-01
3.01099214383994451e-01
1.62047678644577781e-01
3.08818876437993828e-01
3.74869171590161587e-01
3.00976964588883622e-01
2.93400163539680514e-01
2.99494161799918335e-01
2.94242352373499716e-01
2.93759011155680649e-01
2.98322097595149383e-01
4.17839121247923162e-01
3.01877112192048602e-01
1.68075860003086830e-01
2.99719100132178395e-01
3.03759120892587831e-01
2.94381076589709190e-01
2.93615261404521988e-01
2.98783208109965948e-01
2.93372574425710464e-01
3.01673581030080851e-01
2.47021986576224761e-01
3.00104543071022800e-01
2.82659686306748592e-01
2.99932536372878700e-01
3.49889749167819286e-01
2.90189603956593434e-01
3.86288596032636156e-01
3.00958093737531740e-01
3.44283003491932693e-01
2.99969452106830903e-01
2.94190114737909125e-01
2.93551457868348242e-01
3.21272916420386523e-01
1.95133382501332026e-01
2.99343642679979594e-01
2.99380327342763930e-01
2.11298805879737012e-01
3.28589714669978883e-01
3.22357058367699456e-01
3.01956905707787104e-01
2.90689181026848320e-01
2.94224601342234382e-01
2.97297772765553747e-01
2.45969695190758758e-01
3.52043645246703896e-01
4.13074389456682178e-01
3.17878242843177616e-01
2.81969980412568655e-01
3.44525892745666307e-01
4.27776849460589192e-01
3.13649760235928110e-01
3.27047032887977485e-01
2.97752111972690081e-01
3.01571176274579467e-01
2.98779850027052096e-01
2.96669209247290511e-01
2.79451786753399045e-01
2.98721672074642008e-01
2.99956680731130687e-01
3.10126031677805780e-01
3.04198145501184625e-01
1.86180376979126733e-01
3.14570362403279902e-01
2.93485648503378327e-01
3.03456620397904664e-01
4.94320271886414031e-01
3.02288203308277381e-01
2.98748337003329034e-01
3.02544174356172202e-01
2.96448311764357431e-01
4.20255370775042825e-01
3.74281151771733600e-01
2.94081904799400273e-01
3.02809353895436006e-01
3.01886435486996563e-01
2.99444660386211481e-01
4.12625664305143081e-01
2.25297986630602021e-01
3.02078577515834834e-01
2.98886983134230622e-01
3.31706631674043573e-01
3.01440594578743892e-01
1.30980378786254681e-01
2.97523670843793275e-01
3.84940391939344095e-01
3.00251887130824568e-01
3.03568790351470941e-01
2.83967470934028743e-01
3.02484808037483288e-01
3.02737183421037614e-01
3.22653303347806730e-01
2.91314773297657315e-01
4.21412724067118605e-01
2.46785661344575857e-01
2.93112945863954921e-01
3.02317656879212138e-01
3.82686181567939265e-01
3.00189358700993225e-01
2.11044942873289093e-01
3.23383324118527660e-01
2.24086496509184524e-01
2.91078095919331037e-01
3.03874534914090166e-01
3.01693361029362228e-01
1.06491599248337732e-01
2.79818814240448910e-01
2.79033430320698328e-01
3.02174314724976190e-01
3.02395515788373703e-01
3.02200667416524515e-01
2.79737505530189889e-01
1.41459973542893191e-01
2.99369251406112591e-01
4.25458505583160951e-01
3.03235411697932056e-01
3.02052427909775878e-01
4.54131444175194868e-02
7.76406273914109629e-02
2.79418200394095095e-01
3.15468416944236774e-01
2.97062904149072882e-01
2.97585307839242308e-01
3.02533461111744728e-01
2.97763256370128293e-01
3.05113166474393183e-01
2.96297475495562568e-01
3.12883862038525973e-01
3.01792372358776595e-01
2.79264562130917438e-01
3.02009015256690438e-01
3.37977648795450614e-01
3.30716726870705469e-01
4.20820649906684718e-01
2.99121469667982864e-01
3.29436436090975449e-01
3.10740149127594512e-01
3.02697062908752756e-01
3.78897706724480254e-01
3.01802960884385907e-01
3.00676411954441558e-01
2.99914254507093136e-01
3.00774338132757668e-01
3.00321458419114951e-01
3.08065030985295640e-01
3.19272750329387567e-01
3.01805205278190936e-01
2.55167607114047346e-01
3.13798490961403997e-01
1.86553656024951942e-01
2.50471899094401929e-01
2.99922933355025234e-01
2.92372660587450595e-01
3.01775354147714170e-01
3.03535672903191722e-01
3.03858695157035064e-01
2.76883275025018583e-01
3.02061659218124390e-01
3.04838027934779154e-01
3.10029534189055600e-01
3.02547488224282290e-01
6.09613976276232247e-02
3.01885499317395944e-01
3.10339869559465908e-01
7.65065801128510803e-02
3.00825671114519189e-01
3.03093406807810162e-01
3.04184713630014925e-01
3.00462704664352653e-01
3.00094760351782175e-01
2.96015206812154708e-01
4.66683260498989005e-01
3.02001934726918275e-01
3.44322502071717274e-01
3.02080584422350251e-01
3.70765970592659144e-01
2.15109664614880236e-01
3.10499659597704591e-01
3.01646479773696685e-01
3.14907002592368757e-01
2.93375431876402859e-01
1.84262376235950959e-01
3.00120166971317159e-01
3.11214552247435328e-01
3.35922701701219129e-01
2.99535162392279397e-01
2.87524039286116195e-01
3.07737563692324523e-01
4.12427371636323981e-01
3.75704944270261909e-01
3.02687119500373525e-01
2.99289433757353118e-01
3.03279176089603419e-01
2.57189787528377956e-01
3.01470071512241367e-01
2.99158454643950855e-01
2.95627926742843161e-01
3.29315656972180792e-01
2.82559243143288563e-01
3.13090318777823340e-01
2.87978424101763220e-01
3.02422065829656084e-01
2.83079748252866359e-01
4.69128508026153856e-01
3.06816387537311441e-01
2.93746068661244641e-01
3.82240964734127442e-01
2.82877227632827133e-01
2.65863742033645600e-01
2.98878804813112020e-01
3.13264124111637787e-01
3.13016839409364866e-01
3.16316054617242159e-01
3.02730815420406307e-01
2.97797587734095037e-01
2.59554313437449835e-01
2.79426468548075235e-01
1.70419792898784284e-01
3.02443969076413077e-01
2.98733620313806625e-01
2.19145296266763878e-01
3.01368681295408669e-01
2.54778814563275557e-01
3.16618108674738941e-01
1.77918974394527002e-01
5.37706534829247129e-01
2.94214660121058902e-01
4.66474680814920051e-01
3.03232110512759556e-01
3.03102706101727293e-01
3.72126390744965729e-01
3.30046270778802997e-01
3.35756161471265469e-01
1.73290675832686869e-01
5.44607576335564225e-01
3.02772385750173734e-01
3.28535425842766460e-01
2.94049835469348375e-01
1.11091221612392807e-01
4.28905820504814905e-01
3.54220686927481043e-01
3.30067031662796828e-01
2.99102375042479440e-01
3.16033377482947742e-01
3.27685019111546127e-01
2.76179291993639164e-01
3.03507700631537813e-01
4.59925743867186987e-01
1.24126522415021687e-01
2.99233434935871512e-01
1.30199649651579819e-01
3.27999033805222329e-01
VECTORS velocity double
2.98522688595239838e-01 3.14693762079712707e-03 0
2.98472453270622051e-01 2.07418361930709200e-03 0
3.01537631352081836e-01 6.45729820293532912e-04 0
2.40008205369644984e-01 5.73548881168660096e-02 0
2.98855052840419022e-01 5.34687187588988233e-04 0
1.76312513915003882e-01 1.41071409133445458e-01 0
2.93018821705309906e-01 4.95306085044874139e-03 0
3.01218939731036583e-01 1.38248211264491109e-02 0
2.48905443332053583e-01 5.19758694562872936e-02 0
3.00828609702968097e-01 1.28852298296963804e-03 0
3.01908767336040329e-01 1.80025603433625766e-03 0
3.33033757800897556e-01 1.37963827624743799e-02 0
2.55113060849588791e-01 4.21018548326129033e-02 0
2.98201684755064145e-01 1.50030328522011633e-03 0
2.59217329667772112e-01 1.47581913487549281e-02 0
2.96477412971286103e-01 2.27189603492435992e-02 0
3.06467633561206987e-01 1.88823238126766026e-02 0
2.84999830711594182e-01 9.99012192710755850e-03 0
2.99350491730092039e-01 1.10455639807846670e-03 0
3.00389570193758393e-01 1.29042306779682120e-02 0
2.18880028872089877e-01 1.93421781083035260e-01 0
2.93056409509154181e-01 4.07382828387550591e-02 0
2.64526434737880733e-01 5.78698615207647246e-02 0
2.16006008962681767e-01 1.92989380426409396e-01 0
3.03279523812557295e-01 9.07433335090617387e-05 0
2.86623085140267464e-01 3.03884420443631051e-03 0
3.33580328865559106e-01 1.00861876760598695e-02 0
3.01790319954921615e-01 1.07187351852060459e-03 0
2.03748370057082517e-01 8.41861361919313440e-03 0
2.95544702033467221e-01 5.09552416110308371e-03 0
2.02709733413462323e-01 1.40473036826601921e-01 0
1.90236002214866223e-01 2.25123302286190305e-02 0
2.85199168533769865e-01 2.53768978549469781e-01 0
3.12504716729580356e-01 3.10115165327649114e-02 0
2.40539355630783103e-01 7.94148996937401458e-02 0
2.86369559927987682e-01 9.92995349242682852e-03 0
3.05885480924718456e-01 4.35288869497733877e-03 0
3.04730935560126925e-01 7.97435671957113894e-03 0
2.53458223130426541e-01 2.42866320305369532e-01 0
2.01921389259311246e-01 1.03267000657349933e-02 0
2.97976929841746507e-01 2.26811085181809688e-02 0
3.03685452153271973e-01 5.62737918783504619e-03 0
2.21025186712545452e-01 3.65387162922498621e-02 0
3.22429002500773054e-01 2.16763235094472567e-01 0
2.98317481006571739e-01 4.10395121740727425e-02 0
5.15651236998502682e-01 1.30545291643202249e-01 0
2.98622782504057882e-01 4.48013041382222554e-04 0
2.99045334759877879e-01 7.86123001225527349e-03 0
2.41295622202947202e-01 5.56627288576732673e-02 0
3.00716656085745160e-01 1.33606550502911770e-03 0
3.01390750830172971e-01 3.84447406452998472e-03 0
1.80232863580854802e-01 1.56789553868298404e-01 0
2.83988194135109284e-01 3.83904378843804989e-02 0
2.65609662475770225e-01 1.20098882322937101e-02 0
2.89783651305428713e-01 1.97822720071328984e-04 0
3.03847231848938970e-01 2.52433990069577729e-01 0
5.13805452758963610e-01 9.06687236660826540e-02 0
3.61717751687841815e-01 8.47139712454724747e-02 0
2.72509964166536334e-01 1.01910387232567512e-01 0
2.87643688690264243e-01 6.15638722329415067e-03 0
2.90335420306076009e-01 4.74745826562024604e-04 0
2.00368079680803640e-01 1.50738426443796453e-01 0
2.70074630136843408e-01 2.12968146352391467e-02 0
2.15978818828129610e-01 3.59619072246541507e-02 0
2.87857849282817047e-01 3.79155921249693098e-03 0
3.04700808113997579e-01 1.81831061548468650e-03 0
3.04612500757723836e-01 2.10348282194690577e-03 0
3.00332500386681189e-01 1.11991355109696813e-03 0
3.91517532253783940e-01 7.93226439757205165e-02 0
2.99648023177198075e-01 1.37600607846246562e-03 0
3.05175791167383470e-01 3.29535601593038173e-03 0
2.95017167503288880e-01 5.92786177712307290e-03 0
3.25264152646532578e-01 5.32726961627469874e-03 0
3.10713787668508434e-01 1.02287464181950394e-01 0
2.82209981911463514e-01 8.20396198240239995e-03 0
3.01796410683780547e-01 9.71272900496230338e-04 0
2.23586260517458724e-01 1.40732842490956828e-01 0
2.62726692512132154e-01 5.16523745189684524e-02 0
2.50974070574391084e-01 6.73690921520072317e-02 0
3.01983439380461460e-01 1.88446437200529156e-03 0
3.03918313949353702e-01 2.09318320262129190e-03 0
2.90651574057136375e-01 3.16959412600728054e-03 0
2.38669324103118280e-01 1.01456840027306122e-01 0
2.98435337839483950e-01 1.56802287026760112e-03 0
2.95730949611590022e-01 4.41891089516275194e-03 0
2.98605798932834621e-01 7.09655021019527533e-03 0
3.03494976651369042e-01 2.32625596960827534e-03 0
3.66413309202177406e-01 1.52169654098314289e-01 0
3.09353225143513988e-01 3.50622107506441032e-03 0
7.15452836679075083e-02 -3.00561066161861533e-02 0
2.20413681046279786e-01 4.88114854002250631e-02 0
2.09359578609467717e-01 1.72683445221061854e-01 0
3.01436731643665023e-01 6.17196067314894630e-04 0
3.86292759774183203e-01 5.30540677104424513e-02 0
2.55388826735994556e-01 1.15378336689202277e-01 0
2.82035989569029477e-01 1.18166582686588514e-01 0
2.91332161035978476e-01 4.59760003365141806e-02 0
2.92248225510751580e-01 1.66411213742246765e-03 0
2.32153078633679510e-01 1.87766436790310562e-02 0
3.14350530887378188e-01 8.92280461484159515e-02 0
3.01701847566858472e-01 1.87615881133675511e-03 0
2.56269836295660691e-01 1.82092933898573700e-02 0
3.10997248446548691e-01 1.90463029518723841e-02 0
2.27136768021647895e-01 3.57029719325764605e-02 0
1.99616151587147600e-01 1.57457454130304382e-02 0
2.98299856552170894e-01 1.53408343879590336e-03 0
2.88974282612024291e-01 1.99254710256122590e-02 0
3.01822036128939597e-01 1.98309742955601062e-03 0
2.87496471898896433e-01 1.95587528650257816e-04 0
2.96937994017792195e-01 1.17612903681773889e-03 0
3.03779145411636531e-01 5.57838411553900591e-03 0
2.09682212039457833e-01 1.74774213604063158e-02 0
2.98788930405511022e-01 8.29385531580379516e-04 0
2.99515424342534586e-01 2.22655555243717876e-03 0
2.18778758933794365e-01 1.30536914002881477e-01 0
3.01294458379040564e-01 7.35663862454913374e-04 0
3.30340710420444661e-01 5.44959286832570819e-02 0
2.96619615171791751e-01 1.02417272515311145e-03 0
3.01711470050007868e-01 1.59658004250302107e-03 0
2.98231528554763037e-01 -2.32858605970793664e-05 0
2.32175895220588957e-01 1.32238029517816158e-01 0
3.11722085238920921e-01 8.93010694514767833e-02 0
2.44503114494267565e-01 2.51005005837109975e-02 0
2.98890405519220859e-01 3.00022722173279733e-03 0
2.90281581097829533e-01 1.63800575295146543e-02 0
3.05345200681807816e-01 1.13817622688683635e-02 0
3.17956610821165331e-01 2.15112683711064581e-02 0
7.60064824108589721e-02 -3.08188639862547117e-02 0
3.05942754551805418e-01 2.30052880348910090e-02 0
2.80994044347582905e-01 8.02098672604101282e-03 0
3.01403124553139667e-01 4.63196294462231341e-03 0
3.05528702321480383e-01 3.37012469026487906e-03 0
2.99488841565111796e-01 9.35162353867771906e-04 0
3.63501409345291626e-01 8.05811176964953552e-02 0
2.97042985250006164e-01 9.59573590755962618e-04 0
2.69808444823681270e-01 3.14287214563240729e-03 0
3.09228056719907052e-01 5.60467843872372150e-03 0
3.07891184073695479e-01 3.14983417198406784e-03 0
3.47022373434682396e-01 2.43069243431878919e-02 0
2.95389245001920153e-01 6.08583960368166629e-03 0
2.52140507981049478e-01 1.56045919762295149e-02 0
3.70152959867033560e-01 7.49711076573996021e-02 0
2.99455538542046817e-01 1.96455476855356102e-02 0
3.06180867375113852e-01 1.82335997302910226e-03 0
2.90971743218321366e-01 1.94274868412027575e-02 0
3.01343134576673666e-01 3.40492349928385321e-03 0
2.39000430006898468e-01 7.41892002537591494e-02 0
2.91669943957231059e-01 3.49333267076952590e-03 0
3.53972551105730393e-01 4.16253615851608708e-02 0
3.25742810380075576e-01 7.56364301366100611e-02 0
2.98586666160471026e-01 3.11825752935359409e-03 0
3.35438913339024147e-01 4.44331528931463451e-03 0
2.94497464488835403e-01 1.40506287700479821e-01 0
2.98473997569851046e-01 1.55240322453674006e-03 0
2.08377712406857873e-01 1.02208648988246817e-01 0
3.12320320984291355e-01 6.16184162615649733e-02 0
3.08770856510187930e-01 3.25364268366799131e-03 0
2.99684606105916573e-01 2.15936355582144971e-03 0
3.26085928097118782e-01 3.07138534346042269e-03 0
2.98552627846378482e-01 3.80509965114909443e-03 0
1.76399765527691349e-01 1.67497983596385208e-01 0
3.14026731855523544e-01 1.83324413624743957e-02 0
2.91347149413027751e-01 3.37895739298604619e-03 0
2.97599024684726376e-01 1.36633796576188281e-03 0
2.48727705175259356e-01 4.59933123333376853e-02 0
3.72925076321276805e-01 3.53343744374875687e-02 0
3.06615303059028677e-01 4.57770633450618660e-03 0
2.99799572834031247e-01 1.34853497739100361e-03 0
5.58902744356958636e-01 8.44944756613258269e-02 0
3.70372859035907998e-01 1.27591819934163492e-01 0
2.07777861362684502e-01 1.91803867135649270e-03 0
3.03232306724993517e-01 9.95063391343942866e-03 0
2.69234795800525617e-01 2.59125371168596116e-02 0
2.78317501540139123e-01 1.02695556974272042e-02 0
2.61833400776971037e-01 3.93548161384405827e-03 0
2.99497418192304965e-01 2.90857279770569740e-03 0
3.28398484380763800e-01 1.98719300797477350e-01 0
3.01115787289841619e-01 2.81729778717884106e-03 0
2.69762653384254703e-01 3.14722792056507756e-03 0
3.84616822800899816e-01 5.69864641373419994e-02 0
5.09524376329187567e-01 1.39891823042131852e-01 0
3.72658935216309550e-01 1.06921453374824130e-01 0
2.32627136267608170e-01 1.34302149005615074e-01 0
2.38499820314458905e-01 2.96865834420072423e-02 0
3.02923811036081958e-01 2.98496310927173665e-02 0
3.01425947729869859e-01 3.56070122814231222e-03 0
3.02229029572953445e-01 2.50167904022850426e-04 0
3.03623195091159093e-01 9.49550001230891130e-03 0
3.07653491593939177e-01 1.82686048724180726e-02 0
2.77856390288413635e-01 7.21437744281098071e-03 0
3.02165027770658512e-01 2.73122396307031020e-03 0
2.71465862743313802e-01 2.13990534977363221e-02 0
3.01199073804067186e-01 4.47390759183123252e-03 0
1.91087647566689417e-01 1.66395963721705398e-01 0
3.05743062980567026e-01 1.09020067285413337e-02 0
3.00980640211016282e-01 4.12600318271155557e-03 0
3.02003104614734730e-01 5.70165704318946684e-02 0
2.69021571743836951e-01 1.14408138263978054e-01 0
2.62647560879961828e-01 6.78584086119757013e-02 0
2.69018007400173842e-01 1.36221380804613448e-02 0
2.59452624226763851e-01 1.78146868162239423e-02 0
2.38952501332663936e-01 2.31363447514505681e-02 0
3.74949605393630980e-01 1.23438699981829395e-01 0
2.90416366792443759e-01 6.00443104638404349e-03 0
3.02675202032043233e-01 2.91717865745853280e-03 0
3.00179583111062409e-01 1.16920699529480892e-03 0
2.64104281678465780e-01 5.95056457707016442e-03 0
3.89665809094407678e-01 1.74796940017645064e-01 0
2.92798624361502779e-01 1.28336527580035073e-03 0
3.33108793991060637e-01 4.83497366079408981e-03 0
2.82525356779103953e-01 3.58825600701937614e-02 0
3.05358852481914134e-01 7.08611649490088324e-03 0
3.04728580824331019e-01 2.02582269211334029e-02 0
3.61681167227256350e-01 1.45873721563640646e-01 0
2.61232501348060864e-01 6.35846723297211064e-02 0
2.35078409679254252e-01 1.64222353419025691e-02 0
3.10451327478744321e-01 1.96274890872361503e-02 0
5.06438119906122641e-01 8.67247754137363269e-02 0
3.23758838883986932e-01 3.28996149074111972e-03 0
2.07794583482999534e-01 1.50596896831305782e-01 0
3.18849695691090562e-01 2.01231740638444581e-02 0
2.92801843929885730e-01 4.88901324812682225e-03 0
3.02146004283786906e-01 3.52256534995525885e-03 0
3.02373616877305795e-01 3.36641449052662396e-03 0
2.10974160360591051e-01 1.19520566055816135e-02 0
3.02639736495194156e-01 4.95666742356970415e-03 0
2.98672750262246212e-01 1.28095995646410176e-02 0
2.63507948890044974e-01 2.48253643210545716e-01 0
3.76987417948094650e-01 1.11054279680294021e-01 0
2.71053117062652227e-01 -1.79491498039941215e-03 0
3.10392449123728931e-01 5.67313381149804879e-03 0
3.20888892016126914e-01 9.79730473933164703e-02 0
3.11176339013023051e-01 1.34675814872347310e-02 0
3.25216033460783316e-01 1.06312648132230094e-02 0
3.06207089575481206e-01 1.31710522285354210e-03 0
2.50651759489350812e-01 6.64731918016957801e-02 0
2.88000046469004400e-01 6.24981430021396157e-03 0
2.32426541089499727e-01 3.09064006511643383e-02 0
5.54350689776133221e-01 9.93523648585769859e-02 0
3.01582876996610016e-01 2.33505991794161969e-04 0
1.89020695524155236e-01 -1.11432610020065865e-03 0
2.07671238729417090e-01 8.36645000738982514e-02 0
3.14687024089635670e-01 2.23778294795903832e-02 0
2.96121735554246868e-01 1.61939321017256777e-02 0
2.99948947813281741e-01 7.69656396562100938e-03 0
2.83689825469168599e-01 9.01348183946793814e-03 0
3.04356987005164614e-01 1.96020336816697775e-02 0
2.23945672062595247e-01 5.01912033785574807e-02 0
2.99266682690985997e-01 2.30503334180895240e-03 0
2.98959491390855814e-01 9.38985721982880106e-02 0
2.95691731867025909e-01 4.18837645407211991e-03 0
3.06323600897904558e-01 1.69963314243648939e-02 0
2.92891784629350116e-01 4.82344834649734225e-02 0
3.00638788851613881e-01 1.48786021774810853e-03 0
3.08761579408304843e-01 5.39225487742671979e-03 0
3.02850598278868621e-01 8.48351003315403474e-03 0
2.95561908181102062e-01 4.92228166538437231e-03 0
2.98488168593698311e-01 2.00247838725223616e-03 0
2.99367114721215133e-01 3.22145411885837920e-03 0
1.76985303215679263e-01 6.98766587764749758e-02 0
3.12905797751057035e-01 1.74356494678197319e-02 0
2.99451906759206909e-01 2.88760434287913285e-03 0
2.76126094594362437e-01 1.01850322778017269e-01 0
2.98667990314233522e-01 8.51106421031288521e-04 0
3.05303289439864955e-01 2.15693349785166799e-02 0
2.99951856687912410e-01 1.64329376536398062e-03 0
3.39739079484199902e-01 5.53358825175615660e-02 0
3.46468336551062350e-01 5.20589424553146926e-02 0
2.96717161587529088e-01 9.38149042928050972e-04 0
2.46646658175419448e-01 1.01669165516973234e-01 0
2.99139810006877171e-01 2.94944195104201203e-02 0
2.76126929439108160e-01 1.20900574575721759e-02 0
2.74066123914904647e-01 1.10199330119904959e-01 0
3.02091759721840158e-01 2.72572730425244512e-03 0
2.95775169119067205e-01 4.97516448953724301e-03 0
2.84091577121638350e-01 7.96628896248706836e-02 0
2.26866226685968148e-01 1.07090134141964319e-01 0
3.49422457996548919e-01 3.78839524306378642e-02 0
3.28496261103043585e-01 5.49653858847623314e-02 0
2.76276555898158582e-01 1.31502534233697566e-01 0
2.73360792165603383e-01 1.73262251766452991e-04 0
3.43440403503667613e-01 4.89378022191015727e-02 0
3.03690155263655892e-01 1.46464347614688609e-03 0
3.15925660372734229e-01 6.56900385422797550e-02 0
3.00228283903886950e-01 1.25260958770607913e-02 0
2.98114087125282257e-01 2.87801566442636304e-04 0
1.17408849261029194e-01 4.72138966775437624e-02 0
2.99873192278795997e-01 1.28724546052642105e-03 0
4.00727987401197860e-01 1.13581130518745965e-01 0
3.03872703457319981e-01 1.55270414000850221e-03 0
2.99310050225632951e-01 2.09020310712971233e-03 0
3.01087283143492146e-01 1.21687766896965083e-03 0
2.99394311632431798e-01 5.00305228795970818e-04 0
3.02600614734362006e-01 3.06953034720779203e-03 0
2.59922151941460455e-01 1.37572146274240296e-02 0
3.25967751888603885e-01 8.34649852056518898e-03 0
2.96143351950638178e-01 1.47241230587545433e-02 0
2.91726849720689685e-01 1.03095731902046336e-03 0
2.15252931549607451e-01 2.31149470516618188e-01 0
3.05334757711639759e-01 2.87284121874243625e-02 0
2.02681056518052932e-01 2.33798431170046617e-01 0
2.88637799855341437e-01 2.53289653783108047e-02 0
3.11968292129622293e-01 1.45133529366720448e-03 0
2.98474384940849213e-01 3.55588997023574939e-03 0
2.84244421003712000e-01 2.24158667845326121e-02 0
3.00457407433713353e-01 1.81368755347989692e-03 0
3.07057559132247804e-01 1.45281308959734285e-03 0
3.15696791728278026e-01 1.92655434599539113e-02 0
2.96047269256207224e-01 7.21578901710191907e-03 0
3.08386932472907882e-01 1.77833472501731996e-02 0
2.02137948774772008e-01 5.63696091556859374e-02 0
2.91067133743977580e-01 7.45844588497151205e-03 0
3.72587242164867383e-01 7.29646454271427602e-02 0
2.88612986630085611e-01 2.62100371960655642e-03 0
2.65529329777554723e-01 2.59171295176504113e-01 0
4.00765814892873773e-01 2.24443981043513568e-01 0
3.01968338967078365e-01 3.74213934166919881e-03 0
3.20602188147010358e-01 1.26460931679685723e-01 0
2.94271029815897645e-01 1.29784619479655894e-03 0
2.97934700744467595e-01 3.42464267102237947e-03 0
2.08760221844735944e-01 4.93379991785137112e-02 0
1.27118537361767397e-01 8.31968643134786412e-02 0
2.53308987326371471e-01 1.32713869199199020e-02 0
2.98855281308658183e-01 1.50201114909981467e-03 0
2.47642322675698412e-01 -3.24143710514651889e-03 0
2.19411311520799041e-01 2.47855803301512245e-01 0
2.10991222485051422e-01 9.19161167047459482e-02 0
3.09680930741025873e-01 1.27627190815364968e-02 0
3.01026513648813498e-01 1.16762703172958453e-03 0
2.97145854694161438e-01 8.19829892042531899e-03 0
5.24469662928477853e-01 1.17682618225649599e-01 0
2.99333235855940127e-01 1.27112880637904903e-05 0
2.32232623805381122e-01 8.20034080669668902e-02 0
3.09619850944607644e-01 5.80745115729270484e-04 0
2.61908431641042383e-01 5.79313068333626099e-02 0
1.83693760098176090e-01 2.25686654955780441e-01 0
2.97696664969566427e-01 1.42371923686862318e-03 0
3.00158120837393183e-01 1.22294805140940165e-03 0
2.99226201317557727e-01 2.11227228466084795e-03 0
2.38239736461012680e-01 7.90560504536177988e-02 0
3.00879269991231102e-01 3.21959059989564101e-03 0
2.97964108806237304e-01 1.48728509691458777e-03 0
3.08775865986469167e-01 6.67403241681460008e-03 0
2.63611063307700566e-01 2.50712600385707973e-02 0
3.07246789061132841e-01 6.02398224278501235e-03 0
2.03248783852226639e-01 2.23892526524757385e-02 0
3.01038625424449424e-01 2.67942662163831932e-03 0
3.02298212313157788e-01 2.57395810184672116e-04 0
2.99813821773982192e-01 2.81430185262105921e-03 0
3.25384946474694459e-01 7.84378100113728924e-03 0
2.99566280490625614e-01 1.69842972683031251e-03 0
3.13553383085487247e-01 2.13856483110469939e-02 0
3.01430598443311104e-01 1.87418352150104106e-02 0
1.99318605628560463e-01 -7.20368463053538792e-03 0
3.00397456039748822e-01 1.73346264925082092e-03 0
3.32413913210509671e-01 9.53262228210360885e-02 0
2.97267779868349402e-01 6.75185818623486294e-04 0
3.23057476307894831e-01 9.98315984363383480e-02 0
2.97999862029020901e-01 1.02897009386658869e-03 0
2.96545354565116492e-01 1.61352666206929620e-03 0
2.53297691081123433e-01 1.98198087608328882e-01 0
1.77557122346109847e-01 -1.00666552717190768e-02 0
3.01218398032423451e-01 4.02450734913671702e-03 0
5.38346466703686688e-01 1.20828038478580230e-01 0
3.81508816157165476e-01 1.67675117054263662e-01 0
2.67624616616177868e-01 2.67626478262108060e-04 0
2.42690117973150044e-01 3.20213490961808039e-02 0
3.05777960490081158e-01 6.42480558877482101e-03 0
3.10862279987687284e-01 2.90595875671605525e-02 0
2.89529776526239235e-01 4.02969750652689696e-02 0
1.17275945870200043e-01 4.83351503215304970e-02 0
2.83399542182679876e-01 6.88643214541888038e-02 0
3.01987325394593553e-01 1.30543801508008223e-02 0
3.05952829455476805e-01 6.14903309031816260e-03 0
3.25169413197720858e-01 1.94407998878057625e-01 0
2.76424001466731961e-01 -3.43875410682949613e-04 0
2.97895829733063167e-01 7.15789963215234231e-04 0
2.85827823862901564e-01 2.98189043901721101e-02 0
2.51524645606483355e-01 2.44670112714961974e-01 0
2.97681184413297217e-01 6.37975807776133244e-04 0
3.02413532760893500e-01 7.87748402024442650e-03 0
2.98256393825050259e-01 2.13494509330678137e-04 0
3.16907732613301907e-01 6.68900916845602683e-02 0
3.00523311812461946e-01 1.58280020115949714e-03 0
3.72097282721019440e-01 3.85376158785338263e-02 0
2.53910719788443928e-01 3.55789265092794262e-03 0
2.98720498958558178e-01 2.04235046904623161e-03 0
2.30047474647838035e-01 1.22235004075999423e-01 0
3.01278499371079644e-01 1.96163527965336317e-03 0
3.02005515778463129e-01 6.79422414392813045e-03 0
2.87830847326361772e-01 -1.67525871896817650e-04 0
2.97463501333452007e-01 2.71987326128106145e-02 0
3.59945664287775524e-01 1.34205587026766909e-01 0
3.93671611802050458e-01 2.27912120032743359e-01 0
3.14343376272978203e-01 1.08170777765087767e-01 0
2.95346354530418742e-01 5.58444663242863622e-03 0
2.99804384929745482e-01 1.85697471179436168e-03 0
3.02474796882357899e-01 5.09332477442067406e-03 0
3.29646755803734315e-01 1.25741162800585820e-02 0
2.62754718366536688e-01 7.73319832530776630e-02 0
2.99426095024214245e-01 2.70813521311181592e-03 0
1.29483317413710580e-01 7.91705924351330664e-02 0
2.56719811973185441e-01 4.84268855812286653e-02 0
2.31298334930352817e-01 7.86046904777005784e-02 0
2.96357997706643173e-01 6.75704728253048292e-03 0
2.99949361134804027e-01 1.44645969478010214e-03 0
3.01647271955847118e-01 4.12340011253497802e-03 0
3.00265493586165333e-01 1.32422263855900267e-03 0
3.02285578441207903e-01 4.64697299945796959e-03 0
2.72459785159718637e-01 2.67033299120771547e-02 0
3.04605403450372569e-01 2.28123762942942588e-03 0
2.99041575396782888e-01 1.12374431169198936e-03 0
2.96264820777838500e-01 3.98576523583365084e-03 0
3.10853207494829586e-01 6.15092189531329936e-02 0
2.99070683073515586e-01 1.94154162934668606e-03 0
2.44403687831142885e-01 3.11109605465363388e-03 0
2.89364322137335928e-01 1.82470150575034518e-02 0
2.99490294281593683e-01 2.03268597252167062e-03 0
2.99657333751701060e-01 4.78293721712380517e-03 0
3.03957801812960227e-01 1.99332499669946199e-03 0
3.03355418314722514e-01 2.59852467980811698e-03 0
2.99435349638152215e-01 2.25517083016412963e-03 0
2.90986840594819329e-01 1.62281062794185985e-02 0
2.90549846205532036e-01 5.79195145323758553e-03 0
2.24961316656946825e-01 1.58208190334926169e-01 0
2.96433797785539632e-01 8.13977996159930169e-03 0
2.97967251830109137e-01 1.39727109640568642e-01 0
2.98953399925191932e-01 2.34654906065957444e-03 0
2.99484233934336930e-01 2.45675598458410405e-03 0
4.09537366825300120e-01 1.73434710394132496e-01 0
3.25521016322737500e-01 1.31540162041398928e-01 0
3.12514587913974573e-01 2.02934781058061418e-02 0
2.99268218199822800e-01 1.51709192667193659e-03 0
1.73612265129637955e-01 1.31046194752933720e-01 0
2.87023849581751089e-01 1.37846782624671954e-02 0
2.13196053254559287e-01 2.77591551273237112e-02 0
3.23364357856199880e-01 8.37470607438424997e-02 0
3.28978696390977876e-01 1.06539889622826359e-01 0
3.05336639971044210e-01 7.31735750905113200e-03 0
2.63611539733542177e-01 1.03557092171840143e-01 0
2.96493672926359308e-01 6.35124565413439958e-03 0
2.76184747410836373e-01 2.57708942530550161e-03 0
3.02028889224906560e-01 3.07727444066356430e-03 0
2.97610634979422528e-01 7.58133968513395514e-05 0
2.31401871467157350e-01 9.38389794162465714e-03 0
3.40593966634994749e-01 5.32478858546955591e-02 0
3.09897168368664377e-01 1.65491333575278149e-01 0
2.97411479128806833e-01 3.57582722331690507e-03 0
2.88917377109312978e-01 2.04722280881107022e-03 0
3.01675293416739709e-01 1.01654257770345522e-03 0
2.96508516732157501e-01 7.30519325336282093e-03 0
3.03183754270389905e-01 1.25065644081745614e-02 0
2.95416544763003219e-01 7.46883047782806366e-03 0
2.99336605520074017e-01 1.89987419453107077e-02 0
1.95553551320914371e-01 1.27773735333096106e-01 0
2.88164161440842337e-01 2.28497965575817884e-02 0
3.01589822536883212e-01 3.39721765695000710e-03 0
1.77805086816086033e-01 1.22724840706492741e-01 0
2.92742060114631053e-01 5.69476782819011793e-03 0
2.97392862541458469e-01 1.27486856970032442e-03 0
2.97755275370818917e-01 5.73447178716838570e-04 0
2.98335230699455667e-01 3.56157224730276284e-04 0
3.08003997308471555e-01 2.50689257522383017e-02 0
2.17481288618831176e-01 1.75427448234986468e-02 0
3.32833019411284015e-01 1.20644090000191065e-01 0
2.98929549859129340e-01 5.37354707366156023e-02 0
2.94731119429158361e-01 3.25657471595711687e-03 0
2.98488504270088384e-01 1.80421607727804874e-03 0
2.86525718635847582e-01 5.73858998062097732e-03 0
1.72033886243500772e-01 2.15429804728048624e-01 0
3.07319939802589981e-01 5.63872314550502036e-03 0
3.03288120469883848e-01 6.08356746964619673e-03 0
2.88539346942565222e-01 7.95778575236164823e-04 0
2.98506611994989957e-01 2.90760152832156933e-03 0
2.97727478786174282e-01 -2.99289791940568044e-06 0
2.70201271561906042e-01 3.42330780831352557e-02 0
2.45601976836942265e-01 4.29668325154965777e-03 0
2.99603965804257188e-01 3.15416363699897243e-03 0
3.01196480085478446e-01 1.18118173863686403e-03 0
3.00750182636119301e-01 4.93888201784302427e-03 0
3.04466255354050752e-01 7.65015155179206516e-03 0
2.07865549555942580e-01 1.00545824456616653e-01 0
2.99826281714275666e-01 2.84401851852993668e-03 0
2.47770436615750905e-01 3.12883264930259378e-02 0
2.96499617531517823e-01 4.74133285104076738e-03 0
2.87859886271109422e-01 1.30292101569591035e-01 0
3.03690797880879659e-01 1.15158117421034906e-02 0
2.95408385741529111e-01 1.72359954637626100e-03 0
2.96188558327568408e-01 5.12504121250357669e-03 0
2.70063099899264469e-01 1.93774749388162915e-01 0
3.01866937585633766e-01 1.72941563650479721e-03 0
9.56029207757430888e-02 1.59024160130225661e-01 0
3.01866919827881997e-01 3.61997992557656868e-03 0
2.40025751409374405e-01 1.13915795151732696e-01 0
2.99777447793105667e-01 2.12692065365804308e-03 0
3.17733020449212977e-01 2.13906902497700085e-01 0
3.40258487415677546e-01 1.90859869623563216e-01 0
3.06233679147296212e-01 5.16776036314474593e-02 0
3.03363421289235990e-01 2.68865554418722683e-03 0
2.92066137357896549e-01 3.02504238074938247e-03 0
3.06304947955379714e-01 3.72133450105929624e-03 0
3.00839579299187032e-01 1.15730016833048358e-02 0
3.02144080056701070e-01 3.21222022583715107e-03 0
2.10868091858923995e-01 1.76875525216518809e-01 0
3.01834516376695228e-01 4.21696162513431202e-04 0
2.01031003300086469e-01 -8.69436511065083129e-03 0
2.99302911188596754e-01 1.90598963083171420e-03 0
2.97469931597932224e-01 1.67381015535676345e-03 0
2.74485589825754051e-01 7.69202584182840515e-02 0
3.01157462307672319e-01 1.13961093832169085e-03 0
2.98022045548297365e-01 9.02367169723003459e-02 0
2.81848536339574796e-01 7.40535419692034402e-02 0
2.96735821629112717e-01 4.09540875363138390e-03 0
3.52835637207087882e-01 8.85787836939737894e-02 0
3.01826592077800937e-01 6.64483107096617426e-03 0
3.05481824626197940e-01 2.70734742018905817e-03 0
2.41184161061726021e-01 4.04873812509276496e-02 0
3.08377955411858085e-01 2.29156455798524986e-03 0
2.98170614821666735e-01 1.02504501776703900e-02 0
3.77870163639225209e-01 6.27087681474518960e-02 0
3.03159002971208569e-01 1.08407110247370736e-01 0
2.60910439973061625e-01 4.37614024300136406e-02 0
2.57581651858905636e-01 2.32763331384789801e-01 0
2.97673173150057424e-01 1.11564366889392336e-01 0
2.98885925904993133e-01 2.79444647428688919e-03 0
3.40028029926198572e-01 3.08045028217208382e-02 0
1.10220386906837942e-01 1.75687010636615348e-01 0
2.00167724265004537e-01 3.53091716598209629e-03 0
3.35037147500656940e-01 6.05222653350914880e-02 0
3.54383135154415385e-01 7.80459721597874800e-02 0
3.68884857493022189e-01 5.86626433300597369e-02 0
2.83484339667212759e-01 1.69942575035578330e-02 0
2.87739176594743240e-01 1.69635242984089468e-01 0
3.05448600143649718e-01 4.94694423089922161e-03 0
3.04725246741321565e-01 5.06152175388013739e-03 0
2.98989243426866225e-01 2.17092076241870739e-03 0
3.65079314113221254e-01 4.37719490224862604e-02 0
2.85937928844900324e-01 4.97894286362472113e-02 0
3.04549583703903559e-01 8.27454573728590497e-04 0
1.99246886949545815e-01 1.33525218856642813e-01 0
2.99492191806743857e-01 4.40436942265657640e-03 0
2.99467867248226438e-01 6.87589029304289286e-03 0
2.32607848602958661e-01 -2.95721620151399682e-03 0
3.01354293971581366e-01 2.65183553732847811e-03 0
3.39002049389359683e-01 2.30106041304066929e-02 0
2.33254458142553772e-01 2.38000830075042191e-01 0
2.98648983409646795e-01 2.53110748080542184e-03 0
2.70016420230479282e-01 -1.14619552581995293e-03 0
1.87591557444088924e-01 -1.98302011570450180e-03 0
2.99014436237461267e-01 2.49784308229413421e-03 0
2.98788536455883713e-01 6.11736673052163532e-03 0
2.91201683329603722e-01 7.32792329800889541e-03 0
2.98903924800778931e-01 2.48683406345685809e-03 0
2.77151326495400363e-01 7.88434920916357591e-03 0
2.98794321993018197e-01 4.15774838336102539e-03 0
2.61544545916364446e-01 9.43987753007938073e-03 0
2.35369542519000191e-01 3.75309966768031175e-02 0
2.99464156688477423e-01 4.98217526822889909e-04 0
2.98871026155275055e-01 4.15188575156198725e-03 0
2.44408338813461051e-01 1.56570845511546208e-01 0
3.88015217038973625e-01 8.23014081636017220e-02 0
2.98109769266848346e-01 8.61527198878797498e-04 0
3.04062270910374244e-01 9.12988516123719174e-02 0
2.58874316599357168e-01 5.86903812729703059e-02 0
5.45718038951799822e-01 1.05000596924594750e-01 0
2.95096862235658453e-01 7.46614935762502513e-03 0
2.63252178497621614e-01 9.63176782476697982e-03 0
2.99362870513280366e-01 6.64015593949806118e-04 0
2.52070433469524013e-01 7.56917816180901482e-02 0
2.92026324160393647e-01 6.84329686771479543e-04 0
2.50826750156855904e-01 3.09548509320304172e-02 0
2.98543160316372014e-01 1.04674752384492252e-03 0
2.97868349031830237e-01 7.81820719980548529e-03 0
2.96809087832800189e-01 1.28385216402447525e-03 0
2.85152780765095704e-01 4.59726680177828528e-02 0
3.21952077845888529e-01 7.06658894473069649e-02 0
3.48288457005651364e-01 1.13578398055326046e-01 0
2.66403681387531677e-01 2.11746623189215076e-02 0
2.65270216583346097e-01 6.37956457082693596e-03 0
3.76985844939533743e-01 3.88497573407010355e-02 0
2.87152151014960666e-01 1.24581417997811465e-02 0
3.00110328509592239e-01 1.40213228609908013e-03 0
3.46964694290499309e-01 9.40558720142799509e-02 0
3.36127961970909050e-01 4.33426542768322390e-02 0
2.79102854811927426e-01 6.22626745316994315e-03 0
3.01308280874888590e-01 7.29448773110702030e-04 0
3.22840397942219137e-01 1.53145319608316843e-02 0
7.36423544767432631e-02 1.48021978479154021e-01 0
4.15630593572895779e-01 7.40542903146854253e-02 0
3.16644179499091460e-01 1.13343426778794082e-01 0
3.03499075514358452e-01 2.22978108894387583e-03 0
3.01676905254806060e-01 1.62687096024881697e-03 0
4.78605250361911372e-01 1.28145908750709886e-01 0
2.81258051229059669e-01 3.09788195091596948e-03 0
3.03681836781597603e-01 1.35080112193848006e-02 0
3.56613978597050185e-01 1.33802091159966219e-01 0
3.01539764015887723e-01 1.81773296609495779e-03 0
2.98535079693732885e-01 4.21990553270922952e-03 0
2.99227047768947596e-01 2.94576419248419320e-05 0
2.99558916594253044e-01 1.99553117741333884e-03 0
2.98487751473652807e-01 1.05784522564781008e-03 0
3.06643756994250116e-01 1.42477860364305224e-03 0
2.81795070549759719e-01 6.57136147492698719e-02 0
3.28903645683962909e-01 6.40027319814278767e-02 0
1.73874619414479653e-01 9.86986913464769910e-02 0
3.01313261280461486e-01 2.62812981032908627e-03 0
3.36106328261998877e-01 5.93637619135113995e-02 0
1.77089616033130781e-01 6.27809299269788262e-02 0
3.01605340613633865e-01 8.55229034215039324e-04 0
2.98020318764008585e-01 8.11162899717664232e-04 0
3.03367370194655039e-01 1.41269657524679786e-03 0
2.83504971627839497e-01 4.59600832361230713e-02 0
3.04100031746796062e-01 3.75943851677633346e-03 0
2.25312318898736069e-01 8.87946869974694936e-02 0
2.97970303185252250e-01 1.99682675795830045e-03 0
2.62276112594912958e-01 1.01896145169119101e-01 0
2.87496733126644644e-01 3.74314546216844221e-02 0
2.97419061464936518e-01 1.13793369282035647e-03 0
2.30113819289606142e-01 -1.21723463664839609e-03 0
3.80867065199786470e-01 6.29656420657828536e-02 0
2.89352077070148428e-01 1.43462675405967867e-03 0
2.99732971998133202e-01 2.36788531575132886e-03 0
3.64885971148582622e-01 1.01978823454119599e-01 0
2.96087180092677094e-01 4.74995096032902828e-03 0
3.20980618049452215e-01 1.78529638293209204e-02 0
3.34712595505129717e-01 9.47302485064721311e-02 0
3.32670252387036181e-01 2.41968663775071931e-02 0
3.01435966947808553e-01 5.65434722824753036e-04 0
1.99076973655948258e-01 2.23061663745415445e-01 0
3.00138221429538110e-01 2.13200462109133185e-03 0
2.98141166213818809e-01 1.21990870518524095e-03 0
3.19171374043790590e-01 7.82537956549885089e-02 0
2.56498951471727799e-01 7.95162221362133675e-04 0
2.90801790011459005e-01 1.85729909111334371e-02 0
9.17030163917486318e-02 1.55900962137407145e-01 0
1.37024592708441167e-01 2.16328368778966017e-02 0
2.77883834547372977e-01 9.87047365358975073e-04 0
3.06440796793776837e-01 5.50781806680746607e-03 0
2.55366318193885111e-01 3.98652628182165833e-02 0
3.23695027853343642e-01 1.08951075980236775e-01 0
3.01443889581805569e-01 4.97669298895415534e-04 0
3.04416222587216401e-01 7.90683386214478291e-04 0
2.99651455417123624e-01 1.40256270049665677e-03 0
3.94578419817313175e-01 3.51031201966620146e-02 0
2.98100158805015114e-01 4.96085318337104453e-02 0
3.04648377856000796e-01 5.18954028208744311e-02 0
2.41882348824676768e-01 1.54865430677864277e-02 0
4.92695200217917240e-01 1.31077792431481294e-01 0
4.00621480269693186e-01 1.64215605403791931e-01 0
2.54169034656273551e-01 2.22314253356162700e-01 0
2.20214190412548749e-01 1.07739414336297315e-02 0
3.97496126674145078e-01 2.53089293664568206e-02 0
3.01895120456104948e-01 2.55383829583064178e-03 0
2.91112738801035942e-01 1.44426823916785508e-03 0
3.01434879960150781e-01 6.59945410585793877e-04 0
2.96800295196995190e-01 4.88215597576091391e-03 0
8.55716343630300164e-02 1.97060082749332954e-02 0
2.97572521803513346e-01 1.52980451313561500e-03 0
2.97373276478205550e-01 3.33647864818389147e-03 0
2.98600076443259421e-01 6.70893459322436433e-03 0
2.96681943840785389e-01 4.29977370478375805e-03 0
2.84617682940303540e-01 1.91313707370413838e-01 0
2.98682626447823174e-01 1.47956258382755772e-03 0
2.90532945541455534e-01 3.22276293316207984e-03 0
2.45166210209104368e-01 2.51919433862422756e-02 0
2.67786392062667244e-01 6.58904639992131391e-02 0
2.91071220725561797e-01 4.39967021030984520e-02 0
2.94740637502183267e-01 1.72341351801825957e-02 0
2.51392108857576124e-01 7.48979739650368487e-02 0
2.97767375093504760e-01 2.95907002805488248e-03 0
2.36562497022449969e-01 1.56480219693592992e-01 0
2.97700850143101714e-01 1.68991644122647210e-03 0
3.04171240456345970e-01 1.39289516856465848e-02 0
2.96700119611420898e-01 3.72809929031949058e-03 0
2.89588349089159425e-01 1.64220241693146043e-02 0
3.02329826862789197e-01 5.92207438295758171e-04 0
2.94675982411066351e-01 4.22185751003906033e-03 0
3.00312341738312061e-01 1.16206883940910737e-03 0
3.34226958381313444e-01 6.30633791409020042e-04 0
1.32486005539087071e-01 6.57837718065646254e-02 0
2.26948684438616571e-01 1.11277515539376468e-01 0
2.98450284374180863e-01 4.20701553470666668e-03 0
2.98969844674604579e-01 1.29967851257401196e-03 0
3.41484266422169946e-01 3.18475397503695662e-02 0
3.09323220843525593e-01 1.62483962486537542e-01 0
3.57470147422586870e-01 2.58206969636746476e-02 0
2.77156897078198294e-01 2.94207206066793856e-03 0
2.99180093353418664e-01 1.93141215171641566e-03 0
2.97720415860881604e-01 7.52405715011819805e-03 0
3.37812372447162945e-01 2.11403734306276542e-01 0
3.54057831546084278e-01 2.36285229363484631e-02 0
5.24002575809225379e-01 5.77473909602164368e-02 0
2.96298135989812972e-01 4.28542664177178692e-03 0
2.94117767724906110e-01 3.01354122293461413e-03 0
2.80433517734705484e-01 4.63259521117183326e-02 0
3.01469113385661958e-01 1.84208292309989939e-02 0
2.97075562073617183e-01 1.38028881141456046e-03 0
2.91715219453047236e-01 1.61116544020336477e-03 0
3.21716432759985183e-01 2.94209570036880075e-03 0
3.01239641936996261e-01 8.11717795261427885e-04 0
3.01731882261766005e-01 3.74886033296881888e-03 0
3.00155666735486493e-01 1.41076921998411413e-03 0
3.01316435155711437e-01 1.92206117611195670e-03 0
3.09232899746282319e-01 4.64990969663110938e-03 0
3.05053765529656518e-01 8.34115314681447249e-03 0
2.22640436293533417e-01 1.45573485247636469e-01 0
3.59914404233133145e-01 1.72788720551183522e-01 0
3.00953806369258281e-01 4.77856818929455612e-03 0
2.99229232807486645e-01 6.58598430778555444e-04 0
3.02331044416405459e-01 6.60306157819983038e-04 0
2.91825355060852554e-01 3.52607156029960331e-02 0
2.73702152272298493e-01 7.44289624171402733e-03 0
2.98710961702810529e-01 2.38531103680178453e-04 0
2.72949926456578007e-01 1.19211969645677627e-02 0
3.28749628558265228e-01 1.37506777835173816e-01 0
3.05452196060188974e-01 1.55974121784185752e-03 0
2.88943533694147214e-01 1.67919077340686312e-01 0
2.49366387633731146e-01 2.32707376847775982e-01 0
3.00380801749929371e-01 1.59770171122794978e-03 0
2.97537621198068702e-01 7.90092727413101918e-04 0
3.23413633401998912e-01 1.53463226952338001e-02 0
2.99832554982747856e-01 1.61180374356487870e-03 0
2.41691185617019633e-01 4.41879632053896604e-02 0
7.26381143129731788e-02 2.62387615024917004e-02 0
3.08088164420131594e-01 6.09161275557124331e-03 0
3.11441086803365796e-01 9.33746122104013761e-03 0
2.27336335230595821e-01 3.93190777790305909e-02 0
3.44009370066634679e-01 2.17370596267272814e-01 0
2.95485813943385911e-01 9.87411420109599036e-03 0
2.68769647176655413e-01 2.54578514838687750e-02 0
2.94057874915253370e-01 3.78789720992922102e-02 0
1.96563492901908915e-01 1.12709527194765027e-01 0
2.65265947407795466e-01 4.66107686743188077e-03 0
2.69340313123709263e-01 1.88256327876104468e-01 0
1.75759192823746857e-01 7.22097147794772409e-02 0
2.95813530980818584e-01 3.73615970620837842e-03 0
3.95587642721163646e-01 1.10173897557494460e-01 0
2.99346206939941961e-01 2.03625763955999430e-04 0
2.87355534034895554e-01 2.51749511984335943e-03 0
3.04543714448986813e-01 4.15583743092098456e-03 0
2.98440318117134396e-01 3.68203884551517697e-04 0
4.52849657703544850e-01 1.33936148261949495e-01 0
1.36893662694325208e-01 2.02430752456891905e-02 0
2.93556806239693491e-01 2.60925761802551469e-03 0
2.72794549992120383e-01 1.21733810259575213e-02 0
2.94468011667710361e-01 4.96256990240709784e-03 0
3.01876459838914757e-01 1.12567679935334803e-02 0
3.11036524231618261e-01 4.89803959158624253e-03 0
2.84804127128579831e-01 2.89845484756609236e-03 0
2.61876583438410915e-01 2.44966020450688542e-02 0
2.98240432363528929e-01 2.05376566338477456e-03 0
3.48928074051444770e-01 1.59115736942183894e-01 0
2.69445334927588653e-01 7.92207257637142503e-03 0
3.04804222487221055e-01 2.19863876376242301e-01 0
2.79848328852786765e-01 4.94299378202732800e-03 0
3.66647708860629029e-01 1.42018734021655796e-01 0
3.11702392087766400e-01 1.65194821315523682e-02 0
3.01910130680222932e-01 3.27703957819403067e-03 0
2.98876941294258569e-01 1.01591760495861800e-03 0
2.99503215085120789e-01 1.17760531216588252e-02 0
1.97545960706823842e-01 2.17405037182387378e-01 0
3.01457307311469913e-01 8.16382820593744259e-04 0
2.98521006588091498e-01 3.32977158080613792e-04 0
1.51877199542936853e-01 9.50444686815691137e-02 0
3.00830652962209011e-01 4.23263169502855786e-03 0
2.70458388454681509e-01 9.39144415942728267e-02 0
2.93868561596655975e-01 1.11098999811602792e-03 0
2.92611299888155707e-01 6.60320907668423673e-03 0
2.98852311427513784e-01 9.46329054947568507e-04 0
2.65226756942205322e-01 8.50947941846359884e-02 0
2.88992177414307605e-01 7.81035296901152771e-03 0
3.03532480136611438e-01 1.14808648221009519e-03 0
4.03912180814181843e-01 1.35440445982291050e-02 0
2.98506112882222674e-01 5.54481683582026710e-04 0
2.97391145763201026e-01 2.52912790685234890e-04 0
2.50080804849528548e-01 2.75224903739166270e-02 0
3.02187047128110620e-01 2.01148301584745063e-03 0
3.01972435115497206e-01 4.75918205008303661e-04 0
3.61733094511020259e-01 2.96654549151884502e-02 0
1.41365745474169774e-01 -2.11611160062976401e-02 0
3.00668613666041751e-01 4.67105401615339720e-03 0
1.28144207506383334e-01 1.54080831604125446e-01 0
2.43112085421074320e-01 3.76077554187721000e-02 0
2.97040212030313777e-01 9.08941083890059094e-04 0
2.99208233356867748e-01 1.00815341691832074e-03 0
2.27454474287158065e-01 1.79185849718324991e-01 0
3.38671500470500042e-01 1.32635286784682366e-01 0
2.67362621935970601e-01 8.52715750586112431e-02 0
2.86135996495257505e-01 2.80622495457289491e-02 0
2.99046440884560172e-01 8.42343057541559363e-04 0
3.33339389915487450e-01 4.05846930010412069e-02 0
3.03222945422715273e-01 3.80238691713816299e-04 0
3.01123624246531274e-01 2.11395363203066263e-03 0
3.17515861102462882e-01 3.25653938581152852e-02 0
2.98491779161497384e-01 8.53458637211360527e-05 0
2.98603277296175529e-01 1.84033503256962367e-03 0
3.08999147458015211e-01 4.57280415471288549e-03 0
3.60479842549437324e-01 3.40973049390157421e-02 0
3.07307559413144971e-01 8.39520098926974274e-03 0
3.01376708107615077e-01 2.29559329458828244e-03 0
2.97555331900414055e-01 1.20240456071741680e-04 0
2.98726173162247532e-01 1.75515043781782065e-02 0
3.58650823596787904e-01 3.97916013574370134e-02 0
3.95895521221981572e-01 1.48514501516820493e-02 0
2.83666058309274605e-01 1.55163881007405156e-02 0
1.55730661228134448e-01 1.98156314349720364e-01 0
2.91059827310443719e-01 1.31141500518955484e-01 0
2.94251467652204612e-01 2.11345033156876269e-04 0
3.30406354806958569e-01 6.36909325839199042e-02 0
3.03173498667975549e-01 1.09699807890164831e-02 0
2.98235355177558004e-01 1.04356118479309746e-02 0
2.43023615649129332e-01 2.85679927051006831e-02 0
2.73185455458140547e-01 9.30803937720244834e-02 0
3.05083798607296286e-01 2.43568012171212428e-03 0
3.03516930237374194e-01 3.76483572690276380e-04 0
3.03989711850977284e-01 3.69946604057640226e-03 0
5.04440731737563652e-01 1.04367983817589313e-01 0
3.13220405609727248e-01 1.35406231456293491e-01 0
2.99571580717754526e-01 1.80412322561587530e-03 0
2.20293006729218199e-01 2.10747950432619957e-01 0
2.94657676876289742e-01 -7.25638180252166052e-05 0
3.00116916886523866e-01 2.06398811508640666e-03 0
3.04764680832709689e-01 9.28390114611667497e-03 0
2.96355258174399450e-01 5.80137349445976769e-03 0
4.71900468396091732e-01 4.03587790957770295e-02 0
2.98943221500281464e-01 4.49052195564904159e-03 0
3.00627942269173887e-01 1.12328042897539486e-03 0
2.94748448382373351e-01 1.65170693563625286e-02 0
3.07004114875986389e-01 8.74281157482655925e-03 0
3.13852055310926359e-01 4.68794000825117907e-02 0
3.29554650913668534e-01 2.73004187153151889e-02 0
2.20532947026050030e-01 3.11566150369262801e-02 0
3.12991709998782841e-01 9.79842959607243706e-03 0
2.88552631153299710e-01 1.04066877144105546e-02 0
2.97077614589732364e-01 3.82396335614950495e-03 0
2.23510732606678114e-01 9.91797608105362827e-02 0
3.01736456009732534e-01 2.33258673038939598e-04 0
2.99807703382240387e-01 1.69849518913481800e-03 0
2.92690623527748273e-01 4.08980852878107904e-04 0
1.56616903123840273e-01 1.94474816126654237e-01 0
2.99151850403275799e-01 2.33609217266320622e-04 0
2.92270894567648987e-01 7.26066152409249668e-03 0
1.06063297680538168e-01 1.72563397488439019e-01 0
2.80870323709370373e-01 2.27567714599768607e-02 0
5.17567848449375978e-01 1.50720355565766101e-01 0
3.01771796767886902e-01 1.24957292747250055e-02 0
2.36342206257407567e-01 5.93209923824395760e-02 0
3.21398130540815286e-01 2.31875827707450719e-03 0
3.00872735606185049e-01 1.23006798277099831e-03 0
2.62348194669366486e-01 7.54294056045654998e-02 0
2.85726269515124365e-01 2.05559087152028599e-03 0
3.33610930892914326e-01 1.92041893663565354e-02 0
2.78942116640440163e-01 9.19790244565650734e-03 0
3.14153280086107434e-01 2.59965187297008619e-02 0
2.87255060133237428e-01 1.65054928882191268e-02 0
2.06471730226804678e-01 1.63959504615901031e-01 0
2.60654342629860925e-01 1.52928239004693156e-01 0
2.81531074714035379e-01 1.80970765040982973e-01 0
3.12766315735779565e-01 5.44429097325320951e-02 0
2.99475475403959857e-01 1.52227625578633713e-04 0
2.98415678983101007e-01 1.26276895532139344e-03 0
4.45835085973217471e-01 1.41686084162931492e-01 0
4.70180580121920988e-01 4.92021434356620449e-02 0
2.58516370941073936e-01 3.13963676189668453e-03 0
2.98531907043165790e-01 1.94268588707947751e-04 0
3.64970716689702879e-01 1.20928858089554475e-01 0
1.92734186920737238e-01 5.60368809238447618e-02 0
2.87178132930517749e-01 1.86566022690460610e-02 0
2.92106528498562334e-01 1.96791766981438496e-03 0
3.01695658136173994e-01 6.62144941990700105e-04 0
3.04708158949202668e-01 1.72946447984454387e-03 0
2.98766423959083594e-01 1.07607623678697634e-03 0
3.00974320860811884e-01 1.08641521483212938e-03 0
4.05862649397851605e-01 1.06404244619453497e-01 0
3.05196848226152950e-01 1.49970150713712438e-03 0
2.93843595597233331e-01 2.19345383742704366e-03 0
2.82115914433146764e-01 6.53715581738232871e-03 0
1.98204737485569243e-01 2.11342978814004046e-01 0
2.98496208681580277e-01 1.41242205016777291e-03 0
3.28516417382521408e-01 7.34201796458875122e-02 0
2.98493009971010415e-01 1.39625733921452445e-03 0
2.92512657060818804e-01 3.97271556760338956e-03 0
3.28205825704409315e-01 2.18714840146316432e-02 0
2.72692681772960188e-01 6.55825423257384577e-02 0
2.58546379491458644e-01 9.26969417250666089e-02 0
2.09263978335313017e-01 -4.90037355592859436e-04 0
3.04340101589266998e-01 9.00023821989203408e-03 0
3.11056449445266614e-01 4.52828863142693550e-02 0
2.91450576866977951e-01 3.37991725041654825e-02 0
2.99064313769941248e-01 4.70911590769049551e-03 0
2.76281900992060458e-01 8.57195478110454601e-02 0
3.23040279422940224e-01 8.51022454224416303e-02 0
2.92237785301011299e-01 9.38703901859847477e-04 0
3.73659575769356322e-01 2.99756808484192699e-02 0
3.01334397939736098e-01 2.34755800631884217e-03 0
3.03868141946325609e-01 9.87388314230371392e-03 0
2.50140004828900531e-01 1.01324073581995439e-01 0
2.98516447764854642e-01 1.26281867006826625e-02 0
2.72978950034864169e-03 -3.34802551009283911e-02 0
1.60025817990689545e-01 1.31798751367899730e-01 0
3.64497210555953854e-01 2.67955760864656001e-02 0
2.24284044536470606e-01 6.27049457167453382e-03 0
3.27305006040110424e-01 4.02932225530206051e-02 0
2.91872408784561999e-01 6.59465923948514277e-03 0
1.20827943038272823e-01 1.53471142875355876e-01 0
2.88124399410811693e-01 3.19325196403921069e-03 0
1.73732110386520644e-01 1.05559760936734914e-01 0
2.94261443443603721e-01 1.01457191575141936e-02 0
9.84565321984742919e-02 1.51630086873629805e-01 0
1.60532847882702334e-01 1.53471973668044437e-01 0
3.03609531784442277e-01 2.30233680885869110e-02 0
2.98173408751580327e-01 2.96451346583201381e-03 0
2.25063271338441007e-01 5.81073354433953373e-02 0
2.98097402232675834e-01 6.41632398855065240e-04 0
2.98862876765416063e-01 1.38695203188328171e-03 0
2.94049851906373561e-01 9.49984397659040664e-03 0
2.96322568092562355e-01 4.37306932266620446e-04 0
2.96094859965574886e-01 1.53583894897130441e-03 0
2.98649321660076794e-01 1.68572191890892335e-02 0
6.93630147622447714e-03 5.76398478170964748e-02 0
1.44510570927068094e-01 1.03546879331573236e-02 0
3.39947696618978001e-01 5.30871430649394391e-03 0
3.86416989823423707e-01 1.28886875319229544e-01 0
2.99783620306040555e-01 2.32997485231550578e-03 0
2.56710075655098235e-01 2.14630275793685002e-02 0
3.01297869442456456e-01 2.95211428051885385e-03 0
2.91716594615782920e-01 3.58349622533418732e-03 0
3.94390222533225865e-01 1.93018199659368422e-01 0
3.00869130478265301e-01 1.67936594475986923e-03 0
2.79772148916249574e-01 2.28760291890733013e-02 0
3.62228253175333748e-01 4.60995623961415885e-02 0
8.49835530434162184e-02 -1.97164166266959075e-02 0
4.97834906819503320e-01 1.10855886404805148e-01 0
3.33208238434503645e-01 1.83176125416897526e-02 0
3.10065876219450309e-01 1.69942241810237260e-02 0
3.06192710947033042e-01 3.34183222688951079e-02 0
1.41274046818423288e-01 1.12939032455554020e-01 0
3.80240697292747010e-01 1.35468456999646630e-01 0
2.98975898359979009e-01 6.01320884685841838e-03 0
2.67846500147655819e-01 1.80420166048564055e-02 0
3.01503464896838214e-01 7.59030186830658639e-04 0
2.99364786667549565e-01 6.55729435203164708e-04 0
3.05636013004417950e-01 4.76997098789794412e-03 0
2.70874550437378014e-01 2.53936272845873201e-03 0
3.01749225771767215e-01 5.58407596068753406e-04 0
2.97521760846496119e-01 4.57772547221086648e-04 0
3.78631192256084076e-02 1.01960315561585343e-01 0
3.99800073120951560e-01 9.31020899252237438e-02 0
3.02015439424251075e-01 5.41938890757673059e-03 0
2.88303212933193220e-01 6.18173858222959213e-02 0
3.55292660825478057e-01 9.02962780753817224e-02 0
3.60245964433231758e-01 2.12553538489775151e-01 0
3.01898713841274813e-01 1.04156950904587273e-03 0
3.06547289068229645e-01 8.15699115947288861e-02 0
3.72583442560869213e-02 1.01072883283794893e-01 0
2.98746902527802061e-01 1.06281281661080242e-03 0
2.97669848851524366e-01 5.04989284871103505e-02 0
4.26434006587326553e-01 1.48658723486761041e-01 0
1.77011785915602377e-01 9.44050261773246580e-02 0
4.11559117671887909e-01 1.58922066331361439e-01 0
2.88226583526714986e-01 7.77216480346929785e-03 0
2.97728317431157241e-01 3.41034925087800068e-03 0
2.99287316992435271e-01 1.01420520661196639e-02 0
2.99361685930218113e-01 3.12022635532891758e-03 0
3.05510017845014581e-01 2.45948896931304966e-03 0
3.00273732140476313e-01 3.71106339310163817e-03 0
2.99992550324488128e-01 1.19270099258405259e-03 0
3.03029199745309008e-01 1.79164928282391292e-02 0
3.26276431936679490e-01 2.58942894880972961e-02 0
2.28433706940045833e-01 1.18994671193491594e-02 0
2.96827033432721876e-01 1.68282816495534705e-03 0
2.98003740437604581e-01 1.15298812053323774e-04 0
3.02370945621054044e-01 2.48016825343281774e-03 0
2.52134016706611064e-01 1.62970236795784325e-02 0
4.38659550749430305e-01 1.20758992000639900e-01 0
3.53784819350641322e-01 1.10178214611286407e-01 0
3.88790232905708355e-01 4.54993122924959095e-02 0
2.97788493904590168e-01 3.10303907849232563e-03 0
3.01577284375894372e-01 8.95590875534000913e-04 0
2.83570198979920529e-01 9.45617985105018551e-03 0
2.99569512876178001e-01 6.69842893508055658e-04 0
3.50552537043014922e-01 1.64414889834765092e-02 0
3.13963016290817243e-01 4.46311600337497612e-03 0
2.54582637309939352e-01 2.50761938048681299e-01 0
3.02926980512642385e-01 2.14704783264499273e-02 0
2.39418456481157893e-01 6.98782193793252293e-02 0
3.85166882171524005e-01 7.32261786943181336e-02 0
3.00940612622317916e-01 1.86344570137279017e-03 0
3.45384261413040961e-01 1.15758995959266905e-01 0
2.67026099416595719e-01 2.50709033158072955e-02 0
2.98115988296408396e-01 1.30699524450196016e-03 0
2.96360947962093946e-01 5.32614380853054740e-03 0
2.37065295328734021e-01 2.86847215611947363e-02 0
3.84144370062736495e-01 1.16719389404985580e-01 0
2.98618166714429256e-01 3.30627766226631453e-03 0
2.81401159193541917e-01 1.00880317896140936e-02 0
2.98686303744631843e-01 2.39216783387166503e-03 0
3.01920269200800007e-01 1.22436757132745135e-04 0
3.02790188847821717e-01 2.04631342285471084e-04 0
2.93812616027042117e-01 1.24640773153942754e-02 0
2.50163062594535079e-01 2.39346828776234900e-02 0
3.04444799430313162e-01 5.46153233853790502e-03 0
3.21819004988755153e-01 5.47560954929071034e-03 0
2.98146295964772046e-01 5.84964893730833689e-04 0
3.00807777144457666e-01 3.07722001898337073e-03 0
3.13423366967615191e-01 1.44765278057020063e-02 0
2.74548969215343885e-01 6.85896181630237401e-03 0
3.08272984913863124e-01 8.15270597468601213e-03 0
3.09259764078870347e-01 2.79156189555912091e-03 0
2.99761295711221787e-01 1.92257725981593696e-03 0
3.01554852641685855e-01 9.93924066557082958e-04 0
3.21600036099624287e-01 6.72252158393838069e-03 0
3.34909100155561801e-01 5.13840359654504780e-02 0
2.99028411015470508e-01 1.54221067611289876e-03 0
3.13821072224318487e-01 5.11559539049930012e-03 0
1.25841639304637126e-01 1.05083525744658388e-01 0
2.97961598243513537e-01 3.85065008126581326e-03 0
3.02185647506976574e-01 4.26954629900835165e-04 0
3.01548419057729000e-01 5.54151768620176417e-04 0
2.99938106641680413e-01 2.02931936708439188e-03 0
1.13480914819347703e-01 -5.98905731430519287e-03 0
2.47467585704542387e-01 1.75041131149434120e-01 0
3.04364683880586739e-01 1.03251540435025050e-02 0
3.27584745920979692e-01 2.09294140050178129e-02 0
3.48602046781788022e-01 3.93805084329480887e-02 0
2.99302048907012397e-01 1.38797034115913684e-03 0
2.99431685311827733e-01 1.51546235227165279e-03 0
2.43082341447019956e-01 1.24747266379865249e-02 0
3.28111052284227322e-01 3.00520370654198225e-02 0
3.16257755904307158e-01 5.37851998879934207e-02 0
2.99142841374991253e-01 1.35766557491056542e-03 0
3.06731968731236815e-01 6.24612736924153294e-04 0
2.73460226067197387e-01 4.31414242689956342e-03 0
2.80337967838623470e-01 7.93622732658705136e-03 0
3.92161442066779387e-01 3.58910283470095376e-02 0
3.01420304362084612e-01 1.00233042085263405e-03 0
2.96978251572492857e-01 1.57374700754866585e-02 0
2.89429700730550632e-01 -2.49688052281436910e-04 0
2.98472122046876231e-01 3.82708736816400217e-03 0
2.92602910553887707e-01 3.71017278288664817e-03 0
2.98008619346158299e-01 1.13632678349355181e-02 0
2.79393479442203496e-01 1.26198239619352282e-02 0
2.72969316739613388e-01 1.85633434890518575e-02 0
2.98616808864596184e-01 6.50583880971545241e-05 0
2.09788267443207194e-01 4.13107243046886077e-02 0
2.93982709068168979e-01 2.24249402755318569e-03 0
2.37382206594689754e-01 1.10047781750791957e-02 0
3.36200029853527094e-01 1.20589978452307886e-01 0
2.98901687395367766e-01 3.07369944305542096e-03 0
4.21845164495295133e-01 9.79144915229192003e-02 0
3.00782396706999522e-01 1.78043802998179078e-03 0
2.99562085437559023e-01 6.67531372513719161e-04 0
3.30698160985196277e-01 4.40250006556538245e-02 0
3.05084131839272021e-01 1.26647299070298241e-02 0
2.97982648374516490e-01 1.27388622208983969e-03 0
3.20077626669697468e-01 1.19022024843387884e-02 0
3.00968077968551462e-01 1.10251302076009119e-03 0
3.08459388788118516e-01 9.57174017743657284e-03 0
2.96168636110259786e-01 1.52981397309759890e-03 0
2.96563068430371390e-01 2.61403596474579585e-04 0
3.00565180403213617e-01 1.66121516638697633e-02 0
2.98018453130184269e-01 1.48187142769790146e-03 0
2.96417237012753576e-01 7.50188407200762957e-04 0
1.14396618434624328e-01 8.91373919834267670e-02 0
3.47469683142770935e-01 8.38028993478077133e-02 0
2.67505002515237233e-01 1.79310632672935559e-02 0
2.97790118184891150e-01 1.17453808648282647e-03 0
2.95791996524434442e-01 1.86600112840137715e-03 0
3.06219788039537588e-01 5.14802220238017721e-03 0
2.79089329379374473e-01 3.33666362151788520e-02 0
3.02069271513954685e-01 2.28647841934795674e-03 0
2.93167502291312720e-01 1.40151718528306168e-02 0
1.14686995652924270e-01 1.62992519858093737e-01 0
3.00833906194451495e-01 1.10192135611488461e-03 0
2.86052367876746538e-01 1.74700976725016628e-03 0
2.93933703062484175e-01 3.41341046983635599e-02 0
3.00523028070129761e-01 1.17645353418237178e-03 0
2.65010476669782225e-01 1.75950026981623375e-01 0
2.99915147570673557e-01 9.10840713805125359e-04 0
3.00637903407129647e-01 1.72557659586294841e-02 0
3.67530580359801518e-01 2.19511156376250363e-02 0
2.17957487279257539e-01 4.72436886624753999e-02 0
5.23338542425982545e-01 1.40982014817298690e-01 0
2.85571974753421109e-01 1.14808297678967077e-02 0
2.62979768419629945e-01 1.64459046664805625e-02 0
4.82589374664989801e-01 1.18068813854399643e-01 0
1.42581144349894912e-01 7.65943671784045516e-02 0
2.08049115626703390e-01 1.16779987536941396e-01 0
2.99879651557846738e-01 9.70601600257261403e-04 0
2.81765176368367509e-01 1.50985437511815552e-02 0
3.01673883234414297e-01 4.38327930475916551e-04 0
3.05223755271381680e-01 3.38436190164640507e-02 0
3.12520922469571416e-01 2.87986764193677710e-03 0
2.98441464114187316e-01 8.45428726368054420e-04 0
3.07649017839496719e-01 7.66451920933521654e-03 0
3.12260544164705556e-01 5.03827428825781506e-02 0
2.50198968202800853e-01 5.78235657814969578e-02 0
2.51367603875401358e-01 5.81758444561709595e-02 0
2.98342751744183454e-01 6.66718437946814402e-04 0
2.90035892094862524e-01 4.19671884716916743e-02 0
2.99500900623596633e-01 2.38387896357857411e-04 0
2.90719968432255671e-01 1.21784564631479436e-01 0
3.02887235935470955e-01 2.73887668810810858e-03 0
3.24799216141321956e-01 2.74375828605301249e-02 0
3.18856424498189184e-01 1.41239061847634809e-02 0
2.97072504855699748e-01 6.60720619971810839e-03 0
3.18912362951763617e-01 4.81277766247506424e-03 0
3.00120412934470726e-01 2.77634584068652381e-03 0
2.83995030079153110e-01 2.50586938622658524e-02 0
2.95629502140399680e-01 1.06529289916201114e-02 0
1.41689928898735745e-01 4.62209126187067276e-02 0
2.97603571060540140e-01 7.77120858710432039e-04 0
2.69405418812146524e-01 3.81181063766644138e-02 0
3.01223805345827489e-01 1.67490022453400662e-03 0
3.02985764626498566e-01 3.85309593025946195e-02 0
3.01543536498313336e-01 4.20538468289636310e-03 0
2.35981352407699213e-01 3.65535723192881370e-02 0
2.85399476501548899e-01 2.49255071369318335e-02 0
2.99432341513726719e-01 2.65050275167361083e-03 0
2.99016358571534357e-01 4.46809952517739052e-04 0
2.96316412406542107e-01 9.84022107728500578e-05 0
3.61041194900801277e-01 7.52528070068738952e-02 0
1.84839181722059570e-01 5.27256457999669900e-02 0
3.07156568983498190e-01 6.41568799438478870e-04 0
2.97224021734988464e-01 4.91228581293324477e-03 0
2.96440223264387015e-01 7.76880722821812891e-02 0
2.89540763450245098e-01 1.04474841316959943e-02 0
2.12647244521575352e-01 1.16686550493943469e-01 0
3.96206967025755197e-01 2.37456418190612924e-02 0
3.00173245147070056e-01 1.16225746645290460e-03 0
2.24222942225531990e-01 9.09329982239411305e-02 0
2.93103644228994487e-01 1.93540542357890184e-03 0
2.98057782022977780e-01 1.05079661295403052e-03 0
4.07204364146219300e-01 8.65416475979696453e-02 0
4.10811737834458901e-01 7.98951325618507541e-02 0
3.00696893963739775e-01 3.99766726282495440e-03 0
3.01270719117382124e-01 1.61694075407094943e-03 0
2.02054214848408215e-01 6.24976490310430177e-02 0
2.98778832387793847e-01 1.62140402018388029e-03 0
2.99576527586377706e-01 5.30714409208646299e-04 0
2.99038576583025795e-01 9.80223483607686220e-03 0
3.65605769259382873e-01 4.92597519896566319e-02 0
3.44962213976310939e-01 8.10995204780412121e-02 0
1.77774429609085821e-01 5.18329473695233120e-02 0
2.34423788243172837e-01 2.63103647352403054e-02 0
2.94432463366277430e-01 5.08365869423083559e-03 0
2.80908448969143465e-01 1.63798011646718311e-02 0
3.20541346046514464e-01 1.05549903235061977e-02 0
2.97086681996349578e-01 7.12538281922560270e-03 0
2.69966043352211305e-01 3.30629525355011569e-02 0
2.94385443787517631e-01 3.47422170434874070e-02 0
2.82213290818682683e-01 5.16224304229209591e-02 0
2.65343238772329237e-01 2.11294827552041230e-02 0
3.51235586991886284e-01 1.06688165017391798e-01 0
2.91840630663760980e-01 1.12916315905323486e-02 0
4.13266201846622383e-01 1.01850671013931568e-01 0
1.68927579664880839e-01 4.57015921385448276e-02 0
3.04582286708764249e-01 2.27741596319204964e-03 0
2.87264780501834682e-01 5.75834043900755946e-02 0
2.93222457316943186e-01 1.81595625656197808e-02 0
2.99511147304030889e-01 1.36203244168183672e-03 0
3.21434212218466187e-01 8.94189616104031082e-03 0
2.87446205439262414e-01 4.35637986538360902e-03 0
2.98389324425618219e-01 1.35372526322306326e-04 0
3.10945550774437196e-01 1.57748677479932105e-02 0
3.50609338839831641e-01 3.03971170983761384e-02 0
2.93169709163346892e-01 1.26023036364126158e-02 0
1.45837057826893157e-01 1.34763664262229164e-02 0
3.00815216073121061e-01 1.47893832432818319e-03 0
3.04356644295855017e-01 3.99602900000655455e-03 0
2.98660307342452747e-01 2.63972465524349833e-03 0
2.99370596810228151e-01 1.86491178595832156e-03 0
3.00518751802956341e-01 1.21355410283653610e-03 0
4.43401819643958139e-01 7.48854644916424894e-02 0
2.63850092414552928e-01 3.92008684831919169e-02 0
2.83015584336680226e-01 5.22835522481071777e-02 0
2.72495890271793162e-01 4.90043695376319536e-03 0
2.94428446679803557e-01 4.04983804503400349e-03 0
3.00891578033151086e-01 1.18357177385621675e-03 0
3.00017646192832332e-01 2.67432960221112345e-03 0
2.81001140117721260e-01 1.03859789191395532e-02 0
1.30164625036314763e-01 1.00239026044586288e-01 0
2.98838451612099543e-01 7.88549802654823530e-03 0
2.82324967458760068e-01 2.40015012272745437e-01 0
2.98818794969641588e-01 7.48781760600668572e-03 0
3.01283621480484376e-01 1.28013417678808422e-03 0
3.15012841071072580e-01 3.42388427068322787e-02 0
2.92743967821710138e-01 3.04337647836676513e-04 0
2.65123802789296092e-01 4.16416578840006352e-02 0
5.35135866042671590e-02 1.15493116641484081e-01 0
3.02309742515025126e-01 1.02556868374186049e-02 0
2.40857293109033588e-01 1.76847368769295438e-01 0
2.62684189058114470e-01 1.72051396878052876e-01 0
4.18060588797534161e-01 9.76890840567749552e-02 0
3.00258228808524152e-01 3.99475674621261531e-02 0
1.18233632540746952e-01 -8.12985434783942799e-03 0
5.42123020855529547e-01 1.25246907282225317e-01 0
2.97714186791354085e-01 7.95445024272736778e-03 0
2.98588425188821727e-01 7.60993943259769294e-04 0
2.97545353524813150e-01 4.20564821150369410e-03 0
3.08949481404445891e-01 3.81555370134197963e-02 0
5.55767995490567129e-02 2.65201933164715270e-02 0
2.34340094449343284e-01 1.77292054045907338e-01 0
3.70071955452470402e-01 2.85757618078220366e-02 0
2.97131014847826003e-01 6.51503952738356068e-03 0
2.95038117655677834e-01 3.51285272389271867e-03 0
3.04424164429404731e-01 4.05930731199496877e-04 0
1.41612553082307691e-01 2.11912582870972588e-01 0
3.67322809468246803e-01 1.65595789017934612e-02 0
2.95305633448312899e-01 1.70673098337226475e-03 0
3.82361941409784856e-01 1.80426323634687136e-01 0
3.01008712726443750e-01 1.96314529416932683e-03 0
3.00597036686170327e-01 1.13646615670952907e-02 0
2.99223293056393169e-01 2.49051332849487602e-03 0
1.81324420983034834e-01 1.65785227269002015e-02 0
3.67751284399142286e-01 1.54909769286513035e-02 0
4.79121434307179683e-01 8.42351343309392098e-02 0
3.09428915498894397e-01 8.45764824999121166e-03 0
2.36408171900297059e-01 1.89608999843254911e-01 0
3.02189357622796584e-01 5.02572960813072508e-04 0
6.65718260036655823e-02 6.72772318692533705e-02 0
2.96242479346249699e-01 7.27461432224778341e-05 0
3.11959167313715313e-01 6.24646357096121825e-03 0
2.89952317777022073e-01 1.07705591855687850e-02 0
2.94928732445606634e-01 7.24545344305627392e-02 0
2.90130950403253984e-01 4.81817094875213112e-02 0
3.11362932079796040e-01 8.07256726172959072e-02 0
2.86039349999296477e-01 6.42091429431246481e-03 0
2.80163303963328281e-01 4.46400148590996287e-03 0
3.00961853624726161e-01 1.59696858112439062e-03 0
3.01310348307426035e-01 1.19465893913107859e-03 0
2.49763981364344356e-01 3.76244996979076471e-02 0
2.76314353183472416e-01 5.48568907490877382e-03 0
2.64797921592083096e-01 1.50316836660772564e-02 0
2.98059768245222068e-01 7.01288406368048395e-05 0
2.94984283967190342e-01 3.80684159358467625e-03 0
2.97524188434133752e-01 4.52181009313804179e-03 0
2.97295627906429216e-01 4.86166792208409578e-03 0
2.81284965840566892e-01 6.22083715082445421e-02 0
2.97846611052368315e-01 1.70593706204180424e-03 0
3.00101410264205060e-01 3.45066940146821627e-03 0
2.99588596658977302e-01 8.31829294135199237e-04 0
2.99342282735585774e-01 8.60770020395086296e-04 0
1.78585941941939053e-01 8.38653180345763360e-02 0
3.76332515971986858e-01 1.30625227009847245e-01 0
3.19947633713874136e-01 1.45192740456383168e-01 0
2.95556136148587334e-01 4.53879852160087147e-04 0
1.85366171838627886e-01 1.44154882173263034e-02 0
2.94307881087710055e-01 1.84394036716402083e-03 0
1.49586320160401548e-01 6.95518140482044439e-02 0
2.98624562899092116e-01 2.86126980439704252e-03 0
2.82031714950049417e-01 5.32944364096452766e-03 0
3.06784207823490696e-01 4.62484852627228094e-03 0
3.01929996271157519e-01 2.49334793839847257e-03 0
2.98501056372187490e-01 3.32855920468999329e-03 0
2.96372092651281172e-01 1.68167147693135434e-02 0
1.63697958899563623e-01 1.20928844098630611e-01 0
4.20060213762963930e-01 1.44501317852905431e-01 0
4.21799166594829855e-01 1.14944396609466495e-01 0
3.01444325774258171e-01 9.17646299986691239e-04 0
2.95177421289023856e-01 6.84661133083888781e-04 0
2.97798975025546586e-01 7.03418744582303898e-03 0
3.76122434383387327e-01 6.81083966261588625e-02 0
2.95336621823367285e-01 8.18036652568904926e-03 0
3.00956602378198323e-01 1.38452402184888884e-03 0
2.97964925037051853e-01 4.64980026557014058e-04 0
3.00766465820852980e-01 1.18169627036290707e-03 0
3.11601545303165306e-01 3.92023566875239916e-03 0
2.68456634815914919e-01 2.77763169756652366e-03 0
3.54695116370103369e-01 3.79433012000488443e-02 0
3.21482380614311725e-01 1.86359283991939462e-01 0
2.92787428371986014e-01 3.08116587963930648e-02 0
2.96438250082254273e-01 1.65898509353161278e-01 0
3.10095347066697002e-01 3.94825254556809609e-03 0
3.16760841172441632e-01 2.79280808114447110e-02 0
2.98815687130359109e-01 4.25007781211011453e-05 0
2.76218250630529849e-01 2.39017411847460698e-01 0
2.94462686678474694e-01 2.41347203579252373e-03 0
2.92753474812002257e-01 2.24508488620355807e-03 0
2.32506309220258556e-01 1.46973736790883214e-01 0
2.97224492523352479e-01 1.04901077136942272e-03 0
3.01773530558992420e-01 5.11625266138103496e-03 0
2.98411681695913422e-01 9.13986917206043199e-03 0
4.00280418372262747e-01 1.51820616166431249e-01 0
2.86634030245046800e-01 -6.83124641088145149e-04 0
3.01318272517335672e-01 1.52383621887604466e-03 0
1.91016524570511215e-01 1.11263575842988835e-02 0
4.67974871268683035e-01 5.64838102670679465e-02 0
3.00547003623220121e-01 3.87341277961208031e-03 0
4.07099413198243054e-01 3.66036977971297001e-02 0
4.42603307651462885e-01 1.15732807354287523e-01 0
3.02216973849403547e-01 2.06946205417789936e-02 0
3.02705555408068372e-01 6.04077087995650783e-03 0
3.05508157326577989e-01 1.11877771651918171e-03 0
3.13334013976539705e-01 2.55742758345457802e-02 0
3.02115889929007564e-01 5.43619961331228904e-03 0
2.79237696212298769e-01 3.06284301064997551e-02 0
3.06213419550326105e-01 9.27344343067406165e-03 0
2.97159775030003404e-01 1.41153917000000568e-03 0
2.98997584290073448e-01 5.52250352255743288e-03 0
2.41630684503074011e-01 3.87779468372856221e-04 0
3.00973502015731087e-01 3.74036859269628571e-03 0
2.73386550308981291e-01 4.28560198831049524e-02 0
2.98282724244512631e-01 7.23608176140028820e-04 0
2.73628588451911847e-01 1.57254576807004600e-03 0
3.39821913329315717e-01 1.51726749564367075e-01 0
3.01379597691066536e-01 9.69741736389778133e-04 0
3.01057588494084927e-01 9.10818129861153992e-03 0
1.60052918945762429e-01 1.74582450116915922e-01 0
3.07470243025673773e-01 6.76194960052073834e-04 0
2.94798417292461257e-01 1.49916885209320258e-03 0
3.03725453862384587e-01 1.51744802545905385e-02 0
3.18312244715967863e-01 1.10832135464599951e-02 0
2.98926762347741293e-01 5.10496345050928668e-03 0
3.01716209584133699e-01 2.77046271352704660e-04 0
3.00396838712847891e-01 4.39601710420243954e-03 0
2.87157178866957130e-01 5.31372849832220835e-03 0
3.80490949698718994e-01 2.36395405134732201e-01 0
3.84524404326436364e-01 1.39173830330755494e-02 0
2.42358024805326200e-01 1.43652256398130757e-01 0
2.79833910947119013e-01 4.56293485088889034e-02 0
3.85988961917181572e-01 1.02185386766750222e-01 0
3.58507626071551788e-01 1.74582013988024663e-02 0
2.97376056019793333e-01 9.35240696566964316e-04 0
2.82200134781244005e-01 2.26841631601050198e-02 0
2.50723963904999625e-01 1.95113799462479712e-02 0
3.03265029637845906e-01 1.68123312416939901e-03 0
3.43919981119054474e-01 2.76409235812956830e-02 0
2.98669906649310646e-01 1.12843521510116607e-02 0
2.85076349440245180e-01 5.82092812544389611e-03 0
2.74225342611849110e-01 -4.96472443495318350e-04 0
3.36629211173215870e-01 1.54283236837081034e-01 0
3.44392634838778744e-01 9.77519780096384044e-02 0
2.88014748319552594e-01 1.03227094299284169e-02 0
3.45873118652773925e-01 1.59753612004207429e-02 0
3.02545102726395398e-01 1.59879792698300327e-02 0
3.67560030362166112e-01 2.09501536171923325e-01 0
3.00337536973113217e-01 1.27294587936626789e-03 0
4.13883612313750482e-01 1.22719460927141560e-01 0
3.00939454388268579e-01 1.62885321144492362e-03 0
1.60864247494222401e-01 7.83425179984028885e-02 0
3.11247862392076302e-01 3.64375022865687584e-02 0
3.00582305746506906e-01 2.32579745181885761e-03 0
2.92407106543182971e-01 4.20348830944614494e-03 0
2.94596366925257425e-01 2.48638253485202777e-03 0
2.81545437479085947e-01 6.13200816728181729e-03 0
2.95301237630311519e-01 1.40951082149572814e-02 0
3.31579171824141705e-01 2.35385030109783906e-02 0
2.89267188822168175e-01 2.33385929491698079e-03 0
3.02573941936569779e-01 6.19651766054178221e-03 0
8.93601935501929512e-02 -9.20189205275356858e-03 0
3.01568987841339675e-01 2.94689461014929950e-04 0
2.93173879039527685e-01 -6.85494780358713283e-05 0
3.01148200967103818e-01 1.76823151771234098e-03 0
5.57108538795770158e-01 1.01854241618853023e-01 0
3.03517601535942261e-01 8.85523244579915930e-04 0
2.95263258497780623e-01 6.67668856283837732e-04 0
2.99526442205213905e-01 7.25819244951097977e-03 0
3.09534513721258675e-01 2.13769358924198330e-03 0
3.23254643302795075e-01 3.02707089572813032e-02 0
3.04686654779198429e-01 1.49257942284397958e-02 0
2.65255360355044933e-01 2.48597651041787202e-03 0
3.00552892345654243e-01 1.34618790517853672e-03 0
3.05146355887182030e-01 5.47307100014233876e-03 0
3.05735667710377523e-01 4.39744196785795891e-03 0
3.11449566404227496e-01 6.14882379554975832e-03 0
2.73916841142400003e-01 1.63398865638460858e-02 0
3.00524483826300925e-01 2.26871173259362152e-02 0
2.51781072570090303e-01 1.85832720357815062e-01 0
3.61163684374187166e-01 9.66119697619662876e-02 0
2.99201316339243240e-01 2.29910454560346275e-03 0
3.02190361211833847e-01 4.64208074350409405e-03 0
4.23814015414434475e-01 2.10877433544111759e-01 0
2.97391608518934925e-01 2.48892470101856819e-02 0
2.96963851784869060e-01 4.67670037642880787e-02 0
2.98403787994857839e-01 6.18173139867979251e-03 0
2.99359729031041355e-01 1.10364701251677204e-03 0
3.24966856834648044e-01 5.94129171601632533e-02 0
2.94249558618918994e-01 7.81589265578242799e-03 0
2.13394825138078725e-01 9.31671123613878570e-03 0
3.05031772105290644e-01 1.49552959806457230e-02 0
3.07418114196073400e-01 7.21839094458852967e-03 0
1.90637986436920870e-01 1.13143544212164660e-01 0
3.58664679661164942e-01 1.95779918485676288e-02 0
2.99612371707252079e-01 1.02747995337060922e-03 0
1.75202672982878088e-01 2.58696658491118121e-02 0
4.84993182920912591e-01 7.31593645863201358e-02 0
3.02102771317735552e-01 2.24723876577785165e-03 0
3.08188594998628829e-01 1.57517696842397435e-02 0
3.00757321484792339e-01 2.19872408349572118e-03 0
3.01536552082429465e-01 1.21759236486578076e-01 0
3.00277054428824630e-01 1.59255120499861950e-02 0
2.33521639140084752e-01 4.94672987846341092e-03 0
3.76944748640228644e-01 2.20699924771170203e-01 0
3.25428069393942532e-01 5.73586169253712461e-02 0
2.73811030751855811e-01 4.31957033078188349e-02 0
2.99064946722336134e-01 2.14850935146892628e-03 0
3.02688650723366537e-01 1.21683553769748008e-02 0
3.99923664602858830e-01 6.82302240497494605e-02 0
2.96757688716376533e-01 1.37644322675518969e-03 0
3.12793605847355272e-01 1.48451083592275775e-03 0
1.98932441250310732e-01 4.61139128906607118e-02 0
2.88623877739583090e-01 5.97391022724456933e-04 0
3.16652009656916256e-01 3.72751987671883674e-03 0
3.74279852433915983e-01 2.37837376981022697e-02 0
2.83377287604285877e-01 4.04865214989535635e-03 0
1.62531805167716342e-01 1.72053510813307553e-02 0
2.94448329927037233e-01 3.63128129780252839e-03 0
2.92939304447793536e-01 3.31954730455351994e-03 0
2.96105567463203545e-01 9.91090565687906440e-03 0
2.99554563226753390e-01 4.43680358731606873e-04 0
3.02094322996691367e-01 2.49894864124496638e-04 0
3.51399660226486998e-01 2.95013760821282896e-02 0
3.09489780858445196e-01 1.47485432313312192e-02 0
3.08388137598481493e-01 3.19557797534110732e-02 0
2.98965379079990934e-01 1.71855708702211077e-03 0
2.91712289003724812e-01 1.04814657047049443e-02 0
2.61874690006669575e-01 1.27807493648905035e-01 0
2.88565955090627269e-01 2.18830574867223508e-02 0
3.04683433192699804e-01 3.51957404509897851e-03 0
2.72345201028431572e-01 7.50482951491781322e-04 0
2.31332868517901330e-01 2.11181711671539971e-02 0
8.78243122664456033e-02 -9.98577845468161078e-03 0
4.98456908769120410e-01 1.70177923595396435e-01 0
2.89867578507855161e-01 7.17113843389717825e-03 0
2.98790885323037103e-01 8.91764153961124156e-03 0
2.52932893598816599e-01 4.23397685787952997e-03 0
2.84258838790143076e-01 7.64264223219260092e-03 0
1.43128956094059262e-01 1.14060278717232053e-01 0
3.01525512967656339e-01 2.04361355224871779e-03 0
2.84979759914569086e-01 1.12128097540044783e-01 0
2.97577452275047505e-01 1.27036497747634114e-03 0
3.05414577480089655e-01 8.85480664009302004e-03 0
3.01558167481149886e-01 3.58072997778967762e-04 0
3.01416559953428087e-01 1.70670175665252766e-03 0
2.99771514106720538e-01 7.45761930379739780e-04 0
2.98223481042673044e-01 1.12208216895538630e-03 0
2.83283669519003967e-01 1.93574273384699712e-03 0
2.95653425323092134e-01 3.92660211916606738e-04 0
3.66168482457151612e-01 5.78036339404122620e-02 0
2.97071091952872068e-01 7.33869255238245050e-03 0
2.77934201558264093e-01 5.47986935074668349e-02 0
2.86032649076230383e-01 3.41240678064160044e-02 0
2.97232029287416488e-01 5.35751322910315349e-03 0
2.87001375271184744e-01 5.15694824839499424e-02 0
2.95681740783568348e-01 1.37851954011602063e-03 0
2.95424332194451300e-01 3.69429744614171345e-03 0
2.42391636111671721e-01 1.50880321516714535e-03 0
3.16450528992347546e-01 7.82405885984120697e-03 0
2.92951099182341024e-01 7.19218451415634501e-03 0
4.16571495491939281e-01 2.15505968011390714e-01 0
2.93964866175340456e-01 1.12830282345795785e-02 0
3.80413030090629656e-01 3.22875378319847431e-02 0
2.96452697138667232e-01 5.84592902057953605e-03 0
4.65199583280050344e-01 2.05730422299730265e-01 0
3.00962338703673116e-01 5.91231204819460485e-03 0
2.54066437352142571e-01 1.29471469154099472e-02 0
4.53771243948711100e-01 1.61620432905242556e-01 0
2.32262773325656646e-01 6.59236554070165987e-02 0
2.97225294858466493e-01 6.77622126805991175e-04 0
3.00180591497141269e-01 2.27685164942367574e-03 0
3.58134533643122144e-01 5.34483787768772756e-02 0
2.92153051929861962e-01 1.25902756429939616e-01 0
4.31166131529423680e-01 1.29653217686246713e-01 0
3.08707422110696517e-01 2.52197821194402004e-02 0
2.73577183431563176e-01 1.73272111276946528e-01 0
3.11487110918039545e-01 3.16816368637273527e-02 0
2.90715130993222992e-01 2.16943394379920870e-02 0
3.00320124620250706e-01 1.98300077395594963e-03 0
2.89894816843729419e-01 6.94390919609659540e-03 0
4.08716936392248320e-01 1.29044438486602742e-01 0
3.10195773181334178e-01 6.22115022940978452e-03 0
2.28954096679738178e-01 5.13015044888480570e-02 0
1.59037068216802024e-01 1.84631312739746672e-01 0
2.55774199985873474e-01 1.29756927325269500e-01 0
3.03912422958926787e-01 1.20715141494532000e-02 0
2.97473884554820489e-01 5.00851723205427909e-04 0
4.52911038158578083e-01 1.99143495839413348e-01 0
2.97865566943917692e-01 2.34532742952798455e-04 0
1.93779197507978118e-01 4.11190516911317597e-02 0
4.11382673364981341e-02 1.31787365184497351e-01 0
2.86978043484118706e-01 8.28708575873601805e-02 0
7.29949037967191211e-02 1.35949028600374083e-01 0
2.97347818597153757e-01 4.41646427267572688e-04 0
2.88476639528465639e-01 4.99623127885687364e-03 0
3.02721963426667018e-01 5.52439269340970068e-03 0
3.03941467544686650e-01 1.16440489661883122e-03 0
3.08394189087012216e-01 1.92417534370506330e-03 0
3.08417051803581199e-01 1.00783681256733162e-01 0
1.25164865840939138e-01 1.88453592546305976e-01 0
1.93773718480246021e-01 1.04344554179852306e-01 0
2.96564295459451011e-01 3.96977085418590073e-02 0
3.00972037744618115e-01 1.31887867666886818e-03 0
2.95025190752205346e-01 1.34474889883392807e-02 0
3.06463578269594417e-01 9.38425666790278223e-03 0
2.44218701188300996e-01 9.15190762695262811e-02 0
1.02903815851463173e-01 8.28411035708419004e-04 0
4.64229456999021850e-01 3.80779814683195258e-02 0
2.78364939277214229e-01 5.72658558544696036e-02 0
4.05956850841257322e-01 2.03978122094815778e-01 0
2.96450342999813321e-01 1.34304918568226399e-02 0
2.99206078458885971e-01 8.36071483252903783e-05 0
3.00810921445330171e-01 1.13500603516010230e-03 0
3.03628447564977033e-01 1.87920919580055325e-03 0
1.46888690081096784e-01 2.11840908242970805e-01 0
3.01212704576605983e-01 2.18288222792060701e-03 0
3.17482286726153085e-01 7.68131715051129094e-02 0
8.90766904308452623e-02 1.12110534499050233e-02 0
3.83425466585324726e-01 1.64195337400520641e-01 0
3.14121885485586061e-01 1.48596454512646536e-02 0
3.00931570521757230e-01 2.79121307473189154e-03 0
3.15166324353596428e-01 4.35658217361532679e-02 0
3.43091559410472036e-01 4.15883968459326223e-02 0
3.02285966614649793e-01 7.87759510260836564e-03 0
3.02020036851439577e-01 2.51132785714267080e-04 0
2.75418466404530493e-01 9.60514176059317284e-03 0
2.73001124921024463e-01 3.77776372168279195e-02 0
4.45054133694227860e-01 2.05470824304130439e-01 0
2.99938445953375932e-01 1.87556547242290336e-03 0
2.97936190309395443e-01 5.47994640544366787e-04 0
5.94690478611433898e-02 1.68429591454586809e-02 0
3.01105754111727242e-01 1.07730033452854094e-03 0
1.97768544927675483e-01 2.04472813358833300e-01 0
3.08220323908515947e-01 3.71592390190079933e-02 0
3.06402779585476848e-01 6.91034662794476860e-03 0
2.97084593018257181e-01 -8.92314319151430146e-05 0
2.94004618666045381e-01 3.33423537813091206e-03 0
2.78070758612788016e-01 2.52128736015893688e-02 0
2.96562298397052226e-01 -9.41673666295832277e-05 0
3.00825387197962535e-01 5.60147358647592776e-03 0
2.98887985782827825e-01 1.41560023731635270e-02 0
2.46454895263713558e-01 1.55614951970585239e-02 0
4.10547271477768316e-01 1.08991698249243027e-01 0
2.39844850620569872e-01 4.84767650514545956e-02 0
3.15649926720240004e-01 4.93753490907824430e-02 0
1.91661237238450161e-01 9.61555250856821891e-02 0
2.99011082490573954e-01 1.61824747030230053e-03 0
2.92142744106758945e-01 9.49602865768837609e-03 0
3.10714622649132632e-01 2.50371439288492870e-01 0
3.39560665558085173e-01 3.81832391113014896e-02 0
4.35033338582563156e-01 7.22063435341535470e-02 0
3.03107623384072211e-01 8.73619132058808638e-03 0
3.01799904041745948e-01 2.07546319707294742e-03 0
3.06891236906542519e-01 2.02763645813631337e-03 0
2.99402265357625041e-01 5.68006011418038196e-03 0
2.98250914844512716e-01 4.50798199156788963e-04 0
3.03250790031415918e-01 1.77432249202555360e-03 0
3.21459958364317511e-01 1.74811621782183166e-02 0
2.75467086017591289e-01 1.31735432823173772e-02 0
2.81645298386483944e-01 7.15148694109725147e-02 0
3.07737783931424869e-01 2.29957791126960158e-03 0
3.69661749789325034e-01 7.07199933169706113e-02 0
3.03213734084732178e-01 2.10239020742637077e-03 0
5.52948181394461558e-01 1.20159117971481919e-01 0
3.24930815500863168e-01 1.21729883760802217e-02 0
4.37613011735535296e-01 2.03246713067357782e-01 0
2.94423362486665841e-01 1.52668706107355681e-02 0
3.04442731844164483e-01 3.08352904068231212e-04 0
3.03168104376567937e-01 4.24852092305610344e-04 0
3.01054969598025135e-01 3.04942225039747531e-03 0
3.95170682054440670e-01 9.63377857742020172e-02 0
1.32544209795115081e-01 6.15487477465140390e-02 0
2.42667527182963305e-01 4.87063445586370658e-02 0
3.10797215865473875e-01 1.20596717220826835e-01 0
3.02189671017496053e-01 3.36555657269057493e-02 0
2.68374159189338934e-01 1.74123366868905366e-01 0
2.99236529541764384e-01 2.45273044166550947e-03 0
2.98884513811335240e-01 3.36683144301305336e-04 0
4.03374928776718378e-01 3.76129098089550903e-02 0
2.98177861726954430e-01 3.44165290607312312e-03 0
3.03016726665352121e-01 1.69874590379247693e-04 0
2.99961968891264086e-01 1.74182149164037224e-03 0
3.12175152776690723e-01 2.93760869420974131e-03 0
3.00117517122650890e-01 1.51751714290607274e-02 0
4.45809791375734732e-01 5.34098151147519296e-02 0
3.01089614428393326e-01 1.47995361540930142e-03 0
3.04962145407412399e-01 2.60622527699251550e-03 0
2.57708469718985367e-01 1.09444005373817346e-02 0
3.12963006645070208e-01 3.57378806839688049e-02 0
3.02451783733873769e-01 3.26752599944339465e-03 0
1.67848502380159192e-01 1.38596854037573852e-02 0
2.95225967635592612e-01 2.10751682087397023e-04 0
3.00117311958594146e-01 9.37097672966498429e-03 0
2.29366006200863171e-02 -4.19004169420522654e-02 0
2.64958684864092242e-01 3.54675195411761693e-02 0
2.16556843011875499e-01 4.46064250815017549e-03 0
2.94920567905830988e-01 1.53445554244653073e-03 0
2.92173837445913964e-01 1.27732557643520719e-02 0
2.73679881143570058e-01 2.13788784235086800e-02 0
2.23717853770232400e-01 1.21640036723682787e-02 0
2.87429372681368422e-01 2.52308118318848917e-01 0
2.62791966538648059e-01 4.99712467070706004e-02 0
3.14578369043071793e-01 7.23961817266856409e-03 0
3.92160186476236072e-01 4.07111494826890158e-02 0
2.99722639436339033e-01 2.61309146311011114e-03 0
2.73927372850493567e-01 7.44599666896157419e-02 0
2.97265104856630713e-01 4.35750650987126644e-03 0
2.98194261274736139e-01 4.58142029627499683e-03 0
2.99918002131337236e-01 1.04938337769461959e-03 0
2.77362785807935885e-01 2.68176661967395140e-02 0
2.98335859250950797e-01 1.36626001261582310e-03 0
3.00730315143171500e-01 8.32876120525592560e-03 0
2.59452766339533403e-01 8.01912414585446640e-03 0
1.73243824194492857e-01 1.38476838097073396e-01 0
2.34121312384250185e-01 3.16124734107221198e-03 0
3.02127755724949598e-01 7.59588064166553316e-04 0
2.99986836800114176e-01 1.98369384789962499e-03 0
3.03631745525295149e-01 1.79137455717551198e-03 0
2.97148323976926199e-01 5.57998799392035293e-03 0
2.21185470057162631e-01 2.09115068168004958e-01 0
1.58591080522670763e-01 2.50688411946367179e-02 0
1.59289534905919156e-01 6.33159581056547960e-02 0
3.44472231984210009e-01 1.30699674660613385e-01 0
1.57242368473258162e-02 -2.58316262779394977e-02 0
2.96054729663073612e-01 1.27306095091405287e-02 0
3.03476349763009967e-01 5.92139571252949231e-04 0
3.00650812927090394e-01 1.42313647235465190e-03 0
1.56111221457403748e-01 1.04514062746247416e-01 0
2.97175256940091226e-01 3.36817174551000008e-05 0
2.74251691323069091e-01 1.45154024420550698e-02 0
3.01530280339886492e-01 4.37944542073098655e-04 0
3.01256452556001475e-01 9.74588178809066377e-04 0
2.35460969661299147e-01 5.48068390233038411e-02 0
3.00454792233107282e-01 1.11987606347088969e-03 0
2.99792884579114904e-01 3.90513660488984267e-03 0
2.95091022070353926e-01 1.21795985632117010e-02 0
2.40171857098997382e-01 2.20204547441238754e-02 0
2.88720160716742502e-01 5.66313780282838835e-03 0
2.44212955090088196e-01 8.86516199209141237e-02 0
3.00032271702886655e-01 3.77027086878843187e-03 0
2.94711451946036096e-01 4.48014743640738795e-03 0
3.00154443436254803e-01 2.14541003874304179e-02 0
1.85514766998423411e-02 4.74500784940956738e-02 0
2.98865639166339347e-01 1.42857181438961950e-04 0
2.35848989629088880e-02 6.65484258546575475e-02 0
2.97603933809630739e-01 1.18792500835969471e-03 0
3.69444532073859688e-01 9.26620271932875571e-03 0
3.01667953336794359e-01 7.64548961826158266e-03 0
3.01670630704461262e-01 2.27194975720468881e-03 0
2.99315528110708329e-01 1.40225807054855378e-02 0
2.54024859863361929e-01 1.13506402949759791e-01 0
3.00660366136218160e-01 1.22774826673790723e-03 0
2.99250404926169000e-01 1.31265962427004807e-03 0
1.49393442700924306e-01 3.22634498271002698e-02 0
3.55408205643881370e-01 5.14385279139598847e-02 0
3.54375693337888931e-01 7.02185038359104535e-02 0
2.93279513026300342e-01 -4.99978596692006897e-05 0
1.77315687181541559e-01 1.76729820696027634e-01 0
3.01523645460631484e-01 5.27745619553970555e-04 0
2.98093598772245560e-01 1.73732707687466060e-03 0
3.75468264046106115e-01 4.85902899427795645e-02 0
2.71491198458055194e-01 7.07185558436564388e-02 0
3.01452766278852313e-01 1.63250456931351138e-03 0
1.42416913678542728e-01 4.53209709230361704e-02 0
2.71298883978724092e-01 5.45880630343803311e-02 0
2.39830389646459780e-01 5.18173136509853145e-03 0
1.03434970017830072e-01 1.88061673278504538e-01 0
3.18707480474937466e-01 4.12707060462347806e-03 0
2.54951668926584607e-01 3.60749995083698843e-02 0
3.05807817023399653e-01 7.37555947788345184e-02 0
2.99054120974875326e-01 2.95359880635403084e-03 0
2.95485737295135276e-01 6.31439321057206734e-03 0
1.52750680306618397e-01 -7.61655028469940525e-03 0
4.15368840052946608e-01 1.36927405052009371e-01 0
3.11911462931479921e-01 4.61794859307573368e-03 0
2.97833457549431413e-01 3.28146006798456374e-02 0
2.99155126566385265e-01 3.14292026918105364e-04 0
2.94378815435056729e-01 1.30806992688700511e-03 0
3.01621484723662681e-01 5.75381716029607377e-04 0
2.61062919427854423e-01 2.93551301132248185e-02 0
2.95997740378363461e-01 3.02120742306658809e-04 0
3.00207957096784162e-01 7.58030608344866571e-03 0
2.93616670611258457e-01 3.81869497895269850e-03 0
3.04323418077780961e-01 1.18961745026385998e-02 0
4.91133319619813935e-01 1.09380769310804635e-01 0
3.20191116412656296e-01 2.81235799970679969e-02 0
3.06318148819143155e-01 6.71833883941994297e-04 0
2.98900022052147052e-01 3.55358790232487981e-02 0
3.00275209488231887e-01 1.90455651724471490e-03 0
7.90909777876142306e-02 8.41146254132184995e-02 0
2.98058190796721023e-01 3.81110654426623720e-04 0
3.04098432727855861e-01 9.46109042065156687e-04 0
2.86299104786889413e-01 3.16277462762717884e-02 0
3.04839175852407385e-01 3.14807826978964625e-03 0
2.98720689505745929e-01 6.18235721811995231e-04 0
2.91328048408976581e-01 6.55469125066157534e-03 0
2.99364857506583149e-01 5.32496126188153340e-03 0
6.67210451756633238e-02 4.64943048041360149e-02 0
3.02104386004967640e-01 6.39167185807611345e-03 0
2.49864220901703099e-01 -7.55144382035300549e-04 0
7.06130382490974956e-02 4.70833045960996899e-02 0
2.98807662633860938e-01 1.96631825940306792e-03 0
3.00431329856230556e-01 7.46728884847687718e-03 0
3.11470564004959150e-01 2.31496611173987246e-02 0
2.97879653869855487e-01 3.31596006993718553e-05 0
2.93969726670214093e-01 3.83897285852878665e-03 0
2.95773592846717559e-01 1.39391751133347724e-03 0
3.07730081067020489e-01 7.26294706679982225e-03 0
2.60391789023116216e-01 3.04728114312170020e-02 0
2.88680054800507235e-01 4.50450911075196345e-03 0
2.91147644655024018e-01 1.25460065583140757e-02 0
1.95408164957781766e-01 1.91671054532234014e-01 0
4.46697238522360318e-01 6.49009551021731274e-02 0
2.41622251078009026e-01 6.69039017593854729e-02 0
2.82320965235089927e-01 3.75448530946750642e-03 0
2.62273271690529219e-01 4.50623161419105578e-02 0
2.98640089188161539e-01 4.68515221979797208e-03 0
2.99270561390388934e-01 2.72898802552602911e-03 0
2.98782350417255704e-01 2.21158883476975723e-03 0
2.88897308934322361e-01 2.07037104115981412e-02 0
3.00634007623560684e-01 1.27862801986335594e-03 0
1.05202783586839377e-01 7.15898464417887882e-03 0
4.66817091663802100e-02 1.17381030836738020e-02 0
2.93931684601040799e-01 1.67760120326968377e-03 0
1.21157857668793084e-01 2.08864103610691021e-01 0
4.97355585644098042e-01 8.91422480370364506e-02 0
3.00156761612257128e-01 2.34403173154773244e-03 0
3.04778948780112247e-01 4.35316382713012671e-03 0
2.99012149090783830e-01 1.87789538023391871e-04 0
2.98710753143299090e-01 1.97998434477630620e-03 0
3.02803230365147502e-01 3.53011259916572633e-03 0
3.79327185238036046e-01 2.04097542627578815e-01 0
1.28808437456811670e-01 3.39385353334144060e-02 0
4.79033914703330344e-01 1.94692721169637067e-01 0
3.02832436437334429e-01 2.05439703865546459e-03 0
2.98350435574218087e-01 4.94645015421703565e-04 0
3.24189518648238029e-01 1.91684953706867459e-02 0
3.00039094503701254e-01 7.01594901065110462e-03 0
2.91916955816651558e-01 3.08628308798499854e-02 0
2.98255183929631462e-01 9.91591953486888620e-04 0
4.65811874191773445e-01 8.41061538059847541e-02 0
3.05373882911275429e-01 5.69083456595455284e-03 0
3.02863227495660248e-01 1.93809838100461856e-03 0
2.97588595393883659e-01 4.55555163594348680e-03 0
2.89219023896206517e-01 2.53830362929427823e-02 0
3.06469025466793887e-01 2.69838055791008467e-03 0
5.28332294044614237e-01 1.53742816738117877e-01 0
2.47383399261544151e-01 1.29846622744651825e-02 0
3.00043234000608283e-01 1.05317603125324897e-03 0
3.03610745580906505e-01 9.18145787473090627e-04 0
3.62009322954637169e-01 9.47775878937981257e-03 0
2.93278944446905998e-01 7.58550251197350357e-03 0
3.03342151324703602e-01 8.59496757572284268e-04 0
2.96396886493467127e-01 1.23714395895563930e-03 0
2.93262652651402667e-01 8.83740051178943942e-04 0
3.24590208869801722e-01 4.32733109058199422e-02 0
2.75531793825441851e-01 4.99899958730161496e-04 0
2.95871230812078057e-01 3.62227046230722497e-03 0
3.18903261081877054e-01 6.82897897672517674e-03 0
3.04798598211039440e-01 3.64286314935877414e-03 0
2.99332939736899173e-01 9.77807825554861937e-05 0
2.97311895400899584e-01 1.10681430228804661e-03 0
2.89436918362376727e-01 4.99675693258372616e-03 0
2.91280245166707696e-01 2.29351686391607926e-02 0
3.92367462287864510e-01 1.24165399921828720e-01 0
3.49917957598520402e-01 3.41599446156615472e-02 0
1.40514334341579228e-01 1.73699898555984500e-01 0
3.01360778702812693e-01 6.47439176603831256e-04 0
3.08168711072567103e-01 9.58265817898003303e-03 0
2.98624758334077700e-01 4.79088431908506612e-03 0
4.89495451261898973e-01 4.35269581923746138e-02 0
2.67894946878434015e-01 3.50953984360755599e-04 0
1.82304277022789396e-01 8.59932688440445681e-02 0
2.92961191682492461e-01 1.04662415956885500e-02 0
2.89181256671571962e-01 3.77638685723431658e-03 0
2.74937635189435536e-01 1.27961299554554098e-01 0
3.04913206222757638e-01 3.12678120876145882e-02 0
2.91787817497681845e-01 6.03167351506085636e-03 0
2.71519512948378949e-01 8.96245662226183119e-03 0
2.97247454635188646e-01 2.09369166389433148e-02 0
2.95744815859943833e-01 9.20164378835644178e-04 0
1.56009579470847815e-01 2.05757706980514044e-01 0
2.96390117239742235e-01 3.70256496237210408e-03 0
2.83822140129056599e-01 1.59576807551180200e-01 0
2.89476883518194061e-01 2.89014184584565278e-02 0
3.05956246012503708e-01 1.62125894773267019e-02 0
2.82774550082174947e-01 1.72840603754812979e-03 0
2.97791925260231183e-01 1.27296787656963639e-03 0
2.98020227657624648e-01 1.91098770293294173e-03 0
1.63103773214277853e-01 1.54966380084665345e-01 0
4.36772489904492522e-01 3.28625290652775695e-02 0
4.92587365189365967e-01 1.76875539603400744e-01 0
2.03342613162763058e-01 2.81484051206480831e-02 0
3.05968418648598528e-01 1.25220666246426320e-03 0
3.06411634106191821e-01 1.39840777754603098e-02 0
3.44859425111394335e-01 4.69387496868294701e-02 0
4.86399659709128795e-01 1.88498202887805028e-01 0
2.99587992014699156e-01 1.06375737012073205e-03 0
3.01024206807830319e-01 3.36712550896867569e-03 0
2.99637552939925389e-01 3.90766817179420828e-02 0
2.95040489311660270e-01 3.04236947429740827e-02 0
3.04364487681588414e-01 3.29888102405452186e-03 0
2.96923282209318518e-01 2.01844358369633950e-03 0
2.62686489703448989e-01 1.57781369204476801e-01 0
2.79914699843275439e-01 4.33620851786309658e-02 0
2.98948567124953213e-01 1.96401875617771473e-03 0
3.84604119209001449e-01 2.64686207981813561e-02 0
2.92192688177250193e-01 1.15564134771684746e-02 0
2.98990134091156157e-01 1.81853377324463130e-03 0
1.71892791290877089e-01 2.06604289180952805e-01 0
1.99079864845038118e-01 7.62783917325911553e-02 0
3.03152349840854041e-01 6.33493849153177364e-03 0
3.03044483314578228e-01 7.35901999526913150e-03 0
3.42802395205044741e-01 9.02462447173730253e-02 0
2.92976614488370646e-01 5.71859321505895687e-03 0
2.85611788946670331e-01 5.74649220154584486e-02 0
3.02951575894094050e-01 2.68135052243951557e-03 0
3.14210819095613048e-01 2.57445190554913106e-01 0
2.98590573900631540e-01 1.71600079150321157e-03 0
2.99648554890349195e-01 2.39262768712763954e-03 0
3.01215659850000372e-01 9.25721279921747574e-04 0
2.31438436938052938e-01 4.32148517052507522e-02 0
2.74562499079218258e-01 9.76334678500109104e-03 0
2.71347002455053499e-01 5.26523334204804169e-02 0
3.01912807859740506e-01 8.62860431161704272e-03 0
2.89646252633242118e-01 4.33729299487778212e-03 0
2.94777220025801590e-01 4.53754962147496718e-04 0
2.92302979471412927e-01 1.63059819582869817e-02 0
1.52251072780144825e-01 5.79867589126381172e-02 0
2.81782294226157748e-01 1.40163619690197472e-01 0
2.95251747083304428e-01 1.50303518258867088e-02 0
2.89647225295050548e-01 2.82832322464665505e-02 0
3.03127006173923685e-01 2.06486417018194798e-03 0
1.70253322652680172e-01 2.18678233012216228e-01 0
2.97050129670425322e-01 5.98262145182857589e-03 0
2.94870798482113006e-01 9.85594514094684801e-04 0
3.06105731695182348e-01 2.04392720570644934e-03 0
2.89558990901654156e-01 1.28115284502443262e-03 0
3.51020616437471067e-01 1.51809759987911099e-02 0
3.01130336940763854e-01 3.60451295768073271e-03 0
5.89718689660258186e-02 9.67090204485776817e-02 0
7.80403188025437650e-02 1.30638230607919820e-01 0
2.19265332519861716e-01 1.88285501641584224e-02 0
2.83328827050985110e-01 1.07779011050745457e-01 0
3.01686194909452365e-01 7.03161943083145669e-03 0
3.08203815493914179e-01 6.31086669668226401e-03 0
2.96443400189461026e-01 5.24284897195443408e-03 0
3.04554866187808693e-01 1.55247286112419891e-01 0
3.97093445050114902e-01 1.20357966669343786e-01 0
3.07388852959622427e-01 1.48163112340290288e-03 0
2.84201080699819253e-01 2.30549781030813623e-03 0
3.05273234521439285e-01 3.93100616381380531e-03 0
3.03109321428378209e-01 2.45306016231643022e-03 0
3.30739418921385753e-01 4.90947372967658197e-02 0
3.01080784304206595e-01 1.04985249859557454e-03 0
4.24239901995328073e-01 1.29399733157492897e-01 0
3.00182602679930244e-01 9.64736482239388245e-03 0
2.95505062816328212e-01 6.08927173641877589e-06 0
3.23352789890582415e-01 2.38741620849945504e-02 0
2.98764298660548544e-01 4.14034115617168753e-04 0
2.95869855876846499e-01 6.38109177532390076e-03 0
2.89181084934956700e-01 2.28641432356819746e-01 0
3.01507283887540667e-01 2.14048760052393825e-03 0
3.03972184881681706e-01 3.69795594325895050e-04 0
2.78222320707150417e-01 4.13396618381702899e-02 0
2.85273807884825537e-01 4.58327908625373332e-03 0
2.98158479782283048e-01 2.36115750664560851e-05 0
3.04680188005940711e-01 1.12873141375251923e-01 0
1.86394565114835015e-01 7.32532593864089199e-02 0
2.96274390731803838e-01 5.22437271862338792e-04 0
3.04458698062752997e-01 4.90769338817928849e-03 0
1.23645500333812483e-01 1.94919108172243033e-01 0
2.52916121766946000e-01 2.56932472978387352e-02 0
2.88259727927982989e-01 5.50306193395062090e-03 0
3.06131018236659558e-01 2.56022331272364422e-02 0
3.18265166172247704e-01 8.18845315806906830e-03 0
1.66427713735853383e-01 5.60534991234510754e-02 0
2.93667485037635123e-01 5.04844429129135174e-04 0
2.96544144447120184e-01 4.51471874203676488e-02 0
3.03419063091175945e-01 6.44241132009299691e-04 0
2.99599731440179429e-01 1.26913717985508660e-03 0
3.20721293423224640e-01 2.44950303794837176e-01 0
3.42019002310568754e-01 1.62772408299243831e-01 0
3.65958238682468739e-01 2.25564707350864840e-01 0
3.04267034718489204e-01 3.18620947968894109e-03 0
2.60437340853170773e-01 3.49393000740251605e-02 0
3.00143000655326786e-01 1.52625830173339712e-03 0
6.19463736302755114e-02 8.70913890166921251e-02 0
3.03968872138913104e-01 2.88974161040233396e-04 0
2.97135158322279658e-01 5.79110489121396985e-03 0
3.02271586161891037e-01 8.02646645980739236e-04 0
2.06152145553625293e-01 4.02130835477766332e-02 0
2.99668390401414075e-01 2.45511999518915419e-01 0
3.00918810533826520e-01 1.04839332908462381e-03 0
2.95230627945681723e-01 1.18406422111849230e-03 0
3.03605519915804922e-01 6.94511589923674320e-03 0
4.65963281773425608e-01 1.22014280152330984e-01 0
2.86243630110516289e-01 8.44588340418477653e-04 0
3.01968025236963533e-01 6.98792593176040026e-04 0
3.03433308718449202e-01 4.69822331325686626e-03 0
3.04102717773027109e-01 1.61716782716928801e-03 0
3.01835178349491140e-01 7.63463552464011528e-04 0
3.71421392591951227e-01 1.76040786963995805e-01 0
3.29197158610008811e-01 1.66935639312761064e-02 0
3.09343974991194537e-01 3.33028412213073471e-02 0
2.41086960469323319e-01 2.18473492121371016e-02 0
3.00627860652897760e-01 1.15381550869956499e-03 0
3.01016046099124912e-01 9.28627100053228821e-03 0
3.00495370048866561e-01 3.27239208126603323e-03 0
1.67418128483266093e-01 6.37487597588175248e-02 0
3.01140396612028238e-01 7.30188951869067352e-03 0
4.25334341054212695e-01 8.51914150310733448e-02 0
3.39251130607801765e-01 6.91692350922547684e-04 0
3.19101492499259065e-01 3.44686116070329618e-02 0
3.34322022328431889e-01 1.43127194559325363e-02 0
3.21663450072926294e-01 3.17198655968718435e-02 0
4.82471491798993901e-01 3.88769281425107791e-02 0
2.96029295161639394e-01 1.06844433973527484e-03 0
3.04675900104567188e-01 6.56408057052830854e-03 0
3.01887974002163217e-01 2.93909178288015611e-03 0
4.90433935739449545e-01 1.04922952405730865e-01 0
3.09936404687370937e-01 1.05095010324059521e-02 0
4.29949323031646680e-01 4.74167964974583495e-02 0
3.35333022419176119e-01 2.93454947513890514e-02 0
2.90743853211190895e-01 9.49517560635938958e-03 0
2.85223509848406442e-01 4.37589122662265274e-04 0
1.32920431899798630e-01 5.67955079915106673e-02 0
2.97776262853105378e-01 6.75206105783490718e-04 0
3.85091606066115533e-01 2.16757721746045406e-01 0
2.88716385415845045e-01 1.46880820700878451e-02 0
2.99992226257908445e-01 1.38403302260375091e-03 0
2.97180889883467081e-01 1.69153951723738740e-03 0
2.95128051131862357e-01 1.92760725241959035e-04 0
2.96626183682157374e-01 1.95357553854890158e-03 0
2.42735006415094656e-01 1.71594787671841657e-02 0
1.03596832341000908e-01 -2.53709416407468073e-02 0
4.72579894948097878e-01 6.34430752699850359e-02 0
2.74110257206583385e-01 1.57192030686252843e-01 0
1.46278445929323236e-01 3.09447818677613881e-02 0
1.44245180568238124e-01 -4.83816757690005549e-03 0
2.65266420709851736e-01 2.87150179038167079e-02 0
5.34858783918006689e-02 1.17616703943848919e-01 0
3.00955430068320207e-01 1.81386430838875344e-03 0
2.71657491794084993e-01 7.71220908552268797e-02 0
2.94795139764261860e-01 3.04165485544768835e-03 0
2.95098215617008219e-01 2.61896261901061649e-03 0
2.97554475690782305e-01 2.87367421163050186e-03 0
3.04169121145366150e-01 5.18317035699808384e-03 0
2.86187343465176935e-01 3.90818590113129784e-03 0
3.88411675356385766e-01 2.37632035066634856e-01 0
3.01226404753842436e-01 8.14552156205285323e-04 0
3.00069140779380961e-01 1.13665869114371954e-03 0
3.04524093355166336e-01 1.05465376934050156e-02 0
3.48490011828282376e-01 6.98216283567904862e-03 0
1.34127465920554273e-01 1.43425033820608255e-01 0
2.99962585582811858e-01 9.59199778052913536e-04 0
2.43895297413558976e-01 1.12612594402363722e-01 0
3.01201298694568576e-01 1.43050849586686822e-03 0
3.01585336107005164e-01 3.09760893226294388e-03 0
3.01090147471714031e-01 9.38694865608283085e-04 0
2.74150346565215530e-01 3.47077327483972103e-02 0
3.05987053784476437e-01 5.43277228758251487e-03 0
3.01193704748475621e-01 7.76965230436083443e-03 0
4.77824066414072157e-01 1.91101448635774052e-01 0
3.01489471357371919e-01 2.46855231736875166e-04 0
2.99948142367548964e-01 1.60657710188353404e-03 0
2.89738880626837225e-01 1.27326914407345573e-02 0
3.00297449127999050e-01 2.17758319434411445e-03 0
3.09494031558830485e-01 1.02343066691546070e-02 0
2.21643311105845120e-01 2.54898927823259333e-02 0
2.96573570418350141e-01 2.95804180135053399e-02 0
2.78785590851180154e-01 8.45704387311423944e-02 0
3.03297237940490683e-01 4.91245671203572112e-03 0
3.15986253427955166e-01 1.58023627742633621e-02 0
2.26583323895967692e-01 2.51860249067532120e-02 0
1.74687030060762638e-01 2.67972061369341520e-02 0
1.57174652981151769e-01 1.15438067784696077e-01 0
2.37118263944206348e-01 1.00520215905163954e-01 0
3.86936281991382580e-01 1.18475410052367988e-01 0
1.68842878093298121e-01 1.04087367574500642e-01 0
3.00391203602867751e-01 3.34927806297871753e-03 0
4.45755539023592495e-01 6.05252423510208096e-02 0
3.06826782584203817e-01 3.78282422183981318e-03 0
1.64349517112529236e-01 7.69356187628206234e-02 0
2.99927086200533488e-01 7.54489706343954708e-02 0
3.01965393961480699e-01 5.34031522090435687e-04 0
2.99734444320299553e-01 1.18701659727129855e-03 0
1.61879887293591235e-01 7.65247289983211065e-02 0
3.01099977393856078e-01 6.12336807617286632e-03 0
3.01462849719792592e-01 2.11051800676815985e-03 0
2.96488911122677723e-01 1.27258234125812849e-03 0
2.98121965778887221e-01 1.73168900946096631e-03 0
3.05200421035549729e-01 4.11324740659580086e-03 0
3.49338065486079596e-01 4.61558881297619225e-02 0
2.92728514586036159e-01 1.13840393677603399e-02 0
1.73334982979324009e-01 5.16384760076967451e-03 0
2.99535071687926535e-01 1.42472109621567550e-02 0
4.51333275812584034e-02 1.31167284723552138e-03 0
2.95430891200332613e-01 2.51828769941765639e-02 0
2.96546210551785983e-01 2.73559718329472214e-02 0
2.22188663900475508e-01 6.93212871729920604e-02 0
3.02857247063576640e-01 7.55855647750961965e-03 0
2.45288055280197370e-01 1.23210093765764583e-01 0
1.47836060818959808e-01 9.92656952086250211e-02 0
2.60810009462254966e-01 2.39137484851821951e-02 0
3.00484677177488169e-01 2.65255115844798342e-03 0
2.22886898772084563e-01 2.37290982395307500e-02 0
3.02275850761844989e-01 9.13538611125059826e-04 0
3.15789144169325575e-01 3.15226743191457173e-02 0
3.13352641506373153e-01 1.51757068336348319e-03 0
3.01057784718425259e-01 2.33665489490418382e-03 0
3.17297244679231816e-01 1.79185991240380288e-01 0
2.97898910939758288e-01 9.38988553360530116e-03 0
9.61035413154874146e-02 6.34127290568318736e-02 0
2.69880487527515145e-01 3.96516465264884349e-02 0
3.29047115376278676e-01 1.59221437938475568e-02 0
3.15483469034846309e-01 1.25844923586103750e-02 0
3.29805162716418632e-01 1.52374823676419170e-03 0
1.60936867868574612e-01 4.23056964721156004e-02 0
2.37570955905816228e-01 -1.90171263101331762e-03 0
2.97182512619757866e-01 1.03294045597571056e-02 0
2.96762329514925594e-01 1.04784885975658989e-02 0
2.94441635795219425e-01 1.89234662686227871e-03 0
3.01828261720234525e-01 8.74553746031156583e-04 0
2.86776843331083886e-01 5.07693539523549914e-03 0
4.85954337630941424e-01 1.41776638375957581e-01 0
3.04057389175104165e-01 2.38194280664256047e-02 0
3.05964848521984467e-01 2.67709887799505702e-03 0
3.10408971525051369e-01 1.99665367022722862e-01 0
3.00802531152320529e-01 1.49334031790665923e-03 0
3.05696180554563990e-01 1.33716797559038560e-02 0
4.50368376900635081e-01 4.25111310420325308e-02 0
2.56474271650314445e-01 3.27021372579163680e-02 0
2.97806449040293020e-01 3.22135975590134641e-02 0
2.92919063521305534e-01 1.01186859724949289e-02 0
3.01032194395219388e-01 9.87784520507637223e-04 0
3.28304717100317500e-01 4.59964571617686377e-02 0
9.48825849267932731e-02 6.49845121838878576e-02 0
2.92803880666757166e-01 5.46230674535762850e-02 0
2.70355610200315510e-01 6.03829777607958664e-03 0
3.86699168497467438e-01 6.94566000556138818e-02 0
2.75994989966879434e-01 5.17536303799571024e-02 0
3.02962601017808364e-01 4.37667527995645560e-04 0
3.02375679680261911e-01 4.57301347633178664e-04 0
2.79027050593854131e-01 3.49349947056616260e-03 0
3.22330100121650254e-01 2.26703630807428211e-02 0
4.33674878571769173e-01 2.14904161129274407e-01 0
3.01946623516376300e-01 6.05757660086803356e-03 0
2.99631971337717185e-01 2.69399313410498623e-02 0
3.03467826801341434e-01 6.73075039641854705e-03 0
2.79884914218925696e-01 3.47415266525001112e-02 0
2.86999831603329425e-01 3.57077112348545278e-02 0
2.70173036198587291e-01 1.07852907876425912e-02 0
2.95936951786793800e-01 9.09796217611592503e-03 0
2.74947065473681029e-01 3.81980064967753011e-02 0
2.70072256227855745e-01 3.01246460169332028e-02 0
2.98230862552788689e-01 1.96174929763184543e-03 0
3.18575146346700477e-01 1.88162821583451518e-03 0
3.14387593365651974e-01 2.88588450899074757e-03 0
2.94902408568742280e-01 2.07826337789711411e-03 0
3.08930382164358419e-01 1.21047813961630227e-02 0
4.37173993450398313e-01 2.75697477601801084e-02 0
3.00702590146708804e-01 2.55087205725237475e-03 0
2.20773398282870237e-01 2.17629742250062846e-01 0
3.00758912890091934e-01 1.69981154089227072e-03 0
2.50303542903956566e-01 -8.24035589106142591e-05 0
3.24367360247608372e-01 1.30609437809636273e-02 0
3.69277870691961996e-01 4.49591818567337681e-02 0
3.11773662392854867e-01 1.36225498125033175e-02 0
2.97445399288520651e-01 1.72869719911132873e-03 0
3.44712714461014147e-01 1.42126569943110681e-01 0
3.04494477091882321e-01 6.75088922709605414e-03 0
2.41423236547271519e-01 7.02601449947437562e-03 0
3.06380949314598916e-01 3.51840348874558244e-03 0
3.95390895133132747e-01 1.56100195490679855e-01 0
1.60901290152267895e-01 9.45243405462931618e-02 0
2.50075906435255957e-01 6.32623666925860757e-03 0
2.95604390186629928e-01 3.17864631465226023e-03 0
3.01546250844493935e-01 8.31790602424839487e-03 0
3.01008662234552915e-01 1.03360940111726202e-03 0
3.01812511372825276e-01 3.41171925623821924e-04 0
3.00987871531282425e-01 2.21871212859576020e-03 0
2.96318584645341221e-01 2.97522305698903061e-03 0
1.03375552691246375e-01 1.83114297948343746e-01 0
3.13884290266584154e-01 2.95291647774302557e-02 0
1.07344583724089379e-01 5.35944654303991130e-02 0
3.11552851180015689e-01 1.40942074562237069e-03 0
2.99704400667521798e-01 6.76330904049935659e-04 0
2.99727075607205906e-01 1.18928106529715845e-03 0
2.97363604007172655e-01 3.75348921647688464e-03 0
2.97381981638923931e-01 3.59106570278273918e-02 0
2.83492062794419186e-01 7.12926219567568686e-02 0
2.94160858797062108e-01 7.27578842943103765e-03 0
2.86812028772895966e-01 7.37230423189360381e-03 0
2.61690781054681465e-01 7.12099709212540150e-02 0
2.95217427965692891e-01 2.60311123808156745e-03 0
3.92243614751615455e-01 6.14305435059824406e-02 0
1.55218083758961845e-01 3.31328298211874079e-03 0
3.03095996170014037e-01 5.79821327209625956e-03 0
2.50391780915989681e-01 3.60003774403428942e-02 0
2.96043546308602523e-01 8.09459535124103756e-03 0
3.00921525348907037e-01 2.57213420990960295e-03 0
3.10996104496659376e-01 9.29264490991934047e-03 0
1.07028544434675188e-01 8.81357882582605584e-02 0
3.33734307466937441e-01 1.03776665115450278e-01 0
1.91062954544761743e-01 3.20426706474591302e-02 0
1.55775767749976590e-01 1.96081092716683877e-02 0
4.57458566847650849e-01 8.18960986057856583e-02 0
4.52448985996171948e-01 3.51888996021798711e-02 0
3.38749641506745414e-01 8.64404097231687429e-02 0
4.17759422499070221e-01 2.31583794456167308e-01 0
2.53632255880352486e-01 2.38849601604639895e-02 0
4.54923191271964122e-01 2.11223317762437357e-01 0
2.55794505669593775e-01 2.17157604409735708e-02 0
3.01118682485916223e-01 1.33256132878659312e-03 0
4.47397458920331115e-01 4.60889991778998948e-02 0
3.50100254382352760e-01 1.87483438655088902e-01 0
5.02510854331008949e-01 1.71061681472117227e-01 0
1.60009059227019246e-01 -1.68496156294096859e-02 0
3.58848948214534336e-01 1.15843479682170541e-01 0
3.05632331967457760e-01 1.65032879024338826e-03 0
3.23745139457961961e-01 1.86579231730852439e-02 0
2.97448171707610065e-01 3.10762389010359663e-03 0
2.74686635524556189e-01 3.31690157761866736e-02 0
3.17372711907121963e-01 2.70286828129614534e-02 0
2.98510758969478429e-01 2.20350040375673047e-03 0
2.98162672325494316e-01 8.31762111899650891e-04 0
3.35683477737538094e-01 4.50582605051634902e-02 0
3.06356805182517289e-01 8.11953211332531143e-03 0
1.42206356748366319e-01 1.95694669604164206e-01 0
2.95662055444037009e-01 2.73210888087973419e-03 0
2.77821907467366069e-01 1.46436499501824188e-02 0
1.38980783577670297e-01 1.36026268838721820e-01 0
2.88707446704536019e-01 1.18331571689374981e-02 0
2.81691839050928428e-01 2.83425552850026042e-03 0
2.90149425351713897e-01 1.65526483092287330e-03 0
3.15280052134066735e-01 2.33669154887245933e-01 0
3.08308819420645530e-01 9.03804331366833517e-04 0
3.03046544253737449e-01 6.38140211063463556e-03 0
3.01160352881822302e-01 9.69889582909739720e-04 0
3.00517913034259121e-01 1.36718626506305663e-03 0
3.05978833185284460e-01 3.68771406445962549e-03 0
2.69531234061267555e-01 2.97443381816046813e-02 0
5.04809575119372148e-02 1.01433766773741402e-02 0
2.92933740799976583e-01 1.90837739181394586e-02 0
3.03573353618823982e-01 3.59556965983989871e-04 0
3.04556361232042827e-01 2.64281857232704287e-03 0
3.07672738650586086e-01 1.35336440320709961e-02 0
2.96428794496109482e-01 2.09660423917504349e-02 0
3.08214639670283952e-01 4.24100017504336780e-03 0
3.10592744087035022e-01 5.04742304507935849e-02 0
3.05527940646975693e-01 2.37834114762554422e-01 0
2.91208161844261237e-01 8.46281266006009524e-03 0
3.39045220135240633e-01 2.57099111824121533e-02 0
5.12843409236346859e-01 1.58516173113981085e-01 0
3.41216406712855080e-01 4.42723307464641322e-02 0
1.13600245976600317e-01 8.02433862238855905e-02 0
7.13084338884607399e-02 1.46419134661591760e-01 0
3.01361121344282890e-01 1.81814512896526616e-03 0
3.00205864908591358e-01 4.62410629130871609e-03 0
1.96358942470015424e-01 3.76269697661607075e-02 0
4.60108697092101615e-01 1.25979727102662947e-01 0
3.92013467511376945e-01 6.40762057502120425e-02 0
3.20662745381667946e-01 2.14945495023885873e-02 0
2.90865891237417684e-01 2.78059649312899816e-02 0
3.06142583737099794e-01 3.26196293250497491e-03 0
2.88951462437274653e-01 1.29326223503141678e-02 0
3.16869745131303560e-01 3.07520376513231936e-03 0
2.09494277112338201e-01 3.14702444546939783e-02 0
3.05286177022527083e-01 2.00583611949859325e-01 0
3.02461295328933288e-01 2.89661593138494872e-03 0
2.64210415346858463e-01 4.56154107665010453e-02 0
2.91858240618047937e-01 5.30748034475196917e-02 0
3.06559087228387095e-01 7.88105610261520019e-03 0
2.97295559550245558e-01 3.85951607999823537e-03 0
2.87267199283557595e-01 7.45049162511285737e-03 0
3.01119790922424413e-01 2.41326833481581102e-03 0
2.86399589848177039e-01 1.47982180794630110e-02 0
2.91765420576800327e-01 2.88657800057851108e-03 0
3.09155808608813920e-01 1.36037238969664909e-01 0
5.93443808800205724e-02 1.33702900037434458e-01 0
5.49674767901547678e-01 1.16602105959008953e-01 0
3.49091345722725210e-01 4.28706085597895057e-03 0
3.01553601120163717e-01 2.16563575868056754e-03 0
3.97388443857780715e-01 7.27042601109008091e-02 0
2.69531956643681792e-01 1.19222369611362095e-01 0
3.81306079933691089e-01 2.41996898793571863e-01 0
2.58568341041866157e-01 7.42864362691702477e-03 0
3.51722208663955538e-01 5.82954131700123279e-02 0
2.81937925797859867e-01 1.40470818112749529e-02 0
1.08838384187410694e-01 4.06484037584688776e-02 0
4.62498374104380383e-01 9.04568770305258368e-02 0
2.61739655708040753e-01 9.53796187704955556e-04 0
3.02972870843217390e-01 3.54200935538538514e-02 0
2.99805595027959504e-01 1.44487175671457590e-03 0
2.99734909078760214e-01 5.07411176909733190e-03 0
2.95015243063338317e-01 2.09477641790804022e-03 0
3.76659535855282723e-01 2.38871586781673056e-01 0
2.69852422130094416e-01 4.89450140332765016e-02 0
3.01632696111533594e-01 2.40476486362105717e-02 0
2.99122087960325800e-01 2.70393972371380789e-03 0
3.01454512134484487e-01 2.56196269281378918e-04 0
3.39239744911700392e-01 1.60456750537087238e-02 0
2.90800519147204561e-01 8.25765557864407778e-04 0
2.25289103370726135e-01 4.50355184808194989e-03 0
3.03744825246153149e-01 5.02321621991345078e-03 0
2.98964281652957742e-01 6.58847484559754249e-04 0
1.28173572879984210e-01 1.90231304465324880e-01 0
3.00825209492083023e-01 6.96741657215400444e-03 0
2.24789436564506312e-01 6.03516866989594405e-02 0
2.97675189816306141e-01 5.78595594565541223e-03 0
2.99405935374418730e-01 3.03214966380363808e-04 0
2.95634668454576144e-01 8.58305918840957384e-04 0
3.01402056254211459e-01 5.59258612658554725e-04 0
7.63644482209561576e-02 3.33910224380574022e-02 0
2.99157577442047518e-01 4.79795507331392753e-04 0
2.97686568172702837e-01 3.74642051236232605e-03 0
3.02514460331966717e-01 7.07729753111225896e-03 0
2.99176184962804959e-01 1.78150756217847293e-03 0
3.05384558186790445e-01 1.04260435872295817e-03 0
4.10691538910640669e-02 2.76959034662880368e-02 0
3.01258563030123716e-01 3.32249362403778991e-03 0
3.00651668401487271e-01 1.59108021352156906e-03 0
3.00214623471879771e-01 2.51797053981915944e-03 0
2.95868270967873936e-01 1.83279577394382083e-03 0
2.83950736721904073e-01 4.56650801622463919e-03 0
3.00027098396846770e-01 4.43660760825042612e-03 0
2.94200060001527430e-01 2.88843511316998029e-03 0
4.13081100453999595e-01 4.72328469542769858e-02 0
2.99274473943481112e-01 4.63297220049223627e-04 0
3.06709658153407450e-01 1.23579897603714427e-02 0
2.97738069099706015e-01 2.25514958504349251e-03 0
2.90772542258872391e-01 1.41618487125898234e-02 0
3.48646033245531395e-01 1.00927583215060616e-02 0
3.23842039025320494e-01 4.98550840710060145e-02 0
3.00462064567359688e-01 8.44407363021560352e-03 0
3.64652012850254059e-01 1.68633962372481711e-01 0
2.90955710696683800e-01 5.02395107364929459e-03 0
3.00053161186628892e-01 7.77319943181675223e-03 0
5.33239400997903346e-01 1.38397156337822902e-01 0
3.40231630430614940e-01 1.00119526186571356e-01 0
4.44821070322108436e-01 1.68253009698867612e-01 0
2.82254665220745438e-01 2.01562362773890572e-02 0
3.01781002209084881e-01 5.30012195044012469e-04 0
3.53170092796451507e-01 2.43428675101293901e-01 0
2.97686578574079430e-01 5.48725175738873795e-03 0
3.39611368384393153e-01 1.21868712377098173e-02 0
2.25471032744595762e-01 1.97353257919267687e-02 0
3.98059954211558431e-01 6.54431656577058318e-02 0
3.00427544283982273e-01 2.55695031866710150e-03 0
3.00644973731742815e-01 1.02977389655899421e-02 0
3.00643890770147471e-01 2.41777950769824120e-03 0
2.82537134030492798e-01 3.30886812430829236e-02 0
3.76395538436035126e-01 1.92672070055180562e-02 0
1.28356311850390870e-01 1.23336623099109963e-01 0
2.89870368384970545e-01 8.14245960686096719e-03 0
2.99411639838432442e-01 4.33251063866298830e-03 0
4.88246709463028172e-01 6.42456413292011586e-02 0
2.97147451722366951e-01 4.87488179991362965e-04 0
3.01597615469492097e-01 5.71217995961155467e-03 0
1.89522958040159367e-01 2.45971816333370660e-02 0
3.00823138279206377e-02 1.14768629734563130e-01 0
3.74896127320223805e-04 1.16446378951881955e-02 0
2.25685111096822488e-01 2.87221334652653301e-02 0
3.96568533009831026e-01 2.09813705295051250e-01 0
3.00234571182931509e-01 1.70126621671652569e-03 0
3.00214362652031108e-01 6.94035620942288697e-03 0
1.70797635870260200e-01 4.33111413429876774e-02 0
2.98367400307850306e-01 8.78385608295979749e-04 0
3.11322511667609492e-01 1.10417636867265832e-02 0
3.01285238984326131e-01 9.13777579097515657e-04 0
5.26758997658036909e-01 9.98951414449878172e-02 0
2.98669739692116409e-01 1.57958139541365607e-03 0
2.71555023551205754e-01 1.50225897934058474e-02 0
5.43888418574168697e-01 1.32745473550218401e-01 0
3.11253545974121137e-01 7.56055650014518434e-03 0
2.14567764304797043e-01 2.86592700417622366e-02 0
2.72156930980083367e-01 2.27080893141652251e-01 0
2.84884753044437555e-01 2.22474941462116292e-02 0
3.30027741443368772e-01 3.27532343753465238e-02 0
4.75053057784978916e-01 5.43844904121070088e-02 0
3.09979509496612293e-01 8.90484221840462387e-03 0
3.82050076127277149e-01 9.01105800784928329e-02 0
4.48489817563965720e-01 1.84291655300632851e-01 0
3.06233096177677244e-01 5.49359960814476550e-03 0
3.00624456191693645e-01 1.99366829446967096e-03 0
4.37634324278314446e-01 1.36099653616845923e-01 0
2.84361651960751693e-01 1.44599467147199703e-02 0
2.83020357699100111e-01 1.93730614869373381e-02 0
3.00542692896201502e-01 2.24954043516998421e-03 0
4.29983404067733110e-01 1.97676435401673539e-01 0
3.06594066850748026e-01 1.50055006012722564e-01 0
1.87776726017454182e-01 4.05194399523492246e-02 0
4.17115040008658899e-01 4.65385371145513593e-02 0
2.94137479778811883e-01 5.86792552222663993e-02 0
1.74815175248735660e-01 2.03742024698818275e-01 0
2.62377836035858458e-01 1.92472791473111450e-02 0
3.12650646343963057e-01 7.89266894501016066e-03 0
2.64865213713757264e-01 3.41495108404109848e-02 0
3.01146518873850411e-01 8.86700830289372118e-04 0
3.21302680492102311e-01 5.14719255487346011e-02 0
3.02864953914577351e-01 3.41110008439440403e-03 0
3.08184836111542348e-01 1.15932598390417266e-02 0
2.95327997578329726e-01 1.20513143229452192e-03 0
2.42877408636407277e-01 3.33470588225988282e-02 0
3.00716561520577408e-01 2.13707459155865242e-03 0
2.99948418294699204e-01 1.02130737744056009e-03 0
2.95878010047450291e-01 1.90830805335727056e-02 0
3.02042650829255022e-01 3.47723293556179234e-04 0
4.39760872282953519e-01 5.84359829200567366e-02 0
2.95997663445177472e-01 2.24004968195710193e-03 0
2.86305007285706348e-01 -2.02645964531021535e-04 0
2.82006485923797512e-01 1.53752152096716416e-01 0
1.96760369772142792e-02 9.18412053223431335e-02 0
3.34385270505995147e-01 3.41087965118003003e-02 0
2.98106915538958794e-01 2.48127956350340066e-02 0
1.94023657579358549e-01 8.89088110273073967e-02 0
2.99390270166376316e-01 4.81039062831218125e-03 0
2.97464237495703887e-01 1.14205360637725049e-02 0
3.51464446304361688e-01 2.26803306045396752e-01 0
3.01400448595908588e-01 7.32342566752717974e-04 0
9.74237254413952425e-02 7.48404778031386553e-02 0
2.95429405530104605e-01 9.60359656047296041e-03 0
2.99067995491007654e-01 3.50246209203576792e-03 0
3.37036942644975301e-01 6.97399386329921878e-02 0
3.00199053101453006e-01 5.86504525440831141e-03 0
2.87634534455353141e-01 1.16712858868244247e-02 0
3.04952155318516049e-01 4.52571252704587774e-03 0
4.32893832028637571e-01 4.48318199480342017e-02 0
2.96488119814973194e-01 2.70068703993939924e-03 0
2.74534740060174698e-01 2.12813359120045294e-02 0
2.97656037369308624e-01 2.41767439890592118e-03 0
2.70405452182794215e-01 4.56221589443634029e-02 0
3.00673810626660487e-01 3.18848492774404836e-03 0
1.31708574353890190e-01 1.79923406357801102e-01 0
3.00709757470169925e-01 1.92956864030202646e-03 0
3.00343765989783129e-01 2.06889983200023208e-03 0
3.08335672445652964e-01 5.18502446077558510e-03 0
3.06447753651870602e-01 1.04240858880778470e-02 0
3.09620232412369134e-01 3.75137787392543654e-03 0
5.21414687458948589e-01 6.86716135450732151e-02 0
2.78972601252138130e-01 1.44206751932400871e-03 0
2.89457293013833827e-01 3.12543315680777548e-02 0
3.00073539692164160e-01 2.38093673068388552e-03 0
3.00515183434123145e-01 5.80358759375855515e-03 0
1.40222993887539088e-01 1.68490281279966347e-01 0
2.26658720459629537e-01 1.62725525635857099e-01 0
3.34153293552178654e-01 7.84795454392630820e-02 0
3.01647622985906250e-01 3.09290811474839103e-03 0
2.38337072097677016e-01 -2.52271813389657804e-03 0
5.19239458428467637e-01 1.61162153803179914e-01 0
4.04011197870290328e-01 2.31951919605669077e-01 0
3.02850304322495323e-01 4.20575490458955422e-04 0
2.99183500163672178e-01 6.54261516552086860e-03 0
2.93581342548572932e-01 5.14893974052679521e-03 0
3.15233973580930527e-01 1.31040434436256238e-03 0
2.96817621983285596e-01 7.92228550724248829e-04 0
1.93522930885707017e-01 8.52884295283814070e-02 0
2.96960855183105443e-01 2.57120273692734149e-03 0
2.90263968123128713e-01 9.45167361828845587e-03 0
2.98186328960469538e-01 2.18745119634504567e-03 0
2.95885686977153395e-01 1.97335334234602332e-02 0
3.57270062161260560e-01 4.09453323937630856e-02 0
3.10948900315059895e-01 7.60380699890766780e-03 0
2.99961294362967867e-01 5.45777637072612180e-03 0
4.08516860643257096e-01 1.45188414037673796e-01 0
3.01371020526419509e-01 1.45749804914278576e-03 0
2.96126142268817449e-01 1.11824482492514036e-03 0
2.97762636835819938e-01 9.46698960054601080e-04 0
1.04712543266701097e-01 -2.38552368464517231e-02 0
2.98353248442926433e-01 8.57298473565740356e-03 0
2.81632747912238690e-01 1.64312551578112941e-02 0
2.54530130590307713e-01 1.20346342072546308e-02 0
4.79085906847622922e-01 1.78758915098157972e-01 0
5.00334561673106082e-01 1.75910788728561501e-01 0
2.96949004604565303e-01 6.81182732656445940e-04 0
2.93706971540263539e-01 1.54333715616744842e-03 0
2.88060450084372088e-01 1.63576149229049984e-02 0
3.16069769119750099e-01 1.17661738287174703e-01 0
2.95836999844880266e-01 8.97717242478712762e-03 0
2.17503693330118320e-01 6.73407147158218283e-02 0
3.06634025243427699e-01 1.19186405492083571e-02 0
3.08527725278781528e-01 4.17521148600868931e-04 0
2.55969189437441291e-01 9.37549135749182749e-03 0
3.06408550995986295e-01 3.05796019395031780e-02 0
2.96328061756828964e-01 2.32845466486407502e-03 0
3.01329075973290728e-01 8.55319575809764562e-04 0
3.01820035220482952e-01 4.37322251174934937e-02 0
3.02128800952716270e-01 6.30586545513905244e-04 0
3.59852153697785115e-01 2.43317718895741886e-01 0
3.29271734290911611e-01 2.42262429369374060e-01 0
2.93486194613064910e-01 3.20917626512142546e-03 0
3.38646038593538201e-01 4.79096419373856025e-02 0
2.84957527297597268e-01 5.35116129394124299e-03 0
2.99801605418789363e-01 1.05949824488530677e-03 0
2.99638713592325467e-01 7.29926928917511478e-04 0
3.02507598965021829e-01 1.50739383800332388e-01 0
2.95400319921555743e-01 3.12435564223474335e-03 0
2.04129821627152819e-01 1.26956349751718073e-01 0
2.95719184889923270e-01 2.62676425673264010e-03 0
2.90442430055061207e-01 1.45122418071506835e-02 0
2.84932130838050135e-01 3.08666731381072390e-03 0
1.44986412407742654e-01 2.26853095244640091e-01 0
3.62319434691063536e-01 2.76772690483533812e-02 0
2.97164338321997290e-01 2.91150860316172645e-03 0
2.97792285295140735e-01 9.03631604690612478e-04 0
3.02478178029957745e-01 2.57398406854263606e-03 0
1.56202524170515805e-01 2.78797430702128028e-03 0
1.34964303754191439e-01 1.57219098635816429e-01 0
3.93974094495755878e-01 2.42733529647726154e-01 0
2.96063140924851365e-01 2.71933186991999950e-03 0
3.02698025520329261e-01 2.32056186352113010e-03 0
1.93220685266791203e-01 1.88210760609421018e-01 0
3.34234222942954573e-01 2.43006113594967654e-02 0
3.18120201514032142e-01 1.48575004493516115e-03 0
4.50491321533742439e-01 2.07669924079817964e-01 0
3.00265195163437304e-01 1.60559512993367170e-03 0
2.94753679855466577e-01 9.51717613194666846e-04 0
3.48221113034705543e-01 2.21448128290029668e-02 0
3.00223909779665288e-01 1.07344837709411338e-03 0
3.01391300069611401e-01 7.65677236134227062e-04 0
3.02276118853566367e-01 5.73635855057263739e-03 0
4.38594604532680954e-01 2.18005891727055479e-01 0
3.01240998773129764e-01 1.34780970884017465e-03 0
2.91865533292297530e-01 5.59379780619535198e-03 0
2.95929222275108150e-01 7.06111083735906780e-02 0
2.96744343340171579e-01 1.14764884314050609e-02 0
2.97626784660229071e-01 4.18093225037951925e-03 0
2.99082604895812620e-01 4.97300909932236850e-03 0
3.07824141396151718e-01 1.40245618856971472e-02 0
2.96393131969043877e-01 3.38843592920847923e-03 0
2.82959504988473276e-01 1.78024064896626123e-02 0
4.73731392318388400e-01 1.36263665396590655e-01 0
1.80247224336195139e-01 4.50525289213795366e-02 0
7.88924751923925638e-02 4.15344104375499346e-02 0
2.98124435027092904e-01 3.14104452007346038e-03 0
3.00401846389141913e-01 2.13579579837417472e-03 0
3.17154742527578637e-01 2.26851342562648037e-02 0
2.96514946442777205e-01 2.58811777908167680e-03 0
2.94543324174724397e-01 8.33597855239588681e-02 0
2.82529780927202434e-01 4.13120560540578552e-02 0
3.01517017015317523e-01 1.45110727301737594e-03 0
2.96048150300133039e-01 1.78294397248702531e-02 0
3.10048385844538976e-01 2.87878712689504934e-02 0
3.06933135354953812e-01 7.46801033357525623e-02 0
3.01450985973123642e-01 4.62028473878372593e-04 0
2.97828536094080720e-01 4.66215362613019439e-04 0
3.05998368965351208e-01 6.44027474958605464e-04 0
3.00383187570558652e-01 3.61935709662414718e-03 0
4.34449226987347170e-01 1.05716127702702875e-01 0
2.62741274209830733e-01 5.41133632786806418e-04 0
3.02500441038748347e-01 9.09702257604424851e-03 0
3.35493814301412896e-01 8.21526936612300834e-02 0
2.98481639066090210e-01 1.25353443259676803e-03 0
3.48789974621672660e-01 1.94728730319700225e-03 0
2.97720700165416297e-01 1.03589305474731126e-03 0
4.30015410694328915e-01 7.05552243412660707e-02 0
2.99618609342585107e-01 3.22798380213378542e-03 0
3.11179799169845617e-01 4.66285348205168655e-03 0
2.86426816839033760e-01 1.62255798119359945e-02 0
2.95941335361626201e-01 2.31647435631781532e-03 0
2.89959093358153119e-01 1.04230248384805588e-02 0
4.20925742937896419e-01 2.99189201197510822e-02 0
1.06513841635909504e-01 6.59152095523645315e-02 0
5.06085358913386588e-02 6.99225266968924175e-02 0
2.99334520649365388e-01 3.48250231634464412e-04 0
2.99450045573396384e-01 8.47122880806935917e-04 0
4.36191917246078864e-01 1.52900156623385935e-01 0
5.23048344043595570e-01 1.12345915470290533e-01 0
2.90042530223372952e-01 1.19441342297406175e-02 0
2.88761685119736156e-01 1.26953934760722538e-02 0
2.88262176770384071e-01 1.47965511483938005e-02 0
3.01557339375187194e-01 1.34600208955195635e-03 0
3.02133443536462709e-01 4.21774508128117554e-03 0
2.97561998365613423e-01 2.72262614940266138e-03 0
2.96654501140327542e-01 9.11929280065068917e-03 0
3.08906290944753859e-01 1.52487077313678051e-02 0
1.74747593025906756e-01 7.45129467114291795e-03 0
3.01211325929743590e-01 6.39438632639239418e-03 0
1.00293022520607719e-01 -2.80328890160785674e-02 0
3.02243516368073228e-01 9.31524571353023814e-03 0
3.45015846261978065e-01 3.65172236265660088e-02 0
2.92121564394390965e-01 2.53067466180186031e-02 0
3.73110638335519718e-01 2.35976328538054614e-01 0
1.75534437978916380e-01 3.46009274766244726e-02 0
2.96936388974724352e-01 2.65767943108519969e-03 0
2.99563605027629298e-01 5.92452938662295370e-03 0
3.01253406101861410e-01 1.07690986149743193e-02 0
2.20134984483900509e-01 2.04923697995242175e-02 0
3.03834466820839422e-01 1.57948560784801385e-02 0
2.37559027764039143e-01 2.07298928000776206e-01 0
3.00555482286741060e-01 1.64330404567633549e-03 0
3.22295416589340411e-01 1.49203980571078532e-01 0
1.15130717590567436e-01 6.35002439427587856e-02 0
2.99404131532647888e-01 2.45269605231359560e-03 0
3.00788004593462055e-01 1.84247549929826755e-03 0
2.96506908478322839e-01 5.76597382866778016e-02 0
1.75258274307184908e-01 1.95686312289300363e-01 0
2.50185724608339821e-01 4.29711660931696923e-02 0
2.98990981441060899e-01 2.24176106783467111e-01 0
3.18938390191007226e-01 2.42532424903323766e-02 0
2.80022258204408570e-01 2.66859429381239160e-02 0
4.11083209283581497e-01 4.54921943519576849e-02 0
2.97175976400028352e-01 9.12843120277764488e-05 0
3.25578781573882758e-01 8.88031818463123623e-02 0
3.08480622365138624e-01 1.58613429601800505e-02 0
3.00177099232958433e-01 1.05130879312303875e-03 0
4.51745153075730821e-01 1.21625428596372126e-01 0
2.99976742620201464e-01 2.20622137368028590e-03 0
4.27830401930859250e-01 2.18202119096559927e-01 0
1.24943322922238531e-01 -1.96264014303564223e-02 0
3.01838898532151900e-01 1.47056482328123458e-03 0
3.00049334256860423e-01 2.29468368960387969e-03 0
2.71108525733161521e-01 1.53904987288535390e-02 0
3.00662315032689753e-01 1.83844872436748799e-03 0
3.40355461814762283e-01 1.04184051038834092e-02 0
3.08082271785304340e-01 2.75392804891380939e-02 0
3.06093836710637501e-01 3.84614773100685065e-02 0
2.37416269913356875e-01 9.26059778523210392e-03 0
3.09415676973092191e-01 1.37478422916238610e-03 0
2.92491562892299883e-01 5.68145211015433360e-03 0
2.23440255768402624e-01 8.12136252552506238e-02 0
4.50425105310494567e-01 3.06701970817044728e-02 0
2.96933168852942131e-01 3.34115028365997873e-04 0
1.89010235202550975e-01 5.47139361086376591e-02 0
3.16752161495209739e-01 1.36008039763969319e-02 0
2.28526469057886400e-01 2.41257516070029609e-03 0
1.31189667649090375e-01 -1.03150287155267077e-02 0
2.90792003848061364e-01 8.49053187137662480e-02 0
3.34341424148545618e-01 1.43419725034949347e-01 0
2.99046769923796418e-01 3.27426016774304707e-03 0
2.89561243507299504e-01 1.54205638411848062e-01 0
5.00855408374324296e-01 1.53984102159283542e-01 0
2.95467120844661479e-01 2.25270572709666524e-03 0
3.58182061474430047e-01 3.31840151649236137e-02 0
4.57994891042835361e-01 1.76483282231439276e-01 0
3.18219557064964076e-01 1.42155135748566266e-02 0
2.62455160713560454e-01 2.24136236296265612e-01 0
2.97251525451490028e-01 4.23774688584809944e-03 0
3.07462665268339486e-01 1.08386152982834997e-02 0
3.02414930585779451e-01 6.87401614303521837e-03 0
5.29001876037353935e-01 9.02101612325603153e-02 0
2.97467715934638943e-01 1.75854102231657629e-02 0
3.01121689683247096e-01 1.51056045972481571e-03 0
5.09886807960861499e-01 1.60297312770783129e-01 0
3.00794117021727148e-01 1.08081455469205751e-03 0
2.98558971692449771e-01 1.25843679267729244e-03 0
2.41168419383688215e-01 2.09236949984283632e-01 0
3.32189594465401639e-01 7.81992259922196231e-02 0
4.15136879876994325e-01 3.77097951929368166e-02 0
3.12107086578113535e-01 3.88950802758947700e-03 0
3.47470276013558788e-01 1.46977884598313818e-01 0
2.50984677922912902e-01 1.43814215973178533e-01 0
2.89459965209271031e-01 2.04190497601317760e-03 0
2.99742261174449631e-01 3.67883531289726895e-03 0
1.88572264713759818e-01 2.43000921296758737e-01 0
8.43885857907982206e-02 1.82259975548433706e-01 0
2.95509568634109709e-01 7.22960813951048671e-03 0
3.39478371957524450e-01 7.43120483526596015e-02 0
4.71357389631891999e-01 1.13260284621336443e-01 0
3.41376964370338098e-01 4.62799607854133023e-03 0
2.34328409372617702e-01 -5.57368540994121388e-03 0
2.95944327755524095e-01 6.83210068572084276e-04 0
4.73724868263254606e-01 9.55927532761183529e-02 0
2.82158155673491118e-01 3.18577414311135704e-02 0
2.96363457664190255e-01 8.71392220375681267e-04 0
2.39026945678055824e-01 4.93713621003694439e-02 0
2.98448257002461859e-01 2.36838293238673340e-03 0
1.61440901674368725e-01 3.70018277477175972e-02 0
3.01322462443708750e-01 7.18678266083996181e-03 0
2.09861832510201463e-01 6.70161587734417613e-02 0
4.00051808123936925e-01 1.86830647237727882e-01 0
2.99944974718455659e-01 1.04065104875207797e-02 0
4.33772105334260527e-01 2.21444069520986025e-01 0
3.08430912046445460e-01 4.28065412716500081e-03 0
3.01502215996092116e-01 3.52205806895913333e-04 0
2.84839400158346245e-01 2.07367966398198482e-02 0
2.94246687995409872e-01 7.60864529261659549e-04 0
3.01508348480976629e-01 1.50457547422128569e-03 0
2.89377845089830443e-01 6.41441923281636101e-02 0
2.82354716537184525e-01 4.29598571391166667e-02 0
3.00412004147618095e-01 1.53456341944249752e-03 0
4.64873023803224761e-01 1.69776175637346760e-01 0
2.95541628983431337e-01 2.20707675786572513e-03 0
3.57031108892301330e-01 3.03942844707815168e-03 0
3.16807220233872477e-01 1.63469589083870548e-02 0
3.04227630269755633e-01 1.65027724220521131e-03 0
3.51176323320329387e-01 1.25973097241621201e-01 0
2.78610439532017196e-01 3.99811549479206301e-04 0
2.97655605365462539e-01 2.53041711103677144e-03 0
8.50461420908432547e-02 1.14469280220193356e-01 0
2.85617566085388297e-01 1.79216226247400842e-02 0
2.98025609052875340e-01 3.88448235468674685e-03 0
3.10599109772617177e-01 3.03677167547132618e-03 0
3.02655983910739390e-01 4.45662380424112770e-02 0
2.73269607014490545e-01 1.75142416307013798e-02 0
3.02382644304786452e-01 2.13977207237341094e-03 0
5.05967754212696796e-01 5.35285092202413826e-02 0
3.04248683924562724e-01 2.56712987643442159e-03 0
2.99826743102297122e-01 9.94169077851945852e-04 0
4.70585122245645582e-01 7.03602617716750228e-02 0
2.97100969760538292e-01 2.34206879798377378e-03 0
2.14515805987040009e-02 -1.43055877257757154e-03 0
5.24350438424625032e-02 3.25317324290474649e-03 0
2.01103362974856155e-02 2.24781116789579093e-02 0
3.54344862581345788e-01 1.82813910767452514e-01 0
3.01482614317164055e-01 3.30313994251644929e-04 0
1.90106529264212620e-02 4.40297856317966585e-02 0
1.64792748677687839e-01 -9.25169499643434430e-03 0
5.13563596895003860e-01 7.02474924861888061e-02 0
3.02749632915466249e-01 2.19915656087683008e-03 0
2.97332717997607632e-01 2.62462044723393460e-03 0
2.23257645330442733e-01 2.25583247979433132e-01 0
2.34331514623311102e-02 5.95938897774664772e-02 0
3.41875526468126523e-01 2.47140787624591879e-01 0
2.96208989311286586e-01 1.94623095343349770e-03 0
2.93666051585281029e-01 4.64179793038358400e-03 0
2.25392653076304128e-01 7.74480709308483922e-02 0
2.99790324364198668e-01 4.32486103217873293e-03 0
2.86278220216964530e-01 5.85238756887074968e-03 0
2.99703645617048486e-01 8.60935809650486758e-03 0
2.96123756111462910e-01 2.62320763461946832e-03 0
2.85178930581379830e-01 2.02767422987213085e-02 0
2.96376565370988221e-01 2.25760699669258665e-03 0
3.03632054263564377e-01 3.49634248503340704e-03 0
2.96699659267487981e-01 2.32999312035862957e-03 0
2.95790064070874659e-01 8.13981737940750426e-03 0
2.80954158838753909e-01 -9.02611409782789185e-04 0
3.86255377860428573e-01 1.99062781585350734e-01 0
2.28814473175821126e-01 2.25580015916049287e-01 0
2.99994624804123533e-01 1.21598749684134972e-03 0
3.07573482924872188e-01 2.69254763674384862e-02 0
5.31942100788039274e-01 7.95236954742754854e-02 0
1.07686397718395055e-01 6.28131856575725595e-02 0
3.16615029353784272e-01 1.37917809259553758e-03 0
2.97812275403015192e-01 6.39407198706636818e-03 0
1.76395553333984184e-01 3.44091311803198727e-02 0
3.85031247283516120e-01 2.21346937747298397e-02 0
3.33846351754758353e-01 2.51084501182425979e-01 0
2.66221335098835499e-01 -8.59479413082230004e-04 0
3.65417699061280021e-01 1.78412554194568806e-01 0
3.10580384518215458e-01 2.37291108882753095e-03 0
3.05151380948741724e-01 1.71333054263154358e-02 0
1.86827333654686623e-02 -1.40387752557973450e-02 0
2.90311575625661566e-01 2.41321121276791501e-03 0
3.02876527309251520e-01 1.09954751706854408e-02 0
2.95544694672531083e-01 7.02276041432150621e-03 0
3.99324505365306337e-01 1.36546582798588861e-01 0
2.65976600825225118e-01 1.12592492953179132e-02 0
3.26638488623261558e-01 1.59531323024706878e-01 0
2.83417866736821455e-01 -1.42489716915536387e-04 0
2.77058329499982881e-01 3.07222363195720008e-02 0
3.00488343493159504e-01 1.21772250044195575e-03 0
3.01577690710364221e-01 2.76954070355316280e-03 0
2.99128177848090704e-01 7.18567110652850089e-04 0
9.07718674807788950e-02 3.33057494975840043e-02 0
2.35128983776195732e-01 1.92677214867496310e-01 0
2.99839161315855973e-01 8.37014809958619346e-04 0
2.95289586008197213e-01 1.19247830080107808e-02 0
2.96728180162395050e-01 3.52647496980292539e-03 0
1.74301758918368910e-01 1.86114995752009627e-01 0
3.11919114522010710e-01 4.07022458053843336e-02 0
2.93274076275279627e-01 2.04337182397497505e-03 0
3.47900989096639524e-01 3.39687654964646035e-02 0
2.93022045187317837e-01 1.03651141231186320e-03 0
2.94148951985721552e-01 6.51374053294270956e-03 0
2.56473098265350474e-01 9.21057734105386605e-02 0
4.69076660447634741e-01 1.92348931820691793e-01 0
2.59199483218177429e-01 2.08465291944658848e-01 0
2.94698486053590614e-01 6.64186644676585253e-02 0
2.93602041744115805e-01 5.31347334139668521e-03 0
3.00756857462127380e-01 1.14678036186174198e-03 0
3.00607530558378855e-01 1.78106321622886711e-03 0
3.09876509141068679e-01 2.66192016721548859e-02 0
3.02319333367736920e-01 8.33649921914786726e-05 0
4.72430527288397850e-01 1.60897046973310726e-01 0
2.90417911548031760e-01 1.07911283365523460e-03 0
2.71698300547222549e-01 6.83321968472315328e-02 0
4.09769607846037998e-01 2.75195608639318412e-02 0
2.98014665787034283e-01 7.94962012384440968e-03 0
1.67510524204348005e-01 -1.32428482455672278e-02 0
4.12605510793231267e-01 1.79694816316287337e-01 0
3.36449461961243534e-01 5.01434442249161713e-02 0
2.99398309965644760e-01 1.71941626850328501e-03 0
3.21477862589535590e-01 2.66611895469251944e-02 0
3.03850559981642676e-01 4.15558654598020046e-03 0
3.05311503898912262e-01 9.98567862609325840e-03 0
3.02495966633382352e-01 1.94090468981168523e-03 0
2.97019925798421291e-01 5.72671446299210228e-04 0
3.05760248452701833e-01 6.22930604051425904e-04 0
1.48878636770270772e-01 1.43727297161916151e-01 0
3.03034590064390652e-01 5.12809388441193368e-03 0
3.13980372695031706e-01 3.47761875543316640e-02 0
2.14895809577761082e-01 5.87736170855012452e-02 0
3.01274813987715107e-01 1.01517973626111388e-03 0
3.19298624474146697e-01 2.83617739904852666e-02 0
2.13666490426813988e-01 1.30682641956756579e-01 0
8.64382198610921665e-02 -9.03726563705859105e-04 0
4.79112224179761514e-01 1.52272188199434971e-01 0
2.96635081325238026e-01 2.28763912324854760e-04 0
3.01854231922313199e-01 3.88247593882675704e-03 0
3.01631051264948213e-01 1.40144398785464839e-03 0
2.99972330272687604e-01 2.57949658628809199e-03 0
3.00368460920082736e-01 2.41465176511309774e-03 0
2.83834088292665987e-01 1.42614021538075092e-01 0
3.40543419528387514e-01 8.76246649083602981e-03 0
3.00533747934867701e-01 2.81136358956473806e-03 0
4.15570495156515507e-01 1.99042387498580664e-01 0
2.86862317613785223e-01 1.39757838591897279e-03 0
5.03781827287983902e-02 1.18325768510290710e-01 0
2.96978724245177406e-01 1.99111459734463946e-03 0
2.96422186691844669e-01 1.43261761637419188e-02 0
3.00049087896497424e-01 3.40337300245457030e-03 0
2.98919664477851788e-01 2.74838653995225024e-03 0
3.42903455230100074e-01 1.89823217721700049e-02 0
4.55774663690285964e-01 1.01787646096575798e-01 0
3.05574838792048609e-01 9.69555258035024667e-03 0
2.85465641070102083e-01 4.30640974357671957e-02 0
2.97847392677324130e-01 2.74549641106660702e-03 0
3.41108703462434049e-01 5.92773401623805304e-03 0
3.08480748510631120e-01 2.12693218329101409e-02 0
2.92012927944224343e-01 1.53625947825482972e-02 0
4.59741323131397261e-01 1.07338238247612752e-01 0
2.93168754024470346e-01 7.86859035634781580e-04 0
2.99481178984798257e-01 5.21253953806648240e-03 0
3.04406797264736184e-01 2.82750915835534378e-03 0
3.01052100553471036e-01 1.43600047765528294e-03 0
2.95791110506061716e-01 3.22254323810317825e-03 0
3.00068338665852585e-01 9.97817763673114130e-04 0
5.13135282294008288e-02 -2.32588245016772388e-02 0
3.03755146122876185e-01 8.24660587734798133e-03 0
2.97342800400307639e-01 2.42647970886173347e-04 0
4.26284871131985377e-01 1.14588093521636361e-01 0
3.03081358741171980e-01 2.38636899612602220e-03 0
2.94347303231126622e-01 7.42670414467242498e-04 0
3.13644403712660613e-01 1.18239792575124854e-02 0
3.07792585924488216e-01 4.96760073714895296e-03 0
2.99665909198080560e-01 9.26575260166161629e-04 0
3.02879611152122474e-01 4.57770547553734697e-03 0
3.09041764061871282e-01 2.06262811032868788e-02 0
2.99318913810830700e-01 6.22948167209726330e-04 0
2.71833295454773860e-01 2.03806944779531013e-01 0
3.01357991922371504e-01 2.91239640062240920e-03 0
3.03865023917952559e-01 7.28792812170791365e-03 0
2.94110086650777924e-01 1.09626841369043493e-02 0
2.96629175472913509e-01 -7.90769293528113956e-05 0
2.99473920502965840e-01 3.78819440972634933e-05 0
2.85810814419551196e-01 4.49620140936136184e-02 0
2.97818562654537433e-01 1.38837537895339681e-02 0
2.96322695023515770e-01 3.10149385530782834e-03 0
2.57414978229742963e-01 2.84600019867916922e-02 0
1.92762962175238223e-01 5.05243366752595666e-02 0
2.98732607842642772e-01 5.15002370266057739e-03 0
3.01651313761142015e-01 3.26876878153023465e-02 0
3.14457766078022338e-01 4.00033386668902924e-02 0
3.04439131085027903e-01 1.27982283717000531e-03 0
2.97928939837725892e-01 2.69000344097717530e-04 0
3.07541683506509789e-01 5.61917640985474462e-02 0
2.76351626398144479e-01 1.78499306410819548e-02 0
4.50170809340416991e-02 8.48597242927920103e-02 0
2.91571448943920786e-01 2.34275991360136104e-02 0
2.45829537101592360e-01 1.97511762887030741e-02 0
2.99202084524714251e-01 1.70362310847565340e-03 0
3.78798032569013121e-01 8.98479342452429830e-02 0
2.90576734828577210e-01 8.38772885911452486e-03 0
3.03541469279881237e-01 3.66333384908965878e-03 0
3.00575768639792684e-01 2.03565682536646034e-03 0
2.95986173043738754e-01 1.17347628107884513e-02 0
2.99879715203695385e-01 6.36682463221918942e-03 0
3.52860482822689170e-01 4.88969339293943359e-02 0
3.09431614972113411e-01 2.39749345101541089e-03 0
2.93768457820208884e-01 4.44963313092136114e-03 0
3.26570630420147737e-02 1.55705766215421485e-02 0
5.59079183032678007e-01 9.16308575512891355e-02 0
3.13343845709852131e-01 6.94330111134153650e-03 0
2.21524393660024292e-02 2.99353826827900918e-02 0
3.01119574244903931e-01 1.28238480803451334e-03 0
3.04178384764876519e-01 4.40226307537826701e-03 0
2.25633335552421849e-01 1.76748850357839812e-02 0
2.94260888333061299e-01 4.35030651885163436e-03 0
2.95876833917556203e-01 6.05033408868623033e-04 0
7.91806506015627215e-02 9.73525641841503087e-02 0
4.75456501293020292e-02 -2.47201933287483980e-02 0
2.84132908987494937e-01 2.20443746619249759e-01 0
2.96868353825308351e-01 3.92003150638098221e-04 0
1.26298311360913684e-01 1.40584673011976802e-01 0
2.90954128690684155e-01 1.52053670522765065e-03 0
2.99668680699434475e-01 3.99777468958056794e-03 0
2.98228636216892051e-01 2.35006245632432206e-03 0
3.01677768490816733e-01 7.18375753268660601e-04 0
4.19382788595488609e-01 1.60704988644786356e-01 0
3.36920707087158100e-01 3.60082782464456880e-02 0
2.69763305772611262e-01 1.85764673490438105e-02 0
2.97138614767150866e-01 1.25183158082269388e-02 0
3.13460212146227379e-01 5.88728820392537752e-03 0
3.25551361663164451e-01 1.50037360629393622e-02 0
3.01164981726360137e-01 8.94799087147790445e-04 0
2.91841185475552878e-01 8.72123272642804231e-02 0
2.67495177609295809e-01 5.78440784004440219e-03 0
2.80899390916490854e-01 3.76945599747105092e-02 0
2.96819521249749085e-01 2.87829897841342108e-03 0
3.00738378226632408e-01 1.10015558997078795e-03 0
3.01568304216939642e-01 6.15208895960343578e-03 0
2.99780479911506414e-01 4.72409178489225420e-03 0
4.28726059224732614e-01 8.21030288879328746e-02 0
3.16552047461129138e-01 5.34508181239711378e-03 0
2.85351486666678589e-01 1.20187129979726810e-02 0
2.49800538495164454e-01 1.30909822124085001e-01 0
2.83698925106096345e-01 8.19775938236180172e-04 0
2.82853518032930518e-01 1.28038111116785969e-02 0
3.05141083103382726e-01 4.88027150582084381e-04 0
4.45635988469633981e-02 8.58780123007948093e-02 0
2.88345750449590821e-01 7.74691919112026894e-02 0
3.48078837595815205e-01 5.52100788156605418e-02 0
4.77786868616583774e-02 4.41358725701679541e-02 0
2.35850080267434509e-01 1.26441677688876564e-04 0
2.80446120814656918e-01 1.68370877442229963e-02 0
3.03881535515905188e-01 6.20780366621555713e-03 0
2.94945975204273070e-01 6.75977048320624500e-03 0
4.75761032000711070e-02 4.50351709491808652e-02 0
3.02461435689716451e-01 2.18471327431382385e-03 0
2.63975862625058233e-01 6.65220579955880676e-03 0
2.57619156502420177e-01 -2.41089481203719813e-03 0
3.00457239331432813e-01 1.13779126920307430e-03 0
3.30819554317948461e-01 3.86167626176527681e-02 0
2.59974166031126996e-01 5.49747921823042843e-02 0
2.68835987204298077e-01 1.41121771262735118e-01 0
3.00227789690957092e-01 1.46978657086827957e-03 0
2.96477517840526728e-01 1.62711946299856679e-03 0
2.97141298369341056e-01 1.72920202487125306e-03 0
4.60660925054365622e-01 2.02709751726005249e-01 0
2.96747010628399366e-01 2.27418580054655978e-03 0
1.76639332720380821e-01 -5.24590091524889095e-03 0
2.90457607906829895e-01 2.47428720670358083e-03 0
2.95340762323519301e-01 1.07501125532961268e-02 0
2.59385956831757747e-01 2.63314446472892628e-02 0
3.04427427838623088e-01 1.12239413811205334e-03 0
2.98157812293015190e-01 4.73818809635413295e-03 0
2.92520070684136435e-01 1.39261677076009931e-02 0
3.00389975228732398e-01 3.04374766619378880e-03 0
2.94367092941717978e-01 5.60999538422804304e-03 0
2.97066615570972747e-01 3.11568932584544269e-03 0
2.97701504192764754e-01 1.47033302375909735e-02 0
3.01369357169808560e-01 6.34134705100193466e-04 0
3.03242343174097428e-01 3.44314341403714579e-03 0
3.33781010633668107e-01 9.58833619677901261e-03 0
2.96835972292576966e-01 8.15126089243299601e-05 0
3.02628418991579329e-01 1.76019320047096015e-02 0
3.00236453740621689e-01 2.58385840928337333e-03 0
1.51729972891703313e-01 9.14719667629956823e-02 0
2.99985489486887191e-01 5.02295355977057552e-03 0
4.18215400759396227e-01 6.61586180656770773e-02 0
2.08585820836382829e-01 2.42544444763597072e-01 0
1.86007951814638750e-01 2.38340045166807929e-01 0
7.00070828354054375e-02 -1.43018359950338250e-02 0
3.16406287023240473e-01 2.41767383186598621e-02 0
2.89362952706454291e-01 3.60064628487039235e-03 0
3.10823133021429832e-01 2.79320637841962115e-02 0
1.37357950117702687e-01 -7.94212095029672542e-03 0
2.69294516257184757e-01 4.22775186515575024e-02 0
3.04270092039878814e-01 5.95798658911524722e-03 0
3.01473031452272666e-01 3.58203386672787836e-04 0
3.00870205626376563e-01 3.09165207104705395e-02 0
2.20675730306424955e-02 -3.75109630207764375e-02 0
3.02984822799255260e-01 5.82574113005267097e-02 0
2.92187068509654368e-01 5.18937961650630785e-03 0
3.07753941346324500e-01 3.36024751793183958e-03 0
2.90855973175633609e-01 7.44686088152867881e-02 0
3.11796041892071274e-01 4.86679428384547818e-03 0
4.50256124595131924e-01 1.00242744401721304e-01 0
3.00289265114042025e-01 2.76231611927178029e-03 0
2.49707089744274774e-01 5.28595037544162330e-02 0
3.00382619660396699e-01 2.36397016725012907e-03 0
2.97265900068599986e-01 1.27852425215467663e-02 0
3.01296729160761778e-01 5.27555475284787693e-03 0
2.99491221906396710e-01 1.35655549436105140e-03 0
2.97835280607371522e-01 9.07459967934844298e-03 0
2.81530773946357060e-01 9.24087427026778624e-02 0
2.80289009672436806e-01 2.59080483455853168e-02 0
3.27541602737033588e-01 3.11280731327104668e-02 0
3.01077848971189665e-01 9.48847370180347046e-04 0
5.36893298717313838e-01 1.42391919168195408e-01 0
2.60866690766073162e-01 3.34396587741039100e-02 0
3.05237968208888710e-01 2.83078136336475418e-02 0
2.71911781603116631e-01 2.80613216698935609e-02 0
2.93202640972077766e-01 4.24472242484120587e-03 0
3.03512445816126297e-01 7.87636926874032278e-03 0
2.53773295665965792e-01 8.37944808096726945e-02 0
3.11749103529377958e-01 1.10987245253624470e-02 0
3.03116910397083217e-01 4.41423493602611378e-03 0
2.97340246804252417e-01 2.49471108052793256e-03 0
1.24406156887833019e-01 3.51419152110446567e-02 0
3.02238761895559149e-01 1.83703801597406976e-03 0
4.60062037820416325e-01 1.53644549232882177e-01 0
3.60386589157524140e-01 1.23050919477306078e-01 0
3.04037869095919067e-01 4.58298832836368398e-03 0
2.98656259313268557e-01 5.56965610593144773e-03 0
2.57126127967538198e-01 3.68399883665491978e-02 0
2.99099138671183318e-01 6.17323672801284328e-04 0
5.17207075776037528e-01 8.72343101551252831e-02 0
3.32643894207565571e-01 2.30917324395667450e-01 0
1.22974113115209754e-01 5.70264972745210871e-03 0
2.46868072630285457e-01 1.66702051654278212e-02 0
3.00666944982514173e-01 3.53418377611126400e-03 0
3.15258298679894799e-01 4.81802614154674003e-03 0
4.70888681830592564e-04 -1.63163089630893529e-02 0
3.44353068970659759e-01 1.78739546536891142e-01 0
2.35582004930676103e-01 2.54209843280985559e-01 0
2.93363485802357604e-01 2.42422580169198267e-03 0
2.97774729177533504e-01 6.83221963185254039e-03 0
5.01252040772319774e-01 6.80409595687238439e-02 0
2.82743679327881581e-01 3.36106936376601682e-03 0
2.79980807058269221e-01 1.24632571608638259e-02 0
3.05225336712989959e-01 1.28134435046687555e-02 0
2.30668613493678676e-01 2.42850768305076320e-01 0
2.99060959502787382e-01 3.20098137079415221e-03 0
4.02198286556229578e-01 2.60177421413077294e-02 0
3.09460074123180551e-01 7.31694434518135282e-03 0
2.74048969791933520e-03 3.71544587189908820e-02 0
1.26634740612917435e-02 7.65699594580235149e-02 0
3.02766684047134971e-01 7.21811064291727911e-04 0
2.79324745185771717e-01 2.95845100121197475e-02 0
8.71452218417769070e-02 1.14039463787887263e-01 0
2.39405826039679082e-01 2.26764131912644717e-01 0
2.85161155071687544e-01 1.84215765812270507e-03 0
3.09711189531594711e-01 5.58454522435510164e-02 0
2.54828977323259431e-01 3.43850164478423255e-05 0
2.17159847634257330e-01 5.97429544215456118e-02 0
2.99704453313114849e-01 8.34984437523608259e-04 0
3.04921502271821521e-01 1.13595417861999380e-03 0
3.78564675108693099e-02 1.46690206844673054e-02 0
2.77797217736067914e-01 2.28416663304928311e-02 0
2.97575679163790519e-01 5.14696810920625518e-03 0
3.04859651357007877e-01 4.73781229646097002e-04 0
3.00580383360486258e-01 2.88503164591171011e-03 0
1.97076422566076770e-01 3.47422790448067634e-02 0
3.01833284280640601e-01 2.96086044141942450e-03 0
2.67377973293126625e-01 8.72436739127227696e-03 0
4.64785427855852917e-01 6.22946914825249567e-02 0
4.30246491927441688e-01 8.71945914590681048e-02 0
3.11478358577802816e-01 2.76777877219954631e-03 0
2.91022122728294363e-01 4.62506610617067766e-04 0
3.84665115296918159e-01 1.96734154029454961e-02 0
2.68937872461502081e-01 1.40885112331673133e-02 0
3.03753761290343705e-01 8.15584611598501180e-02 0
2.96207906716862646e-01 3.36162065086616701e-03 0
4.13255394565894441e-01 2.26189751180299797e-01 0
4.29612470410038028e-01 1.54034315668742011e-01 0
2.88693026461385067e-02 -2.77209045650287540e-02 0
4.67934243739724642e-01 1.44858345111666120e-01 0
3.08966955766352913e-01 6.99142452668548037e-03 0
3.56843731242436235e-01 6.14733720100061262e-02 0
2.97914990637718535e-01 2.32411487316656505e-03 0
3.37154075893065230e-02 -2.71684217146314043e-02 0
2.97835884742850943e-01 2.63122520835202232e-03 0
3.02020022559745527e-01 1.63254659033638706e-02 0
3.02361667134967704e-01 1.69318413959263772e-03 0
3.00396512443765196e-01 1.40279313455744705e-03 0
2.98157917969253672e-01 2.49953533859525057e-03 0
2.99656512825070331e-01 5.98905507806664003e-03 0
3.53582774533193644e-01 1.53868538955761830e-01 0
2.77005796950976768e-01 5.31976733025789090e-03 0
2.52650177531997200e-01 -3.07349572862367906e-03 0
2.19151162481360136e-02 -3.44110277637431827e-03 0
3.00095723920102475e-01 1.87997307304164224e-03 0
2.88766007193369312e-01 1.99565620976298486e-01 0
6.96779130471448793e-02 -5.55268605558606812e-03 0
2.87343644429513823e-01 5.71238080510027960e-04 0
3.00986074601719056e-01 1.00332705951200018e-03 0
4.61583492786688809e-01 7.20443780433464437e-02 0
3.00850707218052460e-01 2.43803794732790589e-03 0
2.98716505008793709e-01 1.43453394938634644e-03 0
3.01165146283906227e-01 2.48533619006342712e-03 0
3.74030200457294848e-01 1.81585036514650064e-02 0
3.02598515492945086e-01 1.19526054135213572e-03 0
2.93897065766418442e-01 2.75944858100772537e-02 0
3.77794969964674821e-01 1.64151848915685183e-01 0
2.92555762610870629e-01 1.65181167928209575e-02 0
3.01224566858435905e-01 5.14903491934872760e-03 0
2.98809989839283030e-01 5.27823310445145791e-05 0
2.99545738721293475e-01 3.37107095222510442e-04 0
3.04739692415313845e-01 1.48376862980743960e-03 0
5.77693260128603753e-02 -1.10715356662380686e-02 0
2.58143233835074259e-01 4.91433694148287123e-02 0
2.99897244899954507e-01 3.04774877847386249e-03 0
3.02976915623171472e-01 1.01885429290845620e-03 0
2.37202296467907414e-01 8.90497509835243284e-02 0
2.99772077347938426e-01 5.49715626729913986e-03 0
3.02538100920619391e-01 1.92388527911545575e-03 0
1.77533127838319565e-01 1.06591009379150017e-01 0
1.02640740291174273e-01 1.31600655440917202e-01 0
2.97128655863197977e-01 2.25488378759197044e-03 0
3.03978528503749457e-01 2.98825252195231627e-03 0
2.98940143158663574e-01 3.79709571698713232e-03 0
2.83042552969122563e-01 1.15384513099614817e-02 0
2.96711866410904579e-01 9.32131687073995373e-03 0
2.84040698096013511e-01 4.06914469792152289e-02 0
3.02896211752227029e-01 3.97182727187186252e-03 0
3.00363851883790056e-01 1.24663858109549681e-03 0
2.99542474848980500e-01 1.20675356771538715e-03 0
3.02202961200805420e-01 4.78575213762833240e-02 0
3.01128386482466648e-01 1.81998224902933377e-03 0
2.84685424801930209e-01 -1.44554877232293586e-04 0
9.57878079610440941e-02 1.04589006666744991e-01 0
3.00264962684795023e-01 1.79581989299849474e-03 0
3.38553424153838267e-01 6.86834114691493580e-02 0
3.02583991669427232e-01 1.29129273852922463e-03 0
3.02246057444235217e-01 2.05020160433533761e-03 0
2.93372551009619009e-01 1.39065811189778110e-03 0
2.98668194285840516e-01 2.22003744020233011e-03 0
3.42607328942736988e-01 7.78511161680079528e-02 0
3.00615297403249826e-01 2.66036219053202259e-02 0
2.75862411159338128e-01 4.82177543681770945e-02 0
2.60456684088964163e-01 2.40794486124179044e-02 0
2.99658700072975737e-01 6.17753020673997419e-04 0
2.97043040119359669e-01 3.50710384688364190e-03 0
2.50128908501758340e-01 2.05161425565513235e-02 0
1.23810438623722610e-01 1.30581247952688773e-01 0
3.02654530805477939e-01 6.73269256325963461e-02 0
3.00835045617739605e-01 2.36675508745050204e-03 0
2.94767198179932299e-01 -5.27121786832818339e-05 0
3.02889099782320037e-01 1.16919338374950181e-03 0
3.99666280252928052e-01 4.36916323075588614e-02 0
3.01519984084892556e-01 6.94262068821192954e-04 0
3.68719005033895264e-01 1.09499884570046904e-01 0
2.95294966528618474e-01 3.13889666881763448e-03 0
1.54893323321619675e-01 1.31129071470968750e-01 0
3.02763171135250364e-01 1.51192801611591964e-03 0
3.00304345277365603e-01 4.27553527935029681e-03 0
3.02087280266332692e-01 8.49986963933607688e-04 0
2.97933917221729405e-01 1.00309216574303098e-03 0
2.91439905042779890e-01 1.83522611144400558e-04 0
2.96894068385043342e-01 7.77457012283052620e-05 0
2.13012956035195739e-01 7.63551396437313207e-02 0
2.41892387929163094e-01 1.23487357057595823e-01 0
2.99779562200900962e-01 9.32746952544318084e-04 0
1.23818100076107857e-01 1.72325780585859983e-01 0
4.21564042062793465e-01 6.10087225988759779e-02 0
2.99302161651087306e-01 4.02660775715440664e-03 0
5.74064891024328866e-02 2.76501255939680494e-02 0
3.02854673572975963e-01 5.93394257643614902e-04 0
2.30966352428712995e-01 2.50131513012604279e-01 0
2.61878090886000059e-01 2.13547034053217857e-02 0
3.03789710595715412e-01 4.05217586618248152e-03 0
2.98389959720381515e-01 5.61518751556222117e-03 0
2.96571796153522915e-01 1.99650668189685875e-03 0
3.00500185122995755e-01 2.94274962724074690e-03 0
6.74683326778997422e-02 6.56719767847553093e-02 0
3.00291548680176601e-01 2.83600591827960899e-03 0
5.31546158003788488e-02 1.49026989734919679e-01 0
3.01393032017477469e-01 1.09896004218089090e-03 0
2.98487902351308565e-01 2.50530053545738136e-03 0
3.25741252364058043e-01 3.88858734024614613e-02 0
2.27270352432366013e-01 1.56336906983335043e-02 0
2.97976223917365945e-01 2.20165185343166800e-03 0
2.74807233557893882e-01 1.90383359256764174e-02 0
5.58346638294679787e-01 1.11122066847540987e-01 0
4.61066654499035167e-01 1.93897682193594489e-01 0
3.06870004062682555e-01 9.76876175346722171e-03 0
2.97068229583441590e-01 1.99099078264574174e-02 0
3.02221573117657405e-01 1.03192298809698119e-03 0
3.19426997587203221e-01 2.51049378148099703e-02 0
3.02759212575762993e-01 4.13204163608387257e-03 0
2.86880623439332849e-01 1.07733426984275169e-01 0
3.59392584784233693e-01 9.50343189057113388e-03 0
3.53591142589544660e-01 8.69166092065530409e-03 0
3.01556091619597733e-01 2.46298520730911692e-03 0
2.92325538645496985e-01 4.73253281489256425e-03 0
2.38731999096511022e-01 2.45098539731366145e-02 0
3.00742160693115157e-01 3.47291194269877404e-03 0
2.97254329598468647e-01 2.04820900273265487e-03 0
3.26081743393199619e-01 4.83385457383467068e-02 0
2.98271559461340596e-01 5.07582406197592748e-03 0
3.00247684857517294e-01 3.11529263249158772e-03 0
2.38230629597251636e-01 2.14978156014664717e-01 0
3.14748892309984762e-01 2.82846761461431591e-03 0
2.28487298591817017e-01 4.74160566192348906e-02 0
2.97325515949122210e-01 1.51310985272298760e-03 0
2.93819196164812835e-01 5.02844757461729961e-04 0
1.09541246274419343e-01 1.22053235116048778e-01 0
3.01889564477307304e-01 6.84038234411110842e-04 0
1.37370548846065199e-01 1.84802220623832197e-01 0
2.30598753647299176e-01 1.24132167083468886e-01 0
2.99317741196428178e-01 1.09383706727948244e-02 0
2.00108895823705168e-01 7.53501139484158561e-02 0
3.16464330609299571e-01 4.35499788104304897e-02 0
3.01507880128176475e-01 5.54636585017435207e-03 0
3.01929935711782116e-01 6.61911463551685697e-04 0
2.97242388198518448e-01 1.15207578344493676e-03 0
4.22490774613321296e-01 2.27419711091462855e-02 0
3.05100047951287145e-01 6.18760491631664862e-03 0
3.05094972194196734e-01 1.94620015255950077e-03 0
4.37452534315077191e-01 1.04150237836397708e-01 0
2.97200255695792892e-01 2.85764910934498562e-03 0
1.00069296554777615e-01 1.29305185688672941e-01 0
3.00524821150641219e-01 1.12016992553872125e-03 0
2.92239315119481147e-01 2.17910763314310566e-03 0
1.77736770572604952e-01 2.48731264122409486e-03 0
3.06826508650113516e-01 2.25059399233784336e-03 0
3.01818163274380658e-01 2.62448903475238438e-03 0
2.89824748852635095e-01 2.77533393999601424e-03 0
3.01502377139035882e-01 2.80881561432212495e-03 0
2.97504154613065397e-01 2.95479314905961843e-04 0
2.97656085612591381e-01 4.82646200624816876e-03 0
2.67829402682080830e-01 6.30048767060214648e-02 0
2.98738093216501688e-01 1.24049915990043832e-03 0
2.70771857996561616e-01 1.01580168833590671e-02 0
2.99853972503995092e-01 2.45072097338687412e-03 0
2.72132123844684382e-01 2.47632140188571680e-02 0
2.96896567414688395e-01 1.67279856286297311e-03 0
2.91122505600154402e-01 4.77137481639012574e-03 0
5.66890479493329380e-01 9.75633397459576973e-02 0
2.82658631324139376e-01 1.23797319630839217e-01 0
3.01996560822693438e-01 1.13479293263067296e-02 0
3.43385841499087185e-01 1.51279018063324253e-02 0
5.08452424905871503e-01 1.74847730034320331e-01 0
3.24693497281906440e-01 3.47425791784064936e-02 0
2.98958448241571639e-01 7.09487496933754202e-04 0
2.97237657162013336e-01 3.39141388695179773e-04 0
2.77795931313404409e-01 2.85658496761122399e-02 0
2.46175623548122668e-01 9.26822106971270966e-03 0
3.04146387064487655e-01 4.77074998951486015e-02 0
2.96770970649620047e-01 9.78213447693291466e-03 0
3.07288253389814692e-01 2.79032220595967079e-03 0
3.01939244537681561e-01 1.19359827159448402e-03 0
3.01600857435251613e-01 2.48709841018423475e-03 0
2.98656672213255314e-01 1.27225486715723556e-03 0
3.77905490304742631e-01 1.40784342315004030e-01 0
3.24334553045697138e-01 1.55334174423055471e-01 0
4.41272889656140754e-01 1.87327466584838148e-01 0
1.22777710774017113e-01 9.09758624614166213e-03 0
7.39930798475207929e-02 1.55961472052641326e-01 0
3.07536966299923720e-01 1.05079281804137253e-02 0
2.99370153144650930e-01 1.06317182956241242e-02 0
1.14698911589086516e-01 2.40810532097497990e-02 0
2.94176669094000087e-01 2.57703942072991525e-04 0
3.07406548873744800e-01 4.08585957247443576e-03 0
3.66403033877626516e-01 6.82284447031414332e-02 0
3.05382352251289846e-01 5.19428407831418757e-04 0
3.03920890956266954e-01 6.82713668225049778e-04 0
3.00385306111074613e-01 1.40114745482458072e-03 0
4.69199767406116963e-01 1.88141384177794857e-01 0
2.95864452654629351e-01 5.73487334067630024e-03 0
2.95762638419565349e-01 5.63242495154759205e-03 0
1.11813824502530454e-01 2.28706308063016638e-02 0
2.72070356375346434e-01 1.48496992867284294e-01 0
2.84486448336777720e-01 1.32151238250711369e-02 0
3.02670033114553927e-01 1.66474884826082982e-03 0
3.06845112245954399e-01 1.48874196105750582e-02 0
3.02439723013951223e-01 1.00877236518495976e-03 0
2.99931974072777996e-01 6.48700502463234793e-03 0
2.99669963176007637e-01 2.17239058909684896e-01 0
9.59896393207149423e-02 2.20332284865967613e-02 0
1.01972997129845394e-01 1.96256146719878982e-01 0
3.33616745500267819e-01 2.87378569365101914e-02 0
2.96694870967900870e-01 1.95674908596664247e-02 0
3.01466999131575042e-01 1.21810999699752164e-03 0
4.22355086056278917e-01 3.69862587617252117e-02 0
3.04834728006642408e-01 3.02999570839455152e-03 0
3.06977087380742086e-01 3.16457336843814670e-03 0
2.99538718179885699e-01 3.99822817332123794e-03 0
3.03133951857341044e-01 3.15114808727148116e-03 0
4.94744018726425316e-01 1.61533558640949121e-01 0
2.98049962917396938e-01 1.55478497655064923e-02 0
9.66067950026847921e-02 8.07261482970621641e-02 0
3.01586995146251313e-01 1.29298536122609935e-03 0
2.82377430647535732e-01 2.92747198123560863e-02 0
3.18047499542013279e-01 9.06859909984491369e-03 0
3.03616603342060365e-01 8.75788799297754134e-05 0
3.02430381817063609e-01 1.09783040181604609e-03 0
3.16122238587505711e-01 8.49524331486482820e-03 0
2.97742706933787127e-01 2.12816359286137563e-03 0
2.99458003945266560e-01 1.85375233027760433e-01 0
9.67404001377995953e-02 1.01678163713304903e-01 0
2.98088215056974082e-01 4.27867532872671427e-03 0
2.79695883117669075e-01 3.75756962712232231e-02 0
3.08573092442684715e-01 1.58222948586716756e-03 0
2.99487281180705001e-01 5.95040554021121861e-04 0
2.96271283230407467e-01 1.90984868105054171e-03 0
3.23358101795207020e-01 3.62251786610723742e-02 0
2.97699203486405717e-01 8.75896070334842777e-03 0
4.23087711202983163e-01 2.79969763686742645e-02 0
3.04472804902882532e-01 5.69200178874771159e-03 0
3.01345382537718476e-01 1.07152538848104707e-03 0
2.65946702567419757e-01 3.17523623579991435e-02 0
2.84595867411522652e-01 7.15264528718157194e-03 0
2.11067657122786356e-01 2.50149500603246255e-01 0
2.98273364041217459e-01 5.20900524369156178e-03 0
2.99411312724610412e-01 8.73014134293120109e-03 0
2.30784004509690277e-01 4.43037228303334862e-02 0
1.65598171755142187e-01 2.36257519785847608e-01 0
2.98293644662108060e-01 1.74374083505803154e-03 0
3.01512719608606150e-01 4.31218799900054211e-04 0
3.01922565609446525e-01 1.25002369596818462e-03 0
3.83697065090796985e-01 1.47690657433172251e-01 0
2.38658918147447136e-01 6.47659312673792703e-02 0
3.02674019336708067e-01 9.62032082038389138e-04 0
3.03416592661274409e-01 6.99156277468530318e-02 0
3.28255219296052059e-01 1.64855058714534208e-01 0
4.54580041445392602e-01 8.66777888554105397e-02 0
9.99586483578747825e-02 1.38504322696822335e-01 0
4.86923735581429817e-01 5.58390061573112231e-02 0
4.05804242956652184e-01 5.76388309806261795e-02 0
2.98142969872474239e-01 2.79215688872507580e-03 0
2.97664158325960326e-01 2.97355302214712906e-04 0
3.00084149910686937e-01 1.94015163301866481e-03 0
3.58820885637249010e-01 2.49671439818557384e-01 0
2.99129268470697762e-01 4.10915321299779902e-03 0
2.62005848128513130e-01 2.02321806372014676e-02 0
3.20902609276215944e-01 3.86248190049874457e-02 0
3.07115670584043765e-01 3.92501790899739151e-03 0
3.01770492303679916e-01 2.34154276932668944e-03 0
2.97606971005678955e-01 4.01347631728842392e-04 0
2.90033593490690800e-01 2.85965587411805529e-03 0
3.28669795423180214e-02 5.12712046749983705e-02 0
2.91229294774741632e-01 4.50780396019028872e-03 0
3.47173788119450544e-01 6.26163325306416940e-02 0
2.10866528808339254e-01 7.61126000827768018e-02 0
3.28099102562376843e-01 3.60830893281595816e-02 0
4.01720168007894229e-01 5.73134519331717010e-02 0
2.82971097045746911e-01 1.12473462787292533e-02 0
2.93154815878508335e-01 2.97607669250838638e-03 0
3.01977616262978643e-01 2.47167941108294327e-02 0
1.06207632943457725e-01 9.09926511155589868e-02 0
3.07940623532804436e-01 4.93685361448170483e-03 0
3.03214862960230147e-01 1.12619511241067211e-03 0
9.28855511028260916e-02 2.39164985641848252e-02 0
2.93129231123106626e-01 4.44997895230785610e-03 0
2.99645430876663788e-01 1.58697071737086848e-03 0
2.97089631136231491e-01 2.31758440074093092e-04 0
2.93291280583738989e-01 9.27347325608845474e-02 0
3.01723991085887766e-01 8.26521526027333545e-04 0
3.00270317149797294e-01 4.13665317032306610e-03 0
2.92996004663657994e-01 2.88527250828835924e-03 0
2.92652577552106052e-01 2.44757133440260018e-03 0
2.85616375919755028e-01 8.44821544205344097e-03 0
2.25276240504106218e-01 4.18956846233591584e-02 0
4.97270023648494930e-01 1.24489080796472362e-01 0
3.10131857113186069e-02 -3.23803006224692878e-03 0
2.85210604921888877e-01 9.83247645893317035e-02 0
3.21664560796425636e-01 3.99079210036681967e-02 0
2.97276095494704129e-01 4.50098781778617268e-03 0
2.97728490318187433e-01 6.10843680801221017e-03 0
3.03289829519820142e-01 2.60633893550541486e-02 0
3.51631644929300380e-01 8.00050505557255674e-03 0
3.00772946958419052e-01 5.43148750222354794e-03 0
3.39442463986755427e-01 2.55256179212457690e-01 0
2.38301179631194709e-01 3.86553992844554254e-03 0
3.65571119425710689e-01 2.50647934575665199e-01 0
1.89947235820787624e-01 9.13961584271030802e-03 0
6.89120513725016426e-02 1.69548405586076673e-01 0
3.02666945349261973e-01 1.06456652934771006e-03 0
2.97348135543922476e-01 1.39268928344536496e-03 0
3.04916394727521523e-01 9.61367092310379040e-04 0
2.97441646175684415e-01 2.30428012548286772e-03 0
2.96820340368876168e-01 3.05377019891784696e-03 0
2.82513239730200372e-01 2.85330521528453160e-02 0
3.02511931565760395e-01 8.64546506851113163e-04 0
2.39407758105333990e-01 6.35505170945454140e-02 0
2.99739275005696582e-01 2.65645098445510628e-03 0
2.87822942700180107e-01 8.92820117757957277e-02 0
2.98879407383745854e-01 3.52308101838116677e-03 0
3.00801162478982365e-01 8.10538710036346616e-03 0
2.55421844840994394e-01 1.20598815277285193e-01 0
2.97926383340546164e-01 2.44012239323544277e-03 0
3.03502785847093948e-01 3.01097522937079139e-03 0
2.94029872665399983e-01 1.52211449002196981e-02 0
2.88544809730396146e-01 9.01391191713959462e-03 0
3.05508545674442911e-01 6.16898917004350539e-02 0
2.94677037411579301e-01 4.89783913925597456e-04 0
2.98193495825453792e-01 2.64805052861135336e-03 0
2.41238046759157831e-01 1.33562035906028415e-01 0
1.90497421753071661e-01 6.85956871712240790e-02 0
3.14432789458481479e-02 3.32993960746756912e-02 0
2.93384759831124331e-01 7.28954116883294336e-03 0
2.97803457505040448e-01 1.85461990012032577e-04 0
3.02828958652078872e-01 3.07248662821359804e-03 0
3.87518504204082334e-02 6.58150279358973439e-02 0
2.79654175830382545e-01 1.41763079263071065e-03 0
3.17119727817128327e-01 1.09009941406406959e-02 0
3.01284319678241486e-01 1.01179284673722902e-03 0
4.40797942234572082e-01 2.22050793353722659e-01 0
2.99031798587046371e-01 3.80412586098702798e-03 0
2.98687453409622383e-01 3.79807058257763041e-03 0
2.74438649180120897e-01 4.62251933763253367e-02 0
3.71718466238431966e-01 8.65522398941040612e-03 0
2.92283690380200190e-01 9.16547324876638113e-03 0
3.51796858186864014e-01 7.22549932354715069e-02 0
3.01089690681856981e-01 1.68445957441052318e-03 0
2.91533198155276674e-01 8.38657896530052398e-03 0
3.00646933656720516e-01 2.90684215776568396e-03 0
2.59802137136983469e-01 4.08604954603752554e-02 0
2.80747124074943843e-01 2.79275657396902647e-04 0
2.89107299046194866e-01 6.41734517683112491e-03 0
3.02353087095480408e-02 -7.28701593837113425e-03 0
3.01186752813194791e-01 9.84991373620100648e-03 0
2.93254755290961233e-01 2.75225699499095644e-02 0
4.35458595639726498e-01 5.96122157262006513e-02 0
1.03878349657249291e-01 8.88146243377438069e-03 0
2.65644846139300062e-01 5.83973264633450770e-02 0
3.02210046735228610e-01 1.11262495900860126e-03 0
6.87641452735722608e-02 3.40703272550726879e-03 0
4.18384621842731674e-01 3.64088955194226960e-02 0
3.06427395340165720e-01 6.38763498831128040e-02 0
2.97453927936135953e-01 2.20194699553974112e-03 0
3.03210493616427490e-01 1.24727261638002494e-03 0
2.85408400814362195e-01 8.17918696041924215e-03 0
2.96657107921875773e-01 5.46946561985281314e-04 0
3.73679605864975117e-01 5.09370967186734344e-02 0
1.27964853422196295e-01 3.42480857350986115e-02 0
3.00947981814002508e-01 1.00838074482438381e-02 0
3.58023167628138961e-01 1.49600046924899827e-02 0
3.01448321308303013e-01 4.23019359342097375e-04 0
3.00905049394103397e-01 2.14034382546795078e-03 0
2.90479578120730053e-01 4.18152721080832825e-03 0
3.07333170618672713e-01 2.14361434422387582e-03 0
7.06194570180522646e-02 1.11070539511908581e-01 0
2.59122718540635899e-01 -3.35679365250933905e-04 0
2.97284216647647592e-01 1.98330627051056729e-03 0
3.03092897207142276e-01 6.59357570978391042e-04 0
9.12498272419137169e-02 8.53602836126513970e-02 0
3.02548385410428611e-01 7.01741137538191586e-05 0
2.98390003324037256e-01 1.77575257219372167e-03 0
3.00490478442587527e-01 1.92085685589693739e-03 0
1.36653458293768348e-01 1.21919047794244867e-01 0
4.11945601868845601e-01 2.59798374006416019e-02 0
2.37704079593232281e-01 9.12960058315943068e-02 0
2.98719727595499418e-01 1.58875323679031566e-01 0
2.97547603990155340e-01 2.03092028750387517e-03 0
3.61032413097079674e-01 6.49453574444816828e-02 0
2.95061100496894824e-01 6.88859439720775589e-03 0
2.89876586747069342e-01 9.30483331998731809e-03 0
4.85454422929772311e-01 1.72298576704843109e-01 0
2.89939409149251981e-01 6.81084869936781911e-02 0
3.02264291034892663e-01 4.05239355835180018e-03 0
3.14289267464977984e-01 7.29542205926264481e-02 0
3.04082289847559029e-01 6.99500659716716404e-04 0
2.99489092627841180e-01 1.45339669801673125e-03 0
2.94171345402632123e-01 7.00465021679212881e-03 0
2.04103870911979374e-01 6.43178599013695951e-02 0
7.91450495432510781e-02 1.22171243809576127e-01 0
2.80021617004028445e-01 1.26980960196300787e-03 0
3.03076812340654700e-01 7.62255996280048029e-04 0
2.93610748899332474e-01 1.39419036435223104e-02 0
3.03315912394701126e-01 1.54327927956357156e-03 0
3.06531082646307906e-01 1.83768542969345694e-01 0
2.25042747314639718e-01 6.91563858994370256e-02 0
4.69428714959885668e-02 -1.20251757750862789e-02 0
3.01494680968769968e-01 6.62986123512845915e-03 0
2.94394170033621894e-01 2.28968603811105613e-02 0
3.00830421413905369e-01 2.64231513167547446e-03 0
2.92315031313190532e-01 3.12193950839087433e-03 0
4.16544051202432597e-01 9.39987073440593651e-02 0
3.02875373704470596e-01 1.27553285091299611e-03 0
3.32257542592066635e-01 8.51207716944121506e-02 0
2.93570606641913090e-01 3.37912588600410219e-04 0
2.99417045652040081e-01 3.73199845078139381e-03 0
2.50569908165840516e-01 1.03012126515986523e-02 0
2.98183052057508557e-01 1.57914215380589341e-02 0
1.24127864975756660e-01 8.52071322841637183e-03 0
3.01049477931703557e-01 2.02441079504821339e-03 0
3.01630924131571165e-01 8.11635251799124849e-04 0
2.92601312129748048e-01 8.39503478901384818e-03 0
3.03613629708352983e-01 3.13290061326601619e-03 0
2.93149733756402131e-01 9.25078223811034647e-03 0
3.03078080559655016e-01 1.45551562838306140e-03 0
2.96035060141874418e-01 7.07100655038854433e-04 0
1.11010839205632594e-01 3.80371334052828844e-02 0
2.91659457998924732e-01 3.02166279884088297e-05 0
2.83101113253368897e-01 2.54024130438633006e-02 0
2.91638535407973798e-01 2.05194908446539509e-01 0
2.97407486975589441e-01 3.14729145287968208e-03 0
7.87201225501275026e-02 1.01672315057135781e-01 0
2.86583586794365852e-01 8.78670302846513117e-03 0
2.92043577591830639e-01 7.39115616416845516e-03 0
2.92346595774269413e-01 4.52596433284772805e-03 0
4.45531916723360746e-02 -4.28882598976625604e-02 0
2.04097449873992920e-01 3.79235235714301538e-02 0
3.02587257198450366e-01 6.12746667634500152e-04 0
3.28851351409217396e-01 1.18395808967578509e-02 0
2.81764606305579646e-01 4.86879390909048907e-06 0
3.04838664315805863e-01 8.70569026259708674e-04 0
3.02639611574376910e-01 4.36285867593121362e-03 0
3.02946550463502884e-01 1.78361964204204731e-03 0
4.10908313723137852e-01 2.30542367783330371e-01 0
3.01591686364191147e-01 4.53801701119515676e-04 0
3.34068504406313319e-02 5.13467106774788129e-02 0
7.01986867471795783e-02 3.15188529817268734e-02 0
1.14333438770775606e-01 1.10467306291552714e-01 0
3.58903593122826936e-01 2.45361770340863955e-01 0
3.15507361081660886e-01 1.21244388561837918e-02 0
8.26552600454858732e-02 7.09166283595104308e-02 0
2.99684467211186523e-01 9.50980818845116311e-04 0
2.95059113656620242e-01 2.47944367421949821e-02 0
2.93372888883223604e-01 6.85721325987076902e-03 0
2.95789686709408028e-01 3.04502024707144431e-03 0
3.22466012508533462e-01 4.47184906972203713e-02 0
2.97502993908691948e-01 9.91793892028843731e-04 0
2.97703484886006786e-01 5.93517195114634001e-03 0
4.36058571362016867e-01 9.08089055598219619e-02 0
2.94030572956744674e-01 6.41210257906846132e-02 0
3.01609686232959251e-01 9.55278985017156933e-03 0
2.98167433111671543e-01 5.62357538974821245e-03 0
2.81827973017923838e-01 1.39339283161177578e-03 0
3.00204731100553568e-01 4.15547587028529137e-03 0
1.10021051343365373e-01 1.16097960376928072e-01 0
2.89047487348112642e-01 9.06919132338382741e-03 0
2.99957650038336965e-01 4.08699890690384302e-02 0
3.52009859895594468e-01 6.70540629873730143e-02 0
3.03910356588251496e-01 3.23422315833476895e-03 0
3.06608315962617173e-01 2.70100729995705405e-03 0
3.01725230000966016e-01 3.62770736297858727e-04 0
2.90001002048426937e-01 4.01301386643362901e-03 0
4.42543570154447563e-01 8.12930168233099160e-02 0
3.02582335887743803e-01 3.72364647985489816e-03 0
3.55797149409430691e-01 8.86298885960809524e-03 0
1.58801056209559893e-01 1.72363991782750664e-01 0
3.00836595006739649e-01 2.02005231103378601e-03 0
2.91287411624462145e-01 4.33840519368595533e-03 0
3.13905312633072919e-01 1.13031433866472141e-02 0
2.61097898297649789e-01 3.69599971826769236e-02 0
2.16275745255378682e-01 2.34385897990970968e-03 0
2.34221774708658653e-01 7.18659901201211815e-02 0
2.77430356503704290e-01 1.54470993616338450e-02 0
2.89532144285528092e-01 6.95558403676649062e-02 0
3.00522196154463961e-01 1.44662162216843216e-03 0
4.36603190622588622e-01 1.74143843337997511e-01 0
3.00556315933261542e-01 1.98885229063980274e-03 0
2.90189454471106945e-01 8.35911580234231788e-03 0
2.99663472233980488e-01 6.16128325595761625e-02 0
4.47174500932033869e-01 1.09040766737948505e-01 0
2.95232829583888745e-01 8.98071617513922400e-03 0
3.18706560348739010e-01 5.94933615940759150e-02 0
3.17324301433344447e-01 5.93368082443888889e-02 0
3.19939971842340853e-01 7.03714901628576528e-02 0
3.01697821793617205e-01 9.57199054957108900e-04 0
2.77953957248146533e-02 8.48192169257632467e-02 0
3.02361107853359401e-01 1.22002146837326374e-03 0
3.02506772952350622e-01 1.42375770668822909e-03 0
2.84001935328139665e-01 4.36868224086965976e-03 0
3.03332395461343329e-01 3.31042234111716960e-03 0
2.94075634485873150e-01 1.51154592284722139e-01 0
2.92621177797618093e-01 8.08623946002667675e-03 0
3.42468003798894194e-01 7.26592889975007789e-02 0
3.02987820884522863e-01 9.27397224056749768e-04 0
2.22140305382398984e-01 4.16361371901497520e-03 0
2.92655215092645860e-01 2.63298852820671031e-03 0
3.95960500412550764e-01 5.26187339585234143e-02 0
3.44552352242936177e-01 6.03075631655922983e-02 0
3.25192829377489001e-01 1.58073332716877624e-02 0
3.02489353734592514e-01 3.86605480971095438e-03 0
2.99357603227962843e-01 1.56192116607090595e-02 0
2.92155068760079017e-01 4.82885322140905160e-04 0
2.98098097039434684e-01 4.11694372816982703e-03 0
2.95460141761484218e-01 2.27880046616658061e-02 0
3.03655878827788217e-01 4.50403321364770386e-03 0
1.55036456604531858e-01 5.32075717541472329e-02 0
3.00893608745932628e-01 3.66349918326713906e-03 0
2.87667786047860363e-01 5.59831846431768435e-02 0
3.15042644921827708e-01 9.95429017279454535e-03 0
4.24128630551226460e-01 5.72865422836799434e-02 0
3.02394661349091765e-01 1.63558424782043414e-03 0
3.01544088241553654e-01 1.05262458679060075e-03 0
3.01605041110567573e-01 3.52705016061553324e-04 0
2.95388961772413694e-01 8.43307792845019930e-03 0
3.02141594890966925e-01 1.23214758571252823e-03 0
2.51346610407492954e-01 9.45715984615271878e-03 0
3.02788104563413984e-01 1.42864414376438599e-03 0
2.96594949864115220e-01 6.00079293775415993e-04 0
3.02345064752649773e-01 1.30777212126545906e-03 0
1.23663278631849768e-01 3.72501253844211913e-02 0
3.00850271917440515e-01 1.96623460650848176e-03 0
3.07989344779226570e-01 1.48486884994325453e-03 0
2.84421936756895644e-01 4.12198982021807526e-03 0
3.01529280735577943e-01 1.14095476995338882e-03 0
3.05605786013982472e-01 2.16573200062604183e-03 0
3.13834419502472428e-01 3.54304194045678700e-02 0
3.26676220505164872e-01 1.11845163747750168e-02 0
2.75028365722556102e-02 7.39546994484720360e-02 0
1.22637168853216488e-01 2.00788194200755776e-01 0
2.87716971437761926e-01 8.76231683287559057e-03 0
9.44241665925683177e-02 1.37170017614850259e-01 0
3.13378342375897456e-01 9.67099521757090741e-03 0
3.01174753317573485e-01 9.83102285930866895e-04 0
1.73934546896936604e-01 8.30721930868633940e-02 0
2.98485233888107104e-01 2.80176587530320135e-03 0
8.93778085235871073e-02 8.66643698860958128e-02 0
3.03304197949094856e-01 9.74165084836388058e-04 0
2.85002794457351993e-01 -4.03827575645257747e-04 0
3.02371863582246436e-01 2.85305136336000617e-02 0
2.99780000641237387e-01 2.96188326937340297e-02 0
3.01906404324280175e-01 1.55491671116220675e-03 0
2.92716312297880588e-01 6.40075959552590008e-03 0
2.91068856712482948e-01 2.80743427080551574e-03 0
3.19974363743397994e-01 4.68156050932667309e-02 0
2.85831298121252186e-01 6.91082939926010789e-03 0
2.99206650352836612e-01 1.60686942085472642e-03 0
3.03266008790356201e-01 4.18906914361391429e-03 0
3.01446557540420323e-01 1.29897834999972051e-03 0
2.95400560472554419e-01 3.75454321092894908e-02 0
3.02963614938297432e-01 1.67968359062743884e-03 0
3.00346130405983625e-01 5.23382809747667023e-03 0
3.00625226138689916e-01 5.05462720822140617e-03 0
2.98443778366362877e-01 2.63524862867492177e-03 0
2.78305553772022540e-01 3.76163772060159746e-02 0
2.95904927923833494e-01 1.78985759104814050e-04 0
2.51175902195726553e-01 6.81164429374226613e-03 0
2.97824957571486304e-01 4.24755406578137987e-04 0
3.00166648242808864e-01 1.07553373480135934e-03 0
3.16554050905224593e-01 6.10485454866410444e-03 0
3.15938181446906774e-01 1.22461333895295364e-03 0
2.87177647365346789e-01 1.01712406273701435e-02 0
3.10560173611372614e-01 2.23819879807993574e-02 0
2.72403241194870083e-01 3.05058151032869922e-02 0
2.53779831156769220e-01 7.44219426636520860e-03 0
3.13597820049187903e-01 1.71850894544853833e-01 0
3.02593256107308195e-01 5.58802350478783210e-04 0
3.45646636440153365e-01 2.00142801970570772e-01 0
2.93588903904123344e-01 6.47770112431835399e-03 0
1.59476020475837088e-01 8.62092001419684228e-02 0
3.75886333785781679e-01 9.52413730968495464e-02 0
2.93801236848064529e-01 2.67689455047270602e-03 0
2.92643910767829973e-01 9.98823284136331757e-02 0
3.01402753714869742e-01 1.36628431351993912e-03 0
3.02007627075986218e-01 1.42019341038042901e-03 0
2.99290080122473157e-01 3.78040881206219989e-03 0
3.80723546516486988e-01 7.75591074488932858e-02 0
2.25539863038091648e-01 -6.64400746200420134e-04 0
1.65775009368996973e-01 -6.72917283897507285e-03 0
3.77987949707531967e-01 8.11230286980538229e-02 0
2.93726659302339377e-01 2.12073878965898487e-02 0
2.80702345521963159e-01 2.19672814852966830e-01 0
2.99181310839853498e-01 3.46874554421797545e-03 0
2.95998727922930360e-01 3.26735298881001505e-03 0
3.00153497347647791e-01 2.89725049616365148e-03 0
3.43993113962993147e-01 6.53622572331330615e-02 0
2.97835704693932612e-01 1.74281766083203386e-03 0
2.99458997909213209e-01 4.16207496592736097e-04 0
6.50653563911413324e-02 1.45328576886131558e-02 0
2.56902406958716301e-01 3.19707078918317344e-02 0
1.86830096532604073e-01 7.77739697019817766e-02 0
3.01940663255671982e-01 2.54926439677465326e-04 0
3.38059506721860858e-01 2.09136921289523221e-02 0
3.77950247467316036e-01 1.85771555357228148e-02 0
3.52390841367454077e-01 2.33984579999266641e-03 0
4.02420291803625929e-01 5.48485861479736728e-02 0
3.05160063470315268e-01 2.03548978608451749e-03 0
3.55260875696500222e-01 1.00749230294504527e-01 0
3.02085371490636911e-01 1.02831535377566081e-02 0
3.12826517293779804e-01 7.24479675981412607e-02 0
2.99625065776097821e-01 3.70006268818941090e-03 0
2.91171386213990413e-01 9.41593060411378413e-02 0
2.64882967046926432e-01 1.40992811058870932e-01 0
3.24319643615292807e-01 6.87090366510897804e-02 0
3.00608205812194496e-01 6.40926660536490778e-02 0
2.99291316373341609e-01 1.75976826536370203e-03 0
3.97757048223932597e-01 4.94165836053404028e-02 0
3.02516705786777529e-01 7.74948275300871856e-04 0
2.99980355834627122e-01 5.92060207745049270e-03 0
3.00256500644360602e-01 5.33476069386080044e-03 0
3.09754328564833259e-01 2.38400526190469132e-03 0
3.01955614123235627e-01 8.21131836954348609e-04 0
3.00932512134864216e-01 1.04492744243559851e-01 0
3.00478926937705837e-01 6.32664968976807181e-03 0
2.95585725512726105e-01 -8.10679684085091364e-06 0
2.18516170993954789e-01 -1.51362398753024266e-03 0
2.99714200661245378e-01 3.52950241687940633e-03 0
3.16250361537177171e-01 3.86925262396453432e-02 0
3.01666875638896104e-01 5.03886448539375611e-03 0
2.80759495067220977e-01 1.93292589379977890e-02 0
3.02117409457159425e-01 1.26610490211381734e-03 0
3.21082710054092224e-01 6.43665942457739976e-02 0
3.02085151359331949e-01 9.56311067210375990e-04 0
4.29953442205619429e-01 1.79456319183984969e-01 0
3.03046203148992277e-01 1.53210950084492459e-03 0
3.38903866543253274e-01 1.77005102883527402e-02 0
3.03885632033039144e-01 2.83990387666981699e-03 0
2.99554298418795162e-01 1.17507323214493847e-03 0
2.80697512072851096e-01 2.07267017019696978e-02 0
2.97332032548173919e-01 4.60606361490554853e-02 0
1.55543387834949531e-01 4.79668771974315206e-02 0
3.08664417405124236e-01 8.27797469505395407e-04 0
3.59557310235801342e-01 9.86573358105394815e-02 0
2.60402350431458207e-01 1.50393947552865254e-01 0
2.92552173219662481e-01 2.11564592892604063e-02 0
2.99479370088495123e-01 3.44087339625051081e-03 0
2.94191560122971818e-01 8.86369288394162243e-03 0
2.93888001595137005e-01 -6.54739696408543660e-06 0
2.98277721367759874e-01 6.09584199617098973e-03 0
3.66780032969346637e-01 1.92028523983364535e-01 0
3.01848069829860510e-01 2.42168447463858490e-04 0
1.68761319131046333e-01 1.61113213325718777e-03 0
2.99697593070473056e-01 3.40973479726965111e-03 0
3.03689781035542783e-01 6.10196722857922415e-04 0
2.58354518857612070e-01 1.40789109829741799e-01 0
2.93745992181119464e-01 1.05978871142068721e-03 0
2.98799910182117323e-01 1.72520642670634643e-03 0
2.93364527646884421e-01 8.11236960679294697e-03 0
3.01648782050273123e-01 4.53906119333964166e-04 0
2.46984079374825166e-01 8.83695312186266214e-03 0
3.00088036823213056e-01 1.68678085660258197e-03 0
2.82955759901282577e-01 1.35311705572196121e-04 0
2.99912876451396193e-01 3.10795978980427622e-03 0
3.42520371859861394e-01 6.59494117386444367e-02 0
2.90335130226641591e-01 4.78915149720218411e-03 0
3.39790351588704187e-01 1.78996519867997778e-01 0
3.00929169791599394e-01 1.04889450361550312e-03 0
3.43281203759158771e-01 1.35955138614224751e-02 0
2.99929554911717411e-01 4.20643681070675696e-03 0
2.94231781506733125e-01 5.87437729807367519e-03 0
2.93599718049184666e-01 6.04344650326933425e-03 0
3.18742343653352855e-01 3.59244275153672646e-02 0
8.56386851553384426e-02 1.75830011954125176e-01 0
2.99345426457233055e-01 1.55544649274585978e-03 0
2.99376933127646683e-01 1.23469021156108385e-03 0
2.11716443671542021e-01 -3.75991321030560554e-03 0
3.21853436254810610e-01 6.30304257221434433e-02 0
3.18283150699075312e-01 4.77141959024132700e-02 0
3.01918701107234899e-01 8.90327427642269905e-04 0
2.90874690239925349e-01 1.73321230919244946e-03 0
2.94294685684040658e-01 4.86269852361525309e-03 0
2.97349165413785366e-01 -1.58619294585067676e-06 0
2.28720970551338942e-01 9.15458790606308720e-02 0
3.03163304087498864e-01 1.76310401814471607e-01 0
3.61715950861198121e-01 1.92364871189750514e-01 0
3.09927602450093098e-01 6.87150094141661810e-02 0
2.81436701598575367e-01 1.84740299626574428e-02 0
3.43685029732556768e-01 8.83088995379771417e-03 0
3.55168785419136102e-01 2.30606234994964160e-01 0
2.95461458940763644e-01 1.04294534937787411e-01 0
3.26252971679296511e-01 1.35847591250967525e-02 0
2.97787625945826473e-01 1.84436885650670029e-03 0
3.01488686046319287e-01 4.86936158109571061e-03 0
2.98777042967681095e-01 3.52552714801403211e-03 0
2.96710840438870582e-01 3.28548295461019487e-03 0
2.73256259273966684e-01 5.91375268057186335e-02 0
2.98740173366181694e-01 1.84139914865017774e-03 0
2.99932430237809355e-01 3.22464965953186359e-03 0
3.09928151444578581e-01 1.48880100367483332e-03 0
3.04106682565252306e-01 2.50655127129070397e-03 0
1.84362970298497825e-01 3.01515934416903414e-02 0
2.98749350347190690e-01 9.71337161416468836e-02 0
2.93541936589046704e-01 5.92390764470521712e-03 0
3.03355455340659108e-01 4.04486597511272052e-03 0
4.76354226391294933e-01 1.00945467776941286e-01 0
3.02241272770274128e-01 1.47624110834840717e-03 0
2.98764419000563664e-01 1.79962359054929716e-03 0
3.02496553900222953e-01 2.47010544460570143e-04 0
2.96231710468163545e-01 1.15788101428156674e-02 0
3.72395320569527177e-01 1.86580101253039532e-01 0
3.31640465299028742e-01 1.68881400335308796e-01 0
2.94041560379861400e-01 8.38317107498975922e-03 0
3.02756594229546927e-01 8.15158920443542095e-04 0
3.01845811360912097e-01 1.36186628880329941e-03 0
2.99441126455551265e-01 1.64194211730339396e-03 0
4.06795056313545123e-01 4.57837686714647057e-02 0
2.25606433586325539e-01 -2.14401237632450220e-03 0
3.02036698519681623e-01 1.05830909989544555e-03 0
2.84669762654612246e-01 9.05564389992862678e-02 0
3.31162320699479595e-01 5.13806040555029545e-03 0
3.01410112495992311e-01 1.06493905224810947e-03 0
1.31632308581631413e-01 3.97940916514570348e-04 0
2.97562936657096100e-01 1.95553896343779628e-03 0
3.72706921697880000e-01 8.60885450830211202e-02 0
3.00192292793684201e-01 4.93023333542033041e-03 0
3.03467117171458134e-01 3.80131123598144525e-03 0
2.84257838391970941e-01 1.01868332767006691e-03 0
3.02439726034346712e-01 2.66768405218758360e-04 0
3.02226308995184656e-01 1.51415758106071986e-02 0
3.19398725755512758e-01 4.21035223995154181e-02 0
2.91486141949449773e-01 2.17119705509731704e-03 0
3.94513585935325373e-01 1.38046418988483244e-01 0
2.46051474507379825e-01 2.10247937765087704e-02 0
2.93074260047406165e-01 8.77759506072905114e-03 0
3.02268758404509175e-01 1.42179572134184108e-03 0
3.80605042904164970e-01 1.22429131764687331e-02 0
3.00164696875263481e-01 3.14338087113612318e-03 0
1.42011343984347366e-01 1.56856130546216221e-01 0
3.18428695719619403e-01 5.29700201853570141e-02 0
1.60219362554112871e-01 1.57307144923589270e-01 0
2.91246025372893125e-01 2.46873702407346667e-03 0
3.03785088303074435e-01 2.91663896494428901e-03 0
3.01660126172153042e-01 1.11684869581379930e-03 0
6.04237531641544229e-02 8.84057287214952137e-02 0
2.79183945718296134e-01 1.98470932218549889e-02 0
1.64710508164444464e-01 2.24419235259754962e-01 0
3.02128112142229788e-01 1.67078009925214791e-03 0
3.02337260483151848e-01 2.42694160326123410e-03 0
3.02152622195405396e-01 1.60109813084464395e-03 0
2.79205782502449096e-01 1.84468316672742015e-02 0
1.42150322077996022e-01 -1.89946875796953314e-03 0
2.99350274327620125e-01 3.85680891536443636e-04 0
3.45836506354675832e-01 2.40456788069120991e-01 0
3.03143694327334123e-01 3.61605812171347145e-03 0
3.02012242522812890e-01 1.07337717913957918e-03 0
3.20987224568407975e-02 3.25219107074005975e-02 0
4.02377953648598158e-02 6.69365021345197098e-02 0
2.72362513672707085e-01 6.28364209625092984e-02 0
3.15110162809775829e-01 6.37865870430818008e-03 0
2.97099122142059024e-01 3.34045186543982693e-03 0
2.97630078502508111e-01 8.00734232872027428e-04 0
3.02481959853059312e-01 1.50403073748306849e-03 0
2.97799867511256200e-01 1.99726496138129652e-03 0
3.03665156838791472e-01 2.62631034110627146e-02 0
2.96128630768246470e-01 1.05320226700529769e-02 0
3.09630552722193753e-01 4.22656974321235362e-02 0
3.01754613921188242e-01 1.16833488681657464e-03 0
2.78516629786204339e-01 2.11960322421886962e-02 0
3.01913751207495806e-01 4.96397489973240263e-03 0
3.27581685051057614e-01 7.95881981259887183e-02 0
3.30098640259955778e-01 8.05702773064880667e-03 0
3.33014091294815850e-01 2.48677056443811717e-01 0
2.93011471936680534e-01 5.95957916951937658e-02 0
3.28900665182817964e-01 5.33429539375603664e-03 0
3.07907877058950619e-01 3.90139442048456977e-02 0
3.02640866860202418e-01 1.74972134656583883e-03 0
3.66167088656834616e-01 8.88539056102635866e-02 0
3.01718917912611850e-01 4.67198406116203606e-03 0
3.00574248333329519e-01 6.32535972545140816e-03 0
2.99890024092707652e-01 1.16896027293139962e-03 0
3.00744247924475905e-01 1.10843552231253617e-03 0
3.00262419170397088e-01 4.83074008247846680e-03 0
3.04846880501334239e-01 4.21464051298120548e-02 0
3.16548972349811220e-01 3.78278974942130655e-02 0
3.01723929433607818e-01 4.54723814453572399e-03 0
2.55115039856954551e-01 8.86768565886516570e-03 0
3.12433582431013601e-01 2.45684125903938878e-02 0
8.52136308204015924e-02 1.66480528769951314e-01 0
2.49563474567514432e-01 2.29813305000529482e-02 0
2.99898896945382187e-01 1.16782214856898979e-03 0
2.92533684661659132e-01 4.58311217271837346e-05 0
3.01738815396363713e-01 1.25286740869488540e-03 0
3.03292299696994228e-01 9.07792048730715617e-03 0
3.03771229020231737e-01 2.48060059187509225e-03 0
2.76495227933178711e-01 1.65900814005015898e-02 0
3.01900471008975879e-01 7.41186532152675760e-03 0
3.04752635515038783e-01 4.55980853438127658e-04 0
3.06403757110341179e-01 4.49491196803701379e-02 0
2.86544574603164515e-01 9.64464967499689407e-02 0
4.63627415477383120e-02 4.01574661104741742e-02 0
3.01422692601631237e-01 1.42871508870194668e-02 0
3.10134913338930340e-01 1.43069752311703654e-03 0
4.70022877531000513e-02 6.09478710512591226e-02 0
3.00718515958061927e-01 6.62752037489878262e-03 0
3.03000038698951368e-01 3.76960363854403823e-03 0
3.03948702293881545e-01 8.54842314045677239e-03 0
3.00440746548890136e-01 2.11590964977928899e-03 0
3.00073623029668779e-01 2.93789969313535716e-03 0
2.96095192739838808e-01 3.61889050649587555e-04 0
4.50655964402273734e-01 9.64618190738569803e-02 0
3.01918756597029381e-01 4.33453690144851474e-03 0
2.91608092041863498e-01 1.80915660160923558e-01 0
3.02036425380414253e-01 1.39389766527166789e-03 0
3.67179110982425005e-01 3.68708963159165848e-02 0
1.46738011470333413e-01 1.58043814299644036e-01 0
3.10313718861642052e-01 6.00031960102093424e-04 0
3.01611675070582452e-01 1.18985782995224788e-03 0
3.14505187101105976e-01 8.15588020357560506e-03 0
2.93482791485537187e-01 3.84974200660774275e-03 0
1.82731120088043153e-01 2.84110013304079596e-02 0
3.00106585740968990e-01 1.78200312391980833e-03 0
3.07451779459103514e-01 4.61351546080235458e-02 0
3.35271880079014428e-01 6.95043005940812648e-03 0
2.99517242325757382e-01 3.45772609871652144e-03 0
2.87764172822787767e-01 1.84907633161583663e-03 0
3.04638689814663410e-01 4.11672925833264508e-02 0
3.38091826124345074e-01 2.29674824364491881e-01 0
3.73810721042200533e-01 1.07813861296783206e-02 0
3.02638492295050077e-01 4.42733902760520314e-04 0
2.99282752088747162e-01 2.89109353401783122e-03 0
3.03194455163976528e-01 2.94337796589013139e-03 0
2.57207082734388359e-01 6.33156188216271298e-03 0
3.01442459895912562e-01 8.82308997307617291e-04 0
2.99154490660428429e-01 2.93329702572245376e-03 0
2.94783191936420164e-01 2.08692347423676886e-02 0
3.23561849611547603e-01 5.78557897457527837e-02 0
2.82741672458443338e-01 6.20660194939603570e-03 0
3.08858948135936340e-01 4.90547349489092038e-02 0
2.88221186031381083e-01 1.33755962998515681e-03 0
3.02264695841203801e-01 7.22873392724069849e-03 0
2.83278910766974590e-01 5.83623266576807805e-03 0
4.20735200327660930e-01 1.93202889851724180e-01 0
3.05401765406358161e-01 2.58737957236179657e-02 0
2.92503052076911296e-01 2.54124356100629209e-02 0
3.70120673965674885e-01 8.62466434801397036e-02 0
1.70258806793052608e-01 2.25119837782800036e-01 0
2.53145280814950913e-01 8.20230954965850412e-02 0
2.98876520255203060e-01 3.30272220087403324e-03 0
3.12886708034663952e-01 7.77703730446945452e-03 0
3.09666172381599825e-01 4.30638872116786142e-02 0
3.08735075278059046e-01 6.72336618915489320e-02 0
3.02679762528380247e-01 4.13502642616654984e-04 0
2.95289469682523953e-01 3.67261878846039808e-02 0
2.57672849102607349e-01 3.23901694034574930e-02 0
2.78733125567240558e-01 2.05244300581119282e-02 0
1.68760994309147955e-01 2.85635827116973960e-02 0
3.02397895913291082e-01 4.28346528697920968e-04 0
2.98733661543316986e-01 3.30725450398190344e-03 0
2.19506658472499949e-01 -3.57688460233684773e-03 0
3.01342552753088744e-01 8.38549602842474139e-04 0
2.42067157077129502e-01 8.03406219936242255e-02 0
3.16083938151625887e-01 1.04540045851713413e-02 0
9.64703585123857094e-02 1.50329934836405499e-01 0
5.22061435954134900e-01 7.39561122441566854e-02 0
2.94253457708630928e-01 6.19794041228224034e-03 0
4.20830363790128892e-01 1.87184480794923974e-01 0
3.02788320452829107e-01 1.37615363366088601e-02 0
3.03023649693659969e-01 2.78349656576993166e-03 0
3.68938992550403799e-01 3.37409316919921251e-02 0
3.29422885097184925e-01 8.30080643809047274e-03 0
3.35102974667593811e-01 8.42151328619336961e-03 0
1.70989293596764153e-01 3.22399645047612218e-02 0
5.28610475787158030e-01 7.01002733899716290e-02 0
3.02722550894792330e-01 2.21920052416234076e-04 0
3.28009167604472185e-01 5.48054094984821213e-03 0
2.93005979060116051e-01 2.33802821273619774e-02 0
5.89739717801268382e-02 9.48550349847400026e-02 0
3.52651320951610170e-01 2.36067672386226363e-01 0
3.46472907189228463e-01 6.75062516689337588e-02 0
3.29586063888549219e-01 2.80263498045453096e-03 0
2.99100883388389582e-01 9.03087784608805019e-04 0
3.15532501943583177e-01 1.00301167917938548e-02 0
3.27089361456502026e-01 8.28866906441663373e-03 0
2.74565358313004326e-01 2.99988280094604272e-02 0
3.03009885719532801e-01 1.44597003529027424e-02 0
4.44438003773081070e-01 9.55935665105842047e-02 0
1.24767462754796152e-01 1.09415649940010199e-03 0
2.99221773025550253e-01 8.20354291303786783e-04 0
1.30763275065064632e-01 5.07379989314026003e-03 0
3.27547238147220199e-01 3.01140966207088644e-03 0
